756403196153583 I steps_per_m=26666.66601562 cart_step=2 cart_dir=3 enable=8 limits_connected=0 filter_write_ok=1
756403196719541 I home=0 enabled=0 travel_mm=300.000 vmax_mm_s=30.000 amax_mm_s2=300.000 jerk_mm_s3=3000.000
756403196830833 E 1811776429 INFO
756403196966875 E 1815021446 STREAM
756403197574791 D 0,1815022339,0,1547,1547,2.3730683,0.00000,-1,-1,-1,0,0,0,136,1,1,0,0.0000000,0.0000000,0.0000000,0,0,0,0
756403198347833 D 1,1815023339,1000,1547,1547,2.3730683,0.00000,-1,-1,-1,0,0,0,136,1,1,0,0.0000000,0.0000000,0.0000000,0,0,0,0
756403199308166 D 2,1815024339,1000,1547,1547,2.3730683,0.00000,-1,-1,-1,0,0,0,136,1,1,0,0.0000000,0.0000000,0.0000000,0,0,0,0
756403200242875 D 3,1815025339,1000,1547,1547,2.3730683,0.00000,-1,-1,-1,0,0,0,136,1,1,0,0.0000000,0.0000000,0.0000000,0,0,0,0
756403201243500 D 4,1815026339,1000,1547,1547,2.3730683,0.00000,-1,-1,-1,0,0,0,136,1,1,0,0.0000000,0.0000000,0.0000000,0,0,0,0
756403202211958 D 5,1815027339,1000,1547,1547,2.3730683,0.00000,-1,-1,-1,0,0,0,136,1,1,0,0.0000000,0.0000000,0.0000000,0,0,0,0
756403203265333 D 6,1815028339,1000,1547,1547,2.3730683,0.00000,-1,-1,-1,0,0,0,136,1,1,0,0.0000000,0.0000000,0.0000000,0,0,0,0
756403204380166 D 7,1815029339,1000,1547,1547,2.3730683,0.00000,-1,-1,-1,0,0,0,136,1,1,0,0.0000000,0.0000000,0.0000000,0,0,0,0
756403205263875 D 8,1815030339,1000,1547,1547,2.3730683,0.00000,-1,-1,-1,0,0,0,136,1,1,0,0.0000000,0.0000000,0.0000000,0,0,0,0
756403206335041 D 9,1815031339,1000,1547,1547,2.3730683,0.00000,-1,-1,-1,0,0,0,136,1,1,0,0.0000000,0.0000000,0.0000000,0,0,0,0
756403207332958 D 10,1815032339,1000,1547,1547,2.3730683,0.00000,-1,-1,-1,0,0,0,136,1,1,0,0.0000000,0.0000000,0.0000000,0,0,0,0
756403208190916 D 11,1815033339,1000,1547,1547,2.3730683,0.00000,-1,-1,-1,0,0,0,136,1,1,0,0.0000000,0.0000000,0.0000000,0,0,0,0
756403209119333 D 12,1815034339,1000,1547,1547,2.3730683,0.00000,-1,-1,-1,0,0,0,136,1,1,0,0.0000000,0.0000000,0.0000000,0,0,0,0
756403210108875 D 13,1815035339,1000,1547,1547,2.3730683,0.00000,-1,-1,-1,0,0,0,136,1,1,0,0.0000000,0.0000000,0.0000000,0,0,0,0
756403211137875 D 14,1815036339,1000,1547,1547,2.3730683,0.00000,-1,-1,-1,0,0,0,136,1,1,0,0.0000000,0.0000000,0.0000000,0,0,0,0
756403212127125 D 15,1815037339,1000,1547,1547,2.3730683,0.00000,-1,-1,-1,0,0,0,136,1,1,0,0.0000000,0.0000000,0.0000000,0,0,0,0
756403213123083 D 16,1815038339,1000,1547,1547,2.3730683,0.00000,-1,-1,-1,0,0,0,136,1,1,0,0.0000000,0.0000000,0.0000000,0,0,0,0
756403214108750 D 17,1815039339,1000,1547,1547,2.3730683,0.00000,-1,-1,-1,0,0,0,136,1,1,0,0.0000000,0.0000000,0.0000000,0,0,0,0
756403215110416 D 18,1815040339,1000,1547,1547,2.3730683,0.00000,-1,-1,-1,0,0,0,136,1,1,0,0.0000000,0.0000000,0.0000000,0,0,0,0
756403216112666 D 19,1815041339,1000,1547,1547,2.3730683,0.00000,-1,-1,-1,0,0,0,136,1,1,0,0.0000000,0.0000000,0.0000000,0,0,0,0
756403217099791 D 20,1815042339,1000,1547,1547,2.3730683,0.00000,-1,-1,-1,0,0,0,136,1,1,0,0.0000000,0.0000000,0.0000000,0,0,0,0
756403218110750 D 21,1815043339,1000,1547,1547,2.3730683,0.00000,-1,-1,-1,0,0,0,136,1,1,0,0.0000000,0.0000000,0.0000000,0,0,0,0
756403219103958 D 22,1815044339,1000,1547,1547,2.3730683,0.00000,-1,-1,-1,0,0,0,136,1,1,0,0.0000000,0.0000000,0.0000000,0,0,0,0
756403220118958 D 23,1815045339,1000,1547,1547,2.3730683,0.00000,-1,-1,-1,0,0,0,136,1,1,0,0.0000000,0.0000000,0.0000000,0,0,0,0
756403221110125 D 24,1815046339,1000,1547,1547,2.3730683,0.00000,-1,-1,-1,0,0,0,136,1,1,0,0.0000000,0.0000000,0.0000000,0,0,0,0
756403222123958 D 25,1815047339,1000,1547,1547,2.3730683,0.00000,-1,-1,-1,0,0,0,136,1,1,0,0.0000000,0.0000000,0.0000000,0,0,0,0
756403223134791 D 26,1815048339,1000,1547,1547,2.3730683,0.00000,-1,-1,-1,0,0,0,136,1,1,0,0.0000000,0.0000000,0.0000000,0,0,0,0
756403224167250 D 27,1815049339,1000,1547,1547,2.3730683,0.00000,-1,-1,-1,0,0,0,136,1,1,0,0.0000000,0.0000000,0.0000000,0,0,0,0
756403225113291 D 28,1815050339,1000,1547,1547,2.3730683,0.00000,-1,-1,-1,0,0,0,136,1,1,0,0.0000000,0.0000000,0.0000000,0,0,0,0
756403226172416 D 29,1815051339,1000,1547,1547,2.3730683,0.00000,-1,-1,-1,0,0,0,136,1,1,0,0.0000000,0.0000000,0.0000000,0,0,0,0
756403227518916 D 30,1815052339,1000,1547,1547,2.3730683,0.00000,39,126,2064,0,0,0,136,1,1,0,0.0000000,0.0000000,0.0000000,0,0,0,0
756403228113208 D 31,1815053339,1000,1547,1547,2.3730683,0.00000,-1,-1,-1,0,0,0,136,1,1,0,0.0000000,0.0000000,0.0000000,0,0,0,0
756403229187500 D 32,1815054339,1000,1547,1547,2.3730683,0.00000,-1,-1,-1,0,0,0,136,1,1,0,0.0000000,0.0000000,0.0000000,0,0,0,0
756403230144125 D 33,1815055339,1000,1547,1547,2.3730683,0.00000,-1,-1,-1,0,0,0,136,1,1,0,0.0000000,0.0000000,0.0000000,0,0,0,0
756403231106916 D 34,1815056339,1000,1547,1547,2.3730683,0.00000,-1,-1,-1,0,0,0,136,1,1,0,0.0000000,0.0000000,0.0000000,0,0,0,0
756403232005458 D 35,1815057339,1000,1547,1547,2.3730683,0.00000,-1,-1,-1,0,0,0,136,1,1,0,0.0000000,0.0000000,0.0000000,0,0,0,0
756403232933708 D 36,1815058339,1000,1547,1547,2.3730683,0.00000,-1,-1,-1,0,0,0,136,1,1,0,0.0000000,0.0000000,0.0000000,0,0,0,0
756403233940458 D 37,1815059339,1000,1547,1547,2.3730683,0.00000,-1,-1,-1,0,0,0,136,1,1,0,0.0000000,0.0000000,0.0000000,0,0,0,0
756403234928125 D 38,1815060339,1000,1547,1547,2.3730683,0.00000,-1,-1,-1,0,0,0,136,1,1,0,0.0000000,0.0000000,0.0000000,0,0,0,0
756403235928625 D 39,1815061339,1000,1547,1547,2.3730683,0.00000,-1,-1,-1,0,0,0,136,1,1,0,0.0000000,0.0000000,0.0000000,0,0,0,0
756403236927333 D 40,1815062339,1000,1547,1547,2.3730683,0.00000,-1,-1,-1,0,0,0,136,1,1,0,0.0000000,0.0000000,0.0000000,0,0,0,0
756403237916875 D 41,1815063339,1000,1547,1547,2.3730683,0.00000,-1,-1,-1,0,0,0,136,1,1,0,0.0000000,0.0000000,0.0000000,0,0,0,0
756403238917583 D 42,1815064339,1000,1547,1547,2.3730683,0.00000,-1,-1,-1,0,0,0,136,1,1,0,0.0000000,0.0000000,0.0000000,0,0,0,0
756403239920458 D 43,1815065339,1000,1547,1547,2.3730683,0.00000,-1,-1,-1,0,0,0,136,1,1,0,0.0000000,0.0000000,0.0000000,0,0,0,0
756403240926583 D 44,1815066339,1000,1547,1547,2.3730683,0.00000,-1,-1,-1,0,0,0,136,1,1,0,0.0000000,0.0000000,0.0000000,0,0,0,0
756403241981875 D 45,1815067339,1000,1547,1547,2.3730683,0.00000,-1,-1,-1,0,0,0,136,1,1,0,0.0000000,0.0000000,0.0000000,0,0,0,0
756403242930458 D 46,1815068339,1000,1547,1547,2.3730683,0.00000,-1,-1,-1,0,0,0,136,1,1,0,0.0000000,0.0000000,0.0000000,0,0,0,0
756403243924250 D 47,1815069339,1000,1547,1547,2.3730683,0.00000,-1,-1,-1,0,0,0,136,1,1,0,0.0000000,0.0000000,0.0000000,0,0,0,0
756403245216375 D 48,1815070339,1000,1547,1547,2.3730683,0.00000,-1,-1,-1,0,0,0,136,1,1,0,0.0000000,0.0000000,0.0000000,0,0,0,0
756403246186666 D 49,1815071339,1000,1547,1547,2.3730683,0.00000,-1,-1,-1,0,0,0,136,1,1,0,0.0000000,0.0000000,0.0000000,0,0,0,0
756403247197000 D 50,1815072339,1000,1547,1547,2.3730683,0.00000,-1,-1,-1,0,0,0,136,1,1,0,0.0000000,0.0000000,0.0000000,0,0,0,0
756403248194125 D 51,1815073339,1000,1547,1547,2.3730683,0.00000,-1,-1,-1,0,0,0,136,1,1,0,0.0000000,0.0000000,0.0000000,0,0,0,0
756403249190250 D 52,1815074339,1000,1547,1547,2.3730683,0.00000,-1,-1,-1,0,0,0,136,1,1,0,0.0000000,0.0000000,0.0000000,0,0,0,0
756403250183750 D 53,1815075339,1000,1547,1547,2.3730683,0.00000,-1,-1,-1,0,0,0,136,1,1,0,0.0000000,0.0000000,0.0000000,0,0,0,0
756403251169541 D 54,1815076339,1000,1547,1547,2.3730683,0.00000,-1,-1,-1,0,0,0,136,1,1,0,0.0000000,0.0000000,0.0000000,0,0,0,0
756403252181250 D 55,1815077339,1000,1547,1547,2.3730683,0.00000,-1,-1,-1,0,0,0,136,1,1,0,0.0000000,0.0000000,0.0000000,0,0,0,0
756403253176791 D 56,1815078339,1000,1547,1547,2.3730683,0.00000,-1,-1,-1,0,0,0,136,1,1,0,0.0000000,0.0000000,0.0000000,0,0,0,0
756403254204666 D 57,1815079339,1000,1547,1547,2.3730683,0.00000,-1,-1,-1,0,0,0,136,1,1,0,0.0000000,0.0000000,0.0000000,0,0,0,0
756403255174708 D 58,1815080339,1000,1547,1547,2.3730683,0.00000,-1,-1,-1,0,0,0,136,1,1,0,0.0000000,0.0000000,0.0000000,0,0,0,0
756403256183375 D 59,1815081339,1000,1547,1547,2.3730683,0.00000,-1,-1,-1,0,0,0,136,1,1,0,0.0000000,0.0000000,0.0000000,0,0,0,0
756403257220458 D 60,1815082339,1000,1547,1547,2.3730683,0.00000,-1,-1,-1,0,0,0,136,1,1,0,0.0000000,0.0000000,0.0000000,0,0,0,0
756403258191500 D 61,1815083339,1000,1547,1547,2.3730683,0.00000,-1,-1,-1,0,0,0,136,1,1,0,0.0000000,0.0000000,0.0000000,0,0,0,0
756403259195083 D 62,1815084339,1000,1547,1547,2.3730683,0.00000,-1,-1,-1,0,0,0,136,1,1,0,0.0000000,0.0000000,0.0000000,0,0,0,0
756403260186166 D 63,1815085339,1000,1547,1547,2.3730683,0.00000,-1,-1,-1,0,0,0,136,1,1,0,0.0000000,0.0000000,0.0000000,0,0,0,0
756403261226666 D 64,1815086339,1000,1547,1547,2.3730683,0.00000,-1,-1,-1,0,0,0,136,1,1,0,0.0000000,0.0000000,0.0000000,0,0,0,0
756403262191000 D 65,1815087339,1000,1547,1547,2.3730683,0.00000,-1,-1,-1,0,0,0,136,1,1,0,0.0000000,0.0000000,0.0000000,0,0,0,0
756403263195000 D 66,1815088339,1000,1547,1547,2.3730683,0.00000,-1,-1,-1,0,0,0,136,1,1,0,0.0000000,0.0000000,0.0000000,0,0,0,0
756403264186541 D 67,1815089339,1000,1547,1547,2.3730683,0.00000,-1,-1,-1,0,0,0,136,1,1,0,0.0000000,0.0000000,0.0000000,0,0,0,0
756403265190791 D 68,1815090339,1000,1547,1547,2.3730683,0.00000,-1,-1,-1,0,0,0,136,1,1,0,0.0000000,0.0000000,0.0000000,0,0,0,0
756403266197625 D 69,1815091339,1000,1547,1547,2.3730683,0.00000,-1,-1,-1,0,0,0,136,1,1,0,0.0000000,0.0000000,0.0000000,0,0,0,0
756403267195125 D 70,1815092339,1000,1547,1547,2.3730683,0.00000,-1,-1,-1,0,0,0,136,1,1,0,0.0000000,0.0000000,0.0000000,0,0,0,0
756403268188458 D 71,1815093339,1000,1547,1547,2.3730683,0.00000,-1,-1,-1,0,0,0,136,1,1,0,0.0000000,0.0000000,0.0000000,0,0,0,0
756403269194041 D 72,1815094339,1000,1547,1547,2.3730683,0.00000,-1,-1,-1,0,0,0,136,1,1,0,0.0000000,0.0000000,0.0000000,0,0,0,0
756403270191250 D 73,1815095339,1000,1547,1547,2.3730683,0.00000,-1,-1,-1,0,0,0,136,1,1,0,0.0000000,0.0000000,0.0000000,0,0,0,0
756403271194791 D 74,1815096339,1000,1547,1547,2.3730683,0.00000,-1,-1,-1,0,0,0,136,1,1,0,0.0000000,0.0000000,0.0000000,0,0,0,0
756403272184791 D 75,1815097339,1000,1547,1547,2.3730683,0.00000,-1,-1,-1,0,0,0,136,1,1,0,0.0000000,0.0000000,0.0000000,0,0,0,0
756403273194458 D 76,1815098339,1000,1547,1547,2.3730683,0.00000,-1,-1,-1,0,0,0,136,1,1,0,0.0000000,0.0000000,0.0000000,0,0,0,0
756403274207500 D 77,1815099339,1000,1547,1547,2.3730683,0.00000,-1,-1,-1,0,0,0,136,1,1,0,0.0000000,0.0000000,0.0000000,0,0,0,0
756403275202250 D 78,1815100339,1000,1547,1547,2.3730683,0.00000,-1,-1,-1,0,0,0,136,1,1,0,0.0000000,0.0000000,0.0000000,0,0,0,0
756403276227458 D 79,1815101339,1000,1547,1547,2.3730683,0.00000,-1,-1,-1,0,0,0,136,1,1,0,0.0000000,0.0000000,0.0000000,0,0,0,0
756403277595416 D 80,1815102339,1000,1547,1547,2.3730683,0.00000,39,126,2065,0,0,0,136,1,1,0,0.0000000,0.0000000,0.0000000,0,0,0,0
756403278189416 D 81,1815103339,1000,1547,1547,2.3730683,0.00000,-1,-1,-1,0,0,0,136,1,1,0,0.0000000,0.0000000,0.0000000,0,0,0,0
756403279202750 D 82,1815104339,1000,1547,1547,2.3730683,0.00000,-1,-1,-1,0,0,0,136,1,1,0,0.0000000,0.0000000,0.0000000,0,0,0,0
756403280188208 D 83,1815105339,1000,1547,1547,2.3730683,0.00000,-1,-1,-1,0,0,0,136,1,1,0,0.0000000,0.0000000,0.0000000,0,0,0,0
756403281194625 D 84,1815106339,1000,1547,1547,2.3730683,0.00000,-1,-1,-1,0,0,0,136,1,1,0,0.0000000,0.0000000,0.0000000,0,0,0,0
756403282197000 D 85,1815107339,1000,1547,1547,2.3730683,0.00000,-1,-1,-1,0,0,0,136,1,1,0,0.0000000,0.0000000,0.0000000,0,0,0,0
756403283195208 D 86,1815108339,1000,1547,1547,2.3730683,0.00000,-1,-1,-1,0,0,0,136,1,1,0,0.0000000,0.0000000,0.0000000,0,0,0,0
756403284185916 D 87,1815109339,1000,1547,1547,2.3730683,0.00000,-1,-1,-1,0,0,0,136,1,1,0,0.0000000,0.0000000,0.0000000,0,0,0,0
756403285200833 D 88,1815110339,1000,1547,1547,2.3730683,0.00000,-1,-1,-1,0,0,0,136,1,1,0,0.0000000,0.0000000,0.0000000,0,0,0,0
756403286204375 D 89,1815111339,1000,1547,1547,2.3730683,0.00000,-1,-1,-1,0,0,0,136,1,1,0,0.0000000,0.0000000,0.0000000,0,0,0,0
756403287202541 D 90,1815112339,1000,1547,1547,2.3730683,0.00000,-1,-1,-1,0,0,0,136,1,1,0,0.0000000,0.0000000,0.0000000,0,0,0,0
756403288207125 D 91,1815113339,1000,1547,1547,2.3730683,0.00000,-1,-1,-1,0,0,0,136,1,1,0,0.0000000,0.0000000,0.0000000,0,0,0,0
756403289088083 D 92,1815114339,1000,1547,1547,2.3730683,0.00000,-1,-1,-1,0,0,0,136,1,1,0,0.0000000,0.0000000,0.0000000,0,0,0,0
756403290062666 D 93,1815115339,1000,1547,1547,2.3730683,0.00000,-1,-1,-1,0,0,0,136,1,1,0,0.0000000,0.0000000,0.0000000,0,0,0,0
756403291053125 D 94,1815116339,1000,1547,1547,2.3730683,0.00000,-1,-1,-1,0,0,0,136,1,1,0,0.0000000,0.0000000,0.0000000,0,0,0,0
756403292049875 D 95,1815117339,1000,1547,1547,2.3730683,0.00000,-1,-1,-1,0,0,0,136,1,1,0,0.0000000,0.0000000,0.0000000,0,0,0,0
756403293070041 D 96,1815118339,1000,1547,1547,2.3730683,0.00000,-1,-1,-1,0,0,0,136,1,1,0,0.0000000,0.0000000,0.0000000,0,0,0,0
756403294056958 D 97,1815119339,1000,1547,1547,2.3730683,0.00000,-1,-1,-1,0,0,0,136,1,1,0,0.0000000,0.0000000,0.0000000,0,0,0,0
756403295057458 D 98,1815120339,1000,1547,1547,2.3730683,0.00000,-1,-1,-1,0,0,0,136,1,1,0,0.0000000,0.0000000,0.0000000,0,0,0,0
756403296061375 D 99,1815121339,1000,1547,1547,2.3730683,0.00000,-1,-1,-1,0,0,0,136,1,1,0,0.0000000,0.0000000,0.0000000,0,0,0,0
756403297059416 D 100,1815122339,1000,1547,1547,2.3730683,0.00000,-1,-1,-1,0,0,0,136,1,1,0,0.0000000,0.0000000,0.0000000,0,0,0,0
756403298042500 D 101,1815123339,1000,1547,1547,2.3730683,0.00000,-1,-1,-1,0,0,0,136,1,1,0,0.0000000,0.0000000,0.0000000,0,0,0,0
756403299044375 D 102,1815124339,1000,1547,1547,2.3730683,0.00000,-1,-1,-1,0,0,0,136,1,1,0,0.0000000,0.0000000,0.0000000,0,0,0,0
756403300157666 D 103,1815125339,1000,1547,1547,2.3730683,0.00000,-1,-1,-1,0,0,0,136,1,1,0,0.0000000,0.0000000,0.0000000,0,0,0,0
756403301086125 D 104,1815126339,1000,1547,1547,2.3730683,0.00000,-1,-1,-1,0,0,0,136,1,1,0,0.0000000,0.0000000,0.0000000,0,0,0,0
756403302090666 D 105,1815127339,1000,1547,1547,2.3730683,0.00000,-1,-1,-1,0,0,0,136,1,1,0,0.0000000,0.0000000,0.0000000,0,0,0,0
756403303078541 D 106,1815128339,1000,1547,1547,2.3730683,0.00000,-1,-1,-1,0,0,0,136,1,1,0,0.0000000,0.0000000,0.0000000,0,0,0,0
756403304082416 D 107,1815129339,1000,1547,1547,2.3730683,0.00000,-1,-1,-1,0,0,0,136,1,1,0,0.0000000,0.0000000,0.0000000,0,0,0,0
756403305076583 D 108,1815130339,1000,1547,1547,2.3730683,0.00000,-1,-1,-1,0,0,0,136,1,1,0,0.0000000,0.0000000,0.0000000,0,0,0,0
756403306088375 D 109,1815131339,1000,1547,1547,2.3730683,0.00000,-1,-1,-1,0,0,0,136,1,1,0,0.0000000,0.0000000,0.0000000,0,0,0,0
756403307078458 D 110,1815132339,1000,1547,1547,2.3730683,0.00000,-1,-1,-1,0,0,0,136,1,1,0,0.0000000,0.0000000,0.0000000,0,0,0,0
756403308083958 D 111,1815133339,1000,1547,1547,2.3730683,0.00000,-1,-1,-1,0,0,0,136,1,1,0,0.0000000,0.0000000,0.0000000,0,0,0,0
756403309084375 D 112,1815134339,1000,1547,1547,2.3730683,0.00000,-1,-1,-1,0,0,0,136,1,1,0,0.0000000,0.0000000,0.0000000,0,0,0,0
756403310074375 D 113,1815135339,1000,1547,1547,2.3730683,0.00000,-1,-1,-1,0,0,0,136,1,1,0,0.0000000,0.0000000,0.0000000,0,0,0,0
756403311076041 D 114,1815136339,1000,1547,1547,2.3730683,0.00000,-1,-1,-1,0,0,0,136,1,1,0,0.0000000,0.0000000,0.0000000,0,0,0,0
756403312162666 D 115,1815137339,1000,1547,1547,2.3730683,0.00000,-1,-1,-1,0,0,0,136,1,1,0,0.0000000,0.0000000,0.0000000,0,0,0,0
756403313118041 D 116,1815138339,1000,1547,1547,2.3730683,0.00000,-1,-1,-1,0,0,0,136,1,1,0,0.0000000,0.0000000,0.0000000,0,0,0,0
756403314123375 D 117,1815139339,1000,1547,1547,2.3730683,0.00000,-1,-1,-1,0,0,0,136,1,1,0,0.0000000,0.0000000,0.0000000,0,0,0,0
756403315116666 D 118,1815140339,1000,1547,1547,2.3730683,0.00000,-1,-1,-1,0,0,0,136,1,1,0,0.0000000,0.0000000,0.0000000,0,0,0,0
756403316122208 D 119,1815141339,1000,1547,1547,2.3730683,0.00000,-1,-1,-1,0,0,0,136,1,1,0,0.0000000,0.0000000,0.0000000,0,0,0,0
756403317118000 D 120,1815142339,1000,1547,1547,2.3730683,0.00000,-1,-1,-1,0,0,0,136,1,1,0,0.0000000,0.0000000,0.0000000,0,0,0,0
756403318133125 D 121,1815143339,1000,1547,1547,2.3730683,0.00000,-1,-1,-1,0,0,0,136,1,1,0,0.0000000,0.0000000,0.0000000,0,0,0,0
756403319110500 D 122,1815144339,1000,1547,1547,2.3730683,0.00000,-1,-1,-1,0,0,0,136,1,1,0,0.0000000,0.0000000,0.0000000,0,0,0,0
756403320116583 D 123,1815145339,1000,1547,1547,2.3730683,0.00000,-1,-1,-1,0,0,0,136,1,1,0,0.0000000,0.0000000,0.0000000,0,0,0,0
756403321118916 D 124,1815146339,1000,1547,1547,2.3730683,0.00000,-1,-1,-1,0,0,0,136,1,1,0,0.0000000,0.0000000,0.0000000,0,0,0,0
756403322135166 D 125,1815147339,1000,1547,1547,2.3730683,0.00000,-1,-1,-1,0,0,0,136,1,1,0,0.0000000,0.0000000,0.0000000,0,0,0,0
756403323135916 D 126,1815148339,1000,1547,1547,2.3730683,0.00000,-1,-1,-1,0,0,0,136,1,1,0,0.0000000,0.0000000,0.0000000,0,0,0,0
756403324166583 D 127,1815149339,1000,1547,1547,2.3730683,0.00000,-1,-1,-1,0,0,0,136,1,1,0,0.0000000,0.0000000,0.0000000,0,0,0,0
756403325148791 D 128,1815150339,1000,1547,1547,2.3730683,0.00000,-1,-1,-1,0,0,0,136,1,1,0,0.0000000,0.0000000,0.0000000,0,0,0,0
756403326140125 D 129,1815151339,1000,1547,1547,2.3730683,0.00000,-1,-1,-1,0,0,0,136,1,1,0,0.0000000,0.0000000,0.0000000,0,0,0,0
756403327528375 D 130,1815152339,1000,1547,1547,2.3730683,0.00000,39,126,2065,0,0,0,136,1,1,0,0.0000000,0.0000000,0.0000000,0,0,0,0
756403328131500 D 131,1815153339,1000,1547,1547,2.3730683,0.00000,-1,-1,-1,0,0,0,136,1,1,0,0.0000000,0.0000000,0.0000000,0,0,0,0
756403329140166 D 132,1815154339,1000,1547,1547,2.3730683,0.00000,-1,-1,-1,0,0,0,136,1,1,0,0.0000000,0.0000000,0.0000000,0,0,0,0
756403330136833 D 133,1815155339,1000,1547,1547,2.3730683,0.00000,-1,-1,-1,0,0,0,136,1,1,0,0.0000000,0.0000000,0.0000000,0,0,0,0
756403331184375 D 134,1815156339,1000,1547,1547,2.3730683,0.00000,-1,-1,-1,0,0,0,136,1,1,0,0.0000000,0.0000000,0.0000000,0,0,0,0
756403332258750 D 135,1815157339,1000,1547,1547,2.3730683,0.00000,-1,-1,-1,0,0,0,136,1,1,0,0.0000000,0.0000000,0.0000000,0,0,0,0
756403333219375 D 136,1815158339,1000,1547,1547,2.3730683,0.00000,-1,-1,-1,0,0,0,136,1,1,0,0.0000000,0.0000000,0.0000000,0,0,0,0
756403334376208 D 137,1815159339,1000,1547,1547,2.3730683,0.00000,-1,-1,-1,0,0,0,136,1,1,0,0.0000000,0.0000000,0.0000000,0,0,0,0
756403335307083 D 138,1815160339,1000,1547,1547,2.3730683,0.00000,-1,-1,-1,0,0,0,136,1,1,0,0.0000000,0.0000000,0.0000000,0,0,0,0
756403336313625 D 139,1815161339,1000,1547,1547,2.3730683,0.00000,-1,-1,-1,0,0,0,136,1,1,0,0.0000000,0.0000000,0.0000000,0,0,0,0
756403337265250 D 140,1815162339,1000,1547,1547,2.3730683,0.00000,-1,-1,-1,0,0,0,136,1,1,0,0.0000000,0.0000000,0.0000000,0,0,0,0
756403338255375 D 141,1815163339,1000,1547,1547,2.3730683,0.00000,-1,-1,-1,0,0,0,136,1,1,0,0.0000000,0.0000000,0.0000000,0,0,0,0
756403339228958 D 142,1815164339,1000,1547,1547,2.3730683,0.00000,-1,-1,-1,0,0,0,136,1,1,0,0.0000000,0.0000000,0.0000000,0,0,0,0
756403340209500 D 143,1815165339,1000,1547,1547,2.3730683,0.00000,-1,-1,-1,0,0,0,136,1,1,0,0.0000000,0.0000000,0.0000000,0,0,0,0
756403341217333 D 144,1815166339,1000,1547,1547,2.3730683,0.00000,-1,-1,-1,0,0,0,136,1,1,0,0.0000000,0.0000000,0.0000000,0,0,0,0
756403342234625 D 145,1815167339,1000,1547,1547,2.3730683,0.00000,-1,-1,-1,0,0,0,136,1,1,0,0.0000000,0.0000000,0.0000000,0,0,0,0
756403343278291 D 146,1815168339,1000,1547,1547,2.3730683,0.00000,-1,-1,-1,0,0,0,136,1,1,0,0.0000000,0.0000000,0.0000000,0,0,0,0
756403344236875 D 147,1815169339,1000,1547,1547,2.3730683,0.00000,-1,-1,-1,0,0,0,136,1,1,0,0.0000000,0.0000000,0.0000000,0,0,0,0
756403345244625 D 148,1815170339,1000,1547,1547,2.3730683,0.00000,-1,-1,-1,0,0,0,136,1,1,0,0.0000000,0.0000000,0.0000000,0,0,0,0
756403346227333 D 149,1815171339,1000,1547,1547,2.3730683,0.00000,-1,-1,-1,0,0,0,136,1,1,0,0.0000000,0.0000000,0.0000000,0,0,0,0
756403347219791 D 150,1815172339,1000,1547,1547,2.3730683,0.00000,-1,-1,-1,0,0,0,136,1,1,0,0.0000000,0.0000000,0.0000000,0,0,0,0
756403348236125 D 151,1815173339,1000,1547,1547,2.3730683,0.00000,-1,-1,-1,0,0,0,136,1,1,0,0.0000000,0.0000000,0.0000000,0,0,0,0
756403349241250 D 152,1815174339,1000,1547,1547,2.3730683,0.00000,-1,-1,-1,0,0,0,136,1,1,0,0.0000000,0.0000000,0.0000000,0,0,0,0
756403350255833 D 153,1815175339,1000,1547,1547,2.3730683,0.00000,-1,-1,-1,0,0,0,136,1,1,0,0.0000000,0.0000000,0.0000000,0,0,0,0
756403351212625 D 154,1815176339,1000,1547,1547,2.3730683,0.00000,-1,-1,-1,0,0,0,136,1,1,0,0.0000000,0.0000000,0.0000000,0,0,0,0
756403352225875 D 155,1815177339,1000,1547,1547,2.3730683,0.00000,-1,-1,-1,0,0,0,136,1,1,0,0.0000000,0.0000000,0.0000000,0,0,0,0
756403353207833 D 156,1815178339,1000,1547,1547,2.3730683,0.00000,-1,-1,-1,0,0,0,136,1,1,0,0.0000000,0.0000000,0.0000000,0,0,0,0
756403354212250 D 157,1815179339,1000,1547,1547,2.3730683,0.00000,-1,-1,-1,0,0,0,136,1,1,0,0.0000000,0.0000000,0.0000000,0,0,0,0
756403355210166 D 158,1815180339,1000,1547,1547,2.3730683,0.00000,-1,-1,-1,0,0,0,136,1,1,0,0.0000000,0.0000000,0.0000000,0,0,0,0
756403356209416 D 159,1815181339,1000,1547,1547,2.3730683,0.00000,-1,-1,-1,0,0,0,136,1,1,0,0.0000000,0.0000000,0.0000000,0,0,0,0
756403357210333 D 160,1815182339,1000,1547,1547,2.3730683,0.00000,-1,-1,-1,0,0,0,136,1,1,0,0.0000000,0.0000000,0.0000000,0,0,0,0
756403358220000 D 161,1815183339,1000,1547,1547,2.3730683,0.00000,-1,-1,-1,0,0,0,136,1,1,0,0.0000000,0.0000000,0.0000000,0,0,0,0
756403359237083 D 162,1815184339,1000,1547,1547,2.3730683,0.00000,-1,-1,-1,0,0,0,136,1,1,0,0.0000000,0.0000000,0.0000000,0,0,0,0
756403360211166 D 163,1815185339,1000,1547,1547,2.3730683,0.00000,-1,-1,-1,0,0,0,136,1,1,0,0.0000000,0.0000000,0.0000000,0,0,0,0
756403361199708 D 164,1815186339,1000,1547,1547,2.3730683,0.00000,-1,-1,-1,0,0,0,136,1,1,0,0.0000000,0.0000000,0.0000000,0,0,0,0
756403362203083 D 165,1815187339,1000,1547,1547,2.3730683,0.00000,-1,-1,-1,0,0,0,136,1,1,0,0.0000000,0.0000000,0.0000000,0,0,0,0
756403363212708 D 166,1815188339,1000,1547,1547,2.3730683,0.00000,-1,-1,-1,0,0,0,136,1,1,0,0.0000000,0.0000000,0.0000000,0,0,0,0
756403364211583 D 167,1815189339,1000,1547,1547,2.3730683,0.00000,-1,-1,-1,0,0,0,136,1,1,0,0.0000000,0.0000000,0.0000000,0,0,0,0
756403365206916 D 168,1815190339,1000,1547,1547,2.3730683,0.00000,-1,-1,-1,0,0,0,136,1,1,0,0.0000000,0.0000000,0.0000000,0,0,0,0
756403366207000 D 169,1815191339,1000,1547,1547,2.3730683,0.00000,-1,-1,-1,0,0,0,136,1,1,0,0.0000000,0.0000000,0.0000000,0,0,0,0
756403367209833 D 170,1815192339,1000,1547,1547,2.3730683,0.00000,-1,-1,-1,0,0,0,136,1,1,0,0.0000000,0.0000000,0.0000000,0,0,0,0
756403368231208 D 171,1815193339,1000,1547,1547,2.3730683,0.00000,-1,-1,-1,0,0,0,136,1,1,0,0.0000000,0.0000000,0.0000000,0,0,0,0
756403369223500 D 172,1815194339,1000,1547,1547,2.3730683,0.00000,-1,-1,-1,0,0,0,136,1,1,0,0.0000000,0.0000000,0.0000000,0,0,0,0
756403370232916 D 173,1815195339,1000,1547,1547,2.3730683,0.00000,-1,-1,-1,0,0,0,136,1,1,0,0.0000000,0.0000000,0.0000000,0,0,0,0
756403371231875 D 174,1815196339,1000,1547,1547,2.3730683,0.00000,-1,-1,-1,0,0,0,136,1,1,0,0.0000000,0.0000000,0.0000000,0,0,0,0
756403372217250 D 175,1815197339,1000,1547,1547,2.3730683,0.00000,-1,-1,-1,0,0,0,136,1,1,0,0.0000000,0.0000000,0.0000000,0,0,0,0
756403373253458 D 176,1815198339,1000,1547,1547,2.3730683,0.00000,-1,-1,-1,0,0,0,136,1,1,0,0.0000000,0.0000000,0.0000000,0,0,0,0
756403374293041 D 177,1815199339,1000,1547,1547,2.3730683,0.00000,-1,-1,-1,0,0,0,136,1,1,0,0.0000000,0.0000000,0.0000000,0,0,0,0
756403375243083 D 178,1815200339,1000,1547,1547,2.3730683,0.00000,-1,-1,-1,0,0,0,136,1,1,0,0.0000000,0.0000000,0.0000000,0,0,0,0
756403376229666 D 179,1815201339,1000,1547,1547,2.3730683,0.00000,-1,-1,-1,0,0,0,136,1,1,0,0.0000000,0.0000000,0.0000000,0,0,0,0
756403377656416 D 180,1815202339,1000,1547,1547,2.3730683,0.00000,39,126,2065,0,0,0,136,1,1,0,0.0000000,0.0000000,0.0000000,0,0,0,0
756403378268500 D 181,1815203339,1000,1547,1547,2.3730683,0.00000,-1,-1,-1,0,0,0,136,1,1,0,0.0000000,0.0000000,0.0000000,0,0,0,0
756403379213291 D 182,1815204339,1000,1547,1547,2.3730683,0.00000,-1,-1,-1,0,0,0,136,1,1,0,0.0000000,0.0000000,0.0000000,0,0,0,0
756403380202791 D 183,1815205339,1000,1547,1547,2.3730683,0.00000,-1,-1,-1,0,0,0,136,1,1,0,0.0000000,0.0000000,0.0000000,0,0,0,0
756403381208291 D 184,1815206339,1000,1547,1547,2.3730683,0.00000,-1,-1,-1,0,0,0,136,1,1,0,0.0000000,0.0000000,0.0000000,0,0,0,0
756403382193666 D 185,1815207339,1000,1547,1547,2.3730683,0.00000,-1,-1,-1,0,0,0,136,1,1,0,0.0000000,0.0000000,0.0000000,0,0,0,0
756403383202291 D 186,1815208339,1000,1547,1547,2.3730683,0.00000,-1,-1,-1,0,0,0,136,1,1,0,0.0000000,0.0000000,0.0000000,0,0,0,0
756403384197125 D 187,1815209339,1000,1547,1547,2.3730683,0.00000,-1,-1,-1,0,0,0,136,1,1,0,0.0000000,0.0000000,0.0000000,0,0,0,0
756403385222375 D 188,1815210339,1000,1547,1547,2.3730683,0.00000,-1,-1,-1,0,0,0,136,1,1,0,0.0000000,0.0000000,0.0000000,0,0,0,0
756403386205041 D 189,1815211339,1000,1547,1547,2.3730683,0.00000,-1,-1,-1,0,0,0,136,1,1,0,0.0000000,0.0000000,0.0000000,0,0,0,0
756403387445500 D 190,1815212339,1000,1547,1547,2.3730683,0.00000,-1,-1,-1,0,0,0,136,1,1,0,0.0000000,0.0000000,0.0000000,0,0,0,0
756403388424750 D 191,1815213339,1000,1547,1547,2.3730683,0.00000,-1,-1,-1,0,0,0,136,1,1,0,0.0000000,0.0000000,0.0000000,0,0,0,0
756403389429250 D 192,1815214339,1000,1547,1547,2.3730683,0.00000,-1,-1,-1,0,0,0,136,1,1,0,0.0000000,0.0000000,0.0000000,0,0,0,0
756403390250541 D 193,1815215339,1000,1547,1547,2.3730683,0.00000,-1,-1,-1,0,0,0,136,1,1,0,0.0000000,0.0000000,0.0000000,0,0,0,0
756403391217750 D 194,1815216339,1000,1547,1547,2.3730683,0.00000,-1,-1,-1,0,0,0,136,1,1,0,0.0000000,0.0000000,0.0000000,0,0,0,0
756403392211208 D 195,1815217339,1000,1547,1547,2.3730683,0.00000,-1,-1,-1,0,0,0,136,1,1,0,0.0000000,0.0000000,0.0000000,0,0,0,0
756403393208125 D 196,1815218339,1000,1547,1547,2.3730683,0.00000,-1,-1,-1,0,0,0,136,1,1,0,0.0000000,0.0000000,0.0000000,0,0,0,0
756403394208250 D 197,1815219339,1000,1547,1547,2.3730683,0.00000,-1,-1,-1,0,0,0,136,1,1,0,0.0000000,0.0000000,0.0000000,0,0,0,0
756403395202583 D 198,1815220339,1000,1547,1547,2.3730683,0.00000,-1,-1,-1,0,0,0,136,1,1,0,0.0000000,0.0000000,0.0000000,0,0,0,0
756403396218625 D 199,1815221339,1000,1547,1547,2.3730683,0.00000,-1,-1,-1,0,0,0,136,1,1,0,0.0000000,0.0000000,0.0000000,0,0,0,0
756403397283500 D 200,1815222339,1000,1547,1547,2.3730683,0.00000,-1,-1,-1,0,0,0,136,1,1,0,0.0000000,0.0000000,0.0000000,0,0,0,0
756403398329333 D 201,1815223339,1000,1547,1547,2.3730683,0.00000,-1,-1,-1,0,0,0,136,1,1,0,0.0000000,0.0000000,0.0000000,0,0,0,0
756403399276958 D 202,1815224339,1000,1547,1547,2.3730683,0.00000,-1,-1,-1,0,0,0,136,1,1,0,0.0000000,0.0000000,0.0000000,0,0,0,0
756403400234416 D 203,1815225339,1000,1547,1547,2.3730683,0.00000,-1,-1,-1,0,0,0,136,1,1,0,0.0000000,0.0000000,0.0000000,0,0,0,0
756403401221166 D 204,1815226339,1000,1547,1547,2.3730683,0.00000,-1,-1,-1,0,0,0,136,1,1,0,0.0000000,0.0000000,0.0000000,0,0,0,0
756403402216708 D 205,1815227339,1000,1547,1547,2.3730683,0.00000,-1,-1,-1,0,0,0,136,1,1,0,0.0000000,0.0000000,0.0000000,0,0,0,0
756403403212291 D 206,1815228339,1000,1547,1547,2.3730683,0.00000,-1,-1,-1,0,0,0,136,1,1,0,0.0000000,0.0000000,0.0000000,0,0,0,0
756403404216833 D 207,1815229339,1000,1547,1547,2.3730683,0.00000,-1,-1,-1,0,0,0,136,1,1,0,0.0000000,0.0000000,0.0000000,0,0,0,0
756403405214833 D 208,1815230339,1000,1547,1547,2.3730683,0.00000,-1,-1,-1,0,0,0,136,1,1,0,0.0000000,0.0000000,0.0000000,0,0,0,0
756403406242875 D 209,1815231339,1000,1547,1547,2.3730683,0.00000,-1,-1,-1,0,0,0,136,1,1,0,0.0000000,0.0000000,0.0000000,0,0,0,0
756403407302291 D 210,1815232339,1000,1547,1547,2.3730683,0.00000,-1,-1,-1,0,0,0,136,1,1,0,0.0000000,0.0000000,0.0000000,0,0,0,0
756403408346333 D 211,1815233339,1000,1547,1547,2.3730683,0.00000,-1,-1,-1,0,0,0,136,1,1,0,0.0000000,0.0000000,0.0000000,0,0,0,0
756403409282458 D 212,1815234339,1000,1547,1547,2.3730683,0.00000,-1,-1,-1,0,0,0,136,1,1,0,0.0000000,0.0000000,0.0000000,0,0,0,0
756403410262708 D 213,1815235339,1000,1547,1547,2.3730683,0.00000,-1,-1,-1,0,0,0,136,1,1,0,0.0000000,0.0000000,0.0000000,0,0,0,0
756403411257916 D 214,1815236339,1000,1547,1547,2.3730683,0.00000,-1,-1,-1,0,0,0,136,1,1,0,0.0000000,0.0000000,0.0000000,0,0,0,0
756403412249958 D 215,1815237339,1000,1547,1547,2.3730683,0.00000,-1,-1,-1,0,0,0,136,1,1,0,0.0000000,0.0000000,0.0000000,0,0,0,0
756403413375000 D 216,1815238339,1000,1547,1547,2.3730683,0.00000,-1,-1,-1,0,0,0,136,1,1,0,0.0000000,0.0000000,0.0000000,0,0,0,0
756403414267541 D 217,1815239339,1000,1547,1547,2.3730683,0.00000,-1,-1,-1,0,0,0,136,1,1,0,0.0000000,0.0000000,0.0000000,0,0,0,0
756403415341041 D 218,1815240339,1000,1547,1547,2.3730683,0.00000,-1,-1,-1,0,0,0,136,1,1,0,0.0000000,0.0000000,0.0000000,0,0,0,0
756403416339333 D 219,1815241339,1000,1547,1547,2.3730683,0.00000,-1,-1,-1,0,0,0,136,1,1,0,0.0000000,0.0000000,0.0000000,0,0,0,0
756403417288291 D 220,1815242339,1000,1547,1547,2.3730683,0.00000,-1,-1,-1,0,0,0,136,1,1,0,0.0000000,0.0000000,0.0000000,0,0,0,0
756403418247250 D 221,1815243339,1000,1547,1547,2.3730683,0.00000,-1,-1,-1,0,0,0,136,1,1,0,0.0000000,0.0000000,0.0000000,0,0,0,0
756403419286958 D 222,1815244339,1000,1547,1547,2.3730683,0.00000,-1,-1,-1,0,0,0,136,1,1,0,0.0000000,0.0000000,0.0000000,0,0,0,0
756403420081250 D 223,1815245339,1000,1547,1547,2.3730683,0.00000,-1,-1,-1,0,0,0,136,1,1,0,0.0000000,0.0000000,0.0000000,0,0,0,0
756403421277083 D 224,1815246339,1000,1547,1547,2.3730683,0.00000,-1,-1,-1,0,0,0,136,1,1,0,0.0000000,0.0000000,0.0000000,0,0,0,0
756403422277000 D 225,1815247339,1000,1547,1547,2.3730683,0.00000,-1,-1,-1,0,0,0,136,1,1,0,0.0000000,0.0000000,0.0000000,0,0,0,0
756403423759250 D 226,1815248339,1000,1547,1547,2.3730683,0.00000,-1,-1,-1,0,0,0,136,1,1,0,0.0000000,0.0000000,0.0000000,0,0,0,0
756403424670041 D 227,1815249339,1000,1547,1547,2.3730683,0.00000,-1,-1,-1,0,0,0,136,1,1,0,0.0000000,0.0000000,0.0000000,0,0,0,0
756403425454833 D 228,1815250339,1000,1547,1547,2.3730683,0.00000,-1,-1,-1,0,0,0,136,1,1,0,0.0000000,0.0000000,0.0000000,0,0,0,0
756403426287541 D 229,1815251339,1000,1547,1547,2.3730683,0.00000,-1,-1,-1,0,0,0,136,1,1,0,0.0000000,0.0000000,0.0000000,0,0,0,0
756403427911416 D 230,1815252339,1000,1547,1547,2.3730683,0.00000,39,126,2064,0,0,0,136,1,1,0,0.0000000,0.0000000,0.0000000,0,0,0,0
756403428692541 D 231,1815253339,1000,1547,1547,2.3730683,0.00000,-1,-1,-1,0,0,0,136,1,1,0,0.0000000,0.0000000,0.0000000,0,0,0,0
756403429439541 D 232,1815254339,1000,1547,1547,2.3730683,0.00000,-1,-1,-1,0,0,0,136,1,1,0,0.0000000,0.0000000,0.0000000,0,0,0,0
756403430321375 D 233,1815255339,1000,1547,1547,2.3730683,0.00000,-1,-1,-1,0,0,0,136,1,1,0,0.0000000,0.0000000,0.0000000,0,0,0,0
756403431287458 D 234,1815256339,1000,1547,1547,2.3730683,0.00000,-1,-1,-1,0,0,0,136,1,1,0,0.0000000,0.0000000,0.0000000,0,0,0,0
756403432293375 D 235,1815257339,1000,1547,1547,2.3730683,0.00000,-1,-1,-1,0,0,0,136,1,1,0,0.0000000,0.0000000,0.0000000,0,0,0,0
756403433298541 D 236,1815258339,1000,1547,1547,2.3730683,0.00000,-1,-1,-1,0,0,0,136,1,1,0,0.0000000,0.0000000,0.0000000,0,0,0,0
756403434273833 D 237,1815259339,1000,1547,1547,2.3730683,0.00000,-1,-1,-1,0,0,0,136,1,1,0,0.0000000,0.0000000,0.0000000,0,0,0,0
756403435307125 D 238,1815260339,1000,1547,1547,2.3730683,0.00000,-1,-1,-1,0,0,0,136,1,1,0,0.0000000,0.0000000,0.0000000,0,0,0,0
756403436293708 D 239,1815261339,1000,1547,1547,2.3730683,0.00000,-1,-1,-1,0,0,0,136,1,1,0,0.0000000,0.0000000,0.0000000,0,0,0,0
756403437328375 D 240,1815262339,1000,1547,1547,2.3730683,0.00000,-1,-1,-1,0,0,0,136,1,1,0,0.0000000,0.0000000,0.0000000,0,0,0,0
756403438294625 D 241,1815263339,1000,1547,1547,2.3730683,0.00000,-1,-1,-1,0,0,0,136,1,1,0,0.0000000,0.0000000,0.0000000,0,0,0,0
756403439292916 D 242,1815264339,1000,1547,1547,2.3730683,0.00000,-1,-1,-1,0,0,0,136,1,1,0,0.0000000,0.0000000,0.0000000,0,0,0,0
756403440274875 D 243,1815265339,1000,1547,1547,2.3730683,0.00000,-1,-1,-1,0,0,0,136,1,1,0,0.0000000,0.0000000,0.0000000,0,0,0,0
756403441284583 D 244,1815266339,1000,1547,1547,2.3730683,0.00000,-1,-1,-1,0,0,0,136,1,1,0,0.0000000,0.0000000,0.0000000,0,0,0,0
756403442251041 D 245,1815267339,1000,1547,1547,2.3730683,0.00000,-1,-1,-1,0,0,0,136,1,1,0,0.0000000,0.0000000,0.0000000,0,0,0,0
756403443292708 D 246,1815268339,1000,1547,1547,2.3730683,0.00000,-1,-1,-1,0,0,0,136,1,1,0,0.0000000,0.0000000,0.0000000,0,0,0,0
756403444246416 D 247,1815269339,1000,1547,1547,2.3730683,0.00000,-1,-1,-1,0,0,0,136,1,1,0,0.0000000,0.0000000,0.0000000,0,0,0,0
756403445303500 D 248,1815270339,1000,1547,1547,2.3730683,0.00000,-1,-1,-1,0,0,0,136,1,1,0,0.0000000,0.0000000,0.0000000,0,0,0,0
756403446275416 D 249,1815271339,1000,1547,1547,2.3730683,0.00000,-1,-1,-1,0,0,0,136,1,1,0,0.0000000,0.0000000,0.0000000,0,0,0,0
756403447287000 D 250,1815272339,1000,1547,1547,2.3730683,0.00000,-1,-1,-1,0,0,0,136,1,1,0,0.0000000,0.0000000,0.0000000,0,0,0,0
756403448356458 D 251,1815273339,1000,1547,1547,2.3730683,0.00000,-1,-1,-1,0,0,0,136,1,1,0,0.0000000,0.0000000,0.0000000,0,0,0,0
756403450003000 D 252,1815274339,1000,1547,1547,2.3730683,0.00000,-1,-1,-1,0,0,0,136,1,1,0,0.0000000,0.0000000,0.0000000,0,0,0,0
756403450690625 D 253,1815275339,1000,1547,1547,2.3730683,0.00000,-1,-1,-1,0,0,0,136,1,1,0,0.0000000,0.0000000,0.0000000,0,0,0,0
756403451311625 D 254,1815276339,1000,1547,1547,2.3730683,0.00000,-1,-1,-1,0,0,0,136,1,1,0,0.0000000,0.0000000,0.0000000,0,0,0,0
756403452353541 D 255,1815277339,1000,1547,1547,2.3730683,0.00000,-1,-1,-1,0,0,0,136,1,1,0,0.0000000,0.0000000,0.0000000,0,0,0,0
756403453370041 D 256,1815278339,1000,1547,1547,2.3730683,0.00000,-1,-1,-1,0,0,0,136,1,1,0,0.0000000,0.0000000,0.0000000,0,0,0,0
756403454267000 D 257,1815279339,1000,1547,1547,2.3730683,0.00000,-1,-1,-1,0,0,0,136,1,1,0,0.0000000,0.0000000,0.0000000,0,0,0,0
756403455236083 D 258,1815280339,1000,1547,1547,2.3730683,0.00000,-1,-1,-1,0,0,0,136,1,1,0,0.0000000,0.0000000,0.0000000,0,0,0,0
756403456257250 D 259,1815281339,1000,1547,1547,2.3730683,0.00000,-1,-1,-1,0,0,0,136,1,1,0,0.0000000,0.0000000,0.0000000,0,0,0,0
756403457228208 D 260,1815282339,1000,1547,1547,2.3730683,0.00000,-1,-1,-1,0,0,0,136,1,1,0,0.0000000,0.0000000,0.0000000,0,0,0,0
756403458194583 D 261,1815283339,1000,1547,1547,2.3730683,0.00000,-1,-1,-1,0,0,0,136,1,1,0,0.0000000,0.0000000,0.0000000,0,0,0,0
756403459225083 D 262,1815284339,1000,1547,1547,2.3730683,0.00000,-1,-1,-1,0,0,0,136,1,1,0,0.0000000,0.0000000,0.0000000,0,0,0,0
756403460183541 D 263,1815285339,1000,1547,1547,2.3730683,0.00000,-1,-1,-1,0,0,0,136,1,1,0,0.0000000,0.0000000,0.0000000,0,0,0,0
756403461192125 D 264,1815286339,1000,1547,1547,2.3730683,0.00000,-1,-1,-1,0,0,0,136,1,1,0,0.0000000,0.0000000,0.0000000,0,0,0,0
756403462189916 D 265,1815287339,1000,1547,1547,2.3730683,0.00000,-1,-1,-1,0,0,0,136,1,1,0,0.0000000,0.0000000,0.0000000,0,0,0,0
756403463202166 D 266,1815288339,1000,1547,1547,2.3730683,0.00000,-1,-1,-1,0,0,0,136,1,1,0,0.0000000,0.0000000,0.0000000,0,0,0,0
756403464160416 D 267,1815289339,1000,1547,1547,2.3730683,0.00000,-1,-1,-1,0,0,0,136,1,1,0,0.0000000,0.0000000,0.0000000,0,0,0,0
756403465167791 D 268,1815290339,1000,1547,1547,2.3730683,0.00000,-1,-1,-1,0,0,0,136,1,1,0,0.0000000,0.0000000,0.0000000,0,0,0,0
756403466209041 D 269,1815291339,1000,1547,1547,2.3730683,0.00000,-1,-1,-1,0,0,0,136,1,1,0,0.0000000,0.0000000,0.0000000,0,0,0,0
756403467147458 D 270,1815292339,1000,1547,1547,2.3730683,0.00000,-1,-1,-1,0,0,0,136,1,1,0,0.0000000,0.0000000,0.0000000,0,0,0,0
756403468197541 D 271,1815293339,1000,1547,1547,2.3730683,0.00000,-1,-1,-1,0,0,0,136,1,1,0,0.0000000,0.0000000,0.0000000,0,0,0,0
756403469192541 D 272,1815294339,1000,1547,1547,2.3730683,0.00000,-1,-1,-1,0,0,0,136,1,1,0,0.0000000,0.0000000,0.0000000,0,0,0,0
756403470208625 D 273,1815295339,1000,1547,1547,2.3730683,0.00000,-1,-1,-1,0,0,0,136,1,1,0,0.0000000,0.0000000,0.0000000,0,0,0,0
756403471172916 D 274,1815296339,1000,1547,1547,2.3730683,0.00000,-1,-1,-1,0,0,0,136,1,1,0,0.0000000,0.0000000,0.0000000,0,0,0,0
756403472253083 D 275,1815297339,1000,1547,1547,2.3730683,0.00000,-1,-1,-1,0,0,0,136,1,1,0,0.0000000,0.0000000,0.0000000,0,0,0,0
756403473259291 D 276,1815298339,1000,1547,1547,2.3730683,0.00000,-1,-1,-1,0,0,0,136,1,1,0,0.0000000,0.0000000,0.0000000,0,0,0,0
756403474259750 D 277,1815299339,1000,1547,1547,2.3730683,0.00000,-1,-1,-1,0,0,0,136,1,1,0,0.0000000,0.0000000,0.0000000,0,0,0,0
756403475236875 D 278,1815300339,1000,1547,1547,2.3730683,0.00000,-1,-1,-1,0,0,0,136,1,1,0,0.0000000,0.0000000,0.0000000,0,0,0,0
756403476282208 D 279,1815301339,1000,1547,1547,2.3730683,0.00000,-1,-1,-1,0,0,0,136,1,1,0,0.0000000,0.0000000,0.0000000,0,0,0,0
756403477760583 D 280,1815302339,1000,1547,1547,2.3730683,0.00000,39,126,2065,0,0,0,136,1,1,0,0.0000000,0.0000000,0.0000000,0,0,0,0
756403478376583 D 281,1815303339,1000,1547,1547,2.3730683,0.00000,-1,-1,-1,0,0,0,136,1,1,0,0.0000000,0.0000000,0.0000000,0,0,0,0
756403479230166 D 282,1815304339,1000,1547,1547,2.3730683,0.00000,-1,-1,-1,0,0,0,136,1,1,0,0.0000000,0.0000000,0.0000000,0,0,0,0
756403480231125 D 283,1815305339,1000,1547,1547,2.3730683,0.00000,-1,-1,-1,0,0,0,136,1,1,0,0.0000000,0.0000000,0.0000000,0,0,0,0
756403481257166 D 284,1815306339,1000,1547,1547,2.3730683,0.00000,-1,-1,-1,0,0,0,136,1,1,0,0.0000000,0.0000000,0.0000000,0,0,0,0
756403482264916 D 285,1815307339,1000,1547,1547,2.3730683,0.00000,-1,-1,-1,0,0,0,136,1,1,0,0.0000000,0.0000000,0.0000000,0,0,0,0
756403483311500 D 286,1815308339,1000,1547,1547,2.3730683,0.00000,-1,-1,-1,0,0,0,136,1,1,0,0.0000000,0.0000000,0.0000000,0,0,0,0
756403484275958 D 287,1815309339,1000,1547,1547,2.3730683,0.00000,-1,-1,-1,0,0,0,136,1,1,0,0.0000000,0.0000000,0.0000000,0,0,0,0
756403485248625 D 288,1815310339,1000,1547,1547,2.3730683,0.00000,-1,-1,-1,0,0,0,136,1,1,0,0.0000000,0.0000000,0.0000000,0,0,0,0
756403486239041 D 289,1815311339,1000,1547,1547,2.3730683,0.00000,-1,-1,-1,0,0,0,136,1,1,0,0.0000000,0.0000000,0.0000000,0,0,0,0
756403487234208 D 290,1815312339,1000,1547,1547,2.3730683,0.00000,-1,-1,-1,0,0,0,136,1,1,0,0.0000000,0.0000000,0.0000000,0,0,0,0
756403488247333 D 291,1815313339,1000,1547,1547,2.3730683,0.00000,-1,-1,-1,0,0,0,136,1,1,0,0.0000000,0.0000000,0.0000000,0,0,0,0
756403489251291 D 292,1815314339,1000,1547,1547,2.3730683,0.00000,-1,-1,-1,0,0,0,136,1,1,0,0.0000000,0.0000000,0.0000000,0,0,0,0
756403490267458 D 293,1815315339,1000,1547,1547,2.3730683,0.00000,-1,-1,-1,0,0,0,136,1,1,0,0.0000000,0.0000000,0.0000000,0,0,0,0
756403491453333 D 294,1815316339,1000,1547,1547,2.3730683,0.00000,-1,-1,-1,0,0,0,136,1,1,0,0.0000000,0.0000000,0.0000000,0,0,0,0
756403492438375 D 295,1815317339,1000,1547,1547,2.3730683,0.00000,-1,-1,-1,0,0,0,136,1,1,0,0.0000000,0.0000000,0.0000000,0,0,0,0
756403493363208 D 296,1815318339,1000,1547,1547,2.3730683,0.00000,-1,-1,-1,0,0,0,136,1,1,0,0.0000000,0.0000000,0.0000000,0,0,0,0
756403494501916 D 297,1815319339,1000,1547,1547,2.3730683,0.00000,-1,-1,-1,0,0,0,136,1,1,0,0.0000000,0.0000000,0.0000000,0,0,0,0
756403495426500 D 298,1815320339,1000,1547,1547,2.3730683,0.00000,-1,-1,-1,0,0,0,136,1,1,0,0.0000000,0.0000000,0.0000000,0,0,0,0
756403496355250 D 299,1815321339,1000,1547,1547,2.3730683,0.00000,-1,-1,-1,0,0,0,136,1,1,0,0.0000000,0.0000000,0.0000000,0,0,0,0
756403497392875 D 300,1815322339,1000,1547,1547,2.3730683,0.00000,-1,-1,-1,0,0,0,136,1,1,0,0.0000000,0.0000000,0.0000000,0,0,0,0
756403498435791 D 301,1815323339,1000,1547,1547,2.3730683,0.00000,-1,-1,-1,0,0,0,136,1,1,0,0.0000000,0.0000000,0.0000000,0,0,0,0
756403499578750 D 302,1815324339,1000,1547,1547,2.3730683,0.00000,-1,-1,-1,0,0,0,136,1,1,0,0.0000000,0.0000000,0.0000000,0,0,0,0
756403500426750 D 303,1815325339,1000,1547,1547,2.3730683,0.00000,-1,-1,-1,0,0,0,136,1,1,0,0.0000000,0.0000000,0.0000000,0,0,0,0
756403501237583 D 304,1815326339,1000,1547,1547,2.3730683,0.00000,-1,-1,-1,0,0,0,136,1,1,0,0.0000000,0.0000000,0.0000000,0,0,0,0
756403502191166 D 305,1815327339,1000,1547,1547,2.3730683,0.00000,-1,-1,-1,0,0,0,136,1,1,0,0.0000000,0.0000000,0.0000000,0,0,0,0
756403503222291 D 306,1815328339,1000,1547,1547,2.3730683,0.00000,-1,-1,-1,0,0,0,136,1,1,0,0.0000000,0.0000000,0.0000000,0,0,0,0
756403504174958 D 307,1815329339,1000,1547,1547,2.3730683,0.00000,-1,-1,-1,0,0,0,136,1,1,0,0.0000000,0.0000000,0.0000000,0,0,0,0
756403505169583 D 308,1815330339,1000,1547,1547,2.3730683,0.00000,-1,-1,-1,0,0,0,136,1,1,0,0.0000000,0.0000000,0.0000000,0,0,0,0
756403506170125 D 309,1815331339,1000,1547,1547,2.3730683,0.00000,-1,-1,-1,0,0,0,136,1,1,0,0.0000000,0.0000000,0.0000000,0,0,0,0
756403507205500 D 310,1815332339,1000,1547,1547,2.3730683,0.00000,-1,-1,-1,0,0,0,136,1,1,0,0.0000000,0.0000000,0.0000000,0,0,0,0
756403508175791 D 311,1815333339,1000,1547,1547,2.3730683,0.00000,-1,-1,-1,0,0,0,136,1,1,0,0.0000000,0.0000000,0.0000000,0,0,0,0
756403509160666 D 312,1815334339,1000,1547,1547,2.3730683,0.00000,-1,-1,-1,0,0,0,136,1,1,0,0.0000000,0.0000000,0.0000000,0,0,0,0
756403510202833 D 313,1815335339,1000,1547,1547,2.3730683,0.00000,-1,-1,-1,0,0,0,136,1,1,0,0.0000000,0.0000000,0.0000000,0,0,0,0
756403511247208 D 314,1815336339,1000,1547,1547,2.3730683,0.00000,-1,-1,-1,0,0,0,136,1,1,0,0.0000000,0.0000000,0.0000000,0,0,0,0
756403512249708 D 315,1815337339,1000,1547,1547,2.3730683,0.00000,-1,-1,-1,0,0,0,136,1,1,0,0.0000000,0.0000000,0.0000000,0,0,0,0
756403513217875 D 316,1815338339,1000,1547,1547,2.3730683,0.00000,-1,-1,-1,0,0,0,136,1,1,0,0.0000000,0.0000000,0.0000000,0,0,0,0
756403514183875 D 317,1815339339,1000,1547,1547,2.3730683,0.00000,-1,-1,-1,0,0,0,136,1,1,0,0.0000000,0.0000000,0.0000000,0,0,0,0
756403515380041 D 318,1815340339,1000,1547,1547,2.3730683,0.00000,-1,-1,-1,0,0,0,136,1,1,0,0.0000000,0.0000000,0.0000000,0,0,0,0
756403516307000 D 319,1815341339,1000,1547,1547,2.3730683,0.00000,-1,-1,-1,0,0,0,136,1,1,0,0.0000000,0.0000000,0.0000000,0,0,0,0
756403517289500 D 320,1815342339,1000,1547,1547,2.3730683,0.00000,-1,-1,-1,0,0,0,136,1,1,0,0.0000000,0.0000000,0.0000000,0,0,0,0
756403518284750 D 321,1815343339,1000,1547,1547,2.3730683,0.00000,-1,-1,-1,0,0,0,136,1,1,0,0.0000000,0.0000000,0.0000000,0,0,0,0
756403519244458 D 322,1815344339,1000,1547,1547,2.3730683,0.00000,-1,-1,-1,0,0,0,136,1,1,0,0.0000000,0.0000000,0.0000000,0,0,0,0
756403520242333 D 323,1815345339,1000,1547,1547,2.3730683,0.00000,-1,-1,-1,0,0,0,136,1,1,0,0.0000000,0.0000000,0.0000000,0,0,0,0
756403521228208 D 324,1815346339,1000,1547,1547,2.3730683,0.00000,-1,-1,-1,0,0,0,136,1,1,0,0.0000000,0.0000000,0.0000000,0,0,0,0
756403522236958 D 325,1815347339,1000,1547,1547,2.3730683,0.00000,-1,-1,-1,0,0,0,136,1,1,0,0.0000000,0.0000000,0.0000000,0,0,0,0
756403523221625 D 326,1815348339,1000,1547,1547,2.3730683,0.00000,-1,-1,-1,0,0,0,136,1,1,0,0.0000000,0.0000000,0.0000000,0,0,0,0
756403524254166 D 327,1815349339,1000,1547,1547,2.3730683,0.00000,-1,-1,-1,0,0,0,136,1,1,0,0.0000000,0.0000000,0.0000000,0,0,0,0
756403525329791 D 328,1815350339,1000,1547,1547,2.3730683,0.00000,-1,-1,-1,0,0,0,136,1,1,0,0.0000000,0.0000000,0.0000000,0,0,0,0
756403526398833 D 329,1815351339,1000,1547,1547,2.3730683,0.00000,-1,-1,-1,0,0,0,136,1,1,0,0.0000000,0.0000000,0.0000000,0,0,0,0
756403527724875 D 330,1815352339,1000,1547,1547,2.3730683,0.00000,39,126,2063,0,0,0,136,1,1,0,0.0000000,0.0000000,0.0000000,0,0,0,0
756403528362041 D 331,1815353339,1000,1547,1547,2.3730683,0.00000,-1,-1,-1,0,0,0,136,1,1,0,0.0000000,0.0000000,0.0000000,0,0,0,0
756403529273541 D 332,1815354339,1000,1547,1547,2.3730683,0.00000,-1,-1,-1,0,0,0,136,1,1,0,0.0000000,0.0000000,0.0000000,0,0,0,0
756403530296500 D 333,1815355339,1000,1547,1547,2.3730683,0.00000,-1,-1,-1,0,0,0,136,1,1,0,0.0000000,0.0000000,0.0000000,0,0,0,0
756403531358250 D 334,1815356339,1000,1547,1547,2.3730683,0.00000,-1,-1,-1,0,0,0,136,1,1,0,0.0000000,0.0000000,0.0000000,0,0,0,0
756403532368083 D 335,1815357339,1000,1547,1547,2.3730683,0.00000,-1,-1,-1,0,0,0,136,1,1,0,0.0000000,0.0000000,0.0000000,0,0,0,0
756403533455583 D 336,1815358339,1000,1547,1547,2.3730683,0.00000,-1,-1,-1,0,0,0,136,1,1,0,0.0000000,0.0000000,0.0000000,0,0,0,0
756403534354208 D 337,1815359339,1000,1547,1547,2.3730683,0.00000,-1,-1,-1,0,0,0,136,1,1,0,0.0000000,0.0000000,0.0000000,0,0,0,0
756403535288458 D 338,1815360339,1000,1547,1547,2.3730683,0.00000,-1,-1,-1,0,0,0,136,1,1,0,0.0000000,0.0000000,0.0000000,0,0,0,0
756403536542250 D 339,1815361339,1000,1547,1547,2.3730683,0.00000,-1,-1,-1,0,0,0,136,1,1,0,0.0000000,0.0000000,0.0000000,0,0,0,0
756403537408541 D 340,1815362339,1000,1547,1547,2.3730683,0.00000,-1,-1,-1,0,0,0,136,1,1,0,0.0000000,0.0000000,0.0000000,0,0,0,0
756403538511375 D 341,1815363339,1000,1547,1547,2.3730683,0.00000,-1,-1,-1,0,0,0,136,1,1,0,0.0000000,0.0000000,0.0000000,0,0,0,0
756403539365583 D 342,1815364339,1000,1547,1547,2.3730683,0.00000,-1,-1,-1,0,0,0,136,1,1,0,0.0000000,0.0000000,0.0000000,0,0,0,0
756403540378083 D 343,1815365339,1000,1547,1547,2.3730683,0.00000,-1,-1,-1,0,0,0,136,1,1,0,0.0000000,0.0000000,0.0000000,0,0,0,0
756403541337958 D 344,1815366339,1000,1547,1547,2.3730683,0.00000,-1,-1,-1,0,0,0,136,1,1,0,0.0000000,0.0000000,0.0000000,0,0,0,0
756403542440166 D 345,1815367339,1000,1547,1547,2.3730683,0.00000,-1,-1,-1,0,0,0,136,1,1,0,0.0000000,0.0000000,0.0000000,0,0,0,0
756403543384500 D 346,1815368339,1000,1547,1547,2.3730683,0.00000,-1,-1,-1,0,0,0,136,1,1,0,0.0000000,0.0000000,0.0000000,0,0,0,0
756403544296666 D 347,1815369339,1000,1547,1547,2.3730683,0.00000,-1,-1,-1,0,0,0,136,1,1,0,0.0000000,0.0000000,0.0000000,0,0,0,0
756403545256541 D 348,1815370339,1000,1547,1547,2.3730683,0.00000,-1,-1,-1,0,0,0,136,1,1,0,0.0000000,0.0000000,0.0000000,0,0,0,0
756403546534000 D 349,1815371339,1000,1547,1547,2.3730683,0.00000,-1,-1,-1,0,0,0,136,1,1,0,0.0000000,0.0000000,0.0000000,0,0,0,0
756403547274541 D 350,1815372339,1000,1547,1547,2.3730683,0.00000,-1,-1,-1,0,0,0,136,1,1,0,0.0000000,0.0000000,0.0000000,0,0,0,0
756403548263958 D 351,1815373339,1000,1547,1547,2.3730683,0.00000,-1,-1,-1,0,0,0,136,1,1,0,0.0000000,0.0000000,0.0000000,0,0,0,0
756403549255291 D 352,1815374339,1000,1547,1547,2.3730683,0.00000,-1,-1,-1,0,0,0,136,1,1,0,0.0000000,0.0000000,0.0000000,0,0,0,0
756403550258000 D 353,1815375339,1000,1547,1547,2.3730683,0.00000,-1,-1,-1,0,0,0,136,1,1,0,0.0000000,0.0000000,0.0000000,0,0,0,0
756403551239666 D 354,1815376339,1000,1547,1547,2.3730683,0.00000,-1,-1,-1,0,0,0,136,1,1,0,0.0000000,0.0000000,0.0000000,0,0,0,0
756403552248333 D 355,1815377339,1000,1547,1547,2.3730683,0.00000,-1,-1,-1,0,0,0,136,1,1,0,0.0000000,0.0000000,0.0000000,0,0,0,0
756403553235458 D 356,1815378339,1000,1547,1547,2.3730683,0.00000,-1,-1,-1,0,0,0,136,1,1,0,0.0000000,0.0000000,0.0000000,0,0,0,0
756403554239416 D 357,1815379339,1000,1547,1547,2.3730683,0.00000,-1,-1,-1,0,0,0,136,1,1,0,0.0000000,0.0000000,0.0000000,0,0,0,0
756403555284333 D 358,1815380339,1000,1547,1547,2.3730683,0.00000,-1,-1,-1,0,0,0,136,1,1,0,0.0000000,0.0000000,0.0000000,0,0,0,0
756403556251458 D 359,1815381339,1000,1547,1547,2.3730683,0.00000,-1,-1,-1,0,0,0,136,1,1,0,0.0000000,0.0000000,0.0000000,0,0,0,0
756403557299041 D 360,1815382339,1000,1547,1547,2.3730683,0.00000,-1,-1,-1,0,0,0,136,1,1,0,0.0000000,0.0000000,0.0000000,0,0,0,0
756403558240833 D 361,1815383339,1000,1547,1547,2.3730683,0.00000,-1,-1,-1,0,0,0,136,1,1,0,0.0000000,0.0000000,0.0000000,0,0,0,0
756403559233875 D 362,1815384339,1000,1547,1547,2.3730683,0.00000,-1,-1,-1,0,0,0,136,1,1,0,0.0000000,0.0000000,0.0000000,0,0,0,0
756403560280291 D 363,1815385339,1000,1547,1547,2.3730683,0.00000,-1,-1,-1,0,0,0,136,1,1,0,0.0000000,0.0000000,0.0000000,0,0,0,0
756403561284666 D 364,1815386339,1000,1547,1547,2.3730683,0.00000,-1,-1,-1,0,0,0,136,1,1,0,0.0000000,0.0000000,0.0000000,0,0,0,0
756403562294416 D 365,1815387339,1000,1547,1547,2.3730683,0.00000,-1,-1,-1,0,0,0,136,1,1,0,0.0000000,0.0000000,0.0000000,0,0,0,0
756403563257083 D 366,1815388339,1000,1547,1547,2.3730683,0.00000,-1,-1,-1,0,0,0,136,1,1,0,0.0000000,0.0000000,0.0000000,0,0,0,0
756403564238458 D 367,1815389339,1000,1547,1547,2.3730683,0.00000,-1,-1,-1,0,0,0,136,1,1,0,0.0000000,0.0000000,0.0000000,0,0,0,0
756403565248291 D 368,1815390339,1000,1547,1547,2.3730683,0.00000,-1,-1,-1,0,0,0,136,1,1,0,0.0000000,0.0000000,0.0000000,0,0,0,0
756403566223125 D 369,1815391339,1000,1547,1547,2.3730683,0.00000,-1,-1,-1,0,0,0,136,1,1,0,0.0000000,0.0000000,0.0000000,0,0,0,0
756403567235958 D 370,1815392339,1000,1547,1547,2.3730683,0.00000,-1,-1,-1,0,0,0,136,1,1,0,0.0000000,0.0000000,0.0000000,0,0,0,0
756403568214250 D 371,1815393339,1000,1547,1547,2.3730683,0.00000,-1,-1,-1,0,0,0,136,1,1,0,0.0000000,0.0000000,0.0000000,0,0,0,0
756403569226500 D 372,1815394339,1000,1547,1547,2.3730683,0.00000,-1,-1,-1,0,0,0,136,1,1,0,0.0000000,0.0000000,0.0000000,0,0,0,0
756403570272833 D 373,1815395339,1000,1547,1547,2.3730683,0.00000,-1,-1,-1,0,0,0,136,1,1,0,0.0000000,0.0000000,0.0000000,0,0,0,0
756403571345583 D 374,1815396339,1000,1547,1547,2.3730683,0.00000,-1,-1,-1,0,0,0,136,1,1,0,0.0000000,0.0000000,0.0000000,0,0,0,0
756403572281791 D 375,1815397339,1000,1547,1547,2.3730683,0.00000,-1,-1,-1,0,0,0,136,1,1,0,0.0000000,0.0000000,0.0000000,0,0,0,0
756403573356208 D 376,1815398339,1000,1547,1547,2.3730683,0.00000,-1,-1,-1,0,0,0,136,1,1,0,0.0000000,0.0000000,0.0000000,0,0,0,0
756403574332791 D 377,1815399339,1000,1547,1547,2.3730683,0.00000,-1,-1,-1,0,0,0,136,1,1,0,0.0000000,0.0000000,0.0000000,0,0,0,0
756403575315083 D 378,1815400339,1000,1547,1547,2.3730683,0.00000,-1,-1,-1,0,0,0,136,1,1,0,0.0000000,0.0000000,0.0000000,0,0,0,0
756403576245625 D 379,1815401339,1000,1547,1547,2.3730683,0.00000,-1,-1,-1,0,0,0,136,1,1,0,0.0000000,0.0000000,0.0000000,0,0,0,0
756403577743875 D 380,1815402339,1000,1547,1547,2.3730683,0.00000,39,126,2064,0,0,0,136,1,1,0,0.0000000,0.0000000,0.0000000,0,0,0,0
756403578361041 D 381,1815403339,1000,1547,1547,2.3730683,0.00000,-1,-1,-1,0,0,0,136,1,1,0,0.0000000,0.0000000,0.0000000,0,0,0,0
756403579257958 D 382,1815404339,1000,1547,1547,2.3730683,0.00000,-1,-1,-1,0,0,0,136,1,1,0,0.0000000,0.0000000,0.0000000,0,0,0,0
756403580244958 D 383,1815405339,1000,1547,1547,2.3730683,0.00000,-1,-1,-1,0,0,0,136,1,1,0,0.0000000,0.0000000,0.0000000,0,0,0,0
756403581245833 D 384,1815406339,1000,1547,1547,2.3730683,0.00000,-1,-1,-1,0,0,0,136,1,1,0,0.0000000,0.0000000,0.0000000,0,0,0,0
756403582242500 D 385,1815407339,1000,1547,1547,2.3730683,0.00000,-1,-1,-1,0,0,0,136,1,1,0,0.0000000,0.0000000,0.0000000,0,0,0,0
756403583231875 D 386,1815408339,1000,1547,1547,2.3730683,0.00000,-1,-1,-1,0,0,0,136,1,1,0,0.0000000,0.0000000,0.0000000,0,0,0,0
756403584235750 D 387,1815409339,1000,1547,1547,2.3730683,0.00000,-1,-1,-1,0,0,0,136,1,1,0,0.0000000,0.0000000,0.0000000,0,0,0,0
756403585220583 D 388,1815410339,1000,1547,1547,2.3730683,0.00000,-1,-1,-1,0,0,0,136,1,1,0,0.0000000,0.0000000,0.0000000,0,0,0,0
756403586232500 D 389,1815411339,1000,1547,1547,2.3730683,0.00000,-1,-1,-1,0,0,0,136,1,1,0,0.0000000,0.0000000,0.0000000,0,0,0,0
756403587219333 D 390,1815412339,1000,1547,1547,2.3730683,0.00000,-1,-1,-1,0,0,0,136,1,1,0,0.0000000,0.0000000,0.0000000,0,0,0,0
756403588236041 D 391,1815413339,1000,1547,1547,2.3730683,0.00000,-1,-1,-1,0,0,0,136,1,1,0,0.0000000,0.0000000,0.0000000,0,0,0,0
756403589472208 D 392,1815414339,1000,1547,1547,2.3730683,0.00000,-1,-1,-1,0,0,0,136,1,1,0,0.0000000,0.0000000,0.0000000,0,0,0,0
756403590508333 D 393,1815415339,1000,1547,1547,2.3730683,0.00000,-1,-1,-1,0,0,0,136,1,1,0,0.0000000,0.0000000,0.0000000,0,0,0,0
756403591452375 D 394,1815416339,1000,1547,1547,2.3730683,0.00000,-1,-1,-1,0,0,0,136,1,1,0,0.0000000,0.0000000,0.0000000,0,0,0,0
756403592246125 D 395,1815417339,1000,1547,1547,2.3730683,0.00000,-1,-1,-1,0,0,0,136,1,1,0,0.0000000,0.0000000,0.0000000,0,0,0,0
756403593238583 D 396,1815418339,1000,1547,1547,2.3730683,0.00000,-1,-1,-1,0,0,0,136,1,1,0,0.0000000,0.0000000,0.0000000,0,0,0,0
756403594265875 D 397,1815419339,1000,1547,1547,2.3730683,0.00000,-1,-1,-1,0,0,0,136,1,1,0,0.0000000,0.0000000,0.0000000,0,0,0,0
756403595240083 D 398,1815420339,1000,1547,1547,2.3730683,0.00000,-1,-1,-1,0,0,0,136,1,1,0,0.0000000,0.0000000,0.0000000,0,0,0,0
756403596225375 D 399,1815421339,1000,1547,1547,2.3730683,0.00000,-1,-1,-1,0,0,0,136,1,1,0,0.0000000,0.0000000,0.0000000,0,0,0,0
756403597223000 D 400,1815422339,1000,1547,1547,2.3730683,0.00000,-1,-1,-1,0,0,0,136,1,1,0,0.0000000,0.0000000,0.0000000,0,0,0,0
756403598232166 D 401,1815423339,1000,1547,1547,2.3730683,0.00000,-1,-1,-1,0,0,0,136,1,1,0,0.0000000,0.0000000,0.0000000,0,0,0,0
756403599227833 D 402,1815424339,1000,1547,1547,2.3730683,0.00000,-1,-1,-1,0,0,0,136,1,1,0,0.0000000,0.0000000,0.0000000,0,0,0,0
756403600223625 D 403,1815425339,1000,1547,1547,2.3730683,0.00000,-1,-1,-1,0,0,0,136,1,1,0,0.0000000,0.0000000,0.0000000,0,0,0,0
756403601220333 D 404,1815426339,1000,1547,1547,2.3730683,0.00000,-1,-1,-1,0,0,0,136,1,1,0,0.0000000,0.0000000,0.0000000,0,0,0,0
756403602226166 D 405,1815427339,1000,1547,1547,2.3730683,0.00000,-1,-1,-1,0,0,0,136,1,1,0,0.0000000,0.0000000,0.0000000,0,0,0,0
756403603224250 D 406,1815428339,1000,1547,1547,2.3730683,0.00000,-1,-1,-1,0,0,0,136,1,1,0,0.0000000,0.0000000,0.0000000,0,0,0,0
756403604223833 D 407,1815429339,1000,1547,1547,2.3730683,0.00000,-1,-1,-1,0,0,0,136,1,1,0,0.0000000,0.0000000,0.0000000,0,0,0,0
756403605215958 D 408,1815430339,1000,1547,1547,2.3730683,0.00000,-1,-1,-1,0,0,0,136,1,1,0,0.0000000,0.0000000,0.0000000,0,0,0,0
756403606223375 D 409,1815431339,1000,1547,1547,2.3730683,0.00000,-1,-1,-1,0,0,0,136,1,1,0,0.0000000,0.0000000,0.0000000,0,0,0,0
756403607215958 D 410,1815432339,1000,1547,1547,2.3730683,0.00000,-1,-1,-1,0,0,0,136,1,1,0,0.0000000,0.0000000,0.0000000,0,0,0,0
756403608219666 D 411,1815433339,1000,1547,1547,2.3730683,0.00000,-1,-1,-1,0,0,0,136,1,1,0,0.0000000,0.0000000,0.0000000,0,0,0,0
756403609257208 D 412,1815434339,1000,1547,1547,2.3730683,0.00000,-1,-1,-1,0,0,0,136,1,1,0,0.0000000,0.0000000,0.0000000,0,0,0,0
756403610239250 D 413,1815435339,1000,1547,1547,2.3730683,0.00000,-1,-1,-1,0,0,0,136,1,1,0,0.0000000,0.0000000,0.0000000,0,0,0,0
756403611242916 D 414,1815436339,1000,1547,1547,2.3730683,0.00000,-1,-1,-1,0,0,0,136,1,1,0,0.0000000,0.0000000,0.0000000,0,0,0,0
756403612227250 D 415,1815437339,1000,1547,1547,2.3730683,0.00000,-1,-1,-1,0,0,0,136,1,1,0,0.0000000,0.0000000,0.0000000,0,0,0,0
756403613221666 D 416,1815438339,1000,1547,1547,2.3730683,0.00000,-1,-1,-1,0,0,0,136,1,1,0,0.0000000,0.0000000,0.0000000,0,0,0,0
756403614229833 D 417,1815439339,1000,1547,1547,2.3730683,0.00000,-1,-1,-1,0,0,0,136,1,1,0,0.0000000,0.0000000,0.0000000,0,0,0,0
756403615225625 D 418,1815440339,1000,1547,1547,2.3730683,0.00000,-1,-1,-1,0,0,0,136,1,1,0,0.0000000,0.0000000,0.0000000,0,0,0,0
756403616237916 D 419,1815441339,1000,1547,1547,2.3730683,0.00000,-1,-1,-1,0,0,0,136,1,1,0,0.0000000,0.0000000,0.0000000,0,0,0,0
756403617219375 D 420,1815442339,1000,1547,1547,2.3730683,0.00000,-1,-1,-1,0,0,0,136,1,1,0,0.0000000,0.0000000,0.0000000,0,0,0,0
756403618223875 D 421,1815443339,1000,1547,1547,2.3730683,0.00000,-1,-1,-1,0,0,0,136,1,1,0,0.0000000,0.0000000,0.0000000,0,0,0,0
756403619447208 D 422,1815444339,1000,1547,1547,2.3730683,0.00000,-1,-1,-1,0,0,0,136,1,1,0,0.0000000,0.0000000,0.0000000,0,0,0,0
756403620440458 D 423,1815445339,1000,1547,1547,2.3730683,0.00000,-1,-1,-1,0,0,0,136,1,1,0,0.0000000,0.0000000,0.0000000,0,0,0,0
756403621341375 D 424,1815446339,1000,1547,1547,2.3730683,0.00000,-1,-1,-1,0,0,0,136,1,1,0,0.0000000,0.0000000,0.0000000,0,0,0,0
756403622225958 D 425,1815447339,1000,1547,1547,2.3730683,0.00000,-1,-1,-1,0,0,0,136,1,1,0,0.0000000,0.0000000,0.0000000,0,0,0,0
756403623218250 D 426,1815448339,1000,1547,1547,2.3730683,0.00000,-1,-1,-1,0,0,0,136,1,1,0,0.0000000,0.0000000,0.0000000,0,0,0,0
756403624235083 D 427,1815449339,1000,1547,1547,2.3730683,0.00000,-1,-1,-1,0,0,0,136,1,1,0,0.0000000,0.0000000,0.0000000,0,0,0,0
756403625290833 D 428,1815450339,1000,1547,1547,2.3730683,0.00000,-1,-1,-1,0,0,0,136,1,1,0,0.0000000,0.0000000,0.0000000,0,0,0,0
756403626349833 D 429,1815451339,1000,1547,1547,2.3730683,0.00000,-1,-1,-1,0,0,0,136,1,1,0,0.0000000,0.0000000,0.0000000,0,0,0,0
756403627750375 D 430,1815452339,1000,1547,1547,2.3730683,0.00000,39,126,2064,0,0,0,136,1,1,0,0.0000000,0.0000000,0.0000000,0,0,0,0
756403628411125 D 431,1815453339,1000,1547,1547,2.3730683,0.00000,-1,-1,-1,0,0,0,136,1,1,0,0.0000000,0.0000000,0.0000000,0,0,0,0
756403629272791 D 432,1815454339,1000,1547,1547,2.3730683,0.00000,-1,-1,-1,0,0,0,136,1,1,0,0.0000000,0.0000000,0.0000000,0,0,0,0
756403630259708 D 433,1815455339,1000,1547,1547,2.3730683,0.00000,-1,-1,-1,0,0,0,136,1,1,0,0.0000000,0.0000000,0.0000000,0,0,0,0
756403631252291 D 434,1815456339,1000,1547,1547,2.3730683,0.00000,-1,-1,-1,0,0,0,136,1,1,0,0.0000000,0.0000000,0.0000000,0,0,0,0
756403632224750 D 435,1815457339,1000,1547,1547,2.3730683,0.00000,-1,-1,-1,0,0,0,136,1,1,0,0.0000000,0.0000000,0.0000000,0,0,0,0
756403633240333 D 436,1815458339,1000,1547,1547,2.3730683,0.00000,-1,-1,-1,0,0,0,136,1,1,0,0.0000000,0.0000000,0.0000000,0,0,0,0
756403634235791 D 437,1815459339,1000,1547,1547,2.3730683,0.00000,-1,-1,-1,0,0,0,136,1,1,0,0.0000000,0.0000000,0.0000000,0,0,0,0
756403635235583 D 438,1815460339,1000,1547,1547,2.3730683,0.00000,-1,-1,-1,0,0,0,136,1,1,0,0.0000000,0.0000000,0.0000000,0,0,0,0
756403636232833 D 439,1815461339,1000,1547,1547,2.3730683,0.00000,-1,-1,-1,0,0,0,136,1,1,0,0.0000000,0.0000000,0.0000000,0,0,0,0
756403637244166 D 440,1815462339,1000,1547,1547,2.3730683,0.00000,-1,-1,-1,0,0,0,136,1,1,0,0.0000000,0.0000000,0.0000000,0,0,0,0
756403638257291 D 441,1815463339,1000,1547,1547,2.3730683,0.00000,-1,-1,-1,0,0,0,136,1,1,0,0.0000000,0.0000000,0.0000000,0,0,0,0
756403639307750 D 442,1815464339,1000,1547,1547,2.3730683,0.00000,-1,-1,-1,0,0,0,136,1,1,0,0.0000000,0.0000000,0.0000000,0,0,0,0
756403640364541 D 443,1815465339,1000,1547,1547,2.3730683,0.00000,-1,-1,-1,0,0,0,136,1,1,0,0.0000000,0.0000000,0.0000000,0,0,0,0
756403641294250 D 444,1815466339,1000,1547,1547,2.3730683,0.00000,-1,-1,-1,0,0,0,136,1,1,0,0.0000000,0.0000000,0.0000000,0,0,0,0
756403642259041 D 445,1815467339,1000,1547,1547,2.3730683,0.00000,-1,-1,-1,0,0,0,136,1,1,0,0.0000000,0.0000000,0.0000000,0,0,0,0
756403643247833 D 446,1815468339,1000,1547,1547,2.3730683,0.00000,-1,-1,-1,0,0,0,136,1,1,0,0.0000000,0.0000000,0.0000000,0,0,0,0
756403644236000 D 447,1815469339,1000,1547,1547,2.3730683,0.00000,-1,-1,-1,0,0,0,136,1,1,0,0.0000000,0.0000000,0.0000000,0,0,0,0
756403645231291 D 448,1815470339,1000,1547,1547,2.3730683,0.00000,-1,-1,-1,0,0,0,136,1,1,0,0.0000000,0.0000000,0.0000000,0,0,0,0
756403646232208 D 449,1815471339,1000,1547,1547,2.3730683,0.00000,-1,-1,-1,0,0,0,136,1,1,0,0.0000000,0.0000000,0.0000000,0,0,0,0
756403647233000 D 450,1815472339,1000,1547,1547,2.3730683,0.00000,-1,-1,-1,0,0,0,136,1,1,0,0.0000000,0.0000000,0.0000000,0,0,0,0
756403648447625 D 451,1815473339,1000,1547,1547,2.3730683,0.00000,-1,-1,-1,0,0,0,136,1,1,0,0.0000000,0.0000000,0.0000000,0,0,0,0
756403649443416 D 452,1815474339,1000,1547,1547,2.3730683,0.00000,-1,-1,-1,0,0,0,136,1,1,0,0.0000000,0.0000000,0.0000000,0,0,0,0
756403650449333 D 453,1815475339,1000,1547,1547,2.3730683,0.00000,-1,-1,-1,0,0,0,136,1,1,0,0.0000000,0.0000000,0.0000000,0,0,0,0
756403651254958 D 454,1815476339,1000,1547,1547,2.3730683,0.00000,-1,-1,-1,0,0,0,136,1,1,0,0.0000000,0.0000000,0.0000000,0,0,0,0
756403652229666 D 455,1815477339,1000,1547,1547,2.3730683,0.00000,-1,-1,-1,0,0,0,136,1,1,0,0.0000000,0.0000000,0.0000000,0,0,0,0
756403653207041 D 456,1815478339,1000,1547,1547,2.3730683,0.00000,-1,-1,-1,0,0,0,136,1,1,0,0.0000000,0.0000000,0.0000000,0,0,0,0
756403654234125 D 457,1815479339,1000,1547,1547,2.3730683,0.00000,-1,-1,-1,0,0,0,136,1,1,0,0.0000000,0.0000000,0.0000000,0,0,0,0
756403655222583 D 458,1815480339,1000,1547,1547,2.3730683,0.00000,-1,-1,-1,0,0,0,136,1,1,0,0.0000000,0.0000000,0.0000000,0,0,0,0
756403656260291 D 459,1815481339,1000,1547,1547,2.3730683,0.00000,-1,-1,-1,0,0,0,136,1,1,0,0.0000000,0.0000000,0.0000000,0,0,0,0
756403657206708 D 460,1815482339,1000,1547,1547,2.3730683,0.00000,-1,-1,-1,0,0,0,136,1,1,0,0.0000000,0.0000000,0.0000000,0,0,0,0
756403658221833 D 461,1815483339,1000,1547,1547,2.3730683,0.00000,-1,-1,-1,0,0,0,136,1,1,0,0.0000000,0.0000000,0.0000000,0,0,0,0
756403659207916 D 462,1815484339,1000,1547,1547,2.3730683,0.00000,-1,-1,-1,0,0,0,136,1,1,0,0.0000000,0.0000000,0.0000000,0,0,0,0
756403660215583 D 463,1815485339,1000,1547,1547,2.3730683,0.00000,-1,-1,-1,0,0,0,136,1,1,0,0.0000000,0.0000000,0.0000000,0,0,0,0
756403661211291 D 464,1815486339,1000,1547,1547,2.3730683,0.00000,-1,-1,-1,0,0,0,136,1,1,0,0.0000000,0.0000000,0.0000000,0,0,0,0
756403662218750 D 465,1815487339,1000,1547,1547,2.3730683,0.00000,-1,-1,-1,0,0,0,136,1,1,0,0.0000000,0.0000000,0.0000000,0,0,0,0
756403663209958 D 466,1815488339,1000,1547,1547,2.3730683,0.00000,-1,-1,-1,0,0,0,136,1,1,0,0.0000000,0.0000000,0.0000000,0,0,0,0
756403664218791 D 467,1815489339,1000,1547,1547,2.3730683,0.00000,-1,-1,-1,0,0,0,136,1,1,0,0.0000000,0.0000000,0.0000000,0,0,0,0
756403665220000 D 468,1815490339,1000,1547,1547,2.3730683,0.00000,-1,-1,-1,0,0,0,136,1,1,0,0.0000000,0.0000000,0.0000000,0,0,0,0
756403666212000 D 469,1815491339,1000,1547,1547,2.3730683,0.00000,-1,-1,-1,0,0,0,136,1,1,0,0.0000000,0.0000000,0.0000000,0,0,0,0
756403667213958 D 470,1815492339,1000,1547,1547,2.3730683,0.00000,-1,-1,-1,0,0,0,136,1,1,0,0.0000000,0.0000000,0.0000000,0,0,0,0
756403668203000 D 471,1815493339,1000,1547,1547,2.3730683,0.00000,-1,-1,-1,0,0,0,136,1,1,0,0.0000000,0.0000000,0.0000000,0,0,0,0
756403669209416 D 472,1815494339,1000,1547,1547,2.3730683,0.00000,-1,-1,-1,0,0,0,136,1,1,0,0.0000000,0.0000000,0.0000000,0,0,0,0
756403670208625 D 473,1815495339,1000,1547,1547,2.3730683,0.00000,-1,-1,-1,0,0,0,136,1,1,0,0.0000000,0.0000000,0.0000000,0,0,0,0
756403671363500 D 474,1815496339,1000,1547,1547,2.3730683,0.00000,-1,-1,-1,0,0,0,136,1,1,0,0.0000000,0.0000000,0.0000000,0,0,0,0
756403672534083 D 475,1815497339,1000,1547,1547,2.3730683,0.00000,-1,-1,-1,0,0,0,136,1,1,0,0.0000000,0.0000000,0.0000000,0,0,0,0
756403673519083 D 476,1815498339,1000,1547,1547,2.3730683,0.00000,-1,-1,-1,0,0,0,136,1,1,0,0.0000000,0.0000000,0.0000000,0,0,0,0
756403674444833 D 477,1815499339,1000,1547,1547,2.3730683,0.00000,-1,-1,-1,0,0,0,136,1,1,0,0.0000000,0.0000000,0.0000000,0,0,0,0
756403675231625 D 478,1815500339,1000,1547,1547,2.3730683,0.00000,-1,-1,-1,0,0,0,136,1,1,0,0.0000000,0.0000000,0.0000000,0,0,0,0
756403676237416 D 479,1815501339,1000,1547,1547,2.3730683,0.00000,-1,-1,-1,0,0,0,136,1,1,0,0.0000000,0.0000000,0.0000000,0,0,0,0
756403677611333 D 480,1815502339,1000,1547,1547,2.3730683,0.00000,39,126,2065,0,0,0,136,1,1,0,0.0000000,0.0000000,0.0000000,0,0,0,0
756403678251833 D 481,1815503339,1000,1547,1547,2.3730683,0.00000,-1,-1,-1,0,0,0,136,1,1,0,0.0000000,0.0000000,0.0000000,0,0,0,0
756403679257208 D 482,1815504339,1000,1547,1547,2.3730683,0.00000,-1,-1,-1,0,0,0,136,1,1,0,0.0000000,0.0000000,0.0000000,0,0,0,0
756403680227166 D 483,1815505339,1000,1547,1547,2.3730683,0.00000,-1,-1,-1,0,0,0,136,1,1,0,0.0000000,0.0000000,0.0000000,0,0,0,0
756403681232041 D 484,1815506339,1000,1547,1547,2.3730683,0.00000,-1,-1,-1,0,0,0,136,1,1,0,0.0000000,0.0000000,0.0000000,0,0,0,0
756403682219375 D 485,1815507339,1000,1547,1547,2.3730683,0.00000,-1,-1,-1,0,0,0,136,1,1,0,0.0000000,0.0000000,0.0000000,0,0,0,0
756403683221041 D 486,1815508339,1000,1547,1547,2.3730683,0.00000,-1,-1,-1,0,0,0,136,1,1,0,0.0000000,0.0000000,0.0000000,0,0,0,0
756403684222166 D 487,1815509339,1000,1547,1547,2.3730683,0.00000,-1,-1,-1,0,0,0,136,1,1,0,0.0000000,0.0000000,0.0000000,0,0,0,0
756403685225916 D 488,1815510339,1000,1547,1547,2.3730683,0.00000,-1,-1,-1,0,0,0,136,1,1,0,0.0000000,0.0000000,0.0000000,0,0,0,0
756403686223625 D 489,1815511339,1000,1547,1547,2.3730683,0.00000,-1,-1,-1,0,0,0,136,1,1,0,0.0000000,0.0000000,0.0000000,0,0,0,0
756403687258416 D 490,1815512339,1000,1547,1547,2.3730683,0.00000,-1,-1,-1,0,0,0,136,1,1,0,0.0000000,0.0000000,0.0000000,0,0,0,0
756403688239875 D 491,1815513339,1000,1547,1547,2.3730683,0.00000,-1,-1,-1,0,0,0,136,1,1,0,0.0000000,0.0000000,0.0000000,0,0,0,0
756403689222500 D 492,1815514339,1000,1547,1547,2.3730683,0.00000,-1,-1,-1,0,0,0,136,1,1,0,0.0000000,0.0000000,0.0000000,0,0,0,0
756403690218250 D 493,1815515339,1000,1547,1547,2.3730683,0.00000,-1,-1,-1,0,0,0,136,1,1,0,0.0000000,0.0000000,0.0000000,0,0,0,0
756403691226750 D 494,1815516339,1000,1547,1547,2.3730683,0.00000,-1,-1,-1,0,0,0,136,1,1,0,0.0000000,0.0000000,0.0000000,0,0,0,0
756403692216833 D 495,1815517339,1000,1547,1547,2.3730683,0.00000,-1,-1,-1,0,0,0,136,1,1,0,0.0000000,0.0000000,0.0000000,0,0,0,0
756403693220500 D 496,1815518339,1000,1547,1547,2.3730683,0.00000,-1,-1,-1,0,0,0,136,1,1,0,0.0000000,0.0000000,0.0000000,0,0,0,0
756403694218375 D 497,1815519339,1000,1547,1547,2.3730683,0.00000,-1,-1,-1,0,0,0,136,1,1,0,0.0000000,0.0000000,0.0000000,0,0,0,0
756403695220250 D 498,1815520339,1000,1547,1547,2.3730683,0.00000,-1,-1,-1,0,0,0,136,1,1,0,0.0000000,0.0000000,0.0000000,0,0,0,0
756403696210958 D 499,1815521339,1000,1547,1547,2.3730683,0.00000,-1,-1,-1,0,0,0,136,1,1,0,0.0000000,0.0000000,0.0000000,0,0,0,0
756403697212583 D 500,1815522339,1000,1547,1547,2.3730683,0.00000,-1,-1,-1,0,0,0,136,1,1,0,0.0000000,0.0000000,0.0000000,0,0,0,0
756403698217833 D 501,1815523339,1000,1547,1547,2.3730683,0.00000,-1,-1,-1,0,0,0,136,1,1,0,0.0000000,0.0000000,0.0000000,0,0,0,0
756403699216916 D 502,1815524339,1000,1547,1547,2.3730683,0.00000,-1,-1,-1,0,0,0,136,1,1,0,0.0000000,0.0000000,0.0000000,0,0,0,0
756403700214083 D 503,1815525339,1000,1547,1547,2.3730683,0.00000,-1,-1,-1,0,0,0,136,1,1,0,0.0000000,0.0000000,0.0000000,0,0,0,0
756403701214125 D 504,1815526339,1000,1547,1547,2.3730683,0.00000,-1,-1,-1,0,0,0,136,1,1,0,0.0000000,0.0000000,0.0000000,0,0,0,0
756403702221041 D 505,1815527339,1000,1547,1547,2.3730683,0.00000,-1,-1,-1,0,0,0,136,1,1,0,0.0000000,0.0000000,0.0000000,0,0,0,0
756403703255083 D 506,1815528339,1000,1547,1547,2.3730683,0.00000,-1,-1,-1,0,0,0,136,1,1,0,0.0000000,0.0000000,0.0000000,0,0,0,0
756403704508625 D 507,1815529339,1000,1547,1547,2.3730683,0.00000,-1,-1,-1,0,0,0,136,1,1,0,0.0000000,0.0000000,0.0000000,0,0,0,0
756403705496791 D 508,1815530339,1000,1547,1547,2.3730683,0.00000,-1,-1,-1,0,0,0,136,1,1,0,0.0000000,0.0000000,0.0000000,0,0,0,0
756403706388291 D 509,1815531339,1000,1547,1547,2.3730683,0.00000,-1,-1,-1,0,0,0,136,1,1,0,0.0000000,0.0000000,0.0000000,0,0,0,0
756403707241958 D 510,1815532339,1000,1547,1547,2.3730683,0.00000,-1,-1,-1,0,0,0,136,1,1,0,0.0000000,0.0000000,0.0000000,0,0,0,0
756403708240125 D 511,1815533339,1000,1547,1547,2.3730683,0.00000,-1,-1,-1,0,0,0,136,1,1,0,0.0000000,0.0000000,0.0000000,0,0,0,0
756403709227291 D 512,1815534339,1000,1547,1547,2.3730683,0.00000,-1,-1,-1,0,0,0,136,1,1,0,0.0000000,0.0000000,0.0000000,0,0,0,0
756403710238833 D 513,1815535339,1000,1547,1547,2.3730683,0.00000,-1,-1,-1,0,0,0,136,1,1,0,0.0000000,0.0000000,0.0000000,0,0,0,0
756403711266250 D 514,1815536339,1000,1547,1547,2.3730683,0.00000,-1,-1,-1,0,0,0,136,1,1,0,0.0000000,0.0000000,0.0000000,0,0,0,0
756403712244791 D 515,1815537339,1000,1547,1547,2.3730683,0.00000,-1,-1,-1,0,0,0,136,1,1,0,0.0000000,0.0000000,0.0000000,0,0,0,0
756403713249458 D 516,1815538339,1000,1547,1547,2.3730683,0.00000,-1,-1,-1,0,0,0,136,1,1,0,0.0000000,0.0000000,0.0000000,0,0,0,0
756403714233458 D 517,1815539339,1000,1547,1547,2.3730683,0.00000,-1,-1,-1,0,0,0,136,1,1,0,0.0000000,0.0000000,0.0000000,0,0,0,0
756403715225583 D 518,1815540339,1000,1547,1547,2.3730683,0.00000,-1,-1,-1,0,0,0,136,1,1,0,0.0000000,0.0000000,0.0000000,0,0,0,0
756403716220958 D 519,1815541339,1000,1547,1547,2.3730683,0.00000,-1,-1,-1,0,0,0,136,1,1,0,0.0000000,0.0000000,0.0000000,0,0,0,0
756403717214916 D 520,1815542339,1000,1547,1547,2.3730683,0.00000,-1,-1,-1,0,0,0,136,1,1,0,0.0000000,0.0000000,0.0000000,0,0,0,0
756403718254375 D 521,1815543339,1000,1547,1547,2.3730683,0.00000,-1,-1,-1,0,0,0,136,1,1,0,0.0000000,0.0000000,0.0000000,0,0,0,0
756403719271500 D 522,1815544339,1000,1547,1547,2.3730683,0.00000,-1,-1,-1,0,0,0,136,1,1,0,0.0000000,0.0000000,0.0000000,0,0,0,0
756403720227208 D 523,1815545339,1000,1547,1547,2.3730683,0.00000,-1,-1,-1,0,0,0,136,1,1,0,0.0000000,0.0000000,0.0000000,0,0,0,0
756403721268708 D 524,1815546339,1000,1547,1547,2.3730683,0.00000,-1,-1,-1,0,0,0,136,1,1,0,0.0000000,0.0000000,0.0000000,0,0,0,0
756403722259791 D 525,1815547339,1000,1547,1547,2.3730683,0.00000,-1,-1,-1,0,0,0,136,1,1,0,0.0000000,0.0000000,0.0000000,0,0,0,0
756403723235458 D 526,1815548339,1000,1547,1547,2.3730683,0.00000,-1,-1,-1,0,0,0,136,1,1,0,0.0000000,0.0000000,0.0000000,0,0,0,0
756403724231583 D 527,1815549339,1000,1547,1547,2.3730683,0.00000,-1,-1,-1,0,0,0,136,1,1,0,0.0000000,0.0000000,0.0000000,0,0,0,0
756403725234666 D 528,1815550339,1000,1547,1547,2.3730683,0.00000,-1,-1,-1,0,0,0,136,1,1,0,0.0000000,0.0000000,0.0000000,0,0,0,0
756403726319541 D 529,1815551339,1000,1547,1547,2.3730683,0.00000,-1,-1,-1,0,0,0,136,1,1,0,0.0000000,0.0000000,0.0000000,0,0,0,0
756403727765041 D 530,1815552339,1000,1547,1547,2.3730683,0.00000,39,126,2064,0,0,0,136,1,1,0,0.0000000,0.0000000,0.0000000,0,0,0,0
756403728434416 D 531,1815553339,1000,1547,1547,2.3730683,0.00000,-1,-1,-1,0,0,0,136,1,1,0,0.0000000,0.0000000,0.0000000,0,0,0,0
756403729272583 D 532,1815554339,1000,1547,1547,2.3730683,0.00000,-1,-1,-1,0,0,0,136,1,1,0,0.0000000,0.0000000,0.0000000,0,0,0,0
756403730284541 D 533,1815555339,1000,1547,1547,2.3730683,0.00000,-1,-1,-1,0,0,0,136,1,1,0,0.0000000,0.0000000,0.0000000,0,0,0,0
756403731462875 D 534,1815556339,1000,1547,1547,2.3730683,0.00000,-1,-1,-1,0,0,0,136,1,1,0,0.0000000,0.0000000,0.0000000,0,0,0,0
756403732479458 D 535,1815557339,1000,1547,1547,2.3730683,0.00000,-1,-1,-1,0,0,0,136,1,1,0,0.0000000,0.0000000,0.0000000,0,0,0,0
756403733492791 D 536,1815558339,1000,1547,1547,2.3730683,0.00000,-1,-1,-1,0,0,0,136,1,1,0,0.0000000,0.0000000,0.0000000,0,0,0,0
756403734291375 D 537,1815559339,1000,1547,1547,2.3730683,0.00000,-1,-1,-1,0,0,0,136,1,1,0,0.0000000,0.0000000,0.0000000,0,0,0,0
756403735291541 D 538,1815560339,1000,1547,1547,2.3730683,0.00000,-1,-1,-1,0,0,0,136,1,1,0,0.0000000,0.0000000,0.0000000,0,0,0,0
756403736308375 D 539,1815561339,1000,1547,1547,2.3730683,0.00000,-1,-1,-1,0,0,0,136,1,1,0,0.0000000,0.0000000,0.0000000,0,0,0,0
756403737279833 D 540,1815562339,1000,1547,1547,2.3730683,0.00000,-1,-1,-1,0,0,0,136,1,1,0,0.0000000,0.0000000,0.0000000,0,0,0,0
756403738248375 D 541,1815563339,1000,1547,1547,2.3730683,0.00000,-1,-1,-1,0,0,0,136,1,1,0,0.0000000,0.0000000,0.0000000,0,0,0,0
756403739259833 D 542,1815564339,1000,1547,1547,2.3730683,0.00000,-1,-1,-1,0,0,0,136,1,1,0,0.0000000,0.0000000,0.0000000,0,0,0,0
756403740297333 D 543,1815565339,1000,1547,1547,2.3730683,0.00000,-1,-1,-1,0,0,0,136,1,1,0,0.0000000,0.0000000,0.0000000,0,0,0,0
756403741310791 D 544,1815566339,1000,1547,1547,2.3730683,0.00000,-1,-1,-1,0,0,0,136,1,1,0,0.0000000,0.0000000,0.0000000,0,0,0,0
756403742338916 D 545,1815567339,1000,1547,1547,2.3730683,0.00000,-1,-1,-1,0,0,0,136,1,1,0,0.0000000,0.0000000,0.0000000,0,0,0,0
756403743303166 D 546,1815568339,1000,1547,1547,2.3730683,0.00000,-1,-1,-1,0,0,0,136,1,1,0,0.0000000,0.0000000,0.0000000,0,0,0,0
756403744357916 D 547,1815569339,1000,1547,1547,2.3730683,0.00000,-1,-1,-1,0,0,0,136,1,1,0,0.0000000,0.0000000,0.0000000,0,0,0,0
756403745279166 D 548,1815570339,1000,1547,1547,2.3730683,0.00000,-1,-1,-1,0,0,0,136,1,1,0,0.0000000,0.0000000,0.0000000,0,0,0,0
756403746277041 D 549,1815571339,1000,1547,1547,2.3730683,0.00000,-1,-1,-1,0,0,0,136,1,1,0,0.0000000,0.0000000,0.0000000,0,0,0,0
756403747279250 D 550,1815572339,1000,1547,1547,2.3730683,0.00000,-1,-1,-1,0,0,0,136,1,1,0,0.0000000,0.0000000,0.0000000,0,0,0,0
756403748260708 D 551,1815573339,1000,1547,1547,2.3730683,0.00000,-1,-1,-1,0,0,0,136,1,1,0,0.0000000,0.0000000,0.0000000,0,0,0,0
756403749247083 D 552,1815574339,1000,1547,1547,2.3730683,0.00000,-1,-1,-1,0,0,0,136,1,1,0,0.0000000,0.0000000,0.0000000,0,0,0,0
756403750379458 D 553,1815575339,1000,1547,1547,2.3730683,0.00000,-1,-1,-1,0,0,0,136,1,1,0,0.0000000,0.0000000,0.0000000,0,0,0,0
756403751290750 D 554,1815576339,1000,1547,1547,2.3730683,0.00000,-1,-1,-1,0,0,0,136,1,1,0,0.0000000,0.0000000,0.0000000,0,0,0,0
756403752273916 D 555,1815577339,1000,1547,1547,2.3730683,0.00000,-1,-1,-1,0,0,0,136,1,1,0,0.0000000,0.0000000,0.0000000,0,0,0,0
756403753258416 D 556,1815578339,1000,1547,1547,2.3730683,0.00000,-1,-1,-1,0,0,0,136,1,1,0,0.0000000,0.0000000,0.0000000,0,0,0,0
756403754262041 D 557,1815579339,1000,1547,1547,2.3730683,0.00000,-1,-1,-1,0,0,0,136,1,1,0,0.0000000,0.0000000,0.0000000,0,0,0,0
756403755245916 D 558,1815580339,1000,1547,1547,2.3730683,0.00000,-1,-1,-1,0,0,0,136,1,1,0,0.0000000,0.0000000,0.0000000,0,0,0,0
756403756248666 D 559,1815581339,1000,1547,1547,2.3730683,0.00000,-1,-1,-1,0,0,0,136,1,1,0,0.0000000,0.0000000,0.0000000,0,0,0,0
756403757249125 D 560,1815582339,1000,1547,1547,2.3730683,0.00000,-1,-1,-1,0,0,0,136,1,1,0,0.0000000,0.0000000,0.0000000,0,0,0,0
756403758237875 D 561,1815583339,1000,1547,1547,2.3730683,0.00000,-1,-1,-1,0,0,0,136,1,1,0,0.0000000,0.0000000,0.0000000,0,0,0,0
756403759242500 D 562,1815584339,1000,1547,1547,2.3730683,0.00000,-1,-1,-1,0,0,0,136,1,1,0,0.0000000,0.0000000,0.0000000,0,0,0,0
756403760247833 D 563,1815585339,1000,1547,1547,2.3730683,0.00000,-1,-1,-1,0,0,0,136,1,1,0,0.0000000,0.0000000,0.0000000,0,0,0,0
756403761253791 D 564,1815586339,1000,1547,1547,2.3730683,0.00000,-1,-1,-1,0,0,0,136,1,1,0,0.0000000,0.0000000,0.0000000,0,0,0,0
756403762235083 D 565,1815587339,1000,1547,1547,2.3730683,0.00000,-1,-1,-1,0,0,0,136,1,1,0,0.0000000,0.0000000,0.0000000,0,0,0,0
756403763234291 D 566,1815588339,1000,1547,1547,2.3730683,0.00000,-1,-1,-1,0,0,0,136,1,1,0,0.0000000,0.0000000,0.0000000,0,0,0,0
756403764124375 D 567,1815589339,1000,1547,1547,2.3730683,0.00000,-1,-1,-1,0,0,0,136,1,1,0,0.0000000,0.0000000,0.0000000,0,0,0,0
756403765159291 D 568,1815590339,1000,1547,1547,2.3730683,0.00000,-1,-1,-1,0,0,0,136,1,1,0,0.0000000,0.0000000,0.0000000,0,0,0,0
756403766147958 D 569,1815591339,1000,1547,1547,2.3730683,0.00000,-1,-1,-1,0,0,0,136,1,1,0,0.0000000,0.0000000,0.0000000,0,0,0,0
756403767122208 D 570,1815592339,1000,1547,1547,2.3730683,0.00000,-1,-1,-1,0,0,0,136,1,1,0,0.0000000,0.0000000,0.0000000,0,0,0,0
756403768147166 D 571,1815593339,1000,1547,1547,2.3730683,0.00000,-1,-1,-1,0,0,0,136,1,1,0,0.0000000,0.0000000,0.0000000,0,0,0,0
756403769246041 D 572,1815594339,1000,1547,1547,2.3730683,0.00000,-1,-1,-1,0,0,0,136,1,1,0,0.0000000,0.0000000,0.0000000,0,0,0,0
756403770269041 D 573,1815595339,1000,1547,1547,2.3730683,0.00000,-1,-1,-1,0,0,0,136,1,1,0,0.0000000,0.0000000,0.0000000,0,0,0,0
756403771222458 D 574,1815596339,1000,1547,1547,2.3730683,0.00000,-1,-1,-1,0,0,0,136,1,1,0,0.0000000,0.0000000,0.0000000,0,0,0,0
756403772243500 D 575,1815597339,1000,1547,1547,2.3730683,0.00000,-1,-1,-1,0,0,0,136,1,1,0,0.0000000,0.0000000,0.0000000,0,0,0,0
756403773522500 D 576,1815598339,1000,1547,1547,2.3730683,0.00000,-1,-1,-1,0,0,0,136,1,1,0,0.0000000,0.0000000,0.0000000,0,0,0,0
756403774475916 D 577,1815599339,1000,1547,1547,2.3730683,0.00000,-1,-1,-1,0,0,0,136,1,1,0,0.0000000,0.0000000,0.0000000,0,0,0,0
756403775452000 D 578,1815600339,1000,1547,1547,2.3730683,0.00000,-1,-1,-1,0,0,0,136,1,1,0,0.0000000,0.0000000,0.0000000,0,0,0,0
756403776276125 D 579,1815601339,1000,1547,1547,2.3730683,0.00000,-1,-1,-1,0,0,0,136,1,1,0,0.0000000,0.0000000,0.0000000,0,0,0,0
756403777668000 D 580,1815602339,1000,1547,1547,2.3730683,0.00000,39,126,2065,0,0,0,136,1,1,0,0.0000000,0.0000000,0.0000000,0,0,0,0
756403778295750 D 581,1815603339,1000,1547,1547,2.3730683,0.00000,-1,-1,-1,0,0,0,136,1,1,0,0.0000000,0.0000000,0.0000000,0,0,0,0
756403779276666 D 582,1815604339,1000,1547,1547,2.3730683,0.00000,-1,-1,-1,0,0,0,136,1,1,0,0.0000000,0.0000000,0.0000000,0,0,0,0
756403780264000 D 583,1815605339,1000,1547,1547,2.3730683,0.00000,-1,-1,-1,0,0,0,136,1,1,0,0.0000000,0.0000000,0.0000000,0,0,0,0
756403781260208 D 584,1815606339,1000,1547,1547,2.3730683,0.00000,-1,-1,-1,0,0,0,136,1,1,0,0.0000000,0.0000000,0.0000000,0,0,0,0
756403782291083 D 585,1815607339,1000,1547,1547,2.3730683,0.00000,-1,-1,-1,0,0,0,136,1,1,0,0.0000000,0.0000000,0.0000000,0,0,0,0
756403783294708 D 586,1815608339,1000,1547,1547,2.3730683,0.00000,-1,-1,-1,0,0,0,136,1,1,0,0.0000000,0.0000000,0.0000000,0,0,0,0
756403784280041 D 587,1815609339,1000,1547,1547,2.3730683,0.00000,-1,-1,-1,0,0,0,136,1,1,0,0.0000000,0.0000000,0.0000000,0,0,0,0
756403785255416 D 588,1815610339,1000,1547,1547,2.3730683,0.00000,-1,-1,-1,0,0,0,136,1,1,0,0.0000000,0.0000000,0.0000000,0,0,0,0
756403786278958 D 589,1815611339,1000,1547,1547,2.3730683,0.00000,-1,-1,-1,0,0,0,136,1,1,0,0.0000000,0.0000000,0.0000000,0,0,0,0
756403787298875 D 590,1815612339,1000,1547,1547,2.3730683,0.00000,-1,-1,-1,0,0,0,136,1,1,0,0.0000000,0.0000000,0.0000000,0,0,0,0
756403788261958 D 591,1815613339,1000,1547,1547,2.3730683,0.00000,-1,-1,-1,0,0,0,136,1,1,0,0.0000000,0.0000000,0.0000000,0,0,0,0
756403789179041 D 592,1815614339,1000,1547,1547,2.3730683,0.00000,-1,-1,-1,0,0,0,136,1,1,0,0.0000000,0.0000000,0.0000000,0,0,0,0
756403790109625 D 593,1815615339,1000,1547,1547,2.3730683,0.00000,-1,-1,-1,0,0,0,136,1,1,0,0.0000000,0.0000000,0.0000000,0,0,0,0
756403791096583 D 594,1815616339,1000,1547,1547,2.3730683,0.00000,-1,-1,-1,0,0,0,136,1,1,0,0.0000000,0.0000000,0.0000000,0,0,0,0
756403792096375 D 595,1815617339,1000,1547,1547,2.3730683,0.00000,-1,-1,-1,0,0,0,136,1,1,0,0.0000000,0.0000000,0.0000000,0,0,0,0
756403793093625 D 596,1815618339,1000,1547,1547,2.3730683,0.00000,-1,-1,-1,0,0,0,136,1,1,0,0.0000000,0.0000000,0.0000000,0,0,0,0
756403794133416 D 597,1815619339,1000,1547,1547,2.3730683,0.00000,-1,-1,-1,0,0,0,136,1,1,0,0.0000000,0.0000000,0.0000000,0,0,0,0
756403795121750 D 598,1815620339,1000,1547,1547,2.3730683,0.00000,-1,-1,-1,0,0,0,136,1,1,0,0.0000000,0.0000000,0.0000000,0,0,0,0
756403796107208 D 599,1815621339,1000,1547,1547,2.3730683,0.00000,-1,-1,-1,0,0,0,136,1,1,0,0.0000000,0.0000000,0.0000000,0,0,0,0
756403797175083 D 600,1815622339,1000,1547,1547,2.3730683,0.00000,-1,-1,-1,0,0,0,136,1,1,0,0.0000000,0.0000000,0.0000000,0,0,0,0
756403798116708 D 601,1815623339,1000,1547,1547,2.3730683,0.00000,-1,-1,-1,0,0,0,136,1,1,0,0.0000000,0.0000000,0.0000000,0,0,0,0
756403799131916 D 602,1815624339,1000,1547,1547,2.3730683,0.00000,-1,-1,-1,0,0,0,136,1,1,0,0.0000000,0.0000000,0.0000000,0,0,0,0
756403800233833 D 603,1815625339,1000,1547,1547,2.3730683,0.00000,-1,-1,-1,0,0,0,136,1,1,0,0.0000000,0.0000000,0.0000000,0,0,0,0
756403801196458 D 604,1815626339,1000,1547,1547,2.3730683,0.00000,-1,-1,-1,0,0,0,136,1,1,0,0.0000000,0.0000000,0.0000000,0,0,0,0
756403802162916 D 605,1815627339,1000,1547,1547,2.3730683,0.00000,-1,-1,-1,0,0,0,136,1,1,0,0.0000000,0.0000000,0.0000000,0,0,0,0
756403803166916 D 606,1815628339,1000,1547,1547,2.3730683,0.00000,-1,-1,-1,0,0,0,136,1,1,0,0.0000000,0.0000000,0.0000000,0,0,0,0
756403804156291 D 607,1815629339,1000,1547,1547,2.3730683,0.00000,-1,-1,-1,0,0,0,136,1,1,0,0.0000000,0.0000000,0.0000000,0,0,0,0
756403805169375 D 608,1815630339,1000,1547,1547,2.3730683,0.00000,-1,-1,-1,0,0,0,136,1,1,0,0.0000000,0.0000000,0.0000000,0,0,0,0
756403806173250 D 609,1815631339,1000,1547,1547,2.3730683,0.00000,-1,-1,-1,0,0,0,136,1,1,0,0.0000000,0.0000000,0.0000000,0,0,0,0
756403807175250 D 610,1815632339,1000,1547,1547,2.3730683,0.00000,-1,-1,-1,0,0,0,136,1,1,0,0.0000000,0.0000000,0.0000000,0,0,0,0
756403808228250 D 611,1815633339,1000,1547,1547,2.3730683,0.00000,-1,-1,-1,0,0,0,136,1,1,0,0.0000000,0.0000000,0.0000000,0,0,0,0
756403809232333 D 612,1815634339,1000,1547,1547,2.3730683,0.00000,-1,-1,-1,0,0,0,136,1,1,0,0.0000000,0.0000000,0.0000000,0,0,0,0
756403810224916 D 613,1815635339,1000,1547,1547,2.3730683,0.00000,-1,-1,-1,0,0,0,136,1,1,0,0.0000000,0.0000000,0.0000000,0,0,0,0
756403811238875 D 614,1815636339,1000,1547,1547,2.3730683,0.00000,-1,-1,-1,0,0,0,136,1,1,0,0.0000000,0.0000000,0.0000000,0,0,0,0
756403812258958 D 615,1815637339,1000,1547,1547,2.3730683,0.00000,-1,-1,-1,0,0,0,136,1,1,0,0.0000000,0.0000000,0.0000000,0,0,0,0
756403813273250 D 616,1815638339,1000,1547,1547,2.3730683,0.00000,-1,-1,-1,0,0,0,136,1,1,0,0.0000000,0.0000000,0.0000000,0,0,0,0
756403814239541 D 617,1815639339,1000,1547,1547,2.3730683,0.00000,-1,-1,-1,0,0,0,136,1,1,0,0.0000000,0.0000000,0.0000000,0,0,0,0
756403815249916 D 618,1815640339,1000,1547,1547,2.3730683,0.00000,-1,-1,-1,0,0,0,136,1,1,0,0.0000000,0.0000000,0.0000000,0,0,0,0
756403816237791 D 619,1815641339,1000,1547,1547,2.3730683,0.00000,-1,-1,-1,0,0,0,136,1,1,0,0.0000000,0.0000000,0.0000000,0,0,0,0
756403817221750 D 620,1815642339,1000,1547,1547,2.3730683,0.00000,-1,-1,-1,0,0,0,136,1,1,0,0.0000000,0.0000000,0.0000000,0,0,0,0
756403818220708 D 621,1815643339,1000,1547,1547,2.3730683,0.00000,-1,-1,-1,0,0,0,136,1,1,0,0.0000000,0.0000000,0.0000000,0,0,0,0
756403819236750 D 622,1815644339,1000,1547,1547,2.3730683,0.00000,-1,-1,-1,0,0,0,136,1,1,0,0.0000000,0.0000000,0.0000000,0,0,0,0
756403820451666 D 623,1815645339,1000,1547,1547,2.3730683,0.00000,-1,-1,-1,0,0,0,136,1,1,0,0.0000000,0.0000000,0.0000000,0,0,0,0
756403821449458 D 624,1815646339,1000,1547,1547,2.3730683,0.00000,-1,-1,-1,0,0,0,136,1,1,0,0.0000000,0.0000000,0.0000000,0,0,0,0
756403822441583 D 625,1815647339,1000,1547,1547,2.3730683,0.00000,-1,-1,-1,0,0,0,136,1,1,0,0.0000000,0.0000000,0.0000000,0,0,0,0
756403823446041 D 626,1815648339,1000,1547,1547,2.3730683,0.00000,-1,-1,-1,0,0,0,136,1,1,0,0.0000000,0.0000000,0.0000000,0,0,0,0
756403824491916 D 627,1815649339,1000,1547,1547,2.3730683,0.00000,-1,-1,-1,0,0,0,136,1,1,0,0.0000000,0.0000000,0.0000000,0,0,0,0
756403825253833 D 628,1815650339,1000,1547,1547,2.3730683,0.00000,-1,-1,-1,0,0,0,136,1,1,0,0.0000000,0.0000000,0.0000000,0,0,0,0
756403826243541 D 629,1815651339,1000,1547,1547,2.3730683,0.00000,-1,-1,-1,0,0,0,136,1,1,0,0.0000000,0.0000000,0.0000000,0,0,0,0
756403827711041 D 630,1815652339,1000,1547,1547,2.3730683,0.00000,39,126,2064,0,0,0,136,1,1,0,0.0000000,0.0000000,0.0000000,0,0,0,0
756403828375000 D 631,1815653339,1000,1547,1547,2.3730683,0.00000,-1,-1,-1,0,0,0,136,1,1,0,0.0000000,0.0000000,0.0000000,0,0,0,0
756403829311125 D 632,1815654339,1000,1547,1547,2.3730683,0.00000,-1,-1,-1,0,0,0,136,1,1,0,0.0000000,0.0000000,0.0000000,0,0,0,0
756403830254125 D 633,1815655339,1000,1547,1547,2.3730683,0.00000,-1,-1,-1,0,0,0,136,1,1,0,0.0000000,0.0000000,0.0000000,0,0,0,0
756403831230541 D 634,1815656339,1000,1547,1547,2.3730683,0.00000,-1,-1,-1,0,0,0,136,1,1,0,0.0000000,0.0000000,0.0000000,0,0,0,0
756403832250375 D 635,1815657339,1000,1547,1547,2.3730683,0.00000,-1,-1,-1,0,0,0,136,1,1,0,0.0000000,0.0000000,0.0000000,0,0,0,0
756403833224500 D 636,1815658339,1000,1547,1547,2.3730683,0.00000,-1,-1,-1,0,0,0,136,1,1,0,0.0000000,0.0000000,0.0000000,0,0,0,0
756403834245666 D 637,1815659339,1000,1547,1547,2.3730683,0.00000,-1,-1,-1,0,0,0,136,1,1,0,0.0000000,0.0000000,0.0000000,0,0,0,0
756403835236625 D 638,1815660339,1000,1547,1547,2.3730683,0.00000,-1,-1,-1,0,0,0,136,1,1,0,0.0000000,0.0000000,0.0000000,0,0,0,0
756403836229083 D 639,1815661339,1000,1547,1547,2.3730683,0.00000,-1,-1,-1,0,0,0,136,1,1,0,0.0000000,0.0000000,0.0000000,0,0,0,0
756403837219041 D 640,1815662339,1000,1547,1547,2.3730683,0.00000,-1,-1,-1,0,0,0,136,1,1,0,0.0000000,0.0000000,0.0000000,0,0,0,0
756403838231791 D 641,1815663339,1000,1547,1547,2.3730683,0.00000,-1,-1,-1,0,0,0,136,1,1,0,0.0000000,0.0000000,0.0000000,0,0,0,0
756403839218791 D 642,1815664339,1000,1547,1547,2.3730683,0.00000,-1,-1,-1,0,0,0,136,1,1,0,0.0000000,0.0000000,0.0000000,0,0,0,0
756403840242250 D 643,1815665339,1000,1547,1547,2.3730683,0.00000,-1,-1,-1,0,0,0,136,1,1,0,0.0000000,0.0000000,0.0000000,0,0,0,0
756403841234166 D 644,1815666339,1000,1547,1547,2.3730683,0.00000,-1,-1,-1,0,0,0,136,1,1,0,0.0000000,0.0000000,0.0000000,0,0,0,0
756403842470875 D 645,1815667339,1000,1547,1547,2.3730683,0.00000,-1,-1,-1,0,0,0,136,1,1,0,0.0000000,0.0000000,0.0000000,0,0,0,0
756403843506166 D 646,1815668339,1000,1547,1547,2.3730683,0.00000,-1,-1,-1,0,0,0,136,1,1,0,0.0000000,0.0000000,0.0000000,0,0,0,0
756403844477208 D 647,1815669339,1000,1547,1547,2.3730683,0.00000,-1,-1,-1,0,0,0,136,1,1,0,0.0000000,0.0000000,0.0000000,0,0,0,0
756403845229041 D 648,1815670339,1000,1547,1547,2.3730683,0.00000,-1,-1,-1,0,0,0,136,1,1,0,0.0000000,0.0000000,0.0000000,0,0,0,0
756403846229083 D 649,1815671339,1000,1547,1547,2.3730683,0.00000,-1,-1,-1,0,0,0,136,1,1,0,0.0000000,0.0000000,0.0000000,0,0,0,0
756403847224125 D 650,1815672339,1000,1547,1547,2.3730683,0.00000,-1,-1,-1,0,0,0,136,1,1,0,0.0000000,0.0000000,0.0000000,0,0,0,0
756403848225333 D 651,1815673339,1000,1547,1547,2.3730683,0.00000,-1,-1,-1,0,0,0,136,1,1,0,0.0000000,0.0000000,0.0000000,0,0,0,0
756403849314791 D 652,1815674339,1000,1547,1547,2.3730683,0.00000,-1,-1,-1,0,0,0,136,1,1,0,0.0000000,0.0000000,0.0000000,0,0,0,0
756403850230916 D 653,1815675339,1000,1547,1547,2.3730683,0.00000,-1,-1,-1,0,0,0,136,1,1,0,0.0000000,0.0000000,0.0000000,0,0,0,0
756403851226416 D 654,1815676339,1000,1547,1547,2.3730683,0.00000,-1,-1,-1,0,0,0,136,1,1,0,0.0000000,0.0000000,0.0000000,0,0,0,0
756403852219000 D 655,1815677339,1000,1547,1547,2.3730683,0.00000,-1,-1,-1,0,0,0,136,1,1,0,0.0000000,0.0000000,0.0000000,0,0,0,0
756403853227166 D 656,1815678339,1000,1547,1547,2.3730683,0.00000,-1,-1,-1,0,0,0,136,1,1,0,0.0000000,0.0000000,0.0000000,0,0,0,0
756403854222333 D 657,1815679339,1000,1547,1547,2.3730683,0.00000,-1,-1,-1,0,0,0,136,1,1,0,0.0000000,0.0000000,0.0000000,0,0,0,0
756403855219750 D 658,1815680339,1000,1547,1547,2.3730683,0.00000,-1,-1,-1,0,0,0,136,1,1,0,0.0000000,0.0000000,0.0000000,0,0,0,0
756403856211708 D 659,1815681339,1000,1547,1547,2.3730683,0.00000,-1,-1,-1,0,0,0,136,1,1,0,0.0000000,0.0000000,0.0000000,0,0,0,0
756403857209291 D 660,1815682339,1000,1547,1547,2.3730683,0.00000,-1,-1,-1,0,0,0,136,1,1,0,0.0000000,0.0000000,0.0000000,0,0,0,0
756403858204916 D 661,1815683339,1000,1547,1547,2.3730683,0.00000,-1,-1,-1,0,0,0,136,1,1,0,0.0000000,0.0000000,0.0000000,0,0,0,0
756403859238416 D 662,1815684339,1000,1547,1547,2.3730683,0.00000,-1,-1,-1,0,0,0,136,1,1,0,0.0000000,0.0000000,0.0000000,0,0,0,0
756403860241416 D 663,1815685339,1000,1547,1547,2.3730683,0.00000,-1,-1,-1,0,0,0,136,1,1,0,0.0000000,0.0000000,0.0000000,0,0,0,0
756403861223791 D 664,1815686339,1000,1547,1547,2.3730683,0.00000,-1,-1,-1,0,0,0,136,1,1,0,0.0000000,0.0000000,0.0000000,0,0,0,0
756403862218791 D 665,1815687339,1000,1547,1547,2.3730683,0.00000,-1,-1,-1,0,0,0,136,1,1,0,0.0000000,0.0000000,0.0000000,0,0,0,0
756403863219416 D 666,1815688339,1000,1547,1547,2.3730683,0.00000,-1,-1,-1,0,0,0,136,1,1,0,0.0000000,0.0000000,0.0000000,0,0,0,0
756403864230041 D 667,1815689339,1000,1547,1547,2.3730683,0.00000,-1,-1,-1,0,0,0,136,1,1,0,0.0000000,0.0000000,0.0000000,0,0,0,0
756403865223750 D 668,1815690339,1000,1547,1547,2.3730683,0.00000,-1,-1,-1,0,0,0,136,1,1,0,0.0000000,0.0000000,0.0000000,0,0,0,0
756403866220791 D 669,1815691339,1000,1547,1547,2.3730683,0.00000,-1,-1,-1,0,0,0,136,1,1,0,0.0000000,0.0000000,0.0000000,0,0,0,0
756403867217083 D 670,1815692339,1000,1547,1547,2.3730683,0.00000,-1,-1,-1,0,0,0,136,1,1,0,0.0000000,0.0000000,0.0000000,0,0,0,0
756403868215000 D 671,1815693339,1000,1547,1547,2.3730683,0.00000,-1,-1,-1,0,0,0,136,1,1,0,0.0000000,0.0000000,0.0000000,0,0,0,0
756403869222333 D 672,1815694339,1000,1547,1547,2.3730683,0.00000,-1,-1,-1,0,0,0,136,1,1,0,0.0000000,0.0000000,0.0000000,0,0,0,0
756403870217791 D 673,1815695339,1000,1547,1547,2.3730683,0.00000,-1,-1,-1,0,0,0,136,1,1,0,0.0000000,0.0000000,0.0000000,0,0,0,0
756403871219375 D 674,1815696339,1000,1547,1547,2.3730683,0.00000,-1,-1,-1,0,0,0,136,1,1,0,0.0000000,0.0000000,0.0000000,0,0,0,0
756403872223625 D 675,1815697339,1000,1547,1547,2.3730683,0.00000,-1,-1,-1,0,0,0,136,1,1,0,0.0000000,0.0000000,0.0000000,0,0,0,0
756403873213166 D 676,1815698339,1000,1547,1547,2.3730683,0.00000,-1,-1,-1,0,0,0,136,1,1,0,0.0000000,0.0000000,0.0000000,0,0,0,0
756403874456291 D 677,1815699339,1000,1547,1547,2.3730683,0.00000,-1,-1,-1,0,0,0,136,1,1,0,0.0000000,0.0000000,0.0000000,0,0,0,0
756403875458000 D 678,1815700339,1000,1547,1547,2.3730683,0.00000,-1,-1,-1,0,0,0,136,1,1,0,0.0000000,0.0000000,0.0000000,0,0,0,0
756403876402750 D 679,1815701339,1000,1547,1547,2.3730683,0.00000,-1,-1,-1,0,0,0,136,1,1,0,0.0000000,0.0000000,0.0000000,0,0,0,0
756403877601833 D 680,1815702339,1000,1547,1547,2.3730683,0.00000,39,126,2065,0,0,0,136,1,1,0,0.0000000,0.0000000,0.0000000,0,0,0,0
756403878219208 D 681,1815703339,1000,1547,1547,2.3730683,0.00000,-1,-1,-1,0,0,0,136,1,1,0,0.0000000,0.0000000,0.0000000,0,0,0,0
756403879220541 D 682,1815704339,1000,1547,1547,2.3730683,0.00000,-1,-1,-1,0,0,0,136,1,1,0,0.0000000,0.0000000,0.0000000,0,0,0,0
756403880268208 D 683,1815705339,1000,1547,1547,2.3730683,0.00000,-1,-1,-1,0,0,0,136,1,1,0,0.0000000,0.0000000,0.0000000,0,0,0,0
756403881227083 D 684,1815706339,1000,1547,1547,2.3730683,0.00000,-1,-1,-1,0,0,0,136,1,1,0,0.0000000,0.0000000,0.0000000,0,0,0,0
756403882220625 D 685,1815707339,1000,1547,1547,2.3730683,0.00000,-1,-1,-1,0,0,0,136,1,1,0,0.0000000,0.0000000,0.0000000,0,0,0,0
756403883216291 D 686,1815708339,1000,1547,1547,2.3730683,0.00000,-1,-1,-1,0,0,0,136,1,1,0,0.0000000,0.0000000,0.0000000,0,0,0,0
756403884219208 D 687,1815709339,1000,1547,1547,2.3730683,0.00000,-1,-1,-1,0,0,0,136,1,1,0,0.0000000,0.0000000,0.0000000,0,0,0,0
756403885217958 D 688,1815710339,1000,1547,1547,2.3730683,0.00000,-1,-1,-1,0,0,0,136,1,1,0,0.0000000,0.0000000,0.0000000,0,0,0,0
756403886221041 D 689,1815711339,1000,1547,1547,2.3730683,0.00000,-1,-1,-1,0,0,0,136,1,1,0,0.0000000,0.0000000,0.0000000,0,0,0,0
756403887235375 D 690,1815712339,1000,1547,1547,2.3730683,0.00000,-1,-1,-1,0,0,0,136,1,1,0,0.0000000,0.0000000,0.0000000,0,0,0,0
756403888226750 D 691,1815713339,1000,1547,1547,2.3730683,0.00000,-1,-1,-1,0,0,0,136,1,1,0,0.0000000,0.0000000,0.0000000,0,0,0,0
756403889211583 D 692,1815714339,1000,1547,1547,2.3730683,0.00000,-1,-1,-1,0,0,0,136,1,1,0,0.0000000,0.0000000,0.0000000,0,0,0,0
756403890240625 D 693,1815715339,1000,1547,1547,2.3730683,0.00000,-1,-1,-1,0,0,0,136,1,1,0,0.0000000,0.0000000,0.0000000,0,0,0,0
756403891235500 D 694,1815716339,1000,1547,1547,2.3730683,0.00000,-1,-1,-1,0,0,0,136,1,1,0,0.0000000,0.0000000,0.0000000,0,0,0,0
756403892238333 D 695,1815717339,1000,1547,1547,2.3730683,0.00000,-1,-1,-1,0,0,0,136,1,1,0,0.0000000,0.0000000,0.0000000,0,0,0,0
756403893223833 D 696,1815718339,1000,1547,1547,2.3730683,0.00000,-1,-1,-1,0,0,0,136,1,1,0,0.0000000,0.0000000,0.0000000,0,0,0,0
756403894217916 D 697,1815719339,1000,1547,1547,2.3730683,0.00000,-1,-1,-1,0,0,0,136,1,1,0,0.0000000,0.0000000,0.0000000,0,0,0,0
756403895218083 D 698,1815720339,1000,1547,1547,2.3730683,0.00000,-1,-1,-1,0,0,0,136,1,1,0,0.0000000,0.0000000,0.0000000,0,0,0,0
756403896224916 D 699,1815721339,1000,1547,1547,2.3730683,0.00000,-1,-1,-1,0,0,0,136,1,1,0,0.0000000,0.0000000,0.0000000,0,0,0,0
756403897204750 D 700,1815722339,1000,1547,1547,2.3730683,0.00000,-1,-1,-1,0,0,0,136,1,1,0,0.0000000,0.0000000,0.0000000,0,0,0,0
756403898209083 D 701,1815723339,1000,1547,1547,2.3730683,0.00000,-1,-1,-1,0,0,0,136,1,1,0,0.0000000,0.0000000,0.0000000,0,0,0,0
756403899215833 D 702,1815724339,1000,1547,1547,2.3730683,0.00000,-1,-1,-1,0,0,0,136,1,1,0,0.0000000,0.0000000,0.0000000,0,0,0,0
756403900215208 D 703,1815725339,1000,1547,1547,2.3730683,0.00000,-1,-1,-1,0,0,0,136,1,1,0,0.0000000,0.0000000,0.0000000,0,0,0,0
756403901219875 D 704,1815726339,1000,1547,1547,2.3730683,0.00000,-1,-1,-1,0,0,0,136,1,1,0,0.0000000,0.0000000,0.0000000,0,0,0,0
756403902213958 D 705,1815727339,1000,1547,1547,2.3730683,0.00000,-1,-1,-1,0,0,0,136,1,1,0,0.0000000,0.0000000,0.0000000,0,0,0,0
756403903436625 D 706,1815728339,1000,1547,1547,2.3730683,0.00000,-1,-1,-1,0,0,0,136,1,1,0,0.0000000,0.0000000,0.0000000,0,0,0,0
756403904440750 D 707,1815729339,1000,1547,1547,2.3730683,0.00000,-1,-1,-1,0,0,0,136,1,1,0,0.0000000,0.0000000,0.0000000,0,0,0,0
756403905437583 D 708,1815730339,1000,1547,1547,2.3730683,0.00000,-1,-1,-1,0,0,0,136,1,1,0,0.0000000,0.0000000,0.0000000,0,0,0,0
756403906274916 D 709,1815731339,1000,1547,1547,2.3730683,0.00000,-1,-1,-1,0,0,0,136,1,1,0,0.0000000,0.0000000,0.0000000,0,0,0,0
756403907239625 D 710,1815732339,1000,1547,1547,2.3730683,0.00000,-1,-1,-1,0,0,0,136,1,1,0,0.0000000,0.0000000,0.0000000,0,0,0,0
756403908230541 D 711,1815733339,1000,1547,1547,2.3730683,0.00000,-1,-1,-1,0,0,0,136,1,1,0,0.0000000,0.0000000,0.0000000,0,0,0,0
756403909210291 D 712,1815734339,1000,1547,1547,2.3730683,0.00000,-1,-1,-1,0,0,0,136,1,1,0,0.0000000,0.0000000,0.0000000,0,0,0,0
756403910207625 D 713,1815735339,1000,1547,1547,2.3730683,0.00000,-1,-1,-1,0,0,0,136,1,1,0,0.0000000,0.0000000,0.0000000,0,0,0,0
756403911211833 D 714,1815736339,1000,1547,1547,2.3730683,0.00000,-1,-1,-1,0,0,0,136,1,1,0,0.0000000,0.0000000,0.0000000,0,0,0,0
756403912206750 D 715,1815737339,1000,1547,1547,2.3730683,0.00000,-1,-1,-1,0,0,0,136,1,1,0,0.0000000,0.0000000,0.0000000,0,0,0,0
756403913214083 D 716,1815738339,1000,1547,1547,2.3730683,0.00000,-1,-1,-1,0,0,0,136,1,1,0,0.0000000,0.0000000,0.0000000,0,0,0,0
756403914213291 D 717,1815739339,1000,1547,1547,2.3730683,0.00000,-1,-1,-1,0,0,0,136,1,1,0,0.0000000,0.0000000,0.0000000,0,0,0,0
756403915212416 D 718,1815740339,1000,1547,1547,2.3730683,0.00000,-1,-1,-1,0,0,0,136,1,1,0,0.0000000,0.0000000,0.0000000,0,0,0,0
756403916206166 D 719,1815741339,1000,1547,1547,2.3730683,0.00000,-1,-1,-1,0,0,0,136,1,1,0,0.0000000,0.0000000,0.0000000,0,0,0,0
756403917213875 D 720,1815742339,1000,1547,1547,2.3730683,0.00000,-1,-1,-1,0,0,0,136,1,1,0,0.0000000,0.0000000,0.0000000,0,0,0,0
756403918201291 D 721,1815743339,1000,1547,1547,2.3730683,0.00000,-1,-1,-1,0,0,0,136,1,1,0,0.0000000,0.0000000,0.0000000,0,0,0,0
756403919208583 D 722,1815744339,1000,1547,1547,2.3730683,0.00000,-1,-1,-1,0,0,0,136,1,1,0,0.0000000,0.0000000,0.0000000,0,0,0,0
756403920198916 D 723,1815745339,1000,1547,1547,2.3730683,0.00000,-1,-1,-1,0,0,0,136,1,1,0,0.0000000,0.0000000,0.0000000,0,0,0,0
756403921202791 D 724,1815746339,1000,1547,1547,2.3730683,0.00000,-1,-1,-1,0,0,0,136,1,1,0,0.0000000,0.0000000,0.0000000,0,0,0,0
756403922264458 D 725,1815747339,1000,1547,1547,2.3730683,0.00000,-1,-1,-1,0,0,0,136,1,1,0,0.0000000,0.0000000,0.0000000,0,0,0,0
756403923230541 D 726,1815748339,1000,1547,1547,2.3730683,0.00000,-1,-1,-1,0,0,0,136,1,1,0,0.0000000,0.0000000,0.0000000,0,0,0,0
756403924220291 D 727,1815749339,1000,1547,1547,2.3730683,0.00000,-1,-1,-1,0,0,0,136,1,1,0,0.0000000,0.0000000,0.0000000,0,0,0,0
756403925212458 D 728,1815750339,1000,1547,1547,2.3730683,0.00000,-1,-1,-1,0,0,0,136,1,1,0,0.0000000,0.0000000,0.0000000,0,0,0,0
756403926199416 D 729,1815751339,1000,1547,1547,2.3730683,0.00000,-1,-1,-1,0,0,0,136,1,1,0,0.0000000,0.0000000,0.0000000,0,0,0,0
756403927674458 D 730,1815752339,1000,1547,1547,2.3730683,0.00000,39,126,2064,0,0,0,136,1,1,0,0.0000000,0.0000000,0.0000000,0,0,0,0
756403928314458 D 731,1815753339,1000,1547,1547,2.3730683,0.00000,-1,-1,-1,0,0,0,136,1,1,0,0.0000000,0.0000000,0.0000000,0,0,0,0
756403929301041 D 732,1815754339,1000,1547,1547,2.3730683,0.00000,-1,-1,-1,0,0,0,136,1,1,0,0.0000000,0.0000000,0.0000000,0,0,0,0
756403930265916 D 733,1815755339,1000,1547,1547,2.3730683,0.00000,-1,-1,-1,0,0,0,136,1,1,0,0.0000000,0.0000000,0.0000000,0,0,0,0
756403931478125 D 734,1815756339,1000,1547,1547,2.3730683,0.00000,-1,-1,-1,0,0,0,136,1,1,0,0.0000000,0.0000000,0.0000000,0,0,0,0
756403932503750 D 735,1815757339,1000,1547,1547,2.3730683,0.00000,-1,-1,-1,0,0,0,136,1,1,0,0.0000000,0.0000000,0.0000000,0,0,0,0
756403933448583 D 736,1815758339,1000,1547,1547,2.3730683,0.00000,-1,-1,-1,0,0,0,136,1,1,0,0.0000000,0.0000000,0.0000000,0,0,0,0
756403934252375 D 737,1815759339,1000,1547,1547,2.3730683,0.00000,-1,-1,-1,0,0,0,136,1,1,0,0.0000000,0.0000000,0.0000000,0,0,0,0
756403935258583 D 738,1815760339,1000,1547,1547,2.3730683,0.00000,-1,-1,-1,0,0,0,136,1,1,0,0.0000000,0.0000000,0.0000000,0,0,0,0
756403936235541 D 739,1815761339,1000,1547,1547,2.3730683,0.00000,-1,-1,-1,0,0,0,136,1,1,0,0.0000000,0.0000000,0.0000000,0,0,0,0
756403937245291 D 740,1815762339,1000,1547,1547,2.3730683,0.00000,-1,-1,-1,0,0,0,136,1,1,0,0.0000000,0.0000000,0.0000000,0,0,0,0
756403938307708 D 741,1815763339,1000,1547,1547,2.3730683,0.00000,-1,-1,-1,0,0,0,136,1,1,0,0.0000000,0.0000000,0.0000000,0,0,0,0
756403939331875 D 742,1815764339,1000,1547,1547,2.3730683,0.00000,-1,-1,-1,0,0,0,136,1,1,0,0.0000000,0.0000000,0.0000000,0,0,0,0
756403940275416 D 743,1815765339,1000,1547,1547,2.3730683,0.00000,-1,-1,-1,0,0,0,136,1,1,0,0.0000000,0.0000000,0.0000000,0,0,0,0
756403941247458 D 744,1815766339,1000,1547,1547,2.3730683,0.00000,-1,-1,-1,0,0,0,136,1,1,0,0.0000000,0.0000000,0.0000000,0,0,0,0
756403942249583 D 745,1815767339,1000,1547,1547,2.3730683,0.00000,-1,-1,-1,0,0,0,136,1,1,0,0.0000000,0.0000000,0.0000000,0,0,0,0
756403943262750 D 746,1815768339,1000,1547,1547,2.3730683,0.00000,-1,-1,-1,0,0,0,136,1,1,0,0.0000000,0.0000000,0.0000000,0,0,0,0
756403944339666 D 747,1815769339,1000,1547,1547,2.3730683,0.00000,-1,-1,-1,0,0,0,136,1,1,0,0.0000000,0.0000000,0.0000000,0,0,0,0
756403945390166 D 748,1815770339,1000,1547,1547,2.3730683,0.00000,-1,-1,-1,0,0,0,136,1,1,0,0.0000000,0.0000000,0.0000000,0,0,0,0
756403946245166 D 749,1815771339,1000,1547,1547,2.3730683,0.00000,-1,-1,-1,0,0,0,136,1,1,0,0.0000000,0.0000000,0.0000000,0,0,0,0
756403947280750 D 750,1815772339,1000,1547,1547,2.3730683,0.00000,-1,-1,-1,0,0,0,136,1,1,0,0.0000000,0.0000000,0.0000000,0,0,0,0
756403948237291 D 751,1815773339,1000,1547,1547,2.3730683,0.00000,-1,-1,-1,0,0,0,136,1,1,0,0.0000000,0.0000000,0.0000000,0,0,0,0
756403949226666 D 752,1815774339,1000,1547,1547,2.3730683,0.00000,-1,-1,-1,0,0,0,136,1,1,0,0.0000000,0.0000000,0.0000000,0,0,0,0
756403950236750 D 753,1815775339,1000,1547,1547,2.3730683,0.00000,-1,-1,-1,0,0,0,136,1,1,0,0.0000000,0.0000000,0.0000000,0,0,0,0
756403951233208 D 754,1815776339,1000,1547,1547,2.3730683,0.00000,-1,-1,-1,0,0,0,136,1,1,0,0.0000000,0.0000000,0.0000000,0,0,0,0
756403952238083 D 755,1815777339,1000,1547,1547,2.3730683,0.00000,-1,-1,-1,0,0,0,136,1,1,0,0.0000000,0.0000000,0.0000000,0,0,0,0
756403953255083 D 756,1815778339,1000,1547,1547,2.3730683,0.00000,-1,-1,-1,0,0,0,136,1,1,0,0.0000000,0.0000000,0.0000000,0,0,0,0
756403954293291 D 757,1815779339,1000,1547,1547,2.3730683,0.00000,-1,-1,-1,0,0,0,136,1,1,0,0.0000000,0.0000000,0.0000000,0,0,0,0
756403955275541 D 758,1815780339,1000,1547,1547,2.3730683,0.00000,-1,-1,-1,0,0,0,136,1,1,0,0.0000000,0.0000000,0.0000000,0,0,0,0
756403956227041 D 759,1815781339,1000,1547,1547,2.3730683,0.00000,-1,-1,-1,0,0,0,136,1,1,0,0.0000000,0.0000000,0.0000000,0,0,0,0
756403957222166 D 760,1815782339,1000,1547,1547,2.3730683,0.00000,-1,-1,-1,0,0,0,136,1,1,0,0.0000000,0.0000000,0.0000000,0,0,0,0
756403958214500 D 761,1815783339,1000,1547,1547,2.3730683,0.00000,-1,-1,-1,0,0,0,136,1,1,0,0.0000000,0.0000000,0.0000000,0,0,0,0
756403959229208 D 762,1815784339,1000,1547,1547,2.3730683,0.00000,-1,-1,-1,0,0,0,136,1,1,0,0.0000000,0.0000000,0.0000000,0,0,0,0
756403960244750 D 763,1815785339,1000,1547,1547,2.3730683,0.00000,-1,-1,-1,0,0,0,136,1,1,0,0.0000000,0.0000000,0.0000000,0,0,0,0
756403961227041 D 764,1815786339,1000,1547,1547,2.3730683,0.00000,-1,-1,-1,0,0,0,136,1,1,0,0.0000000,0.0000000,0.0000000,0,0,0,0
756403962222416 D 765,1815787339,1000,1547,1547,2.3730683,0.00000,-1,-1,-1,0,0,0,136,1,1,0,0.0000000,0.0000000,0.0000000,0,0,0,0
756403963234666 D 766,1815788339,1000,1547,1547,2.3730683,0.00000,-1,-1,-1,0,0,0,136,1,1,0,0.0000000,0.0000000,0.0000000,0,0,0,0
756403964228083 D 767,1815789339,1000,1547,1547,2.3730683,0.00000,-1,-1,-1,0,0,0,136,1,1,0,0.0000000,0.0000000,0.0000000,0,0,0,0
756403965443666 D 768,1815790339,1000,1547,1547,2.3730683,0.00000,-1,-1,-1,0,0,0,136,1,1,0,0.0000000,0.0000000,0.0000000,0,0,0,0
756403966434416 D 769,1815791339,1000,1547,1547,2.3730683,0.00000,-1,-1,-1,0,0,0,136,1,1,0,0.0000000,0.0000000,0.0000000,0,0,0,0
756403967317291 D 770,1815792339,1000,1547,1547,2.3730683,0.00000,-1,-1,-1,0,0,0,136,1,1,0,0.0000000,0.0000000,0.0000000,0,0,0,0
756403968206625 D 771,1815793339,1000,1547,1547,2.3730683,0.00000,-1,-1,-1,0,0,0,136,1,1,0,0.0000000,0.0000000,0.0000000,0,0,0,0
756403969226166 D 772,1815794339,1000,1547,1547,2.3730683,0.00000,-1,-1,-1,0,0,0,136,1,1,0,0.0000000,0.0000000,0.0000000,0,0,0,0
756403970248083 D 773,1815795339,1000,1547,1547,2.3730683,0.00000,-1,-1,-1,0,0,0,136,1,1,0,0.0000000,0.0000000,0.0000000,0,0,0,0
756403971252000 D 774,1815796339,1000,1547,1547,2.3730683,0.00000,-1,-1,-1,0,0,0,136,1,1,0,0.0000000,0.0000000,0.0000000,0,0,0,0
756403972229375 D 775,1815797339,1000,1547,1547,2.3730683,0.00000,-1,-1,-1,0,0,0,136,1,1,0,0.0000000,0.0000000,0.0000000,0,0,0,0
756403973257083 D 776,1815798339,1000,1547,1547,2.3730683,0.00000,-1,-1,-1,0,0,0,136,1,1,0,0.0000000,0.0000000,0.0000000,0,0,0,0
756403974230291 D 777,1815799339,1000,1547,1547,2.3730683,0.00000,-1,-1,-1,0,0,0,136,1,1,0,0.0000000,0.0000000,0.0000000,0,0,0,0
756403975259541 D 778,1815800339,1000,1547,1547,2.3730683,0.00000,-1,-1,-1,0,0,0,136,1,1,0,0.0000000,0.0000000,0.0000000,0,0,0,0
756403976244291 D 779,1815801339,1000,1547,1547,2.3730683,0.00000,-1,-1,-1,0,0,0,136,1,1,0,0.0000000,0.0000000,0.0000000,0,0,0,0
756403977679541 D 780,1815802339,1000,1547,1547,2.3730683,0.00000,39,126,2065,0,0,0,136,1,1,0,0.0000000,0.0000000,0.0000000,0,0,0,0
756403978290083 D 781,1815803339,1000,1547,1547,2.3730683,0.00000,-1,-1,-1,0,0,0,136,1,1,0,0.0000000,0.0000000,0.0000000,0,0,0,0
756403979220875 D 782,1815804339,1000,1547,1547,2.3730683,0.00000,-1,-1,-1,0,0,0,136,1,1,0,0.0000000,0.0000000,0.0000000,0,0,0,0
756403980226000 D 783,1815805339,1000,1547,1547,2.3730683,0.00000,-1,-1,-1,0,0,0,136,1,1,0,0.0000000,0.0000000,0.0000000,0,0,0,0
756403981221000 D 784,1815806339,1000,1547,1547,2.3730683,0.00000,-1,-1,-1,0,0,0,136,1,1,0,0.0000000,0.0000000,0.0000000,0,0,0,0
756403982221541 D 785,1815807339,1000,1547,1547,2.3730683,0.00000,-1,-1,-1,0,0,0,136,1,1,0,0.0000000,0.0000000,0.0000000,0,0,0,0
756403983221875 D 786,1815808339,1000,1547,1547,2.3730683,0.00000,-1,-1,-1,0,0,0,136,1,1,0,0.0000000,0.0000000,0.0000000,0,0,0,0
756403984223208 D 787,1815809339,1000,1547,1547,2.3730683,0.00000,-1,-1,-1,0,0,0,136,1,1,0,0.0000000,0.0000000,0.0000000,0,0,0,0
756403985290083 D 788,1815810339,1000,1547,1547,2.3730683,0.00000,-1,-1,-1,0,0,0,136,1,1,0,0.0000000,0.0000000,0.0000000,0,0,0,0
756403986265750 D 789,1815811339,1000,1547,1547,2.3730683,0.00000,-1,-1,-1,0,0,0,136,1,1,0,0.0000000,0.0000000,0.0000000,0,0,0,0
756403987218916 D 790,1815812339,1000,1547,1547,2.3730683,0.00000,-1,-1,-1,0,0,0,136,1,1,0,0.0000000,0.0000000,0.0000000,0,0,0,0
756403988218416 D 791,1815813339,1000,1547,1547,2.3730683,0.00000,-1,-1,-1,0,0,0,136,1,1,0,0.0000000,0.0000000,0.0000000,0,0,0,0
756403989223041 D 792,1815814339,1000,1547,1547,2.3730683,0.00000,-1,-1,-1,0,0,0,136,1,1,0,0.0000000,0.0000000,0.0000000,0,0,0,0
756403990216666 D 793,1815815339,1000,1547,1547,2.3730683,0.00000,-1,-1,-1,0,0,0,136,1,1,0,0.0000000,0.0000000,0.0000000,0,0,0,0
756403991227708 D 794,1815816339,1000,1547,1547,2.3730683,0.00000,-1,-1,-1,0,0,0,136,1,1,0,0.0000000,0.0000000,0.0000000,0,0,0,0
756403992434458 D 795,1815817339,1000,1547,1547,2.3730683,0.00000,-1,-1,-1,0,0,0,136,1,1,0,0.0000000,0.0000000,0.0000000,0,0,0,0
756403993428708 D 796,1815818339,1000,1547,1547,2.3730683,0.00000,-1,-1,-1,0,0,0,136,1,1,0,0.0000000,0.0000000,0.0000000,0,0,0,0
756403994458541 D 797,1815819339,1000,1547,1547,2.3730683,0.00000,-1,-1,-1,0,0,0,136,1,1,0,0.0000000,0.0000000,0.0000000,0,0,0,0
756403995239625 D 798,1815820339,1000,1547,1547,2.3730683,0.00000,-1,-1,-1,0,0,0,136,1,1,0,0.0000000,0.0000000,0.0000000,0,0,0,0
756403996221375 D 799,1815821339,1000,1547,1547,2.3730683,0.00000,-1,-1,-1,0,0,0,136,1,1,0,0.0000000,0.0000000,0.0000000,0,0,0,0
756403997200666 D 800,1815822339,1000,1547,1547,2.3730683,0.00000,-1,-1,-1,0,0,0,136,1,1,0,0.0000000,0.0000000,0.0000000,0,0,0,0
756403998231041 D 801,1815823339,1000,1547,1547,2.3730683,0.00000,-1,-1,-1,0,0,0,136,1,1,0,0.0000000,0.0000000,0.0000000,0,0,0,0
756403999197375 D 802,1815824339,1000,1547,1547,2.3730683,0.00000,-1,-1,-1,0,0,0,136,1,1,0,0.0000000,0.0000000,0.0000000,0,0,0,0
756404000211083 D 803,1815825339,1000,1547,1547,2.3730683,0.00000,-1,-1,-1,0,0,0,136,1,1,0,0.0000000,0.0000000,0.0000000,0,0,0,0
756404001239875 D 804,1815826339,1000,1547,1547,2.3730683,0.00000,-1,-1,-1,0,0,0,136,1,1,0,0.0000000,0.0000000,0.0000000,0,0,0,0
756404002470291 D 805,1815827339,1000,1547,1547,2.3730683,0.00000,-1,-1,-1,0,0,0,136,1,1,0,0.0000000,0.0000000,0.0000000,0,0,0,0
756404003434458 D 806,1815828339,1000,1547,1547,2.3730683,0.00000,-1,-1,-1,0,0,0,136,1,1,0,0.0000000,0.0000000,0.0000000,0,0,0,0
756404004443291 D 807,1815829339,1000,1547,1547,2.3730683,0.00000,-1,-1,-1,0,0,0,136,1,1,0,0.0000000,0.0000000,0.0000000,0,0,0,0
756404005228083 D 808,1815830339,1000,1547,1547,2.3730683,0.00000,-1,-1,-1,0,0,0,136,1,1,0,0.0000000,0.0000000,0.0000000,0,0,0,0
756404006218041 D 809,1815831339,1000,1547,1547,2.3730683,0.00000,-1,-1,-1,0,0,0,136,1,1,0,0.0000000,0.0000000,0.0000000,0,0,0,0
756404007213541 D 810,1815832339,1000,1547,1547,2.3730683,0.00000,-1,-1,-1,0,0,0,136,1,1,0,0.0000000,0.0000000,0.0000000,0,0,0,0
756404008216208 D 811,1815833339,1000,1547,1547,2.3730683,0.00000,-1,-1,-1,0,0,0,136,1,1,0,0.0000000,0.0000000,0.0000000,0,0,0,0
756404009214250 D 812,1815834339,1000,1547,1547,2.3730683,0.00000,-1,-1,-1,0,0,0,136,1,1,0,0.0000000,0.0000000,0.0000000,0,0,0,0
756404010217916 D 813,1815835339,1000,1547,1547,2.3730683,0.00000,-1,-1,-1,0,0,0,136,1,1,0,0.0000000,0.0000000,0.0000000,0,0,0,0
756404011221500 D 814,1815836339,1000,1547,1547,2.3730683,0.00000,-1,-1,-1,0,0,0,136,1,1,0,0.0000000,0.0000000,0.0000000,0,0,0,0
756404012218833 D 815,1815837339,1000,1547,1547,2.3730683,0.00000,-1,-1,-1,0,0,0,136,1,1,0,0.0000000,0.0000000,0.0000000,0,0,0,0
756404013240791 D 816,1815838339,1000,1547,1547,2.3730683,0.00000,-1,-1,-1,0,0,0,136,1,1,0,0.0000000,0.0000000,0.0000000,0,0,0,0
756404014236583 D 817,1815839339,1000,1547,1547,2.3730683,0.00000,-1,-1,-1,0,0,0,136,1,1,0,0.0000000,0.0000000,0.0000000,0,0,0,0
756404015234833 D 818,1815840339,1000,1547,1547,2.3730683,0.00000,-1,-1,-1,0,0,0,136,1,1,0,0.0000000,0.0000000,0.0000000,0,0,0,0
756404016224333 D 819,1815841339,1000,1547,1547,2.3730683,0.00000,-1,-1,-1,0,0,0,136,1,1,0,0.0000000,0.0000000,0.0000000,0,0,0,0
756404017242791 D 820,1815842339,1000,1547,1547,2.3730683,0.00000,-1,-1,-1,0,0,0,136,1,1,0,0.0000000,0.0000000,0.0000000,0,0,0,0
756404018229583 D 821,1815843339,1000,1547,1547,2.3730683,0.00000,-1,-1,-1,0,0,0,136,1,1,0,0.0000000,0.0000000,0.0000000,0,0,0,0
756404019222166 D 822,1815844339,1000,1547,1547,2.3730683,0.00000,-1,-1,-1,0,0,0,136,1,1,0,0.0000000,0.0000000,0.0000000,0,0,0,0
756404020219208 D 823,1815845339,1000,1547,1547,2.3730683,0.00000,-1,-1,-1,0,0,0,136,1,1,0,0.0000000,0.0000000,0.0000000,0,0,0,0
756404021220083 D 824,1815846339,1000,1547,1547,2.3730683,0.00000,-1,-1,-1,0,0,0,136,1,1,0,0.0000000,0.0000000,0.0000000,0,0,0,0
756404022218333 D 825,1815847339,1000,1547,1547,2.3730683,0.00000,-1,-1,-1,0,0,0,136,1,1,0,0.0000000,0.0000000,0.0000000,0,0,0,0
756404023217083 D 826,1815848339,1000,1547,1547,2.3730683,0.00000,-1,-1,-1,0,0,0,136,1,1,0,0.0000000,0.0000000,0.0000000,0,0,0,0
756404024215541 D 827,1815849339,1000,1547,1547,2.3730683,0.00000,-1,-1,-1,0,0,0,136,1,1,0,0.0000000,0.0000000,0.0000000,0,0,0,0
756404025216541 D 828,1815850339,1000,1547,1547,2.3730683,0.00000,-1,-1,-1,0,0,0,136,1,1,0,0.0000000,0.0000000,0.0000000,0,0,0,0
756404026222791 D 829,1815851339,1000,1547,1547,2.3730683,0.00000,-1,-1,-1,0,0,0,136,1,1,0,0.0000000,0.0000000,0.0000000,0,0,0,0
756404027654875 D 830,1815852339,1000,1547,1547,2.3730683,0.00000,39,126,2064,0,0,0,136,1,1,0,0.0000000,0.0000000,0.0000000,0,0,0,0
756404028269500 D 831,1815853339,1000,1547,1547,2.3730683,0.00000,-1,-1,-1,0,0,0,136,1,1,0,0.0000000,0.0000000,0.0000000,0,0,0,0
756404029251458 D 832,1815854339,1000,1547,1547,2.3730683,0.00000,-1,-1,-1,0,0,0,136,1,1,0,0.0000000,0.0000000,0.0000000,0,0,0,0
756404030312625 D 833,1815855339,1000,1547,1547,2.3730683,0.00000,-1,-1,-1,0,0,0,136,1,1,0,0.0000000,0.0000000,0.0000000,0,0,0,0
756404031266416 D 834,1815856339,1000,1547,1547,2.3730683,0.00000,-1,-1,-1,0,0,0,136,1,1,0,0.0000000,0.0000000,0.0000000,0,0,0,0
756404032289458 D 835,1815857339,1000,1547,1547,2.3730683,0.00000,-1,-1,-1,0,0,0,136,1,1,0,0.0000000,0.0000000,0.0000000,0,0,0,0
756404033268208 D 836,1815858339,1000,1547,1547,2.3730683,0.00000,-1,-1,-1,0,0,0,136,1,1,0,0.0000000,0.0000000,0.0000000,0,0,0,0
756404034258541 D 837,1815859339,1000,1547,1547,2.3730683,0.00000,-1,-1,-1,0,0,0,136,1,1,0,0.0000000,0.0000000,0.0000000,0,0,0,0
756404035230583 D 838,1815860339,1000,1547,1547,2.3730683,0.00000,-1,-1,-1,0,0,0,136,1,1,0,0.0000000,0.0000000,0.0000000,0,0,0,0
756404036462166 D 839,1815861339,1000,1547,1547,2.3730683,0.00000,-1,-1,-1,0,0,0,136,1,1,0,0.0000000,0.0000000,0.0000000,0,0,0,0
756404037446375 D 840,1815862339,1000,1547,1547,2.3730683,0.00000,-1,-1,-1,0,0,0,136,1,1,0,0.0000000,0.0000000,0.0000000,0,0,0,0
756404038371958 D 841,1815863339,1000,1547,1547,2.3730683,0.00000,-1,-1,-1,0,0,0,136,1,1,0,0.0000000,0.0000000,0.0000000,0,0,0,0
756404039230166 D 842,1815864339,1000,1547,1547,2.3730683,0.00000,-1,-1,-1,0,0,0,136,1,1,0,0.0000000,0.0000000,0.0000000,0,0,0,0
756404040222416 D 843,1815865339,1000,1547,1547,2.3730683,0.00000,-1,-1,-1,0,0,0,136,1,1,0,0.0000000,0.0000000,0.0000000,0,0,0,0
756404041225833 D 844,1815866339,1000,1547,1547,2.3730683,0.00000,-1,-1,-1,0,0,0,136,1,1,0,0.0000000,0.0000000,0.0000000,0,0,0,0
756404042252208 D 845,1815867339,1000,1547,1547,2.3730683,0.00000,-1,-1,-1,0,0,0,136,1,1,0,0.0000000,0.0000000,0.0000000,0,0,0,0
756404043234083 D 846,1815868339,1000,1547,1547,2.3730683,0.00000,-1,-1,-1,0,0,0,136,1,1,0,0.0000000,0.0000000,0.0000000,0,0,0,0
756404044232750 D 847,1815869339,1000,1547,1547,2.3730683,0.00000,-1,-1,-1,0,0,0,136,1,1,0,0.0000000,0.0000000,0.0000000,0,0,0,0
756404045218000 D 848,1815870339,1000,1547,1547,2.3730683,0.00000,-1,-1,-1,0,0,0,136,1,1,0,0.0000000,0.0000000,0.0000000,0,0,0,0
756404046242541 D 849,1815871339,1000,1547,1547,2.3730683,0.00000,-1,-1,-1,0,0,0,136,1,1,0,0.0000000,0.0000000,0.0000000,0,0,0,0
756404047274208 D 850,1815872339,1000,1547,1547,2.3730683,0.00000,-1,-1,-1,0,0,0,136,1,1,0,0.0000000,0.0000000,0.0000000,0,0,0,0
756404048263208 D 851,1815873339,1000,1547,1547,2.3730683,0.00000,-1,-1,-1,0,0,0,136,1,1,0,0.0000000,0.0000000,0.0000000,0,0,0,0
756404049249583 D 852,1815874339,1000,1547,1547,2.3730683,0.00000,-1,-1,-1,0,0,0,136,1,1,0,0.0000000,0.0000000,0.0000000,0,0,0,0
756404050233875 D 853,1815875339,1000,1547,1547,2.3730683,0.00000,-1,-1,-1,0,0,0,136,1,1,0,0.0000000,0.0000000,0.0000000,0,0,0,0
756404051220458 D 854,1815876339,1000,1547,1547,2.3730683,0.00000,-1,-1,-1,0,0,0,136,1,1,0,0.0000000,0.0000000,0.0000000,0,0,0,0
756404052236333 D 855,1815877339,1000,1547,1547,2.3730683,0.00000,-1,-1,-1,0,0,0,136,1,1,0,0.0000000,0.0000000,0.0000000,0,0,0,0
756404053224750 D 856,1815878339,1000,1547,1547,2.3730683,0.00000,-1,-1,-1,0,0,0,136,1,1,0,0.0000000,0.0000000,0.0000000,0,0,0,0
756404054222125 D 857,1815879339,1000,1547,1547,2.3730683,0.00000,-1,-1,-1,0,0,0,136,1,1,0,0.0000000,0.0000000,0.0000000,0,0,0,0
756404055221750 D 858,1815880339,1000,1547,1547,2.3730683,0.00000,-1,-1,-1,0,0,0,136,1,1,0,0.0000000,0.0000000,0.0000000,0,0,0,0
756404056225500 D 859,1815881339,1000,1547,1547,2.3730683,0.00000,-1,-1,-1,0,0,0,136,1,1,0,0.0000000,0.0000000,0.0000000,0,0,0,0
756404057224875 D 860,1815882339,1000,1547,1547,2.3730683,0.00000,-1,-1,-1,0,0,0,136,1,1,0,0.0000000,0.0000000,0.0000000,0,0,0,0
756404058335833 D 861,1815883339,1000,1547,1547,2.3730683,0.00000,-1,-1,-1,0,0,0,136,1,1,0,0.0000000,0.0000000,0.0000000,0,0,0,0
756404059332041 D 862,1815884339,1000,1547,1547,2.3730683,0.00000,-1,-1,-1,0,0,0,136,1,1,0,0.0000000,0.0000000,0.0000000,0,0,0,0
756404060500375 D 863,1815885339,1000,1547,1547,2.3730683,0.00000,-1,-1,-1,0,0,0,136,1,1,0,0.0000000,0.0000000,0.0000000,0,0,0,0
756404061414791 D 864,1815886339,1000,1547,1547,2.3730683,0.00000,-1,-1,-1,0,0,0,136,1,1,0,0.0000000,0.0000000,0.0000000,0,0,0,0
756404062388750 D 865,1815887339,1000,1547,1547,2.3730683,0.00000,-1,-1,-1,0,0,0,136,1,1,0,0.0000000,0.0000000,0.0000000,0,0,0,0
756404063394166 D 866,1815888339,1000,1547,1547,2.3730683,0.00000,-1,-1,-1,0,0,0,136,1,1,0,0.0000000,0.0000000,0.0000000,0,0,0,0
756404064340500 D 867,1815889339,1000,1547,1547,2.3730683,0.00000,-1,-1,-1,0,0,0,136,1,1,0,0.0000000,0.0000000,0.0000000,0,0,0,0
756404065334625 D 868,1815890339,1000,1547,1547,2.3730683,0.00000,-1,-1,-1,0,0,0,136,1,1,0,0.0000000,0.0000000,0.0000000,0,0,0,0
756404066304416 D 869,1815891339,1000,1547,1547,2.3730683,0.00000,-1,-1,-1,0,0,0,136,1,1,0,0.0000000,0.0000000,0.0000000,0,0,0,0
756404067491458 D 870,1815892339,1000,1547,1547,2.3730683,0.00000,-1,-1,-1,0,0,0,136,1,1,0,0.0000000,0.0000000,0.0000000,0,0,0,0
756404068476666 D 871,1815893339,1000,1547,1547,2.3730683,0.00000,-1,-1,-1,0,0,0,136,1,1,0,0.0000000,0.0000000,0.0000000,0,0,0,0
756404069564083 D 872,1815894339,1000,1547,1547,2.3730683,0.00000,-1,-1,-1,0,0,0,136,1,1,0,0.0000000,0.0000000,0.0000000,0,0,0,0
756404070558041 D 873,1815895339,1000,1547,1547,2.3730683,0.00000,-1,-1,-1,0,0,0,136,1,1,0,0.0000000,0.0000000,0.0000000,0,0,0,0
756404071594625 D 874,1815896339,1000,1547,1547,2.3730683,0.00000,-1,-1,-1,0,0,0,136,1,1,0,0.0000000,0.0000000,0.0000000,0,0,0,0
756404072301916 D 875,1815897339,1000,1547,1547,2.3730683,0.00000,-1,-1,-1,0,0,0,136,1,1,0,0.0000000,0.0000000,0.0000000,0,0,0,0
756404073260083 D 876,1815898339,1000,1547,1547,2.3730683,0.00000,-1,-1,-1,0,0,0,136,1,1,0,0.0000000,0.0000000,0.0000000,0,0,0,0
756404074285666 D 877,1815899339,1000,1547,1547,2.3730683,0.00000,-1,-1,-1,0,0,0,136,1,1,0,0.0000000,0.0000000,0.0000000,0,0,0,0
756404075256083 D 878,1815900339,1000,1547,1547,2.3730683,0.00000,-1,-1,-1,0,0,0,136,1,1,0,0.0000000,0.0000000,0.0000000,0,0,0,0
756404076251041 D 879,1815901339,1000,1547,1547,2.3730683,0.00000,-1,-1,-1,0,0,0,136,1,1,0,0.0000000,0.0000000,0.0000000,0,0,0,0
756404077715458 D 880,1815902339,1000,1547,1547,2.3730683,0.00000,39,126,2065,0,0,0,136,1,1,0,0.0000000,0.0000000,0.0000000,0,0,0,0
756404078359541 D 881,1815903339,1000,1547,1547,2.3730683,0.00000,-1,-1,-1,0,0,0,135,1,1,0,0.0000000,0.0000000,0.0000000,0,0,0,0
756404079286000 D 882,1815904339,1000,1547,1547,2.3730683,0.00000,-1,-1,-1,0,0,0,136,1,1,0,0.0000000,0.0000000,0.0000000,0,0,0,0
756404080358500 D 883,1815905339,1000,1547,1547,2.3730683,0.00000,-1,-1,-1,0,0,0,136,1,1,0,0.0000000,0.0000000,0.0000000,0,0,0,0
756404081305416 D 884,1815906339,1000,1547,1547,2.3730683,0.00000,-1,-1,-1,0,0,0,136,1,1,0,0.0000000,0.0000000,0.0000000,0,0,0,0
756404082257375 D 885,1815907339,1000,1547,1547,2.3730683,0.00000,-1,-1,-1,0,0,0,136,1,1,0,0.0000000,0.0000000,0.0000000,0,0,0,0
756404083260083 D 886,1815908339,1000,1547,1547,2.3730683,0.00000,-1,-1,-1,0,0,0,136,1,1,0,0.0000000,0.0000000,0.0000000,0,0,0,0
756404084241750 D 887,1815909339,1000,1547,1547,2.3730683,0.00000,-1,-1,-1,0,0,0,136,1,1,0,0.0000000,0.0000000,0.0000000,0,0,0,0
756404085250291 D 888,1815910339,1000,1547,1547,2.3730683,0.00000,-1,-1,-1,0,0,0,136,1,1,0,0.0000000,0.0000000,0.0000000,0,0,0,0
756404086239166 D 889,1815911339,1000,1547,1547,2.3730683,0.00000,-1,-1,-1,0,0,0,136,1,1,0,0.0000000,0.0000000,0.0000000,0,0,0,0
756404087231916 D 890,1815912339,1000,1547,1547,2.3730683,0.00000,-1,-1,-1,0,0,0,136,1,1,0,0.0000000,0.0000000,0.0000000,0,0,0,0
756404088237166 D 891,1815913339,1000,1547,1547,2.3730683,0.00000,-1,-1,-1,0,0,0,136,1,1,0,0.0000000,0.0000000,0.0000000,0,0,0,0
756404089239416 D 892,1815914339,1000,1547,1547,2.3730683,0.00000,-1,-1,-1,0,0,0,136,1,1,0,0.0000000,0.0000000,0.0000000,0,0,0,0
756404090244375 D 893,1815915339,1000,1547,1547,2.3730683,0.00000,-1,-1,-1,0,0,0,136,1,1,0,0.0000000,0.0000000,0.0000000,0,0,0,0
756404091232208 D 894,1815916339,1000,1547,1547,2.3730683,0.00000,-1,-1,-1,0,0,0,136,1,1,0,0.0000000,0.0000000,0.0000000,0,0,0,0
756404092235041 D 895,1815917339,1000,1547,1547,2.3730683,0.00000,-1,-1,-1,0,0,0,136,1,1,0,0.0000000,0.0000000,0.0000000,0,0,0,0
756404093238416 D 896,1815918339,1000,1547,1547,2.3730683,0.00000,-1,-1,-1,0,0,0,136,1,1,0,0.0000000,0.0000000,0.0000000,0,0,0,0
756404094242125 D 897,1815919339,1000,1547,1547,2.3730683,0.00000,-1,-1,-1,0,0,0,136,1,1,0,0.0000000,0.0000000,0.0000000,0,0,0,0
756404095257083 D 898,1815920339,1000,1547,1547,2.3730683,0.00000,-1,-1,-1,0,0,0,136,1,1,0,0.0000000,0.0000000,0.0000000,0,0,0,0
756404096244916 D 899,1815921339,1000,1547,1547,2.3730683,0.00000,-1,-1,-1,0,0,0,136,1,1,0,0.0000000,0.0000000,0.0000000,0,0,0,0
756404097232583 D 900,1815922339,1000,1547,1547,2.3730683,0.00000,-1,-1,-1,0,0,0,136,1,1,0,0.0000000,0.0000000,0.0000000,0,0,0,0
756404098252291 D 901,1815923339,1000,1547,1547,2.3730683,0.00000,-1,-1,-1,0,0,0,136,1,1,0,0.0000000,0.0000000,0.0000000,0,0,0,0
756404099227250 D 902,1815924339,1000,1547,1547,2.3730683,0.00000,-1,-1,-1,0,0,0,136,1,1,0,0.0000000,0.0000000,0.0000000,0,0,0,0
756404100237458 D 903,1815925339,1000,1547,1547,2.3730683,0.00000,-1,-1,-1,0,0,0,136,1,1,0,0.0000000,0.0000000,0.0000000,0,0,0,0
756404101244750 D 904,1815926339,1000,1547,1547,2.3730683,0.00000,-1,-1,-1,0,0,0,136,1,1,0,0.0000000,0.0000000,0.0000000,0,0,0,0
756404102286083 D 905,1815927339,1000,1547,1547,2.3730683,0.00000,-1,-1,-1,0,0,0,136,1,1,0,0.0000000,0.0000000,0.0000000,0,0,0,0
756404103257958 D 906,1815928339,1000,1547,1547,2.3730683,0.00000,-1,-1,-1,0,0,0,136,1,1,0,0.0000000,0.0000000,0.0000000,0,0,0,0
756404104249208 D 907,1815929339,1000,1547,1547,2.3730683,0.00000,-1,-1,-1,0,0,0,136,1,1,0,0.0000000,0.0000000,0.0000000,0,0,0,0
756404105489750 D 908,1815930339,1000,1547,1547,2.3730683,0.00000,-1,-1,-1,0,0,0,136,1,1,0,0.0000000,0.0000000,0.0000000,0,0,0,0
756404106458458 D 909,1815931339,1000,1547,1547,2.3730683,0.00000,-1,-1,-1,0,0,0,136,1,1,0,0.0000000,0.0000000,0.0000000,0,0,0,0
756404107445375 D 910,1815932339,1000,1547,1547,2.3730683,0.00000,-1,-1,-1,0,0,0,136,1,1,0,0.0000000,0.0000000,0.0000000,0,0,0,0
756404108239208 D 911,1815933339,1000,1547,1547,2.3730683,0.00000,-1,-1,-1,0,0,0,136,1,1,0,0.0000000,0.0000000,0.0000000,0,0,0,0
756404109225875 D 912,1815934339,1000,1547,1547,2.3730683,0.00000,-1,-1,-1,0,0,0,136,1,1,0,0.0000000,0.0000000,0.0000000,0,0,0,0
756404110260041 D 913,1815935339,1000,1547,1547,2.3730683,0.00000,-1,-1,-1,0,0,0,136,1,1,0,0.0000000,0.0000000,0.0000000,0,0,0,0
756404111236000 D 914,1815936339,1000,1547,1547,2.3730683,0.00000,-1,-1,-1,0,0,0,136,1,1,0,0.0000000,0.0000000,0.0000000,0,0,0,0
756404112238041 D 915,1815937339,1000,1547,1547,2.3730683,0.00000,-1,-1,-1,0,0,0,136,1,1,0,0.0000000,0.0000000,0.0000000,0,0,0,0
756404113230541 D 916,1815938339,1000,1547,1547,2.3730683,0.00000,-1,-1,-1,0,0,0,136,1,1,0,0.0000000,0.0000000,0.0000000,0,0,0,0
756404114233208 D 917,1815939339,1000,1547,1547,2.3730683,0.00000,-1,-1,-1,0,0,0,136,1,1,0,0.0000000,0.0000000,0.0000000,0,0,0,0
756404115265125 D 918,1815940339,1000,1547,1547,2.3730683,0.00000,-1,-1,-1,0,0,0,136,1,1,0,0.0000000,0.0000000,0.0000000,0,0,0,0
756404116236625 D 919,1815941339,1000,1547,1547,2.3730683,0.00000,-1,-1,-1,0,0,0,136,1,1,0,0.0000000,0.0000000,0.0000000,0,0,0,0
756404117229333 D 920,1815942339,1000,1547,1547,2.3730683,0.00000,-1,-1,-1,0,0,0,136,1,1,0,0.0000000,0.0000000,0.0000000,0,0,0,0
756404118229958 D 921,1815943339,1000,1547,1547,2.3730683,0.00000,-1,-1,-1,0,0,0,136,1,1,0,0.0000000,0.0000000,0.0000000,0,0,0,0
756404119227208 D 922,1815944339,1000,1547,1547,2.3730683,0.00000,-1,-1,-1,0,0,0,136,1,1,0,0.0000000,0.0000000,0.0000000,0,0,0,0
756404120237500 D 923,1815945339,1000,1547,1547,2.3730683,0.00000,-1,-1,-1,0,0,0,136,1,1,0,0.0000000,0.0000000,0.0000000,0,0,0,0
756404121222375 D 924,1815946339,1000,1547,1547,2.3730683,0.00000,-1,-1,-1,0,0,0,136,1,1,0,0.0000000,0.0000000,0.0000000,0,0,0,0
756404122232125 D 925,1815947339,1000,1547,1547,2.3730683,0.00000,-1,-1,-1,0,0,0,136,1,1,0,0.0000000,0.0000000,0.0000000,0,0,0,0
756404123236958 D 926,1815948339,1000,1547,1547,2.3730683,0.00000,-1,-1,-1,0,0,0,136,1,1,0,0.0000000,0.0000000,0.0000000,0,0,0,0
756404124234125 D 927,1815949339,1000,1547,1547,2.3730683,0.00000,-1,-1,-1,0,0,0,136,1,1,0,0.0000000,0.0000000,0.0000000,0,0,0,0
756404125227875 D 928,1815950339,1000,1547,1547,2.3730683,0.00000,-1,-1,-1,0,0,0,136,1,1,0,0.0000000,0.0000000,0.0000000,0,0,0,0
756404126247750 D 929,1815951339,1000,1547,1547,2.3730683,0.00000,-1,-1,-1,0,0,0,136,1,1,0,0.0000000,0.0000000,0.0000000,0,0,0,0
756404127634541 D 930,1815952339,1000,1547,1547,2.3730683,0.00000,39,126,2064,0,0,0,136,1,1,0,0.0000000,0.0000000,0.0000000,0,0,0,0
756404128251333 D 931,1815953339,1000,1547,1547,2.3730683,0.00000,-1,-1,-1,0,0,0,136,1,1,0,0.0000000,0.0000000,0.0000000,0,0,0,0
756404129236833 D 932,1815954339,1000,1547,1547,2.3730683,0.00000,-1,-1,-1,0,0,0,136,1,1,0,0.0000000,0.0000000,0.0000000,0,0,0,0
756404130243125 D 933,1815955339,1000,1547,1547,2.3730683,0.00000,-1,-1,-1,0,0,0,136,1,1,0,0.0000000,0.0000000,0.0000000,0,0,0,0
756404131318333 D 934,1815956339,1000,1547,1547,2.3730683,0.00000,-1,-1,-1,0,0,0,136,1,1,0,0.0000000,0.0000000,0.0000000,0,0,0,0
756404132290833 D 935,1815957339,1000,1547,1547,2.3730683,0.00000,-1,-1,-1,0,0,0,136,1,1,0,0.0000000,0.0000000,0.0000000,0,0,0,0
756404133252416 D 936,1815958339,1000,1547,1547,2.3730683,0.00000,-1,-1,-1,0,0,0,136,1,1,0,0.0000000,0.0000000,0.0000000,0,0,0,0
756404134254125 D 937,1815959339,1000,1547,1547,2.3730683,0.00000,-1,-1,-1,0,0,0,136,1,1,0,0.0000000,0.0000000,0.0000000,0,0,0,0
756404135252666 D 938,1815960339,1000,1547,1547,2.3730683,0.00000,-1,-1,-1,0,0,0,136,1,1,0,0.0000000,0.0000000,0.0000000,0,0,0,0
756404136246666 D 939,1815961339,1000,1547,1547,2.3730683,0.00000,-1,-1,-1,0,0,0,136,1,1,0,0.0000000,0.0000000,0.0000000,0,0,0,0
756404137498208 D 940,1815962339,1000,1547,1547,2.3730683,0.00000,-1,-1,-1,0,0,0,136,1,1,0,0.0000000,0.0000000,0.0000000,0,0,0,0
756404138473583 D 941,1815963339,1000,1547,1547,2.3730683,0.00000,-1,-1,-1,0,0,0,136,1,1,0,0.0000000,0.0000000,0.0000000,0,0,0,0
756404139348000 D 942,1815964339,1000,1547,1547,2.3730683,0.00000,-1,-1,-1,0,0,0,136,1,1,0,0.0000000,0.0000000,0.0000000,0,0,0,0
756404140252916 D 943,1815965339,1000,1547,1547,2.3730683,0.00000,-1,-1,-1,0,0,0,136,1,1,0,0.0000000,0.0000000,0.0000000,0,0,0,0
756404141349083 D 944,1815966339,1000,1547,1547,2.3730683,0.00000,-1,-1,-1,0,0,0,136,1,1,0,0.0000000,0.0000000,0.0000000,0,0,0,0
756404142340791 D 945,1815967339,1000,1547,1547,2.3730683,0.00000,-1,-1,-1,0,0,0,136,1,1,0,0.0000000,0.0000000,0.0000000,0,0,0,0
756404143288833 D 946,1815968339,1000,1547,1547,2.3730683,0.00000,-1,-1,-1,0,0,0,136,1,1,0,0.0000000,0.0000000,0.0000000,0,0,0,0
756404144248500 D 947,1815969339,1000,1547,1547,2.3730683,0.00000,-1,-1,-1,0,0,0,136,1,1,0,0.0000000,0.0000000,0.0000000,0,0,0,0
756404145268833 D 948,1815970339,1000,1547,1547,2.3730683,0.00000,-1,-1,-1,0,0,0,136,1,1,0,0.0000000,0.0000000,0.0000000,0,0,0,0
756404146416041 D 949,1815971339,1000,1547,1547,2.3730683,0.00000,-1,-1,-1,0,0,0,136,1,1,0,0.0000000,0.0000000,0.0000000,0,0,0,0
756404147289500 D 950,1815972339,1000,1547,1547,2.3730683,0.00000,-1,-1,-1,0,0,0,136,1,1,0,0.0000000,0.0000000,0.0000000,0,0,0,0
756404148256625 D 951,1815973339,1000,1547,1547,2.3730683,0.00000,-1,-1,-1,0,0,0,136,1,1,0,0.0000000,0.0000000,0.0000000,0,0,0,0
756404149255208 D 952,1815974339,1000,1547,1547,2.3730683,0.00000,-1,-1,-1,0,0,0,136,1,1,0,0.0000000,0.0000000,0.0000000,0,0,0,0
756404150264208 D 953,1815975339,1000,1547,1547,2.3730683,0.00000,-1,-1,-1,0,0,0,136,1,1,0,0.0000000,0.0000000,0.0000000,0,0,0,0
756404151260208 D 954,1815976339,1000,1547,1547,2.3730683,0.00000,-1,-1,-1,0,0,0,136,1,1,0,0.0000000,0.0000000,0.0000000,0,0,0,0
756404152242875 D 955,1815977339,1000,1547,1547,2.3730683,0.00000,-1,-1,-1,0,0,0,136,1,1,0,0.0000000,0.0000000,0.0000000,0,0,0,0
756404153230750 D 956,1815978339,1000,1547,1547,2.3730683,0.00000,-1,-1,-1,0,0,0,136,1,1,0,0.0000000,0.0000000,0.0000000,0,0,0,0
756404154236125 D 957,1815979339,1000,1547,1547,2.3730683,0.00000,-1,-1,-1,0,0,0,136,1,1,0,0.0000000,0.0000000,0.0000000,0,0,0,0
756404155255958 D 958,1815980339,1000,1547,1547,2.3730683,0.00000,-1,-1,-1,0,0,0,136,1,1,0,0.0000000,0.0000000,0.0000000,0,0,0,0
756404156236166 D 959,1815981339,1000,1547,1547,2.3730683,0.00000,-1,-1,-1,0,0,0,136,1,1,0,0.0000000,0.0000000,0.0000000,0,0,0,0
756404157270375 D 960,1815982339,1000,1547,1547,2.3730683,0.00000,-1,-1,-1,0,0,0,136,1,1,0,0.0000000,0.0000000,0.0000000,0,0,0,0
756404158308458 D 961,1815983339,1000,1547,1547,2.3730683,0.00000,-1,-1,-1,0,0,0,136,1,1,0,0.0000000,0.0000000,0.0000000,0,0,0,0
756404159248666 D 962,1815984339,1000,1547,1547,2.3730683,0.00000,-1,-1,-1,0,0,0,136,1,1,0,0.0000000,0.0000000,0.0000000,0,0,0,0
756404160237291 D 963,1815985339,1000,1547,1547,2.3730683,0.00000,-1,-1,-1,0,0,0,136,1,1,0,0.0000000,0.0000000,0.0000000,0,0,0,0
756404161233125 D 964,1815986339,1000,1547,1547,2.3730683,0.00000,-1,-1,-1,0,0,0,136,1,1,0,0.0000000,0.0000000,0.0000000,0,0,0,0
756404162232250 D 965,1815987339,1000,1547,1547,2.3730683,0.00000,-1,-1,-1,0,0,0,136,1,1,0,0.0000000,0.0000000,0.0000000,0,0,0,0
756404163232375 D 966,1815988339,1000,1547,1547,2.3730683,0.00000,-1,-1,-1,0,0,0,136,1,1,0,0.0000000,0.0000000,0.0000000,0,0,0,0
756404164228500 D 967,1815989339,1000,1547,1547,2.3730683,0.00000,-1,-1,-1,0,0,0,136,1,1,0,0.0000000,0.0000000,0.0000000,0,0,0,0
756404165242500 D 968,1815990339,1000,1547,1547,2.3730683,0.00000,-1,-1,-1,0,0,0,136,1,1,0,0.0000000,0.0000000,0.0000000,0,0,0,0
756404166458500 D 969,1815991339,1000,1547,1547,2.3730683,0.00000,-1,-1,-1,0,0,0,136,1,1,0,0.0000000,0.0000000,0.0000000,0,0,0,0
756404167489041 D 970,1815992339,1000,1547,1547,2.3730683,0.00000,-1,-1,-1,0,0,0,136,1,1,0,0.0000000,0.0000000,0.0000000,0,0,0,0
756404168445541 D 971,1815993339,1000,1547,1547,2.3730683,0.00000,-1,-1,-1,0,0,0,136,1,1,0,0.0000000,0.0000000,0.0000000,0,0,0,0
756404169283041 D 972,1815994339,1000,1547,1547,2.3730683,0.00000,-1,-1,-1,0,0,0,136,1,1,0,0.0000000,0.0000000,0.0000000,0,0,0,0
756404170255541 D 973,1815995339,1000,1547,1547,2.3730683,0.00000,-1,-1,-1,0,0,0,136,1,1,0,0.0000000,0.0000000,0.0000000,0,0,0,0
756404171280750 D 974,1815996339,1000,1547,1547,2.3730683,0.00000,-1,-1,-1,0,0,0,136,1,1,0,0.0000000,0.0000000,0.0000000,0,0,0,0
756404172264625 D 975,1815997339,1000,1547,1547,2.3730683,0.00000,-1,-1,-1,0,0,0,136,1,1,0,0.0000000,0.0000000,0.0000000,0,0,0,0
756404173291375 D 976,1815998339,1000,1547,1547,2.3730683,0.00000,-1,-1,-1,0,0,0,136,1,1,0,0.0000000,0.0000000,0.0000000,0,0,0,0
756404174250916 D 977,1815999339,1000,1547,1547,2.3730683,0.00000,-1,-1,-1,0,0,0,136,1,1,0,0.0000000,0.0000000,0.0000000,0,0,0,0
756404175231541 D 978,1816000339,1000,1547,1547,2.3730683,0.00000,-1,-1,-1,0,0,0,136,1,1,0,0.0000000,0.0000000,0.0000000,0,0,0,0
756404176253625 D 979,1816001339,1000,1547,1547,2.3730683,0.00000,-1,-1,-1,0,0,0,136,1,1,0,0.0000000,0.0000000,0.0000000,0,0,0,0
756404177702125 D 980,1816002339,1000,1547,1547,2.3730683,0.00000,39,126,2064,0,0,0,136,1,1,0,0.0000000,0.0000000,0.0000000,0,0,0,0
756404178318416 D 981,1816003339,1000,1547,1547,2.3730683,0.00000,-1,-1,-1,0,0,0,136,1,1,0,0.0000000,0.0000000,0.0000000,0,0,0,0
756404179226791 D 982,1816004339,1000,1547,1547,2.3730683,0.00000,-1,-1,-1,0,0,0,136,1,1,0,0.0000000,0.0000000,0.0000000,0,0,0,0
756404180242708 D 983,1816005339,1000,1547,1547,2.3730683,0.00000,-1,-1,-1,0,0,0,136,1,1,0,0.0000000,0.0000000,0.0000000,0,0,0,0
756404181236000 D 984,1816006339,1000,1547,1547,2.3730683,0.00000,-1,-1,-1,0,0,0,136,1,1,0,0.0000000,0.0000000,0.0000000,0,0,0,0
756404182287291 D 985,1816007339,1000,1547,1547,2.3730683,0.00000,-1,-1,-1,0,0,0,136,1,1,0,0.0000000,0.0000000,0.0000000,0,0,0,0
756404183238458 D 986,1816008339,1000,1547,1547,2.3730683,0.00000,-1,-1,-1,0,0,0,136,1,1,0,0.0000000,0.0000000,0.0000000,0,0,0,0
756404184228666 D 987,1816009339,1000,1547,1547,2.3730683,0.00000,-1,-1,-1,0,0,0,136,1,1,0,0.0000000,0.0000000,0.0000000,0,0,0,0
756404185229916 D 988,1816010339,1000,1547,1547,2.3730683,0.00000,-1,-1,-1,0,0,0,136,1,1,0,0.0000000,0.0000000,0.0000000,0,0,0,0
756404186223916 D 989,1816011339,1000,1547,1547,2.3730683,0.00000,-1,-1,-1,0,0,0,136,1,1,0,0.0000000,0.0000000,0.0000000,0,0,0,0
756404187229916 D 990,1816012339,1000,1547,1547,2.3730683,0.00000,-1,-1,-1,0,0,0,136,1,1,0,0.0000000,0.0000000,0.0000000,0,0,0,0
756404188239333 D 991,1816013339,1000,1547,1547,2.3730683,0.00000,-1,-1,-1,0,0,0,136,1,1,0,0.0000000,0.0000000,0.0000000,0,0,0,0
756404189282375 D 992,1816014339,1000,1547,1547,2.3730683,0.00000,-1,-1,-1,0,0,0,136,1,1,0,0.0000000,0.0000000,0.0000000,0,0,0,0
756404190239583 D 993,1816015339,1000,1547,1547,2.3730683,0.00000,-1,-1,-1,0,0,0,136,1,1,0,0.0000000,0.0000000,0.0000000,0,0,0,0
756404191227291 D 994,1816016339,1000,1547,1547,2.3730683,0.00000,-1,-1,-1,0,0,0,136,1,1,0,0.0000000,0.0000000,0.0000000,0,0,0,0
756404192228083 D 995,1816017339,1000,1547,1547,2.3730683,0.00000,-1,-1,-1,0,0,0,136,1,1,0,0.0000000,0.0000000,0.0000000,0,0,0,0
756404193220791 D 996,1816018339,1000,1547,1547,2.3730683,0.00000,-1,-1,-1,0,0,0,136,1,1,0,0.0000000,0.0000000,0.0000000,0,0,0,0
756404194227750 D 997,1816019339,1000,1547,1547,2.3730683,0.00000,-1,-1,-1,0,0,0,136,1,1,0,0.0000000,0.0000000,0.0000000,0,0,0,0
756404195227458 D 998,1816020339,1000,1547,1547,2.3730683,0.00000,-1,-1,-1,0,0,0,136,1,1,0,0.0000000,0.0000000,0.0000000,0,0,0,0
756404196235750 D 999,1816021339,1000,1547,1547,2.3730683,0.00000,-1,-1,-1,0,0,0,136,1,1,0,0.0000000,0.0000000,0.0000000,0,0,0,0
756404197236041 D 1000,1816022339,1000,1547,1547,2.3730683,0.00000,-1,-1,-1,0,0,0,136,1,1,0,0.0000000,0.0000000,0.0000000,0,0,0,0
756404198231375 D 1001,1816023339,1000,1547,1547,2.3730683,0.00000,-1,-1,-1,0,0,0,136,1,1,0,0.0000000,0.0000000,0.0000000,0,0,0,0
756404199227833 D 1002,1816024339,1000,1547,1547,2.3730683,0.00000,-1,-1,-1,0,0,0,136,1,1,0,0.0000000,0.0000000,0.0000000,0,0,0,0
756404200220666 D 1003,1816025339,1000,1547,1547,2.3730683,0.00000,-1,-1,-1,0,0,0,136,1,1,0,0.0000000,0.0000000,0.0000000,0,0,0,0
756404201232708 D 1004,1816026339,1000,1547,1547,2.3730683,0.00000,-1,-1,-1,0,0,0,136,1,1,0,0.0000000,0.0000000,0.0000000,0,0,0,0
756404202225791 D 1005,1816027339,1000,1547,1547,2.3730683,0.00000,-1,-1,-1,0,0,0,136,1,1,0,0.0000000,0.0000000,0.0000000,0,0,0,0
756404203239250 D 1006,1816028339,1000,1547,1547,2.3730683,0.00000,-1,-1,-1,0,0,0,136,1,1,0,0.0000000,0.0000000,0.0000000,0,0,0,0
756404204464875 D 1007,1816029339,1000,1547,1547,2.3730683,0.00000,-1,-1,-1,0,0,0,136,1,1,0,0.0000000,0.0000000,0.0000000,0,0,0,0
756404205464041 D 1008,1816030339,1000,1547,1547,2.3730683,0.00000,-1,-1,-1,0,0,0,136,1,1,0,0.0000000,0.0000000,0.0000000,0,0,0,0
756404206338166 D 1009,1816031339,1000,1547,1547,2.3730683,0.00000,-1,-1,-1,0,0,0,136,1,1,0,0.0000000,0.0000000,0.0000000,0,0,0,0
756404207242250 D 1010,1816032339,1000,1547,1547,2.3730683,0.00000,-1,-1,-1,0,0,0,136,1,1,0,0.0000000,0.0000000,0.0000000,0,0,0,0
756404208234083 D 1011,1816033339,1000,1547,1547,2.3730683,0.00000,-1,-1,-1,0,0,0,136,1,1,0,0.0000000,0.0000000,0.0000000,0,0,0,0
756404209230291 D 1012,1816034339,1000,1547,1547,2.3730683,0.00000,-1,-1,-1,0,0,0,136,1,1,0,0.0000000,0.0000000,0.0000000,0,0,0,0
756404210223500 D 1013,1816035339,1000,1547,1547,2.3730683,0.00000,-1,-1,-1,0,0,0,136,1,1,0,0.0000000,0.0000000,0.0000000,0,0,0,0
756404211223250 D 1014,1816036339,1000,1547,1547,2.3730683,0.00000,-1,-1,-1,0,0,0,136,1,1,0,0.0000000,0.0000000,0.0000000,0,0,0,0
756404212220541 D 1015,1816037339,1000,1547,1547,2.3730683,0.00000,-1,-1,-1,0,0,0,136,1,1,0,0.0000000,0.0000000,0.0000000,0,0,0,0
756404213218625 D 1016,1816038339,1000,1547,1547,2.3730683,0.00000,-1,-1,-1,0,0,0,136,1,1,0,0.0000000,0.0000000,0.0000000,0,0,0,0
756404214231083 D 1017,1816039339,1000,1547,1547,2.3730683,0.00000,-1,-1,-1,0,0,0,136,1,1,0,0.0000000,0.0000000,0.0000000,0,0,0,0
756404215241625 D 1018,1816040339,1000,1547,1547,2.3730683,0.00000,-1,-1,-1,0,0,0,136,1,1,0,0.0000000,0.0000000,0.0000000,0,0,0,0
756404216224583 D 1019,1816041339,1000,1547,1547,2.3730683,0.00000,-1,-1,-1,0,0,0,136,1,1,0,0.0000000,0.0000000,0.0000000,0,0,0,0
756404217223208 D 1020,1816042339,1000,1547,1547,2.3730683,0.00000,-1,-1,-1,0,0,0,136,1,1,0,0.0000000,0.0000000,0.0000000,0,0,0,0
756404218229916 D 1021,1816043339,1000,1547,1547,2.3730683,0.00000,-1,-1,-1,0,0,0,136,1,1,0,0.0000000,0.0000000,0.0000000,0,0,0,0
756404219217666 D 1022,1816044339,1000,1547,1547,2.3730683,0.00000,-1,-1,-1,0,0,0,136,1,1,0,0.0000000,0.0000000,0.0000000,0,0,0,0
756404220241833 D 1023,1816045339,1000,1547,1547,2.3730683,0.00000,-1,-1,-1,0,0,0,136,1,1,0,0.0000000,0.0000000,0.0000000,0,0,0,0
756404221230333 D 1024,1816046339,1000,1547,1547,2.3730683,0.00000,-1,-1,-1,0,0,0,136,1,1,0,0.0000000,0.0000000,0.0000000,0,0,0,0
756404222229541 D 1025,1816047339,1000,1547,1547,2.3730683,0.00000,-1,-1,-1,0,0,0,136,1,1,0,0.0000000,0.0000000,0.0000000,0,0,0,0
756404223217708 D 1026,1816048339,1000,1547,1547,2.3730683,0.00000,-1,-1,-1,0,0,0,136,1,1,0,0.0000000,0.0000000,0.0000000,0,0,0,0
756404224235708 D 1027,1816049339,1000,1547,1547,2.3730683,0.00000,-1,-1,-1,0,0,0,136,1,1,0,0.0000000,0.0000000,0.0000000,0,0,0,0
756404225222833 D 1028,1816050339,1000,1547,1547,2.3730683,0.00000,-1,-1,-1,0,0,0,136,1,1,0,0.0000000,0.0000000,0.0000000,0,0,0,0
756404226228291 D 1029,1816051339,1000,1547,1547,2.3730683,0.00000,-1,-1,-1,0,0,0,136,1,1,0,0.0000000,0.0000000,0.0000000,0,0,0,0
756404227675458 D 1030,1816052339,1000,1547,1547,2.3730683,0.00000,39,126,2064,0,0,0,136,1,1,0,0.0000000,0.0000000,0.0000000,0,0,0,0
756404228289583 D 1031,1816053339,1000,1547,1547,2.3730683,0.00000,-1,-1,-1,0,0,0,136,1,1,0,0.0000000,0.0000000,0.0000000,0,0,0,0
756404229455916 D 1032,1816054339,1000,1547,1547,2.3730683,0.00000,-1,-1,-1,0,0,0,136,1,1,0,0.0000000,0.0000000,0.0000000,0,0,0,0
756404230441291 D 1033,1816055339,1000,1547,1547,2.3730683,0.00000,-1,-1,-1,0,0,0,136,1,1,0,0.0000000,0.0000000,0.0000000,0,0,0,0
756404231460125 D 1034,1816056339,1000,1547,1547,2.3730683,0.00000,-1,-1,-1,0,0,0,136,1,1,0,0.0000000,0.0000000,0.0000000,0,0,0,0
756404232320916 D 1035,1816057339,1000,1547,1547,2.3730683,0.00000,-1,-1,-1,0,0,0,136,1,1,0,0.0000000,0.0000000,0.0000000,0,0,0,0
756404233281625 D 1036,1816058339,1000,1547,1547,2.3730683,0.00000,-1,-1,-1,0,0,0,136,1,1,0,0.0000000,0.0000000,0.0000000,0,0,0,0
756404234298666 D 1037,1816059339,1000,1547,1547,2.3730683,0.00000,-1,-1,-1,0,0,0,136,1,1,0,0.0000000,0.0000000,0.0000000,0,0,0,0
756404235265208 D 1038,1816060339,1000,1547,1547,2.3730683,0.00000,-1,-1,-1,0,0,0,136,1,1,0,0.0000000,0.0000000,0.0000000,0,0,0,0
756404236259666 D 1039,1816061339,1000,1547,1547,2.3730683,0.00000,-1,-1,-1,0,0,0,136,1,1,0,0.0000000,0.0000000,0.0000000,0,0,0,0
756404237251291 D 1040,1816062339,1000,1547,1547,2.3730683,0.00000,-1,-1,-1,0,0,0,136,1,1,0,0.0000000,0.0000000,0.0000000,0,0,0,0
756404238231125 D 1041,1816063339,1000,1547,1547,2.3730683,0.00000,-1,-1,-1,0,0,0,136,1,1,0,0.0000000,0.0000000,0.0000000,0,0,0,0
756404239245666 D 1042,1816064339,1000,1547,1547,2.3730683,0.00000,-1,-1,-1,0,0,0,136,1,1,0,0.0000000,0.0000000,0.0000000,0,0,0,0
756404240249291 D 1043,1816065339,1000,1547,1547,2.3730683,0.00000,-1,-1,-1,0,0,0,136,1,1,0,0.0000000,0.0000000,0.0000000,0,0,0,0
756404241245916 D 1044,1816066339,1000,1547,1547,2.3730683,0.00000,-1,-1,-1,0,0,0,136,1,1,0,0.0000000,0.0000000,0.0000000,0,0,0,0
756404242226125 D 1045,1816067339,1000,1547,1547,2.3730683,0.00000,-1,-1,-1,0,0,0,136,1,1,0,0.0000000,0.0000000,0.0000000,0,0,0,0
756404243258416 D 1046,1816068339,1000,1547,1547,2.3730683,0.00000,-1,-1,-1,0,0,0,136,1,1,0,0.0000000,0.0000000,0.0000000,0,0,0,0
756404244232166 D 1047,1816069339,1000,1547,1547,2.3730683,0.00000,-1,-1,-1,0,0,0,136,1,1,0,0.0000000,0.0000000,0.0000000,0,0,0,0
756404245234333 D 1048,1816070339,1000,1547,1547,2.3730683,0.00000,-1,-1,-1,0,0,0,136,1,1,0,0.0000000,0.0000000,0.0000000,0,0,0,0
756404246228083 D 1049,1816071339,1000,1547,1547,2.3730683,0.00000,-1,-1,-1,0,0,0,136,1,1,0,0.0000000,0.0000000,0.0000000,0,0,0,0
756404247461875 D 1050,1816072339,1000,1547,1547,2.3730683,0.00000,-1,-1,-1,0,0,0,136,1,1,0,0.0000000,0.0000000,0.0000000,0,0,0,0
756404248441750 D 1051,1816073339,1000,1547,1547,2.3730683,0.00000,-1,-1,-1,0,0,0,136,1,1,0,0.0000000,0.0000000,0.0000000,0,0,0,0
756404249465208 D 1052,1816074339,1000,1547,1547,2.3730683,0.00000,-1,-1,-1,0,0,0,136,1,1,0,0.0000000,0.0000000,0.0000000,0,0,0,0
756404250228250 D 1053,1816075339,1000,1547,1547,2.3730683,0.00000,-1,-1,-1,0,0,0,136,1,1,0,0.0000000,0.0000000,0.0000000,0,0,0,0
756404251244416 D 1054,1816076339,1000,1547,1547,2.3730683,0.00000,-1,-1,-1,0,0,0,136,1,1,0,0.0000000,0.0000000,0.0000000,0,0,0,0
756404252256708 D 1055,1816077339,1000,1547,1547,2.3730683,0.00000,-1,-1,-1,0,0,0,136,1,1,0,0.0000000,0.0000000,0.0000000,0,0,0,0
756404253230625 D 1056,1816078339,1000,1547,1547,2.3730683,0.00000,-1,-1,-1,0,0,0,136,1,1,0,0.0000000,0.0000000,0.0000000,0,0,0,0
756404254227583 D 1057,1816079339,1000,1547,1547,2.3730683,0.00000,-1,-1,-1,0,0,0,136,1,1,0,0.0000000,0.0000000,0.0000000,0,0,0,0
756404255228875 D 1058,1816080339,1000,1547,1547,2.3730683,0.00000,-1,-1,-1,0,0,0,136,1,1,0,0.0000000,0.0000000,0.0000000,0,0,0,0
756404256250083 D 1059,1816081339,1000,1547,1547,2.3730683,0.00000,-1,-1,-1,0,0,0,136,1,1,0,0.0000000,0.0000000,0.0000000,0,0,0,0
756404257250375 D 1060,1816082339,1000,1547,1547,2.3730683,0.00000,-1,-1,-1,0,0,0,136,1,1,0,0.0000000,0.0000000,0.0000000,0,0,0,0
756404258232375 D 1061,1816083339,1000,1547,1547,2.3730683,0.00000,-1,-1,-1,0,0,0,136,1,1,0,0.0000000,0.0000000,0.0000000,0,0,0,0
756404259231500 D 1062,1816084339,1000,1547,1547,2.3730683,0.00000,-1,-1,-1,0,0,0,136,1,1,0,0.0000000,0.0000000,0.0000000,0,0,0,0
756404260240041 D 1063,1816085339,1000,1547,1547,2.3730683,0.00000,-1,-1,-1,0,0,0,136,1,1,0,0.0000000,0.0000000,0.0000000,0,0,0,0
756404261231833 D 1064,1816086339,1000,1547,1547,2.3730683,0.00000,-1,-1,-1,0,0,0,136,1,1,0,0.0000000,0.0000000,0.0000000,0,0,0,0
756404262234500 D 1065,1816087339,1000,1547,1547,2.3730683,0.00000,-1,-1,-1,0,0,0,136,1,1,0,0.0000000,0.0000000,0.0000000,0,0,0,0
756404263234333 D 1066,1816088339,1000,1547,1547,2.3730683,0.00000,-1,-1,-1,0,0,0,136,1,1,0,0.0000000,0.0000000,0.0000000,0,0,0,0
756404264229750 D 1067,1816089339,1000,1547,1547,2.3730683,0.00000,-1,-1,-1,0,0,0,136,1,1,0,0.0000000,0.0000000,0.0000000,0,0,0,0
756404265223708 D 1068,1816090339,1000,1547,1547,2.3730683,0.00000,-1,-1,-1,0,0,0,136,1,1,0,0.0000000,0.0000000,0.0000000,0,0,0,0
756404266229500 D 1069,1816091339,1000,1547,1547,2.3730683,0.00000,-1,-1,-1,0,0,0,136,1,1,0,0.0000000,0.0000000,0.0000000,0,0,0,0
756404267245875 D 1070,1816092339,1000,1547,1547,2.3730683,0.00000,-1,-1,-1,0,0,0,136,1,1,0,0.0000000,0.0000000,0.0000000,0,0,0,0
756404268239250 D 1071,1816093339,1000,1547,1547,2.3730683,0.00000,-1,-1,-1,0,0,0,136,1,1,0,0.0000000,0.0000000,0.0000000,0,0,0,0
756404269233625 D 1072,1816094339,1000,1547,1547,2.3730683,0.00000,-1,-1,-1,0,0,0,136,1,1,0,0.0000000,0.0000000,0.0000000,0,0,0,0
756404270224333 D 1073,1816095339,1000,1547,1547,2.3730683,0.00000,-1,-1,-1,0,0,0,136,1,1,0,0.0000000,0.0000000,0.0000000,0,0,0,0
756404271224375 D 1074,1816096339,1000,1547,1547,2.3730683,0.00000,-1,-1,-1,0,0,0,136,1,1,0,0.0000000,0.0000000,0.0000000,0,0,0,0
756404272225125 D 1075,1816097339,1000,1547,1547,2.3730683,0.00000,-1,-1,-1,0,0,0,136,1,1,0,0.0000000,0.0000000,0.0000000,0,0,0,0
756404273231375 D 1076,1816098339,1000,1547,1547,2.3730683,0.00000,-1,-1,-1,0,0,0,136,1,1,0,0.0000000,0.0000000,0.0000000,0,0,0,0
756404274309041 D 1077,1816099339,1000,1547,1547,2.3730683,0.00000,-1,-1,-1,0,0,0,136,1,1,0,0.0000000,0.0000000,0.0000000,0,0,0,0
756404275478041 D 1078,1816100339,1000,1547,1547,2.3730683,0.00000,-1,-1,-1,0,0,0,136,1,1,0,0.0000000,0.0000000,0.0000000,0,0,0,0
756404276453750 D 1079,1816101339,1000,1547,1547,2.3730683,0.00000,-1,-1,-1,0,0,0,136,1,1,0,0.0000000,0.0000000,0.0000000,0,0,0,0
756404277849541 D 1080,1816102339,1000,1547,1547,2.3730683,0.00000,39,126,2063,0,0,0,136,1,1,0,0.0000000,0.0000000,0.0000000,0,0,0,0
756404278706416 D 1081,1816103339,1000,1547,1547,2.3730683,0.00000,-1,-1,-1,0,0,0,136,1,1,0,0.0000000,0.0000000,0.0000000,0,0,0,0
756404279439291 D 1082,1816104339,1000,1547,1547,2.3730683,0.00000,-1,-1,-1,0,0,0,136,1,1,0,0.0000000,0.0000000,0.0000000,0,0,0,0
756404280227208 D 1083,1816105339,1000,1547,1547,2.3730683,0.00000,-1,-1,-1,0,0,0,136,1,1,0,0.0000000,0.0000000,0.0000000,0,0,0,0
756404281263458 D 1084,1816106339,1000,1547,1547,2.3730683,0.00000,-1,-1,-1,0,0,0,136,1,1,0,0.0000000,0.0000000,0.0000000,0,0,0,0
756404282267250 D 1085,1816107339,1000,1547,1547,2.3730683,0.00000,-1,-1,-1,0,0,0,136,1,1,0,0.0000000,0.0000000,0.0000000,0,0,0,0
756404283287375 D 1086,1816108339,1000,1547,1547,2.3730683,0.00000,-1,-1,-1,0,0,0,136,1,1,0,0.0000000,0.0000000,0.0000000,0,0,0,0
756404284234791 D 1087,1816109339,1000,1547,1547,2.3730683,0.00000,-1,-1,-1,0,0,0,136,1,1,0,0.0000000,0.0000000,0.0000000,0,0,0,0
756404285235791 D 1088,1816110339,1000,1547,1547,2.3730683,0.00000,-1,-1,-1,0,0,0,136,1,1,0,0.0000000,0.0000000,0.0000000,0,0,0,0
756404286237708 D 1089,1816111339,1000,1547,1547,2.3730683,0.00000,-1,-1,-1,0,0,0,136,1,1,0,0.0000000,0.0000000,0.0000000,0,0,0,0
756404287239458 D 1090,1816112339,1000,1547,1547,2.3730683,0.00000,-1,-1,-1,0,0,0,136,1,1,0,0.0000000,0.0000000,0.0000000,0,0,0,0
756404288241708 D 1091,1816113339,1000,1547,1547,2.3730683,0.00000,-1,-1,-1,0,0,0,136,1,1,0,0.0000000,0.0000000,0.0000000,0,0,0,0
756404289263708 D 1092,1816114339,1000,1547,1547,2.3730683,0.00000,-1,-1,-1,0,0,0,136,1,1,0,0.0000000,0.0000000,0.0000000,0,0,0,0
756404290273875 D 1093,1816115339,1000,1547,1547,2.3730683,0.00000,-1,-1,-1,0,0,0,136,1,1,0,0.0000000,0.0000000,0.0000000,0,0,0,0
756404291250125 D 1094,1816116339,1000,1547,1547,2.3730683,0.00000,-1,-1,-1,0,0,0,136,1,1,0,0.0000000,0.0000000,0.0000000,0,0,0,0
756404292250333 D 1095,1816117339,1000,1547,1547,2.3730683,0.00000,-1,-1,-1,0,0,0,136,1,1,0,0.0000000,0.0000000,0.0000000,0,0,0,0
756404293231291 D 1096,1816118339,1000,1547,1547,2.3730683,0.00000,-1,-1,-1,0,0,0,136,1,1,0,0.0000000,0.0000000,0.0000000,0,0,0,0
756404294240583 D 1097,1816119339,1000,1547,1547,2.3730683,0.00000,-1,-1,-1,0,0,0,136,1,1,0,0.0000000,0.0000000,0.0000000,0,0,0,0
756404295227875 D 1098,1816120339,1000,1547,1547,2.3730683,0.00000,-1,-1,-1,0,0,0,136,1,1,0,0.0000000,0.0000000,0.0000000,0,0,0,0
756404296231833 D 1099,1816121339,1000,1547,1547,2.3730683,0.00000,-1,-1,-1,0,0,0,136,1,1,0,0.0000000,0.0000000,0.0000000,0,0,0,0
756404297251458 D 1100,1816122339,1000,1547,1547,2.3730683,0.00000,-1,-1,-1,0,0,0,136,1,1,0,0.0000000,0.0000000,0.0000000,0,0,0,0
756404298258875 D 1101,1816123339,1000,1547,1547,2.3730683,0.00000,-1,-1,-1,0,0,0,136,1,1,0,0.0000000,0.0000000,0.0000000,0,0,0,0
756404299227750 D 1102,1816124339,1000,1547,1547,2.3730683,0.00000,-1,-1,-1,0,0,0,136,1,1,0,0.0000000,0.0000000,0.0000000,0,0,0,0
756404300232833 D 1103,1816125339,1000,1547,1547,2.3730683,0.00000,-1,-1,-1,0,0,0,136,1,1,0,0.0000000,0.0000000,0.0000000,0,0,0,0
756404301228125 D 1104,1816126339,1000,1547,1547,2.3730683,0.00000,-1,-1,-1,0,0,0,136,1,1,0,0.0000000,0.0000000,0.0000000,0,0,0,0
756404302232541 D 1105,1816127339,1000,1547,1547,2.3730683,0.00000,-1,-1,-1,0,0,0,136,1,1,0,0.0000000,0.0000000,0.0000000,0,0,0,0
756404303247625 D 1106,1816128339,1000,1547,1547,2.3730683,0.00000,-1,-1,-1,0,0,0,136,1,1,0,0.0000000,0.0000000,0.0000000,0,0,0,0
756404304456541 D 1107,1816129339,1000,1547,1547,2.3730683,0.00000,-1,-1,-1,0,0,0,136,1,1,0,0.0000000,0.0000000,0.0000000,0,0,0,0
756404305454708 D 1108,1816130339,1000,1547,1547,2.3730683,0.00000,-1,-1,-1,0,0,0,136,1,1,0,0.0000000,0.0000000,0.0000000,0,0,0,0
756404306447125 D 1109,1816131339,1000,1547,1547,2.3730683,0.00000,-1,-1,-1,0,0,0,136,1,1,0,0.0000000,0.0000000,0.0000000,0,0,0,0
756404307280750 D 1110,1816132339,1000,1547,1547,2.3730683,0.00000,-1,-1,-1,0,0,0,136,1,1,0,0.0000000,0.0000000,0.0000000,0,0,0,0
756404308230166 D 1111,1816133339,1000,1547,1547,2.3730683,0.00000,-1,-1,-1,0,0,0,136,1,1,0,0.0000000,0.0000000,0.0000000,0,0,0,0
756404309234958 D 1112,1816134339,1000,1547,1547,2.3730683,0.00000,-1,-1,-1,0,0,0,136,1,1,0,0.0000000,0.0000000,0.0000000,0,0,0,0
756404310231000 D 1113,1816135339,1000,1547,1547,2.3730683,0.00000,-1,-1,-1,0,0,0,136,1,1,0,0.0000000,0.0000000,0.0000000,0,0,0,0
756404311235750 D 1114,1816136339,1000,1547,1547,2.3730683,0.00000,-1,-1,-1,0,0,0,136,1,1,0,0.0000000,0.0000000,0.0000000,0,0,0,0
756404312253416 D 1115,1816137339,1000,1547,1547,2.3730683,0.00000,-1,-1,-1,0,0,0,136,1,1,0,0.0000000,0.0000000,0.0000000,0,0,0,0
756404313253125 D 1116,1816138339,1000,1547,1547,2.3730683,0.00000,-1,-1,-1,0,0,0,136,1,1,0,0.0000000,0.0000000,0.0000000,0,0,0,0
756404314249583 D 1117,1816139339,1000,1547,1547,2.3730683,0.00000,-1,-1,-1,0,0,0,136,1,1,0,0.0000000,0.0000000,0.0000000,0,0,0,0
756404315246125 D 1118,1816140339,1000,1547,1547,2.3730683,0.00000,-1,-1,-1,0,0,0,136,1,1,0,0.0000000,0.0000000,0.0000000,0,0,0,0
756404316231125 D 1119,1816141339,1000,1547,1547,2.3730683,0.00000,-1,-1,-1,0,0,0,136,1,1,0,0.0000000,0.0000000,0.0000000,0,0,0,0
756404317239916 D 1120,1816142339,1000,1547,1547,2.3730683,0.00000,-1,-1,-1,0,0,0,136,1,1,0,0.0000000,0.0000000,0.0000000,0,0,0,0
756404318256166 D 1121,1816143339,1000,1547,1547,2.3730683,0.00000,-1,-1,-1,0,0,0,136,1,1,0,0.0000000,0.0000000,0.0000000,0,0,0,0
756404319232666 D 1122,1816144339,1000,1547,1547,2.3730683,0.00000,-1,-1,-1,0,0,0,136,1,1,0,0.0000000,0.0000000,0.0000000,0,0,0,0
756404320229291 D 1123,1816145339,1000,1547,1547,2.3730683,0.00000,-1,-1,-1,0,0,0,136,1,1,0,0.0000000,0.0000000,0.0000000,0,0,0,0
756404321218000 D 1124,1816146339,1000,1547,1547,2.3730683,0.00000,-1,-1,-1,0,0,0,136,1,1,0,0.0000000,0.0000000,0.0000000,0,0,0,0
756404322234958 D 1125,1816147339,1000,1547,1547,2.3730683,0.00000,-1,-1,-1,0,0,0,136,1,1,0,0.0000000,0.0000000,0.0000000,0,0,0,0
756404323210958 D 1126,1816148339,1000,1547,1547,2.3730683,0.00000,-1,-1,-1,0,0,0,136,1,1,0,0.0000000,0.0000000,0.0000000,0,0,0,0
756404324232958 D 1127,1816149339,1000,1547,1547,2.3730683,0.00000,-1,-1,-1,0,0,0,136,1,1,0,0.0000000,0.0000000,0.0000000,0,0,0,0
756404325216750 D 1128,1816150339,1000,1547,1547,2.3730683,0.00000,-1,-1,-1,0,0,0,136,1,1,0,0.0000000,0.0000000,0.0000000,0,0,0,0
756404326228041 D 1129,1816151339,1000,1547,1547,2.3730683,0.00000,-1,-1,-1,0,0,0,136,1,1,0,0.0000000,0.0000000,0.0000000,0,0,0,0
756404327656708 D 1130,1816152339,1000,1547,1547,2.3730683,0.00000,39,126,2066,0,0,0,136,1,1,0,0.0000000,0.0000000,0.0000000,0,0,0,0
756404328266708 D 1131,1816153339,1000,1547,1547,2.3730683,0.00000,-1,-1,-1,0,0,0,136,1,1,0,0.0000000,0.0000000,0.0000000,0,0,0,0
756404329216333 D 1132,1816154339,1000,1547,1547,2.3730683,0.00000,-1,-1,-1,0,0,0,136,1,1,0,0.0000000,0.0000000,0.0000000,0,0,0,0
756404330264125 D 1133,1816155339,1000,1547,1547,2.3730683,0.00000,-1,-1,-1,0,0,0,136,1,1,0,0.0000000,0.0000000,0.0000000,0,0,0,0
756404331288500 D 1134,1816156339,1000,1547,1547,2.3730683,0.00000,-1,-1,-1,0,0,0,136,1,1,0,0.0000000,0.0000000,0.0000000,0,0,0,0
756404332283291 D 1135,1816157339,1000,1547,1547,2.3730683,0.00000,-1,-1,-1,0,0,0,136,1,1,0,0.0000000,0.0000000,0.0000000,0,0,0,0
756404333386291 D 1136,1816158339,1000,1547,1547,2.3730683,0.00000,-1,-1,-1,0,0,0,136,1,1,0,0.0000000,0.0000000,0.0000000,0,0,0,0
756404334509250 D 1137,1816159339,1000,1547,1547,2.3730683,0.00000,-1,-1,-1,0,0,0,136,1,1,0,0.0000000,0.0000000,0.0000000,0,0,0,0
756404335534583 D 1138,1816160339,1000,1547,1547,2.3730683,0.00000,-1,-1,-1,0,0,0,136,1,1,0,0.0000000,0.0000000,0.0000000,0,0,0,0
756404336554583 D 1139,1816161339,1000,1547,1547,2.3730683,0.00000,-1,-1,-1,0,0,0,136,1,1,0,0.0000000,0.0000000,0.0000000,0,0,0,0
756404337274541 D 1140,1816162339,1000,1547,1547,2.3730683,0.00000,-1,-1,-1,0,0,0,136,1,1,0,0.0000000,0.0000000,0.0000000,0,0,0,0
756404338251125 D 1141,1816163339,1000,1547,1547,2.3730683,0.00000,-1,-1,-1,0,0,0,136,1,1,0,0.0000000,0.0000000,0.0000000,0,0,0,0
756404339242791 D 1142,1816164339,1000,1547,1547,2.3730683,0.00000,-1,-1,-1,0,0,0,136,1,1,0,0.0000000,0.0000000,0.0000000,0,0,0,0
756404340235208 D 1143,1816165339,1000,1547,1547,2.3730683,0.00000,-1,-1,-1,0,0,0,136,1,1,0,0.0000000,0.0000000,0.0000000,0,0,0,0
756404341279500 D 1144,1816166339,1000,1547,1547,2.3730683,0.00000,-1,-1,-1,0,0,0,136,1,1,0,0.0000000,0.0000000,0.0000000,0,0,0,0
756404342280791 D 1145,1816167339,1000,1547,1547,2.3730683,0.00000,-1,-1,-1,0,0,0,136,1,1,0,0.0000000,0.0000000,0.0000000,0,0,0,0
756404343317916 D 1146,1816168339,1000,1547,1547,2.3730683,0.00000,-1,-1,-1,0,0,0,136,1,1,0,0.0000000,0.0000000,0.0000000,0,0,0,0
756404344312583 D 1147,1816169339,1000,1547,1547,2.3730683,0.00000,-1,-1,-1,0,0,0,136,1,1,0,0.0000000,0.0000000,0.0000000,0,0,0,0
756404345280541 D 1148,1816170339,1000,1547,1547,2.3730683,0.00000,-1,-1,-1,0,0,0,136,1,1,0,0.0000000,0.0000000,0.0000000,0,0,0,0
756404346345791 D 1149,1816171339,1000,1547,1547,2.3730683,0.00000,-1,-1,-1,0,0,0,136,1,1,0,0.0000000,0.0000000,0.0000000,0,0,0,0
756404347362791 D 1150,1816172339,1000,1547,1547,2.3730683,0.00000,-1,-1,-1,0,0,0,136,1,1,0,0.0000000,0.0000000,0.0000000,0,0,0,0
756404348262000 D 1151,1816173339,1000,1547,1547,2.3730683,0.00000,-1,-1,-1,0,0,0,136,1,1,0,0.0000000,0.0000000,0.0000000,0,0,0,0
756404349254416 D 1152,1816174339,1000,1547,1547,2.3730683,0.00000,-1,-1,-1,0,0,0,136,1,1,0,0.0000000,0.0000000,0.0000000,0,0,0,0
756404350250625 D 1153,1816175339,1000,1547,1547,2.3730683,0.00000,-1,-1,-1,0,0,0,136,1,1,0,0.0000000,0.0000000,0.0000000,0,0,0,0
756404351246916 D 1154,1816176339,1000,1547,1547,2.3730683,0.00000,-1,-1,-1,0,0,0,136,1,1,0,0.0000000,0.0000000,0.0000000,0,0,0,0
756404352234000 D 1155,1816177339,1000,1547,1547,2.3730683,0.00000,-1,-1,-1,0,0,0,136,1,1,0,0.0000000,0.0000000,0.0000000,0,0,0,0
756404353235875 D 1156,1816178339,1000,1547,1547,2.3730683,0.00000,-1,-1,-1,0,0,0,136,1,1,0,0.0000000,0.0000000,0.0000000,0,0,0,0
756404354248500 D 1157,1816179339,1000,1547,1547,2.3730683,0.00000,-1,-1,-1,0,0,0,136,1,1,0,0.0000000,0.0000000,0.0000000,0,0,0,0
756404355235041 D 1158,1816180339,1000,1547,1547,2.3730683,0.00000,-1,-1,-1,0,0,0,136,1,1,0,0.0000000,0.0000000,0.0000000,0,0,0,0
756404356248291 D 1159,1816181339,1000,1547,1547,2.3730683,0.00000,-1,-1,-1,0,0,0,136,1,1,0,0.0000000,0.0000000,0.0000000,0,0,0,0
756404357252083 D 1160,1816182339,1000,1547,1547,2.3730683,0.00000,-1,-1,-1,0,0,0,136,1,1,0,0.0000000,0.0000000,0.0000000,0,0,0,0
756404358243916 D 1161,1816183339,1000,1547,1547,2.3730683,0.00000,-1,-1,-1,0,0,0,136,1,1,0,0.0000000,0.0000000,0.0000000,0,0,0,0
756404359237000 D 1162,1816184339,1000,1547,1547,2.3730683,0.00000,-1,-1,-1,0,0,0,136,1,1,0,0.0000000,0.0000000,0.0000000,0,0,0,0
756404360240708 D 1163,1816185339,1000,1547,1547,2.3730683,0.00000,-1,-1,-1,0,0,0,136,1,1,0,0.0000000,0.0000000,0.0000000,0,0,0,0
756404361321458 D 1164,1816186339,1000,1547,1547,2.3730683,0.00000,-1,-1,-1,0,0,0,136,1,1,0,0.0000000,0.0000000,0.0000000,0,0,0,0
756404362284458 D 1165,1816187339,1000,1547,1547,2.3730683,0.00000,-1,-1,-1,0,0,0,136,1,1,0,0.0000000,0.0000000,0.0000000,0,0,0,0
756404363255708 D 1166,1816188339,1000,1547,1547,2.3730683,0.00000,-1,-1,-1,0,0,0,136,1,1,0,0.0000000,0.0000000,0.0000000,0,0,0,0
756404364252291 D 1167,1816189339,1000,1547,1547,2.3730683,0.00000,-1,-1,-1,0,0,0,136,1,1,0,0.0000000,0.0000000,0.0000000,0,0,0,0
756404365255583 D 1168,1816190339,1000,1547,1547,2.3730683,0.00000,-1,-1,-1,0,0,0,136,1,1,0,0.0000000,0.0000000,0.0000000,0,0,0,0
756404366241125 D 1169,1816191339,1000,1547,1547,2.3730683,0.00000,-1,-1,-1,0,0,0,136,1,1,0,0.0000000,0.0000000,0.0000000,0,0,0,0
756404367237166 D 1170,1816192339,1000,1547,1547,2.3730683,0.00000,-1,-1,-1,0,0,0,136,1,1,0,0.0000000,0.0000000,0.0000000,0,0,0,0
756404368227000 D 1171,1816193339,1000,1547,1547,2.3730683,0.00000,-1,-1,-1,0,0,0,136,1,1,0,0.0000000,0.0000000,0.0000000,0,0,0,0
756404369239541 D 1172,1816194339,1000,1547,1547,2.3730683,0.00000,-1,-1,-1,0,0,0,136,1,1,0,0.0000000,0.0000000,0.0000000,0,0,0,0
756404370238291 D 1173,1816195339,1000,1547,1547,2.3730683,0.00000,-1,-1,-1,0,0,0,136,1,1,0,0.0000000,0.0000000,0.0000000,0,0,0,0
756404371258041 D 1174,1816196339,1000,1547,1547,2.3730683,0.00000,-1,-1,-1,0,0,0,136,1,1,0,0.0000000,0.0000000,0.0000000,0,0,0,0
756404372460750 D 1175,1816197339,1000,1547,1547,2.3730683,0.00000,-1,-1,-1,0,0,0,136,1,1,0,0.0000000,0.0000000,0.0000000,0,0,0,0
756404373485666 D 1176,1816198339,1000,1547,1547,2.3730683,0.00000,-1,-1,-1,0,0,0,136,1,1,0,0.0000000,0.0000000,0.0000000,0,0,0,0
756404374399708 D 1177,1816199339,1000,1547,1547,2.3730683,0.00000,-1,-1,-1,0,0,0,136,1,1,0,0.0000000,0.0000000,0.0000000,0,0,0,0
756404375252458 D 1178,1816200339,1000,1547,1547,2.3730683,0.00000,-1,-1,-1,0,0,0,136,1,1,0,0.0000000,0.0000000,0.0000000,0,0,0,0
756404376272791 D 1179,1816201339,1000,1547,1547,2.3730683,0.00000,-1,-1,-1,0,0,0,136,1,1,0,0.0000000,0.0000000,0.0000000,0,0,0,0
756404377809208 D 1180,1816202339,1000,1547,1547,2.3730683,0.00000,39,126,2065,0,0,0,136,1,1,0,0.0000000,0.0000000,0.0000000,0,0,0,0
756404378571833 D 1181,1816203339,1000,1547,1547,2.3730683,0.00000,-1,-1,-1,0,0,0,136,1,1,0,0.0000000,0.0000000,0.0000000,0,0,0,0
756404379493375 D 1182,1816204339,1000,1547,1547,2.3730683,0.00000,-1,-1,-1,0,0,0,136,1,1,0,0.0000000,0.0000000,0.0000000,0,0,0,0
756404380464791 D 1183,1816205339,1000,1547,1547,2.3730683,0.00000,-1,-1,-1,0,0,0,136,1,1,0,0.0000000,0.0000000,0.0000000,0,0,0,0
756404381521666 D 1184,1816206339,1000,1547,1547,2.3730683,0.00000,-1,-1,-1,0,0,0,136,1,1,0,0.0000000,0.0000000,0.0000000,0,0,0,0
756404382354875 D 1185,1816207339,1000,1547,1547,2.3730683,0.00000,-1,-1,-1,0,0,0,136,1,1,0,0.0000000,0.0000000,0.0000000,0,0,0,0
756404383295458 D 1186,1816208339,1000,1547,1547,2.3730683,0.00000,-1,-1,-1,0,0,0,136,1,1,0,0.0000000,0.0000000,0.0000000,0,0,0,0
756404384272125 D 1187,1816209339,1000,1547,1547,2.3730683,0.00000,-1,-1,-1,0,0,0,136,1,1,0,0.0000000,0.0000000,0.0000000,0,0,0,0
756404385267708 D 1188,1816210339,1000,1547,1547,2.3730683,0.00000,-1,-1,-1,0,0,0,136,1,1,0,0.0000000,0.0000000,0.0000000,0,0,0,0
756404386245041 D 1189,1816211339,1000,1547,1547,2.3730683,0.00000,-1,-1,-1,0,0,0,136,1,1,0,0.0000000,0.0000000,0.0000000,0,0,0,0
756404387245791 D 1190,1816212339,1000,1547,1547,2.3730683,0.00000,-1,-1,-1,0,0,0,136,1,1,0,0.0000000,0.0000000,0.0000000,0,0,0,0
756404388252083 D 1191,1816213339,1000,1547,1547,2.3730683,0.00000,-1,-1,-1,0,0,0,136,1,1,0,0.0000000,0.0000000,0.0000000,0,0,0,0
756404389273500 D 1192,1816214339,1000,1547,1547,2.3730683,0.00000,-1,-1,-1,0,0,0,136,1,1,0,0.0000000,0.0000000,0.0000000,0,0,0,0
756404390407125 D 1193,1816215339,1000,1547,1547,2.3730683,0.00000,-1,-1,-1,0,0,0,136,1,1,0,0.0000000,0.0000000,0.0000000,0,0,0,0
756404391366750 D 1194,1816216339,1000,1547,1547,2.3730683,0.00000,-1,-1,-1,0,0,0,136,1,1,0,0.0000000,0.0000000,0.0000000,0,0,0,0
756404392347583 D 1195,1816217339,1000,1547,1547,2.3730683,0.00000,-1,-1,-1,0,0,0,136,1,1,0,0.0000000,0.0000000,0.0000000,0,0,0,0
756404393311416 D 1196,1816218339,1000,1547,1547,2.3730683,0.00000,-1,-1,-1,0,0,0,136,1,1,0,0.0000000,0.0000000,0.0000000,0,0,0,0
756404394312625 D 1197,1816219339,1000,1547,1547,2.3730683,0.00000,-1,-1,-1,0,0,0,136,1,1,0,0.0000000,0.0000000,0.0000000,0,0,0,0
756404395360000 D 1198,1816220339,1000,1547,1547,2.3730683,0.00000,-1,-1,-1,0,0,0,136,1,1,0,0.0000000,0.0000000,0.0000000,0,0,0,0
756404396315958 D 1199,1816221339,1000,1547,1547,2.3730683,0.00000,-1,-1,-1,0,0,0,136,1,1,0,0.0000000,0.0000000,0.0000000,0,0,0,0
756404397300750 D 1200,1816222339,1000,1547,1547,2.3730683,0.00000,-1,-1,-1,0,0,0,136,1,1,0,0.0000000,0.0000000,0.0000000,0,0,0,0
756404398289416 D 1201,1816223339,1000,1547,1547,2.3730683,0.00000,-1,-1,-1,0,0,0,136,1,1,0,0.0000000,0.0000000,0.0000000,0,0,0,0
756404399324208 D 1202,1816224339,1000,1547,1547,2.3730683,0.00000,-1,-1,-1,0,0,0,136,1,1,0,0.0000000,0.0000000,0.0000000,0,0,0,0
756404400292458 D 1203,1816225339,1000,1547,1547,2.3730683,0.00000,-1,-1,-1,0,0,0,136,1,1,0,0.0000000,0.0000000,0.0000000,0,0,0,0
756404401299333 D 1204,1816226339,1000,1547,1547,2.3730683,0.00000,-1,-1,-1,0,0,0,136,1,1,0,0.0000000,0.0000000,0.0000000,0,0,0,0
756404402341250 D 1205,1816227339,1000,1547,1547,2.3730683,0.00000,-1,-1,-1,0,0,0,136,1,1,0,0.0000000,0.0000000,0.0000000,0,0,0,0
756404403268708 D 1206,1816228339,1000,1547,1547,2.3730683,0.00000,-1,-1,-1,0,0,0,136,1,1,0,0.0000000,0.0000000,0.0000000,0,0,0,0
756404404286041 D 1207,1816229339,1000,1547,1547,2.3730683,0.00000,-1,-1,-1,0,0,0,136,1,1,0,0.0000000,0.0000000,0.0000000,0,0,0,0
756404405271208 D 1208,1816230339,1000,1547,1547,2.3730683,0.00000,-1,-1,-1,0,0,0,136,1,1,0,0.0000000,0.0000000,0.0000000,0,0,0,0
756404406246416 D 1209,1816231339,1000,1547,1547,2.3730683,0.00000,-1,-1,-1,0,0,0,136,1,1,0,0.0000000,0.0000000,0.0000000,0,0,0,0
756404407510583 D 1210,1816232339,1000,1547,1547,2.3730683,0.00000,-1,-1,-1,0,0,0,136,1,1,0,0.0000000,0.0000000,0.0000000,0,0,0,0
756404408542208 D 1211,1816233339,1000,1547,1547,2.3730683,0.00000,-1,-1,-1,0,0,0,136,1,1,0,0.0000000,0.0000000,0.0000000,0,0,0,0
756404409576541 D 1212,1816234339,1000,1547,1547,2.3730683,0.00000,-1,-1,-1,0,0,0,136,1,1,0,0.0000000,0.0000000,0.0000000,0,0,0,0
756404410350791 D 1213,1816235339,1000,1547,1547,2.3730683,0.00000,-1,-1,-1,0,0,0,136,1,1,0,0.0000000,0.0000000,0.0000000,0,0,0,0
756404411297416 D 1214,1816236339,1000,1547,1547,2.3730683,0.00000,-1,-1,-1,0,0,0,136,1,1,0,0.0000000,0.0000000,0.0000000,0,0,0,0
756404412305625 D 1215,1816237339,1000,1547,1547,2.3730683,0.00000,-1,-1,-1,0,0,0,136,1,1,0,0.0000000,0.0000000,0.0000000,0,0,0,0
756404413348708 D 1216,1816238339,1000,1547,1547,2.3730683,0.00000,-1,-1,-1,0,0,0,136,1,1,0,0.0000000,0.0000000,0.0000000,0,0,0,0
756404414376583 D 1217,1816239339,1000,1547,1547,2.3730683,0.00000,-1,-1,-1,0,0,0,136,1,1,0,0.0000000,0.0000000,0.0000000,0,0,0,0
756404415500000 D 1218,1816240339,1000,1547,1547,2.3730683,0.00000,-1,-1,-1,0,0,0,136,1,1,0,0.0000000,0.0000000,0.0000000,0,0,0,0
756404416502791 D 1219,1816241339,1000,1547,1547,2.3730683,0.00000,-1,-1,-1,0,0,0,136,1,1,0,0.0000000,0.0000000,0.0000000,0,0,0,0
756404417616916 D 1220,1816242339,1000,1547,1547,2.3730683,0.00000,-1,-1,-1,0,0,0,136,1,1,0,0.0000000,0.0000000,0.0000000,0,0,0,0
756404418335541 D 1221,1816243339,1000,1547,1547,2.3730683,0.00000,-1,-1,-1,0,0,0,136,1,1,0,0.0000000,0.0000000,0.0000000,0,0,0,0
756404419476666 D 1222,1816244339,1000,1547,1547,2.3730683,0.00000,-1,-1,-1,0,0,0,136,1,1,0,0.0000000,0.0000000,0.0000000,0,0,0,0
756404420530375 D 1223,1816245339,1000,1547,1547,2.3730683,0.00000,-1,-1,-1,0,0,0,136,1,1,0,0.0000000,0.0000000,0.0000000,0,0,0,0
756404421612000 D 1224,1816246339,1000,1547,1547,2.3730683,0.00000,-1,-1,-1,0,0,0,136,1,1,0,0.0000000,0.0000000,0.0000000,0,0,0,0
756404422546833 D 1225,1816247339,1000,1547,1547,2.3730683,0.00000,-1,-1,-1,0,0,0,136,1,1,0,0.0000000,0.0000000,0.0000000,0,0,0,0
756404423703041 D 1226,1816248339,1000,1547,1547,2.3730683,0.00000,-1,-1,-1,0,0,0,136,1,1,0,0.0000000,0.0000000,0.0000000,0,0,0,0
756404424277666 D 1227,1816249339,1000,1547,1547,2.3730683,0.00000,-1,-1,-1,0,0,0,136,1,1,0,0.0000000,0.0000000,0.0000000,0,0,0,0
756404425355708 D 1228,1816250339,1000,1547,1547,2.3730683,0.00000,-1,-1,-1,0,0,0,136,1,1,0,0.0000000,0.0000000,0.0000000,0,0,0,0
756404426208833 D 1229,1816251339,1000,1547,1547,2.3730683,0.00000,-1,-1,-1,0,0,0,136,1,1,0,0.0000000,0.0000000,0.0000000,0,0,0,0
756404427609083 D 1230,1816252339,1000,1547,1547,2.3730683,0.00000,39,126,2065,0,0,0,136,1,1,0,0.0000000,0.0000000,0.0000000,0,0,0,0
756404428187625 D 1231,1816253339,1000,1547,1547,2.3730683,0.00000,-1,-1,-1,0,0,0,136,1,1,0,0.0000000,0.0000000,0.0000000,0,0,0,0
756404429206625 D 1232,1816254339,1000,1547,1547,2.3730683,0.00000,-1,-1,-1,0,0,0,136,1,1,0,0.0000000,0.0000000,0.0000000,0,0,0,0
756404430226250 D 1233,1816255339,1000,1547,1547,2.3730683,0.00000,-1,-1,-1,0,0,0,136,1,1,0,0.0000000,0.0000000,0.0000000,0,0,0,0
756404431158750 D 1234,1816256339,1000,1547,1547,2.3730683,0.00000,-1,-1,-1,0,0,0,136,1,1,0,0.0000000,0.0000000,0.0000000,0,0,0,0
756404432108875 D 1235,1816257339,1000,1547,1547,2.3730683,0.00000,-1,-1,-1,0,0,0,136,1,1,0,0.0000000,0.0000000,0.0000000,0,0,0,0
756404433153958 D 1236,1816258339,1000,1547,1547,2.3730683,0.00000,-1,-1,-1,0,0,0,136,1,1,0,0.0000000,0.0000000,0.0000000,0,0,0,0
756404434131750 D 1237,1816259339,1000,1547,1547,2.3730683,0.00000,-1,-1,-1,0,0,0,136,1,1,0,0.0000000,0.0000000,0.0000000,0,0,0,0
756404435144750 D 1238,1816260339,1000,1547,1547,2.3730683,0.00000,-1,-1,-1,0,0,0,136,1,1,0,0.0000000,0.0000000,0.0000000,0,0,0,0
756404436059250 D 1239,1816261339,1000,1547,1547,2.3730683,0.00000,-1,-1,-1,0,0,0,136,1,1,0,0.0000000,0.0000000,0.0000000,0,0,0,0
756404437109916 D 1240,1816262339,1000,1547,1547,2.3730683,0.00000,-1,-1,-1,0,0,0,136,1,1,0,0.0000000,0.0000000,0.0000000,0,0,0,0
756404438089541 D 1241,1816263339,1000,1547,1547,2.3730683,0.00000,-1,-1,-1,0,0,0,136,1,1,0,0.0000000,0.0000000,0.0000000,0,0,0,0
756404439134083 D 1242,1816264339,1000,1547,1547,2.3730683,0.00000,-1,-1,-1,0,0,0,136,1,1,0,0.0000000,0.0000000,0.0000000,0,0,0,0
756404440120583 D 1243,1816265339,1000,1547,1547,2.3730683,0.00000,-1,-1,-1,0,0,0,136,1,1,0,0.0000000,0.0000000,0.0000000,0,0,0,0
756404441081625 D 1244,1816266339,1000,1547,1547,2.3730683,0.00000,-1,-1,-1,0,0,0,136,1,1,0,0.0000000,0.0000000,0.0000000,0,0,0,0
756404442052291 D 1245,1816267339,1000,1547,1547,2.3730683,0.00000,-1,-1,-1,0,0,0,136,1,1,0,0.0000000,0.0000000,0.0000000,0,0,0,0
756404443037458 D 1246,1816268339,1000,1547,1547,2.3730683,0.00000,-1,-1,-1,0,0,0,136,1,1,0,0.0000000,0.0000000,0.0000000,0,0,0,0
756404444037041 D 1247,1816269339,1000,1547,1547,2.3730683,0.00000,-1,-1,-1,0,0,0,136,1,1,0,0.0000000,0.0000000,0.0000000,0,0,0,0
756404445165583 D 1248,1816270339,1000,1547,1547,2.3730683,0.00000,-1,-1,-1,0,0,0,136,1,1,0,0.0000000,0.0000000,0.0000000,0,0,0,0
756404446074791 D 1249,1816271339,1000,1547,1547,2.3730683,0.00000,-1,-1,-1,0,0,0,136,1,1,0,0.0000000,0.0000000,0.0000000,0,0,0,0
756404447076375 D 1250,1816272339,1000,1547,1547,2.3730683,0.00000,-1,-1,-1,0,0,0,136,1,1,0,0.0000000,0.0000000,0.0000000,0,0,0,0
756404448084708 D 1251,1816273339,1000,1547,1547,2.3730683,0.00000,-1,-1,-1,0,0,0,136,1,1,0,0.0000000,0.0000000,0.0000000,0,0,0,0
756404449075291 D 1252,1816274339,1000,1547,1547,2.3730683,0.00000,-1,-1,-1,0,0,0,136,1,1,0,0.0000000,0.0000000,0.0000000,0,0,0,0
756404450079750 D 1253,1816275339,1000,1547,1547,2.3730683,0.00000,-1,-1,-1,0,0,0,136,1,1,0,0.0000000,0.0000000,0.0000000,0,0,0,0
756404451075083 D 1254,1816276339,1000,1547,1547,2.3730683,0.00000,-1,-1,-1,0,0,0,136,1,1,0,0.0000000,0.0000000,0.0000000,0,0,0,0
756404452073208 D 1255,1816277339,1000,1547,1547,2.3730683,0.00000,-1,-1,-1,0,0,0,136,1,1,0,0.0000000,0.0000000,0.0000000,0,0,0,0
756404453073083 D 1256,1816278339,1000,1547,1547,2.3730683,0.00000,-1,-1,-1,0,0,0,136,1,1,0,0.0000000,0.0000000,0.0000000,0,0,0,0
756404454097208 D 1257,1816279339,1000,1547,1547,2.3730683,0.00000,-1,-1,-1,0,0,0,136,1,1,0,0.0000000,0.0000000,0.0000000,0,0,0,0
756404455087125 D 1258,1816280339,1000,1547,1547,2.3730683,0.00000,-1,-1,-1,0,0,0,136,1,1,0,0.0000000,0.0000000,0.0000000,0,0,0,0
756404456106625 D 1259,1816281339,1000,1547,1547,2.3730683,0.00000,-1,-1,-1,0,0,0,136,1,1,0,0.0000000,0.0000000,0.0000000,0,0,0,0
756404457084791 D 1260,1816282339,1000,1547,1547,2.3730683,0.00000,-1,-1,-1,0,0,0,136,1,1,0,0.0000000,0.0000000,0.0000000,0,0,0,0
756404458082875 D 1261,1816283339,1000,1547,1547,2.3730683,0.00000,-1,-1,-1,0,0,0,136,1,1,0,0.0000000,0.0000000,0.0000000,0,0,0,0
756404459083666 D 1262,1816284339,1000,1547,1547,2.3730683,0.00000,-1,-1,-1,0,0,0,136,1,1,0,0.0000000,0.0000000,0.0000000,0,0,0,0
756404460088500 D 1263,1816285339,1000,1547,1547,2.3730683,0.00000,-1,-1,-1,0,0,0,136,1,1,0,0.0000000,0.0000000,0.0000000,0,0,0,0
756404461216791 D 1264,1816286339,1000,1547,1547,2.3730683,0.00000,-1,-1,-1,0,0,0,136,1,1,0,0.0000000,0.0000000,0.0000000,0,0,0,0
756404462151458 D 1265,1816287339,1000,1547,1547,2.3730683,0.00000,-1,-1,-1,0,0,0,136,1,1,0,0.0000000,0.0000000,0.0000000,0,0,0,0
756404463127250 D 1266,1816288339,1000,1547,1547,2.3730683,0.00000,-1,-1,-1,0,0,0,136,1,1,0,0.0000000,0.0000000,0.0000000,0,0,0,0
756404464123750 D 1267,1816289339,1000,1547,1547,2.3730683,0.00000,-1,-1,-1,0,0,0,136,1,1,0,0.0000000,0.0000000,0.0000000,0,0,0,0
756404465130416 D 1268,1816290339,1000,1547,1547,2.3730683,0.00000,-1,-1,-1,0,0,0,136,1,1,0,0.0000000,0.0000000,0.0000000,0,0,0,0
756404466144833 D 1269,1816291339,1000,1547,1547,2.3730683,0.00000,-1,-1,-1,0,0,0,136,1,1,0,0.0000000,0.0000000,0.0000000,0,0,0,0
756404467141500 D 1270,1816292339,1000,1547,1547,2.3730683,0.00000,-1,-1,-1,0,0,0,136,1,1,0,0.0000000,0.0000000,0.0000000,0,0,0,0
756404468129458 D 1271,1816293339,1000,1547,1547,2.3730683,0.00000,-1,-1,-1,0,0,0,136,1,1,0,0.0000000,0.0000000,0.0000000,0,0,0,0
756404469151000 D 1272,1816294339,1000,1547,1547,2.3730683,0.00000,-1,-1,-1,0,0,0,136,1,1,0,0.0000000,0.0000000,0.0000000,0,0,0,0
756404470146041 D 1273,1816295339,1000,1547,1547,2.3730683,0.00000,-1,-1,-1,0,0,0,136,1,1,0,0.0000000,0.0000000,0.0000000,0,0,0,0
756404471162666 D 1274,1816296339,1000,1547,1547,2.3730683,0.00000,-1,-1,-1,0,0,0,136,1,1,0,0.0000000,0.0000000,0.0000000,0,0,0,0
756404472139375 D 1275,1816297339,1000,1547,1547,2.3730683,0.00000,-1,-1,-1,0,0,0,136,1,1,0,0.0000000,0.0000000,0.0000000,0,0,0,0
756404473147333 D 1276,1816298339,1000,1547,1547,2.3730683,0.00000,-1,-1,-1,0,0,0,136,1,1,0,0.0000000,0.0000000,0.0000000,0,0,0,0
756404474171708 D 1277,1816299339,1000,1547,1547,2.3730683,0.00000,-1,-1,-1,0,0,0,136,1,1,0,0.0000000,0.0000000,0.0000000,0,0,0,0
756404475151333 D 1278,1816300339,1000,1547,1547,2.3730683,0.00000,-1,-1,-1,0,0,0,136,1,1,0,0.0000000,0.0000000,0.0000000,0,0,0,0
756404476210083 D 1279,1816301339,1000,1547,1547,2.3730683,0.00000,-1,-1,-1,0,0,0,136,1,1,0,0.0000000,0.0000000,0.0000000,0,0,0,0
756404477684250 D 1280,1816302339,1000,1547,1547,2.3730683,0.00000,39,126,2065,0,0,0,136,1,1,0,0.0000000,0.0000000,0.0000000,0,0,0,0
756404478309083 D 1281,1816303339,1000,1547,1547,2.3730683,0.00000,-1,-1,-1,0,0,0,136,1,1,0,0.0000000,0.0000000,0.0000000,0,0,0,0
756404479259166 D 1282,1816304339,1000,1547,1547,2.3730683,0.00000,-1,-1,-1,0,0,0,136,1,1,0,0.0000000,0.0000000,0.0000000,0,0,0,0
756404480220666 D 1283,1816305339,1000,1547,1547,2.3730683,0.00000,-1,-1,-1,0,0,0,136,1,1,0,0.0000000,0.0000000,0.0000000,0,0,0,0
756404481213166 D 1284,1816306339,1000,1547,1547,2.3730683,0.00000,-1,-1,-1,0,0,0,136,1,1,0,0.0000000,0.0000000,0.0000000,0,0,0,0
756404482232750 D 1285,1816307339,1000,1547,1547,2.3730683,0.00000,-1,-1,-1,0,0,0,136,1,1,0,0.0000000,0.0000000,0.0000000,0,0,0,0
756404483212750 D 1286,1816308339,1000,1547,1547,2.3730683,0.00000,-1,-1,-1,0,0,0,136,1,1,0,0.0000000,0.0000000,0.0000000,0,0,0,0
756404484228333 D 1287,1816309339,1000,1547,1547,2.3730683,0.00000,-1,-1,-1,0,0,0,136,1,1,0,0.0000000,0.0000000,0.0000000,0,0,0,0
756404485217541 D 1288,1816310339,1000,1547,1547,2.3730683,0.00000,-1,-1,-1,0,0,0,136,1,1,0,0.0000000,0.0000000,0.0000000,0,0,0,0
756404486228541 D 1289,1816311339,1000,1547,1547,2.3730683,0.00000,-1,-1,-1,0,0,0,136,1,1,0,0.0000000,0.0000000,0.0000000,0,0,0,0
756404487234666 D 1290,1816312339,1000,1547,1547,2.3730683,0.00000,-1,-1,-1,0,0,0,136,1,1,0,0.0000000,0.0000000,0.0000000,0,0,0,0
756404488220125 D 1291,1816313339,1000,1547,1547,2.3730683,0.00000,-1,-1,-1,0,0,0,136,1,1,0,0.0000000,0.0000000,0.0000000,0,0,0,0
756404489544791 D 1292,1816314339,1000,1547,1547,2.3730683,0.00000,-1,-1,-1,0,0,0,136,1,1,0,0.0000000,0.0000000,0.0000000,0,0,0,0
756404490316041 D 1293,1816315339,1000,1547,1547,2.3730683,0.00000,-1,-1,-1,0,0,0,136,1,1,0,0.0000000,0.0000000,0.0000000,0,0,0,0
756404491257291 D 1294,1816316339,1000,1547,1547,2.3730683,0.00000,-1,-1,-1,0,0,0,136,1,1,0,0.0000000,0.0000000,0.0000000,0,0,0,0
756404492217166 D 1295,1816317339,1000,1547,1547,2.3730683,0.00000,-1,-1,-1,0,0,0,136,1,1,0,0.0000000,0.0000000,0.0000000,0,0,0,0
756404493220791 D 1296,1816318339,1000,1547,1547,2.3730683,0.00000,-1,-1,-1,0,0,0,136,1,1,0,0.0000000,0.0000000,0.0000000,0,0,0,0
756404494213291 D 1297,1816319339,1000,1547,1547,2.3730683,0.00000,-1,-1,-1,0,0,0,136,1,1,0,0.0000000,0.0000000,0.0000000,0,0,0,0
756404495217916 D 1298,1816320339,1000,1547,1547,2.3730683,0.00000,-1,-1,-1,0,0,0,136,1,1,0,0.0000000,0.0000000,0.0000000,0,0,0,0
756404496211125 D 1299,1816321339,1000,1547,1547,2.3730683,0.00000,-1,-1,-1,0,0,0,136,1,1,0,0.0000000,0.0000000,0.0000000,0,0,0,0
756404497220250 D 1300,1816322339,1000,1547,1547,2.3730683,0.00000,-1,-1,-1,0,0,0,136,1,1,0,0.0000000,0.0000000,0.0000000,0,0,0,0
756404498207791 D 1301,1816323339,1000,1547,1547,2.3730683,0.00000,-1,-1,-1,0,0,0,136,1,1,0,0.0000000,0.0000000,0.0000000,0,0,0,0
756404499207375 D 1302,1816324339,1000,1547,1547,2.3730683,0.00000,-1,-1,-1,0,0,0,136,1,1,0,0.0000000,0.0000000,0.0000000,0,0,0,0
756404500214291 D 1303,1816325339,1000,1547,1547,2.3730683,0.00000,-1,-1,-1,0,0,0,136,1,1,0,0.0000000,0.0000000,0.0000000,0,0,0,0
756404501193291 D 1304,1816326339,1000,1547,1547,2.3730683,0.00000,-1,-1,-1,0,0,0,136,1,1,0,0.0000000,0.0000000,0.0000000,0,0,0,0
756404502217625 D 1305,1816327339,1000,1547,1547,2.3730683,0.00000,-1,-1,-1,0,0,0,136,1,1,0,0.0000000,0.0000000,0.0000000,0,0,0,0
756404503203208 D 1306,1816328339,1000,1547,1547,2.3730683,0.00000,-1,-1,-1,0,0,0,136,1,1,0,0.0000000,0.0000000,0.0000000,0,0,0,0
756404504210166 D 1307,1816329339,1000,1547,1547,2.3730683,0.00000,-1,-1,-1,0,0,0,136,1,1,0,0.0000000,0.0000000,0.0000000,0,0,0,0
756404505207916 D 1308,1816330339,1000,1547,1547,2.3730683,0.00000,-1,-1,-1,0,0,0,136,1,1,0,0.0000000,0.0000000,0.0000000,0,0,0,0
756404506210875 D 1309,1816331339,1000,1547,1547,2.3730683,0.00000,-1,-1,-1,0,0,0,136,1,1,0,0.0000000,0.0000000,0.0000000,0,0,0,0
756404507199750 D 1310,1816332339,1000,1547,1547,2.3730683,0.00000,-1,-1,-1,0,0,0,136,1,1,0,0.0000000,0.0000000,0.0000000,0,0,0,0
756404508213250 D 1311,1816333339,1000,1547,1547,2.3730683,0.00000,-1,-1,-1,0,0,0,136,1,1,0,0.0000000,0.0000000,0.0000000,0,0,0,0
756404509199750 D 1312,1816334339,1000,1547,1547,2.3730683,0.00000,-1,-1,-1,0,0,0,136,1,1,0,0.0000000,0.0000000,0.0000000,0,0,0,0
756404510211750 D 1313,1816335339,1000,1547,1547,2.3730683,0.00000,-1,-1,-1,0,0,0,136,1,1,0,0.0000000,0.0000000,0.0000000,0,0,0,0
756404511214958 D 1314,1816336339,1000,1547,1547,2.3730683,0.00000,-1,-1,-1,0,0,0,136,1,1,0,0.0000000,0.0000000,0.0000000,0,0,0,0
756404512207333 D 1315,1816337339,1000,1547,1547,2.3730683,0.00000,-1,-1,-1,0,0,0,136,1,1,0,0.0000000,0.0000000,0.0000000,0,0,0,0
756404513226291 D 1316,1816338339,1000,1547,1547,2.3730683,0.00000,-1,-1,-1,0,0,0,136,1,1,0,0.0000000,0.0000000,0.0000000,0,0,0,0
756404514237958 D 1317,1816339339,1000,1547,1547,2.3730683,0.00000,-1,-1,-1,0,0,0,136,1,1,0,0.0000000,0.0000000,0.0000000,0,0,0,0
756404515225875 D 1318,1816340339,1000,1547,1547,2.3730683,0.00000,-1,-1,-1,0,0,0,136,1,1,0,0.0000000,0.0000000,0.0000000,0,0,0,0
756404516222541 D 1319,1816341339,1000,1547,1547,2.3730683,0.00000,-1,-1,-1,0,0,0,136,1,1,0,0.0000000,0.0000000,0.0000000,0,0,0,0
756404517233458 D 1320,1816342339,1000,1547,1547,2.3730683,0.00000,-1,-1,-1,0,0,0,136,1,1,0,0.0000000,0.0000000,0.0000000,0,0,0,0
756404518227333 D 1321,1816343339,1000,1547,1547,2.3730683,0.00000,-1,-1,-1,0,0,0,136,1,1,0,0.0000000,0.0000000,0.0000000,0,0,0,0
756404519216583 D 1322,1816344339,1000,1547,1547,2.3730683,0.00000,-1,-1,-1,0,0,0,136,1,1,0,0.0000000,0.0000000,0.0000000,0,0,0,0
756404520223708 D 1323,1816345339,1000,1547,1547,2.3730683,0.00000,-1,-1,-1,0,0,0,136,1,1,0,0.0000000,0.0000000,0.0000000,0,0,0,0
756404521221500 D 1324,1816346339,1000,1547,1547,2.3730683,0.00000,-1,-1,-1,0,0,0,136,1,1,0,0.0000000,0.0000000,0.0000000,0,0,0,0
756404522212708 D 1325,1816347339,1000,1547,1547,2.3730683,0.00000,-1,-1,-1,0,0,0,136,1,1,0,0.0000000,0.0000000,0.0000000,0,0,0,0
756404523210791 D 1326,1816348339,1000,1547,1547,2.3730683,0.00000,-1,-1,-1,0,0,0,136,1,1,0,0.0000000,0.0000000,0.0000000,0,0,0,0
756404524210208 D 1327,1816349339,1000,1547,1547,2.3730683,0.00000,-1,-1,-1,0,0,0,136,1,1,0,0.0000000,0.0000000,0.0000000,0,0,0,0
756404525206583 D 1328,1816350339,1000,1547,1547,2.3730683,0.00000,-1,-1,-1,0,0,0,136,1,1,0,0.0000000,0.0000000,0.0000000,0,0,0,0
756404526201958 D 1329,1816351339,1000,1547,1547,2.3730683,0.00000,-1,-1,-1,0,0,0,136,1,1,0,0.0000000,0.0000000,0.0000000,0,0,0,0
756404527609625 D 1330,1816352339,1000,1547,1547,2.3730683,0.00000,39,126,2065,0,0,0,136,1,1,0,0.0000000,0.0000000,0.0000000,0,0,0,0
756404528231208 D 1331,1816353339,1000,1547,1547,2.3730683,0.00000,-1,-1,-1,0,0,0,136,1,1,0,0.0000000,0.0000000,0.0000000,0,0,0,0
756404529216083 D 1332,1816354339,1000,1547,1547,2.3730683,0.00000,-1,-1,-1,0,0,0,136,1,1,0,0.0000000,0.0000000,0.0000000,0,0,0,0
756404530210375 D 1333,1816355339,1000,1547,1547,2.3730683,0.00000,-1,-1,-1,0,0,0,136,1,1,0,0.0000000,0.0000000,0.0000000,0,0,0,0
756404531208875 D 1334,1816356339,1000,1547,1547,2.3730683,0.00000,-1,-1,-1,0,0,0,136,1,1,0,0.0000000,0.0000000,0.0000000,0,0,0,0
756404532214208 D 1335,1816357339,1000,1547,1547,2.3730683,0.00000,-1,-1,-1,0,0,0,136,1,1,0,0.0000000,0.0000000,0.0000000,0,0,0,0
756404533222375 D 1336,1816358339,1000,1547,1547,2.3730683,0.00000,-1,-1,-1,0,0,0,136,1,1,0,0.0000000,0.0000000,0.0000000,0,0,0,0
756404534217291 D 1337,1816359339,1000,1547,1547,2.3730683,0.00000,-1,-1,-1,0,0,0,136,1,1,0,0.0000000,0.0000000,0.0000000,0,0,0,0
756404535225708 D 1338,1816360339,1000,1547,1547,2.3730683,0.00000,-1,-1,-1,0,0,0,136,1,1,0,0.0000000,0.0000000,0.0000000,0,0,0,0
756404536262375 D 1339,1816361339,1000,1547,1547,2.3730683,0.00000,-1,-1,-1,0,0,0,136,1,1,0,0.0000000,0.0000000,0.0000000,0,0,0,0
756404537224000 D 1340,1816362339,1000,1547,1547,2.3730683,0.00000,-1,-1,-1,0,0,0,136,1,1,0,0.0000000,0.0000000,0.0000000,0,0,0,0
756404538458916 D 1341,1816363339,1000,1547,1547,2.3730683,0.00000,-1,-1,-1,0,0,0,136,1,1,0,0.0000000,0.0000000,0.0000000,0,0,0,0
756404539448500 D 1342,1816364339,1000,1547,1547,2.3730683,0.00000,-1,-1,-1,0,0,0,136,1,1,0,0.0000000,0.0000000,0.0000000,0,0,0,0
756404540342666 D 1343,1816365339,1000,1547,1547,2.3730683,0.00000,-1,-1,-1,0,0,0,136,1,1,0,0.0000000,0.0000000,0.0000000,0,0,0,0
756404541217208 D 1344,1816366339,1000,1547,1547,2.3730683,0.00000,-1,-1,-1,0,0,0,136,1,1,0,0.0000000,0.0000000,0.0000000,0,0,0,0
756404542210708 D 1345,1816367339,1000,1547,1547,2.3730683,0.00000,-1,-1,-1,0,0,0,136,1,1,0,0.0000000,0.0000000,0.0000000,0,0,0,0
756404543214708 D 1346,1816368339,1000,1547,1547,2.3730683,0.00000,-1,-1,-1,0,0,0,136,1,1,0,0.0000000,0.0000000,0.0000000,0,0,0,0
756404544216375 D 1347,1816369339,1000,1547,1547,2.3730683,0.00000,-1,-1,-1,0,0,0,136,1,1,0,0.0000000,0.0000000,0.0000000,0,0,0,0
756404545211333 D 1348,1816370339,1000,1547,1547,2.3730683,0.00000,-1,-1,-1,0,0,0,136,1,1,0,0.0000000,0.0000000,0.0000000,0,0,0,0
756404546249375 D 1349,1816371339,1000,1547,1547,2.3730683,0.00000,-1,-1,-1,0,0,0,136,1,1,0,0.0000000,0.0000000,0.0000000,0,0,0,0
756404547300375 D 1350,1816372339,1000,1547,1547,2.3730683,0.00000,-1,-1,-1,0,0,0,136,1,1,0,0.0000000,0.0000000,0.0000000,0,0,0,0
756404548272208 D 1351,1816373339,1000,1547,1547,2.3730683,0.00000,-1,-1,-1,0,0,0,136,1,1,0,0.0000000,0.0000000,0.0000000,0,0,0,0
756404549233916 D 1352,1816374339,1000,1547,1547,2.3730683,0.00000,-1,-1,-1,0,0,0,136,1,1,0,0.0000000,0.0000000,0.0000000,0,0,0,0
756404550241458 D 1353,1816375339,1000,1547,1547,2.3730683,0.00000,-1,-1,-1,0,0,0,136,1,1,0,0.0000000,0.0000000,0.0000000,0,0,0,0
756404551224000 D 1354,1816376339,1000,1547,1547,2.3730683,0.00000,-1,-1,-1,0,0,0,136,1,1,0,0.0000000,0.0000000,0.0000000,0,0,0,0
756404552230000 D 1355,1816377339,1000,1547,1547,2.3730683,0.00000,-1,-1,-1,0,0,0,136,1,1,0,0.0000000,0.0000000,0.0000000,0,0,0,0
756404553221458 D 1356,1816378339,1000,1547,1547,2.3730683,0.00000,-1,-1,-1,0,0,0,136,1,1,0,0.0000000,0.0000000,0.0000000,0,0,0,0
756404554237875 D 1357,1816379339,1000,1547,1547,2.3730683,0.00000,-1,-1,-1,0,0,0,136,1,1,0,0.0000000,0.0000000,0.0000000,0,0,0,0
756404555209458 D 1358,1816380339,1000,1547,1547,2.3730683,0.00000,-1,-1,-1,0,0,0,136,1,1,0,0.0000000,0.0000000,0.0000000,0,0,0,0
756404556217750 D 1359,1816381339,1000,1547,1547,2.3730683,0.00000,-1,-1,-1,0,0,0,136,1,1,0,0.0000000,0.0000000,0.0000000,0,0,0,0
756404557229166 D 1360,1816382339,1000,1547,1547,2.3730683,0.00000,-1,-1,-1,0,0,0,136,1,1,0,0.0000000,0.0000000,0.0000000,0,0,0,0
756404558228333 D 1361,1816383339,1000,1547,1547,2.3730683,0.00000,-1,-1,-1,0,0,0,136,1,1,0,0.0000000,0.0000000,0.0000000,0,0,0,0
756404559207916 D 1362,1816384339,1000,1547,1547,2.3730683,0.00000,-1,-1,-1,0,0,0,136,1,1,0,0.0000000,0.0000000,0.0000000,0,0,0,0
756404560213375 D 1363,1816385339,1000,1547,1547,2.3730683,0.00000,-1,-1,-1,0,0,0,136,1,1,0,0.0000000,0.0000000,0.0000000,0,0,0,0
756404561224125 D 1364,1816386339,1000,1547,1547,2.3730683,0.00000,-1,-1,-1,0,0,0,136,1,1,0,0.0000000,0.0000000,0.0000000,0,0,0,0
756404562239916 D 1365,1816387339,1000,1547,1547,2.3730683,0.00000,-1,-1,-1,0,0,0,136,1,1,0,0.0000000,0.0000000,0.0000000,0,0,0,0
756404563217916 D 1366,1816388339,1000,1547,1547,2.3730683,0.00000,-1,-1,-1,0,0,0,136,1,1,0,0.0000000,0.0000000,0.0000000,0,0,0,0
756404564219916 D 1367,1816389339,1000,1547,1547,2.3730683,0.00000,-1,-1,-1,0,0,0,136,1,1,0,0.0000000,0.0000000,0.0000000,0,0,0,0
756404565223208 D 1368,1816390339,1000,1547,1547,2.3730683,0.00000,-1,-1,-1,0,0,0,136,1,1,0,0.0000000,0.0000000,0.0000000,0,0,0,0
756404566228041 D 1369,1816391339,1000,1547,1547,2.3730683,0.00000,-1,-1,-1,0,0,0,136,1,1,0,0.0000000,0.0000000,0.0000000,0,0,0,0
756404567222125 D 1370,1816392339,1000,1547,1547,2.3730683,0.00000,-1,-1,-1,0,0,0,136,1,1,0,0.0000000,0.0000000,0.0000000,0,0,0,0
756404568218458 D 1371,1816393339,1000,1547,1547,2.3730683,0.00000,-1,-1,-1,0,0,0,136,1,1,0,0.0000000,0.0000000,0.0000000,0,0,0,0
756404569432500 D 1372,1816394339,1000,1547,1547,2.3730683,0.00000,-1,-1,-1,0,0,0,136,1,1,0,0.0000000,0.0000000,0.0000000,0,0,0,0
756404570459041 D 1373,1816395339,1000,1547,1547,2.3730683,0.00000,-1,-1,-1,0,0,0,136,1,1,0,0.0000000,0.0000000,0.0000000,0,0,0,0
756404571449166 D 1374,1816396339,1000,1547,1547,2.3730683,0.00000,-1,-1,-1,0,0,0,136,1,1,0,0.0000000,0.0000000,0.0000000,0,0,0,0
756404572236125 D 1375,1816397339,1000,1547,1547,2.3730683,0.00000,-1,-1,-1,0,0,0,136,1,1,0,0.0000000,0.0000000,0.0000000,0,0,0,0
756404573221666 D 1376,1816398339,1000,1547,1547,2.3730683,0.00000,-1,-1,-1,0,0,0,136,1,1,0,0.0000000,0.0000000,0.0000000,0,0,0,0
756404574241708 D 1377,1816399339,1000,1547,1547,2.3730683,0.00000,-1,-1,-1,0,0,0,136,1,1,0,0.0000000,0.0000000,0.0000000,0,0,0,0
756404575225166 D 1378,1816400339,1000,1547,1547,2.3730683,0.00000,-1,-1,-1,0,0,0,136,1,1,0,0.0000000,0.0000000,0.0000000,0,0,0,0
756404576209083 D 1379,1816401339,1000,1547,1547,2.3730683,0.00000,-1,-1,-1,0,0,0,136,1,1,0,0.0000000,0.0000000,0.0000000,0,0,0,0
756404577654916 D 1380,1816402339,1000,1547,1547,2.3730683,0.00000,39,126,2064,0,0,0,136,1,1,0,0.0000000,0.0000000,0.0000000,0,0,0,0
756404578268250 D 1381,1816403339,1000,1547,1547,2.3730683,0.00000,-1,-1,-1,0,0,0,136,1,1,0,0.0000000,0.0000000,0.0000000,0,0,0,0
756404579213958 D 1382,1816404339,1000,1547,1547,2.3730683,0.00000,-1,-1,-1,0,0,0,136,1,1,0,0.0000000,0.0000000,0.0000000,0,0,0,0
756404580204250 D 1383,1816405339,1000,1547,1547,2.3730683,0.00000,-1,-1,-1,0,0,0,136,1,1,0,0.0000000,0.0000000,0.0000000,0,0,0,0
756404581229666 D 1384,1816406339,1000,1547,1547,2.3730683,0.00000,-1,-1,-1,0,0,0,136,1,1,0,0.0000000,0.0000000,0.0000000,0,0,0,0
756404582210291 D 1385,1816407339,1000,1547,1547,2.3730683,0.00000,-1,-1,-1,0,0,0,136,1,1,0,0.0000000,0.0000000,0.0000000,0,0,0,0
756404583203833 D 1386,1816408339,1000,1547,1547,2.3730683,0.00000,-1,-1,-1,0,0,0,136,1,1,0,0.0000000,0.0000000,0.0000000,0,0,0,0
756404584208000 D 1387,1816409339,1000,1547,1547,2.3730683,0.00000,-1,-1,-1,0,0,0,136,1,1,0,0.0000000,0.0000000,0.0000000,0,0,0,0
756404585204458 D 1388,1816410339,1000,1547,1547,2.3730683,0.00000,-1,-1,-1,0,0,0,136,1,1,0,0.0000000,0.0000000,0.0000000,0,0,0,0
756404586211958 D 1389,1816411339,1000,1547,1547,2.3730683,0.00000,-1,-1,-1,0,0,0,136,1,1,0,0.0000000,0.0000000,0.0000000,0,0,0,0
756404587210583 D 1390,1816412339,1000,1547,1547,2.3730683,0.00000,-1,-1,-1,0,0,0,136,1,1,0,0.0000000,0.0000000,0.0000000,0,0,0,0
756404588219541 D 1391,1816413339,1000,1547,1547,2.3730683,0.00000,-1,-1,-1,0,0,0,136,1,1,0,0.0000000,0.0000000,0.0000000,0,0,0,0
756404589206166 D 1392,1816414339,1000,1547,1547,2.3730683,0.00000,-1,-1,-1,0,0,0,136,1,1,0,0.0000000,0.0000000,0.0000000,0,0,0,0
756404590222000 D 1393,1816415339,1000,1547,1547,2.3730683,0.00000,-1,-1,-1,0,0,0,136,1,1,0,0.0000000,0.0000000,0.0000000,0,0,0,0
756404591277375 D 1394,1816416339,1000,1547,1547,2.3730683,0.00000,-1,-1,-1,0,0,0,136,1,1,0,0.0000000,0.0000000,0.0000000,0,0,0,0
756404592299208 D 1395,1816417339,1000,1547,1547,2.3730683,0.00000,-1,-1,-1,0,0,0,136,1,1,0,0.0000000,0.0000000,0.0000000,0,0,0,0
756404593274083 D 1396,1816418339,1000,1547,1547,2.3730683,0.00000,-1,-1,-1,0,0,0,136,1,1,0,0.0000000,0.0000000,0.0000000,0,0,0,0
756404594278833 D 1397,1816419339,1000,1547,1547,2.3730683,0.00000,-1,-1,-1,0,0,0,136,1,1,0,0.0000000,0.0000000,0.0000000,0,0,0,0
756404595287875 D 1398,1816420339,1000,1547,1547,2.3730683,0.00000,-1,-1,-1,0,0,0,136,1,1,0,0.0000000,0.0000000,0.0000000,0,0,0,0
756404596339333 D 1399,1816421339,1000,1547,1547,2.3730683,0.00000,-1,-1,-1,0,0,0,136,1,1,0,0.0000000,0.0000000,0.0000000,0,0,0,0
756404597292000 D 1400,1816422339,1000,1547,1547,2.3730683,0.00000,-1,-1,-1,0,0,0,136,1,1,0,0.0000000,0.0000000,0.0000000,0,0,0,0
756404598268041 D 1401,1816423339,1000,1547,1547,2.3730683,0.00000,-1,-1,-1,0,0,0,136,1,1,0,0.0000000,0.0000000,0.0000000,0,0,0,0
756404599266000 D 1402,1816424339,1000,1547,1547,2.3730683,0.00000,-1,-1,-1,0,0,0,136,1,1,0,0.0000000,0.0000000,0.0000000,0,0,0,0
756404600357500 D 1403,1816425339,1000,1547,1547,2.3730683,0.00000,-1,-1,-1,0,0,0,136,1,1,0,0.0000000,0.0000000,0.0000000,0,0,0,0
756404601388791 D 1404,1816426339,1000,1547,1547,2.3730683,0.00000,-1,-1,-1,0,0,0,136,1,1,0,0.0000000,0.0000000,0.0000000,0,0,0,0
756404602262791 D 1405,1816427339,1000,1547,1547,2.3730683,0.00000,-1,-1,-1,0,0,0,136,1,1,0,0.0000000,0.0000000,0.0000000,0,0,0,0
756404603298833 D 1406,1816428339,1000,1547,1547,2.3730683,0.00000,-1,-1,-1,0,0,0,136,1,1,0,0.0000000,0.0000000,0.0000000,0,0,0,0
756404604822916 D 1407,1816429339,1000,1547,1547,2.3730683,0.00000,-1,-1,-1,0,0,0,136,1,1,0,0.0000000,0.0000000,0.0000000,0,0,0,0
756404605432166 D 1408,1816430339,1000,1547,1547,2.3730683,0.00000,-1,-1,-1,0,0,0,136,1,1,0,0.0000000,0.0000000,0.0000000,0,0,0,0
756404606141750 D 1409,1816431339,1000,1547,1547,2.3730683,0.00000,-1,-1,-1,0,0,0,136,1,1,0,0.0000000,0.0000000,0.0000000,0,0,0,0
756404607065166 D 1410,1816432339,1000,1547,1547,2.3730683,0.00000,-1,-1,-1,0,0,0,136,1,1,0,0.0000000,0.0000000,0.0000000,0,0,0,0
756404608511791 D 1411,1816433339,1000,1547,1547,2.3730683,0.00000,-1,-1,-1,0,0,0,136,1,1,0,0.0000000,0.0000000,0.0000000,0,0,0,0
756404609513916 D 1412,1816434339,1000,1547,1547,2.3730683,0.00000,-1,-1,-1,0,0,0,136,1,1,0,0.0000000,0.0000000,0.0000000,0,0,0,0
756404610467166 D 1413,1816435339,1000,1547,1547,2.3730683,0.00000,-1,-1,-1,0,0,0,136,1,1,0,0.0000000,0.0000000,0.0000000,0,0,0,0
756404611382500 D 1414,1816436339,1000,1547,1547,2.3730683,0.00000,-1,-1,-1,0,0,0,136,1,1,0,0.0000000,0.0000000,0.0000000,0,0,0,0
756404612203541 D 1415,1816437339,1000,1547,1547,2.3730683,0.00000,-1,-1,-1,0,0,0,136,1,1,0,0.0000000,0.0000000,0.0000000,0,0,0,0
756404613116416 D 1416,1816438339,1000,1547,1547,2.3730683,0.00000,-1,-1,-1,0,0,0,136,1,1,0,0.0000000,0.0000000,0.0000000,0,0,0,0
756404614076125 D 1417,1816439339,1000,1547,1547,2.3730683,0.00000,-1,-1,-1,0,0,0,136,1,1,0,0.0000000,0.0000000,0.0000000,0,0,0,0
756404615245458 D 1418,1816440339,1000,1547,1547,2.3730683,0.00000,-1,-1,-1,0,0,0,136,1,1,0,0.0000000,0.0000000,0.0000000,0,0,0,0
756404616234208 D 1419,1816441339,1000,1547,1547,2.3730683,0.00000,-1,-1,-1,0,0,0,136,1,1,0,0.0000000,0.0000000,0.0000000,0,0,0,0
756404617237083 D 1420,1816442339,1000,1547,1547,2.3730683,0.00000,-1,-1,-1,0,0,0,136,1,1,0,0.0000000,0.0000000,0.0000000,0,0,0,0
756404618207458 D 1421,1816443339,1000,1547,1547,2.3730683,0.00000,-1,-1,-1,0,0,0,136,1,1,0,0.0000000,0.0000000,0.0000000,0,0,0,0
756404619244166 D 1422,1816444339,1000,1547,1547,2.3730683,0.00000,-1,-1,-1,0,0,0,136,1,1,0,0.0000000,0.0000000,0.0000000,0,0,0,0
756404620217166 D 1423,1816445339,1000,1547,1547,2.3730683,0.00000,-1,-1,-1,0,0,0,136,1,1,0,0.0000000,0.0000000,0.0000000,0,0,0,0
756404621242708 D 1424,1816446339,1000,1547,1547,2.3730683,0.00000,-1,-1,-1,0,0,0,136,1,1,0,0.0000000,0.0000000,0.0000000,0,0,0,0
756404622233625 D 1425,1816447339,1000,1547,1547,2.3730683,0.00000,-1,-1,-1,0,0,0,136,1,1,0,0.0000000,0.0000000,0.0000000,0,0,0,0
756404623231583 D 1426,1816448339,1000,1547,1547,2.3730683,0.00000,-1,-1,-1,0,0,0,136,1,1,0,0.0000000,0.0000000,0.0000000,0,0,0,0
756404624224958 D 1427,1816449339,1000,1547,1547,2.3730683,0.00000,-1,-1,-1,0,0,0,136,1,1,0,0.0000000,0.0000000,0.0000000,0,0,0,0
756404625211291 D 1428,1816450339,1000,1547,1547,2.3730683,0.00000,-1,-1,-1,0,0,0,136,1,1,0,0.0000000,0.0000000,0.0000000,0,0,0,0
756404626228958 D 1429,1816451339,1000,1547,1547,2.3730683,0.00000,-1,-1,-1,0,0,0,136,1,1,0,0.0000000,0.0000000,0.0000000,0,0,0,0
756404627611833 D 1430,1816452339,1000,1547,1547,2.3730683,0.00000,39,126,2064,0,0,0,136,1,1,0,0.0000000,0.0000000,0.0000000,0,0,0,0
756404628467625 D 1431,1816453339,1000,1547,1547,2.3730683,0.00000,-1,-1,-1,0,0,0,136,1,1,0,0.0000000,0.0000000,0.0000000,0,0,0,0
756404629315000 D 1432,1816454339,1000,1547,1547,2.3730683,0.00000,-1,-1,-1,0,0,0,136,1,1,0,0.0000000,0.0000000,0.0000000,0,0,0,0
756404630220083 D 1433,1816455339,1000,1547,1547,2.3730683,0.00000,-1,-1,-1,0,0,0,136,1,1,0,0.0000000,0.0000000,0.0000000,0,0,0,0
756404631260250 D 1434,1816456339,1000,1547,1547,2.3730683,0.00000,-1,-1,-1,0,0,0,136,1,1,0,0.0000000,0.0000000,0.0000000,0,0,0,0
756404632238541 D 1435,1816457339,1000,1547,1547,2.3730683,0.00000,-1,-1,-1,0,0,0,136,1,1,0,0.0000000,0.0000000,0.0000000,0,0,0,0
756404633224875 D 1436,1816458339,1000,1547,1547,2.3730683,0.00000,-1,-1,-1,0,0,0,136,1,1,0,0.0000000,0.0000000,0.0000000,0,0,0,0
756404634220125 D 1437,1816459339,1000,1547,1547,2.3730683,0.00000,-1,-1,-1,0,0,0,136,1,1,0,0.0000000,0.0000000,0.0000000,0,0,0,0
756404635213875 D 1438,1816460339,1000,1547,1547,2.3730683,0.00000,-1,-1,-1,0,0,0,136,1,1,0,0.0000000,0.0000000,0.0000000,0,0,0,0
756404636240750 D 1439,1816461339,1000,1547,1547,2.3730683,0.00000,-1,-1,-1,0,0,0,136,1,1,0,0.0000000,0.0000000,0.0000000,0,0,0,0
756404637234375 D 1440,1816462339,1000,1547,1547,2.3730683,0.00000,-1,-1,-1,0,0,0,136,1,1,0,0.0000000,0.0000000,0.0000000,0,0,0,0
756404638223458 D 1441,1816463339,1000,1547,1547,2.3730683,0.00000,-1,-1,-1,0,0,0,136,1,1,0,0.0000000,0.0000000,0.0000000,0,0,0,0
756404639221541 D 1442,1816464339,1000,1547,1547,2.3730683,0.00000,-1,-1,-1,0,0,0,136,1,1,0,0.0000000,0.0000000,0.0000000,0,0,0,0
756404640220041 D 1443,1816465339,1000,1547,1547,2.3730683,0.00000,-1,-1,-1,0,0,0,136,1,1,0,0.0000000,0.0000000,0.0000000,0,0,0,0
756404641218166 D 1444,1816466339,1000,1547,1547,2.3730683,0.00000,-1,-1,-1,0,0,0,136,1,1,0,0.0000000,0.0000000,0.0000000,0,0,0,0
756404642246041 D 1445,1816467339,1000,1547,1547,2.3730683,0.00000,-1,-1,-1,0,0,0,136,1,1,0,0.0000000,0.0000000,0.0000000,0,0,0,0
756404643226375 D 1446,1816468339,1000,1547,1547,2.3730683,0.00000,-1,-1,-1,0,0,0,136,1,1,0,0.0000000,0.0000000,0.0000000,0,0,0,0
756404644215500 D 1447,1816469339,1000,1547,1547,2.3730683,0.00000,-1,-1,-1,0,0,0,136,1,1,0,0.0000000,0.0000000,0.0000000,0,0,0,0
756404645217166 D 1448,1816470339,1000,1547,1547,2.3730683,0.00000,-1,-1,-1,0,0,0,136,1,1,0,0.0000000,0.0000000,0.0000000,0,0,0,0
756404646207083 D 1449,1816471339,1000,1547,1547,2.3730683,0.00000,-1,-1,-1,0,0,0,136,1,1,0,0.0000000,0.0000000,0.0000000,0,0,0,0
756404647208166 D 1450,1816472339,1000,1547,1547,2.3730683,0.00000,-1,-1,-1,0,0,0,136,1,1,0,0.0000000,0.0000000,0.0000000,0,0,0,0
756404648212416 D 1451,1816473339,1000,1547,1547,2.3730683,0.00000,-1,-1,-1,0,0,0,136,1,1,0,0.0000000,0.0000000,0.0000000,0,0,0,0
756404649209250 D 1452,1816474339,1000,1547,1547,2.3730683,0.00000,-1,-1,-1,0,0,0,136,1,1,0,0.0000000,0.0000000,0.0000000,0,0,0,0
756404650208250 D 1453,1816475339,1000,1547,1547,2.3730683,0.00000,-1,-1,-1,0,0,0,136,1,1,0,0.0000000,0.0000000,0.0000000,0,0,0,0
756404651220666 D 1454,1816476339,1000,1547,1547,2.3730683,0.00000,-1,-1,-1,0,0,0,136,1,1,0,0.0000000,0.0000000,0.0000000,0,0,0,0
756404652249125 D 1455,1816477339,1000,1547,1547,2.3730683,0.00000,-1,-1,-1,0,0,0,136,1,1,0,0.0000000,0.0000000,0.0000000,0,0,0,0
756404653205916 D 1456,1816478339,1000,1547,1547,2.3730683,0.00000,-1,-1,-1,0,0,0,136,1,1,0,0.0000000,0.0000000,0.0000000,0,0,0,0
756404654220833 D 1457,1816479339,1000,1547,1547,2.3730683,0.00000,-1,-1,-1,0,0,0,136,1,1,0,0.0000000,0.0000000,0.0000000,0,0,0,0
756404655251041 D 1458,1816480339,1000,1547,1547,2.3730683,0.00000,-1,-1,-1,0,0,0,136,1,1,0,0.0000000,0.0000000,0.0000000,0,0,0,0
756404656222791 D 1459,1816481339,1000,1547,1547,2.3730683,0.00000,-1,-1,-1,0,0,0,136,1,1,0,0.0000000,0.0000000,0.0000000,0,0,0,0
756404657219666 D 1460,1816482339,1000,1547,1547,2.3730683,0.00000,-1,-1,-1,0,0,0,136,1,1,0,0.0000000,0.0000000,0.0000000,0,0,0,0
756404658453416 D 1461,1816483339,1000,1547,1547,2.3730683,0.00000,-1,-1,-1,0,0,0,136,1,1,0,0.0000000,0.0000000,0.0000000,0,0,0,0
756404659454958 D 1462,1816484339,1000,1547,1547,2.3730683,0.00000,-1,-1,-1,0,0,0,136,1,1,0,0.0000000,0.0000000,0.0000000,0,0,0,0
756404660441708 D 1463,1816485339,1000,1547,1547,2.3730683,0.00000,-1,-1,-1,0,0,0,136,1,1,0,0.0000000,0.0000000,0.0000000,0,0,0,0
756404661212041 D 1464,1816486339,1000,1547,1547,2.3730683,0.00000,-1,-1,-1,0,0,0,136,1,1,0,0.0000000,0.0000000,0.0000000,0,0,0,0
756404662211583 D 1465,1816487339,1000,1547,1547,2.3730683,0.00000,-1,-1,-1,0,0,0,136,1,1,0,0.0000000,0.0000000,0.0000000,0,0,0,0
756404663214625 D 1466,1816488339,1000,1547,1547,2.3730683,0.00000,-1,-1,-1,0,0,0,136,1,1,0,0.0000000,0.0000000,0.0000000,0,0,0,0
756404664211458 D 1467,1816489339,1000,1547,1547,2.3730683,0.00000,-1,-1,-1,0,0,0,136,1,1,0,0.0000000,0.0000000,0.0000000,0,0,0,0
756404665214041 D 1468,1816490339,1000,1547,1547,2.3730683,0.00000,-1,-1,-1,0,0,0,136,1,1,0,0.0000000,0.0000000,0.0000000,0,0,0,0
756404666214375 D 1469,1816491339,1000,1547,1547,2.3730683,0.00000,-1,-1,-1,0,0,0,136,1,1,0,0.0000000,0.0000000,0.0000000,0,0,0,0
756404667215666 D 1470,1816492339,1000,1547,1547,2.3730683,0.00000,-1,-1,-1,0,0,0,136,1,1,0,0.0000000,0.0000000,0.0000000,0,0,0,0
756404668217750 D 1471,1816493339,1000,1547,1547,2.3730683,0.00000,-1,-1,-1,0,0,0,136,1,1,0,0.0000000,0.0000000,0.0000000,0,0,0,0
756404669208875 D 1472,1816494339,1000,1547,1547,2.3730683,0.00000,-1,-1,-1,0,0,0,136,1,1,0,0.0000000,0.0000000,0.0000000,0,0,0,0
756404670210625 D 1473,1816495339,1000,1547,1547,2.3730683,0.00000,-1,-1,-1,0,0,0,136,1,1,0,0.0000000,0.0000000,0.0000000,0,0,0,0
756404671208375 D 1474,1816496339,1000,1547,1547,2.3730683,0.00000,-1,-1,-1,0,0,0,136,1,1,0,0.0000000,0.0000000,0.0000000,0,0,0,0
756404672208416 D 1475,1816497339,1000,1547,1547,2.3730683,0.00000,-1,-1,-1,0,0,0,136,1,1,0,0.0000000,0.0000000,0.0000000,0,0,0,0
756404673207583 D 1476,1816498339,1000,1547,1547,2.3730683,0.00000,-1,-1,-1,0,0,0,136,1,1,0,0.0000000,0.0000000,0.0000000,0,0,0,0
756404674256000 D 1477,1816499339,1000,1547,1547,2.3730683,0.00000,-1,-1,-1,0,0,0,136,1,1,0,0.0000000,0.0000000,0.0000000,0,0,0,0
756404675251375 D 1478,1816500339,1000,1547,1547,2.3730683,0.00000,-1,-1,-1,0,0,0,136,1,1,0,0.0000000,0.0000000,0.0000000,0,0,0,0
756404676210666 D 1479,1816501339,1000,1547,1547,2.3730683,0.00000,-1,-1,-1,0,0,0,136,1,1,0,0.0000000,0.0000000,0.0000000,0,0,0,0
756404677655291 D 1480,1816502339,1000,1547,1547,2.3730683,0.00000,39,126,2064,0,0,0,136,1,1,0,0.0000000,0.0000000,0.0000000,0,0,0,0
756404678284875 D 1481,1816503339,1000,1547,1547,2.3730683,0.00000,-1,-1,-1,0,0,0,136,1,1,0,0.0000000,0.0000000,0.0000000,0,0,0,0
756404679228916 D 1482,1816504339,1000,1547,1547,2.3730683,0.00000,-1,-1,-1,0,0,0,136,1,1,0,0.0000000,0.0000000,0.0000000,0,0,0,0
756404680226708 D 1483,1816505339,1000,1547,1547,2.3730683,0.00000,-1,-1,-1,0,0,0,136,1,1,0,0.0000000,0.0000000,0.0000000,0,0,0,0
756404681221625 D 1484,1816506339,1000,1547,1547,2.3730683,0.00000,-1,-1,-1,0,0,0,136,1,1,0,0.0000000,0.0000000,0.0000000,0,0,0,0
756404682205041 D 1485,1816507339,1000,1547,1547,2.3730683,0.00000,-1,-1,-1,0,0,0,136,1,1,0,0.0000000,0.0000000,0.0000000,0,0,0,0
756404683197458 D 1486,1816508339,1000,1547,1547,2.3730683,0.00000,-1,-1,-1,0,0,0,136,1,1,0,0.0000000,0.0000000,0.0000000,0,0,0,0
756404684117125 D 1487,1816509339,1000,1547,1547,2.3730683,0.00000,-1,-1,-1,0,0,0,136,1,1,0,0.0000000,0.0000000,0.0000000,0,0,0,0
756404686421916 D 1488,1816510339,1000,1547,1547,2.3730683,0.00000,-1,-1,-1,0,0,0,136,1,1,0,0.0000000,0.0000000,0.0000000,0,0,0,0
756404686993916 D 1489,1816511339,1000,1547,1547,2.3730683,0.00000,-1,-1,-1,0,0,0,136,1,1,0,0.0000000,0.0000000,0.0000000,0,0,0,0
756404687544666 D 1490,1816512339,1000,1547,1547,2.3730683,0.00000,-1,-1,-1,0,0,0,136,1,1,0,0.0000000,0.0000000,0.0000000,0,0,0,0
756404688148708 D 1491,1816513339,1000,1547,1547,2.3730683,0.00000,-1,-1,-1,0,0,0,136,1,1,0,0.0000000,0.0000000,0.0000000,0,0,0,0
756404689085250 D 1492,1816514339,1000,1547,1547,2.3730683,0.00000,-1,-1,-1,0,0,0,136,1,1,0,0.0000000,0.0000000,0.0000000,0,0,0,0
756404690087916 D 1493,1816515339,1000,1547,1547,2.3730683,0.00000,-1,-1,-1,0,0,0,136,1,1,0,0.0000000,0.0000000,0.0000000,0,0,0,0
756404691218708 D 1494,1816516339,1000,1547,1547,2.3730683,0.00000,-1,-1,-1,0,0,0,136,1,1,0,0.0000000,0.0000000,0.0000000,0,0,0,0
756404692209666 D 1495,1816517339,1000,1547,1547,2.3730683,0.00000,-1,-1,-1,0,0,0,136,1,1,0,0.0000000,0.0000000,0.0000000,0,0,0,0
756404693213166 D 1496,1816518339,1000,1547,1547,2.3730683,0.00000,-1,-1,-1,0,0,0,136,1,1,0,0.0000000,0.0000000,0.0000000,0,0,0,0
756404694207958 D 1497,1816519339,1000,1547,1547,2.3730683,0.00000,-1,-1,-1,0,0,0,136,1,1,0,0.0000000,0.0000000,0.0000000,0,0,0,0
756404695212083 D 1498,1816520339,1000,1547,1547,2.3730683,0.00000,-1,-1,-1,0,0,0,136,1,1,0,0.0000000,0.0000000,0.0000000,0,0,0,0
756404696202916 D 1499,1816521339,1000,1547,1547,2.3730683,0.00000,-1,-1,-1,0,0,0,136,1,1,0,0.0000000,0.0000000,0.0000000,0,0,0,0
756404697208041 D 1500,1816522339,1000,1547,1547,2.3730683,0.00000,-1,-1,-1,0,0,0,136,1,1,0,0.0000000,0.0000000,0.0000000,0,0,0,0
756404698209666 D 1501,1816523339,1000,1547,1547,2.3730683,0.00000,-1,-1,-1,0,0,0,136,1,1,0,0.0000000,0.0000000,0.0000000,0,0,0,0
756404699199375 D 1502,1816524339,1000,1547,1547,2.3730683,0.00000,-1,-1,-1,0,0,0,136,1,1,0,0.0000000,0.0000000,0.0000000,0,0,0,0
756404700203166 D 1503,1816525339,1000,1547,1547,2.3730683,0.00000,-1,-1,-1,0,0,0,136,1,1,0,0.0000000,0.0000000,0.0000000,0,0,0,0
756404701205291 D 1504,1816526339,1000,1547,1547,2.3730683,0.00000,-1,-1,-1,0,0,0,136,1,1,0,0.0000000,0.0000000,0.0000000,0,0,0,0
756404702207291 D 1505,1816527339,1000,1547,1547,2.3730683,0.00000,-1,-1,-1,0,0,0,136,1,1,0,0.0000000,0.0000000,0.0000000,0,0,0,0
756404703196250 D 1506,1816528339,1000,1547,1547,2.3730683,0.00000,-1,-1,-1,0,0,0,136,1,1,0,0.0000000,0.0000000,0.0000000,0,0,0,0
756404704195875 D 1507,1816529339,1000,1547,1547,2.3730683,0.00000,-1,-1,-1,0,0,0,136,1,1,0,0.0000000,0.0000000,0.0000000,0,0,0,0
756404705208750 D 1508,1816530339,1000,1547,1547,2.3730683,0.00000,-1,-1,-1,0,0,0,136,1,1,0,0.0000000,0.0000000,0.0000000,0,0,0,0
756404706208541 D 1509,1816531339,1000,1547,1547,2.3730683,0.00000,-1,-1,-1,0,0,0,136,1,1,0,0.0000000,0.0000000,0.0000000,0,0,0,0
756404707203625 D 1510,1816532339,1000,1547,1547,2.3730683,0.00000,-1,-1,-1,0,0,0,136,1,1,0,0.0000000,0.0000000,0.0000000,0,0,0,0
756404708204250 D 1511,1816533339,1000,1547,1547,2.3730683,0.00000,-1,-1,-1,0,0,0,136,1,1,0,0.0000000,0.0000000,0.0000000,0,0,0,0
756404709197083 D 1512,1816534339,1000,1547,1547,2.3730683,0.00000,-1,-1,-1,0,0,0,136,1,1,0,0.0000000,0.0000000,0.0000000,0,0,0,0
756404710199708 D 1513,1816535339,1000,1547,1547,2.3730683,0.00000,-1,-1,-1,0,0,0,136,1,1,0,0.0000000,0.0000000,0.0000000,0,0,0,0
756404711208083 D 1514,1816536339,1000,1547,1547,2.3730683,0.00000,-1,-1,-1,0,0,0,136,1,1,0,0.0000000,0.0000000,0.0000000,0,0,0,0
756404712024583 D 1515,1816537339,1000,1547,1547,2.3730683,0.00000,-1,-1,-1,0,0,0,136,1,1,0,0.0000000,0.0000000,0.0000000,0,0,0,0
756404713196875 D 1516,1816538339,1000,1547,1547,2.3730683,0.00000,-1,-1,-1,0,0,0,136,1,1,0,0.0000000,0.0000000,0.0000000,0,0,0,0
756404714202583 D 1517,1816539339,1000,1547,1547,2.3730683,0.00000,-1,-1,-1,0,0,0,136,1,1,0,0.0000000,0.0000000,0.0000000,0,0,0,0
756404715203041 D 1518,1816540339,1000,1547,1547,2.3730683,0.00000,-1,-1,-1,0,0,0,136,1,1,0,0.0000000,0.0000000,0.0000000,0,0,0,0
756404716197250 D 1519,1816541339,1000,1547,1547,2.3730683,0.00000,-1,-1,-1,0,0,0,136,1,1,0,0.0000000,0.0000000,0.0000000,0,0,0,0
756404717201250 D 1520,1816542339,1000,1547,1547,2.3730683,0.00000,-1,-1,-1,0,0,0,136,1,1,0,0.0000000,0.0000000,0.0000000,0,0,0,0
756404718192500 D 1521,1816543339,1000,1547,1547,2.3730683,0.00000,-1,-1,-1,0,0,0,136,1,1,0,0.0000000,0.0000000,0.0000000,0,0,0,0
756404719194166 D 1522,1816544339,1000,1547,1547,2.3730683,0.00000,-1,-1,-1,0,0,0,136,1,1,0,0.0000000,0.0000000,0.0000000,0,0,0,0
756404720255625 D 1523,1816545339,1000,1547,1547,2.3730683,0.00000,-1,-1,-1,0,0,0,136,1,1,0,0.0000000,0.0000000,0.0000000,0,0,0,0
756404721131625 D 1524,1816546339,1000,1547,1547,2.3730683,0.00000,-1,-1,-1,0,0,0,136,1,1,0,0.0000000,0.0000000,0.0000000,0,0,0,0
756404722195958 D 1525,1816547339,1000,1547,1547,2.3730683,0.00000,-1,-1,-1,0,0,0,136,1,1,0,0.0000000,0.0000000,0.0000000,0,0,0,0
756404723116750 D 1526,1816548339,1000,1547,1547,2.3730683,0.00000,-1,-1,-1,0,0,0,136,1,1,0,0.0000000,0.0000000,0.0000000,0,0,0,0
756404724296541 D 1527,1816549339,1000,1547,1547,2.3730683,0.00000,-1,-1,-1,0,0,0,136,1,1,0,0.0000000,0.0000000,0.0000000,0,0,0,0
756404725464833 D 1528,1816550339,1000,1547,1547,2.3730683,0.00000,-1,-1,-1,0,0,0,136,1,1,0,0.0000000,0.0000000,0.0000000,0,0,0,0
756404726458500 D 1529,1816551339,1000,1547,1547,2.3730683,0.00000,-1,-1,-1,0,0,0,136,1,1,0,0.0000000,0.0000000,0.0000000,0,0,0,0
756404727820666 D 1530,1816552339,1000,1547,1547,2.3730683,0.00000,39,126,2064,0,0,0,136,1,1,0,0.0000000,0.0000000,0.0000000,0,0,0,0
756404728671458 D 1531,1816553339,1000,1547,1547,2.3730683,0.00000,-1,-1,-1,0,0,0,136,1,1,0,0.0000000,0.0000000,0.0000000,0,0,0,0
756404729504625 D 1532,1816554339,1000,1547,1547,2.3730683,0.00000,-1,-1,-1,0,0,0,136,1,1,0,0.0000000,0.0000000,0.0000000,0,0,0,0
756404730239125 D 1533,1816555339,1000,1547,1547,2.3730683,0.00000,-1,-1,-1,0,0,0,136,1,1,0,0.0000000,0.0000000,0.0000000,0,0,0,0
756404731210916 D 1534,1816556339,1000,1547,1547,2.3730683,0.00000,-1,-1,-1,0,0,0,136,1,1,0,0.0000000,0.0000000,0.0000000,0,0,0,0
756404732211416 D 1535,1816557339,1000,1547,1547,2.3730683,0.00000,-1,-1,-1,0,0,0,136,1,1,0,0.0000000,0.0000000,0.0000000,0,0,0,0
756404733202875 D 1536,1816558339,1000,1547,1547,2.3730683,0.00000,-1,-1,-1,0,0,0,136,1,1,0,0.0000000,0.0000000,0.0000000,0,0,0,0
756404734216208 D 1537,1816559339,1000,1547,1547,2.3730683,0.00000,-1,-1,-1,0,0,0,136,1,1,0,0.0000000,0.0000000,0.0000000,0,0,0,0
756404735232458 D 1538,1816560339,1000,1547,1547,2.3730683,0.00000,-1,-1,-1,0,0,0,136,1,1,0,0.0000000,0.0000000,0.0000000,0,0,0,0
756404736226791 D 1539,1816561339,1000,1547,1547,2.3730683,0.00000,-1,-1,-1,0,0,0,136,1,1,0,0.0000000,0.0000000,0.0000000,0,0,0,0
756404737235250 D 1540,1816562339,1000,1547,1547,2.3730683,0.00000,-1,-1,-1,0,0,0,136,1,1,0,0.0000000,0.0000000,0.0000000,0,0,0,0
756404738221166 D 1541,1816563339,1000,1547,1547,2.3730683,0.00000,-1,-1,-1,0,0,0,136,1,1,0,0.0000000,0.0000000,0.0000000,0,0,0,0
756404739227041 D 1542,1816564339,1000,1547,1547,2.3730683,0.00000,-1,-1,-1,0,0,0,136,1,1,0,0.0000000,0.0000000,0.0000000,0,0,0,0
756404740055750 D 1543,1816565339,1000,1547,1547,2.3730683,0.00000,-1,-1,-1,0,0,0,136,1,1,0,0.0000000,0.0000000,0.0000000,0,0,0,0
756404741212875 D 1544,1816566339,1000,1547,1547,2.3730683,0.00000,-1,-1,-1,0,0,0,136,1,1,0,0.0000000,0.0000000,0.0000000,0,0,0,0
756404742205083 D 1545,1816567339,1000,1547,1547,2.3730683,0.00000,-1,-1,-1,0,0,0,136,1,1,0,0.0000000,0.0000000,0.0000000,0,0,0,0
756404743221375 D 1546,1816568339,1000,1547,1547,2.3730683,0.00000,-1,-1,-1,0,0,0,136,1,1,0,0.0000000,0.0000000,0.0000000,0,0,0,0
756404744201166 D 1547,1816569339,1000,1547,1547,2.3730683,0.00000,-1,-1,-1,0,0,0,136,1,1,0,0.0000000,0.0000000,0.0000000,0,0,0,0
756404745216250 D 1548,1816570339,1000,1547,1547,2.3730683,0.00000,-1,-1,-1,0,0,0,136,1,1,0,0.0000000,0.0000000,0.0000000,0,0,0,0
756404746201125 D 1549,1816571339,1000,1547,1547,2.3730683,0.00000,-1,-1,-1,0,0,0,136,1,1,0,0.0000000,0.0000000,0.0000000,0,0,0,0
756404747200250 D 1550,1816572339,1000,1547,1547,2.3730683,0.00000,-1,-1,-1,0,0,0,136,1,1,0,0.0000000,0.0000000,0.0000000,0,0,0,0
756404748341625 D 1551,1816573339,1000,1547,1547,2.3730683,0.00000,-1,-1,-1,0,0,0,136,1,1,0,0.0000000,0.0000000,0.0000000,0,0,0,0
756404749164500 D 1552,1816574339,1000,1547,1547,2.3730683,0.00000,-1,-1,-1,0,0,0,136,1,1,0,0.0000000,0.0000000,0.0000000,0,0,0,0
756404750489875 D 1553,1816575339,1000,1547,1547,2.3730683,0.00000,-1,-1,-1,0,0,0,136,1,1,0,0.0000000,0.0000000,0.0000000,0,0,0,0
756404751450333 D 1554,1816576339,1000,1547,1547,2.3730683,0.00000,-1,-1,-1,0,0,0,136,1,1,0,0.0000000,0.0000000,0.0000000,0,0,0,0
756404752443166 D 1555,1816577339,1000,1547,1547,2.3730683,0.00000,-1,-1,-1,0,0,0,136,1,1,0,0.0000000,0.0000000,0.0000000,0,0,0,0
756404753423541 D 1556,1816578339,1000,1547,1547,2.3730683,0.00000,-1,-1,-1,0,0,0,136,1,1,0,0.0000000,0.0000000,0.0000000,0,0,0,0
756404754211541 D 1557,1816579339,1000,1547,1547,2.3730683,0.00000,-1,-1,-1,0,0,0,136,1,1,0,0.0000000,0.0000000,0.0000000,0,0,0,0
756404755196333 D 1558,1816580339,1000,1547,1547,2.3730683,0.00000,-1,-1,-1,0,0,0,136,1,1,0,0.0000000,0.0000000,0.0000000,0,0,0,0
756404756211250 D 1559,1816581339,1000,1547,1547,2.3730683,0.00000,-1,-1,-1,0,0,0,136,1,1,0,0.0000000,0.0000000,0.0000000,0,0,0,0
756404757200291 D 1560,1816582339,1000,1547,1547,2.3730683,0.00000,-1,-1,-1,0,0,0,136,1,1,0,0.0000000,0.0000000,0.0000000,0,0,0,0
756404758198958 D 1561,1816583339,1000,1547,1547,2.3730683,0.00000,-1,-1,-1,0,0,0,136,1,1,0,0.0000000,0.0000000,0.0000000,0,0,0,0
756404759213791 D 1562,1816584339,1000,1547,1547,2.3730683,0.00000,-1,-1,-1,0,0,0,136,1,1,0,0.0000000,0.0000000,0.0000000,0,0,0,0
756404760202833 D 1563,1816585339,1000,1547,1547,2.3730683,0.00000,-1,-1,-1,0,0,0,136,1,1,0,0.0000000,0.0000000,0.0000000,0,0,0,0
756404761202125 D 1564,1816586339,1000,1547,1547,2.3730683,0.00000,-1,-1,-1,0,0,0,136,1,1,0,0.0000000,0.0000000,0.0000000,0,0,0,0
756404762196958 D 1565,1816587339,1000,1547,1547,2.3730683,0.00000,-1,-1,-1,0,0,0,136,1,1,0,0.0000000,0.0000000,0.0000000,0,0,0,0
756404763203500 D 1566,1816588339,1000,1547,1547,2.3730683,0.00000,-1,-1,-1,0,0,0,136,1,1,0,0.0000000,0.0000000,0.0000000,0,0,0,0
756404764200958 D 1567,1816589339,1000,1547,1547,2.3730683,0.00000,-1,-1,-1,0,0,0,136,1,1,0,0.0000000,0.0000000,0.0000000,0,0,0,0
756404765195416 D 1568,1816590339,1000,1547,1547,2.3730683,0.00000,-1,-1,-1,0,0,0,136,1,1,0,0.0000000,0.0000000,0.0000000,0,0,0,0
756404766198875 D 1569,1816591339,1000,1547,1547,2.3730683,0.00000,-1,-1,-1,0,0,0,136,1,1,0,0.0000000,0.0000000,0.0000000,0,0,0,0
756404767214166 D 1570,1816592339,1000,1547,1547,2.3730683,0.00000,-1,-1,-1,0,0,0,136,1,1,0,0.0000000,0.0000000,0.0000000,0,0,0,0
756404768214375 D 1571,1816593339,1000,1547,1547,2.3730683,0.00000,-1,-1,-1,0,0,0,136,1,1,0,0.0000000,0.0000000,0.0000000,0,0,0,0
756404769213708 D 1572,1816594339,1000,1547,1547,2.3730683,0.00000,-1,-1,-1,0,0,0,136,1,1,0,0.0000000,0.0000000,0.0000000,0,0,0,0
756404770202791 D 1573,1816595339,1000,1547,1547,2.3730683,0.00000,-1,-1,-1,0,0,0,136,1,1,0,0.0000000,0.0000000,0.0000000,0,0,0,0
756404771206833 D 1574,1816596339,1000,1547,1547,2.3730683,0.00000,-1,-1,-1,0,0,0,136,1,1,0,0.0000000,0.0000000,0.0000000,0,0,0,0
756404772210708 D 1575,1816597339,1000,1547,1547,2.3730683,0.00000,-1,-1,-1,0,0,0,136,1,1,0,0.0000000,0.0000000,0.0000000,0,0,0,0
756404773208083 D 1576,1816598339,1000,1547,1547,2.3730683,0.00000,-1,-1,-1,0,0,0,136,1,1,0,0.0000000,0.0000000,0.0000000,0,0,0,0
756404774217958 D 1577,1816599339,1000,1547,1547,2.3730683,0.00000,-1,-1,-1,0,0,0,136,1,1,0,0.0000000,0.0000000,0.0000000,0,0,0,0
756404775203458 D 1578,1816600339,1000,1547,1547,2.3730683,0.00000,-1,-1,-1,0,0,0,136,1,1,0,0.0000000,0.0000000,0.0000000,0,0,0,0
756404776207083 D 1579,1816601339,1000,1547,1547,2.3730683,0.00000,-1,-1,-1,0,0,0,136,1,1,0,0.0000000,0.0000000,0.0000000,0,0,0,0
756404777590291 D 1580,1816602339,1000,1547,1547,2.3730683,0.00000,39,126,2064,0,0,0,136,1,1,0,0.0000000,0.0000000,0.0000000,0,0,0,0
756404778303250 D 1581,1816603339,1000,1547,1547,2.3730683,0.00000,-1,-1,-1,0,0,0,136,1,1,0,0.0000000,0.0000000,0.0000000,0,0,0,0
756404779442041 D 1582,1816604339,1000,1547,1547,2.3730683,0.00000,-1,-1,-1,0,0,0,136,1,1,0,0.0000000,0.0000000,0.0000000,0,0,0,0
756404780432250 D 1583,1816605339,1000,1547,1547,2.3730683,0.00000,-1,-1,-1,0,0,0,136,1,1,0,0.0000000,0.0000000,0.0000000,0,0,0,0
756404781330916 D 1584,1816606339,1000,1547,1547,2.3730683,0.00000,-1,-1,-1,0,0,0,136,1,1,0,0.0000000,0.0000000,0.0000000,0,0,0,0
756404782209250 D 1585,1816607339,1000,1547,1547,2.3730683,0.00000,-1,-1,-1,0,0,0,136,1,1,0,0.0000000,0.0000000,0.0000000,0,0,0,0
756404783212291 D 1586,1816608339,1000,1547,1547,2.3730683,0.00000,-1,-1,-1,0,0,0,136,1,1,0,0.0000000,0.0000000,0.0000000,0,0,0,0
756404784200166 D 1587,1816609339,1000,1547,1547,2.3730683,0.00000,-1,-1,-1,0,0,0,136,1,1,0,0.0000000,0.0000000,0.0000000,0,0,0,0
756404785239958 D 1588,1816610339,1000,1547,1547,2.3730683,0.00000,-1,-1,-1,0,0,0,136,1,1,0,0.0000000,0.0000000,0.0000000,0,0,0,0
756404786215083 D 1589,1816611339,1000,1547,1547,2.3730683,0.00000,-1,-1,-1,0,0,0,136,1,1,0,0.0000000,0.0000000,0.0000000,0,0,0,0
756404787210916 D 1590,1816612339,1000,1547,1547,2.3730683,0.00000,-1,-1,-1,0,0,0,136,1,1,0,0.0000000,0.0000000,0.0000000,0,0,0,0
756404788215625 D 1591,1816613339,1000,1547,1547,2.3730683,0.00000,-1,-1,-1,0,0,0,136,1,1,0,0.0000000,0.0000000,0.0000000,0,0,0,0
756404789253708 D 1592,1816614339,1000,1547,1547,2.3730683,0.00000,-1,-1,-1,0,0,0,136,1,1,0,0.0000000,0.0000000,0.0000000,0,0,0,0
756404790210166 D 1593,1816615339,1000,1547,1547,2.3730683,0.00000,-1,-1,-1,0,0,0,136,1,1,0,0.0000000,0.0000000,0.0000000,0,0,0,0
756404791227083 D 1594,1816616339,1000,1547,1547,2.3730683,0.00000,-1,-1,-1,0,0,0,136,1,1,0,0.0000000,0.0000000,0.0000000,0,0,0,0
756404792220833 D 1595,1816617339,1000,1547,1547,2.3730683,0.00000,-1,-1,-1,0,0,0,136,1,1,0,0.0000000,0.0000000,0.0000000,0,0,0,0
756404793242875 D 1596,1816618339,1000,1547,1547,2.3730683,0.00000,-1,-1,-1,0,0,0,136,1,1,0,0.0000000,0.0000000,0.0000000,0,0,0,0
756404794239708 D 1597,1816619339,1000,1547,1547,2.3730683,0.00000,-1,-1,-1,0,0,0,136,1,1,0,0.0000000,0.0000000,0.0000000,0,0,0,0
756404795209458 D 1598,1816620339,1000,1547,1547,2.3730683,0.00000,-1,-1,-1,0,0,0,136,1,1,0,0.0000000,0.0000000,0.0000000,0,0,0,0
756404796204750 D 1599,1816621339,1000,1547,1547,2.3730683,0.00000,-1,-1,-1,0,0,0,136,1,1,0,0.0000000,0.0000000,0.0000000,0,0,0,0
756404797223708 D 1600,1816622339,1000,1547,1547,2.3730683,0.00000,-1,-1,-1,0,0,0,136,1,1,0,0.0000000,0.0000000,0.0000000,0,0,0,0
756404798224791 D 1601,1816623339,1000,1547,1547,2.3730683,0.00000,-1,-1,-1,0,0,0,136,1,1,0,0.0000000,0.0000000,0.0000000,0,0,0,0
756404799220333 D 1602,1816624339,1000,1547,1547,2.3730683,0.00000,-1,-1,-1,0,0,0,136,1,1,0,0.0000000,0.0000000,0.0000000,0,0,0,0
756404800225458 D 1603,1816625339,1000,1547,1547,2.3730683,0.00000,-1,-1,-1,0,0,0,136,1,1,0,0.0000000,0.0000000,0.0000000,0,0,0,0
756404801225291 D 1604,1816626339,1000,1547,1547,2.3730683,0.00000,-1,-1,-1,0,0,0,136,1,1,0,0.0000000,0.0000000,0.0000000,0,0,0,0
756404802211458 D 1605,1816627339,1000,1547,1547,2.3730683,0.00000,-1,-1,-1,0,0,0,136,1,1,0,0.0000000,0.0000000,0.0000000,0,0,0,0
756404803208333 D 1606,1816628339,1000,1547,1547,2.3730683,0.00000,-1,-1,-1,0,0,0,136,1,1,0,0.0000000,0.0000000,0.0000000,0,0,0,0
756404804203000 D 1607,1816629339,1000,1547,1547,2.3730683,0.00000,-1,-1,-1,0,0,0,136,1,1,0,0.0000000,0.0000000,0.0000000,0,0,0,0
756404805209208 D 1608,1816630339,1000,1547,1547,2.3730683,0.00000,-1,-1,-1,0,0,0,136,1,1,0,0.0000000,0.0000000,0.0000000,0,0,0,0
756404806209000 D 1609,1816631339,1000,1547,1547,2.3730683,0.00000,-1,-1,-1,0,0,0,136,1,1,0,0.0000000,0.0000000,0.0000000,0,0,0,0
756404807202083 D 1610,1816632339,1000,1547,1547,2.3730683,0.00000,-1,-1,-1,0,0,0,136,1,1,0,0.0000000,0.0000000,0.0000000,0,0,0,0
756404808204875 D 1611,1816633339,1000,1547,1547,2.3730683,0.00000,-1,-1,-1,0,0,0,136,1,1,0,0.0000000,0.0000000,0.0000000,0,0,0,0
756404809196666 D 1612,1816634339,1000,1547,1547,2.3730683,0.00000,-1,-1,-1,0,0,0,136,1,1,0,0.0000000,0.0000000,0.0000000,0,0,0,0
756404810438166 D 1613,1816635339,1000,1547,1547,2.3730683,0.00000,-1,-1,-1,0,0,0,136,1,1,0,0.0000000,0.0000000,0.0000000,0,0,0,0
756404811430625 D 1614,1816636339,1000,1547,1547,2.3730683,0.00000,-1,-1,-1,0,0,0,136,1,1,0,0.0000000,0.0000000,0.0000000,0,0,0,0
756404812452541 D 1615,1816637339,1000,1547,1547,2.3730683,0.00000,-1,-1,-1,0,0,0,136,1,1,0,0.0000000,0.0000000,0.0000000,0,0,0,0
756404813213291 D 1616,1816638339,1000,1547,1547,2.3730683,0.00000,-1,-1,-1,0,0,0,136,1,1,0,0.0000000,0.0000000,0.0000000,0,0,0,0
756404814215708 D 1617,1816639339,1000,1547,1547,2.3730683,0.00000,-1,-1,-1,0,0,0,136,1,1,0,0.0000000,0.0000000,0.0000000,0,0,0,0
756404815217958 D 1618,1816640339,1000,1547,1547,2.3730683,0.00000,-1,-1,-1,0,0,0,136,1,1,0,0.0000000,0.0000000,0.0000000,0,0,0,0
756404816214875 D 1619,1816641339,1000,1547,1547,2.3730683,0.00000,-1,-1,-1,0,0,0,136,1,1,0,0.0000000,0.0000000,0.0000000,0,0,0,0
756404817208958 D 1620,1816642339,1000,1547,1547,2.3730683,0.00000,-1,-1,-1,0,0,0,136,1,1,0,0.0000000,0.0000000,0.0000000,0,0,0,0
756404818211833 D 1621,1816643339,1000,1547,1547,2.3730683,0.00000,-1,-1,-1,0,0,0,136,1,1,0,0.0000000,0.0000000,0.0000000,0,0,0,0
756404819206625 D 1622,1816644339,1000,1547,1547,2.3730683,0.00000,-1,-1,-1,0,0,0,136,1,1,0,0.0000000,0.0000000,0.0000000,0,0,0,0
756404820207541 D 1623,1816645339,1000,1547,1547,2.3730683,0.00000,-1,-1,-1,0,0,0,136,1,1,0,0.0000000,0.0000000,0.0000000,0,0,0,0
756404821201166 D 1624,1816646339,1000,1547,1547,2.3730683,0.00000,-1,-1,-1,0,0,0,136,1,1,0,0.0000000,0.0000000,0.0000000,0,0,0,0
756404822207083 D 1625,1816647339,1000,1547,1547,2.3730683,0.00000,-1,-1,-1,0,0,0,136,1,1,0,0.0000000,0.0000000,0.0000000,0,0,0,0
756404823193833 D 1626,1816648339,1000,1547,1547,2.3730683,0.00000,-1,-1,-1,0,0,0,136,1,1,0,0.0000000,0.0000000,0.0000000,0,0,0,0
756404824204958 D 1627,1816649339,1000,1547,1547,2.3730683,0.00000,-1,-1,-1,0,0,0,136,1,1,0,0.0000000,0.0000000,0.0000000,0,0,0,0
756404825209791 D 1628,1816650339,1000,1547,1547,2.3730683,0.00000,-1,-1,-1,0,0,0,136,1,1,0,0.0000000,0.0000000,0.0000000,0,0,0,0
756404826205333 D 1629,1816651339,1000,1547,1547,2.3730683,0.00000,-1,-1,-1,0,0,0,136,1,1,0,0.0000000,0.0000000,0.0000000,0,0,0,0
756404827648791 D 1630,1816652339,1000,1547,1547,2.3730683,0.00000,39,126,2064,0,0,0,136,1,1,0,0.0000000,0.0000000,0.0000000,0,0,0,0
756404828273125 D 1631,1816653339,1000,1547,1547,2.3730683,0.00000,-1,-1,-1,0,0,0,136,1,1,0,0.0000000,0.0000000,0.0000000,0,0,0,0
756404829206708 D 1632,1816654339,1000,1547,1547,2.3730683,0.00000,-1,-1,-1,0,0,0,136,1,1,0,0.0000000,0.0000000,0.0000000,0,0,0,0
756404830202333 D 1633,1816655339,1000,1547,1547,2.3730683,0.00000,-1,-1,-1,0,0,0,136,1,1,0,0.0000000,0.0000000,0.0000000,0,0,0,0
756404831222666 D 1634,1816656339,1000,1547,1547,2.3730683,0.00000,-1,-1,-1,0,0,0,136,1,1,0,0.0000000,0.0000000,0.0000000,0,0,0,0
756404832206500 D 1635,1816657339,1000,1547,1547,2.3730683,0.00000,-1,-1,-1,0,0,0,136,1,1,0,0.0000000,0.0000000,0.0000000,0,0,0,0
756404833198208 D 1636,1816658339,1000,1547,1547,2.3730683,0.00000,-1,-1,-1,0,0,0,136,1,1,0,0.0000000,0.0000000,0.0000000,0,0,0,0
756404834201708 D 1637,1816659339,1000,1547,1547,2.3730683,0.00000,-1,-1,-1,0,0,0,136,1,1,0,0.0000000,0.0000000,0.0000000,0,0,0,0
756404835199916 D 1638,1816660339,1000,1547,1547,2.3730683,0.00000,-1,-1,-1,0,0,0,136,1,1,0,0.0000000,0.0000000,0.0000000,0,0,0,0
756404836202208 D 1639,1816661339,1000,1547,1547,2.3730683,0.00000,-1,-1,-1,0,0,0,136,1,1,0,0.0000000,0.0000000,0.0000000,0,0,0,0
756404837205291 D 1640,1816662339,1000,1547,1547,2.3730683,0.00000,-1,-1,-1,0,0,0,136,1,1,0,0.0000000,0.0000000,0.0000000,0,0,0,0
756404838212916 D 1641,1816663339,1000,1547,1547,2.3730683,0.00000,-1,-1,-1,0,0,0,136,1,1,0,0.0000000,0.0000000,0.0000000,0,0,0,0
756404839239458 D 1642,1816664339,1000,1547,1547,2.3730683,0.00000,-1,-1,-1,0,0,0,136,1,1,0,0.0000000,0.0000000,0.0000000,0,0,0,0
756404840212375 D 1643,1816665339,1000,1547,1547,2.3730683,0.00000,-1,-1,-1,0,0,0,136,1,1,0,0.0000000,0.0000000,0.0000000,0,0,0,0
756404841218166 D 1644,1816666339,1000,1547,1547,2.3730683,0.00000,-1,-1,-1,0,0,0,136,1,1,0,0.0000000,0.0000000,0.0000000,0,0,0,0
756404842201500 D 1645,1816667339,1000,1547,1547,2.3730683,0.00000,-1,-1,-1,0,0,0,136,1,1,0,0.0000000,0.0000000,0.0000000,0,0,0,0
756404843206541 D 1646,1816668339,1000,1547,1547,2.3730683,0.00000,-1,-1,-1,0,0,0,136,1,1,0,0.0000000,0.0000000,0.0000000,0,0,0,0
756404844443166 D 1647,1816669339,1000,1547,1547,2.3730683,0.00000,-1,-1,-1,0,0,0,136,1,1,0,0.0000000,0.0000000,0.0000000,0,0,0,0
756404845447458 D 1648,1816670339,1000,1547,1547,2.3730683,0.00000,-1,-1,-1,0,0,0,136,1,1,0,0.0000000,0.0000000,0.0000000,0,0,0,0
756404846376750 D 1649,1816671339,1000,1547,1547,2.3730683,0.00000,-1,-1,-1,0,0,0,136,1,1,0,0.0000000,0.0000000,0.0000000,0,0,0,0
756404847216000 D 1650,1816672339,1000,1547,1547,2.3730683,0.00000,-1,-1,-1,0,0,0,136,1,1,0,0.0000000,0.0000000,0.0000000,0,0,0,0
756404848220166 D 1651,1816673339,1000,1547,1547,2.3730683,0.00000,-1,-1,-1,0,0,0,136,1,1,0,0.0000000,0.0000000,0.0000000,0,0,0,0
756404849210208 D 1652,1816674339,1000,1547,1547,2.3730683,0.00000,-1,-1,-1,0,0,0,136,1,1,0,0.0000000,0.0000000,0.0000000,0,0,0,0
756404850219250 D 1653,1816675339,1000,1547,1547,2.3730683,0.00000,-1,-1,-1,0,0,0,136,1,1,0,0.0000000,0.0000000,0.0000000,0,0,0,0
756404851208000 D 1654,1816676339,1000,1547,1547,2.3730683,0.00000,-1,-1,-1,0,0,0,136,1,1,0,0.0000000,0.0000000,0.0000000,0,0,0,0
756404852211458 D 1655,1816677339,1000,1547,1547,2.3730683,0.00000,-1,-1,-1,0,0,0,136,1,1,0,0.0000000,0.0000000,0.0000000,0,0,0,0
756404853202291 D 1656,1816678339,1000,1547,1547,2.3730683,0.00000,-1,-1,-1,0,0,0,136,1,1,0,0.0000000,0.0000000,0.0000000,0,0,0,0
756404854207000 D 1657,1816679339,1000,1547,1547,2.3730683,0.00000,-1,-1,-1,0,0,0,136,1,1,0,0.0000000,0.0000000,0.0000000,0,0,0,0
756404855206916 D 1658,1816680339,1000,1547,1547,2.3730683,0.00000,-1,-1,-1,0,0,0,136,1,1,0,0.0000000,0.0000000,0.0000000,0,0,0,0
756404856214000 D 1659,1816681339,1000,1547,1547,2.3730683,0.00000,-1,-1,-1,0,0,0,136,1,1,0,0.0000000,0.0000000,0.0000000,0,0,0,0
756404857205083 D 1660,1816682339,1000,1547,1547,2.3730683,0.00000,-1,-1,-1,0,0,0,136,1,1,0,0.0000000,0.0000000,0.0000000,0,0,0,0
756404858212333 D 1661,1816683339,1000,1547,1547,2.3730683,0.00000,-1,-1,-1,0,0,0,136,1,1,0,0.0000000,0.0000000,0.0000000,0,0,0,0
756404859203333 D 1662,1816684339,1000,1547,1547,2.3730683,0.00000,-1,-1,-1,0,0,0,136,1,1,0,0.0000000,0.0000000,0.0000000,0,0,0,0
756404860212500 D 1663,1816685339,1000,1547,1547,2.3730683,0.00000,-1,-1,-1,0,0,0,136,1,1,0,0.0000000,0.0000000,0.0000000,0,0,0,0
756404861212708 D 1664,1816686339,1000,1547,1547,2.3730683,0.00000,-1,-1,-1,0,0,0,136,1,1,0,0.0000000,0.0000000,0.0000000,0,0,0,0
756404862224916 D 1665,1816687339,1000,1547,1547,2.3730683,0.00000,-1,-1,-1,0,0,0,136,1,1,0,0.0000000,0.0000000,0.0000000,0,0,0,0
756404863213000 D 1666,1816688339,1000,1547,1547,2.3730683,0.00000,-1,-1,-1,0,0,0,136,1,1,0,0.0000000,0.0000000,0.0000000,0,0,0,0
756404864211125 D 1667,1816689339,1000,1547,1547,2.3730683,0.00000,-1,-1,-1,0,0,0,136,1,1,0,0.0000000,0.0000000,0.0000000,0,0,0,0
756404865203333 D 1668,1816690339,1000,1547,1547,2.3730683,0.00000,-1,-1,-1,0,0,0,136,1,1,0,0.0000000,0.0000000,0.0000000,0,0,0,0
756404866206208 D 1669,1816691339,1000,1547,1547,2.3730683,0.00000,-1,-1,-1,0,0,0,136,1,1,0,0.0000000,0.0000000,0.0000000,0,0,0,0
756404867201458 D 1670,1816692339,1000,1547,1547,2.3730683,0.00000,-1,-1,-1,0,0,0,136,1,1,0,0.0000000,0.0000000,0.0000000,0,0,0,0
756404868198000 D 1671,1816693339,1000,1547,1547,2.3730683,0.00000,-1,-1,-1,0,0,0,136,1,1,0,0.0000000,0.0000000,0.0000000,0,0,0,0
756404869207541 D 1672,1816694339,1000,1547,1547,2.3730683,0.00000,-1,-1,-1,0,0,0,136,1,1,0,0.0000000,0.0000000,0.0000000,0,0,0,0
756404870207833 D 1673,1816695339,1000,1547,1547,2.3730683,0.00000,-1,-1,-1,0,0,0,136,1,1,0,0.0000000,0.0000000,0.0000000,0,0,0,0
756404871431291 D 1674,1816696339,1000,1547,1547,2.3730683,0.00000,-1,-1,-1,0,0,0,136,1,1,0,0.0000000,0.0000000,0.0000000,0,0,0,0
756404872431958 D 1675,1816697339,1000,1547,1547,2.3730683,0.00000,-1,-1,-1,0,0,0,136,1,1,0,0.0000000,0.0000000,0.0000000,0,0,0,0
756404873423916 D 1676,1816698339,1000,1547,1547,2.3730683,0.00000,-1,-1,-1,0,0,0,136,1,1,0,0.0000000,0.0000000,0.0000000,0,0,0,0
756404874262041 D 1677,1816699339,1000,1547,1547,2.3730683,0.00000,-1,-1,-1,0,0,0,136,1,1,0,0.0000000,0.0000000,0.0000000,0,0,0,0
756404875207375 D 1678,1816700339,1000,1547,1547,2.3730683,0.00000,-1,-1,-1,0,0,0,136,1,1,0,0.0000000,0.0000000,0.0000000,0,0,0,0
756404876204750 D 1679,1816701339,1000,1547,1547,2.3730683,0.00000,-1,-1,-1,0,0,0,136,1,1,0,0.0000000,0.0000000,0.0000000,0,0,0,0
756404877654041 D 1680,1816702339,1000,1547,1547,2.3730683,0.00000,39,126,2064,0,0,0,136,1,1,0,0.0000000,0.0000000,0.0000000,0,0,0,0
756404878268708 D 1681,1816703339,1000,1547,1547,2.3730683,0.00000,-1,-1,-1,0,0,0,136,1,1,0,0.0000000,0.0000000,0.0000000,0,0,0,0
756404879225166 D 1682,1816704339,1000,1547,1547,2.3730683,0.00000,-1,-1,-1,0,0,0,136,1,1,0,0.0000000,0.0000000,0.0000000,0,0,0,0
756404880213625 D 1683,1816705339,1000,1547,1547,2.3730683,0.00000,-1,-1,-1,0,0,0,136,1,1,0,0.0000000,0.0000000,0.0000000,0,0,0,0
756404881206500 D 1684,1816706339,1000,1547,1547,2.3730683,0.00000,-1,-1,-1,0,0,0,136,1,1,0,0.0000000,0.0000000,0.0000000,0,0,0,0
756404882214166 D 1685,1816707339,1000,1547,1547,2.3730683,0.00000,-1,-1,-1,0,0,0,136,1,1,0,0.0000000,0.0000000,0.0000000,0,0,0,0
756404883215250 D 1686,1816708339,1000,1547,1547,2.3730683,0.00000,-1,-1,-1,0,0,0,136,1,1,0,0.0000000,0.0000000,0.0000000,0,0,0,0
756404884226875 D 1687,1816709339,1000,1547,1547,2.3730683,0.00000,-1,-1,-1,0,0,0,136,1,1,0,0.0000000,0.0000000,0.0000000,0,0,0,0
756404885227791 D 1688,1816710339,1000,1547,1547,2.3730683,0.00000,-1,-1,-1,0,0,0,136,1,1,0,0.0000000,0.0000000,0.0000000,0,0,0,0
756404886211708 D 1689,1816711339,1000,1547,1547,2.3730683,0.00000,-1,-1,-1,0,0,0,136,1,1,0,0.0000000,0.0000000,0.0000000,0,0,0,0
756404887139958 D 1690,1816712339,1000,1547,1547,2.3730683,0.00000,-1,-1,-1,0,0,0,136,1,1,0,0.0000000,0.0000000,0.0000000,0,0,0,0
756404888199500 D 1691,1816713339,1000,1547,1547,2.3730683,0.00000,-1,-1,-1,0,0,0,136,1,1,0,0.0000000,0.0000000,0.0000000,0,0,0,0
756404889205625 D 1692,1816714339,1000,1547,1547,2.3730683,0.00000,-1,-1,-1,0,0,0,136,1,1,0,0.0000000,0.0000000,0.0000000,0,0,0,0
756404890201500 D 1693,1816715339,1000,1547,1547,2.3730683,0.00000,-1,-1,-1,0,0,0,136,1,1,0,0.0000000,0.0000000,0.0000000,0,0,0,0
756404891236708 D 1694,1816716339,1000,1547,1547,2.3730683,0.00000,-1,-1,-1,0,0,0,136,1,1,0,0.0000000,0.0000000,0.0000000,0,0,0,0
756404892205208 D 1695,1816717339,1000,1547,1547,2.3730683,0.00000,-1,-1,-1,0,0,0,136,1,1,0,0.0000000,0.0000000,0.0000000,0,0,0,0
756404893215375 D 1696,1816718339,1000,1547,1547,2.3730683,0.00000,-1,-1,-1,0,0,0,136,1,1,0,0.0000000,0.0000000,0.0000000,0,0,0,0
756404894237125 D 1697,1816719339,1000,1547,1547,2.3730683,0.00000,-1,-1,-1,0,0,0,136,1,1,0,0.0000000,0.0000000,0.0000000,0,0,0,0
756404895214208 D 1698,1816720339,1000,1547,1547,2.3730683,0.00000,-1,-1,-1,0,0,0,136,1,1,0,0.0000000,0.0000000,0.0000000,0,0,0,0
756404896211125 D 1699,1816721339,1000,1547,1547,2.3730683,0.00000,-1,-1,-1,0,0,0,136,1,1,0,0.0000000,0.0000000,0.0000000,0,0,0,0
756404897210125 D 1700,1816722339,1000,1547,1547,2.3730683,0.00000,-1,-1,-1,0,0,0,136,1,1,0,0.0000000,0.0000000,0.0000000,0,0,0,0
756404898200166 D 1701,1816723339,1000,1547,1547,2.3730683,0.00000,-1,-1,-1,0,0,0,136,1,1,0,0.0000000,0.0000000,0.0000000,0,0,0,0
756404899209833 D 1702,1816724339,1000,1547,1547,2.3730683,0.00000,-1,-1,-1,0,0,0,136,1,1,0,0.0000000,0.0000000,0.0000000,0,0,0,0
756404900212625 D 1703,1816725339,1000,1547,1547,2.3730683,0.00000,-1,-1,-1,0,0,0,136,1,1,0,0.0000000,0.0000000,0.0000000,0,0,0,0
756404901439375 D 1704,1816726339,1000,1547,1547,2.3730683,0.00000,-1,-1,-1,0,0,0,136,1,1,0,0.0000000,0.0000000,0.0000000,0,0,0,0
756404902439750 D 1705,1816727339,1000,1547,1547,2.3730683,0.00000,-1,-1,-1,0,0,0,136,1,1,0,0.0000000,0.0000000,0.0000000,0,0,0,0
756404903420708 D 1706,1816728339,1000,1547,1547,2.3730683,0.00000,-1,-1,-1,0,0,0,136,1,1,0,0.0000000,0.0000000,0.0000000,0,0,0,0
756404904209875 D 1707,1816729339,1000,1547,1547,2.3730683,0.00000,-1,-1,-1,0,0,0,136,1,1,0,0.0000000,0.0000000,0.0000000,0,0,0,0
756404905214291 D 1708,1816730339,1000,1547,1547,2.3730683,0.00000,-1,-1,-1,0,0,0,136,1,1,0,0.0000000,0.0000000,0.0000000,0,0,0,0
756404906210375 D 1709,1816731339,1000,1547,1547,2.3730683,0.00000,-1,-1,-1,0,0,0,136,1,1,0,0.0000000,0.0000000,0.0000000,0,0,0,0
756404907216166 D 1710,1816732339,1000,1547,1547,2.3730683,0.00000,-1,-1,-1,0,0,0,136,1,1,0,0.0000000,0.0000000,0.0000000,0,0,0,0
756404908208958 D 1711,1816733339,1000,1547,1547,2.3730683,0.00000,-1,-1,-1,0,0,0,136,1,1,0,0.0000000,0.0000000,0.0000000,0,0,0,0
756404909205791 D 1712,1816734339,1000,1547,1547,2.3730683,0.00000,-1,-1,-1,0,0,0,136,1,1,0,0.0000000,0.0000000,0.0000000,0,0,0,0
756404910229250 D 1713,1816735339,1000,1547,1547,2.3730683,0.00000,-1,-1,-1,0,0,0,136,1,1,0,0.0000000,0.0000000,0.0000000,0,0,0,0
756404911216375 D 1714,1816736339,1000,1547,1547,2.3730683,0.00000,-1,-1,-1,0,0,0,136,1,1,0,0.0000000,0.0000000,0.0000000,0,0,0,0
756404912213500 D 1715,1816737339,1000,1547,1547,2.3730683,0.00000,-1,-1,-1,0,0,0,136,1,1,0,0.0000000,0.0000000,0.0000000,0,0,0,0
756404913203583 D 1716,1816738339,1000,1547,1547,2.3730683,0.00000,-1,-1,-1,0,0,0,136,1,1,0,0.0000000,0.0000000,0.0000000,0,0,0,0
756404914205541 D 1717,1816739339,1000,1547,1547,2.3730683,0.00000,-1,-1,-1,0,0,0,136,1,1,0,0.0000000,0.0000000,0.0000000,0,0,0,0
756404915199583 D 1718,1816740339,1000,1547,1547,2.3730683,0.00000,-1,-1,-1,0,0,0,136,1,1,0,0.0000000,0.0000000,0.0000000,0,0,0,0
756404916212875 D 1719,1816741339,1000,1547,1547,2.3730683,0.00000,-1,-1,-1,0,0,0,136,1,1,0,0.0000000,0.0000000,0.0000000,0,0,0,0
756404917213958 D 1720,1816742339,1000,1547,1547,2.3730683,0.00000,-1,-1,-1,0,0,0,136,1,1,0,0.0000000,0.0000000,0.0000000,0,0,0,0
756404918235541 D 1721,1816743339,1000,1547,1547,2.3730683,0.00000,-1,-1,-1,0,0,0,136,1,1,0,0.0000000,0.0000000,0.0000000,0,0,0,0
756404922882500 D 1722,1816744339,1000,1547,1547,2.3730683,0.00000,-1,-1,-1,0,0,0,136,1,1,0,0.0000000,0.0000000,0.0000000,0,0,0,0
756404923490666 D 1723,1816745339,1000,1547,1547,2.3730683,0.00000,-1,-1,-1,0,0,0,136,1,1,0,0.0000000,0.0000000,0.0000000,0,0,0,0
756404924073916 D 1724,1816746339,1000,1547,1547,2.3730683,0.00000,-1,-1,-1,0,0,0,136,1,1,0,0.0000000,0.0000000,0.0000000,0,0,0,0
756404924701708 D 1725,1816747339,1000,1547,1547,2.3730683,0.00000,-1,-1,-1,0,0,0,136,1,1,0,0.0000000,0.0000000,0.0000000,0,0,0,0
756404925315666 D 1726,1816748339,1000,1547,1547,2.3730683,0.00000,-1,-1,-1,0,0,0,136,1,1,0,0.0000000,0.0000000,0.0000000,0,0,0,0
756404925930458 D 1727,1816749339,1000,1547,1547,2.3730683,0.00000,-1,-1,-1,0,0,0,136,1,1,0,0.0000000,0.0000000,0.0000000,0,0,0,0
756404926493083 D 1728,1816750339,1000,1547,1547,2.3730683,0.00000,-1,-1,-1,0,0,0,136,1,1,0,0.0000000,0.0000000,0.0000000,0,0,0,0
756404927164000 D 1729,1816751339,1000,1547,1547,2.3730683,0.00000,-1,-1,-1,0,0,0,136,1,1,0,0.0000000,0.0000000,0.0000000,0,0,0,0
756404927790625 D 1730,1816752339,1000,1547,1547,2.3730683,0.00000,39,126,2064,0,0,0,136,1,1,0,0.0000000,0.0000000,0.0000000,0,0,0,0
756404928354125 D 1731,1816753339,1000,1547,1547,2.3730683,0.00000,-1,-1,-1,0,0,0,136,1,1,0,0.0000000,0.0000000,0.0000000,0,0,0,0
756404929252750 D 1732,1816754339,1000,1547,1547,2.3730683,0.00000,-1,-1,-1,0,0,0,136,1,1,0,0.0000000,0.0000000,0.0000000,0,0,0,0
756404930240250 D 1733,1816755339,1000,1547,1547,2.3730683,0.00000,-1,-1,-1,0,0,0,136,1,1,0,0.0000000,0.0000000,0.0000000,0,0,0,0
756404931242083 D 1734,1816756339,1000,1547,1547,2.3730683,0.00000,-1,-1,-1,0,0,0,136,1,1,0,0.0000000,0.0000000,0.0000000,0,0,0,0
756404932233000 D 1735,1816757339,1000,1547,1547,2.3730683,0.00000,-1,-1,-1,0,0,0,136,1,1,0,0.0000000,0.0000000,0.0000000,0,0,0,0
756404933223666 D 1736,1816758339,1000,1547,1547,2.3730683,0.00000,-1,-1,-1,0,0,0,136,1,1,0,0.0000000,0.0000000,0.0000000,0,0,0,0
756404934248375 D 1737,1816759339,1000,1547,1547,2.3730683,0.00000,-1,-1,-1,0,0,0,136,1,1,0,0.0000000,0.0000000,0.0000000,0,0,0,0
756404935241125 D 1738,1816760339,1000,1547,1547,2.3730683,0.00000,-1,-1,-1,0,0,0,136,1,1,0,0.0000000,0.0000000,0.0000000,0,0,0,0
756404936233875 D 1739,1816761339,1000,1547,1547,2.3730683,0.00000,-1,-1,-1,0,0,0,136,1,1,0,0.0000000,0.0000000,0.0000000,0,0,0,0
756404937238458 D 1740,1816762339,1000,1547,1547,2.3730683,0.00000,-1,-1,-1,0,0,0,136,1,1,0,0.0000000,0.0000000,0.0000000,0,0,0,0
756404938229666 D 1741,1816763339,1000,1547,1547,2.3730683,0.00000,-1,-1,-1,0,0,0,136,1,1,0,0.0000000,0.0000000,0.0000000,0,0,0,0
756404939243750 D 1742,1816764339,1000,1547,1547,2.3730683,0.00000,-1,-1,-1,0,0,0,136,1,1,0,0.0000000,0.0000000,0.0000000,0,0,0,0
756404940489291 D 1743,1816765339,1000,1547,1547,2.3730683,0.00000,-1,-1,-1,0,0,0,136,1,1,0,0.0000000,0.0000000,0.0000000,0,0,0,0
756404941226250 D 1744,1816766339,1000,1547,1547,2.3730683,0.00000,-1,-1,-1,0,0,0,136,1,1,0,0.0000000,0.0000000,0.0000000,0,0,0,0
756404942187791 D 1745,1816767339,1000,1547,1547,2.3730683,0.00000,-1,-1,-1,0,0,0,136,1,1,0,0.0000000,0.0000000,0.0000000,0,0,0,0
756404943174125 D 1746,1816768339,1000,1547,1547,2.3730683,0.00000,-1,-1,-1,0,0,0,136,1,1,0,0.0000000,0.0000000,0.0000000,0,0,0,0
756404944131583 D 1747,1816769339,1000,1547,1547,2.3730683,0.00000,-1,-1,-1,0,0,0,136,1,1,0,0.0000000,0.0000000,0.0000000,0,0,0,0
756404945126375 D 1748,1816770339,1000,1547,1547,2.3730683,0.00000,-1,-1,-1,0,0,0,136,1,1,0,0.0000000,0.0000000,0.0000000,0,0,0,0
756404946128708 D 1749,1816771339,1000,1547,1547,2.3730683,0.00000,-1,-1,-1,0,0,0,136,1,1,0,0.0000000,0.0000000,0.0000000,0,0,0,0
756404947166041 D 1750,1816772339,1000,1547,1547,2.3730683,0.00000,-1,-1,-1,0,0,0,136,1,1,0,0.0000000,0.0000000,0.0000000,0,0,0,0
756404948161125 D 1751,1816773339,1000,1547,1547,2.3730683,0.00000,-1,-1,-1,0,0,0,136,1,1,0,0.0000000,0.0000000,0.0000000,0,0,0,0
756404949182916 D 1752,1816774339,1000,1547,1547,2.3730683,0.00000,-1,-1,-1,0,0,0,136,1,1,0,0.0000000,0.0000000,0.0000000,0,0,0,0
756404950184541 D 1753,1816775339,1000,1547,1547,2.3730683,0.00000,-1,-1,-1,0,0,0,136,1,1,0,0.0000000,0.0000000,0.0000000,0,0,0,0
756404951195958 D 1754,1816776339,1000,1547,1547,2.3730683,0.00000,-1,-1,-1,0,0,0,136,1,1,0,0.0000000,0.0000000,0.0000000,0,0,0,0
756404952246458 D 1755,1816777339,1000,1547,1547,2.3730683,0.00000,-1,-1,-1,0,0,0,136,1,1,0,0.0000000,0.0000000,0.0000000,0,0,0,0
756404953176875 D 1756,1816778339,1000,1547,1547,2.3730683,0.00000,-1,-1,-1,0,0,0,136,1,1,0,0.0000000,0.0000000,0.0000000,0,0,0,0
756404954175666 D 1757,1816779339,1000,1547,1547,2.3730683,0.00000,-1,-1,-1,0,0,0,136,1,1,0,0.0000000,0.0000000,0.0000000,0,0,0,0
756404955159291 D 1758,1816780339,1000,1547,1547,2.3730683,0.00000,-1,-1,-1,0,0,0,136,1,1,0,0.0000000,0.0000000,0.0000000,0,0,0,0
756404956167833 D 1759,1816781339,1000,1547,1547,2.3730683,0.00000,-1,-1,-1,0,0,0,136,1,1,0,0.0000000,0.0000000,0.0000000,0,0,0,0
756404957182166 D 1760,1816782339,1000,1547,1547,2.3730683,0.00000,-1,-1,-1,0,0,0,136,1,1,0,0.0000000,0.0000000,0.0000000,0,0,0,0
756404958157041 D 1761,1816783339,1000,1547,1547,2.3730683,0.00000,-1,-1,-1,0,0,0,136,1,1,0,0.0000000,0.0000000,0.0000000,0,0,0,0
756404959148333 D 1762,1816784339,1000,1547,1547,2.3730683,0.00000,-1,-1,-1,0,0,0,136,1,1,0,0.0000000,0.0000000,0.0000000,0,0,0,0
756404960151458 D 1763,1816785339,1000,1547,1547,2.3730683,0.00000,-1,-1,-1,0,0,0,136,1,1,0,0.0000000,0.0000000,0.0000000,0,0,0,0
756404961189583 D 1764,1816786339,1000,1547,1547,2.3730683,0.00000,-1,-1,-1,0,0,0,136,1,1,0,0.0000000,0.0000000,0.0000000,0,0,0,0
756404962165500 D 1765,1816787339,1000,1547,1547,2.3730683,0.00000,-1,-1,-1,0,0,0,136,1,1,0,0.0000000,0.0000000,0.0000000,0,0,0,0
756404963171125 D 1766,1816788339,1000,1547,1547,2.3730683,0.00000,-1,-1,-1,0,0,0,136,1,1,0,0.0000000,0.0000000,0.0000000,0,0,0,0
756404964134500 D 1767,1816789339,1000,1547,1547,2.3730683,0.00000,-1,-1,-1,0,0,0,136,1,1,0,0.0000000,0.0000000,0.0000000,0,0,0,0
756404965154333 D 1768,1816790339,1000,1547,1547,2.3730683,0.00000,-1,-1,-1,0,0,0,136,1,1,0,0.0000000,0.0000000,0.0000000,0,0,0,0
756404966157750 D 1769,1816791339,1000,1547,1547,2.3730683,0.00000,-1,-1,-1,0,0,0,136,1,1,0,0.0000000,0.0000000,0.0000000,0,0,0,0
756404967120625 D 1770,1816792339,1000,1547,1547,2.3730683,0.00000,-1,-1,-1,0,0,0,136,1,1,0,0.0000000,0.0000000,0.0000000,0,0,0,0
756404968112833 D 1771,1816793339,1000,1547,1547,2.3730683,0.00000,-1,-1,-1,0,0,0,136,1,1,0,0.0000000,0.0000000,0.0000000,0,0,0,0
756404969111000 D 1772,1816794339,1000,1547,1547,2.3730683,0.00000,-1,-1,-1,0,0,0,136,1,1,0,0.0000000,0.0000000,0.0000000,0,0,0,0
756404970176958 D 1773,1816795339,1000,1547,1547,2.3730683,0.00000,-1,-1,-1,0,0,0,136,1,1,0,0.0000000,0.0000000,0.0000000,0,0,0,0
756404971231166 D 1774,1816796339,1000,1547,1547,2.3730683,0.00000,-1,-1,-1,0,0,0,136,1,1,0,0.0000000,0.0000000,0.0000000,0,0,0,0
756404972291291 D 1775,1816797339,1000,1547,1547,2.3730683,0.00000,-1,-1,-1,0,0,0,136,1,1,0,0.0000000,0.0000000,0.0000000,0,0,0,0
756404973362333 D 1776,1816798339,1000,1547,1547,2.3730683,0.00000,-1,-1,-1,0,0,0,136,1,1,0,0.0000000,0.0000000,0.0000000,0,0,0,0
756404974359250 D 1777,1816799339,1000,1547,1547,2.3730683,0.00000,-1,-1,-1,0,0,0,136,1,1,0,0.0000000,0.0000000,0.0000000,0,0,0,0
756404975486250 D 1778,1816800339,1000,1547,1547,2.3730683,0.00000,-1,-1,-1,0,0,0,136,1,1,0,0.0000000,0.0000000,0.0000000,0,0,0,0
756404976527083 D 1779,1816801339,1000,1547,1547,2.3730683,0.00000,-1,-1,-1,0,0,0,136,1,1,0,0.0000000,0.0000000,0.0000000,0,0,0,0
756404977739083 D 1780,1816802339,1000,1547,1547,2.3730683,0.00000,39,126,2065,0,0,0,136,1,1,0,0.0000000,0.0000000,0.0000000,0,0,0,0
756404978355208 D 1781,1816803339,1000,1547,1547,2.3730683,0.00000,-1,-1,-1,0,0,0,136,1,1,0,0.0000000,0.0000000,0.0000000,0,0,0,0
756404979234291 D 1782,1816804339,1000,1547,1547,2.3730683,0.00000,-1,-1,-1,0,0,0,136,1,1,0,0.0000000,0.0000000,0.0000000,0,0,0,0
756404980309875 D 1783,1816805339,1000,1547,1547,2.3730683,0.00000,-1,-1,-1,0,0,0,136,1,1,0,0.0000000,0.0000000,0.0000000,0,0,0,0
756404981242958 D 1784,1816806339,1000,1547,1547,2.3730683,0.00000,-1,-1,-1,0,0,0,136,1,1,0,0.0000000,0.0000000,0.0000000,0,0,0,0
756404982271916 D 1785,1816807339,1000,1547,1547,2.3730683,0.00000,-1,-1,-1,0,0,0,136,1,1,0,0.0000000,0.0000000,0.0000000,0,0,0,0
756404983322833 D 1786,1816808339,1000,1547,1547,2.3730683,0.00000,-1,-1,-1,0,0,0,136,1,1,0,0.0000000,0.0000000,0.0000000,0,0,0,0
756404984318625 D 1787,1816809339,1000,1547,1547,2.3730683,0.00000,-1,-1,-1,0,0,0,136,1,1,0,0.0000000,0.0000000,0.0000000,0,0,0,0
756404985302000 D 1788,1816810339,1000,1547,1547,2.3730683,0.00000,-1,-1,-1,0,0,0,136,1,1,0,0.0000000,0.0000000,0.0000000,0,0,0,0
756404986329208 D 1789,1816811339,1000,1547,1547,2.3730683,0.00000,-1,-1,-1,0,0,0,136,1,1,0,0.0000000,0.0000000,0.0000000,0,0,0,0
756404987421875 D 1790,1816812339,1000,1547,1547,2.3730683,0.00000,-1,-1,-1,0,0,0,136,1,1,0,0.0000000,0.0000000,0.0000000,0,0,0,0
756404988440541 D 1791,1816813339,1000,1547,1547,2.3730683,0.00000,-1,-1,-1,0,0,0,136,1,1,0,0.0000000,0.0000000,0.0000000,0,0,0,0
756404989326000 D 1792,1816814339,1000,1547,1547,2.3730683,0.00000,-1,-1,-1,0,0,0,136,1,1,0,0.0000000,0.0000000,0.0000000,0,0,0,0
756404990282833 D 1793,1816815339,1000,1547,1547,2.3730683,0.00000,-1,-1,-1,0,0,0,136,1,1,0,0.0000000,0.0000000,0.0000000,0,0,0,0
756404991245416 D 1794,1816816339,1000,1547,1547,2.3730683,0.00000,-1,-1,-1,0,0,0,136,1,1,0,0.0000000,0.0000000,0.0000000,0,0,0,0
756404992321375 D 1795,1816817339,1000,1547,1547,2.3730683,0.00000,-1,-1,-1,0,0,0,136,1,1,0,0.0000000,0.0000000,0.0000000,0,0,0,0
756404993248666 D 1796,1816818339,1000,1547,1547,2.3730683,0.00000,-1,-1,-1,0,0,0,136,1,1,0,0.0000000,0.0000000,0.0000000,0,0,0,0
756404994284916 D 1797,1816819339,1000,1547,1547,2.3730683,0.00000,-1,-1,-1,0,0,0,136,1,1,0,0.0000000,0.0000000,0.0000000,0,0,0,0
756404995248916 D 1798,1816820339,1000,1547,1547,2.3730683,0.00000,-1,-1,-1,0,0,0,136,1,1,0,0.0000000,0.0000000,0.0000000,0,0,0,0
756404996252833 D 1799,1816821339,1000,1547,1547,2.3730683,0.00000,-1,-1,-1,0,0,0,136,1,1,0,0.0000000,0.0000000,0.0000000,0,0,0,0
756404997338416 D 1800,1816822339,1000,1547,1547,2.3730683,0.00000,-1,-1,-1,0,0,0,136,1,1,0,0.0000000,0.0000000,0.0000000,0,0,0,0
756404998307208 D 1801,1816823339,1000,1547,1547,2.3730683,0.00000,-1,-1,-1,0,0,0,136,1,1,0,0.0000000,0.0000000,0.0000000,0,0,0,0
756404999369875 D 1802,1816824339,1000,1547,1547,2.3730683,0.00000,-1,-1,-1,0,0,0,136,1,1,0,0.0000000,0.0000000,0.0000000,0,0,0,0
756405000418083 D 1803,1816825339,1000,1547,1547,2.3730683,0.00000,-1,-1,-1,0,0,0,136,1,1,0,0.0000000,0.0000000,0.0000000,0,0,0,0
756405001474000 D 1804,1816826339,1000,1547,1547,2.3730683,0.00000,-1,-1,-1,0,0,0,136,1,1,0,0.0000000,0.0000000,0.0000000,0,0,0,0
756405002566291 D 1805,1816827339,1000,1547,1547,2.3730683,0.00000,-1,-1,-1,0,0,0,136,1,1,0,0.0000000,0.0000000,0.0000000,0,0,0,0
756405003371375 D 1806,1816828339,1000,1547,1547,2.3730683,0.00000,-1,-1,-1,0,0,0,136,1,1,0,0.0000000,0.0000000,0.0000000,0,0,0,0
756405004304833 D 1807,1816829339,1000,1547,1547,2.3730683,0.00000,-1,-1,-1,0,0,0,136,1,1,0,0.0000000,0.0000000,0.0000000,0,0,0,0
756405005289166 D 1808,1816830339,1000,1547,1547,2.3730683,0.00000,-1,-1,-1,0,0,0,136,1,1,0,0.0000000,0.0000000,0.0000000,0,0,0,0
756405006335666 D 1809,1816831339,1000,1547,1547,2.3730683,0.00000,-1,-1,-1,0,0,0,136,1,1,0,0.0000000,0.0000000,0.0000000,0,0,0,0
756405007389875 D 1810,1816832339,1000,1547,1547,2.3730683,0.00000,-1,-1,-1,0,0,0,136,1,1,0,0.0000000,0.0000000,0.0000000,0,0,0,0
756405008372500 D 1811,1816833339,1000,1547,1547,2.3730683,0.00000,-1,-1,-1,0,0,0,136,1,1,0,0.0000000,0.0000000,0.0000000,0,0,0,0
756405009294458 D 1812,1816834339,1000,1547,1547,2.3730683,0.00000,-1,-1,-1,0,0,0,136,1,1,0,0.0000000,0.0000000,0.0000000,0,0,0,0
756405010244291 D 1813,1816835339,1000,1547,1547,2.3730683,0.00000,-1,-1,-1,0,0,0,136,1,1,0,0.0000000,0.0000000,0.0000000,0,0,0,0
756405011253333 D 1814,1816836339,1000,1547,1547,2.3730683,0.00000,-1,-1,-1,0,0,0,136,1,1,0,0.0000000,0.0000000,0.0000000,0,0,0,0
756405012217375 D 1815,1816837339,1000,1547,1547,2.3730683,0.00000,-1,-1,-1,0,0,0,136,1,1,0,0.0000000,0.0000000,0.0000000,0,0,0,0
756405013281541 D 1816,1816838339,1000,1547,1547,2.3730683,0.00000,-1,-1,-1,0,0,0,136,1,1,0,0.0000000,0.0000000,0.0000000,0,0,0,0
756405014186833 D 1817,1816839339,1000,1547,1547,2.3730683,0.00000,-1,-1,-1,0,0,0,136,1,1,0,0.0000000,0.0000000,0.0000000,0,0,0,0
756405015342583 D 1818,1816840339,1000,1547,1547,2.3730683,0.00000,-1,-1,-1,0,0,0,136,1,1,0,0.0000000,0.0000000,0.0000000,0,0,0,0
756405016340666 D 1819,1816841339,1000,1547,1547,2.3730683,0.00000,-1,-1,-1,0,0,0,136,1,1,0,0.0000000,0.0000000,0.0000000,0,0,0,0
756405017310500 D 1820,1816842339,1000,1547,1547,2.3730683,0.00000,-1,-1,-1,0,0,0,136,1,1,0,0.0000000,0.0000000,0.0000000,0,0,0,0
756405018444666 D 1821,1816843339,1000,1547,1547,2.3730683,0.00000,-1,-1,-1,0,0,0,136,1,1,0,0.0000000,0.0000000,0.0000000,0,0,0,0
756405019371916 D 1822,1816844339,1000,1547,1547,2.3730683,0.00000,-1,-1,-1,0,0,0,136,1,1,0,0.0000000,0.0000000,0.0000000,0,0,0,0
756405020405166 D 1823,1816845339,1000,1547,1547,2.3730683,0.00000,-1,-1,-1,0,0,0,136,1,1,0,0.0000000,0.0000000,0.0000000,0,0,0,0
756405021427125 D 1824,1816846339,1000,1547,1547,2.3730683,0.00000,-1,-1,-1,0,0,0,136,1,1,0,0.0000000,0.0000000,0.0000000,0,0,0,0
756405022489875 D 1825,1816847339,1000,1547,1547,2.3730683,0.00000,-1,-1,-1,0,0,0,136,1,1,0,0.0000000,0.0000000,0.0000000,0,0,0,0
756405023331291 D 1826,1816848339,1000,1547,1547,2.3730683,0.00000,-1,-1,-1,0,0,0,136,1,1,0,0.0000000,0.0000000,0.0000000,0,0,0,0
756405024432916 D 1827,1816849339,1000,1547,1547,2.3730683,0.00000,-1,-1,-1,0,0,0,136,1,1,0,0.0000000,0.0000000,0.0000000,0,0,0,0
756405025406083 D 1828,1816850339,1000,1547,1547,2.3730683,0.00000,-1,-1,-1,0,0,0,136,1,1,0,0.0000000,0.0000000,0.0000000,0,0,0,0
756405026384416 D 1829,1816851339,1000,1547,1547,2.3730683,0.00000,-1,-1,-1,0,0,0,136,1,1,0,0.0000000,0.0000000,0.0000000,0,0,0,0
756405027780750 D 1830,1816852339,1000,1547,1547,2.3730683,0.00000,39,126,2064,0,0,0,136,1,1,0,0.0000000,0.0000000,0.0000000,0,0,0,0
756405028364125 D 1831,1816853339,1000,1547,1547,2.3730683,0.00000,-1,-1,-1,0,0,0,136,1,1,0,0.0000000,0.0000000,0.0000000,0,0,0,0
756405029315500 D 1832,1816854339,1000,1547,1547,2.3730683,0.00000,-1,-1,-1,0,0,0,136,1,1,0,0.0000000,0.0000000,0.0000000,0,0,0,0
756405030276666 D 1833,1816855339,1000,1547,1547,2.3730683,0.00000,-1,-1,-1,0,0,0,136,1,1,0,0.0000000,0.0000000,0.0000000,0,0,0,0
756405031278000 D 1834,1816856339,1000,1547,1547,2.3730683,0.00000,-1,-1,-1,0,0,0,136,1,1,0,0.0000000,0.0000000,0.0000000,0,0,0,0
756405032277375 D 1835,1816857339,1000,1547,1547,2.3730683,0.00000,-1,-1,-1,0,0,0,136,1,1,0,0.0000000,0.0000000,0.0000000,0,0,0,0
756405033257541 D 1836,1816858339,1000,1547,1547,2.3730683,0.00000,-1,-1,-1,0,0,0,136,1,1,0,0.0000000,0.0000000,0.0000000,0,0,0,0
756405034319250 D 1837,1816859339,1000,1547,1547,2.3730683,0.00000,-1,-1,-1,0,0,0,136,1,1,0,0.0000000,0.0000000,0.0000000,0,0,0,0
756405035407875 D 1838,1816860339,1000,1547,1547,2.3730683,0.00000,-1,-1,-1,0,0,0,136,1,1,0,0.0000000,0.0000000,0.0000000,0,0,0,0
756405036321833 D 1839,1816861339,1000,1547,1547,2.3730683,0.00000,-1,-1,-1,0,0,0,136,1,1,0,0.0000000,0.0000000,0.0000000,0,0,0,0
756405037294500 D 1840,1816862339,1000,1547,1547,2.3730683,0.00000,-1,-1,-1,0,0,0,136,1,1,0,0.0000000,0.0000000,0.0000000,0,0,0,0
756405038266291 D 1841,1816863339,1000,1547,1547,2.3730683,0.00000,-1,-1,-1,0,0,0,136,1,1,0,0.0000000,0.0000000,0.0000000,0,0,0,0
756405039165291 D 1842,1816864339,1000,1547,1547,2.3730683,0.00000,-1,-1,-1,0,0,0,136,1,1,0,0.0000000,0.0000000,0.0000000,0,0,0,0
756405040342916 D 1843,1816865339,1000,1547,1547,2.3730683,0.00000,-1,-1,-1,0,0,0,136,1,1,0,0.0000000,0.0000000,0.0000000,0,0,0,0
756405041353000 D 1844,1816866339,1000,1547,1547,2.3730683,0.00000,-1,-1,-1,0,0,0,136,1,1,0,0.0000000,0.0000000,0.0000000,0,0,0,0
756405042234250 D 1845,1816867339,1000,1547,1547,2.3730683,0.00000,-1,-1,-1,0,0,0,136,1,1,0,0.0000000,0.0000000,0.0000000,0,0,0,0
756405043183625 D 1846,1816868339,1000,1547,1547,2.3730683,0.00000,-1,-1,-1,0,0,0,136,1,1,0,0.0000000,0.0000000,0.0000000,0,0,0,0
756405044152250 D 1847,1816869339,1000,1547,1547,2.3730683,0.00000,-1,-1,-1,0,0,0,136,1,1,0,0.0000000,0.0000000,0.0000000,0,0,0,0
756405045158458 D 1848,1816870339,1000,1547,1547,2.3730683,0.00000,-1,-1,-1,0,0,0,136,1,1,0,0.0000000,0.0000000,0.0000000,0,0,0,0
756405046143416 D 1849,1816871339,1000,1547,1547,2.3730683,0.00000,-1,-1,-1,0,0,0,136,1,1,0,0.0000000,0.0000000,0.0000000,0,0,0,0
756405047076208 D 1850,1816872339,1000,1547,1547,2.3730683,0.00000,-1,-1,-1,0,0,0,136,1,1,0,0.0000000,0.0000000,0.0000000,0,0,0,0
756405048306541 D 1851,1816873339,1000,1547,1547,2.3730683,0.00000,-1,-1,-1,0,0,0,136,1,1,0,0.0000000,0.0000000,0.0000000,0,0,0,0
756405049248291 D 1852,1816874339,1000,1547,1547,2.3730683,0.00000,-1,-1,-1,0,0,0,136,1,1,0,0.0000000,0.0000000,0.0000000,0,0,0,0
756405050274916 D 1853,1816875339,1000,1547,1547,2.3730683,0.00000,-1,-1,-1,0,0,0,136,1,1,0,0.0000000,0.0000000,0.0000000,0,0,0,0
756405051288291 D 1854,1816876339,1000,1547,1547,2.3730683,0.00000,-1,-1,-1,0,0,0,136,1,1,0,0.0000000,0.0000000,0.0000000,0,0,0,0
756405052256166 D 1855,1816877339,1000,1547,1547,2.3730683,0.00000,-1,-1,-1,0,0,0,136,1,1,0,0.0000000,0.0000000,0.0000000,0,0,0,0
756405053239291 D 1856,1816878339,1000,1547,1547,2.3730683,0.00000,-1,-1,-1,0,0,0,136,1,1,0,0.0000000,0.0000000,0.0000000,0,0,0,0
756405054233625 D 1857,1816879339,1000,1547,1547,2.3730683,0.00000,-1,-1,-1,0,0,0,136,1,1,0,0.0000000,0.0000000,0.0000000,0,0,0,0
756405055219625 D 1858,1816880339,1000,1547,1547,2.3730683,0.00000,-1,-1,-1,0,0,0,136,1,1,0,0.0000000,0.0000000,0.0000000,0,0,0,0
756405056239500 D 1859,1816881339,1000,1547,1547,2.3730683,0.00000,-1,-1,-1,0,0,0,136,1,1,0,0.0000000,0.0000000,0.0000000,0,0,0,0
756405057213041 D 1860,1816882339,1000,1547,1547,2.3730683,0.00000,-1,-1,-1,0,0,0,136,1,1,0,0.0000000,0.0000000,0.0000000,0,0,0,0
756405058248791 D 1861,1816883339,1000,1547,1547,2.3730683,0.00000,-1,-1,-1,0,0,0,136,1,1,0,0.0000000,0.0000000,0.0000000,0,0,0,0
756405059269166 D 1862,1816884339,1000,1547,1547,2.3730683,0.00000,-1,-1,-1,0,0,0,136,1,1,0,0.0000000,0.0000000,0.0000000,0,0,0,0
756405060238500 D 1863,1816885339,1000,1547,1547,2.3730683,0.00000,-1,-1,-1,0,0,0,136,1,1,0,0.0000000,0.0000000,0.0000000,0,0,0,0
756405061223208 D 1864,1816886339,1000,1547,1547,2.3730683,0.00000,-1,-1,-1,0,0,0,136,1,1,0,0.0000000,0.0000000,0.0000000,0,0,0,0
756405062247708 D 1865,1816887339,1000,1547,1547,2.3730683,0.00000,-1,-1,-1,0,0,0,136,1,1,0,0.0000000,0.0000000,0.0000000,0,0,0,0
756405063220041 D 1866,1816888339,1000,1547,1547,2.3730683,0.00000,-1,-1,-1,0,0,0,136,1,1,0,0.0000000,0.0000000,0.0000000,0,0,0,0
756405064197625 D 1867,1816889339,1000,1547,1547,2.3730683,0.00000,-1,-1,-1,0,0,0,136,1,1,0,0.0000000,0.0000000,0.0000000,0,0,0,0
756405065200875 D 1868,1816890339,1000,1547,1547,2.3730683,0.00000,-1,-1,-1,0,0,0,136,1,1,0,0.0000000,0.0000000,0.0000000,0,0,0,0
756405066200208 D 1869,1816891339,1000,1547,1547,2.3730683,0.00000,-1,-1,-1,0,0,0,136,1,1,0,0.0000000,0.0000000,0.0000000,0,0,0,0
756405067223291 D 1870,1816892339,1000,1547,1547,2.3730683,0.00000,-1,-1,-1,0,0,0,136,1,1,0,0.0000000,0.0000000,0.0000000,0,0,0,0
756405068239833 D 1871,1816893339,1000,1547,1547,2.3730683,0.00000,-1,-1,-1,0,0,0,136,1,1,0,0.0000000,0.0000000,0.0000000,0,0,0,0
756405069226916 D 1872,1816894339,1000,1547,1547,2.3730683,0.00000,-1,-1,-1,0,0,0,136,1,1,0,0.0000000,0.0000000,0.0000000,0,0,0,0
756405070215750 D 1873,1816895339,1000,1547,1547,2.3730683,0.00000,-1,-1,-1,0,0,0,136,1,1,0,0.0000000,0.0000000,0.0000000,0,0,0,0
756405071218250 D 1874,1816896339,1000,1547,1547,2.3730683,0.00000,-1,-1,-1,0,0,0,136,1,1,0,0.0000000,0.0000000,0.0000000,0,0,0,0
756405072208833 D 1875,1816897339,1000,1547,1547,2.3730683,0.00000,-1,-1,-1,0,0,0,135,1,1,0,0.0000000,0.0000000,0.0000000,0,0,0,0
756405073205666 D 1876,1816898339,1000,1547,1547,2.3730683,0.00000,-1,-1,-1,0,0,0,136,1,1,0,0.0000000,0.0000000,0.0000000,0,0,0,0
756405074202375 D 1877,1816899339,1000,1547,1547,2.3730683,0.00000,-1,-1,-1,0,0,0,136,1,1,0,0.0000000,0.0000000,0.0000000,0,0,0,0
756405075204750 D 1878,1816900339,1000,1547,1547,2.3730683,0.00000,-1,-1,-1,0,0,0,136,1,1,0,0.0000000,0.0000000,0.0000000,0,0,0,0
756405076208125 D 1879,1816901339,1000,1547,1547,2.3730683,0.00000,-1,-1,-1,0,0,0,136,1,1,0,0.0000000,0.0000000,0.0000000,0,0,0,0
756405077641791 D 1880,1816902339,1000,1547,1547,2.3730683,0.00000,39,126,2063,0,0,0,136,1,1,0,0.0000000,0.0000000,0.0000000,0,0,0,0
756405078266583 D 1881,1816903339,1000,1547,1547,2.3730683,0.00000,-1,-1,-1,0,0,0,136,1,1,0,0.0000000,0.0000000,0.0000000,0,0,0,0
756405079265083 D 1882,1816904339,1000,1547,1547,2.3730683,0.00000,-1,-1,-1,0,0,0,136,1,1,0,0.0000000,0.0000000,0.0000000,0,0,0,0
756405080256791 D 1883,1816905339,1000,1547,1547,2.3730683,0.00000,-1,-1,-1,0,0,0,136,1,1,0,0.0000000,0.0000000,0.0000000,0,0,0,0
756405081225125 D 1884,1816906339,1000,1547,1547,2.3730683,0.00000,-1,-1,-1,0,0,0,136,1,1,0,0.0000000,0.0000000,0.0000000,0,0,0,0
756405082297750 D 1885,1816907339,1000,1547,1547,2.3730683,0.00000,-1,-1,-1,0,0,0,136,1,1,0,0.0000000,0.0000000,0.0000000,0,0,0,0
756405083225125 D 1886,1816908339,1000,1547,1547,2.3730683,0.00000,-1,-1,-1,0,0,0,136,1,1,0,0.0000000,0.0000000,0.0000000,0,0,0,0
756405084219291 D 1887,1816909339,1000,1547,1547,2.3730683,0.00000,-1,-1,-1,0,0,0,136,1,1,0,0.0000000,0.0000000,0.0000000,0,0,0,0
756405085229958 D 1888,1816910339,1000,1547,1547,2.3730683,0.00000,-1,-1,-1,0,0,0,136,1,1,0,0.0000000,0.0000000,0.0000000,0,0,0,0
756405086254500 D 1889,1816911339,1000,1547,1547,2.3730683,0.00000,-1,-1,-1,0,0,0,136,1,1,0,0.0000000,0.0000000,0.0000000,0,0,0,0
756405087224583 D 1890,1816912339,1000,1547,1547,2.3730683,0.00000,-1,-1,-1,0,0,0,136,1,1,0,0.0000000,0.0000000,0.0000000,0,0,0,0
756405088235791 D 1891,1816913339,1000,1547,1547,2.3730683,0.00000,-1,-1,-1,0,0,0,136,1,1,0,0.0000000,0.0000000,0.0000000,0,0,0,0
756405089215000 D 1892,1816914339,1000,1547,1547,2.3730683,0.00000,-1,-1,-1,0,0,0,136,1,1,0,0.0000000,0.0000000,0.0000000,0,0,0,0
756405090205666 D 1893,1816915339,1000,1547,1547,2.3730683,0.00000,-1,-1,-1,0,0,0,136,1,1,0,0.0000000,0.0000000,0.0000000,0,0,0,0
756405091211000 D 1894,1816916339,1000,1547,1547,2.3730683,0.00000,-1,-1,-1,0,0,0,136,1,1,0,0.0000000,0.0000000,0.0000000,0,0,0,0
756405092209875 D 1895,1816917339,1000,1547,1547,2.3730683,0.00000,-1,-1,-1,0,0,0,136,1,1,0,0.0000000,0.0000000,0.0000000,0,0,0,0
756405093207583 D 1896,1816918339,1000,1547,1547,2.3730683,0.00000,-1,-1,-1,0,0,0,136,1,1,0,0.0000000,0.0000000,0.0000000,0,0,0,0
756405094201125 D 1897,1816919339,1000,1547,1547,2.3730683,0.00000,-1,-1,-1,0,0,0,136,1,1,0,0.0000000,0.0000000,0.0000000,0,0,0,0
756405095203750 D 1898,1816920339,1000,1547,1547,2.3730683,0.00000,-1,-1,-1,0,0,0,136,1,1,0,0.0000000,0.0000000,0.0000000,0,0,0,0
756405096206916 D 1899,1816921339,1000,1547,1547,2.3730683,0.00000,-1,-1,-1,0,0,0,136,1,1,0,0.0000000,0.0000000,0.0000000,0,0,0,0
756405097212041 D 1900,1816922339,1000,1547,1547,2.3730683,0.00000,-1,-1,-1,0,0,0,136,1,1,0,0.0000000,0.0000000,0.0000000,0,0,0,0
756405098227708 D 1901,1816923339,1000,1547,1547,2.3730683,0.00000,-1,-1,-1,0,0,0,136,1,1,0,0.0000000,0.0000000,0.0000000,0,0,0,0
756405099212083 D 1902,1816924339,1000,1547,1547,2.3730683,0.00000,-1,-1,-1,0,0,0,136,1,1,0,0.0000000,0.0000000,0.0000000,0,0,0,0
756405100245500 D 1903,1816925339,1000,1547,1547,2.3730683,0.00000,-1,-1,-1,0,0,0,136,1,1,0,0.0000000,0.0000000,0.0000000,0,0,0,0
756405101226458 D 1904,1816926339,1000,1547,1547,2.3730683,0.00000,-1,-1,-1,0,0,0,136,1,1,0,0.0000000,0.0000000,0.0000000,0,0,0,0
756405102203291 D 1905,1816927339,1000,1547,1547,2.3730683,0.00000,-1,-1,-1,0,0,0,136,1,1,0,0.0000000,0.0000000,0.0000000,0,0,0,0
756405103219750 D 1906,1816928339,1000,1547,1547,2.3730683,0.00000,-1,-1,-1,0,0,0,136,1,1,0,0.0000000,0.0000000,0.0000000,0,0,0,0
756405104202125 D 1907,1816929339,1000,1547,1547,2.3730683,0.00000,-1,-1,-1,0,0,0,136,1,1,0,0.0000000,0.0000000,0.0000000,0,0,0,0
756405105199416 D 1908,1816930339,1000,1547,1547,2.3730683,0.00000,-1,-1,-1,0,0,0,136,1,1,0,0.0000000,0.0000000,0.0000000,0,0,0,0
756405106287083 D 1909,1816931339,1000,1547,1547,2.3730683,0.00000,-1,-1,-1,0,0,0,136,1,1,0,0.0000000,0.0000000,0.0000000,0,0,0,0
756405107499083 D 1910,1816932339,1000,1547,1547,2.3730683,0.00000,-1,-1,-1,0,0,0,136,1,1,0,0.0000000,0.0000000,0.0000000,0,0,0,0
756405108470125 D 1911,1816933339,1000,1547,1547,2.3730683,0.00000,-1,-1,-1,0,0,0,136,1,1,0,0.0000000,0.0000000,0.0000000,0,0,0,0
756405109453041 D 1912,1816934339,1000,1547,1547,2.3730683,0.00000,-1,-1,-1,0,0,0,136,1,1,0,0.0000000,0.0000000,0.0000000,0,0,0,0
756405110205125 D 1913,1816935339,1000,1547,1547,2.3730683,0.00000,-1,-1,-1,0,0,0,136,1,1,0,0.0000000,0.0000000,0.0000000,0,0,0,0
756405111203750 D 1914,1816936339,1000,1547,1547,2.3730683,0.00000,-1,-1,-1,0,0,0,136,1,1,0,0.0000000,0.0000000,0.0000000,0,0,0,0
756405112203625 D 1915,1816937339,1000,1547,1547,2.3730683,0.00000,-1,-1,-1,0,0,0,136,1,1,0,0.0000000,0.0000000,0.0000000,0,0,0,0
756405113204958 D 1916,1816938339,1000,1547,1547,2.3730683,0.00000,-1,-1,-1,0,0,0,136,1,1,0,0.0000000,0.0000000,0.0000000,0,0,0,0
756405114221041 D 1917,1816939339,1000,1547,1547,2.3730683,0.00000,-1,-1,-1,0,0,0,136,1,1,0,0.0000000,0.0000000,0.0000000,0,0,0,0
756405115247541 D 1918,1816940339,1000,1547,1547,2.3730683,0.00000,-1,-1,-1,0,0,0,136,1,1,0,0.0000000,0.0000000,0.0000000,0,0,0,0
756405116214666 D 1919,1816941339,1000,1547,1547,2.3730683,0.00000,-1,-1,-1,0,0,0,136,1,1,0,0.0000000,0.0000000,0.0000000,0,0,0,0
756405117212166 D 1920,1816942339,1000,1547,1547,2.3730683,0.00000,-1,-1,-1,0,0,0,136,1,1,0,0.0000000,0.0000000,0.0000000,0,0,0,0
756405118209000 D 1921,1816943339,1000,1547,1547,2.3730683,0.00000,-1,-1,-1,0,0,0,136,1,1,0,0.0000000,0.0000000,0.0000000,0,0,0,0
756405119208291 D 1922,1816944339,1000,1547,1547,2.3730683,0.00000,-1,-1,-1,0,0,0,136,1,1,0,0.0000000,0.0000000,0.0000000,0,0,0,0
756405120219666 D 1923,1816945339,1000,1547,1547,2.3730683,0.00000,-1,-1,-1,0,0,0,136,1,1,0,0.0000000,0.0000000,0.0000000,0,0,0,0
756405121207375 D 1924,1816946339,1000,1547,1547,2.3730683,0.00000,-1,-1,-1,0,0,0,136,1,1,0,0.0000000,0.0000000,0.0000000,0,0,0,0
756405122206166 D 1925,1816947339,1000,1547,1547,2.3730683,0.00000,-1,-1,-1,0,0,0,136,1,1,0,0.0000000,0.0000000,0.0000000,0,0,0,0
756405123206375 D 1926,1816948339,1000,1547,1547,2.3730683,0.00000,-1,-1,-1,0,0,0,136,1,1,0,0.0000000,0.0000000,0.0000000,0,0,0,0
756405124212875 D 1927,1816949339,1000,1547,1547,2.3730683,0.00000,-1,-1,-1,0,0,0,136,1,1,0,0.0000000,0.0000000,0.0000000,0,0,0,0
756405125204083 D 1928,1816950339,1000,1547,1547,2.3730683,0.00000,-1,-1,-1,0,0,0,136,1,1,0,0.0000000,0.0000000,0.0000000,0,0,0,0
756405126212541 D 1929,1816951339,1000,1547,1547,2.3730683,0.00000,-1,-1,-1,0,0,0,136,1,1,0,0.0000000,0.0000000,0.0000000,0,0,0,0
756405127653041 D 1930,1816952339,1000,1547,1547,2.3730683,0.00000,39,126,2064,0,0,0,136,1,1,0,0.0000000,0.0000000,0.0000000,0,0,0,0
756405128276041 D 1931,1816953339,1000,1547,1547,2.3730683,0.00000,-1,-1,-1,0,0,0,136,1,1,0,0.0000000,0.0000000,0.0000000,0,0,0,0
756405129232333 D 1932,1816954339,1000,1547,1547,2.3730683,0.00000,-1,-1,-1,0,0,0,136,1,1,0,0.0000000,0.0000000,0.0000000,0,0,0,0
756405130215500 D 1933,1816955339,1000,1547,1547,2.3730683,0.00000,-1,-1,-1,0,0,0,136,1,1,0,0.0000000,0.0000000,0.0000000,0,0,0,0
756405131211500 D 1934,1816956339,1000,1547,1547,2.3730683,0.00000,-1,-1,-1,0,0,0,136,1,1,0,0.0000000,0.0000000,0.0000000,0,0,0,0
756405132205250 D 1935,1816957339,1000,1547,1547,2.3730683,0.00000,-1,-1,-1,0,0,0,136,1,1,0,0.0000000,0.0000000,0.0000000,0,0,0,0
756405133211000 D 1936,1816958339,1000,1547,1547,2.3730683,0.00000,-1,-1,-1,0,0,0,136,1,1,0,0.0000000,0.0000000,0.0000000,0,0,0,0
756405134206208 D 1937,1816959339,1000,1547,1547,2.3730683,0.00000,-1,-1,-1,0,0,0,136,1,1,0,0.0000000,0.0000000,0.0000000,0,0,0,0
756405135204625 D 1938,1816960339,1000,1547,1547,2.3730683,0.00000,-1,-1,-1,0,0,0,136,1,1,0,0.0000000,0.0000000,0.0000000,0,0,0,0
756405136207166 D 1939,1816961339,1000,1547,1547,2.3730683,0.00000,-1,-1,-1,0,0,0,136,1,1,0,0.0000000,0.0000000,0.0000000,0,0,0,0
756405137203541 D 1940,1816962339,1000,1547,1547,2.3730683,0.00000,-1,-1,-1,0,0,0,136,1,1,0,0.0000000,0.0000000,0.0000000,0,0,0,0
756405138203750 D 1941,1816963339,1000,1547,1547,2.3730683,0.00000,-1,-1,-1,0,0,0,136,1,1,0,0.0000000,0.0000000,0.0000000,0,0,0,0
756405139203000 D 1942,1816964339,1000,1547,1547,2.3730683,0.00000,-1,-1,-1,0,0,0,136,1,1,0,0.0000000,0.0000000,0.0000000,0,0,0,0
756405140205541 D 1943,1816965339,1000,1547,1547,2.3730683,0.00000,-1,-1,-1,0,0,0,136,1,1,0,0.0000000,0.0000000,0.0000000,0,0,0,0
756405141203541 D 1944,1816966339,1000,1547,1547,2.3730683,0.00000,-1,-1,-1,0,0,0,136,1,1,0,0.0000000,0.0000000,0.0000000,0,0,0,0
756405142225875 D 1945,1816967339,1000,1547,1547,2.3730683,0.00000,-1,-1,-1,0,0,0,136,1,1,0,0.0000000,0.0000000,0.0000000,0,0,0,0
756405143452916 D 1946,1816968339,1000,1547,1547,2.3730683,0.00000,-1,-1,-1,0,0,0,136,1,1,0,0.0000000,0.0000000,0.0000000,0,0,0,0
756405144449208 D 1947,1816969339,1000,1547,1547,2.3730683,0.00000,-1,-1,-1,0,0,0,136,1,1,0,0.0000000,0.0000000,0.0000000,0,0,0,0
756405145343208 D 1948,1816970339,1000,1547,1547,2.3730683,0.00000,-1,-1,-1,0,0,0,136,1,1,0,0.0000000,0.0000000,0.0000000,0,0,0,0
756405146218875 D 1949,1816971339,1000,1547,1547,2.3730683,0.00000,-1,-1,-1,0,0,0,136,1,1,0,0.0000000,0.0000000,0.0000000,0,0,0,0
756405147209916 D 1950,1816972339,1000,1547,1547,2.3730683,0.00000,-1,-1,-1,0,0,0,136,1,1,0,0.0000000,0.0000000,0.0000000,0,0,0,0
756405148209875 D 1951,1816973339,1000,1547,1547,2.3730683,0.00000,-1,-1,-1,0,0,0,136,1,1,0,0.0000000,0.0000000,0.0000000,0,0,0,0
756405149209291 D 1952,1816974339,1000,1547,1547,2.3730683,0.00000,-1,-1,-1,0,0,0,136,1,1,0,0.0000000,0.0000000,0.0000000,0,0,0,0
756405150275791 D 1953,1816975339,1000,1547,1547,2.3730683,0.00000,-1,-1,-1,0,0,0,136,1,1,0,0.0000000,0.0000000,0.0000000,0,0,0,0
756405151283375 D 1954,1816976339,1000,1547,1547,2.3730683,0.00000,-1,-1,-1,0,0,0,136,1,1,0,0.0000000,0.0000000,0.0000000,0,0,0,0
756405152224541 D 1955,1816977339,1000,1547,1547,2.3730683,0.00000,-1,-1,-1,0,0,0,136,1,1,0,0.0000000,0.0000000,0.0000000,0,0,0,0
756405153263583 D 1956,1816978339,1000,1547,1547,2.3730683,0.00000,-1,-1,-1,0,0,0,136,1,1,0,0.0000000,0.0000000,0.0000000,0,0,0,0
756405154249083 D 1957,1816979339,1000,1547,1547,2.3730683,0.00000,-1,-1,-1,0,0,0,136,1,1,0,0.0000000,0.0000000,0.0000000,0,0,0,0
756405155239791 D 1958,1816980339,1000,1547,1547,2.3730683,0.00000,-1,-1,-1,0,0,0,136,1,1,0,0.0000000,0.0000000,0.0000000,0,0,0,0
756405156243708 D 1959,1816981339,1000,1547,1547,2.3730683,0.00000,-1,-1,-1,0,0,0,136,1,1,0,0.0000000,0.0000000,0.0000000,0,0,0,0
756405157221708 D 1960,1816982339,1000,1547,1547,2.3730683,0.00000,-1,-1,-1,0,0,0,136,1,1,0,0.0000000,0.0000000,0.0000000,0,0,0,0
756405158234541 D 1961,1816983339,1000,1547,1547,2.3730683,0.00000,-1,-1,-1,0,0,0,136,1,1,0,0.0000000,0.0000000,0.0000000,0,0,0,0
756405159230125 D 1962,1816984339,1000,1547,1547,2.3730683,0.00000,-1,-1,-1,0,0,0,136,1,1,0,0.0000000,0.0000000,0.0000000,0,0,0,0
756405160215625 D 1963,1816985339,1000,1547,1547,2.3730683,0.00000,-1,-1,-1,0,0,0,136,1,1,0,0.0000000,0.0000000,0.0000000,0,0,0,0
756405161229291 D 1964,1816986339,1000,1547,1547,2.3730683,0.00000,-1,-1,-1,0,0,0,136,1,1,0,0.0000000,0.0000000,0.0000000,0,0,0,0
756405162216166 D 1965,1816987339,1000,1547,1547,2.3730683,0.00000,-1,-1,-1,0,0,0,136,1,1,0,0.0000000,0.0000000,0.0000000,0,0,0,0
756405163217541 D 1966,1816988339,1000,1547,1547,2.3730683,0.00000,-1,-1,-1,0,0,0,136,1,1,0,0.0000000,0.0000000,0.0000000,0,0,0,0
756405164211541 D 1967,1816989339,1000,1547,1547,2.3730683,0.00000,-1,-1,-1,0,0,0,136,1,1,0,0.0000000,0.0000000,0.0000000,0,0,0,0
756405165219125 D 1968,1816990339,1000,1547,1547,2.3730683,0.00000,-1,-1,-1,0,0,0,136,1,1,0,0.0000000,0.0000000,0.0000000,0,0,0,0
756405166209916 D 1969,1816991339,1000,1547,1547,2.3730683,0.00000,-1,-1,-1,0,0,0,136,1,1,0,0.0000000,0.0000000,0.0000000,0,0,0,0
756405167208583 D 1970,1816992339,1000,1547,1547,2.3730683,0.00000,-1,-1,-1,0,0,0,136,1,1,0,0.0000000,0.0000000,0.0000000,0,0,0,0
756405168213166 D 1971,1816993339,1000,1547,1547,2.3730683,0.00000,-1,-1,-1,0,0,0,136,1,1,0,0.0000000,0.0000000,0.0000000,0,0,0,0
756405169206333 D 1972,1816994339,1000,1547,1547,2.3730683,0.00000,-1,-1,-1,0,0,0,136,1,1,0,0.0000000,0.0000000,0.0000000,0,0,0,0
756405170215375 D 1973,1816995339,1000,1547,1547,2.3730683,0.00000,-1,-1,-1,0,0,0,136,1,1,0,0.0000000,0.0000000,0.0000000,0,0,0,0
756405171237458 D 1974,1816996339,1000,1547,1547,2.3730683,0.00000,-1,-1,-1,0,0,0,136,1,1,0,0.0000000,0.0000000,0.0000000,0,0,0,0
756405172455125 D 1975,1816997339,1000,1547,1547,2.3730683,0.00000,-1,-1,-1,0,0,0,136,1,1,0,0.0000000,0.0000000,0.0000000,0,0,0,0
756405173454833 D 1976,1816998339,1000,1547,1547,2.3730683,0.00000,-1,-1,-1,0,0,0,136,1,1,0,0.0000000,0.0000000,0.0000000,0,0,0,0
756405174443166 D 1977,1816999339,1000,1547,1547,2.3730683,0.00000,-1,-1,-1,0,0,0,136,1,1,0,0.0000000,0.0000000,0.0000000,0,0,0,0
756405175275708 D 1978,1817000339,1000,1547,1547,2.3730683,0.00000,-1,-1,-1,0,0,0,136,1,1,0,0.0000000,0.0000000,0.0000000,0,0,0,0
756405176234583 D 1979,1817001339,1000,1547,1547,2.3730683,0.00000,-1,-1,-1,0,0,0,136,1,1,0,0.0000000,0.0000000,0.0000000,0,0,0,0
756405177597666 D 1980,1817002339,1000,1547,1547,2.3730683,0.00000,39,126,2065,0,0,0,136,1,1,0,0.0000000,0.0000000,0.0000000,0,0,0,0
756405178217916 D 1981,1817003339,1000,1547,1547,2.3730683,0.00000,-1,-1,-1,0,0,0,136,1,1,0,0.0000000,0.0000000,0.0000000,0,0,0,0
756405179197541 D 1982,1817004339,1000,1547,1547,2.3730683,0.00000,-1,-1,-1,0,0,0,136,1,1,0,0.0000000,0.0000000,0.0000000,0,0,0,0
756405180212291 D 1983,1817005339,1000,1547,1547,2.3730683,0.00000,-1,-1,-1,0,0,0,136,1,1,0,0.0000000,0.0000000,0.0000000,0,0,0,0
756405181228000 D 1984,1817006339,1000,1547,1547,2.3730683,0.00000,-1,-1,-1,0,0,0,136,1,1,0,0.0000000,0.0000000,0.0000000,0,0,0,0
756405182220333 D 1985,1817007339,1000,1547,1547,2.3730683,0.00000,-1,-1,-1,0,0,0,136,1,1,0,0.0000000,0.0000000,0.0000000,0,0,0,0
756405183208416 D 1986,1817008339,1000,1547,1547,2.3730683,0.00000,-1,-1,-1,0,0,0,136,1,1,0,0.0000000,0.0000000,0.0000000,0,0,0,0
756405184216750 D 1987,1817009339,1000,1547,1547,2.3730683,0.00000,-1,-1,-1,0,0,0,136,1,1,0,0.0000000,0.0000000,0.0000000,0,0,0,0
756405185201666 D 1988,1817010339,1000,1547,1547,2.3730683,0.00000,-1,-1,-1,0,0,0,136,1,1,0,0.0000000,0.0000000,0.0000000,0,0,0,0
756405186206958 D 1989,1817011339,1000,1547,1547,2.3730683,0.00000,-1,-1,-1,0,0,0,136,1,1,0,0.0000000,0.0000000,0.0000000,0,0,0,0
756405187212166 D 1990,1817012339,1000,1547,1547,2.3730683,0.00000,-1,-1,-1,0,0,0,136,1,1,0,0.0000000,0.0000000,0.0000000,0,0,0,0
756405188227916 D 1991,1817013339,1000,1547,1547,2.3730683,0.00000,-1,-1,-1,0,0,0,136,1,1,0,0.0000000,0.0000000,0.0000000,0,0,0,0
756405189227125 D 1992,1817014339,1000,1547,1547,2.3730683,0.00000,-1,-1,-1,0,0,0,136,1,1,0,0.0000000,0.0000000,0.0000000,0,0,0,0
756405190212750 D 1993,1817015339,1000,1547,1547,2.3730683,0.00000,-1,-1,-1,0,0,0,136,1,1,0,0.0000000,0.0000000,0.0000000,0,0,0,0
756405191228291 D 1994,1817016339,1000,1547,1547,2.3730683,0.00000,-1,-1,-1,0,0,0,136,1,1,0,0.0000000,0.0000000,0.0000000,0,0,0,0
756405192232458 D 1995,1817017339,1000,1547,1547,2.3730683,0.00000,-1,-1,-1,0,0,0,136,1,1,0,0.0000000,0.0000000,0.0000000,0,0,0,0
756405193214583 D 1996,1817018339,1000,1547,1547,2.3730683,0.00000,-1,-1,-1,0,0,0,136,1,1,0,0.0000000,0.0000000,0.0000000,0,0,0,0
756405194210458 D 1997,1817019339,1000,1547,1547,2.3730683,0.00000,-1,-1,-1,0,0,0,136,1,1,0,0.0000000,0.0000000,0.0000000,0,0,0,0
756405195208916 D 1998,1817020339,1000,1547,1547,2.3730683,0.00000,-1,-1,-1,0,0,0,136,1,1,0,0.0000000,0.0000000,0.0000000,0,0,0,0
756405196216208 D 1999,1817021339,1000,1547,1547,2.3730683,0.00000,-1,-1,-1,0,0,0,136,1,1,0,0.0000000,0.0000000,0.0000000,0,0,0,0
756405197209791 D 2000,1817022339,1000,1547,1547,2.3730683,0.00000,-1,-1,-1,0,0,0,136,1,1,0,0.0000000,0.0000000,0.0000000,0,0,0,0
756405198207666 D 2001,1817023339,1000,1547,1547,2.3730683,0.00000,-1,-1,-1,0,0,0,136,1,1,0,0.0000000,0.0000000,0.0000000,0,0,0,0
756405199211000 D 2002,1817024339,1000,1547,1547,2.3730683,0.00000,-1,-1,-1,0,0,0,136,1,1,0,0.0000000,0.0000000,0.0000000,0,0,0,0
756405200209583 D 2003,1817025339,1000,1547,1547,2.3730683,0.00000,-1,-1,-1,0,0,0,136,1,1,0,0.0000000,0.0000000,0.0000000,0,0,0,0
756405201316291 D 2004,1817026339,1000,1547,1547,2.3730683,0.00000,-1,-1,-1,0,0,0,136,1,1,0,0.0000000,0.0000000,0.0000000,0,0,0,0
756405202450625 D 2005,1817027339,1000,1547,1547,2.3730683,0.00000,-1,-1,-1,0,0,0,136,1,1,0,0.0000000,0.0000000,0.0000000,0,0,0,0
756405203440041 D 2006,1817028339,1000,1547,1547,2.3730683,0.00000,-1,-1,-1,0,0,0,136,1,1,0,0.0000000,0.0000000,0.0000000,0,0,0,0
756405204386375 D 2007,1817029339,1000,1547,1547,2.3730683,0.00000,-1,-1,-1,0,0,0,136,1,1,0,0.0000000,0.0000000,0.0000000,0,0,0,0
756405205208666 D 2008,1817030339,1000,1547,1547,2.3730683,0.00000,-1,-1,-1,0,0,0,136,1,1,0,0.0000000,0.0000000,0.0000000,0,0,0,0
756405206208375 D 2009,1817031339,1000,1547,1547,2.3730683,0.00000,-1,-1,-1,0,0,0,136,1,1,0,0.0000000,0.0000000,0.0000000,0,0,0,0
756405207245041 D 2010,1817032339,1000,1547,1547,2.3730683,0.00000,-1,-1,-1,0,0,0,136,1,1,0,0.0000000,0.0000000,0.0000000,0,0,0,0
756405208214041 D 2011,1817033339,1000,1547,1547,2.3730683,0.00000,-1,-1,-1,0,0,0,136,1,1,0,0.0000000,0.0000000,0.0000000,0,0,0,0
756405209204208 D 2012,1817034339,1000,1547,1547,2.3730683,0.00000,-1,-1,-1,0,0,0,136,1,1,0,0.0000000,0.0000000,0.0000000,0,0,0,0
756405210214166 D 2013,1817035339,1000,1547,1547,2.3730683,0.00000,-1,-1,-1,0,0,0,136,1,1,0,0.0000000,0.0000000,0.0000000,0,0,0,0
756405211200000 D 2014,1817036339,1000,1547,1547,2.3730683,0.00000,-1,-1,-1,0,0,0,136,1,1,0,0.0000000,0.0000000,0.0000000,0,0,0,0
756405212207375 D 2015,1817037339,1000,1547,1547,2.3730683,0.00000,-1,-1,-1,0,0,0,136,1,1,0,0.0000000,0.0000000,0.0000000,0,0,0,0
756405213203000 D 2016,1817038339,1000,1547,1547,2.3730683,0.00000,-1,-1,-1,0,0,0,136,1,1,0,0.0000000,0.0000000,0.0000000,0,0,0,0
756405214203458 D 2017,1817039339,1000,1547,1547,2.3730683,0.00000,-1,-1,-1,0,0,0,136,1,1,0,0.0000000,0.0000000,0.0000000,0,0,0,0
756405215200083 D 2018,1817040339,1000,1547,1547,2.3730683,0.00000,-1,-1,-1,0,0,0,136,1,1,0,0.0000000,0.0000000,0.0000000,0,0,0,0
756405216213375 D 2019,1817041339,1000,1547,1547,2.3730683,0.00000,-1,-1,-1,0,0,0,136,1,1,0,0.0000000,0.0000000,0.0000000,0,0,0,0
756405217207333 D 2020,1817042339,1000,1547,1547,2.3730683,0.00000,-1,-1,-1,0,0,0,136,1,1,0,0.0000000,0.0000000,0.0000000,0,0,0,0
756405218234166 D 2021,1817043339,1000,1547,1547,2.3730683,0.00000,-1,-1,-1,0,0,0,136,1,1,0,0.0000000,0.0000000,0.0000000,0,0,0,0
756405219207041 D 2022,1817044339,1000,1547,1547,2.3730683,0.00000,-1,-1,-1,0,0,0,136,1,1,0,0.0000000,0.0000000,0.0000000,0,0,0,0
756405220207958 D 2023,1817045339,1000,1547,1547,2.3730683,0.00000,-1,-1,-1,0,0,0,136,1,1,0,0.0000000,0.0000000,0.0000000,0,0,0,0
756405221201250 D 2024,1817046339,1000,1547,1547,2.3730683,0.00000,-1,-1,-1,0,0,0,136,1,1,0,0.0000000,0.0000000,0.0000000,0,0,0,0
756405222207958 D 2025,1817047339,1000,1547,1547,2.3730683,0.00000,-1,-1,-1,0,0,0,136,1,1,0,0.0000000,0.0000000,0.0000000,0,0,0,0
756405223213000 D 2026,1817048339,1000,1547,1547,2.3730683,0.00000,-1,-1,-1,0,0,0,136,1,1,0,0.0000000,0.0000000,0.0000000,0,0,0,0
756405224204916 D 2027,1817049339,1000,1547,1547,2.3730683,0.00000,-1,-1,-1,0,0,0,136,1,1,0,0.0000000,0.0000000,0.0000000,0,0,0,0
756405225208000 D 2028,1817050339,1000,1547,1547,2.3730683,0.00000,-1,-1,-1,0,0,0,136,1,1,0,0.0000000,0.0000000,0.0000000,0,0,0,0
756405226300250 D 2029,1817051339,1000,1547,1547,2.3730683,0.00000,-1,-1,-1,0,0,0,136,1,1,0,0.0000000,0.0000000,0.0000000,0,0,0,0
756405227670458 D 2030,1817052339,1000,1547,1547,2.3730683,0.00000,39,126,2066,0,0,0,136,1,1,0,0.0000000,0.0000000,0.0000000,0,0,0,0
756405228303375 D 2031,1817053339,1000,1547,1547,2.3730683,0.00000,-1,-1,-1,0,0,0,136,1,1,0,0.0000000,0.0000000,0.0000000,0,0,0,0
756405229267500 D 2032,1817054339,1000,1547,1547,2.3730683,0.00000,-1,-1,-1,0,0,0,136,1,1,0,0.0000000,0.0000000,0.0000000,0,0,0,0
756405230261416 D 2033,1817055339,1000,1547,1547,2.3730683,0.00000,-1,-1,-1,0,0,0,136,1,1,0,0.0000000,0.0000000,0.0000000,0,0,0,0
756405231481375 D 2034,1817056339,1000,1547,1547,2.3730683,0.00000,-1,-1,-1,0,0,0,136,1,1,0,0.0000000,0.0000000,0.0000000,0,0,0,0
756405232490791 D 2035,1817057339,1000,1547,1547,2.3730683,0.00000,-1,-1,-1,0,0,0,136,1,1,0,0.0000000,0.0000000,0.0000000,0,0,0,0
756405233469333 D 2036,1817058339,1000,1547,1547,2.3730683,0.00000,-1,-1,-1,0,0,0,136,1,1,0,0.0000000,0.0000000,0.0000000,0,0,0,0
756405234288125 D 2037,1817059339,1000,1547,1547,2.3730683,0.00000,-1,-1,-1,0,0,0,136,1,1,0,0.0000000,0.0000000,0.0000000,0,0,0,0
756405235233708 D 2038,1817060339,1000,1547,1547,2.3730683,0.00000,-1,-1,-1,0,0,0,136,1,1,0,0.0000000,0.0000000,0.0000000,0,0,0,0
756405236218875 D 2039,1817061339,1000,1547,1547,2.3730683,0.00000,-1,-1,-1,0,0,0,136,1,1,0,0.0000000,0.0000000,0.0000000,0,0,0,0
756405237218250 D 2040,1817062339,1000,1547,1547,2.3730683,0.00000,-1,-1,-1,0,0,0,136,1,1,0,0.0000000,0.0000000,0.0000000,0,0,0,0
756405238226375 D 2041,1817063339,1000,1547,1547,2.3730683,0.00000,-1,-1,-1,0,0,0,136,1,1,0,0.0000000,0.0000000,0.0000000,0,0,0,0
756405239255916 D 2042,1817064339,1000,1547,1547,2.3730683,0.00000,-1,-1,-1,0,0,0,136,1,1,0,0.0000000,0.0000000,0.0000000,0,0,0,0
756405240227416 D 2043,1817065339,1000,1547,1547,2.3730683,0.00000,-1,-1,-1,0,0,0,136,1,1,0,0.0000000,0.0000000,0.0000000,0,0,0,0
756405241230208 D 2044,1817066339,1000,1547,1547,2.3730683,0.00000,-1,-1,-1,0,0,0,136,1,1,0,0.0000000,0.0000000,0.0000000,0,0,0,0
756405242286875 D 2045,1817067339,1000,1547,1547,2.3730683,0.00000,-1,-1,-1,0,0,0,136,1,1,0,0.0000000,0.0000000,0.0000000,0,0,0,0
756405243284458 D 2046,1817068339,1000,1547,1547,2.3730683,0.00000,-1,-1,-1,0,0,0,136,1,1,0,0.0000000,0.0000000,0.0000000,0,0,0,0
756405244254666 D 2047,1817069339,1000,1547,1547,2.3730683,0.00000,-1,-1,-1,0,0,0,136,1,1,0,0.0000000,0.0000000,0.0000000,0,0,0,0
756405245236750 D 2048,1817070339,1000,1547,1547,2.3730683,0.00000,-1,-1,-1,0,0,0,136,1,1,0,0.0000000,0.0000000,0.0000000,0,0,0,0
756405246238916 D 2049,1817071339,1000,1547,1547,2.3730683,0.00000,-1,-1,-1,0,0,0,136,1,1,0,0.0000000,0.0000000,0.0000000,0,0,0,0
756405247233333 D 2050,1817072339,1000,1547,1547,2.3730683,0.00000,-1,-1,-1,0,0,0,136,1,1,0,0.0000000,0.0000000,0.0000000,0,0,0,0
756405248231125 D 2051,1817073339,1000,1547,1547,2.3730683,0.00000,-1,-1,-1,0,0,0,136,1,1,0,0.0000000,0.0000000,0.0000000,0,0,0,0
756405249237875 D 2052,1817074339,1000,1547,1547,2.3730683,0.00000,-1,-1,-1,0,0,0,136,1,1,0,0.0000000,0.0000000,0.0000000,0,0,0,0
756405250222833 D 2053,1817075339,1000,1547,1547,2.3730683,0.00000,-1,-1,-1,0,0,0,136,1,1,0,0.0000000,0.0000000,0.0000000,0,0,0,0
756405251219250 D 2054,1817076339,1000,1547,1547,2.3730683,0.00000,-1,-1,-1,0,0,0,136,1,1,0,0.0000000,0.0000000,0.0000000,0,0,0,0
756405252220083 D 2055,1817077339,1000,1547,1547,2.3730683,0.00000,-1,-1,-1,0,0,0,136,1,1,0,0.0000000,0.0000000,0.0000000,0,0,0,0
756405253226375 D 2056,1817078339,1000,1547,1547,2.3730683,0.00000,-1,-1,-1,0,0,0,136,1,1,0,0.0000000,0.0000000,0.0000000,0,0,0,0
756405254236875 D 2057,1817079339,1000,1547,1547,2.3730683,0.00000,-1,-1,-1,0,0,0,136,1,1,0,0.0000000,0.0000000,0.0000000,0,0,0,0
756405255238958 D 2058,1817080339,1000,1547,1547,2.3730683,0.00000,-1,-1,-1,0,0,0,136,1,1,0,0.0000000,0.0000000,0.0000000,0,0,0,0
756405256227041 D 2059,1817081339,1000,1547,1547,2.3730683,0.00000,-1,-1,-1,0,0,0,136,1,1,0,0.0000000,0.0000000,0.0000000,0,0,0,0
756405257222333 D 2060,1817082339,1000,1547,1547,2.3730683,0.00000,-1,-1,-1,0,0,0,136,1,1,0,0.0000000,0.0000000,0.0000000,0,0,0,0
756405258221083 D 2061,1817083339,1000,1547,1547,2.3730683,0.00000,-1,-1,-1,0,0,0,136,1,1,0,0.0000000,0.0000000,0.0000000,0,0,0,0
756405259211875 D 2062,1817084339,1000,1547,1547,2.3730683,0.00000,-1,-1,-1,0,0,0,136,1,1,0,0.0000000,0.0000000,0.0000000,0,0,0,0
756405260231708 D 2063,1817085339,1000,1547,1547,2.3730683,0.00000,-1,-1,-1,0,0,0,136,1,1,0,0.0000000,0.0000000,0.0000000,0,0,0,0
756405261231083 D 2064,1817086339,1000,1547,1547,2.3730683,0.00000,-1,-1,-1,0,0,0,136,1,1,0,0.0000000,0.0000000,0.0000000,0,0,0,0
756405262224041 D 2065,1817087339,1000,1547,1547,2.3730683,0.00000,-1,-1,-1,0,0,0,136,1,1,0,0.0000000,0.0000000,0.0000000,0,0,0,0
756405263219625 D 2066,1817088339,1000,1547,1547,2.3730683,0.00000,-1,-1,-1,0,0,0,136,1,1,0,0.0000000,0.0000000,0.0000000,0,0,0,0
756405264221875 D 2067,1817089339,1000,1547,1547,2.3730683,0.00000,-1,-1,-1,0,0,0,136,1,1,0,0.0000000,0.0000000,0.0000000,0,0,0,0
756405265435541 D 2068,1817090339,1000,1547,1547,2.3730683,0.00000,-1,-1,-1,0,0,0,136,1,1,0,0.0000000,0.0000000,0.0000000,0,0,0,0
756405266438166 D 2069,1817091339,1000,1547,1547,2.3730683,0.00000,-1,-1,-1,0,0,0,136,1,1,0,0.0000000,0.0000000,0.0000000,0,0,0,0
756405267372541 D 2070,1817092339,1000,1547,1547,2.3730683,0.00000,-1,-1,-1,0,0,0,136,1,1,0,0.0000000,0.0000000,0.0000000,0,0,0,0
756405268218916 D 2071,1817093339,1000,1547,1547,2.3730683,0.00000,-1,-1,-1,0,0,0,136,1,1,0,0.0000000,0.0000000,0.0000000,0,0,0,0
756405269226041 D 2072,1817094339,1000,1547,1547,2.3730683,0.00000,-1,-1,-1,0,0,0,136,1,1,0,0.0000000,0.0000000,0.0000000,0,0,0,0
756405270232500 D 2073,1817095339,1000,1547,1547,2.3730683,0.00000,-1,-1,-1,0,0,0,136,1,1,0,0.0000000,0.0000000,0.0000000,0,0,0,0
756405271222708 D 2074,1817096339,1000,1547,1547,2.3730683,0.00000,-1,-1,-1,0,0,0,136,1,1,0,0.0000000,0.0000000,0.0000000,0,0,0,0
756405272221208 D 2075,1817097339,1000,1547,1547,2.3730683,0.00000,-1,-1,-1,0,0,0,136,1,1,0,0.0000000,0.0000000,0.0000000,0,0,0,0
756405273234250 D 2076,1817098339,1000,1547,1547,2.3730683,0.00000,-1,-1,-1,0,0,0,136,1,1,0,0.0000000,0.0000000,0.0000000,0,0,0,0
756405274221583 D 2077,1817099339,1000,1547,1547,2.3730683,0.00000,-1,-1,-1,0,0,0,136,1,1,0,0.0000000,0.0000000,0.0000000,0,0,0,0
756405275243875 D 2078,1817100339,1000,1547,1547,2.3730683,0.00000,-1,-1,-1,0,0,0,136,1,1,0,0.0000000,0.0000000,0.0000000,0,0,0,0
756405276210125 D 2079,1817101339,1000,1547,1547,2.3730683,0.00000,-1,-1,-1,0,0,0,136,1,1,0,0.0000000,0.0000000,0.0000000,0,0,0,0
756405277599916 D 2080,1817102339,1000,1547,1547,2.3730683,0.00000,39,126,2064,0,0,0,136,1,1,0,0.0000000,0.0000000,0.0000000,0,0,0,0
756405278222458 D 2081,1817103339,1000,1547,1547,2.3730683,0.00000,-1,-1,-1,0,0,0,136,1,1,0,0.0000000,0.0000000,0.0000000,0,0,0,0
756405279217291 D 2082,1817104339,1000,1547,1547,2.3730683,0.00000,-1,-1,-1,0,0,0,136,1,1,0,0.0000000,0.0000000,0.0000000,0,0,0,0
756405280291833 D 2083,1817105339,1000,1547,1547,2.3730683,0.00000,-1,-1,-1,0,0,0,136,1,1,0,0.0000000,0.0000000,0.0000000,0,0,0,0
756405281266791 D 2084,1817106339,1000,1547,1547,2.3730683,0.00000,-1,-1,-1,0,0,0,136,1,1,0,0.0000000,0.0000000,0.0000000,0,0,0,0
756405282220875 D 2085,1817107339,1000,1547,1547,2.3730683,0.00000,-1,-1,-1,0,0,0,136,1,1,0,0.0000000,0.0000000,0.0000000,0,0,0,0
756405283222083 D 2086,1817108339,1000,1547,1547,2.3730683,0.00000,-1,-1,-1,0,0,0,136,1,1,0,0.0000000,0.0000000,0.0000000,0,0,0,0
756405284220833 D 2087,1817109339,1000,1547,1547,2.3730683,0.00000,-1,-1,-1,0,0,0,136,1,1,0,0.0000000,0.0000000,0.0000000,0,0,0,0
756405285254083 D 2088,1817110339,1000,1547,1547,2.3730683,0.00000,-1,-1,-1,0,0,0,136,1,1,0,0.0000000,0.0000000,0.0000000,0,0,0,0
756405286256416 D 2089,1817111339,1000,1547,1547,2.3730683,0.00000,-1,-1,-1,0,0,0,136,1,1,0,0.0000000,0.0000000,0.0000000,0,0,0,0
756405287226958 D 2090,1817112339,1000,1547,1547,2.3730683,0.00000,-1,-1,-1,0,0,0,136,1,1,0,0.0000000,0.0000000,0.0000000,0,0,0,0
756405288223000 D 2091,1817113339,1000,1547,1547,2.3730683,0.00000,-1,-1,-1,0,0,0,136,1,1,0,0.0000000,0.0000000,0.0000000,0,0,0,0
756405289239166 D 2092,1817114339,1000,1547,1547,2.3730683,0.00000,-1,-1,-1,0,0,0,136,1,1,0,0.0000000,0.0000000,0.0000000,0,0,0,0
756405290214458 D 2093,1817115339,1000,1547,1547,2.3730683,0.00000,-1,-1,-1,0,0,0,136,1,1,0,0.0000000,0.0000000,0.0000000,0,0,0,0
756405291216291 D 2094,1817116339,1000,1547,1547,2.3730683,0.00000,-1,-1,-1,0,0,0,136,1,1,0,0.0000000,0.0000000,0.0000000,0,0,0,0
756405292216875 D 2095,1817117339,1000,1547,1547,2.3730683,0.00000,-1,-1,-1,0,0,0,136,1,1,0,0.0000000,0.0000000,0.0000000,0,0,0,0
756405293227875 D 2096,1817118339,1000,1547,1547,2.3730683,0.00000,-1,-1,-1,0,0,0,136,1,1,0,0.0000000,0.0000000,0.0000000,0,0,0,0
756405295029625 D 2097,1817119339,1000,1547,1547,2.3730683,0.00000,-1,-1,-1,0,0,0,136,1,1,0,0.0000000,0.0000000,0.0000000,0,0,0,0
756405295889250 D 2098,1817120339,1000,1547,1547,2.3730683,0.00000,-1,-1,-1,0,0,0,136,1,1,0,0.0000000,0.0000000,0.0000000,0,0,0,0
756405296761250 D 2099,1817121339,1000,1547,1547,2.3730683,0.00000,-1,-1,-1,0,0,0,136,1,1,0,0.0000000,0.0000000,0.0000000,0,0,0,0
756405297399291 D 2100,1817122339,1000,1547,1547,2.3730683,0.00000,-1,-1,-1,0,0,0,136,1,1,0,0.0000000,0.0000000,0.0000000,0,0,0,0
756405298236333 D 2101,1817123339,1000,1547,1547,2.3730683,0.00000,-1,-1,-1,0,0,0,136,1,1,0,0.0000000,0.0000000,0.0000000,0,0,0,0
756405299218708 D 2102,1817124339,1000,1547,1547,2.3730683,0.00000,-1,-1,-1,0,0,0,136,1,1,0,0.0000000,0.0000000,0.0000000,0,0,0,0
756405300213583 D 2103,1817125339,1000,1547,1547,2.3730683,0.00000,-1,-1,-1,0,0,0,136,1,1,0,0.0000000,0.0000000,0.0000000,0,0,0,0
756405301223125 D 2104,1817126339,1000,1547,1547,2.3730683,0.00000,-1,-1,-1,0,0,0,136,1,1,0,0.0000000,0.0000000,0.0000000,0,0,0,0
756405302223000 D 2105,1817127339,1000,1547,1547,2.3730683,0.00000,-1,-1,-1,0,0,0,136,1,1,0,0.0000000,0.0000000,0.0000000,0,0,0,0
756405303225250 D 2106,1817128339,1000,1547,1547,2.3730683,0.00000,-1,-1,-1,0,0,0,136,1,1,0,0.0000000,0.0000000,0.0000000,0,0,0,0
756405304214750 D 2107,1817129339,1000,1547,1547,2.3730683,0.00000,-1,-1,-1,0,0,0,136,1,1,0,0.0000000,0.0000000,0.0000000,0,0,0,0
756405305215125 D 2108,1817130339,1000,1547,1547,2.3730683,0.00000,-1,-1,-1,0,0,0,136,1,1,0,0.0000000,0.0000000,0.0000000,0,0,0,0
756405306211291 D 2109,1817131339,1000,1547,1547,2.3730683,0.00000,-1,-1,-1,0,0,0,136,1,1,0,0.0000000,0.0000000,0.0000000,0,0,0,0
756405307210541 D 2110,1817132339,1000,1547,1547,2.3730683,0.00000,-1,-1,-1,0,0,0,136,1,1,0,0.0000000,0.0000000,0.0000000,0,0,0,0
756405308213291 D 2111,1817133339,1000,1547,1547,2.3730683,0.00000,-1,-1,-1,0,0,0,136,1,1,0,0.0000000,0.0000000,0.0000000,0,0,0,0
756405309213958 D 2112,1817134339,1000,1547,1547,2.3730683,0.00000,-1,-1,-1,0,0,0,136,1,1,0,0.0000000,0.0000000,0.0000000,0,0,0,0
756405310230750 D 2113,1817135339,1000,1547,1547,2.3730683,0.00000,-1,-1,-1,0,0,0,136,1,1,0,0.0000000,0.0000000,0.0000000,0,0,0,0
756405311203291 D 2114,1817136339,1000,1547,1547,2.3730683,0.00000,-1,-1,-1,0,0,0,136,1,1,0,0.0000000,0.0000000,0.0000000,0,0,0,0
756405312218916 D 2115,1817137339,1000,1547,1547,2.3730683,0.00000,-1,-1,-1,0,0,0,136,1,1,0,0.0000000,0.0000000,0.0000000,0,0,0,0
756405313205833 D 2116,1817138339,1000,1547,1547,2.3730683,0.00000,-1,-1,-1,0,0,0,136,1,1,0,0.0000000,0.0000000,0.0000000,0,0,0,0
756405314212791 D 2117,1817139339,1000,1547,1547,2.3730683,0.00000,-1,-1,-1,0,0,0,136,1,1,0,0.0000000,0.0000000,0.0000000,0,0,0,0
756405315212208 D 2118,1817140339,1000,1547,1547,2.3730683,0.00000,-1,-1,-1,0,0,0,136,1,1,0,0.0000000,0.0000000,0.0000000,0,0,0,0
756405316221375 D 2119,1817141339,1000,1547,1547,2.3730683,0.00000,-1,-1,-1,0,0,0,136,1,1,0,0.0000000,0.0000000,0.0000000,0,0,0,0
756405317213125 D 2120,1817142339,1000,1547,1547,2.3730683,0.00000,-1,-1,-1,0,0,0,136,1,1,0,0.0000000,0.0000000,0.0000000,0,0,0,0
756405318216375 D 2121,1817143339,1000,1547,1547,2.3730683,0.00000,-1,-1,-1,0,0,0,136,1,1,0,0.0000000,0.0000000,0.0000000,0,0,0,0
756405319208666 D 2122,1817144339,1000,1547,1547,2.3730683,0.00000,-1,-1,-1,0,0,0,136,1,1,0,0.0000000,0.0000000,0.0000000,0,0,0,0
756405320206166 D 2123,1817145339,1000,1547,1547,2.3730683,0.00000,-1,-1,-1,0,0,0,136,1,1,0,0.0000000,0.0000000,0.0000000,0,0,0,0
756405321208375 D 2124,1817146339,1000,1547,1547,2.3730683,0.00000,-1,-1,-1,0,0,0,136,1,1,0,0.0000000,0.0000000,0.0000000,0,0,0,0
756405322215958 D 2125,1817147339,1000,1547,1547,2.3730683,0.00000,-1,-1,-1,0,0,0,136,1,1,0,0.0000000,0.0000000,0.0000000,0,0,0,0
756405323210875 D 2126,1817148339,1000,1547,1547,2.3730683,0.00000,-1,-1,-1,0,0,0,136,1,1,0,0.0000000,0.0000000,0.0000000,0,0,0,0
756405324453041 D 2127,1817149339,1000,1547,1547,2.3730683,0.00000,-1,-1,-1,0,0,0,136,1,1,0,0.0000000,0.0000000,0.0000000,0,0,0,0
756405325424041 D 2128,1817150339,1000,1547,1547,2.3730683,0.00000,-1,-1,-1,0,0,0,136,1,1,0,0.0000000,0.0000000,0.0000000,0,0,0,0
756405326422833 D 2129,1817151339,1000,1547,1547,2.3730683,0.00000,-1,-1,-1,0,0,0,136,1,1,0,0.0000000,0.0000000,0.0000000,0,0,0,0
756405327580000 D 2130,1817152339,1000,1547,1547,2.3730683,0.00000,39,126,2064,0,0,0,136,1,1,0,0.0000000,0.0000000,0.0000000,0,0,0,0
756405328196791 D 2131,1817153339,1000,1547,1547,2.3730683,0.00000,-1,-1,-1,0,0,0,136,1,1,0,0.0000000,0.0000000,0.0000000,0,0,0,0
756405329203750 D 2132,1817154339,1000,1547,1547,2.3730683,0.00000,-1,-1,-1,0,0,0,136,1,1,0,0.0000000,0.0000000,0.0000000,0,0,0,0
756405330204708 D 2133,1817155339,1000,1547,1547,2.3730683,0.00000,-1,-1,-1,0,0,0,136,1,1,0,0.0000000,0.0000000,0.0000000,0,0,0,0
756405331211541 D 2134,1817156339,1000,1547,1547,2.3730683,0.00000,-1,-1,-1,0,0,0,136,1,1,0,0.0000000,0.0000000,0.0000000,0,0,0,0
756405332204416 D 2135,1817157339,1000,1547,1547,2.3730683,0.00000,-1,-1,-1,0,0,0,136,1,1,0,0.0000000,0.0000000,0.0000000,0,0,0,0
756405333215291 D 2136,1817158339,1000,1547,1547,2.3730683,0.00000,-1,-1,-1,0,0,0,136,1,1,0,0.0000000,0.0000000,0.0000000,0,0,0,0
756405334206166 D 2137,1817159339,1000,1547,1547,2.3730683,0.00000,-1,-1,-1,0,0,0,136,1,1,0,0.0000000,0.0000000,0.0000000,0,0,0,0
756405335202625 D 2138,1817160339,1000,1547,1547,2.3730683,0.00000,-1,-1,-1,0,0,0,136,1,1,0,0.0000000,0.0000000,0.0000000,0,0,0,0
756405336207666 D 2139,1817161339,1000,1547,1547,2.3730683,0.00000,-1,-1,-1,0,0,0,136,1,1,0,0.0000000,0.0000000,0.0000000,0,0,0,0
756405337199875 D 2140,1817162339,1000,1547,1547,2.3730683,0.00000,-1,-1,-1,0,0,0,136,1,1,0,0.0000000,0.0000000,0.0000000,0,0,0,0
756405338208333 D 2141,1817163339,1000,1547,1547,2.3730683,0.00000,-1,-1,-1,0,0,0,136,1,1,0,0.0000000,0.0000000,0.0000000,0,0,0,0
756405339207791 D 2142,1817164339,1000,1547,1547,2.3730683,0.00000,-1,-1,-1,0,0,0,136,1,1,0,0.0000000,0.0000000,0.0000000,0,0,0,0
756405340203083 D 2143,1817165339,1000,1547,1547,2.3730683,0.00000,-1,-1,-1,0,0,0,136,1,1,0,0.0000000,0.0000000,0.0000000,0,0,0,0
756405341205750 D 2144,1817166339,1000,1547,1547,2.3730683,0.00000,-1,-1,-1,0,0,0,136,1,1,0,0.0000000,0.0000000,0.0000000,0,0,0,0
756405342202791 D 2145,1817167339,1000,1547,1547,2.3730683,0.00000,-1,-1,-1,0,0,0,136,1,1,0,0.0000000,0.0000000,0.0000000,0,0,0,0
756405343208333 D 2146,1817168339,1000,1547,1547,2.3730683,0.00000,-1,-1,-1,0,0,0,136,1,1,0,0.0000000,0.0000000,0.0000000,0,0,0,0
756405344245333 D 2147,1817169339,1000,1547,1547,2.3730683,0.00000,-1,-1,-1,0,0,0,136,1,1,0,0.0000000,0.0000000,0.0000000,0,0,0,0
756405345247041 D 2148,1817170339,1000,1547,1547,2.3730683,0.00000,-1,-1,-1,0,0,0,136,1,1,0,0.0000000,0.0000000,0.0000000,0,0,0,0
756405346230458 D 2149,1817171339,1000,1547,1547,2.3730683,0.00000,-1,-1,-1,0,0,0,136,1,1,0,0.0000000,0.0000000,0.0000000,0,0,0,0
756405347217875 D 2150,1817172339,1000,1547,1547,2.3730683,0.00000,-1,-1,-1,0,0,0,136,1,1,0,0.0000000,0.0000000,0.0000000,0,0,0,0
756405348247375 D 2151,1817173339,1000,1547,1547,2.3730683,0.00000,-1,-1,-1,0,0,0,136,1,1,0,0.0000000,0.0000000,0.0000000,0,0,0,0
756405349224625 D 2152,1817174339,1000,1547,1547,2.3730683,0.00000,-1,-1,-1,0,0,0,136,1,1,0,0.0000000,0.0000000,0.0000000,0,0,0,0
756405350225875 D 2153,1817175339,1000,1547,1547,2.3730683,0.00000,-1,-1,-1,0,0,0,136,1,1,0,0.0000000,0.0000000,0.0000000,0,0,0,0
756405351216333 D 2154,1817176339,1000,1547,1547,2.3730683,0.00000,-1,-1,-1,0,0,0,136,1,1,0,0.0000000,0.0000000,0.0000000,0,0,0,0
756405352245750 D 2155,1817177339,1000,1547,1547,2.3730683,0.00000,-1,-1,-1,0,0,0,136,1,1,0,0.0000000,0.0000000,0.0000000,0,0,0,0
756405353227666 D 2156,1817178339,1000,1547,1547,2.3730683,0.00000,-1,-1,-1,0,0,0,136,1,1,0,0.0000000,0.0000000,0.0000000,0,0,0,0
756405354453833 D 2157,1817179339,1000,1547,1547,2.3730683,0.00000,-1,-1,-1,0,0,0,136,1,1,0,0.0000000,0.0000000,0.0000000,0,0,0,0
756405355446833 D 2158,1817180339,1000,1547,1547,2.3730683,0.00000,-1,-1,-1,0,0,0,136,1,1,0,0.0000000,0.0000000,0.0000000,0,0,0,0
756405356368625 D 2159,1817181339,1000,1547,1547,2.3730683,0.00000,-1,-1,-1,0,0,0,136,1,1,0,0.0000000,0.0000000,0.0000000,0,0,0,0
756405357236250 D 2160,1817182339,1000,1547,1547,2.3730683,0.00000,-1,-1,-1,0,0,0,136,1,1,0,0.0000000,0.0000000,0.0000000,0,0,0,0
756405358240000 D 2161,1817183339,1000,1547,1547,2.3730683,0.00000,-1,-1,-1,0,0,0,136,1,1,0,0.0000000,0.0000000,0.0000000,0,0,0,0
756405359219750 D 2162,1817184339,1000,1547,1547,2.3730683,0.00000,-1,-1,-1,0,0,0,136,1,1,0,0.0000000,0.0000000,0.0000000,0,0,0,0
756405360234916 D 2163,1817185339,1000,1547,1547,2.3730683,0.00000,-1,-1,-1,0,0,0,136,1,1,0,0.0000000,0.0000000,0.0000000,0,0,0,0
756405361235541 D 2164,1817186339,1000,1547,1547,2.3730683,0.00000,-1,-1,-1,0,0,0,136,1,1,0,0.0000000,0.0000000,0.0000000,0,0,0,0
756405362231458 D 2165,1817187339,1000,1547,1547,2.3730683,0.00000,-1,-1,-1,0,0,0,136,1,1,0,0.0000000,0.0000000,0.0000000,0,0,0,0
756405363215083 D 2166,1817188339,1000,1547,1547,2.3730683,0.00000,-1,-1,-1,0,0,0,136,1,1,0,0.0000000,0.0000000,0.0000000,0,0,0,0
756405364227000 D 2167,1817189339,1000,1547,1547,2.3730683,0.00000,-1,-1,-1,0,0,0,136,1,1,0,0.0000000,0.0000000,0.0000000,0,0,0,0
756405365220375 D 2168,1817190339,1000,1547,1547,2.3730683,0.00000,-1,-1,-1,0,0,0,136,1,1,0,0.0000000,0.0000000,0.0000000,0,0,0,0
756405366223416 D 2169,1817191339,1000,1547,1547,2.3730683,0.00000,-1,-1,-1,0,0,0,136,1,1,0,0.0000000,0.0000000,0.0000000,0,0,0,0
756405367214416 D 2170,1817192339,1000,1547,1547,2.3730683,0.00000,-1,-1,-1,0,0,0,136,1,1,0,0.0000000,0.0000000,0.0000000,0,0,0,0
756405368220000 D 2171,1817193339,1000,1547,1547,2.3730683,0.00000,-1,-1,-1,0,0,0,136,1,1,0,0.0000000,0.0000000,0.0000000,0,0,0,0
756405369215291 D 2172,1817194339,1000,1547,1547,2.3730683,0.00000,-1,-1,-1,0,0,0,136,1,1,0,0.0000000,0.0000000,0.0000000,0,0,0,0
756405370222500 D 2173,1817195339,1000,1547,1547,2.3730683,0.00000,-1,-1,-1,0,0,0,136,1,1,0,0.0000000,0.0000000,0.0000000,0,0,0,0
756405371237375 D 2174,1817196339,1000,1547,1547,2.3730683,0.00000,-1,-1,-1,0,0,0,136,1,1,0,0.0000000,0.0000000,0.0000000,0,0,0,0
756405372221708 D 2175,1817197339,1000,1547,1547,2.3730683,0.00000,-1,-1,-1,0,0,0,136,1,1,0,0.0000000,0.0000000,0.0000000,0,0,0,0
756405373284750 D 2176,1817198339,1000,1547,1547,2.3730683,0.00000,-1,-1,-1,0,0,0,136,1,1,0,0.0000000,0.0000000,0.0000000,0,0,0,0
756405374256791 D 2177,1817199339,1000,1547,1547,2.3730683,0.00000,-1,-1,-1,0,0,0,136,1,1,0,0.0000000,0.0000000,0.0000000,0,0,0,0
756405375226166 D 2178,1817200339,1000,1547,1547,2.3730683,0.00000,-1,-1,-1,0,0,0,136,1,1,0,0.0000000,0.0000000,0.0000000,0,0,0,0
756405376202625 D 2179,1817201339,1000,1547,1547,2.3730683,0.00000,-1,-1,-1,0,0,0,136,1,1,0,0.0000000,0.0000000,0.0000000,0,0,0,0
756405377656166 D 2180,1817202339,1000,1547,1547,2.3730683,0.00000,39,126,2066,0,0,0,136,1,1,0,0.0000000,0.0000000,0.0000000,0,0,0,0
756405378273833 D 2181,1817203339,1000,1547,1547,2.3730683,0.00000,-1,-1,-1,0,0,0,136,1,1,0,0.0000000,0.0000000,0.0000000,0,0,0,0
756405379222583 D 2182,1817204339,1000,1547,1547,2.3730683,0.00000,-1,-1,-1,0,0,0,136,1,1,0,0.0000000,0.0000000,0.0000000,0,0,0,0
756405380242875 D 2183,1817205339,1000,1547,1547,2.3730683,0.00000,-1,-1,-1,0,0,0,136,1,1,0,0.0000000,0.0000000,0.0000000,0,0,0,0
756405381268708 D 2184,1817206339,1000,1547,1547,2.3730683,0.00000,-1,-1,-1,0,0,0,136,1,1,0,0.0000000,0.0000000,0.0000000,0,0,0,0
756405382227125 D 2185,1817207339,1000,1547,1547,2.3730683,0.00000,-1,-1,-1,0,0,0,136,1,1,0,0.0000000,0.0000000,0.0000000,0,0,0,0
756405383451250 D 2186,1817208339,1000,1547,1547,2.3730683,0.00000,-1,-1,-1,0,0,0,136,1,1,0,0.0000000,0.0000000,0.0000000,0,0,0,0
756405384448166 D 2187,1817209339,1000,1547,1547,2.3730683,0.00000,-1,-1,-1,0,0,0,136,1,1,0,0.0000000,0.0000000,0.0000000,0,0,0,0
756405385457500 D 2188,1817210339,1000,1547,1547,2.3730683,0.00000,-1,-1,-1,0,0,0,136,1,1,0,0.0000000,0.0000000,0.0000000,0,0,0,0
756405386215000 D 2189,1817211339,1000,1547,1547,2.3730683,0.00000,-1,-1,-1,0,0,0,136,1,1,0,0.0000000,0.0000000,0.0000000,0,0,0,0
756405387218291 D 2190,1817212339,1000,1547,1547,2.3730683,0.00000,-1,-1,-1,0,0,0,136,1,1,0,0.0000000,0.0000000,0.0000000,0,0,0,0
756405388213708 D 2191,1817213339,1000,1547,1547,2.3730683,0.00000,-1,-1,-1,0,0,0,136,1,1,0,0.0000000,0.0000000,0.0000000,0,0,0,0
756405389215041 D 2192,1817214339,1000,1547,1547,2.3730683,0.00000,-1,-1,-1,0,0,0,136,1,1,0,0.0000000,0.0000000,0.0000000,0,0,0,0
756405390273958 D 2193,1817215339,1000,1547,1547,2.3730683,0.00000,-1,-1,-1,0,0,0,136,1,1,0,0.0000000,0.0000000,0.0000000,0,0,0,0
756405391246541 D 2194,1817216339,1000,1547,1547,2.3730683,0.00000,-1,-1,-1,0,0,0,136,1,1,0,0.0000000,0.0000000,0.0000000,0,0,0,0
756405392214875 D 2195,1817217339,1000,1547,1547,2.3730683,0.00000,-1,-1,-1,0,0,0,136,1,1,0,0.0000000,0.0000000,0.0000000,0,0,0,0
756405393230125 D 2196,1817218339,1000,1547,1547,2.3730683,0.00000,-1,-1,-1,0,0,0,136,1,1,0,0.0000000,0.0000000,0.0000000,0,0,0,0
756405394210750 D 2197,1817219339,1000,1547,1547,2.3730683,0.00000,-1,-1,-1,0,0,0,136,1,1,0,0.0000000,0.0000000,0.0000000,0,0,0,0
756405395247666 D 2198,1817220339,1000,1547,1547,2.3730683,0.00000,-1,-1,-1,0,0,0,136,1,1,0,0.0000000,0.0000000,0.0000000,0,0,0,0
756405396238291 D 2199,1817221339,1000,1547,1547,2.3730683,0.00000,-1,-1,-1,0,0,0,136,1,1,0,0.0000000,0.0000000,0.0000000,0,0,0,0
756405397211000 D 2200,1817222339,1000,1547,1547,2.3730683,0.00000,-1,-1,-1,0,0,0,136,1,1,0,0.0000000,0.0000000,0.0000000,0,0,0,0
756405398213166 D 2201,1817223339,1000,1547,1547,2.3730683,0.00000,-1,-1,-1,0,0,0,136,1,1,0,0.0000000,0.0000000,0.0000000,0,0,0,0
756405399216250 D 2202,1817224339,1000,1547,1547,2.3730683,0.00000,-1,-1,-1,0,0,0,136,1,1,0,0.0000000,0.0000000,0.0000000,0,0,0,0
756405400212000 D 2203,1817225339,1000,1547,1547,2.3730683,0.00000,-1,-1,-1,0,0,0,136,1,1,0,0.0000000,0.0000000,0.0000000,0,0,0,0
756405401215083 D 2204,1817226339,1000,1547,1547,2.3730683,0.00000,-1,-1,-1,0,0,0,136,1,1,0,0.0000000,0.0000000,0.0000000,0,0,0,0
756405402212500 D 2205,1817227339,1000,1547,1547,2.3730683,0.00000,-1,-1,-1,0,0,0,136,1,1,0,0.0000000,0.0000000,0.0000000,0,0,0,0
756405403212875 D 2206,1817228339,1000,1547,1547,2.3730683,0.00000,-1,-1,-1,0,0,0,136,1,1,0,0.0000000,0.0000000,0.0000000,0,0,0,0
756405404217541 D 2207,1817229339,1000,1547,1547,2.3730683,0.00000,-1,-1,-1,0,0,0,136,1,1,0,0.0000000,0.0000000,0.0000000,0,0,0,0
756405405217333 D 2208,1817230339,1000,1547,1547,2.3730683,0.00000,-1,-1,-1,0,0,0,136,1,1,0,0.0000000,0.0000000,0.0000000,0,0,0,0
756405406217416 D 2209,1817231339,1000,1547,1547,2.3730683,0.00000,-1,-1,-1,0,0,0,136,1,1,0,0.0000000,0.0000000,0.0000000,0,0,0,0
756405407210166 D 2210,1817232339,1000,1547,1547,2.3730683,0.00000,-1,-1,-1,0,0,0,136,1,1,0,0.0000000,0.0000000,0.0000000,0,0,0,0
756405408204333 D 2211,1817233339,1000,1547,1547,2.3730683,0.00000,-1,-1,-1,0,0,0,136,1,1,0,0.0000000,0.0000000,0.0000000,0,0,0,0
756405409215000 D 2212,1817234339,1000,1547,1547,2.3730683,0.00000,-1,-1,-1,0,0,0,136,1,1,0,0.0000000,0.0000000,0.0000000,0,0,0,0
756405410227625 D 2213,1817235339,1000,1547,1547,2.3730683,0.00000,-1,-1,-1,0,0,0,136,1,1,0,0.0000000,0.0000000,0.0000000,0,0,0,0
756405411216166 D 2214,1817236339,1000,1547,1547,2.3730683,0.00000,-1,-1,-1,0,0,0,136,1,1,0,0.0000000,0.0000000,0.0000000,0,0,0,0
756405412217208 D 2215,1817237339,1000,1547,1547,2.3730683,0.00000,-1,-1,-1,0,0,0,136,1,1,0,0.0000000,0.0000000,0.0000000,0,0,0,0
756405413218083 D 2216,1817238339,1000,1547,1547,2.3730683,0.00000,-1,-1,-1,0,0,0,136,1,1,0,0.0000000,0.0000000,0.0000000,0,0,0,0
756405414216250 D 2217,1817239339,1000,1547,1547,2.3730683,0.00000,-1,-1,-1,0,0,0,136,1,1,0,0.0000000,0.0000000,0.0000000,0,0,0,0
756405415222375 D 2218,1817240339,1000,1547,1547,2.3730683,0.00000,-1,-1,-1,0,0,0,136,1,1,0,0.0000000,0.0000000,0.0000000,0,0,0,0
756405416206833 D 2219,1817241339,1000,1547,1547,2.3730683,0.00000,-1,-1,-1,0,0,0,136,1,1,0,0.0000000,0.0000000,0.0000000,0,0,0,0
756405417452250 D 2220,1817242339,1000,1547,1547,2.3730683,0.00000,-1,-1,-1,0,0,0,136,1,1,0,0.0000000,0.0000000,0.0000000,0,0,0,0
756405418447125 D 2221,1817243339,1000,1547,1547,2.3730683,0.00000,-1,-1,-1,0,0,0,136,1,1,0,0.0000000,0.0000000,0.0000000,0,0,0,0
756405419332375 D 2222,1817244339,1000,1547,1547,2.3730683,0.00000,-1,-1,-1,0,0,0,136,1,1,0,0.0000000,0.0000000,0.0000000,0,0,0,0
756405420221833 D 2223,1817245339,1000,1547,1547,2.3730683,0.00000,-1,-1,-1,0,0,0,136,1,1,0,0.0000000,0.0000000,0.0000000,0,0,0,0
756405421211333 D 2224,1817246339,1000,1547,1547,2.3730683,0.00000,-1,-1,-1,0,0,0,136,1,1,0,0.0000000,0.0000000,0.0000000,0,0,0,0
756405422218125 D 2225,1817247339,1000,1547,1547,2.3730683,0.00000,-1,-1,-1,0,0,0,136,1,1,0,0.0000000,0.0000000,0.0000000,0,0,0,0
756405423211791 D 2226,1817248339,1000,1547,1547,2.3730683,0.00000,-1,-1,-1,0,0,0,136,1,1,0,0.0000000,0.0000000,0.0000000,0,0,0,0
756405424201250 D 2227,1817249339,1000,1547,1547,2.3730683,0.00000,-1,-1,-1,0,0,0,136,1,1,0,0.0000000,0.0000000,0.0000000,0,0,0,0
756405425206250 D 2228,1817250339,1000,1547,1547,2.3730683,0.00000,-1,-1,-1,0,0,0,136,1,1,0,0.0000000,0.0000000,0.0000000,0,0,0,0
756405426214166 D 2229,1817251339,1000,1547,1547,2.3730683,0.00000,-1,-1,-1,0,0,0,136,1,1,0,0.0000000,0.0000000,0.0000000,0,0,0,0
756405427661375 D 2230,1817252339,1000,1547,1547,2.3730683,0.00000,39,126,2064,0,0,0,136,1,1,0,0.0000000,0.0000000,0.0000000,0,0,0,0
756405428271250 D 2231,1817253339,1000,1547,1547,2.3730683,0.00000,-1,-1,-1,0,0,0,136,1,1,0,0.0000000,0.0000000,0.0000000,0,0,0,0
756405429204916 D 2232,1817254339,1000,1547,1547,2.3730683,0.00000,-1,-1,-1,0,0,0,136,1,1,0,0.0000000,0.0000000,0.0000000,0,0,0,0
756405430215125 D 2233,1817255339,1000,1547,1547,2.3730683,0.00000,-1,-1,-1,0,0,0,136,1,1,0,0.0000000,0.0000000,0.0000000,0,0,0,0
756405431214958 D 2234,1817256339,1000,1547,1547,2.3730683,0.00000,-1,-1,-1,0,0,0,136,1,1,0,0.0000000,0.0000000,0.0000000,0,0,0,0
756405432211083 D 2235,1817257339,1000,1547,1547,2.3730683,0.00000,-1,-1,-1,0,0,0,136,1,1,0,0.0000000,0.0000000,0.0000000,0,0,0,0
756405433207708 D 2236,1817258339,1000,1547,1547,2.3730683,0.00000,-1,-1,-1,0,0,0,136,1,1,0,0.0000000,0.0000000,0.0000000,0,0,0,0
756405434214291 D 2237,1817259339,1000,1547,1547,2.3730683,0.00000,-1,-1,-1,0,0,0,136,1,1,0,0.0000000,0.0000000,0.0000000,0,0,0,0
756405435224208 D 2238,1817260339,1000,1547,1547,2.3730683,0.00000,-1,-1,-1,0,0,0,136,1,1,0,0.0000000,0.0000000,0.0000000,0,0,0,0
756405436216833 D 2239,1817261339,1000,1547,1547,2.3730683,0.00000,-1,-1,-1,0,0,0,136,1,1,0,0.0000000,0.0000000,0.0000000,0,0,0,0
756405437216541 D 2240,1817262339,1000,1547,1547,2.3730683,0.00000,-1,-1,-1,0,0,0,136,1,1,0,0.0000000,0.0000000,0.0000000,0,0,0,0
756405438223000 D 2241,1817263339,1000,1547,1547,2.3730683,0.00000,-1,-1,-1,0,0,0,136,1,1,0,0.0000000,0.0000000,0.0000000,0,0,0,0
756405439210666 D 2242,1817264339,1000,1547,1547,2.3730683,0.00000,-1,-1,-1,0,0,0,136,1,1,0,0.0000000,0.0000000,0.0000000,0,0,0,0
756405440223458 D 2243,1817265339,1000,1547,1547,2.3730683,0.00000,-1,-1,-1,0,0,0,136,1,1,0,0.0000000,0.0000000,0.0000000,0,0,0,0
756405441226833 D 2244,1817266339,1000,1547,1547,2.3730683,0.00000,-1,-1,-1,0,0,0,136,1,1,0,0.0000000,0.0000000,0.0000000,0,0,0,0
756405442443958 D 2245,1817267339,1000,1547,1547,2.3730683,0.00000,-1,-1,-1,0,0,0,136,1,1,0,0.0000000,0.0000000,0.0000000,0,0,0,0
756405443251750 D 2246,1817268339,1000,1547,1547,2.3730683,0.00000,-1,-1,-1,0,0,0,136,1,1,0,0.0000000,0.0000000,0.0000000,0,0,0,0
756405444219916 D 2247,1817269339,1000,1547,1547,2.3730683,0.00000,-1,-1,-1,0,0,0,136,1,1,0,0.0000000,0.0000000,0.0000000,0,0,0,0
756405445240083 D 2248,1817270339,1000,1547,1547,2.3730683,0.00000,-1,-1,-1,0,0,0,136,1,1,0,0.0000000,0.0000000,0.0000000,0,0,0,0
756405446259375 D 2249,1817271339,1000,1547,1547,2.3730683,0.00000,-1,-1,-1,0,0,0,136,1,1,0,0.0000000,0.0000000,0.0000000,0,0,0,0
756405447242833 D 2250,1817272339,1000,1547,1547,2.3730683,0.00000,-1,-1,-1,0,0,0,136,1,1,0,0.0000000,0.0000000,0.0000000,0,0,0,0
756405448226625 D 2251,1817273339,1000,1547,1547,2.3730683,0.00000,-1,-1,-1,0,0,0,136,1,1,0,0.0000000,0.0000000,0.0000000,0,0,0,0
756405449238791 D 2252,1817274339,1000,1547,1547,2.3730683,0.00000,-1,-1,-1,0,0,0,136,1,1,0,0.0000000,0.0000000,0.0000000,0,0,0,0
756405450225041 D 2253,1817275339,1000,1547,1547,2.3730683,0.00000,-1,-1,-1,0,0,0,136,1,1,0,0.0000000,0.0000000,0.0000000,0,0,0,0
756405451225208 D 2254,1817276339,1000,1547,1547,2.3730683,0.00000,-1,-1,-1,0,0,0,136,1,1,0,0.0000000,0.0000000,0.0000000,0,0,0,0
756405452214750 D 2255,1817277339,1000,1547,1547,2.3730683,0.00000,-1,-1,-1,0,0,0,136,1,1,0,0.0000000,0.0000000,0.0000000,0,0,0,0
756405453217666 D 2256,1817278339,1000,1547,1547,2.3730683,0.00000,-1,-1,-1,0,0,0,136,1,1,0,0.0000000,0.0000000,0.0000000,0,0,0,0
756405454222500 D 2257,1817279339,1000,1547,1547,2.3730683,0.00000,-1,-1,-1,0,0,0,136,1,1,0,0.0000000,0.0000000,0.0000000,0,0,0,0
756405455216583 D 2258,1817280339,1000,1547,1547,2.3730683,0.00000,-1,-1,-1,0,0,0,136,1,1,0,0.0000000,0.0000000,0.0000000,0,0,0,0
756405456218833 D 2259,1817281339,1000,1547,1547,2.3730683,0.00000,-1,-1,-1,0,0,0,136,1,1,0,0.0000000,0.0000000,0.0000000,0,0,0,0
756405457209458 D 2260,1817282339,1000,1547,1547,2.3730683,0.00000,-1,-1,-1,0,0,0,136,1,1,0,0.0000000,0.0000000,0.0000000,0,0,0,0
756405458239458 D 2261,1817283339,1000,1547,1547,2.3730683,0.00000,-1,-1,-1,0,0,0,136,1,1,0,0.0000000,0.0000000,0.0000000,0,0,0,0
756405459224333 D 2262,1817284339,1000,1547,1547,2.3730683,0.00000,-1,-1,-1,0,0,0,136,1,1,0,0.0000000,0.0000000,0.0000000,0,0,0,0
756405460218791 D 2263,1817285339,1000,1547,1547,2.3730683,0.00000,-1,-1,-1,0,0,0,136,1,1,0,0.0000000,0.0000000,0.0000000,0,0,0,0
756405461220583 D 2264,1817286339,1000,1547,1547,2.3730683,0.00000,-1,-1,-1,0,0,0,136,1,1,0,0.0000000,0.0000000,0.0000000,0,0,0,0
756405462217833 D 2265,1817287339,1000,1547,1547,2.3730683,0.00000,-1,-1,-1,0,0,0,136,1,1,0,0.0000000,0.0000000,0.0000000,0,0,0,0
756405463208708 D 2266,1817288339,1000,1547,1547,2.3730683,0.00000,-1,-1,-1,0,0,0,136,1,1,0,0.0000000,0.0000000,0.0000000,0,0,0,0
756405464218750 D 2267,1817289339,1000,1547,1547,2.3730683,0.00000,-1,-1,-1,0,0,0,136,1,1,0,0.0000000,0.0000000,0.0000000,0,0,0,0
756405465210166 D 2268,1817290339,1000,1547,1547,2.3730683,0.00000,-1,-1,-1,0,0,0,136,1,1,0,0.0000000,0.0000000,0.0000000,0,0,0,0
756405466228291 D 2269,1817291339,1000,1547,1547,2.3730683,0.00000,-1,-1,-1,0,0,0,136,1,1,0,0.0000000,0.0000000,0.0000000,0,0,0,0
756405467215541 D 2270,1817292339,1000,1547,1547,2.3730683,0.00000,-1,-1,-1,0,0,0,136,1,1,0,0.0000000,0.0000000,0.0000000,0,0,0,0
756405468218166 D 2271,1817293339,1000,1547,1547,2.3730683,0.00000,-1,-1,-1,0,0,0,136,1,1,0,0.0000000,0.0000000,0.0000000,0,0,0,0
756405469212083 D 2272,1817294339,1000,1547,1547,2.3730683,0.00000,-1,-1,-1,0,0,0,136,1,1,0,0.0000000,0.0000000,0.0000000,0,0,0,0
756405470210041 D 2273,1817295339,1000,1547,1547,2.3730683,0.00000,-1,-1,-1,0,0,0,136,1,1,0,0.0000000,0.0000000,0.0000000,0,0,0,0
756405471212916 D 2274,1817296339,1000,1547,1547,2.3730683,0.00000,-1,-1,-1,0,0,0,136,1,1,0,0.0000000,0.0000000,0.0000000,0,0,0,0
756405472213666 D 2275,1817297339,1000,1547,1547,2.3730683,0.00000,-1,-1,-1,0,0,0,136,1,1,0,0.0000000,0.0000000,0.0000000,0,0,0,0
756405473344791 D 2276,1817298339,1000,1547,1547,2.3730683,0.00000,-1,-1,-1,0,0,0,136,1,1,0,0.0000000,0.0000000,0.0000000,0,0,0,0
756405474462791 D 2277,1817299339,1000,1547,1547,2.3730683,0.00000,-1,-1,-1,0,0,0,136,1,1,0,0.0000000,0.0000000,0.0000000,0,0,0,0
756405475443875 D 2278,1817300339,1000,1547,1547,2.3730683,0.00000,-1,-1,-1,0,0,0,136,1,1,0,0.0000000,0.0000000,0.0000000,0,0,0,0
756405476370375 D 2279,1817301339,1000,1547,1547,2.3730683,0.00000,-1,-1,-1,0,0,0,136,1,1,0,0.0000000,0.0000000,0.0000000,0,0,0,0
756405477590833 D 2280,1817302339,1000,1547,1547,2.3730683,0.00000,39,126,2064,0,0,0,136,1,1,0,0.0000000,0.0000000,0.0000000,0,0,0,0
756405478212708 D 2281,1817303339,1000,1547,1547,2.3730683,0.00000,-1,-1,-1,0,0,0,136,1,1,0,0.0000000,0.0000000,0.0000000,0,0,0,0
756405479226958 D 2282,1817304339,1000,1547,1547,2.3730683,0.00000,-1,-1,-1,0,0,0,136,1,1,0,0.0000000,0.0000000,0.0000000,0,0,0,0
756405480222000 D 2283,1817305339,1000,1547,1547,2.3730683,0.00000,-1,-1,-1,0,0,0,136,1,1,0,0.0000000,0.0000000,0.0000000,0,0,0,0
756405481214458 D 2284,1817306339,1000,1547,1547,2.3730683,0.00000,-1,-1,-1,0,0,0,136,1,1,0,0.0000000,0.0000000,0.0000000,0,0,0,0
756405482218250 D 2285,1817307339,1000,1547,1547,2.3730683,0.00000,-1,-1,-1,0,0,0,136,1,1,0,0.0000000,0.0000000,0.0000000,0,0,0,0
756405483217416 D 2286,1817308339,1000,1547,1547,2.3730683,0.00000,-1,-1,-1,0,0,0,136,1,1,0,0.0000000,0.0000000,0.0000000,0,0,0,0
756405484217458 D 2287,1817309339,1000,1547,1547,2.3730683,0.00000,-1,-1,-1,0,0,0,136,1,1,0,0.0000000,0.0000000,0.0000000,0,0,0,0
756405485210541 D 2288,1817310339,1000,1547,1547,2.3730683,0.00000,-1,-1,-1,0,0,0,136,1,1,0,0.0000000,0.0000000,0.0000000,0,0,0,0
756405486288875 D 2289,1817311339,1000,1547,1547,2.3730683,0.00000,-1,-1,-1,0,0,0,136,1,1,0,0.0000000,0.0000000,0.0000000,0,0,0,0
756405487283083 D 2290,1817312339,1000,1547,1547,2.3730683,0.00000,-1,-1,-1,0,0,0,136,1,1,0,0.0000000,0.0000000,0.0000000,0,0,0,0
756405488255958 D 2291,1817313339,1000,1547,1547,2.3730683,0.00000,-1,-1,-1,0,0,0,136,1,1,0,0.0000000,0.0000000,0.0000000,0,0,0,0
756405489252875 D 2292,1817314339,1000,1547,1547,2.3730683,0.00000,-1,-1,-1,0,0,0,136,1,1,0,0.0000000,0.0000000,0.0000000,0,0,0,0
756405490258208 D 2293,1817315339,1000,1547,1547,2.3730683,0.00000,-1,-1,-1,0,0,0,136,1,1,0,0.0000000,0.0000000,0.0000000,0,0,0,0
756405491243708 D 2294,1817316339,1000,1547,1547,2.3730683,0.00000,-1,-1,-1,0,0,0,136,1,1,0,0.0000000,0.0000000,0.0000000,0,0,0,0
756405492242541 D 2295,1817317339,1000,1547,1547,2.3730683,0.00000,-1,-1,-1,0,0,0,136,1,1,0,0.0000000,0.0000000,0.0000000,0,0,0,0
756405493218375 D 2296,1817318339,1000,1547,1547,2.3730683,0.00000,-1,-1,-1,0,0,0,136,1,1,0,0.0000000,0.0000000,0.0000000,0,0,0,0
756405494210583 D 2297,1817319339,1000,1547,1547,2.3730683,0.00000,-1,-1,-1,0,0,0,136,1,1,0,0.0000000,0.0000000,0.0000000,0,0,0,0
756405495213416 D 2298,1817320339,1000,1547,1547,2.3730683,0.00000,-1,-1,-1,0,0,0,136,1,1,0,0.0000000,0.0000000,0.0000000,0,0,0,0
756405496238583 D 2299,1817321339,1000,1547,1547,2.3730683,0.00000,-1,-1,-1,0,0,0,136,1,1,0,0.0000000,0.0000000,0.0000000,0,0,0,0
756405497223083 D 2300,1817322339,1000,1547,1547,2.3730683,0.00000,-1,-1,-1,0,0,0,136,1,1,0,0.0000000,0.0000000,0.0000000,0,0,0,0
756405498231625 D 2301,1817323339,1000,1547,1547,2.3730683,0.00000,-1,-1,-1,0,0,0,136,1,1,0,0.0000000,0.0000000,0.0000000,0,0,0,0
756405499214333 D 2302,1817324339,1000,1547,1547,2.3730683,0.00000,-1,-1,-1,0,0,0,136,1,1,0,0.0000000,0.0000000,0.0000000,0,0,0,0
756405500210291 D 2303,1817325339,1000,1547,1547,2.3730683,0.00000,-1,-1,-1,0,0,0,136,1,1,0,0.0000000,0.0000000,0.0000000,0,0,0,0
756405501218250 D 2304,1817326339,1000,1547,1547,2.3730683,0.00000,-1,-1,-1,0,0,0,136,1,1,0,0.0000000,0.0000000,0.0000000,0,0,0,0
756405502219416 D 2305,1817327339,1000,1547,1547,2.3730683,0.00000,-1,-1,-1,0,0,0,136,1,1,0,0.0000000,0.0000000,0.0000000,0,0,0,0
756405503435541 D 2306,1817328339,1000,1547,1547,2.3730683,0.00000,-1,-1,-1,0,0,0,136,1,1,0,0.0000000,0.0000000,0.0000000,0,0,0,0
756405504445166 D 2307,1817329339,1000,1547,1547,2.3730683,0.00000,-1,-1,-1,0,0,0,136,1,1,0,0.0000000,0.0000000,0.0000000,0,0,0,0
756405505437166 D 2308,1817330339,1000,1547,1547,2.3730683,0.00000,-1,-1,-1,0,0,0,136,1,1,0,0.0000000,0.0000000,0.0000000,0,0,0,0
756405506283916 D 2309,1817331339,1000,1547,1547,2.3730683,0.00000,-1,-1,-1,0,0,0,136,1,1,0,0.0000000,0.0000000,0.0000000,0,0,0,0
756405507222708 D 2310,1817332339,1000,1547,1547,2.3730683,0.00000,-1,-1,-1,0,0,0,136,1,1,0,0.0000000,0.0000000,0.0000000,0,0,0,0
756405508221416 D 2311,1817333339,1000,1547,1547,2.3730683,0.00000,-1,-1,-1,0,0,0,136,1,1,0,0.0000000,0.0000000,0.0000000,0,0,0,0
756405509221666 D 2312,1817334339,1000,1547,1547,2.3730683,0.00000,-1,-1,-1,0,0,0,136,1,1,0,0.0000000,0.0000000,0.0000000,0,0,0,0
756405510227791 D 2313,1817335339,1000,1547,1547,2.3730683,0.00000,-1,-1,-1,0,0,0,136,1,1,0,0.0000000,0.0000000,0.0000000,0,0,0,0
756405511224333 D 2314,1817336339,1000,1547,1547,2.3730683,0.00000,-1,-1,-1,0,0,0,136,1,1,0,0.0000000,0.0000000,0.0000000,0,0,0,0
756405512210291 D 2315,1817337339,1000,1547,1547,2.3730683,0.00000,-1,-1,-1,0,0,0,136,1,1,0,0.0000000,0.0000000,0.0000000,0,0,0,0
756405513235791 D 2316,1817338339,1000,1547,1547,2.3730683,0.00000,-1,-1,-1,0,0,0,136,1,1,0,0.0000000,0.0000000,0.0000000,0,0,0,0
756405514240083 D 2317,1817339339,1000,1547,1547,2.3730683,0.00000,-1,-1,-1,0,0,0,136,1,1,0,0.0000000,0.0000000,0.0000000,0,0,0,0
756405515218458 D 2318,1817340339,1000,1547,1547,2.3730683,0.00000,-1,-1,-1,0,0,0,136,1,1,0,0.0000000,0.0000000,0.0000000,0,0,0,0
756405516211500 D 2319,1817341339,1000,1547,1547,2.3730683,0.00000,-1,-1,-1,0,0,0,136,1,1,0,0.0000000,0.0000000,0.0000000,0,0,0,0
756405517225083 D 2320,1817342339,1000,1547,1547,2.3730683,0.00000,-1,-1,-1,0,0,0,136,1,1,0,0.0000000,0.0000000,0.0000000,0,0,0,0
756405518236625 D 2321,1817343339,1000,1547,1547,2.3730683,0.00000,-1,-1,-1,0,0,0,136,1,1,0,0.0000000,0.0000000,0.0000000,0,0,0,0
756405519246291 D 2322,1817344339,1000,1547,1547,2.3730683,0.00000,-1,-1,-1,0,0,0,136,1,1,0,0.0000000,0.0000000,0.0000000,0,0,0,0
756405520224333 D 2323,1817345339,1000,1547,1547,2.3730683,0.00000,-1,-1,-1,0,0,0,136,1,1,0,0.0000000,0.0000000,0.0000000,0,0,0,0
756405521237208 D 2324,1817346339,1000,1547,1547,2.3730683,0.00000,-1,-1,-1,0,0,0,136,1,1,0,0.0000000,0.0000000,0.0000000,0,0,0,0
756405522241375 D 2325,1817347339,1000,1547,1547,2.3730683,0.00000,-1,-1,-1,0,0,0,136,1,1,0,0.0000000,0.0000000,0.0000000,0,0,0,0
756405523244875 D 2326,1817348339,1000,1547,1547,2.3730683,0.00000,-1,-1,-1,0,0,0,136,1,1,0,0.0000000,0.0000000,0.0000000,0,0,0,0
756405524215958 D 2327,1817349339,1000,1547,1547,2.3730683,0.00000,-1,-1,-1,0,0,0,136,1,1,0,0.0000000,0.0000000,0.0000000,0,0,0,0
756405525233041 D 2328,1817350339,1000,1547,1547,2.3730683,0.00000,-1,-1,-1,0,0,0,136,1,1,0,0.0000000,0.0000000,0.0000000,0,0,0,0
756405526213250 D 2329,1817351339,1000,1547,1547,2.3730683,0.00000,-1,-1,-1,0,0,0,136,1,1,0,0.0000000,0.0000000,0.0000000,0,0,0,0
756405527852291 D 2330,1817352339,1000,1547,1547,2.3730683,0.00000,39,126,2064,0,0,0,136,1,1,0,0.0000000,0.0000000,0.0000000,0,0,0,0
756405528694000 D 2331,1817353339,1000,1547,1547,2.3730683,0.00000,-1,-1,-1,0,0,0,136,1,1,0,0.0000000,0.0000000,0.0000000,0,0,0,0
756405529511000 D 2332,1817354339,1000,1547,1547,2.3730683,0.00000,-1,-1,-1,0,0,0,136,1,1,0,0.0000000,0.0000000,0.0000000,0,0,0,0
756405530214875 D 2333,1817355339,1000,1547,1547,2.3730683,0.00000,-1,-1,-1,0,0,0,136,1,1,0,0.0000000,0.0000000,0.0000000,0,0,0,0
756405531221958 D 2334,1817356339,1000,1547,1547,2.3730683,0.00000,-1,-1,-1,0,0,0,136,1,1,0,0.0000000,0.0000000,0.0000000,0,0,0,0
756405532212166 D 2335,1817357339,1000,1547,1547,2.3730683,0.00000,-1,-1,-1,0,0,0,136,1,1,0,0.0000000,0.0000000,0.0000000,0,0,0,0
756405533212875 D 2336,1817358339,1000,1547,1547,2.3730683,0.00000,-1,-1,-1,0,0,0,136,1,1,0,0.0000000,0.0000000,0.0000000,0,0,0,0
756405534218666 D 2337,1817359339,1000,1547,1547,2.3730683,0.00000,-1,-1,-1,0,0,0,136,1,1,0,0.0000000,0.0000000,0.0000000,0,0,0,0
756405535205208 D 2338,1817360339,1000,1547,1547,2.3730683,0.00000,-1,-1,-1,0,0,0,136,1,1,0,0.0000000,0.0000000,0.0000000,0,0,0,0
756405536227458 D 2339,1817361339,1000,1547,1547,2.3730683,0.00000,-1,-1,-1,0,0,0,136,1,1,0,0.0000000,0.0000000,0.0000000,0,0,0,0
756405537238458 D 2340,1817362339,1000,1547,1547,2.3730683,0.00000,-1,-1,-1,0,0,0,136,1,1,0,0.0000000,0.0000000,0.0000000,0,0,0,0
756405538267875 D 2341,1817363339,1000,1547,1547,2.3730683,0.00000,-1,-1,-1,0,0,0,136,1,1,0,0.0000000,0.0000000,0.0000000,0,0,0,0
756405539318666 D 2342,1817364339,1000,1547,1547,2.3730683,0.00000,-1,-1,-1,0,0,0,136,1,1,0,0.0000000,0.0000000,0.0000000,0,0,0,0
756405540273291 D 2343,1817365339,1000,1547,1547,2.3730683,0.00000,-1,-1,-1,0,0,0,136,1,1,0,0.0000000,0.0000000,0.0000000,0,0,0,0
756405541272708 D 2344,1817366339,1000,1547,1547,2.3730683,0.00000,-1,-1,-1,0,0,0,136,1,1,0,0.0000000,0.0000000,0.0000000,0,0,0,0
756405542254000 D 2345,1817367339,1000,1547,1547,2.3730683,0.00000,-1,-1,-1,0,0,0,136,1,1,0,0.0000000,0.0000000,0.0000000,0,0,0,0
756405543344458 D 2346,1817368339,1000,1547,1547,2.3730683,0.00000,-1,-1,-1,0,0,0,136,1,1,0,0.0000000,0.0000000,0.0000000,0,0,0,0
756405544303625 D 2347,1817369339,1000,1547,1547,2.3730683,0.00000,-1,-1,-1,0,0,0,136,1,1,0,0.0000000,0.0000000,0.0000000,0,0,0,0
756405545371708 D 2348,1817370339,1000,1547,1547,2.3730683,0.00000,-1,-1,-1,0,0,0,136,1,1,0,0.0000000,0.0000000,0.0000000,0,0,0,0
756405546315958 D 2349,1817371339,1000,1547,1547,2.3730683,0.00000,-1,-1,-1,0,0,0,136,1,1,0,0.0000000,0.0000000,0.0000000,0,0,0,0
756405547318583 D 2350,1817372339,1000,1547,1547,2.3730683,0.00000,-1,-1,-1,0,0,0,136,1,1,0,0.0000000,0.0000000,0.0000000,0,0,0,0
756405548267541 D 2351,1817373339,1000,1547,1547,2.3730683,0.00000,-1,-1,-1,0,0,0,136,1,1,0,0.0000000,0.0000000,0.0000000,0,0,0,0
756405549259500 D 2352,1817374339,1000,1547,1547,2.3730683,0.00000,-1,-1,-1,0,0,0,136,1,1,0,0.0000000,0.0000000,0.0000000,0,0,0,0
756405550255500 D 2353,1817375339,1000,1547,1547,2.3730683,0.00000,-1,-1,-1,0,0,0,136,1,1,0,0.0000000,0.0000000,0.0000000,0,0,0,0
756405551252166 D 2354,1817376339,1000,1547,1547,2.3730683,0.00000,-1,-1,-1,0,0,0,136,1,1,0,0.0000000,0.0000000,0.0000000,0,0,0,0
756405552309958 D 2355,1817377339,1000,1547,1547,2.3730683,0.00000,-1,-1,-1,0,0,0,136,1,1,0,0.0000000,0.0000000,0.0000000,0,0,0,0
756405553314500 D 2356,1817378339,1000,1547,1547,2.3730683,0.00000,-1,-1,-1,0,0,0,136,1,1,0,0.0000000,0.0000000,0.0000000,0,0,0,0
756405554294500 D 2357,1817379339,1000,1547,1547,2.3730683,0.00000,-1,-1,-1,0,0,0,136,1,1,0,0.0000000,0.0000000,0.0000000,0,0,0,0
756405555259000 D 2358,1817380339,1000,1547,1547,2.3730683,0.00000,-1,-1,-1,0,0,0,136,1,1,0,0.0000000,0.0000000,0.0000000,0,0,0,0
756405556260833 D 2359,1817381339,1000,1547,1547,2.3730683,0.00000,-1,-1,-1,0,0,0,136,1,1,0,0.0000000,0.0000000,0.0000000,0,0,0,0
756405557259083 D 2360,1817382339,1000,1547,1547,2.3730683,0.00000,-1,-1,-1,0,0,0,136,1,1,0,0.0000000,0.0000000,0.0000000,0,0,0,0
756405558263166 D 2361,1817383339,1000,1547,1547,2.3730683,0.00000,-1,-1,-1,0,0,0,136,1,1,0,0.0000000,0.0000000,0.0000000,0,0,0,0
756405559282791 D 2362,1817384339,1000,1547,1547,2.3730683,0.00000,-1,-1,-1,0,0,0,136,1,1,0,0.0000000,0.0000000,0.0000000,0,0,0,0
756405560278500 D 2363,1817385339,1000,1547,1547,2.3730683,0.00000,-1,-1,-1,0,0,0,136,1,1,0,0.0000000,0.0000000,0.0000000,0,0,0,0
756405561534083 D 2364,1817386339,1000,1547,1547,2.3730683,0.00000,-1,-1,-1,0,0,0,136,1,1,0,0.0000000,0.0000000,0.0000000,0,0,0,0
756405562560750 D 2365,1817387339,1000,1547,1547,2.3730683,0.00000,-1,-1,-1,0,0,0,136,1,1,0,0.0000000,0.0000000,0.0000000,0,0,0,0
756405563458791 D 2366,1817388339,1000,1547,1547,2.3730683,0.00000,-1,-1,-1,0,0,0,136,1,1,0,0.0000000,0.0000000,0.0000000,0,0,0,0
756405564367041 D 2367,1817389339,1000,1547,1547,2.3730683,0.00000,-1,-1,-1,0,0,0,136,1,1,0,0.0000000,0.0000000,0.0000000,0,0,0,0
756405565484250 D 2368,1817390339,1000,1547,1547,2.3730683,0.00000,-1,-1,-1,0,0,0,136,1,1,0,0.0000000,0.0000000,0.0000000,0,0,0,0
756405566334666 D 2369,1817391339,1000,1547,1547,2.3730683,0.00000,-1,-1,-1,0,0,0,136,1,1,0,0.0000000,0.0000000,0.0000000,0,0,0,0
756405567350208 D 2370,1817392339,1000,1547,1547,2.3730683,0.00000,-1,-1,-1,0,0,0,136,1,1,0,0.0000000,0.0000000,0.0000000,0,0,0,0
756405568292041 D 2371,1817393339,1000,1547,1547,2.3730683,0.00000,-1,-1,-1,0,0,0,136,1,1,0,0.0000000,0.0000000,0.0000000,0,0,0,0
756405569266208 D 2372,1817394339,1000,1547,1547,2.3730683,0.00000,-1,-1,-1,0,0,0,136,1,1,0,0.0000000,0.0000000,0.0000000,0,0,0,0
756405570278208 D 2373,1817395339,1000,1547,1547,2.3730683,0.00000,-1,-1,-1,0,0,0,136,1,1,0,0.0000000,0.0000000,0.0000000,0,0,0,0
756405571273458 D 2374,1817396339,1000,1547,1547,2.3730683,0.00000,-1,-1,-1,0,0,0,136,1,1,0,0.0000000,0.0000000,0.0000000,0,0,0,0
756405572251541 D 2375,1817397339,1000,1547,1547,2.3730683,0.00000,-1,-1,-1,0,0,0,136,1,1,0,0.0000000,0.0000000,0.0000000,0,0,0,0
756405573338291 D 2376,1817398339,1000,1547,1547,2.3730683,0.00000,-1,-1,-1,0,0,0,136,1,1,0,0.0000000,0.0000000,0.0000000,0,0,0,0
756405574294250 D 2377,1817399339,1000,1547,1547,2.3730683,0.00000,-1,-1,-1,0,0,0,136,1,1,0,0.0000000,0.0000000,0.0000000,0,0,0,0
756405575282833 D 2378,1817400339,1000,1547,1547,2.3730683,0.00000,-1,-1,-1,0,0,0,136,1,1,0,0.0000000,0.0000000,0.0000000,0,0,0,0
756405576276833 D 2379,1817401339,1000,1547,1547,2.3730683,0.00000,-1,-1,-1,0,0,0,136,1,1,0,0.0000000,0.0000000,0.0000000,0,0,0,0
756405577767000 D 2380,1817402339,1000,1547,1547,2.3730683,0.00000,39,126,2065,0,0,0,136,1,1,0,0.0000000,0.0000000,0.0000000,0,0,0,0
756405578408333 D 2381,1817403339,1000,1547,1547,2.3730683,0.00000,-1,-1,-1,0,0,0,136,1,1,0,0.0000000,0.0000000,0.0000000,0,0,0,0
756405579360625 D 2382,1817404339,1000,1547,1547,2.3730683,0.00000,-1,-1,-1,0,0,0,136,1,1,0,0.0000000,0.0000000,0.0000000,0,0,0,0
756405580356083 D 2383,1817405339,1000,1547,1547,2.3730683,0.00000,-1,-1,-1,0,0,0,136,1,1,0,0.0000000,0.0000000,0.0000000,0,0,0,0
756405581492333 D 2384,1817406339,1000,1547,1547,2.3730683,0.00000,-1,-1,-1,0,0,0,136,1,1,0,0.0000000,0.0000000,0.0000000,0,0,0,0
756405582340000 D 2385,1817407339,1000,1547,1547,2.3730683,0.00000,-1,-1,-1,0,0,0,136,1,1,0,0.0000000,0.0000000,0.0000000,0,0,0,0
756405583394250 D 2386,1817408339,1000,1547,1547,2.3730683,0.00000,-1,-1,-1,0,0,0,136,1,1,0,0.0000000,0.0000000,0.0000000,0,0,0,0
756405584358416 D 2387,1817409339,1000,1547,1547,2.3730683,0.00000,-1,-1,-1,0,0,0,136,1,1,0,0.0000000,0.0000000,0.0000000,0,0,0,0
756405585262291 D 2388,1817410339,1000,1547,1547,2.3730683,0.00000,-1,-1,-1,0,0,0,136,1,1,0,0.0000000,0.0000000,0.0000000,0,0,0,0
756405586230125 D 2389,1817411339,1000,1547,1547,2.3730683,0.00000,-1,-1,-1,0,0,0,136,1,1,0,0.0000000,0.0000000,0.0000000,0,0,0,0
756405587241875 D 2390,1817412339,1000,1547,1547,2.3730683,0.00000,-1,-1,-1,0,0,0,136,1,1,0,0.0000000,0.0000000,0.0000000,0,0,0,0
756405588236500 D 2391,1817413339,1000,1547,1547,2.3730683,0.00000,-1,-1,-1,0,0,0,136,1,1,0,0.0000000,0.0000000,0.0000000,0,0,0,0
756405589251000 D 2392,1817414339,1000,1547,1547,2.3730683,0.00000,-1,-1,-1,0,0,0,136,1,1,0,0.0000000,0.0000000,0.0000000,0,0,0,0
756405590250916 D 2393,1817415339,1000,1547,1547,2.3730683,0.00000,-1,-1,-1,0,0,0,136,1,1,0,0.0000000,0.0000000,0.0000000,0,0,0,0
756405591248416 D 2394,1817416339,1000,1547,1547,2.3730683,0.00000,-1,-1,-1,0,0,0,136,1,1,0,0.0000000,0.0000000,0.0000000,0,0,0,0
756405592257583 D 2395,1817417339,1000,1547,1547,2.3730683,0.00000,-1,-1,-1,0,0,0,136,1,1,0,0.0000000,0.0000000,0.0000000,0,0,0,0
756405593253583 D 2396,1817418339,1000,1547,1547,2.3730683,0.00000,-1,-1,-1,0,0,0,136,1,1,0,0.0000000,0.0000000,0.0000000,0,0,0,0
756405594273625 D 2397,1817419339,1000,1547,1547,2.3730683,0.00000,-1,-1,-1,0,0,0,136,1,1,0,0.0000000,0.0000000,0.0000000,0,0,0,0
756405595424875 D 2398,1817420339,1000,1547,1547,2.3730683,0.00000,-1,-1,-1,0,0,0,136,1,1,0,0.0000000,0.0000000,0.0000000,0,0,0,0
756405596345791 D 2399,1817421339,1000,1547,1547,2.3730683,0.00000,-1,-1,-1,0,0,0,136,1,1,0,0.0000000,0.0000000,0.0000000,0,0,0,0
756405597329375 D 2400,1817422339,1000,1547,1547,2.3730683,0.00000,-1,-1,-1,0,0,0,136,1,1,0,0.0000000,0.0000000,0.0000000,0,0,0,0
756405598318541 D 2401,1817423339,1000,1547,1547,2.3730683,0.00000,-1,-1,-1,0,0,0,136,1,1,0,0.0000000,0.0000000,0.0000000,0,0,0,0
756405599273916 D 2402,1817424339,1000,1547,1547,2.3730683,0.00000,-1,-1,-1,0,0,0,136,1,1,0,0.0000000,0.0000000,0.0000000,0,0,0,0
756405600247541 D 2403,1817425339,1000,1547,1547,2.3730683,0.00000,-1,-1,-1,0,0,0,136,1,1,0,0.0000000,0.0000000,0.0000000,0,0,0,0
756405601287375 D 2404,1817426339,1000,1547,1547,2.3730683,0.00000,-1,-1,-1,0,0,0,136,1,1,0,0.0000000,0.0000000,0.0000000,0,0,0,0
756405602259250 D 2405,1817427339,1000,1547,1547,2.3730683,0.00000,-1,-1,-1,0,0,0,136,1,1,0,0.0000000,0.0000000,0.0000000,0,0,0,0
756405603238250 D 2406,1817428339,1000,1547,1547,2.3730683,0.00000,-1,-1,-1,0,0,0,136,1,1,0,0.0000000,0.0000000,0.0000000,0,0,0,0
756405604235708 D 2407,1817429339,1000,1547,1547,2.3730683,0.00000,-1,-1,-1,0,0,0,136,1,1,0,0.0000000,0.0000000,0.0000000,0,0,0,0
756405605246625 D 2408,1817430339,1000,1547,1547,2.3730683,0.00000,-1,-1,-1,0,0,0,136,1,1,0,0.0000000,0.0000000,0.0000000,0,0,0,0
756405606227750 D 2409,1817431339,1000,1547,1547,2.3730683,0.00000,-1,-1,-1,0,0,0,136,1,1,0,0.0000000,0.0000000,0.0000000,0,0,0,0
756405607224208 D 2410,1817432339,1000,1547,1547,2.3730683,0.00000,-1,-1,-1,0,0,0,136,1,1,0,0.0000000,0.0000000,0.0000000,0,0,0,0
756405608219375 D 2411,1817433339,1000,1547,1547,2.3730683,0.00000,-1,-1,-1,0,0,0,136,1,1,0,0.0000000,0.0000000,0.0000000,0,0,0,0
756405609225416 D 2412,1817434339,1000,1547,1547,2.3730683,0.00000,-1,-1,-1,0,0,0,136,1,1,0,0.0000000,0.0000000,0.0000000,0,0,0,0
756405610233375 D 2413,1817435339,1000,1547,1547,2.3730683,0.00000,-1,-1,-1,0,0,0,136,1,1,0,0.0000000,0.0000000,0.0000000,0,0,0,0
756405611226041 D 2414,1817436339,1000,1547,1547,2.3730683,0.00000,-1,-1,-1,0,0,0,136,1,1,0,0.0000000,0.0000000,0.0000000,0,0,0,0
756405612232333 D 2415,1817437339,1000,1547,1547,2.3730683,0.00000,-1,-1,-1,0,0,0,136,1,1,0,0.0000000,0.0000000,0.0000000,0,0,0,0
756405613225166 D 2416,1817438339,1000,1547,1547,2.3730683,0.00000,-1,-1,-1,0,0,0,136,1,1,0,0.0000000,0.0000000,0.0000000,0,0,0,0
756405614230208 D 2417,1817439339,1000,1547,1547,2.3730683,0.00000,-1,-1,-1,0,0,0,136,1,1,0,0.0000000,0.0000000,0.0000000,0,0,0,0
756405615246583 D 2418,1817440339,1000,1547,1547,2.3730683,0.00000,-1,-1,-1,0,0,0,136,1,1,0,0.0000000,0.0000000,0.0000000,0,0,0,0
756405616224791 D 2419,1817441339,1000,1547,1547,2.3730683,0.00000,-1,-1,-1,0,0,0,136,1,1,0,0.0000000,0.0000000,0.0000000,0,0,0,0
756405617220750 D 2420,1817442339,1000,1547,1547,2.3730683,0.00000,-1,-1,-1,0,0,0,136,1,1,0,0.0000000,0.0000000,0.0000000,0,0,0,0
756405618217583 D 2421,1817443339,1000,1547,1547,2.3730683,0.00000,-1,-1,-1,0,0,0,136,1,1,0,0.0000000,0.0000000,0.0000000,0,0,0,0
756405619215958 D 2422,1817444339,1000,1547,1547,2.3730683,0.00000,-1,-1,-1,0,0,0,136,1,1,0,0.0000000,0.0000000,0.0000000,0,0,0,0
756405620450541 D 2423,1817445339,1000,1547,1547,2.3730683,0.00000,-1,-1,-1,0,0,0,136,1,1,0,0.0000000,0.0000000,0.0000000,0,0,0,0
756405621526000 D 2424,1817446339,1000,1547,1547,2.3730683,0.00000,-1,-1,-1,0,0,0,136,1,1,0,0.0000000,0.0000000,0.0000000,0,0,0,0
756405622474666 D 2425,1817447339,1000,1547,1547,2.3730683,0.00000,-1,-1,-1,0,0,0,136,1,1,0,0.0000000,0.0000000,0.0000000,0,0,0,0
756405623280125 D 2426,1817448339,1000,1547,1547,2.3730683,0.00000,-1,-1,-1,0,0,0,136,1,1,0,0.0000000,0.0000000,0.0000000,0,0,0,0
756405624266291 D 2427,1817449339,1000,1547,1547,2.3730683,0.00000,-1,-1,-1,0,0,0,136,1,1,0,0.0000000,0.0000000,0.0000000,0,0,0,0
756405625237666 D 2428,1817450339,1000,1547,1547,2.3730683,0.00000,-1,-1,-1,0,0,0,136,1,1,0,0.0000000,0.0000000,0.0000000,0,0,0,0
756405626248791 D 2429,1817451339,1000,1547,1547,2.3730683,0.00000,-1,-1,-1,0,0,0,136,1,1,0,0.0000000,0.0000000,0.0000000,0,0,0,0
756405627692375 D 2430,1817452339,1000,1547,1547,2.3730683,0.00000,39,126,2066,0,0,0,136,1,1,0,0.0000000,0.0000000,0.0000000,0,0,0,0
756405628328750 D 2431,1817453339,1000,1547,1547,2.3730683,0.00000,-1,-1,-1,0,0,0,136,1,1,0,0.0000000,0.0000000,0.0000000,0,0,0,0
756405629236875 D 2432,1817454339,1000,1547,1547,2.3730683,0.00000,-1,-1,-1,0,0,0,136,1,1,0,0.0000000,0.0000000,0.0000000,0,0,0,0
756405630253500 D 2433,1817455339,1000,1547,1547,2.3730683,0.00000,-1,-1,-1,0,0,0,136,1,1,0,0.0000000,0.0000000,0.0000000,0,0,0,0
756405631254166 D 2434,1817456339,1000,1547,1547,2.3730683,0.00000,-1,-1,-1,0,0,0,136,1,1,0,0.0000000,0.0000000,0.0000000,0,0,0,0
756405632246625 D 2435,1817457339,1000,1547,1547,2.3730683,0.00000,-1,-1,-1,0,0,0,136,1,1,0,0.0000000,0.0000000,0.0000000,0,0,0,0
756405633228666 D 2436,1817458339,1000,1547,1547,2.3730683,0.00000,-1,-1,-1,0,0,0,136,1,1,0,0.0000000,0.0000000,0.0000000,0,0,0,0
756405634235208 D 2437,1817459339,1000,1547,1547,2.3730683,0.00000,-1,-1,-1,0,0,0,136,1,1,0,0.0000000,0.0000000,0.0000000,0,0,0,0
756405635272666 D 2438,1817460339,1000,1547,1547,2.3730683,0.00000,-1,-1,-1,0,0,0,136,1,1,0,0.0000000,0.0000000,0.0000000,0,0,0,0
756405636241291 D 2439,1817461339,1000,1547,1547,2.3730683,0.00000,-1,-1,-1,0,0,0,136,1,1,0,0.0000000,0.0000000,0.0000000,0,0,0,0
756405637245291 D 2440,1817462339,1000,1547,1547,2.3730683,0.00000,-1,-1,-1,0,0,0,136,1,1,0,0.0000000,0.0000000,0.0000000,0,0,0,0
756405638234625 D 2441,1817463339,1000,1547,1547,2.3730683,0.00000,-1,-1,-1,0,0,0,136,1,1,0,0.0000000,0.0000000,0.0000000,0,0,0,0
756405639241000 D 2442,1817464339,1000,1547,1547,2.3730683,0.00000,-1,-1,-1,0,0,0,136,1,1,0,0.0000000,0.0000000,0.0000000,0,0,0,0
756405640235583 D 2443,1817465339,1000,1547,1547,2.3730683,0.00000,-1,-1,-1,0,0,0,136,1,1,0,0.0000000,0.0000000,0.0000000,0,0,0,0
756405641232666 D 2444,1817466339,1000,1547,1547,2.3730683,0.00000,-1,-1,-1,0,0,0,136,1,1,0,0.0000000,0.0000000,0.0000000,0,0,0,0
756405642225875 D 2445,1817467339,1000,1547,1547,2.3730683,0.00000,-1,-1,-1,0,0,0,136,1,1,0,0.0000000,0.0000000,0.0000000,0,0,0,0
756405643219750 D 2446,1817468339,1000,1547,1547,2.3730683,0.00000,-1,-1,-1,0,0,0,136,1,1,0,0.0000000,0.0000000,0.0000000,0,0,0,0
756405644223208 D 2447,1817469339,1000,1547,1547,2.3730683,0.00000,-1,-1,-1,0,0,0,136,1,1,0,0.0000000,0.0000000,0.0000000,0,0,0,0
756405645234375 D 2448,1817470339,1000,1547,1547,2.3730683,0.00000,-1,-1,-1,0,0,0,136,1,1,0,0.0000000,0.0000000,0.0000000,0,0,0,0
756405646296791 D 2449,1817471339,1000,1547,1547,2.3730683,0.00000,-1,-1,-1,0,0,0,136,1,1,0,0.0000000,0.0000000,0.0000000,0,0,0,0
756405647282666 D 2450,1817472339,1000,1547,1547,2.3730683,0.00000,-1,-1,-1,0,0,0,136,1,1,0,0.0000000,0.0000000,0.0000000,0,0,0,0
756405648263375 D 2451,1817473339,1000,1547,1547,2.3730683,0.00000,-1,-1,-1,0,0,0,136,1,1,0,0.0000000,0.0000000,0.0000000,0,0,0,0
756405649248041 D 2452,1817474339,1000,1547,1547,2.3730683,0.00000,-1,-1,-1,0,0,0,136,1,1,0,0.0000000,0.0000000,0.0000000,0,0,0,0
756405650250458 D 2453,1817475339,1000,1547,1547,2.3730683,0.00000,-1,-1,-1,0,0,0,136,1,1,0,0.0000000,0.0000000,0.0000000,0,0,0,0
756405651465208 D 2454,1817476339,1000,1547,1547,2.3730683,0.00000,-1,-1,-1,0,0,0,136,1,1,0,0.0000000,0.0000000,0.0000000,0,0,0,0
756405652477708 D 2455,1817477339,1000,1547,1547,2.3730683,0.00000,-1,-1,-1,0,0,0,136,1,1,0,0.0000000,0.0000000,0.0000000,0,0,0,0
756405653460083 D 2456,1817478339,1000,1547,1547,2.3730683,0.00000,-1,-1,-1,0,0,0,136,1,1,0,0.0000000,0.0000000,0.0000000,0,0,0,0
756405654325583 D 2457,1817479339,1000,1547,1547,2.3730683,0.00000,-1,-1,-1,0,0,0,136,1,1,0,0.0000000,0.0000000,0.0000000,0,0,0,0
756405655238791 D 2458,1817480339,1000,1547,1547,2.3730683,0.00000,-1,-1,-1,0,0,0,136,1,1,0,0.0000000,0.0000000,0.0000000,0,0,0,0
756405656231875 D 2459,1817481339,1000,1547,1547,2.3730683,0.00000,-1,-1,-1,0,0,0,136,1,1,0,0.0000000,0.0000000,0.0000000,0,0,0,0
756405657245166 D 2460,1817482339,1000,1547,1547,2.3730683,0.00000,-1,-1,-1,0,0,0,136,1,1,0,0.0000000,0.0000000,0.0000000,0,0,0,0
756405658236625 D 2461,1817483339,1000,1547,1547,2.3730683,0.00000,-1,-1,-1,0,0,0,136,1,1,0,0.0000000,0.0000000,0.0000000,0,0,0,0
756405659234583 D 2462,1817484339,1000,1547,1547,2.3730683,0.00000,-1,-1,-1,0,0,0,136,1,1,0,0.0000000,0.0000000,0.0000000,0,0,0,0
756405660238708 D 2463,1817485339,1000,1547,1547,2.3730683,0.00000,-1,-1,-1,0,0,0,136,1,1,0,0.0000000,0.0000000,0.0000000,0,0,0,0
756405661258041 D 2464,1817486339,1000,1547,1547,2.3730683,0.00000,-1,-1,-1,0,0,0,136,1,1,0,0.0000000,0.0000000,0.0000000,0,0,0,0
756405662248041 D 2465,1817487339,1000,1547,1547,2.3730683,0.00000,-1,-1,-1,0,0,0,136,1,1,0,0.0000000,0.0000000,0.0000000,0,0,0,0
756405663240083 D 2466,1817488339,1000,1547,1547,2.3730683,0.00000,-1,-1,-1,0,0,0,136,1,1,0,0.0000000,0.0000000,0.0000000,0,0,0,0
756405664227166 D 2467,1817489339,1000,1547,1547,2.3730683,0.00000,-1,-1,-1,0,0,0,136,1,1,0,0.0000000,0.0000000,0.0000000,0,0,0,0
756405665227666 D 2468,1817490339,1000,1547,1547,2.3730683,0.00000,-1,-1,-1,0,0,0,136,1,1,0,0.0000000,0.0000000,0.0000000,0,0,0,0
756405666226291 D 2469,1817491339,1000,1547,1547,2.3730683,0.00000,-1,-1,-1,0,0,0,136,1,1,0,0.0000000,0.0000000,0.0000000,0,0,0,0
756405667221666 D 2470,1817492339,1000,1547,1547,2.3730683,0.00000,-1,-1,-1,0,0,0,136,1,1,0,0.0000000,0.0000000,0.0000000,0,0,0,0
756405668226666 D 2471,1817493339,1000,1547,1547,2.3730683,0.00000,-1,-1,-1,0,0,0,136,1,1,0,0.0000000,0.0000000,0.0000000,0,0,0,0
756405669220458 D 2472,1817494339,1000,1547,1547,2.3730683,0.00000,-1,-1,-1,0,0,0,136,1,1,0,0.0000000,0.0000000,0.0000000,0,0,0,0
756405670225125 D 2473,1817495339,1000,1547,1547,2.3730683,0.00000,-1,-1,-1,0,0,0,136,1,1,0,0.0000000,0.0000000,0.0000000,0,0,0,0
756405671243750 D 2474,1817496339,1000,1547,1547,2.3730683,0.00000,-1,-1,-1,0,0,0,136,1,1,0,0.0000000,0.0000000,0.0000000,0,0,0,0
756405672251666 D 2475,1817497339,1000,1547,1547,2.3730683,0.00000,-1,-1,-1,0,0,0,136,1,1,0,0.0000000,0.0000000,0.0000000,0,0,0,0
756405673219500 D 2476,1817498339,1000,1547,1547,2.3730683,0.00000,-1,-1,-1,0,0,0,136,1,1,0,0.0000000,0.0000000,0.0000000,0,0,0,0
756405674237000 D 2477,1817499339,1000,1547,1547,2.3730683,0.00000,-1,-1,-1,0,0,0,136,1,1,0,0.0000000,0.0000000,0.0000000,0,0,0,0
756405675224916 D 2478,1817500339,1000,1547,1547,2.3730683,0.00000,-1,-1,-1,0,0,0,136,1,1,0,0.0000000,0.0000000,0.0000000,0,0,0,0
756405676236916 D 2479,1817501339,1000,1547,1547,2.3730683,0.00000,-1,-1,-1,0,0,0,136,1,1,0,0.0000000,0.0000000,0.0000000,0,0,0,0
756405677696250 D 2480,1817502339,1000,1547,1547,2.3730683,0.00000,39,126,2064,0,0,0,136,1,1,0,0.0000000,0.0000000,0.0000000,0,0,0,0
756405678319708 D 2481,1817503339,1000,1547,1547,2.3730683,0.00000,-1,-1,-1,0,0,0,136,1,1,0,0.0000000,0.0000000,0.0000000,0,0,0,0
756405679231458 D 2482,1817504339,1000,1547,1547,2.3730683,0.00000,-1,-1,-1,0,0,0,136,1,1,0,0.0000000,0.0000000,0.0000000,0,0,0,0
756405680212041 D 2483,1817505339,1000,1547,1547,2.3730683,0.00000,-1,-1,-1,0,0,0,136,1,1,0,0.0000000,0.0000000,0.0000000,0,0,0,0
756405681494500 D 2484,1817506339,1000,1547,1547,2.3730683,0.00000,-1,-1,-1,0,0,0,136,1,1,0,0.0000000,0.0000000,0.0000000,0,0,0,0
756405682469791 D 2485,1817507339,1000,1547,1547,2.3730683,0.00000,-1,-1,-1,0,0,0,136,1,1,0,0.0000000,0.0000000,0.0000000,0,0,0,0
756405683447208 D 2486,1817508339,1000,1547,1547,2.3730683,0.00000,-1,-1,-1,0,0,0,136,1,1,0,0.0000000,0.0000000,0.0000000,0,0,0,0
756405684236583 D 2487,1817509339,1000,1547,1547,2.3730683,0.00000,-1,-1,-1,0,0,0,136,1,1,0,0.0000000,0.0000000,0.0000000,0,0,0,0
756405685226083 D 2488,1817510339,1000,1547,1547,2.3730683,0.00000,-1,-1,-1,0,0,0,136,1,1,0,0.0000000,0.0000000,0.0000000,0,0,0,0
756405686225625 D 2489,1817511339,1000,1547,1547,2.3730683,0.00000,-1,-1,-1,0,0,0,136,1,1,0,0.0000000,0.0000000,0.0000000,0,0,0,0
756405687370541 D 2490,1817512339,1000,1547,1547,2.3730683,0.00000,-1,-1,-1,0,0,0,136,1,1,0,0.0000000,0.0000000,0.0000000,0,0,0,0
756405688330250 D 2491,1817513339,1000,1547,1547,2.3730683,0.00000,-1,-1,-1,0,0,0,136,1,1,0,0.0000000,0.0000000,0.0000000,0,0,0,0
756405689352458 D 2492,1817514339,1000,1547,1547,2.3730683,0.00000,-1,-1,-1,0,0,0,136,1,1,0,0.0000000,0.0000000,0.0000000,0,0,0,0
756405690361500 D 2493,1817515339,1000,1547,1547,2.3730683,0.00000,-1,-1,-1,0,0,0,136,1,1,0,0.0000000,0.0000000,0.0000000,0,0,0,0
756405691335041 D 2494,1817516339,1000,1547,1547,2.3730683,0.00000,-1,-1,-1,0,0,0,136,1,1,0,0.0000000,0.0000000,0.0000000,0,0,0,0
756405692336458 D 2495,1817517339,1000,1547,1547,2.3730683,0.00000,-1,-1,-1,0,0,0,136,1,1,0,0.0000000,0.0000000,0.0000000,0,0,0,0
756405693322000 D 2496,1817518339,1000,1547,1547,2.3730683,0.00000,-1,-1,-1,0,0,0,136,1,1,0,0.0000000,0.0000000,0.0000000,0,0,0,0
756405694293041 D 2497,1817519339,1000,1547,1547,2.3730683,0.00000,-1,-1,-1,0,0,0,136,1,1,0,0.0000000,0.0000000,0.0000000,0,0,0,0
756405695260375 D 2498,1817520339,1000,1547,1547,2.3730683,0.00000,-1,-1,-1,0,0,0,136,1,1,0,0.0000000,0.0000000,0.0000000,0,0,0,0
756405696270250 D 2499,1817521339,1000,1547,1547,2.3730683,0.00000,-1,-1,-1,0,0,0,136,1,1,0,0.0000000,0.0000000,0.0000000,0,0,0,0
756405697271333 D 2500,1817522339,1000,1547,1547,2.3730683,0.00000,-1,-1,-1,0,0,0,136,1,1,0,0.0000000,0.0000000,0.0000000,0,0,0,0
756405698254458 D 2501,1817523339,1000,1547,1547,2.3730683,0.00000,-1,-1,-1,0,0,0,136,1,1,0,0.0000000,0.0000000,0.0000000,0,0,0,0
756405699255625 D 2502,1817524339,1000,1547,1547,2.3730683,0.00000,-1,-1,-1,0,0,0,136,1,1,0,0.0000000,0.0000000,0.0000000,0,0,0,0
756405700240791 D 2503,1817525339,1000,1547,1547,2.3730683,0.00000,-1,-1,-1,0,0,0,136,1,1,0,0.0000000,0.0000000,0.0000000,0,0,0,0
756405701262916 D 2504,1817526339,1000,1547,1547,2.3730683,0.00000,-1,-1,-1,0,0,0,136,1,1,0,0.0000000,0.0000000,0.0000000,0,0,0,0
756405702241000 D 2505,1817527339,1000,1547,1547,2.3730683,0.00000,-1,-1,-1,0,0,0,136,1,1,0,0.0000000,0.0000000,0.0000000,0,0,0,0
756405703238791 D 2506,1817528339,1000,1547,1547,2.3730683,0.00000,-1,-1,-1,0,0,0,136,1,1,0,0.0000000,0.0000000,0.0000000,0,0,0,0
756405704234958 D 2507,1817529339,1000,1547,1547,2.3730683,0.00000,-1,-1,-1,0,0,0,136,1,1,0,0.0000000,0.0000000,0.0000000,0,0,0,0
756405705246916 D 2508,1817530339,1000,1547,1547,2.3730683,0.00000,-1,-1,-1,0,0,0,136,1,1,0,0.0000000,0.0000000,0.0000000,0,0,0,0
756405706261125 D 2509,1817531339,1000,1547,1547,2.3730683,0.00000,-1,-1,-1,0,0,0,136,1,1,0,0.0000000,0.0000000,0.0000000,0,0,0,0
756405707246333 D 2510,1817532339,1000,1547,1547,2.3730683,0.00000,-1,-1,-1,0,0,0,136,1,1,0,0.0000000,0.0000000,0.0000000,0,0,0,0
756405708280083 D 2511,1817533339,1000,1547,1547,2.3730683,0.00000,-1,-1,-1,0,0,0,136,1,1,0,0.0000000,0.0000000,0.0000000,0,0,0,0
756405709268166 D 2512,1817534339,1000,1547,1547,2.3730683,0.00000,-1,-1,-1,0,0,0,136,1,1,0,0.0000000,0.0000000,0.0000000,0,0,0,0
756405710241833 D 2513,1817535339,1000,1547,1547,2.3730683,0.00000,-1,-1,-1,0,0,0,136,1,1,0,0.0000000,0.0000000,0.0000000,0,0,0,0
756405711236750 D 2514,1817536339,1000,1547,1547,2.3730683,0.00000,-1,-1,-1,0,0,0,136,1,1,0,0.0000000,0.0000000,0.0000000,0,0,0,0
756405712230333 D 2515,1817537339,1000,1547,1547,2.3730683,0.00000,-1,-1,-1,0,0,0,136,1,1,0,0.0000000,0.0000000,0.0000000,0,0,0,0
756405713227916 D 2516,1817538339,1000,1547,1547,2.3730683,0.00000,-1,-1,-1,0,0,0,136,1,1,0,0.0000000,0.0000000,0.0000000,0,0,0,0
756405714239708 D 2517,1817539339,1000,1547,1547,2.3730683,0.00000,-1,-1,-1,0,0,0,136,1,1,0,0.0000000,0.0000000,0.0000000,0,0,0,0
756405715253541 D 2518,1817540339,1000,1547,1547,2.3730683,0.00000,-1,-1,-1,0,0,0,136,1,1,0,0.0000000,0.0000000,0.0000000,0,0,0,0
756405716618375 D 2519,1817541339,1000,1547,1547,2.3730683,0.00000,-1,-1,-1,0,0,0,136,1,1,0,0.0000000,0.0000000,0.0000000,0,0,0,0
756405717628166 D 2520,1817542339,1000,1547,1547,2.3730683,0.00000,-1,-1,-1,0,0,0,136,1,1,0,0.0000000,0.0000000,0.0000000,0,0,0,0
756405718593750 D 2521,1817543339,1000,1547,1547,2.3730683,0.00000,-1,-1,-1,0,0,0,136,1,1,0,0.0000000,0.0000000,0.0000000,0,0,0,0
756405719462458 D 2522,1817544339,1000,1547,1547,2.3730683,0.00000,-1,-1,-1,0,0,0,136,1,1,0,0.0000000,0.0000000,0.0000000,0,0,0,0
756405720297583 D 2523,1817545339,1000,1547,1547,2.3730683,0.00000,-1,-1,-1,0,0,0,136,1,1,0,0.0000000,0.0000000,0.0000000,0,0,0,0
756405721277041 D 2524,1817546339,1000,1547,1547,2.3730683,0.00000,-1,-1,-1,0,0,0,136,1,1,0,0.0000000,0.0000000,0.0000000,0,0,0,0
756405722356750 D 2525,1817547339,1000,1547,1547,2.3730683,0.00000,-1,-1,-1,0,0,0,136,1,1,0,0.0000000,0.0000000,0.0000000,0,0,0,0
756405723362583 D 2526,1817548339,1000,1547,1547,2.3730683,0.00000,-1,-1,-1,0,0,0,136,1,1,0,0.0000000,0.0000000,0.0000000,0,0,0,0
756405724348541 D 2527,1817549339,1000,1547,1547,2.3730683,0.00000,-1,-1,-1,0,0,0,136,1,1,0,0.0000000,0.0000000,0.0000000,0,0,0,0
756405725324833 D 2528,1817550339,1000,1547,1547,2.3730683,0.00000,-1,-1,-1,0,0,0,136,1,1,0,0.0000000,0.0000000,0.0000000,0,0,0,0
756405726275666 D 2529,1817551339,1000,1547,1547,2.3730683,0.00000,-1,-1,-1,0,0,0,136,1,1,0,0.0000000,0.0000000,0.0000000,0,0,0,0
756405727712833 D 2530,1817552339,1000,1547,1547,2.3730683,0.00000,39,126,2066,0,0,0,136,1,1,0,0.0000000,0.0000000,0.0000000,0,0,0,0
756405728336291 D 2531,1817553339,1000,1547,1547,2.3730683,0.00000,-1,-1,-1,0,0,0,136,1,1,0,0.0000000,0.0000000,0.0000000,0,0,0,0
756405729224333 D 2532,1817554339,1000,1547,1547,2.3730683,0.00000,-1,-1,-1,0,0,0,136,1,1,0,0.0000000,0.0000000,0.0000000,0,0,0,0
756405730178500 D 2533,1817555339,1000,1547,1547,2.3730683,0.00000,-1,-1,-1,0,0,0,136,1,1,0,0.0000000,0.0000000,0.0000000,0,0,0,0
756405731126708 D 2534,1817556339,1000,1547,1547,2.3730683,0.00000,-1,-1,-1,0,0,0,136,1,1,0,0.0000000,0.0000000,0.0000000,0,0,0,0
756405732095750 D 2535,1817557339,1000,1547,1547,2.3730683,0.00000,-1,-1,-1,0,0,0,136,1,1,0,0.0000000,0.0000000,0.0000000,0,0,0,0
756405733178458 D 2536,1817558339,1000,1547,1547,2.3730683,0.00000,-1,-1,-1,0,0,0,136,1,1,0,0.0000000,0.0000000,0.0000000,0,0,0,0
756405734229541 D 2537,1817559339,1000,1547,1547,2.3730683,0.00000,-1,-1,-1,0,0,0,136,1,1,0,0.0000000,0.0000000,0.0000000,0,0,0,0
756405735213958 D 2538,1817560339,1000,1547,1547,2.3730683,0.00000,-1,-1,-1,0,0,0,136,1,1,0,0.0000000,0.0000000,0.0000000,0,0,0,0
756405736216416 D 2539,1817561339,1000,1547,1547,2.3730683,0.00000,-1,-1,-1,0,0,0,136,1,1,0,0.0000000,0.0000000,0.0000000,0,0,0,0
756405737220208 D 2540,1817562339,1000,1547,1547,2.3730683,0.00000,-1,-1,-1,0,0,0,136,1,1,0,0.0000000,0.0000000,0.0000000,0,0,0,0
756405738210833 D 2541,1817563339,1000,1547,1547,2.3730683,0.00000,-1,-1,-1,0,0,0,136,1,1,0,0.0000000,0.0000000,0.0000000,0,0,0,0
756405739222458 D 2542,1817564339,1000,1547,1547,2.3730683,0.00000,-1,-1,-1,0,0,0,136,1,1,0,0.0000000,0.0000000,0.0000000,0,0,0,0
756405740237916 D 2543,1817565339,1000,1547,1547,2.3730683,0.00000,-1,-1,-1,0,0,0,136,1,1,0,0.0000000,0.0000000,0.0000000,0,0,0,0
756405741214166 D 2544,1817566339,1000,1547,1547,2.3730683,0.00000,-1,-1,-1,0,0,0,136,1,1,0,0.0000000,0.0000000,0.0000000,0,0,0,0
756405742214375 D 2545,1817567339,1000,1547,1547,2.3730683,0.00000,-1,-1,-1,0,0,0,136,1,1,0,0.0000000,0.0000000,0.0000000,0,0,0,0
756405743215625 D 2546,1817568339,1000,1547,1547,2.3730683,0.00000,-1,-1,-1,0,0,0,136,1,1,0,0.0000000,0.0000000,0.0000000,0,0,0,0
756405744216208 D 2547,1817569339,1000,1547,1547,2.3730683,0.00000,-1,-1,-1,0,0,0,136,1,1,0,0.0000000,0.0000000,0.0000000,0,0,0,0
756405745221791 D 2548,1817570339,1000,1547,1547,2.3730683,0.00000,-1,-1,-1,0,0,0,136,1,1,0,0.0000000,0.0000000,0.0000000,0,0,0,0
756405746266958 D 2549,1817571339,1000,1547,1547,2.3730683,0.00000,-1,-1,-1,0,0,0,136,1,1,0,0.0000000,0.0000000,0.0000000,0,0,0,0
756405747252708 D 2550,1817572339,1000,1547,1547,2.3730683,0.00000,-1,-1,-1,0,0,0,136,1,1,0,0.0000000,0.0000000,0.0000000,0,0,0,0
756405748488875 D 2551,1817573339,1000,1547,1547,2.3730683,0.00000,-1,-1,-1,0,0,0,136,1,1,0,0.0000000,0.0000000,0.0000000,0,0,0,0
756405749462875 D 2552,1817574339,1000,1547,1547,2.3730683,0.00000,-1,-1,-1,0,0,0,136,1,1,0,0.0000000,0.0000000,0.0000000,0,0,0,0
756405750461666 D 2553,1817575339,1000,1547,1547,2.3730683,0.00000,-1,-1,-1,0,0,0,136,1,1,0,0.0000000,0.0000000,0.0000000,0,0,0,0
756405751244791 D 2554,1817576339,1000,1547,1547,2.3730683,0.00000,-1,-1,-1,0,0,0,136,1,1,0,0.0000000,0.0000000,0.0000000,0,0,0,0
756405752232166 D 2555,1817577339,1000,1547,1547,2.3730683,0.00000,-1,-1,-1,0,0,0,136,1,1,0,0.0000000,0.0000000,0.0000000,0,0,0,0
756405753210458 D 2556,1817578339,1000,1547,1547,2.3730683,0.00000,-1,-1,-1,0,0,0,136,1,1,0,0.0000000,0.0000000,0.0000000,0,0,0,0
756405754234875 D 2557,1817579339,1000,1547,1547,2.3730683,0.00000,-1,-1,-1,0,0,0,136,1,1,0,0.0000000,0.0000000,0.0000000,0,0,0,0
756405755236750 D 2558,1817580339,1000,1547,1547,2.3730683,0.00000,-1,-1,-1,0,0,0,136,1,1,0,0.0000000,0.0000000,0.0000000,0,0,0,0
756405756263416 D 2559,1817581339,1000,1547,1547,2.3730683,0.00000,-1,-1,-1,0,0,0,136,1,1,0,0.0000000,0.0000000,0.0000000,0,0,0,0
756405757228125 D 2560,1817582339,1000,1547,1547,2.3730683,0.00000,-1,-1,-1,0,0,0,136,1,1,0,0.0000000,0.0000000,0.0000000,0,0,0,0
756405758223416 D 2561,1817583339,1000,1547,1547,2.3730683,0.00000,-1,-1,-1,0,0,0,136,1,1,0,0.0000000,0.0000000,0.0000000,0,0,0,0
756405759223083 D 2562,1817584339,1000,1547,1547,2.3730683,0.00000,-1,-1,-1,0,0,0,136,1,1,0,0.0000000,0.0000000,0.0000000,0,0,0,0
756405760229125 D 2563,1817585339,1000,1547,1547,2.3730683,0.00000,-1,-1,-1,0,0,0,136,1,1,0,0.0000000,0.0000000,0.0000000,0,0,0,0
756405761237166 D 2564,1817586339,1000,1547,1547,2.3730683,0.00000,-1,-1,-1,0,0,0,136,1,1,0,0.0000000,0.0000000,0.0000000,0,0,0,0
756405762262750 D 2565,1817587339,1000,1547,1547,2.3730683,0.00000,-1,-1,-1,0,0,0,136,1,1,0,0.0000000,0.0000000,0.0000000,0,0,0,0
756405763236208 D 2566,1817588339,1000,1547,1547,2.3730683,0.00000,-1,-1,-1,0,0,0,136,1,1,0,0.0000000,0.0000000,0.0000000,0,0,0,0
756405764226708 D 2567,1817589339,1000,1547,1547,2.3730683,0.00000,-1,-1,-1,0,0,0,136,1,1,0,0.0000000,0.0000000,0.0000000,0,0,0,0
756405765228541 D 2568,1817590339,1000,1547,1547,2.3730683,0.00000,-1,-1,-1,0,0,0,136,1,1,0,0.0000000,0.0000000,0.0000000,0,0,0,0
756405766220625 D 2569,1817591339,1000,1547,1547,2.3730683,0.00000,-1,-1,-1,0,0,0,136,1,1,0,0.0000000,0.0000000,0.0000000,0,0,0,0
756405767221250 D 2570,1817592339,1000,1547,1547,2.3730683,0.00000,-1,-1,-1,0,0,0,136,1,1,0,0.0000000,0.0000000,0.0000000,0,0,0,0
756405768216416 D 2571,1817593339,1000,1547,1547,2.3730683,0.00000,-1,-1,-1,0,0,0,136,1,1,0,0.0000000,0.0000000,0.0000000,0,0,0,0
756405769242125 D 2572,1817594339,1000,1547,1547,2.3730683,0.00000,-1,-1,-1,0,0,0,136,1,1,0,0.0000000,0.0000000,0.0000000,0,0,0,0
756405770238750 D 2573,1817595339,1000,1547,1547,2.3730683,0.00000,-1,-1,-1,0,0,0,136,1,1,0,0.0000000,0.0000000,0.0000000,0,0,0,0
756405771226458 D 2574,1817596339,1000,1547,1547,2.3730683,0.00000,-1,-1,-1,0,0,0,136,1,1,0,0.0000000,0.0000000,0.0000000,0,0,0,0
756405772222000 D 2575,1817597339,1000,1547,1547,2.3730683,0.00000,-1,-1,-1,0,0,0,136,1,1,0,0.0000000,0.0000000,0.0000000,0,0,0,0
756405773249708 D 2576,1817598339,1000,1547,1547,2.3730683,0.00000,-1,-1,-1,0,0,0,136,1,1,0,0.0000000,0.0000000,0.0000000,0,0,0,0
756405774239875 D 2577,1817599339,1000,1547,1547,2.3730683,0.00000,-1,-1,-1,0,0,0,136,1,1,0,0.0000000,0.0000000,0.0000000,0,0,0,0
756405775223375 D 2578,1817600339,1000,1547,1547,2.3730683,0.00000,-1,-1,-1,0,0,0,136,1,1,0,0.0000000,0.0000000,0.0000000,0,0,0,0
756405776226958 D 2579,1817601339,1000,1547,1547,2.3730683,0.00000,-1,-1,-1,0,0,0,136,1,1,0,0.0000000,0.0000000,0.0000000,0,0,0,0
756405777672041 D 2580,1817602339,1000,1547,1547,2.3730683,0.00000,39,126,2064,0,0,0,136,1,1,0,0.0000000,0.0000000,0.0000000,0,0,0,0
756405778306333 D 2581,1817603339,1000,1547,1547,2.3730683,0.00000,-1,-1,-1,0,0,0,136,1,1,0,0.0000000,0.0000000,0.0000000,0,0,0,0
756405779218166 D 2582,1817604339,1000,1547,1547,2.3730683,0.00000,-1,-1,-1,0,0,0,136,1,1,0,0.0000000,0.0000000,0.0000000,0,0,0,0
756405780226250 D 2583,1817605339,1000,1547,1547,2.3730683,0.00000,-1,-1,-1,0,0,0,136,1,1,0,0.0000000,0.0000000,0.0000000,0,0,0,0
756405781224083 D 2584,1817606339,1000,1547,1547,2.3730683,0.00000,-1,-1,-1,0,0,0,136,1,1,0,0.0000000,0.0000000,0.0000000,0,0,0,0
756405782457208 D 2585,1817607339,1000,1547,1547,2.3730683,0.00000,-1,-1,-1,0,0,0,136,1,1,0,0.0000000,0.0000000,0.0000000,0,0,0,0
756405783436041 D 2586,1817608339,1000,1547,1547,2.3730683,0.00000,-1,-1,-1,0,0,0,136,1,1,0,0.0000000,0.0000000,0.0000000,0,0,0,0
756405784389416 D 2587,1817609339,1000,1547,1547,2.3730683,0.00000,-1,-1,-1,0,0,0,136,1,1,0,0.0000000,0.0000000,0.0000000,0,0,0,0
756405785221041 D 2588,1817610339,1000,1547,1547,2.3730683,0.00000,-1,-1,-1,0,0,0,136,1,1,0,0.0000000,0.0000000,0.0000000,0,0,0,0
756405786226000 D 2589,1817611339,1000,1547,1547,2.3730683,0.00000,-1,-1,-1,0,0,0,136,1,1,0,0.0000000,0.0000000,0.0000000,0,0,0,0
756405787234583 D 2590,1817612339,1000,1547,1547,2.3730683,0.00000,-1,-1,-1,0,0,0,136,1,1,0,0.0000000,0.0000000,0.0000000,0,0,0,0
756405788226333 D 2591,1817613339,1000,1547,1547,2.3730683,0.00000,-1,-1,-1,0,0,0,136,1,1,0,0.0000000,0.0000000,0.0000000,0,0,0,0
756405789231500 D 2592,1817614339,1000,1547,1547,2.3730683,0.00000,-1,-1,-1,0,0,0,136,1,1,0,0.0000000,0.0000000,0.0000000,0,0,0,0
756405790230666 D 2593,1817615339,1000,1547,1547,2.3730683,0.00000,-1,-1,-1,0,0,0,136,1,1,0,0.0000000,0.0000000,0.0000000,0,0,0,0
756405791229791 D 2594,1817616339,1000,1547,1547,2.3730683,0.00000,-1,-1,-1,0,0,0,136,1,1,0,0.0000000,0.0000000,0.0000000,0,0,0,0
756405792219875 D 2595,1817617339,1000,1547,1547,2.3730683,0.00000,-1,-1,-1,0,0,0,136,1,1,0,0.0000000,0.0000000,0.0000000,0,0,0,0
756405793227083 D 2596,1817618339,1000,1547,1547,2.3730683,0.00000,-1,-1,-1,0,0,0,136,1,1,0,0.0000000,0.0000000,0.0000000,0,0,0,0
756405794230333 D 2597,1817619339,1000,1547,1547,2.3730683,0.00000,-1,-1,-1,0,0,0,136,1,1,0,0.0000000,0.0000000,0.0000000,0,0,0,0
756405795223625 D 2598,1817620339,1000,1547,1547,2.3730683,0.00000,-1,-1,-1,0,0,0,136,1,1,0,0.0000000,0.0000000,0.0000000,0,0,0,0
756405796233541 D 2599,1817621339,1000,1547,1547,2.3730683,0.00000,-1,-1,-1,0,0,0,136,1,1,0,0.0000000,0.0000000,0.0000000,0,0,0,0
756405797236875 D 2600,1817622339,1000,1547,1547,2.3730683,0.00000,-1,-1,-1,0,0,0,136,1,1,0,0.0000000,0.0000000,0.0000000,0,0,0,0
756405798220833 D 2601,1817623339,1000,1547,1547,2.3730683,0.00000,-1,-1,-1,0,0,0,136,1,1,0,0.0000000,0.0000000,0.0000000,0,0,0,0
756405799219375 D 2602,1817624339,1000,1547,1547,2.3730683,0.00000,-1,-1,-1,0,0,0,136,1,1,0,0.0000000,0.0000000,0.0000000,0,0,0,0
756405800215250 D 2603,1817625339,1000,1547,1547,2.3730683,0.00000,-1,-1,-1,0,0,0,136,1,1,0,0.0000000,0.0000000,0.0000000,0,0,0,0
756405801203208 D 2604,1817626339,1000,1547,1547,2.3730683,0.00000,-1,-1,-1,0,0,0,136,1,1,0,0.0000000,0.0000000,0.0000000,0,0,0,0
756405803430500 D 2605,1817627339,1000,1547,1547,2.3730683,0.00000,-1,-1,-1,0,0,0,136,1,1,0,0.0000000,0.0000000,0.0000000,0,0,0,0
756405804114208 D 2606,1817628339,1000,1547,1547,2.3730683,0.00000,-1,-1,-1,0,0,0,136,1,1,0,0.0000000,0.0000000,0.0000000,0,0,0,0
756405804784166 D 2607,1817629339,1000,1547,1547,2.3730683,0.00000,-1,-1,-1,0,0,0,136,1,1,0,0.0000000,0.0000000,0.0000000,0,0,0,0
756405805410625 D 2608,1817630339,1000,1547,1547,2.3730683,0.00000,-1,-1,-1,0,0,0,136,1,1,0,0.0000000,0.0000000,0.0000000,0,0,0,0
756405806279000 D 2609,1817631339,1000,1547,1547,2.3730683,0.00000,-1,-1,-1,0,0,0,136,1,1,0,0.0000000,0.0000000,0.0000000,0,0,0,0
756405807273000 D 2610,1817632339,1000,1547,1547,2.3730683,0.00000,-1,-1,-1,0,0,0,136,1,1,0,0.0000000,0.0000000,0.0000000,0,0,0,0
756405808236291 D 2611,1817633339,1000,1547,1547,2.3730683,0.00000,-1,-1,-1,0,0,0,136,1,1,0,0.0000000,0.0000000,0.0000000,0,0,0,0
756405809290583 D 2612,1817634339,1000,1547,1547,2.3730683,0.00000,-1,-1,-1,0,0,0,136,1,1,0,0.0000000,0.0000000,0.0000000,0,0,0,0
756405810271625 D 2613,1817635339,1000,1547,1547,2.3730683,0.00000,-1,-1,-1,0,0,0,136,1,1,0,0.0000000,0.0000000,0.0000000,0,0,0,0
756405811268916 D 2614,1817636339,1000,1547,1547,2.3730683,0.00000,-1,-1,-1,0,0,0,136,1,1,0,0.0000000,0.0000000,0.0000000,0,0,0,0
756405812265666 D 2615,1817637339,1000,1547,1547,2.3730683,0.00000,-1,-1,-1,0,0,0,136,1,1,0,0.0000000,0.0000000,0.0000000,0,0,0,0
756405813237791 D 2616,1817638339,1000,1547,1547,2.3730683,0.00000,-1,-1,-1,0,0,0,136,1,1,0,0.0000000,0.0000000,0.0000000,0,0,0,0
756405814240833 D 2617,1817639339,1000,1547,1547,2.3730683,0.00000,-1,-1,-1,0,0,0,136,1,1,0,0.0000000,0.0000000,0.0000000,0,0,0,0
756405815228208 D 2618,1817640339,1000,1547,1547,2.3730683,0.00000,-1,-1,-1,0,0,0,136,1,1,0,0.0000000,0.0000000,0.0000000,0,0,0,0
756405816225291 D 2619,1817641339,1000,1547,1547,2.3730683,0.00000,-1,-1,-1,0,0,0,136,1,1,0,0.0000000,0.0000000,0.0000000,0,0,0,0
756405817226791 D 2620,1817642339,1000,1547,1547,2.3730683,0.00000,-1,-1,-1,0,0,0,136,1,1,0,0.0000000,0.0000000,0.0000000,0,0,0,0
756405818260833 D 2621,1817643339,1000,1547,1547,2.3730683,0.00000,-1,-1,-1,0,0,0,136,1,1,0,0.0000000,0.0000000,0.0000000,0,0,0,0
756405819246125 D 2622,1817644339,1000,1547,1547,2.3730683,0.00000,-1,-1,-1,0,0,0,136,1,1,0,0.0000000,0.0000000,0.0000000,0,0,0,0
756405820241666 D 2623,1817645339,1000,1547,1547,2.3730683,0.00000,-1,-1,-1,0,0,0,136,1,1,0,0.0000000,0.0000000,0.0000000,0,0,0,0
756405821241583 D 2624,1817646339,1000,1547,1547,2.3730683,0.00000,-1,-1,-1,0,0,0,136,1,1,0,0.0000000,0.0000000,0.0000000,0,0,0,0
756405822250708 D 2625,1817647339,1000,1547,1547,2.3730683,0.00000,-1,-1,-1,0,0,0,136,1,1,0,0.0000000,0.0000000,0.0000000,0,0,0,0
756405823242833 D 2626,1817648339,1000,1547,1547,2.3730683,0.00000,-1,-1,-1,0,0,0,136,1,1,0,0.0000000,0.0000000,0.0000000,0,0,0,0
756405824262250 D 2627,1817649339,1000,1547,1547,2.3730683,0.00000,-1,-1,-1,0,0,0,136,1,1,0,0.0000000,0.0000000,0.0000000,0,0,0,0
756405825240208 D 2628,1817650339,1000,1547,1547,2.3730683,0.00000,-1,-1,-1,0,0,0,136,1,1,0,0.0000000,0.0000000,0.0000000,0,0,0,0
756405826248375 D 2629,1817651339,1000,1547,1547,2.3730683,0.00000,-1,-1,-1,0,0,0,136,1,1,0,0.0000000,0.0000000,0.0000000,0,0,0,0
756405827716166 D 2630,1817652339,1000,1547,1547,2.3730683,0.00000,39,126,2064,0,0,0,136,1,1,0,0.0000000,0.0000000,0.0000000,0,0,0,0
756405828344666 D 2631,1817653339,1000,1547,1547,2.3730683,0.00000,-1,-1,-1,0,0,0,136,1,1,0,0.0000000,0.0000000,0.0000000,0,0,0,0
756405829251916 D 2632,1817654339,1000,1547,1547,2.3730683,0.00000,-1,-1,-1,0,0,0,136,1,1,0,0.0000000,0.0000000,0.0000000,0,0,0,0
756405830243958 D 2633,1817655339,1000,1547,1547,2.3730683,0.00000,-1,-1,-1,0,0,0,136,1,1,0,0.0000000,0.0000000,0.0000000,0,0,0,0
756405831235625 D 2634,1817656339,1000,1547,1547,2.3730683,0.00000,-1,-1,-1,0,0,0,136,1,1,0,0.0000000,0.0000000,0.0000000,0,0,0,0
756405832216291 D 2635,1817657339,1000,1547,1547,2.3730683,0.00000,-1,-1,-1,0,0,0,136,1,1,0,0.0000000,0.0000000,0.0000000,0,0,0,0
756405833243083 D 2636,1817658339,1000,1547,1547,2.3730683,0.00000,-1,-1,-1,0,0,0,136,1,1,0,0.0000000,0.0000000,0.0000000,0,0,0,0
756405834227000 D 2637,1817659339,1000,1547,1547,2.3730683,0.00000,-1,-1,-1,0,0,0,136,1,1,0,0.0000000,0.0000000,0.0000000,0,0,0,0
756405835234583 D 2638,1817660339,1000,1547,1547,2.3730683,0.00000,-1,-1,-1,0,0,0,136,1,1,0,0.0000000,0.0000000,0.0000000,0,0,0,0
756405836218916 D 2639,1817661339,1000,1547,1547,2.3730683,0.00000,-1,-1,-1,0,0,0,136,1,1,0,0.0000000,0.0000000,0.0000000,0,0,0,0
756405837226875 D 2640,1817662339,1000,1547,1547,2.3730683,0.00000,-1,-1,-1,0,0,0,136,1,1,0,0.0000000,0.0000000,0.0000000,0,0,0,0
756405838223541 D 2641,1817663339,1000,1547,1547,2.3730683,0.00000,-1,-1,-1,0,0,0,136,1,1,0,0.0000000,0.0000000,0.0000000,0,0,0,0
756405839450416 D 2642,1817664339,1000,1547,1547,2.3730683,0.00000,-1,-1,-1,0,0,0,136,1,1,0,0.0000000,0.0000000,0.0000000,0,0,0,0
756405840457708 D 2643,1817665339,1000,1547,1547,2.3730683,0.00000,-1,-1,-1,0,0,0,136,1,1,0,0.0000000,0.0000000,0.0000000,0,0,0,0
756405841452250 D 2644,1817666339,1000,1547,1547,2.3730683,0.00000,-1,-1,-1,0,0,0,136,1,1,0,0.0000000,0.0000000,0.0000000,0,0,0,0
756405842223833 D 2645,1817667339,1000,1547,1547,2.3730683,0.00000,-1,-1,-1,0,0,0,136,1,1,0,0.0000000,0.0000000,0.0000000,0,0,0,0
756405843229833 D 2646,1817668339,1000,1547,1547,2.3730683,0.00000,-1,-1,-1,0,0,0,136,1,1,0,0.0000000,0.0000000,0.0000000,0,0,0,0
756405844227708 D 2647,1817669339,1000,1547,1547,2.3730683,0.00000,-1,-1,-1,0,0,0,136,1,1,0,0.0000000,0.0000000,0.0000000,0,0,0,0
756405845218541 D 2648,1817670339,1000,1547,1547,2.3730683,0.00000,-1,-1,-1,0,0,0,136,1,1,0,0.0000000,0.0000000,0.0000000,0,0,0,0
756405846262166 D 2649,1817671339,1000,1547,1547,2.3730683,0.00000,-1,-1,-1,0,0,0,136,1,1,0,0.0000000,0.0000000,0.0000000,0,0,0,0
756405847244250 D 2650,1817672339,1000,1547,1547,2.3730683,0.00000,-1,-1,-1,0,0,0,136,1,1,0,0.0000000,0.0000000,0.0000000,0,0,0,0
756405848369791 D 2651,1817673339,1000,1547,1547,2.3730683,0.00000,-1,-1,-1,0,0,0,136,1,1,0,0.0000000,0.0000000,0.0000000,0,0,0,0
756405849347083 D 2652,1817674339,1000,1547,1547,2.3730683,0.00000,-1,-1,-1,0,0,0,136,1,1,0,0.0000000,0.0000000,0.0000000,0,0,0,0
756405850289500 D 2653,1817675339,1000,1547,1547,2.3730683,0.00000,-1,-1,-1,0,0,0,136,1,1,0,0.0000000,0.0000000,0.0000000,0,0,0,0
756405851309458 D 2654,1817676339,1000,1547,1547,2.3730683,0.00000,-1,-1,-1,0,0,0,136,1,1,0,0.0000000,0.0000000,0.0000000,0,0,0,0
756405852250791 D 2655,1817677339,1000,1547,1547,2.3730683,0.00000,-1,-1,-1,0,0,0,136,1,1,0,0.0000000,0.0000000,0.0000000,0,0,0,0
756405853246541 D 2656,1817678339,1000,1547,1547,2.3730683,0.00000,-1,-1,-1,0,0,0,136,1,1,0,0.0000000,0.0000000,0.0000000,0,0,0,0
756405854249125 D 2657,1817679339,1000,1547,1547,2.3730683,0.00000,-1,-1,-1,0,0,0,136,1,1,0,0.0000000,0.0000000,0.0000000,0,0,0,0
756405855230958 D 2658,1817680339,1000,1547,1547,2.3730683,0.00000,-1,-1,-1,0,0,0,136,1,1,0,0.0000000,0.0000000,0.0000000,0,0,0,0
756405856241833 D 2659,1817681339,1000,1547,1547,2.3730683,0.00000,-1,-1,-1,0,0,0,136,1,1,0,0.0000000,0.0000000,0.0000000,0,0,0,0
756405857227916 D 2660,1817682339,1000,1547,1547,2.3730683,0.00000,-1,-1,-1,0,0,0,136,1,1,0,0.0000000,0.0000000,0.0000000,0,0,0,0
756405858240250 D 2661,1817683339,1000,1547,1547,2.3730683,0.00000,-1,-1,-1,0,0,0,136,1,1,0,0.0000000,0.0000000,0.0000000,0,0,0,0
756405859250041 D 2662,1817684339,1000,1547,1547,2.3730683,0.00000,-1,-1,-1,0,0,0,136,1,1,0,0.0000000,0.0000000,0.0000000,0,0,0,0
756405860236166 D 2663,1817685339,1000,1547,1547,2.3730683,0.00000,-1,-1,-1,0,0,0,136,1,1,0,0.0000000,0.0000000,0.0000000,0,0,0,0
756405861230916 D 2664,1817686339,1000,1547,1547,2.3730683,0.00000,-1,-1,-1,0,0,0,136,1,1,0,0.0000000,0.0000000,0.0000000,0,0,0,0
756405862240041 D 2665,1817687339,1000,1547,1547,2.3730683,0.00000,-1,-1,-1,0,0,0,136,1,1,0,0.0000000,0.0000000,0.0000000,0,0,0,0
756405863298541 D 2666,1817688339,1000,1547,1547,2.3730683,0.00000,-1,-1,-1,0,0,0,136,1,1,0,0.0000000,0.0000000,0.0000000,0,0,0,0
756405864237333 D 2667,1817689339,1000,1547,1547,2.3730683,0.00000,-1,-1,-1,0,0,0,136,1,1,0,0.0000000,0.0000000,0.0000000,0,0,0,0
756405865271375 D 2668,1817690339,1000,1547,1547,2.3730683,0.00000,-1,-1,-1,0,0,0,136,1,1,0,0.0000000,0.0000000,0.0000000,0,0,0,0
756405866252500 D 2669,1817691339,1000,1547,1547,2.3730683,0.00000,-1,-1,-1,0,0,0,136,1,1,0,0.0000000,0.0000000,0.0000000,0,0,0,0
756405867247083 D 2670,1817692339,1000,1547,1547,2.3730683,0.00000,-1,-1,-1,0,0,0,136,1,1,0,0.0000000,0.0000000,0.0000000,0,0,0,0
756405868249916 D 2671,1817693339,1000,1547,1547,2.3730683,0.00000,-1,-1,-1,0,0,0,136,1,1,0,0.0000000,0.0000000,0.0000000,0,0,0,0
756405869231750 D 2672,1817694339,1000,1547,1547,2.3730683,0.00000,-1,-1,-1,0,0,0,136,1,1,0,0.0000000,0.0000000,0.0000000,0,0,0,0
756405870229791 D 2673,1817695339,1000,1547,1547,2.3730683,0.00000,-1,-1,-1,0,0,0,136,1,1,0,0.0000000,0.0000000,0.0000000,0,0,0,0
756405871235291 D 2674,1817696339,1000,1547,1547,2.3730683,0.00000,-1,-1,-1,0,0,0,136,1,1,0,0.0000000,0.0000000,0.0000000,0,0,0,0
756405872221500 D 2675,1817697339,1000,1547,1547,2.3730683,0.00000,-1,-1,-1,0,0,0,136,1,1,0,0.0000000,0.0000000,0.0000000,0,0,0,0
756405873453625 D 2676,1817698339,1000,1547,1547,2.3730683,0.00000,-1,-1,-1,0,0,0,136,1,1,0,0.0000000,0.0000000,0.0000000,0,0,0,0
756405874456208 D 2677,1817699339,1000,1547,1547,2.3730683,0.00000,-1,-1,-1,0,0,0,136,1,1,0,0.0000000,0.0000000,0.0000000,0,0,0,0
756405875323041 D 2678,1817700339,1000,1547,1547,2.3730683,0.00000,-1,-1,-1,0,0,0,136,1,1,0,0.0000000,0.0000000,0.0000000,0,0,0,0
756405876223708 D 2679,1817701339,1000,1547,1547,2.3730683,0.00000,-1,-1,-1,0,0,0,136,1,1,0,0.0000000,0.0000000,0.0000000,0,0,0,0
756405877588666 D 2680,1817702339,1000,1547,1547,2.3730683,0.00000,39,126,2065,0,0,0,136,1,1,0,0.0000000,0.0000000,0.0000000,0,0,0,0
756405878211458 D 2681,1817703339,1000,1547,1547,2.3730683,0.00000,-1,-1,-1,0,0,0,136,1,1,0,0.0000000,0.0000000,0.0000000,0,0,0,0
756405879216666 D 2682,1817704339,1000,1547,1547,2.3730683,0.00000,-1,-1,-1,0,0,0,136,1,1,0,0.0000000,0.0000000,0.0000000,0,0,0,0
756405880220583 D 2683,1817705339,1000,1547,1547,2.3730683,0.00000,-1,-1,-1,0,0,0,136,1,1,0,0.0000000,0.0000000,0.0000000,0,0,0,0
756405881262875 D 2684,1817706339,1000,1547,1547,2.3730683,0.00000,-1,-1,-1,0,0,0,136,1,1,0,0.0000000,0.0000000,0.0000000,0,0,0,0
756405882224583 D 2685,1817707339,1000,1547,1547,2.3730683,0.00000,-1,-1,-1,0,0,0,136,1,1,0,0.0000000,0.0000000,0.0000000,0,0,0,0
756405883227958 D 2686,1817708339,1000,1547,1547,2.3730683,0.00000,-1,-1,-1,0,0,0,136,1,1,0,0.0000000,0.0000000,0.0000000,0,0,0,0
756405884234083 D 2687,1817709339,1000,1547,1547,2.3730683,0.00000,-1,-1,-1,0,0,0,136,1,1,0,0.0000000,0.0000000,0.0000000,0,0,0,0
756405885220958 D 2688,1817710339,1000,1547,1547,2.3730683,0.00000,-1,-1,-1,0,0,0,136,1,1,0,0.0000000,0.0000000,0.0000000,0,0,0,0
756405886219916 D 2689,1817711339,1000,1547,1547,2.3730683,0.00000,-1,-1,-1,0,0,0,136,1,1,0,0.0000000,0.0000000,0.0000000,0,0,0,0
756405887274375 D 2690,1817712339,1000,1547,1547,2.3730683,0.00000,-1,-1,-1,0,0,0,136,1,1,0,0.0000000,0.0000000,0.0000000,0,0,0,0
756405888257500 D 2691,1817713339,1000,1547,1547,2.3730683,0.00000,-1,-1,-1,0,0,0,136,1,1,0,0.0000000,0.0000000,0.0000000,0,0,0,0
756405889234041 D 2692,1817714339,1000,1547,1547,2.3730683,0.00000,-1,-1,-1,0,0,0,136,1,1,0,0.0000000,0.0000000,0.0000000,0,0,0,0
756405890252375 D 2693,1817715339,1000,1547,1547,2.3730683,0.00000,-1,-1,-1,0,0,0,136,1,1,0,0.0000000,0.0000000,0.0000000,0,0,0,0
756405891237791 D 2694,1817716339,1000,1547,1547,2.3730683,0.00000,-1,-1,-1,0,0,0,136,1,1,0,0.0000000,0.0000000,0.0000000,0,0,0,0
756405892240458 D 2695,1817717339,1000,1547,1547,2.3730683,0.00000,-1,-1,-1,0,0,0,136,1,1,0,0.0000000,0.0000000,0.0000000,0,0,0,0
756405893241958 D 2696,1817718339,1000,1547,1547,2.3730683,0.00000,-1,-1,-1,0,0,0,136,1,1,0,0.0000000,0.0000000,0.0000000,0,0,0,0
756405894245166 D 2697,1817719339,1000,1547,1547,2.3730683,0.00000,-1,-1,-1,0,0,0,136,1,1,0,0.0000000,0.0000000,0.0000000,0,0,0,0
756405895287500 D 2698,1817720339,1000,1547,1547,2.3730683,0.00000,-1,-1,-1,0,0,0,136,1,1,0,0.0000000,0.0000000,0.0000000,0,0,0,0
756405896287916 D 2699,1817721339,1000,1547,1547,2.3730683,0.00000,-1,-1,-1,0,0,0,136,1,1,0,0.0000000,0.0000000,0.0000000,0,0,0,0
756405897257333 D 2700,1817722339,1000,1547,1547,2.3730683,0.00000,-1,-1,-1,0,0,0,136,1,1,0,0.0000000,0.0000000,0.0000000,0,0,0,0
756405898246500 D 2701,1817723339,1000,1547,1547,2.3730683,0.00000,-1,-1,-1,0,0,0,136,1,1,0,0.0000000,0.0000000,0.0000000,0,0,0,0
756405899239208 D 2702,1817724339,1000,1547,1547,2.3730683,0.00000,-1,-1,-1,0,0,0,136,1,1,0,0.0000000,0.0000000,0.0000000,0,0,0,0
756405900465041 D 2703,1817725339,1000,1547,1547,2.3730683,0.00000,-1,-1,-1,0,0,0,136,1,1,0,0.0000000,0.0000000,0.0000000,0,0,0,0
756405901451958 D 2704,1817726339,1000,1547,1547,2.3730683,0.00000,-1,-1,-1,0,0,0,136,1,1,0,0.0000000,0.0000000,0.0000000,0,0,0,0
756405902453041 D 2705,1817727339,1000,1547,1547,2.3730683,0.00000,-1,-1,-1,0,0,0,136,1,1,0,0.0000000,0.0000000,0.0000000,0,0,0,0
756405903244583 D 2706,1817728339,1000,1547,1547,2.3730683,0.00000,-1,-1,-1,0,0,0,136,1,1,0,0.0000000,0.0000000,0.0000000,0,0,0,0
756405904225291 D 2707,1817729339,1000,1547,1547,2.3730683,0.00000,-1,-1,-1,0,0,0,136,1,1,0,0.0000000,0.0000000,0.0000000,0,0,0,0
756405905211541 D 2708,1817730339,1000,1547,1547,2.3730683,0.00000,-1,-1,-1,0,0,0,136,1,1,0,0.0000000,0.0000000,0.0000000,0,0,0,0
756405906231208 D 2709,1817731339,1000,1547,1547,2.3730683,0.00000,-1,-1,-1,0,0,0,136,1,1,0,0.0000000,0.0000000,0.0000000,0,0,0,0
756405907212791 D 2710,1817732339,1000,1547,1547,2.3730683,0.00000,-1,-1,-1,0,0,0,136,1,1,0,0.0000000,0.0000000,0.0000000,0,0,0,0
756405908218541 D 2711,1817733339,1000,1547,1547,2.3730683,0.00000,-1,-1,-1,0,0,0,136,1,1,0,0.0000000,0.0000000,0.0000000,0,0,0,0
756405909209083 D 2712,1817734339,1000,1547,1547,2.3730683,0.00000,-1,-1,-1,0,0,0,136,1,1,0,0.0000000,0.0000000,0.0000000,0,0,0,0
756405910231000 D 2713,1817735339,1000,1547,1547,2.3730683,0.00000,-1,-1,-1,0,0,0,136,1,1,0,0.0000000,0.0000000,0.0000000,0,0,0,0
756405911220500 D 2714,1817736339,1000,1547,1547,2.3730683,0.00000,-1,-1,-1,0,0,0,136,1,1,0,0.0000000,0.0000000,0.0000000,0,0,0,0
756405912267125 D 2715,1817737339,1000,1547,1547,2.3730683,0.00000,-1,-1,-1,0,0,0,136,1,1,0,0.0000000,0.0000000,0.0000000,0,0,0,0
756405913268291 D 2716,1817738339,1000,1547,1547,2.3730683,0.00000,-1,-1,-1,0,0,0,136,1,1,0,0.0000000,0.0000000,0.0000000,0,0,0,0
756405914239041 D 2717,1817739339,1000,1547,1547,2.3730683,0.00000,-1,-1,-1,0,0,0,136,1,1,0,0.0000000,0.0000000,0.0000000,0,0,0,0
756405915241791 D 2718,1817740339,1000,1547,1547,2.3730683,0.00000,-1,-1,-1,0,0,0,136,1,1,0,0.0000000,0.0000000,0.0000000,0,0,0,0
756405916223375 D 2719,1817741339,1000,1547,1547,2.3730683,0.00000,-1,-1,-1,0,0,0,136,1,1,0,0.0000000,0.0000000,0.0000000,0,0,0,0
756405917235791 D 2720,1817742339,1000,1547,1547,2.3730683,0.00000,-1,-1,-1,0,0,0,136,1,1,0,0.0000000,0.0000000,0.0000000,0,0,0,0
756405918232958 D 2721,1817743339,1000,1547,1547,2.3730683,0.00000,-1,-1,-1,0,0,0,136,1,1,0,0.0000000,0.0000000,0.0000000,0,0,0,0
756405919216708 D 2722,1817744339,1000,1547,1547,2.3730683,0.00000,-1,-1,-1,0,0,0,136,1,1,0,0.0000000,0.0000000,0.0000000,0,0,0,0
756405920225041 D 2723,1817745339,1000,1547,1547,2.3730683,0.00000,-1,-1,-1,0,0,0,136,1,1,0,0.0000000,0.0000000,0.0000000,0,0,0,0
756405921242458 D 2724,1817746339,1000,1547,1547,2.3730683,0.00000,-1,-1,-1,0,0,0,136,1,1,0,0.0000000,0.0000000,0.0000000,0,0,0,0
756405922214500 D 2725,1817747339,1000,1547,1547,2.3730683,0.00000,-1,-1,-1,0,0,0,136,1,1,0,0.0000000,0.0000000,0.0000000,0,0,0,0
756405923225583 D 2726,1817748339,1000,1547,1547,2.3730683,0.00000,-1,-1,-1,0,0,0,136,1,1,0,0.0000000,0.0000000,0.0000000,0,0,0,0
756405924222125 D 2727,1817749339,1000,1547,1547,2.3730683,0.00000,-1,-1,-1,0,0,0,136,1,1,0,0.0000000,0.0000000,0.0000000,0,0,0,0
756405925211583 D 2728,1817750339,1000,1547,1547,2.3730683,0.00000,-1,-1,-1,0,0,0,136,1,1,0,0.0000000,0.0000000,0.0000000,0,0,0,0
756405926238791 D 2729,1817751339,1000,1547,1547,2.3730683,0.00000,-1,-1,-1,0,0,0,136,1,1,0,0.0000000,0.0000000,0.0000000,0,0,0,0
756405927687208 D 2730,1817752339,1000,1547,1547,2.3730683,0.00000,39,126,2063,0,0,0,136,1,1,0,0.0000000,0.0000000,0.0000000,0,0,0,0
756405928315333 D 2731,1817753339,1000,1547,1547,2.3730683,0.00000,-1,-1,-1,0,0,0,136,1,1,0,0.0000000,0.0000000,0.0000000,0,0,0,0
756405929240166 D 2732,1817754339,1000,1547,1547,2.3730683,0.00000,-1,-1,-1,0,0,0,136,1,1,0,0.0000000,0.0000000,0.0000000,0,0,0,0
756405930235791 D 2733,1817755339,1000,1547,1547,2.3730683,0.00000,-1,-1,-1,0,0,0,136,1,1,0,0.0000000,0.0000000,0.0000000,0,0,0,0
756405931215791 D 2734,1817756339,1000,1547,1547,2.3730683,0.00000,-1,-1,-1,0,0,0,136,1,1,0,0.0000000,0.0000000,0.0000000,0,0,0,0
756405932229875 D 2735,1817757339,1000,1547,1547,2.3730683,0.00000,-1,-1,-1,0,0,0,136,1,1,0,0.0000000,0.0000000,0.0000000,0,0,0,0
756405933218875 D 2736,1817758339,1000,1547,1547,2.3730683,0.00000,-1,-1,-1,0,0,0,136,1,1,0,0.0000000,0.0000000,0.0000000,0,0,0,0
756405934461416 D 2737,1817759339,1000,1547,1547,2.3730683,0.00000,-1,-1,-1,0,0,0,136,1,1,0,0.0000000,0.0000000,0.0000000,0,0,0,0
756405935527916 D 2738,1817760339,1000,1547,1547,2.3730683,0.00000,-1,-1,-1,0,0,0,136,1,1,0,0.0000000,0.0000000,0.0000000,0,0,0,0
756405936424833 D 2739,1817761339,1000,1547,1547,2.3730683,0.00000,-1,-1,-1,0,0,0,136,1,1,0,0.0000000,0.0000000,0.0000000,0,0,0,0
756405937217708 D 2740,1817762339,1000,1547,1547,2.3730683,0.00000,-1,-1,-1,0,0,0,136,1,1,0,0.0000000,0.0000000,0.0000000,0,0,0,0
756405938223083 D 2741,1817763339,1000,1547,1547,2.3730683,0.00000,-1,-1,-1,0,0,0,136,1,1,0,0.0000000,0.0000000,0.0000000,0,0,0,0
756405939220708 D 2742,1817764339,1000,1547,1547,2.3730683,0.00000,-1,-1,-1,0,0,0,136,1,1,0,0.0000000,0.0000000,0.0000000,0,0,0,0
756405940218750 D 2743,1817765339,1000,1547,1547,2.3730683,0.00000,-1,-1,-1,0,0,0,136,1,1,0,0.0000000,0.0000000,0.0000000,0,0,0,0
756405941214333 D 2744,1817766339,1000,1547,1547,2.3730683,0.00000,-1,-1,-1,0,0,0,136,1,1,0,0.0000000,0.0000000,0.0000000,0,0,0,0
756405942214583 D 2745,1817767339,1000,1547,1547,2.3730683,0.00000,-1,-1,-1,0,0,0,136,1,1,0,0.0000000,0.0000000,0.0000000,0,0,0,0
756405943221000 D 2746,1817768339,1000,1547,1547,2.3730683,0.00000,-1,-1,-1,0,0,0,136,1,1,0,0.0000000,0.0000000,0.0000000,0,0,0,0
756405944237625 D 2747,1817769339,1000,1547,1547,2.3730683,0.00000,-1,-1,-1,0,0,0,136,1,1,0,0.0000000,0.0000000,0.0000000,0,0,0,0
756405945217291 D 2748,1817770339,1000,1547,1547,2.3730683,0.00000,-1,-1,-1,0,0,0,136,1,1,0,0.0000000,0.0000000,0.0000000,0,0,0,0
756405946255375 D 2749,1817771339,1000,1547,1547,2.3730683,0.00000,-1,-1,-1,0,0,0,136,1,1,0,0.0000000,0.0000000,0.0000000,0,0,0,0
756405947218166 D 2750,1817772339,1000,1547,1547,2.3730683,0.00000,-1,-1,-1,0,0,0,136,1,1,0,0.0000000,0.0000000,0.0000000,0,0,0,0
756405948232833 D 2751,1817773339,1000,1547,1547,2.3730683,0.00000,-1,-1,-1,0,0,0,136,1,1,0,0.0000000,0.0000000,0.0000000,0,0,0,0
756405949292083 D 2752,1817774339,1000,1547,1547,2.3730683,0.00000,-1,-1,-1,0,0,0,136,1,1,0,0.0000000,0.0000000,0.0000000,0,0,0,0
756405950280375 D 2753,1817775339,1000,1547,1547,2.3730683,0.00000,-1,-1,-1,0,0,0,136,1,1,0,0.0000000,0.0000000,0.0000000,0,0,0,0
756405951246333 D 2754,1817776339,1000,1547,1547,2.3730683,0.00000,-1,-1,-1,0,0,0,136,1,1,0,0.0000000,0.0000000,0.0000000,0,0,0,0
756405952242250 D 2755,1817777339,1000,1547,1547,2.3730683,0.00000,-1,-1,-1,0,0,0,136,1,1,0,0.0000000,0.0000000,0.0000000,0,0,0,0
756405953245166 D 2756,1817778339,1000,1547,1547,2.3730683,0.00000,-1,-1,-1,0,0,0,136,1,1,0,0.0000000,0.0000000,0.0000000,0,0,0,0
756405954237708 D 2757,1817779339,1000,1547,1547,2.3730683,0.00000,-1,-1,-1,0,0,0,136,1,1,0,0.0000000,0.0000000,0.0000000,0,0,0,0
756405955251750 D 2758,1817780339,1000,1547,1547,2.3730683,0.00000,-1,-1,-1,0,0,0,136,1,1,0,0.0000000,0.0000000,0.0000000,0,0,0,0
756405956312458 D 2759,1817781339,1000,1547,1547,2.3730683,0.00000,-1,-1,-1,0,0,0,136,1,1,0,0.0000000,0.0000000,0.0000000,0,0,0,0
756405957251375 D 2760,1817782339,1000,1547,1547,2.3730683,0.00000,-1,-1,-1,0,0,0,136,1,1,0,0.0000000,0.0000000,0.0000000,0,0,0,0
756405958254791 D 2761,1817783339,1000,1547,1547,2.3730683,0.00000,-1,-1,-1,0,0,0,136,1,1,0,0.0000000,0.0000000,0.0000000,0,0,0,0
756405959261333 D 2762,1817784339,1000,1547,1547,2.3730683,0.00000,-1,-1,-1,0,0,0,136,1,1,0,0.0000000,0.0000000,0.0000000,0,0,0,0
756405960253041 D 2763,1817785339,1000,1547,1547,2.3730683,0.00000,-1,-1,-1,0,0,0,136,1,1,0,0.0000000,0.0000000,0.0000000,0,0,0,0
756405961264041 D 2764,1817786339,1000,1547,1547,2.3730683,0.00000,-1,-1,-1,0,0,0,136,1,1,0,0.0000000,0.0000000,0.0000000,0,0,0,0
756405962266791 D 2765,1817787339,1000,1547,1547,2.3730683,0.00000,-1,-1,-1,0,0,0,136,1,1,0,0.0000000,0.0000000,0.0000000,0,0,0,0
756405963273541 D 2766,1817788339,1000,1547,1547,2.3730683,0.00000,-1,-1,-1,0,0,0,136,1,1,0,0.0000000,0.0000000,0.0000000,0,0,0,0
756405964280666 D 2767,1817789339,1000,1547,1547,2.3730683,0.00000,-1,-1,-1,0,0,0,136,1,1,0,0.0000000,0.0000000,0.0000000,0,0,0,0
756405965493041 D 2768,1817790339,1000,1547,1547,2.3730683,0.00000,-1,-1,-1,0,0,0,136,1,1,0,0.0000000,0.0000000,0.0000000,0,0,0,0
756405966482041 D 2769,1817791339,1000,1547,1547,2.3730683,0.00000,-1,-1,-1,0,0,0,136,1,1,0,0.0000000,0.0000000,0.0000000,0,0,0,0
756405967455958 D 2770,1817792339,1000,1547,1547,2.3730683,0.00000,-1,-1,-1,0,0,0,136,1,1,0,0.0000000,0.0000000,0.0000000,0,0,0,0
756405968282291 D 2771,1817793339,1000,1547,1547,2.3730683,0.00000,-1,-1,-1,0,0,0,136,1,1,0,0.0000000,0.0000000,0.0000000,0,0,0,0
756405969237166 D 2772,1817794339,1000,1547,1547,2.3730683,0.00000,-1,-1,-1,0,0,0,136,1,1,0,0.0000000,0.0000000,0.0000000,0,0,0,0
756405970256333 D 2773,1817795339,1000,1547,1547,2.3730683,0.00000,-1,-1,-1,0,0,0,136,1,1,0,0.0000000,0.0000000,0.0000000,0,0,0,0
756405971249291 D 2774,1817796339,1000,1547,1547,2.3730683,0.00000,-1,-1,-1,0,0,0,136,1,1,0,0.0000000,0.0000000,0.0000000,0,0,0,0
756405972246875 D 2775,1817797339,1000,1547,1547,2.3730683,0.00000,-1,-1,-1,0,0,0,136,1,1,0,0.0000000,0.0000000,0.0000000,0,0,0,0
756405973325541 D 2776,1817798339,1000,1547,1547,2.3730683,0.00000,-1,-1,-1,0,0,0,136,1,1,0,0.0000000,0.0000000,0.0000000,0,0,0,0
756405974278791 D 2777,1817799339,1000,1547,1547,2.3730683,0.00000,-1,-1,-1,0,0,0,136,1,1,0,0.0000000,0.0000000,0.0000000,0,0,0,0
756405975248166 D 2778,1817800339,1000,1547,1547,2.3730683,0.00000,-1,-1,-1,0,0,0,136,1,1,0,0.0000000,0.0000000,0.0000000,0,0,0,0
756405976248541 D 2779,1817801339,1000,1547,1547,2.3730683,0.00000,-1,-1,-1,0,0,0,136,1,1,0,0.0000000,0.0000000,0.0000000,0,0,0,0
756405977620791 D 2780,1817802339,1000,1547,1547,2.3730683,0.00000,39,126,2066,0,0,0,136,1,1,0,0.0000000,0.0000000,0.0000000,0,0,0,0
756405978239708 D 2781,1817803339,1000,1547,1547,2.3730683,0.00000,-1,-1,-1,0,0,0,136,1,1,0,0.0000000,0.0000000,0.0000000,0,0,0,0
756405979230208 D 2782,1817804339,1000,1547,1547,2.3730683,0.00000,-1,-1,-1,0,0,0,136,1,1,0,0.0000000,0.0000000,0.0000000,0,0,0,0
756405980242875 D 2783,1817805339,1000,1547,1547,2.3730683,0.00000,-1,-1,-1,0,0,0,136,1,1,0,0.0000000,0.0000000,0.0000000,0,0,0,0
756405981282750 D 2784,1817806339,1000,1547,1547,2.3730683,0.00000,-1,-1,-1,0,0,0,136,1,1,0,0.0000000,0.0000000,0.0000000,0,0,0,0
756405982249083 D 2785,1817807339,1000,1547,1547,2.3730683,0.00000,-1,-1,-1,0,0,0,136,1,1,0,0.0000000,0.0000000,0.0000000,0,0,0,0
756405983235375 D 2786,1817808339,1000,1547,1547,2.3730683,0.00000,-1,-1,-1,0,0,0,136,1,1,0,0.0000000,0.0000000,0.0000000,0,0,0,0
756405984226541 D 2787,1817809339,1000,1547,1547,2.3730683,0.00000,-1,-1,-1,0,0,0,136,1,1,0,0.0000000,0.0000000,0.0000000,0,0,0,0
756405985232416 D 2788,1817810339,1000,1547,1547,2.3730683,0.00000,-1,-1,-1,0,0,0,136,1,1,0,0.0000000,0.0000000,0.0000000,0,0,0,0
756405986226833 D 2789,1817811339,1000,1547,1547,2.3730683,0.00000,-1,-1,-1,0,0,0,136,1,1,0,0.0000000,0.0000000,0.0000000,0,0,0,0
756405987259083 D 2790,1817812339,1000,1547,1547,2.3730683,0.00000,-1,-1,-1,0,0,0,136,1,1,0,0.0000000,0.0000000,0.0000000,0,0,0,0
756405988228666 D 2791,1817813339,1000,1547,1547,2.3730683,0.00000,-1,-1,-1,0,0,0,136,1,1,0,0.0000000,0.0000000,0.0000000,0,0,0,0
756405989233375 D 2792,1817814339,1000,1547,1547,2.3730683,0.00000,-1,-1,-1,0,0,0,136,1,1,0,0.0000000,0.0000000,0.0000000,0,0,0,0
756405990221500 D 2793,1817815339,1000,1547,1547,2.3730683,0.00000,-1,-1,-1,0,0,0,136,1,1,0,0.0000000,0.0000000,0.0000000,0,0,0,0
756405991247250 D 2794,1817816339,1000,1547,1547,2.3730683,0.00000,-1,-1,-1,0,0,0,136,1,1,0,0.0000000,0.0000000,0.0000000,0,0,0,0
756405992221625 D 2795,1817817339,1000,1547,1547,2.3730683,0.00000,-1,-1,-1,0,0,0,136,1,1,0,0.0000000,0.0000000,0.0000000,0,0,0,0
756405993222583 D 2796,1817818339,1000,1547,1547,2.3730683,0.00000,-1,-1,-1,0,0,0,136,1,1,0,0.0000000,0.0000000,0.0000000,0,0,0,0
756405994225250 D 2797,1817819339,1000,1547,1547,2.3730683,0.00000,-1,-1,-1,0,0,0,136,1,1,0,0.0000000,0.0000000,0.0000000,0,0,0,0
756405995464833 D 2798,1817820339,1000,1547,1547,2.3730683,0.00000,-1,-1,-1,0,0,0,136,1,1,0,0.0000000,0.0000000,0.0000000,0,0,0,0
756405996462583 D 2799,1817821339,1000,1547,1547,2.3730683,0.00000,-1,-1,-1,0,0,0,135,1,1,0,0.0000000,0.0000000,0.0000000,0,0,0,0
756405997451916 D 2800,1817822339,1000,1547,1547,2.3730683,0.00000,-1,-1,-1,0,0,0,136,1,1,0,0.0000000,0.0000000,0.0000000,0,0,0,0
756405998229750 D 2801,1817823339,1000,1547,1547,2.3730683,0.00000,-1,-1,-1,0,0,0,136,1,1,0,0.0000000,0.0000000,0.0000000,0,0,0,0
756405999253500 D 2802,1817824339,1000,1547,1547,2.3730683,0.00000,-1,-1,-1,0,0,0,136,1,1,0,0.0000000,0.0000000,0.0000000,0,0,0,0
756406000236000 D 2803,1817825339,1000,1547,1547,2.3730683,0.00000,-1,-1,-1,0,0,0,136,1,1,0,0.0000000,0.0000000,0.0000000,0,0,0,0
756406001225708 D 2804,1817826339,1000,1547,1547,2.3730683,0.00000,-1,-1,-1,0,0,0,136,1,1,0,0.0000000,0.0000000,0.0000000,0,0,0,0
756406002296458 D 2805,1817827339,1000,1547,1547,2.3730683,0.00000,-1,-1,-1,0,0,0,136,1,1,0,0.0000000,0.0000000,0.0000000,0,0,0,0
756406003337583 D 2806,1817828339,1000,1547,1547,2.3730683,0.00000,-1,-1,-1,0,0,0,136,1,1,0,0.0000000,0.0000000,0.0000000,0,0,0,0
756406004296541 D 2807,1817829339,1000,1547,1547,2.3730683,0.00000,-1,-1,-1,0,0,0,136,1,1,0,0.0000000,0.0000000,0.0000000,0,0,0,0
756406005344250 D 2808,1817830339,1000,1547,1547,2.3730683,0.00000,-1,-1,-1,0,0,0,136,1,1,0,0.0000000,0.0000000,0.0000000,0,0,0,0
756406006721041 D 2809,1817831339,1000,1547,1547,2.3730683,0.00000,-1,-1,-1,0,0,0,136,1,1,0,0.0000000,0.0000000,0.0000000,0,0,0,0
756406007463041 D 2810,1817832339,1000,1547,1547,2.3730683,0.00000,-1,-1,-1,0,0,0,136,1,1,0,0.0000000,0.0000000,0.0000000,0,0,0,0
756406008298625 D 2811,1817833339,1000,1547,1547,2.3730683,0.00000,-1,-1,-1,0,0,0,136,1,1,0,0.0000000,0.0000000,0.0000000,0,0,0,0
756406009284708 D 2812,1817834339,1000,1547,1547,2.3730683,0.00000,-1,-1,-1,0,0,0,136,1,1,0,0.0000000,0.0000000,0.0000000,0,0,0,0
756406010300333 D 2813,1817835339,1000,1547,1547,2.3730683,0.00000,-1,-1,-1,0,0,0,136,1,1,0,0.0000000,0.0000000,0.0000000,0,0,0,0
756406011323291 D 2814,1817836339,1000,1547,1547,2.3730683,0.00000,-1,-1,-1,0,0,0,136,1,1,0,0.0000000,0.0000000,0.0000000,0,0,0,0
756406012282500 D 2815,1817837339,1000,1547,1547,2.3730683,0.00000,-1,-1,-1,0,0,0,136,1,1,0,0.0000000,0.0000000,0.0000000,0,0,0,0
756406013269000 D 2816,1817838339,1000,1547,1547,2.3730683,0.00000,-1,-1,-1,0,0,0,136,1,1,0,0.0000000,0.0000000,0.0000000,0,0,0,0
756406014275750 D 2817,1817839339,1000,1547,1547,2.3730683,0.00000,-1,-1,-1,0,0,0,136,1,1,0,0.0000000,0.0000000,0.0000000,0,0,0,0
756406015274666 D 2818,1817840339,1000,1547,1547,2.3730683,0.00000,-1,-1,-1,0,0,0,136,1,1,0,0.0000000,0.0000000,0.0000000,0,0,0,0
756406016280708 D 2819,1817841339,1000,1547,1547,2.3730683,0.00000,-1,-1,-1,0,0,0,136,1,1,0,0.0000000,0.0000000,0.0000000,0,0,0,0
756406017247000 D 2820,1817842339,1000,1547,1547,2.3730683,0.00000,-1,-1,-1,0,0,0,136,1,1,0,0.0000000,0.0000000,0.0000000,0,0,0,0
756406018242833 D 2821,1817843339,1000,1547,1547,2.3730683,0.00000,-1,-1,-1,0,0,0,136,1,1,0,0.0000000,0.0000000,0.0000000,0,0,0,0
756406019246583 D 2822,1817844339,1000,1547,1547,2.3730683,0.00000,-1,-1,-1,0,0,0,136,1,1,0,0.0000000,0.0000000,0.0000000,0,0,0,0
756406020237458 D 2823,1817845339,1000,1547,1547,2.3730683,0.00000,-1,-1,-1,0,0,0,136,1,1,0,0.0000000,0.0000000,0.0000000,0,0,0,0
756406021246208 D 2824,1817846339,1000,1547,1547,2.3730683,0.00000,-1,-1,-1,0,0,0,136,1,1,0,0.0000000,0.0000000,0.0000000,0,0,0,0
756406022268708 D 2825,1817847339,1000,1547,1547,2.3730683,0.00000,-1,-1,-1,0,0,0,136,1,1,0,0.0000000,0.0000000,0.0000000,0,0,0,0
756406023247250 D 2826,1817848339,1000,1547,1547,2.3730683,0.00000,-1,-1,-1,0,0,0,136,1,1,0,0.0000000,0.0000000,0.0000000,0,0,0,0
756406024248041 D 2827,1817849339,1000,1547,1547,2.3730683,0.00000,-1,-1,-1,0,0,0,136,1,1,0,0.0000000,0.0000000,0.0000000,0,0,0,0
756406025240583 D 2828,1817850339,1000,1547,1547,2.3730683,0.00000,-1,-1,-1,0,0,0,136,1,1,0,0.0000000,0.0000000,0.0000000,0,0,0,0
756406026234875 D 2829,1817851339,1000,1547,1547,2.3730683,0.00000,-1,-1,-1,0,0,0,136,1,1,0,0.0000000,0.0000000,0.0000000,0,0,0,0
756406027615875 D 2830,1817852339,1000,1547,1547,2.3730683,0.00000,39,126,2064,0,0,0,136,1,1,0,0.0000000,0.0000000,0.0000000,0,0,0,0
756406028240000 D 2831,1817853339,1000,1547,1547,2.3730683,0.00000,-1,-1,-1,0,0,0,136,1,1,0,0.0000000,0.0000000,0.0000000,0,0,0,0
756406029248208 D 2832,1817854339,1000,1547,1547,2.3730683,0.00000,-1,-1,-1,0,0,0,136,1,1,0,0.0000000,0.0000000,0.0000000,0,0,0,0
756406030240125 D 2833,1817855339,1000,1547,1547,2.3730683,0.00000,-1,-1,-1,0,0,0,136,1,1,0,0.0000000,0.0000000,0.0000000,0,0,0,0
756406031250208 D 2834,1817856339,1000,1547,1547,2.3730683,0.00000,-1,-1,-1,0,0,0,136,1,1,0,0.0000000,0.0000000,0.0000000,0,0,0,0
756406032244041 D 2835,1817857339,1000,1547,1547,2.3730683,0.00000,-1,-1,-1,0,0,0,136,1,1,0,0.0000000,0.0000000,0.0000000,0,0,0,0
756406033237583 D 2836,1817858339,1000,1547,1547,2.3730683,0.00000,-1,-1,-1,0,0,0,136,1,1,0,0.0000000,0.0000000,0.0000000,0,0,0,0
756406034242375 D 2837,1817859339,1000,1547,1547,2.3730683,0.00000,-1,-1,-1,0,0,0,136,1,1,0,0.0000000,0.0000000,0.0000000,0,0,0,0
756406035236375 D 2838,1817860339,1000,1547,1547,2.3730683,0.00000,-1,-1,-1,0,0,0,136,1,1,0,0.0000000,0.0000000,0.0000000,0,0,0,0
756406036244416 D 2839,1817861339,1000,1547,1547,2.3730683,0.00000,-1,-1,-1,0,0,0,136,1,1,0,0.0000000,0.0000000,0.0000000,0,0,0,0
756406037247375 D 2840,1817862339,1000,1547,1547,2.3730683,0.00000,-1,-1,-1,0,0,0,136,1,1,0,0.0000000,0.0000000,0.0000000,0,0,0,0
756406038254000 D 2841,1817863339,1000,1547,1547,2.3730683,0.00000,-1,-1,-1,0,0,0,136,1,1,0,0.0000000,0.0000000,0.0000000,0,0,0,0
756406039233750 D 2842,1817864339,1000,1547,1547,2.3730683,0.00000,-1,-1,-1,0,0,0,136,1,1,0,0.0000000,0.0000000,0.0000000,0,0,0,0
756406040240458 D 2843,1817865339,1000,1547,1547,2.3730683,0.00000,-1,-1,-1,0,0,0,136,1,1,0,0.0000000,0.0000000,0.0000000,0,0,0,0
756406041234416 D 2844,1817866339,1000,1547,1547,2.3730683,0.00000,-1,-1,-1,0,0,0,136,1,1,0,0.0000000,0.0000000,0.0000000,0,0,0,0
756406042238916 D 2845,1817867339,1000,1547,1547,2.3730683,0.00000,-1,-1,-1,0,0,0,136,1,1,0,0.0000000,0.0000000,0.0000000,0,0,0,0
756406043244666 D 2846,1817868339,1000,1547,1547,2.3730683,0.00000,-1,-1,-1,0,0,0,136,1,1,0,0.0000000,0.0000000,0.0000000,0,0,0,0
756406044237125 D 2847,1817869339,1000,1547,1547,2.3730683,0.00000,-1,-1,-1,0,0,0,136,1,1,0,0.0000000,0.0000000,0.0000000,0,0,0,0
756406045236375 D 2848,1817870339,1000,1547,1547,2.3730683,0.00000,-1,-1,-1,0,0,0,136,1,1,0,0.0000000,0.0000000,0.0000000,0,0,0,0
756406046240791 D 2849,1817871339,1000,1547,1547,2.3730683,0.00000,-1,-1,-1,0,0,0,136,1,1,0,0.0000000,0.0000000,0.0000000,0,0,0,0
756406047261333 D 2850,1817872339,1000,1547,1547,2.3730683,0.00000,-1,-1,-1,0,0,0,136,1,1,0,0.0000000,0.0000000,0.0000000,0,0,0,0
756406048245250 D 2851,1817873339,1000,1547,1547,2.3730683,0.00000,-1,-1,-1,0,0,0,136,1,1,0,0.0000000,0.0000000,0.0000000,0,0,0,0
756406049261250 D 2852,1817874339,1000,1547,1547,2.3730683,0.00000,-1,-1,-1,0,0,0,136,1,1,0,0.0000000,0.0000000,0.0000000,0,0,0,0
756406050329833 D 2853,1817875339,1000,1547,1547,2.3730683,0.00000,-1,-1,-1,0,0,0,136,1,1,0,0.0000000,0.0000000,0.0000000,0,0,0,0
756406051313958 D 2854,1817876339,1000,1547,1547,2.3730683,0.00000,-1,-1,-1,0,0,0,136,1,1,0,0.0000000,0.0000000,0.0000000,0,0,0,0
756406052269250 D 2855,1817877339,1000,1547,1547,2.3730683,0.00000,-1,-1,-1,0,0,0,136,1,1,0,0.0000000,0.0000000,0.0000000,0,0,0,0
756406053285166 D 2856,1817878339,1000,1547,1547,2.3730683,0.00000,-1,-1,-1,0,0,0,136,1,1,0,0.0000000,0.0000000,0.0000000,0,0,0,0
756406054268500 D 2857,1817879339,1000,1547,1547,2.3730683,0.00000,-1,-1,-1,0,0,0,136,1,1,0,0.0000000,0.0000000,0.0000000,0,0,0,0
756406055263000 D 2858,1817880339,1000,1547,1547,2.3730683,0.00000,-1,-1,-1,0,0,0,136,1,1,0,0.0000000,0.0000000,0.0000000,0,0,0,0
756406056246750 D 2859,1817881339,1000,1547,1547,2.3730683,0.00000,-1,-1,-1,0,0,0,136,1,1,0,0.0000000,0.0000000,0.0000000,0,0,0,0
756406057235083 D 2860,1817882339,1000,1547,1547,2.3730683,0.00000,-1,-1,-1,0,0,0,136,1,1,0,0.0000000,0.0000000,0.0000000,0,0,0,0
756406058252583 D 2861,1817883339,1000,1547,1547,2.3730683,0.00000,-1,-1,-1,0,0,0,136,1,1,0,0.0000000,0.0000000,0.0000000,0,0,0,0
756406059240958 D 2862,1817884339,1000,1547,1547,2.3730683,0.00000,-1,-1,-1,0,0,0,136,1,1,0,0.0000000,0.0000000,0.0000000,0,0,0,0
756406060249708 D 2863,1817885339,1000,1547,1547,2.3730683,0.00000,-1,-1,-1,0,0,0,136,1,1,0,0.0000000,0.0000000,0.0000000,0,0,0,0
756406061246000 D 2864,1817886339,1000,1547,1547,2.3730683,0.00000,-1,-1,-1,0,0,0,136,1,1,0,0.0000000,0.0000000,0.0000000,0,0,0,0
756406062261458 D 2865,1817887339,1000,1547,1547,2.3730683,0.00000,-1,-1,-1,0,0,0,136,1,1,0,0.0000000,0.0000000,0.0000000,0,0,0,0
756406063232416 D 2866,1817888339,1000,1547,1547,2.3730683,0.00000,-1,-1,-1,0,0,0,136,1,1,0,0.0000000,0.0000000,0.0000000,0,0,0,0
756406064233250 D 2867,1817889339,1000,1547,1547,2.3730683,0.00000,-1,-1,-1,0,0,0,136,1,1,0,0.0000000,0.0000000,0.0000000,0,0,0,0
756406065228958 D 2868,1817890339,1000,1547,1547,2.3730683,0.00000,-1,-1,-1,0,0,0,136,1,1,0,0.0000000,0.0000000,0.0000000,0,0,0,0
756406066468750 D 2869,1817891339,1000,1547,1547,2.3730683,0.00000,-1,-1,-1,0,0,0,136,1,1,0,0.0000000,0.0000000,0.0000000,0,0,0,0
756406067461333 D 2870,1817892339,1000,1547,1547,2.3730683,0.00000,-1,-1,-1,0,0,0,136,1,1,0,0.0000000,0.0000000,0.0000000,0,0,0,0
756406068471250 D 2871,1817893339,1000,1547,1547,2.3730683,0.00000,-1,-1,-1,0,0,0,136,1,1,0,0.0000000,0.0000000,0.0000000,0,0,0,0
756406069237750 D 2872,1817894339,1000,1547,1547,2.3730683,0.00000,-1,-1,-1,0,0,0,136,1,1,0,0.0000000,0.0000000,0.0000000,0,0,0,0
756406070238875 D 2873,1817895339,1000,1547,1547,2.3730683,0.00000,-1,-1,-1,0,0,0,136,1,1,0,0.0000000,0.0000000,0.0000000,0,0,0,0
756406071236916 D 2874,1817896339,1000,1547,1547,2.3730683,0.00000,-1,-1,-1,0,0,0,136,1,1,0,0.0000000,0.0000000,0.0000000,0,0,0,0
756406072241208 D 2875,1817897339,1000,1547,1547,2.3730683,0.00000,-1,-1,-1,0,0,0,136,1,1,0,0.0000000,0.0000000,0.0000000,0,0,0,0
756406073226458 D 2876,1817898339,1000,1547,1547,2.3730683,0.00000,-1,-1,-1,0,0,0,136,1,1,0,0.0000000,0.0000000,0.0000000,0,0,0,0
756406074247250 D 2877,1817899339,1000,1547,1547,2.3730683,0.00000,-1,-1,-1,0,0,0,136,1,1,0,0.0000000,0.0000000,0.0000000,0,0,0,0
756406075244916 D 2878,1817900339,1000,1547,1547,2.3730683,0.00000,-1,-1,-1,0,0,0,136,1,1,0,0.0000000,0.0000000,0.0000000,0,0,0,0
756406076241375 D 2879,1817901339,1000,1547,1547,2.3730683,0.00000,-1,-1,-1,0,0,0,136,1,1,0,0.0000000,0.0000000,0.0000000,0,0,0,0
756406077711041 D 2880,1817902339,1000,1547,1547,2.3730683,0.00000,39,126,2066,0,0,0,136,1,1,0,0.0000000,0.0000000,0.0000000,0,0,0,0
756406078349458 D 2881,1817903339,1000,1547,1547,2.3730683,0.00000,-1,-1,-1,0,0,0,136,1,1,0,0.0000000,0.0000000,0.0000000,0,0,0,0
756406079280583 D 2882,1817904339,1000,1547,1547,2.3730683,0.00000,-1,-1,-1,0,0,0,136,1,1,0,0.0000000,0.0000000,0.0000000,0,0,0,0
756406080246125 D 2883,1817905339,1000,1547,1547,2.3730683,0.00000,-1,-1,-1,0,0,0,136,1,1,0,0.0000000,0.0000000,0.0000000,0,0,0,0
756406081233458 D 2884,1817906339,1000,1547,1547,2.3730683,0.00000,-1,-1,-1,0,0,0,136,1,1,0,0.0000000,0.0000000,0.0000000,0,0,0,0
756406082242833 D 2885,1817907339,1000,1547,1547,2.3730683,0.00000,-1,-1,-1,0,0,0,136,1,1,0,0.0000000,0.0000000,0.0000000,0,0,0,0
756406083241500 D 2886,1817908339,1000,1547,1547,2.3730683,0.00000,-1,-1,-1,0,0,0,136,1,1,0,0.0000000,0.0000000,0.0000000,0,0,0,0
756406084244625 D 2887,1817909339,1000,1547,1547,2.3730683,0.00000,-1,-1,-1,0,0,0,136,1,1,0,0.0000000,0.0000000,0.0000000,0,0,0,0
756406085254083 D 2888,1817910339,1000,1547,1547,2.3730683,0.00000,-1,-1,-1,0,0,0,136,1,1,0,0.0000000,0.0000000,0.0000000,0,0,0,0
756406086241625 D 2889,1817911339,1000,1547,1547,2.3730683,0.00000,-1,-1,-1,0,0,0,136,1,1,0,0.0000000,0.0000000,0.0000000,0,0,0,0
756406087232333 D 2890,1817912339,1000,1547,1547,2.3730683,0.00000,-1,-1,-1,0,0,0,136,1,1,0,0.0000000,0.0000000,0.0000000,0,0,0,0
756406088265166 D 2891,1817913339,1000,1547,1547,2.3730683,0.00000,-1,-1,-1,0,0,0,136,1,1,0,0.0000000,0.0000000,0.0000000,0,0,0,0
756406089258375 D 2892,1817914339,1000,1547,1547,2.3730683,0.00000,-1,-1,-1,0,0,0,136,1,1,0,0.0000000,0.0000000,0.0000000,0,0,0,0
756406090244000 D 2893,1817915339,1000,1547,1547,2.3730683,0.00000,-1,-1,-1,0,0,0,136,1,1,0,0.0000000,0.0000000,0.0000000,0,0,0,0
756406091235250 D 2894,1817916339,1000,1547,1547,2.3730683,0.00000,-1,-1,-1,0,0,0,136,1,1,0,0.0000000,0.0000000,0.0000000,0,0,0,0
756406092241875 D 2895,1817917339,1000,1547,1547,2.3730683,0.00000,-1,-1,-1,0,0,0,136,1,1,0,0.0000000,0.0000000,0.0000000,0,0,0,0
756406093229916 D 2896,1817918339,1000,1547,1547,2.3730683,0.00000,-1,-1,-1,0,0,0,136,1,1,0,0.0000000,0.0000000,0.0000000,0,0,0,0
756406094231541 D 2897,1817919339,1000,1547,1547,2.3730683,0.00000,-1,-1,-1,0,0,0,136,1,1,0,0.0000000,0.0000000,0.0000000,0,0,0,0
756406095232958 D 2898,1817920339,1000,1547,1547,2.3730683,0.00000,-1,-1,-1,0,0,0,136,1,1,0,0.0000000,0.0000000,0.0000000,0,0,0,0
756406096227708 D 2899,1817921339,1000,1547,1547,2.3730683,0.00000,-1,-1,-1,0,0,0,136,1,1,0,0.0000000,0.0000000,0.0000000,0,0,0,0
756406097237750 D 2900,1817922339,1000,1547,1547,2.3730683,0.00000,-1,-1,-1,0,0,0,136,1,1,0,0.0000000,0.0000000,0.0000000,0,0,0,0
756406098253750 D 2901,1817923339,1000,1547,1547,2.3730683,0.00000,-1,-1,-1,0,0,0,136,1,1,0,0.0000000,0.0000000,0.0000000,0,0,0,0
756406099234458 D 2902,1817924339,1000,1547,1547,2.3730683,0.00000,-1,-1,-1,0,0,0,136,1,1,0,0.0000000,0.0000000,0.0000000,0,0,0,0
756406100483125 D 2903,1817925339,1000,1547,1547,2.3730683,0.00000,-1,-1,-1,0,0,0,136,1,1,0,0.0000000,0.0000000,0.0000000,0,0,0,0
756406101532541 D 2904,1817926339,1000,1547,1547,2.3730683,0.00000,-1,-1,-1,0,0,0,136,1,1,0,0.0000000,0.0000000,0.0000000,0,0,0,0
756406102380583 D 2905,1817927339,1000,1547,1547,2.3730683,0.00000,-1,-1,-1,0,0,0,136,1,1,0,0.0000000,0.0000000,0.0000000,0,0,0,0
756406103236875 D 2906,1817928339,1000,1547,1547,2.3730683,0.00000,-1,-1,-1,0,0,0,136,1,1,0,0.0000000,0.0000000,0.0000000,0,0,0,0
756406104266500 D 2907,1817929339,1000,1547,1547,2.3730683,0.00000,-1,-1,-1,0,0,0,136,1,1,0,0.0000000,0.0000000,0.0000000,0,0,0,0
756406105231875 D 2908,1817930339,1000,1547,1547,2.3730683,0.00000,-1,-1,-1,0,0,0,136,1,1,0,0.0000000,0.0000000,0.0000000,0,0,0,0
756406106243333 D 2909,1817931339,1000,1547,1547,2.3730683,0.00000,-1,-1,-1,0,0,0,136,1,1,0,0.0000000,0.0000000,0.0000000,0,0,0,0
756406107237791 D 2910,1817932339,1000,1547,1547,2.3730683,0.00000,-1,-1,-1,0,0,0,136,1,1,0,0.0000000,0.0000000,0.0000000,0,0,0,0
756406108340541 D 2911,1817933339,1000,1547,1547,2.3730683,0.00000,-1,-1,-1,0,0,0,136,1,1,0,0.0000000,0.0000000,0.0000000,0,0,0,0
756406109237500 D 2912,1817934339,1000,1547,1547,2.3730683,0.00000,-1,-1,-1,0,0,0,136,1,1,0,0.0000000,0.0000000,0.0000000,0,0,0,0
756406110242875 D 2913,1817935339,1000,1547,1547,2.3730683,0.00000,-1,-1,-1,0,0,0,136,1,1,0,0.0000000,0.0000000,0.0000000,0,0,0,0
756406111237250 D 2914,1817936339,1000,1547,1547,2.3730683,0.00000,-1,-1,-1,0,0,0,136,1,1,0,0.0000000,0.0000000,0.0000000,0,0,0,0
756406112238500 D 2915,1817937339,1000,1547,1547,2.3730683,0.00000,-1,-1,-1,0,0,0,136,1,1,0,0.0000000,0.0000000,0.0000000,0,0,0,0
756406113241708 D 2916,1817938339,1000,1547,1547,2.3730683,0.00000,-1,-1,-1,0,0,0,136,1,1,0,0.0000000,0.0000000,0.0000000,0,0,0,0
756406114232375 D 2917,1817939339,1000,1547,1547,2.3730683,0.00000,-1,-1,-1,0,0,0,136,1,1,0,0.0000000,0.0000000,0.0000000,0,0,0,0
756406115245333 D 2918,1817940339,1000,1547,1547,2.3730683,0.00000,-1,-1,-1,0,0,0,136,1,1,0,0.0000000,0.0000000,0.0000000,0,0,0,0
756406116270541 D 2919,1817941339,1000,1547,1547,2.3730683,0.00000,-1,-1,-1,0,0,0,136,1,1,0,0.0000000,0.0000000,0.0000000,0,0,0,0
756406117259000 D 2920,1817942339,1000,1547,1547,2.3730683,0.00000,-1,-1,-1,0,0,0,136,1,1,0,0.0000000,0.0000000,0.0000000,0,0,0,0
756406118245416 D 2921,1817943339,1000,1547,1547,2.3730683,0.00000,-1,-1,-1,0,0,0,136,1,1,0,0.0000000,0.0000000,0.0000000,0,0,0,0
756406119239875 D 2922,1817944339,1000,1547,1547,2.3730683,0.00000,-1,-1,-1,0,0,0,136,1,1,0,0.0000000,0.0000000,0.0000000,0,0,0,0
756406120247416 D 2923,1817945339,1000,1547,1547,2.3730683,0.00000,-1,-1,-1,0,0,0,136,1,1,0,0.0000000,0.0000000,0.0000000,0,0,0,0
756406121328583 D 2924,1817946339,1000,1547,1547,2.3730683,0.00000,-1,-1,-1,0,0,0,136,1,1,0,0.0000000,0.0000000,0.0000000,0,0,0,0
756406122254833 D 2925,1817947339,1000,1547,1547,2.3730683,0.00000,-1,-1,-1,0,0,0,136,1,1,0,0.0000000,0.0000000,0.0000000,0,0,0,0
756406123233666 D 2926,1817948339,1000,1547,1547,2.3730683,0.00000,-1,-1,-1,0,0,0,136,1,1,0,0.0000000,0.0000000,0.0000000,0,0,0,0
756406124255666 D 2927,1817949339,1000,1547,1547,2.3730683,0.00000,-1,-1,-1,0,0,0,136,1,1,0,0.0000000,0.0000000,0.0000000,0,0,0,0
756406125255875 D 2928,1817950339,1000,1547,1547,2.3730683,0.00000,-1,-1,-1,0,0,0,136,1,1,0,0.0000000,0.0000000,0.0000000,0,0,0,0
756406126349708 D 2929,1817951339,1000,1547,1547,2.3730683,0.00000,-1,-1,-1,0,0,0,136,1,1,0,0.0000000,0.0000000,0.0000000,0,0,0,0
756406127727166 D 2930,1817952339,1000,1547,1547,2.3730683,0.00000,39,126,2064,0,0,0,136,1,1,0,0.0000000,0.0000000,0.0000000,0,0,0,0
756406128372625 D 2931,1817953339,1000,1547,1547,2.3730683,0.00000,-1,-1,-1,0,0,0,136,1,1,0,0.0000000,0.0000000,0.0000000,0,0,0,0
756406129489083 D 2932,1817954339,1000,1547,1547,2.3730683,0.00000,-1,-1,-1,0,0,0,136,1,1,0,0.0000000,0.0000000,0.0000000,0,0,0,0
756406130489416 D 2933,1817955339,1000,1547,1547,2.3730683,0.00000,-1,-1,-1,0,0,0,136,1,1,0,0.0000000,0.0000000,0.0000000,0,0,0,0
756406131504875 D 2934,1817956339,1000,1547,1547,2.3730683,0.00000,-1,-1,-1,0,0,0,136,1,1,0,0.0000000,0.0000000,0.0000000,0,0,0,0
756406132295500 D 2935,1817957339,1000,1547,1547,2.3730683,0.00000,-1,-1,-1,0,0,0,136,1,1,0,0.0000000,0.0000000,0.0000000,0,0,0,0
756406133266250 D 2936,1817958339,1000,1547,1547,2.3730683,0.00000,-1,-1,-1,0,0,0,136,1,1,0,0.0000000,0.0000000,0.0000000,0,0,0,0
756406134242833 D 2937,1817959339,1000,1547,1547,2.3730683,0.00000,-1,-1,-1,0,0,0,136,1,1,0,0.0000000,0.0000000,0.0000000,0,0,0,0
756406135246041 D 2938,1817960339,1000,1547,1547,2.3730683,0.00000,-1,-1,-1,0,0,0,136,1,1,0,0.0000000,0.0000000,0.0000000,0,0,0,0
756406136223833 D 2939,1817961339,1000,1547,1547,2.3730683,0.00000,-1,-1,-1,0,0,0,136,1,1,0,0.0000000,0.0000000,0.0000000,0,0,0,0
756406137249458 D 2940,1817962339,1000,1547,1547,2.3730683,0.00000,-1,-1,-1,0,0,0,136,1,1,0,0.0000000,0.0000000,0.0000000,0,0,0,0
756406138238083 D 2941,1817963339,1000,1547,1547,2.3730683,0.00000,-1,-1,-1,0,0,0,136,1,1,0,0.0000000,0.0000000,0.0000000,0,0,0,0
756406139243375 D 2942,1817964339,1000,1547,1547,2.3730683,0.00000,-1,-1,-1,0,0,0,136,1,1,0,0.0000000,0.0000000,0.0000000,0,0,0,0
756406140235708 D 2943,1817965339,1000,1547,1547,2.3730683,0.00000,-1,-1,-1,0,0,0,136,1,1,0,0.0000000,0.0000000,0.0000000,0,0,0,0
756406141246333 D 2944,1817966339,1000,1547,1547,2.3730683,0.00000,-1,-1,-1,0,0,0,136,1,1,0,0.0000000,0.0000000,0.0000000,0,0,0,0
756406142248916 D 2945,1817967339,1000,1547,1547,2.3730683,0.00000,-1,-1,-1,0,0,0,136,1,1,0,0.0000000,0.0000000,0.0000000,0,0,0,0
756406143245958 D 2946,1817968339,1000,1547,1547,2.3730683,0.00000,-1,-1,-1,0,0,0,136,1,1,0,0.0000000,0.0000000,0.0000000,0,0,0,0
756406144232708 D 2947,1817969339,1000,1547,1547,2.3730683,0.00000,-1,-1,-1,0,0,0,136,1,1,0,0.0000000,0.0000000,0.0000000,0,0,0,0
756406145243916 D 2948,1817970339,1000,1547,1547,2.3730683,0.00000,-1,-1,-1,0,0,0,136,1,1,0,0.0000000,0.0000000,0.0000000,0,0,0,0
756406146242666 D 2949,1817971339,1000,1547,1547,2.3730683,0.00000,-1,-1,-1,0,0,0,136,1,1,0,0.0000000,0.0000000,0.0000000,0,0,0,0
756406147318666 D 2950,1817972339,1000,1547,1547,2.3730683,0.00000,-1,-1,-1,0,0,0,136,1,1,0,0.0000000,0.0000000,0.0000000,0,0,0,0
756406148248500 D 2951,1817973339,1000,1547,1547,2.3730683,0.00000,-1,-1,-1,0,0,0,136,1,1,0,0.0000000,0.0000000,0.0000000,0,0,0,0
756406149243666 D 2952,1817974339,1000,1547,1547,2.3730683,0.00000,-1,-1,-1,0,0,0,136,1,1,0,0.0000000,0.0000000,0.0000000,0,0,0,0
756406150255291 D 2953,1817975339,1000,1547,1547,2.3730683,0.00000,-1,-1,-1,0,0,0,136,1,1,0,0.0000000,0.0000000,0.0000000,0,0,0,0
756406151281375 D 2954,1817976339,1000,1547,1547,2.3730683,0.00000,-1,-1,-1,0,0,0,136,1,1,0,0.0000000,0.0000000,0.0000000,0,0,0,0
756406152306375 D 2955,1817977339,1000,1547,1547,2.3730683,0.00000,-1,-1,-1,0,0,0,136,1,1,0,0.0000000,0.0000000,0.0000000,0,0,0,0
756406153259791 D 2956,1817978339,1000,1547,1547,2.3730683,0.00000,-1,-1,-1,0,0,0,136,1,1,0,0.0000000,0.0000000,0.0000000,0,0,0,0
756406154248041 D 2957,1817979339,1000,1547,1547,2.3730683,0.00000,-1,-1,-1,0,0,0,136,1,1,0,0.0000000,0.0000000,0.0000000,0,0,0,0
756406155254750 D 2958,1817980339,1000,1547,1547,2.3730683,0.00000,-1,-1,-1,0,0,0,136,1,1,0,0.0000000,0.0000000,0.0000000,0,0,0,0
756406156310208 D 2959,1817981339,1000,1547,1547,2.3730683,0.00000,-1,-1,-1,0,0,0,136,1,1,0,0.0000000,0.0000000,0.0000000,0,0,0,0
756406157268583 D 2960,1817982339,1000,1547,1547,2.3730683,0.00000,-1,-1,-1,0,0,0,136,1,1,0,0.0000000,0.0000000,0.0000000,0,0,0,0
756406158250833 D 2961,1817983339,1000,1547,1547,2.3730683,0.00000,-1,-1,-1,0,0,0,136,1,1,0,0.0000000,0.0000000,0.0000000,0,0,0,0
756406159244208 D 2962,1817984339,1000,1547,1547,2.3730683,0.00000,-1,-1,-1,0,0,0,136,1,1,0,0.0000000,0.0000000,0.0000000,0,0,0,0
756406160245291 D 2963,1817985339,1000,1547,1547,2.3730683,0.00000,-1,-1,-1,0,0,0,136,1,1,0,0.0000000,0.0000000,0.0000000,0,0,0,0
756406161238750 D 2964,1817986339,1000,1547,1547,2.3730683,0.00000,-1,-1,-1,0,0,0,136,1,1,0,0.0000000,0.0000000,0.0000000,0,0,0,0
756406162287000 D 2965,1817987339,1000,1547,1547,2.3730683,0.00000,-1,-1,-1,0,0,0,136,1,1,0,0.0000000,0.0000000,0.0000000,0,0,0,0
756406163423750 D 2966,1817988339,1000,1547,1547,2.3730683,0.00000,-1,-1,-1,0,0,0,136,1,1,0,0.0000000,0.0000000,0.0000000,0,0,0,0
756406164492500 D 2967,1817989339,1000,1547,1547,2.3730683,0.00000,-1,-1,-1,0,0,0,136,1,1,0,0.0000000,0.0000000,0.0000000,0,0,0,0
756406165344333 D 2968,1817990339,1000,1547,1547,2.3730683,0.00000,-1,-1,-1,0,0,0,136,1,1,0,0.0000000,0.0000000,0.0000000,0,0,0,0
756406166312458 D 2969,1817991339,1000,1547,1547,2.3730683,0.00000,-1,-1,-1,0,0,0,136,1,1,0,0.0000000,0.0000000,0.0000000,0,0,0,0
756406167339208 D 2970,1817992339,1000,1547,1547,2.3730683,0.00000,-1,-1,-1,0,0,0,136,1,1,0,0.0000000,0.0000000,0.0000000,0,0,0,0
756406168294750 D 2971,1817993339,1000,1547,1547,2.3730683,0.00000,-1,-1,-1,0,0,0,136,1,1,0,0.0000000,0.0000000,0.0000000,0,0,0,0
756406169530250 D 2972,1817994339,1000,1547,1547,2.3730683,0.00000,-1,-1,-1,0,0,0,136,1,1,0,0.0000000,0.0000000,0.0000000,0,0,0,0
756406170522666 D 2973,1817995339,1000,1547,1547,2.3730683,0.00000,-1,-1,-1,0,0,0,136,1,1,0,0.0000000,0.0000000,0.0000000,0,0,0,0
756406171452666 D 2974,1817996339,1000,1547,1547,2.3730683,0.00000,-1,-1,-1,0,0,0,136,1,1,0,0.0000000,0.0000000,0.0000000,0,0,0,0
756406172277916 D 2975,1817997339,1000,1547,1547,2.3730683,0.00000,-1,-1,-1,0,0,0,136,1,1,0,0.0000000,0.0000000,0.0000000,0,0,0,0
756406173336083 D 2976,1817998339,1000,1547,1547,2.3730683,0.00000,-1,-1,-1,0,0,0,136,1,1,0,0.0000000,0.0000000,0.0000000,0,0,0,0
756406174283666 D 2977,1817999339,1000,1547,1547,2.3730683,0.00000,-1,-1,-1,0,0,0,136,1,1,0,0.0000000,0.0000000,0.0000000,0,0,0,0
756406175277833 D 2978,1818000339,1000,1547,1547,2.3730683,0.00000,-1,-1,-1,0,0,0,136,1,1,0,0.0000000,0.0000000,0.0000000,0,0,0,0
756406176294875 D 2979,1818001339,1000,1547,1547,2.3730683,0.00000,-1,-1,-1,0,0,0,136,1,1,0,0.0000000,0.0000000,0.0000000,0,0,0,0
756406177665333 D 2980,1818002339,1000,1547,1547,2.3730683,0.00000,39,126,2064,0,0,0,136,1,1,0,0.0000000,0.0000000,0.0000000,0,0,0,0
756406178334666 D 2981,1818003339,1000,1547,1547,2.3730683,0.00000,-1,-1,-1,0,0,0,136,1,1,0,0.0000000,0.0000000,0.0000000,0,0,0,0
756406179278875 D 2982,1818004339,1000,1547,1547,2.3730683,0.00000,-1,-1,-1,0,0,0,136,1,1,0,0.0000000,0.0000000,0.0000000,0,0,0,0
756406180261125 D 2983,1818005339,1000,1547,1547,2.3730683,0.00000,-1,-1,-1,0,0,0,136,1,1,0,0.0000000,0.0000000,0.0000000,0,0,0,0
756406181278250 D 2984,1818006339,1000,1547,1547,2.3730683,0.00000,-1,-1,-1,0,0,0,136,1,1,0,0.0000000,0.0000000,0.0000000,0,0,0,0
756406182255958 D 2985,1818007339,1000,1547,1547,2.3730683,0.00000,-1,-1,-1,0,0,0,136,1,1,0,0.0000000,0.0000000,0.0000000,0,0,0,0
756406183254416 D 2986,1818008339,1000,1547,1547,2.3730683,0.00000,-1,-1,-1,0,0,0,136,1,1,0,0.0000000,0.0000000,0.0000000,0,0,0,0
756406184247583 D 2987,1818009339,1000,1547,1547,2.3730683,0.00000,-1,-1,-1,0,0,0,136,1,1,0,0.0000000,0.0000000,0.0000000,0,0,0,0
756406185253166 D 2988,1818010339,1000,1547,1547,2.3730683,0.00000,-1,-1,-1,0,0,0,136,1,1,0,0.0000000,0.0000000,0.0000000,0,0,0,0
756406186250250 D 2989,1818011339,1000,1547,1547,2.3730683,0.00000,-1,-1,-1,0,0,0,136,1,1,0,0.0000000,0.0000000,0.0000000,0,0,0,0
756406187243083 D 2990,1818012339,1000,1547,1547,2.3730683,0.00000,-1,-1,-1,0,0,0,136,1,1,0,0.0000000,0.0000000,0.0000000,0,0,0,0
756406188242791 D 2991,1818013339,1000,1547,1547,2.3730683,0.00000,-1,-1,-1,0,0,0,136,1,1,0,0.0000000,0.0000000,0.0000000,0,0,0,0
756406189255750 D 2992,1818014339,1000,1547,1547,2.3730683,0.00000,-1,-1,-1,0,0,0,136,1,1,0,0.0000000,0.0000000,0.0000000,0,0,0,0
756406190246541 D 2993,1818015339,1000,1547,1547,2.3730683,0.00000,-1,-1,-1,0,0,0,136,1,1,0,0.0000000,0.0000000,0.0000000,0,0,0,0
756406191273083 D 2994,1818016339,1000,1547,1547,2.3730683,0.00000,-1,-1,-1,0,0,0,136,1,1,0,0.0000000,0.0000000,0.0000000,0,0,0,0
756406192260833 D 2995,1818017339,1000,1547,1547,2.3730683,0.00000,-1,-1,-1,0,0,0,136,1,1,0,0.0000000,0.0000000,0.0000000,0,0,0,0
756406193243166 D 2996,1818018339,1000,1547,1547,2.3730683,0.00000,-1,-1,-1,0,0,0,136,1,1,0,0.0000000,0.0000000,0.0000000,0,0,0,0
756406194286750 D 2997,1818019339,1000,1547,1547,2.3730683,0.00000,-1,-1,-1,0,0,0,136,1,1,0,0.0000000,0.0000000,0.0000000,0,0,0,0
756406195302791 D 2998,1818020339,1000,1547,1547,2.3730683,0.00000,-1,-1,-1,0,0,0,136,1,1,0,0.0000000,0.0000000,0.0000000,0,0,0,0
756406196232583 D 2999,1818021339,1000,1547,1547,2.3730683,0.00000,-1,-1,-1,0,0,0,136,1,1,0,0.0000000,0.0000000,0.0000000,0,0,0,0
756406196535000 E 1818021498 END host_stop 0 0 0
