756769847506416 I steps_per_m=26666.66601562 cart_step=2 cart_dir=3 enable=8 limits_connected=0 filter_write_ok=1
756769847943583 I home=0 enabled=0 travel_mm=300.000 vmax_mm_s=30.000 amax_mm_s2=300.000 jerk_mm_s3=3000.000
756769848028666 E 2174795492 INFO
756769848138250 E 2181671955 STREAM
756769848630083 D 0,2181672339,0,1555,1555,2.3853402,0.00000,-1,-1,-1,0,0,0,136,1,1,0,0.0000000,0.0000000,0.0000000,0,0,0,0
756769849265375 D 1,2181673339,1000,1555,1555,2.3853402,0.00000,-1,-1,-1,0,0,0,136,1,1,0,0.0000000,0.0000000,0.0000000,0,0,0,0
756769850208666 D 2,2181674339,1000,1555,1555,2.3853402,0.00000,-1,-1,-1,0,0,0,136,1,1,0,0.0000000,0.0000000,0.0000000,0,0,0,0
756769851259500 D 3,2181675339,1000,1555,1555,2.3853402,0.00000,-1,-1,-1,0,0,0,136,1,1,0,0.0000000,0.0000000,0.0000000,0,0,0,0
756769852559208 D 4,2181676339,1000,1555,1555,2.3853402,0.00000,-1,-1,-1,0,0,0,136,1,1,0,0.0000000,0.0000000,0.0000000,0,0,0,0
756769853488166 D 5,2181677339,1000,1556,1556,2.3868742,0.06015,-1,-1,-1,0,0,0,136,1,1,0,0.0000000,0.0000000,0.0000000,0,0,0,0
756769854492500 D 6,2181678339,1000,1555,1555,2.3853402,-0.00236,-1,-1,-1,0,0,0,136,1,1,0,0.0000000,0.0000000,0.0000000,0,0,0,0
756769855367416 D 7,2181679339,1000,1555,1555,2.3853402,-0.00227,-1,-1,-1,0,0,0,136,1,1,0,0.0000000,0.0000000,0.0000000,0,0,0,0
756769856244625 D 8,2181680339,1000,1555,1555,2.3853402,-0.00218,-1,-1,-1,0,0,0,136,1,1,0,0.0000000,0.0000000,0.0000000,0,0,0,0
756769857247041 D 9,2181681339,1000,1555,1555,2.3853402,-0.00209,-1,-1,-1,0,0,0,135,1,1,0,0.0000000,0.0000000,0.0000000,0,0,0,0
756769858257083 D 10,2181682339,1000,1555,1555,2.3853402,-0.00201,-1,-1,-1,0,0,0,136,1,1,0,0.0000000,0.0000000,0.0000000,0,0,0,0
756769859211000 D 11,2181683339,1000,1555,1555,2.3853402,-0.00193,-1,-1,-1,0,0,0,136,1,1,0,0.0000000,0.0000000,0.0000000,0,0,0,0
756769860150208 D 12,2181684339,1000,1555,1555,2.3853402,-0.00186,-1,-1,-1,0,0,0,136,1,1,0,0.0000000,0.0000000,0.0000000,0,0,0,0
756769861150375 D 13,2181685339,1000,1555,1555,2.3853402,-0.00178,-1,-1,-1,0,0,0,136,1,1,0,0.0000000,0.0000000,0.0000000,0,0,0,0
756769862104708 D 14,2181686339,1000,1555,1555,2.3853402,-0.00171,-1,-1,-1,0,0,0,136,1,1,0,0.0000000,0.0000000,0.0000000,0,0,0,0
756769863292375 D 15,2181687339,1000,1556,1556,2.3868742,0.05850,-1,-1,-1,0,0,0,136,1,1,0,0.0000000,0.0000000,0.0000000,0,0,0,0
756769864240958 D 16,2181688339,1000,1555,1555,2.3853402,-0.00394,-1,-1,-1,0,0,0,136,1,1,0,0.0000000,0.0000000,0.0000000,0,0,0,0
756769865202333 D 17,2181689339,1000,1555,1555,2.3853402,-0.00378,-1,-1,-1,0,0,0,136,1,1,0,0.0000000,0.0000000,0.0000000,0,0,0,0
756769866189708 D 18,2181690339,1000,1555,1555,2.3853402,-0.00364,-1,-1,-1,0,0,0,136,1,1,0,0.0000000,0.0000000,0.0000000,0,0,0,0
756769867190916 D 19,2181691339,1000,1555,1555,2.3853402,-0.00349,-1,-1,-1,0,0,0,136,1,1,0,0.0000000,0.0000000,0.0000000,0,0,0,0
756769868138458 D 20,2181692339,1000,1555,1555,2.3853402,-0.00336,-1,-1,-1,0,0,0,136,1,1,0,0.0000000,0.0000000,0.0000000,0,0,0,0
756769869134708 D 21,2181693339,1000,1555,1555,2.3853402,-0.00323,-1,-1,-1,0,0,0,136,1,1,0,0.0000000,0.0000000,0.0000000,0,0,0,0
756769870140125 D 22,2181694339,1000,1555,1555,2.3853402,-0.00310,-1,-1,-1,0,0,0,136,1,1,0,0.0000000,0.0000000,0.0000000,0,0,0,0
756769871130625 D 23,2181695339,1000,1555,1555,2.3853402,-0.00298,-1,-1,-1,0,0,0,136,1,1,0,0.0000000,0.0000000,0.0000000,0,0,0,0
756769872138500 D 24,2181696339,1000,1555,1555,2.3853402,-0.00286,-1,-1,-1,0,0,0,136,1,1,0,0.0000000,0.0000000,0.0000000,0,0,0,0
756769873126375 D 25,2181697339,1000,1555,1555,2.3853402,-0.00275,-1,-1,-1,0,0,0,136,1,1,0,0.0000000,0.0000000,0.0000000,0,0,0,0
756769874132958 D 26,2181698339,1000,1555,1555,2.3853402,-0.00264,-1,-1,-1,0,0,0,136,1,1,0,0.0000000,0.0000000,0.0000000,0,0,0,0
756769875117750 D 27,2181699339,1000,1555,1555,2.3853402,-0.00254,-1,-1,-1,0,0,0,136,1,1,0,0.0000000,0.0000000,0.0000000,0,0,0,0
756769876208791 D 28,2181700339,1000,1555,1555,2.3853402,-0.00244,-1,-1,-1,0,0,0,136,1,1,0,0.0000000,0.0000000,0.0000000,0,0,0,0
756769877228375 D 29,2181701339,1000,1555,1555,2.3853402,-0.00234,-1,-1,-1,0,0,0,136,1,1,0,0.0000000,0.0000000,0.0000000,0,0,0,0
756769878616208 D 30,2181702339,1000,1556,1556,2.3868742,0.05790,39,128,2036,0,0,0,136,1,1,0,0.0000000,0.0000000,0.0000000,0,0,0,0
756769879203958 D 31,2181703339,1000,1555,1555,2.3853402,-0.00452,-1,-1,-1,0,0,0,136,1,1,0,0.0000000,0.0000000,0.0000000,0,0,0,0
756769880248250 D 32,2181704339,1000,1555,1555,2.3853402,-0.00434,-1,-1,-1,0,0,0,136,1,1,0,0.0000000,0.0000000,0.0000000,0,0,0,0
756769881287375 D 33,2181705339,1000,1555,1555,2.3853402,-0.00417,-1,-1,-1,0,0,0,136,1,1,0,0.0000000,0.0000000,0.0000000,0,0,0,0
756769882288666 D 34,2181706339,1000,1555,1555,2.3853402,-0.00401,-1,-1,-1,0,0,0,136,1,1,0,0.0000000,0.0000000,0.0000000,0,0,0,0
756769883035083 D 35,2181707339,1000,1555,1555,2.3853402,-0.00385,-1,-1,-1,0,0,0,136,1,1,0,0.0000000,0.0000000,0.0000000,0,0,0,0
756769883953416 D 36,2181708339,1000,1555,1555,2.3853402,-0.00370,-1,-1,-1,0,0,0,136,1,1,0,0.0000000,0.0000000,0.0000000,0,0,0,0
756769885283791 D 37,2181709339,1000,1555,1555,2.3853402,-0.00356,-1,-1,-1,0,0,0,136,1,1,0,0.0000000,0.0000000,0.0000000,0,0,0,0
756769886231500 D 38,2181710339,1000,1555,1555,2.3853402,-0.00342,-1,-1,-1,0,0,0,136,1,1,0,0.0000000,0.0000000,0.0000000,0,0,0,0
756769887269250 D 39,2181711339,1000,1556,1556,2.3868742,0.05687,-1,-1,-1,0,0,0,136,1,1,0,0.0000000,0.0000000,0.0000000,0,0,0,0
756769888236791 D 40,2181712339,1000,1555,1555,2.3853402,-0.00551,-1,-1,-1,0,0,0,136,1,1,0,0.0000000,0.0000000,0.0000000,0,0,0,0
756769889261125 D 41,2181713339,1000,1556,1556,2.3868742,0.05485,-1,-1,-1,0,0,0,136,1,1,0,0.0000000,0.0000000,0.0000000,0,0,0,0
756769890257458 D 42,2181714339,1000,1555,1555,2.3853402,-0.00745,-1,-1,-1,0,0,0,136,1,1,0,0.0000000,0.0000000,0.0000000,0,0,0,0
756769891294416 D 43,2181715339,1000,1555,1555,2.3853402,-0.00715,-1,-1,-1,0,0,0,136,1,1,0,0.0000000,0.0000000,0.0000000,0,0,0,0
756769892258375 D 44,2181716339,1000,1555,1555,2.3853402,-0.00687,-1,-1,-1,0,0,0,136,1,1,0,0.0000000,0.0000000,0.0000000,0,0,0,0
756769893255375 D 45,2181717339,1000,1555,1555,2.3853402,-0.00660,-1,-1,-1,0,0,0,136,1,1,0,0.0000000,0.0000000,0.0000000,0,0,0,0
756769894263208 D 46,2181718339,1000,1555,1555,2.3853402,-0.00635,-1,-1,-1,0,0,0,136,1,1,0,0.0000000,0.0000000,0.0000000,0,0,0,0
756769895217041 D 47,2181719339,1000,1555,1555,2.3853402,-0.00610,-1,-1,-1,0,0,0,136,1,1,0,0.0000000,0.0000000,0.0000000,0,0,0,0
756769896273083 D 48,2181720339,1000,1555,1555,2.3853402,-0.00586,-1,-1,-1,0,0,0,136,1,1,0,0.0000000,0.0000000,0.0000000,0,0,0,0
756769897264208 D 49,2181721339,1000,1555,1555,2.3853402,-0.00563,-1,-1,-1,0,0,0,136,1,1,0,0.0000000,0.0000000,0.0000000,0,0,0,0
756769898258750 D 50,2181722339,1000,1555,1555,2.3853402,-0.00541,-1,-1,-1,0,0,0,136,1,1,0,0.0000000,0.0000000,0.0000000,0,0,0,0
756769899251000 D 51,2181723339,1000,1555,1555,2.3853402,-0.00520,-1,-1,-1,0,0,0,136,1,1,0,0.0000000,0.0000000,0.0000000,0,0,0,0
756769900285291 D 52,2181724339,1000,1555,1555,2.3853402,-0.00499,-1,-1,-1,0,0,0,136,1,1,0,0.0000000,0.0000000,0.0000000,0,0,0,0
756769901225625 D 53,2181725339,1000,1555,1555,2.3853402,-0.00480,-1,-1,-1,0,0,0,136,1,1,0,0.0000000,0.0000000,0.0000000,0,0,0,0
756769902264166 D 54,2181726339,1000,1555,1555,2.3853402,-0.00461,-1,-1,-1,0,0,0,136,1,1,0,0.0000000,0.0000000,0.0000000,0,0,0,0
756769903248375 D 55,2181727339,1000,1555,1555,2.3853402,-0.00443,-1,-1,-1,0,0,0,136,1,1,0,0.0000000,0.0000000,0.0000000,0,0,0,0
756769904258666 D 56,2181728339,1000,1555,1555,2.3853402,-0.00425,-1,-1,-1,0,0,0,136,1,1,0,0.0000000,0.0000000,0.0000000,0,0,0,0
756769905260583 D 57,2181729339,1000,1555,1555,2.3853402,-0.00409,-1,-1,-1,0,0,0,136,1,1,0,0.0000000,0.0000000,0.0000000,0,0,0,0
756769906262125 D 58,2181730339,1000,1555,1555,2.3853402,-0.00393,-1,-1,-1,0,0,0,135,1,1,0,0.0000000,0.0000000,0.0000000,0,0,0,0
756769907216333 D 59,2181731339,1000,1555,1555,2.3853402,-0.00377,-1,-1,-1,0,0,0,136,1,1,0,0.0000000,0.0000000,0.0000000,0,0,0,0
756769908241750 D 60,2181732339,1000,1555,1555,2.3853402,-0.00362,-1,-1,-1,0,0,0,136,1,1,0,0.0000000,0.0000000,0.0000000,0,0,0,0
756769909235791 D 61,2181733339,1000,1555,1555,2.3853402,-0.00348,-1,-1,-1,0,0,0,136,1,1,0,0.0000000,0.0000000,0.0000000,0,0,0,0
756769910239500 D 62,2181734339,1000,1555,1555,2.3853402,-0.00335,-1,-1,-1,0,0,0,136,1,1,0,0.0000000,0.0000000,0.0000000,0,0,0,0
756769911271791 D 63,2181735339,1000,1555,1555,2.3853402,-0.00321,-1,-1,-1,0,0,0,136,1,1,0,0.0000000,0.0000000,0.0000000,0,0,0,0
756769912271291 D 64,2181736339,1000,1555,1555,2.3853402,-0.00309,-1,-1,-1,0,0,0,136,1,1,0,0.0000000,0.0000000,0.0000000,0,0,0,0
756769913233541 D 65,2181737339,1000,1555,1555,2.3853402,-0.00297,-1,-1,-1,0,0,0,136,1,1,0,0.0000000,0.0000000,0.0000000,0,0,0,0
756769914225333 D 66,2181738339,1000,1555,1555,2.3853402,-0.00285,-1,-1,-1,0,0,0,136,1,1,0,0.0000000,0.0000000,0.0000000,0,0,0,0
756769915258666 D 67,2181739339,1000,1555,1555,2.3853402,-0.00274,-1,-1,-1,0,0,0,136,1,1,0,0.0000000,0.0000000,0.0000000,0,0,0,0
756769916256000 D 68,2181740339,1000,1555,1555,2.3853402,-0.00263,-1,-1,-1,0,0,0,136,1,1,0,0.0000000,0.0000000,0.0000000,0,0,0,0
756769917229750 D 69,2181741339,1000,1555,1555,2.3853402,-0.00253,-1,-1,-1,0,0,0,136,1,1,0,0.0000000,0.0000000,0.0000000,0,0,0,0
756769918258541 D 70,2181742339,1000,1555,1555,2.3853402,-0.00243,-1,-1,-1,0,0,0,136,1,1,0,0.0000000,0.0000000,0.0000000,0,0,0,0
756769919257958 D 71,2181743339,1000,1555,1555,2.3853402,-0.00233,-1,-1,-1,0,0,0,136,1,1,0,0.0000000,0.0000000,0.0000000,0,0,0,0
756769920260250 D 72,2181744339,1000,1555,1555,2.3853402,-0.00224,-1,-1,-1,0,0,0,136,1,1,0,0.0000000,0.0000000,0.0000000,0,0,0,0
756769921237458 D 73,2181745339,1000,1555,1555,2.3853402,-0.00216,-1,-1,-1,0,0,0,136,1,1,0,0.0000000,0.0000000,0.0000000,0,0,0,0
756769922253583 D 74,2181746339,1000,1555,1555,2.3853402,-0.00207,-1,-1,-1,0,0,0,136,1,1,0,0.0000000,0.0000000,0.0000000,0,0,0,0
756769923260083 D 75,2181747339,1000,1555,1555,2.3853402,-0.00199,-1,-1,-1,0,0,0,136,1,1,0,0.0000000,0.0000000,0.0000000,0,0,0,0
756769924260291 D 76,2181748339,1000,1555,1555,2.3853402,-0.00191,-1,-1,-1,0,0,0,136,1,1,0,0.0000000,0.0000000,0.0000000,0,0,0,0
756769925222958 D 77,2181749339,1000,1555,1555,2.3853402,-0.00184,-1,-1,-1,0,0,0,136,1,1,0,0.0000000,0.0000000,0.0000000,0,0,0,0
756769926256666 D 78,2181750339,1000,1555,1555,2.3853402,-0.00176,-1,-1,-1,0,0,0,136,1,1,0,0.0000000,0.0000000,0.0000000,0,0,0,0
756769927239875 D 79,2181751339,1000,1555,1555,2.3853402,-0.00170,-1,-1,-1,0,0,0,136,1,1,0,0.0000000,0.0000000,0.0000000,0,0,0,0
756769928619500 D 80,2181752339,1000,1555,1555,2.3853402,-0.00163,39,128,2035,0,0,0,136,1,1,0,0.0000000,0.0000000,0.0000000,0,0,0,0
756769929212000 D 81,2181753339,1000,1555,1555,2.3853402,-0.00156,-1,-1,-1,0,0,0,136,1,1,0,0.0000000,0.0000000,0.0000000,0,0,0,0
756769930209375 D 82,2181754339,1000,1555,1555,2.3853402,-0.00150,-1,-1,-1,0,0,0,136,1,1,0,0.0000000,0.0000000,0.0000000,0,0,0,0
756769931233166 D 83,2181755339,1000,1555,1555,2.3853402,-0.00144,-1,-1,-1,0,0,0,136,1,1,0,0.0000000,0.0000000,0.0000000,0,0,0,0
756769932222708 D 84,2181756339,1000,1555,1555,2.3853402,-0.00139,-1,-1,-1,0,0,0,136,1,1,0,0.0000000,0.0000000,0.0000000,0,0,0,0
756769933214625 D 85,2181757339,1000,1555,1555,2.3853402,-0.00133,-1,-1,-1,0,0,0,136,1,1,0,0.0000000,0.0000000,0.0000000,0,0,0,0
756769934229916 D 86,2181758339,1000,1555,1555,2.3853402,-0.00128,-1,-1,-1,0,0,0,136,1,1,0,0.0000000,0.0000000,0.0000000,0,0,0,0
756769935253875 D 87,2181759339,1000,1555,1555,2.3853402,-0.00123,-1,-1,-1,0,0,0,136,1,1,0,0.0000000,0.0000000,0.0000000,0,0,0,0
756769936294166 D 88,2181760339,1000,1555,1555,2.3853402,-0.00118,-1,-1,-1,0,0,0,136,1,1,0,0.0000000,0.0000000,0.0000000,0,0,0,0
756769937304416 D 89,2181761339,1000,1555,1555,2.3853402,-0.00114,-1,-1,-1,0,0,0,136,1,1,0,0.0000000,0.0000000,0.0000000,0,0,0,0
756769938290250 D 90,2181762339,1000,1555,1555,2.3853402,-0.00109,-1,-1,-1,0,0,0,136,1,1,0,0.0000000,0.0000000,0.0000000,0,0,0,0
756769939217041 D 91,2181763339,1000,1555,1555,2.3853402,-0.00105,-1,-1,-1,0,0,0,136,1,1,0,0.0000000,0.0000000,0.0000000,0,0,0,0
756769940215708 D 92,2181764339,1000,1555,1555,2.3853402,-0.00101,-1,-1,-1,0,0,0,136,1,1,0,0.0000000,0.0000000,0.0000000,0,0,0,0
756769941246666 D 93,2181765339,1000,1555,1555,2.3853402,-0.00097,-1,-1,-1,0,0,0,136,1,1,0,0.0000000,0.0000000,0.0000000,0,0,0,0
756769942248083 D 94,2181766339,1000,1555,1555,2.3853402,-0.00093,-1,-1,-1,0,0,0,136,1,1,0,0.0000000,0.0000000,0.0000000,0,0,0,0
756769943244083 D 95,2181767339,1000,1555,1555,2.3853402,-0.00089,-1,-1,-1,0,0,0,136,1,1,0,0.0000000,0.0000000,0.0000000,0,0,0,0
756769944250625 D 96,2181768339,1000,1555,1555,2.3853402,-0.00086,-1,-1,-1,0,0,0,136,1,1,0,0.0000000,0.0000000,0.0000000,0,0,0,0
756769945253750 D 97,2181769339,1000,1555,1555,2.3853402,-0.00083,-1,-1,-1,0,0,0,136,1,1,0,0.0000000,0.0000000,0.0000000,0,0,0,0
756769946244333 D 98,2181770339,1000,1555,1555,2.3853402,-0.00079,-1,-1,-1,0,0,0,136,1,1,0,0.0000000,0.0000000,0.0000000,0,0,0,0
756769947252791 D 99,2181771339,1000,1555,1555,2.3853402,-0.00076,-1,-1,-1,0,0,0,136,1,1,0,0.0000000,0.0000000,0.0000000,0,0,0,0
756769948198791 D 100,2181772339,1000,1555,1555,2.3853402,-0.00073,-1,-1,-1,0,0,0,135,1,1,0,0.0000000,0.0000000,0.0000000,0,0,0,0
756769949179875 D 101,2181773339,1000,1555,1555,2.3853402,-0.00070,-1,-1,-1,0,0,0,136,1,1,0,0.0000000,0.0000000,0.0000000,0,0,0,0
756769950185000 D 102,2181774339,1000,1555,1555,2.3853402,-0.00068,-1,-1,-1,0,0,0,136,1,1,0,0.0000000,0.0000000,0.0000000,0,0,0,0
756769951170375 D 103,2181775339,1000,1555,1555,2.3853402,-0.00065,-1,-1,-1,0,0,0,136,1,1,0,0.0000000,0.0000000,0.0000000,0,0,0,0
756769952132666 D 104,2181776339,1000,1555,1555,2.3853402,-0.00062,-1,-1,-1,0,0,0,136,1,1,0,0.0000000,0.0000000,0.0000000,0,0,0,0
756769953164291 D 105,2181777339,1000,1555,1555,2.3853402,-0.00060,-1,-1,-1,0,0,0,136,1,1,0,0.0000000,0.0000000,0.0000000,0,0,0,0
756769954179583 D 106,2181778339,1000,1555,1555,2.3853402,-0.00058,-1,-1,-1,0,0,0,136,1,1,0,0.0000000,0.0000000,0.0000000,0,0,0,0
756769955294208 D 107,2181779339,1000,1555,1555,2.3853402,-0.00055,-1,-1,-1,0,0,0,135,1,1,0,0.0000000,0.0000000,0.0000000,0,0,0,0
756769956250375 D 108,2181780339,1000,1555,1555,2.3853402,-0.00053,-1,-1,-1,0,0,0,136,1,1,0,0.0000000,0.0000000,0.0000000,0,0,0,0
756769957252166 D 109,2181781339,1000,1555,1555,2.3853402,-0.00051,-1,-1,-1,0,0,0,136,1,1,0,0.0000000,0.0000000,0.0000000,0,0,0,0
756769958257125 D 110,2181782339,1000,1555,1555,2.3853402,-0.00049,-1,-1,-1,0,0,0,136,1,1,0,0.0000000,0.0000000,0.0000000,0,0,0,0
756769959266625 D 111,2181783339,1000,1555,1555,2.3853402,-0.00047,-1,-1,-1,0,0,0,136,1,1,0,0.0000000,0.0000000,0.0000000,0,0,0,0
756769960261875 D 112,2181784339,1000,1555,1555,2.3853402,-0.00045,-1,-1,-1,0,0,0,136,1,1,0,0.0000000,0.0000000,0.0000000,0,0,0,0
756769961289625 D 113,2181785339,1000,1555,1555,2.3853402,-0.00044,-1,-1,-1,0,0,0,136,1,1,0,0.0000000,0.0000000,0.0000000,0,0,0,0
756769962262500 D 114,2181786339,1000,1555,1555,2.3853402,-0.00042,-1,-1,-1,0,0,0,136,1,1,0,0.0000000,0.0000000,0.0000000,0,0,0,0
756769963300333 D 115,2181787339,1000,1555,1555,2.3853402,-0.00040,-1,-1,-1,0,0,0,136,1,1,0,0.0000000,0.0000000,0.0000000,0,0,0,0
756769964328333 D 116,2181788339,1000,1555,1555,2.3853402,-0.00039,-1,-1,-1,0,0,0,136,1,1,0,0.0000000,0.0000000,0.0000000,0,0,0,0
756769965079750 D 117,2181789339,1000,1555,1555,2.3853402,-0.00037,-1,-1,-1,0,0,0,136,1,1,0,0.0000000,0.0000000,0.0000000,0,0,0,0
756769966078833 D 118,2181790339,1000,1555,1555,2.3853402,-0.00036,-1,-1,-1,0,0,0,136,1,1,0,0.0000000,0.0000000,0.0000000,0,0,0,0
756769967086666 D 119,2181791339,1000,1555,1555,2.3853402,-0.00034,-1,-1,-1,0,0,0,136,1,1,0,0.0000000,0.0000000,0.0000000,0,0,0,0
756769968093208 D 120,2181792339,1000,1555,1555,2.3853402,-0.00033,-1,-1,-1,0,0,0,136,1,1,0,0.0000000,0.0000000,0.0000000,0,0,0,0
756769969089250 D 121,2181793339,1000,1555,1555,2.3853402,-0.00032,-1,-1,-1,0,0,0,136,1,1,0,0.0000000,0.0000000,0.0000000,0,0,0,0
756769970107333 D 122,2181794339,1000,1555,1555,2.3853402,-0.00030,-1,-1,-1,0,0,0,136,1,1,0,0.0000000,0.0000000,0.0000000,0,0,0,0
756769971208333 D 123,2181795339,1000,1555,1555,2.3853402,-0.00029,-1,-1,-1,0,0,0,136,1,1,0,0.0000000,0.0000000,0.0000000,0,0,0,0
756769972102625 D 124,2181796339,1000,1555,1555,2.3853402,-0.00028,-1,-1,-1,0,0,0,136,1,1,0,0.0000000,0.0000000,0.0000000,0,0,0,0
756769973095333 D 125,2181797339,1000,1556,1556,2.3868742,0.05988,-1,-1,-1,0,0,0,136,1,1,0,0.0000000,0.0000000,0.0000000,0,0,0,0
756769974079750 D 126,2181798339,1000,1555,1555,2.3853402,-0.00262,-1,-1,-1,0,0,0,136,1,1,0,0.0000000,0.0000000,0.0000000,0,0,0,0
756769975103666 D 127,2181799339,1000,1555,1555,2.3853402,-0.00251,-1,-1,-1,0,0,0,136,1,1,0,0.0000000,0.0000000,0.0000000,0,0,0,0
756769976093000 D 128,2181800339,1000,1555,1555,2.3853402,-0.00242,-1,-1,-1,0,0,0,136,1,1,0,0.0000000,0.0000000,0.0000000,0,0,0,0
756769977090416 D 129,2181801339,1000,1555,1555,2.3853402,-0.00232,-1,-1,-1,0,0,0,136,1,1,0,0.0000000,0.0000000,0.0000000,0,0,0,0
756769978574666 D 130,2181802339,1000,1555,1555,2.3853402,-0.00223,39,128,2037,0,0,0,136,1,1,0,0.0000000,0.0000000,0.0000000,0,0,0,0
756769979115375 D 131,2181803339,1000,1555,1555,2.3853402,-0.00214,-1,-1,-1,0,0,0,136,1,1,0,0.0000000,0.0000000,0.0000000,0,0,0,0
756769980116541 D 132,2181804339,1000,1555,1555,2.3853402,-0.00206,-1,-1,-1,0,0,0,136,1,1,0,0.0000000,0.0000000,0.0000000,0,0,0,0
756769981128375 D 133,2181805339,1000,1555,1555,2.3853402,-0.00198,-1,-1,-1,0,0,0,136,1,1,0,0.0000000,0.0000000,0.0000000,0,0,0,0
756769982117958 D 134,2181806339,1000,1555,1555,2.3853402,-0.00190,-1,-1,-1,0,0,0,136,1,1,0,0.0000000,0.0000000,0.0000000,0,0,0,0
756769983153500 D 135,2181807339,1000,1555,1555,2.3853402,-0.00183,-1,-1,-1,0,0,0,136,1,1,0,0.0000000,0.0000000,0.0000000,0,0,0,0
756769984136916 D 136,2181808339,1000,1555,1555,2.3853402,-0.00175,-1,-1,-1,0,0,0,136,1,1,0,0.0000000,0.0000000,0.0000000,0,0,0,0
756769985142291 D 137,2181809339,1000,1555,1555,2.3853402,-0.00169,-1,-1,-1,0,0,0,136,1,1,0,0.0000000,0.0000000,0.0000000,0,0,0,0
756769986121083 D 138,2181810339,1000,1555,1555,2.3853402,-0.00162,-1,-1,-1,0,0,0,136,1,1,0,0.0000000,0.0000000,0.0000000,0,0,0,0
756769987168541 D 139,2181811339,1000,1555,1555,2.3853402,-0.00156,-1,-1,-1,0,0,0,136,1,1,0,0.0000000,0.0000000,0.0000000,0,0,0,0
756769988168875 D 140,2181812339,1000,1555,1555,2.3853402,-0.00149,-1,-1,-1,0,0,0,136,1,1,0,0.0000000,0.0000000,0.0000000,0,0,0,0
756769989194625 D 141,2181813339,1000,1555,1555,2.3853402,-0.00144,-1,-1,-1,0,0,0,136,1,1,0,0.0000000,0.0000000,0.0000000,0,0,0,0
756769990163541 D 142,2181814339,1000,1555,1555,2.3853402,-0.00138,-1,-1,-1,0,0,0,135,1,1,0,0.0000000,0.0000000,0.0000000,0,0,0,0
756769991143208 D 143,2181815339,1000,1555,1555,2.3853402,-0.00133,-1,-1,-1,0,0,0,136,1,1,0,0.0000000,0.0000000,0.0000000,0,0,0,0
756769992133750 D 144,2181816339,1000,1555,1555,2.3853402,-0.00127,-1,-1,-1,0,0,0,136,1,1,0,0.0000000,0.0000000,0.0000000,0,0,0,0
756769993183250 D 145,2181817339,1000,1555,1555,2.3853402,-0.00122,-1,-1,-1,0,0,0,136,1,1,0,0.0000000,0.0000000,0.0000000,0,0,0,0
756769994176250 D 146,2181818339,1000,1555,1555,2.3853402,-0.00118,-1,-1,-1,0,0,0,136,1,1,0,0.0000000,0.0000000,0.0000000,0,0,0,0
756769995174458 D 147,2181819339,1000,1555,1555,2.3853402,-0.00113,-1,-1,-1,0,0,0,136,1,1,0,0.0000000,0.0000000,0.0000000,0,0,0,0
756769996171291 D 148,2181820339,1000,1555,1555,2.3853402,-0.00109,-1,-1,-1,0,0,0,136,1,1,0,0.0000000,0.0000000,0.0000000,0,0,0,0
756769997170875 D 149,2181821339,1000,1555,1555,2.3853402,-0.00104,-1,-1,-1,0,0,0,136,1,1,0,0.0000000,0.0000000,0.0000000,0,0,0,0
756769998179500 D 150,2181822339,1000,1555,1555,2.3853402,-0.00100,-1,-1,-1,0,0,0,136,1,1,0,0.0000000,0.0000000,0.0000000,0,0,0,0
756769999177000 D 151,2181823339,1000,1555,1555,2.3853402,-0.00096,-1,-1,-1,0,0,0,136,1,1,0,0.0000000,0.0000000,0.0000000,0,0,0,0
756770000169041 D 152,2181824339,1000,1555,1555,2.3853402,-0.00093,-1,-1,-1,0,0,0,136,1,1,0,0.0000000,0.0000000,0.0000000,0,0,0,0
756770001175958 D 153,2181825339,1000,1555,1555,2.3853402,-0.00089,-1,-1,-1,0,0,0,136,1,1,0,0.0000000,0.0000000,0.0000000,0,0,0,0
756770002196375 D 154,2181826339,1000,1555,1555,2.3853402,-0.00085,-1,-1,-1,0,0,0,136,1,1,0,0.0000000,0.0000000,0.0000000,0,0,0,0
756770003240916 D 155,2181827339,1000,1555,1555,2.3853402,-0.00082,-1,-1,-1,0,0,0,136,1,1,0,0.0000000,0.0000000,0.0000000,0,0,0,0
756770004225708 D 156,2181828339,1000,1555,1555,2.3853402,-0.00079,-1,-1,-1,0,0,0,136,1,1,0,0.0000000,0.0000000,0.0000000,0,0,0,0
756770005235000 D 157,2181829339,1000,1555,1555,2.3853402,-0.00076,-1,-1,-1,0,0,0,136,1,1,0,0.0000000,0.0000000,0.0000000,0,0,0,0
756770006208291 D 158,2181830339,1000,1555,1555,2.3853402,-0.00073,-1,-1,-1,0,0,0,136,1,1,0,0.0000000,0.0000000,0.0000000,0,0,0,0
756770007196333 D 159,2181831339,1000,1555,1555,2.3853402,-0.00070,-1,-1,-1,0,0,0,136,1,1,0,0.0000000,0.0000000,0.0000000,0,0,0,0
756770008199875 D 160,2181832339,1000,1555,1555,2.3853402,-0.00067,-1,-1,-1,0,0,0,136,1,1,0,0.0000000,0.0000000,0.0000000,0,0,0,0
756770009197666 D 161,2181833339,1000,1555,1555,2.3853402,-0.00065,-1,-1,-1,0,0,0,136,1,1,0,0.0000000,0.0000000,0.0000000,0,0,0,0
756770010183083 D 162,2181834339,1000,1555,1555,2.3853402,-0.00062,-1,-1,-1,0,0,0,136,1,1,0,0.0000000,0.0000000,0.0000000,0,0,0,0
756770011248250 D 163,2181835339,1000,1555,1555,2.3853402,-0.00060,-1,-1,-1,0,0,0,136,1,1,0,0.0000000,0.0000000,0.0000000,0,0,0,0
756770012241166 D 164,2181836339,1000,1555,1555,2.3853402,-0.00057,-1,-1,-1,0,0,0,136,1,1,0,0.0000000,0.0000000,0.0000000,0,0,0,0
756770013249583 D 165,2181837339,1000,1555,1555,2.3853402,-0.00055,-1,-1,-1,0,0,0,136,1,1,0,0.0000000,0.0000000,0.0000000,0,0,0,0
756770014262708 D 166,2181838339,1000,1556,1556,2.3868742,0.05962,-1,-1,-1,0,0,0,136,1,1,0,0.0000000,0.0000000,0.0000000,0,0,0,0
756770015249791 D 167,2181839339,1000,1555,1555,2.3853402,-0.00287,-1,-1,-1,0,0,0,136,1,1,0,0.0000000,0.0000000,0.0000000,0,0,0,0
756770016242458 D 168,2181840339,1000,1556,1556,2.3868742,0.05739,-1,-1,-1,0,0,0,136,1,1,0,0.0000000,0.0000000,0.0000000,0,0,0,0
756770017244708 D 169,2181841339,1000,1556,1556,2.3868742,0.05514,-1,-1,-1,0,0,0,136,1,1,0,0.0000000,0.0000000,0.0000000,0,0,0,0
756770018255541 D 170,2181842339,1000,1555,1555,2.3853402,-0.00717,-1,-1,-1,0,0,0,136,1,1,0,0.0000000,0.0000000,0.0000000,0,0,0,0
756770019277583 D 171,2181843339,1000,1555,1555,2.3853402,-0.00689,-1,-1,-1,0,0,0,136,1,1,0,0.0000000,0.0000000,0.0000000,0,0,0,0
756770020258208 D 172,2181844339,1000,1555,1555,2.3853402,-0.00662,-1,-1,-1,0,0,0,136,1,1,0,0.0000000,0.0000000,0.0000000,0,0,0,0
756770021262500 D 173,2181845339,1000,1555,1555,2.3853402,-0.00636,-1,-1,-1,0,0,0,136,1,1,0,0.0000000,0.0000000,0.0000000,0,0,0,0
756770022257916 D 174,2181846339,1000,1555,1555,2.3853402,-0.00611,-1,-1,-1,0,0,0,136,1,1,0,0.0000000,0.0000000,0.0000000,0,0,0,0
756770023258875 D 175,2181847339,1000,1555,1555,2.3853402,-0.00587,-1,-1,-1,0,0,0,136,1,1,0,0.0000000,0.0000000,0.0000000,0,0,0,0
756770024248833 D 176,2181848339,1000,1555,1555,2.3853402,-0.00564,-1,-1,-1,0,0,0,136,1,1,0,0.0000000,0.0000000,0.0000000,0,0,0,0
756770025250500 D 177,2181849339,1000,1555,1555,2.3853402,-0.00542,-1,-1,-1,0,0,0,136,1,1,0,0.0000000,0.0000000,0.0000000,0,0,0,0
756770026242958 D 178,2181850339,1000,1555,1555,2.3853402,-0.00520,-1,-1,-1,0,0,0,136,1,1,0,0.0000000,0.0000000,0.0000000,0,0,0,0
756770027239625 D 179,2181851339,1000,1555,1555,2.3853402,-0.00500,-1,-1,-1,0,0,0,136,1,1,0,0.0000000,0.0000000,0.0000000,0,0,0,0
756770028682208 D 180,2181852339,1000,1555,1555,2.3853402,-0.00480,39,128,2035,0,0,0,136,1,1,0,0.0000000,0.0000000,0.0000000,0,0,0,0
756770029281458 D 181,2181853339,1000,1555,1555,2.3853402,-0.00462,-1,-1,-1,0,0,0,136,1,1,0,0.0000000,0.0000000,0.0000000,0,0,0,0
756770030249291 D 182,2181854339,1000,1555,1555,2.3853402,-0.00443,-1,-1,-1,0,0,0,136,1,1,0,0.0000000,0.0000000,0.0000000,0,0,0,0
756770031250375 D 183,2181855339,1000,1555,1555,2.3853402,-0.00426,-1,-1,-1,0,0,0,136,1,1,0,0.0000000,0.0000000,0.0000000,0,0,0,0
756770032240958 D 184,2181856339,1000,1555,1555,2.3853402,-0.00409,-1,-1,-1,0,0,0,135,1,1,0,0.0000000,0.0000000,0.0000000,0,0,0,0
756770033238916 D 185,2181857339,1000,1555,1555,2.3853402,-0.00393,-1,-1,-1,0,0,0,136,1,1,0,0.0000000,0.0000000,0.0000000,0,0,0,0
756770034257708 D 186,2181858339,1000,1555,1555,2.3853402,-0.00378,-1,-1,-1,0,0,0,136,1,1,0,0.0000000,0.0000000,0.0000000,0,0,0,0
756770035307791 D 187,2181859339,1000,1555,1555,2.3853402,-0.00363,-1,-1,-1,0,0,0,136,1,1,0,0.0000000,0.0000000,0.0000000,0,0,0,0
756770036299708 D 188,2181860339,1000,1555,1555,2.3853402,-0.00349,-1,-1,-1,0,0,0,136,1,1,0,0.0000000,0.0000000,0.0000000,0,0,0,0
756770037282916 D 189,2181861339,1000,1555,1555,2.3853402,-0.00335,-1,-1,-1,0,0,0,136,1,1,0,0.0000000,0.0000000,0.0000000,0,0,0,0
756770038267083 D 190,2181862339,1000,1555,1555,2.3853402,-0.00322,-1,-1,-1,0,0,0,136,1,1,0,0.0000000,0.0000000,0.0000000,0,0,0,0
756770039272083 D 191,2181863339,1000,1555,1555,2.3853402,-0.00309,-1,-1,-1,0,0,0,136,1,1,0,0.0000000,0.0000000,0.0000000,0,0,0,0
756770040258750 D 192,2181864339,1000,1555,1555,2.3853402,-0.00297,-1,-1,-1,0,0,0,136,1,1,0,0.0000000,0.0000000,0.0000000,0,0,0,0
756770041251375 D 193,2181865339,1000,1555,1555,2.3853402,-0.00286,-1,-1,-1,0,0,0,136,1,1,0,0.0000000,0.0000000,0.0000000,0,0,0,0
756770042278083 D 194,2181866339,1000,1555,1555,2.3853402,-0.00274,-1,-1,-1,0,0,0,136,1,1,0,0.0000000,0.0000000,0.0000000,0,0,0,0
756770043266958 D 195,2181867339,1000,1555,1555,2.3853402,-0.00264,-1,-1,-1,0,0,0,136,1,1,0,0.0000000,0.0000000,0.0000000,0,0,0,0
756770044256041 D 196,2181868339,1000,1555,1555,2.3853402,-0.00253,-1,-1,-1,0,0,0,136,1,1,0,0.0000000,0.0000000,0.0000000,0,0,0,0
756770045243333 D 197,2181869339,1000,1556,1556,2.3868742,0.05771,-1,-1,-1,0,0,0,136,1,1,0,0.0000000,0.0000000,0.0000000,0,0,0,0
756770046267666 D 198,2181870339,1000,1555,1555,2.3853402,-0.00470,-1,-1,-1,0,0,0,136,1,1,0,0.0000000,0.0000000,0.0000000,0,0,0,0
756770047297375 D 199,2181871339,1000,1555,1555,2.3853402,-0.00451,-1,-1,-1,0,0,0,136,1,1,0,0.0000000,0.0000000,0.0000000,0,0,0,0
756770048276166 D 200,2181872339,1000,1555,1555,2.3853402,-0.00434,-1,-1,-1,0,0,0,136,1,1,0,0.0000000,0.0000000,0.0000000,0,0,0,0
756770049252750 D 201,2181873339,1000,1555,1555,2.3853402,-0.00417,-1,-1,-1,0,0,0,136,1,1,0,0.0000000,0.0000000,0.0000000,0,0,0,0
756770050282750 D 202,2181874339,1000,1555,1555,2.3853402,-0.00400,-1,-1,-1,0,0,0,136,1,1,0,0.0000000,0.0000000,0.0000000,0,0,0,0
756770051259791 D 203,2181875339,1000,1555,1555,2.3853402,-0.00385,-1,-1,-1,0,0,0,136,1,1,0,0.0000000,0.0000000,0.0000000,0,0,0,0
756770052258166 D 204,2181876339,1000,1555,1555,2.3853402,-0.00369,-1,-1,-1,0,0,0,136,1,1,0,0.0000000,0.0000000,0.0000000,0,0,0,0
756770053259083 D 205,2181877339,1000,1555,1555,2.3853402,-0.00355,-1,-1,-1,0,0,0,136,1,1,0,0.0000000,0.0000000,0.0000000,0,0,0,0
756770054250000 D 206,2181878339,1000,1555,1555,2.3853402,-0.00341,-1,-1,-1,0,0,0,136,1,1,0,0.0000000,0.0000000,0.0000000,0,0,0,0
756770055273875 D 207,2181879339,1000,1555,1555,2.3853402,-0.00328,-1,-1,-1,0,0,0,136,1,1,0,0.0000000,0.0000000,0.0000000,0,0,0,0
756770056284750 D 208,2181880339,1000,1555,1555,2.3853402,-0.00315,-1,-1,-1,0,0,0,136,1,1,0,0.0000000,0.0000000,0.0000000,0,0,0,0
756770057272708 D 209,2181881339,1000,1555,1555,2.3853402,-0.00302,-1,-1,-1,0,0,0,136,1,1,0,0.0000000,0.0000000,0.0000000,0,0,0,0
756770058287250 D 210,2181882339,1000,1555,1555,2.3853402,-0.00291,-1,-1,-1,0,0,0,136,1,1,0,0.0000000,0.0000000,0.0000000,0,0,0,0
756770059320666 D 211,2181883339,1000,1555,1555,2.3853402,-0.00279,-1,-1,-1,0,0,0,136,1,1,0,0.0000000,0.0000000,0.0000000,0,0,0,0
756770060293958 D 212,2181884339,1000,1555,1555,2.3853402,-0.00268,-1,-1,-1,0,0,0,136,1,1,0,0.0000000,0.0000000,0.0000000,0,0,0,0
756770061256541 D 213,2181885339,1000,1555,1555,2.3853402,-0.00258,-1,-1,-1,0,0,0,136,1,1,0,0.0000000,0.0000000,0.0000000,0,0,0,0
756770062268416 D 214,2181886339,1000,1555,1555,2.3853402,-0.00248,-1,-1,-1,0,0,0,136,1,1,0,0.0000000,0.0000000,0.0000000,0,0,0,0
756770063291291 D 215,2181887339,1000,1555,1555,2.3853402,-0.00238,-1,-1,-1,0,0,0,136,1,1,0,0.0000000,0.0000000,0.0000000,0,0,0,0
756770064486875 D 216,2181888339,1000,1555,1555,2.3853402,-0.00229,-1,-1,-1,0,0,0,136,1,1,0,0.0000000,0.0000000,0.0000000,0,0,0,0
756770065477125 D 217,2181889339,1000,1555,1555,2.3853402,-0.00220,-1,-1,-1,0,0,0,136,1,1,0,0.0000000,0.0000000,0.0000000,0,0,0,0
756770066491208 D 218,2181890339,1000,1555,1555,2.3853402,-0.00211,-1,-1,-1,0,0,0,136,1,1,0,0.0000000,0.0000000,0.0000000,0,0,0,0
756770067473333 D 219,2181891339,1000,1555,1555,2.3853402,-0.00203,-1,-1,-1,0,0,0,136,1,1,0,0.0000000,0.0000000,0.0000000,0,0,0,0
756770068444500 D 220,2181892339,1000,1555,1555,2.3853402,-0.00195,-1,-1,-1,0,0,0,136,1,1,0,0.0000000,0.0000000,0.0000000,0,0,0,0
756770069247208 D 221,2181893339,1000,1555,1555,2.3853402,-0.00187,-1,-1,-1,0,0,0,136,1,1,0,0.0000000,0.0000000,0.0000000,0,0,0,0
756770070241000 D 222,2181894339,1000,1555,1555,2.3853402,-0.00180,-1,-1,-1,0,0,0,136,1,1,0,0.0000000,0.0000000,0.0000000,0,0,0,0
756770071260000 D 223,2181895339,1000,1555,1555,2.3853402,-0.00173,-1,-1,-1,0,0,0,136,1,1,0,0.0000000,0.0000000,0.0000000,0,0,0,0
756770072253625 D 224,2181896339,1000,1555,1555,2.3853402,-0.00166,-1,-1,-1,0,0,0,136,1,1,0,0.0000000,0.0000000,0.0000000,0,0,0,0
756770073253958 D 225,2181897339,1000,1555,1555,2.3853402,-0.00159,-1,-1,-1,0,0,0,136,1,1,0,0.0000000,0.0000000,0.0000000,0,0,0,0
756770074242833 D 226,2181898339,1000,1555,1555,2.3853402,-0.00153,-1,-1,-1,0,0,0,136,1,1,0,0.0000000,0.0000000,0.0000000,0,0,0,0
756770075249291 D 227,2181899339,1000,1555,1555,2.3853402,-0.00147,-1,-1,-1,0,0,0,136,1,1,0,0.0000000,0.0000000,0.0000000,0,0,0,0
756770076245666 D 228,2181900339,1000,1555,1555,2.3853402,-0.00141,-1,-1,-1,0,0,0,136,1,1,0,0.0000000,0.0000000,0.0000000,0,0,0,0
756770077248666 D 229,2181901339,1000,1555,1555,2.3853402,-0.00136,-1,-1,-1,0,0,0,136,1,1,0,0.0000000,0.0000000,0.0000000,0,0,0,0
756770078796333 D 230,2181902339,1000,1555,1555,2.3853402,-0.00131,39,128,2035,0,0,0,136,1,1,0,0.0000000,0.0000000,0.0000000,0,0,0,0
756770079616500 D 231,2181903339,1000,1555,1555,2.3853402,-0.00125,-1,-1,-1,0,0,0,136,1,1,0,0.0000000,0.0000000,0.0000000,0,0,0,0
756770080397166 D 232,2181904339,1000,1555,1555,2.3853402,-0.00121,-1,-1,-1,0,0,0,136,1,1,0,0.0000000,0.0000000,0.0000000,0,0,0,0
756770081253291 D 233,2181905339,1000,1555,1555,2.3853402,-0.00116,-1,-1,-1,0,0,0,136,1,1,0,0.0000000,0.0000000,0.0000000,0,0,0,0
756770082271208 D 234,2181906339,1000,1555,1555,2.3853402,-0.00111,-1,-1,-1,0,0,0,136,1,1,0,0.0000000,0.0000000,0.0000000,0,0,0,0
756770083261000 D 235,2181907339,1000,1555,1555,2.3853402,-0.00107,-1,-1,-1,0,0,0,136,1,1,0,0.0000000,0.0000000,0.0000000,0,0,0,0
756770084245708 D 236,2181908339,1000,1555,1555,2.3853402,-0.00103,-1,-1,-1,0,0,0,136,1,1,0,0.0000000,0.0000000,0.0000000,0,0,0,0
756770085251708 D 237,2181909339,1000,1556,1556,2.3868742,0.05916,-1,-1,-1,0,0,0,136,1,1,0,0.0000000,0.0000000,0.0000000,0,0,0,0
756770086253500 D 238,2181910339,1000,1555,1555,2.3853402,-0.00331,-1,-1,-1,0,0,0,136,1,1,0,0.0000000,0.0000000,0.0000000,0,0,0,0
756770087255791 D 239,2181911339,1000,1555,1555,2.3853402,-0.00318,-1,-1,-1,0,0,0,136,1,1,0,0.0000000,0.0000000,0.0000000,0,0,0,0
756770088243875 D 240,2181912339,1000,1555,1555,2.3853402,-0.00305,-1,-1,-1,0,0,0,136,1,1,0,0.0000000,0.0000000,0.0000000,0,0,0,0
756770089249208 D 241,2181913339,1000,1556,1556,2.3868742,0.05722,-1,-1,-1,0,0,0,136,1,1,0,0.0000000,0.0000000,0.0000000,0,0,0,0
756770090251333 D 242,2181914339,1000,1555,1555,2.3853402,-0.00518,-1,-1,-1,0,0,0,136,1,1,0,0.0000000,0.0000000,0.0000000,0,0,0,0
756770091271583 D 243,2181915339,1000,1555,1555,2.3853402,-0.00497,-1,-1,-1,0,0,0,136,1,1,0,0.0000000,0.0000000,0.0000000,0,0,0,0
756770092272083 D 244,2181916339,1000,1555,1555,2.3853402,-0.00478,-1,-1,-1,0,0,0,136,1,1,0,0.0000000,0.0000000,0.0000000,0,0,0,0
756770093252916 D 245,2181917339,1000,1555,1555,2.3853402,-0.00459,-1,-1,-1,0,0,0,136,1,1,0,0.0000000,0.0000000,0.0000000,0,0,0,0
756770094254583 D 246,2181918339,1000,1555,1555,2.3853402,-0.00441,-1,-1,-1,0,0,0,136,1,1,0,0.0000000,0.0000000,0.0000000,0,0,0,0
756770095256375 D 247,2181919339,1000,1555,1555,2.3853402,-0.00424,-1,-1,-1,0,0,0,136,1,1,0,0.0000000,0.0000000,0.0000000,0,0,0,0
756770096242333 D 248,2181920339,1000,1556,1556,2.3868742,0.05608,-1,-1,-1,0,0,0,136,1,1,0,0.0000000,0.0000000,0.0000000,0,0,0,0
756770097295000 D 249,2181921339,1000,1555,1555,2.3853402,-0.00627,-1,-1,-1,0,0,0,136,1,1,0,0.0000000,0.0000000,0.0000000,0,0,0,0
756770098319916 D 250,2181922339,1000,1555,1555,2.3853402,-0.00602,-1,-1,-1,0,0,0,136,1,1,0,0.0000000,0.0000000,0.0000000,0,0,0,0
756770099285833 D 251,2181923339,1000,1555,1555,2.3853402,-0.00579,-1,-1,-1,0,0,0,136,1,1,0,0.0000000,0.0000000,0.0000000,0,0,0,0
756770100268458 D 252,2181924339,1000,1555,1555,2.3853402,-0.00556,-1,-1,-1,0,0,0,136,1,1,0,0.0000000,0.0000000,0.0000000,0,0,0,0
756770101352458 D 253,2181925339,1000,1555,1555,2.3853402,-0.00534,-1,-1,-1,0,0,0,136,1,1,0,0.0000000,0.0000000,0.0000000,0,0,0,0
756770102398708 D 254,2181926339,1000,1555,1555,2.3853402,-0.00513,-1,-1,-1,0,0,0,136,1,1,0,0.0000000,0.0000000,0.0000000,0,0,0,0
756770103553500 D 255,2181927339,1000,1555,1555,2.3853402,-0.00493,-1,-1,-1,0,0,0,136,1,1,0,0.0000000,0.0000000,0.0000000,0,0,0,0
756770104506500 D 256,2181928339,1000,1555,1555,2.3853402,-0.00474,-1,-1,-1,0,0,0,136,1,1,0,0.0000000,0.0000000,0.0000000,0,0,0,0
756770105507416 D 257,2181929339,1000,1555,1555,2.3853402,-0.00455,-1,-1,-1,0,0,0,136,1,1,0,0.0000000,0.0000000,0.0000000,0,0,0,0
756770106354458 D 258,2181930339,1000,1555,1555,2.3853402,-0.00437,-1,-1,-1,0,0,0,136,1,1,0,0.0000000,0.0000000,0.0000000,0,0,0,0
756770107275958 D 259,2181931339,1000,1555,1555,2.3853402,-0.00420,-1,-1,-1,0,0,0,136,1,1,0,0.0000000,0.0000000,0.0000000,0,0,0,0
756770108282166 D 260,2181932339,1000,1555,1555,2.3853402,-0.00404,-1,-1,-1,0,0,0,136,1,1,0,0.0000000,0.0000000,0.0000000,0,0,0,0
756770109274833 D 261,2181933339,1000,1555,1555,2.3853402,-0.00388,-1,-1,-1,0,0,0,136,1,1,0,0.0000000,0.0000000,0.0000000,0,0,0,0
756770110265250 D 262,2181934339,1000,1555,1555,2.3853402,-0.00373,-1,-1,-1,0,0,0,136,1,1,0,0.0000000,0.0000000,0.0000000,0,0,0,0
756770111267958 D 263,2181935339,1000,1555,1555,2.3853402,-0.00358,-1,-1,-1,0,0,0,136,1,1,0,0.0000000,0.0000000,0.0000000,0,0,0,0
756770112285875 D 264,2181936339,1000,1555,1555,2.3853402,-0.00344,-1,-1,-1,0,0,0,136,1,1,0,0.0000000,0.0000000,0.0000000,0,0,0,0
756770113307250 D 265,2181937339,1000,1555,1555,2.3853402,-0.00331,-1,-1,-1,0,0,0,136,1,1,0,0.0000000,0.0000000,0.0000000,0,0,0,0
756770114289708 D 266,2181938339,1000,1555,1555,2.3853402,-0.00318,-1,-1,-1,0,0,0,136,1,1,0,0.0000000,0.0000000,0.0000000,0,0,0,0
756770115274125 D 267,2181939339,1000,1555,1555,2.3853402,-0.00305,-1,-1,-1,0,0,0,136,1,1,0,0.0000000,0.0000000,0.0000000,0,0,0,0
756770116270750 D 268,2181940339,1000,1555,1555,2.3853402,-0.00293,-1,-1,-1,0,0,0,136,1,1,0,0.0000000,0.0000000,0.0000000,0,0,0,0
756770117276625 D 269,2181941339,1000,1555,1555,2.3853402,-0.00282,-1,-1,-1,0,0,0,136,1,1,0,0.0000000,0.0000000,0.0000000,0,0,0,0
756770118279750 D 270,2181942339,1000,1555,1555,2.3853402,-0.00271,-1,-1,-1,0,0,0,136,1,1,0,0.0000000,0.0000000,0.0000000,0,0,0,0
756770119274000 D 271,2181943339,1000,1555,1555,2.3853402,-0.00260,-1,-1,-1,0,0,0,136,1,1,0,0.0000000,0.0000000,0.0000000,0,0,0,0
756770120266916 D 272,2181944339,1000,1555,1555,2.3853402,-0.00250,-1,-1,-1,0,0,0,136,1,1,0,0.0000000,0.0000000,0.0000000,0,0,0,0
756770121263875 D 273,2181945339,1000,1556,1556,2.3868742,0.05775,-1,-1,-1,0,0,0,136,1,1,0,0.0000000,0.0000000,0.0000000,0,0,0,0
756770122262208 D 274,2181946339,1000,1555,1555,2.3853402,-0.00467,-1,-1,-1,0,0,0,136,1,1,0,0.0000000,0.0000000,0.0000000,0,0,0,0
756770123499375 D 275,2181947339,1000,1555,1555,2.3853402,-0.00448,-1,-1,-1,0,0,0,136,1,1,0,0.0000000,0.0000000,0.0000000,0,0,0,0
756770124477166 D 276,2181948339,1000,1555,1555,2.3853402,-0.00431,-1,-1,-1,0,0,0,136,1,1,0,0.0000000,0.0000000,0.0000000,0,0,0,0
756770125486666 D 277,2181949339,1000,1555,1555,2.3853402,-0.00414,-1,-1,-1,0,0,0,136,1,1,0,0.0000000,0.0000000,0.0000000,0,0,0,0
756770126267916 D 278,2181950339,1000,1555,1555,2.3853402,-0.00398,-1,-1,-1,0,0,0,136,1,1,0,0.0000000,0.0000000,0.0000000,0,0,0,0
756770127263666 D 279,2181951339,1000,1555,1555,2.3853402,-0.00382,-1,-1,-1,0,0,0,136,1,1,0,0.0000000,0.0000000,0.0000000,0,0,0,0
756770128679666 D 280,2181952339,1000,1555,1555,2.3853402,-0.00367,39,128,2035,0,0,0,136,1,1,0,0.0000000,0.0000000,0.0000000,0,0,0,0
756770129278791 D 281,2181953339,1000,1555,1555,2.3853402,-0.00353,-1,-1,-1,0,0,0,136,1,1,0,0.0000000,0.0000000,0.0000000,0,0,0,0
756770130263833 D 282,2181954339,1000,1556,1556,2.3868742,0.05676,-1,-1,-1,0,0,0,136,1,1,0,0.0000000,0.0000000,0.0000000,0,0,0,0
756770131270750 D 283,2181955339,1000,1555,1555,2.3853402,-0.00561,-1,-1,-1,0,0,0,136,1,1,0,0.0000000,0.0000000,0.0000000,0,0,0,0
756770132259666 D 284,2181956339,1000,1555,1555,2.3853402,-0.00539,-1,-1,-1,0,0,0,136,1,1,0,0.0000000,0.0000000,0.0000000,0,0,0,0
756770133254458 D 285,2181957339,1000,1555,1555,2.3853402,-0.00518,-1,-1,-1,0,0,0,136,1,1,0,0.0000000,0.0000000,0.0000000,0,0,0,0
756770134269333 D 286,2181958339,1000,1555,1555,2.3853402,-0.00498,-1,-1,-1,0,0,0,136,1,1,0,0.0000000,0.0000000,0.0000000,0,0,0,0
756770135309875 D 287,2181959339,1000,1555,1555,2.3853402,-0.00478,-1,-1,-1,0,0,0,136,1,1,0,0.0000000,0.0000000,0.0000000,0,0,0,0
756770136416666 D 288,2181960339,1000,1555,1555,2.3853402,-0.00460,-1,-1,-1,0,0,0,136,1,1,0,0.0000000,0.0000000,0.0000000,0,0,0,0
756770137350583 D 289,2181961339,1000,1555,1555,2.3853402,-0.00442,-1,-1,-1,0,0,0,135,1,1,0,0.0000000,0.0000000,0.0000000,0,0,0,0
756770138307791 D 290,2181962339,1000,1555,1555,2.3853402,-0.00424,-1,-1,-1,0,0,0,136,1,1,0,0.0000000,0.0000000,0.0000000,0,0,0,0
756770139311291 D 291,2181963339,1000,1555,1555,2.3853402,-0.00408,-1,-1,-1,0,0,0,136,1,1,0,0.0000000,0.0000000,0.0000000,0,0,0,0
756770140296750 D 292,2181964339,1000,1555,1555,2.3853402,-0.00392,-1,-1,-1,0,0,0,136,1,1,0,0.0000000,0.0000000,0.0000000,0,0,0,0
756770141293708 D 293,2181965339,1000,1555,1555,2.3853402,-0.00376,-1,-1,-1,0,0,0,136,1,1,0,0.0000000,0.0000000,0.0000000,0,0,0,0
756770142287833 D 294,2181966339,1000,1555,1555,2.3853402,-0.00362,-1,-1,-1,0,0,0,136,1,1,0,0.0000000,0.0000000,0.0000000,0,0,0,0
756770143277958 D 295,2181967339,1000,1555,1555,2.3853402,-0.00347,-1,-1,-1,0,0,0,136,1,1,0,0.0000000,0.0000000,0.0000000,0,0,0,0
756770144339083 D 296,2181968339,1000,1555,1555,2.3853402,-0.00334,-1,-1,-1,0,0,0,136,1,1,0,0.0000000,0.0000000,0.0000000,0,0,0,0
756770145323750 D 297,2181969339,1000,1555,1555,2.3853402,-0.00321,-1,-1,-1,0,0,0,136,1,1,0,0.0000000,0.0000000,0.0000000,0,0,0,0
756770146296833 D 298,2181970339,1000,1555,1555,2.3853402,-0.00308,-1,-1,-1,0,0,0,136,1,1,0,0.0000000,0.0000000,0.0000000,0,0,0,0
756770147398041 D 299,2181971339,1000,1555,1555,2.3853402,-0.00296,-1,-1,-1,0,0,0,136,1,1,0,0.0000000,0.0000000,0.0000000,0,0,0,0
756770148336708 D 300,2181972339,1000,1555,1555,2.3853402,-0.00284,-1,-1,-1,0,0,0,136,1,1,0,0.0000000,0.0000000,0.0000000,0,0,0,0
756770149326208 D 301,2181973339,1000,1555,1555,2.3853402,-0.00273,-1,-1,-1,0,0,0,136,1,1,0,0.0000000,0.0000000,0.0000000,0,0,0,0
756770150290708 D 302,2181974339,1000,1556,1556,2.3868742,0.05752,-1,-1,-1,0,0,0,136,1,1,0,0.0000000,0.0000000,0.0000000,0,0,0,0
756770151278416 D 303,2181975339,1000,1555,1555,2.3853402,-0.00488,-1,-1,-1,0,0,0,136,1,1,0,0.0000000,0.0000000,0.0000000,0,0,0,0
756770152276375 D 304,2181976339,1000,1555,1555,2.3853402,-0.00469,-1,-1,-1,0,0,0,136,1,1,0,0.0000000,0.0000000,0.0000000,0,0,0,0
756770153264916 D 305,2181977339,1000,1555,1555,2.3853402,-0.00451,-1,-1,-1,0,0,0,136,1,1,0,0.0000000,0.0000000,0.0000000,0,0,0,0
756770154273041 D 306,2181978339,1000,1555,1555,2.3853402,-0.00433,-1,-1,-1,0,0,0,136,1,1,0,0.0000000,0.0000000,0.0000000,0,0,0,0
756770155257041 D 307,2181979339,1000,1555,1555,2.3853402,-0.00416,-1,-1,-1,0,0,0,136,1,1,0,0.0000000,0.0000000,0.0000000,0,0,0,0
756770156269375 D 308,2181980339,1000,1555,1555,2.3853402,-0.00400,-1,-1,-1,0,0,0,136,1,1,0,0.0000000,0.0000000,0.0000000,0,0,0,0
756770157267791 D 309,2181981339,1000,1555,1555,2.3853402,-0.00384,-1,-1,-1,0,0,0,136,1,1,0,0.0000000,0.0000000,0.0000000,0,0,0,0
756770158298958 D 310,2181982339,1000,1555,1555,2.3853402,-0.00369,-1,-1,-1,0,0,0,136,1,1,0,0.0000000,0.0000000,0.0000000,0,0,0,0
756770159515333 D 311,2181983339,1000,1555,1555,2.3853402,-0.00354,-1,-1,-1,0,0,0,136,1,1,0,0.0000000,0.0000000,0.0000000,0,0,0,0
756770160489708 D 312,2181984339,1000,1555,1555,2.3853402,-0.00341,-1,-1,-1,0,0,0,136,1,1,0,0.0000000,0.0000000,0.0000000,0,0,0,0
756770161408833 D 313,2181985339,1000,1555,1555,2.3853402,-0.00327,-1,-1,-1,0,0,0,136,1,1,0,0.0000000,0.0000000,0.0000000,0,0,0,0
756770162285416 D 314,2181986339,1000,1555,1555,2.3853402,-0.00314,-1,-1,-1,0,0,0,136,1,1,0,0.0000000,0.0000000,0.0000000,0,0,0,0
756770163271750 D 315,2181987339,1000,1555,1555,2.3853402,-0.00302,-1,-1,-1,0,0,0,136,1,1,0,0.0000000,0.0000000,0.0000000,0,0,0,0
756770164284750 D 316,2181988339,1000,1555,1555,2.3853402,-0.00290,-1,-1,-1,0,0,0,136,1,1,0,0.0000000,0.0000000,0.0000000,0,0,0,0
756770165329833 D 317,2181989339,1000,1555,1555,2.3853402,-0.00279,-1,-1,-1,0,0,0,136,1,1,0,0.0000000,0.0000000,0.0000000,0,0,0,0
756770166288750 D 318,2181990339,1000,1555,1555,2.3853402,-0.00268,-1,-1,-1,0,0,0,136,1,1,0,0.0000000,0.0000000,0.0000000,0,0,0,0
756770167272166 D 319,2181991339,1000,1555,1555,2.3853402,-0.00257,-1,-1,-1,0,0,0,136,1,1,0,0.0000000,0.0000000,0.0000000,0,0,0,0
756770168259208 D 320,2181992339,1000,1555,1555,2.3853402,-0.00247,-1,-1,-1,0,0,0,136,1,1,0,0.0000000,0.0000000,0.0000000,0,0,0,0
756770169269166 D 321,2181993339,1000,1555,1555,2.3853402,-0.00238,-1,-1,-1,0,0,0,136,1,1,0,0.0000000,0.0000000,0.0000000,0,0,0,0
756770170260583 D 322,2181994339,1000,1555,1555,2.3853402,-0.00228,-1,-1,-1,0,0,0,136,1,1,0,0.0000000,0.0000000,0.0000000,0,0,0,0
756770171349583 D 323,2181995339,1000,1555,1555,2.3853402,-0.00219,-1,-1,-1,0,0,0,136,1,1,0,0.0000000,0.0000000,0.0000000,0,0,0,0
756770172604125 D 324,2181996339,1000,1555,1555,2.3853402,-0.00211,-1,-1,-1,0,0,0,136,1,1,0,0.0000000,0.0000000,0.0000000,0,0,0,0
756770173599416 D 325,2181997339,1000,1555,1555,2.3853402,-0.00202,-1,-1,-1,0,0,0,136,1,1,0,0.0000000,0.0000000,0.0000000,0,0,0,0
756770174542375 D 326,2181998339,1000,1556,1556,2.3868742,0.05820,-1,-1,-1,0,0,0,136,1,1,0,0.0000000,0.0000000,0.0000000,0,0,0,0
756770175404208 D 327,2181999339,1000,1555,1555,2.3853402,-0.00423,-1,-1,-1,0,0,0,136,1,1,0,0.0000000,0.0000000,0.0000000,0,0,0,0
756770176368083 D 328,2182000339,1000,1555,1555,2.3853402,-0.00406,-1,-1,-1,0,0,0,136,1,1,0,0.0000000,0.0000000,0.0000000,0,0,0,0
756770177288625 D 329,2182001339,1000,1555,1555,2.3853402,-0.00390,-1,-1,-1,0,0,0,136,1,1,0,0.0000000,0.0000000,0.0000000,0,0,0,0
756770178824208 D 330,2182002339,1000,1555,1555,2.3853402,-0.00375,39,128,2034,0,0,0,136,1,1,0,0.0000000,0.0000000,0.0000000,0,0,0,0
756770179296875 D 331,2182003339,1000,1555,1555,2.3853402,-0.00360,-1,-1,-1,0,0,0,136,1,1,0,0.0000000,0.0000000,0.0000000,0,0,0,0
756770180158166 D 332,2182004339,1000,1555,1555,2.3853402,-0.00346,-1,-1,-1,0,0,0,136,1,1,0,0.0000000,0.0000000,0.0000000,0,0,0,0
756770181210000 D 333,2182005339,1000,1555,1555,2.3853402,-0.00333,-1,-1,-1,0,0,0,136,1,1,0,0.0000000,0.0000000,0.0000000,0,0,0,0
756770182310916 D 334,2182006339,1000,1555,1555,2.3853402,-0.00319,-1,-1,-1,0,0,0,136,1,1,0,0.0000000,0.0000000,0.0000000,0,0,0,0
756770183283125 D 335,2182007339,1000,1555,1555,2.3853402,-0.00307,-1,-1,-1,0,0,0,136,1,1,0,0.0000000,0.0000000,0.0000000,0,0,0,0
756770184278625 D 336,2182008339,1000,1555,1555,2.3853402,-0.00295,-1,-1,-1,0,0,0,136,1,1,0,0.0000000,0.0000000,0.0000000,0,0,0,0
756770185265875 D 337,2182009339,1000,1556,1556,2.3868742,0.05731,-1,-1,-1,0,0,0,136,1,1,0,0.0000000,0.0000000,0.0000000,0,0,0,0
756770186273375 D 338,2182010339,1000,1555,1555,2.3853402,-0.00508,-1,-1,-1,0,0,0,136,1,1,0,0.0000000,0.0000000,0.0000000,0,0,0,0
756770187265291 D 339,2182011339,1000,1555,1555,2.3853402,-0.00488,-1,-1,-1,0,0,0,136,1,1,0,0.0000000,0.0000000,0.0000000,0,0,0,0
756770188258125 D 340,2182012339,1000,1555,1555,2.3853402,-0.00469,-1,-1,-1,0,0,0,136,1,1,0,0.0000000,0.0000000,0.0000000,0,0,0,0
756770189256708 D 341,2182013339,1000,1555,1555,2.3853402,-0.00451,-1,-1,-1,0,0,0,136,1,1,0,0.0000000,0.0000000,0.0000000,0,0,0,0
756770190252375 D 342,2182014339,1000,1555,1555,2.3853402,-0.00433,-1,-1,-1,0,0,0,136,1,1,0,0.0000000,0.0000000,0.0000000,0,0,0,0
756770191287166 D 343,2182015339,1000,1555,1555,2.3853402,-0.00416,-1,-1,-1,0,0,0,136,1,1,0,0.0000000,0.0000000,0.0000000,0,0,0,0
756770192274458 D 344,2182016339,1000,1555,1555,2.3853402,-0.00400,-1,-1,-1,0,0,0,136,1,1,0,0.0000000,0.0000000,0.0000000,0,0,0,0
756770193287250 D 345,2182017339,1000,1555,1555,2.3853402,-0.00384,-1,-1,-1,0,0,0,136,1,1,0,0.0000000,0.0000000,0.0000000,0,0,0,0
756770194271000 D 346,2182018339,1000,1555,1555,2.3853402,-0.00369,-1,-1,-1,0,0,0,136,1,1,0,0.0000000,0.0000000,0.0000000,0,0,0,0
756770195277458 D 347,2182019339,1000,1555,1555,2.3853402,-0.00354,-1,-1,-1,0,0,0,136,1,1,0,0.0000000,0.0000000,0.0000000,0,0,0,0
756770196265333 D 348,2182020339,1000,1555,1555,2.3853402,-0.00341,-1,-1,-1,0,0,0,136,1,1,0,0.0000000,0.0000000,0.0000000,0,0,0,0
756770197245666 D 349,2182021339,1000,1555,1555,2.3853402,-0.00327,-1,-1,-1,0,0,0,136,1,1,0,0.0000000,0.0000000,0.0000000,0,0,0,0
756770198476750 D 350,2182022339,1000,1555,1555,2.3853402,-0.00314,-1,-1,-1,0,0,0,136,1,1,0,0.0000000,0.0000000,0.0000000,0,0,0,0
756770199463291 D 351,2182023339,1000,1555,1555,2.3853402,-0.00302,-1,-1,-1,0,0,0,136,1,1,0,0.0000000,0.0000000,0.0000000,0,0,0,0
756770200465750 D 352,2182024339,1000,1555,1555,2.3853402,-0.00290,-1,-1,-1,0,0,0,135,1,1,0,0.0000000,0.0000000,0.0000000,0,0,0,0
756770201286000 D 353,2182025339,1000,1555,1555,2.3853402,-0.00279,-1,-1,-1,0,0,0,136,1,1,0,0.0000000,0.0000000,0.0000000,0,0,0,0
756770202297583 D 354,2182026339,1000,1555,1555,2.3853402,-0.00268,-1,-1,-1,0,0,0,136,1,1,0,0.0000000,0.0000000,0.0000000,0,0,0,0
756770203254166 D 355,2182027339,1000,1555,1555,2.3853402,-0.00257,-1,-1,-1,0,0,0,136,1,1,0,0.0000000,0.0000000,0.0000000,0,0,0,0
756770204260166 D 356,2182028339,1000,1555,1555,2.3853402,-0.00247,-1,-1,-1,0,0,0,136,1,1,0,0.0000000,0.0000000,0.0000000,0,0,0,0
756770205253750 D 357,2182029339,1000,1555,1555,2.3853402,-0.00238,-1,-1,-1,0,0,0,136,1,1,0,0.0000000,0.0000000,0.0000000,0,0,0,0
756770206268833 D 358,2182030339,1000,1555,1555,2.3853402,-0.00228,-1,-1,-1,0,0,0,136,1,1,0,0.0000000,0.0000000,0.0000000,0,0,0,0
756770207394291 D 359,2182031339,1000,1555,1555,2.3853402,-0.00219,-1,-1,-1,0,0,0,136,1,1,0,0.0000000,0.0000000,0.0000000,0,0,0,0
756770208279083 D 360,2182032339,1000,1555,1555,2.3853402,-0.00211,-1,-1,-1,0,0,0,136,1,1,0,0.0000000,0.0000000,0.0000000,0,0,0,0
756770209259416 D 361,2182033339,1000,1555,1555,2.3853402,-0.00202,-1,-1,-1,0,0,0,136,1,1,0,0.0000000,0.0000000,0.0000000,0,0,0,0
756770210255041 D 362,2182034339,1000,1555,1555,2.3853402,-0.00195,-1,-1,-1,0,0,0,136,1,1,0,0.0000000,0.0000000,0.0000000,0,0,0,0
756770211268500 D 363,2182035339,1000,1555,1555,2.3853402,-0.00187,-1,-1,-1,0,0,0,136,1,1,0,0.0000000,0.0000000,0.0000000,0,0,0,0
756770212257833 D 364,2182036339,1000,1555,1555,2.3853402,-0.00180,-1,-1,-1,0,0,0,136,1,1,0,0.0000000,0.0000000,0.0000000,0,0,0,0
756770213258041 D 365,2182037339,1000,1555,1555,2.3853402,-0.00173,-1,-1,-1,0,0,0,136,1,1,0,0.0000000,0.0000000,0.0000000,0,0,0,0
756770214254625 D 366,2182038339,1000,1555,1555,2.3853402,-0.00166,-1,-1,-1,0,0,0,135,1,1,0,0.0000000,0.0000000,0.0000000,0,0,0,0
756770215253541 D 367,2182039339,1000,1555,1555,2.3853402,-0.00159,-1,-1,-1,0,0,0,136,1,1,0,0.0000000,0.0000000,0.0000000,0,0,0,0
756770216252458 D 368,2182040339,1000,1555,1555,2.3853402,-0.00153,-1,-1,-1,0,0,0,136,1,1,0,0.0000000,0.0000000,0.0000000,0,0,0,0
756770217256458 D 369,2182041339,1000,1555,1555,2.3853402,-0.00147,-1,-1,-1,0,0,0,136,1,1,0,0.0000000,0.0000000,0.0000000,0,0,0,0
756770218253041 D 370,2182042339,1000,1555,1555,2.3853402,-0.00141,-1,-1,-1,0,0,0,136,1,1,0,0.0000000,0.0000000,0.0000000,0,0,0,0
756770219253166 D 371,2182043339,1000,1555,1555,2.3853402,-0.00136,-1,-1,-1,0,0,0,136,1,1,0,0.0000000,0.0000000,0.0000000,0,0,0,0
756770220247666 D 372,2182044339,1000,1555,1555,2.3853402,-0.00130,-1,-1,-1,0,0,0,136,1,1,0,0.0000000,0.0000000,0.0000000,0,0,0,0
756770221249208 D 373,2182045339,1000,1555,1555,2.3853402,-0.00125,-1,-1,-1,0,0,0,136,1,1,0,0.0000000,0.0000000,0.0000000,0,0,0,0
756770222258666 D 374,2182046339,1000,1555,1555,2.3853402,-0.00120,-1,-1,-1,0,0,0,136,1,1,0,0.0000000,0.0000000,0.0000000,0,0,0,0
756770223285666 D 375,2182047339,1000,1555,1555,2.3853402,-0.00116,-1,-1,-1,0,0,0,136,1,1,0,0.0000000,0.0000000,0.0000000,0,0,0,0
756770224263041 D 376,2182048339,1000,1555,1555,2.3853402,-0.00111,-1,-1,-1,0,0,0,136,1,1,0,0.0000000,0.0000000,0.0000000,0,0,0,0
756770225273458 D 377,2182049339,1000,1555,1555,2.3853402,-0.00107,-1,-1,-1,0,0,0,136,1,1,0,0.0000000,0.0000000,0.0000000,0,0,0,0
756770226250166 D 378,2182050339,1000,1555,1555,2.3853402,-0.00103,-1,-1,-1,0,0,0,136,1,1,0,0.0000000,0.0000000,0.0000000,0,0,0,0
756770227259875 D 379,2182051339,1000,1555,1555,2.3853402,-0.00099,-1,-1,-1,0,0,0,136,1,1,0,0.0000000,0.0000000,0.0000000,0,0,0,0
756770228689333 D 380,2182052339,1000,1555,1555,2.3853402,-0.00095,39,128,2035,0,0,0,136,1,1,0,0.0000000,0.0000000,0.0000000,0,0,0,0
756770229288416 D 381,2182053339,1000,1555,1555,2.3853402,-0.00091,-1,-1,-1,0,0,0,136,1,1,0,0.0000000,0.0000000,0.0000000,0,0,0,0
756770230475125 D 382,2182054339,1000,1555,1555,2.3853402,-0.00087,-1,-1,-1,0,0,0,136,1,1,0,0.0000000,0.0000000,0.0000000,0,0,0,0
756770231474416 D 383,2182055339,1000,1555,1555,2.3853402,-0.00084,-1,-1,-1,0,0,0,136,1,1,0,0.0000000,0.0000000,0.0000000,0,0,0,0
756770232464000 D 384,2182056339,1000,1555,1555,2.3853402,-0.00081,-1,-1,-1,0,0,0,136,1,1,0,0.0000000,0.0000000,0.0000000,0,0,0,0
756770233482958 D 385,2182057339,1000,1555,1555,2.3853402,-0.00078,-1,-1,-1,0,0,0,136,1,1,0,0.0000000,0.0000000,0.0000000,0,0,0,0
756770234464500 D 386,2182058339,1000,1555,1555,2.3853402,-0.00074,-1,-1,-1,0,0,0,136,1,1,0,0.0000000,0.0000000,0.0000000,0,0,0,0
756770235470125 D 387,2182059339,1000,1555,1555,2.3853402,-0.00072,-1,-1,-1,0,0,0,136,1,1,0,0.0000000,0.0000000,0.0000000,0,0,0,0
756770236464958 D 388,2182060339,1000,1555,1555,2.3853402,-0.00069,-1,-1,-1,0,0,0,136,1,1,0,0.0000000,0.0000000,0.0000000,0,0,0,0
756770237534500 D 389,2182061339,1000,1555,1555,2.3853402,-0.00066,-1,-1,-1,0,0,0,136,1,1,0,0.0000000,0.0000000,0.0000000,0,0,0,0
756770238569750 D 390,2182062339,1000,1555,1555,2.3853402,-0.00063,-1,-1,-1,0,0,0,136,1,1,0,0.0000000,0.0000000,0.0000000,0,0,0,0
756770239503791 D 391,2182063339,1000,1555,1555,2.3853402,-0.00061,-1,-1,-1,0,0,0,136,1,1,0,0.0000000,0.0000000,0.0000000,0,0,0,0
756770240406250 D 392,2182064339,1000,1555,1555,2.3853402,-0.00059,-1,-1,-1,0,0,0,136,1,1,0,0.0000000,0.0000000,0.0000000,0,0,0,0
756770241267541 D 393,2182065339,1000,1555,1555,2.3853402,-0.00056,-1,-1,-1,0,0,0,136,1,1,0,0.0000000,0.0000000,0.0000000,0,0,0,0
756770242273541 D 394,2182066339,1000,1555,1555,2.3853402,-0.00054,-1,-1,-1,0,0,0,136,1,1,0,0.0000000,0.0000000,0.0000000,0,0,0,0
756770243288625 D 395,2182067339,1000,1555,1555,2.3853402,-0.00052,-1,-1,-1,0,0,0,136,1,1,0,0.0000000,0.0000000,0.0000000,0,0,0,0
756770244298708 D 396,2182068339,1000,1555,1555,2.3853402,-0.00050,-1,-1,-1,0,0,0,136,1,1,0,0.0000000,0.0000000,0.0000000,0,0,0,0
756770245267500 D 397,2182069339,1000,1555,1555,2.3853402,-0.00048,-1,-1,-1,0,0,0,136,1,1,0,0.0000000,0.0000000,0.0000000,0,0,0,0
756770246252875 D 398,2182070339,1000,1555,1555,2.3853402,-0.00046,-1,-1,-1,0,0,0,136,1,1,0,0.0000000,0.0000000,0.0000000,0,0,0,0
756770247259791 D 399,2182071339,1000,1555,1555,2.3853402,-0.00044,-1,-1,-1,0,0,0,136,1,1,0,0.0000000,0.0000000,0.0000000,0,0,0,0
756770248269083 D 400,2182072339,1000,1555,1555,2.3853402,-0.00043,-1,-1,-1,0,0,0,136,1,1,0,0.0000000,0.0000000,0.0000000,0,0,0,0
756770249273458 D 401,2182073339,1000,1555,1555,2.3853402,-0.00041,-1,-1,-1,0,0,0,136,1,1,0,0.0000000,0.0000000,0.0000000,0,0,0,0
756770250259625 D 402,2182074339,1000,1555,1555,2.3853402,-0.00039,-1,-1,-1,0,0,0,136,1,1,0,0.0000000,0.0000000,0.0000000,0,0,0,0
756770251261041 D 403,2182075339,1000,1555,1555,2.3853402,-0.00038,-1,-1,-1,0,0,0,136,1,1,0,0.0000000,0.0000000,0.0000000,0,0,0,0
756770252257166 D 404,2182076339,1000,1555,1555,2.3853402,-0.00036,-1,-1,-1,0,0,0,136,1,1,0,0.0000000,0.0000000,0.0000000,0,0,0,0
756770253282541 D 405,2182077339,1000,1555,1555,2.3853402,-0.00035,-1,-1,-1,0,0,0,136,1,1,0,0.0000000,0.0000000,0.0000000,0,0,0,0
756770254307000 D 406,2182078339,1000,1555,1555,2.3853402,-0.00033,-1,-1,-1,0,0,0,136,1,1,0,0.0000000,0.0000000,0.0000000,0,0,0,0
756770255267958 D 407,2182079339,1000,1555,1555,2.3853402,-0.00032,-1,-1,-1,0,0,0,136,1,1,0,0.0000000,0.0000000,0.0000000,0,0,0,0
756770256287625 D 408,2182080339,1000,1555,1555,2.3853402,-0.00031,-1,-1,-1,0,0,0,135,1,1,0,0.0000000,0.0000000,0.0000000,0,0,0,0
756770257273208 D 409,2182081339,1000,1555,1555,2.3853402,-0.00030,-1,-1,-1,0,0,0,136,1,1,0,0.0000000,0.0000000,0.0000000,0,0,0,0
756770258266750 D 410,2182082339,1000,1555,1555,2.3853402,-0.00029,-1,-1,-1,0,0,0,136,1,1,0,0.0000000,0.0000000,0.0000000,0,0,0,0
756770259273125 D 411,2182083339,1000,1555,1555,2.3853402,-0.00027,-1,-1,-1,0,0,0,136,1,1,0,0.0000000,0.0000000,0.0000000,0,0,0,0
756770260272333 D 412,2182084339,1000,1555,1555,2.3853402,-0.00026,-1,-1,-1,0,0,0,136,1,1,0,0.0000000,0.0000000,0.0000000,0,0,0,0
756770261258583 D 413,2182085339,1000,1555,1555,2.3853402,-0.00025,-1,-1,-1,0,0,0,136,1,1,0,0.0000000,0.0000000,0.0000000,0,0,0,0
756770262247458 D 414,2182086339,1000,1555,1555,2.3853402,-0.00024,-1,-1,-1,0,0,0,136,1,1,0,0.0000000,0.0000000,0.0000000,0,0,0,0
756770263478666 D 415,2182087339,1000,1555,1555,2.3853402,-0.00023,-1,-1,-1,0,0,0,136,1,1,0,0.0000000,0.0000000,0.0000000,0,0,0,0
756770264481083 D 416,2182088339,1000,1555,1555,2.3853402,-0.00022,-1,-1,-1,0,0,0,136,1,1,0,0.0000000,0.0000000,0.0000000,0,0,0,0
756770265481708 D 417,2182089339,1000,1555,1555,2.3853402,-0.00022,-1,-1,-1,0,0,0,136,1,1,0,0.0000000,0.0000000,0.0000000,0,0,0,0
756770266478625 D 418,2182090339,1000,1555,1555,2.3853402,-0.00021,-1,-1,-1,0,0,0,136,1,1,0,0.0000000,0.0000000,0.0000000,0,0,0,0
756770267477875 D 419,2182091339,1000,1555,1555,2.3853402,-0.00020,-1,-1,-1,0,0,0,136,1,1,0,0.0000000,0.0000000,0.0000000,0,0,0,0
756770268476583 D 420,2182092339,1000,1555,1555,2.3853402,-0.00019,-1,-1,-1,0,0,0,136,1,1,0,0.0000000,0.0000000,0.0000000,0,0,0,0
756770269485625 D 421,2182093339,1000,1555,1555,2.3853402,-0.00018,-1,-1,-1,0,0,0,136,1,1,0,0.0000000,0.0000000,0.0000000,0,0,0,0
756770270532500 D 422,2182094339,1000,1555,1555,2.3853402,-0.00018,-1,-1,-1,0,0,0,136,1,1,0,0.0000000,0.0000000,0.0000000,0,0,0,0
756770271479833 D 423,2182095339,1000,1555,1555,2.3853402,-0.00017,-1,-1,-1,0,0,0,136,1,1,0,0.0000000,0.0000000,0.0000000,0,0,0,0
756770272291291 D 424,2182096339,1000,1555,1555,2.3853402,-0.00016,-1,-1,-1,0,0,0,136,1,1,0,0.0000000,0.0000000,0.0000000,0,0,0,0
756770273252791 D 425,2182097339,1000,1555,1555,2.3853402,-0.00016,-1,-1,-1,0,0,0,136,1,1,0,0.0000000,0.0000000,0.0000000,0,0,0,0
756770274250375 D 426,2182098339,1000,1556,1556,2.3868742,0.06000,-1,-1,-1,0,0,0,136,1,1,0,0.0000000,0.0000000,0.0000000,0,0,0,0
756770275285583 D 427,2182099339,1000,1555,1555,2.3853402,-0.00250,-1,-1,-1,0,0,0,136,1,1,0,0.0000000,0.0000000,0.0000000,0,0,0,0
756770276263458 D 428,2182100339,1000,1555,1555,2.3853402,-0.00240,-1,-1,-1,0,0,0,136,1,1,0,0.0000000,0.0000000,0.0000000,0,0,0,0
756770277254458 D 429,2182101339,1000,1555,1555,2.3853402,-0.00231,-1,-1,-1,0,0,0,136,1,1,0,0.0000000,0.0000000,0.0000000,0,0,0,0
756770278890000 D 430,2182102339,1000,1555,1555,2.3853402,-0.00222,39,128,2035,0,0,0,136,1,1,0,0.0000000,0.0000000,0.0000000,0,0,0,0
756770279711458 D 431,2182103339,1000,1555,1555,2.3853402,-0.00213,-1,-1,-1,0,0,0,136,1,1,0,0.0000000,0.0000000,0.0000000,0,0,0,0
756770280522875 D 432,2182104339,1000,1555,1555,2.3853402,-0.00205,-1,-1,-1,0,0,0,136,1,1,0,0.0000000,0.0000000,0.0000000,0,0,0,0
756770281473125 D 433,2182105339,1000,1555,1555,2.3853402,-0.00197,-1,-1,-1,0,0,0,136,1,1,0,0.0000000,0.0000000,0.0000000,0,0,0,0
756770282275125 D 434,2182106339,1000,1555,1555,2.3853402,-0.00189,-1,-1,-1,0,0,0,136,1,1,0,0.0000000,0.0000000,0.0000000,0,0,0,0
756770283256166 D 435,2182107339,1000,1555,1555,2.3853402,-0.00182,-1,-1,-1,0,0,0,136,1,1,0,0.0000000,0.0000000,0.0000000,0,0,0,0
756770284274083 D 436,2182108339,1000,1555,1555,2.3853402,-0.00175,-1,-1,-1,0,0,0,136,1,1,0,0.0000000,0.0000000,0.0000000,0,0,0,0
756770285267208 D 437,2182109339,1000,1555,1555,2.3853402,-0.00168,-1,-1,-1,0,0,0,136,1,1,0,0.0000000,0.0000000,0.0000000,0,0,0,0
756770286254250 D 438,2182110339,1000,1555,1555,2.3853402,-0.00161,-1,-1,-1,0,0,0,136,1,1,0,0.0000000,0.0000000,0.0000000,0,0,0,0
756770287629250 D 439,2182111339,1000,1555,1555,2.3853402,-0.00155,-1,-1,-1,0,0,0,136,1,1,0,0.0000000,0.0000000,0.0000000,0,0,0,0
756770288593666 D 440,2182112339,1000,1555,1555,2.3853402,-0.00149,-1,-1,-1,0,0,0,136,1,1,0,0.0000000,0.0000000,0.0000000,0,0,0,0
756770289325916 D 441,2182113339,1000,1555,1555,2.3853402,-0.00143,-1,-1,-1,0,0,0,136,1,1,0,0.0000000,0.0000000,0.0000000,0,0,0,0
756770290269916 D 442,2182114339,1000,1555,1555,2.3853402,-0.00137,-1,-1,-1,0,0,0,136,1,1,0,0.0000000,0.0000000,0.0000000,0,0,0,0
756770291263708 D 443,2182115339,1000,1555,1555,2.3853402,-0.00132,-1,-1,-1,0,0,0,136,1,1,0,0.0000000,0.0000000,0.0000000,0,0,0,0
756770292252875 D 444,2182116339,1000,1555,1555,2.3853402,-0.00127,-1,-1,-1,0,0,0,136,1,1,0,0.0000000,0.0000000,0.0000000,0,0,0,0
756770293248666 D 445,2182117339,1000,1555,1555,2.3853402,-0.00122,-1,-1,-1,0,0,0,136,1,1,0,0.0000000,0.0000000,0.0000000,0,0,0,0
756770294269000 D 446,2182118339,1000,1555,1555,2.3853402,-0.00117,-1,-1,-1,0,0,0,136,1,1,0,0.0000000,0.0000000,0.0000000,0,0,0,0
756770295260041 D 447,2182119339,1000,1555,1555,2.3853402,-0.00112,-1,-1,-1,0,0,0,136,1,1,0,0.0000000,0.0000000,0.0000000,0,0,0,0
756770296260541 D 448,2182120339,1000,1555,1555,2.3853402,-0.00108,-1,-1,-1,0,0,0,136,1,1,0,0.0000000,0.0000000,0.0000000,0,0,0,0
756770297250000 D 449,2182121339,1000,1555,1555,2.3853402,-0.00104,-1,-1,-1,0,0,0,136,1,1,0,0.0000000,0.0000000,0.0000000,0,0,0,0
756770298263750 D 450,2182122339,1000,1555,1555,2.3853402,-0.00100,-1,-1,-1,0,0,0,136,1,1,0,0.0000000,0.0000000,0.0000000,0,0,0,0
756770299243458 D 451,2182123339,1000,1555,1555,2.3853402,-0.00096,-1,-1,-1,0,0,0,136,1,1,0,0.0000000,0.0000000,0.0000000,0,0,0,0
756770300253250 D 452,2182124339,1000,1555,1555,2.3853402,-0.00092,-1,-1,-1,0,0,0,136,1,1,0,0.0000000,0.0000000,0.0000000,0,0,0,0
756770301269708 D 453,2182125339,1000,1555,1555,2.3853402,-0.00088,-1,-1,-1,0,0,0,136,1,1,0,0.0000000,0.0000000,0.0000000,0,0,0,0
756770302260750 D 454,2182126339,1000,1555,1555,2.3853402,-0.00085,-1,-1,-1,0,0,0,136,1,1,0,0.0000000,0.0000000,0.0000000,0,0,0,0
756770303253958 D 455,2182127339,1000,1555,1555,2.3853402,-0.00082,-1,-1,-1,0,0,0,136,1,1,0,0.0000000,0.0000000,0.0000000,0,0,0,0
756770304262083 D 456,2182128339,1000,1555,1555,2.3853402,-0.00078,-1,-1,-1,0,0,0,136,1,1,0,0.0000000,0.0000000,0.0000000,0,0,0,0
756770305251375 D 457,2182129339,1000,1555,1555,2.3853402,-0.00075,-1,-1,-1,0,0,0,136,1,1,0,0.0000000,0.0000000,0.0000000,0,0,0,0
756770306245333 D 458,2182130339,1000,1555,1555,2.3853402,-0.00072,-1,-1,-1,0,0,0,136,1,1,0,0.0000000,0.0000000,0.0000000,0,0,0,0
756770307261500 D 459,2182131339,1000,1555,1555,2.3853402,-0.00070,-1,-1,-1,0,0,0,136,1,1,0,0.0000000,0.0000000,0.0000000,0,0,0,0
756770308250750 D 460,2182132339,1000,1555,1555,2.3853402,-0.00067,-1,-1,-1,0,0,0,136,1,1,0,0.0000000,0.0000000,0.0000000,0,0,0,0
756770309471666 D 461,2182133339,1000,1555,1555,2.3853402,-0.00064,-1,-1,-1,0,0,0,136,1,1,0,0.0000000,0.0000000,0.0000000,0,0,0,0
756770310466666 D 462,2182134339,1000,1555,1555,2.3853402,-0.00062,-1,-1,-1,0,0,0,136,1,1,0,0.0000000,0.0000000,0.0000000,0,0,0,0
756770311473750 D 463,2182135339,1000,1556,1556,2.3868742,0.05956,-1,-1,-1,0,0,0,136,1,1,0,0.0000000,0.0000000,0.0000000,0,0,0,0
756770312499500 D 464,2182136339,1000,1555,1555,2.3853402,-0.00293,-1,-1,-1,0,0,0,136,1,1,0,0.0000000,0.0000000,0.0000000,0,0,0,0
756770313490375 D 465,2182137339,1000,1555,1555,2.3853402,-0.00281,-1,-1,-1,0,0,0,136,1,1,0,0.0000000,0.0000000,0.0000000,0,0,0,0
756770314474541 D 466,2182138339,1000,1556,1556,2.3868742,0.05745,-1,-1,-1,0,0,0,136,1,1,0,0.0000000,0.0000000,0.0000000,0,0,0,0
756770315502125 D 467,2182139339,1000,1555,1555,2.3853402,-0.00496,-1,-1,-1,0,0,0,136,1,1,0,0.0000000,0.0000000,0.0000000,0,0,0,0
756770316503916 D 468,2182140339,1000,1555,1555,2.3853402,-0.00476,-1,-1,-1,0,0,0,136,1,1,0,0.0000000,0.0000000,0.0000000,0,0,0,0
756770317422208 D 469,2182141339,1000,1555,1555,2.3853402,-0.00457,-1,-1,-1,0,0,0,136,1,1,0,0.0000000,0.0000000,0.0000000,0,0,0,0
756770318254041 D 470,2182142339,1000,1555,1555,2.3853402,-0.00440,-1,-1,-1,0,0,0,136,1,1,0,0.0000000,0.0000000,0.0000000,0,0,0,0
756770319248791 D 471,2182143339,1000,1555,1555,2.3853402,-0.00422,-1,-1,-1,0,0,0,135,1,1,0,0.0000000,0.0000000,0.0000000,0,0,0,0
756770320248583 D 472,2182144339,1000,1555,1555,2.3853402,-0.00406,-1,-1,-1,0,0,0,136,1,1,0,0.0000000,0.0000000,0.0000000,0,0,0,0
756770321246125 D 473,2182145339,1000,1555,1555,2.3853402,-0.00390,-1,-1,-1,0,0,0,136,1,1,0,0.0000000,0.0000000,0.0000000,0,0,0,0
756770322245625 D 474,2182146339,1000,1555,1555,2.3853402,-0.00375,-1,-1,-1,0,0,0,136,1,1,0,0.0000000,0.0000000,0.0000000,0,0,0,0
756770323248750 D 475,2182147339,1000,1555,1555,2.3853402,-0.00360,-1,-1,-1,0,0,0,136,1,1,0,0.0000000,0.0000000,0.0000000,0,0,0,0
756770324249750 D 476,2182148339,1000,1555,1555,2.3853402,-0.00346,-1,-1,-1,0,0,0,136,1,1,0,0.0000000,0.0000000,0.0000000,0,0,0,0
756770325263083 D 477,2182149339,1000,1555,1555,2.3853402,-0.00332,-1,-1,-1,0,0,0,136,1,1,0,0.0000000,0.0000000,0.0000000,0,0,0,0
756770326252333 D 478,2182150339,1000,1555,1555,2.3853402,-0.00319,-1,-1,-1,0,0,0,136,1,1,0,0.0000000,0.0000000,0.0000000,0,0,0,0
756770327263791 D 479,2182151339,1000,1555,1555,2.3853402,-0.00307,-1,-1,-1,0,0,0,136,1,1,0,0.0000000,0.0000000,0.0000000,0,0,0,0
756770328741958 D 480,2182152339,1000,1555,1555,2.3853402,-0.00295,39,128,2035,0,0,0,136,1,1,0,0.0000000,0.0000000,0.0000000,0,0,0,0
756770329346875 D 481,2182153339,1000,1555,1555,2.3853402,-0.00283,-1,-1,-1,0,0,0,136,1,1,0,0.0000000,0.0000000,0.0000000,0,0,0,0
756770330262250 D 482,2182154339,1000,1555,1555,2.3853402,-0.00272,-1,-1,-1,0,0,0,136,1,1,0,0.0000000,0.0000000,0.0000000,0,0,0,0
756770331251083 D 483,2182155339,1000,1555,1555,2.3853402,-0.00261,-1,-1,-1,0,0,0,136,1,1,0,0.0000000,0.0000000,0.0000000,0,0,0,0
756770332267083 D 484,2182156339,1000,1555,1555,2.3853402,-0.00251,-1,-1,-1,0,0,0,136,1,1,0,0.0000000,0.0000000,0.0000000,0,0,0,0
756770333261083 D 485,2182157339,1000,1555,1555,2.3853402,-0.00241,-1,-1,-1,0,0,0,136,1,1,0,0.0000000,0.0000000,0.0000000,0,0,0,0
756770334248958 D 486,2182158339,1000,1555,1555,2.3853402,-0.00232,-1,-1,-1,0,0,0,136,1,1,0,0.0000000,0.0000000,0.0000000,0,0,0,0
756770335247291 D 487,2182159339,1000,1555,1555,2.3853402,-0.00223,-1,-1,-1,0,0,0,136,1,1,0,0.0000000,0.0000000,0.0000000,0,0,0,0
756770336247625 D 488,2182160339,1000,1555,1555,2.3853402,-0.00214,-1,-1,-1,0,0,0,136,1,1,0,0.0000000,0.0000000,0.0000000,0,0,0,0
756770337266458 D 489,2182161339,1000,1555,1555,2.3853402,-0.00206,-1,-1,-1,0,0,0,136,1,1,0,0.0000000,0.0000000,0.0000000,0,0,0,0
756770338300958 D 490,2182162339,1000,1555,1555,2.3853402,-0.00197,-1,-1,-1,0,0,0,136,1,1,0,0.0000000,0.0000000,0.0000000,0,0,0,0
756770339304958 D 491,2182163339,1000,1555,1555,2.3853402,-0.00190,-1,-1,-1,0,0,0,136,1,1,0,0.0000000,0.0000000,0.0000000,0,0,0,0
756770340494458 D 492,2182164339,1000,1555,1555,2.3853402,-0.00182,-1,-1,-1,0,0,0,135,1,1,0,0.0000000,0.0000000,0.0000000,0,0,0,0
756770341488458 D 493,2182165339,1000,1555,1555,2.3853402,-0.00175,-1,-1,-1,0,0,0,136,1,1,0,0.0000000,0.0000000,0.0000000,0,0,0,0
756770342491416 D 494,2182166339,1000,1555,1555,2.3853402,-0.00168,-1,-1,-1,0,0,0,136,1,1,0,0.0000000,0.0000000,0.0000000,0,0,0,0
756770343492666 D 495,2182167339,1000,1555,1555,2.3853402,-0.00162,-1,-1,-1,0,0,0,136,1,1,0,0.0000000,0.0000000,0.0000000,0,0,0,0
756770344474708 D 496,2182168339,1000,1555,1555,2.3853402,-0.00155,-1,-1,-1,0,0,0,136,1,1,0,0.0000000,0.0000000,0.0000000,0,0,0,0
756770345470791 D 497,2182169339,1000,1555,1555,2.3853402,-0.00149,-1,-1,-1,0,0,0,136,1,1,0,0.0000000,0.0000000,0.0000000,0,0,0,0
756770346478583 D 498,2182170339,1000,1556,1556,2.3868742,0.05871,-1,-1,-1,0,0,0,136,1,1,0,0.0000000,0.0000000,0.0000000,0,0,0,0
756770347527291 D 499,2182171339,1000,1556,1556,2.3868742,0.05641,-1,-1,-1,0,0,0,135,1,1,0,0.0000000,0.0000000,0.0000000,0,0,0,0
756770348564375 D 500,2182172339,1000,1555,1555,2.3853402,-0.00595,-1,-1,-1,0,0,0,136,1,1,0,0.0000000,0.0000000,0.0000000,0,0,0,0
756770349305708 D 501,2182173339,1000,1555,1555,2.3853402,-0.00571,-1,-1,-1,0,0,0,136,1,1,0,0.0000000,0.0000000,0.0000000,0,0,0,0
756770350263541 D 502,2182174339,1000,1555,1555,2.3853402,-0.00549,-1,-1,-1,0,0,0,136,1,1,0,0.0000000,0.0000000,0.0000000,0,0,0,0
756770351267125 D 503,2182175339,1000,1555,1555,2.3853402,-0.00528,-1,-1,-1,0,0,0,136,1,1,0,0.0000000,0.0000000,0.0000000,0,0,0,0
756770352265041 D 504,2182176339,1000,1555,1555,2.3853402,-0.00507,-1,-1,-1,0,0,0,136,1,1,0,0.0000000,0.0000000,0.0000000,0,0,0,0
756770353259125 D 505,2182177339,1000,1555,1555,2.3853402,-0.00487,-1,-1,-1,0,0,0,136,1,1,0,0.0000000,0.0000000,0.0000000,0,0,0,0
756770354258333 D 506,2182178339,1000,1555,1555,2.3853402,-0.00468,-1,-1,-1,0,0,0,136,1,1,0,0.0000000,0.0000000,0.0000000,0,0,0,0
756770355261541 D 507,2182179339,1000,1555,1555,2.3853402,-0.00450,-1,-1,-1,0,0,0,136,1,1,0,0.0000000,0.0000000,0.0000000,0,0,0,0
756770356276541 D 508,2182180339,1000,1555,1555,2.3853402,-0.00432,-1,-1,-1,0,0,0,136,1,1,0,0.0000000,0.0000000,0.0000000,0,0,0,0
756770357254000 D 509,2182181339,1000,1555,1555,2.3853402,-0.00415,-1,-1,-1,0,0,0,136,1,1,0,0.0000000,0.0000000,0.0000000,0,0,0,0
756770358259666 D 510,2182182339,1000,1556,1556,2.3868742,0.05616,-1,-1,-1,0,0,0,136,1,1,0,0.0000000,0.0000000,0.0000000,0,0,0,0
756770359243375 D 511,2182183339,1000,1555,1555,2.3853402,-0.00619,-1,-1,-1,0,0,0,136,1,1,0,0.0000000,0.0000000,0.0000000,0,0,0,0
756770360247000 D 512,2182184339,1000,1555,1555,2.3853402,-0.00595,-1,-1,-1,0,0,0,136,1,1,0,0.0000000,0.0000000,0.0000000,0,0,0,0
756770361238791 D 513,2182185339,1000,1555,1555,2.3853402,-0.00571,-1,-1,-1,0,0,0,135,1,1,0,0.0000000,0.0000000,0.0000000,0,0,0,0
756770362249583 D 514,2182186339,1000,1555,1555,2.3853402,-0.00549,-1,-1,-1,0,0,0,136,1,1,0,0.0000000,0.0000000,0.0000000,0,0,0,0
756770363304083 D 515,2182187339,1000,1555,1555,2.3853402,-0.00527,-1,-1,-1,0,0,0,136,1,1,0,0.0000000,0.0000000,0.0000000,0,0,0,0
756770364279916 D 516,2182188339,1000,1555,1555,2.3853402,-0.00507,-1,-1,-1,0,0,0,136,1,1,0,0.0000000,0.0000000,0.0000000,0,0,0,0
756770365244958 D 517,2182189339,1000,1555,1555,2.3853402,-0.00487,-1,-1,-1,0,0,0,136,1,1,0,0.0000000,0.0000000,0.0000000,0,0,0,0
756770366246250 D 518,2182190339,1000,1555,1555,2.3853402,-0.00468,-1,-1,-1,0,0,0,136,1,1,0,0.0000000,0.0000000,0.0000000,0,0,0,0
756770367254125 D 519,2182191339,1000,1555,1555,2.3853402,-0.00449,-1,-1,-1,0,0,0,136,1,1,0,0.0000000,0.0000000,0.0000000,0,0,0,0
756770368332583 D 520,2182192339,1000,1555,1555,2.3853402,-0.00432,-1,-1,-1,0,0,0,136,1,1,0,0.0000000,0.0000000,0.0000000,0,0,0,0
756770369274541 D 521,2182193339,1000,1555,1555,2.3853402,-0.00415,-1,-1,-1,0,0,0,136,1,1,0,0.0000000,0.0000000,0.0000000,0,0,0,0
756770370312666 D 522,2182194339,1000,1555,1555,2.3853402,-0.00399,-1,-1,-1,0,0,0,136,1,1,0,0.0000000,0.0000000,0.0000000,0,0,0,0
756770371291666 D 523,2182195339,1000,1555,1555,2.3853402,-0.00383,-1,-1,-1,0,0,0,136,1,1,0,0.0000000,0.0000000,0.0000000,0,0,0,0
756770372282208 D 524,2182196339,1000,1555,1555,2.3853402,-0.00368,-1,-1,-1,0,0,0,136,1,1,0,0.0000000,0.0000000,0.0000000,0,0,0,0
756770373452583 D 525,2182197339,1000,1555,1555,2.3853402,-0.00354,-1,-1,-1,0,0,0,136,1,1,0,0.0000000,0.0000000,0.0000000,0,0,0,0
756770374342291 D 526,2182198339,1000,1555,1555,2.3853402,-0.00340,-1,-1,-1,0,0,0,136,1,1,0,0.0000000,0.0000000,0.0000000,0,0,0,0
756770375278791 D 527,2182199339,1000,1555,1555,2.3853402,-0.00326,-1,-1,-1,0,0,0,136,1,1,0,0.0000000,0.0000000,0.0000000,0,0,0,0
756770376301916 D 528,2182200339,1000,1555,1555,2.3853402,-0.00314,-1,-1,-1,0,0,0,136,1,1,0,0.0000000,0.0000000,0.0000000,0,0,0,0
756770377288708 D 529,2182201339,1000,1556,1556,2.3868742,0.05714,-1,-1,-1,0,0,0,136,1,1,0,0.0000000,0.0000000,0.0000000,0,0,0,0
756770378753250 D 530,2182202339,1000,1555,1555,2.3853402,-0.00525,39,128,2035,0,0,0,136,1,1,0,0.0000000,0.0000000,0.0000000,0,0,0,0
756770379349500 D 531,2182203339,1000,1556,1556,2.3868742,0.05510,-1,-1,-1,0,0,0,136,1,1,0,0.0000000,0.0000000,0.0000000,0,0,0,0
756770380323041 D 532,2182204339,1000,1555,1555,2.3853402,-0.00721,-1,-1,-1,0,0,0,136,1,1,0,0.0000000,0.0000000,0.0000000,0,0,0,0
756770381383833 D 533,2182205339,1000,1555,1555,2.3853402,-0.00692,-1,-1,-1,0,0,0,136,1,1,0,0.0000000,0.0000000,0.0000000,0,0,0,0
756770382328583 D 534,2182206339,1000,1555,1555,2.3853402,-0.00665,-1,-1,-1,0,0,0,136,1,1,0,0.0000000,0.0000000,0.0000000,0,0,0,0
756770383293041 D 535,2182207339,1000,1555,1555,2.3853402,-0.00639,-1,-1,-1,0,0,0,136,1,1,0,0.0000000,0.0000000,0.0000000,0,0,0,0
756770384265875 D 536,2182208339,1000,1556,1556,2.3868742,0.05401,-1,-1,-1,0,0,0,136,1,1,0,0.0000000,0.0000000,0.0000000,0,0,0,0
756770385270916 D 537,2182209339,1000,1555,1555,2.3853402,-0.00826,-1,-1,-1,0,0,0,136,1,1,0,0.0000000,0.0000000,0.0000000,0,0,0,0
756770386275250 D 538,2182210339,1000,1555,1555,2.3853402,-0.00794,-1,-1,-1,0,0,0,136,1,1,0,0.0000000,0.0000000,0.0000000,0,0,0,0
756770387271708 D 539,2182211339,1000,1555,1555,2.3853402,-0.00762,-1,-1,-1,0,0,0,136,1,1,0,0.0000000,0.0000000,0.0000000,0,0,0,0
756770388282125 D 540,2182212339,1000,1555,1555,2.3853402,-0.00733,-1,-1,-1,0,0,0,136,1,1,0,0.0000000,0.0000000,0.0000000,0,0,0,0
756770389274375 D 541,2182213339,1000,1555,1555,2.3853402,-0.00704,-1,-1,-1,0,0,0,136,1,1,0,0.0000000,0.0000000,0.0000000,0,0,0,0
756770390261291 D 542,2182214339,1000,1555,1555,2.3853402,-0.00676,-1,-1,-1,0,0,0,136,1,1,0,0.0000000,0.0000000,0.0000000,0,0,0,0
756770391264000 D 543,2182215339,1000,1555,1555,2.3853402,-0.00650,-1,-1,-1,0,0,0,136,1,1,0,0.0000000,0.0000000,0.0000000,0,0,0,0
756770392258250 D 544,2182216339,1000,1555,1555,2.3853402,-0.00624,-1,-1,-1,0,0,0,136,1,1,0,0.0000000,0.0000000,0.0000000,0,0,0,0
756770393263875 D 545,2182217339,1000,1555,1555,2.3853402,-0.00600,-1,-1,-1,0,0,0,136,1,1,0,0.0000000,0.0000000,0.0000000,0,0,0,0
756770394279958 D 546,2182218339,1000,1555,1555,2.3853402,-0.00576,-1,-1,-1,0,0,0,136,1,1,0,0.0000000,0.0000000,0.0000000,0,0,0,0
756770395304500 D 547,2182219339,1000,1555,1555,2.3853402,-0.00554,-1,-1,-1,0,0,0,136,1,1,0,0.0000000,0.0000000,0.0000000,0,0,0,0
756770396276041 D 548,2182220339,1000,1555,1555,2.3853402,-0.00532,-1,-1,-1,0,0,0,135,1,1,0,0.0000000,0.0000000,0.0000000,0,0,0,0
756770397268625 D 549,2182221339,1000,1555,1555,2.3853402,-0.00511,-1,-1,-1,0,0,0,136,1,1,0,0.0000000,0.0000000,0.0000000,0,0,0,0
756770398267541 D 550,2182222339,1000,1555,1555,2.3853402,-0.00491,-1,-1,-1,0,0,0,136,1,1,0,0.0000000,0.0000000,0.0000000,0,0,0,0
756770399278583 D 551,2182223339,1000,1555,1555,2.3853402,-0.00472,-1,-1,-1,0,0,0,136,1,1,0,0.0000000,0.0000000,0.0000000,0,0,0,0
756770400265916 D 552,2182224339,1000,1555,1555,2.3853402,-0.00453,-1,-1,-1,0,0,0,136,1,1,0,0.0000000,0.0000000,0.0000000,0,0,0,0
756770401268166 D 553,2182225339,1000,1555,1555,2.3853402,-0.00436,-1,-1,-1,0,0,0,136,1,1,0,0.0000000,0.0000000,0.0000000,0,0,0,0
756770402265708 D 554,2182226339,1000,1555,1555,2.3853402,-0.00418,-1,-1,-1,0,0,0,136,1,1,0,0.0000000,0.0000000,0.0000000,0,0,0,0
756770403260916 D 555,2182227339,1000,1555,1555,2.3853402,-0.00402,-1,-1,-1,0,0,0,136,1,1,0,0.0000000,0.0000000,0.0000000,0,0,0,0
756770404258000 D 556,2182228339,1000,1555,1555,2.3853402,-0.00386,-1,-1,-1,0,0,0,136,1,1,0,0.0000000,0.0000000,0.0000000,0,0,0,0
756770405260458 D 557,2182229339,1000,1555,1555,2.3853402,-0.00371,-1,-1,-1,0,0,0,136,1,1,0,0.0000000,0.0000000,0.0000000,0,0,0,0
756770406490125 D 558,2182230339,1000,1555,1555,2.3853402,-0.00357,-1,-1,-1,0,0,0,136,1,1,0,0.0000000,0.0000000,0.0000000,0,0,0,0
756770407494875 D 559,2182231339,1000,1555,1555,2.3853402,-0.00343,-1,-1,-1,0,0,0,136,1,1,0,0.0000000,0.0000000,0.0000000,0,0,0,0
756770408366250 D 560,2182232339,1000,1555,1555,2.3853402,-0.00329,-1,-1,-1,0,0,0,136,1,1,0,0.0000000,0.0000000,0.0000000,0,0,0,0
756770409261750 D 561,2182233339,1000,1555,1555,2.3853402,-0.00316,-1,-1,-1,0,0,0,136,1,1,0,0.0000000,0.0000000,0.0000000,0,0,0,0
756770410266500 D 562,2182234339,1000,1555,1555,2.3853402,-0.00304,-1,-1,-1,0,0,0,136,1,1,0,0.0000000,0.0000000,0.0000000,0,0,0,0
756770411279833 D 563,2182235339,1000,1555,1555,2.3853402,-0.00292,-1,-1,-1,0,0,0,136,1,1,0,0.0000000,0.0000000,0.0000000,0,0,0,0
756770412282250 D 564,2182236339,1000,1555,1555,2.3853402,-0.00280,-1,-1,-1,0,0,0,136,1,1,0,0.0000000,0.0000000,0.0000000,0,0,0,0
756770413265125 D 565,2182237339,1000,1555,1555,2.3853402,-0.00269,-1,-1,-1,0,0,0,136,1,1,0,0.0000000,0.0000000,0.0000000,0,0,0,0
756770414280833 D 566,2182238339,1000,1555,1555,2.3853402,-0.00259,-1,-1,-1,0,0,0,136,1,1,0,0.0000000,0.0000000,0.0000000,0,0,0,0
756770415255833 D 567,2182239339,1000,1555,1555,2.3853402,-0.00249,-1,-1,-1,0,0,0,136,1,1,0,0.0000000,0.0000000,0.0000000,0,0,0,0
756770416254000 D 568,2182240339,1000,1555,1555,2.3853402,-0.00239,-1,-1,-1,0,0,0,136,1,1,0,0.0000000,0.0000000,0.0000000,0,0,0,0
756770417259916 D 569,2182241339,1000,1555,1555,2.3853402,-0.00230,-1,-1,-1,0,0,0,136,1,1,0,0.0000000,0.0000000,0.0000000,0,0,0,0
756770418257250 D 570,2182242339,1000,1555,1555,2.3853402,-0.00221,-1,-1,-1,0,0,0,136,1,1,0,0.0000000,0.0000000,0.0000000,0,0,0,0
756770419248916 D 571,2182243339,1000,1555,1555,2.3853402,-0.00212,-1,-1,-1,0,0,0,136,1,1,0,0.0000000,0.0000000,0.0000000,0,0,0,0
756770420256583 D 572,2182244339,1000,1555,1555,2.3853402,-0.00204,-1,-1,-1,0,0,0,136,1,1,0,0.0000000,0.0000000,0.0000000,0,0,0,0
756770421265833 D 573,2182245339,1000,1555,1555,2.3853402,-0.00196,-1,-1,-1,0,0,0,136,1,1,0,0.0000000,0.0000000,0.0000000,0,0,0,0
756770422278916 D 574,2182246339,1000,1555,1555,2.3853402,-0.00188,-1,-1,-1,0,0,0,136,1,1,0,0.0000000,0.0000000,0.0000000,0,0,0,0
756770423481208 D 575,2182247339,1000,1555,1555,2.3853402,-0.00181,-1,-1,-1,0,0,0,136,1,1,0,0.0000000,0.0000000,0.0000000,0,0,0,0
756770424480500 D 576,2182248339,1000,1555,1555,2.3853402,-0.00174,-1,-1,-1,0,0,0,136,1,1,0,0.0000000,0.0000000,0.0000000,0,0,0,0
756770425482833 D 577,2182249339,1000,1555,1555,2.3853402,-0.00167,-1,-1,-1,0,0,0,136,1,1,0,0.0000000,0.0000000,0.0000000,0,0,0,0
756770426330291 D 578,2182250339,1000,1555,1555,2.3853402,-0.00160,-1,-1,-1,0,0,0,136,1,1,0,0.0000000,0.0000000,0.0000000,0,0,0,0
756770427274916 D 579,2182251339,1000,1555,1555,2.3853402,-0.00154,-1,-1,-1,0,0,0,136,1,1,0,0.0000000,0.0000000,0.0000000,0,0,0,0
756770428702416 D 580,2182252339,1000,1555,1555,2.3853402,-0.00148,39,128,2035,0,0,0,136,1,1,0,0.0000000,0.0000000,0.0000000,0,0,0,0
756770429303208 D 581,2182253339,1000,1555,1555,2.3853402,-0.00142,-1,-1,-1,0,0,0,136,1,1,0,0.0000000,0.0000000,0.0000000,0,0,0,0
756770430250416 D 582,2182254339,1000,1555,1555,2.3853402,-0.00137,-1,-1,-1,0,0,0,136,1,1,0,0.0000000,0.0000000,0.0000000,0,0,0,0
756770431259333 D 583,2182255339,1000,1555,1555,2.3853402,-0.00131,-1,-1,-1,0,0,0,135,1,1,0,0.0000000,0.0000000,0.0000000,0,0,0,0
756770432254166 D 584,2182256339,1000,1555,1555,2.3853402,-0.00126,-1,-1,-1,0,0,0,136,1,1,0,0.0000000,0.0000000,0.0000000,0,0,0,0
756770433244958 D 585,2182257339,1000,1555,1555,2.3853402,-0.00121,-1,-1,-1,0,0,0,136,1,1,0,0.0000000,0.0000000,0.0000000,0,0,0,0
756770434281958 D 586,2182258339,1000,1555,1555,2.3853402,-0.00116,-1,-1,-1,0,0,0,136,1,1,0,0.0000000,0.0000000,0.0000000,0,0,0,0
756770435261416 D 587,2182259339,1000,1555,1555,2.3853402,-0.00112,-1,-1,-1,0,0,0,136,1,1,0,0.0000000,0.0000000,0.0000000,0,0,0,0
756770436244875 D 588,2182260339,1000,1555,1555,2.3853402,-0.00107,-1,-1,-1,0,0,0,136,1,1,0,0.0000000,0.0000000,0.0000000,0,0,0,0
756770437250666 D 589,2182261339,1000,1555,1555,2.3853402,-0.00103,-1,-1,-1,0,0,0,136,1,1,0,0.0000000,0.0000000,0.0000000,0,0,0,0
756770438347958 D 590,2182262339,1000,1555,1555,2.3853402,-0.00099,-1,-1,-1,0,0,0,136,1,1,0,0.0000000,0.0000000,0.0000000,0,0,0,0
756770439553000 D 591,2182263339,1000,1555,1555,2.3853402,-0.00095,-1,-1,-1,0,0,0,136,1,1,0,0.0000000,0.0000000,0.0000000,0,0,0,0
756770440480750 D 592,2182264339,1000,1555,1555,2.3853402,-0.00092,-1,-1,-1,0,0,0,136,1,1,0,0.0000000,0.0000000,0.0000000,0,0,0,0
756770441508791 D 593,2182265339,1000,1555,1555,2.3853402,-0.00088,-1,-1,-1,0,0,0,136,1,1,0,0.0000000,0.0000000,0.0000000,0,0,0,0
756770442289083 D 594,2182266339,1000,1555,1555,2.3853402,-0.00084,-1,-1,-1,0,0,0,136,1,1,0,0.0000000,0.0000000,0.0000000,0,0,0,0
756770443269375 D 595,2182267339,1000,1555,1555,2.3853402,-0.00081,-1,-1,-1,0,0,0,136,1,1,0,0.0000000,0.0000000,0.0000000,0,0,0,0
756770444284333 D 596,2182268339,1000,1555,1555,2.3853402,-0.00078,-1,-1,-1,0,0,0,136,1,1,0,0.0000000,0.0000000,0.0000000,0,0,0,0
756770445310250 D 597,2182269339,1000,1555,1555,2.3853402,-0.00075,-1,-1,-1,0,0,0,136,1,1,0,0.0000000,0.0000000,0.0000000,0,0,0,0
756770446281916 D 598,2182270339,1000,1555,1555,2.3853402,-0.00072,-1,-1,-1,0,0,0,136,1,1,0,0.0000000,0.0000000,0.0000000,0,0,0,0
756770447273833 D 599,2182271339,1000,1555,1555,2.3853402,-0.00069,-1,-1,-1,0,0,0,136,1,1,0,0.0000000,0.0000000,0.0000000,0,0,0,0
756770448266916 D 600,2182272339,1000,1555,1555,2.3853402,-0.00066,-1,-1,-1,0,0,0,136,1,1,0,0.0000000,0.0000000,0.0000000,0,0,0,0
756770449257750 D 601,2182273339,1000,1555,1555,2.3853402,-0.00064,-1,-1,-1,0,0,0,136,1,1,0,0.0000000,0.0000000,0.0000000,0,0,0,0
756770450259375 D 602,2182274339,1000,1555,1555,2.3853402,-0.00061,-1,-1,-1,0,0,0,136,1,1,0,0.0000000,0.0000000,0.0000000,0,0,0,0
756770451261916 D 603,2182275339,1000,1555,1555,2.3853402,-0.00059,-1,-1,-1,0,0,0,136,1,1,0,0.0000000,0.0000000,0.0000000,0,0,0,0
756770452259083 D 604,2182276339,1000,1555,1555,2.3853402,-0.00057,-1,-1,-1,0,0,0,136,1,1,0,0.0000000,0.0000000,0.0000000,0,0,0,0
756770453258041 D 605,2182277339,1000,1555,1555,2.3853402,-0.00054,-1,-1,-1,0,0,0,136,1,1,0,0.0000000,0.0000000,0.0000000,0,0,0,0
756770454257458 D 606,2182278339,1000,1555,1555,2.3853402,-0.00052,-1,-1,-1,0,0,0,136,1,1,0,0.0000000,0.0000000,0.0000000,0,0,0,0
756770455258041 D 607,2182279339,1000,1555,1555,2.3853402,-0.00050,-1,-1,-1,0,0,0,136,1,1,0,0.0000000,0.0000000,0.0000000,0,0,0,0
756770456256125 D 608,2182280339,1000,1555,1555,2.3853402,-0.00048,-1,-1,-1,0,0,0,136,1,1,0,0.0000000,0.0000000,0.0000000,0,0,0,0
756770457271166 D 609,2182281339,1000,1555,1555,2.3853402,-0.00046,-1,-1,-1,0,0,0,136,1,1,0,0.0000000,0.0000000,0.0000000,0,0,0,0
756770458295583 D 610,2182282339,1000,1555,1555,2.3853402,-0.00045,-1,-1,-1,0,0,0,136,1,1,0,0.0000000,0.0000000,0.0000000,0,0,0,0
756770459266625 D 611,2182283339,1000,1555,1555,2.3853402,-0.00043,-1,-1,-1,0,0,0,136,1,1,0,0.0000000,0.0000000,0.0000000,0,0,0,0
756770460263833 D 612,2182284339,1000,1555,1555,2.3853402,-0.00041,-1,-1,-1,0,0,0,136,1,1,0,0.0000000,0.0000000,0.0000000,0,0,0,0
756770461253458 D 613,2182285339,1000,1555,1555,2.3853402,-0.00040,-1,-1,-1,0,0,0,136,1,1,0,0.0000000,0.0000000,0.0000000,0,0,0,0
756770462264458 D 614,2182286339,1000,1555,1555,2.3853402,-0.00038,-1,-1,-1,0,0,0,136,1,1,0,0.0000000,0.0000000,0.0000000,0,0,0,0
756770463270458 D 615,2182287339,1000,1555,1555,2.3853402,-0.00036,-1,-1,-1,0,0,0,136,1,1,0,0.0000000,0.0000000,0.0000000,0,0,0,0
756770464294000 D 616,2182288339,1000,1555,1555,2.3853402,-0.00035,-1,-1,-1,0,0,0,136,1,1,0,0.0000000,0.0000000,0.0000000,0,0,0,0
756770465262500 D 617,2182289339,1000,1555,1555,2.3853402,-0.00034,-1,-1,-1,0,0,0,136,1,1,0,0.0000000,0.0000000,0.0000000,0,0,0,0
756770466264625 D 618,2182290339,1000,1555,1555,2.3853402,-0.00032,-1,-1,-1,0,0,0,136,1,1,0,0.0000000,0.0000000,0.0000000,0,0,0,0
756770467254250 D 619,2182291339,1000,1555,1555,2.3853402,-0.00031,-1,-1,-1,0,0,0,136,1,1,0,0.0000000,0.0000000,0.0000000,0,0,0,0
756770468251250 D 620,2182292339,1000,1555,1555,2.3853402,-0.00030,-1,-1,-1,0,0,0,136,1,1,0,0.0000000,0.0000000,0.0000000,0,0,0,0
756770469478208 D 621,2182293339,1000,1555,1555,2.3853402,-0.00029,-1,-1,-1,0,0,0,136,1,1,0,0.0000000,0.0000000,0.0000000,0,0,0,0
756770470476333 D 622,2182294339,1000,1555,1555,2.3853402,-0.00028,-1,-1,-1,0,0,0,136,1,1,0,0.0000000,0.0000000,0.0000000,0,0,0,0
756770471465208 D 623,2182295339,1000,1556,1556,2.3868742,0.05988,-1,-1,-1,0,0,0,136,1,1,0,0.0000000,0.0000000,0.0000000,0,0,0,0
756770472473041 D 624,2182296339,1000,1555,1555,2.3853402,-0.00261,-1,-1,-1,0,0,0,136,1,1,0,0.0000000,0.0000000,0.0000000,0,0,0,0
756770473483916 D 625,2182297339,1000,1555,1555,2.3853402,-0.00251,-1,-1,-1,0,0,0,136,1,1,0,0.0000000,0.0000000,0.0000000,0,0,0,0
756770474506791 D 626,2182298339,1000,1555,1555,2.3853402,-0.00241,-1,-1,-1,0,0,0,136,1,1,0,0.0000000,0.0000000,0.0000000,0,0,0,0
756770475416875 D 627,2182299339,1000,1555,1555,2.3853402,-0.00232,-1,-1,-1,0,0,0,136,1,1,0,0.0000000,0.0000000,0.0000000,0,0,0,0
756770476257833 D 628,2182300339,1000,1555,1555,2.3853402,-0.00223,-1,-1,-1,0,0,0,136,1,1,0,0.0000000,0.0000000,0.0000000,0,0,0,0
756770477263875 D 629,2182301339,1000,1555,1555,2.3853402,-0.00214,-1,-1,-1,0,0,0,136,1,1,0,0.0000000,0.0000000,0.0000000,0,0,0,0
756770478719875 D 630,2182302339,1000,1555,1555,2.3853402,-0.00206,39,128,2035,0,0,0,136,1,1,0,0.0000000,0.0000000,0.0000000,0,0,0,0
756770479321291 D 631,2182303339,1000,1555,1555,2.3853402,-0.00197,-1,-1,-1,0,0,0,136,1,1,0,0.0000000,0.0000000,0.0000000,0,0,0,0
756770480253791 D 632,2182304339,1000,1556,1556,2.3868742,0.05825,-1,-1,-1,0,0,0,136,1,1,0,0.0000000,0.0000000,0.0000000,0,0,0,0
756770481250708 D 633,2182305339,1000,1555,1555,2.3853402,-0.00418,-1,-1,-1,0,0,0,136,1,1,0,0.0000000,0.0000000,0.0000000,0,0,0,0
756770482257333 D 634,2182306339,1000,1555,1555,2.3853402,-0.00402,-1,-1,-1,0,0,0,136,1,1,0,0.0000000,0.0000000,0.0000000,0,0,0,0
756770483264541 D 635,2182307339,1000,1555,1555,2.3853402,-0.00386,-1,-1,-1,0,0,0,136,1,1,0,0.0000000,0.0000000,0.0000000,0,0,0,0
756770484262291 D 636,2182308339,1000,1555,1555,2.3853402,-0.00371,-1,-1,-1,0,0,0,136,1,1,0,0.0000000,0.0000000,0.0000000,0,0,0,0
756770485246250 D 637,2182309339,1000,1555,1555,2.3853402,-0.00356,-1,-1,-1,0,0,0,136,1,1,0,0.0000000,0.0000000,0.0000000,0,0,0,0
756770486249833 D 638,2182310339,1000,1555,1555,2.3853402,-0.00342,-1,-1,-1,0,0,0,136,1,1,0,0.0000000,0.0000000,0.0000000,0,0,0,0
756770487248500 D 639,2182311339,1000,1555,1555,2.3853402,-0.00329,-1,-1,-1,0,0,0,135,1,1,0,0.0000000,0.0000000,0.0000000,0,0,0,0
756770488251541 D 640,2182312339,1000,1555,1555,2.3853402,-0.00316,-1,-1,-1,0,0,0,136,1,1,0,0.0000000,0.0000000,0.0000000,0,0,0,0
756770489281833 D 641,2182313339,1000,1555,1555,2.3853402,-0.00304,-1,-1,-1,0,0,0,136,1,1,0,0.0000000,0.0000000,0.0000000,0,0,0,0
756770490253791 D 642,2182314339,1000,1555,1555,2.3853402,-0.00292,-1,-1,-1,0,0,0,136,1,1,0,0.0000000,0.0000000,0.0000000,0,0,0,0
756770491246500 D 643,2182315339,1000,1555,1555,2.3853402,-0.00280,-1,-1,-1,0,0,0,136,1,1,0,0.0000000,0.0000000,0.0000000,0,0,0,0
756770492253875 D 644,2182316339,1000,1555,1555,2.3853402,-0.00269,-1,-1,-1,0,0,0,136,1,1,0,0.0000000,0.0000000,0.0000000,0,0,0,0
756770493245083 D 645,2182317339,1000,1555,1555,2.3853402,-0.00259,-1,-1,-1,0,0,0,136,1,1,0,0.0000000,0.0000000,0.0000000,0,0,0,0
756770494251791 D 646,2182318339,1000,1555,1555,2.3853402,-0.00249,-1,-1,-1,0,0,0,136,1,1,0,0.0000000,0.0000000,0.0000000,0,0,0,0
756770495251375 D 647,2182319339,1000,1555,1555,2.3853402,-0.00239,-1,-1,-1,0,0,0,136,1,1,0,0.0000000,0.0000000,0.0000000,0,0,0,0
756770496481916 D 648,2182320339,1000,1555,1555,2.3853402,-0.00229,-1,-1,-1,0,0,0,136,1,1,0,0.0000000,0.0000000,0.0000000,0,0,0,0
756770497456666 D 649,2182321339,1000,1556,1556,2.3868742,0.05794,-1,-1,-1,0,0,0,136,1,1,0,0.0000000,0.0000000,0.0000000,0,0,0,0
756770498485541 D 650,2182322339,1000,1555,1555,2.3853402,-0.00448,-1,-1,-1,0,0,0,136,1,1,0,0.0000000,0.0000000,0.0000000,0,0,0,0
756770499475708 D 651,2182323339,1000,1555,1555,2.3853402,-0.00430,-1,-1,-1,0,0,0,136,1,1,0,0.0000000,0.0000000,0.0000000,0,0,0,0
756770500467541 D 652,2182324339,1000,1555,1555,2.3853402,-0.00413,-1,-1,-1,0,0,0,136,1,1,0,0.0000000,0.0000000,0.0000000,0,0,0,0
756770501470916 D 653,2182325339,1000,1555,1555,2.3853402,-0.00397,-1,-1,-1,0,0,0,136,1,1,0,0.0000000,0.0000000,0.0000000,0,0,0,0
756770502463416 D 654,2182326339,1000,1555,1555,2.3853402,-0.00381,-1,-1,-1,0,0,0,136,1,1,0,0.0000000,0.0000000,0.0000000,0,0,0,0
756770503466625 D 655,2182327339,1000,1555,1555,2.3853402,-0.00367,-1,-1,-1,0,0,0,136,1,1,0,0.0000000,0.0000000,0.0000000,0,0,0,0
756770504484625 D 656,2182328339,1000,1555,1555,2.3853402,-0.00352,-1,-1,-1,0,0,0,136,1,1,0,0.0000000,0.0000000,0.0000000,0,0,0,0
756770505501666 D 657,2182329339,1000,1555,1555,2.3853402,-0.00338,-1,-1,-1,0,0,0,136,1,1,0,0.0000000,0.0000000,0.0000000,0,0,0,0
756770506471125 D 658,2182330339,1000,1555,1555,2.3853402,-0.00325,-1,-1,-1,0,0,0,136,1,1,0,0.0000000,0.0000000,0.0000000,0,0,0,0
756770507300500 D 659,2182331339,1000,1555,1555,2.3853402,-0.00312,-1,-1,-1,0,0,0,136,1,1,0,0.0000000,0.0000000,0.0000000,0,0,0,0
756770508251833 D 660,2182332339,1000,1555,1555,2.3853402,-0.00300,-1,-1,-1,0,0,0,136,1,1,0,0.0000000,0.0000000,0.0000000,0,0,0,0
756770509253000 D 661,2182333339,1000,1555,1555,2.3853402,-0.00288,-1,-1,-1,0,0,0,136,1,1,0,0.0000000,0.0000000,0.0000000,0,0,0,0
756770510260916 D 662,2182334339,1000,1555,1555,2.3853402,-0.00277,-1,-1,-1,0,0,0,136,1,1,0,0.0000000,0.0000000,0.0000000,0,0,0,0
756770511251291 D 663,2182335339,1000,1555,1555,2.3853402,-0.00266,-1,-1,-1,0,0,0,136,1,1,0,0.0000000,0.0000000,0.0000000,0,0,0,0
756770512472416 D 664,2182336339,1000,1555,1555,2.3853402,-0.00256,-1,-1,-1,0,0,0,136,1,1,0,0.0000000,0.0000000,0.0000000,0,0,0,0
756770513552875 D 665,2182337339,1000,1555,1555,2.3853402,-0.00246,-1,-1,-1,0,0,0,136,1,1,0,0.0000000,0.0000000,0.0000000,0,0,0,0
756770514518416 D 666,2182338339,1000,1555,1555,2.3853402,-0.00236,-1,-1,-1,0,0,0,136,1,1,0,0.0000000,0.0000000,0.0000000,0,0,0,0
756770515288500 D 667,2182339339,1000,1555,1555,2.3853402,-0.00227,-1,-1,-1,0,0,0,135,1,1,0,0.0000000,0.0000000,0.0000000,0,0,0,0
756770516259375 D 668,2182340339,1000,1555,1555,2.3853402,-0.00218,-1,-1,-1,0,0,0,136,1,1,0,0.0000000,0.0000000,0.0000000,0,0,0,0
756770517242125 D 669,2182341339,1000,1555,1555,2.3853402,-0.00209,-1,-1,-1,0,0,0,136,1,1,0,0.0000000,0.0000000,0.0000000,0,0,0,0
756770518261791 D 670,2182342339,1000,1555,1555,2.3853402,-0.00201,-1,-1,-1,0,0,0,136,1,1,0,0.0000000,0.0000000,0.0000000,0,0,0,0
756770519263333 D 671,2182343339,1000,1555,1555,2.3853402,-0.00193,-1,-1,-1,0,0,0,136,1,1,0,0.0000000,0.0000000,0.0000000,0,0,0,0
756770520279333 D 672,2182344339,1000,1555,1555,2.3853402,-0.00186,-1,-1,-1,0,0,0,136,1,1,0,0.0000000,0.0000000,0.0000000,0,0,0,0
756770521242625 D 673,2182345339,1000,1556,1556,2.3868742,0.05836,-1,-1,-1,0,0,0,136,1,1,0,0.0000000,0.0000000,0.0000000,0,0,0,0
756770522255583 D 674,2182346339,1000,1555,1555,2.3853402,-0.00407,-1,-1,-1,0,0,0,136,1,1,0,0.0000000,0.0000000,0.0000000,0,0,0,0
756770523251416 D 675,2182347339,1000,1555,1555,2.3853402,-0.00391,-1,-1,-1,0,0,0,136,1,1,0,0.0000000,0.0000000,0.0000000,0,0,0,0
756770524256458 D 676,2182348339,1000,1555,1555,2.3853402,-0.00376,-1,-1,-1,0,0,0,136,1,1,0,0.0000000,0.0000000,0.0000000,0,0,0,0
756770525249583 D 677,2182349339,1000,1555,1555,2.3853402,-0.00361,-1,-1,-1,0,0,0,136,1,1,0,0.0000000,0.0000000,0.0000000,0,0,0,0
756770526252916 D 678,2182350339,1000,1555,1555,2.3853402,-0.00347,-1,-1,-1,0,0,0,136,1,1,0,0.0000000,0.0000000,0.0000000,0,0,0,0
756770527241041 D 679,2182351339,1000,1555,1555,2.3853402,-0.00333,-1,-1,-1,0,0,0,136,1,1,0,0.0000000,0.0000000,0.0000000,0,0,0,0
756770528680166 D 680,2182352339,1000,1555,1555,2.3853402,-0.00320,39,128,2035,0,0,0,136,1,1,0,0.0000000,0.0000000,0.0000000,0,0,0,0
756770529296166 D 681,2182353339,1000,1555,1555,2.3853402,-0.00308,-1,-1,-1,0,0,0,136,1,1,0,0.0000000,0.0000000,0.0000000,0,0,0,0
756770530246708 D 682,2182354339,1000,1555,1555,2.3853402,-0.00296,-1,-1,-1,0,0,0,136,1,1,0,0.0000000,0.0000000,0.0000000,0,0,0,0
756770531247000 D 683,2182355339,1000,1555,1555,2.3853402,-0.00284,-1,-1,-1,0,0,0,136,1,1,0,0.0000000,0.0000000,0.0000000,0,0,0,0
756770532244833 D 684,2182356339,1000,1555,1555,2.3853402,-0.00273,-1,-1,-1,0,0,0,136,1,1,0,0.0000000,0.0000000,0.0000000,0,0,0,0
756770533241250 D 685,2182357339,1000,1555,1555,2.3853402,-0.00262,-1,-1,-1,0,0,0,136,1,1,0,0.0000000,0.0000000,0.0000000,0,0,0,0
756770534248416 D 686,2182358339,1000,1555,1555,2.3853402,-0.00252,-1,-1,-1,0,0,0,136,1,1,0,0.0000000,0.0000000,0.0000000,0,0,0,0
756770535255500 D 687,2182359339,1000,1555,1555,2.3853402,-0.00242,-1,-1,-1,0,0,0,136,1,1,0,0.0000000,0.0000000,0.0000000,0,0,0,0
756770536267541 D 688,2182360339,1000,1555,1555,2.3853402,-0.00233,-1,-1,-1,0,0,0,135,1,1,0,0.0000000,0.0000000,0.0000000,0,0,0,0
756770537265791 D 689,2182361339,1000,1555,1555,2.3853402,-0.00224,-1,-1,-1,0,0,0,136,1,1,0,0.0000000,0.0000000,0.0000000,0,0,0,0
756770538273541 D 690,2182362339,1000,1555,1555,2.3853402,-0.00215,-1,-1,-1,0,0,0,136,1,1,0,0.0000000,0.0000000,0.0000000,0,0,0,0
756770539295375 D 691,2182363339,1000,1555,1555,2.3853402,-0.00206,-1,-1,-1,0,0,0,136,1,1,0,0.0000000,0.0000000,0.0000000,0,0,0,0
756770540322916 D 692,2182364339,1000,1555,1555,2.3853402,-0.00198,-1,-1,-1,0,0,0,136,1,1,0,0.0000000,0.0000000,0.0000000,0,0,0,0
756770541474500 D 693,2182365339,1000,1555,1555,2.3853402,-0.00190,-1,-1,-1,0,0,0,136,1,1,0,0.0000000,0.0000000,0.0000000,0,0,0,0
756770542651583 D 694,2182366339,1000,1555,1555,2.3853402,-0.00183,-1,-1,-1,0,0,0,136,1,1,0,0.0000000,0.0000000,0.0000000,0,0,0,0
756770543533750 D 695,2182367339,1000,1555,1555,2.3853402,-0.00176,-1,-1,-1,0,0,0,136,1,1,0,0.0000000,0.0000000,0.0000000,0,0,0,0
756770544440541 D 696,2182368339,1000,1555,1555,2.3853402,-0.00169,-1,-1,-1,0,0,0,136,1,1,0,0.0000000,0.0000000,0.0000000,0,0,0,0
756770545304250 D 697,2182369339,1000,1556,1556,2.3868742,0.05853,-1,-1,-1,0,0,0,136,1,1,0,0.0000000,0.0000000,0.0000000,0,0,0,0
756770546346250 D 698,2182370339,1000,1555,1555,2.3853402,-0.00392,-1,-1,-1,0,0,0,136,1,1,0,0.0000000,0.0000000,0.0000000,0,0,0,0
756770547286833 D 699,2182371339,1000,1555,1555,2.3853402,-0.00376,-1,-1,-1,0,0,0,136,1,1,0,0.0000000,0.0000000,0.0000000,0,0,0,0
756770548290000 D 700,2182372339,1000,1555,1555,2.3853402,-0.00362,-1,-1,-1,0,0,0,136,1,1,0,0.0000000,0.0000000,0.0000000,0,0,0,0
756770549270750 D 701,2182373339,1000,1555,1555,2.3853402,-0.00347,-1,-1,-1,0,0,0,136,1,1,0,0.0000000,0.0000000,0.0000000,0,0,0,0
756770550280000 D 702,2182374339,1000,1555,1555,2.3853402,-0.00334,-1,-1,-1,0,0,0,136,1,1,0,0.0000000,0.0000000,0.0000000,0,0,0,0
756770551318291 D 703,2182375339,1000,1555,1555,2.3853402,-0.00321,-1,-1,-1,0,0,0,136,1,1,0,0.0000000,0.0000000,0.0000000,0,0,0,0
756770552413125 D 704,2182376339,1000,1556,1556,2.3868742,0.05707,-1,-1,-1,0,0,0,136,1,1,0,0.0000000,0.0000000,0.0000000,0,0,0,0
756770553513208 D 705,2182377339,1000,1555,1555,2.3853402,-0.00532,-1,-1,-1,0,0,0,136,1,1,0,0.0000000,0.0000000,0.0000000,0,0,0,0
756770554497041 D 706,2182378339,1000,1555,1555,2.3853402,-0.00511,-1,-1,-1,0,0,0,136,1,1,0,0.0000000,0.0000000,0.0000000,0,0,0,0
756770555601625 D 707,2182379339,1000,1556,1556,2.3868742,0.05524,-1,-1,-1,0,0,0,136,1,1,0,0.0000000,0.0000000,0.0000000,0,0,0,0
756770556623375 D 708,2182380339,1000,1555,1555,2.3853402,-0.00708,-1,-1,-1,0,0,0,136,1,1,0,0.0000000,0.0000000,0.0000000,0,0,0,0
756770557575000 D 709,2182381339,1000,1555,1555,2.3853402,-0.00680,-1,-1,-1,0,0,0,136,1,1,0,0.0000000,0.0000000,0.0000000,0,0,0,0
756770558350416 D 710,2182382339,1000,1555,1555,2.3853402,-0.00653,-1,-1,-1,0,0,0,136,1,1,0,0.0000000,0.0000000,0.0000000,0,0,0,0
756770559347875 D 711,2182383339,1000,1555,1555,2.3853402,-0.00628,-1,-1,-1,0,0,0,136,1,1,0,0.0000000,0.0000000,0.0000000,0,0,0,0
756770560375333 D 712,2182384339,1000,1555,1555,2.3853402,-0.00603,-1,-1,-1,0,0,0,136,1,1,0,0.0000000,0.0000000,0.0000000,0,0,0,0
756770561550000 D 713,2182385339,1000,1555,1555,2.3853402,-0.00579,-1,-1,-1,0,0,0,136,1,1,0,0.0000000,0.0000000,0.0000000,0,0,0,0
756770562500000 D 714,2182386339,1000,1555,1555,2.3853402,-0.00557,-1,-1,-1,0,0,0,136,1,1,0,0.0000000,0.0000000,0.0000000,0,0,0,0
756770563673083 D 715,2182387339,1000,1555,1555,2.3853402,-0.00535,-1,-1,-1,0,0,0,136,1,1,0,0.0000000,0.0000000,0.0000000,0,0,0,0
756770564573541 D 716,2182388339,1000,1555,1555,2.3853402,-0.00514,-1,-1,-1,0,0,0,136,1,1,0,0.0000000,0.0000000,0.0000000,0,0,0,0
756770565471416 D 717,2182389339,1000,1555,1555,2.3853402,-0.00494,-1,-1,-1,0,0,0,136,1,1,0,0.0000000,0.0000000,0.0000000,0,0,0,0
756770566494458 D 718,2182390339,1000,1555,1555,2.3853402,-0.00474,-1,-1,-1,0,0,0,136,1,1,0,0.0000000,0.0000000,0.0000000,0,0,0,0
756770567517958 D 719,2182391339,1000,1555,1555,2.3853402,-0.00456,-1,-1,-1,0,0,0,136,1,1,0,0.0000000,0.0000000,0.0000000,0,0,0,0
756770568473083 D 720,2182392339,1000,1555,1555,2.3853402,-0.00438,-1,-1,-1,0,0,0,136,1,1,0,0.0000000,0.0000000,0.0000000,0,0,0,0
756770569494458 D 721,2182393339,1000,1555,1555,2.3853402,-0.00421,-1,-1,-1,0,0,0,136,1,1,0,0.0000000,0.0000000,0.0000000,0,0,0,0
756770570627875 D 722,2182394339,1000,1555,1555,2.3853402,-0.00404,-1,-1,-1,0,0,0,136,1,1,0,0.0000000,0.0000000,0.0000000,0,0,0,0
756770571501666 D 723,2182395339,1000,1555,1555,2.3853402,-0.00388,-1,-1,-1,0,0,0,136,1,1,0,0.0000000,0.0000000,0.0000000,0,0,0,0
756770572271875 D 724,2182396339,1000,1555,1555,2.3853402,-0.00373,-1,-1,-1,0,0,0,136,1,1,0,0.0000000,0.0000000,0.0000000,0,0,0,0
756770573241541 D 725,2182397339,1000,1555,1555,2.3853402,-0.00359,-1,-1,-1,0,0,0,136,1,1,0,0.0000000,0.0000000,0.0000000,0,0,0,0
756770574224291 D 726,2182398339,1000,1555,1555,2.3853402,-0.00344,-1,-1,-1,0,0,0,136,1,1,0,0.0000000,0.0000000,0.0000000,0,0,0,0
756770575229708 D 727,2182399339,1000,1555,1555,2.3853402,-0.00331,-1,-1,-1,0,0,0,136,1,1,0,0.0000000,0.0000000,0.0000000,0,0,0,0
756770576181791 D 728,2182400339,1000,1555,1555,2.3853402,-0.00318,-1,-1,-1,0,0,0,136,1,1,0,0.0000000,0.0000000,0.0000000,0,0,0,0
756770577171541 D 729,2182401339,1000,1555,1555,2.3853402,-0.00305,-1,-1,-1,0,0,0,136,1,1,0,0.0000000,0.0000000,0.0000000,0,0,0,0
756770578605333 D 730,2182402339,1000,1555,1555,2.3853402,-0.00294,39,128,2034,0,0,0,136,1,1,0,0.0000000,0.0000000,0.0000000,0,0,0,0
756770579165708 D 731,2182403339,1000,1555,1555,2.3853402,-0.00282,-1,-1,-1,0,0,0,136,1,1,0,0.0000000,0.0000000,0.0000000,0,0,0,0
756770580155000 D 732,2182404339,1000,1555,1555,2.3853402,-0.00271,-1,-1,-1,0,0,0,136,1,1,0,0.0000000,0.0000000,0.0000000,0,0,0,0
756770581164291 D 733,2182405339,1000,1555,1555,2.3853402,-0.00260,-1,-1,-1,0,0,0,136,1,1,0,0.0000000,0.0000000,0.0000000,0,0,0,0
756770582181250 D 734,2182406339,1000,1555,1555,2.3853402,-0.00250,-1,-1,-1,0,0,0,136,1,1,0,0.0000000,0.0000000,0.0000000,0,0,0,0
756770583196750 D 735,2182407339,1000,1555,1555,2.3853402,-0.00240,-1,-1,-1,0,0,0,136,1,1,0,0.0000000,0.0000000,0.0000000,0,0,0,0
756770584189916 D 736,2182408339,1000,1555,1555,2.3853402,-0.00231,-1,-1,-1,0,0,0,136,1,1,0,0.0000000,0.0000000,0.0000000,0,0,0,0
756770585220125 D 737,2182409339,1000,1555,1555,2.3853402,-0.00222,-1,-1,-1,0,0,0,136,1,1,0,0.0000000,0.0000000,0.0000000,0,0,0,0
756770586205166 D 738,2182410339,1000,1555,1555,2.3853402,-0.00213,-1,-1,-1,0,0,0,136,1,1,0,0.0000000,0.0000000,0.0000000,0,0,0,0
756770587197833 D 739,2182411339,1000,1555,1555,2.3853402,-0.00205,-1,-1,-1,0,0,0,136,1,1,0,0.0000000,0.0000000,0.0000000,0,0,0,0
756770588190958 D 740,2182412339,1000,1555,1555,2.3853402,-0.00197,-1,-1,-1,0,0,0,136,1,1,0,0.0000000,0.0000000,0.0000000,0,0,0,0
756770589187125 D 741,2182413339,1000,1555,1555,2.3853402,-0.00189,-1,-1,-1,0,0,0,136,1,1,0,0.0000000,0.0000000,0.0000000,0,0,0,0
756770590190708 D 742,2182414339,1000,1555,1555,2.3853402,-0.00182,-1,-1,-1,0,0,0,136,1,1,0,0.0000000,0.0000000,0.0000000,0,0,0,0
756770591189708 D 743,2182415339,1000,1555,1555,2.3853402,-0.00175,-1,-1,-1,0,0,0,136,1,1,0,0.0000000,0.0000000,0.0000000,0,0,0,0
756770592176916 D 744,2182416339,1000,1555,1555,2.3853402,-0.00168,-1,-1,-1,0,0,0,135,1,1,0,0.0000000,0.0000000,0.0000000,0,0,0,0
756770593181750 D 745,2182417339,1000,1555,1555,2.3853402,-0.00161,-1,-1,-1,0,0,0,136,1,1,0,0.0000000,0.0000000,0.0000000,0,0,0,0
756770594178583 D 746,2182418339,1000,1555,1555,2.3853402,-0.00155,-1,-1,-1,0,0,0,136,1,1,0,0.0000000,0.0000000,0.0000000,0,0,0,0
756770595167375 D 747,2182419339,1000,1555,1555,2.3853402,-0.00149,-1,-1,-1,0,0,0,136,1,1,0,0.0000000,0.0000000,0.0000000,0,0,0,0
756770596171833 D 748,2182420339,1000,1555,1555,2.3853402,-0.00143,-1,-1,-1,0,0,0,136,1,1,0,0.0000000,0.0000000,0.0000000,0,0,0,0
756770597174208 D 749,2182421339,1000,1555,1555,2.3853402,-0.00137,-1,-1,-1,0,0,0,136,1,1,0,0.0000000,0.0000000,0.0000000,0,0,0,0
756770598173458 D 750,2182422339,1000,1555,1555,2.3853402,-0.00132,-1,-1,-1,0,0,0,136,1,1,0,0.0000000,0.0000000,0.0000000,0,0,0,0
756770599171166 D 751,2182423339,1000,1555,1555,2.3853402,-0.00127,-1,-1,-1,0,0,0,135,1,1,0,0.0000000,0.0000000,0.0000000,0,0,0,0
756770600183875 D 752,2182424339,1000,1555,1555,2.3853402,-0.00122,-1,-1,-1,0,0,0,136,1,1,0,0.0000000,0.0000000,0.0000000,0,0,0,0
756770601175416 D 753,2182425339,1000,1555,1555,2.3853402,-0.00117,-1,-1,-1,0,0,0,136,1,1,0,0.0000000,0.0000000,0.0000000,0,0,0,0
756770602098291 D 754,2182426339,1000,1555,1555,2.3853402,-0.00112,-1,-1,-1,0,0,0,136,1,1,0,0.0000000,0.0000000,0.0000000,0,0,0,0
756770603180375 D 755,2182427339,1000,1555,1555,2.3853402,-0.00108,-1,-1,-1,0,0,0,136,1,1,0,0.0000000,0.0000000,0.0000000,0,0,0,0
756770604150541 D 756,2182428339,1000,1555,1555,2.3853402,-0.00104,-1,-1,-1,0,0,0,136,1,1,0,0.0000000,0.0000000,0.0000000,0,0,0,0
756770605319750 D 757,2182429339,1000,1555,1555,2.3853402,-0.00100,-1,-1,-1,0,0,0,136,1,1,0,0.0000000,0.0000000,0.0000000,0,0,0,0
756770606329208 D 758,2182430339,1000,1555,1555,2.3853402,-0.00096,-1,-1,-1,0,0,0,136,1,1,0,0.0000000,0.0000000,0.0000000,0,0,0,0
756770607298333 D 759,2182431339,1000,1555,1555,2.3853402,-0.00092,-1,-1,-1,0,0,0,136,1,1,0,0.0000000,0.0000000,0.0000000,0,0,0,0
756770608376208 D 760,2182432339,1000,1555,1555,2.3853402,-0.00088,-1,-1,-1,0,0,0,136,1,1,0,0.0000000,0.0000000,0.0000000,0,0,0,0
756770609334416 D 761,2182433339,1000,1555,1555,2.3853402,-0.00085,-1,-1,-1,0,0,0,136,1,1,0,0.0000000,0.0000000,0.0000000,0,0,0,0
756770610292875 D 762,2182434339,1000,1555,1555,2.3853402,-0.00082,-1,-1,-1,0,0,0,136,1,1,0,0.0000000,0.0000000,0.0000000,0,0,0,0
756770611324041 D 763,2182435339,1000,1555,1555,2.3853402,-0.00078,-1,-1,-1,0,0,0,136,1,1,0,0.0000000,0.0000000,0.0000000,0,0,0,0
756770612314500 D 764,2182436339,1000,1555,1555,2.3853402,-0.00075,-1,-1,-1,0,0,0,136,1,1,0,0.0000000,0.0000000,0.0000000,0,0,0,0
756770613306083 D 765,2182437339,1000,1556,1556,2.3868742,0.05942,-1,-1,-1,0,0,0,135,1,1,0,0.0000000,0.0000000,0.0000000,0,0,0,0
756770614278458 D 766,2182438339,1000,1555,1555,2.3853402,-0.00305,-1,-1,-1,0,0,0,136,1,1,0,0.0000000,0.0000000,0.0000000,0,0,0,0
756770615281791 D 767,2182439339,1000,1555,1555,2.3853402,-0.00293,-1,-1,-1,0,0,0,136,1,1,0,0.0000000,0.0000000,0.0000000,0,0,0,0
756770616281791 D 768,2182440339,1000,1555,1555,2.3853402,-0.00282,-1,-1,-1,0,0,0,136,1,1,0,0.0000000,0.0000000,0.0000000,0,0,0,0
756770617295000 D 769,2182441339,1000,1555,1555,2.3853402,-0.00271,-1,-1,-1,0,0,0,136,1,1,0,0.0000000,0.0000000,0.0000000,0,0,0,0
756770618345291 D 770,2182442339,1000,1555,1555,2.3853402,-0.00260,-1,-1,-1,0,0,0,136,1,1,0,0.0000000,0.0000000,0.0000000,0,0,0,0
756770619305875 D 771,2182443339,1000,1555,1555,2.3853402,-0.00250,-1,-1,-1,0,0,0,136,1,1,0,0.0000000,0.0000000,0.0000000,0,0,0,0
756770620315833 D 772,2182444339,1000,1555,1555,2.3853402,-0.00240,-1,-1,-1,0,0,0,136,1,1,0,0.0000000,0.0000000,0.0000000,0,0,0,0
756770621151833 D 773,2182445339,1000,1555,1555,2.3853402,-0.00231,-1,-1,-1,0,0,0,136,1,1,0,0.0000000,0.0000000,0.0000000,0,0,0,0
756770622215000 D 774,2182446339,1000,1555,1555,2.3853402,-0.00222,-1,-1,-1,0,0,0,136,1,1,0,0.0000000,0.0000000,0.0000000,0,0,0,0
756770623301458 D 775,2182447339,1000,1555,1555,2.3853402,-0.00213,-1,-1,-1,0,0,0,136,1,1,0,0.0000000,0.0000000,0.0000000,0,0,0,0
756770624336916 D 776,2182448339,1000,1555,1555,2.3853402,-0.00205,-1,-1,-1,0,0,0,136,1,1,0,0.0000000,0.0000000,0.0000000,0,0,0,0
756770625331583 D 777,2182449339,1000,1555,1555,2.3853402,-0.00197,-1,-1,-1,0,0,0,136,1,1,0,0.0000000,0.0000000,0.0000000,0,0,0,0
756770626299833 D 778,2182450339,1000,1555,1555,2.3853402,-0.00189,-1,-1,-1,0,0,0,136,1,1,0,0.0000000,0.0000000,0.0000000,0,0,0,0
756770627188500 D 779,2182451339,1000,1555,1555,2.3853402,-0.00182,-1,-1,-1,0,0,0,136,1,1,0,0.0000000,0.0000000,0.0000000,0,0,0,0
756770628733666 D 780,2182452339,1000,1555,1555,2.3853402,-0.00174,39,128,2035,0,0,0,136,1,1,0,0.0000000,0.0000000,0.0000000,0,0,0,0
756770629373666 D 781,2182453339,1000,1555,1555,2.3853402,-0.00168,-1,-1,-1,0,0,0,136,1,1,0,0.0000000,0.0000000,0.0000000,0,0,0,0
756770630229875 D 782,2182454339,1000,1555,1555,2.3853402,-0.00161,-1,-1,-1,0,0,0,136,1,1,0,0.0000000,0.0000000,0.0000000,0,0,0,0
756770631222000 D 783,2182455339,1000,1555,1555,2.3853402,-0.00155,-1,-1,-1,0,0,0,136,1,1,0,0.0000000,0.0000000,0.0000000,0,0,0,0
756770632188041 D 784,2182456339,1000,1555,1555,2.3853402,-0.00149,-1,-1,-1,0,0,0,136,1,1,0,0.0000000,0.0000000,0.0000000,0,0,0,0
756770633189291 D 785,2182457339,1000,1555,1555,2.3853402,-0.00143,-1,-1,-1,0,0,0,136,1,1,0,0.0000000,0.0000000,0.0000000,0,0,0,0
756770634186541 D 786,2182458339,1000,1555,1555,2.3853402,-0.00137,-1,-1,-1,0,0,0,135,1,1,0,0.0000000,0.0000000,0.0000000,0,0,0,0
756770635181750 D 787,2182459339,1000,1555,1555,2.3853402,-0.00132,-1,-1,-1,0,0,0,136,1,1,0,0.0000000,0.0000000,0.0000000,0,0,0,0
756770636184833 D 788,2182460339,1000,1555,1555,2.3853402,-0.00127,-1,-1,-1,0,0,0,136,1,1,0,0.0000000,0.0000000,0.0000000,0,0,0,0
756770637186041 D 789,2182461339,1000,1555,1555,2.3853402,-0.00122,-1,-1,-1,0,0,0,136,1,1,0,0.0000000,0.0000000,0.0000000,0,0,0,0
756770638179375 D 790,2182462339,1000,1555,1555,2.3853402,-0.00117,-1,-1,-1,0,0,0,136,1,1,0,0.0000000,0.0000000,0.0000000,0,0,0,0
756770639193875 D 791,2182463339,1000,1555,1555,2.3853402,-0.00112,-1,-1,-1,0,0,0,136,1,1,0,0.0000000,0.0000000,0.0000000,0,0,0,0
756770640161416 D 792,2182464339,1000,1555,1555,2.3853402,-0.00108,-1,-1,-1,0,0,0,136,1,1,0,0.0000000,0.0000000,0.0000000,0,0,0,0
756770641219875 D 793,2182465339,1000,1555,1555,2.3853402,-0.00104,-1,-1,-1,0,0,0,135,1,1,0,0.0000000,0.0000000,0.0000000,0,0,0,0
756770642283416 D 794,2182466339,1000,1555,1555,2.3853402,-0.00100,-1,-1,-1,0,0,0,136,1,1,0,0.0000000,0.0000000,0.0000000,0,0,0,0
756770643243375 D 795,2182467339,1000,1555,1555,2.3853402,-0.00096,-1,-1,-1,0,0,0,136,1,1,0,0.0000000,0.0000000,0.0000000,0,0,0,0
756770644252958 D 796,2182468339,1000,1555,1555,2.3853402,-0.00092,-1,-1,-1,0,0,0,136,1,1,0,0.0000000,0.0000000,0.0000000,0,0,0,0
756770645272458 D 797,2182469339,1000,1555,1555,2.3853402,-0.00088,-1,-1,-1,0,0,0,136,1,1,0,0.0000000,0.0000000,0.0000000,0,0,0,0
756770646256666 D 798,2182470339,1000,1555,1555,2.3853402,-0.00085,-1,-1,-1,0,0,0,136,1,1,0,0.0000000,0.0000000,0.0000000,0,0,0,0
756770647261916 D 799,2182471339,1000,1555,1555,2.3853402,-0.00082,-1,-1,-1,0,0,0,136,1,1,0,0.0000000,0.0000000,0.0000000,0,0,0,0
756770648251708 D 800,2182472339,1000,1555,1555,2.3853402,-0.00078,-1,-1,-1,0,0,0,136,1,1,0,0.0000000,0.0000000,0.0000000,0,0,0,0
756770649241500 D 801,2182473339,1000,1555,1555,2.3853402,-0.00075,-1,-1,-1,0,0,0,136,1,1,0,0.0000000,0.0000000,0.0000000,0,0,0,0
756770650250208 D 802,2182474339,1000,1555,1555,2.3853402,-0.00072,-1,-1,-1,0,0,0,136,1,1,0,0.0000000,0.0000000,0.0000000,0,0,0,0
756770651250791 D 803,2182475339,1000,1555,1555,2.3853402,-0.00070,-1,-1,-1,0,0,0,136,1,1,0,0.0000000,0.0000000,0.0000000,0,0,0,0
756770652242958 D 804,2182476339,1000,1555,1555,2.3853402,-0.00067,-1,-1,-1,0,0,0,136,1,1,0,0.0000000,0.0000000,0.0000000,0,0,0,0
756770653239750 D 805,2182477339,1000,1555,1555,2.3853402,-0.00064,-1,-1,-1,0,0,0,136,1,1,0,0.0000000,0.0000000,0.0000000,0,0,0,0
756770654241666 D 806,2182478339,1000,1555,1555,2.3853402,-0.00062,-1,-1,-1,0,0,0,136,1,1,0,0.0000000,0.0000000,0.0000000,0,0,0,0
756770655248916 D 807,2182479339,1000,1555,1555,2.3853402,-0.00059,-1,-1,-1,0,0,0,135,1,1,0,0.0000000,0.0000000,0.0000000,0,0,0,0
756770656243208 D 808,2182480339,1000,1555,1555,2.3853402,-0.00057,-1,-1,-1,0,0,0,136,1,1,0,0.0000000,0.0000000,0.0000000,0,0,0,0
756770657242250 D 809,2182481339,1000,1555,1555,2.3853402,-0.00055,-1,-1,-1,0,0,0,136,1,1,0,0.0000000,0.0000000,0.0000000,0,0,0,0
756770658239750 D 810,2182482339,1000,1555,1555,2.3853402,-0.00053,-1,-1,-1,0,0,0,136,1,1,0,0.0000000,0.0000000,0.0000000,0,0,0,0
756770659237416 D 811,2182483339,1000,1555,1555,2.3853402,-0.00050,-1,-1,-1,0,0,0,136,1,1,0,0.0000000,0.0000000,0.0000000,0,0,0,0
756770660240166 D 812,2182484339,1000,1555,1555,2.3853402,-0.00049,-1,-1,-1,0,0,0,136,1,1,0,0.0000000,0.0000000,0.0000000,0,0,0,0
756770661264208 D 813,2182485339,1000,1555,1555,2.3853402,-0.00047,-1,-1,-1,0,0,0,136,1,1,0,0.0000000,0.0000000,0.0000000,0,0,0,0
756770662236166 D 814,2182486339,1000,1555,1555,2.3853402,-0.00045,-1,-1,-1,0,0,0,135,1,1,0,0.0000000,0.0000000,0.0000000,0,0,0,0
756770663252041 D 815,2182487339,1000,1555,1555,2.3853402,-0.00043,-1,-1,-1,0,0,0,136,1,1,0,0.0000000,0.0000000,0.0000000,0,0,0,0
756770664248666 D 816,2182488339,1000,1555,1555,2.3853402,-0.00041,-1,-1,-1,0,0,0,136,1,1,0,0.0000000,0.0000000,0.0000000,0,0,0,0
756770665239958 D 817,2182489339,1000,1555,1555,2.3853402,-0.00040,-1,-1,-1,0,0,0,136,1,1,0,0.0000000,0.0000000,0.0000000,0,0,0,0
756770666241625 D 818,2182490339,1000,1555,1555,2.3853402,-0.00038,-1,-1,-1,0,0,0,136,1,1,0,0.0000000,0.0000000,0.0000000,0,0,0,0
756770667250625 D 819,2182491339,1000,1555,1555,2.3853402,-0.00037,-1,-1,-1,0,0,0,136,1,1,0,0.0000000,0.0000000,0.0000000,0,0,0,0
756770668246208 D 820,2182492339,1000,1555,1555,2.3853402,-0.00035,-1,-1,-1,0,0,0,136,1,1,0,0.0000000,0.0000000,0.0000000,0,0,0,0
756770669240083 D 821,2182493339,1000,1555,1555,2.3853402,-0.00034,-1,-1,-1,0,0,0,136,1,1,0,0.0000000,0.0000000,0.0000000,0,0,0,0
756770670224375 D 822,2182494339,1000,1555,1555,2.3853402,-0.00033,-1,-1,-1,0,0,0,136,1,1,0,0.0000000,0.0000000,0.0000000,0,0,0,0
756770671239833 D 823,2182495339,1000,1555,1555,2.3853402,-0.00031,-1,-1,-1,0,0,0,136,1,1,0,0.0000000,0.0000000,0.0000000,0,0,0,0
756770672250666 D 824,2182496339,1000,1555,1555,2.3853402,-0.00030,-1,-1,-1,0,0,0,136,1,1,0,0.0000000,0.0000000,0.0000000,0,0,0,0
756770673246708 D 825,2182497339,1000,1555,1555,2.3853402,-0.00029,-1,-1,-1,0,0,0,136,1,1,0,0.0000000,0.0000000,0.0000000,0,0,0,0
756770674238208 D 826,2182498339,1000,1555,1555,2.3853402,-0.00028,-1,-1,-1,0,0,0,136,1,1,0,0.0000000,0.0000000,0.0000000,0,0,0,0
756770675269416 D 827,2182499339,1000,1555,1555,2.3853402,-0.00027,-1,-1,-1,0,0,0,136,1,1,0,0.0000000,0.0000000,0.0000000,0,0,0,0
756770676251750 D 828,2182500339,1000,1555,1555,2.3853402,-0.00026,-1,-1,-1,0,0,0,135,1,1,0,0.0000000,0.0000000,0.0000000,0,0,0,0
756770677247958 D 829,2182501339,1000,1555,1555,2.3853402,-0.00025,-1,-1,-1,0,0,0,136,1,1,0,0.0000000,0.0000000,0.0000000,0,0,0,0
756770678693625 D 830,2182502339,1000,1555,1555,2.3853402,-0.00024,39,128,2035,0,0,0,136,1,1,0,0.0000000,0.0000000,0.0000000,0,0,0,0
756770679299458 D 831,2182503339,1000,1555,1555,2.3853402,-0.00023,-1,-1,-1,0,0,0,136,1,1,0,0.0000000,0.0000000,0.0000000,0,0,0,0
756770680243125 D 832,2182504339,1000,1555,1555,2.3853402,-0.00022,-1,-1,-1,0,0,0,136,1,1,0,0.0000000,0.0000000,0.0000000,0,0,0,0
756770681242041 D 833,2182505339,1000,1555,1555,2.3853402,-0.00021,-1,-1,-1,0,0,0,136,1,1,0,0.0000000,0.0000000,0.0000000,0,0,0,0
756770682247958 D 834,2182506339,1000,1555,1555,2.3853402,-0.00020,-1,-1,-1,0,0,0,136,1,1,0,0.0000000,0.0000000,0.0000000,0,0,0,0
756770683239375 D 835,2182507339,1000,1555,1555,2.3853402,-0.00019,-1,-1,-1,0,0,0,136,1,1,0,0.0000000,0.0000000,0.0000000,0,0,0,0
756770684236583 D 836,2182508339,1000,1555,1555,2.3853402,-0.00019,-1,-1,-1,0,0,0,136,1,1,0,0.0000000,0.0000000,0.0000000,0,0,0,0
756770685230708 D 837,2182509339,1000,1555,1555,2.3853402,-0.00018,-1,-1,-1,0,0,0,136,1,1,0,0.0000000,0.0000000,0.0000000,0,0,0,0
756770686231375 D 838,2182510339,1000,1555,1555,2.3853402,-0.00017,-1,-1,-1,0,0,0,136,1,1,0,0.0000000,0.0000000,0.0000000,0,0,0,0
756770687234791 D 839,2182511339,1000,1555,1555,2.3853402,-0.00016,-1,-1,-1,0,0,0,136,1,1,0,0.0000000,0.0000000,0.0000000,0,0,0,0
756770688221333 D 840,2182512339,1000,1556,1556,2.3868742,0.05999,-1,-1,-1,0,0,0,136,1,1,0,0.0000000,0.0000000,0.0000000,0,0,0,0
756770689231958 D 841,2182513339,1000,1556,1556,2.3868742,0.05764,-1,-1,-1,0,0,0,136,1,1,0,0.0000000,0.0000000,0.0000000,0,0,0,0
756770690223791 D 842,2182514339,1000,1555,1555,2.3853402,-0.00477,-1,-1,-1,0,0,0,136,1,1,0,0.0000000,0.0000000,0.0000000,0,0,0,0
756770691457208 D 843,2182515339,1000,1555,1555,2.3853402,-0.00458,-1,-1,-1,0,0,0,136,1,1,0,0.0000000,0.0000000,0.0000000,0,0,0,0
756770692452083 D 844,2182516339,1000,1555,1555,2.3853402,-0.00440,-1,-1,-1,0,0,0,136,1,1,0,0.0000000,0.0000000,0.0000000,0,0,0,0
756770693473000 D 845,2182517339,1000,1555,1555,2.3853402,-0.00423,-1,-1,-1,0,0,0,136,1,1,0,0.0000000,0.0000000,0.0000000,0,0,0,0
756770694259708 D 846,2182518339,1000,1555,1555,2.3853402,-0.00407,-1,-1,-1,0,0,0,136,1,1,0,0.0000000,0.0000000,0.0000000,0,0,0,0
756770695235500 D 847,2182519339,1000,1555,1555,2.3853402,-0.00391,-1,-1,-1,0,0,0,136,1,1,0,0.0000000,0.0000000,0.0000000,0,0,0,0
756770696243708 D 848,2182520339,1000,1555,1555,2.3853402,-0.00375,-1,-1,-1,0,0,0,136,1,1,0,0.0000000,0.0000000,0.0000000,0,0,0,0
756770697244416 D 849,2182521339,1000,1555,1555,2.3853402,-0.00361,-1,-1,-1,0,0,0,136,1,1,0,0.0000000,0.0000000,0.0000000,0,0,0,0
756770698269166 D 850,2182522339,1000,1555,1555,2.3853402,-0.00346,-1,-1,-1,0,0,0,136,1,1,0,0.0000000,0.0000000,0.0000000,0,0,0,0
756770699239666 D 851,2182523339,1000,1555,1555,2.3853402,-0.00333,-1,-1,-1,0,0,0,136,1,1,0,0.0000000,0.0000000,0.0000000,0,0,0,0
756770700230958 D 852,2182524339,1000,1555,1555,2.3853402,-0.00320,-1,-1,-1,0,0,0,136,1,1,0,0.0000000,0.0000000,0.0000000,0,0,0,0
756770701233625 D 853,2182525339,1000,1555,1555,2.3853402,-0.00307,-1,-1,-1,0,0,0,136,1,1,0,0.0000000,0.0000000,0.0000000,0,0,0,0
756770702235041 D 854,2182526339,1000,1555,1555,2.3853402,-0.00295,-1,-1,-1,0,0,0,136,1,1,0,0.0000000,0.0000000,0.0000000,0,0,0,0
756770703241000 D 855,2182527339,1000,1555,1555,2.3853402,-0.00284,-1,-1,-1,0,0,0,136,1,1,0,0.0000000,0.0000000,0.0000000,0,0,0,0
756770704243541 D 856,2182528339,1000,1555,1555,2.3853402,-0.00272,-1,-1,-1,0,0,0,136,1,1,0,0.0000000,0.0000000,0.0000000,0,0,0,0
756770705236166 D 857,2182529339,1000,1555,1555,2.3853402,-0.00262,-1,-1,-1,0,0,0,136,1,1,0,0.0000000,0.0000000,0.0000000,0,0,0,0
756770706237708 D 858,2182530339,1000,1555,1555,2.3853402,-0.00252,-1,-1,-1,0,0,0,136,1,1,0,0.0000000,0.0000000,0.0000000,0,0,0,0
756770707235416 D 859,2182531339,1000,1555,1555,2.3853402,-0.00242,-1,-1,-1,0,0,0,136,1,1,0,0.0000000,0.0000000,0.0000000,0,0,0,0
756770708248666 D 860,2182532339,1000,1555,1555,2.3853402,-0.00232,-1,-1,-1,0,0,0,136,1,1,0,0.0000000,0.0000000,0.0000000,0,0,0,0
756770709238750 D 861,2182533339,1000,1555,1555,2.3853402,-0.00223,-1,-1,-1,0,0,0,136,1,1,0,0.0000000,0.0000000,0.0000000,0,0,0,0
756770710235708 D 862,2182534339,1000,1555,1555,2.3853402,-0.00214,-1,-1,-1,0,0,0,136,1,1,0,0.0000000,0.0000000,0.0000000,0,0,0,0
756770711235083 D 863,2182535339,1000,1555,1555,2.3853402,-0.00206,-1,-1,-1,0,0,0,136,1,1,0,0.0000000,0.0000000,0.0000000,0,0,0,0
756770712231916 D 864,2182536339,1000,1555,1555,2.3853402,-0.00198,-1,-1,-1,0,0,0,136,1,1,0,0.0000000,0.0000000,0.0000000,0,0,0,0
756770713238916 D 865,2182537339,1000,1555,1555,2.3853402,-0.00190,-1,-1,-1,0,0,0,136,1,1,0,0.0000000,0.0000000,0.0000000,0,0,0,0
756770714243083 D 866,2182538339,1000,1555,1555,2.3853402,-0.00183,-1,-1,-1,0,0,0,136,1,1,0,0.0000000,0.0000000,0.0000000,0,0,0,0
756770715236541 D 867,2182539339,1000,1555,1555,2.3853402,-0.00175,-1,-1,-1,0,0,0,136,1,1,0,0.0000000,0.0000000,0.0000000,0,0,0,0
756770716231958 D 868,2182540339,1000,1555,1555,2.3853402,-0.00169,-1,-1,-1,0,0,0,136,1,1,0,0.0000000,0.0000000,0.0000000,0,0,0,0
756770717237875 D 869,2182541339,1000,1555,1555,2.3853402,-0.00162,-1,-1,-1,0,0,0,136,1,1,0,0.0000000,0.0000000,0.0000000,0,0,0,0
756770718237541 D 870,2182542339,1000,1555,1555,2.3853402,-0.00156,-1,-1,-1,0,0,0,136,1,1,0,0.0000000,0.0000000,0.0000000,0,0,0,0
756770719236208 D 871,2182543339,1000,1555,1555,2.3853402,-0.00150,-1,-1,-1,0,0,0,136,1,1,0,0.0000000,0.0000000,0.0000000,0,0,0,0
756770720229333 D 872,2182544339,1000,1555,1555,2.3853402,-0.00144,-1,-1,-1,0,0,0,136,1,1,0,0.0000000,0.0000000,0.0000000,0,0,0,0
756770721445458 D 873,2182545339,1000,1555,1555,2.3853402,-0.00138,-1,-1,-1,0,0,0,136,1,1,0,0.0000000,0.0000000,0.0000000,0,0,0,0
756770722160583 D 874,2182546339,1000,1555,1555,2.3853402,-0.00133,-1,-1,-1,0,0,0,136,1,1,0,0.0000000,0.0000000,0.0000000,0,0,0,0
756770723479833 D 875,2182547339,1000,1555,1555,2.3853402,-0.00127,-1,-1,-1,0,0,0,136,1,1,0,0.0000000,0.0000000,0.0000000,0,0,0,0
756770724462041 D 876,2182548339,1000,1555,1555,2.3853402,-0.00122,-1,-1,-1,0,0,0,136,1,1,0,0.0000000,0.0000000,0.0000000,0,0,0,0
756770725385666 D 877,2182549339,1000,1555,1555,2.3853402,-0.00118,-1,-1,-1,0,0,0,136,1,1,0,0.0000000,0.0000000,0.0000000,0,0,0,0
756770726232208 D 878,2182550339,1000,1555,1555,2.3853402,-0.00113,-1,-1,-1,0,0,0,136,1,1,0,0.0000000,0.0000000,0.0000000,0,0,0,0
756770727236000 D 879,2182551339,1000,1555,1555,2.3853402,-0.00109,-1,-1,-1,0,0,0,136,1,1,0,0.0000000,0.0000000,0.0000000,0,0,0,0
756770728669416 D 880,2182552339,1000,1555,1555,2.3853402,-0.00104,39,128,2034,0,0,0,136,1,1,0,0.0000000,0.0000000,0.0000000,0,0,0,0
756770729263875 D 881,2182553339,1000,1555,1555,2.3853402,-0.00100,-1,-1,-1,0,0,0,136,1,1,0,0.0000000,0.0000000,0.0000000,0,0,0,0
756770730206416 D 882,2182554339,1000,1555,1555,2.3853402,-0.00096,-1,-1,-1,0,0,0,136,1,1,0,0.0000000,0.0000000,0.0000000,0,0,0,0
756770731185208 D 883,2182555339,1000,1555,1555,2.3853402,-0.00093,-1,-1,-1,0,0,0,136,1,1,0,0.0000000,0.0000000,0.0000000,0,0,0,0
756770732234083 D 884,2182556339,1000,1555,1555,2.3853402,-0.00089,-1,-1,-1,0,0,0,136,1,1,0,0.0000000,0.0000000,0.0000000,0,0,0,0
756770733232916 D 885,2182557339,1000,1555,1555,2.3853402,-0.00085,-1,-1,-1,0,0,0,136,1,1,0,0.0000000,0.0000000,0.0000000,0,0,0,0
756770734232416 D 886,2182558339,1000,1555,1555,2.3853402,-0.00082,-1,-1,-1,0,0,0,136,1,1,0,0.0000000,0.0000000,0.0000000,0,0,0,0
756770735239208 D 887,2182559339,1000,1555,1555,2.3853402,-0.00079,-1,-1,-1,0,0,0,136,1,1,0,0.0000000,0.0000000,0.0000000,0,0,0,0
756770736234250 D 888,2182560339,1000,1555,1555,2.3853402,-0.00076,-1,-1,-1,0,0,0,136,1,1,0,0.0000000,0.0000000,0.0000000,0,0,0,0
756770737233875 D 889,2182561339,1000,1555,1555,2.3853402,-0.00073,-1,-1,-1,0,0,0,136,1,1,0,0.0000000,0.0000000,0.0000000,0,0,0,0
756770738232833 D 890,2182562339,1000,1555,1555,2.3853402,-0.00070,-1,-1,-1,0,0,0,136,1,1,0,0.0000000,0.0000000,0.0000000,0,0,0,0
756770739234166 D 891,2182563339,1000,1555,1555,2.3853402,-0.00067,-1,-1,-1,0,0,0,136,1,1,0,0.0000000,0.0000000,0.0000000,0,0,0,0
756770740238833 D 892,2182564339,1000,1555,1555,2.3853402,-0.00065,-1,-1,-1,0,0,0,136,1,1,0,0.0000000,0.0000000,0.0000000,0,0,0,0
756770741239958 D 893,2182565339,1000,1555,1555,2.3853402,-0.00062,-1,-1,-1,0,0,0,136,1,1,0,0.0000000,0.0000000,0.0000000,0,0,0,0
756770742259916 D 894,2182566339,1000,1555,1555,2.3853402,-0.00060,-1,-1,-1,0,0,0,136,1,1,0,0.0000000,0.0000000,0.0000000,0,0,0,0
756770743235500 D 895,2182567339,1000,1555,1555,2.3853402,-0.00057,-1,-1,-1,0,0,0,136,1,1,0,0.0000000,0.0000000,0.0000000,0,0,0,0
756770744488333 D 896,2182568339,1000,1555,1555,2.3853402,-0.00055,-1,-1,-1,0,0,0,136,1,1,0,0.0000000,0.0000000,0.0000000,0,0,0,0
756770745473500 D 897,2182569339,1000,1555,1555,2.3853402,-0.00053,-1,-1,-1,0,0,0,136,1,1,0,0.0000000,0.0000000,0.0000000,0,0,0,0
756770746456750 D 898,2182570339,1000,1555,1555,2.3853402,-0.00051,-1,-1,-1,0,0,0,136,1,1,0,0.0000000,0.0000000,0.0000000,0,0,0,0
756770747457708 D 899,2182571339,1000,1555,1555,2.3853402,-0.00049,-1,-1,-1,0,0,0,136,1,1,0,0.0000000,0.0000000,0.0000000,0,0,0,0
756770748452541 D 900,2182572339,1000,1555,1555,2.3853402,-0.00047,-1,-1,-1,0,0,0,136,1,1,0,0.0000000,0.0000000,0.0000000,0,0,0,0
756770749455250 D 901,2182573339,1000,1555,1555,2.3853402,-0.00045,-1,-1,-1,0,0,0,136,1,1,0,0.0000000,0.0000000,0.0000000,0,0,0,0
756770750455083 D 902,2182574339,1000,1555,1555,2.3853402,-0.00043,-1,-1,-1,0,0,0,136,1,1,0,0.0000000,0.0000000,0.0000000,0,0,0,0
756770751456791 D 903,2182575339,1000,1555,1555,2.3853402,-0.00042,-1,-1,-1,0,0,0,136,1,1,0,0.0000000,0.0000000,0.0000000,0,0,0,0
756770752454750 D 904,2182576339,1000,1555,1555,2.3853402,-0.00040,-1,-1,-1,0,0,0,136,1,1,0,0.0000000,0.0000000,0.0000000,0,0,0,0
756770753462000 D 905,2182577339,1000,1555,1555,2.3853402,-0.00038,-1,-1,-1,0,0,0,136,1,1,0,0.0000000,0.0000000,0.0000000,0,0,0,0
756770754459666 D 906,2182578339,1000,1555,1555,2.3853402,-0.00037,-1,-1,-1,0,0,0,136,1,1,0,0.0000000,0.0000000,0.0000000,0,0,0,0
756770755288250 D 907,2182579339,1000,1555,1555,2.3853402,-0.00035,-1,-1,-1,0,0,0,136,1,1,0,0.0000000,0.0000000,0.0000000,0,0,0,0
756770756236875 D 908,2182580339,1000,1555,1555,2.3853402,-0.00034,-1,-1,-1,0,0,0,136,1,1,0,0.0000000,0.0000000,0.0000000,0,0,0,0
756770757237625 D 909,2182581339,1000,1555,1555,2.3853402,-0.00033,-1,-1,-1,0,0,0,136,1,1,0,0.0000000,0.0000000,0.0000000,0,0,0,0
756770758236041 D 910,2182582339,1000,1555,1555,2.3853402,-0.00031,-1,-1,-1,0,0,0,136,1,1,0,0.0000000,0.0000000,0.0000000,0,0,0,0
756770759229250 D 911,2182583339,1000,1555,1555,2.3853402,-0.00030,-1,-1,-1,0,0,0,136,1,1,0,0.0000000,0.0000000,0.0000000,0,0,0,0
756770760245000 D 912,2182584339,1000,1555,1555,2.3853402,-0.00029,-1,-1,-1,0,0,0,136,1,1,0,0.0000000,0.0000000,0.0000000,0,0,0,0
756770761243125 D 913,2182585339,1000,1555,1555,2.3853402,-0.00028,-1,-1,-1,0,0,0,136,1,1,0,0.0000000,0.0000000,0.0000000,0,0,0,0
756770762462250 D 914,2182586339,1000,1555,1555,2.3853402,-0.00027,-1,-1,-1,0,0,0,136,1,1,0,0.0000000,0.0000000,0.0000000,0,0,0,0
756770763471875 D 915,2182587339,1000,1555,1555,2.3853402,-0.00026,-1,-1,-1,0,0,0,136,1,1,0,0.0000000,0.0000000,0.0000000,0,0,0,0
756770764456791 D 916,2182588339,1000,1555,1555,2.3853402,-0.00025,-1,-1,-1,0,0,0,136,1,1,0,0.0000000,0.0000000,0.0000000,0,0,0,0
756770765259833 D 917,2182589339,1000,1555,1555,2.3853402,-0.00024,-1,-1,-1,0,0,0,136,1,1,0,0.0000000,0.0000000,0.0000000,0,0,0,0
756770766238416 D 918,2182590339,1000,1555,1555,2.3853402,-0.00023,-1,-1,-1,0,0,0,136,1,1,0,0.0000000,0.0000000,0.0000000,0,0,0,0
756770767253250 D 919,2182591339,1000,1555,1555,2.3853402,-0.00022,-1,-1,-1,0,0,0,135,1,1,0,0.0000000,0.0000000,0.0000000,0,0,0,0
756770768248250 D 920,2182592339,1000,1555,1555,2.3853402,-0.00021,-1,-1,-1,0,0,0,136,1,1,0,0.0000000,0.0000000,0.0000000,0,0,0,0
756770769237166 D 921,2182593339,1000,1555,1555,2.3853402,-0.00020,-1,-1,-1,0,0,0,136,1,1,0,0.0000000,0.0000000,0.0000000,0,0,0,0
756770770245208 D 922,2182594339,1000,1555,1555,2.3853402,-0.00019,-1,-1,-1,0,0,0,136,1,1,0,0.0000000,0.0000000,0.0000000,0,0,0,0
756770771279458 D 923,2182595339,1000,1555,1555,2.3853402,-0.00019,-1,-1,-1,0,0,0,136,1,1,0,0.0000000,0.0000000,0.0000000,0,0,0,0
756770772253000 D 924,2182596339,1000,1555,1555,2.3853402,-0.00018,-1,-1,-1,0,0,0,136,1,1,0,0.0000000,0.0000000,0.0000000,0,0,0,0
756770773301375 D 925,2182597339,1000,1555,1555,2.3853402,-0.00017,-1,-1,-1,0,0,0,136,1,1,0,0.0000000,0.0000000,0.0000000,0,0,0,0
756770774279791 D 926,2182598339,1000,1555,1555,2.3853402,-0.00017,-1,-1,-1,0,0,0,136,1,1,0,0.0000000,0.0000000,0.0000000,0,0,0,0
756770775241666 D 927,2182599339,1000,1555,1555,2.3853402,-0.00016,-1,-1,-1,0,0,0,136,1,1,0,0.0000000,0.0000000,0.0000000,0,0,0,0
756770776255625 D 928,2182600339,1000,1555,1555,2.3853402,-0.00015,-1,-1,-1,0,0,0,136,1,1,0,0.0000000,0.0000000,0.0000000,0,0,0,0
756770777264958 D 929,2182601339,1000,1555,1555,2.3853402,-0.00015,-1,-1,-1,0,0,0,136,1,1,0,0.0000000,0.0000000,0.0000000,0,0,0,0
756770778698750 D 930,2182602339,1000,1555,1555,2.3853402,-0.00014,39,128,2035,0,0,0,136,1,1,0,0.0000000,0.0000000,0.0000000,0,0,0,0
756770779307291 D 931,2182603339,1000,1555,1555,2.3853402,-0.00014,-1,-1,-1,0,0,0,136,1,1,0,0.0000000,0.0000000,0.0000000,0,0,0,0
756770780247041 D 932,2182604339,1000,1555,1555,2.3853402,-0.00013,-1,-1,-1,0,0,0,136,1,1,0,0.0000000,0.0000000,0.0000000,0,0,0,0
756770781263083 D 933,2182605339,1000,1555,1555,2.3853402,-0.00013,-1,-1,-1,0,0,0,136,1,1,0,0.0000000,0.0000000,0.0000000,0,0,0,0
756770782243458 D 934,2182606339,1000,1555,1555,2.3853402,-0.00012,-1,-1,-1,0,0,0,136,1,1,0,0.0000000,0.0000000,0.0000000,0,0,0,0
756770783248708 D 935,2182607339,1000,1555,1555,2.3853402,-0.00012,-1,-1,-1,0,0,0,136,1,1,0,0.0000000,0.0000000,0.0000000,0,0,0,0
756770784240583 D 936,2182608339,1000,1556,1556,2.3868742,0.06004,-1,-1,-1,0,0,0,136,1,1,0,0.0000000,0.0000000,0.0000000,0,0,0,0
756770785275791 D 937,2182609339,1000,1555,1555,2.3853402,-0.00247,-1,-1,-1,0,0,0,136,1,1,0,0.0000000,0.0000000,0.0000000,0,0,0,0
756770786272000 D 938,2182610339,1000,1555,1555,2.3853402,-0.00237,-1,-1,-1,0,0,0,136,1,1,0,0.0000000,0.0000000,0.0000000,0,0,0,0
756770787268500 D 939,2182611339,1000,1555,1555,2.3853402,-0.00228,-1,-1,-1,0,0,0,136,1,1,0,0.0000000,0.0000000,0.0000000,0,0,0,0
756770788268083 D 940,2182612339,1000,1556,1556,2.3868742,0.05796,-1,-1,-1,0,0,0,135,1,1,0,0.0000000,0.0000000,0.0000000,0,0,0,0
756770789262041 D 941,2182613339,1000,1555,1555,2.3853402,-0.00446,-1,-1,-1,0,0,0,136,1,1,0,0.0000000,0.0000000,0.0000000,0,0,0,0
756770790250000 D 942,2182614339,1000,1555,1555,2.3853402,-0.00428,-1,-1,-1,0,0,0,136,1,1,0,0.0000000,0.0000000,0.0000000,0,0,0,0
756770791278291 D 943,2182615339,1000,1555,1555,2.3853402,-0.00412,-1,-1,-1,0,0,0,136,1,1,0,0.0000000,0.0000000,0.0000000,0,0,0,0
756770792474583 D 944,2182616339,1000,1555,1555,2.3853402,-0.00395,-1,-1,-1,0,0,0,136,1,1,0,0.0000000,0.0000000,0.0000000,0,0,0,0
756770793464125 D 945,2182617339,1000,1555,1555,2.3853402,-0.00380,-1,-1,-1,0,0,0,136,1,1,0,0.0000000,0.0000000,0.0000000,0,0,0,0
756770794482500 D 946,2182618339,1000,1555,1555,2.3853402,-0.00365,-1,-1,-1,0,0,0,136,1,1,0,0.0000000,0.0000000,0.0000000,0,0,0,0
756770795476625 D 947,2182619339,1000,1555,1555,2.3853402,-0.00351,-1,-1,-1,0,0,0,136,1,1,0,0.0000000,0.0000000,0.0000000,0,0,0,0
756770796470333 D 948,2182620339,1000,1556,1556,2.3868742,0.05678,-1,-1,-1,0,0,0,136,1,1,0,0.0000000,0.0000000,0.0000000,0,0,0,0
756770797476875 D 949,2182621339,1000,1555,1555,2.3853402,-0.00560,-1,-1,-1,0,0,0,136,1,1,0,0.0000000,0.0000000,0.0000000,0,0,0,0
756770798472625 D 950,2182622339,1000,1555,1555,2.3853402,-0.00538,-1,-1,-1,0,0,0,136,1,1,0,0.0000000,0.0000000,0.0000000,0,0,0,0
756770799463333 D 951,2182623339,1000,1555,1555,2.3853402,-0.00517,-1,-1,-1,0,0,0,136,1,1,0,0.0000000,0.0000000,0.0000000,0,0,0,0
756770800470375 D 952,2182624339,1000,1555,1555,2.3853402,-0.00496,-1,-1,-1,0,0,0,136,1,1,0,0.0000000,0.0000000,0.0000000,0,0,0,0
756770801480375 D 953,2182625339,1000,1555,1555,2.3853402,-0.00477,-1,-1,-1,0,0,0,136,1,1,0,0.0000000,0.0000000,0.0000000,0,0,0,0
756770802345791 D 954,2182626339,1000,1555,1555,2.3853402,-0.00458,-1,-1,-1,0,0,0,135,1,1,0,0.0000000,0.0000000,0.0000000,0,0,0,0
756770803251541 D 955,2182627339,1000,1555,1555,2.3853402,-0.00440,-1,-1,-1,0,0,0,136,1,1,0,0.0000000,0.0000000,0.0000000,0,0,0,0
756770804238000 D 956,2182628339,1000,1555,1555,2.3853402,-0.00423,-1,-1,-1,0,0,0,136,1,1,0,0.0000000,0.0000000,0.0000000,0,0,0,0
756770805237708 D 957,2182629339,1000,1555,1555,2.3853402,-0.00406,-1,-1,-1,0,0,0,136,1,1,0,0.0000000,0.0000000,0.0000000,0,0,0,0
756770806232208 D 958,2182630339,1000,1555,1555,2.3853402,-0.00390,-1,-1,-1,0,0,0,136,1,1,0,0.0000000,0.0000000,0.0000000,0,0,0,0
756770807463333 D 959,2182631339,1000,1555,1555,2.3853402,-0.00375,-1,-1,-1,0,0,0,136,1,1,0,0.0000000,0.0000000,0.0000000,0,0,0,0
756770808536625 D 960,2182632339,1000,1555,1555,2.3853402,-0.00360,-1,-1,-1,0,0,0,136,1,1,0,0.0000000,0.0000000,0.0000000,0,0,0,0
756770809476166 D 961,2182633339,1000,1555,1555,2.3853402,-0.00346,-1,-1,-1,0,0,0,136,1,1,0,0.0000000,0.0000000,0.0000000,0,0,0,0
756770810297041 D 962,2182634339,1000,1555,1555,2.3853402,-0.00333,-1,-1,-1,0,0,0,136,1,1,0,0.0000000,0.0000000,0.0000000,0,0,0,0
756770811264708 D 963,2182635339,1000,1555,1555,2.3853402,-0.00320,-1,-1,-1,0,0,0,136,1,1,0,0.0000000,0.0000000,0.0000000,0,0,0,0
756770812248166 D 964,2182636339,1000,1555,1555,2.3853402,-0.00307,-1,-1,-1,0,0,0,136,1,1,0,0.0000000,0.0000000,0.0000000,0,0,0,0
756770813250708 D 965,2182637339,1000,1555,1555,2.3853402,-0.00295,-1,-1,-1,0,0,0,136,1,1,0,0.0000000,0.0000000,0.0000000,0,0,0,0
756770814256541 D 966,2182638339,1000,1555,1555,2.3853402,-0.00284,-1,-1,-1,0,0,0,136,1,1,0,0.0000000,0.0000000,0.0000000,0,0,0,0
756770815254291 D 967,2182639339,1000,1555,1555,2.3853402,-0.00272,-1,-1,-1,0,0,0,136,1,1,0,0.0000000,0.0000000,0.0000000,0,0,0,0
756770816247958 D 968,2182640339,1000,1555,1555,2.3853402,-0.00262,-1,-1,-1,0,0,0,136,1,1,0,0.0000000,0.0000000,0.0000000,0,0,0,0
756770817257833 D 969,2182641339,1000,1555,1555,2.3853402,-0.00251,-1,-1,-1,0,0,0,136,1,1,0,0.0000000,0.0000000,0.0000000,0,0,0,0
756770818263333 D 970,2182642339,1000,1555,1555,2.3853402,-0.00242,-1,-1,-1,0,0,0,136,1,1,0,0.0000000,0.0000000,0.0000000,0,0,0,0
756770819246833 D 971,2182643339,1000,1555,1555,2.3853402,-0.00232,-1,-1,-1,0,0,0,136,1,1,0,0.0000000,0.0000000,0.0000000,0,0,0,0
756770820240333 D 972,2182644339,1000,1555,1555,2.3853402,-0.00223,-1,-1,-1,0,0,0,136,1,1,0,0.0000000,0.0000000,0.0000000,0,0,0,0
756770821243041 D 973,2182645339,1000,1555,1555,2.3853402,-0.00214,-1,-1,-1,0,0,0,136,1,1,0,0.0000000,0.0000000,0.0000000,0,0,0,0
756770822234625 D 974,2182646339,1000,1555,1555,2.3853402,-0.00206,-1,-1,-1,0,0,0,136,1,1,0,0.0000000,0.0000000,0.0000000,0,0,0,0
756770823244875 D 975,2182647339,1000,1555,1555,2.3853402,-0.00198,-1,-1,-1,0,0,0,135,1,1,0,0.0000000,0.0000000,0.0000000,0,0,0,0
756770824230791 D 976,2182648339,1000,1555,1555,2.3853402,-0.00190,-1,-1,-1,0,0,0,136,1,1,0,0.0000000,0.0000000,0.0000000,0,0,0,0
756770825245166 D 977,2182649339,1000,1555,1555,2.3853402,-0.00183,-1,-1,-1,0,0,0,136,1,1,0,0.0000000,0.0000000,0.0000000,0,0,0,0
756770826230625 D 978,2182650339,1000,1555,1555,2.3853402,-0.00175,-1,-1,-1,0,0,0,136,1,1,0,0.0000000,0.0000000,0.0000000,0,0,0,0
756770827242833 D 979,2182651339,1000,1555,1555,2.3853402,-0.00169,-1,-1,-1,0,0,0,136,1,1,0,0.0000000,0.0000000,0.0000000,0,0,0,0
756770828683458 D 980,2182652339,1000,1555,1555,2.3853402,-0.00162,39,128,2035,0,0,0,136,1,1,0,0.0000000,0.0000000,0.0000000,0,0,0,0
756770829290791 D 981,2182653339,1000,1555,1555,2.3853402,-0.00156,-1,-1,-1,0,0,0,136,1,1,0,0.0000000,0.0000000,0.0000000,0,0,0,0
756770830247083 D 982,2182654339,1000,1555,1555,2.3853402,-0.00150,-1,-1,-1,0,0,0,136,1,1,0,0.0000000,0.0000000,0.0000000,0,0,0,0
756770831473583 D 983,2182655339,1000,1555,1555,2.3853402,-0.00144,-1,-1,-1,0,0,0,136,1,1,0,0.0000000,0.0000000,0.0000000,0,0,0,0
756770832458416 D 984,2182656339,1000,1555,1555,2.3853402,-0.00138,-1,-1,-1,0,0,0,136,1,1,0,0.0000000,0.0000000,0.0000000,0,0,0,0
756770833473250 D 985,2182657339,1000,1555,1555,2.3853402,-0.00133,-1,-1,-1,0,0,0,136,1,1,0,0.0000000,0.0000000,0.0000000,0,0,0,0
756770834457250 D 986,2182658339,1000,1555,1555,2.3853402,-0.00127,-1,-1,-1,0,0,0,136,1,1,0,0.0000000,0.0000000,0.0000000,0,0,0,0
756770835473500 D 987,2182659339,1000,1555,1555,2.3853402,-0.00122,-1,-1,-1,0,0,0,136,1,1,0,0.0000000,0.0000000,0.0000000,0,0,0,0
756770836459166 D 988,2182660339,1000,1555,1555,2.3853402,-0.00118,-1,-1,-1,0,0,0,136,1,1,0,0.0000000,0.0000000,0.0000000,0,0,0,0
756770837459125 D 989,2182661339,1000,1555,1555,2.3853402,-0.00113,-1,-1,-1,0,0,0,136,1,1,0,0.0000000,0.0000000,0.0000000,0,0,0,0
756770838475791 D 990,2182662339,1000,1555,1555,2.3853402,-0.00109,-1,-1,-1,0,0,0,136,1,1,0,0.0000000,0.0000000,0.0000000,0,0,0,0
756770839455000 D 991,2182663339,1000,1555,1555,2.3853402,-0.00104,-1,-1,-1,0,0,0,136,1,1,0,0.0000000,0.0000000,0.0000000,0,0,0,0
756770840500291 D 992,2182664339,1000,1555,1555,2.3853402,-0.00100,-1,-1,-1,0,0,0,136,1,1,0,0.0000000,0.0000000,0.0000000,0,0,0,0
756770841512666 D 993,2182665339,1000,1555,1555,2.3853402,-0.00096,-1,-1,-1,0,0,0,136,1,1,0,0.0000000,0.0000000,0.0000000,0,0,0,0
756770842494250 D 994,2182666339,1000,1555,1555,2.3853402,-0.00093,-1,-1,-1,0,0,0,136,1,1,0,0.0000000,0.0000000,0.0000000,0,0,0,0
756770843474375 D 995,2182667339,1000,1555,1555,2.3853402,-0.00089,-1,-1,-1,0,0,0,136,1,1,0,0.0000000,0.0000000,0.0000000,0,0,0,0
756770844283125 D 996,2182668339,1000,1555,1555,2.3853402,-0.00085,-1,-1,-1,0,0,0,136,1,1,0,0.0000000,0.0000000,0.0000000,0,0,0,0
756770845262875 D 997,2182669339,1000,1555,1555,2.3853402,-0.00082,-1,-1,-1,0,0,0,136,1,1,0,0.0000000,0.0000000,0.0000000,0,0,0,0
756770846283500 D 998,2182670339,1000,1555,1555,2.3853402,-0.00079,-1,-1,-1,0,0,0,136,1,1,0,0.0000000,0.0000000,0.0000000,0,0,0,0
756770847263000 D 999,2182671339,1000,1555,1555,2.3853402,-0.00076,-1,-1,-1,0,0,0,136,1,1,0,0.0000000,0.0000000,0.0000000,0,0,0,0
756770848262750 D 1000,2182672339,1000,1555,1555,2.3853402,-0.00073,-1,-1,-1,0,0,0,136,1,1,0,0.0000000,0.0000000,0.0000000,0,0,0,0
756770849282125 D 1001,2182673339,1000,1555,1555,2.3853402,-0.00070,-1,-1,-1,0,0,0,136,1,1,0,0.0000000,0.0000000,0.0000000,0,0,0,0
756770850272916 D 1002,2182674339,1000,1555,1555,2.3853402,-0.00067,-1,-1,-1,0,0,0,136,1,1,0,0.0000000,0.0000000,0.0000000,0,0,0,0
756770851270208 D 1003,2182675339,1000,1555,1555,2.3853402,-0.00065,-1,-1,-1,0,0,0,136,1,1,0,0.0000000,0.0000000,0.0000000,0,0,0,0
756770852258125 D 1004,2182676339,1000,1555,1555,2.3853402,-0.00062,-1,-1,-1,0,0,0,136,1,1,0,0.0000000,0.0000000,0.0000000,0,0,0,0
756770853279625 D 1005,2182677339,1000,1555,1555,2.3853402,-0.00060,-1,-1,-1,0,0,0,136,1,1,0,0.0000000,0.0000000,0.0000000,0,0,0,0
756770854263291 D 1006,2182678339,1000,1555,1555,2.3853402,-0.00057,-1,-1,-1,0,0,0,136,1,1,0,0.0000000,0.0000000,0.0000000,0,0,0,0
756770855259583 D 1007,2182679339,1000,1555,1555,2.3853402,-0.00055,-1,-1,-1,0,0,0,136,1,1,0,0.0000000,0.0000000,0.0000000,0,0,0,0
756770856261000 D 1008,2182680339,1000,1555,1555,2.3853402,-0.00053,-1,-1,-1,0,0,0,136,1,1,0,0.0000000,0.0000000,0.0000000,0,0,0,0
756770857254583 D 1009,2182681339,1000,1555,1555,2.3853402,-0.00051,-1,-1,-1,0,0,0,136,1,1,0,0.0000000,0.0000000,0.0000000,0,0,0,0
756770858254541 D 1010,2182682339,1000,1555,1555,2.3853402,-0.00049,-1,-1,-1,0,0,0,136,1,1,0,0.0000000,0.0000000,0.0000000,0,0,0,0
756770859252000 D 1011,2182683339,1000,1555,1555,2.3853402,-0.00047,-1,-1,-1,0,0,0,136,1,1,0,0.0000000,0.0000000,0.0000000,0,0,0,0
756770860251875 D 1012,2182684339,1000,1555,1555,2.3853402,-0.00045,-1,-1,-1,0,0,0,136,1,1,0,0.0000000,0.0000000,0.0000000,0,0,0,0
756770861249000 D 1013,2182685339,1000,1555,1555,2.3853402,-0.00043,-1,-1,-1,0,0,0,136,1,1,0,0.0000000,0.0000000,0.0000000,0,0,0,0
756770862252625 D 1014,2182686339,1000,1555,1555,2.3853402,-0.00042,-1,-1,-1,0,0,0,136,1,1,0,0.0000000,0.0000000,0.0000000,0,0,0,0
756770863255458 D 1015,2182687339,1000,1555,1555,2.3853402,-0.00040,-1,-1,-1,0,0,0,136,1,1,0,0.0000000,0.0000000,0.0000000,0,0,0,0
756770864312125 D 1016,2182688339,1000,1555,1555,2.3853402,-0.00038,-1,-1,-1,0,0,0,136,1,1,0,0.0000000,0.0000000,0.0000000,0,0,0,0
756770865281916 D 1017,2182689339,1000,1555,1555,2.3853402,-0.00037,-1,-1,-1,0,0,0,136,1,1,0,0.0000000,0.0000000,0.0000000,0,0,0,0
756770866267333 D 1018,2182690339,1000,1555,1555,2.3853402,-0.00035,-1,-1,-1,0,0,0,136,1,1,0,0.0000000,0.0000000,0.0000000,0,0,0,0
756770867255666 D 1019,2182691339,1000,1555,1555,2.3853402,-0.00034,-1,-1,-1,0,0,0,136,1,1,0,0.0000000,0.0000000,0.0000000,0,0,0,0
756770868260208 D 1020,2182692339,1000,1555,1555,2.3853402,-0.00033,-1,-1,-1,0,0,0,136,1,1,0,0.0000000,0.0000000,0.0000000,0,0,0,0
756770869470083 D 1021,2182693339,1000,1555,1555,2.3853402,-0.00031,-1,-1,-1,0,0,0,136,1,1,0,0.0000000,0.0000000,0.0000000,0,0,0,0
756770870480250 D 1022,2182694339,1000,1555,1555,2.3853402,-0.00030,-1,-1,-1,0,0,0,136,1,1,0,0.0000000,0.0000000,0.0000000,0,0,0,0
756770871483708 D 1023,2182695339,1000,1555,1555,2.3853402,-0.00029,-1,-1,-1,0,0,0,136,1,1,0,0.0000000,0.0000000,0.0000000,0,0,0,0
756770872481041 D 1024,2182696339,1000,1555,1555,2.3853402,-0.00028,-1,-1,-1,0,0,0,135,1,1,0,0.0000000,0.0000000,0.0000000,0,0,0,0
756770873363791 D 1025,2182697339,1000,1555,1555,2.3853402,-0.00027,-1,-1,-1,0,0,0,136,1,1,0,0.0000000,0.0000000,0.0000000,0,0,0,0
756770874263250 D 1026,2182698339,1000,1555,1555,2.3853402,-0.00026,-1,-1,-1,0,0,0,136,1,1,0,0.0000000,0.0000000,0.0000000,0,0,0,0
756770875253791 D 1027,2182699339,1000,1555,1555,2.3853402,-0.00025,-1,-1,-1,0,0,0,136,1,1,0,0.0000000,0.0000000,0.0000000,0,0,0,0
756770876256375 D 1028,2182700339,1000,1555,1555,2.3853402,-0.00024,-1,-1,-1,0,0,0,136,1,1,0,0.0000000,0.0000000,0.0000000,0,0,0,0
756770877249625 D 1029,2182701339,1000,1555,1555,2.3853402,-0.00023,-1,-1,-1,0,0,0,136,1,1,0,0.0000000,0.0000000,0.0000000,0,0,0,0
756770878689625 D 1030,2182702339,1000,1555,1555,2.3853402,-0.00022,39,128,2035,0,0,0,136,1,1,0,0.0000000,0.0000000,0.0000000,0,0,0,0
756770879297416 D 1031,2182703339,1000,1555,1555,2.3853402,-0.00021,-1,-1,-1,0,0,0,136,1,1,0,0.0000000,0.0000000,0.0000000,0,0,0,0
756770880250208 D 1032,2182704339,1000,1555,1555,2.3853402,-0.00020,-1,-1,-1,0,0,0,136,1,1,0,0.0000000,0.0000000,0.0000000,0,0,0,0
756770881267083 D 1033,2182705339,1000,1555,1555,2.3853402,-0.00019,-1,-1,-1,0,0,0,136,1,1,0,0.0000000,0.0000000,0.0000000,0,0,0,0
756770882249541 D 1034,2182706339,1000,1555,1555,2.3853402,-0.00019,-1,-1,-1,0,0,0,136,1,1,0,0.0000000,0.0000000,0.0000000,0,0,0,0
756770883260666 D 1035,2182707339,1000,1555,1555,2.3853402,-0.00018,-1,-1,-1,0,0,0,136,1,1,0,0.0000000,0.0000000,0.0000000,0,0,0,0
756770884481416 D 1036,2182708339,1000,1555,1555,2.3853402,-0.00017,-1,-1,-1,0,0,0,136,1,1,0,0.0000000,0.0000000,0.0000000,0,0,0,0
756770885475583 D 1037,2182709339,1000,1555,1555,2.3853402,-0.00017,-1,-1,-1,0,0,0,136,1,1,0,0.0000000,0.0000000,0.0000000,0,0,0,0
756770886476083 D 1038,2182710339,1000,1555,1555,2.3853402,-0.00016,-1,-1,-1,0,0,0,136,1,1,0,0.0000000,0.0000000,0.0000000,0,0,0,0
756770887312125 D 1039,2182711339,1000,1555,1555,2.3853402,-0.00015,-1,-1,-1,0,0,0,136,1,1,0,0.0000000,0.0000000,0.0000000,0,0,0,0
756770888251916 D 1040,2182712339,1000,1555,1555,2.3853402,-0.00015,-1,-1,-1,0,0,0,136,1,1,0,0.0000000,0.0000000,0.0000000,0,0,0,0
756770889252250 D 1041,2182713339,1000,1555,1555,2.3853402,-0.00014,-1,-1,-1,0,0,0,136,1,1,0,0.0000000,0.0000000,0.0000000,0,0,0,0
756770890248208 D 1042,2182714339,1000,1555,1555,2.3853402,-0.00014,-1,-1,-1,0,0,0,136,1,1,0,0.0000000,0.0000000,0.0000000,0,0,0,0
756770891247583 D 1043,2182715339,1000,1555,1555,2.3853402,-0.00013,-1,-1,-1,0,0,0,136,1,1,0,0.0000000,0.0000000,0.0000000,0,0,0,0
756770892472666 D 1044,2182716339,1000,1555,1555,2.3853402,-0.00013,-1,-1,-1,0,0,0,136,1,1,0,0.0000000,0.0000000,0.0000000,0,0,0,0
756770893467083 D 1045,2182717339,1000,1555,1555,2.3853402,-0.00012,-1,-1,-1,0,0,0,135,1,1,0,0.0000000,0.0000000,0.0000000,0,0,0,0
756770894470833 D 1046,2182718339,1000,1555,1555,2.3853402,-0.00012,-1,-1,-1,0,0,0,136,1,1,0,0.0000000,0.0000000,0.0000000,0,0,0,0
756770895475583 D 1047,2182719339,1000,1555,1555,2.3853402,-0.00011,-1,-1,-1,0,0,0,136,1,1,0,0.0000000,0.0000000,0.0000000,0,0,0,0
756770896488500 D 1048,2182720339,1000,1555,1555,2.3853402,-0.00011,-1,-1,-1,0,0,0,136,1,1,0,0.0000000,0.0000000,0.0000000,0,0,0,0
756770897279958 D 1049,2182721339,1000,1555,1555,2.3853402,-0.00010,-1,-1,-1,0,0,0,136,1,1,0,0.0000000,0.0000000,0.0000000,0,0,0,0
756770898256833 D 1050,2182722339,1000,1555,1555,2.3853402,-0.00010,-1,-1,-1,0,0,0,136,1,1,0,0.0000000,0.0000000,0.0000000,0,0,0,0
756770899246250 D 1051,2182723339,1000,1555,1555,2.3853402,-0.00009,-1,-1,-1,0,0,0,136,1,1,0,0.0000000,0.0000000,0.0000000,0,0,0,0
756770900264041 D 1052,2182724339,1000,1555,1555,2.3853402,-0.00009,-1,-1,-1,0,0,0,136,1,1,0,0.0000000,0.0000000,0.0000000,0,0,0,0
756770901253583 D 1053,2182725339,1000,1555,1555,2.3853402,-0.00009,-1,-1,-1,0,0,0,136,1,1,0,0.0000000,0.0000000,0.0000000,0,0,0,0
756770902258875 D 1054,2182726339,1000,1555,1555,2.3853402,-0.00008,-1,-1,-1,0,0,0,136,1,1,0,0.0000000,0.0000000,0.0000000,0,0,0,0
756770903251916 D 1055,2182727339,1000,1555,1555,2.3853402,-0.00008,-1,-1,-1,0,0,0,136,1,1,0,0.0000000,0.0000000,0.0000000,0,0,0,0
756770904252166 D 1056,2182728339,1000,1555,1555,2.3853402,-0.00008,-1,-1,-1,0,0,0,136,1,1,0,0.0000000,0.0000000,0.0000000,0,0,0,0
756770905246125 D 1057,2182729339,1000,1555,1555,2.3853402,-0.00007,-1,-1,-1,0,0,0,136,1,1,0,0.0000000,0.0000000,0.0000000,0,0,0,0
756770906246041 D 1058,2182730339,1000,1555,1555,2.3853402,-0.00007,-1,-1,-1,0,0,0,136,1,1,0,0.0000000,0.0000000,0.0000000,0,0,0,0
756770907243583 D 1059,2182731339,1000,1555,1555,2.3853402,-0.00007,-1,-1,-1,0,0,0,136,1,1,0,0.0000000,0.0000000,0.0000000,0,0,0,0
756770908246666 D 1060,2182732339,1000,1555,1555,2.3853402,-0.00007,-1,-1,-1,0,0,0,136,1,1,0,0.0000000,0.0000000,0.0000000,0,0,0,0
756770909247083 D 1061,2182733339,1000,1555,1555,2.3853402,-0.00006,-1,-1,-1,0,0,0,136,1,1,0,0.0000000,0.0000000,0.0000000,0,0,0,0
756770910243625 D 1062,2182734339,1000,1555,1555,2.3853402,-0.00006,-1,-1,-1,0,0,0,136,1,1,0,0.0000000,0.0000000,0.0000000,0,0,0,0
756770911252791 D 1063,2182735339,1000,1555,1555,2.3853402,-0.00006,-1,-1,-1,0,0,0,136,1,1,0,0.0000000,0.0000000,0.0000000,0,0,0,0
756770912266333 D 1064,2182736339,1000,1555,1555,2.3853402,-0.00006,-1,-1,-1,0,0,0,136,1,1,0,0.0000000,0.0000000,0.0000000,0,0,0,0
756770913250666 D 1065,2182737339,1000,1555,1555,2.3853402,-0.00005,-1,-1,-1,0,0,0,136,1,1,0,0.0000000,0.0000000,0.0000000,0,0,0,0
756770914252666 D 1066,2182738339,1000,1555,1555,2.3853402,-0.00005,-1,-1,-1,0,0,0,135,1,1,0,0.0000000,0.0000000,0.0000000,0,0,0,0
756770915258041 D 1067,2182739339,1000,1555,1555,2.3853402,-0.00005,-1,-1,-1,0,0,0,136,1,1,0,0.0000000,0.0000000,0.0000000,0,0,0,0
756770916264291 D 1068,2182740339,1000,1555,1555,2.3853402,-0.00005,-1,-1,-1,0,0,0,136,1,1,0,0.0000000,0.0000000,0.0000000,0,0,0,0
756770917255958 D 1069,2182741339,1000,1555,1555,2.3853402,-0.00005,-1,-1,-1,0,0,0,136,1,1,0,0.0000000,0.0000000,0.0000000,0,0,0,0
756770918251791 D 1070,2182742339,1000,1555,1555,2.3853402,-0.00004,-1,-1,-1,0,0,0,136,1,1,0,0.0000000,0.0000000,0.0000000,0,0,0,0
756770919251791 D 1071,2182743339,1000,1555,1555,2.3853402,-0.00004,-1,-1,-1,0,0,0,136,1,1,0,0.0000000,0.0000000,0.0000000,0,0,0,0
756770920250291 D 1072,2182744339,1000,1555,1555,2.3853402,-0.00004,-1,-1,-1,0,0,0,136,1,1,0,0.0000000,0.0000000,0.0000000,0,0,0,0
756770921259083 D 1073,2182745339,1000,1555,1555,2.3853402,-0.00004,-1,-1,-1,0,0,0,135,1,1,0,0.0000000,0.0000000,0.0000000,0,0,0,0
756770922249500 D 1074,2182746339,1000,1555,1555,2.3853402,-0.00004,-1,-1,-1,0,0,0,136,1,1,0,0.0000000,0.0000000,0.0000000,0,0,0,0
756770923248916 D 1075,2182747339,1000,1555,1555,2.3853402,-0.00004,-1,-1,-1,0,0,0,136,1,1,0,0.0000000,0.0000000,0.0000000,0,0,0,0
756770924466458 D 1076,2182748339,1000,1555,1555,2.3853402,-0.00003,-1,-1,-1,0,0,0,136,1,1,0,0.0000000,0.0000000,0.0000000,0,0,0,0
756770925480666 D 1077,2182749339,1000,1555,1555,2.3853402,-0.00003,-1,-1,-1,0,0,0,136,1,1,0,0.0000000,0.0000000,0.0000000,0,0,0,0
756770926479250 D 1078,2182750339,1000,1555,1555,2.3853402,-0.00003,-1,-1,-1,0,0,0,136,1,1,0,0.0000000,0.0000000,0.0000000,0,0,0,0
756770927476916 D 1079,2182751339,1000,1555,1555,2.3853402,-0.00003,-1,-1,-1,0,0,0,136,1,1,0,0.0000000,0.0000000,0.0000000,0,0,0,0
756770928880041 D 1080,2182752339,1000,1555,1555,2.3853402,-0.00003,39,128,2035,0,0,0,136,1,1,0,0.0000000,0.0000000,0.0000000,0,0,0,0
756770929755208 D 1081,2182753339,1000,1555,1555,2.3853402,-0.00003,-1,-1,-1,0,0,0,136,1,1,0,0.0000000,0.0000000,0.0000000,0,0,0,0
756770930483041 D 1082,2182754339,1000,1555,1555,2.3853402,-0.00003,-1,-1,-1,0,0,0,136,1,1,0,0.0000000,0.0000000,0.0000000,0,0,0,0
756770931267208 D 1083,2182755339,1000,1555,1555,2.3853402,-0.00003,-1,-1,-1,0,0,0,136,1,1,0,0.0000000,0.0000000,0.0000000,0,0,0,0
756770932257250 D 1084,2182756339,1000,1555,1555,2.3853402,-0.00003,-1,-1,-1,0,0,0,136,1,1,0,0.0000000,0.0000000,0.0000000,0,0,0,0
756770933252666 D 1085,2182757339,1000,1555,1555,2.3853402,-0.00002,-1,-1,-1,0,0,0,136,1,1,0,0.0000000,0.0000000,0.0000000,0,0,0,0
756770934259750 D 1086,2182758339,1000,1555,1555,2.3853402,-0.00002,-1,-1,-1,0,0,0,136,1,1,0,0.0000000,0.0000000,0.0000000,0,0,0,0
756770935279583 D 1087,2182759339,1000,1555,1555,2.3853402,-0.00002,-1,-1,-1,0,0,0,135,1,1,0,0.0000000,0.0000000,0.0000000,0,0,0,0
756770936264791 D 1088,2182760339,1000,1555,1555,2.3853402,-0.00002,-1,-1,-1,0,0,0,136,1,1,0,0.0000000,0.0000000,0.0000000,0,0,0,0
756770937266333 D 1089,2182761339,1000,1555,1555,2.3853402,-0.00002,-1,-1,-1,0,0,0,136,1,1,0,0.0000000,0.0000000,0.0000000,0,0,0,0
756770938264666 D 1090,2182762339,1000,1555,1555,2.3853402,-0.00002,-1,-1,-1,0,0,0,136,1,1,0,0.0000000,0.0000000,0.0000000,0,0,0,0
756770939266458 D 1091,2182763339,1000,1555,1555,2.3853402,-0.00002,-1,-1,-1,0,0,0,136,1,1,0,0.0000000,0.0000000,0.0000000,0,0,0,0
756770940257000 D 1092,2182764339,1000,1555,1555,2.3853402,-0.00002,-1,-1,-1,0,0,0,136,1,1,0,0.0000000,0.0000000,0.0000000,0,0,0,0
756770941255291 D 1093,2182765339,1000,1555,1555,2.3853402,-0.00002,-1,-1,-1,0,0,0,136,1,1,0,0.0000000,0.0000000,0.0000000,0,0,0,0
756770942259375 D 1094,2182766339,1000,1555,1555,2.3853402,-0.00002,-1,-1,-1,0,0,0,136,1,1,0,0.0000000,0.0000000,0.0000000,0,0,0,0
756770943295583 D 1095,2182767339,1000,1555,1555,2.3853402,-0.00002,-1,-1,-1,0,0,0,136,1,1,0,0.0000000,0.0000000,0.0000000,0,0,0,0
756770944311208 D 1096,2182768339,1000,1555,1555,2.3853402,-0.00002,-1,-1,-1,0,0,0,136,1,1,0,0.0000000,0.0000000,0.0000000,0,0,0,0
756770945280958 D 1097,2182769339,1000,1555,1555,2.3853402,-0.00002,-1,-1,-1,0,0,0,136,1,1,0,0.0000000,0.0000000,0.0000000,0,0,0,0
756770946265958 D 1098,2182770339,1000,1555,1555,2.3853402,-0.00001,-1,-1,-1,0,0,0,136,1,1,0,0.0000000,0.0000000,0.0000000,0,0,0,0
756770947266541 D 1099,2182771339,1000,1555,1555,2.3853402,-0.00001,-1,-1,-1,0,0,0,136,1,1,0,0.0000000,0.0000000,0.0000000,0,0,0,0
756770948275125 D 1100,2182772339,1000,1555,1555,2.3853402,-0.00001,-1,-1,-1,0,0,0,136,1,1,0,0.0000000,0.0000000,0.0000000,0,0,0,0
756770949262458 D 1101,2182773339,1000,1555,1555,2.3853402,-0.00001,-1,-1,-1,0,0,0,136,1,1,0,0.0000000,0.0000000,0.0000000,0,0,0,0
756770950266708 D 1102,2182774339,1000,1555,1555,2.3853402,-0.00001,-1,-1,-1,0,0,0,136,1,1,0,0.0000000,0.0000000,0.0000000,0,0,0,0
756770951259750 D 1103,2182775339,1000,1555,1555,2.3853402,-0.00001,-1,-1,-1,0,0,0,136,1,1,0,0.0000000,0.0000000,0.0000000,0,0,0,0
756770952254208 D 1104,2182776339,1000,1555,1555,2.3853402,-0.00001,-1,-1,-1,0,0,0,136,1,1,0,0.0000000,0.0000000,0.0000000,0,0,0,0
756770953479666 D 1105,2182777339,1000,1555,1555,2.3853402,-0.00001,-1,-1,-1,0,0,0,136,1,1,0,0.0000000,0.0000000,0.0000000,0,0,0,0
756770954476958 D 1106,2182778339,1000,1555,1555,2.3853402,-0.00001,-1,-1,-1,0,0,0,136,1,1,0,0.0000000,0.0000000,0.0000000,0,0,0,0
756770955485875 D 1107,2182779339,1000,1555,1555,2.3853402,-0.00001,-1,-1,-1,0,0,0,136,1,1,0,0.0000000,0.0000000,0.0000000,0,0,0,0
756770956301041 D 1108,2182780339,1000,1555,1555,2.3853402,-0.00001,-1,-1,-1,0,0,0,136,1,1,0,0.0000000,0.0000000,0.0000000,0,0,0,0
756770957258166 D 1109,2182781339,1000,1555,1555,2.3853402,-0.00001,-1,-1,-1,0,0,0,136,1,1,0,0.0000000,0.0000000,0.0000000,0,0,0,0
756770958260250 D 1110,2182782339,1000,1555,1555,2.3853402,-0.00001,-1,-1,-1,0,0,0,136,1,1,0,0.0000000,0.0000000,0.0000000,0,0,0,0
756770959337250 D 1111,2182783339,1000,1555,1555,2.3853402,-0.00001,-1,-1,-1,0,0,0,136,1,1,0,0.0000000,0.0000000,0.0000000,0,0,0,0
756770960306125 D 1112,2182784339,1000,1555,1555,2.3853402,-0.00001,-1,-1,-1,0,0,0,136,1,1,0,0.0000000,0.0000000,0.0000000,0,0,0,0
756770961528791 D 1113,2182785339,1000,1555,1555,2.3853402,-0.00001,-1,-1,-1,0,0,0,136,1,1,0,0.0000000,0.0000000,0.0000000,0,0,0,0
756770962496625 D 1114,2182786339,1000,1555,1555,2.3853402,-0.00001,-1,-1,-1,0,0,0,136,1,1,0,0.0000000,0.0000000,0.0000000,0,0,0,0
756770963501458 D 1115,2182787339,1000,1555,1555,2.3853402,-0.00001,-1,-1,-1,0,0,0,135,1,1,0,0.0000000,0.0000000,0.0000000,0,0,0,0
756770964307583 D 1116,2182788339,1000,1555,1555,2.3853402,-0.00001,-1,-1,-1,0,0,0,136,1,1,0,0.0000000,0.0000000,0.0000000,0,0,0,0
756770965278166 D 1117,2182789339,1000,1555,1555,2.3853402,-0.00001,-1,-1,-1,0,0,0,136,1,1,0,0.0000000,0.0000000,0.0000000,0,0,0,0
756770966254250 D 1118,2182790339,1000,1555,1555,2.3853402,-0.00001,-1,-1,-1,0,0,0,136,1,1,0,0.0000000,0.0000000,0.0000000,0,0,0,0
756770967280625 D 1119,2182791339,1000,1555,1555,2.3853402,-0.00001,-1,-1,-1,0,0,0,136,1,1,0,0.0000000,0.0000000,0.0000000,0,0,0,0
756770968246958 D 1120,2182792339,1000,1555,1555,2.3853402,-0.00001,-1,-1,-1,0,0,0,136,1,1,0,0.0000000,0.0000000,0.0000000,0,0,0,0
756770969259000 D 1121,2182793339,1000,1555,1555,2.3853402,-0.00001,-1,-1,-1,0,0,0,136,1,1,0,0.0000000,0.0000000,0.0000000,0,0,0,0
756770970255875 D 1122,2182794339,1000,1555,1555,2.3853402,-0.00001,-1,-1,-1,0,0,0,135,1,1,0,0.0000000,0.0000000,0.0000000,0,0,0,0
756770971263875 D 1123,2182795339,1000,1555,1555,2.3853402,-0.00001,-1,-1,-1,0,0,0,136,1,1,0,0.0000000,0.0000000,0.0000000,0,0,0,0
756770972293583 D 1124,2182796339,1000,1555,1555,2.3853402,-0.00001,-1,-1,-1,0,0,0,136,1,1,0,0.0000000,0.0000000,0.0000000,0,0,0,0
756770973290250 D 1125,2182797339,1000,1555,1555,2.3853402,-0.00000,-1,-1,-1,0,0,0,136,1,1,0,0.0000000,0.0000000,0.0000000,0,0,0,0
756770974288583 D 1126,2182798339,1000,1555,1555,2.3853402,-0.00000,-1,-1,-1,0,0,0,136,1,1,0,0.0000000,0.0000000,0.0000000,0,0,0,0
756770975273000 D 1127,2182799339,1000,1555,1555,2.3853402,-0.00000,-1,-1,-1,0,0,0,136,1,1,0,0.0000000,0.0000000,0.0000000,0,0,0,0
756770976286666 D 1128,2182800339,1000,1555,1555,2.3853402,-0.00000,-1,-1,-1,0,0,0,136,1,1,0,0.0000000,0.0000000,0.0000000,0,0,0,0
756770977296875 D 1129,2182801339,1000,1555,1555,2.3853402,-0.00000,-1,-1,-1,0,0,0,136,1,1,0,0.0000000,0.0000000,0.0000000,0,0,0,0
756770978715000 D 1130,2182802339,1000,1555,1555,2.3853402,-0.00000,39,128,2035,0,0,0,136,1,1,0,0.0000000,0.0000000,0.0000000,0,0,0,0
756770979327166 D 1131,2182803339,1000,1556,1556,2.3868742,0.06014,-1,-1,-1,0,0,0,136,1,1,0,0.0000000,0.0000000,0.0000000,0,0,0,0
756770980263125 D 1132,2182804339,1000,1555,1555,2.3853402,-0.00236,-1,-1,-1,0,0,0,136,1,1,0,0.0000000,0.0000000,0.0000000,0,0,0,0
756770981271333 D 1133,2182805339,1000,1555,1555,2.3853402,-0.00227,-1,-1,-1,0,0,0,136,1,1,0,0.0000000,0.0000000,0.0000000,0,0,0,0
756770982276041 D 1134,2182806339,1000,1555,1555,2.3853402,-0.00218,-1,-1,-1,0,0,0,136,1,1,0,0.0000000,0.0000000,0.0000000,0,0,0,0
756770983271750 D 1135,2182807339,1000,1555,1555,2.3853402,-0.00210,-1,-1,-1,0,0,0,136,1,1,0,0.0000000,0.0000000,0.0000000,0,0,0,0
756770984275208 D 1136,2182808339,1000,1555,1555,2.3853402,-0.00201,-1,-1,-1,0,0,0,136,1,1,0,0.0000000,0.0000000,0.0000000,0,0,0,0
756770985273000 D 1137,2182809339,1000,1555,1555,2.3853402,-0.00193,-1,-1,-1,0,0,0,136,1,1,0,0.0000000,0.0000000,0.0000000,0,0,0,0
756770986257625 D 1138,2182810339,1000,1555,1555,2.3853402,-0.00186,-1,-1,-1,0,0,0,136,1,1,0,0.0000000,0.0000000,0.0000000,0,0,0,0
756770987486500 D 1139,2182811339,1000,1555,1555,2.3853402,-0.00179,-1,-1,-1,0,0,0,136,1,1,0,0.0000000,0.0000000,0.0000000,0,0,0,0
756770988501416 D 1140,2182812339,1000,1555,1555,2.3853402,-0.00172,-1,-1,-1,0,0,0,136,1,1,0,0.0000000,0.0000000,0.0000000,0,0,0,0
756770989493958 D 1141,2182813339,1000,1555,1555,2.3853402,-0.00165,-1,-1,-1,0,0,0,136,1,1,0,0.0000000,0.0000000,0.0000000,0,0,0,0
756770990274041 D 1142,2182814339,1000,1555,1555,2.3853402,-0.00158,-1,-1,-1,0,0,0,136,1,1,0,0.0000000,0.0000000,0.0000000,0,0,0,0
756770991273416 D 1143,2182815339,1000,1555,1555,2.3853402,-0.00152,-1,-1,-1,0,0,0,136,1,1,0,0.0000000,0.0000000,0.0000000,0,0,0,0
756770992261916 D 1144,2182816339,1000,1555,1555,2.3853402,-0.00146,-1,-1,-1,0,0,0,136,1,1,0,0.0000000,0.0000000,0.0000000,0,0,0,0
756770993253500 D 1145,2182817339,1000,1555,1555,2.3853402,-0.00140,-1,-1,-1,0,0,0,136,1,1,0,0.0000000,0.0000000,0.0000000,0,0,0,0
756770994257291 D 1146,2182818339,1000,1555,1555,2.3853402,-0.00135,-1,-1,-1,0,0,0,136,1,1,0,0.0000000,0.0000000,0.0000000,0,0,0,0
756770995253583 D 1147,2182819339,1000,1555,1555,2.3853402,-0.00130,-1,-1,-1,0,0,0,136,1,1,0,0.0000000,0.0000000,0.0000000,0,0,0,0
756770996257416 D 1148,2182820339,1000,1555,1555,2.3853402,-0.00125,-1,-1,-1,0,0,0,136,1,1,0,0.0000000,0.0000000,0.0000000,0,0,0,0
756770997256583 D 1149,2182821339,1000,1555,1555,2.3853402,-0.00120,-1,-1,-1,0,0,0,136,1,1,0,0.0000000,0.0000000,0.0000000,0,0,0,0
756770998255416 D 1150,2182822339,1000,1555,1555,2.3853402,-0.00115,-1,-1,-1,0,0,0,136,1,1,0,0.0000000,0.0000000,0.0000000,0,0,0,0
756770999256000 D 1151,2182823339,1000,1555,1555,2.3853402,-0.00110,-1,-1,-1,0,0,0,136,1,1,0,0.0000000,0.0000000,0.0000000,0,0,0,0
756771000261625 D 1152,2182824339,1000,1555,1555,2.3853402,-0.00106,-1,-1,-1,0,0,0,136,1,1,0,0.0000000,0.0000000,0.0000000,0,0,0,0
756771001288041 D 1153,2182825339,1000,1555,1555,2.3853402,-0.00102,-1,-1,-1,0,0,0,136,1,1,0,0.0000000,0.0000000,0.0000000,0,0,0,0
756771002283250 D 1154,2182826339,1000,1555,1555,2.3853402,-0.00098,-1,-1,-1,0,0,0,136,1,1,0,0.0000000,0.0000000,0.0000000,0,0,0,0
756771003545500 D 1155,2182827339,1000,1555,1555,2.3853402,-0.00094,-1,-1,-1,0,0,0,136,1,1,0,0.0000000,0.0000000,0.0000000,0,0,0,0
756771004487208 D 1156,2182828339,1000,1555,1555,2.3853402,-0.00090,-1,-1,-1,0,0,0,136,1,1,0,0.0000000,0.0000000,0.0000000,0,0,0,0
756771005410875 D 1157,2182829339,1000,1555,1555,2.3853402,-0.00087,-1,-1,-1,0,0,0,136,1,1,0,0.0000000,0.0000000,0.0000000,0,0,0,0
756771006268333 D 1158,2182830339,1000,1555,1555,2.3853402,-0.00083,-1,-1,-1,0,0,0,136,1,1,0,0.0000000,0.0000000,0.0000000,0,0,0,0
756771007255500 D 1159,2182831339,1000,1555,1555,2.3853402,-0.00080,-1,-1,-1,0,0,0,136,1,1,0,0.0000000,0.0000000,0.0000000,0,0,0,0
756771008251208 D 1160,2182832339,1000,1555,1555,2.3853402,-0.00077,-1,-1,-1,0,0,0,136,1,1,0,0.0000000,0.0000000,0.0000000,0,0,0,0
756771009249375 D 1161,2182833339,1000,1555,1555,2.3853402,-0.00074,-1,-1,-1,0,0,0,136,1,1,0,0.0000000,0.0000000,0.0000000,0,0,0,0
756771010255333 D 1162,2182834339,1000,1555,1555,2.3853402,-0.00071,-1,-1,-1,0,0,0,136,1,1,0,0.0000000,0.0000000,0.0000000,0,0,0,0
756771011255958 D 1163,2182835339,1000,1555,1555,2.3853402,-0.00068,-1,-1,-1,0,0,0,136,1,1,0,0.0000000,0.0000000,0.0000000,0,0,0,0
756771012264000 D 1164,2182836339,1000,1555,1555,2.3853402,-0.00066,-1,-1,-1,0,0,0,135,1,1,0,0.0000000,0.0000000,0.0000000,0,0,0,0
756771013294250 D 1165,2182837339,1000,1555,1555,2.3853402,-0.00063,-1,-1,-1,0,0,0,136,1,1,0,0.0000000,0.0000000,0.0000000,0,0,0,0
756771014287083 D 1166,2182838339,1000,1555,1555,2.3853402,-0.00061,-1,-1,-1,0,0,0,136,1,1,0,0.0000000,0.0000000,0.0000000,0,0,0,0
756771015292666 D 1167,2182839339,1000,1555,1555,2.3853402,-0.00058,-1,-1,-1,0,0,0,136,1,1,0,0.0000000,0.0000000,0.0000000,0,0,0,0
756771016302500 D 1168,2182840339,1000,1555,1555,2.3853402,-0.00056,-1,-1,-1,0,0,0,136,1,1,0,0.0000000,0.0000000,0.0000000,0,0,0,0
756771017287500 D 1169,2182841339,1000,1555,1555,2.3853402,-0.00054,-1,-1,-1,0,0,0,136,1,1,0,0.0000000,0.0000000,0.0000000,0,0,0,0
756771018297125 D 1170,2182842339,1000,1555,1555,2.3853402,-0.00052,-1,-1,-1,0,0,0,136,1,1,0,0.0000000,0.0000000,0.0000000,0,0,0,0
756771019300541 D 1171,2182843339,1000,1555,1555,2.3853402,-0.00050,-1,-1,-1,0,0,0,136,1,1,0,0.0000000,0.0000000,0.0000000,0,0,0,0
756771020297583 D 1172,2182844339,1000,1555,1555,2.3853402,-0.00048,-1,-1,-1,0,0,0,136,1,1,0,0.0000000,0.0000000,0.0000000,0,0,0,0
756771021330750 D 1173,2182845339,1000,1555,1555,2.3853402,-0.00046,-1,-1,-1,0,0,0,136,1,1,0,0.0000000,0.0000000,0.0000000,0,0,0,0
756771022552250 D 1174,2182846339,1000,1555,1555,2.3853402,-0.00044,-1,-1,-1,0,0,0,136,1,1,0,0.0000000,0.0000000,0.0000000,0,0,0,0
756771023591166 D 1175,2182847339,1000,1555,1555,2.3853402,-0.00042,-1,-1,-1,0,0,0,136,1,1,0,0.0000000,0.0000000,0.0000000,0,0,0,0
756771024563250 D 1176,2182848339,1000,1555,1555,2.3853402,-0.00041,-1,-1,-1,0,0,0,136,1,1,0,0.0000000,0.0000000,0.0000000,0,0,0,0
756771025377000 D 1177,2182849339,1000,1555,1555,2.3853402,-0.00039,-1,-1,-1,0,0,0,136,1,1,0,0.0000000,0.0000000,0.0000000,0,0,0,0
756771026295000 D 1178,2182850339,1000,1555,1555,2.3853402,-0.00038,-1,-1,-1,0,0,0,135,1,1,0,0.0000000,0.0000000,0.0000000,0,0,0,0
756771027297250 D 1179,2182851339,1000,1555,1555,2.3853402,-0.00036,-1,-1,-1,0,0,0,136,1,1,0,0.0000000,0.0000000,0.0000000,0,0,0,0
756771028670041 D 1180,2182852339,1000,1555,1555,2.3853402,-0.00035,39,128,2035,0,0,0,136,1,1,0,0.0000000,0.0000000,0.0000000,0,0,0,0
756771029292541 D 1181,2182853339,1000,1555,1555,2.3853402,-0.00033,-1,-1,-1,0,0,0,136,1,1,0,0.0000000,0.0000000,0.0000000,0,0,0,0
756771030288375 D 1182,2182854339,1000,1555,1555,2.3853402,-0.00032,-1,-1,-1,0,0,0,136,1,1,0,0.0000000,0.0000000,0.0000000,0,0,0,0
756771031285500 D 1183,2182855339,1000,1555,1555,2.3853402,-0.00031,-1,-1,-1,0,0,0,136,1,1,0,0.0000000,0.0000000,0.0000000,0,0,0,0
756771032298208 D 1184,2182856339,1000,1555,1555,2.3853402,-0.00030,-1,-1,-1,0,0,0,136,1,1,0,0.0000000,0.0000000,0.0000000,0,0,0,0
756771033297625 D 1185,2182857339,1000,1555,1555,2.3853402,-0.00028,-1,-1,-1,0,0,0,135,1,1,0,0.0000000,0.0000000,0.0000000,0,0,0,0
756771034311333 D 1186,2182858339,1000,1555,1555,2.3853402,-0.00027,-1,-1,-1,0,0,0,136,1,1,0,0.0000000,0.0000000,0.0000000,0,0,0,0
756771035212416 D 1187,2182859339,1000,1555,1555,2.3853402,-0.00026,-1,-1,-1,0,0,0,136,1,1,0,0.0000000,0.0000000,0.0000000,0,0,0,0
756771036174416 D 1188,2182860339,1000,1555,1555,2.3853402,-0.00025,-1,-1,-1,0,0,0,136,1,1,0,0.0000000,0.0000000,0.0000000,0,0,0,0
756771037198833 D 1189,2182861339,1000,1555,1555,2.3853402,-0.00024,-1,-1,-1,0,0,0,136,1,1,0,0.0000000,0.0000000,0.0000000,0,0,0,0
756771038179833 D 1190,2182862339,1000,1555,1555,2.3853402,-0.00023,-1,-1,-1,0,0,0,136,1,1,0,0.0000000,0.0000000,0.0000000,0,0,0,0
756771039142166 D 1191,2182863339,1000,1555,1555,2.3853402,-0.00022,-1,-1,-1,0,0,0,136,1,1,0,0.0000000,0.0000000,0.0000000,0,0,0,0
756771040302750 D 1192,2182864339,1000,1555,1555,2.3853402,-0.00021,-1,-1,-1,0,0,0,136,1,1,0,0.0000000,0.0000000,0.0000000,0,0,0,0
756771041323583 D 1193,2182865339,1000,1555,1555,2.3853402,-0.00021,-1,-1,-1,0,0,0,136,1,1,0,0.0000000,0.0000000,0.0000000,0,0,0,0
756771042315208 D 1194,2182866339,1000,1555,1555,2.3853402,-0.00020,-1,-1,-1,0,0,0,136,1,1,0,0.0000000,0.0000000,0.0000000,0,0,0,0
756771043302166 D 1195,2182867339,1000,1555,1555,2.3853402,-0.00019,-1,-1,-1,0,0,0,136,1,1,0,0.0000000,0.0000000,0.0000000,0,0,0,0
756771044289750 D 1196,2182868339,1000,1555,1555,2.3853402,-0.00018,-1,-1,-1,0,0,0,136,1,1,0,0.0000000,0.0000000,0.0000000,0,0,0,0
756771045290458 D 1197,2182869339,1000,1555,1555,2.3853402,-0.00018,-1,-1,-1,0,0,0,136,1,1,0,0.0000000,0.0000000,0.0000000,0,0,0,0
756771046327250 D 1198,2182870339,1000,1555,1555,2.3853402,-0.00017,-1,-1,-1,0,0,0,136,1,1,0,0.0000000,0.0000000,0.0000000,0,0,0,0
756771047312583 D 1199,2182871339,1000,1555,1555,2.3853402,-0.00016,-1,-1,-1,0,0,0,136,1,1,0,0.0000000,0.0000000,0.0000000,0,0,0,0
756771048160875 D 1200,2182872339,1000,1556,1556,2.3868742,0.05999,-1,-1,-1,0,0,0,136,1,1,0,0.0000000,0.0000000,0.0000000,0,0,0,0
756771049130625 D 1201,2182873339,1000,1555,1555,2.3853402,-0.00251,-1,-1,-1,0,0,0,136,1,1,0,0.0000000,0.0000000,0.0000000,0,0,0,0
756771050127291 D 1202,2182874339,1000,1555,1555,2.3853402,-0.00241,-1,-1,-1,0,0,0,136,1,1,0,0.0000000,0.0000000,0.0000000,0,0,0,0
756771051112041 D 1203,2182875339,1000,1555,1555,2.3853402,-0.00232,-1,-1,-1,0,0,0,136,1,1,0,0.0000000,0.0000000,0.0000000,0,0,0,0
756771052166250 D 1204,2182876339,1000,1555,1555,2.3853402,-0.00222,-1,-1,-1,0,0,0,136,1,1,0,0.0000000,0.0000000,0.0000000,0,0,0,0
756771053211750 D 1205,2182877339,1000,1555,1555,2.3853402,-0.00214,-1,-1,-1,0,0,0,136,1,1,0,0.0000000,0.0000000,0.0000000,0,0,0,0
756771054287250 D 1206,2182878339,1000,1555,1555,2.3853402,-0.00205,-1,-1,-1,0,0,0,136,1,1,0,0.0000000,0.0000000,0.0000000,0,0,0,0
756771055383625 D 1207,2182879339,1000,1555,1555,2.3853402,-0.00197,-1,-1,-1,0,0,0,136,1,1,0,0.0000000,0.0000000,0.0000000,0,0,0,0
756771056397583 D 1208,2182880339,1000,1555,1555,2.3853402,-0.00190,-1,-1,-1,0,0,0,136,1,1,0,0.0000000,0.0000000,0.0000000,0,0,0,0
756771057333166 D 1209,2182881339,1000,1555,1555,2.3853402,-0.00182,-1,-1,-1,0,0,0,136,1,1,0,0.0000000,0.0000000,0.0000000,0,0,0,0
756771058235833 D 1210,2182882339,1000,1556,1556,2.3868742,0.05840,-1,-1,-1,0,0,0,136,1,1,0,0.0000000,0.0000000,0.0000000,0,0,0,0
756771059290208 D 1211,2182883339,1000,1555,1555,2.3853402,-0.00404,-1,-1,-1,0,0,0,136,1,1,0,0.0000000,0.0000000,0.0000000,0,0,0,0
756771060249166 D 1212,2182884339,1000,1555,1555,2.3853402,-0.00388,-1,-1,-1,0,0,0,136,1,1,0,0.0000000,0.0000000,0.0000000,0,0,0,0
756771061231250 D 1213,2182885339,1000,1555,1555,2.3853402,-0.00373,-1,-1,-1,0,0,0,136,1,1,0,0.0000000,0.0000000,0.0000000,0,0,0,0
756771062264625 D 1214,2182886339,1000,1555,1555,2.3853402,-0.00358,-1,-1,-1,0,0,0,136,1,1,0,0.0000000,0.0000000,0.0000000,0,0,0,0
756771063250083 D 1215,2182887339,1000,1555,1555,2.3853402,-0.00344,-1,-1,-1,0,0,0,136,1,1,0,0.0000000,0.0000000,0.0000000,0,0,0,0
756771064230291 D 1216,2182888339,1000,1555,1555,2.3853402,-0.00331,-1,-1,-1,0,0,0,136,1,1,0,0.0000000,0.0000000,0.0000000,0,0,0,0
756771065238125 D 1217,2182889339,1000,1555,1555,2.3853402,-0.00318,-1,-1,-1,0,0,0,136,1,1,0,0.0000000,0.0000000,0.0000000,0,0,0,0
756771066234375 D 1218,2182890339,1000,1555,1555,2.3853402,-0.00305,-1,-1,-1,0,0,0,136,1,1,0,0.0000000,0.0000000,0.0000000,0,0,0,0
756771067286333 D 1219,2182891339,1000,1555,1555,2.3853402,-0.00293,-1,-1,-1,0,0,0,136,1,1,0,0.0000000,0.0000000,0.0000000,0,0,0,0
756771068303041 D 1220,2182892339,1000,1555,1555,2.3853402,-0.00282,-1,-1,-1,0,0,0,136,1,1,0,0.0000000,0.0000000,0.0000000,0,0,0,0
756771069323875 D 1221,2182893339,1000,1555,1555,2.3853402,-0.00271,-1,-1,-1,0,0,0,136,1,1,0,0.0000000,0.0000000,0.0000000,0,0,0,0
756771070342666 D 1222,2182894339,1000,1555,1555,2.3853402,-0.00260,-1,-1,-1,0,0,0,136,1,1,0,0.0000000,0.0000000,0.0000000,0,0,0,0
756771071357208 D 1223,2182895339,1000,1555,1555,2.3853402,-0.00250,-1,-1,-1,0,0,0,136,1,1,0,0.0000000,0.0000000,0.0000000,0,0,0,0
756771072350000 D 1224,2182896339,1000,1555,1555,2.3853402,-0.00240,-1,-1,-1,0,0,0,136,1,1,0,0.0000000,0.0000000,0.0000000,0,0,0,0
756771073395125 D 1225,2182897339,1000,1555,1555,2.3853402,-0.00231,-1,-1,-1,0,0,0,136,1,1,0,0.0000000,0.0000000,0.0000000,0,0,0,0
756771074396041 D 1226,2182898339,1000,1555,1555,2.3853402,-0.00222,-1,-1,-1,0,0,0,136,1,1,0,0.0000000,0.0000000,0.0000000,0,0,0,0
756771075350416 D 1227,2182899339,1000,1555,1555,2.3853402,-0.00213,-1,-1,-1,0,0,0,136,1,1,0,0.0000000,0.0000000,0.0000000,0,0,0,0
756771076327458 D 1228,2182900339,1000,1555,1555,2.3853402,-0.00205,-1,-1,-1,0,0,0,136,1,1,0,0.0000000,0.0000000,0.0000000,0,0,0,0
756771077304416 D 1229,2182901339,1000,1555,1555,2.3853402,-0.00197,-1,-1,-1,0,0,0,136,1,1,0,0.0000000,0.0000000,0.0000000,0,0,0,0
756771078694458 D 1230,2182902339,1000,1555,1555,2.3853402,-0.00189,39,128,2035,0,0,0,136,1,1,0,0.0000000,0.0000000,0.0000000,0,0,0,0
756771079336875 D 1231,2182903339,1000,1555,1555,2.3853402,-0.00182,-1,-1,-1,0,0,0,136,1,1,0,0.0000000,0.0000000,0.0000000,0,0,0,0
756771080514625 D 1232,2182904339,1000,1555,1555,2.3853402,-0.00174,-1,-1,-1,0,0,0,136,1,1,0,0.0000000,0.0000000,0.0000000,0,0,0,0
756771081524750 D 1233,2182905339,1000,1555,1555,2.3853402,-0.00168,-1,-1,-1,0,0,0,136,1,1,0,0.0000000,0.0000000,0.0000000,0,0,0,0
756771082515416 D 1234,2182906339,1000,1555,1555,2.3853402,-0.00161,-1,-1,-1,0,0,0,135,1,1,0,0.0000000,0.0000000,0.0000000,0,0,0,0
756771083525333 D 1235,2182907339,1000,1555,1555,2.3853402,-0.00155,-1,-1,-1,0,0,0,136,1,1,0,0.0000000,0.0000000,0.0000000,0,0,0,0
756771084490083 D 1236,2182908339,1000,1555,1555,2.3853402,-0.00149,-1,-1,-1,0,0,0,136,1,1,0,0.0000000,0.0000000,0.0000000,0,0,0,0
756771085301125 D 1237,2182909339,1000,1556,1556,2.3868742,0.05872,-1,-1,-1,0,0,0,136,1,1,0,0.0000000,0.0000000,0.0000000,0,0,0,0
756771086303416 D 1238,2182910339,1000,1555,1555,2.3853402,-0.00373,-1,-1,-1,0,0,0,136,1,1,0,0.0000000,0.0000000,0.0000000,0,0,0,0
756771087288166 D 1239,2182911339,1000,1555,1555,2.3853402,-0.00358,-1,-1,-1,0,0,0,136,1,1,0,0.0000000,0.0000000,0.0000000,0,0,0,0
756771088301208 D 1240,2182912339,1000,1555,1555,2.3853402,-0.00344,-1,-1,-1,0,0,0,136,1,1,0,0.0000000,0.0000000,0.0000000,0,0,0,0
756771089339500 D 1241,2182913339,1000,1555,1555,2.3853402,-0.00331,-1,-1,-1,0,0,0,136,1,1,0,0.0000000,0.0000000,0.0000000,0,0,0,0
756771090341958 D 1242,2182914339,1000,1555,1555,2.3853402,-0.00318,-1,-1,-1,0,0,0,136,1,1,0,0.0000000,0.0000000,0.0000000,0,0,0,0
756771091323875 D 1243,2182915339,1000,1555,1555,2.3853402,-0.00305,-1,-1,-1,0,0,0,136,1,1,0,0.0000000,0.0000000,0.0000000,0,0,0,0
756771092306541 D 1244,2182916339,1000,1556,1556,2.3868742,0.05721,-1,-1,-1,0,0,0,136,1,1,0,0.0000000,0.0000000,0.0000000,0,0,0,0
756771093298250 D 1245,2182917339,1000,1555,1555,2.3853402,-0.00518,-1,-1,-1,0,0,0,136,1,1,0,0.0000000,0.0000000,0.0000000,0,0,0,0
756771094579041 D 1246,2182918339,1000,1556,1556,2.3868742,0.05517,-1,-1,-1,0,0,0,136,1,1,0,0.0000000,0.0000000,0.0000000,0,0,0,0
756771095520125 D 1247,2182919339,1000,1555,1555,2.3853402,-0.00714,-1,-1,-1,0,0,0,136,1,1,0,0.0000000,0.0000000,0.0000000,0,0,0,0
756771096427541 D 1248,2182920339,1000,1556,1556,2.3868742,0.05329,-1,-1,-1,0,0,0,136,1,1,0,0.0000000,0.0000000,0.0000000,0,0,0,0
756771097275250 D 1249,2182921339,1000,1555,1555,2.3853402,-0.00895,-1,-1,-1,0,0,0,136,1,1,0,0.0000000,0.0000000,0.0000000,0,0,0,0
756771098286791 D 1250,2182922339,1000,1555,1555,2.3853402,-0.00860,-1,-1,-1,0,0,0,136,1,1,0,0.0000000,0.0000000,0.0000000,0,0,0,0
756771099272041 D 1251,2182923339,1000,1555,1555,2.3853402,-0.00826,-1,-1,-1,0,0,0,136,1,1,0,0.0000000,0.0000000,0.0000000,0,0,0,0
756771100277875 D 1252,2182924339,1000,1555,1555,2.3853402,-0.00794,-1,-1,-1,0,0,0,136,1,1,0,0.0000000,0.0000000,0.0000000,0,0,0,0
756771101266041 D 1253,2182925339,1000,1555,1555,2.3853402,-0.00762,-1,-1,-1,0,0,0,136,1,1,0,0.0000000,0.0000000,0.0000000,0,0,0,0
756771102293041 D 1254,2182926339,1000,1555,1555,2.3853402,-0.00733,-1,-1,-1,0,0,0,136,1,1,0,0.0000000,0.0000000,0.0000000,0,0,0,0
756771103281041 D 1255,2182927339,1000,1555,1555,2.3853402,-0.00704,-1,-1,-1,0,0,0,135,1,1,0,0.0000000,0.0000000,0.0000000,0,0,0,0
756771104273625 D 1256,2182928339,1000,1555,1555,2.3853402,-0.00676,-1,-1,-1,0,0,0,136,1,1,0,0.0000000,0.0000000,0.0000000,0,0,0,0
756771105283916 D 1257,2182929339,1000,1555,1555,2.3853402,-0.00650,-1,-1,-1,0,0,0,136,1,1,0,0.0000000,0.0000000,0.0000000,0,0,0,0
756771106287916 D 1258,2182930339,1000,1555,1555,2.3853402,-0.00624,-1,-1,-1,0,0,0,136,1,1,0,0.0000000,0.0000000,0.0000000,0,0,0,0
756771107280166 D 1259,2182931339,1000,1555,1555,2.3853402,-0.00600,-1,-1,-1,0,0,0,136,1,1,0,0.0000000,0.0000000,0.0000000,0,0,0,0
756771108294708 D 1260,2182932339,1000,1555,1555,2.3853402,-0.00576,-1,-1,-1,0,0,0,136,1,1,0,0.0000000,0.0000000,0.0000000,0,0,0,0
756771109307958 D 1261,2182933339,1000,1555,1555,2.3853402,-0.00554,-1,-1,-1,0,0,0,136,1,1,0,0.0000000,0.0000000,0.0000000,0,0,0,0
756771110328291 D 1262,2182934339,1000,1555,1555,2.3853402,-0.00532,-1,-1,-1,0,0,0,136,1,1,0,0.0000000,0.0000000,0.0000000,0,0,0,0
756771111300625 D 1263,2182935339,1000,1555,1555,2.3853402,-0.00511,-1,-1,-1,0,0,0,136,1,1,0,0.0000000,0.0000000,0.0000000,0,0,0,0
756771112275208 D 1264,2182936339,1000,1555,1555,2.3853402,-0.00491,-1,-1,-1,0,0,0,136,1,1,0,0.0000000,0.0000000,0.0000000,0,0,0,0
756771113269916 D 1265,2182937339,1000,1555,1555,2.3853402,-0.00472,-1,-1,-1,0,0,0,136,1,1,0,0.0000000,0.0000000,0.0000000,0,0,0,0
756771114277000 D 1266,2182938339,1000,1555,1555,2.3853402,-0.00453,-1,-1,-1,0,0,0,136,1,1,0,0.0000000,0.0000000,0.0000000,0,0,0,0
756771115282875 D 1267,2182939339,1000,1555,1555,2.3853402,-0.00436,-1,-1,-1,0,0,0,136,1,1,0,0.0000000,0.0000000,0.0000000,0,0,0,0
756771116259708 D 1268,2182940339,1000,1556,1556,2.3868742,0.05596,-1,-1,-1,0,0,0,136,1,1,0,0.0000000,0.0000000,0.0000000,0,0,0,0
756771117274583 D 1269,2182941339,1000,1555,1555,2.3853402,-0.00638,-1,-1,-1,0,0,0,135,1,1,0,0.0000000,0.0000000,0.0000000,0,0,0,0
756771118267291 D 1270,2182942339,1000,1555,1555,2.3853402,-0.00613,-1,-1,-1,0,0,0,136,1,1,0,0.0000000,0.0000000,0.0000000,0,0,0,0
756771119271875 D 1271,2182943339,1000,1555,1555,2.3853402,-0.00589,-1,-1,-1,0,0,0,136,1,1,0,0.0000000,0.0000000,0.0000000,0,0,0,0
756771120319375 D 1272,2182944339,1000,1555,1555,2.3853402,-0.00566,-1,-1,-1,0,0,0,136,1,1,0,0.0000000,0.0000000,0.0000000,0,0,0,0
756771121267666 D 1273,2182945339,1000,1555,1555,2.3853402,-0.00544,-1,-1,-1,0,0,0,136,1,1,0,0.0000000,0.0000000,0.0000000,0,0,0,0
756771122283833 D 1274,2182946339,1000,1555,1555,2.3853402,-0.00522,-1,-1,-1,0,0,0,136,1,1,0,0.0000000,0.0000000,0.0000000,0,0,0,0
756771123320000 D 1275,2182947339,1000,1555,1555,2.3853402,-0.00502,-1,-1,-1,0,0,0,136,1,1,0,0.0000000,0.0000000,0.0000000,0,0,0,0
756771124320083 D 1276,2182948339,1000,1555,1555,2.3853402,-0.00482,-1,-1,-1,0,0,0,136,1,1,0,0.0000000,0.0000000,0.0000000,0,0,0,0
756771125300625 D 1277,2182949339,1000,1555,1555,2.3853402,-0.00463,-1,-1,-1,0,0,0,136,1,1,0,0.0000000,0.0000000,0.0000000,0,0,0,0
756771126298666 D 1278,2182950339,1000,1555,1555,2.3853402,-0.00445,-1,-1,-1,0,0,0,136,1,1,0,0.0000000,0.0000000,0.0000000,0,0,0,0
756771127509416 D 1279,2182951339,1000,1555,1555,2.3853402,-0.00428,-1,-1,-1,0,0,0,136,1,1,0,0.0000000,0.0000000,0.0000000,0,0,0,0
756771128897041 D 1280,2182952339,1000,1555,1555,2.3853402,-0.00411,39,128,2035,0,0,0,136,1,1,0,0.0000000,0.0000000,0.0000000,0,0,0,0
756771129765041 D 1281,2182953339,1000,1555,1555,2.3853402,-0.00395,-1,-1,-1,0,0,0,136,1,1,0,0.0000000,0.0000000,0.0000000,0,0,0,0
756771130610708 D 1282,2182954339,1000,1556,1556,2.3868742,0.05636,-1,-1,-1,0,0,0,136,1,1,0,0.0000000,0.0000000,0.0000000,0,0,0,0
756771131517250 D 1283,2182955339,1000,1555,1555,2.3853402,-0.00600,-1,-1,-1,0,0,0,136,1,1,0,0.0000000,0.0000000,0.0000000,0,0,0,0
756771132318708 D 1284,2182956339,1000,1555,1555,2.3853402,-0.00577,-1,-1,-1,0,0,0,136,1,1,0,0.0000000,0.0000000,0.0000000,0,0,0,0
756771133295708 D 1285,2182957339,1000,1555,1555,2.3853402,-0.00554,-1,-1,-1,0,0,0,136,1,1,0,0.0000000,0.0000000,0.0000000,0,0,0,0
756771134279416 D 1286,2182958339,1000,1555,1555,2.3853402,-0.00532,-1,-1,-1,0,0,0,136,1,1,0,0.0000000,0.0000000,0.0000000,0,0,0,0
756771135281708 D 1287,2182959339,1000,1555,1555,2.3853402,-0.00511,-1,-1,-1,0,0,0,136,1,1,0,0.0000000,0.0000000,0.0000000,0,0,0,0
756771136278458 D 1288,2182960339,1000,1555,1555,2.3853402,-0.00491,-1,-1,-1,0,0,0,136,1,1,0,0.0000000,0.0000000,0.0000000,0,0,0,0
756771137263541 D 1289,2182961339,1000,1556,1556,2.3868742,0.05543,-1,-1,-1,0,0,0,136,1,1,0,0.0000000,0.0000000,0.0000000,0,0,0,0
756771138264916 D 1290,2182962339,1000,1555,1555,2.3853402,-0.00689,-1,-1,-1,0,0,0,136,1,1,0,0.0000000,0.0000000,0.0000000,0,0,0,0
756771139268083 D 1291,2182963339,1000,1555,1555,2.3853402,-0.00662,-1,-1,-1,0,0,0,136,1,1,0,0.0000000,0.0000000,0.0000000,0,0,0,0
756771140267958 D 1292,2182964339,1000,1555,1555,2.3853402,-0.00636,-1,-1,-1,0,0,0,136,1,1,0,0.0000000,0.0000000,0.0000000,0,0,0,0
756771141270625 D 1293,2182965339,1000,1555,1555,2.3853402,-0.00612,-1,-1,-1,0,0,0,136,1,1,0,0.0000000,0.0000000,0.0000000,0,0,0,0
756771142261041 D 1294,2182966339,1000,1555,1555,2.3853402,-0.00588,-1,-1,-1,0,0,0,136,1,1,0,0.0000000,0.0000000,0.0000000,0,0,0,0
756771143263833 D 1295,2182967339,1000,1555,1555,2.3853402,-0.00564,-1,-1,-1,0,0,0,136,1,1,0,0.0000000,0.0000000,0.0000000,0,0,0,0
756771144317500 D 1296,2182968339,1000,1555,1555,2.3853402,-0.00542,-1,-1,-1,0,0,0,136,1,1,0,0.0000000,0.0000000,0.0000000,0,0,0,0
756771145312333 D 1297,2182969339,1000,1555,1555,2.3853402,-0.00521,-1,-1,-1,0,0,0,136,1,1,0,0.0000000,0.0000000,0.0000000,0,0,0,0
756771146292125 D 1298,2182970339,1000,1555,1555,2.3853402,-0.00501,-1,-1,-1,0,0,0,136,1,1,0,0.0000000,0.0000000,0.0000000,0,0,0,0
756771147283208 D 1299,2182971339,1000,1556,1556,2.3868742,0.05534,-1,-1,-1,0,0,0,136,1,1,0,0.0000000,0.0000000,0.0000000,0,0,0,0
756771148278125 D 1300,2182972339,1000,1555,1555,2.3853402,-0.00698,-1,-1,-1,0,0,0,136,1,1,0,0.0000000,0.0000000,0.0000000,0,0,0,0
756771149274500 D 1301,2182973339,1000,1555,1555,2.3853402,-0.00671,-1,-1,-1,0,0,0,136,1,1,0,0.0000000,0.0000000,0.0000000,0,0,0,0
756771150319500 D 1302,2182974339,1000,1555,1555,2.3853402,-0.00644,-1,-1,-1,0,0,0,136,1,1,0,0.0000000,0.0000000,0.0000000,0,0,0,0
756771151299333 D 1303,2182975339,1000,1555,1555,2.3853402,-0.00619,-1,-1,-1,0,0,0,136,1,1,0,0.0000000,0.0000000,0.0000000,0,0,0,0
756771152286750 D 1304,2182976339,1000,1555,1555,2.3853402,-0.00595,-1,-1,-1,0,0,0,135,1,1,0,0.0000000,0.0000000,0.0000000,0,0,0,0
756771153310916 D 1305,2182977339,1000,1555,1555,2.3853402,-0.00571,-1,-1,-1,0,0,0,136,1,1,0,0.0000000,0.0000000,0.0000000,0,0,0,0
756771154280875 D 1306,2182978339,1000,1556,1556,2.3868742,0.05466,-1,-1,-1,0,0,0,136,1,1,0,0.0000000,0.0000000,0.0000000,0,0,0,0
756771155280208 D 1307,2182979339,1000,1555,1555,2.3853402,-0.00763,-1,-1,-1,0,0,0,136,1,1,0,0.0000000,0.0000000,0.0000000,0,0,0,0
756771156319916 D 1308,2182980339,1000,1556,1556,2.3868742,0.05281,-1,-1,-1,0,0,0,136,1,1,0,0.0000000,0.0000000,0.0000000,0,0,0,0
756771157301916 D 1309,2182981339,1000,1555,1555,2.3853402,-0.00941,-1,-1,-1,0,0,0,136,1,1,0,0.0000000,0.0000000,0.0000000,0,0,0,0
756771158306458 D 1310,2182982339,1000,1555,1555,2.3853402,-0.00904,-1,-1,-1,0,0,0,136,1,1,0,0.0000000,0.0000000,0.0000000,0,0,0,0
756771159305375 D 1311,2182983339,1000,1555,1555,2.3853402,-0.00868,-1,-1,-1,0,0,0,135,1,1,0,0.0000000,0.0000000,0.0000000,0,0,0,0
756771160280208 D 1312,2182984339,1000,1555,1555,2.3853402,-0.00834,-1,-1,-1,0,0,0,136,1,1,0,0.0000000,0.0000000,0.0000000,0,0,0,0
756771161285458 D 1313,2182985339,1000,1555,1555,2.3853402,-0.00801,-1,-1,-1,0,0,0,136,1,1,0,0.0000000,0.0000000,0.0000000,0,0,0,0
756771162360000 D 1314,2182986339,1000,1555,1555,2.3853402,-0.00770,-1,-1,-1,0,0,0,136,1,1,0,0.0000000,0.0000000,0.0000000,0,0,0,0
756771163313791 D 1315,2182987339,1000,1555,1555,2.3853402,-0.00740,-1,-1,-1,0,0,0,136,1,1,0,0.0000000,0.0000000,0.0000000,0,0,0,0
756771164288666 D 1316,2182988339,1000,1555,1555,2.3853402,-0.00711,-1,-1,-1,0,0,0,136,1,1,0,0.0000000,0.0000000,0.0000000,0,0,0,0
756771165292416 D 1317,2182989339,1000,1555,1555,2.3853402,-0.00683,-1,-1,-1,0,0,0,136,1,1,0,0.0000000,0.0000000,0.0000000,0,0,0,0
756771166323208 D 1318,2182990339,1000,1555,1555,2.3853402,-0.00656,-1,-1,-1,0,0,0,136,1,1,0,0.0000000,0.0000000,0.0000000,0,0,0,0
756771167545208 D 1319,2182991339,1000,1555,1555,2.3853402,-0.00630,-1,-1,-1,0,0,0,136,1,1,0,0.0000000,0.0000000,0.0000000,0,0,0,0
756771168518541 D 1320,2182992339,1000,1555,1555,2.3853402,-0.00606,-1,-1,-1,0,0,0,136,1,1,0,0.0000000,0.0000000,0.0000000,0,0,0,0
756771169441750 D 1321,2182993339,1000,1555,1555,2.3853402,-0.00582,-1,-1,-1,0,0,0,136,1,1,0,0.0000000,0.0000000,0.0000000,0,0,0,0
756771170339583 D 1322,2182994339,1000,1555,1555,2.3853402,-0.00559,-1,-1,-1,0,0,0,136,1,1,0,0.0000000,0.0000000,0.0000000,0,0,0,0
756771171292166 D 1323,2182995339,1000,1555,1555,2.3853402,-0.00537,-1,-1,-1,0,0,0,136,1,1,0,0.0000000,0.0000000,0.0000000,0,0,0,0
756771172283791 D 1324,2182996339,1000,1555,1555,2.3853402,-0.00516,-1,-1,-1,0,0,0,136,1,1,0,0.0000000,0.0000000,0.0000000,0,0,0,0
756771173315583 D 1325,2182997339,1000,1555,1555,2.3853402,-0.00496,-1,-1,-1,0,0,0,136,1,1,0,0.0000000,0.0000000,0.0000000,0,0,0,0
756771174292208 D 1326,2182998339,1000,1555,1555,2.3853402,-0.00476,-1,-1,-1,0,0,0,136,1,1,0,0.0000000,0.0000000,0.0000000,0,0,0,0
756771175298875 D 1327,2182999339,1000,1555,1555,2.3853402,-0.00458,-1,-1,-1,0,0,0,136,1,1,0,0.0000000,0.0000000,0.0000000,0,0,0,0
756771176299000 D 1328,2183000339,1000,1555,1555,2.3853402,-0.00440,-1,-1,-1,0,0,0,136,1,1,0,0.0000000,0.0000000,0.0000000,0,0,0,0
756771177294791 D 1329,2183001339,1000,1555,1555,2.3853402,-0.00423,-1,-1,-1,0,0,0,136,1,1,0,0.0000000,0.0000000,0.0000000,0,0,0,0
756771178706250 D 1330,2183002339,1000,1555,1555,2.3853402,-0.00406,39,128,2035,0,0,0,136,1,1,0,0.0000000,0.0000000,0.0000000,0,0,0,0
756771179377250 D 1331,2183003339,1000,1555,1555,2.3853402,-0.00390,-1,-1,-1,0,0,0,136,1,1,0,0.0000000,0.0000000,0.0000000,0,0,0,0
756771180306541 D 1332,2183004339,1000,1555,1555,2.3853402,-0.00375,-1,-1,-1,0,0,0,136,1,1,0,0.0000000,0.0000000,0.0000000,0,0,0,0
756771181310416 D 1333,2183005339,1000,1556,1556,2.3868742,0.05655,-1,-1,-1,0,0,0,136,1,1,0,0.0000000,0.0000000,0.0000000,0,0,0,0
756771182281250 D 1334,2183006339,1000,1555,1555,2.3853402,-0.00582,-1,-1,-1,0,0,0,136,1,1,0,0.0000000,0.0000000,0.0000000,0,0,0,0
756771183303708 D 1335,2183007339,1000,1555,1555,2.3853402,-0.00559,-1,-1,-1,0,0,0,136,1,1,0,0.0000000,0.0000000,0.0000000,0,0,0,0
756771184303166 D 1336,2183008339,1000,1555,1555,2.3853402,-0.00537,-1,-1,-1,0,0,0,136,1,1,0,0.0000000,0.0000000,0.0000000,0,0,0,0
756771185300166 D 1337,2183009339,1000,1555,1555,2.3853402,-0.00516,-1,-1,-1,0,0,0,136,1,1,0,0.0000000,0.0000000,0.0000000,0,0,0,0
756771186296958 D 1338,2183010339,1000,1555,1555,2.3853402,-0.00496,-1,-1,-1,0,0,0,136,1,1,0,0.0000000,0.0000000,0.0000000,0,0,0,0
756771187301875 D 1339,2183011339,1000,1555,1555,2.3853402,-0.00476,-1,-1,-1,0,0,0,136,1,1,0,0.0000000,0.0000000,0.0000000,0,0,0,0
756771188302416 D 1340,2183012339,1000,1555,1555,2.3853402,-0.00458,-1,-1,-1,0,0,0,136,1,1,0,0.0000000,0.0000000,0.0000000,0,0,0,0
756771189305416 D 1341,2183013339,1000,1555,1555,2.3853402,-0.00440,-1,-1,-1,0,0,0,136,1,1,0,0.0000000,0.0000000,0.0000000,0,0,0,0
756771190318375 D 1342,2183014339,1000,1555,1555,2.3853402,-0.00423,-1,-1,-1,0,0,0,136,1,1,0,0.0000000,0.0000000,0.0000000,0,0,0,0
756771191311958 D 1343,2183015339,1000,1556,1556,2.3868742,0.05609,-1,-1,-1,0,0,0,136,1,1,0,0.0000000,0.0000000,0.0000000,0,0,0,0
756771192293541 D 1344,2183016339,1000,1555,1555,2.3853402,-0.00626,-1,-1,-1,0,0,0,136,1,1,0,0.0000000,0.0000000,0.0000000,0,0,0,0
756771193287625 D 1345,2183017339,1000,1555,1555,2.3853402,-0.00601,-1,-1,-1,0,0,0,136,1,1,0,0.0000000,0.0000000,0.0000000,0,0,0,0
756771194335458 D 1346,2183018339,1000,1555,1555,2.3853402,-0.00578,-1,-1,-1,0,0,0,136,1,1,0,0.0000000,0.0000000,0.0000000,0,0,0,0
756771195314208 D 1347,2183019339,1000,1555,1555,2.3853402,-0.00555,-1,-1,-1,0,0,0,136,1,1,0,0.0000000,0.0000000,0.0000000,0,0,0,0
756771196340833 D 1348,2183020339,1000,1555,1555,2.3853402,-0.00533,-1,-1,-1,0,0,0,136,1,1,0,0.0000000,0.0000000,0.0000000,0,0,0,0
756771197323666 D 1349,2183021339,1000,1555,1555,2.3853402,-0.00512,-1,-1,-1,0,0,0,136,1,1,0,0.0000000,0.0000000,0.0000000,0,0,0,0
756771198347750 D 1350,2183022339,1000,1555,1555,2.3853402,-0.00492,-1,-1,-1,0,0,0,136,1,1,0,0.0000000,0.0000000,0.0000000,0,0,0,0
756771199323333 D 1351,2183023339,1000,1555,1555,2.3853402,-0.00473,-1,-1,-1,0,0,0,136,1,1,0,0.0000000,0.0000000,0.0000000,0,0,0,0
756771200277541 D 1352,2183024339,1000,1555,1555,2.3853402,-0.00454,-1,-1,-1,0,0,0,136,1,1,0,0.0000000,0.0000000,0.0000000,0,0,0,0
756771201344625 D 1353,2183025339,1000,1555,1555,2.3853402,-0.00437,-1,-1,-1,0,0,0,135,1,1,0,0.0000000,0.0000000,0.0000000,0,0,0,0
756771202332708 D 1354,2183026339,1000,1555,1555,2.3853402,-0.00420,-1,-1,-1,0,0,0,136,1,1,0,0.0000000,0.0000000,0.0000000,0,0,0,0
756771203314375 D 1355,2183027339,1000,1555,1555,2.3853402,-0.00403,-1,-1,-1,0,0,0,136,1,1,0,0.0000000,0.0000000,0.0000000,0,0,0,0
756771204503625 D 1356,2183028339,1000,1555,1555,2.3853402,-0.00387,-1,-1,-1,0,0,0,136,1,1,0,0.0000000,0.0000000,0.0000000,0,0,0,0
756771205534125 D 1357,2183029339,1000,1555,1555,2.3853402,-0.00372,-1,-1,-1,0,0,0,136,1,1,0,0.0000000,0.0000000,0.0000000,0,0,0,0
756771206529458 D 1358,2183030339,1000,1555,1555,2.3853402,-0.00358,-1,-1,-1,0,0,0,136,1,1,0,0.0000000,0.0000000,0.0000000,0,0,0,0
756771207329291 D 1359,2183031339,1000,1555,1555,2.3853402,-0.00343,-1,-1,-1,0,0,0,136,1,1,0,0.0000000,0.0000000,0.0000000,0,0,0,0
756771208277875 D 1360,2183032339,1000,1555,1555,2.3853402,-0.00330,-1,-1,-1,0,0,0,136,1,1,0,0.0000000,0.0000000,0.0000000,0,0,0,0
756771209309208 D 1361,2183033339,1000,1555,1555,2.3853402,-0.00317,-1,-1,-1,0,0,0,136,1,1,0,0.0000000,0.0000000,0.0000000,0,0,0,0
756771210304375 D 1362,2183034339,1000,1555,1555,2.3853402,-0.00305,-1,-1,-1,0,0,0,136,1,1,0,0.0000000,0.0000000,0.0000000,0,0,0,0
756771211298041 D 1363,2183035339,1000,1555,1555,2.3853402,-0.00293,-1,-1,-1,0,0,0,136,1,1,0,0.0000000,0.0000000,0.0000000,0,0,0,0
756771212301166 D 1364,2183036339,1000,1555,1555,2.3853402,-0.00281,-1,-1,-1,0,0,0,136,1,1,0,0.0000000,0.0000000,0.0000000,0,0,0,0
756771213300041 D 1365,2183037339,1000,1555,1555,2.3853402,-0.00270,-1,-1,-1,0,0,0,136,1,1,0,0.0000000,0.0000000,0.0000000,0,0,0,0
756771214355000 D 1366,2183038339,1000,1555,1555,2.3853402,-0.00260,-1,-1,-1,0,0,0,136,1,1,0,0.0000000,0.0000000,0.0000000,0,0,0,0
756771215269333 D 1367,2183039339,1000,1555,1555,2.3853402,-0.00249,-1,-1,-1,0,0,0,136,1,1,0,0.0000000,0.0000000,0.0000000,0,0,0,0
756771216276083 D 1368,2183040339,1000,1555,1555,2.3853402,-0.00240,-1,-1,-1,0,0,0,136,1,1,0,0.0000000,0.0000000,0.0000000,0,0,0,0
756771217272250 D 1369,2183041339,1000,1555,1555,2.3853402,-0.00230,-1,-1,-1,0,0,0,136,1,1,0,0.0000000,0.0000000,0.0000000,0,0,0,0
756771218277708 D 1370,2183042339,1000,1555,1555,2.3853402,-0.00221,-1,-1,-1,0,0,0,136,1,1,0,0.0000000,0.0000000,0.0000000,0,0,0,0
756771219317958 D 1371,2183043339,1000,1555,1555,2.3853402,-0.00213,-1,-1,-1,0,0,0,136,1,1,0,0.0000000,0.0000000,0.0000000,0,0,0,0
756771220328250 D 1372,2183044339,1000,1555,1555,2.3853402,-0.00204,-1,-1,-1,0,0,0,136,1,1,0,0.0000000,0.0000000,0.0000000,0,0,0,0
756771221303250 D 1373,2183045339,1000,1556,1556,2.3868742,0.05819,-1,-1,-1,0,0,0,136,1,1,0,0.0000000,0.0000000,0.0000000,0,0,0,0
756771222354125 D 1374,2183046339,1000,1556,1556,2.3868742,0.05590,-1,-1,-1,0,0,0,135,1,1,0,0.0000000,0.0000000,0.0000000,0,0,0,0
756771223327416 D 1375,2183047339,1000,1555,1555,2.3853402,-0.00644,-1,-1,-1,0,0,0,136,1,1,0,0.0000000,0.0000000,0.0000000,0,0,0,0
756771224334500 D 1376,2183048339,1000,1555,1555,2.3853402,-0.00618,-1,-1,-1,0,0,0,136,1,1,0,0.0000000,0.0000000,0.0000000,0,0,0,0
756771225307583 D 1377,2183049339,1000,1555,1555,2.3853402,-0.00594,-1,-1,-1,0,0,0,136,1,1,0,0.0000000,0.0000000,0.0000000,0,0,0,0
756771226323958 D 1378,2183050339,1000,1555,1555,2.3853402,-0.00571,-1,-1,-1,0,0,0,136,1,1,0,0.0000000,0.0000000,0.0000000,0,0,0,0
756771227309083 D 1379,2183051339,1000,1555,1555,2.3853402,-0.00548,-1,-1,-1,0,0,0,136,1,1,0,0.0000000,0.0000000,0.0000000,0,0,0,0
756771228694458 D 1380,2183052339,1000,1555,1555,2.3853402,-0.00527,39,128,2036,0,0,0,136,1,1,0,0.0000000,0.0000000,0.0000000,0,0,0,0
756771229355750 D 1381,2183053339,1000,1556,1556,2.3868742,0.05509,-1,-1,-1,0,0,0,136,1,1,0,0.0000000,0.0000000,0.0000000,0,0,0,0
756771230369083 D 1382,2183054339,1000,1555,1555,2.3853402,-0.00722,-1,-1,-1,0,0,0,136,1,1,0,0.0000000,0.0000000,0.0000000,0,0,0,0
756771231350500 D 1383,2183055339,1000,1555,1555,2.3853402,-0.00694,-1,-1,-1,0,0,0,136,1,1,0,0.0000000,0.0000000,0.0000000,0,0,0,0
756771232338375 D 1384,2183056339,1000,1555,1555,2.3853402,-0.00667,-1,-1,-1,0,0,0,136,1,1,0,0.0000000,0.0000000,0.0000000,0,0,0,0
756771233322583 D 1385,2183057339,1000,1556,1556,2.3868742,0.05374,-1,-1,-1,0,0,0,136,1,1,0,0.0000000,0.0000000,0.0000000,0,0,0,0
756771234328708 D 1386,2183058339,1000,1555,1555,2.3853402,-0.00851,-1,-1,-1,0,0,0,136,1,1,0,0.0000000,0.0000000,0.0000000,0,0,0,0
756771235325875 D 1387,2183059339,1000,1555,1555,2.3853402,-0.00818,-1,-1,-1,0,0,0,136,1,1,0,0.0000000,0.0000000,0.0000000,0,0,0,0
756771236332625 D 1388,2183060339,1000,1555,1555,2.3853402,-0.00786,-1,-1,-1,0,0,0,136,1,1,0,0.0000000,0.0000000,0.0000000,0,0,0,0
756771237320166 D 1389,2183061339,1000,1555,1555,2.3853402,-0.00755,-1,-1,-1,0,0,0,136,1,1,0,0.0000000,0.0000000,0.0000000,0,0,0,0
756771238308583 D 1390,2183062339,1000,1555,1555,2.3853402,-0.00725,-1,-1,-1,0,0,0,136,1,1,0,0.0000000,0.0000000,0.0000000,0,0,0,0
756771239316375 D 1391,2183063339,1000,1555,1555,2.3853402,-0.00697,-1,-1,-1,0,0,0,136,1,1,0,0.0000000,0.0000000,0.0000000,0,0,0,0
756771240329791 D 1392,2183064339,1000,1555,1555,2.3853402,-0.00670,-1,-1,-1,0,0,0,136,1,1,0,0.0000000,0.0000000,0.0000000,0,0,0,0
756771241333541 D 1393,2183065339,1000,1555,1555,2.3853402,-0.00643,-1,-1,-1,0,0,0,136,1,1,0,0.0000000,0.0000000,0.0000000,0,0,0,0
756771242383333 D 1394,2183066339,1000,1555,1555,2.3853402,-0.00618,-1,-1,-1,0,0,0,136,1,1,0,0.0000000,0.0000000,0.0000000,0,0,0,0
756771243348083 D 1395,2183067339,1000,1555,1555,2.3853402,-0.00594,-1,-1,-1,0,0,0,136,1,1,0,0.0000000,0.0000000,0.0000000,0,0,0,0
756771244342041 D 1396,2183068339,1000,1555,1555,2.3853402,-0.00571,-1,-1,-1,0,0,0,136,1,1,0,0.0000000,0.0000000,0.0000000,0,0,0,0
756771245307125 D 1397,2183069339,1000,1555,1555,2.3853402,-0.00548,-1,-1,-1,0,0,0,136,1,1,0,0.0000000,0.0000000,0.0000000,0,0,0,0
756771246338166 D 1398,2183070339,1000,1556,1556,2.3868742,0.05488,-1,-1,-1,0,0,0,136,1,1,0,0.0000000,0.0000000,0.0000000,0,0,0,0
756771247521166 D 1399,2183071339,1000,1555,1555,2.3853402,-0.00742,-1,-1,-1,0,0,0,136,1,1,0,0.0000000,0.0000000,0.0000000,0,0,0,0
756771248529500 D 1400,2183072339,1000,1555,1555,2.3853402,-0.00713,-1,-1,-1,0,0,0,136,1,1,0,0.0000000,0.0000000,0.0000000,0,0,0,0
756771249497375 D 1401,2183073339,1000,1555,1555,2.3853402,-0.00685,-1,-1,-1,0,0,0,136,1,1,0,0.0000000,0.0000000,0.0000000,0,0,0,0
756771250449041 D 1402,2183074339,1000,1555,1555,2.3853402,-0.00658,-1,-1,-1,0,0,0,136,1,1,0,0.0000000,0.0000000,0.0000000,0,0,0,0
756771251265625 D 1403,2183075339,1000,1555,1555,2.3853402,-0.00632,-1,-1,-1,0,0,0,136,1,1,0,0.0000000,0.0000000,0.0000000,0,0,0,0
756771252302875 D 1404,2183076339,1000,1555,1555,2.3853402,-0.00607,-1,-1,-1,0,0,0,136,1,1,0,0.0000000,0.0000000,0.0000000,0,0,0,0
756771253273625 D 1405,2183077339,1000,1555,1555,2.3853402,-0.00584,-1,-1,-1,0,0,0,136,1,1,0,0.0000000,0.0000000,0.0000000,0,0,0,0
756771254276291 D 1406,2183078339,1000,1555,1555,2.3853402,-0.00561,-1,-1,-1,0,0,0,136,1,1,0,0.0000000,0.0000000,0.0000000,0,0,0,0
756771255264791 D 1407,2183079339,1000,1556,1556,2.3868742,0.05476,-1,-1,-1,0,0,0,136,1,1,0,0.0000000,0.0000000,0.0000000,0,0,0,0
756771256298583 D 1408,2183080339,1000,1555,1555,2.3853402,-0.00753,-1,-1,-1,0,0,0,136,1,1,0,0.0000000,0.0000000,0.0000000,0,0,0,0
756771257283166 D 1409,2183081339,1000,1555,1555,2.3853402,-0.00724,-1,-1,-1,0,0,0,136,1,1,0,0.0000000,0.0000000,0.0000000,0,0,0,0
756771258274666 D 1410,2183082339,1000,1555,1555,2.3853402,-0.00696,-1,-1,-1,0,0,0,136,1,1,0,0.0000000,0.0000000,0.0000000,0,0,0,0
756771259277750 D 1411,2183083339,1000,1555,1555,2.3853402,-0.00668,-1,-1,-1,0,0,0,136,1,1,0,0.0000000,0.0000000,0.0000000,0,0,0,0
756771260299166 D 1412,2183084339,1000,1555,1555,2.3853402,-0.00642,-1,-1,-1,0,0,0,136,1,1,0,0.0000000,0.0000000,0.0000000,0,0,0,0
756771261270916 D 1413,2183085339,1000,1555,1555,2.3853402,-0.00617,-1,-1,-1,0,0,0,136,1,1,0,0.0000000,0.0000000,0.0000000,0,0,0,0
756771262276375 D 1414,2183086339,1000,1555,1555,2.3853402,-0.00593,-1,-1,-1,0,0,0,136,1,1,0,0.0000000,0.0000000,0.0000000,0,0,0,0
756771263273875 D 1415,2183087339,1000,1555,1555,2.3853402,-0.00569,-1,-1,-1,0,0,0,136,1,1,0,0.0000000,0.0000000,0.0000000,0,0,0,0
756771264285666 D 1416,2183088339,1000,1555,1555,2.3853402,-0.00547,-1,-1,-1,0,0,0,136,1,1,0,0.0000000,0.0000000,0.0000000,0,0,0,0
756771265265833 D 1417,2183089339,1000,1555,1555,2.3853402,-0.00526,-1,-1,-1,0,0,0,136,1,1,0,0.0000000,0.0000000,0.0000000,0,0,0,0
756771266338208 D 1418,2183090339,1000,1555,1555,2.3853402,-0.00505,-1,-1,-1,0,0,0,136,1,1,0,0.0000000,0.0000000,0.0000000,0,0,0,0
756771267271750 D 1419,2183091339,1000,1555,1555,2.3853402,-0.00485,-1,-1,-1,0,0,0,136,1,1,0,0.0000000,0.0000000,0.0000000,0,0,0,0
756771268270666 D 1420,2183092339,1000,1555,1555,2.3853402,-0.00466,-1,-1,-1,0,0,0,136,1,1,0,0.0000000,0.0000000,0.0000000,0,0,0,0
756771269271333 D 1421,2183093339,1000,1555,1555,2.3853402,-0.00448,-1,-1,-1,0,0,0,136,1,1,0,0.0000000,0.0000000,0.0000000,0,0,0,0
756771270274916 D 1422,2183094339,1000,1555,1555,2.3853402,-0.00430,-1,-1,-1,0,0,0,136,1,1,0,0.0000000,0.0000000,0.0000000,0,0,0,0
756771271277625 D 1423,2183095339,1000,1555,1555,2.3853402,-0.00414,-1,-1,-1,0,0,0,136,1,1,0,0.0000000,0.0000000,0.0000000,0,0,0,0
756771272303291 D 1424,2183096339,1000,1555,1555,2.3853402,-0.00397,-1,-1,-1,0,0,0,136,1,1,0,0.0000000,0.0000000,0.0000000,0,0,0,0
756771273298541 D 1425,2183097339,1000,1555,1555,2.3853402,-0.00382,-1,-1,-1,0,0,0,136,1,1,0,0.0000000,0.0000000,0.0000000,0,0,0,0
756771274316958 D 1426,2183098339,1000,1555,1555,2.3853402,-0.00367,-1,-1,-1,0,0,0,136,1,1,0,0.0000000,0.0000000,0.0000000,0,0,0,0
756771275279708 D 1427,2183099339,1000,1555,1555,2.3853402,-0.00352,-1,-1,-1,0,0,0,136,1,1,0,0.0000000,0.0000000,0.0000000,0,0,0,0
756771276282416 D 1428,2183100339,1000,1555,1555,2.3853402,-0.00339,-1,-1,-1,0,0,0,136,1,1,0,0.0000000,0.0000000,0.0000000,0,0,0,0
756771277267041 D 1429,2183101339,1000,1555,1555,2.3853402,-0.00325,-1,-1,-1,0,0,0,136,1,1,0,0.0000000,0.0000000,0.0000000,0,0,0,0
756771278738250 D 1430,2183102339,1000,1555,1555,2.3853402,-0.00313,39,128,2034,0,0,0,135,1,1,0,0.0000000,0.0000000,0.0000000,0,0,0,0
756771279375583 D 1431,2183103339,1000,1555,1555,2.3853402,-0.00300,-1,-1,-1,0,0,0,136,1,1,0,0.0000000,0.0000000,0.0000000,0,0,0,0
756771280277750 D 1432,2183104339,1000,1555,1555,2.3853402,-0.00289,-1,-1,-1,0,0,0,136,1,1,0,0.0000000,0.0000000,0.0000000,0,0,0,0
756771281288250 D 1433,2183105339,1000,1555,1555,2.3853402,-0.00277,-1,-1,-1,0,0,0,136,1,1,0,0.0000000,0.0000000,0.0000000,0,0,0,0
756771282279916 D 1434,2183106339,1000,1555,1555,2.3853402,-0.00266,-1,-1,-1,0,0,0,136,1,1,0,0.0000000,0.0000000,0.0000000,0,0,0,0
756771283265458 D 1435,2183107339,1000,1555,1555,2.3853402,-0.00256,-1,-1,-1,0,0,0,136,1,1,0,0.0000000,0.0000000,0.0000000,0,0,0,0
756771284357166 D 1436,2183108339,1000,1555,1555,2.3853402,-0.00246,-1,-1,-1,0,0,0,136,1,1,0,0.0000000,0.0000000,0.0000000,0,0,0,0
756771285548833 D 1437,2183109339,1000,1555,1555,2.3853402,-0.00236,-1,-1,-1,0,0,0,136,1,1,0,0.0000000,0.0000000,0.0000000,0,0,0,0
756771286492791 D 1438,2183110339,1000,1555,1555,2.3853402,-0.00227,-1,-1,-1,0,0,0,136,1,1,0,0.0000000,0.0000000,0.0000000,0,0,0,0
756771287489375 D 1439,2183111339,1000,1555,1555,2.3853402,-0.00218,-1,-1,-1,0,0,0,136,1,1,0,0.0000000,0.0000000,0.0000000,0,0,0,0
756771288310291 D 1440,2183112339,1000,1555,1555,2.3853402,-0.00209,-1,-1,-1,0,0,0,136,1,1,0,0.0000000,0.0000000,0.0000000,0,0,0,0
756771289262833 D 1441,2183113339,1000,1555,1555,2.3853402,-0.00201,-1,-1,-1,0,0,0,136,1,1,0,0.0000000,0.0000000,0.0000000,0,0,0,0
756771290293250 D 1442,2183114339,1000,1555,1555,2.3853402,-0.00193,-1,-1,-1,0,0,0,136,1,1,0,0.0000000,0.0000000,0.0000000,0,0,0,0
756771291322625 D 1443,2183115339,1000,1555,1555,2.3853402,-0.00186,-1,-1,-1,0,0,0,136,1,1,0,0.0000000,0.0000000,0.0000000,0,0,0,0
756771292285458 D 1444,2183116339,1000,1555,1555,2.3853402,-0.00179,-1,-1,-1,0,0,0,136,1,1,0,0.0000000,0.0000000,0.0000000,0,0,0,0
756771293287708 D 1445,2183117339,1000,1555,1555,2.3853402,-0.00172,-1,-1,-1,0,0,0,136,1,1,0,0.0000000,0.0000000,0.0000000,0,0,0,0
756771294293333 D 1446,2183118339,1000,1555,1555,2.3853402,-0.00165,-1,-1,-1,0,0,0,136,1,1,0,0.0000000,0.0000000,0.0000000,0,0,0,0
756771295282458 D 1447,2183119339,1000,1555,1555,2.3853402,-0.00158,-1,-1,-1,0,0,0,136,1,1,0,0.0000000,0.0000000,0.0000000,0,0,0,0
756771296280375 D 1448,2183120339,1000,1555,1555,2.3853402,-0.00152,-1,-1,-1,0,0,0,136,1,1,0,0.0000000,0.0000000,0.0000000,0,0,0,0
756771297320375 D 1449,2183121339,1000,1555,1555,2.3853402,-0.00146,-1,-1,-1,0,0,0,136,1,1,0,0.0000000,0.0000000,0.0000000,0,0,0,0
756771298335125 D 1450,2183122339,1000,1555,1555,2.3853402,-0.00140,-1,-1,-1,0,0,0,136,1,1,0,0.0000000,0.0000000,0.0000000,0,0,0,0
756771299300708 D 1451,2183123339,1000,1555,1555,2.3853402,-0.00135,-1,-1,-1,0,0,0,136,1,1,0,0.0000000,0.0000000,0.0000000,0,0,0,0
756771300282541 D 1452,2183124339,1000,1555,1555,2.3853402,-0.00130,-1,-1,-1,0,0,0,136,1,1,0,0.0000000,0.0000000,0.0000000,0,0,0,0
756771301306416 D 1453,2183125339,1000,1555,1555,2.3853402,-0.00125,-1,-1,-1,0,0,0,136,1,1,0,0.0000000,0.0000000,0.0000000,0,0,0,0
756771302287375 D 1454,2183126339,1000,1555,1555,2.3853402,-0.00120,-1,-1,-1,0,0,0,136,1,1,0,0.0000000,0.0000000,0.0000000,0,0,0,0
756771303318000 D 1455,2183127339,1000,1555,1555,2.3853402,-0.00115,-1,-1,-1,0,0,0,136,1,1,0,0.0000000,0.0000000,0.0000000,0,0,0,0
756771304341041 D 1456,2183128339,1000,1555,1555,2.3853402,-0.00110,-1,-1,-1,0,0,0,136,1,1,0,0.0000000,0.0000000,0.0000000,0,0,0,0
756771305317333 D 1457,2183129339,1000,1555,1555,2.3853402,-0.00106,-1,-1,-1,0,0,0,136,1,1,0,0.0000000,0.0000000,0.0000000,0,0,0,0
756771306298833 D 1458,2183130339,1000,1555,1555,2.3853402,-0.00102,-1,-1,-1,0,0,0,136,1,1,0,0.0000000,0.0000000,0.0000000,0,0,0,0
756771307322750 D 1459,2183131339,1000,1555,1555,2.3853402,-0.00098,-1,-1,-1,0,0,0,136,1,1,0,0.0000000,0.0000000,0.0000000,0,0,0,0
756771308318375 D 1460,2183132339,1000,1555,1555,2.3853402,-0.00094,-1,-1,-1,0,0,0,136,1,1,0,0.0000000,0.0000000,0.0000000,0,0,0,0
756771309291916 D 1461,2183133339,1000,1555,1555,2.3853402,-0.00090,-1,-1,-1,0,0,0,136,1,1,0,0.0000000,0.0000000,0.0000000,0,0,0,0
756771310278083 D 1462,2183134339,1000,1555,1555,2.3853402,-0.00087,-1,-1,-1,0,0,0,136,1,1,0,0.0000000,0.0000000,0.0000000,0,0,0,0
756771311321708 D 1463,2183135339,1000,1555,1555,2.3853402,-0.00083,-1,-1,-1,0,0,0,136,1,1,0,0.0000000,0.0000000,0.0000000,0,0,0,0
756771312311916 D 1464,2183136339,1000,1555,1555,2.3853402,-0.00080,-1,-1,-1,0,0,0,136,1,1,0,0.0000000,0.0000000,0.0000000,0,0,0,0
756771313292000 D 1465,2183137339,1000,1555,1555,2.3853402,-0.00077,-1,-1,-1,0,0,0,136,1,1,0,0.0000000,0.0000000,0.0000000,0,0,0,0
756771314287833 D 1466,2183138339,1000,1555,1555,2.3853402,-0.00074,-1,-1,-1,0,0,0,136,1,1,0,0.0000000,0.0000000,0.0000000,0,0,0,0
756771315383583 D 1467,2183139339,1000,1555,1555,2.3853402,-0.00071,-1,-1,-1,0,0,0,136,1,1,0,0.0000000,0.0000000,0.0000000,0,0,0,0
756771316302166 D 1468,2183140339,1000,1555,1555,2.3853402,-0.00068,-1,-1,-1,0,0,0,136,1,1,0,0.0000000,0.0000000,0.0000000,0,0,0,0
756771317296291 D 1469,2183141339,1000,1555,1555,2.3853402,-0.00066,-1,-1,-1,0,0,0,136,1,1,0,0.0000000,0.0000000,0.0000000,0,0,0,0
756771318303875 D 1470,2183142339,1000,1555,1555,2.3853402,-0.00063,-1,-1,-1,0,0,0,136,1,1,0,0.0000000,0.0000000,0.0000000,0,0,0,0
756771319342875 D 1471,2183143339,1000,1555,1555,2.3853402,-0.00061,-1,-1,-1,0,0,0,136,1,1,0,0.0000000,0.0000000,0.0000000,0,0,0,0
756771320308666 D 1472,2183144339,1000,1555,1555,2.3853402,-0.00058,-1,-1,-1,0,0,0,136,1,1,0,0.0000000,0.0000000,0.0000000,0,0,0,0
756771321285583 D 1473,2183145339,1000,1555,1555,2.3853402,-0.00056,-1,-1,-1,0,0,0,136,1,1,0,0.0000000,0.0000000,0.0000000,0,0,0,0
756771322272583 D 1474,2183146339,1000,1556,1556,2.3868742,0.05961,-1,-1,-1,0,0,0,136,1,1,0,0.0000000,0.0000000,0.0000000,0,0,0,0
756771323282458 D 1475,2183147339,1000,1555,1555,2.3853402,-0.00288,-1,-1,-1,0,0,0,136,1,1,0,0.0000000,0.0000000,0.0000000,0,0,0,0
756771324512083 D 1476,2183148339,1000,1555,1555,2.3853402,-0.00276,-1,-1,-1,0,0,0,136,1,1,0,0.0000000,0.0000000,0.0000000,0,0,0,0
756771325501000 D 1477,2183149339,1000,1555,1555,2.3853402,-0.00265,-1,-1,-1,0,0,0,136,1,1,0,0.0000000,0.0000000,0.0000000,0,0,0,0
756771326526333 D 1478,2183150339,1000,1555,1555,2.3853402,-0.00255,-1,-1,-1,0,0,0,136,1,1,0,0.0000000,0.0000000,0.0000000,0,0,0,0
756771327315458 D 1479,2183151339,1000,1555,1555,2.3853402,-0.00245,-1,-1,-1,0,0,0,136,1,1,0,0.0000000,0.0000000,0.0000000,0,0,0,0
756771328666291 D 1480,2183152339,1000,1555,1555,2.3853402,-0.00235,39,128,2035,0,0,0,136,1,1,0,0.0000000,0.0000000,0.0000000,0,0,0,0
756771329314416 D 1481,2183153339,1000,1555,1555,2.3853402,-0.00226,-1,-1,-1,0,0,0,136,1,1,0,0.0000000,0.0000000,0.0000000,0,0,0,0
756771330272041 D 1482,2183154339,1000,1555,1555,2.3853402,-0.00217,-1,-1,-1,0,0,0,136,1,1,0,0.0000000,0.0000000,0.0000000,0,0,0,0
756771331283416 D 1483,2183155339,1000,1555,1555,2.3853402,-0.00209,-1,-1,-1,0,0,0,136,1,1,0,0.0000000,0.0000000,0.0000000,0,0,0,0
756771332283291 D 1484,2183156339,1000,1555,1555,2.3853402,-0.00201,-1,-1,-1,0,0,0,136,1,1,0,0.0000000,0.0000000,0.0000000,0,0,0,0
756771333299625 D 1485,2183157339,1000,1555,1555,2.3853402,-0.00193,-1,-1,-1,0,0,0,136,1,1,0,0.0000000,0.0000000,0.0000000,0,0,0,0
756771334326083 D 1486,2183158339,1000,1555,1555,2.3853402,-0.00185,-1,-1,-1,0,0,0,136,1,1,0,0.0000000,0.0000000,0.0000000,0,0,0,0
756771335299291 D 1487,2183159339,1000,1555,1555,2.3853402,-0.00178,-1,-1,-1,0,0,0,136,1,1,0,0.0000000,0.0000000,0.0000000,0,0,0,0
756771336327208 D 1488,2183160339,1000,1555,1555,2.3853402,-0.00171,-1,-1,-1,0,0,0,136,1,1,0,0.0000000,0.0000000,0.0000000,0,0,0,0
756771337292666 D 1489,2183161339,1000,1555,1555,2.3853402,-0.00164,-1,-1,-1,0,0,0,136,1,1,0,0.0000000,0.0000000,0.0000000,0,0,0,0
756771338298666 D 1490,2183162339,1000,1555,1555,2.3853402,-0.00158,-1,-1,-1,0,0,0,136,1,1,0,0.0000000,0.0000000,0.0000000,0,0,0,0
756771339275458 D 1491,2183163339,1000,1555,1555,2.3853402,-0.00152,-1,-1,-1,0,0,0,136,1,1,0,0.0000000,0.0000000,0.0000000,0,0,0,0
756771340266958 D 1492,2183164339,1000,1555,1555,2.3853402,-0.00146,-1,-1,-1,0,0,0,136,1,1,0,0.0000000,0.0000000,0.0000000,0,0,0,0
756771341268333 D 1493,2183165339,1000,1555,1555,2.3853402,-0.00140,-1,-1,-1,0,0,0,136,1,1,0,0.0000000,0.0000000,0.0000000,0,0,0,0
756771342268083 D 1494,2183166339,1000,1555,1555,2.3853402,-0.00134,-1,-1,-1,0,0,0,136,1,1,0,0.0000000,0.0000000,0.0000000,0,0,0,0
756771343267000 D 1495,2183167339,1000,1556,1556,2.3868742,0.05886,-1,-1,-1,0,0,0,136,1,1,0,0.0000000,0.0000000,0.0000000,0,0,0,0
756771344271291 D 1496,2183168339,1000,1555,1555,2.3853402,-0.00360,-1,-1,-1,0,0,0,136,1,1,0,0.0000000,0.0000000,0.0000000,0,0,0,0
756771345265041 D 1497,2183169339,1000,1555,1555,2.3853402,-0.00346,-1,-1,-1,0,0,0,136,1,1,0,0.0000000,0.0000000,0.0000000,0,0,0,0
756771346273916 D 1498,2183170339,1000,1555,1555,2.3853402,-0.00332,-1,-1,-1,0,0,0,136,1,1,0,0.0000000,0.0000000,0.0000000,0,0,0,0
756771347319958 D 1499,2183171339,1000,1555,1555,2.3853402,-0.00319,-1,-1,-1,0,0,0,136,1,1,0,0.0000000,0.0000000,0.0000000,0,0,0,0
756771348285583 D 1500,2183172339,1000,1555,1555,2.3853402,-0.00307,-1,-1,-1,0,0,0,136,1,1,0,0.0000000,0.0000000,0.0000000,0,0,0,0
756771349274625 D 1501,2183173339,1000,1555,1555,2.3853402,-0.00295,-1,-1,-1,0,0,0,136,1,1,0,0.0000000,0.0000000,0.0000000,0,0,0,0
756771350295500 D 1502,2183174339,1000,1555,1555,2.3853402,-0.00283,-1,-1,-1,0,0,0,136,1,1,0,0.0000000,0.0000000,0.0000000,0,0,0,0
756771351287666 D 1503,2183175339,1000,1555,1555,2.3853402,-0.00272,-1,-1,-1,0,0,0,136,1,1,0,0.0000000,0.0000000,0.0000000,0,0,0,0
756771352265791 D 1504,2183176339,1000,1555,1555,2.3853402,-0.00261,-1,-1,-1,0,0,0,136,1,1,0,0.0000000,0.0000000,0.0000000,0,0,0,0
756771353252291 D 1505,2183177339,1000,1555,1555,2.3853402,-0.00251,-1,-1,-1,0,0,0,136,1,1,0,0.0000000,0.0000000,0.0000000,0,0,0,0
756771354252041 D 1506,2183178339,1000,1555,1555,2.3853402,-0.00241,-1,-1,-1,0,0,0,136,1,1,0,0.0000000,0.0000000,0.0000000,0,0,0,0
756771355251916 D 1507,2183179339,1000,1555,1555,2.3853402,-0.00232,-1,-1,-1,0,0,0,136,1,1,0,0.0000000,0.0000000,0.0000000,0,0,0,0
756771356248708 D 1508,2183180339,1000,1555,1555,2.3853402,-0.00223,-1,-1,-1,0,0,0,136,1,1,0,0.0000000,0.0000000,0.0000000,0,0,0,0
756771357265708 D 1509,2183181339,1000,1555,1555,2.3853402,-0.00214,-1,-1,-1,0,0,0,136,1,1,0,0.0000000,0.0000000,0.0000000,0,0,0,0
756771358262500 D 1510,2183182339,1000,1555,1555,2.3853402,-0.00206,-1,-1,-1,0,0,0,136,1,1,0,0.0000000,0.0000000,0.0000000,0,0,0,0
756771359268208 D 1511,2183183339,1000,1556,1556,2.3868742,0.05817,-1,-1,-1,0,0,0,136,1,1,0,0.0000000,0.0000000,0.0000000,0,0,0,0
756771360479875 D 1512,2183184339,1000,1555,1555,2.3853402,-0.00426,-1,-1,-1,0,0,0,136,1,1,0,0.0000000,0.0000000,0.0000000,0,0,0,0
756771361485166 D 1513,2183185339,1000,1555,1555,2.3853402,-0.00409,-1,-1,-1,0,0,0,136,1,1,0,0.0000000,0.0000000,0.0000000,0,0,0,0
756771362433083 D 1514,2183186339,1000,1555,1555,2.3853402,-0.00393,-1,-1,-1,0,0,0,136,1,1,0,0.0000000,0.0000000,0.0000000,0,0,0,0
756771363255416 D 1515,2183187339,1000,1555,1555,2.3853402,-0.00378,-1,-1,-1,0,0,0,136,1,1,0,0.0000000,0.0000000,0.0000000,0,0,0,0
756771364250416 D 1516,2183188339,1000,1555,1555,2.3853402,-0.00363,-1,-1,-1,0,0,0,136,1,1,0,0.0000000,0.0000000,0.0000000,0,0,0,0
756771365248416 D 1517,2183189339,1000,1555,1555,2.3853402,-0.00348,-1,-1,-1,0,0,0,136,1,1,0,0.0000000,0.0000000,0.0000000,0,0,0,0
756771366256541 D 1518,2183190339,1000,1555,1555,2.3853402,-0.00335,-1,-1,-1,0,0,0,136,1,1,0,0.0000000,0.0000000,0.0000000,0,0,0,0
756771367263000 D 1519,2183191339,1000,1555,1555,2.3853402,-0.00322,-1,-1,-1,0,0,0,136,1,1,0,0.0000000,0.0000000,0.0000000,0,0,0,0
756771368254125 D 1520,2183192339,1000,1555,1555,2.3853402,-0.00309,-1,-1,-1,0,0,0,136,1,1,0,0.0000000,0.0000000,0.0000000,0,0,0,0
756771369245750 D 1521,2183193339,1000,1556,1556,2.3868742,0.05718,-1,-1,-1,0,0,0,136,1,1,0,0.0000000,0.0000000,0.0000000,0,0,0,0
756771370255416 D 1522,2183194339,1000,1555,1555,2.3853402,-0.00521,-1,-1,-1,0,0,0,136,1,1,0,0.0000000,0.0000000,0.0000000,0,0,0,0
756771371248916 D 1523,2183195339,1000,1555,1555,2.3853402,-0.00501,-1,-1,-1,0,0,0,136,1,1,0,0.0000000,0.0000000,0.0000000,0,0,0,0
756771372251541 D 1524,2183196339,1000,1555,1555,2.3853402,-0.00481,-1,-1,-1,0,0,0,136,1,1,0,0.0000000,0.0000000,0.0000000,0,0,0,0
756771373255458 D 1525,2183197339,1000,1555,1555,2.3853402,-0.00462,-1,-1,-1,0,0,0,136,1,1,0,0.0000000,0.0000000,0.0000000,0,0,0,0
756771374257791 D 1526,2183198339,1000,1555,1555,2.3853402,-0.00444,-1,-1,-1,0,0,0,136,1,1,0,0.0000000,0.0000000,0.0000000,0,0,0,0
756771375257166 D 1527,2183199339,1000,1555,1555,2.3853402,-0.00427,-1,-1,-1,0,0,0,136,1,1,0,0.0000000,0.0000000,0.0000000,0,0,0,0
756771376258000 D 1528,2183200339,1000,1555,1555,2.3853402,-0.00410,-1,-1,-1,0,0,0,135,1,1,0,0.0000000,0.0000000,0.0000000,0,0,0,0
756771377252125 D 1529,2183201339,1000,1555,1555,2.3853402,-0.00394,-1,-1,-1,0,0,0,136,1,1,0,0.0000000,0.0000000,0.0000000,0,0,0,0
756771378631041 D 1530,2183202339,1000,1555,1555,2.3853402,-0.00378,39,128,2035,0,0,0,136,1,1,0,0.0000000,0.0000000,0.0000000,0,0,0,0
756771379237458 D 1531,2183203339,1000,1555,1555,2.3853402,-0.00364,-1,-1,-1,0,0,0,136,1,1,0,0.0000000,0.0000000,0.0000000,0,0,0,0
756771380486333 D 1532,2183204339,1000,1555,1555,2.3853402,-0.00349,-1,-1,-1,0,0,0,136,1,1,0,0.0000000,0.0000000,0.0000000,0,0,0,0
756771381498708 D 1533,2183205339,1000,1555,1555,2.3853402,-0.00336,-1,-1,-1,0,0,0,136,1,1,0,0.0000000,0.0000000,0.0000000,0,0,0,0
756771382360250 D 1534,2183206339,1000,1555,1555,2.3853402,-0.00322,-1,-1,-1,0,0,0,136,1,1,0,0.0000000,0.0000000,0.0000000,0,0,0,0
756771383265875 D 1535,2183207339,1000,1555,1555,2.3853402,-0.00310,-1,-1,-1,0,0,0,136,1,1,0,0.0000000,0.0000000,0.0000000,0,0,0,0
756771384274791 D 1536,2183208339,1000,1555,1555,2.3853402,-0.00298,-1,-1,-1,0,0,0,136,1,1,0,0.0000000,0.0000000,0.0000000,0,0,0,0
756771385262500 D 1537,2183209339,1000,1555,1555,2.3853402,-0.00286,-1,-1,-1,0,0,0,136,1,1,0,0.0000000,0.0000000,0.0000000,0,0,0,0
756771386255208 D 1538,2183210339,1000,1555,1555,2.3853402,-0.00275,-1,-1,-1,0,0,0,136,1,1,0,0.0000000,0.0000000,0.0000000,0,0,0,0
756771387264875 D 1539,2183211339,1000,1555,1555,2.3853402,-0.00264,-1,-1,-1,0,0,0,136,1,1,0,0.0000000,0.0000000,0.0000000,0,0,0,0
756771388299916 D 1540,2183212339,1000,1555,1555,2.3853402,-0.00254,-1,-1,-1,0,0,0,136,1,1,0,0.0000000,0.0000000,0.0000000,0,0,0,0
756771389275541 D 1541,2183213339,1000,1555,1555,2.3853402,-0.00244,-1,-1,-1,0,0,0,136,1,1,0,0.0000000,0.0000000,0.0000000,0,0,0,0
756771390262750 D 1542,2183214339,1000,1556,1556,2.3868742,0.05781,-1,-1,-1,0,0,0,136,1,1,0,0.0000000,0.0000000,0.0000000,0,0,0,0
756771391259791 D 1543,2183215339,1000,1555,1555,2.3853402,-0.00461,-1,-1,-1,0,0,0,136,1,1,0,0.0000000,0.0000000,0.0000000,0,0,0,0
756771392289708 D 1544,2183216339,1000,1555,1555,2.3853402,-0.00443,-1,-1,-1,0,0,0,136,1,1,0,0.0000000,0.0000000,0.0000000,0,0,0,0
756771393256375 D 1545,2183217339,1000,1555,1555,2.3853402,-0.00425,-1,-1,-1,0,0,0,136,1,1,0,0.0000000,0.0000000,0.0000000,0,0,0,0
756771394261708 D 1546,2183218339,1000,1555,1555,2.3853402,-0.00409,-1,-1,-1,0,0,0,136,1,1,0,0.0000000,0.0000000,0.0000000,0,0,0,0
756771395253041 D 1547,2183219339,1000,1555,1555,2.3853402,-0.00393,-1,-1,-1,0,0,0,136,1,1,0,0.0000000,0.0000000,0.0000000,0,0,0,0
756771396255333 D 1548,2183220339,1000,1555,1555,2.3853402,-0.00377,-1,-1,-1,0,0,0,136,1,1,0,0.0000000,0.0000000,0.0000000,0,0,0,0
756771397250041 D 1549,2183221339,1000,1555,1555,2.3853402,-0.00363,-1,-1,-1,0,0,0,135,1,1,0,0.0000000,0.0000000,0.0000000,0,0,0,0
756771398260458 D 1550,2183222339,1000,1555,1555,2.3853402,-0.00348,-1,-1,-1,0,0,0,136,1,1,0,0.0000000,0.0000000,0.0000000,0,0,0,0
756771399249166 D 1551,2183223339,1000,1555,1555,2.3853402,-0.00335,-1,-1,-1,0,0,0,136,1,1,0,0.0000000,0.0000000,0.0000000,0,0,0,0
756771400249750 D 1552,2183224339,1000,1555,1555,2.3853402,-0.00322,-1,-1,-1,0,0,0,136,1,1,0,0.0000000,0.0000000,0.0000000,0,0,0,0
756771401247916 D 1553,2183225339,1000,1555,1555,2.3853402,-0.00309,-1,-1,-1,0,0,0,136,1,1,0,0.0000000,0.0000000,0.0000000,0,0,0,0
756771402249958 D 1554,2183226339,1000,1555,1555,2.3853402,-0.00297,-1,-1,-1,0,0,0,136,1,1,0,0.0000000,0.0000000,0.0000000,0,0,0,0
756771403248000 D 1555,2183227339,1000,1555,1555,2.3853402,-0.00285,-1,-1,-1,0,0,0,136,1,1,0,0.0000000,0.0000000,0.0000000,0,0,0,0
756771404241333 D 1556,2183228339,1000,1555,1555,2.3853402,-0.00274,-1,-1,-1,0,0,0,136,1,1,0,0.0000000,0.0000000,0.0000000,0,0,0,0
756771405479041 D 1557,2183229339,1000,1555,1555,2.3853402,-0.00263,-1,-1,-1,0,0,0,136,1,1,0,0.0000000,0.0000000,0.0000000,0,0,0,0
756771406494958 D 1558,2183230339,1000,1555,1555,2.3853402,-0.00253,-1,-1,-1,0,0,0,136,1,1,0,0.0000000,0.0000000,0.0000000,0,0,0,0
756771407484083 D 1559,2183231339,1000,1555,1555,2.3853402,-0.00243,-1,-1,-1,0,0,0,136,1,1,0,0.0000000,0.0000000,0.0000000,0,0,0,0
756771408278166 D 1560,2183232339,1000,1555,1555,2.3853402,-0.00233,-1,-1,-1,0,0,0,136,1,1,0,0.0000000,0.0000000,0.0000000,0,0,0,0
756771409250000 D 1561,2183233339,1000,1555,1555,2.3853402,-0.00224,-1,-1,-1,0,0,0,136,1,1,0,0.0000000,0.0000000,0.0000000,0,0,0,0
756771410247666 D 1562,2183234339,1000,1555,1555,2.3853402,-0.00216,-1,-1,-1,0,0,0,136,1,1,0,0.0000000,0.0000000,0.0000000,0,0,0,0
756771411259625 D 1563,2183235339,1000,1555,1555,2.3853402,-0.00207,-1,-1,-1,0,0,0,136,1,1,0,0.0000000,0.0000000,0.0000000,0,0,0,0
756771412253083 D 1564,2183236339,1000,1555,1555,2.3853402,-0.00199,-1,-1,-1,0,0,0,136,1,1,0,0.0000000,0.0000000,0.0000000,0,0,0,0
756771413256250 D 1565,2183237339,1000,1555,1555,2.3853402,-0.00191,-1,-1,-1,0,0,0,136,1,1,0,0.0000000,0.0000000,0.0000000,0,0,0,0
756771414246041 D 1566,2183238339,1000,1555,1555,2.3853402,-0.00184,-1,-1,-1,0,0,0,136,1,1,0,0.0000000,0.0000000,0.0000000,0,0,0,0
756771415246833 D 1567,2183239339,1000,1555,1555,2.3853402,-0.00176,-1,-1,-1,0,0,0,136,1,1,0,0.0000000,0.0000000,0.0000000,0,0,0,0
756771416249083 D 1568,2183240339,1000,1555,1555,2.3853402,-0.00170,-1,-1,-1,0,0,0,136,1,1,0,0.0000000,0.0000000,0.0000000,0,0,0,0
756771417251708 D 1569,2183241339,1000,1555,1555,2.3853402,-0.00163,-1,-1,-1,0,0,0,136,1,1,0,0.0000000,0.0000000,0.0000000,0,0,0,0
756771418243708 D 1570,2183242339,1000,1555,1555,2.3853402,-0.00156,-1,-1,-1,0,0,0,135,1,1,0,0.0000000,0.0000000,0.0000000,0,0,0,0
756771419247375 D 1571,2183243339,1000,1555,1555,2.3853402,-0.00150,-1,-1,-1,0,0,0,136,1,1,0,0.0000000,0.0000000,0.0000000,0,0,0,0
756771420246875 D 1572,2183244339,1000,1556,1556,2.3868742,0.05870,-1,-1,-1,0,0,0,136,1,1,0,0.0000000,0.0000000,0.0000000,0,0,0,0
756771421251958 D 1573,2183245339,1000,1555,1555,2.3853402,-0.00375,-1,-1,-1,0,0,0,136,1,1,0,0.0000000,0.0000000,0.0000000,0,0,0,0
756771422256916 D 1574,2183246339,1000,1555,1555,2.3853402,-0.00360,-1,-1,-1,0,0,0,136,1,1,0,0.0000000,0.0000000,0.0000000,0,0,0,0
756771423252916 D 1575,2183247339,1000,1555,1555,2.3853402,-0.00346,-1,-1,-1,0,0,0,136,1,1,0,0.0000000,0.0000000,0.0000000,0,0,0,0
756771424251958 D 1576,2183248339,1000,1555,1555,2.3853402,-0.00332,-1,-1,-1,0,0,0,136,1,1,0,0.0000000,0.0000000,0.0000000,0,0,0,0
756771425251500 D 1577,2183249339,1000,1555,1555,2.3853402,-0.00319,-1,-1,-1,0,0,0,136,1,1,0,0.0000000,0.0000000,0.0000000,0,0,0,0
756771426250208 D 1578,2183250339,1000,1555,1555,2.3853402,-0.00307,-1,-1,-1,0,0,0,136,1,1,0,0.0000000,0.0000000,0.0000000,0,0,0,0
756771427254625 D 1579,2183251339,1000,1555,1555,2.3853402,-0.00295,-1,-1,-1,0,0,0,136,1,1,0,0.0000000,0.0000000,0.0000000,0,0,0,0
756771428720666 D 1580,2183252339,1000,1555,1555,2.3853402,-0.00283,39,128,2035,0,0,0,136,1,1,0,0.0000000,0.0000000,0.0000000,0,0,0,0
756771429354666 D 1581,2183253339,1000,1555,1555,2.3853402,-0.00272,-1,-1,-1,0,0,0,136,1,1,0,0.0000000,0.0000000,0.0000000,0,0,0,0
756771430253166 D 1582,2183254339,1000,1555,1555,2.3853402,-0.00261,-1,-1,-1,0,0,0,136,1,1,0,0.0000000,0.0000000,0.0000000,0,0,0,0
756771431248333 D 1583,2183255339,1000,1555,1555,2.3853402,-0.00251,-1,-1,-1,0,0,0,136,1,1,0,0.0000000,0.0000000,0.0000000,0,0,0,0
756771432258541 D 1584,2183256339,1000,1555,1555,2.3853402,-0.00241,-1,-1,-1,0,0,0,136,1,1,0,0.0000000,0.0000000,0.0000000,0,0,0,0
756771433265083 D 1585,2183257339,1000,1555,1555,2.3853402,-0.00232,-1,-1,-1,0,0,0,136,1,1,0,0.0000000,0.0000000,0.0000000,0,0,0,0
756771434262625 D 1586,2183258339,1000,1555,1555,2.3853402,-0.00223,-1,-1,-1,0,0,0,136,1,1,0,0.0000000,0.0000000,0.0000000,0,0,0,0
756771435482166 D 1587,2183259339,1000,1555,1555,2.3853402,-0.00214,-1,-1,-1,0,0,0,136,1,1,0,0.0000000,0.0000000,0.0000000,0,0,0,0
756771436470833 D 1588,2183260339,1000,1555,1555,2.3853402,-0.00206,-1,-1,-1,0,0,0,136,1,1,0,0.0000000,0.0000000,0.0000000,0,0,0,0
756771437423291 D 1589,2183261339,1000,1555,1555,2.3853402,-0.00198,-1,-1,-1,0,0,0,136,1,1,0,0.0000000,0.0000000,0.0000000,0,0,0,0
756771438249458 D 1590,2183262339,1000,1555,1555,2.3853402,-0.00190,-1,-1,-1,0,0,0,136,1,1,0,0.0000000,0.0000000,0.0000000,0,0,0,0
756771439254833 D 1591,2183263339,1000,1555,1555,2.3853402,-0.00182,-1,-1,-1,0,0,0,136,1,1,0,0.0000000,0.0000000,0.0000000,0,0,0,0
756771440245958 D 1592,2183264339,1000,1555,1555,2.3853402,-0.00175,-1,-1,-1,0,0,0,136,1,1,0,0.0000000,0.0000000,0.0000000,0,0,0,0
756771441249125 D 1593,2183265339,1000,1555,1555,2.3853402,-0.00168,-1,-1,-1,0,0,0,136,1,1,0,0.0000000,0.0000000,0.0000000,0,0,0,0
756771442247250 D 1594,2183266339,1000,1555,1555,2.3853402,-0.00162,-1,-1,-1,0,0,0,136,1,1,0,0.0000000,0.0000000,0.0000000,0,0,0,0
756771443248583 D 1595,2183267339,1000,1555,1555,2.3853402,-0.00155,-1,-1,-1,0,0,0,136,1,1,0,0.0000000,0.0000000,0.0000000,0,0,0,0
756771444263791 D 1596,2183268339,1000,1555,1555,2.3853402,-0.00149,-1,-1,-1,0,0,0,136,1,1,0,0.0000000,0.0000000,0.0000000,0,0,0,0
756771445247458 D 1597,2183269339,1000,1555,1555,2.3853402,-0.00143,-1,-1,-1,0,0,0,136,1,1,0,0.0000000,0.0000000,0.0000000,0,0,0,0
756771446252083 D 1598,2183270339,1000,1555,1555,2.3853402,-0.00138,-1,-1,-1,0,0,0,135,1,1,0,0.0000000,0.0000000,0.0000000,0,0,0,0
756771447265833 D 1599,2183271339,1000,1555,1555,2.3853402,-0.00132,-1,-1,-1,0,0,0,136,1,1,0,0.0000000,0.0000000,0.0000000,0,0,0,0
756771448240750 D 1600,2183272339,1000,1555,1555,2.3853402,-0.00127,-1,-1,-1,0,0,0,136,1,1,0,0.0000000,0.0000000,0.0000000,0,0,0,0
756771449255500 D 1601,2183273339,1000,1555,1555,2.3853402,-0.00122,-1,-1,-1,0,0,0,136,1,1,0,0.0000000,0.0000000,0.0000000,0,0,0,0
756771450266875 D 1602,2183274339,1000,1555,1555,2.3853402,-0.00117,-1,-1,-1,0,0,0,136,1,1,0,0.0000000,0.0000000,0.0000000,0,0,0,0
756771451483666 D 1603,2183275339,1000,1555,1555,2.3853402,-0.00113,-1,-1,-1,0,0,0,136,1,1,0,0.0000000,0.0000000,0.0000000,0,0,0,0
756771452472166 D 1604,2183276339,1000,1555,1555,2.3853402,-0.00108,-1,-1,-1,0,0,0,136,1,1,0,0.0000000,0.0000000,0.0000000,0,0,0,0
756771453364708 D 1605,2183277339,1000,1555,1555,2.3853402,-0.00104,-1,-1,-1,0,0,0,136,1,1,0,0.0000000,0.0000000,0.0000000,0,0,0,0
756771454258250 D 1606,2183278339,1000,1555,1555,2.3853402,-0.00100,-1,-1,-1,0,0,0,136,1,1,0,0.0000000,0.0000000,0.0000000,0,0,0,0
756771455255541 D 1607,2183279339,1000,1555,1555,2.3853402,-0.00096,-1,-1,-1,0,0,0,136,1,1,0,0.0000000,0.0000000,0.0000000,0,0,0,0
756771456254458 D 1608,2183280339,1000,1555,1555,2.3853402,-0.00092,-1,-1,-1,0,0,0,136,1,1,0,0.0000000,0.0000000,0.0000000,0,0,0,0
756771457240500 D 1609,2183281339,1000,1556,1556,2.3868742,0.05926,-1,-1,-1,0,0,0,136,1,1,0,0.0000000,0.0000000,0.0000000,0,0,0,0
756771458245208 D 1610,2183282339,1000,1555,1555,2.3853402,-0.00321,-1,-1,-1,0,0,0,136,1,1,0,0.0000000,0.0000000,0.0000000,0,0,0,0
756771459251666 D 1611,2183283339,1000,1556,1556,2.3868742,0.05706,-1,-1,-1,0,0,0,136,1,1,0,0.0000000,0.0000000,0.0000000,0,0,0,0
756771460253666 D 1612,2183284339,1000,1555,1555,2.3853402,-0.00532,-1,-1,-1,0,0,0,135,1,1,0,0.0000000,0.0000000,0.0000000,0,0,0,0
756771461254625 D 1613,2183285339,1000,1555,1555,2.3853402,-0.00511,-1,-1,-1,0,0,0,136,1,1,0,0.0000000,0.0000000,0.0000000,0,0,0,0
756771462250250 D 1614,2183286339,1000,1555,1555,2.3853402,-0.00491,-1,-1,-1,0,0,0,136,1,1,0,0.0000000,0.0000000,0.0000000,0,0,0,0
756771463249708 D 1615,2183287339,1000,1555,1555,2.3853402,-0.00472,-1,-1,-1,0,0,0,136,1,1,0,0.0000000,0.0000000,0.0000000,0,0,0,0
756771464249208 D 1616,2183288339,1000,1555,1555,2.3853402,-0.00454,-1,-1,-1,0,0,0,136,1,1,0,0.0000000,0.0000000,0.0000000,0,0,0,0
756771465248875 D 1617,2183289339,1000,1555,1555,2.3853402,-0.00436,-1,-1,-1,0,0,0,136,1,1,0,0.0000000,0.0000000,0.0000000,0,0,0,0
756771466474833 D 1618,2183290339,1000,1555,1555,2.3853402,-0.00419,-1,-1,-1,0,0,0,136,1,1,0,0.0000000,0.0000000,0.0000000,0,0,0,0
756771467481208 D 1619,2183291339,1000,1555,1555,2.3853402,-0.00402,-1,-1,-1,0,0,0,135,1,1,0,0.0000000,0.0000000,0.0000000,0,0,0,0
756771468470708 D 1620,2183292339,1000,1555,1555,2.3853402,-0.00387,-1,-1,-1,0,0,0,136,1,1,0,0.0000000,0.0000000,0.0000000,0,0,0,0
756771469309083 D 1621,2183293339,1000,1555,1555,2.3853402,-0.00371,-1,-1,-1,0,0,0,136,1,1,0,0.0000000,0.0000000,0.0000000,0,0,0,0
756771470240833 D 1622,2183294339,1000,1555,1555,2.3853402,-0.00357,-1,-1,-1,0,0,0,136,1,1,0,0.0000000,0.0000000,0.0000000,0,0,0,0
756771471260000 D 1623,2183295339,1000,1555,1555,2.3853402,-0.00343,-1,-1,-1,0,0,0,136,1,1,0,0.0000000,0.0000000,0.0000000,0,0,0,0
756771472251708 D 1624,2183296339,1000,1556,1556,2.3868742,0.05685,-1,-1,-1,0,0,0,136,1,1,0,0.0000000,0.0000000,0.0000000,0,0,0,0
756771473283875 D 1625,2183297339,1000,1555,1555,2.3853402,-0.00552,-1,-1,-1,0,0,0,136,1,1,0,0.0000000,0.0000000,0.0000000,0,0,0,0
756771474321458 D 1626,2183298339,1000,1555,1555,2.3853402,-0.00531,-1,-1,-1,0,0,0,136,1,1,0,0.0000000,0.0000000,0.0000000,0,0,0,0
756771475266875 D 1627,2183299339,1000,1555,1555,2.3853402,-0.00510,-1,-1,-1,0,0,0,136,1,1,0,0.0000000,0.0000000,0.0000000,0,0,0,0
756771476257375 D 1628,2183300339,1000,1555,1555,2.3853402,-0.00490,-1,-1,-1,0,0,0,136,1,1,0,0.0000000,0.0000000,0.0000000,0,0,0,0
756771477282250 D 1629,2183301339,1000,1555,1555,2.3853402,-0.00471,-1,-1,-1,0,0,0,136,1,1,0,0.0000000,0.0000000,0.0000000,0,0,0,0
756771478692000 D 1630,2183302339,1000,1555,1555,2.3853402,-0.00452,39,128,2035,0,0,0,136,1,1,0,0.0000000,0.0000000,0.0000000,0,0,0,0
756771479303708 D 1631,2183303339,1000,1555,1555,2.3853402,-0.00434,-1,-1,-1,0,0,0,136,1,1,0,0.0000000,0.0000000,0.0000000,0,0,0,0
756771480264041 D 1632,2183304339,1000,1555,1555,2.3853402,-0.00417,-1,-1,-1,0,0,0,136,1,1,0,0.0000000,0.0000000,0.0000000,0,0,0,0
756771481266208 D 1633,2183305339,1000,1555,1555,2.3853402,-0.00401,-1,-1,-1,0,0,0,136,1,1,0,0.0000000,0.0000000,0.0000000,0,0,0,0
756771482578375 D 1634,2183306339,1000,1555,1555,2.3853402,-0.00385,-1,-1,-1,0,0,0,136,1,1,0,0.0000000,0.0000000,0.0000000,0,0,0,0
756771483340625 D 1635,2183307339,1000,1555,1555,2.3853402,-0.00370,-1,-1,-1,0,0,0,136,1,1,0,0.0000000,0.0000000,0.0000000,0,0,0,0
756771484506666 D 1636,2183308339,1000,1555,1555,2.3853402,-0.00356,-1,-1,-1,0,0,0,136,1,1,0,0.0000000,0.0000000,0.0000000,0,0,0,0
756771485475083 D 1637,2183309339,1000,1555,1555,2.3853402,-0.00342,-1,-1,-1,0,0,0,136,1,1,0,0.0000000,0.0000000,0.0000000,0,0,0,0
756771486480750 D 1638,2183310339,1000,1555,1555,2.3853402,-0.00328,-1,-1,-1,0,0,0,136,1,1,0,0.0000000,0.0000000,0.0000000,0,0,0,0
756771487273833 D 1639,2183311339,1000,1555,1555,2.3853402,-0.00315,-1,-1,-1,0,0,0,136,1,1,0,0.0000000,0.0000000,0.0000000,0,0,0,0
756771488259708 D 1640,2183312339,1000,1555,1555,2.3853402,-0.00303,-1,-1,-1,0,0,0,136,1,1,0,0.0000000,0.0000000,0.0000000,0,0,0,0
756771489250041 D 1641,2183313339,1000,1556,1556,2.3868742,0.05724,-1,-1,-1,0,0,0,136,1,1,0,0.0000000,0.0000000,0.0000000,0,0,0,0
756771490266666 D 1642,2183314339,1000,1555,1555,2.3853402,-0.00516,-1,-1,-1,0,0,0,136,1,1,0,0.0000000,0.0000000,0.0000000,0,0,0,0
756771491248041 D 1643,2183315339,1000,1555,1555,2.3853402,-0.00495,-1,-1,-1,0,0,0,136,1,1,0,0.0000000,0.0000000,0.0000000,0,0,0,0
756771492284250 D 1644,2183316339,1000,1555,1555,2.3853402,-0.00476,-1,-1,-1,0,0,0,136,1,1,0,0.0000000,0.0000000,0.0000000,0,0,0,0
756771493252958 D 1645,2183317339,1000,1555,1555,2.3853402,-0.00457,-1,-1,-1,0,0,0,136,1,1,0,0.0000000,0.0000000,0.0000000,0,0,0,0
756771494253250 D 1646,2183318339,1000,1555,1555,2.3853402,-0.00439,-1,-1,-1,0,0,0,136,1,1,0,0.0000000,0.0000000,0.0000000,0,0,0,0
756771495253791 D 1647,2183319339,1000,1555,1555,2.3853402,-0.00422,-1,-1,-1,0,0,0,136,1,1,0,0.0000000,0.0000000,0.0000000,0,0,0,0
756771496253166 D 1648,2183320339,1000,1555,1555,2.3853402,-0.00406,-1,-1,-1,0,0,0,136,1,1,0,0.0000000,0.0000000,0.0000000,0,0,0,0
756771497253083 D 1649,2183321339,1000,1555,1555,2.3853402,-0.00390,-1,-1,-1,0,0,0,136,1,1,0,0.0000000,0.0000000,0.0000000,0,0,0,0
756771498249750 D 1650,2183322339,1000,1555,1555,2.3853402,-0.00374,-1,-1,-1,0,0,0,136,1,1,0,0.0000000,0.0000000,0.0000000,0,0,0,0
756771499251166 D 1651,2183323339,1000,1555,1555,2.3853402,-0.00360,-1,-1,-1,0,0,0,136,1,1,0,0.0000000,0.0000000,0.0000000,0,0,0,0
756771500251916 D 1652,2183324339,1000,1555,1555,2.3853402,-0.00346,-1,-1,-1,0,0,0,136,1,1,0,0.0000000,0.0000000,0.0000000,0,0,0,0
756771501244333 D 1653,2183325339,1000,1555,1555,2.3853402,-0.00332,-1,-1,-1,0,0,0,136,1,1,0,0.0000000,0.0000000,0.0000000,0,0,0,0
756771502258708 D 1654,2183326339,1000,1555,1555,2.3853402,-0.00319,-1,-1,-1,0,0,0,136,1,1,0,0.0000000,0.0000000,0.0000000,0,0,0,0
756771503263791 D 1655,2183327339,1000,1555,1555,2.3853402,-0.00307,-1,-1,-1,0,0,0,136,1,1,0,0.0000000,0.0000000,0.0000000,0,0,0,0
756771504260625 D 1656,2183328339,1000,1555,1555,2.3853402,-0.00295,-1,-1,-1,0,0,0,136,1,1,0,0.0000000,0.0000000,0.0000000,0,0,0,0
756771505272541 D 1657,2183329339,1000,1555,1555,2.3853402,-0.00283,-1,-1,-1,0,0,0,136,1,1,0,0.0000000,0.0000000,0.0000000,0,0,0,0
756771506267625 D 1658,2183330339,1000,1555,1555,2.3853402,-0.00272,-1,-1,-1,0,0,0,136,1,1,0,0.0000000,0.0000000,0.0000000,0,0,0,0
756771507260958 D 1659,2183331339,1000,1555,1555,2.3853402,-0.00261,-1,-1,-1,0,0,0,136,1,1,0,0.0000000,0.0000000,0.0000000,0,0,0,0
756771508266083 D 1660,2183332339,1000,1555,1555,2.3853402,-0.00251,-1,-1,-1,0,0,0,136,1,1,0,0.0000000,0.0000000,0.0000000,0,0,0,0
756771509258625 D 1661,2183333339,1000,1555,1555,2.3853402,-0.00241,-1,-1,-1,0,0,0,135,1,1,0,0.0000000,0.0000000,0.0000000,0,0,0,0
756771510255291 D 1662,2183334339,1000,1555,1555,2.3853402,-0.00232,-1,-1,-1,0,0,0,136,1,1,0,0.0000000,0.0000000,0.0000000,0,0,0,0
756771511263833 D 1663,2183335339,1000,1555,1555,2.3853402,-0.00223,-1,-1,-1,0,0,0,136,1,1,0,0.0000000,0.0000000,0.0000000,0,0,0,0
756771512267875 D 1664,2183336339,1000,1555,1555,2.3853402,-0.00214,-1,-1,-1,0,0,0,136,1,1,0,0.0000000,0.0000000,0.0000000,0,0,0,0
756771513239958 D 1665,2183337339,1000,1556,1556,2.3868742,0.05809,-1,-1,-1,0,0,0,136,1,1,0,0.0000000,0.0000000,0.0000000,0,0,0,0
756771514261000 D 1666,2183338339,1000,1556,1556,2.3868742,0.05582,-1,-1,-1,0,0,0,136,1,1,0,0.0000000,0.0000000,0.0000000,0,0,0,0
756771515266666 D 1667,2183339339,1000,1555,1555,2.3853402,-0.00652,-1,-1,-1,0,0,0,136,1,1,0,0.0000000,0.0000000,0.0000000,0,0,0,0
756771516480250 D 1668,2183340339,1000,1555,1555,2.3853402,-0.00627,-1,-1,-1,0,0,0,136,1,1,0,0.0000000,0.0000000,0.0000000,0,0,0,0
756771517473583 D 1669,2183341339,1000,1555,1555,2.3853402,-0.00602,-1,-1,-1,0,0,0,136,1,1,0,0.0000000,0.0000000,0.0000000,0,0,0,0
756771518483333 D 1670,2183342339,1000,1555,1555,2.3853402,-0.00578,-1,-1,-1,0,0,0,136,1,1,0,0.0000000,0.0000000,0.0000000,0,0,0,0
756771519479083 D 1671,2183343339,1000,1555,1555,2.3853402,-0.00556,-1,-1,-1,0,0,0,136,1,1,0,0.0000000,0.0000000,0.0000000,0,0,0,0
756771520402875 D 1672,2183344339,1000,1555,1555,2.3853402,-0.00534,-1,-1,-1,0,0,0,136,1,1,0,0.0000000,0.0000000,0.0000000,0,0,0,0
756771521255583 D 1673,2183345339,1000,1555,1555,2.3853402,-0.00513,-1,-1,-1,0,0,0,136,1,1,0,0.0000000,0.0000000,0.0000000,0,0,0,0
756771522256000 D 1674,2183346339,1000,1555,1555,2.3853402,-0.00493,-1,-1,-1,0,0,0,136,1,1,0,0.0000000,0.0000000,0.0000000,0,0,0,0
756771523252708 D 1675,2183347339,1000,1555,1555,2.3853402,-0.00474,-1,-1,-1,0,0,0,136,1,1,0,0.0000000,0.0000000,0.0000000,0,0,0,0
756771524488958 D 1676,2183348339,1000,1555,1555,2.3853402,-0.00455,-1,-1,-1,0,0,0,136,1,1,0,0.0000000,0.0000000,0.0000000,0,0,0,0
756771525475916 D 1677,2183349339,1000,1555,1555,2.3853402,-0.00437,-1,-1,-1,0,0,0,136,1,1,0,0.0000000,0.0000000,0.0000000,0,0,0,0
756771526374708 D 1678,2183350339,1000,1555,1555,2.3853402,-0.00420,-1,-1,-1,0,0,0,136,1,1,0,0.0000000,0.0000000,0.0000000,0,0,0,0
756771527246875 D 1679,2183351339,1000,1555,1555,2.3853402,-0.00404,-1,-1,-1,0,0,0,136,1,1,0,0.0000000,0.0000000,0.0000000,0,0,0,0
756771528633375 D 1680,2183352339,1000,1555,1555,2.3853402,-0.00388,39,128,2035,0,0,0,136,1,1,0,0.0000000,0.0000000,0.0000000,0,0,0,0
756771529238291 D 1681,2183353339,1000,1555,1555,2.3853402,-0.00373,-1,-1,-1,0,0,0,136,1,1,0,0.0000000,0.0000000,0.0000000,0,0,0,0
756771530254958 D 1682,2183354339,1000,1555,1555,2.3853402,-0.00358,-1,-1,-1,0,0,0,135,1,1,0,0.0000000,0.0000000,0.0000000,0,0,0,0
756771531249541 D 1683,2183355339,1000,1555,1555,2.3853402,-0.00344,-1,-1,-1,0,0,0,136,1,1,0,0.0000000,0.0000000,0.0000000,0,0,0,0
756771532473833 D 1684,2183356339,1000,1555,1555,2.3853402,-0.00330,-1,-1,-1,0,0,0,136,1,1,0,0.0000000,0.0000000,0.0000000,0,0,0,0
756771533462250 D 1685,2183357339,1000,1555,1555,2.3853402,-0.00317,-1,-1,-1,0,0,0,136,1,1,0,0.0000000,0.0000000,0.0000000,0,0,0,0
756771534465333 D 1686,2183358339,1000,1555,1555,2.3853402,-0.00305,-1,-1,-1,0,0,0,136,1,1,0,0.0000000,0.0000000,0.0000000,0,0,0,0
756771535482208 D 1687,2183359339,1000,1555,1555,2.3853402,-0.00293,-1,-1,-1,0,0,0,136,1,1,0,0.0000000,0.0000000,0.0000000,0,0,0,0
756771536343625 D 1688,2183360339,1000,1555,1555,2.3853402,-0.00282,-1,-1,-1,0,0,0,136,1,1,0,0.0000000,0.0000000,0.0000000,0,0,0,0
756771537256958 D 1689,2183361339,1000,1555,1555,2.3853402,-0.00270,-1,-1,-1,0,0,0,136,1,1,0,0.0000000,0.0000000,0.0000000,0,0,0,0
756771538293416 D 1690,2183362339,1000,1555,1555,2.3853402,-0.00260,-1,-1,-1,0,0,0,136,1,1,0,0.0000000,0.0000000,0.0000000,0,0,0,0
756771539261583 D 1691,2183363339,1000,1555,1555,2.3853402,-0.00250,-1,-1,-1,0,0,0,136,1,1,0,0.0000000,0.0000000,0.0000000,0,0,0,0
756771540260708 D 1692,2183364339,1000,1555,1555,2.3853402,-0.00240,-1,-1,-1,0,0,0,136,1,1,0,0.0000000,0.0000000,0.0000000,0,0,0,0
756771541246625 D 1693,2183365339,1000,1556,1556,2.3868742,0.05784,-1,-1,-1,0,0,0,136,1,1,0,0.0000000,0.0000000,0.0000000,0,0,0,0
756771542273625 D 1694,2183366339,1000,1555,1555,2.3853402,-0.00457,-1,-1,-1,0,0,0,136,1,1,0,0.0000000,0.0000000,0.0000000,0,0,0,0
756771543262875 D 1695,2183367339,1000,1555,1555,2.3853402,-0.00439,-1,-1,-1,0,0,0,136,1,1,0,0.0000000,0.0000000,0.0000000,0,0,0,0
756771544263708 D 1696,2183368339,1000,1555,1555,2.3853402,-0.00422,-1,-1,-1,0,0,0,136,1,1,0,0.0000000,0.0000000,0.0000000,0,0,0,0
756771545257958 D 1697,2183369339,1000,1555,1555,2.3853402,-0.00406,-1,-1,-1,0,0,0,136,1,1,0,0.0000000,0.0000000,0.0000000,0,0,0,0
756771546258541 D 1698,2183370339,1000,1555,1555,2.3853402,-0.00390,-1,-1,-1,0,0,0,136,1,1,0,0.0000000,0.0000000,0.0000000,0,0,0,0
756771547267375 D 1699,2183371339,1000,1555,1555,2.3853402,-0.00374,-1,-1,-1,0,0,0,136,1,1,0,0.0000000,0.0000000,0.0000000,0,0,0,0
756771548263791 D 1700,2183372339,1000,1556,1556,2.3868742,0.05655,-1,-1,-1,0,0,0,136,1,1,0,0.0000000,0.0000000,0.0000000,0,0,0,0
756771549261958 D 1701,2183373339,1000,1555,1555,2.3853402,-0.00581,-1,-1,-1,0,0,0,136,1,1,0,0.0000000,0.0000000,0.0000000,0,0,0,0
756771550264750 D 1702,2183374339,1000,1555,1555,2.3853402,-0.00559,-1,-1,-1,0,0,0,136,1,1,0,0.0000000,0.0000000,0.0000000,0,0,0,0
756771551279583 D 1703,2183375339,1000,1556,1556,2.3868742,0.05478,-1,-1,-1,0,0,0,136,1,1,0,0.0000000,0.0000000,0.0000000,0,0,0,0
756771552258583 D 1704,2183376339,1000,1555,1555,2.3853402,-0.00752,-1,-1,-1,0,0,0,136,1,1,0,0.0000000,0.0000000,0.0000000,0,0,0,0
756771553270666 D 1705,2183377339,1000,1555,1555,2.3853402,-0.00722,-1,-1,-1,0,0,0,136,1,1,0,0.0000000,0.0000000,0.0000000,0,0,0,0
756771554281875 D 1706,2183378339,1000,1556,1556,2.3868742,0.05321,-1,-1,-1,0,0,0,136,1,1,0,0.0000000,0.0000000,0.0000000,0,0,0,0
756771555261958 D 1707,2183379339,1000,1555,1555,2.3853402,-0.00902,-1,-1,-1,0,0,0,136,1,1,0,0.0000000,0.0000000,0.0000000,0,0,0,0
756771556251500 D 1708,2183380339,1000,1555,1555,2.3853402,-0.00867,-1,-1,-1,0,0,0,136,1,1,0,0.0000000,0.0000000,0.0000000,0,0,0,0
756771557271916 D 1709,2183381339,1000,1555,1555,2.3853402,-0.00833,-1,-1,-1,0,0,0,136,1,1,0,0.0000000,0.0000000,0.0000000,0,0,0,0
756771558260708 D 1710,2183382339,1000,1555,1555,2.3853402,-0.00800,-1,-1,-1,0,0,0,136,1,1,0,0.0000000,0.0000000,0.0000000,0,0,0,0
756771559258250 D 1711,2183383339,1000,1555,1555,2.3853402,-0.00769,-1,-1,-1,0,0,0,136,1,1,0,0.0000000,0.0000000,0.0000000,0,0,0,0
756771560258291 D 1712,2183384339,1000,1555,1555,2.3853402,-0.00739,-1,-1,-1,0,0,0,136,1,1,0,0.0000000,0.0000000,0.0000000,0,0,0,0
756771561491708 D 1713,2183385339,1000,1555,1555,2.3853402,-0.00710,-1,-1,-1,0,0,0,136,1,1,0,0.0000000,0.0000000,0.0000000,0,0,0,0
756771562485208 D 1714,2183386339,1000,1555,1555,2.3853402,-0.00682,-1,-1,-1,0,0,0,136,1,1,0,0.0000000,0.0000000,0.0000000,0,0,0,0
756771563478250 D 1715,2183387339,1000,1555,1555,2.3853402,-0.00655,-1,-1,-1,0,0,0,136,1,1,0,0.0000000,0.0000000,0.0000000,0,0,0,0
756771564262166 D 1716,2183388339,1000,1555,1555,2.3853402,-0.00630,-1,-1,-1,0,0,0,136,1,1,0,0.0000000,0.0000000,0.0000000,0,0,0,0
756771565263291 D 1717,2183389339,1000,1555,1555,2.3853402,-0.00605,-1,-1,-1,0,0,0,136,1,1,0,0.0000000,0.0000000,0.0000000,0,0,0,0
756771566258000 D 1718,2183390339,1000,1555,1555,2.3853402,-0.00581,-1,-1,-1,0,0,0,136,1,1,0,0.0000000,0.0000000,0.0000000,0,0,0,0
756771567252958 D 1719,2183391339,1000,1555,1555,2.3853402,-0.00558,-1,-1,-1,0,0,0,136,1,1,0,0.0000000,0.0000000,0.0000000,0,0,0,0
756771568263166 D 1720,2183392339,1000,1555,1555,2.3853402,-0.00537,-1,-1,-1,0,0,0,136,1,1,0,0.0000000,0.0000000,0.0000000,0,0,0,0
756771569268916 D 1721,2183393339,1000,1555,1555,2.3853402,-0.00515,-1,-1,-1,0,0,0,136,1,1,0,0.0000000,0.0000000,0.0000000,0,0,0,0
756771570278541 D 1722,2183394339,1000,1555,1555,2.3853402,-0.00495,-1,-1,-1,0,0,0,136,1,1,0,0.0000000,0.0000000,0.0000000,0,0,0,0
756771571258083 D 1723,2183395339,1000,1555,1555,2.3853402,-0.00476,-1,-1,-1,0,0,0,136,1,1,0,0.0000000,0.0000000,0.0000000,0,0,0,0
756771572256166 D 1724,2183396339,1000,1555,1555,2.3853402,-0.00457,-1,-1,-1,0,0,0,136,1,1,0,0.0000000,0.0000000,0.0000000,0,0,0,0
756771573531958 D 1725,2183397339,1000,1555,1555,2.3853402,-0.00439,-1,-1,-1,0,0,0,136,1,1,0,0.0000000,0.0000000,0.0000000,0,0,0,0
756771574560041 D 1726,2183398339,1000,1555,1555,2.3853402,-0.00422,-1,-1,-1,0,0,0,136,1,1,0,0.0000000,0.0000000,0.0000000,0,0,0,0
756771575474833 D 1727,2183399339,1000,1555,1555,2.3853402,-0.00405,-1,-1,-1,0,0,0,136,1,1,0,0.0000000,0.0000000,0.0000000,0,0,0,0
756771576257083 D 1728,2183400339,1000,1555,1555,2.3853402,-0.00390,-1,-1,-1,0,0,0,136,1,1,0,0.0000000,0.0000000,0.0000000,0,0,0,0
756771577280000 D 1729,2183401339,1000,1555,1555,2.3853402,-0.00374,-1,-1,-1,0,0,0,136,1,1,0,0.0000000,0.0000000,0.0000000,0,0,0,0
756771578712166 D 1730,2183402339,1000,1555,1555,2.3853402,-0.00360,39,128,2035,0,0,0,136,1,1,0,0.0000000,0.0000000,0.0000000,0,0,0,0
756771579329333 D 1731,2183403339,1000,1555,1555,2.3853402,-0.00346,-1,-1,-1,0,0,0,135,1,1,0,0.0000000,0.0000000,0.0000000,0,0,0,0
756771580280750 D 1732,2183404339,1000,1555,1555,2.3853402,-0.00332,-1,-1,-1,0,0,0,136,1,1,0,0.0000000,0.0000000,0.0000000,0,0,0,0
756771581270833 D 1733,2183405339,1000,1555,1555,2.3853402,-0.00319,-1,-1,-1,0,0,0,136,1,1,0,0.0000000,0.0000000,0.0000000,0,0,0,0
756771582281125 D 1734,2183406339,1000,1555,1555,2.3853402,-0.00306,-1,-1,-1,0,0,0,136,1,1,0,0.0000000,0.0000000,0.0000000,0,0,0,0
756771583277583 D 1735,2183407339,1000,1555,1555,2.3853402,-0.00294,-1,-1,-1,0,0,0,136,1,1,0,0.0000000,0.0000000,0.0000000,0,0,0,0
756771584272208 D 1736,2183408339,1000,1555,1555,2.3853402,-0.00283,-1,-1,-1,0,0,0,136,1,1,0,0.0000000,0.0000000,0.0000000,0,0,0,0
756771585261833 D 1737,2183409339,1000,1555,1555,2.3853402,-0.00272,-1,-1,-1,0,0,0,136,1,1,0,0.0000000,0.0000000,0.0000000,0,0,0,0
756771586282166 D 1738,2183410339,1000,1555,1555,2.3853402,-0.00261,-1,-1,-1,0,0,0,135,1,1,0,0.0000000,0.0000000,0.0000000,0,0,0,0
756771587266916 D 1739,2183411339,1000,1555,1555,2.3853402,-0.00251,-1,-1,-1,0,0,0,136,1,1,0,0.0000000,0.0000000,0.0000000,0,0,0,0
756771588264041 D 1740,2183412339,1000,1555,1555,2.3853402,-0.00241,-1,-1,-1,0,0,0,136,1,1,0,0.0000000,0.0000000,0.0000000,0,0,0,0
756771589268958 D 1741,2183413339,1000,1555,1555,2.3853402,-0.00232,-1,-1,-1,0,0,0,136,1,1,0,0.0000000,0.0000000,0.0000000,0,0,0,0
756771590266708 D 1742,2183414339,1000,1555,1555,2.3853402,-0.00223,-1,-1,-1,0,0,0,136,1,1,0,0.0000000,0.0000000,0.0000000,0,0,0,0
756771591266875 D 1743,2183415339,1000,1555,1555,2.3853402,-0.00214,-1,-1,-1,0,0,0,136,1,1,0,0.0000000,0.0000000,0.0000000,0,0,0,0
756771592270541 D 1744,2183416339,1000,1555,1555,2.3853402,-0.00205,-1,-1,-1,0,0,0,136,1,1,0,0.0000000,0.0000000,0.0000000,0,0,0,0
756771593273041 D 1745,2183417339,1000,1555,1555,2.3853402,-0.00197,-1,-1,-1,0,0,0,135,1,1,0,0.0000000,0.0000000,0.0000000,0,0,0,0
756771594269125 D 1746,2183418339,1000,1555,1555,2.3853402,-0.00190,-1,-1,-1,0,0,0,136,1,1,0,0.0000000,0.0000000,0.0000000,0,0,0,0
756771595298458 D 1747,2183419339,1000,1555,1555,2.3853402,-0.00182,-1,-1,-1,0,0,0,136,1,1,0,0.0000000,0.0000000,0.0000000,0,0,0,0
756771596284125 D 1748,2183420339,1000,1555,1555,2.3853402,-0.00175,-1,-1,-1,0,0,0,136,1,1,0,0.0000000,0.0000000,0.0000000,0,0,0,0
756771597282625 D 1749,2183421339,1000,1555,1555,2.3853402,-0.00168,-1,-1,-1,0,0,0,136,1,1,0,0.0000000,0.0000000,0.0000000,0,0,0,0
756771598275375 D 1750,2183422339,1000,1555,1555,2.3853402,-0.00162,-1,-1,-1,0,0,0,136,1,1,0,0.0000000,0.0000000,0.0000000,0,0,0,0
756771599262708 D 1751,2183423339,1000,1555,1555,2.3853402,-0.00155,-1,-1,-1,0,0,0,136,1,1,0,0.0000000,0.0000000,0.0000000,0,0,0,0
756771600263541 D 1752,2183424339,1000,1555,1555,2.3853402,-0.00149,-1,-1,-1,0,0,0,136,1,1,0,0.0000000,0.0000000,0.0000000,0,0,0,0
756771601497083 D 1753,2183425339,1000,1555,1555,2.3853402,-0.00143,-1,-1,-1,0,0,0,136,1,1,0,0.0000000,0.0000000,0.0000000,0,0,0,0
756771602488416 D 1754,2183426339,1000,1555,1555,2.3853402,-0.00138,-1,-1,-1,0,0,0,136,1,1,0,0.0000000,0.0000000,0.0000000,0,0,0,0
756771603372500 D 1755,2183427339,1000,1555,1555,2.3853402,-0.00132,-1,-1,-1,0,0,0,136,1,1,0,0.0000000,0.0000000,0.0000000,0,0,0,0
756771604261833 D 1756,2183428339,1000,1555,1555,2.3853402,-0.00127,-1,-1,-1,0,0,0,136,1,1,0,0.0000000,0.0000000,0.0000000,0,0,0,0
756771605270583 D 1757,2183429339,1000,1555,1555,2.3853402,-0.00122,-1,-1,-1,0,0,0,136,1,1,0,0.0000000,0.0000000,0.0000000,0,0,0,0
756771606267375 D 1758,2183430339,1000,1555,1555,2.3853402,-0.00117,-1,-1,-1,0,0,0,136,1,1,0,0.0000000,0.0000000,0.0000000,0,0,0,0
756771607266458 D 1759,2183431339,1000,1555,1555,2.3853402,-0.00113,-1,-1,-1,0,0,0,136,1,1,0,0.0000000,0.0000000,0.0000000,0,0,0,0
756771608256041 D 1760,2183432339,1000,1555,1555,2.3853402,-0.00108,-1,-1,-1,0,0,0,136,1,1,0,0.0000000,0.0000000,0.0000000,0,0,0,0
756771609270083 D 1761,2183433339,1000,1555,1555,2.3853402,-0.00104,-1,-1,-1,0,0,0,136,1,1,0,0.0000000,0.0000000,0.0000000,0,0,0,0
756771610268916 D 1762,2183434339,1000,1555,1555,2.3853402,-0.00100,-1,-1,-1,0,0,0,136,1,1,0,0.0000000,0.0000000,0.0000000,0,0,0,0
756771611257500 D 1763,2183435339,1000,1555,1555,2.3853402,-0.00096,-1,-1,-1,0,0,0,136,1,1,0,0.0000000,0.0000000,0.0000000,0,0,0,0
756771612259041 D 1764,2183436339,1000,1555,1555,2.3853402,-0.00092,-1,-1,-1,0,0,0,136,1,1,0,0.0000000,0.0000000,0.0000000,0,0,0,0
756771613255375 D 1765,2183437339,1000,1555,1555,2.3853402,-0.00089,-1,-1,-1,0,0,0,136,1,1,0,0.0000000,0.0000000,0.0000000,0,0,0,0
756771614251958 D 1766,2183438339,1000,1555,1555,2.3853402,-0.00085,-1,-1,-1,0,0,0,135,1,1,0,0.0000000,0.0000000,0.0000000,0,0,0,0
756771615258125 D 1767,2183439339,1000,1555,1555,2.3853402,-0.00082,-1,-1,-1,0,0,0,136,1,1,0,0.0000000,0.0000000,0.0000000,0,0,0,0
756771616260583 D 1768,2183440339,1000,1555,1555,2.3853402,-0.00079,-1,-1,-1,0,0,0,136,1,1,0,0.0000000,0.0000000,0.0000000,0,0,0,0
756771617267500 D 1769,2183441339,1000,1555,1555,2.3853402,-0.00076,-1,-1,-1,0,0,0,136,1,1,0,0.0000000,0.0000000,0.0000000,0,0,0,0
756771618258125 D 1770,2183442339,1000,1555,1555,2.3853402,-0.00073,-1,-1,-1,0,0,0,136,1,1,0,0.0000000,0.0000000,0.0000000,0,0,0,0
756771619255750 D 1771,2183443339,1000,1555,1555,2.3853402,-0.00070,-1,-1,-1,0,0,0,136,1,1,0,0.0000000,0.0000000,0.0000000,0,0,0,0
756771620248000 D 1772,2183444339,1000,1555,1555,2.3853402,-0.00067,-1,-1,-1,0,0,0,136,1,1,0,0.0000000,0.0000000,0.0000000,0,0,0,0
756771621253708 D 1773,2183445339,1000,1555,1555,2.3853402,-0.00064,-1,-1,-1,0,0,0,136,1,1,0,0.0000000,0.0000000,0.0000000,0,0,0,0
756771622467250 D 1774,2183446339,1000,1555,1555,2.3853402,-0.00062,-1,-1,-1,0,0,0,136,1,1,0,0.0000000,0.0000000,0.0000000,0,0,0,0
756771623464458 D 1775,2183447339,1000,1556,1556,2.3868742,0.05955,-1,-1,-1,0,0,0,136,1,1,0,0.0000000,0.0000000,0.0000000,0,0,0,0
756771624467000 D 1776,2183448339,1000,1555,1555,2.3853402,-0.00293,-1,-1,-1,0,0,0,136,1,1,0,0.0000000,0.0000000,0.0000000,0,0,0,0
756771625477250 D 1777,2183449339,1000,1555,1555,2.3853402,-0.00281,-1,-1,-1,0,0,0,136,1,1,0,0.0000000,0.0000000,0.0000000,0,0,0,0
756771626465083 D 1778,2183450339,1000,1555,1555,2.3853402,-0.00270,-1,-1,-1,0,0,0,136,1,1,0,0.0000000,0.0000000,0.0000000,0,0,0,0
756771627484416 D 1779,2183451339,1000,1555,1555,2.3853402,-0.00260,-1,-1,-1,0,0,0,136,1,1,0,0.0000000,0.0000000,0.0000000,0,0,0,0
756771628869833 D 1780,2183452339,1000,1555,1555,2.3853402,-0.00250,39,128,2035,0,0,0,136,1,1,0,0.0000000,0.0000000,0.0000000,0,0,0,0
756771629699333 D 1781,2183453339,1000,1555,1555,2.3853402,-0.00240,-1,-1,-1,0,0,0,136,1,1,0,0.0000000,0.0000000,0.0000000,0,0,0,0
756771630519250 D 1782,2183454339,1000,1555,1555,2.3853402,-0.00230,-1,-1,-1,0,0,0,136,1,1,0,0.0000000,0.0000000,0.0000000,0,0,0,0
756771631258625 D 1783,2183455339,1000,1555,1555,2.3853402,-0.00221,-1,-1,-1,0,0,0,136,1,1,0,0.0000000,0.0000000,0.0000000,0,0,0,0
756771632246166 D 1784,2183456339,1000,1555,1555,2.3853402,-0.00213,-1,-1,-1,0,0,0,136,1,1,0,0.0000000,0.0000000,0.0000000,0,0,0,0
756771633247250 D 1785,2183457339,1000,1556,1556,2.3868742,0.05810,-1,-1,-1,0,0,0,136,1,1,0,0.0000000,0.0000000,0.0000000,0,0,0,0
756771634258791 D 1786,2183458339,1000,1555,1555,2.3853402,-0.00432,-1,-1,-1,0,0,0,136,1,1,0,0.0000000,0.0000000,0.0000000,0,0,0,0
756771635256708 D 1787,2183459339,1000,1555,1555,2.3853402,-0.00415,-1,-1,-1,0,0,0,136,1,1,0,0.0000000,0.0000000,0.0000000,0,0,0,0
756771636245583 D 1788,2183460339,1000,1555,1555,2.3853402,-0.00399,-1,-1,-1,0,0,0,136,1,1,0,0.0000000,0.0000000,0.0000000,0,0,0,0
756771637242916 D 1789,2183461339,1000,1555,1555,2.3853402,-0.00383,-1,-1,-1,0,0,0,136,1,1,0,0.0000000,0.0000000,0.0000000,0,0,0,0
756771638253250 D 1790,2183462339,1000,1555,1555,2.3853402,-0.00368,-1,-1,-1,0,0,0,136,1,1,0,0.0000000,0.0000000,0.0000000,0,0,0,0
756771639248291 D 1791,2183463339,1000,1555,1555,2.3853402,-0.00354,-1,-1,-1,0,0,0,136,1,1,0,0.0000000,0.0000000,0.0000000,0,0,0,0
756771640252041 D 1792,2183464339,1000,1555,1555,2.3853402,-0.00340,-1,-1,-1,0,0,0,136,1,1,0,0.0000000,0.0000000,0.0000000,0,0,0,0
756771641252583 D 1793,2183465339,1000,1555,1555,2.3853402,-0.00327,-1,-1,-1,0,0,0,136,1,1,0,0.0000000,0.0000000,0.0000000,0,0,0,0
756771642254416 D 1794,2183466339,1000,1555,1555,2.3853402,-0.00314,-1,-1,-1,0,0,0,136,1,1,0,0.0000000,0.0000000,0.0000000,0,0,0,0
756771643250250 D 1795,2183467339,1000,1555,1555,2.3853402,-0.00302,-1,-1,-1,0,0,0,136,1,1,0,0.0000000,0.0000000,0.0000000,0,0,0,0
756771644251125 D 1796,2183468339,1000,1555,1555,2.3853402,-0.00290,-1,-1,-1,0,0,0,136,1,1,0,0.0000000,0.0000000,0.0000000,0,0,0,0
756771645250458 D 1797,2183469339,1000,1555,1555,2.3853402,-0.00278,-1,-1,-1,0,0,0,136,1,1,0,0.0000000,0.0000000,0.0000000,0,0,0,0
756771646249708 D 1798,2183470339,1000,1555,1555,2.3853402,-0.00267,-1,-1,-1,0,0,0,136,1,1,0,0.0000000,0.0000000,0.0000000,0,0,0,0
756771647263000 D 1799,2183471339,1000,1555,1555,2.3853402,-0.00257,-1,-1,-1,0,0,0,136,1,1,0,0.0000000,0.0000000,0.0000000,0,0,0,0
756771648244416 D 1800,2183472339,1000,1555,1555,2.3853402,-0.00247,-1,-1,-1,0,0,0,136,1,1,0,0.0000000,0.0000000,0.0000000,0,0,0,0
756771649276375 D 1801,2183473339,1000,1555,1555,2.3853402,-0.00237,-1,-1,-1,0,0,0,136,1,1,0,0.0000000,0.0000000,0.0000000,0,0,0,0
756771650308083 D 1802,2183474339,1000,1555,1555,2.3853402,-0.00228,-1,-1,-1,0,0,0,136,1,1,0,0.0000000,0.0000000,0.0000000,0,0,0,0
756771651306916 D 1803,2183475339,1000,1555,1555,2.3853402,-0.00219,-1,-1,-1,0,0,0,136,1,1,0,0.0000000,0.0000000,0.0000000,0,0,0,0
756771652272000 D 1804,2183476339,1000,1555,1555,2.3853402,-0.00210,-1,-1,-1,0,0,0,136,1,1,0,0.0000000,0.0000000,0.0000000,0,0,0,0
756771653263250 D 1805,2183477339,1000,1555,1555,2.3853402,-0.00202,-1,-1,-1,0,0,0,136,1,1,0,0.0000000,0.0000000,0.0000000,0,0,0,0
756771654263666 D 1806,2183478339,1000,1555,1555,2.3853402,-0.00194,-1,-1,-1,0,0,0,136,1,1,0,0.0000000,0.0000000,0.0000000,0,0,0,0
756771655265833 D 1807,2183479339,1000,1555,1555,2.3853402,-0.00187,-1,-1,-1,0,0,0,136,1,1,0,0.0000000,0.0000000,0.0000000,0,0,0,0
756771656265541 D 1808,2183480339,1000,1555,1555,2.3853402,-0.00179,-1,-1,-1,0,0,0,136,1,1,0,0.0000000,0.0000000,0.0000000,0,0,0,0
756771657265375 D 1809,2183481339,1000,1555,1555,2.3853402,-0.00172,-1,-1,-1,0,0,0,136,1,1,0,0.0000000,0.0000000,0.0000000,0,0,0,0
756771658483458 D 1810,2183482339,1000,1555,1555,2.3853402,-0.00165,-1,-1,-1,0,0,0,136,1,1,0,0.0000000,0.0000000,0.0000000,0,0,0,0
756771659493916 D 1811,2183483339,1000,1555,1555,2.3853402,-0.00159,-1,-1,-1,0,0,0,136,1,1,0,0.0000000,0.0000000,0.0000000,0,0,0,0
756771660430500 D 1812,2183484339,1000,1555,1555,2.3853402,-0.00153,-1,-1,-1,0,0,0,136,1,1,0,0.0000000,0.0000000,0.0000000,0,0,0,0
756771661270708 D 1813,2183485339,1000,1555,1555,2.3853402,-0.00147,-1,-1,-1,0,0,0,136,1,1,0,0.0000000,0.0000000,0.0000000,0,0,0,0
756771662265875 D 1814,2183486339,1000,1555,1555,2.3853402,-0.00141,-1,-1,-1,0,0,0,136,1,1,0,0.0000000,0.0000000,0.0000000,0,0,0,0
756771663284000 D 1815,2183487339,1000,1555,1555,2.3853402,-0.00135,-1,-1,-1,0,0,0,136,1,1,0,0.0000000,0.0000000,0.0000000,0,0,0,0
756771664294083 D 1816,2183488339,1000,1555,1555,2.3853402,-0.00130,-1,-1,-1,0,0,0,136,1,1,0,0.0000000,0.0000000,0.0000000,0,0,0,0
756771665268250 D 1817,2183489339,1000,1555,1555,2.3853402,-0.00125,-1,-1,-1,0,0,0,136,1,1,0,0.0000000,0.0000000,0.0000000,0,0,0,0
756771666263208 D 1818,2183490339,1000,1555,1555,2.3853402,-0.00120,-1,-1,-1,0,0,0,136,1,1,0,0.0000000,0.0000000,0.0000000,0,0,0,0
756771667260250 D 1819,2183491339,1000,1555,1555,2.3853402,-0.00115,-1,-1,-1,0,0,0,136,1,1,0,0.0000000,0.0000000,0.0000000,0,0,0,0
756771668267166 D 1820,2183492339,1000,1555,1555,2.3853402,-0.00111,-1,-1,-1,0,0,0,136,1,1,0,0.0000000,0.0000000,0.0000000,0,0,0,0
756771669256208 D 1821,2183493339,1000,1555,1555,2.3853402,-0.00107,-1,-1,-1,0,0,0,136,1,1,0,0.0000000,0.0000000,0.0000000,0,0,0,0
756771670482958 D 1822,2183494339,1000,1555,1555,2.3853402,-0.00102,-1,-1,-1,0,0,0,135,1,1,0,0.0000000,0.0000000,0.0000000,0,0,0,0
756771671495250 D 1823,2183495339,1000,1555,1555,2.3853402,-0.00098,-1,-1,-1,0,0,0,136,1,1,0,0.0000000,0.0000000,0.0000000,0,0,0,0
756771672384125 D 1824,2183496339,1000,1555,1555,2.3853402,-0.00095,-1,-1,-1,0,0,0,136,1,1,0,0.0000000,0.0000000,0.0000000,0,0,0,0
756771673276875 D 1825,2183497339,1000,1555,1555,2.3853402,-0.00091,-1,-1,-1,0,0,0,136,1,1,0,0.0000000,0.0000000,0.0000000,0,0,0,0
756771674262125 D 1826,2183498339,1000,1555,1555,2.3853402,-0.00087,-1,-1,-1,0,0,0,136,1,1,0,0.0000000,0.0000000,0.0000000,0,0,0,0
756771675287750 D 1827,2183499339,1000,1555,1555,2.3853402,-0.00084,-1,-1,-1,0,0,0,136,1,1,0,0.0000000,0.0000000,0.0000000,0,0,0,0
756771676308125 D 1828,2183500339,1000,1555,1555,2.3853402,-0.00081,-1,-1,-1,0,0,0,136,1,1,0,0.0000000,0.0000000,0.0000000,0,0,0,0
756771677310291 D 1829,2183501339,1000,1555,1555,2.3853402,-0.00077,-1,-1,-1,0,0,0,135,1,1,0,0.0000000,0.0000000,0.0000000,0,0,0,0
756771678922666 D 1830,2183502339,1000,1556,1556,2.3868742,0.05940,39,128,2034,0,0,0,136,1,1,0,0.0000000,0.0000000,0.0000000,0,0,0,0
756771679754541 D 1831,2183503339,1000,1555,1555,2.3853402,-0.00307,-1,-1,-1,0,0,0,136,1,1,0,0.0000000,0.0000000,0.0000000,0,0,0,0
756771680431500 D 1832,2183504339,1000,1555,1555,2.3853402,-0.00295,-1,-1,-1,0,0,0,136,1,1,0,0.0000000,0.0000000,0.0000000,0,0,0,0
756771681276500 D 1833,2183505339,1000,1555,1555,2.3853402,-0.00284,-1,-1,-1,0,0,0,136,1,1,0,0.0000000,0.0000000,0.0000000,0,0,0,0
756771682284041 D 1834,2183506339,1000,1555,1555,2.3853402,-0.00273,-1,-1,-1,0,0,0,136,1,1,0,0.0000000,0.0000000,0.0000000,0,0,0,0
756771683266750 D 1835,2183507339,1000,1555,1555,2.3853402,-0.00262,-1,-1,-1,0,0,0,136,1,1,0,0.0000000,0.0000000,0.0000000,0,0,0,0
756771684274625 D 1836,2183508339,1000,1555,1555,2.3853402,-0.00252,-1,-1,-1,0,0,0,136,1,1,0,0.0000000,0.0000000,0.0000000,0,0,0,0
756771685265833 D 1837,2183509339,1000,1555,1555,2.3853402,-0.00242,-1,-1,-1,0,0,0,136,1,1,0,0.0000000,0.0000000,0.0000000,0,0,0,0
756771686264708 D 1838,2183510339,1000,1555,1555,2.3853402,-0.00232,-1,-1,-1,0,0,0,136,1,1,0,0.0000000,0.0000000,0.0000000,0,0,0,0
756771687263291 D 1839,2183511339,1000,1555,1555,2.3853402,-0.00223,-1,-1,-1,0,0,0,136,1,1,0,0.0000000,0.0000000,0.0000000,0,0,0,0
756771688263083 D 1840,2183512339,1000,1555,1555,2.3853402,-0.00214,-1,-1,-1,0,0,0,136,1,1,0,0.0000000,0.0000000,0.0000000,0,0,0,0
756771689261750 D 1841,2183513339,1000,1555,1555,2.3853402,-0.00206,-1,-1,-1,0,0,0,136,1,1,0,0.0000000,0.0000000,0.0000000,0,0,0,0
756771690260208 D 1842,2183514339,1000,1555,1555,2.3853402,-0.00198,-1,-1,-1,0,0,0,136,1,1,0,0.0000000,0.0000000,0.0000000,0,0,0,0
756771691258750 D 1843,2183515339,1000,1555,1555,2.3853402,-0.00190,-1,-1,-1,0,0,0,135,1,1,0,0.0000000,0.0000000,0.0000000,0,0,0,0
756771692257958 D 1844,2183516339,1000,1555,1555,2.3853402,-0.00183,-1,-1,-1,0,0,0,136,1,1,0,0.0000000,0.0000000,0.0000000,0,0,0,0
756771693258666 D 1845,2183517339,1000,1555,1555,2.3853402,-0.00176,-1,-1,-1,0,0,0,136,1,1,0,0.0000000,0.0000000,0.0000000,0,0,0,0
756771694269416 D 1846,2183518339,1000,1555,1555,2.3853402,-0.00169,-1,-1,-1,0,0,0,136,1,1,0,0.0000000,0.0000000,0.0000000,0,0,0,0
756771695283875 D 1847,2183519339,1000,1555,1555,2.3853402,-0.00162,-1,-1,-1,0,0,0,136,1,1,0,0.0000000,0.0000000,0.0000000,0,0,0,0
756771696262666 D 1848,2183520339,1000,1555,1555,2.3853402,-0.00156,-1,-1,-1,0,0,0,136,1,1,0,0.0000000,0.0000000,0.0000000,0,0,0,0
756771697260000 D 1849,2183521339,1000,1555,1555,2.3853402,-0.00150,-1,-1,-1,0,0,0,136,1,1,0,0.0000000,0.0000000,0.0000000,0,0,0,0
756771698259958 D 1850,2183522339,1000,1555,1555,2.3853402,-0.00144,-1,-1,-1,0,0,0,136,1,1,0,0.0000000,0.0000000,0.0000000,0,0,0,0
756771699257708 D 1851,2183523339,1000,1555,1555,2.3853402,-0.00138,-1,-1,-1,0,0,0,136,1,1,0,0.0000000,0.0000000,0.0000000,0,0,0,0
756771700257250 D 1852,2183524339,1000,1555,1555,2.3853402,-0.00133,-1,-1,-1,0,0,0,136,1,1,0,0.0000000,0.0000000,0.0000000,0,0,0,0
756771701253833 D 1853,2183525339,1000,1555,1555,2.3853402,-0.00127,-1,-1,-1,0,0,0,136,1,1,0,0.0000000,0.0000000,0.0000000,0,0,0,0
756771702268000 D 1854,2183526339,1000,1555,1555,2.3853402,-0.00122,-1,-1,-1,0,0,0,136,1,1,0,0.0000000,0.0000000,0.0000000,0,0,0,0
756771703252666 D 1855,2183527339,1000,1556,1556,2.3868742,0.05897,-1,-1,-1,0,0,0,136,1,1,0,0.0000000,0.0000000,0.0000000,0,0,0,0
756771704256291 D 1856,2183528339,1000,1555,1555,2.3853402,-0.00349,-1,-1,-1,0,0,0,136,1,1,0,0.0000000,0.0000000,0.0000000,0,0,0,0
756771705481875 D 1857,2183529339,1000,1555,1555,2.3853402,-0.00335,-1,-1,-1,0,0,0,136,1,1,0,0.0000000,0.0000000,0.0000000,0,0,0,0
756771706472916 D 1858,2183530339,1000,1555,1555,2.3853402,-0.00322,-1,-1,-1,0,0,0,136,1,1,0,0.0000000,0.0000000,0.0000000,0,0,0,0
756771707478833 D 1859,2183531339,1000,1555,1555,2.3853402,-0.00309,-1,-1,-1,0,0,0,136,1,1,0,0.0000000,0.0000000,0.0000000,0,0,0,0
756771708286791 D 1860,2183532339,1000,1555,1555,2.3853402,-0.00297,-1,-1,-1,0,0,0,136,1,1,0,0.0000000,0.0000000,0.0000000,0,0,0,0
756771709257250 D 1861,2183533339,1000,1555,1555,2.3853402,-0.00286,-1,-1,-1,0,0,0,136,1,1,0,0.0000000,0.0000000,0.0000000,0,0,0,0
756771710252791 D 1862,2183534339,1000,1555,1555,2.3853402,-0.00274,-1,-1,-1,0,0,0,136,1,1,0,0.0000000,0.0000000,0.0000000,0,0,0,0
756771711277041 D 1863,2183535339,1000,1555,1555,2.3853402,-0.00264,-1,-1,-1,0,0,0,136,1,1,0,0.0000000,0.0000000,0.0000000,0,0,0,0
756771712265125 D 1864,2183536339,1000,1555,1555,2.3853402,-0.00253,-1,-1,-1,0,0,0,135,1,1,0,0.0000000,0.0000000,0.0000000,0,0,0,0
756771713260125 D 1865,2183537339,1000,1555,1555,2.3853402,-0.00243,-1,-1,-1,0,0,0,136,1,1,0,0.0000000,0.0000000,0.0000000,0,0,0,0
756771714243916 D 1866,2183538339,1000,1555,1555,2.3853402,-0.00234,-1,-1,-1,0,0,0,136,1,1,0,0.0000000,0.0000000,0.0000000,0,0,0,0
756771715258666 D 1867,2183539339,1000,1555,1555,2.3853402,-0.00225,-1,-1,-1,0,0,0,136,1,1,0,0.0000000,0.0000000,0.0000000,0,0,0,0
756771716255583 D 1868,2183540339,1000,1555,1555,2.3853402,-0.00216,-1,-1,-1,0,0,0,136,1,1,0,0.0000000,0.0000000,0.0000000,0,0,0,0
756771717254208 D 1869,2183541339,1000,1555,1555,2.3853402,-0.00207,-1,-1,-1,0,0,0,136,1,1,0,0.0000000,0.0000000,0.0000000,0,0,0,0
756771718253708 D 1870,2183542339,1000,1555,1555,2.3853402,-0.00199,-1,-1,-1,0,0,0,136,1,1,0,0.0000000,0.0000000,0.0000000,0,0,0,0
756771719258208 D 1871,2183543339,1000,1555,1555,2.3853402,-0.00191,-1,-1,-1,0,0,0,136,1,1,0,0.0000000,0.0000000,0.0000000,0,0,0,0
756771720256708 D 1872,2183544339,1000,1555,1555,2.3853402,-0.00184,-1,-1,-1,0,0,0,136,1,1,0,0.0000000,0.0000000,0.0000000,0,0,0,0
756771721254791 D 1873,2183545339,1000,1555,1555,2.3853402,-0.00177,-1,-1,-1,0,0,0,136,1,1,0,0.0000000,0.0000000,0.0000000,0,0,0,0
756771722254875 D 1874,2183546339,1000,1555,1555,2.3853402,-0.00170,-1,-1,-1,0,0,0,136,1,1,0,0.0000000,0.0000000,0.0000000,0,0,0,0
756771723255708 D 1875,2183547339,1000,1555,1555,2.3853402,-0.00163,-1,-1,-1,0,0,0,136,1,1,0,0.0000000,0.0000000,0.0000000,0,0,0,0
756771724248708 D 1876,2183548339,1000,1555,1555,2.3853402,-0.00157,-1,-1,-1,0,0,0,136,1,1,0,0.0000000,0.0000000,0.0000000,0,0,0,0
756771725261541 D 1877,2183549339,1000,1555,1555,2.3853402,-0.00151,-1,-1,-1,0,0,0,136,1,1,0,0.0000000,0.0000000,0.0000000,0,0,0,0
756771726266791 D 1878,2183550339,1000,1555,1555,2.3853402,-0.00145,-1,-1,-1,0,0,0,136,1,1,0,0.0000000,0.0000000,0.0000000,0,0,0,0
756771727256000 D 1879,2183551339,1000,1555,1555,2.3853402,-0.00139,-1,-1,-1,0,0,0,136,1,1,0,0.0000000,0.0000000,0.0000000,0,0,0,0
756771728693208 D 1880,2183552339,1000,1555,1555,2.3853402,-0.00134,39,128,2035,0,0,0,136,1,1,0,0.0000000,0.0000000,0.0000000,0,0,0,0
756771729290791 D 1881,2183553339,1000,1556,1556,2.3868742,0.05886,-1,-1,-1,0,0,0,136,1,1,0,0.0000000,0.0000000,0.0000000,0,0,0,0
756771730252500 D 1882,2183554339,1000,1555,1555,2.3853402,-0.00359,-1,-1,-1,0,0,0,136,1,1,0,0.0000000,0.0000000,0.0000000,0,0,0,0
756771731255250 D 1883,2183555339,1000,1555,1555,2.3853402,-0.00345,-1,-1,-1,0,0,0,136,1,1,0,0.0000000,0.0000000,0.0000000,0,0,0,0
756771732264375 D 1884,2183556339,1000,1555,1555,2.3853402,-0.00332,-1,-1,-1,0,0,0,136,1,1,0,0.0000000,0.0000000,0.0000000,0,0,0,0
756771733270625 D 1885,2183557339,1000,1555,1555,2.3853402,-0.00319,-1,-1,-1,0,0,0,135,1,1,0,0.0000000,0.0000000,0.0000000,0,0,0,0
756771734354333 D 1886,2183558339,1000,1555,1555,2.3853402,-0.00306,-1,-1,-1,0,0,0,136,1,1,0,0.0000000,0.0000000,0.0000000,0,0,0,0
756771735483000 D 1887,2183559339,1000,1555,1555,2.3853402,-0.00294,-1,-1,-1,0,0,0,136,1,1,0,0.0000000,0.0000000,0.0000000,0,0,0,0
756771736472375 D 1888,2183560339,1000,1555,1555,2.3853402,-0.00283,-1,-1,-1,0,0,0,136,1,1,0,0.0000000,0.0000000,0.0000000,0,0,0,0
756771737438041 D 1889,2183561339,1000,1555,1555,2.3853402,-0.00271,-1,-1,-1,0,0,0,136,1,1,0,0.0000000,0.0000000,0.0000000,0,0,0,0
756771738253291 D 1890,2183562339,1000,1555,1555,2.3853402,-0.00261,-1,-1,-1,0,0,0,136,1,1,0,0.0000000,0.0000000,0.0000000,0,0,0,0
756771739256750 D 1891,2183563339,1000,1555,1555,2.3853402,-0.00251,-1,-1,-1,0,0,0,136,1,1,0,0.0000000,0.0000000,0.0000000,0,0,0,0
756771740280500 D 1892,2183564339,1000,1555,1555,2.3853402,-0.00241,-1,-1,-1,0,0,0,136,1,1,0,0.0000000,0.0000000,0.0000000,0,0,0,0
756771741495875 D 1893,2183565339,1000,1555,1555,2.3853402,-0.00231,-1,-1,-1,0,0,0,136,1,1,0,0.0000000,0.0000000,0.0000000,0,0,0,0
756771742622875 D 1894,2183566339,1000,1555,1555,2.3853402,-0.00222,-1,-1,-1,0,0,0,136,1,1,0,0.0000000,0.0000000,0.0000000,0,0,0,0
756771743510333 D 1895,2183567339,1000,1555,1555,2.3853402,-0.00214,-1,-1,-1,0,0,0,136,1,1,0,0.0000000,0.0000000,0.0000000,0,0,0,0
756771744342166 D 1896,2183568339,1000,1555,1555,2.3853402,-0.00205,-1,-1,-1,0,0,0,136,1,1,0,0.0000000,0.0000000,0.0000000,0,0,0,0
756771745326666 D 1897,2183569339,1000,1555,1555,2.3853402,-0.00197,-1,-1,-1,0,0,0,136,1,1,0,0.0000000,0.0000000,0.0000000,0,0,0,0
756771746308875 D 1898,2183570339,1000,1555,1555,2.3853402,-0.00189,-1,-1,-1,0,0,0,136,1,1,0,0.0000000,0.0000000,0.0000000,0,0,0,0
756771747303458 D 1899,2183571339,1000,1555,1555,2.3853402,-0.00182,-1,-1,-1,0,0,0,136,1,1,0,0.0000000,0.0000000,0.0000000,0,0,0,0
756771748277958 D 1900,2183572339,1000,1555,1555,2.3853402,-0.00175,-1,-1,-1,0,0,0,136,1,1,0,0.0000000,0.0000000,0.0000000,0,0,0,0
756771749271125 D 1901,2183573339,1000,1555,1555,2.3853402,-0.00168,-1,-1,-1,0,0,0,136,1,1,0,0.0000000,0.0000000,0.0000000,0,0,0,0
756771750285083 D 1902,2183574339,1000,1555,1555,2.3853402,-0.00161,-1,-1,-1,0,0,0,136,1,1,0,0.0000000,0.0000000,0.0000000,0,0,0,0
756771751322166 D 1903,2183575339,1000,1555,1555,2.3853402,-0.00155,-1,-1,-1,0,0,0,136,1,1,0,0.0000000,0.0000000,0.0000000,0,0,0,0
756771752301041 D 1904,2183576339,1000,1555,1555,2.3853402,-0.00149,-1,-1,-1,0,0,0,136,1,1,0,0.0000000,0.0000000,0.0000000,0,0,0,0
756771753297583 D 1905,2183577339,1000,1555,1555,2.3853402,-0.00143,-1,-1,-1,0,0,0,136,1,1,0,0.0000000,0.0000000,0.0000000,0,0,0,0
756771754279041 D 1906,2183578339,1000,1555,1555,2.3853402,-0.00138,-1,-1,-1,0,0,0,136,1,1,0,0.0000000,0.0000000,0.0000000,0,0,0,0
756771755277291 D 1907,2183579339,1000,1555,1555,2.3853402,-0.00132,-1,-1,-1,0,0,0,136,1,1,0,0.0000000,0.0000000,0.0000000,0,0,0,0
756771756272333 D 1908,2183580340,1001,1555,1555,2.3853402,-0.00127,-1,-1,-1,0,0,0,135,1,1,0,0.0000000,0.0000000,0.0000000,0,0,0,0
756771757285041 D 1909,2183581339,999,1555,1555,2.3853402,-0.00122,-1,-1,-1,0,0,0,136,1,1,0,0.0000000,0.0000000,0.0000000,0,0,0,0
756771758298875 D 1910,2183582339,1000,1555,1555,2.3853402,-0.00117,-1,-1,-1,0,0,0,136,1,1,0,0.0000000,0.0000000,0.0000000,0,0,0,0
756771759292916 D 1911,2183583339,1000,1555,1555,2.3853402,-0.00113,-1,-1,-1,0,0,0,136,1,1,0,0.0000000,0.0000000,0.0000000,0,0,0,0
756771760278166 D 1912,2183584339,1000,1556,1556,2.3868742,0.05907,-1,-1,-1,0,0,0,136,1,1,0,0.0000000,0.0000000,0.0000000,0,0,0,0
756771761288791 D 1913,2183585339,1000,1555,1555,2.3853402,-0.00340,-1,-1,-1,0,0,0,136,1,1,0,0.0000000,0.0000000,0.0000000,0,0,0,0
756771762275583 D 1914,2183586339,1000,1555,1555,2.3853402,-0.00326,-1,-1,-1,0,0,0,136,1,1,0,0.0000000,0.0000000,0.0000000,0,0,0,0
756771763266750 D 1915,2183587339,1000,1556,1556,2.3868742,0.05701,-1,-1,-1,0,0,0,136,1,1,0,0.0000000,0.0000000,0.0000000,0,0,0,0
756771764268750 D 1916,2183588339,1000,1555,1555,2.3853402,-0.00537,-1,-1,-1,0,0,0,136,1,1,0,0.0000000,0.0000000,0.0000000,0,0,0,0
756771765273708 D 1917,2183589339,1000,1555,1555,2.3853402,-0.00516,-1,-1,-1,0,0,0,136,1,1,0,0.0000000,0.0000000,0.0000000,0,0,0,0
756771766268541 D 1918,2183590339,1000,1555,1555,2.3853402,-0.00496,-1,-1,-1,0,0,0,136,1,1,0,0.0000000,0.0000000,0.0000000,0,0,0,0
756771767285041 D 1919,2183591339,1000,1555,1555,2.3853402,-0.00476,-1,-1,-1,0,0,0,136,1,1,0,0.0000000,0.0000000,0.0000000,0,0,0,0
756771768491041 D 1920,2183592339,1000,1555,1555,2.3853402,-0.00458,-1,-1,-1,0,0,0,136,1,1,0,0.0000000,0.0000000,0.0000000,0,0,0,0
756771769519416 D 1921,2183593339,1000,1555,1555,2.3853402,-0.00440,-1,-1,-1,0,0,0,136,1,1,0,0.0000000,0.0000000,0.0000000,0,0,0,0
756771770631750 D 1922,2183594339,1000,1555,1555,2.3853402,-0.00423,-1,-1,-1,0,0,0,136,1,1,0,0.0000000,0.0000000,0.0000000,0,0,0,0
756771771552791 D 1923,2183595339,1000,1555,1555,2.3853402,-0.00406,-1,-1,-1,0,0,0,136,1,1,0,0.0000000,0.0000000,0.0000000,0,0,0,0
756771772701125 D 1924,2183596339,1000,1555,1555,2.3853402,-0.00390,-1,-1,-1,0,0,0,136,1,1,0,0.0000000,0.0000000,0.0000000,0,0,0,0
756771773461958 D 1925,2183597339,1000,1555,1555,2.3853402,-0.00375,-1,-1,-1,0,0,0,136,1,1,0,0.0000000,0.0000000,0.0000000,0,0,0,0
756771774381458 D 1926,2183598339,1000,1555,1555,2.3853402,-0.00360,-1,-1,-1,0,0,0,136,1,1,0,0.0000000,0.0000000,0.0000000,0,0,0,0
756771775349750 D 1927,2183599339,1000,1555,1555,2.3853402,-0.00346,-1,-1,-1,0,0,0,136,1,1,0,0.0000000,0.0000000,0.0000000,0,0,0,0
756771776305791 D 1928,2183600339,1000,1555,1555,2.3853402,-0.00332,-1,-1,-1,0,0,0,136,1,1,0,0.0000000,0.0000000,0.0000000,0,0,0,0
756771777303916 D 1929,2183601339,1000,1555,1555,2.3853402,-0.00319,-1,-1,-1,0,0,0,136,1,1,0,0.0000000,0.0000000,0.0000000,0,0,0,0
756771778729000 D 1930,2183602339,1000,1555,1555,2.3853402,-0.00307,39,128,2035,0,0,0,136,1,1,0,0.0000000,0.0000000,0.0000000,0,0,0,0
756771779347833 D 1931,2183603339,1000,1555,1555,2.3853402,-0.00295,-1,-1,-1,0,0,0,136,1,1,0,0.0000000,0.0000000,0.0000000,0,0,0,0
756771780335500 D 1932,2183604339,1000,1555,1555,2.3853402,-0.00283,-1,-1,-1,0,0,0,136,1,1,0,0.0000000,0.0000000,0.0000000,0,0,0,0
756771781341333 D 1933,2183605339,1000,1555,1555,2.3853402,-0.00272,-1,-1,-1,0,0,0,136,1,1,0,0.0000000,0.0000000,0.0000000,0,0,0,0
756771782342750 D 1934,2183606339,1000,1555,1555,2.3853402,-0.00261,-1,-1,-1,0,0,0,136,1,1,0,0.0000000,0.0000000,0.0000000,0,0,0,0
756771783313291 D 1935,2183607339,1000,1555,1555,2.3853402,-0.00251,-1,-1,-1,0,0,0,136,1,1,0,0.0000000,0.0000000,0.0000000,0,0,0,0
756771784321666 D 1936,2183608339,1000,1555,1555,2.3853402,-0.00241,-1,-1,-1,0,0,0,136,1,1,0,0.0000000,0.0000000,0.0000000,0,0,0,0
756771785362416 D 1937,2183609339,1000,1555,1555,2.3853402,-0.00232,-1,-1,-1,0,0,0,136,1,1,0,0.0000000,0.0000000,0.0000000,0,0,0,0
756771786346000 D 1938,2183610339,1000,1555,1555,2.3853402,-0.00223,-1,-1,-1,0,0,0,136,1,1,0,0.0000000,0.0000000,0.0000000,0,0,0,0
756771787381125 D 1939,2183611339,1000,1555,1555,2.3853402,-0.00214,-1,-1,-1,0,0,0,136,1,1,0,0.0000000,0.0000000,0.0000000,0,0,0,0
756771788367541 D 1940,2183612339,1000,1555,1555,2.3853402,-0.00206,-1,-1,-1,0,0,0,136,1,1,0,0.0000000,0.0000000,0.0000000,0,0,0,0
756771789421541 D 1941,2183613339,1000,1555,1555,2.3853402,-0.00198,-1,-1,-1,0,0,0,136,1,1,0,0.0000000,0.0000000,0.0000000,0,0,0,0
756771790418083 D 1942,2183614339,1000,1555,1555,2.3853402,-0.00190,-1,-1,-1,0,0,0,136,1,1,0,0.0000000,0.0000000,0.0000000,0,0,0,0
756771791367250 D 1943,2183615339,1000,1556,1556,2.3868742,0.05832,-1,-1,-1,0,0,0,136,1,1,0,0.0000000,0.0000000,0.0000000,0,0,0,0
756771792356625 D 1944,2183616339,1000,1555,1555,2.3853402,-0.00411,-1,-1,-1,0,0,0,136,1,1,0,0.0000000,0.0000000,0.0000000,0,0,0,0
756771793349500 D 1945,2183617339,1000,1555,1555,2.3853402,-0.00395,-1,-1,-1,0,0,0,136,1,1,0,0.0000000,0.0000000,0.0000000,0,0,0,0
756771794346541 D 1946,2183618339,1000,1556,1556,2.3868742,0.05635,-1,-1,-1,0,0,0,136,1,1,0,0.0000000,0.0000000,0.0000000,0,0,0,0
756771795344125 D 1947,2183619339,1000,1555,1555,2.3853402,-0.00600,-1,-1,-1,0,0,0,136,1,1,0,0.0000000,0.0000000,0.0000000,0,0,0,0
756771796336041 D 1948,2183620339,1000,1555,1555,2.3853402,-0.00577,-1,-1,-1,0,0,0,136,1,1,0,0.0000000,0.0000000,0.0000000,0,0,0,0
756771797264666 D 1949,2183621339,1000,1555,1555,2.3853402,-0.00554,-1,-1,-1,0,0,0,136,1,1,0,0.0000000,0.0000000,0.0000000,0,0,0,0
756771798271666 D 1950,2183622339,1000,1555,1555,2.3853402,-0.00533,-1,-1,-1,0,0,0,136,1,1,0,0.0000000,0.0000000,0.0000000,0,0,0,0
756771799284041 D 1951,2183623339,1000,1555,1555,2.3853402,-0.00512,-1,-1,-1,0,0,0,136,1,1,0,0.0000000,0.0000000,0.0000000,0,0,0,0
756771800232208 D 1952,2183624339,1000,1555,1555,2.3853402,-0.00492,-1,-1,-1,0,0,0,136,1,1,0,0.0000000,0.0000000,0.0000000,0,0,0,0
756771801177000 D 1953,2183625339,1000,1555,1555,2.3853402,-0.00472,-1,-1,-1,0,0,0,136,1,1,0,0.0000000,0.0000000,0.0000000,0,0,0,0
756771802340708 D 1954,2183626339,1000,1555,1555,2.3853402,-0.00454,-1,-1,-1,0,0,0,136,1,1,0,0.0000000,0.0000000,0.0000000,0,0,0,0
756771803356500 D 1955,2183627339,1000,1555,1555,2.3853402,-0.00436,-1,-1,-1,0,0,0,136,1,1,0,0.0000000,0.0000000,0.0000000,0,0,0,0
756771804556208 D 1956,2183628339,1000,1555,1555,2.3853402,-0.00419,-1,-1,-1,0,0,0,136,1,1,0,0.0000000,0.0000000,0.0000000,0,0,0,0
756771805539791 D 1957,2183629339,1000,1555,1555,2.3853402,-0.00403,-1,-1,-1,0,0,0,136,1,1,0,0.0000000,0.0000000,0.0000000,0,0,0,0
756771806529666 D 1958,2183630339,1000,1555,1555,2.3853402,-0.00387,-1,-1,-1,0,0,0,136,1,1,0,0.0000000,0.0000000,0.0000000,0,0,0,0
756771807309416 D 1959,2183631339,1000,1555,1555,2.3853402,-0.00372,-1,-1,-1,0,0,0,136,1,1,0,0.0000000,0.0000000,0.0000000,0,0,0,0
756771808300250 D 1960,2183632339,1000,1555,1555,2.3853402,-0.00357,-1,-1,-1,0,0,0,136,1,1,0,0.0000000,0.0000000,0.0000000,0,0,0,0
756771809194958 D 1961,2183633339,1000,1555,1555,2.3853402,-0.00343,-1,-1,-1,0,0,0,136,1,1,0,0.0000000,0.0000000,0.0000000,0,0,0,0
756771810174375 D 1962,2183634339,1000,1556,1556,2.3868742,0.05685,-1,-1,-1,0,0,0,136,1,1,0,0.0000000,0.0000000,0.0000000,0,0,0,0
756771811136083 D 1963,2183635339,1000,1555,1555,2.3853402,-0.00552,-1,-1,-1,0,0,0,136,1,1,0,0.0000000,0.0000000,0.0000000,0,0,0,0
756771812159541 D 1964,2183636339,1000,1555,1555,2.3853402,-0.00531,-1,-1,-1,0,0,0,136,1,1,0,0.0000000,0.0000000,0.0000000,0,0,0,0
756771813172375 D 1965,2183637339,1000,1555,1555,2.3853402,-0.00510,-1,-1,-1,0,0,0,136,1,1,0,0.0000000,0.0000000,0.0000000,0,0,0,0
756771814173875 D 1966,2183638339,1000,1555,1555,2.3853402,-0.00490,-1,-1,-1,0,0,0,136,1,1,0,0.0000000,0.0000000,0.0000000,0,0,0,0
756771815177333 D 1967,2183639339,1000,1555,1555,2.3853402,-0.00471,-1,-1,-1,0,0,0,136,1,1,0,0.0000000,0.0000000,0.0000000,0,0,0,0
756771816172291 D 1968,2183640339,1000,1555,1555,2.3853402,-0.00452,-1,-1,-1,0,0,0,136,1,1,0,0.0000000,0.0000000,0.0000000,0,0,0,0
756771817233875 D 1969,2183641339,1000,1555,1555,2.3853402,-0.00435,-1,-1,-1,0,0,0,136,1,1,0,0.0000000,0.0000000,0.0000000,0,0,0,0
756771818222166 D 1970,2183642339,1000,1555,1555,2.3853402,-0.00418,-1,-1,-1,0,0,0,136,1,1,0,0.0000000,0.0000000,0.0000000,0,0,0,0
756771819209958 D 1971,2183643339,1000,1555,1555,2.3853402,-0.00401,-1,-1,-1,0,0,0,136,1,1,0,0.0000000,0.0000000,0.0000000,0,0,0,0
756771820203916 D 1972,2183644339,1000,1555,1555,2.3853402,-0.00385,-1,-1,-1,0,0,0,136,1,1,0,0.0000000,0.0000000,0.0000000,0,0,0,0
756771821246208 D 1973,2183645339,1000,1555,1555,2.3853402,-0.00370,-1,-1,-1,0,0,0,136,1,1,0,0.0000000,0.0000000,0.0000000,0,0,0,0
756771822205500 D 1974,2183646339,1000,1555,1555,2.3853402,-0.00356,-1,-1,-1,0,0,0,136,1,1,0,0.0000000,0.0000000,0.0000000,0,0,0,0
756771823216875 D 1975,2183647339,1000,1555,1555,2.3853402,-0.00342,-1,-1,-1,0,0,0,136,1,1,0,0.0000000,0.0000000,0.0000000,0,0,0,0
756771824202875 D 1976,2183648339,1000,1555,1555,2.3853402,-0.00328,-1,-1,-1,0,0,0,136,1,1,0,0.0000000,0.0000000,0.0000000,0,0,0,0
756771825273875 D 1977,2183649339,1000,1555,1555,2.3853402,-0.00316,-1,-1,-1,0,0,0,136,1,1,0,0.0000000,0.0000000,0.0000000,0,0,0,0
756771826278416 D 1978,2183650339,1000,1555,1555,2.3853402,-0.00303,-1,-1,-1,0,0,0,136,1,1,0,0.0000000,0.0000000,0.0000000,0,0,0,0
756771827282708 D 1979,2183651339,1000,1555,1555,2.3853402,-0.00291,-1,-1,-1,0,0,0,136,1,1,0,0.0000000,0.0000000,0.0000000,0,0,0,0
756771828662083 D 1980,2183652339,1000,1555,1555,2.3853402,-0.00280,39,128,2036,0,0,0,136,1,1,0,0.0000000,0.0000000,0.0000000,0,0,0,0
756771829273958 D 1981,2183653339,1000,1555,1555,2.3853402,-0.00269,-1,-1,-1,0,0,0,136,1,1,0,0.0000000,0.0000000,0.0000000,0,0,0,0
756771830292541 D 1982,2183654339,1000,1555,1555,2.3853402,-0.00258,-1,-1,-1,0,0,0,136,1,1,0,0.0000000,0.0000000,0.0000000,0,0,0,0
756771831291208 D 1983,2183655339,1000,1555,1555,2.3853402,-0.00248,-1,-1,-1,0,0,0,135,1,1,0,0.0000000,0.0000000,0.0000000,0,0,0,0
756771832286958 D 1984,2183656339,1000,1555,1555,2.3853402,-0.00239,-1,-1,-1,0,0,0,136,1,1,0,0.0000000,0.0000000,0.0000000,0,0,0,0
756771833283166 D 1985,2183657339,1000,1555,1555,2.3853402,-0.00229,-1,-1,-1,0,0,0,136,1,1,0,0.0000000,0.0000000,0.0000000,0,0,0,0
756771834265583 D 1986,2183658339,1000,1555,1555,2.3853402,-0.00220,-1,-1,-1,0,0,0,136,1,1,0,0.0000000,0.0000000,0.0000000,0,0,0,0
756771835277416 D 1987,2183659339,1000,1555,1555,2.3853402,-0.00212,-1,-1,-1,0,0,0,136,1,1,0,0.0000000,0.0000000,0.0000000,0,0,0,0
756771836289291 D 1988,2183660339,1000,1555,1555,2.3853402,-0.00203,-1,-1,-1,0,0,0,136,1,1,0,0.0000000,0.0000000,0.0000000,0,0,0,0
756771837500666 D 1989,2183661339,1000,1555,1555,2.3853402,-0.00195,-1,-1,-1,0,0,0,136,1,1,0,0.0000000,0.0000000,0.0000000,0,0,0,0
756771838486041 D 1990,2183662339,1000,1555,1555,2.3853402,-0.00188,-1,-1,-1,0,0,0,136,1,1,0,0.0000000,0.0000000,0.0000000,0,0,0,0
756771839507875 D 1991,2183663339,1000,1555,1555,2.3853402,-0.00180,-1,-1,-1,0,0,0,136,1,1,0,0.0000000,0.0000000,0.0000000,0,0,0,0
756771840490041 D 1992,2183664339,1000,1555,1555,2.3853402,-0.00173,-1,-1,-1,0,0,0,136,1,1,0,0.0000000,0.0000000,0.0000000,0,0,0,0
756771841486791 D 1993,2183665339,1000,1555,1555,2.3853402,-0.00166,-1,-1,-1,0,0,0,136,1,1,0,0.0000000,0.0000000,0.0000000,0,0,0,0
756771842535791 D 1994,2183666339,1000,1555,1555,2.3853402,-0.00160,-1,-1,-1,0,0,0,136,1,1,0,0.0000000,0.0000000,0.0000000,0,0,0,0
756771843565541 D 1995,2183667339,1000,1555,1555,2.3853402,-0.00154,-1,-1,-1,0,0,0,136,1,1,0,0.0000000,0.0000000,0.0000000,0,0,0,0
756771844386666 D 1996,2183668339,1000,1555,1555,2.3853402,-0.00148,-1,-1,-1,0,0,0,136,1,1,0,0.0000000,0.0000000,0.0000000,0,0,0,0
756771845283208 D 1997,2183669339,1000,1555,1555,2.3853402,-0.00142,-1,-1,-1,0,0,0,136,1,1,0,0.0000000,0.0000000,0.0000000,0,0,0,0
756771846272833 D 1998,2183670339,1000,1555,1555,2.3853402,-0.00136,-1,-1,-1,0,0,0,136,1,1,0,0.0000000,0.0000000,0.0000000,0,0,0,0
756771847327416 D 1999,2183671339,1000,1555,1555,2.3853402,-0.00131,-1,-1,-1,0,0,0,136,1,1,0,0.0000000,0.0000000,0.0000000,0,0,0,0
756771848364750 D 2000,2183672339,1000,1555,1555,2.3853402,-0.00126,-1,-1,-1,0,0,0,136,1,1,0,0.0000000,0.0000000,0.0000000,0,0,0,0
756771849295833 D 2001,2183673339,1000,1555,1555,2.3853402,-0.00121,-1,-1,-1,0,0,0,136,1,1,0,0.0000000,0.0000000,0.0000000,0,0,0,0
756771850333166 D 2002,2183674339,1000,1555,1555,2.3853402,-0.00116,-1,-1,-1,0,0,0,136,1,1,0,0.0000000,0.0000000,0.0000000,0,0,0,0
756771851467833 D 2003,2183675339,1000,1555,1555,2.3853402,-0.00112,-1,-1,-1,0,0,0,136,1,1,0,0.0000000,0.0000000,0.0000000,0,0,0,0
756771852429166 D 2004,2183676339,1000,1555,1555,2.3853402,-0.00107,-1,-1,-1,0,0,0,136,1,1,0,0.0000000,0.0000000,0.0000000,0,0,0,0
756771853404458 D 2005,2183677339,1000,1555,1555,2.3853402,-0.00103,-1,-1,-1,0,0,0,136,1,1,0,0.0000000,0.0000000,0.0000000,0,0,0,0
756771854365500 D 2006,2183678339,1000,1555,1555,2.3853402,-0.00099,-1,-1,-1,0,0,0,136,1,1,0,0.0000000,0.0000000,0.0000000,0,0,0,0
756771855304291 D 2007,2183679339,1000,1555,1555,2.3853402,-0.00095,-1,-1,-1,0,0,0,136,1,1,0,0.0000000,0.0000000,0.0000000,0,0,0,0
756771856276375 D 2008,2183680339,1000,1556,1556,2.3868742,0.05924,-1,-1,-1,0,0,0,136,1,1,0,0.0000000,0.0000000,0.0000000,0,0,0,0
756771857295333 D 2009,2183681339,1000,1555,1555,2.3853402,-0.00324,-1,-1,-1,0,0,0,136,1,1,0,0.0000000,0.0000000,0.0000000,0,0,0,0
756771858299500 D 2010,2183682339,1000,1555,1555,2.3853402,-0.00311,-1,-1,-1,0,0,0,136,1,1,0,0.0000000,0.0000000,0.0000000,0,0,0,0
756771859299416 D 2011,2183683339,1000,1555,1555,2.3853402,-0.00299,-1,-1,-1,0,0,0,136,1,1,0,0.0000000,0.0000000,0.0000000,0,0,0,0
756771860293750 D 2012,2183684339,1000,1555,1555,2.3853402,-0.00287,-1,-1,-1,0,0,0,136,1,1,0,0.0000000,0.0000000,0.0000000,0,0,0,0
756771861509833 D 2013,2183685339,1000,1555,1555,2.3853402,-0.00276,-1,-1,-1,0,0,0,136,1,1,0,0.0000000,0.0000000,0.0000000,0,0,0,0
756771862487500 D 2014,2183686339,1000,1556,1556,2.3868742,0.05750,-1,-1,-1,0,0,0,136,1,1,0,0.0000000,0.0000000,0.0000000,0,0,0,0
756771863494166 D 2015,2183687339,1000,1555,1555,2.3853402,-0.00490,-1,-1,-1,0,0,0,136,1,1,0,0.0000000,0.0000000,0.0000000,0,0,0,0
756771864495500 D 2016,2183688339,1000,1555,1555,2.3853402,-0.00471,-1,-1,-1,0,0,0,136,1,1,0,0.0000000,0.0000000,0.0000000,0,0,0,0
756771865517916 D 2017,2183689339,1000,1555,1555,2.3853402,-0.00453,-1,-1,-1,0,0,0,136,1,1,0,0.0000000,0.0000000,0.0000000,0,0,0,0
756771866340375 D 2018,2183690339,1000,1555,1555,2.3853402,-0.00435,-1,-1,-1,0,0,0,136,1,1,0,0.0000000,0.0000000,0.0000000,0,0,0,0
756771867283958 D 2019,2183691339,1000,1555,1555,2.3853402,-0.00418,-1,-1,-1,0,0,0,136,1,1,0,0.0000000,0.0000000,0.0000000,0,0,0,0
756771868304375 D 2020,2183692339,1000,1555,1555,2.3853402,-0.00401,-1,-1,-1,0,0,0,136,1,1,0,0.0000000,0.0000000,0.0000000,0,0,0,0
756771869281208 D 2021,2183693339,1000,1555,1555,2.3853402,-0.00386,-1,-1,-1,0,0,0,136,1,1,0,0.0000000,0.0000000,0.0000000,0,0,0,0
756771870275458 D 2022,2183694339,1000,1555,1555,2.3853402,-0.00371,-1,-1,-1,0,0,0,136,1,1,0,0.0000000,0.0000000,0.0000000,0,0,0,0
756771871276833 D 2023,2183695339,1000,1555,1555,2.3853402,-0.00356,-1,-1,-1,0,0,0,136,1,1,0,0.0000000,0.0000000,0.0000000,0,0,0,0
756771872277250 D 2024,2183696339,1000,1555,1555,2.3853402,-0.00342,-1,-1,-1,0,0,0,136,1,1,0,0.0000000,0.0000000,0.0000000,0,0,0,0
756771873281291 D 2025,2183697339,1000,1555,1555,2.3853402,-0.00329,-1,-1,-1,0,0,0,136,1,1,0,0.0000000,0.0000000,0.0000000,0,0,0,0
756771874302041 D 2026,2183698339,1000,1555,1555,2.3853402,-0.00316,-1,-1,-1,0,0,0,136,1,1,0,0.0000000,0.0000000,0.0000000,0,0,0,0
756771875285541 D 2027,2183699339,1000,1555,1555,2.3853402,-0.00303,-1,-1,-1,0,0,0,136,1,1,0,0.0000000,0.0000000,0.0000000,0,0,0,0
756771876278916 D 2028,2183700339,1000,1555,1555,2.3853402,-0.00292,-1,-1,-1,0,0,0,136,1,1,0,0.0000000,0.0000000,0.0000000,0,0,0,0
756771877498708 D 2029,2183701339,1000,1555,1555,2.3853402,-0.00280,-1,-1,-1,0,0,0,136,1,1,0,0.0000000,0.0000000,0.0000000,0,0,0,0
756771878878291 D 2030,2183702339,1000,1555,1555,2.3853402,-0.00269,39,128,2035,0,0,0,136,1,1,0,0.0000000,0.0000000,0.0000000,0,0,0,0
756771879714416 D 2031,2183703339,1000,1555,1555,2.3853402,-0.00259,-1,-1,-1,0,0,0,136,1,1,0,0.0000000,0.0000000,0.0000000,0,0,0,0
756771880536166 D 2032,2183704339,1000,1555,1555,2.3853402,-0.00248,-1,-1,-1,0,0,0,135,1,1,0,0.0000000,0.0000000,0.0000000,0,0,0,0
756771881483833 D 2033,2183705339,1000,1555,1555,2.3853402,-0.00239,-1,-1,-1,0,0,0,136,1,1,0,0.0000000,0.0000000,0.0000000,0,0,0,0
756771882319916 D 2034,2183706339,1000,1555,1555,2.3853402,-0.00229,-1,-1,-1,0,0,0,136,1,1,0,0.0000000,0.0000000,0.0000000,0,0,0,0
756771883331000 D 2035,2183707339,1000,1555,1555,2.3853402,-0.00220,-1,-1,-1,0,0,0,136,1,1,0,0.0000000,0.0000000,0.0000000,0,0,0,0
756771884288041 D 2036,2183708339,1000,1555,1555,2.3853402,-0.00212,-1,-1,-1,0,0,0,136,1,1,0,0.0000000,0.0000000,0.0000000,0,0,0,0
756771885283500 D 2037,2183709339,1000,1555,1555,2.3853402,-0.00203,-1,-1,-1,0,0,0,136,1,1,0,0.0000000,0.0000000,0.0000000,0,0,0,0
756771886264875 D 2038,2183710339,1000,1555,1555,2.3853402,-0.00195,-1,-1,-1,0,0,0,136,1,1,0,0.0000000,0.0000000,0.0000000,0,0,0,0
756771887277583 D 2039,2183711339,1000,1555,1555,2.3853402,-0.00188,-1,-1,-1,0,0,0,136,1,1,0,0.0000000,0.0000000,0.0000000,0,0,0,0
756771888265375 D 2040,2183712339,1000,1555,1555,2.3853402,-0.00180,-1,-1,-1,0,0,0,136,1,1,0,0.0000000,0.0000000,0.0000000,0,0,0,0
756771889275708 D 2041,2183713339,1000,1555,1555,2.3853402,-0.00173,-1,-1,-1,0,0,0,136,1,1,0,0.0000000,0.0000000,0.0000000,0,0,0,0
756771890262208 D 2042,2183714339,1000,1556,1556,2.3868742,0.05848,-1,-1,-1,0,0,0,136,1,1,0,0.0000000,0.0000000,0.0000000,0,0,0,0
756771891263541 D 2043,2183715339,1000,1555,1555,2.3853402,-0.00396,-1,-1,-1,0,0,0,136,1,1,0,0.0000000,0.0000000,0.0000000,0,0,0,0
756771892266291 D 2044,2183716339,1000,1555,1555,2.3853402,-0.00380,-1,-1,-1,0,0,0,136,1,1,0,0.0000000,0.0000000,0.0000000,0,0,0,0
756771893266083 D 2045,2183717339,1000,1555,1555,2.3853402,-0.00365,-1,-1,-1,0,0,0,136,1,1,0,0.0000000,0.0000000,0.0000000,0,0,0,0
756771894260708 D 2046,2183718339,1000,1555,1555,2.3853402,-0.00351,-1,-1,-1,0,0,0,136,1,1,0,0.0000000,0.0000000,0.0000000,0,0,0,0
756771895265833 D 2047,2183719339,1000,1555,1555,2.3853402,-0.00337,-1,-1,-1,0,0,0,136,1,1,0,0.0000000,0.0000000,0.0000000,0,0,0,0
756771896270125 D 2048,2183720339,1000,1555,1555,2.3853402,-0.00324,-1,-1,-1,0,0,0,136,1,1,0,0.0000000,0.0000000,0.0000000,0,0,0,0
756771897289916 D 2049,2183721339,1000,1555,1555,2.3853402,-0.00311,-1,-1,-1,0,0,0,136,1,1,0,0.0000000,0.0000000,0.0000000,0,0,0,0
756771898270208 D 2050,2183722339,1000,1555,1555,2.3853402,-0.00299,-1,-1,-1,0,0,0,136,1,1,0,0.0000000,0.0000000,0.0000000,0,0,0,0
756771899284916 D 2051,2183723339,1000,1555,1555,2.3853402,-0.00287,-1,-1,-1,0,0,0,136,1,1,0,0.0000000,0.0000000,0.0000000,0,0,0,0
756771900266666 D 2052,2183724339,1000,1556,1556,2.3868742,0.05739,-1,-1,-1,0,0,0,136,1,1,0,0.0000000,0.0000000,0.0000000,0,0,0,0
756771901266916 D 2053,2183725339,1000,1555,1555,2.3853402,-0.00501,-1,-1,-1,0,0,0,136,1,1,0,0.0000000,0.0000000,0.0000000,0,0,0,0
756771902271208 D 2054,2183726339,1000,1555,1555,2.3853402,-0.00482,-1,-1,-1,0,0,0,136,1,1,0,0.0000000,0.0000000,0.0000000,0,0,0,0
756771903263916 D 2055,2183727339,1000,1555,1555,2.3853402,-0.00463,-1,-1,-1,0,0,0,136,1,1,0,0.0000000,0.0000000,0.0000000,0,0,0,0
756771904268458 D 2056,2183728339,1000,1555,1555,2.3853402,-0.00445,-1,-1,-1,0,0,0,136,1,1,0,0.0000000,0.0000000,0.0000000,0,0,0,0
756771905343875 D 2057,2183729339,1000,1555,1555,2.3853402,-0.00427,-1,-1,-1,0,0,0,136,1,1,0,0.0000000,0.0000000,0.0000000,0,0,0,0
756771906403666 D 2058,2183730339,1000,1555,1555,2.3853402,-0.00410,-1,-1,-1,0,0,0,136,1,1,0,0.0000000,0.0000000,0.0000000,0,0,0,0
756771907419000 D 2059,2183731339,1000,1555,1555,2.3853402,-0.00394,-1,-1,-1,0,0,0,136,1,1,0,0.0000000,0.0000000,0.0000000,0,0,0,0
756771908505000 D 2060,2183732339,1000,1555,1555,2.3853402,-0.00379,-1,-1,-1,0,0,0,136,1,1,0,0.0000000,0.0000000,0.0000000,0,0,0,0
756771909704458 D 2061,2183733339,1000,1555,1555,2.3853402,-0.00364,-1,-1,-1,0,0,0,136,1,1,0,0.0000000,0.0000000,0.0000000,0,0,0,0
756771910656875 D 2062,2183734339,1000,1555,1555,2.3853402,-0.00350,-1,-1,-1,0,0,0,136,1,1,0,0.0000000,0.0000000,0.0000000,0,0,0,0
756771911541958 D 2063,2183735339,1000,1555,1555,2.3853402,-0.00336,-1,-1,-1,0,0,0,136,1,1,0,0.0000000,0.0000000,0.0000000,0,0,0,0
756771912319041 D 2064,2183736339,1000,1555,1555,2.3853402,-0.00323,-1,-1,-1,0,0,0,136,1,1,0,0.0000000,0.0000000,0.0000000,0,0,0,0
756771913325916 D 2065,2183737339,1000,1556,1556,2.3868742,0.05705,-1,-1,-1,0,0,0,136,1,1,0,0.0000000,0.0000000,0.0000000,0,0,0,0
756771914413916 D 2066,2183738339,1000,1555,1555,2.3853402,-0.00534,-1,-1,-1,0,0,0,136,1,1,0,0.0000000,0.0000000,0.0000000,0,0,0,0
756771915371291 D 2067,2183739339,1000,1555,1555,2.3853402,-0.00513,-1,-1,-1,0,0,0,135,1,1,0,0.0000000,0.0000000,0.0000000,0,0,0,0
756771916327083 D 2068,2183740339,1000,1555,1555,2.3853402,-0.00493,-1,-1,-1,0,0,0,136,1,1,0,0.0000000,0.0000000,0.0000000,0,0,0,0
756771917286458 D 2069,2183741339,1000,1555,1555,2.3853402,-0.00473,-1,-1,-1,0,0,0,136,1,1,0,0.0000000,0.0000000,0.0000000,0,0,0,0
756771918267208 D 2070,2183742339,1000,1555,1555,2.3853402,-0.00455,-1,-1,-1,0,0,0,136,1,1,0,0.0000000,0.0000000,0.0000000,0,0,0,0
756771919253833 D 2071,2183743339,1000,1555,1555,2.3853402,-0.00437,-1,-1,-1,0,0,0,136,1,1,0,0.0000000,0.0000000,0.0000000,0,0,0,0
756771920289791 D 2072,2183744339,1000,1555,1555,2.3853402,-0.00420,-1,-1,-1,0,0,0,136,1,1,0,0.0000000,0.0000000,0.0000000,0,0,0,0
756771921350333 D 2073,2183745339,1000,1555,1555,2.3853402,-0.00403,-1,-1,-1,0,0,0,136,1,1,0,0.0000000,0.0000000,0.0000000,0,0,0,0
756771922190333 D 2074,2183746339,1000,1555,1555,2.3853402,-0.00388,-1,-1,-1,0,0,0,136,1,1,0,0.0000000,0.0000000,0.0000000,0,0,0,0
756771923207333 D 2075,2183747339,1000,1555,1555,2.3853402,-0.00372,-1,-1,-1,0,0,0,136,1,1,0,0.0000000,0.0000000,0.0000000,0,0,0,0
756771924343041 D 2076,2183748339,1000,1555,1555,2.3853402,-0.00358,-1,-1,-1,0,0,0,136,1,1,0,0.0000000,0.0000000,0.0000000,0,0,0,0
756771925312833 D 2077,2183749339,1000,1555,1555,2.3853402,-0.00344,-1,-1,-1,0,0,0,136,1,1,0,0.0000000,0.0000000,0.0000000,0,0,0,0
756771926396250 D 2078,2183750339,1000,1555,1555,2.3853402,-0.00330,-1,-1,-1,0,0,0,136,1,1,0,0.0000000,0.0000000,0.0000000,0,0,0,0
756771927280791 D 2079,2183751339,1000,1555,1555,2.3853402,-0.00317,-1,-1,-1,0,0,0,136,1,1,0,0.0000000,0.0000000,0.0000000,0,0,0,0
756771928782166 D 2080,2183752339,1000,1555,1555,2.3853402,-0.00305,39,128,2036,0,0,0,136,1,1,0,0.0000000,0.0000000,0.0000000,0,0,0,0
756771929417458 D 2081,2183753339,1000,1555,1555,2.3853402,-0.00293,-1,-1,-1,0,0,0,136,1,1,0,0.0000000,0.0000000,0.0000000,0,0,0,0
756771930227875 D 2082,2183754339,1000,1555,1555,2.3853402,-0.00281,-1,-1,-1,0,0,0,136,1,1,0,0.0000000,0.0000000,0.0000000,0,0,0,0
756771931249000 D 2083,2183755339,1000,1555,1555,2.3853402,-0.00270,-1,-1,-1,0,0,0,136,1,1,0,0.0000000,0.0000000,0.0000000,0,0,0,0
756771932296833 D 2084,2183756339,1000,1555,1555,2.3853402,-0.00260,-1,-1,-1,0,0,0,136,1,1,0,0.0000000,0.0000000,0.0000000,0,0,0,0
756771933305583 D 2085,2183757339,1000,1555,1555,2.3853402,-0.00250,-1,-1,-1,0,0,0,136,1,1,0,0.0000000,0.0000000,0.0000000,0,0,0,0
756771934276291 D 2086,2183758339,1000,1555,1555,2.3853402,-0.00240,-1,-1,-1,0,0,0,136,1,1,0,0.0000000,0.0000000,0.0000000,0,0,0,0
756771935302708 D 2087,2183759339,1000,1555,1555,2.3853402,-0.00230,-1,-1,-1,0,0,0,136,1,1,0,0.0000000,0.0000000,0.0000000,0,0,0,0
756771936529291 D 2088,2183760339,1000,1555,1555,2.3853402,-0.00221,-1,-1,-1,0,0,0,136,1,1,0,0.0000000,0.0000000,0.0000000,0,0,0,0
756771937501916 D 2089,2183761339,1000,1555,1555,2.3853402,-0.00213,-1,-1,-1,0,0,0,136,1,1,0,0.0000000,0.0000000,0.0000000,0,0,0,0
756771938537875 D 2090,2183762339,1000,1555,1555,2.3853402,-0.00204,-1,-1,-1,0,0,0,136,1,1,0,0.0000000,0.0000000,0.0000000,0,0,0,0
756771939182708 D 2091,2183763339,1000,1555,1555,2.3853402,-0.00196,-1,-1,-1,0,0,0,136,1,1,0,0.0000000,0.0000000,0.0000000,0,0,0,0
756771940122500 D 2092,2183764339,1000,1555,1555,2.3853402,-0.00189,-1,-1,-1,0,0,0,136,1,1,0,0.0000000,0.0000000,0.0000000,0,0,0,0
756771941190375 D 2093,2183765339,1000,1556,1556,2.3868742,0.05834,-1,-1,-1,0,0,0,136,1,1,0,0.0000000,0.0000000,0.0000000,0,0,0,0
756771942257041 D 2094,2183766339,1000,1555,1555,2.3853402,-0.00410,-1,-1,-1,0,0,0,136,1,1,0,0.0000000,0.0000000,0.0000000,0,0,0,0
756771943250625 D 2095,2183767339,1000,1555,1555,2.3853402,-0.00394,-1,-1,-1,0,0,0,136,1,1,0,0.0000000,0.0000000,0.0000000,0,0,0,0
756771944247583 D 2096,2183768339,1000,1555,1555,2.3853402,-0.00378,-1,-1,-1,0,0,0,136,1,1,0,0.0000000,0.0000000,0.0000000,0,0,0,0
756771945250250 D 2097,2183769339,1000,1555,1555,2.3853402,-0.00364,-1,-1,-1,0,0,0,136,1,1,0,0.0000000,0.0000000,0.0000000,0,0,0,0
756771946260333 D 2098,2183770339,1000,1555,1555,2.3853402,-0.00349,-1,-1,-1,0,0,0,136,1,1,0,0.0000000,0.0000000,0.0000000,0,0,0,0
756771947307000 D 2099,2183771339,1000,1555,1555,2.3853402,-0.00336,-1,-1,-1,0,0,0,136,1,1,0,0.0000000,0.0000000,0.0000000,0,0,0,0
756771948264291 D 2100,2183772339,1000,1555,1555,2.3853402,-0.00323,-1,-1,-1,0,0,0,136,1,1,0,0.0000000,0.0000000,0.0000000,0,0,0,0
756771949257625 D 2101,2183773339,1000,1555,1555,2.3853402,-0.00310,-1,-1,-1,0,0,0,136,1,1,0,0.0000000,0.0000000,0.0000000,0,0,0,0
756771950319208 D 2102,2183774339,1000,1555,1555,2.3853402,-0.00298,-1,-1,-1,0,0,0,135,1,1,0,0.0000000,0.0000000,0.0000000,0,0,0,0
756771951306541 D 2103,2183775339,1000,1555,1555,2.3853402,-0.00286,-1,-1,-1,0,0,0,136,1,1,0,0.0000000,0.0000000,0.0000000,0,0,0,0
756771952306708 D 2104,2183776339,1000,1555,1555,2.3853402,-0.00275,-1,-1,-1,0,0,0,136,1,1,0,0.0000000,0.0000000,0.0000000,0,0,0,0
756771953300125 D 2105,2183777339,1000,1555,1555,2.3853402,-0.00264,-1,-1,-1,0,0,0,136,1,1,0,0.0000000,0.0000000,0.0000000,0,0,0,0
756771954294916 D 2106,2183778339,1000,1555,1555,2.3853402,-0.00254,-1,-1,-1,0,0,0,136,1,1,0,0.0000000,0.0000000,0.0000000,0,0,0,0
756771955279875 D 2107,2183779339,1000,1555,1555,2.3853402,-0.00244,-1,-1,-1,0,0,0,136,1,1,0,0.0000000,0.0000000,0.0000000,0,0,0,0
756771956272250 D 2108,2183780339,1000,1555,1555,2.3853402,-0.00234,-1,-1,-1,0,0,0,136,1,1,0,0.0000000,0.0000000,0.0000000,0,0,0,0
756771957266041 D 2109,2183781339,1000,1555,1555,2.3853402,-0.00225,-1,-1,-1,0,0,0,135,1,1,0,0.0000000,0.0000000,0.0000000,0,0,0,0
756771958260166 D 2110,2183782339,1000,1555,1555,2.3853402,-0.00216,-1,-1,-1,0,0,0,136,1,1,0,0.0000000,0.0000000,0.0000000,0,0,0,0
756771959262208 D 2111,2183783339,1000,1555,1555,2.3853402,-0.00208,-1,-1,-1,0,0,0,136,1,1,0,0.0000000,0.0000000,0.0000000,0,0,0,0
756771960260083 D 2112,2183784339,1000,1555,1555,2.3853402,-0.00200,-1,-1,-1,0,0,0,136,1,1,0,0.0000000,0.0000000,0.0000000,0,0,0,0
756771961266291 D 2113,2183785339,1000,1556,1556,2.3868742,0.05823,-1,-1,-1,0,0,0,136,1,1,0,0.0000000,0.0000000,0.0000000,0,0,0,0
756771962289666 D 2114,2183786339,1000,1555,1555,2.3853402,-0.00420,-1,-1,-1,0,0,0,136,1,1,0,0.0000000,0.0000000,0.0000000,0,0,0,0
756771963279291 D 2115,2183787339,1000,1555,1555,2.3853402,-0.00404,-1,-1,-1,0,0,0,136,1,1,0,0.0000000,0.0000000,0.0000000,0,0,0,0
756771964296291 D 2116,2183788339,1000,1555,1555,2.3853402,-0.00388,-1,-1,-1,0,0,0,136,1,1,0,0.0000000,0.0000000,0.0000000,0,0,0,0
756771965274375 D 2117,2183789339,1000,1555,1555,2.3853402,-0.00373,-1,-1,-1,0,0,0,136,1,1,0,0.0000000,0.0000000,0.0000000,0,0,0,0
756771966493375 D 2118,2183790339,1000,1555,1555,2.3853402,-0.00358,-1,-1,-1,0,0,0,136,1,1,0,0.0000000,0.0000000,0.0000000,0,0,0,0
756771967503041 D 2119,2183791339,1000,1555,1555,2.3853402,-0.00344,-1,-1,-1,0,0,0,136,1,1,0,0.0000000,0.0000000,0.0000000,0,0,0,0
756771968516833 D 2120,2183792339,1000,1555,1555,2.3853402,-0.00330,-1,-1,-1,0,0,0,136,1,1,0,0.0000000,0.0000000,0.0000000,0,0,0,0
756771969280208 D 2121,2183793339,1000,1555,1555,2.3853402,-0.00317,-1,-1,-1,0,0,0,136,1,1,0,0.0000000,0.0000000,0.0000000,0,0,0,0
756771970298291 D 2122,2183794339,1000,1555,1555,2.3853402,-0.00305,-1,-1,-1,0,0,0,136,1,1,0,0.0000000,0.0000000,0.0000000,0,0,0,0
756771971337250 D 2123,2183795339,1000,1555,1555,2.3853402,-0.00293,-1,-1,-1,0,0,0,136,1,1,0,0.0000000,0.0000000,0.0000000,0,0,0,0
756771972315833 D 2124,2183796339,1000,1555,1555,2.3853402,-0.00282,-1,-1,-1,0,0,0,136,1,1,0,0.0000000,0.0000000,0.0000000,0,0,0,0
756771973335791 D 2125,2183797339,1000,1555,1555,2.3853402,-0.00271,-1,-1,-1,0,0,0,136,1,1,0,0.0000000,0.0000000,0.0000000,0,0,0,0
756771974321666 D 2126,2183798339,1000,1555,1555,2.3853402,-0.00260,-1,-1,-1,0,0,0,136,1,1,0,0.0000000,0.0000000,0.0000000,0,0,0,0
756771975292250 D 2127,2183799339,1000,1556,1556,2.3868742,0.05765,-1,-1,-1,0,0,0,136,1,1,0,0.0000000,0.0000000,0.0000000,0,0,0,0
756771976286833 D 2128,2183800339,1000,1555,1555,2.3853402,-0.00476,-1,-1,-1,0,0,0,136,1,1,0,0.0000000,0.0000000,0.0000000,0,0,0,0
756771977302083 D 2129,2183801339,1000,1555,1555,2.3853402,-0.00457,-1,-1,-1,0,0,0,136,1,1,0,0.0000000,0.0000000,0.0000000,0,0,0,0
756771978647083 D 2130,2183802339,1000,1555,1555,2.3853402,-0.00439,39,128,2036,0,0,0,136,1,1,0,0.0000000,0.0000000,0.0000000,0,0,0,0
756771979283250 D 2131,2183803339,1000,1555,1555,2.3853402,-0.00422,-1,-1,-1,0,0,0,136,1,1,0,0.0000000,0.0000000,0.0000000,0,0,0,0
756771980304541 D 2132,2183804339,1000,1555,1555,2.3853402,-0.00405,-1,-1,-1,0,0,0,136,1,1,0,0.0000000,0.0000000,0.0000000,0,0,0,0
756771981299708 D 2133,2183805339,1000,1555,1555,2.3853402,-0.00390,-1,-1,-1,0,0,0,136,1,1,0,0.0000000,0.0000000,0.0000000,0,0,0,0
756771982326375 D 2134,2183806339,1000,1555,1555,2.3853402,-0.00374,-1,-1,-1,0,0,0,136,1,1,0,0.0000000,0.0000000,0.0000000,0,0,0,0
756771983302541 D 2135,2183807339,1000,1555,1555,2.3853402,-0.00360,-1,-1,-1,0,0,0,136,1,1,0,0.0000000,0.0000000,0.0000000,0,0,0,0
756771984303083 D 2136,2183808339,1000,1555,1555,2.3853402,-0.00345,-1,-1,-1,0,0,0,136,1,1,0,0.0000000,0.0000000,0.0000000,0,0,0,0
756771985294166 D 2137,2183809339,1000,1555,1555,2.3853402,-0.00332,-1,-1,-1,0,0,0,136,1,1,0,0.0000000,0.0000000,0.0000000,0,0,0,0
756771986299000 D 2138,2183810339,1000,1555,1555,2.3853402,-0.00319,-1,-1,-1,0,0,0,136,1,1,0,0.0000000,0.0000000,0.0000000,0,0,0,0
756771987286083 D 2139,2183811339,1000,1555,1555,2.3853402,-0.00306,-1,-1,-1,0,0,0,136,1,1,0,0.0000000,0.0000000,0.0000000,0,0,0,0
756771988292625 D 2140,2183812339,1000,1555,1555,2.3853402,-0.00294,-1,-1,-1,0,0,0,136,1,1,0,0.0000000,0.0000000,0.0000000,0,0,0,0
756771989317500 D 2141,2183813339,1000,1555,1555,2.3853402,-0.00283,-1,-1,-1,0,0,0,136,1,1,0,0.0000000,0.0000000,0.0000000,0,0,0,0
756771990292500 D 2142,2183814339,1000,1555,1555,2.3853402,-0.00272,-1,-1,-1,0,0,0,136,1,1,0,0.0000000,0.0000000,0.0000000,0,0,0,0
756771991288333 D 2143,2183815339,1000,1555,1555,2.3853402,-0.00261,-1,-1,-1,0,0,0,136,1,1,0,0.0000000,0.0000000,0.0000000,0,0,0,0
756771992385375 D 2144,2183816339,1000,1555,1555,2.3853402,-0.00251,-1,-1,-1,0,0,0,136,1,1,0,0.0000000,0.0000000,0.0000000,0,0,0,0
756771993311875 D 2145,2183817339,1000,1555,1555,2.3853402,-0.00241,-1,-1,-1,0,0,0,136,1,1,0,0.0000000,0.0000000,0.0000000,0,0,0,0
756771994284583 D 2146,2183818339,1000,1555,1555,2.3853402,-0.00232,-1,-1,-1,0,0,0,136,1,1,0,0.0000000,0.0000000,0.0000000,0,0,0,0
756771995270958 D 2147,2183819339,1000,1556,1556,2.3868742,0.05792,-1,-1,-1,0,0,0,136,1,1,0,0.0000000,0.0000000,0.0000000,0,0,0,0
756771996274041 D 2148,2183820339,1000,1555,1555,2.3853402,-0.00450,-1,-1,-1,0,0,0,136,1,1,0,0.0000000,0.0000000,0.0000000,0,0,0,0
756771997281583 D 2149,2183821339,1000,1555,1555,2.3853402,-0.00432,-1,-1,-1,0,0,0,136,1,1,0,0.0000000,0.0000000,0.0000000,0,0,0,0
756771998495291 D 2150,2183822339,1000,1555,1555,2.3853402,-0.00415,-1,-1,-1,0,0,0,136,1,1,0,0.0000000,0.0000000,0.0000000,0,0,0,0
756771999519375 D 2151,2183823339,1000,1555,1555,2.3853402,-0.00399,-1,-1,-1,0,0,0,136,1,1,0,0.0000000,0.0000000,0.0000000,0,0,0,0
756772000410291 D 2152,2183824339,1000,1555,1555,2.3853402,-0.00383,-1,-1,-1,0,0,0,136,1,1,0,0.0000000,0.0000000,0.0000000,0,0,0,0
756772001332291 D 2153,2183825339,1000,1555,1555,2.3853402,-0.00368,-1,-1,-1,0,0,0,136,1,1,0,0.0000000,0.0000000,0.0000000,0,0,0,0
756772002346583 D 2154,2183826339,1000,1555,1555,2.3853402,-0.00354,-1,-1,-1,0,0,0,136,1,1,0,0.0000000,0.0000000,0.0000000,0,0,0,0
756772003297333 D 2155,2183827339,1000,1555,1555,2.3853402,-0.00340,-1,-1,-1,0,0,0,136,1,1,0,0.0000000,0.0000000,0.0000000,0,0,0,0
756772004292666 D 2156,2183828339,1000,1555,1555,2.3853402,-0.00327,-1,-1,-1,0,0,0,136,1,1,0,0.0000000,0.0000000,0.0000000,0,0,0,0
756772005295750 D 2157,2183829339,1000,1555,1555,2.3853402,-0.00314,-1,-1,-1,0,0,0,136,1,1,0,0.0000000,0.0000000,0.0000000,0,0,0,0
756772006311458 D 2158,2183830339,1000,1555,1555,2.3853402,-0.00301,-1,-1,-1,0,0,0,135,1,1,0,0.0000000,0.0000000,0.0000000,0,0,0,0
756772007290208 D 2159,2183831339,1000,1555,1555,2.3853402,-0.00290,-1,-1,-1,0,0,0,136,1,1,0,0.0000000,0.0000000,0.0000000,0,0,0,0
756772008296458 D 2160,2183832339,1000,1555,1555,2.3853402,-0.00278,-1,-1,-1,0,0,0,136,1,1,0,0.0000000,0.0000000,0.0000000,0,0,0,0
756772009302833 D 2161,2183833339,1000,1555,1555,2.3853402,-0.00267,-1,-1,-1,0,0,0,136,1,1,0,0.0000000,0.0000000,0.0000000,0,0,0,0
756772010286666 D 2162,2183834339,1000,1555,1555,2.3853402,-0.00257,-1,-1,-1,0,0,0,136,1,1,0,0.0000000,0.0000000,0.0000000,0,0,0,0
756772011294083 D 2163,2183835339,1000,1555,1555,2.3853402,-0.00247,-1,-1,-1,0,0,0,136,1,1,0,0.0000000,0.0000000,0.0000000,0,0,0,0
756772012308333 D 2164,2183836339,1000,1555,1555,2.3853402,-0.00237,-1,-1,-1,0,0,0,136,1,1,0,0.0000000,0.0000000,0.0000000,0,0,0,0
756772013302083 D 2165,2183837339,1000,1555,1555,2.3853402,-0.00228,-1,-1,-1,0,0,0,136,1,1,0,0.0000000,0.0000000,0.0000000,0,0,0,0
756772014295250 D 2166,2183838339,1000,1555,1555,2.3853402,-0.00219,-1,-1,-1,0,0,0,136,1,1,0,0.0000000,0.0000000,0.0000000,0,0,0,0
756772015295250 D 2167,2183839339,1000,1555,1555,2.3853402,-0.00210,-1,-1,-1,0,0,0,136,1,1,0,0.0000000,0.0000000,0.0000000,0,0,0,0
756772016278250 D 2168,2183840339,1000,1555,1555,2.3853402,-0.00202,-1,-1,-1,0,0,0,136,1,1,0,0.0000000,0.0000000,0.0000000,0,0,0,0
756772017499958 D 2169,2183841339,1000,1555,1555,2.3853402,-0.00194,-1,-1,-1,0,0,0,136,1,1,0,0.0000000,0.0000000,0.0000000,0,0,0,0
756772018496958 D 2170,2183842339,1000,1555,1555,2.3853402,-0.00187,-1,-1,-1,0,0,0,136,1,1,0,0.0000000,0.0000000,0.0000000,0,0,0,0
756772019491958 D 2171,2183843339,1000,1555,1555,2.3853402,-0.00179,-1,-1,-1,0,0,0,136,1,1,0,0.0000000,0.0000000,0.0000000,0,0,0,0
756772020303083 D 2172,2183844339,1000,1555,1555,2.3853402,-0.00172,-1,-1,-1,0,0,0,136,1,1,0,0.0000000,0.0000000,0.0000000,0,0,0,0
756772021264958 D 2173,2183845339,1000,1555,1555,2.3853402,-0.00165,-1,-1,-1,0,0,0,136,1,1,0,0.0000000,0.0000000,0.0000000,0,0,0,0
756772022258083 D 2174,2183846339,1000,1555,1555,2.3853402,-0.00159,-1,-1,-1,0,0,0,136,1,1,0,0.0000000,0.0000000,0.0000000,0,0,0,0
756772023280458 D 2175,2183847339,1000,1555,1555,2.3853402,-0.00153,-1,-1,-1,0,0,0,136,1,1,0,0.0000000,0.0000000,0.0000000,0,0,0,0
756772024292166 D 2176,2183848339,1000,1555,1555,2.3853402,-0.00147,-1,-1,-1,0,0,0,136,1,1,0,0.0000000,0.0000000,0.0000000,0,0,0,0
756772025276625 D 2177,2183849339,1000,1555,1555,2.3853402,-0.00141,-1,-1,-1,0,0,0,136,1,1,0,0.0000000,0.0000000,0.0000000,0,0,0,0
756772026275166 D 2178,2183850339,1000,1555,1555,2.3853402,-0.00135,-1,-1,-1,0,0,0,136,1,1,0,0.0000000,0.0000000,0.0000000,0,0,0,0
756772027272958 D 2179,2183851339,1000,1555,1555,2.3853402,-0.00130,-1,-1,-1,0,0,0,136,1,1,0,0.0000000,0.0000000,0.0000000,0,0,0,0
756772028729708 D 2180,2183852339,1000,1555,1555,2.3853402,-0.00125,39,128,2035,0,0,0,136,1,1,0,0.0000000,0.0000000,0.0000000,0,0,0,0
756772029346375 D 2181,2183853339,1000,1555,1555,2.3853402,-0.00120,-1,-1,-1,0,0,0,136,1,1,0,0.0000000,0.0000000,0.0000000,0,0,0,0
756772030264500 D 2182,2183854339,1000,1555,1555,2.3853402,-0.00115,-1,-1,-1,0,0,0,136,1,1,0,0.0000000,0.0000000,0.0000000,0,0,0,0
756772031276916 D 2183,2183855339,1000,1555,1555,2.3853402,-0.00111,-1,-1,-1,0,0,0,136,1,1,0,0.0000000,0.0000000,0.0000000,0,0,0,0
756772032259666 D 2184,2183856339,1000,1555,1555,2.3853402,-0.00107,-1,-1,-1,0,0,0,136,1,1,0,0.0000000,0.0000000,0.0000000,0,0,0,0
756772033267625 D 2185,2183857339,1000,1555,1555,2.3853402,-0.00102,-1,-1,-1,0,0,0,136,1,1,0,0.0000000,0.0000000,0.0000000,0,0,0,0
756772034262250 D 2186,2183858339,1000,1555,1555,2.3853402,-0.00098,-1,-1,-1,0,0,0,136,1,1,0,0.0000000,0.0000000,0.0000000,0,0,0,0
756772035265875 D 2187,2183859339,1000,1555,1555,2.3853402,-0.00094,-1,-1,-1,0,0,0,136,1,1,0,0.0000000,0.0000000,0.0000000,0,0,0,0
756772036260041 D 2188,2183860339,1000,1555,1555,2.3853402,-0.00091,-1,-1,-1,0,0,0,136,1,1,0,0.0000000,0.0000000,0.0000000,0,0,0,0
756772037271250 D 2189,2183861339,1000,1555,1555,2.3853402,-0.00087,-1,-1,-1,0,0,0,136,1,1,0,0.0000000,0.0000000,0.0000000,0,0,0,0
756772038261375 D 2190,2183862339,1000,1555,1555,2.3853402,-0.00084,-1,-1,-1,0,0,0,136,1,1,0,0.0000000,0.0000000,0.0000000,0,0,0,0
756772039290666 D 2191,2183863339,1000,1555,1555,2.3853402,-0.00081,-1,-1,-1,0,0,0,136,1,1,0,0.0000000,0.0000000,0.0000000,0,0,0,0
756772040270041 D 2192,2183864339,1000,1555,1555,2.3853402,-0.00077,-1,-1,-1,0,0,0,136,1,1,0,0.0000000,0.0000000,0.0000000,0,0,0,0
756772041281666 D 2193,2183865339,1000,1555,1555,2.3853402,-0.00074,-1,-1,-1,0,0,0,136,1,1,0,0.0000000,0.0000000,0.0000000,0,0,0,0
756772042276666 D 2194,2183866339,1000,1555,1555,2.3853402,-0.00071,-1,-1,-1,0,0,0,136,1,1,0,0.0000000,0.0000000,0.0000000,0,0,0,0
756772043275541 D 2195,2183867339,1000,1555,1555,2.3853402,-0.00069,-1,-1,-1,0,0,0,136,1,1,0,0.0000000,0.0000000,0.0000000,0,0,0,0
756772044273041 D 2196,2183868339,1000,1556,1556,2.3868742,0.05949,-1,-1,-1,0,0,0,136,1,1,0,0.0000000,0.0000000,0.0000000,0,0,0,0
756772045281166 D 2197,2183869339,1000,1555,1555,2.3853402,-0.00299,-1,-1,-1,0,0,0,136,1,1,0,0.0000000,0.0000000,0.0000000,0,0,0,0
756772046288208 D 2198,2183870339,1000,1555,1555,2.3853402,-0.00287,-1,-1,-1,0,0,0,136,1,1,0,0.0000000,0.0000000,0.0000000,0,0,0,0
756772047295000 D 2199,2183871339,1000,1555,1555,2.3853402,-0.00276,-1,-1,-1,0,0,0,136,1,1,0,0.0000000,0.0000000,0.0000000,0,0,0,0
756772048281333 D 2200,2183872339,1000,1555,1555,2.3853402,-0.00265,-1,-1,-1,0,0,0,136,1,1,0,0.0000000,0.0000000,0.0000000,0,0,0,0
756772049498875 D 2201,2183873339,1000,1555,1555,2.3853402,-0.00255,-1,-1,-1,0,0,0,136,1,1,0,0.0000000,0.0000000,0.0000000,0,0,0,0
756772050490750 D 2202,2183874339,1000,1555,1555,2.3853402,-0.00245,-1,-1,-1,0,0,0,136,1,1,0,0.0000000,0.0000000,0.0000000,0,0,0,0
756772051467250 D 2203,2183875339,1000,1556,1556,2.3868742,0.05779,-1,-1,-1,0,0,0,136,1,1,0,0.0000000,0.0000000,0.0000000,0,0,0,0
756772052303583 D 2204,2183876339,1000,1555,1555,2.3853402,-0.00462,-1,-1,-1,0,0,0,136,1,1,0,0.0000000,0.0000000,0.0000000,0,0,0,0
756772053330583 D 2205,2183877339,1000,1555,1555,2.3853402,-0.00444,-1,-1,-1,0,0,0,136,1,1,0,0.0000000,0.0000000,0.0000000,0,0,0,0
756772054491250 D 2206,2183878339,1000,1555,1555,2.3853402,-0.00426,-1,-1,-1,0,0,0,136,1,1,0,0.0000000,0.0000000,0.0000000,0,0,0,0
756772055371791 D 2207,2183879339,1000,1555,1555,2.3853402,-0.00410,-1,-1,-1,0,0,0,136,1,1,0,0.0000000,0.0000000,0.0000000,0,0,0,0
756772056338458 D 2208,2183880339,1000,1555,1555,2.3853402,-0.00394,-1,-1,-1,0,0,0,136,1,1,0,0.0000000,0.0000000,0.0000000,0,0,0,0
756772057284291 D 2209,2183881339,1000,1555,1555,2.3853402,-0.00378,-1,-1,-1,0,0,0,136,1,1,0,0.0000000,0.0000000,0.0000000,0,0,0,0
756772058306958 D 2210,2183882339,1000,1555,1555,2.3853402,-0.00363,-1,-1,-1,0,0,0,136,1,1,0,0.0000000,0.0000000,0.0000000,0,0,0,0
756772059294791 D 2211,2183883339,1000,1555,1555,2.3853402,-0.00349,-1,-1,-1,0,0,0,136,1,1,0,0.0000000,0.0000000,0.0000000,0,0,0,0
756772060360125 D 2212,2183884339,1000,1555,1555,2.3853402,-0.00335,-1,-1,-1,0,0,0,136,1,1,0,0.0000000,0.0000000,0.0000000,0,0,0,0
756772061378125 D 2213,2183885339,1000,1556,1556,2.3868742,0.05693,-1,-1,-1,0,0,0,136,1,1,0,0.0000000,0.0000000,0.0000000,0,0,0,0
756772062420583 D 2214,2183886339,1000,1555,1555,2.3853402,-0.00546,-1,-1,-1,0,0,0,136,1,1,0,0.0000000,0.0000000,0.0000000,0,0,0,0
756772063371416 D 2215,2183887339,1000,1555,1555,2.3853402,-0.00524,-1,-1,-1,0,0,0,136,1,1,0,0.0000000,0.0000000,0.0000000,0,0,0,0
756772064361041 D 2216,2183888339,1000,1555,1555,2.3853402,-0.00504,-1,-1,-1,0,0,0,136,1,1,0,0.0000000,0.0000000,0.0000000,0,0,0,0
756772065465583 D 2217,2183889339,1000,1555,1555,2.3853402,-0.00484,-1,-1,-1,0,0,0,136,1,1,0,0.0000000,0.0000000,0.0000000,0,0,0,0
756772066365375 D 2218,2183890339,1000,1555,1555,2.3853402,-0.00465,-1,-1,-1,0,0,0,136,1,1,0,0.0000000,0.0000000,0.0000000,0,0,0,0
756772067376208 D 2219,2183891339,1000,1555,1555,2.3853402,-0.00447,-1,-1,-1,0,0,0,136,1,1,0,0.0000000,0.0000000,0.0000000,0,0,0,0
756772068355458 D 2220,2183892339,1000,1555,1555,2.3853402,-0.00429,-1,-1,-1,0,0,0,136,1,1,0,0.0000000,0.0000000,0.0000000,0,0,0,0
756772069362541 D 2221,2183893339,1000,1555,1555,2.3853402,-0.00412,-1,-1,-1,0,0,0,136,1,1,0,0.0000000,0.0000000,0.0000000,0,0,0,0
756772070334500 D 2222,2183894339,1000,1555,1555,2.3853402,-0.00396,-1,-1,-1,0,0,0,136,1,1,0,0.0000000,0.0000000,0.0000000,0,0,0,0
756772071339583 D 2223,2183895339,1000,1556,1556,2.3868742,0.05634,-1,-1,-1,0,0,0,136,1,1,0,0.0000000,0.0000000,0.0000000,0,0,0,0
756772072378500 D 2224,2183896339,1000,1555,1555,2.3853402,-0.00602,-1,-1,-1,0,0,0,136,1,1,0,0.0000000,0.0000000,0.0000000,0,0,0,0
756772073337250 D 2225,2183897339,1000,1555,1555,2.3853402,-0.00578,-1,-1,-1,0,0,0,136,1,1,0,0.0000000,0.0000000,0.0000000,0,0,0,0
756772074256208 D 2226,2183898339,1000,1555,1555,2.3853402,-0.00555,-1,-1,-1,0,0,0,136,1,1,0,0.0000000,0.0000000,0.0000000,0,0,0,0
756772075300708 D 2227,2183899339,1000,1555,1555,2.3853402,-0.00533,-1,-1,-1,0,0,0,136,1,1,0,0.0000000,0.0000000,0.0000000,0,0,0,0
756772076246166 D 2228,2183900339,1000,1555,1555,2.3853402,-0.00513,-1,-1,-1,0,0,0,136,1,1,0,0.0000000,0.0000000,0.0000000,0,0,0,0
756772077261375 D 2229,2183901339,1000,1555,1555,2.3853402,-0.00492,-1,-1,-1,0,0,0,136,1,1,0,0.0000000,0.0000000,0.0000000,0,0,0,0
756772078989166 D 2230,2183902339,1000,1555,1555,2.3853402,-0.00473,39,128,2036,0,0,0,136,1,1,0,0.0000000,0.0000000,0.0000000,0,0,0,0
756772079848333 D 2231,2183903339,1000,1555,1555,2.3853402,-0.00455,-1,-1,-1,0,0,0,136,1,1,0,0.0000000,0.0000000,0.0000000,0,0,0,0
756772080689708 D 2232,2183904339,1000,1556,1556,2.3868742,0.05578,-1,-1,-1,0,0,0,136,1,1,0,0.0000000,0.0000000,0.0000000,0,0,0,0
756772081453125 D 2233,2183905339,1000,1555,1555,2.3853402,-0.00656,-1,-1,-1,0,0,0,136,1,1,0,0.0000000,0.0000000,0.0000000,0,0,0,0
756772082257500 D 2234,2183906339,1000,1555,1555,2.3853402,-0.00630,-1,-1,-1,0,0,0,136,1,1,0,0.0000000,0.0000000,0.0000000,0,0,0,0
756772083283083 D 2235,2183907339,1000,1555,1555,2.3853402,-0.00605,-1,-1,-1,0,0,0,136,1,1,0,0.0000000,0.0000000,0.0000000,0,0,0,0
756772084265541 D 2236,2183908339,1000,1555,1555,2.3853402,-0.00581,-1,-1,-1,0,0,0,136,1,1,0,0.0000000,0.0000000,0.0000000,0,0,0,0
756772085276125 D 2237,2183909339,1000,1555,1555,2.3853402,-0.00559,-1,-1,-1,0,0,0,136,1,1,0,0.0000000,0.0000000,0.0000000,0,0,0,0
756772086286708 D 2238,2183910339,1000,1555,1555,2.3853402,-0.00537,-1,-1,-1,0,0,0,136,1,1,0,0.0000000,0.0000000,0.0000000,0,0,0,0
756772087338916 D 2239,2183911339,1000,1555,1555,2.3853402,-0.00516,-1,-1,-1,0,0,0,136,1,1,0,0.0000000,0.0000000,0.0000000,0,0,0,0
756772088329000 D 2240,2183912339,1000,1555,1555,2.3853402,-0.00495,-1,-1,-1,0,0,0,136,1,1,0,0.0000000,0.0000000,0.0000000,0,0,0,0
756772089163083 D 2241,2183913339,1000,1555,1555,2.3853402,-0.00476,-1,-1,-1,0,0,0,136,1,1,0,0.0000000,0.0000000,0.0000000,0,0,0,0
756772090291083 D 2242,2183914339,1000,1555,1555,2.3853402,-0.00457,-1,-1,-1,0,0,0,135,1,1,0,0.0000000,0.0000000,0.0000000,0,0,0,0
756772091271958 D 2243,2183915339,1000,1555,1555,2.3853402,-0.00439,-1,-1,-1,0,0,0,136,1,1,0,0.0000000,0.0000000,0.0000000,0,0,0,0
756772092291375 D 2244,2183916339,1000,1555,1555,2.3853402,-0.00422,-1,-1,-1,0,0,0,136,1,1,0,0.0000000,0.0000000,0.0000000,0,0,0,0
756772093269041 D 2245,2183917339,1000,1555,1555,2.3853402,-0.00406,-1,-1,-1,0,0,0,136,1,1,0,0.0000000,0.0000000,0.0000000,0,0,0,0
756772094280250 D 2246,2183918339,1000,1555,1555,2.3853402,-0.00390,-1,-1,-1,0,0,0,136,1,1,0,0.0000000,0.0000000,0.0000000,0,0,0,0
756772095277500 D 2247,2183919339,1000,1555,1555,2.3853402,-0.00374,-1,-1,-1,0,0,0,136,1,1,0,0.0000000,0.0000000,0.0000000,0,0,0,0
756772096266083 D 2248,2183920339,1000,1555,1555,2.3853402,-0.00360,-1,-1,-1,0,0,0,136,1,1,0,0.0000000,0.0000000,0.0000000,0,0,0,0
756772097279375 D 2249,2183921339,1000,1555,1555,2.3853402,-0.00346,-1,-1,-1,0,0,0,136,1,1,0,0.0000000,0.0000000,0.0000000,0,0,0,0
756772098278416 D 2250,2183922339,1000,1555,1555,2.3853402,-0.00332,-1,-1,-1,0,0,0,136,1,1,0,0.0000000,0.0000000,0.0000000,0,0,0,0
756772099274625 D 2251,2183923339,1000,1555,1555,2.3853402,-0.00319,-1,-1,-1,0,0,0,136,1,1,0,0.0000000,0.0000000,0.0000000,0,0,0,0
756772100269458 D 2252,2183924339,1000,1555,1555,2.3853402,-0.00307,-1,-1,-1,0,0,0,136,1,1,0,0.0000000,0.0000000,0.0000000,0,0,0,0
756772101264041 D 2253,2183925339,1000,1555,1555,2.3853402,-0.00295,-1,-1,-1,0,0,0,136,1,1,0,0.0000000,0.0000000,0.0000000,0,0,0,0
756772102281208 D 2254,2183926339,1000,1556,1556,2.3868742,0.05732,-1,-1,-1,0,0,0,136,1,1,0,0.0000000,0.0000000,0.0000000,0,0,0,0
756772103287916 D 2255,2183927339,1000,1555,1555,2.3853402,-0.00508,-1,-1,-1,0,0,0,136,1,1,0,0.0000000,0.0000000,0.0000000,0,0,0,0
756772104275000 D 2256,2183928339,1000,1555,1555,2.3853402,-0.00488,-1,-1,-1,0,0,0,136,1,1,0,0.0000000,0.0000000,0.0000000,0,0,0,0
756772105268166 D 2257,2183929339,1000,1555,1555,2.3853402,-0.00469,-1,-1,-1,0,0,0,136,1,1,0,0.0000000,0.0000000,0.0000000,0,0,0,0
756772106490500 D 2258,2183930339,1000,1555,1555,2.3853402,-0.00450,-1,-1,-1,0,0,0,136,1,1,0,0.0000000,0.0000000,0.0000000,0,0,0,0
756772107492750 D 2259,2183931339,1000,1555,1555,2.3853402,-0.00433,-1,-1,-1,0,0,0,136,1,1,0,0.0000000,0.0000000,0.0000000,0,0,0,0
756772108489833 D 2260,2183932339,1000,1555,1555,2.3853402,-0.00416,-1,-1,-1,0,0,0,136,1,1,0,0.0000000,0.0000000,0.0000000,0,0,0,0
756772109320666 D 2261,2183933339,1000,1555,1555,2.3853402,-0.00399,-1,-1,-1,0,0,0,136,1,1,0,0.0000000,0.0000000,0.0000000,0,0,0,0
756772110271833 D 2262,2183934339,1000,1555,1555,2.3853402,-0.00384,-1,-1,-1,0,0,0,136,1,1,0,0.0000000,0.0000000,0.0000000,0,0,0,0
756772111264083 D 2263,2183935339,1000,1555,1555,2.3853402,-0.00369,-1,-1,-1,0,0,0,136,1,1,0,0.0000000,0.0000000,0.0000000,0,0,0,0
756772112272958 D 2264,2183936339,1000,1555,1555,2.3853402,-0.00354,-1,-1,-1,0,0,0,136,1,1,0,0.0000000,0.0000000,0.0000000,0,0,0,0
756772113305166 D 2265,2183937339,1000,1555,1555,2.3853402,-0.00340,-1,-1,-1,0,0,0,136,1,1,0,0.0000000,0.0000000,0.0000000,0,0,0,0
756772114273583 D 2266,2183938339,1000,1555,1555,2.3853402,-0.00327,-1,-1,-1,0,0,0,136,1,1,0,0.0000000,0.0000000,0.0000000,0,0,0,0
756772115276708 D 2267,2183939339,1000,1555,1555,2.3853402,-0.00314,-1,-1,-1,0,0,0,136,1,1,0,0.0000000,0.0000000,0.0000000,0,0,0,0
756772116291208 D 2268,2183940339,1000,1555,1555,2.3853402,-0.00302,-1,-1,-1,0,0,0,136,1,1,0,0.0000000,0.0000000,0.0000000,0,0,0,0
756772117272375 D 2269,2183941339,1000,1555,1555,2.3853402,-0.00290,-1,-1,-1,0,0,0,136,1,1,0,0.0000000,0.0000000,0.0000000,0,0,0,0
756772118296791 D 2270,2183942339,1000,1555,1555,2.3853402,-0.00279,-1,-1,-1,0,0,0,136,1,1,0,0.0000000,0.0000000,0.0000000,0,0,0,0
756772119269916 D 2271,2183943339,1000,1555,1555,2.3853402,-0.00268,-1,-1,-1,0,0,0,136,1,1,0,0.0000000,0.0000000,0.0000000,0,0,0,0
756772120266333 D 2272,2183944339,1000,1555,1555,2.3853402,-0.00257,-1,-1,-1,0,0,0,136,1,1,0,0.0000000,0.0000000,0.0000000,0,0,0,0
756772121267333 D 2273,2183945339,1000,1555,1555,2.3853402,-0.00247,-1,-1,-1,0,0,0,136,1,1,0,0.0000000,0.0000000,0.0000000,0,0,0,0
756772122255500 D 2274,2183946339,1000,1555,1555,2.3853402,-0.00237,-1,-1,-1,0,0,0,136,1,1,0,0.0000000,0.0000000,0.0000000,0,0,0,0
756772123255500 D 2275,2183947339,1000,1555,1555,2.3853402,-0.00228,-1,-1,-1,0,0,0,136,1,1,0,0.0000000,0.0000000,0.0000000,0,0,0,0
756772124261375 D 2276,2183948339,1000,1555,1555,2.3853402,-0.00219,-1,-1,-1,0,0,0,136,1,1,0,0.0000000,0.0000000,0.0000000,0,0,0,0
756772125257041 D 2277,2183949339,1000,1555,1555,2.3853402,-0.00211,-1,-1,-1,0,0,0,136,1,1,0,0.0000000,0.0000000,0.0000000,0,0,0,0
756772126266958 D 2278,2183950339,1000,1555,1555,2.3853402,-0.00202,-1,-1,-1,0,0,0,136,1,1,0,0.0000000,0.0000000,0.0000000,0,0,0,0
756772127253125 D 2279,2183951339,1000,1555,1555,2.3853402,-0.00194,-1,-1,-1,0,0,0,136,1,1,0,0.0000000,0.0000000,0.0000000,0,0,0,0
756772128705458 D 2280,2183952339,1000,1555,1555,2.3853402,-0.00187,39,128,2035,0,0,0,136,1,1,0,0.0000000,0.0000000,0.0000000,0,0,0,0
756772129312458 D 2281,2183953339,1000,1555,1555,2.3853402,-0.00179,-1,-1,-1,0,0,0,136,1,1,0,0.0000000,0.0000000,0.0000000,0,0,0,0
756772130263625 D 2282,2183954339,1000,1555,1555,2.3853402,-0.00172,-1,-1,-1,0,0,0,136,1,1,0,0.0000000,0.0000000,0.0000000,0,0,0,0
756772131268291 D 2283,2183955339,1000,1555,1555,2.3853402,-0.00166,-1,-1,-1,0,0,0,136,1,1,0,0.0000000,0.0000000,0.0000000,0,0,0,0
756772132256375 D 2284,2183956339,1000,1555,1555,2.3853402,-0.00159,-1,-1,-1,0,0,0,136,1,1,0,0.0000000,0.0000000,0.0000000,0,0,0,0
756772133284125 D 2285,2183957339,1000,1555,1555,2.3853402,-0.00153,-1,-1,-1,0,0,0,136,1,1,0,0.0000000,0.0000000,0.0000000,0,0,0,0
756772134196416 D 2286,2183958339,1000,1555,1555,2.3853402,-0.00147,-1,-1,-1,0,0,0,136,1,1,0,0.0000000,0.0000000,0.0000000,0,0,0,0
756772135496416 D 2287,2183959339,1000,1555,1555,2.3853402,-0.00141,-1,-1,-1,0,0,0,136,1,1,0,0.0000000,0.0000000,0.0000000,0,0,0,0
756772136508416 D 2288,2183960339,1000,1555,1555,2.3853402,-0.00136,-1,-1,-1,0,0,0,136,1,1,0,0.0000000,0.0000000,0.0000000,0,0,0,0
756772137487041 D 2289,2183961339,1000,1555,1555,2.3853402,-0.00130,-1,-1,-1,0,0,0,136,1,1,0,0.0000000,0.0000000,0.0000000,0,0,0,0
756772138491583 D 2290,2183962339,1000,1555,1555,2.3853402,-0.00125,-1,-1,-1,0,0,0,136,1,1,0,0.0000000,0.0000000,0.0000000,0,0,0,0
756772139280500 D 2291,2183963339,1000,1555,1555,2.3853402,-0.00120,-1,-1,-1,0,0,0,135,1,1,0,0.0000000,0.0000000,0.0000000,0,0,0,0
756772140265916 D 2292,2183964339,1000,1556,1556,2.3868742,0.05899,-1,-1,-1,0,0,0,136,1,1,0,0.0000000,0.0000000,0.0000000,0,0,0,0
756772141282458 D 2293,2183965339,1000,1555,1555,2.3853402,-0.00347,-1,-1,-1,0,0,0,136,1,1,0,0.0000000,0.0000000,0.0000000,0,0,0,0
756772142303916 D 2294,2183966339,1000,1555,1555,2.3853402,-0.00333,-1,-1,-1,0,0,0,136,1,1,0,0.0000000,0.0000000,0.0000000,0,0,0,0
756772143287291 D 2295,2183967339,1000,1555,1555,2.3853402,-0.00320,-1,-1,-1,0,0,0,136,1,1,0,0.0000000,0.0000000,0.0000000,0,0,0,0
756772144269333 D 2296,2183968339,1000,1555,1555,2.3853402,-0.00308,-1,-1,-1,0,0,0,136,1,1,0,0.0000000,0.0000000,0.0000000,0,0,0,0
756772145272541 D 2297,2183969339,1000,1555,1555,2.3853402,-0.00296,-1,-1,-1,0,0,0,136,1,1,0,0.0000000,0.0000000,0.0000000,0,0,0,0
756772146266875 D 2298,2183970339,1000,1555,1555,2.3853402,-0.00284,-1,-1,-1,0,0,0,136,1,1,0,0.0000000,0.0000000,0.0000000,0,0,0,0
756772147335583 D 2299,2183971339,1000,1555,1555,2.3853402,-0.00273,-1,-1,-1,0,0,0,136,1,1,0,0.0000000,0.0000000,0.0000000,0,0,0,0
756772148335041 D 2300,2183972339,1000,1555,1555,2.3853402,-0.00262,-1,-1,-1,0,0,0,136,1,1,0,0.0000000,0.0000000,0.0000000,0,0,0,0
756772149289541 D 2301,2183973339,1000,1555,1555,2.3853402,-0.00252,-1,-1,-1,0,0,0,136,1,1,0,0.0000000,0.0000000,0.0000000,0,0,0,0
756772150322291 D 2302,2183974339,1000,1555,1555,2.3853402,-0.00242,-1,-1,-1,0,0,0,136,1,1,0,0.0000000,0.0000000,0.0000000,0,0,0,0
756772151297208 D 2303,2183975339,1000,1555,1555,2.3853402,-0.00233,-1,-1,-1,0,0,0,136,1,1,0,0.0000000,0.0000000,0.0000000,0,0,0,0
756772152294916 D 2304,2183976339,1000,1555,1555,2.3853402,-0.00223,-1,-1,-1,0,0,0,136,1,1,0,0.0000000,0.0000000,0.0000000,0,0,0,0
756772153274250 D 2305,2183977339,1000,1555,1555,2.3853402,-0.00215,-1,-1,-1,0,0,0,136,1,1,0,0.0000000,0.0000000,0.0000000,0,0,0,0
756772154283083 D 2306,2183978339,1000,1555,1555,2.3853402,-0.00206,-1,-1,-1,0,0,0,136,1,1,0,0.0000000,0.0000000,0.0000000,0,0,0,0
756772155340583 D 2307,2183979339,1000,1555,1555,2.3853402,-0.00198,-1,-1,-1,0,0,0,136,1,1,0,0.0000000,0.0000000,0.0000000,0,0,0,0
756772156563750 D 2308,2183980339,1000,1555,1555,2.3853402,-0.00190,-1,-1,-1,0,0,0,136,1,1,0,0.0000000,0.0000000,0.0000000,0,0,0,0
756772157595666 D 2309,2183981339,1000,1555,1555,2.3853402,-0.00183,-1,-1,-1,0,0,0,136,1,1,0,0.0000000,0.0000000,0.0000000,0,0,0,0
756772158444041 D 2310,2183982339,1000,1555,1555,2.3853402,-0.00176,-1,-1,-1,0,0,0,136,1,1,0,0.0000000,0.0000000,0.0000000,0,0,0,0
756772159288916 D 2311,2183983339,1000,1555,1555,2.3853402,-0.00169,-1,-1,-1,0,0,0,136,1,1,0,0.0000000,0.0000000,0.0000000,0,0,0,0
756772160286166 D 2312,2183984339,1000,1555,1555,2.3853402,-0.00162,-1,-1,-1,0,0,0,136,1,1,0,0.0000000,0.0000000,0.0000000,0,0,0,0
756772161292916 D 2313,2183985339,1000,1555,1555,2.3853402,-0.00156,-1,-1,-1,0,0,0,136,1,1,0,0.0000000,0.0000000,0.0000000,0,0,0,0
756772162294333 D 2314,2183986339,1000,1555,1555,2.3853402,-0.00150,-1,-1,-1,0,0,0,136,1,1,0,0.0000000,0.0000000,0.0000000,0,0,0,0
756772163278666 D 2315,2183987339,1000,1555,1555,2.3853402,-0.00144,-1,-1,-1,0,0,0,136,1,1,0,0.0000000,0.0000000,0.0000000,0,0,0,0
756772164287833 D 2316,2183988339,1000,1555,1555,2.3853402,-0.00138,-1,-1,-1,0,0,0,136,1,1,0,0.0000000,0.0000000,0.0000000,0,0,0,0
756772165308125 D 2317,2183989339,1000,1555,1555,2.3853402,-0.00133,-1,-1,-1,0,0,0,136,1,1,0,0.0000000,0.0000000,0.0000000,0,0,0,0
756772166280208 D 2318,2183990339,1000,1556,1556,2.3868742,0.05887,-1,-1,-1,0,0,0,136,1,1,0,0.0000000,0.0000000,0.0000000,0,0,0,0
756772167280333 D 2319,2183991339,1000,1556,1556,2.3868742,0.05656,-1,-1,-1,0,0,0,136,1,1,0,0.0000000,0.0000000,0.0000000,0,0,0,0
756772168276375 D 2320,2183992339,1000,1555,1555,2.3853402,-0.00580,-1,-1,-1,0,0,0,136,1,1,0,0.0000000,0.0000000,0.0000000,0,0,0,0
756772169278583 D 2321,2183993339,1000,1555,1555,2.3853402,-0.00557,-1,-1,-1,0,0,0,136,1,1,0,0.0000000,0.0000000,0.0000000,0,0,0,0
756772170316041 D 2322,2183994339,1000,1555,1555,2.3853402,-0.00536,-1,-1,-1,0,0,0,136,1,1,0,0.0000000,0.0000000,0.0000000,0,0,0,0
756772171316833 D 2323,2183995339,1000,1555,1555,2.3853402,-0.00515,-1,-1,-1,0,0,0,136,1,1,0,0.0000000,0.0000000,0.0000000,0,0,0,0
756772172332625 D 2324,2183996339,1000,1555,1555,2.3853402,-0.00494,-1,-1,-1,0,0,0,136,1,1,0,0.0000000,0.0000000,0.0000000,0,0,0,0
756772173301500 D 2325,2183997339,1000,1556,1556,2.3868742,0.05540,-1,-1,-1,0,0,0,136,1,1,0,0.0000000,0.0000000,0.0000000,0,0,0,0
756772174378208 D 2326,2183998339,1000,1555,1555,2.3853402,-0.00692,-1,-1,-1,0,0,0,135,1,1,0,0.0000000,0.0000000,0.0000000,0,0,0,0
756772175290041 D 2327,2183999339,1000,1555,1555,2.3853402,-0.00665,-1,-1,-1,0,0,0,136,1,1,0,0.0000000,0.0000000,0.0000000,0,0,0,0
756772176312875 D 2328,2184000339,1000,1555,1555,2.3853402,-0.00639,-1,-1,-1,0,0,0,136,1,1,0,0.0000000,0.0000000,0.0000000,0,0,0,0
756772177303166 D 2329,2184001339,1000,1555,1555,2.3853402,-0.00614,-1,-1,-1,0,0,0,136,1,1,0,0.0000000,0.0000000,0.0000000,0,0,0,0
756772178721916 D 2330,2184002339,1000,1555,1555,2.3853402,-0.00590,39,128,2035,0,0,0,136,1,1,0,0.0000000,0.0000000,0.0000000,0,0,0,0
756772179339458 D 2331,2184003339,1000,1555,1555,2.3853402,-0.00567,-1,-1,-1,0,0,0,136,1,1,0,0.0000000,0.0000000,0.0000000,0,0,0,0
756772180299791 D 2332,2184004339,1000,1555,1555,2.3853402,-0.00545,-1,-1,-1,0,0,0,136,1,1,0,0.0000000,0.0000000,0.0000000,0,0,0,0
756772181339291 D 2333,2184005339,1000,1555,1555,2.3853402,-0.00523,-1,-1,-1,0,0,0,136,1,1,0,0.0000000,0.0000000,0.0000000,0,0,0,0
756772182300541 D 2334,2184006339,1000,1555,1555,2.3853402,-0.00503,-1,-1,-1,0,0,0,136,1,1,0,0.0000000,0.0000000,0.0000000,0,0,0,0
756772183310666 D 2335,2184007339,1000,1555,1555,2.3853402,-0.00483,-1,-1,-1,0,0,0,136,1,1,0,0.0000000,0.0000000,0.0000000,0,0,0,0
756772184288375 D 2336,2184008339,1000,1555,1555,2.3853402,-0.00464,-1,-1,-1,0,0,0,136,1,1,0,0.0000000,0.0000000,0.0000000,0,0,0,0
756772185509916 D 2337,2184009339,1000,1555,1555,2.3853402,-0.00446,-1,-1,-1,0,0,0,136,1,1,0,0.0000000,0.0000000,0.0000000,0,0,0,0
756772186503125 D 2338,2184010339,1000,1555,1555,2.3853402,-0.00428,-1,-1,-1,0,0,0,136,1,1,0,0.0000000,0.0000000,0.0000000,0,0,0,0
756772187502583 D 2339,2184011339,1000,1555,1555,2.3853402,-0.00412,-1,-1,-1,0,0,0,136,1,1,0,0.0000000,0.0000000,0.0000000,0,0,0,0
756772188347541 D 2340,2184012339,1000,1555,1555,2.3853402,-0.00395,-1,-1,-1,0,0,0,136,1,1,0,0.0000000,0.0000000,0.0000000,0,0,0,0
756772189275166 D 2341,2184013339,1000,1555,1555,2.3853402,-0.00380,-1,-1,-1,0,0,0,136,1,1,0,0.0000000,0.0000000,0.0000000,0,0,0,0
756772190275041 D 2342,2184014339,1000,1555,1555,2.3853402,-0.00365,-1,-1,-1,0,0,0,136,1,1,0,0.0000000,0.0000000,0.0000000,0,0,0,0
756772191268625 D 2343,2184015339,1000,1555,1555,2.3853402,-0.00351,-1,-1,-1,0,0,0,136,1,1,0,0.0000000,0.0000000,0.0000000,0,0,0,0
756772192264333 D 2344,2184016339,1000,1556,1556,2.3868742,0.05678,-1,-1,-1,0,0,0,136,1,1,0,0.0000000,0.0000000,0.0000000,0,0,0,0
756772193335750 D 2345,2184017339,1000,1555,1555,2.3853402,-0.00560,-1,-1,-1,0,0,0,136,1,1,0,0.0000000,0.0000000,0.0000000,0,0,0,0
756772194343916 D 2346,2184018339,1000,1555,1555,2.3853402,-0.00538,-1,-1,-1,0,0,0,136,1,1,0,0.0000000,0.0000000,0.0000000,0,0,0,0
756772195334875 D 2347,2184019339,1000,1555,1555,2.3853402,-0.00517,-1,-1,-1,0,0,0,136,1,1,0,0.0000000,0.0000000,0.0000000,0,0,0,0
756772196376375 D 2348,2184020339,1000,1555,1555,2.3853402,-0.00496,-1,-1,-1,0,0,0,136,1,1,0,0.0000000,0.0000000,0.0000000,0,0,0,0
756772197334375 D 2349,2184021339,1000,1555,1555,2.3853402,-0.00477,-1,-1,-1,0,0,0,136,1,1,0,0.0000000,0.0000000,0.0000000,0,0,0,0
756772198291083 D 2350,2184022339,1000,1556,1556,2.3868742,0.05557,-1,-1,-1,0,0,0,136,1,1,0,0.0000000,0.0000000,0.0000000,0,0,0,0
756772199288875 D 2351,2184023339,1000,1555,1555,2.3853402,-0.00676,-1,-1,-1,0,0,0,136,1,1,0,0.0000000,0.0000000,0.0000000,0,0,0,0
756772200303500 D 2352,2184024339,1000,1555,1555,2.3853402,-0.00650,-1,-1,-1,0,0,0,136,1,1,0,0.0000000,0.0000000,0.0000000,0,0,0,0
756772201295708 D 2353,2184025339,1000,1555,1555,2.3853402,-0.00624,-1,-1,-1,0,0,0,136,1,1,0,0.0000000,0.0000000,0.0000000,0,0,0,0
756772202312041 D 2354,2184026339,1000,1555,1555,2.3853402,-0.00600,-1,-1,-1,0,0,0,135,1,1,0,0.0000000,0.0000000,0.0000000,0,0,0,0
756772203325708 D 2355,2184027339,1000,1555,1555,2.3853402,-0.00576,-1,-1,-1,0,0,0,136,1,1,0,0.0000000,0.0000000,0.0000000,0,0,0,0
756772204317958 D 2356,2184028339,1000,1555,1555,2.3853402,-0.00553,-1,-1,-1,0,0,0,136,1,1,0,0.0000000,0.0000000,0.0000000,0,0,0,0
756772205283666 D 2357,2184029339,1000,1556,1556,2.3868742,0.05483,-1,-1,-1,0,0,0,136,1,1,0,0.0000000,0.0000000,0.0000000,0,0,0,0
756772206277416 D 2358,2184030339,1000,1555,1555,2.3853402,-0.00747,-1,-1,-1,0,0,0,136,1,1,0,0.0000000,0.0000000,0.0000000,0,0,0,0
756772207283041 D 2359,2184031339,1000,1555,1555,2.3853402,-0.00718,-1,-1,-1,0,0,0,136,1,1,0,0.0000000,0.0000000,0.0000000,0,0,0,0
756772208267666 D 2360,2184032339,1000,1555,1555,2.3853402,-0.00689,-1,-1,-1,0,0,0,136,1,1,0,0.0000000,0.0000000,0.0000000,0,0,0,0
756772209273333 D 2361,2184033339,1000,1555,1555,2.3853402,-0.00662,-1,-1,-1,0,0,0,136,1,1,0,0.0000000,0.0000000,0.0000000,0,0,0,0
756772210258291 D 2362,2184034339,1000,1555,1555,2.3853402,-0.00636,-1,-1,-1,0,0,0,136,1,1,0,0.0000000,0.0000000,0.0000000,0,0,0,0
756772211286041 D 2363,2184035339,1000,1555,1555,2.3853402,-0.00611,-1,-1,-1,0,0,0,136,1,1,0,0.0000000,0.0000000,0.0000000,0,0,0,0
756772212296583 D 2364,2184036339,1000,1555,1555,2.3853402,-0.00587,-1,-1,-1,0,0,0,136,1,1,0,0.0000000,0.0000000,0.0000000,0,0,0,0
756772213280875 D 2365,2184037339,1000,1555,1555,2.3853402,-0.00564,-1,-1,-1,0,0,0,136,1,1,0,0.0000000,0.0000000,0.0000000,0,0,0,0
756772214295541 D 2366,2184038339,1000,1555,1555,2.3853402,-0.00542,-1,-1,-1,0,0,0,136,1,1,0,0.0000000,0.0000000,0.0000000,0,0,0,0
756772215501250 D 2367,2184039339,1000,1555,1555,2.3853402,-0.00521,-1,-1,-1,0,0,0,136,1,1,0,0.0000000,0.0000000,0.0000000,0,0,0,0
756772216496541 D 2368,2184040339,1000,1555,1555,2.3853402,-0.00501,-1,-1,-1,0,0,0,135,1,1,0,0.0000000,0.0000000,0.0000000,0,0,0,0
756772217492875 D 2369,2184041339,1000,1555,1555,2.3853402,-0.00481,-1,-1,-1,0,0,0,136,1,1,0,0.0000000,0.0000000,0.0000000,0,0,0,0
756772218293625 D 2370,2184042339,1000,1555,1555,2.3853402,-0.00462,-1,-1,-1,0,0,0,136,1,1,0,0.0000000,0.0000000,0.0000000,0,0,0,0
756772219275375 D 2371,2184043339,1000,1555,1555,2.3853402,-0.00444,-1,-1,-1,0,0,0,136,1,1,0,0.0000000,0.0000000,0.0000000,0,0,0,0
756772220284166 D 2372,2184044339,1000,1555,1555,2.3853402,-0.00427,-1,-1,-1,0,0,0,136,1,1,0,0.0000000,0.0000000,0.0000000,0,0,0,0
756772221290708 D 2373,2184045339,1000,1555,1555,2.3853402,-0.00410,-1,-1,-1,0,0,0,136,1,1,0,0.0000000,0.0000000,0.0000000,0,0,0,0
756772222277250 D 2374,2184046339,1000,1555,1555,2.3853402,-0.00394,-1,-1,-1,0,0,0,136,1,1,0,0.0000000,0.0000000,0.0000000,0,0,0,0
756772223277083 D 2375,2184047339,1000,1555,1555,2.3853402,-0.00378,-1,-1,-1,0,0,0,136,1,1,0,0.0000000,0.0000000,0.0000000,0,0,0,0
756772224272250 D 2376,2184048339,1000,1555,1555,2.3853402,-0.00364,-1,-1,-1,0,0,0,136,1,1,0,0.0000000,0.0000000,0.0000000,0,0,0,0
756772225272833 D 2377,2184049339,1000,1555,1555,2.3853402,-0.00349,-1,-1,-1,0,0,0,136,1,1,0,0.0000000,0.0000000,0.0000000,0,0,0,0
756772226268125 D 2378,2184050339,1000,1555,1555,2.3853402,-0.00336,-1,-1,-1,0,0,0,136,1,1,0,0.0000000,0.0000000,0.0000000,0,0,0,0
756772227265750 D 2379,2184051339,1000,1555,1555,2.3853402,-0.00322,-1,-1,-1,0,0,0,136,1,1,0,0.0000000,0.0000000,0.0000000,0,0,0,0
756772228735041 D 2380,2184052339,1000,1555,1555,2.3853402,-0.00310,39,128,2036,0,0,0,136,1,1,0,0.0000000,0.0000000,0.0000000,0,0,0,0
756772229340958 D 2381,2184053339,1000,1555,1555,2.3853402,-0.00298,-1,-1,-1,0,0,0,136,1,1,0,0.0000000,0.0000000,0.0000000,0,0,0,0
756772230264333 D 2382,2184054339,1000,1555,1555,2.3853402,-0.00286,-1,-1,-1,0,0,0,136,1,1,0,0.0000000,0.0000000,0.0000000,0,0,0,0
756772231264291 D 2383,2184055339,1000,1555,1555,2.3853402,-0.00275,-1,-1,-1,0,0,0,136,1,1,0,0.0000000,0.0000000,0.0000000,0,0,0,0
756772232281500 D 2384,2184056339,1000,1555,1555,2.3853402,-0.00264,-1,-1,-1,0,0,0,136,1,1,0,0.0000000,0.0000000,0.0000000,0,0,0,0
756772233259791 D 2385,2184057339,1000,1555,1555,2.3853402,-0.00254,-1,-1,-1,0,0,0,136,1,1,0,0.0000000,0.0000000,0.0000000,0,0,0,0
756772234272208 D 2386,2184058339,1000,1555,1555,2.3853402,-0.00244,-1,-1,-1,0,0,0,136,1,1,0,0.0000000,0.0000000,0.0000000,0,0,0,0
756772235277083 D 2387,2184059339,1000,1555,1555,2.3853402,-0.00234,-1,-1,-1,0,0,0,136,1,1,0,0.0000000,0.0000000,0.0000000,0,0,0,0
756772236269000 D 2388,2184060339,1000,1555,1555,2.3853402,-0.00225,-1,-1,-1,0,0,0,136,1,1,0,0.0000000,0.0000000,0.0000000,0,0,0,0
756772237265541 D 2389,2184061339,1000,1555,1555,2.3853402,-0.00216,-1,-1,-1,0,0,0,135,1,1,0,0.0000000,0.0000000,0.0000000,0,0,0,0
756772238256791 D 2390,2184062339,1000,1556,1556,2.3868742,0.05807,-1,-1,-1,0,0,0,136,1,1,0,0.0000000,0.0000000,0.0000000,0,0,0,0
756772239262000 D 2391,2184063339,1000,1555,1555,2.3853402,-0.00435,-1,-1,-1,0,0,0,136,1,1,0,0.0000000,0.0000000,0.0000000,0,0,0,0
756772240264750 D 2392,2184064339,1000,1555,1555,2.3853402,-0.00418,-1,-1,-1,0,0,0,136,1,1,0,0.0000000,0.0000000,0.0000000,0,0,0,0
756772241258083 D 2393,2184065339,1000,1555,1555,2.3853402,-0.00402,-1,-1,-1,0,0,0,136,1,1,0,0.0000000,0.0000000,0.0000000,0,0,0,0
756772242261125 D 2394,2184066339,1000,1555,1555,2.3853402,-0.00386,-1,-1,-1,0,0,0,136,1,1,0,0.0000000,0.0000000,0.0000000,0,0,0,0
756772243265791 D 2395,2184067339,1000,1555,1555,2.3853402,-0.00371,-1,-1,-1,0,0,0,136,1,1,0,0.0000000,0.0000000,0.0000000,0,0,0,0
756772244293291 D 2396,2184068339,1000,1555,1555,2.3853402,-0.00356,-1,-1,-1,0,0,0,135,1,1,0,0.0000000,0.0000000,0.0000000,0,0,0,0
756772245511958 D 2397,2184069339,1000,1555,1555,2.3853402,-0.00342,-1,-1,-1,0,0,0,136,1,1,0,0.0000000,0.0000000,0.0000000,0,0,0,0
756772246570000 D 2398,2184070339,1000,1555,1555,2.3853402,-0.00329,-1,-1,-1,0,0,0,136,1,1,0,0.0000000,0.0000000,0.0000000,0,0,0,0
756772247552458 D 2399,2184071339,1000,1555,1555,2.3853402,-0.00316,-1,-1,-1,0,0,0,136,1,1,0,0.0000000,0.0000000,0.0000000,0,0,0,0
756772248298458 D 2400,2184072339,1000,1555,1555,2.3853402,-0.00304,-1,-1,-1,0,0,0,136,1,1,0,0.0000000,0.0000000,0.0000000,0,0,0,0
756772249300625 D 2401,2184073339,1000,1555,1555,2.3853402,-0.00292,-1,-1,-1,0,0,0,136,1,1,0,0.0000000,0.0000000,0.0000000,0,0,0,0
756772250296375 D 2402,2184074339,1000,1555,1555,2.3853402,-0.00280,-1,-1,-1,0,0,0,136,1,1,0,0.0000000,0.0000000,0.0000000,0,0,0,0
756772251281541 D 2403,2184075339,1000,1555,1555,2.3853402,-0.00269,-1,-1,-1,0,0,0,135,1,1,0,0.0000000,0.0000000,0.0000000,0,0,0,0
756772252286375 D 2404,2184076339,1000,1555,1555,2.3853402,-0.00259,-1,-1,-1,0,0,0,136,1,1,0,0.0000000,0.0000000,0.0000000,0,0,0,0
756772253313083 D 2405,2184077339,1000,1555,1555,2.3853402,-0.00249,-1,-1,-1,0,0,0,136,1,1,0,0.0000000,0.0000000,0.0000000,0,0,0,0
756772254302041 D 2406,2184078339,1000,1555,1555,2.3853402,-0.00239,-1,-1,-1,0,0,0,136,1,1,0,0.0000000,0.0000000,0.0000000,0,0,0,0
756772255312291 D 2407,2184079339,1000,1555,1555,2.3853402,-0.00230,-1,-1,-1,0,0,0,136,1,1,0,0.0000000,0.0000000,0.0000000,0,0,0,0
756772256321125 D 2408,2184080339,1000,1555,1555,2.3853402,-0.00221,-1,-1,-1,0,0,0,136,1,1,0,0.0000000,0.0000000,0.0000000,0,0,0,0
756772257340708 D 2409,2184081339,1000,1555,1555,2.3853402,-0.00212,-1,-1,-1,0,0,0,136,1,1,0,0.0000000,0.0000000,0.0000000,0,0,0,0
756772258281916 D 2410,2184082339,1000,1555,1555,2.3853402,-0.00204,-1,-1,-1,0,0,0,136,1,1,0,0.0000000,0.0000000,0.0000000,0,0,0,0
756772259324041 D 2411,2184083339,1000,1555,1555,2.3853402,-0.00196,-1,-1,-1,0,0,0,136,1,1,0,0.0000000,0.0000000,0.0000000,0,0,0,0
756772260299625 D 2412,2184084339,1000,1555,1555,2.3853402,-0.00188,-1,-1,-1,0,0,0,136,1,1,0,0.0000000,0.0000000,0.0000000,0,0,0,0
756772261291958 D 2413,2184085339,1000,1555,1555,2.3853402,-0.00181,-1,-1,-1,0,0,0,136,1,1,0,0.0000000,0.0000000,0.0000000,0,0,0,0
756772262281958 D 2414,2184086339,1000,1555,1555,2.3853402,-0.00173,-1,-1,-1,0,0,0,136,1,1,0,0.0000000,0.0000000,0.0000000,0,0,0,0
756772263283750 D 2415,2184087339,1000,1555,1555,2.3853402,-0.00167,-1,-1,-1,0,0,0,136,1,1,0,0.0000000,0.0000000,0.0000000,0,0,0,0
756772264278000 D 2416,2184088339,1000,1555,1555,2.3853402,-0.00160,-1,-1,-1,0,0,0,136,1,1,0,0.0000000,0.0000000,0.0000000,0,0,0,0
756772265273833 D 2417,2184089339,1000,1555,1555,2.3853402,-0.00154,-1,-1,-1,0,0,0,135,1,1,0,0.0000000,0.0000000,0.0000000,0,0,0,0
756772266270875 D 2418,2184090339,1000,1555,1555,2.3853402,-0.00148,-1,-1,-1,0,0,0,136,1,1,0,0.0000000,0.0000000,0.0000000,0,0,0,0
756772267266541 D 2419,2184091339,1000,1556,1556,2.3868742,0.05873,-1,-1,-1,0,0,0,136,1,1,0,0.0000000,0.0000000,0.0000000,0,0,0,0
756772268278416 D 2420,2184092339,1000,1555,1555,2.3853402,-0.00372,-1,-1,-1,0,0,0,136,1,1,0,0.0000000,0.0000000,0.0000000,0,0,0,0
756772269280708 D 2421,2184093339,1000,1555,1555,2.3853402,-0.00358,-1,-1,-1,0,0,0,136,1,1,0,0.0000000,0.0000000,0.0000000,0,0,0,0
756772270297708 D 2422,2184094339,1000,1555,1555,2.3853402,-0.00344,-1,-1,-1,0,0,0,136,1,1,0,0.0000000,0.0000000,0.0000000,0,0,0,0
756772271275458 D 2423,2184095339,1000,1555,1555,2.3853402,-0.00330,-1,-1,-1,0,0,0,136,1,1,0,0.0000000,0.0000000,0.0000000,0,0,0,0
756772272278500 D 2424,2184096339,1000,1555,1555,2.3853402,-0.00317,-1,-1,-1,0,0,0,136,1,1,0,0.0000000,0.0000000,0.0000000,0,0,0,0
756772273271416 D 2425,2184097339,1000,1555,1555,2.3853402,-0.00305,-1,-1,-1,0,0,0,136,1,1,0,0.0000000,0.0000000,0.0000000,0,0,0,0
756772274497458 D 2426,2184098339,1000,1555,1555,2.3853402,-0.00293,-1,-1,-1,0,0,0,136,1,1,0,0.0000000,0.0000000,0.0000000,0,0,0,0
756772275545958 D 2427,2184099339,1000,1555,1555,2.3853402,-0.00281,-1,-1,-1,0,0,0,136,1,1,0,0.0000000,0.0000000,0.0000000,0,0,0,0
756772276494541 D 2428,2184100339,1000,1555,1555,2.3853402,-0.00270,-1,-1,-1,0,0,0,136,1,1,0,0.0000000,0.0000000,0.0000000,0,0,0,0
756772277284083 D 2429,2184101339,1000,1555,1555,2.3853402,-0.00260,-1,-1,-1,0,0,0,136,1,1,0,0.0000000,0.0000000,0.0000000,0,0,0,0
756772278705791 D 2430,2184102339,1000,1555,1555,2.3853402,-0.00250,39,128,2035,0,0,0,136,1,1,0,0.0000000,0.0000000,0.0000000,0,0,0,0
756772279314708 D 2431,2184103339,1000,1555,1555,2.3853402,-0.00240,-1,-1,-1,0,0,0,136,1,1,0,0.0000000,0.0000000,0.0000000,0,0,0,0
756772280267750 D 2432,2184104339,1000,1555,1555,2.3853402,-0.00230,-1,-1,-1,0,0,0,136,1,1,0,0.0000000,0.0000000,0.0000000,0,0,0,0
756772281264708 D 2433,2184105339,1000,1555,1555,2.3853402,-0.00221,-1,-1,-1,0,0,0,136,1,1,0,0.0000000,0.0000000,0.0000000,0,0,0,0
756772282268708 D 2434,2184106339,1000,1555,1555,2.3853402,-0.00213,-1,-1,-1,0,0,0,136,1,1,0,0.0000000,0.0000000,0.0000000,0,0,0,0
756772283300583 D 2435,2184107339,1000,1555,1555,2.3853402,-0.00204,-1,-1,-1,0,0,0,136,1,1,0,0.0000000,0.0000000,0.0000000,0,0,0,0
756772284319000 D 2436,2184108339,1000,1555,1555,2.3853402,-0.00196,-1,-1,-1,0,0,0,136,1,1,0,0.0000000,0.0000000,0.0000000,0,0,0,0
756772285293083 D 2437,2184109339,1000,1555,1555,2.3853402,-0.00189,-1,-1,-1,0,0,0,136,1,1,0,0.0000000,0.0000000,0.0000000,0,0,0,0
756772286301250 D 2438,2184110339,1000,1555,1555,2.3853402,-0.00181,-1,-1,-1,0,0,0,135,1,1,0,0.0000000,0.0000000,0.0000000,0,0,0,0
756772287285375 D 2439,2184111339,1000,1555,1555,2.3853402,-0.00174,-1,-1,-1,0,0,0,136,1,1,0,0.0000000,0.0000000,0.0000000,0,0,0,0
756772288280208 D 2440,2184112339,1000,1555,1555,2.3853402,-0.00167,-1,-1,-1,0,0,0,136,1,1,0,0.0000000,0.0000000,0.0000000,0,0,0,0
756772289273875 D 2441,2184113339,1000,1555,1555,2.3853402,-0.00161,-1,-1,-1,0,0,0,136,1,1,0,0.0000000,0.0000000,0.0000000,0,0,0,0
756772290309750 D 2442,2184114339,1000,1555,1555,2.3853402,-0.00154,-1,-1,-1,0,0,0,136,1,1,0,0.0000000,0.0000000,0.0000000,0,0,0,0
756772291309666 D 2443,2184115339,1000,1555,1555,2.3853402,-0.00148,-1,-1,-1,0,0,0,136,1,1,0,0.0000000,0.0000000,0.0000000,0,0,0,0
756772292280666 D 2444,2184116339,1000,1555,1555,2.3853402,-0.00143,-1,-1,-1,0,0,0,136,1,1,0,0.0000000,0.0000000,0.0000000,0,0,0,0
756772293275000 D 2445,2184117339,1000,1555,1555,2.3853402,-0.00137,-1,-1,-1,0,0,0,136,1,1,0,0.0000000,0.0000000,0.0000000,0,0,0,0
756772294273083 D 2446,2184118339,1000,1555,1555,2.3853402,-0.00132,-1,-1,-1,0,0,0,136,1,1,0,0.0000000,0.0000000,0.0000000,0,0,0,0
756772295285791 D 2447,2184119339,1000,1555,1555,2.3853402,-0.00126,-1,-1,-1,0,0,0,136,1,1,0,0.0000000,0.0000000,0.0000000,0,0,0,0
756772296281500 D 2448,2184120339,1000,1555,1555,2.3853402,-0.00121,-1,-1,-1,0,0,0,136,1,1,0,0.0000000,0.0000000,0.0000000,0,0,0,0
756772297277250 D 2449,2184121339,1000,1555,1555,2.3853402,-0.00117,-1,-1,-1,0,0,0,136,1,1,0,0.0000000,0.0000000,0.0000000,0,0,0,0
756772298261875 D 2450,2184122339,1000,1556,1556,2.3868742,0.05903,-1,-1,-1,0,0,0,136,1,1,0,0.0000000,0.0000000,0.0000000,0,0,0,0
756772299269916 D 2451,2184123339,1000,1555,1555,2.3853402,-0.00344,-1,-1,-1,0,0,0,136,1,1,0,0.0000000,0.0000000,0.0000000,0,0,0,0
756772300265875 D 2452,2184124339,1000,1555,1555,2.3853402,-0.00330,-1,-1,-1,0,0,0,135,1,1,0,0.0000000,0.0000000,0.0000000,0,0,0,0
756772301266583 D 2453,2184125339,1000,1555,1555,2.3853402,-0.00317,-1,-1,-1,0,0,0,136,1,1,0,0.0000000,0.0000000,0.0000000,0,0,0,0
756772302262250 D 2454,2184126339,1000,1555,1555,2.3853402,-0.00305,-1,-1,-1,0,0,0,136,1,1,0,0.0000000,0.0000000,0.0000000,0,0,0,0
756772303289708 D 2455,2184127339,1000,1555,1555,2.3853402,-0.00293,-1,-1,-1,0,0,0,136,1,1,0,0.0000000,0.0000000,0.0000000,0,0,0,0
756772304287583 D 2456,2184128339,1000,1555,1555,2.3853402,-0.00281,-1,-1,-1,0,0,0,136,1,1,0,0.0000000,0.0000000,0.0000000,0,0,0,0
756772305273666 D 2457,2184129339,1000,1555,1555,2.3853402,-0.00270,-1,-1,-1,0,0,0,136,1,1,0,0.0000000,0.0000000,0.0000000,0,0,0,0
756772306295541 D 2458,2184130339,1000,1555,1555,2.3853402,-0.00260,-1,-1,-1,0,0,0,136,1,1,0,0.0000000,0.0000000,0.0000000,0,0,0,0
756772307280458 D 2459,2184131339,1000,1555,1555,2.3853402,-0.00249,-1,-1,-1,0,0,0,136,1,1,0,0.0000000,0.0000000,0.0000000,0,0,0,0
756772308272166 D 2460,2184132339,1000,1555,1555,2.3853402,-0.00240,-1,-1,-1,0,0,0,136,1,1,0,0.0000000,0.0000000,0.0000000,0,0,0,0
756772309270541 D 2461,2184133339,1000,1555,1555,2.3853402,-0.00230,-1,-1,-1,0,0,0,136,1,1,0,0.0000000,0.0000000,0.0000000,0,0,0,0
756772310498250 D 2462,2184134339,1000,1555,1555,2.3853402,-0.00221,-1,-1,-1,0,0,0,136,1,1,0,0.0000000,0.0000000,0.0000000,0,0,0,0
756772311491916 D 2463,2184135339,1000,1556,1556,2.3868742,0.05802,-1,-1,-1,0,0,0,136,1,1,0,0.0000000,0.0000000,0.0000000,0,0,0,0
756772312512083 D 2464,2184136339,1000,1555,1555,2.3853402,-0.00440,-1,-1,-1,0,0,0,136,1,1,0,0.0000000,0.0000000,0.0000000,0,0,0,0
756772313484125 D 2465,2184137339,1000,1555,1555,2.3853402,-0.00423,-1,-1,-1,0,0,0,136,1,1,0,0.0000000,0.0000000,0.0000000,0,0,0,0
756772314426375 D 2466,2184138339,1000,1555,1555,2.3853402,-0.00406,-1,-1,-1,0,0,0,136,1,1,0,0.0000000,0.0000000,0.0000000,0,0,0,0
756772315322000 D 2467,2184139339,1000,1555,1555,2.3853402,-0.00390,-1,-1,-1,0,0,0,136,1,1,0,0.0000000,0.0000000,0.0000000,0,0,0,0
756772316288083 D 2468,2184140339,1000,1555,1555,2.3853402,-0.00375,-1,-1,-1,0,0,0,136,1,1,0,0.0000000,0.0000000,0.0000000,0,0,0,0
756772317277958 D 2469,2184141339,1000,1555,1555,2.3853402,-0.00360,-1,-1,-1,0,0,0,136,1,1,0,0.0000000,0.0000000,0.0000000,0,0,0,0
756772318270375 D 2470,2184142339,1000,1555,1555,2.3853402,-0.00346,-1,-1,-1,0,0,0,136,1,1,0,0.0000000,0.0000000,0.0000000,0,0,0,0
756772319262750 D 2471,2184143339,1000,1555,1555,2.3853402,-0.00333,-1,-1,-1,0,0,0,136,1,1,0,0.0000000,0.0000000,0.0000000,0,0,0,0
756772320262041 D 2472,2184144339,1000,1555,1555,2.3853402,-0.00320,-1,-1,-1,0,0,0,136,1,1,0,0.0000000,0.0000000,0.0000000,0,0,0,0
756772321371708 D 2473,2184145339,1000,1555,1555,2.3853402,-0.00307,-1,-1,-1,0,0,0,136,1,1,0,0.0000000,0.0000000,0.0000000,0,0,0,0
756772322522666 D 2474,2184146339,1000,1555,1555,2.3853402,-0.00295,-1,-1,-1,0,0,0,136,1,1,0,0.0000000,0.0000000,0.0000000,0,0,0,0
756772323480708 D 2475,2184147339,1000,1555,1555,2.3853402,-0.00283,-1,-1,-1,0,0,0,136,1,1,0,0.0000000,0.0000000,0.0000000,0,0,0,0
756772324388208 D 2476,2184148339,1000,1555,1555,2.3853402,-0.00272,-1,-1,-1,0,0,0,136,1,1,0,0.0000000,0.0000000,0.0000000,0,0,0,0
756772325268333 D 2477,2184149339,1000,1555,1555,2.3853402,-0.00262,-1,-1,-1,0,0,0,136,1,1,0,0.0000000,0.0000000,0.0000000,0,0,0,0
756772326290000 D 2478,2184150339,1000,1555,1555,2.3853402,-0.00251,-1,-1,-1,0,0,0,136,1,1,0,0.0000000,0.0000000,0.0000000,0,0,0,0
756772327263208 D 2479,2184151339,1000,1555,1555,2.3853402,-0.00242,-1,-1,-1,0,0,0,136,1,1,0,0.0000000,0.0000000,0.0000000,0,0,0,0
756772328899916 D 2480,2184152339,1000,1556,1556,2.3868742,0.05783,39,128,2035,0,0,0,135,1,1,0,0.0000000,0.0000000,0.0000000,0,0,0,0
756772329731416 D 2481,2184153339,1000,1555,1555,2.3853402,-0.00459,-1,-1,-1,0,0,0,136,1,1,0,0.0000000,0.0000000,0.0000000,0,0,0,0
756772330420916 D 2482,2184154339,1000,1555,1555,2.3853402,-0.00441,-1,-1,-1,0,0,0,136,1,1,0,0.0000000,0.0000000,0.0000000,0,0,0,0
756772331266625 D 2483,2184155339,1000,1555,1555,2.3853402,-0.00424,-1,-1,-1,0,0,0,136,1,1,0,0.0000000,0.0000000,0.0000000,0,0,0,0
756772332268708 D 2484,2184156339,1000,1555,1555,2.3853402,-0.00407,-1,-1,-1,0,0,0,136,1,1,0,0.0000000,0.0000000,0.0000000,0,0,0,0
756772333296291 D 2485,2184157339,1000,1555,1555,2.3853402,-0.00391,-1,-1,-1,0,0,0,136,1,1,0,0.0000000,0.0000000,0.0000000,0,0,0,0
756772334276791 D 2486,2184158339,1000,1555,1555,2.3853402,-0.00376,-1,-1,-1,0,0,0,136,1,1,0,0.0000000,0.0000000,0.0000000,0,0,0,0
756772335267208 D 2487,2184159339,1000,1556,1556,2.3868742,0.05654,-1,-1,-1,0,0,0,136,1,1,0,0.0000000,0.0000000,0.0000000,0,0,0,0
756772336278541 D 2488,2184160339,1000,1555,1555,2.3853402,-0.00583,-1,-1,-1,0,0,0,136,1,1,0,0.0000000,0.0000000,0.0000000,0,0,0,0
756772337293166 D 2489,2184161339,1000,1555,1555,2.3853402,-0.00560,-1,-1,-1,0,0,0,136,1,1,0,0.0000000,0.0000000,0.0000000,0,0,0,0
756772338267041 D 2490,2184162339,1000,1555,1555,2.3853402,-0.00538,-1,-1,-1,0,0,0,136,1,1,0,0.0000000,0.0000000,0.0000000,0,0,0,0
756772339264125 D 2491,2184163339,1000,1555,1555,2.3853402,-0.00517,-1,-1,-1,0,0,0,136,1,1,0,0.0000000,0.0000000,0.0000000,0,0,0,0
756772340266125 D 2492,2184164339,1000,1555,1555,2.3853402,-0.00496,-1,-1,-1,0,0,0,136,1,1,0,0.0000000,0.0000000,0.0000000,0,0,0,0
756772341272666 D 2493,2184165339,1000,1555,1555,2.3853402,-0.00477,-1,-1,-1,0,0,0,136,1,1,0,0.0000000,0.0000000,0.0000000,0,0,0,0
756772342267708 D 2494,2184166339,1000,1555,1555,2.3853402,-0.00458,-1,-1,-1,0,0,0,135,1,1,0,0.0000000,0.0000000,0.0000000,0,0,0,0
756772343266958 D 2495,2184167339,1000,1555,1555,2.3853402,-0.00440,-1,-1,-1,0,0,0,136,1,1,0,0.0000000,0.0000000,0.0000000,0,0,0,0
756772344260958 D 2496,2184168339,1000,1555,1555,2.3853402,-0.00423,-1,-1,-1,0,0,0,136,1,1,0,0.0000000,0.0000000,0.0000000,0,0,0,0
756772345265958 D 2497,2184169339,1000,1555,1555,2.3853402,-0.00406,-1,-1,-1,0,0,0,136,1,1,0,0.0000000,0.0000000,0.0000000,0,0,0,0
756772346260833 D 2498,2184170339,1000,1555,1555,2.3853402,-0.00391,-1,-1,-1,0,0,0,136,1,1,0,0.0000000,0.0000000,0.0000000,0,0,0,0
756772347287541 D 2499,2184171339,1000,1555,1555,2.3853402,-0.00375,-1,-1,-1,0,0,0,136,1,1,0,0.0000000,0.0000000,0.0000000,0,0,0,0
756772348278166 D 2500,2184172339,1000,1555,1555,2.3853402,-0.00361,-1,-1,-1,0,0,0,136,1,1,0,0.0000000,0.0000000,0.0000000,0,0,0,0
756772349278875 D 2501,2184173339,1000,1555,1555,2.3853402,-0.00346,-1,-1,-1,0,0,0,136,1,1,0,0.0000000,0.0000000,0.0000000,0,0,0,0
756772350284000 D 2502,2184174339,1000,1555,1555,2.3853402,-0.00333,-1,-1,-1,0,0,0,136,1,1,0,0.0000000,0.0000000,0.0000000,0,0,0,0
756772351270166 D 2503,2184175339,1000,1555,1555,2.3853402,-0.00320,-1,-1,-1,0,0,0,136,1,1,0,0.0000000,0.0000000,0.0000000,0,0,0,0
756772352267000 D 2504,2184176339,1000,1555,1555,2.3853402,-0.00307,-1,-1,-1,0,0,0,136,1,1,0,0.0000000,0.0000000,0.0000000,0,0,0,0
756772353506833 D 2505,2184177339,1000,1555,1555,2.3853402,-0.00295,-1,-1,-1,0,0,0,136,1,1,0,0.0000000,0.0000000,0.0000000,0,0,0,0
756772354502625 D 2506,2184178339,1000,1555,1555,2.3853402,-0.00284,-1,-1,-1,0,0,0,136,1,1,0,0.0000000,0.0000000,0.0000000,0,0,0,0
756772355483500 D 2507,2184179339,1000,1555,1555,2.3853402,-0.00272,-1,-1,-1,0,0,0,136,1,1,0,0.0000000,0.0000000,0.0000000,0,0,0,0
756772356312416 D 2508,2184180339,1000,1555,1555,2.3853402,-0.00262,-1,-1,-1,0,0,0,136,1,1,0,0.0000000,0.0000000,0.0000000,0,0,0,0
756772357325583 D 2509,2184181339,1000,1555,1555,2.3853402,-0.00252,-1,-1,-1,0,0,0,136,1,1,0,0.0000000,0.0000000,0.0000000,0,0,0,0
756772358356541 D 2510,2184182339,1000,1555,1555,2.3853402,-0.00242,-1,-1,-1,0,0,0,136,1,1,0,0.0000000,0.0000000,0.0000000,0,0,0,0
756772361515625 D 2511,2184183339,1000,1555,1555,2.3853402,-0.00232,-1,-1,-1,0,0,0,136,1,1,0,0.0000000,0.0000000,0.0000000,0,0,0,0
756772362257208 D 2512,2184184339,1000,1555,1555,2.3853402,-0.00223,-1,-1,-1,0,0,0,136,1,1,0,0.0000000,0.0000000,0.0000000,0,0,0,0
756772362930958 D 2513,2184185339,1000,1555,1555,2.3853402,-0.00214,-1,-1,-1,0,0,0,136,1,1,0,0.0000000,0.0000000,0.0000000,0,0,0,0
756772363542250 D 2514,2184186339,1000,1555,1555,2.3853402,-0.00206,-1,-1,-1,0,0,0,136,1,1,0,0.0000000,0.0000000,0.0000000,0,0,0,0
756772364074958 D 2515,2184187339,1000,1555,1555,2.3853402,-0.00198,-1,-1,-1,0,0,0,136,1,1,0,0.0000000,0.0000000,0.0000000,0,0,0,0
756772364581708 D 2516,2184188339,1000,1555,1555,2.3853402,-0.00190,-1,-1,-1,0,0,0,136,1,1,0,0.0000000,0.0000000,0.0000000,0,0,0,0
756772365227000 D 2517,2184189339,1000,1555,1555,2.3853402,-0.00183,-1,-1,-1,0,0,0,136,1,1,0,0.0000000,0.0000000,0.0000000,0,0,0,0
756772366198250 D 2518,2184190339,1000,1555,1555,2.3853402,-0.00175,-1,-1,-1,0,0,0,136,1,1,0,0.0000000,0.0000000,0.0000000,0,0,0,0
756772367206458 D 2519,2184191339,1000,1555,1555,2.3853402,-0.00169,-1,-1,-1,0,0,0,136,1,1,0,0.0000000,0.0000000,0.0000000,0,0,0,0
756772368271625 D 2520,2184192339,1000,1555,1555,2.3853402,-0.00162,-1,-1,-1,0,0,0,136,1,1,0,0.0000000,0.0000000,0.0000000,0,0,0,0
756772369277833 D 2521,2184193339,1000,1556,1556,2.3868742,0.05859,-1,-1,-1,0,0,0,136,1,1,0,0.0000000,0.0000000,0.0000000,0,0,0,0
756772370351916 D 2522,2184194339,1000,1555,1555,2.3853402,-0.00385,-1,-1,-1,0,0,0,135,1,1,0,0.0000000,0.0000000,0.0000000,0,0,0,0
756772371251833 D 2523,2184195339,1000,1555,1555,2.3853402,-0.00370,-1,-1,-1,0,0,0,136,1,1,0,0.0000000,0.0000000,0.0000000,0,0,0,0
756772372218000 D 2524,2184196339,1000,1555,1555,2.3853402,-0.00356,-1,-1,-1,0,0,0,136,1,1,0,0.0000000,0.0000000,0.0000000,0,0,0,0
756772373407291 D 2525,2184197339,1000,1555,1555,2.3853402,-0.00342,-1,-1,-1,0,0,0,136,1,1,0,0.0000000,0.0000000,0.0000000,0,0,0,0
756772374306625 D 2526,2184198339,1000,1555,1555,2.3853402,-0.00328,-1,-1,-1,0,0,0,136,1,1,0,0.0000000,0.0000000,0.0000000,0,0,0,0
756772375328125 D 2527,2184199339,1000,1555,1555,2.3853402,-0.00316,-1,-1,-1,0,0,0,136,1,1,0,0.0000000,0.0000000,0.0000000,0,0,0,0
756772376290916 D 2528,2184200339,1000,1555,1555,2.3853402,-0.00303,-1,-1,-1,0,0,0,136,1,1,0,0.0000000,0.0000000,0.0000000,0,0,0,0
756772377257041 D 2529,2184201339,1000,1555,1555,2.3853402,-0.00291,-1,-1,-1,0,0,0,136,1,1,0,0.0000000,0.0000000,0.0000000,0,0,0,0
756772378712750 D 2530,2184202339,1000,1555,1555,2.3853402,-0.00280,39,128,2035,0,0,0,136,1,1,0,0.0000000,0.0000000,0.0000000,0,0,0,0
756772379263500 D 2531,2184203339,1000,1555,1555,2.3853402,-0.00269,-1,-1,-1,0,0,0,136,1,1,0,0.0000000,0.0000000,0.0000000,0,0,0,0
756772380253583 D 2532,2184204339,1000,1555,1555,2.3853402,-0.00258,-1,-1,-1,0,0,0,136,1,1,0,0.0000000,0.0000000,0.0000000,0,0,0,0
756772381266916 D 2533,2184205339,1000,1555,1555,2.3853402,-0.00248,-1,-1,-1,0,0,0,136,1,1,0,0.0000000,0.0000000,0.0000000,0,0,0,0
756772382258208 D 2534,2184206339,1000,1555,1555,2.3853402,-0.00238,-1,-1,-1,0,0,0,136,1,1,0,0.0000000,0.0000000,0.0000000,0,0,0,0
756772383276500 D 2535,2184207339,1000,1555,1555,2.3853402,-0.00229,-1,-1,-1,0,0,0,136,1,1,0,0.0000000,0.0000000,0.0000000,0,0,0,0
756772384409291 D 2536,2184208339,1000,1555,1555,2.3853402,-0.00220,-1,-1,-1,0,0,0,136,1,1,0,0.0000000,0.0000000,0.0000000,0,0,0,0
756772385370041 D 2537,2184209339,1000,1555,1555,2.3853402,-0.00211,-1,-1,-1,0,0,0,136,1,1,0,0.0000000,0.0000000,0.0000000,0,0,0,0
756772386346208 D 2538,2184210339,1000,1555,1555,2.3853402,-0.00203,-1,-1,-1,0,0,0,136,1,1,0,0.0000000,0.0000000,0.0000000,0,0,0,0
756772387334166 D 2539,2184211339,1000,1555,1555,2.3853402,-0.00195,-1,-1,-1,0,0,0,136,1,1,0,0.0000000,0.0000000,0.0000000,0,0,0,0
756772388334125 D 2540,2184212339,1000,1555,1555,2.3853402,-0.00188,-1,-1,-1,0,0,0,136,1,1,0,0.0000000,0.0000000,0.0000000,0,0,0,0
756772389334791 D 2541,2184213339,1000,1555,1555,2.3853402,-0.00180,-1,-1,-1,0,0,0,136,1,1,0,0.0000000,0.0000000,0.0000000,0,0,0,0
756772390327375 D 2542,2184214339,1000,1555,1555,2.3853402,-0.00173,-1,-1,-1,0,0,0,136,1,1,0,0.0000000,0.0000000,0.0000000,0,0,0,0
756772391330708 D 2543,2184215339,1000,1555,1555,2.3853402,-0.00166,-1,-1,-1,0,0,0,136,1,1,0,0.0000000,0.0000000,0.0000000,0,0,0,0
756772392325208 D 2544,2184216339,1000,1555,1555,2.3853402,-0.00160,-1,-1,-1,0,0,0,136,1,1,0,0.0000000,0.0000000,0.0000000,0,0,0,0
756772393323541 D 2545,2184217339,1000,1556,1556,2.3868742,0.05861,-1,-1,-1,0,0,0,136,1,1,0,0.0000000,0.0000000,0.0000000,0,0,0,0
756772394326250 D 2546,2184218339,1000,1555,1555,2.3853402,-0.00383,-1,-1,-1,0,0,0,136,1,1,0,0.0000000,0.0000000,0.0000000,0,0,0,0
756772395318000 D 2547,2184219339,1000,1555,1555,2.3853402,-0.00368,-1,-1,-1,0,0,0,136,1,1,0,0.0000000,0.0000000,0.0000000,0,0,0,0
756772396319250 D 2548,2184220339,1000,1555,1555,2.3853402,-0.00354,-1,-1,-1,0,0,0,136,1,1,0,0.0000000,0.0000000,0.0000000,0,0,0,0
756772397319625 D 2549,2184221339,1000,1555,1555,2.3853402,-0.00340,-1,-1,-1,0,0,0,136,1,1,0,0.0000000,0.0000000,0.0000000,0,0,0,0
756772398388625 D 2550,2184222339,1000,1555,1555,2.3853402,-0.00327,-1,-1,-1,0,0,0,136,1,1,0,0.0000000,0.0000000,0.0000000,0,0,0,0
756772399388291 D 2551,2184223339,1000,1555,1555,2.3853402,-0.00314,-1,-1,-1,0,0,0,136,1,1,0,0.0000000,0.0000000,0.0000000,0,0,0,0
756772400383583 D 2552,2184224339,1000,1555,1555,2.3853402,-0.00302,-1,-1,-1,0,0,0,136,1,1,0,0.0000000,0.0000000,0.0000000,0,0,0,0
756772401314875 D 2553,2184225339,1000,1555,1555,2.3853402,-0.00290,-1,-1,-1,0,0,0,136,1,1,0,0.0000000,0.0000000,0.0000000,0,0,0,0
756772402313916 D 2554,2184226339,1000,1555,1555,2.3853402,-0.00278,-1,-1,-1,0,0,0,136,1,1,0,0.0000000,0.0000000,0.0000000,0,0,0,0
756772403291500 D 2555,2184227339,1000,1555,1555,2.3853402,-0.00267,-1,-1,-1,0,0,0,136,1,1,0,0.0000000,0.0000000,0.0000000,0,0,0,0
756772404398166 D 2556,2184228339,1000,1555,1555,2.3853402,-0.00257,-1,-1,-1,0,0,0,136,1,1,0,0.0000000,0.0000000,0.0000000,0,0,0,0
756772405383333 D 2557,2184229339,1000,1555,1555,2.3853402,-0.00247,-1,-1,-1,0,0,0,136,1,1,0,0.0000000,0.0000000,0.0000000,0,0,0,0
756772406421000 D 2558,2184230339,1000,1555,1555,2.3853402,-0.00237,-1,-1,-1,0,0,0,136,1,1,0,0.0000000,0.0000000,0.0000000,0,0,0,0
756772407358958 D 2559,2184231339,1000,1555,1555,2.3853402,-0.00228,-1,-1,-1,0,0,0,136,1,1,0,0.0000000,0.0000000,0.0000000,0,0,0,0
756772408330791 D 2560,2184232339,1000,1555,1555,2.3853402,-0.00219,-1,-1,-1,0,0,0,136,1,1,0,0.0000000,0.0000000,0.0000000,0,0,0,0
756772409329166 D 2561,2184233339,1000,1555,1555,2.3853402,-0.00210,-1,-1,-1,0,0,0,136,1,1,0,0.0000000,0.0000000,0.0000000,0,0,0,0
756772410300333 D 2562,2184234339,1000,1555,1555,2.3853402,-0.00202,-1,-1,-1,0,0,0,136,1,1,0,0.0000000,0.0000000,0.0000000,0,0,0,0
756772411315041 D 2563,2184235339,1000,1556,1556,2.3868742,0.05821,-1,-1,-1,0,0,0,136,1,1,0,0.0000000,0.0000000,0.0000000,0,0,0,0
756772412319458 D 2564,2184236339,1000,1555,1555,2.3853402,-0.00422,-1,-1,-1,0,0,0,136,1,1,0,0.0000000,0.0000000,0.0000000,0,0,0,0
756772413300208 D 2565,2184237339,1000,1556,1556,2.3868742,0.05609,-1,-1,-1,0,0,0,136,1,1,0,0.0000000,0.0000000,0.0000000,0,0,0,0
756772414303041 D 2566,2184238339,1000,1555,1555,2.3853402,-0.00626,-1,-1,-1,0,0,0,136,1,1,0,0.0000000,0.0000000,0.0000000,0,0,0,0
756772415315166 D 2567,2184239339,1000,1555,1555,2.3853402,-0.00601,-1,-1,-1,0,0,0,136,1,1,0,0.0000000,0.0000000,0.0000000,0,0,0,0
756772416348458 D 2568,2184240339,1000,1555,1555,2.3853402,-0.00578,-1,-1,-1,0,0,0,136,1,1,0,0.0000000,0.0000000,0.0000000,0,0,0,0
756772417340375 D 2569,2184241339,1000,1555,1555,2.3853402,-0.00555,-1,-1,-1,0,0,0,136,1,1,0,0.0000000,0.0000000,0.0000000,0,0,0,0
756772418305291 D 2570,2184242339,1000,1555,1555,2.3853402,-0.00533,-1,-1,-1,0,0,0,136,1,1,0,0.0000000,0.0000000,0.0000000,0,0,0,0
756772419298958 D 2571,2184243339,1000,1555,1555,2.3853402,-0.00512,-1,-1,-1,0,0,0,136,1,1,0,0.0000000,0.0000000,0.0000000,0,0,0,0
756772420291333 D 2572,2184244339,1000,1555,1555,2.3853402,-0.00492,-1,-1,-1,0,0,0,136,1,1,0,0.0000000,0.0000000,0.0000000,0,0,0,0
756772421347625 D 2573,2184245339,1000,1555,1555,2.3853402,-0.00473,-1,-1,-1,0,0,0,136,1,1,0,0.0000000,0.0000000,0.0000000,0,0,0,0
756772422353625 D 2574,2184246339,1000,1555,1555,2.3853402,-0.00454,-1,-1,-1,0,0,0,136,1,1,0,0.0000000,0.0000000,0.0000000,0,0,0,0
756772423291291 D 2575,2184247339,1000,1555,1555,2.3853402,-0.00437,-1,-1,-1,0,0,0,136,1,1,0,0.0000000,0.0000000,0.0000000,0,0,0,0
756772424279333 D 2576,2184248339,1000,1556,1556,2.3868742,0.05595,-1,-1,-1,0,0,0,136,1,1,0,0.0000000,0.0000000,0.0000000,0,0,0,0
756772425285083 D 2577,2184249339,1000,1555,1555,2.3853402,-0.00639,-1,-1,-1,0,0,0,136,1,1,0,0.0000000,0.0000000,0.0000000,0,0,0,0
756772426297500 D 2578,2184250339,1000,1555,1555,2.3853402,-0.00614,-1,-1,-1,0,0,0,136,1,1,0,0.0000000,0.0000000,0.0000000,0,0,0,0
756772427281250 D 2579,2184251339,1000,1555,1555,2.3853402,-0.00590,-1,-1,-1,0,0,0,136,1,1,0,0.0000000,0.0000000,0.0000000,0,0,0,0
756772428705416 D 2580,2184252339,1000,1555,1555,2.3853402,-0.00567,39,128,2035,0,0,0,136,1,1,0,0.0000000,0.0000000,0.0000000,0,0,0,0
756772429310166 D 2581,2184253339,1000,1555,1555,2.3853402,-0.00544,-1,-1,-1,0,0,0,136,1,1,0,0.0000000,0.0000000,0.0000000,0,0,0,0
756772430298916 D 2582,2184254339,1000,1555,1555,2.3853402,-0.00523,-1,-1,-1,0,0,0,136,1,1,0,0.0000000,0.0000000,0.0000000,0,0,0,0
756772431302708 D 2583,2184255339,1000,1555,1555,2.3853402,-0.00503,-1,-1,-1,0,0,0,136,1,1,0,0.0000000,0.0000000,0.0000000,0,0,0,0
756772432279416 D 2584,2184256339,1000,1555,1555,2.3853402,-0.00483,-1,-1,-1,0,0,0,136,1,1,0,0.0000000,0.0000000,0.0000000,0,0,0,0
756772433281541 D 2585,2184257339,1000,1555,1555,2.3853402,-0.00464,-1,-1,-1,0,0,0,136,1,1,0,0.0000000,0.0000000,0.0000000,0,0,0,0
756772434284250 D 2586,2184258339,1000,1556,1556,2.3868742,0.05569,-1,-1,-1,0,0,0,136,1,1,0,0.0000000,0.0000000,0.0000000,0,0,0,0
756772435300333 D 2587,2184259339,1000,1555,1555,2.3853402,-0.00664,-1,-1,-1,0,0,0,136,1,1,0,0.0000000,0.0000000,0.0000000,0,0,0,0
756772436292625 D 2588,2184260339,1000,1555,1555,2.3853402,-0.00638,-1,-1,-1,0,0,0,136,1,1,0,0.0000000,0.0000000,0.0000000,0,0,0,0
756772437284166 D 2589,2184261339,1000,1555,1555,2.3853402,-0.00613,-1,-1,-1,0,0,0,136,1,1,0,0.0000000,0.0000000,0.0000000,0,0,0,0
756772438276208 D 2590,2184262339,1000,1555,1555,2.3853402,-0.00589,-1,-1,-1,0,0,0,136,1,1,0,0.0000000,0.0000000,0.0000000,0,0,0,0
756772439274750 D 2591,2184263339,1000,1555,1555,2.3853402,-0.00566,-1,-1,-1,0,0,0,136,1,1,0,0.0000000,0.0000000,0.0000000,0,0,0,0
756772440285291 D 2592,2184264339,1000,1555,1555,2.3853402,-0.00544,-1,-1,-1,0,0,0,135,1,1,0,0.0000000,0.0000000,0.0000000,0,0,0,0
756772441275083 D 2593,2184265339,1000,1556,1556,2.3868742,0.05492,-1,-1,-1,0,0,0,136,1,1,0,0.0000000,0.0000000,0.0000000,0,0,0,0
756772442286875 D 2594,2184266339,1000,1555,1555,2.3853402,-0.00738,-1,-1,-1,0,0,0,136,1,1,0,0.0000000,0.0000000,0.0000000,0,0,0,0
756772443278875 D 2595,2184267339,1000,1555,1555,2.3853402,-0.00709,-1,-1,-1,0,0,0,136,1,1,0,0.0000000,0.0000000,0.0000000,0,0,0,0
756772444270500 D 2596,2184268339,1000,1556,1556,2.3868742,0.05334,-1,-1,-1,0,0,0,136,1,1,0,0.0000000,0.0000000,0.0000000,0,0,0,0
756772445276666 D 2597,2184269339,1000,1555,1555,2.3853402,-0.00890,-1,-1,-1,0,0,0,136,1,1,0,0.0000000,0.0000000,0.0000000,0,0,0,0
756772446316750 D 2598,2184270339,1000,1555,1555,2.3853402,-0.00855,-1,-1,-1,0,0,0,136,1,1,0,0.0000000,0.0000000,0.0000000,0,0,0,0
756772447319250 D 2599,2184271339,1000,1555,1555,2.3853402,-0.00822,-1,-1,-1,0,0,0,136,1,1,0,0.0000000,0.0000000,0.0000000,0,0,0,0
756772448312583 D 2600,2184272339,1000,1556,1556,2.3868742,0.05225,-1,-1,-1,0,0,0,136,1,1,0,0.0000000,0.0000000,0.0000000,0,0,0,0
756772449299208 D 2601,2184273339,1000,1555,1555,2.3853402,-0.00994,-1,-1,-1,0,0,0,136,1,1,0,0.0000000,0.0000000,0.0000000,0,0,0,0
756772450292791 D 2602,2184274339,1000,1555,1555,2.3853402,-0.00955,-1,-1,-1,0,0,0,136,1,1,0,0.0000000,0.0000000,0.0000000,0,0,0,0
756772451291416 D 2603,2184275339,1000,1555,1555,2.3853402,-0.00918,-1,-1,-1,0,0,0,136,1,1,0,0.0000000,0.0000000,0.0000000,0,0,0,0
756772452288500 D 2604,2184276339,1000,1555,1555,2.3853402,-0.00882,-1,-1,-1,0,0,0,136,1,1,0,0.0000000,0.0000000,0.0000000,0,0,0,0
756772453286416 D 2605,2184277339,1000,1556,1556,2.3868742,0.05167,-1,-1,-1,0,0,0,136,1,1,0,0.0000000,0.0000000,0.0000000,0,0,0,0
756772454347416 D 2606,2184278339,1000,1555,1555,2.3853402,-0.01050,-1,-1,-1,0,0,0,136,1,1,0,0.0000000,0.0000000,0.0000000,0,0,0,0
756772455322916 D 2607,2184279339,1000,1555,1555,2.3853402,-0.01009,-1,-1,-1,0,0,0,136,1,1,0,0.0000000,0.0000000,0.0000000,0,0,0,0
756772456303458 D 2608,2184280339,1000,1555,1555,2.3853402,-0.00969,-1,-1,-1,0,0,0,136,1,1,0,0.0000000,0.0000000,0.0000000,0,0,0,0
756772457357583 D 2609,2184281339,1000,1555,1555,2.3853402,-0.00931,-1,-1,-1,0,0,0,136,1,1,0,0.0000000,0.0000000,0.0000000,0,0,0,0
756772458435250 D 2610,2184282339,1000,1555,1555,2.3853402,-0.00895,-1,-1,-1,0,0,0,136,1,1,0,0.0000000,0.0000000,0.0000000,0,0,0,0
756772459296125 D 2611,2184283339,1000,1555,1555,2.3853402,-0.00860,-1,-1,-1,0,0,0,136,1,1,0,0.0000000,0.0000000,0.0000000,0,0,0,0
756772460537708 D 2612,2184284339,1000,1555,1555,2.3853402,-0.00826,-1,-1,-1,0,0,0,136,1,1,0,0.0000000,0.0000000,0.0000000,0,0,0,0
756772461600041 D 2613,2184285339,1000,1555,1555,2.3853402,-0.00794,-1,-1,-1,0,0,0,136,1,1,0,0.0000000,0.0000000,0.0000000,0,0,0,0
756772462502208 D 2614,2184286339,1000,1555,1555,2.3853402,-0.00762,-1,-1,-1,0,0,0,136,1,1,0,0.0000000,0.0000000,0.0000000,0,0,0,0
756772463340791 D 2615,2184287339,1000,1555,1555,2.3853402,-0.00733,-1,-1,-1,0,0,0,136,1,1,0,0.0000000,0.0000000,0.0000000,0,0,0,0
756772464320500 D 2616,2184288339,1000,1555,1555,2.3853402,-0.00704,-1,-1,-1,0,0,0,136,1,1,0,0.0000000,0.0000000,0.0000000,0,0,0,0
756772465319458 D 2617,2184289339,1000,1555,1555,2.3853402,-0.00676,-1,-1,-1,0,0,0,136,1,1,0,0.0000000,0.0000000,0.0000000,0,0,0,0
756772466304458 D 2618,2184290339,1000,1555,1555,2.3853402,-0.00650,-1,-1,-1,0,0,0,136,1,1,0,0.0000000,0.0000000,0.0000000,0,0,0,0
756772467298375 D 2619,2184291339,1000,1555,1555,2.3853402,-0.00624,-1,-1,-1,0,0,0,136,1,1,0,0.0000000,0.0000000,0.0000000,0,0,0,0
756772468302166 D 2620,2184292339,1000,1556,1556,2.3868742,0.05415,-1,-1,-1,0,0,0,136,1,1,0,0.0000000,0.0000000,0.0000000,0,0,0,0
756772469295125 D 2621,2184293339,1000,1555,1555,2.3853402,-0.00812,-1,-1,-1,0,0,0,136,1,1,0,0.0000000,0.0000000,0.0000000,0,0,0,0
756772470297000 D 2622,2184294339,1000,1555,1555,2.3853402,-0.00780,-1,-1,-1,0,0,0,136,1,1,0,0.0000000,0.0000000,0.0000000,0,0,0,0
756772471294916 D 2623,2184295339,1000,1555,1555,2.3853402,-0.00750,-1,-1,-1,0,0,0,136,1,1,0,0.0000000,0.0000000,0.0000000,0,0,0,0
756772472500458 D 2624,2184296339,1000,1555,1555,2.3853402,-0.00720,-1,-1,-1,0,0,0,136,1,1,0,0.0000000,0.0000000,0.0000000,0,0,0,0
756772473948166 D 2625,2184297339,1000,1555,1555,2.3853402,-0.00692,-1,-1,-1,0,0,0,136,1,1,0,0.0000000,0.0000000,0.0000000,0,0,0,0
756772474606875 D 2626,2184298339,1000,1555,1555,2.3853402,-0.00665,-1,-1,-1,0,0,0,136,1,1,0,0.0000000,0.0000000,0.0000000,0,0,0,0
756772475429125 D 2627,2184299339,1000,1555,1555,2.3853402,-0.00639,-1,-1,-1,0,0,0,136,1,1,0,0.0000000,0.0000000,0.0000000,0,0,0,0
756772476577125 D 2628,2184300339,1000,1555,1555,2.3853402,-0.00614,-1,-1,-1,0,0,0,136,1,1,0,0.0000000,0.0000000,0.0000000,0,0,0,0
756772477497416 D 2629,2184301339,1000,1555,1555,2.3853402,-0.00590,-1,-1,-1,0,0,0,136,1,1,0,0.0000000,0.0000000,0.0000000,0,0,0,0
756772478759166 D 2630,2184302339,1000,1555,1555,2.3853402,-0.00567,39,128,2035,0,0,0,136,1,1,0,0.0000000,0.0000000,0.0000000,0,0,0,0
756772479355041 D 2631,2184303339,1000,1555,1555,2.3853402,-0.00544,-1,-1,-1,0,0,0,136,1,1,0,0.0000000,0.0000000,0.0000000,0,0,0,0
756772480308166 D 2632,2184304339,1000,1555,1555,2.3853402,-0.00523,-1,-1,-1,0,0,0,136,1,1,0,0.0000000,0.0000000,0.0000000,0,0,0,0
756772481281000 D 2633,2184305339,1000,1555,1555,2.3853402,-0.00503,-1,-1,-1,0,0,0,136,1,1,0,0.0000000,0.0000000,0.0000000,0,0,0,0
756772482235583 D 2634,2184306339,1000,1555,1555,2.3853402,-0.00483,-1,-1,-1,0,0,0,136,1,1,0,0.0000000,0.0000000,0.0000000,0,0,0,0
756772483232208 D 2635,2184307339,1000,1555,1555,2.3853402,-0.00464,-1,-1,-1,0,0,0,136,1,1,0,0.0000000,0.0000000,0.0000000,0,0,0,0
756772484232625 D 2636,2184308339,1000,1555,1555,2.3853402,-0.00446,-1,-1,-1,0,0,0,136,1,1,0,0.0000000,0.0000000,0.0000000,0,0,0,0
756772485232916 D 2637,2184309339,1000,1555,1555,2.3853402,-0.00428,-1,-1,-1,0,0,0,136,1,1,0,0.0000000,0.0000000,0.0000000,0,0,0,0
756772486230875 D 2638,2184310339,1000,1555,1555,2.3853402,-0.00411,-1,-1,-1,0,0,0,136,1,1,0,0.0000000,0.0000000,0.0000000,0,0,0,0
756772487226583 D 2639,2184311339,1000,1555,1555,2.3853402,-0.00395,-1,-1,-1,0,0,0,136,1,1,0,0.0000000,0.0000000,0.0000000,0,0,0,0
756772488225541 D 2640,2184312339,1000,1555,1555,2.3853402,-0.00380,-1,-1,-1,0,0,0,136,1,1,0,0.0000000,0.0000000,0.0000000,0,0,0,0
756772489226166 D 2641,2184313339,1000,1555,1555,2.3853402,-0.00365,-1,-1,-1,0,0,0,136,1,1,0,0.0000000,0.0000000,0.0000000,0,0,0,0
756772490281833 D 2642,2184314339,1000,1555,1555,2.3853402,-0.00351,-1,-1,-1,0,0,0,136,1,1,0,0.0000000,0.0000000,0.0000000,0,0,0,0
756772491266375 D 2643,2184315339,1000,1555,1555,2.3853402,-0.00337,-1,-1,-1,0,0,0,136,1,1,0,0.0000000,0.0000000,0.0000000,0,0,0,0
756772492229083 D 2644,2184316339,1000,1555,1555,2.3853402,-0.00324,-1,-1,-1,0,0,0,136,1,1,0,0.0000000,0.0000000,0.0000000,0,0,0,0
756772493232125 D 2645,2184317339,1000,1555,1555,2.3853402,-0.00311,-1,-1,-1,0,0,0,136,1,1,0,0.0000000,0.0000000,0.0000000,0,0,0,0
756772494282500 D 2646,2184318339,1000,1555,1555,2.3853402,-0.00299,-1,-1,-1,0,0,0,136,1,1,0,0.0000000,0.0000000,0.0000000,0,0,0,0
756772495241541 D 2647,2184319339,1000,1555,1555,2.3853402,-0.00287,-1,-1,-1,0,0,0,136,1,1,0,0.0000000,0.0000000,0.0000000,0,0,0,0
756772496230625 D 2648,2184320339,1000,1555,1555,2.3853402,-0.00276,-1,-1,-1,0,0,0,136,1,1,0,0.0000000,0.0000000,0.0000000,0,0,0,0
756772497228375 D 2649,2184321339,1000,1555,1555,2.3853402,-0.00265,-1,-1,-1,0,0,0,136,1,1,0,0.0000000,0.0000000,0.0000000,0,0,0,0
756772498226000 D 2650,2184322339,1000,1555,1555,2.3853402,-0.00255,-1,-1,-1,0,0,0,136,1,1,0,0.0000000,0.0000000,0.0000000,0,0,0,0
756772499310541 D 2651,2184323339,1000,1555,1555,2.3853402,-0.00245,-1,-1,-1,0,0,0,136,1,1,0,0.0000000,0.0000000,0.0000000,0,0,0,0
756772500298375 D 2652,2184324339,1000,1555,1555,2.3853402,-0.00235,-1,-1,-1,0,0,0,136,1,1,0,0.0000000,0.0000000,0.0000000,0,0,0,0
756772501302791 D 2653,2184325339,1000,1555,1555,2.3853402,-0.00226,-1,-1,-1,0,0,0,136,1,1,0,0.0000000,0.0000000,0.0000000,0,0,0,0
756772502293833 D 2654,2184326339,1000,1555,1555,2.3853402,-0.00217,-1,-1,-1,0,0,0,136,1,1,0,0.0000000,0.0000000,0.0000000,0,0,0,0
756772503298458 D 2655,2184327339,1000,1555,1555,2.3853402,-0.00208,-1,-1,-1,0,0,0,135,1,1,0,0.0000000,0.0000000,0.0000000,0,0,0,0
756772504295666 D 2656,2184328339,1000,1555,1555,2.3853402,-0.00200,-1,-1,-1,0,0,0,136,1,1,0,0.0000000,0.0000000,0.0000000,0,0,0,0
756772505289875 D 2657,2184329339,1000,1555,1555,2.3853402,-0.00192,-1,-1,-1,0,0,0,136,1,1,0,0.0000000,0.0000000,0.0000000,0,0,0,0
756772506302458 D 2658,2184330339,1000,1555,1555,2.3853402,-0.00185,-1,-1,-1,0,0,0,136,1,1,0,0.0000000,0.0000000,0.0000000,0,0,0,0
756772507290125 D 2659,2184331339,1000,1555,1555,2.3853402,-0.00178,-1,-1,-1,0,0,0,136,1,1,0,0.0000000,0.0000000,0.0000000,0,0,0,0
756772508289416 D 2660,2184332339,1000,1555,1555,2.3853402,-0.00171,-1,-1,-1,0,0,0,136,1,1,0,0.0000000,0.0000000,0.0000000,0,0,0,0
756772509335875 D 2661,2184333339,1000,1555,1555,2.3853402,-0.00164,-1,-1,-1,0,0,0,136,1,1,0,0.0000000,0.0000000,0.0000000,0,0,0,0
756772510343708 D 2662,2184334339,1000,1555,1555,2.3853402,-0.00158,-1,-1,-1,0,0,0,135,1,1,0,0.0000000,0.0000000,0.0000000,0,0,0,0
756772511307750 D 2663,2184335339,1000,1555,1555,2.3853402,-0.00151,-1,-1,-1,0,0,0,136,1,1,0,0.0000000,0.0000000,0.0000000,0,0,0,0
756772512301708 D 2664,2184336339,1000,1555,1555,2.3853402,-0.00145,-1,-1,-1,0,0,0,136,1,1,0,0.0000000,0.0000000,0.0000000,0,0,0,0
756772513331833 D 2665,2184337339,1000,1556,1556,2.3868742,0.05875,-1,-1,-1,0,0,0,136,1,1,0,0.0000000,0.0000000,0.0000000,0,0,0,0
756772514301791 D 2666,2184338339,1000,1555,1555,2.3853402,-0.00370,-1,-1,-1,0,0,0,136,1,1,0,0.0000000,0.0000000,0.0000000,0,0,0,0
756772515303833 D 2667,2184339339,1000,1555,1555,2.3853402,-0.00356,-1,-1,-1,0,0,0,136,1,1,0,0.0000000,0.0000000,0.0000000,0,0,0,0
756772516303208 D 2668,2184340339,1000,1555,1555,2.3853402,-0.00342,-1,-1,-1,0,0,0,136,1,1,0,0.0000000,0.0000000,0.0000000,0,0,0,0
756772517316458 D 2669,2184341339,1000,1555,1555,2.3853402,-0.00328,-1,-1,-1,0,0,0,135,1,1,0,0.0000000,0.0000000,0.0000000,0,0,0,0
756772518315708 D 2670,2184342339,1000,1555,1555,2.3853402,-0.00315,-1,-1,-1,0,0,0,136,1,1,0,0.0000000,0.0000000,0.0000000,0,0,0,0
756772519292458 D 2671,2184343339,1000,1555,1555,2.3853402,-0.00303,-1,-1,-1,0,0,0,136,1,1,0,0.0000000,0.0000000,0.0000000,0,0,0,0
756772520289833 D 2672,2184344339,1000,1555,1555,2.3853402,-0.00291,-1,-1,-1,0,0,0,136,1,1,0,0.0000000,0.0000000,0.0000000,0,0,0,0
756772521296708 D 2673,2184345339,1000,1555,1555,2.3853402,-0.00280,-1,-1,-1,0,0,0,136,1,1,0,0.0000000,0.0000000,0.0000000,0,0,0,0
756772522282958 D 2674,2184346339,1000,1555,1555,2.3853402,-0.00269,-1,-1,-1,0,0,0,136,1,1,0,0.0000000,0.0000000,0.0000000,0,0,0,0
756772523280291 D 2675,2184347339,1000,1555,1555,2.3853402,-0.00258,-1,-1,-1,0,0,0,136,1,1,0,0.0000000,0.0000000,0.0000000,0,0,0,0
756772524280833 D 2676,2184348339,1000,1555,1555,2.3853402,-0.00248,-1,-1,-1,0,0,0,136,1,1,0,0.0000000,0.0000000,0.0000000,0,0,0,0
756772525302291 D 2677,2184349339,1000,1555,1555,2.3853402,-0.00238,-1,-1,-1,0,0,0,136,1,1,0,0.0000000,0.0000000,0.0000000,0,0,0,0
756772526320416 D 2678,2184350339,1000,1555,1555,2.3853402,-0.00229,-1,-1,-1,0,0,0,136,1,1,0,0.0000000,0.0000000,0.0000000,0,0,0,0
756772527311583 D 2679,2184351339,1000,1555,1555,2.3853402,-0.00220,-1,-1,-1,0,0,0,136,1,1,0,0.0000000,0.0000000,0.0000000,0,0,0,0
756772528758625 D 2680,2184352339,1000,1555,1555,2.3853402,-0.00211,39,128,2037,0,0,0,136,1,1,0,0.0000000,0.0000000,0.0000000,0,0,0,0
756772529371541 D 2681,2184353339,1000,1555,1555,2.3853402,-0.00203,-1,-1,-1,0,0,0,136,1,1,0,0.0000000,0.0000000,0.0000000,0,0,0,0
756772530290166 D 2682,2184354339,1000,1555,1555,2.3853402,-0.00195,-1,-1,-1,0,0,0,136,1,1,0,0.0000000,0.0000000,0.0000000,0,0,0,0
756772531291791 D 2683,2184355339,1000,1555,1555,2.3853402,-0.00187,-1,-1,-1,0,0,0,135,1,1,0,0.0000000,0.0000000,0.0000000,0,0,0,0
756772532283208 D 2684,2184356339,1000,1555,1555,2.3853402,-0.00180,-1,-1,-1,0,0,0,136,1,1,0,0.0000000,0.0000000,0.0000000,0,0,0,0
756772533289208 D 2685,2184357339,1000,1555,1555,2.3853402,-0.00173,-1,-1,-1,0,0,0,136,1,1,0,0.0000000,0.0000000,0.0000000,0,0,0,0
756772534288458 D 2686,2184358339,1000,1555,1555,2.3853402,-0.00166,-1,-1,-1,0,0,0,136,1,1,0,0.0000000,0.0000000,0.0000000,0,0,0,0
756772535315583 D 2687,2184359339,1000,1555,1555,2.3853402,-0.00160,-1,-1,-1,0,0,0,136,1,1,0,0.0000000,0.0000000,0.0000000,0,0,0,0
756772536298458 D 2688,2184360339,1000,1555,1555,2.3853402,-0.00154,-1,-1,-1,0,0,0,136,1,1,0,0.0000000,0.0000000,0.0000000,0,0,0,0
756772537297291 D 2689,2184361339,1000,1555,1555,2.3853402,-0.00147,-1,-1,-1,0,0,0,136,1,1,0,0.0000000,0.0000000,0.0000000,0,0,0,0
756772538303333 D 2690,2184362339,1000,1555,1555,2.3853402,-0.00142,-1,-1,-1,0,0,0,136,1,1,0,0.0000000,0.0000000,0.0000000,0,0,0,0
756772539292666 D 2691,2184363339,1000,1555,1555,2.3853402,-0.00136,-1,-1,-1,0,0,0,136,1,1,0,0.0000000,0.0000000,0.0000000,0,0,0,0
756772540286666 D 2692,2184364339,1000,1555,1555,2.3853402,-0.00131,-1,-1,-1,0,0,0,136,1,1,0,0.0000000,0.0000000,0.0000000,0,0,0,0
756772541324791 D 2693,2184365339,1000,1555,1555,2.3853402,-0.00126,-1,-1,-1,0,0,0,136,1,1,0,0.0000000,0.0000000,0.0000000,0,0,0,0
756772542287041 D 2694,2184366339,1000,1555,1555,2.3853402,-0.00121,-1,-1,-1,0,0,0,136,1,1,0,0.0000000,0.0000000,0.0000000,0,0,0,0
756772543284750 D 2695,2184367339,1000,1555,1555,2.3853402,-0.00116,-1,-1,-1,0,0,0,136,1,1,0,0.0000000,0.0000000,0.0000000,0,0,0,0
756772544287541 D 2696,2184368339,1000,1555,1555,2.3853402,-0.00111,-1,-1,-1,0,0,0,136,1,1,0,0.0000000,0.0000000,0.0000000,0,0,0,0
756772545287750 D 2697,2184369339,1000,1555,1555,2.3853402,-0.00107,-1,-1,-1,0,0,0,135,1,1,0,0.0000000,0.0000000,0.0000000,0,0,0,0
756772546381791 D 2698,2184370339,1000,1555,1555,2.3853402,-0.00103,-1,-1,-1,0,0,0,136,1,1,0,0.0000000,0.0000000,0.0000000,0,0,0,0
756772547306083 D 2699,2184371339,1000,1555,1555,2.3853402,-0.00099,-1,-1,-1,0,0,0,136,1,1,0,0.0000000,0.0000000,0.0000000,0,0,0,0
756772548298916 D 2700,2184372339,1000,1555,1555,2.3853402,-0.00095,-1,-1,-1,0,0,0,136,1,1,0,0.0000000,0.0000000,0.0000000,0,0,0,0
756772549281875 D 2701,2184373339,1000,1555,1555,2.3853402,-0.00091,-1,-1,-1,0,0,0,136,1,1,0,0.0000000,0.0000000,0.0000000,0,0,0,0
756772550289333 D 2702,2184374339,1000,1555,1555,2.3853402,-0.00088,-1,-1,-1,0,0,0,136,1,1,0,0.0000000,0.0000000,0.0000000,0,0,0,0
756772551295041 D 2703,2184375339,1000,1555,1555,2.3853402,-0.00084,-1,-1,-1,0,0,0,136,1,1,0,0.0000000,0.0000000,0.0000000,0,0,0,0
756772552288833 D 2704,2184376339,1000,1555,1555,2.3853402,-0.00081,-1,-1,-1,0,0,0,136,1,1,0,0.0000000,0.0000000,0.0000000,0,0,0,0
756772553283750 D 2705,2184377339,1000,1555,1555,2.3853402,-0.00078,-1,-1,-1,0,0,0,136,1,1,0,0.0000000,0.0000000,0.0000000,0,0,0,0
756772554281916 D 2706,2184378339,1000,1555,1555,2.3853402,-0.00075,-1,-1,-1,0,0,0,136,1,1,0,0.0000000,0.0000000,0.0000000,0,0,0,0
756772555305250 D 2707,2184379339,1000,1555,1555,2.3853402,-0.00072,-1,-1,-1,0,0,0,136,1,1,0,0.0000000,0.0000000,0.0000000,0,0,0,0
756772556415750 D 2708,2184380339,1000,1555,1555,2.3853402,-0.00069,-1,-1,-1,0,0,0,136,1,1,0,0.0000000,0.0000000,0.0000000,0,0,0,0
756772557563500 D 2709,2184381339,1000,1555,1555,2.3853402,-0.00066,-1,-1,-1,0,0,0,136,1,1,0,0.0000000,0.0000000,0.0000000,0,0,0,0
756772558576833 D 2710,2184382339,1000,1555,1555,2.3853402,-0.00064,-1,-1,-1,0,0,0,136,1,1,0,0.0000000,0.0000000,0.0000000,0,0,0,0
756772559765208 D 2711,2184383339,1000,1555,1555,2.3853402,-0.00061,-1,-1,-1,0,0,0,136,1,1,0,0.0000000,0.0000000,0.0000000,0,0,0,0
756772560593750 D 2712,2184384339,1000,1555,1555,2.3853402,-0.00059,-1,-1,-1,0,0,0,136,1,1,0,0.0000000,0.0000000,0.0000000,0,0,0,0
756772561481708 D 2713,2184385339,1000,1556,1556,2.3868742,0.05958,-1,-1,-1,0,0,0,136,1,1,0,0.0000000,0.0000000,0.0000000,0,0,0,0
756772562338916 D 2714,2184386339,1000,1555,1555,2.3853402,-0.00290,-1,-1,-1,0,0,0,136,1,1,0,0.0000000,0.0000000,0.0000000,0,0,0,0
756772563323875 D 2715,2184387339,1000,1555,1555,2.3853402,-0.00279,-1,-1,-1,0,0,0,136,1,1,0,0.0000000,0.0000000,0.0000000,0,0,0,0
756772564303875 D 2716,2184388339,1000,1555,1555,2.3853402,-0.00268,-1,-1,-1,0,0,0,136,1,1,0,0.0000000,0.0000000,0.0000000,0,0,0,0
756772565297500 D 2717,2184389339,1000,1555,1555,2.3853402,-0.00257,-1,-1,-1,0,0,0,136,1,1,0,0.0000000,0.0000000,0.0000000,0,0,0,0
756772566301208 D 2718,2184390339,1000,1555,1555,2.3853402,-0.00247,-1,-1,-1,0,0,0,136,1,1,0,0.0000000,0.0000000,0.0000000,0,0,0,0
756772567301541 D 2719,2184391339,1000,1555,1555,2.3853402,-0.00238,-1,-1,-1,0,0,0,136,1,1,0,0.0000000,0.0000000,0.0000000,0,0,0,0
756772568294583 D 2720,2184392339,1000,1555,1555,2.3853402,-0.00228,-1,-1,-1,0,0,0,136,1,1,0,0.0000000,0.0000000,0.0000000,0,0,0,0
756772569293250 D 2721,2184393339,1000,1555,1555,2.3853402,-0.00219,-1,-1,-1,0,0,0,136,1,1,0,0.0000000,0.0000000,0.0000000,0,0,0,0
756772570364291 D 2722,2184394339,1000,1555,1555,2.3853402,-0.00211,-1,-1,-1,0,0,0,136,1,1,0,0.0000000,0.0000000,0.0000000,0,0,0,0
756772571340833 D 2723,2184395339,1000,1555,1555,2.3853402,-0.00202,-1,-1,-1,0,0,0,136,1,1,0,0.0000000,0.0000000,0.0000000,0,0,0,0
756772572324833 D 2724,2184396339,1000,1555,1555,2.3853402,-0.00194,-1,-1,-1,0,0,0,136,1,1,0,0.0000000,0.0000000,0.0000000,0,0,0,0
756772573365541 D 2725,2184397339,1000,1555,1555,2.3853402,-0.00187,-1,-1,-1,0,0,0,136,1,1,0,0.0000000,0.0000000,0.0000000,0,0,0,0
756772574386750 D 2726,2184398339,1000,1555,1555,2.3853402,-0.00180,-1,-1,-1,0,0,0,136,1,1,0,0.0000000,0.0000000,0.0000000,0,0,0,0
756772575349791 D 2727,2184399339,1000,1555,1555,2.3853402,-0.00172,-1,-1,-1,0,0,0,136,1,1,0,0.0000000,0.0000000,0.0000000,0,0,0,0
756772576315416 D 2728,2184400339,1000,1555,1555,2.3853402,-0.00166,-1,-1,-1,0,0,0,136,1,1,0,0.0000000,0.0000000,0.0000000,0,0,0,0
756772577292375 D 2729,2184401339,1000,1555,1555,2.3853402,-0.00159,-1,-1,-1,0,0,0,136,1,1,0,0.0000000,0.0000000,0.0000000,0,0,0,0
756772578754083 D 2730,2184402339,1000,1555,1555,2.3853402,-0.00153,39,128,2035,0,0,0,136,1,1,0,0.0000000,0.0000000,0.0000000,0,0,0,0
756772579380541 D 2731,2184403339,1000,1555,1555,2.3853402,-0.00147,-1,-1,-1,0,0,0,136,1,1,0,0.0000000,0.0000000,0.0000000,0,0,0,0
756772580305541 D 2732,2184404339,1000,1555,1555,2.3853402,-0.00141,-1,-1,-1,0,0,0,136,1,1,0,0.0000000,0.0000000,0.0000000,0,0,0,0
756772581309458 D 2733,2184405339,1000,1555,1555,2.3853402,-0.00136,-1,-1,-1,0,0,0,136,1,1,0,0.0000000,0.0000000,0.0000000,0,0,0,0
756772582304916 D 2734,2184406339,1000,1555,1555,2.3853402,-0.00130,-1,-1,-1,0,0,0,136,1,1,0,0.0000000,0.0000000,0.0000000,0,0,0,0
756772583290208 D 2735,2184407339,1000,1555,1555,2.3853402,-0.00125,-1,-1,-1,0,0,0,136,1,1,0,0.0000000,0.0000000,0.0000000,0,0,0,0
756772584290958 D 2736,2184408339,1000,1555,1555,2.3853402,-0.00120,-1,-1,-1,0,0,0,136,1,1,0,0.0000000,0.0000000,0.0000000,0,0,0,0
756772585315708 D 2737,2184409339,1000,1555,1555,2.3853402,-0.00116,-1,-1,-1,0,0,0,136,1,1,0,0.0000000,0.0000000,0.0000000,0,0,0,0
756772586342041 D 2738,2184410339,1000,1555,1555,2.3853402,-0.00111,-1,-1,-1,0,0,0,136,1,1,0,0.0000000,0.0000000,0.0000000,0,0,0,0
756772587331250 D 2739,2184411339,1000,1555,1555,2.3853402,-0.00107,-1,-1,-1,0,0,0,136,1,1,0,0.0000000,0.0000000,0.0000000,0,0,0,0
756772588554833 D 2740,2184412339,1000,1555,1555,2.3853402,-0.00103,-1,-1,-1,0,0,0,136,1,1,0,0.0000000,0.0000000,0.0000000,0,0,0,0
756772589366500 D 2741,2184413339,1000,1555,1555,2.3853402,-0.00099,-1,-1,-1,0,0,0,136,1,1,0,0.0000000,0.0000000,0.0000000,0,0,0,0
756772590295500 D 2742,2184414339,1000,1555,1555,2.3853402,-0.00095,-1,-1,-1,0,0,0,136,1,1,0,0.0000000,0.0000000,0.0000000,0,0,0,0
756772591307000 D 2743,2184415339,1000,1555,1555,2.3853402,-0.00091,-1,-1,-1,0,0,0,136,1,1,0,0.0000000,0.0000000,0.0000000,0,0,0,0
756772592294375 D 2744,2184416339,1000,1555,1555,2.3853402,-0.00087,-1,-1,-1,0,0,0,136,1,1,0,0.0000000,0.0000000,0.0000000,0,0,0,0
756772593286041 D 2745,2184417339,1000,1555,1555,2.3853402,-0.00084,-1,-1,-1,0,0,0,136,1,1,0,0.0000000,0.0000000,0.0000000,0,0,0,0
756772594304041 D 2746,2184418339,1000,1555,1555,2.3853402,-0.00081,-1,-1,-1,0,0,0,135,1,1,0,0.0000000,0.0000000,0.0000000,0,0,0,0
756772595305416 D 2747,2184419339,1000,1555,1555,2.3853402,-0.00077,-1,-1,-1,0,0,0,136,1,1,0,0.0000000,0.0000000,0.0000000,0,0,0,0
756772596298625 D 2748,2184420339,1000,1555,1555,2.3853402,-0.00074,-1,-1,-1,0,0,0,136,1,1,0,0.0000000,0.0000000,0.0000000,0,0,0,0
756772597304250 D 2749,2184421339,1000,1555,1555,2.3853402,-0.00072,-1,-1,-1,0,0,0,136,1,1,0,0.0000000,0.0000000,0.0000000,0,0,0,0
756772598307750 D 2750,2184422339,1000,1555,1555,2.3853402,-0.00069,-1,-1,-1,0,0,0,136,1,1,0,0.0000000,0.0000000,0.0000000,0,0,0,0
756772599307458 D 2751,2184423339,1000,1555,1555,2.3853402,-0.00066,-1,-1,-1,0,0,0,136,1,1,0,0.0000000,0.0000000,0.0000000,0,0,0,0
756772600293333 D 2752,2184424339,1000,1555,1555,2.3853402,-0.00063,-1,-1,-1,0,0,0,136,1,1,0,0.0000000,0.0000000,0.0000000,0,0,0,0
756772601290375 D 2753,2184425339,1000,1555,1555,2.3853402,-0.00061,-1,-1,-1,0,0,0,136,1,1,0,0.0000000,0.0000000,0.0000000,0,0,0,0
756772602345083 D 2754,2184426339,1000,1555,1555,2.3853402,-0.00059,-1,-1,-1,0,0,0,136,1,1,0,0.0000000,0.0000000,0.0000000,0,0,0,0
756772603452916 D 2755,2184427339,1000,1555,1555,2.3853402,-0.00056,-1,-1,-1,0,0,0,136,1,1,0,0.0000000,0.0000000,0.0000000,0,0,0,0
756772604363125 D 2756,2184428339,1000,1555,1555,2.3853402,-0.00054,-1,-1,-1,0,0,0,136,1,1,0,0.0000000,0.0000000,0.0000000,0,0,0,0
756772605393416 D 2757,2184429339,1000,1555,1555,2.3853402,-0.00052,-1,-1,-1,0,0,0,136,1,1,0,0.0000000,0.0000000,0.0000000,0,0,0,0
756772606364958 D 2758,2184430339,1000,1555,1555,2.3853402,-0.00050,-1,-1,-1,0,0,0,136,1,1,0,0.0000000,0.0000000,0.0000000,0,0,0,0
756772607379833 D 2759,2184431339,1000,1555,1555,2.3853402,-0.00048,-1,-1,-1,0,0,0,136,1,1,0,0.0000000,0.0000000,0.0000000,0,0,0,0
756772608370541 D 2760,2184432339,1000,1555,1555,2.3853402,-0.00046,-1,-1,-1,0,0,0,136,1,1,0,0.0000000,0.0000000,0.0000000,0,0,0,0
756772609316583 D 2761,2184433339,1000,1555,1555,2.3853402,-0.00044,-1,-1,-1,0,0,0,136,1,1,0,0.0000000,0.0000000,0.0000000,0,0,0,0
756772610331625 D 2762,2184434339,1000,1555,1555,2.3853402,-0.00043,-1,-1,-1,0,0,0,136,1,1,0,0.0000000,0.0000000,0.0000000,0,0,0,0
756772611299541 D 2763,2184435339,1000,1555,1555,2.3853402,-0.00041,-1,-1,-1,0,0,0,136,1,1,0,0.0000000,0.0000000,0.0000000,0,0,0,0
756772612297875 D 2764,2184436339,1000,1555,1555,2.3853402,-0.00039,-1,-1,-1,0,0,0,136,1,1,0,0.0000000,0.0000000,0.0000000,0,0,0,0
756772613273958 D 2765,2184437339,1000,1555,1555,2.3853402,-0.00038,-1,-1,-1,0,0,0,136,1,1,0,0.0000000,0.0000000,0.0000000,0,0,0,0
756772614288791 D 2766,2184438339,1000,1555,1555,2.3853402,-0.00036,-1,-1,-1,0,0,0,136,1,1,0,0.0000000,0.0000000,0.0000000,0,0,0,0
756772615277541 D 2767,2184439339,1000,1555,1555,2.3853402,-0.00035,-1,-1,-1,0,0,0,136,1,1,0,0.0000000,0.0000000,0.0000000,0,0,0,0
756772616282083 D 2768,2184440339,1000,1555,1555,2.3853402,-0.00033,-1,-1,-1,0,0,0,136,1,1,0,0.0000000,0.0000000,0.0000000,0,0,0,0
756772617282083 D 2769,2184441339,1000,1555,1555,2.3853402,-0.00032,-1,-1,-1,0,0,0,136,1,1,0,0.0000000,0.0000000,0.0000000,0,0,0,0
756772618530041 D 2770,2184442339,1000,1555,1555,2.3853402,-0.00031,-1,-1,-1,0,0,0,136,1,1,0,0.0000000,0.0000000,0.0000000,0,0,0,0
756772619530083 D 2771,2184443339,1000,1556,1556,2.3868742,0.05985,-1,-1,-1,0,0,0,136,1,1,0,0.0000000,0.0000000,0.0000000,0,0,0,0
756772620552583 D 2772,2184444339,1000,1555,1555,2.3853402,-0.00264,-1,-1,-1,0,0,0,136,1,1,0,0.0000000,0.0000000,0.0000000,0,0,0,0
756772621293250 D 2773,2184445339,1000,1555,1555,2.3853402,-0.00254,-1,-1,-1,0,0,0,136,1,1,0,0.0000000,0.0000000,0.0000000,0,0,0,0
756772622289500 D 2774,2184446339,1000,1555,1555,2.3853402,-0.00244,-1,-1,-1,0,0,0,136,1,1,0,0.0000000,0.0000000,0.0000000,0,0,0,0
756772623287791 D 2775,2184447339,1000,1555,1555,2.3853402,-0.00234,-1,-1,-1,0,0,0,136,1,1,0,0.0000000,0.0000000,0.0000000,0,0,0,0
756772624288000 D 2776,2184448339,1000,1555,1555,2.3853402,-0.00225,-1,-1,-1,0,0,0,136,1,1,0,0.0000000,0.0000000,0.0000000,0,0,0,0
756772625287875 D 2777,2184449339,1000,1555,1555,2.3853402,-0.00216,-1,-1,-1,0,0,0,136,1,1,0,0.0000000,0.0000000,0.0000000,0,0,0,0
756772626279625 D 2778,2184450339,1000,1555,1555,2.3853402,-0.00208,-1,-1,-1,0,0,0,136,1,1,0,0.0000000,0.0000000,0.0000000,0,0,0,0
756772627286333 D 2779,2184451339,1000,1555,1555,2.3853402,-0.00200,-1,-1,-1,0,0,0,136,1,1,0,0.0000000,0.0000000,0.0000000,0,0,0,0
756772628723000 D 2780,2184452339,1000,1555,1555,2.3853402,-0.00192,39,128,2034,0,0,0,136,1,1,0,0.0000000,0.0000000,0.0000000,0,0,0,0
756772629329333 D 2781,2184453339,1000,1555,1555,2.3853402,-0.00184,-1,-1,-1,0,0,0,136,1,1,0,0.0000000,0.0000000,0.0000000,0,0,0,0
756772630288458 D 2782,2184454339,1000,1555,1555,2.3853402,-0.00177,-1,-1,-1,0,0,0,136,1,1,0,0.0000000,0.0000000,0.0000000,0,0,0,0
756772631293333 D 2783,2184455339,1000,1555,1555,2.3853402,-0.00170,-1,-1,-1,0,0,0,136,1,1,0,0.0000000,0.0000000,0.0000000,0,0,0,0
756772632282875 D 2784,2184456339,1000,1555,1555,2.3853402,-0.00164,-1,-1,-1,0,0,0,136,1,1,0,0.0000000,0.0000000,0.0000000,0,0,0,0
756772633279125 D 2785,2184457339,1000,1555,1555,2.3853402,-0.00157,-1,-1,-1,0,0,0,136,1,1,0,0.0000000,0.0000000,0.0000000,0,0,0,0
756772634270541 D 2786,2184458339,1000,1555,1555,2.3853402,-0.00151,-1,-1,-1,0,0,0,136,1,1,0,0.0000000,0.0000000,0.0000000,0,0,0,0
756772635320291 D 2787,2184459339,1000,1555,1555,2.3853402,-0.00145,-1,-1,-1,0,0,0,136,1,1,0,0.0000000,0.0000000,0.0000000,0,0,0,0
756772636284041 D 2788,2184460339,1000,1555,1555,2.3853402,-0.00139,-1,-1,-1,0,0,0,136,1,1,0,0.0000000,0.0000000,0.0000000,0,0,0,0
756772637275916 D 2789,2184461339,1000,1555,1555,2.3853402,-0.00134,-1,-1,-1,0,0,0,136,1,1,0,0.0000000,0.0000000,0.0000000,0,0,0,0
756772638282750 D 2790,2184462339,1000,1555,1555,2.3853402,-0.00129,-1,-1,-1,0,0,0,136,1,1,0,0.0000000,0.0000000,0.0000000,0,0,0,0
756772639294625 D 2791,2184463339,1000,1556,1556,2.3868742,0.05891,-1,-1,-1,0,0,0,136,1,1,0,0.0000000,0.0000000,0.0000000,0,0,0,0
756772640307458 D 2792,2184464339,1000,1555,1555,2.3853402,-0.00355,-1,-1,-1,0,0,0,136,1,1,0,0.0000000,0.0000000,0.0000000,0,0,0,0
756772641309125 D 2793,2184465339,1000,1555,1555,2.3853402,-0.00341,-1,-1,-1,0,0,0,136,1,1,0,0.0000000,0.0000000,0.0000000,0,0,0,0
756772642289083 D 2794,2184466339,1000,1556,1556,2.3868742,0.05687,-1,-1,-1,0,0,0,136,1,1,0,0.0000000,0.0000000,0.0000000,0,0,0,0
756772643389750 D 2795,2184467339,1000,1555,1555,2.3853402,-0.00550,-1,-1,-1,0,0,0,135,1,1,0,0.0000000,0.0000000,0.0000000,0,0,0,0
756772644297000 D 2796,2184468339,1000,1555,1555,2.3853402,-0.00529,-1,-1,-1,0,0,0,136,1,1,0,0.0000000,0.0000000,0.0000000,0,0,0,0
756772645296291 D 2797,2184469339,1000,1555,1555,2.3853402,-0.00508,-1,-1,-1,0,0,0,136,1,1,0,0.0000000,0.0000000,0.0000000,0,0,0,0
756772646501125 D 2798,2184470339,1000,1555,1555,2.3853402,-0.00488,-1,-1,-1,0,0,0,136,1,1,0,0.0000000,0.0000000,0.0000000,0,0,0,0
756772647517541 D 2799,2184471339,1000,1555,1555,2.3853402,-0.00469,-1,-1,-1,0,0,0,136,1,1,0,0.0000000,0.0000000,0.0000000,0,0,0,0
756772648426541 D 2800,2184472339,1000,1555,1555,2.3853402,-0.00451,-1,-1,-1,0,0,0,136,1,1,0,0.0000000,0.0000000,0.0000000,0,0,0,0
756772649283750 D 2801,2184473339,1000,1555,1555,2.3853402,-0.00433,-1,-1,-1,0,0,0,136,1,1,0,0.0000000,0.0000000,0.0000000,0,0,0,0
756772650297708 D 2802,2184474339,1000,1555,1555,2.3853402,-0.00416,-1,-1,-1,0,0,0,136,1,1,0,0.0000000,0.0000000,0.0000000,0,0,0,0
756772651348958 D 2803,2184475339,1000,1555,1555,2.3853402,-0.00400,-1,-1,-1,0,0,0,136,1,1,0,0.0000000,0.0000000,0.0000000,0,0,0,0
756772652325458 D 2804,2184476339,1000,1555,1555,2.3853402,-0.00384,-1,-1,-1,0,0,0,136,1,1,0,0.0000000,0.0000000,0.0000000,0,0,0,0
756772653290041 D 2805,2184477339,1000,1555,1555,2.3853402,-0.00369,-1,-1,-1,0,0,0,136,1,1,0,0.0000000,0.0000000,0.0000000,0,0,0,0
756772654288666 D 2806,2184478339,1000,1555,1555,2.3853402,-0.00354,-1,-1,-1,0,0,0,136,1,1,0,0.0000000,0.0000000,0.0000000,0,0,0,0
756772655402750 D 2807,2184479339,1000,1555,1555,2.3853402,-0.00341,-1,-1,-1,0,0,0,136,1,1,0,0.0000000,0.0000000,0.0000000,0,0,0,0
756772656316041 D 2808,2184480339,1000,1555,1555,2.3853402,-0.00327,-1,-1,-1,0,0,0,136,1,1,0,0.0000000,0.0000000,0.0000000,0,0,0,0
756772657285666 D 2809,2184481339,1000,1555,1555,2.3853402,-0.00314,-1,-1,-1,0,0,0,136,1,1,0,0.0000000,0.0000000,0.0000000,0,0,0,0
756772658291750 D 2810,2184482339,1000,1555,1555,2.3853402,-0.00302,-1,-1,-1,0,0,0,136,1,1,0,0.0000000,0.0000000,0.0000000,0,0,0,0
756772659414500 D 2811,2184483339,1000,1555,1555,2.3853402,-0.00290,-1,-1,-1,0,0,0,136,1,1,0,0.0000000,0.0000000,0.0000000,0,0,0,0
756772660306916 D 2812,2184484339,1000,1555,1555,2.3853402,-0.00279,-1,-1,-1,0,0,0,136,1,1,0,0.0000000,0.0000000,0.0000000,0,0,0,0
756772661319541 D 2813,2184485339,1000,1555,1555,2.3853402,-0.00268,-1,-1,-1,0,0,0,136,1,1,0,0.0000000,0.0000000,0.0000000,0,0,0,0
756772662325291 D 2814,2184486339,1000,1555,1555,2.3853402,-0.00257,-1,-1,-1,0,0,0,136,1,1,0,0.0000000,0.0000000,0.0000000,0,0,0,0
756772663310541 D 2815,2184487339,1000,1555,1555,2.3853402,-0.00247,-1,-1,-1,0,0,0,136,1,1,0,0.0000000,0.0000000,0.0000000,0,0,0,0
756772664305833 D 2816,2184488339,1000,1555,1555,2.3853402,-0.00238,-1,-1,-1,0,0,0,136,1,1,0,0.0000000,0.0000000,0.0000000,0,0,0,0
756772665400833 D 2817,2184489339,1000,1555,1555,2.3853402,-0.00228,-1,-1,-1,0,0,0,136,1,1,0,0.0000000,0.0000000,0.0000000,0,0,0,0
756772666354916 D 2818,2184490339,1000,1555,1555,2.3853402,-0.00219,-1,-1,-1,0,0,0,136,1,1,0,0.0000000,0.0000000,0.0000000,0,0,0,0
756772667450333 D 2819,2184491339,1000,1555,1555,2.3853402,-0.00211,-1,-1,-1,0,0,0,136,1,1,0,0.0000000,0.0000000,0.0000000,0,0,0,0
756772668402458 D 2820,2184492339,1000,1555,1555,2.3853402,-0.00202,-1,-1,-1,0,0,0,136,1,1,0,0.0000000,0.0000000,0.0000000,0,0,0,0
756772669423458 D 2821,2184493339,1000,1555,1555,2.3853402,-0.00195,-1,-1,-1,0,0,0,136,1,1,0,0.0000000,0.0000000,0.0000000,0,0,0,0
756772670468166 D 2822,2184494339,1000,1555,1555,2.3853402,-0.00187,-1,-1,-1,0,0,0,136,1,1,0,0.0000000,0.0000000,0.0000000,0,0,0,0
756772671603750 D 2823,2184495339,1000,1555,1555,2.3853402,-0.00180,-1,-1,-1,0,0,0,136,1,1,0,0.0000000,0.0000000,0.0000000,0,0,0,0
756772672588250 D 2824,2184496339,1000,1555,1555,2.3853402,-0.00173,-1,-1,-1,0,0,0,136,1,1,0,0.0000000,0.0000000,0.0000000,0,0,0,0
756772673637958 D 2825,2184497339,1000,1555,1555,2.3853402,-0.00166,-1,-1,-1,0,0,0,136,1,1,0,0.0000000,0.0000000,0.0000000,0,0,0,0
756772674392500 D 2826,2184498339,1000,1555,1555,2.3853402,-0.00159,-1,-1,-1,0,0,0,136,1,1,0,0.0000000,0.0000000,0.0000000,0,0,0,0
756772675300708 D 2827,2184499339,1000,1555,1555,2.3853402,-0.00153,-1,-1,-1,0,0,0,136,1,1,0,0.0000000,0.0000000,0.0000000,0,0,0,0
756772676290250 D 2828,2184500339,1000,1555,1555,2.3853402,-0.00147,-1,-1,-1,0,0,0,136,1,1,0,0.0000000,0.0000000,0.0000000,0,0,0,0
756772677344208 D 2829,2184501339,1000,1555,1555,2.3853402,-0.00141,-1,-1,-1,0,0,0,136,1,1,0,0.0000000,0.0000000,0.0000000,0,0,0,0
756772678678208 D 2830,2184502339,1000,1555,1555,2.3853402,-0.00136,39,128,2035,0,0,0,135,1,1,0,0.0000000,0.0000000,0.0000000,0,0,0,0
756772679292333 D 2831,2184503339,1000,1555,1555,2.3853402,-0.00130,-1,-1,-1,0,0,0,136,1,1,0,0.0000000,0.0000000,0.0000000,0,0,0,0
756772680279000 D 2832,2184504339,1000,1555,1555,2.3853402,-0.00125,-1,-1,-1,0,0,0,136,1,1,0,0.0000000,0.0000000,0.0000000,0,0,0,0
756772681283833 D 2833,2184505339,1000,1555,1555,2.3853402,-0.00120,-1,-1,-1,0,0,0,136,1,1,0,0.0000000,0.0000000,0.0000000,0,0,0,0
756772682374041 D 2834,2184506339,1000,1555,1555,2.3853402,-0.00116,-1,-1,-1,0,0,0,136,1,1,0,0.0000000,0.0000000,0.0000000,0,0,0,0
756772683297625 D 2835,2184507339,1000,1555,1555,2.3853402,-0.00111,-1,-1,-1,0,0,0,136,1,1,0,0.0000000,0.0000000,0.0000000,0,0,0,0
756772684285541 D 2836,2184508339,1000,1555,1555,2.3853402,-0.00107,-1,-1,-1,0,0,0,136,1,1,0,0.0000000,0.0000000,0.0000000,0,0,0,0
756772685288041 D 2837,2184509339,1000,1555,1555,2.3853402,-0.00103,-1,-1,-1,0,0,0,136,1,1,0,0.0000000,0.0000000,0.0000000,0,0,0,0
756772686294750 D 2838,2184510339,1000,1556,1556,2.3868742,0.05916,-1,-1,-1,0,0,0,136,1,1,0,0.0000000,0.0000000,0.0000000,0,0,0,0
756772687280833 D 2839,2184511339,1000,1555,1555,2.3853402,-0.00331,-1,-1,-1,0,0,0,136,1,1,0,0.0000000,0.0000000,0.0000000,0,0,0,0
756772688279250 D 2840,2184512339,1000,1555,1555,2.3853402,-0.00318,-1,-1,-1,0,0,0,136,1,1,0,0.0000000,0.0000000,0.0000000,0,0,0,0
756772689289750 D 2841,2184513339,1000,1555,1555,2.3853402,-0.00305,-1,-1,-1,0,0,0,136,1,1,0,0.0000000,0.0000000,0.0000000,0,0,0,0
756772690330875 D 2842,2184514339,1000,1555,1555,2.3853402,-0.00293,-1,-1,-1,0,0,0,136,1,1,0,0.0000000,0.0000000,0.0000000,0,0,0,0
756772691401708 D 2843,2184515339,1000,1555,1555,2.3853402,-0.00282,-1,-1,-1,0,0,0,136,1,1,0,0.0000000,0.0000000,0.0000000,0,0,0,0
756772692365250 D 2844,2184516339,1000,1555,1555,2.3853402,-0.00271,-1,-1,-1,0,0,0,136,1,1,0,0.0000000,0.0000000,0.0000000,0,0,0,0
756772693334375 D 2845,2184517339,1000,1555,1555,2.3853402,-0.00260,-1,-1,-1,0,0,0,136,1,1,0,0.0000000,0.0000000,0.0000000,0,0,0,0
756772694305333 D 2846,2184518339,1000,1555,1555,2.3853402,-0.00250,-1,-1,-1,0,0,0,136,1,1,0,0.0000000,0.0000000,0.0000000,0,0,0,0
756772695306625 D 2847,2184519339,1000,1555,1555,2.3853402,-0.00240,-1,-1,-1,0,0,0,136,1,1,0,0.0000000,0.0000000,0.0000000,0,0,0,0
756772696292583 D 2848,2184520339,1000,1555,1555,2.3853402,-0.00231,-1,-1,-1,0,0,0,136,1,1,0,0.0000000,0.0000000,0.0000000,0,0,0,0
756772697325083 D 2849,2184521339,1000,1555,1555,2.3853402,-0.00222,-1,-1,-1,0,0,0,136,1,1,0,0.0000000,0.0000000,0.0000000,0,0,0,0
756772698310083 D 2850,2184522339,1000,1555,1555,2.3853402,-0.00213,-1,-1,-1,0,0,0,136,1,1,0,0.0000000,0.0000000,0.0000000,0,0,0,0
756772699301458 D 2851,2184523339,1000,1555,1555,2.3853402,-0.00205,-1,-1,-1,0,0,0,136,1,1,0,0.0000000,0.0000000,0.0000000,0,0,0,0
756772700290166 D 2852,2184524339,1000,1555,1555,2.3853402,-0.00197,-1,-1,-1,0,0,0,136,1,1,0,0.0000000,0.0000000,0.0000000,0,0,0,0
756772701314000 D 2853,2184525339,1000,1555,1555,2.3853402,-0.00189,-1,-1,-1,0,0,0,136,1,1,0,0.0000000,0.0000000,0.0000000,0,0,0,0
756772702323583 D 2854,2184526339,1000,1555,1555,2.3853402,-0.00181,-1,-1,-1,0,0,0,136,1,1,0,0.0000000,0.0000000,0.0000000,0,0,0,0
756772703596291 D 2855,2184527339,1000,1555,1555,2.3853402,-0.00174,-1,-1,-1,0,0,0,136,1,1,0,0.0000000,0.0000000,0.0000000,0,0,0,0
756772704678208 D 2856,2184528339,1000,1555,1555,2.3853402,-0.00167,-1,-1,-1,0,0,0,136,1,1,0,0.0000000,0.0000000,0.0000000,0,0,0,0
756772705670666 D 2857,2184529339,1000,1555,1555,2.3853402,-0.00161,-1,-1,-1,0,0,0,136,1,1,0,0.0000000,0.0000000,0.0000000,0,0,0,0
756772706372541 D 2858,2184530339,1000,1555,1555,2.3853402,-0.00155,-1,-1,-1,0,0,0,136,1,1,0,0.0000000,0.0000000,0.0000000,0,0,0,0
756772707311958 D 2859,2184531339,1000,1555,1555,2.3853402,-0.00149,-1,-1,-1,0,0,0,136,1,1,0,0.0000000,0.0000000,0.0000000,0,0,0,0
756772708289000 D 2860,2184532339,1000,1555,1555,2.3853402,-0.00143,-1,-1,-1,0,0,0,136,1,1,0,0.0000000,0.0000000,0.0000000,0,0,0,0
756772709309000 D 2861,2184533339,1000,1555,1555,2.3853402,-0.00137,-1,-1,-1,0,0,0,136,1,1,0,0.0000000,0.0000000,0.0000000,0,0,0,0
756772710299583 D 2862,2184534339,1000,1555,1555,2.3853402,-0.00132,-1,-1,-1,0,0,0,136,1,1,0,0.0000000,0.0000000,0.0000000,0,0,0,0
756772711299833 D 2863,2184535339,1000,1555,1555,2.3853402,-0.00127,-1,-1,-1,0,0,0,136,1,1,0,0.0000000,0.0000000,0.0000000,0,0,0,0
756772712291250 D 2864,2184536339,1000,1555,1555,2.3853402,-0.00122,-1,-1,-1,0,0,0,136,1,1,0,0.0000000,0.0000000,0.0000000,0,0,0,0
756772713334250 D 2865,2184537339,1000,1555,1555,2.3853402,-0.00117,-1,-1,-1,0,0,0,136,1,1,0,0.0000000,0.0000000,0.0000000,0,0,0,0
756772714324083 D 2866,2184538339,1000,1555,1555,2.3853402,-0.00112,-1,-1,-1,0,0,0,136,1,1,0,0.0000000,0.0000000,0.0000000,0,0,0,0
756772715297666 D 2867,2184539339,1000,1555,1555,2.3853402,-0.00108,-1,-1,-1,0,0,0,136,1,1,0,0.0000000,0.0000000,0.0000000,0,0,0,0
756772716292875 D 2868,2184540339,1000,1555,1555,2.3853402,-0.00104,-1,-1,-1,0,0,0,136,1,1,0,0.0000000,0.0000000,0.0000000,0,0,0,0
756772717295500 D 2869,2184541339,1000,1555,1555,2.3853402,-0.00100,-1,-1,-1,0,0,0,136,1,1,0,0.0000000,0.0000000,0.0000000,0,0,0,0
756772718282750 D 2870,2184542339,1000,1555,1555,2.3853402,-0.00096,-1,-1,-1,0,0,0,136,1,1,0,0.0000000,0.0000000,0.0000000,0,0,0,0
756772719294083 D 2871,2184543339,1000,1555,1555,2.3853402,-0.00092,-1,-1,-1,0,0,0,136,1,1,0,0.0000000,0.0000000,0.0000000,0,0,0,0
756772720299250 D 2872,2184544339,1000,1555,1555,2.3853402,-0.00088,-1,-1,-1,0,0,0,136,1,1,0,0.0000000,0.0000000,0.0000000,0,0,0,0
756772721287458 D 2873,2184545339,1000,1555,1555,2.3853402,-0.00085,-1,-1,-1,0,0,0,136,1,1,0,0.0000000,0.0000000,0.0000000,0,0,0,0
756772722290416 D 2874,2184546339,1000,1555,1555,2.3853402,-0.00082,-1,-1,-1,0,0,0,136,1,1,0,0.0000000,0.0000000,0.0000000,0,0,0,0
756772723304125 D 2875,2184547339,1000,1555,1555,2.3853402,-0.00078,-1,-1,-1,0,0,0,136,1,1,0,0.0000000,0.0000000,0.0000000,0,0,0,0
756772724298541 D 2876,2184548339,1000,1555,1555,2.3853402,-0.00075,-1,-1,-1,0,0,0,136,1,1,0,0.0000000,0.0000000,0.0000000,0,0,0,0
756772725288958 D 2877,2184549339,1000,1555,1555,2.3853402,-0.00072,-1,-1,-1,0,0,0,136,1,1,0,0.0000000,0.0000000,0.0000000,0,0,0,0
756772726289750 D 2878,2184550339,1000,1555,1555,2.3853402,-0.00069,-1,-1,-1,0,0,0,136,1,1,0,0.0000000,0.0000000,0.0000000,0,0,0,0
756772727295208 D 2879,2184551339,1000,1555,1555,2.3853402,-0.00067,-1,-1,-1,0,0,0,136,1,1,0,0.0000000,0.0000000,0.0000000,0,0,0,0
756772728754708 D 2880,2184552339,1000,1555,1555,2.3853402,-0.00064,39,128,2035,0,0,0,136,1,1,0,0.0000000,0.0000000,0.0000000,0,0,0,0
756772729368333 D 2881,2184553339,1000,1555,1555,2.3853402,-0.00062,-1,-1,-1,0,0,0,136,1,1,0,0.0000000,0.0000000,0.0000000,0,0,0,0
756772730306500 D 2882,2184554339,1000,1555,1555,2.3853402,-0.00059,-1,-1,-1,0,0,0,136,1,1,0,0.0000000,0.0000000,0.0000000,0,0,0,0
756772731313541 D 2883,2184555339,1000,1555,1555,2.3853402,-0.00057,-1,-1,-1,0,0,0,136,1,1,0,0.0000000,0.0000000,0.0000000,0,0,0,0
756772732301541 D 2884,2184556339,1000,1556,1556,2.3868742,0.05960,-1,-1,-1,0,0,0,136,1,1,0,0.0000000,0.0000000,0.0000000,0,0,0,0
756772733298458 D 2885,2184557339,1000,1555,1555,2.3853402,-0.00288,-1,-1,-1,0,0,0,136,1,1,0,0.0000000,0.0000000,0.0000000,0,0,0,0
756772734283916 D 2886,2184558339,1000,1556,1556,2.3868742,0.05738,-1,-1,-1,0,0,0,136,1,1,0,0.0000000,0.0000000,0.0000000,0,0,0,0
756772735308000 D 2887,2184559339,1000,1555,1555,2.3853402,-0.00502,-1,-1,-1,0,0,0,136,1,1,0,0.0000000,0.0000000,0.0000000,0,0,0,0
756772736299333 D 2888,2184560339,1000,1555,1555,2.3853402,-0.00482,-1,-1,-1,0,0,0,136,1,1,0,0.0000000,0.0000000,0.0000000,0,0,0,0
756772737513416 D 2889,2184561339,1000,1555,1555,2.3853402,-0.00463,-1,-1,-1,0,0,0,136,1,1,0,0.0000000,0.0000000,0.0000000,0,0,0,0
756772738504750 D 2890,2184562339,1000,1555,1555,2.3853402,-0.00445,-1,-1,-1,0,0,0,136,1,1,0,0.0000000,0.0000000,0.0000000,0,0,0,0
756772739431666 D 2891,2184563339,1000,1555,1555,2.3853402,-0.00428,-1,-1,-1,0,0,0,136,1,1,0,0.0000000,0.0000000,0.0000000,0,0,0,0
756772740288125 D 2892,2184564339,1000,1555,1555,2.3853402,-0.00411,-1,-1,-1,0,0,0,136,1,1,0,0.0000000,0.0000000,0.0000000,0,0,0,0
756772741291666 D 2893,2184565339,1000,1555,1555,2.3853402,-0.00395,-1,-1,-1,0,0,0,136,1,1,0,0.0000000,0.0000000,0.0000000,0,0,0,0
756772742287666 D 2894,2184566339,1000,1555,1555,2.3853402,-0.00379,-1,-1,-1,0,0,0,136,1,1,0,0.0000000,0.0000000,0.0000000,0,0,0,0
756772743286416 D 2895,2184567339,1000,1555,1555,2.3853402,-0.00365,-1,-1,-1,0,0,0,136,1,1,0,0.0000000,0.0000000,0.0000000,0,0,0,0
756772744315916 D 2896,2184568339,1000,1555,1555,2.3853402,-0.00350,-1,-1,-1,0,0,0,136,1,1,0,0.0000000,0.0000000,0.0000000,0,0,0,0
756772745303250 D 2897,2184569339,1000,1555,1555,2.3853402,-0.00337,-1,-1,-1,0,0,0,136,1,1,0,0.0000000,0.0000000,0.0000000,0,0,0,0
756772746284916 D 2898,2184570339,1000,1555,1555,2.3853402,-0.00323,-1,-1,-1,0,0,0,136,1,1,0,0.0000000,0.0000000,0.0000000,0,0,0,0
756772747294000 D 2899,2184571339,1000,1555,1555,2.3853402,-0.00311,-1,-1,-1,0,0,0,136,1,1,0,0.0000000,0.0000000,0.0000000,0,0,0,0
756772748310333 D 2900,2184572339,1000,1555,1555,2.3853402,-0.00298,-1,-1,-1,0,0,0,136,1,1,0,0.0000000,0.0000000,0.0000000,0,0,0,0
756772749281083 D 2901,2184573339,1000,1555,1555,2.3853402,-0.00287,-1,-1,-1,0,0,0,136,1,1,0,0.0000000,0.0000000,0.0000000,0,0,0,0
756772750271333 D 2902,2184574339,1000,1555,1555,2.3853402,-0.00276,-1,-1,-1,0,0,0,136,1,1,0,0.0000000,0.0000000,0.0000000,0,0,0,0
756772751284875 D 2903,2184575339,1000,1555,1555,2.3853402,-0.00265,-1,-1,-1,0,0,0,136,1,1,0,0.0000000,0.0000000,0.0000000,0,0,0,0
756772752274458 D 2904,2184576339,1000,1555,1555,2.3853402,-0.00254,-1,-1,-1,0,0,0,136,1,1,0,0.0000000,0.0000000,0.0000000,0,0,0,0
756772753275791 D 2905,2184577339,1000,1555,1555,2.3853402,-0.00244,-1,-1,-1,0,0,0,136,1,1,0,0.0000000,0.0000000,0.0000000,0,0,0,0
756772754278791 D 2906,2184578339,1000,1555,1555,2.3853402,-0.00235,-1,-1,-1,0,0,0,136,1,1,0,0.0000000,0.0000000,0.0000000,0,0,0,0
756772755281708 D 2907,2184579339,1000,1555,1555,2.3853402,-0.00226,-1,-1,-1,0,0,0,136,1,1,0,0.0000000,0.0000000,0.0000000,0,0,0,0
756772756282208 D 2908,2184580339,1000,1556,1556,2.3868742,0.05798,-1,-1,-1,0,0,0,136,1,1,0,0.0000000,0.0000000,0.0000000,0,0,0,0
756772757284458 D 2909,2184581339,1000,1555,1555,2.3853402,-0.00444,-1,-1,-1,0,0,0,136,1,1,0,0.0000000,0.0000000,0.0000000,0,0,0,0
756772758350750 D 2910,2184582339,1000,1555,1555,2.3853402,-0.00427,-1,-1,-1,0,0,0,136,1,1,0,0.0000000,0.0000000,0.0000000,0,0,0,0
756772759483166 D 2911,2184583339,1000,1555,1555,2.3853402,-0.00410,-1,-1,-1,0,0,0,136,1,1,0,0.0000000,0.0000000,0.0000000,0,0,0,0
756772760703916 D 2912,2184584339,1000,1555,1555,2.3853402,-0.00394,-1,-1,-1,0,0,0,136,1,1,0,0.0000000,0.0000000,0.0000000,0,0,0,0
756772761406083 D 2913,2184585339,1000,1555,1555,2.3853402,-0.00378,-1,-1,-1,0,0,0,136,1,1,0,0.0000000,0.0000000,0.0000000,0,0,0,0
756772762342083 D 2914,2184586339,1000,1555,1555,2.3853402,-0.00364,-1,-1,-1,0,0,0,136,1,1,0,0.0000000,0.0000000,0.0000000,0,0,0,0
756772763326166 D 2915,2184587339,1000,1555,1555,2.3853402,-0.00349,-1,-1,-1,0,0,0,136,1,1,0,0.0000000,0.0000000,0.0000000,0,0,0,0
756772764320416 D 2916,2184588339,1000,1555,1555,2.3853402,-0.00336,-1,-1,-1,0,0,0,136,1,1,0,0.0000000,0.0000000,0.0000000,0,0,0,0
756772765302750 D 2917,2184589339,1000,1555,1555,2.3853402,-0.00322,-1,-1,-1,0,0,0,136,1,1,0,0.0000000,0.0000000,0.0000000,0,0,0,0
756772766310000 D 2918,2184590339,1000,1555,1555,2.3853402,-0.00310,-1,-1,-1,0,0,0,136,1,1,0,0.0000000,0.0000000,0.0000000,0,0,0,0
756772767298125 D 2919,2184591339,1000,1555,1555,2.3853402,-0.00298,-1,-1,-1,0,0,0,136,1,1,0,0.0000000,0.0000000,0.0000000,0,0,0,0
756772768312791 D 2920,2184592339,1000,1555,1555,2.3853402,-0.00286,-1,-1,-1,0,0,0,136,1,1,0,0.0000000,0.0000000,0.0000000,0,0,0,0
756772769355833 D 2921,2184593339,1000,1555,1555,2.3853402,-0.00275,-1,-1,-1,0,0,0,135,1,1,0,0.0000000,0.0000000,0.0000000,0,0,0,0
756772770390750 D 2922,2184594339,1000,1555,1555,2.3853402,-0.00264,-1,-1,-1,0,0,0,136,1,1,0,0.0000000,0.0000000,0.0000000,0,0,0,0
756772771573125 D 2923,2184595339,1000,1555,1555,2.3853402,-0.00254,-1,-1,-1,0,0,0,136,1,1,0,0.0000000,0.0000000,0.0000000,0,0,0,0
756772772879958 D 2924,2184596339,1000,1555,1555,2.3853402,-0.00244,-1,-1,-1,0,0,0,136,1,1,0,0.0000000,0.0000000,0.0000000,0,0,0,0
756772773707250 D 2925,2184597339,1000,1555,1555,2.3853402,-0.00234,-1,-1,-1,0,0,0,136,1,1,0,0.0000000,0.0000000,0.0000000,0,0,0,0
756772774439041 D 2926,2184598339,1000,1555,1555,2.3853402,-0.00225,-1,-1,-1,0,0,0,136,1,1,0,0.0000000,0.0000000,0.0000000,0,0,0,0
756772775488250 D 2927,2184599339,1000,1555,1555,2.3853402,-0.00216,-1,-1,-1,0,0,0,136,1,1,0,0.0000000,0.0000000,0.0000000,0,0,0,0
756772776485916 D 2928,2184600339,1000,1555,1555,2.3853402,-0.00208,-1,-1,-1,0,0,0,136,1,1,0,0.0000000,0.0000000,0.0000000,0,0,0,0
756772777421208 D 2929,2184601339,1000,1555,1555,2.3853402,-0.00200,-1,-1,-1,0,0,0,136,1,1,0,0.0000000,0.0000000,0.0000000,0,0,0,0
756772778723250 D 2930,2184602339,1000,1555,1555,2.3853402,-0.00192,39,128,2035,0,0,0,136,1,1,0,0.0000000,0.0000000,0.0000000,0,0,0,0
756772779336791 D 2931,2184603339,1000,1555,1555,2.3853402,-0.00184,-1,-1,-1,0,0,0,136,1,1,0,0.0000000,0.0000000,0.0000000,0,0,0,0
756772780346291 D 2932,2184604339,1000,1555,1555,2.3853402,-0.00177,-1,-1,-1,0,0,0,136,1,1,0,0.0000000,0.0000000,0.0000000,0,0,0,0
756772781416541 D 2933,2184605339,1000,1555,1555,2.3853402,-0.00170,-1,-1,-1,0,0,0,136,1,1,0,0.0000000,0.0000000,0.0000000,0,0,0,0
756772782370000 D 2934,2184606339,1000,1555,1555,2.3853402,-0.00163,-1,-1,-1,0,0,0,136,1,1,0,0.0000000,0.0000000,0.0000000,0,0,0,0
756772783353791 D 2935,2184607339,1000,1555,1555,2.3853402,-0.00157,-1,-1,-1,0,0,0,136,1,1,0,0.0000000,0.0000000,0.0000000,0,0,0,0
756772784367541 D 2936,2184608339,1000,1555,1555,2.3853402,-0.00151,-1,-1,-1,0,0,0,136,1,1,0,0.0000000,0.0000000,0.0000000,0,0,0,0
756772785360208 D 2937,2184609339,1000,1555,1555,2.3853402,-0.00145,-1,-1,-1,0,0,0,136,1,1,0,0.0000000,0.0000000,0.0000000,0,0,0,0
756772786385125 D 2938,2184610339,1000,1555,1555,2.3853402,-0.00139,-1,-1,-1,0,0,0,136,1,1,0,0.0000000,0.0000000,0.0000000,0,0,0,0
756772787352583 D 2939,2184611339,1000,1555,1555,2.3853402,-0.00134,-1,-1,-1,0,0,0,136,1,1,0,0.0000000,0.0000000,0.0000000,0,0,0,0
756772788303291 D 2940,2184612339,1000,1555,1555,2.3853402,-0.00129,-1,-1,-1,0,0,0,136,1,1,0,0.0000000,0.0000000,0.0000000,0,0,0,0
756772789295833 D 2941,2184613339,1000,1555,1555,2.3853402,-0.00123,-1,-1,-1,0,0,0,136,1,1,0,0.0000000,0.0000000,0.0000000,0,0,0,0
756772790299583 D 2942,2184614339,1000,1555,1555,2.3853402,-0.00119,-1,-1,-1,0,0,0,136,1,1,0,0.0000000,0.0000000,0.0000000,0,0,0,0
756772791347000 D 2943,2184615339,1000,1555,1555,2.3853402,-0.00114,-1,-1,-1,0,0,0,136,1,1,0,0.0000000,0.0000000,0.0000000,0,0,0,0
756772792407166 D 2944,2184616339,1000,1555,1555,2.3853402,-0.00110,-1,-1,-1,0,0,0,136,1,1,0,0.0000000,0.0000000,0.0000000,0,0,0,0
756772793451500 D 2945,2184617339,1000,1555,1555,2.3853402,-0.00105,-1,-1,-1,0,0,0,136,1,1,0,0.0000000,0.0000000,0.0000000,0,0,0,0
756772794361375 D 2946,2184618339,1000,1555,1555,2.3853402,-0.00101,-1,-1,-1,0,0,0,136,1,1,0,0.0000000,0.0000000,0.0000000,0,0,0,0
756772795316833 D 2947,2184619339,1000,1555,1555,2.3853402,-0.00097,-1,-1,-1,0,0,0,136,1,1,0,0.0000000,0.0000000,0.0000000,0,0,0,0
756772796346041 D 2948,2184620339,1000,1555,1555,2.3853402,-0.00093,-1,-1,-1,0,0,0,136,1,1,0,0.0000000,0.0000000,0.0000000,0,0,0,0
756772797451375 D 2949,2184621339,1000,1555,1555,2.3853402,-0.00090,-1,-1,-1,0,0,0,135,1,1,0,0.0000000,0.0000000,0.0000000,0,0,0,0
756772798338750 D 2950,2184622339,1000,1555,1555,2.3853402,-0.00086,-1,-1,-1,0,0,0,136,1,1,0,0.0000000,0.0000000,0.0000000,0,0,0,0
756772799392916 D 2951,2184623339,1000,1555,1555,2.3853402,-0.00083,-1,-1,-1,0,0,0,136,1,1,0,0.0000000,0.0000000,0.0000000,0,0,0,0
756772800327583 D 2952,2184624339,1000,1555,1555,2.3853402,-0.00080,-1,-1,-1,0,0,0,136,1,1,0,0.0000000,0.0000000,0.0000000,0,0,0,0
756772801356000 D 2953,2184625339,1000,1555,1555,2.3853402,-0.00076,-1,-1,-1,0,0,0,136,1,1,0,0.0000000,0.0000000,0.0000000,0,0,0,0
756772802332625 D 2954,2184626339,1000,1555,1555,2.3853402,-0.00073,-1,-1,-1,0,0,0,136,1,1,0,0.0000000,0.0000000,0.0000000,0,0,0,0
756772803402083 D 2955,2184627339,1000,1555,1555,2.3853402,-0.00071,-1,-1,-1,0,0,0,136,1,1,0,0.0000000,0.0000000,0.0000000,0,0,0,0
756772804324791 D 2956,2184628339,1000,1555,1555,2.3853402,-0.00068,-1,-1,-1,0,0,0,136,1,1,0,0.0000000,0.0000000,0.0000000,0,0,0,0
756772805322708 D 2957,2184629339,1000,1555,1555,2.3853402,-0.00065,-1,-1,-1,0,0,0,136,1,1,0,0.0000000,0.0000000,0.0000000,0,0,0,0
756772806338958 D 2958,2184630339,1000,1555,1555,2.3853402,-0.00063,-1,-1,-1,0,0,0,136,1,1,0,0.0000000,0.0000000,0.0000000,0,0,0,0
756772807394208 D 2959,2184631339,1000,1556,1556,2.3868742,0.05955,-1,-1,-1,0,0,0,136,1,1,0,0.0000000,0.0000000,0.0000000,0,0,0,0
756772808355125 D 2960,2184632339,1000,1555,1555,2.3853402,-0.00294,-1,-1,-1,0,0,0,136,1,1,0,0.0000000,0.0000000,0.0000000,0,0,0,0
756772809348166 D 2961,2184633339,1000,1555,1555,2.3853402,-0.00282,-1,-1,-1,0,0,0,136,1,1,0,0.0000000,0.0000000,0.0000000,0,0,0,0
756772810529541 D 2962,2184634339,1000,1555,1555,2.3853402,-0.00271,-1,-1,-1,0,0,0,136,1,1,0,0.0000000,0.0000000,0.0000000,0,0,0,0
756772811345125 D 2963,2184635339,1000,1555,1555,2.3853402,-0.00260,-1,-1,-1,0,0,0,136,1,1,0,0.0000000,0.0000000,0.0000000,0,0,0,0
756772812305666 D 2964,2184636339,1000,1555,1555,2.3853402,-0.00250,-1,-1,-1,0,0,0,136,1,1,0,0.0000000,0.0000000,0.0000000,0,0,0,0
756772813288708 D 2965,2184637339,1000,1555,1555,2.3853402,-0.00240,-1,-1,-1,0,0,0,136,1,1,0,0.0000000,0.0000000,0.0000000,0,0,0,0
756772814288666 D 2966,2184638339,1000,1555,1555,2.3853402,-0.00231,-1,-1,-1,0,0,0,136,1,1,0,0.0000000,0.0000000,0.0000000,0,0,0,0
756772815288666 D 2967,2184639339,1000,1555,1555,2.3853402,-0.00222,-1,-1,-1,0,0,0,136,1,1,0,0.0000000,0.0000000,0.0000000,0,0,0,0
756772816287708 D 2968,2184640339,1000,1555,1555,2.3853402,-0.00213,-1,-1,-1,0,0,0,136,1,1,0,0.0000000,0.0000000,0.0000000,0,0,0,0
756772817302000 D 2969,2184641339,1000,1555,1555,2.3853402,-0.00205,-1,-1,-1,0,0,0,136,1,1,0,0.0000000,0.0000000,0.0000000,0,0,0,0
756772818294125 D 2970,2184642339,1000,1555,1555,2.3853402,-0.00197,-1,-1,-1,0,0,0,136,1,1,0,0.0000000,0.0000000,0.0000000,0,0,0,0
756772819351166 D 2971,2184643339,1000,1555,1555,2.3853402,-0.00189,-1,-1,-1,0,0,0,136,1,1,0,0.0000000,0.0000000,0.0000000,0,0,0,0
756772820311166 D 2972,2184644339,1000,1555,1555,2.3853402,-0.00182,-1,-1,-1,0,0,0,136,1,1,0,0.0000000,0.0000000,0.0000000,0,0,0,0
756772821243666 D 2973,2184645339,1000,1555,1555,2.3853402,-0.00175,-1,-1,-1,0,0,0,136,1,1,0,0.0000000,0.0000000,0.0000000,0,0,0,0
756772822199375 D 2974,2184646339,1000,1555,1555,2.3853402,-0.00168,-1,-1,-1,0,0,0,136,1,1,0,0.0000000,0.0000000,0.0000000,0,0,0,0
756772823213583 D 2975,2184647339,1000,1555,1555,2.3853402,-0.00161,-1,-1,-1,0,0,0,136,1,1,0,0.0000000,0.0000000,0.0000000,0,0,0,0
756772824188875 D 2976,2184648339,1000,1555,1555,2.3853402,-0.00155,-1,-1,-1,0,0,0,136,1,1,0,0.0000000,0.0000000,0.0000000,0,0,0,0
756772825201125 D 2977,2184649339,1000,1555,1555,2.3853402,-0.00149,-1,-1,-1,0,0,0,136,1,1,0,0.0000000,0.0000000,0.0000000,0,0,0,0
756772826304541 D 2978,2184650339,1000,1555,1555,2.3853402,-0.00143,-1,-1,-1,0,0,0,136,1,1,0,0.0000000,0.0000000,0.0000000,0,0,0,0
756772827284625 D 2979,2184651339,1000,1555,1555,2.3853402,-0.00137,-1,-1,-1,0,0,0,136,1,1,0,0.0000000,0.0000000,0.0000000,0,0,0,0
756772828692625 D 2980,2184652339,1000,1555,1555,2.3853402,-0.00132,39,128,2035,0,0,0,136,1,1,0,0.0000000,0.0000000,0.0000000,0,0,0,0
756772829307708 D 2981,2184653339,1000,1555,1555,2.3853402,-0.00127,-1,-1,-1,0,0,0,136,1,1,0,0.0000000,0.0000000,0.0000000,0,0,0,0
756772830294916 D 2982,2184654339,1000,1555,1555,2.3853402,-0.00122,-1,-1,-1,0,0,0,136,1,1,0,0.0000000,0.0000000,0.0000000,0,0,0,0
756772831332916 D 2983,2184655339,1000,1555,1555,2.3853402,-0.00117,-1,-1,-1,0,0,0,136,1,1,0,0.0000000,0.0000000,0.0000000,0,0,0,0
756772832298166 D 2984,2184656339,1000,1555,1555,2.3853402,-0.00112,-1,-1,-1,0,0,0,136,1,1,0,0.0000000,0.0000000,0.0000000,0,0,0,0
756772833333583 D 2985,2184657339,1000,1555,1555,2.3853402,-0.00108,-1,-1,-1,0,0,0,136,1,1,0,0.0000000,0.0000000,0.0000000,0,0,0,0
756772834310541 D 2986,2184658339,1000,1555,1555,2.3853402,-0.00104,-1,-1,-1,0,0,0,136,1,1,0,0.0000000,0.0000000,0.0000000,0,0,0,0
756772835337458 D 2987,2184659339,1000,1555,1555,2.3853402,-0.00100,-1,-1,-1,0,0,0,136,1,1,0,0.0000000,0.0000000,0.0000000,0,0,0,0
756772836318708 D 2988,2184660339,1000,1555,1555,2.3853402,-0.00096,-1,-1,-1,0,0,0,136,1,1,0,0.0000000,0.0000000,0.0000000,0,0,0,0
756772837327041 D 2989,2184661339,1000,1555,1555,2.3853402,-0.00092,-1,-1,-1,0,0,0,136,1,1,0,0.0000000,0.0000000,0.0000000,0,0,0,0
756772838330416 D 2990,2184662339,1000,1555,1555,2.3853402,-0.00088,-1,-1,-1,0,0,0,136,1,1,0,0.0000000,0.0000000,0.0000000,0,0,0,0
756772839320250 D 2991,2184663339,1000,1555,1555,2.3853402,-0.00085,-1,-1,-1,0,0,0,135,1,1,0,0.0000000,0.0000000,0.0000000,0,0,0,0
756772840319000 D 2992,2184664339,1000,1555,1555,2.3853402,-0.00082,-1,-1,-1,0,0,0,136,1,1,0,0.0000000,0.0000000,0.0000000,0,0,0,0
756772841328666 D 2993,2184665339,1000,1555,1555,2.3853402,-0.00078,-1,-1,-1,0,0,0,136,1,1,0,0.0000000,0.0000000,0.0000000,0,0,0,0
756772842303500 D 2994,2184666339,1000,1555,1555,2.3853402,-0.00075,-1,-1,-1,0,0,0,136,1,1,0,0.0000000,0.0000000,0.0000000,0,0,0,0
756772843282541 D 2995,2184667339,1000,1555,1555,2.3853402,-0.00072,-1,-1,-1,0,0,0,136,1,1,0,0.0000000,0.0000000,0.0000000,0,0,0,0
756772844568208 D 2996,2184668339,1000,1555,1555,2.3853402,-0.00070,-1,-1,-1,0,0,0,136,1,1,0,0.0000000,0.0000000,0.0000000,0,0,0,0
756772845183291 D 2997,2184669339,1000,1555,1555,2.3853402,-0.00067,-1,-1,-1,0,0,0,136,1,1,0,0.0000000,0.0000000,0.0000000,0,0,0,0
756772846161833 D 2998,2184670339,1000,1555,1555,2.3853402,-0.00064,-1,-1,-1,0,0,0,135,1,1,0,0.0000000,0.0000000,0.0000000,0,0,0,0
756772847169958 D 2999,2184671339,1000,1555,1555,2.3853402,-0.00062,-1,-1,-1,0,0,0,136,1,1,0,0.0000000,0.0000000,0.0000000,0,0,0,0
756772847389625 E 2184671435 END host_stop 0 0 0
