756345508650875 I steps_per_m=26666.66601562 cart_step=2 cart_dir=3 enable=8 limits_connected=0 filter_write_ok=1
756345509422541 I home=0 enabled=0 travel_mm=300.000 vmax_mm_s=30.000 amax_mm_s2=300.000 jerk_mm_s3=3000.000
756345509568875 E 1747392232 INFO
756345509758541 E 1757333733 STREAM
756345510407208 D 0,1757334339,0,1553,1553,2.3822722,0.00000,-1,-1,-1,0,0,0,136,1,1,0,0.0000000,0.0000000,0.0000000,0,0,0,0
756345511089625 D 1,1757335339,1000,1553,1553,2.3822722,0.00000,-1,-1,-1,0,0,0,136,1,1,0,0.0000000,0.0000000,0.0000000,0,0,0,0
756345511773916 D 2,1757336339,1000,1553,1553,2.3822722,0.00000,-1,-1,-1,0,0,0,136,1,1,0,0.0000000,0.0000000,0.0000000,0,0,0,0
756345512436500 D 3,1757337339,1000,1553,1553,2.3822722,0.00000,-1,-1,-1,0,0,0,136,1,1,0,0.0000000,0.0000000,0.0000000,0,0,0,0
756345513163500 D 4,1757338339,1000,1553,1553,2.3822722,0.00000,-1,-1,-1,0,0,0,136,1,1,0,0.0000000,0.0000000,0.0000000,0,0,0,0
756345514162916 D 5,1757339339,1000,1553,1553,2.3822722,0.00000,-1,-1,-1,0,0,0,136,1,1,0,0.0000000,0.0000000,0.0000000,0,0,0,0
756345515061458 D 6,1757340339,1000,1553,1553,2.3822722,0.00000,-1,-1,-1,0,0,0,136,1,1,0,0.0000000,0.0000000,0.0000000,0,0,0,0
756345516046916 D 7,1757341339,1000,1553,1553,2.3822722,0.00000,-1,-1,-1,0,0,0,136,1,1,0,0.0000000,0.0000000,0.0000000,0,0,0,0
756345517016291 D 8,1757342339,1000,1553,1553,2.3822722,0.00000,-1,-1,-1,0,0,0,136,1,1,0,0.0000000,0.0000000,0.0000000,0,0,0,0
756345518273708 D 9,1757343339,1000,1554,1554,2.3838062,0.06015,-1,-1,-1,0,0,0,136,1,1,0,0.0000000,0.0000000,0.0000000,0,0,0,0
756345519133041 D 10,1757344339,1000,1553,1553,2.3822722,-0.00236,-1,-1,-1,0,0,0,136,1,1,0,0.0000000,0.0000000,0.0000000,0,0,0,0
756345520139958 D 11,1757345339,1000,1553,1553,2.3822722,-0.00227,-1,-1,-1,0,0,0,136,1,1,0,0.0000000,0.0000000,0.0000000,0,0,0,0
756345521056750 D 12,1757346339,1000,1553,1553,2.3822722,-0.00218,-1,-1,-1,0,0,0,136,1,1,0,0.0000000,0.0000000,0.0000000,0,0,0,0
756345522061875 D 13,1757347339,1000,1553,1553,2.3822722,-0.00209,-1,-1,-1,0,0,0,136,1,1,0,0.0000000,0.0000000,0.0000000,0,0,0,0
756345522958416 D 14,1757348339,1000,1553,1553,2.3822722,-0.00201,-1,-1,-1,0,0,0,136,1,1,0,0.0000000,0.0000000,0.0000000,0,0,0,0
756345523948916 D 15,1757349339,1000,1553,1553,2.3822722,-0.00193,-1,-1,-1,0,0,0,136,1,1,0,0.0000000,0.0000000,0.0000000,0,0,0,0
756345524941916 D 16,1757350339,1000,1553,1553,2.3822722,-0.00186,-1,-1,-1,0,0,0,136,1,1,0,0.0000000,0.0000000,0.0000000,0,0,0,0
756345525967541 D 17,1757351339,1000,1553,1553,2.3822722,-0.00178,-1,-1,-1,0,0,0,136,1,1,0,0.0000000,0.0000000,0.0000000,0,0,0,0
756345527372916 D 18,1757352339,1000,1554,1554,2.3838062,0.05844,39,128,2046,0,0,0,136,1,1,0,0.0000000,0.0000000,0.0000000,0,0,0,0
756345527960750 D 19,1757353339,1000,1553,1553,2.3822722,-0.00400,-1,-1,-1,0,0,0,136,1,1,0,0.0000000,0.0000000,0.0000000,0,0,0,0
756345528940250 D 20,1757354339,1000,1554,1554,2.3838062,0.05630,-1,-1,-1,0,0,0,136,1,1,0,0.0000000,0.0000000,0.0000000,0,0,0,0
756345529941958 D 21,1757355339,1000,1553,1553,2.3822722,-0.00605,-1,-1,-1,0,0,0,136,1,1,0,0.0000000,0.0000000,0.0000000,0,0,0,0
756345530958000 D 22,1757356339,1000,1553,1553,2.3822722,-0.00582,-1,-1,-1,0,0,0,136,1,1,0,0.0000000,0.0000000,0.0000000,0,0,0,0
756345531957916 D 23,1757357339,1000,1553,1553,2.3822722,-0.00559,-1,-1,-1,0,0,0,136,1,1,0,0.0000000,0.0000000,0.0000000,0,0,0,0
756345532944833 D 24,1757358339,1000,1553,1553,2.3822722,-0.00537,-1,-1,-1,0,0,0,136,1,1,0,0.0000000,0.0000000,0.0000000,0,0,0,0
756345533981041 D 25,1757359339,1000,1553,1553,2.3822722,-0.00516,-1,-1,-1,0,0,0,136,1,1,0,0.0000000,0.0000000,0.0000000,0,0,0,0
756345534962041 D 26,1757360339,1000,1553,1553,2.3822722,-0.00496,-1,-1,-1,0,0,0,136,1,1,0,0.0000000,0.0000000,0.0000000,0,0,0,0
756345535977416 D 27,1757361339,1000,1553,1553,2.3822722,-0.00476,-1,-1,-1,0,0,0,136,1,1,0,0.0000000,0.0000000,0.0000000,0,0,0,0
756345536954083 D 28,1757362339,1000,1553,1553,2.3822722,-0.00458,-1,-1,-1,0,0,0,135,1,1,0,0.0000000,0.0000000,0.0000000,0,0,0,0
756345537946166 D 29,1757363339,1000,1553,1553,2.3822722,-0.00440,-1,-1,-1,0,0,0,136,1,1,0,0.0000000,0.0000000,0.0000000,0,0,0,0
756345538954416 D 30,1757364339,1000,1553,1553,2.3822722,-0.00422,-1,-1,-1,0,0,0,136,1,1,0,0.0000000,0.0000000,0.0000000,0,0,0,0
756345540009375 D 31,1757365339,1000,1553,1553,2.3822722,-0.00406,-1,-1,-1,0,0,0,136,1,1,0,0.0000000,0.0000000,0.0000000,0,0,0,0
756345540968208 D 32,1757366339,1000,1553,1553,2.3822722,-0.00390,-1,-1,-1,0,0,0,136,1,1,0,0.0000000,0.0000000,0.0000000,0,0,0,0
756345541865666 D 33,1757367339,1000,1554,1554,2.3838062,0.05640,-1,-1,-1,0,0,0,136,1,1,0,0.0000000,0.0000000,0.0000000,0,0,0,0
756345542789708 D 34,1757368339,1000,1553,1553,2.3822722,-0.00596,-1,-1,-1,0,0,0,136,1,1,0,0.0000000,0.0000000,0.0000000,0,0,0,0
756345543809000 D 35,1757369339,1000,1553,1553,2.3822722,-0.00572,-1,-1,-1,0,0,0,135,1,1,0,0.0000000,0.0000000,0.0000000,0,0,0,0
756345544772625 D 36,1757370339,1000,1553,1553,2.3822722,-0.00550,-1,-1,-1,0,0,0,136,1,1,0,0.0000000,0.0000000,0.0000000,0,0,0,0
756345545733333 D 37,1757371339,1000,1553,1553,2.3822722,-0.00528,-1,-1,-1,0,0,0,136,1,1,0,0.0000000,0.0000000,0.0000000,0,0,0,0
756345546943375 D 38,1757372339,1000,1553,1553,2.3822722,-0.00508,-1,-1,-1,0,0,0,136,1,1,0,0.0000000,0.0000000,0.0000000,0,0,0,0
756345547988375 D 39,1757373339,1000,1554,1554,2.3838062,0.05527,-1,-1,-1,0,0,0,136,1,1,0,0.0000000,0.0000000,0.0000000,0,0,0,0
756345548975958 D 40,1757374339,1000,1553,1553,2.3822722,-0.00705,-1,-1,-1,0,0,0,136,1,1,0,0.0000000,0.0000000,0.0000000,0,0,0,0
756345550014708 D 41,1757375339,1000,1553,1553,2.3822722,-0.00677,-1,-1,-1,0,0,0,136,1,1,0,0.0000000,0.0000000,0.0000000,0,0,0,0
756345550951916 D 42,1757376339,1000,1553,1553,2.3822722,-0.00650,-1,-1,-1,0,0,0,136,1,1,0,0.0000000,0.0000000,0.0000000,0,0,0,0
756345551981333 D 43,1757377339,1000,1553,1553,2.3822722,-0.00625,-1,-1,-1,0,0,0,136,1,1,0,0.0000000,0.0000000,0.0000000,0,0,0,0
756345552962625 D 44,1757378339,1000,1553,1553,2.3822722,-0.00600,-1,-1,-1,0,0,0,136,1,1,0,0.0000000,0.0000000,0.0000000,0,0,0,0
756345553944083 D 45,1757379339,1000,1553,1553,2.3822722,-0.00577,-1,-1,-1,0,0,0,136,1,1,0,0.0000000,0.0000000,0.0000000,0,0,0,0
756345555033000 D 46,1757380339,1000,1553,1553,2.3822722,-0.00554,-1,-1,-1,0,0,0,136,1,1,0,0.0000000,0.0000000,0.0000000,0,0,0,0
756345555953708 D 47,1757381339,1000,1553,1553,2.3822722,-0.00532,-1,-1,-1,0,0,0,136,1,1,0,0.0000000,0.0000000,0.0000000,0,0,0,0
756345556964791 D 48,1757382339,1000,1553,1553,2.3822722,-0.00512,-1,-1,-1,0,0,0,136,1,1,0,0.0000000,0.0000000,0.0000000,0,0,0,0
756345557989375 D 49,1757383339,1000,1553,1553,2.3822722,-0.00492,-1,-1,-1,0,0,0,136,1,1,0,0.0000000,0.0000000,0.0000000,0,0,0,0
756345558950541 D 50,1757384339,1000,1553,1553,2.3822722,-0.00472,-1,-1,-1,0,0,0,136,1,1,0,0.0000000,0.0000000,0.0000000,0,0,0,0
756345559994333 D 51,1757385339,1000,1553,1553,2.3822722,-0.00454,-1,-1,-1,0,0,0,136,1,1,0,0.0000000,0.0000000,0.0000000,0,0,0,0
756345560954791 D 52,1757386339,1000,1553,1553,2.3822722,-0.00436,-1,-1,-1,0,0,0,136,1,1,0,0.0000000,0.0000000,0.0000000,0,0,0,0
756345561963625 D 53,1757387339,1000,1554,1554,2.3838062,0.05596,-1,-1,-1,0,0,0,136,1,1,0,0.0000000,0.0000000,0.0000000,0,0,0,0
756345562954958 D 54,1757388339,1000,1553,1553,2.3822722,-0.00638,-1,-1,-1,0,0,0,136,1,1,0,0.0000000,0.0000000,0.0000000,0,0,0,0
756345563952791 D 55,1757389339,1000,1553,1553,2.3822722,-0.00613,-1,-1,-1,0,0,0,136,1,1,0,0.0000000,0.0000000,0.0000000,0,0,0,0
756345564955750 D 56,1757390339,1000,1553,1553,2.3822722,-0.00589,-1,-1,-1,0,0,0,136,1,1,0,0.0000000,0.0000000,0.0000000,0,0,0,0
756345565955791 D 57,1757391339,1000,1553,1553,2.3822722,-0.00566,-1,-1,-1,0,0,0,136,1,1,0,0.0000000,0.0000000,0.0000000,0,0,0,0
756345566954250 D 58,1757392339,1000,1553,1553,2.3822722,-0.00544,-1,-1,-1,0,0,0,136,1,1,0,0.0000000,0.0000000,0.0000000,0,0,0,0
756345568032041 D 59,1757393339,1000,1554,1554,2.3838062,0.05492,-1,-1,-1,0,0,0,136,1,1,0,0.0000000,0.0000000,0.0000000,0,0,0,0
756345569027750 D 60,1757394339,1000,1553,1553,2.3822722,-0.00738,-1,-1,-1,0,0,0,136,1,1,0,0.0000000,0.0000000,0.0000000,0,0,0,0
756345570034291 D 61,1757395339,1000,1554,1554,2.3838062,0.05306,-1,-1,-1,0,0,0,136,1,1,0,0.0000000,0.0000000,0.0000000,0,0,0,0
756345571038375 D 62,1757396339,1000,1553,1553,2.3822722,-0.00917,-1,-1,-1,0,0,0,136,1,1,0,0.0000000,0.0000000,0.0000000,0,0,0,0
756345572027333 D 63,1757397339,1000,1554,1554,2.3838062,0.05134,-1,-1,-1,0,0,0,136,1,1,0,0.0000000,0.0000000,0.0000000,0,0,0,0
756345573030583 D 64,1757398339,1000,1553,1553,2.3822722,-0.01082,-1,-1,-1,0,0,0,136,1,1,0,0.0000000,0.0000000,0.0000000,0,0,0,0
756345574029041 D 65,1757399339,1000,1554,1554,2.3838062,0.04975,-1,-1,-1,0,0,0,136,1,1,0,0.0000000,0.0000000,0.0000000,0,0,0,0
756345575045083 D 66,1757400339,1000,1554,1554,2.3838062,0.04780,-1,-1,-1,0,0,0,136,1,1,0,0.0000000,0.0000000,0.0000000,0,0,0,0
756345576042291 D 67,1757401339,1000,1553,1553,2.3822722,-0.01422,-1,-1,-1,0,0,0,136,1,1,0,0.0000000,0.0000000,0.0000000,0,0,0,0
756345577450625 D 68,1757402339,1000,1553,1553,2.3822722,-0.01367,39,128,2047,0,0,0,136,1,1,0,0.0000000,0.0000000,0.0000000,0,0,0,0
756345578013583 D 69,1757403339,1000,1553,1553,2.3822722,-0.01313,-1,-1,-1,0,0,0,136,1,1,0,0.0000000,0.0000000,0.0000000,0,0,0,0
756345579039833 D 70,1757404339,1000,1554,1554,2.3838062,0.04753,-1,-1,-1,0,0,0,136,1,1,0,0.0000000,0.0000000,0.0000000,0,0,0,0
756345580044541 D 71,1757405339,1000,1553,1553,2.3822722,-0.01448,-1,-1,-1,0,0,0,136,1,1,0,0.0000000,0.0000000,0.0000000,0,0,0,0
756345581036583 D 72,1757406339,1000,1553,1553,2.3822722,-0.01391,-1,-1,-1,0,0,0,136,1,1,0,0.0000000,0.0000000,0.0000000,0,0,0,0
756345582032875 D 73,1757407339,1000,1553,1553,2.3822722,-0.01337,-1,-1,-1,0,0,0,136,1,1,0,0.0000000,0.0000000,0.0000000,0,0,0,0
756345583039916 D 74,1757408339,1000,1553,1553,2.3822722,-0.01284,-1,-1,-1,0,0,0,136,1,1,0,0.0000000,0.0000000,0.0000000,0,0,0,0
756345584037625 D 75,1757409339,1000,1553,1553,2.3822722,-0.01234,-1,-1,-1,0,0,0,136,1,1,0,0.0000000,0.0000000,0.0000000,0,0,0,0
756345585030666 D 76,1757410339,1000,1553,1553,2.3822722,-0.01185,-1,-1,-1,0,0,0,136,1,1,0,0.0000000,0.0000000,0.0000000,0,0,0,0
756345586037000 D 77,1757411339,1000,1553,1553,2.3822722,-0.01139,-1,-1,-1,0,0,0,136,1,1,0,0.0000000,0.0000000,0.0000000,0,0,0,0
756345587033416 D 78,1757412339,1000,1553,1553,2.3822722,-0.01094,-1,-1,-1,0,0,0,136,1,1,0,0.0000000,0.0000000,0.0000000,0,0,0,0
756345588035750 D 79,1757413339,1000,1553,1553,2.3822722,-0.01051,-1,-1,-1,0,0,0,136,1,1,0,0.0000000,0.0000000,0.0000000,0,0,0,0
756345589040416 D 80,1757414339,1000,1553,1553,2.3822722,-0.01010,-1,-1,-1,0,0,0,136,1,1,0,0.0000000,0.0000000,0.0000000,0,0,0,0
756345590040625 D 81,1757415339,1000,1553,1553,2.3822722,-0.00971,-1,-1,-1,0,0,0,136,1,1,0,0.0000000,0.0000000,0.0000000,0,0,0,0
756345591037083 D 82,1757416339,1000,1553,1553,2.3822722,-0.00933,-1,-1,-1,0,0,0,136,1,1,0,0.0000000,0.0000000,0.0000000,0,0,0,0
756345592034875 D 83,1757417339,1000,1554,1554,2.3838062,0.05119,-1,-1,-1,0,0,0,136,1,1,0,0.0000000,0.0000000,0.0000000,0,0,0,0
756345593037291 D 84,1757418339,1000,1553,1553,2.3822722,-0.01097,-1,-1,-1,0,0,0,136,1,1,0,0.0000000,0.0000000,0.0000000,0,0,0,0
756345594057041 D 85,1757419339,1000,1553,1553,2.3822722,-0.01054,-1,-1,-1,0,0,0,136,1,1,0,0.0000000,0.0000000,0.0000000,0,0,0,0
756345595041125 D 86,1757420339,1000,1553,1553,2.3822722,-0.01012,-1,-1,-1,0,0,0,136,1,1,0,0.0000000,0.0000000,0.0000000,0,0,0,0
756345596031916 D 87,1757421339,1000,1554,1554,2.3838062,0.05042,-1,-1,-1,0,0,0,136,1,1,0,0.0000000,0.0000000,0.0000000,0,0,0,0
756345597034958 D 88,1757422339,1000,1553,1553,2.3822722,-0.01170,-1,-1,-1,0,0,0,136,1,1,0,0.0000000,0.0000000,0.0000000,0,0,0,0
756345598039291 D 89,1757423339,1000,1553,1553,2.3822722,-0.01124,-1,-1,-1,0,0,0,136,1,1,0,0.0000000,0.0000000,0.0000000,0,0,0,0
756345599030500 D 90,1757424339,1000,1553,1553,2.3822722,-0.01080,-1,-1,-1,0,0,0,136,1,1,0,0.0000000,0.0000000,0.0000000,0,0,0,0
756345600005833 D 91,1757425339,1000,1553,1553,2.3822722,-0.01038,-1,-1,-1,0,0,0,136,1,1,0,0.0000000,0.0000000,0.0000000,0,0,0,0
756345601058833 D 92,1757426339,1000,1553,1553,2.3822722,-0.00997,-1,-1,-1,0,0,0,136,1,1,0,0.0000000,0.0000000,0.0000000,0,0,0,0
756345602104875 D 93,1757427339,1000,1553,1553,2.3822722,-0.00958,-1,-1,-1,0,0,0,136,1,1,0,0.0000000,0.0000000,0.0000000,0,0,0,0
756345603053083 D 94,1757428339,1000,1553,1553,2.3822722,-0.00921,-1,-1,-1,0,0,0,136,1,1,0,0.0000000,0.0000000,0.0000000,0,0,0,0
756345604036541 D 95,1757429339,1000,1553,1553,2.3822722,-0.00885,-1,-1,-1,0,0,0,136,1,1,0,0.0000000,0.0000000,0.0000000,0,0,0,0
756345605028333 D 96,1757430339,1000,1554,1554,2.3838062,0.05165,-1,-1,-1,0,0,0,136,1,1,0,0.0000000,0.0000000,0.0000000,0,0,0,0
756345606028750 D 97,1757431339,1000,1553,1553,2.3822722,-0.01052,-1,-1,-1,0,0,0,136,1,1,0,0.0000000,0.0000000,0.0000000,0,0,0,0
756345607049333 D 98,1757432339,1000,1553,1553,2.3822722,-0.01011,-1,-1,-1,0,0,0,136,1,1,0,0.0000000,0.0000000,0.0000000,0,0,0,0
756345608031583 D 99,1757433339,1000,1553,1553,2.3822722,-0.00971,-1,-1,-1,0,0,0,136,1,1,0,0.0000000,0.0000000,0.0000000,0,0,0,0
756345609030541 D 100,1757434339,1000,1553,1553,2.3822722,-0.00933,-1,-1,-1,0,0,0,136,1,1,0,0.0000000,0.0000000,0.0000000,0,0,0,0
756345610040500 D 101,1757435339,1000,1553,1553,2.3822722,-0.00897,-1,-1,-1,0,0,0,136,1,1,0,0.0000000,0.0000000,0.0000000,0,0,0,0
756345611044208 D 102,1757436339,1000,1553,1553,2.3822722,-0.00862,-1,-1,-1,0,0,0,136,1,1,0,0.0000000,0.0000000,0.0000000,0,0,0,0
756345612038125 D 103,1757437339,1000,1553,1553,2.3822722,-0.00828,-1,-1,-1,0,0,0,136,1,1,0,0.0000000,0.0000000,0.0000000,0,0,0,0
756345613044708 D 104,1757438339,1000,1553,1553,2.3822722,-0.00795,-1,-1,-1,0,0,0,136,1,1,0,0.0000000,0.0000000,0.0000000,0,0,0,0
756345614033250 D 105,1757439339,1000,1554,1554,2.3838062,0.05251,-1,-1,-1,0,0,0,136,1,1,0,0.0000000,0.0000000,0.0000000,0,0,0,0
756345615042500 D 106,1757440339,1000,1553,1553,2.3822722,-0.00970,-1,-1,-1,0,0,0,136,1,1,0,0.0000000,0.0000000,0.0000000,0,0,0,0
756345616046416 D 107,1757441339,1000,1553,1553,2.3822722,-0.00932,-1,-1,-1,0,0,0,136,1,1,0,0.0000000,0.0000000,0.0000000,0,0,0,0
756345617044708 D 108,1757442339,1000,1554,1554,2.3838062,0.05119,-1,-1,-1,0,0,0,136,1,1,0,0.0000000,0.0000000,0.0000000,0,0,0,0
756345618048625 D 109,1757443339,1000,1553,1553,2.3822722,-0.01096,-1,-1,-1,0,0,0,136,1,1,0,0.0000000,0.0000000,0.0000000,0,0,0,0
756345619037125 D 110,1757444339,1000,1553,1553,2.3822722,-0.01053,-1,-1,-1,0,0,0,136,1,1,0,0.0000000,0.0000000,0.0000000,0,0,0,0
756345620037625 D 111,1757445339,1000,1553,1553,2.3822722,-0.01012,-1,-1,-1,0,0,0,136,1,1,0,0.0000000,0.0000000,0.0000000,0,0,0,0
756345621046958 D 112,1757446339,1000,1553,1553,2.3822722,-0.00972,-1,-1,-1,0,0,0,136,1,1,0,0.0000000,0.0000000,0.0000000,0,0,0,0
756345622050375 D 113,1757447339,1000,1553,1553,2.3822722,-0.00934,-1,-1,-1,0,0,0,136,1,1,0,0.0000000,0.0000000,0.0000000,0,0,0,0
756345623064958 D 114,1757448339,1000,1553,1553,2.3822722,-0.00898,-1,-1,-1,0,0,0,136,1,1,0,0.0000000,0.0000000,0.0000000,0,0,0,0
756345624059750 D 115,1757449339,1000,1553,1553,2.3822722,-0.00862,-1,-1,-1,0,0,0,136,1,1,0,0.0000000,0.0000000,0.0000000,0,0,0,0
756345625049125 D 116,1757450339,1000,1553,1553,2.3822722,-0.00829,-1,-1,-1,0,0,0,136,1,1,0,0.0000000,0.0000000,0.0000000,0,0,0,0
756345626043916 D 117,1757451339,1000,1553,1553,2.3822722,-0.00796,-1,-1,-1,0,0,0,136,1,1,0,0.0000000,0.0000000,0.0000000,0,0,0,0
756345627448875 D 118,1757452339,1000,1553,1553,2.3822722,-0.00765,39,128,2047,0,0,0,136,1,1,0,0.0000000,0.0000000,0.0000000,0,0,0,0
756345628010583 D 119,1757453339,1000,1553,1553,2.3822722,-0.00735,-1,-1,-1,0,0,0,136,1,1,0,0.0000000,0.0000000,0.0000000,0,0,0,0
756345629064583 D 120,1757454339,1000,1553,1553,2.3822722,-0.00706,-1,-1,-1,0,0,0,136,1,1,0,0.0000000,0.0000000,0.0000000,0,0,0,0
756345630044416 D 121,1757455339,1000,1554,1554,2.3838062,0.05337,-1,-1,-1,0,0,0,136,1,1,0,0.0000000,0.0000000,0.0000000,0,0,0,0
756345631055291 D 122,1757456339,1000,1553,1553,2.3822722,-0.00888,-1,-1,-1,0,0,0,136,1,1,0,0.0000000,0.0000000,0.0000000,0,0,0,0
756345632032875 D 123,1757457339,1000,1553,1553,2.3822722,-0.00853,-1,-1,-1,0,0,0,136,1,1,0,0.0000000,0.0000000,0.0000000,0,0,0,0
756345633060583 D 124,1757458339,1000,1553,1553,2.3822722,-0.00819,-1,-1,-1,0,0,0,136,1,1,0,0.0000000,0.0000000,0.0000000,0,0,0,0
756345634075458 D 125,1757459339,1000,1554,1554,2.3838062,0.05228,-1,-1,-1,0,0,0,136,1,1,0,0.0000000,0.0000000,0.0000000,0,0,0,0
756345634897833 D 126,1757460339,1000,1553,1553,2.3822722,-0.00992,-1,-1,-1,0,0,0,136,1,1,0,0.0000000,0.0000000,0.0000000,0,0,0,0
756345635876458 D 127,1757461339,1000,1553,1553,2.3822722,-0.00953,-1,-1,-1,0,0,0,136,1,1,0,0.0000000,0.0000000,0.0000000,0,0,0,0
756345636865208 D 128,1757462339,1000,1554,1554,2.3838062,0.05099,-1,-1,-1,0,0,0,136,1,1,0,0.0000000,0.0000000,0.0000000,0,0,0,0
756345637976666 D 129,1757463339,1000,1553,1553,2.3822722,-0.01116,-1,-1,-1,0,0,0,136,1,1,0,0.0000000,0.0000000,0.0000000,0,0,0,0
756345638896875 D 130,1757464339,1000,1553,1553,2.3822722,-0.01072,-1,-1,-1,0,0,0,136,1,1,0,0.0000000,0.0000000,0.0000000,0,0,0,0
756345639880208 D 131,1757465339,1000,1553,1553,2.3822722,-0.01030,-1,-1,-1,0,0,0,136,1,1,0,0.0000000,0.0000000,0.0000000,0,0,0,0
756345640877500 D 132,1757466339,1000,1553,1553,2.3822722,-0.00990,-1,-1,-1,0,0,0,136,1,1,0,0.0000000,0.0000000,0.0000000,0,0,0,0
756345641900333 D 133,1757467339,1000,1553,1553,2.3822722,-0.00951,-1,-1,-1,0,0,0,136,1,1,0,0.0000000,0.0000000,0.0000000,0,0,0,0
756345642908416 D 134,1757468339,1000,1553,1553,2.3822722,-0.00914,-1,-1,-1,0,0,0,136,1,1,0,0.0000000,0.0000000,0.0000000,0,0,0,0
756345643884583 D 135,1757469339,1000,1553,1553,2.3822722,-0.00878,-1,-1,-1,0,0,0,136,1,1,0,0.0000000,0.0000000,0.0000000,0,0,0,0
756345644890833 D 136,1757470339,1000,1553,1553,2.3822722,-0.00843,-1,-1,-1,0,0,0,136,1,1,0,0.0000000,0.0000000,0.0000000,0,0,0,0
756345645999625 D 137,1757471339,1000,1553,1553,2.3822722,-0.00810,-1,-1,-1,0,0,0,136,1,1,0,0.0000000,0.0000000,0.0000000,0,0,0,0
756345646937500 D 138,1757472339,1000,1553,1553,2.3822722,-0.00778,-1,-1,-1,0,0,0,136,1,1,0,0.0000000,0.0000000,0.0000000,0,0,0,0
756345647920750 D 139,1757473339,1000,1553,1553,2.3822722,-0.00748,-1,-1,-1,0,0,0,136,1,1,0,0.0000000,0.0000000,0.0000000,0,0,0,0
756345648920958 D 140,1757474339,1000,1553,1553,2.3822722,-0.00719,-1,-1,-1,0,0,0,136,1,1,0,0.0000000,0.0000000,0.0000000,0,0,0,0
756345649927875 D 141,1757475339,1000,1554,1554,2.3838062,0.05324,-1,-1,-1,0,0,0,136,1,1,0,0.0000000,0.0000000,0.0000000,0,0,0,0
756345650921333 D 142,1757476339,1000,1553,1553,2.3822722,-0.00899,-1,-1,-1,0,0,0,136,1,1,0,0.0000000,0.0000000,0.0000000,0,0,0,0
756345651922916 D 143,1757477339,1000,1553,1553,2.3822722,-0.00864,-1,-1,-1,0,0,0,136,1,1,0,0.0000000,0.0000000,0.0000000,0,0,0,0
756345652920666 D 144,1757478339,1000,1553,1553,2.3822722,-0.00830,-1,-1,-1,0,0,0,136,1,1,0,0.0000000,0.0000000,0.0000000,0,0,0,0
756345653917333 D 145,1757479339,1000,1553,1553,2.3822722,-0.00798,-1,-1,-1,0,0,0,136,1,1,0,0.0000000,0.0000000,0.0000000,0,0,0,0
756345654922250 D 146,1757480339,1000,1553,1553,2.3822722,-0.00766,-1,-1,-1,0,0,0,136,1,1,0,0.0000000,0.0000000,0.0000000,0,0,0,0
756345655926416 D 147,1757481339,1000,1553,1553,2.3822722,-0.00736,-1,-1,-1,0,0,0,136,1,1,0,0.0000000,0.0000000,0.0000000,0,0,0,0
756345656915208 D 148,1757482339,1000,1554,1554,2.3838062,0.05307,-1,-1,-1,0,0,0,136,1,1,0,0.0000000,0.0000000,0.0000000,0,0,0,0
756345657943833 D 149,1757483339,1000,1553,1553,2.3822722,-0.00915,-1,-1,-1,0,0,0,136,1,1,0,0.0000000,0.0000000,0.0000000,0,0,0,0
756345658925750 D 150,1757484339,1000,1553,1553,2.3822722,-0.00880,-1,-1,-1,0,0,0,136,1,1,0,0.0000000,0.0000000,0.0000000,0,0,0,0
756345659924958 D 151,1757485339,1000,1553,1553,2.3822722,-0.00845,-1,-1,-1,0,0,0,136,1,1,0,0.0000000,0.0000000,0.0000000,0,0,0,0
756345660923791 D 152,1757486339,1000,1553,1553,2.3822722,-0.00812,-1,-1,-1,0,0,0,136,1,1,0,0.0000000,0.0000000,0.0000000,0,0,0,0
756345661981583 D 153,1757487339,1000,1553,1553,2.3822722,-0.00780,-1,-1,-1,0,0,0,136,1,1,0,0.0000000,0.0000000,0.0000000,0,0,0,0
756345663034875 D 154,1757488339,1000,1553,1553,2.3822722,-0.00750,-1,-1,-1,0,0,0,136,1,1,0,0.0000000,0.0000000,0.0000000,0,0,0,0
756345663995041 D 155,1757489339,1000,1553,1553,2.3822722,-0.00720,-1,-1,-1,0,0,0,136,1,1,0,0.0000000,0.0000000,0.0000000,0,0,0,0
756345664967791 D 156,1757490339,1000,1553,1553,2.3822722,-0.00692,-1,-1,-1,0,0,0,136,1,1,0,0.0000000,0.0000000,0.0000000,0,0,0,0
756345665989375 D 157,1757491339,1000,1553,1553,2.3822722,-0.00665,-1,-1,-1,0,0,0,136,1,1,0,0.0000000,0.0000000,0.0000000,0,0,0,0
756345666967375 D 158,1757492339,1000,1553,1553,2.3822722,-0.00639,-1,-1,-1,0,0,0,136,1,1,0,0.0000000,0.0000000,0.0000000,0,0,0,0
756345667986625 D 159,1757493339,1000,1553,1553,2.3822722,-0.00614,-1,-1,-1,0,0,0,136,1,1,0,0.0000000,0.0000000,0.0000000,0,0,0,0
756345668995041 D 160,1757494339,1000,1553,1553,2.3822722,-0.00590,-1,-1,-1,0,0,0,136,1,1,0,0.0000000,0.0000000,0.0000000,0,0,0,0
756345669980708 D 161,1757495339,1000,1553,1553,2.3822722,-0.00566,-1,-1,-1,0,0,0,136,1,1,0,0.0000000,0.0000000,0.0000000,0,0,0,0
756345670984375 D 162,1757496339,1000,1554,1554,2.3838062,0.05471,-1,-1,-1,0,0,0,136,1,1,0,0.0000000,0.0000000,0.0000000,0,0,0,0
756345671990416 D 163,1757497339,1000,1553,1553,2.3822722,-0.00759,-1,-1,-1,0,0,0,136,1,1,0,0.0000000,0.0000000,0.0000000,0,0,0,0
756345672972083 D 164,1757498339,1000,1553,1553,2.3822722,-0.00729,-1,-1,-1,0,0,0,136,1,1,0,0.0000000,0.0000000,0.0000000,0,0,0,0
756345673976583 D 165,1757499339,1000,1553,1553,2.3822722,-0.00700,-1,-1,-1,0,0,0,136,1,1,0,0.0000000,0.0000000,0.0000000,0,0,0,0
756345674977708 D 166,1757500339,1000,1553,1553,2.3822722,-0.00673,-1,-1,-1,0,0,0,136,1,1,0,0.0000000,0.0000000,0.0000000,0,0,0,0
756345675977625 D 167,1757501339,1000,1553,1553,2.3822722,-0.00647,-1,-1,-1,0,0,0,136,1,1,0,0.0000000,0.0000000,0.0000000,0,0,0,0
756345677416791 D 168,1757502339,1000,1553,1553,2.3822722,-0.00621,39,128,2047,0,0,0,136,1,1,0,0.0000000,0.0000000,0.0000000,0,0,0,0
756345677965541 D 169,1757503339,1000,1554,1554,2.3838062,0.05418,-1,-1,-1,0,0,0,136,1,1,0,0.0000000,0.0000000,0.0000000,0,0,0,0
756345678990000 D 170,1757504339,1000,1553,1553,2.3822722,-0.00809,-1,-1,-1,0,0,0,136,1,1,0,0.0000000,0.0000000,0.0000000,0,0,0,0
756345680001875 D 171,1757505339,1000,1553,1553,2.3822722,-0.00778,-1,-1,-1,0,0,0,136,1,1,0,0.0000000,0.0000000,0.0000000,0,0,0,0
756345680991875 D 172,1757506339,1000,1553,1553,2.3822722,-0.00747,-1,-1,-1,0,0,0,136,1,1,0,0.0000000,0.0000000,0.0000000,0,0,0,0
756345682065000 D 173,1757507339,1000,1553,1553,2.3822722,-0.00718,-1,-1,-1,0,0,0,136,1,1,0,0.0000000,0.0000000,0.0000000,0,0,0,0
756345683063791 D 174,1757508339,1000,1553,1553,2.3822722,-0.00690,-1,-1,-1,0,0,0,136,1,1,0,0.0000000,0.0000000,0.0000000,0,0,0,0
756345684101958 D 175,1757509339,1000,1553,1553,2.3822722,-0.00663,-1,-1,-1,0,0,0,136,1,1,0,0.0000000,0.0000000,0.0000000,0,0,0,0
756345685052875 D 176,1757510339,1000,1553,1553,2.3822722,-0.00637,-1,-1,-1,0,0,0,136,1,1,0,0.0000000,0.0000000,0.0000000,0,0,0,0
756345686074708 D 177,1757511339,1000,1553,1553,2.3822722,-0.00612,-1,-1,-1,0,0,0,136,1,1,0,0.0000000,0.0000000,0.0000000,0,0,0,0
756345687046791 D 178,1757512339,1000,1553,1553,2.3822722,-0.00588,-1,-1,-1,0,0,0,136,1,1,0,0.0000000,0.0000000,0.0000000,0,0,0,0
756345688044083 D 179,1757513339,1000,1553,1553,2.3822722,-0.00565,-1,-1,-1,0,0,0,136,1,1,0,0.0000000,0.0000000,0.0000000,0,0,0,0
756345689045583 D 180,1757514339,1000,1553,1553,2.3822722,-0.00542,-1,-1,-1,0,0,0,136,1,1,0,0.0000000,0.0000000,0.0000000,0,0,0,0
756345690047625 D 181,1757515339,1000,1553,1553,2.3822722,-0.00521,-1,-1,-1,0,0,0,136,1,1,0,0.0000000,0.0000000,0.0000000,0,0,0,0
756345691045250 D 182,1757516339,1000,1553,1553,2.3822722,-0.00501,-1,-1,-1,0,0,0,136,1,1,0,0.0000000,0.0000000,0.0000000,0,0,0,0
756345692036875 D 183,1757517339,1000,1553,1553,2.3822722,-0.00481,-1,-1,-1,0,0,0,136,1,1,0,0.0000000,0.0000000,0.0000000,0,0,0,0
756345693045791 D 184,1757518339,1000,1553,1553,2.3822722,-0.00462,-1,-1,-1,0,0,0,136,1,1,0,0.0000000,0.0000000,0.0000000,0,0,0,0
756345694041833 D 185,1757519339,1000,1554,1554,2.3838062,0.05571,-1,-1,-1,0,0,0,136,1,1,0,0.0000000,0.0000000,0.0000000,0,0,0,0
756345695081500 D 186,1757520339,1000,1553,1553,2.3822722,-0.00663,-1,-1,-1,0,0,0,136,1,1,0,0.0000000,0.0000000,0.0000000,0,0,0,0
756345696055375 D 187,1757521339,1000,1553,1553,2.3822722,-0.00637,-1,-1,-1,0,0,0,136,1,1,0,0.0000000,0.0000000,0.0000000,0,0,0,0
756345697057458 D 188,1757522339,1000,1553,1553,2.3822722,-0.00612,-1,-1,-1,0,0,0,136,1,1,0,0.0000000,0.0000000,0.0000000,0,0,0,0
756345698061166 D 189,1757523339,1000,1554,1554,2.3838062,0.05427,-1,-1,-1,0,0,0,136,1,1,0,0.0000000,0.0000000,0.0000000,0,0,0,0
756345699057083 D 190,1757524339,1000,1553,1553,2.3822722,-0.00800,-1,-1,-1,0,0,0,136,1,1,0,0.0000000,0.0000000,0.0000000,0,0,0,0
756345700055000 D 191,1757525339,1000,1553,1553,2.3822722,-0.00769,-1,-1,-1,0,0,0,136,1,1,0,0.0000000,0.0000000,0.0000000,0,0,0,0
756345701051875 D 192,1757526339,1000,1553,1553,2.3822722,-0.00739,-1,-1,-1,0,0,0,136,1,1,0,0.0000000,0.0000000,0.0000000,0,0,0,0
756345702044541 D 193,1757527339,1000,1553,1553,2.3822722,-0.00710,-1,-1,-1,0,0,0,136,1,1,0,0.0000000,0.0000000,0.0000000,0,0,0,0
756345703046083 D 194,1757528339,1000,1553,1553,2.3822722,-0.00682,-1,-1,-1,0,0,0,136,1,1,0,0.0000000,0.0000000,0.0000000,0,0,0,0
756345704047041 D 195,1757529339,1000,1554,1554,2.3838062,0.05359,-1,-1,-1,0,0,0,136,1,1,0,0.0000000,0.0000000,0.0000000,0,0,0,0
756345705047083 D 196,1757530339,1000,1553,1553,2.3822722,-0.00866,-1,-1,-1,0,0,0,136,1,1,0,0.0000000,0.0000000,0.0000000,0,0,0,0
756345706044083 D 197,1757531339,1000,1553,1553,2.3822722,-0.00832,-1,-1,-1,0,0,0,136,1,1,0,0.0000000,0.0000000,0.0000000,0,0,0,0
756345707042166 D 198,1757532339,1000,1554,1554,2.3838062,0.05216,-1,-1,-1,0,0,0,136,1,1,0,0.0000000,0.0000000,0.0000000,0,0,0,0
756345708048250 D 199,1757533339,1000,1553,1553,2.3822722,-0.01003,-1,-1,-1,0,0,0,136,1,1,0,0.0000000,0.0000000,0.0000000,0,0,0,0
756345709059750 D 200,1757534339,1000,1553,1553,2.3822722,-0.00964,-1,-1,-1,0,0,0,136,1,1,0,0.0000000,0.0000000,0.0000000,0,0,0,0
756345710121750 D 201,1757535339,1000,1553,1553,2.3822722,-0.00926,-1,-1,-1,0,0,0,136,1,1,0,0.0000000,0.0000000,0.0000000,0,0,0,0
756345711122500 D 202,1757536339,1000,1553,1553,2.3822722,-0.00890,-1,-1,-1,0,0,0,136,1,1,0,0.0000000,0.0000000,0.0000000,0,0,0,0
756345712126833 D 203,1757537339,1000,1553,1553,2.3822722,-0.00855,-1,-1,-1,0,0,0,135,1,1,0,0.0000000,0.0000000,0.0000000,0,0,0,0
756345713085666 D 204,1757538339,1000,1553,1553,2.3822722,-0.00822,-1,-1,-1,0,0,0,136,1,1,0,0.0000000,0.0000000,0.0000000,0,0,0,0
756345714085958 D 205,1757539339,1000,1553,1553,2.3822722,-0.00789,-1,-1,-1,0,0,0,136,1,1,0,0.0000000,0.0000000,0.0000000,0,0,0,0
756345715117875 D 206,1757540339,1000,1553,1553,2.3822722,-0.00758,-1,-1,-1,0,0,0,136,1,1,0,0.0000000,0.0000000,0.0000000,0,0,0,0
756345716133083 D 207,1757541339,1000,1553,1553,2.3822722,-0.00729,-1,-1,-1,0,0,0,136,1,1,0,0.0000000,0.0000000,0.0000000,0,0,0,0
756345717140250 D 208,1757542339,1000,1553,1553,2.3822722,-0.00700,-1,-1,-1,0,0,0,136,1,1,0,0.0000000,0.0000000,0.0000000,0,0,0,0
756345718137750 D 209,1757543339,1000,1553,1553,2.3822722,-0.00673,-1,-1,-1,0,0,0,136,1,1,0,0.0000000,0.0000000,0.0000000,0,0,0,0
756345719208791 D 210,1757544339,1000,1553,1553,2.3822722,-0.00646,-1,-1,-1,0,0,0,136,1,1,0,0.0000000,0.0000000,0.0000000,0,0,0,0
756345720213500 D 211,1757545339,1000,1554,1554,2.3838062,0.05394,-1,-1,-1,0,0,0,136,1,1,0,0.0000000,0.0000000,0.0000000,0,0,0,0
756345721194958 D 212,1757546339,1000,1553,1553,2.3822722,-0.00832,-1,-1,-1,0,0,0,136,1,1,0,0.0000000,0.0000000,0.0000000,0,0,0,0
756345722137291 D 213,1757547339,1000,1553,1553,2.3822722,-0.00800,-1,-1,-1,0,0,0,136,1,1,0,0.0000000,0.0000000,0.0000000,0,0,0,0
756345723088958 D 214,1757548339,1000,1553,1553,2.3822722,-0.00768,-1,-1,-1,0,0,0,136,1,1,0,0.0000000,0.0000000,0.0000000,0,0,0,0
756345723960000 D 215,1757549339,1000,1553,1553,2.3822722,-0.00738,-1,-1,-1,0,0,0,136,1,1,0,0.0000000,0.0000000,0.0000000,0,0,0,0
756345724920375 D 216,1757550339,1000,1553,1553,2.3822722,-0.00709,-1,-1,-1,0,0,0,136,1,1,0,0.0000000,0.0000000,0.0000000,0,0,0,0
756345725931000 D 217,1757551339,1000,1554,1554,2.3838062,0.05333,-1,-1,-1,0,0,0,136,1,1,0,0.0000000,0.0000000,0.0000000,0,0,0,0
756345727337375 D 218,1757552339,1000,1553,1553,2.3822722,-0.00891,39,128,2047,0,0,0,136,1,1,0,0.0000000,0.0000000,0.0000000,0,0,0,0
756345728010208 D 219,1757553339,1000,1553,1553,2.3822722,-0.00856,-1,-1,-1,0,0,0,136,1,1,0,0.0000000,0.0000000,0.0000000,0,0,0,0
756345729052041 D 220,1757554339,1000,1553,1553,2.3822722,-0.00822,-1,-1,-1,0,0,0,136,1,1,0,0.0000000,0.0000000,0.0000000,0,0,0,0
756345730026500 D 221,1757555339,1000,1553,1553,2.3822722,-0.00790,-1,-1,-1,0,0,0,136,1,1,0,0.0000000,0.0000000,0.0000000,0,0,0,0
756345731044333 D 222,1757556339,1000,1553,1553,2.3822722,-0.00759,-1,-1,-1,0,0,0,136,1,1,0,0.0000000,0.0000000,0.0000000,0,0,0,0
756345732034291 D 223,1757557339,1000,1553,1553,2.3822722,-0.00729,-1,-1,-1,0,0,0,136,1,1,0,0.0000000,0.0000000,0.0000000,0,0,0,0
756345733042583 D 224,1757558339,1000,1553,1553,2.3822722,-0.00701,-1,-1,-1,0,0,0,136,1,1,0,0.0000000,0.0000000,0.0000000,0,0,0,0
756345734038916 D 225,1757559339,1000,1553,1553,2.3822722,-0.00673,-1,-1,-1,0,0,0,136,1,1,0,0.0000000,0.0000000,0.0000000,0,0,0,0
756345735038041 D 226,1757560339,1000,1554,1554,2.3838062,0.05368,-1,-1,-1,0,0,0,136,1,1,0,0.0000000,0.0000000,0.0000000,0,0,0,0
756345736038833 D 227,1757561339,1000,1553,1553,2.3822722,-0.00857,-1,-1,-1,0,0,0,136,1,1,0,0.0000000,0.0000000,0.0000000,0,0,0,0
756345737269000 D 228,1757562339,1000,1553,1553,2.3822722,-0.00824,-1,-1,-1,0,0,0,136,1,1,0,0.0000000,0.0000000,0.0000000,0,0,0,0
756345738269583 D 229,1757563339,1000,1553,1553,2.3822722,-0.00791,-1,-1,-1,0,0,0,136,1,1,0,0.0000000,0.0000000,0.0000000,0,0,0,0
756345739268375 D 230,1757564339,1000,1553,1553,2.3822722,-0.00760,-1,-1,-1,0,0,0,136,1,1,0,0.0000000,0.0000000,0.0000000,0,0,0,0
756345740052208 D 231,1757565339,1000,1553,1553,2.3822722,-0.00730,-1,-1,-1,0,0,0,136,1,1,0,0.0000000,0.0000000,0.0000000,0,0,0,0
756345741079000 D 232,1757566339,1000,1553,1553,2.3822722,-0.00702,-1,-1,-1,0,0,0,136,1,1,0,0.0000000,0.0000000,0.0000000,0,0,0,0
756345742018500 D 233,1757567339,1000,1553,1553,2.3822722,-0.00674,-1,-1,-1,0,0,0,136,1,1,0,0.0000000,0.0000000,0.0000000,0,0,0,0
756345742986250 D 234,1757568339,1000,1553,1553,2.3822722,-0.00648,-1,-1,-1,0,0,0,136,1,1,0,0.0000000,0.0000000,0.0000000,0,0,0,0
756345743993375 D 235,1757569339,1000,1553,1553,2.3822722,-0.00622,-1,-1,-1,0,0,0,136,1,1,0,0.0000000,0.0000000,0.0000000,0,0,0,0
756345744972250 D 236,1757570339,1000,1553,1553,2.3822722,-0.00598,-1,-1,-1,0,0,0,136,1,1,0,0.0000000,0.0000000,0.0000000,0,0,0,0
756345745967916 D 237,1757571339,1000,1553,1553,2.3822722,-0.00575,-1,-1,-1,0,0,0,136,1,1,0,0.0000000,0.0000000,0.0000000,0,0,0,0
756345746965833 D 238,1757572339,1000,1553,1553,2.3822722,-0.00552,-1,-1,-1,0,0,0,136,1,1,0,0.0000000,0.0000000,0.0000000,0,0,0,0
756345747963583 D 239,1757573339,1000,1553,1553,2.3822722,-0.00530,-1,-1,-1,0,0,0,136,1,1,0,0.0000000,0.0000000,0.0000000,0,0,0,0
756345749034958 D 240,1757574339,1000,1554,1554,2.3838062,0.05505,-1,-1,-1,0,0,0,136,1,1,0,0.0000000,0.0000000,0.0000000,0,0,0,0
756345750032375 D 241,1757575339,1000,1553,1553,2.3822722,-0.00726,-1,-1,-1,0,0,0,136,1,1,0,0.0000000,0.0000000,0.0000000,0,0,0,0
756345751032208 D 242,1757576339,1000,1553,1553,2.3822722,-0.00697,-1,-1,-1,0,0,0,136,1,1,0,0.0000000,0.0000000,0.0000000,0,0,0,0
756345752031875 D 243,1757577339,1000,1553,1553,2.3822722,-0.00670,-1,-1,-1,0,0,0,136,1,1,0,0.0000000,0.0000000,0.0000000,0,0,0,0
756345753037625 D 244,1757578339,1000,1553,1553,2.3822722,-0.00643,-1,-1,-1,0,0,0,136,1,1,0,0.0000000,0.0000000,0.0000000,0,0,0,0
756345754035500 D 245,1757579339,1000,1553,1553,2.3822722,-0.00618,-1,-1,-1,0,0,0,135,1,1,0,0.0000000,0.0000000,0.0000000,0,0,0,0
756345755033750 D 246,1757580339,1000,1553,1553,2.3822722,-0.00594,-1,-1,-1,0,0,0,136,1,1,0,0.0000000,0.0000000,0.0000000,0,0,0,0
756345756032625 D 247,1757581339,1000,1554,1554,2.3838062,0.05444,-1,-1,-1,0,0,0,136,1,1,0,0.0000000,0.0000000,0.0000000,0,0,0,0
756345757066541 D 248,1757582339,1000,1553,1553,2.3822722,-0.00784,-1,-1,-1,0,0,0,136,1,1,0,0.0000000,0.0000000,0.0000000,0,0,0,0
756345758065750 D 249,1757583339,1000,1553,1553,2.3822722,-0.00753,-1,-1,-1,0,0,0,136,1,1,0,0.0000000,0.0000000,0.0000000,0,0,0,0
756345759059916 D 250,1757584339,1000,1553,1553,2.3822722,-0.00724,-1,-1,-1,0,0,0,136,1,1,0,0.0000000,0.0000000,0.0000000,0,0,0,0
756345760043541 D 251,1757585339,1000,1553,1553,2.3822722,-0.00695,-1,-1,-1,0,0,0,136,1,1,0,0.0000000,0.0000000,0.0000000,0,0,0,0
756345761054125 D 252,1757586339,1000,1553,1553,2.3822722,-0.00668,-1,-1,-1,0,0,0,135,1,1,0,0.0000000,0.0000000,0.0000000,0,0,0,0
756345762046708 D 253,1757587339,1000,1553,1553,2.3822722,-0.00642,-1,-1,-1,0,0,0,136,1,1,0,0.0000000,0.0000000,0.0000000,0,0,0,0
756345763064166 D 254,1757588339,1000,1553,1553,2.3822722,-0.00617,-1,-1,-1,0,0,0,136,1,1,0,0.0000000,0.0000000,0.0000000,0,0,0,0
756345764070458 D 255,1757589339,1000,1553,1553,2.3822722,-0.00593,-1,-1,-1,0,0,0,136,1,1,0,0.0000000,0.0000000,0.0000000,0,0,0,0
756345765039416 D 256,1757590339,1000,1553,1553,2.3822722,-0.00569,-1,-1,-1,0,0,0,136,1,1,0,0.0000000,0.0000000,0.0000000,0,0,0,0
756345766039000 D 257,1757591339,1000,1553,1553,2.3822722,-0.00547,-1,-1,-1,0,0,0,136,1,1,0,0.0000000,0.0000000,0.0000000,0,0,0,0
756345767041333 D 258,1757592339,1000,1553,1553,2.3822722,-0.00526,-1,-1,-1,0,0,0,136,1,1,0,0.0000000,0.0000000,0.0000000,0,0,0,0
756345768049958 D 259,1757593339,1000,1553,1553,2.3822722,-0.00505,-1,-1,-1,0,0,0,136,1,1,0,0.0000000,0.0000000,0.0000000,0,0,0,0
756345769038791 D 260,1757594339,1000,1553,1553,2.3822722,-0.00485,-1,-1,-1,0,0,0,136,1,1,0,0.0000000,0.0000000,0.0000000,0,0,0,0
756345770063958 D 261,1757595339,1000,1553,1553,2.3822722,-0.00466,-1,-1,-1,0,0,0,136,1,1,0,0.0000000,0.0000000,0.0000000,0,0,0,0
756345771040291 D 262,1757596339,1000,1553,1553,2.3822722,-0.00448,-1,-1,-1,0,0,0,136,1,1,0,0.0000000,0.0000000,0.0000000,0,0,0,0
756345772050083 D 263,1757597339,1000,1553,1553,2.3822722,-0.00430,-1,-1,-1,0,0,0,136,1,1,0,0.0000000,0.0000000,0.0000000,0,0,0,0
756345773039000 D 264,1757598339,1000,1554,1554,2.3838062,0.05601,-1,-1,-1,0,0,0,136,1,1,0,0.0000000,0.0000000,0.0000000,0,0,0,0
756345774072333 D 265,1757599339,1000,1553,1553,2.3822722,-0.00633,-1,-1,-1,0,0,0,136,1,1,0,0.0000000,0.0000000,0.0000000,0,0,0,0
756345775070458 D 266,1757600339,1000,1553,1553,2.3822722,-0.00608,-1,-1,-1,0,0,0,136,1,1,0,0.0000000,0.0000000,0.0000000,0,0,0,0
756345776054958 D 267,1757601339,1000,1553,1553,2.3822722,-0.00584,-1,-1,-1,0,0,0,136,1,1,0,0.0000000,0.0000000,0.0000000,0,0,0,0
756345777481291 D 268,1757602339,1000,1553,1553,2.3822722,-0.00562,39,128,2046,0,0,0,136,1,1,0,0.0000000,0.0000000,0.0000000,0,0,0,0
756345778125791 D 269,1757603339,1000,1553,1553,2.3822722,-0.00540,-1,-1,-1,0,0,0,136,1,1,0,0.0000000,0.0000000,0.0000000,0,0,0,0
756345779044000 D 270,1757604339,1000,1553,1553,2.3822722,-0.00518,-1,-1,-1,0,0,0,136,1,1,0,0.0000000,0.0000000,0.0000000,0,0,0,0
756345780039208 D 271,1757605339,1000,1553,1553,2.3822722,-0.00498,-1,-1,-1,0,0,0,136,1,1,0,0.0000000,0.0000000,0.0000000,0,0,0,0
756345781043500 D 272,1757606339,1000,1553,1553,2.3822722,-0.00479,-1,-1,-1,0,0,0,136,1,1,0,0.0000000,0.0000000,0.0000000,0,0,0,0
756345782035041 D 273,1757607339,1000,1554,1554,2.3838062,0.05555,-1,-1,-1,0,0,0,136,1,1,0,0.0000000,0.0000000,0.0000000,0,0,0,0
756345783051875 D 274,1757608339,1000,1553,1553,2.3822722,-0.00678,-1,-1,-1,0,0,0,136,1,1,0,0.0000000,0.0000000,0.0000000,0,0,0,0
756345784042708 D 275,1757609339,1000,1553,1553,2.3822722,-0.00651,-1,-1,-1,0,0,0,136,1,1,0,0.0000000,0.0000000,0.0000000,0,0,0,0
756345785038708 D 276,1757610339,1000,1553,1553,2.3822722,-0.00625,-1,-1,-1,0,0,0,136,1,1,0,0.0000000,0.0000000,0.0000000,0,0,0,0
756345786048500 D 277,1757611339,1000,1553,1553,2.3822722,-0.00601,-1,-1,-1,0,0,0,136,1,1,0,0.0000000,0.0000000,0.0000000,0,0,0,0
756345787051125 D 278,1757612339,1000,1553,1553,2.3822722,-0.00577,-1,-1,-1,0,0,0,136,1,1,0,0.0000000,0.0000000,0.0000000,0,0,0,0
756345788036791 D 279,1757613339,1000,1553,1553,2.3822722,-0.00555,-1,-1,-1,0,0,0,136,1,1,0,0.0000000,0.0000000,0.0000000,0,0,0,0
756345789066958 D 280,1757614339,1000,1553,1553,2.3822722,-0.00533,-1,-1,-1,0,0,0,136,1,1,0,0.0000000,0.0000000,0.0000000,0,0,0,0
756345790047083 D 281,1757615339,1000,1553,1553,2.3822722,-0.00512,-1,-1,-1,0,0,0,136,1,1,0,0.0000000,0.0000000,0.0000000,0,0,0,0
756345791044458 D 282,1757616339,1000,1553,1553,2.3822722,-0.00492,-1,-1,-1,0,0,0,136,1,1,0,0.0000000,0.0000000,0.0000000,0,0,0,0
756345792045541 D 283,1757617339,1000,1553,1553,2.3822722,-0.00473,-1,-1,-1,0,0,0,136,1,1,0,0.0000000,0.0000000,0.0000000,0,0,0,0
756345793043541 D 284,1757618339,1000,1553,1553,2.3822722,-0.00454,-1,-1,-1,0,0,0,136,1,1,0,0.0000000,0.0000000,0.0000000,0,0,0,0
756345794036750 D 285,1757619339,1000,1553,1553,2.3822722,-0.00436,-1,-1,-1,0,0,0,136,1,1,0,0.0000000,0.0000000,0.0000000,0,0,0,0
756345795037250 D 286,1757620339,1000,1553,1553,2.3822722,-0.00419,-1,-1,-1,0,0,0,136,1,1,0,0.0000000,0.0000000,0.0000000,0,0,0,0
756345796029750 D 287,1757621339,1000,1554,1554,2.3838062,0.05612,-1,-1,-1,0,0,0,136,1,1,0,0.0000000,0.0000000,0.0000000,0,0,0,0
756345797047000 D 288,1757622339,1000,1554,1554,2.3838062,0.05392,-1,-1,-1,0,0,0,136,1,1,0,0.0000000,0.0000000,0.0000000,0,0,0,0
756345798038416 D 289,1757623339,1000,1553,1553,2.3822722,-0.00834,-1,-1,-1,0,0,0,136,1,1,0,0.0000000,0.0000000,0.0000000,0,0,0,0
756345799035083 D 290,1757624339,1000,1553,1553,2.3822722,-0.00802,-1,-1,-1,0,0,0,136,1,1,0,0.0000000,0.0000000,0.0000000,0,0,0,0
756345800037708 D 291,1757625339,1000,1553,1553,2.3822722,-0.00770,-1,-1,-1,0,0,0,136,1,1,0,0.0000000,0.0000000,0.0000000,0,0,0,0
756345801037791 D 292,1757626339,1000,1554,1554,2.3838062,0.05275,-1,-1,-1,0,0,0,136,1,1,0,0.0000000,0.0000000,0.0000000,0,0,0,0
756345802348166 D 293,1757627339,1000,1553,1553,2.3822722,-0.00947,-1,-1,-1,0,0,0,136,1,1,0,0.0000000,0.0000000,0.0000000,0,0,0,0
756345803279041 D 294,1757628339,1000,1553,1553,2.3822722,-0.00910,-1,-1,-1,0,0,0,136,1,1,0,0.0000000,0.0000000,0.0000000,0,0,0,0
756345804295166 D 295,1757629339,1000,1553,1553,2.3822722,-0.00874,-1,-1,-1,0,0,0,136,1,1,0,0.0000000,0.0000000,0.0000000,0,0,0,0
756345805069500 D 296,1757630339,1000,1553,1553,2.3822722,-0.00840,-1,-1,-1,0,0,0,136,1,1,0,0.0000000,0.0000000,0.0000000,0,0,0,0
756345806042625 D 297,1757631339,1000,1553,1553,2.3822722,-0.00807,-1,-1,-1,0,0,0,136,1,1,0,0.0000000,0.0000000,0.0000000,0,0,0,0
756345807059625 D 298,1757632339,1000,1553,1553,2.3822722,-0.00775,-1,-1,-1,0,0,0,136,1,1,0,0.0000000,0.0000000,0.0000000,0,0,0,0
756345808064583 D 299,1757633339,1000,1553,1553,2.3822722,-0.00745,-1,-1,-1,0,0,0,136,1,1,0,0.0000000,0.0000000,0.0000000,0,0,0,0
756345809038291 D 300,1757634339,1000,1553,1553,2.3822722,-0.00716,-1,-1,-1,0,0,0,136,1,1,0,0.0000000,0.0000000,0.0000000,0,0,0,0
756345810040083 D 301,1757635339,1000,1553,1553,2.3822722,-0.00688,-1,-1,-1,0,0,0,135,1,1,0,0.0000000,0.0000000,0.0000000,0,0,0,0
756345811042666 D 302,1757636339,1000,1553,1553,2.3822722,-0.00661,-1,-1,-1,0,0,0,136,1,1,0,0.0000000,0.0000000,0.0000000,0,0,0,0
756345812079333 D 303,1757637339,1000,1553,1553,2.3822722,-0.00635,-1,-1,-1,0,0,0,136,1,1,0,0.0000000,0.0000000,0.0000000,0,0,0,0
756345813063666 D 304,1757638339,1000,1553,1553,2.3822722,-0.00610,-1,-1,-1,0,0,0,136,1,1,0,0.0000000,0.0000000,0.0000000,0,0,0,0
756345814056166 D 305,1757639339,1000,1553,1553,2.3822722,-0.00586,-1,-1,-1,0,0,0,136,1,1,0,0.0000000,0.0000000,0.0000000,0,0,0,0
756345815053083 D 306,1757640339,1000,1553,1553,2.3822722,-0.00563,-1,-1,-1,0,0,0,136,1,1,0,0.0000000,0.0000000,0.0000000,0,0,0,0
756345816086666 D 307,1757641339,1000,1553,1553,2.3822722,-0.00541,-1,-1,-1,0,0,0,136,1,1,0,0.0000000,0.0000000,0.0000000,0,0,0,0
756345817061000 D 308,1757642339,1000,1553,1553,2.3822722,-0.00520,-1,-1,-1,0,0,0,136,1,1,0,0.0000000,0.0000000,0.0000000,0,0,0,0
756345818083208 D 309,1757643339,1000,1553,1553,2.3822722,-0.00499,-1,-1,-1,0,0,0,136,1,1,0,0.0000000,0.0000000,0.0000000,0,0,0,0
756345819080916 D 310,1757644339,1000,1553,1553,2.3822722,-0.00480,-1,-1,-1,0,0,0,136,1,1,0,0.0000000,0.0000000,0.0000000,0,0,0,0
756345820101625 D 311,1757645339,1000,1553,1553,2.3822722,-0.00461,-1,-1,-1,0,0,0,136,1,1,0,0.0000000,0.0000000,0.0000000,0,0,0,0
756345821074250 D 312,1757646339,1000,1553,1553,2.3822722,-0.00443,-1,-1,-1,0,0,0,136,1,1,0,0.0000000,0.0000000,0.0000000,0,0,0,0
756345822106000 D 313,1757647339,1000,1553,1553,2.3822722,-0.00425,-1,-1,-1,0,0,0,136,1,1,0,0.0000000,0.0000000,0.0000000,0,0,0,0
756345823069625 D 314,1757648339,1000,1553,1553,2.3822722,-0.00409,-1,-1,-1,0,0,0,136,1,1,0,0.0000000,0.0000000,0.0000000,0,0,0,0
756345824072541 D 315,1757649339,1000,1553,1553,2.3822722,-0.00393,-1,-1,-1,0,0,0,136,1,1,0,0.0000000,0.0000000,0.0000000,0,0,0,0
756345825057750 D 316,1757650339,1000,1553,1553,2.3822722,-0.00377,-1,-1,-1,0,0,0,136,1,1,0,0.0000000,0.0000000,0.0000000,0,0,0,0
756345826053875 D 317,1757651339,1000,1553,1553,2.3822722,-0.00363,-1,-1,-1,0,0,0,136,1,1,0,0.0000000,0.0000000,0.0000000,0,0,0,0
756345827500750 D 318,1757652339,1000,1553,1553,2.3822722,-0.00348,39,128,2046,0,0,0,136,1,1,0,0.0000000,0.0000000,0.0000000,0,0,0,0
756345828128541 D 319,1757653339,1000,1553,1553,2.3822722,-0.00335,-1,-1,-1,0,0,0,136,1,1,0,0.0000000,0.0000000,0.0000000,0,0,0,0
756345829060583 D 320,1757654339,1000,1553,1553,2.3822722,-0.00322,-1,-1,-1,0,0,0,136,1,1,0,0.0000000,0.0000000,0.0000000,0,0,0,0
756345830060500 D 321,1757655339,1000,1553,1553,2.3822722,-0.00309,-1,-1,-1,0,0,0,136,1,1,0,0.0000000,0.0000000,0.0000000,0,0,0,0
756345831052250 D 322,1757656339,1000,1553,1553,2.3822722,-0.00297,-1,-1,-1,0,0,0,136,1,1,0,0.0000000,0.0000000,0.0000000,0,0,0,0
756345832047416 D 323,1757657339,1000,1553,1553,2.3822722,-0.00285,-1,-1,-1,0,0,0,136,1,1,0,0.0000000,0.0000000,0.0000000,0,0,0,0
756345833063125 D 324,1757658339,1000,1553,1553,2.3822722,-0.00274,-1,-1,-1,0,0,0,136,1,1,0,0.0000000,0.0000000,0.0000000,0,0,0,0
756345834075375 D 325,1757659339,1000,1553,1553,2.3822722,-0.00263,-1,-1,-1,0,0,0,136,1,1,0,0.0000000,0.0000000,0.0000000,0,0,0,0
756345835076125 D 326,1757660339,1000,1554,1554,2.3838062,0.05762,-1,-1,-1,0,0,0,136,1,1,0,0.0000000,0.0000000,0.0000000,0,0,0,0
756345836300500 D 327,1757661339,1000,1553,1553,2.3822722,-0.00479,-1,-1,-1,0,0,0,136,1,1,0,0.0000000,0.0000000,0.0000000,0,0,0,0
756345837278791 D 328,1757662339,1000,1553,1553,2.3822722,-0.00460,-1,-1,-1,0,0,0,136,1,1,0,0.0000000,0.0000000,0.0000000,0,0,0,0
756345838226250 D 329,1757663339,1000,1553,1553,2.3822722,-0.00442,-1,-1,-1,0,0,0,136,1,1,0,0.0000000,0.0000000,0.0000000,0,0,0,0
756345839041958 D 330,1757664339,1000,1554,1554,2.3838062,0.05590,-1,-1,-1,0,0,0,136,1,1,0,0.0000000,0.0000000,0.0000000,0,0,0,0
756345840055708 D 331,1757665339,1000,1553,1553,2.3822722,-0.00644,-1,-1,-1,0,0,0,136,1,1,0,0.0000000,0.0000000,0.0000000,0,0,0,0
756345841060250 D 332,1757666339,1000,1553,1553,2.3822722,-0.00619,-1,-1,-1,0,0,0,136,1,1,0,0.0000000,0.0000000,0.0000000,0,0,0,0
756345842062750 D 333,1757667339,1000,1554,1554,2.3838062,0.05420,-1,-1,-1,0,0,0,136,1,1,0,0.0000000,0.0000000,0.0000000,0,0,0,0
756345843077291 D 334,1757668339,1000,1553,1553,2.3822722,-0.00807,-1,-1,-1,0,0,0,136,1,1,0,0.0000000,0.0000000,0.0000000,0,0,0,0
756345844086833 D 335,1757669339,1000,1553,1553,2.3822722,-0.00775,-1,-1,-1,0,0,0,136,1,1,0,0.0000000,0.0000000,0.0000000,0,0,0,0
756345845090666 D 336,1757670339,1000,1554,1554,2.3838062,0.05270,-1,-1,-1,0,0,0,136,1,1,0,0.0000000,0.0000000,0.0000000,0,0,0,0
756345846055916 D 337,1757671339,1000,1554,1554,2.3838062,0.05063,-1,-1,-1,0,0,0,136,1,1,0,0.0000000,0.0000000,0.0000000,0,0,0,0
756345847060250 D 338,1757672339,1000,1553,1553,2.3822722,-0.01150,-1,-1,-1,0,0,0,136,1,1,0,0.0000000,0.0000000,0.0000000,0,0,0,0
756345848070000 D 339,1757673339,1000,1554,1554,2.3838062,0.04910,-1,-1,-1,0,0,0,136,1,1,0,0.0000000,0.0000000,0.0000000,0,0,0,0
756345849054375 D 340,1757674339,1000,1553,1553,2.3822722,-0.01297,-1,-1,-1,0,0,0,136,1,1,0,0.0000000,0.0000000,0.0000000,0,0,0,0
756345850069375 D 341,1757675339,1000,1553,1553,2.3822722,-0.01247,-1,-1,-1,0,0,0,136,1,1,0,0.0000000,0.0000000,0.0000000,0,0,0,0
756345851123000 D 342,1757676339,1000,1553,1553,2.3822722,-0.01198,-1,-1,-1,0,0,0,136,1,1,0,0.0000000,0.0000000,0.0000000,0,0,0,0
756345852106208 D 343,1757677339,1000,1553,1553,2.3822722,-0.01151,-1,-1,-1,0,0,0,135,1,1,0,0.0000000,0.0000000,0.0000000,0,0,0,0
756345853076500 D 344,1757678339,1000,1554,1554,2.3838062,0.04909,-1,-1,-1,0,0,0,136,1,1,0,0.0000000,0.0000000,0.0000000,0,0,0,0
756345854086916 D 345,1757679339,1000,1553,1553,2.3822722,-0.01298,-1,-1,-1,0,0,0,136,1,1,0,0.0000000,0.0000000,0.0000000,0,0,0,0
756345855075541 D 346,1757680339,1000,1553,1553,2.3822722,-0.01247,-1,-1,-1,0,0,0,136,1,1,0,0.0000000,0.0000000,0.0000000,0,0,0,0
756345856069208 D 347,1757681339,1000,1553,1553,2.3822722,-0.01198,-1,-1,-1,0,0,0,136,1,1,0,0.0000000,0.0000000,0.0000000,0,0,0,0
756345857077458 D 348,1757682339,1000,1553,1553,2.3822722,-0.01151,-1,-1,-1,0,0,0,136,1,1,0,0.0000000,0.0000000,0.0000000,0,0,0,0
756345858067250 D 349,1757683339,1000,1553,1553,2.3822722,-0.01106,-1,-1,-1,0,0,0,136,1,1,0,0.0000000,0.0000000,0.0000000,0,0,0,0
756345859055750 D 350,1757684339,1000,1553,1553,2.3822722,-0.01063,-1,-1,-1,0,0,0,136,1,1,0,0.0000000,0.0000000,0.0000000,0,0,0,0
756345860060583 D 351,1757685339,1000,1553,1553,2.3822722,-0.01021,-1,-1,-1,0,0,0,136,1,1,0,0.0000000,0.0000000,0.0000000,0,0,0,0
756345861055916 D 352,1757686339,1000,1553,1553,2.3822722,-0.00981,-1,-1,-1,0,0,0,136,1,1,0,0.0000000,0.0000000,0.0000000,0,0,0,0
756345862059458 D 353,1757687339,1000,1553,1553,2.3822722,-0.00943,-1,-1,-1,0,0,0,136,1,1,0,0.0000000,0.0000000,0.0000000,0,0,0,0
756345863051666 D 354,1757688339,1000,1553,1553,2.3822722,-0.00906,-1,-1,-1,0,0,0,136,1,1,0,0.0000000,0.0000000,0.0000000,0,0,0,0
756345864048791 D 355,1757689339,1000,1553,1553,2.3822722,-0.00870,-1,-1,-1,0,0,0,136,1,1,0,0.0000000,0.0000000,0.0000000,0,0,0,0
756345865285375 D 356,1757690339,1000,1553,1553,2.3822722,-0.00836,-1,-1,-1,0,0,0,136,1,1,0,0.0000000,0.0000000,0.0000000,0,0,0,0
756345866292875 D 357,1757691339,1000,1553,1553,2.3822722,-0.00803,-1,-1,-1,0,0,0,136,1,1,0,0.0000000,0.0000000,0.0000000,0,0,0,0
756345867313333 D 358,1757692339,1000,1553,1553,2.3822722,-0.00772,-1,-1,-1,0,0,0,136,1,1,0,0.0000000,0.0000000,0.0000000,0,0,0,0
756345868150666 D 359,1757693339,1000,1553,1553,2.3822722,-0.00742,-1,-1,-1,0,0,0,136,1,1,0,0.0000000,0.0000000,0.0000000,0,0,0,0
756345869058000 D 360,1757694339,1000,1553,1553,2.3822722,-0.00712,-1,-1,-1,0,0,0,136,1,1,0,0.0000000,0.0000000,0.0000000,0,0,0,0
756345870078875 D 361,1757695339,1000,1553,1553,2.3822722,-0.00684,-1,-1,-1,0,0,0,136,1,1,0,0.0000000,0.0000000,0.0000000,0,0,0,0
756345871050958 D 362,1757696339,1000,1553,1553,2.3822722,-0.00658,-1,-1,-1,0,0,0,136,1,1,0,0.0000000,0.0000000,0.0000000,0,0,0,0
756345872049791 D 363,1757697339,1000,1554,1554,2.3838062,0.05383,-1,-1,-1,0,0,0,136,1,1,0,0.0000000,0.0000000,0.0000000,0,0,0,0
756345873061625 D 364,1757698339,1000,1553,1553,2.3822722,-0.00843,-1,-1,-1,0,0,0,136,1,1,0,0.0000000,0.0000000,0.0000000,0,0,0,0
756345874077708 D 365,1757699339,1000,1553,1553,2.3822722,-0.00810,-1,-1,-1,0,0,0,136,1,1,0,0.0000000,0.0000000,0.0000000,0,0,0,0
756345875076833 D 366,1757700339,1000,1553,1553,2.3822722,-0.00778,-1,-1,-1,0,0,0,136,1,1,0,0.0000000,0.0000000,0.0000000,0,0,0,0
756345876139666 D 367,1757701339,1000,1553,1553,2.3822722,-0.00748,-1,-1,-1,0,0,0,136,1,1,0,0.0000000,0.0000000,0.0000000,0,0,0,0
756345877505916 D 368,1757702339,1000,1553,1553,2.3822722,-0.00718,39,128,2047,0,0,0,136,1,1,0,0.0000000,0.0000000,0.0000000,0,0,0,0
756345878131208 D 369,1757703339,1000,1553,1553,2.3822722,-0.00690,-1,-1,-1,0,0,0,136,1,1,0,0.0000000,0.0000000,0.0000000,0,0,0,0
756345879076041 D 370,1757704339,1000,1553,1553,2.3822722,-0.00663,-1,-1,-1,0,0,0,136,1,1,0,0.0000000,0.0000000,0.0000000,0,0,0,0
756345880069000 D 371,1757705339,1000,1553,1553,2.3822722,-0.00637,-1,-1,-1,0,0,0,136,1,1,0,0.0000000,0.0000000,0.0000000,0,0,0,0
756345881059750 D 372,1757706339,1000,1554,1554,2.3838062,0.05403,-1,-1,-1,0,0,0,136,1,1,0,0.0000000,0.0000000,0.0000000,0,0,0,0
756345882083625 D 373,1757707339,1000,1553,1553,2.3822722,-0.00824,-1,-1,-1,0,0,0,136,1,1,0,0.0000000,0.0000000,0.0000000,0,0,0,0
756345883075041 D 374,1757708339,1000,1553,1553,2.3822722,-0.00792,-1,-1,-1,0,0,0,136,1,1,0,0.0000000,0.0000000,0.0000000,0,0,0,0
756345884041208 D 375,1757709339,1000,1553,1553,2.3822722,-0.00761,-1,-1,-1,0,0,0,136,1,1,0,0.0000000,0.0000000,0.0000000,0,0,0,0
756345885064541 D 376,1757710339,1000,1553,1553,2.3822722,-0.00731,-1,-1,-1,0,0,0,136,1,1,0,0.0000000,0.0000000,0.0000000,0,0,0,0
756345886055875 D 377,1757711339,1000,1553,1553,2.3822722,-0.00702,-1,-1,-1,0,0,0,136,1,1,0,0.0000000,0.0000000,0.0000000,0,0,0,0
756345887052750 D 378,1757712339,1000,1554,1554,2.3838062,0.05340,-1,-1,-1,0,0,0,136,1,1,0,0.0000000,0.0000000,0.0000000,0,0,0,0
756345888045666 D 379,1757713339,1000,1553,1553,2.3822722,-0.00884,-1,-1,-1,0,0,0,136,1,1,0,0.0000000,0.0000000,0.0000000,0,0,0,0
756345889056250 D 380,1757714339,1000,1553,1553,2.3822722,-0.00849,-1,-1,-1,0,0,0,136,1,1,0,0.0000000,0.0000000,0.0000000,0,0,0,0
756345890045041 D 381,1757715339,1000,1553,1553,2.3822722,-0.00816,-1,-1,-1,0,0,0,136,1,1,0,0.0000000,0.0000000,0.0000000,0,0,0,0
756345891070958 D 382,1757716339,1000,1553,1553,2.3822722,-0.00784,-1,-1,-1,0,0,0,136,1,1,0,0.0000000,0.0000000,0.0000000,0,0,0,0
756345892040916 D 383,1757717339,1000,1553,1553,2.3822722,-0.00753,-1,-1,-1,0,0,0,136,1,1,0,0.0000000,0.0000000,0.0000000,0,0,0,0
756345893059583 D 384,1757718339,1000,1553,1553,2.3822722,-0.00724,-1,-1,-1,0,0,0,136,1,1,0,0.0000000,0.0000000,0.0000000,0,0,0,0
756345894036291 D 385,1757719339,1000,1554,1554,2.3838062,0.05319,-1,-1,-1,0,0,0,136,1,1,0,0.0000000,0.0000000,0.0000000,0,0,0,0
756345895288375 D 386,1757720339,1000,1553,1553,2.3822722,-0.00904,-1,-1,-1,0,0,0,136,1,1,0,0.0000000,0.0000000,0.0000000,0,0,0,0
756345896274458 D 387,1757721339,1000,1553,1553,2.3822722,-0.00868,-1,-1,-1,0,0,0,136,1,1,0,0.0000000,0.0000000,0.0000000,0,0,0,0
756345897285125 D 388,1757722339,1000,1553,1553,2.3822722,-0.00834,-1,-1,-1,0,0,0,136,1,1,0,0.0000000,0.0000000,0.0000000,0,0,0,0
756345898051458 D 389,1757723339,1000,1553,1553,2.3822722,-0.00802,-1,-1,-1,0,0,0,136,1,1,0,0.0000000,0.0000000,0.0000000,0,0,0,0
756345899070583 D 390,1757724339,1000,1553,1553,2.3822722,-0.00770,-1,-1,-1,0,0,0,136,1,1,0,0.0000000,0.0000000,0.0000000,0,0,0,0
756345900057125 D 391,1757725339,1000,1553,1553,2.3822722,-0.00740,-1,-1,-1,0,0,0,136,1,1,0,0.0000000,0.0000000,0.0000000,0,0,0,0
756345901063000 D 392,1757726339,1000,1553,1553,2.3822722,-0.00711,-1,-1,-1,0,0,0,136,1,1,0,0.0000000,0.0000000,0.0000000,0,0,0,0
756345902064250 D 393,1757727339,1000,1553,1553,2.3822722,-0.00683,-1,-1,-1,0,0,0,136,1,1,0,0.0000000,0.0000000,0.0000000,0,0,0,0
756345903062708 D 394,1757728339,1000,1553,1553,2.3822722,-0.00656,-1,-1,-1,0,0,0,136,1,1,0,0.0000000,0.0000000,0.0000000,0,0,0,0
756345904050708 D 395,1757729339,1000,1554,1554,2.3838062,0.05384,-1,-1,-1,0,0,0,136,1,1,0,0.0000000,0.0000000,0.0000000,0,0,0,0
756345905056375 D 396,1757730339,1000,1553,1553,2.3822722,-0.00842,-1,-1,-1,0,0,0,136,1,1,0,0.0000000,0.0000000,0.0000000,0,0,0,0
756345906059333 D 397,1757731339,1000,1553,1553,2.3822722,-0.00809,-1,-1,-1,0,0,0,136,1,1,0,0.0000000,0.0000000,0.0000000,0,0,0,0
756345907056875 D 398,1757732339,1000,1554,1554,2.3838062,0.05238,-1,-1,-1,0,0,0,136,1,1,0,0.0000000,0.0000000,0.0000000,0,0,0,0
756345908061708 D 399,1757733339,1000,1553,1553,2.3822722,-0.00982,-1,-1,-1,0,0,0,136,1,1,0,0.0000000,0.0000000,0.0000000,0,0,0,0
756345909061000 D 400,1757734339,1000,1554,1554,2.3838062,0.05071,-1,-1,-1,0,0,0,136,1,1,0,0.0000000,0.0000000,0.0000000,0,0,0,0
756345910045083 D 401,1757735339,1000,1554,1554,2.3838062,0.04872,-1,-1,-1,0,0,0,136,1,1,0,0.0000000,0.0000000,0.0000000,0,0,0,0
756345911051500 D 402,1757736339,1000,1553,1553,2.3822722,-0.01334,-1,-1,-1,0,0,0,136,1,1,0,0.0000000,0.0000000,0.0000000,0,0,0,0
756345912048958 D 403,1757737339,1000,1553,1553,2.3822722,-0.01281,-1,-1,-1,0,0,0,136,1,1,0,0.0000000,0.0000000,0.0000000,0,0,0,0
756345913042375 D 404,1757738339,1000,1553,1553,2.3822722,-0.01231,-1,-1,-1,0,0,0,136,1,1,0,0.0000000,0.0000000,0.0000000,0,0,0,0
756345914048000 D 405,1757739339,1000,1554,1554,2.3838062,0.04832,-1,-1,-1,0,0,0,136,1,1,0,0.0000000,0.0000000,0.0000000,0,0,0,0
756345915064041 D 406,1757740339,1000,1553,1553,2.3822722,-0.01372,-1,-1,-1,0,0,0,136,1,1,0,0.0000000,0.0000000,0.0000000,0,0,0,0
756345916053000 D 407,1757741339,1000,1554,1554,2.3838062,0.04696,-1,-1,-1,0,0,0,136,1,1,0,0.0000000,0.0000000,0.0000000,0,0,0,0
756345917055583 D 408,1757742339,1000,1553,1553,2.3822722,-0.01503,-1,-1,-1,0,0,0,136,1,1,0,0.0000000,0.0000000,0.0000000,0,0,0,0
756345918057916 D 409,1757743339,1000,1553,1553,2.3822722,-0.01444,-1,-1,-1,0,0,0,136,1,1,0,0.0000000,0.0000000,0.0000000,0,0,0,0
756345919059625 D 410,1757744339,1000,1553,1553,2.3822722,-0.01387,-1,-1,-1,0,0,0,136,1,1,0,0.0000000,0.0000000,0.0000000,0,0,0,0
756345920071458 D 411,1757745339,1000,1553,1553,2.3822722,-0.01333,-1,-1,-1,0,0,0,136,1,1,0,0.0000000,0.0000000,0.0000000,0,0,0,0
756345921070458 D 412,1757746339,1000,1553,1553,2.3822722,-0.01281,-1,-1,-1,0,0,0,136,1,1,0,0.0000000,0.0000000,0.0000000,0,0,0,0
756345922065416 D 413,1757747339,1000,1553,1553,2.3822722,-0.01230,-1,-1,-1,0,0,0,136,1,1,0,0.0000000,0.0000000,0.0000000,0,0,0,0
756345923059291 D 414,1757748339,1000,1553,1553,2.3822722,-0.01182,-1,-1,-1,0,0,0,136,1,1,0,0.0000000,0.0000000,0.0000000,0,0,0,0
756345924062250 D 415,1757749339,1000,1553,1553,2.3822722,-0.01136,-1,-1,-1,0,0,0,136,1,1,0,0.0000000,0.0000000,0.0000000,0,0,0,0
756345925277833 D 416,1757750339,1000,1553,1553,2.3822722,-0.01091,-1,-1,-1,0,0,0,136,1,1,0,0.0000000,0.0000000,0.0000000,0,0,0,0
756345926278541 D 417,1757751339,1000,1553,1553,2.3822722,-0.01048,-1,-1,-1,0,0,0,136,1,1,0,0.0000000,0.0000000,0.0000000,0,0,0,0
756345927676958 D 418,1757752339,1000,1553,1553,2.3822722,-0.01007,39,128,2046,0,0,0,136,1,1,0,0.0000000,0.0000000,0.0000000,0,0,0,0
756345928522500 D 419,1757753339,1000,1553,1553,2.3822722,-0.00968,-1,-1,-1,0,0,0,136,1,1,0,0.0000000,0.0000000,0.0000000,0,0,0,0
756345929275041 D 420,1757754339,1000,1553,1553,2.3822722,-0.00930,-1,-1,-1,0,0,0,136,1,1,0,0.0000000,0.0000000,0.0000000,0,0,0,0
756345930062000 D 421,1757755339,1000,1553,1553,2.3822722,-0.00893,-1,-1,-1,0,0,0,136,1,1,0,0.0000000,0.0000000,0.0000000,0,0,0,0
756345931050500 D 422,1757756339,1000,1554,1554,2.3838062,0.05156,-1,-1,-1,0,0,0,136,1,1,0,0.0000000,0.0000000,0.0000000,0,0,0,0
756345932053458 D 423,1757757339,1000,1553,1553,2.3822722,-0.01061,-1,-1,-1,0,0,0,136,1,1,0,0.0000000,0.0000000,0.0000000,0,0,0,0
756345933047916 D 424,1757758339,1000,1553,1553,2.3822722,-0.01019,-1,-1,-1,0,0,0,136,1,1,0,0.0000000,0.0000000,0.0000000,0,0,0,0
756345934083625 D 425,1757759339,1000,1553,1553,2.3822722,-0.00979,-1,-1,-1,0,0,0,136,1,1,0,0.0000000,0.0000000,0.0000000,0,0,0,0
756345935067583 D 426,1757760339,1000,1553,1553,2.3822722,-0.00941,-1,-1,-1,0,0,0,136,1,1,0,0.0000000,0.0000000,0.0000000,0,0,0,0
756345936052750 D 427,1757761339,1000,1553,1553,2.3822722,-0.00904,-1,-1,-1,0,0,0,136,1,1,0,0.0000000,0.0000000,0.0000000,0,0,0,0
756345937051833 D 428,1757762339,1000,1553,1553,2.3822722,-0.00868,-1,-1,-1,0,0,0,136,1,1,0,0.0000000,0.0000000,0.0000000,0,0,0,0
756345938053583 D 429,1757763339,1000,1554,1554,2.3838062,0.05181,-1,-1,-1,0,0,0,136,1,1,0,0.0000000,0.0000000,0.0000000,0,0,0,0
756345939068458 D 430,1757764339,1000,1553,1553,2.3822722,-0.01037,-1,-1,-1,0,0,0,136,1,1,0,0.0000000,0.0000000,0.0000000,0,0,0,0
756345940059125 D 431,1757765339,1000,1553,1553,2.3822722,-0.00997,-1,-1,-1,0,0,0,136,1,1,0,0.0000000,0.0000000,0.0000000,0,0,0,0
756345941060125 D 432,1757766339,1000,1553,1553,2.3822722,-0.00958,-1,-1,-1,0,0,0,136,1,1,0,0.0000000,0.0000000,0.0000000,0,0,0,0
756345942056333 D 433,1757767339,1000,1553,1553,2.3822722,-0.00920,-1,-1,-1,0,0,0,136,1,1,0,0.0000000,0.0000000,0.0000000,0,0,0,0
756345943047750 D 434,1757768339,1000,1554,1554,2.3838062,0.05131,-1,-1,-1,0,0,0,136,1,1,0,0.0000000,0.0000000,0.0000000,0,0,0,0
756345944089291 D 435,1757769339,1000,1553,1553,2.3822722,-0.01085,-1,-1,-1,0,0,0,136,1,1,0,0.0000000,0.0000000,0.0000000,0,0,0,0
756345945154500 D 436,1757770339,1000,1553,1553,2.3822722,-0.01043,-1,-1,-1,0,0,0,136,1,1,0,0.0000000,0.0000000,0.0000000,0,0,0,0
756345946117625 D 437,1757771339,1000,1553,1553,2.3822722,-0.01002,-1,-1,-1,0,0,0,136,1,1,0,0.0000000,0.0000000,0.0000000,0,0,0,0
756345947116625 D 438,1757772339,1000,1553,1553,2.3822722,-0.00962,-1,-1,-1,0,0,0,136,1,1,0,0.0000000,0.0000000,0.0000000,0,0,0,0
756345948074958 D 439,1757773339,1000,1554,1554,2.3838062,0.05090,-1,-1,-1,0,0,0,136,1,1,0,0.0000000,0.0000000,0.0000000,0,0,0,0
756345949127166 D 440,1757774339,1000,1553,1553,2.3822722,-0.01124,-1,-1,-1,0,0,0,136,1,1,0,0.0000000,0.0000000,0.0000000,0,0,0,0
756345950078208 D 441,1757775339,1000,1553,1553,2.3822722,-0.01080,-1,-1,-1,0,0,0,136,1,1,0,0.0000000,0.0000000,0.0000000,0,0,0,0
756345951073750 D 442,1757776339,1000,1553,1553,2.3822722,-0.01038,-1,-1,-1,0,0,0,136,1,1,0,0.0000000,0.0000000,0.0000000,0,0,0,0
756345952061333 D 443,1757777339,1000,1553,1553,2.3822722,-0.00997,-1,-1,-1,0,0,0,136,1,1,0,0.0000000,0.0000000,0.0000000,0,0,0,0
756345953056666 D 444,1757778339,1000,1554,1554,2.3838062,0.05057,-1,-1,-1,0,0,0,136,1,1,0,0.0000000,0.0000000,0.0000000,0,0,0,0
756345954290625 D 445,1757779339,1000,1553,1553,2.3822722,-0.01156,-1,-1,-1,0,0,0,136,1,1,0,0.0000000,0.0000000,0.0000000,0,0,0,0
756345955278750 D 446,1757780339,1000,1553,1553,2.3822722,-0.01111,-1,-1,-1,0,0,0,136,1,1,0,0.0000000,0.0000000,0.0000000,0,0,0,0
756345956286000 D 447,1757781339,1000,1553,1553,2.3822722,-0.01067,-1,-1,-1,0,0,0,136,1,1,0,0.0000000,0.0000000,0.0000000,0,0,0,0
756345957098500 D 448,1757782339,1000,1553,1553,2.3822722,-0.01026,-1,-1,-1,0,0,0,136,1,1,0,0.0000000,0.0000000,0.0000000,0,0,0,0
756345958061833 D 449,1757783339,1000,1554,1554,2.3838062,0.05029,-1,-1,-1,0,0,0,136,1,1,0,0.0000000,0.0000000,0.0000000,0,0,0,0
756345959056458 D 450,1757784339,1000,1553,1553,2.3822722,-0.01183,-1,-1,-1,0,0,0,136,1,1,0,0.0000000,0.0000000,0.0000000,0,0,0,0
756345960055000 D 451,1757785339,1000,1553,1553,2.3822722,-0.01136,-1,-1,-1,0,0,0,136,1,1,0,0.0000000,0.0000000,0.0000000,0,0,0,0
756345961140625 D 452,1757786339,1000,1553,1553,2.3822722,-0.01092,-1,-1,-1,0,0,0,136,1,1,0,0.0000000,0.0000000,0.0000000,0,0,0,0
756345962116000 D 453,1757787339,1000,1553,1553,2.3822722,-0.01049,-1,-1,-1,0,0,0,136,1,1,0,0.0000000,0.0000000,0.0000000,0,0,0,0
756345963064958 D 454,1757788339,1000,1553,1553,2.3822722,-0.01008,-1,-1,-1,0,0,0,136,1,1,0,0.0000000,0.0000000,0.0000000,0,0,0,0
756345964061500 D 455,1757789339,1000,1553,1553,2.3822722,-0.00968,-1,-1,-1,0,0,0,136,1,1,0,0.0000000,0.0000000,0.0000000,0,0,0,0
756345965057333 D 456,1757790339,1000,1553,1553,2.3822722,-0.00930,-1,-1,-1,0,0,0,136,1,1,0,0.0000000,0.0000000,0.0000000,0,0,0,0
756345966061041 D 457,1757791339,1000,1553,1553,2.3822722,-0.00894,-1,-1,-1,0,0,0,136,1,1,0,0.0000000,0.0000000,0.0000000,0,0,0,0
756345967041666 D 458,1757792339,1000,1553,1553,2.3822722,-0.00859,-1,-1,-1,0,0,0,136,1,1,0,0.0000000,0.0000000,0.0000000,0,0,0,0
756345968051750 D 459,1757793339,1000,1554,1554,2.3838062,0.05190,-1,-1,-1,0,0,0,136,1,1,0,0.0000000,0.0000000,0.0000000,0,0,0,0
756345969135541 D 460,1757794339,1000,1553,1553,2.3822722,-0.01029,-1,-1,-1,0,0,0,136,1,1,0,0.0000000,0.0000000,0.0000000,0,0,0,0
756345970073666 D 461,1757795339,1000,1553,1553,2.3822722,-0.00988,-1,-1,-1,0,0,0,136,1,1,0,0.0000000,0.0000000,0.0000000,0,0,0,0
756345971073750 D 462,1757796339,1000,1553,1553,2.3822722,-0.00949,-1,-1,-1,0,0,0,136,1,1,0,0.0000000,0.0000000,0.0000000,0,0,0,0
756345972072041 D 463,1757797339,1000,1553,1553,2.3822722,-0.00912,-1,-1,-1,0,0,0,136,1,1,0,0.0000000,0.0000000,0.0000000,0,0,0,0
756345973076833 D 464,1757798339,1000,1553,1553,2.3822722,-0.00876,-1,-1,-1,0,0,0,136,1,1,0,0.0000000,0.0000000,0.0000000,0,0,0,0
756345974082750 D 465,1757799339,1000,1553,1553,2.3822722,-0.00842,-1,-1,-1,0,0,0,136,1,1,0,0.0000000,0.0000000,0.0000000,0,0,0,0
756345975077125 D 466,1757800339,1000,1553,1553,2.3822722,-0.00809,-1,-1,-1,0,0,0,136,1,1,0,0.0000000,0.0000000,0.0000000,0,0,0,0
756345976102583 D 467,1757801339,1000,1553,1553,2.3822722,-0.00777,-1,-1,-1,0,0,0,136,1,1,0,0.0000000,0.0000000,0.0000000,0,0,0,0
756345977452000 D 468,1757802339,1000,1553,1553,2.3822722,-0.00747,39,128,2047,0,0,0,136,1,1,0,0.0000000,0.0000000,0.0000000,0,0,0,0
756345978068541 D 469,1757803339,1000,1553,1553,2.3822722,-0.00718,-1,-1,-1,0,0,0,136,1,1,0,0.0000000,0.0000000,0.0000000,0,0,0,0
756345979059166 D 470,1757804339,1000,1554,1554,2.3838062,0.05325,-1,-1,-1,0,0,0,136,1,1,0,0.0000000,0.0000000,0.0000000,0,0,0,0
756345980054541 D 471,1757805339,1000,1553,1553,2.3822722,-0.00898,-1,-1,-1,0,0,0,136,1,1,0,0.0000000,0.0000000,0.0000000,0,0,0,0
756345981060250 D 472,1757806339,1000,1553,1553,2.3822722,-0.00863,-1,-1,-1,0,0,0,136,1,1,0,0.0000000,0.0000000,0.0000000,0,0,0,0
756345982056500 D 473,1757807339,1000,1553,1553,2.3822722,-0.00829,-1,-1,-1,0,0,0,136,1,1,0,0.0000000,0.0000000,0.0000000,0,0,0,0
756345983049500 D 474,1757808339,1000,1553,1553,2.3822722,-0.00797,-1,-1,-1,0,0,0,136,1,1,0,0.0000000,0.0000000,0.0000000,0,0,0,0
756345984283625 D 475,1757809339,1000,1553,1553,2.3822722,-0.00765,-1,-1,-1,0,0,0,136,1,1,0,0.0000000,0.0000000,0.0000000,0,0,0,0
756345985276166 D 476,1757810339,1000,1554,1554,2.3838062,0.05279,-1,-1,-1,0,0,0,136,1,1,0,0.0000000,0.0000000,0.0000000,0,0,0,0
756345986254750 D 477,1757811339,1000,1554,1554,2.3838062,0.05072,-1,-1,-1,0,0,0,136,1,1,0,0.0000000,0.0000000,0.0000000,0,0,0,0
756345987059916 D 478,1757812339,1000,1553,1553,2.3822722,-0.01141,-1,-1,-1,0,0,0,136,1,1,0,0.0000000,0.0000000,0.0000000,0,0,0,0
756345988161083 D 479,1757813339,1000,1553,1553,2.3822722,-0.01097,-1,-1,-1,0,0,0,136,1,1,0,0.0000000,0.0000000,0.0000000,0,0,0,0
756345989105708 D 480,1757814339,1000,1553,1553,2.3822722,-0.01054,-1,-1,-1,0,0,0,136,1,1,0,0.0000000,0.0000000,0.0000000,0,0,0,0
756345990130541 D 481,1757815339,1000,1553,1553,2.3822722,-0.01012,-1,-1,-1,0,0,0,136,1,1,0,0.0000000,0.0000000,0.0000000,0,0,0,0
756345991113000 D 482,1757816339,1000,1553,1553,2.3822722,-0.00973,-1,-1,-1,0,0,0,136,1,1,0,0.0000000,0.0000000,0.0000000,0,0,0,0
756345992096750 D 483,1757817339,1000,1553,1553,2.3822722,-0.00934,-1,-1,-1,0,0,0,135,1,1,0,0.0000000,0.0000000,0.0000000,0,0,0,0
756345993106708 D 484,1757818339,1000,1553,1553,2.3822722,-0.00898,-1,-1,-1,0,0,0,136,1,1,0,0.0000000,0.0000000,0.0000000,0,0,0,0
756345994100000 D 485,1757819339,1000,1553,1553,2.3822722,-0.00863,-1,-1,-1,0,0,0,136,1,1,0,0.0000000,0.0000000,0.0000000,0,0,0,0
756345995195083 D 486,1757820339,1000,1553,1553,2.3822722,-0.00829,-1,-1,-1,0,0,0,136,1,1,0,0.0000000,0.0000000,0.0000000,0,0,0,0
756345996256458 D 487,1757821339,1000,1553,1553,2.3822722,-0.00796,-1,-1,-1,0,0,0,136,1,1,0,0.0000000,0.0000000,0.0000000,0,0,0,0
756345997170708 D 488,1757822339,1000,1553,1553,2.3822722,-0.00765,-1,-1,-1,0,0,0,136,1,1,0,0.0000000,0.0000000,0.0000000,0,0,0,0
756345998116958 D 489,1757823339,1000,1553,1553,2.3822722,-0.00735,-1,-1,-1,0,0,0,136,1,1,0,0.0000000,0.0000000,0.0000000,0,0,0,0
756345999082333 D 490,1757824339,1000,1553,1553,2.3822722,-0.00706,-1,-1,-1,0,0,0,136,1,1,0,0.0000000,0.0000000,0.0000000,0,0,0,0
756346000143583 D 491,1757825339,1000,1553,1553,2.3822722,-0.00679,-1,-1,-1,0,0,0,136,1,1,0,0.0000000,0.0000000,0.0000000,0,0,0,0
756346001091416 D 492,1757826339,1000,1553,1553,2.3822722,-0.00652,-1,-1,-1,0,0,0,136,1,1,0,0.0000000,0.0000000,0.0000000,0,0,0,0
756346002129708 D 493,1757827339,1000,1553,1553,2.3822722,-0.00626,-1,-1,-1,0,0,0,136,1,1,0,0.0000000,0.0000000,0.0000000,0,0,0,0
756346003136333 D 494,1757828339,1000,1553,1553,2.3822722,-0.00602,-1,-1,-1,0,0,0,136,1,1,0,0.0000000,0.0000000,0.0000000,0,0,0,0
756346004126000 D 495,1757829339,1000,1553,1553,2.3822722,-0.00578,-1,-1,-1,0,0,0,136,1,1,0,0.0000000,0.0000000,0.0000000,0,0,0,0
756346005092333 D 496,1757830339,1000,1553,1553,2.3822722,-0.00556,-1,-1,-1,0,0,0,136,1,1,0,0.0000000,0.0000000,0.0000000,0,0,0,0
756346006114625 D 497,1757831339,1000,1553,1553,2.3822722,-0.00534,-1,-1,-1,0,0,0,136,1,1,0,0.0000000,0.0000000,0.0000000,0,0,0,0
756346007122750 D 498,1757832339,1000,1553,1553,2.3822722,-0.00513,-1,-1,-1,0,0,0,136,1,1,0,0.0000000,0.0000000,0.0000000,0,0,0,0
756346008133750 D 499,1757833339,1000,1553,1553,2.3822722,-0.00493,-1,-1,-1,0,0,0,136,1,1,0,0.0000000,0.0000000,0.0000000,0,0,0,0
756346009095583 D 500,1757834339,1000,1553,1553,2.3822722,-0.00473,-1,-1,-1,0,0,0,136,1,1,0,0.0000000,0.0000000,0.0000000,0,0,0,0
756346010078750 D 501,1757835339,1000,1553,1553,2.3822722,-0.00455,-1,-1,-1,0,0,0,136,1,1,0,0.0000000,0.0000000,0.0000000,0,0,0,0
756346011076291 D 502,1757836339,1000,1553,1553,2.3822722,-0.00437,-1,-1,-1,0,0,0,136,1,1,0,0.0000000,0.0000000,0.0000000,0,0,0,0
756346012067583 D 503,1757837339,1000,1553,1553,2.3822722,-0.00420,-1,-1,-1,0,0,0,136,1,1,0,0.0000000,0.0000000,0.0000000,0,0,0,0
756346013068250 D 504,1757838339,1000,1554,1554,2.3838062,0.05611,-1,-1,-1,0,0,0,136,1,1,0,0.0000000,0.0000000,0.0000000,0,0,0,0
756346014101500 D 505,1757839339,1000,1553,1553,2.3822722,-0.00623,-1,-1,-1,0,0,0,136,1,1,0,0.0000000,0.0000000,0.0000000,0,0,0,0
756346015077083 D 506,1757840339,1000,1553,1553,2.3822722,-0.00599,-1,-1,-1,0,0,0,136,1,1,0,0.0000000,0.0000000,0.0000000,0,0,0,0
756346016059041 D 507,1757841339,1000,1553,1553,2.3822722,-0.00576,-1,-1,-1,0,0,0,136,1,1,0,0.0000000,0.0000000,0.0000000,0,0,0,0
756346017065833 D 508,1757842339,1000,1553,1553,2.3822722,-0.00553,-1,-1,-1,0,0,0,136,1,1,0,0.0000000,0.0000000,0.0000000,0,0,0,0
756346018053666 D 509,1757843339,1000,1553,1553,2.3822722,-0.00531,-1,-1,-1,0,0,0,136,1,1,0,0.0000000,0.0000000,0.0000000,0,0,0,0
756346019098458 D 510,1757844339,1000,1553,1553,2.3822722,-0.00510,-1,-1,-1,0,0,0,136,1,1,0,0.0000000,0.0000000,0.0000000,0,0,0,0
756346020140666 D 511,1757845339,1000,1553,1553,2.3822722,-0.00490,-1,-1,-1,0,0,0,136,1,1,0,0.0000000,0.0000000,0.0000000,0,0,0,0
756346021082000 D 512,1757846339,1000,1553,1553,2.3822722,-0.00471,-1,-1,-1,0,0,0,136,1,1,0,0.0000000,0.0000000,0.0000000,0,0,0,0
756346022075250 D 513,1757847339,1000,1553,1553,2.3822722,-0.00453,-1,-1,-1,0,0,0,136,1,1,0,0.0000000,0.0000000,0.0000000,0,0,0,0
756346023067375 D 514,1757848339,1000,1553,1553,2.3822722,-0.00435,-1,-1,-1,0,0,0,136,1,1,0,0.0000000,0.0000000,0.0000000,0,0,0,0
756346024122875 D 515,1757849339,1000,1553,1553,2.3822722,-0.00418,-1,-1,-1,0,0,0,136,1,1,0,0.0000000,0.0000000,0.0000000,0,0,0,0
756346025096166 D 516,1757850339,1000,1553,1553,2.3822722,-0.00402,-1,-1,-1,0,0,0,136,1,1,0,0.0000000,0.0000000,0.0000000,0,0,0,0
756346026076583 D 517,1757851339,1000,1553,1553,2.3822722,-0.00386,-1,-1,-1,0,0,0,136,1,1,0,0.0000000,0.0000000,0.0000000,0,0,0,0
756346027510333 D 518,1757852339,1000,1553,1553,2.3822722,-0.00371,39,128,2047,0,0,0,136,1,1,0,0.0000000,0.0000000,0.0000000,0,0,0,0
756346028145916 D 519,1757853339,1000,1553,1553,2.3822722,-0.00356,-1,-1,-1,0,0,0,136,1,1,0,0.0000000,0.0000000,0.0000000,0,0,0,0
756346029067166 D 520,1757854339,1000,1553,1553,2.3822722,-0.00342,-1,-1,-1,0,0,0,136,1,1,0,0.0000000,0.0000000,0.0000000,0,0,0,0
756346030067041 D 521,1757855339,1000,1553,1553,2.3822722,-0.00329,-1,-1,-1,0,0,0,136,1,1,0,0.0000000,0.0000000,0.0000000,0,0,0,0
756346031064458 D 522,1757856339,1000,1553,1553,2.3822722,-0.00316,-1,-1,-1,0,0,0,136,1,1,0,0.0000000,0.0000000,0.0000000,0,0,0,0
756346032072500 D 523,1757857339,1000,1553,1553,2.3822722,-0.00303,-1,-1,-1,0,0,0,136,1,1,0,0.0000000,0.0000000,0.0000000,0,0,0,0
756346033307041 D 524,1757858339,1000,1553,1553,2.3822722,-0.00292,-1,-1,-1,0,0,0,136,1,1,0,0.0000000,0.0000000,0.0000000,0,0,0,0
756346034278208 D 525,1757859339,1000,1553,1553,2.3822722,-0.00280,-1,-1,-1,0,0,0,136,1,1,0,0.0000000,0.0000000,0.0000000,0,0,0,0
756346035287083 D 526,1757860339,1000,1553,1553,2.3822722,-0.00269,-1,-1,-1,0,0,0,136,1,1,0,0.0000000,0.0000000,0.0000000,0,0,0,0
756346036133750 D 527,1757861339,1000,1553,1553,2.3822722,-0.00259,-1,-1,-1,0,0,0,136,1,1,0,0.0000000,0.0000000,0.0000000,0,0,0,0
756346037054833 D 528,1757862339,1000,1553,1553,2.3822722,-0.00248,-1,-1,-1,0,0,0,136,1,1,0,0.0000000,0.0000000,0.0000000,0,0,0,0
756346038067875 D 529,1757863339,1000,1553,1553,2.3822722,-0.00239,-1,-1,-1,0,0,0,136,1,1,0,0.0000000,0.0000000,0.0000000,0,0,0,0
756346039054708 D 530,1757864339,1000,1554,1554,2.3838062,0.05785,-1,-1,-1,0,0,0,136,1,1,0,0.0000000,0.0000000,0.0000000,0,0,0,0
756346040078125 D 531,1757865339,1000,1553,1553,2.3822722,-0.00456,-1,-1,-1,0,0,0,136,1,1,0,0.0000000,0.0000000,0.0000000,0,0,0,0
756346041069250 D 532,1757866339,1000,1553,1553,2.3822722,-0.00438,-1,-1,-1,0,0,0,136,1,1,0,0.0000000,0.0000000,0.0000000,0,0,0,0
756346042071208 D 533,1757867339,1000,1553,1553,2.3822722,-0.00421,-1,-1,-1,0,0,0,136,1,1,0,0.0000000,0.0000000,0.0000000,0,0,0,0
756346043055958 D 534,1757868339,1000,1553,1553,2.3822722,-0.00405,-1,-1,-1,0,0,0,136,1,1,0,0.0000000,0.0000000,0.0000000,0,0,0,0
756346044058916 D 535,1757869339,1000,1553,1553,2.3822722,-0.00389,-1,-1,-1,0,0,0,136,1,1,0,0.0000000,0.0000000,0.0000000,0,0,0,0
756346045087000 D 536,1757870339,1000,1553,1553,2.3822722,-0.00374,-1,-1,-1,0,0,0,136,1,1,0,0.0000000,0.0000000,0.0000000,0,0,0,0
756346046177625 D 537,1757871339,1000,1553,1553,2.3822722,-0.00359,-1,-1,-1,0,0,0,136,1,1,0,0.0000000,0.0000000,0.0000000,0,0,0,0
756346047134625 D 538,1757872339,1000,1554,1554,2.3838062,0.05670,-1,-1,-1,0,0,0,136,1,1,0,0.0000000,0.0000000,0.0000000,0,0,0,0
756346048106291 D 539,1757873339,1000,1553,1553,2.3822722,-0.00567,-1,-1,-1,0,0,0,136,1,1,0,0.0000000,0.0000000,0.0000000,0,0,0,0
756346049083541 D 540,1757874339,1000,1553,1553,2.3822722,-0.00545,-1,-1,-1,0,0,0,136,1,1,0,0.0000000,0.0000000,0.0000000,0,0,0,0
756346050090625 D 541,1757875339,1000,1553,1553,2.3822722,-0.00524,-1,-1,-1,0,0,0,136,1,1,0,0.0000000,0.0000000,0.0000000,0,0,0,0
756346051077250 D 542,1757876339,1000,1553,1553,2.3822722,-0.00503,-1,-1,-1,0,0,0,136,1,1,0,0.0000000,0.0000000,0.0000000,0,0,0,0
756346052075958 D 543,1757877339,1000,1553,1553,2.3822722,-0.00483,-1,-1,-1,0,0,0,136,1,1,0,0.0000000,0.0000000,0.0000000,0,0,0,0
756346053101666 D 544,1757878339,1000,1553,1553,2.3822722,-0.00464,-1,-1,-1,0,0,0,136,1,1,0,0.0000000,0.0000000,0.0000000,0,0,0,0
756346054087500 D 545,1757879339,1000,1553,1553,2.3822722,-0.00446,-1,-1,-1,0,0,0,136,1,1,0,0.0000000,0.0000000,0.0000000,0,0,0,0
756346055105208 D 546,1757880339,1000,1553,1553,2.3822722,-0.00429,-1,-1,-1,0,0,0,136,1,1,0,0.0000000,0.0000000,0.0000000,0,0,0,0
756346056079416 D 547,1757881339,1000,1553,1553,2.3822722,-0.00412,-1,-1,-1,0,0,0,136,1,1,0,0.0000000,0.0000000,0.0000000,0,0,0,0
756346057072583 D 548,1757882339,1000,1553,1553,2.3822722,-0.00396,-1,-1,-1,0,0,0,136,1,1,0,0.0000000,0.0000000,0.0000000,0,0,0,0
756346058049625 D 549,1757883339,1000,1554,1554,2.3838062,0.05635,-1,-1,-1,0,0,0,136,1,1,0,0.0000000,0.0000000,0.0000000,0,0,0,0
756346059067708 D 550,1757884339,1000,1553,1553,2.3822722,-0.00601,-1,-1,-1,0,0,0,136,1,1,0,0.0000000,0.0000000,0.0000000,0,0,0,0
756346060055125 D 551,1757885339,1000,1553,1553,2.3822722,-0.00578,-1,-1,-1,0,0,0,136,1,1,0,0.0000000,0.0000000,0.0000000,0,0,0,0
756346061282125 D 552,1757886339,1000,1554,1554,2.3838062,0.05460,-1,-1,-1,0,0,0,136,1,1,0,0.0000000,0.0000000,0.0000000,0,0,0,0
756346062297625 D 553,1757887339,1000,1553,1553,2.3822722,-0.00769,-1,-1,-1,0,0,0,135,1,1,0,0.0000000,0.0000000,0.0000000,0,0,0,0
756346063297500 D 554,1757888339,1000,1553,1553,2.3822722,-0.00739,-1,-1,-1,0,0,0,136,1,1,0,0.0000000,0.0000000,0.0000000,0,0,0,0
756346064053833 D 555,1757889339,1000,1553,1553,2.3822722,-0.00710,-1,-1,-1,0,0,0,136,1,1,0,0.0000000,0.0000000,0.0000000,0,0,0,0
756346065053583 D 556,1757890339,1000,1553,1553,2.3822722,-0.00682,-1,-1,-1,0,0,0,136,1,1,0,0.0000000,0.0000000,0.0000000,0,0,0,0
756346066056916 D 557,1757891339,1000,1553,1553,2.3822722,-0.00655,-1,-1,-1,0,0,0,136,1,1,0,0.0000000,0.0000000,0.0000000,0,0,0,0
756346067073458 D 558,1757892339,1000,1553,1553,2.3822722,-0.00630,-1,-1,-1,0,0,0,136,1,1,0,0.0000000,0.0000000,0.0000000,0,0,0,0
756346068107666 D 559,1757893339,1000,1553,1553,2.3822722,-0.00605,-1,-1,-1,0,0,0,136,1,1,0,0.0000000,0.0000000,0.0000000,0,0,0,0
756346069146375 D 560,1757894339,1000,1553,1553,2.3822722,-0.00581,-1,-1,-1,0,0,0,136,1,1,0,0.0000000,0.0000000,0.0000000,0,0,0,0
756346070256750 D 561,1757895339,1000,1553,1553,2.3822722,-0.00558,-1,-1,-1,0,0,0,136,1,1,0,0.0000000,0.0000000,0.0000000,0,0,0,0
756346071161666 D 562,1757896339,1000,1553,1553,2.3822722,-0.00536,-1,-1,-1,0,0,0,136,1,1,0,0.0000000,0.0000000,0.0000000,0,0,0,0
756346072239416 D 563,1757897339,1000,1553,1553,2.3822722,-0.00515,-1,-1,-1,0,0,0,136,1,1,0,0.0000000,0.0000000,0.0000000,0,0,0,0
756346073182833 D 564,1757898339,1000,1553,1553,2.3822722,-0.00495,-1,-1,-1,0,0,0,136,1,1,0,0.0000000,0.0000000,0.0000000,0,0,0,0
756346074137500 D 565,1757899339,1000,1553,1553,2.3822722,-0.00476,-1,-1,-1,0,0,0,136,1,1,0,0.0000000,0.0000000,0.0000000,0,0,0,0
756346075094125 D 566,1757900339,1000,1553,1553,2.3822722,-0.00457,-1,-1,-1,0,0,0,136,1,1,0,0.0000000,0.0000000,0.0000000,0,0,0,0
756346076088000 D 567,1757901339,1000,1553,1553,2.3822722,-0.00439,-1,-1,-1,0,0,0,135,1,1,0,0.0000000,0.0000000,0.0000000,0,0,0,0
756346077601916 D 568,1757902339,1000,1553,1553,2.3822722,-0.00422,39,128,2047,0,0,0,136,1,1,0,0.0000000,0.0000000,0.0000000,0,0,0,0
756346078266625 D 569,1757903339,1000,1553,1553,2.3822722,-0.00405,-1,-1,-1,0,0,0,136,1,1,0,0.0000000,0.0000000,0.0000000,0,0,0,0
756346079172958 D 570,1757904339,1000,1554,1554,2.3838062,0.05625,-1,-1,-1,0,0,0,136,1,1,0,0.0000000,0.0000000,0.0000000,0,0,0,0
756346080129625 D 571,1757905339,1000,1553,1553,2.3822722,-0.00610,-1,-1,-1,0,0,0,136,1,1,0,0.0000000,0.0000000,0.0000000,0,0,0,0
756346081114625 D 572,1757906339,1000,1553,1553,2.3822722,-0.00586,-1,-1,-1,0,0,0,136,1,1,0,0.0000000,0.0000000,0.0000000,0,0,0,0
756346082149875 D 573,1757907339,1000,1554,1554,2.3838062,0.05452,-1,-1,-1,0,0,0,136,1,1,0,0.0000000,0.0000000,0.0000000,0,0,0,0
756346083108708 D 574,1757908339,1000,1553,1553,2.3822722,-0.00777,-1,-1,-1,0,0,0,136,1,1,0,0.0000000,0.0000000,0.0000000,0,0,0,0
756346084087333 D 575,1757909339,1000,1553,1553,2.3822722,-0.00747,-1,-1,-1,0,0,0,136,1,1,0,0.0000000,0.0000000,0.0000000,0,0,0,0
756346085084541 D 576,1757910339,1000,1554,1554,2.3838062,0.05298,-1,-1,-1,0,0,0,136,1,1,0,0.0000000,0.0000000,0.0000000,0,0,0,0
756346086123458 D 577,1757911339,1000,1553,1553,2.3822722,-0.00925,-1,-1,-1,0,0,0,136,1,1,0,0.0000000,0.0000000,0.0000000,0,0,0,0
756346087127291 D 578,1757912339,1000,1553,1553,2.3822722,-0.00889,-1,-1,-1,0,0,0,136,1,1,0,0.0000000,0.0000000,0.0000000,0,0,0,0
756346088116666 D 579,1757913339,1000,1553,1553,2.3822722,-0.00854,-1,-1,-1,0,0,0,136,1,1,0,0.0000000,0.0000000,0.0000000,0,0,0,0
756346089100916 D 580,1757914339,1000,1553,1553,2.3822722,-0.00820,-1,-1,-1,0,0,0,136,1,1,0,0.0000000,0.0000000,0.0000000,0,0,0,0
756346090100875 D 581,1757915339,1000,1553,1553,2.3822722,-0.00788,-1,-1,-1,0,0,0,136,1,1,0,0.0000000,0.0000000,0.0000000,0,0,0,0
756346091106750 D 582,1757916339,1000,1553,1553,2.3822722,-0.00757,-1,-1,-1,0,0,0,136,1,1,0,0.0000000,0.0000000,0.0000000,0,0,0,0
756346092110125 D 583,1757917339,1000,1553,1553,2.3822722,-0.00728,-1,-1,-1,0,0,0,136,1,1,0,0.0000000,0.0000000,0.0000000,0,0,0,0
756346093140041 D 584,1757918339,1000,1553,1553,2.3822722,-0.00699,-1,-1,-1,0,0,0,136,1,1,0,0.0000000,0.0000000,0.0000000,0,0,0,0
756346094109708 D 585,1757919339,1000,1553,1553,2.3822722,-0.00672,-1,-1,-1,0,0,0,136,1,1,0,0.0000000,0.0000000,0.0000000,0,0,0,0
756346095333458 D 586,1757920339,1000,1553,1553,2.3822722,-0.00645,-1,-1,-1,0,0,0,136,1,1,0,0.0000000,0.0000000,0.0000000,0,0,0,0
756346096294791 D 587,1757921339,1000,1554,1554,2.3838062,0.05395,-1,-1,-1,0,0,0,136,1,1,0,0.0000000,0.0000000,0.0000000,0,0,0,0
756346097277083 D 588,1757922339,1000,1553,1553,2.3822722,-0.00832,-1,-1,-1,0,0,0,136,1,1,0,0.0000000,0.0000000,0.0000000,0,0,0,0
756346098101958 D 589,1757923339,1000,1553,1553,2.3822722,-0.00799,-1,-1,-1,0,0,0,136,1,1,0,0.0000000,0.0000000,0.0000000,0,0,0,0
756346099124833 D 590,1757924339,1000,1553,1553,2.3822722,-0.00768,-1,-1,-1,0,0,0,136,1,1,0,0.0000000,0.0000000,0.0000000,0,0,0,0
756346100119625 D 591,1757925339,1000,1553,1553,2.3822722,-0.00738,-1,-1,-1,0,0,0,136,1,1,0,0.0000000,0.0000000,0.0000000,0,0,0,0
756346101100666 D 592,1757926339,1000,1553,1553,2.3822722,-0.00709,-1,-1,-1,0,0,0,136,1,1,0,0.0000000,0.0000000,0.0000000,0,0,0,0
756346102138125 D 593,1757927339,1000,1553,1553,2.3822722,-0.00681,-1,-1,-1,0,0,0,136,1,1,0,0.0000000,0.0000000,0.0000000,0,0,0,0
756346103102958 D 594,1757928339,1000,1553,1553,2.3822722,-0.00654,-1,-1,-1,0,0,0,136,1,1,0,0.0000000,0.0000000,0.0000000,0,0,0,0
756346104087666 D 595,1757929339,1000,1553,1553,2.3822722,-0.00628,-1,-1,-1,0,0,0,136,1,1,0,0.0000000,0.0000000,0.0000000,0,0,0,0
756346105101166 D 596,1757930339,1000,1553,1553,2.3822722,-0.00604,-1,-1,-1,0,0,0,136,1,1,0,0.0000000,0.0000000,0.0000000,0,0,0,0
756346106084291 D 597,1757931339,1000,1553,1553,2.3822722,-0.00580,-1,-1,-1,0,0,0,136,1,1,0,0.0000000,0.0000000,0.0000000,0,0,0,0
756346107137875 D 598,1757932339,1000,1554,1554,2.3838062,0.05457,-1,-1,-1,0,0,0,136,1,1,0,0.0000000,0.0000000,0.0000000,0,0,0,0
756346108103833 D 599,1757933339,1000,1553,1553,2.3822722,-0.00771,-1,-1,-1,0,0,0,136,1,1,0,0.0000000,0.0000000,0.0000000,0,0,0,0
756346109102416 D 600,1757934339,1000,1553,1553,2.3822722,-0.00741,-1,-1,-1,0,0,0,136,1,1,0,0.0000000,0.0000000,0.0000000,0,0,0,0
756346110066916 D 601,1757935339,1000,1554,1554,2.3838062,0.05303,-1,-1,-1,0,0,0,136,1,1,0,0.0000000,0.0000000,0.0000000,0,0,0,0
756346111088000 D 602,1757936339,1000,1553,1553,2.3822722,-0.00920,-1,-1,-1,0,0,0,136,1,1,0,0.0000000,0.0000000,0.0000000,0,0,0,0
756346112087625 D 603,1757937339,1000,1553,1553,2.3822722,-0.00884,-1,-1,-1,0,0,0,136,1,1,0,0.0000000,0.0000000,0.0000000,0,0,0,0
756346113085666 D 604,1757938339,1000,1553,1553,2.3822722,-0.00849,-1,-1,-1,0,0,0,136,1,1,0,0.0000000,0.0000000,0.0000000,0,0,0,0
756346114075041 D 605,1757939339,1000,1553,1553,2.3822722,-0.00816,-1,-1,-1,0,0,0,136,1,1,0,0.0000000,0.0000000,0.0000000,0,0,0,0
756346115059708 D 606,1757940339,1000,1553,1553,2.3822722,-0.00784,-1,-1,-1,0,0,0,136,1,1,0,0.0000000,0.0000000,0.0000000,0,0,0,0
756346116083375 D 607,1757941339,1000,1553,1553,2.3822722,-0.00753,-1,-1,-1,0,0,0,136,1,1,0,0.0000000,0.0000000,0.0000000,0,0,0,0
756346117098541 D 608,1757942339,1000,1553,1553,2.3822722,-0.00724,-1,-1,-1,0,0,0,136,1,1,0,0.0000000,0.0000000,0.0000000,0,0,0,0
756346118145833 D 609,1757943339,1000,1553,1553,2.3822722,-0.00695,-1,-1,-1,0,0,0,136,1,1,0,0.0000000,0.0000000,0.0000000,0,0,0,0
756346119098083 D 610,1757944339,1000,1553,1553,2.3822722,-0.00668,-1,-1,-1,0,0,0,136,1,1,0,0.0000000,0.0000000,0.0000000,0,0,0,0
756346120071083 D 611,1757945339,1000,1553,1553,2.3822722,-0.00642,-1,-1,-1,0,0,0,136,1,1,0,0.0000000,0.0000000,0.0000000,0,0,0,0
756346121074750 D 612,1757946339,1000,1553,1553,2.3822722,-0.00617,-1,-1,-1,0,0,0,136,1,1,0,0.0000000,0.0000000,0.0000000,0,0,0,0
756346122092583 D 613,1757947339,1000,1553,1553,2.3822722,-0.00593,-1,-1,-1,0,0,0,136,1,1,0,0.0000000,0.0000000,0.0000000,0,0,0,0
756346123114250 D 614,1757948339,1000,1553,1553,2.3822722,-0.00569,-1,-1,-1,0,0,0,136,1,1,0,0.0000000,0.0000000,0.0000000,0,0,0,0
756346124089541 D 615,1757949339,1000,1553,1553,2.3822722,-0.00547,-1,-1,-1,0,0,0,136,1,1,0,0.0000000,0.0000000,0.0000000,0,0,0,0
756346125078750 D 616,1757950339,1000,1553,1553,2.3822722,-0.00526,-1,-1,-1,0,0,0,136,1,1,0,0.0000000,0.0000000,0.0000000,0,0,0,0
756346126304250 D 617,1757951339,1000,1553,1553,2.3822722,-0.00505,-1,-1,-1,0,0,0,136,1,1,0,0.0000000,0.0000000,0.0000000,0,0,0,0
756346127679708 D 618,1757952339,1000,1553,1553,2.3822722,-0.00485,39,128,2047,0,0,0,136,1,1,0,0.0000000,0.0000000,0.0000000,0,0,0,0
756346128522041 D 619,1757953339,1000,1553,1553,2.3822722,-0.00466,-1,-1,-1,0,0,0,136,1,1,0,0.0000000,0.0000000,0.0000000,0,0,0,0
756346129189166 D 620,1757954339,1000,1553,1553,2.3822722,-0.00448,-1,-1,-1,0,0,0,136,1,1,0,0.0000000,0.0000000,0.0000000,0,0,0,0
756346130068250 D 621,1757955339,1000,1553,1553,2.3822722,-0.00430,-1,-1,-1,0,0,0,136,1,1,0,0.0000000,0.0000000,0.0000000,0,0,0,0
756346131076500 D 622,1757956339,1000,1553,1553,2.3822722,-0.00413,-1,-1,-1,0,0,0,136,1,1,0,0.0000000,0.0000000,0.0000000,0,0,0,0
756346132079958 D 623,1757957339,1000,1553,1553,2.3822722,-0.00397,-1,-1,-1,0,0,0,136,1,1,0,0.0000000,0.0000000,0.0000000,0,0,0,0
756346133069125 D 624,1757958339,1000,1554,1554,2.3838062,0.05633,-1,-1,-1,0,0,0,136,1,1,0,0.0000000,0.0000000,0.0000000,0,0,0,0
756346134084083 D 625,1757959339,1000,1553,1553,2.3822722,-0.00602,-1,-1,-1,0,0,0,136,1,1,0,0.0000000,0.0000000,0.0000000,0,0,0,0
756346135094791 D 626,1757960339,1000,1554,1554,2.3838062,0.05436,-1,-1,-1,0,0,0,136,1,1,0,0.0000000,0.0000000,0.0000000,0,0,0,0
756346136099958 D 627,1757961339,1000,1553,1553,2.3822722,-0.00792,-1,-1,-1,0,0,0,136,1,1,0,0.0000000,0.0000000,0.0000000,0,0,0,0
756346137096500 D 628,1757962339,1000,1553,1553,2.3822722,-0.00761,-1,-1,-1,0,0,0,136,1,1,0,0.0000000,0.0000000,0.0000000,0,0,0,0
756346138069625 D 629,1757963339,1000,1553,1553,2.3822722,-0.00731,-1,-1,-1,0,0,0,136,1,1,0,0.0000000,0.0000000,0.0000000,0,0,0,0
756346139078916 D 630,1757964339,1000,1553,1553,2.3822722,-0.00702,-1,-1,-1,0,0,0,136,1,1,0,0.0000000,0.0000000,0.0000000,0,0,0,0
756346140060291 D 631,1757965339,1000,1553,1553,2.3822722,-0.00675,-1,-1,-1,0,0,0,136,1,1,0,0.0000000,0.0000000,0.0000000,0,0,0,0
756346141098583 D 632,1757966339,1000,1553,1553,2.3822722,-0.00648,-1,-1,-1,0,0,0,136,1,1,0,0.0000000,0.0000000,0.0000000,0,0,0,0
756346142070791 D 633,1757967339,1000,1553,1553,2.3822722,-0.00623,-1,-1,-1,0,0,0,136,1,1,0,0.0000000,0.0000000,0.0000000,0,0,0,0
756346143087291 D 634,1757968339,1000,1553,1553,2.3822722,-0.00599,-1,-1,-1,0,0,0,136,1,1,0,0.0000000,0.0000000,0.0000000,0,0,0,0
756346144100041 D 635,1757969339,1000,1553,1553,2.3822722,-0.00575,-1,-1,-1,0,0,0,136,1,1,0,0.0000000,0.0000000,0.0000000,0,0,0,0
756346145100541 D 636,1757970339,1000,1553,1553,2.3822722,-0.00553,-1,-1,-1,0,0,0,136,1,1,0,0.0000000,0.0000000,0.0000000,0,0,0,0
756346146112875 D 637,1757971339,1000,1553,1553,2.3822722,-0.00531,-1,-1,-1,0,0,0,136,1,1,0,0.0000000,0.0000000,0.0000000,0,0,0,0
756346147185166 D 638,1757972339,1000,1553,1553,2.3822722,-0.00510,-1,-1,-1,0,0,0,136,1,1,0,0.0000000,0.0000000,0.0000000,0,0,0,0
756346148150125 D 639,1757973339,1000,1553,1553,2.3822722,-0.00490,-1,-1,-1,0,0,0,136,1,1,0,0.0000000,0.0000000,0.0000000,0,0,0,0
756346149126708 D 640,1757974339,1000,1553,1553,2.3822722,-0.00471,-1,-1,-1,0,0,0,136,1,1,0,0.0000000,0.0000000,0.0000000,0,0,0,0
756346150118500 D 641,1757975339,1000,1553,1553,2.3822722,-0.00452,-1,-1,-1,0,0,0,136,1,1,0,0.0000000,0.0000000,0.0000000,0,0,0,0
756346151083541 D 642,1757976339,1000,1553,1553,2.3822722,-0.00435,-1,-1,-1,0,0,0,136,1,1,0,0.0000000,0.0000000,0.0000000,0,0,0,0
756346152076750 D 643,1757977339,1000,1553,1553,2.3822722,-0.00418,-1,-1,-1,0,0,0,136,1,1,0,0.0000000,0.0000000,0.0000000,0,0,0,0
756346153078250 D 644,1757978339,1000,1553,1553,2.3822722,-0.00401,-1,-1,-1,0,0,0,136,1,1,0,0.0000000,0.0000000,0.0000000,0,0,0,0
756346154081041 D 645,1757979339,1000,1553,1553,2.3822722,-0.00386,-1,-1,-1,0,0,0,136,1,1,0,0.0000000,0.0000000,0.0000000,0,0,0,0
756346155079333 D 646,1757980339,1000,1553,1553,2.3822722,-0.00370,-1,-1,-1,0,0,0,136,1,1,0,0.0000000,0.0000000,0.0000000,0,0,0,0
756346156075500 D 647,1757981339,1000,1553,1553,2.3822722,-0.00356,-1,-1,-1,0,0,0,136,1,1,0,0.0000000,0.0000000,0.0000000,0,0,0,0
756346157078875 D 648,1757982339,1000,1553,1553,2.3822722,-0.00342,-1,-1,-1,0,0,0,136,1,1,0,0.0000000,0.0000000,0.0000000,0,0,0,0
756346158319166 D 649,1757983339,1000,1553,1553,2.3822722,-0.00329,-1,-1,-1,0,0,0,136,1,1,0,0.0000000,0.0000000,0.0000000,0,0,0,0
756346159292833 D 650,1757984339,1000,1553,1553,2.3822722,-0.00316,-1,-1,-1,0,0,0,136,1,1,0,0.0000000,0.0000000,0.0000000,0,0,0,0
756346160338333 D 651,1757985339,1000,1553,1553,2.3822722,-0.00303,-1,-1,-1,0,0,0,136,1,1,0,0.0000000,0.0000000,0.0000000,0,0,0,0
756346161082000 D 652,1757986339,1000,1553,1553,2.3822722,-0.00291,-1,-1,-1,0,0,0,136,1,1,0,0.0000000,0.0000000,0.0000000,0,0,0,0
756346162065000 D 653,1757987339,1000,1553,1553,2.3822722,-0.00280,-1,-1,-1,0,0,0,136,1,1,0,0.0000000,0.0000000,0.0000000,0,0,0,0
756346163082958 D 654,1757988339,1000,1553,1553,2.3822722,-0.00269,-1,-1,-1,0,0,0,136,1,1,0,0.0000000,0.0000000,0.0000000,0,0,0,0
756346164076666 D 655,1757989339,1000,1553,1553,2.3822722,-0.00258,-1,-1,-1,0,0,0,136,1,1,0,0.0000000,0.0000000,0.0000000,0,0,0,0
756346165098375 D 656,1757990339,1000,1554,1554,2.3838062,0.05767,-1,-1,-1,0,0,0,136,1,1,0,0.0000000,0.0000000,0.0000000,0,0,0,0
756346166090666 D 657,1757991339,1000,1553,1553,2.3822722,-0.00474,-1,-1,-1,0,0,0,136,1,1,0,0.0000000,0.0000000,0.0000000,0,0,0,0
756346167085000 D 658,1757992339,1000,1553,1553,2.3822722,-0.00456,-1,-1,-1,0,0,0,136,1,1,0,0.0000000,0.0000000,0.0000000,0,0,0,0
756346168070166 D 659,1757993339,1000,1553,1553,2.3822722,-0.00438,-1,-1,-1,0,0,0,136,1,1,0,0.0000000,0.0000000,0.0000000,0,0,0,0
756346169062916 D 660,1757994339,1000,1553,1553,2.3822722,-0.00421,-1,-1,-1,0,0,0,136,1,1,0,0.0000000,0.0000000,0.0000000,0,0,0,0
756346170066916 D 661,1757995339,1000,1553,1553,2.3822722,-0.00404,-1,-1,-1,0,0,0,136,1,1,0,0.0000000,0.0000000,0.0000000,0,0,0,0
756346171107375 D 662,1757996339,1000,1553,1553,2.3822722,-0.00388,-1,-1,-1,0,0,0,136,1,1,0,0.0000000,0.0000000,0.0000000,0,0,0,0
756346172083916 D 663,1757997339,1000,1553,1553,2.3822722,-0.00373,-1,-1,-1,0,0,0,136,1,1,0,0.0000000,0.0000000,0.0000000,0,0,0,0
756346173089833 D 664,1757998339,1000,1553,1553,2.3822722,-0.00359,-1,-1,-1,0,0,0,136,1,1,0,0.0000000,0.0000000,0.0000000,0,0,0,0
756346174098416 D 665,1757999339,1000,1554,1554,2.3838062,0.05670,-1,-1,-1,0,0,0,136,1,1,0,0.0000000,0.0000000,0.0000000,0,0,0,0
756346175098916 D 666,1758000339,1000,1553,1553,2.3822722,-0.00567,-1,-1,-1,0,0,0,136,1,1,0,0.0000000,0.0000000,0.0000000,0,0,0,0
756346176085208 D 667,1758001339,1000,1553,1553,2.3822722,-0.00545,-1,-1,-1,0,0,0,136,1,1,0,0.0000000,0.0000000,0.0000000,0,0,0,0
756346177452666 D 668,1758002339,1000,1553,1553,2.3822722,-0.00523,39,128,2047,0,0,0,136,1,1,0,0.0000000,0.0000000,0.0000000,0,0,0,0
756346178072291 D 669,1758003339,1000,1553,1553,2.3822722,-0.00503,-1,-1,-1,0,0,0,136,1,1,0,0.0000000,0.0000000,0.0000000,0,0,0,0
756346179080458 D 670,1758004339,1000,1553,1553,2.3822722,-0.00483,-1,-1,-1,0,0,0,136,1,1,0,0.0000000,0.0000000,0.0000000,0,0,0,0
756346180075166 D 671,1758005339,1000,1554,1554,2.3838062,0.05551,-1,-1,-1,0,0,0,136,1,1,0,0.0000000,0.0000000,0.0000000,0,0,0,0
756346181081583 D 672,1758006339,1000,1553,1553,2.3822722,-0.00682,-1,-1,-1,0,0,0,136,1,1,0,0.0000000,0.0000000,0.0000000,0,0,0,0
756346182076708 D 673,1758007339,1000,1553,1553,2.3822722,-0.00655,-1,-1,-1,0,0,0,136,1,1,0,0.0000000,0.0000000,0.0000000,0,0,0,0
756346183064041 D 674,1758008339,1000,1553,1553,2.3822722,-0.00629,-1,-1,-1,0,0,0,136,1,1,0,0.0000000,0.0000000,0.0000000,0,0,0,0
756346184065500 D 675,1758009339,1000,1553,1553,2.3822722,-0.00605,-1,-1,-1,0,0,0,136,1,1,0,0.0000000,0.0000000,0.0000000,0,0,0,0
756346185057416 D 676,1758010339,1000,1553,1553,2.3822722,-0.00581,-1,-1,-1,0,0,0,136,1,1,0,0.0000000,0.0000000,0.0000000,0,0,0,0
756346186068958 D 677,1758011339,1000,1553,1553,2.3822722,-0.00558,-1,-1,-1,0,0,0,136,1,1,0,0.0000000,0.0000000,0.0000000,0,0,0,0
756346187063666 D 678,1758012339,1000,1554,1554,2.3838062,0.05479,-1,-1,-1,0,0,0,136,1,1,0,0.0000000,0.0000000,0.0000000,0,0,0,0
756346188065083 D 679,1758013339,1000,1553,1553,2.3822722,-0.00751,-1,-1,-1,0,0,0,136,1,1,0,0.0000000,0.0000000,0.0000000,0,0,0,0
756346189047833 D 680,1758014339,1000,1553,1553,2.3822722,-0.00722,-1,-1,-1,0,0,0,136,1,1,0,0.0000000,0.0000000,0.0000000,0,0,0,0
756346190301583 D 681,1758015339,1000,1553,1553,2.3822722,-0.00693,-1,-1,-1,0,0,0,136,1,1,0,0.0000000,0.0000000,0.0000000,0,0,0,0
756346191301708 D 682,1758016339,1000,1553,1553,2.3822722,-0.00666,-1,-1,-1,0,0,0,136,1,1,0,0.0000000,0.0000000,0.0000000,0,0,0,0
756346192232041 D 683,1758017339,1000,1554,1554,2.3838062,0.05375,-1,-1,-1,0,0,0,136,1,1,0,0.0000000,0.0000000,0.0000000,0,0,0,0
756346193070541 D 684,1758018339,1000,1553,1553,2.3822722,-0.00851,-1,-1,-1,0,0,0,136,1,1,0,0.0000000,0.0000000,0.0000000,0,0,0,0
756346194069708 D 685,1758019339,1000,1553,1553,2.3822722,-0.00817,-1,-1,-1,0,0,0,136,1,1,0,0.0000000,0.0000000,0.0000000,0,0,0,0
756346195070291 D 686,1758020339,1000,1553,1553,2.3822722,-0.00785,-1,-1,-1,0,0,0,136,1,1,0,0.0000000,0.0000000,0.0000000,0,0,0,0
756346196089291 D 687,1758021339,1000,1553,1553,2.3822722,-0.00755,-1,-1,-1,0,0,0,136,1,1,0,0.0000000,0.0000000,0.0000000,0,0,0,0
756346197077708 D 688,1758022339,1000,1553,1553,2.3822722,-0.00725,-1,-1,-1,0,0,0,136,1,1,0,0.0000000,0.0000000,0.0000000,0,0,0,0
756346198067541 D 689,1758023339,1000,1553,1553,2.3822722,-0.00697,-1,-1,-1,0,0,0,136,1,1,0,0.0000000,0.0000000,0.0000000,0,0,0,0
756346199073791 D 690,1758024339,1000,1553,1553,2.3822722,-0.00669,-1,-1,-1,0,0,0,136,1,1,0,0.0000000,0.0000000,0.0000000,0,0,0,0
756346200060625 D 691,1758025339,1000,1553,1553,2.3822722,-0.00643,-1,-1,-1,0,0,0,136,1,1,0,0.0000000,0.0000000,0.0000000,0,0,0,0
756346201061208 D 692,1758026339,1000,1553,1553,2.3822722,-0.00618,-1,-1,-1,0,0,0,136,1,1,0,0.0000000,0.0000000,0.0000000,0,0,0,0
756346202054458 D 693,1758027339,1000,1553,1553,2.3822722,-0.00594,-1,-1,-1,0,0,0,135,1,1,0,0.0000000,0.0000000,0.0000000,0,0,0,0
756346203059875 D 694,1758028339,1000,1553,1553,2.3822722,-0.00570,-1,-1,-1,0,0,0,136,1,1,0,0.0000000,0.0000000,0.0000000,0,0,0,0
756346204045958 D 695,1758029339,1000,1554,1554,2.3838062,0.05467,-1,-1,-1,0,0,0,136,1,1,0,0.0000000,0.0000000,0.0000000,0,0,0,0
756346205058166 D 696,1758030339,1000,1553,1553,2.3822722,-0.00762,-1,-1,-1,0,0,0,136,1,1,0,0.0000000,0.0000000,0.0000000,0,0,0,0
756346206088333 D 697,1758031339,1000,1553,1553,2.3822722,-0.00732,-1,-1,-1,0,0,0,136,1,1,0,0.0000000,0.0000000,0.0000000,0,0,0,0
756346207074583 D 698,1758032339,1000,1553,1553,2.3822722,-0.00704,-1,-1,-1,0,0,0,136,1,1,0,0.0000000,0.0000000,0.0000000,0,0,0,0
756346208062833 D 699,1758033339,1000,1554,1554,2.3838062,0.05339,-1,-1,-1,0,0,0,136,1,1,0,0.0000000,0.0000000,0.0000000,0,0,0,0
756346209107708 D 700,1758034339,1000,1553,1553,2.3822722,-0.00885,-1,-1,-1,0,0,0,136,1,1,0,0.0000000,0.0000000,0.0000000,0,0,0,0
756346210065666 D 701,1758035339,1000,1553,1553,2.3822722,-0.00851,-1,-1,-1,0,0,0,136,1,1,0,0.0000000,0.0000000,0.0000000,0,0,0,0
756346211071416 D 702,1758036339,1000,1553,1553,2.3822722,-0.00817,-1,-1,-1,0,0,0,136,1,1,0,0.0000000,0.0000000,0.0000000,0,0,0,0
756346212088791 D 703,1758037339,1000,1553,1553,2.3822722,-0.00785,-1,-1,-1,0,0,0,136,1,1,0,0.0000000,0.0000000,0.0000000,0,0,0,0
756346213062708 D 704,1758038339,1000,1553,1553,2.3822722,-0.00755,-1,-1,-1,0,0,0,136,1,1,0,0.0000000,0.0000000,0.0000000,0,0,0,0
756346214056500 D 705,1758039339,1000,1553,1553,2.3822722,-0.00725,-1,-1,-1,0,0,0,136,1,1,0,0.0000000,0.0000000,0.0000000,0,0,0,0
756346215052208 D 706,1758040339,1000,1553,1553,2.3822722,-0.00696,-1,-1,-1,0,0,0,136,1,1,0,0.0000000,0.0000000,0.0000000,0,0,0,0
756346216067083 D 707,1758041339,1000,1553,1553,2.3822722,-0.00669,-1,-1,-1,0,0,0,135,1,1,0,0.0000000,0.0000000,0.0000000,0,0,0,0
756346217056541 D 708,1758042339,1000,1553,1553,2.3822722,-0.00643,-1,-1,-1,0,0,0,136,1,1,0,0.0000000,0.0000000,0.0000000,0,0,0,0
756346218051375 D 709,1758043339,1000,1553,1553,2.3822722,-0.00618,-1,-1,-1,0,0,0,136,1,1,0,0.0000000,0.0000000,0.0000000,0,0,0,0
756346219278958 D 710,1758044339,1000,1553,1553,2.3822722,-0.00594,-1,-1,-1,0,0,0,136,1,1,0,0.0000000,0.0000000,0.0000000,0,0,0,0
756346220292500 D 711,1758045339,1000,1553,1553,2.3822722,-0.00570,-1,-1,-1,0,0,0,136,1,1,0,0.0000000,0.0000000,0.0000000,0,0,0,0
756346221297666 D 712,1758046339,1000,1554,1554,2.3838062,0.05467,-1,-1,-1,0,0,0,136,1,1,0,0.0000000,0.0000000,0.0000000,0,0,0,0
756346222113500 D 713,1758047339,1000,1553,1553,2.3822722,-0.00762,-1,-1,-1,0,0,0,136,1,1,0,0.0000000,0.0000000,0.0000000,0,0,0,0
756346223135875 D 714,1758048339,1000,1553,1553,2.3822722,-0.00732,-1,-1,-1,0,0,0,135,1,1,0,0.0000000,0.0000000,0.0000000,0,0,0,0
756346224095125 D 715,1758049339,1000,1553,1553,2.3822722,-0.00704,-1,-1,-1,0,0,0,136,1,1,0,0.0000000,0.0000000,0.0000000,0,0,0,0
756346225103958 D 716,1758050339,1000,1553,1553,2.3822722,-0.00676,-1,-1,-1,0,0,0,136,1,1,0,0.0000000,0.0000000,0.0000000,0,0,0,0
756346226068250 D 717,1758051339,1000,1553,1553,2.3822722,-0.00650,-1,-1,-1,0,0,0,136,1,1,0,0.0000000,0.0000000,0.0000000,0,0,0,0
756346227458166 D 718,1758052339,1000,1553,1553,2.3822722,-0.00624,39,128,2047,0,0,0,136,1,1,0,0.0000000,0.0000000,0.0000000,0,0,0,0
756346228082541 D 719,1758053339,1000,1553,1553,2.3822722,-0.00600,-1,-1,-1,0,0,0,136,1,1,0,0.0000000,0.0000000,0.0000000,0,0,0,0
756346229077166 D 720,1758054339,1000,1553,1553,2.3822722,-0.00576,-1,-1,-1,0,0,0,136,1,1,0,0.0000000,0.0000000,0.0000000,0,0,0,0
756346230063458 D 721,1758055339,1000,1553,1553,2.3822722,-0.00554,-1,-1,-1,0,0,0,135,1,1,0,0.0000000,0.0000000,0.0000000,0,0,0,0
756346231061333 D 722,1758056339,1000,1554,1554,2.3838062,0.05483,-1,-1,-1,0,0,0,136,1,1,0,0.0000000,0.0000000,0.0000000,0,0,0,0
756346232062500 D 723,1758057339,1000,1554,1554,2.3838062,0.05268,-1,-1,-1,0,0,0,136,1,1,0,0.0000000,0.0000000,0.0000000,0,0,0,0
756346233064291 D 724,1758058339,1000,1553,1553,2.3822722,-0.00953,-1,-1,-1,0,0,0,136,1,1,0,0.0000000,0.0000000,0.0000000,0,0,0,0
756346234058041 D 725,1758059339,1000,1553,1553,2.3822722,-0.00916,-1,-1,-1,0,0,0,136,1,1,0,0.0000000,0.0000000,0.0000000,0,0,0,0
756346235061291 D 726,1758060339,1000,1553,1553,2.3822722,-0.00880,-1,-1,-1,0,0,0,136,1,1,0,0.0000000,0.0000000,0.0000000,0,0,0,0
756346236075208 D 727,1758061339,1000,1553,1553,2.3822722,-0.00846,-1,-1,-1,0,0,0,136,1,1,0,0.0000000,0.0000000,0.0000000,0,0,0,0
756346237068291 D 728,1758062339,1000,1553,1553,2.3822722,-0.00812,-1,-1,-1,0,0,0,136,1,1,0,0.0000000,0.0000000,0.0000000,0,0,0,0
756346238062208 D 729,1758063339,1000,1554,1554,2.3838062,0.05234,-1,-1,-1,0,0,0,136,1,1,0,0.0000000,0.0000000,0.0000000,0,0,0,0
756346239052041 D 730,1758064339,1000,1554,1554,2.3838062,0.05029,-1,-1,-1,0,0,0,136,1,1,0,0.0000000,0.0000000,0.0000000,0,0,0,0
756346240072666 D 731,1758065339,1000,1553,1553,2.3822722,-0.01183,-1,-1,-1,0,0,0,136,1,1,0,0.0000000,0.0000000,0.0000000,0,0,0,0
756346241065791 D 732,1758066339,1000,1553,1553,2.3822722,-0.01137,-1,-1,-1,0,0,0,136,1,1,0,0.0000000,0.0000000,0.0000000,0,0,0,0
756346242055958 D 733,1758067339,1000,1553,1553,2.3822722,-0.01092,-1,-1,-1,0,0,0,136,1,1,0,0.0000000,0.0000000,0.0000000,0,0,0,0
756346243072500 D 734,1758068339,1000,1553,1553,2.3822722,-0.01049,-1,-1,-1,0,0,0,136,1,1,0,0.0000000,0.0000000,0.0000000,0,0,0,0
756346244077250 D 735,1758069339,1000,1553,1553,2.3822722,-0.01008,-1,-1,-1,0,0,0,136,1,1,0,0.0000000,0.0000000,0.0000000,0,0,0,0
756346245065625 D 736,1758070339,1000,1553,1553,2.3822722,-0.00969,-1,-1,-1,0,0,0,136,1,1,0,0.0000000,0.0000000,0.0000000,0,0,0,0
756346246081833 D 737,1758071339,1000,1553,1553,2.3822722,-0.00931,-1,-1,-1,0,0,0,136,1,1,0,0.0000000,0.0000000,0.0000000,0,0,0,0
756346247069958 D 738,1758072339,1000,1553,1553,2.3822722,-0.00894,-1,-1,-1,0,0,0,136,1,1,0,0.0000000,0.0000000,0.0000000,0,0,0,0
756346248154458 D 739,1758073339,1000,1553,1553,2.3822722,-0.00859,-1,-1,-1,0,0,0,136,1,1,0,0.0000000,0.0000000,0.0000000,0,0,0,0
756346249122583 D 740,1758074339,1000,1553,1553,2.3822722,-0.00825,-1,-1,-1,0,0,0,136,1,1,0,0.0000000,0.0000000,0.0000000,0,0,0,0
756346250098416 D 741,1758075339,1000,1553,1553,2.3822722,-0.00793,-1,-1,-1,0,0,0,136,1,1,0,0.0000000,0.0000000,0.0000000,0,0,0,0
756346251161375 D 742,1758076339,1000,1553,1553,2.3822722,-0.00762,-1,-1,-1,0,0,0,136,1,1,0,0.0000000,0.0000000,0.0000000,0,0,0,0
756346252129833 D 743,1758077339,1000,1553,1553,2.3822722,-0.00732,-1,-1,-1,0,0,0,136,1,1,0,0.0000000,0.0000000,0.0000000,0,0,0,0
756346253328458 D 744,1758078339,1000,1553,1553,2.3822722,-0.00703,-1,-1,-1,0,0,0,136,1,1,0,0.0000000,0.0000000,0.0000000,0,0,0,0
756346254394166 D 745,1758079339,1000,1553,1553,2.3822722,-0.00676,-1,-1,-1,0,0,0,136,1,1,0,0.0000000,0.0000000,0.0000000,0,0,0,0
756346255457125 D 746,1758080339,1000,1553,1553,2.3822722,-0.00649,-1,-1,-1,0,0,0,136,1,1,0,0.0000000,0.0000000,0.0000000,0,0,0,0
756346256183375 D 747,1758081339,1000,1553,1553,2.3822722,-0.00624,-1,-1,-1,0,0,0,136,1,1,0,0.0000000,0.0000000,0.0000000,0,0,0,0
756346257240083 D 748,1758082339,1000,1553,1553,2.3822722,-0.00599,-1,-1,-1,0,0,0,136,1,1,0,0.0000000,0.0000000,0.0000000,0,0,0,0
756346258234791 D 749,1758083339,1000,1553,1553,2.3822722,-0.00576,-1,-1,-1,0,0,0,136,1,1,0,0.0000000,0.0000000,0.0000000,0,0,0,0
756346259136000 D 750,1758084339,1000,1553,1553,2.3822722,-0.00553,-1,-1,-1,0,0,0,136,1,1,0,0.0000000,0.0000000,0.0000000,0,0,0,0
756346260121375 D 751,1758085339,1000,1553,1553,2.3822722,-0.00532,-1,-1,-1,0,0,0,136,1,1,0,0.0000000,0.0000000,0.0000000,0,0,0,0
756346261107625 D 752,1758086339,1000,1553,1553,2.3822722,-0.00511,-1,-1,-1,0,0,0,136,1,1,0,0.0000000,0.0000000,0.0000000,0,0,0,0
756346262095125 D 753,1758087339,1000,1553,1553,2.3822722,-0.00491,-1,-1,-1,0,0,0,136,1,1,0,0.0000000,0.0000000,0.0000000,0,0,0,0
756346263092958 D 754,1758088339,1000,1553,1553,2.3822722,-0.00471,-1,-1,-1,0,0,0,136,1,1,0,0.0000000,0.0000000,0.0000000,0,0,0,0
756346264089125 D 755,1758089339,1000,1553,1553,2.3822722,-0.00453,-1,-1,-1,0,0,0,136,1,1,0,0.0000000,0.0000000,0.0000000,0,0,0,0
756346265095041 D 756,1758090339,1000,1553,1553,2.3822722,-0.00435,-1,-1,-1,0,0,0,135,1,1,0,0.0000000,0.0000000,0.0000000,0,0,0,0
756346266087666 D 757,1758091339,1000,1553,1553,2.3822722,-0.00418,-1,-1,-1,0,0,0,136,1,1,0,0.0000000,0.0000000,0.0000000,0,0,0,0
756346267111291 D 758,1758092339,1000,1553,1553,2.3822722,-0.00402,-1,-1,-1,0,0,0,136,1,1,0,0.0000000,0.0000000,0.0000000,0,0,0,0
756346268176708 D 759,1758093339,1000,1553,1553,2.3822722,-0.00386,-1,-1,-1,0,0,0,136,1,1,0,0.0000000,0.0000000,0.0000000,0,0,0,0
756346269125625 D 760,1758094339,1000,1554,1554,2.3838062,0.05644,-1,-1,-1,0,0,0,136,1,1,0,0.0000000,0.0000000,0.0000000,0,0,0,0
756346270093166 D 761,1758095339,1000,1553,1553,2.3822722,-0.00592,-1,-1,-1,0,0,0,136,1,1,0,0.0000000,0.0000000,0.0000000,0,0,0,0
756346271090750 D 762,1758096339,1000,1553,1553,2.3822722,-0.00569,-1,-1,-1,0,0,0,136,1,1,0,0.0000000,0.0000000,0.0000000,0,0,0,0
756346272096541 D 763,1758097339,1000,1553,1553,2.3822722,-0.00547,-1,-1,-1,0,0,0,136,1,1,0,0.0000000,0.0000000,0.0000000,0,0,0,0
756346273070458 D 764,1758098339,1000,1554,1554,2.3838062,0.05490,-1,-1,-1,0,0,0,136,1,1,0,0.0000000,0.0000000,0.0000000,0,0,0,0
756346274098208 D 765,1758099339,1000,1553,1553,2.3822722,-0.00740,-1,-1,-1,0,0,0,136,1,1,0,0.0000000,0.0000000,0.0000000,0,0,0,0
756346275131250 D 766,1758100339,1000,1553,1553,2.3822722,-0.00711,-1,-1,-1,0,0,0,136,1,1,0,0.0000000,0.0000000,0.0000000,0,0,0,0
756346276076916 D 767,1758101339,1000,1553,1553,2.3822722,-0.00684,-1,-1,-1,0,0,0,136,1,1,0,0.0000000,0.0000000,0.0000000,0,0,0,0
756346277458291 D 768,1758102339,1000,1553,1553,2.3822722,-0.00657,39,128,2047,0,0,0,136,1,1,0,0.0000000,0.0000000,0.0000000,0,0,0,0
756346278076708 D 769,1758103339,1000,1553,1553,2.3822722,-0.00631,-1,-1,-1,0,0,0,136,1,1,0,0.0000000,0.0000000,0.0000000,0,0,0,0
756346279092166 D 770,1758104339,1000,1553,1553,2.3822722,-0.00606,-1,-1,-1,0,0,0,136,1,1,0,0.0000000,0.0000000,0.0000000,0,0,0,0
756346280060583 D 771,1758105339,1000,1553,1553,2.3822722,-0.00582,-1,-1,-1,0,0,0,136,1,1,0,0.0000000,0.0000000,0.0000000,0,0,0,0
756346281072583 D 772,1758106339,1000,1553,1553,2.3822722,-0.00560,-1,-1,-1,0,0,0,136,1,1,0,0.0000000,0.0000000,0.0000000,0,0,0,0
756346282071250 D 773,1758107339,1000,1553,1553,2.3822722,-0.00538,-1,-1,-1,0,0,0,136,1,1,0,0.0000000,0.0000000,0.0000000,0,0,0,0
756346283067916 D 774,1758108339,1000,1553,1553,2.3822722,-0.00517,-1,-1,-1,0,0,0,136,1,1,0,0.0000000,0.0000000,0.0000000,0,0,0,0
756346284071875 D 775,1758109339,1000,1553,1553,2.3822722,-0.00496,-1,-1,-1,0,0,0,136,1,1,0,0.0000000,0.0000000,0.0000000,0,0,0,0
756346285062416 D 776,1758110339,1000,1554,1554,2.3838062,0.05538,-1,-1,-1,0,0,0,136,1,1,0,0.0000000,0.0000000,0.0000000,0,0,0,0
756346286070125 D 777,1758111339,1000,1553,1553,2.3822722,-0.00694,-1,-1,-1,0,0,0,135,1,1,0,0.0000000,0.0000000,0.0000000,0,0,0,0
756346287304541 D 778,1758112339,1000,1553,1553,2.3822722,-0.00667,-1,-1,-1,0,0,0,136,1,1,0,0.0000000,0.0000000,0.0000000,0,0,0,0
756346288283875 D 779,1758113339,1000,1553,1553,2.3822722,-0.00641,-1,-1,-1,0,0,0,136,1,1,0,0.0000000,0.0000000,0.0000000,0,0,0,0
756346289163750 D 780,1758114339,1000,1553,1553,2.3822722,-0.00616,-1,-1,-1,0,0,0,136,1,1,0,0.0000000,0.0000000,0.0000000,0,0,0,0
756346290098666 D 781,1758115339,1000,1553,1553,2.3822722,-0.00591,-1,-1,-1,0,0,0,136,1,1,0,0.0000000,0.0000000,0.0000000,0,0,0,0
756346291079583 D 782,1758116339,1000,1553,1553,2.3822722,-0.00568,-1,-1,-1,0,0,0,136,1,1,0,0.0000000,0.0000000,0.0000000,0,0,0,0
756346292058208 D 783,1758117339,1000,1553,1553,2.3822722,-0.00546,-1,-1,-1,0,0,0,136,1,1,0,0.0000000,0.0000000,0.0000000,0,0,0,0
756346293088125 D 784,1758118339,1000,1553,1553,2.3822722,-0.00525,-1,-1,-1,0,0,0,136,1,1,0,0.0000000,0.0000000,0.0000000,0,0,0,0
756346294071333 D 785,1758119339,1000,1553,1553,2.3822722,-0.00504,-1,-1,-1,0,0,0,136,1,1,0,0.0000000,0.0000000,0.0000000,0,0,0,0
756346295060833 D 786,1758120339,1000,1554,1554,2.3838062,0.05531,-1,-1,-1,0,0,0,136,1,1,0,0.0000000,0.0000000,0.0000000,0,0,0,0
756346296067416 D 787,1758121339,1000,1553,1553,2.3822722,-0.00701,-1,-1,-1,0,0,0,136,1,1,0,0.0000000,0.0000000,0.0000000,0,0,0,0
756346297101083 D 788,1758122339,1000,1553,1553,2.3822722,-0.00674,-1,-1,-1,0,0,0,136,1,1,0,0.0000000,0.0000000,0.0000000,0,0,0,0
756346298067166 D 789,1758123339,1000,1553,1553,2.3822722,-0.00647,-1,-1,-1,0,0,0,136,1,1,0,0.0000000,0.0000000,0.0000000,0,0,0,0
756346299081458 D 790,1758124339,1000,1553,1553,2.3822722,-0.00622,-1,-1,-1,0,0,0,136,1,1,0,0.0000000,0.0000000,0.0000000,0,0,0,0
756346300148416 D 791,1758125339,1000,1553,1553,2.3822722,-0.00597,-1,-1,-1,0,0,0,136,1,1,0,0.0000000,0.0000000,0.0000000,0,0,0,0
756346301105791 D 792,1758126339,1000,1553,1553,2.3822722,-0.00574,-1,-1,-1,0,0,0,136,1,1,0,0.0000000,0.0000000,0.0000000,0,0,0,0
756346302098000 D 793,1758127339,1000,1553,1553,2.3822722,-0.00551,-1,-1,-1,0,0,0,136,1,1,0,0.0000000,0.0000000,0.0000000,0,0,0,0
756346303079083 D 794,1758128339,1000,1553,1553,2.3822722,-0.00530,-1,-1,-1,0,0,0,136,1,1,0,0.0000000,0.0000000,0.0000000,0,0,0,0
756346304060041 D 795,1758129339,1000,1554,1554,2.3838062,0.05506,-1,-1,-1,0,0,0,136,1,1,0,0.0000000,0.0000000,0.0000000,0,0,0,0
756346305080708 D 796,1758130339,1000,1553,1553,2.3822722,-0.00725,-1,-1,-1,0,0,0,136,1,1,0,0.0000000,0.0000000,0.0000000,0,0,0,0
756346306077000 D 797,1758131339,1000,1553,1553,2.3822722,-0.00697,-1,-1,-1,0,0,0,136,1,1,0,0.0000000,0.0000000,0.0000000,0,0,0,0
756346307085416 D 798,1758132339,1000,1553,1553,2.3822722,-0.00669,-1,-1,-1,0,0,0,136,1,1,0,0.0000000,0.0000000,0.0000000,0,0,0,0
756346308084000 D 799,1758133339,1000,1553,1553,2.3822722,-0.00643,-1,-1,-1,0,0,0,136,1,1,0,0.0000000,0.0000000,0.0000000,0,0,0,0
756346309055416 D 800,1758134339,1000,1553,1553,2.3822722,-0.00618,-1,-1,-1,0,0,0,136,1,1,0,0.0000000,0.0000000,0.0000000,0,0,0,0
756346310055791 D 801,1758135339,1000,1554,1554,2.3838062,0.05421,-1,-1,-1,0,0,0,136,1,1,0,0.0000000,0.0000000,0.0000000,0,0,0,0
756346311054916 D 802,1758136339,1000,1553,1553,2.3822722,-0.00806,-1,-1,-1,0,0,0,136,1,1,0,0.0000000,0.0000000,0.0000000,0,0,0,0
756346312077458 D 803,1758137339,1000,1553,1553,2.3822722,-0.00775,-1,-1,-1,0,0,0,136,1,1,0,0.0000000,0.0000000,0.0000000,0,0,0,0
756346313060166 D 804,1758138339,1000,1553,1553,2.3822722,-0.00744,-1,-1,-1,0,0,0,136,1,1,0,0.0000000,0.0000000,0.0000000,0,0,0,0
756346314051458 D 805,1758139339,1000,1554,1554,2.3838062,0.05300,-1,-1,-1,0,0,0,136,1,1,0,0.0000000,0.0000000,0.0000000,0,0,0,0
756346315058291 D 806,1758140339,1000,1553,1553,2.3822722,-0.00923,-1,-1,-1,0,0,0,136,1,1,0,0.0000000,0.0000000,0.0000000,0,0,0,0
756346316284708 D 807,1758141339,1000,1553,1553,2.3822722,-0.00887,-1,-1,-1,0,0,0,136,1,1,0,0.0000000,0.0000000,0.0000000,0,0,0,0
756346317274500 D 808,1758142339,1000,1553,1553,2.3822722,-0.00852,-1,-1,-1,0,0,0,136,1,1,0,0.0000000,0.0000000,0.0000000,0,0,0,0
756346318286083 D 809,1758143339,1000,1553,1553,2.3822722,-0.00818,-1,-1,-1,0,0,0,136,1,1,0,0.0000000,0.0000000,0.0000000,0,0,0,0
756346319068833 D 810,1758144339,1000,1553,1553,2.3822722,-0.00786,-1,-1,-1,0,0,0,136,1,1,0,0.0000000,0.0000000,0.0000000,0,0,0,0
756346320059458 D 811,1758145339,1000,1553,1553,2.3822722,-0.00756,-1,-1,-1,0,0,0,136,1,1,0,0.0000000,0.0000000,0.0000000,0,0,0,0
756346321060625 D 812,1758146339,1000,1553,1553,2.3822722,-0.00726,-1,-1,-1,0,0,0,136,1,1,0,0.0000000,0.0000000,0.0000000,0,0,0,0
756346322091166 D 813,1758147339,1000,1553,1553,2.3822722,-0.00697,-1,-1,-1,0,0,0,136,1,1,0,0.0000000,0.0000000,0.0000000,0,0,0,0
756346323072666 D 814,1758148339,1000,1553,1553,2.3822722,-0.00670,-1,-1,-1,0,0,0,136,1,1,0,0.0000000,0.0000000,0.0000000,0,0,0,0
756346324057375 D 815,1758149339,1000,1553,1553,2.3822722,-0.00644,-1,-1,-1,0,0,0,136,1,1,0,0.0000000,0.0000000,0.0000000,0,0,0,0
756346325056958 D 816,1758150339,1000,1553,1553,2.3822722,-0.00619,-1,-1,-1,0,0,0,136,1,1,0,0.0000000,0.0000000,0.0000000,0,0,0,0
756346326056291 D 817,1758151339,1000,1553,1553,2.3822722,-0.00594,-1,-1,-1,0,0,0,136,1,1,0,0.0000000,0.0000000,0.0000000,0,0,0,0
756346327509625 D 818,1758152339,1000,1554,1554,2.3838062,0.05444,39,128,2046,0,0,0,136,1,1,0,0.0000000,0.0000000,0.0000000,0,0,0,0
756346328150833 D 819,1758153339,1000,1553,1553,2.3822722,-0.00784,-1,-1,-1,0,0,0,136,1,1,0,0.0000000,0.0000000,0.0000000,0,0,0,0
756346329057958 D 820,1758154339,1000,1553,1553,2.3822722,-0.00754,-1,-1,-1,0,0,0,136,1,1,0,0.0000000,0.0000000,0.0000000,0,0,0,0
756346330058875 D 821,1758155339,1000,1553,1553,2.3822722,-0.00724,-1,-1,-1,0,0,0,136,1,1,0,0.0000000,0.0000000,0.0000000,0,0,0,0
756346331055916 D 822,1758156339,1000,1553,1553,2.3822722,-0.00696,-1,-1,-1,0,0,0,136,1,1,0,0.0000000,0.0000000,0.0000000,0,0,0,0
756346332049500 D 823,1758157339,1000,1554,1554,2.3838062,0.05346,-1,-1,-1,0,0,0,136,1,1,0,0.0000000,0.0000000,0.0000000,0,0,0,0
756346333053916 D 824,1758158339,1000,1553,1553,2.3822722,-0.00878,-1,-1,-1,0,0,0,136,1,1,0,0.0000000,0.0000000,0.0000000,0,0,0,0
756346334063125 D 825,1758159339,1000,1553,1553,2.3822722,-0.00844,-1,-1,-1,0,0,0,136,1,1,0,0.0000000,0.0000000,0.0000000,0,0,0,0
756346335055833 D 826,1758160339,1000,1553,1553,2.3822722,-0.00811,-1,-1,-1,0,0,0,136,1,1,0,0.0000000,0.0000000,0.0000000,0,0,0,0
756346336051958 D 827,1758161339,1000,1553,1553,2.3822722,-0.00779,-1,-1,-1,0,0,0,136,1,1,0,0.0000000,0.0000000,0.0000000,0,0,0,0
756346337092166 D 828,1758162339,1000,1553,1553,2.3822722,-0.00748,-1,-1,-1,0,0,0,136,1,1,0,0.0000000,0.0000000,0.0000000,0,0,0,0
756346338320458 D 829,1758163339,1000,1554,1554,2.3838062,0.05296,-1,-1,-1,0,0,0,136,1,1,0,0.0000000,0.0000000,0.0000000,0,0,0,0
756346339210791 D 830,1758164339,1000,1553,1553,2.3822722,-0.00927,-1,-1,-1,0,0,0,136,1,1,0,0.0000000,0.0000000,0.0000000,0,0,0,0
756346340181125 D 831,1758165339,1000,1553,1553,2.3822722,-0.00890,-1,-1,-1,0,0,0,136,1,1,0,0.0000000,0.0000000,0.0000000,0,0,0,0
756346341120375 D 832,1758166339,1000,1553,1553,2.3822722,-0.00855,-1,-1,-1,0,0,0,136,1,1,0,0.0000000,0.0000000,0.0000000,0,0,0,0
756346342088458 D 833,1758167339,1000,1554,1554,2.3838062,0.05193,-1,-1,-1,0,0,0,136,1,1,0,0.0000000,0.0000000,0.0000000,0,0,0,0
756346343073125 D 834,1758168339,1000,1553,1553,2.3822722,-0.01025,-1,-1,-1,0,0,0,136,1,1,0,0.0000000,0.0000000,0.0000000,0,0,0,0
756346344075458 D 835,1758169339,1000,1554,1554,2.3838062,0.05030,-1,-1,-1,0,0,0,136,1,1,0,0.0000000,0.0000000,0.0000000,0,0,0,0
756346345069000 D 836,1758170339,1000,1554,1554,2.3838062,0.04832,-1,-1,-1,0,0,0,136,1,1,0,0.0000000,0.0000000,0.0000000,0,0,0,0
756346346070083 D 837,1758171339,1000,1553,1553,2.3822722,-0.01372,-1,-1,-1,0,0,0,136,1,1,0,0.0000000,0.0000000,0.0000000,0,0,0,0
756346347089916 D 838,1758172339,1000,1553,1553,2.3822722,-0.01318,-1,-1,-1,0,0,0,136,1,1,0,0.0000000,0.0000000,0.0000000,0,0,0,0
756346348090208 D 839,1758173339,1000,1554,1554,2.3838062,0.04748,-1,-1,-1,0,0,0,136,1,1,0,0.0000000,0.0000000,0.0000000,0,0,0,0
756346349170208 D 840,1758174339,1000,1553,1553,2.3822722,-0.01453,-1,-1,-1,0,0,0,136,1,1,0,0.0000000,0.0000000,0.0000000,0,0,0,0
756346350141541 D 841,1758175339,1000,1553,1553,2.3822722,-0.01396,-1,-1,-1,0,0,0,136,1,1,0,0.0000000,0.0000000,0.0000000,0,0,0,0
756346351113875 D 842,1758176339,1000,1553,1553,2.3822722,-0.01341,-1,-1,-1,0,0,0,136,1,1,0,0.0000000,0.0000000,0.0000000,0,0,0,0
756346352371125 D 843,1758177339,1000,1554,1554,2.3838062,0.04726,-1,-1,-1,0,0,0,136,1,1,0,0.0000000,0.0000000,0.0000000,0,0,0,0
756346353332416 D 844,1758178339,1000,1553,1553,2.3822722,-0.01474,-1,-1,-1,0,0,0,136,1,1,0,0.0000000,0.0000000,0.0000000,0,0,0,0
756346354259333 D 845,1758179339,1000,1553,1553,2.3822722,-0.01416,-1,-1,-1,0,0,0,136,1,1,0,0.0000000,0.0000000,0.0000000,0,0,0,0
756346355119083 D 846,1758180339,1000,1554,1554,2.3838062,0.04654,-1,-1,-1,0,0,0,136,1,1,0,0.0000000,0.0000000,0.0000000,0,0,0,0
756346356084041 D 847,1758181339,1000,1553,1553,2.3822722,-0.01543,-1,-1,-1,0,0,0,136,1,1,0,0.0000000,0.0000000,0.0000000,0,0,0,0
756346357078333 D 848,1758182339,1000,1553,1553,2.3822722,-0.01482,-1,-1,-1,0,0,0,136,1,1,0,0.0000000,0.0000000,0.0000000,0,0,0,0
756346358091291 D 849,1758183339,1000,1553,1553,2.3822722,-0.01424,-1,-1,-1,0,0,0,136,1,1,0,0.0000000,0.0000000,0.0000000,0,0,0,0
756346359085958 D 850,1758184339,1000,1553,1553,2.3822722,-0.01368,-1,-1,-1,0,0,0,136,1,1,0,0.0000000,0.0000000,0.0000000,0,0,0,0
756346360059541 D 851,1758185339,1000,1553,1553,2.3822722,-0.01315,-1,-1,-1,0,0,0,136,1,1,0,0.0000000,0.0000000,0.0000000,0,0,0,0
756346361076083 D 852,1758186339,1000,1553,1553,2.3822722,-0.01263,-1,-1,-1,0,0,0,136,1,1,0,0.0000000,0.0000000,0.0000000,0,0,0,0
756346362066916 D 853,1758187339,1000,1554,1554,2.3838062,0.04801,-1,-1,-1,0,0,0,136,1,1,0,0.0000000,0.0000000,0.0000000,0,0,0,0
756346363083083 D 854,1758188339,1000,1553,1553,2.3822722,-0.01402,-1,-1,-1,0,0,0,136,1,1,0,0.0000000,0.0000000,0.0000000,0,0,0,0
756346364075625 D 855,1758189339,1000,1553,1553,2.3822722,-0.01347,-1,-1,-1,0,0,0,136,1,1,0,0.0000000,0.0000000,0.0000000,0,0,0,0
756346365066666 D 856,1758190339,1000,1553,1553,2.3822722,-0.01294,-1,-1,-1,0,0,0,136,1,1,0,0.0000000,0.0000000,0.0000000,0,0,0,0
756346366081125 D 857,1758191339,1000,1553,1553,2.3822722,-0.01243,-1,-1,-1,0,0,0,136,1,1,0,0.0000000,0.0000000,0.0000000,0,0,0,0
756346367083625 D 858,1758192339,1000,1553,1553,2.3822722,-0.01195,-1,-1,-1,0,0,0,136,1,1,0,0.0000000,0.0000000,0.0000000,0,0,0,0
756346368096375 D 859,1758193339,1000,1553,1553,2.3822722,-0.01148,-1,-1,-1,0,0,0,136,1,1,0,0.0000000,0.0000000,0.0000000,0,0,0,0
756346369077500 D 860,1758194339,1000,1554,1554,2.3838062,0.04912,-1,-1,-1,0,0,0,136,1,1,0,0.0000000,0.0000000,0.0000000,0,0,0,0
756346370084041 D 861,1758195339,1000,1553,1553,2.3822722,-0.01295,-1,-1,-1,0,0,0,136,1,1,0,0.0000000,0.0000000,0.0000000,0,0,0,0
756346371103041 D 862,1758196339,1000,1553,1553,2.3822722,-0.01245,-1,-1,-1,0,0,0,136,1,1,0,0.0000000,0.0000000,0.0000000,0,0,0,0
756346372074625 D 863,1758197339,1000,1553,1553,2.3822722,-0.01196,-1,-1,-1,0,0,0,136,1,1,0,0.0000000,0.0000000,0.0000000,0,0,0,0
756346373092208 D 864,1758198339,1000,1553,1553,2.3822722,-0.01149,-1,-1,-1,0,0,0,136,1,1,0,0.0000000,0.0000000,0.0000000,0,0,0,0
756346374121375 D 865,1758199339,1000,1553,1553,2.3822722,-0.01104,-1,-1,-1,0,0,0,136,1,1,0,0.0000000,0.0000000,0.0000000,0,0,0,0
756346375092875 D 866,1758200339,1000,1553,1553,2.3822722,-0.01061,-1,-1,-1,0,0,0,136,1,1,0,0.0000000,0.0000000,0.0000000,0,0,0,0
756346376072375 D 867,1758201339,1000,1554,1554,2.3838062,0.04996,-1,-1,-1,0,0,0,136,1,1,0,0.0000000,0.0000000,0.0000000,0,0,0,0
756346377511750 D 868,1758202339,1000,1553,1553,2.3822722,-0.01215,39,128,2047,0,0,0,136,1,1,0,0.0000000,0.0000000,0.0000000,0,0,0,0
756346378128916 D 869,1758203339,1000,1553,1553,2.3822722,-0.01167,-1,-1,-1,0,0,0,136,1,1,0,0.0000000,0.0000000,0.0000000,0,0,0,0
756346379294166 D 870,1758204339,1000,1553,1553,2.3822722,-0.01121,-1,-1,-1,0,0,0,136,1,1,0,0.0000000,0.0000000,0.0000000,0,0,0,0
756346380287458 D 871,1758205339,1000,1553,1553,2.3822722,-0.01078,-1,-1,-1,0,0,0,136,1,1,0,0.0000000,0.0000000,0.0000000,0,0,0,0
756346381297166 D 872,1758206339,1000,1553,1553,2.3822722,-0.01035,-1,-1,-1,0,0,0,136,1,1,0,0.0000000,0.0000000,0.0000000,0,0,0,0
756346382135416 D 873,1758207339,1000,1554,1554,2.3838062,0.05020,-1,-1,-1,0,0,0,136,1,1,0,0.0000000,0.0000000,0.0000000,0,0,0,0
756346383074916 D 874,1758208339,1000,1553,1553,2.3822722,-0.01192,-1,-1,-1,0,0,0,136,1,1,0,0.0000000,0.0000000,0.0000000,0,0,0,0
756346384130208 D 875,1758209339,1000,1554,1554,2.3838062,0.04870,-1,-1,-1,0,0,0,136,1,1,0,0.0000000,0.0000000,0.0000000,0,0,0,0
756346385081833 D 876,1758210339,1000,1553,1553,2.3822722,-0.01336,-1,-1,-1,0,0,0,136,1,1,0,0.0000000,0.0000000,0.0000000,0,0,0,0
756346386077125 D 877,1758211339,1000,1553,1553,2.3822722,-0.01283,-1,-1,-1,0,0,0,136,1,1,0,0.0000000,0.0000000,0.0000000,0,0,0,0
756346387071666 D 878,1758212339,1000,1553,1553,2.3822722,-0.01233,-1,-1,-1,0,0,0,136,1,1,0,0.0000000,0.0000000,0.0000000,0,0,0,0
756346388066625 D 879,1758213339,1000,1553,1553,2.3822722,-0.01185,-1,-1,-1,0,0,0,136,1,1,0,0.0000000,0.0000000,0.0000000,0,0,0,0
756346389081166 D 880,1758214339,1000,1553,1553,2.3822722,-0.01138,-1,-1,-1,0,0,0,136,1,1,0,0.0000000,0.0000000,0.0000000,0,0,0,0
756346390073708 D 881,1758215339,1000,1553,1553,2.3822722,-0.01094,-1,-1,-1,0,0,0,136,1,1,0,0.0000000,0.0000000,0.0000000,0,0,0,0
756346391064458 D 882,1758216339,1000,1553,1553,2.3822722,-0.01051,-1,-1,-1,0,0,0,136,1,1,0,0.0000000,0.0000000,0.0000000,0,0,0,0
756346392072375 D 883,1758217339,1000,1553,1553,2.3822722,-0.01010,-1,-1,-1,0,0,0,136,1,1,0,0.0000000,0.0000000,0.0000000,0,0,0,0
756346393069833 D 884,1758218339,1000,1553,1553,2.3822722,-0.00970,-1,-1,-1,0,0,0,136,1,1,0,0.0000000,0.0000000,0.0000000,0,0,0,0
756346394066958 D 885,1758219339,1000,1553,1553,2.3822722,-0.00932,-1,-1,-1,0,0,0,136,1,1,0,0.0000000,0.0000000,0.0000000,0,0,0,0
756346395067708 D 886,1758220339,1000,1553,1553,2.3822722,-0.00895,-1,-1,-1,0,0,0,136,1,1,0,0.0000000,0.0000000,0.0000000,0,0,0,0
756346396057291 D 887,1758221339,1000,1554,1554,2.3838062,0.05155,-1,-1,-1,0,0,0,136,1,1,0,0.0000000,0.0000000,0.0000000,0,0,0,0
756346397078375 D 888,1758222339,1000,1553,1553,2.3822722,-0.01062,-1,-1,-1,0,0,0,136,1,1,0,0.0000000,0.0000000,0.0000000,0,0,0,0
756346398086916 D 889,1758223339,1000,1553,1553,2.3822722,-0.01021,-1,-1,-1,0,0,0,136,1,1,0,0.0000000,0.0000000,0.0000000,0,0,0,0
756346399072083 D 890,1758224339,1000,1553,1553,2.3822722,-0.00981,-1,-1,-1,0,0,0,136,1,1,0,0.0000000,0.0000000,0.0000000,0,0,0,0
756346400090208 D 891,1758225339,1000,1554,1554,2.3838062,0.05073,-1,-1,-1,0,0,0,136,1,1,0,0.0000000,0.0000000,0.0000000,0,0,0,0
756346401077166 D 892,1758226339,1000,1553,1553,2.3822722,-0.01141,-1,-1,-1,0,0,0,136,1,1,0,0.0000000,0.0000000,0.0000000,0,0,0,0
756346402062375 D 893,1758227339,1000,1553,1553,2.3822722,-0.01096,-1,-1,-1,0,0,0,136,1,1,0,0.0000000,0.0000000,0.0000000,0,0,0,0
756346403063125 D 894,1758228339,1000,1554,1554,2.3838062,0.04961,-1,-1,-1,0,0,0,136,1,1,0,0.0000000,0.0000000,0.0000000,0,0,0,0
756346404043541 D 895,1758229339,1000,1554,1554,2.3838062,0.04767,-1,-1,-1,0,0,0,136,1,1,0,0.0000000,0.0000000,0.0000000,0,0,0,0
756346405297583 D 896,1758230339,1000,1553,1553,2.3822722,-0.01435,-1,-1,-1,0,0,0,135,1,1,0,0.0000000,0.0000000,0.0000000,0,0,0,0
756346406271333 D 897,1758231339,1000,1553,1553,2.3822722,-0.01379,-1,-1,-1,0,0,0,136,1,1,0,0.0000000,0.0000000,0.0000000,0,0,0,0
756346407280708 D 898,1758232339,1000,1553,1553,2.3822722,-0.01325,-1,-1,-1,0,0,0,136,1,1,0,0.0000000,0.0000000,0.0000000,0,0,0,0
756346408071041 D 899,1758233339,1000,1553,1553,2.3822722,-0.01273,-1,-1,-1,0,0,0,136,1,1,0,0.0000000,0.0000000,0.0000000,0,0,0,0
756346409086208 D 900,1758234339,1000,1553,1553,2.3822722,-0.01223,-1,-1,-1,0,0,0,136,1,1,0,0.0000000,0.0000000,0.0000000,0,0,0,0
756346410111125 D 901,1758235339,1000,1553,1553,2.3822722,-0.01175,-1,-1,-1,0,0,0,136,1,1,0,0.0000000,0.0000000,0.0000000,0,0,0,0
756346411062458 D 902,1758236339,1000,1553,1553,2.3822722,-0.01129,-1,-1,-1,0,0,0,136,1,1,0,0.0000000,0.0000000,0.0000000,0,0,0,0
756346412069666 D 903,1758237339,1000,1553,1553,2.3822722,-0.01084,-1,-1,-1,0,0,0,136,1,1,0,0.0000000,0.0000000,0.0000000,0,0,0,0
756346413064166 D 904,1758238339,1000,1553,1553,2.3822722,-0.01042,-1,-1,-1,0,0,0,136,1,1,0,0.0000000,0.0000000,0.0000000,0,0,0,0
756346414055458 D 905,1758239339,1000,1553,1553,2.3822722,-0.01001,-1,-1,-1,0,0,0,136,1,1,0,0.0000000,0.0000000,0.0000000,0,0,0,0
756346415079291 D 906,1758240339,1000,1553,1553,2.3822722,-0.00962,-1,-1,-1,0,0,0,136,1,1,0,0.0000000,0.0000000,0.0000000,0,0,0,0
756346416104166 D 907,1758241339,1000,1553,1553,2.3822722,-0.00924,-1,-1,-1,0,0,0,136,1,1,0,0.0000000,0.0000000,0.0000000,0,0,0,0
756346417066541 D 908,1758242339,1000,1554,1554,2.3838062,0.05127,-1,-1,-1,0,0,0,136,1,1,0,0.0000000,0.0000000,0.0000000,0,0,0,0
756346418065083 D 909,1758243339,1000,1554,1554,2.3838062,0.04926,-1,-1,-1,0,0,0,136,1,1,0,0.0000000,0.0000000,0.0000000,0,0,0,0
756346419060750 D 910,1758244339,1000,1553,1553,2.3822722,-0.01282,-1,-1,-1,0,0,0,136,1,1,0,0.0000000,0.0000000,0.0000000,0,0,0,0
756346420061083 D 911,1758245339,1000,1553,1553,2.3822722,-0.01232,-1,-1,-1,0,0,0,136,1,1,0,0.0000000,0.0000000,0.0000000,0,0,0,0
756346421061541 D 912,1758246339,1000,1553,1553,2.3822722,-0.01183,-1,-1,-1,0,0,0,136,1,1,0,0.0000000,0.0000000,0.0000000,0,0,0,0
756346422101166 D 913,1758247339,1000,1553,1553,2.3822722,-0.01137,-1,-1,-1,0,0,0,136,1,1,0,0.0000000,0.0000000,0.0000000,0,0,0,0
756346423105458 D 914,1758248339,1000,1554,1554,2.3838062,0.04922,-1,-1,-1,0,0,0,136,1,1,0,0.0000000,0.0000000,0.0000000,0,0,0,0
756346424110958 D 915,1758249339,1000,1553,1553,2.3822722,-0.01285,-1,-1,-1,0,0,0,136,1,1,0,0.0000000,0.0000000,0.0000000,0,0,0,0
756346425103333 D 916,1758250339,1000,1553,1553,2.3822722,-0.01235,-1,-1,-1,0,0,0,136,1,1,0,0.0000000,0.0000000,0.0000000,0,0,0,0
756346426153500 D 917,1758251339,1000,1553,1553,2.3822722,-0.01187,-1,-1,-1,0,0,0,136,1,1,0,0.0000000,0.0000000,0.0000000,0,0,0,0
756346427529750 D 918,1758252339,1000,1553,1553,2.3822722,-0.01140,39,128,2047,0,0,0,136,1,1,0,0.0000000,0.0000000,0.0000000,0,0,0,0
756346428149291 D 919,1758253339,1000,1553,1553,2.3822722,-0.01095,-1,-1,-1,0,0,0,136,1,1,0,0.0000000,0.0000000,0.0000000,0,0,0,0
756346429123875 D 920,1758254339,1000,1553,1553,2.3822722,-0.01052,-1,-1,-1,0,0,0,136,1,1,0,0.0000000,0.0000000,0.0000000,0,0,0,0
756346430071000 D 921,1758255339,1000,1554,1554,2.3838062,0.05004,-1,-1,-1,0,0,0,136,1,1,0,0.0000000,0.0000000,0.0000000,0,0,0,0
756346431086000 D 922,1758256339,1000,1553,1553,2.3822722,-0.01207,-1,-1,-1,0,0,0,136,1,1,0,0.0000000,0.0000000,0.0000000,0,0,0,0
756346432085875 D 923,1758257339,1000,1553,1553,2.3822722,-0.01160,-1,-1,-1,0,0,0,136,1,1,0,0.0000000,0.0000000,0.0000000,0,0,0,0
756346433079583 D 924,1758258339,1000,1553,1553,2.3822722,-0.01115,-1,-1,-1,0,0,0,136,1,1,0,0.0000000,0.0000000,0.0000000,0,0,0,0
756346434067291 D 925,1758259339,1000,1554,1554,2.3838062,0.04944,-1,-1,-1,0,0,0,136,1,1,0,0.0000000,0.0000000,0.0000000,0,0,0,0
756346435091083 D 926,1758260339,1000,1553,1553,2.3822722,-0.01265,-1,-1,-1,0,0,0,136,1,1,0,0.0000000,0.0000000,0.0000000,0,0,0,0
756346436072958 D 927,1758261339,1000,1553,1553,2.3822722,-0.01215,-1,-1,-1,0,0,0,136,1,1,0,0.0000000,0.0000000,0.0000000,0,0,0,0
756346437067375 D 928,1758262339,1000,1553,1553,2.3822722,-0.01167,-1,-1,-1,0,0,0,136,1,1,0,0.0000000,0.0000000,0.0000000,0,0,0,0
756346438065041 D 929,1758263339,1000,1553,1553,2.3822722,-0.01122,-1,-1,-1,0,0,0,136,1,1,0,0.0000000,0.0000000,0.0000000,0,0,0,0
756346439284708 D 930,1758264339,1000,1553,1553,2.3822722,-0.01078,-1,-1,-1,0,0,0,136,1,1,0,0.0000000,0.0000000,0.0000000,0,0,0,0
756346440291000 D 931,1758265339,1000,1553,1553,2.3822722,-0.01035,-1,-1,-1,0,0,0,136,1,1,0,0.0000000,0.0000000,0.0000000,0,0,0,0
756346441205000 D 932,1758266339,1000,1553,1553,2.3822722,-0.00995,-1,-1,-1,0,0,0,136,1,1,0,0.0000000,0.0000000,0.0000000,0,0,0,0
756346442070583 D 933,1758267339,1000,1553,1553,2.3822722,-0.00956,-1,-1,-1,0,0,0,136,1,1,0,0.0000000,0.0000000,0.0000000,0,0,0,0
756346443071375 D 934,1758268339,1000,1553,1553,2.3822722,-0.00918,-1,-1,-1,0,0,0,136,1,1,0,0.0000000,0.0000000,0.0000000,0,0,0,0
756346444058708 D 935,1758269339,1000,1553,1553,2.3822722,-0.00882,-1,-1,-1,0,0,0,136,1,1,0,0.0000000,0.0000000,0.0000000,0,0,0,0
756346445063041 D 936,1758270339,1000,1553,1553,2.3822722,-0.00848,-1,-1,-1,0,0,0,136,1,1,0,0.0000000,0.0000000,0.0000000,0,0,0,0
756346446083000 D 937,1758271339,1000,1553,1553,2.3822722,-0.00815,-1,-1,-1,0,0,0,136,1,1,0,0.0000000,0.0000000,0.0000000,0,0,0,0
756346447092833 D 938,1758272339,1000,1553,1553,2.3822722,-0.00783,-1,-1,-1,0,0,0,136,1,1,0,0.0000000,0.0000000,0.0000000,0,0,0,0
756346448073250 D 939,1758273339,1000,1554,1554,2.3838062,0.05263,-1,-1,-1,0,0,0,136,1,1,0,0.0000000,0.0000000,0.0000000,0,0,0,0
756346449095875 D 940,1758274339,1000,1553,1553,2.3822722,-0.00958,-1,-1,-1,0,0,0,136,1,1,0,0.0000000,0.0000000,0.0000000,0,0,0,0
756346450176458 D 941,1758275339,1000,1553,1553,2.3822722,-0.00921,-1,-1,-1,0,0,0,136,1,1,0,0.0000000,0.0000000,0.0000000,0,0,0,0
756346451157583 D 942,1758276339,1000,1554,1554,2.3838062,0.05130,-1,-1,-1,0,0,0,136,1,1,0,0.0000000,0.0000000,0.0000000,0,0,0,0
756346452091333 D 943,1758277339,1000,1553,1553,2.3822722,-0.01086,-1,-1,-1,0,0,0,136,1,1,0,0.0000000,0.0000000,0.0000000,0,0,0,0
756346453087458 D 944,1758278339,1000,1553,1553,2.3822722,-0.01043,-1,-1,-1,0,0,0,136,1,1,0,0.0000000,0.0000000,0.0000000,0,0,0,0
756346454083291 D 945,1758279339,1000,1553,1553,2.3822722,-0.01002,-1,-1,-1,0,0,0,136,1,1,0,0.0000000,0.0000000,0.0000000,0,0,0,0
756346455075916 D 946,1758280339,1000,1553,1553,2.3822722,-0.00963,-1,-1,-1,0,0,0,136,1,1,0,0.0000000,0.0000000,0.0000000,0,0,0,0
756346456082000 D 947,1758281339,1000,1553,1553,2.3822722,-0.00925,-1,-1,-1,0,0,0,136,1,1,0,0.0000000,0.0000000,0.0000000,0,0,0,0
756346457089208 D 948,1758282339,1000,1553,1553,2.3822722,-0.00889,-1,-1,-1,0,0,0,136,1,1,0,0.0000000,0.0000000,0.0000000,0,0,0,0
756346458095833 D 949,1758283339,1000,1553,1553,2.3822722,-0.00854,-1,-1,-1,0,0,0,136,1,1,0,0.0000000,0.0000000,0.0000000,0,0,0,0
756346459075541 D 950,1758284339,1000,1553,1553,2.3822722,-0.00821,-1,-1,-1,0,0,0,136,1,1,0,0.0000000,0.0000000,0.0000000,0,0,0,0
756346460073500 D 951,1758285339,1000,1553,1553,2.3822722,-0.00788,-1,-1,-1,0,0,0,136,1,1,0,0.0000000,0.0000000,0.0000000,0,0,0,0
756346461070750 D 952,1758286339,1000,1553,1553,2.3822722,-0.00758,-1,-1,-1,0,0,0,136,1,1,0,0.0000000,0.0000000,0.0000000,0,0,0,0
756346462078791 D 953,1758287339,1000,1553,1553,2.3822722,-0.00728,-1,-1,-1,0,0,0,136,1,1,0,0.0000000,0.0000000,0.0000000,0,0,0,0
756346463106750 D 954,1758288339,1000,1553,1553,2.3822722,-0.00699,-1,-1,-1,0,0,0,136,1,1,0,0.0000000,0.0000000,0.0000000,0,0,0,0
756346464087833 D 955,1758289339,1000,1553,1553,2.3822722,-0.00672,-1,-1,-1,0,0,0,136,1,1,0,0.0000000,0.0000000,0.0000000,0,0,0,0
756346465072750 D 956,1758290339,1000,1553,1553,2.3822722,-0.00646,-1,-1,-1,0,0,0,136,1,1,0,0.0000000,0.0000000,0.0000000,0,0,0,0
756346466074083 D 957,1758291339,1000,1553,1553,2.3822722,-0.00620,-1,-1,-1,0,0,0,136,1,1,0,0.0000000,0.0000000,0.0000000,0,0,0,0
756346467057083 D 958,1758292339,1000,1554,1554,2.3838062,0.05419,-1,-1,-1,0,0,0,136,1,1,0,0.0000000,0.0000000,0.0000000,0,0,0,0
756346468294333 D 959,1758293339,1000,1553,1553,2.3822722,-0.00808,-1,-1,-1,0,0,0,136,1,1,0,0.0000000,0.0000000,0.0000000,0,0,0,0
756346469310916 D 960,1758294339,1000,1553,1553,2.3822722,-0.00777,-1,-1,-1,0,0,0,136,1,1,0,0.0000000,0.0000000,0.0000000,0,0,0,0
756346470313875 D 961,1758295339,1000,1553,1553,2.3822722,-0.00746,-1,-1,-1,0,0,0,136,1,1,0,0.0000000,0.0000000,0.0000000,0,0,0,0
756346471113833 D 962,1758296339,1000,1553,1553,2.3822722,-0.00717,-1,-1,-1,0,0,0,136,1,1,0,0.0000000,0.0000000,0.0000000,0,0,0,0
756346472124708 D 963,1758297339,1000,1553,1553,2.3822722,-0.00689,-1,-1,-1,0,0,0,136,1,1,0,0.0000000,0.0000000,0.0000000,0,0,0,0
756346473152250 D 964,1758298339,1000,1553,1553,2.3822722,-0.00662,-1,-1,-1,0,0,0,136,1,1,0,0.0000000,0.0000000,0.0000000,0,0,0,0
756346474136375 D 965,1758299339,1000,1554,1554,2.3838062,0.05379,-1,-1,-1,0,0,0,136,1,1,0,0.0000000,0.0000000,0.0000000,0,0,0,0
756346475231708 D 966,1758300339,1000,1553,1553,2.3822722,-0.00847,-1,-1,-1,0,0,0,136,1,1,0,0.0000000,0.0000000,0.0000000,0,0,0,0
756346476236041 D 967,1758301339,1000,1553,1553,2.3822722,-0.00814,-1,-1,-1,0,0,0,136,1,1,0,0.0000000,0.0000000,0.0000000,0,0,0,0
756346477530875 D 968,1758302339,1000,1553,1553,2.3822722,-0.00782,39,128,2046,0,0,0,136,1,1,0,0.0000000,0.0000000,0.0000000,0,0,0,0
756346478178125 D 969,1758303339,1000,1553,1553,2.3822722,-0.00751,-1,-1,-1,0,0,0,136,1,1,0,0.0000000,0.0000000,0.0000000,0,0,0,0
756346479142625 D 970,1758304339,1000,1553,1553,2.3822722,-0.00722,-1,-1,-1,0,0,0,136,1,1,0,0.0000000,0.0000000,0.0000000,0,0,0,0
756346480159666 D 971,1758305339,1000,1553,1553,2.3822722,-0.00693,-1,-1,-1,0,0,0,136,1,1,0,0.0000000,0.0000000,0.0000000,0,0,0,0
756346481233916 D 972,1758306339,1000,1553,1553,2.3822722,-0.00666,-1,-1,-1,0,0,0,136,1,1,0,0.0000000,0.0000000,0.0000000,0,0,0,0
756346482183833 D 973,1758307339,1000,1553,1553,2.3822722,-0.00640,-1,-1,-1,0,0,0,136,1,1,0,0.0000000,0.0000000,0.0000000,0,0,0,0
756346483188041 D 974,1758308339,1000,1553,1553,2.3822722,-0.00615,-1,-1,-1,0,0,0,136,1,1,0,0.0000000,0.0000000,0.0000000,0,0,0,0
756346484524875 D 975,1758309339,1000,1553,1553,2.3822722,-0.00591,-1,-1,-1,0,0,0,136,1,1,0,0.0000000,0.0000000,0.0000000,0,0,0,0
756346485200708 D 976,1758310339,1000,1553,1553,2.3822722,-0.00568,-1,-1,-1,0,0,0,136,1,1,0,0.0000000,0.0000000,0.0000000,0,0,0,0
756346486144500 D 977,1758311339,1000,1553,1553,2.3822722,-0.00545,-1,-1,-1,0,0,0,136,1,1,0,0.0000000,0.0000000,0.0000000,0,0,0,0
756346487120333 D 978,1758312339,1000,1553,1553,2.3822722,-0.00524,-1,-1,-1,0,0,0,136,1,1,0,0.0000000,0.0000000,0.0000000,0,0,0,0
756346488079500 D 979,1758313339,1000,1554,1554,2.3838062,0.05511,-1,-1,-1,0,0,0,136,1,1,0,0.0000000,0.0000000,0.0000000,0,0,0,0
756346489068666 D 980,1758314339,1000,1553,1553,2.3822722,-0.00720,-1,-1,-1,0,0,0,136,1,1,0,0.0000000,0.0000000,0.0000000,0,0,0,0
756346490074166 D 981,1758315339,1000,1553,1553,2.3822722,-0.00691,-1,-1,-1,0,0,0,136,1,1,0,0.0000000,0.0000000,0.0000000,0,0,0,0
756346491092958 D 982,1758316339,1000,1553,1553,2.3822722,-0.00664,-1,-1,-1,0,0,0,136,1,1,0,0.0000000,0.0000000,0.0000000,0,0,0,0
756346492080041 D 983,1758317339,1000,1553,1553,2.3822722,-0.00638,-1,-1,-1,0,0,0,136,1,1,0,0.0000000,0.0000000,0.0000000,0,0,0,0
756346493069916 D 984,1758318339,1000,1553,1553,2.3822722,-0.00613,-1,-1,-1,0,0,0,136,1,1,0,0.0000000,0.0000000,0.0000000,0,0,0,0
756346494105416 D 985,1758319339,1000,1553,1553,2.3822722,-0.00589,-1,-1,-1,0,0,0,136,1,1,0,0.0000000,0.0000000,0.0000000,0,0,0,0
756346495071375 D 986,1758320339,1000,1553,1553,2.3822722,-0.00566,-1,-1,-1,0,0,0,136,1,1,0,0.0000000,0.0000000,0.0000000,0,0,0,0
756346496072375 D 987,1758321339,1000,1553,1553,2.3822722,-0.00544,-1,-1,-1,0,0,0,136,1,1,0,0.0000000,0.0000000,0.0000000,0,0,0,0
756346497112375 D 988,1758322339,1000,1553,1553,2.3822722,-0.00522,-1,-1,-1,0,0,0,136,1,1,0,0.0000000,0.0000000,0.0000000,0,0,0,0
756346498111083 D 989,1758323339,1000,1553,1553,2.3822722,-0.00502,-1,-1,-1,0,0,0,136,1,1,0,0.0000000,0.0000000,0.0000000,0,0,0,0
756346499081458 D 990,1758324339,1000,1553,1553,2.3822722,-0.00482,-1,-1,-1,0,0,0,136,1,1,0,0.0000000,0.0000000,0.0000000,0,0,0,0
756346500091000 D 991,1758325339,1000,1553,1553,2.3822722,-0.00463,-1,-1,-1,0,0,0,136,1,1,0,0.0000000,0.0000000,0.0000000,0,0,0,0
756346501073375 D 992,1758326339,1000,1553,1553,2.3822722,-0.00445,-1,-1,-1,0,0,0,136,1,1,0,0.0000000,0.0000000,0.0000000,0,0,0,0
756346502067125 D 993,1758327339,1000,1553,1553,2.3822722,-0.00428,-1,-1,-1,0,0,0,136,1,1,0,0.0000000,0.0000000,0.0000000,0,0,0,0
756346503060458 D 994,1758328339,1000,1553,1553,2.3822722,-0.00411,-1,-1,-1,0,0,0,136,1,1,0,0.0000000,0.0000000,0.0000000,0,0,0,0
756346504071666 D 995,1758329339,1000,1553,1553,2.3822722,-0.00395,-1,-1,-1,0,0,0,136,1,1,0,0.0000000,0.0000000,0.0000000,0,0,0,0
756346505069666 D 996,1758330339,1000,1553,1553,2.3822722,-0.00379,-1,-1,-1,0,0,0,136,1,1,0,0.0000000,0.0000000,0.0000000,0,0,0,0
756346506299791 D 997,1758331339,1000,1554,1554,2.3838062,0.05650,-1,-1,-1,0,0,0,136,1,1,0,0.0000000,0.0000000,0.0000000,0,0,0,0
756346507289875 D 998,1758332339,1000,1553,1553,2.3822722,-0.00586,-1,-1,-1,0,0,0,136,1,1,0,0.0000000,0.0000000,0.0000000,0,0,0,0
756346508269166 D 999,1758333339,1000,1553,1553,2.3822722,-0.00563,-1,-1,-1,0,0,0,136,1,1,0,0.0000000,0.0000000,0.0000000,0,0,0,0
756346509107000 D 1000,1758334339,1000,1553,1553,2.3822722,-0.00541,-1,-1,-1,0,0,0,136,1,1,0,0.0000000,0.0000000,0.0000000,0,0,0,0
756346510140125 D 1001,1758335339,1000,1553,1553,2.3822722,-0.00520,-1,-1,-1,0,0,0,136,1,1,0,0.0000000,0.0000000,0.0000000,0,0,0,0
756346511097625 D 1002,1758336339,1000,1553,1553,2.3822722,-0.00499,-1,-1,-1,0,0,0,136,1,1,0,0.0000000,0.0000000,0.0000000,0,0,0,0
756346512086291 D 1003,1758337339,1000,1554,1554,2.3838062,0.05535,-1,-1,-1,0,0,0,136,1,1,0,0.0000000,0.0000000,0.0000000,0,0,0,0
756346513106583 D 1004,1758338339,1000,1554,1554,2.3838062,0.05318,-1,-1,-1,0,0,0,136,1,1,0,0.0000000,0.0000000,0.0000000,0,0,0,0
756346514093208 D 1005,1758339339,1000,1553,1553,2.3822722,-0.00905,-1,-1,-1,0,0,0,136,1,1,0,0.0000000,0.0000000,0.0000000,0,0,0,0
756346515079625 D 1006,1758340339,1000,1553,1553,2.3822722,-0.00870,-1,-1,-1,0,0,0,136,1,1,0,0.0000000,0.0000000,0.0000000,0,0,0,0
756346516078916 D 1007,1758341339,1000,1553,1553,2.3822722,-0.00836,-1,-1,-1,0,0,0,136,1,1,0,0.0000000,0.0000000,0.0000000,0,0,0,0
756346517072291 D 1008,1758342339,1000,1553,1553,2.3822722,-0.00803,-1,-1,-1,0,0,0,136,1,1,0,0.0000000,0.0000000,0.0000000,0,0,0,0
756346518071000 D 1009,1758343339,1000,1553,1553,2.3822722,-0.00772,-1,-1,-1,0,0,0,136,1,1,0,0.0000000,0.0000000,0.0000000,0,0,0,0
756346519062000 D 1010,1758344339,1000,1554,1554,2.3838062,0.05274,-1,-1,-1,0,0,0,136,1,1,0,0.0000000,0.0000000,0.0000000,0,0,0,0
756346520056333 D 1011,1758345339,1000,1553,1553,2.3822722,-0.00948,-1,-1,-1,0,0,0,136,1,1,0,0.0000000,0.0000000,0.0000000,0,0,0,0
756346521057083 D 1012,1758346339,1000,1553,1553,2.3822722,-0.00911,-1,-1,-1,0,0,0,136,1,1,0,0.0000000,0.0000000,0.0000000,0,0,0,0
756346522062416 D 1013,1758347339,1000,1553,1553,2.3822722,-0.00875,-1,-1,-1,0,0,0,136,1,1,0,0.0000000,0.0000000,0.0000000,0,0,0,0
756346523061625 D 1014,1758348339,1000,1554,1554,2.3838062,0.05174,-1,-1,-1,0,0,0,136,1,1,0,0.0000000,0.0000000,0.0000000,0,0,0,0
756346524070750 D 1015,1758349339,1000,1553,1553,2.3822722,-0.01044,-1,-1,-1,0,0,0,136,1,1,0,0.0000000,0.0000000,0.0000000,0,0,0,0
756346525078958 D 1016,1758350339,1000,1553,1553,2.3822722,-0.01003,-1,-1,-1,0,0,0,136,1,1,0,0.0000000,0.0000000,0.0000000,0,0,0,0
756346526072541 D 1017,1758351339,1000,1554,1554,2.3838062,0.05051,-1,-1,-1,0,0,0,136,1,1,0,0.0000000,0.0000000,0.0000000,0,0,0,0
756346527514041 D 1018,1758352339,1000,1553,1553,2.3822722,-0.01162,39,128,2047,0,0,0,136,1,1,0,0.0000000,0.0000000,0.0000000,0,0,0,0
756346528159750 D 1019,1758353339,1000,1553,1553,2.3822722,-0.01116,-1,-1,-1,0,0,0,136,1,1,0,0.0000000,0.0000000,0.0000000,0,0,0,0
756346529077666 D 1020,1758354339,1000,1553,1553,2.3822722,-0.01072,-1,-1,-1,0,0,0,136,1,1,0,0.0000000,0.0000000,0.0000000,0,0,0,0
756346530071458 D 1021,1758355339,1000,1553,1553,2.3822722,-0.01030,-1,-1,-1,0,0,0,136,1,1,0,0.0000000,0.0000000,0.0000000,0,0,0,0
756346531072000 D 1022,1758356339,1000,1553,1553,2.3822722,-0.00990,-1,-1,-1,0,0,0,136,1,1,0,0.0000000,0.0000000,0.0000000,0,0,0,0
756346532061291 D 1023,1758357339,1000,1553,1553,2.3822722,-0.00951,-1,-1,-1,0,0,0,136,1,1,0,0.0000000,0.0000000,0.0000000,0,0,0,0
756346533062500 D 1024,1758358339,1000,1553,1553,2.3822722,-0.00914,-1,-1,-1,0,0,0,136,1,1,0,0.0000000,0.0000000,0.0000000,0,0,0,0
756346534063166 D 1025,1758359339,1000,1553,1553,2.3822722,-0.00878,-1,-1,-1,0,0,0,136,1,1,0,0.0000000,0.0000000,0.0000000,0,0,0,0
756346535065541 D 1026,1758360339,1000,1553,1553,2.3822722,-0.00843,-1,-1,-1,0,0,0,136,1,1,0,0.0000000,0.0000000,0.0000000,0,0,0,0
756346536056041 D 1027,1758361339,1000,1553,1553,2.3822722,-0.00810,-1,-1,-1,0,0,0,136,1,1,0,0.0000000,0.0000000,0.0000000,0,0,0,0
756346537060375 D 1028,1758362339,1000,1553,1553,2.3822722,-0.00779,-1,-1,-1,0,0,0,136,1,1,0,0.0000000,0.0000000,0.0000000,0,0,0,0
756346538297416 D 1029,1758363339,1000,1553,1553,2.3822722,-0.00748,-1,-1,-1,0,0,0,136,1,1,0,0.0000000,0.0000000,0.0000000,0,0,0,0
756346539307333 D 1030,1758364339,1000,1553,1553,2.3822722,-0.00719,-1,-1,-1,0,0,0,136,1,1,0,0.0000000,0.0000000,0.0000000,0,0,0,0
756346540158916 D 1031,1758365339,1000,1553,1553,2.3822722,-0.00691,-1,-1,-1,0,0,0,136,1,1,0,0.0000000,0.0000000,0.0000000,0,0,0,0
756346541079166 D 1032,1758366339,1000,1553,1553,2.3822722,-0.00663,-1,-1,-1,0,0,0,136,1,1,0,0.0000000,0.0000000,0.0000000,0,0,0,0
756346542067208 D 1033,1758367339,1000,1553,1553,2.3822722,-0.00637,-1,-1,-1,0,0,0,136,1,1,0,0.0000000,0.0000000,0.0000000,0,0,0,0
756346543060958 D 1034,1758368339,1000,1553,1553,2.3822722,-0.00612,-1,-1,-1,0,0,0,136,1,1,0,0.0000000,0.0000000,0.0000000,0,0,0,0
756346544066416 D 1035,1758369339,1000,1553,1553,2.3822722,-0.00588,-1,-1,-1,0,0,0,136,1,1,0,0.0000000,0.0000000,0.0000000,0,0,0,0
756346545060791 D 1036,1758370339,1000,1553,1553,2.3822722,-0.00565,-1,-1,-1,0,0,0,136,1,1,0,0.0000000,0.0000000,0.0000000,0,0,0,0
756346546074166 D 1037,1758371339,1000,1553,1553,2.3822722,-0.00543,-1,-1,-1,0,0,0,136,1,1,0,0.0000000,0.0000000,0.0000000,0,0,0,0
756346547095333 D 1038,1758372339,1000,1553,1553,2.3822722,-0.00522,-1,-1,-1,0,0,0,136,1,1,0,0.0000000,0.0000000,0.0000000,0,0,0,0
756346548084625 D 1039,1758373339,1000,1553,1553,2.3822722,-0.00501,-1,-1,-1,0,0,0,136,1,1,0,0.0000000,0.0000000,0.0000000,0,0,0,0
756346549072333 D 1040,1758374339,1000,1553,1553,2.3822722,-0.00482,-1,-1,-1,0,0,0,136,1,1,0,0.0000000,0.0000000,0.0000000,0,0,0,0
756346550066916 D 1041,1758375339,1000,1554,1554,2.3838062,0.05552,-1,-1,-1,0,0,0,136,1,1,0,0.0000000,0.0000000,0.0000000,0,0,0,0
756346551145791 D 1042,1758376339,1000,1553,1553,2.3822722,-0.00681,-1,-1,-1,0,0,0,136,1,1,0,0.0000000,0.0000000,0.0000000,0,0,0,0
756346552143458 D 1043,1758377339,1000,1553,1553,2.3822722,-0.00654,-1,-1,-1,0,0,0,136,1,1,0,0.0000000,0.0000000,0.0000000,0,0,0,0
756346553091791 D 1044,1758378339,1000,1553,1553,2.3822722,-0.00628,-1,-1,-1,0,0,0,136,1,1,0,0.0000000,0.0000000,0.0000000,0,0,0,0
756346554104125 D 1045,1758379339,1000,1553,1553,2.3822722,-0.00604,-1,-1,-1,0,0,0,136,1,1,0,0.0000000,0.0000000,0.0000000,0,0,0,0
756346555095958 D 1046,1758380339,1000,1553,1553,2.3822722,-0.00580,-1,-1,-1,0,0,0,136,1,1,0,0.0000000,0.0000000,0.0000000,0,0,0,0
756346556094083 D 1047,1758381339,1000,1553,1553,2.3822722,-0.00557,-1,-1,-1,0,0,0,136,1,1,0,0.0000000,0.0000000,0.0000000,0,0,0,0
756346557096916 D 1048,1758382339,1000,1554,1554,2.3838062,0.05479,-1,-1,-1,0,0,0,136,1,1,0,0.0000000,0.0000000,0.0000000,0,0,0,0
756346558091958 D 1049,1758383339,1000,1553,1553,2.3822722,-0.00750,-1,-1,-1,0,0,0,136,1,1,0,0.0000000,0.0000000,0.0000000,0,0,0,0
756346559083708 D 1050,1758384339,1000,1553,1553,2.3822722,-0.00721,-1,-1,-1,0,0,0,136,1,1,0,0.0000000,0.0000000,0.0000000,0,0,0,0
756346560068541 D 1051,1758385339,1000,1553,1553,2.3822722,-0.00693,-1,-1,-1,0,0,0,136,1,1,0,0.0000000,0.0000000,0.0000000,0,0,0,0
756346561073666 D 1052,1758386339,1000,1553,1553,2.3822722,-0.00665,-1,-1,-1,0,0,0,136,1,1,0,0.0000000,0.0000000,0.0000000,0,0,0,0
756346562092875 D 1053,1758387339,1000,1553,1553,2.3822722,-0.00639,-1,-1,-1,0,0,0,136,1,1,0,0.0000000,0.0000000,0.0000000,0,0,0,0
756346563070916 D 1054,1758388339,1000,1554,1554,2.3838062,0.05401,-1,-1,-1,0,0,0,136,1,1,0,0.0000000,0.0000000,0.0000000,0,0,0,0
756346564059125 D 1055,1758389339,1000,1553,1553,2.3822722,-0.00826,-1,-1,-1,0,0,0,136,1,1,0,0.0000000,0.0000000,0.0000000,0,0,0,0
756346565301750 D 1056,1758390339,1000,1553,1553,2.3822722,-0.00794,-1,-1,-1,0,0,0,136,1,1,0,0.0000000,0.0000000,0.0000000,0,0,0,0
756346566282083 D 1057,1758391339,1000,1553,1553,2.3822722,-0.00762,-1,-1,-1,0,0,0,136,1,1,0,0.0000000,0.0000000,0.0000000,0,0,0,0
756346567290958 D 1058,1758392339,1000,1553,1553,2.3822722,-0.00733,-1,-1,-1,0,0,0,136,1,1,0,0.0000000,0.0000000,0.0000000,0,0,0,0
756346568066541 D 1059,1758393339,1000,1553,1553,2.3822722,-0.00704,-1,-1,-1,0,0,0,136,1,1,0,0.0000000,0.0000000,0.0000000,0,0,0,0
756346569070250 D 1060,1758394339,1000,1553,1553,2.3822722,-0.00676,-1,-1,-1,0,0,0,136,1,1,0,0.0000000,0.0000000,0.0000000,0,0,0,0
756346570069666 D 1061,1758395339,1000,1553,1553,2.3822722,-0.00650,-1,-1,-1,0,0,0,136,1,1,0,0.0000000,0.0000000,0.0000000,0,0,0,0
756346571090916 D 1062,1758396339,1000,1554,1554,2.3838062,0.05391,-1,-1,-1,0,0,0,136,1,1,0,0.0000000,0.0000000,0.0000000,0,0,0,0
756346572121625 D 1063,1758397339,1000,1553,1553,2.3822722,-0.00836,-1,-1,-1,0,0,0,136,1,1,0,0.0000000,0.0000000,0.0000000,0,0,0,0
756346573151541 D 1064,1758398339,1000,1553,1553,2.3822722,-0.00803,-1,-1,-1,0,0,0,135,1,1,0,0.0000000,0.0000000,0.0000000,0,0,0,0
756346574108250 D 1065,1758399339,1000,1553,1553,2.3822722,-0.00771,-1,-1,-1,0,0,0,136,1,1,0,0.0000000,0.0000000,0.0000000,0,0,0,0
756346575094958 D 1066,1758400339,1000,1554,1554,2.3838062,0.05274,-1,-1,-1,0,0,0,136,1,1,0,0.0000000,0.0000000,0.0000000,0,0,0,0
756346576086416 D 1067,1758401339,1000,1553,1553,2.3822722,-0.00948,-1,-1,-1,0,0,0,136,1,1,0,0.0000000,0.0000000,0.0000000,0,0,0,0
756346577521416 D 1068,1758402339,1000,1553,1553,2.3822722,-0.00911,39,128,2047,0,0,0,136,1,1,0,0.0000000,0.0000000,0.0000000,0,0,0,0
756346578147833 D 1069,1758403339,1000,1553,1553,2.3822722,-0.00875,-1,-1,-1,0,0,0,136,1,1,0,0.0000000,0.0000000,0.0000000,0,0,0,0
756346579084333 D 1070,1758404339,1000,1553,1553,2.3822722,-0.00841,-1,-1,-1,0,0,0,136,1,1,0,0.0000000,0.0000000,0.0000000,0,0,0,0
756346580072375 D 1071,1758405339,1000,1553,1553,2.3822722,-0.00808,-1,-1,-1,0,0,0,136,1,1,0,0.0000000,0.0000000,0.0000000,0,0,0,0
756346581071708 D 1072,1758406339,1000,1553,1553,2.3822722,-0.00776,-1,-1,-1,0,0,0,136,1,1,0,0.0000000,0.0000000,0.0000000,0,0,0,0
756346582069083 D 1073,1758407339,1000,1553,1553,2.3822722,-0.00746,-1,-1,-1,0,0,0,136,1,1,0,0.0000000,0.0000000,0.0000000,0,0,0,0
756346583067791 D 1074,1758408339,1000,1553,1553,2.3822722,-0.00716,-1,-1,-1,0,0,0,136,1,1,0,0.0000000,0.0000000,0.0000000,0,0,0,0
756346584072958 D 1075,1758409339,1000,1553,1553,2.3822722,-0.00688,-1,-1,-1,0,0,0,136,1,1,0,0.0000000,0.0000000,0.0000000,0,0,0,0
756346585064625 D 1076,1758410339,1000,1553,1553,2.3822722,-0.00661,-1,-1,-1,0,0,0,136,1,1,0,0.0000000,0.0000000,0.0000000,0,0,0,0
756346586065958 D 1077,1758411339,1000,1553,1553,2.3822722,-0.00635,-1,-1,-1,0,0,0,136,1,1,0,0.0000000,0.0000000,0.0000000,0,0,0,0
756346587073583 D 1078,1758412339,1000,1553,1553,2.3822722,-0.00610,-1,-1,-1,0,0,0,136,1,1,0,0.0000000,0.0000000,0.0000000,0,0,0,0
756346588101083 D 1079,1758413339,1000,1553,1553,2.3822722,-0.00587,-1,-1,-1,0,0,0,136,1,1,0,0.0000000,0.0000000,0.0000000,0,0,0,0
756346589071375 D 1080,1758414339,1000,1553,1553,2.3822722,-0.00564,-1,-1,-1,0,0,0,136,1,1,0,0.0000000,0.0000000,0.0000000,0,0,0,0
756346590075916 D 1081,1758415339,1000,1553,1553,2.3822722,-0.00541,-1,-1,-1,0,0,0,136,1,1,0,0.0000000,0.0000000,0.0000000,0,0,0,0
756346591064041 D 1082,1758416339,1000,1553,1553,2.3822722,-0.00520,-1,-1,-1,0,0,0,136,1,1,0,0.0000000,0.0000000,0.0000000,0,0,0,0
756346592064541 D 1083,1758417339,1000,1553,1553,2.3822722,-0.00500,-1,-1,-1,0,0,0,136,1,1,0,0.0000000,0.0000000,0.0000000,0,0,0,0
756346593066916 D 1084,1758418339,1000,1553,1553,2.3822722,-0.00480,-1,-1,-1,0,0,0,136,1,1,0,0.0000000,0.0000000,0.0000000,0,0,0,0
756346594081791 D 1085,1758419339,1000,1554,1554,2.3838062,0.05553,-1,-1,-1,0,0,0,136,1,1,0,0.0000000,0.0000000,0.0000000,0,0,0,0
756346595062833 D 1086,1758420339,1000,1554,1554,2.3838062,0.05336,-1,-1,-1,0,0,0,136,1,1,0,0.0000000,0.0000000,0.0000000,0,0,0,0
756346596084208 D 1087,1758421339,1000,1553,1553,2.3822722,-0.00888,-1,-1,-1,0,0,0,136,1,1,0,0.0000000,0.0000000,0.0000000,0,0,0,0
756346597105750 D 1088,1758422339,1000,1553,1553,2.3822722,-0.00854,-1,-1,-1,0,0,0,136,1,1,0,0.0000000,0.0000000,0.0000000,0,0,0,0
756346598083500 D 1089,1758423339,1000,1553,1553,2.3822722,-0.00820,-1,-1,-1,0,0,0,136,1,1,0,0.0000000,0.0000000,0.0000000,0,0,0,0
756346599065500 D 1090,1758424339,1000,1554,1554,2.3838062,0.05227,-1,-1,-1,0,0,0,136,1,1,0,0.0000000,0.0000000,0.0000000,0,0,0,0
756346600071708 D 1091,1758425339,1000,1553,1553,2.3822722,-0.00993,-1,-1,-1,0,0,0,136,1,1,0,0.0000000,0.0000000,0.0000000,0,0,0,0
756346601371875 D 1092,1758426339,1000,1553,1553,2.3822722,-0.00954,-1,-1,-1,0,0,0,136,1,1,0,0.0000000,0.0000000,0.0000000,0,0,0,0
756346602310375 D 1093,1758427339,1000,1553,1553,2.3822722,-0.00917,-1,-1,-1,0,0,0,136,1,1,0,0.0000000,0.0000000,0.0000000,0,0,0,0
756346603259333 D 1094,1758428339,1000,1553,1553,2.3822722,-0.00881,-1,-1,-1,0,0,0,136,1,1,0,0.0000000,0.0000000,0.0000000,0,0,0,0
756346604113500 D 1095,1758429339,1000,1554,1554,2.3838062,0.05169,-1,-1,-1,0,0,0,136,1,1,0,0.0000000,0.0000000,0.0000000,0,0,0,0
756346605095833 D 1096,1758430339,1000,1554,1554,2.3838062,0.04966,-1,-1,-1,0,0,0,136,1,1,0,0.0000000,0.0000000,0.0000000,0,0,0,0
756346606092458 D 1097,1758431339,1000,1553,1553,2.3822722,-0.01243,-1,-1,-1,0,0,0,136,1,1,0,0.0000000,0.0000000,0.0000000,0,0,0,0
756346607083666 D 1098,1758432339,1000,1553,1553,2.3822722,-0.01195,-1,-1,-1,0,0,0,136,1,1,0,0.0000000,0.0000000,0.0000000,0,0,0,0
756346608103208 D 1099,1758433339,1000,1554,1554,2.3838062,0.04867,-1,-1,-1,0,0,0,136,1,1,0,0.0000000,0.0000000,0.0000000,0,0,0,0
756346609177666 D 1100,1758434339,1000,1553,1553,2.3822722,-0.01339,-1,-1,-1,0,0,0,136,1,1,0,0.0000000,0.0000000,0.0000000,0,0,0,0
756346610148500 D 1101,1758435339,1000,1553,1553,2.3822722,-0.01286,-1,-1,-1,0,0,0,136,1,1,0,0.0000000,0.0000000,0.0000000,0,0,0,0
756346611153458 D 1102,1758436339,1000,1553,1553,2.3822722,-0.01236,-1,-1,-1,0,0,0,136,1,1,0,0.0000000,0.0000000,0.0000000,0,0,0,0
756346612144333 D 1103,1758437339,1000,1553,1553,2.3822722,-0.01187,-1,-1,-1,0,0,0,136,1,1,0,0.0000000,0.0000000,0.0000000,0,0,0,0
756346613117958 D 1104,1758438339,1000,1553,1553,2.3822722,-0.01141,-1,-1,-1,0,0,0,136,1,1,0,0.0000000,0.0000000,0.0000000,0,0,0,0
756346614115916 D 1105,1758439339,1000,1553,1553,2.3822722,-0.01096,-1,-1,-1,0,0,0,136,1,1,0,0.0000000,0.0000000,0.0000000,0,0,0,0
756346615179666 D 1106,1758440339,1000,1553,1553,2.3822722,-0.01053,-1,-1,-1,0,0,0,136,1,1,0,0.0000000,0.0000000,0.0000000,0,0,0,0
756346616186208 D 1107,1758441339,1000,1553,1553,2.3822722,-0.01012,-1,-1,-1,0,0,0,136,1,1,0,0.0000000,0.0000000,0.0000000,0,0,0,0
756346617142250 D 1108,1758442339,1000,1553,1553,2.3822722,-0.00972,-1,-1,-1,0,0,0,136,1,1,0,0.0000000,0.0000000,0.0000000,0,0,0,0
756346618137041 D 1109,1758443339,1000,1553,1553,2.3822722,-0.00934,-1,-1,-1,0,0,0,136,1,1,0,0.0000000,0.0000000,0.0000000,0,0,0,0
756346619179416 D 1110,1758444339,1000,1553,1553,2.3822722,-0.00897,-1,-1,-1,0,0,0,136,1,1,0,0.0000000,0.0000000,0.0000000,0,0,0,0
756346620153833 D 1111,1758445339,1000,1553,1553,2.3822722,-0.00862,-1,-1,-1,0,0,0,136,1,1,0,0.0000000,0.0000000,0.0000000,0,0,0,0
756346621111875 D 1112,1758446339,1000,1554,1554,2.3838062,0.05186,-1,-1,-1,0,0,0,136,1,1,0,0.0000000,0.0000000,0.0000000,0,0,0,0
756346622119958 D 1113,1758447339,1000,1553,1553,2.3822722,-0.01032,-1,-1,-1,0,0,0,135,1,1,0,0.0000000,0.0000000,0.0000000,0,0,0,0
756346623114041 D 1114,1758448339,1000,1553,1553,2.3822722,-0.00991,-1,-1,-1,0,0,0,136,1,1,0,0.0000000,0.0000000,0.0000000,0,0,0,0
756346624099541 D 1115,1758449339,1000,1553,1553,2.3822722,-0.00952,-1,-1,-1,0,0,0,136,1,1,0,0.0000000,0.0000000,0.0000000,0,0,0,0
756346625114125 D 1116,1758450339,1000,1553,1553,2.3822722,-0.00915,-1,-1,-1,0,0,0,136,1,1,0,0.0000000,0.0000000,0.0000000,0,0,0,0
756346626101000 D 1117,1758451339,1000,1553,1553,2.3822722,-0.00879,-1,-1,-1,0,0,0,136,1,1,0,0.0000000,0.0000000,0.0000000,0,0,0,0
756346627594666 D 1118,1758452339,1000,1553,1553,2.3822722,-0.00845,39,128,2047,0,0,0,136,1,1,0,0.0000000,0.0000000,0.0000000,0,0,0,0
756346628291833 D 1119,1758453339,1000,1553,1553,2.3822722,-0.00812,-1,-1,-1,0,0,0,136,1,1,0,0.0000000,0.0000000,0.0000000,0,0,0,0
756346629164750 D 1120,1758454339,1000,1553,1553,2.3822722,-0.00780,-1,-1,-1,0,0,0,136,1,1,0,0.0000000,0.0000000,0.0000000,0,0,0,0
756346630116000 D 1121,1758455339,1000,1553,1553,2.3822722,-0.00749,-1,-1,-1,0,0,0,136,1,1,0,0.0000000,0.0000000,0.0000000,0,0,0,0
756346631130625 D 1122,1758456339,1000,1553,1553,2.3822722,-0.00720,-1,-1,-1,0,0,0,136,1,1,0,0.0000000,0.0000000,0.0000000,0,0,0,0
756346632125583 D 1123,1758457339,1000,1553,1553,2.3822722,-0.00692,-1,-1,-1,0,0,0,136,1,1,0,0.0000000,0.0000000,0.0000000,0,0,0,0
756346634408166 D 1124,1758458339,1000,1553,1553,2.3822722,-0.00664,-1,-1,-1,0,0,0,136,1,1,0,0.0000000,0.0000000,0.0000000,0,0,0,0
756346635318000 D 1125,1758459339,1000,1554,1554,2.3838062,0.05376,-1,-1,-1,0,0,0,136,1,1,0,0.0000000,0.0000000,0.0000000,0,0,0,0
756346637438541 D 1126,1758460339,1000,1553,1553,2.3822722,-0.00849,-1,-1,-1,0,0,0,136,1,1,0,0.0000000,0.0000000,0.0000000,0,0,0,0
756346638873833 D 1127,1758461339,1000,1553,1553,2.3822722,-0.00816,-1,-1,-1,0,0,0,136,1,1,0,0.0000000,0.0000000,0.0000000,0,0,0,0
756346639667625 D 1128,1758462339,1000,1553,1553,2.3822722,-0.00784,-1,-1,-1,0,0,0,136,1,1,0,0.0000000,0.0000000,0.0000000,0,0,0,0
756346640571916 D 1129,1758463339,1000,1553,1553,2.3822722,-0.00753,-1,-1,-1,0,0,0,136,1,1,0,0.0000000,0.0000000,0.0000000,0,0,0,0
756346641270958 D 1130,1758464339,1000,1553,1553,2.3822722,-0.00724,-1,-1,-1,0,0,0,136,1,1,0,0.0000000,0.0000000,0.0000000,0,0,0,0
756346641864750 D 1131,1758465339,1000,1553,1553,2.3822722,-0.00695,-1,-1,-1,0,0,0,136,1,1,0,0.0000000,0.0000000,0.0000000,0,0,0,0
756346642491833 D 1132,1758466339,1000,1553,1553,2.3822722,-0.00668,-1,-1,-1,0,0,0,136,1,1,0,0.0000000,0.0000000,0.0000000,0,0,0,0
756346643161250 D 1133,1758467339,1000,1553,1553,2.3822722,-0.00642,-1,-1,-1,0,0,0,136,1,1,0,0.0000000,0.0000000,0.0000000,0,0,0,0
756346643744333 D 1134,1758468339,1000,1553,1553,2.3822722,-0.00617,-1,-1,-1,0,0,0,136,1,1,0,0.0000000,0.0000000,0.0000000,0,0,0,0
756346644320041 D 1135,1758469339,1000,1553,1553,2.3822722,-0.00592,-1,-1,-1,0,0,0,136,1,1,0,0.0000000,0.0000000,0.0000000,0,0,0,0
756346645062666 D 1136,1758470339,1000,1553,1553,2.3822722,-0.00569,-1,-1,-1,0,0,0,136,1,1,0,0.0000000,0.0000000,0.0000000,0,0,0,0
756346646087000 D 1137,1758471339,1000,1553,1553,2.3822722,-0.00547,-1,-1,-1,0,0,0,136,1,1,0,0.0000000,0.0000000,0.0000000,0,0,0,0
756346647036166 D 1138,1758472339,1000,1553,1553,2.3822722,-0.00525,-1,-1,-1,0,0,0,136,1,1,0,0.0000000,0.0000000,0.0000000,0,0,0,0
756346648059375 D 1139,1758473339,1000,1553,1553,2.3822722,-0.00505,-1,-1,-1,0,0,0,136,1,1,0,0.0000000,0.0000000,0.0000000,0,0,0,0
756346649040625 D 1140,1758474339,1000,1553,1553,2.3822722,-0.00485,-1,-1,-1,0,0,0,136,1,1,0,0.0000000,0.0000000,0.0000000,0,0,0,0
756346650064916 D 1141,1758475339,1000,1553,1553,2.3822722,-0.00466,-1,-1,-1,0,0,0,136,1,1,0,0.0000000,0.0000000,0.0000000,0,0,0,0
756346651020791 D 1142,1758476339,1000,1553,1553,2.3822722,-0.00448,-1,-1,-1,0,0,0,136,1,1,0,0.0000000,0.0000000,0.0000000,0,0,0,0
756346652028333 D 1143,1758477339,1000,1553,1553,2.3822722,-0.00430,-1,-1,-1,0,0,0,136,1,1,0,0.0000000,0.0000000,0.0000000,0,0,0,0
756346653024625 D 1144,1758478339,1000,1553,1553,2.3822722,-0.00413,-1,-1,-1,0,0,0,136,1,1,0,0.0000000,0.0000000,0.0000000,0,0,0,0
756346654080958 D 1145,1758479339,1000,1553,1553,2.3822722,-0.00397,-1,-1,-1,0,0,0,136,1,1,0,0.0000000,0.0000000,0.0000000,0,0,0,0
756346655065416 D 1146,1758480339,1000,1554,1554,2.3838062,0.05633,-1,-1,-1,0,0,0,136,1,1,0,0.0000000,0.0000000,0.0000000,0,0,0,0
756346656070750 D 1147,1758481339,1000,1553,1553,2.3822722,-0.00602,-1,-1,-1,0,0,0,136,1,1,0,0.0000000,0.0000000,0.0000000,0,0,0,0
756346657028333 D 1148,1758482339,1000,1554,1554,2.3838062,0.05436,-1,-1,-1,0,0,0,136,1,1,0,0.0000000,0.0000000,0.0000000,0,0,0,0
756346658063083 D 1149,1758483339,1000,1554,1554,2.3838062,0.05223,-1,-1,-1,0,0,0,136,1,1,0,0.0000000,0.0000000,0.0000000,0,0,0,0
756346659049708 D 1150,1758484339,1000,1553,1553,2.3822722,-0.00997,-1,-1,-1,0,0,0,136,1,1,0,0.0000000,0.0000000,0.0000000,0,0,0,0
756346660076291 D 1151,1758485339,1000,1553,1553,2.3822722,-0.00958,-1,-1,-1,0,0,0,136,1,1,0,0.0000000,0.0000000,0.0000000,0,0,0,0
756346661044166 D 1152,1758486339,1000,1554,1554,2.3838062,0.05095,-1,-1,-1,0,0,0,136,1,1,0,0.0000000,0.0000000,0.0000000,0,0,0,0
756346662075416 D 1153,1758487339,1000,1553,1553,2.3822722,-0.01120,-1,-1,-1,0,0,0,136,1,1,0,0.0000000,0.0000000,0.0000000,0,0,0,0
756346663042333 D 1154,1758488339,1000,1554,1554,2.3838062,0.04939,-1,-1,-1,0,0,0,136,1,1,0,0.0000000,0.0000000,0.0000000,0,0,0,0
756346664075166 D 1155,1758489339,1000,1553,1553,2.3822722,-0.01270,-1,-1,-1,0,0,0,136,1,1,0,0.0000000,0.0000000,0.0000000,0,0,0,0
756346665049833 D 1156,1758490339,1000,1553,1553,2.3822722,-0.01220,-1,-1,-1,0,0,0,136,1,1,0,0.0000000,0.0000000,0.0000000,0,0,0,0
756346666020416 D 1157,1758491339,1000,1554,1554,2.3838062,0.04843,-1,-1,-1,0,0,0,136,1,1,0,0.0000000,0.0000000,0.0000000,0,0,0,0
756346667059083 D 1158,1758492339,1000,1553,1553,2.3822722,-0.01362,-1,-1,-1,0,0,0,136,1,1,0,0.0000000,0.0000000,0.0000000,0,0,0,0
756346668050041 D 1159,1758493339,1000,1553,1553,2.3822722,-0.01309,-1,-1,-1,0,0,0,136,1,1,0,0.0000000,0.0000000,0.0000000,0,0,0,0
756346669050416 D 1160,1758494339,1000,1553,1553,2.3822722,-0.01257,-1,-1,-1,0,0,0,136,1,1,0,0.0000000,0.0000000,0.0000000,0,0,0,0
756346670054625 D 1161,1758495339,1000,1553,1553,2.3822722,-0.01208,-1,-1,-1,0,0,0,136,1,1,0,0.0000000,0.0000000,0.0000000,0,0,0,0
756346671050708 D 1162,1758496339,1000,1553,1553,2.3822722,-0.01161,-1,-1,-1,0,0,0,136,1,1,0,0.0000000,0.0000000,0.0000000,0,0,0,0
756346672047541 D 1163,1758497339,1000,1553,1553,2.3822722,-0.01115,-1,-1,-1,0,0,0,136,1,1,0,0.0000000,0.0000000,0.0000000,0,0,0,0
756346673044416 D 1164,1758498339,1000,1554,1554,2.3838062,0.04943,-1,-1,-1,0,0,0,136,1,1,0,0.0000000,0.0000000,0.0000000,0,0,0,0
756346674059500 D 1165,1758499339,1000,1553,1553,2.3822722,-0.01265,-1,-1,-1,0,0,0,136,1,1,0,0.0000000,0.0000000,0.0000000,0,0,0,0
756346675059416 D 1166,1758500339,1000,1553,1553,2.3822722,-0.01216,-1,-1,-1,0,0,0,136,1,1,0,0.0000000,0.0000000,0.0000000,0,0,0,0
756346676051791 D 1167,1758501339,1000,1553,1553,2.3822722,-0.01168,-1,-1,-1,0,0,0,136,1,1,0,0.0000000,0.0000000,0.0000000,0,0,0,0
756346677450625 D 1168,1758502339,1000,1553,1553,2.3822722,-0.01122,39,128,2047,0,0,0,136,1,1,0,0.0000000,0.0000000,0.0000000,0,0,0,0
756346678029208 D 1169,1758503339,1000,1553,1553,2.3822722,-0.01078,-1,-1,-1,0,0,0,136,1,1,0,0.0000000,0.0000000,0.0000000,0,0,0,0
756346679041666 D 1170,1758504339,1000,1553,1553,2.3822722,-0.01036,-1,-1,-1,0,0,0,136,1,1,0,0.0000000,0.0000000,0.0000000,0,0,0,0
756346680049458 D 1171,1758505339,1000,1553,1553,2.3822722,-0.00995,-1,-1,-1,0,0,0,136,1,1,0,0.0000000,0.0000000,0.0000000,0,0,0,0
756346681064333 D 1172,1758506339,1000,1553,1553,2.3822722,-0.00956,-1,-1,-1,0,0,0,136,1,1,0,0.0000000,0.0000000,0.0000000,0,0,0,0
756346681988125 D 1173,1758507339,1000,1553,1553,2.3822722,-0.00919,-1,-1,-1,0,0,0,136,1,1,0,0.0000000,0.0000000,0.0000000,0,0,0,0
756346682944833 D 1174,1758508339,1000,1553,1553,2.3822722,-0.00883,-1,-1,-1,0,0,0,136,1,1,0,0.0000000,0.0000000,0.0000000,0,0,0,0
756346683945833 D 1175,1758509339,1000,1553,1553,2.3822722,-0.00848,-1,-1,-1,0,0,0,136,1,1,0,0.0000000,0.0000000,0.0000000,0,0,0,0
756346684958791 D 1176,1758510339,1000,1553,1553,2.3822722,-0.00815,-1,-1,-1,0,0,0,136,1,1,0,0.0000000,0.0000000,0.0000000,0,0,0,0
756346685952583 D 1177,1758511339,1000,1553,1553,2.3822722,-0.00783,-1,-1,-1,0,0,0,136,1,1,0,0.0000000,0.0000000,0.0000000,0,0,0,0
756346686948958 D 1178,1758512339,1000,1553,1553,2.3822722,-0.00752,-1,-1,-1,0,0,0,136,1,1,0,0.0000000,0.0000000,0.0000000,0,0,0,0
756346687940541 D 1179,1758513339,1000,1553,1553,2.3822722,-0.00723,-1,-1,-1,0,0,0,136,1,1,0,0.0000000,0.0000000,0.0000000,0,0,0,0
756346688972333 D 1180,1758514339,1000,1553,1553,2.3822722,-0.00694,-1,-1,-1,0,0,0,136,1,1,0,0.0000000,0.0000000,0.0000000,0,0,0,0
756346689972458 D 1181,1758515339,1000,1553,1553,2.3822722,-0.00667,-1,-1,-1,0,0,0,136,1,1,0,0.0000000,0.0000000,0.0000000,0,0,0,0
756346690946666 D 1182,1758516339,1000,1553,1553,2.3822722,-0.00641,-1,-1,-1,0,0,0,136,1,1,0,0.0000000,0.0000000,0.0000000,0,0,0,0
756346691953958 D 1183,1758517339,1000,1553,1553,2.3822722,-0.00616,-1,-1,-1,0,0,0,136,1,1,0,0.0000000,0.0000000,0.0000000,0,0,0,0
756346692936416 D 1184,1758518339,1000,1553,1553,2.3822722,-0.00592,-1,-1,-1,0,0,0,136,1,1,0,0.0000000,0.0000000,0.0000000,0,0,0,0
756346693946791 D 1185,1758519339,1000,1553,1553,2.3822722,-0.00568,-1,-1,-1,0,0,0,136,1,1,0,0.0000000,0.0000000,0.0000000,0,0,0,0
756346694937083 D 1186,1758520339,1000,1553,1553,2.3822722,-0.00546,-1,-1,-1,0,0,0,136,1,1,0,0.0000000,0.0000000,0.0000000,0,0,0,0
756346695934708 D 1187,1758521339,1000,1553,1553,2.3822722,-0.00525,-1,-1,-1,0,0,0,136,1,1,0,0.0000000,0.0000000,0.0000000,0,0,0,0
756346696974541 D 1188,1758522339,1000,1553,1553,2.3822722,-0.00504,-1,-1,-1,0,0,0,136,1,1,0,0.0000000,0.0000000,0.0000000,0,0,0,0
756346697958541 D 1189,1758523339,1000,1553,1553,2.3822722,-0.00484,-1,-1,-1,0,0,0,136,1,1,0,0.0000000,0.0000000,0.0000000,0,0,0,0
756346698979750 D 1190,1758524339,1000,1553,1553,2.3822722,-0.00465,-1,-1,-1,0,0,0,136,1,1,0,0.0000000,0.0000000,0.0000000,0,0,0,0
756346699981791 D 1191,1758525339,1000,1553,1553,2.3822722,-0.00447,-1,-1,-1,0,0,0,136,1,1,0,0.0000000,0.0000000,0.0000000,0,0,0,0
756346700966000 D 1192,1758526339,1000,1553,1553,2.3822722,-0.00430,-1,-1,-1,0,0,0,136,1,1,0,0.0000000,0.0000000,0.0000000,0,0,0,0
756346701950791 D 1193,1758527339,1000,1553,1553,2.3822722,-0.00413,-1,-1,-1,0,0,0,136,1,1,0,0.0000000,0.0000000,0.0000000,0,0,0,0
756346702953000 D 1194,1758528339,1000,1553,1553,2.3822722,-0.00397,-1,-1,-1,0,0,0,136,1,1,0,0.0000000,0.0000000,0.0000000,0,0,0,0
756346703940833 D 1195,1758529339,1000,1553,1553,2.3822722,-0.00381,-1,-1,-1,0,0,0,136,1,1,0,0.0000000,0.0000000,0.0000000,0,0,0,0
756346704943708 D 1196,1758530339,1000,1553,1553,2.3822722,-0.00366,-1,-1,-1,0,0,0,136,1,1,0,0.0000000,0.0000000,0.0000000,0,0,0,0
756346705941500 D 1197,1758531339,1000,1553,1553,2.3822722,-0.00352,-1,-1,-1,0,0,0,136,1,1,0,0.0000000,0.0000000,0.0000000,0,0,0,0
756346706954833 D 1198,1758532339,1000,1553,1553,2.3822722,-0.00338,-1,-1,-1,0,0,0,136,1,1,0,0.0000000,0.0000000,0.0000000,0,0,0,0
756346707945291 D 1199,1758533339,1000,1554,1554,2.3838062,0.05690,-1,-1,-1,0,0,0,136,1,1,0,0.0000000,0.0000000,0.0000000,0,0,0,0
756346708940750 D 1200,1758534339,1000,1553,1553,2.3822722,-0.00548,-1,-1,-1,0,0,0,136,1,1,0,0.0000000,0.0000000,0.0000000,0,0,0,0
756346709938416 D 1201,1758535339,1000,1553,1553,2.3822722,-0.00526,-1,-1,-1,0,0,0,136,1,1,0,0.0000000,0.0000000,0.0000000,0,0,0,0
756346710974833 D 1202,1758536339,1000,1553,1553,2.3822722,-0.00506,-1,-1,-1,0,0,0,136,1,1,0,0.0000000,0.0000000,0.0000000,0,0,0,0
756346711988666 D 1203,1758537339,1000,1553,1553,2.3822722,-0.00486,-1,-1,-1,0,0,0,136,1,1,0,0.0000000,0.0000000,0.0000000,0,0,0,0
756346713011375 D 1204,1758538339,1000,1553,1553,2.3822722,-0.00467,-1,-1,-1,0,0,0,136,1,1,0,0.0000000,0.0000000,0.0000000,0,0,0,0
756346714023625 D 1205,1758539339,1000,1553,1553,2.3822722,-0.00449,-1,-1,-1,0,0,0,136,1,1,0,0.0000000,0.0000000,0.0000000,0,0,0,0
756346714997458 D 1206,1758540339,1000,1553,1553,2.3822722,-0.00431,-1,-1,-1,0,0,0,136,1,1,0,0.0000000,0.0000000,0.0000000,0,0,0,0
756346715995916 D 1207,1758541339,1000,1553,1553,2.3822722,-0.00414,-1,-1,-1,0,0,0,136,1,1,0,0.0000000,0.0000000,0.0000000,0,0,0,0
756346716988708 D 1208,1758542339,1000,1553,1553,2.3822722,-0.00398,-1,-1,-1,0,0,0,136,1,1,0,0.0000000,0.0000000,0.0000000,0,0,0,0
756346717990916 D 1209,1758543339,1000,1553,1553,2.3822722,-0.00382,-1,-1,-1,0,0,0,136,1,1,0,0.0000000,0.0000000,0.0000000,0,0,0,0
756346718991541 D 1210,1758544339,1000,1553,1553,2.3822722,-0.00367,-1,-1,-1,0,0,0,136,1,1,0,0.0000000,0.0000000,0.0000000,0,0,0,0
756346720003041 D 1211,1758545339,1000,1553,1553,2.3822722,-0.00353,-1,-1,-1,0,0,0,136,1,1,0,0.0000000,0.0000000,0.0000000,0,0,0,0
756346720989750 D 1212,1758546339,1000,1553,1553,2.3822722,-0.00339,-1,-1,-1,0,0,0,136,1,1,0,0.0000000,0.0000000,0.0000000,0,0,0,0
756346721995875 D 1213,1758547339,1000,1554,1554,2.3838062,0.05689,-1,-1,-1,0,0,0,136,1,1,0,0.0000000,0.0000000,0.0000000,0,0,0,0
756346723001625 D 1214,1758548339,1000,1553,1553,2.3822722,-0.00549,-1,-1,-1,0,0,0,136,1,1,0,0.0000000,0.0000000,0.0000000,0,0,0,0
756346724002125 D 1215,1758549339,1000,1553,1553,2.3822722,-0.00527,-1,-1,-1,0,0,0,136,1,1,0,0.0000000,0.0000000,0.0000000,0,0,0,0
756346724984875 D 1216,1758550339,1000,1553,1553,2.3822722,-0.00507,-1,-1,-1,0,0,0,136,1,1,0,0.0000000,0.0000000,0.0000000,0,0,0,0
756346725998625 D 1217,1758551339,1000,1553,1553,2.3822722,-0.00487,-1,-1,-1,0,0,0,136,1,1,0,0.0000000,0.0000000,0.0000000,0,0,0,0
756346727415958 D 1218,1758552339,1000,1553,1553,2.3822722,-0.00468,39,128,2046,0,0,0,136,1,1,0,0.0000000,0.0000000,0.0000000,0,0,0,0
756346728002541 D 1219,1758553339,1000,1553,1553,2.3822722,-0.00449,-1,-1,-1,0,0,0,136,1,1,0,0.0000000,0.0000000,0.0000000,0,0,0,0
756346729014291 D 1220,1758554339,1000,1553,1553,2.3822722,-0.00432,-1,-1,-1,0,0,0,136,1,1,0,0.0000000,0.0000000,0.0000000,0,0,0,0
756346730000250 D 1221,1758555339,1000,1553,1553,2.3822722,-0.00415,-1,-1,-1,0,0,0,136,1,1,0,0.0000000,0.0000000,0.0000000,0,0,0,0
756346731080541 D 1222,1758556339,1000,1554,1554,2.3838062,0.05616,-1,-1,-1,0,0,0,136,1,1,0,0.0000000,0.0000000,0.0000000,0,0,0,0
756346732089500 D 1223,1758557339,1000,1553,1553,2.3822722,-0.00619,-1,-1,-1,0,0,0,136,1,1,0,0.0000000,0.0000000,0.0000000,0,0,0,0
756346733060583 D 1224,1758558339,1000,1553,1553,2.3822722,-0.00594,-1,-1,-1,0,0,0,136,1,1,0,0.0000000,0.0000000,0.0000000,0,0,0,0
756346734053250 D 1225,1758559339,1000,1554,1554,2.3838062,0.05444,-1,-1,-1,0,0,0,136,1,1,0,0.0000000,0.0000000,0.0000000,0,0,0,0
756346735062875 D 1226,1758560339,1000,1553,1553,2.3822722,-0.00785,-1,-1,-1,0,0,0,136,1,1,0,0.0000000,0.0000000,0.0000000,0,0,0,0
756346736054958 D 1227,1758561339,1000,1553,1553,2.3822722,-0.00754,-1,-1,-1,0,0,0,136,1,1,0,0.0000000,0.0000000,0.0000000,0,0,0,0
756346737052625 D 1228,1758562339,1000,1553,1553,2.3822722,-0.00724,-1,-1,-1,0,0,0,136,1,1,0,0.0000000,0.0000000,0.0000000,0,0,0,0
756346738050458 D 1229,1758563339,1000,1553,1553,2.3822722,-0.00696,-1,-1,-1,0,0,0,136,1,1,0,0.0000000,0.0000000,0.0000000,0,0,0,0
756346739059000 D 1230,1758564339,1000,1553,1553,2.3822722,-0.00669,-1,-1,-1,0,0,0,136,1,1,0,0.0000000,0.0000000,0.0000000,0,0,0,0
756346740055916 D 1231,1758565339,1000,1553,1553,2.3822722,-0.00642,-1,-1,-1,0,0,0,136,1,1,0,0.0000000,0.0000000,0.0000000,0,0,0,0
756346741071833 D 1232,1758566339,1000,1553,1553,2.3822722,-0.00617,-1,-1,-1,0,0,0,136,1,1,0,0.0000000,0.0000000,0.0000000,0,0,0,0
756346742049750 D 1233,1758567339,1000,1554,1554,2.3838062,0.05422,-1,-1,-1,0,0,0,136,1,1,0,0.0000000,0.0000000,0.0000000,0,0,0,0
756346743079791 D 1234,1758568339,1000,1553,1553,2.3822722,-0.00806,-1,-1,-1,0,0,0,136,1,1,0,0.0000000,0.0000000,0.0000000,0,0,0,0
756346744072750 D 1235,1758569339,1000,1553,1553,2.3822722,-0.00774,-1,-1,-1,0,0,0,136,1,1,0,0.0000000,0.0000000,0.0000000,0,0,0,0
756346745095916 D 1236,1758570339,1000,1553,1553,2.3822722,-0.00744,-1,-1,-1,0,0,0,136,1,1,0,0.0000000,0.0000000,0.0000000,0,0,0,0
756346746060125 D 1237,1758571339,1000,1553,1553,2.3822722,-0.00714,-1,-1,-1,0,0,0,136,1,1,0,0.0000000,0.0000000,0.0000000,0,0,0,0
756346747073583 D 1238,1758572339,1000,1553,1553,2.3822722,-0.00686,-1,-1,-1,0,0,0,136,1,1,0,0.0000000,0.0000000,0.0000000,0,0,0,0
756346748070375 D 1239,1758573339,1000,1553,1553,2.3822722,-0.00660,-1,-1,-1,0,0,0,136,1,1,0,0.0000000,0.0000000,0.0000000,0,0,0,0
756346749060875 D 1240,1758574339,1000,1553,1553,2.3822722,-0.00634,-1,-1,-1,0,0,0,136,1,1,0,0.0000000,0.0000000,0.0000000,0,0,0,0
756346750071875 D 1241,1758575339,1000,1553,1553,2.3822722,-0.00609,-1,-1,-1,0,0,0,136,1,1,0,0.0000000,0.0000000,0.0000000,0,0,0,0
756346751070958 D 1242,1758576339,1000,1553,1553,2.3822722,-0.00585,-1,-1,-1,0,0,0,136,1,1,0,0.0000000,0.0000000,0.0000000,0,0,0,0
756346752072583 D 1243,1758577339,1000,1554,1554,2.3838062,0.05453,-1,-1,-1,0,0,0,136,1,1,0,0.0000000,0.0000000,0.0000000,0,0,0,0
756346753107541 D 1244,1758578339,1000,1553,1553,2.3822722,-0.00776,-1,-1,-1,0,0,0,136,1,1,0,0.0000000,0.0000000,0.0000000,0,0,0,0
756346754169333 D 1245,1758579339,1000,1553,1553,2.3822722,-0.00745,-1,-1,-1,0,0,0,136,1,1,0,0.0000000,0.0000000,0.0000000,0,0,0,0
756346755203791 D 1246,1758580339,1000,1554,1554,2.3838062,0.05299,-1,-1,-1,0,0,0,136,1,1,0,0.0000000,0.0000000,0.0000000,0,0,0,0
756346756175708 D 1247,1758581339,1000,1553,1553,2.3822722,-0.00924,-1,-1,-1,0,0,0,136,1,1,0,0.0000000,0.0000000,0.0000000,0,0,0,0
756346757169250 D 1248,1758582339,1000,1553,1553,2.3822722,-0.00888,-1,-1,-1,0,0,0,136,1,1,0,0.0000000,0.0000000,0.0000000,0,0,0,0
756346758135041 D 1249,1758583339,1000,1553,1553,2.3822722,-0.00853,-1,-1,-1,0,0,0,136,1,1,0,0.0000000,0.0000000,0.0000000,0,0,0,0
756346759107375 D 1250,1758584339,1000,1553,1553,2.3822722,-0.00819,-1,-1,-1,0,0,0,136,1,1,0,0.0000000,0.0000000,0.0000000,0,0,0,0
756346760131541 D 1251,1758585339,1000,1553,1553,2.3822722,-0.00787,-1,-1,-1,0,0,0,136,1,1,0,0.0000000,0.0000000,0.0000000,0,0,0,0
756346761127166 D 1252,1758586339,1000,1553,1553,2.3822722,-0.00756,-1,-1,-1,0,0,0,136,1,1,0,0.0000000,0.0000000,0.0000000,0,0,0,0
756346762104083 D 1253,1758587339,1000,1553,1553,2.3822722,-0.00727,-1,-1,-1,0,0,0,136,1,1,0,0.0000000,0.0000000,0.0000000,0,0,0,0
756346763087541 D 1254,1758588339,1000,1553,1553,2.3822722,-0.00698,-1,-1,-1,0,0,0,136,1,1,0,0.0000000,0.0000000,0.0000000,0,0,0,0
756346764084250 D 1255,1758589339,1000,1553,1553,2.3822722,-0.00671,-1,-1,-1,0,0,0,136,1,1,0,0.0000000,0.0000000,0.0000000,0,0,0,0
756346765094916 D 1256,1758590339,1000,1553,1553,2.3822722,-0.00645,-1,-1,-1,0,0,0,136,1,1,0,0.0000000,0.0000000,0.0000000,0,0,0,0
756346766112208 D 1257,1758591339,1000,1553,1553,2.3822722,-0.00619,-1,-1,-1,0,0,0,136,1,1,0,0.0000000,0.0000000,0.0000000,0,0,0,0
756346767123833 D 1258,1758592339,1000,1553,1553,2.3822722,-0.00595,-1,-1,-1,0,0,0,136,1,1,0,0.0000000,0.0000000,0.0000000,0,0,0,0
756346768095750 D 1259,1758593339,1000,1553,1553,2.3822722,-0.00572,-1,-1,-1,0,0,0,136,1,1,0,0.0000000,0.0000000,0.0000000,0,0,0,0
756346769100958 D 1260,1758594339,1000,1553,1553,2.3822722,-0.00549,-1,-1,-1,0,0,0,136,1,1,0,0.0000000,0.0000000,0.0000000,0,0,0,0
756346770112916 D 1261,1758595339,1000,1553,1553,2.3822722,-0.00528,-1,-1,-1,0,0,0,136,1,1,0,0.0000000,0.0000000,0.0000000,0,0,0,0
756346771080291 D 1262,1758596339,1000,1553,1553,2.3822722,-0.00507,-1,-1,-1,0,0,0,136,1,1,0,0.0000000,0.0000000,0.0000000,0,0,0,0
756346772079208 D 1263,1758597339,1000,1553,1553,2.3822722,-0.00487,-1,-1,-1,0,0,0,136,1,1,0,0.0000000,0.0000000,0.0000000,0,0,0,0
756346773111708 D 1264,1758598339,1000,1553,1553,2.3822722,-0.00468,-1,-1,-1,0,0,0,136,1,1,0,0.0000000,0.0000000,0.0000000,0,0,0,0
756346774132333 D 1265,1758599339,1000,1553,1553,2.3822722,-0.00450,-1,-1,-1,0,0,0,136,1,1,0,0.0000000,0.0000000,0.0000000,0,0,0,0
756346775128916 D 1266,1758600339,1000,1553,1553,2.3822722,-0.00432,-1,-1,-1,0,0,0,136,1,1,0,0.0000000,0.0000000,0.0000000,0,0,0,0
756346776109333 D 1267,1758601339,1000,1553,1553,2.3822722,-0.00415,-1,-1,-1,0,0,0,136,1,1,0,0.0000000,0.0000000,0.0000000,0,0,0,0
756346777512375 D 1268,1758602339,1000,1553,1553,2.3822722,-0.00399,39,128,2046,0,0,0,136,1,1,0,0.0000000,0.0000000,0.0000000,0,0,0,0
756346778140750 D 1269,1758603339,1000,1553,1553,2.3822722,-0.00383,-1,-1,-1,0,0,0,136,1,1,0,0.0000000,0.0000000,0.0000000,0,0,0,0
756346779111208 D 1270,1758604339,1000,1554,1554,2.3838062,0.05647,-1,-1,-1,0,0,0,136,1,1,0,0.0000000,0.0000000,0.0000000,0,0,0,0
756346780082750 D 1271,1758605339,1000,1554,1554,2.3838062,0.05425,-1,-1,-1,0,0,0,136,1,1,0,0.0000000,0.0000000,0.0000000,0,0,0,0
756346781075958 D 1272,1758606339,1000,1553,1553,2.3822722,-0.00802,-1,-1,-1,0,0,0,136,1,1,0,0.0000000,0.0000000,0.0000000,0,0,0,0
756346782077750 D 1273,1758607339,1000,1553,1553,2.3822722,-0.00771,-1,-1,-1,0,0,0,136,1,1,0,0.0000000,0.0000000,0.0000000,0,0,0,0
756346783068916 D 1274,1758608339,1000,1553,1553,2.3822722,-0.00741,-1,-1,-1,0,0,0,136,1,1,0,0.0000000,0.0000000,0.0000000,0,0,0,0
756346784056208 D 1275,1758609339,1000,1554,1554,2.3838062,0.05303,-1,-1,-1,0,0,0,136,1,1,0,0.0000000,0.0000000,0.0000000,0,0,0,0
756346785061833 D 1276,1758610339,1000,1553,1553,2.3822722,-0.00920,-1,-1,-1,0,0,0,136,1,1,0,0.0000000,0.0000000,0.0000000,0,0,0,0
756346786059666 D 1277,1758611339,1000,1553,1553,2.3822722,-0.00884,-1,-1,-1,0,0,0,136,1,1,0,0.0000000,0.0000000,0.0000000,0,0,0,0
756346787062875 D 1278,1758612339,1000,1553,1553,2.3822722,-0.00849,-1,-1,-1,0,0,0,136,1,1,0,0.0000000,0.0000000,0.0000000,0,0,0,0
756346788065791 D 1279,1758613339,1000,1553,1553,2.3822722,-0.00816,-1,-1,-1,0,0,0,136,1,1,0,0.0000000,0.0000000,0.0000000,0,0,0,0
756346789057375 D 1280,1758614339,1000,1553,1553,2.3822722,-0.00784,-1,-1,-1,0,0,0,136,1,1,0,0.0000000,0.0000000,0.0000000,0,0,0,0
756346790101083 D 1281,1758615339,1000,1553,1553,2.3822722,-0.00753,-1,-1,-1,0,0,0,136,1,1,0,0.0000000,0.0000000,0.0000000,0,0,0,0
756346791089791 D 1282,1758616339,1000,1553,1553,2.3822722,-0.00723,-1,-1,-1,0,0,0,136,1,1,0,0.0000000,0.0000000,0.0000000,0,0,0,0
756346792085541 D 1283,1758617339,1000,1553,1553,2.3822722,-0.00695,-1,-1,-1,0,0,0,136,1,1,0,0.0000000,0.0000000,0.0000000,0,0,0,0
756346793095833 D 1284,1758618339,1000,1553,1553,2.3822722,-0.00668,-1,-1,-1,0,0,0,136,1,1,0,0.0000000,0.0000000,0.0000000,0,0,0,0
756346794073500 D 1285,1758619339,1000,1553,1553,2.3822722,-0.00642,-1,-1,-1,0,0,0,136,1,1,0,0.0000000,0.0000000,0.0000000,0,0,0,0
756346795305500 D 1286,1758620339,1000,1554,1554,2.3838062,0.05398,-1,-1,-1,0,0,0,136,1,1,0,0.0000000,0.0000000,0.0000000,0,0,0,0
756346796311000 D 1287,1758621339,1000,1553,1553,2.3822722,-0.00828,-1,-1,-1,0,0,0,136,1,1,0,0.0000000,0.0000000,0.0000000,0,0,0,0
756346797191500 D 1288,1758622339,1000,1553,1553,2.3822722,-0.00796,-1,-1,-1,0,0,0,136,1,1,0,0.0000000,0.0000000,0.0000000,0,0,0,0
756346798070416 D 1289,1758623339,1000,1553,1553,2.3822722,-0.00764,-1,-1,-1,0,0,0,136,1,1,0,0.0000000,0.0000000,0.0000000,0,0,0,0
756346799072125 D 1290,1758624339,1000,1553,1553,2.3822722,-0.00734,-1,-1,-1,0,0,0,136,1,1,0,0.0000000,0.0000000,0.0000000,0,0,0,0
756346800060583 D 1291,1758625339,1000,1553,1553,2.3822722,-0.00706,-1,-1,-1,0,0,0,136,1,1,0,0.0000000,0.0000000,0.0000000,0,0,0,0
756346801070916 D 1292,1758626339,1000,1553,1553,2.3822722,-0.00678,-1,-1,-1,0,0,0,136,1,1,0,0.0000000,0.0000000,0.0000000,0,0,0,0
756346802072625 D 1293,1758627339,1000,1553,1553,2.3822722,-0.00651,-1,-1,-1,0,0,0,136,1,1,0,0.0000000,0.0000000,0.0000000,0,0,0,0
756346803067083 D 1294,1758628339,1000,1553,1553,2.3822722,-0.00626,-1,-1,-1,0,0,0,136,1,1,0,0.0000000,0.0000000,0.0000000,0,0,0,0
756346804060583 D 1295,1758629339,1000,1553,1553,2.3822722,-0.00601,-1,-1,-1,0,0,0,136,1,1,0,0.0000000,0.0000000,0.0000000,0,0,0,0
756346805104666 D 1296,1758630339,1000,1553,1553,2.3822722,-0.00578,-1,-1,-1,0,0,0,136,1,1,0,0.0000000,0.0000000,0.0000000,0,0,0,0
756346806078833 D 1297,1758631339,1000,1553,1553,2.3822722,-0.00555,-1,-1,-1,0,0,0,136,1,1,0,0.0000000,0.0000000,0.0000000,0,0,0,0
756346807083833 D 1298,1758632339,1000,1553,1553,2.3822722,-0.00533,-1,-1,-1,0,0,0,136,1,1,0,0.0000000,0.0000000,0.0000000,0,0,0,0
756346808066125 D 1299,1758633339,1000,1553,1553,2.3822722,-0.00512,-1,-1,-1,0,0,0,136,1,1,0,0.0000000,0.0000000,0.0000000,0,0,0,0
756346809063500 D 1300,1758634339,1000,1553,1553,2.3822722,-0.00492,-1,-1,-1,0,0,0,136,1,1,0,0.0000000,0.0000000,0.0000000,0,0,0,0
756346810053250 D 1301,1758635339,1000,1553,1553,2.3822722,-0.00473,-1,-1,-1,0,0,0,136,1,1,0,0.0000000,0.0000000,0.0000000,0,0,0,0
756346811063250 D 1302,1758636339,1000,1553,1553,2.3822722,-0.00454,-1,-1,-1,0,0,0,136,1,1,0,0.0000000,0.0000000,0.0000000,0,0,0,0
756346812121041 D 1303,1758637339,1000,1553,1553,2.3822722,-0.00437,-1,-1,-1,0,0,0,136,1,1,0,0.0000000,0.0000000,0.0000000,0,0,0,0
756346813075541 D 1304,1758638339,1000,1553,1553,2.3822722,-0.00420,-1,-1,-1,0,0,0,136,1,1,0,0.0000000,0.0000000,0.0000000,0,0,0,0
756346814079000 D 1305,1758639339,1000,1553,1553,2.3822722,-0.00403,-1,-1,-1,0,0,0,136,1,1,0,0.0000000,0.0000000,0.0000000,0,0,0,0
756346815074375 D 1306,1758640339,1000,1553,1553,2.3822722,-0.00387,-1,-1,-1,0,0,0,136,1,1,0,0.0000000,0.0000000,0.0000000,0,0,0,0
756346816072916 D 1307,1758641339,1000,1553,1553,2.3822722,-0.00372,-1,-1,-1,0,0,0,136,1,1,0,0.0000000,0.0000000,0.0000000,0,0,0,0
756346817065291 D 1308,1758642339,1000,1554,1554,2.3838062,0.05657,-1,-1,-1,0,0,0,136,1,1,0,0.0000000,0.0000000,0.0000000,0,0,0,0
756346818063833 D 1309,1758643339,1000,1553,1553,2.3822722,-0.00579,-1,-1,-1,0,0,0,136,1,1,0,0.0000000,0.0000000,0.0000000,0,0,0,0
756346819054750 D 1310,1758644339,1000,1553,1553,2.3822722,-0.00557,-1,-1,-1,0,0,0,136,1,1,0,0.0000000,0.0000000,0.0000000,0,0,0,0
756346820056291 D 1311,1758645339,1000,1553,1553,2.3822722,-0.00535,-1,-1,-1,0,0,0,136,1,1,0,0.0000000,0.0000000,0.0000000,0,0,0,0
756346821056416 D 1312,1758646339,1000,1553,1553,2.3822722,-0.00514,-1,-1,-1,0,0,0,136,1,1,0,0.0000000,0.0000000,0.0000000,0,0,0,0
756346822079458 D 1313,1758647339,1000,1553,1553,2.3822722,-0.00494,-1,-1,-1,0,0,0,136,1,1,0,0.0000000,0.0000000,0.0000000,0,0,0,0
756346823096125 D 1314,1758648339,1000,1553,1553,2.3822722,-0.00474,-1,-1,-1,0,0,0,136,1,1,0,0.0000000,0.0000000,0.0000000,0,0,0,0
756346824089541 D 1315,1758649339,1000,1553,1553,2.3822722,-0.00456,-1,-1,-1,0,0,0,136,1,1,0,0.0000000,0.0000000,0.0000000,0,0,0,0
756346825114916 D 1316,1758650339,1000,1553,1553,2.3822722,-0.00438,-1,-1,-1,0,0,0,136,1,1,0,0.0000000,0.0000000,0.0000000,0,0,0,0
756346826295250 D 1317,1758651339,1000,1553,1553,2.3822722,-0.00421,-1,-1,-1,0,0,0,136,1,1,0,0.0000000,0.0000000,0.0000000,0,0,0,0
756346827676125 D 1318,1758652339,1000,1553,1553,2.3822722,-0.00404,39,128,2047,0,0,0,136,1,1,0,0.0000000,0.0000000,0.0000000,0,0,0,0
756346828539250 D 1319,1758653339,1000,1554,1554,2.3838062,0.05626,-1,-1,-1,0,0,0,136,1,1,0,0.0000000,0.0000000,0.0000000,0,0,0,0
756346829428125 D 1320,1758654339,1000,1553,1553,2.3822722,-0.00609,-1,-1,-1,0,0,0,136,1,1,0,0.0000000,0.0000000,0.0000000,0,0,0,0
756346830341333 D 1321,1758655339,1000,1553,1553,2.3822722,-0.00585,-1,-1,-1,0,0,0,136,1,1,0,0.0000000,0.0000000,0.0000000,0,0,0,0
756346831109833 D 1322,1758656339,1000,1553,1553,2.3822722,-0.00562,-1,-1,-1,0,0,0,136,1,1,0,0.0000000,0.0000000,0.0000000,0,0,0,0
756346832063958 D 1323,1758657339,1000,1553,1553,2.3822722,-0.00540,-1,-1,-1,0,0,0,136,1,1,0,0.0000000,0.0000000,0.0000000,0,0,0,0
756346833073125 D 1324,1758658339,1000,1553,1553,2.3822722,-0.00519,-1,-1,-1,0,0,0,136,1,1,0,0.0000000,0.0000000,0.0000000,0,0,0,0
756346834059083 D 1325,1758659339,1000,1553,1553,2.3822722,-0.00499,-1,-1,-1,0,0,0,136,1,1,0,0.0000000,0.0000000,0.0000000,0,0,0,0
756346835065541 D 1326,1758660339,1000,1553,1553,2.3822722,-0.00479,-1,-1,-1,0,0,0,136,1,1,0,0.0000000,0.0000000,0.0000000,0,0,0,0
756346836053291 D 1327,1758661339,1000,1553,1553,2.3822722,-0.00460,-1,-1,-1,0,0,0,136,1,1,0,0.0000000,0.0000000,0.0000000,0,0,0,0
756346837061750 D 1328,1758662339,1000,1554,1554,2.3838062,0.05573,-1,-1,-1,0,0,0,136,1,1,0,0.0000000,0.0000000,0.0000000,0,0,0,0
756346838257583 D 1329,1758663339,1000,1553,1553,2.3822722,-0.00661,-1,-1,-1,0,0,0,136,1,1,0,0.0000000,0.0000000,0.0000000,0,0,0,0
756346839169875 D 1330,1758664339,1000,1553,1553,2.3822722,-0.00635,-1,-1,-1,0,0,0,136,1,1,0,0.0000000,0.0000000,0.0000000,0,0,0,0
756346840162458 D 1331,1758665339,1000,1553,1553,2.3822722,-0.00610,-1,-1,-1,0,0,0,136,1,1,0,0.0000000,0.0000000,0.0000000,0,0,0,0
756346841091166 D 1332,1758666339,1000,1553,1553,2.3822722,-0.00586,-1,-1,-1,0,0,0,136,1,1,0,0.0000000,0.0000000,0.0000000,0,0,0,0
756346842093583 D 1333,1758667339,1000,1553,1553,2.3822722,-0.00563,-1,-1,-1,0,0,0,136,1,1,0,0.0000000,0.0000000,0.0000000,0,0,0,0
756346843091458 D 1334,1758668339,1000,1553,1553,2.3822722,-0.00541,-1,-1,-1,0,0,0,136,1,1,0,0.0000000,0.0000000,0.0000000,0,0,0,0
756346844067625 D 1335,1758669339,1000,1553,1553,2.3822722,-0.00520,-1,-1,-1,0,0,0,136,1,1,0,0.0000000,0.0000000,0.0000000,0,0,0,0
756346845103916 D 1336,1758670339,1000,1553,1553,2.3822722,-0.00499,-1,-1,-1,0,0,0,136,1,1,0,0.0000000,0.0000000,0.0000000,0,0,0,0
756346846066625 D 1337,1758671339,1000,1553,1553,2.3822722,-0.00480,-1,-1,-1,0,0,0,136,1,1,0,0.0000000,0.0000000,0.0000000,0,0,0,0
756346847080750 D 1338,1758672339,1000,1554,1554,2.3838062,0.05554,-1,-1,-1,0,0,0,136,1,1,0,0.0000000,0.0000000,0.0000000,0,0,0,0
756346848098000 D 1339,1758673339,1000,1553,1553,2.3822722,-0.00679,-1,-1,-1,0,0,0,136,1,1,0,0.0000000,0.0000000,0.0000000,0,0,0,0
756346849065333 D 1340,1758674339,1000,1553,1553,2.3822722,-0.00652,-1,-1,-1,0,0,0,136,1,1,0,0.0000000,0.0000000,0.0000000,0,0,0,0
756346850060208 D 1341,1758675339,1000,1553,1553,2.3822722,-0.00627,-1,-1,-1,0,0,0,136,1,1,0,0.0000000,0.0000000,0.0000000,0,0,0,0
756346851065875 D 1342,1758676339,1000,1553,1553,2.3822722,-0.00602,-1,-1,-1,0,0,0,136,1,1,0,0.0000000,0.0000000,0.0000000,0,0,0,0
756346852072458 D 1343,1758677339,1000,1553,1553,2.3822722,-0.00578,-1,-1,-1,0,0,0,136,1,1,0,0.0000000,0.0000000,0.0000000,0,0,0,0
756346853106375 D 1344,1758678339,1000,1553,1553,2.3822722,-0.00556,-1,-1,-1,0,0,0,136,1,1,0,0.0000000,0.0000000,0.0000000,0,0,0,0
756346854199750 D 1345,1758679339,1000,1553,1553,2.3822722,-0.00534,-1,-1,-1,0,0,0,136,1,1,0,0.0000000,0.0000000,0.0000000,0,0,0,0
756346855131750 D 1346,1758680339,1000,1553,1553,2.3822722,-0.00513,-1,-1,-1,0,0,0,136,1,1,0,0.0000000,0.0000000,0.0000000,0,0,0,0
756346856109250 D 1347,1758681339,1000,1553,1553,2.3822722,-0.00493,-1,-1,-1,0,0,0,136,1,1,0,0.0000000,0.0000000,0.0000000,0,0,0,0
756346857086958 D 1348,1758682339,1000,1553,1553,2.3822722,-0.00474,-1,-1,-1,0,0,0,136,1,1,0,0.0000000,0.0000000,0.0000000,0,0,0,0
756346858088000 D 1349,1758683339,1000,1553,1553,2.3822722,-0.00455,-1,-1,-1,0,0,0,136,1,1,0,0.0000000,0.0000000,0.0000000,0,0,0,0
756346859092708 D 1350,1758684339,1000,1553,1553,2.3822722,-0.00437,-1,-1,-1,0,0,0,136,1,1,0,0.0000000,0.0000000,0.0000000,0,0,0,0
756346860099125 D 1351,1758685339,1000,1553,1553,2.3822722,-0.00420,-1,-1,-1,0,0,0,136,1,1,0,0.0000000,0.0000000,0.0000000,0,0,0,0
756346861089291 D 1352,1758686339,1000,1553,1553,2.3822722,-0.00404,-1,-1,-1,0,0,0,136,1,1,0,0.0000000,0.0000000,0.0000000,0,0,0,0
756346862079875 D 1353,1758687339,1000,1553,1553,2.3822722,-0.00388,-1,-1,-1,0,0,0,136,1,1,0,0.0000000,0.0000000,0.0000000,0,0,0,0
756346863083291 D 1354,1758688339,1000,1553,1553,2.3822722,-0.00372,-1,-1,-1,0,0,0,136,1,1,0,0.0000000,0.0000000,0.0000000,0,0,0,0
756346864123708 D 1355,1758689339,1000,1553,1553,2.3822722,-0.00358,-1,-1,-1,0,0,0,136,1,1,0,0.0000000,0.0000000,0.0000000,0,0,0,0
756346865088916 D 1356,1758690339,1000,1553,1553,2.3822722,-0.00344,-1,-1,-1,0,0,0,136,1,1,0,0.0000000,0.0000000,0.0000000,0,0,0,0
756346866330750 D 1357,1758691339,1000,1553,1553,2.3822722,-0.00330,-1,-1,-1,0,0,0,136,1,1,0,0.0000000,0.0000000,0.0000000,0,0,0,0
756346867305458 D 1358,1758692339,1000,1554,1554,2.3838062,0.05697,-1,-1,-1,0,0,0,136,1,1,0,0.0000000,0.0000000,0.0000000,0,0,0,0
756346868209583 D 1359,1758693339,1000,1553,1553,2.3822722,-0.00541,-1,-1,-1,0,0,0,136,1,1,0,0.0000000,0.0000000,0.0000000,0,0,0,0
756346869103041 D 1360,1758694339,1000,1553,1553,2.3822722,-0.00520,-1,-1,-1,0,0,0,136,1,1,0,0.0000000,0.0000000,0.0000000,0,0,0,0
756346870103125 D 1361,1758695339,1000,1553,1553,2.3822722,-0.00499,-1,-1,-1,0,0,0,136,1,1,0,0.0000000,0.0000000,0.0000000,0,0,0,0
756346871079208 D 1362,1758696339,1000,1554,1554,2.3838062,0.05535,-1,-1,-1,0,0,0,136,1,1,0,0.0000000,0.0000000,0.0000000,0,0,0,0
756346872067708 D 1363,1758697339,1000,1553,1553,2.3822722,-0.00697,-1,-1,-1,0,0,0,136,1,1,0,0.0000000,0.0000000,0.0000000,0,0,0,0
756346873067791 D 1364,1758698339,1000,1553,1553,2.3822722,-0.00669,-1,-1,-1,0,0,0,136,1,1,0,0.0000000,0.0000000,0.0000000,0,0,0,0
756346874071583 D 1365,1758699339,1000,1553,1553,2.3822722,-0.00643,-1,-1,-1,0,0,0,136,1,1,0,0.0000000,0.0000000,0.0000000,0,0,0,0
756346875075375 D 1366,1758700339,1000,1554,1554,2.3838062,0.05397,-1,-1,-1,0,0,0,136,1,1,0,0.0000000,0.0000000,0.0000000,0,0,0,0
756346876060833 D 1367,1758701339,1000,1553,1553,2.3822722,-0.00830,-1,-1,-1,0,0,0,136,1,1,0,0.0000000,0.0000000,0.0000000,0,0,0,0
756346877497875 D 1368,1758702339,1000,1553,1553,2.3822722,-0.00797,39,128,2046,0,0,0,136,1,1,0,0.0000000,0.0000000,0.0000000,0,0,0,0
756346878128916 D 1369,1758703339,1000,1554,1554,2.3838062,0.05249,-1,-1,-1,0,0,0,136,1,1,0,0.0000000,0.0000000,0.0000000,0,0,0,0
756346879213583 D 1370,1758704339,1000,1553,1553,2.3822722,-0.00972,-1,-1,-1,0,0,0,136,1,1,0,0.0000000,0.0000000,0.0000000,0,0,0,0
756346880125958 D 1371,1758705339,1000,1554,1554,2.3838062,0.05081,-1,-1,-1,0,0,0,136,1,1,0,0.0000000,0.0000000,0.0000000,0,0,0,0
756346881099958 D 1372,1758706339,1000,1553,1553,2.3822722,-0.01133,-1,-1,-1,0,0,0,135,1,1,0,0.0000000,0.0000000,0.0000000,0,0,0,0
756346882095125 D 1373,1758707339,1000,1553,1553,2.3822722,-0.01088,-1,-1,-1,0,0,0,136,1,1,0,0.0000000,0.0000000,0.0000000,0,0,0,0
756346883091416 D 1374,1758708339,1000,1553,1553,2.3822722,-0.01046,-1,-1,-1,0,0,0,136,1,1,0,0.0000000,0.0000000,0.0000000,0,0,0,0
756346884102416 D 1375,1758709339,1000,1553,1553,2.3822722,-0.01005,-1,-1,-1,0,0,0,136,1,1,0,0.0000000,0.0000000,0.0000000,0,0,0,0
756346885108958 D 1376,1758710339,1000,1553,1553,2.3822722,-0.00965,-1,-1,-1,0,0,0,136,1,1,0,0.0000000,0.0000000,0.0000000,0,0,0,0
756346886084541 D 1377,1758711339,1000,1553,1553,2.3822722,-0.00927,-1,-1,-1,0,0,0,136,1,1,0,0.0000000,0.0000000,0.0000000,0,0,0,0
756346887076083 D 1378,1758712339,1000,1554,1554,2.3838062,0.05124,-1,-1,-1,0,0,0,136,1,1,0,0.0000000,0.0000000,0.0000000,0,0,0,0
756346888074041 D 1379,1758713339,1000,1553,1553,2.3822722,-0.01092,-1,-1,-1,0,0,0,136,1,1,0,0.0000000,0.0000000,0.0000000,0,0,0,0
756346889081041 D 1380,1758714339,1000,1553,1553,2.3822722,-0.01049,-1,-1,-1,0,0,0,136,1,1,0,0.0000000,0.0000000,0.0000000,0,0,0,0
756346890078875 D 1381,1758715339,1000,1553,1553,2.3822722,-0.01008,-1,-1,-1,0,0,0,136,1,1,0,0.0000000,0.0000000,0.0000000,0,0,0,0
756346891084083 D 1382,1758716339,1000,1553,1553,2.3822722,-0.00968,-1,-1,-1,0,0,0,136,1,1,0,0.0000000,0.0000000,0.0000000,0,0,0,0
756346892056333 D 1383,1758717339,1000,1554,1554,2.3838062,0.05084,-1,-1,-1,0,0,0,136,1,1,0,0.0000000,0.0000000,0.0000000,0,0,0,0
756346893057458 D 1384,1758718339,1000,1554,1554,2.3838062,0.04885,-1,-1,-1,0,0,0,136,1,1,0,0.0000000,0.0000000,0.0000000,0,0,0,0
756346894064333 D 1385,1758719339,1000,1553,1553,2.3822722,-0.01321,-1,-1,-1,0,0,0,136,1,1,0,0.0000000,0.0000000,0.0000000,0,0,0,0
756346895319458 D 1386,1758720339,1000,1553,1553,2.3822722,-0.01270,-1,-1,-1,0,0,0,136,1,1,0,0.0000000,0.0000000,0.0000000,0,0,0,0
756346896321750 D 1387,1758721339,1000,1553,1553,2.3822722,-0.01220,-1,-1,-1,0,0,0,136,1,1,0,0.0000000,0.0000000,0.0000000,0,0,0,0
756346897318916 D 1388,1758722339,1000,1553,1553,2.3822722,-0.01172,-1,-1,-1,0,0,0,136,1,1,0,0.0000000,0.0000000,0.0000000,0,0,0,0
756346898120541 D 1389,1758723339,1000,1553,1553,2.3822722,-0.01126,-1,-1,-1,0,0,0,136,1,1,0,0.0000000,0.0000000,0.0000000,0,0,0,0
756346899062666 D 1390,1758724339,1000,1553,1553,2.3822722,-0.01082,-1,-1,-1,0,0,0,136,1,1,0,0.0000000,0.0000000,0.0000000,0,0,0,0
756346900061375 D 1391,1758725339,1000,1553,1553,2.3822722,-0.01039,-1,-1,-1,0,0,0,136,1,1,0,0.0000000,0.0000000,0.0000000,0,0,0,0
756346901094416 D 1392,1758726339,1000,1553,1553,2.3822722,-0.00999,-1,-1,-1,0,0,0,136,1,1,0,0.0000000,0.0000000,0.0000000,0,0,0,0
756346902125166 D 1393,1758727339,1000,1553,1553,2.3822722,-0.00960,-1,-1,-1,0,0,0,136,1,1,0,0.0000000,0.0000000,0.0000000,0,0,0,0
756346903076875 D 1394,1758728339,1000,1553,1553,2.3822722,-0.00922,-1,-1,-1,0,0,0,136,1,1,0,0.0000000,0.0000000,0.0000000,0,0,0,0
756346904080625 D 1395,1758729339,1000,1553,1553,2.3822722,-0.00886,-1,-1,-1,0,0,0,136,1,1,0,0.0000000,0.0000000,0.0000000,0,0,0,0
756346905068083 D 1396,1758730339,1000,1554,1554,2.3838062,0.05164,-1,-1,-1,0,0,0,136,1,1,0,0.0000000,0.0000000,0.0000000,0,0,0,0
756346906061666 D 1397,1758731339,1000,1553,1553,2.3822722,-0.01053,-1,-1,-1,0,0,0,136,1,1,0,0.0000000,0.0000000,0.0000000,0,0,0,0
756346907059500 D 1398,1758732339,1000,1553,1553,2.3822722,-0.01012,-1,-1,-1,0,0,0,136,1,1,0,0.0000000,0.0000000,0.0000000,0,0,0,0
756346908052333 D 1399,1758733339,1000,1553,1553,2.3822722,-0.00973,-1,-1,-1,0,0,0,136,1,1,0,0.0000000,0.0000000,0.0000000,0,0,0,0
756346909109708 D 1400,1758734339,1000,1553,1553,2.3822722,-0.00934,-1,-1,-1,0,0,0,136,1,1,0,0.0000000,0.0000000,0.0000000,0,0,0,0
756346910156541 D 1401,1758735339,1000,1554,1554,2.3838062,0.05117,-1,-1,-1,0,0,0,136,1,1,0,0.0000000,0.0000000,0.0000000,0,0,0,0
756346911199041 D 1402,1758736339,1000,1553,1553,2.3822722,-0.01098,-1,-1,-1,0,0,0,136,1,1,0,0.0000000,0.0000000,0.0000000,0,0,0,0
756346912213958 D 1403,1758737339,1000,1553,1553,2.3822722,-0.01055,-1,-1,-1,0,0,0,136,1,1,0,0.0000000,0.0000000,0.0000000,0,0,0,0
756346913343958 D 1404,1758738339,1000,1553,1553,2.3822722,-0.01014,-1,-1,-1,0,0,0,136,1,1,0,0.0000000,0.0000000,0.0000000,0,0,0,0
756346914235500 D 1405,1758739339,1000,1553,1553,2.3822722,-0.00974,-1,-1,-1,0,0,0,136,1,1,0,0.0000000,0.0000000,0.0000000,0,0,0,0
756346915180416 D 1406,1758740339,1000,1553,1553,2.3822722,-0.00936,-1,-1,-1,0,0,0,136,1,1,0,0.0000000,0.0000000,0.0000000,0,0,0,0
756346916150208 D 1407,1758741339,1000,1553,1553,2.3822722,-0.00899,-1,-1,-1,0,0,0,136,1,1,0,0.0000000,0.0000000,0.0000000,0,0,0,0
756346917130333 D 1408,1758742339,1000,1553,1553,2.3822722,-0.00864,-1,-1,-1,0,0,0,136,1,1,0,0.0000000,0.0000000,0.0000000,0,0,0,0
756346918180916 D 1409,1758743339,1000,1553,1553,2.3822722,-0.00830,-1,-1,-1,0,0,0,136,1,1,0,0.0000000,0.0000000,0.0000000,0,0,0,0
756346919106833 D 1410,1758744339,1000,1553,1553,2.3822722,-0.00798,-1,-1,-1,0,0,0,136,1,1,0,0.0000000,0.0000000,0.0000000,0,0,0,0
756346920098000 D 1411,1758745339,1000,1553,1553,2.3822722,-0.00766,-1,-1,-1,0,0,0,136,1,1,0,0.0000000,0.0000000,0.0000000,0,0,0,0
756346921144916 D 1412,1758746339,1000,1553,1553,2.3822722,-0.00736,-1,-1,-1,0,0,0,136,1,1,0,0.0000000,0.0000000,0.0000000,0,0,0,0
756346922252750 D 1413,1758747339,1000,1553,1553,2.3822722,-0.00707,-1,-1,-1,0,0,0,136,1,1,0,0.0000000,0.0000000,0.0000000,0,0,0,0
756346923242000 D 1414,1758748339,1000,1553,1553,2.3822722,-0.00680,-1,-1,-1,0,0,0,136,1,1,0,0.0000000,0.0000000,0.0000000,0,0,0,0
756346924261125 D 1415,1758749339,1000,1553,1553,2.3822722,-0.00653,-1,-1,-1,0,0,0,136,1,1,0,0.0000000,0.0000000,0.0000000,0,0,0,0
756346925208541 D 1416,1758750339,1000,1553,1553,2.3822722,-0.00627,-1,-1,-1,0,0,0,136,1,1,0,0.0000000,0.0000000,0.0000000,0,0,0,0
756346926102125 D 1417,1758751339,1000,1553,1553,2.3822722,-0.00603,-1,-1,-1,0,0,0,136,1,1,0,0.0000000,0.0000000,0.0000000,0,0,0,0
756346927562250 D 1418,1758752339,1000,1553,1553,2.3822722,-0.00579,39,128,2047,0,0,0,136,1,1,0,0.0000000,0.0000000,0.0000000,0,0,0,0
756346928247166 D 1419,1758753339,1000,1554,1554,2.3838062,0.05458,-1,-1,-1,0,0,0,136,1,1,0,0.0000000,0.0000000,0.0000000,0,0,0,0
756346929195541 D 1420,1758754339,1000,1553,1553,2.3822722,-0.00770,-1,-1,-1,0,0,0,136,1,1,0,0.0000000,0.0000000,0.0000000,0,0,0,0
756346930205000 D 1421,1758755339,1000,1554,1554,2.3838062,0.05275,-1,-1,-1,0,0,0,136,1,1,0,0.0000000,0.0000000,0.0000000,0,0,0,0
756346931260875 D 1422,1758756339,1000,1553,1553,2.3822722,-0.00947,-1,-1,-1,0,0,0,136,1,1,0,0.0000000,0.0000000,0.0000000,0,0,0,0
756346932290791 D 1423,1758757339,1000,1553,1553,2.3822722,-0.00910,-1,-1,-1,0,0,0,136,1,1,0,0.0000000,0.0000000,0.0000000,0,0,0,0
756346933256958 D 1424,1758758339,1000,1553,1553,2.3822722,-0.00874,-1,-1,-1,0,0,0,136,1,1,0,0.0000000,0.0000000,0.0000000,0,0,0,0
756346934095416 D 1425,1758759339,1000,1553,1553,2.3822722,-0.00840,-1,-1,-1,0,0,0,136,1,1,0,0.0000000,0.0000000,0.0000000,0,0,0,0
756346935148250 D 1426,1758760339,1000,1553,1553,2.3822722,-0.00807,-1,-1,-1,0,0,0,136,1,1,0,0.0000000,0.0000000,0.0000000,0,0,0,0
756346936110250 D 1427,1758761339,1000,1553,1553,2.3822722,-0.00775,-1,-1,-1,0,0,0,136,1,1,0,0.0000000,0.0000000,0.0000000,0,0,0,0
756346937092375 D 1428,1758762339,1000,1553,1553,2.3822722,-0.00745,-1,-1,-1,0,0,0,136,1,1,0,0.0000000,0.0000000,0.0000000,0,0,0,0
756346938141666 D 1429,1758763339,1000,1553,1553,2.3822722,-0.00716,-1,-1,-1,0,0,0,136,1,1,0,0.0000000,0.0000000,0.0000000,0,0,0,0
756346939107333 D 1430,1758764339,1000,1553,1553,2.3822722,-0.00688,-1,-1,-1,0,0,0,136,1,1,0,0.0000000,0.0000000,0.0000000,0,0,0,0
756346940103750 D 1431,1758765339,1000,1553,1553,2.3822722,-0.00661,-1,-1,-1,0,0,0,136,1,1,0,0.0000000,0.0000000,0.0000000,0,0,0,0
756346941074583 D 1432,1758766339,1000,1553,1553,2.3822722,-0.00635,-1,-1,-1,0,0,0,136,1,1,0,0.0000000,0.0000000,0.0000000,0,0,0,0
756346942202833 D 1433,1758767339,1000,1553,1553,2.3822722,-0.00610,-1,-1,-1,0,0,0,136,1,1,0,0.0000000,0.0000000,0.0000000,0,0,0,0
756346943328208 D 1434,1758768339,1000,1553,1553,2.3822722,-0.00586,-1,-1,-1,0,0,0,136,1,1,0,0.0000000,0.0000000,0.0000000,0,0,0,0
756346944384208 D 1435,1758769339,1000,1554,1554,2.3838062,0.05452,-1,-1,-1,0,0,0,136,1,1,0,0.0000000,0.0000000,0.0000000,0,0,0,0
756346945299083 D 1436,1758770339,1000,1554,1554,2.3838062,0.05238,-1,-1,-1,0,0,0,136,1,1,0,0.0000000,0.0000000,0.0000000,0,0,0,0
756346946075708 D 1437,1758771339,1000,1553,1553,2.3822722,-0.00982,-1,-1,-1,0,0,0,136,1,1,0,0.0000000,0.0000000,0.0000000,0,0,0,0
756346947048875 D 1438,1758772339,1000,1554,1554,2.3838062,0.05071,-1,-1,-1,0,0,0,136,1,1,0,0.0000000,0.0000000,0.0000000,0,0,0,0
756346948132916 D 1439,1758773339,1000,1553,1553,2.3822722,-0.01143,-1,-1,-1,0,0,0,136,1,1,0,0.0000000,0.0000000,0.0000000,0,0,0,0
756346949101375 D 1440,1758774339,1000,1553,1553,2.3822722,-0.01098,-1,-1,-1,0,0,0,136,1,1,0,0.0000000,0.0000000,0.0000000,0,0,0,0
756346950008208 D 1441,1758775339,1000,1554,1554,2.3838062,0.04960,-1,-1,-1,0,0,0,136,1,1,0,0.0000000,0.0000000,0.0000000,0,0,0,0
756346951005916 D 1442,1758776339,1000,1553,1553,2.3822722,-0.01249,-1,-1,-1,0,0,0,136,1,1,0,0.0000000,0.0000000,0.0000000,0,0,0,0
756346952006458 D 1443,1758777339,1000,1553,1553,2.3822722,-0.01200,-1,-1,-1,0,0,0,136,1,1,0,0.0000000,0.0000000,0.0000000,0,0,0,0
756346952983583 D 1444,1758778339,1000,1553,1553,2.3822722,-0.01153,-1,-1,-1,0,0,0,136,1,1,0,0.0000000,0.0000000,0.0000000,0,0,0,0
756346953999250 D 1445,1758779339,1000,1554,1554,2.3838062,0.04907,-1,-1,-1,0,0,0,136,1,1,0,0.0000000,0.0000000,0.0000000,0,0,0,0
756346955119458 D 1446,1758780339,1000,1553,1553,2.3822722,-0.01300,-1,-1,-1,0,0,0,136,1,1,0,0.0000000,0.0000000,0.0000000,0,0,0,0
756346956103041 D 1447,1758781339,1000,1554,1554,2.3838062,0.04765,-1,-1,-1,0,0,0,136,1,1,0,0.0000000,0.0000000,0.0000000,0,0,0,0
756346957087708 D 1448,1758782339,1000,1554,1554,2.3838062,0.04579,-1,-1,-1,0,0,0,136,1,1,0,0.0000000,0.0000000,0.0000000,0,0,0,0
756346958065000 D 1449,1758783339,1000,1553,1553,2.3822722,-0.01616,-1,-1,-1,0,0,0,136,1,1,0,0.0000000,0.0000000,0.0000000,0,0,0,0
756346959060708 D 1450,1758784339,1000,1553,1553,2.3822722,-0.01552,-1,-1,-1,0,0,0,136,1,1,0,0.0000000,0.0000000,0.0000000,0,0,0,0
756346960074583 D 1451,1758785339,1000,1553,1553,2.3822722,-0.01492,-1,-1,-1,0,0,0,136,1,1,0,0.0000000,0.0000000,0.0000000,0,0,0,0
756346961055666 D 1452,1758786339,1000,1553,1553,2.3822722,-0.01433,-1,-1,-1,0,0,0,136,1,1,0,0.0000000,0.0000000,0.0000000,0,0,0,0
756346962053458 D 1453,1758787339,1000,1553,1553,2.3822722,-0.01377,-1,-1,-1,0,0,0,136,1,1,0,0.0000000,0.0000000,0.0000000,0,0,0,0
756346963082416 D 1454,1758788339,1000,1553,1553,2.3822722,-0.01323,-1,-1,-1,0,0,0,136,1,1,0,0.0000000,0.0000000,0.0000000,0,0,0,0
756346964102916 D 1455,1758789339,1000,1554,1554,2.3838062,0.04744,-1,-1,-1,0,0,0,136,1,1,0,0.0000000,0.0000000,0.0000000,0,0,0,0
756346965104750 D 1456,1758790339,1000,1553,1553,2.3822722,-0.01457,-1,-1,-1,0,0,0,136,1,1,0,0.0000000,0.0000000,0.0000000,0,0,0,0
756346966088916 D 1457,1758791339,1000,1553,1553,2.3822722,-0.01400,-1,-1,-1,0,0,0,136,1,1,0,0.0000000,0.0000000,0.0000000,0,0,0,0
756346967074125 D 1458,1758792339,1000,1553,1553,2.3822722,-0.01345,-1,-1,-1,0,0,0,136,1,1,0,0.0000000,0.0000000,0.0000000,0,0,0,0
756346968103125 D 1459,1758793339,1000,1553,1553,2.3822722,-0.01292,-1,-1,-1,0,0,0,136,1,1,0,0.0000000,0.0000000,0.0000000,0,0,0,0
756346969081708 D 1460,1758794339,1000,1553,1553,2.3822722,-0.01242,-1,-1,-1,0,0,0,136,1,1,0,0.0000000,0.0000000,0.0000000,0,0,0,0
756346970074208 D 1461,1758795339,1000,1553,1553,2.3822722,-0.01193,-1,-1,-1,0,0,0,136,1,1,0,0.0000000,0.0000000,0.0000000,0,0,0,0
756346971072916 D 1462,1758796339,1000,1553,1553,2.3822722,-0.01146,-1,-1,-1,0,0,0,136,1,1,0,0.0000000,0.0000000,0.0000000,0,0,0,0
756346972074458 D 1463,1758797339,1000,1553,1553,2.3822722,-0.01101,-1,-1,-1,0,0,0,136,1,1,0,0.0000000,0.0000000,0.0000000,0,0,0,0
756346973077583 D 1464,1758798339,1000,1553,1553,2.3822722,-0.01058,-1,-1,-1,0,0,0,136,1,1,0,0.0000000,0.0000000,0.0000000,0,0,0,0
756346974103750 D 1465,1758799339,1000,1553,1553,2.3822722,-0.01017,-1,-1,-1,0,0,0,136,1,1,0,0.0000000,0.0000000,0.0000000,0,0,0,0
756346975064583 D 1466,1758800339,1000,1553,1553,2.3822722,-0.00977,-1,-1,-1,0,0,0,136,1,1,0,0.0000000,0.0000000,0.0000000,0,0,0,0
756346976055708 D 1467,1758801339,1000,1553,1553,2.3822722,-0.00938,-1,-1,-1,0,0,0,136,1,1,0,0.0000000,0.0000000,0.0000000,0,0,0,0
756346977512000 D 1468,1758802339,1000,1553,1553,2.3822722,-0.00902,39,128,2046,0,0,0,136,1,1,0,0.0000000,0.0000000,0.0000000,0,0,0,0
756346978161666 D 1469,1758803339,1000,1553,1553,2.3822722,-0.00866,-1,-1,-1,0,0,0,136,1,1,0,0.0000000,0.0000000,0.0000000,0,0,0,0
756346979104583 D 1470,1758804339,1000,1553,1553,2.3822722,-0.00832,-1,-1,-1,0,0,0,136,1,1,0,0.0000000,0.0000000,0.0000000,0,0,0,0
756346980081000 D 1471,1758805339,1000,1553,1553,2.3822722,-0.00800,-1,-1,-1,0,0,0,136,1,1,0,0.0000000,0.0000000,0.0000000,0,0,0,0
756346981074291 D 1472,1758806339,1000,1553,1553,2.3822722,-0.00768,-1,-1,-1,0,0,0,136,1,1,0,0.0000000,0.0000000,0.0000000,0,0,0,0
756346982083583 D 1473,1758807339,1000,1553,1553,2.3822722,-0.00738,-1,-1,-1,0,0,0,136,1,1,0,0.0000000,0.0000000,0.0000000,0,0,0,0
756346983068250 D 1474,1758808339,1000,1553,1553,2.3822722,-0.00709,-1,-1,-1,0,0,0,136,1,1,0,0.0000000,0.0000000,0.0000000,0,0,0,0
756346984060541 D 1475,1758809339,1000,1553,1553,2.3822722,-0.00681,-1,-1,-1,0,0,0,136,1,1,0,0.0000000,0.0000000,0.0000000,0,0,0,0
756346985070208 D 1476,1758810339,1000,1553,1553,2.3822722,-0.00655,-1,-1,-1,0,0,0,136,1,1,0,0.0000000,0.0000000,0.0000000,0,0,0,0
756346986091583 D 1477,1758811339,1000,1553,1553,2.3822722,-0.00629,-1,-1,-1,0,0,0,136,1,1,0,0.0000000,0.0000000,0.0000000,0,0,0,0
756346987089916 D 1478,1758812339,1000,1553,1553,2.3822722,-0.00604,-1,-1,-1,0,0,0,136,1,1,0,0.0000000,0.0000000,0.0000000,0,0,0,0
756346988090750 D 1479,1758813339,1000,1553,1553,2.3822722,-0.00581,-1,-1,-1,0,0,0,136,1,1,0,0.0000000,0.0000000,0.0000000,0,0,0,0
756346989087875 D 1480,1758814339,1000,1553,1553,2.3822722,-0.00558,-1,-1,-1,0,0,0,136,1,1,0,0.0000000,0.0000000,0.0000000,0,0,0,0
756346990091916 D 1481,1758815339,1000,1553,1553,2.3822722,-0.00536,-1,-1,-1,0,0,0,136,1,1,0,0.0000000,0.0000000,0.0000000,0,0,0,0
756346991079833 D 1482,1758816339,1000,1553,1553,2.3822722,-0.00515,-1,-1,-1,0,0,0,136,1,1,0,0.0000000,0.0000000,0.0000000,0,0,0,0
756346992080208 D 1483,1758817339,1000,1553,1553,2.3822722,-0.00495,-1,-1,-1,0,0,0,136,1,1,0,0.0000000,0.0000000,0.0000000,0,0,0,0
756346993075708 D 1484,1758818339,1000,1553,1553,2.3822722,-0.00475,-1,-1,-1,0,0,0,136,1,1,0,0.0000000,0.0000000,0.0000000,0,0,0,0
756346994062000 D 1485,1758819339,1000,1554,1554,2.3838062,0.05558,-1,-1,-1,0,0,0,136,1,1,0,0.0000000,0.0000000,0.0000000,0,0,0,0
756346995097541 D 1486,1758820339,1000,1554,1554,2.3838062,0.05340,-1,-1,-1,0,0,0,136,1,1,0,0.0000000,0.0000000,0.0000000,0,0,0,0
756346996061583 D 1487,1758821339,1000,1553,1553,2.3822722,-0.00884,-1,-1,-1,0,0,0,136,1,1,0,0.0000000,0.0000000,0.0000000,0,0,0,0
756346997058333 D 1488,1758822339,1000,1553,1553,2.3822722,-0.00849,-1,-1,-1,0,0,0,136,1,1,0,0.0000000,0.0000000,0.0000000,0,0,0,0
756346998065333 D 1489,1758823339,1000,1553,1553,2.3822722,-0.00816,-1,-1,-1,0,0,0,136,1,1,0,0.0000000,0.0000000,0.0000000,0,0,0,0
756346999051625 D 1490,1758824339,1000,1553,1553,2.3822722,-0.00784,-1,-1,-1,0,0,0,136,1,1,0,0.0000000,0.0000000,0.0000000,0,0,0,0
756347000063875 D 1491,1758825339,1000,1553,1553,2.3822722,-0.00753,-1,-1,-1,0,0,0,136,1,1,0,0.0000000,0.0000000,0.0000000,0,0,0,0
756347001059625 D 1492,1758826339,1000,1553,1553,2.3822722,-0.00724,-1,-1,-1,0,0,0,136,1,1,0,0.0000000,0.0000000,0.0000000,0,0,0,0
756347002121875 D 1493,1758827339,1000,1553,1553,2.3822722,-0.00695,-1,-1,-1,0,0,0,136,1,1,0,0.0000000,0.0000000,0.0000000,0,0,0,0
756347003088000 D 1494,1758828339,1000,1553,1553,2.3822722,-0.00668,-1,-1,-1,0,0,0,136,1,1,0,0.0000000,0.0000000,0.0000000,0,0,0,0
756347004076041 D 1495,1758829339,1000,1553,1553,2.3822722,-0.00642,-1,-1,-1,0,0,0,136,1,1,0,0.0000000,0.0000000,0.0000000,0,0,0,0
756347005061416 D 1496,1758830339,1000,1553,1553,2.3822722,-0.00617,-1,-1,-1,0,0,0,136,1,1,0,0.0000000,0.0000000,0.0000000,0,0,0,0
756347006070625 D 1497,1758831339,1000,1554,1554,2.3838062,0.05422,-1,-1,-1,0,0,0,136,1,1,0,0.0000000,0.0000000,0.0000000,0,0,0,0
756347007098166 D 1498,1758832339,1000,1553,1553,2.3822722,-0.00805,-1,-1,-1,0,0,0,136,1,1,0,0.0000000,0.0000000,0.0000000,0,0,0,0
756347008124375 D 1499,1758833339,1000,1553,1553,2.3822722,-0.00774,-1,-1,-1,0,0,0,136,1,1,0,0.0000000,0.0000000,0.0000000,0,0,0,0
756347009080208 D 1500,1758834339,1000,1553,1553,2.3822722,-0.00743,-1,-1,-1,0,0,0,136,1,1,0,0.0000000,0.0000000,0.0000000,0,0,0,0
756347010115958 D 1501,1758835339,1000,1553,1553,2.3822722,-0.00714,-1,-1,-1,0,0,0,136,1,1,0,0.0000000,0.0000000,0.0000000,0,0,0,0
756347011116125 D 1502,1758836339,1000,1553,1553,2.3822722,-0.00686,-1,-1,-1,0,0,0,136,1,1,0,0.0000000,0.0000000,0.0000000,0,0,0,0
756347012076041 D 1503,1758837339,1000,1553,1553,2.3822722,-0.00659,-1,-1,-1,0,0,0,136,1,1,0,0.0000000,0.0000000,0.0000000,0,0,0,0
756347013197208 D 1504,1758838339,1000,1553,1553,2.3822722,-0.00633,-1,-1,-1,0,0,0,136,1,1,0,0.0000000,0.0000000,0.0000000,0,0,0,0
756347014132083 D 1505,1758839339,1000,1553,1553,2.3822722,-0.00609,-1,-1,-1,0,0,0,136,1,1,0,0.0000000,0.0000000,0.0000000,0,0,0,0
756347015085208 D 1506,1758840339,1000,1553,1553,2.3822722,-0.00585,-1,-1,-1,0,0,0,136,1,1,0,0.0000000,0.0000000,0.0000000,0,0,0,0
756347016081500 D 1507,1758841339,1000,1553,1553,2.3822722,-0.00562,-1,-1,-1,0,0,0,136,1,1,0,0.0000000,0.0000000,0.0000000,0,0,0,0
756347017071791 D 1508,1758842339,1000,1553,1553,2.3822722,-0.00540,-1,-1,-1,0,0,0,136,1,1,0,0.0000000,0.0000000,0.0000000,0,0,0,0
756347018307750 D 1509,1758843339,1000,1553,1553,2.3822722,-0.00519,-1,-1,-1,0,0,0,136,1,1,0,0.0000000,0.0000000,0.0000000,0,0,0,0
756347019285791 D 1510,1758844339,1000,1554,1554,2.3838062,0.05517,-1,-1,-1,0,0,0,136,1,1,0,0.0000000,0.0000000,0.0000000,0,0,0,0
756347020285000 D 1511,1758845339,1000,1553,1553,2.3822722,-0.00715,-1,-1,-1,0,0,0,136,1,1,0,0.0000000,0.0000000,0.0000000,0,0,0,0
756347021067958 D 1512,1758846339,1000,1553,1553,2.3822722,-0.00687,-1,-1,-1,0,0,0,136,1,1,0,0.0000000,0.0000000,0.0000000,0,0,0,0
756347022062500 D 1513,1758847339,1000,1553,1553,2.3822722,-0.00660,-1,-1,-1,0,0,0,136,1,1,0,0.0000000,0.0000000,0.0000000,0,0,0,0
756347023069458 D 1514,1758848339,1000,1553,1553,2.3822722,-0.00634,-1,-1,-1,0,0,0,136,1,1,0,0.0000000,0.0000000,0.0000000,0,0,0,0
756347024068500 D 1515,1758849339,1000,1553,1553,2.3822722,-0.00609,-1,-1,-1,0,0,0,136,1,1,0,0.0000000,0.0000000,0.0000000,0,0,0,0
756347025065250 D 1516,1758850339,1000,1553,1553,2.3822722,-0.00585,-1,-1,-1,0,0,0,136,1,1,0,0.0000000,0.0000000,0.0000000,0,0,0,0
756347026095166 D 1517,1758851339,1000,1553,1553,2.3822722,-0.00562,-1,-1,-1,0,0,0,136,1,1,0,0.0000000,0.0000000,0.0000000,0,0,0,0
756347027585791 D 1518,1758852339,1000,1553,1553,2.3822722,-0.00540,39,128,2047,0,0,0,136,1,1,0,0.0000000,0.0000000,0.0000000,0,0,0,0
756347028222750 D 1519,1758853339,1000,1553,1553,2.3822722,-0.00519,-1,-1,-1,0,0,0,136,1,1,0,0.0000000,0.0000000,0.0000000,0,0,0,0
756347029079708 D 1520,1758854339,1000,1553,1553,2.3822722,-0.00499,-1,-1,-1,0,0,0,136,1,1,0,0.0000000,0.0000000,0.0000000,0,0,0,0
756347030125458 D 1521,1758855339,1000,1553,1553,2.3822722,-0.00479,-1,-1,-1,0,0,0,136,1,1,0,0.0000000,0.0000000,0.0000000,0,0,0,0
756347031098541 D 1522,1758856339,1000,1553,1553,2.3822722,-0.00460,-1,-1,-1,0,0,0,136,1,1,0,0.0000000,0.0000000,0.0000000,0,0,0,0
756347032146166 D 1523,1758857339,1000,1553,1553,2.3822722,-0.00442,-1,-1,-1,0,0,0,136,1,1,0,0.0000000,0.0000000,0.0000000,0,0,0,0
756347033138291 D 1524,1758858339,1000,1553,1553,2.3822722,-0.00425,-1,-1,-1,0,0,0,136,1,1,0,0.0000000,0.0000000,0.0000000,0,0,0,0
756347034127250 D 1525,1758859339,1000,1553,1553,2.3822722,-0.00408,-1,-1,-1,0,0,0,136,1,1,0,0.0000000,0.0000000,0.0000000,0,0,0,0
756347035105416 D 1526,1758860339,1000,1553,1553,2.3822722,-0.00392,-1,-1,-1,0,0,0,136,1,1,0,0.0000000,0.0000000,0.0000000,0,0,0,0
756347036077916 D 1527,1758861339,1000,1553,1553,2.3822722,-0.00377,-1,-1,-1,0,0,0,136,1,1,0,0.0000000,0.0000000,0.0000000,0,0,0,0
756347037073500 D 1528,1758862339,1000,1553,1553,2.3822722,-0.00362,-1,-1,-1,0,0,0,136,1,1,0,0.0000000,0.0000000,0.0000000,0,0,0,0
756347038076916 D 1529,1758863339,1000,1553,1553,2.3822722,-0.00348,-1,-1,-1,0,0,0,136,1,1,0,0.0000000,0.0000000,0.0000000,0,0,0,0
756347039081791 D 1530,1758864339,1000,1553,1553,2.3822722,-0.00334,-1,-1,-1,0,0,0,136,1,1,0,0.0000000,0.0000000,0.0000000,0,0,0,0
756347040094291 D 1531,1758865339,1000,1553,1553,2.3822722,-0.00321,-1,-1,-1,0,0,0,136,1,1,0,0.0000000,0.0000000,0.0000000,0,0,0,0
756347041074916 D 1532,1758866339,1000,1553,1553,2.3822722,-0.00308,-1,-1,-1,0,0,0,136,1,1,0,0.0000000,0.0000000,0.0000000,0,0,0,0
756347042105416 D 1533,1758867339,1000,1553,1553,2.3822722,-0.00296,-1,-1,-1,0,0,0,136,1,1,0,0.0000000,0.0000000,0.0000000,0,0,0,0
756347043083333 D 1534,1758868339,1000,1554,1554,2.3838062,0.05730,-1,-1,-1,0,0,0,136,1,1,0,0.0000000,0.0000000,0.0000000,0,0,0,0
756347044094291 D 1535,1758869339,1000,1553,1553,2.3822722,-0.00509,-1,-1,-1,0,0,0,136,1,1,0,0.0000000,0.0000000,0.0000000,0,0,0,0
756347045073166 D 1536,1758870339,1000,1553,1553,2.3822722,-0.00489,-1,-1,-1,0,0,0,136,1,1,0,0.0000000,0.0000000,0.0000000,0,0,0,0
756347046089541 D 1537,1758871339,1000,1554,1554,2.3838062,0.05545,-1,-1,-1,0,0,0,136,1,1,0,0.0000000,0.0000000,0.0000000,0,0,0,0
756347047099583 D 1538,1758872339,1000,1553,1553,2.3822722,-0.00688,-1,-1,-1,0,0,0,136,1,1,0,0.0000000,0.0000000,0.0000000,0,0,0,0
756347048117208 D 1539,1758873339,1000,1553,1553,2.3822722,-0.00661,-1,-1,-1,0,0,0,136,1,1,0,0.0000000,0.0000000,0.0000000,0,0,0,0
756347049084000 D 1540,1758874339,1000,1553,1553,2.3822722,-0.00635,-1,-1,-1,0,0,0,136,1,1,0,0.0000000,0.0000000,0.0000000,0,0,0,0
756347050294208 D 1541,1758875339,1000,1553,1553,2.3822722,-0.00610,-1,-1,-1,0,0,0,136,1,1,0,0.0000000,0.0000000,0.0000000,0,0,0,0
756347051294625 D 1542,1758876339,1000,1553,1553,2.3822722,-0.00586,-1,-1,-1,0,0,0,136,1,1,0,0.0000000,0.0000000,0.0000000,0,0,0,0
756347052181583 D 1543,1758877339,1000,1553,1553,2.3822722,-0.00563,-1,-1,-1,0,0,0,136,1,1,0,0.0000000,0.0000000,0.0000000,0,0,0,0
756347053086875 D 1544,1758878339,1000,1553,1553,2.3822722,-0.00541,-1,-1,-1,0,0,0,136,1,1,0,0.0000000,0.0000000,0.0000000,0,0,0,0
756347054096291 D 1545,1758879339,1000,1553,1553,2.3822722,-0.00520,-1,-1,-1,0,0,0,136,1,1,0,0.0000000,0.0000000,0.0000000,0,0,0,0
756347055210166 D 1546,1758880339,1000,1553,1553,2.3822722,-0.00499,-1,-1,-1,0,0,0,136,1,1,0,0.0000000,0.0000000,0.0000000,0,0,0,0
756347056213791 D 1547,1758881339,1000,1553,1553,2.3822722,-0.00480,-1,-1,-1,0,0,0,136,1,1,0,0.0000000,0.0000000,0.0000000,0,0,0,0
756347057158125 D 1548,1758882339,1000,1553,1553,2.3822722,-0.00461,-1,-1,-1,0,0,0,136,1,1,0,0.0000000,0.0000000,0.0000000,0,0,0,0
756347058198250 D 1549,1758883339,1000,1553,1553,2.3822722,-0.00443,-1,-1,-1,0,0,0,136,1,1,0,0.0000000,0.0000000,0.0000000,0,0,0,0
756347059127125 D 1550,1758884339,1000,1553,1553,2.3822722,-0.00426,-1,-1,-1,0,0,0,136,1,1,0,0.0000000,0.0000000,0.0000000,0,0,0,0
756347060124958 D 1551,1758885339,1000,1554,1554,2.3838062,0.05606,-1,-1,-1,0,0,0,136,1,1,0,0.0000000,0.0000000,0.0000000,0,0,0,0
756347061104291 D 1552,1758886339,1000,1553,1553,2.3822722,-0.00629,-1,-1,-1,0,0,0,136,1,1,0,0.0000000,0.0000000,0.0000000,0,0,0,0
756347062138291 D 1553,1758887339,1000,1554,1554,2.3838062,0.05411,-1,-1,-1,0,0,0,136,1,1,0,0.0000000,0.0000000,0.0000000,0,0,0,0
756347063103333 D 1554,1758888339,1000,1553,1553,2.3822722,-0.00816,-1,-1,-1,0,0,0,136,1,1,0,0.0000000,0.0000000,0.0000000,0,0,0,0
756347064112041 D 1555,1758889339,1000,1553,1553,2.3822722,-0.00784,-1,-1,-1,0,0,0,136,1,1,0,0.0000000,0.0000000,0.0000000,0,0,0,0
756347065138375 D 1556,1758890339,1000,1553,1553,2.3822722,-0.00753,-1,-1,-1,0,0,0,136,1,1,0,0.0000000,0.0000000,0.0000000,0,0,0,0
756347066125666 D 1557,1758891339,1000,1553,1553,2.3822722,-0.00724,-1,-1,-1,0,0,0,136,1,1,0,0.0000000,0.0000000,0.0000000,0,0,0,0
756347067084041 D 1558,1758892339,1000,1554,1554,2.3838062,0.05319,-1,-1,-1,0,0,0,136,1,1,0,0.0000000,0.0000000,0.0000000,0,0,0,0
756347068119375 D 1559,1758893339,1000,1553,1553,2.3822722,-0.00904,-1,-1,-1,0,0,0,136,1,1,0,0.0000000,0.0000000,0.0000000,0,0,0,0
756347069104250 D 1560,1758894339,1000,1554,1554,2.3838062,0.05146,-1,-1,-1,0,0,0,136,1,1,0,0.0000000,0.0000000,0.0000000,0,0,0,0
756347070095541 D 1561,1758895339,1000,1553,1553,2.3822722,-0.01070,-1,-1,-1,0,0,0,136,1,1,0,0.0000000,0.0000000,0.0000000,0,0,0,0
756347071083250 D 1562,1758896339,1000,1553,1553,2.3822722,-0.01028,-1,-1,-1,0,0,0,136,1,1,0,0.0000000,0.0000000,0.0000000,0,0,0,0
756347072099333 D 1563,1758897339,1000,1553,1553,2.3822722,-0.00988,-1,-1,-1,0,0,0,136,1,1,0,0.0000000,0.0000000,0.0000000,0,0,0,0
756347073168958 D 1564,1758898339,1000,1553,1553,2.3822722,-0.00949,-1,-1,-1,0,0,0,136,1,1,0,0.0000000,0.0000000,0.0000000,0,0,0,0
756347074140750 D 1565,1758899339,1000,1553,1553,2.3822722,-0.00912,-1,-1,-1,0,0,0,136,1,1,0,0.0000000,0.0000000,0.0000000,0,0,0,0
756347075093375 D 1566,1758900339,1000,1553,1553,2.3822722,-0.00876,-1,-1,-1,0,0,0,136,1,1,0,0.0000000,0.0000000,0.0000000,0,0,0,0
756347076138375 D 1567,1758901339,1000,1553,1553,2.3822722,-0.00842,-1,-1,-1,0,0,0,136,1,1,0,0.0000000,0.0000000,0.0000000,0,0,0,0
756347077450083 D 1568,1758902339,1000,1554,1554,2.3838062,0.05206,39,128,2048,0,0,0,136,1,1,0,0.0000000,0.0000000,0.0000000,0,0,0,0
756347078074291 D 1569,1758903339,1000,1553,1553,2.3822722,-0.01013,-1,-1,-1,0,0,0,136,1,1,0,0.0000000,0.0000000,0.0000000,0,0,0,0
756347079069708 D 1570,1758904339,1000,1553,1553,2.3822722,-0.00973,-1,-1,-1,0,0,0,136,1,1,0,0.0000000,0.0000000,0.0000000,0,0,0,0
756347080091875 D 1571,1758905339,1000,1553,1553,2.3822722,-0.00935,-1,-1,-1,0,0,0,136,1,1,0,0.0000000,0.0000000,0.0000000,0,0,0,0
756347081070791 D 1572,1758906339,1000,1553,1553,2.3822722,-0.00899,-1,-1,-1,0,0,0,136,1,1,0,0.0000000,0.0000000,0.0000000,0,0,0,0
756347082107208 D 1573,1758907339,1000,1553,1553,2.3822722,-0.00863,-1,-1,-1,0,0,0,136,1,1,0,0.0000000,0.0000000,0.0000000,0,0,0,0
756347083085250 D 1574,1758908339,1000,1553,1553,2.3822722,-0.00829,-1,-1,-1,0,0,0,136,1,1,0,0.0000000,0.0000000,0.0000000,0,0,0,0
756347084078791 D 1575,1758909339,1000,1553,1553,2.3822722,-0.00797,-1,-1,-1,0,0,0,136,1,1,0,0.0000000,0.0000000,0.0000000,0,0,0,0
756347085317583 D 1576,1758910339,1000,1553,1553,2.3822722,-0.00766,-1,-1,-1,0,0,0,136,1,1,0,0.0000000,0.0000000,0.0000000,0,0,0,0
756347086287916 D 1577,1758911339,1000,1553,1553,2.3822722,-0.00736,-1,-1,-1,0,0,0,136,1,1,0,0.0000000,0.0000000,0.0000000,0,0,0,0
756347087364916 D 1578,1758912339,1000,1553,1553,2.3822722,-0.00707,-1,-1,-1,0,0,0,136,1,1,0,0.0000000,0.0000000,0.0000000,0,0,0,0
756347088137541 D 1579,1758913339,1000,1553,1553,2.3822722,-0.00679,-1,-1,-1,0,0,0,136,1,1,0,0.0000000,0.0000000,0.0000000,0,0,0,0
756347089225750 D 1580,1758914339,1000,1553,1553,2.3822722,-0.00652,-1,-1,-1,0,0,0,136,1,1,0,0.0000000,0.0000000,0.0000000,0,0,0,0
756347090181708 D 1581,1758915339,1000,1553,1553,2.3822722,-0.00627,-1,-1,-1,0,0,0,136,1,1,0,0.0000000,0.0000000,0.0000000,0,0,0,0
756347091152666 D 1582,1758916339,1000,1553,1553,2.3822722,-0.00602,-1,-1,-1,0,0,0,136,1,1,0,0.0000000,0.0000000,0.0000000,0,0,0,0
756347092104166 D 1583,1758917339,1000,1554,1554,2.3838062,0.05436,-1,-1,-1,0,0,0,136,1,1,0,0.0000000,0.0000000,0.0000000,0,0,0,0
756347093107958 D 1584,1758918339,1000,1553,1553,2.3822722,-0.00792,-1,-1,-1,0,0,0,136,1,1,0,0.0000000,0.0000000,0.0000000,0,0,0,0
756347094141250 D 1585,1758919339,1000,1553,1553,2.3822722,-0.00761,-1,-1,-1,0,0,0,136,1,1,0,0.0000000,0.0000000,0.0000000,0,0,0,0
756347095170041 D 1586,1758920339,1000,1553,1553,2.3822722,-0.00731,-1,-1,-1,0,0,0,136,1,1,0,0.0000000,0.0000000,0.0000000,0,0,0,0
756347096119666 D 1587,1758921339,1000,1553,1553,2.3822722,-0.00702,-1,-1,-1,0,0,0,136,1,1,0,0.0000000,0.0000000,0.0000000,0,0,0,0
756347097133916 D 1588,1758922339,1000,1553,1553,2.3822722,-0.00675,-1,-1,-1,0,0,0,136,1,1,0,0.0000000,0.0000000,0.0000000,0,0,0,0
756347098091583 D 1589,1758923339,1000,1553,1553,2.3822722,-0.00648,-1,-1,-1,0,0,0,136,1,1,0,0.0000000,0.0000000,0.0000000,0,0,0,0
756347099145958 D 1590,1758924339,1000,1553,1553,2.3822722,-0.00623,-1,-1,-1,0,0,0,136,1,1,0,0.0000000,0.0000000,0.0000000,0,0,0,0
756347100079625 D 1591,1758925339,1000,1553,1553,2.3822722,-0.00598,-1,-1,-1,0,0,0,136,1,1,0,0.0000000,0.0000000,0.0000000,0,0,0,0
756347101126208 D 1592,1758926339,1000,1553,1553,2.3822722,-0.00575,-1,-1,-1,0,0,0,136,1,1,0,0.0000000,0.0000000,0.0000000,0,0,0,0
756347102127458 D 1593,1758927339,1000,1553,1553,2.3822722,-0.00552,-1,-1,-1,0,0,0,136,1,1,0,0.0000000,0.0000000,0.0000000,0,0,0,0
756347103089083 D 1594,1758928339,1000,1553,1553,2.3822722,-0.00531,-1,-1,-1,0,0,0,136,1,1,0,0.0000000,0.0000000,0.0000000,0,0,0,0
756347104105875 D 1595,1758929339,1000,1553,1553,2.3822722,-0.00510,-1,-1,-1,0,0,0,136,1,1,0,0.0000000,0.0000000,0.0000000,0,0,0,0
756347105114500 D 1596,1758930339,1000,1554,1554,2.3838062,0.05525,-1,-1,-1,0,0,0,136,1,1,0,0.0000000,0.0000000,0.0000000,0,0,0,0
756347106111791 D 1597,1758931339,1000,1553,1553,2.3822722,-0.00707,-1,-1,-1,0,0,0,136,1,1,0,0.0000000,0.0000000,0.0000000,0,0,0,0
756347107225958 D 1598,1758932339,1000,1553,1553,2.3822722,-0.00679,-1,-1,-1,0,0,0,136,1,1,0,0.0000000,0.0000000,0.0000000,0,0,0,0
756347108166500 D 1599,1758933339,1000,1553,1553,2.3822722,-0.00652,-1,-1,-1,0,0,0,136,1,1,0,0.0000000,0.0000000,0.0000000,0,0,0,0
756347109203708 D 1600,1758934339,1000,1553,1553,2.3822722,-0.00627,-1,-1,-1,0,0,0,136,1,1,0,0.0000000,0.0000000,0.0000000,0,0,0,0
756347110160041 D 1601,1758935339,1000,1553,1553,2.3822722,-0.00602,-1,-1,-1,0,0,0,136,1,1,0,0.0000000,0.0000000,0.0000000,0,0,0,0
756347111105541 D 1602,1758936339,1000,1553,1553,2.3822722,-0.00579,-1,-1,-1,0,0,0,136,1,1,0,0.0000000,0.0000000,0.0000000,0,0,0,0
756347112122500 D 1603,1758937339,1000,1553,1553,2.3822722,-0.00556,-1,-1,-1,0,0,0,136,1,1,0,0.0000000,0.0000000,0.0000000,0,0,0,0
756347113127583 D 1604,1758938339,1000,1553,1553,2.3822722,-0.00534,-1,-1,-1,0,0,0,136,1,1,0,0.0000000,0.0000000,0.0000000,0,0,0,0
756347114137375 D 1605,1758939339,1000,1553,1553,2.3822722,-0.00513,-1,-1,-1,0,0,0,136,1,1,0,0.0000000,0.0000000,0.0000000,0,0,0,0
756347115275291 D 1606,1758940339,1000,1553,1553,2.3822722,-0.00493,-1,-1,-1,0,0,0,136,1,1,0,0.0000000,0.0000000,0.0000000,0,0,0,0
756347116178250 D 1607,1758941339,1000,1553,1553,2.3822722,-0.00474,-1,-1,-1,0,0,0,136,1,1,0,0.0000000,0.0000000,0.0000000,0,0,0,0
756347117174791 D 1608,1758942339,1000,1554,1554,2.3838062,0.05560,-1,-1,-1,0,0,0,136,1,1,0,0.0000000,0.0000000,0.0000000,0,0,0,0
756347118167166 D 1609,1758943339,1000,1554,1554,2.3838062,0.05342,-1,-1,-1,0,0,0,136,1,1,0,0.0000000,0.0000000,0.0000000,0,0,0,0
756347119169291 D 1610,1758944339,1000,1553,1553,2.3822722,-0.00883,-1,-1,-1,0,0,0,136,1,1,0,0.0000000,0.0000000,0.0000000,0,0,0,0
756347120181333 D 1611,1758945339,1000,1553,1553,2.3822722,-0.00848,-1,-1,-1,0,0,0,136,1,1,0,0.0000000,0.0000000,0.0000000,0,0,0,0
756347121185416 D 1612,1758946339,1000,1553,1553,2.3822722,-0.00815,-1,-1,-1,0,0,0,136,1,1,0,0.0000000,0.0000000,0.0000000,0,0,0,0
756347122098333 D 1613,1758947339,1000,1553,1553,2.3822722,-0.00783,-1,-1,-1,0,0,0,136,1,1,0,0.0000000,0.0000000,0.0000000,0,0,0,0
756347123098458 D 1614,1758948339,1000,1553,1553,2.3822722,-0.00752,-1,-1,-1,0,0,0,136,1,1,0,0.0000000,0.0000000,0.0000000,0,0,0,0
756347124082166 D 1615,1758949339,1000,1553,1553,2.3822722,-0.00723,-1,-1,-1,0,0,0,136,1,1,0,0.0000000,0.0000000,0.0000000,0,0,0,0
756347125099416 D 1616,1758950339,1000,1553,1553,2.3822722,-0.00694,-1,-1,-1,0,0,0,136,1,1,0,0.0000000,0.0000000,0.0000000,0,0,0,0
756347126121125 D 1617,1758951339,1000,1553,1553,2.3822722,-0.00667,-1,-1,-1,0,0,0,136,1,1,0,0.0000000,0.0000000,0.0000000,0,0,0,0
756347127496791 D 1618,1758952339,1000,1553,1553,2.3822722,-0.00641,39,128,2047,0,0,0,136,1,1,0,0.0000000,0.0000000,0.0000000,0,0,0,0
756347128126708 D 1619,1758953339,1000,1553,1553,2.3822722,-0.00616,-1,-1,-1,0,0,0,136,1,1,0,0.0000000,0.0000000,0.0000000,0,0,0,0
756347129339458 D 1620,1758954339,1000,1553,1553,2.3822722,-0.00592,-1,-1,-1,0,0,0,136,1,1,0,0.0000000,0.0000000,0.0000000,0,0,0,0
756347130325083 D 1621,1758955339,1000,1553,1553,2.3822722,-0.00568,-1,-1,-1,0,0,0,136,1,1,0,0.0000000,0.0000000,0.0000000,0,0,0,0
756347131241333 D 1622,1758956339,1000,1553,1553,2.3822722,-0.00546,-1,-1,-1,0,0,0,136,1,1,0,0.0000000,0.0000000,0.0000000,0,0,0,0
756347132088291 D 1623,1758957339,1000,1553,1553,2.3822722,-0.00525,-1,-1,-1,0,0,0,136,1,1,0,0.0000000,0.0000000,0.0000000,0,0,0,0
756347133100500 D 1624,1758958339,1000,1553,1553,2.3822722,-0.00504,-1,-1,-1,0,0,0,136,1,1,0,0.0000000,0.0000000,0.0000000,0,0,0,0
756347134175833 D 1625,1758959339,1000,1553,1553,2.3822722,-0.00484,-1,-1,-1,0,0,0,136,1,1,0,0.0000000,0.0000000,0.0000000,0,0,0,0
756347135359083 D 1626,1758960339,1000,1553,1553,2.3822722,-0.00465,-1,-1,-1,0,0,0,136,1,1,0,0.0000000,0.0000000,0.0000000,0,0,0,0
756347136313125 D 1627,1758961339,1000,1553,1553,2.3822722,-0.00447,-1,-1,-1,0,0,0,136,1,1,0,0.0000000,0.0000000,0.0000000,0,0,0,0
756347137190625 D 1628,1758962339,1000,1553,1553,2.3822722,-0.00430,-1,-1,-1,0,0,0,136,1,1,0,0.0000000,0.0000000,0.0000000,0,0,0,0
756347138199083 D 1629,1758963339,1000,1553,1553,2.3822722,-0.00413,-1,-1,-1,0,0,0,136,1,1,0,0.0000000,0.0000000,0.0000000,0,0,0,0
756347139211166 D 1630,1758964339,1000,1553,1553,2.3822722,-0.00397,-1,-1,-1,0,0,0,136,1,1,0,0.0000000,0.0000000,0.0000000,0,0,0,0
756347140132041 D 1631,1758965339,1000,1553,1553,2.3822722,-0.00381,-1,-1,-1,0,0,0,136,1,1,0,0.0000000,0.0000000,0.0000000,0,0,0,0
756347141155125 D 1632,1758966339,1000,1553,1553,2.3822722,-0.00366,-1,-1,-1,0,0,0,136,1,1,0,0.0000000,0.0000000,0.0000000,0,0,0,0
756347142117916 D 1633,1758967339,1000,1553,1553,2.3822722,-0.00352,-1,-1,-1,0,0,0,136,1,1,0,0.0000000,0.0000000,0.0000000,0,0,0,0
756347143131916 D 1634,1758968339,1000,1553,1553,2.3822722,-0.00338,-1,-1,-1,0,0,0,136,1,1,0,0.0000000,0.0000000,0.0000000,0,0,0,0
756347144228708 D 1635,1758969339,1000,1553,1553,2.3822722,-0.00325,-1,-1,-1,0,0,0,136,1,1,0,0.0000000,0.0000000,0.0000000,0,0,0,0
756347145166291 D 1636,1758970339,1000,1553,1553,2.3822722,-0.00312,-1,-1,-1,0,0,0,136,1,1,0,0.0000000,0.0000000,0.0000000,0,0,0,0
756347146101250 D 1637,1758971339,1000,1553,1553,2.3822722,-0.00300,-1,-1,-1,0,0,0,136,1,1,0,0.0000000,0.0000000,0.0000000,0,0,0,0
756347147129750 D 1638,1758972339,1000,1554,1554,2.3838062,0.05727,-1,-1,-1,0,0,0,136,1,1,0,0.0000000,0.0000000,0.0000000,0,0,0,0
756347148091916 D 1639,1758973339,1000,1554,1554,2.3838062,0.05502,-1,-1,-1,0,0,0,136,1,1,0,0.0000000,0.0000000,0.0000000,0,0,0,0
756347149088000 D 1640,1758974339,1000,1553,1553,2.3822722,-0.00728,-1,-1,-1,0,0,0,136,1,1,0,0.0000000,0.0000000,0.0000000,0,0,0,0
756347150093458 D 1641,1758975339,1000,1553,1553,2.3822722,-0.00700,-1,-1,-1,0,0,0,136,1,1,0,0.0000000,0.0000000,0.0000000,0,0,0,0
756347151106541 D 1642,1758976339,1000,1553,1553,2.3822722,-0.00672,-1,-1,-1,0,0,0,136,1,1,0,0.0000000,0.0000000,0.0000000,0,0,0,0
756347152130708 D 1643,1758977339,1000,1553,1553,2.3822722,-0.00646,-1,-1,-1,0,0,0,136,1,1,0,0.0000000,0.0000000,0.0000000,0,0,0,0
756347153103125 D 1644,1758978339,1000,1553,1553,2.3822722,-0.00621,-1,-1,-1,0,0,0,136,1,1,0,0.0000000,0.0000000,0.0000000,0,0,0,0
756347154086916 D 1645,1758979339,1000,1553,1553,2.3822722,-0.00596,-1,-1,-1,0,0,0,136,1,1,0,0.0000000,0.0000000,0.0000000,0,0,0,0
756347155103416 D 1646,1758980339,1000,1553,1553,2.3822722,-0.00573,-1,-1,-1,0,0,0,136,1,1,0,0.0000000,0.0000000,0.0000000,0,0,0,0
756347156281583 D 1647,1758981339,1000,1553,1553,2.3822722,-0.00550,-1,-1,-1,0,0,0,136,1,1,0,0.0000000,0.0000000,0.0000000,0,0,0,0
756347157244500 D 1648,1758982339,1000,1553,1553,2.3822722,-0.00529,-1,-1,-1,0,0,0,136,1,1,0,0.0000000,0.0000000,0.0000000,0,0,0,0
756347158257750 D 1649,1758983339,1000,1553,1553,2.3822722,-0.00508,-1,-1,-1,0,0,0,136,1,1,0,0.0000000,0.0000000,0.0000000,0,0,0,0
756347159165166 D 1650,1758984339,1000,1553,1553,2.3822722,-0.00488,-1,-1,-1,0,0,0,136,1,1,0,0.0000000,0.0000000,0.0000000,0,0,0,0
756347160139208 D 1651,1758985339,1000,1554,1554,2.3838062,0.05546,-1,-1,-1,0,0,0,136,1,1,0,0.0000000,0.0000000,0.0000000,0,0,0,0
756347161147708 D 1652,1758986339,1000,1553,1553,2.3822722,-0.00686,-1,-1,-1,0,0,0,136,1,1,0,0.0000000,0.0000000,0.0000000,0,0,0,0
756347162114333 D 1653,1758987339,1000,1553,1553,2.3822722,-0.00660,-1,-1,-1,0,0,0,136,1,1,0,0.0000000,0.0000000,0.0000000,0,0,0,0
756347163117583 D 1654,1758988339,1000,1554,1554,2.3838062,0.05381,-1,-1,-1,0,0,0,136,1,1,0,0.0000000,0.0000000,0.0000000,0,0,0,0
756347164105583 D 1655,1758989339,1000,1553,1553,2.3822722,-0.00845,-1,-1,-1,0,0,0,136,1,1,0,0.0000000,0.0000000,0.0000000,0,0,0,0
756347165129541 D 1656,1758990339,1000,1553,1553,2.3822722,-0.00812,-1,-1,-1,0,0,0,136,1,1,0,0.0000000,0.0000000,0.0000000,0,0,0,0
756347166106166 D 1657,1758991339,1000,1553,1553,2.3822722,-0.00780,-1,-1,-1,0,0,0,136,1,1,0,0.0000000,0.0000000,0.0000000,0,0,0,0
756347167127875 D 1658,1758992339,1000,1553,1553,2.3822722,-0.00749,-1,-1,-1,0,0,0,136,1,1,0,0.0000000,0.0000000,0.0000000,0,0,0,0
756347168172708 D 1659,1758993339,1000,1553,1553,2.3822722,-0.00720,-1,-1,-1,0,0,0,136,1,1,0,0.0000000,0.0000000,0.0000000,0,0,0,0
756347169295958 D 1660,1758994339,1000,1554,1554,2.3838062,0.05323,-1,-1,-1,0,0,0,136,1,1,0,0.0000000,0.0000000,0.0000000,0,0,0,0
756347170372708 D 1661,1758995339,1000,1553,1553,2.3822722,-0.00900,-1,-1,-1,0,0,0,136,1,1,0,0.0000000,0.0000000,0.0000000,0,0,0,0
756347171220000 D 1662,1758996339,1000,1553,1553,2.3822722,-0.00865,-1,-1,-1,0,0,0,136,1,1,0,0.0000000,0.0000000,0.0000000,0,0,0,0
756347172127291 D 1663,1758997339,1000,1553,1553,2.3822722,-0.00831,-1,-1,-1,0,0,0,136,1,1,0,0.0000000,0.0000000,0.0000000,0,0,0,0
756347173292708 D 1664,1758998339,1000,1553,1553,2.3822722,-0.00799,-1,-1,-1,0,0,0,136,1,1,0,0.0000000,0.0000000,0.0000000,0,0,0,0
756347174415666 D 1665,1758999339,1000,1553,1553,2.3822722,-0.00767,-1,-1,-1,0,0,0,136,1,1,0,0.0000000,0.0000000,0.0000000,0,0,0,0
756347175298291 D 1666,1759000339,1000,1553,1553,2.3822722,-0.00737,-1,-1,-1,0,0,0,136,1,1,0,0.0000000,0.0000000,0.0000000,0,0,0,0
756347176170833 D 1667,1759001339,1000,1553,1553,2.3822722,-0.00708,-1,-1,-1,0,0,0,136,1,1,0,0.0000000,0.0000000,0.0000000,0,0,0,0
756347177532416 D 1668,1759002339,1000,1553,1553,2.3822722,-0.00680,39,128,2047,0,0,0,136,1,1,0,0.0000000,0.0000000,0.0000000,0,0,0,0
756347178187416 D 1669,1759003339,1000,1553,1553,2.3822722,-0.00654,-1,-1,-1,0,0,0,136,1,1,0,0.0000000,0.0000000,0.0000000,0,0,0,0
756347179145708 D 1670,1759004339,1000,1553,1553,2.3822722,-0.00628,-1,-1,-1,0,0,0,136,1,1,0,0.0000000,0.0000000,0.0000000,0,0,0,0
756347180123625 D 1671,1759005339,1000,1553,1553,2.3822722,-0.00603,-1,-1,-1,0,0,0,136,1,1,0,0.0000000,0.0000000,0.0000000,0,0,0,0
756347181168750 D 1672,1759006339,1000,1553,1553,2.3822722,-0.00580,-1,-1,-1,0,0,0,136,1,1,0,0.0000000,0.0000000,0.0000000,0,0,0,0
756347182134958 D 1673,1759007339,1000,1553,1553,2.3822722,-0.00557,-1,-1,-1,0,0,0,136,1,1,0,0.0000000,0.0000000,0.0000000,0,0,0,0
756347183152875 D 1674,1759008339,1000,1553,1553,2.3822722,-0.00535,-1,-1,-1,0,0,0,136,1,1,0,0.0000000,0.0000000,0.0000000,0,0,0,0
756347184149208 D 1675,1759009339,1000,1553,1553,2.3822722,-0.00514,-1,-1,-1,0,0,0,136,1,1,0,0.0000000,0.0000000,0.0000000,0,0,0,0
756347185122541 D 1676,1759010339,1000,1553,1553,2.3822722,-0.00494,-1,-1,-1,0,0,0,136,1,1,0,0.0000000,0.0000000,0.0000000,0,0,0,0
756347186113666 D 1677,1759011339,1000,1554,1554,2.3838062,0.05540,-1,-1,-1,0,0,0,136,1,1,0,0.0000000,0.0000000,0.0000000,0,0,0,0
756347187127625 D 1678,1759012339,1000,1553,1553,2.3822722,-0.00692,-1,-1,-1,0,0,0,136,1,1,0,0.0000000,0.0000000,0.0000000,0,0,0,0
756347188102208 D 1679,1759013339,1000,1553,1553,2.3822722,-0.00665,-1,-1,-1,0,0,0,136,1,1,0,0.0000000,0.0000000,0.0000000,0,0,0,0
756347189131208 D 1680,1759014339,1000,1553,1553,2.3822722,-0.00639,-1,-1,-1,0,0,0,136,1,1,0,0.0000000,0.0000000,0.0000000,0,0,0,0
756347190124083 D 1681,1759015339,1000,1553,1553,2.3822722,-0.00614,-1,-1,-1,0,0,0,136,1,1,0,0.0000000,0.0000000,0.0000000,0,0,0,0
756347191172625 D 1682,1759016339,1000,1553,1553,2.3822722,-0.00590,-1,-1,-1,0,0,0,136,1,1,0,0.0000000,0.0000000,0.0000000,0,0,0,0
756347192140166 D 1683,1759017339,1000,1553,1553,2.3822722,-0.00567,-1,-1,-1,0,0,0,136,1,1,0,0.0000000,0.0000000,0.0000000,0,0,0,0
756347193104625 D 1684,1759018339,1000,1553,1553,2.3822722,-0.00544,-1,-1,-1,0,0,0,136,1,1,0,0.0000000,0.0000000,0.0000000,0,0,0,0
756347194157125 D 1685,1759019339,1000,1553,1553,2.3822722,-0.00523,-1,-1,-1,0,0,0,136,1,1,0,0.0000000,0.0000000,0.0000000,0,0,0,0
756347195132791 D 1686,1759020339,1000,1553,1553,2.3822722,-0.00502,-1,-1,-1,0,0,0,136,1,1,0,0.0000000,0.0000000,0.0000000,0,0,0,0
756347196146708 D 1687,1759021339,1000,1554,1554,2.3838062,0.05532,-1,-1,-1,0,0,0,136,1,1,0,0.0000000,0.0000000,0.0000000,0,0,0,0
756347197106541 D 1688,1759022339,1000,1553,1553,2.3822722,-0.00700,-1,-1,-1,0,0,0,136,1,1,0,0.0000000,0.0000000,0.0000000,0,0,0,0
756347198109333 D 1689,1759023339,1000,1553,1553,2.3822722,-0.00672,-1,-1,-1,0,0,0,136,1,1,0,0.0000000,0.0000000,0.0000000,0,0,0,0
756347199133916 D 1690,1759024339,1000,1553,1553,2.3822722,-0.00646,-1,-1,-1,0,0,0,136,1,1,0,0.0000000,0.0000000,0.0000000,0,0,0,0
756347200119625 D 1691,1759025339,1000,1553,1553,2.3822722,-0.00621,-1,-1,-1,0,0,0,136,1,1,0,0.0000000,0.0000000,0.0000000,0,0,0,0
756347201098958 D 1692,1759026339,1000,1553,1553,2.3822722,-0.00596,-1,-1,-1,0,0,0,136,1,1,0,0.0000000,0.0000000,0.0000000,0,0,0,0
756347202344500 D 1693,1759027339,1000,1553,1553,2.3822722,-0.00573,-1,-1,-1,0,0,0,136,1,1,0,0.0000000,0.0000000,0.0000000,0,0,0,0
756347203314625 D 1694,1759028339,1000,1553,1553,2.3822722,-0.00550,-1,-1,-1,0,0,0,136,1,1,0,0.0000000,0.0000000,0.0000000,0,0,0,0
756347204281291 D 1695,1759029339,1000,1553,1553,2.3822722,-0.00529,-1,-1,-1,0,0,0,136,1,1,0,0.0000000,0.0000000,0.0000000,0,0,0,0
756347205082375 D 1696,1759030339,1000,1553,1553,2.3822722,-0.00508,-1,-1,-1,0,0,0,136,1,1,0,0.0000000,0.0000000,0.0000000,0,0,0,0
756347206078250 D 1697,1759031339,1000,1553,1553,2.3822722,-0.00488,-1,-1,-1,0,0,0,136,1,1,0,0.0000000,0.0000000,0.0000000,0,0,0,0
756347207084833 D 1698,1759032339,1000,1553,1553,2.3822722,-0.00469,-1,-1,-1,0,0,0,136,1,1,0,0.0000000,0.0000000,0.0000000,0,0,0,0
756347208077083 D 1699,1759033339,1000,1553,1553,2.3822722,-0.00451,-1,-1,-1,0,0,0,136,1,1,0,0.0000000,0.0000000,0.0000000,0,0,0,0
756347209076458 D 1700,1759034339,1000,1553,1553,2.3822722,-0.00433,-1,-1,-1,0,0,0,136,1,1,0,0.0000000,0.0000000,0.0000000,0,0,0,0
756347210073500 D 1701,1759035339,1000,1554,1554,2.3838062,0.05599,-1,-1,-1,0,0,0,136,1,1,0,0.0000000,0.0000000,0.0000000,0,0,0,0
756347211076500 D 1702,1759036339,1000,1553,1553,2.3822722,-0.00636,-1,-1,-1,0,0,0,136,1,1,0,0.0000000,0.0000000,0.0000000,0,0,0,0
756347212077708 D 1703,1759037339,1000,1553,1553,2.3822722,-0.00611,-1,-1,-1,0,0,0,136,1,1,0,0.0000000,0.0000000,0.0000000,0,0,0,0
756347213081250 D 1704,1759038339,1000,1553,1553,2.3822722,-0.00587,-1,-1,-1,0,0,0,136,1,1,0,0.0000000,0.0000000,0.0000000,0,0,0,0
756347214248375 D 1705,1759039339,1000,1553,1553,2.3822722,-0.00564,-1,-1,-1,0,0,0,136,1,1,0,0.0000000,0.0000000,0.0000000,0,0,0,0
756347215120208 D 1706,1759040339,1000,1553,1553,2.3822722,-0.00542,-1,-1,-1,0,0,0,136,1,1,0,0.0000000,0.0000000,0.0000000,0,0,0,0
756347216188500 D 1707,1759041339,1000,1553,1553,2.3822722,-0.00520,-1,-1,-1,0,0,0,136,1,1,0,0.0000000,0.0000000,0.0000000,0,0,0,0
756347217116583 D 1708,1759042339,1000,1553,1553,2.3822722,-0.00500,-1,-1,-1,0,0,0,136,1,1,0,0.0000000,0.0000000,0.0000000,0,0,0,0
756347218105000 D 1709,1759043339,1000,1553,1553,2.3822722,-0.00480,-1,-1,-1,0,0,0,136,1,1,0,0.0000000,0.0000000,0.0000000,0,0,0,0
756347219248458 D 1710,1759044339,1000,1553,1553,2.3822722,-0.00461,-1,-1,-1,0,0,0,136,1,1,0,0.0000000,0.0000000,0.0000000,0,0,0,0
756347220283375 D 1711,1759045339,1000,1553,1553,2.3822722,-0.00443,-1,-1,-1,0,0,0,136,1,1,0,0.0000000,0.0000000,0.0000000,0,0,0,0
756347221227791 D 1712,1759046339,1000,1554,1554,2.3838062,0.05589,-1,-1,-1,0,0,0,136,1,1,0,0.0000000,0.0000000,0.0000000,0,0,0,0
756347222118541 D 1713,1759047339,1000,1553,1553,2.3822722,-0.00645,-1,-1,-1,0,0,0,136,1,1,0,0.0000000,0.0000000,0.0000000,0,0,0,0
756347223090291 D 1714,1759048339,1000,1553,1553,2.3822722,-0.00620,-1,-1,-1,0,0,0,136,1,1,0,0.0000000,0.0000000,0.0000000,0,0,0,0
756347224109541 D 1715,1759049339,1000,1553,1553,2.3822722,-0.00596,-1,-1,-1,0,0,0,136,1,1,0,0.0000000,0.0000000,0.0000000,0,0,0,0
756347225086208 D 1716,1759050339,1000,1553,1553,2.3822722,-0.00572,-1,-1,-1,0,0,0,136,1,1,0,0.0000000,0.0000000,0.0000000,0,0,0,0
756347226085708 D 1717,1759051339,1000,1553,1553,2.3822722,-0.00550,-1,-1,-1,0,0,0,136,1,1,0,0.0000000,0.0000000,0.0000000,0,0,0,0
756347227522458 D 1718,1759052339,1000,1553,1553,2.3822722,-0.00528,39,128,2048,0,0,0,136,1,1,0,0.0000000,0.0000000,0.0000000,0,0,0,0
756347228143583 D 1719,1759053339,1000,1553,1553,2.3822722,-0.00507,-1,-1,-1,0,0,0,136,1,1,0,0.0000000,0.0000000,0.0000000,0,0,0,0
756347229101666 D 1720,1759054339,1000,1553,1553,2.3822722,-0.00488,-1,-1,-1,0,0,0,136,1,1,0,0.0000000,0.0000000,0.0000000,0,0,0,0
756347230168041 D 1721,1759055339,1000,1553,1553,2.3822722,-0.00468,-1,-1,-1,0,0,0,136,1,1,0,0.0000000,0.0000000,0.0000000,0,0,0,0
756347231150291 D 1722,1759056339,1000,1553,1553,2.3822722,-0.00450,-1,-1,-1,0,0,0,136,1,1,0,0.0000000,0.0000000,0.0000000,0,0,0,0
756347232153833 D 1723,1759057339,1000,1553,1553,2.3822722,-0.00432,-1,-1,-1,0,0,0,136,1,1,0,0.0000000,0.0000000,0.0000000,0,0,0,0
756347233107958 D 1724,1759058339,1000,1553,1553,2.3822722,-0.00415,-1,-1,-1,0,0,0,136,1,1,0,0.0000000,0.0000000,0.0000000,0,0,0,0
756347234120583 D 1725,1759059339,1000,1553,1553,2.3822722,-0.00399,-1,-1,-1,0,0,0,136,1,1,0,0.0000000,0.0000000,0.0000000,0,0,0,0
756347235206875 D 1726,1759060339,1000,1554,1554,2.3838062,0.05631,-1,-1,-1,0,0,0,136,1,1,0,0.0000000,0.0000000,0.0000000,0,0,0,0
756347236151458 D 1727,1759061339,1000,1553,1553,2.3822722,-0.00604,-1,-1,-1,0,0,0,136,1,1,0,0.0000000,0.0000000,0.0000000,0,0,0,0
756347237128458 D 1728,1759062339,1000,1553,1553,2.3822722,-0.00581,-1,-1,-1,0,0,0,136,1,1,0,0.0000000,0.0000000,0.0000000,0,0,0,0
756347238366500 D 1729,1759063339,1000,1553,1553,2.3822722,-0.00558,-1,-1,-1,0,0,0,136,1,1,0,0.0000000,0.0000000,0.0000000,0,0,0,0
756347239349666 D 1730,1759064339,1000,1553,1553,2.3822722,-0.00536,-1,-1,-1,0,0,0,136,1,1,0,0.0000000,0.0000000,0.0000000,0,0,0,0
756347240195375 D 1731,1759065339,1000,1553,1553,2.3822722,-0.00515,-1,-1,-1,0,0,0,136,1,1,0,0.0000000,0.0000000,0.0000000,0,0,0,0
756347241088708 D 1732,1759066339,1000,1554,1554,2.3838062,0.05520,-1,-1,-1,0,0,0,136,1,1,0,0.0000000,0.0000000,0.0000000,0,0,0,0
756347242091750 D 1733,1759067339,1000,1553,1553,2.3822722,-0.00711,-1,-1,-1,0,0,0,136,1,1,0,0.0000000,0.0000000,0.0000000,0,0,0,0
756347243085916 D 1734,1759068339,1000,1553,1553,2.3822722,-0.00683,-1,-1,-1,0,0,0,136,1,1,0,0.0000000,0.0000000,0.0000000,0,0,0,0
756347244079875 D 1735,1759069339,1000,1553,1553,2.3822722,-0.00657,-1,-1,-1,0,0,0,136,1,1,0,0.0000000,0.0000000,0.0000000,0,0,0,0
756347245085916 D 1736,1759070339,1000,1553,1553,2.3822722,-0.00631,-1,-1,-1,0,0,0,136,1,1,0,0.0000000,0.0000000,0.0000000,0,0,0,0
756347246109375 D 1737,1759071339,1000,1554,1554,2.3838062,0.05409,-1,-1,-1,0,0,0,136,1,1,0,0.0000000,0.0000000,0.0000000,0,0,0,0
756347247082333 D 1738,1759072339,1000,1553,1553,2.3822722,-0.00818,-1,-1,-1,0,0,0,136,1,1,0,0.0000000,0.0000000,0.0000000,0,0,0,0
756347248080916 D 1739,1759073339,1000,1553,1553,2.3822722,-0.00786,-1,-1,-1,0,0,0,136,1,1,0,0.0000000,0.0000000,0.0000000,0,0,0,0
756347249079708 D 1740,1759074339,1000,1553,1553,2.3822722,-0.00755,-1,-1,-1,0,0,0,136,1,1,0,0.0000000,0.0000000,0.0000000,0,0,0,0
756347250083458 D 1741,1759075339,1000,1553,1553,2.3822722,-0.00726,-1,-1,-1,0,0,0,136,1,1,0,0.0000000,0.0000000,0.0000000,0,0,0,0
756347251071583 D 1742,1759076339,1000,1554,1554,2.3838062,0.05318,-1,-1,-1,0,0,0,136,1,1,0,0.0000000,0.0000000,0.0000000,0,0,0,0
756347252082208 D 1743,1759077339,1000,1553,1553,2.3822722,-0.00906,-1,-1,-1,0,0,0,136,1,1,0,0.0000000,0.0000000,0.0000000,0,0,0,0
756347253069458 D 1744,1759078339,1000,1553,1553,2.3822722,-0.00870,-1,-1,-1,0,0,0,136,1,1,0,0.0000000,0.0000000,0.0000000,0,0,0,0
756347254095625 D 1745,1759079339,1000,1553,1553,2.3822722,-0.00836,-1,-1,-1,0,0,0,136,1,1,0,0.0000000,0.0000000,0.0000000,0,0,0,0
756347255085666 D 1746,1759080339,1000,1553,1553,2.3822722,-0.00803,-1,-1,-1,0,0,0,136,1,1,0,0.0000000,0.0000000,0.0000000,0,0,0,0
756347256073333 D 1747,1759081339,1000,1554,1554,2.3838062,0.05243,-1,-1,-1,0,0,0,136,1,1,0,0.0000000,0.0000000,0.0000000,0,0,0,0
756347257188750 D 1748,1759082339,1000,1553,1553,2.3822722,-0.00977,-1,-1,-1,0,0,0,136,1,1,0,0.0000000,0.0000000,0.0000000,0,0,0,0
756347258212333 D 1749,1759083339,1000,1554,1554,2.3838062,0.05076,-1,-1,-1,0,0,0,136,1,1,0,0.0000000,0.0000000,0.0000000,0,0,0,0
756347259507791 D 1750,1759084339,1000,1553,1553,2.3822722,-0.01138,-1,-1,-1,0,0,0,136,1,1,0,0.0000000,0.0000000,0.0000000,0,0,0,0
756347260303583 D 1751,1759085339,1000,1553,1553,2.3822722,-0.01093,-1,-1,-1,0,0,0,136,1,1,0,0.0000000,0.0000000,0.0000000,0,0,0,0
756347261298833 D 1752,1759086339,1000,1554,1554,2.3838062,0.04964,-1,-1,-1,0,0,0,136,1,1,0,0.0000000,0.0000000,0.0000000,0,0,0,0
756347262220458 D 1753,1759087339,1000,1553,1553,2.3822722,-0.01245,-1,-1,-1,0,0,0,136,1,1,0,0.0000000,0.0000000,0.0000000,0,0,0,0
756347263141208 D 1754,1759088339,1000,1553,1553,2.3822722,-0.01196,-1,-1,-1,0,0,0,136,1,1,0,0.0000000,0.0000000,0.0000000,0,0,0,0
756347264141000 D 1755,1759089339,1000,1553,1553,2.3822722,-0.01149,-1,-1,-1,0,0,0,136,1,1,0,0.0000000,0.0000000,0.0000000,0,0,0,0
756347265125625 D 1756,1759090339,1000,1554,1554,2.3838062,0.04910,-1,-1,-1,0,0,0,136,1,1,0,0.0000000,0.0000000,0.0000000,0,0,0,0
756347266134791 D 1757,1759091339,1000,1553,1553,2.3822722,-0.01297,-1,-1,-1,0,0,0,136,1,1,0,0.0000000,0.0000000,0.0000000,0,0,0,0
756347267122000 D 1758,1759092339,1000,1553,1553,2.3822722,-0.01246,-1,-1,-1,0,0,0,136,1,1,0,0.0000000,0.0000000,0.0000000,0,0,0,0
756347268135875 D 1759,1759093339,1000,1554,1554,2.3838062,0.04818,-1,-1,-1,0,0,0,136,1,1,0,0.0000000,0.0000000,0.0000000,0,0,0,0
756347269150875 D 1760,1759094339,1000,1553,1553,2.3822722,-0.01386,-1,-1,-1,0,0,0,136,1,1,0,0.0000000,0.0000000,0.0000000,0,0,0,0
756347270146875 D 1761,1759095339,1000,1553,1553,2.3822722,-0.01332,-1,-1,-1,0,0,0,136,1,1,0,0.0000000,0.0000000,0.0000000,0,0,0,0
756347271118125 D 1762,1759096339,1000,1553,1553,2.3822722,-0.01280,-1,-1,-1,0,0,0,136,1,1,0,0.0000000,0.0000000,0.0000000,0,0,0,0
756347272177416 D 1763,1759097339,1000,1554,1554,2.3838062,0.04785,-1,-1,-1,0,0,0,136,1,1,0,0.0000000,0.0000000,0.0000000,0,0,0,0
756347273451708 D 1764,1759098339,1000,1553,1553,2.3822722,-0.01417,-1,-1,-1,0,0,0,136,1,1,0,0.0000000,0.0000000,0.0000000,0,0,0,0
756347274359958 D 1765,1759099339,1000,1554,1554,2.3838062,0.04653,-1,-1,-1,0,0,0,136,1,1,0,0.0000000,0.0000000,0.0000000,0,0,0,0
756347275405041 D 1766,1759100339,1000,1553,1553,2.3822722,-0.01544,-1,-1,-1,0,0,0,136,1,1,0,0.0000000,0.0000000,0.0000000,0,0,0,0
756347276122208 D 1767,1759101339,1000,1553,1553,2.3822722,-0.01483,-1,-1,-1,0,0,0,136,1,1,0,0.0000000,0.0000000,0.0000000,0,0,0,0
756347277638541 D 1768,1759102339,1000,1553,1553,2.3822722,-0.01425,39,128,2047,0,0,0,136,1,1,0,0.0000000,0.0000000,0.0000000,0,0,0,0
756347278291875 D 1769,1759103339,1000,1553,1553,2.3822722,-0.01369,-1,-1,-1,0,0,0,136,1,1,0,0.0000000,0.0000000,0.0000000,0,0,0,0
756347279183291 D 1770,1759104339,1000,1553,1553,2.3822722,-0.01316,-1,-1,-1,0,0,0,136,1,1,0,0.0000000,0.0000000,0.0000000,0,0,0,0
756347280109291 D 1771,1759105339,1000,1553,1553,2.3822722,-0.01264,-1,-1,-1,0,0,0,136,1,1,0,0.0000000,0.0000000,0.0000000,0,0,0,0
756347281106958 D 1772,1759106339,1000,1553,1553,2.3822722,-0.01214,-1,-1,-1,0,0,0,136,1,1,0,0.0000000,0.0000000,0.0000000,0,0,0,0
756347282086000 D 1773,1759107339,1000,1553,1553,2.3822722,-0.01167,-1,-1,-1,0,0,0,136,1,1,0,0.0000000,0.0000000,0.0000000,0,0,0,0
756347283100375 D 1774,1759108339,1000,1554,1554,2.3838062,0.04894,-1,-1,-1,0,0,0,136,1,1,0,0.0000000,0.0000000,0.0000000,0,0,0,0
756347284117958 D 1775,1759109339,1000,1553,1553,2.3822722,-0.01313,-1,-1,-1,0,0,0,136,1,1,0,0.0000000,0.0000000,0.0000000,0,0,0,0
756347285179291 D 1776,1759110339,1000,1553,1553,2.3822722,-0.01262,-1,-1,-1,0,0,0,136,1,1,0,0.0000000,0.0000000,0.0000000,0,0,0,0
756347286159125 D 1777,1759111339,1000,1553,1553,2.3822722,-0.01212,-1,-1,-1,0,0,0,136,1,1,0,0.0000000,0.0000000,0.0000000,0,0,0,0
756347287107208 D 1778,1759112339,1000,1553,1553,2.3822722,-0.01165,-1,-1,-1,0,0,0,136,1,1,0,0.0000000,0.0000000,0.0000000,0,0,0,0
756347288108000 D 1779,1759113339,1000,1553,1553,2.3822722,-0.01119,-1,-1,-1,0,0,0,136,1,1,0,0.0000000,0.0000000,0.0000000,0,0,0,0
756347289115083 D 1780,1759114339,1000,1553,1553,2.3822722,-0.01075,-1,-1,-1,0,0,0,136,1,1,0,0.0000000,0.0000000,0.0000000,0,0,0,0
756347290090166 D 1781,1759115339,1000,1553,1553,2.3822722,-0.01033,-1,-1,-1,0,0,0,136,1,1,0,0.0000000,0.0000000,0.0000000,0,0,0,0
756347291094250 D 1782,1759116339,1000,1553,1553,2.3822722,-0.00992,-1,-1,-1,0,0,0,136,1,1,0,0.0000000,0.0000000,0.0000000,0,0,0,0
756347292204458 D 1783,1759117339,1000,1554,1554,2.3838062,0.05061,-1,-1,-1,0,0,0,136,1,1,0,0.0000000,0.0000000,0.0000000,0,0,0,0
756347293168416 D 1784,1759118339,1000,1553,1553,2.3822722,-0.01152,-1,-1,-1,0,0,0,136,1,1,0,0.0000000,0.0000000,0.0000000,0,0,0,0
756347294163291 D 1785,1759119339,1000,1553,1553,2.3822722,-0.01107,-1,-1,-1,0,0,0,136,1,1,0,0.0000000,0.0000000,0.0000000,0,0,0,0
756347295132333 D 1786,1759120339,1000,1553,1553,2.3822722,-0.01063,-1,-1,-1,0,0,0,136,1,1,0,0.0000000,0.0000000,0.0000000,0,0,0,0
756347296148166 D 1787,1759121339,1000,1554,1554,2.3838062,0.04993,-1,-1,-1,0,0,0,136,1,1,0,0.0000000,0.0000000,0.0000000,0,0,0,0
756347297327000 D 1788,1759122339,1000,1553,1553,2.3822722,-0.01217,-1,-1,-1,0,0,0,136,1,1,0,0.0000000,0.0000000,0.0000000,0,0,0,0
756347298414083 D 1789,1759123339,1000,1553,1553,2.3822722,-0.01170,-1,-1,-1,0,0,0,136,1,1,0,0.0000000,0.0000000,0.0000000,0,0,0,0
756347299343250 D 1790,1759124339,1000,1553,1553,2.3822722,-0.01124,-1,-1,-1,0,0,0,136,1,1,0,0.0000000,0.0000000,0.0000000,0,0,0,0
756347300355916 D 1791,1759125339,1000,1553,1553,2.3822722,-0.01080,-1,-1,-1,0,0,0,136,1,1,0,0.0000000,0.0000000,0.0000000,0,0,0,0
756347301300750 D 1792,1759126339,1000,1553,1553,2.3822722,-0.01037,-1,-1,-1,0,0,0,136,1,1,0,0.0000000,0.0000000,0.0000000,0,0,0,0
756347302380625 D 1793,1759127339,1000,1553,1553,2.3822722,-0.00997,-1,-1,-1,0,0,0,136,1,1,0,0.0000000,0.0000000,0.0000000,0,0,0,0
756347303272833 D 1794,1759128339,1000,1553,1553,2.3822722,-0.00958,-1,-1,-1,0,0,0,136,1,1,0,0.0000000,0.0000000,0.0000000,0,0,0,0
756347304163208 D 1795,1759129339,1000,1553,1553,2.3822722,-0.00920,-1,-1,-1,0,0,0,136,1,1,0,0.0000000,0.0000000,0.0000000,0,0,0,0
756347305327291 D 1796,1759130339,1000,1553,1553,2.3822722,-0.00884,-1,-1,-1,0,0,0,136,1,1,0,0.0000000,0.0000000,0.0000000,0,0,0,0
756347306193500 D 1797,1759131339,1000,1553,1553,2.3822722,-0.00849,-1,-1,-1,0,0,0,136,1,1,0,0.0000000,0.0000000,0.0000000,0,0,0,0
756347307133791 D 1798,1759132339,1000,1553,1553,2.3822722,-0.00816,-1,-1,-1,0,0,0,136,1,1,0,0.0000000,0.0000000,0.0000000,0,0,0,0
756347308243708 D 1799,1759133339,1000,1554,1554,2.3838062,0.05231,-1,-1,-1,0,0,0,136,1,1,0,0.0000000,0.0000000,0.0000000,0,0,0,0
756347309231750 D 1800,1759134339,1000,1553,1553,2.3822722,-0.00989,-1,-1,-1,0,0,0,136,1,1,0,0.0000000,0.0000000,0.0000000,0,0,0,0
756347310194083 D 1801,1759135339,1000,1553,1553,2.3822722,-0.00950,-1,-1,-1,0,0,0,136,1,1,0,0.0000000,0.0000000,0.0000000,0,0,0,0
756347311157250 D 1802,1759136339,1000,1553,1553,2.3822722,-0.00913,-1,-1,-1,0,0,0,136,1,1,0,0.0000000,0.0000000,0.0000000,0,0,0,0
756347312244208 D 1803,1759137339,1000,1553,1553,2.3822722,-0.00877,-1,-1,-1,0,0,0,136,1,1,0,0.0000000,0.0000000,0.0000000,0,0,0,0
756347313170166 D 1804,1759138339,1000,1553,1553,2.3822722,-0.00843,-1,-1,-1,0,0,0,136,1,1,0,0.0000000,0.0000000,0.0000000,0,0,0,0
756347314097416 D 1805,1759139339,1000,1553,1553,2.3822722,-0.00810,-1,-1,-1,0,0,0,136,1,1,0,0.0000000,0.0000000,0.0000000,0,0,0,0
756347315127541 D 1806,1759140339,1000,1553,1553,2.3822722,-0.00778,-1,-1,-1,0,0,0,136,1,1,0,0.0000000,0.0000000,0.0000000,0,0,0,0
756347316195333 D 1807,1759141339,1000,1553,1553,2.3822722,-0.00748,-1,-1,-1,0,0,0,136,1,1,0,0.0000000,0.0000000,0.0000000,0,0,0,0
756347317333625 D 1808,1759142339,1000,1553,1553,2.3822722,-0.00718,-1,-1,-1,0,0,0,136,1,1,0,0.0000000,0.0000000,0.0000000,0,0,0,0
756347318177666 D 1809,1759143339,1000,1553,1553,2.3822722,-0.00690,-1,-1,-1,0,0,0,136,1,1,0,0.0000000,0.0000000,0.0000000,0,0,0,0
756347319154083 D 1810,1759144339,1000,1553,1553,2.3822722,-0.00663,-1,-1,-1,0,0,0,136,1,1,0,0.0000000,0.0000000,0.0000000,0,0,0,0
756347320152375 D 1811,1759145339,1000,1553,1553,2.3822722,-0.00637,-1,-1,-1,0,0,0,136,1,1,0,0.0000000,0.0000000,0.0000000,0,0,0,0
756347321468166 D 1812,1759146339,1000,1553,1553,2.3822722,-0.00612,-1,-1,-1,0,0,0,136,1,1,0,0.0000000,0.0000000,0.0000000,0,0,0,0
756347322273208 D 1813,1759147339,1000,1553,1553,2.3822722,-0.00588,-1,-1,-1,0,0,0,136,1,1,0,0.0000000,0.0000000,0.0000000,0,0,0,0
756347323235458 D 1814,1759148339,1000,1553,1553,2.3822722,-0.00565,-1,-1,-1,0,0,0,136,1,1,0,0.0000000,0.0000000,0.0000000,0,0,0,0
756347324303833 D 1815,1759149339,1000,1553,1553,2.3822722,-0.00543,-1,-1,-1,0,0,0,136,1,1,0,0.0000000,0.0000000,0.0000000,0,0,0,0
756347325242041 D 1816,1759150339,1000,1553,1553,2.3822722,-0.00522,-1,-1,-1,0,0,0,136,1,1,0,0.0000000,0.0000000,0.0000000,0,0,0,0
756347326176333 D 1817,1759151339,1000,1553,1553,2.3822722,-0.00501,-1,-1,-1,0,0,0,136,1,1,0,0.0000000,0.0000000,0.0000000,0,0,0,0
756347327593291 D 1818,1759152339,1000,1553,1553,2.3822722,-0.00481,39,128,2047,0,0,0,136,1,1,0,0.0000000,0.0000000,0.0000000,0,0,0,0
756347328215208 D 1819,1759153339,1000,1554,1554,2.3838062,0.05552,-1,-1,-1,0,0,0,136,1,1,0,0.0000000,0.0000000,0.0000000,0,0,0,0
756347329125166 D 1820,1759154339,1000,1553,1553,2.3822722,-0.00680,-1,-1,-1,0,0,0,136,1,1,0,0.0000000,0.0000000,0.0000000,0,0,0,0
756347330119958 D 1821,1759155339,1000,1553,1553,2.3822722,-0.00654,-1,-1,-1,0,0,0,136,1,1,0,0.0000000,0.0000000,0.0000000,0,0,0,0
756347331198833 D 1822,1759156339,1000,1553,1553,2.3822722,-0.00628,-1,-1,-1,0,0,0,136,1,1,0,0.0000000,0.0000000,0.0000000,0,0,0,0
756347332127416 D 1823,1759157339,1000,1553,1553,2.3822722,-0.00603,-1,-1,-1,0,0,0,136,1,1,0,0.0000000,0.0000000,0.0000000,0,0,0,0
756347333145208 D 1824,1759158339,1000,1554,1554,2.3838062,0.05435,-1,-1,-1,0,0,0,136,1,1,0,0.0000000,0.0000000,0.0000000,0,0,0,0
756347334135083 D 1825,1759159339,1000,1553,1553,2.3822722,-0.00793,-1,-1,-1,0,0,0,136,1,1,0,0.0000000,0.0000000,0.0000000,0,0,0,0
756347335113041 D 1826,1759160339,1000,1553,1553,2.3822722,-0.00762,-1,-1,-1,0,0,0,136,1,1,0,0.0000000,0.0000000,0.0000000,0,0,0,0
756347336126125 D 1827,1759161339,1000,1553,1553,2.3822722,-0.00732,-1,-1,-1,0,0,0,135,1,1,0,0.0000000,0.0000000,0.0000000,0,0,0,0
756347337119500 D 1828,1759162339,1000,1553,1553,2.3822722,-0.00703,-1,-1,-1,0,0,0,136,1,1,0,0.0000000,0.0000000,0.0000000,0,0,0,0
756347338095500 D 1829,1759163339,1000,1553,1553,2.3822722,-0.00676,-1,-1,-1,0,0,0,136,1,1,0,0.0000000,0.0000000,0.0000000,0,0,0,0
756347339125875 D 1830,1759164339,1000,1553,1553,2.3822722,-0.00649,-1,-1,-1,0,0,0,136,1,1,0,0.0000000,0.0000000,0.0000000,0,0,0,0
756347340219541 D 1831,1759165339,1000,1553,1553,2.3822722,-0.00624,-1,-1,-1,0,0,0,136,1,1,0,0.0000000,0.0000000,0.0000000,0,0,0,0
756347341198083 D 1832,1759166339,1000,1553,1553,2.3822722,-0.00599,-1,-1,-1,0,0,0,136,1,1,0,0.0000000,0.0000000,0.0000000,0,0,0,0
756347342148958 D 1833,1759167339,1000,1553,1553,2.3822722,-0.00576,-1,-1,-1,0,0,0,136,1,1,0,0.0000000,0.0000000,0.0000000,0,0,0,0
756347343123583 D 1834,1759168339,1000,1553,1553,2.3822722,-0.00553,-1,-1,-1,0,0,0,136,1,1,0,0.0000000,0.0000000,0.0000000,0,0,0,0
756347344120000 D 1835,1759169339,1000,1553,1553,2.3822722,-0.00531,-1,-1,-1,0,0,0,136,1,1,0,0.0000000,0.0000000,0.0000000,0,0,0,0
756347345120875 D 1836,1759170339,1000,1553,1553,2.3822722,-0.00511,-1,-1,-1,0,0,0,136,1,1,0,0.0000000,0.0000000,0.0000000,0,0,0,0
756347346316750 D 1837,1759171339,1000,1553,1553,2.3822722,-0.00491,-1,-1,-1,0,0,0,136,1,1,0,0.0000000,0.0000000,0.0000000,0,0,0,0
756347347175750 D 1838,1759172339,1000,1553,1553,2.3822722,-0.00471,-1,-1,-1,0,0,0,136,1,1,0,0.0000000,0.0000000,0.0000000,0,0,0,0
756347348133208 D 1839,1759173339,1000,1553,1553,2.3822722,-0.00453,-1,-1,-1,0,0,0,136,1,1,0,0.0000000,0.0000000,0.0000000,0,0,0,0
756347349139916 D 1840,1759174339,1000,1554,1554,2.3838062,0.05580,-1,-1,-1,0,0,0,136,1,1,0,0.0000000,0.0000000,0.0000000,0,0,0,0
756347350119166 D 1841,1759175339,1000,1553,1553,2.3822722,-0.00654,-1,-1,-1,0,0,0,136,1,1,0,0.0000000,0.0000000,0.0000000,0,0,0,0
756347351156208 D 1842,1759176339,1000,1553,1553,2.3822722,-0.00628,-1,-1,-1,0,0,0,136,1,1,0,0.0000000,0.0000000,0.0000000,0,0,0,0
756347352143000 D 1843,1759177339,1000,1553,1553,2.3822722,-0.00604,-1,-1,-1,0,0,0,136,1,1,0,0.0000000,0.0000000,0.0000000,0,0,0,0
756347353113250 D 1844,1759178339,1000,1553,1553,2.3822722,-0.00580,-1,-1,-1,0,0,0,136,1,1,0,0.0000000,0.0000000,0.0000000,0,0,0,0
756347354101916 D 1845,1759179339,1000,1553,1553,2.3822722,-0.00557,-1,-1,-1,0,0,0,136,1,1,0,0.0000000,0.0000000,0.0000000,0,0,0,0
756347355195083 D 1846,1759180339,1000,1553,1553,2.3822722,-0.00535,-1,-1,-1,0,0,0,136,1,1,0,0.0000000,0.0000000,0.0000000,0,0,0,0
756347356266458 D 1847,1759181339,1000,1553,1553,2.3822722,-0.00514,-1,-1,-1,0,0,0,136,1,1,0,0.0000000,0.0000000,0.0000000,0,0,0,0
756347357216708 D 1848,1759182339,1000,1553,1553,2.3822722,-0.00494,-1,-1,-1,0,0,0,136,1,1,0,0.0000000,0.0000000,0.0000000,0,0,0,0
756347358261916 D 1849,1759183339,1000,1553,1553,2.3822722,-0.00475,-1,-1,-1,0,0,0,136,1,1,0,0.0000000,0.0000000,0.0000000,0,0,0,0
756347359364000 D 1850,1759184339,1000,1553,1553,2.3822722,-0.00456,-1,-1,-1,0,0,0,136,1,1,0,0.0000000,0.0000000,0.0000000,0,0,0,0
756347360182833 D 1851,1759185339,1000,1554,1554,2.3838062,0.05577,-1,-1,-1,0,0,0,136,1,1,0,0.0000000,0.0000000,0.0000000,0,0,0,0
756347361197208 D 1852,1759186339,1000,1554,1554,2.3838062,0.05358,-1,-1,-1,0,0,0,136,1,1,0,0.0000000,0.0000000,0.0000000,0,0,0,0
756347362169333 D 1853,1759187339,1000,1553,1553,2.3822722,-0.00867,-1,-1,-1,0,0,0,136,1,1,0,0.0000000,0.0000000,0.0000000,0,0,0,0
756347363187083 D 1854,1759188339,1000,1553,1553,2.3822722,-0.00833,-1,-1,-1,0,0,0,136,1,1,0,0.0000000,0.0000000,0.0000000,0,0,0,0
756347364147041 D 1855,1759189339,1000,1553,1553,2.3822722,-0.00800,-1,-1,-1,0,0,0,136,1,1,0,0.0000000,0.0000000,0.0000000,0,0,0,0
756347365176666 D 1856,1759190339,1000,1553,1553,2.3822722,-0.00769,-1,-1,-1,0,0,0,136,1,1,0,0.0000000,0.0000000,0.0000000,0,0,0,0
756347366130458 D 1857,1759191339,1000,1553,1553,2.3822722,-0.00739,-1,-1,-1,0,0,0,136,1,1,0,0.0000000,0.0000000,0.0000000,0,0,0,0
756347367143375 D 1858,1759192339,1000,1553,1553,2.3822722,-0.00710,-1,-1,-1,0,0,0,136,1,1,0,0.0000000,0.0000000,0.0000000,0,0,0,0
756347368174666 D 1859,1759193339,1000,1554,1554,2.3838062,0.05333,-1,-1,-1,0,0,0,136,1,1,0,0.0000000,0.0000000,0.0000000,0,0,0,0
756347369180791 D 1860,1759194339,1000,1553,1553,2.3822722,-0.00891,-1,-1,-1,0,0,0,136,1,1,0,0.0000000,0.0000000,0.0000000,0,0,0,0
756347370191458 D 1861,1759195339,1000,1553,1553,2.3822722,-0.00856,-1,-1,-1,0,0,0,136,1,1,0,0.0000000,0.0000000,0.0000000,0,0,0,0
756347371315041 D 1862,1759196339,1000,1554,1554,2.3838062,0.05192,-1,-1,-1,0,0,0,136,1,1,0,0.0000000,0.0000000,0.0000000,0,0,0,0
756347372158166 D 1863,1759197339,1000,1553,1553,2.3822722,-0.01026,-1,-1,-1,0,0,0,136,1,1,0,0.0000000,0.0000000,0.0000000,0,0,0,0
756347373226791 D 1864,1759198339,1000,1553,1553,2.3822722,-0.00986,-1,-1,-1,0,0,0,136,1,1,0,0.0000000,0.0000000,0.0000000,0,0,0,0
756347374316875 D 1865,1759199339,1000,1553,1553,2.3822722,-0.00947,-1,-1,-1,0,0,0,136,1,1,0,0.0000000,0.0000000,0.0000000,0,0,0,0
756347375167166 D 1866,1759200339,1000,1553,1553,2.3822722,-0.00910,-1,-1,-1,0,0,0,136,1,1,0,0.0000000,0.0000000,0.0000000,0,0,0,0
756347376120708 D 1867,1759201339,1000,1553,1553,2.3822722,-0.00874,-1,-1,-1,0,0,0,136,1,1,0,0.0000000,0.0000000,0.0000000,0,0,0,0
756347377527291 D 1868,1759202339,1000,1553,1553,2.3822722,-0.00840,39,128,2046,0,0,0,136,1,1,0,0.0000000,0.0000000,0.0000000,0,0,0,0
756347378379958 D 1869,1759203339,1000,1554,1554,2.3838062,0.05208,-1,-1,-1,0,0,0,136,1,1,0,0.0000000,0.0000000,0.0000000,0,0,0,0
756347379356000 D 1870,1759204339,1000,1553,1553,2.3822722,-0.01011,-1,-1,-1,0,0,0,136,1,1,0,0.0000000,0.0000000,0.0000000,0,0,0,0
756347380339291 D 1871,1759205339,1000,1553,1553,2.3822722,-0.00972,-1,-1,-1,0,0,0,136,1,1,0,0.0000000,0.0000000,0.0000000,0,0,0,0
756347381156708 D 1872,1759206339,1000,1553,1553,2.3822722,-0.00934,-1,-1,-1,0,0,0,136,1,1,0,0.0000000,0.0000000,0.0000000,0,0,0,0
756347382108708 D 1873,1759207339,1000,1553,1553,2.3822722,-0.00897,-1,-1,-1,0,0,0,136,1,1,0,0.0000000,0.0000000,0.0000000,0,0,0,0
756347383103250 D 1874,1759208339,1000,1553,1553,2.3822722,-0.00862,-1,-1,-1,0,0,0,136,1,1,0,0.0000000,0.0000000,0.0000000,0,0,0,0
756347384127583 D 1875,1759209339,1000,1554,1554,2.3838062,0.05187,-1,-1,-1,0,0,0,136,1,1,0,0.0000000,0.0000000,0.0000000,0,0,0,0
756347385181708 D 1876,1759210339,1000,1553,1553,2.3822722,-0.01031,-1,-1,-1,0,0,0,136,1,1,0,0.0000000,0.0000000,0.0000000,0,0,0,0
756347386140541 D 1877,1759211339,1000,1553,1553,2.3822722,-0.00991,-1,-1,-1,0,0,0,136,1,1,0,0.0000000,0.0000000,0.0000000,0,0,0,0
756347387146041 D 1878,1759212339,1000,1553,1553,2.3822722,-0.00952,-1,-1,-1,0,0,0,136,1,1,0,0.0000000,0.0000000,0.0000000,0,0,0,0
756347388225958 D 1879,1759213339,1000,1553,1553,2.3822722,-0.00915,-1,-1,-1,0,0,0,136,1,1,0,0.0000000,0.0000000,0.0000000,0,0,0,0
756347389216666 D 1880,1759214339,1000,1553,1553,2.3822722,-0.00879,-1,-1,-1,0,0,0,136,1,1,0,0.0000000,0.0000000,0.0000000,0,0,0,0
756347390223458 D 1881,1759215339,1000,1553,1553,2.3822722,-0.00845,-1,-1,-1,0,0,0,136,1,1,0,0.0000000,0.0000000,0.0000000,0,0,0,0
756347391125708 D 1882,1759216339,1000,1554,1554,2.3838062,0.05203,-1,-1,-1,0,0,0,136,1,1,0,0.0000000,0.0000000,0.0000000,0,0,0,0
756347392122458 D 1883,1759217339,1000,1553,1553,2.3822722,-0.01015,-1,-1,-1,0,0,0,135,1,1,0,0.0000000,0.0000000,0.0000000,0,0,0,0
756347393230625 D 1884,1759218339,1000,1553,1553,2.3822722,-0.00976,-1,-1,-1,0,0,0,136,1,1,0,0.0000000,0.0000000,0.0000000,0,0,0,0
756347394133583 D 1885,1759219339,1000,1553,1553,2.3822722,-0.00937,-1,-1,-1,0,0,0,136,1,1,0,0.0000000,0.0000000,0.0000000,0,0,0,0
756347395198958 D 1886,1759220339,1000,1553,1553,2.3822722,-0.00901,-1,-1,-1,0,0,0,136,1,1,0,0.0000000,0.0000000,0.0000000,0,0,0,0
756347396159791 D 1887,1759221339,1000,1553,1553,2.3822722,-0.00865,-1,-1,-1,0,0,0,136,1,1,0,0.0000000,0.0000000,0.0000000,0,0,0,0
756347397150375 D 1888,1759222339,1000,1553,1553,2.3822722,-0.00831,-1,-1,-1,0,0,0,136,1,1,0,0.0000000,0.0000000,0.0000000,0,0,0,0
756347398144291 D 1889,1759223339,1000,1553,1553,2.3822722,-0.00799,-1,-1,-1,0,0,0,136,1,1,0,0.0000000,0.0000000,0.0000000,0,0,0,0
756347399128541 D 1890,1759224339,1000,1553,1553,2.3822722,-0.00767,-1,-1,-1,0,0,0,136,1,1,0,0.0000000,0.0000000,0.0000000,0,0,0,0
756347400108625 D 1891,1759225339,1000,1553,1553,2.3822722,-0.00737,-1,-1,-1,0,0,0,136,1,1,0,0.0000000,0.0000000,0.0000000,0,0,0,0
756347401110041 D 1892,1759226339,1000,1553,1553,2.3822722,-0.00708,-1,-1,-1,0,0,0,136,1,1,0,0.0000000,0.0000000,0.0000000,0,0,0,0
756347402151791 D 1893,1759227339,1000,1553,1553,2.3822722,-0.00681,-1,-1,-1,0,0,0,136,1,1,0,0.0000000,0.0000000,0.0000000,0,0,0,0
756347403185541 D 1894,1759228339,1000,1553,1553,2.3822722,-0.00654,-1,-1,-1,0,0,0,136,1,1,0,0.0000000,0.0000000,0.0000000,0,0,0,0
756347404109541 D 1895,1759229339,1000,1554,1554,2.3838062,0.05386,-1,-1,-1,0,0,0,136,1,1,0,0.0000000,0.0000000,0.0000000,0,0,0,0
756347405141166 D 1896,1759230339,1000,1553,1553,2.3822722,-0.00840,-1,-1,-1,0,0,0,136,1,1,0,0.0000000,0.0000000,0.0000000,0,0,0,0
756347406101833 D 1897,1759231339,1000,1553,1553,2.3822722,-0.00807,-1,-1,-1,0,0,0,136,1,1,0,0.0000000,0.0000000,0.0000000,0,0,0,0
756347407099125 D 1898,1759232339,1000,1553,1553,2.3822722,-0.00775,-1,-1,-1,0,0,0,136,1,1,0,0.0000000,0.0000000,0.0000000,0,0,0,0
756347408106125 D 1899,1759233339,1000,1553,1553,2.3822722,-0.00745,-1,-1,-1,0,0,0,136,1,1,0,0.0000000,0.0000000,0.0000000,0,0,0,0
756347409091416 D 1900,1759234339,1000,1554,1554,2.3838062,0.05299,-1,-1,-1,0,0,0,136,1,1,0,0.0000000,0.0000000,0.0000000,0,0,0,0
756347410088041 D 1901,1759235339,1000,1553,1553,2.3822722,-0.00923,-1,-1,-1,0,0,0,136,1,1,0,0.0000000,0.0000000,0.0000000,0,0,0,0
756347411246208 D 1902,1759236339,1000,1553,1553,2.3822722,-0.00887,-1,-1,-1,0,0,0,136,1,1,0,0.0000000,0.0000000,0.0000000,0,0,0,0
756347412249208 D 1903,1759237339,1000,1553,1553,2.3822722,-0.00852,-1,-1,-1,0,0,0,136,1,1,0,0.0000000,0.0000000,0.0000000,0,0,0,0
756347413256250 D 1904,1759238339,1000,1554,1554,2.3838062,0.05196,-1,-1,-1,0,0,0,136,1,1,0,0.0000000,0.0000000,0.0000000,0,0,0,0
756347414223750 D 1905,1759239339,1000,1553,1553,2.3822722,-0.01023,-1,-1,-1,0,0,0,136,1,1,0,0.0000000,0.0000000,0.0000000,0,0,0,0
756347415362291 D 1906,1759240339,1000,1553,1553,2.3822722,-0.00982,-1,-1,-1,0,0,0,136,1,1,0,0.0000000,0.0000000,0.0000000,0,0,0,0
756347416295333 D 1907,1759241339,1000,1554,1554,2.3838062,0.05071,-1,-1,-1,0,0,0,136,1,1,0,0.0000000,0.0000000,0.0000000,0,0,0,0
756347417268333 D 1908,1759242339,1000,1553,1553,2.3822722,-0.01143,-1,-1,-1,0,0,0,136,1,1,0,0.0000000,0.0000000,0.0000000,0,0,0,0
756347418300166 D 1909,1759243339,1000,1553,1553,2.3822722,-0.01098,-1,-1,-1,0,0,0,136,1,1,0,0.0000000,0.0000000,0.0000000,0,0,0,0
756347419274916 D 1910,1759244339,1000,1553,1553,2.3822722,-0.01055,-1,-1,-1,0,0,0,136,1,1,0,0.0000000,0.0000000,0.0000000,0,0,0,0
756347420299458 D 1911,1759245339,1000,1554,1554,2.3838062,0.05001,-1,-1,-1,0,0,0,136,1,1,0,0.0000000,0.0000000,0.0000000,0,0,0,0
756347421348750 D 1912,1759246339,1000,1553,1553,2.3822722,-0.01210,-1,-1,-1,0,0,0,136,1,1,0,0.0000000,0.0000000,0.0000000,0,0,0,0
756347422215208 D 1913,1759247339,1000,1553,1553,2.3822722,-0.01162,-1,-1,-1,0,0,0,136,1,1,0,0.0000000,0.0000000,0.0000000,0,0,0,0
756347423122875 D 1914,1759248339,1000,1553,1553,2.3822722,-0.01117,-1,-1,-1,0,0,0,136,1,1,0,0.0000000,0.0000000,0.0000000,0,0,0,0
756347424148958 D 1915,1759249339,1000,1553,1553,2.3822722,-0.01073,-1,-1,-1,0,0,0,136,1,1,0,0.0000000,0.0000000,0.0000000,0,0,0,0
756347425133833 D 1916,1759250339,1000,1554,1554,2.3838062,0.04984,-1,-1,-1,0,0,0,136,1,1,0,0.0000000,0.0000000,0.0000000,0,0,0,0
756347426126291 D 1917,1759251339,1000,1554,1554,2.3838062,0.04789,-1,-1,-1,0,0,0,136,1,1,0,0.0000000,0.0000000,0.0000000,0,0,0,0
756347427357208 D 1918,1759252339,1000,1553,1553,2.3822722,-0.01414,39,128,2046,0,0,0,136,1,1,0,0.0000000,0.0000000,0.0000000,0,0,0,0
756347428335375 D 1919,1759253339,1000,1554,1554,2.3838062,0.04656,-1,-1,-1,0,0,0,136,1,1,0,0.0000000,0.0000000,0.0000000,0,0,0,0
756347429306375 D 1920,1759254339,1000,1554,1554,2.3838062,0.04474,-1,-1,-1,0,0,0,136,1,1,0,0.0000000,0.0000000,0.0000000,0,0,0,0
756347430353791 D 1921,1759255339,1000,1554,1554,2.3838062,0.04298,-1,-1,-1,0,0,0,136,1,1,0,0.0000000,0.0000000,0.0000000,0,0,0,0
756347431086291 D 1922,1759256339,1000,1553,1553,2.3822722,-0.01885,-1,-1,-1,0,0,0,136,1,1,0,0.0000000,0.0000000,0.0000000,0,0,0,0
756347432079375 D 1923,1759257339,1000,1553,1553,2.3822722,-0.01811,-1,-1,-1,0,0,0,136,1,1,0,0.0000000,0.0000000,0.0000000,0,0,0,0
756347433095125 D 1924,1759258339,1000,1554,1554,2.3838062,0.04275,-1,-1,-1,0,0,0,136,1,1,0,0.0000000,0.0000000,0.0000000,0,0,0,0
756347434126583 D 1925,1759259339,1000,1553,1553,2.3822722,-0.01908,-1,-1,-1,0,0,0,136,1,1,0,0.0000000,0.0000000,0.0000000,0,0,0,0
756347435110541 D 1926,1759260339,1000,1553,1553,2.3822722,-0.01833,-1,-1,-1,0,0,0,136,1,1,0,0.0000000,0.0000000,0.0000000,0,0,0,0
756347436053666 D 1927,1759261339,1000,1553,1553,2.3822722,-0.01761,-1,-1,-1,0,0,0,136,1,1,0,0.0000000,0.0000000,0.0000000,0,0,0,0
756347436981708 D 1928,1759262339,1000,1553,1553,2.3822722,-0.01692,-1,-1,-1,0,0,0,136,1,1,0,0.0000000,0.0000000,0.0000000,0,0,0,0
756347438181875 D 1929,1759263339,1000,1553,1553,2.3822722,-0.01626,-1,-1,-1,0,0,0,136,1,1,0,0.0000000,0.0000000,0.0000000,0,0,0,0
756347439243166 D 1930,1759264339,1000,1553,1553,2.3822722,-0.01562,-1,-1,-1,0,0,0,136,1,1,0,0.0000000,0.0000000,0.0000000,0,0,0,0
756347440311416 D 1931,1759265339,1000,1553,1553,2.3822722,-0.01501,-1,-1,-1,0,0,0,136,1,1,0,0.0000000,0.0000000,0.0000000,0,0,0,0
756347441193166 D 1932,1759266339,1000,1553,1553,2.3822722,-0.01442,-1,-1,-1,0,0,0,136,1,1,0,0.0000000,0.0000000,0.0000000,0,0,0,0
756347442158666 D 1933,1759267339,1000,1553,1553,2.3822722,-0.01385,-1,-1,-1,0,0,0,136,1,1,0,0.0000000,0.0000000,0.0000000,0,0,0,0
756347443096875 D 1934,1759268339,1000,1554,1554,2.3838062,0.04684,-1,-1,-1,0,0,0,136,1,1,0,0.0000000,0.0000000,0.0000000,0,0,0,0
756347444086958 D 1935,1759269339,1000,1553,1553,2.3822722,-0.01515,-1,-1,-1,0,0,0,136,1,1,0,0.0000000,0.0000000,0.0000000,0,0,0,0
756347445102625 D 1936,1759270339,1000,1553,1553,2.3822722,-0.01455,-1,-1,-1,0,0,0,136,1,1,0,0.0000000,0.0000000,0.0000000,0,0,0,0
756347446107583 D 1937,1759271339,1000,1553,1553,2.3822722,-0.01398,-1,-1,-1,0,0,0,136,1,1,0,0.0000000,0.0000000,0.0000000,0,0,0,0
756347447092833 D 1938,1759272339,1000,1553,1553,2.3822722,-0.01343,-1,-1,-1,0,0,0,136,1,1,0,0.0000000,0.0000000,0.0000000,0,0,0,0
756347448116916 D 1939,1759273339,1000,1553,1553,2.3822722,-0.01291,-1,-1,-1,0,0,0,136,1,1,0,0.0000000,0.0000000,0.0000000,0,0,0,0
756347449110416 D 1940,1759274339,1000,1553,1553,2.3822722,-0.01240,-1,-1,-1,0,0,0,136,1,1,0,0.0000000,0.0000000,0.0000000,0,0,0,0
756347450128875 D 1941,1759275339,1000,1553,1553,2.3822722,-0.01191,-1,-1,-1,0,0,0,136,1,1,0,0.0000000,0.0000000,0.0000000,0,0,0,0
756347451106333 D 1942,1759276339,1000,1553,1553,2.3822722,-0.01145,-1,-1,-1,0,0,0,136,1,1,0,0.0000000,0.0000000,0.0000000,0,0,0,0
756347452084875 D 1943,1759277339,1000,1553,1553,2.3822722,-0.01100,-1,-1,-1,0,0,0,136,1,1,0,0.0000000,0.0000000,0.0000000,0,0,0,0
756347453069041 D 1944,1759278339,1000,1554,1554,2.3838062,0.04958,-1,-1,-1,0,0,0,136,1,1,0,0.0000000,0.0000000,0.0000000,0,0,0,0
756347454074375 D 1945,1759279339,1000,1553,1553,2.3822722,-0.01251,-1,-1,-1,0,0,0,136,1,1,0,0.0000000,0.0000000,0.0000000,0,0,0,0
756347455088208 D 1946,1759280339,1000,1553,1553,2.3822722,-0.01202,-1,-1,-1,0,0,0,136,1,1,0,0.0000000,0.0000000,0.0000000,0,0,0,0
756347456101500 D 1947,1759281339,1000,1553,1553,2.3822722,-0.01155,-1,-1,-1,0,0,0,136,1,1,0,0.0000000,0.0000000,0.0000000,0,0,0,0
756347457095375 D 1948,1759282339,1000,1553,1553,2.3822722,-0.01110,-1,-1,-1,0,0,0,136,1,1,0,0.0000000,0.0000000,0.0000000,0,0,0,0
756347458093333 D 1949,1759283339,1000,1553,1553,2.3822722,-0.01066,-1,-1,-1,0,0,0,136,1,1,0,0.0000000,0.0000000,0.0000000,0,0,0,0
756347459159875 D 1950,1759284339,1000,1553,1553,2.3822722,-0.01024,-1,-1,-1,0,0,0,136,1,1,0,0.0000000,0.0000000,0.0000000,0,0,0,0
756347460294125 D 1951,1759285339,1000,1553,1553,2.3822722,-0.00984,-1,-1,-1,0,0,0,136,1,1,0,0.0000000,0.0000000,0.0000000,0,0,0,0
756347461198458 D 1952,1759286339,1000,1554,1554,2.3838062,0.05069,-1,-1,-1,0,0,0,136,1,1,0,0.0000000,0.0000000,0.0000000,0,0,0,0
756347462191083 D 1953,1759287339,1000,1553,1553,2.3822722,-0.01144,-1,-1,-1,0,0,0,136,1,1,0,0.0000000,0.0000000,0.0000000,0,0,0,0
756347463212000 D 1954,1759288339,1000,1554,1554,2.3838062,0.04915,-1,-1,-1,0,0,0,136,1,1,0,0.0000000,0.0000000,0.0000000,0,0,0,0
756347464379041 D 1955,1759289339,1000,1553,1553,2.3822722,-0.01292,-1,-1,-1,0,0,0,136,1,1,0,0.0000000,0.0000000,0.0000000,0,0,0,0
756347465390708 D 1956,1759290339,1000,1553,1553,2.3822722,-0.01242,-1,-1,-1,0,0,0,136,1,1,0,0.0000000,0.0000000,0.0000000,0,0,0,0
756347466254458 D 1957,1759291339,1000,1553,1553,2.3822722,-0.01193,-1,-1,-1,0,0,0,136,1,1,0,0.0000000,0.0000000,0.0000000,0,0,0,0
756347467113416 D 1958,1759292339,1000,1553,1553,2.3822722,-0.01146,-1,-1,-1,0,0,0,136,1,1,0,0.0000000,0.0000000,0.0000000,0,0,0,0
756347468102958 D 1959,1759293339,1000,1553,1553,2.3822722,-0.01101,-1,-1,-1,0,0,0,136,1,1,0,0.0000000,0.0000000,0.0000000,0,0,0,0
756347469118875 D 1960,1759294339,1000,1553,1553,2.3822722,-0.01058,-1,-1,-1,0,0,0,136,1,1,0,0.0000000,0.0000000,0.0000000,0,0,0,0
756347470093750 D 1961,1759295339,1000,1554,1554,2.3838062,0.04998,-1,-1,-1,0,0,0,136,1,1,0,0.0000000,0.0000000,0.0000000,0,0,0,0
756347471103041 D 1962,1759296339,1000,1553,1553,2.3822722,-0.01212,-1,-1,-1,0,0,0,136,1,1,0,0.0000000,0.0000000,0.0000000,0,0,0,0
756347472129041 D 1963,1759297339,1000,1553,1553,2.3822722,-0.01165,-1,-1,-1,0,0,0,136,1,1,0,0.0000000,0.0000000,0.0000000,0,0,0,0
756347473097750 D 1964,1759298339,1000,1553,1553,2.3822722,-0.01119,-1,-1,-1,0,0,0,136,1,1,0,0.0000000,0.0000000,0.0000000,0,0,0,0
756347474116291 D 1965,1759299339,1000,1553,1553,2.3822722,-0.01075,-1,-1,-1,0,0,0,136,1,1,0,0.0000000,0.0000000,0.0000000,0,0,0,0
756347475093791 D 1966,1759300339,1000,1553,1553,2.3822722,-0.01033,-1,-1,-1,0,0,0,136,1,1,0,0.0000000,0.0000000,0.0000000,0,0,0,0
756347476106041 D 1967,1759301339,1000,1553,1553,2.3822722,-0.00993,-1,-1,-1,0,0,0,136,1,1,0,0.0000000,0.0000000,0.0000000,0,0,0,0
756347477493166 D 1968,1759302339,1000,1553,1553,2.3822722,-0.00954,39,128,2048,0,0,0,136,1,1,0,0.0000000,0.0000000,0.0000000,0,0,0,0
756347478172125 D 1969,1759303339,1000,1553,1553,2.3822722,-0.00916,-1,-1,-1,0,0,0,136,1,1,0,0.0000000,0.0000000,0.0000000,0,0,0,0
756347479236500 D 1970,1759304339,1000,1553,1553,2.3822722,-0.00880,-1,-1,-1,0,0,0,136,1,1,0,0.0000000,0.0000000,0.0000000,0,0,0,0
756347480342666 D 1971,1759305339,1000,1553,1553,2.3822722,-0.00846,-1,-1,-1,0,0,0,136,1,1,0,0.0000000,0.0000000,0.0000000,0,0,0,0
756347481180000 D 1972,1759306339,1000,1553,1553,2.3822722,-0.00813,-1,-1,-1,0,0,0,136,1,1,0,0.0000000,0.0000000,0.0000000,0,0,0,0
756347482123750 D 1973,1759307339,1000,1553,1553,2.3822722,-0.00781,-1,-1,-1,0,0,0,136,1,1,0,0.0000000,0.0000000,0.0000000,0,0,0,0
756347483107166 D 1974,1759308339,1000,1553,1553,2.3822722,-0.00750,-1,-1,-1,0,0,0,136,1,1,0,0.0000000,0.0000000,0.0000000,0,0,0,0
756347484107708 D 1975,1759309339,1000,1553,1553,2.3822722,-0.00721,-1,-1,-1,0,0,0,136,1,1,0,0.0000000,0.0000000,0.0000000,0,0,0,0
756347485113125 D 1976,1759310339,1000,1553,1553,2.3822722,-0.00693,-1,-1,-1,0,0,0,136,1,1,0,0.0000000,0.0000000,0.0000000,0,0,0,0
756347486087708 D 1977,1759311339,1000,1553,1553,2.3822722,-0.00665,-1,-1,-1,0,0,0,136,1,1,0,0.0000000,0.0000000,0.0000000,0,0,0,0
756347487092291 D 1978,1759312339,1000,1553,1553,2.3822722,-0.00639,-1,-1,-1,0,0,0,136,1,1,0,0.0000000,0.0000000,0.0000000,0,0,0,0
756347488106916 D 1979,1759313339,1000,1553,1553,2.3822722,-0.00614,-1,-1,-1,0,0,0,136,1,1,0,0.0000000,0.0000000,0.0000000,0,0,0,0
756347489122541 D 1980,1759314339,1000,1553,1553,2.3822722,-0.00590,-1,-1,-1,0,0,0,136,1,1,0,0.0000000,0.0000000,0.0000000,0,0,0,0
756347490125458 D 1981,1759315339,1000,1553,1553,2.3822722,-0.00567,-1,-1,-1,0,0,0,136,1,1,0,0.0000000,0.0000000,0.0000000,0,0,0,0
756347491105833 D 1982,1759316339,1000,1553,1553,2.3822722,-0.00545,-1,-1,-1,0,0,0,136,1,1,0,0.0000000,0.0000000,0.0000000,0,0,0,0
756347492104333 D 1983,1759317339,1000,1553,1553,2.3822722,-0.00523,-1,-1,-1,0,0,0,136,1,1,0,0.0000000,0.0000000,0.0000000,0,0,0,0
756347493110958 D 1984,1759318339,1000,1553,1553,2.3822722,-0.00503,-1,-1,-1,0,0,0,136,1,1,0,0.0000000,0.0000000,0.0000000,0,0,0,0
756347494090916 D 1985,1759319339,1000,1553,1553,2.3822722,-0.00483,-1,-1,-1,0,0,0,136,1,1,0,0.0000000,0.0000000,0.0000000,0,0,0,0
756347495099458 D 1986,1759320339,1000,1553,1553,2.3822722,-0.00464,-1,-1,-1,0,0,0,136,1,1,0,0.0000000,0.0000000,0.0000000,0,0,0,0
756347496097125 D 1987,1759321339,1000,1553,1553,2.3822722,-0.00446,-1,-1,-1,0,0,0,136,1,1,0,0.0000000,0.0000000,0.0000000,0,0,0,0
756347497354208 D 1988,1759322339,1000,1553,1553,2.3822722,-0.00429,-1,-1,-1,0,0,0,136,1,1,0,0.0000000,0.0000000,0.0000000,0,0,0,0
756347498301500 D 1989,1759323339,1000,1554,1554,2.3838062,0.05603,-1,-1,-1,0,0,0,136,1,1,0,0.0000000,0.0000000,0.0000000,0,0,0,0
756347499336416 D 1990,1759324339,1000,1553,1553,2.3822722,-0.00631,-1,-1,-1,0,0,0,136,1,1,0,0.0000000,0.0000000,0.0000000,0,0,0,0
756347500147125 D 1991,1759325339,1000,1553,1553,2.3822722,-0.00607,-1,-1,-1,0,0,0,136,1,1,0,0.0000000,0.0000000,0.0000000,0,0,0,0
756347501105166 D 1992,1759326339,1000,1553,1553,2.3822722,-0.00583,-1,-1,-1,0,0,0,136,1,1,0,0.0000000,0.0000000,0.0000000,0,0,0,0
756347502091666 D 1993,1759327339,1000,1553,1553,2.3822722,-0.00560,-1,-1,-1,0,0,0,136,1,1,0,0.0000000,0.0000000,0.0000000,0,0,0,0
756347503096666 D 1994,1759328339,1000,1553,1553,2.3822722,-0.00538,-1,-1,-1,0,0,0,136,1,1,0,0.0000000,0.0000000,0.0000000,0,0,0,0
756347504092833 D 1995,1759329339,1000,1553,1553,2.3822722,-0.00517,-1,-1,-1,0,0,0,136,1,1,0,0.0000000,0.0000000,0.0000000,0,0,0,0
756347505104291 D 1996,1759330339,1000,1553,1553,2.3822722,-0.00497,-1,-1,-1,0,0,0,136,1,1,0,0.0000000,0.0000000,0.0000000,0,0,0,0
756347506096833 D 1997,1759331339,1000,1553,1553,2.3822722,-0.00477,-1,-1,-1,0,0,0,136,1,1,0,0.0000000,0.0000000,0.0000000,0,0,0,0
756347507094541 D 1998,1759332339,1000,1553,1553,2.3822722,-0.00459,-1,-1,-1,0,0,0,136,1,1,0,0.0000000,0.0000000,0.0000000,0,0,0,0
756347508093208 D 1999,1759333339,1000,1554,1554,2.3838062,0.05574,-1,-1,-1,0,0,0,136,1,1,0,0.0000000,0.0000000,0.0000000,0,0,0,0
756347509090333 D 2000,1759334339,1000,1553,1553,2.3822722,-0.00659,-1,-1,-1,0,0,0,136,1,1,0,0.0000000,0.0000000,0.0000000,0,0,0,0
756347510093916 D 2001,1759335339,1000,1553,1553,2.3822722,-0.00633,-1,-1,-1,0,0,0,136,1,1,0,0.0000000,0.0000000,0.0000000,0,0,0,0
756347511112250 D 2002,1759336339,1000,1553,1553,2.3822722,-0.00608,-1,-1,-1,0,0,0,136,1,1,0,0.0000000,0.0000000,0.0000000,0,0,0,0
756347512260500 D 2003,1759337339,1000,1553,1553,2.3822722,-0.00585,-1,-1,-1,0,0,0,136,1,1,0,0.0000000,0.0000000,0.0000000,0,0,0,0
756347513164583 D 2004,1759338339,1000,1553,1553,2.3822722,-0.00562,-1,-1,-1,0,0,0,136,1,1,0,0.0000000,0.0000000,0.0000000,0,0,0,0
756347514099625 D 2005,1759339339,1000,1553,1553,2.3822722,-0.00540,-1,-1,-1,0,0,0,136,1,1,0,0.0000000,0.0000000,0.0000000,0,0,0,0
756347515081250 D 2006,1759340339,1000,1554,1554,2.3838062,0.05496,-1,-1,-1,0,0,0,136,1,1,0,0.0000000,0.0000000,0.0000000,0,0,0,0
756347516085875 D 2007,1759341339,1000,1553,1553,2.3822722,-0.00734,-1,-1,-1,0,0,0,136,1,1,0,0.0000000,0.0000000,0.0000000,0,0,0,0
756347517090458 D 2008,1759342339,1000,1553,1553,2.3822722,-0.00705,-1,-1,-1,0,0,0,136,1,1,0,0.0000000,0.0000000,0.0000000,0,0,0,0
756347518082375 D 2009,1759343339,1000,1553,1553,2.3822722,-0.00678,-1,-1,-1,0,0,0,136,1,1,0,0.0000000,0.0000000,0.0000000,0,0,0,0
756347519110166 D 2010,1759344339,1000,1553,1553,2.3822722,-0.00651,-1,-1,-1,0,0,0,136,1,1,0,0.0000000,0.0000000,0.0000000,0,0,0,0
756347520104625 D 2011,1759345339,1000,1553,1553,2.3822722,-0.00625,-1,-1,-1,0,0,0,136,1,1,0,0.0000000,0.0000000,0.0000000,0,0,0,0
756347521093291 D 2012,1759346339,1000,1553,1553,2.3822722,-0.00601,-1,-1,-1,0,0,0,136,1,1,0,0.0000000,0.0000000,0.0000000,0,0,0,0
756347522178916 D 2013,1759347339,1000,1553,1553,2.3822722,-0.00577,-1,-1,-1,0,0,0,136,1,1,0,0.0000000,0.0000000,0.0000000,0,0,0,0
756347523144083 D 2014,1759348339,1000,1553,1553,2.3822722,-0.00555,-1,-1,-1,0,0,0,136,1,1,0,0.0000000,0.0000000,0.0000000,0,0,0,0
756347524091208 D 2015,1759349339,1000,1554,1554,2.3838062,0.05482,-1,-1,-1,0,0,0,136,1,1,0,0.0000000,0.0000000,0.0000000,0,0,0,0
756347525090833 D 2016,1759350339,1000,1553,1553,2.3822722,-0.00748,-1,-1,-1,0,0,0,136,1,1,0,0.0000000,0.0000000,0.0000000,0,0,0,0
756347526108291 D 2017,1759351339,1000,1553,1553,2.3822722,-0.00719,-1,-1,-1,0,0,0,136,1,1,0,0.0000000,0.0000000,0.0000000,0,0,0,0
756347527498000 D 2018,1759352339,1000,1553,1553,2.3822722,-0.00690,39,128,2047,0,0,0,136,1,1,0,0.0000000,0.0000000,0.0000000,0,0,0,0
756347528123416 D 2019,1759353339,1000,1553,1553,2.3822722,-0.00663,-1,-1,-1,0,0,0,136,1,1,0,0.0000000,0.0000000,0.0000000,0,0,0,0
756347529120416 D 2020,1759354339,1000,1553,1553,2.3822722,-0.00637,-1,-1,-1,0,0,0,136,1,1,0,0.0000000,0.0000000,0.0000000,0,0,0,0
756347530094583 D 2021,1759355339,1000,1554,1554,2.3838062,0.05402,-1,-1,-1,0,0,0,136,1,1,0,0.0000000,0.0000000,0.0000000,0,0,0,0
756347531168333 D 2022,1759356339,1000,1553,1553,2.3822722,-0.00824,-1,-1,-1,0,0,0,136,1,1,0,0.0000000,0.0000000,0.0000000,0,0,0,0
756347532175958 D 2023,1759357339,1000,1553,1553,2.3822722,-0.00792,-1,-1,-1,0,0,0,136,1,1,0,0.0000000,0.0000000,0.0000000,0,0,0,0
756347533140500 D 2024,1759358339,1000,1553,1553,2.3822722,-0.00761,-1,-1,-1,0,0,0,136,1,1,0,0.0000000,0.0000000,0.0000000,0,0,0,0
756347534107458 D 2025,1759359339,1000,1553,1553,2.3822722,-0.00731,-1,-1,-1,0,0,0,136,1,1,0,0.0000000,0.0000000,0.0000000,0,0,0,0
756347535099208 D 2026,1759360339,1000,1553,1553,2.3822722,-0.00702,-1,-1,-1,0,0,0,136,1,1,0,0.0000000,0.0000000,0.0000000,0,0,0,0
756347536098125 D 2027,1759361339,1000,1553,1553,2.3822722,-0.00675,-1,-1,-1,0,0,0,136,1,1,0,0.0000000,0.0000000,0.0000000,0,0,0,0
756347537099875 D 2028,1759362339,1000,1553,1553,2.3822722,-0.00648,-1,-1,-1,0,0,0,136,1,1,0,0.0000000,0.0000000,0.0000000,0,0,0,0
756347538088541 D 2029,1759363339,1000,1553,1553,2.3822722,-0.00623,-1,-1,-1,0,0,0,136,1,1,0,0.0000000,0.0000000,0.0000000,0,0,0,0
756347539100083 D 2030,1759364339,1000,1553,1553,2.3822722,-0.00598,-1,-1,-1,0,0,0,136,1,1,0,0.0000000,0.0000000,0.0000000,0,0,0,0
756347540151166 D 2031,1759365339,1000,1553,1553,2.3822722,-0.00575,-1,-1,-1,0,0,0,136,1,1,0,0.0000000,0.0000000,0.0000000,0,0,0,0
756347541160375 D 2032,1759366339,1000,1553,1553,2.3822722,-0.00552,-1,-1,-1,0,0,0,136,1,1,0,0.0000000,0.0000000,0.0000000,0,0,0,0
756347542133208 D 2033,1759367339,1000,1553,1553,2.3822722,-0.00531,-1,-1,-1,0,0,0,136,1,1,0,0.0000000,0.0000000,0.0000000,0,0,0,0
756347543256416 D 2034,1759368339,1000,1553,1553,2.3822722,-0.00510,-1,-1,-1,0,0,0,136,1,1,0,0.0000000,0.0000000,0.0000000,0,0,0,0
756347544156083 D 2035,1759369339,1000,1553,1553,2.3822722,-0.00490,-1,-1,-1,0,0,0,136,1,1,0,0.0000000,0.0000000,0.0000000,0,0,0,0
756347545107458 D 2036,1759370339,1000,1553,1553,2.3822722,-0.00471,-1,-1,-1,0,0,0,136,1,1,0,0.0000000,0.0000000,0.0000000,0,0,0,0
756347546093291 D 2037,1759371339,1000,1553,1553,2.3822722,-0.00452,-1,-1,-1,0,0,0,136,1,1,0,0.0000000,0.0000000,0.0000000,0,0,0,0
756347547159000 D 2038,1759372339,1000,1553,1553,2.3822722,-0.00435,-1,-1,-1,0,0,0,136,1,1,0,0.0000000,0.0000000,0.0000000,0,0,0,0
756347548092833 D 2039,1759373339,1000,1553,1553,2.3822722,-0.00418,-1,-1,-1,0,0,0,136,1,1,0,0.0000000,0.0000000,0.0000000,0,0,0,0
756347549089416 D 2040,1759374339,1000,1554,1554,2.3838062,0.05614,-1,-1,-1,0,0,0,136,1,1,0,0.0000000,0.0000000,0.0000000,0,0,0,0
756347550083041 D 2041,1759375339,1000,1554,1554,2.3838062,0.05394,-1,-1,-1,0,0,0,136,1,1,0,0.0000000,0.0000000,0.0000000,0,0,0,0
756347551086083 D 2042,1759376339,1000,1553,1553,2.3822722,-0.00833,-1,-1,-1,0,0,0,136,1,1,0,0.0000000,0.0000000,0.0000000,0,0,0,0
756347552081583 D 2043,1759377339,1000,1554,1554,2.3838062,0.05215,-1,-1,-1,0,0,0,136,1,1,0,0.0000000,0.0000000,0.0000000,0,0,0,0
756347553090916 D 2044,1759378339,1000,1553,1553,2.3822722,-0.01005,-1,-1,-1,0,0,0,135,1,1,0,0.0000000,0.0000000,0.0000000,0,0,0,0
756347554085250 D 2045,1759379339,1000,1554,1554,2.3838062,0.05050,-1,-1,-1,0,0,0,136,1,1,0,0.0000000,0.0000000,0.0000000,0,0,0,0
756347555091250 D 2046,1759380339,1000,1553,1553,2.3822722,-0.01163,-1,-1,-1,0,0,0,136,1,1,0,0.0000000,0.0000000,0.0000000,0,0,0,0
756347556089708 D 2047,1759381339,1000,1553,1553,2.3822722,-0.01118,-1,-1,-1,0,0,0,136,1,1,0,0.0000000,0.0000000,0.0000000,0,0,0,0
756347557095125 D 2048,1759382339,1000,1553,1553,2.3822722,-0.01074,-1,-1,-1,0,0,0,136,1,1,0,0.0000000,0.0000000,0.0000000,0,0,0,0
756347558079583 D 2049,1759383339,1000,1554,1554,2.3838062,0.04983,-1,-1,-1,0,0,0,136,1,1,0,0.0000000,0.0000000,0.0000000,0,0,0,0
756347559183041 D 2050,1759384339,1000,1553,1553,2.3822722,-0.01227,-1,-1,-1,0,0,0,136,1,1,0,0.0000000,0.0000000,0.0000000,0,0,0,0
756347560324958 D 2051,1759385339,1000,1553,1553,2.3822722,-0.01179,-1,-1,-1,0,0,0,136,1,1,0,0.0000000,0.0000000,0.0000000,0,0,0,0
756347561169916 D 2052,1759386339,1000,1553,1553,2.3822722,-0.01133,-1,-1,-1,0,0,0,136,1,1,0,0.0000000,0.0000000,0.0000000,0,0,0,0
756347562157375 D 2053,1759387339,1000,1553,1553,2.3822722,-0.01088,-1,-1,-1,0,0,0,136,1,1,0,0.0000000,0.0000000,0.0000000,0,0,0,0
756347563119791 D 2054,1759388339,1000,1554,1554,2.3838062,0.04969,-1,-1,-1,0,0,0,136,1,1,0,0.0000000,0.0000000,0.0000000,0,0,0,0
756347564097458 D 2055,1759389339,1000,1553,1553,2.3822722,-0.01240,-1,-1,-1,0,0,0,136,1,1,0,0.0000000,0.0000000,0.0000000,0,0,0,0
756347565117125 D 2056,1759390339,1000,1553,1553,2.3822722,-0.01192,-1,-1,-1,0,0,0,136,1,1,0,0.0000000,0.0000000,0.0000000,0,0,0,0
756347566096125 D 2057,1759391339,1000,1553,1553,2.3822722,-0.01145,-1,-1,-1,0,0,0,136,1,1,0,0.0000000,0.0000000,0.0000000,0,0,0,0
756347567096708 D 2058,1759392339,1000,1553,1553,2.3822722,-0.01100,-1,-1,-1,0,0,0,136,1,1,0,0.0000000,0.0000000,0.0000000,0,0,0,0
756347568089041 D 2059,1759393339,1000,1553,1553,2.3822722,-0.01057,-1,-1,-1,0,0,0,136,1,1,0,0.0000000,0.0000000,0.0000000,0,0,0,0
756347569089416 D 2060,1759394339,1000,1553,1553,2.3822722,-0.01016,-1,-1,-1,0,0,0,136,1,1,0,0.0000000,0.0000000,0.0000000,0,0,0,0
756347570100541 D 2061,1759395339,1000,1553,1553,2.3822722,-0.00976,-1,-1,-1,0,0,0,136,1,1,0,0.0000000,0.0000000,0.0000000,0,0,0,0
756347571114208 D 2062,1759396339,1000,1554,1554,2.3838062,0.05077,-1,-1,-1,0,0,0,136,1,1,0,0.0000000,0.0000000,0.0000000,0,0,0,0
756347572097000 D 2063,1759397339,1000,1553,1553,2.3822722,-0.01137,-1,-1,-1,0,0,0,136,1,1,0,0.0000000,0.0000000,0.0000000,0,0,0,0
756347573118916 D 2064,1759398339,1000,1553,1553,2.3822722,-0.01092,-1,-1,-1,0,0,0,136,1,1,0,0.0000000,0.0000000,0.0000000,0,0,0,0
756347574438500 D 2065,1759399339,1000,1553,1553,2.3822722,-0.01049,-1,-1,-1,0,0,0,136,1,1,0,0.0000000,0.0000000,0.0000000,0,0,0,0
756347575240208 D 2066,1759400339,1000,1553,1553,2.3822722,-0.01008,-1,-1,-1,0,0,0,136,1,1,0,0.0000000,0.0000000,0.0000000,0,0,0,0
756347576108041 D 2067,1759401339,1000,1553,1553,2.3822722,-0.00969,-1,-1,-1,0,0,0,136,1,1,0,0.0000000,0.0000000,0.0000000,0,0,0,0
756347577504916 D 2068,1759402339,1000,1553,1553,2.3822722,-0.00931,39,128,2047,0,0,0,136,1,1,0,0.0000000,0.0000000,0.0000000,0,0,0,0
756347578145250 D 2069,1759403339,1000,1553,1553,2.3822722,-0.00894,-1,-1,-1,0,0,0,136,1,1,0,0.0000000,0.0000000,0.0000000,0,0,0,0
756347579111250 D 2070,1759404339,1000,1553,1553,2.3822722,-0.00859,-1,-1,-1,0,0,0,136,1,1,0,0.0000000,0.0000000,0.0000000,0,0,0,0
756347580097250 D 2071,1759405339,1000,1553,1553,2.3822722,-0.00825,-1,-1,-1,0,0,0,136,1,1,0,0.0000000,0.0000000,0.0000000,0,0,0,0
756347581092625 D 2072,1759406339,1000,1553,1553,2.3822722,-0.00793,-1,-1,-1,0,0,0,136,1,1,0,0.0000000,0.0000000,0.0000000,0,0,0,0
756347582097083 D 2073,1759407339,1000,1553,1553,2.3822722,-0.00762,-1,-1,-1,0,0,0,136,1,1,0,0.0000000,0.0000000,0.0000000,0,0,0,0
756347583099625 D 2074,1759408339,1000,1553,1553,2.3822722,-0.00732,-1,-1,-1,0,0,0,136,1,1,0,0.0000000,0.0000000,0.0000000,0,0,0,0
756347584099750 D 2075,1759409339,1000,1553,1553,2.3822722,-0.00703,-1,-1,-1,0,0,0,136,1,1,0,0.0000000,0.0000000,0.0000000,0,0,0,0
756347585101416 D 2076,1759410339,1000,1553,1553,2.3822722,-0.00676,-1,-1,-1,0,0,0,136,1,1,0,0.0000000,0.0000000,0.0000000,0,0,0,0
756347586086208 D 2077,1759411339,1000,1553,1553,2.3822722,-0.00649,-1,-1,-1,0,0,0,136,1,1,0,0.0000000,0.0000000,0.0000000,0,0,0,0
756347587069083 D 2078,1759412339,1000,1553,1553,2.3822722,-0.00624,-1,-1,-1,0,0,0,136,1,1,0,0.0000000,0.0000000,0.0000000,0,0,0,0
756347588092333 D 2079,1759413339,1000,1553,1553,2.3822722,-0.00599,-1,-1,-1,0,0,0,136,1,1,0,0.0000000,0.0000000,0.0000000,0,0,0,0
756347589086541 D 2080,1759414339,1000,1553,1553,2.3822722,-0.00576,-1,-1,-1,0,0,0,136,1,1,0,0.0000000,0.0000000,0.0000000,0,0,0,0
756347590099666 D 2081,1759415339,1000,1553,1553,2.3822722,-0.00553,-1,-1,-1,0,0,0,136,1,1,0,0.0000000,0.0000000,0.0000000,0,0,0,0
756347591084708 D 2082,1759416339,1000,1553,1553,2.3822722,-0.00532,-1,-1,-1,0,0,0,136,1,1,0,0.0000000,0.0000000,0.0000000,0,0,0,0
756347592081291 D 2083,1759417339,1000,1553,1553,2.3822722,-0.00511,-1,-1,-1,0,0,0,136,1,1,0,0.0000000,0.0000000,0.0000000,0,0,0,0
756347593076208 D 2084,1759418339,1000,1553,1553,2.3822722,-0.00491,-1,-1,-1,0,0,0,136,1,1,0,0.0000000,0.0000000,0.0000000,0,0,0,0
756347594085833 D 2085,1759419339,1000,1553,1553,2.3822722,-0.00471,-1,-1,-1,0,0,0,136,1,1,0,0.0000000,0.0000000,0.0000000,0,0,0,0
756347595071291 D 2086,1759420339,1000,1553,1553,2.3822722,-0.00453,-1,-1,-1,0,0,0,136,1,1,0,0.0000000,0.0000000,0.0000000,0,0,0,0
756347596089875 D 2087,1759421339,1000,1553,1553,2.3822722,-0.00435,-1,-1,-1,0,0,0,136,1,1,0,0.0000000,0.0000000,0.0000000,0,0,0,0
756347597092166 D 2088,1759422339,1000,1553,1553,2.3822722,-0.00418,-1,-1,-1,0,0,0,136,1,1,0,0.0000000,0.0000000,0.0000000,0,0,0,0
756347598087958 D 2089,1759423339,1000,1553,1553,2.3822722,-0.00402,-1,-1,-1,0,0,0,136,1,1,0,0.0000000,0.0000000,0.0000000,0,0,0,0
756347599083791 D 2090,1759424339,1000,1553,1553,2.3822722,-0.00386,-1,-1,-1,0,0,0,136,1,1,0,0.0000000,0.0000000,0.0000000,0,0,0,0
756347600097166 D 2091,1759425339,1000,1553,1553,2.3822722,-0.00371,-1,-1,-1,0,0,0,136,1,1,0,0.0000000,0.0000000,0.0000000,0,0,0,0
756347601077541 D 2092,1759426339,1000,1553,1553,2.3822722,-0.00356,-1,-1,-1,0,0,0,136,1,1,0,0.0000000,0.0000000,0.0000000,0,0,0,0
756347602081583 D 2093,1759427339,1000,1553,1553,2.3822722,-0.00342,-1,-1,-1,0,0,0,136,1,1,0,0.0000000,0.0000000,0.0000000,0,0,0,0
756347603076333 D 2094,1759428339,1000,1553,1553,2.3822722,-0.00329,-1,-1,-1,0,0,0,136,1,1,0,0.0000000,0.0000000,0.0000000,0,0,0,0
756347604084416 D 2095,1759429339,1000,1553,1553,2.3822722,-0.00316,-1,-1,-1,0,0,0,136,1,1,0,0.0000000,0.0000000,0.0000000,0,0,0,0
756347605074916 D 2096,1759430339,1000,1553,1553,2.3822722,-0.00304,-1,-1,-1,0,0,0,136,1,1,0,0.0000000,0.0000000,0.0000000,0,0,0,0
756347606381583 D 2097,1759431339,1000,1553,1553,2.3822722,-0.00292,-1,-1,-1,0,0,0,136,1,1,0,0.0000000,0.0000000,0.0000000,0,0,0,0
756347607346833 D 2098,1759432339,1000,1553,1553,2.3822722,-0.00280,-1,-1,-1,0,0,0,136,1,1,0,0.0000000,0.0000000,0.0000000,0,0,0,0
756347608271333 D 2099,1759433339,1000,1553,1553,2.3822722,-0.00269,-1,-1,-1,0,0,0,136,1,1,0,0.0000000,0.0000000,0.0000000,0,0,0,0
756347609072875 D 2100,1759434339,1000,1553,1553,2.3822722,-0.00259,-1,-1,-1,0,0,0,136,1,1,0,0.0000000,0.0000000,0.0000000,0,0,0,0
756347610088000 D 2101,1759435339,1000,1553,1553,2.3822722,-0.00249,-1,-1,-1,0,0,0,136,1,1,0,0.0000000,0.0000000,0.0000000,0,0,0,0
756347611095333 D 2102,1759436339,1000,1553,1553,2.3822722,-0.00239,-1,-1,-1,0,0,0,136,1,1,0,0.0000000,0.0000000,0.0000000,0,0,0,0
756347612087000 D 2103,1759437339,1000,1553,1553,2.3822722,-0.00229,-1,-1,-1,0,0,0,136,1,1,0,0.0000000,0.0000000,0.0000000,0,0,0,0
756347613084250 D 2104,1759438339,1000,1554,1554,2.3838062,0.05794,-1,-1,-1,0,0,0,136,1,1,0,0.0000000,0.0000000,0.0000000,0,0,0,0
756347614090625 D 2105,1759439339,1000,1554,1554,2.3838062,0.05567,-1,-1,-1,0,0,0,136,1,1,0,0.0000000,0.0000000,0.0000000,0,0,0,0
756347615083166 D 2106,1759440339,1000,1553,1553,2.3822722,-0.00666,-1,-1,-1,0,0,0,136,1,1,0,0.0000000,0.0000000,0.0000000,0,0,0,0
756347616104291 D 2107,1759441339,1000,1553,1553,2.3822722,-0.00640,-1,-1,-1,0,0,0,135,1,1,0,0.0000000,0.0000000,0.0000000,0,0,0,0
756347617113291 D 2108,1759442339,1000,1553,1553,2.3822722,-0.00615,-1,-1,-1,0,0,0,136,1,1,0,0.0000000,0.0000000,0.0000000,0,0,0,0
756347618087750 D 2109,1759443339,1000,1553,1553,2.3822722,-0.00591,-1,-1,-1,0,0,0,136,1,1,0,0.0000000,0.0000000,0.0000000,0,0,0,0
756347619082041 D 2110,1759444339,1000,1553,1553,2.3822722,-0.00568,-1,-1,-1,0,0,0,136,1,1,0,0.0000000,0.0000000,0.0000000,0,0,0,0
756347620111958 D 2111,1759445339,1000,1553,1553,2.3822722,-0.00545,-1,-1,-1,0,0,0,136,1,1,0,0.0000000,0.0000000,0.0000000,0,0,0,0
756347621108041 D 2112,1759446339,1000,1553,1553,2.3822722,-0.00524,-1,-1,-1,0,0,0,136,1,1,0,0.0000000,0.0000000,0.0000000,0,0,0,0
756347622137916 D 2113,1759447339,1000,1553,1553,2.3822722,-0.00503,-1,-1,-1,0,0,0,136,1,1,0,0.0000000,0.0000000,0.0000000,0,0,0,0
756347623100375 D 2114,1759448339,1000,1553,1553,2.3822722,-0.00484,-1,-1,-1,0,0,0,136,1,1,0,0.0000000,0.0000000,0.0000000,0,0,0,0
756347624094208 D 2115,1759449339,1000,1553,1553,2.3822722,-0.00465,-1,-1,-1,0,0,0,136,1,1,0,0.0000000,0.0000000,0.0000000,0,0,0,0
756347625095541 D 2116,1759450339,1000,1553,1553,2.3822722,-0.00446,-1,-1,-1,0,0,0,136,1,1,0,0.0000000,0.0000000,0.0000000,0,0,0,0
756347626074083 D 2117,1759451339,1000,1553,1553,2.3822722,-0.00429,-1,-1,-1,0,0,0,136,1,1,0,0.0000000,0.0000000,0.0000000,0,0,0,0
756347627526458 D 2118,1759452339,1000,1553,1553,2.3822722,-0.00412,39,128,2047,0,0,0,136,1,1,0,0.0000000,0.0000000,0.0000000,0,0,0,0
756347628155333 D 2119,1759453339,1000,1554,1554,2.3838062,0.05619,-1,-1,-1,0,0,0,136,1,1,0,0.0000000,0.0000000,0.0000000,0,0,0,0
756347629086041 D 2120,1759454339,1000,1553,1553,2.3822722,-0.00616,-1,-1,-1,0,0,0,136,1,1,0,0.0000000,0.0000000,0.0000000,0,0,0,0
756347630089166 D 2121,1759455339,1000,1553,1553,2.3822722,-0.00592,-1,-1,-1,0,0,0,136,1,1,0,0.0000000,0.0000000,0.0000000,0,0,0,0
756347631083208 D 2122,1759456339,1000,1554,1554,2.3838062,0.05446,-1,-1,-1,0,0,0,136,1,1,0,0.0000000,0.0000000,0.0000000,0,0,0,0
756347632078833 D 2123,1759457339,1000,1553,1553,2.3822722,-0.00782,-1,-1,-1,0,0,0,136,1,1,0,0.0000000,0.0000000,0.0000000,0,0,0,0
756347633080250 D 2124,1759458339,1000,1553,1553,2.3822722,-0.00752,-1,-1,-1,0,0,0,136,1,1,0,0.0000000,0.0000000,0.0000000,0,0,0,0
756347634155666 D 2125,1759459339,1000,1554,1554,2.3838062,0.05293,-1,-1,-1,0,0,0,136,1,1,0,0.0000000,0.0000000,0.0000000,0,0,0,0
756347635101583 D 2126,1759460339,1000,1553,1553,2.3822722,-0.00930,-1,-1,-1,0,0,0,136,1,1,0,0.0000000,0.0000000,0.0000000,0,0,0,0
756347636121666 D 2127,1759461339,1000,1553,1553,2.3822722,-0.00893,-1,-1,-1,0,0,0,136,1,1,0,0.0000000,0.0000000,0.0000000,0,0,0,0
756347637115125 D 2128,1759462339,1000,1553,1553,2.3822722,-0.00858,-1,-1,-1,0,0,0,136,1,1,0,0.0000000,0.0000000,0.0000000,0,0,0,0
756347638137625 D 2129,1759463339,1000,1553,1553,2.3822722,-0.00825,-1,-1,-1,0,0,0,136,1,1,0,0.0000000,0.0000000,0.0000000,0,0,0,0
756347639096958 D 2130,1759464339,1000,1553,1553,2.3822722,-0.00792,-1,-1,-1,0,0,0,136,1,1,0,0.0000000,0.0000000,0.0000000,0,0,0,0
756347640436291 D 2131,1759465339,1000,1553,1553,2.3822722,-0.00761,-1,-1,-1,0,0,0,136,1,1,0,0.0000000,0.0000000,0.0000000,0,0,0,0
756347641419708 D 2132,1759466339,1000,1553,1553,2.3822722,-0.00731,-1,-1,-1,0,0,0,136,1,1,0,0.0000000,0.0000000,0.0000000,0,0,0,0
756347642224791 D 2133,1759467339,1000,1553,1553,2.3822722,-0.00703,-1,-1,-1,0,0,0,136,1,1,0,0.0000000,0.0000000,0.0000000,0,0,0,0
756347643113041 D 2134,1759468339,1000,1553,1553,2.3822722,-0.00675,-1,-1,-1,0,0,0,136,1,1,0,0.0000000,0.0000000,0.0000000,0,0,0,0
756347644109000 D 2135,1759469339,1000,1553,1553,2.3822722,-0.00649,-1,-1,-1,0,0,0,136,1,1,0,0.0000000,0.0000000,0.0000000,0,0,0,0
756347645135583 D 2136,1759470339,1000,1553,1553,2.3822722,-0.00623,-1,-1,-1,0,0,0,136,1,1,0,0.0000000,0.0000000,0.0000000,0,0,0,0
756347647205541 D 2137,1759471339,1000,1553,1553,2.3822722,-0.00599,-1,-1,-1,0,0,0,136,1,1,0,0.0000000,0.0000000,0.0000000,0,0,0,0
756347647862041 D 2138,1759472339,1000,1553,1553,2.3822722,-0.00575,-1,-1,-1,0,0,0,136,1,1,0,0.0000000,0.0000000,0.0000000,0,0,0,0
756347648496333 D 2139,1759473339,1000,1553,1553,2.3822722,-0.00553,-1,-1,-1,0,0,0,136,1,1,0,0.0000000,0.0000000,0.0000000,0,0,0,0
756347649129416 D 2140,1759474339,1000,1553,1553,2.3822722,-0.00531,-1,-1,-1,0,0,0,136,1,1,0,0.0000000,0.0000000,0.0000000,0,0,0,0
756347650093125 D 2141,1759475339,1000,1553,1553,2.3822722,-0.00510,-1,-1,-1,0,0,0,136,1,1,0,0.0000000,0.0000000,0.0000000,0,0,0,0
756347651076333 D 2142,1759476339,1000,1553,1553,2.3822722,-0.00490,-1,-1,-1,0,0,0,136,1,1,0,0.0000000,0.0000000,0.0000000,0,0,0,0
756347652078375 D 2143,1759477339,1000,1553,1553,2.3822722,-0.00471,-1,-1,-1,0,0,0,136,1,1,0,0.0000000,0.0000000,0.0000000,0,0,0,0
756347653096750 D 2144,1759478339,1000,1553,1553,2.3822722,-0.00453,-1,-1,-1,0,0,0,136,1,1,0,0.0000000,0.0000000,0.0000000,0,0,0,0
756347654139416 D 2145,1759479339,1000,1553,1553,2.3822722,-0.00435,-1,-1,-1,0,0,0,136,1,1,0,0.0000000,0.0000000,0.0000000,0,0,0,0
756347655086750 D 2146,1759480339,1000,1553,1553,2.3822722,-0.00418,-1,-1,-1,0,0,0,136,1,1,0,0.0000000,0.0000000,0.0000000,0,0,0,0
756347656288666 D 2147,1759481339,1000,1553,1553,2.3822722,-0.00401,-1,-1,-1,0,0,0,136,1,1,0,0.0000000,0.0000000,0.0000000,0,0,0,0
756347657237291 D 2148,1759482339,1000,1553,1553,2.3822722,-0.00386,-1,-1,-1,0,0,0,136,1,1,0,0.0000000,0.0000000,0.0000000,0,0,0,0
756347658227958 D 2149,1759483339,1000,1553,1553,2.3822722,-0.00371,-1,-1,-1,0,0,0,136,1,1,0,0.0000000,0.0000000,0.0000000,0,0,0,0
756347659212541 D 2150,1759484339,1000,1553,1553,2.3822722,-0.00356,-1,-1,-1,0,0,0,136,1,1,0,0.0000000,0.0000000,0.0000000,0,0,0,0
756347660175458 D 2151,1759485339,1000,1553,1553,2.3822722,-0.00342,-1,-1,-1,0,0,0,136,1,1,0,0.0000000,0.0000000,0.0000000,0,0,0,0
756347661164083 D 2152,1759486339,1000,1553,1553,2.3822722,-0.00329,-1,-1,-1,0,0,0,136,1,1,0,0.0000000,0.0000000,0.0000000,0,0,0,0
756347662187208 D 2153,1759487339,1000,1553,1553,2.3822722,-0.00316,-1,-1,-1,0,0,0,136,1,1,0,0.0000000,0.0000000,0.0000000,0,0,0,0
756347663112583 D 2154,1759488339,1000,1553,1553,2.3822722,-0.00303,-1,-1,-1,0,0,0,136,1,1,0,0.0000000,0.0000000,0.0000000,0,0,0,0
756347664102000 D 2155,1759489339,1000,1553,1553,2.3822722,-0.00291,-1,-1,-1,0,0,0,136,1,1,0,0.0000000,0.0000000,0.0000000,0,0,0,0
756347665169833 D 2156,1759490339,1000,1553,1553,2.3822722,-0.00280,-1,-1,-1,0,0,0,136,1,1,0,0.0000000,0.0000000,0.0000000,0,0,0,0
756347666111791 D 2157,1759491339,1000,1553,1553,2.3822722,-0.00269,-1,-1,-1,0,0,0,136,1,1,0,0.0000000,0.0000000,0.0000000,0,0,0,0
756347667115000 D 2158,1759492339,1000,1553,1553,2.3822722,-0.00259,-1,-1,-1,0,0,0,136,1,1,0,0.0000000,0.0000000,0.0000000,0,0,0,0
756347668207375 D 2159,1759493339,1000,1553,1553,2.3822722,-0.00248,-1,-1,-1,0,0,0,136,1,1,0,0.0000000,0.0000000,0.0000000,0,0,0,0
756347669311041 D 2160,1759494339,1000,1553,1553,2.3822722,-0.00239,-1,-1,-1,0,0,0,136,1,1,0,0.0000000,0.0000000,0.0000000,0,0,0,0
756347670220875 D 2161,1759495339,1000,1553,1553,2.3822722,-0.00229,-1,-1,-1,0,0,0,136,1,1,0,0.0000000,0.0000000,0.0000000,0,0,0,0
756347671311666 D 2162,1759496339,1000,1553,1553,2.3822722,-0.00220,-1,-1,-1,0,0,0,136,1,1,0,0.0000000,0.0000000,0.0000000,0,0,0,0
756347672284750 D 2163,1759497339,1000,1553,1553,2.3822722,-0.00212,-1,-1,-1,0,0,0,136,1,1,0,0.0000000,0.0000000,0.0000000,0,0,0,0
756347673190208 D 2164,1759498339,1000,1553,1553,2.3822722,-0.00203,-1,-1,-1,0,0,0,136,1,1,0,0.0000000,0.0000000,0.0000000,0,0,0,0
756347674203083 D 2165,1759499339,1000,1553,1553,2.3822722,-0.00195,-1,-1,-1,0,0,0,136,1,1,0,0.0000000,0.0000000,0.0000000,0,0,0,0
756347675184375 D 2166,1759500339,1000,1553,1553,2.3822722,-0.00188,-1,-1,-1,0,0,0,136,1,1,0,0.0000000,0.0000000,0.0000000,0,0,0,0
756347676111166 D 2167,1759501339,1000,1554,1554,2.3838062,0.05834,-1,-1,-1,0,0,0,136,1,1,0,0.0000000,0.0000000,0.0000000,0,0,0,0
756347677675041 D 2168,1759502339,1000,1553,1553,2.3822722,-0.00409,39,128,2047,0,0,0,136,1,1,0,0.0000000,0.0000000,0.0000000,0,0,0,0
756347678336666 D 2169,1759503339,1000,1553,1553,2.3822722,-0.00393,-1,-1,-1,0,0,0,136,1,1,0,0.0000000,0.0000000,0.0000000,0,0,0,0
756347679223125 D 2170,1759504339,1000,1554,1554,2.3838062,0.05637,-1,-1,-1,0,0,0,136,1,1,0,0.0000000,0.0000000,0.0000000,0,0,0,0
756347680238958 D 2171,1759505339,1000,1553,1553,2.3822722,-0.00599,-1,-1,-1,0,0,0,136,1,1,0,0.0000000,0.0000000,0.0000000,0,0,0,0
756347681199625 D 2172,1759506339,1000,1554,1554,2.3838062,0.05440,-1,-1,-1,0,0,0,136,1,1,0,0.0000000,0.0000000,0.0000000,0,0,0,0
756347682176416 D 2173,1759507339,1000,1554,1554,2.3838062,0.05226,-1,-1,-1,0,0,0,136,1,1,0,0.0000000,0.0000000,0.0000000,0,0,0,0
756347683223166 D 2174,1759508339,1000,1553,1553,2.3822722,-0.00993,-1,-1,-1,0,0,0,136,1,1,0,0.0000000,0.0000000,0.0000000,0,0,0,0
756347684353833 D 2175,1759509339,1000,1553,1553,2.3822722,-0.00954,-1,-1,-1,0,0,0,136,1,1,0,0.0000000,0.0000000,0.0000000,0,0,0,0
756347685235666 D 2176,1759510339,1000,1553,1553,2.3822722,-0.00917,-1,-1,-1,0,0,0,136,1,1,0,0.0000000,0.0000000,0.0000000,0,0,0,0
756347686271791 D 2177,1759511339,1000,1553,1553,2.3822722,-0.00881,-1,-1,-1,0,0,0,136,1,1,0,0.0000000,0.0000000,0.0000000,0,0,0,0
756347687225166 D 2178,1759512339,1000,1554,1554,2.3838062,0.05168,-1,-1,-1,0,0,0,136,1,1,0,0.0000000,0.0000000,0.0000000,0,0,0,0
756347688160333 D 2179,1759513339,1000,1553,1553,2.3822722,-0.01049,-1,-1,-1,0,0,0,136,1,1,0,0.0000000,0.0000000,0.0000000,0,0,0,0
756347689182916 D 2180,1759514339,1000,1553,1553,2.3822722,-0.01008,-1,-1,-1,0,0,0,136,1,1,0,0.0000000,0.0000000,0.0000000,0,0,0,0
756347690215916 D 2181,1759515339,1000,1553,1553,2.3822722,-0.00969,-1,-1,-1,0,0,0,136,1,1,0,0.0000000,0.0000000,0.0000000,0,0,0,0
756347691259833 D 2182,1759516339,1000,1553,1553,2.3822722,-0.00931,-1,-1,-1,0,0,0,136,1,1,0,0.0000000,0.0000000,0.0000000,0,0,0,0
756347692281666 D 2183,1759517339,1000,1554,1554,2.3838062,0.05121,-1,-1,-1,0,0,0,136,1,1,0,0.0000000,0.0000000,0.0000000,0,0,0,0
756347693275333 D 2184,1759518339,1000,1554,1554,2.3838062,0.04920,-1,-1,-1,0,0,0,136,1,1,0,0.0000000,0.0000000,0.0000000,0,0,0,0
756347694121541 D 2185,1759519339,1000,1553,1553,2.3822722,-0.01288,-1,-1,-1,0,0,0,136,1,1,0,0.0000000,0.0000000,0.0000000,0,0,0,0
756347695246375 D 2186,1759520339,1000,1553,1553,2.3822722,-0.01237,-1,-1,-1,0,0,0,136,1,1,0,0.0000000,0.0000000,0.0000000,0,0,0,0
756347696188458 D 2187,1759521339,1000,1554,1554,2.3838062,0.04826,-1,-1,-1,0,0,0,136,1,1,0,0.0000000,0.0000000,0.0000000,0,0,0,0
756347697217666 D 2188,1759522339,1000,1553,1553,2.3822722,-0.01378,-1,-1,-1,0,0,0,136,1,1,0,0.0000000,0.0000000,0.0000000,0,0,0,0
756347698247083 D 2189,1759523339,1000,1553,1553,2.3822722,-0.01324,-1,-1,-1,0,0,0,136,1,1,0,0.0000000,0.0000000,0.0000000,0,0,0,0
756347699211333 D 2190,1759524339,1000,1553,1553,2.3822722,-0.01272,-1,-1,-1,0,0,0,136,1,1,0,0.0000000,0.0000000,0.0000000,0,0,0,0
756347700162708 D 2191,1759525339,1000,1553,1553,2.3822722,-0.01222,-1,-1,-1,0,0,0,136,1,1,0,0.0000000,0.0000000,0.0000000,0,0,0,0
756347701156000 D 2192,1759526339,1000,1553,1553,2.3822722,-0.01174,-1,-1,-1,0,0,0,136,1,1,0,0.0000000,0.0000000,0.0000000,0,0,0,0
756347702063541 D 2193,1759527339,1000,1553,1553,2.3822722,-0.01128,-1,-1,-1,0,0,0,136,1,1,0,0.0000000,0.0000000,0.0000000,0,0,0,0
756347703009458 D 2194,1759528339,1000,1554,1554,2.3838062,0.04931,-1,-1,-1,0,0,0,136,1,1,0,0.0000000,0.0000000,0.0000000,0,0,0,0
756347704039208 D 2195,1759529339,1000,1553,1553,2.3822722,-0.01277,-1,-1,-1,0,0,0,136,1,1,0,0.0000000,0.0000000,0.0000000,0,0,0,0
756347704963041 D 2196,1759530339,1000,1553,1553,2.3822722,-0.01227,-1,-1,-1,0,0,0,136,1,1,0,0.0000000,0.0000000,0.0000000,0,0,0,0
756347705994166 D 2197,1759531339,1000,1553,1553,2.3822722,-0.01179,-1,-1,-1,0,0,0,136,1,1,0,0.0000000,0.0000000,0.0000000,0,0,0,0
756347706984958 D 2198,1759532339,1000,1553,1553,2.3822722,-0.01133,-1,-1,-1,0,0,0,136,1,1,0,0.0000000,0.0000000,0.0000000,0,0,0,0
756347707958250 D 2199,1759533339,1000,1553,1553,2.3822722,-0.01088,-1,-1,-1,0,0,0,136,1,1,0,0.0000000,0.0000000,0.0000000,0,0,0,0
756347708976041 D 2200,1759534339,1000,1553,1553,2.3822722,-0.01046,-1,-1,-1,0,0,0,136,1,1,0,0.0000000,0.0000000,0.0000000,0,0,0,0
756347709965125 D 2201,1759535339,1000,1553,1553,2.3822722,-0.01005,-1,-1,-1,0,0,0,136,1,1,0,0.0000000,0.0000000,0.0000000,0,0,0,0
756347711068666 D 2202,1759536339,1000,1553,1553,2.3822722,-0.00965,-1,-1,-1,0,0,0,136,1,1,0,0.0000000,0.0000000,0.0000000,0,0,0,0
756347711977041 D 2203,1759537339,1000,1553,1553,2.3822722,-0.00928,-1,-1,-1,0,0,0,136,1,1,0,0.0000000,0.0000000,0.0000000,0,0,0,0
756347712966041 D 2204,1759538339,1000,1553,1553,2.3822722,-0.00891,-1,-1,-1,0,0,0,136,1,1,0,0.0000000,0.0000000,0.0000000,0,0,0,0
756347713962916 D 2205,1759539339,1000,1553,1553,2.3822722,-0.00856,-1,-1,-1,0,0,0,136,1,1,0,0.0000000,0.0000000,0.0000000,0,0,0,0
756347714986250 D 2206,1759540339,1000,1553,1553,2.3822722,-0.00823,-1,-1,-1,0,0,0,136,1,1,0,0.0000000,0.0000000,0.0000000,0,0,0,0
756347716022958 D 2207,1759541339,1000,1553,1553,2.3822722,-0.00790,-1,-1,-1,0,0,0,136,1,1,0,0.0000000,0.0000000,0.0000000,0,0,0,0
756347716942291 D 2208,1759542340,1001,1553,1553,2.3822722,-0.00759,-1,-1,-1,0,0,0,136,1,1,0,0.0000000,0.0000000,0.0000000,0,0,0,0
756347717979916 D 2209,1759543339,999,1553,1553,2.3822722,-0.00730,-1,-1,-1,0,0,0,136,1,1,0,0.0000000,0.0000000,0.0000000,0,0,0,0
756347719028541 D 2210,1759544339,1000,1554,1554,2.3838062,0.05314,-1,-1,-1,0,0,0,136,1,1,0,0.0000000,0.0000000,0.0000000,0,0,0,0
756347720002333 D 2211,1759545339,1000,1553,1553,2.3822722,-0.00909,-1,-1,-1,0,0,0,136,1,1,0,0.0000000,0.0000000,0.0000000,0,0,0,0
756347721008166 D 2212,1759546339,1000,1553,1553,2.3822722,-0.00874,-1,-1,-1,0,0,0,136,1,1,0,0.0000000,0.0000000,0.0000000,0,0,0,0
756347721993791 D 2213,1759547339,1000,1553,1553,2.3822722,-0.00839,-1,-1,-1,0,0,0,136,1,1,0,0.0000000,0.0000000,0.0000000,0,0,0,0
756347722989666 D 2214,1759548339,1000,1553,1553,2.3822722,-0.00807,-1,-1,-1,0,0,0,136,1,1,0,0.0000000,0.0000000,0.0000000,0,0,0,0
756347724023833 D 2215,1759549339,1000,1553,1553,2.3822722,-0.00775,-1,-1,-1,0,0,0,136,1,1,0,0.0000000,0.0000000,0.0000000,0,0,0,0
756347725027125 D 2216,1759550339,1000,1553,1553,2.3822722,-0.00745,-1,-1,-1,0,0,0,136,1,1,0,0.0000000,0.0000000,0.0000000,0,0,0,0
756347726023541 D 2217,1759551339,1000,1553,1553,2.3822722,-0.00715,-1,-1,-1,0,0,0,136,1,1,0,0.0000000,0.0000000,0.0000000,0,0,0,0
756347727519166 D 2218,1759552339,1000,1553,1553,2.3822722,-0.00687,39,128,2047,0,0,0,136,1,1,0,0.0000000,0.0000000,0.0000000,0,0,0,0
756347728100666 D 2219,1759553339,1000,1553,1553,2.3822722,-0.00660,-1,-1,-1,0,0,0,136,1,1,0,0.0000000,0.0000000,0.0000000,0,0,0,0
756347729066166 D 2220,1759554339,1000,1553,1553,2.3822722,-0.00634,-1,-1,-1,0,0,0,136,1,1,0,0.0000000,0.0000000,0.0000000,0,0,0,0
756347730130208 D 2221,1759555339,1000,1553,1553,2.3822722,-0.00610,-1,-1,-1,0,0,0,136,1,1,0,0.0000000,0.0000000,0.0000000,0,0,0,0
756347731235000 D 2222,1759556339,1000,1553,1553,2.3822722,-0.00586,-1,-1,-1,0,0,0,136,1,1,0,0.0000000,0.0000000,0.0000000,0,0,0,0
756347732197041 D 2223,1759557339,1000,1553,1553,2.3822722,-0.00563,-1,-1,-1,0,0,0,136,1,1,0,0.0000000,0.0000000,0.0000000,0,0,0,0
756347733095875 D 2224,1759558339,1000,1553,1553,2.3822722,-0.00541,-1,-1,-1,0,0,0,136,1,1,0,0.0000000,0.0000000,0.0000000,0,0,0,0
756347734037416 D 2225,1759559339,1000,1553,1553,2.3822722,-0.00519,-1,-1,-1,0,0,0,136,1,1,0,0.0000000,0.0000000,0.0000000,0,0,0,0
756347735019458 D 2226,1759560339,1000,1553,1553,2.3822722,-0.00499,-1,-1,-1,0,0,0,136,1,1,0,0.0000000,0.0000000,0.0000000,0,0,0,0
756347736068958 D 2227,1759561339,1000,1553,1553,2.3822722,-0.00480,-1,-1,-1,0,0,0,136,1,1,0,0.0000000,0.0000000,0.0000000,0,0,0,0
756347737077833 D 2228,1759562339,1000,1553,1553,2.3822722,-0.00461,-1,-1,-1,0,0,0,136,1,1,0,0.0000000,0.0000000,0.0000000,0,0,0,0
756347738068916 D 2229,1759563339,1000,1553,1553,2.3822722,-0.00443,-1,-1,-1,0,0,0,136,1,1,0,0.0000000,0.0000000,0.0000000,0,0,0,0
756347739307166 D 2230,1759564339,1000,1553,1553,2.3822722,-0.00425,-1,-1,-1,0,0,0,136,1,1,0,0.0000000,0.0000000,0.0000000,0,0,0,0
756347740248791 D 2231,1759565339,1000,1553,1553,2.3822722,-0.00409,-1,-1,-1,0,0,0,136,1,1,0,0.0000000,0.0000000,0.0000000,0,0,0,0
756347741220166 D 2232,1759566339,1000,1553,1553,2.3822722,-0.00393,-1,-1,-1,0,0,0,136,1,1,0,0.0000000,0.0000000,0.0000000,0,0,0,0
756347742226375 D 2233,1759567339,1000,1553,1553,2.3822722,-0.00377,-1,-1,-1,0,0,0,136,1,1,0,0.0000000,0.0000000,0.0000000,0,0,0,0
756347743226916 D 2234,1759568339,1000,1553,1553,2.3822722,-0.00362,-1,-1,-1,0,0,0,136,1,1,0,0.0000000,0.0000000,0.0000000,0,0,0,0
756347744217666 D 2235,1759569339,1000,1554,1554,2.3838062,0.05667,-1,-1,-1,0,0,0,136,1,1,0,0.0000000,0.0000000,0.0000000,0,0,0,0
756347745187375 D 2236,1759570339,1000,1553,1553,2.3822722,-0.00570,-1,-1,-1,0,0,0,136,1,1,0,0.0000000,0.0000000,0.0000000,0,0,0,0
756347746214916 D 2237,1759571339,1000,1553,1553,2.3822722,-0.00548,-1,-1,-1,0,0,0,136,1,1,0,0.0000000,0.0000000,0.0000000,0,0,0,0
756347747340083 D 2238,1759572339,1000,1554,1554,2.3838062,0.05488,-1,-1,-1,0,0,0,136,1,1,0,0.0000000,0.0000000,0.0000000,0,0,0,0
756347748187750 D 2239,1759573339,1000,1553,1553,2.3822722,-0.00742,-1,-1,-1,0,0,0,136,1,1,0,0.0000000,0.0000000,0.0000000,0,0,0,0
756347749235333 D 2240,1759574339,1000,1554,1554,2.3838062,0.05302,-1,-1,-1,0,0,0,136,1,1,0,0.0000000,0.0000000,0.0000000,0,0,0,0
756347750269916 D 2241,1759575339,1000,1553,1553,2.3822722,-0.00921,-1,-1,-1,0,0,0,136,1,1,0,0.0000000,0.0000000,0.0000000,0,0,0,0
756347751259750 D 2242,1759576339,1000,1553,1553,2.3822722,-0.00884,-1,-1,-1,0,0,0,136,1,1,0,0.0000000,0.0000000,0.0000000,0,0,0,0
756347752138833 D 2243,1759577339,1000,1553,1553,2.3822722,-0.00850,-1,-1,-1,0,0,0,136,1,1,0,0.0000000,0.0000000,0.0000000,0,0,0,0
756347753141541 D 2244,1759578339,1000,1553,1553,2.3822722,-0.00816,-1,-1,-1,0,0,0,136,1,1,0,0.0000000,0.0000000,0.0000000,0,0,0,0
756347754101083 D 2245,1759579339,1000,1553,1553,2.3822722,-0.00784,-1,-1,-1,0,0,0,136,1,1,0,0.0000000,0.0000000,0.0000000,0,0,0,0
756347755031083 D 2246,1759580339,1000,1553,1553,2.3822722,-0.00754,-1,-1,-1,0,0,0,136,1,1,0,0.0000000,0.0000000,0.0000000,0,0,0,0
756347756065583 D 2247,1759581339,1000,1553,1553,2.3822722,-0.00724,-1,-1,-1,0,0,0,136,1,1,0,0.0000000,0.0000000,0.0000000,0,0,0,0
756347757076041 D 2248,1759582339,1000,1553,1553,2.3822722,-0.00696,-1,-1,-1,0,0,0,136,1,1,0,0.0000000,0.0000000,0.0000000,0,0,0,0
756347758065708 D 2249,1759583339,1000,1553,1553,2.3822722,-0.00668,-1,-1,-1,0,0,0,136,1,1,0,0.0000000,0.0000000,0.0000000,0,0,0,0
756347759090541 D 2250,1759584339,1000,1553,1553,2.3822722,-0.00642,-1,-1,-1,0,0,0,136,1,1,0,0.0000000,0.0000000,0.0000000,0,0,0,0
756347760059916 D 2251,1759585339,1000,1553,1553,2.3822722,-0.00617,-1,-1,-1,0,0,0,136,1,1,0,0.0000000,0.0000000,0.0000000,0,0,0,0
756347761099916 D 2252,1759586339,1000,1553,1553,2.3822722,-0.00593,-1,-1,-1,0,0,0,136,1,1,0,0.0000000,0.0000000,0.0000000,0,0,0,0
756347762239791 D 2253,1759587339,1000,1553,1553,2.3822722,-0.00570,-1,-1,-1,0,0,0,136,1,1,0,0.0000000,0.0000000,0.0000000,0,0,0,0
756347763258208 D 2254,1759588339,1000,1553,1553,2.3822722,-0.00547,-1,-1,-1,0,0,0,136,1,1,0,0.0000000,0.0000000,0.0000000,0,0,0,0
756347764162375 D 2255,1759589339,1000,1553,1553,2.3822722,-0.00526,-1,-1,-1,0,0,0,136,1,1,0,0.0000000,0.0000000,0.0000000,0,0,0,0
756347765153916 D 2256,1759590339,1000,1554,1554,2.3838062,0.05510,-1,-1,-1,0,0,0,136,1,1,0,0.0000000,0.0000000,0.0000000,0,0,0,0
756347766209166 D 2257,1759591339,1000,1553,1553,2.3822722,-0.00721,-1,-1,-1,0,0,0,136,1,1,0,0.0000000,0.0000000,0.0000000,0,0,0,0
756347767267958 D 2258,1759592339,1000,1553,1553,2.3822722,-0.00693,-1,-1,-1,0,0,0,136,1,1,0,0.0000000,0.0000000,0.0000000,0,0,0,0
756347768204541 D 2259,1759593339,1000,1554,1554,2.3838062,0.05349,-1,-1,-1,0,0,0,136,1,1,0,0.0000000,0.0000000,0.0000000,0,0,0,0
756347769212958 D 2260,1759594339,1000,1553,1553,2.3822722,-0.00876,-1,-1,-1,0,0,0,136,1,1,0,0.0000000,0.0000000,0.0000000,0,0,0,0
756347770192875 D 2261,1759595339,1000,1553,1553,2.3822722,-0.00841,-1,-1,-1,0,0,0,135,1,1,0,0.0000000,0.0000000,0.0000000,0,0,0,0
756347771200291 D 2262,1759596339,1000,1553,1553,2.3822722,-0.00808,-1,-1,-1,0,0,0,136,1,1,0,0.0000000,0.0000000,0.0000000,0,0,0,0
756347772113083 D 2263,1759597339,1000,1553,1553,2.3822722,-0.00777,-1,-1,-1,0,0,0,136,1,1,0,0.0000000,0.0000000,0.0000000,0,0,0,0
756347773271125 D 2264,1759598339,1000,1553,1553,2.3822722,-0.00746,-1,-1,-1,0,0,0,136,1,1,0,0.0000000,0.0000000,0.0000000,0,0,0,0
756347774234000 D 2265,1759599339,1000,1553,1553,2.3822722,-0.00717,-1,-1,-1,0,0,0,136,1,1,0,0.0000000,0.0000000,0.0000000,0,0,0,0
756347775190375 D 2266,1759600339,1000,1553,1553,2.3822722,-0.00689,-1,-1,-1,0,0,0,136,1,1,0,0.0000000,0.0000000,0.0000000,0,0,0,0
756347776217166 D 2267,1759601339,1000,1553,1553,2.3822722,-0.00662,-1,-1,-1,0,0,0,136,1,1,0,0.0000000,0.0000000,0.0000000,0,0,0,0
756347777602208 D 2268,1759602339,1000,1553,1553,2.3822722,-0.00636,39,128,2047,0,0,0,136,1,1,0,0.0000000,0.0000000,0.0000000,0,0,0,0
756347778355916 D 2269,1759603339,1000,1553,1553,2.3822722,-0.00611,-1,-1,-1,0,0,0,136,1,1,0,0.0000000,0.0000000,0.0000000,0,0,0,0
756347779238000 D 2270,1759604339,1000,1553,1553,2.3822722,-0.00587,-1,-1,-1,0,0,0,136,1,1,0,0.0000000,0.0000000,0.0000000,0,0,0,0
756347780111916 D 2271,1759605339,1000,1553,1553,2.3822722,-0.00564,-1,-1,-1,0,0,0,136,1,1,0,0.0000000,0.0000000,0.0000000,0,0,0,0
756347781040375 D 2272,1759606339,1000,1553,1553,2.3822722,-0.00542,-1,-1,-1,0,0,0,136,1,1,0,0.0000000,0.0000000,0.0000000,0,0,0,0
756347782159333 D 2273,1759607339,1000,1554,1554,2.3838062,0.05494,-1,-1,-1,0,0,0,136,1,1,0,0.0000000,0.0000000,0.0000000,0,0,0,0
756347783140333 D 2274,1759608339,1000,1553,1553,2.3822722,-0.00736,-1,-1,-1,0,0,0,136,1,1,0,0.0000000,0.0000000,0.0000000,0,0,0,0
756347784123625 D 2275,1759609339,1000,1553,1553,2.3822722,-0.00707,-1,-1,-1,0,0,0,136,1,1,0,0.0000000,0.0000000,0.0000000,0,0,0,0
756347785193791 D 2276,1759610339,1000,1553,1553,2.3822722,-0.00679,-1,-1,-1,0,0,0,136,1,1,0,0.0000000,0.0000000,0.0000000,0,0,0,0
756347786198958 D 2277,1759611339,1000,1553,1553,2.3822722,-0.00653,-1,-1,-1,0,0,0,136,1,1,0,0.0000000,0.0000000,0.0000000,0,0,0,0
756347787232166 D 2278,1759612339,1000,1553,1553,2.3822722,-0.00627,-1,-1,-1,0,0,0,136,1,1,0,0.0000000,0.0000000,0.0000000,0,0,0,0
756347788273791 D 2279,1759613339,1000,1553,1553,2.3822722,-0.00603,-1,-1,-1,0,0,0,136,1,1,0,0.0000000,0.0000000,0.0000000,0,0,0,0
756347789327625 D 2280,1759614339,1000,1554,1554,2.3838062,0.05436,-1,-1,-1,0,0,0,136,1,1,0,0.0000000,0.0000000,0.0000000,0,0,0,0
756347790222375 D 2281,1759615339,1000,1553,1553,2.3822722,-0.00792,-1,-1,-1,0,0,0,136,1,1,0,0.0000000,0.0000000,0.0000000,0,0,0,0
756347791250125 D 2282,1759616339,1000,1553,1553,2.3822722,-0.00761,-1,-1,-1,0,0,0,136,1,1,0,0.0000000,0.0000000,0.0000000,0,0,0,0
756347792184291 D 2283,1759617339,1000,1553,1553,2.3822722,-0.00731,-1,-1,-1,0,0,0,136,1,1,0,0.0000000,0.0000000,0.0000000,0,0,0,0
756347793163458 D 2284,1759618339,1000,1553,1553,2.3822722,-0.00703,-1,-1,-1,0,0,0,136,1,1,0,0.0000000,0.0000000,0.0000000,0,0,0,0
756347794228875 D 2285,1759619339,1000,1553,1553,2.3822722,-0.00675,-1,-1,-1,0,0,0,136,1,1,0,0.0000000,0.0000000,0.0000000,0,0,0,0
756347795329416 D 2286,1759620339,1000,1553,1553,2.3822722,-0.00648,-1,-1,-1,0,0,0,136,1,1,0,0.0000000,0.0000000,0.0000000,0,0,0,0
756347796265916 D 2287,1759621339,1000,1553,1553,2.3822722,-0.00623,-1,-1,-1,0,0,0,136,1,1,0,0.0000000,0.0000000,0.0000000,0,0,0,0
756347797136291 D 2288,1759622339,1000,1553,1553,2.3822722,-0.00599,-1,-1,-1,0,0,0,136,1,1,0,0.0000000,0.0000000,0.0000000,0,0,0,0
756347798140208 D 2289,1759623339,1000,1553,1553,2.3822722,-0.00575,-1,-1,-1,0,0,0,136,1,1,0,0.0000000,0.0000000,0.0000000,0,0,0,0
756347799104708 D 2290,1759624339,1000,1553,1553,2.3822722,-0.00553,-1,-1,-1,0,0,0,136,1,1,0,0.0000000,0.0000000,0.0000000,0,0,0,0
756347800061375 D 2291,1759625339,1000,1553,1553,2.3822722,-0.00531,-1,-1,-1,0,0,0,136,1,1,0,0.0000000,0.0000000,0.0000000,0,0,0,0
756347801095041 D 2292,1759626339,1000,1553,1553,2.3822722,-0.00510,-1,-1,-1,0,0,0,136,1,1,0,0.0000000,0.0000000,0.0000000,0,0,0,0
756347802083750 D 2293,1759627339,1000,1554,1554,2.3838062,0.05525,-1,-1,-1,0,0,0,136,1,1,0,0.0000000,0.0000000,0.0000000,0,0,0,0
756347803242750 D 2294,1759628339,1000,1553,1553,2.3822722,-0.00707,-1,-1,-1,0,0,0,136,1,1,0,0.0000000,0.0000000,0.0000000,0,0,0,0
756347804156083 D 2295,1759629339,1000,1553,1553,2.3822722,-0.00679,-1,-1,-1,0,0,0,136,1,1,0,0.0000000,0.0000000,0.0000000,0,0,0,0
756347805102875 D 2296,1759630339,1000,1553,1553,2.3822722,-0.00652,-1,-1,-1,0,0,0,136,1,1,0,0.0000000,0.0000000,0.0000000,0,0,0,0
756347806058250 D 2297,1759631339,1000,1553,1553,2.3822722,-0.00627,-1,-1,-1,0,0,0,136,1,1,0,0.0000000,0.0000000,0.0000000,0,0,0,0
756347807060416 D 2298,1759632339,1000,1553,1553,2.3822722,-0.00602,-1,-1,-1,0,0,0,136,1,1,0,0.0000000,0.0000000,0.0000000,0,0,0,0
756347808037291 D 2299,1759633339,1000,1553,1553,2.3822722,-0.00579,-1,-1,-1,0,0,0,136,1,1,0,0.0000000,0.0000000,0.0000000,0,0,0,0
756347809091416 D 2300,1759634339,1000,1553,1553,2.3822722,-0.00556,-1,-1,-1,0,0,0,136,1,1,0,0.0000000,0.0000000,0.0000000,0,0,0,0
756347810215250 D 2301,1759635339,1000,1553,1553,2.3822722,-0.00534,-1,-1,-1,0,0,0,136,1,1,0,0.0000000,0.0000000,0.0000000,0,0,0,0
756347811111416 D 2302,1759636339,1000,1553,1553,2.3822722,-0.00513,-1,-1,-1,0,0,0,136,1,1,0,0.0000000,0.0000000,0.0000000,0,0,0,0
756347812058916 D 2303,1759637339,1000,1553,1553,2.3822722,-0.00493,-1,-1,-1,0,0,0,136,1,1,0,0.0000000,0.0000000,0.0000000,0,0,0,0
756347813104000 D 2304,1759638339,1000,1554,1554,2.3838062,0.05541,-1,-1,-1,0,0,0,136,1,1,0,0.0000000,0.0000000,0.0000000,0,0,0,0
756347814101458 D 2305,1759639339,1000,1553,1553,2.3822722,-0.00691,-1,-1,-1,0,0,0,136,1,1,0,0.0000000,0.0000000,0.0000000,0,0,0,0
756347815098833 D 2306,1759640339,1000,1553,1553,2.3822722,-0.00664,-1,-1,-1,0,0,0,136,1,1,0,0.0000000,0.0000000,0.0000000,0,0,0,0
756347816036375 D 2307,1759641339,1000,1553,1553,2.3822722,-0.00638,-1,-1,-1,0,0,0,136,1,1,0,0.0000000,0.0000000,0.0000000,0,0,0,0
756347817114958 D 2308,1759642339,1000,1553,1553,2.3822722,-0.00613,-1,-1,-1,0,0,0,136,1,1,0,0.0000000,0.0000000,0.0000000,0,0,0,0
756347818023291 D 2309,1759643339,1000,1553,1553,2.3822722,-0.00589,-1,-1,-1,0,0,0,136,1,1,0,0.0000000,0.0000000,0.0000000,0,0,0,0
756347819046458 D 2310,1759644339,1000,1553,1553,2.3822722,-0.00566,-1,-1,-1,0,0,0,135,1,1,0,0.0000000,0.0000000,0.0000000,0,0,0,0
756347820106000 D 2311,1759645339,1000,1553,1553,2.3822722,-0.00544,-1,-1,-1,0,0,0,136,1,1,0,0.0000000,0.0000000,0.0000000,0,0,0,0
756347821100208 D 2312,1759646339,1000,1553,1553,2.3822722,-0.00522,-1,-1,-1,0,0,0,136,1,1,0,0.0000000,0.0000000,0.0000000,0,0,0,0
756347822201000 D 2313,1759647339,1000,1553,1553,2.3822722,-0.00502,-1,-1,-1,0,0,0,136,1,1,0,0.0000000,0.0000000,0.0000000,0,0,0,0
756347823122500 D 2314,1759648339,1000,1553,1553,2.3822722,-0.00482,-1,-1,-1,0,0,0,136,1,1,0,0.0000000,0.0000000,0.0000000,0,0,0,0
756347824107416 D 2315,1759649339,1000,1553,1553,2.3822722,-0.00463,-1,-1,-1,0,0,0,136,1,1,0,0.0000000,0.0000000,0.0000000,0,0,0,0
756347825122375 D 2316,1759650339,1000,1553,1553,2.3822722,-0.00445,-1,-1,-1,0,0,0,136,1,1,0,0.0000000,0.0000000,0.0000000,0,0,0,0
756347826168083 D 2317,1759651339,1000,1553,1553,2.3822722,-0.00428,-1,-1,-1,0,0,0,136,1,1,0,0.0000000,0.0000000,0.0000000,0,0,0,0
756347827493833 D 2318,1759652339,1000,1553,1553,2.3822722,-0.00411,39,128,2047,0,0,0,136,1,1,0,0.0000000,0.0000000,0.0000000,0,0,0,0
756347828128708 D 2319,1759653339,1000,1553,1553,2.3822722,-0.00395,-1,-1,-1,0,0,0,136,1,1,0,0.0000000,0.0000000,0.0000000,0,0,0,0
756347829104541 D 2320,1759654339,1000,1554,1554,2.3838062,0.05636,-1,-1,-1,0,0,0,136,1,1,0,0.0000000,0.0000000,0.0000000,0,0,0,0
756347830094250 D 2321,1759655339,1000,1554,1554,2.3838062,0.05415,-1,-1,-1,0,0,0,136,1,1,0,0.0000000,0.0000000,0.0000000,0,0,0,0
756347831100416 D 2322,1759656339,1000,1553,1553,2.3822722,-0.00813,-1,-1,-1,0,0,0,136,1,1,0,0.0000000,0.0000000,0.0000000,0,0,0,0
756347832085708 D 2323,1759657339,1000,1554,1554,2.3838062,0.05234,-1,-1,-1,0,0,0,136,1,1,0,0.0000000,0.0000000,0.0000000,0,0,0,0
756347833145375 D 2324,1759658339,1000,1554,1554,2.3838062,0.05029,-1,-1,-1,0,0,0,136,1,1,0,0.0000000,0.0000000,0.0000000,0,0,0,0
756347834191041 D 2325,1759659339,1000,1553,1553,2.3822722,-0.01183,-1,-1,-1,0,0,0,136,1,1,0,0.0000000,0.0000000,0.0000000,0,0,0,0
756347835297875 D 2326,1759660339,1000,1553,1553,2.3822722,-0.01137,-1,-1,-1,0,0,0,136,1,1,0,0.0000000,0.0000000,0.0000000,0,0,0,0
756347836187958 D 2327,1759661339,1000,1553,1553,2.3822722,-0.01092,-1,-1,-1,0,0,0,136,1,1,0,0.0000000,0.0000000,0.0000000,0,0,0,0
756347837200583 D 2328,1759662339,1000,1553,1553,2.3822722,-0.01049,-1,-1,-1,0,0,0,136,1,1,0,0.0000000,0.0000000,0.0000000,0,0,0,0
756347838132458 D 2329,1759663339,1000,1553,1553,2.3822722,-0.01008,-1,-1,-1,0,0,0,136,1,1,0,0.0000000,0.0000000,0.0000000,0,0,0,0
756347839162500 D 2330,1759664339,1000,1553,1553,2.3822722,-0.00969,-1,-1,-1,0,0,0,136,1,1,0,0.0000000,0.0000000,0.0000000,0,0,0,0
756347840157916 D 2331,1759665339,1000,1553,1553,2.3822722,-0.00931,-1,-1,-1,0,0,0,136,1,1,0,0.0000000,0.0000000,0.0000000,0,0,0,0
756347841161125 D 2332,1759666339,1000,1553,1553,2.3822722,-0.00894,-1,-1,-1,0,0,0,136,1,1,0,0.0000000,0.0000000,0.0000000,0,0,0,0
756347842245458 D 2333,1759667339,1000,1553,1553,2.3822722,-0.00859,-1,-1,-1,0,0,0,136,1,1,0,0.0000000,0.0000000,0.0000000,0,0,0,0
756347843229750 D 2334,1759668339,1000,1553,1553,2.3822722,-0.00825,-1,-1,-1,0,0,0,136,1,1,0,0.0000000,0.0000000,0.0000000,0,0,0,0
756347844212833 D 2335,1759669339,1000,1553,1553,2.3822722,-0.00793,-1,-1,-1,0,0,0,136,1,1,0,0.0000000,0.0000000,0.0000000,0,0,0,0
756347845165083 D 2336,1759670339,1000,1553,1553,2.3822722,-0.00762,-1,-1,-1,0,0,0,136,1,1,0,0.0000000,0.0000000,0.0000000,0,0,0,0
756347846112750 D 2337,1759671339,1000,1553,1553,2.3822722,-0.00732,-1,-1,-1,0,0,0,136,1,1,0,0.0000000,0.0000000,0.0000000,0,0,0,0
756347847118666 D 2338,1759672339,1000,1553,1553,2.3822722,-0.00703,-1,-1,-1,0,0,0,136,1,1,0,0.0000000,0.0000000,0.0000000,0,0,0,0
756347848106833 D 2339,1759673339,1000,1553,1553,2.3822722,-0.00676,-1,-1,-1,0,0,0,136,1,1,0,0.0000000,0.0000000,0.0000000,0,0,0,0
756347849095541 D 2340,1759674339,1000,1553,1553,2.3822722,-0.00649,-1,-1,-1,0,0,0,136,1,1,0,0.0000000,0.0000000,0.0000000,0,0,0,0
756347850100333 D 2341,1759675339,1000,1553,1553,2.3822722,-0.00624,-1,-1,-1,0,0,0,136,1,1,0,0.0000000,0.0000000,0.0000000,0,0,0,0
756347851099208 D 2342,1759676339,1000,1553,1553,2.3822722,-0.00599,-1,-1,-1,0,0,0,136,1,1,0,0.0000000,0.0000000,0.0000000,0,0,0,0
756347852096916 D 2343,1759677339,1000,1553,1553,2.3822722,-0.00576,-1,-1,-1,0,0,0,136,1,1,0,0.0000000,0.0000000,0.0000000,0,0,0,0
756347853105083 D 2344,1759678339,1000,1553,1553,2.3822722,-0.00553,-1,-1,-1,0,0,0,136,1,1,0,0.0000000,0.0000000,0.0000000,0,0,0,0
756347854092916 D 2345,1759679339,1000,1553,1553,2.3822722,-0.00532,-1,-1,-1,0,0,0,136,1,1,0,0.0000000,0.0000000,0.0000000,0,0,0,0
756347855085833 D 2346,1759680339,1000,1553,1553,2.3822722,-0.00511,-1,-1,-1,0,0,0,136,1,1,0,0.0000000,0.0000000,0.0000000,0,0,0,0
756347856115833 D 2347,1759681339,1000,1553,1553,2.3822722,-0.00491,-1,-1,-1,0,0,0,136,1,1,0,0.0000000,0.0000000,0.0000000,0,0,0,0
756347857138250 D 2348,1759682339,1000,1553,1553,2.3822722,-0.00471,-1,-1,-1,0,0,0,136,1,1,0,0.0000000,0.0000000,0.0000000,0,0,0,0
756347858105666 D 2349,1759683339,1000,1553,1553,2.3822722,-0.00453,-1,-1,-1,0,0,0,136,1,1,0,0.0000000,0.0000000,0.0000000,0,0,0,0
756347859092541 D 2350,1759684339,1000,1553,1553,2.3822722,-0.00435,-1,-1,-1,0,0,0,136,1,1,0,0.0000000,0.0000000,0.0000000,0,0,0,0
756347860090666 D 2351,1759685339,1000,1553,1553,2.3822722,-0.00418,-1,-1,-1,0,0,0,136,1,1,0,0.0000000,0.0000000,0.0000000,0,0,0,0
756347861099041 D 2352,1759686339,1000,1553,1553,2.3822722,-0.00402,-1,-1,-1,0,0,0,136,1,1,0,0.0000000,0.0000000,0.0000000,0,0,0,0
756347862148458 D 2353,1759687339,1000,1553,1553,2.3822722,-0.00386,-1,-1,-1,0,0,0,136,1,1,0,0.0000000,0.0000000,0.0000000,0,0,0,0
756347863167791 D 2354,1759688339,1000,1553,1553,2.3822722,-0.00371,-1,-1,-1,0,0,0,136,1,1,0,0.0000000,0.0000000,0.0000000,0,0,0,0
756347864189166 D 2355,1759689339,1000,1553,1553,2.3822722,-0.00356,-1,-1,-1,0,0,0,136,1,1,0,0.0000000,0.0000000,0.0000000,0,0,0,0
756347865137291 D 2356,1759690339,1000,1553,1553,2.3822722,-0.00342,-1,-1,-1,0,0,0,136,1,1,0,0.0000000,0.0000000,0.0000000,0,0,0,0
756347866155750 D 2357,1759691339,1000,1553,1553,2.3822722,-0.00329,-1,-1,-1,0,0,0,136,1,1,0,0.0000000,0.0000000,0.0000000,0,0,0,0
756347867132958 D 2358,1759692339,1000,1553,1553,2.3822722,-0.00316,-1,-1,-1,0,0,0,136,1,1,0,0.0000000,0.0000000,0.0000000,0,0,0,0
756347868130791 D 2359,1759693339,1000,1553,1553,2.3822722,-0.00304,-1,-1,-1,0,0,0,136,1,1,0,0.0000000,0.0000000,0.0000000,0,0,0,0
756347869202541 D 2360,1759694339,1000,1553,1553,2.3822722,-0.00292,-1,-1,-1,0,0,0,136,1,1,0,0.0000000,0.0000000,0.0000000,0,0,0,0
756347870246125 D 2361,1759695339,1000,1553,1553,2.3822722,-0.00280,-1,-1,-1,0,0,0,136,1,1,0,0.0000000,0.0000000,0.0000000,0,0,0,0
756347871199833 D 2362,1759696339,1000,1553,1553,2.3822722,-0.00269,-1,-1,-1,0,0,0,136,1,1,0,0.0000000,0.0000000,0.0000000,0,0,0,0
756347872147083 D 2363,1759697339,1000,1553,1553,2.3822722,-0.00259,-1,-1,-1,0,0,0,136,1,1,0,0.0000000,0.0000000,0.0000000,0,0,0,0
756347873134833 D 2364,1759698339,1000,1553,1553,2.3822722,-0.00249,-1,-1,-1,0,0,0,136,1,1,0,0.0000000,0.0000000,0.0000000,0,0,0,0
756347874102083 D 2365,1759699339,1000,1553,1553,2.3822722,-0.00239,-1,-1,-1,0,0,0,136,1,1,0,0.0000000,0.0000000,0.0000000,0,0,0,0
756347875125166 D 2366,1759700339,1000,1553,1553,2.3822722,-0.00229,-1,-1,-1,0,0,0,136,1,1,0,0.0000000,0.0000000,0.0000000,0,0,0,0
756347876106500 D 2367,1759701339,1000,1553,1553,2.3822722,-0.00220,-1,-1,-1,0,0,0,136,1,1,0,0.0000000,0.0000000,0.0000000,0,0,0,0
756347877502166 D 2368,1759702339,1000,1553,1553,2.3822722,-0.00212,39,128,2047,0,0,0,136,1,1,0,0.0000000,0.0000000,0.0000000,0,0,0,0
756347878142958 D 2369,1759703339,1000,1553,1553,2.3822722,-0.00204,-1,-1,-1,0,0,0,136,1,1,0,0.0000000,0.0000000,0.0000000,0,0,0,0
756347879130500 D 2370,1759704339,1000,1553,1553,2.3822722,-0.00196,-1,-1,-1,0,0,0,136,1,1,0,0.0000000,0.0000000,0.0000000,0,0,0,0
756347880142083 D 2371,1759705339,1000,1553,1553,2.3822722,-0.00188,-1,-1,-1,0,0,0,136,1,1,0,0.0000000,0.0000000,0.0000000,0,0,0,0
756347881139208 D 2372,1759706339,1000,1553,1553,2.3822722,-0.00181,-1,-1,-1,0,0,0,136,1,1,0,0.0000000,0.0000000,0.0000000,0,0,0,0
756347882106208 D 2373,1759707339,1000,1553,1553,2.3822722,-0.00173,-1,-1,-1,0,0,0,136,1,1,0,0.0000000,0.0000000,0.0000000,0,0,0,0
756347883098291 D 2374,1759708339,1000,1553,1553,2.3822722,-0.00167,-1,-1,-1,0,0,0,136,1,1,0,0.0000000,0.0000000,0.0000000,0,0,0,0
756347884108833 D 2375,1759709339,1000,1553,1553,2.3822722,-0.00160,-1,-1,-1,0,0,0,136,1,1,0,0.0000000,0.0000000,0.0000000,0,0,0,0
756347885099166 D 2376,1759710339,1000,1553,1553,2.3822722,-0.00154,-1,-1,-1,0,0,0,136,1,1,0,0.0000000,0.0000000,0.0000000,0,0,0,0
756347886101375 D 2377,1759711339,1000,1553,1553,2.3822722,-0.00148,-1,-1,-1,0,0,0,136,1,1,0,0.0000000,0.0000000,0.0000000,0,0,0,0
756347887092791 D 2378,1759712339,1000,1553,1553,2.3822722,-0.00142,-1,-1,-1,0,0,0,136,1,1,0,0.0000000,0.0000000,0.0000000,0,0,0,0
756347888117583 D 2379,1759713339,1000,1553,1553,2.3822722,-0.00136,-1,-1,-1,0,0,0,136,1,1,0,0.0000000,0.0000000,0.0000000,0,0,0,0
756347889104583 D 2380,1759714339,1000,1553,1553,2.3822722,-0.00131,-1,-1,-1,0,0,0,136,1,1,0,0.0000000,0.0000000,0.0000000,0,0,0,0
756347890088708 D 2381,1759715339,1000,1553,1553,2.3822722,-0.00126,-1,-1,-1,0,0,0,136,1,1,0,0.0000000,0.0000000,0.0000000,0,0,0,0
756347891101291 D 2382,1759716339,1000,1553,1553,2.3822722,-0.00121,-1,-1,-1,0,0,0,136,1,1,0,0.0000000,0.0000000,0.0000000,0,0,0,0
756347892095500 D 2383,1759717339,1000,1553,1553,2.3822722,-0.00116,-1,-1,-1,0,0,0,136,1,1,0,0.0000000,0.0000000,0.0000000,0,0,0,0
756347893090916 D 2384,1759718339,1000,1553,1553,2.3822722,-0.00112,-1,-1,-1,0,0,0,136,1,1,0,0.0000000,0.0000000,0.0000000,0,0,0,0
756347894321875 D 2385,1759719339,1000,1553,1553,2.3822722,-0.00107,-1,-1,-1,0,0,0,136,1,1,0,0.0000000,0.0000000,0.0000000,0,0,0,0
756347895332708 D 2386,1759720339,1000,1553,1553,2.3822722,-0.00103,-1,-1,-1,0,0,0,136,1,1,0,0.0000000,0.0000000,0.0000000,0,0,0,0
756347896232500 D 2387,1759721339,1000,1553,1553,2.3822722,-0.00099,-1,-1,-1,0,0,0,136,1,1,0,0.0000000,0.0000000,0.0000000,0,0,0,0
756347897102375 D 2388,1759722339,1000,1553,1553,2.3822722,-0.00095,-1,-1,-1,0,0,0,136,1,1,0,0.0000000,0.0000000,0.0000000,0,0,0,0
756347898120375 D 2389,1759723339,1000,1553,1553,2.3822722,-0.00091,-1,-1,-1,0,0,0,136,1,1,0,0.0000000,0.0000000,0.0000000,0,0,0,0
756347899113458 D 2390,1759724339,1000,1553,1553,2.3822722,-0.00088,-1,-1,-1,0,0,0,136,1,1,0,0.0000000,0.0000000,0.0000000,0,0,0,0
756347900094375 D 2391,1759725339,1000,1553,1553,2.3822722,-0.00084,-1,-1,-1,0,0,0,136,1,1,0,0.0000000,0.0000000,0.0000000,0,0,0,0
756347901088875 D 2392,1759726339,1000,1553,1553,2.3822722,-0.00081,-1,-1,-1,0,0,0,136,1,1,0,0.0000000,0.0000000,0.0000000,0,0,0,0
756347902079708 D 2393,1759727339,1000,1554,1554,2.3838062,0.05937,-1,-1,-1,0,0,0,136,1,1,0,0.0000000,0.0000000,0.0000000,0,0,0,0
756347903089208 D 2394,1759728339,1000,1553,1553,2.3822722,-0.00311,-1,-1,-1,0,0,0,136,1,1,0,0.0000000,0.0000000,0.0000000,0,0,0,0
756347904111708 D 2395,1759729339,1000,1553,1553,2.3822722,-0.00299,-1,-1,-1,0,0,0,136,1,1,0,0.0000000,0.0000000,0.0000000,0,0,0,0
756347905096166 D 2396,1759730339,1000,1554,1554,2.3838062,0.05728,-1,-1,-1,0,0,0,136,1,1,0,0.0000000,0.0000000,0.0000000,0,0,0,0
756347906086541 D 2397,1759731339,1000,1553,1553,2.3822722,-0.00511,-1,-1,-1,0,0,0,136,1,1,0,0.0000000,0.0000000,0.0000000,0,0,0,0
756347907084083 D 2398,1759732339,1000,1553,1553,2.3822722,-0.00491,-1,-1,-1,0,0,0,136,1,1,0,0.0000000,0.0000000,0.0000000,0,0,0,0
756347908072041 D 2399,1759733339,1000,1553,1553,2.3822722,-0.00472,-1,-1,-1,0,0,0,136,1,1,0,0.0000000,0.0000000,0.0000000,0,0,0,0
756347909076166 D 2400,1759734339,1000,1553,1553,2.3822722,-0.00454,-1,-1,-1,0,0,0,136,1,1,0,0.0000000,0.0000000,0.0000000,0,0,0,0
756347910097291 D 2401,1759735339,1000,1553,1553,2.3822722,-0.00436,-1,-1,-1,0,0,0,136,1,1,0,0.0000000,0.0000000,0.0000000,0,0,0,0
756347911098333 D 2402,1759736339,1000,1553,1553,2.3822722,-0.00419,-1,-1,-1,0,0,0,136,1,1,0,0.0000000,0.0000000,0.0000000,0,0,0,0
756347912080666 D 2403,1759737339,1000,1554,1554,2.3838062,0.05613,-1,-1,-1,0,0,0,136,1,1,0,0.0000000,0.0000000,0.0000000,0,0,0,0
756347913086541 D 2404,1759738339,1000,1553,1553,2.3822722,-0.00622,-1,-1,-1,0,0,0,136,1,1,0,0.0000000,0.0000000,0.0000000,0,0,0,0
756347914106958 D 2405,1759739339,1000,1553,1553,2.3822722,-0.00598,-1,-1,-1,0,0,0,136,1,1,0,0.0000000,0.0000000,0.0000000,0,0,0,0
756347915088416 D 2406,1759740339,1000,1553,1553,2.3822722,-0.00575,-1,-1,-1,0,0,0,136,1,1,0,0.0000000,0.0000000,0.0000000,0,0,0,0
756347916087250 D 2407,1759741339,1000,1553,1553,2.3822722,-0.00552,-1,-1,-1,0,0,0,136,1,1,0,0.0000000,0.0000000,0.0000000,0,0,0,0
756347917090791 D 2408,1759742339,1000,1553,1553,2.3822722,-0.00530,-1,-1,-1,0,0,0,136,1,1,0,0.0000000,0.0000000,0.0000000,0,0,0,0
756347918079958 D 2409,1759743339,1000,1553,1553,2.3822722,-0.00510,-1,-1,-1,0,0,0,136,1,1,0,0.0000000,0.0000000,0.0000000,0,0,0,0
756347919074833 D 2410,1759744339,1000,1554,1554,2.3838062,0.05525,-1,-1,-1,0,0,0,136,1,1,0,0.0000000,0.0000000,0.0000000,0,0,0,0
756347920104041 D 2411,1759745339,1000,1553,1553,2.3822722,-0.00706,-1,-1,-1,0,0,0,136,1,1,0,0.0000000,0.0000000,0.0000000,0,0,0,0
756347921150291 D 2412,1759746339,1000,1553,1553,2.3822722,-0.00679,-1,-1,-1,0,0,0,136,1,1,0,0.0000000,0.0000000,0.0000000,0,0,0,0
756347922127000 D 2413,1759747339,1000,1553,1553,2.3822722,-0.00652,-1,-1,-1,0,0,0,136,1,1,0,0.0000000,0.0000000,0.0000000,0,0,0,0
756347923090083 D 2414,1759748339,1000,1553,1553,2.3822722,-0.00626,-1,-1,-1,0,0,0,136,1,1,0,0.0000000,0.0000000,0.0000000,0,0,0,0
756347924119125 D 2415,1759749339,1000,1553,1553,2.3822722,-0.00602,-1,-1,-1,0,0,0,136,1,1,0,0.0000000,0.0000000,0.0000000,0,0,0,0
756347925338416 D 2416,1759750339,1000,1553,1553,2.3822722,-0.00578,-1,-1,-1,0,0,0,136,1,1,0,0.0000000,0.0000000,0.0000000,0,0,0,0
756347926315875 D 2417,1759751339,1000,1553,1553,2.3822722,-0.00556,-1,-1,-1,0,0,0,136,1,1,0,0.0000000,0.0000000,0.0000000,0,0,0,0
756347927704708 D 2418,1759752339,1000,1553,1553,2.3822722,-0.00534,39,128,2047,0,0,0,136,1,1,0,0.0000000,0.0000000,0.0000000,0,0,0,0
756347928571041 D 2419,1759753339,1000,1553,1553,2.3822722,-0.00513,-1,-1,-1,0,0,0,136,1,1,0,0.0000000,0.0000000,0.0000000,0,0,0,0
756347929421958 D 2420,1759754339,1000,1554,1554,2.3838062,0.05522,-1,-1,-1,0,0,0,136,1,1,0,0.0000000,0.0000000,0.0000000,0,0,0,0
756347930077916 D 2421,1759755339,1000,1554,1554,2.3838062,0.05306,-1,-1,-1,0,0,0,136,1,1,0,0.0000000,0.0000000,0.0000000,0,0,0,0
756347931082458 D 2422,1759756339,1000,1553,1553,2.3822722,-0.00917,-1,-1,-1,0,0,0,136,1,1,0,0.0000000,0.0000000,0.0000000,0,0,0,0
756347932080291 D 2423,1759757339,1000,1553,1553,2.3822722,-0.00881,-1,-1,-1,0,0,0,136,1,1,0,0.0000000,0.0000000,0.0000000,0,0,0,0
756347933082791 D 2424,1759758339,1000,1553,1553,2.3822722,-0.00847,-1,-1,-1,0,0,0,136,1,1,0,0.0000000,0.0000000,0.0000000,0,0,0,0
756347934283166 D 2425,1759759339,1000,1553,1553,2.3822722,-0.00814,-1,-1,-1,0,0,0,136,1,1,0,0.0000000,0.0000000,0.0000000,0,0,0,0
756347935213166 D 2426,1759760339,1000,1553,1553,2.3822722,-0.00782,-1,-1,-1,0,0,0,136,1,1,0,0.0000000,0.0000000,0.0000000,0,0,0,0
756347936168791 D 2427,1759761339,1000,1554,1554,2.3838062,0.05264,-1,-1,-1,0,0,0,136,1,1,0,0.0000000,0.0000000,0.0000000,0,0,0,0
756347937125541 D 2428,1759762339,1000,1553,1553,2.3822722,-0.00957,-1,-1,-1,0,0,0,136,1,1,0,0.0000000,0.0000000,0.0000000,0,0,0,0
756347938116541 D 2429,1759763339,1000,1553,1553,2.3822722,-0.00920,-1,-1,-1,0,0,0,136,1,1,0,0.0000000,0.0000000,0.0000000,0,0,0,0
756347939125583 D 2430,1759764339,1000,1553,1553,2.3822722,-0.00884,-1,-1,-1,0,0,0,136,1,1,0,0.0000000,0.0000000,0.0000000,0,0,0,0
756347940094458 D 2431,1759765339,1000,1553,1553,2.3822722,-0.00849,-1,-1,-1,0,0,0,136,1,1,0,0.0000000,0.0000000,0.0000000,0,0,0,0
756347941130250 D 2432,1759766339,1000,1553,1553,2.3822722,-0.00816,-1,-1,-1,0,0,0,136,1,1,0,0.0000000,0.0000000,0.0000000,0,0,0,0
756347942176541 D 2433,1759767339,1000,1553,1553,2.3822722,-0.00784,-1,-1,-1,0,0,0,136,1,1,0,0.0000000,0.0000000,0.0000000,0,0,0,0
756347943181625 D 2434,1759768339,1000,1553,1553,2.3822722,-0.00753,-1,-1,-1,0,0,0,136,1,1,0,0.0000000,0.0000000,0.0000000,0,0,0,0
756347944152250 D 2435,1759769339,1000,1553,1553,2.3822722,-0.00724,-1,-1,-1,0,0,0,136,1,1,0,0.0000000,0.0000000,0.0000000,0,0,0,0
756347945139125 D 2436,1759770339,1000,1553,1553,2.3822722,-0.00695,-1,-1,-1,0,0,0,136,1,1,0,0.0000000,0.0000000,0.0000000,0,0,0,0
756347946207166 D 2437,1759771339,1000,1553,1553,2.3822722,-0.00668,-1,-1,-1,0,0,0,136,1,1,0,0.0000000,0.0000000,0.0000000,0,0,0,0
756347947177625 D 2438,1759772339,1000,1553,1553,2.3822722,-0.00642,-1,-1,-1,0,0,0,136,1,1,0,0.0000000,0.0000000,0.0000000,0,0,0,0
756347948135666 D 2439,1759773339,1000,1553,1553,2.3822722,-0.00617,-1,-1,-1,0,0,0,136,1,1,0,0.0000000,0.0000000,0.0000000,0,0,0,0
756347949111041 D 2440,1759774339,1000,1553,1553,2.3822722,-0.00592,-1,-1,-1,0,0,0,136,1,1,0,0.0000000,0.0000000,0.0000000,0,0,0,0
756347950141541 D 2441,1759775339,1000,1553,1553,2.3822722,-0.00569,-1,-1,-1,0,0,0,136,1,1,0,0.0000000,0.0000000,0.0000000,0,0,0,0
756347951136291 D 2442,1759776339,1000,1553,1553,2.3822722,-0.00547,-1,-1,-1,0,0,0,136,1,1,0,0.0000000,0.0000000,0.0000000,0,0,0,0
756347952108500 D 2443,1759777339,1000,1553,1553,2.3822722,-0.00525,-1,-1,-1,0,0,0,136,1,1,0,0.0000000,0.0000000,0.0000000,0,0,0,0
756347953084500 D 2444,1759778339,1000,1553,1553,2.3822722,-0.00505,-1,-1,-1,0,0,0,136,1,1,0,0.0000000,0.0000000,0.0000000,0,0,0,0
756347954086000 D 2445,1759779339,1000,1553,1553,2.3822722,-0.00485,-1,-1,-1,0,0,0,136,1,1,0,0.0000000,0.0000000,0.0000000,0,0,0,0
756347955082000 D 2446,1759780339,1000,1553,1553,2.3822722,-0.00466,-1,-1,-1,0,0,0,136,1,1,0,0.0000000,0.0000000,0.0000000,0,0,0,0
756347956086333 D 2447,1759781339,1000,1553,1553,2.3822722,-0.00448,-1,-1,-1,0,0,0,136,1,1,0,0.0000000,0.0000000,0.0000000,0,0,0,0
756347957079750 D 2448,1759782339,1000,1553,1553,2.3822722,-0.00430,-1,-1,-1,0,0,0,136,1,1,0,0.0000000,0.0000000,0.0000000,0,0,0,0
756347958080000 D 2449,1759783339,1000,1553,1553,2.3822722,-0.00413,-1,-1,-1,0,0,0,136,1,1,0,0.0000000,0.0000000,0.0000000,0,0,0,0
756347959079375 D 2450,1759784339,1000,1553,1553,2.3822722,-0.00397,-1,-1,-1,0,0,0,136,1,1,0,0.0000000,0.0000000,0.0000000,0,0,0,0
756347960092125 D 2451,1759785339,1000,1553,1553,2.3822722,-0.00382,-1,-1,-1,0,0,0,136,1,1,0,0.0000000,0.0000000,0.0000000,0,0,0,0
756347961096166 D 2452,1759786339,1000,1553,1553,2.3822722,-0.00367,-1,-1,-1,0,0,0,136,1,1,0,0.0000000,0.0000000,0.0000000,0,0,0,0
756347962077416 D 2453,1759787339,1000,1554,1554,2.3838062,0.05663,-1,-1,-1,0,0,0,136,1,1,0,0.0000000,0.0000000,0.0000000,0,0,0,0
756347963099666 D 2454,1759788339,1000,1554,1554,2.3838062,0.05441,-1,-1,-1,0,0,0,136,1,1,0,0.0000000,0.0000000,0.0000000,0,0,0,0
756347964144708 D 2455,1759789339,1000,1553,1553,2.3822722,-0.00788,-1,-1,-1,0,0,0,136,1,1,0,0.0000000,0.0000000,0.0000000,0,0,0,0
756347965216833 D 2456,1759790339,1000,1553,1553,2.3822722,-0.00757,-1,-1,-1,0,0,0,136,1,1,0,0.0000000,0.0000000,0.0000000,0,0,0,0
756347966202291 D 2457,1759791339,1000,1553,1553,2.3822722,-0.00727,-1,-1,-1,0,0,0,136,1,1,0,0.0000000,0.0000000,0.0000000,0,0,0,0
756347967193916 D 2458,1759792339,1000,1554,1554,2.3838062,0.05316,-1,-1,-1,0,0,0,136,1,1,0,0.0000000,0.0000000,0.0000000,0,0,0,0
756347968123583 D 2459,1759793339,1000,1553,1553,2.3822722,-0.00907,-1,-1,-1,0,0,0,136,1,1,0,0.0000000,0.0000000,0.0000000,0,0,0,0
756347969162958 D 2460,1759794339,1000,1553,1553,2.3822722,-0.00871,-1,-1,-1,0,0,0,136,1,1,0,0.0000000,0.0000000,0.0000000,0,0,0,0
756347970182166 D 2461,1759795339,1000,1554,1554,2.3838062,0.05178,-1,-1,-1,0,0,0,136,1,1,0,0.0000000,0.0000000,0.0000000,0,0,0,0
756347971197125 D 2462,1759796339,1000,1553,1553,2.3822722,-0.01040,-1,-1,-1,0,0,0,136,1,1,0,0.0000000,0.0000000,0.0000000,0,0,0,0
756347972416333 D 2463,1759797339,1000,1553,1553,2.3822722,-0.00999,-1,-1,-1,0,0,0,136,1,1,0,0.0000000,0.0000000,0.0000000,0,0,0,0
756347973232000 D 2464,1759798339,1000,1553,1553,2.3822722,-0.00960,-1,-1,-1,0,0,0,136,1,1,0,0.0000000,0.0000000,0.0000000,0,0,0,0
756347974154583 D 2465,1759799339,1000,1553,1553,2.3822722,-0.00923,-1,-1,-1,0,0,0,136,1,1,0,0.0000000,0.0000000,0.0000000,0,0,0,0
756347975105166 D 2466,1759800339,1000,1554,1554,2.3838062,0.05128,-1,-1,-1,0,0,0,136,1,1,0,0.0000000,0.0000000,0.0000000,0,0,0,0
756347976088958 D 2467,1759801339,1000,1553,1553,2.3822722,-0.01088,-1,-1,-1,0,0,0,136,1,1,0,0.0000000,0.0000000,0.0000000,0,0,0,0
756347977459083 D 2468,1759802339,1000,1554,1554,2.3838062,0.04970,39,128,2045,0,0,0,136,1,1,0,0.0000000,0.0000000,0.0000000,0,0,0,0
756347978083000 D 2469,1759803339,1000,1553,1553,2.3822722,-0.01240,-1,-1,-1,0,0,0,136,1,1,0,0.0000000,0.0000000,0.0000000,0,0,0,0
756347979077416 D 2470,1759804339,1000,1554,1554,2.3838062,0.04824,-1,-1,-1,0,0,0,136,1,1,0,0.0000000,0.0000000,0.0000000,0,0,0,0
756347980078375 D 2471,1759805339,1000,1553,1553,2.3822722,-0.01380,-1,-1,-1,0,0,0,136,1,1,0,0.0000000,0.0000000,0.0000000,0,0,0,0
756347981067083 D 2472,1759806339,1000,1553,1553,2.3822722,-0.01326,-1,-1,-1,0,0,0,136,1,1,0,0.0000000,0.0000000,0.0000000,0,0,0,0
756347982093041 D 2473,1759807339,1000,1553,1553,2.3822722,-0.01274,-1,-1,-1,0,0,0,136,1,1,0,0.0000000,0.0000000,0.0000000,0,0,0,0
756347983124833 D 2474,1759808339,1000,1553,1553,2.3822722,-0.01224,-1,-1,-1,0,0,0,136,1,1,0,0.0000000,0.0000000,0.0000000,0,0,0,0
756347984104666 D 2475,1759809339,1000,1553,1553,2.3822722,-0.01176,-1,-1,-1,0,0,0,136,1,1,0,0.0000000,0.0000000,0.0000000,0,0,0,0
756347985084083 D 2476,1759810339,1000,1553,1553,2.3822722,-0.01130,-1,-1,-1,0,0,0,136,1,1,0,0.0000000,0.0000000,0.0000000,0,0,0,0
756347986083041 D 2477,1759811339,1000,1553,1553,2.3822722,-0.01086,-1,-1,-1,0,0,0,136,1,1,0,0.0000000,0.0000000,0.0000000,0,0,0,0
756347987070791 D 2478,1759812339,1000,1554,1554,2.3838062,0.04972,-1,-1,-1,0,0,0,136,1,1,0,0.0000000,0.0000000,0.0000000,0,0,0,0
756347988073166 D 2479,1759813339,1000,1553,1553,2.3822722,-0.01238,-1,-1,-1,0,0,0,136,1,1,0,0.0000000,0.0000000,0.0000000,0,0,0,0
756347989077250 D 2480,1759814339,1000,1553,1553,2.3822722,-0.01190,-1,-1,-1,0,0,0,136,1,1,0,0.0000000,0.0000000,0.0000000,0,0,0,0
756347990093125 D 2481,1759815339,1000,1553,1553,2.3822722,-0.01143,-1,-1,-1,0,0,0,136,1,1,0,0.0000000,0.0000000,0.0000000,0,0,0,0
756347991090916 D 2482,1759816339,1000,1554,1554,2.3838062,0.04917,-1,-1,-1,0,0,0,136,1,1,0,0.0000000,0.0000000,0.0000000,0,0,0,0
756347992092875 D 2483,1759817339,1000,1553,1553,2.3822722,-0.01291,-1,-1,-1,0,0,0,136,1,1,0,0.0000000,0.0000000,0.0000000,0,0,0,0
756347993081541 D 2484,1759818339,1000,1553,1553,2.3822722,-0.01240,-1,-1,-1,0,0,0,136,1,1,0,0.0000000,0.0000000,0.0000000,0,0,0,0
756347994091041 D 2485,1759819339,1000,1553,1553,2.3822722,-0.01192,-1,-1,-1,0,0,0,136,1,1,0,0.0000000,0.0000000,0.0000000,0,0,0,0
756347995095416 D 2486,1759820339,1000,1553,1553,2.3822722,-0.01145,-1,-1,-1,0,0,0,136,1,1,0,0.0000000,0.0000000,0.0000000,0,0,0,0
756347996095125 D 2487,1759821339,1000,1553,1553,2.3822722,-0.01100,-1,-1,-1,0,0,0,136,1,1,0,0.0000000,0.0000000,0.0000000,0,0,0,0
756347997089708 D 2488,1759822339,1000,1553,1553,2.3822722,-0.01057,-1,-1,-1,0,0,0,136,1,1,0,0.0000000,0.0000000,0.0000000,0,0,0,0
756347998100875 D 2489,1759823339,1000,1553,1553,2.3822722,-0.01015,-1,-1,-1,0,0,0,136,1,1,0,0.0000000,0.0000000,0.0000000,0,0,0,0
756347999082916 D 2490,1759824339,1000,1553,1553,2.3822722,-0.00976,-1,-1,-1,0,0,0,136,1,1,0,0.0000000,0.0000000,0.0000000,0,0,0,0
756348000080583 D 2491,1759825339,1000,1554,1554,2.3838062,0.05077,-1,-1,-1,0,0,0,136,1,1,0,0.0000000,0.0000000,0.0000000,0,0,0,0
756348001080625 D 2492,1759826339,1000,1554,1554,2.3838062,0.04878,-1,-1,-1,0,0,0,136,1,1,0,0.0000000,0.0000000,0.0000000,0,0,0,0
756348002091083 D 2493,1759827339,1000,1553,1553,2.3822722,-0.01328,-1,-1,-1,0,0,0,136,1,1,0,0.0000000,0.0000000,0.0000000,0,0,0,0
756348003131875 D 2494,1759828339,1000,1553,1553,2.3822722,-0.01276,-1,-1,-1,0,0,0,136,1,1,0,0.0000000,0.0000000,0.0000000,0,0,0,0
756348004087541 D 2495,1759829339,1000,1553,1553,2.3822722,-0.01226,-1,-1,-1,0,0,0,136,1,1,0,0.0000000,0.0000000,0.0000000,0,0,0,0
756348005080708 D 2496,1759830339,1000,1553,1553,2.3822722,-0.01178,-1,-1,-1,0,0,0,136,1,1,0,0.0000000,0.0000000,0.0000000,0,0,0,0
756348006334083 D 2497,1759831339,1000,1553,1553,2.3822722,-0.01131,-1,-1,-1,0,0,0,136,1,1,0,0.0000000,0.0000000,0.0000000,0,0,0,0
756348007300500 D 2498,1759832339,1000,1553,1553,2.3822722,-0.01087,-1,-1,-1,0,0,0,136,1,1,0,0.0000000,0.0000000,0.0000000,0,0,0,0
756348008290375 D 2499,1759833339,1000,1553,1553,2.3822722,-0.01044,-1,-1,-1,0,0,0,136,1,1,0,0.0000000,0.0000000,0.0000000,0,0,0,0
756348009130083 D 2500,1759834339,1000,1553,1553,2.3822722,-0.01004,-1,-1,-1,0,0,0,136,1,1,0,0.0000000,0.0000000,0.0000000,0,0,0,0
756348010096958 D 2501,1759835339,1000,1553,1553,2.3822722,-0.00964,-1,-1,-1,0,0,0,136,1,1,0,0.0000000,0.0000000,0.0000000,0,0,0,0
756348011090750 D 2502,1759836339,1000,1554,1554,2.3838062,0.05088,-1,-1,-1,0,0,0,136,1,1,0,0.0000000,0.0000000,0.0000000,0,0,0,0
756348012149625 D 2503,1759837339,1000,1553,1553,2.3822722,-0.01126,-1,-1,-1,0,0,0,136,1,1,0,0.0000000,0.0000000,0.0000000,0,0,0,0
756348013472833 D 2504,1759838339,1000,1553,1553,2.3822722,-0.01082,-1,-1,-1,0,0,0,136,1,1,0,0.0000000,0.0000000,0.0000000,0,0,0,0
756348014176000 D 2505,1759839339,1000,1553,1553,2.3822722,-0.01039,-1,-1,-1,0,0,0,136,1,1,0,0.0000000,0.0000000,0.0000000,0,0,0,0
756348015155625 D 2506,1759840339,1000,1553,1553,2.3822722,-0.00999,-1,-1,-1,0,0,0,135,1,1,0,0.0000000,0.0000000,0.0000000,0,0,0,0
756348016109916 D 2507,1759841339,1000,1553,1553,2.3822722,-0.00959,-1,-1,-1,0,0,0,136,1,1,0,0.0000000,0.0000000,0.0000000,0,0,0,0
756348017101875 D 2508,1759842339,1000,1553,1553,2.3822722,-0.00922,-1,-1,-1,0,0,0,136,1,1,0,0.0000000,0.0000000,0.0000000,0,0,0,0
756348018114583 D 2509,1759843339,1000,1553,1553,2.3822722,-0.00886,-1,-1,-1,0,0,0,136,1,1,0,0.0000000,0.0000000,0.0000000,0,0,0,0
756348019070000 D 2510,1759844339,1000,1553,1553,2.3822722,-0.00851,-1,-1,-1,0,0,0,136,1,1,0,0.0000000,0.0000000,0.0000000,0,0,0,0
756348020103291 D 2511,1759845339,1000,1553,1553,2.3822722,-0.00818,-1,-1,-1,0,0,0,136,1,1,0,0.0000000,0.0000000,0.0000000,0,0,0,0
756348021079666 D 2512,1759846339,1000,1553,1553,2.3822722,-0.00785,-1,-1,-1,0,0,0,136,1,1,0,0.0000000,0.0000000,0.0000000,0,0,0,0
756348022084833 D 2513,1759847339,1000,1553,1553,2.3822722,-0.00755,-1,-1,-1,0,0,0,136,1,1,0,0.0000000,0.0000000,0.0000000,0,0,0,0
756348023075458 D 2514,1759848339,1000,1553,1553,2.3822722,-0.00725,-1,-1,-1,0,0,0,136,1,1,0,0.0000000,0.0000000,0.0000000,0,0,0,0
756348024077875 D 2515,1759849339,1000,1553,1553,2.3822722,-0.00697,-1,-1,-1,0,0,0,136,1,1,0,0.0000000,0.0000000,0.0000000,0,0,0,0
756348025451333 D 2516,1759850339,1000,1553,1553,2.3822722,-0.00669,-1,-1,-1,0,0,0,136,1,1,0,0.0000000,0.0000000,0.0000000,0,0,0,0
756348026158333 D 2517,1759851339,1000,1553,1553,2.3822722,-0.00643,-1,-1,-1,0,0,0,136,1,1,0,0.0000000,0.0000000,0.0000000,0,0,0,0
756348027494416 D 2518,1759852339,1000,1553,1553,2.3822722,-0.00618,39,128,2047,0,0,0,136,1,1,0,0.0000000,0.0000000,0.0000000,0,0,0,0
756348028128000 D 2519,1759853339,1000,1553,1553,2.3822722,-0.00594,-1,-1,-1,0,0,0,136,1,1,0,0.0000000,0.0000000,0.0000000,0,0,0,0
756348029097000 D 2520,1759854339,1000,1553,1553,2.3822722,-0.00570,-1,-1,-1,0,0,0,136,1,1,0,0.0000000,0.0000000,0.0000000,0,0,0,0
756348030085666 D 2521,1759855339,1000,1553,1553,2.3822722,-0.00548,-1,-1,-1,0,0,0,136,1,1,0,0.0000000,0.0000000,0.0000000,0,0,0,0
756348031075541 D 2522,1759856339,1000,1553,1553,2.3822722,-0.00527,-1,-1,-1,0,0,0,136,1,1,0,0.0000000,0.0000000,0.0000000,0,0,0,0
756348032079166 D 2523,1759857339,1000,1553,1553,2.3822722,-0.00506,-1,-1,-1,0,0,0,136,1,1,0,0.0000000,0.0000000,0.0000000,0,0,0,0
756348033076833 D 2524,1759858339,1000,1553,1553,2.3822722,-0.00486,-1,-1,-1,0,0,0,136,1,1,0,0.0000000,0.0000000,0.0000000,0,0,0,0
756348034073250 D 2525,1759859339,1000,1553,1553,2.3822722,-0.00467,-1,-1,-1,0,0,0,136,1,1,0,0.0000000,0.0000000,0.0000000,0,0,0,0
756348035063541 D 2526,1759860339,1000,1554,1554,2.3838062,0.05566,-1,-1,-1,0,0,0,136,1,1,0,0.0000000,0.0000000,0.0000000,0,0,0,0
756348036153291 D 2527,1759861339,1000,1553,1553,2.3822722,-0.00667,-1,-1,-1,0,0,0,136,1,1,0,0.0000000,0.0000000,0.0000000,0,0,0,0
756348037098875 D 2528,1759862339,1000,1554,1554,2.3838062,0.05374,-1,-1,-1,0,0,0,136,1,1,0,0.0000000,0.0000000,0.0000000,0,0,0,0
756348038084791 D 2529,1759863339,1000,1553,1553,2.3822722,-0.00852,-1,-1,-1,0,0,0,136,1,1,0,0.0000000,0.0000000,0.0000000,0,0,0,0
756348039081166 D 2530,1759864339,1000,1553,1553,2.3822722,-0.00818,-1,-1,-1,0,0,0,136,1,1,0,0.0000000,0.0000000,0.0000000,0,0,0,0
756348040088125 D 2531,1759865339,1000,1553,1553,2.3822722,-0.00786,-1,-1,-1,0,0,0,136,1,1,0,0.0000000,0.0000000,0.0000000,0,0,0,0
756348041082750 D 2532,1759866339,1000,1553,1553,2.3822722,-0.00755,-1,-1,-1,0,0,0,136,1,1,0,0.0000000,0.0000000,0.0000000,0,0,0,0
756348042076708 D 2533,1759867339,1000,1554,1554,2.3838062,0.05289,-1,-1,-1,0,0,0,136,1,1,0,0.0000000,0.0000000,0.0000000,0,0,0,0
756348043086458 D 2534,1759868339,1000,1553,1553,2.3822722,-0.00933,-1,-1,-1,0,0,0,136,1,1,0,0.0000000,0.0000000,0.0000000,0,0,0,0
756348044351333 D 2535,1759869339,1000,1553,1553,2.3822722,-0.00896,-1,-1,-1,0,0,0,136,1,1,0,0.0000000,0.0000000,0.0000000,0,0,0,0
756348045358625 D 2536,1759870339,1000,1553,1553,2.3822722,-0.00861,-1,-1,-1,0,0,0,136,1,1,0,0.0000000,0.0000000,0.0000000,0,0,0,0
756348046283291 D 2537,1759871339,1000,1553,1553,2.3822722,-0.00827,-1,-1,-1,0,0,0,136,1,1,0,0.0000000,0.0000000,0.0000000,0,0,0,0
756348047125791 D 2538,1759872339,1000,1553,1553,2.3822722,-0.00795,-1,-1,-1,0,0,0,136,1,1,0,0.0000000,0.0000000,0.0000000,0,0,0,0
756348048118416 D 2539,1759873339,1000,1553,1553,2.3822722,-0.00764,-1,-1,-1,0,0,0,136,1,1,0,0.0000000,0.0000000,0.0000000,0,0,0,0
756348049096250 D 2540,1759874339,1000,1553,1553,2.3822722,-0.00734,-1,-1,-1,0,0,0,136,1,1,0,0.0000000,0.0000000,0.0000000,0,0,0,0
756348050083500 D 2541,1759875339,1000,1553,1553,2.3822722,-0.00705,-1,-1,-1,0,0,0,136,1,1,0,0.0000000,0.0000000,0.0000000,0,0,0,0
756348051085875 D 2542,1759876339,1000,1553,1553,2.3822722,-0.00677,-1,-1,-1,0,0,0,136,1,1,0,0.0000000,0.0000000,0.0000000,0,0,0,0
756348052081333 D 2543,1759877339,1000,1553,1553,2.3822722,-0.00651,-1,-1,-1,0,0,0,136,1,1,0,0.0000000,0.0000000,0.0000000,0,0,0,0
756348053076291 D 2544,1759878339,1000,1553,1553,2.3822722,-0.00625,-1,-1,-1,0,0,0,136,1,1,0,0.0000000,0.0000000,0.0000000,0,0,0,0
756348054084541 D 2545,1759879339,1000,1553,1553,2.3822722,-0.00601,-1,-1,-1,0,0,0,136,1,1,0,0.0000000,0.0000000,0.0000000,0,0,0,0
756348055080791 D 2546,1759880339,1000,1553,1553,2.3822722,-0.00577,-1,-1,-1,0,0,0,136,1,1,0,0.0000000,0.0000000,0.0000000,0,0,0,0
756348056079541 D 2547,1759881339,1000,1553,1553,2.3822722,-0.00555,-1,-1,-1,0,0,0,136,1,1,0,0.0000000,0.0000000,0.0000000,0,0,0,0
756348057081416 D 2548,1759882339,1000,1553,1553,2.3822722,-0.00533,-1,-1,-1,0,0,0,135,1,1,0,0.0000000,0.0000000,0.0000000,0,0,0,0
756348058077833 D 2549,1759883339,1000,1553,1553,2.3822722,-0.00512,-1,-1,-1,0,0,0,136,1,1,0,0.0000000,0.0000000,0.0000000,0,0,0,0
756348059075458 D 2550,1759884339,1000,1553,1553,2.3822722,-0.00492,-1,-1,-1,0,0,0,136,1,1,0,0.0000000,0.0000000,0.0000000,0,0,0,0
756348060078625 D 2551,1759885339,1000,1553,1553,2.3822722,-0.00473,-1,-1,-1,0,0,0,136,1,1,0,0.0000000,0.0000000,0.0000000,0,0,0,0
756348061106500 D 2552,1759886339,1000,1553,1553,2.3822722,-0.00454,-1,-1,-1,0,0,0,136,1,1,0,0.0000000,0.0000000,0.0000000,0,0,0,0
756348062108791 D 2553,1759887339,1000,1553,1553,2.3822722,-0.00436,-1,-1,-1,0,0,0,136,1,1,0,0.0000000,0.0000000,0.0000000,0,0,0,0
756348063092916 D 2554,1759888339,1000,1553,1553,2.3822722,-0.00419,-1,-1,-1,0,0,0,136,1,1,0,0.0000000,0.0000000,0.0000000,0,0,0,0
756348064092583 D 2555,1759889339,1000,1553,1553,2.3822722,-0.00403,-1,-1,-1,0,0,0,136,1,1,0,0.0000000,0.0000000,0.0000000,0,0,0,0
756348065131791 D 2556,1759890339,1000,1553,1553,2.3822722,-0.00387,-1,-1,-1,0,0,0,136,1,1,0,0.0000000,0.0000000,0.0000000,0,0,0,0
756348066175958 D 2557,1759891339,1000,1553,1553,2.3822722,-0.00372,-1,-1,-1,0,0,0,136,1,1,0,0.0000000,0.0000000,0.0000000,0,0,0,0
756348067123708 D 2558,1759892339,1000,1553,1553,2.3822722,-0.00357,-1,-1,-1,0,0,0,136,1,1,0,0.0000000,0.0000000,0.0000000,0,0,0,0
756348068136000 D 2559,1759893339,1000,1553,1553,2.3822722,-0.00343,-1,-1,-1,0,0,0,136,1,1,0,0.0000000,0.0000000,0.0000000,0,0,0,0
756348069092416 D 2560,1759894339,1000,1553,1553,2.3822722,-0.00330,-1,-1,-1,0,0,0,136,1,1,0,0.0000000,0.0000000,0.0000000,0,0,0,0
756348070100916 D 2561,1759895339,1000,1553,1553,2.3822722,-0.00317,-1,-1,-1,0,0,0,136,1,1,0,0.0000000,0.0000000,0.0000000,0,0,0,0
756348071347708 D 2562,1759896339,1000,1553,1553,2.3822722,-0.00304,-1,-1,-1,0,0,0,136,1,1,0,0.0000000,0.0000000,0.0000000,0,0,0,0
756348072327666 D 2563,1759897339,1000,1553,1553,2.3822722,-0.00292,-1,-1,-1,0,0,0,136,1,1,0,0.0000000,0.0000000,0.0000000,0,0,0,0
756348073311166 D 2564,1759898339,1000,1553,1553,2.3822722,-0.00281,-1,-1,-1,0,0,0,136,1,1,0,0.0000000,0.0000000,0.0000000,0,0,0,0
756348074195458 D 2565,1759899339,1000,1553,1553,2.3822722,-0.00270,-1,-1,-1,0,0,0,136,1,1,0,0.0000000,0.0000000,0.0000000,0,0,0,0
756348075096458 D 2566,1759900339,1000,1553,1553,2.3822722,-0.00259,-1,-1,-1,0,0,0,136,1,1,0,0.0000000,0.0000000,0.0000000,0,0,0,0
756348076148958 D 2567,1759901339,1000,1553,1553,2.3822722,-0.00249,-1,-1,-1,0,0,0,136,1,1,0,0.0000000,0.0000000,0.0000000,0,0,0,0
756348077533875 D 2568,1759902339,1000,1553,1553,2.3822722,-0.00239,39,128,2048,0,0,0,136,1,1,0,0.0000000,0.0000000,0.0000000,0,0,0,0
756348078176833 D 2569,1759903339,1000,1553,1553,2.3822722,-0.00230,-1,-1,-1,0,0,0,136,1,1,0,0.0000000,0.0000000,0.0000000,0,0,0,0
756348079096208 D 2570,1759904339,1000,1553,1553,2.3822722,-0.00221,-1,-1,-1,0,0,0,136,1,1,0,0.0000000,0.0000000,0.0000000,0,0,0,0
756348080091458 D 2571,1759905339,1000,1553,1553,2.3822722,-0.00212,-1,-1,-1,0,0,0,136,1,1,0,0.0000000,0.0000000,0.0000000,0,0,0,0
756348081097125 D 2572,1759906339,1000,1553,1553,2.3822722,-0.00204,-1,-1,-1,0,0,0,136,1,1,0,0.0000000,0.0000000,0.0000000,0,0,0,0
756348082092625 D 2573,1759907339,1000,1553,1553,2.3822722,-0.00196,-1,-1,-1,0,0,0,136,1,1,0,0.0000000,0.0000000,0.0000000,0,0,0,0
756348083088375 D 2574,1759908339,1000,1553,1553,2.3822722,-0.00188,-1,-1,-1,0,0,0,136,1,1,0,0.0000000,0.0000000,0.0000000,0,0,0,0
756348084101500 D 2575,1759909339,1000,1553,1553,2.3822722,-0.00181,-1,-1,-1,0,0,0,136,1,1,0,0.0000000,0.0000000,0.0000000,0,0,0,0
756348085082750 D 2576,1759910339,1000,1553,1553,2.3822722,-0.00174,-1,-1,-1,0,0,0,136,1,1,0,0.0000000,0.0000000,0.0000000,0,0,0,0
756348086101333 D 2577,1759911339,1000,1553,1553,2.3822722,-0.00167,-1,-1,-1,0,0,0,136,1,1,0,0.0000000,0.0000000,0.0000000,0,0,0,0
756348087210750 D 2578,1759912339,1000,1554,1554,2.3838062,0.05854,-1,-1,-1,0,0,0,136,1,1,0,0.0000000,0.0000000,0.0000000,0,0,0,0
756348088212375 D 2579,1759913339,1000,1553,1553,2.3822722,-0.00390,-1,-1,-1,0,0,0,136,1,1,0,0.0000000,0.0000000,0.0000000,0,0,0,0
756348089161000 D 2580,1759914339,1000,1553,1553,2.3822722,-0.00375,-1,-1,-1,0,0,0,136,1,1,0,0.0000000,0.0000000,0.0000000,0,0,0,0
756348090103958 D 2581,1759915339,1000,1554,1554,2.3838062,0.05655,-1,-1,-1,0,0,0,136,1,1,0,0.0000000,0.0000000,0.0000000,0,0,0,0
756348091099416 D 2582,1759916339,1000,1553,1553,2.3822722,-0.00582,-1,-1,-1,0,0,0,136,1,1,0,0.0000000,0.0000000,0.0000000,0,0,0,0
756348092094416 D 2583,1759917339,1000,1553,1553,2.3822722,-0.00559,-1,-1,-1,0,0,0,136,1,1,0,0.0000000,0.0000000,0.0000000,0,0,0,0
756348093079083 D 2584,1759918339,1000,1554,1554,2.3838062,0.05478,-1,-1,-1,0,0,0,136,1,1,0,0.0000000,0.0000000,0.0000000,0,0,0,0
756348094058416 D 2585,1759919339,1000,1553,1553,2.3822722,-0.00752,-1,-1,-1,0,0,0,136,1,1,0,0.0000000,0.0000000,0.0000000,0,0,0,0
756348095082041 D 2586,1759920339,1000,1553,1553,2.3822722,-0.00722,-1,-1,-1,0,0,0,136,1,1,0,0.0000000,0.0000000,0.0000000,0,0,0,0
756348096073166 D 2587,1759921339,1000,1553,1553,2.3822722,-0.00694,-1,-1,-1,0,0,0,136,1,1,0,0.0000000,0.0000000,0.0000000,0,0,0,0
756348097075625 D 2588,1759922339,1000,1553,1553,2.3822722,-0.00667,-1,-1,-1,0,0,0,136,1,1,0,0.0000000,0.0000000,0.0000000,0,0,0,0
756348098061291 D 2589,1759923339,1000,1553,1553,2.3822722,-0.00641,-1,-1,-1,0,0,0,136,1,1,0,0.0000000,0.0000000,0.0000000,0,0,0,0
756348099073500 D 2590,1759924339,1000,1553,1553,2.3822722,-0.00616,-1,-1,-1,0,0,0,136,1,1,0,0.0000000,0.0000000,0.0000000,0,0,0,0
756348100064541 D 2591,1759925339,1000,1553,1553,2.3822722,-0.00591,-1,-1,-1,0,0,0,136,1,1,0,0.0000000,0.0000000,0.0000000,0,0,0,0
756348101065500 D 2592,1759926339,1000,1553,1553,2.3822722,-0.00568,-1,-1,-1,0,0,0,136,1,1,0,0.0000000,0.0000000,0.0000000,0,0,0,0
756348102084666 D 2593,1759927339,1000,1553,1553,2.3822722,-0.00546,-1,-1,-1,0,0,0,136,1,1,0,0.0000000,0.0000000,0.0000000,0,0,0,0
756348103094583 D 2594,1759928339,1000,1553,1553,2.3822722,-0.00525,-1,-1,-1,0,0,0,136,1,1,0,0.0000000,0.0000000,0.0000000,0,0,0,0
756348104073500 D 2595,1759929339,1000,1553,1553,2.3822722,-0.00504,-1,-1,-1,0,0,0,136,1,1,0,0.0000000,0.0000000,0.0000000,0,0,0,0
756348105095833 D 2596,1759930339,1000,1553,1553,2.3822722,-0.00484,-1,-1,-1,0,0,0,136,1,1,0,0.0000000,0.0000000,0.0000000,0,0,0,0
756348106124041 D 2597,1759931339,1000,1554,1554,2.3838062,0.05550,-1,-1,-1,0,0,0,136,1,1,0,0.0000000,0.0000000,0.0000000,0,0,0,0
756348107340583 D 2598,1759932339,1000,1554,1554,2.3838062,0.05332,-1,-1,-1,0,0,0,136,1,1,0,0.0000000,0.0000000,0.0000000,0,0,0,0
756348108350000 D 2599,1759933339,1000,1553,1553,2.3822722,-0.00892,-1,-1,-1,0,0,0,136,1,1,0,0.0000000,0.0000000,0.0000000,0,0,0,0
756348109335333 D 2600,1759934339,1000,1553,1553,2.3822722,-0.00857,-1,-1,-1,0,0,0,136,1,1,0,0.0000000,0.0000000,0.0000000,0,0,0,0
756348110068333 D 2601,1759935339,1000,1554,1554,2.3838062,0.05191,-1,-1,-1,0,0,0,136,1,1,0,0.0000000,0.0000000,0.0000000,0,0,0,0
756348111084166 D 2602,1759936339,1000,1553,1553,2.3822722,-0.01027,-1,-1,-1,0,0,0,136,1,1,0,0.0000000,0.0000000,0.0000000,0,0,0,0
756348112075541 D 2603,1759937339,1000,1553,1553,2.3822722,-0.00987,-1,-1,-1,0,0,0,136,1,1,0,0.0000000,0.0000000,0.0000000,0,0,0,0
756348113078416 D 2604,1759938339,1000,1554,1554,2.3838062,0.05067,-1,-1,-1,0,0,0,136,1,1,0,0.0000000,0.0000000,0.0000000,0,0,0,0
756348114098958 D 2605,1759939339,1000,1553,1553,2.3822722,-0.01147,-1,-1,-1,0,0,0,136,1,1,0,0.0000000,0.0000000,0.0000000,0,0,0,0
756348115082416 D 2606,1759940339,1000,1553,1553,2.3822722,-0.01102,-1,-1,-1,0,0,0,136,1,1,0,0.0000000,0.0000000,0.0000000,0,0,0,0
756348116071875 D 2607,1759941339,1000,1553,1553,2.3822722,-0.01058,-1,-1,-1,0,0,0,136,1,1,0,0.0000000,0.0000000,0.0000000,0,0,0,0
756348117069625 D 2608,1759942339,1000,1553,1553,2.3822722,-0.01017,-1,-1,-1,0,0,0,136,1,1,0,0.0000000,0.0000000,0.0000000,0,0,0,0
756348118073000 D 2609,1759943339,1000,1553,1553,2.3822722,-0.00977,-1,-1,-1,0,0,0,136,1,1,0,0.0000000,0.0000000,0.0000000,0,0,0,0
756348119073458 D 2610,1759944339,1000,1553,1553,2.3822722,-0.00939,-1,-1,-1,0,0,0,136,1,1,0,0.0000000,0.0000000,0.0000000,0,0,0,0
756348120065416 D 2611,1759945339,1000,1553,1553,2.3822722,-0.00902,-1,-1,-1,0,0,0,136,1,1,0,0.0000000,0.0000000,0.0000000,0,0,0,0
756348121069333 D 2612,1759946339,1000,1554,1554,2.3838062,0.05148,-1,-1,-1,0,0,0,136,1,1,0,0.0000000,0.0000000,0.0000000,0,0,0,0
756348122079833 D 2613,1759947339,1000,1553,1553,2.3822722,-0.01068,-1,-1,-1,0,0,0,136,1,1,0,0.0000000,0.0000000,0.0000000,0,0,0,0
756348123112916 D 2614,1759948339,1000,1553,1553,2.3822722,-0.01027,-1,-1,-1,0,0,0,136,1,1,0,0.0000000,0.0000000,0.0000000,0,0,0,0
756348124102750 D 2615,1759949339,1000,1553,1553,2.3822722,-0.00986,-1,-1,-1,0,0,0,136,1,1,0,0.0000000,0.0000000,0.0000000,0,0,0,0
756348125082708 D 2616,1759950339,1000,1554,1554,2.3838062,0.05067,-1,-1,-1,0,0,0,136,1,1,0,0.0000000,0.0000000,0.0000000,0,0,0,0
756348126082208 D 2617,1759951339,1000,1553,1553,2.3822722,-0.01146,-1,-1,-1,0,0,0,136,1,1,0,0.0000000,0.0000000,0.0000000,0,0,0,0
756348127533750 D 2618,1759952339,1000,1553,1553,2.3822722,-0.01101,39,128,2045,0,0,0,136,1,1,0,0.0000000,0.0000000,0.0000000,0,0,0,0
756348128159416 D 2619,1759953339,1000,1554,1554,2.3838062,0.04957,-1,-1,-1,0,0,0,136,1,1,0,0.0000000,0.0000000,0.0000000,0,0,0,0
756348129074125 D 2620,1759954339,1000,1553,1553,2.3822722,-0.01253,-1,-1,-1,0,0,0,136,1,1,0,0.0000000,0.0000000,0.0000000,0,0,0,0
756348130070083 D 2621,1759955339,1000,1553,1553,2.3822722,-0.01203,-1,-1,-1,0,0,0,136,1,1,0,0.0000000,0.0000000,0.0000000,0,0,0,0
756348131076041 D 2622,1759956339,1000,1553,1553,2.3822722,-0.01156,-1,-1,-1,0,0,0,136,1,1,0,0.0000000,0.0000000,0.0000000,0,0,0,0
756348132072375 D 2623,1759957339,1000,1553,1553,2.3822722,-0.01111,-1,-1,-1,0,0,0,136,1,1,0,0.0000000,0.0000000,0.0000000,0,0,0,0
756348133076000 D 2624,1759958339,1000,1553,1553,2.3822722,-0.01067,-1,-1,-1,0,0,0,136,1,1,0,0.0000000,0.0000000,0.0000000,0,0,0,0
756348134083583 D 2625,1759959339,1000,1553,1553,2.3822722,-0.01025,-1,-1,-1,0,0,0,136,1,1,0,0.0000000,0.0000000,0.0000000,0,0,0,0
756348135068166 D 2626,1759960339,1000,1553,1553,2.3822722,-0.00985,-1,-1,-1,0,0,0,136,1,1,0,0.0000000,0.0000000,0.0000000,0,0,0,0
756348136083916 D 2627,1759961339,1000,1553,1553,2.3822722,-0.00947,-1,-1,-1,0,0,0,136,1,1,0,0.0000000,0.0000000,0.0000000,0,0,0,0
756348137073958 D 2628,1759962339,1000,1553,1553,2.3822722,-0.00910,-1,-1,-1,0,0,0,136,1,1,0,0.0000000,0.0000000,0.0000000,0,0,0,0
756348138086166 D 2629,1759963339,1000,1553,1553,2.3822722,-0.00874,-1,-1,-1,0,0,0,136,1,1,0,0.0000000,0.0000000,0.0000000,0,0,0,0
756348139098416 D 2630,1759964339,1000,1553,1553,2.3822722,-0.00840,-1,-1,-1,0,0,0,136,1,1,0,0.0000000,0.0000000,0.0000000,0,0,0,0
756348140083833 D 2631,1759965339,1000,1553,1553,2.3822722,-0.00807,-1,-1,-1,0,0,0,136,1,1,0,0.0000000,0.0000000,0.0000000,0,0,0,0
756348141304250 D 2632,1759966339,1000,1554,1554,2.3838062,0.05240,-1,-1,-1,0,0,0,136,1,1,0,0.0000000,0.0000000,0.0000000,0,0,0,0
756348142294416 D 2633,1759967339,1000,1553,1553,2.3822722,-0.00981,-1,-1,-1,0,0,0,136,1,1,0,0.0000000,0.0000000,0.0000000,0,0,0,0
756348143193375 D 2634,1759968339,1000,1553,1553,2.3822722,-0.00942,-1,-1,-1,0,0,0,136,1,1,0,0.0000000,0.0000000,0.0000000,0,0,0,0
756348144073583 D 2635,1759969339,1000,1554,1554,2.3838062,0.05110,-1,-1,-1,0,0,0,136,1,1,0,0.0000000,0.0000000,0.0000000,0,0,0,0
756348145066208 D 2636,1759970339,1000,1553,1553,2.3822722,-0.01105,-1,-1,-1,0,0,0,136,1,1,0,0.0000000,0.0000000,0.0000000,0,0,0,0
756348146064166 D 2637,1759971339,1000,1553,1553,2.3822722,-0.01062,-1,-1,-1,0,0,0,136,1,1,0,0.0000000,0.0000000,0.0000000,0,0,0,0
756348147069750 D 2638,1759972339,1000,1553,1553,2.3822722,-0.01020,-1,-1,-1,0,0,0,136,1,1,0,0.0000000,0.0000000,0.0000000,0,0,0,0
756348148063416 D 2639,1759973339,1000,1553,1553,2.3822722,-0.00980,-1,-1,-1,0,0,0,136,1,1,0,0.0000000,0.0000000,0.0000000,0,0,0,0
756348149063041 D 2640,1759974339,1000,1553,1553,2.3822722,-0.00942,-1,-1,-1,0,0,0,136,1,1,0,0.0000000,0.0000000,0.0000000,0,0,0,0
756348150067375 D 2641,1759975339,1000,1554,1554,2.3838062,0.05110,-1,-1,-1,0,0,0,136,1,1,0,0.0000000,0.0000000,0.0000000,0,0,0,0
756348151063791 D 2642,1759976339,1000,1553,1553,2.3822722,-0.01105,-1,-1,-1,0,0,0,136,1,1,0,0.0000000,0.0000000,0.0000000,0,0,0,0
756348152066166 D 2643,1759977339,1000,1553,1553,2.3822722,-0.01062,-1,-1,-1,0,0,0,136,1,1,0,0.0000000,0.0000000,0.0000000,0,0,0,0
756348153070666 D 2644,1759978339,1000,1553,1553,2.3822722,-0.01020,-1,-1,-1,0,0,0,136,1,1,0,0.0000000,0.0000000,0.0000000,0,0,0,0
756348154089666 D 2645,1759979339,1000,1553,1553,2.3822722,-0.00980,-1,-1,-1,0,0,0,136,1,1,0,0.0000000,0.0000000,0.0000000,0,0,0,0
756348155063291 D 2646,1759980339,1000,1554,1554,2.3838062,0.05073,-1,-1,-1,0,0,0,136,1,1,0,0.0000000,0.0000000,0.0000000,0,0,0,0
756348156082250 D 2647,1759981339,1000,1553,1553,2.3822722,-0.01141,-1,-1,-1,0,0,0,136,1,1,0,0.0000000,0.0000000,0.0000000,0,0,0,0
756348157068875 D 2648,1759982339,1000,1553,1553,2.3822722,-0.01096,-1,-1,-1,0,0,0,136,1,1,0,0.0000000,0.0000000,0.0000000,0,0,0,0
756348158073666 D 2649,1759983339,1000,1553,1553,2.3822722,-0.01053,-1,-1,-1,0,0,0,136,1,1,0,0.0000000,0.0000000,0.0000000,0,0,0,0
756348159061666 D 2650,1759984339,1000,1553,1553,2.3822722,-0.01012,-1,-1,-1,0,0,0,136,1,1,0,0.0000000,0.0000000,0.0000000,0,0,0,0
756348160063166 D 2651,1759985339,1000,1553,1553,2.3822722,-0.00972,-1,-1,-1,0,0,0,136,1,1,0,0.0000000,0.0000000,0.0000000,0,0,0,0
756348161067250 D 2652,1759986339,1000,1553,1553,2.3822722,-0.00934,-1,-1,-1,0,0,0,136,1,1,0,0.0000000,0.0000000,0.0000000,0,0,0,0
756348162065666 D 2653,1759987339,1000,1553,1553,2.3822722,-0.00897,-1,-1,-1,0,0,0,136,1,1,0,0.0000000,0.0000000,0.0000000,0,0,0,0
756348163063416 D 2654,1759988339,1000,1553,1553,2.3822722,-0.00862,-1,-1,-1,0,0,0,136,1,1,0,0.0000000,0.0000000,0.0000000,0,0,0,0
756348164073291 D 2655,1759989339,1000,1553,1553,2.3822722,-0.00828,-1,-1,-1,0,0,0,136,1,1,0,0.0000000,0.0000000,0.0000000,0,0,0,0
756348165069791 D 2656,1759990339,1000,1554,1554,2.3838062,0.05219,-1,-1,-1,0,0,0,136,1,1,0,0.0000000,0.0000000,0.0000000,0,0,0,0
756348166135500 D 2657,1759991339,1000,1553,1553,2.3822722,-0.01001,-1,-1,-1,0,0,0,136,1,1,0,0.0000000,0.0000000,0.0000000,0,0,0,0
756348167134958 D 2658,1759992339,1000,1553,1553,2.3822722,-0.00961,-1,-1,-1,0,0,0,136,1,1,0,0.0000000,0.0000000,0.0000000,0,0,0,0
756348168161708 D 2659,1759993339,1000,1553,1553,2.3822722,-0.00924,-1,-1,-1,0,0,0,136,1,1,0,0.0000000,0.0000000,0.0000000,0,0,0,0
756348169182416 D 2660,1759994339,1000,1554,1554,2.3838062,0.05127,-1,-1,-1,0,0,0,136,1,1,0,0.0000000,0.0000000,0.0000000,0,0,0,0
756348170372791 D 2661,1759995339,1000,1553,1553,2.3822722,-0.01089,-1,-1,-1,0,0,0,136,1,1,0,0.0000000,0.0000000,0.0000000,0,0,0,0
756348171156500 D 2662,1759996339,1000,1553,1553,2.3822722,-0.01046,-1,-1,-1,0,0,0,136,1,1,0,0.0000000,0.0000000,0.0000000,0,0,0,0
756348172113125 D 2663,1759997339,1000,1553,1553,2.3822722,-0.01005,-1,-1,-1,0,0,0,136,1,1,0,0.0000000,0.0000000,0.0000000,0,0,0,0
756348173127458 D 2664,1759998339,1000,1553,1553,2.3822722,-0.00965,-1,-1,-1,0,0,0,136,1,1,0,0.0000000,0.0000000,0.0000000,0,0,0,0
756348174154833 D 2665,1759999339,1000,1553,1553,2.3822722,-0.00928,-1,-1,-1,0,0,0,136,1,1,0,0.0000000,0.0000000,0.0000000,0,0,0,0
756348175100833 D 2666,1760000339,1000,1553,1553,2.3822722,-0.00891,-1,-1,-1,0,0,0,136,1,1,0,0.0000000,0.0000000,0.0000000,0,0,0,0
756348176087166 D 2667,1760001339,1000,1553,1553,2.3822722,-0.00856,-1,-1,-1,0,0,0,136,1,1,0,0.0000000,0.0000000,0.0000000,0,0,0,0
756348177563791 D 2668,1760002339,1000,1553,1553,2.3822722,-0.00823,39,128,2047,0,0,0,136,1,1,0,0.0000000,0.0000000,0.0000000,0,0,0,0
756348178188333 D 2669,1760003339,1000,1553,1553,2.3822722,-0.00790,-1,-1,-1,0,0,0,136,1,1,0,0.0000000,0.0000000,0.0000000,0,0,0,0
756348179076625 D 2670,1760004339,1000,1554,1554,2.3838062,0.05255,-1,-1,-1,0,0,0,136,1,1,0,0.0000000,0.0000000,0.0000000,0,0,0,0
756348180087833 D 2671,1760005339,1000,1553,1553,2.3822722,-0.00965,-1,-1,-1,0,0,0,136,1,1,0,0.0000000,0.0000000,0.0000000,0,0,0,0
756348181086708 D 2672,1760006339,1000,1553,1553,2.3822722,-0.00928,-1,-1,-1,0,0,0,136,1,1,0,0.0000000,0.0000000,0.0000000,0,0,0,0
756348182082750 D 2673,1760007339,1000,1553,1553,2.3822722,-0.00891,-1,-1,-1,0,0,0,136,1,1,0,0.0000000,0.0000000,0.0000000,0,0,0,0
756348183075458 D 2674,1760008339,1000,1553,1553,2.3822722,-0.00856,-1,-1,-1,0,0,0,136,1,1,0,0.0000000,0.0000000,0.0000000,0,0,0,0
756348184081291 D 2675,1760009339,1000,1553,1553,2.3822722,-0.00823,-1,-1,-1,0,0,0,136,1,1,0,0.0000000,0.0000000,0.0000000,0,0,0,0
756348185088166 D 2676,1760010339,1000,1553,1553,2.3822722,-0.00790,-1,-1,-1,0,0,0,136,1,1,0,0.0000000,0.0000000,0.0000000,0,0,0,0
756348186091458 D 2677,1760011339,1000,1553,1553,2.3822722,-0.00759,-1,-1,-1,0,0,0,136,1,1,0,0.0000000,0.0000000,0.0000000,0,0,0,0
756348187097916 D 2678,1760012339,1000,1553,1553,2.3822722,-0.00730,-1,-1,-1,0,0,0,136,1,1,0,0.0000000,0.0000000,0.0000000,0,0,0,0
756348188132166 D 2679,1760013339,1000,1553,1553,2.3822722,-0.00701,-1,-1,-1,0,0,0,136,1,1,0,0.0000000,0.0000000,0.0000000,0,0,0,0
756348189093041 D 2680,1760014339,1000,1553,1553,2.3822722,-0.00674,-1,-1,-1,0,0,0,136,1,1,0,0.0000000,0.0000000,0.0000000,0,0,0,0
756348190414208 D 2681,1760015339,1000,1553,1553,2.3822722,-0.00647,-1,-1,-1,0,0,0,136,1,1,0,0.0000000,0.0000000,0.0000000,0,0,0,0
756348191313916 D 2682,1760016339,1000,1553,1553,2.3822722,-0.00622,-1,-1,-1,0,0,0,136,1,1,0,0.0000000,0.0000000,0.0000000,0,0,0,0
756348192270500 D 2683,1760017339,1000,1554,1554,2.3838062,0.05417,-1,-1,-1,0,0,0,136,1,1,0,0.0000000,0.0000000,0.0000000,0,0,0,0
756348193117166 D 2684,1760018339,1000,1553,1553,2.3822722,-0.00810,-1,-1,-1,0,0,0,136,1,1,0,0.0000000,0.0000000,0.0000000,0,0,0,0
756348194103625 D 2685,1760019339,1000,1553,1553,2.3822722,-0.00778,-1,-1,-1,0,0,0,136,1,1,0,0.0000000,0.0000000,0.0000000,0,0,0,0
756348195078791 D 2686,1760020339,1000,1553,1553,2.3822722,-0.00748,-1,-1,-1,0,0,0,136,1,1,0,0.0000000,0.0000000,0.0000000,0,0,0,0
756348196160875 D 2687,1760021339,1000,1553,1553,2.3822722,-0.00718,-1,-1,-1,0,0,0,136,1,1,0,0.0000000,0.0000000,0.0000000,0,0,0,0
756348197130416 D 2688,1760022339,1000,1553,1553,2.3822722,-0.00690,-1,-1,-1,0,0,0,136,1,1,0,0.0000000,0.0000000,0.0000000,0,0,0,0
756348198209125 D 2689,1760023339,1000,1553,1553,2.3822722,-0.00663,-1,-1,-1,0,0,0,136,1,1,0,0.0000000,0.0000000,0.0000000,0,0,0,0
756348199227375 D 2690,1760024339,1000,1553,1553,2.3822722,-0.00637,-1,-1,-1,0,0,0,136,1,1,0,0.0000000,0.0000000,0.0000000,0,0,0,0
756348200258583 D 2691,1760025339,1000,1553,1553,2.3822722,-0.00612,-1,-1,-1,0,0,0,136,1,1,0,0.0000000,0.0000000,0.0000000,0,0,0,0
756348201297333 D 2692,1760026339,1000,1554,1554,2.3838062,0.05427,-1,-1,-1,0,0,0,136,1,1,0,0.0000000,0.0000000,0.0000000,0,0,0,0
756348202222333 D 2693,1760027339,1000,1553,1553,2.3822722,-0.00801,-1,-1,-1,0,0,0,136,1,1,0,0.0000000,0.0000000,0.0000000,0,0,0,0
756348203179833 D 2694,1760028339,1000,1553,1553,2.3822722,-0.00769,-1,-1,-1,0,0,0,136,1,1,0,0.0000000,0.0000000,0.0000000,0,0,0,0
756348204226208 D 2695,1760029339,1000,1553,1553,2.3822722,-0.00739,-1,-1,-1,0,0,0,136,1,1,0,0.0000000,0.0000000,0.0000000,0,0,0,0
756348205178125 D 2696,1760030339,1000,1553,1553,2.3822722,-0.00710,-1,-1,-1,0,0,0,136,1,1,0,0.0000000,0.0000000,0.0000000,0,0,0,0
756348206168166 D 2697,1760031339,1000,1554,1554,2.3838062,0.05332,-1,-1,-1,0,0,0,136,1,1,0,0.0000000,0.0000000,0.0000000,0,0,0,0
756348207167250 D 2698,1760032339,1000,1553,1553,2.3822722,-0.00892,-1,-1,-1,0,0,0,136,1,1,0,0.0000000,0.0000000,0.0000000,0,0,0,0
756348208137250 D 2699,1760033339,1000,1553,1553,2.3822722,-0.00857,-1,-1,-1,0,0,0,136,1,1,0,0.0000000,0.0000000,0.0000000,0,0,0,0
756348209136500 D 2700,1760034339,1000,1553,1553,2.3822722,-0.00823,-1,-1,-1,0,0,0,136,1,1,0,0.0000000,0.0000000,0.0000000,0,0,0,0
756348210133833 D 2701,1760035339,1000,1554,1554,2.3838062,0.05224,-1,-1,-1,0,0,0,136,1,1,0,0.0000000,0.0000000,0.0000000,0,0,0,0
756348211130583 D 2702,1760036339,1000,1553,1553,2.3822722,-0.00996,-1,-1,-1,0,0,0,136,1,1,0,0.0000000,0.0000000,0.0000000,0,0,0,0
756348212112583 D 2703,1760037339,1000,1553,1553,2.3822722,-0.00957,-1,-1,-1,0,0,0,136,1,1,0,0.0000000,0.0000000,0.0000000,0,0,0,0
756348213096375 D 2704,1760038339,1000,1553,1553,2.3822722,-0.00919,-1,-1,-1,0,0,0,136,1,1,0,0.0000000,0.0000000,0.0000000,0,0,0,0
756348214105958 D 2705,1760039339,1000,1553,1553,2.3822722,-0.00883,-1,-1,-1,0,0,0,136,1,1,0,0.0000000,0.0000000,0.0000000,0,0,0,0
756348215100041 D 2706,1760040339,1000,1553,1553,2.3822722,-0.00848,-1,-1,-1,0,0,0,136,1,1,0,0.0000000,0.0000000,0.0000000,0,0,0,0
756348216085000 D 2707,1760041339,1000,1553,1553,2.3822722,-0.00815,-1,-1,-1,0,0,0,136,1,1,0,0.0000000,0.0000000,0.0000000,0,0,0,0
756348217115708 D 2708,1760042339,1000,1553,1553,2.3822722,-0.00783,-1,-1,-1,0,0,0,136,1,1,0,0.0000000,0.0000000,0.0000000,0,0,0,0
756348218118041 D 2709,1760043339,1000,1553,1553,2.3822722,-0.00752,-1,-1,-1,0,0,0,136,1,1,0,0.0000000,0.0000000,0.0000000,0,0,0,0
756348219151333 D 2710,1760044339,1000,1553,1553,2.3822722,-0.00723,-1,-1,-1,0,0,0,136,1,1,0,0.0000000,0.0000000,0.0000000,0,0,0,0
756348220151916 D 2711,1760045339,1000,1553,1553,2.3822722,-0.00695,-1,-1,-1,0,0,0,136,1,1,0,0.0000000,0.0000000,0.0000000,0,0,0,0
756348221152500 D 2712,1760046339,1000,1554,1554,2.3838062,0.05347,-1,-1,-1,0,0,0,136,1,1,0,0.0000000,0.0000000,0.0000000,0,0,0,0
756348222090083 D 2713,1760047339,1000,1553,1553,2.3822722,-0.00877,-1,-1,-1,0,0,0,136,1,1,0,0.0000000,0.0000000,0.0000000,0,0,0,0
756348223086750 D 2714,1760048339,1000,1553,1553,2.3822722,-0.00843,-1,-1,-1,0,0,0,136,1,1,0,0.0000000,0.0000000,0.0000000,0,0,0,0
756348224079375 D 2715,1760049339,1000,1553,1553,2.3822722,-0.00810,-1,-1,-1,0,0,0,136,1,1,0,0.0000000,0.0000000,0.0000000,0,0,0,0
756348225092333 D 2716,1760050339,1000,1553,1553,2.3822722,-0.00778,-1,-1,-1,0,0,0,136,1,1,0,0.0000000,0.0000000,0.0000000,0,0,0,0
756348226085541 D 2717,1760051339,1000,1553,1553,2.3822722,-0.00747,-1,-1,-1,0,0,0,136,1,1,0,0.0000000,0.0000000,0.0000000,0,0,0,0
756348227532500 D 2718,1760052339,1000,1554,1554,2.3838062,0.05297,39,128,2046,0,0,0,136,1,1,0,0.0000000,0.0000000,0.0000000,0,0,0,0
756348228164583 D 2719,1760053339,1000,1553,1553,2.3822722,-0.00926,-1,-1,-1,0,0,0,136,1,1,0,0.0000000,0.0000000,0.0000000,0,0,0,0
756348229335083 D 2720,1760054339,1000,1553,1553,2.3822722,-0.00889,-1,-1,-1,0,0,0,136,1,1,0,0.0000000,0.0000000,0.0000000,0,0,0,0
756348230322958 D 2721,1760055339,1000,1553,1553,2.3822722,-0.00855,-1,-1,-1,0,0,0,136,1,1,0,0.0000000,0.0000000,0.0000000,0,0,0,0
756348231338000 D 2722,1760056339,1000,1553,1553,2.3822722,-0.00821,-1,-1,-1,0,0,0,136,1,1,0,0.0000000,0.0000000,0.0000000,0,0,0,0
756348232503125 D 2723,1760057339,1000,1553,1553,2.3822722,-0.00789,-1,-1,-1,0,0,0,136,1,1,0,0.0000000,0.0000000,0.0000000,0,0,0,0
756348233405250 D 2724,1760058339,1000,1554,1554,2.3838062,0.05257,-1,-1,-1,0,0,0,136,1,1,0,0.0000000,0.0000000,0.0000000,0,0,0,0
756348234186708 D 2725,1760059339,1000,1553,1553,2.3822722,-0.00964,-1,-1,-1,0,0,0,136,1,1,0,0.0000000,0.0000000,0.0000000,0,0,0,0
756348235104166 D 2726,1760060339,1000,1553,1553,2.3822722,-0.00926,-1,-1,-1,0,0,0,136,1,1,0,0.0000000,0.0000000,0.0000000,0,0,0,0
756348236165708 D 2727,1760061339,1000,1553,1553,2.3822722,-0.00890,-1,-1,-1,0,0,0,136,1,1,0,0.0000000,0.0000000,0.0000000,0,0,0,0
756348237273208 D 2728,1760062339,1000,1553,1553,2.3822722,-0.00855,-1,-1,-1,0,0,0,136,1,1,0,0.0000000,0.0000000,0.0000000,0,0,0,0
756348238112416 D 2729,1760063339,1000,1553,1553,2.3822722,-0.00822,-1,-1,-1,0,0,0,136,1,1,0,0.0000000,0.0000000,0.0000000,0,0,0,0
756348239141125 D 2730,1760064339,1000,1553,1553,2.3822722,-0.00789,-1,-1,-1,0,0,0,136,1,1,0,0.0000000,0.0000000,0.0000000,0,0,0,0
756348240196875 D 2731,1760065339,1000,1553,1553,2.3822722,-0.00758,-1,-1,-1,0,0,0,136,1,1,0,0.0000000,0.0000000,0.0000000,0,0,0,0
756348241207375 D 2732,1760066339,1000,1553,1553,2.3822722,-0.00729,-1,-1,-1,0,0,0,136,1,1,0,0.0000000,0.0000000,0.0000000,0,0,0,0
756348242141291 D 2733,1760067339,1000,1553,1553,2.3822722,-0.00700,-1,-1,-1,0,0,0,136,1,1,0,0.0000000,0.0000000,0.0000000,0,0,0,0
756348243113833 D 2734,1760068339,1000,1553,1553,2.3822722,-0.00673,-1,-1,-1,0,0,0,136,1,1,0,0.0000000,0.0000000,0.0000000,0,0,0,0
756348244110583 D 2735,1760069339,1000,1553,1553,2.3822722,-0.00646,-1,-1,-1,0,0,0,136,1,1,0,0.0000000,0.0000000,0.0000000,0,0,0,0
756348245150125 D 2736,1760070339,1000,1553,1553,2.3822722,-0.00621,-1,-1,-1,0,0,0,136,1,1,0,0.0000000,0.0000000,0.0000000,0,0,0,0
756348246107083 D 2737,1760071339,1000,1553,1553,2.3822722,-0.00597,-1,-1,-1,0,0,0,136,1,1,0,0.0000000,0.0000000,0.0000000,0,0,0,0
756348247184166 D 2738,1760072339,1000,1553,1553,2.3822722,-0.00573,-1,-1,-1,0,0,0,136,1,1,0,0.0000000,0.0000000,0.0000000,0,0,0,0
756348248193666 D 2739,1760073339,1000,1553,1553,2.3822722,-0.00551,-1,-1,-1,0,0,0,136,1,1,0,0.0000000,0.0000000,0.0000000,0,0,0,0
756348249234666 D 2740,1760074339,1000,1553,1553,2.3822722,-0.00529,-1,-1,-1,0,0,0,136,1,1,0,0.0000000,0.0000000,0.0000000,0,0,0,0
756348250172583 D 2741,1760075339,1000,1553,1553,2.3822722,-0.00508,-1,-1,-1,0,0,0,136,1,1,0,0.0000000,0.0000000,0.0000000,0,0,0,0
756348251173500 D 2742,1760076339,1000,1553,1553,2.3822722,-0.00488,-1,-1,-1,0,0,0,136,1,1,0,0.0000000,0.0000000,0.0000000,0,0,0,0
756348252190208 D 2743,1760077339,1000,1553,1553,2.3822722,-0.00469,-1,-1,-1,0,0,0,136,1,1,0,0.0000000,0.0000000,0.0000000,0,0,0,0
756348253104166 D 2744,1760078339,1000,1553,1553,2.3822722,-0.00451,-1,-1,-1,0,0,0,136,1,1,0,0.0000000,0.0000000,0.0000000,0,0,0,0
756348254078500 D 2745,1760079339,1000,1553,1553,2.3822722,-0.00433,-1,-1,-1,0,0,0,136,1,1,0,0.0000000,0.0000000,0.0000000,0,0,0,0
756348255166666 D 2746,1760080339,1000,1553,1553,2.3822722,-0.00416,-1,-1,-1,0,0,0,136,1,1,0,0.0000000,0.0000000,0.0000000,0,0,0,0
756348256089291 D 2747,1760081339,1000,1554,1554,2.3838062,0.05615,-1,-1,-1,0,0,0,136,1,1,0,0.0000000,0.0000000,0.0000000,0,0,0,0
756348257114875 D 2748,1760082339,1000,1553,1553,2.3822722,-0.00620,-1,-1,-1,0,0,0,136,1,1,0,0.0000000,0.0000000,0.0000000,0,0,0,0
756348258158208 D 2749,1760083339,1000,1554,1554,2.3838062,0.05419,-1,-1,-1,0,0,0,136,1,1,0,0.0000000,0.0000000,0.0000000,0,0,0,0
756348259182416 D 2750,1760084339,1000,1553,1553,2.3822722,-0.00808,-1,-1,-1,0,0,0,136,1,1,0,0.0000000,0.0000000,0.0000000,0,0,0,0
756348260166500 D 2751,1760085339,1000,1553,1553,2.3822722,-0.00777,-1,-1,-1,0,0,0,136,1,1,0,0.0000000,0.0000000,0.0000000,0,0,0,0
756348261223541 D 2752,1760086339,1000,1554,1554,2.3838062,0.05269,-1,-1,-1,0,0,0,136,1,1,0,0.0000000,0.0000000,0.0000000,0,0,0,0
756348262321791 D 2753,1760087339,1000,1553,1553,2.3822722,-0.00953,-1,-1,-1,0,0,0,136,1,1,0,0.0000000,0.0000000,0.0000000,0,0,0,0
756348263284958 D 2754,1760088339,1000,1553,1553,2.3822722,-0.00915,-1,-1,-1,0,0,0,136,1,1,0,0.0000000,0.0000000,0.0000000,0,0,0,0
756348264285041 D 2755,1760089339,1000,1553,1553,2.3822722,-0.00879,-1,-1,-1,0,0,0,136,1,1,0,0.0000000,0.0000000,0.0000000,0,0,0,0
756348265268250 D 2756,1760090339,1000,1553,1553,2.3822722,-0.00845,-1,-1,-1,0,0,0,136,1,1,0,0.0000000,0.0000000,0.0000000,0,0,0,0
756348266196208 D 2757,1760091339,1000,1553,1553,2.3822722,-0.00812,-1,-1,-1,0,0,0,136,1,1,0,0.0000000,0.0000000,0.0000000,0,0,0,0
756348267230666 D 2758,1760092339,1000,1553,1553,2.3822722,-0.00780,-1,-1,-1,0,0,0,136,1,1,0,0.0000000,0.0000000,0.0000000,0,0,0,0
756348268241791 D 2759,1760093339,1000,1554,1554,2.3838062,0.05265,-1,-1,-1,0,0,0,136,1,1,0,0.0000000,0.0000000,0.0000000,0,0,0,0
756348269132208 D 2760,1760094339,1000,1553,1553,2.3822722,-0.00956,-1,-1,-1,0,0,0,136,1,1,0,0.0000000,0.0000000,0.0000000,0,0,0,0
756348270108625 D 2761,1760095339,1000,1553,1553,2.3822722,-0.00918,-1,-1,-1,0,0,0,136,1,1,0,0.0000000,0.0000000,0.0000000,0,0,0,0
756348271120125 D 2762,1760096339,1000,1553,1553,2.3822722,-0.00882,-1,-1,-1,0,0,0,136,1,1,0,0.0000000,0.0000000,0.0000000,0,0,0,0
756348272174250 D 2763,1760097339,1000,1553,1553,2.3822722,-0.00848,-1,-1,-1,0,0,0,136,1,1,0,0.0000000,0.0000000,0.0000000,0,0,0,0
756348273134375 D 2764,1760098339,1000,1553,1553,2.3822722,-0.00815,-1,-1,-1,0,0,0,136,1,1,0,0.0000000,0.0000000,0.0000000,0,0,0,0
756348274233208 D 2765,1760099339,1000,1553,1553,2.3822722,-0.00783,-1,-1,-1,0,0,0,136,1,1,0,0.0000000,0.0000000,0.0000000,0,0,0,0
756348275163666 D 2766,1760100339,1000,1553,1553,2.3822722,-0.00752,-1,-1,-1,0,0,0,136,1,1,0,0.0000000,0.0000000,0.0000000,0,0,0,0
756348276116750 D 2767,1760101339,1000,1553,1553,2.3822722,-0.00722,-1,-1,-1,0,0,0,136,1,1,0,0.0000000,0.0000000,0.0000000,0,0,0,0
756348277524500 D 2768,1760102339,1000,1553,1553,2.3822722,-0.00694,39,128,2046,0,0,0,136,1,1,0,0.0000000,0.0000000,0.0000000,0,0,0,0
756348278163791 D 2769,1760103339,1000,1553,1553,2.3822722,-0.00667,-1,-1,-1,0,0,0,136,1,1,0,0.0000000,0.0000000,0.0000000,0,0,0,0
756348279161166 D 2770,1760104339,1000,1553,1553,2.3822722,-0.00641,-1,-1,-1,0,0,0,136,1,1,0,0.0000000,0.0000000,0.0000000,0,0,0,0
756348280144541 D 2771,1760105339,1000,1553,1553,2.3822722,-0.00616,-1,-1,-1,0,0,0,136,1,1,0,0.0000000,0.0000000,0.0000000,0,0,0,0
756348281134250 D 2772,1760106339,1000,1553,1553,2.3822722,-0.00591,-1,-1,-1,0,0,0,136,1,1,0,0.0000000,0.0000000,0.0000000,0,0,0,0
756348282153958 D 2773,1760107339,1000,1553,1553,2.3822722,-0.00568,-1,-1,-1,0,0,0,136,1,1,0,0.0000000,0.0000000,0.0000000,0,0,0,0
756348283155416 D 2774,1760108339,1000,1553,1553,2.3822722,-0.00546,-1,-1,-1,0,0,0,136,1,1,0,0.0000000,0.0000000,0.0000000,0,0,0,0
756348284151416 D 2775,1760109339,1000,1553,1553,2.3822722,-0.00525,-1,-1,-1,0,0,0,136,1,1,0,0.0000000,0.0000000,0.0000000,0,0,0,0
756348285092125 D 2776,1760110339,1000,1554,1554,2.3838062,0.05511,-1,-1,-1,0,0,0,136,1,1,0,0.0000000,0.0000000,0.0000000,0,0,0,0
756348286101375 D 2777,1760111339,1000,1553,1553,2.3822722,-0.00720,-1,-1,-1,0,0,0,136,1,1,0,0.0000000,0.0000000,0.0000000,0,0,0,0
756348287097333 D 2778,1760112339,1000,1553,1553,2.3822722,-0.00692,-1,-1,-1,0,0,0,136,1,1,0,0.0000000,0.0000000,0.0000000,0,0,0,0
756348288118500 D 2779,1760113339,1000,1553,1553,2.3822722,-0.00665,-1,-1,-1,0,0,0,136,1,1,0,0.0000000,0.0000000,0.0000000,0,0,0,0
756348289105750 D 2780,1760114339,1000,1553,1553,2.3822722,-0.00639,-1,-1,-1,0,0,0,136,1,1,0,0.0000000,0.0000000,0.0000000,0,0,0,0
756348290142166 D 2781,1760115339,1000,1553,1553,2.3822722,-0.00614,-1,-1,-1,0,0,0,136,1,1,0,0.0000000,0.0000000,0.0000000,0,0,0,0
756348291350041 D 2782,1760116339,1000,1553,1553,2.3822722,-0.00590,-1,-1,-1,0,0,0,136,1,1,0,0.0000000,0.0000000,0.0000000,0,0,0,0
756348292325458 D 2783,1760117339,1000,1553,1553,2.3822722,-0.00566,-1,-1,-1,0,0,0,136,1,1,0,0.0000000,0.0000000,0.0000000,0,0,0,0
756348293272958 D 2784,1760118339,1000,1553,1553,2.3822722,-0.00544,-1,-1,-1,0,0,0,136,1,1,0,0.0000000,0.0000000,0.0000000,0,0,0,0
756348294092750 D 2785,1760119339,1000,1554,1554,2.3838062,0.05492,-1,-1,-1,0,0,0,136,1,1,0,0.0000000,0.0000000,0.0000000,0,0,0,0
756348295124125 D 2786,1760120339,1000,1553,1553,2.3822722,-0.00738,-1,-1,-1,0,0,0,136,1,1,0,0.0000000,0.0000000,0.0000000,0,0,0,0
756348296135833 D 2787,1760121339,1000,1553,1553,2.3822722,-0.00709,-1,-1,-1,0,0,0,136,1,1,0,0.0000000,0.0000000,0.0000000,0,0,0,0
756348297107833 D 2788,1760122339,1000,1553,1553,2.3822722,-0.00681,-1,-1,-1,0,0,0,136,1,1,0,0.0000000,0.0000000,0.0000000,0,0,0,0
756348298105041 D 2789,1760123339,1000,1553,1553,2.3822722,-0.00655,-1,-1,-1,0,0,0,136,1,1,0,0.0000000,0.0000000,0.0000000,0,0,0,0
756348299292541 D 2790,1760124339,1000,1553,1553,2.3822722,-0.00629,-1,-1,-1,0,0,0,136,1,1,0,0.0000000,0.0000000,0.0000000,0,0,0,0
756348300129041 D 2791,1760125339,1000,1553,1553,2.3822722,-0.00604,-1,-1,-1,0,0,0,136,1,1,0,0.0000000,0.0000000,0.0000000,0,0,0,0
756348301130708 D 2792,1760126339,1000,1553,1553,2.3822722,-0.00581,-1,-1,-1,0,0,0,136,1,1,0,0.0000000,0.0000000,0.0000000,0,0,0,0
756348302133583 D 2793,1760127339,1000,1553,1553,2.3822722,-0.00558,-1,-1,-1,0,0,0,136,1,1,0,0.0000000,0.0000000,0.0000000,0,0,0,0
756348303136625 D 2794,1760128339,1000,1553,1553,2.3822722,-0.00536,-1,-1,-1,0,0,0,136,1,1,0,0.0000000,0.0000000,0.0000000,0,0,0,0
756348304098500 D 2795,1760129339,1000,1553,1553,2.3822722,-0.00515,-1,-1,-1,0,0,0,136,1,1,0,0.0000000,0.0000000,0.0000000,0,0,0,0
756348305127708 D 2796,1760130339,1000,1553,1553,2.3822722,-0.00495,-1,-1,-1,0,0,0,136,1,1,0,0.0000000,0.0000000,0.0000000,0,0,0,0
756348306205541 D 2797,1760131339,1000,1553,1553,2.3822722,-0.00475,-1,-1,-1,0,0,0,136,1,1,0,0.0000000,0.0000000,0.0000000,0,0,0,0
756348307164083 D 2798,1760132339,1000,1553,1553,2.3822722,-0.00457,-1,-1,-1,0,0,0,136,1,1,0,0.0000000,0.0000000,0.0000000,0,0,0,0
756348308172750 D 2799,1760133339,1000,1553,1553,2.3822722,-0.00439,-1,-1,-1,0,0,0,136,1,1,0,0.0000000,0.0000000,0.0000000,0,0,0,0
756348309244208 D 2800,1760134339,1000,1553,1553,2.3822722,-0.00422,-1,-1,-1,0,0,0,136,1,1,0,0.0000000,0.0000000,0.0000000,0,0,0,0
756348310193750 D 2801,1760135339,1000,1553,1553,2.3822722,-0.00405,-1,-1,-1,0,0,0,136,1,1,0,0.0000000,0.0000000,0.0000000,0,0,0,0
756348311167375 D 2802,1760136339,1000,1553,1553,2.3822722,-0.00389,-1,-1,-1,0,0,0,136,1,1,0,0.0000000,0.0000000,0.0000000,0,0,0,0
756348312124166 D 2803,1760137339,1000,1553,1553,2.3822722,-0.00374,-1,-1,-1,0,0,0,136,1,1,0,0.0000000,0.0000000,0.0000000,0,0,0,0
756348313103125 D 2804,1760138339,1000,1553,1553,2.3822722,-0.00359,-1,-1,-1,0,0,0,136,1,1,0,0.0000000,0.0000000,0.0000000,0,0,0,0
756348314140291 D 2805,1760139339,1000,1553,1553,2.3822722,-0.00345,-1,-1,-1,0,0,0,136,1,1,0,0.0000000,0.0000000,0.0000000,0,0,0,0
756348315115208 D 2806,1760140339,1000,1553,1553,2.3822722,-0.00332,-1,-1,-1,0,0,0,136,1,1,0,0.0000000,0.0000000,0.0000000,0,0,0,0
756348316102000 D 2807,1760141339,1000,1553,1553,2.3822722,-0.00319,-1,-1,-1,0,0,0,136,1,1,0,0.0000000,0.0000000,0.0000000,0,0,0,0
756348317093833 D 2808,1760142339,1000,1553,1553,2.3822722,-0.00306,-1,-1,-1,0,0,0,136,1,1,0,0.0000000,0.0000000,0.0000000,0,0,0,0
756348318084125 D 2809,1760143339,1000,1553,1553,2.3822722,-0.00294,-1,-1,-1,0,0,0,136,1,1,0,0.0000000,0.0000000,0.0000000,0,0,0,0
756348319082666 D 2810,1760144339,1000,1553,1553,2.3822722,-0.00283,-1,-1,-1,0,0,0,136,1,1,0,0.0000000,0.0000000,0.0000000,0,0,0,0
756348320096375 D 2811,1760145339,1000,1553,1553,2.3822722,-0.00272,-1,-1,-1,0,0,0,136,1,1,0,0.0000000,0.0000000,0.0000000,0,0,0,0
756348321102791 D 2812,1760146339,1000,1553,1553,2.3822722,-0.00261,-1,-1,-1,0,0,0,136,1,1,0,0.0000000,0.0000000,0.0000000,0,0,0,0
756348322095166 D 2813,1760147339,1000,1553,1553,2.3822722,-0.00251,-1,-1,-1,0,0,0,136,1,1,0,0.0000000,0.0000000,0.0000000,0,0,0,0
756348323083541 D 2814,1760148339,1000,1553,1553,2.3822722,-0.00241,-1,-1,-1,0,0,0,135,1,1,0,0.0000000,0.0000000,0.0000000,0,0,0,0
756348324086500 D 2815,1760149339,1000,1553,1553,2.3822722,-0.00231,-1,-1,-1,0,0,0,136,1,1,0,0.0000000,0.0000000,0.0000000,0,0,0,0
756348325079208 D 2816,1760150339,1000,1553,1553,2.3822722,-0.00222,-1,-1,-1,0,0,0,136,1,1,0,0.0000000,0.0000000,0.0000000,0,0,0,0
756348326086708 D 2817,1760151339,1000,1553,1553,2.3822722,-0.00214,-1,-1,-1,0,0,0,136,1,1,0,0.0000000,0.0000000,0.0000000,0,0,0,0
756348327756125 D 2818,1760152339,1000,1553,1553,2.3822722,-0.00205,39,128,2047,0,0,0,136,1,1,0,0.0000000,0.0000000,0.0000000,0,0,0,0
756348328622833 D 2819,1760153339,1000,1553,1553,2.3822722,-0.00197,-1,-1,-1,0,0,0,136,1,1,0,0.0000000,0.0000000,0.0000000,0,0,0,0
756348329305791 D 2820,1760154339,1000,1553,1553,2.3822722,-0.00189,-1,-1,-1,0,0,0,136,1,1,0,0.0000000,0.0000000,0.0000000,0,0,0,0
756348330110416 D 2821,1760155339,1000,1554,1554,2.3838062,0.05833,-1,-1,-1,0,0,0,136,1,1,0,0.0000000,0.0000000,0.0000000,0,0,0,0
756348331088875 D 2822,1760156339,1000,1553,1553,2.3822722,-0.00411,-1,-1,-1,0,0,0,136,1,1,0,0.0000000,0.0000000,0.0000000,0,0,0,0
756348332083750 D 2823,1760157339,1000,1553,1553,2.3822722,-0.00395,-1,-1,-1,0,0,0,136,1,1,0,0.0000000,0.0000000,0.0000000,0,0,0,0
756348333086750 D 2824,1760158339,1000,1553,1553,2.3822722,-0.00379,-1,-1,-1,0,0,0,136,1,1,0,0.0000000,0.0000000,0.0000000,0,0,0,0
756348334089958 D 2825,1760159339,1000,1553,1553,2.3822722,-0.00364,-1,-1,-1,0,0,0,136,1,1,0,0.0000000,0.0000000,0.0000000,0,0,0,0
756348335182791 D 2826,1760160339,1000,1553,1553,2.3822722,-0.00350,-1,-1,-1,0,0,0,136,1,1,0,0.0000000,0.0000000,0.0000000,0,0,0,0
756348336185458 D 2827,1760161339,1000,1553,1553,2.3822722,-0.00336,-1,-1,-1,0,0,0,136,1,1,0,0.0000000,0.0000000,0.0000000,0,0,0,0
756348337101125 D 2828,1760162339,1000,1553,1553,2.3822722,-0.00323,-1,-1,-1,0,0,0,136,1,1,0,0.0000000,0.0000000,0.0000000,0,0,0,0
756348338080958 D 2829,1760163339,1000,1553,1553,2.3822722,-0.00310,-1,-1,-1,0,0,0,136,1,1,0,0.0000000,0.0000000,0.0000000,0,0,0,0
756348339079083 D 2830,1760164339,1000,1553,1553,2.3822722,-0.00298,-1,-1,-1,0,0,0,136,1,1,0,0.0000000,0.0000000,0.0000000,0,0,0,0
756348340176708 D 2831,1760165339,1000,1553,1553,2.3822722,-0.00287,-1,-1,-1,0,0,0,136,1,1,0,0.0000000,0.0000000,0.0000000,0,0,0,0
756348341081666 D 2832,1760166339,1000,1553,1553,2.3822722,-0.00275,-1,-1,-1,0,0,0,136,1,1,0,0.0000000,0.0000000,0.0000000,0,0,0,0
756348342089416 D 2833,1760167339,1000,1553,1553,2.3822722,-0.00265,-1,-1,-1,0,0,0,136,1,1,0,0.0000000,0.0000000,0.0000000,0,0,0,0
756348343160000 D 2834,1760168339,1000,1553,1553,2.3822722,-0.00254,-1,-1,-1,0,0,0,136,1,1,0,0.0000000,0.0000000,0.0000000,0,0,0,0
756348344113916 D 2835,1760169339,1000,1553,1553,2.3822722,-0.00244,-1,-1,-1,0,0,0,136,1,1,0,0.0000000,0.0000000,0.0000000,0,0,0,0
756348345092375 D 2836,1760170339,1000,1553,1553,2.3822722,-0.00235,-1,-1,-1,0,0,0,136,1,1,0,0.0000000,0.0000000,0.0000000,0,0,0,0
756348346092583 D 2837,1760171339,1000,1553,1553,2.3822722,-0.00225,-1,-1,-1,0,0,0,136,1,1,0,0.0000000,0.0000000,0.0000000,0,0,0,0
756348347065875 D 2838,1760172339,1000,1553,1553,2.3822722,-0.00217,-1,-1,-1,0,0,0,136,1,1,0,0.0000000,0.0000000,0.0000000,0,0,0,0
756348348081500 D 2839,1760173339,1000,1553,1553,2.3822722,-0.00208,-1,-1,-1,0,0,0,136,1,1,0,0.0000000,0.0000000,0.0000000,0,0,0,0
756348349065750 D 2840,1760174339,1000,1553,1553,2.3822722,-0.00200,-1,-1,-1,0,0,0,136,1,1,0,0.0000000,0.0000000,0.0000000,0,0,0,0
756348350082083 D 2841,1760175339,1000,1553,1553,2.3822722,-0.00192,-1,-1,-1,0,0,0,136,1,1,0,0.0000000,0.0000000,0.0000000,0,0,0,0
756348351061291 D 2842,1760176339,1000,1553,1553,2.3822722,-0.00185,-1,-1,-1,0,0,0,136,1,1,0,0.0000000,0.0000000,0.0000000,0,0,0,0
756348352077250 D 2843,1760177339,1000,1553,1553,2.3822722,-0.00177,-1,-1,-1,0,0,0,136,1,1,0,0.0000000,0.0000000,0.0000000,0,0,0,0
756348353071916 D 2844,1760178339,1000,1553,1553,2.3822722,-0.00170,-1,-1,-1,0,0,0,136,1,1,0,0.0000000,0.0000000,0.0000000,0,0,0,0
756348354084416 D 2845,1760179339,1000,1553,1553,2.3822722,-0.00164,-1,-1,-1,0,0,0,136,1,1,0,0.0000000,0.0000000,0.0000000,0,0,0,0
756348355069583 D 2846,1760180339,1000,1553,1553,2.3822722,-0.00157,-1,-1,-1,0,0,0,136,1,1,0,0.0000000,0.0000000,0.0000000,0,0,0,0
756348356383708 D 2847,1760181339,1000,1553,1553,2.3822722,-0.00151,-1,-1,-1,0,0,0,136,1,1,0,0.0000000,0.0000000,0.0000000,0,0,0,0
756348357325750 D 2848,1760182339,1000,1553,1553,2.3822722,-0.00145,-1,-1,-1,0,0,0,136,1,1,0,0.0000000,0.0000000,0.0000000,0,0,0,0
756348358356041 D 2849,1760183339,1000,1553,1553,2.3822722,-0.00139,-1,-1,-1,0,0,0,136,1,1,0,0.0000000,0.0000000,0.0000000,0,0,0,0
756348359095916 D 2850,1760184339,1000,1553,1553,2.3822722,-0.00134,-1,-1,-1,0,0,0,136,1,1,0,0.0000000,0.0000000,0.0000000,0,0,0,0
756348360080750 D 2851,1760185339,1000,1553,1553,2.3822722,-0.00129,-1,-1,-1,0,0,0,136,1,1,0,0.0000000,0.0000000,0.0000000,0,0,0,0
756348361088750 D 2852,1760186339,1000,1553,1553,2.3822722,-0.00124,-1,-1,-1,0,0,0,136,1,1,0,0.0000000,0.0000000,0.0000000,0,0,0,0
756348362081083 D 2853,1760187339,1000,1553,1553,2.3822722,-0.00119,-1,-1,-1,0,0,0,136,1,1,0,0.0000000,0.0000000,0.0000000,0,0,0,0
756348363079750 D 2854,1760188339,1000,1553,1553,2.3822722,-0.00114,-1,-1,-1,0,0,0,136,1,1,0,0.0000000,0.0000000,0.0000000,0,0,0,0
756348364078750 D 2855,1760189339,1000,1553,1553,2.3822722,-0.00110,-1,-1,-1,0,0,0,136,1,1,0,0.0000000,0.0000000,0.0000000,0,0,0,0
756348365082666 D 2856,1760190339,1000,1553,1553,2.3822722,-0.00105,-1,-1,-1,0,0,0,136,1,1,0,0.0000000,0.0000000,0.0000000,0,0,0,0
756348366077125 D 2857,1760191339,1000,1553,1553,2.3822722,-0.00101,-1,-1,-1,0,0,0,136,1,1,0,0.0000000,0.0000000,0.0000000,0,0,0,0
756348367138875 D 2858,1760192339,1000,1553,1553,2.3822722,-0.00097,-1,-1,-1,0,0,0,136,1,1,0,0.0000000,0.0000000,0.0000000,0,0,0,0
756348368198291 D 2859,1760193339,1000,1553,1553,2.3822722,-0.00094,-1,-1,-1,0,0,0,136,1,1,0,0.0000000,0.0000000,0.0000000,0,0,0,0
756348369154250 D 2860,1760194339,1000,1553,1553,2.3822722,-0.00090,-1,-1,-1,0,0,0,136,1,1,0,0.0000000,0.0000000,0.0000000,0,0,0,0
756348370142750 D 2861,1760195339,1000,1553,1553,2.3822722,-0.00086,-1,-1,-1,0,0,0,136,1,1,0,0.0000000,0.0000000,0.0000000,0,0,0,0
756348371128833 D 2862,1760196339,1000,1553,1553,2.3822722,-0.00083,-1,-1,-1,0,0,0,136,1,1,0,0.0000000,0.0000000,0.0000000,0,0,0,0
756348372113333 D 2863,1760197339,1000,1553,1553,2.3822722,-0.00080,-1,-1,-1,0,0,0,136,1,1,0,0.0000000,0.0000000,0.0000000,0,0,0,0
756348373182291 D 2864,1760198339,1000,1553,1553,2.3822722,-0.00077,-1,-1,-1,0,0,0,136,1,1,0,0.0000000,0.0000000,0.0000000,0,0,0,0
756348374148041 D 2865,1760199339,1000,1554,1554,2.3838062,0.05941,-1,-1,-1,0,0,0,136,1,1,0,0.0000000,0.0000000,0.0000000,0,0,0,0
756348375119958 D 2866,1760200339,1000,1553,1553,2.3822722,-0.00307,-1,-1,-1,0,0,0,136,1,1,0,0.0000000,0.0000000,0.0000000,0,0,0,0
756348376206625 D 2867,1760201339,1000,1553,1553,2.3822722,-0.00294,-1,-1,-1,0,0,0,136,1,1,0,0.0000000,0.0000000,0.0000000,0,0,0,0
756348377489333 D 2868,1760202339,1000,1553,1553,2.3822722,-0.00283,39,128,2047,0,0,0,136,1,1,0,0.0000000,0.0000000,0.0000000,0,0,0,0
756348378117416 D 2869,1760203339,1000,1553,1553,2.3822722,-0.00272,-1,-1,-1,0,0,0,136,1,1,0,0.0000000,0.0000000,0.0000000,0,0,0,0
756348379100541 D 2870,1760204339,1000,1553,1553,2.3822722,-0.00261,-1,-1,-1,0,0,0,136,1,1,0,0.0000000,0.0000000,0.0000000,0,0,0,0
756348380085333 D 2871,1760205339,1000,1553,1553,2.3822722,-0.00251,-1,-1,-1,0,0,0,136,1,1,0,0.0000000,0.0000000,0.0000000,0,0,0,0
756348381096375 D 2872,1760206339,1000,1553,1553,2.3822722,-0.00241,-1,-1,-1,0,0,0,136,1,1,0,0.0000000,0.0000000,0.0000000,0,0,0,0
756348382090750 D 2873,1760207339,1000,1553,1553,2.3822722,-0.00232,-1,-1,-1,0,0,0,136,1,1,0,0.0000000,0.0000000,0.0000000,0,0,0,0
756348383208958 D 2874,1760208339,1000,1553,1553,2.3822722,-0.00223,-1,-1,-1,0,0,0,136,1,1,0,0.0000000,0.0000000,0.0000000,0,0,0,0
756348384727791 D 2875,1760209339,1000,1553,1553,2.3822722,-0.00214,-1,-1,-1,0,0,0,136,1,1,0,0.0000000,0.0000000,0.0000000,0,0,0,0
756348386010666 D 2876,1760210339,1000,1553,1553,2.3822722,-0.00205,-1,-1,-1,0,0,0,136,1,1,0,0.0000000,0.0000000,0.0000000,0,0,0,0
756348386765541 D 2877,1760211339,1000,1554,1554,2.3838062,0.05817,-1,-1,-1,0,0,0,136,1,1,0,0.0000000,0.0000000,0.0000000,0,0,0,0
756348387423000 D 2878,1760212339,1000,1553,1553,2.3822722,-0.00426,-1,-1,-1,0,0,0,136,1,1,0,0.0000000,0.0000000,0.0000000,0,0,0,0
756348388178208 D 2879,1760213339,1000,1553,1553,2.3822722,-0.00409,-1,-1,-1,0,0,0,136,1,1,0,0.0000000,0.0000000,0.0000000,0,0,0,0
756348389235291 D 2880,1760214339,1000,1553,1553,2.3822722,-0.00393,-1,-1,-1,0,0,0,136,1,1,0,0.0000000,0.0000000,0.0000000,0,0,0,0
756348390111375 D 2881,1760215339,1000,1553,1553,2.3822722,-0.00377,-1,-1,-1,0,0,0,136,1,1,0,0.0000000,0.0000000,0.0000000,0,0,0,0
756348391050875 D 2882,1760216339,1000,1553,1553,2.3822722,-0.00363,-1,-1,-1,0,0,0,136,1,1,0,0.0000000,0.0000000,0.0000000,0,0,0,0
756348392055583 D 2883,1760217339,1000,1553,1553,2.3822722,-0.00348,-1,-1,-1,0,0,0,136,1,1,0,0.0000000,0.0000000,0.0000000,0,0,0,0
756348393096958 D 2884,1760218339,1000,1553,1553,2.3822722,-0.00335,-1,-1,-1,0,0,0,136,1,1,0,0.0000000,0.0000000,0.0000000,0,0,0,0
756348394092708 D 2885,1760219339,1000,1553,1553,2.3822722,-0.00322,-1,-1,-1,0,0,0,136,1,1,0,0.0000000,0.0000000,0.0000000,0,0,0,0
756348395081000 D 2886,1760220339,1000,1553,1553,2.3822722,-0.00309,-1,-1,-1,0,0,0,136,1,1,0,0.0000000,0.0000000,0.0000000,0,0,0,0
756348396071541 D 2887,1760221339,1000,1554,1554,2.3838062,0.05718,-1,-1,-1,0,0,0,136,1,1,0,0.0000000,0.0000000,0.0000000,0,0,0,0
756348397057916 D 2888,1760222339,1000,1553,1553,2.3822722,-0.00521,-1,-1,-1,0,0,0,136,1,1,0,0.0000000,0.0000000,0.0000000,0,0,0,0
756348398059458 D 2889,1760223339,1000,1553,1553,2.3822722,-0.00501,-1,-1,-1,0,0,0,136,1,1,0,0.0000000,0.0000000,0.0000000,0,0,0,0
756348399059958 D 2890,1760224339,1000,1554,1554,2.3838062,0.05534,-1,-1,-1,0,0,0,136,1,1,0,0.0000000,0.0000000,0.0000000,0,0,0,0
756348400087541 D 2891,1760225339,1000,1553,1553,2.3822722,-0.00698,-1,-1,-1,0,0,0,136,1,1,0,0.0000000,0.0000000,0.0000000,0,0,0,0
756348401093916 D 2892,1760226339,1000,1553,1553,2.3822722,-0.00671,-1,-1,-1,0,0,0,136,1,1,0,0.0000000,0.0000000,0.0000000,0,0,0,0
756348402056625 D 2893,1760227339,1000,1553,1553,2.3822722,-0.00644,-1,-1,-1,0,0,0,136,1,1,0,0.0000000,0.0000000,0.0000000,0,0,0,0
756348403063708 D 2894,1760228339,1000,1553,1553,2.3822722,-0.00619,-1,-1,-1,0,0,0,136,1,1,0,0.0000000,0.0000000,0.0000000,0,0,0,0
756348404064916 D 2895,1760229339,1000,1553,1553,2.3822722,-0.00595,-1,-1,-1,0,0,0,136,1,1,0,0.0000000,0.0000000,0.0000000,0,0,0,0
756348405162208 D 2896,1760230339,1000,1553,1553,2.3822722,-0.00571,-1,-1,-1,0,0,0,136,1,1,0,0.0000000,0.0000000,0.0000000,0,0,0,0
756348406212833 D 2897,1760231339,1000,1553,1553,2.3822722,-0.00549,-1,-1,-1,0,0,0,136,1,1,0,0.0000000,0.0000000,0.0000000,0,0,0,0
756348407143958 D 2898,1760232339,1000,1553,1553,2.3822722,-0.00528,-1,-1,-1,0,0,0,136,1,1,0,0.0000000,0.0000000,0.0000000,0,0,0,0
756348408146375 D 2899,1760233339,1000,1554,1554,2.3838062,0.05508,-1,-1,-1,0,0,0,136,1,1,0,0.0000000,0.0000000,0.0000000,0,0,0,0
756348409148666 D 2900,1760234339,1000,1554,1554,2.3838062,0.05292,-1,-1,-1,0,0,0,136,1,1,0,0.0000000,0.0000000,0.0000000,0,0,0,0
756348410120750 D 2901,1760235339,1000,1553,1553,2.3822722,-0.00930,-1,-1,-1,0,0,0,136,1,1,0,0.0000000,0.0000000,0.0000000,0,0,0,0
756348411101500 D 2902,1760236339,1000,1554,1554,2.3838062,0.05121,-1,-1,-1,0,0,0,136,1,1,0,0.0000000,0.0000000,0.0000000,0,0,0,0
756348412124208 D 2903,1760237339,1000,1553,1553,2.3822722,-0.01095,-1,-1,-1,0,0,0,136,1,1,0,0.0000000,0.0000000,0.0000000,0,0,0,0
756348413128333 D 2904,1760238339,1000,1553,1553,2.3822722,-0.01052,-1,-1,-1,0,0,0,136,1,1,0,0.0000000,0.0000000,0.0000000,0,0,0,0
756348414140750 D 2905,1760239339,1000,1553,1553,2.3822722,-0.01010,-1,-1,-1,0,0,0,136,1,1,0,0.0000000,0.0000000,0.0000000,0,0,0,0
756348415143958 D 2906,1760240339,1000,1553,1553,2.3822722,-0.00971,-1,-1,-1,0,0,0,136,1,1,0,0.0000000,0.0000000,0.0000000,0,0,0,0
756348416158083 D 2907,1760241339,1000,1553,1553,2.3822722,-0.00933,-1,-1,-1,0,0,0,136,1,1,0,0.0000000,0.0000000,0.0000000,0,0,0,0
756348417157250 D 2908,1760242339,1000,1553,1553,2.3822722,-0.00896,-1,-1,-1,0,0,0,136,1,1,0,0.0000000,0.0000000,0.0000000,0,0,0,0
756348418217333 D 2909,1760243339,1000,1553,1553,2.3822722,-0.00861,-1,-1,-1,0,0,0,136,1,1,0,0.0000000,0.0000000,0.0000000,0,0,0,0
756348419164708 D 2910,1760244339,1000,1553,1553,2.3822722,-0.00827,-1,-1,-1,0,0,0,136,1,1,0,0.0000000,0.0000000,0.0000000,0,0,0,0
756348420182958 D 2911,1760245339,1000,1553,1553,2.3822722,-0.00795,-1,-1,-1,0,0,0,136,1,1,0,0.0000000,0.0000000,0.0000000,0,0,0,0
756348421131833 D 2912,1760246339,1000,1553,1553,2.3822722,-0.00764,-1,-1,-1,0,0,0,136,1,1,0,0.0000000,0.0000000,0.0000000,0,0,0,0
756348422108000 D 2913,1760247339,1000,1554,1554,2.3838062,0.05281,-1,-1,-1,0,0,0,136,1,1,0,0.0000000,0.0000000,0.0000000,0,0,0,0
756348423140458 D 2914,1760248339,1000,1553,1553,2.3822722,-0.00941,-1,-1,-1,0,0,0,136,1,1,0,0.0000000,0.0000000,0.0000000,0,0,0,0
756348424133041 D 2915,1760249339,1000,1553,1553,2.3822722,-0.00904,-1,-1,-1,0,0,0,136,1,1,0,0.0000000,0.0000000,0.0000000,0,0,0,0
756348425128041 D 2916,1760250339,1000,1553,1553,2.3822722,-0.00868,-1,-1,-1,0,0,0,136,1,1,0,0.0000000,0.0000000,0.0000000,0,0,0,0
756348426143166 D 2917,1760251339,1000,1553,1553,2.3822722,-0.00834,-1,-1,-1,0,0,0,136,1,1,0,0.0000000,0.0000000,0.0000000,0,0,0,0
756348427511625 D 2918,1760252339,1000,1553,1553,2.3822722,-0.00802,39,128,2047,0,0,0,136,1,1,0,0.0000000,0.0000000,0.0000000,0,0,0,0
756348428148000 D 2919,1760253339,1000,1553,1553,2.3822722,-0.00770,-1,-1,-1,0,0,0,136,1,1,0,0.0000000,0.0000000,0.0000000,0,0,0,0
756348429124791 D 2920,1760254339,1000,1553,1553,2.3822722,-0.00740,-1,-1,-1,0,0,0,136,1,1,0,0.0000000,0.0000000,0.0000000,0,0,0,0
756348430169791 D 2921,1760255339,1000,1553,1553,2.3822722,-0.00711,-1,-1,-1,0,0,0,136,1,1,0,0.0000000,0.0000000,0.0000000,0,0,0,0
756348431132833 D 2922,1760256339,1000,1553,1553,2.3822722,-0.00683,-1,-1,-1,0,0,0,136,1,1,0,0.0000000,0.0000000,0.0000000,0,0,0,0
756348432126500 D 2923,1760257339,1000,1553,1553,2.3822722,-0.00656,-1,-1,-1,0,0,0,136,1,1,0,0.0000000,0.0000000,0.0000000,0,0,0,0
756348433111291 D 2924,1760258339,1000,1553,1553,2.3822722,-0.00631,-1,-1,-1,0,0,0,136,1,1,0,0.0000000,0.0000000,0.0000000,0,0,0,0
756348434127291 D 2925,1760259339,1000,1553,1553,2.3822722,-0.00606,-1,-1,-1,0,0,0,136,1,1,0,0.0000000,0.0000000,0.0000000,0,0,0,0
756348435164583 D 2926,1760260339,1000,1553,1553,2.3822722,-0.00582,-1,-1,-1,0,0,0,136,1,1,0,0.0000000,0.0000000,0.0000000,0,0,0,0
756348436116833 D 2927,1760261339,1000,1553,1553,2.3822722,-0.00559,-1,-1,-1,0,0,0,136,1,1,0,0.0000000,0.0000000,0.0000000,0,0,0,0
756348437125750 D 2928,1760262339,1000,1553,1553,2.3822722,-0.00537,-1,-1,-1,0,0,0,136,1,1,0,0.0000000,0.0000000,0.0000000,0,0,0,0
756348438164333 D 2929,1760263339,1000,1553,1553,2.3822722,-0.00516,-1,-1,-1,0,0,0,136,1,1,0,0.0000000,0.0000000,0.0000000,0,0,0,0
756348439130500 D 2930,1760264339,1000,1553,1553,2.3822722,-0.00496,-1,-1,-1,0,0,0,136,1,1,0,0.0000000,0.0000000,0.0000000,0,0,0,0
756348440129125 D 2931,1760265339,1000,1554,1554,2.3838062,0.05538,-1,-1,-1,0,0,0,136,1,1,0,0.0000000,0.0000000,0.0000000,0,0,0,0
756348441144541 D 2932,1760266339,1000,1553,1553,2.3822722,-0.00694,-1,-1,-1,0,0,0,136,1,1,0,0.0000000,0.0000000,0.0000000,0,0,0,0
756348442104750 D 2933,1760267339,1000,1553,1553,2.3822722,-0.00667,-1,-1,-1,0,0,0,136,1,1,0,0.0000000,0.0000000,0.0000000,0,0,0,0
756348443103333 D 2934,1760268339,1000,1553,1553,2.3822722,-0.00640,-1,-1,-1,0,0,0,136,1,1,0,0.0000000,0.0000000,0.0000000,0,0,0,0
756348444096500 D 2935,1760269339,1000,1553,1553,2.3822722,-0.00615,-1,-1,-1,0,0,0,136,1,1,0,0.0000000,0.0000000,0.0000000,0,0,0,0
756348445103250 D 2936,1760270339,1000,1553,1553,2.3822722,-0.00591,-1,-1,-1,0,0,0,136,1,1,0,0.0000000,0.0000000,0.0000000,0,0,0,0
756348446083583 D 2937,1760271339,1000,1553,1553,2.3822722,-0.00568,-1,-1,-1,0,0,0,136,1,1,0,0.0000000,0.0000000,0.0000000,0,0,0,0
756348447084500 D 2938,1760272339,1000,1553,1553,2.3822722,-0.00546,-1,-1,-1,0,0,0,136,1,1,0,0.0000000,0.0000000,0.0000000,0,0,0,0
756348448108375 D 2939,1760273339,1000,1553,1553,2.3822722,-0.00524,-1,-1,-1,0,0,0,136,1,1,0,0.0000000,0.0000000,0.0000000,0,0,0,0
756348449101416 D 2940,1760274339,1000,1553,1553,2.3822722,-0.00504,-1,-1,-1,0,0,0,136,1,1,0,0.0000000,0.0000000,0.0000000,0,0,0,0
756348450127666 D 2941,1760275339,1000,1553,1553,2.3822722,-0.00484,-1,-1,-1,0,0,0,136,1,1,0,0.0000000,0.0000000,0.0000000,0,0,0,0
756348451149750 D 2942,1760276339,1000,1553,1553,2.3822722,-0.00465,-1,-1,-1,0,0,0,136,1,1,0,0.0000000,0.0000000,0.0000000,0,0,0,0
756348452152750 D 2943,1760277339,1000,1554,1554,2.3838062,0.05568,-1,-1,-1,0,0,0,136,1,1,0,0.0000000,0.0000000,0.0000000,0,0,0,0
756348453232166 D 2944,1760278339,1000,1553,1553,2.3822722,-0.00665,-1,-1,-1,0,0,0,136,1,1,0,0.0000000,0.0000000,0.0000000,0,0,0,0
756348454136208 D 2945,1760279339,1000,1553,1553,2.3822722,-0.00639,-1,-1,-1,0,0,0,136,1,1,0,0.0000000,0.0000000,0.0000000,0,0,0,0
756348455108958 D 2946,1760280339,1000,1553,1553,2.3822722,-0.00614,-1,-1,-1,0,0,0,136,1,1,0,0.0000000,0.0000000,0.0000000,0,0,0,0
756348456097708 D 2947,1760281339,1000,1553,1553,2.3822722,-0.00590,-1,-1,-1,0,0,0,136,1,1,0,0.0000000,0.0000000,0.0000000,0,0,0,0
756348457110041 D 2948,1760282339,1000,1553,1553,2.3822722,-0.00567,-1,-1,-1,0,0,0,136,1,1,0,0.0000000,0.0000000,0.0000000,0,0,0,0
756348458100875 D 2949,1760283339,1000,1553,1553,2.3822722,-0.00545,-1,-1,-1,0,0,0,136,1,1,0,0.0000000,0.0000000,0.0000000,0,0,0,0
756348459090416 D 2950,1760284339,1000,1553,1553,2.3822722,-0.00523,-1,-1,-1,0,0,0,136,1,1,0,0.0000000,0.0000000,0.0000000,0,0,0,0
756348460080041 D 2951,1760285339,1000,1554,1554,2.3838062,0.05512,-1,-1,-1,0,0,0,136,1,1,0,0.0000000,0.0000000,0.0000000,0,0,0,0
756348461100375 D 2952,1760286339,1000,1553,1553,2.3822722,-0.00719,-1,-1,-1,0,0,0,136,1,1,0,0.0000000,0.0000000,0.0000000,0,0,0,0
756348462098000 D 2953,1760287339,1000,1553,1553,2.3822722,-0.00691,-1,-1,-1,0,0,0,136,1,1,0,0.0000000,0.0000000,0.0000000,0,0,0,0
756348463084250 D 2954,1760288339,1000,1553,1553,2.3822722,-0.00664,-1,-1,-1,0,0,0,136,1,1,0,0.0000000,0.0000000,0.0000000,0,0,0,0
756348464094208 D 2955,1760289339,1000,1553,1553,2.3822722,-0.00638,-1,-1,-1,0,0,0,136,1,1,0,0.0000000,0.0000000,0.0000000,0,0,0,0
756348465128625 D 2956,1760290339,1000,1553,1553,2.3822722,-0.00613,-1,-1,-1,0,0,0,136,1,1,0,0.0000000,0.0000000,0.0000000,0,0,0,0
756348466095666 D 2957,1760291339,1000,1553,1553,2.3822722,-0.00589,-1,-1,-1,0,0,0,136,1,1,0,0.0000000,0.0000000,0.0000000,0,0,0,0
756348467175875 D 2958,1760292339,1000,1553,1553,2.3822722,-0.00565,-1,-1,-1,0,0,0,136,1,1,0,0.0000000,0.0000000,0.0000000,0,0,0,0
756348468188208 D 2959,1760293339,1000,1553,1553,2.3822722,-0.00543,-1,-1,-1,0,0,0,136,1,1,0,0.0000000,0.0000000,0.0000000,0,0,0,0
756348469263666 D 2960,1760294339,1000,1553,1553,2.3822722,-0.00522,-1,-1,-1,0,0,0,136,1,1,0,0.0000000,0.0000000,0.0000000,0,0,0,0
756348470198125 D 2961,1760295339,1000,1553,1553,2.3822722,-0.00502,-1,-1,-1,0,0,0,136,1,1,0,0.0000000,0.0000000,0.0000000,0,0,0,0
756348471210041 D 2962,1760296339,1000,1553,1553,2.3822722,-0.00482,-1,-1,-1,0,0,0,136,1,1,0,0.0000000,0.0000000,0.0000000,0,0,0,0
756348472115416 D 2963,1760297339,1000,1553,1553,2.3822722,-0.00463,-1,-1,-1,0,0,0,136,1,1,0,0.0000000,0.0000000,0.0000000,0,0,0,0
756348473135458 D 2964,1760298339,1000,1553,1553,2.3822722,-0.00445,-1,-1,-1,0,0,0,136,1,1,0,0.0000000,0.0000000,0.0000000,0,0,0,0
756348474124833 D 2965,1760299339,1000,1553,1553,2.3822722,-0.00427,-1,-1,-1,0,0,0,136,1,1,0,0.0000000,0.0000000,0.0000000,0,0,0,0
756348475110375 D 2966,1760300339,1000,1553,1553,2.3822722,-0.00411,-1,-1,-1,0,0,0,136,1,1,0,0.0000000,0.0000000,0.0000000,0,0,0,0
756348476107166 D 2967,1760301339,1000,1553,1553,2.3822722,-0.00395,-1,-1,-1,0,0,0,136,1,1,0,0.0000000,0.0000000,0.0000000,0,0,0,0
756348477732541 D 2968,1760302339,1000,1553,1553,2.3822722,-0.00379,39,128,2047,0,0,0,136,1,1,0,0.0000000,0.0000000,0.0000000,0,0,0,0
756348478604666 D 2969,1760303339,1000,1553,1553,2.3822722,-0.00364,-1,-1,-1,0,0,0,136,1,1,0,0.0000000,0.0000000,0.0000000,0,0,0,0
756348479311541 D 2970,1760304339,1000,1553,1553,2.3822722,-0.00350,-1,-1,-1,0,0,0,136,1,1,0,0.0000000,0.0000000,0.0000000,0,0,0,0
756348480104333 D 2971,1760305339,1000,1553,1553,2.3822722,-0.00336,-1,-1,-1,0,0,0,136,1,1,0,0.0000000,0.0000000,0.0000000,0,0,0,0
756348481107333 D 2972,1760306339,1000,1553,1553,2.3822722,-0.00323,-1,-1,-1,0,0,0,136,1,1,0,0.0000000,0.0000000,0.0000000,0,0,0,0
756348482099833 D 2973,1760307339,1000,1553,1553,2.3822722,-0.00310,-1,-1,-1,0,0,0,136,1,1,0,0.0000000,0.0000000,0.0000000,0,0,0,0
756348483136708 D 2974,1760308339,1000,1553,1553,2.3822722,-0.00298,-1,-1,-1,0,0,0,136,1,1,0,0.0000000,0.0000000,0.0000000,0,0,0,0
756348484118250 D 2975,1760309339,1000,1553,1553,2.3822722,-0.00286,-1,-1,-1,0,0,0,136,1,1,0,0.0000000,0.0000000,0.0000000,0,0,0,0
756348485230583 D 2976,1760310339,1000,1553,1553,2.3822722,-0.00275,-1,-1,-1,0,0,0,136,1,1,0,0.0000000,0.0000000,0.0000000,0,0,0,0
756348486195625 D 2977,1760311339,1000,1553,1553,2.3822722,-0.00264,-1,-1,-1,0,0,0,136,1,1,0,0.0000000,0.0000000,0.0000000,0,0,0,0
756348487116958 D 2978,1760312339,1000,1553,1553,2.3822722,-0.00254,-1,-1,-1,0,0,0,136,1,1,0,0.0000000,0.0000000,0.0000000,0,0,0,0
756348488145458 D 2979,1760313339,1000,1553,1553,2.3822722,-0.00244,-1,-1,-1,0,0,0,136,1,1,0,0.0000000,0.0000000,0.0000000,0,0,0,0
756348489138708 D 2980,1760314339,1000,1553,1553,2.3822722,-0.00235,-1,-1,-1,0,0,0,136,1,1,0,0.0000000,0.0000000,0.0000000,0,0,0,0
756348490120833 D 2981,1760315339,1000,1553,1553,2.3822722,-0.00225,-1,-1,-1,0,0,0,136,1,1,0,0.0000000,0.0000000,0.0000000,0,0,0,0
756348491140083 D 2982,1760316339,1000,1554,1554,2.3838062,0.05798,-1,-1,-1,0,0,0,136,1,1,0,0.0000000,0.0000000,0.0000000,0,0,0,0
756348492111083 D 2983,1760317339,1000,1554,1554,2.3838062,0.05571,-1,-1,-1,0,0,0,136,1,1,0,0.0000000,0.0000000,0.0000000,0,0,0,0
756348493081916 D 2984,1760318339,1000,1553,1553,2.3822722,-0.00662,-1,-1,-1,0,0,0,136,1,1,0,0.0000000,0.0000000,0.0000000,0,0,0,0
756348494094541 D 2985,1760319339,1000,1554,1554,2.3838062,0.05378,-1,-1,-1,0,0,0,136,1,1,0,0.0000000,0.0000000,0.0000000,0,0,0,0
756348495122125 D 2986,1760320339,1000,1553,1553,2.3822722,-0.00847,-1,-1,-1,0,0,0,136,1,1,0,0.0000000,0.0000000,0.0000000,0,0,0,0
756348496097583 D 2987,1760321339,1000,1553,1553,2.3822722,-0.00814,-1,-1,-1,0,0,0,136,1,1,0,0.0000000,0.0000000,0.0000000,0,0,0,0
756348497101291 D 2988,1760322339,1000,1553,1553,2.3822722,-0.00782,-1,-1,-1,0,0,0,136,1,1,0,0.0000000,0.0000000,0.0000000,0,0,0,0
756348498092458 D 2989,1760323339,1000,1553,1553,2.3822722,-0.00751,-1,-1,-1,0,0,0,136,1,1,0,0.0000000,0.0000000,0.0000000,0,0,0,0
756348499215583 D 2990,1760324339,1000,1553,1553,2.3822722,-0.00722,-1,-1,-1,0,0,0,136,1,1,0,0.0000000,0.0000000,0.0000000,0,0,0,0
756348500123250 D 2991,1760325339,1000,1553,1553,2.3822722,-0.00694,-1,-1,-1,0,0,0,136,1,1,0,0.0000000,0.0000000,0.0000000,0,0,0,0
756348501104875 D 2992,1760326339,1000,1553,1553,2.3822722,-0.00666,-1,-1,-1,0,0,0,136,1,1,0,0.0000000,0.0000000,0.0000000,0,0,0,0
756348502096625 D 2993,1760327339,1000,1553,1553,2.3822722,-0.00640,-1,-1,-1,0,0,0,136,1,1,0,0.0000000,0.0000000,0.0000000,0,0,0,0
756348503085708 D 2994,1760328339,1000,1553,1553,2.3822722,-0.00615,-1,-1,-1,0,0,0,136,1,1,0,0.0000000,0.0000000,0.0000000,0,0,0,0
756348504084958 D 2995,1760329339,1000,1554,1554,2.3838062,0.05424,-1,-1,-1,0,0,0,136,1,1,0,0.0000000,0.0000000,0.0000000,0,0,0,0
756348505085000 D 2996,1760330339,1000,1553,1553,2.3822722,-0.00804,-1,-1,-1,0,0,0,135,1,1,0,0.0000000,0.0000000,0.0000000,0,0,0,0
756348506086875 D 2997,1760331339,1000,1553,1553,2.3822722,-0.00772,-1,-1,-1,0,0,0,136,1,1,0,0.0000000,0.0000000,0.0000000,0,0,0,0
756348507079125 D 2998,1760332339,1000,1553,1553,2.3822722,-0.00742,-1,-1,-1,0,0,0,136,1,1,0,0.0000000,0.0000000,0.0000000,0,0,0,0
756348508332208 D 2999,1760333339,1000,1553,1553,2.3822722,-0.00713,-1,-1,-1,0,0,0,136,1,1,0,0.0000000,0.0000000,0.0000000,0,0,0,0
756348508718625 E 1760333436 END host_stop 0 0 0
