756901302258750 I steps_per_m=26666.66601562 cart_step=2 cart_dir=3 enable=8 limits_connected=0 filter_write_ok=1
756901302976500 I home=0 enabled=0 travel_mm=300.000 vmax_mm_s=30.000 amax_mm_s2=300.000 jerk_mm_s3=3000.000
756901303123916 E 2309737099 INFO
756901303303541 E 2313126023 STREAM
756901304095500 D 0,2313126339,0,1551,1551,2.3792043,0.00000,-1,-1,-1,0,0,0,136,1,1,0,0.0000000,0.0000000,0.0000000,0,0,0,0
756901304946666 D 1,2313127339,1000,1551,1551,2.3792043,0.00000,-1,-1,-1,0,0,0,136,1,1,0,0.0000000,0.0000000,0.0000000,0,0,0,0
756901305654750 D 2,2313128339,1000,1551,1551,2.3792043,0.00000,-1,-1,-1,0,0,0,136,1,1,0,0.0000000,0.0000000,0.0000000,0,0,0,0
756901306282833 D 3,2313129339,1000,1551,1551,2.3792043,0.00000,-1,-1,-1,0,0,0,136,1,1,0,0.0000000,0.0000000,0.0000000,0,0,0,0
756901306891541 D 4,2313130339,1000,1551,1551,2.3792043,0.00000,-1,-1,-1,0,0,0,136,1,1,0,0.0000000,0.0000000,0.0000000,0,0,0,0
756901307654458 D 5,2313131339,1000,1551,1551,2.3792043,0.00000,-1,-1,-1,0,0,0,136,1,1,0,0.0000000,0.0000000,0.0000000,0,0,0,0
756901308676708 D 6,2313132339,1000,1551,1551,2.3792043,0.00000,-1,-1,-1,0,0,0,136,1,1,0,0.0000000,0.0000000,0.0000000,0,0,0,0
756901309617916 D 7,2313133339,1000,1551,1551,2.3792043,0.00000,-1,-1,-1,0,0,0,136,1,1,0,0.0000000,0.0000000,0.0000000,0,0,0,0
756901311048458 D 8,2313134339,1000,1551,1551,2.3792043,0.00000,-1,-1,-1,0,0,0,135,1,1,0,0.0000000,0.0000000,0.0000000,0,0,0,0
756901311729916 D 9,2313135339,1000,1551,1551,2.3792043,0.00000,-1,-1,-1,0,0,0,136,1,1,0,0.0000000,0.0000000,0.0000000,0,0,0,0
756901312742041 D 10,2313136339,1000,1551,1551,2.3792043,0.00000,-1,-1,-1,0,0,0,136,1,1,0,0.0000000,0.0000000,0.0000000,0,0,0,0
756901313679541 D 11,2313137339,1000,1551,1551,2.3792043,0.00000,-1,-1,-1,0,0,0,136,1,1,0,0.0000000,0.0000000,0.0000000,0,0,0,0
756901314633125 D 12,2313138339,1000,1551,1551,2.3792043,0.00000,-1,-1,-1,0,0,0,136,1,1,0,0.0000000,0.0000000,0.0000000,0,0,0,0
756901315649541 D 13,2313139339,1000,1551,1551,2.3792043,0.00000,-1,-1,-1,0,0,0,136,1,1,0,0.0000000,0.0000000,0.0000000,0,0,0,0
756901316633583 D 14,2313140339,1000,1551,1551,2.3792043,0.00000,-1,-1,-1,0,0,0,136,1,1,0,0.0000000,0.0000000,0.0000000,0,0,0,0
756901317562958 D 15,2313141339,1000,1551,1551,2.3792043,0.00000,-1,-1,-1,0,0,0,136,1,1,0,0.0000000,0.0000000,0.0000000,0,0,0,0
756901318601458 D 16,2313142339,1000,1551,1551,2.3792043,0.00000,-1,-1,-1,0,0,0,136,1,1,0,0.0000000,0.0000000,0.0000000,0,0,0,0
756901319575583 D 17,2313143339,1000,1551,1551,2.3792043,0.00000,-1,-1,-1,0,0,0,136,1,1,0,0.0000000,0.0000000,0.0000000,0,0,0,0
756901320562708 D 18,2313144339,1000,1551,1551,2.3792043,0.00000,-1,-1,-1,0,0,0,136,1,1,0,0.0000000,0.0000000,0.0000000,0,0,0,0
756901321555541 D 19,2313145339,1000,1551,1551,2.3792043,0.00000,-1,-1,-1,0,0,0,136,1,1,0,0.0000000,0.0000000,0.0000000,0,0,0,0
756901322551041 D 20,2313146339,1000,1551,1551,2.3792043,0.00000,-1,-1,-1,0,0,0,136,1,1,0,0.0000000,0.0000000,0.0000000,0,0,0,0
756901323556625 D 21,2313147339,1000,1551,1551,2.3792043,0.00000,-1,-1,-1,0,0,0,136,1,1,0,0.0000000,0.0000000,0.0000000,0,0,0,0
756901324629041 D 22,2313148339,1000,1551,1551,2.3792043,0.00000,-1,-1,-1,0,0,0,136,1,1,0,0.0000000,0.0000000,0.0000000,0,0,0,0
756901325563083 D 23,2313149339,1000,1551,1551,2.3792043,0.00000,-1,-1,-1,0,0,0,136,1,1,0,0.0000000,0.0000000,0.0000000,0,0,0,0
756901326574000 D 24,2313150339,1000,1551,1551,2.3792043,0.00000,-1,-1,-1,0,0,0,136,1,1,0,0.0000000,0.0000000,0.0000000,0,0,0,0
756901327554000 D 25,2313151339,1000,1551,1551,2.3792043,0.00000,-1,-1,-1,0,0,0,136,1,1,0,0.0000000,0.0000000,0.0000000,0,0,0,0
756901328964375 D 26,2313152339,1000,1551,1551,2.3792043,0.00000,39,128,2055,0,0,0,136,1,1,0,0.0000000,0.0000000,0.0000000,0,0,0,0
756901329552291 D 27,2313153339,1000,1551,1551,2.3792043,0.00000,-1,-1,-1,0,0,0,136,1,1,0,0.0000000,0.0000000,0.0000000,0,0,0,0
756901330680041 D 28,2313154339,1000,1551,1551,2.3792043,0.00000,-1,-1,-1,0,0,0,136,1,1,0,0.0000000,0.0000000,0.0000000,0,0,0,0
756901331399583 D 29,2313155339,1000,1551,1551,2.3792043,0.00000,-1,-1,-1,0,0,0,136,1,1,0,0.0000000,0.0000000,0.0000000,0,0,0,0
756901332370750 D 30,2313156339,1000,1551,1551,2.3792043,0.00000,-1,-1,-1,0,0,0,136,1,1,0,0.0000000,0.0000000,0.0000000,0,0,0,0
756901333397000 D 31,2313157339,1000,1551,1551,2.3792043,0.00000,-1,-1,-1,0,0,0,136,1,1,0,0.0000000,0.0000000,0.0000000,0,0,0,0
756901334432166 D 32,2313158339,1000,1551,1551,2.3792043,0.00000,-1,-1,-1,0,0,0,136,1,1,0,0.0000000,0.0000000,0.0000000,0,0,0,0
756901335647083 D 33,2313159339,1000,1551,1551,2.3792043,0.00000,-1,-1,-1,0,0,0,136,1,1,0,0.0000000,0.0000000,0.0000000,0,0,0,0
756901336631916 D 34,2313160339,1000,1551,1551,2.3792043,0.00000,-1,-1,-1,0,0,0,136,1,1,0,0.0000000,0.0000000,0.0000000,0,0,0,0
756901337613666 D 35,2313161339,1000,1551,1551,2.3792043,0.00000,-1,-1,-1,0,0,0,136,1,1,0,0.0000000,0.0000000,0.0000000,0,0,0,0
756901338645208 D 36,2313162339,1000,1551,1551,2.3792043,0.00000,-1,-1,-1,0,0,0,136,1,1,0,0.0000000,0.0000000,0.0000000,0,0,0,0
756901339636833 D 37,2313163339,1000,1551,1551,2.3792043,0.00000,-1,-1,-1,0,0,0,136,1,1,0,0.0000000,0.0000000,0.0000000,0,0,0,0
756901340641833 D 38,2313164339,1000,1551,1551,2.3792043,0.00000,-1,-1,-1,0,0,0,136,1,1,0,0.0000000,0.0000000,0.0000000,0,0,0,0
756901341633583 D 39,2313165339,1000,1551,1551,2.3792043,0.00000,-1,-1,-1,0,0,0,136,1,1,0,0.0000000,0.0000000,0.0000000,0,0,0,0
756901342648041 D 40,2313166339,1000,1551,1551,2.3792043,0.00000,-1,-1,-1,0,0,0,136,1,1,0,0.0000000,0.0000000,0.0000000,0,0,0,0
756901343651541 D 41,2313167339,1000,1551,1551,2.3792043,0.00000,-1,-1,-1,0,0,0,136,1,1,0,0.0000000,0.0000000,0.0000000,0,0,0,0
756901344630750 D 42,2313168339,1000,1551,1551,2.3792043,0.00000,-1,-1,-1,0,0,0,136,1,1,0,0.0000000,0.0000000,0.0000000,0,0,0,0
756901345645750 D 43,2313169339,1000,1551,1551,2.3792043,0.00000,-1,-1,-1,0,0,0,135,1,1,0,0.0000000,0.0000000,0.0000000,0,0,0,0
756901346637416 D 44,2313170339,1000,1551,1551,2.3792043,0.00000,-1,-1,-1,0,0,0,136,1,1,0,0.0000000,0.0000000,0.0000000,0,0,0,0
756901347643958 D 45,2313171339,1000,1551,1551,2.3792043,0.00000,-1,-1,-1,0,0,0,136,1,1,0,0.0000000,0.0000000,0.0000000,0,0,0,0
756901348644750 D 46,2313172339,1000,1551,1551,2.3792043,0.00000,-1,-1,-1,0,0,0,136,1,1,0,0.0000000,0.0000000,0.0000000,0,0,0,0
756901349651541 D 47,2313173339,1000,1551,1551,2.3792043,0.00000,-1,-1,-1,0,0,0,136,1,1,0,0.0000000,0.0000000,0.0000000,0,0,0,0
756901350635458 D 48,2313174339,1000,1551,1551,2.3792043,0.00000,-1,-1,-1,0,0,0,136,1,1,0,0.0000000,0.0000000,0.0000000,0,0,0,0
756901351655458 D 49,2313175339,1000,1551,1551,2.3792043,0.00000,-1,-1,-1,0,0,0,136,1,1,0,0.0000000,0.0000000,0.0000000,0,0,0,0
756901352660333 D 50,2313176339,1000,1551,1551,2.3792043,0.00000,-1,-1,-1,0,0,0,136,1,1,0,0.0000000,0.0000000,0.0000000,0,0,0,0
756901353647833 D 51,2313177339,1000,1551,1551,2.3792043,0.00000,-1,-1,-1,0,0,0,136,1,1,0,0.0000000,0.0000000,0.0000000,0,0,0,0
756901354649666 D 52,2313178339,1000,1551,1551,2.3792043,0.00000,-1,-1,-1,0,0,0,136,1,1,0,0.0000000,0.0000000,0.0000000,0,0,0,0
756901355631000 D 53,2313179339,1000,1551,1551,2.3792043,0.00000,-1,-1,-1,0,0,0,136,1,1,0,0.0000000,0.0000000,0.0000000,0,0,0,0
756901356641875 D 54,2313180339,1000,1551,1551,2.3792043,0.00000,-1,-1,-1,0,0,0,136,1,1,0,0.0000000,0.0000000,0.0000000,0,0,0,0
756901357668125 D 55,2313181339,1000,1551,1551,2.3792043,0.00000,-1,-1,-1,0,0,0,136,1,1,0,0.0000000,0.0000000,0.0000000,0,0,0,0
756901358651833 D 56,2313182339,1000,1551,1551,2.3792043,0.00000,-1,-1,-1,0,0,0,136,1,1,0,0.0000000,0.0000000,0.0000000,0,0,0,0
756901359653125 D 57,2313183339,1000,1551,1551,2.3792043,0.00000,-1,-1,-1,0,0,0,135,1,1,0,0.0000000,0.0000000,0.0000000,0,0,0,0
756901360659750 D 58,2313184339,1000,1551,1551,2.3792043,0.00000,-1,-1,-1,0,0,0,136,1,1,0,0.0000000,0.0000000,0.0000000,0,0,0,0
756901361649291 D 59,2313185339,1000,1551,1551,2.3792043,0.00000,-1,-1,-1,0,0,0,136,1,1,0,0.0000000,0.0000000,0.0000000,0,0,0,0
756901362665000 D 60,2313186339,1000,1551,1551,2.3792043,0.00000,-1,-1,-1,0,0,0,136,1,1,0,0.0000000,0.0000000,0.0000000,0,0,0,0
756901363632875 D 61,2313187339,1000,1551,1551,2.3792043,0.00000,-1,-1,-1,0,0,0,136,1,1,0,0.0000000,0.0000000,0.0000000,0,0,0,0
756901364638291 D 62,2313188339,1000,1551,1551,2.3792043,0.00000,-1,-1,-1,0,0,0,136,1,1,0,0.0000000,0.0000000,0.0000000,0,0,0,0
756901365650000 D 63,2313189339,1000,1551,1551,2.3792043,0.00000,-1,-1,-1,0,0,0,136,1,1,0,0.0000000,0.0000000,0.0000000,0,0,0,0
756901366656041 D 64,2313190339,1000,1551,1551,2.3792043,0.00000,-1,-1,-1,0,0,0,136,1,1,0,0.0000000,0.0000000,0.0000000,0,0,0,0
756901367650541 D 65,2313191339,1000,1551,1551,2.3792043,0.00000,-1,-1,-1,0,0,0,136,1,1,0,0.0000000,0.0000000,0.0000000,0,0,0,0
756901368651500 D 66,2313192339,1000,1551,1551,2.3792043,0.00000,-1,-1,-1,0,0,0,136,1,1,0,0.0000000,0.0000000,0.0000000,0,0,0,0
756901369670916 D 67,2313193339,1000,1551,1551,2.3792043,0.00000,-1,-1,-1,0,0,0,136,1,1,0,0.0000000,0.0000000,0.0000000,0,0,0,0
756901370570583 D 68,2313194339,1000,1551,1551,2.3792043,0.00000,-1,-1,-1,0,0,0,136,1,1,0,0.0000000,0.0000000,0.0000000,0,0,0,0
756901371702083 D 69,2313195339,1000,1551,1551,2.3792043,0.00000,-1,-1,-1,0,0,0,136,1,1,0,0.0000000,0.0000000,0.0000000,0,0,0,0
756901372670500 D 70,2313196339,1000,1551,1551,2.3792043,0.00000,-1,-1,-1,0,0,0,136,1,1,0,0.0000000,0.0000000,0.0000000,0,0,0,0
756901373693041 D 71,2313197339,1000,1551,1551,2.3792043,0.00000,-1,-1,-1,0,0,0,135,1,1,0,0.0000000,0.0000000,0.0000000,0,0,0,0
756901374666583 D 72,2313198339,1000,1551,1551,2.3792043,0.00000,-1,-1,-1,0,0,0,136,1,1,0,0.0000000,0.0000000,0.0000000,0,0,0,0
756901375647166 D 73,2313199339,1000,1551,1551,2.3792043,0.00000,-1,-1,-1,0,0,0,136,1,1,0,0.0000000,0.0000000,0.0000000,0,0,0,0
756901376539583 D 74,2313200339,1000,1551,1551,2.3792043,0.00000,-1,-1,-1,0,0,0,136,1,1,0,0.0000000,0.0000000,0.0000000,0,0,0,0
756901377397000 D 75,2313201339,1000,1551,1551,2.3792043,0.00000,-1,-1,-1,0,0,0,136,1,1,0,0.0000000,0.0000000,0.0000000,0,0,0,0
756901378756791 D 76,2313202339,1000,1551,1551,2.3792043,0.00000,39,128,2054,0,0,0,136,1,1,0,0.0000000,0.0000000,0.0000000,0,0,0,0
756901379392291 D 77,2313203339,1000,1551,1551,2.3792043,0.00000,-1,-1,-1,0,0,0,136,1,1,0,0.0000000,0.0000000,0.0000000,0,0,0,0
756901380372000 D 78,2313204339,1000,1551,1551,2.3792043,0.00000,-1,-1,-1,0,0,0,136,1,1,0,0.0000000,0.0000000,0.0000000,0,0,0,0
756901381448250 D 79,2313205339,1000,1551,1551,2.3792043,0.00000,-1,-1,-1,0,0,0,136,1,1,0,0.0000000,0.0000000,0.0000000,0,0,0,0
756901382390750 D 80,2313206339,1000,1551,1551,2.3792043,0.00000,-1,-1,-1,0,0,0,136,1,1,0,0.0000000,0.0000000,0.0000000,0,0,0,0
756901383383833 D 81,2313207339,1000,1551,1551,2.3792043,0.00000,-1,-1,-1,0,0,0,136,1,1,0,0.0000000,0.0000000,0.0000000,0,0,0,0
756901384386958 D 82,2313208339,1000,1551,1551,2.3792043,0.00000,-1,-1,-1,0,0,0,136,1,1,0,0.0000000,0.0000000,0.0000000,0,0,0,0
756901385369375 D 83,2313209339,1000,1551,1551,2.3792043,0.00000,-1,-1,-1,0,0,0,136,1,1,0,0.0000000,0.0000000,0.0000000,0,0,0,0
756901386381791 D 84,2313210339,1000,1551,1551,2.3792043,0.00000,-1,-1,-1,0,0,0,136,1,1,0,0.0000000,0.0000000,0.0000000,0,0,0,0
756901387444750 D 85,2313211339,1000,1551,1551,2.3792043,0.00000,-1,-1,-1,0,0,0,135,1,1,0,0.0000000,0.0000000,0.0000000,0,0,0,0
756901388380291 D 86,2313212339,1000,1551,1551,2.3792043,0.00000,-1,-1,-1,0,0,0,136,1,1,0,0.0000000,0.0000000,0.0000000,0,0,0,0
756901389444625 D 87,2313213339,1000,1551,1551,2.3792043,0.00000,-1,-1,-1,0,0,0,136,1,1,0,0.0000000,0.0000000,0.0000000,0,0,0,0
756901390445833 D 88,2313214339,1000,1551,1551,2.3792043,0.00000,-1,-1,-1,0,0,0,136,1,1,0,0.0000000,0.0000000,0.0000000,0,0,0,0
756901391468083 D 89,2313215339,1000,1551,1551,2.3792043,0.00000,-1,-1,-1,0,0,0,136,1,1,0,0.0000000,0.0000000,0.0000000,0,0,0,0
756901392436041 D 90,2313216339,1000,1550,1550,2.3776703,-0.06015,-1,-1,-1,0,0,0,136,1,1,0,0.0000000,0.0000000,0.0000000,0,0,0,0
756901393377708 D 91,2313217339,1000,1551,1551,2.3792043,0.00236,-1,-1,-1,0,0,0,136,1,1,0,0.0000000,0.0000000,0.0000000,0,0,0,0
756901394348875 D 92,2313218339,1000,1551,1551,2.3792043,0.00227,-1,-1,-1,0,0,0,136,1,1,0,0.0000000,0.0000000,0.0000000,0,0,0,0
756901395700208 D 93,2313219339,1000,1551,1551,2.3792043,0.00218,-1,-1,-1,0,0,0,136,1,1,0,0.0000000,0.0000000,0.0000000,0,0,0,0
756901396532666 D 94,2313220339,1000,1551,1551,2.3792043,0.00209,-1,-1,-1,0,0,0,136,1,1,0,0.0000000,0.0000000,0.0000000,0,0,0,0
756901397524458 D 95,2313221339,1000,1551,1551,2.3792043,0.00201,-1,-1,-1,0,0,0,136,1,1,0,0.0000000,0.0000000,0.0000000,0,0,0,0
756901398529875 D 96,2313222339,1000,1551,1551,2.3792043,0.00193,-1,-1,-1,0,0,0,136,1,1,0,0.0000000,0.0000000,0.0000000,0,0,0,0
756901399542666 D 97,2313223339,1000,1551,1551,2.3792043,0.00186,-1,-1,-1,0,0,0,136,1,1,0,0.0000000,0.0000000,0.0000000,0,0,0,0
756901400506541 D 98,2313224339,1000,1551,1551,2.3792043,0.00178,-1,-1,-1,0,0,0,136,1,1,0,0.0000000,0.0000000,0.0000000,0,0,0,0
756901401529291 D 99,2313225339,1000,1551,1551,2.3792043,0.00171,-1,-1,-1,0,0,0,136,1,1,0,0.0000000,0.0000000,0.0000000,0,0,0,0
756901402535541 D 100,2313226339,1000,1551,1551,2.3792043,0.00165,-1,-1,-1,0,0,0,136,1,1,0,0.0000000,0.0000000,0.0000000,0,0,0,0
756901403522500 D 101,2313227339,1000,1551,1551,2.3792043,0.00158,-1,-1,-1,0,0,0,136,1,1,0,0.0000000,0.0000000,0.0000000,0,0,0,0
756901404518958 D 102,2313228339,1000,1551,1551,2.3792043,0.00152,-1,-1,-1,0,0,0,136,1,1,0,0.0000000,0.0000000,0.0000000,0,0,0,0
756901405571375 D 103,2313229339,1000,1551,1551,2.3792043,0.00146,-1,-1,-1,0,0,0,136,1,1,0,0.0000000,0.0000000,0.0000000,0,0,0,0
756901406581875 D 104,2313230339,1000,1551,1551,2.3792043,0.00140,-1,-1,-1,0,0,0,136,1,1,0,0.0000000,0.0000000,0.0000000,0,0,0,0
756901407576458 D 105,2313231339,1000,1551,1551,2.3792043,0.00135,-1,-1,-1,0,0,0,136,1,1,0,0.0000000,0.0000000,0.0000000,0,0,0,0
756901408563666 D 106,2313232339,1000,1551,1551,2.3792043,0.00129,-1,-1,-1,0,0,0,136,1,1,0,0.0000000,0.0000000,0.0000000,0,0,0,0
756901409563333 D 107,2313233339,1000,1551,1551,2.3792043,0.00124,-1,-1,-1,0,0,0,136,1,1,0,0.0000000,0.0000000,0.0000000,0,0,0,0
756901410572666 D 108,2313234339,1000,1551,1551,2.3792043,0.00119,-1,-1,-1,0,0,0,136,1,1,0,0.0000000,0.0000000,0.0000000,0,0,0,0
756901411554208 D 109,2313235339,1000,1551,1551,2.3792043,0.00115,-1,-1,-1,0,0,0,136,1,1,0,0.0000000,0.0000000,0.0000000,0,0,0,0
756901412554208 D 110,2313236339,1000,1551,1551,2.3792043,0.00110,-1,-1,-1,0,0,0,136,1,1,0,0.0000000,0.0000000,0.0000000,0,0,0,0
756901413551083 D 111,2313237339,1000,1551,1551,2.3792043,0.00106,-1,-1,-1,0,0,0,136,1,1,0,0.0000000,0.0000000,0.0000000,0,0,0,0
756901414551791 D 112,2313238339,1000,1551,1551,2.3792043,0.00102,-1,-1,-1,0,0,0,136,1,1,0,0.0000000,0.0000000,0.0000000,0,0,0,0
756901415558416 D 113,2313239339,1000,1551,1551,2.3792043,0.00098,-1,-1,-1,0,0,0,136,1,1,0,0.0000000,0.0000000,0.0000000,0,0,0,0
756901416554208 D 114,2313240339,1000,1551,1551,2.3792043,0.00094,-1,-1,-1,0,0,0,136,1,1,0,0.0000000,0.0000000,0.0000000,0,0,0,0
756901417569875 D 115,2313241339,1000,1551,1551,2.3792043,0.00090,-1,-1,-1,0,0,0,136,1,1,0,0.0000000,0.0000000,0.0000000,0,0,0,0
756901418556791 D 116,2313242339,1000,1551,1551,2.3792043,0.00087,-1,-1,-1,0,0,0,136,1,1,0,0.0000000,0.0000000,0.0000000,0,0,0,0
756901419553583 D 117,2313243339,1000,1551,1551,2.3792043,0.00083,-1,-1,-1,0,0,0,136,1,1,0,0.0000000,0.0000000,0.0000000,0,0,0,0
756901420560708 D 118,2313244339,1000,1550,1550,2.3776703,-0.05935,-1,-1,-1,0,0,0,136,1,1,0,0.0000000,0.0000000,0.0000000,0,0,0,0
756901421578916 D 119,2313245339,1000,1551,1551,2.3792043,0.00313,-1,-1,-1,0,0,0,136,1,1,0,0.0000000,0.0000000,0.0000000,0,0,0,0
756901422582250 D 120,2313246339,1000,1551,1551,2.3792043,0.00301,-1,-1,-1,0,0,0,136,1,1,0,0.0000000,0.0000000,0.0000000,0,0,0,0
756901423571333 D 121,2313247339,1000,1551,1551,2.3792043,0.00289,-1,-1,-1,0,0,0,136,1,1,0,0.0000000,0.0000000,0.0000000,0,0,0,0
756901424566083 D 122,2313248339,1000,1551,1551,2.3792043,0.00277,-1,-1,-1,0,0,0,136,1,1,0,0.0000000,0.0000000,0.0000000,0,0,0,0
756901425664125 D 123,2313249339,1000,1551,1551,2.3792043,0.00267,-1,-1,-1,0,0,0,136,1,1,0,0.0000000,0.0000000,0.0000000,0,0,0,0
756901426648125 D 124,2313250339,1000,1551,1551,2.3792043,0.00256,-1,-1,-1,0,0,0,136,1,1,0,0.0000000,0.0000000,0.0000000,0,0,0,0
756901427655250 D 125,2313251339,1000,1551,1551,2.3792043,0.00246,-1,-1,-1,0,0,0,136,1,1,0,0.0000000,0.0000000,0.0000000,0,0,0,0
756901429087541 D 126,2313252339,1000,1551,1551,2.3792043,0.00236,39,128,2054,0,0,0,136,1,1,0,0.0000000,0.0000000,0.0000000,0,0,0,0
756901429774375 D 127,2313253339,1000,1551,1551,2.3792043,0.00227,-1,-1,-1,0,0,0,136,1,1,0,0.0000000,0.0000000,0.0000000,0,0,0,0
756901430652500 D 128,2313254339,1000,1551,1551,2.3792043,0.00218,-1,-1,-1,0,0,0,136,1,1,0,0.0000000,0.0000000,0.0000000,0,0,0,0
756901431639833 D 129,2313255339,1000,1551,1551,2.3792043,0.00210,-1,-1,-1,0,0,0,136,1,1,0,0.0000000,0.0000000,0.0000000,0,0,0,0
756901432642708 D 130,2313256339,1000,1551,1551,2.3792043,0.00201,-1,-1,-1,0,0,0,136,1,1,0,0.0000000,0.0000000,0.0000000,0,0,0,0
756901433640500 D 131,2313257339,1000,1551,1551,2.3792043,0.00194,-1,-1,-1,0,0,0,136,1,1,0,0.0000000,0.0000000,0.0000000,0,0,0,0
756901434651416 D 132,2313258339,1000,1551,1551,2.3792043,0.00186,-1,-1,-1,0,0,0,136,1,1,0,0.0000000,0.0000000,0.0000000,0,0,0,0
756901435638208 D 133,2313259339,1000,1551,1551,2.3792043,0.00179,-1,-1,-1,0,0,0,136,1,1,0,0.0000000,0.0000000,0.0000000,0,0,0,0
756901436637708 D 134,2313260339,1000,1551,1551,2.3792043,0.00172,-1,-1,-1,0,0,0,136,1,1,0,0.0000000,0.0000000,0.0000000,0,0,0,0
756901437661416 D 135,2313261339,1000,1551,1551,2.3792043,0.00165,-1,-1,-1,0,0,0,136,1,1,0,0.0000000,0.0000000,0.0000000,0,0,0,0
756901438682791 D 136,2313262339,1000,1551,1551,2.3792043,0.00158,-1,-1,-1,0,0,0,136,1,1,0,0.0000000,0.0000000,0.0000000,0,0,0,0
756901439648416 D 137,2313263339,1000,1551,1551,2.3792043,0.00152,-1,-1,-1,0,0,0,136,1,1,0,0.0000000,0.0000000,0.0000000,0,0,0,0
756901440647750 D 138,2313264339,1000,1551,1551,2.3792043,0.00146,-1,-1,-1,0,0,0,136,1,1,0,0.0000000,0.0000000,0.0000000,0,0,0,0
756901441658958 D 139,2313265339,1000,1551,1551,2.3792043,0.00141,-1,-1,-1,0,0,0,136,1,1,0,0.0000000,0.0000000,0.0000000,0,0,0,0
756901442646125 D 140,2313266339,1000,1551,1551,2.3792043,0.00135,-1,-1,-1,0,0,0,136,1,1,0,0.0000000,0.0000000,0.0000000,0,0,0,0
756901443644125 D 141,2313267339,1000,1551,1551,2.3792043,0.00130,-1,-1,-1,0,0,0,136,1,1,0,0.0000000,0.0000000,0.0000000,0,0,0,0
756901444640208 D 142,2313268339,1000,1551,1551,2.3792043,0.00125,-1,-1,-1,0,0,0,136,1,1,0,0.0000000,0.0000000,0.0000000,0,0,0,0
756901445642125 D 143,2313269339,1000,1551,1551,2.3792043,0.00120,-1,-1,-1,0,0,0,136,1,1,0,0.0000000,0.0000000,0.0000000,0,0,0,0
756901446652916 D 144,2313270339,1000,1551,1551,2.3792043,0.00115,-1,-1,-1,0,0,0,136,1,1,0,0.0000000,0.0000000,0.0000000,0,0,0,0
756901447670375 D 145,2313271339,1000,1551,1551,2.3792043,0.00111,-1,-1,-1,0,0,0,136,1,1,0,0.0000000,0.0000000,0.0000000,0,0,0,0
756901448687916 D 146,2313272339,1000,1551,1551,2.3792043,0.00106,-1,-1,-1,0,0,0,136,1,1,0,0.0000000,0.0000000,0.0000000,0,0,0,0
756901449682333 D 147,2313273339,1000,1551,1551,2.3792043,0.00102,-1,-1,-1,0,0,0,136,1,1,0,0.0000000,0.0000000,0.0000000,0,0,0,0
756901450685125 D 148,2313274339,1000,1551,1551,2.3792043,0.00098,-1,-1,-1,0,0,0,135,1,1,0,0.0000000,0.0000000,0.0000000,0,0,0,0
756901451655291 D 149,2313275339,1000,1551,1551,2.3792043,0.00094,-1,-1,-1,0,0,0,136,1,1,0,0.0000000,0.0000000,0.0000000,0,0,0,0
756901452672250 D 150,2313276339,1000,1551,1551,2.3792043,0.00091,-1,-1,-1,0,0,0,136,1,1,0,0.0000000,0.0000000,0.0000000,0,0,0,0
756901453674000 D 151,2313277339,1000,1551,1551,2.3792043,0.00087,-1,-1,-1,0,0,0,136,1,1,0,0.0000000,0.0000000,0.0000000,0,0,0,0
756901454658708 D 152,2313278339,1000,1551,1551,2.3792043,0.00084,-1,-1,-1,0,0,0,136,1,1,0,0.0000000,0.0000000,0.0000000,0,0,0,0
756901455668333 D 153,2313279339,1000,1551,1551,2.3792043,0.00080,-1,-1,-1,0,0,0,136,1,1,0,0.0000000,0.0000000,0.0000000,0,0,0,0
756901456660583 D 154,2313280339,1000,1551,1551,2.3792043,0.00077,-1,-1,-1,0,0,0,136,1,1,0,0.0000000,0.0000000,0.0000000,0,0,0,0
756901457662041 D 155,2313281339,1000,1551,1551,2.3792043,0.00074,-1,-1,-1,0,0,0,136,1,1,0,0.0000000,0.0000000,0.0000000,0,0,0,0
756901458683500 D 156,2313282339,1000,1551,1551,2.3792043,0.00071,-1,-1,-1,0,0,0,136,1,1,0,0.0000000,0.0000000,0.0000000,0,0,0,0
756901459485416 D 157,2313283339,1000,1551,1551,2.3792043,0.00068,-1,-1,-1,0,0,0,136,1,1,0,0.0000000,0.0000000,0.0000000,0,0,0,0
756901460435791 D 158,2313284339,1000,1551,1551,2.3792043,0.00066,-1,-1,-1,0,0,0,136,1,1,0,0.0000000,0.0000000,0.0000000,0,0,0,0
756901461401833 D 159,2313285339,1000,1551,1551,2.3792043,0.00063,-1,-1,-1,0,0,0,136,1,1,0,0.0000000,0.0000000,0.0000000,0,0,0,0
756901462441333 D 160,2313286339,1000,1551,1551,2.3792043,0.00061,-1,-1,-1,0,0,0,136,1,1,0,0.0000000,0.0000000,0.0000000,0,0,0,0
756901463394958 D 161,2313287339,1000,1551,1551,2.3792043,0.00058,-1,-1,-1,0,0,0,136,1,1,0,0.0000000,0.0000000,0.0000000,0,0,0,0
756901464446041 D 162,2313288339,1000,1550,1550,2.3776703,-0.05959,-1,-1,-1,0,0,0,136,1,1,0,0.0000000,0.0000000,0.0000000,0,0,0,0
756901465399958 D 163,2313289339,1000,1551,1551,2.3792043,0.00290,-1,-1,-1,0,0,0,136,1,1,0,0.0000000,0.0000000,0.0000000,0,0,0,0
756901466385333 D 164,2313290339,1000,1551,1551,2.3792043,0.00278,-1,-1,-1,0,0,0,136,1,1,0,0.0000000,0.0000000,0.0000000,0,0,0,0
756901467984375 D 165,2313291339,1000,1551,1551,2.3792043,0.00267,-1,-1,-1,0,0,0,136,1,1,0,0.0000000,0.0000000,0.0000000,0,0,0,0
756901468868208 D 166,2313292339,1000,1552,1552,2.3807383,0.06272,-1,-1,-1,0,0,0,136,1,1,0,0.0000000,0.0000000,0.0000000,0,0,0,0
756901469690250 D 167,2313293339,1000,1551,1551,2.3792043,0.00011,-1,-1,-1,0,0,0,136,1,1,0,0.0000000,0.0000000,0.0000000,0,0,0,0
756901470653458 D 168,2313294339,1000,1551,1551,2.3792043,0.00011,-1,-1,-1,0,0,0,136,1,1,0,0.0000000,0.0000000,0.0000000,0,0,0,0
756901471676958 D 169,2313295339,1000,1551,1551,2.3792043,0.00010,-1,-1,-1,0,0,0,136,1,1,0,0.0000000,0.0000000,0.0000000,0,0,0,0
756901472704208 D 170,2313296339,1000,1551,1551,2.3792043,0.00010,-1,-1,-1,0,0,0,136,1,1,0,0.0000000,0.0000000,0.0000000,0,0,0,0
756901473710208 D 171,2313297339,1000,1551,1551,2.3792043,0.00009,-1,-1,-1,0,0,0,136,1,1,0,0.0000000,0.0000000,0.0000000,0,0,0,0
756901474761041 D 172,2313298339,1000,1551,1551,2.3792043,0.00009,-1,-1,-1,0,0,0,136,1,1,0,0.0000000,0.0000000,0.0000000,0,0,0,0
756901475742250 D 173,2313299339,1000,1551,1551,2.3792043,0.00009,-1,-1,-1,0,0,0,136,1,1,0,0.0000000,0.0000000,0.0000000,0,0,0,0
756901476676500 D 174,2313300339,1000,1551,1551,2.3792043,0.00008,-1,-1,-1,0,0,0,136,1,1,0,0.0000000,0.0000000,0.0000000,0,0,0,0
756901477682208 D 175,2313301339,1000,1551,1551,2.3792043,0.00008,-1,-1,-1,0,0,0,136,1,1,0,0.0000000,0.0000000,0.0000000,0,0,0,0
756901479148666 D 176,2313302339,1000,1551,1551,2.3792043,0.00008,39,128,2055,0,0,0,136,1,1,0,0.0000000,0.0000000,0.0000000,0,0,0,0
756901479783416 D 177,2313303339,1000,1551,1551,2.3792043,0.00007,-1,-1,-1,0,0,0,136,1,1,0,0.0000000,0.0000000,0.0000000,0,0,0,0
756901480714541 D 178,2313304339,1000,1551,1551,2.3792043,0.00007,-1,-1,-1,0,0,0,136,1,1,0,0.0000000,0.0000000,0.0000000,0,0,0,0
756901481724416 D 179,2313305339,1000,1551,1551,2.3792043,0.00007,-1,-1,-1,0,0,0,136,1,1,0,0.0000000,0.0000000,0.0000000,0,0,0,0
756901482693791 D 180,2313306339,1000,1551,1551,2.3792043,0.00007,-1,-1,-1,0,0,0,136,1,1,0,0.0000000,0.0000000,0.0000000,0,0,0,0
756901484018125 D 181,2313307339,1000,1551,1551,2.3792043,0.00006,-1,-1,-1,0,0,0,136,1,1,0,0.0000000,0.0000000,0.0000000,0,0,0,0
756901484752208 D 182,2313308339,1000,1551,1551,2.3792043,0.00006,-1,-1,-1,0,0,0,136,1,1,0,0.0000000,0.0000000,0.0000000,0,0,0,0
756901485707291 D 183,2313309339,1000,1551,1551,2.3792043,0.00006,-1,-1,-1,0,0,0,136,1,1,0,0.0000000,0.0000000,0.0000000,0,0,0,0
756901486695666 D 184,2313310339,1000,1551,1551,2.3792043,0.00006,-1,-1,-1,0,0,0,136,1,1,0,0.0000000,0.0000000,0.0000000,0,0,0,0
756901487661208 D 185,2313311339,1000,1551,1551,2.3792043,0.00005,-1,-1,-1,0,0,0,136,1,1,0,0.0000000,0.0000000,0.0000000,0,0,0,0
756901488669875 D 186,2313312339,1000,1551,1551,2.3792043,0.00005,-1,-1,-1,0,0,0,136,1,1,0,0.0000000,0.0000000,0.0000000,0,0,0,0
756901489699833 D 187,2313313339,1000,1551,1551,2.3792043,0.00005,-1,-1,-1,0,0,0,136,1,1,0,0.0000000,0.0000000,0.0000000,0,0,0,0
756901490791916 D 188,2313314339,1000,1551,1551,2.3792043,0.00005,-1,-1,-1,0,0,0,136,1,1,0,0.0000000,0.0000000,0.0000000,0,0,0,0
756901491764000 D 189,2313315339,1000,1551,1551,2.3792043,0.00005,-1,-1,-1,0,0,0,136,1,1,0,0.0000000,0.0000000,0.0000000,0,0,0,0
756901492761041 D 190,2313316339,1000,1551,1551,2.3792043,0.00004,-1,-1,-1,0,0,0,136,1,1,0,0.0000000,0.0000000,0.0000000,0,0,0,0
756901493743458 D 191,2313317339,1000,1551,1551,2.3792043,0.00004,-1,-1,-1,0,0,0,136,1,1,0,0.0000000,0.0000000,0.0000000,0,0,0,0
756901494747708 D 192,2313318339,1000,1551,1551,2.3792043,0.00004,-1,-1,-1,0,0,0,136,1,1,0,0.0000000,0.0000000,0.0000000,0,0,0,0
756901495857875 D 193,2313319339,1000,1551,1551,2.3792043,0.00004,-1,-1,-1,0,0,0,136,1,1,0,0.0000000,0.0000000,0.0000000,0,0,0,0
756901496848208 D 194,2313320339,1000,1551,1551,2.3792043,0.00004,-1,-1,-1,0,0,0,136,1,1,0,0.0000000,0.0000000,0.0000000,0,0,0,0
756901497713208 D 195,2313321339,1000,1551,1551,2.3792043,0.00004,-1,-1,-1,0,0,0,136,1,1,0,0.0000000,0.0000000,0.0000000,0,0,0,0
756901498716750 D 196,2313322339,1000,1551,1551,2.3792043,0.00003,-1,-1,-1,0,0,0,136,1,1,0,0.0000000,0.0000000,0.0000000,0,0,0,0
756901499732541 D 197,2313323339,1000,1551,1551,2.3792043,0.00003,-1,-1,-1,0,0,0,136,1,1,0,0.0000000,0.0000000,0.0000000,0,0,0,0
756901500772000 D 198,2313324339,1000,1551,1551,2.3792043,0.00003,-1,-1,-1,0,0,0,136,1,1,0,0.0000000,0.0000000,0.0000000,0,0,0,0
756901501678541 D 199,2313325339,1000,1551,1551,2.3792043,0.00003,-1,-1,-1,0,0,0,136,1,1,0,0.0000000,0.0000000,0.0000000,0,0,0,0
756901502690583 D 200,2313326339,1000,1551,1551,2.3792043,0.00003,-1,-1,-1,0,0,0,136,1,1,0,0.0000000,0.0000000,0.0000000,0,0,0,0
756901503685750 D 201,2313327339,1000,1551,1551,2.3792043,0.00003,-1,-1,-1,0,0,0,136,1,1,0,0.0000000,0.0000000,0.0000000,0,0,0,0
756901504696500 D 202,2313328339,1000,1551,1551,2.3792043,0.00003,-1,-1,-1,0,0,0,136,1,1,0,0.0000000,0.0000000,0.0000000,0,0,0,0
756901505704708 D 203,2313329339,1000,1551,1551,2.3792043,0.00003,-1,-1,-1,0,0,0,136,1,1,0,0.0000000,0.0000000,0.0000000,0,0,0,0
756901506720583 D 204,2313330339,1000,1551,1551,2.3792043,0.00003,-1,-1,-1,0,0,0,136,1,1,0,0.0000000,0.0000000,0.0000000,0,0,0,0
756901507691250 D 205,2313331339,1000,1551,1551,2.3792043,0.00002,-1,-1,-1,0,0,0,136,1,1,0,0.0000000,0.0000000,0.0000000,0,0,0,0
756901508683166 D 206,2313332339,1000,1551,1551,2.3792043,0.00002,-1,-1,-1,0,0,0,136,1,1,0,0.0000000,0.0000000,0.0000000,0,0,0,0
756901509708166 D 207,2313333339,1000,1551,1551,2.3792043,0.00002,-1,-1,-1,0,0,0,136,1,1,0,0.0000000,0.0000000,0.0000000,0,0,0,0
756901510676625 D 208,2313334339,1000,1551,1551,2.3792043,0.00002,-1,-1,-1,0,0,0,136,1,1,0,0.0000000,0.0000000,0.0000000,0,0,0,0
756901511690875 D 209,2313335339,1000,1551,1551,2.3792043,0.00002,-1,-1,-1,0,0,0,136,1,1,0,0.0000000,0.0000000,0.0000000,0,0,0,0
756901512684958 D 210,2313336339,1000,1551,1551,2.3792043,0.00002,-1,-1,-1,0,0,0,136,1,1,0,0.0000000,0.0000000,0.0000000,0,0,0,0
756901513709291 D 211,2313337339,1000,1551,1551,2.3792043,0.00002,-1,-1,-1,0,0,0,136,1,1,0,0.0000000,0.0000000,0.0000000,0,0,0,0
756901514696708 D 212,2313338339,1000,1551,1551,2.3792043,0.00002,-1,-1,-1,0,0,0,136,1,1,0,0.0000000,0.0000000,0.0000000,0,0,0,0
756901515762833 D 213,2313339339,1000,1551,1551,2.3792043,0.00002,-1,-1,-1,0,0,0,136,1,1,0,0.0000000,0.0000000,0.0000000,0,0,0,0
756901516714416 D 214,2313340339,1000,1551,1551,2.3792043,0.00002,-1,-1,-1,0,0,0,136,1,1,0,0.0000000,0.0000000,0.0000000,0,0,0,0
756901517676958 D 215,2313341339,1000,1551,1551,2.3792043,0.00002,-1,-1,-1,0,0,0,136,1,1,0,0.0000000,0.0000000,0.0000000,0,0,0,0
756901518681333 D 216,2313342339,1000,1551,1551,2.3792043,0.00002,-1,-1,-1,0,0,0,136,1,1,0,0.0000000,0.0000000,0.0000000,0,0,0,0
756901519665583 D 217,2313343339,1000,1551,1551,2.3792043,0.00001,-1,-1,-1,0,0,0,136,1,1,0,0.0000000,0.0000000,0.0000000,0,0,0,0
756901520671458 D 218,2313344339,1000,1551,1551,2.3792043,0.00001,-1,-1,-1,0,0,0,136,1,1,0,0.0000000,0.0000000,0.0000000,0,0,0,0
756901521689875 D 219,2313345339,1000,1551,1551,2.3792043,0.00001,-1,-1,-1,0,0,0,136,1,1,0,0.0000000,0.0000000,0.0000000,0,0,0,0
756901522678791 D 220,2313346339,1000,1551,1551,2.3792043,0.00001,-1,-1,-1,0,0,0,136,1,1,0,0.0000000,0.0000000,0.0000000,0,0,0,0
756901523681833 D 221,2313347339,1000,1551,1551,2.3792043,0.00001,-1,-1,-1,0,0,0,136,1,1,0,0.0000000,0.0000000,0.0000000,0,0,0,0
756901524668541 D 222,2313348339,1000,1551,1551,2.3792043,0.00001,-1,-1,-1,0,0,0,136,1,1,0,0.0000000,0.0000000,0.0000000,0,0,0,0
756901525674000 D 223,2313349339,1000,1550,1550,2.3776703,-0.06014,-1,-1,-1,0,0,0,136,1,1,0,0.0000000,0.0000000,0.0000000,0,0,0,0
756901526661208 D 224,2313350339,1000,1551,1551,2.3792043,0.00237,-1,-1,-1,0,0,0,136,1,1,0,0.0000000,0.0000000,0.0000000,0,0,0,0
756901527660541 D 225,2313351339,1000,1551,1551,2.3792043,0.00228,-1,-1,-1,0,0,0,136,1,1,0,0.0000000,0.0000000,0.0000000,0,0,0,0
756901529047250 D 226,2313352339,1000,1551,1551,2.3792043,0.00219,39,128,2054,0,0,0,136,1,1,0,0.0000000,0.0000000,0.0000000,0,0,0,0
756901529813458 D 227,2313353339,1000,1551,1551,2.3792043,0.00210,-1,-1,-1,0,0,0,136,1,1,0,0.0000000,0.0000000,0.0000000,0,0,0,0
756901530955166 D 228,2313354339,1000,1551,1551,2.3792043,0.00202,-1,-1,-1,0,0,0,136,1,1,0,0.0000000,0.0000000,0.0000000,0,0,0,0
756901531900250 D 229,2313355339,1000,1551,1551,2.3792043,0.00194,-1,-1,-1,0,0,0,136,1,1,0,0.0000000,0.0000000,0.0000000,0,0,0,0
756901532796958 D 230,2313356339,1000,1551,1551,2.3792043,0.00186,-1,-1,-1,0,0,0,136,1,1,0,0.0000000,0.0000000,0.0000000,0,0,0,0
756901533665583 D 231,2313357339,1000,1551,1551,2.3792043,0.00179,-1,-1,-1,0,0,0,136,1,1,0,0.0000000,0.0000000,0.0000000,0,0,0,0
756901534658416 D 232,2313358339,1000,1551,1551,2.3792043,0.00172,-1,-1,-1,0,0,0,136,1,1,0,0.0000000,0.0000000,0.0000000,0,0,0,0
756901535665041 D 233,2313359339,1000,1551,1551,2.3792043,0.00165,-1,-1,-1,0,0,0,136,1,1,0,0.0000000,0.0000000,0.0000000,0,0,0,0
756901536664958 D 234,2313360339,1000,1551,1551,2.3792043,0.00159,-1,-1,-1,0,0,0,136,1,1,0,0.0000000,0.0000000,0.0000000,0,0,0,0
756901537655791 D 235,2313361339,1000,1551,1551,2.3792043,0.00153,-1,-1,-1,0,0,0,136,1,1,0,0.0000000,0.0000000,0.0000000,0,0,0,0
756901538689458 D 236,2313362339,1000,1551,1551,2.3792043,0.00147,-1,-1,-1,0,0,0,136,1,1,0,0.0000000,0.0000000,0.0000000,0,0,0,0
756901539676916 D 237,2313363339,1000,1551,1551,2.3792043,0.00141,-1,-1,-1,0,0,0,136,1,1,0,0.0000000,0.0000000,0.0000000,0,0,0,0
756901540657833 D 238,2313364339,1000,1551,1551,2.3792043,0.00135,-1,-1,-1,0,0,0,136,1,1,0,0.0000000,0.0000000,0.0000000,0,0,0,0
756901541657791 D 239,2313365339,1000,1551,1551,2.3792043,0.00130,-1,-1,-1,0,0,0,135,1,1,0,0.0000000,0.0000000,0.0000000,0,0,0,0
756901542651500 D 240,2313366339,1000,1551,1551,2.3792043,0.00125,-1,-1,-1,0,0,0,136,1,1,0,0.0000000,0.0000000,0.0000000,0,0,0,0
756901543649416 D 241,2313367339,1000,1551,1551,2.3792043,0.00120,-1,-1,-1,0,0,0,136,1,1,0,0.0000000,0.0000000,0.0000000,0,0,0,0
756901544655750 D 242,2313368339,1000,1551,1551,2.3792043,0.00115,-1,-1,-1,0,0,0,136,1,1,0,0.0000000,0.0000000,0.0000000,0,0,0,0
756901545654125 D 243,2313369339,1000,1551,1551,2.3792043,0.00111,-1,-1,-1,0,0,0,136,1,1,0,0.0000000,0.0000000,0.0000000,0,0,0,0
756901546748708 D 244,2313370339,1000,1551,1551,2.3792043,0.00106,-1,-1,-1,0,0,0,136,1,1,0,0.0000000,0.0000000,0.0000000,0,0,0,0
756901547773833 D 245,2313371339,1000,1551,1551,2.3792043,0.00102,-1,-1,-1,0,0,0,136,1,1,0,0.0000000,0.0000000,0.0000000,0,0,0,0
756901548877250 D 246,2313372339,1000,1551,1551,2.3792043,0.00098,-1,-1,-1,0,0,0,136,1,1,0,0.0000000,0.0000000,0.0000000,0,0,0,0
756901549745125 D 247,2313373339,1000,1551,1551,2.3792043,0.00094,-1,-1,-1,0,0,0,136,1,1,0,0.0000000,0.0000000,0.0000000,0,0,0,0
756901550696166 D 248,2313374339,1000,1551,1551,2.3792043,0.00091,-1,-1,-1,0,0,0,136,1,1,0,0.0000000,0.0000000,0.0000000,0,0,0,0
756901551774208 D 249,2313375339,1000,1551,1551,2.3792043,0.00087,-1,-1,-1,0,0,0,136,1,1,0,0.0000000,0.0000000,0.0000000,0,0,0,0
756901552682750 D 250,2313376339,1000,1551,1551,2.3792043,0.00084,-1,-1,-1,0,0,0,136,1,1,0,0.0000000,0.0000000,0.0000000,0,0,0,0
756901553758916 D 251,2313377339,1000,1551,1551,2.3792043,0.00080,-1,-1,-1,0,0,0,136,1,1,0,0.0000000,0.0000000,0.0000000,0,0,0,0
756901554698291 D 252,2313378339,1000,1551,1551,2.3792043,0.00077,-1,-1,-1,0,0,0,136,1,1,0,0.0000000,0.0000000,0.0000000,0,0,0,0
756901555685083 D 253,2313379339,1000,1551,1551,2.3792043,0.00074,-1,-1,-1,0,0,0,136,1,1,0,0.0000000,0.0000000,0.0000000,0,0,0,0
756901556700958 D 254,2313380339,1000,1551,1551,2.3792043,0.00071,-1,-1,-1,0,0,0,136,1,1,0,0.0000000,0.0000000,0.0000000,0,0,0,0
756901557680625 D 255,2313381339,1000,1551,1551,2.3792043,0.00069,-1,-1,-1,0,0,0,136,1,1,0,0.0000000,0.0000000,0.0000000,0,0,0,0
756901558660791 D 256,2313382339,1000,1551,1551,2.3792043,0.00066,-1,-1,-1,0,0,0,136,1,1,0,0.0000000,0.0000000,0.0000000,0,0,0,0
756901559664083 D 257,2313383339,1000,1551,1551,2.3792043,0.00063,-1,-1,-1,0,0,0,136,1,1,0,0.0000000,0.0000000,0.0000000,0,0,0,0
756901560656833 D 258,2313384339,1000,1551,1551,2.3792043,0.00061,-1,-1,-1,0,0,0,136,1,1,0,0.0000000,0.0000000,0.0000000,0,0,0,0
756901561929625 D 259,2313385339,1000,1551,1551,2.3792043,0.00058,-1,-1,-1,0,0,0,136,1,1,0,0.0000000,0.0000000,0.0000000,0,0,0,0
756901562939291 D 260,2313386339,1000,1551,1551,2.3792043,0.00056,-1,-1,-1,0,0,0,136,1,1,0,0.0000000,0.0000000,0.0000000,0,0,0,0
756901563902791 D 261,2313387339,1000,1551,1551,2.3792043,0.00054,-1,-1,-1,0,0,0,136,1,1,0,0.0000000,0.0000000,0.0000000,0,0,0,0
756901564743166 D 262,2313388339,1000,1551,1551,2.3792043,0.00052,-1,-1,-1,0,0,0,136,1,1,0,0.0000000,0.0000000,0.0000000,0,0,0,0
756901565668333 D 263,2313389339,1000,1551,1551,2.3792043,0.00050,-1,-1,-1,0,0,0,136,1,1,0,0.0000000,0.0000000,0.0000000,0,0,0,0
756901566666958 D 264,2313390339,1000,1551,1551,2.3792043,0.00048,-1,-1,-1,0,0,0,136,1,1,0,0.0000000,0.0000000,0.0000000,0,0,0,0
756901567674625 D 265,2313391339,1000,1551,1551,2.3792043,0.00046,-1,-1,-1,0,0,0,136,1,1,0,0.0000000,0.0000000,0.0000000,0,0,0,0
756901568673750 D 266,2313392339,1000,1551,1551,2.3792043,0.00044,-1,-1,-1,0,0,0,136,1,1,0,0.0000000,0.0000000,0.0000000,0,0,0,0
756901569679916 D 267,2313393339,1000,1551,1551,2.3792043,0.00042,-1,-1,-1,0,0,0,135,1,1,0,0.0000000,0.0000000,0.0000000,0,0,0,0
756901570713541 D 268,2313394339,1000,1551,1551,2.3792043,0.00041,-1,-1,-1,0,0,0,136,1,1,0,0.0000000,0.0000000,0.0000000,0,0,0,0
756901571717333 D 269,2313395339,1000,1551,1551,2.3792043,0.00039,-1,-1,-1,0,0,0,136,1,1,0,0.0000000,0.0000000,0.0000000,0,0,0,0
756901572731250 D 270,2313396339,1000,1551,1551,2.3792043,0.00038,-1,-1,-1,0,0,0,136,1,1,0,0.0000000,0.0000000,0.0000000,0,0,0,0
756901573934791 D 271,2313397339,1000,1551,1551,2.3792043,0.00036,-1,-1,-1,0,0,0,136,1,1,0,0.0000000,0.0000000,0.0000000,0,0,0,0
756901574905791 D 272,2313398339,1000,1551,1551,2.3792043,0.00035,-1,-1,-1,0,0,0,136,1,1,0,0.0000000,0.0000000,0.0000000,0,0,0,0
756901575893916 D 273,2313399339,1000,1551,1551,2.3792043,0.00033,-1,-1,-1,0,0,0,136,1,1,0,0.0000000,0.0000000,0.0000000,0,0,0,0
756901576747750 D 274,2313400339,1000,1551,1551,2.3792043,0.00032,-1,-1,-1,0,0,0,135,1,1,0,0.0000000,0.0000000,0.0000000,0,0,0,0
756901577676416 D 275,2313401339,1000,1551,1551,2.3792043,0.00031,-1,-1,-1,0,0,0,136,1,1,0,0.0000000,0.0000000,0.0000000,0,0,0,0
756901579078541 D 276,2313402339,1000,1551,1551,2.3792043,0.00030,39,128,2054,0,0,0,136,1,1,0,0.0000000,0.0000000,0.0000000,0,0,0,0
756901579701333 D 277,2313403339,1000,1551,1551,2.3792043,0.00028,-1,-1,-1,0,0,0,136,1,1,0,0.0000000,0.0000000,0.0000000,0,0,0,0
756901580669458 D 278,2313404339,1000,1551,1551,2.3792043,0.00027,-1,-1,-1,0,0,0,136,1,1,0,0.0000000,0.0000000,0.0000000,0,0,0,0
756901581719166 D 279,2313405339,1000,1551,1551,2.3792043,0.00026,-1,-1,-1,0,0,0,136,1,1,0,0.0000000,0.0000000,0.0000000,0,0,0,0
756901582712916 D 280,2313406339,1000,1551,1551,2.3792043,0.00025,-1,-1,-1,0,0,0,136,1,1,0,0.0000000,0.0000000,0.0000000,0,0,0,0
756901583694500 D 281,2313407339,1000,1551,1551,2.3792043,0.00024,-1,-1,-1,0,0,0,136,1,1,0,0.0000000,0.0000000,0.0000000,0,0,0,0
756901584666166 D 282,2313408339,1000,1551,1551,2.3792043,0.00023,-1,-1,-1,0,0,0,136,1,1,0,0.0000000,0.0000000,0.0000000,0,0,0,0
756901585661125 D 283,2313409339,1000,1551,1551,2.3792043,0.00022,-1,-1,-1,0,0,0,136,1,1,0,0.0000000,0.0000000,0.0000000,0,0,0,0
756901586658208 D 284,2313410339,1000,1551,1551,2.3792043,0.00021,-1,-1,-1,0,0,0,136,1,1,0,0.0000000,0.0000000,0.0000000,0,0,0,0
756901587661625 D 285,2313411339,1000,1551,1551,2.3792043,0.00021,-1,-1,-1,0,0,0,136,1,1,0,0.0000000,0.0000000,0.0000000,0,0,0,0
756901588670291 D 286,2313412339,1000,1551,1551,2.3792043,0.00020,-1,-1,-1,0,0,0,136,1,1,0,0.0000000,0.0000000,0.0000000,0,0,0,0
756901589666000 D 287,2313413339,1000,1551,1551,2.3792043,0.00019,-1,-1,-1,0,0,0,136,1,1,0,0.0000000,0.0000000,0.0000000,0,0,0,0
756901590653250 D 288,2313414339,1000,1551,1551,2.3792043,0.00018,-1,-1,-1,0,0,0,136,1,1,0,0.0000000,0.0000000,0.0000000,0,0,0,0
756901591650250 D 289,2313415339,1000,1551,1551,2.3792043,0.00018,-1,-1,-1,0,0,0,136,1,1,0,0.0000000,0.0000000,0.0000000,0,0,0,0
756901592648541 D 290,2313416339,1000,1551,1551,2.3792043,0.00017,-1,-1,-1,0,0,0,136,1,1,0,0.0000000,0.0000000,0.0000000,0,0,0,0
756901593649375 D 291,2313417339,1000,1551,1551,2.3792043,0.00016,-1,-1,-1,0,0,0,136,1,1,0,0.0000000,0.0000000,0.0000000,0,0,0,0
756901594671458 D 292,2313418339,1000,1551,1551,2.3792043,0.00016,-1,-1,-1,0,0,0,136,1,1,0,0.0000000,0.0000000,0.0000000,0,0,0,0
756901595677708 D 293,2313419339,1000,1551,1551,2.3792043,0.00015,-1,-1,-1,0,0,0,136,1,1,0,0.0000000,0.0000000,0.0000000,0,0,0,0
756901596672500 D 294,2313420339,1000,1551,1551,2.3792043,0.00014,-1,-1,-1,0,0,0,136,1,1,0,0.0000000,0.0000000,0.0000000,0,0,0,0
756901597653791 D 295,2313421339,1000,1551,1551,2.3792043,0.00014,-1,-1,-1,0,0,0,135,1,1,0,0.0000000,0.0000000,0.0000000,0,0,0,0
756901598650666 D 296,2313422339,1000,1551,1551,2.3792043,0.00013,-1,-1,-1,0,0,0,136,1,1,0,0.0000000,0.0000000,0.0000000,0,0,0,0
756901599669875 D 297,2313423339,1000,1551,1551,2.3792043,0.00013,-1,-1,-1,0,0,0,136,1,1,0,0.0000000,0.0000000,0.0000000,0,0,0,0
756901600661083 D 298,2313424339,1000,1551,1551,2.3792043,0.00012,-1,-1,-1,0,0,0,136,1,1,0,0.0000000,0.0000000,0.0000000,0,0,0,0
756901601646791 D 299,2313425339,1000,1551,1551,2.3792043,0.00012,-1,-1,-1,0,0,0,136,1,1,0,0.0000000,0.0000000,0.0000000,0,0,0,0
756901602645750 D 300,2313426341,1002,1551,1551,2.3792043,0.00011,-1,-1,-1,0,0,0,136,1,1,0,0.0000000,0.0000000,0.0000000,0,0,0,0
756901603640083 D 301,2313427339,998,1551,1551,2.3792043,0.00011,-1,-1,-1,0,0,0,136,1,1,0,0.0000000,0.0000000,0.0000000,0,0,0,0
756901604661625 D 302,2313428339,1000,1551,1551,2.3792043,0.00010,-1,-1,-1,0,0,0,136,1,1,0,0.0000000,0.0000000,0.0000000,0,0,0,0
756901605655291 D 303,2313429339,1000,1551,1551,2.3792043,0.00010,-1,-1,-1,0,0,0,136,1,1,0,0.0000000,0.0000000,0.0000000,0,0,0,0
756901606653375 D 304,2313430339,1000,1551,1551,2.3792043,0.00010,-1,-1,-1,0,0,0,136,1,1,0,0.0000000,0.0000000,0.0000000,0,0,0,0
756901607871416 D 305,2313431339,1000,1551,1551,2.3792043,0.00009,-1,-1,-1,0,0,0,136,1,1,0,0.0000000,0.0000000,0.0000000,0,0,0,0
756901608914458 D 306,2313432339,1000,1551,1551,2.3792043,0.00009,-1,-1,-1,0,0,0,136,1,1,0,0.0000000,0.0000000,0.0000000,0,0,0,0
756901609893291 D 307,2313433339,1000,1551,1551,2.3792043,0.00009,-1,-1,-1,0,0,0,136,1,1,0,0.0000000,0.0000000,0.0000000,0,0,0,0
756901610940500 D 308,2313434339,1000,1551,1551,2.3792043,0.00008,-1,-1,-1,0,0,0,136,1,1,0,0.0000000,0.0000000,0.0000000,0,0,0,0
756901611856333 D 309,2313435339,1000,1551,1551,2.3792043,0.00008,-1,-1,-1,0,0,0,136,1,1,0,0.0000000,0.0000000,0.0000000,0,0,0,0
756901612667833 D 310,2313436339,1000,1551,1551,2.3792043,0.00008,-1,-1,-1,0,0,0,136,1,1,0,0.0000000,0.0000000,0.0000000,0,0,0,0
756901613675916 D 311,2313437339,1000,1551,1551,2.3792043,0.00007,-1,-1,-1,0,0,0,136,1,1,0,0.0000000,0.0000000,0.0000000,0,0,0,0
756901614659875 D 312,2313438339,1000,1551,1551,2.3792043,0.00007,-1,-1,-1,0,0,0,136,1,1,0,0.0000000,0.0000000,0.0000000,0,0,0,0
756901615658583 D 313,2313439339,1000,1551,1551,2.3792043,0.00007,-1,-1,-1,0,0,0,136,1,1,0,0.0000000,0.0000000,0.0000000,0,0,0,0
756901616674166 D 314,2313440339,1000,1551,1551,2.3792043,0.00006,-1,-1,-1,0,0,0,136,1,1,0,0.0000000,0.0000000,0.0000000,0,0,0,0
756901617652958 D 315,2313441339,1000,1551,1551,2.3792043,0.00006,-1,-1,-1,0,0,0,136,1,1,0,0.0000000,0.0000000,0.0000000,0,0,0,0
756901618655666 D 316,2313442339,1000,1551,1551,2.3792043,0.00006,-1,-1,-1,0,0,0,136,1,1,0,0.0000000,0.0000000,0.0000000,0,0,0,0
756901619653250 D 317,2313443339,1000,1551,1551,2.3792043,0.00006,-1,-1,-1,0,0,0,136,1,1,0,0.0000000,0.0000000,0.0000000,0,0,0,0
756901620657500 D 318,2313444339,1000,1551,1551,2.3792043,0.00006,-1,-1,-1,0,0,0,136,1,1,0,0.0000000,0.0000000,0.0000000,0,0,0,0
756901621877125 D 319,2313445339,1000,1551,1551,2.3792043,0.00005,-1,-1,-1,0,0,0,136,1,1,0,0.0000000,0.0000000,0.0000000,0,0,0,0
756901622870708 D 320,2313446339,1000,1551,1551,2.3792043,0.00005,-1,-1,-1,0,0,0,136,1,1,0,0.0000000,0.0000000,0.0000000,0,0,0,0
756901623763583 D 321,2313447339,1000,1551,1551,2.3792043,0.00005,-1,-1,-1,0,0,0,136,1,1,0,0.0000000,0.0000000,0.0000000,0,0,0,0
756901624664708 D 322,2313448339,1000,1551,1551,2.3792043,0.00005,-1,-1,-1,0,0,0,136,1,1,0,0.0000000,0.0000000,0.0000000,0,0,0,0
756901625675583 D 323,2313449339,1000,1551,1551,2.3792043,0.00005,-1,-1,-1,0,0,0,136,1,1,0,0.0000000,0.0000000,0.0000000,0,0,0,0
756901626661000 D 324,2313450339,1000,1551,1551,2.3792043,0.00004,-1,-1,-1,0,0,0,136,1,1,0,0.0000000,0.0000000,0.0000000,0,0,0,0
756901627871166 D 325,2313451339,1000,1551,1551,2.3792043,0.00004,-1,-1,-1,0,0,0,136,1,1,0,0.0000000,0.0000000,0.0000000,0,0,0,0
756901629256375 D 326,2313452339,1000,1551,1551,2.3792043,0.00004,39,128,2054,0,0,0,136,1,1,0,0.0000000,0.0000000,0.0000000,0,0,0,0
756901630090250 D 327,2313453339,1000,1551,1551,2.3792043,0.00004,-1,-1,-1,0,0,0,136,1,1,0,0.0000000,0.0000000,0.0000000,0,0,0,0
756901630919166 D 328,2313454339,1000,1551,1551,2.3792043,0.00004,-1,-1,-1,0,0,0,136,1,1,0,0.0000000,0.0000000,0.0000000,0,0,0,0
756901631747333 D 329,2313455339,1000,1551,1551,2.3792043,0.00004,-1,-1,-1,0,0,0,136,1,1,0,0.0000000,0.0000000,0.0000000,0,0,0,0
756901632654875 D 330,2313456339,1000,1551,1551,2.3792043,0.00003,-1,-1,-1,0,0,0,135,1,1,0,0.0000000,0.0000000,0.0000000,0,0,0,0
756901633645166 D 331,2313457339,1000,1551,1551,2.3792043,0.00003,-1,-1,-1,0,0,0,136,1,1,0,0.0000000,0.0000000,0.0000000,0,0,0,0
756901634654666 D 332,2313458339,1000,1551,1551,2.3792043,0.00003,-1,-1,-1,0,0,0,136,1,1,0,0.0000000,0.0000000,0.0000000,0,0,0,0
756901635655541 D 333,2313459339,1000,1551,1551,2.3792043,0.00003,-1,-1,-1,0,0,0,136,1,1,0,0.0000000,0.0000000,0.0000000,0,0,0,0
756901636655916 D 334,2313460339,1000,1551,1551,2.3792043,0.00003,-1,-1,-1,0,0,0,136,1,1,0,0.0000000,0.0000000,0.0000000,0,0,0,0
756901637661208 D 335,2313461339,1000,1551,1551,2.3792043,0.00003,-1,-1,-1,0,0,0,136,1,1,0,0.0000000,0.0000000,0.0000000,0,0,0,0
756901638648791 D 336,2313462339,1000,1551,1551,2.3792043,0.00003,-1,-1,-1,0,0,0,136,1,1,0,0.0000000,0.0000000,0.0000000,0,0,0,0
756901639652958 D 337,2313463339,1000,1551,1551,2.3792043,0.00003,-1,-1,-1,0,0,0,136,1,1,0,0.0000000,0.0000000,0.0000000,0,0,0,0
756901640654625 D 338,2313464339,1000,1551,1551,2.3792043,0.00002,-1,-1,-1,0,0,0,136,1,1,0,0.0000000,0.0000000,0.0000000,0,0,0,0
756901641678875 D 339,2313465339,1000,1551,1551,2.3792043,0.00002,-1,-1,-1,0,0,0,136,1,1,0,0.0000000,0.0000000,0.0000000,0,0,0,0
756901642667666 D 340,2313466339,1000,1551,1551,2.3792043,0.00002,-1,-1,-1,0,0,0,136,1,1,0,0.0000000,0.0000000,0.0000000,0,0,0,0
756901643650083 D 341,2313467339,1000,1551,1551,2.3792043,0.00002,-1,-1,-1,0,0,0,136,1,1,0,0.0000000,0.0000000,0.0000000,0,0,0,0
756901644658666 D 342,2313468339,1000,1551,1551,2.3792043,0.00002,-1,-1,-1,0,0,0,136,1,1,0,0.0000000,0.0000000,0.0000000,0,0,0,0
756901645657208 D 343,2313469339,1000,1551,1551,2.3792043,0.00002,-1,-1,-1,0,0,0,136,1,1,0,0.0000000,0.0000000,0.0000000,0,0,0,0
756901646704666 D 344,2313470339,1000,1551,1551,2.3792043,0.00002,-1,-1,-1,0,0,0,136,1,1,0,0.0000000,0.0000000,0.0000000,0,0,0,0
756901647692291 D 345,2313471339,1000,1551,1551,2.3792043,0.00002,-1,-1,-1,0,0,0,136,1,1,0,0.0000000,0.0000000,0.0000000,0,0,0,0
756901648708208 D 346,2313472339,1000,1551,1551,2.3792043,0.00002,-1,-1,-1,0,0,0,136,1,1,0,0.0000000,0.0000000,0.0000000,0,0,0,0
756901649722708 D 347,2313473339,1000,1551,1551,2.3792043,0.00002,-1,-1,-1,0,0,0,136,1,1,0,0.0000000,0.0000000,0.0000000,0,0,0,0
756901650697166 D 348,2313474339,1000,1551,1551,2.3792043,0.00002,-1,-1,-1,0,0,0,136,1,1,0,0.0000000,0.0000000,0.0000000,0,0,0,0
756901651682583 D 349,2313475339,1000,1551,1551,2.3792043,0.00002,-1,-1,-1,0,0,0,136,1,1,0,0.0000000,0.0000000,0.0000000,0,0,0,0
756901652688166 D 350,2313476339,1000,1551,1551,2.3792043,0.00002,-1,-1,-1,0,0,0,136,1,1,0,0.0000000,0.0000000,0.0000000,0,0,0,0
756901653701083 D 351,2313477339,1000,1551,1551,2.3792043,0.00001,-1,-1,-1,0,0,0,136,1,1,0,0.0000000,0.0000000,0.0000000,0,0,0,0
756901654916458 D 352,2313478339,1000,1551,1551,2.3792043,0.00001,-1,-1,-1,0,0,0,136,1,1,0,0.0000000,0.0000000,0.0000000,0,0,0,0
756901655927583 D 353,2313479339,1000,1551,1551,2.3792043,0.00001,-1,-1,-1,0,0,0,136,1,1,0,0.0000000,0.0000000,0.0000000,0,0,0,0
756901656928416 D 354,2313480339,1000,1551,1551,2.3792043,0.00001,-1,-1,-1,0,0,0,136,1,1,0,0.0000000,0.0000000,0.0000000,0,0,0,0
756901657710666 D 355,2313481339,1000,1551,1551,2.3792043,0.00001,-1,-1,-1,0,0,0,136,1,1,0,0.0000000,0.0000000,0.0000000,0,0,0,0
756901658675833 D 356,2313482339,1000,1551,1551,2.3792043,0.00001,-1,-1,-1,0,0,0,136,1,1,0,0.0000000,0.0000000,0.0000000,0,0,0,0
756901659665750 D 357,2313483339,1000,1551,1551,2.3792043,0.00001,-1,-1,-1,0,0,0,136,1,1,0,0.0000000,0.0000000,0.0000000,0,0,0,0
756901660667041 D 358,2313484339,1000,1551,1551,2.3792043,0.00001,-1,-1,-1,0,0,0,136,1,1,0,0.0000000,0.0000000,0.0000000,0,0,0,0
756901661773666 D 359,2313485339,1000,1551,1551,2.3792043,0.00001,-1,-1,-1,0,0,0,136,1,1,0,0.0000000,0.0000000,0.0000000,0,0,0,0
756901662751291 D 360,2313486339,1000,1551,1551,2.3792043,0.00001,-1,-1,-1,0,0,0,136,1,1,0,0.0000000,0.0000000,0.0000000,0,0,0,0
756901663692166 D 361,2313487339,1000,1551,1551,2.3792043,0.00001,-1,-1,-1,0,0,0,136,1,1,0,0.0000000,0.0000000,0.0000000,0,0,0,0
756901664680583 D 362,2313488339,1000,1551,1551,2.3792043,0.00001,-1,-1,-1,0,0,0,136,1,1,0,0.0000000,0.0000000,0.0000000,0,0,0,0
756901665661416 D 363,2313489339,1000,1551,1551,2.3792043,0.00001,-1,-1,-1,0,0,0,136,1,1,0,0.0000000,0.0000000,0.0000000,0,0,0,0
756901666659166 D 364,2313490339,1000,1551,1551,2.3792043,0.00001,-1,-1,-1,0,0,0,136,1,1,0,0.0000000,0.0000000,0.0000000,0,0,0,0
756901667655791 D 365,2313491339,1000,1551,1551,2.3792043,0.00001,-1,-1,-1,0,0,0,136,1,1,0,0.0000000,0.0000000,0.0000000,0,0,0,0
756901668651708 D 366,2313492339,1000,1551,1551,2.3792043,0.00001,-1,-1,-1,0,0,0,136,1,1,0,0.0000000,0.0000000,0.0000000,0,0,0,0
756901669706375 D 367,2313493339,1000,1551,1551,2.3792043,0.00001,-1,-1,-1,0,0,0,136,1,1,0,0.0000000,0.0000000,0.0000000,0,0,0,0
756901670742083 D 368,2313494339,1000,1551,1551,2.3792043,0.00001,-1,-1,-1,0,0,0,136,1,1,0,0.0000000,0.0000000,0.0000000,0,0,0,0
756901671761583 D 369,2313495339,1000,1551,1551,2.3792043,0.00001,-1,-1,-1,0,0,0,136,1,1,0,0.0000000,0.0000000,0.0000000,0,0,0,0
756901672692541 D 370,2313496339,1000,1551,1551,2.3792043,0.00001,-1,-1,-1,0,0,0,136,1,1,0,0.0000000,0.0000000,0.0000000,0,0,0,0
756901673676833 D 371,2313497339,1000,1551,1551,2.3792043,0.00001,-1,-1,-1,0,0,0,136,1,1,0,0.0000000,0.0000000,0.0000000,0,0,0,0
756901674726000 D 372,2313498339,1000,1551,1551,2.3792043,0.00001,-1,-1,-1,0,0,0,135,1,1,0,0.0000000,0.0000000,0.0000000,0,0,0,0
756901675692958 D 373,2313499339,1000,1551,1551,2.3792043,0.00001,-1,-1,-1,0,0,0,136,1,1,0,0.0000000,0.0000000,0.0000000,0,0,0,0
756901676703083 D 374,2313500339,1000,1551,1551,2.3792043,0.00001,-1,-1,-1,0,0,0,136,1,1,0,0.0000000,0.0000000,0.0000000,0,0,0,0
756901677748083 D 375,2313501339,1000,1551,1551,2.3792043,0.00001,-1,-1,-1,0,0,0,136,1,1,0,0.0000000,0.0000000,0.0000000,0,0,0,0
756901679145041 D 376,2313502339,1000,1551,1551,2.3792043,0.00001,39,128,2054,0,0,0,136,1,1,0,0.0000000,0.0000000,0.0000000,0,0,0,0
756901679926333 D 377,2313503339,1000,1551,1551,2.3792043,0.00001,-1,-1,-1,0,0,0,136,1,1,0,0.0000000,0.0000000,0.0000000,0,0,0,0
756901680697666 D 378,2313504339,1000,1551,1551,2.3792043,0.00001,-1,-1,-1,0,0,0,136,1,1,0,0.0000000,0.0000000,0.0000000,0,0,0,0
756901681619291 D 379,2313505339,1000,1551,1551,2.3792043,0.00000,-1,-1,-1,0,0,0,136,1,1,0,0.0000000,0.0000000,0.0000000,0,0,0,0
756901682630500 D 380,2313506339,1000,1551,1551,2.3792043,0.00000,-1,-1,-1,0,0,0,136,1,1,0,0.0000000,0.0000000,0.0000000,0,0,0,0
756901683621166 D 381,2313507339,1000,1551,1551,2.3792043,0.00000,-1,-1,-1,0,0,0,136,1,1,0,0.0000000,0.0000000,0.0000000,0,0,0,0
756901684596541 D 382,2313508339,1000,1551,1551,2.3792043,0.00000,-1,-1,-1,0,0,0,136,1,1,0,0.0000000,0.0000000,0.0000000,0,0,0,0
756901685631833 D 383,2313509339,1000,1551,1551,2.3792043,0.00000,-1,-1,-1,0,0,0,136,1,1,0,0.0000000,0.0000000,0.0000000,0,0,0,0
756901686780041 D 384,2313510339,1000,1551,1551,2.3792043,0.00000,-1,-1,-1,0,0,0,136,1,1,0,0.0000000,0.0000000,0.0000000,0,0,0,0
756901687674916 D 385,2313511339,1000,1551,1551,2.3792043,0.00000,-1,-1,-1,0,0,0,136,1,1,0,0.0000000,0.0000000,0.0000000,0,0,0,0
756901688739750 D 386,2313512339,1000,1551,1551,2.3792043,0.00000,-1,-1,-1,0,0,0,136,1,1,0,0.0000000,0.0000000,0.0000000,0,0,0,0
756901689610000 D 387,2313513339,1000,1551,1551,2.3792043,0.00000,-1,-1,-1,0,0,0,136,1,1,0,0.0000000,0.0000000,0.0000000,0,0,0,0
756901690600500 D 388,2313514339,1000,1551,1551,2.3792043,0.00000,-1,-1,-1,0,0,0,136,1,1,0,0.0000000,0.0000000,0.0000000,0,0,0,0
756901691601166 D 389,2313515339,1000,1551,1551,2.3792043,0.00000,-1,-1,-1,0,0,0,136,1,1,0,0.0000000,0.0000000,0.0000000,0,0,0,0
756901692604708 D 390,2313516339,1000,1551,1551,2.3792043,0.00000,-1,-1,-1,0,0,0,136,1,1,0,0.0000000,0.0000000,0.0000000,0,0,0,0
756901693652708 D 391,2313517339,1000,1551,1551,2.3792043,0.00000,-1,-1,-1,0,0,0,136,1,1,0,0.0000000,0.0000000,0.0000000,0,0,0,0
756901694701041 D 392,2313518339,1000,1551,1551,2.3792043,0.00000,-1,-1,-1,0,0,0,136,1,1,0,0.0000000,0.0000000,0.0000000,0,0,0,0
756901695600500 D 393,2313519339,1000,1551,1551,2.3792043,0.00000,-1,-1,-1,0,0,0,135,1,1,0,0.0000000,0.0000000,0.0000000,0,0,0,0
756901696596250 D 394,2313520339,1000,1551,1551,2.3792043,0.00000,-1,-1,-1,0,0,0,136,1,1,0,0.0000000,0.0000000,0.0000000,0,0,0,0
756901697595166 D 395,2313521339,1000,1551,1551,2.3792043,0.00000,-1,-1,-1,0,0,0,136,1,1,0,0.0000000,0.0000000,0.0000000,0,0,0,0
756901698602125 D 396,2313522339,1000,1551,1551,2.3792043,0.00000,-1,-1,-1,0,0,0,136,1,1,0,0.0000000,0.0000000,0.0000000,0,0,0,0
756901699594416 D 397,2313523339,1000,1551,1551,2.3792043,0.00000,-1,-1,-1,0,0,0,136,1,1,0,0.0000000,0.0000000,0.0000000,0,0,0,0
756901700684125 D 398,2313524339,1000,1551,1551,2.3792043,0.00000,-1,-1,-1,0,0,0,136,1,1,0,0.0000000,0.0000000,0.0000000,0,0,0,0
756901701683000 D 399,2313525339,1000,1551,1551,2.3792043,0.00000,-1,-1,-1,0,0,0,136,1,1,0,0.0000000,0.0000000,0.0000000,0,0,0,0
756901702673208 D 400,2313526339,1000,1551,1551,2.3792043,0.00000,-1,-1,-1,0,0,0,136,1,1,0,0.0000000,0.0000000,0.0000000,0,0,0,0
756901703685500 D 401,2313527339,1000,1551,1551,2.3792043,0.00000,-1,-1,-1,0,0,0,136,1,1,0,0.0000000,0.0000000,0.0000000,0,0,0,0
756901704696250 D 402,2313528339,1000,1551,1551,2.3792043,0.00000,-1,-1,-1,0,0,0,136,1,1,0,0.0000000,0.0000000,0.0000000,0,0,0,0
756901705666875 D 403,2313529339,1000,1551,1551,2.3792043,0.00000,-1,-1,-1,0,0,0,136,1,1,0,0.0000000,0.0000000,0.0000000,0,0,0,0
756901706663041 D 404,2313530339,1000,1551,1551,2.3792043,0.00000,-1,-1,-1,0,0,0,136,1,1,0,0.0000000,0.0000000,0.0000000,0,0,0,0
756901707664791 D 405,2313531339,1000,1551,1551,2.3792043,0.00000,-1,-1,-1,0,0,0,136,1,1,0,0.0000000,0.0000000,0.0000000,0,0,0,0
756901708666958 D 406,2313532339,1000,1551,1551,2.3792043,0.00000,-1,-1,-1,0,0,0,136,1,1,0,0.0000000,0.0000000,0.0000000,0,0,0,0
756901709664208 D 407,2313533339,1000,1551,1551,2.3792043,0.00000,-1,-1,-1,0,0,0,136,1,1,0,0.0000000,0.0000000,0.0000000,0,0,0,0
756901710713916 D 408,2313534339,1000,1551,1551,2.3792043,0.00000,-1,-1,-1,0,0,0,136,1,1,0,0.0000000,0.0000000,0.0000000,0,0,0,0
756901711678166 D 409,2313535339,1000,1551,1551,2.3792043,0.00000,-1,-1,-1,0,0,0,136,1,1,0,0.0000000,0.0000000,0.0000000,0,0,0,0
756901712659666 D 410,2313536339,1000,1551,1551,2.3792043,0.00000,-1,-1,-1,0,0,0,136,1,1,0,0.0000000,0.0000000,0.0000000,0,0,0,0
756901713662750 D 411,2313537339,1000,1551,1551,2.3792043,0.00000,-1,-1,-1,0,0,0,136,1,1,0,0.0000000,0.0000000,0.0000000,0,0,0,0
756901714664666 D 412,2313538339,1000,1551,1551,2.3792043,0.00000,-1,-1,-1,0,0,0,136,1,1,0,0.0000000,0.0000000,0.0000000,0,0,0,0
756901715664625 D 413,2313539339,1000,1551,1551,2.3792043,0.00000,-1,-1,-1,0,0,0,136,1,1,0,0.0000000,0.0000000,0.0000000,0,0,0,0
756901716695041 D 414,2313540339,1000,1551,1551,2.3792043,0.00000,-1,-1,-1,0,0,0,136,1,1,0,0.0000000,0.0000000,0.0000000,0,0,0,0
756901717676125 D 415,2313541339,1000,1551,1551,2.3792043,0.00000,-1,-1,-1,0,0,0,136,1,1,0,0.0000000,0.0000000,0.0000000,0,0,0,0
756901718706041 D 416,2313542339,1000,1551,1551,2.3792043,0.00000,-1,-1,-1,0,0,0,136,1,1,0,0.0000000,0.0000000,0.0000000,0,0,0,0
756901719707625 D 417,2313543339,1000,1551,1551,2.3792043,0.00000,-1,-1,-1,0,0,0,136,1,1,0,0.0000000,0.0000000,0.0000000,0,0,0,0
756901720592958 D 418,2313544339,1000,1551,1551,2.3792043,0.00000,-1,-1,-1,0,0,0,136,1,1,0,0.0000000,0.0000000,0.0000000,0,0,0,0
756901721589291 D 419,2313545339,1000,1551,1551,2.3792043,0.00000,-1,-1,-1,0,0,0,136,1,1,0,0.0000000,0.0000000,0.0000000,0,0,0,0
756901722572208 D 420,2313546339,1000,1551,1551,2.3792043,0.00000,-1,-1,-1,0,0,0,136,1,1,0,0.0000000,0.0000000,0.0000000,0,0,0,0
756901723605791 D 421,2313547339,1000,1551,1551,2.3792043,0.00000,-1,-1,-1,0,0,0,136,1,1,0,0.0000000,0.0000000,0.0000000,0,0,0,0
756901724597458 D 422,2313548339,1000,1551,1551,2.3792043,0.00000,-1,-1,-1,0,0,0,136,1,1,0,0.0000000,0.0000000,0.0000000,0,0,0,0
756901725611041 D 423,2313549339,1000,1551,1551,2.3792043,0.00000,-1,-1,-1,0,0,0,136,1,1,0,0.0000000,0.0000000,0.0000000,0,0,0,0
756901726609750 D 424,2313550339,1000,1551,1551,2.3792043,0.00000,-1,-1,-1,0,0,0,136,1,1,0,0.0000000,0.0000000,0.0000000,0,0,0,0
756901727641916 D 425,2313551339,1000,1551,1551,2.3792043,0.00000,-1,-1,-1,0,0,0,136,1,1,0,0.0000000,0.0000000,0.0000000,0,0,0,0
756901729125958 D 426,2313552339,1000,1551,1551,2.3792043,0.00000,39,128,2054,0,0,0,136,1,1,0,0.0000000,0.0000000,0.0000000,0,0,0,0
756901729733083 D 427,2313553339,1000,1551,1551,2.3792043,0.00000,-1,-1,-1,0,0,0,136,1,1,0,0.0000000,0.0000000,0.0000000,0,0,0,0
756901730652875 D 428,2313554339,1000,1551,1551,2.3792043,0.00000,-1,-1,-1,0,0,0,136,1,1,0,0.0000000,0.0000000,0.0000000,0,0,0,0
756901731665541 D 429,2313555339,1000,1551,1551,2.3792043,0.00000,-1,-1,-1,0,0,0,136,1,1,0,0.0000000,0.0000000,0.0000000,0,0,0,0
756901732647625 D 430,2313556339,1000,1551,1551,2.3792043,0.00000,-1,-1,-1,0,0,0,136,1,1,0,0.0000000,0.0000000,0.0000000,0,0,0,0
756901733660000 D 431,2313557339,1000,1551,1551,2.3792043,0.00000,-1,-1,-1,0,0,0,136,1,1,0,0.0000000,0.0000000,0.0000000,0,0,0,0
756901734769333 D 432,2313558339,1000,1551,1551,2.3792043,0.00000,-1,-1,-1,0,0,0,136,1,1,0,0.0000000,0.0000000,0.0000000,0,0,0,0
756901735812291 D 433,2313559339,1000,1551,1551,2.3792043,0.00000,-1,-1,-1,0,0,0,136,1,1,0,0.0000000,0.0000000,0.0000000,0,0,0,0
756901736733125 D 434,2313560339,1000,1551,1551,2.3792043,0.00000,-1,-1,-1,0,0,0,136,1,1,0,0.0000000,0.0000000,0.0000000,0,0,0,0
756901737765875 D 435,2313561339,1000,1551,1551,2.3792043,0.00000,-1,-1,-1,0,0,0,136,1,1,0,0.0000000,0.0000000,0.0000000,0,0,0,0
756901738714791 D 436,2313562339,1000,1551,1551,2.3792043,0.00000,-1,-1,-1,0,0,0,136,1,1,0,0.0000000,0.0000000,0.0000000,0,0,0,0
756901739663708 D 437,2313563339,1000,1551,1551,2.3792043,0.00000,-1,-1,-1,0,0,0,136,1,1,0,0.0000000,0.0000000,0.0000000,0,0,0,0
756901740669291 D 438,2313564339,1000,1551,1551,2.3792043,0.00000,-1,-1,-1,0,0,0,136,1,1,0,0.0000000,0.0000000,0.0000000,0,0,0,0
756901741668541 D 439,2313565339,1000,1551,1551,2.3792043,0.00000,-1,-1,-1,0,0,0,136,1,1,0,0.0000000,0.0000000,0.0000000,0,0,0,0
756901742720541 D 440,2313566339,1000,1551,1551,2.3792043,0.00000,-1,-1,-1,0,0,0,136,1,1,0,0.0000000,0.0000000,0.0000000,0,0,0,0
756901743809083 D 441,2313567339,1000,1551,1551,2.3792043,0.00000,-1,-1,-1,0,0,0,136,1,1,0,0.0000000,0.0000000,0.0000000,0,0,0,0
756901744711250 D 442,2313568339,1000,1551,1551,2.3792043,0.00000,-1,-1,-1,0,0,0,136,1,1,0,0.0000000,0.0000000,0.0000000,0,0,0,0
756901745693375 D 443,2313569339,1000,1551,1551,2.3792043,0.00000,-1,-1,-1,0,0,0,136,1,1,0,0.0000000,0.0000000,0.0000000,0,0,0,0
756901746677833 D 444,2313570339,1000,1551,1551,2.3792043,0.00000,-1,-1,-1,0,0,0,136,1,1,0,0.0000000,0.0000000,0.0000000,0,0,0,0
756901747772916 D 445,2313571339,1000,1551,1551,2.3792043,0.00000,-1,-1,-1,0,0,0,136,1,1,0,0.0000000,0.0000000,0.0000000,0,0,0,0
756901748760250 D 446,2313572339,1000,1551,1551,2.3792043,0.00000,-1,-1,-1,0,0,0,136,1,1,0,0.0000000,0.0000000,0.0000000,0,0,0,0
756901749768166 D 447,2313573339,1000,1551,1551,2.3792043,0.00000,-1,-1,-1,0,0,0,136,1,1,0,0.0000000,0.0000000,0.0000000,0,0,0,0
756901750847750 D 448,2313574339,1000,1551,1551,2.3792043,0.00000,-1,-1,-1,0,0,0,136,1,1,0,0.0000000,0.0000000,0.0000000,0,0,0,0
756901751824916 D 449,2313575339,1000,1551,1551,2.3792043,0.00000,-1,-1,-1,0,0,0,136,1,1,0,0.0000000,0.0000000,0.0000000,0,0,0,0
756901752780541 D 450,2313576339,1000,1551,1551,2.3792043,0.00000,-1,-1,-1,0,0,0,136,1,1,0,0.0000000,0.0000000,0.0000000,0,0,0,0
756901753734083 D 451,2313577339,1000,1551,1551,2.3792043,0.00000,-1,-1,-1,0,0,0,136,1,1,0,0.0000000,0.0000000,0.0000000,0,0,0,0
756901754778000 D 452,2313578339,1000,1551,1551,2.3792043,0.00000,-1,-1,-1,0,0,0,136,1,1,0,0.0000000,0.0000000,0.0000000,0,0,0,0
756901755686916 D 453,2313579339,1000,1551,1551,2.3792043,0.00000,-1,-1,-1,0,0,0,136,1,1,0,0.0000000,0.0000000,0.0000000,0,0,0,0
756901756683458 D 454,2313580339,1000,1551,1551,2.3792043,0.00000,-1,-1,-1,0,0,0,136,1,1,0,0.0000000,0.0000000,0.0000000,0,0,0,0
756901757676416 D 455,2313581339,1000,1551,1551,2.3792043,0.00000,-1,-1,-1,0,0,0,136,1,1,0,0.0000000,0.0000000,0.0000000,0,0,0,0
756901758715500 D 456,2313582339,1000,1551,1551,2.3792043,0.00000,-1,-1,-1,0,0,0,136,1,1,0,0.0000000,0.0000000,0.0000000,0,0,0,0
756901759758541 D 457,2313583339,1000,1551,1551,2.3792043,0.00000,-1,-1,-1,0,0,0,136,1,1,0,0.0000000,0.0000000,0.0000000,0,0,0,0
756901760733416 D 458,2313584339,1000,1551,1551,2.3792043,0.00000,-1,-1,-1,0,0,0,136,1,1,0,0.0000000,0.0000000,0.0000000,0,0,0,0
756901761735166 D 459,2313585339,1000,1551,1551,2.3792043,0.00000,-1,-1,-1,0,0,0,136,1,1,0,0.0000000,0.0000000,0.0000000,0,0,0,0
756901762683958 D 460,2313586339,1000,1551,1551,2.3792043,0.00000,-1,-1,-1,0,0,0,136,1,1,0,0.0000000,0.0000000,0.0000000,0,0,0,0
756901763685875 D 461,2313587339,1000,1551,1551,2.3792043,0.00000,-1,-1,-1,0,0,0,136,1,1,0,0.0000000,0.0000000,0.0000000,0,0,0,0
756901764672791 D 462,2313588339,1000,1551,1551,2.3792043,0.00000,-1,-1,-1,0,0,0,136,1,1,0,0.0000000,0.0000000,0.0000000,0,0,0,0
756901765677208 D 463,2313589339,1000,1551,1551,2.3792043,0.00000,-1,-1,-1,0,0,0,136,1,1,0,0.0000000,0.0000000,0.0000000,0,0,0,0
756901766783333 D 464,2313590339,1000,1551,1551,2.3792043,0.00000,-1,-1,-1,0,0,0,136,1,1,0,0.0000000,0.0000000,0.0000000,0,0,0,0
756901767708958 D 465,2313591339,1000,1551,1551,2.3792043,0.00000,-1,-1,-1,0,0,0,136,1,1,0,0.0000000,0.0000000,0.0000000,0,0,0,0
756901768697291 D 466,2313592339,1000,1551,1551,2.3792043,0.00000,-1,-1,-1,0,0,0,136,1,1,0,0.0000000,0.0000000,0.0000000,0,0,0,0
756901769716125 D 467,2313593339,1000,1551,1551,2.3792043,0.00000,-1,-1,-1,0,0,0,136,1,1,0,0.0000000,0.0000000,0.0000000,0,0,0,0
756901770726166 D 468,2313594339,1000,1551,1551,2.3792043,0.00000,-1,-1,-1,0,0,0,136,1,1,0,0.0000000,0.0000000,0.0000000,0,0,0,0
756901771725541 D 469,2313595339,1000,1551,1551,2.3792043,0.00000,-1,-1,-1,0,0,0,136,1,1,0,0.0000000,0.0000000,0.0000000,0,0,0,0
756901772714250 D 470,2313596339,1000,1551,1551,2.3792043,0.00000,-1,-1,-1,0,0,0,136,1,1,0,0.0000000,0.0000000,0.0000000,0,0,0,0
756901773749958 D 471,2313597339,1000,1551,1551,2.3792043,0.00000,-1,-1,-1,0,0,0,136,1,1,0,0.0000000,0.0000000,0.0000000,0,0,0,0
756901774779833 D 472,2313598339,1000,1551,1551,2.3792043,0.00000,-1,-1,-1,0,0,0,136,1,1,0,0.0000000,0.0000000,0.0000000,0,0,0,0
756901775781416 D 473,2313599339,1000,1551,1551,2.3792043,0.00000,-1,-1,-1,0,0,0,136,1,1,0,0.0000000,0.0000000,0.0000000,0,0,0,0
756901776783583 D 474,2313600339,1000,1551,1551,2.3792043,0.00000,-1,-1,-1,0,0,0,136,1,1,0,0.0000000,0.0000000,0.0000000,0,0,0,0
756901777755875 D 475,2313601339,1000,1551,1551,2.3792043,0.00000,-1,-1,-1,0,0,0,136,1,1,0,0.0000000,0.0000000,0.0000000,0,0,0,0
756901779180958 D 476,2313602339,1000,1551,1551,2.3792043,0.00000,39,128,2054,0,0,0,136,1,1,0,0.0000000,0.0000000,0.0000000,0,0,0,0
756901779816666 D 477,2313603339,1000,1551,1551,2.3792043,0.00000,-1,-1,-1,0,0,0,136,1,1,0,0.0000000,0.0000000,0.0000000,0,0,0,0
756901780679583 D 478,2313604339,1000,1551,1551,2.3792043,0.00000,-1,-1,-1,0,0,0,136,1,1,0,0.0000000,0.0000000,0.0000000,0,0,0,0
756901781706708 D 479,2313605339,1000,1551,1551,2.3792043,0.00000,-1,-1,-1,0,0,0,136,1,1,0,0.0000000,0.0000000,0.0000000,0,0,0,0
756901782802125 D 480,2313606339,1000,1551,1551,2.3792043,0.00000,-1,-1,-1,0,0,0,136,1,1,0,0.0000000,0.0000000,0.0000000,0,0,0,0
756901783782541 D 481,2313607339,1000,1551,1551,2.3792043,0.00000,-1,-1,-1,0,0,0,136,1,1,0,0.0000000,0.0000000,0.0000000,0,0,0,0
756901784738583 D 482,2313608339,1000,1551,1551,2.3792043,0.00000,-1,-1,-1,0,0,0,136,1,1,0,0.0000000,0.0000000,0.0000000,0,0,0,0
756901785738166 D 483,2313609339,1000,1551,1551,2.3792043,0.00000,-1,-1,-1,0,0,0,136,1,1,0,0.0000000,0.0000000,0.0000000,0,0,0,0
756901786682625 D 484,2313610339,1000,1551,1551,2.3792043,0.00000,-1,-1,-1,0,0,0,136,1,1,0,0.0000000,0.0000000,0.0000000,0,0,0,0
756901787685958 D 485,2313611339,1000,1551,1551,2.3792043,0.00000,-1,-1,-1,0,0,0,136,1,1,0,0.0000000,0.0000000,0.0000000,0,0,0,0
756901788680000 D 486,2313612339,1000,1551,1551,2.3792043,0.00000,-1,-1,-1,0,0,0,136,1,1,0,0.0000000,0.0000000,0.0000000,0,0,0,0
756901789681958 D 487,2313613339,1000,1550,1550,2.3776703,-0.06015,-1,-1,-1,0,0,0,136,1,1,0,0.0000000,0.0000000,0.0000000,0,0,0,0
756901790708291 D 488,2313614339,1000,1551,1551,2.3792043,0.00236,-1,-1,-1,0,0,0,136,1,1,0,0.0000000,0.0000000,0.0000000,0,0,0,0
756901791735708 D 489,2313615339,1000,1551,1551,2.3792043,0.00227,-1,-1,-1,0,0,0,136,1,1,0,0.0000000,0.0000000,0.0000000,0,0,0,0
756901792689000 D 490,2313616339,1000,1551,1551,2.3792043,0.00218,-1,-1,-1,0,0,0,136,1,1,0,0.0000000,0.0000000,0.0000000,0,0,0,0
756901793677166 D 491,2313617339,1000,1551,1551,2.3792043,0.00209,-1,-1,-1,0,0,0,136,1,1,0,0.0000000,0.0000000,0.0000000,0,0,0,0
756901794666791 D 492,2313618339,1000,1551,1551,2.3792043,0.00201,-1,-1,-1,0,0,0,136,1,1,0,0.0000000,0.0000000,0.0000000,0,0,0,0
756901795685833 D 493,2313619339,1000,1551,1551,2.3792043,0.00193,-1,-1,-1,0,0,0,136,1,1,0,0.0000000,0.0000000,0.0000000,0,0,0,0
756901796673250 D 494,2313620339,1000,1551,1551,2.3792043,0.00186,-1,-1,-1,0,0,0,136,1,1,0,0.0000000,0.0000000,0.0000000,0,0,0,0
756901797710708 D 495,2313621339,1000,1551,1551,2.3792043,0.00178,-1,-1,-1,0,0,0,136,1,1,0,0.0000000,0.0000000,0.0000000,0,0,0,0
756901798702208 D 496,2313622339,1000,1551,1551,2.3792043,0.00171,-1,-1,-1,0,0,0,136,1,1,0,0.0000000,0.0000000,0.0000000,0,0,0,0
756901799690208 D 497,2313623339,1000,1551,1551,2.3792043,0.00165,-1,-1,-1,0,0,0,136,1,1,0,0.0000000,0.0000000,0.0000000,0,0,0,0
756901800675250 D 498,2313624339,1000,1551,1551,2.3792043,0.00158,-1,-1,-1,0,0,0,136,1,1,0,0.0000000,0.0000000,0.0000000,0,0,0,0
756901801658166 D 499,2313625339,1000,1551,1551,2.3792043,0.00152,-1,-1,-1,0,0,0,136,1,1,0,0.0000000,0.0000000,0.0000000,0,0,0,0
756901802877083 D 500,2313626339,1000,1551,1551,2.3792043,0.00146,-1,-1,-1,0,0,0,136,1,1,0,0.0000000,0.0000000,0.0000000,0,0,0,0
756901803674291 D 501,2313627339,1000,1550,1550,2.3776703,-0.05875,-1,-1,-1,0,0,0,136,1,1,0,0.0000000,0.0000000,0.0000000,0,0,0,0
756901804662250 D 502,2313628339,1000,1551,1551,2.3792043,0.00371,-1,-1,-1,0,0,0,136,1,1,0,0.0000000,0.0000000,0.0000000,0,0,0,0
756901805646750 D 503,2313629339,1000,1551,1551,2.3792043,0.00356,-1,-1,-1,0,0,0,136,1,1,0,0.0000000,0.0000000,0.0000000,0,0,0,0
756901806660500 D 504,2313630339,1000,1551,1551,2.3792043,0.00342,-1,-1,-1,0,0,0,136,1,1,0,0.0000000,0.0000000,0.0000000,0,0,0,0
756901807639250 D 505,2313631339,1000,1551,1551,2.3792043,0.00329,-1,-1,-1,0,0,0,135,1,1,0,0.0000000,0.0000000,0.0000000,0,0,0,0
756901808669916 D 506,2313632339,1000,1551,1551,2.3792043,0.00316,-1,-1,-1,0,0,0,136,1,1,0,0.0000000,0.0000000,0.0000000,0,0,0,0
756901809648291 D 507,2313633339,1000,1551,1551,2.3792043,0.00303,-1,-1,-1,0,0,0,136,1,1,0,0.0000000,0.0000000,0.0000000,0,0,0,0
756901810646166 D 508,2313634339,1000,1551,1551,2.3792043,0.00291,-1,-1,-1,0,0,0,136,1,1,0,0.0000000,0.0000000,0.0000000,0,0,0,0
756901811847750 D 509,2313635339,1000,1551,1551,2.3792043,0.00280,-1,-1,-1,0,0,0,136,1,1,0,0.0000000,0.0000000,0.0000000,0,0,0,0
756901812717250 D 510,2313636339,1000,1551,1551,2.3792043,0.00269,-1,-1,-1,0,0,0,136,1,1,0,0.0000000,0.0000000,0.0000000,0,0,0,0
756901813718083 D 511,2313637339,1000,1551,1551,2.3792043,0.00259,-1,-1,-1,0,0,0,136,1,1,0,0.0000000,0.0000000,0.0000000,0,0,0,0
756901814678125 D 512,2313638339,1000,1551,1551,2.3792043,0.00248,-1,-1,-1,0,0,0,136,1,1,0,0.0000000,0.0000000,0.0000000,0,0,0,0
756901815675083 D 513,2313639339,1000,1551,1551,2.3792043,0.00239,-1,-1,-1,0,0,0,136,1,1,0,0.0000000,0.0000000,0.0000000,0,0,0,0
756901816675750 D 514,2313640339,1000,1551,1551,2.3792043,0.00229,-1,-1,-1,0,0,0,136,1,1,0,0.0000000,0.0000000,0.0000000,0,0,0,0
756901817660875 D 515,2313641339,1000,1551,1551,2.3792043,0.00220,-1,-1,-1,0,0,0,136,1,1,0,0.0000000,0.0000000,0.0000000,0,0,0,0
756901818661791 D 516,2313642339,1000,1551,1551,2.3792043,0.00212,-1,-1,-1,0,0,0,136,1,1,0,0.0000000,0.0000000,0.0000000,0,0,0,0
756901819654000 D 517,2313643339,1000,1551,1551,2.3792043,0.00203,-1,-1,-1,0,0,0,136,1,1,0,0.0000000,0.0000000,0.0000000,0,0,0,0
756901820666291 D 518,2313644339,1000,1551,1551,2.3792043,0.00195,-1,-1,-1,0,0,0,136,1,1,0,0.0000000,0.0000000,0.0000000,0,0,0,0
756901821674208 D 519,2313645339,1000,1551,1551,2.3792043,0.00188,-1,-1,-1,0,0,0,136,1,1,0,0.0000000,0.0000000,0.0000000,0,0,0,0
756901822678541 D 520,2313646339,1000,1551,1551,2.3792043,0.00180,-1,-1,-1,0,0,0,136,1,1,0,0.0000000,0.0000000,0.0000000,0,0,0,0
756901823668583 D 521,2313647339,1000,1550,1550,2.3776703,-0.05842,-1,-1,-1,0,0,0,136,1,1,0,0.0000000,0.0000000,0.0000000,0,0,0,0
756901824667375 D 522,2313648339,1000,1551,1551,2.3792043,0.00402,-1,-1,-1,0,0,0,136,1,1,0,0.0000000,0.0000000,0.0000000,0,0,0,0
756901825658125 D 523,2313649339,1000,1551,1551,2.3792043,0.00387,-1,-1,-1,0,0,0,136,1,1,0,0.0000000,0.0000000,0.0000000,0,0,0,0
756901826656083 D 524,2313650339,1000,1551,1551,2.3792043,0.00371,-1,-1,-1,0,0,0,136,1,1,0,0.0000000,0.0000000,0.0000000,0,0,0,0
756901827664916 D 525,2313651339,1000,1551,1551,2.3792043,0.00357,-1,-1,-1,0,0,0,136,1,1,0,0.0000000,0.0000000,0.0000000,0,0,0,0
756901829053000 D 526,2313652339,1000,1551,1551,2.3792043,0.00343,39,128,2055,0,0,0,136,1,1,0,0.0000000,0.0000000,0.0000000,0,0,0,0
756901829707333 D 527,2313653339,1000,1551,1551,2.3792043,0.00329,-1,-1,-1,0,0,0,136,1,1,0,0.0000000,0.0000000,0.0000000,0,0,0,0
756901830663708 D 528,2313654339,1000,1551,1551,2.3792043,0.00316,-1,-1,-1,0,0,0,136,1,1,0,0.0000000,0.0000000,0.0000000,0,0,0,0
756901831667833 D 529,2313655339,1000,1551,1551,2.3792043,0.00304,-1,-1,-1,0,0,0,136,1,1,0,0.0000000,0.0000000,0.0000000,0,0,0,0
756901832671916 D 530,2313656339,1000,1551,1551,2.3792043,0.00292,-1,-1,-1,0,0,0,136,1,1,0,0.0000000,0.0000000,0.0000000,0,0,0,0
756901833663166 D 531,2313657339,1000,1551,1551,2.3792043,0.00281,-1,-1,-1,0,0,0,136,1,1,0,0.0000000,0.0000000,0.0000000,0,0,0,0
756901834892250 D 532,2313658339,1000,1551,1551,2.3792043,0.00270,-1,-1,-1,0,0,0,136,1,1,0,0.0000000,0.0000000,0.0000000,0,0,0,0
756901835875416 D 533,2313659339,1000,1551,1551,2.3792043,0.00259,-1,-1,-1,0,0,0,135,1,1,0,0.0000000,0.0000000,0.0000000,0,0,0,0
756901836811000 D 534,2313660339,1000,1551,1551,2.3792043,0.00249,-1,-1,-1,0,0,0,136,1,1,0,0.0000000,0.0000000,0.0000000,0,0,0,0
756901837663583 D 535,2313661339,1000,1551,1551,2.3792043,0.00239,-1,-1,-1,0,0,0,136,1,1,0,0.0000000,0.0000000,0.0000000,0,0,0,0
756901838652375 D 536,2313662339,1000,1551,1551,2.3792043,0.00230,-1,-1,-1,0,0,0,136,1,1,0,0.0000000,0.0000000,0.0000000,0,0,0,0
756901839653000 D 537,2313663339,1000,1551,1551,2.3792043,0.00221,-1,-1,-1,0,0,0,136,1,1,0,0.0000000,0.0000000,0.0000000,0,0,0,0
756901840676083 D 538,2313664339,1000,1551,1551,2.3792043,0.00212,-1,-1,-1,0,0,0,136,1,1,0,0.0000000,0.0000000,0.0000000,0,0,0,0
756901841705708 D 539,2313665339,1000,1551,1551,2.3792043,0.00204,-1,-1,-1,0,0,0,136,1,1,0,0.0000000,0.0000000,0.0000000,0,0,0,0
756901842881333 D 540,2313666339,1000,1551,1551,2.3792043,0.00196,-1,-1,-1,0,0,0,135,1,1,0,0.0000000,0.0000000,0.0000000,0,0,0,0
756901843872458 D 541,2313667339,1000,1551,1551,2.3792043,0.00188,-1,-1,-1,0,0,0,136,1,1,0,0.0000000,0.0000000,0.0000000,0,0,0,0
756901844863166 D 542,2313668339,1000,1551,1551,2.3792043,0.00181,-1,-1,-1,0,0,0,136,1,1,0,0.0000000,0.0000000,0.0000000,0,0,0,0
756901845697916 D 543,2313669339,1000,1551,1551,2.3792043,0.00174,-1,-1,-1,0,0,0,136,1,1,0,0.0000000,0.0000000,0.0000000,0,0,0,0
756901846673333 D 544,2313670339,1000,1551,1551,2.3792043,0.00167,-1,-1,-1,0,0,0,136,1,1,0,0.0000000,0.0000000,0.0000000,0,0,0,0
756901847673541 D 545,2313671339,1000,1551,1551,2.3792043,0.00160,-1,-1,-1,0,0,0,136,1,1,0,0.0000000,0.0000000,0.0000000,0,0,0,0
756901848723791 D 546,2313672339,1000,1551,1551,2.3792043,0.00154,-1,-1,-1,0,0,0,136,1,1,0,0.0000000,0.0000000,0.0000000,0,0,0,0
756901849701083 D 547,2313673339,1000,1551,1551,2.3792043,0.00148,-1,-1,-1,0,0,0,136,1,1,0,0.0000000,0.0000000,0.0000000,0,0,0,0
756901850763083 D 548,2313674339,1000,1551,1551,2.3792043,0.00142,-1,-1,-1,0,0,0,136,1,1,0,0.0000000,0.0000000,0.0000000,0,0,0,0
756901851786541 D 549,2313675339,1000,1551,1551,2.3792043,0.00137,-1,-1,-1,0,0,0,136,1,1,0,0.0000000,0.0000000,0.0000000,0,0,0,0
756901852758916 D 550,2313676339,1000,1551,1551,2.3792043,0.00131,-1,-1,-1,0,0,0,136,1,1,0,0.0000000,0.0000000,0.0000000,0,0,0,0
756901853682583 D 551,2313677339,1000,1551,1551,2.3792043,0.00126,-1,-1,-1,0,0,0,136,1,1,0,0.0000000,0.0000000,0.0000000,0,0,0,0
756901854679000 D 552,2313678339,1000,1551,1551,2.3792043,0.00121,-1,-1,-1,0,0,0,136,1,1,0,0.0000000,0.0000000,0.0000000,0,0,0,0
756901855688916 D 553,2313679339,1000,1551,1551,2.3792043,0.00116,-1,-1,-1,0,0,0,136,1,1,0,0.0000000,0.0000000,0.0000000,0,0,0,0
756901856717375 D 554,2313680339,1000,1551,1551,2.3792043,0.00112,-1,-1,-1,0,0,0,136,1,1,0,0.0000000,0.0000000,0.0000000,0,0,0,0
756901857918416 D 555,2313681339,1000,1551,1551,2.3792043,0.00107,-1,-1,-1,0,0,0,136,1,1,0,0.0000000,0.0000000,0.0000000,0,0,0,0
756901858932916 D 556,2313682339,1000,1551,1551,2.3792043,0.00103,-1,-1,-1,0,0,0,136,1,1,0,0.0000000,0.0000000,0.0000000,0,0,0,0
756901859905750 D 557,2313683339,1000,1551,1551,2.3792043,0.00099,-1,-1,-1,0,0,0,136,1,1,0,0.0000000,0.0000000,0.0000000,0,0,0,0
756901860798625 D 558,2313684339,1000,1551,1551,2.3792043,0.00095,-1,-1,-1,0,0,0,136,1,1,0,0.0000000,0.0000000,0.0000000,0,0,0,0
756901861697083 D 559,2313685339,1000,1551,1551,2.3792043,0.00092,-1,-1,-1,0,0,0,136,1,1,0,0.0000000,0.0000000,0.0000000,0,0,0,0
756901862678750 D 560,2313686339,1000,1551,1551,2.3792043,0.00088,-1,-1,-1,0,0,0,136,1,1,0,0.0000000,0.0000000,0.0000000,0,0,0,0
756901863682000 D 561,2313687339,1000,1551,1551,2.3792043,0.00085,-1,-1,-1,0,0,0,135,1,1,0,0.0000000,0.0000000,0.0000000,0,0,0,0
756901864736125 D 562,2313688339,1000,1551,1551,2.3792043,0.00081,-1,-1,-1,0,0,0,136,1,1,0,0.0000000,0.0000000,0.0000000,0,0,0,0
756901865716833 D 563,2313689339,1000,1551,1551,2.3792043,0.00078,-1,-1,-1,0,0,0,136,1,1,0,0.0000000,0.0000000,0.0000000,0,0,0,0
756901866694583 D 564,2313690339,1000,1551,1551,2.3792043,0.00075,-1,-1,-1,0,0,0,136,1,1,0,0.0000000,0.0000000,0.0000000,0,0,0,0
756901867701916 D 565,2313691339,1000,1551,1551,2.3792043,0.00072,-1,-1,-1,0,0,0,136,1,1,0,0.0000000,0.0000000,0.0000000,0,0,0,0
756901868693791 D 566,2313692339,1000,1551,1551,2.3792043,0.00069,-1,-1,-1,0,0,0,136,1,1,0,0.0000000,0.0000000,0.0000000,0,0,0,0
756901869678291 D 567,2313693339,1000,1551,1551,2.3792043,0.00067,-1,-1,-1,0,0,0,136,1,1,0,0.0000000,0.0000000,0.0000000,0,0,0,0
756901870702666 D 568,2313694339,1000,1551,1551,2.3792043,0.00064,-1,-1,-1,0,0,0,136,1,1,0,0.0000000,0.0000000,0.0000000,0,0,0,0
756901871684375 D 569,2313695339,1000,1551,1551,2.3792043,0.00061,-1,-1,-1,0,0,0,136,1,1,0,0.0000000,0.0000000,0.0000000,0,0,0,0
756901872694875 D 570,2313696339,1000,1551,1551,2.3792043,0.00059,-1,-1,-1,0,0,0,136,1,1,0,0.0000000,0.0000000,0.0000000,0,0,0,0
756901873687083 D 571,2313697339,1000,1551,1551,2.3792043,0.00057,-1,-1,-1,0,0,0,136,1,1,0,0.0000000,0.0000000,0.0000000,0,0,0,0
756901874689333 D 572,2313698339,1000,1551,1551,2.3792043,0.00054,-1,-1,-1,0,0,0,136,1,1,0,0.0000000,0.0000000,0.0000000,0,0,0,0
756901875690000 D 573,2313699339,1000,1551,1551,2.3792043,0.00052,-1,-1,-1,0,0,0,136,1,1,0,0.0000000,0.0000000,0.0000000,0,0,0,0
756901876705958 D 574,2313700339,1000,1551,1551,2.3792043,0.00050,-1,-1,-1,0,0,0,136,1,1,0,0.0000000,0.0000000,0.0000000,0,0,0,0
756901877677666 D 575,2313701339,1000,1551,1551,2.3792043,0.00048,-1,-1,-1,0,0,0,135,1,1,0,0.0000000,0.0000000,0.0000000,0,0,0,0
756901879118791 D 576,2313702339,1000,1551,1551,2.3792043,0.00046,39,128,2054,0,0,0,136,1,1,0,0.0000000,0.0000000,0.0000000,0,0,0,0
756901879746000 D 577,2313703339,1000,1551,1551,2.3792043,0.00045,-1,-1,-1,0,0,0,136,1,1,0,0.0000000,0.0000000,0.0000000,0,0,0,0
756901880706875 D 578,2313704339,1000,1551,1551,2.3792043,0.00043,-1,-1,-1,0,0,0,136,1,1,0,0.0000000,0.0000000,0.0000000,0,0,0,0
756901881709625 D 579,2313705339,1000,1551,1551,2.3792043,0.00041,-1,-1,-1,0,0,0,136,1,1,0,0.0000000,0.0000000,0.0000000,0,0,0,0
756901882746166 D 580,2313706339,1000,1551,1551,2.3792043,0.00040,-1,-1,-1,0,0,0,136,1,1,0,0.0000000,0.0000000,0.0000000,0,0,0,0
756901883716125 D 581,2313707339,1000,1551,1551,2.3792043,0.00038,-1,-1,-1,0,0,0,136,1,1,0,0.0000000,0.0000000,0.0000000,0,0,0,0
756901884713750 D 582,2313708339,1000,1551,1551,2.3792043,0.00037,-1,-1,-1,0,0,0,135,1,1,0,0.0000000,0.0000000,0.0000000,0,0,0,0
756901885903375 D 583,2313709339,1000,1551,1551,2.3792043,0.00035,-1,-1,-1,0,0,0,136,1,1,0,0.0000000,0.0000000,0.0000000,0,0,0,0
756901886888250 D 584,2313710339,1000,1551,1551,2.3792043,0.00034,-1,-1,-1,0,0,0,136,1,1,0,0.0000000,0.0000000,0.0000000,0,0,0,0
756901887998708 D 585,2313711339,1000,1551,1551,2.3792043,0.00032,-1,-1,-1,0,0,0,136,1,1,0,0.0000000,0.0000000,0.0000000,0,0,0,0
756901888718916 D 586,2313712339,1000,1551,1551,2.3792043,0.00031,-1,-1,-1,0,0,0,136,1,1,0,0.0000000,0.0000000,0.0000000,0,0,0,0
756901889687125 D 587,2313713339,1000,1551,1551,2.3792043,0.00030,-1,-1,-1,0,0,0,136,1,1,0,0.0000000,0.0000000,0.0000000,0,0,0,0
756901890650875 D 588,2313714339,1000,1551,1551,2.3792043,0.00029,-1,-1,-1,0,0,0,136,1,1,0,0.0000000,0.0000000,0.0000000,0,0,0,0
756901891721750 D 589,2313715339,1000,1551,1551,2.3792043,0.00028,-1,-1,-1,0,0,0,136,1,1,0,0.0000000,0.0000000,0.0000000,0,0,0,0
756901892739000 D 590,2313716339,1000,1551,1551,2.3792043,0.00027,-1,-1,-1,0,0,0,136,1,1,0,0.0000000,0.0000000,0.0000000,0,0,0,0
756901893694625 D 591,2313717339,1000,1551,1551,2.3792043,0.00025,-1,-1,-1,0,0,0,136,1,1,0,0.0000000,0.0000000,0.0000000,0,0,0,0
756901894660833 D 592,2313718339,1000,1551,1551,2.3792043,0.00024,-1,-1,-1,0,0,0,136,1,1,0,0.0000000,0.0000000,0.0000000,0,0,0,0
756901895660333 D 593,2313719339,1000,1551,1551,2.3792043,0.00024,-1,-1,-1,0,0,0,136,1,1,0,0.0000000,0.0000000,0.0000000,0,0,0,0
756901896686750 D 594,2313720339,1000,1551,1551,2.3792043,0.00023,-1,-1,-1,0,0,0,136,1,1,0,0.0000000,0.0000000,0.0000000,0,0,0,0
756901897680458 D 595,2313721339,1000,1551,1551,2.3792043,0.00022,-1,-1,-1,0,0,0,136,1,1,0,0.0000000,0.0000000,0.0000000,0,0,0,0
756901898659750 D 596,2313722339,1000,1551,1551,2.3792043,0.00021,-1,-1,-1,0,0,0,136,1,1,0,0.0000000,0.0000000,0.0000000,0,0,0,0
756901899657500 D 597,2313723339,1000,1551,1551,2.3792043,0.00020,-1,-1,-1,0,0,0,136,1,1,0,0.0000000,0.0000000,0.0000000,0,0,0,0
756901900653875 D 598,2313724339,1000,1551,1551,2.3792043,0.00019,-1,-1,-1,0,0,0,136,1,1,0,0.0000000,0.0000000,0.0000000,0,0,0,0
756901901655500 D 599,2313725339,1000,1551,1551,2.3792043,0.00018,-1,-1,-1,0,0,0,136,1,1,0,0.0000000,0.0000000,0.0000000,0,0,0,0
756901902661916 D 600,2313726339,1000,1551,1551,2.3792043,0.00018,-1,-1,-1,0,0,0,136,1,1,0,0.0000000,0.0000000,0.0000000,0,0,0,0
756901903656541 D 601,2313727339,1000,1551,1551,2.3792043,0.00017,-1,-1,-1,0,0,0,136,1,1,0,0.0000000,0.0000000,0.0000000,0,0,0,0
756901904690791 D 602,2313728339,1000,1551,1551,2.3792043,0.00016,-1,-1,-1,0,0,0,136,1,1,0,0.0000000,0.0000000,0.0000000,0,0,0,0
756901905668666 D 603,2313729339,1000,1551,1551,2.3792043,0.00016,-1,-1,-1,0,0,0,136,1,1,0,0.0000000,0.0000000,0.0000000,0,0,0,0
756901906676458 D 604,2313730339,1000,1551,1551,2.3792043,0.00015,-1,-1,-1,0,0,0,136,1,1,0,0.0000000,0.0000000,0.0000000,0,0,0,0
756901907667208 D 605,2313731339,1000,1551,1551,2.3792043,0.00015,-1,-1,-1,0,0,0,136,1,1,0,0.0000000,0.0000000,0.0000000,0,0,0,0
756901908670375 D 606,2313732339,1000,1551,1551,2.3792043,0.00014,-1,-1,-1,0,0,0,136,1,1,0,0.0000000,0.0000000,0.0000000,0,0,0,0
756901909661166 D 607,2313733339,1000,1551,1551,2.3792043,0.00013,-1,-1,-1,0,0,0,136,1,1,0,0.0000000,0.0000000,0.0000000,0,0,0,0
756901910667166 D 608,2313734339,1000,1551,1551,2.3792043,0.00013,-1,-1,-1,0,0,0,136,1,1,0,0.0000000,0.0000000,0.0000000,0,0,0,0
756901911765458 D 609,2313735339,1000,1551,1551,2.3792043,0.00012,-1,-1,-1,0,0,0,136,1,1,0,0.0000000,0.0000000,0.0000000,0,0,0,0
756901912677416 D 610,2313736339,1000,1551,1551,2.3792043,0.00012,-1,-1,-1,0,0,0,136,1,1,0,0.0000000,0.0000000,0.0000000,0,0,0,0
756901913690708 D 611,2313737339,1000,1551,1551,2.3792043,0.00011,-1,-1,-1,0,0,0,136,1,1,0,0.0000000,0.0000000,0.0000000,0,0,0,0
756901914664916 D 612,2313738339,1000,1551,1551,2.3792043,0.00011,-1,-1,-1,0,0,0,136,1,1,0,0.0000000,0.0000000,0.0000000,0,0,0,0
756901915663208 D 613,2313739339,1000,1551,1551,2.3792043,0.00011,-1,-1,-1,0,0,0,136,1,1,0,0.0000000,0.0000000,0.0000000,0,0,0,0
756901916655416 D 614,2313740339,1000,1551,1551,2.3792043,0.00010,-1,-1,-1,0,0,0,136,1,1,0,0.0000000,0.0000000,0.0000000,0,0,0,0
756901917666875 D 615,2313741339,1000,1551,1551,2.3792043,0.00010,-1,-1,-1,0,0,0,136,1,1,0,0.0000000,0.0000000,0.0000000,0,0,0,0
756901918663750 D 616,2313742339,1000,1551,1551,2.3792043,0.00009,-1,-1,-1,0,0,0,136,1,1,0,0.0000000,0.0000000,0.0000000,0,0,0,0
756901919889583 D 617,2313743339,1000,1551,1551,2.3792043,0.00009,-1,-1,-1,0,0,0,136,1,1,0,0.0000000,0.0000000,0.0000000,0,0,0,0
756901920919791 D 618,2313744339,1000,1551,1551,2.3792043,0.00009,-1,-1,-1,0,0,0,136,1,1,0,0.0000000,0.0000000,0.0000000,0,0,0,0
756901921948375 D 619,2313745339,1000,1551,1551,2.3792043,0.00008,-1,-1,-1,0,0,0,136,1,1,0,0.0000000,0.0000000,0.0000000,0,0,0,0
756901922745208 D 620,2313746339,1000,1551,1551,2.3792043,0.00008,-1,-1,-1,0,0,0,136,1,1,0,0.0000000,0.0000000,0.0000000,0,0,0,0
756901923778041 D 621,2313747339,1000,1551,1551,2.3792043,0.00008,-1,-1,-1,0,0,0,136,1,1,0,0.0000000,0.0000000,0.0000000,0,0,0,0
756901924713541 D 622,2313748339,1000,1551,1551,2.3792043,0.00007,-1,-1,-1,0,0,0,136,1,1,0,0.0000000,0.0000000,0.0000000,0,0,0,0
756901925722750 D 623,2313749339,1000,1551,1551,2.3792043,0.00007,-1,-1,-1,0,0,0,136,1,1,0,0.0000000,0.0000000,0.0000000,0,0,0,0
756901926674791 D 624,2313750339,1000,1551,1551,2.3792043,0.00007,-1,-1,-1,0,0,0,136,1,1,0,0.0000000,0.0000000,0.0000000,0,0,0,0
756901927677375 D 625,2313751339,1000,1551,1551,2.3792043,0.00007,-1,-1,-1,0,0,0,136,1,1,0,0.0000000,0.0000000,0.0000000,0,0,0,0
756901929134875 D 626,2313752339,1000,1551,1551,2.3792043,0.00006,39,128,2054,0,0,0,136,1,1,0,0.0000000,0.0000000,0.0000000,0,0,0,0
756901929904500 D 627,2313753339,1000,1551,1551,2.3792043,0.00006,-1,-1,-1,0,0,0,136,1,1,0,0.0000000,0.0000000,0.0000000,0,0,0,0
756901930676000 D 628,2313754339,1000,1551,1551,2.3792043,0.00006,-1,-1,-1,0,0,0,136,1,1,0,0.0000000,0.0000000,0.0000000,0,0,0,0
756901931677875 D 629,2313755339,1000,1551,1551,2.3792043,0.00006,-1,-1,-1,0,0,0,136,1,1,0,0.0000000,0.0000000,0.0000000,0,0,0,0
756901932669875 D 630,2313756339,1000,1551,1551,2.3792043,0.00005,-1,-1,-1,0,0,0,136,1,1,0,0.0000000,0.0000000,0.0000000,0,0,0,0
756901933669375 D 631,2313757339,1000,1551,1551,2.3792043,0.00005,-1,-1,-1,0,0,0,136,1,1,0,0.0000000,0.0000000,0.0000000,0,0,0,0
756901934763083 D 632,2313758339,1000,1551,1551,2.3792043,0.00005,-1,-1,-1,0,0,0,136,1,1,0,0.0000000,0.0000000,0.0000000,0,0,0,0
756901935673500 D 633,2313759339,1000,1551,1551,2.3792043,0.00005,-1,-1,-1,0,0,0,136,1,1,0,0.0000000,0.0000000,0.0000000,0,0,0,0
756901936660750 D 634,2313760339,1000,1551,1551,2.3792043,0.00005,-1,-1,-1,0,0,0,136,1,1,0,0.0000000,0.0000000,0.0000000,0,0,0,0
756901937685458 D 635,2313761339,1000,1551,1551,2.3792043,0.00004,-1,-1,-1,0,0,0,136,1,1,0,0.0000000,0.0000000,0.0000000,0,0,0,0
756901938694916 D 636,2313762339,1000,1551,1551,2.3792043,0.00004,-1,-1,-1,0,0,0,136,1,1,0,0.0000000,0.0000000,0.0000000,0,0,0,0
756901939682000 D 637,2313763339,1000,1550,1550,2.3776703,-0.06011,-1,-1,-1,0,0,0,136,1,1,0,0.0000000,0.0000000,0.0000000,0,0,0,0
756901940661875 D 638,2313764339,1000,1551,1551,2.3792043,0.00240,-1,-1,-1,0,0,0,135,1,1,0,0.0000000,0.0000000,0.0000000,0,0,0,0
756901941663541 D 639,2313765339,1000,1551,1551,2.3792043,0.00230,-1,-1,-1,0,0,0,136,1,1,0,0.0000000,0.0000000,0.0000000,0,0,0,0
756901942665208 D 640,2313766339,1000,1551,1551,2.3792043,0.00221,-1,-1,-1,0,0,0,136,1,1,0,0.0000000,0.0000000,0.0000000,0,0,0,0
756901943666166 D 641,2313767339,1000,1551,1551,2.3792043,0.00213,-1,-1,-1,0,0,0,136,1,1,0,0.0000000,0.0000000,0.0000000,0,0,0,0
756901944660083 D 642,2313768339,1000,1551,1551,2.3792043,0.00204,-1,-1,-1,0,0,0,136,1,1,0,0.0000000,0.0000000,0.0000000,0,0,0,0
756901945904125 D 643,2313769339,1000,1551,1551,2.3792043,0.00196,-1,-1,-1,0,0,0,136,1,1,0,0.0000000,0.0000000,0.0000000,0,0,0,0
756901946887833 D 644,2313770339,1000,1551,1551,2.3792043,0.00189,-1,-1,-1,0,0,0,136,1,1,0,0.0000000,0.0000000,0.0000000,0,0,0,0
756901947775500 D 645,2313771339,1000,1551,1551,2.3792043,0.00181,-1,-1,-1,0,0,0,136,1,1,0,0.0000000,0.0000000,0.0000000,0,0,0,0
756901948660291 D 646,2313772339,1000,1551,1551,2.3792043,0.00174,-1,-1,-1,0,0,0,136,1,1,0,0.0000000,0.0000000,0.0000000,0,0,0,0
756901949652916 D 647,2313773339,1000,1551,1551,2.3792043,0.00167,-1,-1,-1,0,0,0,136,1,1,0,0.0000000,0.0000000,0.0000000,0,0,0,0
756901950656708 D 648,2313774339,1000,1551,1551,2.3792043,0.00161,-1,-1,-1,0,0,0,136,1,1,0,0.0000000,0.0000000,0.0000000,0,0,0,0
756901951690708 D 649,2313775339,1000,1551,1551,2.3792043,0.00154,-1,-1,-1,0,0,0,136,1,1,0,0.0000000,0.0000000,0.0000000,0,0,0,0
756901952750041 D 650,2313776339,1000,1551,1551,2.3792043,0.00148,-1,-1,-1,0,0,0,136,1,1,0,0.0000000,0.0000000,0.0000000,0,0,0,0
756901953778958 D 651,2313777339,1000,1551,1551,2.3792043,0.00143,-1,-1,-1,0,0,0,136,1,1,0,0.0000000,0.0000000,0.0000000,0,0,0,0
756901954695333 D 652,2313778339,1000,1551,1551,2.3792043,0.00137,-1,-1,-1,0,0,0,136,1,1,0,0.0000000,0.0000000,0.0000000,0,0,0,0
756901955686291 D 653,2313779339,1000,1551,1551,2.3792043,0.00132,-1,-1,-1,0,0,0,136,1,1,0,0.0000000,0.0000000,0.0000000,0,0,0,0
756901956677375 D 654,2313780339,1000,1551,1551,2.3792043,0.00126,-1,-1,-1,0,0,0,136,1,1,0,0.0000000,0.0000000,0.0000000,0,0,0,0
756901957667125 D 655,2313781339,1000,1551,1551,2.3792043,0.00121,-1,-1,-1,0,0,0,136,1,1,0,0.0000000,0.0000000,0.0000000,0,0,0,0
756901958661166 D 656,2313782339,1000,1551,1551,2.3792043,0.00117,-1,-1,-1,0,0,0,136,1,1,0,0.0000000,0.0000000,0.0000000,0,0,0,0
756901959669416 D 657,2313783339,1000,1551,1551,2.3792043,0.00112,-1,-1,-1,0,0,0,136,1,1,0,0.0000000,0.0000000,0.0000000,0,0,0,0
756901960664375 D 658,2313784339,1000,1551,1551,2.3792043,0.00108,-1,-1,-1,0,0,0,136,1,1,0,0.0000000,0.0000000,0.0000000,0,0,0,0
756901961681250 D 659,2313785339,1000,1551,1551,2.3792043,0.00103,-1,-1,-1,0,0,0,136,1,1,0,0.0000000,0.0000000,0.0000000,0,0,0,0
756901962679875 D 660,2313786339,1000,1551,1551,2.3792043,0.00099,-1,-1,-1,0,0,0,136,1,1,0,0.0000000,0.0000000,0.0000000,0,0,0,0
756901963670250 D 661,2313787339,1000,1550,1550,2.3776703,-0.05919,-1,-1,-1,0,0,0,136,1,1,0,0.0000000,0.0000000,0.0000000,0,0,0,0
756901964669166 D 662,2313788339,1000,1551,1551,2.3792043,0.00328,-1,-1,-1,0,0,0,136,1,1,0,0.0000000,0.0000000,0.0000000,0,0,0,0
756901965660375 D 663,2313789339,1000,1551,1551,2.3792043,0.00315,-1,-1,-1,0,0,0,136,1,1,0,0.0000000,0.0000000,0.0000000,0,0,0,0
756901966886041 D 664,2313790339,1000,1551,1551,2.3792043,0.00302,-1,-1,-1,0,0,0,136,1,1,0,0.0000000,0.0000000,0.0000000,0,0,0,0
756901967887125 D 665,2313791339,1000,1551,1551,2.3792043,0.00291,-1,-1,-1,0,0,0,136,1,1,0,0.0000000,0.0000000,0.0000000,0,0,0,0
756901968906166 D 666,2313792339,1000,1551,1551,2.3792043,0.00279,-1,-1,-1,0,0,0,136,1,1,0,0.0000000,0.0000000,0.0000000,0,0,0,0
756901969992041 D 667,2313793339,1000,1551,1551,2.3792043,0.00268,-1,-1,-1,0,0,0,136,1,1,0,0.0000000,0.0000000,0.0000000,0,0,0,0
756901970934208 D 668,2313794339,1000,1551,1551,2.3792043,0.00258,-1,-1,-1,0,0,0,136,1,1,0,0.0000000,0.0000000,0.0000000,0,0,0,0
756901971743333 D 669,2313795339,1000,1551,1551,2.3792043,0.00248,-1,-1,-1,0,0,0,136,1,1,0,0.0000000,0.0000000,0.0000000,0,0,0,0
756901972693375 D 670,2313796339,1000,1551,1551,2.3792043,0.00238,-1,-1,-1,0,0,0,136,1,1,0,0.0000000,0.0000000,0.0000000,0,0,0,0
756901973714833 D 671,2313797339,1000,1551,1551,2.3792043,0.00229,-1,-1,-1,0,0,0,136,1,1,0,0.0000000,0.0000000,0.0000000,0,0,0,0
756901974697708 D 672,2313798339,1000,1551,1551,2.3792043,0.00220,-1,-1,-1,0,0,0,136,1,1,0,0.0000000,0.0000000,0.0000000,0,0,0,0
756901975695791 D 673,2313799339,1000,1551,1551,2.3792043,0.00211,-1,-1,-1,0,0,0,136,1,1,0,0.0000000,0.0000000,0.0000000,0,0,0,0
756901976692041 D 674,2313800339,1000,1551,1551,2.3792043,0.00203,-1,-1,-1,0,0,0,136,1,1,0,0.0000000,0.0000000,0.0000000,0,0,0,0
756901977694458 D 675,2313801339,1000,1551,1551,2.3792043,0.00195,-1,-1,-1,0,0,0,136,1,1,0,0.0000000,0.0000000,0.0000000,0,0,0,0
756901979129250 D 676,2313802339,1000,1551,1551,2.3792043,0.00187,39,128,2054,0,0,0,136,1,1,0,0.0000000,0.0000000,0.0000000,0,0,0,0
756901979734166 D 677,2313803339,1000,1551,1551,2.3792043,0.00180,-1,-1,-1,0,0,0,136,1,1,0,0.0000000,0.0000000,0.0000000,0,0,0,0
756901980679500 D 678,2313804339,1000,1551,1551,2.3792043,0.00173,-1,-1,-1,0,0,0,136,1,1,0,0.0000000,0.0000000,0.0000000,0,0,0,0
756901981659958 D 679,2313805339,1000,1551,1551,2.3792043,0.00166,-1,-1,-1,0,0,0,136,1,1,0,0.0000000,0.0000000,0.0000000,0,0,0,0
756901982671125 D 680,2313806339,1000,1551,1551,2.3792043,0.00159,-1,-1,-1,0,0,0,136,1,1,0,0.0000000,0.0000000,0.0000000,0,0,0,0
756901983662250 D 681,2313807339,1000,1551,1551,2.3792043,0.00153,-1,-1,-1,0,0,0,136,1,1,0,0.0000000,0.0000000,0.0000000,0,0,0,0
756901984669291 D 682,2313808339,1000,1551,1551,2.3792043,0.00147,-1,-1,-1,0,0,0,136,1,1,0,0.0000000,0.0000000,0.0000000,0,0,0,0
756901985661541 D 683,2313809339,1000,1551,1551,2.3792043,0.00141,-1,-1,-1,0,0,0,136,1,1,0,0.0000000,0.0000000,0.0000000,0,0,0,0
756901986746458 D 684,2313810339,1000,1551,1551,2.3792043,0.00136,-1,-1,-1,0,0,0,136,1,1,0,0.0000000,0.0000000,0.0000000,0,0,0,0
756901987699125 D 685,2313811339,1000,1551,1551,2.3792043,0.00131,-1,-1,-1,0,0,0,136,1,1,0,0.0000000,0.0000000,0.0000000,0,0,0,0
756901988695333 D 686,2313812339,1000,1551,1551,2.3792043,0.00125,-1,-1,-1,0,0,0,136,1,1,0,0.0000000,0.0000000,0.0000000,0,0,0,0
756901989662333 D 687,2313813339,1000,1551,1551,2.3792043,0.00121,-1,-1,-1,0,0,0,135,1,1,0,0.0000000,0.0000000,0.0000000,0,0,0,0
756901990664291 D 688,2313814339,1000,1551,1551,2.3792043,0.00116,-1,-1,-1,0,0,0,136,1,1,0,0.0000000,0.0000000,0.0000000,0,0,0,0
756901991714583 D 689,2313815339,1000,1551,1551,2.3792043,0.00111,-1,-1,-1,0,0,0,136,1,1,0,0.0000000,0.0000000,0.0000000,0,0,0,0
756901992766083 D 690,2313816339,1000,1551,1551,2.3792043,0.00107,-1,-1,-1,0,0,0,136,1,1,0,0.0000000,0.0000000,0.0000000,0,0,0,0
756901993700291 D 691,2313817339,1000,1551,1551,2.3792043,0.00103,-1,-1,-1,0,0,0,136,1,1,0,0.0000000,0.0000000,0.0000000,0,0,0,0
756901994747916 D 692,2313818339,1000,1551,1551,2.3792043,0.00099,-1,-1,-1,0,0,0,136,1,1,0,0.0000000,0.0000000,0.0000000,0,0,0,0
756901995710750 D 693,2313819339,1000,1550,1550,2.3776703,-0.05920,-1,-1,-1,0,0,0,136,1,1,0,0.0000000,0.0000000,0.0000000,0,0,0,0
756901996682583 D 694,2313820339,1000,1551,1551,2.3792043,0.00327,-1,-1,-1,0,0,0,136,1,1,0,0.0000000,0.0000000,0.0000000,0,0,0,0
756901997652291 D 695,2313821339,1000,1551,1551,2.3792043,0.00314,-1,-1,-1,0,0,0,136,1,1,0,0.0000000,0.0000000,0.0000000,0,0,0,0
756901998900125 D 696,2313822339,1000,1551,1551,2.3792043,0.00302,-1,-1,-1,0,0,0,136,1,1,0,0.0000000,0.0000000,0.0000000,0,0,0,0
756901999896500 D 697,2313823339,1000,1551,1551,2.3792043,0.00290,-1,-1,-1,0,0,0,136,1,1,0,0.0000000,0.0000000,0.0000000,0,0,0,0
756902000885916 D 698,2313824339,1000,1551,1551,2.3792043,0.00279,-1,-1,-1,0,0,0,136,1,1,0,0.0000000,0.0000000,0.0000000,0,0,0,0
756902001754750 D 699,2313825339,1000,1551,1551,2.3792043,0.00268,-1,-1,-1,0,0,0,136,1,1,0,0.0000000,0.0000000,0.0000000,0,0,0,0
756902002696708 D 700,2313826339,1000,1551,1551,2.3792043,0.00257,-1,-1,-1,0,0,0,136,1,1,0,0.0000000,0.0000000,0.0000000,0,0,0,0
756902003696333 D 701,2313827339,1000,1551,1551,2.3792043,0.00247,-1,-1,-1,0,0,0,136,1,1,0,0.0000000,0.0000000,0.0000000,0,0,0,0
756902004690541 D 702,2313828339,1000,1551,1551,2.3792043,0.00237,-1,-1,-1,0,0,0,136,1,1,0,0.0000000,0.0000000,0.0000000,0,0,0,0
756902005668166 D 703,2313829339,1000,1551,1551,2.3792043,0.00228,-1,-1,-1,0,0,0,136,1,1,0,0.0000000,0.0000000,0.0000000,0,0,0,0
756902006673958 D 704,2313830339,1000,1551,1551,2.3792043,0.00219,-1,-1,-1,0,0,0,136,1,1,0,0.0000000,0.0000000,0.0000000,0,0,0,0
756902007656625 D 705,2313831339,1000,1551,1551,2.3792043,0.00211,-1,-1,-1,0,0,0,136,1,1,0,0.0000000,0.0000000,0.0000000,0,0,0,0
756902008662625 D 706,2313832339,1000,1551,1551,2.3792043,0.00202,-1,-1,-1,0,0,0,136,1,1,0,0.0000000,0.0000000,0.0000000,0,0,0,0
756902009660958 D 707,2313833339,1000,1551,1551,2.3792043,0.00194,-1,-1,-1,0,0,0,136,1,1,0,0.0000000,0.0000000,0.0000000,0,0,0,0
756902010688458 D 708,2313834339,1000,1551,1551,2.3792043,0.00187,-1,-1,-1,0,0,0,136,1,1,0,0.0000000,0.0000000,0.0000000,0,0,0,0
756902011668833 D 709,2313835339,1000,1551,1551,2.3792043,0.00179,-1,-1,-1,0,0,0,136,1,1,0,0.0000000,0.0000000,0.0000000,0,0,0,0
756902012755291 D 710,2313836339,1000,1551,1551,2.3792043,0.00172,-1,-1,-1,0,0,0,136,1,1,0,0.0000000,0.0000000,0.0000000,0,0,0,0
756902013776333 D 711,2313837339,1000,1551,1551,2.3792043,0.00166,-1,-1,-1,0,0,0,136,1,1,0,0.0000000,0.0000000,0.0000000,0,0,0,0
756902014754583 D 712,2313838339,1000,1551,1551,2.3792043,0.00159,-1,-1,-1,0,0,0,136,1,1,0,0.0000000,0.0000000,0.0000000,0,0,0,0
756902015750916 D 713,2313839339,1000,1551,1551,2.3792043,0.00153,-1,-1,-1,0,0,0,136,1,1,0,0.0000000,0.0000000,0.0000000,0,0,0,0
756902016737416 D 714,2313840339,1000,1551,1551,2.3792043,0.00147,-1,-1,-1,0,0,0,136,1,1,0,0.0000000,0.0000000,0.0000000,0,0,0,0
756902017694541 D 715,2313841339,1000,1551,1551,2.3792043,0.00141,-1,-1,-1,0,0,0,136,1,1,0,0.0000000,0.0000000,0.0000000,0,0,0,0
756902018682041 D 716,2313842339,1000,1551,1551,2.3792043,0.00136,-1,-1,-1,0,0,0,136,1,1,0,0.0000000,0.0000000,0.0000000,0,0,0,0
756902019672208 D 717,2313843339,1000,1551,1551,2.3792043,0.00130,-1,-1,-1,0,0,0,136,1,1,0,0.0000000,0.0000000,0.0000000,0,0,0,0
756902020664458 D 718,2313844339,1000,1551,1551,2.3792043,0.00125,-1,-1,-1,0,0,0,136,1,1,0,0.0000000,0.0000000,0.0000000,0,0,0,0
756902021655958 D 719,2313845339,1000,1551,1551,2.3792043,0.00120,-1,-1,-1,0,0,0,136,1,1,0,0.0000000,0.0000000,0.0000000,0,0,0,0
756902022676208 D 720,2313846339,1000,1551,1551,2.3792043,0.00116,-1,-1,-1,0,0,0,136,1,1,0,0.0000000,0.0000000,0.0000000,0,0,0,0
756902023671750 D 721,2313847339,1000,1551,1551,2.3792043,0.00111,-1,-1,-1,0,0,0,136,1,1,0,0.0000000,0.0000000,0.0000000,0,0,0,0
756902024662500 D 722,2313848339,1000,1551,1551,2.3792043,0.00107,-1,-1,-1,0,0,0,136,1,1,0,0.0000000,0.0000000,0.0000000,0,0,0,0
756902025657666 D 723,2313849339,1000,1551,1551,2.3792043,0.00102,-1,-1,-1,0,0,0,136,1,1,0,0.0000000,0.0000000,0.0000000,0,0,0,0
756902026686166 D 724,2313850339,1000,1551,1551,2.3792043,0.00098,-1,-1,-1,0,0,0,136,1,1,0,0.0000000,0.0000000,0.0000000,0,0,0,0
756902027788791 D 725,2313851339,1000,1551,1551,2.3792043,0.00095,-1,-1,-1,0,0,0,136,1,1,0,0.0000000,0.0000000,0.0000000,0,0,0,0
756902029137500 D 726,2313852339,1000,1551,1551,2.3792043,0.00091,39,128,2054,0,0,0,136,1,1,0,0.0000000,0.0000000,0.0000000,0,0,0,0
756902029960666 D 727,2313853339,1000,1551,1551,2.3792043,0.00087,-1,-1,-1,0,0,0,136,1,1,0,0.0000000,0.0000000,0.0000000,0,0,0,0
756902030882375 D 728,2313854339,1000,1551,1551,2.3792043,0.00084,-1,-1,-1,0,0,0,136,1,1,0,0.0000000,0.0000000,0.0000000,0,0,0,0
756902031887416 D 729,2313855339,1000,1551,1551,2.3792043,0.00081,-1,-1,-1,0,0,0,135,1,1,0,0.0000000,0.0000000,0.0000000,0,0,0,0
756902032727750 D 730,2313856339,1000,1551,1551,2.3792043,0.00077,-1,-1,-1,0,0,0,136,1,1,0,0.0000000,0.0000000,0.0000000,0,0,0,0
756902033767125 D 731,2313857339,1000,1551,1551,2.3792043,0.00074,-1,-1,-1,0,0,0,136,1,1,0,0.0000000,0.0000000,0.0000000,0,0,0,0
756902034697458 D 732,2313858339,1000,1551,1551,2.3792043,0.00072,-1,-1,-1,0,0,0,136,1,1,0,0.0000000,0.0000000,0.0000000,0,0,0,0
756902035748208 D 733,2313859339,1000,1551,1551,2.3792043,0.00069,-1,-1,-1,0,0,0,136,1,1,0,0.0000000,0.0000000,0.0000000,0,0,0,0
756902036743541 D 734,2313860339,1000,1551,1551,2.3792043,0.00066,-1,-1,-1,0,0,0,136,1,1,0,0.0000000,0.0000000,0.0000000,0,0,0,0
756902037688916 D 735,2313861339,1000,1551,1551,2.3792043,0.00063,-1,-1,-1,0,0,0,136,1,1,0,0.0000000,0.0000000,0.0000000,0,0,0,0
756902038699166 D 736,2313862339,1000,1551,1551,2.3792043,0.00061,-1,-1,-1,0,0,0,136,1,1,0,0.0000000,0.0000000,0.0000000,0,0,0,0
756902039678666 D 737,2313863339,1000,1551,1551,2.3792043,0.00059,-1,-1,-1,0,0,0,136,1,1,0,0.0000000,0.0000000,0.0000000,0,0,0,0
756902040679250 D 738,2313864339,1000,1551,1551,2.3792043,0.00056,-1,-1,-1,0,0,0,136,1,1,0,0.0000000,0.0000000,0.0000000,0,0,0,0
756902041673333 D 739,2313865339,1000,1551,1551,2.3792043,0.00054,-1,-1,-1,0,0,0,136,1,1,0,0.0000000,0.0000000,0.0000000,0,0,0,0
756902042741000 D 740,2313866339,1000,1551,1551,2.3792043,0.00052,-1,-1,-1,0,0,0,136,1,1,0,0.0000000,0.0000000,0.0000000,0,0,0,0
756902043689541 D 741,2313867339,1000,1551,1551,2.3792043,0.00050,-1,-1,-1,0,0,0,136,1,1,0,0.0000000,0.0000000,0.0000000,0,0,0,0
756902044658333 D 742,2313868339,1000,1551,1551,2.3792043,0.00048,-1,-1,-1,0,0,0,136,1,1,0,0.0000000,0.0000000,0.0000000,0,0,0,0
756902045914958 D 743,2313869339,1000,1551,1551,2.3792043,0.00046,-1,-1,-1,0,0,0,136,1,1,0,0.0000000,0.0000000,0.0000000,0,0,0,0
756902046973500 D 744,2313870339,1000,1551,1551,2.3792043,0.00044,-1,-1,-1,0,0,0,136,1,1,0,0.0000000,0.0000000,0.0000000,0,0,0,0
756902048082083 D 745,2313871339,1000,1551,1551,2.3792043,0.00043,-1,-1,-1,0,0,0,136,1,1,0,0.0000000,0.0000000,0.0000000,0,0,0,0
756902048830083 D 746,2313872339,1000,1551,1551,2.3792043,0.00041,-1,-1,-1,0,0,0,136,1,1,0,0.0000000,0.0000000,0.0000000,0,0,0,0
756902049790125 D 747,2313873339,1000,1551,1551,2.3792043,0.00039,-1,-1,-1,0,0,0,136,1,1,0,0.0000000,0.0000000,0.0000000,0,0,0,0
756902050801708 D 748,2313874339,1000,1551,1551,2.3792043,0.00038,-1,-1,-1,0,0,0,136,1,1,0,0.0000000,0.0000000,0.0000000,0,0,0,0
756902051719291 D 749,2313875339,1000,1551,1551,2.3792043,0.00036,-1,-1,-1,0,0,0,136,1,1,0,0.0000000,0.0000000,0.0000000,0,0,0,0
756902052786333 D 750,2313876339,1000,1550,1550,2.3776703,-0.05980,-1,-1,-1,0,0,0,135,1,1,0,0.0000000,0.0000000,0.0000000,0,0,0,0
756902053891333 D 751,2313877339,1000,1551,1551,2.3792043,0.00269,-1,-1,-1,0,0,0,136,1,1,0,0.0000000,0.0000000,0.0000000,0,0,0,0
756902054749833 D 752,2313878339,1000,1551,1551,2.3792043,0.00259,-1,-1,-1,0,0,0,136,1,1,0,0.0000000,0.0000000,0.0000000,0,0,0,0
756902055769708 D 753,2313879339,1000,1551,1551,2.3792043,0.00249,-1,-1,-1,0,0,0,136,1,1,0,0.0000000,0.0000000,0.0000000,0,0,0,0
756902056727208 D 754,2313880339,1000,1551,1551,2.3792043,0.00239,-1,-1,-1,0,0,0,136,1,1,0,0.0000000,0.0000000,0.0000000,0,0,0,0
756902057734041 D 755,2313881339,1000,1551,1551,2.3792043,0.00229,-1,-1,-1,0,0,0,136,1,1,0,0.0000000,0.0000000,0.0000000,0,0,0,0
756902058681416 D 756,2313882339,1000,1551,1551,2.3792043,0.00220,-1,-1,-1,0,0,0,136,1,1,0,0.0000000,0.0000000,0.0000000,0,0,0,0
756902059691916 D 757,2313883339,1000,1551,1551,2.3792043,0.00212,-1,-1,-1,0,0,0,136,1,1,0,0.0000000,0.0000000,0.0000000,0,0,0,0
756902060676291 D 758,2313884339,1000,1551,1551,2.3792043,0.00204,-1,-1,-1,0,0,0,136,1,1,0,0.0000000,0.0000000,0.0000000,0,0,0,0
756902061706541 D 759,2313885339,1000,1551,1551,2.3792043,0.00196,-1,-1,-1,0,0,0,136,1,1,0,0.0000000,0.0000000,0.0000000,0,0,0,0
756902062695916 D 760,2313886339,1000,1551,1551,2.3792043,0.00188,-1,-1,-1,0,0,0,136,1,1,0,0.0000000,0.0000000,0.0000000,0,0,0,0
756902063709583 D 761,2313887339,1000,1551,1551,2.3792043,0.00181,-1,-1,-1,0,0,0,136,1,1,0,0.0000000,0.0000000,0.0000000,0,0,0,0
756902064691041 D 762,2313888339,1000,1551,1551,2.3792043,0.00173,-1,-1,-1,0,0,0,136,1,1,0,0.0000000,0.0000000,0.0000000,0,0,0,0
756902065693541 D 763,2313889339,1000,1551,1551,2.3792043,0.00167,-1,-1,-1,0,0,0,136,1,1,0,0.0000000,0.0000000,0.0000000,0,0,0,0
756902066713291 D 764,2313890339,1000,1551,1551,2.3792043,0.00160,-1,-1,-1,0,0,0,136,1,1,0,0.0000000,0.0000000,0.0000000,0,0,0,0
756902067712166 D 765,2313891339,1000,1551,1551,2.3792043,0.00154,-1,-1,-1,0,0,0,136,1,1,0,0.0000000,0.0000000,0.0000000,0,0,0,0
756902068681708 D 766,2313892339,1000,1551,1551,2.3792043,0.00148,-1,-1,-1,0,0,0,136,1,1,0,0.0000000,0.0000000,0.0000000,0,0,0,0
756902069668083 D 767,2313893339,1000,1551,1551,2.3792043,0.00142,-1,-1,-1,0,0,0,136,1,1,0,0.0000000,0.0000000,0.0000000,0,0,0,0
756902070586083 D 768,2313894339,1000,1551,1551,2.3792043,0.00136,-1,-1,-1,0,0,0,136,1,1,0,0.0000000,0.0000000,0.0000000,0,0,0,0
756902071573750 D 769,2313895339,1000,1551,1551,2.3792043,0.00131,-1,-1,-1,0,0,0,136,1,1,0,0.0000000,0.0000000,0.0000000,0,0,0,0
756902072561791 D 770,2313896339,1000,1551,1551,2.3792043,0.00126,-1,-1,-1,0,0,0,136,1,1,0,0.0000000,0.0000000,0.0000000,0,0,0,0
756902073568125 D 771,2313897339,1000,1551,1551,2.3792043,0.00121,-1,-1,-1,0,0,0,136,1,1,0,0.0000000,0.0000000,0.0000000,0,0,0,0
756902074592541 D 772,2313898339,1000,1551,1551,2.3792043,0.00116,-1,-1,-1,0,0,0,136,1,1,0,0.0000000,0.0000000,0.0000000,0,0,0,0
756902075676458 D 773,2313899339,1000,1551,1551,2.3792043,0.00112,-1,-1,-1,0,0,0,136,1,1,0,0.0000000,0.0000000,0.0000000,0,0,0,0
756902076664416 D 774,2313900339,1000,1551,1551,2.3792043,0.00107,-1,-1,-1,0,0,0,136,1,1,0,0.0000000,0.0000000,0.0000000,0,0,0,0
756902077649333 D 775,2313901339,1000,1551,1551,2.3792043,0.00103,-1,-1,-1,0,0,0,136,1,1,0,0.0000000,0.0000000,0.0000000,0,0,0,0
756902079138083 D 776,2313902339,1000,1551,1551,2.3792043,0.00099,39,128,2054,0,0,0,136,1,1,0,0.0000000,0.0000000,0.0000000,0,0,0,0
756902079765791 D 777,2313903339,1000,1550,1550,2.3776703,-0.05920,-1,-1,-1,0,0,0,136,1,1,0,0.0000000,0.0000000,0.0000000,0,0,0,0
756902080710333 D 778,2313904339,1000,1551,1551,2.3792043,0.00327,-1,-1,-1,0,0,0,135,1,1,0,0.0000000,0.0000000,0.0000000,0,0,0,0
756902081961250 D 779,2313905339,1000,1551,1551,2.3792043,0.00314,-1,-1,-1,0,0,0,136,1,1,0,0.0000000,0.0000000,0.0000000,0,0,0,0
756902083019791 D 780,2313906339,1000,1551,1551,2.3792043,0.00302,-1,-1,-1,0,0,0,136,1,1,0,0.0000000,0.0000000,0.0000000,0,0,0,0
756902083884916 D 781,2313907339,1000,1551,1551,2.3792043,0.00290,-1,-1,-1,0,0,0,136,1,1,0,0.0000000,0.0000000,0.0000000,0,0,0,0
756902084753458 D 782,2313908339,1000,1551,1551,2.3792043,0.00279,-1,-1,-1,0,0,0,136,1,1,0,0.0000000,0.0000000,0.0000000,0,0,0,0
756902085684791 D 783,2313909339,1000,1551,1551,2.3792043,0.00268,-1,-1,-1,0,0,0,136,1,1,0,0.0000000,0.0000000,0.0000000,0,0,0,0
756902086709625 D 784,2313910339,1000,1551,1551,2.3792043,0.00257,-1,-1,-1,0,0,0,136,1,1,0,0.0000000,0.0000000,0.0000000,0,0,0,0
756902087690958 D 785,2313911339,1000,1550,1550,2.3776703,-0.05767,-1,-1,-1,0,0,0,136,1,1,0,0.0000000,0.0000000,0.0000000,0,0,0,0
756902088697916 D 786,2313912339,1000,1551,1551,2.3792043,0.00474,-1,-1,-1,0,0,0,136,1,1,0,0.0000000,0.0000000,0.0000000,0,0,0,0
756902089685250 D 787,2313913339,1000,1551,1551,2.3792043,0.00455,-1,-1,-1,0,0,0,136,1,1,0,0.0000000,0.0000000,0.0000000,0,0,0,0
756902090698291 D 788,2313914339,1000,1551,1551,2.3792043,0.00437,-1,-1,-1,0,0,0,136,1,1,0,0.0000000,0.0000000,0.0000000,0,0,0,0
756902091684958 D 789,2313915339,1000,1551,1551,2.3792043,0.00420,-1,-1,-1,0,0,0,136,1,1,0,0.0000000,0.0000000,0.0000000,0,0,0,0
756902092697708 D 790,2313916339,1000,1551,1551,2.3792043,0.00403,-1,-1,-1,0,0,0,136,1,1,0,0.0000000,0.0000000,0.0000000,0,0,0,0
756902093685541 D 791,2313917339,1000,1551,1551,2.3792043,0.00388,-1,-1,-1,0,0,0,136,1,1,0,0.0000000,0.0000000,0.0000000,0,0,0,0
756902094601166 D 792,2313918339,1000,1551,1551,2.3792043,0.00372,-1,-1,-1,0,0,0,136,1,1,0,0.0000000,0.0000000,0.0000000,0,0,0,0
756902095570458 D 793,2313919339,1000,1551,1551,2.3792043,0.00358,-1,-1,-1,0,0,0,136,1,1,0,0.0000000,0.0000000,0.0000000,0,0,0,0
756902096536833 D 794,2313920339,1000,1551,1551,2.3792043,0.00344,-1,-1,-1,0,0,0,136,1,1,0,0.0000000,0.0000000,0.0000000,0,0,0,0
756902097535541 D 795,2313921339,1000,1551,1551,2.3792043,0.00330,-1,-1,-1,0,0,0,136,1,1,0,0.0000000,0.0000000,0.0000000,0,0,0,0
756902098632208 D 796,2313922339,1000,1551,1551,2.3792043,0.00317,-1,-1,-1,0,0,0,136,1,1,0,0.0000000,0.0000000,0.0000000,0,0,0,0
756902099686791 D 797,2313923339,1000,1551,1551,2.3792043,0.00305,-1,-1,-1,0,0,0,136,1,1,0,0.0000000,0.0000000,0.0000000,0,0,0,0
756902100589166 D 798,2313924339,1000,1551,1551,2.3792043,0.00293,-1,-1,-1,0,0,0,136,1,1,0,0.0000000,0.0000000,0.0000000,0,0,0,0
756902101585583 D 799,2313925339,1000,1551,1551,2.3792043,0.00282,-1,-1,-1,0,0,0,135,1,1,0,0.0000000,0.0000000,0.0000000,0,0,0,0
756902102570333 D 800,2313926339,1000,1551,1551,2.3792043,0.00270,-1,-1,-1,0,0,0,136,1,1,0,0.0000000,0.0000000,0.0000000,0,0,0,0
756902103562166 D 801,2313927339,1000,1551,1551,2.3792043,0.00260,-1,-1,-1,0,0,0,136,1,1,0,0.0000000,0.0000000,0.0000000,0,0,0,0
756902104558666 D 802,2313928339,1000,1551,1551,2.3792043,0.00250,-1,-1,-1,0,0,0,136,1,1,0,0.0000000,0.0000000,0.0000000,0,0,0,0
756902105565791 D 803,2313929339,1000,1551,1551,2.3792043,0.00240,-1,-1,-1,0,0,0,136,1,1,0,0.0000000,0.0000000,0.0000000,0,0,0,0
756902106607708 D 804,2313930339,1000,1551,1551,2.3792043,0.00230,-1,-1,-1,0,0,0,136,1,1,0,0.0000000,0.0000000,0.0000000,0,0,0,0
756902107613958 D 805,2313931339,1000,1551,1551,2.3792043,0.00221,-1,-1,-1,0,0,0,136,1,1,0,0.0000000,0.0000000,0.0000000,0,0,0,0
756902108607541 D 806,2313932339,1000,1551,1551,2.3792043,0.00213,-1,-1,-1,0,0,0,136,1,1,0,0.0000000,0.0000000,0.0000000,0,0,0,0
756902109606458 D 807,2313933339,1000,1551,1551,2.3792043,0.00204,-1,-1,-1,0,0,0,136,1,1,0,0.0000000,0.0000000,0.0000000,0,0,0,0
756902110718541 D 808,2313934339,1000,1551,1551,2.3792043,0.00196,-1,-1,-1,0,0,0,136,1,1,0,0.0000000,0.0000000,0.0000000,0,0,0,0
756902111734291 D 809,2313935339,1000,1551,1551,2.3792043,0.00189,-1,-1,-1,0,0,0,136,1,1,0,0.0000000,0.0000000,0.0000000,0,0,0,0
756902112682750 D 810,2313936339,1000,1551,1551,2.3792043,0.00181,-1,-1,-1,0,0,0,136,1,1,0,0.0000000,0.0000000,0.0000000,0,0,0,0
756902113678000 D 811,2313937339,1000,1551,1551,2.3792043,0.00174,-1,-1,-1,0,0,0,136,1,1,0,0.0000000,0.0000000,0.0000000,0,0,0,0
756902114674375 D 812,2313938339,1000,1551,1551,2.3792043,0.00167,-1,-1,-1,0,0,0,136,1,1,0,0.0000000,0.0000000,0.0000000,0,0,0,0
756902115671500 D 813,2313939339,1000,1551,1551,2.3792043,0.00161,-1,-1,-1,0,0,0,136,1,1,0,0.0000000,0.0000000,0.0000000,0,0,0,0
756902116683666 D 814,2313940339,1000,1551,1551,2.3792043,0.00154,-1,-1,-1,0,0,0,136,1,1,0,0.0000000,0.0000000,0.0000000,0,0,0,0
756902117670916 D 815,2313941339,1000,1551,1551,2.3792043,0.00148,-1,-1,-1,0,0,0,136,1,1,0,0.0000000,0.0000000,0.0000000,0,0,0,0
756902118672833 D 816,2313942339,1000,1551,1551,2.3792043,0.00143,-1,-1,-1,0,0,0,136,1,1,0,0.0000000,0.0000000,0.0000000,0,0,0,0
756902119670666 D 817,2313943339,1000,1551,1551,2.3792043,0.00137,-1,-1,-1,0,0,0,136,1,1,0,0.0000000,0.0000000,0.0000000,0,0,0,0
756902120665041 D 818,2313944339,1000,1551,1551,2.3792043,0.00132,-1,-1,-1,0,0,0,136,1,1,0,0.0000000,0.0000000,0.0000000,0,0,0,0
756902121671583 D 819,2313945339,1000,1551,1551,2.3792043,0.00126,-1,-1,-1,0,0,0,136,1,1,0,0.0000000,0.0000000,0.0000000,0,0,0,0
756902122873541 D 820,2313946339,1000,1551,1551,2.3792043,0.00122,-1,-1,-1,0,0,0,136,1,1,0,0.0000000,0.0000000,0.0000000,0,0,0,0
756902123882500 D 821,2313947339,1000,1551,1551,2.3792043,0.00117,-1,-1,-1,0,0,0,136,1,1,0,0.0000000,0.0000000,0.0000000,0,0,0,0
756902125041250 D 822,2313948339,1000,1551,1551,2.3792043,0.00112,-1,-1,-1,0,0,0,136,1,1,0,0.0000000,0.0000000,0.0000000,0,0,0,0
756902126039875 D 823,2313949339,1000,1551,1551,2.3792043,0.00108,-1,-1,-1,0,0,0,136,1,1,0,0.0000000,0.0000000,0.0000000,0,0,0,0
756902127037708 D 824,2313950339,1000,1551,1551,2.3792043,0.00104,-1,-1,-1,0,0,0,136,1,1,0,0.0000000,0.0000000,0.0000000,0,0,0,0
756902127783458 D 825,2313951339,1000,1551,1551,2.3792043,0.00100,-1,-1,-1,0,0,0,136,1,1,0,0.0000000,0.0000000,0.0000000,0,0,0,0
756902129078500 D 826,2313952339,1000,1551,1551,2.3792043,0.00096,39,128,2053,0,0,0,136,1,1,0,0.0000000,0.0000000,0.0000000,0,0,0,0
756902129684916 D 827,2313953339,1000,1551,1551,2.3792043,0.00092,-1,-1,-1,0,0,0,136,1,1,0,0.0000000,0.0000000,0.0000000,0,0,0,0
756902130679625 D 828,2313954339,1000,1551,1551,2.3792043,0.00088,-1,-1,-1,0,0,0,136,1,1,0,0.0000000,0.0000000,0.0000000,0,0,0,0
756902131689916 D 829,2313955339,1000,1551,1551,2.3792043,0.00085,-1,-1,-1,0,0,0,136,1,1,0,0.0000000,0.0000000,0.0000000,0,0,0,0
756902132899708 D 830,2313956339,1000,1551,1551,2.3792043,0.00081,-1,-1,-1,0,0,0,136,1,1,0,0.0000000,0.0000000,0.0000000,0,0,0,0
756902133917208 D 831,2313957339,1000,1551,1551,2.3792043,0.00078,-1,-1,-1,0,0,0,136,1,1,0,0.0000000,0.0000000,0.0000000,0,0,0,0
756902134883666 D 832,2313958339,1000,1551,1551,2.3792043,0.00075,-1,-1,-1,0,0,0,136,1,1,0,0.0000000,0.0000000,0.0000000,0,0,0,0
756902135710791 D 833,2313959339,1000,1551,1551,2.3792043,0.00072,-1,-1,-1,0,0,0,136,1,1,0,0.0000000,0.0000000,0.0000000,0,0,0,0
756902136670958 D 834,2313960339,1000,1551,1551,2.3792043,0.00069,-1,-1,-1,0,0,0,136,1,1,0,0.0000000,0.0000000,0.0000000,0,0,0,0
756902137670541 D 835,2313961339,1000,1551,1551,2.3792043,0.00067,-1,-1,-1,0,0,0,136,1,1,0,0.0000000,0.0000000,0.0000000,0,0,0,0
756902138674125 D 836,2313962339,1000,1551,1551,2.3792043,0.00064,-1,-1,-1,0,0,0,136,1,1,0,0.0000000,0.0000000,0.0000000,0,0,0,0
756902139664875 D 837,2313963339,1000,1551,1551,2.3792043,0.00062,-1,-1,-1,0,0,0,136,1,1,0,0.0000000,0.0000000,0.0000000,0,0,0,0
756902140659708 D 838,2313964339,1000,1551,1551,2.3792043,0.00059,-1,-1,-1,0,0,0,136,1,1,0,0.0000000,0.0000000,0.0000000,0,0,0,0
756902141653166 D 839,2313965339,1000,1551,1551,2.3792043,0.00057,-1,-1,-1,0,0,0,136,1,1,0,0.0000000,0.0000000,0.0000000,0,0,0,0
756902142723416 D 840,2313966339,1000,1551,1551,2.3792043,0.00055,-1,-1,-1,0,0,0,136,1,1,0,0.0000000,0.0000000,0.0000000,0,0,0,0
756902143658791 D 841,2313967339,1000,1551,1551,2.3792043,0.00052,-1,-1,-1,0,0,0,136,1,1,0,0.0000000,0.0000000,0.0000000,0,0,0,0
756902144670000 D 842,2313968339,1000,1551,1551,2.3792043,0.00050,-1,-1,-1,0,0,0,136,1,1,0,0.0000000,0.0000000,0.0000000,0,0,0,0
756902145660625 D 843,2313969339,1000,1551,1551,2.3792043,0.00048,-1,-1,-1,0,0,0,136,1,1,0,0.0000000,0.0000000,0.0000000,0,0,0,0
756902146660583 D 844,2313970339,1000,1551,1551,2.3792043,0.00047,-1,-1,-1,0,0,0,136,1,1,0,0.0000000,0.0000000,0.0000000,0,0,0,0
756902147650416 D 845,2313971339,1000,1551,1551,2.3792043,0.00045,-1,-1,-1,0,0,0,136,1,1,0,0.0000000,0.0000000,0.0000000,0,0,0,0
756902148658083 D 846,2313972339,1000,1551,1551,2.3792043,0.00043,-1,-1,-1,0,0,0,136,1,1,0,0.0000000,0.0000000,0.0000000,0,0,0,0
756902149648208 D 847,2313973339,1000,1551,1551,2.3792043,0.00041,-1,-1,-1,0,0,0,136,1,1,0,0.0000000,0.0000000,0.0000000,0,0,0,0
756902150659041 D 848,2313974339,1000,1551,1551,2.3792043,0.00040,-1,-1,-1,0,0,0,136,1,1,0,0.0000000,0.0000000,0.0000000,0,0,0,0
756902151654791 D 849,2313975339,1000,1551,1551,2.3792043,0.00038,-1,-1,-1,0,0,0,136,1,1,0,0.0000000,0.0000000,0.0000000,0,0,0,0
756902152879666 D 850,2313976339,1000,1551,1551,2.3792043,0.00037,-1,-1,-1,0,0,0,136,1,1,0,0.0000000,0.0000000,0.0000000,0,0,0,0
756902153893250 D 851,2313977339,1000,1551,1551,2.3792043,0.00035,-1,-1,-1,0,0,0,136,1,1,0,0.0000000,0.0000000,0.0000000,0,0,0,0
756902155020125 D 852,2313978339,1000,1551,1551,2.3792043,0.00034,-1,-1,-1,0,0,0,136,1,1,0,0.0000000,0.0000000,0.0000000,0,0,0,0
756902155931583 D 853,2313979339,1000,1551,1551,2.3792043,0.00032,-1,-1,-1,0,0,0,136,1,1,0,0.0000000,0.0000000,0.0000000,0,0,0,0
756902156903958 D 854,2313980339,1000,1551,1551,2.3792043,0.00031,-1,-1,-1,0,0,0,136,1,1,0,0.0000000,0.0000000,0.0000000,0,0,0,0
756902157708791 D 855,2313981339,1000,1551,1551,2.3792043,0.00030,-1,-1,-1,0,0,0,136,1,1,0,0.0000000,0.0000000,0.0000000,0,0,0,0
756902158704833 D 856,2313982339,1000,1551,1551,2.3792043,0.00029,-1,-1,-1,0,0,0,136,1,1,0,0.0000000,0.0000000,0.0000000,0,0,0,0
756902159672000 D 857,2313983339,1000,1551,1551,2.3792043,0.00028,-1,-1,-1,0,0,0,136,1,1,0,0.0000000,0.0000000,0.0000000,0,0,0,0
756902160672625 D 858,2313984339,1000,1551,1551,2.3792043,0.00027,-1,-1,-1,0,0,0,136,1,1,0,0.0000000,0.0000000,0.0000000,0,0,0,0
756902161697750 D 859,2313985339,1000,1551,1551,2.3792043,0.00026,-1,-1,-1,0,0,0,136,1,1,0,0.0000000,0.0000000,0.0000000,0,0,0,0
756902162677166 D 860,2313986339,1000,1551,1551,2.3792043,0.00025,-1,-1,-1,0,0,0,136,1,1,0,0.0000000,0.0000000,0.0000000,0,0,0,0
756902163671625 D 861,2313987339,1000,1551,1551,2.3792043,0.00024,-1,-1,-1,0,0,0,136,1,1,0,0.0000000,0.0000000,0.0000000,0,0,0,0
756902164668833 D 862,2313988339,1000,1551,1551,2.3792043,0.00023,-1,-1,-1,0,0,0,136,1,1,0,0.0000000,0.0000000,0.0000000,0,0,0,0
756902165662291 D 863,2313989339,1000,1550,1550,2.3776703,-0.05993,-1,-1,-1,0,0,0,136,1,1,0,0.0000000,0.0000000,0.0000000,0,0,0,0
756902166656500 D 864,2313990339,1000,1551,1551,2.3792043,0.00257,-1,-1,-1,0,0,0,136,1,1,0,0.0000000,0.0000000,0.0000000,0,0,0,0
756902167661125 D 865,2313991339,1000,1551,1551,2.3792043,0.00247,-1,-1,-1,0,0,0,136,1,1,0,0.0000000,0.0000000,0.0000000,0,0,0,0
756902168648250 D 866,2313992339,1000,1551,1551,2.3792043,0.00237,-1,-1,-1,0,0,0,136,1,1,0,0.0000000,0.0000000,0.0000000,0,0,0,0
756902169658458 D 867,2313993339,1000,1551,1551,2.3792043,0.00228,-1,-1,-1,0,0,0,136,1,1,0,0.0000000,0.0000000,0.0000000,0,0,0,0
756902170697333 D 868,2313994339,1000,1551,1551,2.3792043,0.00219,-1,-1,-1,0,0,0,136,1,1,0,0.0000000,0.0000000,0.0000000,0,0,0,0
756902171687875 D 869,2313995339,1000,1551,1551,2.3792043,0.00210,-1,-1,-1,0,0,0,135,1,1,0,0.0000000,0.0000000,0.0000000,0,0,0,0
756902172725791 D 870,2313996339,1000,1551,1551,2.3792043,0.00202,-1,-1,-1,0,0,0,136,1,1,0,0.0000000,0.0000000,0.0000000,0,0,0,0
756902173712500 D 871,2313997339,1000,1551,1551,2.3792043,0.00194,-1,-1,-1,0,0,0,136,1,1,0,0.0000000,0.0000000,0.0000000,0,0,0,0
756902174692000 D 872,2313998339,1000,1551,1551,2.3792043,0.00186,-1,-1,-1,0,0,0,136,1,1,0,0.0000000,0.0000000,0.0000000,0,0,0,0
756902175693000 D 873,2313999339,1000,1551,1551,2.3792043,0.00179,-1,-1,-1,0,0,0,136,1,1,0,0.0000000,0.0000000,0.0000000,0,0,0,0
756902176697291 D 874,2314000339,1000,1551,1551,2.3792043,0.00172,-1,-1,-1,0,0,0,136,1,1,0,0.0000000,0.0000000,0.0000000,0,0,0,0
756902177671333 D 875,2314001339,1000,1551,1551,2.3792043,0.00165,-1,-1,-1,0,0,0,136,1,1,0,0.0000000,0.0000000,0.0000000,0,0,0,0
756902179110708 D 876,2314002339,1000,1551,1551,2.3792043,0.00159,39,128,2054,0,0,0,136,1,1,0,0.0000000,0.0000000,0.0000000,0,0,0,0
756902179875583 D 877,2314003339,1000,1551,1551,2.3792043,0.00153,-1,-1,-1,0,0,0,136,1,1,0,0.0000000,0.0000000,0.0000000,0,0,0,0
756902180684041 D 878,2314004339,1000,1551,1551,2.3792043,0.00147,-1,-1,-1,0,0,0,136,1,1,0,0.0000000,0.0000000,0.0000000,0,0,0,0
756902181665416 D 879,2314005339,1000,1551,1551,2.3792043,0.00141,-1,-1,-1,0,0,0,136,1,1,0,0.0000000,0.0000000,0.0000000,0,0,0,0
756902182665208 D 880,2314006339,1000,1551,1551,2.3792043,0.00135,-1,-1,-1,0,0,0,136,1,1,0,0.0000000,0.0000000,0.0000000,0,0,0,0
756902183692208 D 881,2314007339,1000,1551,1551,2.3792043,0.00130,-1,-1,-1,0,0,0,136,1,1,0,0.0000000,0.0000000,0.0000000,0,0,0,0
756902184669583 D 882,2314008339,1000,1551,1551,2.3792043,0.00125,-1,-1,-1,0,0,0,136,1,1,0,0.0000000,0.0000000,0.0000000,0,0,0,0
756902185672750 D 883,2314009339,1000,1551,1551,2.3792043,0.00120,-1,-1,-1,0,0,0,136,1,1,0,0.0000000,0.0000000,0.0000000,0,0,0,0
756902186885500 D 884,2314010339,1000,1551,1551,2.3792043,0.00115,-1,-1,-1,0,0,0,136,1,1,0,0.0000000,0.0000000,0.0000000,0,0,0,0
756902187894166 D 885,2314011339,1000,1551,1551,2.3792043,0.00111,-1,-1,-1,0,0,0,136,1,1,0,0.0000000,0.0000000,0.0000000,0,0,0,0
756902188860791 D 886,2314012339,1000,1551,1551,2.3792043,0.00106,-1,-1,-1,0,0,0,136,1,1,0,0.0000000,0.0000000,0.0000000,0,0,0,0
756902189737791 D 887,2314013339,1000,1551,1551,2.3792043,0.00102,-1,-1,-1,0,0,0,136,1,1,0,0.0000000,0.0000000,0.0000000,0,0,0,0
756902190723166 D 888,2314014339,1000,1551,1551,2.3792043,0.00098,-1,-1,-1,0,0,0,136,1,1,0,0.0000000,0.0000000,0.0000000,0,0,0,0
756902191759541 D 889,2314015339,1000,1551,1551,2.3792043,0.00094,-1,-1,-1,0,0,0,136,1,1,0,0.0000000,0.0000000,0.0000000,0,0,0,0
756902192811791 D 890,2314016339,1000,1550,1550,2.3776703,-0.05924,-1,-1,-1,0,0,0,135,1,1,0,0.0000000,0.0000000,0.0000000,0,0,0,0
756902193860375 D 891,2314017339,1000,1551,1551,2.3792043,0.00323,-1,-1,-1,0,0,0,136,1,1,0,0.0000000,0.0000000,0.0000000,0,0,0,0
756902194822458 D 892,2314018339,1000,1551,1551,2.3792043,0.00310,-1,-1,-1,0,0,0,136,1,1,0,0.0000000,0.0000000,0.0000000,0,0,0,0
756902195796458 D 893,2314019339,1000,1551,1551,2.3792043,0.00298,-1,-1,-1,0,0,0,136,1,1,0,0.0000000,0.0000000,0.0000000,0,0,0,0
756902196790583 D 894,2314020339,1000,1551,1551,2.3792043,0.00287,-1,-1,-1,0,0,0,136,1,1,0,0.0000000,0.0000000,0.0000000,0,0,0,0
756902197712208 D 895,2314021339,1000,1551,1551,2.3792043,0.00275,-1,-1,-1,0,0,0,136,1,1,0,0.0000000,0.0000000,0.0000000,0,0,0,0
756902198693208 D 896,2314022339,1000,1551,1551,2.3792043,0.00264,-1,-1,-1,0,0,0,136,1,1,0,0.0000000,0.0000000,0.0000000,0,0,0,0
756902199681791 D 897,2314023339,1000,1551,1551,2.3792043,0.00254,-1,-1,-1,0,0,0,135,1,1,0,0.0000000,0.0000000,0.0000000,0,0,0,0
756902200626041 D 898,2314024339,1000,1551,1551,2.3792043,0.00244,-1,-1,-1,0,0,0,136,1,1,0,0.0000000,0.0000000,0.0000000,0,0,0,0
756902201794083 D 899,2314025339,1000,1551,1551,2.3792043,0.00235,-1,-1,-1,0,0,0,136,1,1,0,0.0000000,0.0000000,0.0000000,0,0,0,0
756902202908041 D 900,2314026339,1000,1551,1551,2.3792043,0.00225,-1,-1,-1,0,0,0,136,1,1,0,0.0000000,0.0000000,0.0000000,0,0,0,0
756902203885375 D 901,2314027339,1000,1551,1551,2.3792043,0.00217,-1,-1,-1,0,0,0,136,1,1,0,0.0000000,0.0000000,0.0000000,0,0,0,0
756902204807541 D 902,2314028339,1000,1551,1551,2.3792043,0.00208,-1,-1,-1,0,0,0,136,1,1,0,0.0000000,0.0000000,0.0000000,0,0,0,0
756902205718791 D 903,2314029339,1000,1551,1551,2.3792043,0.00200,-1,-1,-1,0,0,0,136,1,1,0,0.0000000,0.0000000,0.0000000,0,0,0,0
756902206705750 D 904,2314030339,1000,1551,1551,2.3792043,0.00192,-1,-1,-1,0,0,0,135,1,1,0,0.0000000,0.0000000,0.0000000,0,0,0,0
756902207690041 D 905,2314031339,1000,1551,1551,2.3792043,0.00185,-1,-1,-1,0,0,0,136,1,1,0,0.0000000,0.0000000,0.0000000,0,0,0,0
756902208698583 D 906,2314032339,1000,1551,1551,2.3792043,0.00177,-1,-1,-1,0,0,0,136,1,1,0,0.0000000,0.0000000,0.0000000,0,0,0,0
756902209685375 D 907,2314033339,1000,1551,1551,2.3792043,0.00170,-1,-1,-1,0,0,0,136,1,1,0,0.0000000,0.0000000,0.0000000,0,0,0,0
756902210690166 D 908,2314034339,1000,1551,1551,2.3792043,0.00164,-1,-1,-1,0,0,0,136,1,1,0,0.0000000,0.0000000,0.0000000,0,0,0,0
756902211690750 D 909,2314035339,1000,1551,1551,2.3792043,0.00157,-1,-1,-1,0,0,0,136,1,1,0,0.0000000,0.0000000,0.0000000,0,0,0,0
756902212676375 D 910,2314036339,1000,1551,1551,2.3792043,0.00151,-1,-1,-1,0,0,0,136,1,1,0,0.0000000,0.0000000,0.0000000,0,0,0,0
756902213682500 D 911,2314037339,1000,1551,1551,2.3792043,0.00145,-1,-1,-1,0,0,0,136,1,1,0,0.0000000,0.0000000,0.0000000,0,0,0,0
756902214674083 D 912,2314038339,1000,1551,1551,2.3792043,0.00139,-1,-1,-1,0,0,0,136,1,1,0,0.0000000,0.0000000,0.0000000,0,0,0,0
756902215671041 D 913,2314039339,1000,1551,1551,2.3792043,0.00134,-1,-1,-1,0,0,0,136,1,1,0,0.0000000,0.0000000,0.0000000,0,0,0,0
756902216677416 D 914,2314040339,1000,1551,1551,2.3792043,0.00129,-1,-1,-1,0,0,0,136,1,1,0,0.0000000,0.0000000,0.0000000,0,0,0,0
756902217666166 D 915,2314041339,1000,1551,1551,2.3792043,0.00124,-1,-1,-1,0,0,0,136,1,1,0,0.0000000,0.0000000,0.0000000,0,0,0,0
756902218661875 D 916,2314042339,1000,1551,1551,2.3792043,0.00119,-1,-1,-1,0,0,0,136,1,1,0,0.0000000,0.0000000,0.0000000,0,0,0,0
756902219663041 D 917,2314043339,1000,1551,1551,2.3792043,0.00114,-1,-1,-1,0,0,0,136,1,1,0,0.0000000,0.0000000,0.0000000,0,0,0,0
756902220684291 D 918,2314044339,1000,1551,1551,2.3792043,0.00110,-1,-1,-1,0,0,0,136,1,1,0,0.0000000,0.0000000,0.0000000,0,0,0,0
756902221713208 D 919,2314045339,1000,1551,1551,2.3792043,0.00105,-1,-1,-1,0,0,0,136,1,1,0,0.0000000,0.0000000,0.0000000,0,0,0,0
756902222693750 D 920,2314046339,1000,1551,1551,2.3792043,0.00101,-1,-1,-1,0,0,0,136,1,1,0,0.0000000,0.0000000,0.0000000,0,0,0,0
756902223680916 D 921,2314047339,1000,1551,1551,2.3792043,0.00097,-1,-1,-1,0,0,0,136,1,1,0,0.0000000,0.0000000,0.0000000,0,0,0,0
756902224692791 D 922,2314048339,1000,1551,1551,2.3792043,0.00093,-1,-1,-1,0,0,0,136,1,1,0,0.0000000,0.0000000,0.0000000,0,0,0,0
756902225747958 D 923,2314049339,1000,1551,1551,2.3792043,0.00090,-1,-1,-1,0,0,0,136,1,1,0,0.0000000,0.0000000,0.0000000,0,0,0,0
756902226718041 D 924,2314050339,1000,1551,1551,2.3792043,0.00086,-1,-1,-1,0,0,0,136,1,1,0,0.0000000,0.0000000,0.0000000,0,0,0,0
756902227698208 D 925,2314051339,1000,1551,1551,2.3792043,0.00083,-1,-1,-1,0,0,0,136,1,1,0,0.0000000,0.0000000,0.0000000,0,0,0,0
756902229278875 D 926,2314052339,1000,1551,1551,2.3792043,0.00080,39,128,2054,0,0,0,136,1,1,0,0.0000000,0.0000000,0.0000000,0,0,0,0
756902230112625 D 927,2314053339,1000,1551,1551,2.3792043,0.00077,-1,-1,-1,0,0,0,136,1,1,0,0.0000000,0.0000000,0.0000000,0,0,0,0
756902230930125 D 928,2314054339,1000,1551,1551,2.3792043,0.00074,-1,-1,-1,0,0,0,136,1,1,0,0.0000000,0.0000000,0.0000000,0,0,0,0
756902231882041 D 929,2314055339,1000,1551,1551,2.3792043,0.00071,-1,-1,-1,0,0,0,136,1,1,0,0.0000000,0.0000000,0.0000000,0,0,0,0
756902232701125 D 930,2314056339,1000,1551,1551,2.3792043,0.00068,-1,-1,-1,0,0,0,136,1,1,0,0.0000000,0.0000000,0.0000000,0,0,0,0
756902233668125 D 931,2314057339,1000,1551,1551,2.3792043,0.00065,-1,-1,-1,0,0,0,136,1,1,0,0.0000000,0.0000000,0.0000000,0,0,0,0
756902234644291 D 932,2314058339,1000,1551,1551,2.3792043,0.00063,-1,-1,-1,0,0,0,136,1,1,0,0.0000000,0.0000000,0.0000000,0,0,0,0
756902235658041 D 933,2314059339,1000,1551,1551,2.3792043,0.00060,-1,-1,-1,0,0,0,136,1,1,0,0.0000000,0.0000000,0.0000000,0,0,0,0
756902236683083 D 934,2314060339,1000,1551,1551,2.3792043,0.00058,-1,-1,-1,0,0,0,136,1,1,0,0.0000000,0.0000000,0.0000000,0,0,0,0
756902237682333 D 935,2314061339,1000,1551,1551,2.3792043,0.00056,-1,-1,-1,0,0,0,136,1,1,0,0.0000000,0.0000000,0.0000000,0,0,0,0
756902238666291 D 936,2314062339,1000,1551,1551,2.3792043,0.00053,-1,-1,-1,0,0,0,136,1,1,0,0.0000000,0.0000000,0.0000000,0,0,0,0
756902239675333 D 937,2314063339,1000,1551,1551,2.3792043,0.00051,-1,-1,-1,0,0,0,136,1,1,0,0.0000000,0.0000000,0.0000000,0,0,0,0
756902240744833 D 938,2314064339,1000,1551,1551,2.3792043,0.00049,-1,-1,-1,0,0,0,136,1,1,0,0.0000000,0.0000000,0.0000000,0,0,0,0
756902241749208 D 939,2314065339,1000,1551,1551,2.3792043,0.00047,-1,-1,-1,0,0,0,136,1,1,0,0.0000000,0.0000000,0.0000000,0,0,0,0
756902242707250 D 940,2314066339,1000,1551,1551,2.3792043,0.00046,-1,-1,-1,0,0,0,136,1,1,0,0.0000000,0.0000000,0.0000000,0,0,0,0
756902243795000 D 941,2314067339,1000,1551,1551,2.3792043,0.00044,-1,-1,-1,0,0,0,136,1,1,0,0.0000000,0.0000000,0.0000000,0,0,0,0
756902244732458 D 942,2314068339,1000,1551,1551,2.3792043,0.00042,-1,-1,-1,0,0,0,136,1,1,0,0.0000000,0.0000000,0.0000000,0,0,0,0
756902245704916 D 943,2314069339,1000,1551,1551,2.3792043,0.00040,-1,-1,-1,0,0,0,136,1,1,0,0.0000000,0.0000000,0.0000000,0,0,0,0
756902246698458 D 944,2314070339,1000,1551,1551,2.3792043,0.00039,-1,-1,-1,0,0,0,136,1,1,0,0.0000000,0.0000000,0.0000000,0,0,0,0
756902247691958 D 945,2314071339,1000,1551,1551,2.3792043,0.00037,-1,-1,-1,0,0,0,136,1,1,0,0.0000000,0.0000000,0.0000000,0,0,0,0
756902248695125 D 946,2314072339,1000,1551,1551,2.3792043,0.00036,-1,-1,-1,0,0,0,136,1,1,0,0.0000000,0.0000000,0.0000000,0,0,0,0
756902249701708 D 947,2314073339,1000,1551,1551,2.3792043,0.00034,-1,-1,-1,0,0,0,136,1,1,0,0.0000000,0.0000000,0.0000000,0,0,0,0
756902250682291 D 948,2314074339,1000,1551,1551,2.3792043,0.00033,-1,-1,-1,0,0,0,136,1,1,0,0.0000000,0.0000000,0.0000000,0,0,0,0
756902251704250 D 949,2314075339,1000,1551,1551,2.3792043,0.00032,-1,-1,-1,0,0,0,136,1,1,0,0.0000000,0.0000000,0.0000000,0,0,0,0
756902252721833 D 950,2314076339,1000,1551,1551,2.3792043,0.00031,-1,-1,-1,0,0,0,136,1,1,0,0.0000000,0.0000000,0.0000000,0,0,0,0
756902253663208 D 951,2314077339,1000,1551,1551,2.3792043,0.00029,-1,-1,-1,0,0,0,136,1,1,0,0.0000000,0.0000000,0.0000000,0,0,0,0
756902254578916 D 952,2314078339,1000,1551,1551,2.3792043,0.00028,-1,-1,-1,0,0,0,136,1,1,0,0.0000000,0.0000000,0.0000000,0,0,0,0
756902255606666 D 953,2314079339,1000,1551,1551,2.3792043,0.00027,-1,-1,-1,0,0,0,136,1,1,0,0.0000000,0.0000000,0.0000000,0,0,0,0
756902256524583 D 954,2314080339,1000,1551,1551,2.3792043,0.00026,-1,-1,-1,0,0,0,136,1,1,0,0.0000000,0.0000000,0.0000000,0,0,0,0
756902257665541 D 955,2314081339,1000,1551,1551,2.3792043,0.00025,-1,-1,-1,0,0,0,136,1,1,0,0.0000000,0.0000000,0.0000000,0,0,0,0
756902258714291 D 956,2314082339,1000,1551,1551,2.3792043,0.00024,-1,-1,-1,0,0,0,136,1,1,0,0.0000000,0.0000000,0.0000000,0,0,0,0
756902259665583 D 957,2314083339,1000,1551,1551,2.3792043,0.00023,-1,-1,-1,0,0,0,136,1,1,0,0.0000000,0.0000000,0.0000000,0,0,0,0
756902260700458 D 958,2314084339,1000,1551,1551,2.3792043,0.00022,-1,-1,-1,0,0,0,136,1,1,0,0.0000000,0.0000000,0.0000000,0,0,0,0
756902261674666 D 959,2314085339,1000,1551,1551,2.3792043,0.00021,-1,-1,-1,0,0,0,136,1,1,0,0.0000000,0.0000000,0.0000000,0,0,0,0
756902262741500 D 960,2314086339,1000,1551,1551,2.3792043,0.00020,-1,-1,-1,0,0,0,136,1,1,0,0.0000000,0.0000000,0.0000000,0,0,0,0
756902263958541 D 961,2314087339,1000,1551,1551,2.3792043,0.00020,-1,-1,-1,0,0,0,136,1,1,0,0.0000000,0.0000000,0.0000000,0,0,0,0
756902264522500 D 962,2314088339,1000,1551,1551,2.3792043,0.00019,-1,-1,-1,0,0,0,136,1,1,0,0.0000000,0.0000000,0.0000000,0,0,0,0
756902265917000 D 963,2314089339,1000,1551,1551,2.3792043,0.00018,-1,-1,-1,0,0,0,136,1,1,0,0.0000000,0.0000000,0.0000000,0,0,0,0
756902266896333 D 964,2314090339,1000,1551,1551,2.3792043,0.00017,-1,-1,-1,0,0,0,136,1,1,0,0.0000000,0.0000000,0.0000000,0,0,0,0
756902267877166 D 965,2314091339,1000,1551,1551,2.3792043,0.00017,-1,-1,-1,0,0,0,136,1,1,0,0.0000000,0.0000000,0.0000000,0,0,0,0
756902268686041 D 966,2314092339,1000,1551,1551,2.3792043,0.00016,-1,-1,-1,0,0,0,136,1,1,0,0.0000000,0.0000000,0.0000000,0,0,0,0
756902269671333 D 967,2314093339,1000,1551,1551,2.3792043,0.00015,-1,-1,-1,0,0,0,136,1,1,0,0.0000000,0.0000000,0.0000000,0,0,0,0
756902270662833 D 968,2314094339,1000,1551,1551,2.3792043,0.00015,-1,-1,-1,0,0,0,136,1,1,0,0.0000000,0.0000000,0.0000000,0,0,0,0
756902271659791 D 969,2314095339,1000,1551,1551,2.3792043,0.00014,-1,-1,-1,0,0,0,136,1,1,0,0.0000000,0.0000000,0.0000000,0,0,0,0
756902272654208 D 970,2314096339,1000,1551,1551,2.3792043,0.00014,-1,-1,-1,0,0,0,136,1,1,0,0.0000000,0.0000000,0.0000000,0,0,0,0
756902273672666 D 971,2314097339,1000,1551,1551,2.3792043,0.00013,-1,-1,-1,0,0,0,136,1,1,0,0.0000000,0.0000000,0.0000000,0,0,0,0
756902274722333 D 972,2314098339,1000,1551,1551,2.3792043,0.00013,-1,-1,-1,0,0,0,136,1,1,0,0.0000000,0.0000000,0.0000000,0,0,0,0
756902275772500 D 973,2314099339,1000,1551,1551,2.3792043,0.00012,-1,-1,-1,0,0,0,136,1,1,0,0.0000000,0.0000000,0.0000000,0,0,0,0
756902276746916 D 974,2314100339,1000,1551,1551,2.3792043,0.00012,-1,-1,-1,0,0,0,136,1,1,0,0.0000000,0.0000000,0.0000000,0,0,0,0
756902277665041 D 975,2314101339,1000,1551,1551,2.3792043,0.00011,-1,-1,-1,0,0,0,136,1,1,0,0.0000000,0.0000000,0.0000000,0,0,0,0
756902279078291 D 976,2314102339,1000,1551,1551,2.3792043,0.00011,39,128,2053,0,0,0,136,1,1,0,0.0000000,0.0000000,0.0000000,0,0,0,0
756902279690625 D 977,2314103339,1000,1551,1551,2.3792043,0.00010,-1,-1,-1,0,0,0,136,1,1,0,0.0000000,0.0000000,0.0000000,0,0,0,0
756902280652583 D 978,2314104339,1000,1551,1551,2.3792043,0.00010,-1,-1,-1,0,0,0,136,1,1,0,0.0000000,0.0000000,0.0000000,0,0,0,0
756902281656166 D 979,2314105339,1000,1551,1551,2.3792043,0.00010,-1,-1,-1,0,0,0,136,1,1,0,0.0000000,0.0000000,0.0000000,0,0,0,0
756902282653833 D 980,2314106339,1000,1551,1551,2.3792043,0.00009,-1,-1,-1,0,0,0,136,1,1,0,0.0000000,0.0000000,0.0000000,0,0,0,0
756902283662375 D 981,2314107339,1000,1551,1551,2.3792043,0.00009,-1,-1,-1,0,0,0,136,1,1,0,0.0000000,0.0000000,0.0000000,0,0,0,0
756902284661500 D 982,2314108339,1000,1551,1551,2.3792043,0.00008,-1,-1,-1,0,0,0,136,1,1,0,0.0000000,0.0000000,0.0000000,0,0,0,0
756902285699333 D 983,2314109339,1000,1551,1551,2.3792043,0.00008,-1,-1,-1,0,0,0,136,1,1,0,0.0000000,0.0000000,0.0000000,0,0,0,0
756902286676125 D 984,2314110339,1000,1551,1551,2.3792043,0.00008,-1,-1,-1,0,0,0,136,1,1,0,0.0000000,0.0000000,0.0000000,0,0,0,0
756902287656041 D 985,2314111339,1000,1551,1551,2.3792043,0.00008,-1,-1,-1,0,0,0,136,1,1,0,0.0000000,0.0000000,0.0000000,0,0,0,0
756902288659958 D 986,2314112339,1000,1551,1551,2.3792043,0.00007,-1,-1,-1,0,0,0,136,1,1,0,0.0000000,0.0000000,0.0000000,0,0,0,0
756902289652583 D 987,2314113339,1000,1551,1551,2.3792043,0.00007,-1,-1,-1,0,0,0,136,1,1,0,0.0000000,0.0000000,0.0000000,0,0,0,0
756902290648291 D 988,2314114339,1000,1551,1551,2.3792043,0.00007,-1,-1,-1,0,0,0,136,1,1,0,0.0000000,0.0000000,0.0000000,0,0,0,0
756902291646083 D 989,2314115339,1000,1551,1551,2.3792043,0.00006,-1,-1,-1,0,0,0,136,1,1,0,0.0000000,0.0000000,0.0000000,0,0,0,0
756902292643541 D 990,2314116339,1000,1551,1551,2.3792043,0.00006,-1,-1,-1,0,0,0,136,1,1,0,0.0000000,0.0000000,0.0000000,0,0,0,0
756902293863833 D 991,2314117339,1000,1551,1551,2.3792043,0.00006,-1,-1,-1,0,0,0,136,1,1,0,0.0000000,0.0000000,0.0000000,0,0,0,0
756902294870250 D 992,2314118339,1000,1551,1551,2.3792043,0.00006,-1,-1,-1,0,0,0,136,1,1,0,0.0000000,0.0000000,0.0000000,0,0,0,0
756902295871958 D 993,2314119339,1000,1551,1551,2.3792043,0.00005,-1,-1,-1,0,0,0,136,1,1,0,0.0000000,0.0000000,0.0000000,0,0,0,0
756902296879041 D 994,2314120339,1000,1551,1551,2.3792043,0.00005,-1,-1,-1,0,0,0,136,1,1,0,0.0000000,0.0000000,0.0000000,0,0,0,0
756902297871291 D 995,2314121339,1000,1551,1551,2.3792043,0.00005,-1,-1,-1,0,0,0,136,1,1,0,0.0000000,0.0000000,0.0000000,0,0,0,0
756902298874875 D 996,2314122339,1000,1551,1551,2.3792043,0.00005,-1,-1,-1,0,0,0,136,1,1,0,0.0000000,0.0000000,0.0000000,0,0,0,0
756902299888458 D 997,2314123339,1000,1551,1551,2.3792043,0.00005,-1,-1,-1,0,0,0,136,1,1,0,0.0000000,0.0000000,0.0000000,0,0,0,0
756902300866708 D 998,2314124339,1000,1551,1551,2.3792043,0.00004,-1,-1,-1,0,0,0,136,1,1,0,0.0000000,0.0000000,0.0000000,0,0,0,0
756902301723291 D 999,2314125339,1000,1551,1551,2.3792043,0.00004,-1,-1,-1,0,0,0,136,1,1,0,0.0000000,0.0000000,0.0000000,0,0,0,0
756902302655458 D 1000,2314126339,1000,1551,1551,2.3792043,0.00004,-1,-1,-1,0,0,0,136,1,1,0,0.0000000,0.0000000,0.0000000,0,0,0,0
756902303656291 D 1001,2314127339,1000,1551,1551,2.3792043,0.00004,-1,-1,-1,0,0,0,136,1,1,0,0.0000000,0.0000000,0.0000000,0,0,0,0
756902304881833 D 1002,2314128339,1000,1551,1551,2.3792043,0.00004,-1,-1,-1,0,0,0,136,1,1,0,0.0000000,0.0000000,0.0000000,0,0,0,0
756902305846500 D 1003,2314129339,1000,1551,1551,2.3792043,0.00004,-1,-1,-1,0,0,0,136,1,1,0,0.0000000,0.0000000,0.0000000,0,0,0,0
756902306874125 D 1004,2314130339,1000,1551,1551,2.3792043,0.00004,-1,-1,-1,0,0,0,136,1,1,0,0.0000000,0.0000000,0.0000000,0,0,0,0
756902307879125 D 1005,2314131339,1000,1551,1551,2.3792043,0.00003,-1,-1,-1,0,0,0,136,1,1,0,0.0000000,0.0000000,0.0000000,0,0,0,0
756902308956083 D 1006,2314132339,1000,1551,1551,2.3792043,0.00003,-1,-1,-1,0,0,0,136,1,1,0,0.0000000,0.0000000,0.0000000,0,0,0,0
756902309712125 D 1007,2314133339,1000,1551,1551,2.3792043,0.00003,-1,-1,-1,0,0,0,136,1,1,0,0.0000000,0.0000000,0.0000000,0,0,0,0
756902310662333 D 1008,2314134339,1000,1551,1551,2.3792043,0.00003,-1,-1,-1,0,0,0,136,1,1,0,0.0000000,0.0000000,0.0000000,0,0,0,0
756902311693000 D 1009,2314135339,1000,1551,1551,2.3792043,0.00003,-1,-1,-1,0,0,0,136,1,1,0,0.0000000,0.0000000,0.0000000,0,0,0,0
756902312677750 D 1010,2314136339,1000,1551,1551,2.3792043,0.00003,-1,-1,-1,0,0,0,136,1,1,0,0.0000000,0.0000000,0.0000000,0,0,0,0
756902313658625 D 1011,2314137339,1000,1551,1551,2.3792043,0.00003,-1,-1,-1,0,0,0,136,1,1,0,0.0000000,0.0000000,0.0000000,0,0,0,0
756902314676000 D 1012,2314138339,1000,1551,1551,2.3792043,0.00003,-1,-1,-1,0,0,0,136,1,1,0,0.0000000,0.0000000,0.0000000,0,0,0,0
756902315710166 D 1013,2314139339,1000,1551,1551,2.3792043,0.00002,-1,-1,-1,0,0,0,136,1,1,0,0.0000000,0.0000000,0.0000000,0,0,0,0
756902316670708 D 1014,2314140339,1000,1551,1551,2.3792043,0.00002,-1,-1,-1,0,0,0,136,1,1,0,0.0000000,0.0000000,0.0000000,0,0,0,0
756902317683916 D 1015,2314141339,1000,1551,1551,2.3792043,0.00002,-1,-1,-1,0,0,0,136,1,1,0,0.0000000,0.0000000,0.0000000,0,0,0,0
756902318654416 D 1016,2314142339,1000,1551,1551,2.3792043,0.00002,-1,-1,-1,0,0,0,136,1,1,0,0.0000000,0.0000000,0.0000000,0,0,0,0
756902319656791 D 1017,2314143339,1000,1551,1551,2.3792043,0.00002,-1,-1,-1,0,0,0,136,1,1,0,0.0000000,0.0000000,0.0000000,0,0,0,0
756902320646708 D 1018,2314144339,1000,1551,1551,2.3792043,0.00002,-1,-1,-1,0,0,0,136,1,1,0,0.0000000,0.0000000,0.0000000,0,0,0,0
756902321691000 D 1019,2314145339,1000,1551,1551,2.3792043,0.00002,-1,-1,-1,0,0,0,136,1,1,0,0.0000000,0.0000000,0.0000000,0,0,0,0
756902322663291 D 1020,2314146339,1000,1551,1551,2.3792043,0.00002,-1,-1,-1,0,0,0,136,1,1,0,0.0000000,0.0000000,0.0000000,0,0,0,0
756902323645000 D 1021,2314147339,1000,1551,1551,2.3792043,0.00002,-1,-1,-1,0,0,0,136,1,1,0,0.0000000,0.0000000,0.0000000,0,0,0,0
756902324654041 D 1022,2314148339,1000,1551,1551,2.3792043,0.00002,-1,-1,-1,0,0,0,136,1,1,0,0.0000000,0.0000000,0.0000000,0,0,0,0
756902325639541 D 1023,2314149339,1000,1551,1551,2.3792043,0.00002,-1,-1,-1,0,0,0,136,1,1,0,0.0000000,0.0000000,0.0000000,0,0,0,0
756902326648291 D 1024,2314150339,1000,1551,1551,2.3792043,0.00002,-1,-1,-1,0,0,0,136,1,1,0,0.0000000,0.0000000,0.0000000,0,0,0,0
756902327639375 D 1025,2314151339,1000,1551,1551,2.3792043,0.00002,-1,-1,-1,0,0,0,136,1,1,0,0.0000000,0.0000000,0.0000000,0,0,0,0
756902329111875 D 1026,2314152339,1000,1551,1551,2.3792043,0.00001,39,128,2053,0,0,0,136,1,1,0,0.0000000,0.0000000,0.0000000,0,0,0,0
756902329733208 D 1027,2314153339,1000,1551,1551,2.3792043,0.00001,-1,-1,-1,0,0,0,136,1,1,0,0.0000000,0.0000000,0.0000000,0,0,0,0
756902330663750 D 1028,2314154339,1000,1551,1551,2.3792043,0.00001,-1,-1,-1,0,0,0,136,1,1,0,0.0000000,0.0000000,0.0000000,0,0,0,0
756902331654833 D 1029,2314155339,1000,1551,1551,2.3792043,0.00001,-1,-1,-1,0,0,0,136,1,1,0,0.0000000,0.0000000,0.0000000,0,0,0,0
756902332880791 D 1030,2314156339,1000,1551,1551,2.3792043,0.00001,-1,-1,-1,0,0,0,136,1,1,0,0.0000000,0.0000000,0.0000000,0,0,0,0
756902333883250 D 1031,2314157339,1000,1551,1551,2.3792043,0.00001,-1,-1,-1,0,0,0,136,1,1,0,0.0000000,0.0000000,0.0000000,0,0,0,0
756902334891875 D 1032,2314158339,1000,1550,1550,2.3776703,-0.06014,-1,-1,-1,0,0,0,136,1,1,0,0.0000000,0.0000000,0.0000000,0,0,0,0
756902335650333 D 1033,2314159339,1000,1551,1551,2.3792043,0.00237,-1,-1,-1,0,0,0,136,1,1,0,0.0000000,0.0000000,0.0000000,0,0,0,0
756902336642750 D 1034,2314160339,1000,1551,1551,2.3792043,0.00228,-1,-1,-1,0,0,0,136,1,1,0,0.0000000,0.0000000,0.0000000,0,0,0,0
756902337648041 D 1035,2314161339,1000,1551,1551,2.3792043,0.00219,-1,-1,-1,0,0,0,136,1,1,0,0.0000000,0.0000000,0.0000000,0,0,0,0
756902338649208 D 1036,2314162339,1000,1551,1551,2.3792043,0.00210,-1,-1,-1,0,0,0,136,1,1,0,0.0000000,0.0000000,0.0000000,0,0,0,0
756902339652250 D 1037,2314163339,1000,1551,1551,2.3792043,0.00202,-1,-1,-1,0,0,0,136,1,1,0,0.0000000,0.0000000,0.0000000,0,0,0,0
756902340651625 D 1038,2314164339,1000,1551,1551,2.3792043,0.00194,-1,-1,-1,0,0,0,136,1,1,0,0.0000000,0.0000000,0.0000000,0,0,0,0
756902341659250 D 1039,2314165339,1000,1551,1551,2.3792043,0.00186,-1,-1,-1,0,0,0,136,1,1,0,0.0000000,0.0000000,0.0000000,0,0,0,0
756902342712958 D 1040,2314166339,1000,1551,1551,2.3792043,0.00179,-1,-1,-1,0,0,0,136,1,1,0,0.0000000,0.0000000,0.0000000,0,0,0,0
756902343697666 D 1041,2314167339,1000,1551,1551,2.3792043,0.00172,-1,-1,-1,0,0,0,136,1,1,0,0.0000000,0.0000000,0.0000000,0,0,0,0
756902344667166 D 1042,2314168339,1000,1551,1551,2.3792043,0.00165,-1,-1,-1,0,0,0,136,1,1,0,0.0000000,0.0000000,0.0000000,0,0,0,0
756902345654083 D 1043,2314169339,1000,1551,1551,2.3792043,0.00159,-1,-1,-1,0,0,0,136,1,1,0,0.0000000,0.0000000,0.0000000,0,0,0,0
756902346682875 D 1044,2314170339,1000,1551,1551,2.3792043,0.00153,-1,-1,-1,0,0,0,136,1,1,0,0.0000000,0.0000000,0.0000000,0,0,0,0
756902347688333 D 1045,2314171339,1000,1550,1550,2.3776703,-0.05868,-1,-1,-1,0,0,0,136,1,1,0,0.0000000,0.0000000,0.0000000,0,0,0,0
756902348662375 D 1046,2314172339,1000,1551,1551,2.3792043,0.00377,-1,-1,-1,0,0,0,136,1,1,0,0.0000000,0.0000000,0.0000000,0,0,0,0
756902349717333 D 1047,2314173339,1000,1551,1551,2.3792043,0.00362,-1,-1,-1,0,0,0,136,1,1,0,0.0000000,0.0000000,0.0000000,0,0,0,0
756902350722125 D 1048,2314174339,1000,1551,1551,2.3792043,0.00348,-1,-1,-1,0,0,0,136,1,1,0,0.0000000,0.0000000,0.0000000,0,0,0,0
756902351676125 D 1049,2314175339,1000,1551,1551,2.3792043,0.00334,-1,-1,-1,0,0,0,136,1,1,0,0.0000000,0.0000000,0.0000000,0,0,0,0
756902352652208 D 1050,2314176339,1000,1551,1551,2.3792043,0.00321,-1,-1,-1,0,0,0,136,1,1,0,0.0000000,0.0000000,0.0000000,0,0,0,0
756902353653416 D 1051,2314177339,1000,1551,1551,2.3792043,0.00308,-1,-1,-1,0,0,0,136,1,1,0,0.0000000,0.0000000,0.0000000,0,0,0,0
756902354672250 D 1052,2314178339,1000,1551,1551,2.3792043,0.00296,-1,-1,-1,0,0,0,136,1,1,0,0.0000000,0.0000000,0.0000000,0,0,0,0
756902355676375 D 1053,2314179339,1000,1551,1551,2.3792043,0.00285,-1,-1,-1,0,0,0,136,1,1,0,0.0000000,0.0000000,0.0000000,0,0,0,0
756902356676541 D 1054,2314180339,1000,1551,1551,2.3792043,0.00274,-1,-1,-1,0,0,0,136,1,1,0,0.0000000,0.0000000,0.0000000,0,0,0,0
756902357802083 D 1055,2314181339,1000,1551,1551,2.3792043,0.00263,-1,-1,-1,0,0,0,136,1,1,0,0.0000000,0.0000000,0.0000000,0,0,0,0
756902358920833 D 1056,2314182339,1000,1551,1551,2.3792043,0.00253,-1,-1,-1,0,0,0,136,1,1,0,0.0000000,0.0000000,0.0000000,0,0,0,0
756902359903625 D 1057,2314183339,1000,1551,1551,2.3792043,0.00243,-1,-1,-1,0,0,0,136,1,1,0,0.0000000,0.0000000,0.0000000,0,0,0,0
756902360828458 D 1058,2314184339,1000,1551,1551,2.3792043,0.00233,-1,-1,-1,0,0,0,136,1,1,0,0.0000000,0.0000000,0.0000000,0,0,0,0
756902361708666 D 1059,2314185339,1000,1551,1551,2.3792043,0.00224,-1,-1,-1,0,0,0,136,1,1,0,0.0000000,0.0000000,0.0000000,0,0,0,0
756902362701958 D 1060,2314186339,1000,1551,1551,2.3792043,0.00215,-1,-1,-1,0,0,0,136,1,1,0,0.0000000,0.0000000,0.0000000,0,0,0,0
756902363672666 D 1061,2314187339,1000,1551,1551,2.3792043,0.00207,-1,-1,-1,0,0,0,136,1,1,0,0.0000000,0.0000000,0.0000000,0,0,0,0
756902364683791 D 1062,2314188339,1000,1550,1550,2.3776703,-0.05816,-1,-1,-1,0,0,0,136,1,1,0,0.0000000,0.0000000,0.0000000,0,0,0,0
756902365675791 D 1063,2314189339,1000,1551,1551,2.3792043,0.00427,-1,-1,-1,0,0,0,136,1,1,0,0.0000000,0.0000000,0.0000000,0,0,0,0
756902366681208 D 1064,2314190339,1000,1551,1551,2.3792043,0.00410,-1,-1,-1,0,0,0,136,1,1,0,0.0000000,0.0000000,0.0000000,0,0,0,0
756902367672208 D 1065,2314191339,1000,1551,1551,2.3792043,0.00394,-1,-1,-1,0,0,0,136,1,1,0,0.0000000,0.0000000,0.0000000,0,0,0,0
756902368734000 D 1066,2314192339,1000,1551,1551,2.3792043,0.00378,-1,-1,-1,0,0,0,136,1,1,0,0.0000000,0.0000000,0.0000000,0,0,0,0
756902369689208 D 1067,2314193339,1000,1551,1551,2.3792043,0.00364,-1,-1,-1,0,0,0,136,1,1,0,0.0000000,0.0000000,0.0000000,0,0,0,0
756902370707458 D 1068,2314194339,1000,1551,1551,2.3792043,0.00349,-1,-1,-1,0,0,0,136,1,1,0,0.0000000,0.0000000,0.0000000,0,0,0,0
756902371736041 D 1069,2314195339,1000,1551,1551,2.3792043,0.00336,-1,-1,-1,0,0,0,136,1,1,0,0.0000000,0.0000000,0.0000000,0,0,0,0
756902372669833 D 1070,2314196339,1000,1551,1551,2.3792043,0.00322,-1,-1,-1,0,0,0,136,1,1,0,0.0000000,0.0000000,0.0000000,0,0,0,0
756902373701875 D 1071,2314197339,1000,1551,1551,2.3792043,0.00310,-1,-1,-1,0,0,0,136,1,1,0,0.0000000,0.0000000,0.0000000,0,0,0,0
756902374681208 D 1072,2314198339,1000,1551,1551,2.3792043,0.00298,-1,-1,-1,0,0,0,136,1,1,0,0.0000000,0.0000000,0.0000000,0,0,0,0
756902375673208 D 1073,2314199339,1000,1551,1551,2.3792043,0.00286,-1,-1,-1,0,0,0,136,1,1,0,0.0000000,0.0000000,0.0000000,0,0,0,0
756902376671541 D 1074,2314200339,1000,1551,1551,2.3792043,0.00275,-1,-1,-1,0,0,0,136,1,1,0,0.0000000,0.0000000,0.0000000,0,0,0,0
756902377678250 D 1075,2314201339,1000,1551,1551,2.3792043,0.00264,-1,-1,-1,0,0,0,136,1,1,0,0.0000000,0.0000000,0.0000000,0,0,0,0
756902379035333 D 1076,2314202339,1000,1551,1551,2.3792043,0.00254,39,128,2054,0,0,0,136,1,1,0,0.0000000,0.0000000,0.0000000,0,0,0,0
756902379641875 D 1077,2314203339,1000,1551,1551,2.3792043,0.00244,-1,-1,-1,0,0,0,136,1,1,0,0.0000000,0.0000000,0.0000000,0,0,0,0
756902380659500 D 1078,2314204339,1000,1551,1551,2.3792043,0.00234,-1,-1,-1,0,0,0,136,1,1,0,0.0000000,0.0000000,0.0000000,0,0,0,0
756902381667375 D 1079,2314205339,1000,1551,1551,2.3792043,0.00225,-1,-1,-1,0,0,0,136,1,1,0,0.0000000,0.0000000,0.0000000,0,0,0,0
756902382654375 D 1080,2314206339,1000,1551,1551,2.3792043,0.00216,-1,-1,-1,0,0,0,136,1,1,0,0.0000000,0.0000000,0.0000000,0,0,0,0
756902383651541 D 1081,2314207339,1000,1551,1551,2.3792043,0.00208,-1,-1,-1,0,0,0,136,1,1,0,0.0000000,0.0000000,0.0000000,0,0,0,0
756902384652208 D 1082,2314208339,1000,1551,1551,2.3792043,0.00200,-1,-1,-1,0,0,0,136,1,1,0,0.0000000,0.0000000,0.0000000,0,0,0,0
756902385670750 D 1083,2314209339,1000,1551,1551,2.3792043,0.00192,-1,-1,-1,0,0,0,136,1,1,0,0.0000000,0.0000000,0.0000000,0,0,0,0
756902386681625 D 1084,2314210339,1000,1551,1551,2.3792043,0.00184,-1,-1,-1,0,0,0,136,1,1,0,0.0000000,0.0000000,0.0000000,0,0,0,0
756902387884458 D 1085,2314211339,1000,1551,1551,2.3792043,0.00177,-1,-1,-1,0,0,0,136,1,1,0,0.0000000,0.0000000,0.0000000,0,0,0,0
756902388881458 D 1086,2314212339,1000,1551,1551,2.3792043,0.00170,-1,-1,-1,0,0,0,136,1,1,0,0.0000000,0.0000000,0.0000000,0,0,0,0
756902389868583 D 1087,2314213339,1000,1551,1551,2.3792043,0.00163,-1,-1,-1,0,0,0,136,1,1,0,0.0000000,0.0000000,0.0000000,0,0,0,0
756902390723333 D 1088,2314214339,1000,1551,1551,2.3792043,0.00157,-1,-1,-1,0,0,0,136,1,1,0,0.0000000,0.0000000,0.0000000,0,0,0,0
756902391773416 D 1089,2314215339,1000,1551,1551,2.3792043,0.00151,-1,-1,-1,0,0,0,136,1,1,0,0.0000000,0.0000000,0.0000000,0,0,0,0
756902392751291 D 1090,2314216339,1000,1551,1551,2.3792043,0.00145,-1,-1,-1,0,0,0,136,1,1,0,0.0000000,0.0000000,0.0000000,0,0,0,0
756902393698666 D 1091,2314217339,1000,1551,1551,2.3792043,0.00139,-1,-1,-1,0,0,0,136,1,1,0,0.0000000,0.0000000,0.0000000,0,0,0,0
756902394702500 D 1092,2314218339,1000,1551,1551,2.3792043,0.00134,-1,-1,-1,0,0,0,136,1,1,0,0.0000000,0.0000000,0.0000000,0,0,0,0
756902395668750 D 1093,2314219339,1000,1551,1551,2.3792043,0.00129,-1,-1,-1,0,0,0,136,1,1,0,0.0000000,0.0000000,0.0000000,0,0,0,0
756902396666333 D 1094,2314220339,1000,1551,1551,2.3792043,0.00123,-1,-1,-1,0,0,0,136,1,1,0,0.0000000,0.0000000,0.0000000,0,0,0,0
756902397892583 D 1095,2314221339,1000,1551,1551,2.3792043,0.00119,-1,-1,-1,0,0,0,136,1,1,0,0.0000000,0.0000000,0.0000000,0,0,0,0
756902398885291 D 1096,2314222339,1000,1551,1551,2.3792043,0.00114,-1,-1,-1,0,0,0,136,1,1,0,0.0000000,0.0000000,0.0000000,0,0,0,0
756902399881250 D 1097,2314223339,1000,1551,1551,2.3792043,0.00110,-1,-1,-1,0,0,0,136,1,1,0,0.0000000,0.0000000,0.0000000,0,0,0,0
756902400902208 D 1098,2314224339,1000,1551,1551,2.3792043,0.00105,-1,-1,-1,0,0,0,136,1,1,0,0.0000000,0.0000000,0.0000000,0,0,0,0
756902401874500 D 1099,2314225339,1000,1551,1551,2.3792043,0.00101,-1,-1,-1,0,0,0,136,1,1,0,0.0000000,0.0000000,0.0000000,0,0,0,0
756902402691375 D 1100,2314226339,1000,1551,1551,2.3792043,0.00097,-1,-1,-1,0,0,0,136,1,1,0,0.0000000,0.0000000,0.0000000,0,0,0,0
756902403662541 D 1101,2314227339,1000,1551,1551,2.3792043,0.00093,-1,-1,-1,0,0,0,136,1,1,0,0.0000000,0.0000000,0.0000000,0,0,0,0
756902404639750 D 1102,2314228339,1000,1551,1551,2.3792043,0.00090,-1,-1,-1,0,0,0,136,1,1,0,0.0000000,0.0000000,0.0000000,0,0,0,0
756902405653666 D 1103,2314229339,1000,1551,1551,2.3792043,0.00086,-1,-1,-1,0,0,0,136,1,1,0,0.0000000,0.0000000,0.0000000,0,0,0,0
756902406675375 D 1104,2314230339,1000,1551,1551,2.3792043,0.00083,-1,-1,-1,0,0,0,136,1,1,0,0.0000000,0.0000000,0.0000000,0,0,0,0
756902407681958 D 1105,2314231339,1000,1551,1551,2.3792043,0.00080,-1,-1,-1,0,0,0,136,1,1,0,0.0000000,0.0000000,0.0000000,0,0,0,0
756902408715875 D 1106,2314232339,1000,1551,1551,2.3792043,0.00076,-1,-1,-1,0,0,0,136,1,1,0,0.0000000,0.0000000,0.0000000,0,0,0,0
756902409803250 D 1107,2314233339,1000,1551,1551,2.3792043,0.00073,-1,-1,-1,0,0,0,136,1,1,0,0.0000000,0.0000000,0.0000000,0,0,0,0
756902410774958 D 1108,2314234339,1000,1551,1551,2.3792043,0.00071,-1,-1,-1,0,0,0,136,1,1,0,0.0000000,0.0000000,0.0000000,0,0,0,0
756902411707541 D 1109,2314235339,1000,1551,1551,2.3792043,0.00068,-1,-1,-1,0,0,0,136,1,1,0,0.0000000,0.0000000,0.0000000,0,0,0,0
756902412726625 D 1110,2314236339,1000,1551,1551,2.3792043,0.00065,-1,-1,-1,0,0,0,136,1,1,0,0.0000000,0.0000000,0.0000000,0,0,0,0
756902413706791 D 1111,2314237339,1000,1551,1551,2.3792043,0.00063,-1,-1,-1,0,0,0,136,1,1,0,0.0000000,0.0000000,0.0000000,0,0,0,0
756902414722375 D 1112,2314238339,1000,1551,1551,2.3792043,0.00060,-1,-1,-1,0,0,0,136,1,1,0,0.0000000,0.0000000,0.0000000,0,0,0,0
756902415730875 D 1113,2314239339,1000,1551,1551,2.3792043,0.00058,-1,-1,-1,0,0,0,136,1,1,0,0.0000000,0.0000000,0.0000000,0,0,0,0
756902416722541 D 1114,2314240339,1000,1551,1551,2.3792043,0.00055,-1,-1,-1,0,0,0,136,1,1,0,0.0000000,0.0000000,0.0000000,0,0,0,0
756902417707458 D 1115,2314241339,1000,1551,1551,2.3792043,0.00053,-1,-1,-1,0,0,0,136,1,1,0,0.0000000,0.0000000,0.0000000,0,0,0,0
756902418723833 D 1116,2314242339,1000,1551,1551,2.3792043,0.00051,-1,-1,-1,0,0,0,136,1,1,0,0.0000000,0.0000000,0.0000000,0,0,0,0
756902419719625 D 1117,2314243339,1000,1551,1551,2.3792043,0.00049,-1,-1,-1,0,0,0,136,1,1,0,0.0000000,0.0000000,0.0000000,0,0,0,0
756902420725166 D 1118,2314244339,1000,1551,1551,2.3792043,0.00047,-1,-1,-1,0,0,0,136,1,1,0,0.0000000,0.0000000,0.0000000,0,0,0,0
756902421710458 D 1119,2314245339,1000,1551,1551,2.3792043,0.00045,-1,-1,-1,0,0,0,136,1,1,0,0.0000000,0.0000000,0.0000000,0,0,0,0
756902422690500 D 1120,2314246339,1000,1551,1551,2.3792043,0.00044,-1,-1,-1,0,0,0,136,1,1,0,0.0000000,0.0000000,0.0000000,0,0,0,0
756902423691333 D 1121,2314247339,1000,1551,1551,2.3792043,0.00042,-1,-1,-1,0,0,0,136,1,1,0,0.0000000,0.0000000,0.0000000,0,0,0,0
756902424735916 D 1122,2314248339,1000,1551,1551,2.3792043,0.00040,-1,-1,-1,0,0,0,136,1,1,0,0.0000000,0.0000000,0.0000000,0,0,0,0
756902425714875 D 1123,2314249339,1000,1551,1551,2.3792043,0.00039,-1,-1,-1,0,0,0,136,1,1,0,0.0000000,0.0000000,0.0000000,0,0,0,0
756902426713208 D 1124,2314250339,1000,1551,1551,2.3792043,0.00037,-1,-1,-1,0,0,0,136,1,1,0,0.0000000,0.0000000,0.0000000,0,0,0,0
756902427736166 D 1125,2314251339,1000,1551,1551,2.3792043,0.00036,-1,-1,-1,0,0,0,136,1,1,0,0.0000000,0.0000000,0.0000000,0,0,0,0
756902429082916 D 1126,2314252339,1000,1551,1551,2.3792043,0.00034,39,128,2052,0,0,0,136,1,1,0,0.0000000,0.0000000,0.0000000,0,0,0,0
756902429808750 D 1127,2314253339,1000,1551,1551,2.3792043,0.00033,-1,-1,-1,0,0,0,136,1,1,0,0.0000000,0.0000000,0.0000000,0,0,0,0
756902430592916 D 1128,2314254339,1000,1551,1551,2.3792043,0.00032,-1,-1,-1,0,0,0,136,1,1,0,0.0000000,0.0000000,0.0000000,0,0,0,0
756902431675625 D 1129,2314255339,1000,1551,1551,2.3792043,0.00030,-1,-1,-1,0,0,0,136,1,1,0,0.0000000,0.0000000,0.0000000,0,0,0,0
756902432646708 D 1130,2314256339,1000,1551,1551,2.3792043,0.00029,-1,-1,-1,0,0,0,136,1,1,0,0.0000000,0.0000000,0.0000000,0,0,0,0
756902433551583 D 1131,2314257339,1000,1551,1551,2.3792043,0.00028,-1,-1,-1,0,0,0,136,1,1,0,0.0000000,0.0000000,0.0000000,0,0,0,0
756902434602375 D 1132,2314258339,1000,1551,1551,2.3792043,0.00027,-1,-1,-1,0,0,0,136,1,1,0,0.0000000,0.0000000,0.0000000,0,0,0,0
756902435588750 D 1133,2314259339,1000,1551,1551,2.3792043,0.00026,-1,-1,-1,0,0,0,136,1,1,0,0.0000000,0.0000000,0.0000000,0,0,0,0
756902436597333 D 1134,2314260339,1000,1551,1551,2.3792043,0.00025,-1,-1,-1,0,0,0,136,1,1,0,0.0000000,0.0000000,0.0000000,0,0,0,0
756902437579958 D 1135,2314261339,1000,1551,1551,2.3792043,0.00024,-1,-1,-1,0,0,0,136,1,1,0,0.0000000,0.0000000,0.0000000,0,0,0,0
756902438588708 D 1136,2314262339,1000,1551,1551,2.3792043,0.00023,-1,-1,-1,0,0,0,136,1,1,0,0.0000000,0.0000000,0.0000000,0,0,0,0
756902439596250 D 1137,2314263339,1000,1551,1551,2.3792043,0.00022,-1,-1,-1,0,0,0,136,1,1,0,0.0000000,0.0000000,0.0000000,0,0,0,0
756902440607333 D 1138,2314264339,1000,1551,1551,2.3792043,0.00021,-1,-1,-1,0,0,0,136,1,1,0,0.0000000,0.0000000,0.0000000,0,0,0,0
756902441618750 D 1139,2314265339,1000,1551,1551,2.3792043,0.00020,-1,-1,-1,0,0,0,136,1,1,0,0.0000000,0.0000000,0.0000000,0,0,0,0
756902442590125 D 1140,2314266339,1000,1551,1551,2.3792043,0.00020,-1,-1,-1,0,0,0,136,1,1,0,0.0000000,0.0000000,0.0000000,0,0,0,0
756902443673666 D 1141,2314267339,1000,1551,1551,2.3792043,0.00019,-1,-1,-1,0,0,0,136,1,1,0,0.0000000,0.0000000,0.0000000,0,0,0,0
756902444671333 D 1142,2314268339,1000,1551,1551,2.3792043,0.00018,-1,-1,-1,0,0,0,136,1,1,0,0.0000000,0.0000000,0.0000000,0,0,0,0
756902445662666 D 1143,2314269339,1000,1551,1551,2.3792043,0.00017,-1,-1,-1,0,0,0,136,1,1,0,0.0000000,0.0000000,0.0000000,0,0,0,0
756902446669583 D 1144,2314270339,1000,1551,1551,2.3792043,0.00017,-1,-1,-1,0,0,0,136,1,1,0,0.0000000,0.0000000,0.0000000,0,0,0,0
756902447683750 D 1145,2314271339,1000,1551,1551,2.3792043,0.00016,-1,-1,-1,0,0,0,136,1,1,0,0.0000000,0.0000000,0.0000000,0,0,0,0
756902448688416 D 1146,2314272339,1000,1551,1551,2.3792043,0.00015,-1,-1,-1,0,0,0,136,1,1,0,0.0000000,0.0000000,0.0000000,0,0,0,0
756902449650000 D 1147,2314273339,1000,1551,1551,2.3792043,0.00015,-1,-1,-1,0,0,0,136,1,1,0,0.0000000,0.0000000,0.0000000,0,0,0,0
756902450667750 D 1148,2314274339,1000,1551,1551,2.3792043,0.00014,-1,-1,-1,0,0,0,136,1,1,0,0.0000000,0.0000000,0.0000000,0,0,0,0
756902451672083 D 1149,2314275339,1000,1551,1551,2.3792043,0.00014,-1,-1,-1,0,0,0,136,1,1,0,0.0000000,0.0000000,0.0000000,0,0,0,0
756902452679458 D 1150,2314276339,1000,1551,1551,2.3792043,0.00013,-1,-1,-1,0,0,0,136,1,1,0,0.0000000,0.0000000,0.0000000,0,0,0,0
756902453660541 D 1151,2314277339,1000,1551,1551,2.3792043,0.00013,-1,-1,-1,0,0,0,136,1,1,0,0.0000000,0.0000000,0.0000000,0,0,0,0
756902454877083 D 1152,2314278339,1000,1551,1551,2.3792043,0.00012,-1,-1,-1,0,0,0,136,1,1,0,0.0000000,0.0000000,0.0000000,0,0,0,0
756902455881750 D 1153,2314279339,1000,1551,1551,2.3792043,0.00012,-1,-1,-1,0,0,0,136,1,1,0,0.0000000,0.0000000,0.0000000,0,0,0,0
756902456900416 D 1154,2314280339,1000,1551,1551,2.3792043,0.00011,-1,-1,-1,0,0,0,136,1,1,0,0.0000000,0.0000000,0.0000000,0,0,0,0
756902457900875 D 1155,2314281339,1000,1551,1551,2.3792043,0.00011,-1,-1,-1,0,0,0,136,1,1,0,0.0000000,0.0000000,0.0000000,0,0,0,0
756902458966333 D 1156,2314282339,1000,1551,1551,2.3792043,0.00010,-1,-1,-1,0,0,0,136,1,1,0,0.0000000,0.0000000,0.0000000,0,0,0,0
756902459982333 D 1157,2314283339,1000,1551,1551,2.3792043,0.00010,-1,-1,-1,0,0,0,136,1,1,0,0.0000000,0.0000000,0.0000000,0,0,0,0
756902460927000 D 1158,2314284339,1000,1551,1551,2.3792043,0.00010,-1,-1,-1,0,0,0,136,1,1,0,0.0000000,0.0000000,0.0000000,0,0,0,0
756902461852250 D 1159,2314285339,1000,1551,1551,2.3792043,0.00009,-1,-1,-1,0,0,0,136,1,1,0,0.0000000,0.0000000,0.0000000,0,0,0,0
756902462708333 D 1160,2314286339,1000,1551,1551,2.3792043,0.00009,-1,-1,-1,0,0,0,136,1,1,0,0.0000000,0.0000000,0.0000000,0,0,0,0
756902463681625 D 1161,2314287339,1000,1551,1551,2.3792043,0.00008,-1,-1,-1,0,0,0,136,1,1,0,0.0000000,0.0000000,0.0000000,0,0,0,0
756902464683083 D 1162,2314288339,1000,1551,1551,2.3792043,0.00008,-1,-1,-1,0,0,0,136,1,1,0,0.0000000,0.0000000,0.0000000,0,0,0,0
756902465676833 D 1163,2314289339,1000,1551,1551,2.3792043,0.00008,-1,-1,-1,0,0,0,135,1,1,0,0.0000000,0.0000000,0.0000000,0,0,0,0
756902466674791 D 1164,2314290339,1000,1551,1551,2.3792043,0.00008,-1,-1,-1,0,0,0,136,1,1,0,0.0000000,0.0000000,0.0000000,0,0,0,0
756902467684166 D 1165,2314291339,1000,1551,1551,2.3792043,0.00007,-1,-1,-1,0,0,0,136,1,1,0,0.0000000,0.0000000,0.0000000,0,0,0,0
756902468666083 D 1166,2314292339,1000,1551,1551,2.3792043,0.00007,-1,-1,-1,0,0,0,136,1,1,0,0.0000000,0.0000000,0.0000000,0,0,0,0
756902469671958 D 1167,2314293339,1000,1551,1551,2.3792043,0.00007,-1,-1,-1,0,0,0,136,1,1,0,0.0000000,0.0000000,0.0000000,0,0,0,0
756902470670416 D 1168,2314294339,1000,1551,1551,2.3792043,0.00006,-1,-1,-1,0,0,0,136,1,1,0,0.0000000,0.0000000,0.0000000,0,0,0,0
756902471696500 D 1169,2314295339,1000,1551,1551,2.3792043,0.00006,-1,-1,-1,0,0,0,136,1,1,0,0.0000000,0.0000000,0.0000000,0,0,0,0
756902472675250 D 1170,2314296339,1000,1551,1551,2.3792043,0.00006,-1,-1,-1,0,0,0,136,1,1,0,0.0000000,0.0000000,0.0000000,0,0,0,0
756902473669375 D 1171,2314297339,1000,1551,1551,2.3792043,0.00006,-1,-1,-1,0,0,0,136,1,1,0,0.0000000,0.0000000,0.0000000,0,0,0,0
756902474898583 D 1172,2314298339,1000,1551,1551,2.3792043,0.00005,-1,-1,-1,0,0,0,136,1,1,0,0.0000000,0.0000000,0.0000000,0,0,0,0
756902475890583 D 1173,2314299339,1000,1551,1551,2.3792043,0.00005,-1,-1,-1,0,0,0,136,1,1,0,0.0000000,0.0000000,0.0000000,0,0,0,0
756902476899833 D 1174,2314300339,1000,1551,1551,2.3792043,0.00005,-1,-1,-1,0,0,0,136,1,1,0,0.0000000,0.0000000,0.0000000,0,0,0,0
756902477839875 D 1175,2314301339,1000,1551,1551,2.3792043,0.00005,-1,-1,-1,0,0,0,136,1,1,0,0.0000000,0.0000000,0.0000000,0,0,0,0
756902479192500 D 1176,2314302339,1000,1551,1551,2.3792043,0.00005,39,128,2054,0,0,0,136,1,1,0,0.0000000,0.0000000,0.0000000,0,0,0,0
756902479854500 D 1177,2314303339,1000,1551,1551,2.3792043,0.00004,-1,-1,-1,0,0,0,136,1,1,0,0.0000000,0.0000000,0.0000000,0,0,0,0
756902480728875 D 1178,2314304339,1000,1551,1551,2.3792043,0.00004,-1,-1,-1,0,0,0,136,1,1,0,0.0000000,0.0000000,0.0000000,0,0,0,0
756902481693708 D 1179,2314305339,1000,1551,1551,2.3792043,0.00004,-1,-1,-1,0,0,0,136,1,1,0,0.0000000,0.0000000,0.0000000,0,0,0,0
756902482678291 D 1180,2314306339,1000,1551,1551,2.3792043,0.00004,-1,-1,-1,0,0,0,136,1,1,0,0.0000000,0.0000000,0.0000000,0,0,0,0
756902483686875 D 1181,2314307339,1000,1551,1551,2.3792043,0.00004,-1,-1,-1,0,0,0,136,1,1,0,0.0000000,0.0000000,0.0000000,0,0,0,0
756902484937000 D 1182,2314308339,1000,1551,1551,2.3792043,0.00004,-1,-1,-1,0,0,0,136,1,1,0,0.0000000,0.0000000,0.0000000,0,0,0,0
756902485938541 D 1183,2314309339,1000,1551,1551,2.3792043,0.00004,-1,-1,-1,0,0,0,136,1,1,0,0.0000000,0.0000000,0.0000000,0,0,0,0
756902486996125 D 1184,2314310339,1000,1551,1551,2.3792043,0.00003,-1,-1,-1,0,0,0,136,1,1,0,0.0000000,0.0000000,0.0000000,0,0,0,0
756902487756833 D 1185,2314311339,1000,1551,1551,2.3792043,0.00003,-1,-1,-1,0,0,0,136,1,1,0,0.0000000,0.0000000,0.0000000,0,0,0,0
756902488679916 D 1186,2314312339,1000,1551,1551,2.3792043,0.00003,-1,-1,-1,0,0,0,136,1,1,0,0.0000000,0.0000000,0.0000000,0,0,0,0
756902489682375 D 1187,2314313339,1000,1551,1551,2.3792043,0.00003,-1,-1,-1,0,0,0,136,1,1,0,0.0000000,0.0000000,0.0000000,0,0,0,0
756902490671833 D 1188,2314314339,1000,1551,1551,2.3792043,0.00003,-1,-1,-1,0,0,0,136,1,1,0,0.0000000,0.0000000,0.0000000,0,0,0,0
756902491672833 D 1189,2314315339,1000,1551,1551,2.3792043,0.00003,-1,-1,-1,0,0,0,136,1,1,0,0.0000000,0.0000000,0.0000000,0,0,0,0
756902492676875 D 1190,2314316339,1000,1551,1551,2.3792043,0.00003,-1,-1,-1,0,0,0,136,1,1,0,0.0000000,0.0000000,0.0000000,0,0,0,0
756902493683208 D 1191,2314317339,1000,1550,1550,2.3776703,-0.06012,-1,-1,-1,0,0,0,136,1,1,0,0.0000000,0.0000000,0.0000000,0,0,0,0
756902494668083 D 1192,2314318339,1000,1551,1551,2.3792043,0.00238,-1,-1,-1,0,0,0,136,1,1,0,0.0000000,0.0000000,0.0000000,0,0,0,0
756902495645708 D 1193,2314319339,1000,1551,1551,2.3792043,0.00229,-1,-1,-1,0,0,0,136,1,1,0,0.0000000,0.0000000,0.0000000,0,0,0,0
756902496662833 D 1194,2314320339,1000,1551,1551,2.3792043,0.00220,-1,-1,-1,0,0,0,136,1,1,0,0.0000000,0.0000000,0.0000000,0,0,0,0
756902497655666 D 1195,2314321339,1000,1551,1551,2.3792043,0.00211,-1,-1,-1,0,0,0,136,1,1,0,0.0000000,0.0000000,0.0000000,0,0,0,0
756902498659000 D 1196,2314322339,1000,1551,1551,2.3792043,0.00203,-1,-1,-1,0,0,0,136,1,1,0,0.0000000,0.0000000,0.0000000,0,0,0,0
756902499656125 D 1197,2314323339,1000,1551,1551,2.3792043,0.00195,-1,-1,-1,0,0,0,136,1,1,0,0.0000000,0.0000000,0.0000000,0,0,0,0
756902500670625 D 1198,2314324339,1000,1551,1551,2.3792043,0.00187,-1,-1,-1,0,0,0,135,1,1,0,0.0000000,0.0000000,0.0000000,0,0,0,0
756902501659708 D 1199,2314325339,1000,1551,1551,2.3792043,0.00180,-1,-1,-1,0,0,0,136,1,1,0,0.0000000,0.0000000,0.0000000,0,0,0,0
756902502670750 D 1200,2314326339,1000,1551,1551,2.3792043,0.00173,-1,-1,-1,0,0,0,136,1,1,0,0.0000000,0.0000000,0.0000000,0,0,0,0
756902503666333 D 1201,2314327339,1000,1551,1551,2.3792043,0.00166,-1,-1,-1,0,0,0,136,1,1,0,0.0000000,0.0000000,0.0000000,0,0,0,0
756902504674041 D 1202,2314328339,1000,1551,1551,2.3792043,0.00160,-1,-1,-1,0,0,0,136,1,1,0,0.0000000,0.0000000,0.0000000,0,0,0,0
756902505654041 D 1203,2314329339,1000,1551,1551,2.3792043,0.00153,-1,-1,-1,0,0,0,136,1,1,0,0.0000000,0.0000000,0.0000000,0,0,0,0
756902506661750 D 1204,2314330339,1000,1551,1551,2.3792043,0.00147,-1,-1,-1,0,0,0,136,1,1,0,0.0000000,0.0000000,0.0000000,0,0,0,0
756902507663333 D 1205,2314331339,1000,1551,1551,2.3792043,0.00142,-1,-1,-1,0,0,0,136,1,1,0,0.0000000,0.0000000,0.0000000,0,0,0,0
756902508662208 D 1206,2314332339,1000,1551,1551,2.3792043,0.00136,-1,-1,-1,0,0,0,136,1,1,0,0.0000000,0.0000000,0.0000000,0,0,0,0
756902509656750 D 1207,2314333339,1000,1551,1551,2.3792043,0.00131,-1,-1,-1,0,0,0,136,1,1,0,0.0000000,0.0000000,0.0000000,0,0,0,0
756902510665583 D 1208,2314334339,1000,1551,1551,2.3792043,0.00126,-1,-1,-1,0,0,0,136,1,1,0,0.0000000,0.0000000,0.0000000,0,0,0,0
756902511671208 D 1209,2314335339,1000,1551,1551,2.3792043,0.00121,-1,-1,-1,0,0,0,136,1,1,0,0.0000000,0.0000000,0.0000000,0,0,0,0
756902512892958 D 1210,2314336339,1000,1551,1551,2.3792043,0.00116,-1,-1,-1,0,0,0,136,1,1,0,0.0000000,0.0000000,0.0000000,0,0,0,0
756902513910708 D 1211,2314337339,1000,1551,1551,2.3792043,0.00111,-1,-1,-1,0,0,0,136,1,1,0,0.0000000,0.0000000,0.0000000,0,0,0,0
756902514854000 D 1212,2314338339,1000,1551,1551,2.3792043,0.00107,-1,-1,-1,0,0,0,136,1,1,0,0.0000000,0.0000000,0.0000000,0,0,0,0
756902515670666 D 1213,2314339339,1000,1551,1551,2.3792043,0.00103,-1,-1,-1,0,0,0,136,1,1,0,0.0000000,0.0000000,0.0000000,0,0,0,0
756902516657708 D 1214,2314340339,1000,1551,1551,2.3792043,0.00099,-1,-1,-1,0,0,0,136,1,1,0,0.0000000,0.0000000,0.0000000,0,0,0,0
756902517653916 D 1215,2314341339,1000,1551,1551,2.3792043,0.00095,-1,-1,-1,0,0,0,136,1,1,0,0.0000000,0.0000000,0.0000000,0,0,0,0
756902518696958 D 1216,2314342339,1000,1551,1551,2.3792043,0.00091,-1,-1,-1,0,0,0,136,1,1,0,0.0000000,0.0000000,0.0000000,0,0,0,0
756902519678250 D 1217,2314343339,1000,1551,1551,2.3792043,0.00088,-1,-1,-1,0,0,0,136,1,1,0,0.0000000,0.0000000,0.0000000,0,0,0,0
756902520665250 D 1218,2314344339,1000,1551,1551,2.3792043,0.00084,-1,-1,-1,0,0,0,136,1,1,0,0.0000000,0.0000000,0.0000000,0,0,0,0
756902521659625 D 1219,2314345339,1000,1551,1551,2.3792043,0.00081,-1,-1,-1,0,0,0,136,1,1,0,0.0000000,0.0000000,0.0000000,0,0,0,0
756902522661750 D 1220,2314346339,1000,1551,1551,2.3792043,0.00078,-1,-1,-1,0,0,0,136,1,1,0,0.0000000,0.0000000,0.0000000,0,0,0,0
756902523673916 D 1221,2314347339,1000,1550,1550,2.3776703,-0.05940,-1,-1,-1,0,0,0,136,1,1,0,0.0000000,0.0000000,0.0000000,0,0,0,0
756902524672416 D 1222,2314348339,1000,1551,1551,2.3792043,0.00308,-1,-1,-1,0,0,0,136,1,1,0,0.0000000,0.0000000,0.0000000,0,0,0,0
756902525750208 D 1223,2314349339,1000,1551,1551,2.3792043,0.00296,-1,-1,-1,0,0,0,136,1,1,0,0.0000000,0.0000000,0.0000000,0,0,0,0
756902526710583 D 1224,2314350339,1000,1551,1551,2.3792043,0.00284,-1,-1,-1,0,0,0,136,1,1,0,0.0000000,0.0000000,0.0000000,0,0,0,0
756902527692666 D 1225,2314351339,1000,1551,1551,2.3792043,0.00273,-1,-1,-1,0,0,0,136,1,1,0,0.0000000,0.0000000,0.0000000,0,0,0,0
756902529182666 D 1226,2314352339,1000,1551,1551,2.3792043,0.00262,39,128,2054,0,0,0,136,1,1,0,0.0000000,0.0000000,0.0000000,0,0,0,0
756902529831875 D 1227,2314353339,1000,1551,1551,2.3792043,0.00252,-1,-1,-1,0,0,0,136,1,1,0,0.0000000,0.0000000,0.0000000,0,0,0,0
756902530813416 D 1228,2314354339,1000,1551,1551,2.3792043,0.00242,-1,-1,-1,0,0,0,136,1,1,0,0.0000000,0.0000000,0.0000000,0,0,0,0
756902531725416 D 1229,2314355339,1000,1551,1551,2.3792043,0.00232,-1,-1,-1,0,0,0,136,1,1,0,0.0000000,0.0000000,0.0000000,0,0,0,0
756902532700333 D 1230,2314356339,1000,1551,1551,2.3792043,0.00223,-1,-1,-1,0,0,0,136,1,1,0,0.0000000,0.0000000,0.0000000,0,0,0,0
756902533693166 D 1231,2314357339,1000,1551,1551,2.3792043,0.00215,-1,-1,-1,0,0,0,136,1,1,0,0.0000000,0.0000000,0.0000000,0,0,0,0
756902534715333 D 1232,2314358339,1000,1551,1551,2.3792043,0.00206,-1,-1,-1,0,0,0,136,1,1,0,0.0000000,0.0000000,0.0000000,0,0,0,0
756902535681916 D 1233,2314359339,1000,1551,1551,2.3792043,0.00198,-1,-1,-1,0,0,0,136,1,1,0,0.0000000,0.0000000,0.0000000,0,0,0,0
756902536676625 D 1234,2314360339,1000,1551,1551,2.3792043,0.00190,-1,-1,-1,0,0,0,136,1,1,0,0.0000000,0.0000000,0.0000000,0,0,0,0
756902537691875 D 1235,2314361339,1000,1551,1551,2.3792043,0.00183,-1,-1,-1,0,0,0,136,1,1,0,0.0000000,0.0000000,0.0000000,0,0,0,0
756902538702166 D 1236,2314362339,1000,1551,1551,2.3792043,0.00176,-1,-1,-1,0,0,0,136,1,1,0,0.0000000,0.0000000,0.0000000,0,0,0,0
756902539731750 D 1237,2314363339,1000,1551,1551,2.3792043,0.00169,-1,-1,-1,0,0,0,136,1,1,0,0.0000000,0.0000000,0.0000000,0,0,0,0
756902540682583 D 1238,2314364339,1000,1551,1551,2.3792043,0.00162,-1,-1,-1,0,0,0,136,1,1,0,0.0000000,0.0000000,0.0000000,0,0,0,0
756902541675416 D 1239,2314365339,1000,1551,1551,2.3792043,0.00156,-1,-1,-1,0,0,0,136,1,1,0,0.0000000,0.0000000,0.0000000,0,0,0,0
756902542902750 D 1240,2314366339,1000,1551,1551,2.3792043,0.00150,-1,-1,-1,0,0,0,136,1,1,0,0.0000000,0.0000000,0.0000000,0,0,0,0
756902543881333 D 1241,2314367339,1000,1551,1551,2.3792043,0.00144,-1,-1,-1,0,0,0,136,1,1,0,0.0000000,0.0000000,0.0000000,0,0,0,0
756902544783125 D 1242,2314368339,1000,1551,1551,2.3792043,0.00138,-1,-1,-1,0,0,0,136,1,1,0,0.0000000,0.0000000,0.0000000,0,0,0,0
756902545667875 D 1243,2314369339,1000,1551,1551,2.3792043,0.00133,-1,-1,-1,0,0,0,136,1,1,0,0.0000000,0.0000000,0.0000000,0,0,0,0
756902546705208 D 1244,2314370339,1000,1551,1551,2.3792043,0.00128,-1,-1,-1,0,0,0,136,1,1,0,0.0000000,0.0000000,0.0000000,0,0,0,0
756902547714916 D 1245,2314371339,1000,1551,1551,2.3792043,0.00123,-1,-1,-1,0,0,0,136,1,1,0,0.0000000,0.0000000,0.0000000,0,0,0,0
756902548689416 D 1246,2314372339,1000,1551,1551,2.3792043,0.00118,-1,-1,-1,0,0,0,136,1,1,0,0.0000000,0.0000000,0.0000000,0,0,0,0
756902549687000 D 1247,2314373339,1000,1551,1551,2.3792043,0.00113,-1,-1,-1,0,0,0,136,1,1,0,0.0000000,0.0000000,0.0000000,0,0,0,0
756902550722208 D 1248,2314374339,1000,1551,1551,2.3792043,0.00109,-1,-1,-1,0,0,0,136,1,1,0,0.0000000,0.0000000,0.0000000,0,0,0,0
756902551701250 D 1249,2314375339,1000,1551,1551,2.3792043,0.00104,-1,-1,-1,0,0,0,136,1,1,0,0.0000000,0.0000000,0.0000000,0,0,0,0
756902552730000 D 1250,2314376339,1000,1551,1551,2.3792043,0.00100,-1,-1,-1,0,0,0,136,1,1,0,0.0000000,0.0000000,0.0000000,0,0,0,0
756902553671833 D 1251,2314377339,1000,1551,1551,2.3792043,0.00096,-1,-1,-1,0,0,0,136,1,1,0,0.0000000,0.0000000,0.0000000,0,0,0,0
756902554681375 D 1252,2314378339,1000,1551,1551,2.3792043,0.00093,-1,-1,-1,0,0,0,136,1,1,0,0.0000000,0.0000000,0.0000000,0,0,0,0
756902555896083 D 1253,2314379339,1000,1551,1551,2.3792043,0.00089,-1,-1,-1,0,0,0,136,1,1,0,0.0000000,0.0000000,0.0000000,0,0,0,0
756902556899583 D 1254,2314380339,1000,1551,1551,2.3792043,0.00086,-1,-1,-1,0,0,0,136,1,1,0,0.0000000,0.0000000,0.0000000,0,0,0,0
756902557917000 D 1255,2314381339,1000,1551,1551,2.3792043,0.00082,-1,-1,-1,0,0,0,136,1,1,0,0.0000000,0.0000000,0.0000000,0,0,0,0
756902558800166 D 1256,2314382339,1000,1551,1551,2.3792043,0.00079,-1,-1,-1,0,0,0,136,1,1,0,0.0000000,0.0000000,0.0000000,0,0,0,0
756902559780875 D 1257,2314383339,1000,1551,1551,2.3792043,0.00076,-1,-1,-1,0,0,0,136,1,1,0,0.0000000,0.0000000,0.0000000,0,0,0,0
756902560740333 D 1258,2314384339,1000,1551,1551,2.3792043,0.00073,-1,-1,-1,0,0,0,136,1,1,0,0.0000000,0.0000000,0.0000000,0,0,0,0
756902561692375 D 1259,2314385339,1000,1551,1551,2.3792043,0.00070,-1,-1,-1,0,0,0,136,1,1,0,0.0000000,0.0000000,0.0000000,0,0,0,0
756902562704250 D 1260,2314386339,1000,1551,1551,2.3792043,0.00067,-1,-1,-1,0,0,0,136,1,1,0,0.0000000,0.0000000,0.0000000,0,0,0,0
756902563673000 D 1261,2314387339,1000,1551,1551,2.3792043,0.00065,-1,-1,-1,0,0,0,136,1,1,0,0.0000000,0.0000000,0.0000000,0,0,0,0
756902564683250 D 1262,2314388339,1000,1551,1551,2.3792043,0.00062,-1,-1,-1,0,0,0,136,1,1,0,0.0000000,0.0000000,0.0000000,0,0,0,0
756902565715666 D 1263,2314389339,1000,1551,1551,2.3792043,0.00060,-1,-1,-1,0,0,0,136,1,1,0,0.0000000,0.0000000,0.0000000,0,0,0,0
756902566687916 D 1264,2314390339,1000,1551,1551,2.3792043,0.00057,-1,-1,-1,0,0,0,136,1,1,0,0.0000000,0.0000000,0.0000000,0,0,0,0
756902567679458 D 1265,2314391339,1000,1551,1551,2.3792043,0.00055,-1,-1,-1,0,0,0,136,1,1,0,0.0000000,0.0000000,0.0000000,0,0,0,0
756902568678291 D 1266,2314392339,1000,1551,1551,2.3792043,0.00053,-1,-1,-1,0,0,0,136,1,1,0,0.0000000,0.0000000,0.0000000,0,0,0,0
756902569675333 D 1267,2314393339,1000,1551,1551,2.3792043,0.00051,-1,-1,-1,0,0,0,136,1,1,0,0.0000000,0.0000000,0.0000000,0,0,0,0
756902570704208 D 1268,2314394339,1000,1551,1551,2.3792043,0.00049,-1,-1,-1,0,0,0,135,1,1,0,0.0000000,0.0000000,0.0000000,0,0,0,0
756902571712208 D 1269,2314395339,1000,1551,1551,2.3792043,0.00047,-1,-1,-1,0,0,0,136,1,1,0,0.0000000,0.0000000,0.0000000,0,0,0,0
756902572711625 D 1270,2314396339,1000,1551,1551,2.3792043,0.00045,-1,-1,-1,0,0,0,136,1,1,0,0.0000000,0.0000000,0.0000000,0,0,0,0
756902573703750 D 1271,2314397339,1000,1551,1551,2.3792043,0.00043,-1,-1,-1,0,0,0,136,1,1,0,0.0000000,0.0000000,0.0000000,0,0,0,0
756902574692916 D 1272,2314398339,1000,1551,1551,2.3792043,0.00042,-1,-1,-1,0,0,0,136,1,1,0,0.0000000,0.0000000,0.0000000,0,0,0,0
756902575680666 D 1273,2314399339,1000,1551,1551,2.3792043,0.00040,-1,-1,-1,0,0,0,136,1,1,0,0.0000000,0.0000000,0.0000000,0,0,0,0
756902576690666 D 1274,2314400339,1000,1551,1551,2.3792043,0.00038,-1,-1,-1,0,0,0,136,1,1,0,0.0000000,0.0000000,0.0000000,0,0,0,0
756902577675166 D 1275,2314401339,1000,1551,1551,2.3792043,0.00037,-1,-1,-1,0,0,0,136,1,1,0,0.0000000,0.0000000,0.0000000,0,0,0,0
756902579179291 D 1276,2314402339,1000,1551,1551,2.3792043,0.00035,39,128,2052,0,0,0,136,1,1,0,0.0000000,0.0000000,0.0000000,0,0,0,0
756902579785208 D 1277,2314403339,1000,1551,1551,2.3792043,0.00034,-1,-1,-1,0,0,0,136,1,1,0,0.0000000,0.0000000,0.0000000,0,0,0,0
756902580664666 D 1278,2314404339,1000,1551,1551,2.3792043,0.00033,-1,-1,-1,0,0,0,136,1,1,0,0.0000000,0.0000000,0.0000000,0,0,0,0
756902581683791 D 1279,2314405339,1000,1551,1551,2.3792043,0.00031,-1,-1,-1,0,0,0,136,1,1,0,0.0000000,0.0000000,0.0000000,0,0,0,0
756902582647500 D 1280,2314406339,1000,1551,1551,2.3792043,0.00030,-1,-1,-1,0,0,0,136,1,1,0,0.0000000,0.0000000,0.0000000,0,0,0,0
756902583892750 D 1281,2314407339,1000,1551,1551,2.3792043,0.00029,-1,-1,-1,0,0,0,136,1,1,0,0.0000000,0.0000000,0.0000000,0,0,0,0
756902584884583 D 1282,2314408339,1000,1551,1551,2.3792043,0.00028,-1,-1,-1,0,0,0,136,1,1,0,0.0000000,0.0000000,0.0000000,0,0,0,0
756902585883291 D 1283,2314409339,1000,1551,1551,2.3792043,0.00027,-1,-1,-1,0,0,0,136,1,1,0,0.0000000,0.0000000,0.0000000,0,0,0,0
756902586679166 D 1284,2314410339,1000,1551,1551,2.3792043,0.00026,-1,-1,-1,0,0,0,136,1,1,0,0.0000000,0.0000000,0.0000000,0,0,0,0
756902587664208 D 1285,2314411339,1000,1551,1551,2.3792043,0.00025,-1,-1,-1,0,0,0,136,1,1,0,0.0000000,0.0000000,0.0000000,0,0,0,0
756902588675500 D 1286,2314412339,1000,1551,1551,2.3792043,0.00024,-1,-1,-1,0,0,0,136,1,1,0,0.0000000,0.0000000,0.0000000,0,0,0,0
756902589666708 D 1287,2314413339,1000,1551,1551,2.3792043,0.00023,-1,-1,-1,0,0,0,136,1,1,0,0.0000000,0.0000000,0.0000000,0,0,0,0
756902590683708 D 1288,2314414339,1000,1551,1551,2.3792043,0.00022,-1,-1,-1,0,0,0,136,1,1,0,0.0000000,0.0000000,0.0000000,0,0,0,0
756902591681208 D 1289,2314415339,1000,1551,1551,2.3792043,0.00021,-1,-1,-1,0,0,0,136,1,1,0,0.0000000,0.0000000,0.0000000,0,0,0,0
756902592675541 D 1290,2314416339,1000,1551,1551,2.3792043,0.00020,-1,-1,-1,0,0,0,136,1,1,0,0.0000000,0.0000000,0.0000000,0,0,0,0
756902593710875 D 1291,2314417339,1000,1551,1551,2.3792043,0.00019,-1,-1,-1,0,0,0,136,1,1,0,0.0000000,0.0000000,0.0000000,0,0,0,0
756902594728541 D 1292,2314418339,1000,1551,1551,2.3792043,0.00019,-1,-1,-1,0,0,0,136,1,1,0,0.0000000,0.0000000,0.0000000,0,0,0,0
756902595697833 D 1293,2314419339,1000,1551,1551,2.3792043,0.00018,-1,-1,-1,0,0,0,136,1,1,0,0.0000000,0.0000000,0.0000000,0,0,0,0
756902596684500 D 1294,2314420339,1000,1551,1551,2.3792043,0.00017,-1,-1,-1,0,0,0,136,1,1,0,0.0000000,0.0000000,0.0000000,0,0,0,0
756902597692333 D 1295,2314421339,1000,1551,1551,2.3792043,0.00017,-1,-1,-1,0,0,0,136,1,1,0,0.0000000,0.0000000,0.0000000,0,0,0,0
756902598674416 D 1296,2314422339,1000,1551,1551,2.3792043,0.00016,-1,-1,-1,0,0,0,136,1,1,0,0.0000000,0.0000000,0.0000000,0,0,0,0
756902599667708 D 1297,2314423339,1000,1551,1551,2.3792043,0.00015,-1,-1,-1,0,0,0,136,1,1,0,0.0000000,0.0000000,0.0000000,0,0,0,0
756902600670041 D 1298,2314424339,1000,1551,1551,2.3792043,0.00015,-1,-1,-1,0,0,0,136,1,1,0,0.0000000,0.0000000,0.0000000,0,0,0,0
756902601660291 D 1299,2314425339,1000,1551,1551,2.3792043,0.00014,-1,-1,-1,0,0,0,136,1,1,0,0.0000000,0.0000000,0.0000000,0,0,0,0
756902602664875 D 1300,2314426339,1000,1551,1551,2.3792043,0.00014,-1,-1,-1,0,0,0,136,1,1,0,0.0000000,0.0000000,0.0000000,0,0,0,0
756902603665666 D 1301,2314427339,1000,1551,1551,2.3792043,0.00013,-1,-1,-1,0,0,0,136,1,1,0,0.0000000,0.0000000,0.0000000,0,0,0,0
756902604663916 D 1302,2314428339,1000,1551,1551,2.3792043,0.00013,-1,-1,-1,0,0,0,136,1,1,0,0.0000000,0.0000000,0.0000000,0,0,0,0
756902605655625 D 1303,2314429339,1000,1551,1551,2.3792043,0.00012,-1,-1,-1,0,0,0,136,1,1,0,0.0000000,0.0000000,0.0000000,0,0,0,0
756902606658625 D 1304,2314430339,1000,1551,1551,2.3792043,0.00012,-1,-1,-1,0,0,0,136,1,1,0,0.0000000,0.0000000,0.0000000,0,0,0,0
756902607653625 D 1305,2314431339,1000,1551,1551,2.3792043,0.00011,-1,-1,-1,0,0,0,136,1,1,0,0.0000000,0.0000000,0.0000000,0,0,0,0
756902608663625 D 1306,2314432339,1000,1551,1551,2.3792043,0.00011,-1,-1,-1,0,0,0,136,1,1,0,0.0000000,0.0000000,0.0000000,0,0,0,0
756902609662875 D 1307,2314433339,1000,1551,1551,2.3792043,0.00010,-1,-1,-1,0,0,0,136,1,1,0,0.0000000,0.0000000,0.0000000,0,0,0,0
756902610680250 D 1308,2314434339,1000,1551,1551,2.3792043,0.00010,-1,-1,-1,0,0,0,136,1,1,0,0.0000000,0.0000000,0.0000000,0,0,0,0
756902611671416 D 1309,2314435339,1000,1551,1551,2.3792043,0.00009,-1,-1,-1,0,0,0,136,1,1,0,0.0000000,0.0000000,0.0000000,0,0,0,0
756902612688833 D 1310,2314436339,1000,1551,1551,2.3792043,0.00009,-1,-1,-1,0,0,0,136,1,1,0,0.0000000,0.0000000,0.0000000,0,0,0,0
756902613666916 D 1311,2314437339,1000,1551,1551,2.3792043,0.00009,-1,-1,-1,0,0,0,136,1,1,0,0.0000000,0.0000000,0.0000000,0,0,0,0
756902614660083 D 1312,2314438339,1000,1551,1551,2.3792043,0.00008,-1,-1,-1,0,0,0,136,1,1,0,0.0000000,0.0000000,0.0000000,0,0,0,0
756902615671416 D 1313,2314439339,1000,1551,1551,2.3792043,0.00008,-1,-1,-1,0,0,0,136,1,1,0,0.0000000,0.0000000,0.0000000,0,0,0,0
756902616668750 D 1314,2314440339,1000,1551,1551,2.3792043,0.00008,-1,-1,-1,0,0,0,136,1,1,0,0.0000000,0.0000000,0.0000000,0,0,0,0
756902617897750 D 1315,2314441339,1000,1551,1551,2.3792043,0.00007,-1,-1,-1,0,0,0,136,1,1,0,0.0000000,0.0000000,0.0000000,0,0,0,0
756902618883250 D 1316,2314442339,1000,1551,1551,2.3792043,0.00007,-1,-1,-1,0,0,0,136,1,1,0,0.0000000,0.0000000,0.0000000,0,0,0,0
756902619831000 D 1317,2314443339,1000,1551,1551,2.3792043,0.00007,-1,-1,-1,0,0,0,136,1,1,0,0.0000000,0.0000000,0.0000000,0,0,0,0
756902620664916 D 1318,2314444339,1000,1551,1551,2.3792043,0.00007,-1,-1,-1,0,0,0,136,1,1,0,0.0000000,0.0000000,0.0000000,0,0,0,0
756902621659625 D 1319,2314445339,1000,1551,1551,2.3792043,0.00006,-1,-1,-1,0,0,0,136,1,1,0,0.0000000,0.0000000,0.0000000,0,0,0,0
756902622660041 D 1320,2314446339,1000,1551,1551,2.3792043,0.00006,-1,-1,-1,0,0,0,136,1,1,0,0.0000000,0.0000000,0.0000000,0,0,0,0
756902623667000 D 1321,2314447339,1000,1551,1551,2.3792043,0.00006,-1,-1,-1,0,0,0,136,1,1,0,0.0000000,0.0000000,0.0000000,0,0,0,0
756902624655958 D 1322,2314448339,1000,1551,1551,2.3792043,0.00006,-1,-1,-1,0,0,0,136,1,1,0,0.0000000,0.0000000,0.0000000,0,0,0,0
756902625679750 D 1323,2314449339,1000,1551,1551,2.3792043,0.00005,-1,-1,-1,0,0,0,136,1,1,0,0.0000000,0.0000000,0.0000000,0,0,0,0
756902626656375 D 1324,2314450339,1000,1551,1551,2.3792043,0.00005,-1,-1,-1,0,0,0,136,1,1,0,0.0000000,0.0000000,0.0000000,0,0,0,0
756902627671375 D 1325,2314451339,1000,1551,1551,2.3792043,0.00005,-1,-1,-1,0,0,0,136,1,1,0,0.0000000,0.0000000,0.0000000,0,0,0,0
756902629156625 D 1326,2314452339,1000,1551,1551,2.3792043,0.00005,39,128,2054,0,0,0,136,1,1,0,0.0000000,0.0000000,0.0000000,0,0,0,0
756902629762833 D 1327,2314453339,1000,1551,1551,2.3792043,0.00005,-1,-1,-1,0,0,0,136,1,1,0,0.0000000,0.0000000,0.0000000,0,0,0,0
756902630659416 D 1328,2314454339,1000,1551,1551,2.3792043,0.00004,-1,-1,-1,0,0,0,136,1,1,0,0.0000000,0.0000000,0.0000000,0,0,0,0
756902631668416 D 1329,2314455339,1000,1551,1551,2.3792043,0.00004,-1,-1,-1,0,0,0,136,1,1,0,0.0000000,0.0000000,0.0000000,0,0,0,0
756902632674458 D 1330,2314456339,1000,1551,1551,2.3792043,0.00004,-1,-1,-1,0,0,0,136,1,1,0,0.0000000,0.0000000,0.0000000,0,0,0,0
756902633696791 D 1331,2314457339,1000,1551,1551,2.3792043,0.00004,-1,-1,-1,0,0,0,136,1,1,0,0.0000000,0.0000000,0.0000000,0,0,0,0
756902634883416 D 1332,2314458339,1000,1551,1551,2.3792043,0.00004,-1,-1,-1,0,0,0,136,1,1,0,0.0000000,0.0000000,0.0000000,0,0,0,0
756902635884333 D 1333,2314459339,1000,1551,1551,2.3792043,0.00004,-1,-1,-1,0,0,0,136,1,1,0,0.0000000,0.0000000,0.0000000,0,0,0,0
756902636880500 D 1334,2314460339,1000,1551,1551,2.3792043,0.00003,-1,-1,-1,0,0,0,136,1,1,0,0.0000000,0.0000000,0.0000000,0,0,0,0
756902637887083 D 1335,2314461339,1000,1551,1551,2.3792043,0.00003,-1,-1,-1,0,0,0,136,1,1,0,0.0000000,0.0000000,0.0000000,0,0,0,0
756902638885583 D 1336,2314462339,1000,1551,1551,2.3792043,0.00003,-1,-1,-1,0,0,0,136,1,1,0,0.0000000,0.0000000,0.0000000,0,0,0,0
756902639740041 D 1337,2314463339,1000,1551,1551,2.3792043,0.00003,-1,-1,-1,0,0,0,136,1,1,0,0.0000000,0.0000000,0.0000000,0,0,0,0
756902640662041 D 1338,2314464339,1000,1551,1551,2.3792043,0.00003,-1,-1,-1,0,0,0,136,1,1,0,0.0000000,0.0000000,0.0000000,0,0,0,0
756902641661583 D 1339,2314465339,1000,1551,1551,2.3792043,0.00003,-1,-1,-1,0,0,0,136,1,1,0,0.0000000,0.0000000,0.0000000,0,0,0,0
756902642665125 D 1340,2314466339,1000,1551,1551,2.3792043,0.00003,-1,-1,-1,0,0,0,136,1,1,0,0.0000000,0.0000000,0.0000000,0,0,0,0
756902643681083 D 1341,2314467339,1000,1551,1551,2.3792043,0.00003,-1,-1,-1,0,0,0,136,1,1,0,0.0000000,0.0000000,0.0000000,0,0,0,0
756902644664791 D 1342,2314468339,1000,1551,1551,2.3792043,0.00003,-1,-1,-1,0,0,0,136,1,1,0,0.0000000,0.0000000,0.0000000,0,0,0,0
756902645661541 D 1343,2314469339,1000,1551,1551,2.3792043,0.00002,-1,-1,-1,0,0,0,136,1,1,0,0.0000000,0.0000000,0.0000000,0,0,0,0
756902646659333 D 1344,2314470339,1000,1551,1551,2.3792043,0.00002,-1,-1,-1,0,0,0,136,1,1,0,0.0000000,0.0000000,0.0000000,0,0,0,0
756902647754166 D 1345,2314471339,1000,1551,1551,2.3792043,0.00002,-1,-1,-1,0,0,0,136,1,1,0,0.0000000,0.0000000,0.0000000,0,0,0,0
756902648750875 D 1346,2314472339,1000,1551,1551,2.3792043,0.00002,-1,-1,-1,0,0,0,136,1,1,0,0.0000000,0.0000000,0.0000000,0,0,0,0
756902649666541 D 1347,2314473339,1000,1551,1551,2.3792043,0.00002,-1,-1,-1,0,0,0,136,1,1,0,0.0000000,0.0000000,0.0000000,0,0,0,0
756902650658083 D 1348,2314474339,1000,1551,1551,2.3792043,0.00002,-1,-1,-1,0,0,0,136,1,1,0,0.0000000,0.0000000,0.0000000,0,0,0,0
756902651699958 D 1349,2314475339,1000,1551,1551,2.3792043,0.00002,-1,-1,-1,0,0,0,136,1,1,0,0.0000000,0.0000000,0.0000000,0,0,0,0
756902652737500 D 1350,2314476339,1000,1551,1551,2.3792043,0.00002,-1,-1,-1,0,0,0,136,1,1,0,0.0000000,0.0000000,0.0000000,0,0,0,0
756902653695750 D 1351,2314477339,1000,1551,1551,2.3792043,0.00002,-1,-1,-1,0,0,0,136,1,1,0,0.0000000,0.0000000,0.0000000,0,0,0,0
756902654673041 D 1352,2314478339,1000,1551,1551,2.3792043,0.00002,-1,-1,-1,0,0,0,135,1,1,0,0.0000000,0.0000000,0.0000000,0,0,0,0
756902655666958 D 1353,2314479339,1000,1551,1551,2.3792043,0.00002,-1,-1,-1,0,0,0,136,1,1,0,0.0000000,0.0000000,0.0000000,0,0,0,0
756902656900750 D 1354,2314480339,1000,1551,1551,2.3792043,0.00002,-1,-1,-1,0,0,0,136,1,1,0,0.0000000,0.0000000,0.0000000,0,0,0,0
756902657895208 D 1355,2314481339,1000,1551,1551,2.3792043,0.00002,-1,-1,-1,0,0,0,136,1,1,0,0.0000000,0.0000000,0.0000000,0,0,0,0
756902658928708 D 1356,2314482339,1000,1551,1551,2.3792043,0.00001,-1,-1,-1,0,0,0,136,1,1,0,0.0000000,0.0000000,0.0000000,0,0,0,0
756902659811791 D 1357,2314483339,1000,1551,1551,2.3792043,0.00001,-1,-1,-1,0,0,0,136,1,1,0,0.0000000,0.0000000,0.0000000,0,0,0,0
756902660702416 D 1358,2314484339,1000,1551,1551,2.3792043,0.00001,-1,-1,-1,0,0,0,136,1,1,0,0.0000000,0.0000000,0.0000000,0,0,0,0
756902661693875 D 1359,2314485339,1000,1551,1551,2.3792043,0.00001,-1,-1,-1,0,0,0,136,1,1,0,0.0000000,0.0000000,0.0000000,0,0,0,0
756902662699583 D 1360,2314486339,1000,1551,1551,2.3792043,0.00001,-1,-1,-1,0,0,0,136,1,1,0,0.0000000,0.0000000,0.0000000,0,0,0,0
756902663684125 D 1361,2314487339,1000,1551,1551,2.3792043,0.00001,-1,-1,-1,0,0,0,136,1,1,0,0.0000000,0.0000000,0.0000000,0,0,0,0
756902664682208 D 1362,2314488339,1000,1551,1551,2.3792043,0.00001,-1,-1,-1,0,0,0,136,1,1,0,0.0000000,0.0000000,0.0000000,0,0,0,0
756902665664916 D 1363,2314489339,1000,1551,1551,2.3792043,0.00001,-1,-1,-1,0,0,0,136,1,1,0,0.0000000,0.0000000,0.0000000,0,0,0,0
756902666692416 D 1364,2314490339,1000,1551,1551,2.3792043,0.00001,-1,-1,-1,0,0,0,136,1,1,0,0.0000000,0.0000000,0.0000000,0,0,0,0
756902667713000 D 1365,2314491339,1000,1551,1551,2.3792043,0.00001,-1,-1,-1,0,0,0,136,1,1,0,0.0000000,0.0000000,0.0000000,0,0,0,0
756902668690833 D 1366,2314492339,1000,1551,1551,2.3792043,0.00001,-1,-1,-1,0,0,0,136,1,1,0,0.0000000,0.0000000,0.0000000,0,0,0,0
756902669660291 D 1367,2314493339,1000,1551,1551,2.3792043,0.00001,-1,-1,-1,0,0,0,136,1,1,0,0.0000000,0.0000000,0.0000000,0,0,0,0
756902670671208 D 1368,2314494339,1000,1551,1551,2.3792043,0.00001,-1,-1,-1,0,0,0,136,1,1,0,0.0000000,0.0000000,0.0000000,0,0,0,0
756902671725458 D 1369,2314495339,1000,1551,1551,2.3792043,0.00001,-1,-1,-1,0,0,0,136,1,1,0,0.0000000,0.0000000,0.0000000,0,0,0,0
756902672707416 D 1370,2314496339,1000,1551,1551,2.3792043,0.00001,-1,-1,-1,0,0,0,136,1,1,0,0.0000000,0.0000000,0.0000000,0,0,0,0
756902673677458 D 1371,2314497339,1000,1551,1551,2.3792043,0.00001,-1,-1,-1,0,0,0,136,1,1,0,0.0000000,0.0000000,0.0000000,0,0,0,0
756902674720375 D 1372,2314498339,1000,1551,1551,2.3792043,0.00001,-1,-1,-1,0,0,0,136,1,1,0,0.0000000,0.0000000,0.0000000,0,0,0,0
756902675794416 D 1373,2314499339,1000,1551,1551,2.3792043,0.00001,-1,-1,-1,0,0,0,136,1,1,0,0.0000000,0.0000000,0.0000000,0,0,0,0
756902676851416 D 1374,2314500339,1000,1551,1551,2.3792043,0.00001,-1,-1,-1,0,0,0,136,1,1,0,0.0000000,0.0000000,0.0000000,0,0,0,0
756902677906291 D 1375,2314501339,1000,1551,1551,2.3792043,0.00001,-1,-1,-1,0,0,0,136,1,1,0,0.0000000,0.0000000,0.0000000,0,0,0,0
756902679304708 D 1376,2314502339,1000,1551,1551,2.3792043,0.00001,39,128,2053,0,0,0,136,1,1,0,0.0000000,0.0000000,0.0000000,0,0,0,0
756902680082041 D 1377,2314503339,1000,1551,1551,2.3792043,0.00001,-1,-1,-1,0,0,0,136,1,1,0,0.0000000,0.0000000,0.0000000,0,0,0,0
756902680831875 D 1378,2314504339,1000,1551,1551,2.3792043,0.00001,-1,-1,-1,0,0,0,136,1,1,0,0.0000000,0.0000000,0.0000000,0,0,0,0
756902681719041 D 1379,2314505339,1000,1551,1551,2.3792043,0.00001,-1,-1,-1,0,0,0,136,1,1,0,0.0000000,0.0000000,0.0000000,0,0,0,0
756902682730625 D 1380,2314506339,1000,1551,1551,2.3792043,0.00001,-1,-1,-1,0,0,0,136,1,1,0,0.0000000,0.0000000,0.0000000,0,0,0,0
756902683689958 D 1381,2314507339,1000,1551,1551,2.3792043,0.00001,-1,-1,-1,0,0,0,136,1,1,0,0.0000000,0.0000000,0.0000000,0,0,0,0
756902684692125 D 1382,2314508339,1000,1551,1551,2.3792043,0.00001,-1,-1,-1,0,0,0,136,1,1,0,0.0000000,0.0000000,0.0000000,0,0,0,0
756902685705708 D 1383,2314509339,1000,1551,1551,2.3792043,0.00000,-1,-1,-1,0,0,0,136,1,1,0,0.0000000,0.0000000,0.0000000,0,0,0,0
756902686857291 D 1384,2314510339,1000,1551,1551,2.3792043,0.00000,-1,-1,-1,0,0,0,136,1,1,0,0.0000000,0.0000000,0.0000000,0,0,0,0
756902687797041 D 1385,2314511339,1000,1551,1551,2.3792043,0.00000,-1,-1,-1,0,0,0,136,1,1,0,0.0000000,0.0000000,0.0000000,0,0,0,0
756902688774375 D 1386,2314512339,1000,1551,1551,2.3792043,0.00000,-1,-1,-1,0,0,0,136,1,1,0,0.0000000,0.0000000,0.0000000,0,0,0,0
756902689749625 D 1387,2314513339,1000,1551,1551,2.3792043,0.00000,-1,-1,-1,0,0,0,136,1,1,0,0.0000000,0.0000000,0.0000000,0,0,0,0
756902690754333 D 1388,2314514339,1000,1551,1551,2.3792043,0.00000,-1,-1,-1,0,0,0,136,1,1,0,0.0000000,0.0000000,0.0000000,0,0,0,0
756902691743458 D 1389,2314515339,1000,1551,1551,2.3792043,0.00000,-1,-1,-1,0,0,0,136,1,1,0,0.0000000,0.0000000,0.0000000,0,0,0,0
756902692787833 D 1390,2314516339,1000,1551,1551,2.3792043,0.00000,-1,-1,-1,0,0,0,136,1,1,0,0.0000000,0.0000000,0.0000000,0,0,0,0
756902693741375 D 1391,2314517339,1000,1551,1551,2.3792043,0.00000,-1,-1,-1,0,0,0,136,1,1,0,0.0000000,0.0000000,0.0000000,0,0,0,0
756902694786208 D 1392,2314518339,1000,1551,1551,2.3792043,0.00000,-1,-1,-1,0,0,0,136,1,1,0,0.0000000,0.0000000,0.0000000,0,0,0,0
756902695806000 D 1393,2314519339,1000,1551,1551,2.3792043,0.00000,-1,-1,-1,0,0,0,136,1,1,0,0.0000000,0.0000000,0.0000000,0,0,0,0
756902696747541 D 1394,2314520339,1000,1551,1551,2.3792043,0.00000,-1,-1,-1,0,0,0,136,1,1,0,0.0000000,0.0000000,0.0000000,0,0,0,0
756902697720125 D 1395,2314521339,1000,1551,1551,2.3792043,0.00000,-1,-1,-1,0,0,0,136,1,1,0,0.0000000,0.0000000,0.0000000,0,0,0,0
756902698725875 D 1396,2314522339,1000,1551,1551,2.3792043,0.00000,-1,-1,-1,0,0,0,136,1,1,0,0.0000000,0.0000000,0.0000000,0,0,0,0
756902699767333 D 1397,2314523339,1000,1551,1551,2.3792043,0.00000,-1,-1,-1,0,0,0,136,1,1,0,0.0000000,0.0000000,0.0000000,0,0,0,0
756902700812916 D 1398,2314524339,1000,1551,1551,2.3792043,0.00000,-1,-1,-1,0,0,0,136,1,1,0,0.0000000,0.0000000,0.0000000,0,0,0,0
756902701762500 D 1399,2314525339,1000,1551,1551,2.3792043,0.00000,-1,-1,-1,0,0,0,136,1,1,0,0.0000000,0.0000000,0.0000000,0,0,0,0
756902702759250 D 1400,2314526339,1000,1551,1551,2.3792043,0.00000,-1,-1,-1,0,0,0,136,1,1,0,0.0000000,0.0000000,0.0000000,0,0,0,0
756902703766500 D 1401,2314527339,1000,1551,1551,2.3792043,0.00000,-1,-1,-1,0,0,0,136,1,1,0,0.0000000,0.0000000,0.0000000,0,0,0,0
756902704793166 D 1402,2314528339,1000,1551,1551,2.3792043,0.00000,-1,-1,-1,0,0,0,136,1,1,0,0.0000000,0.0000000,0.0000000,0,0,0,0
756902705769916 D 1403,2314529339,1000,1551,1551,2.3792043,0.00000,-1,-1,-1,0,0,0,136,1,1,0,0.0000000,0.0000000,0.0000000,0,0,0,0
756902706840458 D 1404,2314530339,1000,1551,1551,2.3792043,0.00000,-1,-1,-1,0,0,0,136,1,1,0,0.0000000,0.0000000,0.0000000,0,0,0,0
756902707749791 D 1405,2314531339,1000,1551,1551,2.3792043,0.00000,-1,-1,-1,0,0,0,136,1,1,0,0.0000000,0.0000000,0.0000000,0,0,0,0
756902708851333 D 1406,2314532339,1000,1551,1551,2.3792043,0.00000,-1,-1,-1,0,0,0,136,1,1,0,0.0000000,0.0000000,0.0000000,0,0,0,0
756902709840666 D 1407,2314533339,1000,1551,1551,2.3792043,0.00000,-1,-1,-1,0,0,0,136,1,1,0,0.0000000,0.0000000,0.0000000,0,0,0,0
756902710835666 D 1408,2314534339,1000,1551,1551,2.3792043,0.00000,-1,-1,-1,0,0,0,136,1,1,0,0.0000000,0.0000000,0.0000000,0,0,0,0
756902711765291 D 1409,2314535339,1000,1551,1551,2.3792043,0.00000,-1,-1,-1,0,0,0,136,1,1,0,0.0000000,0.0000000,0.0000000,0,0,0,0
756902712792625 D 1410,2314536339,1000,1551,1551,2.3792043,0.00000,-1,-1,-1,0,0,0,136,1,1,0,0.0000000,0.0000000,0.0000000,0,0,0,0
756902713799166 D 1411,2314537339,1000,1551,1551,2.3792043,0.00000,-1,-1,-1,0,0,0,136,1,1,0,0.0000000,0.0000000,0.0000000,0,0,0,0
756902714775500 D 1412,2314538339,1000,1551,1551,2.3792043,0.00000,-1,-1,-1,0,0,0,136,1,1,0,0.0000000,0.0000000,0.0000000,0,0,0,0
756902715777333 D 1413,2314539339,1000,1551,1551,2.3792043,0.00000,-1,-1,-1,0,0,0,136,1,1,0,0.0000000,0.0000000,0.0000000,0,0,0,0
756902716777083 D 1414,2314540339,1000,1551,1551,2.3792043,0.00000,-1,-1,-1,0,0,0,136,1,1,0,0.0000000,0.0000000,0.0000000,0,0,0,0
756902717837708 D 1415,2314541339,1000,1551,1551,2.3792043,0.00000,-1,-1,-1,0,0,0,136,1,1,0,0.0000000,0.0000000,0.0000000,0,0,0,0
756902718770166 D 1416,2314542339,1000,1551,1551,2.3792043,0.00000,-1,-1,-1,0,0,0,136,1,1,0,0.0000000,0.0000000,0.0000000,0,0,0,0
756902719739166 D 1417,2314543339,1000,1551,1551,2.3792043,0.00000,-1,-1,-1,0,0,0,136,1,1,0,0.0000000,0.0000000,0.0000000,0,0,0,0
756902720704583 D 1418,2314544339,1000,1551,1551,2.3792043,0.00000,-1,-1,-1,0,0,0,136,1,1,0,0.0000000,0.0000000,0.0000000,0,0,0,0
756902721708583 D 1419,2314545339,1000,1551,1551,2.3792043,0.00000,-1,-1,-1,0,0,0,136,1,1,0,0.0000000,0.0000000,0.0000000,0,0,0,0
756902722742500 D 1420,2314546339,1000,1551,1551,2.3792043,0.00000,-1,-1,-1,0,0,0,136,1,1,0,0.0000000,0.0000000,0.0000000,0,0,0,0
756902723733833 D 1421,2314547339,1000,1551,1551,2.3792043,0.00000,-1,-1,-1,0,0,0,136,1,1,0,0.0000000,0.0000000,0.0000000,0,0,0,0
756902724698458 D 1422,2314548339,1000,1551,1551,2.3792043,0.00000,-1,-1,-1,0,0,0,136,1,1,0,0.0000000,0.0000000,0.0000000,0,0,0,0
756902725680000 D 1423,2314549339,1000,1551,1551,2.3792043,0.00000,-1,-1,-1,0,0,0,136,1,1,0,0.0000000,0.0000000,0.0000000,0,0,0,0
756902726672125 D 1424,2314550339,1000,1551,1551,2.3792043,0.00000,-1,-1,-1,0,0,0,136,1,1,0,0.0000000,0.0000000,0.0000000,0,0,0,0
756902727672583 D 1425,2314551339,1000,1551,1551,2.3792043,0.00000,-1,-1,-1,0,0,0,136,1,1,0,0.0000000,0.0000000,0.0000000,0,0,0,0
756902729077208 D 1426,2314552339,1000,1551,1551,2.3792043,0.00000,39,128,2054,0,0,0,136,1,1,0,0.0000000,0.0000000,0.0000000,0,0,0,0
756902729693375 D 1427,2314553339,1000,1551,1551,2.3792043,0.00000,-1,-1,-1,0,0,0,136,1,1,0,0.0000000,0.0000000,0.0000000,0,0,0,0
756902731042125 D 1428,2314554339,1000,1551,1551,2.3792043,0.00000,-1,-1,-1,0,0,0,136,1,1,0,0.0000000,0.0000000,0.0000000,0,0,0,0
756902731914541 D 1429,2314555339,1000,1551,1551,2.3792043,0.00000,-1,-1,-1,0,0,0,136,1,1,0,0.0000000,0.0000000,0.0000000,0,0,0,0
756902732797583 D 1430,2314556339,1000,1551,1551,2.3792043,0.00000,-1,-1,-1,0,0,0,136,1,1,0,0.0000000,0.0000000,0.0000000,0,0,0,0
756902733696750 D 1431,2314557339,1000,1551,1551,2.3792043,0.00000,-1,-1,-1,0,0,0,136,1,1,0,0.0000000,0.0000000,0.0000000,0,0,0,0
756902734684583 D 1432,2314558339,1000,1551,1551,2.3792043,0.00000,-1,-1,-1,0,0,0,136,1,1,0,0.0000000,0.0000000,0.0000000,0,0,0,0
756902735680250 D 1433,2314559339,1000,1551,1551,2.3792043,0.00000,-1,-1,-1,0,0,0,136,1,1,0,0.0000000,0.0000000,0.0000000,0,0,0,0
756902736686583 D 1434,2314560339,1000,1551,1551,2.3792043,0.00000,-1,-1,-1,0,0,0,136,1,1,0,0.0000000,0.0000000,0.0000000,0,0,0,0
756902737728666 D 1435,2314561339,1000,1551,1551,2.3792043,0.00000,-1,-1,-1,0,0,0,136,1,1,0,0.0000000,0.0000000,0.0000000,0,0,0,0
756902738747250 D 1436,2314562339,1000,1551,1551,2.3792043,0.00000,-1,-1,-1,0,0,0,136,1,1,0,0.0000000,0.0000000,0.0000000,0,0,0,0
756902739699541 D 1437,2314563339,1000,1551,1551,2.3792043,0.00000,-1,-1,-1,0,0,0,136,1,1,0,0.0000000,0.0000000,0.0000000,0,0,0,0
756902740682375 D 1438,2314564339,1000,1551,1551,2.3792043,0.00000,-1,-1,-1,0,0,0,136,1,1,0,0.0000000,0.0000000,0.0000000,0,0,0,0
756902741688333 D 1439,2314565339,1000,1551,1551,2.3792043,0.00000,-1,-1,-1,0,0,0,136,1,1,0,0.0000000,0.0000000,0.0000000,0,0,0,0
756902742687875 D 1440,2314566339,1000,1551,1551,2.3792043,0.00000,-1,-1,-1,0,0,0,136,1,1,0,0.0000000,0.0000000,0.0000000,0,0,0,0
756902743679625 D 1441,2314567339,1000,1551,1551,2.3792043,0.00000,-1,-1,-1,0,0,0,136,1,1,0,0.0000000,0.0000000,0.0000000,0,0,0,0
756902744678125 D 1442,2314568339,1000,1551,1551,2.3792043,0.00000,-1,-1,-1,0,0,0,136,1,1,0,0.0000000,0.0000000,0.0000000,0,0,0,0
756902745675125 D 1443,2314569339,1000,1551,1551,2.3792043,0.00000,-1,-1,-1,0,0,0,136,1,1,0,0.0000000,0.0000000,0.0000000,0,0,0,0
756902746669000 D 1444,2314570339,1000,1551,1551,2.3792043,0.00000,-1,-1,-1,0,0,0,136,1,1,0,0.0000000,0.0000000,0.0000000,0,0,0,0
756902747669666 D 1445,2314571339,1000,1551,1551,2.3792043,0.00000,-1,-1,-1,0,0,0,136,1,1,0,0.0000000,0.0000000,0.0000000,0,0,0,0
756902748671250 D 1446,2314572339,1000,1551,1551,2.3792043,0.00000,-1,-1,-1,0,0,0,136,1,1,0,0.0000000,0.0000000,0.0000000,0,0,0,0
756902749667625 D 1447,2314573339,1000,1551,1551,2.3792043,0.00000,-1,-1,-1,0,0,0,136,1,1,0,0.0000000,0.0000000,0.0000000,0,0,0,0
756902750667500 D 1448,2314574339,1000,1551,1551,2.3792043,0.00000,-1,-1,-1,0,0,0,136,1,1,0,0.0000000,0.0000000,0.0000000,0,0,0,0
756902751666166 D 1449,2314575339,1000,1551,1551,2.3792043,0.00000,-1,-1,-1,0,0,0,136,1,1,0,0.0000000,0.0000000,0.0000000,0,0,0,0
756902752678166 D 1450,2314576339,1000,1551,1551,2.3792043,0.00000,-1,-1,-1,0,0,0,136,1,1,0,0.0000000,0.0000000,0.0000000,0,0,0,0
756902753694375 D 1451,2314577339,1000,1551,1551,2.3792043,0.00000,-1,-1,-1,0,0,0,136,1,1,0,0.0000000,0.0000000,0.0000000,0,0,0,0
756902754682458 D 1452,2314578339,1000,1551,1551,2.3792043,0.00000,-1,-1,-1,0,0,0,136,1,1,0,0.0000000,0.0000000,0.0000000,0,0,0,0
756902755680833 D 1453,2314579339,1000,1551,1551,2.3792043,0.00000,-1,-1,-1,0,0,0,136,1,1,0,0.0000000,0.0000000,0.0000000,0,0,0,0
756902756676458 D 1454,2314580339,1000,1551,1551,2.3792043,0.00000,-1,-1,-1,0,0,0,136,1,1,0,0.0000000,0.0000000,0.0000000,0,0,0,0
756902757914750 D 1455,2314581339,1000,1551,1551,2.3792043,0.00000,-1,-1,-1,0,0,0,136,1,1,0,0.0000000,0.0000000,0.0000000,0,0,0,0
756902758892166 D 1456,2314582339,1000,1551,1551,2.3792043,0.00000,-1,-1,-1,0,0,0,136,1,1,0,0.0000000,0.0000000,0.0000000,0,0,0,0
756902759902333 D 1457,2314583339,1000,1551,1551,2.3792043,0.00000,-1,-1,-1,0,0,0,136,1,1,0,0.0000000,0.0000000,0.0000000,0,0,0,0
756902760740208 D 1458,2314584339,1000,1551,1551,2.3792043,0.00000,-1,-1,-1,0,0,0,136,1,1,0,0.0000000,0.0000000,0.0000000,0,0,0,0
756902761772916 D 1459,2314585339,1000,1551,1551,2.3792043,0.00000,-1,-1,-1,0,0,0,136,1,1,0,0.0000000,0.0000000,0.0000000,0,0,0,0
756902762781500 D 1460,2314586339,1000,1551,1551,2.3792043,0.00000,-1,-1,-1,0,0,0,136,1,1,0,0.0000000,0.0000000,0.0000000,0,0,0,0
756902763747166 D 1461,2314587339,1000,1551,1551,2.3792043,0.00000,-1,-1,-1,0,0,0,136,1,1,0,0.0000000,0.0000000,0.0000000,0,0,0,0
756902764723125 D 1462,2314588339,1000,1551,1551,2.3792043,0.00000,-1,-1,-1,0,0,0,136,1,1,0,0.0000000,0.0000000,0.0000000,0,0,0,0
756902765697916 D 1463,2314589339,1000,1551,1551,2.3792043,0.00000,-1,-1,-1,0,0,0,136,1,1,0,0.0000000,0.0000000,0.0000000,0,0,0,0
756902766741250 D 1464,2314590339,1000,1551,1551,2.3792043,0.00000,-1,-1,-1,0,0,0,136,1,1,0,0.0000000,0.0000000,0.0000000,0,0,0,0
756902767703833 D 1465,2314591339,1000,1551,1551,2.3792043,0.00000,-1,-1,-1,0,0,0,136,1,1,0,0.0000000,0.0000000,0.0000000,0,0,0,0
756902768792083 D 1466,2314592339,1000,1551,1551,2.3792043,0.00000,-1,-1,-1,0,0,0,136,1,1,0,0.0000000,0.0000000,0.0000000,0,0,0,0
756902769986833 D 1467,2314593339,1000,1551,1551,2.3792043,0.00000,-1,-1,-1,0,0,0,136,1,1,0,0.0000000,0.0000000,0.0000000,0,0,0,0
756902770780333 D 1468,2314594339,1000,1551,1551,2.3792043,0.00000,-1,-1,-1,0,0,0,136,1,1,0,0.0000000,0.0000000,0.0000000,0,0,0,0
756902771716125 D 1469,2314595339,1000,1551,1551,2.3792043,0.00000,-1,-1,-1,0,0,0,136,1,1,0,0.0000000,0.0000000,0.0000000,0,0,0,0
756902772677958 D 1470,2314596339,1000,1551,1551,2.3792043,0.00000,-1,-1,-1,0,0,0,136,1,1,0,0.0000000,0.0000000,0.0000000,0,0,0,0
756902773731083 D 1471,2314597339,1000,1551,1551,2.3792043,0.00000,-1,-1,-1,0,0,0,136,1,1,0,0.0000000,0.0000000,0.0000000,0,0,0,0
756902774703541 D 1472,2314598339,1000,1551,1551,2.3792043,0.00000,-1,-1,-1,0,0,0,136,1,1,0,0.0000000,0.0000000,0.0000000,0,0,0,0
756902775711000 D 1473,2314599339,1000,1551,1551,2.3792043,0.00000,-1,-1,-1,0,0,0,136,1,1,0,0.0000000,0.0000000,0.0000000,0,0,0,0
756902776678750 D 1474,2314600339,1000,1551,1551,2.3792043,0.00000,-1,-1,-1,0,0,0,136,1,1,0,0.0000000,0.0000000,0.0000000,0,0,0,0
756902777679208 D 1475,2314601339,1000,1551,1551,2.3792043,0.00000,-1,-1,-1,0,0,0,136,1,1,0,0.0000000,0.0000000,0.0000000,0,0,0,0
756902779147708 D 1476,2314602339,1000,1551,1551,2.3792043,0.00000,39,128,2054,0,0,0,136,1,1,0,0.0000000,0.0000000,0.0000000,0,0,0,0
756902779753541 D 1477,2314603339,1000,1551,1551,2.3792043,0.00000,-1,-1,-1,0,0,0,136,1,1,0,0.0000000,0.0000000,0.0000000,0,0,0,0
756902780679958 D 1478,2314604339,1000,1551,1551,2.3792043,0.00000,-1,-1,-1,0,0,0,136,1,1,0,0.0000000,0.0000000,0.0000000,0,0,0,0
756902781677750 D 1479,2314605339,1000,1551,1551,2.3792043,0.00000,-1,-1,-1,0,0,0,136,1,1,0,0.0000000,0.0000000,0.0000000,0,0,0,0
756902782670166 D 1480,2314606339,1000,1551,1551,2.3792043,0.00000,-1,-1,-1,0,0,0,136,1,1,0,0.0000000,0.0000000,0.0000000,0,0,0,0
756902783667041 D 1481,2314607339,1000,1551,1551,2.3792043,0.00000,-1,-1,-1,0,0,0,136,1,1,0,0.0000000,0.0000000,0.0000000,0,0,0,0
756902784687166 D 1482,2314608339,1000,1551,1551,2.3792043,0.00000,-1,-1,-1,0,0,0,136,1,1,0,0.0000000,0.0000000,0.0000000,0,0,0,0
756902785712000 D 1483,2314609339,1000,1551,1551,2.3792043,0.00000,-1,-1,-1,0,0,0,136,1,1,0,0.0000000,0.0000000,0.0000000,0,0,0,0
756902786672625 D 1484,2314610339,1000,1551,1551,2.3792043,0.00000,-1,-1,-1,0,0,0,136,1,1,0,0.0000000,0.0000000,0.0000000,0,0,0,0
756902787673375 D 1485,2314611339,1000,1551,1551,2.3792043,0.00000,-1,-1,-1,0,0,0,136,1,1,0,0.0000000,0.0000000,0.0000000,0,0,0,0
756902788673541 D 1486,2314612339,1000,1551,1551,2.3792043,0.00000,-1,-1,-1,0,0,0,136,1,1,0,0.0000000,0.0000000,0.0000000,0,0,0,0
756902789685541 D 1487,2314613339,1000,1551,1551,2.3792043,0.00000,-1,-1,-1,0,0,0,136,1,1,0,0.0000000,0.0000000,0.0000000,0,0,0,0
756902790688291 D 1488,2314614339,1000,1551,1551,2.3792043,0.00000,-1,-1,-1,0,0,0,136,1,1,0,0.0000000,0.0000000,0.0000000,0,0,0,0
756902791691041 D 1489,2314615339,1000,1551,1551,2.3792043,0.00000,-1,-1,-1,0,0,0,136,1,1,0,0.0000000,0.0000000,0.0000000,0,0,0,0
756902792670916 D 1490,2314616339,1000,1551,1551,2.3792043,0.00000,-1,-1,-1,0,0,0,136,1,1,0,0.0000000,0.0000000,0.0000000,0,0,0,0
756902793666375 D 1491,2314617339,1000,1551,1551,2.3792043,0.00000,-1,-1,-1,0,0,0,136,1,1,0,0.0000000,0.0000000,0.0000000,0,0,0,0
756902794676750 D 1492,2314618339,1000,1551,1551,2.3792043,0.00000,-1,-1,-1,0,0,0,136,1,1,0,0.0000000,0.0000000,0.0000000,0,0,0,0
756902795675666 D 1493,2314619339,1000,1551,1551,2.3792043,0.00000,-1,-1,-1,0,0,0,136,1,1,0,0.0000000,0.0000000,0.0000000,0,0,0,0
756902796730541 D 1494,2314620339,1000,1551,1551,2.3792043,0.00000,-1,-1,-1,0,0,0,136,1,1,0,0.0000000,0.0000000,0.0000000,0,0,0,0
756902797716000 D 1495,2314621339,1000,1551,1551,2.3792043,0.00000,-1,-1,-1,0,0,0,136,1,1,0,0.0000000,0.0000000,0.0000000,0,0,0,0
756902798687083 D 1496,2314622339,1000,1551,1551,2.3792043,0.00000,-1,-1,-1,0,0,0,136,1,1,0,0.0000000,0.0000000,0.0000000,0,0,0,0
756902799677583 D 1497,2314623339,1000,1551,1551,2.3792043,0.00000,-1,-1,-1,0,0,0,136,1,1,0,0.0000000,0.0000000,0.0000000,0,0,0,0
756902800718291 D 1498,2314624339,1000,1551,1551,2.3792043,0.00000,-1,-1,-1,0,0,0,136,1,1,0,0.0000000,0.0000000,0.0000000,0,0,0,0
756902801933166 D 1499,2314625339,1000,1551,1551,2.3792043,0.00000,-1,-1,-1,0,0,0,135,1,1,0,0.0000000,0.0000000,0.0000000,0,0,0,0
756902802895625 D 1500,2314626339,1000,1551,1551,2.3792043,0.00000,-1,-1,-1,0,0,0,136,1,1,0,0.0000000,0.0000000,0.0000000,0,0,0,0
756902803843833 D 1501,2314627339,1000,1551,1551,2.3792043,0.00000,-1,-1,-1,0,0,0,136,1,1,0,0.0000000,0.0000000,0.0000000,0,0,0,0
756902804676041 D 1502,2314628339,1000,1550,1550,2.3776703,-0.06015,-1,-1,-1,0,0,0,136,1,1,0,0.0000000,0.0000000,0.0000000,0,0,0,0
756902805670333 D 1503,2314629339,1000,1551,1551,2.3792043,0.00236,-1,-1,-1,0,0,0,136,1,1,0,0.0000000,0.0000000,0.0000000,0,0,0,0
756902806671166 D 1504,2314630339,1000,1551,1551,2.3792043,0.00227,-1,-1,-1,0,0,0,136,1,1,0,0.0000000,0.0000000,0.0000000,0,0,0,0
756902807669500 D 1505,2314631339,1000,1551,1551,2.3792043,0.00218,-1,-1,-1,0,0,0,136,1,1,0,0.0000000,0.0000000,0.0000000,0,0,0,0
756902808662416 D 1506,2314632339,1000,1551,1551,2.3792043,0.00209,-1,-1,-1,0,0,0,135,1,1,0,0.0000000,0.0000000,0.0000000,0,0,0,0
756902809658791 D 1507,2314633339,1000,1551,1551,2.3792043,0.00201,-1,-1,-1,0,0,0,136,1,1,0,0.0000000,0.0000000,0.0000000,0,0,0,0
756902810716958 D 1508,2314634339,1000,1551,1551,2.3792043,0.00193,-1,-1,-1,0,0,0,136,1,1,0,0.0000000,0.0000000,0.0000000,0,0,0,0
756902811730041 D 1509,2314635339,1000,1551,1551,2.3792043,0.00186,-1,-1,-1,0,0,0,136,1,1,0,0.0000000,0.0000000,0.0000000,0,0,0,0
756902812693541 D 1510,2314636339,1000,1551,1551,2.3792043,0.00178,-1,-1,-1,0,0,0,136,1,1,0,0.0000000,0.0000000,0.0000000,0,0,0,0
756902813673000 D 1511,2314637339,1000,1551,1551,2.3792043,0.00171,-1,-1,-1,0,0,0,136,1,1,0,0.0000000,0.0000000,0.0000000,0,0,0,0
756902814675333 D 1512,2314638339,1000,1551,1551,2.3792043,0.00165,-1,-1,-1,0,0,0,136,1,1,0,0.0000000,0.0000000,0.0000000,0,0,0,0
756902815681875 D 1513,2314639339,1000,1551,1551,2.3792043,0.00158,-1,-1,-1,0,0,0,136,1,1,0,0.0000000,0.0000000,0.0000000,0,0,0,0
756902816696541 D 1514,2314640339,1000,1551,1551,2.3792043,0.00152,-1,-1,-1,0,0,0,136,1,1,0,0.0000000,0.0000000,0.0000000,0,0,0,0
756902817673583 D 1515,2314641339,1000,1551,1551,2.3792043,0.00146,-1,-1,-1,0,0,0,136,1,1,0,0.0000000,0.0000000,0.0000000,0,0,0,0
756902818667875 D 1516,2314642339,1000,1551,1551,2.3792043,0.00140,-1,-1,-1,0,0,0,136,1,1,0,0.0000000,0.0000000,0.0000000,0,0,0,0
756902819659958 D 1517,2314643339,1000,1551,1551,2.3792043,0.00135,-1,-1,-1,0,0,0,136,1,1,0,0.0000000,0.0000000,0.0000000,0,0,0,0
756902820663708 D 1518,2314644339,1000,1551,1551,2.3792043,0.00129,-1,-1,-1,0,0,0,136,1,1,0,0.0000000,0.0000000,0.0000000,0,0,0,0
756902821669708 D 1519,2314645339,1000,1551,1551,2.3792043,0.00124,-1,-1,-1,0,0,0,136,1,1,0,0.0000000,0.0000000,0.0000000,0,0,0,0
756902822664208 D 1520,2314646339,1000,1551,1551,2.3792043,0.00119,-1,-1,-1,0,0,0,136,1,1,0,0.0000000,0.0000000,0.0000000,0,0,0,0
756902823659333 D 1521,2314647339,1000,1551,1551,2.3792043,0.00115,-1,-1,-1,0,0,0,136,1,1,0,0.0000000,0.0000000,0.0000000,0,0,0,0
756902824657041 D 1522,2314648339,1000,1551,1551,2.3792043,0.00110,-1,-1,-1,0,0,0,136,1,1,0,0.0000000,0.0000000,0.0000000,0,0,0,0
756902825656125 D 1523,2314649339,1000,1551,1551,2.3792043,0.00106,-1,-1,-1,0,0,0,136,1,1,0,0.0000000,0.0000000,0.0000000,0,0,0,0
756902826670375 D 1524,2314650339,1000,1551,1551,2.3792043,0.00102,-1,-1,-1,0,0,0,136,1,1,0,0.0000000,0.0000000,0.0000000,0,0,0,0
756902827680750 D 1525,2314651339,1000,1551,1551,2.3792043,0.00098,-1,-1,-1,0,0,0,136,1,1,0,0.0000000,0.0000000,0.0000000,0,0,0,0
756902829336291 D 1526,2314652339,1000,1551,1551,2.3792043,0.00094,39,128,2054,0,0,0,136,1,1,0,0.0000000,0.0000000,0.0000000,0,0,0,0
756902830176000 D 1527,2314653339,1000,1551,1551,2.3792043,0.00090,-1,-1,-1,0,0,0,136,1,1,0,0.0000000,0.0000000,0.0000000,0,0,0,0
756902831013208 D 1528,2314654339,1000,1551,1551,2.3792043,0.00087,-1,-1,-1,0,0,0,136,1,1,0,0.0000000,0.0000000,0.0000000,0,0,0,0
756902831725708 D 1529,2314655339,1000,1551,1551,2.3792043,0.00083,-1,-1,-1,0,0,0,136,1,1,0,0.0000000,0.0000000,0.0000000,0,0,0,0
756902832670833 D 1530,2314656339,1000,1551,1551,2.3792043,0.00080,-1,-1,-1,0,0,0,136,1,1,0,0.0000000,0.0000000,0.0000000,0,0,0,0
756902833668875 D 1531,2314657339,1000,1551,1551,2.3792043,0.00077,-1,-1,-1,0,0,0,136,1,1,0,0.0000000,0.0000000,0.0000000,0,0,0,0
756902834662916 D 1532,2314658339,1000,1551,1551,2.3792043,0.00074,-1,-1,-1,0,0,0,136,1,1,0,0.0000000,0.0000000,0.0000000,0,0,0,0
756902835664375 D 1533,2314659339,1000,1551,1551,2.3792043,0.00071,-1,-1,-1,0,0,0,136,1,1,0,0.0000000,0.0000000,0.0000000,0,0,0,0
756902836658500 D 1534,2314660339,1000,1551,1551,2.3792043,0.00068,-1,-1,-1,0,0,0,136,1,1,0,0.0000000,0.0000000,0.0000000,0,0,0,0
756902837653833 D 1535,2314661339,1000,1551,1551,2.3792043,0.00066,-1,-1,-1,0,0,0,136,1,1,0,0.0000000,0.0000000,0.0000000,0,0,0,0
756902838662875 D 1536,2314662339,1000,1551,1551,2.3792043,0.00063,-1,-1,-1,0,0,0,136,1,1,0,0.0000000,0.0000000,0.0000000,0,0,0,0
756902839659916 D 1537,2314663339,1000,1551,1551,2.3792043,0.00061,-1,-1,-1,0,0,0,136,1,1,0,0.0000000,0.0000000,0.0000000,0,0,0,0
756902840662208 D 1538,2314664339,1000,1551,1551,2.3792043,0.00058,-1,-1,-1,0,0,0,136,1,1,0,0.0000000,0.0000000,0.0000000,0,0,0,0
756902841661791 D 1539,2314665339,1000,1551,1551,2.3792043,0.00056,-1,-1,-1,0,0,0,136,1,1,0,0.0000000,0.0000000,0.0000000,0,0,0,0
756902842671541 D 1540,2314666339,1000,1551,1551,2.3792043,0.00054,-1,-1,-1,0,0,0,136,1,1,0,0.0000000,0.0000000,0.0000000,0,0,0,0
756902843663333 D 1541,2314667339,1000,1551,1551,2.3792043,0.00052,-1,-1,-1,0,0,0,136,1,1,0,0.0000000,0.0000000,0.0000000,0,0,0,0
756902844657666 D 1542,2314668339,1000,1551,1551,2.3792043,0.00050,-1,-1,-1,0,0,0,136,1,1,0,0.0000000,0.0000000,0.0000000,0,0,0,0
756902845651500 D 1543,2314669339,1000,1551,1551,2.3792043,0.00048,-1,-1,-1,0,0,0,136,1,1,0,0.0000000,0.0000000,0.0000000,0,0,0,0
756902846667083 D 1544,2314670339,1000,1551,1551,2.3792043,0.00046,-1,-1,-1,0,0,0,136,1,1,0,0.0000000,0.0000000,0.0000000,0,0,0,0
756902847687375 D 1545,2314671339,1000,1551,1551,2.3792043,0.00044,-1,-1,-1,0,0,0,136,1,1,0,0.0000000,0.0000000,0.0000000,0,0,0,0
756902848718291 D 1546,2314672339,1000,1551,1551,2.3792043,0.00042,-1,-1,-1,0,0,0,136,1,1,0,0.0000000,0.0000000,0.0000000,0,0,0,0
756902849666166 D 1547,2314673339,1000,1551,1551,2.3792043,0.00041,-1,-1,-1,0,0,0,136,1,1,0,0.0000000,0.0000000,0.0000000,0,0,0,0
756902850670250 D 1548,2314674339,1000,1551,1551,2.3792043,0.00039,-1,-1,-1,0,0,0,136,1,1,0,0.0000000,0.0000000,0.0000000,0,0,0,0
756902851666291 D 1549,2314675339,1000,1551,1551,2.3792043,0.00037,-1,-1,-1,0,0,0,136,1,1,0,0.0000000,0.0000000,0.0000000,0,0,0,0
756902852704375 D 1550,2314676339,1000,1551,1551,2.3792043,0.00036,-1,-1,-1,0,0,0,136,1,1,0,0.0000000,0.0000000,0.0000000,0,0,0,0
756902853663125 D 1551,2314677339,1000,1551,1551,2.3792043,0.00035,-1,-1,-1,0,0,0,136,1,1,0,0.0000000,0.0000000,0.0000000,0,0,0,0
756902854661458 D 1552,2314678339,1000,1551,1551,2.3792043,0.00033,-1,-1,-1,0,0,0,136,1,1,0,0.0000000,0.0000000,0.0000000,0,0,0,0
756902855657916 D 1553,2314679339,1000,1551,1551,2.3792043,0.00032,-1,-1,-1,0,0,0,136,1,1,0,0.0000000,0.0000000,0.0000000,0,0,0,0
756902856884416 D 1554,2314680339,1000,1551,1551,2.3792043,0.00031,-1,-1,-1,0,0,0,136,1,1,0,0.0000000,0.0000000,0.0000000,0,0,0,0
756902857889500 D 1555,2314681339,1000,1551,1551,2.3792043,0.00029,-1,-1,-1,0,0,0,136,1,1,0,0.0000000,0.0000000,0.0000000,0,0,0,0
756902858884000 D 1556,2314682339,1000,1551,1551,2.3792043,0.00028,-1,-1,-1,0,0,0,136,1,1,0,0.0000000,0.0000000,0.0000000,0,0,0,0
756902859658083 D 1557,2314683339,1000,1551,1551,2.3792043,0.00027,-1,-1,-1,0,0,0,136,1,1,0,0.0000000,0.0000000,0.0000000,0,0,0,0
756902860657375 D 1558,2314684339,1000,1551,1551,2.3792043,0.00026,-1,-1,-1,0,0,0,136,1,1,0,0.0000000,0.0000000,0.0000000,0,0,0,0
756902861697583 D 1559,2314685339,1000,1551,1551,2.3792043,0.00025,-1,-1,-1,0,0,0,136,1,1,0,0.0000000,0.0000000,0.0000000,0,0,0,0
756902862779958 D 1560,2314686339,1000,1551,1551,2.3792043,0.00024,-1,-1,-1,0,0,0,136,1,1,0,0.0000000,0.0000000,0.0000000,0,0,0,0
756902863737958 D 1561,2314687339,1000,1551,1551,2.3792043,0.00023,-1,-1,-1,0,0,0,136,1,1,0,0.0000000,0.0000000,0.0000000,0,0,0,0
756902864694875 D 1562,2314688339,1000,1551,1551,2.3792043,0.00022,-1,-1,-1,0,0,0,136,1,1,0,0.0000000,0.0000000,0.0000000,0,0,0,0
756902865691208 D 1563,2314689339,1000,1551,1551,2.3792043,0.00021,-1,-1,-1,0,0,0,136,1,1,0,0.0000000,0.0000000,0.0000000,0,0,0,0
756902866689166 D 1564,2314690339,1000,1551,1551,2.3792043,0.00021,-1,-1,-1,0,0,0,136,1,1,0,0.0000000,0.0000000,0.0000000,0,0,0,0
756902867681375 D 1565,2314691339,1000,1551,1551,2.3792043,0.00020,-1,-1,-1,0,0,0,136,1,1,0,0.0000000,0.0000000,0.0000000,0,0,0,0
756902868667916 D 1566,2314692339,1000,1551,1551,2.3792043,0.00019,-1,-1,-1,0,0,0,136,1,1,0,0.0000000,0.0000000,0.0000000,0,0,0,0
756902869675708 D 1567,2314693339,1000,1551,1551,2.3792043,0.00018,-1,-1,-1,0,0,0,136,1,1,0,0.0000000,0.0000000,0.0000000,0,0,0,0
756902870675958 D 1568,2314694339,1000,1551,1551,2.3792043,0.00018,-1,-1,-1,0,0,0,136,1,1,0,0.0000000,0.0000000,0.0000000,0,0,0,0
756902871674416 D 1569,2314695339,1000,1551,1551,2.3792043,0.00017,-1,-1,-1,0,0,0,136,1,1,0,0.0000000,0.0000000,0.0000000,0,0,0,0
756902872694958 D 1570,2314696339,1000,1551,1551,2.3792043,0.00016,-1,-1,-1,0,0,0,136,1,1,0,0.0000000,0.0000000,0.0000000,0,0,0,0
756902873684125 D 1571,2314697339,1000,1551,1551,2.3792043,0.00016,-1,-1,-1,0,0,0,136,1,1,0,0.0000000,0.0000000,0.0000000,0,0,0,0
756902874931666 D 1572,2314698339,1000,1551,1551,2.3792043,0.00015,-1,-1,-1,0,0,0,136,1,1,0,0.0000000,0.0000000,0.0000000,0,0,0,0
756902875923541 D 1573,2314699339,1000,1551,1551,2.3792043,0.00014,-1,-1,-1,0,0,0,136,1,1,0,0.0000000,0.0000000,0.0000000,0,0,0,0
756902876839125 D 1574,2314700339,1000,1551,1551,2.3792043,0.00014,-1,-1,-1,0,0,0,136,1,1,0,0.0000000,0.0000000,0.0000000,0,0,0,0
756902877764916 D 1575,2314701339,1000,1551,1551,2.3792043,0.00013,-1,-1,-1,0,0,0,136,1,1,0,0.0000000,0.0000000,0.0000000,0,0,0,0
756902879119250 D 1576,2314702339,1000,1551,1551,2.3792043,0.00013,39,128,2054,0,0,0,136,1,1,0,0.0000000,0.0000000,0.0000000,0,0,0,0
756902879728083 D 1577,2314703339,1000,1551,1551,2.3792043,0.00012,-1,-1,-1,0,0,0,136,1,1,0,0.0000000,0.0000000,0.0000000,0,0,0,0
756902880675791 D 1578,2314704339,1000,1551,1551,2.3792043,0.00012,-1,-1,-1,0,0,0,136,1,1,0,0.0000000,0.0000000,0.0000000,0,0,0,0
756902881762875 D 1579,2314705339,1000,1551,1551,2.3792043,0.00011,-1,-1,-1,0,0,0,136,1,1,0,0.0000000,0.0000000,0.0000000,0,0,0,0
756902882764583 D 1580,2314706339,1000,1551,1551,2.3792043,0.00011,-1,-1,-1,0,0,0,136,1,1,0,0.0000000,0.0000000,0.0000000,0,0,0,0
756902883671625 D 1581,2314707339,1000,1551,1551,2.3792043,0.00010,-1,-1,-1,0,0,0,136,1,1,0,0.0000000,0.0000000,0.0000000,0,0,0,0
756902884679250 D 1582,2314708339,1000,1550,1550,2.3776703,-0.06005,-1,-1,-1,0,0,0,136,1,1,0,0.0000000,0.0000000,0.0000000,0,0,0,0
756902885664625 D 1583,2314709339,1000,1551,1551,2.3792043,0.00245,-1,-1,-1,0,0,0,136,1,1,0,0.0000000,0.0000000,0.0000000,0,0,0,0
756902886673916 D 1584,2314710339,1000,1551,1551,2.3792043,0.00236,-1,-1,-1,0,0,0,136,1,1,0,0.0000000,0.0000000,0.0000000,0,0,0,0
756902887708708 D 1585,2314711339,1000,1551,1551,2.3792043,0.00227,-1,-1,-1,0,0,0,136,1,1,0,0.0000000,0.0000000,0.0000000,0,0,0,0
756902888727291 D 1586,2314712339,1000,1551,1551,2.3792043,0.00218,-1,-1,-1,0,0,0,136,1,1,0,0.0000000,0.0000000,0.0000000,0,0,0,0
756902889713625 D 1587,2314713339,1000,1551,1551,2.3792043,0.00209,-1,-1,-1,0,0,0,136,1,1,0,0.0000000,0.0000000,0.0000000,0,0,0,0
756902890710916 D 1588,2314714339,1000,1551,1551,2.3792043,0.00201,-1,-1,-1,0,0,0,136,1,1,0,0.0000000,0.0000000,0.0000000,0,0,0,0
756902891687416 D 1589,2314715339,1000,1551,1551,2.3792043,0.00193,-1,-1,-1,0,0,0,136,1,1,0,0.0000000,0.0000000,0.0000000,0,0,0,0
756902892691291 D 1590,2314716339,1000,1551,1551,2.3792043,0.00186,-1,-1,-1,0,0,0,136,1,1,0,0.0000000,0.0000000,0.0000000,0,0,0,0
756902893672625 D 1591,2314717339,1000,1551,1551,2.3792043,0.00178,-1,-1,-1,0,0,0,136,1,1,0,0.0000000,0.0000000,0.0000000,0,0,0,0
756902894685083 D 1592,2314718339,1000,1551,1551,2.3792043,0.00171,-1,-1,-1,0,0,0,136,1,1,0,0.0000000,0.0000000,0.0000000,0,0,0,0
756902895677250 D 1593,2314719339,1000,1551,1551,2.3792043,0.00165,-1,-1,-1,0,0,0,136,1,1,0,0.0000000,0.0000000,0.0000000,0,0,0,0
756902896671708 D 1594,2314720339,1000,1551,1551,2.3792043,0.00158,-1,-1,-1,0,0,0,136,1,1,0,0.0000000,0.0000000,0.0000000,0,0,0,0
756902897673000 D 1595,2314721339,1000,1551,1551,2.3792043,0.00152,-1,-1,-1,0,0,0,136,1,1,0,0.0000000,0.0000000,0.0000000,0,0,0,0
756902898670000 D 1596,2314722339,1000,1551,1551,2.3792043,0.00146,-1,-1,-1,0,0,0,136,1,1,0,0.0000000,0.0000000,0.0000000,0,0,0,0
756902899671125 D 1597,2314723339,1000,1551,1551,2.3792043,0.00140,-1,-1,-1,0,0,0,136,1,1,0,0.0000000,0.0000000,0.0000000,0,0,0,0
756902900670166 D 1598,2314724339,1000,1551,1551,2.3792043,0.00135,-1,-1,-1,0,0,0,136,1,1,0,0.0000000,0.0000000,0.0000000,0,0,0,0
756902901666875 D 1599,2314725339,1000,1551,1551,2.3792043,0.00129,-1,-1,-1,0,0,0,136,1,1,0,0.0000000,0.0000000,0.0000000,0,0,0,0
756902902659750 D 1600,2314726339,1000,1551,1551,2.3792043,0.00124,-1,-1,-1,0,0,0,136,1,1,0,0.0000000,0.0000000,0.0000000,0,0,0,0
756902903892166 D 1601,2314727339,1000,1551,1551,2.3792043,0.00119,-1,-1,-1,0,0,0,136,1,1,0,0.0000000,0.0000000,0.0000000,0,0,0,0
756902904959750 D 1602,2314728339,1000,1551,1551,2.3792043,0.00115,-1,-1,-1,0,0,0,136,1,1,0,0.0000000,0.0000000,0.0000000,0,0,0,0
756902905899041 D 1603,2314729339,1000,1551,1551,2.3792043,0.00110,-1,-1,-1,0,0,0,136,1,1,0,0.0000000,0.0000000,0.0000000,0,0,0,0
756902906750791 D 1604,2314730339,1000,1551,1551,2.3792043,0.00106,-1,-1,-1,0,0,0,136,1,1,0,0.0000000,0.0000000,0.0000000,0,0,0,0
756902907662416 D 1605,2314731339,1000,1551,1551,2.3792043,0.00102,-1,-1,-1,0,0,0,136,1,1,0,0.0000000,0.0000000,0.0000000,0,0,0,0
756902908664125 D 1606,2314732339,1000,1551,1551,2.3792043,0.00098,-1,-1,-1,0,0,0,136,1,1,0,0.0000000,0.0000000,0.0000000,0,0,0,0
756902909667250 D 1607,2314733339,1000,1551,1551,2.3792043,0.00094,-1,-1,-1,0,0,0,136,1,1,0,0.0000000,0.0000000,0.0000000,0,0,0,0
756902910692750 D 1608,2314734339,1000,1551,1551,2.3792043,0.00090,-1,-1,-1,0,0,0,136,1,1,0,0.0000000,0.0000000,0.0000000,0,0,0,0
756902911677500 D 1609,2314735339,1000,1551,1551,2.3792043,0.00087,-1,-1,-1,0,0,0,136,1,1,0,0.0000000,0.0000000,0.0000000,0,0,0,0
756902912661208 D 1610,2314736339,1000,1551,1551,2.3792043,0.00083,-1,-1,-1,0,0,0,136,1,1,0,0.0000000,0.0000000,0.0000000,0,0,0,0
756902913659875 D 1611,2314737339,1000,1551,1551,2.3792043,0.00080,-1,-1,-1,0,0,0,136,1,1,0,0.0000000,0.0000000,0.0000000,0,0,0,0
756902914655500 D 1612,2314738339,1000,1551,1551,2.3792043,0.00077,-1,-1,-1,0,0,0,136,1,1,0,0.0000000,0.0000000,0.0000000,0,0,0,0
756902915662500 D 1613,2314739339,1000,1551,1551,2.3792043,0.00074,-1,-1,-1,0,0,0,136,1,1,0,0.0000000,0.0000000,0.0000000,0,0,0,0
756902916658625 D 1614,2314740339,1000,1551,1551,2.3792043,0.00071,-1,-1,-1,0,0,0,136,1,1,0,0.0000000,0.0000000,0.0000000,0,0,0,0
756902917661416 D 1615,2314741339,1000,1551,1551,2.3792043,0.00068,-1,-1,-1,0,0,0,136,1,1,0,0.0000000,0.0000000,0.0000000,0,0,0,0
756902918659875 D 1616,2314742339,1000,1551,1551,2.3792043,0.00066,-1,-1,-1,0,0,0,136,1,1,0,0.0000000,0.0000000,0.0000000,0,0,0,0
756902919660208 D 1617,2314743339,1000,1551,1551,2.3792043,0.00063,-1,-1,-1,0,0,0,136,1,1,0,0.0000000,0.0000000,0.0000000,0,0,0,0
756902920672125 D 1618,2314744339,1000,1551,1551,2.3792043,0.00061,-1,-1,-1,0,0,0,136,1,1,0,0.0000000,0.0000000,0.0000000,0,0,0,0
756902921672625 D 1619,2314745339,1000,1551,1551,2.3792043,0.00058,-1,-1,-1,0,0,0,136,1,1,0,0.0000000,0.0000000,0.0000000,0,0,0,0
756902922666291 D 1620,2314746339,1000,1551,1551,2.3792043,0.00056,-1,-1,-1,0,0,0,136,1,1,0,0.0000000,0.0000000,0.0000000,0,0,0,0
756902923658875 D 1621,2314747339,1000,1551,1551,2.3792043,0.00054,-1,-1,-1,0,0,0,136,1,1,0,0.0000000,0.0000000,0.0000000,0,0,0,0
756902924667208 D 1622,2314748339,1000,1551,1551,2.3792043,0.00052,-1,-1,-1,0,0,0,136,1,1,0,0.0000000,0.0000000,0.0000000,0,0,0,0
756902925692500 D 1623,2314749339,1000,1551,1551,2.3792043,0.00050,-1,-1,-1,0,0,0,136,1,1,0,0.0000000,0.0000000,0.0000000,0,0,0,0
756902926650875 D 1624,2314750339,1000,1551,1551,2.3792043,0.00048,-1,-1,-1,0,0,0,136,1,1,0,0.0000000,0.0000000,0.0000000,0,0,0,0
756902927671916 D 1625,2314751339,1000,1551,1551,2.3792043,0.00046,-1,-1,-1,0,0,0,136,1,1,0,0.0000000,0.0000000,0.0000000,0,0,0,0
756902929071708 D 1626,2314752339,1000,1551,1551,2.3792043,0.00044,39,128,2054,0,0,0,136,1,1,0,0.0000000,0.0000000,0.0000000,0,0,0,0
756902929736791 D 1627,2314753339,1000,1551,1551,2.3792043,0.00042,-1,-1,-1,0,0,0,136,1,1,0,0.0000000,0.0000000,0.0000000,0,0,0,0
756902930652166 D 1628,2314754339,1000,1551,1551,2.3792043,0.00041,-1,-1,-1,0,0,0,136,1,1,0,0.0000000,0.0000000,0.0000000,0,0,0,0
756902931658666 D 1629,2314755339,1000,1551,1551,2.3792043,0.00039,-1,-1,-1,0,0,0,136,1,1,0,0.0000000,0.0000000,0.0000000,0,0,0,0
756902932657708 D 1630,2314756339,1000,1551,1551,2.3792043,0.00037,-1,-1,-1,0,0,0,136,1,1,0,0.0000000,0.0000000,0.0000000,0,0,0,0
756902933882958 D 1631,2314757339,1000,1551,1551,2.3792043,0.00036,-1,-1,-1,0,0,0,136,1,1,0,0.0000000,0.0000000,0.0000000,0,0,0,0
756902934888541 D 1632,2314758339,1000,1551,1551,2.3792043,0.00035,-1,-1,-1,0,0,0,136,1,1,0,0.0000000,0.0000000,0.0000000,0,0,0,0
756902935881625 D 1633,2314759339,1000,1551,1551,2.3792043,0.00033,-1,-1,-1,0,0,0,136,1,1,0,0.0000000,0.0000000,0.0000000,0,0,0,0
756902936669833 D 1634,2314760339,1000,1551,1551,2.3792043,0.00032,-1,-1,-1,0,0,0,136,1,1,0,0.0000000,0.0000000,0.0000000,0,0,0,0
756902937655583 D 1635,2314761339,1000,1551,1551,2.3792043,0.00031,-1,-1,-1,0,0,0,136,1,1,0,0.0000000,0.0000000,0.0000000,0,0,0,0
756902938658875 D 1636,2314762339,1000,1551,1551,2.3792043,0.00029,-1,-1,-1,0,0,0,136,1,1,0,0.0000000,0.0000000,0.0000000,0,0,0,0
756902939662125 D 1637,2314763339,1000,1551,1551,2.3792043,0.00028,-1,-1,-1,0,0,0,136,1,1,0,0.0000000,0.0000000,0.0000000,0,0,0,0
756902940659833 D 1638,2314764339,1000,1551,1551,2.3792043,0.00027,-1,-1,-1,0,0,0,136,1,1,0,0.0000000,0.0000000,0.0000000,0,0,0,0
756902941680083 D 1639,2314765339,1000,1551,1551,2.3792043,0.00026,-1,-1,-1,0,0,0,136,1,1,0,0.0000000,0.0000000,0.0000000,0,0,0,0
756902942673875 D 1640,2314766339,1000,1551,1551,2.3792043,0.00025,-1,-1,-1,0,0,0,136,1,1,0,0.0000000,0.0000000,0.0000000,0,0,0,0
756902943669958 D 1641,2314767339,1000,1551,1551,2.3792043,0.00024,-1,-1,-1,0,0,0,136,1,1,0,0.0000000,0.0000000,0.0000000,0,0,0,0
756902944662875 D 1642,2314768339,1000,1551,1551,2.3792043,0.00023,-1,-1,-1,0,0,0,136,1,1,0,0.0000000,0.0000000,0.0000000,0,0,0,0
756902945670416 D 1643,2314769339,1000,1551,1551,2.3792043,0.00022,-1,-1,-1,0,0,0,136,1,1,0,0.0000000,0.0000000,0.0000000,0,0,0,0
756902946678500 D 1644,2314770339,1000,1551,1551,2.3792043,0.00021,-1,-1,-1,0,0,0,136,1,1,0,0.0000000,0.0000000,0.0000000,0,0,0,0
756902947684875 D 1645,2314771339,1000,1551,1551,2.3792043,0.00021,-1,-1,-1,0,0,0,136,1,1,0,0.0000000,0.0000000,0.0000000,0,0,0,0
756902948669666 D 1646,2314772339,1000,1551,1551,2.3792043,0.00020,-1,-1,-1,0,0,0,135,1,1,0,0.0000000,0.0000000,0.0000000,0,0,0,0
756902949660958 D 1647,2314773339,1000,1551,1551,2.3792043,0.00019,-1,-1,-1,0,0,0,136,1,1,0,0.0000000,0.0000000,0.0000000,0,0,0,0
756902950662833 D 1648,2314774339,1000,1551,1551,2.3792043,0.00018,-1,-1,-1,0,0,0,136,1,1,0,0.0000000,0.0000000,0.0000000,0,0,0,0
756902951663208 D 1649,2314775339,1000,1551,1551,2.3792043,0.00018,-1,-1,-1,0,0,0,136,1,1,0,0.0000000,0.0000000,0.0000000,0,0,0,0
756902952661208 D 1650,2314776339,1000,1551,1551,2.3792043,0.00017,-1,-1,-1,0,0,0,136,1,1,0,0.0000000,0.0000000,0.0000000,0,0,0,0
756902953660833 D 1651,2314777339,1000,1551,1551,2.3792043,0.00016,-1,-1,-1,0,0,0,136,1,1,0,0.0000000,0.0000000,0.0000000,0,0,0,0
756902954659708 D 1652,2314778339,1000,1551,1551,2.3792043,0.00016,-1,-1,-1,0,0,0,136,1,1,0,0.0000000,0.0000000,0.0000000,0,0,0,0
756902955652500 D 1653,2314779339,1000,1551,1551,2.3792043,0.00015,-1,-1,-1,0,0,0,136,1,1,0,0.0000000,0.0000000,0.0000000,0,0,0,0
756902956677166 D 1654,2314780339,1000,1551,1551,2.3792043,0.00014,-1,-1,-1,0,0,0,136,1,1,0,0.0000000,0.0000000,0.0000000,0,0,0,0
756902957683166 D 1655,2314781339,1000,1551,1551,2.3792043,0.00014,-1,-1,-1,0,0,0,136,1,1,0,0.0000000,0.0000000,0.0000000,0,0,0,0
756902958659541 D 1656,2314782339,1000,1551,1551,2.3792043,0.00013,-1,-1,-1,0,0,0,136,1,1,0,0.0000000,0.0000000,0.0000000,0,0,0,0
756902959659166 D 1657,2314783339,1000,1551,1551,2.3792043,0.00013,-1,-1,-1,0,0,0,136,1,1,0,0.0000000,0.0000000,0.0000000,0,0,0,0
756902960656416 D 1658,2314784339,1000,1551,1551,2.3792043,0.00012,-1,-1,-1,0,0,0,136,1,1,0,0.0000000,0.0000000,0.0000000,0,0,0,0
756902961652625 D 1659,2314785339,1000,1551,1551,2.3792043,0.00012,-1,-1,-1,0,0,0,136,1,1,0,0.0000000,0.0000000,0.0000000,0,0,0,0
756902962688875 D 1660,2314786339,1000,1551,1551,2.3792043,0.00011,-1,-1,-1,0,0,0,136,1,1,0,0.0000000,0.0000000,0.0000000,0,0,0,0
756902963756791 D 1661,2314787339,1000,1551,1551,2.3792043,0.00011,-1,-1,-1,0,0,0,136,1,1,0,0.0000000,0.0000000,0.0000000,0,0,0,0
756902964710666 D 1662,2314788339,1000,1551,1551,2.3792043,0.00010,-1,-1,-1,0,0,0,136,1,1,0,0.0000000,0.0000000,0.0000000,0,0,0,0
756902965915958 D 1663,2314789339,1000,1551,1551,2.3792043,0.00010,-1,-1,-1,0,0,0,136,1,1,0,0.0000000,0.0000000,0.0000000,0,0,0,0
756902966912875 D 1664,2314790339,1000,1551,1551,2.3792043,0.00010,-1,-1,-1,0,0,0,136,1,1,0,0.0000000,0.0000000,0.0000000,0,0,0,0
756902967854125 D 1665,2314791339,1000,1551,1551,2.3792043,0.00009,-1,-1,-1,0,0,0,136,1,1,0,0.0000000,0.0000000,0.0000000,0,0,0,0
756902968683375 D 1666,2314792339,1000,1551,1551,2.3792043,0.00009,-1,-1,-1,0,0,0,136,1,1,0,0.0000000,0.0000000,0.0000000,0,0,0,0
756902969683375 D 1667,2314793339,1000,1551,1551,2.3792043,0.00009,-1,-1,-1,0,0,0,135,1,1,0,0.0000000,0.0000000,0.0000000,0,0,0,0
756902970712791 D 1668,2314794339,1000,1551,1551,2.3792043,0.00008,-1,-1,-1,0,0,0,136,1,1,0,0.0000000,0.0000000,0.0000000,0,0,0,0
756902971709333 D 1669,2314795339,1000,1551,1551,2.3792043,0.00008,-1,-1,-1,0,0,0,136,1,1,0,0.0000000,0.0000000,0.0000000,0,0,0,0
756902972719583 D 1670,2314796339,1000,1551,1551,2.3792043,0.00008,-1,-1,-1,0,0,0,136,1,1,0,0.0000000,0.0000000,0.0000000,0,0,0,0
756902973726666 D 1671,2314797339,1000,1551,1551,2.3792043,0.00007,-1,-1,-1,0,0,0,136,1,1,0,0.0000000,0.0000000,0.0000000,0,0,0,0
756902974699541 D 1672,2314798339,1000,1551,1551,2.3792043,0.00007,-1,-1,-1,0,0,0,136,1,1,0,0.0000000,0.0000000,0.0000000,0,0,0,0
756902975701083 D 1673,2314799339,1000,1551,1551,2.3792043,0.00007,-1,-1,-1,0,0,0,136,1,1,0,0.0000000,0.0000000,0.0000000,0,0,0,0
756902976702041 D 1674,2314800339,1000,1551,1551,2.3792043,0.00006,-1,-1,-1,0,0,0,136,1,1,0,0.0000000,0.0000000,0.0000000,0,0,0,0
756902977674750 D 1675,2314801339,1000,1551,1551,2.3792043,0.00006,-1,-1,-1,0,0,0,136,1,1,0,0.0000000,0.0000000,0.0000000,0,0,0,0
756902979138833 D 1676,2314802339,1000,1551,1551,2.3792043,0.00006,39,128,2054,0,0,0,136,1,1,0,0.0000000,0.0000000,0.0000000,0,0,0,0
756902979749333 D 1677,2314803339,1000,1551,1551,2.3792043,0.00006,-1,-1,-1,0,0,0,136,1,1,0,0.0000000,0.0000000,0.0000000,0,0,0,0
756902980702541 D 1678,2314804339,1000,1551,1551,2.3792043,0.00005,-1,-1,-1,0,0,0,136,1,1,0,0.0000000,0.0000000,0.0000000,0,0,0,0
756902981846666 D 1679,2314805339,1000,1551,1551,2.3792043,0.00005,-1,-1,-1,0,0,0,136,1,1,0,0.0000000,0.0000000,0.0000000,0,0,0,0
756902982780166 D 1680,2314806339,1000,1551,1551,2.3792043,0.00005,-1,-1,-1,0,0,0,136,1,1,0,0.0000000,0.0000000,0.0000000,0,0,0,0
756902983772833 D 1681,2314807339,1000,1551,1551,2.3792043,0.00005,-1,-1,-1,0,0,0,136,1,1,0,0.0000000,0.0000000,0.0000000,0,0,0,0
756902984726958 D 1682,2314808339,1000,1551,1551,2.3792043,0.00005,-1,-1,-1,0,0,0,136,1,1,0,0.0000000,0.0000000,0.0000000,0,0,0,0
756902985690750 D 1683,2314809339,1000,1551,1551,2.3792043,0.00004,-1,-1,-1,0,0,0,136,1,1,0,0.0000000,0.0000000,0.0000000,0,0,0,0
756902986675458 D 1684,2314810339,1000,1551,1551,2.3792043,0.00004,-1,-1,-1,0,0,0,136,1,1,0,0.0000000,0.0000000,0.0000000,0,0,0,0
756902987668875 D 1685,2314811339,1000,1551,1551,2.3792043,0.00004,-1,-1,-1,0,0,0,136,1,1,0,0.0000000,0.0000000,0.0000000,0,0,0,0
756902988969583 D 1686,2314812339,1000,1551,1551,2.3792043,0.00004,-1,-1,-1,0,0,0,136,1,1,0,0.0000000,0.0000000,0.0000000,0,0,0,0
756902989790875 D 1687,2314813339,1000,1551,1551,2.3792043,0.00004,-1,-1,-1,0,0,0,136,1,1,0,0.0000000,0.0000000,0.0000000,0,0,0,0
756902990707208 D 1688,2314814339,1000,1551,1551,2.3792043,0.00004,-1,-1,-1,0,0,0,136,1,1,0,0.0000000,0.0000000,0.0000000,0,0,0,0
756902991677500 D 1689,2314815339,1000,1551,1551,2.3792043,0.00004,-1,-1,-1,0,0,0,136,1,1,0,0.0000000,0.0000000,0.0000000,0,0,0,0
756902992708416 D 1690,2314816339,1000,1551,1551,2.3792043,0.00003,-1,-1,-1,0,0,0,136,1,1,0,0.0000000,0.0000000,0.0000000,0,0,0,0
756902993713125 D 1691,2314817339,1000,1551,1551,2.3792043,0.00003,-1,-1,-1,0,0,0,136,1,1,0,0.0000000,0.0000000,0.0000000,0,0,0,0
756902994678416 D 1692,2314818339,1000,1551,1551,2.3792043,0.00003,-1,-1,-1,0,0,0,136,1,1,0,0.0000000,0.0000000,0.0000000,0,0,0,0
756902995682375 D 1693,2314819339,1000,1551,1551,2.3792043,0.00003,-1,-1,-1,0,0,0,136,1,1,0,0.0000000,0.0000000,0.0000000,0,0,0,0
756902996669375 D 1694,2314820339,1000,1551,1551,2.3792043,0.00003,-1,-1,-1,0,0,0,136,1,1,0,0.0000000,0.0000000,0.0000000,0,0,0,0
756902997669375 D 1695,2314821339,1000,1551,1551,2.3792043,0.00003,-1,-1,-1,0,0,0,136,1,1,0,0.0000000,0.0000000,0.0000000,0,0,0,0
756902998743625 D 1696,2314822339,1000,1551,1551,2.3792043,0.00003,-1,-1,-1,0,0,0,136,1,1,0,0.0000000,0.0000000,0.0000000,0,0,0,0
756902999733250 D 1697,2314823339,1000,1551,1551,2.3792043,0.00003,-1,-1,-1,0,0,0,136,1,1,0,0.0000000,0.0000000,0.0000000,0,0,0,0
756903000714291 D 1698,2314824339,1000,1551,1551,2.3792043,0.00002,-1,-1,-1,0,0,0,136,1,1,0,0.0000000,0.0000000,0.0000000,0,0,0,0
756903001686166 D 1699,2314825339,1000,1551,1551,2.3792043,0.00002,-1,-1,-1,0,0,0,136,1,1,0,0.0000000,0.0000000,0.0000000,0,0,0,0
756903002713625 D 1700,2314826339,1000,1551,1551,2.3792043,0.00002,-1,-1,-1,0,0,0,136,1,1,0,0.0000000,0.0000000,0.0000000,0,0,0,0
756903003719000 D 1701,2314827339,1000,1551,1551,2.3792043,0.00002,-1,-1,-1,0,0,0,136,1,1,0,0.0000000,0.0000000,0.0000000,0,0,0,0
756903004709500 D 1702,2314828339,1000,1551,1551,2.3792043,0.00002,-1,-1,-1,0,0,0,136,1,1,0,0.0000000,0.0000000,0.0000000,0,0,0,0
756903005700958 D 1703,2314829339,1000,1551,1551,2.3792043,0.00002,-1,-1,-1,0,0,0,136,1,1,0,0.0000000,0.0000000,0.0000000,0,0,0,0
756903006676708 D 1704,2314830339,1000,1551,1551,2.3792043,0.00002,-1,-1,-1,0,0,0,136,1,1,0,0.0000000,0.0000000,0.0000000,0,0,0,0
756903007666958 D 1705,2314831339,1000,1551,1551,2.3792043,0.00002,-1,-1,-1,0,0,0,136,1,1,0,0.0000000,0.0000000,0.0000000,0,0,0,0
756903008687041 D 1706,2314832339,1000,1551,1551,2.3792043,0.00002,-1,-1,-1,0,0,0,136,1,1,0,0.0000000,0.0000000,0.0000000,0,0,0,0
756903009675750 D 1707,2314833339,1000,1551,1551,2.3792043,0.00002,-1,-1,-1,0,0,0,136,1,1,0,0.0000000,0.0000000,0.0000000,0,0,0,0
756903010687416 D 1708,2314834339,1000,1551,1551,2.3792043,0.00002,-1,-1,-1,0,0,0,136,1,1,0,0.0000000,0.0000000,0.0000000,0,0,0,0
756903011704625 D 1709,2314835339,1000,1551,1551,2.3792043,0.00002,-1,-1,-1,0,0,0,136,1,1,0,0.0000000,0.0000000,0.0000000,0,0,0,0
756903012679458 D 1710,2314836339,1000,1551,1551,2.3792043,0.00002,-1,-1,-1,0,0,0,136,1,1,0,0.0000000,0.0000000,0.0000000,0,0,0,0
756903013693666 D 1711,2314837339,1000,1551,1551,2.3792043,0.00001,-1,-1,-1,0,0,0,136,1,1,0,0.0000000,0.0000000,0.0000000,0,0,0,0
756903014719291 D 1712,2314838339,1000,1551,1551,2.3792043,0.00001,-1,-1,-1,0,0,0,136,1,1,0,0.0000000,0.0000000,0.0000000,0,0,0,0
756903015661500 D 1713,2314839339,1000,1551,1551,2.3792043,0.00001,-1,-1,-1,0,0,0,136,1,1,0,0.0000000,0.0000000,0.0000000,0,0,0,0
756903016895958 D 1714,2314840339,1000,1551,1551,2.3792043,0.00001,-1,-1,-1,0,0,0,136,1,1,0,0.0000000,0.0000000,0.0000000,0,0,0,0
756903017885833 D 1715,2314841339,1000,1551,1551,2.3792043,0.00001,-1,-1,-1,0,0,0,136,1,1,0,0.0000000,0.0000000,0.0000000,0,0,0,0
756903018921500 D 1716,2314842339,1000,1550,1550,2.3776703,-0.06014,-1,-1,-1,0,0,0,136,1,1,0,0.0000000,0.0000000,0.0000000,0,0,0,0
756903019731333 D 1717,2314843339,1000,1551,1551,2.3792043,0.00237,-1,-1,-1,0,0,0,136,1,1,0,0.0000000,0.0000000,0.0000000,0,0,0,0
756903020714375 D 1718,2314844339,1000,1551,1551,2.3792043,0.00228,-1,-1,-1,0,0,0,136,1,1,0,0.0000000,0.0000000,0.0000000,0,0,0,0
756903021664541 D 1719,2314845339,1000,1551,1551,2.3792043,0.00219,-1,-1,-1,0,0,0,136,1,1,0,0.0000000,0.0000000,0.0000000,0,0,0,0
756903022663416 D 1720,2314846339,1000,1551,1551,2.3792043,0.00210,-1,-1,-1,0,0,0,136,1,1,0,0.0000000,0.0000000,0.0000000,0,0,0,0
756903023699666 D 1721,2314847339,1000,1551,1551,2.3792043,0.00202,-1,-1,-1,0,0,0,136,1,1,0,0.0000000,0.0000000,0.0000000,0,0,0,0
756903024701875 D 1722,2314848339,1000,1551,1551,2.3792043,0.00194,-1,-1,-1,0,0,0,136,1,1,0,0.0000000,0.0000000,0.0000000,0,0,0,0
756903025686666 D 1723,2314849339,1000,1551,1551,2.3792043,0.00186,-1,-1,-1,0,0,0,136,1,1,0,0.0000000,0.0000000,0.0000000,0,0,0,0
756903026684375 D 1724,2314850339,1000,1551,1551,2.3792043,0.00179,-1,-1,-1,0,0,0,136,1,1,0,0.0000000,0.0000000,0.0000000,0,0,0,0
756903027677166 D 1725,2314851339,1000,1551,1551,2.3792043,0.00172,-1,-1,-1,0,0,0,136,1,1,0,0.0000000,0.0000000,0.0000000,0,0,0,0
756903029118875 D 1726,2314852339,1000,1551,1551,2.3792043,0.00165,39,128,2054,0,0,0,136,1,1,0,0.0000000,0.0000000,0.0000000,0,0,0,0
756903029725666 D 1727,2314853339,1000,1551,1551,2.3792043,0.00159,-1,-1,-1,0,0,0,136,1,1,0,0.0000000,0.0000000,0.0000000,0,0,0,0
756903030678833 D 1728,2314854339,1000,1551,1551,2.3792043,0.00153,-1,-1,-1,0,0,0,136,1,1,0,0.0000000,0.0000000,0.0000000,0,0,0,0
756903031666125 D 1729,2314855339,1000,1551,1551,2.3792043,0.00147,-1,-1,-1,0,0,0,136,1,1,0,0.0000000,0.0000000,0.0000000,0,0,0,0
756903032656416 D 1730,2314856339,1000,1551,1551,2.3792043,0.00141,-1,-1,-1,0,0,0,136,1,1,0,0.0000000,0.0000000,0.0000000,0,0,0,0
756903033661416 D 1731,2314857339,1000,1551,1551,2.3792043,0.00135,-1,-1,-1,0,0,0,136,1,1,0,0.0000000,0.0000000,0.0000000,0,0,0,0
756903034673291 D 1732,2314858339,1000,1551,1551,2.3792043,0.00130,-1,-1,-1,0,0,0,136,1,1,0,0.0000000,0.0000000,0.0000000,0,0,0,0
756903035691125 D 1733,2314859339,1000,1551,1551,2.3792043,0.00125,-1,-1,-1,0,0,0,136,1,1,0,0.0000000,0.0000000,0.0000000,0,0,0,0
756903036674375 D 1734,2314860339,1000,1551,1551,2.3792043,0.00120,-1,-1,-1,0,0,0,136,1,1,0,0.0000000,0.0000000,0.0000000,0,0,0,0
756903037693750 D 1735,2314861339,1000,1551,1551,2.3792043,0.00115,-1,-1,-1,0,0,0,136,1,1,0,0.0000000,0.0000000,0.0000000,0,0,0,0
756903038716375 D 1736,2314862339,1000,1551,1551,2.3792043,0.00111,-1,-1,-1,0,0,0,136,1,1,0,0.0000000,0.0000000,0.0000000,0,0,0,0
756903039669666 D 1737,2314863339,1000,1551,1551,2.3792043,0.00106,-1,-1,-1,0,0,0,136,1,1,0,0.0000000,0.0000000,0.0000000,0,0,0,0
756903040661250 D 1738,2314864339,1000,1551,1551,2.3792043,0.00102,-1,-1,-1,0,0,0,136,1,1,0,0.0000000,0.0000000,0.0000000,0,0,0,0
756903041670875 D 1739,2314865339,1000,1551,1551,2.3792043,0.00098,-1,-1,-1,0,0,0,136,1,1,0,0.0000000,0.0000000,0.0000000,0,0,0,0
756903042671666 D 1740,2314866339,1000,1551,1551,2.3792043,0.00094,-1,-1,-1,0,0,0,136,1,1,0,0.0000000,0.0000000,0.0000000,0,0,0,0
756903043654666 D 1741,2314867339,1000,1551,1551,2.3792043,0.00091,-1,-1,-1,0,0,0,136,1,1,0,0.0000000,0.0000000,0.0000000,0,0,0,0
756903044661375 D 1742,2314868339,1000,1551,1551,2.3792043,0.00087,-1,-1,-1,0,0,0,136,1,1,0,0.0000000,0.0000000,0.0000000,0,0,0,0
756903045687500 D 1743,2314869339,1000,1551,1551,2.3792043,0.00084,-1,-1,-1,0,0,0,136,1,1,0,0.0000000,0.0000000,0.0000000,0,0,0,0
756903046683333 D 1744,2314870339,1000,1551,1551,2.3792043,0.00080,-1,-1,-1,0,0,0,136,1,1,0,0.0000000,0.0000000,0.0000000,0,0,0,0
756903047667166 D 1745,2314871339,1000,1551,1551,2.3792043,0.00077,-1,-1,-1,0,0,0,136,1,1,0,0.0000000,0.0000000,0.0000000,0,0,0,0
756903048883666 D 1746,2314872339,1000,1550,1550,2.3776703,-0.05941,-1,-1,-1,0,0,0,136,1,1,0,0.0000000,0.0000000,0.0000000,0,0,0,0
756903049880708 D 1747,2314873339,1000,1551,1551,2.3792043,0.00307,-1,-1,-1,0,0,0,136,1,1,0,0.0000000,0.0000000,0.0000000,0,0,0,0
756903050819375 D 1748,2314874339,1000,1551,1551,2.3792043,0.00295,-1,-1,-1,0,0,0,136,1,1,0,0.0000000,0.0000000,0.0000000,0,0,0,0
756903051690541 D 1749,2314875339,1000,1551,1551,2.3792043,0.00284,-1,-1,-1,0,0,0,136,1,1,0,0.0000000,0.0000000,0.0000000,0,0,0,0
756903052669416 D 1750,2314876339,1000,1551,1551,2.3792043,0.00272,-1,-1,-1,0,0,0,136,1,1,0,0.0000000,0.0000000,0.0000000,0,0,0,0
756903053644291 D 1751,2314877339,1000,1551,1551,2.3792043,0.00262,-1,-1,-1,0,0,0,136,1,1,0,0.0000000,0.0000000,0.0000000,0,0,0,0
756903054663625 D 1752,2314878339,1000,1551,1551,2.3792043,0.00252,-1,-1,-1,0,0,0,136,1,1,0,0.0000000,0.0000000,0.0000000,0,0,0,0
756903055654541 D 1753,2314879339,1000,1551,1551,2.3792043,0.00242,-1,-1,-1,0,0,0,136,1,1,0,0.0000000,0.0000000,0.0000000,0,0,0,0
756903056868708 D 1754,2314880339,1000,1551,1551,2.3792043,0.00232,-1,-1,-1,0,0,0,136,1,1,0,0.0000000,0.0000000,0.0000000,0,0,0,0
756903057892333 D 1755,2314881339,1000,1551,1551,2.3792043,0.00223,-1,-1,-1,0,0,0,136,1,1,0,0.0000000,0.0000000,0.0000000,0,0,0,0
756903058881291 D 1756,2314882339,1000,1551,1551,2.3792043,0.00214,-1,-1,-1,0,0,0,136,1,1,0,0.0000000,0.0000000,0.0000000,0,0,0,0
756903059887000 D 1757,2314883339,1000,1551,1551,2.3792043,0.00206,-1,-1,-1,0,0,0,136,1,1,0,0.0000000,0.0000000,0.0000000,0,0,0,0
756903060759041 D 1758,2314884339,1000,1551,1551,2.3792043,0.00198,-1,-1,-1,0,0,0,135,1,1,0,0.0000000,0.0000000,0.0000000,0,0,0,0
756903061668916 D 1759,2314885339,1000,1551,1551,2.3792043,0.00190,-1,-1,-1,0,0,0,136,1,1,0,0.0000000,0.0000000,0.0000000,0,0,0,0
756903062678333 D 1760,2314886339,1000,1551,1551,2.3792043,0.00183,-1,-1,-1,0,0,0,136,1,1,0,0.0000000,0.0000000,0.0000000,0,0,0,0
756903063682416 D 1761,2314887339,1000,1551,1551,2.3792043,0.00175,-1,-1,-1,0,0,0,136,1,1,0,0.0000000,0.0000000,0.0000000,0,0,0,0
756903064764458 D 1762,2314888339,1000,1550,1550,2.3776703,-0.05846,-1,-1,-1,0,0,0,136,1,1,0,0.0000000,0.0000000,0.0000000,0,0,0,0
756903065764458 D 1763,2314889339,1000,1551,1551,2.3792043,0.00398,-1,-1,-1,0,0,0,136,1,1,0,0.0000000,0.0000000,0.0000000,0,0,0,0
756903066695458 D 1764,2314890339,1000,1551,1551,2.3792043,0.00382,-1,-1,-1,0,0,0,136,1,1,0,0.0000000,0.0000000,0.0000000,0,0,0,0
756903067703833 D 1765,2314891339,1000,1551,1551,2.3792043,0.00367,-1,-1,-1,0,0,0,135,1,1,0,0.0000000,0.0000000,0.0000000,0,0,0,0
756903068679875 D 1766,2314892339,1000,1551,1551,2.3792043,0.00353,-1,-1,-1,0,0,0,136,1,1,0,0.0000000,0.0000000,0.0000000,0,0,0,0
756903069673583 D 1767,2314893339,1000,1551,1551,2.3792043,0.00339,-1,-1,-1,0,0,0,136,1,1,0,0.0000000,0.0000000,0.0000000,0,0,0,0
756903070668083 D 1768,2314894339,1000,1551,1551,2.3792043,0.00326,-1,-1,-1,0,0,0,136,1,1,0,0.0000000,0.0000000,0.0000000,0,0,0,0
756903071664958 D 1769,2314895339,1000,1551,1551,2.3792043,0.00313,-1,-1,-1,0,0,0,136,1,1,0,0.0000000,0.0000000,0.0000000,0,0,0,0
756903072725291 D 1770,2314896339,1000,1551,1551,2.3792043,0.00301,-1,-1,-1,0,0,0,136,1,1,0,0.0000000,0.0000000,0.0000000,0,0,0,0
756903073697000 D 1771,2314897339,1000,1551,1551,2.3792043,0.00289,-1,-1,-1,0,0,0,136,1,1,0,0.0000000,0.0000000,0.0000000,0,0,0,0
756903074670000 D 1772,2314898339,1000,1551,1551,2.3792043,0.00278,-1,-1,-1,0,0,0,136,1,1,0,0.0000000,0.0000000,0.0000000,0,0,0,0
756903075665000 D 1773,2314899339,1000,1551,1551,2.3792043,0.00267,-1,-1,-1,0,0,0,136,1,1,0,0.0000000,0.0000000,0.0000000,0,0,0,0
756903076665625 D 1774,2314900339,1000,1551,1551,2.3792043,0.00256,-1,-1,-1,0,0,0,136,1,1,0,0.0000000,0.0000000,0.0000000,0,0,0,0
756903077665750 D 1775,2314901339,1000,1551,1551,2.3792043,0.00246,-1,-1,-1,0,0,0,136,1,1,0,0.0000000,0.0000000,0.0000000,0,0,0,0
756903079347833 D 1776,2314902339,1000,1551,1551,2.3792043,0.00237,39,128,2054,0,0,0,136,1,1,0,0.0000000,0.0000000,0.0000000,0,0,0,0
756903080187166 D 1777,2314903339,1000,1551,1551,2.3792043,0.00227,-1,-1,-1,0,0,0,136,1,1,0,0.0000000,0.0000000,0.0000000,0,0,0,0
756903081039500 D 1778,2314904339,1000,1551,1551,2.3792043,0.00218,-1,-1,-1,0,0,0,136,1,1,0,0.0000000,0.0000000,0.0000000,0,0,0,0
756903081896125 D 1779,2314905339,1000,1551,1551,2.3792043,0.00210,-1,-1,-1,0,0,0,136,1,1,0,0.0000000,0.0000000,0.0000000,0,0,0,0
756903082718041 D 1780,2314906339,1000,1551,1551,2.3792043,0.00202,-1,-1,-1,0,0,0,136,1,1,0,0.0000000,0.0000000,0.0000000,0,0,0,0
756903083674958 D 1781,2314907339,1000,1551,1551,2.3792043,0.00194,-1,-1,-1,0,0,0,136,1,1,0,0.0000000,0.0000000,0.0000000,0,0,0,0
756903084667666 D 1782,2314908339,1000,1551,1551,2.3792043,0.00186,-1,-1,-1,0,0,0,136,1,1,0,0.0000000,0.0000000,0.0000000,0,0,0,0
756903085663708 D 1783,2314909339,1000,1551,1551,2.3792043,0.00179,-1,-1,-1,0,0,0,136,1,1,0,0.0000000,0.0000000,0.0000000,0,0,0,0
756903086669083 D 1784,2314910339,1000,1551,1551,2.3792043,0.00172,-1,-1,-1,0,0,0,136,1,1,0,0.0000000,0.0000000,0.0000000,0,0,0,0
756903087658041 D 1785,2314911339,1000,1551,1551,2.3792043,0.00165,-1,-1,-1,0,0,0,136,1,1,0,0.0000000,0.0000000,0.0000000,0,0,0,0
756903088677750 D 1786,2314912339,1000,1551,1551,2.3792043,0.00159,-1,-1,-1,0,0,0,136,1,1,0,0.0000000,0.0000000,0.0000000,0,0,0,0
756903089715958 D 1787,2314913339,1000,1551,1551,2.3792043,0.00152,-1,-1,-1,0,0,0,136,1,1,0,0.0000000,0.0000000,0.0000000,0,0,0,0
756903090961666 D 1788,2314914339,1000,1551,1551,2.3792043,0.00146,-1,-1,-1,0,0,0,136,1,1,0,0.0000000,0.0000000,0.0000000,0,0,0,0
756903091894250 D 1789,2314915339,1000,1551,1551,2.3792043,0.00141,-1,-1,-1,0,0,0,136,1,1,0,0.0000000,0.0000000,0.0000000,0,0,0,0
756903092713625 D 1790,2314916339,1000,1551,1551,2.3792043,0.00135,-1,-1,-1,0,0,0,136,1,1,0,0.0000000,0.0000000,0.0000000,0,0,0,0
756903093715041 D 1791,2314917339,1000,1551,1551,2.3792043,0.00130,-1,-1,-1,0,0,0,136,1,1,0,0.0000000,0.0000000,0.0000000,0,0,0,0
756903094689500 D 1792,2314918339,1000,1551,1551,2.3792043,0.00125,-1,-1,-1,0,0,0,136,1,1,0,0.0000000,0.0000000,0.0000000,0,0,0,0
756903095681250 D 1793,2314919339,1000,1551,1551,2.3792043,0.00120,-1,-1,-1,0,0,0,136,1,1,0,0.0000000,0.0000000,0.0000000,0,0,0,0
756903096689458 D 1794,2314920339,1000,1550,1550,2.3776703,-0.05900,-1,-1,-1,0,0,0,136,1,1,0,0.0000000,0.0000000,0.0000000,0,0,0,0
756903097680083 D 1795,2314921339,1000,1551,1551,2.3792043,0.00346,-1,-1,-1,0,0,0,136,1,1,0,0.0000000,0.0000000,0.0000000,0,0,0,0
756903098692833 D 1796,2314922339,1000,1551,1551,2.3792043,0.00333,-1,-1,-1,0,0,0,136,1,1,0,0.0000000,0.0000000,0.0000000,0,0,0,0
756903099703291 D 1797,2314923339,1000,1551,1551,2.3792043,0.00320,-1,-1,-1,0,0,0,136,1,1,0,0.0000000,0.0000000,0.0000000,0,0,0,0
756903100678333 D 1798,2314924339,1000,1551,1551,2.3792043,0.00307,-1,-1,-1,0,0,0,136,1,1,0,0.0000000,0.0000000,0.0000000,0,0,0,0
756903101675291 D 1799,2314925339,1000,1551,1551,2.3792043,0.00295,-1,-1,-1,0,0,0,136,1,1,0,0.0000000,0.0000000,0.0000000,0,0,0,0
756903102673916 D 1800,2314926339,1000,1551,1551,2.3792043,0.00284,-1,-1,-1,0,0,0,136,1,1,0,0.0000000,0.0000000,0.0000000,0,0,0,0
756903103678083 D 1801,2314927339,1000,1551,1551,2.3792043,0.00273,-1,-1,-1,0,0,0,136,1,1,0,0.0000000,0.0000000,0.0000000,0,0,0,0
756903104673458 D 1802,2314928339,1000,1551,1551,2.3792043,0.00262,-1,-1,-1,0,0,0,136,1,1,0,0.0000000,0.0000000,0.0000000,0,0,0,0
756903105668791 D 1803,2314929339,1000,1551,1551,2.3792043,0.00252,-1,-1,-1,0,0,0,136,1,1,0,0.0000000,0.0000000,0.0000000,0,0,0,0
756903106676875 D 1804,2314930339,1000,1551,1551,2.3792043,0.00242,-1,-1,-1,0,0,0,136,1,1,0,0.0000000,0.0000000,0.0000000,0,0,0,0
756903107794833 D 1805,2314931339,1000,1551,1551,2.3792043,0.00232,-1,-1,-1,0,0,0,136,1,1,0,0.0000000,0.0000000,0.0000000,0,0,0,0
756903108685000 D 1806,2314932339,1000,1551,1551,2.3792043,0.00223,-1,-1,-1,0,0,0,136,1,1,0,0.0000000,0.0000000,0.0000000,0,0,0,0
756903109679083 D 1807,2314933339,1000,1551,1551,2.3792043,0.00214,-1,-1,-1,0,0,0,136,1,1,0,0.0000000,0.0000000,0.0000000,0,0,0,0
756903110682125 D 1808,2314934339,1000,1551,1551,2.3792043,0.00206,-1,-1,-1,0,0,0,136,1,1,0,0.0000000,0.0000000,0.0000000,0,0,0,0
756903111685916 D 1809,2314935339,1000,1551,1551,2.3792043,0.00198,-1,-1,-1,0,0,0,136,1,1,0,0.0000000,0.0000000,0.0000000,0,0,0,0
756903112809791 D 1810,2314936339,1000,1551,1551,2.3792043,0.00190,-1,-1,-1,0,0,0,136,1,1,0,0.0000000,0.0000000,0.0000000,0,0,0,0
756903113745791 D 1811,2314937339,1000,1551,1551,2.3792043,0.00183,-1,-1,-1,0,0,0,136,1,1,0,0.0000000,0.0000000,0.0000000,0,0,0,0
756903114792291 D 1812,2314938339,1000,1551,1551,2.3792043,0.00176,-1,-1,-1,0,0,0,136,1,1,0,0.0000000,0.0000000,0.0000000,0,0,0,0
756903115696250 D 1813,2314939339,1000,1551,1551,2.3792043,0.00169,-1,-1,-1,0,0,0,136,1,1,0,0.0000000,0.0000000,0.0000000,0,0,0,0
756903116692875 D 1814,2314940339,1000,1551,1551,2.3792043,0.00162,-1,-1,-1,0,0,0,136,1,1,0,0.0000000,0.0000000,0.0000000,0,0,0,0
756903117684000 D 1815,2314941339,1000,1551,1551,2.3792043,0.00156,-1,-1,-1,0,0,0,136,1,1,0,0.0000000,0.0000000,0.0000000,0,0,0,0
756903118754875 D 1816,2314942339,1000,1551,1551,2.3792043,0.00150,-1,-1,-1,0,0,0,136,1,1,0,0.0000000,0.0000000,0.0000000,0,0,0,0
756903119727250 D 1817,2314943339,1000,1551,1551,2.3792043,0.00144,-1,-1,-1,0,0,0,136,1,1,0,0.0000000,0.0000000,0.0000000,0,0,0,0
756903120679875 D 1818,2314944339,1000,1551,1551,2.3792043,0.00138,-1,-1,-1,0,0,0,136,1,1,0,0.0000000,0.0000000,0.0000000,0,0,0,0
756903121680000 D 1819,2314945339,1000,1551,1551,2.3792043,0.00133,-1,-1,-1,0,0,0,136,1,1,0,0.0000000,0.0000000,0.0000000,0,0,0,0
756903122673083 D 1820,2314946339,1000,1551,1551,2.3792043,0.00127,-1,-1,-1,0,0,0,136,1,1,0,0.0000000,0.0000000,0.0000000,0,0,0,0
756903123679208 D 1821,2314947339,1000,1551,1551,2.3792043,0.00122,-1,-1,-1,0,0,0,136,1,1,0,0.0000000,0.0000000,0.0000000,0,0,0,0
756903124684875 D 1822,2314948339,1000,1551,1551,2.3792043,0.00118,-1,-1,-1,0,0,0,136,1,1,0,0.0000000,0.0000000,0.0000000,0,0,0,0
756903125675125 D 1823,2314949339,1000,1551,1551,2.3792043,0.00113,-1,-1,-1,0,0,0,136,1,1,0,0.0000000,0.0000000,0.0000000,0,0,0,0
756903126680708 D 1824,2314950339,1000,1551,1551,2.3792043,0.00109,-1,-1,-1,0,0,0,136,1,1,0,0.0000000,0.0000000,0.0000000,0,0,0,0
756903127679125 D 1825,2314951339,1000,1551,1551,2.3792043,0.00104,-1,-1,-1,0,0,0,136,1,1,0,0.0000000,0.0000000,0.0000000,0,0,0,0
756903129138291 D 1826,2314952339,1000,1551,1551,2.3792043,0.00100,39,128,2054,0,0,0,136,1,1,0,0.0000000,0.0000000,0.0000000,0,0,0,0
756903129764416 D 1827,2314953339,1000,1551,1551,2.3792043,0.00096,-1,-1,-1,0,0,0,136,1,1,0,0.0000000,0.0000000,0.0000000,0,0,0,0
756903130681791 D 1828,2314954339,1000,1551,1551,2.3792043,0.00093,-1,-1,-1,0,0,0,136,1,1,0,0.0000000,0.0000000,0.0000000,0,0,0,0
756903131686000 D 1829,2314955339,1000,1551,1551,2.3792043,0.00089,-1,-1,-1,0,0,0,136,1,1,0,0.0000000,0.0000000,0.0000000,0,0,0,0
756903132664166 D 1830,2314956339,1000,1551,1551,2.3792043,0.00085,-1,-1,-1,0,0,0,136,1,1,0,0.0000000,0.0000000,0.0000000,0,0,0,0
756903133671416 D 1831,2314957339,1000,1551,1551,2.3792043,0.00082,-1,-1,-1,0,0,0,136,1,1,0,0.0000000,0.0000000,0.0000000,0,0,0,0
756903134669666 D 1832,2314958339,1000,1551,1551,2.3792043,0.00079,-1,-1,-1,0,0,0,136,1,1,0,0.0000000,0.0000000,0.0000000,0,0,0,0
756903135673291 D 1833,2314959339,1000,1551,1551,2.3792043,0.00076,-1,-1,-1,0,0,0,136,1,1,0,0.0000000,0.0000000,0.0000000,0,0,0,0
756903136670333 D 1834,2314960339,1000,1551,1551,2.3792043,0.00073,-1,-1,-1,0,0,0,136,1,1,0,0.0000000,0.0000000,0.0000000,0,0,0,0
756903137664916 D 1835,2314961339,1000,1551,1551,2.3792043,0.00070,-1,-1,-1,0,0,0,136,1,1,0,0.0000000,0.0000000,0.0000000,0,0,0,0
756903138667208 D 1836,2314962339,1000,1551,1551,2.3792043,0.00067,-1,-1,-1,0,0,0,136,1,1,0,0.0000000,0.0000000,0.0000000,0,0,0,0
756903139669166 D 1837,2314963339,1000,1551,1551,2.3792043,0.00065,-1,-1,-1,0,0,0,136,1,1,0,0.0000000,0.0000000,0.0000000,0,0,0,0
756903140659666 D 1838,2314964339,1000,1551,1551,2.3792043,0.00062,-1,-1,-1,0,0,0,136,1,1,0,0.0000000,0.0000000,0.0000000,0,0,0,0
756903141661625 D 1839,2314965339,1000,1551,1551,2.3792043,0.00060,-1,-1,-1,0,0,0,136,1,1,0,0.0000000,0.0000000,0.0000000,0,0,0,0
756903142659833 D 1840,2314966339,1000,1551,1551,2.3792043,0.00057,-1,-1,-1,0,0,0,136,1,1,0,0.0000000,0.0000000,0.0000000,0,0,0,0
756903143651833 D 1841,2314967339,1000,1551,1551,2.3792043,0.00055,-1,-1,-1,0,0,0,136,1,1,0,0.0000000,0.0000000,0.0000000,0,0,0,0
756903144664875 D 1842,2314968339,1000,1551,1551,2.3792043,0.00053,-1,-1,-1,0,0,0,136,1,1,0,0.0000000,0.0000000,0.0000000,0,0,0,0
756903145680000 D 1843,2314969339,1000,1551,1551,2.3792043,0.00051,-1,-1,-1,0,0,0,136,1,1,0,0.0000000,0.0000000,0.0000000,0,0,0,0
756903146890083 D 1844,2314970339,1000,1551,1551,2.3792043,0.00049,-1,-1,-1,0,0,0,136,1,1,0,0.0000000,0.0000000,0.0000000,0,0,0,0
756903147886666 D 1845,2314971339,1000,1551,1551,2.3792043,0.00047,-1,-1,-1,0,0,0,136,1,1,0,0.0000000,0.0000000,0.0000000,0,0,0,0
756903148885458 D 1846,2314972339,1000,1551,1551,2.3792043,0.00045,-1,-1,-1,0,0,0,136,1,1,0,0.0000000,0.0000000,0.0000000,0,0,0,0
756903149703750 D 1847,2314973339,1000,1551,1551,2.3792043,0.00043,-1,-1,-1,0,0,0,136,1,1,0,0.0000000,0.0000000,0.0000000,0,0,0,0
756903150663833 D 1848,2314974339,1000,1551,1551,2.3792043,0.00042,-1,-1,-1,0,0,0,136,1,1,0,0.0000000,0.0000000,0.0000000,0,0,0,0
756903151676666 D 1849,2314975339,1000,1551,1551,2.3792043,0.00040,-1,-1,-1,0,0,0,136,1,1,0,0.0000000,0.0000000,0.0000000,0,0,0,0
756903152699166 D 1850,2314976339,1000,1551,1551,2.3792043,0.00038,-1,-1,-1,0,0,0,136,1,1,0,0.0000000,0.0000000,0.0000000,0,0,0,0
756903153676500 D 1851,2314977339,1000,1551,1551,2.3792043,0.00037,-1,-1,-1,0,0,0,136,1,1,0,0.0000000,0.0000000,0.0000000,0,0,0,0
756903154670208 D 1852,2314978339,1000,1551,1551,2.3792043,0.00035,-1,-1,-1,0,0,0,136,1,1,0,0.0000000,0.0000000,0.0000000,0,0,0,0
756903155664375 D 1853,2314979339,1000,1551,1551,2.3792043,0.00034,-1,-1,-1,0,0,0,136,1,1,0,0.0000000,0.0000000,0.0000000,0,0,0,0
756903156662791 D 1854,2314980339,1000,1551,1551,2.3792043,0.00033,-1,-1,-1,0,0,0,136,1,1,0,0.0000000,0.0000000,0.0000000,0,0,0,0
756903157649916 D 1855,2314981339,1000,1551,1551,2.3792043,0.00031,-1,-1,-1,0,0,0,136,1,1,0,0.0000000,0.0000000,0.0000000,0,0,0,0
756903158663250 D 1856,2314982339,1000,1551,1551,2.3792043,0.00030,-1,-1,-1,0,0,0,136,1,1,0,0.0000000,0.0000000,0.0000000,0,0,0,0
756903159653750 D 1857,2314983339,1000,1551,1551,2.3792043,0.00029,-1,-1,-1,0,0,0,136,1,1,0,0.0000000,0.0000000,0.0000000,0,0,0,0
756903160657791 D 1858,2314984339,1000,1551,1551,2.3792043,0.00028,-1,-1,-1,0,0,0,136,1,1,0,0.0000000,0.0000000,0.0000000,0,0,0,0
756903161659666 D 1859,2314985339,1000,1551,1551,2.3792043,0.00027,-1,-1,-1,0,0,0,136,1,1,0,0.0000000,0.0000000,0.0000000,0,0,0,0
756903162662208 D 1860,2314986339,1000,1551,1551,2.3792043,0.00026,-1,-1,-1,0,0,0,136,1,1,0,0.0000000,0.0000000,0.0000000,0,0,0,0
756903163654916 D 1861,2314987339,1000,1551,1551,2.3792043,0.00025,-1,-1,-1,0,0,0,136,1,1,0,0.0000000,0.0000000,0.0000000,0,0,0,0
756903164653416 D 1862,2314988339,1000,1551,1551,2.3792043,0.00024,-1,-1,-1,0,0,0,136,1,1,0,0.0000000,0.0000000,0.0000000,0,0,0,0
756903165723166 D 1863,2314989339,1000,1551,1551,2.3792043,0.00023,-1,-1,-1,0,0,0,136,1,1,0,0.0000000,0.0000000,0.0000000,0,0,0,0
756903166949458 D 1864,2314990339,1000,1551,1551,2.3792043,0.00022,-1,-1,-1,0,0,0,136,1,1,0,0.0000000,0.0000000,0.0000000,0,0,0,0
756903167923083 D 1865,2314991339,1000,1551,1551,2.3792043,0.00021,-1,-1,-1,0,0,0,136,1,1,0,0.0000000,0.0000000,0.0000000,0,0,0,0
756903168993250 D 1866,2314992339,1000,1551,1551,2.3792043,0.00020,-1,-1,-1,0,0,0,136,1,1,0,0.0000000,0.0000000,0.0000000,0,0,0,0
756903169692166 D 1867,2314993339,1000,1551,1551,2.3792043,0.00019,-1,-1,-1,0,0,0,136,1,1,0,0.0000000,0.0000000,0.0000000,0,0,0,0
756903170697958 D 1868,2314994339,1000,1551,1551,2.3792043,0.00019,-1,-1,-1,0,0,0,136,1,1,0,0.0000000,0.0000000,0.0000000,0,0,0,0
756903171728083 D 1869,2314995339,1000,1551,1551,2.3792043,0.00018,-1,-1,-1,0,0,0,136,1,1,0,0.0000000,0.0000000,0.0000000,0,0,0,0
756903172693875 D 1870,2314996339,1000,1551,1551,2.3792043,0.00017,-1,-1,-1,0,0,0,136,1,1,0,0.0000000,0.0000000,0.0000000,0,0,0,0
756903173715541 D 1871,2314997339,1000,1551,1551,2.3792043,0.00017,-1,-1,-1,0,0,0,136,1,1,0,0.0000000,0.0000000,0.0000000,0,0,0,0
756903174701041 D 1872,2314998339,1000,1551,1551,2.3792043,0.00016,-1,-1,-1,0,0,0,136,1,1,0,0.0000000,0.0000000,0.0000000,0,0,0,0
756903175689375 D 1873,2314999339,1000,1551,1551,2.3792043,0.00015,-1,-1,-1,0,0,0,136,1,1,0,0.0000000,0.0000000,0.0000000,0,0,0,0
756903176717625 D 1874,2315000339,1000,1551,1551,2.3792043,0.00015,-1,-1,-1,0,0,0,136,1,1,0,0.0000000,0.0000000,0.0000000,0,0,0,0
756903177680083 D 1875,2315001339,1000,1551,1551,2.3792043,0.00014,-1,-1,-1,0,0,0,136,1,1,0,0.0000000,0.0000000,0.0000000,0,0,0,0
756903179159000 D 1876,2315002339,1000,1551,1551,2.3792043,0.00014,39,128,2054,0,0,0,136,1,1,0,0.0000000,0.0000000,0.0000000,0,0,0,0
756903179838791 D 1877,2315003339,1000,1551,1551,2.3792043,0.00013,-1,-1,-1,0,0,0,136,1,1,0,0.0000000,0.0000000,0.0000000,0,0,0,0
756903180686625 D 1878,2315004339,1000,1551,1551,2.3792043,0.00013,-1,-1,-1,0,0,0,136,1,1,0,0.0000000,0.0000000,0.0000000,0,0,0,0
756903181668708 D 1879,2315005339,1000,1551,1551,2.3792043,0.00012,-1,-1,-1,0,0,0,136,1,1,0,0.0000000,0.0000000,0.0000000,0,0,0,0
756903182664875 D 1880,2315006339,1000,1551,1551,2.3792043,0.00012,-1,-1,-1,0,0,0,136,1,1,0,0.0000000,0.0000000,0.0000000,0,0,0,0
756903183661958 D 1881,2315007339,1000,1551,1551,2.3792043,0.00011,-1,-1,-1,0,0,0,136,1,1,0,0.0000000,0.0000000,0.0000000,0,0,0,0
756903184657750 D 1882,2315008339,1000,1551,1551,2.3792043,0.00011,-1,-1,-1,0,0,0,136,1,1,0,0.0000000,0.0000000,0.0000000,0,0,0,0
756903185658875 D 1883,2315009339,1000,1551,1551,2.3792043,0.00010,-1,-1,-1,0,0,0,136,1,1,0,0.0000000,0.0000000,0.0000000,0,0,0,0
756903186671208 D 1884,2315010339,1000,1551,1551,2.3792043,0.00010,-1,-1,-1,0,0,0,136,1,1,0,0.0000000,0.0000000,0.0000000,0,0,0,0
756903187663041 D 1885,2315011339,1000,1551,1551,2.3792043,0.00009,-1,-1,-1,0,0,0,136,1,1,0,0.0000000,0.0000000,0.0000000,0,0,0,0
756903188662375 D 1886,2315012339,1000,1551,1551,2.3792043,0.00009,-1,-1,-1,0,0,0,136,1,1,0,0.0000000,0.0000000,0.0000000,0,0,0,0
756903189658750 D 1887,2315013339,1000,1551,1551,2.3792043,0.00009,-1,-1,-1,0,0,0,136,1,1,0,0.0000000,0.0000000,0.0000000,0,0,0,0
756903190655208 D 1888,2315014339,1000,1551,1551,2.3792043,0.00008,-1,-1,-1,0,0,0,136,1,1,0,0.0000000,0.0000000,0.0000000,0,0,0,0
756903191678416 D 1889,2315015339,1000,1551,1551,2.3792043,0.00008,-1,-1,-1,0,0,0,136,1,1,0,0.0000000,0.0000000,0.0000000,0,0,0,0
756903192700083 D 1890,2315016339,1000,1551,1551,2.3792043,0.00008,-1,-1,-1,0,0,0,136,1,1,0,0.0000000,0.0000000,0.0000000,0,0,0,0
756903193670666 D 1891,2315017339,1000,1551,1551,2.3792043,0.00007,-1,-1,-1,0,0,0,136,1,1,0,0.0000000,0.0000000,0.0000000,0,0,0,0
756903194862666 D 1892,2315018339,1000,1551,1551,2.3792043,0.00007,-1,-1,-1,0,0,0,136,1,1,0,0.0000000,0.0000000,0.0000000,0,0,0,0
756903195719125 D 1893,2315019339,1000,1551,1551,2.3792043,0.00007,-1,-1,-1,0,0,0,136,1,1,0,0.0000000,0.0000000,0.0000000,0,0,0,0
756903196682625 D 1894,2315020339,1000,1551,1551,2.3792043,0.00007,-1,-1,-1,0,0,0,136,1,1,0,0.0000000,0.0000000,0.0000000,0,0,0,0
756903197676125 D 1895,2315021339,1000,1551,1551,2.3792043,0.00006,-1,-1,-1,0,0,0,136,1,1,0,0.0000000,0.0000000,0.0000000,0,0,0,0
756903198895375 D 1896,2315022339,1000,1551,1551,2.3792043,0.00006,-1,-1,-1,0,0,0,136,1,1,0,0.0000000,0.0000000,0.0000000,0,0,0,0
756903199893666 D 1897,2315023339,1000,1551,1551,2.3792043,0.00006,-1,-1,-1,0,0,0,136,1,1,0,0.0000000,0.0000000,0.0000000,0,0,0,0
756903200847958 D 1898,2315024339,1000,1551,1551,2.3792043,0.00006,-1,-1,-1,0,0,0,136,1,1,0,0.0000000,0.0000000,0.0000000,0,0,0,0
756903201738083 D 1899,2315025339,1000,1551,1551,2.3792043,0.00005,-1,-1,-1,0,0,0,136,1,1,0,0.0000000,0.0000000,0.0000000,0,0,0,0
756903202750750 D 1900,2315026339,1000,1551,1551,2.3792043,0.00005,-1,-1,-1,0,0,0,136,1,1,0,0.0000000,0.0000000,0.0000000,0,0,0,0
756903203712458 D 1901,2315027339,1000,1551,1551,2.3792043,0.00005,-1,-1,-1,0,0,0,136,1,1,0,0.0000000,0.0000000,0.0000000,0,0,0,0
756903204678250 D 1902,2315028339,1000,1551,1551,2.3792043,0.00005,-1,-1,-1,0,0,0,136,1,1,0,0.0000000,0.0000000,0.0000000,0,0,0,0
756903205679000 D 1903,2315029339,1000,1551,1551,2.3792043,0.00005,-1,-1,-1,0,0,0,136,1,1,0,0.0000000,0.0000000,0.0000000,0,0,0,0
756903206667166 D 1904,2315030339,1000,1551,1551,2.3792043,0.00004,-1,-1,-1,0,0,0,136,1,1,0,0.0000000,0.0000000,0.0000000,0,0,0,0
756903207675958 D 1905,2315031339,1000,1551,1551,2.3792043,0.00004,-1,-1,-1,0,0,0,136,1,1,0,0.0000000,0.0000000,0.0000000,0,0,0,0
756903208684125 D 1906,2315032339,1000,1551,1551,2.3792043,0.00004,-1,-1,-1,0,0,0,136,1,1,0,0.0000000,0.0000000,0.0000000,0,0,0,0
756903209658500 D 1907,2315033339,1000,1551,1551,2.3792043,0.00004,-1,-1,-1,0,0,0,136,1,1,0,0.0000000,0.0000000,0.0000000,0,0,0,0
756903210672541 D 1908,2315034339,1000,1551,1551,2.3792043,0.00004,-1,-1,-1,0,0,0,136,1,1,0,0.0000000,0.0000000,0.0000000,0,0,0,0
756903211691541 D 1909,2315035339,1000,1551,1551,2.3792043,0.00004,-1,-1,-1,0,0,0,136,1,1,0,0.0000000,0.0000000,0.0000000,0,0,0,0
756903212666208 D 1910,2315036339,1000,1551,1551,2.3792043,0.00003,-1,-1,-1,0,0,0,136,1,1,0,0.0000000,0.0000000,0.0000000,0,0,0,0
756903213661791 D 1911,2315037339,1000,1551,1551,2.3792043,0.00003,-1,-1,-1,0,0,0,136,1,1,0,0.0000000,0.0000000,0.0000000,0,0,0,0
756903214658875 D 1912,2315038339,1000,1551,1551,2.3792043,0.00003,-1,-1,-1,0,0,0,136,1,1,0,0.0000000,0.0000000,0.0000000,0,0,0,0
756903215657000 D 1913,2315039339,1000,1551,1551,2.3792043,0.00003,-1,-1,-1,0,0,0,136,1,1,0,0.0000000,0.0000000,0.0000000,0,0,0,0
756903216665541 D 1914,2315040339,1000,1551,1551,2.3792043,0.00003,-1,-1,-1,0,0,0,136,1,1,0,0.0000000,0.0000000,0.0000000,0,0,0,0
756903217662541 D 1915,2315041339,1000,1552,1552,2.3807383,0.06018,-1,-1,-1,0,0,0,136,1,1,0,0.0000000,0.0000000,0.0000000,0,0,0,0
756903218670875 D 1916,2315042339,1000,1551,1551,2.3792043,-0.00233,-1,-1,-1,0,0,0,136,1,1,0,0.0000000,0.0000000,0.0000000,0,0,0,0
756903219664250 D 1917,2315043339,1000,1551,1551,2.3792043,-0.00224,-1,-1,-1,0,0,0,136,1,1,0,0.0000000,0.0000000,0.0000000,0,0,0,0
756903220664166 D 1918,2315044339,1000,1551,1551,2.3792043,-0.00215,-1,-1,-1,0,0,0,136,1,1,0,0.0000000,0.0000000,0.0000000,0,0,0,0
756903221663875 D 1919,2315045339,1000,1551,1551,2.3792043,-0.00207,-1,-1,-1,0,0,0,136,1,1,0,0.0000000,0.0000000,0.0000000,0,0,0,0
756903222658000 D 1920,2315046339,1000,1551,1551,2.3792043,-0.00199,-1,-1,-1,0,0,0,136,1,1,0,0.0000000,0.0000000,0.0000000,0,0,0,0
756903223918458 D 1921,2315047339,1000,1551,1551,2.3792043,-0.00191,-1,-1,-1,0,0,0,136,1,1,0,0.0000000,0.0000000,0.0000000,0,0,0,0
756903224742583 D 1922,2315048339,1000,1551,1551,2.3792043,-0.00183,-1,-1,-1,0,0,0,136,1,1,0,0.0000000,0.0000000,0.0000000,0,0,0,0
756903225675708 D 1923,2315049339,1000,1551,1551,2.3792043,-0.00176,-1,-1,-1,0,0,0,136,1,1,0,0.0000000,0.0000000,0.0000000,0,0,0,0
756903226660375 D 1924,2315050339,1000,1550,1550,2.3776703,-0.06184,-1,-1,-1,0,0,0,136,1,1,0,0.0000000,0.0000000,0.0000000,0,0,0,0
756903227663291 D 1925,2315051339,1000,1551,1551,2.3792043,0.00073,-1,-1,-1,0,0,0,136,1,1,0,0.0000000,0.0000000,0.0000000,0,0,0,0
756903229187083 D 1926,2315052339,1000,1551,1551,2.3792043,0.00070,39,128,2054,0,0,0,136,1,1,0,0.0000000,0.0000000,0.0000000,0,0,0,0
756903229804625 D 1927,2315053339,1000,1551,1551,2.3792043,0.00068,-1,-1,-1,0,0,0,136,1,1,0,0.0000000,0.0000000,0.0000000,0,0,0,0
756903230695000 D 1928,2315054339,1000,1551,1551,2.3792043,0.00065,-1,-1,-1,0,0,0,136,1,1,0,0.0000000,0.0000000,0.0000000,0,0,0,0
756903231699041 D 1929,2315055339,1000,1551,1551,2.3792043,0.00062,-1,-1,-1,0,0,0,136,1,1,0,0.0000000,0.0000000,0.0000000,0,0,0,0
756903232693833 D 1930,2315056339,1000,1551,1551,2.3792043,0.00060,-1,-1,-1,0,0,0,136,1,1,0,0.0000000,0.0000000,0.0000000,0,0,0,0
756903233693375 D 1931,2315057339,1000,1551,1551,2.3792043,0.00058,-1,-1,-1,0,0,0,136,1,1,0,0.0000000,0.0000000,0.0000000,0,0,0,0
756903234699708 D 1932,2315058339,1000,1551,1551,2.3792043,0.00055,-1,-1,-1,0,0,0,136,1,1,0,0.0000000,0.0000000,0.0000000,0,0,0,0
756903235687500 D 1933,2315059339,1000,1551,1551,2.3792043,0.00053,-1,-1,-1,0,0,0,136,1,1,0,0.0000000,0.0000000,0.0000000,0,0,0,0
756903236666541 D 1934,2315060339,1000,1551,1551,2.3792043,0.00051,-1,-1,-1,0,0,0,136,1,1,0,0.0000000,0.0000000,0.0000000,0,0,0,0
756903237659083 D 1935,2315061339,1000,1551,1551,2.3792043,0.00049,-1,-1,-1,0,0,0,136,1,1,0,0.0000000,0.0000000,0.0000000,0,0,0,0
756903238654583 D 1936,2315062339,1000,1551,1551,2.3792043,0.00047,-1,-1,-1,0,0,0,136,1,1,0,0.0000000,0.0000000,0.0000000,0,0,0,0
756903239679833 D 1937,2315063339,1000,1551,1551,2.3792043,0.00045,-1,-1,-1,0,0,0,136,1,1,0,0.0000000,0.0000000,0.0000000,0,0,0,0
756903240668750 D 1938,2315064339,1000,1551,1551,2.3792043,0.00044,-1,-1,-1,0,0,0,136,1,1,0,0.0000000,0.0000000,0.0000000,0,0,0,0
756903241659750 D 1939,2315065339,1000,1551,1551,2.3792043,0.00042,-1,-1,-1,0,0,0,136,1,1,0,0.0000000,0.0000000,0.0000000,0,0,0,0
756903242671083 D 1940,2315066339,1000,1551,1551,2.3792043,0.00040,-1,-1,-1,0,0,0,136,1,1,0,0.0000000,0.0000000,0.0000000,0,0,0,0
756903243664416 D 1941,2315067339,1000,1551,1551,2.3792043,0.00039,-1,-1,-1,0,0,0,136,1,1,0,0.0000000,0.0000000,0.0000000,0,0,0,0
756903244649458 D 1942,2315068339,1000,1551,1551,2.3792043,0.00037,-1,-1,-1,0,0,0,136,1,1,0,0.0000000,0.0000000,0.0000000,0,0,0,0
756903245652625 D 1943,2315069339,1000,1551,1551,2.3792043,0.00036,-1,-1,-1,0,0,0,136,1,1,0,0.0000000,0.0000000,0.0000000,0,0,0,0
756903246652958 D 1944,2315070339,1000,1551,1551,2.3792043,0.00034,-1,-1,-1,0,0,0,136,1,1,0,0.0000000,0.0000000,0.0000000,0,0,0,0
756903247675833 D 1945,2315071339,1000,1551,1551,2.3792043,0.00033,-1,-1,-1,0,0,0,136,1,1,0,0.0000000,0.0000000,0.0000000,0,0,0,0
756903248662791 D 1946,2315072339,1000,1551,1551,2.3792043,0.00032,-1,-1,-1,0,0,0,136,1,1,0,0.0000000,0.0000000,0.0000000,0,0,0,0
756903249667041 D 1947,2315073339,1000,1551,1551,2.3792043,0.00030,-1,-1,-1,0,0,0,136,1,1,0,0.0000000,0.0000000,0.0000000,0,0,0,0
756903250662750 D 1948,2315074339,1000,1551,1551,2.3792043,0.00029,-1,-1,-1,0,0,0,136,1,1,0,0.0000000,0.0000000,0.0000000,0,0,0,0
756903251898208 D 1949,2315075339,1000,1551,1551,2.3792043,0.00028,-1,-1,-1,0,0,0,136,1,1,0,0.0000000,0.0000000,0.0000000,0,0,0,0
756903252882625 D 1950,2315076339,1000,1551,1551,2.3792043,0.00027,-1,-1,-1,0,0,0,136,1,1,0,0.0000000,0.0000000,0.0000000,0,0,0,0
756903253870958 D 1951,2315077339,1000,1551,1551,2.3792043,0.00026,-1,-1,-1,0,0,0,136,1,1,0,0.0000000,0.0000000,0.0000000,0,0,0,0
756903254668291 D 1952,2315078339,1000,1551,1551,2.3792043,0.00025,-1,-1,-1,0,0,0,136,1,1,0,0.0000000,0.0000000,0.0000000,0,0,0,0
756903255657250 D 1953,2315079339,1000,1551,1551,2.3792043,0.00024,-1,-1,-1,0,0,0,136,1,1,0,0.0000000,0.0000000,0.0000000,0,0,0,0
756903256658625 D 1954,2315080339,1000,1551,1551,2.3792043,0.00023,-1,-1,-1,0,0,0,136,1,1,0,0.0000000,0.0000000,0.0000000,0,0,0,0
756903257660833 D 1955,2315081339,1000,1551,1551,2.3792043,0.00022,-1,-1,-1,0,0,0,136,1,1,0,0.0000000,0.0000000,0.0000000,0,0,0,0
756903258651250 D 1956,2315082339,1000,1551,1551,2.3792043,0.00021,-1,-1,-1,0,0,0,136,1,1,0,0.0000000,0.0000000,0.0000000,0,0,0,0
756903259654541 D 1957,2315083339,1000,1551,1551,2.3792043,0.00020,-1,-1,-1,0,0,0,136,1,1,0,0.0000000,0.0000000,0.0000000,0,0,0,0
756903260655750 D 1958,2315084339,1000,1551,1551,2.3792043,0.00020,-1,-1,-1,0,0,0,136,1,1,0,0.0000000,0.0000000,0.0000000,0,0,0,0
756903261654458 D 1959,2315085339,1000,1551,1551,2.3792043,0.00019,-1,-1,-1,0,0,0,136,1,1,0,0.0000000,0.0000000,0.0000000,0,0,0,0
756903262649791 D 1960,2315086339,1000,1551,1551,2.3792043,0.00018,-1,-1,-1,0,0,0,136,1,1,0,0.0000000,0.0000000,0.0000000,0,0,0,0
756903263659125 D 1961,2315087339,1000,1551,1551,2.3792043,0.00017,-1,-1,-1,0,0,0,136,1,1,0,0.0000000,0.0000000,0.0000000,0,0,0,0
756903264656125 D 1962,2315088339,1000,1551,1551,2.3792043,0.00017,-1,-1,-1,0,0,0,136,1,1,0,0.0000000,0.0000000,0.0000000,0,0,0,0
756903265663625 D 1963,2315089339,1000,1551,1551,2.3792043,0.00016,-1,-1,-1,0,0,0,136,1,1,0,0.0000000,0.0000000,0.0000000,0,0,0,0
756903266711041 D 1964,2315090339,1000,1551,1551,2.3792043,0.00015,-1,-1,-1,0,0,0,136,1,1,0,0.0000000,0.0000000,0.0000000,0,0,0,0
756903267755625 D 1965,2315091339,1000,1551,1551,2.3792043,0.00015,-1,-1,-1,0,0,0,136,1,1,0,0.0000000,0.0000000,0.0000000,0,0,0,0
756903268677333 D 1966,2315092339,1000,1551,1551,2.3792043,0.00014,-1,-1,-1,0,0,0,136,1,1,0,0.0000000,0.0000000,0.0000000,0,0,0,0
756903269671708 D 1967,2315093339,1000,1551,1551,2.3792043,0.00014,-1,-1,-1,0,0,0,136,1,1,0,0.0000000,0.0000000,0.0000000,0,0,0,0
756903270681458 D 1968,2315094339,1000,1551,1551,2.3792043,0.00013,-1,-1,-1,0,0,0,136,1,1,0,0.0000000,0.0000000,0.0000000,0,0,0,0
756903271672916 D 1969,2315095339,1000,1551,1551,2.3792043,0.00013,-1,-1,-1,0,0,0,136,1,1,0,0.0000000,0.0000000,0.0000000,0,0,0,0
756903272678250 D 1970,2315096339,1000,1551,1551,2.3792043,0.00012,-1,-1,-1,0,0,0,136,1,1,0,0.0000000,0.0000000,0.0000000,0,0,0,0
756903273676750 D 1971,2315097339,1000,1551,1551,2.3792043,0.00012,-1,-1,-1,0,0,0,136,1,1,0,0.0000000,0.0000000,0.0000000,0,0,0,0
756903274688500 D 1972,2315098339,1000,1551,1551,2.3792043,0.00011,-1,-1,-1,0,0,0,136,1,1,0,0.0000000,0.0000000,0.0000000,0,0,0,0
756903275702541 D 1973,2315099339,1000,1551,1551,2.3792043,0.00011,-1,-1,-1,0,0,0,136,1,1,0,0.0000000,0.0000000,0.0000000,0,0,0,0
756903276672958 D 1974,2315100339,1000,1551,1551,2.3792043,0.00010,-1,-1,-1,0,0,0,136,1,1,0,0.0000000,0.0000000,0.0000000,0,0,0,0
756903277673375 D 1975,2315101339,1000,1551,1551,2.3792043,0.00010,-1,-1,-1,0,0,0,136,1,1,0,0.0000000,0.0000000,0.0000000,0,0,0,0
756903279121583 D 1976,2315102339,1000,1551,1551,2.3792043,0.00010,39,128,2054,0,0,0,136,1,1,0,0.0000000,0.0000000,0.0000000,0,0,0,0
756903279735041 D 1977,2315103339,1000,1551,1551,2.3792043,0.00009,-1,-1,-1,0,0,0,136,1,1,0,0.0000000,0.0000000,0.0000000,0,0,0,0
756903280686958 D 1978,2315104339,1000,1551,1551,2.3792043,0.00009,-1,-1,-1,0,0,0,136,1,1,0,0.0000000,0.0000000,0.0000000,0,0,0,0
756903281886250 D 1979,2315105339,1000,1551,1551,2.3792043,0.00008,-1,-1,-1,0,0,0,136,1,1,0,0.0000000,0.0000000,0.0000000,0,0,0,0
756903282878625 D 1980,2315106339,1000,1551,1551,2.3792043,0.00008,-1,-1,-1,0,0,0,136,1,1,0,0.0000000,0.0000000,0.0000000,0,0,0,0
756903283875708 D 1981,2315107339,1000,1551,1551,2.3792043,0.00008,-1,-1,-1,0,0,0,136,1,1,0,0.0000000,0.0000000,0.0000000,0,0,0,0
756903284882666 D 1982,2315108339,1000,1551,1551,2.3792043,0.00007,-1,-1,-1,0,0,0,136,1,1,0,0.0000000,0.0000000,0.0000000,0,0,0,0
756903285884041 D 1983,2315109339,1000,1551,1551,2.3792043,0.00007,-1,-1,-1,0,0,0,136,1,1,0,0.0000000,0.0000000,0.0000000,0,0,0,0
756903286903625 D 1984,2315110339,1000,1551,1551,2.3792043,0.00007,-1,-1,-1,0,0,0,136,1,1,0,0.0000000,0.0000000,0.0000000,0,0,0,0
756903287891833 D 1985,2315111339,1000,1551,1551,2.3792043,0.00007,-1,-1,-1,0,0,0,136,1,1,0,0.0000000,0.0000000,0.0000000,0,0,0,0
756903288879666 D 1986,2315112339,1000,1551,1551,2.3792043,0.00006,-1,-1,-1,0,0,0,136,1,1,0,0.0000000,0.0000000,0.0000000,0,0,0,0
756903289762250 D 1987,2315113339,1000,1551,1551,2.3792043,0.00006,-1,-1,-1,0,0,0,136,1,1,0,0.0000000,0.0000000,0.0000000,0,0,0,0
756903290742625 D 1988,2315114339,1000,1551,1551,2.3792043,0.00006,-1,-1,-1,0,0,0,136,1,1,0,0.0000000,0.0000000,0.0000000,0,0,0,0
756903291705250 D 1989,2315115339,1000,1551,1551,2.3792043,0.00006,-1,-1,-1,0,0,0,136,1,1,0,0.0000000,0.0000000,0.0000000,0,0,0,0
756903292675125 D 1990,2315116339,1000,1551,1551,2.3792043,0.00005,-1,-1,-1,0,0,0,136,1,1,0,0.0000000,0.0000000,0.0000000,0,0,0,0
756903293661333 D 1991,2315117339,1000,1551,1551,2.3792043,0.00005,-1,-1,-1,0,0,0,136,1,1,0,0.0000000,0.0000000,0.0000000,0,0,0,0
756903294659750 D 1992,2315118339,1000,1551,1551,2.3792043,0.00005,-1,-1,-1,0,0,0,136,1,1,0,0.0000000,0.0000000,0.0000000,0,0,0,0
756903295690041 D 1993,2315119339,1000,1551,1551,2.3792043,0.00005,-1,-1,-1,0,0,0,136,1,1,0,0.0000000,0.0000000,0.0000000,0,0,0,0
756903296682708 D 1994,2315120339,1000,1551,1551,2.3792043,0.00005,-1,-1,-1,0,0,0,136,1,1,0,0.0000000,0.0000000,0.0000000,0,0,0,0
756903297674208 D 1995,2315121339,1000,1551,1551,2.3792043,0.00004,-1,-1,-1,0,0,0,136,1,1,0,0.0000000,0.0000000,0.0000000,0,0,0,0
756903298664833 D 1996,2315122339,1000,1551,1551,2.3792043,0.00004,-1,-1,-1,0,0,0,136,1,1,0,0.0000000,0.0000000,0.0000000,0,0,0,0
756903299665875 D 1997,2315123339,1000,1551,1551,2.3792043,0.00004,-1,-1,-1,0,0,0,136,1,1,0,0.0000000,0.0000000,0.0000000,0,0,0,0
756903300663208 D 1998,2315124339,1000,1551,1551,2.3792043,0.00004,-1,-1,-1,0,0,0,136,1,1,0,0.0000000,0.0000000,0.0000000,0,0,0,0
756903301727000 D 1999,2315125339,1000,1551,1551,2.3792043,0.00004,-1,-1,-1,0,0,0,136,1,1,0,0.0000000,0.0000000,0.0000000,0,0,0,0
756903302701000 D 2000,2315126339,1000,1551,1551,2.3792043,0.00004,-1,-1,-1,0,0,0,136,1,1,0,0.0000000,0.0000000,0.0000000,0,0,0,0
756903303672916 D 2001,2315127339,1000,1551,1551,2.3792043,0.00004,-1,-1,-1,0,0,0,136,1,1,0,0.0000000,0.0000000,0.0000000,0,0,0,0
756903304661125 D 2002,2315128339,1000,1551,1551,2.3792043,0.00003,-1,-1,-1,0,0,0,136,1,1,0,0.0000000,0.0000000,0.0000000,0,0,0,0
756903305670250 D 2003,2315129339,1000,1551,1551,2.3792043,0.00003,-1,-1,-1,0,0,0,136,1,1,0,0.0000000,0.0000000,0.0000000,0,0,0,0
756903306889541 D 2004,2315130339,1000,1551,1551,2.3792043,0.00003,-1,-1,-1,0,0,0,136,1,1,0,0.0000000,0.0000000,0.0000000,0,0,0,0
756903307860500 D 2005,2315131339,1000,1551,1551,2.3792043,0.00003,-1,-1,-1,0,0,0,136,1,1,0,0.0000000,0.0000000,0.0000000,0,0,0,0
756903308872000 D 2006,2315132339,1000,1551,1551,2.3792043,0.00003,-1,-1,-1,0,0,0,136,1,1,0,0.0000000,0.0000000,0.0000000,0,0,0,0
756903309663708 D 2007,2315133339,1000,1551,1551,2.3792043,0.00003,-1,-1,-1,0,0,0,136,1,1,0,0.0000000,0.0000000,0.0000000,0,0,0,0
756903310664583 D 2008,2315134339,1000,1551,1551,2.3792043,0.00003,-1,-1,-1,0,0,0,136,1,1,0,0.0000000,0.0000000,0.0000000,0,0,0,0
756903311672208 D 2009,2315135339,1000,1551,1551,2.3792043,0.00003,-1,-1,-1,0,0,0,136,1,1,0,0.0000000,0.0000000,0.0000000,0,0,0,0
756903312679875 D 2010,2315136339,1000,1551,1551,2.3792043,0.00002,-1,-1,-1,0,0,0,136,1,1,0,0.0000000,0.0000000,0.0000000,0,0,0,0
756903313651833 D 2011,2315137339,1000,1551,1551,2.3792043,0.00002,-1,-1,-1,0,0,0,136,1,1,0,0.0000000,0.0000000,0.0000000,0,0,0,0
756903314655125 D 2012,2315138339,1000,1550,1550,2.3776703,-0.06013,-1,-1,-1,0,0,0,136,1,1,0,0.0000000,0.0000000,0.0000000,0,0,0,0
756903315678958 D 2013,2315139339,1000,1551,1551,2.3792043,0.00238,-1,-1,-1,0,0,0,136,1,1,0,0.0000000,0.0000000,0.0000000,0,0,0,0
756903316656083 D 2014,2315140339,1000,1551,1551,2.3792043,0.00229,-1,-1,-1,0,0,0,136,1,1,0,0.0000000,0.0000000,0.0000000,0,0,0,0
756903317679583 D 2015,2315141339,1000,1551,1551,2.3792043,0.00220,-1,-1,-1,0,0,0,136,1,1,0,0.0000000,0.0000000,0.0000000,0,0,0,0
756903318660083 D 2016,2315142339,1000,1551,1551,2.3792043,0.00211,-1,-1,-1,0,0,0,136,1,1,0,0.0000000,0.0000000,0.0000000,0,0,0,0
756903319657208 D 2017,2315143339,1000,1551,1551,2.3792043,0.00203,-1,-1,-1,0,0,0,136,1,1,0,0.0000000,0.0000000,0.0000000,0,0,0,0
756903320652500 D 2018,2315144339,1000,1551,1551,2.3792043,0.00195,-1,-1,-1,0,0,0,136,1,1,0,0.0000000,0.0000000,0.0000000,0,0,0,0
756903321656541 D 2019,2315145339,1000,1551,1551,2.3792043,0.00187,-1,-1,-1,0,0,0,136,1,1,0,0.0000000,0.0000000,0.0000000,0,0,0,0
756903322653291 D 2020,2315146339,1000,1551,1551,2.3792043,0.00180,-1,-1,-1,0,0,0,136,1,1,0,0.0000000,0.0000000,0.0000000,0,0,0,0
756903323650125 D 2021,2315147339,1000,1551,1551,2.3792043,0.00173,-1,-1,-1,0,0,0,136,1,1,0,0.0000000,0.0000000,0.0000000,0,0,0,0
756903324653166 D 2022,2315148339,1000,1551,1551,2.3792043,0.00166,-1,-1,-1,0,0,0,136,1,1,0,0.0000000,0.0000000,0.0000000,0,0,0,0
756903325655500 D 2023,2315149339,1000,1551,1551,2.3792043,0.00160,-1,-1,-1,0,0,0,136,1,1,0,0.0000000,0.0000000,0.0000000,0,0,0,0
756903326661125 D 2024,2315150339,1000,1551,1551,2.3792043,0.00153,-1,-1,-1,0,0,0,136,1,1,0,0.0000000,0.0000000,0.0000000,0,0,0,0
756903327646750 D 2025,2315151339,1000,1551,1551,2.3792043,0.00147,-1,-1,-1,0,0,0,136,1,1,0,0.0000000,0.0000000,0.0000000,0,0,0,0
756903329040833 D 2026,2315152339,1000,1551,1551,2.3792043,0.00142,39,128,2054,0,0,0,136,1,1,0,0.0000000,0.0000000,0.0000000,0,0,0,0
756903329645375 D 2027,2315153339,1000,1551,1551,2.3792043,0.00136,-1,-1,-1,0,0,0,136,1,1,0,0.0000000,0.0000000,0.0000000,0,0,0,0
756903330651291 D 2028,2315154339,1000,1551,1551,2.3792043,0.00131,-1,-1,-1,0,0,0,136,1,1,0,0.0000000,0.0000000,0.0000000,0,0,0,0
756903331644625 D 2029,2315155339,1000,1551,1551,2.3792043,0.00126,-1,-1,-1,0,0,0,136,1,1,0,0.0000000,0.0000000,0.0000000,0,0,0,0
756903332662791 D 2030,2315156339,1000,1551,1551,2.3792043,0.00121,-1,-1,-1,0,0,0,136,1,1,0,0.0000000,0.0000000,0.0000000,0,0,0,0
756903333677416 D 2031,2315157339,1000,1551,1551,2.3792043,0.00116,-1,-1,-1,0,0,0,136,1,1,0,0.0000000,0.0000000,0.0000000,0,0,0,0
756903334650750 D 2032,2315158339,1000,1551,1551,2.3792043,0.00111,-1,-1,-1,0,0,0,136,1,1,0,0.0000000,0.0000000,0.0000000,0,0,0,0
756903335649666 D 2033,2315159339,1000,1551,1551,2.3792043,0.00107,-1,-1,-1,0,0,0,136,1,1,0,0.0000000,0.0000000,0.0000000,0,0,0,0
756903336872458 D 2034,2315160339,1000,1551,1551,2.3792043,0.00103,-1,-1,-1,0,0,0,136,1,1,0,0.0000000,0.0000000,0.0000000,0,0,0,0
756903337875541 D 2035,2315161339,1000,1551,1551,2.3792043,0.00099,-1,-1,-1,0,0,0,136,1,1,0,0.0000000,0.0000000,0.0000000,0,0,0,0
756903338873875 D 2036,2315162339,1000,1551,1551,2.3792043,0.00095,-1,-1,-1,0,0,0,136,1,1,0,0.0000000,0.0000000,0.0000000,0,0,0,0
756903339868000 D 2037,2315163339,1000,1551,1551,2.3792043,0.00091,-1,-1,-1,0,0,0,136,1,1,0,0.0000000,0.0000000,0.0000000,0,0,0,0
756903340763291 D 2038,2315164339,1000,1551,1551,2.3792043,0.00088,-1,-1,-1,0,0,0,136,1,1,0,0.0000000,0.0000000,0.0000000,0,0,0,0
756903341655875 D 2039,2315165339,1000,1551,1551,2.3792043,0.00084,-1,-1,-1,0,0,0,136,1,1,0,0.0000000,0.0000000,0.0000000,0,0,0,0
756903342697875 D 2040,2315166339,1000,1551,1551,2.3792043,0.00081,-1,-1,-1,0,0,0,136,1,1,0,0.0000000,0.0000000,0.0000000,0,0,0,0
756903343724583 D 2041,2315167339,1000,1551,1551,2.3792043,0.00078,-1,-1,-1,0,0,0,136,1,1,0,0.0000000,0.0000000,0.0000000,0,0,0,0
756903344720000 D 2042,2315168339,1000,1551,1551,2.3792043,0.00075,-1,-1,-1,0,0,0,136,1,1,0,0.0000000,0.0000000,0.0000000,0,0,0,0
756903345910083 D 2043,2315169339,1000,1550,1550,2.3776703,-0.05943,-1,-1,-1,0,0,0,136,1,1,0,0.0000000,0.0000000,0.0000000,0,0,0,0
756903346882208 D 2044,2315170339,1000,1551,1551,2.3792043,0.00305,-1,-1,-1,0,0,0,136,1,1,0,0.0000000,0.0000000,0.0000000,0,0,0,0
756903347884750 D 2045,2315171339,1000,1551,1551,2.3792043,0.00293,-1,-1,-1,0,0,0,136,1,1,0,0.0000000,0.0000000,0.0000000,0,0,0,0
756903348774333 D 2046,2315172339,1000,1551,1551,2.3792043,0.00281,-1,-1,-1,0,0,0,136,1,1,0,0.0000000,0.0000000,0.0000000,0,0,0,0
756903349679958 D 2047,2315173339,1000,1551,1551,2.3792043,0.00270,-1,-1,-1,0,0,0,136,1,1,0,0.0000000,0.0000000,0.0000000,0,0,0,0
756903350660958 D 2048,2315174339,1000,1551,1551,2.3792043,0.00260,-1,-1,-1,0,0,0,136,1,1,0,0.0000000,0.0000000,0.0000000,0,0,0,0
756903351683875 D 2049,2315175339,1000,1551,1551,2.3792043,0.00249,-1,-1,-1,0,0,0,136,1,1,0,0.0000000,0.0000000,0.0000000,0,0,0,0
756903352681916 D 2050,2315176339,1000,1551,1551,2.3792043,0.00240,-1,-1,-1,0,0,0,136,1,1,0,0.0000000,0.0000000,0.0000000,0,0,0,0
756903353676250 D 2051,2315177339,1000,1551,1551,2.3792043,0.00230,-1,-1,-1,0,0,0,136,1,1,0,0.0000000,0.0000000,0.0000000,0,0,0,0
756903354654041 D 2052,2315178339,1000,1551,1551,2.3792043,0.00221,-1,-1,-1,0,0,0,136,1,1,0,0.0000000,0.0000000,0.0000000,0,0,0,0
756903355646875 D 2053,2315179339,1000,1551,1551,2.3792043,0.00213,-1,-1,-1,0,0,0,136,1,1,0,0.0000000,0.0000000,0.0000000,0,0,0,0
756903356650208 D 2054,2315180339,1000,1551,1551,2.3792043,0.00204,-1,-1,-1,0,0,0,136,1,1,0,0.0000000,0.0000000,0.0000000,0,0,0,0
756903357651625 D 2055,2315181339,1000,1551,1551,2.3792043,0.00196,-1,-1,-1,0,0,0,136,1,1,0,0.0000000,0.0000000,0.0000000,0,0,0,0
756903358644625 D 2056,2315182339,1000,1551,1551,2.3792043,0.00189,-1,-1,-1,0,0,0,136,1,1,0,0.0000000,0.0000000,0.0000000,0,0,0,0
756903359646333 D 2057,2315183339,1000,1551,1551,2.3792043,0.00181,-1,-1,-1,0,0,0,136,1,1,0,0.0000000,0.0000000,0.0000000,0,0,0,0
756903360651833 D 2058,2315184339,1000,1551,1551,2.3792043,0.00174,-1,-1,-1,0,0,0,136,1,1,0,0.0000000,0.0000000,0.0000000,0,0,0,0
756903361871750 D 2059,2315185339,1000,1551,1551,2.3792043,0.00167,-1,-1,-1,0,0,0,136,1,1,0,0.0000000,0.0000000,0.0000000,0,0,0,0
756903362864916 D 2060,2315186339,1000,1551,1551,2.3792043,0.00161,-1,-1,-1,0,0,0,136,1,1,0,0.0000000,0.0000000,0.0000000,0,0,0,0
756903363869500 D 2061,2315187339,1000,1551,1551,2.3792043,0.00154,-1,-1,-1,0,0,0,136,1,1,0,0.0000000,0.0000000,0.0000000,0,0,0,0
756903364692125 D 2062,2315188339,1000,1551,1551,2.3792043,0.00148,-1,-1,-1,0,0,0,136,1,1,0,0.0000000,0.0000000,0.0000000,0,0,0,0
756903365668000 D 2063,2315189339,1000,1551,1551,2.3792043,0.00143,-1,-1,-1,0,0,0,136,1,1,0,0.0000000,0.0000000,0.0000000,0,0,0,0
756903366665416 D 2064,2315190339,1000,1551,1551,2.3792043,0.00137,-1,-1,-1,0,0,0,136,1,1,0,0.0000000,0.0000000,0.0000000,0,0,0,0
756903367701708 D 2065,2315191339,1000,1551,1551,2.3792043,0.00132,-1,-1,-1,0,0,0,136,1,1,0,0.0000000,0.0000000,0.0000000,0,0,0,0
756903368785583 D 2066,2315192339,1000,1551,1551,2.3792043,0.00126,-1,-1,-1,0,0,0,136,1,1,0,0.0000000,0.0000000,0.0000000,0,0,0,0
756903369905333 D 2067,2315193339,1000,1551,1551,2.3792043,0.00121,-1,-1,-1,0,0,0,136,1,1,0,0.0000000,0.0000000,0.0000000,0,0,0,0
756903370943375 D 2068,2315194339,1000,1551,1551,2.3792043,0.00117,-1,-1,-1,0,0,0,136,1,1,0,0.0000000,0.0000000,0.0000000,0,0,0,0
756903371951166 D 2069,2315195339,1000,1551,1551,2.3792043,0.00112,-1,-1,-1,0,0,0,136,1,1,0,0.0000000,0.0000000,0.0000000,0,0,0,0
756903372722875 D 2070,2315196339,1000,1551,1551,2.3792043,0.00108,-1,-1,-1,0,0,0,136,1,1,0,0.0000000,0.0000000,0.0000000,0,0,0,0
756903373707541 D 2071,2315197339,1000,1551,1551,2.3792043,0.00103,-1,-1,-1,0,0,0,136,1,1,0,0.0000000,0.0000000,0.0000000,0,0,0,0
756903374677833 D 2072,2315198339,1000,1551,1551,2.3792043,0.00099,-1,-1,-1,0,0,0,136,1,1,0,0.0000000,0.0000000,0.0000000,0,0,0,0
756903375676000 D 2073,2315199339,1000,1551,1551,2.3792043,0.00096,-1,-1,-1,0,0,0,136,1,1,0,0.0000000,0.0000000,0.0000000,0,0,0,0
756903376674416 D 2074,2315200339,1000,1551,1551,2.3792043,0.00092,-1,-1,-1,0,0,0,136,1,1,0,0.0000000,0.0000000,0.0000000,0,0,0,0
756903377687833 D 2075,2315201339,1000,1551,1551,2.3792043,0.00088,-1,-1,-1,0,0,0,136,1,1,0,0.0000000,0.0000000,0.0000000,0,0,0,0
756903379141125 D 2076,2315202339,1000,1551,1551,2.3792043,0.00085,39,128,2054,0,0,0,136,1,1,0,0.0000000,0.0000000,0.0000000,0,0,0,0
756903379755458 D 2077,2315203339,1000,1551,1551,2.3792043,0.00081,-1,-1,-1,0,0,0,136,1,1,0,0.0000000,0.0000000,0.0000000,0,0,0,0
756903380675333 D 2078,2315204339,1000,1551,1551,2.3792043,0.00078,-1,-1,-1,0,0,0,136,1,1,0,0.0000000,0.0000000,0.0000000,0,0,0,0
756903381669958 D 2079,2315205339,1000,1551,1551,2.3792043,0.00075,-1,-1,-1,0,0,0,136,1,1,0,0.0000000,0.0000000,0.0000000,0,0,0,0
756903382677541 D 2080,2315206339,1000,1551,1551,2.3792043,0.00072,-1,-1,-1,0,0,0,136,1,1,0,0.0000000,0.0000000,0.0000000,0,0,0,0
756903383664041 D 2081,2315207339,1000,1551,1551,2.3792043,0.00069,-1,-1,-1,0,0,0,136,1,1,0,0.0000000,0.0000000,0.0000000,0,0,0,0
756903384685125 D 2082,2315208339,1000,1551,1551,2.3792043,0.00067,-1,-1,-1,0,0,0,136,1,1,0,0.0000000,0.0000000,0.0000000,0,0,0,0
756903385689541 D 2083,2315209339,1000,1551,1551,2.3792043,0.00064,-1,-1,-1,0,0,0,136,1,1,0,0.0000000,0.0000000,0.0000000,0,0,0,0
756903386662875 D 2084,2315210339,1000,1551,1551,2.3792043,0.00062,-1,-1,-1,0,0,0,136,1,1,0,0.0000000,0.0000000,0.0000000,0,0,0,0
756903387656833 D 2085,2315211339,1000,1551,1551,2.3792043,0.00059,-1,-1,-1,0,0,0,136,1,1,0,0.0000000,0.0000000,0.0000000,0,0,0,0
756903388649708 D 2086,2315212339,1000,1551,1551,2.3792043,0.00057,-1,-1,-1,0,0,0,136,1,1,0,0.0000000,0.0000000,0.0000000,0,0,0,0
756903389653041 D 2087,2315213339,1000,1551,1551,2.3792043,0.00055,-1,-1,-1,0,0,0,136,1,1,0,0.0000000,0.0000000,0.0000000,0,0,0,0
756903390669708 D 2088,2315214339,1000,1551,1551,2.3792043,0.00052,-1,-1,-1,0,0,0,136,1,1,0,0.0000000,0.0000000,0.0000000,0,0,0,0
756903391646916 D 2089,2315215339,1000,1551,1551,2.3792043,0.00050,-1,-1,-1,0,0,0,136,1,1,0,0.0000000,0.0000000,0.0000000,0,0,0,0
756903392649833 D 2090,2315216339,1000,1551,1551,2.3792043,0.00048,-1,-1,-1,0,0,0,136,1,1,0,0.0000000,0.0000000,0.0000000,0,0,0,0
756903393649458 D 2091,2315217339,1000,1551,1551,2.3792043,0.00046,-1,-1,-1,0,0,0,136,1,1,0,0.0000000,0.0000000,0.0000000,0,0,0,0
756903394646875 D 2092,2315218339,1000,1551,1551,2.3792043,0.00045,-1,-1,-1,0,0,0,136,1,1,0,0.0000000,0.0000000,0.0000000,0,0,0,0
756903395672916 D 2093,2315219339,1000,1551,1551,2.3792043,0.00043,-1,-1,-1,0,0,0,136,1,1,0,0.0000000,0.0000000,0.0000000,0,0,0,0
756903396666583 D 2094,2315220339,1000,1551,1551,2.3792043,0.00041,-1,-1,-1,0,0,0,136,1,1,0,0.0000000,0.0000000,0.0000000,0,0,0,0
756903397670166 D 2095,2315221339,1000,1551,1551,2.3792043,0.00040,-1,-1,-1,0,0,0,136,1,1,0,0.0000000,0.0000000,0.0000000,0,0,0,0
756903398662166 D 2096,2315222339,1000,1551,1551,2.3792043,0.00038,-1,-1,-1,0,0,0,136,1,1,0,0.0000000,0.0000000,0.0000000,0,0,0,0
756903399652250 D 2097,2315223339,1000,1551,1551,2.3792043,0.00037,-1,-1,-1,0,0,0,136,1,1,0,0.0000000,0.0000000,0.0000000,0,0,0,0
756903400660500 D 2098,2315224339,1000,1551,1551,2.3792043,0.00035,-1,-1,-1,0,0,0,136,1,1,0,0.0000000,0.0000000,0.0000000,0,0,0,0
756903401666958 D 2099,2315225339,1000,1551,1551,2.3792043,0.00034,-1,-1,-1,0,0,0,136,1,1,0,0.0000000,0.0000000,0.0000000,0,0,0,0
756903402666750 D 2100,2315226339,1000,1551,1551,2.3792043,0.00032,-1,-1,-1,0,0,0,136,1,1,0,0.0000000,0.0000000,0.0000000,0,0,0,0
756903403929333 D 2101,2315227339,1000,1551,1551,2.3792043,0.00031,-1,-1,-1,0,0,0,136,1,1,0,0.0000000,0.0000000,0.0000000,0,0,0,0
756903404925333 D 2102,2315228339,1000,1551,1551,2.3792043,0.00030,-1,-1,-1,0,0,0,136,1,1,0,0.0000000,0.0000000,0.0000000,0,0,0,0
756903405854458 D 2103,2315229339,1000,1551,1551,2.3792043,0.00029,-1,-1,-1,0,0,0,136,1,1,0,0.0000000,0.0000000,0.0000000,0,0,0,0
756903406682333 D 2104,2315230339,1000,1551,1551,2.3792043,0.00028,-1,-1,-1,0,0,0,136,1,1,0,0.0000000,0.0000000,0.0000000,0,0,0,0
756903407663500 D 2105,2315231339,1000,1551,1551,2.3792043,0.00027,-1,-1,-1,0,0,0,136,1,1,0,0.0000000,0.0000000,0.0000000,0,0,0,0
756903408653291 D 2106,2315232339,1000,1551,1551,2.3792043,0.00026,-1,-1,-1,0,0,0,136,1,1,0,0.0000000,0.0000000,0.0000000,0,0,0,0
756903409662541 D 2107,2315233339,1000,1551,1551,2.3792043,0.00025,-1,-1,-1,0,0,0,136,1,1,0,0.0000000,0.0000000,0.0000000,0,0,0,0
756903410654750 D 2108,2315234339,1000,1551,1551,2.3792043,0.00024,-1,-1,-1,0,0,0,136,1,1,0,0.0000000,0.0000000,0.0000000,0,0,0,0
756903411680208 D 2109,2315235339,1000,1551,1551,2.3792043,0.00023,-1,-1,-1,0,0,0,136,1,1,0,0.0000000,0.0000000,0.0000000,0,0,0,0
756903412661750 D 2110,2315236339,1000,1551,1551,2.3792043,0.00022,-1,-1,-1,0,0,0,136,1,1,0,0.0000000,0.0000000,0.0000000,0,0,0,0
756903413689041 D 2111,2315237339,1000,1551,1551,2.3792043,0.00021,-1,-1,-1,0,0,0,136,1,1,0,0.0000000,0.0000000,0.0000000,0,0,0,0
756903414651083 D 2112,2315238339,1000,1551,1551,2.3792043,0.00020,-1,-1,-1,0,0,0,136,1,1,0,0.0000000,0.0000000,0.0000000,0,0,0,0
756903415650791 D 2113,2315239339,1000,1551,1551,2.3792043,0.00019,-1,-1,-1,0,0,0,136,1,1,0,0.0000000,0.0000000,0.0000000,0,0,0,0
756903416652083 D 2114,2315240339,1000,1551,1551,2.3792043,0.00019,-1,-1,-1,0,0,0,136,1,1,0,0.0000000,0.0000000,0.0000000,0,0,0,0
756903417660500 D 2115,2315241339,1000,1551,1551,2.3792043,0.00018,-1,-1,-1,0,0,0,136,1,1,0,0.0000000,0.0000000,0.0000000,0,0,0,0
756903418650416 D 2116,2315242339,1000,1551,1551,2.3792043,0.00017,-1,-1,-1,0,0,0,136,1,1,0,0.0000000,0.0000000,0.0000000,0,0,0,0
756903419645416 D 2117,2315243339,1000,1551,1551,2.3792043,0.00016,-1,-1,-1,0,0,0,136,1,1,0,0.0000000,0.0000000,0.0000000,0,0,0,0
756903420652208 D 2118,2315244339,1000,1551,1551,2.3792043,0.00016,-1,-1,-1,0,0,0,136,1,1,0,0.0000000,0.0000000,0.0000000,0,0,0,0
756903421668208 D 2119,2315245339,1000,1551,1551,2.3792043,0.00015,-1,-1,-1,0,0,0,136,1,1,0,0.0000000,0.0000000,0.0000000,0,0,0,0
756903422659291 D 2120,2315246339,1000,1551,1551,2.3792043,0.00015,-1,-1,-1,0,0,0,136,1,1,0,0.0000000,0.0000000,0.0000000,0,0,0,0
756903423654208 D 2121,2315247339,1000,1551,1551,2.3792043,0.00014,-1,-1,-1,0,0,0,136,1,1,0,0.0000000,0.0000000,0.0000000,0,0,0,0
756903424655500 D 2122,2315248339,1000,1551,1551,2.3792043,0.00013,-1,-1,-1,0,0,0,136,1,1,0,0.0000000,0.0000000,0.0000000,0,0,0,0
756903425650583 D 2123,2315249339,1000,1551,1551,2.3792043,0.00013,-1,-1,-1,0,0,0,136,1,1,0,0.0000000,0.0000000,0.0000000,0,0,0,0
756903426653000 D 2124,2315250339,1000,1551,1551,2.3792043,0.00012,-1,-1,-1,0,0,0,136,1,1,0,0.0000000,0.0000000,0.0000000,0,0,0,0
756903427678958 D 2125,2315251339,1000,1551,1551,2.3792043,0.00012,-1,-1,-1,0,0,0,136,1,1,0,0.0000000,0.0000000,0.0000000,0,0,0,0
756903429106916 D 2126,2315252339,1000,1551,1551,2.3792043,0.00011,39,128,2054,0,0,0,136,1,1,0,0.0000000,0.0000000,0.0000000,0,0,0,0
756903429762000 D 2127,2315253339,1000,1551,1551,2.3792043,0.00011,-1,-1,-1,0,0,0,136,1,1,0,0.0000000,0.0000000,0.0000000,0,0,0,0
756903430883458 D 2128,2315254339,1000,1551,1551,2.3792043,0.00011,-1,-1,-1,0,0,0,136,1,1,0,0.0000000,0.0000000,0.0000000,0,0,0,0
756903431880125 D 2129,2315255339,1000,1551,1551,2.3792043,0.00010,-1,-1,-1,0,0,0,136,1,1,0,0.0000000,0.0000000,0.0000000,0,0,0,0
756903432880791 D 2130,2315256339,1000,1551,1551,2.3792043,0.00010,-1,-1,-1,0,0,0,136,1,1,0,0.0000000,0.0000000,0.0000000,0,0,0,0
756903433743500 D 2131,2315257339,1000,1551,1551,2.3792043,0.00009,-1,-1,-1,0,0,0,136,1,1,0,0.0000000,0.0000000,0.0000000,0,0,0,0
756903434651541 D 2132,2315258339,1000,1551,1551,2.3792043,0.00009,-1,-1,-1,0,0,0,136,1,1,0,0.0000000,0.0000000,0.0000000,0,0,0,0
756903435672000 D 2133,2315259339,1000,1551,1551,2.3792043,0.00009,-1,-1,-1,0,0,0,136,1,1,0,0.0000000,0.0000000,0.0000000,0,0,0,0
756903436646791 D 2134,2315260339,1000,1551,1551,2.3792043,0.00008,-1,-1,-1,0,0,0,136,1,1,0,0.0000000,0.0000000,0.0000000,0,0,0,0
756903437655166 D 2135,2315261339,1000,1551,1551,2.3792043,0.00008,-1,-1,-1,0,0,0,136,1,1,0,0.0000000,0.0000000,0.0000000,0,0,0,0
756903438649041 D 2136,2315262339,1000,1551,1551,2.3792043,0.00008,-1,-1,-1,0,0,0,135,1,1,0,0.0000000,0.0000000,0.0000000,0,0,0,0
756903439645416 D 2137,2315263339,1000,1551,1551,2.3792043,0.00007,-1,-1,-1,0,0,0,136,1,1,0,0.0000000,0.0000000,0.0000000,0,0,0,0
756903440643458 D 2138,2315264339,1000,1551,1551,2.3792043,0.00007,-1,-1,-1,0,0,0,136,1,1,0,0.0000000,0.0000000,0.0000000,0,0,0,0
756903441653250 D 2139,2315265339,1000,1551,1551,2.3792043,0.00007,-1,-1,-1,0,0,0,136,1,1,0,0.0000000,0.0000000,0.0000000,0,0,0,0
756903442672833 D 2140,2315266339,1000,1551,1551,2.3792043,0.00007,-1,-1,-1,0,0,0,136,1,1,0,0.0000000,0.0000000,0.0000000,0,0,0,0
756903443655666 D 2141,2315267339,1000,1551,1551,2.3792043,0.00006,-1,-1,-1,0,0,0,136,1,1,0,0.0000000,0.0000000,0.0000000,0,0,0,0
756903444656291 D 2142,2315268339,1000,1551,1551,2.3792043,0.00006,-1,-1,-1,0,0,0,136,1,1,0,0.0000000,0.0000000,0.0000000,0,0,0,0
756903445655083 D 2143,2315269339,1000,1551,1551,2.3792043,0.00006,-1,-1,-1,0,0,0,136,1,1,0,0.0000000,0.0000000,0.0000000,0,0,0,0
756903446877333 D 2144,2315270339,1000,1551,1551,2.3792043,0.00006,-1,-1,-1,0,0,0,136,1,1,0,0.0000000,0.0000000,0.0000000,0,0,0,0
756903447877166 D 2145,2315271339,1000,1551,1551,2.3792043,0.00005,-1,-1,-1,0,0,0,136,1,1,0,0.0000000,0.0000000,0.0000000,0,0,0,0
756903448863208 D 2146,2315272339,1000,1551,1551,2.3792043,0.00005,-1,-1,-1,0,0,0,136,1,1,0,0.0000000,0.0000000,0.0000000,0,0,0,0
756903449877666 D 2147,2315273339,1000,1551,1551,2.3792043,0.00005,-1,-1,-1,0,0,0,136,1,1,0,0.0000000,0.0000000,0.0000000,0,0,0,0
756903450893958 D 2148,2315274339,1000,1551,1551,2.3792043,0.00005,-1,-1,-1,0,0,0,136,1,1,0,0.0000000,0.0000000,0.0000000,0,0,0,0
756903451771541 D 2149,2315275339,1000,1551,1551,2.3792043,0.00005,-1,-1,-1,0,0,0,136,1,1,0,0.0000000,0.0000000,0.0000000,0,0,0,0
756903452737541 D 2150,2315276339,1000,1551,1551,2.3792043,0.00004,-1,-1,-1,0,0,0,136,1,1,0,0.0000000,0.0000000,0.0000000,0,0,0,0
756903453671500 D 2151,2315277339,1000,1551,1551,2.3792043,0.00004,-1,-1,-1,0,0,0,136,1,1,0,0.0000000,0.0000000,0.0000000,0,0,0,0
756903454680875 D 2152,2315278339,1000,1551,1551,2.3792043,0.00004,-1,-1,-1,0,0,0,136,1,1,0,0.0000000,0.0000000,0.0000000,0,0,0,0
756903455651083 D 2153,2315279339,1000,1551,1551,2.3792043,0.00004,-1,-1,-1,0,0,0,136,1,1,0,0.0000000,0.0000000,0.0000000,0,0,0,0
756903456653958 D 2154,2315280339,1000,1551,1551,2.3792043,0.00004,-1,-1,-1,0,0,0,136,1,1,0,0.0000000,0.0000000,0.0000000,0,0,0,0
756903457653208 D 2155,2315281339,1000,1551,1551,2.3792043,0.00004,-1,-1,-1,0,0,0,136,1,1,0,0.0000000,0.0000000,0.0000000,0,0,0,0
756903458680416 D 2156,2315282339,1000,1551,1551,2.3792043,0.00003,-1,-1,-1,0,0,0,136,1,1,0,0.0000000,0.0000000,0.0000000,0,0,0,0
756903459658625 D 2157,2315283339,1000,1551,1551,2.3792043,0.00003,-1,-1,-1,0,0,0,136,1,1,0,0.0000000,0.0000000,0.0000000,0,0,0,0
756903460658125 D 2158,2315284339,1000,1551,1551,2.3792043,0.00003,-1,-1,-1,0,0,0,136,1,1,0,0.0000000,0.0000000,0.0000000,0,0,0,0
756903461651875 D 2159,2315285339,1000,1551,1551,2.3792043,0.00003,-1,-1,-1,0,0,0,136,1,1,0,0.0000000,0.0000000,0.0000000,0,0,0,0
756903462659958 D 2160,2315286339,1000,1551,1551,2.3792043,0.00003,-1,-1,-1,0,0,0,136,1,1,0,0.0000000,0.0000000,0.0000000,0,0,0,0
756903463652375 D 2161,2315287339,1000,1551,1551,2.3792043,0.00003,-1,-1,-1,0,0,0,136,1,1,0,0.0000000,0.0000000,0.0000000,0,0,0,0
756903464648125 D 2162,2315288339,1000,1551,1551,2.3792043,0.00003,-1,-1,-1,0,0,0,136,1,1,0,0.0000000,0.0000000,0.0000000,0,0,0,0
756903465654250 D 2163,2315289339,1000,1551,1551,2.3792043,0.00003,-1,-1,-1,0,0,0,136,1,1,0,0.0000000,0.0000000,0.0000000,0,0,0,0
756903466881875 D 2164,2315290339,1000,1551,1551,2.3792043,0.00003,-1,-1,-1,0,0,0,136,1,1,0,0.0000000,0.0000000,0.0000000,0,0,0,0
756903467898166 D 2165,2315291339,1000,1551,1551,2.3792043,0.00002,-1,-1,-1,0,0,0,136,1,1,0,0.0000000,0.0000000,0.0000000,0,0,0,0
756903468915250 D 2166,2315292339,1000,1551,1551,2.3792043,0.00002,-1,-1,-1,0,0,0,136,1,1,0,0.0000000,0.0000000,0.0000000,0,0,0,0
756903469693083 D 2167,2315293339,1000,1551,1551,2.3792043,0.00002,-1,-1,-1,0,0,0,136,1,1,0,0.0000000,0.0000000,0.0000000,0,0,0,0
756903470679625 D 2168,2315294339,1000,1551,1551,2.3792043,0.00002,-1,-1,-1,0,0,0,136,1,1,0,0.0000000,0.0000000,0.0000000,0,0,0,0
756903471676125 D 2169,2315295339,1000,1551,1551,2.3792043,0.00002,-1,-1,-1,0,0,0,136,1,1,0,0.0000000,0.0000000,0.0000000,0,0,0,0
756903472681375 D 2170,2315296339,1000,1551,1551,2.3792043,0.00002,-1,-1,-1,0,0,0,136,1,1,0,0.0000000,0.0000000,0.0000000,0,0,0,0
756903473692833 D 2171,2315297339,1000,1551,1551,2.3792043,0.00002,-1,-1,-1,0,0,0,136,1,1,0,0.0000000,0.0000000,0.0000000,0,0,0,0
756903474677583 D 2172,2315298339,1000,1551,1551,2.3792043,0.00002,-1,-1,-1,0,0,0,136,1,1,0,0.0000000,0.0000000,0.0000000,0,0,0,0
756903475674875 D 2173,2315299339,1000,1551,1551,2.3792043,0.00002,-1,-1,-1,0,0,0,136,1,1,0,0.0000000,0.0000000,0.0000000,0,0,0,0
756903476660958 D 2174,2315300339,1000,1551,1551,2.3792043,0.00002,-1,-1,-1,0,0,0,136,1,1,0,0.0000000,0.0000000,0.0000000,0,0,0,0
756903477665458 D 2175,2315301339,1000,1551,1551,2.3792043,0.00002,-1,-1,-1,0,0,0,136,1,1,0,0.0000000,0.0000000,0.0000000,0,0,0,0
756903479344541 D 2176,2315302339,1000,1551,1551,2.3792043,0.00002,39,128,2054,0,0,0,136,1,1,0,0.0000000,0.0000000,0.0000000,0,0,0,0
756903480185833 D 2177,2315303339,1000,1550,1550,2.3776703,-0.06013,-1,-1,-1,0,0,0,136,1,1,0,0.0000000,0.0000000,0.0000000,0,0,0,0
756903480957958 D 2178,2315304339,1000,1551,1551,2.3792043,0.00237,-1,-1,-1,0,0,0,136,1,1,0,0.0000000,0.0000000,0.0000000,0,0,0,0
756903481665708 D 2179,2315305339,1000,1551,1551,2.3792043,0.00228,-1,-1,-1,0,0,0,136,1,1,0,0.0000000,0.0000000,0.0000000,0,0,0,0
756903482662916 D 2180,2315306339,1000,1551,1551,2.3792043,0.00219,-1,-1,-1,0,0,0,136,1,1,0,0.0000000,0.0000000,0.0000000,0,0,0,0
756903483661416 D 2181,2315307339,1000,1551,1551,2.3792043,0.00210,-1,-1,-1,0,0,0,136,1,1,0,0.0000000,0.0000000,0.0000000,0,0,0,0
756903484664666 D 2182,2315308339,1000,1551,1551,2.3792043,0.00202,-1,-1,-1,0,0,0,136,1,1,0,0.0000000,0.0000000,0.0000000,0,0,0,0
756903485675958 D 2183,2315309339,1000,1551,1551,2.3792043,0.00194,-1,-1,-1,0,0,0,136,1,1,0,0.0000000,0.0000000,0.0000000,0,0,0,0
756903486659583 D 2184,2315310339,1000,1551,1551,2.3792043,0.00187,-1,-1,-1,0,0,0,136,1,1,0,0.0000000,0.0000000,0.0000000,0,0,0,0
756903487661166 D 2185,2315311339,1000,1551,1551,2.3792043,0.00179,-1,-1,-1,0,0,0,136,1,1,0,0.0000000,0.0000000,0.0000000,0,0,0,0
756903488661833 D 2186,2315312339,1000,1551,1551,2.3792043,0.00172,-1,-1,-1,0,0,0,136,1,1,0,0.0000000,0.0000000,0.0000000,0,0,0,0
756903489684041 D 2187,2315313339,1000,1551,1551,2.3792043,0.00166,-1,-1,-1,0,0,0,136,1,1,0,0.0000000,0.0000000,0.0000000,0,0,0,0
756903490729875 D 2188,2315314339,1000,1551,1551,2.3792043,0.00159,-1,-1,-1,0,0,0,136,1,1,0,0.0000000,0.0000000,0.0000000,0,0,0,0
756903491709833 D 2189,2315315339,1000,1551,1551,2.3792043,0.00153,-1,-1,-1,0,0,0,136,1,1,0,0.0000000,0.0000000,0.0000000,0,0,0,0
756903492683250 D 2190,2315316339,1000,1551,1551,2.3792043,0.00147,-1,-1,-1,0,0,0,136,1,1,0,0.0000000,0.0000000,0.0000000,0,0,0,0
756903493670166 D 2191,2315317339,1000,1551,1551,2.3792043,0.00141,-1,-1,-1,0,0,0,136,1,1,0,0.0000000,0.0000000,0.0000000,0,0,0,0
756903494662375 D 2192,2315318339,1000,1551,1551,2.3792043,0.00136,-1,-1,-1,0,0,0,136,1,1,0,0.0000000,0.0000000,0.0000000,0,0,0,0
756903495670125 D 2193,2315319339,1000,1551,1551,2.3792043,0.00130,-1,-1,-1,0,0,0,136,1,1,0,0.0000000,0.0000000,0.0000000,0,0,0,0
756903496656291 D 2194,2315320339,1000,1551,1551,2.3792043,0.00125,-1,-1,-1,0,0,0,136,1,1,0,0.0000000,0.0000000,0.0000000,0,0,0,0
756903497666250 D 2195,2315321339,1000,1551,1551,2.3792043,0.00120,-1,-1,-1,0,0,0,136,1,1,0,0.0000000,0.0000000,0.0000000,0,0,0,0
756903498684291 D 2196,2315322339,1000,1551,1551,2.3792043,0.00115,-1,-1,-1,0,0,0,136,1,1,0,0.0000000,0.0000000,0.0000000,0,0,0,0
756903499669083 D 2197,2315323339,1000,1551,1551,2.3792043,0.00111,-1,-1,-1,0,0,0,136,1,1,0,0.0000000,0.0000000,0.0000000,0,0,0,0
756903500666666 D 2198,2315324339,1000,1551,1551,2.3792043,0.00107,-1,-1,-1,0,0,0,136,1,1,0,0.0000000,0.0000000,0.0000000,0,0,0,0
756903501687041 D 2199,2315325339,1000,1551,1551,2.3792043,0.00102,-1,-1,-1,0,0,0,136,1,1,0,0.0000000,0.0000000,0.0000000,0,0,0,0
756903502661666 D 2200,2315326339,1000,1551,1551,2.3792043,0.00098,-1,-1,-1,0,0,0,136,1,1,0,0.0000000,0.0000000,0.0000000,0,0,0,0
756903503879250 D 2201,2315327339,1000,1551,1551,2.3792043,0.00095,-1,-1,-1,0,0,0,136,1,1,0,0.0000000,0.0000000,0.0000000,0,0,0,0
756903504891000 D 2202,2315328339,1000,1551,1551,2.3792043,0.00091,-1,-1,-1,0,0,0,136,1,1,0,0.0000000,0.0000000,0.0000000,0,0,0,0
756903505894500 D 2203,2315329339,1000,1551,1551,2.3792043,0.00087,-1,-1,-1,0,0,0,136,1,1,0,0.0000000,0.0000000,0.0000000,0,0,0,0
756903506746500 D 2204,2315330339,1000,1551,1551,2.3792043,0.00084,-1,-1,-1,0,0,0,136,1,1,0,0.0000000,0.0000000,0.0000000,0,0,0,0
756903507674666 D 2205,2315331339,1000,1551,1551,2.3792043,0.00081,-1,-1,-1,0,0,0,136,1,1,0,0.0000000,0.0000000,0.0000000,0,0,0,0
756903508661708 D 2206,2315332339,1000,1551,1551,2.3792043,0.00077,-1,-1,-1,0,0,0,135,1,1,0,0.0000000,0.0000000,0.0000000,0,0,0,0
756903509663500 D 2207,2315333339,1000,1551,1551,2.3792043,0.00074,-1,-1,-1,0,0,0,136,1,1,0,0.0000000,0.0000000,0.0000000,0,0,0,0
756903510660708 D 2208,2315334339,1000,1551,1551,2.3792043,0.00071,-1,-1,-1,0,0,0,136,1,1,0,0.0000000,0.0000000,0.0000000,0,0,0,0
756903511677500 D 2209,2315335339,1000,1551,1551,2.3792043,0.00069,-1,-1,-1,0,0,0,136,1,1,0,0.0000000,0.0000000,0.0000000,0,0,0,0
756903512667208 D 2210,2315336339,1000,1551,1551,2.3792043,0.00066,-1,-1,-1,0,0,0,136,1,1,0,0.0000000,0.0000000,0.0000000,0,0,0,0
756903513692000 D 2211,2315337339,1000,1551,1551,2.3792043,0.00063,-1,-1,-1,0,0,0,136,1,1,0,0.0000000,0.0000000,0.0000000,0,0,0,0
756903514666333 D 2212,2315338339,1000,1551,1551,2.3792043,0.00061,-1,-1,-1,0,0,0,136,1,1,0,0.0000000,0.0000000,0.0000000,0,0,0,0
756903515675125 D 2213,2315339339,1000,1551,1551,2.3792043,0.00059,-1,-1,-1,0,0,0,135,1,1,0,0.0000000,0.0000000,0.0000000,0,0,0,0
756903516730458 D 2214,2315340339,1000,1551,1551,2.3792043,0.00056,-1,-1,-1,0,0,0,136,1,1,0,0.0000000,0.0000000,0.0000000,0,0,0,0
756903517680583 D 2215,2315341339,1000,1551,1551,2.3792043,0.00054,-1,-1,-1,0,0,0,136,1,1,0,0.0000000,0.0000000,0.0000000,0,0,0,0
756903518663708 D 2216,2315342339,1000,1551,1551,2.3792043,0.00052,-1,-1,-1,0,0,0,136,1,1,0,0.0000000,0.0000000,0.0000000,0,0,0,0
756903519661708 D 2217,2315343339,1000,1551,1551,2.3792043,0.00050,-1,-1,-1,0,0,0,136,1,1,0,0.0000000,0.0000000,0.0000000,0,0,0,0
756903520777083 D 2218,2315344339,1000,1551,1551,2.3792043,0.00048,-1,-1,-1,0,0,0,136,1,1,0,0.0000000,0.0000000,0.0000000,0,0,0,0
756903521757791 D 2219,2315345339,1000,1551,1551,2.3792043,0.00046,-1,-1,-1,0,0,0,136,1,1,0,0.0000000,0.0000000,0.0000000,0,0,0,0
756903522770375 D 2220,2315346339,1000,1551,1551,2.3792043,0.00044,-1,-1,-1,0,0,0,136,1,1,0,0.0000000,0.0000000,0.0000000,0,0,0,0
756903523796166 D 2221,2315347339,1000,1551,1551,2.3792043,0.00042,-1,-1,-1,0,0,0,136,1,1,0,0.0000000,0.0000000,0.0000000,0,0,0,0
756903524811416 D 2222,2315348339,1000,1551,1551,2.3792043,0.00041,-1,-1,-1,0,0,0,136,1,1,0,0.0000000,0.0000000,0.0000000,0,0,0,0
756903525765333 D 2223,2315349339,1000,1551,1551,2.3792043,0.00039,-1,-1,-1,0,0,0,136,1,1,0,0.0000000,0.0000000,0.0000000,0,0,0,0
756903526716041 D 2224,2315350339,1000,1551,1551,2.3792043,0.00038,-1,-1,-1,0,0,0,136,1,1,0,0.0000000,0.0000000,0.0000000,0,0,0,0
756903527693333 D 2225,2315351339,1000,1551,1551,2.3792043,0.00036,-1,-1,-1,0,0,0,136,1,1,0,0.0000000,0.0000000,0.0000000,0,0,0,0
756903529189958 D 2226,2315352339,1000,1551,1551,2.3792043,0.00035,39,128,2054,0,0,0,136,1,1,0,0.0000000,0.0000000,0.0000000,0,0,0,0
756903529823500 D 2227,2315353339,1000,1551,1551,2.3792043,0.00033,-1,-1,-1,0,0,0,136,1,1,0,0.0000000,0.0000000,0.0000000,0,0,0,0
756903530665916 D 2228,2315354339,1000,1551,1551,2.3792043,0.00032,-1,-1,-1,0,0,0,136,1,1,0,0.0000000,0.0000000,0.0000000,0,0,0,0
756903531675250 D 2229,2315355339,1000,1551,1551,2.3792043,0.00031,-1,-1,-1,0,0,0,136,1,1,0,0.0000000,0.0000000,0.0000000,0,0,0,0
756903532660500 D 2230,2315356339,1000,1551,1551,2.3792043,0.00030,-1,-1,-1,0,0,0,136,1,1,0,0.0000000,0.0000000,0.0000000,0,0,0,0
756903533671708 D 2231,2315357339,1000,1551,1551,2.3792043,0.00028,-1,-1,-1,0,0,0,136,1,1,0,0.0000000,0.0000000,0.0000000,0,0,0,0
756903534672666 D 2232,2315358339,1000,1551,1551,2.3792043,0.00027,-1,-1,-1,0,0,0,136,1,1,0,0.0000000,0.0000000,0.0000000,0,0,0,0
756903535889375 D 2233,2315359339,1000,1551,1551,2.3792043,0.00026,-1,-1,-1,0,0,0,136,1,1,0,0.0000000,0.0000000,0.0000000,0,0,0,0
756903536882166 D 2234,2315360339,1000,1551,1551,2.3792043,0.00025,-1,-1,-1,0,0,0,136,1,1,0,0.0000000,0.0000000,0.0000000,0,0,0,0
756903537915625 D 2235,2315361339,1000,1551,1551,2.3792043,0.00024,-1,-1,-1,0,0,0,136,1,1,0,0.0000000,0.0000000,0.0000000,0,0,0,0
756903538908375 D 2236,2315362339,1000,1551,1551,2.3792043,0.00023,-1,-1,-1,0,0,0,136,1,1,0,0.0000000,0.0000000,0.0000000,0,0,0,0
756903539892958 D 2237,2315363339,1000,1551,1551,2.3792043,0.00022,-1,-1,-1,0,0,0,136,1,1,0,0.0000000,0.0000000,0.0000000,0,0,0,0
756903540678000 D 2238,2315364339,1000,1551,1551,2.3792043,0.00022,-1,-1,-1,0,0,0,136,1,1,0,0.0000000,0.0000000,0.0000000,0,0,0,0
756903541666791 D 2239,2315365339,1000,1551,1551,2.3792043,0.00021,-1,-1,-1,0,0,0,136,1,1,0,0.0000000,0.0000000,0.0000000,0,0,0,0
756903542714541 D 2240,2315366339,1000,1551,1551,2.3792043,0.00020,-1,-1,-1,0,0,0,136,1,1,0,0.0000000,0.0000000,0.0000000,0,0,0,0
756903543679916 D 2241,2315367339,1000,1551,1551,2.3792043,0.00019,-1,-1,-1,0,0,0,136,1,1,0,0.0000000,0.0000000,0.0000000,0,0,0,0
756903544677583 D 2242,2315368339,1000,1551,1551,2.3792043,0.00018,-1,-1,-1,0,0,0,136,1,1,0,0.0000000,0.0000000,0.0000000,0,0,0,0
756903545676791 D 2243,2315369339,1000,1551,1551,2.3792043,0.00018,-1,-1,-1,0,0,0,136,1,1,0,0.0000000,0.0000000,0.0000000,0,0,0,0
756903546693666 D 2244,2315370339,1000,1551,1551,2.3792043,0.00017,-1,-1,-1,0,0,0,136,1,1,0,0.0000000,0.0000000,0.0000000,0,0,0,0
756903547684500 D 2245,2315371339,1000,1551,1551,2.3792043,0.00016,-1,-1,-1,0,0,0,136,1,1,0,0.0000000,0.0000000,0.0000000,0,0,0,0
756903548668500 D 2246,2315372339,1000,1551,1551,2.3792043,0.00016,-1,-1,-1,0,0,0,136,1,1,0,0.0000000,0.0000000,0.0000000,0,0,0,0
756903549665666 D 2247,2315373339,1000,1551,1551,2.3792043,0.00015,-1,-1,-1,0,0,0,136,1,1,0,0.0000000,0.0000000,0.0000000,0,0,0,0
756903550662333 D 2248,2315374339,1000,1551,1551,2.3792043,0.00014,-1,-1,-1,0,0,0,136,1,1,0,0.0000000,0.0000000,0.0000000,0,0,0,0
756903551682916 D 2249,2315375339,1000,1551,1551,2.3792043,0.00014,-1,-1,-1,0,0,0,136,1,1,0,0.0000000,0.0000000,0.0000000,0,0,0,0
756903552712291 D 2250,2315376339,1000,1551,1551,2.3792043,0.00013,-1,-1,-1,0,0,0,136,1,1,0,0.0000000,0.0000000,0.0000000,0,0,0,0
756903553708541 D 2251,2315377339,1000,1551,1551,2.3792043,0.00013,-1,-1,-1,0,0,0,136,1,1,0,0.0000000,0.0000000,0.0000000,0,0,0,0
756903554696208 D 2252,2315378339,1000,1551,1551,2.3792043,0.00012,-1,-1,-1,0,0,0,136,1,1,0,0.0000000,0.0000000,0.0000000,0,0,0,0
756903555674458 D 2253,2315379339,1000,1551,1551,2.3792043,0.00012,-1,-1,-1,0,0,0,136,1,1,0,0.0000000,0.0000000,0.0000000,0,0,0,0
756903556671125 D 2254,2315380339,1000,1551,1551,2.3792043,0.00011,-1,-1,-1,0,0,0,136,1,1,0,0.0000000,0.0000000,0.0000000,0,0,0,0
756903557680416 D 2255,2315381339,1000,1551,1551,2.3792043,0.00011,-1,-1,-1,0,0,0,136,1,1,0,0.0000000,0.0000000,0.0000000,0,0,0,0
756903558689875 D 2256,2315382339,1000,1551,1551,2.3792043,0.00010,-1,-1,-1,0,0,0,136,1,1,0,0.0000000,0.0000000,0.0000000,0,0,0,0
756903559659458 D 2257,2315383339,1000,1551,1551,2.3792043,0.00010,-1,-1,-1,0,0,0,136,1,1,0,0.0000000,0.0000000,0.0000000,0,0,0,0
756903560663833 D 2258,2315384339,1000,1550,1550,2.3776703,-0.06005,-1,-1,-1,0,0,0,136,1,1,0,0.0000000,0.0000000,0.0000000,0,0,0,0
756903561676041 D 2259,2315385339,1000,1551,1551,2.3792043,0.00245,-1,-1,-1,0,0,0,136,1,1,0,0.0000000,0.0000000,0.0000000,0,0,0,0
756903562671916 D 2260,2315386339,1000,1551,1551,2.3792043,0.00236,-1,-1,-1,0,0,0,136,1,1,0,0.0000000,0.0000000,0.0000000,0,0,0,0
756903563670541 D 2261,2315387339,1000,1551,1551,2.3792043,0.00226,-1,-1,-1,0,0,0,136,1,1,0,0.0000000,0.0000000,0.0000000,0,0,0,0
756903564668625 D 2262,2315388339,1000,1551,1551,2.3792043,0.00217,-1,-1,-1,0,0,0,136,1,1,0,0.0000000,0.0000000,0.0000000,0,0,0,0
756903565660458 D 2263,2315389339,1000,1551,1551,2.3792043,0.00209,-1,-1,-1,0,0,0,136,1,1,0,0.0000000,0.0000000,0.0000000,0,0,0,0
756903566661375 D 2264,2315390339,1000,1551,1551,2.3792043,0.00201,-1,-1,-1,0,0,0,136,1,1,0,0.0000000,0.0000000,0.0000000,0,0,0,0
756903567680250 D 2265,2315391339,1000,1551,1551,2.3792043,0.00193,-1,-1,-1,0,0,0,136,1,1,0,0.0000000,0.0000000,0.0000000,0,0,0,0
756903568731333 D 2266,2315392339,1000,1551,1551,2.3792043,0.00185,-1,-1,-1,0,0,0,136,1,1,0,0.0000000,0.0000000,0.0000000,0,0,0,0
756903570043291 D 2267,2315393339,1000,1551,1551,2.3792043,0.00178,-1,-1,-1,0,0,0,136,1,1,0,0.0000000,0.0000000,0.0000000,0,0,0,0
756903570988791 D 2268,2315394339,1000,1551,1551,2.3792043,0.00171,-1,-1,-1,0,0,0,136,1,1,0,0.0000000,0.0000000,0.0000000,0,0,0,0
756903571862333 D 2269,2315395339,1000,1551,1551,2.3792043,0.00164,-1,-1,-1,0,0,0,136,1,1,0,0.0000000,0.0000000,0.0000000,0,0,0,0
756903572713041 D 2270,2315396339,1000,1551,1551,2.3792043,0.00158,-1,-1,-1,0,0,0,136,1,1,0,0.0000000,0.0000000,0.0000000,0,0,0,0
756903573780333 D 2271,2315397339,1000,1551,1551,2.3792043,0.00152,-1,-1,-1,0,0,0,136,1,1,0,0.0000000,0.0000000,0.0000000,0,0,0,0
756903574701500 D 2272,2315398339,1000,1551,1551,2.3792043,0.00146,-1,-1,-1,0,0,0,136,1,1,0,0.0000000,0.0000000,0.0000000,0,0,0,0
756903575759500 D 2273,2315399339,1000,1551,1551,2.3792043,0.00140,-1,-1,-1,0,0,0,136,1,1,0,0.0000000,0.0000000,0.0000000,0,0,0,0
756903576686750 D 2274,2315400339,1000,1551,1551,2.3792043,0.00135,-1,-1,-1,0,0,0,136,1,1,0,0.0000000,0.0000000,0.0000000,0,0,0,0
756903577673875 D 2275,2315401339,1000,1551,1551,2.3792043,0.00129,-1,-1,-1,0,0,0,136,1,1,0,0.0000000,0.0000000,0.0000000,0,0,0,0
756903579135750 D 2276,2315402339,1000,1551,1551,2.3792043,0.00124,39,128,2054,0,0,0,136,1,1,0,0.0000000,0.0000000,0.0000000,0,0,0,0
756903579789041 D 2277,2315403339,1000,1551,1551,2.3792043,0.00119,-1,-1,-1,0,0,0,136,1,1,0,0.0000000,0.0000000,0.0000000,0,0,0,0
756903580672708 D 2278,2315404339,1000,1551,1551,2.3792043,0.00115,-1,-1,-1,0,0,0,136,1,1,0,0.0000000,0.0000000,0.0000000,0,0,0,0
756903581666791 D 2279,2315405339,1000,1551,1551,2.3792043,0.00110,-1,-1,-1,0,0,0,136,1,1,0,0.0000000,0.0000000,0.0000000,0,0,0,0
756903582666666 D 2280,2315406339,1000,1551,1551,2.3792043,0.00106,-1,-1,-1,0,0,0,136,1,1,0,0.0000000,0.0000000,0.0000000,0,0,0,0
756903583705166 D 2281,2315407339,1000,1551,1551,2.3792043,0.00102,-1,-1,-1,0,0,0,136,1,1,0,0.0000000,0.0000000,0.0000000,0,0,0,0
756903584693000 D 2282,2315408339,1000,1551,1551,2.3792043,0.00098,-1,-1,-1,0,0,0,136,1,1,0,0.0000000,0.0000000,0.0000000,0,0,0,0
756903585702750 D 2283,2315409339,1000,1551,1551,2.3792043,0.00094,-1,-1,-1,0,0,0,136,1,1,0,0.0000000,0.0000000,0.0000000,0,0,0,0
756903586669250 D 2284,2315410339,1000,1551,1551,2.3792043,0.00090,-1,-1,-1,0,0,0,136,1,1,0,0.0000000,0.0000000,0.0000000,0,0,0,0
756903587672291 D 2285,2315411339,1000,1551,1551,2.3792043,0.00087,-1,-1,-1,0,0,0,136,1,1,0,0.0000000,0.0000000,0.0000000,0,0,0,0
756903588672458 D 2286,2315412339,1000,1551,1551,2.3792043,0.00083,-1,-1,-1,0,0,0,136,1,1,0,0.0000000,0.0000000,0.0000000,0,0,0,0
756903589666041 D 2287,2315413339,1000,1551,1551,2.3792043,0.00080,-1,-1,-1,0,0,0,136,1,1,0,0.0000000,0.0000000,0.0000000,0,0,0,0
756903590665833 D 2288,2315414339,1000,1551,1551,2.3792043,0.00077,-1,-1,-1,0,0,0,136,1,1,0,0.0000000,0.0000000,0.0000000,0,0,0,0
756903591667666 D 2289,2315415339,1000,1551,1551,2.3792043,0.00074,-1,-1,-1,0,0,0,136,1,1,0,0.0000000,0.0000000,0.0000000,0,0,0,0
756903592673958 D 2290,2315416339,1000,1550,1550,2.3776703,-0.05944,-1,-1,-1,0,0,0,136,1,1,0,0.0000000,0.0000000,0.0000000,0,0,0,0
756903593659708 D 2291,2315417339,1000,1551,1551,2.3792043,0.00304,-1,-1,-1,0,0,0,136,1,1,0,0.0000000,0.0000000,0.0000000,0,0,0,0
756903594660625 D 2292,2315418339,1000,1551,1551,2.3792043,0.00292,-1,-1,-1,0,0,0,136,1,1,0,0.0000000,0.0000000,0.0000000,0,0,0,0
756903595691708 D 2293,2315419339,1000,1551,1551,2.3792043,0.00281,-1,-1,-1,0,0,0,136,1,1,0,0.0000000,0.0000000,0.0000000,0,0,0,0
756903596897583 D 2294,2315420339,1000,1551,1551,2.3792043,0.00270,-1,-1,-1,0,0,0,136,1,1,0,0.0000000,0.0000000,0.0000000,0,0,0,0
756903597878166 D 2295,2315421339,1000,1551,1551,2.3792043,0.00259,-1,-1,-1,0,0,0,136,1,1,0,0.0000000,0.0000000,0.0000000,0,0,0,0
756903598895458 D 2296,2315422339,1000,1551,1551,2.3792043,0.00249,-1,-1,-1,0,0,0,136,1,1,0,0.0000000,0.0000000,0.0000000,0,0,0,0
756903599748750 D 2297,2315423339,1000,1551,1551,2.3792043,0.00239,-1,-1,-1,0,0,0,136,1,1,0,0.0000000,0.0000000,0.0000000,0,0,0,0
756903600705250 D 2298,2315424339,1000,1551,1551,2.3792043,0.00230,-1,-1,-1,0,0,0,136,1,1,0,0.0000000,0.0000000,0.0000000,0,0,0,0
756903601671083 D 2299,2315425339,1000,1551,1551,2.3792043,0.00221,-1,-1,-1,0,0,0,136,1,1,0,0.0000000,0.0000000,0.0000000,0,0,0,0
756903602662791 D 2300,2315426339,1000,1551,1551,2.3792043,0.00212,-1,-1,-1,0,0,0,136,1,1,0,0.0000000,0.0000000,0.0000000,0,0,0,0
756903603664333 D 2301,2315427339,1000,1551,1551,2.3792043,0.00204,-1,-1,-1,0,0,0,136,1,1,0,0.0000000,0.0000000,0.0000000,0,0,0,0
756903604666166 D 2302,2315428339,1000,1551,1551,2.3792043,0.00196,-1,-1,-1,0,0,0,136,1,1,0,0.0000000,0.0000000,0.0000000,0,0,0,0
756903605681708 D 2303,2315429339,1000,1551,1551,2.3792043,0.00188,-1,-1,-1,0,0,0,136,1,1,0,0.0000000,0.0000000,0.0000000,0,0,0,0
756903606977583 D 2304,2315430339,1000,1551,1551,2.3792043,0.00181,-1,-1,-1,0,0,0,136,1,1,0,0.0000000,0.0000000,0.0000000,0,0,0,0
756903607918583 D 2305,2315431339,1000,1551,1551,2.3792043,0.00174,-1,-1,-1,0,0,0,136,1,1,0,0.0000000,0.0000000,0.0000000,0,0,0,0
756903608920208 D 2306,2315432339,1000,1551,1551,2.3792043,0.00167,-1,-1,-1,0,0,0,136,1,1,0,0.0000000,0.0000000,0.0000000,0,0,0,0
756903609689458 D 2307,2315433339,1000,1551,1551,2.3792043,0.00160,-1,-1,-1,0,0,0,136,1,1,0,0.0000000,0.0000000,0.0000000,0,0,0,0
756903610656083 D 2308,2315434339,1000,1551,1551,2.3792043,0.00154,-1,-1,-1,0,0,0,136,1,1,0,0.0000000,0.0000000,0.0000000,0,0,0,0
756903611675875 D 2309,2315435339,1000,1551,1551,2.3792043,0.00148,-1,-1,-1,0,0,0,136,1,1,0,0.0000000,0.0000000,0.0000000,0,0,0,0
756903612672625 D 2310,2315436339,1000,1551,1551,2.3792043,0.00142,-1,-1,-1,0,0,0,136,1,1,0,0.0000000,0.0000000,0.0000000,0,0,0,0
756903613658958 D 2311,2315437339,1000,1551,1551,2.3792043,0.00137,-1,-1,-1,0,0,0,136,1,1,0,0.0000000,0.0000000,0.0000000,0,0,0,0
756903614677000 D 2312,2315438339,1000,1551,1551,2.3792043,0.00131,-1,-1,-1,0,0,0,136,1,1,0,0.0000000,0.0000000,0.0000000,0,0,0,0
756903615688000 D 2313,2315439339,1000,1551,1551,2.3792043,0.00126,-1,-1,-1,0,0,0,136,1,1,0,0.0000000,0.0000000,0.0000000,0,0,0,0
756903616675166 D 2314,2315440339,1000,1551,1551,2.3792043,0.00121,-1,-1,-1,0,0,0,136,1,1,0,0.0000000,0.0000000,0.0000000,0,0,0,0
756903617660666 D 2315,2315441339,1000,1551,1551,2.3792043,0.00116,-1,-1,-1,0,0,0,136,1,1,0,0.0000000,0.0000000,0.0000000,0,0,0,0
756903618659416 D 2316,2315442339,1000,1551,1551,2.3792043,0.00112,-1,-1,-1,0,0,0,136,1,1,0,0.0000000,0.0000000,0.0000000,0,0,0,0
756903619653916 D 2317,2315443339,1000,1551,1551,2.3792043,0.00107,-1,-1,-1,0,0,0,136,1,1,0,0.0000000,0.0000000,0.0000000,0,0,0,0
756903620659458 D 2318,2315444339,1000,1551,1551,2.3792043,0.00103,-1,-1,-1,0,0,0,136,1,1,0,0.0000000,0.0000000,0.0000000,0,0,0,0
756903621654541 D 2319,2315445339,1000,1551,1551,2.3792043,0.00099,-1,-1,-1,0,0,0,136,1,1,0,0.0000000,0.0000000,0.0000000,0,0,0,0
756903622652958 D 2320,2315446339,1000,1551,1551,2.3792043,0.00095,-1,-1,-1,0,0,0,136,1,1,0,0.0000000,0.0000000,0.0000000,0,0,0,0
756903623650375 D 2321,2315447339,1000,1551,1551,2.3792043,0.00092,-1,-1,-1,0,0,0,136,1,1,0,0.0000000,0.0000000,0.0000000,0,0,0,0
756903624654583 D 2322,2315448339,1000,1551,1551,2.3792043,0.00088,-1,-1,-1,0,0,0,136,1,1,0,0.0000000,0.0000000,0.0000000,0,0,0,0
756903625656000 D 2323,2315449339,1000,1551,1551,2.3792043,0.00085,-1,-1,-1,0,0,0,136,1,1,0,0.0000000,0.0000000,0.0000000,0,0,0,0
756903626653666 D 2324,2315450339,1000,1551,1551,2.3792043,0.00081,-1,-1,-1,0,0,0,136,1,1,0,0.0000000,0.0000000,0.0000000,0,0,0,0
756903627665666 D 2325,2315451339,1000,1551,1551,2.3792043,0.00078,-1,-1,-1,0,0,0,136,1,1,0,0.0000000,0.0000000,0.0000000,0,0,0,0
756903629121416 D 2326,2315452339,1000,1551,1551,2.3792043,0.00075,39,128,2054,0,0,0,136,1,1,0,0.0000000,0.0000000,0.0000000,0,0,0,0
756903629725250 D 2327,2315453339,1000,1551,1551,2.3792043,0.00072,-1,-1,-1,0,0,0,136,1,1,0,0.0000000,0.0000000,0.0000000,0,0,0,0
756903630664291 D 2328,2315454339,1000,1551,1551,2.3792043,0.00069,-1,-1,-1,0,0,0,136,1,1,0,0.0000000,0.0000000,0.0000000,0,0,0,0
756903631675750 D 2329,2315455339,1000,1551,1551,2.3792043,0.00066,-1,-1,-1,0,0,0,136,1,1,0,0.0000000,0.0000000,0.0000000,0,0,0,0
756903632662791 D 2330,2315456339,1000,1551,1551,2.3792043,0.00064,-1,-1,-1,0,0,0,136,1,1,0,0.0000000,0.0000000,0.0000000,0,0,0,0
756903633665833 D 2331,2315457339,1000,1551,1551,2.3792043,0.00061,-1,-1,-1,0,0,0,136,1,1,0,0.0000000,0.0000000,0.0000000,0,0,0,0
756903634668541 D 2332,2315458339,1000,1551,1551,2.3792043,0.00059,-1,-1,-1,0,0,0,136,1,1,0,0.0000000,0.0000000,0.0000000,0,0,0,0
756903635685458 D 2333,2315459339,1000,1551,1551,2.3792043,0.00057,-1,-1,-1,0,0,0,136,1,1,0,0.0000000,0.0000000,0.0000000,0,0,0,0
756903636663541 D 2334,2315460339,1000,1551,1551,2.3792043,0.00054,-1,-1,-1,0,0,0,136,1,1,0,0.0000000,0.0000000,0.0000000,0,0,0,0
756903637656000 D 2335,2315461339,1000,1551,1551,2.3792043,0.00052,-1,-1,-1,0,0,0,136,1,1,0,0.0000000,0.0000000,0.0000000,0,0,0,0
756903638877833 D 2336,2315462339,1000,1551,1551,2.3792043,0.00050,-1,-1,-1,0,0,0,136,1,1,0,0.0000000,0.0000000,0.0000000,0,0,0,0
756903639878291 D 2337,2315463339,1000,1551,1551,2.3792043,0.00048,-1,-1,-1,0,0,0,136,1,1,0,0.0000000,0.0000000,0.0000000,0,0,0,0
756903640886625 D 2338,2315464339,1000,1551,1551,2.3792043,0.00046,-1,-1,-1,0,0,0,136,1,1,0,0.0000000,0.0000000,0.0000000,0,0,0,0
756903641879041 D 2339,2315465339,1000,1551,1551,2.3792043,0.00045,-1,-1,-1,0,0,0,136,1,1,0,0.0000000,0.0000000,0.0000000,0,0,0,0
756903642823208 D 2340,2315466339,1000,1551,1551,2.3792043,0.00043,-1,-1,-1,0,0,0,136,1,1,0,0.0000000,0.0000000,0.0000000,0,0,0,0
756903643663708 D 2341,2315467339,1000,1551,1551,2.3792043,0.00041,-1,-1,-1,0,0,0,136,1,1,0,0.0000000,0.0000000,0.0000000,0,0,0,0
756903644654708 D 2342,2315468339,1000,1551,1551,2.3792043,0.00040,-1,-1,-1,0,0,0,136,1,1,0,0.0000000,0.0000000,0.0000000,0,0,0,0
756903645649083 D 2343,2315469339,1000,1551,1551,2.3792043,0.00038,-1,-1,-1,0,0,0,136,1,1,0,0.0000000,0.0000000,0.0000000,0,0,0,0
756903646683041 D 2344,2315470339,1000,1551,1551,2.3792043,0.00036,-1,-1,-1,0,0,0,136,1,1,0,0.0000000,0.0000000,0.0000000,0,0,0,0
756903647657916 D 2345,2315471339,1000,1551,1551,2.3792043,0.00035,-1,-1,-1,0,0,0,136,1,1,0,0.0000000,0.0000000,0.0000000,0,0,0,0
756903648657916 D 2346,2315472339,1000,1551,1551,2.3792043,0.00034,-1,-1,-1,0,0,0,136,1,1,0,0.0000000,0.0000000,0.0000000,0,0,0,0
756903649655000 D 2347,2315473339,1000,1551,1551,2.3792043,0.00032,-1,-1,-1,0,0,0,136,1,1,0,0.0000000,0.0000000,0.0000000,0,0,0,0
756903650662166 D 2348,2315474339,1000,1551,1551,2.3792043,0.00031,-1,-1,-1,0,0,0,136,1,1,0,0.0000000,0.0000000,0.0000000,0,0,0,0
756903651656541 D 2349,2315475339,1000,1551,1551,2.3792043,0.00030,-1,-1,-1,0,0,0,136,1,1,0,0.0000000,0.0000000,0.0000000,0,0,0,0
756903652656916 D 2350,2315476339,1000,1551,1551,2.3792043,0.00029,-1,-1,-1,0,0,0,136,1,1,0,0.0000000,0.0000000,0.0000000,0,0,0,0
756903653656375 D 2351,2315477339,1000,1551,1551,2.3792043,0.00028,-1,-1,-1,0,0,0,136,1,1,0,0.0000000,0.0000000,0.0000000,0,0,0,0
756903654658458 D 2352,2315478339,1000,1551,1551,2.3792043,0.00026,-1,-1,-1,0,0,0,136,1,1,0,0.0000000,0.0000000,0.0000000,0,0,0,0
756903655653666 D 2353,2315479339,1000,1551,1551,2.3792043,0.00025,-1,-1,-1,0,0,0,136,1,1,0,0.0000000,0.0000000,0.0000000,0,0,0,0
756903656656625 D 2354,2315480339,1000,1551,1551,2.3792043,0.00024,-1,-1,-1,0,0,0,136,1,1,0,0.0000000,0.0000000,0.0000000,0,0,0,0
756903657654500 D 2355,2315481339,1000,1551,1551,2.3792043,0.00024,-1,-1,-1,0,0,0,136,1,1,0,0.0000000,0.0000000,0.0000000,0,0,0,0
756903658656000 D 2356,2315482339,1000,1551,1551,2.3792043,0.00023,-1,-1,-1,0,0,0,136,1,1,0,0.0000000,0.0000000,0.0000000,0,0,0,0
756903659653583 D 2357,2315483339,1000,1551,1551,2.3792043,0.00022,-1,-1,-1,0,0,0,136,1,1,0,0.0000000,0.0000000,0.0000000,0,0,0,0
756903660660625 D 2358,2315484339,1000,1551,1551,2.3792043,0.00021,-1,-1,-1,0,0,0,136,1,1,0,0.0000000,0.0000000,0.0000000,0,0,0,0
756903661673500 D 2359,2315485339,1000,1551,1551,2.3792043,0.00020,-1,-1,-1,0,0,0,136,1,1,0,0.0000000,0.0000000,0.0000000,0,0,0,0
756903662889041 D 2360,2315486339,1000,1551,1551,2.3792043,0.00019,-1,-1,-1,0,0,0,136,1,1,0,0.0000000,0.0000000,0.0000000,0,0,0,0
756903663885583 D 2361,2315487339,1000,1551,1551,2.3792043,0.00018,-1,-1,-1,0,0,0,136,1,1,0,0.0000000,0.0000000,0.0000000,0,0,0,0
756903664767041 D 2362,2315488339,1000,1551,1551,2.3792043,0.00018,-1,-1,-1,0,0,0,136,1,1,0,0.0000000,0.0000000,0.0000000,0,0,0,0
756903665655250 D 2363,2315489339,1000,1551,1551,2.3792043,0.00017,-1,-1,-1,0,0,0,136,1,1,0,0.0000000,0.0000000,0.0000000,0,0,0,0
756903666656041 D 2364,2315490339,1000,1551,1551,2.3792043,0.00016,-1,-1,-1,0,0,0,136,1,1,0,0.0000000,0.0000000,0.0000000,0,0,0,0
756903667653583 D 2365,2315491339,1000,1551,1551,2.3792043,0.00016,-1,-1,-1,0,0,0,136,1,1,0,0.0000000,0.0000000,0.0000000,0,0,0,0
756903668657458 D 2366,2315492339,1000,1551,1551,2.3792043,0.00015,-1,-1,-1,0,0,0,136,1,1,0,0.0000000,0.0000000,0.0000000,0,0,0,0
756903669780500 D 2367,2315493339,1000,1551,1551,2.3792043,0.00015,-1,-1,-1,0,0,0,136,1,1,0,0.0000000,0.0000000,0.0000000,0,0,0,0
756903670769458 D 2368,2315494339,1000,1551,1551,2.3792043,0.00014,-1,-1,-1,0,0,0,136,1,1,0,0.0000000,0.0000000,0.0000000,0,0,0,0
756903671690583 D 2369,2315495339,1000,1551,1551,2.3792043,0.00013,-1,-1,-1,0,0,0,136,1,1,0,0.0000000,0.0000000,0.0000000,0,0,0,0
756903672690000 D 2370,2315496339,1000,1551,1551,2.3792043,0.00013,-1,-1,-1,0,0,0,136,1,1,0,0.0000000,0.0000000,0.0000000,0,0,0,0
756903673673625 D 2371,2315497339,1000,1551,1551,2.3792043,0.00012,-1,-1,-1,0,0,0,136,1,1,0,0.0000000,0.0000000,0.0000000,0,0,0,0
756903674672875 D 2372,2315498339,1000,1551,1551,2.3792043,0.00012,-1,-1,-1,0,0,0,136,1,1,0,0.0000000,0.0000000,0.0000000,0,0,0,0
756903675666208 D 2373,2315499339,1000,1551,1551,2.3792043,0.00011,-1,-1,-1,0,0,0,136,1,1,0,0.0000000,0.0000000,0.0000000,0,0,0,0
756903676771916 D 2374,2315500339,1000,1551,1551,2.3792043,0.00011,-1,-1,-1,0,0,0,136,1,1,0,0.0000000,0.0000000,0.0000000,0,0,0,0
756903677713750 D 2375,2315501339,1000,1551,1551,2.3792043,0.00011,-1,-1,-1,0,0,0,136,1,1,0,0.0000000,0.0000000,0.0000000,0,0,0,0
756903679085208 D 2376,2315502339,1000,1551,1551,2.3792043,0.00010,39,128,2054,0,0,0,136,1,1,0,0.0000000,0.0000000,0.0000000,0,0,0,0
756903679748583 D 2377,2315503339,1000,1551,1551,2.3792043,0.00010,-1,-1,-1,0,0,0,136,1,1,0,0.0000000,0.0000000,0.0000000,0,0,0,0
756903680672666 D 2378,2315504339,1000,1551,1551,2.3792043,0.00009,-1,-1,-1,0,0,0,136,1,1,0,0.0000000,0.0000000,0.0000000,0,0,0,0
756903681888916 D 2379,2315505339,1000,1551,1551,2.3792043,0.00009,-1,-1,-1,0,0,0,136,1,1,0,0.0000000,0.0000000,0.0000000,0,0,0,0
756903682888166 D 2380,2315506339,1000,1551,1551,2.3792043,0.00009,-1,-1,-1,0,0,0,136,1,1,0,0.0000000,0.0000000,0.0000000,0,0,0,0
756903683890791 D 2381,2315507339,1000,1551,1551,2.3792043,0.00008,-1,-1,-1,0,0,0,136,1,1,0,0.0000000,0.0000000,0.0000000,0,0,0,0
756903684698333 D 2382,2315508339,1000,1551,1551,2.3792043,0.00008,-1,-1,-1,0,0,0,136,1,1,0,0.0000000,0.0000000,0.0000000,0,0,0,0
756903685667333 D 2383,2315509339,1000,1551,1551,2.3792043,0.00008,-1,-1,-1,0,0,0,136,1,1,0,0.0000000,0.0000000,0.0000000,0,0,0,0
756903686653875 D 2384,2315510339,1000,1551,1551,2.3792043,0.00007,-1,-1,-1,0,0,0,136,1,1,0,0.0000000,0.0000000,0.0000000,0,0,0,0
756903687655375 D 2385,2315511339,1000,1551,1551,2.3792043,0.00007,-1,-1,-1,0,0,0,136,1,1,0,0.0000000,0.0000000,0.0000000,0,0,0,0
756903688660750 D 2386,2315512339,1000,1551,1551,2.3792043,0.00007,-1,-1,-1,0,0,0,136,1,1,0,0.0000000,0.0000000,0.0000000,0,0,0,0
756903689657166 D 2387,2315513339,1000,1551,1551,2.3792043,0.00007,-1,-1,-1,0,0,0,136,1,1,0,0.0000000,0.0000000,0.0000000,0,0,0,0
756903690655291 D 2388,2315514339,1000,1551,1551,2.3792043,0.00006,-1,-1,-1,0,0,0,136,1,1,0,0.0000000,0.0000000,0.0000000,0,0,0,0
756903691660416 D 2389,2315515339,1000,1551,1551,2.3792043,0.00006,-1,-1,-1,0,0,0,136,1,1,0,0.0000000,0.0000000,0.0000000,0,0,0,0
756903692774458 D 2390,2315516339,1000,1551,1551,2.3792043,0.00006,-1,-1,-1,0,0,0,136,1,1,0,0.0000000,0.0000000,0.0000000,0,0,0,0
756903693721375 D 2391,2315517339,1000,1551,1551,2.3792043,0.00006,-1,-1,-1,0,0,0,136,1,1,0,0.0000000,0.0000000,0.0000000,0,0,0,0
756903694663916 D 2392,2315518339,1000,1551,1551,2.3792043,0.00005,-1,-1,-1,0,0,0,136,1,1,0,0.0000000,0.0000000,0.0000000,0,0,0,0
756903695667625 D 2393,2315519339,1000,1551,1551,2.3792043,0.00005,-1,-1,-1,0,0,0,136,1,1,0,0.0000000,0.0000000,0.0000000,0,0,0,0
756903696668958 D 2394,2315520339,1000,1551,1551,2.3792043,0.00005,-1,-1,-1,0,0,0,136,1,1,0,0.0000000,0.0000000,0.0000000,0,0,0,0
756903697895708 D 2395,2315521339,1000,1551,1551,2.3792043,0.00005,-1,-1,-1,0,0,0,136,1,1,0,0.0000000,0.0000000,0.0000000,0,0,0,0
756903698874458 D 2396,2315522339,1000,1551,1551,2.3792043,0.00005,-1,-1,-1,0,0,0,136,1,1,0,0.0000000,0.0000000,0.0000000,0,0,0,0
756903699911583 D 2397,2315523339,1000,1551,1551,2.3792043,0.00004,-1,-1,-1,0,0,0,136,1,1,0,0.0000000,0.0000000,0.0000000,0,0,0,0
756903700696375 D 2398,2315524339,1000,1551,1551,2.3792043,0.00004,-1,-1,-1,0,0,0,136,1,1,0,0.0000000,0.0000000,0.0000000,0,0,0,0
756903701680166 D 2399,2315525339,1000,1551,1551,2.3792043,0.00004,-1,-1,-1,0,0,0,136,1,1,0,0.0000000,0.0000000,0.0000000,0,0,0,0
756903702658750 D 2400,2315526339,1000,1551,1551,2.3792043,0.00004,-1,-1,-1,0,0,0,136,1,1,0,0.0000000,0.0000000,0.0000000,0,0,0,0
756903703662333 D 2401,2315527339,1000,1551,1551,2.3792043,0.00004,-1,-1,-1,0,0,0,136,1,1,0,0.0000000,0.0000000,0.0000000,0,0,0,0
756903704658500 D 2402,2315528339,1000,1551,1551,2.3792043,0.00004,-1,-1,-1,0,0,0,135,1,1,0,0.0000000,0.0000000,0.0000000,0,0,0,0
756903705656166 D 2403,2315529339,1000,1551,1551,2.3792043,0.00003,-1,-1,-1,0,0,0,136,1,1,0,0.0000000,0.0000000,0.0000000,0,0,0,0
756903706658666 D 2404,2315530339,1000,1551,1551,2.3792043,0.00003,-1,-1,-1,0,0,0,136,1,1,0,0.0000000,0.0000000,0.0000000,0,0,0,0
756903707653833 D 2405,2315531339,1000,1551,1551,2.3792043,0.00003,-1,-1,-1,0,0,0,136,1,1,0,0.0000000,0.0000000,0.0000000,0,0,0,0
756903708665166 D 2406,2315532339,1000,1551,1551,2.3792043,0.00003,-1,-1,-1,0,0,0,136,1,1,0,0.0000000,0.0000000,0.0000000,0,0,0,0
756903709685083 D 2407,2315533339,1000,1551,1551,2.3792043,0.00003,-1,-1,-1,0,0,0,136,1,1,0,0.0000000,0.0000000,0.0000000,0,0,0,0
756903710682416 D 2408,2315534339,1000,1551,1551,2.3792043,0.00003,-1,-1,-1,0,0,0,136,1,1,0,0.0000000,0.0000000,0.0000000,0,0,0,0
756903711659750 D 2409,2315535339,1000,1551,1551,2.3792043,0.00003,-1,-1,-1,0,0,0,136,1,1,0,0.0000000,0.0000000,0.0000000,0,0,0,0
756903712673416 D 2410,2315536339,1000,1551,1551,2.3792043,0.00003,-1,-1,-1,0,0,0,136,1,1,0,0.0000000,0.0000000,0.0000000,0,0,0,0
756903713662666 D 2411,2315537339,1000,1551,1551,2.3792043,0.00003,-1,-1,-1,0,0,0,136,1,1,0,0.0000000,0.0000000,0.0000000,0,0,0,0
756903714660208 D 2412,2315538339,1000,1551,1551,2.3792043,0.00002,-1,-1,-1,0,0,0,136,1,1,0,0.0000000,0.0000000,0.0000000,0,0,0,0
756903715657833 D 2413,2315539339,1000,1551,1551,2.3792043,0.00002,-1,-1,-1,0,0,0,136,1,1,0,0.0000000,0.0000000,0.0000000,0,0,0,0
756903716660083 D 2414,2315540339,1000,1551,1551,2.3792043,0.00002,-1,-1,-1,0,0,0,136,1,1,0,0.0000000,0.0000000,0.0000000,0,0,0,0
756903717659125 D 2415,2315541339,1000,1551,1551,2.3792043,0.00002,-1,-1,-1,0,0,0,136,1,1,0,0.0000000,0.0000000,0.0000000,0,0,0,0
756903718661125 D 2416,2315542339,1000,1551,1551,2.3792043,0.00002,-1,-1,-1,0,0,0,136,1,1,0,0.0000000,0.0000000,0.0000000,0,0,0,0
756903719653708 D 2417,2315543339,1000,1551,1551,2.3792043,0.00002,-1,-1,-1,0,0,0,136,1,1,0,0.0000000,0.0000000,0.0000000,0,0,0,0
756903720655916 D 2418,2315544339,1000,1551,1551,2.3792043,0.00002,-1,-1,-1,0,0,0,136,1,1,0,0.0000000,0.0000000,0.0000000,0,0,0,0
756903721658625 D 2419,2315545339,1000,1551,1551,2.3792043,0.00002,-1,-1,-1,0,0,0,136,1,1,0,0.0000000,0.0000000,0.0000000,0,0,0,0
756903722658750 D 2420,2315546339,1000,1551,1551,2.3792043,0.00002,-1,-1,-1,0,0,0,136,1,1,0,0.0000000,0.0000000,0.0000000,0,0,0,0
756903723661958 D 2421,2315547339,1000,1551,1551,2.3792043,0.00002,-1,-1,-1,0,0,0,136,1,1,0,0.0000000,0.0000000,0.0000000,0,0,0,0
756903724660000 D 2422,2315548339,1000,1551,1551,2.3792043,0.00002,-1,-1,-1,0,0,0,136,1,1,0,0.0000000,0.0000000,0.0000000,0,0,0,0
756903725693458 D 2423,2315549339,1000,1551,1551,2.3792043,0.00002,-1,-1,-1,0,0,0,136,1,1,0,0.0000000,0.0000000,0.0000000,0,0,0,0
756903726648458 D 2424,2315550339,1000,1551,1551,2.3792043,0.00001,-1,-1,-1,0,0,0,136,1,1,0,0.0000000,0.0000000,0.0000000,0,0,0,0
756903727650666 D 2425,2315551339,1000,1551,1551,2.3792043,0.00001,-1,-1,-1,0,0,0,136,1,1,0,0.0000000,0.0000000,0.0000000,0,0,0,0
756903729321791 D 2426,2315552339,1000,1551,1551,2.3792043,0.00001,39,128,2054,0,0,0,136,1,1,0,0.0000000,0.0000000,0.0000000,0,0,0,0
756903730153458 D 2427,2315553339,1000,1551,1551,2.3792043,0.00001,-1,-1,-1,0,0,0,136,1,1,0,0.0000000,0.0000000,0.0000000,0,0,0,0
756903730973875 D 2428,2315554339,1000,1551,1551,2.3792043,0.00001,-1,-1,-1,0,0,0,136,1,1,0,0.0000000,0.0000000,0.0000000,0,0,0,0
756903731789333 D 2429,2315555339,1000,1551,1551,2.3792043,0.00001,-1,-1,-1,0,0,0,136,1,1,0,0.0000000,0.0000000,0.0000000,0,0,0,0
756903732659250 D 2430,2315556339,1000,1551,1551,2.3792043,0.00001,-1,-1,-1,0,0,0,136,1,1,0,0.0000000,0.0000000,0.0000000,0,0,0,0
756903733664833 D 2431,2315557339,1000,1551,1551,2.3792043,0.00001,-1,-1,-1,0,0,0,136,1,1,0,0.0000000,0.0000000,0.0000000,0,0,0,0
756903734655375 D 2432,2315558339,1000,1551,1551,2.3792043,0.00001,-1,-1,-1,0,0,0,136,1,1,0,0.0000000,0.0000000,0.0000000,0,0,0,0
756903735658833 D 2433,2315559339,1000,1551,1551,2.3792043,0.00001,-1,-1,-1,0,0,0,136,1,1,0,0.0000000,0.0000000,0.0000000,0,0,0,0
756903736658833 D 2434,2315560339,1000,1551,1551,2.3792043,0.00001,-1,-1,-1,0,0,0,136,1,1,0,0.0000000,0.0000000,0.0000000,0,0,0,0
756903737653958 D 2435,2315561339,1000,1551,1551,2.3792043,0.00001,-1,-1,-1,0,0,0,136,1,1,0,0.0000000,0.0000000,0.0000000,0,0,0,0
756903738658458 D 2436,2315562339,1000,1551,1551,2.3792043,0.00001,-1,-1,-1,0,0,0,136,1,1,0,0.0000000,0.0000000,0.0000000,0,0,0,0
756903739670500 D 2437,2315563339,1000,1551,1551,2.3792043,0.00001,-1,-1,-1,0,0,0,136,1,1,0,0.0000000,0.0000000,0.0000000,0,0,0,0
756903740674541 D 2438,2315564339,1000,1551,1551,2.3792043,0.00001,-1,-1,-1,0,0,0,136,1,1,0,0.0000000,0.0000000,0.0000000,0,0,0,0
756903741666416 D 2439,2315565339,1000,1551,1551,2.3792043,0.00001,-1,-1,-1,0,0,0,136,1,1,0,0.0000000,0.0000000,0.0000000,0,0,0,0
756903742665291 D 2440,2315566339,1000,1551,1551,2.3792043,0.00001,-1,-1,-1,0,0,0,136,1,1,0,0.0000000,0.0000000,0.0000000,0,0,0,0
756903743658916 D 2441,2315567339,1000,1551,1551,2.3792043,0.00001,-1,-1,-1,0,0,0,136,1,1,0,0.0000000,0.0000000,0.0000000,0,0,0,0
756903744658708 D 2442,2315568339,1000,1551,1551,2.3792043,0.00001,-1,-1,-1,0,0,0,136,1,1,0,0.0000000,0.0000000,0.0000000,0,0,0,0
756903745665791 D 2443,2315569339,1000,1551,1551,2.3792043,0.00001,-1,-1,-1,0,0,0,136,1,1,0,0.0000000,0.0000000,0.0000000,0,0,0,0
756903746661041 D 2444,2315570339,1000,1551,1551,2.3792043,0.00001,-1,-1,-1,0,0,0,136,1,1,0,0.0000000,0.0000000,0.0000000,0,0,0,0
756903747657666 D 2445,2315571339,1000,1551,1551,2.3792043,0.00001,-1,-1,-1,0,0,0,136,1,1,0,0.0000000,0.0000000,0.0000000,0,0,0,0
756903748657791 D 2446,2315572339,1000,1551,1551,2.3792043,0.00001,-1,-1,-1,0,0,0,136,1,1,0,0.0000000,0.0000000,0.0000000,0,0,0,0
756903749656083 D 2447,2315573339,1000,1551,1551,2.3792043,0.00001,-1,-1,-1,0,0,0,136,1,1,0,0.0000000,0.0000000,0.0000000,0,0,0,0
756903750664125 D 2448,2315574339,1000,1551,1551,2.3792043,0.00001,-1,-1,-1,0,0,0,136,1,1,0,0.0000000,0.0000000,0.0000000,0,0,0,0
756903751663916 D 2449,2315575339,1000,1551,1551,2.3792043,0.00001,-1,-1,-1,0,0,0,136,1,1,0,0.0000000,0.0000000,0.0000000,0,0,0,0
756903752654166 D 2450,2315576339,1000,1551,1551,2.3792043,0.00001,-1,-1,-1,0,0,0,136,1,1,0,0.0000000,0.0000000,0.0000000,0,0,0,0
756903753652250 D 2451,2315577339,1000,1551,1551,2.3792043,0.00001,-1,-1,-1,0,0,0,136,1,1,0,0.0000000,0.0000000,0.0000000,0,0,0,0
756903754881250 D 2452,2315578339,1000,1551,1551,2.3792043,0.00000,-1,-1,-1,0,0,0,136,1,1,0,0.0000000,0.0000000,0.0000000,0,0,0,0
756903755881791 D 2453,2315579339,1000,1551,1551,2.3792043,0.00000,-1,-1,-1,0,0,0,136,1,1,0,0.0000000,0.0000000,0.0000000,0,0,0,0
756903756899000 D 2454,2315580339,1000,1551,1551,2.3792043,0.00000,-1,-1,-1,0,0,0,136,1,1,0,0.0000000,0.0000000,0.0000000,0,0,0,0
756903757883750 D 2455,2315581339,1000,1551,1551,2.3792043,0.00000,-1,-1,-1,0,0,0,136,1,1,0,0.0000000,0.0000000,0.0000000,0,0,0,0
756903758877125 D 2456,2315582339,1000,1551,1551,2.3792043,0.00000,-1,-1,-1,0,0,0,136,1,1,0,0.0000000,0.0000000,0.0000000,0,0,0,0
756903759707750 D 2457,2315583339,1000,1551,1551,2.3792043,0.00000,-1,-1,-1,0,0,0,136,1,1,0,0.0000000,0.0000000,0.0000000,0,0,0,0
756903760658208 D 2458,2315584339,1000,1551,1551,2.3792043,0.00000,-1,-1,-1,0,0,0,136,1,1,0,0.0000000,0.0000000,0.0000000,0,0,0,0
756903761656791 D 2459,2315585339,1000,1551,1551,2.3792043,0.00000,-1,-1,-1,0,0,0,136,1,1,0,0.0000000,0.0000000,0.0000000,0,0,0,0
756903762660750 D 2460,2315586339,1000,1551,1551,2.3792043,0.00000,-1,-1,-1,0,0,0,136,1,1,0,0.0000000,0.0000000,0.0000000,0,0,0,0
756903763656666 D 2461,2315587339,1000,1551,1551,2.3792043,0.00000,-1,-1,-1,0,0,0,136,1,1,0,0.0000000,0.0000000,0.0000000,0,0,0,0
756903764660375 D 2462,2315588339,1000,1551,1551,2.3792043,0.00000,-1,-1,-1,0,0,0,136,1,1,0,0.0000000,0.0000000,0.0000000,0,0,0,0
756903765669708 D 2463,2315589339,1000,1551,1551,2.3792043,0.00000,-1,-1,-1,0,0,0,136,1,1,0,0.0000000,0.0000000,0.0000000,0,0,0,0
756903766661875 D 2464,2315590339,1000,1551,1551,2.3792043,0.00000,-1,-1,-1,0,0,0,136,1,1,0,0.0000000,0.0000000,0.0000000,0,0,0,0
756903767649333 D 2465,2315591339,1000,1551,1551,2.3792043,0.00000,-1,-1,-1,0,0,0,136,1,1,0,0.0000000,0.0000000,0.0000000,0,0,0,0
756903768868416 D 2466,2315592339,1000,1551,1551,2.3792043,0.00000,-1,-1,-1,0,0,0,136,1,1,0,0.0000000,0.0000000,0.0000000,0,0,0,0
756903769929500 D 2467,2315593339,1000,1551,1551,2.3792043,0.00000,-1,-1,-1,0,0,0,136,1,1,0,0.0000000,0.0000000,0.0000000,0,0,0,0
756903770975958 D 2468,2315594339,1000,1551,1551,2.3792043,0.00000,-1,-1,-1,0,0,0,136,1,1,0,0.0000000,0.0000000,0.0000000,0,0,0,0
756903771760500 D 2469,2315595339,1000,1551,1551,2.3792043,0.00000,-1,-1,-1,0,0,0,136,1,1,0,0.0000000,0.0000000,0.0000000,0,0,0,0
756903772699791 D 2470,2315596339,1000,1551,1551,2.3792043,0.00000,-1,-1,-1,0,0,0,136,1,1,0,0.0000000,0.0000000,0.0000000,0,0,0,0
756903773754500 D 2471,2315597339,1000,1551,1551,2.3792043,0.00000,-1,-1,-1,0,0,0,136,1,1,0,0.0000000,0.0000000,0.0000000,0,0,0,0
756903774743166 D 2472,2315598339,1000,1551,1551,2.3792043,0.00000,-1,-1,-1,0,0,0,136,1,1,0,0.0000000,0.0000000,0.0000000,0,0,0,0
756903775706083 D 2473,2315599339,1000,1551,1551,2.3792043,0.00000,-1,-1,-1,0,0,0,136,1,1,0,0.0000000,0.0000000,0.0000000,0,0,0,0
756903776676000 D 2474,2315600339,1000,1551,1551,2.3792043,0.00000,-1,-1,-1,0,0,0,136,1,1,0,0.0000000,0.0000000,0.0000000,0,0,0,0
756903777656250 D 2475,2315601339,1000,1551,1551,2.3792043,0.00000,-1,-1,-1,0,0,0,136,1,1,0,0.0000000,0.0000000,0.0000000,0,0,0,0
756903779145583 D 2476,2315602339,1000,1551,1551,2.3792043,0.00000,39,128,2054,0,0,0,136,1,1,0,0.0000000,0.0000000,0.0000000,0,0,0,0
756903779752833 D 2477,2315603339,1000,1551,1551,2.3792043,0.00000,-1,-1,-1,0,0,0,136,1,1,0,0.0000000,0.0000000,0.0000000,0,0,0,0
756903780670791 D 2478,2315604339,1000,1551,1551,2.3792043,0.00000,-1,-1,-1,0,0,0,136,1,1,0,0.0000000,0.0000000,0.0000000,0,0,0,0
756903781664291 D 2479,2315605339,1000,1551,1551,2.3792043,0.00000,-1,-1,-1,0,0,0,136,1,1,0,0.0000000,0.0000000,0.0000000,0,0,0,0
756903782663166 D 2480,2315606339,1000,1551,1551,2.3792043,0.00000,-1,-1,-1,0,0,0,136,1,1,0,0.0000000,0.0000000,0.0000000,0,0,0,0
756903783666666 D 2481,2315607339,1000,1551,1551,2.3792043,0.00000,-1,-1,-1,0,0,0,136,1,1,0,0.0000000,0.0000000,0.0000000,0,0,0,0
756903784666625 D 2482,2315608339,1000,1551,1551,2.3792043,0.00000,-1,-1,-1,0,0,0,136,1,1,0,0.0000000,0.0000000,0.0000000,0,0,0,0
756903785661791 D 2483,2315609339,1000,1551,1551,2.3792043,0.00000,-1,-1,-1,0,0,0,136,1,1,0,0.0000000,0.0000000,0.0000000,0,0,0,0
756903786668041 D 2484,2315610339,1000,1551,1551,2.3792043,0.00000,-1,-1,-1,0,0,0,136,1,1,0,0.0000000,0.0000000,0.0000000,0,0,0,0
756903787693083 D 2485,2315611339,1000,1551,1551,2.3792043,0.00000,-1,-1,-1,0,0,0,136,1,1,0,0.0000000,0.0000000,0.0000000,0,0,0,0
756903788670958 D 2486,2315612339,1000,1551,1551,2.3792043,0.00000,-1,-1,-1,0,0,0,136,1,1,0,0.0000000,0.0000000,0.0000000,0,0,0,0
756903789669083 D 2487,2315613339,1000,1551,1551,2.3792043,0.00000,-1,-1,-1,0,0,0,136,1,1,0,0.0000000,0.0000000,0.0000000,0,0,0,0
756903790666291 D 2488,2315614339,1000,1551,1551,2.3792043,0.00000,-1,-1,-1,0,0,0,136,1,1,0,0.0000000,0.0000000,0.0000000,0,0,0,0
756903791667958 D 2489,2315615339,1000,1551,1551,2.3792043,0.00000,-1,-1,-1,0,0,0,136,1,1,0,0.0000000,0.0000000,0.0000000,0,0,0,0
756903792662083 D 2490,2315616339,1000,1551,1551,2.3792043,0.00000,-1,-1,-1,0,0,0,136,1,1,0,0.0000000,0.0000000,0.0000000,0,0,0,0
756903793665708 D 2491,2315617339,1000,1551,1551,2.3792043,0.00000,-1,-1,-1,0,0,0,136,1,1,0,0.0000000,0.0000000,0.0000000,0,0,0,0
756903794668208 D 2492,2315618339,1000,1551,1551,2.3792043,0.00000,-1,-1,-1,0,0,0,136,1,1,0,0.0000000,0.0000000,0.0000000,0,0,0,0
756903795674333 D 2493,2315619339,1000,1551,1551,2.3792043,0.00000,-1,-1,-1,0,0,0,136,1,1,0,0.0000000,0.0000000,0.0000000,0,0,0,0
756903796738625 D 2494,2315620339,1000,1551,1551,2.3792043,0.00000,-1,-1,-1,0,0,0,136,1,1,0,0.0000000,0.0000000,0.0000000,0,0,0,0
756903797680791 D 2495,2315621339,1000,1551,1551,2.3792043,0.00000,-1,-1,-1,0,0,0,136,1,1,0,0.0000000,0.0000000,0.0000000,0,0,0,0
756903798665291 D 2496,2315622339,1000,1551,1551,2.3792043,0.00000,-1,-1,-1,0,0,0,136,1,1,0,0.0000000,0.0000000,0.0000000,0,0,0,0
756903799661875 D 2497,2315623339,1000,1551,1551,2.3792043,0.00000,-1,-1,-1,0,0,0,136,1,1,0,0.0000000,0.0000000,0.0000000,0,0,0,0
756903800905500 D 2498,2315624339,1000,1551,1551,2.3792043,0.00000,-1,-1,-1,0,0,0,136,1,1,0,0.0000000,0.0000000,0.0000000,0,0,0,0
756903801897375 D 2499,2315625339,1000,1551,1551,2.3792043,0.00000,-1,-1,-1,0,0,0,136,1,1,0,0.0000000,0.0000000,0.0000000,0,0,0,0
756903802892916 D 2500,2315626339,1000,1551,1551,2.3792043,0.00000,-1,-1,-1,0,0,0,136,1,1,0,0.0000000,0.0000000,0.0000000,0,0,0,0
756903803727875 D 2501,2315627339,1000,1551,1551,2.3792043,0.00000,-1,-1,-1,0,0,0,136,1,1,0,0.0000000,0.0000000,0.0000000,0,0,0,0
756903804678166 D 2502,2315628339,1000,1551,1551,2.3792043,0.00000,-1,-1,-1,0,0,0,136,1,1,0,0.0000000,0.0000000,0.0000000,0,0,0,0
756903805676208 D 2503,2315629339,1000,1551,1551,2.3792043,0.00000,-1,-1,-1,0,0,0,136,1,1,0,0.0000000,0.0000000,0.0000000,0,0,0,0
756903806682416 D 2504,2315630339,1000,1551,1551,2.3792043,0.00000,-1,-1,-1,0,0,0,136,1,1,0,0.0000000,0.0000000,0.0000000,0,0,0,0
756903807680416 D 2505,2315631339,1000,1551,1551,2.3792043,0.00000,-1,-1,-1,0,0,0,136,1,1,0,0.0000000,0.0000000,0.0000000,0,0,0,0
756903808697291 D 2506,2315632339,1000,1551,1551,2.3792043,0.00000,-1,-1,-1,0,0,0,136,1,1,0,0.0000000,0.0000000,0.0000000,0,0,0,0
756903809777000 D 2507,2315633339,1000,1551,1551,2.3792043,0.00000,-1,-1,-1,0,0,0,135,1,1,0,0.0000000,0.0000000,0.0000000,0,0,0,0
756903810720000 D 2508,2315634339,1000,1551,1551,2.3792043,0.00000,-1,-1,-1,0,0,0,136,1,1,0,0.0000000,0.0000000,0.0000000,0,0,0,0
756903811678291 D 2509,2315635339,1000,1551,1551,2.3792043,0.00000,-1,-1,-1,0,0,0,136,1,1,0,0.0000000,0.0000000,0.0000000,0,0,0,0
756903812700416 D 2510,2315636339,1000,1551,1551,2.3792043,0.00000,-1,-1,-1,0,0,0,136,1,1,0,0.0000000,0.0000000,0.0000000,0,0,0,0
756903813669833 D 2511,2315637339,1000,1551,1551,2.3792043,0.00000,-1,-1,-1,0,0,0,136,1,1,0,0.0000000,0.0000000,0.0000000,0,0,0,0
756903814672708 D 2512,2315638339,1000,1551,1551,2.3792043,0.00000,-1,-1,-1,0,0,0,136,1,1,0,0.0000000,0.0000000,0.0000000,0,0,0,0
756903815671625 D 2513,2315639339,1000,1551,1551,2.3792043,0.00000,-1,-1,-1,0,0,0,136,1,1,0,0.0000000,0.0000000,0.0000000,0,0,0,0
756903816747875 D 2514,2315640339,1000,1551,1551,2.3792043,0.00000,-1,-1,-1,0,0,0,136,1,1,0,0.0000000,0.0000000,0.0000000,0,0,0,0
756903817700375 D 2515,2315641339,1000,1551,1551,2.3792043,0.00000,-1,-1,-1,0,0,0,136,1,1,0,0.0000000,0.0000000,0.0000000,0,0,0,0
756903818685125 D 2516,2315642339,1000,1551,1551,2.3792043,0.00000,-1,-1,-1,0,0,0,136,1,1,0,0.0000000,0.0000000,0.0000000,0,0,0,0
756903819689541 D 2517,2315643339,1000,1551,1551,2.3792043,0.00000,-1,-1,-1,0,0,0,136,1,1,0,0.0000000,0.0000000,0.0000000,0,0,0,0
756903820671833 D 2518,2315644339,1000,1551,1551,2.3792043,0.00000,-1,-1,-1,0,0,0,136,1,1,0,0.0000000,0.0000000,0.0000000,0,0,0,0
756903821689166 D 2519,2315645339,1000,1551,1551,2.3792043,0.00000,-1,-1,-1,0,0,0,136,1,1,0,0.0000000,0.0000000,0.0000000,0,0,0,0
756903822695333 D 2520,2315646339,1000,1551,1551,2.3792043,0.00000,-1,-1,-1,0,0,0,136,1,1,0,0.0000000,0.0000000,0.0000000,0,0,0,0
756903823681625 D 2521,2315647339,1000,1551,1551,2.3792043,0.00000,-1,-1,-1,0,0,0,136,1,1,0,0.0000000,0.0000000,0.0000000,0,0,0,0
756903824678375 D 2522,2315648339,1000,1551,1551,2.3792043,0.00000,-1,-1,-1,0,0,0,136,1,1,0,0.0000000,0.0000000,0.0000000,0,0,0,0
756903825669291 D 2523,2315649339,1000,1551,1551,2.3792043,0.00000,-1,-1,-1,0,0,0,136,1,1,0,0.0000000,0.0000000,0.0000000,0,0,0,0
756903826662333 D 2524,2315650339,1000,1551,1551,2.3792043,0.00000,-1,-1,-1,0,0,0,136,1,1,0,0.0000000,0.0000000,0.0000000,0,0,0,0
756903827678500 D 2525,2315651339,1000,1551,1551,2.3792043,0.00000,-1,-1,-1,0,0,0,136,1,1,0,0.0000000,0.0000000,0.0000000,0,0,0,0
756903829289208 D 2526,2315652339,1000,1551,1551,2.3792043,0.00000,39,128,2054,0,0,0,136,1,1,0,0.0000000,0.0000000,0.0000000,0,0,0,0
756903830133500 D 2527,2315653339,1000,1551,1551,2.3792043,0.00000,-1,-1,-1,0,0,0,136,1,1,0,0.0000000,0.0000000,0.0000000,0,0,0,0
756903830811083 D 2528,2315654339,1000,1551,1551,2.3792043,0.00000,-1,-1,-1,0,0,0,136,1,1,0,0.0000000,0.0000000,0.0000000,0,0,0,0
756903831670083 D 2529,2315655339,1000,1551,1551,2.3792043,0.00000,-1,-1,-1,0,0,0,136,1,1,0,0.0000000,0.0000000,0.0000000,0,0,0,0
756903832675666 D 2530,2315656339,1000,1551,1551,2.3792043,0.00000,-1,-1,-1,0,0,0,136,1,1,0,0.0000000,0.0000000,0.0000000,0,0,0,0
756903833676000 D 2531,2315657339,1000,1551,1551,2.3792043,0.00000,-1,-1,-1,0,0,0,136,1,1,0,0.0000000,0.0000000,0.0000000,0,0,0,0
756903834691916 D 2532,2315658339,1000,1551,1551,2.3792043,0.00000,-1,-1,-1,0,0,0,136,1,1,0,0.0000000,0.0000000,0.0000000,0,0,0,0
756903835671958 D 2533,2315659339,1000,1551,1551,2.3792043,0.00000,-1,-1,-1,0,0,0,136,1,1,0,0.0000000,0.0000000,0.0000000,0,0,0,0
756903836670125 D 2534,2315660339,1000,1551,1551,2.3792043,0.00000,-1,-1,-1,0,0,0,136,1,1,0,0.0000000,0.0000000,0.0000000,0,0,0,0
756903837664625 D 2535,2315661339,1000,1551,1551,2.3792043,0.00000,-1,-1,-1,0,0,0,136,1,1,0,0.0000000,0.0000000,0.0000000,0,0,0,0
756903838664000 D 2536,2315662339,1000,1551,1551,2.3792043,0.00000,-1,-1,-1,0,0,0,136,1,1,0,0.0000000,0.0000000,0.0000000,0,0,0,0
756903839662208 D 2537,2315663339,1000,1551,1551,2.3792043,0.00000,-1,-1,-1,0,0,0,136,1,1,0,0.0000000,0.0000000,0.0000000,0,0,0,0
756903840666166 D 2538,2315664339,1000,1551,1551,2.3792043,0.00000,-1,-1,-1,0,0,0,136,1,1,0,0.0000000,0.0000000,0.0000000,0,0,0,0
756903841679250 D 2539,2315665339,1000,1551,1551,2.3792043,0.00000,-1,-1,-1,0,0,0,136,1,1,0,0.0000000,0.0000000,0.0000000,0,0,0,0
756903842691875 D 2540,2315666339,1000,1551,1551,2.3792043,0.00000,-1,-1,-1,0,0,0,136,1,1,0,0.0000000,0.0000000,0.0000000,0,0,0,0
756903843669666 D 2541,2315667339,1000,1551,1551,2.3792043,0.00000,-1,-1,-1,0,0,0,136,1,1,0,0.0000000,0.0000000,0.0000000,0,0,0,0
756903844671125 D 2542,2315668339,1000,1551,1551,2.3792043,0.00000,-1,-1,-1,0,0,0,136,1,1,0,0.0000000,0.0000000,0.0000000,0,0,0,0
756903845669875 D 2543,2315669339,1000,1551,1551,2.3792043,0.00000,-1,-1,-1,0,0,0,136,1,1,0,0.0000000,0.0000000,0.0000000,0,0,0,0
756903846666166 D 2544,2315670339,1000,1551,1551,2.3792043,0.00000,-1,-1,-1,0,0,0,136,1,1,0,0.0000000,0.0000000,0.0000000,0,0,0,0
756903847677125 D 2545,2315671339,1000,1551,1551,2.3792043,0.00000,-1,-1,-1,0,0,0,136,1,1,0,0.0000000,0.0000000,0.0000000,0,0,0,0
756903848674333 D 2546,2315672339,1000,1551,1551,2.3792043,0.00000,-1,-1,-1,0,0,0,136,1,1,0,0.0000000,0.0000000,0.0000000,0,0,0,0
756903849689958 D 2547,2315673339,1000,1551,1551,2.3792043,0.00000,-1,-1,-1,0,0,0,136,1,1,0,0.0000000,0.0000000,0.0000000,0,0,0,0
756903850690916 D 2548,2315674339,1000,1551,1551,2.3792043,0.00000,-1,-1,-1,0,0,0,136,1,1,0,0.0000000,0.0000000,0.0000000,0,0,0,0
756903851664000 D 2549,2315675339,1000,1551,1551,2.3792043,0.00000,-1,-1,-1,0,0,0,136,1,1,0,0.0000000,0.0000000,0.0000000,0,0,0,0
756903852669333 D 2550,2315676339,1000,1551,1551,2.3792043,0.00000,-1,-1,-1,0,0,0,136,1,1,0,0.0000000,0.0000000,0.0000000,0,0,0,0
756903853894458 D 2551,2315677339,1000,1551,1551,2.3792043,0.00000,-1,-1,-1,0,0,0,136,1,1,0,0.0000000,0.0000000,0.0000000,0,0,0,0
756903854948958 D 2552,2315678339,1000,1551,1551,2.3792043,0.00000,-1,-1,-1,0,0,0,136,1,1,0,0.0000000,0.0000000,0.0000000,0,0,0,0
756903855917875 D 2553,2315679339,1000,1551,1551,2.3792043,0.00000,-1,-1,-1,0,0,0,136,1,1,0,0.0000000,0.0000000,0.0000000,0,0,0,0
756903856679083 D 2554,2315680339,1000,1551,1551,2.3792043,0.00000,-1,-1,-1,0,0,0,136,1,1,0,0.0000000,0.0000000,0.0000000,0,0,0,0
756903857663041 D 2555,2315681339,1000,1551,1551,2.3792043,0.00000,-1,-1,-1,0,0,0,136,1,1,0,0.0000000,0.0000000,0.0000000,0,0,0,0
756903858666125 D 2556,2315682339,1000,1551,1551,2.3792043,0.00000,-1,-1,-1,0,0,0,136,1,1,0,0.0000000,0.0000000,0.0000000,0,0,0,0
756903859663041 D 2557,2315683339,1000,1551,1551,2.3792043,0.00000,-1,-1,-1,0,0,0,136,1,1,0,0.0000000,0.0000000,0.0000000,0,0,0,0
756903860663958 D 2558,2315684339,1000,1551,1551,2.3792043,0.00000,-1,-1,-1,0,0,0,136,1,1,0,0.0000000,0.0000000,0.0000000,0,0,0,0
756903861673875 D 2559,2315685339,1000,1551,1551,2.3792043,0.00000,-1,-1,-1,0,0,0,136,1,1,0,0.0000000,0.0000000,0.0000000,0,0,0,0
756903862659625 D 2560,2315686339,1000,1551,1551,2.3792043,0.00000,-1,-1,-1,0,0,0,136,1,1,0,0.0000000,0.0000000,0.0000000,0,0,0,0
756903863659750 D 2561,2315687339,1000,1551,1551,2.3792043,0.00000,-1,-1,-1,0,0,0,136,1,1,0,0.0000000,0.0000000,0.0000000,0,0,0,0
756903864663750 D 2562,2315688339,1000,1551,1551,2.3792043,0.00000,-1,-1,-1,0,0,0,136,1,1,0,0.0000000,0.0000000,0.0000000,0,0,0,0
756903865672916 D 2563,2315689339,1000,1551,1551,2.3792043,0.00000,-1,-1,-1,0,0,0,136,1,1,0,0.0000000,0.0000000,0.0000000,0,0,0,0
756903866700000 D 2564,2315690339,1000,1551,1551,2.3792043,0.00000,-1,-1,-1,0,0,0,136,1,1,0,0.0000000,0.0000000,0.0000000,0,0,0,0
756903867675125 D 2565,2315691339,1000,1551,1551,2.3792043,0.00000,-1,-1,-1,0,0,0,136,1,1,0,0.0000000,0.0000000,0.0000000,0,0,0,0
756903868669250 D 2566,2315692339,1000,1551,1551,2.3792043,0.00000,-1,-1,-1,0,0,0,136,1,1,0,0.0000000,0.0000000,0.0000000,0,0,0,0
756903869658958 D 2567,2315693339,1000,1551,1551,2.3792043,0.00000,-1,-1,-1,0,0,0,136,1,1,0,0.0000000,0.0000000,0.0000000,0,0,0,0
756903870688833 D 2568,2315694339,1000,1551,1551,2.3792043,0.00000,-1,-1,-1,0,0,0,136,1,1,0,0.0000000,0.0000000,0.0000000,0,0,0,0
756903871799000 D 2569,2315695339,1000,1551,1551,2.3792043,0.00000,-1,-1,-1,0,0,0,136,1,1,0,0.0000000,0.0000000,0.0000000,0,0,0,0
756903872796750 D 2570,2315696339,1000,1551,1551,2.3792043,0.00000,-1,-1,-1,0,0,0,135,1,1,0,0.0000000,0.0000000,0.0000000,0,0,0,0
756903873687000 D 2571,2315697339,1000,1551,1551,2.3792043,0.00000,-1,-1,-1,0,0,0,136,1,1,0,0.0000000,0.0000000,0.0000000,0,0,0,0
756903874704416 D 2572,2315698339,1000,1551,1551,2.3792043,0.00000,-1,-1,-1,0,0,0,136,1,1,0,0.0000000,0.0000000,0.0000000,0,0,0,0
756903875700583 D 2573,2315699339,1000,1551,1551,2.3792043,0.00000,-1,-1,-1,0,0,0,136,1,1,0,0.0000000,0.0000000,0.0000000,0,0,0,0
756903876692750 D 2574,2315700339,1000,1551,1551,2.3792043,0.00000,-1,-1,-1,0,0,0,136,1,1,0,0.0000000,0.0000000,0.0000000,0,0,0,0
756903877683791 D 2575,2315701339,1000,1552,1552,2.3807383,0.06015,-1,-1,-1,0,0,0,136,1,1,0,0.0000000,0.0000000,0.0000000,0,0,0,0
756903879132375 D 2576,2315702339,1000,1551,1551,2.3792043,-0.00236,39,128,2052,0,0,0,136,1,1,0,0.0000000,0.0000000,0.0000000,0,0,0,0
756903879747000 D 2577,2315703339,1000,1551,1551,2.3792043,-0.00227,-1,-1,-1,0,0,0,136,1,1,0,0.0000000,0.0000000,0.0000000,0,0,0,0
756903880684416 D 2578,2315704339,1000,1551,1551,2.3792043,-0.00218,-1,-1,-1,0,0,0,136,1,1,0,0.0000000,0.0000000,0.0000000,0,0,0,0
756903881703250 D 2579,2315705339,1000,1551,1551,2.3792043,-0.00209,-1,-1,-1,0,0,0,136,1,1,0,0.0000000,0.0000000,0.0000000,0,0,0,0
756903882681000 D 2580,2315706339,1000,1551,1551,2.3792043,-0.00201,-1,-1,-1,0,0,0,136,1,1,0,0.0000000,0.0000000,0.0000000,0,0,0,0
756903883691791 D 2581,2315707339,1000,1551,1551,2.3792043,-0.00193,-1,-1,-1,0,0,0,136,1,1,0,0.0000000,0.0000000,0.0000000,0,0,0,0
756903884679916 D 2582,2315708339,1000,1551,1551,2.3792043,-0.00186,-1,-1,-1,0,0,0,136,1,1,0,0.0000000,0.0000000,0.0000000,0,0,0,0
756903885676250 D 2583,2315709339,1000,1551,1551,2.3792043,-0.00178,-1,-1,-1,0,0,0,136,1,1,0,0.0000000,0.0000000,0.0000000,0,0,0,0
756903886676833 D 2584,2315710339,1000,1551,1551,2.3792043,-0.00171,-1,-1,-1,0,0,0,136,1,1,0,0.0000000,0.0000000,0.0000000,0,0,0,0
756903887909833 D 2585,2315711339,1000,1551,1551,2.3792043,-0.00165,-1,-1,-1,0,0,0,136,1,1,0,0.0000000,0.0000000,0.0000000,0,0,0,0
756903888901166 D 2586,2315712339,1000,1551,1551,2.3792043,-0.00158,-1,-1,-1,0,0,0,136,1,1,0,0.0000000,0.0000000,0.0000000,0,0,0,0
756903889827416 D 2587,2315713339,1000,1551,1551,2.3792043,-0.00152,-1,-1,-1,0,0,0,136,1,1,0,0.0000000,0.0000000,0.0000000,0,0,0,0
756903890673625 D 2588,2315714339,1000,1551,1551,2.3792043,-0.00146,-1,-1,-1,0,0,0,136,1,1,0,0.0000000,0.0000000,0.0000000,0,0,0,0
756903891675875 D 2589,2315715339,1000,1551,1551,2.3792043,-0.00140,-1,-1,-1,0,0,0,136,1,1,0,0.0000000,0.0000000,0.0000000,0,0,0,0
756903892669875 D 2590,2315716339,1000,1551,1551,2.3792043,-0.00135,-1,-1,-1,0,0,0,136,1,1,0,0.0000000,0.0000000,0.0000000,0,0,0,0
756903893825583 D 2591,2315717339,1000,1551,1551,2.3792043,-0.00129,-1,-1,-1,0,0,0,135,1,1,0,0.0000000,0.0000000,0.0000000,0,0,0,0
756903894805000 D 2592,2315718339,1000,1551,1551,2.3792043,-0.00124,-1,-1,-1,0,0,0,136,1,1,0,0.0000000,0.0000000,0.0000000,0,0,0,0
756903895760541 D 2593,2315719339,1000,1551,1551,2.3792043,-0.00119,-1,-1,-1,0,0,0,136,1,1,0,0.0000000,0.0000000,0.0000000,0,0,0,0
756903896740500 D 2594,2315720339,1000,1551,1551,2.3792043,-0.00115,-1,-1,-1,0,0,0,136,1,1,0,0.0000000,0.0000000,0.0000000,0,0,0,0
756903897729583 D 2595,2315721339,1000,1551,1551,2.3792043,-0.00110,-1,-1,-1,0,0,0,136,1,1,0,0.0000000,0.0000000,0.0000000,0,0,0,0
756903898680375 D 2596,2315722339,1000,1551,1551,2.3792043,-0.00106,-1,-1,-1,0,0,0,136,1,1,0,0.0000000,0.0000000,0.0000000,0,0,0,0
756903899690208 D 2597,2315723339,1000,1551,1551,2.3792043,-0.00102,-1,-1,-1,0,0,0,136,1,1,0,0.0000000,0.0000000,0.0000000,0,0,0,0
756903900685208 D 2598,2315724339,1000,1551,1551,2.3792043,-0.00098,-1,-1,-1,0,0,0,136,1,1,0,0.0000000,0.0000000,0.0000000,0,0,0,0
756903901696750 D 2599,2315725339,1000,1551,1551,2.3792043,-0.00094,-1,-1,-1,0,0,0,136,1,1,0,0.0000000,0.0000000,0.0000000,0,0,0,0
756903902700000 D 2600,2315726339,1000,1551,1551,2.3792043,-0.00090,-1,-1,-1,0,0,0,136,1,1,0,0.0000000,0.0000000,0.0000000,0,0,0,0
756903903687791 D 2601,2315727339,1000,1551,1551,2.3792043,-0.00087,-1,-1,-1,0,0,0,136,1,1,0,0.0000000,0.0000000,0.0000000,0,0,0,0
756903904671375 D 2602,2315728339,1000,1551,1551,2.3792043,-0.00083,-1,-1,-1,0,0,0,136,1,1,0,0.0000000,0.0000000,0.0000000,0,0,0,0
756903905671125 D 2603,2315729339,1000,1551,1551,2.3792043,-0.00080,-1,-1,-1,0,0,0,136,1,1,0,0.0000000,0.0000000,0.0000000,0,0,0,0
756903906669375 D 2604,2315730339,1000,1551,1551,2.3792043,-0.00077,-1,-1,-1,0,0,0,136,1,1,0,0.0000000,0.0000000,0.0000000,0,0,0,0
756903907733708 D 2605,2315731339,1000,1551,1551,2.3792043,-0.00074,-1,-1,-1,0,0,0,136,1,1,0,0.0000000,0.0000000,0.0000000,0,0,0,0
756903908711833 D 2606,2315732339,1000,1551,1551,2.3792043,-0.00071,-1,-1,-1,0,0,0,136,1,1,0,0.0000000,0.0000000,0.0000000,0,0,0,0
756903909687916 D 2607,2315733339,1000,1551,1551,2.3792043,-0.00068,-1,-1,-1,0,0,0,136,1,1,0,0.0000000,0.0000000,0.0000000,0,0,0,0
756903910680083 D 2608,2315734339,1000,1551,1551,2.3792043,-0.00066,-1,-1,-1,0,0,0,136,1,1,0,0.0000000,0.0000000,0.0000000,0,0,0,0
756903911682833 D 2609,2315735339,1000,1551,1551,2.3792043,-0.00063,-1,-1,-1,0,0,0,136,1,1,0,0.0000000,0.0000000,0.0000000,0,0,0,0
756903912654791 D 2610,2315736339,1000,1551,1551,2.3792043,-0.00061,-1,-1,-1,0,0,0,136,1,1,0,0.0000000,0.0000000,0.0000000,0,0,0,0
756903913695708 D 2611,2315737339,1000,1551,1551,2.3792043,-0.00058,-1,-1,-1,0,0,0,136,1,1,0,0.0000000,0.0000000,0.0000000,0,0,0,0
756903914673291 D 2612,2315738339,1000,1551,1551,2.3792043,-0.00056,-1,-1,-1,0,0,0,135,1,1,0,0.0000000,0.0000000,0.0000000,0,0,0,0
756903915667916 D 2613,2315739339,1000,1551,1551,2.3792043,-0.00054,-1,-1,-1,0,0,0,136,1,1,0,0.0000000,0.0000000,0.0000000,0,0,0,0
756903916896666 D 2614,2315740339,1000,1551,1551,2.3792043,-0.00052,-1,-1,-1,0,0,0,136,1,1,0,0.0000000,0.0000000,0.0000000,0,0,0,0
756903917897750 D 2615,2315741339,1000,1551,1551,2.3792043,-0.00050,-1,-1,-1,0,0,0,136,1,1,0,0.0000000,0.0000000,0.0000000,0,0,0,0
756903918885500 D 2616,2315742339,1000,1551,1551,2.3792043,-0.00048,-1,-1,-1,0,0,0,136,1,1,0,0.0000000,0.0000000,0.0000000,0,0,0,0
756903919768458 D 2617,2315743339,1000,1551,1551,2.3792043,-0.00046,-1,-1,-1,0,0,0,136,1,1,0,0.0000000,0.0000000,0.0000000,0,0,0,0
756903920672291 D 2618,2315744339,1000,1551,1551,2.3792043,-0.00044,-1,-1,-1,0,0,0,136,1,1,0,0.0000000,0.0000000,0.0000000,0,0,0,0
756903921740000 D 2619,2315745339,1000,1551,1551,2.3792043,-0.00042,-1,-1,-1,0,0,0,136,1,1,0,0.0000000,0.0000000,0.0000000,0,0,0,0
756903922674666 D 2620,2315746339,1000,1551,1551,2.3792043,-0.00041,-1,-1,-1,0,0,0,136,1,1,0,0.0000000,0.0000000,0.0000000,0,0,0,0
756903923672666 D 2621,2315747339,1000,1551,1551,2.3792043,-0.00039,-1,-1,-1,0,0,0,136,1,1,0,0.0000000,0.0000000,0.0000000,0,0,0,0
756903924670250 D 2622,2315748339,1000,1551,1551,2.3792043,-0.00037,-1,-1,-1,0,0,0,136,1,1,0,0.0000000,0.0000000,0.0000000,0,0,0,0
756903925664166 D 2623,2315749339,1000,1551,1551,2.3792043,-0.00036,-1,-1,-1,0,0,0,136,1,1,0,0.0000000,0.0000000,0.0000000,0,0,0,0
756903926666500 D 2624,2315750339,1000,1551,1551,2.3792043,-0.00035,-1,-1,-1,0,0,0,136,1,1,0,0.0000000,0.0000000,0.0000000,0,0,0,0
756903927671708 D 2625,2315751339,1000,1551,1551,2.3792043,-0.00033,-1,-1,-1,0,0,0,136,1,1,0,0.0000000,0.0000000,0.0000000,0,0,0,0
756903929090541 D 2626,2315752339,1000,1551,1551,2.3792043,-0.00032,39,128,2054,0,0,0,136,1,1,0,0.0000000,0.0000000,0.0000000,0,0,0,0
756903929778875 D 2627,2315753339,1000,1551,1551,2.3792043,-0.00031,-1,-1,-1,0,0,0,136,1,1,0,0.0000000,0.0000000,0.0000000,0,0,0,0
756903930678750 D 2628,2315754339,1000,1551,1551,2.3792043,-0.00029,-1,-1,-1,0,0,0,136,1,1,0,0.0000000,0.0000000,0.0000000,0,0,0,0
756903931658625 D 2629,2315755339,1000,1551,1551,2.3792043,-0.00028,-1,-1,-1,0,0,0,136,1,1,0,0.0000000,0.0000000,0.0000000,0,0,0,0
756903932664708 D 2630,2315756339,1000,1551,1551,2.3792043,-0.00027,-1,-1,-1,0,0,0,136,1,1,0,0.0000000,0.0000000,0.0000000,0,0,0,0
756903933666041 D 2631,2315757339,1000,1551,1551,2.3792043,-0.00026,-1,-1,-1,0,0,0,136,1,1,0,0.0000000,0.0000000,0.0000000,0,0,0,0
756903934753708 D 2632,2315758339,1000,1551,1551,2.3792043,-0.00025,-1,-1,-1,0,0,0,136,1,1,0,0.0000000,0.0000000,0.0000000,0,0,0,0
756903935688500 D 2633,2315759339,1000,1551,1551,2.3792043,-0.00024,-1,-1,-1,0,0,0,136,1,1,0,0.0000000,0.0000000,0.0000000,0,0,0,0
756903936671958 D 2634,2315760339,1000,1551,1551,2.3792043,-0.00023,-1,-1,-1,0,0,0,136,1,1,0,0.0000000,0.0000000,0.0000000,0,0,0,0
756903937667625 D 2635,2315761339,1000,1551,1551,2.3792043,-0.00022,-1,-1,-1,0,0,0,136,1,1,0,0.0000000,0.0000000,0.0000000,0,0,0,0
756903938894375 D 2636,2315762339,1000,1551,1551,2.3792043,-0.00021,-1,-1,-1,0,0,0,136,1,1,0,0.0000000,0.0000000,0.0000000,0,0,0,0
756903939885458 D 2637,2315763339,1000,1551,1551,2.3792043,-0.00021,-1,-1,-1,0,0,0,136,1,1,0,0.0000000,0.0000000,0.0000000,0,0,0,0
756903940884000 D 2638,2315764339,1000,1551,1551,2.3792043,-0.00020,-1,-1,-1,0,0,0,136,1,1,0,0.0000000,0.0000000,0.0000000,0,0,0,0
756903941678208 D 2639,2315765339,1000,1551,1551,2.3792043,-0.00019,-1,-1,-1,0,0,0,136,1,1,0,0.0000000,0.0000000,0.0000000,0,0,0,0
756903942664458 D 2640,2315766339,1000,1551,1551,2.3792043,-0.00018,-1,-1,-1,0,0,0,136,1,1,0,0.0000000,0.0000000,0.0000000,0,0,0,0
756903943723625 D 2641,2315767339,1000,1551,1551,2.3792043,-0.00018,-1,-1,-1,0,0,0,136,1,1,0,0.0000000,0.0000000,0.0000000,0,0,0,0
756903944687791 D 2642,2315768339,1000,1551,1551,2.3792043,-0.00017,-1,-1,-1,0,0,0,136,1,1,0,0.0000000,0.0000000,0.0000000,0,0,0,0
756903945671291 D 2643,2315769339,1000,1551,1551,2.3792043,-0.00016,-1,-1,-1,0,0,0,136,1,1,0,0.0000000,0.0000000,0.0000000,0,0,0,0
756903946707375 D 2644,2315770339,1000,1551,1551,2.3792043,-0.00016,-1,-1,-1,0,0,0,136,1,1,0,0.0000000,0.0000000,0.0000000,0,0,0,0
756903947659875 D 2645,2315771339,1000,1551,1551,2.3792043,-0.00015,-1,-1,-1,0,0,0,136,1,1,0,0.0000000,0.0000000,0.0000000,0,0,0,0
756903948664708 D 2646,2315772339,1000,1551,1551,2.3792043,-0.00014,-1,-1,-1,0,0,0,136,1,1,0,0.0000000,0.0000000,0.0000000,0,0,0,0
756903949665625 D 2647,2315773339,1000,1551,1551,2.3792043,-0.00014,-1,-1,-1,0,0,0,136,1,1,0,0.0000000,0.0000000,0.0000000,0,0,0,0
756903950664333 D 2648,2315774339,1000,1551,1551,2.3792043,-0.00013,-1,-1,-1,0,0,0,136,1,1,0,0.0000000,0.0000000,0.0000000,0,0,0,0
756903951660541 D 2649,2315775339,1000,1551,1551,2.3792043,-0.00013,-1,-1,-1,0,0,0,136,1,1,0,0.0000000,0.0000000,0.0000000,0,0,0,0
756903952662583 D 2650,2315776339,1000,1551,1551,2.3792043,-0.00012,-1,-1,-1,0,0,0,136,1,1,0,0.0000000,0.0000000,0.0000000,0,0,0,0
756903953662541 D 2651,2315777339,1000,1551,1551,2.3792043,-0.00012,-1,-1,-1,0,0,0,136,1,1,0,0.0000000,0.0000000,0.0000000,0,0,0,0
756903954665083 D 2652,2315778339,1000,1551,1551,2.3792043,-0.00011,-1,-1,-1,0,0,0,136,1,1,0,0.0000000,0.0000000,0.0000000,0,0,0,0
756903955684625 D 2653,2315779339,1000,1551,1551,2.3792043,-0.00011,-1,-1,-1,0,0,0,136,1,1,0,0.0000000,0.0000000,0.0000000,0,0,0,0
756903956663375 D 2654,2315780339,1000,1551,1551,2.3792043,-0.00010,-1,-1,-1,0,0,0,136,1,1,0,0.0000000,0.0000000,0.0000000,0,0,0,0
756903957674916 D 2655,2315781339,1000,1551,1551,2.3792043,-0.00010,-1,-1,-1,0,0,0,136,1,1,0,0.0000000,0.0000000,0.0000000,0,0,0,0
756903958675166 D 2656,2315782339,1000,1551,1551,2.3792043,-0.00010,-1,-1,-1,0,0,0,136,1,1,0,0.0000000,0.0000000,0.0000000,0,0,0,0
756903959691666 D 2657,2315783339,1000,1551,1551,2.3792043,-0.00009,-1,-1,-1,0,0,0,136,1,1,0,0.0000000,0.0000000,0.0000000,0,0,0,0
756903960678458 D 2658,2315784339,1000,1551,1551,2.3792043,-0.00009,-1,-1,-1,0,0,0,136,1,1,0,0.0000000,0.0000000,0.0000000,0,0,0,0
756903961663041 D 2659,2315785339,1000,1550,1550,2.3776703,-0.06023,-1,-1,-1,0,0,0,136,1,1,0,0.0000000,0.0000000,0.0000000,0,0,0,0
756903962664833 D 2660,2315786339,1000,1551,1551,2.3792043,0.00228,-1,-1,-1,0,0,0,136,1,1,0,0.0000000,0.0000000,0.0000000,0,0,0,0
756903963672833 D 2661,2315787339,1000,1551,1551,2.3792043,0.00219,-1,-1,-1,0,0,0,136,1,1,0,0.0000000,0.0000000,0.0000000,0,0,0,0
756903964670750 D 2662,2315788339,1000,1551,1551,2.3792043,0.00210,-1,-1,-1,0,0,0,136,1,1,0,0.0000000,0.0000000,0.0000000,0,0,0,0
756903965652958 D 2663,2315789339,1000,1551,1551,2.3792043,0.00202,-1,-1,-1,0,0,0,136,1,1,0,0.0000000,0.0000000,0.0000000,0,0,0,0
756903966669208 D 2664,2315790339,1000,1551,1551,2.3792043,0.00194,-1,-1,-1,0,0,0,136,1,1,0,0.0000000,0.0000000,0.0000000,0,0,0,0
756903967684166 D 2665,2315791339,1000,1551,1551,2.3792043,0.00186,-1,-1,-1,0,0,0,136,1,1,0,0.0000000,0.0000000,0.0000000,0,0,0,0
756903968671458 D 2666,2315792339,1000,1551,1551,2.3792043,0.00179,-1,-1,-1,0,0,0,136,1,1,0,0.0000000,0.0000000,0.0000000,0,0,0,0
756903969666041 D 2667,2315793339,1000,1551,1551,2.3792043,0.00172,-1,-1,-1,0,0,0,136,1,1,0,0.0000000,0.0000000,0.0000000,0,0,0,0
756903970943958 D 2668,2315794339,1000,1551,1551,2.3792043,0.00165,-1,-1,-1,0,0,0,136,1,1,0,0.0000000,0.0000000,0.0000000,0,0,0,0
756903971941583 D 2669,2315795339,1000,1551,1551,2.3792043,0.00159,-1,-1,-1,0,0,0,136,1,1,0,0.0000000,0.0000000,0.0000000,0,0,0,0
756903972929375 D 2670,2315796339,1000,1551,1551,2.3792043,0.00153,-1,-1,-1,0,0,0,136,1,1,0,0.0000000,0.0000000,0.0000000,0,0,0,0
756903973722583 D 2671,2315797339,1000,1551,1551,2.3792043,0.00147,-1,-1,-1,0,0,0,136,1,1,0,0.0000000,0.0000000,0.0000000,0,0,0,0
756903974726291 D 2672,2315798339,1000,1551,1551,2.3792043,0.00141,-1,-1,-1,0,0,0,136,1,1,0,0.0000000,0.0000000,0.0000000,0,0,0,0
756903975727458 D 2673,2315799339,1000,1551,1551,2.3792043,0.00135,-1,-1,-1,0,0,0,136,1,1,0,0.0000000,0.0000000,0.0000000,0,0,0,0
756903976680083 D 2674,2315800339,1000,1551,1551,2.3792043,0.00130,-1,-1,-1,0,0,0,136,1,1,0,0.0000000,0.0000000,0.0000000,0,0,0,0
756903977682166 D 2675,2315801339,1000,1551,1551,2.3792043,0.00125,-1,-1,-1,0,0,0,135,1,1,0,0.0000000,0.0000000,0.0000000,0,0,0,0
756903979076708 D 2676,2315802339,1000,1551,1551,2.3792043,0.00120,39,128,2055,0,0,0,136,1,1,0,0.0000000,0.0000000,0.0000000,0,0,0,0
756903979681208 D 2677,2315803339,1000,1551,1551,2.3792043,0.00115,-1,-1,-1,0,0,0,136,1,1,0,0.0000000,0.0000000,0.0000000,0,0,0,0
756903980674416 D 2678,2315804339,1000,1551,1551,2.3792043,0.00111,-1,-1,-1,0,0,0,136,1,1,0,0.0000000,0.0000000,0.0000000,0,0,0,0
756903981674375 D 2679,2315805339,1000,1551,1551,2.3792043,0.00106,-1,-1,-1,0,0,0,136,1,1,0,0.0000000,0.0000000,0.0000000,0,0,0,0
756903982673375 D 2680,2315806339,1000,1551,1551,2.3792043,0.00102,-1,-1,-1,0,0,0,136,1,1,0,0.0000000,0.0000000,0.0000000,0,0,0,0
756903983676916 D 2681,2315807339,1000,1551,1551,2.3792043,0.00098,-1,-1,-1,0,0,0,136,1,1,0,0.0000000,0.0000000,0.0000000,0,0,0,0
756903984671708 D 2682,2315808339,1000,1551,1551,2.3792043,0.00094,-1,-1,-1,0,0,0,136,1,1,0,0.0000000,0.0000000,0.0000000,0,0,0,0
756903985670083 D 2683,2315809339,1000,1551,1551,2.3792043,0.00091,-1,-1,-1,0,0,0,136,1,1,0,0.0000000,0.0000000,0.0000000,0,0,0,0
756903986676083 D 2684,2315810339,1000,1551,1551,2.3792043,0.00087,-1,-1,-1,0,0,0,136,1,1,0,0.0000000,0.0000000,0.0000000,0,0,0,0
756903987669833 D 2685,2315811339,1000,1551,1551,2.3792043,0.00084,-1,-1,-1,0,0,0,136,1,1,0,0.0000000,0.0000000,0.0000000,0,0,0,0
756903988668583 D 2686,2315812339,1000,1551,1551,2.3792043,0.00080,-1,-1,-1,0,0,0,136,1,1,0,0.0000000,0.0000000,0.0000000,0,0,0,0
756903989679541 D 2687,2315813339,1000,1551,1551,2.3792043,0.00077,-1,-1,-1,0,0,0,136,1,1,0,0.0000000,0.0000000,0.0000000,0,0,0,0
756903990681750 D 2688,2315814339,1000,1551,1551,2.3792043,0.00074,-1,-1,-1,0,0,0,136,1,1,0,0.0000000,0.0000000,0.0000000,0,0,0,0
756903991699500 D 2689,2315815339,1000,1551,1551,2.3792043,0.00071,-1,-1,-1,0,0,0,136,1,1,0,0.0000000,0.0000000,0.0000000,0,0,0,0
756903992681541 D 2690,2315816339,1000,1551,1551,2.3792043,0.00069,-1,-1,-1,0,0,0,136,1,1,0,0.0000000,0.0000000,0.0000000,0,0,0,0
756903993675791 D 2691,2315817339,1000,1551,1551,2.3792043,0.00066,-1,-1,-1,0,0,0,136,1,1,0,0.0000000,0.0000000,0.0000000,0,0,0,0
756903994678041 D 2692,2315818339,1000,1551,1551,2.3792043,0.00063,-1,-1,-1,0,0,0,136,1,1,0,0.0000000,0.0000000,0.0000000,0,0,0,0
756903995672041 D 2693,2315819339,1000,1551,1551,2.3792043,0.00061,-1,-1,-1,0,0,0,136,1,1,0,0.0000000,0.0000000,0.0000000,0,0,0,0
756903996667750 D 2694,2315820339,1000,1551,1551,2.3792043,0.00058,-1,-1,-1,0,0,0,136,1,1,0,0.0000000,0.0000000,0.0000000,0,0,0,0
756903997887625 D 2695,2315821339,1000,1551,1551,2.3792043,0.00056,-1,-1,-1,0,0,0,136,1,1,0,0.0000000,0.0000000,0.0000000,0,0,0,0
756903998896500 D 2696,2315822339,1000,1551,1551,2.3792043,0.00054,-1,-1,-1,0,0,0,136,1,1,0,0.0000000,0.0000000,0.0000000,0,0,0,0
756903999910416 D 2697,2315823339,1000,1551,1551,2.3792043,0.00052,-1,-1,-1,0,0,0,136,1,1,0,0.0000000,0.0000000,0.0000000,0,0,0,0
756904000748666 D 2698,2315824339,1000,1551,1551,2.3792043,0.00050,-1,-1,-1,0,0,0,136,1,1,0,0.0000000,0.0000000,0.0000000,0,0,0,0
756904001689333 D 2699,2315825339,1000,1551,1551,2.3792043,0.00048,-1,-1,-1,0,0,0,136,1,1,0,0.0000000,0.0000000,0.0000000,0,0,0,0
756904002703333 D 2700,2315826339,1000,1551,1551,2.3792043,0.00046,-1,-1,-1,0,0,0,136,1,1,0,0.0000000,0.0000000,0.0000000,0,0,0,0
756904003700875 D 2701,2315827339,1000,1551,1551,2.3792043,0.00044,-1,-1,-1,0,0,0,136,1,1,0,0.0000000,0.0000000,0.0000000,0,0,0,0
756904004681291 D 2702,2315828339,1000,1551,1551,2.3792043,0.00042,-1,-1,-1,0,0,0,136,1,1,0,0.0000000,0.0000000,0.0000000,0,0,0,0
756904005674833 D 2703,2315829339,1000,1551,1551,2.3792043,0.00041,-1,-1,-1,0,0,0,136,1,1,0,0.0000000,0.0000000,0.0000000,0,0,0,0
756904006690458 D 2704,2315830339,1000,1551,1551,2.3792043,0.00039,-1,-1,-1,0,0,0,136,1,1,0,0.0000000,0.0000000,0.0000000,0,0,0,0
756904007707500 D 2705,2315831339,1000,1551,1551,2.3792043,0.00038,-1,-1,-1,0,0,0,136,1,1,0,0.0000000,0.0000000,0.0000000,0,0,0,0
756904008670208 D 2706,2315832339,1000,1551,1551,2.3792043,0.00036,-1,-1,-1,0,0,0,136,1,1,0,0.0000000,0.0000000,0.0000000,0,0,0,0
756904009689958 D 2707,2315833339,1000,1551,1551,2.3792043,0.00035,-1,-1,-1,0,0,0,136,1,1,0,0.0000000,0.0000000,0.0000000,0,0,0,0
756904010701458 D 2708,2315834339,1000,1551,1551,2.3792043,0.00033,-1,-1,-1,0,0,0,136,1,1,0,0.0000000,0.0000000,0.0000000,0,0,0,0
756904011765000 D 2709,2315835339,1000,1551,1551,2.3792043,0.00032,-1,-1,-1,0,0,0,136,1,1,0,0.0000000,0.0000000,0.0000000,0,0,0,0
756904012742625 D 2710,2315836339,1000,1551,1551,2.3792043,0.00031,-1,-1,-1,0,0,0,136,1,1,0,0.0000000,0.0000000,0.0000000,0,0,0,0
756904013953000 D 2711,2315837339,1000,1551,1551,2.3792043,0.00030,-1,-1,-1,0,0,0,136,1,1,0,0.0000000,0.0000000,0.0000000,0,0,0,0
756904014892416 D 2712,2315838339,1000,1551,1551,2.3792043,0.00028,-1,-1,-1,0,0,0,136,1,1,0,0.0000000,0.0000000,0.0000000,0,0,0,0
756904015908875 D 2713,2315839339,1000,1551,1551,2.3792043,0.00027,-1,-1,-1,0,0,0,136,1,1,0,0.0000000,0.0000000,0.0000000,0,0,0,0
756904016680583 D 2714,2315840339,1000,1551,1551,2.3792043,0.00026,-1,-1,-1,0,0,0,136,1,1,0,0.0000000,0.0000000,0.0000000,0,0,0,0
756904017661291 D 2715,2315841339,1000,1551,1551,2.3792043,0.00025,-1,-1,-1,0,0,0,136,1,1,0,0.0000000,0.0000000,0.0000000,0,0,0,0
756904018666125 D 2716,2315842339,1000,1551,1551,2.3792043,0.00024,-1,-1,-1,0,0,0,136,1,1,0,0.0000000,0.0000000,0.0000000,0,0,0,0
756904019781583 D 2717,2315843339,1000,1551,1551,2.3792043,0.00023,-1,-1,-1,0,0,0,136,1,1,0,0.0000000,0.0000000,0.0000000,0,0,0,0
756904020695041 D 2718,2315844339,1000,1551,1551,2.3792043,0.00022,-1,-1,-1,0,0,0,136,1,1,0,0.0000000,0.0000000,0.0000000,0,0,0,0
756904021683625 D 2719,2315845339,1000,1551,1551,2.3792043,0.00021,-1,-1,-1,0,0,0,136,1,1,0,0.0000000,0.0000000,0.0000000,0,0,0,0
756904022697333 D 2720,2315846339,1000,1551,1551,2.3792043,0.00021,-1,-1,-1,0,0,0,136,1,1,0,0.0000000,0.0000000,0.0000000,0,0,0,0
756904023701958 D 2721,2315847339,1000,1551,1551,2.3792043,0.00020,-1,-1,-1,0,0,0,136,1,1,0,0.0000000,0.0000000,0.0000000,0,0,0,0
756904024742500 D 2722,2315848339,1000,1551,1551,2.3792043,0.00019,-1,-1,-1,0,0,0,136,1,1,0,0.0000000,0.0000000,0.0000000,0,0,0,0
756904025676125 D 2723,2315849339,1000,1551,1551,2.3792043,0.00018,-1,-1,-1,0,0,0,136,1,1,0,0.0000000,0.0000000,0.0000000,0,0,0,0
756904026687583 D 2724,2315850339,1000,1551,1551,2.3792043,0.00018,-1,-1,-1,0,0,0,136,1,1,0,0.0000000,0.0000000,0.0000000,0,0,0,0
756904027910833 D 2725,2315851339,1000,1551,1551,2.3792043,0.00017,-1,-1,-1,0,0,0,136,1,1,0,0.0000000,0.0000000,0.0000000,0,0,0,0
756904029303375 D 2726,2315852339,1000,1551,1551,2.3792043,0.00016,39,128,2054,0,0,0,136,1,1,0,0.0000000,0.0000000,0.0000000,0,0,0,0
756904030149583 D 2727,2315853339,1000,1551,1551,2.3792043,0.00016,-1,-1,-1,0,0,0,136,1,1,0,0.0000000,0.0000000,0.0000000,0,0,0,0
756904030979791 D 2728,2315854339,1000,1551,1551,2.3792043,0.00015,-1,-1,-1,0,0,0,136,1,1,0,0.0000000,0.0000000,0.0000000,0,0,0,0
756904031821583 D 2729,2315855339,1000,1551,1551,2.3792043,0.00014,-1,-1,-1,0,0,0,136,1,1,0,0.0000000,0.0000000,0.0000000,0,0,0,0
756904032680666 D 2730,2315856339,1000,1550,1550,2.3776703,-0.06001,-1,-1,-1,0,0,0,136,1,1,0,0.0000000,0.0000000,0.0000000,0,0,0,0
756904033670791 D 2731,2315857339,1000,1551,1551,2.3792043,0.00249,-1,-1,-1,0,0,0,136,1,1,0,0.0000000,0.0000000,0.0000000,0,0,0,0
756904034674541 D 2732,2315858339,1000,1551,1551,2.3792043,0.00239,-1,-1,-1,0,0,0,136,1,1,0,0.0000000,0.0000000,0.0000000,0,0,0,0
756904035660583 D 2733,2315859339,1000,1551,1551,2.3792043,0.00230,-1,-1,-1,0,0,0,136,1,1,0,0.0000000,0.0000000,0.0000000,0,0,0,0
756904036673125 D 2734,2315860339,1000,1551,1551,2.3792043,0.00221,-1,-1,-1,0,0,0,136,1,1,0,0.0000000,0.0000000,0.0000000,0,0,0,0
756904037683416 D 2735,2315861339,1000,1551,1551,2.3792043,0.00212,-1,-1,-1,0,0,0,136,1,1,0,0.0000000,0.0000000,0.0000000,0,0,0,0
756904038686916 D 2736,2315862339,1000,1551,1551,2.3792043,0.00204,-1,-1,-1,0,0,0,136,1,1,0,0.0000000,0.0000000,0.0000000,0,0,0,0
756904039665708 D 2737,2315863339,1000,1551,1551,2.3792043,0.00196,-1,-1,-1,0,0,0,136,1,1,0,0.0000000,0.0000000,0.0000000,0,0,0,0
756904040677500 D 2738,2315864339,1000,1551,1551,2.3792043,0.00188,-1,-1,-1,0,0,0,136,1,1,0,0.0000000,0.0000000,0.0000000,0,0,0,0
756904041681041 D 2739,2315865339,1000,1551,1551,2.3792043,0.00181,-1,-1,-1,0,0,0,136,1,1,0,0.0000000,0.0000000,0.0000000,0,0,0,0
756904042672791 D 2740,2315866339,1000,1551,1551,2.3792043,0.00174,-1,-1,-1,0,0,0,136,1,1,0,0.0000000,0.0000000,0.0000000,0,0,0,0
756904043668833 D 2741,2315867339,1000,1551,1551,2.3792043,0.00167,-1,-1,-1,0,0,0,136,1,1,0,0.0000000,0.0000000,0.0000000,0,0,0,0
756904044668583 D 2742,2315868339,1000,1551,1551,2.3792043,0.00160,-1,-1,-1,0,0,0,136,1,1,0,0.0000000,0.0000000,0.0000000,0,0,0,0
756904045694000 D 2743,2315869339,1000,1551,1551,2.3792043,0.00154,-1,-1,-1,0,0,0,136,1,1,0,0.0000000,0.0000000,0.0000000,0,0,0,0
756904046679500 D 2744,2315870339,1000,1551,1551,2.3792043,0.00148,-1,-1,-1,0,0,0,136,1,1,0,0.0000000,0.0000000,0.0000000,0,0,0,0
756904047669208 D 2745,2315871339,1000,1551,1551,2.3792043,0.00142,-1,-1,-1,0,0,0,136,1,1,0,0.0000000,0.0000000,0.0000000,0,0,0,0
756904048664958 D 2746,2315872339,1000,1551,1551,2.3792043,0.00137,-1,-1,-1,0,0,0,136,1,1,0,0.0000000,0.0000000,0.0000000,0,0,0,0
756904049664708 D 2747,2315873339,1000,1551,1551,2.3792043,0.00131,-1,-1,-1,0,0,0,136,1,1,0,0.0000000,0.0000000,0.0000000,0,0,0,0
756904050675291 D 2748,2315874339,1000,1551,1551,2.3792043,0.00126,-1,-1,-1,0,0,0,136,1,1,0,0.0000000,0.0000000,0.0000000,0,0,0,0
756904051668125 D 2749,2315875339,1000,1551,1551,2.3792043,0.00121,-1,-1,-1,0,0,0,136,1,1,0,0.0000000,0.0000000,0.0000000,0,0,0,0
756904052683916 D 2750,2315876339,1000,1551,1551,2.3792043,0.00117,-1,-1,-1,0,0,0,136,1,1,0,0.0000000,0.0000000,0.0000000,0,0,0,0
756904053666375 D 2751,2315877339,1000,1551,1551,2.3792043,0.00112,-1,-1,-1,0,0,0,136,1,1,0,0.0000000,0.0000000,0.0000000,0,0,0,0
756904054914791 D 2752,2315878339,1000,1551,1551,2.3792043,0.00108,-1,-1,-1,0,0,0,136,1,1,0,0.0000000,0.0000000,0.0000000,0,0,0,0
756904055899041 D 2753,2315879339,1000,1551,1551,2.3792043,0.00103,-1,-1,-1,0,0,0,136,1,1,0,0.0000000,0.0000000,0.0000000,0,0,0,0
756904056888416 D 2754,2315880339,1000,1551,1551,2.3792043,0.00099,-1,-1,-1,0,0,0,136,1,1,0,0.0000000,0.0000000,0.0000000,0,0,0,0
756904057753625 D 2755,2315881339,1000,1551,1551,2.3792043,0.00095,-1,-1,-1,0,0,0,136,1,1,0,0.0000000,0.0000000,0.0000000,0,0,0,0
756904058659833 D 2756,2315882339,1000,1551,1551,2.3792043,0.00092,-1,-1,-1,0,0,0,136,1,1,0,0.0000000,0.0000000,0.0000000,0,0,0,0
756904059658208 D 2757,2315883339,1000,1551,1551,2.3792043,0.00088,-1,-1,-1,0,0,0,136,1,1,0,0.0000000,0.0000000,0.0000000,0,0,0,0
756904060655750 D 2758,2315884339,1000,1551,1551,2.3792043,0.00085,-1,-1,-1,0,0,0,136,1,1,0,0.0000000,0.0000000,0.0000000,0,0,0,0
756904061672625 D 2759,2315885339,1000,1551,1551,2.3792043,0.00081,-1,-1,-1,0,0,0,136,1,1,0,0.0000000,0.0000000,0.0000000,0,0,0,0
756904062681166 D 2760,2315886339,1000,1551,1551,2.3792043,0.00078,-1,-1,-1,0,0,0,136,1,1,0,0.0000000,0.0000000,0.0000000,0,0,0,0
756904063661208 D 2761,2315887339,1000,1551,1551,2.3792043,0.00075,-1,-1,-1,0,0,0,136,1,1,0,0.0000000,0.0000000,0.0000000,0,0,0,0
756904064644666 D 2762,2315888339,1000,1551,1551,2.3792043,0.00072,-1,-1,-1,0,0,0,136,1,1,0,0.0000000,0.0000000,0.0000000,0,0,0,0
756904065671250 D 2763,2315889339,1000,1551,1551,2.3792043,0.00069,-1,-1,-1,0,0,0,136,1,1,0,0.0000000,0.0000000,0.0000000,0,0,0,0
756904066670625 D 2764,2315890339,1000,1551,1551,2.3792043,0.00067,-1,-1,-1,0,0,0,136,1,1,0,0.0000000,0.0000000,0.0000000,0,0,0,0
756904067675083 D 2765,2315891339,1000,1551,1551,2.3792043,0.00064,-1,-1,-1,0,0,0,136,1,1,0,0.0000000,0.0000000,0.0000000,0,0,0,0
756904068661291 D 2766,2315892339,1000,1551,1551,2.3792043,0.00061,-1,-1,-1,0,0,0,136,1,1,0,0.0000000,0.0000000,0.0000000,0,0,0,0
756904069673708 D 2767,2315893339,1000,1551,1551,2.3792043,0.00059,-1,-1,-1,0,0,0,136,1,1,0,0.0000000,0.0000000,0.0000000,0,0,0,0
756904070658125 D 2768,2315894339,1000,1551,1551,2.3792043,0.00057,-1,-1,-1,0,0,0,136,1,1,0,0.0000000,0.0000000,0.0000000,0,0,0,0
756904071684000 D 2769,2315895339,1000,1551,1551,2.3792043,0.00054,-1,-1,-1,0,0,0,136,1,1,0,0.0000000,0.0000000,0.0000000,0,0,0,0
756904072696291 D 2770,2315896339,1000,1551,1551,2.3792043,0.00052,-1,-1,-1,0,0,0,136,1,1,0,0.0000000,0.0000000,0.0000000,0,0,0,0
756904073730708 D 2771,2315897339,1000,1551,1551,2.3792043,0.00050,-1,-1,-1,0,0,0,136,1,1,0,0.0000000,0.0000000,0.0000000,0,0,0,0
756904074696458 D 2772,2315898339,1000,1551,1551,2.3792043,0.00048,-1,-1,-1,0,0,0,136,1,1,0,0.0000000,0.0000000,0.0000000,0,0,0,0
756904075699500 D 2773,2315899339,1000,1551,1551,2.3792043,0.00046,-1,-1,-1,0,0,0,136,1,1,0,0.0000000,0.0000000,0.0000000,0,0,0,0
756904076905291 D 2774,2315900339,1000,1551,1551,2.3792043,0.00045,-1,-1,-1,0,0,0,136,1,1,0,0.0000000,0.0000000,0.0000000,0,0,0,0
756904077958041 D 2775,2315901339,1000,1551,1551,2.3792043,0.00043,-1,-1,-1,0,0,0,136,1,1,0,0.0000000,0.0000000,0.0000000,0,0,0,0
756904079590291 D 2776,2315902339,1000,1551,1551,2.3792043,0.00041,39,128,2054,0,0,0,136,1,1,0,0.0000000,0.0000000,0.0000000,0,0,0,0
756904080448208 D 2777,2315903339,1000,1551,1551,2.3792043,0.00040,-1,-1,-1,0,0,0,136,1,1,0,0.0000000,0.0000000,0.0000000,0,0,0,0
756904081258958 D 2778,2315904339,1000,1551,1551,2.3792043,0.00038,-1,-1,-1,0,0,0,136,1,1,0,0.0000000,0.0000000,0.0000000,0,0,0,0
756904081876125 D 2779,2315905339,1000,1551,1551,2.3792043,0.00037,-1,-1,-1,0,0,0,136,1,1,0,0.0000000,0.0000000,0.0000000,0,0,0,0
756904082683833 D 2780,2315906339,1000,1551,1551,2.3792043,0.00035,-1,-1,-1,0,0,0,136,1,1,0,0.0000000,0.0000000,0.0000000,0,0,0,0
756904083660541 D 2781,2315907339,1000,1551,1551,2.3792043,0.00034,-1,-1,-1,0,0,0,136,1,1,0,0.0000000,0.0000000,0.0000000,0,0,0,0
756904084674500 D 2782,2315908339,1000,1551,1551,2.3792043,0.00032,-1,-1,-1,0,0,0,136,1,1,0,0.0000000,0.0000000,0.0000000,0,0,0,0
756904085682375 D 2783,2315909339,1000,1551,1551,2.3792043,0.00031,-1,-1,-1,0,0,0,136,1,1,0,0.0000000,0.0000000,0.0000000,0,0,0,0
756904086669458 D 2784,2315910339,1000,1551,1551,2.3792043,0.00030,-1,-1,-1,0,0,0,136,1,1,0,0.0000000,0.0000000,0.0000000,0,0,0,0
756904087651791 D 2785,2315911339,1000,1551,1551,2.3792043,0.00029,-1,-1,-1,0,0,0,136,1,1,0,0.0000000,0.0000000,0.0000000,0,0,0,0
756904088668416 D 2786,2315912339,1000,1551,1551,2.3792043,0.00028,-1,-1,-1,0,0,0,136,1,1,0,0.0000000,0.0000000,0.0000000,0,0,0,0
756904089659375 D 2787,2315913339,1000,1551,1551,2.3792043,0.00027,-1,-1,-1,0,0,0,136,1,1,0,0.0000000,0.0000000,0.0000000,0,0,0,0
756904090673041 D 2788,2315914339,1000,1551,1551,2.3792043,0.00025,-1,-1,-1,0,0,0,136,1,1,0,0.0000000,0.0000000,0.0000000,0,0,0,0
756904091663416 D 2789,2315915339,1000,1551,1551,2.3792043,0.00024,-1,-1,-1,0,0,0,136,1,1,0,0.0000000,0.0000000,0.0000000,0,0,0,0
756904092663500 D 2790,2315916339,1000,1551,1551,2.3792043,0.00024,-1,-1,-1,0,0,0,136,1,1,0,0.0000000,0.0000000,0.0000000,0,0,0,0
756904093655041 D 2791,2315917339,1000,1551,1551,2.3792043,0.00023,-1,-1,-1,0,0,0,136,1,1,0,0.0000000,0.0000000,0.0000000,0,0,0,0
756904094768541 D 2792,2315918339,1000,1551,1551,2.3792043,0.00022,-1,-1,-1,0,0,0,136,1,1,0,0.0000000,0.0000000,0.0000000,0,0,0,0
756904095750666 D 2793,2315919339,1000,1551,1551,2.3792043,0.00021,-1,-1,-1,0,0,0,136,1,1,0,0.0000000,0.0000000,0.0000000,0,0,0,0
756904096713166 D 2794,2315920339,1000,1551,1551,2.3792043,0.00020,-1,-1,-1,0,0,0,136,1,1,0,0.0000000,0.0000000,0.0000000,0,0,0,0
756904097692125 D 2795,2315921339,1000,1551,1551,2.3792043,0.00019,-1,-1,-1,0,0,0,136,1,1,0,0.0000000,0.0000000,0.0000000,0,0,0,0
756904098689458 D 2796,2315922339,1000,1551,1551,2.3792043,0.00019,-1,-1,-1,0,0,0,136,1,1,0,0.0000000,0.0000000,0.0000000,0,0,0,0
756904099686041 D 2797,2315923339,1000,1551,1551,2.3792043,0.00018,-1,-1,-1,0,0,0,136,1,1,0,0.0000000,0.0000000,0.0000000,0,0,0,0
756904100698208 D 2798,2315924339,1000,1551,1551,2.3792043,0.00017,-1,-1,-1,0,0,0,136,1,1,0,0.0000000,0.0000000,0.0000000,0,0,0,0
756904101700916 D 2799,2315925339,1000,1551,1551,2.3792043,0.00016,-1,-1,-1,0,0,0,136,1,1,0,0.0000000,0.0000000,0.0000000,0,0,0,0
756904102686916 D 2800,2315926339,1000,1551,1551,2.3792043,0.00016,-1,-1,-1,0,0,0,136,1,1,0,0.0000000,0.0000000,0.0000000,0,0,0,0
756904103682500 D 2801,2315927339,1000,1551,1551,2.3792043,0.00015,-1,-1,-1,0,0,0,136,1,1,0,0.0000000,0.0000000,0.0000000,0,0,0,0
756904104694791 D 2802,2315928339,1000,1551,1551,2.3792043,0.00015,-1,-1,-1,0,0,0,136,1,1,0,0.0000000,0.0000000,0.0000000,0,0,0,0
756904105675083 D 2803,2315929339,1000,1551,1551,2.3792043,0.00014,-1,-1,-1,0,0,0,136,1,1,0,0.0000000,0.0000000,0.0000000,0,0,0,0
756904106675791 D 2804,2315930339,1000,1551,1551,2.3792043,0.00013,-1,-1,-1,0,0,0,136,1,1,0,0.0000000,0.0000000,0.0000000,0,0,0,0
756904107678500 D 2805,2315931339,1000,1551,1551,2.3792043,0.00013,-1,-1,-1,0,0,0,136,1,1,0,0.0000000,0.0000000,0.0000000,0,0,0,0
756904108683416 D 2806,2315932339,1000,1551,1551,2.3792043,0.00012,-1,-1,-1,0,0,0,136,1,1,0,0.0000000,0.0000000,0.0000000,0,0,0,0
756904109674583 D 2807,2315933339,1000,1551,1551,2.3792043,0.00012,-1,-1,-1,0,0,0,136,1,1,0,0.0000000,0.0000000,0.0000000,0,0,0,0
756904110927250 D 2808,2315934339,1000,1551,1551,2.3792043,0.00011,-1,-1,-1,0,0,0,136,1,1,0,0.0000000,0.0000000,0.0000000,0,0,0,0
756904111927458 D 2809,2315935339,1000,1551,1551,2.3792043,0.00011,-1,-1,-1,0,0,0,136,1,1,0,0.0000000,0.0000000,0.0000000,0,0,0,0
756904113003083 D 2810,2315936339,1000,1551,1551,2.3792043,0.00011,-1,-1,-1,0,0,0,136,1,1,0,0.0000000,0.0000000,0.0000000,0,0,0,0
756904113760875 D 2811,2315937339,1000,1551,1551,2.3792043,0.00010,-1,-1,-1,0,0,0,136,1,1,0,0.0000000,0.0000000,0.0000000,0,0,0,0
756904114711625 D 2812,2315938339,1000,1551,1551,2.3792043,0.00010,-1,-1,-1,0,0,0,136,1,1,0,0.0000000,0.0000000,0.0000000,0,0,0,0
756904115718250 D 2813,2315939339,1000,1551,1551,2.3792043,0.00009,-1,-1,-1,0,0,0,136,1,1,0,0.0000000,0.0000000,0.0000000,0,0,0,0
756904116712291 D 2814,2315940339,1000,1551,1551,2.3792043,0.00009,-1,-1,-1,0,0,0,136,1,1,0,0.0000000,0.0000000,0.0000000,0,0,0,0
756904117680000 D 2815,2315941339,1000,1551,1551,2.3792043,0.00009,-1,-1,-1,0,0,0,136,1,1,0,0.0000000,0.0000000,0.0000000,0,0,0,0
756904118699166 D 2816,2315942339,1000,1551,1551,2.3792043,0.00008,-1,-1,-1,0,0,0,136,1,1,0,0.0000000,0.0000000,0.0000000,0,0,0,0
756904119675208 D 2817,2315943339,1000,1551,1551,2.3792043,0.00008,-1,-1,-1,0,0,0,136,1,1,0,0.0000000,0.0000000,0.0000000,0,0,0,0
756904120677583 D 2818,2315944339,1000,1551,1551,2.3792043,0.00008,-1,-1,-1,0,0,0,136,1,1,0,0.0000000,0.0000000,0.0000000,0,0,0,0
756904121684291 D 2819,2315945339,1000,1551,1551,2.3792043,0.00007,-1,-1,-1,0,0,0,136,1,1,0,0.0000000,0.0000000,0.0000000,0,0,0,0
756904122838041 D 2820,2315946339,1000,1550,1550,2.3776703,-0.06008,-1,-1,-1,0,0,0,136,1,1,0,0.0000000,0.0000000,0.0000000,0,0,0,0
756904123835166 D 2821,2315947339,1000,1551,1551,2.3792043,0.00243,-1,-1,-1,0,0,0,136,1,1,0,0.0000000,0.0000000,0.0000000,0,0,0,0
756904124883500 D 2822,2315948339,1000,1551,1551,2.3792043,0.00233,-1,-1,-1,0,0,0,136,1,1,0,0.0000000,0.0000000,0.0000000,0,0,0,0
756904125925958 D 2823,2315949339,1000,1551,1551,2.3792043,0.00224,-1,-1,-1,0,0,0,136,1,1,0,0.0000000,0.0000000,0.0000000,0,0,0,0
756904126898250 D 2824,2315950339,1000,1551,1551,2.3792043,0.00215,-1,-1,-1,0,0,0,136,1,1,0,0.0000000,0.0000000,0.0000000,0,0,0,0
756904127840666 D 2825,2315951339,1000,1551,1551,2.3792043,0.00207,-1,-1,-1,0,0,0,136,1,1,0,0.0000000,0.0000000,0.0000000,0,0,0,0
756904129393250 D 2826,2315952339,1000,1551,1551,2.3792043,0.00199,39,128,2055,0,0,0,136,1,1,0,0.0000000,0.0000000,0.0000000,0,0,0,0
756904130108541 D 2827,2315953339,1000,1551,1551,2.3792043,0.00191,-1,-1,-1,0,0,0,136,1,1,0,0.0000000,0.0000000,0.0000000,0,0,0,0
756904130795625 D 2828,2315954339,1000,1551,1551,2.3792043,0.00183,-1,-1,-1,0,0,0,136,1,1,0,0.0000000,0.0000000,0.0000000,0,0,0,0
756904131787916 D 2829,2315955339,1000,1551,1551,2.3792043,0.00176,-1,-1,-1,0,0,0,136,1,1,0,0.0000000,0.0000000,0.0000000,0,0,0,0
756904132797666 D 2830,2315956339,1000,1551,1551,2.3792043,0.00169,-1,-1,-1,0,0,0,136,1,1,0,0.0000000,0.0000000,0.0000000,0,0,0,0
756904133748041 D 2831,2315957339,1000,1551,1551,2.3792043,0.00163,-1,-1,-1,0,0,0,136,1,1,0,0.0000000,0.0000000,0.0000000,0,0,0,0
756904134810791 D 2832,2315958339,1000,1551,1551,2.3792043,0.00156,-1,-1,-1,0,0,0,136,1,1,0,0.0000000,0.0000000,0.0000000,0,0,0,0
756904135789375 D 2833,2315959339,1000,1551,1551,2.3792043,0.00150,-1,-1,-1,0,0,0,136,1,1,0,0.0000000,0.0000000,0.0000000,0,0,0,0
756904136794666 D 2834,2315960339,1000,1551,1551,2.3792043,0.00144,-1,-1,-1,0,0,0,136,1,1,0,0.0000000,0.0000000,0.0000000,0,0,0,0
756904137565666 D 2835,2315961339,1000,1551,1551,2.3792043,0.00139,-1,-1,-1,0,0,0,136,1,1,0,0.0000000,0.0000000,0.0000000,0,0,0,0
756904138795250 D 2836,2315962339,1000,1551,1551,2.3792043,0.00133,-1,-1,-1,0,0,0,136,1,1,0,0.0000000,0.0000000,0.0000000,0,0,0,0
756904139726916 D 2837,2315963339,1000,1551,1551,2.3792043,0.00128,-1,-1,-1,0,0,0,136,1,1,0,0.0000000,0.0000000,0.0000000,0,0,0,0
756904140700375 D 2838,2315964339,1000,1551,1551,2.3792043,0.00123,-1,-1,-1,0,0,0,136,1,1,0,0.0000000,0.0000000,0.0000000,0,0,0,0
756904141732583 D 2839,2315965339,1000,1551,1551,2.3792043,0.00118,-1,-1,-1,0,0,0,136,1,1,0,0.0000000,0.0000000,0.0000000,0,0,0,0
756904142716250 D 2840,2315966339,1000,1551,1551,2.3792043,0.00113,-1,-1,-1,0,0,0,136,1,1,0,0.0000000,0.0000000,0.0000000,0,0,0,0
756904143686208 D 2841,2315967339,1000,1551,1551,2.3792043,0.00109,-1,-1,-1,0,0,0,136,1,1,0,0.0000000,0.0000000,0.0000000,0,0,0,0
756904144754541 D 2842,2315968339,1000,1551,1551,2.3792043,0.00105,-1,-1,-1,0,0,0,136,1,1,0,0.0000000,0.0000000,0.0000000,0,0,0,0
756904145683166 D 2843,2315969339,1000,1551,1551,2.3792043,0.00101,-1,-1,-1,0,0,0,136,1,1,0,0.0000000,0.0000000,0.0000000,0,0,0,0
756904146744583 D 2844,2315970339,1000,1551,1551,2.3792043,0.00097,-1,-1,-1,0,0,0,136,1,1,0,0.0000000,0.0000000,0.0000000,0,0,0,0
756904147687333 D 2845,2315971339,1000,1551,1551,2.3792043,0.00093,-1,-1,-1,0,0,0,136,1,1,0,0.0000000,0.0000000,0.0000000,0,0,0,0
756904148676000 D 2846,2315972339,1000,1551,1551,2.3792043,0.00089,-1,-1,-1,0,0,0,136,1,1,0,0.0000000,0.0000000,0.0000000,0,0,0,0
756904149671291 D 2847,2315973339,1000,1551,1551,2.3792043,0.00086,-1,-1,-1,0,0,0,136,1,1,0,0.0000000,0.0000000,0.0000000,0,0,0,0
756904150693708 D 2848,2315974339,1000,1551,1551,2.3792043,0.00082,-1,-1,-1,0,0,0,136,1,1,0,0.0000000,0.0000000,0.0000000,0,0,0,0
756904151656458 D 2849,2315975339,1000,1551,1551,2.3792043,0.00079,-1,-1,-1,0,0,0,136,1,1,0,0.0000000,0.0000000,0.0000000,0,0,0,0
756904152744333 D 2850,2315976339,1000,1551,1551,2.3792043,0.00076,-1,-1,-1,0,0,0,136,1,1,0,0.0000000,0.0000000,0.0000000,0,0,0,0
756904153722541 D 2851,2315977339,1000,1551,1551,2.3792043,0.00073,-1,-1,-1,0,0,0,136,1,1,0,0.0000000,0.0000000,0.0000000,0,0,0,0
756904154681208 D 2852,2315978339,1000,1551,1551,2.3792043,0.00070,-1,-1,-1,0,0,0,136,1,1,0,0.0000000,0.0000000,0.0000000,0,0,0,0
756904155665333 D 2853,2315979339,1000,1551,1551,2.3792043,0.00067,-1,-1,-1,0,0,0,136,1,1,0,0.0000000,0.0000000,0.0000000,0,0,0,0
756904156653791 D 2854,2315980339,1000,1551,1551,2.3792043,0.00065,-1,-1,-1,0,0,0,136,1,1,0,0.0000000,0.0000000,0.0000000,0,0,0,0
756904157685916 D 2855,2315981339,1000,1551,1551,2.3792043,0.00062,-1,-1,-1,0,0,0,136,1,1,0,0.0000000,0.0000000,0.0000000,0,0,0,0
756904158692333 D 2856,2315982339,1000,1551,1551,2.3792043,0.00060,-1,-1,-1,0,0,0,136,1,1,0,0.0000000,0.0000000,0.0000000,0,0,0,0
756904159729416 D 2857,2315983339,1000,1551,1551,2.3792043,0.00057,-1,-1,-1,0,0,0,136,1,1,0,0.0000000,0.0000000,0.0000000,0,0,0,0
756904160649000 D 2858,2315984339,1000,1551,1551,2.3792043,0.00055,-1,-1,-1,0,0,0,136,1,1,0,0.0000000,0.0000000,0.0000000,0,0,0,0
756904161685416 D 2859,2315985339,1000,1551,1551,2.3792043,0.00053,-1,-1,-1,0,0,0,136,1,1,0,0.0000000,0.0000000,0.0000000,0,0,0,0
756904162651458 D 2860,2315986339,1000,1551,1551,2.3792043,0.00051,-1,-1,-1,0,0,0,136,1,1,0,0.0000000,0.0000000,0.0000000,0,0,0,0
756904163655833 D 2861,2315987339,1000,1551,1551,2.3792043,0.00049,-1,-1,-1,0,0,0,136,1,1,0,0.0000000,0.0000000,0.0000000,0,0,0,0
756904164672250 D 2862,2315988339,1000,1551,1551,2.3792043,0.00047,-1,-1,-1,0,0,0,136,1,1,0,0.0000000,0.0000000,0.0000000,0,0,0,0
756904165646208 D 2863,2315989339,1000,1551,1551,2.3792043,0.00045,-1,-1,-1,0,0,0,136,1,1,0,0.0000000,0.0000000,0.0000000,0,0,0,0
756904166662500 D 2864,2315990339,1000,1551,1551,2.3792043,0.00043,-1,-1,-1,0,0,0,136,1,1,0,0.0000000,0.0000000,0.0000000,0,0,0,0
756904167664166 D 2865,2315991339,1000,1551,1551,2.3792043,0.00042,-1,-1,-1,0,0,0,136,1,1,0,0.0000000,0.0000000,0.0000000,0,0,0,0
756904168654500 D 2866,2315992339,1000,1551,1551,2.3792043,0.00040,-1,-1,-1,0,0,0,136,1,1,0,0.0000000,0.0000000,0.0000000,0,0,0,0
756904169650166 D 2867,2315993339,1000,1551,1551,2.3792043,0.00039,-1,-1,-1,0,0,0,136,1,1,0,0.0000000,0.0000000,0.0000000,0,0,0,0
756904170674833 D 2868,2315994339,1000,1551,1551,2.3792043,0.00037,-1,-1,-1,0,0,0,136,1,1,0,0.0000000,0.0000000,0.0000000,0,0,0,0
756904171685166 D 2869,2315995339,1000,1551,1551,2.3792043,0.00036,-1,-1,-1,0,0,0,136,1,1,0,0.0000000,0.0000000,0.0000000,0,0,0,0
756904172691166 D 2870,2315996339,1000,1551,1551,2.3792043,0.00034,-1,-1,-1,0,0,0,136,1,1,0,0.0000000,0.0000000,0.0000000,0,0,0,0
756904173739000 D 2871,2315997339,1000,1551,1551,2.3792043,0.00033,-1,-1,-1,0,0,0,136,1,1,0,0.0000000,0.0000000,0.0000000,0,0,0,0
756904174704375 D 2872,2315998339,1000,1551,1551,2.3792043,0.00032,-1,-1,-1,0,0,0,136,1,1,0,0.0000000,0.0000000,0.0000000,0,0,0,0
756904175682291 D 2873,2315999339,1000,1551,1551,2.3792043,0.00030,-1,-1,-1,0,0,0,136,1,1,0,0.0000000,0.0000000,0.0000000,0,0,0,0
756904176718208 D 2874,2316000339,1000,1551,1551,2.3792043,0.00029,-1,-1,-1,0,0,0,136,1,1,0,0.0000000,0.0000000,0.0000000,0,0,0,0
756904177927291 D 2875,2316001339,1000,1551,1551,2.3792043,0.00028,-1,-1,-1,0,0,0,136,1,1,0,0.0000000,0.0000000,0.0000000,0,0,0,0
756904179496458 D 2876,2316002339,1000,1551,1551,2.3792043,0.00027,39,128,2054,0,0,0,136,1,1,0,0.0000000,0.0000000,0.0000000,0,0,0,0
756904180462375 D 2877,2316003339,1000,1551,1551,2.3792043,0.00026,-1,-1,-1,0,0,0,136,1,1,0,0.0000000,0.0000000,0.0000000,0,0,0,0
756904181331125 D 2878,2316004339,1000,1551,1551,2.3792043,0.00025,-1,-1,-1,0,0,0,136,1,1,0,0.0000000,0.0000000,0.0000000,0,0,0,0
756904182180708 D 2879,2316005339,1000,1551,1551,2.3792043,0.00024,-1,-1,-1,0,0,0,136,1,1,0,0.0000000,0.0000000,0.0000000,0,0,0,0
756904182807000 D 2880,2316006339,1000,1551,1551,2.3792043,0.00023,-1,-1,-1,0,0,0,136,1,1,0,0.0000000,0.0000000,0.0000000,0,0,0,0
756904183675708 D 2881,2316007339,1000,1551,1551,2.3792043,0.00022,-1,-1,-1,0,0,0,136,1,1,0,0.0000000,0.0000000,0.0000000,0,0,0,0
756904184655791 D 2882,2316008339,1000,1551,1551,2.3792043,0.00021,-1,-1,-1,0,0,0,136,1,1,0,0.0000000,0.0000000,0.0000000,0,0,0,0
756904185668291 D 2883,2316009339,1000,1551,1551,2.3792043,0.00020,-1,-1,-1,0,0,0,136,1,1,0,0.0000000,0.0000000,0.0000000,0,0,0,0
756904186649583 D 2884,2316010339,1000,1551,1551,2.3792043,0.00020,-1,-1,-1,0,0,0,136,1,1,0,0.0000000,0.0000000,0.0000000,0,0,0,0
756904187654583 D 2885,2316011339,1000,1551,1551,2.3792043,0.00019,-1,-1,-1,0,0,0,136,1,1,0,0.0000000,0.0000000,0.0000000,0,0,0,0
756904188713583 D 2886,2316012339,1000,1551,1551,2.3792043,0.00018,-1,-1,-1,0,0,0,136,1,1,0,0.0000000,0.0000000,0.0000000,0,0,0,0
756904189665500 D 2887,2316013339,1000,1551,1551,2.3792043,0.00017,-1,-1,-1,0,0,0,136,1,1,0,0.0000000,0.0000000,0.0000000,0,0,0,0
756904190670833 D 2888,2316014339,1000,1551,1551,2.3792043,0.00017,-1,-1,-1,0,0,0,136,1,1,0,0.0000000,0.0000000,0.0000000,0,0,0,0
756904191661666 D 2889,2316015339,1000,1551,1551,2.3792043,0.00016,-1,-1,-1,0,0,0,136,1,1,0,0.0000000,0.0000000,0.0000000,0,0,0,0
756904192660250 D 2890,2316016339,1000,1551,1551,2.3792043,0.00015,-1,-1,-1,0,0,0,136,1,1,0,0.0000000,0.0000000,0.0000000,0,0,0,0
756904193662666 D 2891,2316017339,1000,1551,1551,2.3792043,0.00015,-1,-1,-1,0,0,0,136,1,1,0,0.0000000,0.0000000,0.0000000,0,0,0,0
756904194671250 D 2892,2316018339,1000,1551,1551,2.3792043,0.00014,-1,-1,-1,0,0,0,136,1,1,0,0.0000000,0.0000000,0.0000000,0,0,0,0
756904195689500 D 2893,2316019339,1000,1551,1551,2.3792043,0.00014,-1,-1,-1,0,0,0,136,1,1,0,0.0000000,0.0000000,0.0000000,0,0,0,0
756904196673416 D 2894,2316020339,1000,1551,1551,2.3792043,0.00013,-1,-1,-1,0,0,0,136,1,1,0,0.0000000,0.0000000,0.0000000,0,0,0,0
756904197671583 D 2895,2316021339,1000,1551,1551,2.3792043,0.00013,-1,-1,-1,0,0,0,136,1,1,0,0.0000000,0.0000000,0.0000000,0,0,0,0
756904198663583 D 2896,2316022339,1000,1551,1551,2.3792043,0.00012,-1,-1,-1,0,0,0,136,1,1,0,0.0000000,0.0000000,0.0000000,0,0,0,0
756904199660916 D 2897,2316023339,1000,1551,1551,2.3792043,0.00012,-1,-1,-1,0,0,0,136,1,1,0,0.0000000,0.0000000,0.0000000,0,0,0,0
756904200662875 D 2898,2316024339,1000,1551,1551,2.3792043,0.00011,-1,-1,-1,0,0,0,136,1,1,0,0.0000000,0.0000000,0.0000000,0,0,0,0
756904201655708 D 2899,2316025339,1000,1551,1551,2.3792043,0.00011,-1,-1,-1,0,0,0,136,1,1,0,0.0000000,0.0000000,0.0000000,0,0,0,0
756904202652208 D 2900,2316026339,1000,1551,1551,2.3792043,0.00010,-1,-1,-1,0,0,0,136,1,1,0,0.0000000,0.0000000,0.0000000,0,0,0,0
756904203660000 D 2901,2316027339,1000,1551,1551,2.3792043,0.00010,-1,-1,-1,0,0,0,136,1,1,0,0.0000000,0.0000000,0.0000000,0,0,0,0
756904204661833 D 2902,2316028339,1000,1551,1551,2.3792043,0.00010,-1,-1,-1,0,0,0,136,1,1,0,0.0000000,0.0000000,0.0000000,0,0,0,0
756904205678125 D 2903,2316029339,1000,1551,1551,2.3792043,0.00009,-1,-1,-1,0,0,0,136,1,1,0,0.0000000,0.0000000,0.0000000,0,0,0,0
756904206663291 D 2904,2316030339,1000,1551,1551,2.3792043,0.00009,-1,-1,-1,0,0,0,136,1,1,0,0.0000000,0.0000000,0.0000000,0,0,0,0
756904207656083 D 2905,2316031339,1000,1551,1551,2.3792043,0.00008,-1,-1,-1,0,0,0,136,1,1,0,0.0000000,0.0000000,0.0000000,0,0,0,0
756904208886916 D 2906,2316032339,1000,1551,1551,2.3792043,0.00008,-1,-1,-1,0,0,0,136,1,1,0,0.0000000,0.0000000,0.0000000,0,0,0,0
756904209956708 D 2907,2316033339,1000,1551,1551,2.3792043,0.00008,-1,-1,-1,0,0,0,136,1,1,0,0.0000000,0.0000000,0.0000000,0,0,0,0
756904211044625 D 2908,2316034339,1000,1551,1551,2.3792043,0.00007,-1,-1,-1,0,0,0,136,1,1,0,0.0000000,0.0000000,0.0000000,0,0,0,0
756904211888291 D 2909,2316035339,1000,1551,1551,2.3792043,0.00007,-1,-1,-1,0,0,0,136,1,1,0,0.0000000,0.0000000,0.0000000,0,0,0,0
756904212836250 D 2910,2316036339,1000,1551,1551,2.3792043,0.00007,-1,-1,-1,0,0,0,136,1,1,0,0.0000000,0.0000000,0.0000000,0,0,0,0
756904214130166 D 2911,2316037339,1000,1551,1551,2.3792043,0.00007,-1,-1,-1,0,0,0,136,1,1,0,0.0000000,0.0000000,0.0000000,0,0,0,0
756904214892541 D 2912,2316038339,1000,1551,1551,2.3792043,0.00006,-1,-1,-1,0,0,0,136,1,1,0,0.0000000,0.0000000,0.0000000,0,0,0,0
756904215860208 D 2913,2316039339,1000,1551,1551,2.3792043,0.00006,-1,-1,-1,0,0,0,136,1,1,0,0.0000000,0.0000000,0.0000000,0,0,0,0
756904216822125 D 2914,2316040339,1000,1551,1551,2.3792043,0.00006,-1,-1,-1,0,0,0,136,1,1,0,0.0000000,0.0000000,0.0000000,0,0,0,0
756904217860666 D 2915,2316041339,1000,1551,1551,2.3792043,0.00006,-1,-1,-1,0,0,0,136,1,1,0,0.0000000,0.0000000,0.0000000,0,0,0,0
756904218863083 D 2916,2316042339,1000,1551,1551,2.3792043,0.00005,-1,-1,-1,0,0,0,136,1,1,0,0.0000000,0.0000000,0.0000000,0,0,0,0
756904219834916 D 2917,2316043339,1000,1551,1551,2.3792043,0.00005,-1,-1,-1,0,0,0,136,1,1,0,0.0000000,0.0000000,0.0000000,0,0,0,0
756904220752750 D 2918,2316044339,1000,1551,1551,2.3792043,0.00005,-1,-1,-1,0,0,0,136,1,1,0,0.0000000,0.0000000,0.0000000,0,0,0,0
756904221735208 D 2919,2316045339,1000,1551,1551,2.3792043,0.00005,-1,-1,-1,0,0,0,136,1,1,0,0.0000000,0.0000000,0.0000000,0,0,0,0
756904222758833 D 2920,2316046339,1000,1551,1551,2.3792043,0.00005,-1,-1,-1,0,0,0,136,1,1,0,0.0000000,0.0000000,0.0000000,0,0,0,0
756904223709541 D 2921,2316047339,1000,1551,1551,2.3792043,0.00004,-1,-1,-1,0,0,0,136,1,1,0,0.0000000,0.0000000,0.0000000,0,0,0,0
756904224734250 D 2922,2316048339,1000,1551,1551,2.3792043,0.00004,-1,-1,-1,0,0,0,136,1,1,0,0.0000000,0.0000000,0.0000000,0,0,0,0
756904225767250 D 2923,2316049339,1000,1551,1551,2.3792043,0.00004,-1,-1,-1,0,0,0,136,1,1,0,0.0000000,0.0000000,0.0000000,0,0,0,0
756904226865458 D 2924,2316050339,1000,1551,1551,2.3792043,0.00004,-1,-1,-1,0,0,0,136,1,1,0,0.0000000,0.0000000,0.0000000,0,0,0,0
756904227782458 D 2925,2316051339,1000,1551,1551,2.3792043,0.00004,-1,-1,-1,0,0,0,136,1,1,0,0.0000000,0.0000000,0.0000000,0,0,0,0
756904229180458 D 2926,2316052339,1000,1551,1551,2.3792043,0.00004,39,128,2054,0,0,0,136,1,1,0,0.0000000,0.0000000,0.0000000,0,0,0,0
756904229849375 D 2927,2316053339,1000,1551,1551,2.3792043,0.00003,-1,-1,-1,0,0,0,136,1,1,0,0.0000000,0.0000000,0.0000000,0,0,0,0
756904230703000 D 2928,2316054339,1000,1551,1551,2.3792043,0.00003,-1,-1,-1,0,0,0,136,1,1,0,0.0000000,0.0000000,0.0000000,0,0,0,0
756904231780625 D 2929,2316055339,1000,1551,1551,2.3792043,0.00003,-1,-1,-1,0,0,0,136,1,1,0,0.0000000,0.0000000,0.0000000,0,0,0,0
756904232752000 D 2930,2316056339,1000,1551,1551,2.3792043,0.00003,-1,-1,-1,0,0,0,136,1,1,0,0.0000000,0.0000000,0.0000000,0,0,0,0
756904233737083 D 2931,2316057339,1000,1551,1551,2.3792043,0.00003,-1,-1,-1,0,0,0,136,1,1,0,0.0000000,0.0000000,0.0000000,0,0,0,0
756904234705458 D 2932,2316058339,1000,1551,1551,2.3792043,0.00003,-1,-1,-1,0,0,0,136,1,1,0,0.0000000,0.0000000,0.0000000,0,0,0,0
756904235710083 D 2933,2316059339,1000,1551,1551,2.3792043,0.00003,-1,-1,-1,0,0,0,136,1,1,0,0.0000000,0.0000000,0.0000000,0,0,0,0
756904236761833 D 2934,2316060339,1000,1551,1551,2.3792043,0.00003,-1,-1,-1,0,0,0,136,1,1,0,0.0000000,0.0000000,0.0000000,0,0,0,0
756904237712625 D 2935,2316061339,1000,1551,1551,2.3792043,0.00003,-1,-1,-1,0,0,0,136,1,1,0,0.0000000,0.0000000,0.0000000,0,0,0,0
756904238700958 D 2936,2316062339,1000,1551,1551,2.3792043,0.00002,-1,-1,-1,0,0,0,136,1,1,0,0.0000000,0.0000000,0.0000000,0,0,0,0
756904239739916 D 2937,2316063339,1000,1551,1551,2.3792043,0.00002,-1,-1,-1,0,0,0,136,1,1,0,0.0000000,0.0000000,0.0000000,0,0,0,0
756904240699000 D 2938,2316064339,1000,1551,1551,2.3792043,0.00002,-1,-1,-1,0,0,0,136,1,1,0,0.0000000,0.0000000,0.0000000,0,0,0,0
756904241709500 D 2939,2316065339,1000,1551,1551,2.3792043,0.00002,-1,-1,-1,0,0,0,136,1,1,0,0.0000000,0.0000000,0.0000000,0,0,0,0
756904242721416 D 2940,2316066339,1000,1551,1551,2.3792043,0.00002,-1,-1,-1,0,0,0,136,1,1,0,0.0000000,0.0000000,0.0000000,0,0,0,0
756904243696208 D 2941,2316067339,1000,1551,1551,2.3792043,0.00002,-1,-1,-1,0,0,0,136,1,1,0,0.0000000,0.0000000,0.0000000,0,0,0,0
756904244679791 D 2942,2316068339,1000,1551,1551,2.3792043,0.00002,-1,-1,-1,0,0,0,136,1,1,0,0.0000000,0.0000000,0.0000000,0,0,0,0
756904245684333 D 2943,2316069339,1000,1551,1551,2.3792043,0.00002,-1,-1,-1,0,0,0,136,1,1,0,0.0000000,0.0000000,0.0000000,0,0,0,0
756904246682375 D 2944,2316070339,1000,1551,1551,2.3792043,0.00002,-1,-1,-1,0,0,0,136,1,1,0,0.0000000,0.0000000,0.0000000,0,0,0,0
756904247684041 D 2945,2316071339,1000,1551,1551,2.3792043,0.00002,-1,-1,-1,0,0,0,136,1,1,0,0.0000000,0.0000000,0.0000000,0,0,0,0
756904248687625 D 2946,2316072339,1000,1551,1551,2.3792043,0.00002,-1,-1,-1,0,0,0,136,1,1,0,0.0000000,0.0000000,0.0000000,0,0,0,0
756904249689000 D 2947,2316073339,1000,1551,1551,2.3792043,0.00002,-1,-1,-1,0,0,0,136,1,1,0,0.0000000,0.0000000,0.0000000,0,0,0,0
756904250935625 D 2948,2316074339,1000,1551,1551,2.3792043,0.00002,-1,-1,-1,0,0,0,136,1,1,0,0.0000000,0.0000000,0.0000000,0,0,0,0
756904251944916 D 2949,2316075339,1000,1551,1551,2.3792043,0.00001,-1,-1,-1,0,0,0,136,1,1,0,0.0000000,0.0000000,0.0000000,0,0,0,0
756904252923708 D 2950,2316076339,1000,1552,1552,2.3807383,0.06016,-1,-1,-1,0,0,0,136,1,1,0,0.0000000,0.0000000,0.0000000,0,0,0,0
756904253759291 D 2951,2316077339,1000,1551,1551,2.3792043,-0.00235,-1,-1,-1,0,0,0,136,1,1,0,0.0000000,0.0000000,0.0000000,0,0,0,0
756904254697916 D 2952,2316078339,1000,1551,1551,2.3792043,-0.00225,-1,-1,-1,0,0,0,136,1,1,0,0.0000000,0.0000000,0.0000000,0,0,0,0
756904255709291 D 2953,2316079339,1000,1551,1551,2.3792043,-0.00216,-1,-1,-1,0,0,0,136,1,1,0,0.0000000,0.0000000,0.0000000,0,0,0,0
756904256702541 D 2954,2316080339,1000,1551,1551,2.3792043,-0.00208,-1,-1,-1,0,0,0,136,1,1,0,0.0000000,0.0000000,0.0000000,0,0,0,0
756904257783625 D 2955,2316081339,1000,1551,1551,2.3792043,-0.00200,-1,-1,-1,0,0,0,136,1,1,0,0.0000000,0.0000000,0.0000000,0,0,0,0
756904258779416 D 2956,2316082339,1000,1551,1551,2.3792043,-0.00192,-1,-1,-1,0,0,0,136,1,1,0,0.0000000,0.0000000,0.0000000,0,0,0,0
756904259754083 D 2957,2316083339,1000,1551,1551,2.3792043,-0.00184,-1,-1,-1,0,0,0,136,1,1,0,0.0000000,0.0000000,0.0000000,0,0,0,0
756904260706500 D 2958,2316084339,1000,1551,1551,2.3792043,-0.00177,-1,-1,-1,0,0,0,136,1,1,0,0.0000000,0.0000000,0.0000000,0,0,0,0
756904261700791 D 2959,2316085339,1000,1551,1551,2.3792043,-0.00170,-1,-1,-1,0,0,0,136,1,1,0,0.0000000,0.0000000,0.0000000,0,0,0,0
756904262706583 D 2960,2316086339,1000,1551,1551,2.3792043,-0.00164,-1,-1,-1,0,0,0,136,1,1,0,0.0000000,0.0000000,0.0000000,0,0,0,0
756904263712666 D 2961,2316087339,1000,1551,1551,2.3792043,-0.00157,-1,-1,-1,0,0,0,136,1,1,0,0.0000000,0.0000000,0.0000000,0,0,0,0
756904264703250 D 2962,2316088339,1000,1551,1551,2.3792043,-0.00151,-1,-1,-1,0,0,0,136,1,1,0,0.0000000,0.0000000,0.0000000,0,0,0,0
756904265703500 D 2963,2316089339,1000,1551,1551,2.3792043,-0.00145,-1,-1,-1,0,0,0,136,1,1,0,0.0000000,0.0000000,0.0000000,0,0,0,0
756904266743833 D 2964,2316090339,1000,1551,1551,2.3792043,-0.00139,-1,-1,-1,0,0,0,136,1,1,0,0.0000000,0.0000000,0.0000000,0,0,0,0
756904267702916 D 2965,2316091339,1000,1551,1551,2.3792043,-0.00134,-1,-1,-1,0,0,0,136,1,1,0,0.0000000,0.0000000,0.0000000,0,0,0,0
756904268744791 D 2966,2316092339,1000,1551,1551,2.3792043,-0.00129,-1,-1,-1,0,0,0,136,1,1,0,0.0000000,0.0000000,0.0000000,0,0,0,0
756904269693708 D 2967,2316093339,1000,1551,1551,2.3792043,-0.00124,-1,-1,-1,0,0,0,136,1,1,0,0.0000000,0.0000000,0.0000000,0,0,0,0
756904270698083 D 2968,2316094339,1000,1551,1551,2.3792043,-0.00119,-1,-1,-1,0,0,0,136,1,1,0,0.0000000,0.0000000,0.0000000,0,0,0,0
756904271685166 D 2969,2316095339,1000,1551,1551,2.3792043,-0.00114,-1,-1,-1,0,0,0,136,1,1,0,0.0000000,0.0000000,0.0000000,0,0,0,0
756904272726000 D 2970,2316096339,1000,1551,1551,2.3792043,-0.00110,-1,-1,-1,0,0,0,136,1,1,0,0.0000000,0.0000000,0.0000000,0,0,0,0
756904273876583 D 2971,2316097339,1000,1551,1551,2.3792043,-0.00105,-1,-1,-1,0,0,0,136,1,1,0,0.0000000,0.0000000,0.0000000,0,0,0,0
756904274905333 D 2972,2316098339,1000,1551,1551,2.3792043,-0.00101,-1,-1,-1,0,0,0,136,1,1,0,0.0000000,0.0000000,0.0000000,0,0,0,0
756904275742500 D 2973,2316099339,1000,1551,1551,2.3792043,-0.00097,-1,-1,-1,0,0,0,136,1,1,0,0.0000000,0.0000000,0.0000000,0,0,0,0
756904276723625 D 2974,2316100339,1000,1551,1551,2.3792043,-0.00093,-1,-1,-1,0,0,0,136,1,1,0,0.0000000,0.0000000,0.0000000,0,0,0,0
756904277704791 D 2975,2316101339,1000,1551,1551,2.3792043,-0.00090,-1,-1,-1,0,0,0,136,1,1,0,0.0000000,0.0000000,0.0000000,0,0,0,0
756904279197875 D 2976,2316102339,1000,1551,1551,2.3792043,-0.00086,39,128,2054,0,0,0,136,1,1,0,0.0000000,0.0000000,0.0000000,0,0,0,0
756904279823541 D 2977,2316103339,1000,1551,1551,2.3792043,-0.00083,-1,-1,-1,0,0,0,136,1,1,0,0.0000000,0.0000000,0.0000000,0,0,0,0
756904280722958 D 2978,2316104339,1000,1551,1551,2.3792043,-0.00080,-1,-1,-1,0,0,0,136,1,1,0,0.0000000,0.0000000,0.0000000,0,0,0,0
756904281712291 D 2979,2316105339,1000,1551,1551,2.3792043,-0.00077,-1,-1,-1,0,0,0,136,1,1,0,0.0000000,0.0000000,0.0000000,0,0,0,0
756904282951083 D 2980,2316106339,1000,1551,1551,2.3792043,-0.00074,-1,-1,-1,0,0,0,136,1,1,0,0.0000000,0.0000000,0.0000000,0,0,0,0
756904283929458 D 2981,2316107339,1000,1551,1551,2.3792043,-0.00071,-1,-1,-1,0,0,0,136,1,1,0,0.0000000,0.0000000,0.0000000,0,0,0,0
756904284941958 D 2982,2316108339,1000,1551,1551,2.3792043,-0.00068,-1,-1,-1,0,0,0,136,1,1,0,0.0000000,0.0000000,0.0000000,0,0,0,0
756904285698541 D 2983,2316109339,1000,1551,1551,2.3792043,-0.00065,-1,-1,-1,0,0,0,136,1,1,0,0.0000000,0.0000000,0.0000000,0,0,0,0
756904286705833 D 2984,2316110339,1000,1551,1551,2.3792043,-0.00063,-1,-1,-1,0,0,0,136,1,1,0,0.0000000,0.0000000,0.0000000,0,0,0,0
756904287708083 D 2985,2316111339,1000,1551,1551,2.3792043,-0.00060,-1,-1,-1,0,0,0,136,1,1,0,0.0000000,0.0000000,0.0000000,0,0,0,0
756904288722666 D 2986,2316112339,1000,1551,1551,2.3792043,-0.00058,-1,-1,-1,0,0,0,136,1,1,0,0.0000000,0.0000000,0.0000000,0,0,0,0
756904289728208 D 2987,2316113339,1000,1551,1551,2.3792043,-0.00056,-1,-1,-1,0,0,0,136,1,1,0,0.0000000,0.0000000,0.0000000,0,0,0,0
756904290706416 D 2988,2316114339,1000,1551,1551,2.3792043,-0.00053,-1,-1,-1,0,0,0,136,1,1,0,0.0000000,0.0000000,0.0000000,0,0,0,0
756904291708833 D 2989,2316115339,1000,1551,1551,2.3792043,-0.00051,-1,-1,-1,0,0,0,136,1,1,0,0.0000000,0.0000000,0.0000000,0,0,0,0
756904292724958 D 2990,2316116339,1000,1551,1551,2.3792043,-0.00049,-1,-1,-1,0,0,0,136,1,1,0,0.0000000,0.0000000,0.0000000,0,0,0,0
756904293700958 D 2991,2316117339,1000,1551,1551,2.3792043,-0.00047,-1,-1,-1,0,0,0,136,1,1,0,0.0000000,0.0000000,0.0000000,0,0,0,0
756904294699541 D 2992,2316118339,1000,1551,1551,2.3792043,-0.00045,-1,-1,-1,0,0,0,136,1,1,0,0.0000000,0.0000000,0.0000000,0,0,0,0
756904295778625 D 2993,2316119339,1000,1551,1551,2.3792043,-0.00044,-1,-1,-1,0,0,0,136,1,1,0,0.0000000,0.0000000,0.0000000,0,0,0,0
756904296905000 D 2994,2316120339,1000,1551,1551,2.3792043,-0.00042,-1,-1,-1,0,0,0,136,1,1,0,0.0000000,0.0000000,0.0000000,0,0,0,0
756904297818500 D 2995,2316121339,1000,1551,1551,2.3792043,-0.00040,-1,-1,-1,0,0,0,136,1,1,0,0.0000000,0.0000000,0.0000000,0,0,0,0
756904298866708 D 2996,2316122339,1000,1551,1551,2.3792043,-0.00039,-1,-1,-1,0,0,0,136,1,1,0,0.0000000,0.0000000,0.0000000,0,0,0,0
756904299796625 D 2997,2316123339,1000,1551,1551,2.3792043,-0.00037,-1,-1,-1,0,0,0,136,1,1,0,0.0000000,0.0000000,0.0000000,0,0,0,0
756904300797500 D 2998,2316124339,1000,1551,1551,2.3792043,-0.00036,-1,-1,-1,0,0,0,136,1,1,0,0.0000000,0.0000000,0.0000000,0,0,0,0
756904301729125 D 2999,2316125339,1000,1550,1550,2.3776703,-0.06049,-1,-1,-1,0,0,0,136,1,1,0,0.0000000,0.0000000,0.0000000,0,0,0,0
756904302036583 E 2316125529 END host_stop 0 0 0
