758619342786875 I steps_per_m=26666.66601562 cart_step=2 cart_dir=3 enable=8 limits_connected=0 filter_write_ok=1
758619343511791 I home=0 enabled=0 travel_mm=300.000 vmax_mm_s=30.000 amax_mm_s2=300.000 jerk_mm_s3=3000.000
758619343650541 E 4021621654 INFO
758619343790625 E 4021622408 OFF
758619343941125 E 4031162018 STREAM
758619345200041 D 0,4031162339,0,1545,1545,2.3700004,0.00000,-1,-1,-1,0,0,0,136,1,1,0,0.0000000,0.0000000,0.0000000,0,0,0,0
758619346036791 D 1,4031163339,1000,1545,1545,2.3700004,0.00000,-1,-1,-1,0,0,0,136,1,1,0,0.0000000,0.0000000,0.0000000,0,0,0,0
758619346226083 E 4031163974 LIMITS
758619346876125 D 2,4031164339,1000,1545,1545,2.3700004,0.00000,-1,-1,-1,0,0,0,136,1,1,0,0.0000000,0.0000000,0.0000000,0,0,0,0
758619347478916 D 3,4031165339,1000,1545,1545,2.3700004,0.00000,-1,-1,-1,0,0,0,136,1,1,0,0.0000000,0.0000000,0.0000000,0,0,0,0
758619347593250 E 4031166256 HOME
758619348176500 D 4,4031166339,1000,1545,1545,2.3700004,0.00000,-1,-1,-1,0,0,0,136,1,1,0,0.0000000,0.0000000,0.0000000,0,0,1,1
758619348722208 D 5,4031167339,1000,1545,1545,2.3700004,0.00000,-1,-1,-1,0,0,0,136,1,1,0,0.0000000,0.0000000,0.0000000,0,0,1,1
758619349247208 D 6,4031168339,1000,1545,1545,2.3700004,0.00000,-1,-1,-1,0,0,0,136,1,1,0,0.0000000,0.0000000,0.0000000,0,0,1,1
758619350122458 D 7,4031169339,1000,1545,1545,2.3700004,0.00000,-1,-1,-1,0,0,0,136,1,1,0,0.0000000,0.0000000,0.0000000,0,0,1,1
758619351128291 D 8,4031170339,1000,1545,1545,2.3700004,0.00000,-1,-1,-1,0,0,0,136,1,1,0,0.0000000,0.0000000,0.0000000,0,0,1,1
758619352152000 D 9,4031171339,1000,1545,1545,2.3700004,0.00000,-1,-1,-1,0,0,0,136,1,1,0,0.0000000,0.0000000,0.0000000,0,0,1,1
758619353042208 D 10,4031172339,1000,1545,1545,2.3700004,0.00000,-1,-1,-1,0,0,0,136,1,1,0,0.0000000,0.0000000,0.0000000,0,0,1,1
758619354011875 D 11,4031173339,1000,1545,1545,2.3700004,0.00000,-1,-1,-1,0,0,0,136,1,1,0,0.0000000,0.0000000,0.0000000,0,0,1,1
758619354986416 D 12,4031174339,1000,1545,1545,2.3700004,0.00000,-1,-1,-1,0,0,0,136,1,1,0,0.0000000,0.0000000,0.0000000,0,0,1,1
758619356018791 D 13,4031175339,1000,1545,1545,2.3700004,0.00000,-1,-1,-1,0,0,0,136,1,1,0,0.0000000,0.0000000,0.0000000,0,0,1,1
758619356998458 D 14,4031176339,1000,1545,1545,2.3700004,0.00000,-1,-1,-1,0,0,0,136,1,1,0,0.0000000,0.0000000,0.0000000,0,0,1,1
758619358015916 D 15,4031177339,1000,1545,1545,2.3700004,0.00000,-1,-1,-1,0,0,0,136,1,1,0,0.0000000,0.0000000,0.0000000,0,0,1,1
758619359009583 D 16,4031178339,1000,1545,1545,2.3700004,0.00000,-1,-1,-1,0,0,0,136,1,1,0,0.0000000,0.0000000,0.0000000,0,0,1,1
758619360012291 D 17,4031179339,1000,1545,1545,2.3700004,0.00000,-1,-1,-1,0,0,0,136,1,1,0,0.0000000,0.0000000,0.0000000,0,0,1,1
758619361076000 D 18,4031180339,1000,1545,1545,2.3700004,0.00000,-1,-1,-1,0,0,0,136,1,1,0,0.0000000,0.0000000,0.0000000,0,0,1,1
758619362064708 D 19,4031181339,1000,1545,1545,2.3700004,0.00000,-1,-1,-1,0,0,0,136,1,1,0,0.0000000,0.0000000,0.0000000,0,0,1,1
758619363070875 D 20,4031182339,1000,1545,1545,2.3700004,0.00000,-1,-1,-1,0,0,0,136,1,1,0,0.0000000,0.0000000,0.0000000,0,0,1,1
758619364073541 D 21,4031183339,1000,1545,1545,2.3700004,0.00000,-1,-1,-1,0,0,0,136,1,1,0,0.0000000,0.0000000,0.0000000,0,0,1,1
758619365003708 D 22,4031184339,1000,1545,1545,2.3700004,0.00000,-1,-1,-1,0,0,0,136,1,1,0,0.0000000,0.0000000,0.0000000,0,0,1,1
758619366066458 D 23,4031185339,1000,1545,1545,2.3700004,0.00000,-1,-1,-1,0,0,0,136,1,1,0,0.0000000,0.0000000,0.0000000,0,0,1,1
758619367086333 D 24,4031186339,1000,1545,1545,2.3700004,0.00000,-1,-1,-1,0,0,0,136,1,1,0,0.0000000,0.0000000,0.0000000,0,0,1,1
758619368062000 D 25,4031187339,1000,1545,1545,2.3700004,0.00000,-1,-1,-1,0,0,0,136,1,1,0,0.0000000,0.0000000,0.0000000,0,0,1,1
758619369059041 D 26,4031188339,1000,1545,1545,2.3700004,0.00000,-1,-1,-1,0,0,0,136,1,1,0,0.0000000,0.0000000,0.0000000,0,0,1,1
758619369987166 D 27,4031189339,1000,1545,1545,2.3700004,0.00000,-1,-1,-1,0,0,0,136,1,1,0,0.0000000,0.0000000,0.0000000,0,0,1,1
758619371057375 D 28,4031190339,1000,1545,1545,2.3700004,0.00000,-1,-1,-1,0,0,0,136,1,1,0,0.0000000,0.0000000,0.0000000,0,0,1,1
758619372055708 D 29,4031191339,1000,1545,1545,2.3700004,0.00000,-1,-1,-1,0,0,0,136,1,1,0,0.0000000,0.0000000,0.0000000,0,0,1,1
758619372963250 D 30,4031192339,1000,1545,1545,2.3700004,0.00000,-1,-1,-1,0,0,0,136,1,1,0,0.0000000,0.0000000,0.0000000,0,0,1,1
758619373966541 D 31,4031193339,1000,1545,1545,2.3700004,0.00000,-1,-1,-1,0,0,0,136,1,1,0,0.0000000,0.0000000,0.0000000,0,0,1,1
758619375148250 D 32,4031194339,1000,1545,1545,2.3700004,0.00000,-1,-1,-1,0,0,0,136,1,1,0,0.0000000,0.0000000,0.0000000,0,0,1,1
758619376063416 D 33,4031195339,1000,1545,1545,2.3700004,0.00000,-1,-1,-1,0,0,0,136,1,1,0,0.0000000,0.0000000,0.0000000,0,0,1,1
758619377093708 D 34,4031196339,1000,1545,1545,2.3700004,0.00000,-1,-1,-1,0,0,0,136,1,1,0,0.0000000,0.0000000,0.0000000,0,0,1,1
758619378092625 D 35,4031197339,1000,1545,1545,2.3700004,0.00000,-1,-1,-1,0,0,0,136,1,1,0,0.0000000,0.0000000,0.0000000,0,0,1,1
758619379080333 D 36,4031198339,1000,1545,1545,2.3700004,0.00000,-1,-1,-1,0,0,0,136,1,1,0,0.0000000,0.0000000,0.0000000,0,0,1,1
758619380072208 D 37,4031199339,1000,1545,1545,2.3700004,0.00000,-1,-1,-1,0,0,0,136,1,1,0,0.0000000,0.0000000,0.0000000,0,0,1,1
758619380985625 D 38,4031200339,1000,1545,1545,2.3700004,0.00000,-1,-1,-1,0,0,0,136,1,1,0,0.0000000,0.0000000,0.0000000,0,0,1,1
758619382148875 D 39,4031201339,1000,1545,1545,2.3700004,0.00000,-1,-1,-1,0,0,0,136,1,1,0,0.0000000,0.0000000,0.0000000,0,0,1,1
758619383570666 D 40,4031202339,1000,1545,1545,2.3700004,0.00000,39,126,2102,0,0,0,136,1,1,0,0.0000000,0.0000000,0.0000000,0,0,1,1
758619384129375 D 41,4031203339,1000,1545,1545,2.3700004,0.00000,-1,-1,-1,0,0,0,136,1,1,0,0.0000000,0.0000000,0.0000000,0,0,1,1
758619385112458 D 42,4031204339,1000,1545,1545,2.3700004,0.00000,-1,-1,-1,0,0,0,136,1,1,0,0.0000000,0.0000000,0.0000000,0,0,1,1
758619385991625 D 43,4031205339,1000,1545,1545,2.3700004,0.00000,-1,-1,-1,0,0,0,136,1,1,0,0.0000000,0.0000000,0.0000000,0,0,1,1
758619387146500 D 44,4031206339,1000,1545,1545,2.3700004,0.00000,-1,-1,-1,0,0,0,136,1,1,0,0.0000000,0.0000000,0.0000000,0,0,1,1
758619388140583 D 45,4031207339,1000,1545,1545,2.3700004,0.00000,-1,-1,-1,0,0,0,136,1,1,0,0.0000000,0.0000000,0.0000000,0,0,1,1
758619389146958 D 46,4031208339,1000,1545,1545,2.3700004,0.00000,-1,-1,-1,0,0,0,136,1,1,0,0.0000000,0.0000000,0.0000000,0,0,1,1
758619390146958 D 47,4031209339,1000,1545,1545,2.3700004,0.00000,-1,-1,-1,0,0,0,136,1,1,0,0.0000000,0.0000000,0.0000000,0,0,1,1
758619391080416 D 48,4031210339,1000,1545,1545,2.3700004,0.00000,-1,-1,-1,0,0,0,136,1,1,0,0.0000000,0.0000000,0.0000000,0,0,1,1
758619392164750 D 49,4031211339,1000,1545,1545,2.3700004,0.00000,-1,-1,-1,0,0,0,136,1,1,0,0.0000000,0.0000000,0.0000000,0,0,1,1
758619393130833 D 50,4031212339,1000,1545,1545,2.3700004,0.00000,-1,-1,-1,0,0,0,136,1,1,0,0.0000000,0.0000000,0.0000000,0,0,1,1
758619394128500 D 51,4031213339,1000,1545,1545,2.3700004,0.00000,-1,-1,-1,0,0,0,136,1,1,0,0.0000000,0.0000000,0.0000000,0,0,1,1
758619395132041 D 52,4031214339,1000,1545,1545,2.3700004,0.00000,-1,-1,-1,0,0,0,136,1,1,0,0.0000000,0.0000000,0.0000000,0,0,1,1
758619396023625 D 53,4031215339,1000,1546,1546,2.3715343,0.06015,-1,-1,-1,0,0,0,136,1,1,0,0.0000000,0.0000000,0.0000000,0,0,1,1
758619396918625 D 54,4031216339,1000,1545,1545,2.3700004,-0.00236,-1,-1,-1,0,0,0,136,1,1,0,0.0000000,0.0000000,0.0000000,0,0,1,1
758619397890458 D 55,4031217339,1000,1545,1545,2.3700004,-0.00227,-1,-1,-1,0,0,0,136,1,1,0,0.0000000,0.0000000,0.0000000,0,0,1,1
758619398899958 D 56,4031218339,1000,1545,1545,2.3700004,-0.00218,-1,-1,-1,0,0,0,136,1,1,0,0.0000000,0.0000000,0.0000000,0,0,1,1
758619399891375 D 57,4031219339,1000,1545,1545,2.3700004,-0.00209,-1,-1,-1,0,0,0,136,1,1,0,0.0000000,0.0000000,0.0000000,0,0,1,1
758619400999791 D 58,4031220339,1000,1545,1545,2.3700004,-0.00201,-1,-1,-1,0,0,0,136,1,1,0,0.0000000,0.0000000,0.0000000,0,0,1,1
758619401886541 D 59,4031221339,1000,1545,1545,2.3700004,-0.00193,-1,-1,-1,0,0,0,135,1,1,0,0.0000000,0.0000000,0.0000000,0,0,1,1
758619403195000 D 60,4031222339,1000,1545,1545,2.3700004,-0.00186,-1,-1,-1,0,0,0,136,1,1,0,0.0000000,0.0000000,0.0000000,0,0,1,1
758619404154166 D 61,4031223339,1000,1545,1545,2.3700004,-0.00178,-1,-1,-1,0,0,0,136,1,1,0,0.0000000,0.0000000,0.0000000,0,0,1,1
758619405159791 D 62,4031224339,1000,1545,1545,2.3700004,-0.00171,-1,-1,-1,0,0,0,136,1,1,0,0.0000000,0.0000000,0.0000000,0,0,1,1
758619406201333 D 63,4031225339,1000,1545,1545,2.3700004,-0.00165,-1,-1,-1,0,0,0,136,1,1,0,0.0000000,0.0000000,0.0000000,0,0,1,1
758619407115041 D 64,4031226339,1000,1545,1545,2.3700004,-0.00158,-1,-1,-1,0,0,0,136,1,1,0,0.0000000,0.0000000,0.0000000,0,0,1,1
758619408256166 D 65,4031227339,1000,1545,1545,2.3700004,-0.00152,-1,-1,-1,0,0,0,136,1,1,0,0.0000000,0.0000000,0.0000000,0,0,1,1
758619408918833 D 66,4031228339,1000,1545,1545,2.3700004,-0.00146,-1,-1,-1,0,0,0,136,1,1,0,0.0000000,0.0000000,0.0000000,0,0,1,1
758619410173333 D 67,4031229339,1000,1545,1545,2.3700004,-0.00140,-1,-1,-1,0,0,0,136,1,1,0,0.0000000,0.0000000,0.0000000,0,0,1,1
758619411190166 D 68,4031230339,1000,1545,1545,2.3700004,-0.00135,-1,-1,-1,0,0,0,136,1,1,0,0.0000000,0.0000000,0.0000000,0,0,1,1
758619412176000 D 69,4031231339,1000,1545,1545,2.3700004,-0.00129,-1,-1,-1,0,0,0,136,1,1,0,0.0000000,0.0000000,0.0000000,0,0,1,1
758619412925166 D 70,4031232339,1000,1545,1545,2.3700004,-0.00124,-1,-1,-1,0,0,0,136,1,1,0,0.0000000,0.0000000,0.0000000,0,0,1,1
758619414248166 D 71,4031233339,1000,1545,1545,2.3700004,-0.00119,-1,-1,-1,0,0,0,136,1,1,0,0.0000000,0.0000000,0.0000000,0,0,1,1
758619415196208 D 72,4031234339,1000,1545,1545,2.3700004,-0.00115,-1,-1,-1,0,0,0,136,1,1,0,0.0000000,0.0000000,0.0000000,0,0,1,1
758619416263208 D 73,4031235339,1000,1545,1545,2.3700004,-0.00110,-1,-1,-1,0,0,0,135,1,1,0,0.0000000,0.0000000,0.0000000,0,0,1,1
758619417040708 D 74,4031236339,1000,1545,1545,2.3700004,-0.00106,-1,-1,-1,0,0,0,136,1,1,0,0.0000000,0.0000000,0.0000000,0,0,1,1
758619418045166 D 75,4031237339,1000,1545,1545,2.3700004,-0.00102,-1,-1,-1,0,0,0,136,1,1,0,0.0000000,0.0000000,0.0000000,0,0,1,1
758619419065041 D 76,4031238339,1000,1545,1545,2.3700004,-0.00098,-1,-1,-1,0,0,0,136,1,1,0,0.0000000,0.0000000,0.0000000,0,0,1,1
758619420037166 D 77,4031239339,1000,1545,1545,2.3700004,-0.00094,-1,-1,-1,0,0,0,136,1,1,0,0.0000000,0.0000000,0.0000000,0,0,1,1
758619421039166 D 78,4031240339,1000,1545,1545,2.3700004,-0.00090,-1,-1,-1,0,0,0,136,1,1,0,0.0000000,0.0000000,0.0000000,0,0,1,1
758619422042375 D 79,4031241339,1000,1545,1545,2.3700004,-0.00087,-1,-1,-1,0,0,0,136,1,1,0,0.0000000,0.0000000,0.0000000,0,0,1,1
758619423061250 D 80,4031242339,1000,1545,1545,2.3700004,-0.00083,-1,-1,-1,0,0,0,135,1,1,0,0.0000000,0.0000000,0.0000000,0,0,1,1
758619424049458 D 81,4031243339,1000,1545,1545,2.3700004,-0.00080,-1,-1,-1,0,0,0,136,1,1,0,0.0000000,0.0000000,0.0000000,0,0,1,1
758619425048500 D 82,4031244339,1000,1545,1545,2.3700004,-0.00077,-1,-1,-1,0,0,0,136,1,1,0,0.0000000,0.0000000,0.0000000,0,0,1,1
758619426036541 D 83,4031245339,1000,1545,1545,2.3700004,-0.00074,-1,-1,-1,0,0,0,136,1,1,0,0.0000000,0.0000000,0.0000000,0,0,1,1
758619427035666 D 84,4031246339,1000,1545,1545,2.3700004,-0.00071,-1,-1,-1,0,0,0,136,1,1,0,0.0000000,0.0000000,0.0000000,0,0,1,1
758619428040833 D 85,4031247339,1000,1545,1545,2.3700004,-0.00068,-1,-1,-1,0,0,0,136,1,1,0,0.0000000,0.0000000,0.0000000,0,0,1,1
758619429045750 D 86,4031248339,1000,1545,1545,2.3700004,-0.00066,-1,-1,-1,0,0,0,136,1,1,0,0.0000000,0.0000000,0.0000000,0,0,1,1
758619430048416 D 87,4031249339,1000,1545,1545,2.3700004,-0.00063,-1,-1,-1,0,0,0,136,1,1,0,0.0000000,0.0000000,0.0000000,0,0,1,1
758619431102583 D 88,4031250339,1000,1545,1545,2.3700004,-0.00061,-1,-1,-1,0,0,0,136,1,1,0,0.0000000,0.0000000,0.0000000,0,0,1,1
758619432103666 D 89,4031251339,1000,1545,1545,2.3700004,-0.00058,-1,-1,-1,0,0,0,136,1,1,0,0.0000000,0.0000000,0.0000000,0,0,1,1
758619433585416 D 90,4031252339,1000,1545,1545,2.3700004,-0.00056,39,126,2102,0,0,0,136,1,1,0,0.0000000,0.0000000,0.0000000,0,0,1,1
758619434106208 D 91,4031253339,1000,1545,1545,2.3700004,-0.00054,-1,-1,-1,0,0,0,136,1,1,0,0.0000000,0.0000000,0.0000000,0,0,1,1
758619435111583 D 92,4031254339,1000,1545,1545,2.3700004,-0.00052,-1,-1,-1,0,0,0,136,1,1,0,0.0000000,0.0000000,0.0000000,0,0,1,1
758619436097333 D 93,4031255339,1000,1545,1545,2.3700004,-0.00050,-1,-1,-1,0,0,0,136,1,1,0,0.0000000,0.0000000,0.0000000,0,0,1,1
758619437052583 D 94,4031256339,1000,1545,1545,2.3700004,-0.00048,-1,-1,-1,0,0,0,136,1,1,0,0.0000000,0.0000000,0.0000000,0,0,1,1
758619438091583 D 95,4031257339,1000,1545,1545,2.3700004,-0.00046,-1,-1,-1,0,0,0,136,1,1,0,0.0000000,0.0000000,0.0000000,0,0,1,1
758619439118291 D 96,4031258339,1000,1545,1545,2.3700004,-0.00044,-1,-1,-1,0,0,0,136,1,1,0,0.0000000,0.0000000,0.0000000,0,0,1,1
758619440094250 D 97,4031259339,1000,1545,1545,2.3700004,-0.00042,-1,-1,-1,0,0,0,136,1,1,0,0.0000000,0.0000000,0.0000000,0,0,1,1
758619441093375 D 98,4031260339,1000,1545,1545,2.3700004,-0.00041,-1,-1,-1,0,0,0,136,1,1,0,0.0000000,0.0000000,0.0000000,0,0,1,1
758619442092750 D 99,4031261339,1000,1545,1545,2.3700004,-0.00039,-1,-1,-1,0,0,0,136,1,1,0,0.0000000,0.0000000,0.0000000,0,0,1,1
758619443082875 D 100,4031262339,1000,1545,1545,2.3700004,-0.00037,-1,-1,-1,0,0,0,136,1,1,0,0.0000000,0.0000000,0.0000000,0,0,1,1
758619444089583 D 101,4031263339,1000,1545,1545,2.3700004,-0.00036,-1,-1,-1,0,0,0,136,1,1,0,0.0000000,0.0000000,0.0000000,0,0,1,1
758619445134750 D 102,4031264339,1000,1545,1545,2.3700004,-0.00035,-1,-1,-1,0,0,0,136,1,1,0,0.0000000,0.0000000,0.0000000,0,0,1,1
758619446126708 D 103,4031265339,1000,1545,1545,2.3700004,-0.00033,-1,-1,-1,0,0,0,136,1,1,0,0.0000000,0.0000000,0.0000000,0,0,1,1
758619447136041 D 104,4031266339,1000,1545,1545,2.3700004,-0.00032,-1,-1,-1,0,0,0,136,1,1,0,0.0000000,0.0000000,0.0000000,0,0,1,1
758619448129000 D 105,4031267339,1000,1545,1545,2.3700004,-0.00031,-1,-1,-1,0,0,0,136,1,1,0,0.0000000,0.0000000,0.0000000,0,0,1,1
758619449117166 D 106,4031268339,1000,1545,1545,2.3700004,-0.00029,-1,-1,-1,0,0,0,136,1,1,0,0.0000000,0.0000000,0.0000000,0,0,1,1
758619450080750 D 107,4031269339,1000,1545,1545,2.3700004,-0.00028,-1,-1,-1,0,0,0,136,1,1,0,0.0000000,0.0000000,0.0000000,0,0,1,1
758619451061166 D 108,4031270339,1000,1545,1545,2.3700004,-0.00027,-1,-1,-1,0,0,0,136,1,1,0,0.0000000,0.0000000,0.0000000,0,0,1,1
758619451988416 D 109,4031271339,1000,1545,1545,2.3700004,-0.00026,-1,-1,-1,0,0,0,136,1,1,0,0.0000000,0.0000000,0.0000000,0,0,1,1
758619452992583 D 110,4031272339,1000,1545,1545,2.3700004,-0.00025,-1,-1,-1,0,0,0,136,1,1,0,0.0000000,0.0000000,0.0000000,0,0,1,1
758619453950250 D 111,4031273339,1000,1545,1545,2.3700004,-0.00024,-1,-1,-1,0,0,0,136,1,1,0,0.0000000,0.0000000,0.0000000,0,0,1,1
758619454953000 D 112,4031274339,1000,1545,1545,2.3700004,-0.00023,-1,-1,-1,0,0,0,136,1,1,0,0.0000000,0.0000000,0.0000000,0,0,1,1
758619455947000 D 113,4031275339,1000,1545,1545,2.3700004,-0.00022,-1,-1,-1,0,0,0,136,1,1,0,0.0000000,0.0000000,0.0000000,0,0,1,1
758619456941833 D 114,4031276339,1000,1545,1545,2.3700004,-0.00021,-1,-1,-1,0,0,0,136,1,1,0,0.0000000,0.0000000,0.0000000,0,0,1,1
758619457989958 D 115,4031277339,1000,1545,1545,2.3700004,-0.00021,-1,-1,-1,0,0,0,136,1,1,0,0.0000000,0.0000000,0.0000000,0,0,1,1
758619458933416 D 116,4031278339,1000,1545,1545,2.3700004,-0.00020,-1,-1,-1,0,0,0,136,1,1,0,0.0000000,0.0000000,0.0000000,0,0,1,1
758619460216166 D 117,4031279339,1000,1545,1545,2.3700004,-0.00019,-1,-1,-1,0,0,0,136,1,1,0,0.0000000,0.0000000,0.0000000,0,0,1,1
758619461091541 D 118,4031280339,1000,1545,1545,2.3700004,-0.00018,-1,-1,-1,0,0,0,136,1,1,0,0.0000000,0.0000000,0.0000000,0,0,1,1
758619462088166 D 119,4031281339,1000,1545,1545,2.3700004,-0.00018,-1,-1,-1,0,0,0,136,1,1,0,0.0000000,0.0000000,0.0000000,0,0,1,1
758619463081333 D 120,4031282339,1000,1545,1545,2.3700004,-0.00017,-1,-1,-1,0,0,0,136,1,1,0,0.0000000,0.0000000,0.0000000,0,0,1,1
758619464080625 D 121,4031283339,1000,1545,1545,2.3700004,-0.00016,-1,-1,-1,0,0,0,136,1,1,0,0.0000000,0.0000000,0.0000000,0,0,1,1
758619465077541 D 122,4031284339,1000,1545,1545,2.3700004,-0.00016,-1,-1,-1,0,0,0,136,1,1,0,0.0000000,0.0000000,0.0000000,0,0,1,1
758619466113791 D 123,4031285339,1000,1545,1545,2.3700004,-0.00015,-1,-1,-1,0,0,0,136,1,1,0,0.0000000,0.0000000,0.0000000,0,0,1,1
758619467123875 D 124,4031286339,1000,1545,1545,2.3700004,-0.00014,-1,-1,-1,0,0,0,136,1,1,0,0.0000000,0.0000000,0.0000000,0,0,1,1
758619468122291 D 125,4031287339,1000,1545,1545,2.3700004,-0.00014,-1,-1,-1,0,0,0,136,1,1,0,0.0000000,0.0000000,0.0000000,0,0,1,1
758619469106583 D 126,4031288339,1000,1545,1545,2.3700004,-0.00013,-1,-1,-1,0,0,0,136,1,1,0,0.0000000,0.0000000,0.0000000,0,0,1,1
758619470124916 D 127,4031289339,1000,1545,1545,2.3700004,-0.00013,-1,-1,-1,0,0,0,136,1,1,0,0.0000000,0.0000000,0.0000000,0,0,1,1
758619471150166 D 128,4031290339,1000,1545,1545,2.3700004,-0.00012,-1,-1,-1,0,0,0,136,1,1,0,0.0000000,0.0000000,0.0000000,0,0,1,1
758619472130291 D 129,4031291339,1000,1545,1545,2.3700004,-0.00012,-1,-1,-1,0,0,0,135,1,1,0,0.0000000,0.0000000,0.0000000,0,0,1,1
758619473108333 D 130,4031292339,1000,1545,1545,2.3700004,-0.00011,-1,-1,-1,0,0,0,136,1,1,0,0.0000000,0.0000000,0.0000000,0,0,1,1
758619474119666 D 131,4031293339,1000,1545,1545,2.3700004,-0.00011,-1,-1,-1,0,0,0,136,1,1,0,0.0000000,0.0000000,0.0000000,0,0,1,1
758619475112083 D 132,4031294339,1000,1545,1545,2.3700004,-0.00010,-1,-1,-1,0,0,0,136,1,1,0,0.0000000,0.0000000,0.0000000,0,0,1,1
758619476113833 D 133,4031295339,1000,1545,1545,2.3700004,-0.00010,-1,-1,-1,0,0,0,136,1,1,0,0.0000000,0.0000000,0.0000000,0,0,1,1
758619477127833 D 134,4031296339,1000,1545,1545,2.3700004,-0.00010,-1,-1,-1,0,0,0,136,1,1,0,0.0000000,0.0000000,0.0000000,0,0,1,1
758619478132416 D 135,4031297339,1000,1545,1545,2.3700004,-0.00009,-1,-1,-1,0,0,0,136,1,1,0,0.0000000,0.0000000,0.0000000,0,0,1,1
758619479120541 D 136,4031298339,1000,1545,1545,2.3700004,-0.00009,-1,-1,-1,0,0,0,136,1,1,0,0.0000000,0.0000000,0.0000000,0,0,1,1
758619480115500 D 137,4031299339,1000,1545,1545,2.3700004,-0.00009,-1,-1,-1,0,0,0,136,1,1,0,0.0000000,0.0000000,0.0000000,0,0,1,1
758619481117458 D 138,4031300339,1000,1545,1545,2.3700004,-0.00008,-1,-1,-1,0,0,0,136,1,1,0,0.0000000,0.0000000,0.0000000,0,0,1,1
758619482140875 D 139,4031301339,1000,1545,1545,2.3700004,-0.00008,-1,-1,-1,0,0,0,136,1,1,0,0.0000000,0.0000000,0.0000000,0,0,1,1
758619483637875 D 140,4031302339,1000,1545,1545,2.3700004,-0.00008,39,126,2101,0,0,0,136,1,1,0,0.0000000,0.0000000,0.0000000,0,0,1,1
758619484258083 D 141,4031303339,1000,1545,1545,2.3700004,-0.00007,-1,-1,-1,0,0,0,136,1,1,0,0.0000000,0.0000000,0.0000000,0,0,1,1
758619485200416 D 142,4031304339,1000,1545,1545,2.3700004,-0.00007,-1,-1,-1,0,0,0,136,1,1,0,0.0000000,0.0000000,0.0000000,0,0,1,1
758619486199791 D 143,4031305339,1000,1545,1545,2.3700004,-0.00007,-1,-1,-1,0,0,0,136,1,1,0,0.0000000,0.0000000,0.0000000,0,0,1,1
758619487243000 D 144,4031306339,1000,1545,1545,2.3700004,-0.00006,-1,-1,-1,0,0,0,136,1,1,0,0.0000000,0.0000000,0.0000000,0,0,1,1
758619488216583 D 145,4031307339,1000,1545,1545,2.3700004,-0.00006,-1,-1,-1,0,0,0,136,1,1,0,0.0000000,0.0000000,0.0000000,0,0,1,1
758619489203666 D 146,4031308339,1000,1545,1545,2.3700004,-0.00006,-1,-1,-1,0,0,0,136,1,1,0,0.0000000,0.0000000,0.0000000,0,0,1,1
758619490198541 D 147,4031309339,1000,1545,1545,2.3700004,-0.00006,-1,-1,-1,0,0,0,136,1,1,0,0.0000000,0.0000000,0.0000000,0,0,1,1
758619491195666 D 148,4031310339,1000,1545,1545,2.3700004,-0.00005,-1,-1,-1,0,0,0,136,1,1,0,0.0000000,0.0000000,0.0000000,0,0,1,1
758619492202666 D 149,4031311339,1000,1545,1545,2.3700004,-0.00005,-1,-1,-1,0,0,0,136,1,1,0,0.0000000,0.0000000,0.0000000,0,0,1,1
758619493203000 D 150,4031312339,1000,1545,1545,2.3700004,-0.00005,-1,-1,-1,0,0,0,136,1,1,0,0.0000000,0.0000000,0.0000000,0,0,1,1
758619494197708 D 151,4031313339,1000,1545,1545,2.3700004,-0.00005,-1,-1,-1,0,0,0,136,1,1,0,0.0000000,0.0000000,0.0000000,0,0,1,1
758619495197625 D 152,4031314339,1000,1545,1545,2.3700004,-0.00005,-1,-1,-1,0,0,0,136,1,1,0,0.0000000,0.0000000,0.0000000,0,0,1,1
758619496195750 D 153,4031315339,1000,1545,1545,2.3700004,-0.00004,-1,-1,-1,0,0,0,136,1,1,0,0.0000000,0.0000000,0.0000000,0,0,1,1
758619497187083 D 154,4031316339,1000,1545,1545,2.3700004,-0.00004,-1,-1,-1,0,0,0,136,1,1,0,0.0000000,0.0000000,0.0000000,0,0,1,1
758619498261041 D 155,4031317339,1000,1545,1545,2.3700004,-0.00004,-1,-1,-1,0,0,0,136,1,1,0,0.0000000,0.0000000,0.0000000,0,0,1,1
758619499201750 D 156,4031318339,1000,1545,1545,2.3700004,-0.00004,-1,-1,-1,0,0,0,136,1,1,0,0.0000000,0.0000000,0.0000000,0,0,1,1
758619500194833 D 157,4031319339,1000,1545,1545,2.3700004,-0.00004,-1,-1,-1,0,0,0,136,1,1,0,0.0000000,0.0000000,0.0000000,0,0,1,1
758619501207083 D 158,4031320339,1000,1545,1545,2.3700004,-0.00004,-1,-1,-1,0,0,0,136,1,1,0,0.0000000,0.0000000,0.0000000,0,0,1,1
758619502227875 D 159,4031321339,1000,1545,1545,2.3700004,-0.00004,-1,-1,-1,0,0,0,136,1,1,0,0.0000000,0.0000000,0.0000000,0,0,1,1
758619503205291 D 160,4031322339,1000,1545,1545,2.3700004,-0.00003,-1,-1,-1,0,0,0,136,1,1,0,0.0000000,0.0000000,0.0000000,0,0,1,1
758619504213500 D 161,4031323339,1000,1545,1545,2.3700004,-0.00003,-1,-1,-1,0,0,0,136,1,1,0,0.0000000,0.0000000,0.0000000,0,0,1,1
758619505208500 D 162,4031324339,1000,1545,1545,2.3700004,-0.00003,-1,-1,-1,0,0,0,136,1,1,0,0.0000000,0.0000000,0.0000000,0,0,1,1
758619506247208 D 163,4031325339,1000,1545,1545,2.3700004,-0.00003,-1,-1,-1,0,0,0,136,1,1,0,0.0000000,0.0000000,0.0000000,0,0,1,1
758619507228041 D 164,4031326339,1000,1545,1545,2.3700004,-0.00003,-1,-1,-1,0,0,0,136,1,1,0,0.0000000,0.0000000,0.0000000,0,0,1,1
758619508245333 D 165,4031327339,1000,1545,1545,2.3700004,-0.00003,-1,-1,-1,0,0,0,136,1,1,0,0.0000000,0.0000000,0.0000000,0,0,1,1
758619509252208 D 166,4031328339,1000,1545,1545,2.3700004,-0.00003,-1,-1,-1,0,0,0,136,1,1,0,0.0000000,0.0000000,0.0000000,0,0,1,1
758619510213166 D 167,4031329339,1000,1545,1545,2.3700004,-0.00003,-1,-1,-1,0,0,0,136,1,1,0,0.0000000,0.0000000,0.0000000,0,0,1,1
758619511215333 D 168,4031330339,1000,1545,1545,2.3700004,-0.00002,-1,-1,-1,0,0,0,136,1,1,0,0.0000000,0.0000000,0.0000000,0,0,1,1
758619512214583 D 169,4031331339,1000,1545,1545,2.3700004,-0.00002,-1,-1,-1,0,0,0,136,1,1,0,0.0000000,0.0000000,0.0000000,0,0,1,1
758619513220041 D 170,4031332339,1000,1545,1545,2.3700004,-0.00002,-1,-1,-1,0,0,0,136,1,1,0,0.0000000,0.0000000,0.0000000,0,0,1,1
758619514226083 D 171,4031333339,1000,1545,1545,2.3700004,-0.00002,-1,-1,-1,0,0,0,136,1,1,0,0.0000000,0.0000000,0.0000000,0,0,1,1
758619515215291 D 172,4031334339,1000,1545,1545,2.3700004,-0.00002,-1,-1,-1,0,0,0,136,1,1,0,0.0000000,0.0000000,0.0000000,0,0,1,1
758619516209333 D 173,4031335339,1000,1545,1545,2.3700004,-0.00002,-1,-1,-1,0,0,0,136,1,1,0,0.0000000,0.0000000,0.0000000,0,0,1,1
758619517203750 D 174,4031336339,1000,1545,1545,2.3700004,-0.00002,-1,-1,-1,0,0,0,136,1,1,0,0.0000000,0.0000000,0.0000000,0,0,1,1
758619518219625 D 175,4031337339,1000,1545,1545,2.3700004,-0.00002,-1,-1,-1,0,0,0,136,1,1,0,0.0000000,0.0000000,0.0000000,0,0,1,1
758619519283541 D 176,4031338339,1000,1545,1545,2.3700004,-0.00002,-1,-1,-1,0,0,0,136,1,1,0,0.0000000,0.0000000,0.0000000,0,0,1,1
758619520223875 D 177,4031339339,1000,1545,1545,2.3700004,-0.00002,-1,-1,-1,0,0,0,136,1,1,0,0.0000000,0.0000000,0.0000000,0,0,1,1
758619521208000 D 178,4031340339,1000,1545,1545,2.3700004,-0.00002,-1,-1,-1,0,0,0,136,1,1,0,0.0000000,0.0000000,0.0000000,0,0,1,1
758619522238625 D 179,4031341339,1000,1545,1545,2.3700004,-0.00002,-1,-1,-1,0,0,0,136,1,1,0,0.0000000,0.0000000,0.0000000,0,0,1,1
758619523208458 D 180,4031342339,1000,1545,1545,2.3700004,-0.00002,-1,-1,-1,0,0,0,136,1,1,0,0.0000000,0.0000000,0.0000000,0,0,1,1
758619524206458 D 181,4031343339,1000,1545,1545,2.3700004,-0.00001,-1,-1,-1,0,0,0,136,1,1,0,0.0000000,0.0000000,0.0000000,0,0,1,1
758619525250333 D 182,4031344339,1000,1545,1545,2.3700004,-0.00001,-1,-1,-1,0,0,0,136,1,1,0,0.0000000,0.0000000,0.0000000,0,0,1,1
758619526210375 D 183,4031345339,1000,1545,1545,2.3700004,-0.00001,-1,-1,-1,0,0,0,136,1,1,0,0.0000000,0.0000000,0.0000000,0,0,1,1
758619527203458 D 184,4031346339,1000,1545,1545,2.3700004,-0.00001,-1,-1,-1,0,0,0,136,1,1,0,0.0000000,0.0000000,0.0000000,0,0,1,1
758619528202375 D 185,4031347339,1000,1545,1545,2.3700004,-0.00001,-1,-1,-1,0,0,0,136,1,1,0,0.0000000,0.0000000,0.0000000,0,0,1,1
758619529203750 D 186,4031348339,1000,1545,1545,2.3700004,-0.00001,-1,-1,-1,0,0,0,136,1,1,0,0.0000000,0.0000000,0.0000000,0,0,1,1
758619530226500 D 187,4031349339,1000,1545,1545,2.3700004,-0.00001,-1,-1,-1,0,0,0,136,1,1,0,0.0000000,0.0000000,0.0000000,0,0,1,1
758619531230041 D 188,4031350339,1000,1545,1545,2.3700004,-0.00001,-1,-1,-1,0,0,0,136,1,1,0,0.0000000,0.0000000,0.0000000,0,0,1,1
758619532212125 D 189,4031351339,1000,1545,1545,2.3700004,-0.00001,-1,-1,-1,0,0,0,136,1,1,0,0.0000000,0.0000000,0.0000000,0,0,1,1
758619533683958 D 190,4031352339,1000,1545,1545,2.3700004,-0.00001,39,126,2100,0,0,0,136,1,1,0,0.0000000,0.0000000,0.0000000,0,0,1,1
758619534312916 D 191,4031353339,1000,1545,1545,2.3700004,-0.00001,-1,-1,-1,0,0,0,136,1,1,0,0.0000000,0.0000000,0.0000000,0,0,1,1
758619535235416 D 192,4031354339,1000,1545,1545,2.3700004,-0.00001,-1,-1,-1,0,0,0,136,1,1,0,0.0000000,0.0000000,0.0000000,0,0,1,1
758619536223375 D 193,4031355339,1000,1545,1545,2.3700004,-0.00001,-1,-1,-1,0,0,0,136,1,1,0,0.0000000,0.0000000,0.0000000,0,0,1,1
758619537201250 D 194,4031356339,1000,1545,1545,2.3700004,-0.00001,-1,-1,-1,0,0,0,136,1,1,0,0.0000000,0.0000000,0.0000000,0,0,1,1
758619538204958 D 195,4031357339,1000,1545,1545,2.3700004,-0.00001,-1,-1,-1,0,0,0,136,1,1,0,0.0000000,0.0000000,0.0000000,0,0,1,1
758619539207125 D 196,4031358339,1000,1545,1545,2.3700004,-0.00001,-1,-1,-1,0,0,0,136,1,1,0,0.0000000,0.0000000,0.0000000,0,0,1,1
758619540217166 D 197,4031359339,1000,1545,1545,2.3700004,-0.00001,-1,-1,-1,0,0,0,136,1,1,0,0.0000000,0.0000000,0.0000000,0,0,1,1
758619541455000 D 198,4031360339,1000,1545,1545,2.3700004,-0.00001,-1,-1,-1,0,0,0,136,1,1,0,0.0000000,0.0000000,0.0000000,0,0,1,1
758619542459583 D 199,4031361339,1000,1545,1545,2.3700004,-0.00001,-1,-1,-1,0,0,0,136,1,1,0,0.0000000,0.0000000,0.0000000,0,0,1,1
758619543405083 D 200,4031362339,1000,1545,1545,2.3700004,-0.00001,-1,-1,-1,0,0,0,136,1,1,0,0.0000000,0.0000000,0.0000000,0,0,1,1
758619544199916 D 201,4031363339,1000,1545,1545,2.3700004,-0.00001,-1,-1,-1,0,0,0,136,1,1,0,0.0000000,0.0000000,0.0000000,0,0,1,1
758619545194208 D 202,4031364339,1000,1545,1545,2.3700004,-0.00001,-1,-1,-1,0,0,0,136,1,1,0,0.0000000,0.0000000,0.0000000,0,0,1,1
758619546227500 D 203,4031365339,1000,1545,1545,2.3700004,-0.00001,-1,-1,-1,0,0,0,136,1,1,0,0.0000000,0.0000000,0.0000000,0,0,1,1
758619547223250 D 204,4031366339,1000,1545,1545,2.3700004,-0.00001,-1,-1,-1,0,0,0,136,1,1,0,0.0000000,0.0000000,0.0000000,0,0,1,1
758619548230166 D 205,4031367339,1000,1545,1545,2.3700004,-0.00001,-1,-1,-1,0,0,0,136,1,1,0,0.0000000,0.0000000,0.0000000,0,0,1,1
758619549226666 D 206,4031368339,1000,1545,1545,2.3700004,-0.00001,-1,-1,-1,0,0,0,135,1,1,0,0.0000000,0.0000000,0.0000000,0,0,1,1
758619550208958 D 207,4031369339,1000,1545,1545,2.3700004,-0.00001,-1,-1,-1,0,0,0,136,1,1,0,0.0000000,0.0000000,0.0000000,0,0,1,1
758619551212250 D 208,4031370339,1000,1545,1545,2.3700004,-0.00000,-1,-1,-1,0,0,0,136,1,1,0,0.0000000,0.0000000,0.0000000,0,0,1,1
758619552222000 D 209,4031371339,1000,1545,1545,2.3700004,-0.00000,-1,-1,-1,0,0,0,136,1,1,0,0.0000000,0.0000000,0.0000000,0,0,1,1
758619553200833 D 210,4031372339,1000,1545,1545,2.3700004,-0.00000,-1,-1,-1,0,0,0,136,1,1,0,0.0000000,0.0000000,0.0000000,0,0,1,1
758619554211666 D 211,4031373339,1000,1546,1546,2.3715343,0.06014,-1,-1,-1,0,0,0,136,1,1,0,0.0000000,0.0000000,0.0000000,0,0,1,1
758619555219250 D 212,4031374339,1000,1545,1545,2.3700004,-0.00236,-1,-1,-1,0,0,0,136,1,1,0,0.0000000,0.0000000,0.0000000,0,0,1,1
758619556204375 D 213,4031375339,1000,1545,1545,2.3700004,-0.00227,-1,-1,-1,0,0,0,136,1,1,0,0.0000000,0.0000000,0.0000000,0,0,1,1
758619557213250 D 214,4031376339,1000,1545,1545,2.3700004,-0.00218,-1,-1,-1,0,0,0,136,1,1,0,0.0000000,0.0000000,0.0000000,0,0,1,1
758619558194333 D 215,4031377339,1000,1545,1545,2.3700004,-0.00210,-1,-1,-1,0,0,0,136,1,1,0,0.0000000,0.0000000,0.0000000,0,0,1,1
758619559201458 D 216,4031378339,1000,1545,1545,2.3700004,-0.00201,-1,-1,-1,0,0,0,136,1,1,0,0.0000000,0.0000000,0.0000000,0,0,1,1
758619560230416 D 217,4031379339,1000,1545,1545,2.3700004,-0.00193,-1,-1,-1,0,0,0,136,1,1,0,0.0000000,0.0000000,0.0000000,0,0,1,1
758619561230875 D 218,4031380339,1000,1545,1545,2.3700004,-0.00186,-1,-1,-1,0,0,0,136,1,1,0,0.0000000,0.0000000,0.0000000,0,0,1,1
758619562218000 D 219,4031381339,1000,1545,1545,2.3700004,-0.00179,-1,-1,-1,0,0,0,136,1,1,0,0.0000000,0.0000000,0.0000000,0,0,1,1
758619563227333 D 220,4031382339,1000,1545,1545,2.3700004,-0.00172,-1,-1,-1,0,0,0,136,1,1,0,0.0000000,0.0000000,0.0000000,0,0,1,1
758619564208291 D 221,4031383339,1000,1545,1545,2.3700004,-0.00165,-1,-1,-1,0,0,0,136,1,1,0,0.0000000,0.0000000,0.0000000,0,0,1,1
758619565226958 D 222,4031384339,1000,1545,1545,2.3700004,-0.00158,-1,-1,-1,0,0,0,136,1,1,0,0.0000000,0.0000000,0.0000000,0,0,1,1
758619566196166 D 223,4031385339,1000,1545,1545,2.3700004,-0.00152,-1,-1,-1,0,0,0,136,1,1,0,0.0000000,0.0000000,0.0000000,0,0,1,1
758619567227041 D 224,4031386339,1000,1545,1545,2.3700004,-0.00146,-1,-1,-1,0,0,0,136,1,1,0,0.0000000,0.0000000,0.0000000,0,0,1,1
758619568215541 D 225,4031387339,1000,1545,1545,2.3700004,-0.00140,-1,-1,-1,0,0,0,136,1,1,0,0.0000000,0.0000000,0.0000000,0,0,1,1
758619569203250 D 226,4031388339,1000,1545,1545,2.3700004,-0.00135,-1,-1,-1,0,0,0,136,1,1,0,0.0000000,0.0000000,0.0000000,0,0,1,1
758619570225083 D 227,4031389339,1000,1545,1545,2.3700004,-0.00130,-1,-1,-1,0,0,0,136,1,1,0,0.0000000,0.0000000,0.0000000,0,0,1,1
758619571436416 D 228,4031390339,1000,1545,1545,2.3700004,-0.00125,-1,-1,-1,0,0,0,136,1,1,0,0.0000000,0.0000000,0.0000000,0,0,1,1
758619572488666 D 229,4031391339,1000,1545,1545,2.3700004,-0.00120,-1,-1,-1,0,0,0,136,1,1,0,0.0000000,0.0000000,0.0000000,0,0,1,1
758619573392041 D 230,4031392339,1000,1545,1545,2.3700004,-0.00115,-1,-1,-1,0,0,0,136,1,1,0,0.0000000,0.0000000,0.0000000,0,0,1,1
758619574247000 D 231,4031393339,1000,1546,1546,2.3715343,0.05904,-1,-1,-1,0,0,0,136,1,1,0,0.0000000,0.0000000,0.0000000,0,0,1,1
758619575242291 D 232,4031394339,1000,1545,1545,2.3700004,-0.00342,-1,-1,-1,0,0,0,136,1,1,0,0.0000000,0.0000000,0.0000000,0,0,1,1
758619576211416 D 233,4031395339,1000,1545,1545,2.3700004,-0.00329,-1,-1,-1,0,0,0,136,1,1,0,0.0000000,0.0000000,0.0000000,0,0,1,1
758619577208875 D 234,4031396339,1000,1545,1545,2.3700004,-0.00316,-1,-1,-1,0,0,0,136,1,1,0,0.0000000,0.0000000,0.0000000,0,0,1,1
758619578214125 D 235,4031397339,1000,1546,1546,2.3715343,0.05711,-1,-1,-1,0,0,0,136,1,1,0,0.0000000,0.0000000,0.0000000,0,0,1,1
758619579199583 D 236,4031398339,1000,1545,1545,2.3700004,-0.00527,-1,-1,-1,0,0,0,136,1,1,0,0.0000000,0.0000000,0.0000000,0,0,1,1
758619580214291 D 237,4031399339,1000,1545,1545,2.3700004,-0.00507,-1,-1,-1,0,0,0,136,1,1,0,0.0000000,0.0000000,0.0000000,0,0,1,1
758619581249500 D 238,4031400339,1000,1545,1545,2.3700004,-0.00487,-1,-1,-1,0,0,0,136,1,1,0,0.0000000,0.0000000,0.0000000,0,0,1,1
758619582197916 D 239,4031401339,1000,1545,1545,2.3700004,-0.00468,-1,-1,-1,0,0,0,136,1,1,0,0.0000000,0.0000000,0.0000000,0,0,1,1
758619583650458 D 240,4031402339,1000,1545,1545,2.3700004,-0.00449,39,126,2100,0,0,0,136,1,1,0,0.0000000,0.0000000,0.0000000,0,0,1,1
758619584263791 D 241,4031403339,1000,1545,1545,2.3700004,-0.00432,-1,-1,-1,0,0,0,136,1,1,0,0.0000000,0.0000000,0.0000000,0,0,1,1
758619585234916 D 242,4031404339,1000,1545,1545,2.3700004,-0.00415,-1,-1,-1,0,0,0,136,1,1,0,0.0000000,0.0000000,0.0000000,0,0,1,1
758619586211416 D 243,4031405339,1000,1545,1545,2.3700004,-0.00399,-1,-1,-1,0,0,0,136,1,1,0,0.0000000,0.0000000,0.0000000,0,0,1,1
758619587197625 D 244,4031406339,1000,1545,1545,2.3700004,-0.00383,-1,-1,-1,0,0,0,136,1,1,0,0.0000000,0.0000000,0.0000000,0,0,1,1
758619588194333 D 245,4031407339,1000,1545,1545,2.3700004,-0.00368,-1,-1,-1,0,0,0,136,1,1,0,0.0000000,0.0000000,0.0000000,0,0,1,1
758619589228166 D 246,4031408339,1000,1545,1545,2.3700004,-0.00353,-1,-1,-1,0,0,0,136,1,1,0,0.0000000,0.0000000,0.0000000,0,0,1,1
758619590213083 D 247,4031409339,1000,1545,1545,2.3700004,-0.00340,-1,-1,-1,0,0,0,136,1,1,0,0.0000000,0.0000000,0.0000000,0,0,1,1
758619591220000 D 248,4031410339,1000,1545,1545,2.3700004,-0.00326,-1,-1,-1,0,0,0,136,1,1,0,0.0000000,0.0000000,0.0000000,0,0,1,1
758619592210875 D 249,4031411339,1000,1545,1545,2.3700004,-0.00313,-1,-1,-1,0,0,0,136,1,1,0,0.0000000,0.0000000,0.0000000,0,0,1,1
758619593209083 D 250,4031412339,1000,1545,1545,2.3700004,-0.00301,-1,-1,-1,0,0,0,136,1,1,0,0.0000000,0.0000000,0.0000000,0,0,1,1
758619594218458 D 251,4031413339,1000,1545,1545,2.3700004,-0.00289,-1,-1,-1,0,0,0,136,1,1,0,0.0000000,0.0000000,0.0000000,0,0,1,1
758619595223916 D 252,4031414339,1000,1545,1545,2.3700004,-0.00278,-1,-1,-1,0,0,0,136,1,1,0,0.0000000,0.0000000,0.0000000,0,0,1,1
758619596227166 D 253,4031415339,1000,1545,1545,2.3700004,-0.00267,-1,-1,-1,0,0,0,136,1,1,0,0.0000000,0.0000000,0.0000000,0,0,1,1
758619597221458 D 254,4031416339,1000,1545,1545,2.3700004,-0.00257,-1,-1,-1,0,0,0,136,1,1,0,0.0000000,0.0000000,0.0000000,0,0,1,1
758619598193208 D 255,4031417339,1000,1545,1545,2.3700004,-0.00247,-1,-1,-1,0,0,0,136,1,1,0,0.0000000,0.0000000,0.0000000,0,0,1,1
758619599257750 D 256,4031418339,1000,1545,1545,2.3700004,-0.00237,-1,-1,-1,0,0,0,136,1,1,0,0.0000000,0.0000000,0.0000000,0,0,1,1
758619600203000 D 257,4031419339,1000,1545,1545,2.3700004,-0.00228,-1,-1,-1,0,0,0,136,1,1,0,0.0000000,0.0000000,0.0000000,0,0,1,1
758619601193916 D 258,4031420339,1000,1545,1545,2.3700004,-0.00219,-1,-1,-1,0,0,0,136,1,1,0,0.0000000,0.0000000,0.0000000,0,0,1,1
758619602431250 D 259,4031421339,1000,1546,1546,2.3715343,0.05805,-1,-1,-1,0,0,0,136,1,1,0,0.0000000,0.0000000,0.0000000,0,0,1,1
758619603450333 D 260,4031422339,1000,1545,1545,2.3700004,-0.00438,-1,-1,-1,0,0,0,136,1,1,0,0.0000000,0.0000000,0.0000000,0,0,1,1
758619604453958 D 261,4031423339,1000,1545,1545,2.3700004,-0.00421,-1,-1,-1,0,0,0,136,1,1,0,0.0000000,0.0000000,0.0000000,0,0,1,1
758619605243333 D 262,4031424339,1000,1545,1545,2.3700004,-0.00404,-1,-1,-1,0,0,0,136,1,1,0,0.0000000,0.0000000,0.0000000,0,0,1,1
758619606328416 D 263,4031425339,1000,1545,1545,2.3700004,-0.00388,-1,-1,-1,0,0,0,136,1,1,0,0.0000000,0.0000000,0.0000000,0,0,1,1
758619607363291 D 264,4031426339,1000,1545,1545,2.3700004,-0.00373,-1,-1,-1,0,0,0,136,1,1,0,0.0000000,0.0000000,0.0000000,0,0,1,1
758619608262291 D 265,4031427339,1000,1545,1545,2.3700004,-0.00358,-1,-1,-1,0,0,0,136,1,1,0,0.0000000,0.0000000,0.0000000,0,0,1,1
758619609243041 D 266,4031428339,1000,1545,1545,2.3700004,-0.00344,-1,-1,-1,0,0,0,136,1,1,0,0.0000000,0.0000000,0.0000000,0,0,1,1
758619610253083 D 267,4031429339,1000,1545,1545,2.3700004,-0.00331,-1,-1,-1,0,0,0,136,1,1,0,0.0000000,0.0000000,0.0000000,0,0,1,1
758619611247791 D 268,4031430339,1000,1545,1545,2.3700004,-0.00318,-1,-1,-1,0,0,0,136,1,1,0,0.0000000,0.0000000,0.0000000,0,0,1,1
758619612384000 D 269,4031431339,1000,1545,1545,2.3700004,-0.00305,-1,-1,-1,0,0,0,136,1,1,0,0.0000000,0.0000000,0.0000000,0,0,1,1
758619613303208 D 270,4031432339,1000,1545,1545,2.3700004,-0.00293,-1,-1,-1,0,0,0,136,1,1,0,0.0000000,0.0000000,0.0000000,0,0,1,1
758619614282291 D 271,4031433339,1000,1545,1545,2.3700004,-0.00282,-1,-1,-1,0,0,0,136,1,1,0,0.0000000,0.0000000,0.0000000,0,0,1,1
758619615347208 D 272,4031434339,1000,1545,1545,2.3700004,-0.00271,-1,-1,-1,0,0,0,136,1,1,0,0.0000000,0.0000000,0.0000000,0,0,1,1
758619616306833 D 273,4031435339,1000,1545,1545,2.3700004,-0.00260,-1,-1,-1,0,0,0,136,1,1,0,0.0000000,0.0000000,0.0000000,0,0,1,1
758619617238333 D 274,4031436339,1000,1545,1545,2.3700004,-0.00250,-1,-1,-1,0,0,0,136,1,1,0,0.0000000,0.0000000,0.0000000,0,0,1,1
758619618242375 D 275,4031437339,1000,1545,1545,2.3700004,-0.00240,-1,-1,-1,0,0,0,136,1,1,0,0.0000000,0.0000000,0.0000000,0,0,1,1
758619619226083 D 276,4031438339,1000,1545,1545,2.3700004,-0.00231,-1,-1,-1,0,0,0,136,1,1,0,0.0000000,0.0000000,0.0000000,0,0,1,1
758619620235083 D 277,4031439339,1000,1545,1545,2.3700004,-0.00222,-1,-1,-1,0,0,0,136,1,1,0,0.0000000,0.0000000,0.0000000,0,0,1,1
758619621241041 D 278,4031440339,1000,1545,1545,2.3700004,-0.00213,-1,-1,-1,0,0,0,136,1,1,0,0.0000000,0.0000000,0.0000000,0,0,1,1
758619622214875 D 279,4031441339,1000,1545,1545,2.3700004,-0.00205,-1,-1,-1,0,0,0,136,1,1,0,0.0000000,0.0000000,0.0000000,0,0,1,1
758619623221541 D 280,4031442339,1000,1545,1545,2.3700004,-0.00197,-1,-1,-1,0,0,0,136,1,1,0,0.0000000,0.0000000,0.0000000,0,0,1,1
758619624221333 D 281,4031443339,1000,1545,1545,2.3700004,-0.00189,-1,-1,-1,0,0,0,136,1,1,0,0.0000000,0.0000000,0.0000000,0,0,1,1
758619625243041 D 282,4031444339,1000,1545,1545,2.3700004,-0.00182,-1,-1,-1,0,0,0,136,1,1,0,0.0000000,0.0000000,0.0000000,0,0,1,1
758619626247041 D 283,4031445339,1000,1545,1545,2.3700004,-0.00174,-1,-1,-1,0,0,0,136,1,1,0,0.0000000,0.0000000,0.0000000,0,0,1,1
758619627226875 D 284,4031446339,1000,1545,1545,2.3700004,-0.00168,-1,-1,-1,0,0,0,136,1,1,0,0.0000000,0.0000000,0.0000000,0,0,1,1
758619628511000 D 285,4031447339,1000,1545,1545,2.3700004,-0.00161,-1,-1,-1,0,0,0,136,1,1,0,0.0000000,0.0000000,0.0000000,0,0,1,1
758619629467583 D 286,4031448339,1000,1545,1545,2.3700004,-0.00155,-1,-1,-1,0,0,0,136,1,1,0,0.0000000,0.0000000,0.0000000,0,0,1,1
758619630364416 D 287,4031449339,1000,1545,1545,2.3700004,-0.00149,-1,-1,-1,0,0,0,136,1,1,0,0.0000000,0.0000000,0.0000000,0,0,1,1
758619631253625 D 288,4031450339,1000,1545,1545,2.3700004,-0.00143,-1,-1,-1,0,0,0,136,1,1,0,0.0000000,0.0000000,0.0000000,0,0,1,1
758619632249166 D 289,4031451339,1000,1545,1545,2.3700004,-0.00137,-1,-1,-1,0,0,0,136,1,1,0,0.0000000,0.0000000,0.0000000,0,0,1,1
758619633589458 D 290,4031452339,1000,1545,1545,2.3700004,-0.00132,39,126,2101,0,0,0,136,1,1,0,0.0000000,0.0000000,0.0000000,0,0,1,1
758619634214583 D 291,4031453339,1000,1545,1545,2.3700004,-0.00127,-1,-1,-1,0,0,0,136,1,1,0,0.0000000,0.0000000,0.0000000,0,0,1,1
758619635228166 D 292,4031454339,1000,1545,1545,2.3700004,-0.00122,-1,-1,-1,0,0,0,136,1,1,0,0.0000000,0.0000000,0.0000000,0,0,1,1
758619636213166 D 293,4031455339,1000,1545,1545,2.3700004,-0.00117,-1,-1,-1,0,0,0,136,1,1,0,0.0000000,0.0000000,0.0000000,0,0,1,1
758619637223333 D 294,4031456339,1000,1545,1545,2.3700004,-0.00112,-1,-1,-1,0,0,0,136,1,1,0,0.0000000,0.0000000,0.0000000,0,0,1,1
758619638247666 D 295,4031457339,1000,1545,1545,2.3700004,-0.00108,-1,-1,-1,0,0,0,136,1,1,0,0.0000000,0.0000000,0.0000000,0,0,1,1
758619639274541 D 296,4031458339,1000,1545,1545,2.3700004,-0.00104,-1,-1,-1,0,0,0,136,1,1,0,0.0000000,0.0000000,0.0000000,0,0,1,1
758619640271916 D 297,4031459339,1000,1545,1545,2.3700004,-0.00100,-1,-1,-1,0,0,0,136,1,1,0,0.0000000,0.0000000,0.0000000,0,0,1,1
758619641225250 D 298,4031460339,1000,1545,1545,2.3700004,-0.00096,-1,-1,-1,0,0,0,136,1,1,0,0.0000000,0.0000000,0.0000000,0,0,1,1
758619642237500 D 299,4031461339,1000,1545,1545,2.3700004,-0.00092,-1,-1,-1,0,0,0,136,1,1,0,0.0000000,0.0000000,0.0000000,0,0,1,1
758619643243166 D 300,4031462339,1000,1545,1545,2.3700004,-0.00088,-1,-1,-1,0,0,0,136,1,1,0,0.0000000,0.0000000,0.0000000,0,0,1,1
758619644220916 D 301,4031463339,1000,1545,1545,2.3700004,-0.00085,-1,-1,-1,0,0,0,136,1,1,0,0.0000000,0.0000000,0.0000000,0,0,1,1
758619645228083 D 302,4031464339,1000,1545,1545,2.3700004,-0.00082,-1,-1,-1,0,0,0,136,1,1,0,0.0000000,0.0000000,0.0000000,0,0,1,1
758619646212125 D 303,4031465339,1000,1545,1545,2.3700004,-0.00078,-1,-1,-1,0,0,0,136,1,1,0,0.0000000,0.0000000,0.0000000,0,0,1,1
758619647238208 D 304,4031466339,1000,1545,1545,2.3700004,-0.00075,-1,-1,-1,0,0,0,136,1,1,0,0.0000000,0.0000000,0.0000000,0,0,1,1
758619648260125 D 305,4031467339,1000,1545,1545,2.3700004,-0.00072,-1,-1,-1,0,0,0,136,1,1,0,0.0000000,0.0000000,0.0000000,0,0,1,1
758619649219958 D 306,4031468339,1000,1545,1545,2.3700004,-0.00070,-1,-1,-1,0,0,0,136,1,1,0,0.0000000,0.0000000,0.0000000,0,0,1,1
758619650227125 D 307,4031469339,1000,1545,1545,2.3700004,-0.00067,-1,-1,-1,0,0,0,136,1,1,0,0.0000000,0.0000000,0.0000000,0,0,1,1
758619651246875 D 308,4031470339,1000,1545,1545,2.3700004,-0.00064,-1,-1,-1,0,0,0,136,1,1,0,0.0000000,0.0000000,0.0000000,0,0,1,1
758619652343125 D 309,4031471339,1000,1545,1545,2.3700004,-0.00062,-1,-1,-1,0,0,0,136,1,1,0,0.0000000,0.0000000,0.0000000,0,0,1,1
758619653320166 D 310,4031472339,1000,1545,1545,2.3700004,-0.00059,-1,-1,-1,0,0,0,136,1,1,0,0.0000000,0.0000000,0.0000000,0,0,1,1
758619654377500 D 311,4031473339,1000,1545,1545,2.3700004,-0.00057,-1,-1,-1,0,0,0,135,1,1,0,0.0000000,0.0000000,0.0000000,0,0,1,1
758619655402416 D 312,4031474339,1000,1545,1545,2.3700004,-0.00055,-1,-1,-1,0,0,0,136,1,1,0,0.0000000,0.0000000,0.0000000,0,0,1,1
758619656442666 D 313,4031475339,1000,1545,1545,2.3700004,-0.00053,-1,-1,-1,0,0,0,136,1,1,0,0.0000000,0.0000000,0.0000000,0,0,1,1
758619657396125 D 314,4031476339,1000,1545,1545,2.3700004,-0.00050,-1,-1,-1,0,0,0,136,1,1,0,0.0000000,0.0000000,0.0000000,0,0,1,1
758619658409625 D 315,4031477339,1000,1545,1545,2.3700004,-0.00049,-1,-1,-1,0,0,0,136,1,1,0,0.0000000,0.0000000,0.0000000,0,0,1,1
758619659398666 D 316,4031478339,1000,1545,1545,2.3700004,-0.00047,-1,-1,-1,0,0,0,136,1,1,0,0.0000000,0.0000000,0.0000000,0,0,1,1
758619660432833 D 317,4031479339,1000,1545,1545,2.3700004,-0.00045,-1,-1,-1,0,0,0,136,1,1,0,0.0000000,0.0000000,0.0000000,0,0,1,1
758619661386708 D 318,4031480339,1000,1545,1545,2.3700004,-0.00043,-1,-1,-1,0,0,0,136,1,1,0,0.0000000,0.0000000,0.0000000,0,0,1,1
758619662330416 D 319,4031481339,1000,1545,1545,2.3700004,-0.00041,-1,-1,-1,0,0,0,136,1,1,0,0.0000000,0.0000000,0.0000000,0,0,1,1
758619663342750 D 320,4031482339,1000,1545,1545,2.3700004,-0.00040,-1,-1,-1,0,0,0,136,1,1,0,0.0000000,0.0000000,0.0000000,0,0,1,1
758619664300458 D 321,4031483339,1000,1545,1545,2.3700004,-0.00038,-1,-1,-1,0,0,0,136,1,1,0,0.0000000,0.0000000,0.0000000,0,0,1,1
758619665470000 D 322,4031484339,1000,1545,1545,2.3700004,-0.00037,-1,-1,-1,0,0,0,136,1,1,0,0.0000000,0.0000000,0.0000000,0,0,1,1
758619666262833 D 323,4031485339,1000,1545,1545,2.3700004,-0.00035,-1,-1,-1,0,0,0,136,1,1,0,0.0000000,0.0000000,0.0000000,0,0,1,1
758619667469583 D 324,4031486339,1000,1545,1545,2.3700004,-0.00034,-1,-1,-1,0,0,0,136,1,1,0,0.0000000,0.0000000,0.0000000,0,0,1,1
758619668327125 D 325,4031487339,1000,1545,1545,2.3700004,-0.00033,-1,-1,-1,0,0,0,136,1,1,0,0.0000000,0.0000000,0.0000000,0,0,1,1
758619669278875 D 326,4031488339,1000,1545,1545,2.3700004,-0.00031,-1,-1,-1,0,0,0,136,1,1,0,0.0000000,0.0000000,0.0000000,0,0,1,1
758619670410291 D 327,4031489339,1000,1545,1545,2.3700004,-0.00030,-1,-1,-1,0,0,0,136,1,1,0,0.0000000,0.0000000,0.0000000,0,0,1,1
758619671481333 D 328,4031490339,1000,1545,1545,2.3700004,-0.00029,-1,-1,-1,0,0,0,136,1,1,0,0.0000000,0.0000000,0.0000000,0,0,1,1
758619672512708 D 329,4031491339,1000,1545,1545,2.3700004,-0.00028,-1,-1,-1,0,0,0,136,1,1,0,0.0000000,0.0000000,0.0000000,0,0,1,1
758619673452833 D 330,4031492339,1000,1545,1545,2.3700004,-0.00027,-1,-1,-1,0,0,0,136,1,1,0,0.0000000,0.0000000,0.0000000,0,0,1,1
758619674326791 D 331,4031493339,1000,1545,1545,2.3700004,-0.00026,-1,-1,-1,0,0,0,136,1,1,0,0.0000000,0.0000000,0.0000000,0,0,1,1
758619675366833 D 332,4031494339,1000,1545,1545,2.3700004,-0.00025,-1,-1,-1,0,0,0,135,1,1,0,0.0000000,0.0000000,0.0000000,0,0,1,1
758619676303416 D 333,4031495339,1000,1545,1545,2.3700004,-0.00024,-1,-1,-1,0,0,0,136,1,1,0,0.0000000,0.0000000,0.0000000,0,0,1,1
758619677282208 D 334,4031496339,1000,1545,1545,2.3700004,-0.00023,-1,-1,-1,0,0,0,136,1,1,0,0.0000000,0.0000000,0.0000000,0,0,1,1
758619678284166 D 335,4031497339,1000,1545,1545,2.3700004,-0.00022,-1,-1,-1,0,0,0,136,1,1,0,0.0000000,0.0000000,0.0000000,0,0,1,1
758619679302833 D 336,4031498339,1000,1545,1545,2.3700004,-0.00021,-1,-1,-1,0,0,0,136,1,1,0,0.0000000,0.0000000,0.0000000,0,0,1,1
758619680251916 D 337,4031499339,1000,1545,1545,2.3700004,-0.00020,-1,-1,-1,0,0,0,136,1,1,0,0.0000000,0.0000000,0.0000000,0,0,1,1
758619681233916 D 338,4031500339,1000,1545,1545,2.3700004,-0.00019,-1,-1,-1,0,0,0,136,1,1,0,0.0000000,0.0000000,0.0000000,0,0,1,1
758619682280125 D 339,4031501339,1000,1545,1545,2.3700004,-0.00019,-1,-1,-1,0,0,0,136,1,1,0,0.0000000,0.0000000,0.0000000,0,0,1,1
758619683642875 D 340,4031502339,1000,1545,1545,2.3700004,-0.00018,39,126,2100,0,0,0,136,1,1,0,0.0000000,0.0000000,0.0000000,0,0,1,1
758619684303958 D 341,4031503339,1000,1545,1545,2.3700004,-0.00017,-1,-1,-1,0,0,0,136,1,1,0,0.0000000,0.0000000,0.0000000,0,0,1,1
758619685241875 D 342,4031504339,1000,1545,1545,2.3700004,-0.00016,-1,-1,-1,0,0,0,136,1,1,0,0.0000000,0.0000000,0.0000000,0,0,1,1
758619686217500 D 343,4031505339,1000,1545,1545,2.3700004,-0.00016,-1,-1,-1,0,0,0,136,1,1,0,0.0000000,0.0000000,0.0000000,0,0,1,1
758619687227583 D 344,4031506339,1000,1545,1545,2.3700004,-0.00015,-1,-1,-1,0,0,0,136,1,1,0,0.0000000,0.0000000,0.0000000,0,0,1,1
758619688233041 D 345,4031507339,1000,1545,1545,2.3700004,-0.00015,-1,-1,-1,0,0,0,136,1,1,0,0.0000000,0.0000000,0.0000000,0,0,1,1
758619689225500 D 346,4031508339,1000,1545,1545,2.3700004,-0.00014,-1,-1,-1,0,0,0,136,1,1,0,0.0000000,0.0000000,0.0000000,0,0,1,1
758619690329291 D 347,4031509339,1000,1545,1545,2.3700004,-0.00013,-1,-1,-1,0,0,0,136,1,1,0,0.0000000,0.0000000,0.0000000,0,0,1,1
758619691272791 D 348,4031510339,1000,1545,1545,2.3700004,-0.00013,-1,-1,-1,0,0,0,136,1,1,0,0.0000000,0.0000000,0.0000000,0,0,1,1
758619692246750 D 349,4031511339,1000,1545,1545,2.3700004,-0.00012,-1,-1,-1,0,0,0,136,1,1,0,0.0000000,0.0000000,0.0000000,0,0,1,1
758619693248125 D 350,4031512339,1000,1545,1545,2.3700004,-0.00012,-1,-1,-1,0,0,0,136,1,1,0,0.0000000,0.0000000,0.0000000,0,0,1,1
758619694229166 D 351,4031513339,1000,1545,1545,2.3700004,-0.00011,-1,-1,-1,0,0,0,136,1,1,0,0.0000000,0.0000000,0.0000000,0,0,1,1
758619695273708 D 352,4031514339,1000,1545,1545,2.3700004,-0.00011,-1,-1,-1,0,0,0,136,1,1,0,0.0000000,0.0000000,0.0000000,0,0,1,1
758619696250333 D 353,4031515339,1000,1545,1545,2.3700004,-0.00011,-1,-1,-1,0,0,0,136,1,1,0,0.0000000,0.0000000,0.0000000,0,0,1,1
758619697228416 D 354,4031516339,1000,1545,1545,2.3700004,-0.00010,-1,-1,-1,0,0,0,136,1,1,0,0.0000000,0.0000000,0.0000000,0,0,1,1
758619698294250 D 355,4031517339,1000,1545,1545,2.3700004,-0.00010,-1,-1,-1,0,0,0,136,1,1,0,0.0000000,0.0000000,0.0000000,0,0,1,1
758619699244291 D 356,4031518339,1000,1545,1545,2.3700004,-0.00009,-1,-1,-1,0,0,0,136,1,1,0,0.0000000,0.0000000,0.0000000,0,0,1,1
758619700269458 D 357,4031519339,1000,1545,1545,2.3700004,-0.00009,-1,-1,-1,0,0,0,136,1,1,0,0.0000000,0.0000000,0.0000000,0,0,1,1
758619701239541 D 358,4031520339,1000,1545,1545,2.3700004,-0.00009,-1,-1,-1,0,0,0,136,1,1,0,0.0000000,0.0000000,0.0000000,0,0,1,1
758619702246708 D 359,4031521339,1000,1545,1545,2.3700004,-0.00008,-1,-1,-1,0,0,0,136,1,1,0,0.0000000,0.0000000,0.0000000,0,0,1,1
758619703234625 D 360,4031522339,1000,1545,1545,2.3700004,-0.00008,-1,-1,-1,0,0,0,136,1,1,0,0.0000000,0.0000000,0.0000000,0,0,1,1
758619704231083 D 361,4031523339,1000,1545,1545,2.3700004,-0.00008,-1,-1,-1,0,0,0,136,1,1,0,0.0000000,0.0000000,0.0000000,0,0,1,1
758619705442875 D 362,4031524339,1000,1545,1545,2.3700004,-0.00007,-1,-1,-1,0,0,0,136,1,1,0,0.0000000,0.0000000,0.0000000,0,0,1,1
758619706581833 D 363,4031525339,1000,1545,1545,2.3700004,-0.00007,-1,-1,-1,0,0,0,136,1,1,0,0.0000000,0.0000000,0.0000000,0,0,1,1
758619707537750 D 364,4031526339,1000,1545,1545,2.3700004,-0.00007,-1,-1,-1,0,0,0,136,1,1,0,0.0000000,0.0000000,0.0000000,0,0,1,1
758619708351833 D 365,4031527339,1000,1545,1545,2.3700004,-0.00007,-1,-1,-1,0,0,0,136,1,1,0,0.0000000,0.0000000,0.0000000,0,0,1,1
758619709269250 D 366,4031528339,1000,1545,1545,2.3700004,-0.00006,-1,-1,-1,0,0,0,136,1,1,0,0.0000000,0.0000000,0.0000000,0,0,1,1
758619710245791 D 367,4031529339,1000,1545,1545,2.3700004,-0.00006,-1,-1,-1,0,0,0,136,1,1,0,0.0000000,0.0000000,0.0000000,0,0,1,1
758619711294791 D 368,4031530339,1000,1545,1545,2.3700004,-0.00006,-1,-1,-1,0,0,0,136,1,1,0,0.0000000,0.0000000,0.0000000,0,0,1,1
758619712257208 D 369,4031531339,1000,1545,1545,2.3700004,-0.00006,-1,-1,-1,0,0,0,136,1,1,0,0.0000000,0.0000000,0.0000000,0,0,1,1
758619713231333 D 370,4031532339,1000,1545,1545,2.3700004,-0.00005,-1,-1,-1,0,0,0,136,1,1,0,0.0000000,0.0000000,0.0000000,0,0,1,1
758619714228500 D 371,4031533339,1000,1545,1545,2.3700004,-0.00005,-1,-1,-1,0,0,0,136,1,1,0,0.0000000,0.0000000,0.0000000,0,0,1,1
758619715235333 D 372,4031534339,1000,1545,1545,2.3700004,-0.00005,-1,-1,-1,0,0,0,136,1,1,0,0.0000000,0.0000000,0.0000000,0,0,1,1
758619716234375 D 373,4031535339,1000,1545,1545,2.3700004,-0.00005,-1,-1,-1,0,0,0,136,1,1,0,0.0000000,0.0000000,0.0000000,0,0,1,1
758619717259625 D 374,4031536339,1000,1545,1545,2.3700004,-0.00005,-1,-1,-1,0,0,0,135,1,1,0,0.0000000,0.0000000,0.0000000,0,0,1,1
758619718221291 D 375,4031537339,1000,1545,1545,2.3700004,-0.00004,-1,-1,-1,0,0,0,136,1,1,0,0.0000000,0.0000000,0.0000000,0,0,1,1
758619719256583 D 376,4031538339,1000,1545,1545,2.3700004,-0.00004,-1,-1,-1,0,0,0,136,1,1,0,0.0000000,0.0000000,0.0000000,0,0,1,1
758619720242750 D 377,4031539339,1000,1545,1545,2.3700004,-0.00004,-1,-1,-1,0,0,0,136,1,1,0,0.0000000,0.0000000,0.0000000,0,0,1,1
758619721235250 D 378,4031540339,1000,1545,1545,2.3700004,-0.00004,-1,-1,-1,0,0,0,136,1,1,0,0.0000000,0.0000000,0.0000000,0,0,1,1
758619722255500 D 379,4031541339,1000,1545,1545,2.3700004,-0.00004,-1,-1,-1,0,0,0,136,1,1,0,0.0000000,0.0000000,0.0000000,0,0,1,1
758619723268166 D 380,4031542339,1000,1545,1545,2.3700004,-0.00004,-1,-1,-1,0,0,0,136,1,1,0,0.0000000,0.0000000,0.0000000,0,0,1,1
758619724226625 D 381,4031543339,1000,1545,1545,2.3700004,-0.00003,-1,-1,-1,0,0,0,136,1,1,0,0.0000000,0.0000000,0.0000000,0,0,1,1
758619725222833 D 382,4031544339,1000,1545,1545,2.3700004,-0.00003,-1,-1,-1,0,0,0,136,1,1,0,0.0000000,0.0000000,0.0000000,0,0,1,1
758619726228500 D 383,4031545339,1000,1545,1545,2.3700004,-0.00003,-1,-1,-1,0,0,0,136,1,1,0,0.0000000,0.0000000,0.0000000,0,0,1,1
758619727243958 D 384,4031546339,1000,1545,1545,2.3700004,-0.00003,-1,-1,-1,0,0,0,136,1,1,0,0.0000000,0.0000000,0.0000000,0,0,1,1
758619728229541 D 385,4031547339,1000,1545,1545,2.3700004,-0.00003,-1,-1,-1,0,0,0,136,1,1,0,0.0000000,0.0000000,0.0000000,0,0,1,1
758619729214166 D 386,4031548339,1000,1545,1545,2.3700004,-0.00003,-1,-1,-1,0,0,0,136,1,1,0,0.0000000,0.0000000,0.0000000,0,0,1,1
758619730242916 D 387,4031549339,1000,1545,1545,2.3700004,-0.00003,-1,-1,-1,0,0,0,136,1,1,0,0.0000000,0.0000000,0.0000000,0,0,1,1
758619731239125 D 388,4031550339,1000,1545,1545,2.3700004,-0.00003,-1,-1,-1,0,0,0,136,1,1,0,0.0000000,0.0000000,0.0000000,0,0,1,1
758619732245333 D 389,4031551339,1000,1545,1545,2.3700004,-0.00003,-1,-1,-1,0,0,0,136,1,1,0,0.0000000,0.0000000,0.0000000,0,0,1,1
758619733726375 D 390,4031552339,1000,1545,1545,2.3700004,-0.00002,39,126,2102,0,0,0,136,1,1,0,0.0000000,0.0000000,0.0000000,0,0,1,1
758619734358875 D 391,4031553339,1000,1545,1545,2.3700004,-0.00002,-1,-1,-1,0,0,0,136,1,1,0,0.0000000,0.0000000,0.0000000,0,0,1,1
758619735295958 D 392,4031554339,1000,1545,1545,2.3700004,-0.00002,-1,-1,-1,0,0,0,136,1,1,0,0.0000000,0.0000000,0.0000000,0,0,1,1
758619736239416 D 393,4031555339,1000,1545,1545,2.3700004,-0.00002,-1,-1,-1,0,0,0,136,1,1,0,0.0000000,0.0000000,0.0000000,0,0,1,1
758619737244833 D 394,4031556339,1000,1545,1545,2.3700004,-0.00002,-1,-1,-1,0,0,0,136,1,1,0,0.0000000,0.0000000,0.0000000,0,0,1,1
758619738302125 D 395,4031557339,1000,1545,1545,2.3700004,-0.00002,-1,-1,-1,0,0,0,136,1,1,0,0.0000000,0.0000000,0.0000000,0,0,1,1
758619739238333 D 396,4031558339,1000,1546,1546,2.3715343,0.06013,-1,-1,-1,0,0,0,136,1,1,0,0.0000000,0.0000000,0.0000000,0,0,1,1
758619740248000 D 397,4031559339,1000,1545,1545,2.3700004,-0.00238,-1,-1,-1,0,0,0,136,1,1,0,0.0000000,0.0000000,0.0000000,0,0,1,1
758619741238708 D 398,4031560339,1000,1546,1546,2.3715343,0.05786,-1,-1,-1,0,0,0,136,1,1,0,0.0000000,0.0000000,0.0000000,0,0,1,1
758619742231833 D 399,4031561339,1000,1545,1545,2.3700004,-0.00455,-1,-1,-1,0,0,0,136,1,1,0,0.0000000,0.0000000,0.0000000,0,0,1,1
758619743249708 D 400,4031562339,1000,1545,1545,2.3700004,-0.00437,-1,-1,-1,0,0,0,136,1,1,0,0.0000000,0.0000000,0.0000000,0,0,1,1
758619744215458 D 401,4031563339,1000,1545,1545,2.3700004,-0.00420,-1,-1,-1,0,0,0,136,1,1,0,0.0000000,0.0000000,0.0000000,0,0,1,1
758619745211583 D 402,4031564339,1000,1545,1545,2.3700004,-0.00404,-1,-1,-1,0,0,0,136,1,1,0,0.0000000,0.0000000,0.0000000,0,0,1,1
758619746217500 D 403,4031565339,1000,1545,1545,2.3700004,-0.00388,-1,-1,-1,0,0,0,136,1,1,0,0.0000000,0.0000000,0.0000000,0,0,1,1
758619747214333 D 404,4031566339,1000,1545,1545,2.3700004,-0.00373,-1,-1,-1,0,0,0,136,1,1,0,0.0000000,0.0000000,0.0000000,0,0,1,1
758619748214125 D 405,4031567339,1000,1545,1545,2.3700004,-0.00358,-1,-1,-1,0,0,0,136,1,1,0,0.0000000,0.0000000,0.0000000,0,0,1,1
758619749229333 D 406,4031568339,1000,1545,1545,2.3700004,-0.00344,-1,-1,-1,0,0,0,136,1,1,0,0.0000000,0.0000000,0.0000000,0,0,1,1
758619750204750 D 407,4031569339,1000,1545,1545,2.3700004,-0.00331,-1,-1,-1,0,0,0,136,1,1,0,0.0000000,0.0000000,0.0000000,0,0,1,1
758619751225375 D 408,4031570339,1000,1545,1545,2.3700004,-0.00318,-1,-1,-1,0,0,0,136,1,1,0,0.0000000,0.0000000,0.0000000,0,0,1,1
758619752218583 D 409,4031571339,1000,1545,1545,2.3700004,-0.00305,-1,-1,-1,0,0,0,136,1,1,0,0.0000000,0.0000000,0.0000000,0,0,1,1
758619753214000 D 410,4031572339,1000,1545,1545,2.3700004,-0.00293,-1,-1,-1,0,0,0,136,1,1,0,0.0000000,0.0000000,0.0000000,0,0,1,1
758619754244583 D 411,4031573339,1000,1545,1545,2.3700004,-0.00282,-1,-1,-1,0,0,0,136,1,1,0,0.0000000,0.0000000,0.0000000,0,0,1,1
758619755228541 D 412,4031574339,1000,1545,1545,2.3700004,-0.00271,-1,-1,-1,0,0,0,136,1,1,0,0.0000000,0.0000000,0.0000000,0,0,1,1
758619756225916 D 413,4031575339,1000,1545,1545,2.3700004,-0.00260,-1,-1,-1,0,0,0,136,1,1,0,0.0000000,0.0000000,0.0000000,0,0,1,1
758619757212541 D 414,4031576339,1000,1545,1545,2.3700004,-0.00250,-1,-1,-1,0,0,0,136,1,1,0,0.0000000,0.0000000,0.0000000,0,0,1,1
758619758215750 D 415,4031577339,1000,1545,1545,2.3700004,-0.00240,-1,-1,-1,0,0,0,136,1,1,0,0.0000000,0.0000000,0.0000000,0,0,1,1
758619759263583 D 416,4031578339,1000,1545,1545,2.3700004,-0.00231,-1,-1,-1,0,0,0,135,1,1,0,0.0000000,0.0000000,0.0000000,0,0,1,1
758619760472541 D 417,4031579339,1000,1545,1545,2.3700004,-0.00222,-1,-1,-1,0,0,0,136,1,1,0,0.0000000,0.0000000,0.0000000,0,0,1,1
758619761456375 D 418,4031580339,1000,1545,1545,2.3700004,-0.00213,-1,-1,-1,0,0,0,136,1,1,0,0.0000000,0.0000000,0.0000000,0,0,1,1
758619762469958 D 419,4031581339,1000,1545,1545,2.3700004,-0.00205,-1,-1,-1,0,0,0,136,1,1,0,0.0000000,0.0000000,0.0000000,0,0,1,1
758619763257500 D 420,4031582339,1000,1545,1545,2.3700004,-0.00197,-1,-1,-1,0,0,0,136,1,1,0,0.0000000,0.0000000,0.0000000,0,0,1,1
758619764224958 D 421,4031583339,1000,1545,1545,2.3700004,-0.00189,-1,-1,-1,0,0,0,136,1,1,0,0.0000000,0.0000000,0.0000000,0,0,1,1
758619765243083 D 422,4031584339,1000,1545,1545,2.3700004,-0.00181,-1,-1,-1,0,0,0,136,1,1,0,0.0000000,0.0000000,0.0000000,0,0,1,1
758619766211083 D 423,4031585339,1000,1545,1545,2.3700004,-0.00174,-1,-1,-1,0,0,0,136,1,1,0,0.0000000,0.0000000,0.0000000,0,0,1,1
758619767290500 D 424,4031586339,1000,1545,1545,2.3700004,-0.00167,-1,-1,-1,0,0,0,136,1,1,0,0.0000000,0.0000000,0.0000000,0,0,1,1
758619768239750 D 425,4031587339,1000,1545,1545,2.3700004,-0.00161,-1,-1,-1,0,0,0,136,1,1,0,0.0000000,0.0000000,0.0000000,0,0,1,1
758619769220708 D 426,4031588339,1000,1545,1545,2.3700004,-0.00155,-1,-1,-1,0,0,0,136,1,1,0,0.0000000,0.0000000,0.0000000,0,0,1,1
758619770239166 D 427,4031589339,1000,1545,1545,2.3700004,-0.00149,-1,-1,-1,0,0,0,136,1,1,0,0.0000000,0.0000000,0.0000000,0,0,1,1
758619771237916 D 428,4031590339,1000,1545,1545,2.3700004,-0.00143,-1,-1,-1,0,0,0,136,1,1,0,0.0000000,0.0000000,0.0000000,0,0,1,1
758619772234666 D 429,4031591339,1000,1545,1545,2.3700004,-0.00137,-1,-1,-1,0,0,0,136,1,1,0,0.0000000,0.0000000,0.0000000,0,0,1,1
758619773265500 D 430,4031592339,1000,1545,1545,2.3700004,-0.00132,-1,-1,-1,0,0,0,135,1,1,0,0.0000000,0.0000000,0.0000000,0,0,1,1
758619774273333 D 431,4031593339,1000,1545,1545,2.3700004,-0.00127,-1,-1,-1,0,0,0,136,1,1,0,0.0000000,0.0000000,0.0000000,0,0,1,1
758619775526791 D 432,4031594339,1000,1545,1545,2.3700004,-0.00122,-1,-1,-1,0,0,0,136,1,1,0,0.0000000,0.0000000,0.0000000,0,0,1,1
758619776335166 D 433,4031595339,1000,1545,1545,2.3700004,-0.00117,-1,-1,-1,0,0,0,136,1,1,0,0.0000000,0.0000000,0.0000000,0,0,1,1
758619777292875 D 434,4031596339,1000,1545,1545,2.3700004,-0.00112,-1,-1,-1,0,0,0,136,1,1,0,0.0000000,0.0000000,0.0000000,0,0,1,1
758619778251708 D 435,4031597339,1000,1545,1545,2.3700004,-0.00108,-1,-1,-1,0,0,0,136,1,1,0,0.0000000,0.0000000,0.0000000,0,0,1,1
758619779245875 D 436,4031598339,1000,1545,1545,2.3700004,-0.00104,-1,-1,-1,0,0,0,136,1,1,0,0.0000000,0.0000000,0.0000000,0,0,1,1
758619780286500 D 437,4031599339,1000,1545,1545,2.3700004,-0.00100,-1,-1,-1,0,0,0,136,1,1,0,0.0000000,0.0000000,0.0000000,0,0,1,1
758619781248625 D 438,4031600339,1000,1545,1545,2.3700004,-0.00096,-1,-1,-1,0,0,0,136,1,1,0,0.0000000,0.0000000,0.0000000,0,0,1,1
758619782237916 D 439,4031601339,1000,1545,1545,2.3700004,-0.00092,-1,-1,-1,0,0,0,136,1,1,0,0.0000000,0.0000000,0.0000000,0,0,1,1
758619783614333 D 440,4031602339,1000,1545,1545,2.3700004,-0.00088,39,126,2100,0,0,0,136,1,1,0,0.0000000,0.0000000,0.0000000,0,0,1,1
758619784231583 D 441,4031603339,1000,1545,1545,2.3700004,-0.00085,-1,-1,-1,0,0,0,136,1,1,0,0.0000000,0.0000000,0.0000000,0,0,1,1
758619785235750 D 442,4031604339,1000,1545,1545,2.3700004,-0.00082,-1,-1,-1,0,0,0,136,1,1,0,0.0000000,0.0000000,0.0000000,0,0,1,1
758619786284791 D 443,4031605339,1000,1545,1545,2.3700004,-0.00078,-1,-1,-1,0,0,0,136,1,1,0,0.0000000,0.0000000,0.0000000,0,0,1,1
758619787294333 D 444,4031606339,1000,1545,1545,2.3700004,-0.00075,-1,-1,-1,0,0,0,136,1,1,0,0.0000000,0.0000000,0.0000000,0,0,1,1
758619788433708 D 445,4031607339,1000,1545,1545,2.3700004,-0.00072,-1,-1,-1,0,0,0,136,1,1,0,0.0000000,0.0000000,0.0000000,0,0,1,1
758619789399250 D 446,4031608339,1000,1545,1545,2.3700004,-0.00069,-1,-1,-1,0,0,0,136,1,1,0,0.0000000,0.0000000,0.0000000,0,0,1,1
758619790296041 D 447,4031609339,1000,1545,1545,2.3700004,-0.00067,-1,-1,-1,0,0,0,136,1,1,0,0.0000000,0.0000000,0.0000000,0,0,1,1
758619791308000 D 448,4031610339,1000,1545,1545,2.3700004,-0.00064,-1,-1,-1,0,0,0,136,1,1,0,0.0000000,0.0000000,0.0000000,0,0,1,1
758619792264125 D 449,4031611339,1000,1545,1545,2.3700004,-0.00062,-1,-1,-1,0,0,0,136,1,1,0,0.0000000,0.0000000,0.0000000,0,0,1,1
758619793240666 D 450,4031612339,1000,1545,1545,2.3700004,-0.00059,-1,-1,-1,0,0,0,136,1,1,0,0.0000000,0.0000000,0.0000000,0,0,1,1
758619794240666 D 451,4031613339,1000,1545,1545,2.3700004,-0.00057,-1,-1,-1,0,0,0,136,1,1,0,0.0000000,0.0000000,0.0000000,0,0,1,1
758619795234083 D 452,4031614339,1000,1545,1545,2.3700004,-0.00055,-1,-1,-1,0,0,0,136,1,1,0,0.0000000,0.0000000,0.0000000,0,0,1,1
758619796272416 D 453,4031615339,1000,1545,1545,2.3700004,-0.00053,-1,-1,-1,0,0,0,136,1,1,0,0.0000000,0.0000000,0.0000000,0,0,1,1
758619797256625 D 454,4031616339,1000,1545,1545,2.3700004,-0.00050,-1,-1,-1,0,0,0,136,1,1,0,0.0000000,0.0000000,0.0000000,0,0,1,1
758619798230666 D 455,4031617339,1000,1545,1545,2.3700004,-0.00048,-1,-1,-1,0,0,0,136,1,1,0,0.0000000,0.0000000,0.0000000,0,0,1,1
758619799248000 D 456,4031618339,1000,1545,1545,2.3700004,-0.00047,-1,-1,-1,0,0,0,136,1,1,0,0.0000000,0.0000000,0.0000000,0,0,1,1
758619800255625 D 457,4031619339,1000,1545,1545,2.3700004,-0.00045,-1,-1,-1,0,0,0,136,1,1,0,0.0000000,0.0000000,0.0000000,0,0,1,1
758619801225041 D 458,4031620339,1000,1545,1545,2.3700004,-0.00043,-1,-1,-1,0,0,0,136,1,1,0,0.0000000,0.0000000,0.0000000,0,0,1,1
758619802284375 D 459,4031621339,1000,1545,1545,2.3700004,-0.00041,-1,-1,-1,0,0,0,136,1,1,0,0.0000000,0.0000000,0.0000000,0,0,1,1
758619803244708 D 460,4031622339,1000,1545,1545,2.3700004,-0.00040,-1,-1,-1,0,0,0,136,1,1,0,0.0000000,0.0000000,0.0000000,0,0,1,1
758619804260208 D 461,4031623339,1000,1545,1545,2.3700004,-0.00038,-1,-1,-1,0,0,0,136,1,1,0,0.0000000,0.0000000,0.0000000,0,0,1,1
758619805254500 D 462,4031624339,1000,1545,1545,2.3700004,-0.00037,-1,-1,-1,0,0,0,136,1,1,0,0.0000000,0.0000000,0.0000000,0,0,1,1
758619806222750 D 463,4031625339,1000,1545,1545,2.3700004,-0.00035,-1,-1,-1,0,0,0,136,1,1,0,0.0000000,0.0000000,0.0000000,0,0,1,1
758619807269208 D 464,4031626339,1000,1545,1545,2.3700004,-0.00034,-1,-1,-1,0,0,0,136,1,1,0,0.0000000,0.0000000,0.0000000,0,0,1,1
758619808341708 D 465,4031627339,1000,1545,1545,2.3700004,-0.00032,-1,-1,-1,0,0,0,135,1,1,0,0.0000000,0.0000000,0.0000000,0,0,1,1
758619809340291 D 466,4031628339,1000,1545,1545,2.3700004,-0.00031,-1,-1,-1,0,0,0,136,1,1,0,0.0000000,0.0000000,0.0000000,0,0,1,1
758619810526916 D 467,4031629339,1000,1545,1545,2.3700004,-0.00030,-1,-1,-1,0,0,0,136,1,1,0,0.0000000,0.0000000,0.0000000,0,0,1,1
758619811482375 D 468,4031630339,1000,1545,1545,2.3700004,-0.00029,-1,-1,-1,0,0,0,136,1,1,0,0.0000000,0.0000000,0.0000000,0,0,1,1
758619812411958 D 469,4031631339,1000,1545,1545,2.3700004,-0.00028,-1,-1,-1,0,0,0,136,1,1,0,0.0000000,0.0000000,0.0000000,0,0,1,1
758619813251583 D 470,4031632339,1000,1545,1545,2.3700004,-0.00027,-1,-1,-1,0,0,0,136,1,1,0,0.0000000,0.0000000,0.0000000,0,0,1,1
758619814235250 D 471,4031633339,1000,1545,1545,2.3700004,-0.00026,-1,-1,-1,0,0,0,136,1,1,0,0.0000000,0.0000000,0.0000000,0,0,1,1
758619815261833 D 472,4031634339,1000,1545,1545,2.3700004,-0.00025,-1,-1,-1,0,0,0,136,1,1,0,0.0000000,0.0000000,0.0000000,0,0,1,1
758619816266208 D 473,4031635339,1000,1545,1545,2.3700004,-0.00024,-1,-1,-1,0,0,0,136,1,1,0,0.0000000,0.0000000,0.0000000,0,0,1,1
758619817241625 D 474,4031636339,1000,1545,1545,2.3700004,-0.00023,-1,-1,-1,0,0,0,136,1,1,0,0.0000000,0.0000000,0.0000000,0,0,1,1
758619818328083 D 475,4031637339,1000,1545,1545,2.3700004,-0.00022,-1,-1,-1,0,0,0,136,1,1,0,0.0000000,0.0000000,0.0000000,0,0,1,1
758619819244750 D 476,4031638339,1000,1545,1545,2.3700004,-0.00021,-1,-1,-1,0,0,0,136,1,1,0,0.0000000,0.0000000,0.0000000,0,0,1,1
758619820255250 D 477,4031639339,1000,1545,1545,2.3700004,-0.00020,-1,-1,-1,0,0,0,136,1,1,0,0.0000000,0.0000000,0.0000000,0,0,1,1
758619821246250 D 478,4031640339,1000,1545,1545,2.3700004,-0.00019,-1,-1,-1,0,0,0,136,1,1,0,0.0000000,0.0000000,0.0000000,0,0,1,1
758619822233500 D 479,4031641339,1000,1545,1545,2.3700004,-0.00019,-1,-1,-1,0,0,0,136,1,1,0,0.0000000,0.0000000,0.0000000,0,0,1,1
758619823221750 D 480,4031642339,1000,1545,1545,2.3700004,-0.00018,-1,-1,-1,0,0,0,136,1,1,0,0.0000000,0.0000000,0.0000000,0,0,1,1
758619824246166 D 481,4031643339,1000,1545,1545,2.3700004,-0.00017,-1,-1,-1,0,0,0,136,1,1,0,0.0000000,0.0000000,0.0000000,0,0,1,1
758619825222166 D 482,4031644339,1000,1545,1545,2.3700004,-0.00016,-1,-1,-1,0,0,0,136,1,1,0,0.0000000,0.0000000,0.0000000,0,0,1,1
758619826229708 D 483,4031645339,1000,1545,1545,2.3700004,-0.00016,-1,-1,-1,0,0,0,136,1,1,0,0.0000000,0.0000000,0.0000000,0,0,1,1
758619827217416 D 484,4031646339,1000,1545,1545,2.3700004,-0.00015,-1,-1,-1,0,0,0,136,1,1,0,0.0000000,0.0000000,0.0000000,0,0,1,1
758619828222708 D 485,4031647339,1000,1545,1545,2.3700004,-0.00015,-1,-1,-1,0,0,0,136,1,1,0,0.0000000,0.0000000,0.0000000,0,0,1,1
758619829232166 D 486,4031648339,1000,1545,1545,2.3700004,-0.00014,-1,-1,-1,0,0,0,136,1,1,0,0.0000000,0.0000000,0.0000000,0,0,1,1
758619830232625 D 487,4031649339,1000,1545,1545,2.3700004,-0.00013,-1,-1,-1,0,0,0,136,1,1,0,0.0000000,0.0000000,0.0000000,0,0,1,1
758619831238166 D 488,4031650339,1000,1545,1545,2.3700004,-0.00013,-1,-1,-1,0,0,0,136,1,1,0,0.0000000,0.0000000,0.0000000,0,0,1,1
758619832218708 D 489,4031651339,1000,1545,1545,2.3700004,-0.00012,-1,-1,-1,0,0,0,136,1,1,0,0.0000000,0.0000000,0.0000000,0,0,1,1
758619833656583 D 490,4031652339,1000,1545,1545,2.3700004,-0.00012,39,126,2101,0,0,0,136,1,1,0,0.0000000,0.0000000,0.0000000,0,0,1,1
758619834281166 D 491,4031653339,1000,1545,1545,2.3700004,-0.00011,-1,-1,-1,0,0,0,136,1,1,0,0.0000000,0.0000000,0.0000000,0,0,1,1
758619835230208 D 492,4031654339,1000,1545,1545,2.3700004,-0.00011,-1,-1,-1,0,0,0,136,1,1,0,0.0000000,0.0000000,0.0000000,0,0,1,1
758619836224666 D 493,4031655339,1000,1545,1545,2.3700004,-0.00011,-1,-1,-1,0,0,0,136,1,1,0,0.0000000,0.0000000,0.0000000,0,0,1,1
758619837222958 D 494,4031656339,1000,1545,1545,2.3700004,-0.00010,-1,-1,-1,0,0,0,136,1,1,0,0.0000000,0.0000000,0.0000000,0,0,1,1
758619838241750 D 495,4031657339,1000,1545,1545,2.3700004,-0.00010,-1,-1,-1,0,0,0,136,1,1,0,0.0000000,0.0000000,0.0000000,0,0,1,1
758619839321708 D 496,4031658339,1000,1545,1545,2.3700004,-0.00009,-1,-1,-1,0,0,0,136,1,1,0,0.0000000,0.0000000,0.0000000,0,0,1,1
758619840557083 D 497,4031659339,1000,1545,1545,2.3700004,-0.00009,-1,-1,-1,0,0,0,136,1,1,0,0.0000000,0.0000000,0.0000000,0,0,1,1
758619841459416 D 498,4031660339,1000,1545,1545,2.3700004,-0.00009,-1,-1,-1,0,0,0,136,1,1,0,0.0000000,0.0000000,0.0000000,0,0,1,1
758619843110875 D 499,4031661339,1000,1545,1545,2.3700004,-0.00008,-1,-1,-1,0,0,0,136,1,1,0,0.0000000,0.0000000,0.0000000,0,0,1,1
758619845028083 D 500,4031662339,1000,1545,1545,2.3700004,-0.00008,-1,-1,-1,0,0,0,136,1,1,0,0.0000000,0.0000000,0.0000000,0,0,1,1
758619845716708 D 501,4031663339,1000,1545,1545,2.3700004,-0.00008,-1,-1,-1,0,0,0,136,1,1,0,0.0000000,0.0000000,0.0000000,0,0,1,1
758619846326166 D 502,4031664339,1000,1545,1545,2.3700004,-0.00007,-1,-1,-1,0,0,0,136,1,1,0,0.0000000,0.0000000,0.0000000,0,0,1,1
758619846938250 D 503,4031665339,1000,1545,1545,2.3700004,-0.00007,-1,-1,-1,0,0,0,136,1,1,0,0.0000000,0.0000000,0.0000000,0,0,1,1
758619847562083 D 504,4031666339,1000,1545,1545,2.3700004,-0.00007,-1,-1,-1,0,0,0,136,1,1,0,0.0000000,0.0000000,0.0000000,0,0,1,1
758619848311333 D 505,4031667339,1000,1545,1545,2.3700004,-0.00007,-1,-1,-1,0,0,0,136,1,1,0,0.0000000,0.0000000,0.0000000,0,0,1,1
758619849233875 D 506,4031668339,1000,1545,1545,2.3700004,-0.00006,-1,-1,-1,0,0,0,136,1,1,0,0.0000000,0.0000000,0.0000000,0,0,1,1
758619849411541 E 4031668435 MOVE_ACCEPT 1 5.000
758619850091375 D 507,4031669339,1000,1545,1545,2.3700004,-0.00006,-1,-1,-1,0,0,0,136,1,1,0,0.0000000,0.0000010,0.0010000,1,1,1,1
758619851231333 D 508,4031670339,1000,1545,1545,2.3700004,-0.00006,-1,-1,-1,0,0,0,136,1,1,0,0.0000000,0.0000030,0.0020000,1,1,1,1
758619852170291 D 509,4031671339,1000,1545,1545,2.3700004,-0.00006,-1,-1,-1,0,0,0,136,1,1,0,0.0000000,0.0000060,0.0030000,1,1,1,1
758619853171125 D 510,4031672339,1000,1545,1545,2.3700004,-0.00005,-1,-1,-1,0,0,0,136,1,1,0,0.0000000,0.0000100,0.0040000,1,1,1,1
758619854171833 D 511,4031673339,1000,1545,1545,2.3700004,-0.00005,-1,-1,-1,0,0,0,136,1,1,0,0.0000000,0.0000150,0.0050000,1,1,1,1
758619855091000 D 512,4031674339,1000,1545,1545,2.3700004,-0.00005,-1,-1,-1,0,0,0,136,1,1,0,0.0000000,0.0000210,0.0060000,1,1,1,1
758619856234166 D 513,4031675339,1000,1545,1545,2.3700004,-0.00005,-1,-1,-1,0,0,0,136,1,1,0,0.0000000,0.0000280,0.0070000,1,1,1,1
758619857053416 D 514,4031676339,1000,1545,1545,2.3700004,-0.00005,-1,-1,-1,0,0,0,136,1,1,0,0.0000000,0.0000360,0.0080000,1,1,1,1
758619858050916 D 515,4031677339,1000,1545,1545,2.3700004,-0.00004,-1,-1,-1,0,0,0,136,1,1,0,0.0000000,0.0000450,0.0090000,1,1,1,1
758619859089083 D 516,4031678339,1000,1545,1545,2.3700004,-0.00004,-1,-1,-1,0,0,0,136,1,1,0,0.0000000,0.0000550,0.0100000,1,1,1,1
758619860113708 D 517,4031679339,1000,1545,1545,2.3700004,-0.00004,-1,-1,-1,0,0,0,136,1,1,0,0.0000000,0.0000660,0.0110000,1,1,1,1
758619864427833 D 518,4031680339,1000,1545,1545,2.3700004,-0.00004,-1,-1,-1,0,0,0,136,1,1,0,0.0000000,0.0000780,0.0120000,1,1,1,1
758619865002833 D 519,4031681339,1000,1545,1545,2.3700004,-0.00004,-1,-1,-1,0,0,0,136,1,1,0,0.0000000,0.0000910,0.0130000,1,1,1,1
758619865583333 D 520,4031682339,1000,1545,1545,2.3700004,-0.00004,-1,-1,-1,0,0,0,136,1,1,0,0.0000000,0.0001050,0.0140000,1,1,1,1
758619865902166 D 521,4031683339,1000,1545,1545,2.3700004,-0.00003,-1,-1,-1,0,0,0,136,1,1,0,0.0000000,0.0001200,0.0150000,1,1,1,1
758619866194500 D 522,4031684339,1000,1545,1545,2.3700004,-0.00003,-1,-1,-1,0,0,0,136,1,1,0,0.0000000,0.0001360,0.0160000,1,1,1,1
758619866629791 D 523,4031685339,1000,1545,1545,2.3700004,-0.00003,-1,-1,-1,0,0,0,136,1,1,0,0.0000000,0.0001530,0.0170000,1,1,1,1
758619867290541 D 524,4031686339,1000,1545,1545,2.3700004,-0.00003,-1,-1,-1,0,0,0,136,1,1,0,0.0000000,0.0001710,0.0180000,1,1,1,1
758619868293250 D 525,4031687339,1000,1545,1545,2.3700004,-0.00003,-1,-1,-1,0,0,0,136,1,1,0,0.0000000,0.0001900,0.0190000,1,1,1,1
758619869300833 D 526,4031688339,1000,1545,1545,2.3700004,-0.00003,-1,-1,-1,0,0,0,136,1,1,0,0.0000000,0.0002100,0.0200000,1,1,1,1
758619870290875 D 527,4031689339,1000,1545,1545,2.3700004,-0.00003,-1,-1,-1,0,0,0,136,1,1,0,0.0000000,0.0002310,0.0210000,1,1,1,1
758619871171291 D 528,4031690339,1000,1545,1545,2.3700004,-0.00003,-1,-1,-1,0,0,0,135,1,1,0,0.0000000,0.0002530,0.0220000,1,1,1,1
758619872300375 D 529,4031691339,1000,1545,1545,2.3700004,-0.00003,-1,-1,-1,0,0,0,136,1,1,0,0.0000000,0.0002760,0.0230000,1,1,1,1
758619873297166 D 530,4031692339,1000,1545,1545,2.3700004,-0.00002,-1,-1,-1,0,0,0,136,1,1,0,0.0000000,0.0003000,0.0240000,1,1,1,1
758619874279333 D 531,4031693339,1000,1545,1545,2.3700004,-0.00002,-1,-1,-1,0,0,0,136,1,1,0,0.0000000,0.0003250,0.0250000,1,1,1,1
758619875278916 D 532,4031694339,1000,1545,1545,2.3700004,-0.00002,-1,-1,-1,0,0,0,136,1,1,0,0.0000000,0.0003510,0.0260000,1,1,1,1
758619876558416 D 533,4031695339,1000,1545,1545,2.3700004,-0.00002,-1,-1,-1,0,0,0,136,1,1,0,0.0000000,0.0003780,0.0270000,1,1,1,1
758619877104333 D 534,4031696339,1000,1545,1545,2.3700004,-0.00002,-1,-1,-1,0,0,0,136,1,1,0,0.0000000,0.0004060,0.0280000,1,1,1,1
758619877988750 D 535,4031697339,1000,1545,1545,2.3700004,-0.00002,-1,-1,-1,0,0,0,136,1,1,0,0.0000000,0.0004350,0.0290000,1,1,1,1
758619878971500 D 536,4031698339,1000,1545,1545,2.3700004,-0.00002,-1,-1,-1,0,0,0,136,1,1,0,0.0000000,0.0004650,0.0300000,1,1,1,1
758619879962000 D 537,4031699339,1000,1545,1545,2.3700004,-0.00002,-1,-1,-1,0,0,0,136,1,1,0,0.0000000,0.0004960,0.0310000,1,1,1,1
758619881102375 D 538,4031700339,1000,1545,1545,2.3700004,-0.00002,-1,-1,-1,0,0,0,136,1,1,0,0.0000000,0.0005280,0.0320000,1,1,1,1
758619881937958 D 539,4031701339,1000,1545,1545,2.3700004,-0.00002,-1,-1,-1,0,0,0,136,1,1,0,0.0000000,0.0005610,0.0330000,1,1,1,1
758619883622416 D 540,4031702339,1000,1545,1545,2.3700004,-0.00002,39,126,2101,0,0,0,136,1,1,0,0.0000000,0.0005950,0.0340000,1,1,1,1
758619884183791 D 541,4031703339,1000,1545,1545,2.3700004,-0.00002,-1,-1,-1,0,0,0,136,1,1,0,0.0000000,0.0006300,0.0350000,1,1,1,1
758619885205916 D 542,4031704339,1000,1545,1545,2.3700004,-0.00001,-1,-1,-1,0,0,0,136,1,1,0,0.0000000,0.0006660,0.0360000,1,1,1,1
758619886219583 D 543,4031705339,1000,1545,1545,2.3700004,-0.00001,-1,-1,-1,0,0,0,136,1,1,0,0.0000000,0.0007030,0.0370000,1,1,1,1
758619887120083 D 544,4031706339,1000,1545,1545,2.3700004,-0.00001,-1,-1,-1,0,0,0,136,1,1,0,0.0000000,0.0007410,0.0380000,1,1,1,1
758619888013208 D 545,4031707339,1000,1545,1545,2.3700004,-0.00001,-1,-1,-1,0,0,0,136,1,1,0,0.0000000,0.0007800,0.0390000,1,1,1,1
758619889232625 D 546,4031708339,1000,1545,1545,2.3700004,-0.00001,-1,-1,-1,0,0,0,136,1,1,0,0.0000000,0.0008200,0.0400000,1,1,1,1
758619890173750 D 547,4031709339,1000,1546,1546,2.3715343,0.06014,-1,-1,-1,0,0,0,136,1,1,0,0.0000000,0.0008610,0.0410000,1,1,1,1
758619891215333 D 548,4031710339,1000,1545,1545,2.3700004,-0.00237,-1,-1,-1,0,0,0,136,1,1,0,0.0000000,0.0009030,0.0420000,1,1,1,1
758619892208541 D 549,4031711339,1000,1545,1545,2.3700004,-0.00228,-1,-1,-1,0,0,0,136,1,1,0,0.0000000,0.0009460,0.0430000,1,1,1,1
758619893012583 D 550,4031712339,1000,1545,1545,2.3700004,-0.00219,-1,-1,-1,0,0,0,136,1,1,0,0.0000000,0.0009900,0.0440000,1,1,1,1
758619894210583 D 551,4031713339,1000,1545,1545,2.3700004,-0.00210,-1,-1,-1,0,0,0,136,1,1,0,0.0000000,0.0010350,0.0450000,1,1,1,1
758619895204416 D 552,4031714339,1000,1545,1545,2.3700004,-0.00202,-1,-1,-1,0,0,0,136,1,1,0,0.0000000,0.0010810,0.0460000,1,1,1,1
758619896207208 D 553,4031715339,1000,1545,1545,2.3700004,-0.00194,-1,-1,-1,0,0,0,136,1,1,0,0.0000000,0.0011280,0.0470000,1,1,1,1
758619897201208 D 554,4031716339,1000,1545,1545,2.3700004,-0.00186,-1,-1,-1,0,0,0,136,1,1,0,0.0000000,0.0011760,0.0480000,1,1,1,1
758619898025166 D 555,4031717339,1000,1545,1545,2.3700004,-0.00179,-1,-1,-1,0,0,0,136,1,1,0,0.0000000,0.0012250,0.0490000,1,1,1,1
758619899203291 D 556,4031718339,1000,1545,1545,2.3700004,-0.00172,-1,-1,-1,0,0,0,135,1,1,0,0.0000000,0.0012750,0.0500000,1,1,1,1
758619900222958 D 557,4031719339,1000,1545,1545,2.3700004,-0.00165,-1,-1,-1,0,0,0,136,1,1,0,0.0000000,0.0013260,0.0510000,1,1,1,1
758619901215083 D 558,4031720339,1000,1545,1545,2.3700004,-0.00159,-1,-1,-1,0,0,0,136,1,1,0,0.0000000,0.0013780,0.0520000,1,1,1,1
758619902188875 D 559,4031721339,1000,1545,1545,2.3700004,-0.00153,-1,-1,-1,0,0,0,136,1,1,0,0.0000000,0.0014310,0.0530000,1,1,1,1
758619903119958 D 560,4031722339,1000,1545,1545,2.3700004,-0.00147,-1,-1,-1,0,0,0,136,1,1,0,0.0000000,0.0014850,0.0540000,1,1,1,1
758619904201625 D 561,4031723339,1000,1545,1545,2.3700004,-0.00141,-1,-1,-1,0,0,0,136,1,1,0,0.0000000,0.0015400,0.0550000,1,1,1,1
758619905202250 D 562,4031724339,1000,1545,1545,2.3700004,-0.00135,-1,-1,-1,0,0,0,136,1,1,0,0.0000000,0.0015960,0.0560000,1,1,1,1
758619906187791 D 563,4031725339,1000,1545,1545,2.3700004,-0.00130,-1,-1,-1,0,0,0,136,1,1,0,0.0000000,0.0016530,0.0570000,1,1,1,1
758619907225375 D 564,4031726339,1000,1545,1545,2.3700004,-0.00125,-1,-1,-1,0,0,0,136,1,1,0,0.0000000,0.0017110,0.0580000,1,1,1,1
758619908208333 D 565,4031727339,1000,1546,1546,2.3715343,0.05895,-1,-1,-1,0,0,0,136,1,1,0,0.0000000,0.0017700,0.0590000,1,1,1,1
758619909033500 D 566,4031728339,1000,1545,1545,2.3700004,-0.00351,-1,-1,-1,0,0,0,136,1,1,0,0.0000000,0.0018300,0.0600000,1,1,1,1
758619910237708 D 567,4031729339,1000,1545,1545,2.3700004,-0.00337,-1,-1,-1,0,0,0,136,1,1,1,0.0000375,0.0018910,0.0610000,1,1,1,1
758619911090291 D 568,4031730339,1000,1545,1545,2.3700004,-0.00324,-1,-1,-1,0,0,0,136,1,1,1,0.0000375,0.0019530,0.0620000,1,1,1,1
758619912235166 D 569,4031731339,1000,1545,1545,2.3700004,-0.00311,-1,-1,-1,0,0,0,136,1,1,1,0.0000375,0.0020160,0.0629999,1,1,1,1
758619913208500 D 570,4031732339,1000,1545,1545,2.3700004,-0.00299,-1,-1,-1,0,0,0,136,1,1,1,0.0000375,0.0020800,0.0640000,1,1,1,1
758619914033625 D 571,4031733339,1000,1545,1545,2.3700004,-0.00288,-1,-1,-1,0,0,0,136,1,1,1,0.0000375,0.0021450,0.0650000,1,1,1,1
758619915210250 D 572,4031734339,1000,1545,1545,2.3700004,-0.00276,-1,-1,-1,0,0,0,136,1,1,1,0.0000375,0.0022110,0.0660000,1,1,1,1
758619916191500 D 573,4031735339,1000,1545,1545,2.3700004,-0.00265,-1,-1,-1,0,0,0,136,1,1,1,0.0000375,0.0022780,0.0670000,1,1,1,1
758619917168541 D 574,4031736339,1000,1545,1545,2.3700004,-0.00255,-1,-1,-1,0,0,0,136,1,1,1,0.0000375,0.0023460,0.0680000,1,1,1,1
758619918188916 D 575,4031737339,1000,1545,1545,2.3700004,-0.00245,-1,-1,-1,0,0,0,136,1,1,1,0.0000375,0.0024150,0.0690000,1,1,1,1
758619919124375 D 576,4031738339,1000,1545,1545,2.3700004,-0.00235,-1,-1,-1,0,0,0,136,1,1,1,0.0000375,0.0024850,0.0700000,1,1,1,1
758619919900416 D 577,4031739339,1000,1545,1545,2.3700004,-0.00226,-1,-1,-1,0,0,0,136,1,1,1,0.0000375,0.0025560,0.0710000,1,1,1,1
758619921226083 D 578,4031740339,1000,1545,1545,2.3700004,-0.00217,-1,-1,-1,0,0,0,136,1,1,1,0.0000375,0.0026280,0.0720000,1,1,1,1
758619922169375 D 579,4031741339,1000,1545,1545,2.3700004,-0.00209,-1,-1,-1,0,0,0,136,1,1,1,0.0000375,0.0027010,0.0730000,1,1,1,1
758619923202291 D 580,4031742339,1000,1545,1545,2.3700004,-0.00201,-1,-1,-1,0,0,0,136,1,1,1,0.0000375,0.0027750,0.0740000,1,1,1,1
758619924199083 D 581,4031743339,1000,1545,1545,2.3700004,-0.00193,-1,-1,-1,0,0,0,136,1,1,1,0.0000375,0.0028500,0.0750000,1,1,1,1
758619925038875 D 582,4031744339,1000,1545,1545,2.3700004,-0.00185,-1,-1,-1,0,0,0,136,1,1,1,0.0000375,0.0029260,0.0760000,1,1,1,1
758619926206375 D 583,4031745339,1000,1545,1545,2.3700004,-0.00178,-1,-1,-1,0,0,0,136,1,1,2,0.0000750,0.0030030,0.0770000,1,1,1,1
758619927232958 D 584,4031746339,1000,1545,1545,2.3700004,-0.00171,-1,-1,-1,0,0,0,136,1,1,2,0.0000750,0.0030810,0.0780000,1,1,1,1
758619928227250 D 585,4031747339,1000,1545,1545,2.3700004,-0.00164,-1,-1,-1,0,0,0,136,1,1,2,0.0000750,0.0031600,0.0790000,1,1,1,1
758619929201000 D 586,4031748339,1000,1545,1545,2.3700004,-0.00158,-1,-1,-1,0,0,0,136,1,1,2,0.0000750,0.0032400,0.0800000,1,1,1,1
758619930030833 D 587,4031749339,1000,1545,1545,2.3700004,-0.00152,-1,-1,-1,0,0,0,136,1,1,2,0.0000750,0.0033210,0.0810000,1,1,1,1
758619931228541 D 588,4031750339,1000,1545,1545,2.3700004,-0.00146,-1,-1,-1,0,0,0,136,1,1,2,0.0000750,0.0034030,0.0820000,1,1,1,1
758619932194541 D 589,4031751339,1000,1545,1545,2.3700004,-0.00140,-1,-1,-1,0,0,0,136,1,1,2,0.0000750,0.0034860,0.0830000,1,1,1,1
758619933638125 D 590,4031752339,1000,1545,1545,2.3700004,-0.00134,39,126,2100,0,0,0,136,1,1,2,0.0000750,0.0035700,0.0840000,1,1,1,1
758619934170583 D 591,4031753339,1000,1545,1545,2.3700004,-0.00129,-1,-1,-1,0,0,0,136,1,1,2,0.0000750,0.0036550,0.0850000,1,1,1,1
758619935086875 D 592,4031754339,1000,1545,1545,2.3700004,-0.00124,-1,-1,-1,0,0,0,136,1,1,2,0.0000750,0.0037410,0.0860000,1,1,1,1
758619936050500 D 593,4031755339,1000,1545,1545,2.3700004,-0.00119,-1,-1,-1,0,0,0,136,1,1,2,0.0000750,0.0038280,0.0870000,1,1,1,1
758619937050500 D 594,4031756339,1000,1545,1545,2.3700004,-0.00115,-1,-1,-1,0,0,0,136,1,1,3,0.0001125,0.0039160,0.0880000,1,1,1,1
758619938048750 D 595,4031757339,1000,1545,1545,2.3700004,-0.00110,-1,-1,-1,0,0,0,136,1,1,3,0.0001125,0.0040050,0.0890000,1,1,1,1
758619939043625 D 596,4031758339,1000,1545,1545,2.3700004,-0.00106,-1,-1,-1,0,0,0,136,1,1,3,0.0001125,0.0040950,0.0900000,1,1,1,1
758619940044541 D 597,4031759339,1000,1545,1545,2.3700004,-0.00102,-1,-1,-1,0,0,0,136,1,1,3,0.0001125,0.0041860,0.0910000,1,1,1,1
758619941061958 D 598,4031760339,1000,1545,1545,2.3700004,-0.00098,-1,-1,-1,0,0,0,135,1,1,3,0.0001125,0.0042780,0.0920000,1,1,1,1
758619942058500 D 599,4031761339,1000,1545,1545,2.3700004,-0.00094,-1,-1,-1,0,0,0,136,1,1,3,0.0001125,0.0043710,0.0930000,1,1,1,1
758619943049791 D 600,4031762339,1000,1545,1545,2.3700004,-0.00090,-1,-1,-1,0,0,0,136,1,1,3,0.0001125,0.0044650,0.0940000,1,1,1,1
758619944043291 D 601,4031763339,1000,1545,1545,2.3700004,-0.00087,-1,-1,-1,0,0,0,136,1,1,3,0.0001125,0.0045600,0.0950000,1,1,1,1
758619945042166 D 602,4031764339,1000,1545,1545,2.3700004,-0.00083,-1,-1,-1,0,0,0,136,1,1,3,0.0001125,0.0046560,0.0960000,1,1,1,1
758619946096416 D 603,4031765339,1000,1545,1545,2.3700004,-0.00080,-1,-1,-1,0,0,0,136,1,1,4,0.0001500,0.0047530,0.0970000,1,1,1,1
758619947088750 D 604,4031766339,1000,1545,1545,2.3700004,-0.00077,-1,-1,-1,0,0,0,136,1,1,4,0.0001500,0.0048510,0.0980000,1,1,1,1
758619948079666 D 605,4031767339,1000,1545,1545,2.3700004,-0.00074,-1,-1,-1,0,0,0,135,1,1,4,0.0001500,0.0049500,0.0990000,1,1,1,1
758619949080291 D 606,4031768339,1000,1545,1545,2.3700004,-0.00071,-1,-1,-1,0,0,0,136,1,1,4,0.0001500,0.0050480,0.0980000,1,1,1,1
758619950080875 D 607,4031769339,1000,1545,1545,2.3700004,-0.00068,-1,-1,-1,0,0,0,136,1,1,4,0.0001500,0.0051450,0.0970000,1,1,1,1
758619951079291 D 608,4031770339,1000,1545,1545,2.3700004,-0.00065,-1,-1,-1,0,0,0,136,1,1,4,0.0001500,0.0052410,0.0960000,1,1,1,1
758619952084625 D 609,4031771339,1000,1545,1545,2.3700004,-0.00063,-1,-1,-1,0,0,0,136,1,1,4,0.0001500,0.0053360,0.0950000,1,1,1,1
758619953091791 D 610,4031772339,1000,1545,1545,2.3700004,-0.00060,-1,-1,-1,0,0,0,136,1,1,4,0.0001500,0.0054300,0.0940000,1,1,1,1
758619954081958 D 611,4031773339,1000,1545,1545,2.3700004,-0.00058,-1,-1,-1,0,0,0,136,1,1,5,0.0001875,0.0055230,0.0930000,1,1,1,1
758619955070708 D 612,4031774339,1000,1545,1545,2.3700004,-0.00056,-1,-1,-1,0,0,0,136,1,1,5,0.0001875,0.0056150,0.0920000,1,1,1,1
758619956079583 D 613,4031775339,1000,1545,1545,2.3700004,-0.00054,-1,-1,-1,0,0,0,136,1,1,5,0.0001875,0.0057060,0.0910000,1,1,1,1
758619957091875 D 614,4031776339,1000,1545,1545,2.3700004,-0.00051,-1,-1,-1,0,0,0,136,1,1,5,0.0001875,0.0057960,0.0900000,1,1,1,1
758619958086541 D 615,4031777339,1000,1545,1545,2.3700004,-0.00049,-1,-1,-1,0,0,0,136,1,1,5,0.0001875,0.0058850,0.0890000,1,1,1,1
758619959097208 D 616,4031778339,1000,1545,1545,2.3700004,-0.00048,-1,-1,-1,0,0,0,136,1,1,5,0.0001875,0.0059730,0.0880000,1,1,1,1
758619960118666 D 617,4031779339,1000,1545,1545,2.3700004,-0.00046,-1,-1,-1,0,0,0,136,1,1,6,0.0002250,0.0060600,0.0870000,1,1,1,1
758619961121458 D 618,4031780339,1000,1545,1545,2.3700004,-0.00044,-1,-1,-1,0,0,0,136,1,1,6,0.0002250,0.0061460,0.0860000,1,1,1,1
758619962136166 D 619,4031781339,1000,1545,1545,2.3700004,-0.00042,-1,-1,-1,0,0,0,136,1,1,6,0.0002250,0.0062310,0.0850000,1,1,1,1
758619963141875 D 620,4031782339,1000,1545,1545,2.3700004,-0.00041,-1,-1,-1,0,0,0,136,1,1,6,0.0002250,0.0063150,0.0840000,1,1,1,1
758619964125708 D 621,4031783339,1000,1545,1545,2.3700004,-0.00039,-1,-1,-1,0,0,0,136,1,1,6,0.0002250,0.0063980,0.0830000,1,1,1,1
758619965078500 D 622,4031784339,1000,1545,1545,2.3700004,-0.00037,-1,-1,-1,0,0,0,136,1,1,6,0.0002250,0.0064800,0.0820000,1,1,1,1
758619966106375 D 623,4031785339,1000,1545,1545,2.3700004,-0.00036,-1,-1,-1,0,0,0,136,1,1,7,0.0002625,0.0065610,0.0810000,1,1,1,1
758619967106875 D 624,4031786339,1000,1545,1545,2.3700004,-0.00035,-1,-1,-1,0,0,0,136,1,1,7,0.0002625,0.0066410,0.0800000,1,1,1,1
758619968270875 D 625,4031787339,1000,1545,1545,2.3700004,-0.00033,-1,-1,-1,0,0,0,136,1,1,7,0.0002625,0.0067200,0.0790000,1,1,1,1
758619969227416 D 626,4031788339,1000,1545,1545,2.3700004,-0.00032,-1,-1,-1,0,0,0,135,1,1,7,0.0002625,0.0068000,0.0800000,1,1,1,1
758619970206916 D 627,4031789339,1000,1545,1545,2.3700004,-0.00031,-1,-1,-1,0,0,0,136,1,1,7,0.0002625,0.0068790,0.0790000,1,1,1,1
758619971166083 D 628,4031790339,1000,1545,1545,2.3700004,-0.00029,-1,-1,-1,0,0,0,136,1,1,7,0.0002625,0.0069570,0.0780000,1,1,1,1
758619972181833 D 629,4031791339,1000,1545,1545,2.3700004,-0.00028,-1,-1,-1,0,0,0,136,1,1,8,0.0003000,0.0070340,0.0770000,1,1,1,1
758619972941666 D 630,4031792339,1000,1545,1545,2.3700004,-0.00027,-1,-1,-1,0,0,0,136,1,1,8,0.0003000,0.0071100,0.0760000,1,1,1,1
758619974179458 D 631,4031793339,1000,1545,1545,2.3700004,-0.00026,-1,-1,-1,0,0,0,136,1,1,8,0.0003000,0.0071850,0.0750000,1,1,1,1
758619975167125 D 632,4031794339,1000,1545,1545,2.3700004,-0.00025,-1,-1,-1,0,0,0,136,1,1,8,0.0003000,0.0072590,0.0740000,1,1,1,1
758619976190125 D 633,4031795339,1000,1545,1545,2.3700004,-0.00024,-1,-1,-1,0,0,0,136,1,1,8,0.0003000,0.0073320,0.0730000,1,1,1,1
758619977161000 D 634,4031796339,1000,1545,1545,2.3700004,-0.00023,-1,-1,-1,0,0,0,136,1,1,9,0.0003375,0.0074040,0.0720000,1,1,1,1
758619978008708 D 635,4031797339,1000,1545,1545,2.3700004,-0.00022,-1,-1,-1,0,0,0,136,1,1,9,0.0003375,0.0074750,0.0710000,1,1,1,1
758619979164041 D 636,4031798339,1000,1545,1545,2.3700004,-0.00021,-1,-1,-1,0,0,0,136,1,1,9,0.0003375,0.0075450,0.0700000,1,1,1,1
758619980187125 D 637,4031799339,1000,1545,1545,2.3700004,-0.00021,-1,-1,-1,0,0,0,136,1,1,9,0.0003375,0.0076140,0.0690000,1,1,1,1
758619981234416 D 638,4031800339,1000,1545,1545,2.3700004,-0.00020,-1,-1,-1,0,0,0,136,1,1,9,0.0003375,0.0076820,0.0680000,1,1,1,1
758619982221416 D 639,4031801339,1000,1545,1545,2.3700004,-0.00019,-1,-1,-1,0,0,0,136,1,1,10,0.0003750,0.0077490,0.0670000,1,1,1,1
758619983617833 D 640,4031802339,1000,1545,1545,2.3700004,-0.00018,39,126,2100,0,0,0,136,1,1,10,0.0003750,0.0078150,0.0660000,1,1,1,1
758619984125041 D 641,4031803339,1000,1545,1545,2.3700004,-0.00017,-1,-1,-1,0,0,0,136,1,1,10,0.0003750,0.0078800,0.0650000,1,1,1,1
758619985062583 D 642,4031804339,1000,1545,1545,2.3700004,-0.00017,-1,-1,-1,0,0,0,136,1,1,10,0.0003750,0.0079440,0.0640000,1,1,1,1
758619986052666 D 643,4031805339,1000,1545,1545,2.3700004,-0.00016,-1,-1,-1,0,0,0,136,1,1,10,0.0003750,0.0080070,0.0629999,1,1,1,1
758619987056375 D 644,4031806339,1000,1545,1545,2.3700004,-0.00016,-1,-1,-1,0,0,0,136,1,1,11,0.0004125,0.0080690,0.0620000,1,1,1,1
758619988046916 D 645,4031807339,1000,1545,1545,2.3700004,-0.00015,-1,-1,-1,0,0,0,136,1,1,11,0.0004125,0.0081300,0.0610000,1,1,1,1
758619989081875 D 646,4031808339,1000,1545,1545,2.3700004,-0.00014,-1,-1,-1,0,0,0,136,1,1,11,0.0004125,0.0081900,0.0600000,1,1,1,1
758619990067708 D 647,4031809339,1000,1545,1545,2.3700004,-0.00014,-1,-1,-1,0,0,0,136,1,1,11,0.0004125,0.0082490,0.0590000,1,1,1,1
758619991062791 D 648,4031810339,1000,1545,1545,2.3700004,-0.00013,-1,-1,-1,0,0,0,136,1,1,12,0.0004500,0.0083070,0.0580000,1,1,1,1
758619992059583 D 649,4031811339,1000,1545,1545,2.3700004,-0.00013,-1,-1,-1,0,0,0,136,1,1,12,0.0004500,0.0083640,0.0570000,1,1,1,1
758619993071250 D 650,4031812339,1000,1545,1545,2.3700004,-0.00012,-1,-1,-1,0,0,0,136,1,1,12,0.0004500,0.0084200,0.0560000,1,1,1,1
758619994079666 D 651,4031813339,1000,1545,1545,2.3700004,-0.00012,-1,-1,-1,0,0,0,136,1,1,12,0.0004500,0.0084750,0.0550000,1,1,1,1
758619995062291 D 652,4031814339,1000,1545,1545,2.3700004,-0.00011,-1,-1,-1,0,0,0,136,1,1,12,0.0004500,0.0085290,0.0540000,1,1,1,1
758619996175666 D 653,4031815339,1000,1545,1545,2.3700004,-0.00011,-1,-1,-1,0,0,0,136,1,1,13,0.0004875,0.0085820,0.0530000,1,1,1,1
758619997095416 D 654,4031816339,1000,1545,1545,2.3700004,-0.00010,-1,-1,-1,0,0,0,136,1,1,13,0.0004875,0.0086340,0.0520000,1,1,1,1
758619998088166 D 655,4031817339,1000,1545,1545,2.3700004,-0.00010,-1,-1,-1,0,0,0,136,1,1,13,0.0004875,0.0086850,0.0510000,1,1,1,1
758619999084291 D 656,4031818339,1000,1545,1545,2.3700004,-0.00010,-1,-1,-1,0,0,0,136,1,1,13,0.0004875,0.0087350,0.0500000,1,1,1,1
758620000129541 D 657,4031819339,1000,1545,1545,2.3700004,-0.00009,-1,-1,-1,0,0,0,136,1,1,14,0.0005250,0.0087840,0.0490000,1,1,1,1
758620001159291 D 658,4031820339,1000,1545,1545,2.3700004,-0.00009,-1,-1,-1,0,0,0,136,1,1,14,0.0005250,0.0088320,0.0480000,1,1,1,1
758620002279875 D 659,4031821339,1000,1545,1545,2.3700004,-0.00009,-1,-1,-1,0,0,0,136,1,1,14,0.0005250,0.0088790,0.0470000,1,1,1,1
758620003234875 D 660,4031822339,1000,1545,1545,2.3700004,-0.00008,-1,-1,-1,0,0,0,136,1,1,14,0.0005250,0.0089250,0.0460000,1,1,1,1
758620004250000 D 661,4031823339,1000,1545,1545,2.3700004,-0.00008,-1,-1,-1,0,0,0,136,1,1,15,0.0005625,0.0089700,0.0450000,1,1,1,1
758620005214416 D 662,4031824339,1000,1545,1545,2.3700004,-0.00008,-1,-1,-1,0,0,0,136,1,1,15,0.0005625,0.0090140,0.0440000,1,1,1,1
758620006175625 D 663,4031825339,1000,1545,1545,2.3700004,-0.00007,-1,-1,-1,0,0,0,136,1,1,15,0.0005625,0.0090570,0.0430000,1,1,1,1
758620007153833 D 664,4031826339,1000,1545,1545,2.3700004,-0.00007,-1,-1,-1,0,0,0,136,1,1,15,0.0005625,0.0090990,0.0420000,1,1,1,1
758620008155958 D 665,4031827339,1000,1545,1545,2.3700004,-0.00007,-1,-1,-1,0,0,0,136,1,1,15,0.0005625,0.0091400,0.0410000,1,1,1,1
758620009162416 D 666,4031828339,1000,1545,1545,2.3700004,-0.00006,-1,-1,-1,0,0,0,136,1,1,16,0.0006000,0.0091800,0.0400000,1,1,1,1
758620010226458 D 667,4031829339,1000,1545,1545,2.3700004,-0.00006,-1,-1,-1,0,0,0,136,1,1,16,0.0006000,0.0092190,0.0390000,1,1,1,1
758620011277583 D 668,4031830339,1000,1545,1545,2.3700004,-0.00006,-1,-1,-1,0,0,0,136,1,1,16,0.0006000,0.0092570,0.0380000,1,1,1,1
758620012274708 D 669,4031831339,1000,1545,1545,2.3700004,-0.00006,-1,-1,-1,0,0,0,136,1,1,16,0.0006000,0.0092940,0.0370000,1,1,1,1
758620013241916 D 670,4031832339,1000,1545,1545,2.3700004,-0.00005,-1,-1,-1,0,0,0,136,1,1,17,0.0006375,0.0093300,0.0360000,1,1,1,1
758620014230750 D 671,4031833339,1000,1545,1545,2.3700004,-0.00005,-1,-1,-1,0,0,0,136,1,1,17,0.0006375,0.0093650,0.0350000,1,1,1,1
758620015220583 D 672,4031834339,1000,1545,1545,2.3700004,-0.00005,-1,-1,-1,0,0,0,136,1,1,17,0.0006375,0.0093990,0.0340000,1,1,1,1
758620016200291 D 673,4031835339,1000,1545,1545,2.3700004,-0.00005,-1,-1,-1,0,0,0,136,1,1,17,0.0006375,0.0094320,0.0330000,1,1,1,1
758620017224458 D 674,4031836339,1000,1545,1545,2.3700004,-0.00005,-1,-1,-1,0,0,0,136,1,1,18,0.0006750,0.0094640,0.0320000,1,1,1,1
758620018250958 D 675,4031837339,1000,1545,1545,2.3700004,-0.00004,-1,-1,-1,0,0,0,136,1,1,18,0.0006750,0.0094950,0.0310000,1,1,1,1
758620019307708 D 676,4031838339,1000,1545,1545,2.3700004,-0.00004,-1,-1,-1,0,0,0,136,1,1,18,0.0006750,0.0095250,0.0300000,1,1,1,1
758620020306958 D 677,4031839339,1000,1545,1545,2.3700004,-0.00004,-1,-1,-1,0,0,0,136,1,1,18,0.0006750,0.0095540,0.0290000,1,1,1,1
758620021243291 D 678,4031840339,1000,1545,1545,2.3700004,-0.00004,-1,-1,-1,0,0,0,136,1,1,19,0.0007125,0.0095820,0.0280000,1,1,1,1
758620022363458 D 679,4031841339,1000,1545,1545,2.3700004,-0.00004,-1,-1,-1,0,0,0,136,1,1,19,0.0007125,0.0096090,0.0270000,1,1,1,1
758620023267833 D 680,4031842339,1000,1545,1545,2.3700004,-0.00004,-1,-1,-1,0,0,0,136,1,1,19,0.0007125,0.0096350,0.0260000,1,1,1,1
758620024220666 D 681,4031843339,1000,1545,1545,2.3700004,-0.00004,-1,-1,-1,0,0,0,136,1,1,19,0.0007125,0.0096600,0.0250000,1,1,1,1
758620025192125 D 682,4031844339,1000,1545,1545,2.3700004,-0.00003,-1,-1,-1,0,0,0,135,1,1,20,0.0007500,0.0096840,0.0240000,1,1,1,1
758620026215208 D 683,4031845339,1000,1545,1545,2.3700004,-0.00003,-1,-1,-1,0,0,0,136,1,1,20,0.0007500,0.0097070,0.0230000,1,1,1,1
758620027195916 D 684,4031846339,1000,1545,1545,2.3700004,-0.00003,-1,-1,-1,0,0,0,136,1,1,20,0.0007500,0.0097290,0.0220000,1,1,1,1
758620028177333 D 685,4031847339,1000,1545,1545,2.3700004,-0.00003,-1,-1,-1,0,0,0,136,1,1,21,0.0007875,0.0097500,0.0210000,1,1,1,1
758620029171333 D 686,4031848339,1000,1545,1545,2.3700004,-0.00003,-1,-1,-1,0,0,0,136,1,1,21,0.0007875,0.0097700,0.0200000,1,1,1,1
758620030179708 D 687,4031849339,1000,1545,1545,2.3700004,-0.00003,-1,-1,-1,0,0,0,136,1,1,21,0.0007875,0.0097890,0.0190000,1,1,1,1
758620031222416 D 688,4031850339,1000,1545,1545,2.3700004,-0.00003,-1,-1,-1,0,0,0,136,1,1,21,0.0007875,0.0098070,0.0180000,1,1,1,1
758620032202083 D 689,4031851339,1000,1545,1545,2.3700004,-0.00003,-1,-1,-1,0,0,0,136,1,1,22,0.0008250,0.0098240,0.0170000,1,1,1,1
758620033661125 D 690,4031852339,1000,1545,1545,2.3700004,-0.00002,39,126,2100,0,0,0,136,1,1,22,0.0008250,0.0098400,0.0160000,1,1,1,1
758620034313000 D 691,4031853339,1000,1545,1545,2.3700004,-0.00002,-1,-1,-1,0,0,0,136,1,1,22,0.0008250,0.0098550,0.0150000,1,1,1,1
758620035308833 D 692,4031854339,1000,1545,1545,2.3700004,-0.00002,-1,-1,-1,0,0,0,136,1,1,22,0.0008250,0.0098710,0.0160000,1,1,1,1
758620036320291 D 693,4031855339,1000,1545,1545,2.3700004,-0.00002,-1,-1,-1,0,0,0,136,1,1,23,0.0008625,0.0098860,0.0150000,1,1,1,1
758620037270583 D 694,4031856339,1000,1545,1545,2.3700004,-0.00002,-1,-1,-1,0,0,0,136,1,1,23,0.0008625,0.0099000,0.0140000,1,1,1,1
758620038244458 D 695,4031857339,1000,1545,1545,2.3700004,-0.00002,-1,-1,-1,0,0,0,136,1,1,23,0.0008625,0.0099130,0.0130000,1,1,1,1
758620039287333 D 696,4031858339,1000,1545,1545,2.3700004,-0.00002,-1,-1,-1,0,0,0,136,1,1,23,0.0008625,0.0099250,0.0120000,1,1,1,1
758620040325125 D 697,4031859339,1000,1545,1545,2.3700004,-0.00002,-1,-1,-1,0,0,0,136,1,1,24,0.0009000,0.0099360,0.0110000,1,1,1,1
758620041311000 D 698,4031860339,1000,1545,1545,2.3700004,-0.00002,-1,-1,-1,0,0,0,136,1,1,24,0.0009000,0.0099460,0.0100000,1,1,1,1
758620042321708 D 699,4031861339,1000,1545,1545,2.3700004,-0.00002,-1,-1,-1,0,0,0,136,1,1,24,0.0009000,0.0099550,0.0090000,1,1,1,1
758620043413875 D 700,4031862339,1000,1545,1545,2.3700004,-0.00002,-1,-1,-1,0,0,0,136,1,1,24,0.0009000,0.0099630,0.0080000,1,1,1,1
758620044441958 D 701,4031863339,1000,1545,1545,2.3700004,-0.00002,-1,-1,-1,0,0,0,136,1,1,25,0.0009375,0.0099700,0.0070000,1,1,1,1
758620045356041 D 702,4031864339,1000,1545,1545,2.3700004,-0.00002,-1,-1,-1,0,0,0,136,1,1,25,0.0009375,0.0099760,0.0060000,1,1,1,1
758620046371083 D 703,4031865339,1000,1545,1545,2.3700004,-0.00001,-1,-1,-1,0,0,0,136,1,1,25,0.0009375,0.0099810,0.0050000,1,1,1,1
758620047353375 D 704,4031866339,1000,1545,1545,2.3700004,-0.00001,-1,-1,-1,0,0,0,136,1,1,26,0.0009750,0.0099850,0.0040000,1,1,1,1
758620048300291 D 705,4031867339,1000,1545,1545,2.3700004,-0.00001,-1,-1,-1,0,0,0,136,1,1,26,0.0009750,0.0099880,0.0030000,1,1,1,1
758620049280708 D 706,4031868339,1000,1545,1545,2.3700004,-0.00001,-1,-1,-1,0,0,0,136,1,1,26,0.0009750,0.0099920,0.0040000,1,1,1,1
758620050338833 D 707,4031869339,1000,1545,1545,2.3700004,-0.00001,-1,-1,-1,0,0,0,136,1,1,26,0.0009750,0.0099950,0.0030000,1,1,1,1
758620051293458 D 708,4031870339,1000,1545,1545,2.3700004,-0.00001,-1,-1,-1,0,0,0,136,1,1,27,0.0010125,0.0099970,0.0020000,1,1,1,1
758620052275791 D 709,4031871339,1000,1545,1545,2.3700004,-0.00001,-1,-1,-1,0,0,0,136,1,1,27,0.0010125,0.0099980,0.0010000,1,1,1,1
758620053370791 D 710,4031872339,1000,1545,1545,2.3700004,-0.00001,-1,-1,-1,0,0,0,136,1,1,27,0.0010125,0.0099980,0.0000000,1,1,1,1
758620054241875 D 711,4031873339,1000,1545,1545,2.3700004,-0.00001,-1,-1,-1,0,0,0,136,1,1,27,0.0010125,0.0099990,0.0010000,1,1,1,1
758620055253291 D 712,4031874339,1000,1545,1545,2.3700004,-0.00001,-1,-1,-1,0,0,0,136,1,1,28,0.0010500,0.0099990,0.0000000,1,1,1,1
758620056247750 D 713,4031875339,1000,1545,1545,2.3700004,-0.00001,-1,-1,-1,0,0,0,136,1,1,28,0.0010500,0.0099990,0.0000000,1,1,1,1
758620057232250 D 714,4031876339,1000,1545,1545,2.3700004,-0.00001,-1,-1,-1,0,0,0,136,1,1,28,0.0010500,0.0099990,0.0000000,1,1,1,1
758620058247625 D 715,4031877339,1000,1545,1545,2.3700004,-0.00001,-1,-1,-1,0,0,0,136,1,1,28,0.0010500,0.0099990,0.0000000,1,1,1,1
758620059250625 D 716,4031878339,1000,1545,1545,2.3700004,-0.00001,-1,-1,-1,0,0,0,136,1,1,29,0.0010875,0.0099990,0.0000000,1,1,1,1
758620060235375 D 717,4031879339,1000,1545,1545,2.3700004,-0.00001,-1,-1,-1,0,0,0,136,1,1,29,0.0010875,0.0099990,0.0000000,1,1,1,1
758620061252791 D 718,4031880339,1000,1545,1545,2.3700004,-0.00001,-1,-1,-1,0,0,0,136,1,1,29,0.0010875,0.0099990,0.0000000,1,1,1,1
758620062270833 D 719,4031881339,1000,1545,1545,2.3700004,-0.00001,-1,-1,-1,0,0,0,136,1,1,30,0.0011250,0.0099990,0.0000000,1,1,1,1
758620063274750 D 720,4031882339,1000,1545,1545,2.3700004,-0.00001,-1,-1,-1,0,0,0,136,1,1,30,0.0011250,0.0099990,0.0000000,1,1,1,1
758620064254000 D 721,4031883339,1000,1545,1545,2.3700004,-0.00001,-1,-1,-1,0,0,0,136,1,1,30,0.0011250,0.0099990,0.0000000,1,1,1,1
758620065241750 D 722,4031884339,1000,1545,1545,2.3700004,-0.00001,-1,-1,-1,0,0,0,136,1,1,30,0.0011250,0.0099990,0.0000000,1,1,1,1
758620066253958 D 723,4031885339,1000,1545,1545,2.3700004,-0.00001,-1,-1,-1,0,0,0,136,1,1,31,0.0011625,0.0099990,0.0000000,1,1,1,1
758620067284750 D 724,4031886339,1000,1545,1545,2.3700004,-0.00001,-1,-1,-1,0,0,0,135,1,1,31,0.0011625,0.0099990,0.0000000,1,1,1,1
758620068280375 D 725,4031887339,1000,1545,1545,2.3700004,-0.00001,-1,-1,-1,0,0,0,136,1,1,31,0.0011625,0.0099990,0.0000000,1,1,1,1
758620069248000 D 726,4031888339,1000,1545,1545,2.3700004,-0.00001,-1,-1,-1,0,0,0,136,1,1,31,0.0011625,0.0099990,0.0000000,1,1,1,1
758620070272541 D 727,4031889339,1000,1545,1545,2.3700004,-0.00001,-1,-1,-1,0,0,0,136,1,1,32,0.0012000,0.0099990,0.0000000,1,1,1,1
758620071236333 D 728,4031890339,1000,1546,1546,2.3715343,0.06014,-1,-1,-1,0,0,0,136,1,1,32,0.0012000,0.0099990,0.0000000,1,1,1,1
758620072258916 D 729,4031891339,1000,1545,1545,2.3700004,-0.00236,-1,-1,-1,0,0,0,136,1,1,32,0.0012000,0.0099990,0.0000000,1,1,1,1
758620073242916 D 730,4031892339,1000,1545,1545,2.3700004,-0.00227,-1,-1,-1,0,0,0,136,1,1,32,0.0012000,0.0099990,0.0000000,1,1,1,1
758620074239625 D 731,4031893339,1000,1545,1545,2.3700004,-0.00218,-1,-1,-1,0,0,0,136,1,1,33,0.0012375,0.0099990,0.0000000,1,1,1,1
758620075242166 D 732,4031894339,1000,1545,1545,2.3700004,-0.00210,-1,-1,-1,0,0,0,136,1,1,33,0.0012375,0.0099990,0.0000000,1,1,1,1
758620076251958 D 733,4031895339,1000,1545,1545,2.3700004,-0.00201,-1,-1,-1,0,0,0,136,1,1,33,0.0012375,0.0099990,0.0000000,1,1,1,1
758620077269833 D 734,4031896339,1000,1545,1545,2.3700004,-0.00194,-1,-1,-1,0,0,0,136,1,1,34,0.0012750,0.0099990,0.0000000,1,1,1,1
758620078339250 D 735,4031897339,1000,1545,1545,2.3700004,-0.00186,-1,-1,-1,0,0,0,136,1,1,34,0.0012750,0.0099990,0.0000000,1,1,1,1
758620079426791 D 736,4031898339,1000,1545,1545,2.3700004,-0.00179,-1,-1,-1,0,0,0,136,1,1,34,0.0012750,0.0099990,0.0000000,1,1,1,1
758620080415083 D 737,4031899339,1000,1545,1545,2.3700004,-0.00172,-1,-1,-1,0,0,0,136,1,1,34,0.0012750,0.0099990,0.0000000,1,1,1,1
758620081320875 D 738,4031900339,1000,1545,1545,2.3700004,-0.00165,-1,-1,-1,0,0,0,136,1,1,35,0.0013125,0.0099990,0.0000000,1,1,1,1
758620082295291 D 739,4031901339,1000,1545,1545,2.3700004,-0.00158,-1,-1,-1,0,0,0,136,1,1,35,0.0013125,0.0099990,0.0000000,1,1,1,1
758620083696166 D 740,4031902339,1000,1545,1545,2.3700004,-0.00152,39,126,2100,0,0,0,136,1,1,35,0.0013125,0.0099990,0.0000000,1,1,1,1
758620084371750 D 741,4031903339,1000,1545,1545,2.3700004,-0.00146,-1,-1,-1,0,0,0,136,1,1,35,0.0013125,0.0099990,0.0000000,1,1,1,1
758620085276333 D 742,4031904339,1000,1545,1545,2.3700004,-0.00141,-1,-1,-1,0,0,0,136,1,1,36,0.0013500,0.0099990,0.0000000,1,1,1,1
758620086229416 D 743,4031905339,1000,1545,1545,2.3700004,-0.00135,-1,-1,-1,0,0,0,136,1,1,36,0.0013500,0.0099990,0.0000000,1,1,1,1
758620087232875 D 744,4031906339,1000,1545,1545,2.3700004,-0.00130,-1,-1,-1,0,0,0,136,1,1,36,0.0013500,0.0099990,0.0000000,1,1,1,1
758620088248916 D 745,4031907339,1000,1545,1545,2.3700004,-0.00125,-1,-1,-1,0,0,0,136,1,1,36,0.0013500,0.0099990,0.0000000,1,1,1,1
758620089250375 D 746,4031908339,1000,1545,1545,2.3700004,-0.00120,-1,-1,-1,0,0,0,136,1,1,37,0.0013875,0.0099990,0.0000000,1,1,1,1
758620090238708 D 747,4031909339,1000,1545,1545,2.3700004,-0.00115,-1,-1,-1,0,0,0,136,1,1,37,0.0013875,0.0099990,0.0000000,1,1,1,1
758620091259291 D 748,4031910339,1000,1545,1545,2.3700004,-0.00111,-1,-1,-1,0,0,0,136,1,1,37,0.0013875,0.0099990,0.0000000,1,1,1,1
758620092336958 D 749,4031911339,1000,1545,1545,2.3700004,-0.00106,-1,-1,-1,0,0,0,136,1,1,38,0.0014250,0.0099990,0.0000000,1,1,1,1
758620093441833 D 750,4031912339,1000,1545,1545,2.3700004,-0.00102,-1,-1,-1,0,0,0,136,1,1,38,0.0014250,0.0099990,0.0000000,1,1,1,1
758620094315875 D 751,4031913339,1000,1545,1545,2.3700004,-0.00098,-1,-1,-1,0,0,0,136,1,1,38,0.0014250,0.0099990,0.0000000,1,1,1,1
758620095333958 D 752,4031914339,1000,1546,1546,2.3715343,0.05921,-1,-1,-1,0,0,0,136,1,1,38,0.0014250,0.0099990,0.0000000,1,1,1,1
758620096268333 D 753,4031915339,1000,1545,1545,2.3700004,-0.00326,-1,-1,-1,0,0,0,136,1,1,39,0.0014625,0.0099990,0.0000000,1,1,1,1
758620097286875 D 754,4031916339,1000,1545,1545,2.3700004,-0.00314,-1,-1,-1,0,0,0,136,1,1,39,0.0014625,0.0099990,0.0000000,1,1,1,1
758620098292083 D 755,4031917339,1000,1545,1545,2.3700004,-0.00301,-1,-1,-1,0,0,0,136,1,1,39,0.0014625,0.0099990,0.0000000,1,1,1,1
758620099280250 D 756,4031918339,1000,1545,1545,2.3700004,-0.00289,-1,-1,-1,0,0,0,136,1,1,39,0.0014625,0.0099990,0.0000000,1,1,1,1
758620100314041 D 757,4031919339,1000,1545,1545,2.3700004,-0.00278,-1,-1,-1,0,0,0,136,1,1,40,0.0015000,0.0099990,0.0000000,1,1,1,1
758620101266416 D 758,4031920339,1000,1545,1545,2.3700004,-0.00267,-1,-1,-1,0,0,0,136,1,1,40,0.0015000,0.0099990,0.0000000,1,1,1,1
758620102271625 D 759,4031921339,1000,1545,1545,2.3700004,-0.00257,-1,-1,-1,0,0,0,136,1,1,40,0.0015000,0.0099990,0.0000000,1,1,1,1
758620103260458 D 760,4031922339,1000,1545,1545,2.3700004,-0.00247,-1,-1,-1,0,0,0,136,1,1,40,0.0015000,0.0099990,0.0000000,1,1,1,1
758620104239541 D 761,4031923339,1000,1545,1545,2.3700004,-0.00237,-1,-1,-1,0,0,0,136,1,1,41,0.0015375,0.0099990,0.0000000,1,1,1,1
758620105286291 D 762,4031924339,1000,1545,1545,2.3700004,-0.00228,-1,-1,-1,0,0,0,136,1,1,41,0.0015375,0.0099990,0.0000000,1,1,1,1
758620106289458 D 763,4031925339,1000,1545,1545,2.3700004,-0.00219,-1,-1,-1,0,0,0,136,1,1,41,0.0015375,0.0099990,0.0000000,1,1,1,1
758620107274166 D 764,4031926339,1000,1545,1545,2.3700004,-0.00210,-1,-1,-1,0,0,0,136,1,1,42,0.0015750,0.0099990,0.0000000,1,1,1,1
758620108236333 D 765,4031927339,1000,1545,1545,2.3700004,-0.00202,-1,-1,-1,0,0,0,136,1,1,42,0.0015750,0.0099990,0.0000000,1,1,1,1
758620109474250 D 766,4031928339,1000,1545,1545,2.3700004,-0.00194,-1,-1,-1,0,0,0,136,1,1,42,0.0015750,0.0099990,0.0000000,1,1,1,1
758620110488250 D 767,4031929339,1000,1546,1546,2.3715343,0.05828,-1,-1,-1,0,0,0,136,1,1,42,0.0015750,0.0099990,0.0000000,1,1,1,1
758620111406208 D 768,4031930339,1000,1545,1545,2.3700004,-0.00415,-1,-1,-1,0,0,0,136,1,1,43,0.0016125,0.0099990,0.0000000,1,1,1,1
758620112295041 D 769,4031931339,1000,1545,1545,2.3700004,-0.00399,-1,-1,-1,0,0,0,136,1,1,43,0.0016125,0.0099990,0.0000000,1,1,1,1
758620113452458 D 770,4031932339,1000,1545,1545,2.3700004,-0.00383,-1,-1,-1,0,0,0,136,1,1,43,0.0016125,0.0099990,0.0000000,1,1,1,1
758620114338916 D 771,4031933339,1000,1545,1545,2.3700004,-0.00368,-1,-1,-1,0,0,0,136,1,1,43,0.0016125,0.0099990,0.0000000,1,1,1,1
758620115279416 D 772,4031934339,1000,1545,1545,2.3700004,-0.00354,-1,-1,-1,0,0,0,136,1,1,44,0.0016500,0.0099990,0.0000000,1,1,1,1
758620116287166 D 773,4031935339,1000,1545,1545,2.3700004,-0.00340,-1,-1,-1,0,0,0,136,1,1,44,0.0016500,0.0099990,0.0000000,1,1,1,1
758620117269208 D 774,4031936339,1000,1545,1545,2.3700004,-0.00326,-1,-1,-1,0,0,0,136,1,1,44,0.0016500,0.0099990,0.0000000,1,1,1,1
758620118249166 D 775,4031937339,1000,1545,1545,2.3700004,-0.00314,-1,-1,-1,0,0,0,136,1,1,44,0.0016500,0.0099990,0.0000000,1,1,1,1
758620119267708 D 776,4031938339,1000,1545,1545,2.3700004,-0.00301,-1,-1,-1,0,0,0,136,1,1,45,0.0016875,0.0099990,0.0000000,1,1,1,1
758620120244875 D 777,4031939339,1000,1545,1545,2.3700004,-0.00289,-1,-1,-1,0,0,0,136,1,1,45,0.0016875,0.0099990,0.0000000,1,1,1,1
758620121235500 D 778,4031940339,1000,1545,1545,2.3700004,-0.00278,-1,-1,-1,0,0,0,136,1,1,45,0.0016875,0.0099990,0.0000000,1,1,1,1
758620122297500 D 779,4031941339,1000,1545,1545,2.3700004,-0.00267,-1,-1,-1,0,0,0,136,1,1,46,0.0017250,0.0099990,0.0000000,1,1,1,1
758620123251916 D 780,4031942339,1000,1545,1545,2.3700004,-0.00257,-1,-1,-1,0,0,0,136,1,1,46,0.0017250,0.0099990,0.0000000,1,1,1,1
758620124233625 D 781,4031943339,1000,1545,1545,2.3700004,-0.00247,-1,-1,-1,0,0,0,136,1,1,46,0.0017250,0.0099990,0.0000000,1,1,1,1
758620125238458 D 782,4031944339,1000,1545,1545,2.3700004,-0.00237,-1,-1,-1,0,0,0,136,1,1,46,0.0017250,0.0099990,0.0000000,1,1,1,1
758620126222875 D 783,4031945339,1000,1545,1545,2.3700004,-0.00228,-1,-1,-1,0,0,0,136,1,1,47,0.0017625,0.0099990,0.0000000,1,1,1,1
758620127238833 D 784,4031946339,1000,1545,1545,2.3700004,-0.00219,-1,-1,-1,0,0,0,136,1,1,47,0.0017625,0.0099990,0.0000000,1,1,1,1
758620128240375 D 785,4031947339,1000,1545,1545,2.3700004,-0.00210,-1,-1,-1,0,0,0,136,1,1,47,0.0017625,0.0099990,0.0000000,1,1,1,1
758620129218541 D 786,4031948339,1000,1545,1545,2.3700004,-0.00202,-1,-1,-1,0,0,0,136,1,1,47,0.0017625,0.0099990,0.0000000,1,1,1,1
758620130272625 D 787,4031949339,1000,1545,1545,2.3700004,-0.00194,-1,-1,-1,0,0,0,136,1,1,48,0.0018000,0.0099990,0.0000000,1,1,1,1
758620131254000 D 788,4031950339,1000,1545,1545,2.3700004,-0.00186,-1,-1,-1,0,0,0,136,1,1,48,0.0018000,0.0099990,0.0000000,1,1,1,1
758620132266333 D 789,4031951339,1000,1545,1545,2.3700004,-0.00179,-1,-1,-1,0,0,0,136,1,1,48,0.0018000,0.0099990,0.0000000,1,1,1,1
758620133644458 D 790,4031952339,1000,1545,1545,2.3700004,-0.00172,39,126,2101,0,0,0,136,1,1,49,0.0018375,0.0099990,0.0000000,1,1,1,1
758620134265875 D 791,4031953339,1000,1545,1545,2.3700004,-0.00165,-1,-1,-1,0,0,0,136,1,1,49,0.0018375,0.0099990,0.0000000,1,1,1,1
758620135227416 D 792,4031954339,1000,1545,1545,2.3700004,-0.00159,-1,-1,-1,0,0,0,136,1,1,49,0.0018375,0.0099990,0.0000000,1,1,1,1
758620136239375 D 793,4031955339,1000,1545,1545,2.3700004,-0.00153,-1,-1,-1,0,0,0,136,1,1,49,0.0018375,0.0099990,0.0000000,1,1,1,1
758620137224458 D 794,4031956339,1000,1545,1545,2.3700004,-0.00147,-1,-1,-1,0,0,0,136,1,1,50,0.0018750,0.0099990,0.0000000,1,1,1,1
758620138472625 D 795,4031957339,1000,1545,1545,2.3700004,-0.00141,-1,-1,-1,0,0,0,136,1,1,50,0.0018750,0.0099990,0.0000000,1,1,1,1
758620139461958 D 796,4031958339,1000,1545,1545,2.3700004,-0.00135,-1,-1,-1,0,0,0,136,1,1,50,0.0018750,0.0099990,0.0000000,1,1,1,1
758620140449666 D 797,4031959339,1000,1545,1545,2.3700004,-0.00130,-1,-1,-1,0,0,0,136,1,1,50,0.0018750,0.0099990,0.0000000,1,1,1,1
758620141235083 D 798,4031960339,1000,1545,1545,2.3700004,-0.00125,-1,-1,-1,0,0,0,136,1,1,51,0.0019125,0.0099990,0.0000000,1,1,1,1
758620142236083 D 799,4031961339,1000,1545,1545,2.3700004,-0.00120,-1,-1,-1,0,0,0,136,1,1,51,0.0019125,0.0099990,0.0000000,1,1,1,1
758620143249208 D 800,4031962339,1000,1545,1545,2.3700004,-0.00115,-1,-1,-1,0,0,0,136,1,1,51,0.0019125,0.0099990,0.0000000,1,1,1,1
758620144249958 D 801,4031963339,1000,1545,1545,2.3700004,-0.00111,-1,-1,-1,0,0,0,136,1,1,51,0.0019125,0.0099990,0.0000000,1,1,1,1
758620145252125 D 802,4031964339,1000,1545,1545,2.3700004,-0.00107,-1,-1,-1,0,0,0,136,1,1,52,0.0019500,0.0099990,0.0000000,1,1,1,1
758620146227375 D 803,4031965339,1000,1545,1545,2.3700004,-0.00102,-1,-1,-1,0,0,0,136,1,1,52,0.0019500,0.0099990,0.0000000,1,1,1,1
758620147252250 D 804,4031966339,1000,1545,1545,2.3700004,-0.00098,-1,-1,-1,0,0,0,136,1,1,52,0.0019500,0.0099990,0.0000000,1,1,1,1
758620148270208 D 805,4031967339,1000,1545,1545,2.3700004,-0.00094,-1,-1,-1,0,0,0,136,1,1,52,0.0019500,0.0099990,0.0000000,1,1,1,1
758620149231708 D 806,4031968339,1000,1545,1545,2.3700004,-0.00091,-1,-1,-1,0,0,0,136,1,1,53,0.0019875,0.0099990,0.0000000,1,1,1,1
758620150236750 D 807,4031969339,1000,1545,1545,2.3700004,-0.00087,-1,-1,-1,0,0,0,136,1,1,53,0.0019875,0.0099990,0.0000000,1,1,1,1
758620151225250 D 808,4031970339,1000,1545,1545,2.3700004,-0.00084,-1,-1,-1,0,0,0,135,1,1,53,0.0019875,0.0099990,0.0000000,1,1,1,1
758620152231166 D 809,4031971339,1000,1545,1545,2.3700004,-0.00080,-1,-1,-1,0,0,0,136,1,1,54,0.0020250,0.0099990,0.0000000,1,1,1,1
758620153221083 D 810,4031972339,1000,1545,1545,2.3700004,-0.00077,-1,-1,-1,0,0,0,136,1,1,54,0.0020250,0.0099990,0.0000000,1,1,1,1
758620154234583 D 811,4031973339,1000,1545,1545,2.3700004,-0.00074,-1,-1,-1,0,0,0,136,1,1,54,0.0020250,0.0099990,0.0000000,1,1,1,1
758620155229916 D 812,4031974339,1000,1545,1545,2.3700004,-0.00071,-1,-1,-1,0,0,0,136,1,1,54,0.0020250,0.0099990,0.0000000,1,1,1,1
758620156269166 D 813,4031975339,1000,1545,1545,2.3700004,-0.00069,-1,-1,-1,0,0,0,136,1,1,55,0.0020625,0.0099990,0.0000000,1,1,1,1
758620157256583 D 814,4031976339,1000,1545,1545,2.3700004,-0.00066,-1,-1,-1,0,0,0,136,1,1,55,0.0020625,0.0099990,0.0000000,1,1,1,1
758620158225708 D 815,4031977339,1000,1545,1545,2.3700004,-0.00063,-1,-1,-1,0,0,0,136,1,1,55,0.0020625,0.0099990,0.0000000,1,1,1,1
758620159233125 D 816,4031978339,1000,1545,1545,2.3700004,-0.00061,-1,-1,-1,0,0,0,136,1,1,55,0.0020625,0.0099990,0.0000000,1,1,1,1
758620160303916 D 817,4031979339,1000,1545,1545,2.3700004,-0.00058,-1,-1,-1,0,0,0,136,1,1,56,0.0021000,0.0099990,0.0000000,1,1,1,1
758620161284708 D 818,4031980339,1000,1545,1545,2.3700004,-0.00056,-1,-1,-1,0,0,0,136,1,1,56,0.0021000,0.0099990,0.0000000,1,1,1,1
758620162285791 D 819,4031981339,1000,1545,1545,2.3700004,-0.00054,-1,-1,-1,0,0,0,136,1,1,56,0.0021000,0.0099990,0.0000000,1,1,1,1
758620163295708 D 820,4031982339,1000,1545,1545,2.3700004,-0.00052,-1,-1,-1,0,0,0,136,1,1,56,0.0021000,0.0099990,0.0000000,1,1,1,1
758620164312750 D 821,4031983339,1000,1545,1545,2.3700004,-0.00050,-1,-1,-1,0,0,0,136,1,1,57,0.0021375,0.0099990,0.0000000,1,1,1,1
758620165271750 D 822,4031984339,1000,1545,1545,2.3700004,-0.00048,-1,-1,-1,0,0,0,136,1,1,57,0.0021375,0.0099990,0.0000000,1,1,1,1
758620166244291 D 823,4031985339,1000,1545,1545,2.3700004,-0.00046,-1,-1,-1,0,0,0,136,1,1,57,0.0021375,0.0099990,0.0000000,1,1,1,1
758620167232958 D 824,4031986339,1000,1545,1545,2.3700004,-0.00044,-1,-1,-1,0,0,0,136,1,1,58,0.0021750,0.0099990,0.0000000,1,1,1,1
758620168247916 D 825,4031987339,1000,1545,1545,2.3700004,-0.00042,-1,-1,-1,0,0,0,136,1,1,58,0.0021750,0.0099990,0.0000000,1,1,1,1
758620169231958 D 826,4031988339,1000,1545,1545,2.3700004,-0.00041,-1,-1,-1,0,0,0,136,1,1,58,0.0021750,0.0099990,0.0000000,1,1,1,1
758620170340916 D 827,4031989339,1000,1545,1545,2.3700004,-0.00039,-1,-1,-1,0,0,0,136,1,1,58,0.0021750,0.0099990,0.0000000,1,1,1,1
758620171263791 D 828,4031990339,1000,1545,1545,2.3700004,-0.00038,-1,-1,-1,0,0,0,136,1,1,59,0.0022125,0.0099990,0.0000000,1,1,1,1
758620172272000 D 829,4031991339,1000,1545,1545,2.3700004,-0.00036,-1,-1,-1,0,0,0,136,1,1,59,0.0022125,0.0099990,0.0000000,1,1,1,1
758620173286208 D 830,4031992339,1000,1545,1545,2.3700004,-0.00035,-1,-1,-1,0,0,0,136,1,1,59,0.0022125,0.0099990,0.0000000,1,1,1,1
758620174287833 D 831,4031993339,1000,1545,1545,2.3700004,-0.00033,-1,-1,-1,0,0,0,136,1,1,59,0.0022125,0.0099990,0.0000000,1,1,1,1
758620175434750 D 832,4031994339,1000,1545,1545,2.3700004,-0.00032,-1,-1,-1,0,0,0,136,1,1,60,0.0022500,0.0099990,0.0000000,1,1,1,1
758620176491000 D 833,4031995339,1000,1545,1545,2.3700004,-0.00031,-1,-1,-1,0,0,0,136,1,1,60,0.0022500,0.0099990,0.0000000,1,1,1,1
758620177490666 D 834,4031996339,1000,1545,1545,2.3700004,-0.00030,-1,-1,-1,0,0,0,136,1,1,60,0.0022500,0.0099990,0.0000000,1,1,1,1
758620178378083 D 835,4031997339,1000,1545,1545,2.3700004,-0.00028,-1,-1,-1,0,0,0,136,1,1,60,0.0022500,0.0099990,0.0000000,1,1,1,1
758620179218916 D 836,4031998339,1000,1545,1545,2.3700004,-0.00027,-1,-1,-1,0,0,0,136,1,1,61,0.0022875,0.0099990,0.0000000,1,1,1,1
758620180255541 D 837,4031999339,1000,1545,1545,2.3700004,-0.00026,-1,-1,-1,0,0,0,136,1,1,61,0.0022875,0.0099990,0.0000000,1,1,1,1
758620181245708 D 838,4032000339,1000,1545,1545,2.3700004,-0.00025,-1,-1,-1,0,0,0,136,1,1,61,0.0022875,0.0099990,0.0000000,1,1,1,1
758620182248875 D 839,4032001339,1000,1545,1545,2.3700004,-0.00024,-1,-1,-1,0,0,0,136,1,1,62,0.0023250,0.0099990,0.0000000,1,1,1,1
758620183618458 D 840,4032002339,1000,1545,1545,2.3700004,-0.00023,39,126,2100,0,0,0,136,1,1,62,0.0023250,0.0099990,0.0000000,1,1,1,1
758620184239041 D 841,4032003339,1000,1545,1545,2.3700004,-0.00022,-1,-1,-1,0,0,0,136,1,1,62,0.0023250,0.0099990,0.0000000,1,1,1,1
758620185232541 D 842,4032004339,1000,1545,1545,2.3700004,-0.00022,-1,-1,-1,0,0,0,136,1,1,62,0.0023250,0.0099990,0.0000000,1,1,1,1
758620186251083 D 843,4032005339,1000,1545,1545,2.3700004,-0.00021,-1,-1,-1,0,0,0,136,1,1,63,0.0023625,0.0099990,0.0000000,1,1,1,1
758620187230125 D 844,4032006339,1000,1545,1545,2.3700004,-0.00020,-1,-1,-1,0,0,0,136,1,1,63,0.0023625,0.0099990,0.0000000,1,1,1,1
758620188233583 D 845,4032007339,1000,1545,1545,2.3700004,-0.00019,-1,-1,-1,0,0,0,136,1,1,63,0.0023625,0.0099990,0.0000000,1,1,1,1
758620189251208 D 846,4032008339,1000,1545,1545,2.3700004,-0.00018,-1,-1,-1,0,0,0,136,1,1,63,0.0023625,0.0099990,0.0000000,1,1,1,1
758620190224041 D 847,4032009339,1000,1545,1545,2.3700004,-0.00018,-1,-1,-1,0,0,0,136,1,1,64,0.0024000,0.0099990,0.0000000,1,1,1,1
758620191228375 D 848,4032010339,1000,1545,1545,2.3700004,-0.00017,-1,-1,-1,0,0,0,136,1,1,64,0.0024000,0.0099990,0.0000000,1,1,1,1
758620192251041 D 849,4032011339,1000,1545,1545,2.3700004,-0.00016,-1,-1,-1,0,0,0,136,1,1,64,0.0024000,0.0099990,0.0000000,1,1,1,1
758620193223750 D 850,4032012339,1000,1545,1545,2.3700004,-0.00016,-1,-1,-1,0,0,0,136,1,1,64,0.0024000,0.0099990,0.0000000,1,1,1,1
758620194218750 D 851,4032013339,1000,1545,1545,2.3700004,-0.00015,-1,-1,-1,0,0,0,136,1,1,65,0.0024375,0.0099990,0.0000000,1,1,1,1
758620195249916 D 852,4032014339,1000,1545,1545,2.3700004,-0.00014,-1,-1,-1,0,0,0,136,1,1,65,0.0024375,0.0099990,0.0000000,1,1,1,1
758620196265583 D 853,4032015339,1000,1545,1545,2.3700004,-0.00014,-1,-1,-1,0,0,0,136,1,1,65,0.0024375,0.0099990,0.0000000,1,1,1,1
758620197237375 D 854,4032016339,1000,1545,1545,2.3700004,-0.00013,-1,-1,-1,0,0,0,136,1,1,66,0.0024750,0.0099990,0.0000000,1,1,1,1
758620198228708 D 855,4032017339,1000,1545,1545,2.3700004,-0.00013,-1,-1,-1,0,0,0,136,1,1,66,0.0024750,0.0099990,0.0000000,1,1,1,1
758620199226625 D 856,4032018339,1000,1545,1545,2.3700004,-0.00012,-1,-1,-1,0,0,0,136,1,1,66,0.0024750,0.0099990,0.0000000,1,1,1,1
758620200224541 D 857,4032019339,1000,1545,1545,2.3700004,-0.00012,-1,-1,-1,0,0,0,136,1,1,66,0.0024750,0.0099990,0.0000000,1,1,1,1
758620201250583 D 858,4032020339,1000,1545,1545,2.3700004,-0.00011,-1,-1,-1,0,0,0,136,1,1,67,0.0025125,0.0099990,0.0000000,1,1,1,1
758620202283583 D 859,4032021339,1000,1545,1545,2.3700004,-0.00011,-1,-1,-1,0,0,0,136,1,1,67,0.0025125,0.0099990,0.0000000,1,1,1,1
758620203260750 D 860,4032022339,1000,1545,1545,2.3700004,-0.00010,-1,-1,-1,0,0,0,136,1,1,67,0.0025125,0.0099990,0.0000000,1,1,1,1
758620204275791 D 861,4032023339,1000,1545,1545,2.3700004,-0.00010,-1,-1,-1,0,0,0,136,1,1,67,0.0025125,0.0099990,0.0000000,1,1,1,1
758620205478000 D 862,4032024339,1000,1545,1545,2.3700004,-0.00010,-1,-1,-1,0,0,0,136,1,1,68,0.0025500,0.0099990,0.0000000,1,1,1,1
758620206454833 D 863,4032025339,1000,1545,1545,2.3700004,-0.00009,-1,-1,-1,0,0,0,136,1,1,68,0.0025500,0.0099990,0.0000000,1,1,1,1
758620207501125 D 864,4032026339,1000,1545,1545,2.3700004,-0.00009,-1,-1,-1,0,0,0,136,1,1,68,0.0025500,0.0099990,0.0000000,1,1,1,1
758620208296958 D 865,4032027339,1000,1545,1545,2.3700004,-0.00009,-1,-1,-1,0,0,0,136,1,1,68,0.0025500,0.0099990,0.0000000,1,1,1,1
758620209241208 D 866,4032028339,1000,1545,1545,2.3700004,-0.00008,-1,-1,-1,0,0,0,136,1,1,69,0.0025875,0.0099990,0.0000000,1,1,1,1
758620210238666 D 867,4032029339,1000,1545,1545,2.3700004,-0.00008,-1,-1,-1,0,0,0,136,1,1,69,0.0025875,0.0099990,0.0000000,1,1,1,1
758620211233458 D 868,4032030339,1000,1545,1545,2.3700004,-0.00008,-1,-1,-1,0,0,0,136,1,1,69,0.0025875,0.0099990,0.0000000,1,1,1,1
758620212305458 D 869,4032031339,1000,1545,1545,2.3700004,-0.00007,-1,-1,-1,0,0,0,136,1,1,70,0.0026250,0.0099990,0.0000000,1,1,1,1
758620213307833 D 870,4032032339,1000,1545,1545,2.3700004,-0.00007,-1,-1,-1,0,0,0,136,1,1,70,0.0026250,0.0099990,0.0000000,1,1,1,1
758620214268708 D 871,4032033339,1000,1545,1545,2.3700004,-0.00007,-1,-1,-1,0,0,0,136,1,1,70,0.0026250,0.0099990,0.0000000,1,1,1,1
758620215257083 D 872,4032034339,1000,1545,1545,2.3700004,-0.00006,-1,-1,-1,0,0,0,136,1,1,70,0.0026250,0.0099990,0.0000000,1,1,1,1
758620216257416 D 873,4032035339,1000,1545,1545,2.3700004,-0.00006,-1,-1,-1,0,0,0,136,1,1,71,0.0026625,0.0099990,0.0000000,1,1,1,1
758620217243958 D 874,4032036339,1000,1545,1545,2.3700004,-0.00006,-1,-1,-1,0,0,0,136,1,1,71,0.0026625,0.0099990,0.0000000,1,1,1,1
758620218264125 D 875,4032037339,1000,1545,1545,2.3700004,-0.00006,-1,-1,-1,0,0,0,136,1,1,71,0.0026625,0.0099990,0.0000000,1,1,1,1
758620219261583 D 876,4032038339,1000,1545,1545,2.3700004,-0.00006,-1,-1,-1,0,0,0,136,1,1,71,0.0026625,0.0099990,0.0000000,1,1,1,1
758620220257791 D 877,4032039339,1000,1545,1545,2.3700004,-0.00005,-1,-1,-1,0,0,0,136,1,1,72,0.0027000,0.0099990,0.0000000,1,1,1,1
758620221237583 D 878,4032040339,1000,1545,1545,2.3700004,-0.00005,-1,-1,-1,0,0,0,136,1,1,72,0.0027000,0.0099990,0.0000000,1,1,1,1
758620222249416 D 879,4032041339,1000,1546,1546,2.3715343,0.06010,-1,-1,-1,0,0,0,136,1,1,72,0.0027000,0.0099990,0.0000000,1,1,1,1
758620223286083 D 880,4032042339,1000,1545,1545,2.3700004,-0.00241,-1,-1,-1,0,0,0,136,1,1,72,0.0027000,0.0099990,0.0000000,1,1,1,1
758620224263458 D 881,4032043339,1000,1545,1545,2.3700004,-0.00231,-1,-1,-1,0,0,0,136,1,1,73,0.0027375,0.0099990,0.0000000,1,1,1,1
758620225231125 D 882,4032044339,1000,1545,1545,2.3700004,-0.00222,-1,-1,-1,0,0,0,136,1,1,73,0.0027375,0.0099990,0.0000000,1,1,1,1
758620226229333 D 883,4032045339,1000,1545,1545,2.3700004,-0.00213,-1,-1,-1,0,0,0,136,1,1,73,0.0027375,0.0099990,0.0000000,1,1,1,1
758620227213208 D 884,4032046339,1000,1545,1545,2.3700004,-0.00205,-1,-1,-1,0,0,0,136,1,1,74,0.0027750,0.0099990,0.0000000,1,1,1,1
758620228216083 D 885,4032047339,1000,1545,1545,2.3700004,-0.00197,-1,-1,-1,0,0,0,136,1,1,74,0.0027750,0.0099990,0.0000000,1,1,1,1
758620229235250 D 886,4032048339,1000,1545,1545,2.3700004,-0.00189,-1,-1,-1,0,0,0,136,1,1,74,0.0027750,0.0099990,0.0000000,1,1,1,1
758620230254291 D 887,4032049339,1000,1545,1545,2.3700004,-0.00182,-1,-1,-1,0,0,0,136,1,1,74,0.0027750,0.0099990,0.0000000,1,1,1,1
758620231244916 D 888,4032050339,1000,1545,1545,2.3700004,-0.00175,-1,-1,-1,0,0,0,136,1,1,75,0.0028125,0.0099990,0.0000000,1,1,1,1
758620232242000 D 889,4032051339,1000,1545,1545,2.3700004,-0.00168,-1,-1,-1,0,0,0,136,1,1,75,0.0028125,0.0099990,0.0000000,1,1,1,1
758620233720250 D 890,4032052339,1000,1545,1545,2.3700004,-0.00161,39,126,2101,0,0,0,136,1,1,75,0.0028125,0.0099990,0.0000000,1,1,1,1
758620234343416 D 891,4032053339,1000,1545,1545,2.3700004,-0.00155,-1,-1,-1,0,0,0,136,1,1,75,0.0028125,0.0099990,0.0000000,1,1,1,1
758620235242166 D 892,4032054339,1000,1545,1545,2.3700004,-0.00149,-1,-1,-1,0,0,0,136,1,1,76,0.0028500,0.0099990,0.0000000,1,1,1,1
758620236232500 D 893,4032055339,1000,1545,1545,2.3700004,-0.00143,-1,-1,-1,0,0,0,136,1,1,76,0.0028500,0.0099990,0.0000000,1,1,1,1
758620237234208 D 894,4032056339,1000,1545,1545,2.3700004,-0.00137,-1,-1,-1,0,0,0,136,1,1,76,0.0028500,0.0099990,0.0000000,1,1,1,1
758620238220791 D 895,4032057339,1000,1545,1545,2.3700004,-0.00132,-1,-1,-1,0,0,0,136,1,1,76,0.0028500,0.0099990,0.0000000,1,1,1,1
758620239519666 D 896,4032058339,1000,1545,1545,2.3700004,-0.00127,-1,-1,-1,0,0,0,136,1,1,77,0.0028875,0.0099990,0.0000000,1,1,1,1
758620240493208 D 897,4032059339,1000,1545,1545,2.3700004,-0.00122,-1,-1,-1,0,0,0,136,1,1,77,0.0028875,0.0099990,0.0000000,1,1,1,1
758620241445500 D 898,4032060339,1000,1545,1545,2.3700004,-0.00117,-1,-1,-1,0,0,0,136,1,1,77,0.0028875,0.0099990,0.0000000,1,1,1,1
758620242231750 D 899,4032061339,1000,1545,1545,2.3700004,-0.00112,-1,-1,-1,0,0,0,135,1,1,78,0.0029250,0.0099990,0.0000000,1,1,1,1
758620243232625 D 900,4032062339,1000,1545,1545,2.3700004,-0.00108,-1,-1,-1,0,0,0,136,1,1,78,0.0029250,0.0099990,0.0000000,1,1,1,1
758620244233375 D 901,4032063339,1000,1545,1545,2.3700004,-0.00104,-1,-1,-1,0,0,0,136,1,1,78,0.0029250,0.0099990,0.0000000,1,1,1,1
758620245303083 D 902,4032064339,1000,1545,1545,2.3700004,-0.00100,-1,-1,-1,0,0,0,136,1,1,78,0.0029250,0.0099990,0.0000000,1,1,1,1
758620246281208 D 903,4032065339,1000,1545,1545,2.3700004,-0.00096,-1,-1,-1,0,0,0,136,1,1,79,0.0029625,0.0099990,0.0000000,1,1,1,1
758620247288625 D 904,4032066339,1000,1545,1545,2.3700004,-0.00092,-1,-1,-1,0,0,0,136,1,1,79,0.0029625,0.0099990,0.0000000,1,1,1,1
758620248243000 D 905,4032067339,1000,1545,1545,2.3700004,-0.00088,-1,-1,-1,0,0,0,136,1,1,79,0.0029625,0.0099990,0.0000000,1,1,1,1
758620249244916 D 906,4032068339,1000,1545,1545,2.3700004,-0.00085,-1,-1,-1,0,0,0,136,1,1,79,0.0029625,0.0099990,0.0000000,1,1,1,1
758620250257708 D 907,4032069339,1000,1545,1545,2.3700004,-0.00082,-1,-1,-1,0,0,0,136,1,1,80,0.0030000,0.0099990,0.0000000,1,1,1,1
758620251250708 D 908,4032070339,1000,1545,1545,2.3700004,-0.00078,-1,-1,-1,0,0,0,136,1,1,80,0.0030000,0.0099990,0.0000000,1,1,1,1
758620252228875 D 909,4032071339,1000,1545,1545,2.3700004,-0.00075,-1,-1,-1,0,0,0,136,1,1,80,0.0030000,0.0099990,0.0000000,1,1,1,1
758620253237458 D 910,4032072339,1000,1545,1545,2.3700004,-0.00072,-1,-1,-1,0,0,0,136,1,1,80,0.0030000,0.0099990,0.0000000,1,1,1,1
758620254241500 D 911,4032073339,1000,1545,1545,2.3700004,-0.00070,-1,-1,-1,0,0,0,136,1,1,81,0.0030375,0.0099990,0.0000000,1,1,1,1
758620255257083 D 912,4032074339,1000,1545,1545,2.3700004,-0.00067,-1,-1,-1,0,0,0,136,1,1,81,0.0030375,0.0099990,0.0000000,1,1,1,1
758620256239375 D 913,4032075339,1000,1545,1545,2.3700004,-0.00064,-1,-1,-1,0,0,0,136,1,1,81,0.0030375,0.0099990,0.0000000,1,1,1,1
758620257221125 D 914,4032076339,1000,1545,1545,2.3700004,-0.00062,-1,-1,-1,0,0,0,136,1,1,82,0.0030750,0.0099990,0.0000000,1,1,1,1
758620258231500 D 915,4032077339,1000,1545,1545,2.3700004,-0.00059,-1,-1,-1,0,0,0,136,1,1,82,0.0030750,0.0099990,0.0000000,1,1,1,1
758620259230250 D 916,4032078339,1000,1545,1545,2.3700004,-0.00057,-1,-1,-1,0,0,0,136,1,1,82,0.0030750,0.0099990,0.0000000,1,1,1,1
758620260239291 D 917,4032079339,1000,1545,1545,2.3700004,-0.00055,-1,-1,-1,0,0,0,136,1,1,82,0.0030750,0.0099990,0.0000000,1,1,1,1
758620261225791 D 918,4032080339,1000,1545,1545,2.3700004,-0.00053,-1,-1,-1,0,0,0,136,1,1,83,0.0031125,0.0099990,0.0000000,1,1,1,1
758620262226458 D 919,4032081339,1000,1545,1545,2.3700004,-0.00051,-1,-1,-1,0,0,0,136,1,1,83,0.0031125,0.0099990,0.0000000,1,1,1,1
758620263224333 D 920,4032082339,1000,1545,1545,2.3700004,-0.00049,-1,-1,-1,0,0,0,136,1,1,83,0.0031125,0.0099990,0.0000000,1,1,1,1
758620264232166 D 921,4032083339,1000,1545,1545,2.3700004,-0.00047,-1,-1,-1,0,0,0,136,1,1,83,0.0031125,0.0099990,0.0000000,1,1,1,1
758620265224416 D 922,4032084339,1000,1545,1545,2.3700004,-0.00045,-1,-1,-1,0,0,0,136,1,1,84,0.0031500,0.0099990,0.0000000,1,1,1,1
758620266245166 D 923,4032085339,1000,1545,1545,2.3700004,-0.00043,-1,-1,-1,0,0,0,136,1,1,84,0.0031500,0.0099990,0.0000000,1,1,1,1
758620267242458 D 924,4032086339,1000,1545,1545,2.3700004,-0.00041,-1,-1,-1,0,0,0,136,1,1,84,0.0031500,0.0099990,0.0000000,1,1,1,1
758620268220708 D 925,4032087339,1000,1545,1545,2.3700004,-0.00040,-1,-1,-1,0,0,0,136,1,1,84,0.0031500,0.0099990,0.0000000,1,1,1,1
758620269227708 D 926,4032088339,1000,1545,1545,2.3700004,-0.00038,-1,-1,-1,0,0,0,136,1,1,85,0.0031875,0.0099990,0.0000000,1,1,1,1
758620270374000 D 927,4032089339,1000,1545,1545,2.3700004,-0.00037,-1,-1,-1,0,0,0,136,1,1,85,0.0031875,0.0099990,0.0000000,1,1,1,1
758620271519208 D 928,4032090339,1000,1545,1545,2.3700004,-0.00035,-1,-1,-1,0,0,0,136,1,1,85,0.0031875,0.0099990,0.0000000,1,1,1,1
758620272466458 D 929,4032091339,1000,1545,1545,2.3700004,-0.00034,-1,-1,-1,0,0,0,136,1,1,86,0.0032250,0.0099990,0.0000000,1,1,1,1
758620273322333 D 930,4032092339,1000,1545,1545,2.3700004,-0.00033,-1,-1,-1,0,0,0,136,1,1,86,0.0032250,0.0099990,0.0000000,1,1,1,1
758620274238333 D 931,4032093339,1000,1545,1545,2.3700004,-0.00031,-1,-1,-1,0,0,0,136,1,1,86,0.0032250,0.0099990,0.0000000,1,1,1,1
758620275241000 D 932,4032094339,1000,1545,1545,2.3700004,-0.00030,-1,-1,-1,0,0,0,136,1,1,86,0.0032250,0.0099990,0.0000000,1,1,1,1
758620276251625 D 933,4032095339,1000,1545,1545,2.3700004,-0.00029,-1,-1,-1,0,0,0,136,1,1,87,0.0032625,0.0099990,0.0000000,1,1,1,1
758620277236416 D 934,4032096339,1000,1545,1545,2.3700004,-0.00028,-1,-1,-1,0,0,0,137,1,1,87,0.0032625,0.0099990,0.0000000,1,1,1,1
758620278226083 D 935,4032097339,1000,1545,1545,2.3700004,-0.00027,-1,-1,-1,0,0,0,136,1,1,87,0.0032625,0.0099990,0.0000000,1,1,1,1
758620279234666 D 936,4032098339,1000,1545,1545,2.3700004,-0.00026,-1,-1,-1,0,0,0,136,1,1,87,0.0032625,0.0099990,0.0000000,1,1,1,1
758620280234208 D 937,4032099339,1000,1545,1545,2.3700004,-0.00025,-1,-1,-1,0,0,0,136,1,1,88,0.0033000,0.0099990,0.0000000,1,1,1,1
758620281238041 D 938,4032100339,1000,1545,1545,2.3700004,-0.00024,-1,-1,-1,0,0,0,136,1,1,88,0.0033000,0.0099990,0.0000000,1,1,1,1
758620282280250 D 939,4032101339,1000,1545,1545,2.3700004,-0.00023,-1,-1,-1,0,0,0,136,1,1,88,0.0033000,0.0099990,0.0000000,1,1,1,1
758620283631583 D 940,4032102339,1000,1545,1545,2.3700004,-0.00022,39,126,2100,0,0,0,136,1,1,89,0.0033375,0.0099990,0.0000000,1,1,1,1
758620284254041 D 941,4032103339,1000,1545,1545,2.3700004,-0.00021,-1,-1,-1,0,0,0,136,1,1,89,0.0033375,0.0099990,0.0000000,1,1,1,1
758620285239750 D 942,4032104339,1000,1545,1545,2.3700004,-0.00020,-1,-1,-1,0,0,0,136,1,1,89,0.0033375,0.0099990,0.0000000,1,1,1,1
758620286249291 D 943,4032105339,1000,1545,1545,2.3700004,-0.00019,-1,-1,-1,0,0,0,136,1,1,89,0.0033375,0.0099990,0.0000000,1,1,1,1
758620287269458 D 944,4032106339,1000,1545,1545,2.3700004,-0.00019,-1,-1,-1,0,0,0,136,1,1,90,0.0033750,0.0099990,0.0000000,1,1,1,1
758620288234666 D 945,4032107339,1000,1545,1545,2.3700004,-0.00018,-1,-1,-1,0,0,0,136,1,1,90,0.0033750,0.0099990,0.0000000,1,1,1,1
758620289222458 D 946,4032108339,1000,1545,1545,2.3700004,-0.00017,-1,-1,-1,0,0,0,136,1,1,90,0.0033750,0.0099990,0.0000000,1,1,1,1
758620290232041 D 947,4032109339,1000,1545,1545,2.3700004,-0.00016,-1,-1,-1,0,0,0,136,1,1,90,0.0033750,0.0099990,0.0000000,1,1,1,1
758620291224791 D 948,4032110339,1000,1545,1545,2.3700004,-0.00016,-1,-1,-1,0,0,0,136,1,1,91,0.0034125,0.0099990,0.0000000,1,1,1,1
758620292253375 D 949,4032111339,1000,1545,1545,2.3700004,-0.00015,-1,-1,-1,0,0,0,136,1,1,91,0.0034125,0.0099990,0.0000000,1,1,1,1
758620293248833 D 950,4032112339,1000,1545,1545,2.3700004,-0.00015,-1,-1,-1,0,0,0,136,1,1,91,0.0034125,0.0099990,0.0000000,1,1,1,1
758620294223083 D 951,4032113339,1000,1545,1545,2.3700004,-0.00014,-1,-1,-1,0,0,0,136,1,1,91,0.0034125,0.0099990,0.0000000,1,1,1,1
758620295241500 D 952,4032114339,1000,1545,1545,2.3700004,-0.00014,-1,-1,-1,0,0,0,136,1,1,92,0.0034500,0.0099990,0.0000000,1,1,1,1
758620296252083 D 953,4032115339,1000,1545,1545,2.3700004,-0.00013,-1,-1,-1,0,0,0,136,1,1,92,0.0034500,0.0099990,0.0000000,1,1,1,1
758620297226041 D 954,4032116339,1000,1545,1545,2.3700004,-0.00012,-1,-1,-1,0,0,0,136,1,1,92,0.0034500,0.0099990,0.0000000,1,1,1,1
758620298258583 D 955,4032117339,1000,1545,1545,2.3700004,-0.00012,-1,-1,-1,0,0,0,136,1,1,92,0.0034500,0.0099990,0.0000000,1,1,1,1
758620299652458 D 956,4032118339,1000,1545,1545,2.3700004,-0.00012,-1,-1,-1,0,0,0,136,1,1,93,0.0034875,0.0099990,0.0000000,1,1,1,1
758620300302500 D 957,4032119339,1000,1545,1545,2.3700004,-0.00011,-1,-1,-1,0,0,0,136,1,1,93,0.0034875,0.0099990,0.0000000,1,1,1,1
758620301254625 D 958,4032120339,1000,1545,1545,2.3700004,-0.00011,-1,-1,-1,0,0,0,136,1,1,93,0.0034875,0.0099990,0.0000000,1,1,1,1
758620302244375 D 959,4032121339,1000,1545,1545,2.3700004,-0.00010,-1,-1,-1,0,0,0,136,1,1,94,0.0035250,0.0099990,0.0000000,1,1,1,1
758620303246541 D 960,4032122339,1000,1545,1545,2.3700004,-0.00010,-1,-1,-1,0,0,0,136,1,1,94,0.0035250,0.0099990,0.0000000,1,1,1,1
758620304483541 D 961,4032123339,1000,1545,1545,2.3700004,-0.00009,-1,-1,-1,0,0,0,136,1,1,94,0.0035250,0.0099990,0.0000000,1,1,1,1
758620305454666 D 962,4032124339,1000,1545,1545,2.3700004,-0.00009,-1,-1,-1,0,0,0,136,1,1,94,0.0035250,0.0099990,0.0000000,1,1,1,1
758620306450583 D 963,4032125339,1000,1545,1545,2.3700004,-0.00009,-1,-1,-1,0,0,0,136,1,1,95,0.0035625,0.0099990,0.0000000,1,1,1,1
758620307244000 D 964,4032126339,1000,1545,1545,2.3700004,-0.00008,-1,-1,-1,0,0,0,136,1,1,95,0.0035625,0.0099990,0.0000000,1,1,1,1
758620308217083 D 965,4032127339,1000,1545,1545,2.3700004,-0.00008,-1,-1,-1,0,0,0,136,1,1,95,0.0035625,0.0099990,0.0000000,1,1,1,1
758620309247000 D 966,4032128339,1000,1545,1545,2.3700004,-0.00008,-1,-1,-1,0,0,0,136,1,1,95,0.0035625,0.0099990,0.0000000,1,1,1,1
758620310214583 D 967,4032129339,1000,1545,1545,2.3700004,-0.00007,-1,-1,-1,0,0,0,136,1,1,96,0.0036000,0.0099990,0.0000000,1,1,1,1
758620311289166 D 968,4032130339,1000,1545,1545,2.3700004,-0.00007,-1,-1,-1,0,0,0,136,1,1,96,0.0036000,0.0099990,0.0000000,1,1,1,1
758620312259250 D 969,4032131339,1000,1545,1545,2.3700004,-0.00007,-1,-1,-1,0,0,0,136,1,1,96,0.0036000,0.0099990,0.0000000,1,1,1,1
758620313314083 D 970,4032132339,1000,1545,1545,2.3700004,-0.00007,-1,-1,-1,0,0,0,136,1,1,96,0.0036000,0.0099990,0.0000000,1,1,1,1
758620314278458 D 971,4032133339,1000,1545,1545,2.3700004,-0.00006,-1,-1,-1,0,0,0,136,1,1,97,0.0036375,0.0099990,0.0000000,1,1,1,1
758620315269208 D 972,4032134339,1000,1545,1545,2.3700004,-0.00006,-1,-1,-1,0,0,0,136,1,1,97,0.0036375,0.0099990,0.0000000,1,1,1,1
758620316251208 D 973,4032135339,1000,1545,1545,2.3700004,-0.00006,-1,-1,-1,0,0,0,136,1,1,97,0.0036375,0.0099990,0.0000000,1,1,1,1
758620317286083 D 974,4032136339,1000,1545,1545,2.3700004,-0.00006,-1,-1,-1,0,0,0,136,1,1,98,0.0036750,0.0099990,0.0000000,1,1,1,1
758620318242583 D 975,4032137339,1000,1545,1545,2.3700004,-0.00005,-1,-1,-1,0,0,0,136,1,1,98,0.0036750,0.0099990,0.0000000,1,1,1,1
758620319256125 D 976,4032138339,1000,1545,1545,2.3700004,-0.00005,-1,-1,-1,0,0,0,136,1,1,98,0.0036750,0.0099990,0.0000000,1,1,1,1
758620320245583 D 977,4032139339,1000,1545,1545,2.3700004,-0.00005,-1,-1,-1,0,0,0,136,1,1,98,0.0036750,0.0099990,0.0000000,1,1,1,1
758620321229791 D 978,4032140339,1000,1545,1545,2.3700004,-0.00005,-1,-1,-1,0,0,0,136,1,1,99,0.0037125,0.0099990,0.0000000,1,1,1,1
758620322245791 D 979,4032141339,1000,1545,1545,2.3700004,-0.00005,-1,-1,-1,0,0,0,136,1,1,99,0.0037125,0.0099990,0.0000000,1,1,1,1
758620323233416 D 980,4032142339,1000,1545,1545,2.3700004,-0.00004,-1,-1,-1,0,0,0,136,1,1,99,0.0037125,0.0099990,0.0000000,1,1,1,1
758620324273208 D 981,4032143339,1000,1545,1545,2.3700004,-0.00004,-1,-1,-1,0,0,0,136,1,1,99,0.0037125,0.0099990,0.0000000,1,1,1,1
758620325278208 D 982,4032144339,1000,1545,1545,2.3700004,-0.00004,-1,-1,-1,0,0,0,136,1,1,100,0.0037500,0.0099997,0.0007322,1,1,1,1
758620326240666 D 983,4032145339,1000,1545,1545,2.3700004,-0.00004,-1,-1,-1,0,0,0,136,1,1,100,0.0037500,0.0099997,0.0000000,1,1,1,1
758620327228125 D 984,4032146339,1000,1545,1545,2.3700004,-0.00004,-1,-1,-1,0,0,0,136,1,1,100,0.0037500,0.0100000,0.0002395,1,1,1,1
758620328223458 D 985,4032147339,1000,1546,1546,2.3715343,0.06011,-1,-1,-1,0,0,0,136,1,1,100,0.0037500,0.0100000,0.0000000,1,1,1,1
758620329234458 D 986,4032148339,1000,1545,1545,2.3700004,-0.00239,-1,-1,-1,0,0,0,136,1,1,101,0.0037875,0.0099990,-0.0010000,1,1,1,1
758620330331291 D 987,4032149339,1000,1545,1545,2.3700004,-0.00230,-1,-1,-1,0,0,0,136,1,1,101,0.0037875,0.0099970,-0.0020000,1,1,1,1
758620331339666 D 988,4032150339,1000,1545,1545,2.3700004,-0.00221,-1,-1,-1,0,0,0,136,1,1,101,0.0037875,0.0099940,-0.0030000,1,1,1,1
758620332385375 D 989,4032151339,1000,1545,1545,2.3700004,-0.00212,-1,-1,-1,0,0,0,136,1,1,102,0.0038250,0.0099900,-0.0040000,1,1,1,1
758620333785125 D 990,4032152339,1000,1545,1545,2.3700004,-0.00204,39,126,2103,0,0,0,136,1,1,102,0.0038250,0.0099850,-0.0050000,1,1,1,1
758620334446791 D 991,4032153339,1000,1545,1545,2.3700004,-0.00196,-1,-1,-1,0,0,0,136,1,1,102,0.0038250,0.0099790,-0.0060000,1,1,1,1
758620335375458 D 992,4032154339,1000,1545,1545,2.3700004,-0.00188,-1,-1,-1,0,0,0,136,1,1,102,0.0038250,0.0099720,-0.0070000,1,1,1,1
758620336328250 D 993,4032155339,1000,1545,1545,2.3700004,-0.00181,-1,-1,-1,0,0,0,136,1,1,103,0.0038625,0.0099640,-0.0080000,1,1,1,1
758620337287750 D 994,4032156339,1000,1545,1545,2.3700004,-0.00174,-1,-1,-1,0,0,0,136,1,1,103,0.0038625,0.0099550,-0.0090000,1,1,1,1
758620338290000 D 995,4032157339,1000,1545,1545,2.3700004,-0.00167,-1,-1,-1,0,0,0,136,1,1,103,0.0038625,0.0099450,-0.0100000,1,1,1,1
758620339280958 D 996,4032158339,1000,1545,1545,2.3700004,-0.00160,-1,-1,-1,0,0,0,136,1,1,103,0.0038625,0.0099340,-0.0110000,1,1,1,1
758620340465708 D 997,4032159339,1000,1545,1545,2.3700004,-0.00154,-1,-1,-1,0,0,0,136,1,1,104,0.0039000,0.0099220,-0.0120000,1,1,1,1
758620341289125 D 998,4032160339,1000,1545,1545,2.3700004,-0.00148,-1,-1,-1,0,0,0,136,1,1,104,0.0039000,0.0099090,-0.0130000,1,1,1,1
758620342389375 D 999,4032161339,1000,1545,1545,2.3700004,-0.00142,-1,-1,-1,0,0,0,136,1,1,104,0.0039000,0.0098950,-0.0140000,1,1,1,1
758620343346708 D 1000,4032162339,1000,1545,1545,2.3700004,-0.00137,-1,-1,-1,0,0,0,136,1,1,104,0.0039000,0.0098800,-0.0150000,1,1,1,1
758620344499333 D 1001,4032163339,1000,1545,1545,2.3700004,-0.00131,-1,-1,-1,0,0,0,136,1,1,105,0.0039375,0.0098640,-0.0160000,1,1,1,1
758620345303291 D 1002,4032164339,1000,1545,1545,2.3700004,-0.00126,-1,-1,-1,0,0,0,136,1,1,105,0.0039375,0.0098470,-0.0170000,1,1,1,1
758620346272708 D 1003,4032165339,1000,1545,1545,2.3700004,-0.00121,-1,-1,-1,0,0,0,136,1,1,105,0.0039375,0.0098290,-0.0180000,1,1,1,1
758620347097916 D 1004,4032166339,1000,1545,1545,2.3700004,-0.00116,-1,-1,-1,0,0,0,136,1,1,106,0.0039750,0.0098100,-0.0190000,1,1,1,1
758620348331208 D 1005,4032167339,1000,1545,1545,2.3700004,-0.00112,-1,-1,-1,0,0,0,136,1,1,106,0.0039750,0.0097900,-0.0200000,1,1,1,1
758620349331875 D 1006,4032168339,1000,1545,1545,2.3700004,-0.00108,-1,-1,-1,0,0,0,136,1,1,106,0.0039750,0.0097690,-0.0210000,1,1,1,1
758620350301000 D 1007,4032169339,1000,1545,1545,2.3700004,-0.00103,-1,-1,-1,0,0,0,136,1,1,106,0.0039750,0.0097470,-0.0220000,1,1,1,1
758620351358875 D 1008,4032170339,1000,1545,1545,2.3700004,-0.00099,-1,-1,-1,0,0,0,136,1,1,107,0.0040125,0.0097240,-0.0230000,1,1,1,1
758620352305666 D 1009,4032171339,1000,1545,1545,2.3700004,-0.00095,-1,-1,-1,0,0,0,136,1,1,107,0.0040125,0.0097000,-0.0240000,1,1,1,1
758620353270125 D 1010,4032172339,1000,1545,1545,2.3700004,-0.00092,-1,-1,-1,0,0,0,136,1,1,107,0.0040125,0.0096750,-0.0250000,1,1,1,1
758620354267583 D 1011,4032173339,1000,1545,1545,2.3700004,-0.00088,-1,-1,-1,0,0,0,136,1,1,107,0.0040125,0.0096490,-0.0260000,1,1,1,1
758620355135125 D 1012,4032174339,1000,1545,1545,2.3700004,-0.00085,-1,-1,-1,0,0,0,136,1,1,108,0.0040500,0.0096220,-0.0270000,1,1,1,1
758620356263375 D 1013,4032175339,1000,1545,1545,2.3700004,-0.00081,-1,-1,-1,0,0,0,136,1,1,108,0.0040500,0.0095940,-0.0280000,1,1,1,1
758620357257708 D 1014,4032176339,1000,1545,1545,2.3700004,-0.00078,-1,-1,-1,0,0,0,136,1,1,108,0.0040500,0.0095650,-0.0290000,1,1,1,1
758620358275375 D 1015,4032177339,1000,1545,1545,2.3700004,-0.00075,-1,-1,-1,0,0,0,136,1,1,108,0.0040500,0.0095350,-0.0300000,1,1,1,1
758620359257041 D 1016,4032178339,1000,1545,1545,2.3700004,-0.00072,-1,-1,-1,0,0,0,136,1,1,109,0.0040875,0.0095040,-0.0310000,1,1,1,1
758620360258916 D 1017,4032179339,1000,1545,1545,2.3700004,-0.00069,-1,-1,-1,0,0,0,136,1,1,109,0.0040875,0.0094720,-0.0320000,1,1,1,1
758620361277375 D 1018,4032180339,1000,1545,1545,2.3700004,-0.00067,-1,-1,-1,0,0,0,135,1,1,109,0.0040875,0.0094390,-0.0330000,1,1,1,1
758620362282625 D 1019,4032181339,1000,1545,1545,2.3700004,-0.00064,-1,-1,-1,0,0,0,136,1,1,109,0.0040875,0.0094050,-0.0340000,1,1,1,1
758620363271666 D 1020,4032182339,1000,1545,1545,2.3700004,-0.00061,-1,-1,-1,0,0,0,136,1,1,110,0.0041250,0.0093700,-0.0350000,1,1,1,1
758620364293250 D 1021,4032183339,1000,1545,1545,2.3700004,-0.00059,-1,-1,-1,0,0,0,136,1,1,110,0.0041250,0.0093340,-0.0360000,1,1,1,1
758620365291250 D 1022,4032184339,1000,1545,1545,2.3700004,-0.00057,-1,-1,-1,0,0,0,136,1,1,110,0.0041250,0.0092970,-0.0370000,1,1,1,1
758620366256708 D 1023,4032185339,1000,1545,1545,2.3700004,-0.00054,-1,-1,-1,0,0,0,136,1,1,110,0.0041250,0.0092590,-0.0380000,1,1,1,1
758620367278375 D 1024,4032186339,1000,1545,1545,2.3700004,-0.00052,-1,-1,-1,0,0,0,136,1,1,111,0.0041625,0.0092200,-0.0390000,1,1,1,1
758620368281583 D 1025,4032187339,1000,1545,1545,2.3700004,-0.00050,-1,-1,-1,0,0,0,136,1,1,111,0.0041625,0.0091800,-0.0400000,1,1,1,1
758620369261625 D 1026,4032188339,1000,1545,1545,2.3700004,-0.00048,-1,-1,-1,0,0,0,136,1,1,111,0.0041625,0.0091390,-0.0410000,1,1,1,1
758620370270416 D 1027,4032189339,1000,1545,1545,2.3700004,-0.00046,-1,-1,-1,0,0,0,136,1,1,111,0.0041625,0.0090970,-0.0420000,1,1,1,1
758620371272166 D 1028,4032190339,1000,1545,1545,2.3700004,-0.00045,-1,-1,-1,0,0,0,136,1,1,112,0.0042000,0.0090540,-0.0430000,1,1,1,1
758620372330791 D 1029,4032191339,1000,1545,1545,2.3700004,-0.00043,-1,-1,-1,0,0,0,136,1,1,112,0.0042000,0.0090100,-0.0440000,1,1,1,1
758620373593291 D 1030,4032192339,1000,1545,1545,2.3700004,-0.00041,-1,-1,-1,0,0,0,136,1,1,112,0.0042000,0.0089650,-0.0450000,1,1,1,1
758620374574208 D 1031,4032193339,1000,1545,1545,2.3700004,-0.00040,-1,-1,-1,0,0,0,136,1,1,112,0.0042000,0.0089190,-0.0460000,1,1,1,1
758620375493916 D 1032,4032194339,1000,1545,1545,2.3700004,-0.00038,-1,-1,-1,0,0,0,136,1,1,113,0.0042375,0.0088720,-0.0470000,1,1,1,1
758620376320208 D 1033,4032195339,1000,1545,1545,2.3700004,-0.00037,-1,-1,-1,0,0,0,136,1,1,113,0.0042375,0.0088240,-0.0480000,1,1,1,1
758620377250791 D 1034,4032196339,1000,1545,1545,2.3700004,-0.00035,-1,-1,-1,0,0,0,136,1,1,113,0.0042375,0.0087750,-0.0490000,1,1,1,1
758620378272625 D 1035,4032197339,1000,1545,1545,2.3700004,-0.00034,-1,-1,-1,0,0,0,136,1,1,113,0.0042375,0.0087250,-0.0500000,1,1,1,1
758620379272541 D 1036,4032198339,1000,1545,1545,2.3700004,-0.00032,-1,-1,-1,0,0,0,136,1,1,113,0.0042375,0.0086740,-0.0510000,1,1,1,1
758620380278416 D 1037,4032199339,1000,1545,1545,2.3700004,-0.00031,-1,-1,-1,0,0,0,136,1,1,114,0.0042750,0.0086220,-0.0520000,1,1,1,1
758620381254000 D 1038,4032200339,1000,1545,1545,2.3700004,-0.00030,-1,-1,-1,0,0,0,136,1,1,114,0.0042750,0.0085690,-0.0530000,1,1,1,1
758620382242916 D 1039,4032201339,1000,1545,1545,2.3700004,-0.00029,-1,-1,-1,0,0,0,135,1,1,114,0.0042750,0.0085150,-0.0540000,1,1,1,1
758620383626500 D 1040,4032202339,1000,1546,1546,2.3715343,0.05987,39,126,2101,0,0,0,136,1,1,114,0.0042750,0.0084600,-0.0550000,1,1,1,1
758620384259166 D 1041,4032203339,1000,1545,1545,2.3700004,-0.00262,-1,-1,-1,0,0,0,136,1,1,115,0.0043125,0.0084040,-0.0560000,1,1,1,1
758620385243458 D 1042,4032204339,1000,1545,1545,2.3700004,-0.00252,-1,-1,-1,0,0,0,136,1,1,115,0.0043125,0.0083470,-0.0570000,1,1,1,1
758620386240333 D 1043,4032205339,1000,1545,1545,2.3700004,-0.00242,-1,-1,-1,0,0,0,136,1,1,115,0.0043125,0.0082890,-0.0580000,1,1,1,1
758620387240791 D 1044,4032206339,1000,1545,1545,2.3700004,-0.00233,-1,-1,-1,0,0,0,136,1,1,115,0.0043125,0.0082300,-0.0590000,1,1,1,1
758620388241500 D 1045,4032207339,1000,1545,1545,2.3700004,-0.00224,-1,-1,-1,0,0,0,136,1,1,116,0.0043500,0.0081700,-0.0600000,1,1,1,1
758620389277000 D 1046,4032208339,1000,1545,1545,2.3700004,-0.00215,-1,-1,-1,0,0,0,136,1,1,116,0.0043500,0.0081090,-0.0610000,1,1,1,1
758620390253041 D 1047,4032209339,1000,1545,1545,2.3700004,-0.00206,-1,-1,-1,0,0,0,136,1,1,116,0.0043500,0.0080470,-0.0620000,1,1,1,1
758620391239500 D 1048,4032210339,1000,1545,1545,2.3700004,-0.00198,-1,-1,-1,0,0,0,136,1,1,116,0.0043500,0.0079840,-0.0629999,1,1,1,1
758620392243875 D 1049,4032211339,1000,1545,1545,2.3700004,-0.00191,-1,-1,-1,0,0,0,136,1,1,116,0.0043500,0.0079200,-0.0640000,1,1,1,1
758620393249000 D 1050,4032212339,1000,1545,1545,2.3700004,-0.00183,-1,-1,-1,0,0,0,136,1,1,117,0.0043875,0.0078550,-0.0650000,1,1,1,1
758620394253041 D 1051,4032213339,1000,1545,1545,2.3700004,-0.00176,-1,-1,-1,0,0,0,136,1,1,117,0.0043875,0.0077890,-0.0660000,1,1,1,1
758620395268958 D 1052,4032214339,1000,1545,1545,2.3700004,-0.00169,-1,-1,-1,0,0,0,136,1,1,117,0.0043875,0.0077220,-0.0670000,1,1,1,1
758620396291916 D 1053,4032215339,1000,1545,1545,2.3700004,-0.00162,-1,-1,-1,0,0,0,136,1,1,117,0.0043875,0.0076540,-0.0680000,1,1,1,1
758620397293125 D 1054,4032216339,1000,1545,1545,2.3700004,-0.00156,-1,-1,-1,0,0,0,136,1,1,117,0.0043875,0.0075850,-0.0690000,1,1,1,1
758620398233541 D 1055,4032217339,1000,1545,1545,2.3700004,-0.00150,-1,-1,-1,0,0,0,136,1,1,118,0.0044250,0.0075150,-0.0700000,1,1,1,1
758620399280166 D 1056,4032218339,1000,1545,1545,2.3700004,-0.00144,-1,-1,-1,0,0,0,136,1,1,118,0.0044250,0.0074440,-0.0710000,1,1,1,1
758620400241541 D 1057,4032219339,1000,1545,1545,2.3700004,-0.00138,-1,-1,-1,0,0,0,136,1,1,118,0.0044250,0.0073720,-0.0720000,1,1,1,1
758620401232458 D 1058,4032220339,1000,1545,1545,2.3700004,-0.00133,-1,-1,-1,0,0,0,136,1,1,118,0.0044250,0.0072990,-0.0730000,1,1,1,1
758620402248875 D 1059,4032221339,1000,1545,1545,2.3700004,-0.00128,-1,-1,-1,0,0,0,136,1,1,118,0.0044250,0.0072270,-0.0720000,1,1,1,1
758620403286333 D 1060,4032222339,1000,1545,1545,2.3700004,-0.00123,-1,-1,-1,0,0,0,135,1,1,119,0.0044625,0.0071540,-0.0730000,1,1,1,1
758620404267333 D 1061,4032223339,1000,1545,1545,2.3700004,-0.00118,-1,-1,-1,0,0,0,136,1,1,119,0.0044625,0.0070800,-0.0740000,1,1,1,1
758620405261125 D 1062,4032224339,1000,1545,1545,2.3700004,-0.00113,-1,-1,-1,0,0,0,136,1,1,119,0.0044625,0.0070070,-0.0730000,1,1,1,1
758620406243083 D 1063,4032225339,1000,1545,1545,2.3700004,-0.00109,-1,-1,-1,0,0,0,136,1,1,119,0.0044625,0.0069350,-0.0720000,1,1,1,1
758620407321833 D 1064,4032226339,1000,1545,1545,2.3700004,-0.00105,-1,-1,-1,0,0,0,136,1,1,119,0.0044625,0.0068640,-0.0710000,1,1,1,1
758620408259791 D 1065,4032227339,1000,1545,1545,2.3700004,-0.00100,-1,-1,-1,0,0,0,136,1,1,120,0.0045000,0.0067920,-0.0720000,1,1,1,1
758620409485708 D 1066,4032228339,1000,1545,1545,2.3700004,-0.00097,-1,-1,-1,0,0,0,136,1,1,120,0.0045000,0.0067190,-0.0730000,1,1,1,1
758620410471083 D 1067,4032229339,1000,1545,1545,2.3700004,-0.00093,-1,-1,-1,0,0,0,136,1,1,120,0.0045000,0.0066470,-0.0720000,1,1,1,1
758620411327916 D 1068,4032230339,1000,1545,1545,2.3700004,-0.00089,-1,-1,-1,0,0,0,136,1,1,120,0.0045000,0.0065760,-0.0710000,1,1,1,1
758620412282958 D 1069,4032231339,1000,1545,1545,2.3700004,-0.00086,-1,-1,-1,0,0,0,136,1,1,120,0.0045000,0.0065060,-0.0700000,1,1,1,1
758620413297375 D 1070,4032232339,1000,1545,1545,2.3700004,-0.00082,-1,-1,-1,0,0,0,136,1,1,120,0.0045000,0.0064370,-0.0690000,1,1,1,1
758620414305291 D 1071,4032233339,1000,1545,1545,2.3700004,-0.00079,-1,-1,-1,0,0,0,136,1,1,121,0.0045375,0.0063670,-0.0700000,1,1,1,1
758620415342750 D 1072,4032234339,1000,1545,1545,2.3700004,-0.00076,-1,-1,-1,0,0,0,136,1,1,121,0.0045375,0.0062960,-0.0710000,1,1,1,1
758620416277416 D 1073,4032235339,1000,1545,1545,2.3700004,-0.00073,-1,-1,-1,0,0,0,136,1,1,121,0.0045375,0.0062249,-0.0710621,1,1,1,1
758620417251041 D 1074,4032236339,1000,1545,1545,2.3700004,-0.00070,-1,-1,-1,0,0,0,136,1,1,121,0.0045375,0.0061548,-0.0700621,1,1,1,1
758620418261791 D 1075,4032237339,1000,1545,1545,2.3700004,-0.00067,-1,-1,-1,0,0,0,136,1,1,121,0.0045375,0.0060858,-0.0690621,1,1,1,1
758620419259625 D 1076,4032238339,1000,1545,1545,2.3700004,-0.00065,-1,-1,-1,0,0,0,136,1,1,121,0.0045375,0.0060177,-0.0680621,1,1,1,1
758620420288083 D 1077,4032239339,1000,1545,1545,2.3700004,-0.00062,-1,-1,-1,0,0,0,136,1,1,122,0.0045750,0.0059487,-0.0690621,1,1,1,1
758620421299375 D 1078,4032240339,1000,1545,1545,2.3700004,-0.00060,-1,-1,-1,0,0,0,136,1,1,122,0.0045750,0.0058786,-0.0700621,1,1,1,1
758620422259250 D 1079,4032241339,1000,1545,1545,2.3700004,-0.00057,-1,-1,-1,0,0,0,136,1,1,122,0.0045750,0.0058095,-0.0690621,1,1,1,1
758620423259916 D 1080,4032242339,1000,1545,1545,2.3700004,-0.00055,-1,-1,-1,0,0,0,136,1,1,122,0.0045750,0.0057415,-0.0680621,1,1,1,1
758620424246375 D 1081,4032243339,1000,1545,1545,2.3700004,-0.00053,-1,-1,-1,0,0,0,136,1,1,122,0.0045750,0.0056744,-0.0670621,1,1,1,1
758620425257416 D 1082,4032244339,1000,1545,1545,2.3700004,-0.00051,-1,-1,-1,0,0,0,136,1,1,122,0.0045750,0.0056084,-0.0660621,1,1,1,1
758620426272541 D 1083,4032245339,1000,1545,1545,2.3700004,-0.00049,-1,-1,-1,0,0,0,136,1,1,122,0.0045750,0.0055433,-0.0650621,1,1,1,1
758620427304833 D 1084,4032246339,1000,1545,1545,2.3700004,-0.00047,-1,-1,-1,0,0,0,136,1,1,123,0.0046125,0.0054772,-0.0660621,1,1,1,1
758620428274333 D 1085,4032247339,1000,1545,1545,2.3700004,-0.00045,-1,-1,-1,0,0,0,136,1,1,123,0.0046125,0.0054102,-0.0670621,1,1,1,1
758620429260416 D 1086,4032248339,1000,1545,1545,2.3700004,-0.00043,-1,-1,-1,0,0,0,136,1,1,123,0.0046125,0.0053441,-0.0660621,1,1,1,1
758620430264125 D 1087,4032249339,1000,1545,1545,2.3700004,-0.00042,-1,-1,-1,0,0,0,136,1,1,123,0.0046125,0.0052790,-0.0650621,1,1,1,1
758620431259416 D 1088,4032250339,1000,1546,1546,2.3715343,0.05975,-1,-1,-1,0,0,0,136,1,1,123,0.0046125,0.0052150,-0.0640621,1,1,1,1
758620432270291 D 1089,4032251339,1000,1545,1545,2.3700004,-0.00274,-1,-1,-1,0,0,0,136,1,1,123,0.0046125,0.0051519,-0.0630621,1,1,1,1
758620433640875 D 1090,4032252339,1000,1545,1545,2.3700004,-0.00264,39,126,2101,0,0,0,136,1,1,124,0.0046500,0.0050879,-0.0640621,1,1,1,1
758620434286458 D 1091,4032253339,1000,1545,1545,2.3700004,-0.00253,-1,-1,-1,0,0,0,136,1,1,124,0.0046500,0.0050228,-0.0650621,1,1,1,1
758620435268750 D 1092,4032254339,1000,1545,1545,2.3700004,-0.00243,-1,-1,-1,0,0,0,136,1,1,124,0.0046500,0.0049571,-0.0656827,1,1,1,1
758620436270666 D 1093,4032255339,1000,1545,1545,2.3700004,-0.00234,-1,-1,-1,0,0,0,136,1,1,124,0.0046500,0.0048924,-0.0646827,1,1,1,1
758620437266458 D 1094,4032256339,1000,1545,1545,2.3700004,-0.00225,-1,-1,-1,0,0,0,136,1,1,124,0.0046500,0.0048287,-0.0636827,1,1,1,1
758620438241458 D 1095,4032257339,1000,1545,1545,2.3700004,-0.00216,-1,-1,-1,0,0,0,136,1,1,124,0.0046500,0.0047661,-0.0626827,1,1,1,1
758620439244750 D 1096,4032258339,1000,1545,1545,2.3700004,-0.00207,-1,-1,-1,0,0,0,136,1,1,124,0.0046500,0.0047044,-0.0616827,1,1,1,1
758620440473250 D 1097,4032259339,1000,1545,1545,2.3700004,-0.00199,-1,-1,-1,0,0,0,136,1,1,124,0.0046500,0.0046437,-0.0606827,1,1,1,1
758620441467125 D 1098,4032260339,1000,1545,1545,2.3700004,-0.00191,-1,-1,-1,0,0,0,136,1,1,125,0.0046875,0.0045820,-0.0616827,1,1,1,1
758620442542000 D 1099,4032261339,1000,1545,1545,2.3700004,-0.00184,-1,-1,-1,0,0,0,136,1,1,125,0.0046875,0.0045193,-0.0626827,1,1,1,1
758620443355250 D 1100,4032262339,1000,1545,1545,2.3700004,-0.00177,-1,-1,-1,0,0,0,136,1,1,125,0.0046875,0.0044576,-0.0616827,1,1,1,1
758620444254333 D 1101,4032263339,1000,1545,1545,2.3700004,-0.00170,-1,-1,-1,0,0,0,136,1,1,125,0.0046875,0.0043970,-0.0606827,1,1,1,1
758620445261750 D 1102,4032264339,1000,1545,1545,2.3700004,-0.00163,-1,-1,-1,0,0,0,135,1,1,125,0.0046875,0.0043373,-0.0596827,1,1,1,1
758620446242208 D 1103,4032265339,1000,1545,1545,2.3700004,-0.00157,-1,-1,-1,0,0,0,136,1,1,125,0.0046875,0.0042786,-0.0586827,1,1,1,1
758620447304916 D 1104,4032266339,1000,1545,1545,2.3700004,-0.00151,-1,-1,-1,0,0,0,136,1,1,125,0.0046875,0.0042209,-0.0576827,1,1,1,1
758620448271041 D 1105,4032267339,1000,1545,1545,2.3700004,-0.00145,-1,-1,-1,0,0,0,136,1,1,125,0.0046875,0.0041642,-0.0566827,1,1,1,1
758620449299583 D 1106,4032268339,1000,1545,1545,2.3700004,-0.00139,-1,-1,-1,0,0,0,136,1,1,125,0.0046875,0.0041075,-0.0567016,1,1,1,1
758620450279291 D 1107,4032269339,1000,1545,1545,2.3700004,-0.00134,-1,-1,-1,0,0,0,136,1,1,126,0.0047250,0.0040498,-0.0577016,1,1,1,1
758620451241916 D 1108,4032270339,1000,1545,1545,2.3700004,-0.00128,-1,-1,-1,0,0,0,136,1,1,126,0.0047250,0.0039911,-0.0587016,1,1,1,1
758620452278125 D 1109,4032271339,1000,1545,1545,2.3700004,-0.00123,-1,-1,-1,0,0,0,136,1,1,126,0.0047250,0.0039323,-0.0588603,1,1,1,1
758620453265375 D 1110,4032272339,1000,1545,1545,2.3700004,-0.00118,-1,-1,-1,0,0,0,136,1,1,126,0.0047250,0.0038744,-0.0578603,1,1,1,1
758620454259791 D 1111,4032273339,1000,1545,1545,2.3700004,-0.00114,-1,-1,-1,0,0,0,136,1,1,126,0.0047250,0.0038175,-0.0568603,1,1,1,1
758620455249250 D 1112,4032274339,1000,1545,1545,2.3700004,-0.00109,-1,-1,-1,0,0,0,136,1,1,126,0.0047250,0.0037617,-0.0558603,1,1,1,1
758620456246000 D 1113,4032275339,1000,1545,1545,2.3700004,-0.00105,-1,-1,-1,0,0,0,136,1,1,126,0.0047250,0.0037068,-0.0548603,1,1,1,1
758620457247333 D 1114,4032276339,1000,1545,1545,2.3700004,-0.00101,-1,-1,-1,0,0,0,136,1,1,126,0.0047250,0.0036530,-0.0538603,1,1,1,1
758620458282750 D 1115,4032277339,1000,1545,1545,2.3700004,-0.00097,-1,-1,-1,0,0,0,136,1,1,126,0.0047250,0.0036001,-0.0528603,1,1,1,1
758620459296916 D 1116,4032278339,1000,1545,1545,2.3700004,-0.00093,-1,-1,-1,0,0,0,135,1,1,126,0.0047250,0.0035482,-0.0518603,1,1,1,1
758620460289541 D 1117,4032279339,1000,1545,1545,2.3700004,-0.00090,-1,-1,-1,0,0,0,136,1,1,127,0.0047625,0.0034954,-0.0528603,1,1,1,1
758620461324083 D 1118,4032280339,1000,1545,1545,2.3700004,-0.00086,-1,-1,-1,0,0,0,136,1,1,127,0.0047625,0.0034415,-0.0538603,1,1,1,1
758620462292791 D 1119,4032281339,1000,1545,1545,2.3700004,-0.00083,-1,-1,-1,0,0,0,136,1,1,127,0.0047625,0.0033870,-0.0545342,1,1,1,1
758620463270666 D 1120,4032282339,1000,1545,1545,2.3700004,-0.00079,-1,-1,-1,0,0,0,136,1,1,127,0.0047625,0.0033335,-0.0535342,1,1,1,1
758620464275500 D 1121,4032283339,1000,1545,1545,2.3700004,-0.00076,-1,-1,-1,0,0,0,136,1,1,127,0.0047625,0.0032809,-0.0525342,1,1,1,1
758620465251083 D 1122,4032284339,1000,1545,1545,2.3700004,-0.00073,-1,-1,-1,0,0,0,136,1,1,127,0.0047625,0.0032294,-0.0515343,1,1,1,1
758620466272833 D 1123,4032285339,1000,1545,1545,2.3700004,-0.00070,-1,-1,-1,0,0,0,136,1,1,127,0.0047625,0.0031789,-0.0505343,1,1,1,1
758620467240708 D 1124,4032286339,1000,1545,1545,2.3700004,-0.00068,-1,-1,-1,0,0,0,136,1,1,127,0.0047625,0.0031293,-0.0495343,1,1,1,1
758620468253458 D 1125,4032287339,1000,1545,1545,2.3700004,-0.00065,-1,-1,-1,0,0,0,136,1,1,127,0.0047625,0.0030808,-0.0485343,1,1,1,1
758620469272583 D 1126,4032288339,1000,1545,1545,2.3700004,-0.00062,-1,-1,-1,0,0,0,136,1,1,127,0.0047625,0.0030333,-0.0475343,1,1,1,1
758620470253625 D 1127,4032289339,1000,1545,1545,2.3700004,-0.00060,-1,-1,-1,0,0,0,136,1,1,127,0.0047625,0.0029867,-0.0465343,1,1,1,1
758620471261750 D 1128,4032290339,1000,1545,1545,2.3700004,-0.00058,-1,-1,-1,0,0,0,136,1,1,128,0.0048000,0.0029392,-0.0475343,1,1,1,1
758620472239291 D 1129,4032291339,1000,1545,1545,2.3700004,-0.00055,-1,-1,-1,0,0,0,136,1,1,128,0.0048000,0.0028906,-0.0485343,1,1,1,1
758620473276291 D 1130,4032292339,1000,1545,1545,2.3700004,-0.00053,-1,-1,-1,0,0,0,136,1,1,128,0.0048000,0.0028411,-0.0495343,1,1,1,1
758620474292250 D 1131,4032293339,1000,1545,1545,2.3700004,-0.00051,-1,-1,-1,0,0,0,136,1,1,128,0.0048000,0.0027926,-0.0485343,1,1,1,1
758620475273083 D 1132,4032294339,1000,1545,1545,2.3700004,-0.00049,-1,-1,-1,0,0,0,136,1,1,128,0.0048000,0.0027450,-0.0475343,1,1,1,1
758620476250625 D 1133,4032295339,1000,1545,1545,2.3700004,-0.00047,-1,-1,-1,0,0,0,136,1,1,128,0.0048000,0.0026985,-0.0465343,1,1,1,1
758620477255750 D 1134,4032296339,1000,1545,1545,2.3700004,-0.00045,-1,-1,-1,0,0,0,136,1,1,128,0.0048000,0.0026530,-0.0455343,1,1,1,1
758620478245708 D 1135,4032297339,1000,1545,1545,2.3700004,-0.00044,-1,-1,-1,0,0,0,136,1,1,128,0.0048000,0.0026084,-0.0445343,1,1,1,1
758620479385083 D 1136,4032298339,1000,1545,1545,2.3700004,-0.00042,-1,-1,-1,0,0,0,136,1,1,128,0.0048000,0.0025649,-0.0435343,1,1,1,1
758620480502791 D 1137,4032299339,1000,1545,1545,2.3700004,-0.00040,-1,-1,-1,0,0,0,135,1,1,128,0.0048000,0.0025224,-0.0425343,1,1,1,1
758620481489541 D 1138,4032300339,1000,1545,1545,2.3700004,-0.00039,-1,-1,-1,0,0,0,136,1,1,128,0.0048000,0.0024808,-0.0415343,1,1,1,1
758620482442458 D 1139,4032301339,1000,1545,1545,2.3700004,-0.00037,-1,-1,-1,0,0,0,136,1,1,128,0.0048000,0.0024403,-0.0405343,1,1,1,1
758620483678833 D 1140,4032302339,1000,1545,1545,2.3700004,-0.00036,39,126,2102,0,0,0,136,1,1,128,0.0048000,0.0024008,-0.0395343,1,1,1,1
758620484338750 D 1141,4032303339,1000,1545,1545,2.3700004,-0.00034,-1,-1,-1,0,0,0,136,1,1,128,0.0048000,0.0023622,-0.0385343,1,1,1,1
758620485264416 D 1142,4032304339,1000,1545,1545,2.3700004,-0.00033,-1,-1,-1,0,0,0,136,1,1,129,0.0048375,0.0023227,-0.0395343,1,1,1,1
758620486266375 D 1143,4032305339,1000,1545,1545,2.3700004,-0.00032,-1,-1,-1,0,0,0,136,1,1,129,0.0048375,0.0022822,-0.0405343,1,1,1,1
758620487252791 D 1144,4032306339,1000,1545,1545,2.3700004,-0.00030,-1,-1,-1,0,0,0,136,1,1,129,0.0048375,0.0022406,-0.0415343,1,1,1,1
758620488262291 D 1145,4032307339,1000,1545,1545,2.3700004,-0.00029,-1,-1,-1,0,0,0,136,1,1,129,0.0048375,0.0021982,-0.0423851,1,1,1,1
758620489312375 D 1146,4032308339,1000,1545,1545,2.3700004,-0.00028,-1,-1,-1,0,0,0,136,1,1,129,0.0048375,0.0021569,-0.0413851,1,1,1,1
758620490287916 D 1147,4032309339,1000,1545,1545,2.3700004,-0.00027,-1,-1,-1,0,0,0,136,1,1,129,0.0048375,0.0021165,-0.0403851,1,1,1,1
758620491253208 D 1148,4032310339,1000,1545,1545,2.3700004,-0.00026,-1,-1,-1,0,0,0,136,1,1,129,0.0048375,0.0020771,-0.0393851,1,1,1,1
758620492250875 D 1149,4032311339,1000,1545,1545,2.3700004,-0.00025,-1,-1,-1,0,0,0,136,1,1,129,0.0048375,0.0020387,-0.0383851,1,1,1,1
758620493262500 D 1150,4032312339,1000,1545,1545,2.3700004,-0.00024,-1,-1,-1,0,0,0,136,1,1,129,0.0048375,0.0020013,-0.0373851,1,1,1,1
758620494274250 D 1151,4032313339,1000,1545,1545,2.3700004,-0.00023,-1,-1,-1,0,0,0,136,1,1,129,0.0048375,0.0019649,-0.0363851,1,1,1,1
758620495345458 D 1152,4032314339,1000,1545,1545,2.3700004,-0.00022,-1,-1,-1,0,0,0,136,1,1,129,0.0048375,0.0019296,-0.0353852,1,1,1,1
758620496293958 D 1153,4032315339,1000,1545,1545,2.3700004,-0.00021,-1,-1,-1,0,0,0,136,1,1,129,0.0048375,0.0018952,-0.0343852,1,1,1,1
758620497275541 D 1154,4032316339,1000,1545,1545,2.3700004,-0.00020,-1,-1,-1,0,0,0,136,1,1,129,0.0048375,0.0018618,-0.0333852,1,1,1,1
758620498291458 D 1155,4032317339,1000,1545,1545,2.3700004,-0.00020,-1,-1,-1,0,0,0,136,1,1,129,0.0048375,0.0018294,-0.0323852,1,1,1,1
758620499273000 D 1156,4032318339,1000,1545,1545,2.3700004,-0.00019,-1,-1,-1,0,0,0,136,1,1,129,0.0048375,0.0017980,-0.0313852,1,1,1,1
758620500309500 D 1157,4032319339,1000,1545,1545,2.3700004,-0.00018,-1,-1,-1,0,0,0,136,1,1,129,0.0048375,0.0017676,-0.0303852,1,1,1,1
758620501284583 D 1158,4032320339,1000,1545,1545,2.3700004,-0.00017,-1,-1,-1,0,0,0,136,1,1,129,0.0048375,0.0017382,-0.0293852,1,1,1,1
758620502259125 D 1159,4032321339,1000,1545,1545,2.3700004,-0.00017,-1,-1,-1,0,0,0,136,1,1,129,0.0048375,0.0017099,-0.0283852,1,1,1,1
758620503290875 D 1160,4032322339,1000,1545,1545,2.3700004,-0.00016,-1,-1,-1,0,0,0,136,1,1,129,0.0048375,0.0016825,-0.0273852,1,1,1,1
758620504281166 D 1161,4032323339,1000,1545,1545,2.3700004,-0.00015,-1,-1,-1,0,0,0,136,1,1,130,0.0048750,0.0016541,-0.0283852,1,1,1,1
758620505280916 D 1162,4032324339,1000,1545,1545,2.3700004,-0.00015,-1,-1,-1,0,0,0,136,1,1,130,0.0048750,0.0016247,-0.0293852,1,1,1,1
758620506307625 D 1163,4032325339,1000,1545,1545,2.3700004,-0.00014,-1,-1,-1,0,0,0,136,1,1,130,0.0048750,0.0015943,-0.0303852,1,1,1,1
758620508265416 D 1164,4032326339,1000,1545,1545,2.3700004,-0.00014,-1,-1,-1,0,0,0,136,1,1,130,0.0048750,0.0015629,-0.0313852,1,1,1,1
758620509016208 D 1165,4032327339,1000,1545,1545,2.3700004,-0.00013,-1,-1,-1,0,0,0,135,1,1,130,0.0048750,0.0015305,-0.0323852,1,1,1,1
758620509748666 D 1166,4032328339,1000,1545,1545,2.3700004,-0.00013,-1,-1,-1,0,0,0,136,1,1,130,0.0048750,0.0014992,-0.0313852,1,1,1,1
758620510457208 D 1167,4032329339,1000,1545,1545,2.3700004,-0.00012,-1,-1,-1,0,0,0,136,1,1,130,0.0048750,0.0014688,-0.0303852,1,1,1,1
758620511419791 D 1168,4032330339,1000,1545,1545,2.3700004,-0.00012,-1,-1,-1,0,0,0,136,1,1,130,0.0048750,0.0014394,-0.0293852,1,1,1,1
758620512367125 D 1169,4032331339,1000,1545,1545,2.3700004,-0.00011,-1,-1,-1,0,0,0,136,1,1,130,0.0048750,0.0014110,-0.0283852,1,1,1,1
758620513316375 D 1170,4032332339,1000,1545,1545,2.3700004,-0.00011,-1,-1,-1,0,0,0,136,1,1,130,0.0048750,0.0013836,-0.0273852,1,1,1,1
758620514398666 D 1171,4032333339,1000,1545,1545,2.3700004,-0.00010,-1,-1,-1,0,0,0,136,1,1,130,0.0048750,0.0013572,-0.0263852,1,1,1,1
758620515385750 D 1172,4032334339,1000,1545,1545,2.3700004,-0.00010,-1,-1,-1,0,0,0,136,1,1,130,0.0048750,0.0013319,-0.0253852,1,1,1,1
758620516372833 D 1173,4032335339,1000,1545,1545,2.3700004,-0.00010,-1,-1,-1,0,0,0,136,1,1,130,0.0048750,0.0013075,-0.0243852,1,1,1,1
758620517310000 D 1174,4032336339,1000,1545,1545,2.3700004,-0.00009,-1,-1,-1,0,0,0,136,1,1,130,0.0048750,0.0012841,-0.0233852,1,1,1,1
758620518310500 D 1175,4032337339,1000,1545,1545,2.3700004,-0.00009,-1,-1,-1,0,0,0,136,1,1,130,0.0048750,0.0012617,-0.0223852,1,1,1,1
758620519336208 D 1176,4032338339,1000,1545,1545,2.3700004,-0.00008,-1,-1,-1,0,0,0,136,1,1,130,0.0048750,0.0012403,-0.0213852,1,1,1,1
758620520349166 D 1177,4032339339,1000,1545,1545,2.3700004,-0.00008,-1,-1,-1,0,0,0,136,1,1,130,0.0048750,0.0012199,-0.0203852,1,1,1,1
758620521384000 D 1178,4032340339,1000,1545,1545,2.3700004,-0.00008,-1,-1,-1,0,0,0,136,1,1,130,0.0048750,0.0012005,-0.0193852,1,1,1,1
758620522304083 D 1179,4032341339,1000,1545,1545,2.3700004,-0.00007,-1,-1,-1,0,0,0,136,1,1,130,0.0048750,0.0011822,-0.0183852,1,1,1,1
758620523303166 D 1180,4032342339,1000,1545,1545,2.3700004,-0.00007,-1,-1,-1,0,0,0,136,1,1,130,0.0048750,0.0011648,-0.0173852,1,1,1,1
758620524319666 D 1181,4032343339,1000,1545,1545,2.3700004,-0.00007,-1,-1,-1,0,0,0,136,1,1,130,0.0048750,0.0011484,-0.0163852,1,1,1,1
758620525285166 D 1182,4032344339,1000,1545,1545,2.3700004,-0.00007,-1,-1,-1,0,0,0,136,1,1,130,0.0048750,0.0011330,-0.0153852,1,1,1,1
758620526274750 D 1183,4032345339,1000,1545,1545,2.3700004,-0.00006,-1,-1,-1,0,0,0,136,1,1,130,0.0048750,0.0011186,-0.0143852,1,1,1,1
758620527358416 D 1184,4032346339,1000,1545,1545,2.3700004,-0.00006,-1,-1,-1,0,0,0,136,1,1,130,0.0048750,0.0011042,-0.0144347,1,1,1,1
758620528303583 D 1185,4032347339,1000,1545,1545,2.3700004,-0.00006,-1,-1,-1,0,0,0,136,1,1,130,0.0048750,0.0010907,-0.0134347,1,1,1,1
758620529372208 D 1186,4032348339,1000,1545,1545,2.3700004,-0.00006,-1,-1,-1,0,0,0,136,1,1,130,0.0048750,0.0010783,-0.0124347,1,1,1,1
758620530492333 D 1187,4032349339,1000,1545,1545,2.3700004,-0.00005,-1,-1,-1,0,0,0,136,1,1,130,0.0048750,0.0010669,-0.0114347,1,1,1,1
758620531359041 D 1188,4032350339,1000,1545,1545,2.3700004,-0.00005,-1,-1,-1,0,0,0,136,1,1,130,0.0048750,0.0010564,-0.0104347,1,1,1,1
758620532465916 D 1189,4032351339,1000,1545,1545,2.3700004,-0.00005,-1,-1,-1,0,0,0,136,1,1,130,0.0048750,0.0010470,-0.0094347,1,1,1,1
758620533908708 D 1190,4032352339,1000,1545,1545,2.3700004,-0.00005,39,126,2100,0,0,0,136,1,1,131,0.0049125,0.0010366,-0.0104347,1,1,1,1
758620534719875 D 1191,4032353339,1000,1545,1545,2.3700004,-0.00005,-1,-1,-1,0,0,0,136,1,1,131,0.0049125,0.0010251,-0.0114347,1,1,1,1
758620535358333 D 1192,4032354339,1000,1545,1545,2.3700004,-0.00004,-1,-1,-1,0,0,0,136,1,1,131,0.0049125,0.0010127,-0.0124347,1,1,1,1
758620535896791 E 4032355408 MOVE_DONE 1
758620536467291 D 1193,4032355339,1000,1545,1545,2.3700004,-0.00004,-1,-1,-1,0,0,0,136,1,1,131,0.0049125,0.0000000,0.0000000,1,0,1,1
758620537282333 D 1194,4032356339,1000,1545,1545,2.3700004,-0.00004,-1,-1,-1,0,0,0,136,1,1,131,0.0049125,0.0000000,0.0000000,1,0,1,1
758620543505583 D 1195,4032357339,1000,1545,1545,2.3700004,-0.00004,-1,-1,-1,0,0,0,136,1,1,131,0.0049125,0.0000000,0.0000000,1,0,1,1
758620543934958 D 1196,4032358339,1000,1545,1545,2.3700004,-0.00004,-1,-1,-1,0,0,0,136,1,1,131,0.0049125,0.0000000,0.0000000,1,0,1,1
758620544323750 D 1197,4032359339,1000,1545,1545,2.3700004,-0.00004,-1,-1,-1,0,0,0,136,1,1,131,0.0049125,0.0000000,0.0000000,1,0,1,1
758620544686625 D 1198,4032360339,1000,1545,1545,2.3700004,-0.00004,-1,-1,-1,0,0,0,136,1,1,131,0.0049125,0.0000000,0.0000000,1,0,1,1
758620545086000 D 1199,4032361339,1000,1545,1545,2.3700004,-0.00003,-1,-1,-1,0,0,0,136,1,1,131,0.0049125,0.0000000,0.0000000,1,0,1,1
758620545498416 D 1200,4032362339,1000,1545,1545,2.3700004,-0.00003,-1,-1,-1,0,0,0,136,1,1,131,0.0049125,0.0000000,0.0000000,1,0,1,1
758620545861208 D 1201,4032363339,1000,1545,1545,2.3700004,-0.00003,-1,-1,-1,0,0,0,136,1,1,131,0.0049125,0.0000000,0.0000000,1,0,1,1
758620546156958 D 1202,4032364339,1000,1545,1545,2.3700004,-0.00003,-1,-1,-1,0,0,0,136,1,1,131,0.0049125,0.0000000,0.0000000,1,0,1,1
758620546454958 D 1203,4032365339,1000,1545,1545,2.3700004,-0.00003,-1,-1,-1,0,0,0,136,1,1,131,0.0049125,0.0000000,0.0000000,1,0,1,1
758620547155416 D 1204,4032366339,1000,1545,1545,2.3700004,-0.00003,-1,-1,-1,0,0,0,136,1,1,131,0.0049125,0.0000000,0.0000000,1,0,1,1
758620548166625 D 1205,4032367339,1000,1545,1545,2.3700004,-0.00003,-1,-1,-1,0,0,0,136,1,1,131,0.0049125,0.0000000,0.0000000,1,0,1,1
758620549019958 D 1206,4032368339,1000,1545,1545,2.3700004,-0.00003,-1,-1,-1,0,0,0,136,1,1,131,0.0049125,0.0000000,0.0000000,1,0,1,1
758620550145041 D 1207,4032369339,1000,1545,1545,2.3700004,-0.00002,-1,-1,-1,0,0,0,136,1,1,131,0.0049125,0.0000000,0.0000000,1,0,1,1
758620551093916 D 1208,4032370339,1000,1545,1545,2.3700004,-0.00002,-1,-1,-1,0,0,0,136,1,1,131,0.0049125,0.0000000,0.0000000,1,0,1,1
758620552249833 D 1209,4032371339,1000,1545,1545,2.3700004,-0.00002,-1,-1,-1,0,0,0,136,1,1,131,0.0049125,0.0000000,0.0000000,1,0,1,1
758620553175250 D 1210,4032372339,1000,1545,1545,2.3700004,-0.00002,-1,-1,-1,0,0,0,136,1,1,131,0.0049125,0.0000000,0.0000000,1,0,1,1
758620553997166 D 1211,4032373339,1000,1545,1545,2.3700004,-0.00002,-1,-1,-1,0,0,0,136,1,1,131,0.0049125,0.0000000,0.0000000,1,0,1,1
758620555187875 D 1212,4032374339,1000,1545,1545,2.3700004,-0.00002,-1,-1,-1,0,0,0,136,1,1,131,0.0049125,0.0000000,0.0000000,1,0,1,1
758620556162291 D 1213,4032375339,1000,1545,1545,2.3700004,-0.00002,-1,-1,-1,0,0,0,136,1,1,131,0.0049125,0.0000000,0.0000000,1,0,1,1
758620557227791 D 1214,4032376339,1000,1545,1545,2.3700004,-0.00002,-1,-1,-1,0,0,0,136,1,1,131,0.0049125,0.0000000,0.0000000,1,0,1,1
758620558209250 D 1215,4032377339,1000,1545,1545,2.3700004,-0.00002,-1,-1,-1,0,0,0,136,1,1,131,0.0049125,0.0000000,0.0000000,1,0,1,1
758620559138000 D 1216,4032378339,1000,1545,1545,2.3700004,-0.00002,-1,-1,-1,0,0,0,136,1,1,131,0.0049125,0.0000000,0.0000000,1,0,1,1
758620560010166 D 1217,4032379339,1000,1545,1545,2.3700004,-0.00002,-1,-1,-1,0,0,0,136,1,1,131,0.0049125,0.0000000,0.0000000,1,0,1,1
758620561269916 D 1218,4032380339,1000,1545,1545,2.3700004,-0.00002,-1,-1,-1,0,0,0,136,1,1,131,0.0049125,0.0000000,0.0000000,1,0,1,1
758620562067208 D 1219,4032381339,1000,1545,1545,2.3700004,-0.00002,-1,-1,-1,0,0,0,136,1,1,131,0.0049125,0.0000000,0.0000000,1,0,1,1
758620563210541 D 1220,4032382339,1000,1545,1545,2.3700004,-0.00001,-1,-1,-1,0,0,0,136,1,1,131,0.0049125,0.0000000,0.0000000,1,0,1,1
758620564200541 D 1221,4032383339,1000,1545,1545,2.3700004,-0.00001,-1,-1,-1,0,0,0,136,1,1,131,0.0049125,0.0000000,0.0000000,1,0,1,1
758620565199458 D 1222,4032384339,1000,1545,1545,2.3700004,-0.00001,-1,-1,-1,0,0,0,136,1,1,131,0.0049125,0.0000000,0.0000000,1,0,1,1
758620566186333 D 1223,4032385339,1000,1545,1545,2.3700004,-0.00001,-1,-1,-1,0,0,0,136,1,1,131,0.0049125,0.0000000,0.0000000,1,0,1,1
758620567294041 D 1224,4032386339,1000,1545,1545,2.3700004,-0.00001,-1,-1,-1,0,0,0,136,1,1,131,0.0049125,0.0000000,0.0000000,1,0,1,1
758620568114000 D 1225,4032387339,1000,1545,1545,2.3700004,-0.00001,-1,-1,-1,0,0,0,136,1,1,131,0.0049125,0.0000000,0.0000000,1,0,1,1
758620569114166 D 1226,4032388339,1000,1545,1545,2.3700004,-0.00001,-1,-1,-1,0,0,0,136,1,1,131,0.0049125,0.0000000,0.0000000,1,0,1,1
758620570088666 D 1227,4032389339,1000,1545,1545,2.3700004,-0.00001,-1,-1,-1,0,0,0,136,1,1,131,0.0049125,0.0000000,0.0000000,1,0,1,1
758620571033166 D 1228,4032390339,1000,1545,1545,2.3700004,-0.00001,-1,-1,-1,0,0,0,136,1,1,131,0.0049125,0.0000000,0.0000000,1,0,1,1
758620572031500 D 1229,4032391339,1000,1545,1545,2.3700004,-0.00001,-1,-1,-1,0,0,0,136,1,1,131,0.0049125,0.0000000,0.0000000,1,0,1,1
758620573067541 D 1230,4032392339,1000,1545,1545,2.3700004,-0.00001,-1,-1,-1,0,0,0,136,1,1,131,0.0049125,0.0000000,0.0000000,1,0,1,1
758620574068500 D 1231,4032393339,1000,1545,1545,2.3700004,-0.00001,-1,-1,-1,0,0,0,136,1,1,131,0.0049125,0.0000000,0.0000000,1,0,1,1
758620575066166 D 1232,4032394339,1000,1545,1545,2.3700004,-0.00001,-1,-1,-1,0,0,0,136,1,1,131,0.0049125,0.0000000,0.0000000,1,0,1,1
758620576070041 D 1233,4032395339,1000,1545,1545,2.3700004,-0.00001,-1,-1,-1,0,0,0,136,1,1,131,0.0049125,0.0000000,0.0000000,1,0,1,1
758620577140916 D 1234,4032396339,1000,1545,1545,2.3700004,-0.00001,-1,-1,-1,0,0,0,136,1,1,131,0.0049125,0.0000000,0.0000000,1,0,1,1
758620578150958 D 1235,4032397339,1000,1545,1545,2.3700004,-0.00001,-1,-1,-1,0,0,0,136,1,1,131,0.0049125,0.0000000,0.0000000,1,0,1,1
758620579211916 D 1236,4032398339,1000,1545,1545,2.3700004,-0.00001,-1,-1,-1,0,0,0,136,1,1,131,0.0049125,0.0000000,0.0000000,1,0,1,1
758620580154791 D 1237,4032399339,1000,1545,1545,2.3700004,-0.00001,-1,-1,-1,0,0,0,136,1,1,131,0.0049125,0.0000000,0.0000000,1,0,1,1
758620581069291 D 1238,4032400339,1000,1545,1545,2.3700004,-0.00001,-1,-1,-1,0,0,0,136,1,1,131,0.0049125,0.0000000,0.0000000,1,0,1,1
758620582115583 D 1239,4032401339,1000,1545,1545,2.3700004,-0.00001,-1,-1,-1,0,0,0,136,1,1,131,0.0049125,0.0000000,0.0000000,1,0,1,1
758620583520833 D 1240,4032402339,1000,1545,1545,2.3700004,-0.00001,39,126,2100,0,0,0,136,1,1,131,0.0049125,0.0000000,0.0000000,1,0,1,1
758620584120125 D 1241,4032403339,1000,1545,1545,2.3700004,-0.00001,-1,-1,-1,0,0,0,136,1,1,131,0.0049125,0.0000000,0.0000000,1,0,1,1
758620585120500 D 1242,4032404339,1000,1545,1545,2.3700004,-0.00001,-1,-1,-1,0,0,0,136,1,1,131,0.0049125,0.0000000,0.0000000,1,0,1,1
758620586048875 D 1243,4032405339,1000,1545,1545,2.3700004,-0.00001,-1,-1,-1,0,0,0,136,1,1,131,0.0049125,0.0000000,0.0000000,1,0,1,1
758620587160833 D 1244,4032406339,1000,1545,1545,2.3700004,-0.00001,-1,-1,-1,0,0,0,136,1,1,131,0.0049125,0.0000000,0.0000000,1,0,1,1
758620588128041 D 1245,4032407339,1000,1545,1545,2.3700004,-0.00001,-1,-1,-1,0,0,0,136,1,1,131,0.0049125,0.0000000,0.0000000,1,0,1,1
758620589105541 D 1246,4032408339,1000,1545,1545,2.3700004,-0.00001,-1,-1,-1,0,0,0,136,1,1,131,0.0049125,0.0000000,0.0000000,1,0,1,1
758620590099666 D 1247,4032409339,1000,1545,1545,2.3700004,-0.00000,-1,-1,-1,0,0,0,136,1,1,131,0.0049125,0.0000000,0.0000000,1,0,1,1
758620591147666 D 1248,4032410339,1000,1545,1545,2.3700004,-0.00000,-1,-1,-1,0,0,0,136,1,1,131,0.0049125,0.0000000,0.0000000,1,0,1,1
758620592126416 D 1249,4032411339,1000,1545,1545,2.3700004,-0.00000,-1,-1,-1,0,0,0,136,1,1,131,0.0049125,0.0000000,0.0000000,1,0,1,1
758620593145166 D 1250,4032412339,1000,1545,1545,2.3700004,-0.00000,-1,-1,-1,0,0,0,136,1,1,131,0.0049125,0.0000000,0.0000000,1,0,1,1
758620594032958 D 1251,4032413339,1000,1545,1545,2.3700004,-0.00000,-1,-1,-1,0,0,0,136,1,1,131,0.0049125,0.0000000,0.0000000,1,0,1,1
758620594989041 D 1252,4032414339,1000,1545,1545,2.3700004,-0.00000,-1,-1,-1,0,0,0,136,1,1,131,0.0049125,0.0000000,0.0000000,1,0,1,1
758620595992625 D 1253,4032415339,1000,1545,1545,2.3700004,-0.00000,-1,-1,-1,0,0,0,136,1,1,131,0.0049125,0.0000000,0.0000000,1,0,1,1
758620596974625 D 1254,4032416339,1000,1545,1545,2.3700004,-0.00000,-1,-1,-1,0,0,0,136,1,1,131,0.0049125,0.0000000,0.0000000,1,0,1,1
758620598122500 D 1255,4032417339,1000,1545,1545,2.3700004,-0.00000,-1,-1,-1,0,0,0,136,1,1,131,0.0049125,0.0000000,0.0000000,1,0,1,1
758620599105125 D 1256,4032418339,1000,1546,1546,2.3715343,0.06014,-1,-1,-1,0,0,0,135,1,1,131,0.0049125,0.0000000,0.0000000,1,0,1,1
758620600120375 D 1257,4032419339,1000,1545,1545,2.3700004,-0.00236,-1,-1,-1,0,0,0,136,1,1,131,0.0049125,0.0000000,0.0000000,1,0,1,1
758620601257583 D 1258,4032420339,1000,1545,1545,2.3700004,-0.00227,-1,-1,-1,0,0,0,136,1,1,131,0.0049125,0.0000000,0.0000000,1,0,1,1
758620602137958 D 1259,4032421339,1000,1545,1545,2.3700004,-0.00218,-1,-1,-1,0,0,0,136,1,1,131,0.0049125,0.0000000,0.0000000,1,0,1,1
758620603234791 D 1260,4032422339,1000,1545,1545,2.3700004,-0.00209,-1,-1,-1,0,0,0,136,1,1,131,0.0049125,0.0000000,0.0000000,1,0,1,1
758620604227416 D 1261,4032423339,1000,1545,1545,2.3700004,-0.00201,-1,-1,-1,0,0,0,136,1,1,131,0.0049125,0.0000000,0.0000000,1,0,1,1
758620605182250 D 1262,4032424339,1000,1545,1545,2.3700004,-0.00193,-1,-1,-1,0,0,0,136,1,1,131,0.0049125,0.0000000,0.0000000,1,0,1,1
758620606136041 D 1263,4032425339,1000,1545,1545,2.3700004,-0.00186,-1,-1,-1,0,0,0,136,1,1,131,0.0049125,0.0000000,0.0000000,1,0,1,1
758620607084458 D 1264,4032426339,1000,1545,1545,2.3700004,-0.00178,-1,-1,-1,0,0,0,136,1,1,131,0.0049125,0.0000000,0.0000000,1,0,1,1
758620608176500 D 1265,4032427339,1000,1545,1545,2.3700004,-0.00171,-1,-1,-1,0,0,0,136,1,1,131,0.0049125,0.0000000,0.0000000,1,0,1,1
758620608979041 D 1266,4032428339,1000,1545,1545,2.3700004,-0.00165,-1,-1,-1,0,0,0,136,1,1,131,0.0049125,0.0000000,0.0000000,1,0,1,1
758620610233708 D 1267,4032429339,1000,1545,1545,2.3700004,-0.00158,-1,-1,-1,0,0,0,136,1,1,131,0.0049125,0.0000000,0.0000000,1,0,1,1
758620611217708 D 1268,4032430339,1000,1545,1545,2.3700004,-0.00152,-1,-1,-1,0,0,0,136,1,1,131,0.0049125,0.0000000,0.0000000,1,0,1,1
758620612155916 D 1269,4032431339,1000,1546,1546,2.3715343,0.05869,-1,-1,-1,0,0,0,136,1,1,131,0.0049125,0.0000000,0.0000000,1,0,1,1
758620613123416 D 1270,4032432339,1000,1545,1545,2.3700004,-0.00376,-1,-1,-1,0,0,0,136,1,1,131,0.0049125,0.0000000,0.0000000,1,0,1,1
758620614215291 D 1271,4032433339,1000,1545,1545,2.3700004,-0.00362,-1,-1,-1,0,0,0,136,1,1,131,0.0049125,0.0000000,0.0000000,1,0,1,1
758620615143166 D 1272,4032434339,1000,1545,1545,2.3700004,-0.00347,-1,-1,-1,0,0,0,136,1,1,131,0.0049125,0.0000000,0.0000000,1,0,1,1
758620616234000 D 1273,4032435339,1000,1545,1545,2.3700004,-0.00334,-1,-1,-1,0,0,0,136,1,1,131,0.0049125,0.0000000,0.0000000,1,0,1,1
758620616975375 D 1274,4032436339,1000,1545,1545,2.3700004,-0.00321,-1,-1,-1,0,0,0,136,1,1,131,0.0049125,0.0000000,0.0000000,1,0,1,1
758620618093583 D 1275,4032437339,1000,1545,1545,2.3700004,-0.00308,-1,-1,-1,0,0,0,136,1,1,131,0.0049125,0.0000000,0.0000000,1,0,1,1
758620619210958 D 1276,4032438339,1000,1545,1545,2.3700004,-0.00296,-1,-1,-1,0,0,0,136,1,1,131,0.0049125,0.0000000,0.0000000,1,0,1,1
758620620186583 D 1277,4032439339,1000,1545,1545,2.3700004,-0.00284,-1,-1,-1,0,0,0,136,1,1,131,0.0049125,0.0000000,0.0000000,1,0,1,1
758620621201875 D 1278,4032440339,1000,1545,1545,2.3700004,-0.00273,-1,-1,-1,0,0,0,136,1,1,131,0.0049125,0.0000000,0.0000000,1,0,1,1
758620622288833 D 1279,4032441339,1000,1545,1545,2.3700004,-0.00263,-1,-1,-1,0,0,0,136,1,1,131,0.0049125,0.0000000,0.0000000,1,0,1,1
758620623117291 D 1280,4032442339,1000,1545,1545,2.3700004,-0.00252,-1,-1,-1,0,0,0,136,1,1,131,0.0049125,0.0000000,0.0000000,1,0,1,1
758620624341458 D 1281,4032443339,1000,1545,1545,2.3700004,-0.00242,-1,-1,-1,0,0,0,136,1,1,131,0.0049125,0.0000000,0.0000000,1,0,1,1
758620625316541 D 1282,4032444339,1000,1545,1545,2.3700004,-0.00233,-1,-1,-1,0,0,0,136,1,1,131,0.0049125,0.0000000,0.0000000,1,0,1,1
758620626272250 D 1283,4032445339,1000,1545,1545,2.3700004,-0.00224,-1,-1,-1,0,0,0,136,1,1,131,0.0049125,0.0000000,0.0000000,1,0,1,1
758620627317083 D 1284,4032446339,1000,1545,1545,2.3700004,-0.00215,-1,-1,-1,0,0,0,135,1,1,131,0.0049125,0.0000000,0.0000000,1,0,1,1
758620628254708 D 1285,4032447339,1000,1545,1545,2.3700004,-0.00206,-1,-1,-1,0,0,0,136,1,1,131,0.0049125,0.0000000,0.0000000,1,0,1,1
758620629057833 D 1286,4032448339,1000,1545,1545,2.3700004,-0.00198,-1,-1,-1,0,0,0,136,1,1,131,0.0049125,0.0000000,0.0000000,1,0,1,1
758620630323625 D 1287,4032449339,1000,1545,1545,2.3700004,-0.00191,-1,-1,-1,0,0,0,136,1,1,131,0.0049125,0.0000000,0.0000000,1,0,1,1
758620631299125 D 1288,4032450339,1000,1545,1545,2.3700004,-0.00183,-1,-1,-1,0,0,0,136,1,1,131,0.0049125,0.0000000,0.0000000,1,0,1,1
758620632277833 D 1289,4032451339,1000,1545,1545,2.3700004,-0.00176,-1,-1,-1,0,0,0,136,1,1,131,0.0049125,0.0000000,0.0000000,1,0,1,1
758620633393458 D 1290,4032452339,1000,1545,1545,2.3700004,-0.00169,39,126,2101,0,0,0,136,1,1,131,0.0049125,0.0000000,0.0000000,1,0,1,1
758620634125041 D 1291,4032453339,1000,1545,1545,2.3700004,-0.00162,-1,-1,-1,0,0,0,136,1,1,131,0.0049125,0.0000000,0.0000000,1,0,1,1
758620635284166 D 1292,4032454339,1000,1545,1545,2.3700004,-0.00156,-1,-1,-1,0,0,0,136,1,1,131,0.0049125,0.0000000,0.0000000,1,0,1,1
758620636248458 D 1293,4032455339,1000,1545,1545,2.3700004,-0.00150,-1,-1,-1,0,0,0,136,1,1,131,0.0049125,0.0000000,0.0000000,1,0,1,1
758620637159500 D 1294,4032456339,1000,1545,1545,2.3700004,-0.00144,-1,-1,-1,0,0,0,136,1,1,131,0.0049125,0.0000000,0.0000000,1,0,1,1
758620638328750 D 1295,4032457339,1000,1545,1545,2.3700004,-0.00138,-1,-1,-1,0,0,0,136,1,1,131,0.0049125,0.0000000,0.0000000,1,0,1,1
758620639089750 D 1296,4032458339,1000,1545,1545,2.3700004,-0.00133,-1,-1,-1,0,0,0,136,1,1,131,0.0049125,0.0000000,0.0000000,1,0,1,1
758620640272458 D 1297,4032459339,1000,1545,1545,2.3700004,-0.00128,-1,-1,-1,0,0,0,136,1,1,131,0.0049125,0.0000000,0.0000000,1,0,1,1
758620641190833 D 1298,4032460339,1000,1545,1545,2.3700004,-0.00123,-1,-1,-1,0,0,0,136,1,1,131,0.0049125,0.0000000,0.0000000,1,0,1,1
758620642274416 D 1299,4032461339,1000,1545,1545,2.3700004,-0.00118,-1,-1,-1,0,0,0,136,1,1,131,0.0049125,0.0000000,0.0000000,1,0,1,1
758620643277458 D 1300,4032462339,1000,1545,1545,2.3700004,-0.00113,-1,-1,-1,0,0,0,136,1,1,131,0.0049125,0.0000000,0.0000000,1,0,1,1
758620644246833 D 1301,4032463339,1000,1545,1545,2.3700004,-0.00109,-1,-1,-1,0,0,0,136,1,1,131,0.0049125,0.0000000,0.0000000,1,0,1,1
758620645108375 D 1302,4032464339,1000,1545,1545,2.3700004,-0.00105,-1,-1,-1,0,0,0,136,1,1,131,0.0049125,0.0000000,0.0000000,1,0,1,1
758620646021375 D 1303,4032465339,1000,1545,1545,2.3700004,-0.00101,-1,-1,-1,0,0,0,136,1,1,131,0.0049125,0.0000000,0.0000000,1,0,1,1
758620646978083 D 1304,4032466339,1000,1545,1545,2.3700004,-0.00097,-1,-1,-1,0,0,0,136,1,1,131,0.0049125,0.0000000,0.0000000,1,0,1,1
758620647960375 D 1305,4032467339,1000,1545,1545,2.3700004,-0.00093,-1,-1,-1,0,0,0,135,1,1,131,0.0049125,0.0000000,0.0000000,1,0,1,1
758620648929291 D 1306,4032468339,1000,1545,1545,2.3700004,-0.00089,-1,-1,-1,0,0,0,136,1,1,131,0.0049125,0.0000000,0.0000000,1,0,1,1
758620652926291 D 1307,4032469339,1000,1545,1545,2.3700004,-0.00086,-1,-1,-1,0,0,0,136,1,1,131,0.0049125,0.0000000,0.0000000,1,0,1,1
758620653246583 D 1308,4032470339,1000,1545,1545,2.3700004,-0.00082,-1,-1,-1,0,0,0,136,1,1,131,0.0049125,0.0000000,0.0000000,1,0,1,1
758620653547291 D 1309,4032471339,1000,1545,1545,2.3700004,-0.00079,-1,-1,-1,0,0,0,136,1,1,131,0.0049125,0.0000000,0.0000000,1,0,1,1
758620653849791 D 1310,4032472339,1000,1545,1545,2.3700004,-0.00076,-1,-1,-1,0,0,0,136,1,1,131,0.0049125,0.0000000,0.0000000,1,0,1,1
758620654149625 D 1311,4032473339,1000,1545,1545,2.3700004,-0.00073,-1,-1,-1,0,0,0,136,1,1,131,0.0049125,0.0000000,0.0000000,1,0,1,1
758620654988500 D 1312,4032474339,1000,1545,1545,2.3700004,-0.00070,-1,-1,-1,0,0,0,135,1,1,131,0.0049125,0.0000000,0.0000000,1,0,1,1
758620655932083 D 1313,4032475339,1000,1545,1545,2.3700004,-0.00067,-1,-1,-1,0,0,0,136,1,1,131,0.0049125,0.0000000,0.0000000,1,0,1,1
758620657017041 D 1314,4032476339,1000,1545,1545,2.3700004,-0.00065,-1,-1,-1,0,0,0,136,1,1,131,0.0049125,0.0000000,0.0000000,1,0,1,1
758620657984291 D 1315,4032477339,1000,1545,1545,2.3700004,-0.00062,-1,-1,-1,0,0,0,136,1,1,131,0.0049125,0.0000000,0.0000000,1,0,1,1
758620658970375 D 1316,4032478339,1000,1545,1545,2.3700004,-0.00060,-1,-1,-1,0,0,0,136,1,1,131,0.0049125,0.0000000,0.0000000,1,0,1,1
758620659958125 D 1317,4032479339,1000,1545,1545,2.3700004,-0.00057,-1,-1,-1,0,0,0,136,1,1,131,0.0049125,0.0000000,0.0000000,1,0,1,1
758620660933500 D 1318,4032480339,1000,1545,1545,2.3700004,-0.00055,-1,-1,-1,0,0,0,136,1,1,131,0.0049125,0.0000000,0.0000000,1,0,1,1
758620661954750 D 1319,4032481339,1000,1545,1545,2.3700004,-0.00053,-1,-1,-1,0,0,0,136,1,1,131,0.0049125,0.0000000,0.0000000,1,0,1,1
758620663168916 D 1320,4032482339,1000,1545,1545,2.3700004,-0.00051,-1,-1,-1,0,0,0,136,1,1,131,0.0049125,0.0000000,0.0000000,1,0,1,1
758620664093166 D 1321,4032483339,1000,1545,1545,2.3700004,-0.00049,-1,-1,-1,0,0,0,136,1,1,131,0.0049125,0.0000000,0.0000000,1,0,1,1
758620665196125 D 1322,4032484339,1000,1545,1545,2.3700004,-0.00047,-1,-1,-1,0,0,0,136,1,1,131,0.0049125,0.0000000,0.0000000,1,0,1,1
758620666060958 D 1323,4032485339,1000,1545,1545,2.3700004,-0.00045,-1,-1,-1,0,0,0,136,1,1,131,0.0049125,0.0000000,0.0000000,1,0,1,1
758620667250500 D 1324,4032486339,1000,1545,1545,2.3700004,-0.00043,-1,-1,-1,0,0,0,136,1,1,131,0.0049125,0.0000000,0.0000000,1,0,1,1
758620668138750 D 1325,4032487339,1000,1545,1545,2.3700004,-0.00042,-1,-1,-1,0,0,0,136,1,1,131,0.0049125,0.0000000,0.0000000,1,0,1,1
758620669180000 D 1326,4032488339,1000,1545,1545,2.3700004,-0.00040,-1,-1,-1,0,0,0,136,1,1,131,0.0049125,0.0000000,0.0000000,1,0,1,1
758620670150666 D 1327,4032489339,1000,1545,1545,2.3700004,-0.00038,-1,-1,-1,0,0,0,136,1,1,131,0.0049125,0.0000000,0.0000000,1,0,1,1
758620671085333 D 1328,4032490339,1000,1545,1545,2.3700004,-0.00037,-1,-1,-1,0,0,0,136,1,1,131,0.0049125,0.0000000,0.0000000,1,0,1,1
758620672172375 D 1329,4032491339,1000,1545,1545,2.3700004,-0.00036,-1,-1,-1,0,0,0,136,1,1,131,0.0049125,0.0000000,0.0000000,1,0,1,1
758620673115791 D 1330,4032492339,1000,1545,1545,2.3700004,-0.00034,-1,-1,-1,0,0,0,136,1,1,131,0.0049125,0.0000000,0.0000000,1,0,1,1
758620674214500 D 1331,4032493339,1000,1545,1545,2.3700004,-0.00033,-1,-1,-1,0,0,0,136,1,1,131,0.0049125,0.0000000,0.0000000,1,0,1,1
758620675128250 D 1332,4032494339,1000,1545,1545,2.3700004,-0.00032,-1,-1,-1,0,0,0,136,1,1,131,0.0049125,0.0000000,0.0000000,1,0,1,1
758620676127958 D 1333,4032495339,1000,1545,1545,2.3700004,-0.00030,-1,-1,-1,0,0,0,136,1,1,131,0.0049125,0.0000000,0.0000000,1,0,1,1
758620676941916 D 1334,4032496339,1000,1545,1545,2.3700004,-0.00029,-1,-1,-1,0,0,0,136,1,1,131,0.0049125,0.0000000,0.0000000,1,0,1,1
758620678125708 D 1335,4032497339,1000,1545,1545,2.3700004,-0.00028,-1,-1,-1,0,0,0,136,1,1,131,0.0049125,0.0000000,0.0000000,1,0,1,1
758620679142250 D 1336,4032498339,1000,1545,1545,2.3700004,-0.00027,-1,-1,-1,0,0,0,136,1,1,131,0.0049125,0.0000000,0.0000000,1,0,1,1
758620680128375 D 1337,4032499339,1000,1545,1545,2.3700004,-0.00026,-1,-1,-1,0,0,0,136,1,1,131,0.0049125,0.0000000,0.0000000,1,0,1,1
758620680910041 D 1338,4032500339,1000,1545,1545,2.3700004,-0.00025,-1,-1,-1,0,0,0,136,1,1,131,0.0049125,0.0000000,0.0000000,1,0,1,1
758620681931541 D 1339,4032501339,1000,1545,1545,2.3700004,-0.00024,-1,-1,-1,0,0,0,136,1,1,131,0.0049125,0.0000000,0.0000000,1,0,1,1
758620683322958 D 1340,4032502339,1000,1545,1545,2.3700004,-0.00023,39,126,2101,0,0,0,136,1,1,131,0.0049125,0.0000000,0.0000000,1,0,1,1
758620684223708 D 1341,4032503339,1000,1545,1545,2.3700004,-0.00022,-1,-1,-1,0,0,0,136,1,1,131,0.0049125,0.0000000,0.0000000,1,0,1,1
758620685214500 D 1342,4032504339,1000,1545,1545,2.3700004,-0.00021,-1,-1,-1,0,0,0,136,1,1,131,0.0049125,0.0000000,0.0000000,1,0,1,1
758620686226916 D 1343,4032505339,1000,1545,1545,2.3700004,-0.00020,-1,-1,-1,0,0,0,136,1,1,131,0.0049125,0.0000000,0.0000000,1,0,1,1
758620687136750 D 1344,4032506339,1000,1545,1545,2.3700004,-0.00019,-1,-1,-1,0,0,0,136,1,1,131,0.0049125,0.0000000,0.0000000,1,0,1,1
758620688277000 D 1345,4032507339,1000,1545,1545,2.3700004,-0.00019,-1,-1,-1,0,0,0,136,1,1,131,0.0049125,0.0000000,0.0000000,1,0,1,1
758620688963916 D 1346,4032508339,1000,1545,1545,2.3700004,-0.00018,-1,-1,-1,0,0,0,136,1,1,131,0.0049125,0.0000000,0.0000000,1,0,1,1
758620690261041 D 1347,4032509339,1000,1545,1545,2.3700004,-0.00017,-1,-1,-1,0,0,0,136,1,1,131,0.0049125,0.0000000,0.0000000,1,0,1,1
758620691220375 D 1348,4032510339,1000,1545,1545,2.3700004,-0.00017,-1,-1,-1,0,0,0,136,1,1,131,0.0049125,0.0000000,0.0000000,1,0,1,1
758620692224375 D 1349,4032511339,1000,1545,1545,2.3700004,-0.00016,-1,-1,-1,0,0,0,136,1,1,131,0.0049125,0.0000000,0.0000000,1,0,1,1
758620693061000 D 1350,4032512339,1000,1545,1545,2.3700004,-0.00015,-1,-1,-1,0,0,0,136,1,1,131,0.0049125,0.0000000,0.0000000,1,0,1,1
758620694255541 D 1351,4032513339,1000,1545,1545,2.3700004,-0.00015,-1,-1,-1,0,0,0,136,1,1,131,0.0049125,0.0000000,0.0000000,1,0,1,1
758620695229125 D 1352,4032514339,1000,1545,1545,2.3700004,-0.00014,-1,-1,-1,0,0,0,136,1,1,131,0.0049125,0.0000000,0.0000000,1,0,1,1
758620696211375 D 1353,4032515339,1000,1545,1545,2.3700004,-0.00014,-1,-1,-1,0,0,0,136,1,1,131,0.0049125,0.0000000,0.0000000,1,0,1,1
758620697221041 D 1354,4032516339,1000,1545,1545,2.3700004,-0.00013,-1,-1,-1,0,0,0,136,1,1,131,0.0049125,0.0000000,0.0000000,1,0,1,1
758620698061875 D 1355,4032517339,1000,1545,1545,2.3700004,-0.00013,-1,-1,-1,0,0,0,136,1,1,131,0.0049125,0.0000000,0.0000000,1,0,1,1
758620699249541 D 1356,4032518339,1000,1545,1545,2.3700004,-0.00012,-1,-1,-1,0,0,0,136,1,1,131,0.0049125,0.0000000,0.0000000,1,0,1,1
758620700234583 D 1357,4032519339,1000,1545,1545,2.3700004,-0.00012,-1,-1,-1,0,0,0,136,1,1,131,0.0049125,0.0000000,0.0000000,1,0,1,1
758620701205750 D 1358,4032520339,1000,1545,1545,2.3700004,-0.00011,-1,-1,-1,0,0,0,136,1,1,131,0.0049125,0.0000000,0.0000000,1,0,1,1
758620702212166 D 1359,4032521339,1000,1545,1545,2.3700004,-0.00011,-1,-1,-1,0,0,0,136,1,1,131,0.0049125,0.0000000,0.0000000,1,0,1,1
758620703124375 D 1360,4032522339,1000,1545,1545,2.3700004,-0.00010,-1,-1,-1,0,0,0,136,1,1,131,0.0049125,0.0000000,0.0000000,1,0,1,1
758620704248125 D 1361,4032523339,1000,1545,1545,2.3700004,-0.00010,-1,-1,-1,0,0,0,136,1,1,131,0.0049125,0.0000000,0.0000000,1,0,1,1
758620705210916 D 1362,4032524339,1000,1545,1545,2.3700004,-0.00009,-1,-1,-1,0,0,0,136,1,1,131,0.0049125,0.0000000,0.0000000,1,0,1,1
758620706200083 D 1363,4032525339,1000,1545,1545,2.3700004,-0.00009,-1,-1,-1,0,0,0,136,1,1,131,0.0049125,0.0000000,0.0000000,1,0,1,1
758620707199083 D 1364,4032526339,1000,1545,1545,2.3700004,-0.00009,-1,-1,-1,0,0,0,136,1,1,131,0.0049125,0.0000000,0.0000000,1,0,1,1
758620708209541 D 1365,4032527339,1000,1545,1545,2.3700004,-0.00008,-1,-1,-1,0,0,0,136,1,1,131,0.0049125,0.0000000,0.0000000,1,0,1,1
758620709069375 D 1366,4032528339,1000,1545,1545,2.3700004,-0.00008,-1,-1,-1,0,0,0,136,1,1,131,0.0049125,0.0000000,0.0000000,1,0,1,1
758620710243041 D 1367,4032529339,1000,1545,1545,2.3700004,-0.00008,-1,-1,-1,0,0,0,136,1,1,131,0.0049125,0.0000000,0.0000000,1,0,1,1
758620711212125 D 1368,4032530339,1000,1545,1545,2.3700004,-0.00007,-1,-1,-1,0,0,0,136,1,1,131,0.0049125,0.0000000,0.0000000,1,0,1,1
758620712211083 D 1369,4032531339,1000,1545,1545,2.3700004,-0.00007,-1,-1,-1,0,0,0,136,1,1,131,0.0049125,0.0000000,0.0000000,1,0,1,1
758620713214166 D 1370,4032532339,1000,1545,1545,2.3700004,-0.00007,-1,-1,-1,0,0,0,136,1,1,131,0.0049125,0.0000000,0.0000000,1,0,1,1
758620714042000 D 1371,4032533339,1000,1545,1545,2.3700004,-0.00007,-1,-1,-1,0,0,0,136,1,1,131,0.0049125,0.0000000,0.0000000,1,0,1,1
758620715212333 D 1372,4032534339,1000,1545,1545,2.3700004,-0.00006,-1,-1,-1,0,0,0,136,1,1,131,0.0049125,0.0000000,0.0000000,1,0,1,1
758620716207958 D 1373,4032535339,1000,1545,1545,2.3700004,-0.00006,-1,-1,-1,0,0,0,136,1,1,131,0.0049125,0.0000000,0.0000000,1,0,1,1
758620717211291 D 1374,4032536339,1000,1545,1545,2.3700004,-0.00006,-1,-1,-1,0,0,0,136,1,1,131,0.0049125,0.0000000,0.0000000,1,0,1,1
758620718204916 D 1375,4032537339,1000,1546,1546,2.3715343,0.06009,-1,-1,-1,0,0,0,136,1,1,131,0.0049125,0.0000000,0.0000000,1,0,1,1
758620719136916 D 1376,4032538339,1000,1545,1545,2.3700004,-0.00241,-1,-1,-1,0,0,0,136,1,1,131,0.0049125,0.0000000,0.0000000,1,0,1,1
758620720158916 D 1377,4032539339,1000,1545,1545,2.3700004,-0.00232,-1,-1,-1,0,0,0,136,1,1,131,0.0049125,0.0000000,0.0000000,1,0,1,1
758620721218625 D 1378,4032540339,1000,1545,1545,2.3700004,-0.00223,-1,-1,-1,0,0,0,136,1,1,131,0.0049125,0.0000000,0.0000000,1,0,1,1
758620722212958 D 1379,4032541339,1000,1545,1545,2.3700004,-0.00214,-1,-1,-1,0,0,0,136,1,1,131,0.0049125,0.0000000,0.0000000,1,0,1,1
758620723212416 D 1380,4032542339,1000,1545,1545,2.3700004,-0.00206,-1,-1,-1,0,0,0,136,1,1,131,0.0049125,0.0000000,0.0000000,1,0,1,1
758620724215208 D 1381,4032543339,1000,1545,1545,2.3700004,-0.00198,-1,-1,-1,0,0,0,136,1,1,131,0.0049125,0.0000000,0.0000000,1,0,1,1
758620725053875 D 1382,4032544339,1000,1546,1546,2.3715343,0.05825,-1,-1,-1,0,0,0,136,1,1,131,0.0049125,0.0000000,0.0000000,1,0,1,1
758620726179916 D 1383,4032545339,1000,1545,1545,2.3700004,-0.00418,-1,-1,-1,0,0,0,136,1,1,131,0.0049125,0.0000000,0.0000000,1,0,1,1
758620727212666 D 1384,4032546339,1000,1545,1545,2.3700004,-0.00402,-1,-1,-1,0,0,0,136,1,1,131,0.0049125,0.0000000,0.0000000,1,0,1,1
758620728227875 D 1385,4032547339,1000,1545,1545,2.3700004,-0.00386,-1,-1,-1,0,0,0,136,1,1,131,0.0049125,0.0000000,0.0000000,1,0,1,1
758620729217958 D 1386,4032548339,1000,1545,1545,2.3700004,-0.00371,-1,-1,-1,0,0,0,136,1,1,131,0.0049125,0.0000000,0.0000000,1,0,1,1
758620729957291 D 1387,4032549339,1000,1545,1545,2.3700004,-0.00356,-1,-1,-1,0,0,0,136,1,1,131,0.0049125,0.0000000,0.0000000,1,0,1,1
758620731245500 D 1388,4032550339,1000,1545,1545,2.3700004,-0.00342,-1,-1,-1,0,0,0,136,1,1,131,0.0049125,0.0000000,0.0000000,1,0,1,1
758620732284458 D 1389,4032551339,1000,1545,1545,2.3700004,-0.00329,-1,-1,-1,0,0,0,135,1,1,131,0.0049125,0.0000000,0.0000000,1,0,1,1
758620733613666 D 1390,4032552339,1000,1545,1545,2.3700004,-0.00316,39,126,2100,0,0,0,136,1,1,131,0.0049125,0.0000000,0.0000000,1,0,1,1
758620734190041 D 1391,4032553339,1000,1545,1545,2.3700004,-0.00304,-1,-1,-1,0,0,0,136,1,1,131,0.0049125,0.0000000,0.0000000,1,0,1,1
758620735133083 D 1392,4032554339,1000,1545,1545,2.3700004,-0.00292,-1,-1,-1,0,0,0,136,1,1,131,0.0049125,0.0000000,0.0000000,1,0,1,1
758620736212291 D 1393,4032555339,1000,1545,1545,2.3700004,-0.00280,-1,-1,-1,0,0,0,136,1,1,131,0.0049125,0.0000000,0.0000000,1,0,1,1
758620737032500 D 1394,4032556339,1000,1545,1545,2.3700004,-0.00269,-1,-1,-1,0,0,0,136,1,1,131,0.0049125,0.0000000,0.0000000,1,0,1,1
758620738066666 D 1395,4032557339,1000,1545,1545,2.3700004,-0.00259,-1,-1,-1,0,0,0,136,1,1,131,0.0049125,0.0000000,0.0000000,1,0,1,1
758620739102875 D 1396,4032558339,1000,1545,1545,2.3700004,-0.00249,-1,-1,-1,0,0,0,136,1,1,131,0.0049125,0.0000000,0.0000000,1,0,1,1
758620740068625 D 1397,4032559339,1000,1545,1545,2.3700004,-0.00239,-1,-1,-1,0,0,0,136,1,1,131,0.0049125,0.0000000,0.0000000,1,0,1,1
758620741134000 D 1398,4032560339,1000,1545,1545,2.3700004,-0.00230,-1,-1,-1,0,0,0,136,1,1,131,0.0049125,0.0000000,0.0000000,1,0,1,1
758620742091708 D 1399,4032561339,1000,1545,1545,2.3700004,-0.00221,-1,-1,-1,0,0,0,136,1,1,131,0.0049125,0.0000000,0.0000000,1,0,1,1
758620743068833 D 1400,4032562339,1000,1545,1545,2.3700004,-0.00212,-1,-1,-1,0,0,0,136,1,1,131,0.0049125,0.0000000,0.0000000,1,0,1,1
758620744056875 D 1401,4032563339,1000,1545,1545,2.3700004,-0.00204,-1,-1,-1,0,0,0,136,1,1,131,0.0049125,0.0000000,0.0000000,1,0,1,1
758620745055791 D 1402,4032564339,1000,1545,1545,2.3700004,-0.00196,-1,-1,-1,0,0,0,136,1,1,131,0.0049125,0.0000000,0.0000000,1,0,1,1
758620746113083 D 1403,4032565339,1000,1545,1545,2.3700004,-0.00188,-1,-1,-1,0,0,0,136,1,1,131,0.0049125,0.0000000,0.0000000,1,0,1,1
758620747083083 D 1404,4032566339,1000,1545,1545,2.3700004,-0.00181,-1,-1,-1,0,0,0,136,1,1,131,0.0049125,0.0000000,0.0000000,1,0,1,1
758620748063625 D 1405,4032567339,1000,1545,1545,2.3700004,-0.00173,-1,-1,-1,0,0,0,136,1,1,131,0.0049125,0.0000000,0.0000000,1,0,1,1
758620749063958 D 1406,4032568339,1000,1545,1545,2.3700004,-0.00167,-1,-1,-1,0,0,0,136,1,1,131,0.0049125,0.0000000,0.0000000,1,0,1,1
758620750060583 D 1407,4032569339,1000,1545,1545,2.3700004,-0.00160,-1,-1,-1,0,0,0,136,1,1,131,0.0049125,0.0000000,0.0000000,1,0,1,1
758620751181125 D 1408,4032570339,1000,1545,1545,2.3700004,-0.00154,-1,-1,-1,0,0,0,136,1,1,131,0.0049125,0.0000000,0.0000000,1,0,1,1
758620752095916 D 1409,4032571339,1000,1545,1545,2.3700004,-0.00148,-1,-1,-1,0,0,0,136,1,1,131,0.0049125,0.0000000,0.0000000,1,0,1,1
758620753100291 D 1410,4032572339,1000,1545,1545,2.3700004,-0.00142,-1,-1,-1,0,0,0,136,1,1,131,0.0049125,0.0000000,0.0000000,1,0,1,1
758620754104541 D 1411,4032573339,1000,1545,1545,2.3700004,-0.00136,-1,-1,-1,0,0,0,136,1,1,131,0.0049125,0.0000000,0.0000000,1,0,1,1
758620755101166 D 1412,4032574339,1000,1545,1545,2.3700004,-0.00131,-1,-1,-1,0,0,0,136,1,1,131,0.0049125,0.0000000,0.0000000,1,0,1,1
758620756115375 D 1413,4032575339,1000,1545,1545,2.3700004,-0.00126,-1,-1,-1,0,0,0,136,1,1,131,0.0049125,0.0000000,0.0000000,1,0,1,1
758620757129666 D 1414,4032576339,1000,1545,1545,2.3700004,-0.00121,-1,-1,-1,0,0,0,136,1,1,131,0.0049125,0.0000000,0.0000000,1,0,1,1
758620758107000 D 1415,4032577339,1000,1545,1545,2.3700004,-0.00116,-1,-1,-1,0,0,0,136,1,1,131,0.0049125,0.0000000,0.0000000,1,0,1,1
758620759103458 D 1416,4032578339,1000,1545,1545,2.3700004,-0.00112,-1,-1,-1,0,0,0,136,1,1,131,0.0049125,0.0000000,0.0000000,1,0,1,1
758620760109208 D 1417,4032579339,1000,1545,1545,2.3700004,-0.00107,-1,-1,-1,0,0,0,136,1,1,131,0.0049125,0.0000000,0.0000000,1,0,1,1
758620761106583 D 1418,4032580339,1000,1545,1545,2.3700004,-0.00103,-1,-1,-1,0,0,0,136,1,1,131,0.0049125,0.0000000,0.0000000,1,0,1,1
758620762125708 D 1419,4032581339,1000,1545,1545,2.3700004,-0.00099,-1,-1,-1,0,0,0,136,1,1,131,0.0049125,0.0000000,0.0000000,1,0,1,1
758620763110916 D 1420,4032582339,1000,1546,1546,2.3715343,0.05920,-1,-1,-1,0,0,0,136,1,1,131,0.0049125,0.0000000,0.0000000,1,0,1,1
758620764109125 D 1421,4032583339,1000,1545,1545,2.3700004,-0.00327,-1,-1,-1,0,0,0,136,1,1,131,0.0049125,0.0000000,0.0000000,1,0,1,1
758620765109291 D 1422,4032584339,1000,1545,1545,2.3700004,-0.00314,-1,-1,-1,0,0,0,136,1,1,131,0.0049125,0.0000000,0.0000000,1,0,1,1
758620766129583 D 1423,4032585339,1000,1545,1545,2.3700004,-0.00302,-1,-1,-1,0,0,0,136,1,1,131,0.0049125,0.0000000,0.0000000,1,0,1,1
758620767172333 D 1424,4032586339,1000,1545,1545,2.3700004,-0.00290,-1,-1,-1,0,0,0,136,1,1,131,0.0049125,0.0000000,0.0000000,1,0,1,1
758620768159041 D 1425,4032587339,1000,1545,1545,2.3700004,-0.00279,-1,-1,-1,0,0,0,136,1,1,131,0.0049125,0.0000000,0.0000000,1,0,1,1
758620769148458 D 1426,4032588339,1000,1545,1545,2.3700004,-0.00268,-1,-1,-1,0,0,0,136,1,1,131,0.0049125,0.0000000,0.0000000,1,0,1,1
758620770164250 D 1427,4032589339,1000,1545,1545,2.3700004,-0.00257,-1,-1,-1,0,0,0,136,1,1,131,0.0049125,0.0000000,0.0000000,1,0,1,1
758620771161875 D 1428,4032590339,1000,1545,1545,2.3700004,-0.00247,-1,-1,-1,0,0,0,136,1,1,131,0.0049125,0.0000000,0.0000000,1,0,1,1
758620772171458 D 1429,4032591339,1000,1545,1545,2.3700004,-0.00238,-1,-1,-1,0,0,0,136,1,1,131,0.0049125,0.0000000,0.0000000,1,0,1,1
758620773182208 D 1430,4032592339,1000,1545,1545,2.3700004,-0.00228,-1,-1,-1,0,0,0,136,1,1,131,0.0049125,0.0000000,0.0000000,1,0,1,1
758620774198000 D 1431,4032593339,1000,1545,1545,2.3700004,-0.00219,-1,-1,-1,0,0,0,136,1,1,131,0.0049125,0.0000000,0.0000000,1,0,1,1
758620775192541 D 1432,4032594339,1000,1545,1545,2.3700004,-0.00211,-1,-1,-1,0,0,0,136,1,1,131,0.0049125,0.0000000,0.0000000,1,0,1,1
758620776140708 D 1433,4032595339,1000,1545,1545,2.3700004,-0.00203,-1,-1,-1,0,0,0,136,1,1,131,0.0049125,0.0000000,0.0000000,1,0,1,1
758620777158791 D 1434,4032596339,1000,1546,1546,2.3715343,0.05820,-1,-1,-1,0,0,0,136,1,1,131,0.0049125,0.0000000,0.0000000,1,0,1,1
758620778168000 D 1435,4032597339,1000,1545,1545,2.3700004,-0.00423,-1,-1,-1,0,0,0,136,1,1,131,0.0049125,0.0000000,0.0000000,1,0,1,1
758620779159750 D 1436,4032598339,1000,1545,1545,2.3700004,-0.00406,-1,-1,-1,0,0,0,136,1,1,131,0.0049125,0.0000000,0.0000000,1,0,1,1
758620780165583 D 1437,4032599339,1000,1545,1545,2.3700004,-0.00390,-1,-1,-1,0,0,0,136,1,1,131,0.0049125,0.0000000,0.0000000,1,0,1,1
758620781154000 D 1438,4032600339,1000,1545,1545,2.3700004,-0.00375,-1,-1,-1,0,0,0,135,1,1,131,0.0049125,0.0000000,0.0000000,1,0,1,1
758620782148333 D 1439,4032601339,1000,1545,1545,2.3700004,-0.00360,-1,-1,-1,0,0,0,136,1,1,131,0.0049125,0.0000000,0.0000000,1,0,1,1
758620783543875 D 1440,4032602339,1000,1545,1545,2.3700004,-0.00346,39,126,2100,0,0,0,136,1,1,131,0.0049125,0.0000000,0.0000000,1,0,1,1
758620784148041 D 1441,4032603339,1000,1545,1545,2.3700004,-0.00333,-1,-1,-1,0,0,0,136,1,1,131,0.0049125,0.0000000,0.0000000,1,0,1,1
758620785164875 D 1442,4032604339,1000,1545,1545,2.3700004,-0.00320,-1,-1,-1,0,0,0,136,1,1,131,0.0049125,0.0000000,0.0000000,1,0,1,1
758620786166083 D 1443,4032605339,1000,1545,1545,2.3700004,-0.00307,-1,-1,-1,0,0,0,136,1,1,131,0.0049125,0.0000000,0.0000000,1,0,1,1
758620787219708 D 1444,4032606339,1000,1545,1545,2.3700004,-0.00295,-1,-1,-1,0,0,0,136,1,1,131,0.0049125,0.0000000,0.0000000,1,0,1,1
758620788248541 D 1445,4032607339,1000,1545,1545,2.3700004,-0.00283,-1,-1,-1,0,0,0,136,1,1,131,0.0049125,0.0000000,0.0000000,1,0,1,1
758620789254750 D 1446,4032608339,1000,1545,1545,2.3700004,-0.00272,-1,-1,-1,0,0,0,136,1,1,131,0.0049125,0.0000000,0.0000000,1,0,1,1
758620790231625 D 1447,4032609339,1000,1545,1545,2.3700004,-0.00262,-1,-1,-1,0,0,0,136,1,1,131,0.0049125,0.0000000,0.0000000,1,0,1,1
758620791231583 D 1448,4032610339,1000,1545,1545,2.3700004,-0.00251,-1,-1,-1,0,0,0,136,1,1,131,0.0049125,0.0000000,0.0000000,1,0,1,1
758620792221666 D 1449,4032611339,1000,1545,1545,2.3700004,-0.00242,-1,-1,-1,0,0,0,136,1,1,131,0.0049125,0.0000000,0.0000000,1,0,1,1
758620793221958 D 1450,4032612339,1000,1545,1545,2.3700004,-0.00232,-1,-1,-1,0,0,0,136,1,1,131,0.0049125,0.0000000,0.0000000,1,0,1,1
758620794223833 D 1451,4032613339,1000,1545,1545,2.3700004,-0.00223,-1,-1,-1,0,0,0,136,1,1,131,0.0049125,0.0000000,0.0000000,1,0,1,1
758620795236708 D 1452,4032614339,1000,1545,1545,2.3700004,-0.00214,-1,-1,-1,0,0,0,136,1,1,131,0.0049125,0.0000000,0.0000000,1,0,1,1
758620796225875 D 1453,4032615339,1000,1545,1545,2.3700004,-0.00206,-1,-1,-1,0,0,0,136,1,1,131,0.0049125,0.0000000,0.0000000,1,0,1,1
758620797231791 D 1454,4032616339,1000,1545,1545,2.3700004,-0.00198,-1,-1,-1,0,0,0,136,1,1,131,0.0049125,0.0000000,0.0000000,1,0,1,1
758620798233541 D 1455,4032617339,1000,1545,1545,2.3700004,-0.00190,-1,-1,-1,0,0,0,136,1,1,131,0.0049125,0.0000000,0.0000000,1,0,1,1
758620799225375 D 1456,4032618339,1000,1545,1545,2.3700004,-0.00183,-1,-1,-1,0,0,0,136,1,1,131,0.0049125,0.0000000,0.0000000,1,0,1,1
758620800228583 D 1457,4032619339,1000,1545,1545,2.3700004,-0.00175,-1,-1,-1,0,0,0,136,1,1,131,0.0049125,0.0000000,0.0000000,1,0,1,1
758620801225416 D 1458,4032620339,1000,1545,1545,2.3700004,-0.00168,-1,-1,-1,0,0,0,136,1,1,131,0.0049125,0.0000000,0.0000000,1,0,1,1
758620802281458 D 1459,4032621339,1000,1545,1545,2.3700004,-0.00162,-1,-1,-1,0,0,0,136,1,1,131,0.0049125,0.0000000,0.0000000,1,0,1,1
758620803282791 D 1460,4032622339,1000,1545,1545,2.3700004,-0.00156,-1,-1,-1,0,0,0,136,1,1,131,0.0049125,0.0000000,0.0000000,1,0,1,1
758620804230166 D 1461,4032623339,1000,1545,1545,2.3700004,-0.00149,-1,-1,-1,0,0,0,136,1,1,131,0.0049125,0.0000000,0.0000000,1,0,1,1
758620805240125 D 1462,4032624339,1000,1545,1545,2.3700004,-0.00144,-1,-1,-1,0,0,0,136,1,1,131,0.0049125,0.0000000,0.0000000,1,0,1,1
758620806225458 D 1463,4032625339,1000,1545,1545,2.3700004,-0.00138,-1,-1,-1,0,0,0,136,1,1,131,0.0049125,0.0000000,0.0000000,1,0,1,1
758620807220125 D 1464,4032626339,1000,1545,1545,2.3700004,-0.00133,-1,-1,-1,0,0,0,136,1,1,131,0.0049125,0.0000000,0.0000000,1,0,1,1
758620808231125 D 1465,4032627339,1000,1545,1545,2.3700004,-0.00127,-1,-1,-1,0,0,0,136,1,1,131,0.0049125,0.0000000,0.0000000,1,0,1,1
758620809216875 D 1466,4032628339,1000,1545,1545,2.3700004,-0.00122,-1,-1,-1,0,0,0,136,1,1,131,0.0049125,0.0000000,0.0000000,1,0,1,1
758620810235333 D 1467,4032629339,1000,1545,1545,2.3700004,-0.00118,-1,-1,-1,0,0,0,136,1,1,131,0.0049125,0.0000000,0.0000000,1,0,1,1
758620811248791 D 1468,4032630339,1000,1545,1545,2.3700004,-0.00113,-1,-1,-1,0,0,0,136,1,1,131,0.0049125,0.0000000,0.0000000,1,0,1,1
758620812246083 D 1469,4032631339,1000,1545,1545,2.3700004,-0.00109,-1,-1,-1,0,0,0,136,1,1,131,0.0049125,0.0000000,0.0000000,1,0,1,1
758620813227625 D 1470,4032632339,1000,1545,1545,2.3700004,-0.00104,-1,-1,-1,0,0,0,136,1,1,131,0.0049125,0.0000000,0.0000000,1,0,1,1
758620814231458 D 1471,4032633339,1000,1545,1545,2.3700004,-0.00100,-1,-1,-1,0,0,0,136,1,1,131,0.0049125,0.0000000,0.0000000,1,0,1,1
758620815267291 D 1472,4032634339,1000,1545,1545,2.3700004,-0.00096,-1,-1,-1,0,0,0,136,1,1,131,0.0049125,0.0000000,0.0000000,1,0,1,1
758620816223500 D 1473,4032635339,1000,1545,1545,2.3700004,-0.00092,-1,-1,-1,0,0,0,136,1,1,131,0.0049125,0.0000000,0.0000000,1,0,1,1
758620817238541 D 1474,4032636339,1000,1545,1545,2.3700004,-0.00089,-1,-1,-1,0,0,0,136,1,1,131,0.0049125,0.0000000,0.0000000,1,0,1,1
758620818301000 D 1475,4032637339,1000,1545,1545,2.3700004,-0.00085,-1,-1,-1,0,0,0,136,1,1,131,0.0049125,0.0000000,0.0000000,1,0,1,1
758620819265000 D 1476,4032638339,1000,1545,1545,2.3700004,-0.00082,-1,-1,-1,0,0,0,136,1,1,131,0.0049125,0.0000000,0.0000000,1,0,1,1
758620820245958 D 1477,4032639339,1000,1545,1545,2.3700004,-0.00079,-1,-1,-1,0,0,0,136,1,1,131,0.0049125,0.0000000,0.0000000,1,0,1,1
758620821253208 D 1478,4032640339,1000,1545,1545,2.3700004,-0.00076,-1,-1,-1,0,0,0,136,1,1,131,0.0049125,0.0000000,0.0000000,1,0,1,1
758620822233625 D 1479,4032641339,1000,1545,1545,2.3700004,-0.00073,-1,-1,-1,0,0,0,136,1,1,131,0.0049125,0.0000000,0.0000000,1,0,1,1
758620823238833 D 1480,4032642339,1000,1545,1545,2.3700004,-0.00070,-1,-1,-1,0,0,0,136,1,1,131,0.0049125,0.0000000,0.0000000,1,0,1,1
758620824248125 D 1481,4032643339,1000,1545,1545,2.3700004,-0.00067,-1,-1,-1,0,0,0,136,1,1,131,0.0049125,0.0000000,0.0000000,1,0,1,1
758620825242000 D 1482,4032644339,1000,1545,1545,2.3700004,-0.00065,-1,-1,-1,0,0,0,136,1,1,131,0.0049125,0.0000000,0.0000000,1,0,1,1
758620826256833 D 1483,4032645339,1000,1545,1545,2.3700004,-0.00062,-1,-1,-1,0,0,0,136,1,1,131,0.0049125,0.0000000,0.0000000,1,0,1,1
758620827251375 D 1484,4032646339,1000,1545,1545,2.3700004,-0.00060,-1,-1,-1,0,0,0,136,1,1,131,0.0049125,0.0000000,0.0000000,1,0,1,1
758620828247291 D 1485,4032647339,1000,1545,1545,2.3700004,-0.00057,-1,-1,-1,0,0,0,136,1,1,131,0.0049125,0.0000000,0.0000000,1,0,1,1
758620829234500 D 1486,4032648339,1000,1545,1545,2.3700004,-0.00055,-1,-1,-1,0,0,0,136,1,1,131,0.0049125,0.0000000,0.0000000,1,0,1,1
758620830226541 D 1487,4032649339,1000,1545,1545,2.3700004,-0.00053,-1,-1,-1,0,0,0,135,1,1,131,0.0049125,0.0000000,0.0000000,1,0,1,1
758620831239708 D 1488,4032650339,1000,1545,1545,2.3700004,-0.00051,-1,-1,-1,0,0,0,136,1,1,131,0.0049125,0.0000000,0.0000000,1,0,1,1
758620832243000 D 1489,4032651339,1000,1545,1545,2.3700004,-0.00049,-1,-1,-1,0,0,0,136,1,1,131,0.0049125,0.0000000,0.0000000,1,0,1,1
758620833626166 D 1490,4032652339,1000,1545,1545,2.3700004,-0.00047,39,126,2101,0,0,0,136,1,1,131,0.0049125,0.0000000,0.0000000,1,0,1,1
758620834256375 D 1491,4032653339,1000,1545,1545,2.3700004,-0.00045,-1,-1,-1,0,0,0,136,1,1,131,0.0049125,0.0000000,0.0000000,1,0,1,1
758620835227375 D 1492,4032654339,1000,1545,1545,2.3700004,-0.00043,-1,-1,-1,0,0,0,136,1,1,131,0.0049125,0.0000000,0.0000000,1,0,1,1
758620836227416 D 1493,4032655339,1000,1545,1545,2.3700004,-0.00042,-1,-1,-1,0,0,0,136,1,1,131,0.0049125,0.0000000,0.0000000,1,0,1,1
758620837257833 D 1494,4032656339,1000,1545,1545,2.3700004,-0.00040,-1,-1,-1,0,0,0,136,1,1,131,0.0049125,0.0000000,0.0000000,1,0,1,1
758620838236333 D 1495,4032657339,1000,1545,1545,2.3700004,-0.00038,-1,-1,-1,0,0,0,136,1,1,131,0.0049125,0.0000000,0.0000000,1,0,1,1
758620839243083 D 1496,4032658339,1000,1545,1545,2.3700004,-0.00037,-1,-1,-1,0,0,0,136,1,1,131,0.0049125,0.0000000,0.0000000,1,0,1,1
758620840223625 D 1497,4032659339,1000,1545,1545,2.3700004,-0.00035,-1,-1,-1,0,0,0,136,1,1,131,0.0049125,0.0000000,0.0000000,1,0,1,1
758620841237583 D 1498,4032660339,1000,1545,1545,2.3700004,-0.00034,-1,-1,-1,0,0,0,136,1,1,131,0.0049125,0.0000000,0.0000000,1,0,1,1
758620842351750 D 1499,4032661339,1000,1545,1545,2.3700004,-0.00033,-1,-1,-1,0,0,0,136,1,1,131,0.0049125,0.0000000,0.0000000,1,0,1,1
758620843353083 D 1500,4032662339,1000,1545,1545,2.3700004,-0.00031,-1,-1,-1,0,0,0,136,1,1,131,0.0049125,0.0000000,0.0000000,1,0,1,1
758620844386625 D 1501,4032663339,1000,1545,1545,2.3700004,-0.00030,-1,-1,-1,0,0,0,135,1,1,131,0.0049125,0.0000000,0.0000000,1,0,1,1
758620845313833 D 1502,4032664339,1000,1545,1545,2.3700004,-0.00029,-1,-1,-1,0,0,0,136,1,1,131,0.0049125,0.0000000,0.0000000,1,0,1,1
758620846449250 D 1503,4032665339,1000,1545,1545,2.3700004,-0.00028,-1,-1,-1,0,0,0,136,1,1,131,0.0049125,0.0000000,0.0000000,1,0,1,1
758620847472875 D 1504,4032666339,1000,1545,1545,2.3700004,-0.00027,-1,-1,-1,0,0,0,136,1,1,131,0.0049125,0.0000000,0.0000000,1,0,1,1
758620848360875 D 1505,4032667339,1000,1545,1545,2.3700004,-0.00026,-1,-1,-1,0,0,0,136,1,1,131,0.0049125,0.0000000,0.0000000,1,0,1,1
758620849361125 D 1506,4032668339,1000,1545,1545,2.3700004,-0.00025,-1,-1,-1,0,0,0,136,1,1,131,0.0049125,0.0000000,0.0000000,1,0,1,1
758620850271125 D 1507,4032669339,1000,1545,1545,2.3700004,-0.00024,-1,-1,-1,0,0,0,136,1,1,131,0.0049125,0.0000000,0.0000000,1,0,1,1
758620851262666 D 1508,4032670339,1000,1545,1545,2.3700004,-0.00023,-1,-1,-1,0,0,0,136,1,1,131,0.0049125,0.0000000,0.0000000,1,0,1,1
758620852265166 D 1509,4032671339,1000,1545,1545,2.3700004,-0.00022,-1,-1,-1,0,0,0,136,1,1,131,0.0049125,0.0000000,0.0000000,1,0,1,1
758620853297125 D 1510,4032672339,1000,1545,1545,2.3700004,-0.00021,-1,-1,-1,0,0,0,136,1,1,131,0.0049125,0.0000000,0.0000000,1,0,1,1
758620854387500 D 1511,4032673339,1000,1545,1545,2.3700004,-0.00020,-1,-1,-1,0,0,0,136,1,1,131,0.0049125,0.0000000,0.0000000,1,0,1,1
758620855321541 D 1512,4032674339,1000,1545,1545,2.3700004,-0.00019,-1,-1,-1,0,0,0,136,1,1,131,0.0049125,0.0000000,0.0000000,1,0,1,1
758620856542708 D 1513,4032675339,1000,1545,1545,2.3700004,-0.00019,-1,-1,-1,0,0,0,136,1,1,131,0.0049125,0.0000000,0.0000000,1,0,1,1
758620857546375 D 1514,4032676339,1000,1545,1545,2.3700004,-0.00018,-1,-1,-1,0,0,0,136,1,1,131,0.0049125,0.0000000,0.0000000,1,0,1,1
758620858471416 D 1515,4032677339,1000,1545,1545,2.3700004,-0.00017,-1,-1,-1,0,0,0,136,1,1,131,0.0049125,0.0000000,0.0000000,1,0,1,1
758620859366833 D 1516,4032678339,1000,1545,1545,2.3700004,-0.00017,-1,-1,-1,0,0,0,136,1,1,131,0.0049125,0.0000000,0.0000000,1,0,1,1
758620860361791 D 1517,4032679339,1000,1545,1545,2.3700004,-0.00016,-1,-1,-1,0,0,0,136,1,1,131,0.0049125,0.0000000,0.0000000,1,0,1,1
758620861326500 D 1518,4032680339,1000,1545,1545,2.3700004,-0.00015,-1,-1,-1,0,0,0,136,1,1,131,0.0049125,0.0000000,0.0000000,1,0,1,1
758620862338000 D 1519,4032681339,1000,1545,1545,2.3700004,-0.00015,-1,-1,-1,0,0,0,136,1,1,131,0.0049125,0.0000000,0.0000000,1,0,1,1
758620863333541 D 1520,4032682339,1000,1545,1545,2.3700004,-0.00014,-1,-1,-1,0,0,0,136,1,1,131,0.0049125,0.0000000,0.0000000,1,0,1,1
758620864294916 D 1521,4032683339,1000,1545,1545,2.3700004,-0.00014,-1,-1,-1,0,0,0,136,1,1,131,0.0049125,0.0000000,0.0000000,1,0,1,1
758620865324875 D 1522,4032684339,1000,1545,1545,2.3700004,-0.00013,-1,-1,-1,0,0,0,136,1,1,131,0.0049125,0.0000000,0.0000000,1,0,1,1
758620866321333 D 1523,4032685339,1000,1545,1545,2.3700004,-0.00013,-1,-1,-1,0,0,0,136,1,1,131,0.0049125,0.0000000,0.0000000,1,0,1,1
758620867430375 D 1524,4032686339,1000,1545,1545,2.3700004,-0.00012,-1,-1,-1,0,0,0,136,1,1,131,0.0049125,0.0000000,0.0000000,1,0,1,1
758620868324666 D 1525,4032687339,1000,1545,1545,2.3700004,-0.00012,-1,-1,-1,0,0,0,136,1,1,131,0.0049125,0.0000000,0.0000000,1,0,1,1
758620869265375 D 1526,4032688339,1000,1545,1545,2.3700004,-0.00011,-1,-1,-1,0,0,0,136,1,1,131,0.0049125,0.0000000,0.0000000,1,0,1,1
758620870251791 D 1527,4032689339,1000,1545,1545,2.3700004,-0.00011,-1,-1,-1,0,0,0,136,1,1,131,0.0049125,0.0000000,0.0000000,1,0,1,1
758620871246041 D 1528,4032690339,1000,1545,1545,2.3700004,-0.00010,-1,-1,-1,0,0,0,136,1,1,131,0.0049125,0.0000000,0.0000000,1,0,1,1
758620872235000 D 1529,4032691339,1000,1545,1545,2.3700004,-0.00010,-1,-1,-1,0,0,0,136,1,1,131,0.0049125,0.0000000,0.0000000,1,0,1,1
758620873227333 D 1530,4032692339,1000,1545,1545,2.3700004,-0.00009,-1,-1,-1,0,0,0,136,1,1,131,0.0049125,0.0000000,0.0000000,1,0,1,1
758620874240916 D 1531,4032693339,1000,1545,1545,2.3700004,-0.00009,-1,-1,-1,0,0,0,136,1,1,131,0.0049125,0.0000000,0.0000000,1,0,1,1
758620875262166 D 1532,4032694339,1000,1545,1545,2.3700004,-0.00009,-1,-1,-1,0,0,0,136,1,1,131,0.0049125,0.0000000,0.0000000,1,0,1,1
758620876241791 D 1533,4032695339,1000,1545,1545,2.3700004,-0.00008,-1,-1,-1,0,0,0,136,1,1,131,0.0049125,0.0000000,0.0000000,1,0,1,1
758620877228833 D 1534,4032696339,1000,1545,1545,2.3700004,-0.00008,-1,-1,-1,0,0,0,136,1,1,131,0.0049125,0.0000000,0.0000000,1,0,1,1
758620878237166 D 1535,4032697339,1000,1545,1545,2.3700004,-0.00008,-1,-1,-1,0,0,0,136,1,1,131,0.0049125,0.0000000,0.0000000,1,0,1,1
758620879260666 D 1536,4032698339,1000,1545,1545,2.3700004,-0.00007,-1,-1,-1,0,0,0,135,1,1,131,0.0049125,0.0000000,0.0000000,1,0,1,1
758620880257916 D 1537,4032699339,1000,1545,1545,2.3700004,-0.00007,-1,-1,-1,0,0,0,136,1,1,131,0.0049125,0.0000000,0.0000000,1,0,1,1
758620881245875 D 1538,4032700339,1000,1545,1545,2.3700004,-0.00007,-1,-1,-1,0,0,0,136,1,1,131,0.0049125,0.0000000,0.0000000,1,0,1,1
758620882256541 D 1539,4032701339,1000,1545,1545,2.3700004,-0.00007,-1,-1,-1,0,0,0,136,1,1,131,0.0049125,0.0000000,0.0000000,1,0,1,1
758620883640625 D 1540,4032702339,1000,1545,1545,2.3700004,-0.00006,39,126,2100,0,0,0,136,1,1,131,0.0049125,0.0000000,0.0000000,1,0,1,1
758620884324041 D 1541,4032703339,1000,1545,1545,2.3700004,-0.00006,-1,-1,-1,0,0,0,136,1,1,131,0.0049125,0.0000000,0.0000000,1,0,1,1
758620885271875 D 1542,4032704339,1000,1545,1545,2.3700004,-0.00006,-1,-1,-1,0,0,0,136,1,1,131,0.0049125,0.0000000,0.0000000,1,0,1,1
758620886259250 D 1543,4032705339,1000,1545,1545,2.3700004,-0.00006,-1,-1,-1,0,0,0,136,1,1,131,0.0049125,0.0000000,0.0000000,1,0,1,1
758620887235750 D 1544,4032706339,1000,1545,1545,2.3700004,-0.00005,-1,-1,-1,0,0,0,136,1,1,131,0.0049125,0.0000000,0.0000000,1,0,1,1
758620888233750 D 1545,4032707339,1000,1545,1545,2.3700004,-0.00005,-1,-1,-1,0,0,0,136,1,1,131,0.0049125,0.0000000,0.0000000,1,0,1,1
758620889237125 D 1546,4032708339,1000,1545,1545,2.3700004,-0.00005,-1,-1,-1,0,0,0,136,1,1,131,0.0049125,0.0000000,0.0000000,1,0,1,1
758620890247875 D 1547,4032709339,1000,1545,1545,2.3700004,-0.00005,-1,-1,-1,0,0,0,136,1,1,131,0.0049125,0.0000000,0.0000000,1,0,1,1
758620891472666 D 1548,4032710339,1000,1545,1545,2.3700004,-0.00005,-1,-1,-1,0,0,0,136,1,1,131,0.0049125,0.0000000,0.0000000,1,0,1,1
758620892465500 D 1549,4032711339,1000,1545,1545,2.3700004,-0.00004,-1,-1,-1,0,0,0,136,1,1,131,0.0049125,0.0000000,0.0000000,1,0,1,1
758620893464916 D 1550,4032712339,1000,1545,1545,2.3700004,-0.00004,-1,-1,-1,0,0,0,136,1,1,131,0.0049125,0.0000000,0.0000000,1,0,1,1
758620894257583 D 1551,4032713339,1000,1545,1545,2.3700004,-0.00004,-1,-1,-1,0,0,0,136,1,1,131,0.0049125,0.0000000,0.0000000,1,0,1,1
758620895261666 D 1552,4032714339,1000,1545,1545,2.3700004,-0.00004,-1,-1,-1,0,0,0,136,1,1,131,0.0049125,0.0000000,0.0000000,1,0,1,1
758620896254250 D 1553,4032715339,1000,1545,1545,2.3700004,-0.00004,-1,-1,-1,0,0,0,136,1,1,131,0.0049125,0.0000000,0.0000000,1,0,1,1
758620897271000 D 1554,4032716339,1000,1545,1545,2.3700004,-0.00004,-1,-1,-1,0,0,0,136,1,1,131,0.0049125,0.0000000,0.0000000,1,0,1,1
758620898250750 D 1555,4032717339,1000,1545,1545,2.3700004,-0.00003,-1,-1,-1,0,0,0,136,1,1,131,0.0049125,0.0000000,0.0000000,1,0,1,1
758620899232583 D 1556,4032718339,1000,1545,1545,2.3700004,-0.00003,-1,-1,-1,0,0,0,136,1,1,131,0.0049125,0.0000000,0.0000000,1,0,1,1
758620900227875 D 1557,4032719339,1000,1545,1545,2.3700004,-0.00003,-1,-1,-1,0,0,0,136,1,1,131,0.0049125,0.0000000,0.0000000,1,0,1,1
758620901242041 D 1558,4032720339,1000,1545,1545,2.3700004,-0.00003,-1,-1,-1,0,0,0,136,1,1,131,0.0049125,0.0000000,0.0000000,1,0,1,1
758620902253250 D 1559,4032721339,1000,1545,1545,2.3700004,-0.00003,-1,-1,-1,0,0,0,136,1,1,131,0.0049125,0.0000000,0.0000000,1,0,1,1
758620903262333 D 1560,4032722339,1000,1545,1545,2.3700004,-0.00003,-1,-1,-1,0,0,0,136,1,1,131,0.0049125,0.0000000,0.0000000,1,0,1,1
758620904235000 D 1561,4032723339,1000,1545,1545,2.3700004,-0.00003,-1,-1,-1,0,0,0,136,1,1,131,0.0049125,0.0000000,0.0000000,1,0,1,1
758620905254458 D 1562,4032724339,1000,1545,1545,2.3700004,-0.00003,-1,-1,-1,0,0,0,136,1,1,131,0.0049125,0.0000000,0.0000000,1,0,1,1
758620906246750 D 1563,4032725339,1000,1545,1545,2.3700004,-0.00003,-1,-1,-1,0,0,0,136,1,1,131,0.0049125,0.0000000,0.0000000,1,0,1,1
758620907244916 D 1564,4032726339,1000,1545,1545,2.3700004,-0.00002,-1,-1,-1,0,0,0,136,1,1,131,0.0049125,0.0000000,0.0000000,1,0,1,1
758620908227833 D 1565,4032727339,1000,1545,1545,2.3700004,-0.00002,-1,-1,-1,0,0,0,136,1,1,131,0.0049125,0.0000000,0.0000000,1,0,1,1
758620909232708 D 1566,4032728339,1000,1545,1545,2.3700004,-0.00002,-1,-1,-1,0,0,0,136,1,1,131,0.0049125,0.0000000,0.0000000,1,0,1,1
758620910216875 D 1567,4032729339,1000,1545,1545,2.3700004,-0.00002,-1,-1,-1,0,0,0,136,1,1,131,0.0049125,0.0000000,0.0000000,1,0,1,1
758620911265000 D 1568,4032730339,1000,1545,1545,2.3700004,-0.00002,-1,-1,-1,0,0,0,136,1,1,131,0.0049125,0.0000000,0.0000000,1,0,1,1
758620912256250 D 1569,4032731339,1000,1545,1545,2.3700004,-0.00002,-1,-1,-1,0,0,0,136,1,1,131,0.0049125,0.0000000,0.0000000,1,0,1,1
758620913274125 D 1570,4032732339,1000,1545,1545,2.3700004,-0.00002,-1,-1,-1,0,0,0,136,1,1,131,0.0049125,0.0000000,0.0000000,1,0,1,1
758620914242708 D 1571,4032733339,1000,1545,1545,2.3700004,-0.00002,-1,-1,-1,0,0,0,136,1,1,131,0.0049125,0.0000000,0.0000000,1,0,1,1
758620915226958 D 1572,4032734339,1000,1545,1545,2.3700004,-0.00002,-1,-1,-1,0,0,0,136,1,1,131,0.0049125,0.0000000,0.0000000,1,0,1,1
758620916228375 D 1573,4032735339,1000,1545,1545,2.3700004,-0.00002,-1,-1,-1,0,0,0,136,1,1,131,0.0049125,0.0000000,0.0000000,1,0,1,1
758620917246083 D 1574,4032736339,1000,1545,1545,2.3700004,-0.00002,-1,-1,-1,0,0,0,136,1,1,131,0.0049125,0.0000000,0.0000000,1,0,1,1
758620918238041 D 1575,4032737339,1000,1545,1545,2.3700004,-0.00002,-1,-1,-1,0,0,0,136,1,1,131,0.0049125,0.0000000,0.0000000,1,0,1,1
758620919281458 D 1576,4032738339,1000,1545,1545,2.3700004,-0.00002,-1,-1,-1,0,0,0,136,1,1,131,0.0049125,0.0000000,0.0000000,1,0,1,1
758620920305166 D 1577,4032739339,1000,1545,1545,2.3700004,-0.00001,-1,-1,-1,0,0,0,136,1,1,131,0.0049125,0.0000000,0.0000000,1,0,1,1
758620921327500 D 1578,4032740339,1000,1545,1545,2.3700004,-0.00001,-1,-1,-1,0,0,0,136,1,1,131,0.0049125,0.0000000,0.0000000,1,0,1,1
758620922263791 D 1579,4032741339,1000,1545,1545,2.3700004,-0.00001,-1,-1,-1,0,0,0,136,1,1,131,0.0049125,0.0000000,0.0000000,1,0,1,1
758620923278208 D 1580,4032742339,1000,1545,1545,2.3700004,-0.00001,-1,-1,-1,0,0,0,136,1,1,131,0.0049125,0.0000000,0.0000000,1,0,1,1
758620924256083 D 1581,4032743339,1000,1545,1545,2.3700004,-0.00001,-1,-1,-1,0,0,0,136,1,1,131,0.0049125,0.0000000,0.0000000,1,0,1,1
758620925323083 D 1582,4032744339,1000,1545,1545,2.3700004,-0.00001,-1,-1,-1,0,0,0,136,1,1,131,0.0049125,0.0000000,0.0000000,1,0,1,1
758620926262833 D 1583,4032745339,1000,1545,1545,2.3700004,-0.00001,-1,-1,-1,0,0,0,136,1,1,131,0.0049125,0.0000000,0.0000000,1,0,1,1
758620927271833 D 1584,4032746339,1000,1545,1545,2.3700004,-0.00001,-1,-1,-1,0,0,0,136,1,1,131,0.0049125,0.0000000,0.0000000,1,0,1,1
758620928276833 D 1585,4032747339,1000,1545,1545,2.3700004,-0.00001,-1,-1,-1,0,0,0,136,1,1,131,0.0049125,0.0000000,0.0000000,1,0,1,1
758620929478250 D 1586,4032748339,1000,1545,1545,2.3700004,-0.00001,-1,-1,-1,0,0,0,136,1,1,131,0.0049125,0.0000000,0.0000000,1,0,1,1
758620930473708 D 1587,4032749339,1000,1545,1545,2.3700004,-0.00001,-1,-1,-1,0,0,0,136,1,1,131,0.0049125,0.0000000,0.0000000,1,0,1,1
758620931411333 D 1588,4032750339,1000,1545,1545,2.3700004,-0.00001,-1,-1,-1,0,0,0,136,1,1,131,0.0049125,0.0000000,0.0000000,1,0,1,1
758620932239666 D 1589,4032751339,1000,1545,1545,2.3700004,-0.00001,-1,-1,-1,0,0,0,136,1,1,131,0.0049125,0.0000000,0.0000000,1,0,1,1
758620933651375 D 1590,4032752339,1000,1545,1545,2.3700004,-0.00001,39,126,2101,0,0,0,136,1,1,131,0.0049125,0.0000000,0.0000000,1,0,1,1
758620934281416 D 1591,4032753339,1000,1545,1545,2.3700004,-0.00001,-1,-1,-1,0,0,0,136,1,1,131,0.0049125,0.0000000,0.0000000,1,0,1,1
758620935275166 D 1592,4032754339,1000,1545,1545,2.3700004,-0.00001,-1,-1,-1,0,0,0,136,1,1,131,0.0049125,0.0000000,0.0000000,1,0,1,1
758620936243125 D 1593,4032755339,1000,1545,1545,2.3700004,-0.00001,-1,-1,-1,0,0,0,136,1,1,131,0.0049125,0.0000000,0.0000000,1,0,1,1
758620937244708 D 1594,4032756339,1000,1545,1545,2.3700004,-0.00001,-1,-1,-1,0,0,0,136,1,1,131,0.0049125,0.0000000,0.0000000,1,0,1,1
758620938248541 D 1595,4032757339,1000,1545,1545,2.3700004,-0.00001,-1,-1,-1,0,0,0,136,1,1,131,0.0049125,0.0000000,0.0000000,1,0,1,1
758620939272000 D 1596,4032758339,1000,1545,1545,2.3700004,-0.00001,-1,-1,-1,0,0,0,136,1,1,131,0.0049125,0.0000000,0.0000000,1,0,1,1
758620940240750 D 1597,4032759339,1000,1545,1545,2.3700004,-0.00001,-1,-1,-1,0,0,0,136,1,1,131,0.0049125,0.0000000,0.0000000,1,0,1,1
758620941249708 D 1598,4032760339,1000,1545,1545,2.3700004,-0.00001,-1,-1,-1,0,0,0,136,1,1,131,0.0049125,0.0000000,0.0000000,1,0,1,1
758620942234708 D 1599,4032761339,1000,1545,1545,2.3700004,-0.00001,-1,-1,-1,0,0,0,136,1,1,131,0.0049125,0.0000000,0.0000000,1,0,1,1
758620943304083 D 1600,4032762339,1000,1545,1545,2.3700004,-0.00001,-1,-1,-1,0,0,0,136,1,1,131,0.0049125,0.0000000,0.0000000,1,0,1,1
758620944276833 D 1601,4032763339,1000,1545,1545,2.3700004,-0.00001,-1,-1,-1,0,0,0,136,1,1,131,0.0049125,0.0000000,0.0000000,1,0,1,1
758620945277041 D 1602,4032764339,1000,1545,1545,2.3700004,-0.00001,-1,-1,-1,0,0,0,136,1,1,131,0.0049125,0.0000000,0.0000000,1,0,1,1
758620946245291 D 1603,4032765339,1000,1545,1545,2.3700004,-0.00001,-1,-1,-1,0,0,0,136,1,1,131,0.0049125,0.0000000,0.0000000,1,0,1,1
758620947229083 D 1604,4032766339,1000,1545,1545,2.3700004,-0.00000,-1,-1,-1,0,0,0,136,1,1,131,0.0049125,0.0000000,0.0000000,1,0,1,1
758620948245416 D 1605,4032767339,1000,1545,1545,2.3700004,-0.00000,-1,-1,-1,0,0,0,136,1,1,131,0.0049125,0.0000000,0.0000000,1,0,1,1
758620949252125 D 1606,4032768339,1000,1545,1545,2.3700004,-0.00000,-1,-1,-1,0,0,0,136,1,1,131,0.0049125,0.0000000,0.0000000,1,0,1,1
758620950238500 D 1607,4032769339,1000,1545,1545,2.3700004,-0.00000,-1,-1,-1,0,0,0,136,1,1,131,0.0049125,0.0000000,0.0000000,1,0,1,1
758620951225250 D 1608,4032770339,1000,1545,1545,2.3700004,-0.00000,-1,-1,-1,0,0,0,136,1,1,131,0.0049125,0.0000000,0.0000000,1,0,1,1
758620952224541 D 1609,4032771339,1000,1545,1545,2.3700004,-0.00000,-1,-1,-1,0,0,0,136,1,1,131,0.0049125,0.0000000,0.0000000,1,0,1,1
758620953233791 D 1610,4032772339,1000,1545,1545,2.3700004,-0.00000,-1,-1,-1,0,0,0,136,1,1,131,0.0049125,0.0000000,0.0000000,1,0,1,1
758620954227500 D 1611,4032773339,1000,1545,1545,2.3700004,-0.00000,-1,-1,-1,0,0,0,136,1,1,131,0.0049125,0.0000000,0.0000000,1,0,1,1
758620955247458 D 1612,4032774339,1000,1545,1545,2.3700004,-0.00000,-1,-1,-1,0,0,0,136,1,1,131,0.0049125,0.0000000,0.0000000,1,0,1,1
758620956230333 D 1613,4032775339,1000,1545,1545,2.3700004,-0.00000,-1,-1,-1,0,0,0,136,1,1,131,0.0049125,0.0000000,0.0000000,1,0,1,1
758620957231416 D 1614,4032776339,1000,1545,1545,2.3700004,-0.00000,-1,-1,-1,0,0,0,136,1,1,131,0.0049125,0.0000000,0.0000000,1,0,1,1
758620958230000 D 1615,4032777339,1000,1545,1545,2.3700004,-0.00000,-1,-1,-1,0,0,0,136,1,1,131,0.0049125,0.0000000,0.0000000,1,0,1,1
758620959262875 D 1616,4032778339,1000,1545,1545,2.3700004,-0.00000,-1,-1,-1,0,0,0,136,1,1,131,0.0049125,0.0000000,0.0000000,1,0,1,1
758620960484666 D 1617,4032779339,1000,1545,1545,2.3700004,-0.00000,-1,-1,-1,0,0,0,136,1,1,131,0.0049125,0.0000000,0.0000000,1,0,1,1
758620961464708 D 1618,4032780339,1000,1545,1545,2.3700004,-0.00000,-1,-1,-1,0,0,0,136,1,1,131,0.0049125,0.0000000,0.0000000,1,0,1,1
758620962457666 D 1619,4032781339,1000,1545,1545,2.3700004,-0.00000,-1,-1,-1,0,0,0,136,1,1,131,0.0049125,0.0000000,0.0000000,1,0,1,1
758620963274875 D 1620,4032782339,1000,1545,1545,2.3700004,-0.00000,-1,-1,-1,0,0,0,136,1,1,131,0.0049125,0.0000000,0.0000000,1,0,1,1
758620964250416 D 1621,4032783339,1000,1545,1545,2.3700004,-0.00000,-1,-1,-1,0,0,0,136,1,1,131,0.0049125,0.0000000,0.0000000,1,0,1,1
758620965252375 D 1622,4032784339,1000,1545,1545,2.3700004,-0.00000,-1,-1,-1,0,0,0,136,1,1,131,0.0049125,0.0000000,0.0000000,1,0,1,1
758620966239708 D 1623,4032785339,1000,1545,1545,2.3700004,-0.00000,-1,-1,-1,0,0,0,136,1,1,131,0.0049125,0.0000000,0.0000000,1,0,1,1
758620967248958 D 1624,4032786339,1000,1545,1545,2.3700004,-0.00000,-1,-1,-1,0,0,0,136,1,1,131,0.0049125,0.0000000,0.0000000,1,0,1,1
758620968320833 D 1625,4032787339,1000,1545,1545,2.3700004,-0.00000,-1,-1,-1,0,0,0,136,1,1,131,0.0049125,0.0000000,0.0000000,1,0,1,1
758620969228916 D 1626,4032788339,1000,1545,1545,2.3700004,-0.00000,-1,-1,-1,0,0,0,136,1,1,131,0.0049125,0.0000000,0.0000000,1,0,1,1
758620970228708 D 1627,4032789339,1000,1545,1545,2.3700004,-0.00000,-1,-1,-1,0,0,0,136,1,1,131,0.0049125,0.0000000,0.0000000,1,0,1,1
758620971240958 D 1628,4032790339,1000,1545,1545,2.3700004,-0.00000,-1,-1,-1,0,0,0,136,1,1,131,0.0049125,0.0000000,0.0000000,1,0,1,1
758620972276250 D 1629,4032791339,1000,1545,1545,2.3700004,-0.00000,-1,-1,-1,0,0,0,136,1,1,131,0.0049125,0.0000000,0.0000000,1,0,1,1
758620973255166 D 1630,4032792339,1000,1545,1545,2.3700004,-0.00000,-1,-1,-1,0,0,0,136,1,1,131,0.0049125,0.0000000,0.0000000,1,0,1,1
758620974257791 D 1631,4032793339,1000,1545,1545,2.3700004,-0.00000,-1,-1,-1,0,0,0,136,1,1,131,0.0049125,0.0000000,0.0000000,1,0,1,1
758620975255541 D 1632,4032794339,1000,1545,1545,2.3700004,-0.00000,-1,-1,-1,0,0,0,136,1,1,131,0.0049125,0.0000000,0.0000000,1,0,1,1
758620976256291 D 1633,4032795339,1000,1545,1545,2.3700004,-0.00000,-1,-1,-1,0,0,0,136,1,1,131,0.0049125,0.0000000,0.0000000,1,0,1,1
758620977285625 D 1634,4032796339,1000,1545,1545,2.3700004,-0.00000,-1,-1,-1,0,0,0,136,1,1,131,0.0049125,0.0000000,0.0000000,1,0,1,1
758620978267333 D 1635,4032797339,1000,1545,1545,2.3700004,-0.00000,-1,-1,-1,0,0,0,136,1,1,131,0.0049125,0.0000000,0.0000000,1,0,1,1
758620979250750 D 1636,4032798339,1000,1545,1545,2.3700004,-0.00000,-1,-1,-1,0,0,0,136,1,1,131,0.0049125,0.0000000,0.0000000,1,0,1,1
758620980251291 D 1637,4032799339,1000,1545,1545,2.3700004,-0.00000,-1,-1,-1,0,0,0,136,1,1,131,0.0049125,0.0000000,0.0000000,1,0,1,1
758620981238625 D 1638,4032800339,1000,1545,1545,2.3700004,-0.00000,-1,-1,-1,0,0,0,136,1,1,131,0.0049125,0.0000000,0.0000000,1,0,1,1
758620982240375 D 1639,4032801339,1000,1545,1545,2.3700004,-0.00000,-1,-1,-1,0,0,0,136,1,1,131,0.0049125,0.0000000,0.0000000,1,0,1,1
758620983694125 D 1640,4032802339,1000,1545,1545,2.3700004,-0.00000,39,126,2101,0,0,0,136,1,1,131,0.0049125,0.0000000,0.0000000,1,0,1,1
758620984320583 D 1641,4032803339,1000,1545,1545,2.3700004,-0.00000,-1,-1,-1,0,0,0,136,1,1,131,0.0049125,0.0000000,0.0000000,1,0,1,1
758620985230541 D 1642,4032804339,1000,1545,1545,2.3700004,-0.00000,-1,-1,-1,0,0,0,136,1,1,131,0.0049125,0.0000000,0.0000000,1,0,1,1
758620986228083 D 1643,4032805339,1000,1545,1545,2.3700004,-0.00000,-1,-1,-1,0,0,0,136,1,1,131,0.0049125,0.0000000,0.0000000,1,0,1,1
758620987248625 D 1644,4032806339,1000,1545,1545,2.3700004,-0.00000,-1,-1,-1,0,0,0,136,1,1,131,0.0049125,0.0000000,0.0000000,1,0,1,1
758620988268416 D 1645,4032807339,1000,1545,1545,2.3700004,-0.00000,-1,-1,-1,0,0,0,136,1,1,131,0.0049125,0.0000000,0.0000000,1,0,1,1
758620989250541 D 1646,4032808339,1000,1545,1545,2.3700004,-0.00000,-1,-1,-1,0,0,0,136,1,1,131,0.0049125,0.0000000,0.0000000,1,0,1,1
758620990233041 D 1647,4032809339,1000,1545,1545,2.3700004,-0.00000,-1,-1,-1,0,0,0,136,1,1,131,0.0049125,0.0000000,0.0000000,1,0,1,1
758620991300125 D 1648,4032810339,1000,1545,1545,2.3700004,-0.00000,-1,-1,-1,0,0,0,135,1,1,131,0.0049125,0.0000000,0.0000000,1,0,1,1
758620992250833 D 1649,4032811339,1000,1545,1545,2.3700004,-0.00000,-1,-1,-1,0,0,0,136,1,1,131,0.0049125,0.0000000,0.0000000,1,0,1,1
758620993230500 D 1650,4032812339,1000,1545,1545,2.3700004,-0.00000,-1,-1,-1,0,0,0,136,1,1,131,0.0049125,0.0000000,0.0000000,1,0,1,1
758620994514166 D 1651,4032813339,1000,1545,1545,2.3700004,-0.00000,-1,-1,-1,0,0,0,136,1,1,131,0.0049125,0.0000000,0.0000000,1,0,1,1
758620995448500 D 1652,4032814339,1000,1545,1545,2.3700004,-0.00000,-1,-1,-1,0,0,0,136,1,1,131,0.0049125,0.0000000,0.0000000,1,0,1,1
758620996444666 D 1653,4032815339,1000,1545,1545,2.3700004,-0.00000,-1,-1,-1,0,0,0,136,1,1,131,0.0049125,0.0000000,0.0000000,1,0,1,1
758620997295583 D 1654,4032816339,1000,1545,1545,2.3700004,-0.00000,-1,-1,-1,0,0,0,136,1,1,131,0.0049125,0.0000000,0.0000000,1,0,1,1
758620998301583 D 1655,4032817339,1000,1545,1545,2.3700004,-0.00000,-1,-1,-1,0,0,0,135,1,1,131,0.0049125,0.0000000,0.0000000,1,0,1,1
758620999291208 D 1656,4032818339,1000,1545,1545,2.3700004,-0.00000,-1,-1,-1,0,0,0,136,1,1,131,0.0049125,0.0000000,0.0000000,1,0,1,1
758621000303958 D 1657,4032819339,1000,1545,1545,2.3700004,-0.00000,-1,-1,-1,0,0,0,136,1,1,131,0.0049125,0.0000000,0.0000000,1,0,1,1
758621001294958 D 1658,4032820339,1000,1545,1545,2.3700004,-0.00000,-1,-1,-1,0,0,0,136,1,1,131,0.0049125,0.0000000,0.0000000,1,0,1,1
758621002404166 D 1659,4032821339,1000,1546,1546,2.3715343,0.06015,-1,-1,-1,0,0,0,136,1,1,131,0.0049125,0.0000000,0.0000000,1,0,1,1
758621003338250 D 1660,4032822339,1000,1545,1545,2.3700004,-0.00236,-1,-1,-1,0,0,0,136,1,1,131,0.0049125,0.0000000,0.0000000,1,0,1,1
758621004373458 D 1661,4032823339,1000,1545,1545,2.3700004,-0.00227,-1,-1,-1,0,0,0,136,1,1,131,0.0049125,0.0000000,0.0000000,1,0,1,1
758621005281250 D 1662,4032824339,1000,1545,1545,2.3700004,-0.00218,-1,-1,-1,0,0,0,136,1,1,131,0.0049125,0.0000000,0.0000000,1,0,1,1
758621006305708 D 1663,4032825339,1000,1545,1545,2.3700004,-0.00209,-1,-1,-1,0,0,0,136,1,1,131,0.0049125,0.0000000,0.0000000,1,0,1,1
758621007332416 D 1664,4032826339,1000,1545,1545,2.3700004,-0.00201,-1,-1,-1,0,0,0,136,1,1,131,0.0049125,0.0000000,0.0000000,1,0,1,1
758621008286625 D 1665,4032827339,1000,1545,1545,2.3700004,-0.00193,-1,-1,-1,0,0,0,136,1,1,131,0.0049125,0.0000000,0.0000000,1,0,1,1
758621009275708 D 1666,4032828339,1000,1545,1545,2.3700004,-0.00186,-1,-1,-1,0,0,0,136,1,1,131,0.0049125,0.0000000,0.0000000,1,0,1,1
758621010260875 D 1667,4032829339,1000,1545,1545,2.3700004,-0.00178,-1,-1,-1,0,0,0,136,1,1,131,0.0049125,0.0000000,0.0000000,1,0,1,1
758621011249708 D 1668,4032830339,1000,1545,1545,2.3700004,-0.00171,-1,-1,-1,0,0,0,136,1,1,131,0.0049125,0.0000000,0.0000000,1,0,1,1
758621012273250 D 1669,4032831339,1000,1545,1545,2.3700004,-0.00165,-1,-1,-1,0,0,0,136,1,1,131,0.0049125,0.0000000,0.0000000,1,0,1,1
758621013332500 D 1670,4032832339,1000,1545,1545,2.3700004,-0.00158,-1,-1,-1,0,0,0,136,1,1,131,0.0049125,0.0000000,0.0000000,1,0,1,1
758621014333458 D 1671,4032833339,1000,1545,1545,2.3700004,-0.00152,-1,-1,-1,0,0,0,136,1,1,131,0.0049125,0.0000000,0.0000000,1,0,1,1
758621015270291 D 1672,4032834339,1000,1545,1545,2.3700004,-0.00146,-1,-1,-1,0,0,0,136,1,1,131,0.0049125,0.0000000,0.0000000,1,0,1,1
758621016262708 D 1673,4032835339,1000,1545,1545,2.3700004,-0.00140,-1,-1,-1,0,0,0,136,1,1,131,0.0049125,0.0000000,0.0000000,1,0,1,1
758621017247041 D 1674,4032836339,1000,1545,1545,2.3700004,-0.00135,-1,-1,-1,0,0,0,136,1,1,131,0.0049125,0.0000000,0.0000000,1,0,1,1
758621018302875 D 1675,4032837339,1000,1545,1545,2.3700004,-0.00129,-1,-1,-1,0,0,0,136,1,1,131,0.0049125,0.0000000,0.0000000,1,0,1,1
758621019285125 D 1676,4032838339,1000,1545,1545,2.3700004,-0.00124,-1,-1,-1,0,0,0,136,1,1,131,0.0049125,0.0000000,0.0000000,1,0,1,1
758621020314000 D 1677,4032839339,1000,1545,1545,2.3700004,-0.00120,-1,-1,-1,0,0,0,136,1,1,131,0.0049125,0.0000000,0.0000000,1,0,1,1
758621021316583 D 1678,4032840339,1000,1545,1545,2.3700004,-0.00115,-1,-1,-1,0,0,0,136,1,1,131,0.0049125,0.0000000,0.0000000,1,0,1,1
758621022302625 D 1679,4032841339,1000,1545,1545,2.3700004,-0.00110,-1,-1,-1,0,0,0,136,1,1,131,0.0049125,0.0000000,0.0000000,1,0,1,1
758621023358125 D 1680,4032842339,1000,1545,1545,2.3700004,-0.00106,-1,-1,-1,0,0,0,136,1,1,131,0.0049125,0.0000000,0.0000000,1,0,1,1
758621024280833 D 1681,4032843339,1000,1545,1545,2.3700004,-0.00102,-1,-1,-1,0,0,0,136,1,1,131,0.0049125,0.0000000,0.0000000,1,0,1,1
758621025266666 D 1682,4032844339,1000,1545,1545,2.3700004,-0.00098,-1,-1,-1,0,0,0,136,1,1,131,0.0049125,0.0000000,0.0000000,1,0,1,1
758621026246166 D 1683,4032845339,1000,1545,1545,2.3700004,-0.00094,-1,-1,-1,0,0,0,136,1,1,131,0.0049125,0.0000000,0.0000000,1,0,1,1
758621027259625 D 1684,4032846339,1000,1545,1545,2.3700004,-0.00090,-1,-1,-1,0,0,0,136,1,1,131,0.0049125,0.0000000,0.0000000,1,0,1,1
758621028290583 D 1685,4032847339,1000,1545,1545,2.3700004,-0.00087,-1,-1,-1,0,0,0,136,1,1,131,0.0049125,0.0000000,0.0000000,1,0,1,1
758621029294375 D 1686,4032848339,1000,1545,1545,2.3700004,-0.00083,-1,-1,-1,0,0,0,136,1,1,131,0.0049125,0.0000000,0.0000000,1,0,1,1
758621030251958 D 1687,4032849339,1000,1545,1545,2.3700004,-0.00080,-1,-1,-1,0,0,0,136,1,1,131,0.0049125,0.0000000,0.0000000,1,0,1,1
758621031266916 D 1688,4032850339,1000,1545,1545,2.3700004,-0.00077,-1,-1,-1,0,0,0,136,1,1,131,0.0049125,0.0000000,0.0000000,1,0,1,1
758621032254125 D 1689,4032851339,1000,1545,1545,2.3700004,-0.00074,-1,-1,-1,0,0,0,136,1,1,131,0.0049125,0.0000000,0.0000000,1,0,1,1
758621033948208 D 1690,4032852339,1000,1545,1545,2.3700004,-0.00071,39,126,2101,0,0,0,136,1,1,131,0.0049125,0.0000000,0.0000000,1,0,1,1
758621034822833 D 1691,4032853339,1000,1545,1545,2.3700004,-0.00068,-1,-1,-1,0,0,0,136,1,1,131,0.0049125,0.0000000,0.0000000,1,0,1,1
758621035646666 D 1692,4032854339,1000,1545,1545,2.3700004,-0.00066,-1,-1,-1,0,0,0,136,1,1,131,0.0049125,0.0000000,0.0000000,1,0,1,1
758621036271708 D 1693,4032855339,1000,1545,1545,2.3700004,-0.00063,-1,-1,-1,0,0,0,136,1,1,131,0.0049125,0.0000000,0.0000000,1,0,1,1
758621037250625 D 1694,4032856339,1000,1545,1545,2.3700004,-0.00061,-1,-1,-1,0,0,0,136,1,1,131,0.0049125,0.0000000,0.0000000,1,0,1,1
758621038262000 D 1695,4032857339,1000,1545,1545,2.3700004,-0.00058,-1,-1,-1,0,0,0,136,1,1,131,0.0049125,0.0000000,0.0000000,1,0,1,1
758621039261041 D 1696,4032858339,1000,1545,1545,2.3700004,-0.00056,-1,-1,-1,0,0,0,136,1,1,131,0.0049125,0.0000000,0.0000000,1,0,1,1
758621040263208 D 1697,4032859339,1000,1545,1545,2.3700004,-0.00054,-1,-1,-1,0,0,0,136,1,1,131,0.0049125,0.0000000,0.0000000,1,0,1,1
758621041239791 D 1698,4032860339,1000,1545,1545,2.3700004,-0.00052,-1,-1,-1,0,0,0,136,1,1,131,0.0049125,0.0000000,0.0000000,1,0,1,1
758621042289416 D 1699,4032861339,1000,1545,1545,2.3700004,-0.00050,-1,-1,-1,0,0,0,136,1,1,131,0.0049125,0.0000000,0.0000000,1,0,1,1
758621043250041 D 1700,4032862339,1000,1545,1545,2.3700004,-0.00048,-1,-1,-1,0,0,0,136,1,1,131,0.0049125,0.0000000,0.0000000,1,0,1,1
758621044274958 D 1701,4032863339,1000,1545,1545,2.3700004,-0.00046,-1,-1,-1,0,0,0,136,1,1,131,0.0049125,0.0000000,0.0000000,1,0,1,1
758621045261750 D 1702,4032864339,1000,1545,1545,2.3700004,-0.00044,-1,-1,-1,0,0,0,136,1,1,131,0.0049125,0.0000000,0.0000000,1,0,1,1
758621046246541 D 1703,4032865339,1000,1545,1545,2.3700004,-0.00042,-1,-1,-1,0,0,0,136,1,1,131,0.0049125,0.0000000,0.0000000,1,0,1,1
758621047309958 D 1704,4032866339,1000,1545,1545,2.3700004,-0.00041,-1,-1,-1,0,0,0,136,1,1,131,0.0049125,0.0000000,0.0000000,1,0,1,1
758621048248291 D 1705,4032867339,1000,1546,1546,2.3715343,0.05976,-1,-1,-1,0,0,0,136,1,1,131,0.0049125,0.0000000,0.0000000,1,0,1,1
758621049242375 D 1706,4032868339,1000,1545,1545,2.3700004,-0.00273,-1,-1,-1,0,0,0,136,1,1,131,0.0049125,0.0000000,0.0000000,1,0,1,1
758621050282541 D 1707,4032869339,1000,1545,1545,2.3700004,-0.00263,-1,-1,-1,0,0,0,136,1,1,131,0.0049125,0.0000000,0.0000000,1,0,1,1
758621051223000 D 1708,4032870339,1000,1545,1545,2.3700004,-0.00252,-1,-1,-1,0,0,0,136,1,1,131,0.0049125,0.0000000,0.0000000,1,0,1,1
758621052323708 D 1709,4032871339,1000,1545,1545,2.3700004,-0.00242,-1,-1,-1,0,0,0,136,1,1,131,0.0049125,0.0000000,0.0000000,1,0,1,1
758621053382666 D 1710,4032872339,1000,1545,1545,2.3700004,-0.00233,-1,-1,-1,0,0,0,136,1,1,131,0.0049125,0.0000000,0.0000000,1,0,1,1
758621054421541 D 1711,4032873339,1000,1545,1545,2.3700004,-0.00224,-1,-1,-1,0,0,0,135,1,1,131,0.0049125,0.0000000,0.0000000,1,0,1,1
758621055450416 D 1712,4032874339,1000,1545,1545,2.3700004,-0.00215,-1,-1,-1,0,0,0,136,1,1,131,0.0049125,0.0000000,0.0000000,1,0,1,1
758621056310666 D 1713,4032875339,1000,1545,1545,2.3700004,-0.00207,-1,-1,-1,0,0,0,136,1,1,131,0.0049125,0.0000000,0.0000000,1,0,1,1
758621057300875 D 1714,4032876339,1000,1545,1545,2.3700004,-0.00198,-1,-1,-1,0,0,0,136,1,1,131,0.0049125,0.0000000,0.0000000,1,0,1,1
758621058256083 D 1715,4032877339,1000,1545,1545,2.3700004,-0.00191,-1,-1,-1,0,0,0,136,1,1,131,0.0049125,0.0000000,0.0000000,1,0,1,1
758621059254416 D 1716,4032878339,1000,1545,1545,2.3700004,-0.00183,-1,-1,-1,0,0,0,136,1,1,131,0.0049125,0.0000000,0.0000000,1,0,1,1
758621060250958 D 1717,4032879339,1000,1545,1545,2.3700004,-0.00176,-1,-1,-1,0,0,0,136,1,1,131,0.0049125,0.0000000,0.0000000,1,0,1,1
758621061273041 D 1718,4032880339,1000,1545,1545,2.3700004,-0.00169,-1,-1,-1,0,0,0,136,1,1,131,0.0049125,0.0000000,0.0000000,1,0,1,1
758621062240625 D 1719,4032881339,1000,1545,1545,2.3700004,-0.00162,-1,-1,-1,0,0,0,136,1,1,131,0.0049125,0.0000000,0.0000000,1,0,1,1
758621063242083 D 1720,4032882339,1000,1545,1545,2.3700004,-0.00156,-1,-1,-1,0,0,0,136,1,1,131,0.0049125,0.0000000,0.0000000,1,0,1,1
758621064247375 D 1721,4032883339,1000,1545,1545,2.3700004,-0.00150,-1,-1,-1,0,0,0,136,1,1,131,0.0049125,0.0000000,0.0000000,1,0,1,1
758621065236291 D 1722,4032884339,1000,1545,1545,2.3700004,-0.00144,-1,-1,-1,0,0,0,136,1,1,131,0.0049125,0.0000000,0.0000000,1,0,1,1
758621066249541 D 1723,4032885339,1000,1545,1545,2.3700004,-0.00138,-1,-1,-1,0,0,0,136,1,1,131,0.0049125,0.0000000,0.0000000,1,0,1,1
758621067262625 D 1724,4032886339,1000,1545,1545,2.3700004,-0.00133,-1,-1,-1,0,0,0,136,1,1,131,0.0049125,0.0000000,0.0000000,1,0,1,1
758621068245333 D 1725,4032887339,1000,1545,1545,2.3700004,-0.00128,-1,-1,-1,0,0,0,136,1,1,131,0.0049125,0.0000000,0.0000000,1,0,1,1
758621069273166 D 1726,4032888339,1000,1545,1545,2.3700004,-0.00123,-1,-1,-1,0,0,0,136,1,1,131,0.0049125,0.0000000,0.0000000,1,0,1,1
758621070237083 D 1727,4032889339,1000,1545,1545,2.3700004,-0.00118,-1,-1,-1,0,0,0,136,1,1,131,0.0049125,0.0000000,0.0000000,1,0,1,1
758621071257708 D 1728,4032890339,1000,1545,1545,2.3700004,-0.00113,-1,-1,-1,0,0,0,136,1,1,131,0.0049125,0.0000000,0.0000000,1,0,1,1
758621072489458 D 1729,4032891339,1000,1545,1545,2.3700004,-0.00109,-1,-1,-1,0,0,0,136,1,1,131,0.0049125,0.0000000,0.0000000,1,0,1,1
758621073481916 D 1730,4032892339,1000,1545,1545,2.3700004,-0.00105,-1,-1,-1,0,0,0,136,1,1,131,0.0049125,0.0000000,0.0000000,1,0,1,1
758621074469500 D 1731,4032893339,1000,1545,1545,2.3700004,-0.00101,-1,-1,-1,0,0,0,136,1,1,131,0.0049125,0.0000000,0.0000000,1,0,1,1
758621075370333 D 1732,4032894339,1000,1545,1545,2.3700004,-0.00097,-1,-1,-1,0,0,0,136,1,1,131,0.0049125,0.0000000,0.0000000,1,0,1,1
758621076240000 D 1733,4032895339,1000,1545,1545,2.3700004,-0.00093,-1,-1,-1,0,0,0,136,1,1,131,0.0049125,0.0000000,0.0000000,1,0,1,1
758621077257916 D 1734,4032896339,1000,1545,1545,2.3700004,-0.00089,-1,-1,-1,0,0,0,136,1,1,131,0.0049125,0.0000000,0.0000000,1,0,1,1
758621078236958 D 1735,4032897339,1000,1545,1545,2.3700004,-0.00086,-1,-1,-1,0,0,0,136,1,1,131,0.0049125,0.0000000,0.0000000,1,0,1,1
758621079231791 D 1736,4032898339,1000,1545,1545,2.3700004,-0.00082,-1,-1,-1,0,0,0,136,1,1,131,0.0049125,0.0000000,0.0000000,1,0,1,1
758621080236166 D 1737,4032899339,1000,1545,1545,2.3700004,-0.00079,-1,-1,-1,0,0,0,136,1,1,131,0.0049125,0.0000000,0.0000000,1,0,1,1
758621081231458 D 1738,4032900339,1000,1545,1545,2.3700004,-0.00076,-1,-1,-1,0,0,0,136,1,1,131,0.0049125,0.0000000,0.0000000,1,0,1,1
758621082242750 D 1739,4032901339,1000,1545,1545,2.3700004,-0.00073,-1,-1,-1,0,0,0,136,1,1,131,0.0049125,0.0000000,0.0000000,1,0,1,1
758621083685791 D 1740,4032902339,1000,1545,1545,2.3700004,-0.00070,39,126,2100,0,0,0,136,1,1,131,0.0049125,0.0000000,0.0000000,1,0,1,1
758621084326291 D 1741,4032903339,1000,1545,1545,2.3700004,-0.00067,-1,-1,-1,0,0,0,136,1,1,131,0.0049125,0.0000000,0.0000000,1,0,1,1
758621085266166 D 1742,4032904339,1000,1546,1546,2.3715343,0.05950,-1,-1,-1,0,0,0,136,1,1,131,0.0049125,0.0000000,0.0000000,1,0,1,1
758621086266666 D 1743,4032905339,1000,1545,1545,2.3700004,-0.00298,-1,-1,-1,0,0,0,136,1,1,131,0.0049125,0.0000000,0.0000000,1,0,1,1
758621087269291 D 1744,4032906339,1000,1545,1545,2.3700004,-0.00286,-1,-1,-1,0,0,0,136,1,1,131,0.0049125,0.0000000,0.0000000,1,0,1,1
758621088271833 D 1745,4032907339,1000,1545,1545,2.3700004,-0.00275,-1,-1,-1,0,0,0,136,1,1,131,0.0049125,0.0000000,0.0000000,1,0,1,1
758621089239750 D 1746,4032908339,1000,1545,1545,2.3700004,-0.00264,-1,-1,-1,0,0,0,136,1,1,131,0.0049125,0.0000000,0.0000000,1,0,1,1
758621090253333 D 1747,4032909339,1000,1545,1545,2.3700004,-0.00254,-1,-1,-1,0,0,0,136,1,1,131,0.0049125,0.0000000,0.0000000,1,0,1,1
758621091231083 D 1748,4032910339,1000,1545,1545,2.3700004,-0.00244,-1,-1,-1,0,0,0,136,1,1,131,0.0049125,0.0000000,0.0000000,1,0,1,1
758621092280958 D 1749,4032911339,1000,1545,1545,2.3700004,-0.00234,-1,-1,-1,0,0,0,136,1,1,131,0.0049125,0.0000000,0.0000000,1,0,1,1
758621093288041 D 1750,4032912339,1000,1545,1545,2.3700004,-0.00225,-1,-1,-1,0,0,0,136,1,1,131,0.0049125,0.0000000,0.0000000,1,0,1,1
758621094228208 D 1751,4032913339,1000,1545,1545,2.3700004,-0.00216,-1,-1,-1,0,0,0,136,1,1,131,0.0049125,0.0000000,0.0000000,1,0,1,1
758621095234666 D 1752,4032914339,1000,1545,1545,2.3700004,-0.00208,-1,-1,-1,0,0,0,136,1,1,131,0.0049125,0.0000000,0.0000000,1,0,1,1
758621096223375 D 1753,4032915339,1000,1545,1545,2.3700004,-0.00200,-1,-1,-1,0,0,0,136,1,1,131,0.0049125,0.0000000,0.0000000,1,0,1,1
758621097227166 D 1754,4032916339,1000,1545,1545,2.3700004,-0.00192,-1,-1,-1,0,0,0,136,1,1,131,0.0049125,0.0000000,0.0000000,1,0,1,1
758621098260375 D 1755,4032917339,1000,1545,1545,2.3700004,-0.00184,-1,-1,-1,0,0,0,136,1,1,131,0.0049125,0.0000000,0.0000000,1,0,1,1
758621099245166 D 1756,4032918339,1000,1545,1545,2.3700004,-0.00177,-1,-1,-1,0,0,0,136,1,1,131,0.0049125,0.0000000,0.0000000,1,0,1,1
758621100236208 D 1757,4032919339,1000,1545,1545,2.3700004,-0.00170,-1,-1,-1,0,0,0,136,1,1,131,0.0049125,0.0000000,0.0000000,1,0,1,1
758621101260208 D 1758,4032920339,1000,1545,1545,2.3700004,-0.00164,-1,-1,-1,0,0,0,136,1,1,131,0.0049125,0.0000000,0.0000000,1,0,1,1
758621102230791 D 1759,4032921339,1000,1545,1545,2.3700004,-0.00157,-1,-1,-1,0,0,0,136,1,1,131,0.0049125,0.0000000,0.0000000,1,0,1,1
758621103290666 D 1760,4032922339,1000,1545,1545,2.3700004,-0.00151,-1,-1,-1,0,0,0,136,1,1,131,0.0049125,0.0000000,0.0000000,1,0,1,1
758621104481041 D 1761,4032923339,1000,1545,1545,2.3700004,-0.00145,-1,-1,-1,0,0,0,136,1,1,131,0.0049125,0.0000000,0.0000000,1,0,1,1
758621105582208 D 1762,4032924339,1000,1545,1545,2.3700004,-0.00139,-1,-1,-1,0,0,0,136,1,1,131,0.0049125,0.0000000,0.0000000,1,0,1,1
758621106467166 D 1763,4032925339,1000,1545,1545,2.3700004,-0.00134,-1,-1,-1,0,0,0,136,1,1,131,0.0049125,0.0000000,0.0000000,1,0,1,1
758621107291041 D 1764,4032926339,1000,1545,1545,2.3700004,-0.00129,-1,-1,-1,0,0,0,136,1,1,131,0.0049125,0.0000000,0.0000000,1,0,1,1
758621108347041 D 1765,4032927339,1000,1545,1545,2.3700004,-0.00124,-1,-1,-1,0,0,0,136,1,1,131,0.0049125,0.0000000,0.0000000,1,0,1,1
758621109264875 D 1766,4032928339,1000,1545,1545,2.3700004,-0.00119,-1,-1,-1,0,0,0,136,1,1,131,0.0049125,0.0000000,0.0000000,1,0,1,1
758621110236041 D 1767,4032929339,1000,1545,1545,2.3700004,-0.00114,-1,-1,-1,0,0,0,136,1,1,131,0.0049125,0.0000000,0.0000000,1,0,1,1
758621111245916 D 1768,4032930339,1000,1545,1545,2.3700004,-0.00110,-1,-1,-1,0,0,0,136,1,1,131,0.0049125,0.0000000,0.0000000,1,0,1,1
758621112247458 D 1769,4032931339,1000,1545,1545,2.3700004,-0.00105,-1,-1,-1,0,0,0,136,1,1,131,0.0049125,0.0000000,0.0000000,1,0,1,1
758621113215583 D 1770,4032932339,1000,1545,1545,2.3700004,-0.00101,-1,-1,-1,0,0,0,136,1,1,131,0.0049125,0.0000000,0.0000000,1,0,1,1
758621114243500 D 1771,4032933339,1000,1545,1545,2.3700004,-0.00097,-1,-1,-1,0,0,0,136,1,1,131,0.0049125,0.0000000,0.0000000,1,0,1,1
758621115235083 D 1772,4032934339,1000,1545,1545,2.3700004,-0.00093,-1,-1,-1,0,0,0,136,1,1,131,0.0049125,0.0000000,0.0000000,1,0,1,1
758621116223458 D 1773,4032935339,1000,1545,1545,2.3700004,-0.00090,-1,-1,-1,0,0,0,136,1,1,131,0.0049125,0.0000000,0.0000000,1,0,1,1
758621117281375 D 1774,4032936339,1000,1545,1545,2.3700004,-0.00086,-1,-1,-1,0,0,0,136,1,1,131,0.0049125,0.0000000,0.0000000,1,0,1,1
758621118342208 D 1775,4032937339,1000,1545,1545,2.3700004,-0.00083,-1,-1,-1,0,0,0,136,1,1,131,0.0049125,0.0000000,0.0000000,1,0,1,1
758621119308500 D 1776,4032938339,1000,1545,1545,2.3700004,-0.00080,-1,-1,-1,0,0,0,136,1,1,131,0.0049125,0.0000000,0.0000000,1,0,1,1
758621120268791 D 1777,4032939339,1000,1545,1545,2.3700004,-0.00077,-1,-1,-1,0,0,0,136,1,1,131,0.0049125,0.0000000,0.0000000,1,0,1,1
758621121286250 D 1778,4032940339,1000,1545,1545,2.3700004,-0.00074,-1,-1,-1,0,0,0,136,1,1,131,0.0049125,0.0000000,0.0000000,1,0,1,1
758621122336833 D 1779,4032941339,1000,1545,1545,2.3700004,-0.00071,-1,-1,-1,0,0,0,136,1,1,131,0.0049125,0.0000000,0.0000000,1,0,1,1
758621123284166 D 1780,4032942339,1000,1545,1545,2.3700004,-0.00068,-1,-1,-1,0,0,0,136,1,1,131,0.0049125,0.0000000,0.0000000,1,0,1,1
758621124347416 D 1781,4032943339,1000,1545,1545,2.3700004,-0.00065,-1,-1,-1,0,0,0,136,1,1,131,0.0049125,0.0000000,0.0000000,1,0,1,1
758621125350958 D 1782,4032944339,1000,1545,1545,2.3700004,-0.00063,-1,-1,-1,0,0,0,136,1,1,131,0.0049125,0.0000000,0.0000000,1,0,1,1
758621126276916 D 1783,4032945339,1000,1545,1545,2.3700004,-0.00060,-1,-1,-1,0,0,0,136,1,1,131,0.0049125,0.0000000,0.0000000,1,0,1,1
758621127315750 D 1784,4032946339,1000,1545,1545,2.3700004,-0.00058,-1,-1,-1,0,0,0,136,1,1,131,0.0049125,0.0000000,0.0000000,1,0,1,1
758621128255416 D 1785,4032947339,1000,1545,1545,2.3700004,-0.00056,-1,-1,-1,0,0,0,136,1,1,131,0.0049125,0.0000000,0.0000000,1,0,1,1
758621129250166 D 1786,4032948339,1000,1545,1545,2.3700004,-0.00053,-1,-1,-1,0,0,0,136,1,1,131,0.0049125,0.0000000,0.0000000,1,0,1,1
758621130293625 D 1787,4032949339,1000,1545,1545,2.3700004,-0.00051,-1,-1,-1,0,0,0,136,1,1,131,0.0049125,0.0000000,0.0000000,1,0,1,1
758621131258916 D 1788,4032950339,1000,1545,1545,2.3700004,-0.00049,-1,-1,-1,0,0,0,135,1,1,131,0.0049125,0.0000000,0.0000000,1,0,1,1
758621132296291 D 1789,4032951339,1000,1545,1545,2.3700004,-0.00047,-1,-1,-1,0,0,0,136,1,1,131,0.0049125,0.0000000,0.0000000,1,0,1,1
758621133634583 D 1790,4032952339,1000,1545,1545,2.3700004,-0.00045,39,126,2100,0,0,0,136,1,1,131,0.0049125,0.0000000,0.0000000,1,0,1,1
758621134260041 D 1791,4032953339,1000,1545,1545,2.3700004,-0.00044,-1,-1,-1,0,0,0,136,1,1,131,0.0049125,0.0000000,0.0000000,1,0,1,1
758621135274833 D 1792,4032954339,1000,1545,1545,2.3700004,-0.00042,-1,-1,-1,0,0,0,136,1,1,131,0.0049125,0.0000000,0.0000000,1,0,1,1
758621136266000 D 1793,4032955339,1000,1545,1545,2.3700004,-0.00040,-1,-1,-1,0,0,0,136,1,1,131,0.0049125,0.0000000,0.0000000,1,0,1,1
758621137235541 D 1794,4032956339,1000,1545,1545,2.3700004,-0.00039,-1,-1,-1,0,0,0,136,1,1,131,0.0049125,0.0000000,0.0000000,1,0,1,1
758621138241458 D 1795,4032957339,1000,1545,1545,2.3700004,-0.00037,-1,-1,-1,0,0,0,136,1,1,131,0.0049125,0.0000000,0.0000000,1,0,1,1
758621139239750 D 1796,4032958339,1000,1545,1545,2.3700004,-0.00036,-1,-1,-1,0,0,0,136,1,1,131,0.0049125,0.0000000,0.0000000,1,0,1,1
758621140235916 D 1797,4032959339,1000,1545,1545,2.3700004,-0.00034,-1,-1,-1,0,0,0,136,1,1,131,0.0049125,0.0000000,0.0000000,1,0,1,1
758621141261458 D 1798,4032960339,1000,1545,1545,2.3700004,-0.00033,-1,-1,-1,0,0,0,136,1,1,131,0.0049125,0.0000000,0.0000000,1,0,1,1
758621142225041 D 1799,4032961339,1000,1545,1545,2.3700004,-0.00032,-1,-1,-1,0,0,0,136,1,1,131,0.0049125,0.0000000,0.0000000,1,0,1,1
758621143234041 D 1800,4032962339,1000,1546,1546,2.3715343,0.05984,-1,-1,-1,0,0,0,136,1,1,131,0.0049125,0.0000000,0.0000000,1,0,1,1
758621144474916 D 1801,4032963339,1000,1545,1545,2.3700004,-0.00265,-1,-1,-1,0,0,0,136,1,1,131,0.0049125,0.0000000,0.0000000,1,0,1,1
758621145462500 D 1802,4032964339,1000,1545,1545,2.3700004,-0.00255,-1,-1,-1,0,0,0,135,1,1,131,0.0049125,0.0000000,0.0000000,1,0,1,1
758621146412708 D 1803,4032965339,1000,1545,1545,2.3700004,-0.00245,-1,-1,-1,0,0,0,136,1,1,131,0.0049125,0.0000000,0.0000000,1,0,1,1
758621147252125 D 1804,4032966339,1000,1545,1545,2.3700004,-0.00235,-1,-1,-1,0,0,0,136,1,1,131,0.0049125,0.0000000,0.0000000,1,0,1,1
758621148253083 D 1805,4032967339,1000,1545,1545,2.3700004,-0.00226,-1,-1,-1,0,0,0,136,1,1,131,0.0049125,0.0000000,0.0000000,1,0,1,1
758621149234166 D 1806,4032968339,1000,1545,1545,2.3700004,-0.00217,-1,-1,-1,0,0,0,136,1,1,131,0.0049125,0.0000000,0.0000000,1,0,1,1
758621150250416 D 1807,4032969339,1000,1545,1545,2.3700004,-0.00209,-1,-1,-1,0,0,0,136,1,1,131,0.0049125,0.0000000,0.0000000,1,0,1,1
758621151274875 D 1808,4032970339,1000,1545,1545,2.3700004,-0.00200,-1,-1,-1,0,0,0,136,1,1,131,0.0049125,0.0000000,0.0000000,1,0,1,1
758621152239333 D 1809,4032971339,1000,1545,1545,2.3700004,-0.00193,-1,-1,-1,0,0,0,136,1,1,131,0.0049125,0.0000000,0.0000000,1,0,1,1
758621153230750 D 1810,4032972339,1000,1545,1545,2.3700004,-0.00185,-1,-1,-1,0,0,0,136,1,1,131,0.0049125,0.0000000,0.0000000,1,0,1,1
758621154229791 D 1811,4032973339,1000,1545,1545,2.3700004,-0.00178,-1,-1,-1,0,0,0,136,1,1,131,0.0049125,0.0000000,0.0000000,1,0,1,1
758621155226958 D 1812,4032974339,1000,1545,1545,2.3700004,-0.00171,-1,-1,-1,0,0,0,136,1,1,131,0.0049125,0.0000000,0.0000000,1,0,1,1
758621156300083 D 1813,4032975339,1000,1545,1545,2.3700004,-0.00164,-1,-1,-1,0,0,0,136,1,1,131,0.0049125,0.0000000,0.0000000,1,0,1,1
758621157257833 D 1814,4032976339,1000,1545,1545,2.3700004,-0.00158,-1,-1,-1,0,0,0,136,1,1,131,0.0049125,0.0000000,0.0000000,1,0,1,1
758621158261625 D 1815,4032977339,1000,1545,1545,2.3700004,-0.00151,-1,-1,-1,0,0,0,136,1,1,131,0.0049125,0.0000000,0.0000000,1,0,1,1
758621159254458 D 1816,4032978339,1000,1545,1545,2.3700004,-0.00146,-1,-1,-1,0,0,0,136,1,1,131,0.0049125,0.0000000,0.0000000,1,0,1,1
758621160253916 D 1817,4032979339,1000,1545,1545,2.3700004,-0.00140,-1,-1,-1,0,0,0,136,1,1,131,0.0049125,0.0000000,0.0000000,1,0,1,1
758621161230791 D 1818,4032980339,1000,1545,1545,2.3700004,-0.00134,-1,-1,-1,0,0,0,136,1,1,131,0.0049125,0.0000000,0.0000000,1,0,1,1
758621162240500 D 1819,4032981339,1000,1545,1545,2.3700004,-0.00129,-1,-1,-1,0,0,0,136,1,1,131,0.0049125,0.0000000,0.0000000,1,0,1,1
758621163271333 D 1820,4032982339,1000,1545,1545,2.3700004,-0.00124,-1,-1,-1,0,0,0,136,1,1,131,0.0049125,0.0000000,0.0000000,1,0,1,1
758621164238291 D 1821,4032983339,1000,1545,1545,2.3700004,-0.00119,-1,-1,-1,0,0,0,136,1,1,131,0.0049125,0.0000000,0.0000000,1,0,1,1
758621165228291 D 1822,4032984339,1000,1545,1545,2.3700004,-0.00114,-1,-1,-1,0,0,0,136,1,1,131,0.0049125,0.0000000,0.0000000,1,0,1,1
758621166232083 D 1823,4032985339,1000,1545,1545,2.3700004,-0.00110,-1,-1,-1,0,0,0,136,1,1,131,0.0049125,0.0000000,0.0000000,1,0,1,1
758621167265166 D 1824,4032986339,1000,1545,1545,2.3700004,-0.00106,-1,-1,-1,0,0,0,136,1,1,131,0.0049125,0.0000000,0.0000000,1,0,1,1
758621168276250 D 1825,4032987339,1000,1545,1545,2.3700004,-0.00102,-1,-1,-1,0,0,0,136,1,1,131,0.0049125,0.0000000,0.0000000,1,0,1,1
758621169237250 D 1826,4032988339,1000,1545,1545,2.3700004,-0.00098,-1,-1,-1,0,0,0,136,1,1,131,0.0049125,0.0000000,0.0000000,1,0,1,1
758621170265458 D 1827,4032989339,1000,1545,1545,2.3700004,-0.00094,-1,-1,-1,0,0,0,136,1,1,131,0.0049125,0.0000000,0.0000000,1,0,1,1
758621171250791 D 1828,4032990339,1000,1545,1545,2.3700004,-0.00090,-1,-1,-1,0,0,0,136,1,1,131,0.0049125,0.0000000,0.0000000,1,0,1,1
758621172266375 D 1829,4032991339,1000,1545,1545,2.3700004,-0.00087,-1,-1,-1,0,0,0,136,1,1,131,0.0049125,0.0000000,0.0000000,1,0,1,1
758621173278125 D 1830,4032992339,1000,1545,1545,2.3700004,-0.00083,-1,-1,-1,0,0,0,136,1,1,131,0.0049125,0.0000000,0.0000000,1,0,1,1
758621174269500 D 1831,4032993339,1000,1545,1545,2.3700004,-0.00080,-1,-1,-1,0,0,0,136,1,1,131,0.0049125,0.0000000,0.0000000,1,0,1,1
758621175475541 D 1832,4032994339,1000,1545,1545,2.3700004,-0.00077,-1,-1,-1,0,0,0,136,1,1,131,0.0049125,0.0000000,0.0000000,1,0,1,1
758621176476333 D 1833,4032995339,1000,1545,1545,2.3700004,-0.00074,-1,-1,-1,0,0,0,136,1,1,131,0.0049125,0.0000000,0.0000000,1,0,1,1
758621177455000 D 1834,4032996339,1000,1545,1545,2.3700004,-0.00071,-1,-1,-1,0,0,0,136,1,1,131,0.0049125,0.0000000,0.0000000,1,0,1,1
758621178326833 D 1835,4032997339,1000,1545,1545,2.3700004,-0.00068,-1,-1,-1,0,0,0,136,1,1,131,0.0049125,0.0000000,0.0000000,1,0,1,1
758621179262208 D 1836,4032998339,1000,1545,1545,2.3700004,-0.00065,-1,-1,-1,0,0,0,136,1,1,131,0.0049125,0.0000000,0.0000000,1,0,1,1
758621180238125 D 1837,4032999339,1000,1545,1545,2.3700004,-0.00063,-1,-1,-1,0,0,0,136,1,1,131,0.0049125,0.0000000,0.0000000,1,0,1,1
758621181278583 D 1838,4033000339,1000,1545,1545,2.3700004,-0.00060,-1,-1,-1,0,0,0,136,1,1,131,0.0049125,0.0000000,0.0000000,1,0,1,1
758621182296083 D 1839,4033001339,1000,1545,1545,2.3700004,-0.00058,-1,-1,-1,0,0,0,136,1,1,131,0.0049125,0.0000000,0.0000000,1,0,1,1
758621183725833 D 1840,4033002339,1000,1545,1545,2.3700004,-0.00056,39,126,2100,0,0,0,136,1,1,131,0.0049125,0.0000000,0.0000000,1,0,1,1
758621184393458 D 1841,4033003339,1000,1545,1545,2.3700004,-0.00054,-1,-1,-1,0,0,0,136,1,1,131,0.0049125,0.0000000,0.0000000,1,0,1,1
758621185362916 D 1842,4033004339,1000,1545,1545,2.3700004,-0.00051,-1,-1,-1,0,0,0,136,1,1,131,0.0049125,0.0000000,0.0000000,1,0,1,1
758621186351625 D 1843,4033005339,1000,1545,1545,2.3700004,-0.00049,-1,-1,-1,0,0,0,136,1,1,131,0.0049125,0.0000000,0.0000000,1,0,1,1
758621187429833 D 1844,4033006339,1000,1545,1545,2.3700004,-0.00047,-1,-1,-1,0,0,0,136,1,1,131,0.0049125,0.0000000,0.0000000,1,0,1,1
758621188517875 D 1845,4033007339,1000,1545,1545,2.3700004,-0.00046,-1,-1,-1,0,0,0,136,1,1,131,0.0049125,0.0000000,0.0000000,1,0,1,1
758621189886666 D 1846,4033008339,1000,1545,1545,2.3700004,-0.00044,-1,-1,-1,0,0,0,136,1,1,131,0.0049125,0.0000000,0.0000000,1,0,1,1
758621190657416 D 1847,4033009339,1000,1545,1545,2.3700004,-0.00042,-1,-1,-1,0,0,0,136,1,1,131,0.0049125,0.0000000,0.0000000,1,0,1,1
758621191418000 D 1848,4033010339,1000,1545,1545,2.3700004,-0.00040,-1,-1,-1,0,0,0,136,1,1,131,0.0049125,0.0000000,0.0000000,1,0,1,1
758621192244125 D 1849,4033011339,1000,1545,1545,2.3700004,-0.00039,-1,-1,-1,0,0,0,136,1,1,131,0.0049125,0.0000000,0.0000000,1,0,1,1
758621193218291 D 1850,4033012339,1000,1545,1545,2.3700004,-0.00037,-1,-1,-1,0,0,0,136,1,1,131,0.0049125,0.0000000,0.0000000,1,0,1,1
758621194294041 D 1851,4033013339,1000,1545,1545,2.3700004,-0.00036,-1,-1,-1,0,0,0,136,1,1,131,0.0049125,0.0000000,0.0000000,1,0,1,1
758621195273208 D 1852,4033014339,1000,1545,1545,2.3700004,-0.00034,-1,-1,-1,0,0,0,136,1,1,131,0.0049125,0.0000000,0.0000000,1,0,1,1
758621196261583 D 1853,4033015339,1000,1545,1545,2.3700004,-0.00033,-1,-1,-1,0,0,0,136,1,1,131,0.0049125,0.0000000,0.0000000,1,0,1,1
758621197219500 D 1854,4033016339,1000,1545,1545,2.3700004,-0.00032,-1,-1,-1,0,0,0,136,1,1,131,0.0049125,0.0000000,0.0000000,1,0,1,1
758621198260833 D 1855,4033017339,1000,1545,1545,2.3700004,-0.00031,-1,-1,-1,0,0,0,136,1,1,131,0.0049125,0.0000000,0.0000000,1,0,1,1
758621199243041 D 1856,4033018339,1000,1545,1545,2.3700004,-0.00029,-1,-1,-1,0,0,0,136,1,1,131,0.0049125,0.0000000,0.0000000,1,0,1,1
758621200305083 D 1857,4033019339,1000,1545,1545,2.3700004,-0.00028,-1,-1,-1,0,0,0,136,1,1,131,0.0049125,0.0000000,0.0000000,1,0,1,1
758621201322958 D 1858,4033020339,1000,1545,1545,2.3700004,-0.00027,-1,-1,-1,0,0,0,135,1,1,131,0.0049125,0.0000000,0.0000000,1,0,1,1
758621202295041 D 1859,4033021339,1000,1545,1545,2.3700004,-0.00026,-1,-1,-1,0,0,0,136,1,1,131,0.0049125,0.0000000,0.0000000,1,0,1,1
758621203342583 D 1860,4033022339,1000,1545,1545,2.3700004,-0.00025,-1,-1,-1,0,0,0,136,1,1,131,0.0049125,0.0000000,0.0000000,1,0,1,1
758621204363083 D 1861,4033023339,1000,1545,1545,2.3700004,-0.00024,-1,-1,-1,0,0,0,136,1,1,131,0.0049125,0.0000000,0.0000000,1,0,1,1
758621205257416 D 1862,4033024339,1000,1545,1545,2.3700004,-0.00023,-1,-1,-1,0,0,0,136,1,1,131,0.0049125,0.0000000,0.0000000,1,0,1,1
758621206226166 D 1863,4033025339,1000,1545,1545,2.3700004,-0.00022,-1,-1,-1,0,0,0,136,1,1,131,0.0049125,0.0000000,0.0000000,1,0,1,1
758621207239083 D 1864,4033026339,1000,1545,1545,2.3700004,-0.00021,-1,-1,-1,0,0,0,136,1,1,131,0.0049125,0.0000000,0.0000000,1,0,1,1
758621208222166 D 1865,4033027339,1000,1546,1546,2.3715343,0.05994,-1,-1,-1,0,0,0,136,1,1,131,0.0049125,0.0000000,0.0000000,1,0,1,1
758621209324041 D 1866,4033028339,1000,1545,1545,2.3700004,-0.00256,-1,-1,-1,0,0,0,136,1,1,131,0.0049125,0.0000000,0.0000000,1,0,1,1
758621210507000 D 1867,4033029339,1000,1545,1545,2.3700004,-0.00246,-1,-1,-1,0,0,0,136,1,1,131,0.0049125,0.0000000,0.0000000,1,0,1,1
758621211458666 D 1868,4033030339,1000,1545,1545,2.3700004,-0.00236,-1,-1,-1,0,0,0,136,1,1,131,0.0049125,0.0000000,0.0000000,1,0,1,1
758621212431125 D 1869,4033031339,1000,1545,1545,2.3700004,-0.00227,-1,-1,-1,0,0,0,136,1,1,131,0.0049125,0.0000000,0.0000000,1,0,1,1
758621213302958 D 1870,4033032339,1000,1545,1545,2.3700004,-0.00218,-1,-1,-1,0,0,0,136,1,1,131,0.0049125,0.0000000,0.0000000,1,0,1,1
758621214267708 D 1871,4033033339,1000,1545,1545,2.3700004,-0.00209,-1,-1,-1,0,0,0,136,1,1,131,0.0049125,0.0000000,0.0000000,1,0,1,1
758621215392458 D 1872,4033034339,1000,1546,1546,2.3715343,0.05814,-1,-1,-1,0,0,0,136,1,1,131,0.0049125,0.0000000,0.0000000,1,0,1,1
758621216344250 D 1873,4033035339,1000,1545,1545,2.3700004,-0.00429,-1,-1,-1,0,0,0,136,1,1,131,0.0049125,0.0000000,0.0000000,1,0,1,1
758621217353666 D 1874,4033036339,1000,1545,1545,2.3700004,-0.00412,-1,-1,-1,0,0,0,136,1,1,131,0.0049125,0.0000000,0.0000000,1,0,1,1
758621218287041 D 1875,4033037339,1000,1545,1545,2.3700004,-0.00396,-1,-1,-1,0,0,0,136,1,1,131,0.0049125,0.0000000,0.0000000,1,0,1,1
758621219306625 D 1876,4033038339,1000,1545,1545,2.3700004,-0.00380,-1,-1,-1,0,0,0,136,1,1,131,0.0049125,0.0000000,0.0000000,1,0,1,1
758621220277250 D 1877,4033039339,1000,1545,1545,2.3700004,-0.00366,-1,-1,-1,0,0,0,136,1,1,131,0.0049125,0.0000000,0.0000000,1,0,1,1
758621221407041 D 1878,4033040339,1000,1545,1545,2.3700004,-0.00351,-1,-1,-1,0,0,0,136,1,1,131,0.0049125,0.0000000,0.0000000,1,0,1,1
758621222386875 D 1879,4033041339,1000,1545,1545,2.3700004,-0.00337,-1,-1,-1,0,0,0,136,1,1,131,0.0049125,0.0000000,0.0000000,1,0,1,1
758621223411041 D 1880,4033042339,1000,1545,1545,2.3700004,-0.00324,-1,-1,-1,0,0,0,136,1,1,131,0.0049125,0.0000000,0.0000000,1,0,1,1
758621224304416 D 1881,4033043339,1000,1545,1545,2.3700004,-0.00312,-1,-1,-1,0,0,0,136,1,1,131,0.0049125,0.0000000,0.0000000,1,0,1,1
758621225243833 D 1882,4033044339,1000,1545,1545,2.3700004,-0.00299,-1,-1,-1,0,0,0,136,1,1,131,0.0049125,0.0000000,0.0000000,1,0,1,1
758621226314833 D 1883,4033045339,1000,1545,1545,2.3700004,-0.00288,-1,-1,-1,0,0,0,136,1,1,131,0.0049125,0.0000000,0.0000000,1,0,1,1
758621227261416 D 1884,4033046339,1000,1545,1545,2.3700004,-0.00276,-1,-1,-1,0,0,0,136,1,1,131,0.0049125,0.0000000,0.0000000,1,0,1,1
758621228255333 D 1885,4033047339,1000,1545,1545,2.3700004,-0.00265,-1,-1,-1,0,0,0,136,1,1,131,0.0049125,0.0000000,0.0000000,1,0,1,1
758621229238791 D 1886,4033048339,1000,1545,1545,2.3700004,-0.00255,-1,-1,-1,0,0,0,136,1,1,131,0.0049125,0.0000000,0.0000000,1,0,1,1
758621230218500 D 1887,4033049339,1000,1545,1545,2.3700004,-0.00245,-1,-1,-1,0,0,0,136,1,1,131,0.0049125,0.0000000,0.0000000,1,0,1,1
758621231357375 D 1888,4033050339,1000,1545,1545,2.3700004,-0.00235,-1,-1,-1,0,0,0,136,1,1,131,0.0049125,0.0000000,0.0000000,1,0,1,1
758621232242250 D 1889,4033051339,1000,1545,1545,2.3700004,-0.00226,-1,-1,-1,0,0,0,136,1,1,131,0.0049125,0.0000000,0.0000000,1,0,1,1
758621233629291 D 1890,4033052339,1000,1545,1545,2.3700004,-0.00217,39,126,2100,0,0,0,136,1,1,131,0.0049125,0.0000000,0.0000000,1,0,1,1
758621234219750 D 1891,4033053339,1000,1545,1545,2.3700004,-0.00209,-1,-1,-1,0,0,0,136,1,1,131,0.0049125,0.0000000,0.0000000,1,0,1,1
758621235268625 D 1892,4033054339,1000,1545,1545,2.3700004,-0.00201,-1,-1,-1,0,0,0,136,1,1,131,0.0049125,0.0000000,0.0000000,1,0,1,1
758621236278750 D 1893,4033055339,1000,1545,1545,2.3700004,-0.00193,-1,-1,-1,0,0,0,136,1,1,131,0.0049125,0.0000000,0.0000000,1,0,1,1
758621237405833 D 1894,4033056339,1000,1545,1545,2.3700004,-0.00185,-1,-1,-1,0,0,0,136,1,1,131,0.0049125,0.0000000,0.0000000,1,0,1,1
758621238290916 D 1895,4033057339,1000,1545,1545,2.3700004,-0.00178,-1,-1,-1,0,0,0,136,1,1,131,0.0049125,0.0000000,0.0000000,1,0,1,1
758621239284541 D 1896,4033058339,1000,1545,1545,2.3700004,-0.00171,-1,-1,-1,0,0,0,136,1,1,131,0.0049125,0.0000000,0.0000000,1,0,1,1
758621240258625 D 1897,4033059339,1000,1545,1545,2.3700004,-0.00164,-1,-1,-1,0,0,0,136,1,1,131,0.0049125,0.0000000,0.0000000,1,0,1,1
758621241307416 D 1898,4033060339,1000,1545,1545,2.3700004,-0.00158,-1,-1,-1,0,0,0,136,1,1,131,0.0049125,0.0000000,0.0000000,1,0,1,1
758621242320791 D 1899,4033061339,1000,1545,1545,2.3700004,-0.00152,-1,-1,-1,0,0,0,136,1,1,131,0.0049125,0.0000000,0.0000000,1,0,1,1
758621243290125 D 1900,4033062339,1000,1545,1545,2.3700004,-0.00146,-1,-1,-1,0,0,0,136,1,1,131,0.0049125,0.0000000,0.0000000,1,0,1,1
758621244289833 D 1901,4033063339,1000,1545,1545,2.3700004,-0.00140,-1,-1,-1,0,0,0,136,1,1,131,0.0049125,0.0000000,0.0000000,1,0,1,1
758621245270458 D 1902,4033064339,1000,1546,1546,2.3715343,0.05880,-1,-1,-1,0,0,0,136,1,1,131,0.0049125,0.0000000,0.0000000,1,0,1,1
758621246270458 D 1903,4033065339,1000,1545,1545,2.3700004,-0.00365,-1,-1,-1,0,0,0,136,1,1,131,0.0049125,0.0000000,0.0000000,1,0,1,1
758621247300791 D 1904,4033066339,1000,1545,1545,2.3700004,-0.00351,-1,-1,-1,0,0,0,136,1,1,131,0.0049125,0.0000000,0.0000000,1,0,1,1
758621248269916 D 1905,4033067339,1000,1545,1545,2.3700004,-0.00337,-1,-1,-1,0,0,0,136,1,1,131,0.0049125,0.0000000,0.0000000,1,0,1,1
758621249263625 D 1906,4033068339,1000,1545,1545,2.3700004,-0.00324,-1,-1,-1,0,0,0,136,1,1,131,0.0049125,0.0000000,0.0000000,1,0,1,1
758621250254375 D 1907,4033069339,1000,1545,1545,2.3700004,-0.00311,-1,-1,-1,0,0,0,136,1,1,131,0.0049125,0.0000000,0.0000000,1,0,1,1
758621251255625 D 1908,4033070339,1000,1545,1545,2.3700004,-0.00299,-1,-1,-1,0,0,0,136,1,1,131,0.0049125,0.0000000,0.0000000,1,0,1,1
758621252289125 D 1909,4033071339,1000,1545,1545,2.3700004,-0.00287,-1,-1,-1,0,0,0,136,1,1,131,0.0049125,0.0000000,0.0000000,1,0,1,1
758621253256291 D 1910,4033072339,1000,1545,1545,2.3700004,-0.00276,-1,-1,-1,0,0,0,136,1,1,131,0.0049125,0.0000000,0.0000000,1,0,1,1
758621254258958 D 1911,4033073339,1000,1545,1545,2.3700004,-0.00265,-1,-1,-1,0,0,0,136,1,1,131,0.0049125,0.0000000,0.0000000,1,0,1,1
758621255259500 D 1912,4033074339,1000,1545,1545,2.3700004,-0.00255,-1,-1,-1,0,0,0,136,1,1,131,0.0049125,0.0000000,0.0000000,1,0,1,1
758621256264750 D 1913,4033075339,1000,1545,1545,2.3700004,-0.00245,-1,-1,-1,0,0,0,136,1,1,131,0.0049125,0.0000000,0.0000000,1,0,1,1
758621257312291 D 1914,4033076339,1000,1545,1545,2.3700004,-0.00235,-1,-1,-1,0,0,0,136,1,1,131,0.0049125,0.0000000,0.0000000,1,0,1,1
758621258431791 D 1915,4033077339,1000,1545,1545,2.3700004,-0.00226,-1,-1,-1,0,0,0,136,1,1,131,0.0049125,0.0000000,0.0000000,1,0,1,1
758621259385416 D 1916,4033078339,1000,1545,1545,2.3700004,-0.00217,-1,-1,-1,0,0,0,136,1,1,131,0.0049125,0.0000000,0.0000000,1,0,1,1
758621260336166 D 1917,4033079339,1000,1545,1545,2.3700004,-0.00209,-1,-1,-1,0,0,0,136,1,1,131,0.0049125,0.0000000,0.0000000,1,0,1,1
758621261285750 D 1918,4033080339,1000,1545,1545,2.3700004,-0.00200,-1,-1,-1,0,0,0,136,1,1,131,0.0049125,0.0000000,0.0000000,1,0,1,1
758621262337208 D 1919,4033081339,1000,1545,1545,2.3700004,-0.00192,-1,-1,-1,0,0,0,136,1,1,131,0.0049125,0.0000000,0.0000000,1,0,1,1
758621263339791 D 1920,4033082339,1000,1545,1545,2.3700004,-0.00185,-1,-1,-1,0,0,0,136,1,1,131,0.0049125,0.0000000,0.0000000,1,0,1,1
758621264276125 D 1921,4033083339,1000,1545,1545,2.3700004,-0.00178,-1,-1,-1,0,0,0,136,1,1,131,0.0049125,0.0000000,0.0000000,1,0,1,1
758621265290166 D 1922,4033084339,1000,1545,1545,2.3700004,-0.00171,-1,-1,-1,0,0,0,136,1,1,131,0.0049125,0.0000000,0.0000000,1,0,1,1
758621266255833 D 1923,4033085339,1000,1545,1545,2.3700004,-0.00164,-1,-1,-1,0,0,0,136,1,1,131,0.0049125,0.0000000,0.0000000,1,0,1,1
758621267246416 D 1924,4033086339,1000,1545,1545,2.3700004,-0.00158,-1,-1,-1,0,0,0,136,1,1,131,0.0049125,0.0000000,0.0000000,1,0,1,1
758621268256750 D 1925,4033087339,1000,1545,1545,2.3700004,-0.00151,-1,-1,-1,0,0,0,136,1,1,131,0.0049125,0.0000000,0.0000000,1,0,1,1
758621269277291 D 1926,4033088339,1000,1545,1545,2.3700004,-0.00145,-1,-1,-1,0,0,0,136,1,1,131,0.0049125,0.0000000,0.0000000,1,0,1,1
758621270250750 D 1927,4033089339,1000,1545,1545,2.3700004,-0.00140,-1,-1,-1,0,0,0,136,1,1,131,0.0049125,0.0000000,0.0000000,1,0,1,1
758621271280166 D 1928,4033090339,1000,1545,1545,2.3700004,-0.00134,-1,-1,-1,0,0,0,136,1,1,131,0.0049125,0.0000000,0.0000000,1,0,1,1
758621272300708 D 1929,4033091339,1000,1545,1545,2.3700004,-0.00129,-1,-1,-1,0,0,0,136,1,1,131,0.0049125,0.0000000,0.0000000,1,0,1,1
758621273291333 D 1930,4033092339,1000,1545,1545,2.3700004,-0.00124,-1,-1,-1,0,0,0,136,1,1,131,0.0049125,0.0000000,0.0000000,1,0,1,1
758621274294125 D 1931,4033093339,1000,1545,1545,2.3700004,-0.00119,-1,-1,-1,0,0,0,136,1,1,131,0.0049125,0.0000000,0.0000000,1,0,1,1
758621275315916 D 1932,4033094339,1000,1545,1545,2.3700004,-0.00114,-1,-1,-1,0,0,0,136,1,1,131,0.0049125,0.0000000,0.0000000,1,0,1,1
758621276276250 D 1933,4033095339,1000,1545,1545,2.3700004,-0.00110,-1,-1,-1,0,0,0,136,1,1,131,0.0049125,0.0000000,0.0000000,1,0,1,1
758621277270583 D 1934,4033096339,1000,1545,1545,2.3700004,-0.00106,-1,-1,-1,0,0,0,136,1,1,131,0.0049125,0.0000000,0.0000000,1,0,1,1
758621278266250 D 1935,4033097339,1000,1545,1545,2.3700004,-0.00101,-1,-1,-1,0,0,0,135,1,1,131,0.0049125,0.0000000,0.0000000,1,0,1,1
758621279290625 D 1936,4033098339,1000,1545,1545,2.3700004,-0.00098,-1,-1,-1,0,0,0,136,1,1,131,0.0049125,0.0000000,0.0000000,1,0,1,1
758621280321875 D 1937,4033099339,1000,1545,1545,2.3700004,-0.00094,-1,-1,-1,0,0,0,136,1,1,131,0.0049125,0.0000000,0.0000000,1,0,1,1
758621281277333 D 1938,4033100339,1000,1545,1545,2.3700004,-0.00090,-1,-1,-1,0,0,0,136,1,1,131,0.0049125,0.0000000,0.0000000,1,0,1,1
758621282340625 D 1939,4033101339,1000,1545,1545,2.3700004,-0.00086,-1,-1,-1,0,0,0,136,1,1,131,0.0049125,0.0000000,0.0000000,1,0,1,1
758621283727541 D 1940,4033102339,1000,1545,1545,2.3700004,-0.00083,39,126,2100,0,0,0,136,1,1,131,0.0049125,0.0000000,0.0000000,1,0,1,1
758621284359708 D 1941,4033103339,1000,1545,1545,2.3700004,-0.00080,-1,-1,-1,0,0,0,136,1,1,131,0.0049125,0.0000000,0.0000000,1,0,1,1
758621285286416 D 1942,4033104339,1000,1545,1545,2.3700004,-0.00077,-1,-1,-1,0,0,0,136,1,1,131,0.0049125,0.0000000,0.0000000,1,0,1,1
758621286441750 D 1943,4033105339,1000,1545,1545,2.3700004,-0.00074,-1,-1,-1,0,0,0,136,1,1,131,0.0049125,0.0000000,0.0000000,1,0,1,1
758621287300083 D 1944,4033106339,1000,1545,1545,2.3700004,-0.00071,-1,-1,-1,0,0,0,136,1,1,131,0.0049125,0.0000000,0.0000000,1,0,1,1
758621288318958 D 1945,4033107339,1000,1545,1545,2.3700004,-0.00068,-1,-1,-1,0,0,0,136,1,1,131,0.0049125,0.0000000,0.0000000,1,0,1,1
758621289338750 D 1946,4033108339,1000,1545,1545,2.3700004,-0.00065,-1,-1,-1,0,0,0,136,1,1,131,0.0049125,0.0000000,0.0000000,1,0,1,1
758621290346083 D 1947,4033109339,1000,1545,1545,2.3700004,-0.00063,-1,-1,-1,0,0,0,136,1,1,131,0.0049125,0.0000000,0.0000000,1,0,1,1
758621291283583 D 1948,4033110339,1000,1545,1545,2.3700004,-0.00060,-1,-1,-1,0,0,0,136,1,1,131,0.0049125,0.0000000,0.0000000,1,0,1,1
758621292269125 D 1949,4033111339,1000,1545,1545,2.3700004,-0.00058,-1,-1,-1,0,0,0,135,1,1,131,0.0049125,0.0000000,0.0000000,1,0,1,1
758621293260875 D 1950,4033112339,1000,1545,1545,2.3700004,-0.00056,-1,-1,-1,0,0,0,136,1,1,131,0.0049125,0.0000000,0.0000000,1,0,1,1
758621294256833 D 1951,4033113339,1000,1545,1545,2.3700004,-0.00054,-1,-1,-1,0,0,0,136,1,1,131,0.0049125,0.0000000,0.0000000,1,0,1,1
758621295257583 D 1952,4033114339,1000,1545,1545,2.3700004,-0.00051,-1,-1,-1,0,0,0,136,1,1,131,0.0049125,0.0000000,0.0000000,1,0,1,1
758621296278000 D 1953,4033115339,1000,1545,1545,2.3700004,-0.00049,-1,-1,-1,0,0,0,136,1,1,131,0.0049125,0.0000000,0.0000000,1,0,1,1
758621297260166 D 1954,4033116339,1000,1546,1546,2.3715343,0.05967,-1,-1,-1,0,0,0,136,1,1,131,0.0049125,0.0000000,0.0000000,1,0,1,1
758621298347833 D 1955,4033117339,1000,1545,1545,2.3700004,-0.00281,-1,-1,-1,0,0,0,136,1,1,131,0.0049125,0.0000000,0.0000000,1,0,1,1
758621299337208 D 1956,4033118339,1000,1545,1545,2.3700004,-0.00270,-1,-1,-1,0,0,0,136,1,1,131,0.0049125,0.0000000,0.0000000,1,0,1,1
758621300273875 D 1957,4033119339,1000,1545,1545,2.3700004,-0.00260,-1,-1,-1,0,0,0,136,1,1,131,0.0049125,0.0000000,0.0000000,1,0,1,1
758621301261000 D 1958,4033120339,1000,1545,1545,2.3700004,-0.00250,-1,-1,-1,0,0,0,136,1,1,131,0.0049125,0.0000000,0.0000000,1,0,1,1
758621302296250 D 1959,4033121339,1000,1545,1545,2.3700004,-0.00240,-1,-1,-1,0,0,0,136,1,1,131,0.0049125,0.0000000,0.0000000,1,0,1,1
758621303341625 D 1960,4033122339,1000,1545,1545,2.3700004,-0.00230,-1,-1,-1,0,0,0,136,1,1,131,0.0049125,0.0000000,0.0000000,1,0,1,1
758621304316250 D 1961,4033123339,1000,1545,1545,2.3700004,-0.00221,-1,-1,-1,0,0,0,136,1,1,131,0.0049125,0.0000000,0.0000000,1,0,1,1
758621305276583 D 1962,4033124339,1000,1545,1545,2.3700004,-0.00213,-1,-1,-1,0,0,0,136,1,1,131,0.0049125,0.0000000,0.0000000,1,0,1,1
758621306321208 D 1963,4033125339,1000,1545,1545,2.3700004,-0.00204,-1,-1,-1,0,0,0,135,1,1,131,0.0049125,0.0000000,0.0000000,1,0,1,1
758621307296041 D 1964,4033126339,1000,1545,1545,2.3700004,-0.00196,-1,-1,-1,0,0,0,136,1,1,131,0.0049125,0.0000000,0.0000000,1,0,1,1
758621308287458 D 1965,4033127339,1000,1545,1545,2.3700004,-0.00189,-1,-1,-1,0,0,0,136,1,1,131,0.0049125,0.0000000,0.0000000,1,0,1,1
758621309261166 D 1966,4033128339,1000,1545,1545,2.3700004,-0.00181,-1,-1,-1,0,0,0,136,1,1,131,0.0049125,0.0000000,0.0000000,1,0,1,1
758621310501916 D 1967,4033129339,1000,1545,1545,2.3700004,-0.00174,-1,-1,-1,0,0,0,136,1,1,131,0.0049125,0.0000000,0.0000000,1,0,1,1
758621311506500 D 1968,4033130339,1000,1545,1545,2.3700004,-0.00167,-1,-1,-1,0,0,0,136,1,1,131,0.0049125,0.0000000,0.0000000,1,0,1,1
758621312479625 D 1969,4033131339,1000,1545,1545,2.3700004,-0.00161,-1,-1,-1,0,0,0,136,1,1,131,0.0049125,0.0000000,0.0000000,1,0,1,1
758621313250125 D 1970,4033132339,1000,1545,1545,2.3700004,-0.00154,-1,-1,-1,0,0,0,136,1,1,131,0.0049125,0.0000000,0.0000000,1,0,1,1
758621314264208 D 1971,4033133339,1000,1545,1545,2.3700004,-0.00148,-1,-1,-1,0,0,0,136,1,1,131,0.0049125,0.0000000,0.0000000,1,0,1,1
758621315299666 D 1972,4033134339,1000,1545,1545,2.3700004,-0.00143,-1,-1,-1,0,0,0,136,1,1,131,0.0049125,0.0000000,0.0000000,1,0,1,1
758621316294708 D 1973,4033135339,1000,1545,1545,2.3700004,-0.00137,-1,-1,-1,0,0,0,136,1,1,131,0.0049125,0.0000000,0.0000000,1,0,1,1
758621317339166 D 1974,4033136339,1000,1545,1545,2.3700004,-0.00132,-1,-1,-1,0,0,0,136,1,1,131,0.0049125,0.0000000,0.0000000,1,0,1,1
758621318292166 D 1975,4033137339,1000,1545,1545,2.3700004,-0.00126,-1,-1,-1,0,0,0,136,1,1,131,0.0049125,0.0000000,0.0000000,1,0,1,1
758621319276291 D 1976,4033138339,1000,1545,1545,2.3700004,-0.00122,-1,-1,-1,0,0,0,136,1,1,131,0.0049125,0.0000000,0.0000000,1,0,1,1
758621320363833 D 1977,4033139339,1000,1545,1545,2.3700004,-0.00117,-1,-1,-1,0,0,0,136,1,1,131,0.0049125,0.0000000,0.0000000,1,0,1,1
758621321458458 D 1978,4033140339,1000,1545,1545,2.3700004,-0.00112,-1,-1,-1,0,0,0,136,1,1,131,0.0049125,0.0000000,0.0000000,1,0,1,1
758621322463666 D 1979,4033141339,1000,1545,1545,2.3700004,-0.00108,-1,-1,-1,0,0,0,136,1,1,131,0.0049125,0.0000000,0.0000000,1,0,1,1
758621323329875 D 1980,4033142339,1000,1545,1545,2.3700004,-0.00104,-1,-1,-1,0,0,0,136,1,1,131,0.0049125,0.0000000,0.0000000,1,0,1,1
758621324333041 D 1981,4033143339,1000,1545,1545,2.3700004,-0.00099,-1,-1,-1,0,0,0,136,1,1,131,0.0049125,0.0000000,0.0000000,1,0,1,1
758621325370791 D 1982,4033144339,1000,1545,1545,2.3700004,-0.00096,-1,-1,-1,0,0,0,136,1,1,131,0.0049125,0.0000000,0.0000000,1,0,1,1
758621326328875 D 1983,4033145339,1000,1545,1545,2.3700004,-0.00092,-1,-1,-1,0,0,0,136,1,1,131,0.0049125,0.0000000,0.0000000,1,0,1,1
758621327350625 D 1984,4033146339,1000,1545,1545,2.3700004,-0.00088,-1,-1,-1,0,0,0,136,1,1,131,0.0049125,0.0000000,0.0000000,1,0,1,1
758621328392500 D 1985,4033147339,1000,1545,1545,2.3700004,-0.00085,-1,-1,-1,0,0,0,136,1,1,131,0.0049125,0.0000000,0.0000000,1,0,1,1
758621329466541 D 1986,4033148339,1000,1545,1545,2.3700004,-0.00081,-1,-1,-1,0,0,0,136,1,1,131,0.0049125,0.0000000,0.0000000,1,0,1,1
758621330307416 D 1987,4033149339,1000,1545,1545,2.3700004,-0.00078,-1,-1,-1,0,0,0,136,1,1,131,0.0049125,0.0000000,0.0000000,1,0,1,1
758621331342916 D 1988,4033150339,1000,1545,1545,2.3700004,-0.00075,-1,-1,-1,0,0,0,136,1,1,131,0.0049125,0.0000000,0.0000000,1,0,1,1
758621332398208 D 1989,4033151339,1000,1545,1545,2.3700004,-0.00072,-1,-1,-1,0,0,0,136,1,1,131,0.0049125,0.0000000,0.0000000,1,0,1,1
758621333760291 D 1990,4033152339,1000,1545,1545,2.3700004,-0.00069,39,126,2101,0,0,0,136,1,1,131,0.0049125,0.0000000,0.0000000,1,0,1,1
758621334486958 D 1991,4033153339,1000,1546,1546,2.3715343,0.05948,-1,-1,-1,0,0,0,135,1,1,131,0.0049125,0.0000000,0.0000000,1,0,1,1
758621335398500 D 1992,4033154339,1000,1545,1545,2.3700004,-0.00300,-1,-1,-1,0,0,0,136,1,1,131,0.0049125,0.0000000,0.0000000,1,0,1,1
758621336387583 D 1993,4033155339,1000,1545,1545,2.3700004,-0.00288,-1,-1,-1,0,0,0,136,1,1,131,0.0049125,0.0000000,0.0000000,1,0,1,1
758621337325458 D 1994,4033156339,1000,1545,1545,2.3700004,-0.00277,-1,-1,-1,0,0,0,136,1,1,131,0.0049125,0.0000000,0.0000000,1,0,1,1
758621338360000 D 1995,4033157339,1000,1545,1545,2.3700004,-0.00266,-1,-1,-1,0,0,0,136,1,1,131,0.0049125,0.0000000,0.0000000,1,0,1,1
758621339407083 D 1996,4033158339,1000,1545,1545,2.3700004,-0.00256,-1,-1,-1,0,0,0,136,1,1,131,0.0049125,0.0000000,0.0000000,1,0,1,1
758621340408583 D 1997,4033159339,1000,1545,1545,2.3700004,-0.00246,-1,-1,-1,0,0,0,136,1,1,131,0.0049125,0.0000000,0.0000000,1,0,1,1
758621341341500 D 1998,4033160339,1000,1545,1545,2.3700004,-0.00236,-1,-1,-1,0,0,0,136,1,1,131,0.0049125,0.0000000,0.0000000,1,0,1,1
758621342365791 D 1999,4033161339,1000,1545,1545,2.3700004,-0.00227,-1,-1,-1,0,0,0,136,1,1,131,0.0049125,0.0000000,0.0000000,1,0,1,1
758621343384291 D 2000,4033162339,1000,1545,1545,2.3700004,-0.00218,-1,-1,-1,0,0,0,136,1,1,131,0.0049125,0.0000000,0.0000000,1,0,1,1
758621344330666 D 2001,4033163339,1000,1545,1545,2.3700004,-0.00209,-1,-1,-1,0,0,0,136,1,1,131,0.0049125,0.0000000,0.0000000,1,0,1,1
758621345387916 D 2002,4033164339,1000,1545,1545,2.3700004,-0.00201,-1,-1,-1,0,0,0,136,1,1,131,0.0049125,0.0000000,0.0000000,1,0,1,1
758621346362958 D 2003,4033165339,1000,1545,1545,2.3700004,-0.00193,-1,-1,-1,0,0,0,136,1,1,131,0.0049125,0.0000000,0.0000000,1,0,1,1
758621347347291 D 2004,4033166339,1000,1545,1545,2.3700004,-0.00186,-1,-1,-1,0,0,0,136,1,1,131,0.0049125,0.0000000,0.0000000,1,0,1,1
758621348425708 D 2005,4033167339,1000,1545,1545,2.3700004,-0.00178,-1,-1,-1,0,0,0,136,1,1,131,0.0049125,0.0000000,0.0000000,1,0,1,1
758621349307541 D 2006,4033168339,1000,1545,1545,2.3700004,-0.00171,-1,-1,-1,0,0,0,136,1,1,131,0.0049125,0.0000000,0.0000000,1,0,1,1
758621350373750 D 2007,4033169339,1000,1545,1545,2.3700004,-0.00165,-1,-1,-1,0,0,0,136,1,1,131,0.0049125,0.0000000,0.0000000,1,0,1,1
758621351344541 D 2008,4033170339,1000,1545,1545,2.3700004,-0.00158,-1,-1,-1,0,0,0,136,1,1,131,0.0049125,0.0000000,0.0000000,1,0,1,1
758621352403708 D 2009,4033171339,1000,1545,1545,2.3700004,-0.00152,-1,-1,-1,0,0,0,136,1,1,131,0.0049125,0.0000000,0.0000000,1,0,1,1
758621353300791 D 2010,4033172339,1000,1545,1545,2.3700004,-0.00146,-1,-1,-1,0,0,0,136,1,1,131,0.0049125,0.0000000,0.0000000,1,0,1,1
758621354456416 D 2011,4033173339,1000,1545,1545,2.3700004,-0.00140,-1,-1,-1,0,0,0,136,1,1,131,0.0049125,0.0000000,0.0000000,1,0,1,1
758621355407250 D 2012,4033174339,1000,1545,1545,2.3700004,-0.00135,-1,-1,-1,0,0,0,136,1,1,131,0.0049125,0.0000000,0.0000000,1,0,1,1
758621356420041 D 2013,4033175339,1000,1545,1545,2.3700004,-0.00129,-1,-1,-1,0,0,0,136,1,1,131,0.0049125,0.0000000,0.0000000,1,0,1,1
758621357328583 D 2014,4033176339,1000,1545,1545,2.3700004,-0.00124,-1,-1,-1,0,0,0,136,1,1,131,0.0049125,0.0000000,0.0000000,1,0,1,1
758621358366291 D 2015,4033177339,1000,1545,1545,2.3700004,-0.00120,-1,-1,-1,0,0,0,136,1,1,131,0.0049125,0.0000000,0.0000000,1,0,1,1
758621359394666 D 2016,4033178339,1000,1545,1545,2.3700004,-0.00115,-1,-1,-1,0,0,0,136,1,1,131,0.0049125,0.0000000,0.0000000,1,0,1,1
758621360322333 D 2017,4033179339,1000,1545,1545,2.3700004,-0.00110,-1,-1,-1,0,0,0,136,1,1,131,0.0049125,0.0000000,0.0000000,1,0,1,1
758621361280291 D 2018,4033180339,1000,1545,1545,2.3700004,-0.00106,-1,-1,-1,0,0,0,136,1,1,131,0.0049125,0.0000000,0.0000000,1,0,1,1
758621362265916 D 2019,4033181339,1000,1545,1545,2.3700004,-0.00102,-1,-1,-1,0,0,0,136,1,1,131,0.0049125,0.0000000,0.0000000,1,0,1,1
758621363499541 D 2020,4033182339,1000,1545,1545,2.3700004,-0.00098,-1,-1,-1,0,0,0,136,1,1,131,0.0049125,0.0000000,0.0000000,1,0,1,1
758621364513208 D 2021,4033183339,1000,1545,1545,2.3700004,-0.00094,-1,-1,-1,0,0,0,136,1,1,131,0.0049125,0.0000000,0.0000000,1,0,1,1
758621365511791 D 2022,4033184339,1000,1545,1545,2.3700004,-0.00090,-1,-1,-1,0,0,0,136,1,1,131,0.0049125,0.0000000,0.0000000,1,0,1,1
758621366312833 D 2023,4033185339,1000,1545,1545,2.3700004,-0.00087,-1,-1,-1,0,0,0,136,1,1,131,0.0049125,0.0000000,0.0000000,1,0,1,1
758621367323583 D 2024,4033186339,1000,1545,1545,2.3700004,-0.00083,-1,-1,-1,0,0,0,136,1,1,131,0.0049125,0.0000000,0.0000000,1,0,1,1
758621368319833 D 2025,4033187339,1000,1545,1545,2.3700004,-0.00080,-1,-1,-1,0,0,0,136,1,1,131,0.0049125,0.0000000,0.0000000,1,0,1,1
758621369283666 D 2026,4033188339,1000,1545,1545,2.3700004,-0.00077,-1,-1,-1,0,0,0,136,1,1,131,0.0049125,0.0000000,0.0000000,1,0,1,1
758621370406875 D 2027,4033189339,1000,1545,1545,2.3700004,-0.00074,-1,-1,-1,0,0,0,136,1,1,131,0.0049125,0.0000000,0.0000000,1,0,1,1
758621371291666 D 2028,4033190339,1000,1545,1545,2.3700004,-0.00071,-1,-1,-1,0,0,0,136,1,1,131,0.0049125,0.0000000,0.0000000,1,0,1,1
758621372347541 D 2029,4033191339,1000,1545,1545,2.3700004,-0.00068,-1,-1,-1,0,0,0,136,1,1,131,0.0049125,0.0000000,0.0000000,1,0,1,1
758621373321333 D 2030,4033192339,1000,1545,1545,2.3700004,-0.00066,-1,-1,-1,0,0,0,136,1,1,131,0.0049125,0.0000000,0.0000000,1,0,1,1
758621374289625 D 2031,4033193339,1000,1545,1545,2.3700004,-0.00063,-1,-1,-1,0,0,0,136,1,1,131,0.0049125,0.0000000,0.0000000,1,0,1,1
758621375319000 D 2032,4033194339,1000,1545,1545,2.3700004,-0.00061,-1,-1,-1,0,0,0,136,1,1,131,0.0049125,0.0000000,0.0000000,1,0,1,1
758621376266708 D 2033,4033195339,1000,1545,1545,2.3700004,-0.00058,-1,-1,-1,0,0,0,136,1,1,131,0.0049125,0.0000000,0.0000000,1,0,1,1
758621377253125 D 2034,4033196339,1000,1545,1545,2.3700004,-0.00056,-1,-1,-1,0,0,0,136,1,1,131,0.0049125,0.0000000,0.0000000,1,0,1,1
758621378258500 D 2035,4033197339,1000,1545,1545,2.3700004,-0.00054,-1,-1,-1,0,0,0,136,1,1,131,0.0049125,0.0000000,0.0000000,1,0,1,1
758621379254750 D 2036,4033198339,1000,1545,1545,2.3700004,-0.00052,-1,-1,-1,0,0,0,136,1,1,131,0.0049125,0.0000000,0.0000000,1,0,1,1
758621380295125 D 2037,4033199339,1000,1545,1545,2.3700004,-0.00050,-1,-1,-1,0,0,0,136,1,1,131,0.0049125,0.0000000,0.0000000,1,0,1,1
758621381265958 D 2038,4033200339,1000,1545,1545,2.3700004,-0.00048,-1,-1,-1,0,0,0,136,1,1,131,0.0049125,0.0000000,0.0000000,1,0,1,1
758621382272750 D 2039,4033201339,1000,1545,1545,2.3700004,-0.00046,-1,-1,-1,0,0,0,136,1,1,131,0.0049125,0.0000000,0.0000000,1,0,1,1
758621383668625 D 2040,4033202339,1000,1545,1545,2.3700004,-0.00044,39,126,2100,0,0,0,136,1,1,131,0.0049125,0.0000000,0.0000000,1,0,1,1
758621384297250 D 2041,4033203339,1000,1545,1545,2.3700004,-0.00042,-1,-1,-1,0,0,0,136,1,1,131,0.0049125,0.0000000,0.0000000,1,0,1,1
758621385264958 D 2042,4033204339,1000,1545,1545,2.3700004,-0.00041,-1,-1,-1,0,0,0,136,1,1,131,0.0049125,0.0000000,0.0000000,1,0,1,1
758621386267875 D 2043,4033205339,1000,1545,1545,2.3700004,-0.00039,-1,-1,-1,0,0,0,136,1,1,131,0.0049125,0.0000000,0.0000000,1,0,1,1
758621387265041 D 2044,4033206339,1000,1545,1545,2.3700004,-0.00037,-1,-1,-1,0,0,0,136,1,1,131,0.0049125,0.0000000,0.0000000,1,0,1,1
758621388260291 D 2045,4033207339,1000,1545,1545,2.3700004,-0.00036,-1,-1,-1,0,0,0,136,1,1,131,0.0049125,0.0000000,0.0000000,1,0,1,1
758621389264333 D 2046,4033208339,1000,1545,1545,2.3700004,-0.00035,-1,-1,-1,0,0,0,136,1,1,131,0.0049125,0.0000000,0.0000000,1,0,1,1
758621390248000 D 2047,4033209339,1000,1545,1545,2.3700004,-0.00033,-1,-1,-1,0,0,0,136,1,1,131,0.0049125,0.0000000,0.0000000,1,0,1,1
758621391287333 D 2048,4033210339,1000,1545,1545,2.3700004,-0.00032,-1,-1,-1,0,0,0,136,1,1,131,0.0049125,0.0000000,0.0000000,1,0,1,1
758621392266291 D 2049,4033211339,1000,1545,1545,2.3700004,-0.00031,-1,-1,-1,0,0,0,136,1,1,131,0.0049125,0.0000000,0.0000000,1,0,1,1
758621393271416 D 2050,4033212339,1000,1545,1545,2.3700004,-0.00029,-1,-1,-1,0,0,0,136,1,1,131,0.0049125,0.0000000,0.0000000,1,0,1,1
758621394267833 D 2051,4033213339,1000,1545,1545,2.3700004,-0.00028,-1,-1,-1,0,0,0,136,1,1,131,0.0049125,0.0000000,0.0000000,1,0,1,1
758621395250333 D 2052,4033214339,1000,1545,1545,2.3700004,-0.00027,-1,-1,-1,0,0,0,136,1,1,131,0.0049125,0.0000000,0.0000000,1,0,1,1
758621396289541 D 2053,4033215339,1000,1545,1545,2.3700004,-0.00026,-1,-1,-1,0,0,0,136,1,1,131,0.0049125,0.0000000,0.0000000,1,0,1,1
758621397270833 D 2054,4033216339,1000,1545,1545,2.3700004,-0.00025,-1,-1,-1,0,0,0,136,1,1,131,0.0049125,0.0000000,0.0000000,1,0,1,1
758621398321750 D 2055,4033217339,1000,1545,1545,2.3700004,-0.00024,-1,-1,-1,0,0,0,136,1,1,131,0.0049125,0.0000000,0.0000000,1,0,1,1
758621399308041 D 2056,4033218339,1000,1545,1545,2.3700004,-0.00023,-1,-1,-1,0,0,0,136,1,1,131,0.0049125,0.0000000,0.0000000,1,0,1,1
758621400285833 D 2057,4033219339,1000,1545,1545,2.3700004,-0.00022,-1,-1,-1,0,0,0,136,1,1,131,0.0049125,0.0000000,0.0000000,1,0,1,1
758621401499416 D 2058,4033220339,1000,1545,1545,2.3700004,-0.00021,-1,-1,-1,0,0,0,136,1,1,131,0.0049125,0.0000000,0.0000000,1,0,1,1
758621402515333 D 2059,4033221339,1000,1545,1545,2.3700004,-0.00021,-1,-1,-1,0,0,0,136,1,1,131,0.0049125,0.0000000,0.0000000,1,0,1,1
758621403378000 D 2060,4033222339,1000,1545,1545,2.3700004,-0.00020,-1,-1,-1,0,0,0,136,1,1,131,0.0049125,0.0000000,0.0000000,1,0,1,1
758621404263125 D 2061,4033223339,1000,1545,1545,2.3700004,-0.00019,-1,-1,-1,0,0,0,135,1,1,131,0.0049125,0.0000000,0.0000000,1,0,1,1
758621405256291 D 2062,4033224339,1000,1545,1545,2.3700004,-0.00018,-1,-1,-1,0,0,0,136,1,1,131,0.0049125,0.0000000,0.0000000,1,0,1,1
758621406253541 D 2063,4033225339,1000,1545,1545,2.3700004,-0.00018,-1,-1,-1,0,0,0,136,1,1,131,0.0049125,0.0000000,0.0000000,1,0,1,1
758621407268916 D 2064,4033226339,1000,1545,1545,2.3700004,-0.00017,-1,-1,-1,0,0,0,136,1,1,131,0.0049125,0.0000000,0.0000000,1,0,1,1
758621408277916 D 2065,4033227339,1000,1545,1545,2.3700004,-0.00016,-1,-1,-1,0,0,0,136,1,1,131,0.0049125,0.0000000,0.0000000,1,0,1,1
758621409313375 D 2066,4033228339,1000,1545,1545,2.3700004,-0.00016,-1,-1,-1,0,0,0,136,1,1,131,0.0049125,0.0000000,0.0000000,1,0,1,1
758621410256375 D 2067,4033229339,1000,1545,1545,2.3700004,-0.00015,-1,-1,-1,0,0,0,136,1,1,131,0.0049125,0.0000000,0.0000000,1,0,1,1
758621411247375 D 2068,4033230339,1000,1545,1545,2.3700004,-0.00014,-1,-1,-1,0,0,0,136,1,1,131,0.0049125,0.0000000,0.0000000,1,0,1,1
758621412272625 D 2069,4033231339,1000,1545,1545,2.3700004,-0.00014,-1,-1,-1,0,0,0,136,1,1,131,0.0049125,0.0000000,0.0000000,1,0,1,1
758621413276791 D 2070,4033232339,1000,1545,1545,2.3700004,-0.00013,-1,-1,-1,0,0,0,136,1,1,131,0.0049125,0.0000000,0.0000000,1,0,1,1
758621414248666 D 2071,4033233339,1000,1545,1545,2.3700004,-0.00013,-1,-1,-1,0,0,0,136,1,1,131,0.0049125,0.0000000,0.0000000,1,0,1,1
758621415252041 D 2072,4033234339,1000,1545,1545,2.3700004,-0.00012,-1,-1,-1,0,0,0,136,1,1,131,0.0049125,0.0000000,0.0000000,1,0,1,1
758621416250916 D 2073,4033235339,1000,1545,1545,2.3700004,-0.00012,-1,-1,-1,0,0,0,136,1,1,131,0.0049125,0.0000000,0.0000000,1,0,1,1
758621417240000 D 2074,4033236339,1000,1545,1545,2.3700004,-0.00011,-1,-1,-1,0,0,0,136,1,1,131,0.0049125,0.0000000,0.0000000,1,0,1,1
758621418258625 D 2075,4033237339,1000,1545,1545,2.3700004,-0.00011,-1,-1,-1,0,0,0,136,1,1,131,0.0049125,0.0000000,0.0000000,1,0,1,1
758621419267458 D 2076,4033238339,1000,1545,1545,2.3700004,-0.00010,-1,-1,-1,0,0,0,136,1,1,131,0.0049125,0.0000000,0.0000000,1,0,1,1
758621420258583 D 2077,4033239339,1000,1545,1545,2.3700004,-0.00010,-1,-1,-1,0,0,0,136,1,1,131,0.0049125,0.0000000,0.0000000,1,0,1,1
758621421253500 D 2078,4033240339,1000,1545,1545,2.3700004,-0.00010,-1,-1,-1,0,0,0,136,1,1,131,0.0049125,0.0000000,0.0000000,1,0,1,1
758621422274916 D 2079,4033241339,1000,1545,1545,2.3700004,-0.00009,-1,-1,-1,0,0,0,136,1,1,131,0.0049125,0.0000000,0.0000000,1,0,1,1
758621423409458 D 2080,4033242339,1000,1545,1545,2.3700004,-0.00009,-1,-1,-1,0,0,0,136,1,1,131,0.0049125,0.0000000,0.0000000,1,0,1,1
758621424426458 D 2081,4033243339,1000,1545,1545,2.3700004,-0.00009,-1,-1,-1,0,0,0,136,1,1,131,0.0049125,0.0000000,0.0000000,1,0,1,1
758621425299416 D 2082,4033244339,1000,1545,1545,2.3700004,-0.00008,-1,-1,-1,0,0,0,136,1,1,131,0.0049125,0.0000000,0.0000000,1,0,1,1
758621426359291 D 2083,4033245339,1000,1545,1545,2.3700004,-0.00008,-1,-1,-1,0,0,0,136,1,1,131,0.0049125,0.0000000,0.0000000,1,0,1,1
758621427335666 D 2084,4033246339,1000,1545,1545,2.3700004,-0.00008,-1,-1,-1,0,0,0,136,1,1,131,0.0049125,0.0000000,0.0000000,1,0,1,1
758621428304791 D 2085,4033247339,1000,1545,1545,2.3700004,-0.00007,-1,-1,-1,0,0,0,136,1,1,131,0.0049125,0.0000000,0.0000000,1,0,1,1
758621429338125 D 2086,4033248339,1000,1545,1545,2.3700004,-0.00007,-1,-1,-1,0,0,0,136,1,1,131,0.0049125,0.0000000,0.0000000,1,0,1,1
758621430293708 D 2087,4033249339,1000,1545,1545,2.3700004,-0.00007,-1,-1,-1,0,0,0,136,1,1,131,0.0049125,0.0000000,0.0000000,1,0,1,1
758621431278000 D 2088,4033250339,1000,1545,1545,2.3700004,-0.00006,-1,-1,-1,0,0,0,136,1,1,131,0.0049125,0.0000000,0.0000000,1,0,1,1
758621432261375 D 2089,4033251339,1000,1545,1545,2.3700004,-0.00006,-1,-1,-1,0,0,0,136,1,1,131,0.0049125,0.0000000,0.0000000,1,0,1,1
758621433773541 D 2090,4033252339,1000,1545,1545,2.3700004,-0.00006,39,126,2100,0,0,0,136,1,1,131,0.0049125,0.0000000,0.0000000,1,0,1,1
758621434416875 D 2091,4033253339,1000,1545,1545,2.3700004,-0.00006,-1,-1,-1,0,0,0,136,1,1,131,0.0049125,0.0000000,0.0000000,1,0,1,1
758621435282333 D 2092,4033254339,1000,1545,1545,2.3700004,-0.00005,-1,-1,-1,0,0,0,136,1,1,131,0.0049125,0.0000000,0.0000000,1,0,1,1
758621436271625 D 2093,4033255339,1000,1545,1545,2.3700004,-0.00005,-1,-1,-1,0,0,0,136,1,1,131,0.0049125,0.0000000,0.0000000,1,0,1,1
758621437271000 D 2094,4033256339,1000,1545,1545,2.3700004,-0.00005,-1,-1,-1,0,0,0,136,1,1,131,0.0049125,0.0000000,0.0000000,1,0,1,1
758621438486333 D 2095,4033257339,1000,1545,1545,2.3700004,-0.00005,-1,-1,-1,0,0,0,136,1,1,131,0.0049125,0.0000000,0.0000000,1,0,1,1
758621439497958 D 2096,4033258339,1000,1545,1545,2.3700004,-0.00005,-1,-1,-1,0,0,0,136,1,1,131,0.0049125,0.0000000,0.0000000,1,0,1,1
758621440493291 D 2097,4033259339,1000,1545,1545,2.3700004,-0.00004,-1,-1,-1,0,0,0,136,1,1,131,0.0049125,0.0000000,0.0000000,1,0,1,1
758621441277041 D 2098,4033260339,1000,1545,1545,2.3700004,-0.00004,-1,-1,-1,0,0,0,136,1,1,131,0.0049125,0.0000000,0.0000000,1,0,1,1
758621442254625 D 2099,4033261339,1000,1545,1545,2.3700004,-0.00004,-1,-1,-1,0,0,0,136,1,1,131,0.0049125,0.0000000,0.0000000,1,0,1,1
758621443236416 D 2100,4033262339,1000,1545,1545,2.3700004,-0.00004,-1,-1,-1,0,0,0,136,1,1,131,0.0049125,0.0000000,0.0000000,1,0,1,1
758621444236958 D 2101,4033263339,1000,1545,1545,2.3700004,-0.00004,-1,-1,-1,0,0,0,136,1,1,131,0.0049125,0.0000000,0.0000000,1,0,1,1
758621445311541 D 2102,4033264339,1000,1545,1545,2.3700004,-0.00004,-1,-1,-1,0,0,0,136,1,1,131,0.0049125,0.0000000,0.0000000,1,0,1,1
758621446301666 D 2103,4033265339,1000,1545,1545,2.3700004,-0.00004,-1,-1,-1,0,0,0,136,1,1,131,0.0049125,0.0000000,0.0000000,1,0,1,1
758621447261083 D 2104,4033266339,1000,1545,1545,2.3700004,-0.00003,-1,-1,-1,0,0,0,136,1,1,131,0.0049125,0.0000000,0.0000000,1,0,1,1
758621448246750 D 2105,4033267339,1000,1545,1545,2.3700004,-0.00003,-1,-1,-1,0,0,0,136,1,1,131,0.0049125,0.0000000,0.0000000,1,0,1,1
758621449253416 D 2106,4033268339,1000,1545,1545,2.3700004,-0.00003,-1,-1,-1,0,0,0,136,1,1,131,0.0049125,0.0000000,0.0000000,1,0,1,1
758621450247333 D 2107,4033269339,1000,1545,1545,2.3700004,-0.00003,-1,-1,-1,0,0,0,136,1,1,131,0.0049125,0.0000000,0.0000000,1,0,1,1
758621451265625 D 2108,4033270339,1000,1545,1545,2.3700004,-0.00003,-1,-1,-1,0,0,0,136,1,1,131,0.0049125,0.0000000,0.0000000,1,0,1,1
758621452251333 D 2109,4033271339,1000,1545,1545,2.3700004,-0.00003,-1,-1,-1,0,0,0,136,1,1,131,0.0049125,0.0000000,0.0000000,1,0,1,1
758621453243125 D 2110,4033272339,1000,1545,1545,2.3700004,-0.00003,-1,-1,-1,0,0,0,135,1,1,131,0.0049125,0.0000000,0.0000000,1,0,1,1
758621454237875 D 2111,4033273339,1000,1545,1545,2.3700004,-0.00003,-1,-1,-1,0,0,0,136,1,1,131,0.0049125,0.0000000,0.0000000,1,0,1,1
758621455248958 D 2112,4033274339,1000,1545,1545,2.3700004,-0.00002,-1,-1,-1,0,0,0,136,1,1,131,0.0049125,0.0000000,0.0000000,1,0,1,1
758621456258666 D 2113,4033275339,1000,1545,1545,2.3700004,-0.00002,-1,-1,-1,0,0,0,136,1,1,131,0.0049125,0.0000000,0.0000000,1,0,1,1
758621457237666 D 2114,4033276339,1000,1545,1545,2.3700004,-0.00002,-1,-1,-1,0,0,0,136,1,1,131,0.0049125,0.0000000,0.0000000,1,0,1,1
758621458248041 D 2115,4033277339,1000,1545,1545,2.3700004,-0.00002,-1,-1,-1,0,0,0,136,1,1,131,0.0049125,0.0000000,0.0000000,1,0,1,1
758621459237166 D 2116,4033278339,1000,1545,1545,2.3700004,-0.00002,-1,-1,-1,0,0,0,136,1,1,131,0.0049125,0.0000000,0.0000000,1,0,1,1
758621460399500 D 2117,4033279339,1000,1545,1545,2.3700004,-0.00002,-1,-1,-1,0,0,0,136,1,1,131,0.0049125,0.0000000,0.0000000,1,0,1,1
758621461339041 D 2118,4033280339,1000,1545,1545,2.3700004,-0.00002,-1,-1,-1,0,0,0,136,1,1,131,0.0049125,0.0000000,0.0000000,1,0,1,1
758621462324083 D 2119,4033281339,1000,1545,1545,2.3700004,-0.00002,-1,-1,-1,0,0,0,136,1,1,131,0.0049125,0.0000000,0.0000000,1,0,1,1
758621463251708 D 2120,4033282339,1000,1545,1545,2.3700004,-0.00002,-1,-1,-1,0,0,0,136,1,1,131,0.0049125,0.0000000,0.0000000,1,0,1,1
758621464251916 D 2121,4033283339,1000,1545,1545,2.3700004,-0.00002,-1,-1,-1,0,0,0,136,1,1,131,0.0049125,0.0000000,0.0000000,1,0,1,1
758621465257750 D 2122,4033284339,1000,1545,1545,2.3700004,-0.00002,-1,-1,-1,0,0,0,136,1,1,131,0.0049125,0.0000000,0.0000000,1,0,1,1
758621466276916 D 2123,4033285339,1000,1545,1545,2.3700004,-0.00002,-1,-1,-1,0,0,0,136,1,1,131,0.0049125,0.0000000,0.0000000,1,0,1,1
758621467261583 D 2124,4033286339,1000,1545,1545,2.3700004,-0.00002,-1,-1,-1,0,0,0,136,1,1,131,0.0049125,0.0000000,0.0000000,1,0,1,1
758621468260958 D 2125,4033287339,1000,1545,1545,2.3700004,-0.00001,-1,-1,-1,0,0,0,136,1,1,131,0.0049125,0.0000000,0.0000000,1,0,1,1
758621469247625 D 2126,4033288339,1000,1545,1545,2.3700004,-0.00001,-1,-1,-1,0,0,0,136,1,1,131,0.0049125,0.0000000,0.0000000,1,0,1,1
758621470248500 D 2127,4033289339,1000,1545,1545,2.3700004,-0.00001,-1,-1,-1,0,0,0,136,1,1,131,0.0049125,0.0000000,0.0000000,1,0,1,1
758621471252125 D 2128,4033290339,1000,1545,1545,2.3700004,-0.00001,-1,-1,-1,0,0,0,136,1,1,131,0.0049125,0.0000000,0.0000000,1,0,1,1
758621472252041 D 2129,4033291339,1000,1545,1545,2.3700004,-0.00001,-1,-1,-1,0,0,0,136,1,1,131,0.0049125,0.0000000,0.0000000,1,0,1,1
758621473304208 D 2130,4033292339,1000,1545,1545,2.3700004,-0.00001,-1,-1,-1,0,0,0,136,1,1,131,0.0049125,0.0000000,0.0000000,1,0,1,1
758621474255750 D 2131,4033293339,1000,1545,1545,2.3700004,-0.00001,-1,-1,-1,0,0,0,136,1,1,131,0.0049125,0.0000000,0.0000000,1,0,1,1
758621475237291 D 2132,4033294339,1000,1545,1545,2.3700004,-0.00001,-1,-1,-1,0,0,0,136,1,1,131,0.0049125,0.0000000,0.0000000,1,0,1,1
758621476244750 D 2133,4033295339,1000,1545,1545,2.3700004,-0.00001,-1,-1,-1,0,0,0,136,1,1,131,0.0049125,0.0000000,0.0000000,1,0,1,1
758621477499541 D 2134,4033296339,1000,1545,1545,2.3700004,-0.00001,-1,-1,-1,0,0,0,136,1,1,131,0.0049125,0.0000000,0.0000000,1,0,1,1
758621478510458 D 2135,4033297339,1000,1545,1545,2.3700004,-0.00001,-1,-1,-1,0,0,0,136,1,1,131,0.0049125,0.0000000,0.0000000,1,0,1,1
758621479521791 D 2136,4033298339,1000,1545,1545,2.3700004,-0.00001,-1,-1,-1,0,0,0,136,1,1,131,0.0049125,0.0000000,0.0000000,1,0,1,1
758621480410208 D 2137,4033299339,1000,1546,1546,2.3715343,0.06014,-1,-1,-1,0,0,0,136,1,1,131,0.0049125,0.0000000,0.0000000,1,0,1,1
758621481330458 D 2138,4033300339,1000,1545,1545,2.3700004,-0.00237,-1,-1,-1,0,0,0,136,1,1,131,0.0049125,0.0000000,0.0000000,1,0,1,1
758621482520666 D 2139,4033301339,1000,1546,1546,2.3715343,0.05787,-1,-1,-1,0,0,0,136,1,1,131,0.0049125,0.0000000,0.0000000,1,0,1,1
758621483822958 D 2140,4033302339,1000,1545,1545,2.3700004,-0.00454,39,126,2101,0,0,0,136,1,1,131,0.0049125,0.0000000,0.0000000,1,0,1,1
758621484560958 D 2141,4033303339,1000,1545,1545,2.3700004,-0.00437,-1,-1,-1,0,0,0,136,1,1,131,0.0049125,0.0000000,0.0000000,1,0,1,1
758621485335916 D 2142,4033304339,1000,1545,1545,2.3700004,-0.00419,-1,-1,-1,0,0,0,136,1,1,131,0.0049125,0.0000000,0.0000000,1,0,1,1
758621486439125 D 2143,4033305339,1000,1545,1545,2.3700004,-0.00403,-1,-1,-1,0,0,0,136,1,1,131,0.0049125,0.0000000,0.0000000,1,0,1,1
758621487459375 D 2144,4033306339,1000,1545,1545,2.3700004,-0.00387,-1,-1,-1,0,0,0,136,1,1,131,0.0049125,0.0000000,0.0000000,1,0,1,1
758621488463041 D 2145,4033307339,1000,1545,1545,2.3700004,-0.00372,-1,-1,-1,0,0,0,136,1,1,131,0.0049125,0.0000000,0.0000000,1,0,1,1
758621489316833 D 2146,4033308339,1000,1545,1545,2.3700004,-0.00357,-1,-1,-1,0,0,0,136,1,1,131,0.0049125,0.0000000,0.0000000,1,0,1,1
758621490292375 D 2147,4033309339,1000,1545,1545,2.3700004,-0.00343,-1,-1,-1,0,0,0,136,1,1,131,0.0049125,0.0000000,0.0000000,1,0,1,1
758621491769625 D 2148,4033310339,1000,1545,1545,2.3700004,-0.00330,-1,-1,-1,0,0,0,136,1,1,131,0.0049125,0.0000000,0.0000000,1,0,1,1
758621492476625 D 2149,4033311339,1000,1545,1545,2.3700004,-0.00317,-1,-1,-1,0,0,0,136,1,1,131,0.0049125,0.0000000,0.0000000,1,0,1,1
758621493366708 D 2150,4033312339,1000,1545,1545,2.3700004,-0.00305,-1,-1,-1,0,0,0,136,1,1,131,0.0049125,0.0000000,0.0000000,1,0,1,1
758621494356041 D 2151,4033313339,1000,1545,1545,2.3700004,-0.00293,-1,-1,-1,0,0,0,136,1,1,131,0.0049125,0.0000000,0.0000000,1,0,1,1
758621495295583 D 2152,4033314339,1000,1545,1545,2.3700004,-0.00281,-1,-1,-1,0,0,0,135,1,1,131,0.0049125,0.0000000,0.0000000,1,0,1,1
758621496276375 D 2153,4033315339,1000,1545,1545,2.3700004,-0.00270,-1,-1,-1,0,0,0,136,1,1,131,0.0049125,0.0000000,0.0000000,1,0,1,1
758621497262833 D 2154,4033316339,1000,1545,1545,2.3700004,-0.00260,-1,-1,-1,0,0,0,136,1,1,131,0.0049125,0.0000000,0.0000000,1,0,1,1
758621498280833 D 2155,4033317339,1000,1545,1545,2.3700004,-0.00249,-1,-1,-1,0,0,0,136,1,1,131,0.0049125,0.0000000,0.0000000,1,0,1,1
758621499269666 D 2156,4033318339,1000,1545,1545,2.3700004,-0.00240,-1,-1,-1,0,0,0,136,1,1,131,0.0049125,0.0000000,0.0000000,1,0,1,1
758621500261041 D 2157,4033319339,1000,1545,1545,2.3700004,-0.00230,-1,-1,-1,0,0,0,136,1,1,131,0.0049125,0.0000000,0.0000000,1,0,1,1
758621501265416 D 2158,4033320339,1000,1545,1545,2.3700004,-0.00221,-1,-1,-1,0,0,0,136,1,1,131,0.0049125,0.0000000,0.0000000,1,0,1,1
758621502247750 D 2159,4033321339,1000,1545,1545,2.3700004,-0.00212,-1,-1,-1,0,0,0,136,1,1,131,0.0049125,0.0000000,0.0000000,1,0,1,1
758621503301166 D 2160,4033322339,1000,1545,1545,2.3700004,-0.00204,-1,-1,-1,0,0,0,136,1,1,131,0.0049125,0.0000000,0.0000000,1,0,1,1
758621504273791 D 2161,4033323339,1000,1545,1545,2.3700004,-0.00196,-1,-1,-1,0,0,0,136,1,1,131,0.0049125,0.0000000,0.0000000,1,0,1,1
758621505250291 D 2162,4033324339,1000,1545,1545,2.3700004,-0.00188,-1,-1,-1,0,0,0,136,1,1,131,0.0049125,0.0000000,0.0000000,1,0,1,1
758621506246083 D 2163,4033325339,1000,1545,1545,2.3700004,-0.00181,-1,-1,-1,0,0,0,136,1,1,131,0.0049125,0.0000000,0.0000000,1,0,1,1
758621507248291 D 2164,4033326339,1000,1545,1545,2.3700004,-0.00174,-1,-1,-1,0,0,0,136,1,1,131,0.0049125,0.0000000,0.0000000,1,0,1,1
758621508284416 D 2165,4033327339,1000,1545,1545,2.3700004,-0.00167,-1,-1,-1,0,0,0,136,1,1,131,0.0049125,0.0000000,0.0000000,1,0,1,1
758621509282875 D 2166,4033328339,1000,1545,1545,2.3700004,-0.00161,-1,-1,-1,0,0,0,136,1,1,131,0.0049125,0.0000000,0.0000000,1,0,1,1
758621510290958 D 2167,4033329339,1000,1545,1545,2.3700004,-0.00154,-1,-1,-1,0,0,0,136,1,1,131,0.0049125,0.0000000,0.0000000,1,0,1,1
758621511272125 D 2168,4033330339,1000,1545,1545,2.3700004,-0.00148,-1,-1,-1,0,0,0,136,1,1,131,0.0049125,0.0000000,0.0000000,1,0,1,1
758621512271416 D 2169,4033331339,1000,1545,1545,2.3700004,-0.00142,-1,-1,-1,0,0,0,136,1,1,131,0.0049125,0.0000000,0.0000000,1,0,1,1
758621513277541 D 2170,4033332339,1000,1545,1545,2.3700004,-0.00137,-1,-1,-1,0,0,0,136,1,1,131,0.0049125,0.0000000,0.0000000,1,0,1,1
758621514277916 D 2171,4033333339,1000,1545,1545,2.3700004,-0.00131,-1,-1,-1,0,0,0,136,1,1,131,0.0049125,0.0000000,0.0000000,1,0,1,1
758621515266583 D 2172,4033334339,1000,1545,1545,2.3700004,-0.00126,-1,-1,-1,0,0,0,136,1,1,131,0.0049125,0.0000000,0.0000000,1,0,1,1
758621516252250 D 2173,4033335339,1000,1545,1545,2.3700004,-0.00121,-1,-1,-1,0,0,0,136,1,1,131,0.0049125,0.0000000,0.0000000,1,0,1,1
758621517252000 D 2174,4033336339,1000,1545,1545,2.3700004,-0.00117,-1,-1,-1,0,0,0,136,1,1,131,0.0049125,0.0000000,0.0000000,1,0,1,1
758621518245083 D 2175,4033337339,1000,1545,1545,2.3700004,-0.00112,-1,-1,-1,0,0,0,136,1,1,131,0.0049125,0.0000000,0.0000000,1,0,1,1
758621519277208 D 2176,4033338339,1000,1545,1545,2.3700004,-0.00108,-1,-1,-1,0,0,0,136,1,1,131,0.0049125,0.0000000,0.0000000,1,0,1,1
758621520277333 D 2177,4033339339,1000,1545,1545,2.3700004,-0.00103,-1,-1,-1,0,0,0,136,1,1,131,0.0049125,0.0000000,0.0000000,1,0,1,1
758621521253875 D 2178,4033340339,1000,1545,1545,2.3700004,-0.00099,-1,-1,-1,0,0,0,136,1,1,131,0.0049125,0.0000000,0.0000000,1,0,1,1
758621522249625 D 2179,4033341339,1000,1545,1545,2.3700004,-0.00095,-1,-1,-1,0,0,0,136,1,1,131,0.0049125,0.0000000,0.0000000,1,0,1,1
758621523294208 D 2180,4033342339,1000,1545,1545,2.3700004,-0.00092,-1,-1,-1,0,0,0,136,1,1,131,0.0049125,0.0000000,0.0000000,1,0,1,1
758621524346625 D 2181,4033343339,1000,1545,1545,2.3700004,-0.00088,-1,-1,-1,0,0,0,136,1,1,131,0.0049125,0.0000000,0.0000000,1,0,1,1
758621525479291 D 2182,4033344339,1000,1546,1546,2.3715343,0.05930,-1,-1,-1,0,0,0,136,1,1,131,0.0049125,0.0000000,0.0000000,1,0,1,1
758621526318875 D 2183,4033345339,1000,1545,1545,2.3700004,-0.00317,-1,-1,-1,0,0,0,136,1,1,131,0.0049125,0.0000000,0.0000000,1,0,1,1
758621527315791 D 2184,4033346339,1000,1545,1545,2.3700004,-0.00305,-1,-1,-1,0,0,0,136,1,1,131,0.0049125,0.0000000,0.0000000,1,0,1,1
758621528311625 D 2185,4033347339,1000,1545,1545,2.3700004,-0.00293,-1,-1,-1,0,0,0,136,1,1,131,0.0049125,0.0000000,0.0000000,1,0,1,1
758621529276083 D 2186,4033348339,1000,1545,1545,2.3700004,-0.00281,-1,-1,-1,0,0,0,136,1,1,131,0.0049125,0.0000000,0.0000000,1,0,1,1
758621530329750 D 2187,4033349339,1000,1545,1545,2.3700004,-0.00270,-1,-1,-1,0,0,0,136,1,1,131,0.0049125,0.0000000,0.0000000,1,0,1,1
758621531290291 D 2188,4033350339,1000,1545,1545,2.3700004,-0.00260,-1,-1,-1,0,0,0,136,1,1,131,0.0049125,0.0000000,0.0000000,1,0,1,1
758621532259125 D 2189,4033351339,1000,1545,1545,2.3700004,-0.00250,-1,-1,-1,0,0,0,136,1,1,131,0.0049125,0.0000000,0.0000000,1,0,1,1
758621533645375 D 2190,4033352339,1000,1545,1545,2.3700004,-0.00240,39,126,2100,0,0,0,136,1,1,131,0.0049125,0.0000000,0.0000000,1,0,1,1
758621534273458 D 2191,4033353339,1000,1545,1545,2.3700004,-0.00230,-1,-1,-1,0,0,0,136,1,1,131,0.0049125,0.0000000,0.0000000,1,0,1,1
758621535271083 D 2192,4033354339,1000,1545,1545,2.3700004,-0.00221,-1,-1,-1,0,0,0,136,1,1,131,0.0049125,0.0000000,0.0000000,1,0,1,1
758621536273583 D 2193,4033355339,1000,1545,1545,2.3700004,-0.00213,-1,-1,-1,0,0,0,136,1,1,131,0.0049125,0.0000000,0.0000000,1,0,1,1
758621537335791 D 2194,4033356339,1000,1545,1545,2.3700004,-0.00204,-1,-1,-1,0,0,0,136,1,1,131,0.0049125,0.0000000,0.0000000,1,0,1,1
758621538324958 D 2195,4033357339,1000,1545,1545,2.3700004,-0.00196,-1,-1,-1,0,0,0,136,1,1,131,0.0049125,0.0000000,0.0000000,1,0,1,1
758621539289750 D 2196,4033358339,1000,1545,1545,2.3700004,-0.00189,-1,-1,-1,0,0,0,136,1,1,131,0.0049125,0.0000000,0.0000000,1,0,1,1
758621540313791 D 2197,4033359339,1000,1545,1545,2.3700004,-0.00181,-1,-1,-1,0,0,0,136,1,1,131,0.0049125,0.0000000,0.0000000,1,0,1,1
758621541270083 D 2198,4033360339,1000,1545,1545,2.3700004,-0.00174,-1,-1,-1,0,0,0,136,1,1,131,0.0049125,0.0000000,0.0000000,1,0,1,1
758621542241250 D 2199,4033361339,1000,1545,1545,2.3700004,-0.00167,-1,-1,-1,0,0,0,136,1,1,131,0.0049125,0.0000000,0.0000000,1,0,1,1
758621543253333 D 2200,4033362339,1000,1545,1545,2.3700004,-0.00161,-1,-1,-1,0,0,0,136,1,1,131,0.0049125,0.0000000,0.0000000,1,0,1,1
758621544255958 D 2201,4033363339,1000,1545,1545,2.3700004,-0.00154,-1,-1,-1,0,0,0,136,1,1,131,0.0049125,0.0000000,0.0000000,1,0,1,1
758621545267791 D 2202,4033364339,1000,1545,1545,2.3700004,-0.00148,-1,-1,-1,0,0,0,136,1,1,131,0.0049125,0.0000000,0.0000000,1,0,1,1
758621546342083 D 2203,4033365339,1000,1545,1545,2.3700004,-0.00143,-1,-1,-1,0,0,0,136,1,1,131,0.0049125,0.0000000,0.0000000,1,0,1,1
758621547279375 D 2204,4033366339,1000,1545,1545,2.3700004,-0.00137,-1,-1,-1,0,0,0,136,1,1,131,0.0049125,0.0000000,0.0000000,1,0,1,1
758621548250625 D 2205,4033367339,1000,1545,1545,2.3700004,-0.00132,-1,-1,-1,0,0,0,136,1,1,131,0.0049125,0.0000000,0.0000000,1,0,1,1
758621549255958 D 2206,4033368339,1000,1545,1545,2.3700004,-0.00126,-1,-1,-1,0,0,0,136,1,1,131,0.0049125,0.0000000,0.0000000,1,0,1,1
758621550235958 D 2207,4033369339,1000,1545,1545,2.3700004,-0.00121,-1,-1,-1,0,0,0,136,1,1,131,0.0049125,0.0000000,0.0000000,1,0,1,1
758621551282041 D 2208,4033370339,1000,1545,1545,2.3700004,-0.00117,-1,-1,-1,0,0,0,136,1,1,131,0.0049125,0.0000000,0.0000000,1,0,1,1
758621552264666 D 2209,4033371339,1000,1545,1545,2.3700004,-0.00112,-1,-1,-1,0,0,0,136,1,1,131,0.0049125,0.0000000,0.0000000,1,0,1,1
758621553240458 D 2210,4033372339,1000,1545,1545,2.3700004,-0.00108,-1,-1,-1,0,0,0,136,1,1,131,0.0049125,0.0000000,0.0000000,1,0,1,1
758621554255208 D 2211,4033373339,1000,1545,1545,2.3700004,-0.00103,-1,-1,-1,0,0,0,136,1,1,131,0.0049125,0.0000000,0.0000000,1,0,1,1
758621555242750 D 2212,4033374339,1000,1545,1545,2.3700004,-0.00099,-1,-1,-1,0,0,0,136,1,1,131,0.0049125,0.0000000,0.0000000,1,0,1,1
758621556510750 D 2213,4033375339,1000,1545,1545,2.3700004,-0.00096,-1,-1,-1,0,0,0,136,1,1,131,0.0049125,0.0000000,0.0000000,1,0,1,1
758621557479750 D 2214,4033376339,1000,1545,1545,2.3700004,-0.00092,-1,-1,-1,0,0,0,136,1,1,131,0.0049125,0.0000000,0.0000000,1,0,1,1
758621558461125 D 2215,4033377339,1000,1545,1545,2.3700004,-0.00088,-1,-1,-1,0,0,0,136,1,1,131,0.0049125,0.0000000,0.0000000,1,0,1,1
758621559282958 D 2216,4033378339,1000,1545,1545,2.3700004,-0.00085,-1,-1,-1,0,0,0,136,1,1,131,0.0049125,0.0000000,0.0000000,1,0,1,1
758621560248625 D 2217,4033379339,1000,1545,1545,2.3700004,-0.00081,-1,-1,-1,0,0,0,136,1,1,131,0.0049125,0.0000000,0.0000000,1,0,1,1
758621561243333 D 2218,4033380339,1000,1545,1545,2.3700004,-0.00078,-1,-1,-1,0,0,0,136,1,1,131,0.0049125,0.0000000,0.0000000,1,0,1,1
758621562276500 D 2219,4033381339,1000,1545,1545,2.3700004,-0.00075,-1,-1,-1,0,0,0,136,1,1,131,0.0049125,0.0000000,0.0000000,1,0,1,1
758621563271916 D 2220,4033382339,1000,1545,1545,2.3700004,-0.00072,-1,-1,-1,0,0,0,136,1,1,131,0.0049125,0.0000000,0.0000000,1,0,1,1
758621564236916 D 2221,4033383339,1000,1545,1545,2.3700004,-0.00069,-1,-1,-1,0,0,0,136,1,1,131,0.0049125,0.0000000,0.0000000,1,0,1,1
758621565237875 D 2222,4033384339,1000,1545,1545,2.3700004,-0.00067,-1,-1,-1,0,0,0,136,1,1,131,0.0049125,0.0000000,0.0000000,1,0,1,1
758621566236750 D 2223,4033385339,1000,1545,1545,2.3700004,-0.00064,-1,-1,-1,0,0,0,136,1,1,131,0.0049125,0.0000000,0.0000000,1,0,1,1
758621567251208 D 2224,4033386339,1000,1545,1545,2.3700004,-0.00062,-1,-1,-1,0,0,0,136,1,1,131,0.0049125,0.0000000,0.0000000,1,0,1,1
758621568251291 D 2225,4033387339,1000,1545,1545,2.3700004,-0.00059,-1,-1,-1,0,0,0,136,1,1,131,0.0049125,0.0000000,0.0000000,1,0,1,1
758621569252958 D 2226,4033388339,1000,1545,1545,2.3700004,-0.00057,-1,-1,-1,0,0,0,136,1,1,131,0.0049125,0.0000000,0.0000000,1,0,1,1
758621570291458 D 2227,4033389339,1000,1545,1545,2.3700004,-0.00055,-1,-1,-1,0,0,0,136,1,1,131,0.0049125,0.0000000,0.0000000,1,0,1,1
758621571313750 D 2228,4033390339,1000,1545,1545,2.3700004,-0.00052,-1,-1,-1,0,0,0,136,1,1,131,0.0049125,0.0000000,0.0000000,1,0,1,1
758621572298875 D 2229,4033391339,1000,1545,1545,2.3700004,-0.00050,-1,-1,-1,0,0,0,136,1,1,131,0.0049125,0.0000000,0.0000000,1,0,1,1
758621573312708 D 2230,4033392339,1000,1545,1545,2.3700004,-0.00048,-1,-1,-1,0,0,0,136,1,1,131,0.0049125,0.0000000,0.0000000,1,0,1,1
758621574268708 D 2231,4033393339,1000,1545,1545,2.3700004,-0.00047,-1,-1,-1,0,0,0,136,1,1,131,0.0049125,0.0000000,0.0000000,1,0,1,1
758621575253083 D 2232,4033394339,1000,1545,1545,2.3700004,-0.00045,-1,-1,-1,0,0,0,136,1,1,131,0.0049125,0.0000000,0.0000000,1,0,1,1
758621576267666 D 2233,4033395339,1000,1545,1545,2.3700004,-0.00043,-1,-1,-1,0,0,0,136,1,1,131,0.0049125,0.0000000,0.0000000,1,0,1,1
758621577243416 D 2234,4033396339,1000,1545,1545,2.3700004,-0.00041,-1,-1,-1,0,0,0,136,1,1,131,0.0049125,0.0000000,0.0000000,1,0,1,1
758621578268250 D 2235,4033397339,1000,1545,1545,2.3700004,-0.00040,-1,-1,-1,0,0,0,136,1,1,131,0.0049125,0.0000000,0.0000000,1,0,1,1
758621579266791 D 2236,4033398339,1000,1545,1545,2.3700004,-0.00038,-1,-1,-1,0,0,0,136,1,1,131,0.0049125,0.0000000,0.0000000,1,0,1,1
758621580275666 D 2237,4033399339,1000,1545,1545,2.3700004,-0.00037,-1,-1,-1,0,0,0,136,1,1,131,0.0049125,0.0000000,0.0000000,1,0,1,1
758621581287000 D 2238,4033400339,1000,1545,1545,2.3700004,-0.00035,-1,-1,-1,0,0,0,136,1,1,131,0.0049125,0.0000000,0.0000000,1,0,1,1
758621582279375 D 2239,4033401339,1000,1545,1545,2.3700004,-0.00034,-1,-1,-1,0,0,0,136,1,1,131,0.0049125,0.0000000,0.0000000,1,0,1,1
758621583656041 D 2240,4033402339,1000,1545,1545,2.3700004,-0.00032,39,126,2101,0,0,0,136,1,1,131,0.0049125,0.0000000,0.0000000,1,0,1,1
758621584299375 D 2241,4033403339,1000,1545,1545,2.3700004,-0.00031,-1,-1,-1,0,0,0,136,1,1,131,0.0049125,0.0000000,0.0000000,1,0,1,1
758621585250583 D 2242,4033404339,1000,1545,1545,2.3700004,-0.00030,-1,-1,-1,0,0,0,136,1,1,131,0.0049125,0.0000000,0.0000000,1,0,1,1
758621586263291 D 2243,4033405339,1000,1545,1545,2.3700004,-0.00029,-1,-1,-1,0,0,0,136,1,1,131,0.0049125,0.0000000,0.0000000,1,0,1,1
758621587245916 D 2244,4033406339,1000,1545,1545,2.3700004,-0.00028,-1,-1,-1,0,0,0,136,1,1,131,0.0049125,0.0000000,0.0000000,1,0,1,1
758621588265833 D 2245,4033407339,1000,1545,1545,2.3700004,-0.00027,-1,-1,-1,0,0,0,136,1,1,131,0.0049125,0.0000000,0.0000000,1,0,1,1
758621589265583 D 2246,4033408339,1000,1545,1545,2.3700004,-0.00026,-1,-1,-1,0,0,0,136,1,1,131,0.0049125,0.0000000,0.0000000,1,0,1,1
758621590241250 D 2247,4033409339,1000,1545,1545,2.3700004,-0.00025,-1,-1,-1,0,0,0,136,1,1,131,0.0049125,0.0000000,0.0000000,1,0,1,1
758621591238125 D 2248,4033410339,1000,1545,1545,2.3700004,-0.00024,-1,-1,-1,0,0,0,136,1,1,131,0.0049125,0.0000000,0.0000000,1,0,1,1
758621592246750 D 2249,4033411339,1000,1545,1545,2.3700004,-0.00023,-1,-1,-1,0,0,0,136,1,1,131,0.0049125,0.0000000,0.0000000,1,0,1,1
758621593232166 D 2250,4033412339,1000,1545,1545,2.3700004,-0.00022,-1,-1,-1,0,0,0,136,1,1,131,0.0049125,0.0000000,0.0000000,1,0,1,1
758621594262000 D 2251,4033413339,1000,1545,1545,2.3700004,-0.00021,-1,-1,-1,0,0,0,136,1,1,131,0.0049125,0.0000000,0.0000000,1,0,1,1
758621595248333 D 2252,4033414339,1000,1545,1545,2.3700004,-0.00020,-1,-1,-1,0,0,0,136,1,1,131,0.0049125,0.0000000,0.0000000,1,0,1,1
758621596478041 D 2253,4033415339,1000,1545,1545,2.3700004,-0.00019,-1,-1,-1,0,0,0,136,1,1,131,0.0049125,0.0000000,0.0000000,1,0,1,1
758621597474541 D 2254,4033416339,1000,1545,1545,2.3700004,-0.00019,-1,-1,-1,0,0,0,136,1,1,131,0.0049125,0.0000000,0.0000000,1,0,1,1
758621598424875 D 2255,4033417339,1000,1545,1545,2.3700004,-0.00018,-1,-1,-1,0,0,0,136,1,1,131,0.0049125,0.0000000,0.0000000,1,0,1,1
758621599272166 D 2256,4033418339,1000,1545,1545,2.3700004,-0.00017,-1,-1,-1,0,0,0,136,1,1,131,0.0049125,0.0000000,0.0000000,1,0,1,1
758621600252250 D 2257,4033419339,1000,1545,1545,2.3700004,-0.00016,-1,-1,-1,0,0,0,136,1,1,131,0.0049125,0.0000000,0.0000000,1,0,1,1
758621601290750 D 2258,4033420339,1000,1545,1545,2.3700004,-0.00016,-1,-1,-1,0,0,0,136,1,1,131,0.0049125,0.0000000,0.0000000,1,0,1,1
758621602288458 D 2259,4033421339,1000,1545,1545,2.3700004,-0.00015,-1,-1,-1,0,0,0,136,1,1,131,0.0049125,0.0000000,0.0000000,1,0,1,1
758621603250583 D 2260,4033422339,1000,1545,1545,2.3700004,-0.00015,-1,-1,-1,0,0,0,136,1,1,131,0.0049125,0.0000000,0.0000000,1,0,1,1
758621604243000 D 2261,4033423339,1000,1545,1545,2.3700004,-0.00014,-1,-1,-1,0,0,0,136,1,1,131,0.0049125,0.0000000,0.0000000,1,0,1,1
758621605259791 D 2262,4033424339,1000,1545,1545,2.3700004,-0.00013,-1,-1,-1,0,0,0,136,1,1,131,0.0049125,0.0000000,0.0000000,1,0,1,1
758621606239666 D 2263,4033425339,1000,1545,1545,2.3700004,-0.00013,-1,-1,-1,0,0,0,136,1,1,131,0.0049125,0.0000000,0.0000000,1,0,1,1
758621607255250 D 2264,4033426339,1000,1545,1545,2.3700004,-0.00012,-1,-1,-1,0,0,0,136,1,1,131,0.0049125,0.0000000,0.0000000,1,0,1,1
758621608283666 D 2265,4033427339,1000,1545,1545,2.3700004,-0.00012,-1,-1,-1,0,0,0,136,1,1,131,0.0049125,0.0000000,0.0000000,1,0,1,1
758621609253541 D 2266,4033428339,1000,1545,1545,2.3700004,-0.00011,-1,-1,-1,0,0,0,136,1,1,131,0.0049125,0.0000000,0.0000000,1,0,1,1
758621610273125 D 2267,4033429339,1000,1545,1545,2.3700004,-0.00011,-1,-1,-1,0,0,0,136,1,1,131,0.0049125,0.0000000,0.0000000,1,0,1,1
758621611264250 D 2268,4033430339,1000,1545,1545,2.3700004,-0.00011,-1,-1,-1,0,0,0,136,1,1,131,0.0049125,0.0000000,0.0000000,1,0,1,1
758621612301958 D 2269,4033431339,1000,1545,1545,2.3700004,-0.00010,-1,-1,-1,0,0,0,136,1,1,131,0.0049125,0.0000000,0.0000000,1,0,1,1
758621613248541 D 2270,4033432339,1000,1545,1545,2.3700004,-0.00010,-1,-1,-1,0,0,0,136,1,1,131,0.0049125,0.0000000,0.0000000,1,0,1,1
758621614247333 D 2271,4033433339,1000,1545,1545,2.3700004,-0.00009,-1,-1,-1,0,0,0,135,1,1,131,0.0049125,0.0000000,0.0000000,1,0,1,1
758621615272333 D 2272,4033434339,1000,1545,1545,2.3700004,-0.00009,-1,-1,-1,0,0,0,136,1,1,131,0.0049125,0.0000000,0.0000000,1,0,1,1
758621616284333 D 2273,4033435339,1000,1545,1545,2.3700004,-0.00009,-1,-1,-1,0,0,0,136,1,1,131,0.0049125,0.0000000,0.0000000,1,0,1,1
758621617272250 D 2274,4033436339,1000,1545,1545,2.3700004,-0.00008,-1,-1,-1,0,0,0,136,1,1,131,0.0049125,0.0000000,0.0000000,1,0,1,1
758621618245125 D 2275,4033437339,1000,1545,1545,2.3700004,-0.00008,-1,-1,-1,0,0,0,136,1,1,131,0.0049125,0.0000000,0.0000000,1,0,1,1
758621619241041 D 2276,4033438339,1000,1545,1545,2.3700004,-0.00008,-1,-1,-1,0,0,0,136,1,1,131,0.0049125,0.0000000,0.0000000,1,0,1,1
758621620274041 D 2277,4033439339,1000,1545,1545,2.3700004,-0.00007,-1,-1,-1,0,0,0,136,1,1,131,0.0049125,0.0000000,0.0000000,1,0,1,1
758621621268166 D 2278,4033440339,1000,1545,1545,2.3700004,-0.00007,-1,-1,-1,0,0,0,136,1,1,131,0.0049125,0.0000000,0.0000000,1,0,1,1
758621622251000 D 2279,4033441339,1000,1545,1545,2.3700004,-0.00007,-1,-1,-1,0,0,0,136,1,1,131,0.0049125,0.0000000,0.0000000,1,0,1,1
758621623240250 D 2280,4033442339,1000,1545,1545,2.3700004,-0.00007,-1,-1,-1,0,0,0,136,1,1,131,0.0049125,0.0000000,0.0000000,1,0,1,1
758621624253000 D 2281,4033443339,1000,1545,1545,2.3700004,-0.00006,-1,-1,-1,0,0,0,136,1,1,131,0.0049125,0.0000000,0.0000000,1,0,1,1
758621625298166 D 2282,4033444339,1000,1545,1545,2.3700004,-0.00006,-1,-1,-1,0,0,0,136,1,1,131,0.0049125,0.0000000,0.0000000,1,0,1,1
758621626360791 D 2283,4033445339,1000,1545,1545,2.3700004,-0.00006,-1,-1,-1,0,0,0,136,1,1,131,0.0049125,0.0000000,0.0000000,1,0,1,1
758621627502916 D 2284,4033446339,1000,1545,1545,2.3700004,-0.00006,-1,-1,-1,0,0,0,136,1,1,131,0.0049125,0.0000000,0.0000000,1,0,1,1
758621628550500 D 2285,4033447339,1000,1545,1545,2.3700004,-0.00005,-1,-1,-1,0,0,0,136,1,1,131,0.0049125,0.0000000,0.0000000,1,0,1,1
758621629494833 D 2286,4033448339,1000,1545,1545,2.3700004,-0.00005,-1,-1,-1,0,0,0,136,1,1,131,0.0049125,0.0000000,0.0000000,1,0,1,1
758621630353708 D 2287,4033449339,1000,1545,1545,2.3700004,-0.00005,-1,-1,-1,0,0,0,136,1,1,131,0.0049125,0.0000000,0.0000000,1,0,1,1
758621631268916 D 2288,4033450339,1000,1545,1545,2.3700004,-0.00005,-1,-1,-1,0,0,0,136,1,1,131,0.0049125,0.0000000,0.0000000,1,0,1,1
758621632311583 D 2289,4033451339,1000,1546,1546,2.3715343,0.06010,-1,-1,-1,0,0,0,136,1,1,131,0.0049125,0.0000000,0.0000000,1,0,1,1
758621633682541 D 2290,4033452339,1000,1545,1545,2.3700004,-0.00240,39,126,2102,0,0,0,136,1,1,131,0.0049125,0.0000000,0.0000000,1,0,1,1
758621634317916 D 2291,4033453339,1000,1545,1545,2.3700004,-0.00231,-1,-1,-1,0,0,0,136,1,1,131,0.0049125,0.0000000,0.0000000,1,0,1,1
758621635237958 D 2292,4033454339,1000,1545,1545,2.3700004,-0.00222,-1,-1,-1,0,0,0,136,1,1,131,0.0049125,0.0000000,0.0000000,1,0,1,1
758621636279791 D 2293,4033455339,1000,1545,1545,2.3700004,-0.00213,-1,-1,-1,0,0,0,136,1,1,131,0.0049125,0.0000000,0.0000000,1,0,1,1
758621637285083 D 2294,4033456339,1000,1545,1545,2.3700004,-0.00205,-1,-1,-1,0,0,0,136,1,1,131,0.0049125,0.0000000,0.0000000,1,0,1,1
758621638251291 D 2295,4033457339,1000,1545,1545,2.3700004,-0.00197,-1,-1,-1,0,0,0,136,1,1,131,0.0049125,0.0000000,0.0000000,1,0,1,1
758621639246250 D 2296,4033458339,1000,1545,1545,2.3700004,-0.00189,-1,-1,-1,0,0,0,136,1,1,131,0.0049125,0.0000000,0.0000000,1,0,1,1
758621640253875 D 2297,4033459339,1000,1545,1545,2.3700004,-0.00182,-1,-1,-1,0,0,0,136,1,1,131,0.0049125,0.0000000,0.0000000,1,0,1,1
758621641241583 D 2298,4033460339,1000,1545,1545,2.3700004,-0.00174,-1,-1,-1,0,0,0,136,1,1,131,0.0049125,0.0000000,0.0000000,1,0,1,1
758621642276625 D 2299,4033461339,1000,1545,1545,2.3700004,-0.00168,-1,-1,-1,0,0,0,136,1,1,131,0.0049125,0.0000000,0.0000000,1,0,1,1
758621643275000 D 2300,4033462339,1000,1545,1545,2.3700004,-0.00161,-1,-1,-1,0,0,0,136,1,1,131,0.0049125,0.0000000,0.0000000,1,0,1,1
758621644249041 D 2301,4033463339,1000,1545,1545,2.3700004,-0.00155,-1,-1,-1,0,0,0,136,1,1,131,0.0049125,0.0000000,0.0000000,1,0,1,1
758621645248000 D 2302,4033464339,1000,1545,1545,2.3700004,-0.00149,-1,-1,-1,0,0,0,136,1,1,131,0.0049125,0.0000000,0.0000000,1,0,1,1
758621646241000 D 2303,4033465339,1000,1545,1545,2.3700004,-0.00143,-1,-1,-1,0,0,0,136,1,1,131,0.0049125,0.0000000,0.0000000,1,0,1,1
758621647261916 D 2304,4033466339,1000,1545,1545,2.3700004,-0.00137,-1,-1,-1,0,0,0,136,1,1,131,0.0049125,0.0000000,0.0000000,1,0,1,1
758621648285541 D 2305,4033467339,1000,1545,1545,2.3700004,-0.00132,-1,-1,-1,0,0,0,136,1,1,131,0.0049125,0.0000000,0.0000000,1,0,1,1
758621649272833 D 2306,4033468339,1000,1545,1545,2.3700004,-0.00127,-1,-1,-1,0,0,0,136,1,1,131,0.0049125,0.0000000,0.0000000,1,0,1,1
758621650249500 D 2307,4033469339,1000,1545,1545,2.3700004,-0.00122,-1,-1,-1,0,0,0,136,1,1,131,0.0049125,0.0000000,0.0000000,1,0,1,1
758621651247041 D 2308,4033470339,1000,1545,1545,2.3700004,-0.00117,-1,-1,-1,0,0,0,136,1,1,131,0.0049125,0.0000000,0.0000000,1,0,1,1
758621652235416 D 2309,4033471339,1000,1545,1545,2.3700004,-0.00112,-1,-1,-1,0,0,0,136,1,1,131,0.0049125,0.0000000,0.0000000,1,0,1,1
758621653263916 D 2310,4033472339,1000,1545,1545,2.3700004,-0.00108,-1,-1,-1,0,0,0,136,1,1,131,0.0049125,0.0000000,0.0000000,1,0,1,1
758621654242333 D 2311,4033473339,1000,1545,1545,2.3700004,-0.00104,-1,-1,-1,0,0,0,136,1,1,131,0.0049125,0.0000000,0.0000000,1,0,1,1
758621655237208 D 2312,4033474339,1000,1545,1545,2.3700004,-0.00100,-1,-1,-1,0,0,0,136,1,1,131,0.0049125,0.0000000,0.0000000,1,0,1,1
758621656242708 D 2313,4033475339,1000,1545,1545,2.3700004,-0.00096,-1,-1,-1,0,0,0,136,1,1,131,0.0049125,0.0000000,0.0000000,1,0,1,1
758621657234333 D 2314,4033476339,1000,1545,1545,2.3700004,-0.00092,-1,-1,-1,0,0,0,136,1,1,131,0.0049125,0.0000000,0.0000000,1,0,1,1
758621658231625 D 2315,4033477339,1000,1545,1545,2.3700004,-0.00088,-1,-1,-1,0,0,0,136,1,1,131,0.0049125,0.0000000,0.0000000,1,0,1,1
758621659256625 D 2316,4033478339,1000,1545,1545,2.3700004,-0.00085,-1,-1,-1,0,0,0,136,1,1,131,0.0049125,0.0000000,0.0000000,1,0,1,1
758621660227041 D 2317,4033479339,1000,1545,1545,2.3700004,-0.00082,-1,-1,-1,0,0,0,136,1,1,131,0.0049125,0.0000000,0.0000000,1,0,1,1
758621661236000 D 2318,4033480339,1000,1545,1545,2.3700004,-0.00078,-1,-1,-1,0,0,0,136,1,1,131,0.0049125,0.0000000,0.0000000,1,0,1,1
758621662223708 D 2319,4033481339,1000,1545,1545,2.3700004,-0.00075,-1,-1,-1,0,0,0,136,1,1,131,0.0049125,0.0000000,0.0000000,1,0,1,1
758621663613166 D 2320,4033482339,1000,1545,1545,2.3700004,-0.00072,-1,-1,-1,0,0,0,135,1,1,131,0.0049125,0.0000000,0.0000000,1,0,1,1
758621664555250 D 2321,4033483339,1000,1545,1545,2.3700004,-0.00070,-1,-1,-1,0,0,0,136,1,1,131,0.0049125,0.0000000,0.0000000,1,0,1,1
758621665500916 D 2322,4033484339,1000,1545,1545,2.3700004,-0.00067,-1,-1,-1,0,0,0,136,1,1,131,0.0049125,0.0000000,0.0000000,1,0,1,1
758621666263083 D 2323,4033485339,1000,1545,1545,2.3700004,-0.00064,-1,-1,-1,0,0,0,136,1,1,131,0.0049125,0.0000000,0.0000000,1,0,1,1
758621667246875 D 2324,4033486339,1000,1545,1545,2.3700004,-0.00062,-1,-1,-1,0,0,0,136,1,1,131,0.0049125,0.0000000,0.0000000,1,0,1,1
758621668276250 D 2325,4033487339,1000,1545,1545,2.3700004,-0.00059,-1,-1,-1,0,0,0,136,1,1,131,0.0049125,0.0000000,0.0000000,1,0,1,1
758621669251375 D 2326,4033488339,1000,1545,1545,2.3700004,-0.00057,-1,-1,-1,0,0,0,136,1,1,131,0.0049125,0.0000000,0.0000000,1,0,1,1
758621670239875 D 2327,4033489339,1000,1545,1545,2.3700004,-0.00055,-1,-1,-1,0,0,0,136,1,1,131,0.0049125,0.0000000,0.0000000,1,0,1,1
758621671247916 D 2328,4033490339,1000,1545,1545,2.3700004,-0.00053,-1,-1,-1,0,0,0,136,1,1,131,0.0049125,0.0000000,0.0000000,1,0,1,1
758621672244416 D 2329,4033491339,1000,1545,1545,2.3700004,-0.00050,-1,-1,-1,0,0,0,136,1,1,131,0.0049125,0.0000000,0.0000000,1,0,1,1
758621673245500 D 2330,4033492339,1000,1545,1545,2.3700004,-0.00049,-1,-1,-1,0,0,0,136,1,1,131,0.0049125,0.0000000,0.0000000,1,0,1,1
758621674272708 D 2331,4033493339,1000,1545,1545,2.3700004,-0.00047,-1,-1,-1,0,0,0,136,1,1,131,0.0049125,0.0000000,0.0000000,1,0,1,1
758621675283916 D 2332,4033494339,1000,1545,1545,2.3700004,-0.00045,-1,-1,-1,0,0,0,136,1,1,131,0.0049125,0.0000000,0.0000000,1,0,1,1
758621676246791 D 2333,4033495339,1000,1545,1545,2.3700004,-0.00043,-1,-1,-1,0,0,0,136,1,1,131,0.0049125,0.0000000,0.0000000,1,0,1,1
758621677254583 D 2334,4033496339,1000,1545,1545,2.3700004,-0.00041,-1,-1,-1,0,0,0,135,1,1,131,0.0049125,0.0000000,0.0000000,1,0,1,1
758621678228625 D 2335,4033497339,1000,1545,1545,2.3700004,-0.00040,-1,-1,-1,0,0,0,136,1,1,131,0.0049125,0.0000000,0.0000000,1,0,1,1
758621679242750 D 2336,4033498339,1000,1545,1545,2.3700004,-0.00038,-1,-1,-1,0,0,0,136,1,1,131,0.0049125,0.0000000,0.0000000,1,0,1,1
758621680253708 D 2337,4033499339,1000,1545,1545,2.3700004,-0.00037,-1,-1,-1,0,0,0,136,1,1,131,0.0049125,0.0000000,0.0000000,1,0,1,1
758621681246875 D 2338,4033500339,1000,1545,1545,2.3700004,-0.00035,-1,-1,-1,0,0,0,136,1,1,131,0.0049125,0.0000000,0.0000000,1,0,1,1
758621682286458 D 2339,4033501339,1000,1545,1545,2.3700004,-0.00034,-1,-1,-1,0,0,0,136,1,1,131,0.0049125,0.0000000,0.0000000,1,0,1,1
758621683706875 D 2340,4033502339,1000,1545,1545,2.3700004,-0.00033,39,126,2100,0,0,0,136,1,1,131,0.0049125,0.0000000,0.0000000,1,0,1,1
758621684372375 D 2341,4033503339,1000,1545,1545,2.3700004,-0.00031,-1,-1,-1,0,0,0,136,1,1,131,0.0049125,0.0000000,0.0000000,1,0,1,1
758621685368500 D 2342,4033504339,1000,1545,1545,2.3700004,-0.00030,-1,-1,-1,0,0,0,136,1,1,131,0.0049125,0.0000000,0.0000000,1,0,1,1
758621686294791 D 2343,4033505339,1000,1545,1545,2.3700004,-0.00029,-1,-1,-1,0,0,0,136,1,1,131,0.0049125,0.0000000,0.0000000,1,0,1,1
758621687358416 D 2344,4033506339,1000,1545,1545,2.3700004,-0.00028,-1,-1,-1,0,0,0,136,1,1,131,0.0049125,0.0000000,0.0000000,1,0,1,1
758621688621833 D 2345,4033507339,1000,1545,1545,2.3700004,-0.00027,-1,-1,-1,0,0,0,136,1,1,131,0.0049125,0.0000000,0.0000000,1,0,1,1
758621689170333 D 2346,4033508339,1000,1545,1545,2.3700004,-0.00026,-1,-1,-1,0,0,0,136,1,1,131,0.0049125,0.0000000,0.0000000,1,0,1,1
758621690098916 D 2347,4033509339,1000,1546,1546,2.3715343,0.05990,-1,-1,-1,0,0,0,136,1,1,131,0.0049125,0.0000000,0.0000000,1,0,1,1
758621691368000 D 2348,4033510339,1000,1545,1545,2.3700004,-0.00259,-1,-1,-1,0,0,0,135,1,1,131,0.0049125,0.0000000,0.0000000,1,0,1,1
758621692245916 D 2349,4033511339,1000,1545,1545,2.3700004,-0.00249,-1,-1,-1,0,0,0,136,1,1,131,0.0049125,0.0000000,0.0000000,1,0,1,1
758621693240041 D 2350,4033512339,1000,1545,1545,2.3700004,-0.00240,-1,-1,-1,0,0,0,136,1,1,131,0.0049125,0.0000000,0.0000000,1,0,1,1
758621694236083 D 2351,4033513339,1000,1545,1545,2.3700004,-0.00230,-1,-1,-1,0,0,0,136,1,1,131,0.0049125,0.0000000,0.0000000,1,0,1,1
758621695139541 D 2352,4033514339,1000,1545,1545,2.3700004,-0.00221,-1,-1,-1,0,0,0,136,1,1,131,0.0049125,0.0000000,0.0000000,1,0,1,1
758621696285875 D 2353,4033515339,1000,1545,1545,2.3700004,-0.00212,-1,-1,-1,0,0,0,136,1,1,131,0.0049125,0.0000000,0.0000000,1,0,1,1
758621697241916 D 2354,4033516339,1000,1545,1545,2.3700004,-0.00204,-1,-1,-1,0,0,0,136,1,1,131,0.0049125,0.0000000,0.0000000,1,0,1,1
758621698231250 D 2355,4033517339,1000,1545,1545,2.3700004,-0.00196,-1,-1,-1,0,0,0,136,1,1,131,0.0049125,0.0000000,0.0000000,1,0,1,1
758621699236500 D 2356,4033518339,1000,1545,1545,2.3700004,-0.00188,-1,-1,-1,0,0,0,136,1,1,131,0.0049125,0.0000000,0.0000000,1,0,1,1
758621700220916 D 2357,4033519339,1000,1545,1545,2.3700004,-0.00181,-1,-1,-1,0,0,0,136,1,1,131,0.0049125,0.0000000,0.0000000,1,0,1,1
758621701083541 D 2358,4033520339,1000,1545,1545,2.3700004,-0.00174,-1,-1,-1,0,0,0,136,1,1,131,0.0049125,0.0000000,0.0000000,1,0,1,1
758621702228958 D 2359,4033521339,1000,1545,1545,2.3700004,-0.00167,-1,-1,-1,0,0,0,136,1,1,131,0.0049125,0.0000000,0.0000000,1,0,1,1
758621703235083 D 2360,4033522339,1000,1545,1545,2.3700004,-0.00161,-1,-1,-1,0,0,0,136,1,1,131,0.0049125,0.0000000,0.0000000,1,0,1,1
758621704230416 D 2361,4033523339,1000,1545,1545,2.3700004,-0.00154,-1,-1,-1,0,0,0,136,1,1,131,0.0049125,0.0000000,0.0000000,1,0,1,1
758621705237333 D 2362,4033524339,1000,1545,1545,2.3700004,-0.00148,-1,-1,-1,0,0,0,136,1,1,131,0.0049125,0.0000000,0.0000000,1,0,1,1
758621706069000 D 2363,4033525339,1000,1545,1545,2.3700004,-0.00142,-1,-1,-1,0,0,0,136,1,1,131,0.0049125,0.0000000,0.0000000,1,0,1,1
758621707262375 D 2364,4033526339,1000,1545,1545,2.3700004,-0.00137,-1,-1,-1,0,0,0,136,1,1,131,0.0049125,0.0000000,0.0000000,1,0,1,1
758621708227625 D 2365,4033527339,1000,1545,1545,2.3700004,-0.00131,-1,-1,-1,0,0,0,136,1,1,131,0.0049125,0.0000000,0.0000000,1,0,1,1
758621709219666 D 2366,4033528339,1000,1545,1545,2.3700004,-0.00126,-1,-1,-1,0,0,0,136,1,1,131,0.0049125,0.0000000,0.0000000,1,0,1,1
758621710240750 D 2367,4033529339,1000,1545,1545,2.3700004,-0.00121,-1,-1,-1,0,0,0,136,1,1,131,0.0049125,0.0000000,0.0000000,1,0,1,1
758621711043791 D 2368,4033530339,1000,1545,1545,2.3700004,-0.00117,-1,-1,-1,0,0,0,136,1,1,131,0.0049125,0.0000000,0.0000000,1,0,1,1
758621712117166 D 2369,4033531339,1000,1545,1545,2.3700004,-0.00112,-1,-1,-1,0,0,0,136,1,1,131,0.0049125,0.0000000,0.0000000,1,0,1,1
758621713066208 D 2370,4033532339,1000,1545,1545,2.3700004,-0.00108,-1,-1,-1,0,0,0,136,1,1,131,0.0049125,0.0000000,0.0000000,1,0,1,1
758621714052083 D 2371,4033533339,1000,1545,1545,2.3700004,-0.00103,-1,-1,-1,0,0,0,136,1,1,131,0.0049125,0.0000000,0.0000000,1,0,1,1
758621715052250 D 2372,4033534339,1000,1545,1545,2.3700004,-0.00099,-1,-1,-1,0,0,0,136,1,1,131,0.0049125,0.0000000,0.0000000,1,0,1,1
758621716047208 D 2373,4033535339,1000,1545,1545,2.3700004,-0.00095,-1,-1,-1,0,0,0,136,1,1,131,0.0049125,0.0000000,0.0000000,1,0,1,1
758621717075291 D 2374,4033536339,1000,1545,1545,2.3700004,-0.00092,-1,-1,-1,0,0,0,136,1,1,131,0.0049125,0.0000000,0.0000000,1,0,1,1
758621718060333 D 2375,4033537339,1000,1545,1545,2.3700004,-0.00088,-1,-1,-1,0,0,0,136,1,1,131,0.0049125,0.0000000,0.0000000,1,0,1,1
758621719063541 D 2376,4033538339,1000,1545,1545,2.3700004,-0.00085,-1,-1,-1,0,0,0,136,1,1,131,0.0049125,0.0000000,0.0000000,1,0,1,1
758621720053166 D 2377,4033539339,1000,1545,1545,2.3700004,-0.00081,-1,-1,-1,0,0,0,136,1,1,131,0.0049125,0.0000000,0.0000000,1,0,1,1
758621721054416 D 2378,4033540339,1000,1545,1545,2.3700004,-0.00078,-1,-1,-1,0,0,0,136,1,1,131,0.0049125,0.0000000,0.0000000,1,0,1,1
758621722063000 D 2379,4033541339,1000,1545,1545,2.3700004,-0.00075,-1,-1,-1,0,0,0,136,1,1,131,0.0049125,0.0000000,0.0000000,1,0,1,1
758621723078083 D 2380,4033542339,1000,1545,1545,2.3700004,-0.00072,-1,-1,-1,0,0,0,136,1,1,131,0.0049125,0.0000000,0.0000000,1,0,1,1
758621724108458 D 2381,4033543339,1000,1545,1545,2.3700004,-0.00069,-1,-1,-1,0,0,0,136,1,1,131,0.0049125,0.0000000,0.0000000,1,0,1,1
758621725107083 D 2382,4033544339,1000,1545,1545,2.3700004,-0.00067,-1,-1,-1,0,0,0,136,1,1,131,0.0049125,0.0000000,0.0000000,1,0,1,1
758621726119000 D 2383,4033545339,1000,1545,1545,2.3700004,-0.00064,-1,-1,-1,0,0,0,136,1,1,131,0.0049125,0.0000000,0.0000000,1,0,1,1
758621727130166 D 2384,4033546339,1000,1545,1545,2.3700004,-0.00061,-1,-1,-1,0,0,0,136,1,1,131,0.0049125,0.0000000,0.0000000,1,0,1,1
758621728144833 D 2385,4033547339,1000,1545,1545,2.3700004,-0.00059,-1,-1,-1,0,0,0,136,1,1,131,0.0049125,0.0000000,0.0000000,1,0,1,1
758621729097958 D 2386,4033548339,1000,1545,1545,2.3700004,-0.00057,-1,-1,-1,0,0,0,136,1,1,131,0.0049125,0.0000000,0.0000000,1,0,1,1
758621730091750 D 2387,4033549339,1000,1545,1545,2.3700004,-0.00055,-1,-1,-1,0,0,0,136,1,1,131,0.0049125,0.0000000,0.0000000,1,0,1,1
758621731095916 D 2388,4033550339,1000,1545,1545,2.3700004,-0.00052,-1,-1,-1,0,0,0,136,1,1,131,0.0049125,0.0000000,0.0000000,1,0,1,1
758621732135916 D 2389,4033551339,1000,1545,1545,2.3700004,-0.00050,-1,-1,-1,0,0,0,136,1,1,131,0.0049125,0.0000000,0.0000000,1,0,1,1
758621733655125 D 2390,4033552339,1000,1545,1545,2.3700004,-0.00048,39,126,2100,0,0,0,136,1,1,131,0.0049125,0.0000000,0.0000000,1,0,1,1
758621734183250 D 2391,4033553339,1000,1545,1545,2.3700004,-0.00046,-1,-1,-1,0,0,0,136,1,1,131,0.0049125,0.0000000,0.0000000,1,0,1,1
758621735102833 D 2392,4033554339,1000,1545,1545,2.3700004,-0.00045,-1,-1,-1,0,0,0,136,1,1,131,0.0049125,0.0000000,0.0000000,1,0,1,1
758621736093416 D 2393,4033555339,1000,1545,1545,2.3700004,-0.00043,-1,-1,-1,0,0,0,136,1,1,131,0.0049125,0.0000000,0.0000000,1,0,1,1
758621737094333 D 2394,4033556339,1000,1545,1545,2.3700004,-0.00041,-1,-1,-1,0,0,0,136,1,1,131,0.0049125,0.0000000,0.0000000,1,0,1,1
758621738142416 D 2395,4033557339,1000,1545,1545,2.3700004,-0.00040,-1,-1,-1,0,0,0,136,1,1,131,0.0049125,0.0000000,0.0000000,1,0,1,1
758621739141791 D 2396,4033558339,1000,1545,1545,2.3700004,-0.00038,-1,-1,-1,0,0,0,136,1,1,131,0.0049125,0.0000000,0.0000000,1,0,1,1
758621740144500 D 2397,4033559339,1000,1545,1545,2.3700004,-0.00037,-1,-1,-1,0,0,0,136,1,1,131,0.0049125,0.0000000,0.0000000,1,0,1,1
758621741133250 D 2398,4033560339,1000,1545,1545,2.3700004,-0.00035,-1,-1,-1,0,0,0,136,1,1,131,0.0049125,0.0000000,0.0000000,1,0,1,1
758621742150916 D 2399,4033561339,1000,1545,1545,2.3700004,-0.00034,-1,-1,-1,0,0,0,136,1,1,131,0.0049125,0.0000000,0.0000000,1,0,1,1
758621743193250 D 2400,4033562339,1000,1545,1545,2.3700004,-0.00032,-1,-1,-1,0,0,0,136,1,1,131,0.0049125,0.0000000,0.0000000,1,0,1,1
758621744145458 D 2401,4033563339,1000,1545,1545,2.3700004,-0.00031,-1,-1,-1,0,0,0,136,1,1,131,0.0049125,0.0000000,0.0000000,1,0,1,1
758621745149166 D 2402,4033564339,1000,1545,1545,2.3700004,-0.00030,-1,-1,-1,0,0,0,136,1,1,131,0.0049125,0.0000000,0.0000000,1,0,1,1
758621746141750 D 2403,4033565339,1000,1545,1545,2.3700004,-0.00029,-1,-1,-1,0,0,0,136,1,1,131,0.0049125,0.0000000,0.0000000,1,0,1,1
758621747125375 D 2404,4033566339,1000,1545,1545,2.3700004,-0.00028,-1,-1,-1,0,0,0,136,1,1,131,0.0049125,0.0000000,0.0000000,1,0,1,1
758621748137833 D 2405,4033567339,1000,1545,1545,2.3700004,-0.00027,-1,-1,-1,0,0,0,136,1,1,131,0.0049125,0.0000000,0.0000000,1,0,1,1
758621749145916 D 2406,4033568339,1000,1545,1545,2.3700004,-0.00025,-1,-1,-1,0,0,0,136,1,1,131,0.0049125,0.0000000,0.0000000,1,0,1,1
758621750139083 D 2407,4033569339,1000,1545,1545,2.3700004,-0.00024,-1,-1,-1,0,0,0,136,1,1,131,0.0049125,0.0000000,0.0000000,1,0,1,1
758621751136083 D 2408,4033570339,1000,1546,1546,2.3715343,0.05991,-1,-1,-1,0,0,0,136,1,1,131,0.0049125,0.0000000,0.0000000,1,0,1,1
758621752140791 D 2409,4033571339,1000,1545,1545,2.3700004,-0.00258,-1,-1,-1,0,0,0,136,1,1,131,0.0049125,0.0000000,0.0000000,1,0,1,1
758621753168375 D 2410,4033572339,1000,1545,1545,2.3700004,-0.00248,-1,-1,-1,0,0,0,136,1,1,131,0.0049125,0.0000000,0.0000000,1,0,1,1
758621754182750 D 2411,4033573339,1000,1545,1545,2.3700004,-0.00239,-1,-1,-1,0,0,0,136,1,1,131,0.0049125,0.0000000,0.0000000,1,0,1,1
758621755158500 D 2412,4033574339,1000,1545,1545,2.3700004,-0.00229,-1,-1,-1,0,0,0,136,1,1,131,0.0049125,0.0000000,0.0000000,1,0,1,1
758621756146166 D 2413,4033575339,1000,1545,1545,2.3700004,-0.00220,-1,-1,-1,0,0,0,136,1,1,131,0.0049125,0.0000000,0.0000000,1,0,1,1
758621757149500 D 2414,4033576339,1000,1545,1545,2.3700004,-0.00212,-1,-1,-1,0,0,0,136,1,1,131,0.0049125,0.0000000,0.0000000,1,0,1,1
758621758235625 D 2415,4033577339,1000,1545,1545,2.3700004,-0.00203,-1,-1,-1,0,0,0,136,1,1,131,0.0049125,0.0000000,0.0000000,1,0,1,1
758621759224333 D 2416,4033578339,1000,1546,1546,2.3715343,0.05819,-1,-1,-1,0,0,0,136,1,1,131,0.0049125,0.0000000,0.0000000,1,0,1,1
758621760236625 D 2417,4033579339,1000,1545,1545,2.3700004,-0.00424,-1,-1,-1,0,0,0,136,1,1,131,0.0049125,0.0000000,0.0000000,1,0,1,1
758621761223041 D 2418,4033580339,1000,1545,1545,2.3700004,-0.00407,-1,-1,-1,0,0,0,136,1,1,131,0.0049125,0.0000000,0.0000000,1,0,1,1
758621762210916 D 2419,4033581339,1000,1545,1545,2.3700004,-0.00391,-1,-1,-1,0,0,0,136,1,1,131,0.0049125,0.0000000,0.0000000,1,0,1,1
758621763221041 D 2420,4033582339,1000,1545,1545,2.3700004,-0.00376,-1,-1,-1,0,0,0,136,1,1,131,0.0049125,0.0000000,0.0000000,1,0,1,1
758621764207416 D 2421,4033583339,1000,1545,1545,2.3700004,-0.00361,-1,-1,-1,0,0,0,136,1,1,131,0.0049125,0.0000000,0.0000000,1,0,1,1
758621765225541 D 2422,4033584339,1000,1545,1545,2.3700004,-0.00347,-1,-1,-1,0,0,0,136,1,1,131,0.0049125,0.0000000,0.0000000,1,0,1,1
758621766213291 D 2423,4033585339,1000,1545,1545,2.3700004,-0.00333,-1,-1,-1,0,0,0,136,1,1,131,0.0049125,0.0000000,0.0000000,1,0,1,1
758621767222375 D 2424,4033586339,1000,1545,1545,2.3700004,-0.00320,-1,-1,-1,0,0,0,136,1,1,131,0.0049125,0.0000000,0.0000000,1,0,1,1
758621768212750 D 2425,4033587339,1000,1545,1545,2.3700004,-0.00308,-1,-1,-1,0,0,0,136,1,1,131,0.0049125,0.0000000,0.0000000,1,0,1,1
758621769209208 D 2426,4033588339,1000,1545,1545,2.3700004,-0.00295,-1,-1,-1,0,0,0,136,1,1,131,0.0049125,0.0000000,0.0000000,1,0,1,1
758621770236625 D 2427,4033589339,1000,1545,1545,2.3700004,-0.00284,-1,-1,-1,0,0,0,136,1,1,131,0.0049125,0.0000000,0.0000000,1,0,1,1
758621771238416 D 2428,4033590339,1000,1545,1545,2.3700004,-0.00273,-1,-1,-1,0,0,0,136,1,1,131,0.0049125,0.0000000,0.0000000,1,0,1,1
758621772235375 D 2429,4033591339,1000,1545,1545,2.3700004,-0.00262,-1,-1,-1,0,0,0,136,1,1,131,0.0049125,0.0000000,0.0000000,1,0,1,1
758621773235666 D 2430,4033592339,1000,1545,1545,2.3700004,-0.00252,-1,-1,-1,0,0,0,136,1,1,131,0.0049125,0.0000000,0.0000000,1,0,1,1
758621774292250 D 2431,4033593339,1000,1545,1545,2.3700004,-0.00242,-1,-1,-1,0,0,0,136,1,1,131,0.0049125,0.0000000,0.0000000,1,0,1,1
758621775304375 D 2432,4033594339,1000,1545,1545,2.3700004,-0.00232,-1,-1,-1,0,0,0,136,1,1,131,0.0049125,0.0000000,0.0000000,1,0,1,1
758621776239375 D 2433,4033595339,1000,1545,1545,2.3700004,-0.00223,-1,-1,-1,0,0,0,136,1,1,131,0.0049125,0.0000000,0.0000000,1,0,1,1
758621777225500 D 2434,4033596339,1000,1545,1545,2.3700004,-0.00215,-1,-1,-1,0,0,0,136,1,1,131,0.0049125,0.0000000,0.0000000,1,0,1,1
758621778257708 D 2435,4033597339,1000,1545,1545,2.3700004,-0.00206,-1,-1,-1,0,0,0,136,1,1,131,0.0049125,0.0000000,0.0000000,1,0,1,1
758621779241666 D 2436,4033598339,1000,1545,1545,2.3700004,-0.00198,-1,-1,-1,0,0,0,136,1,1,131,0.0049125,0.0000000,0.0000000,1,0,1,1
758621780238833 D 2437,4033599339,1000,1545,1545,2.3700004,-0.00190,-1,-1,-1,0,0,0,136,1,1,131,0.0049125,0.0000000,0.0000000,1,0,1,1
758621781236083 D 2438,4033600339,1000,1545,1545,2.3700004,-0.00183,-1,-1,-1,0,0,0,136,1,1,131,0.0049125,0.0000000,0.0000000,1,0,1,1
758621782230500 D 2439,4033601339,1000,1545,1545,2.3700004,-0.00176,-1,-1,-1,0,0,0,135,1,1,131,0.0049125,0.0000000,0.0000000,1,0,1,1
758621783612416 D 2440,4033602339,1000,1545,1545,2.3700004,-0.00169,39,126,2102,0,0,0,136,1,1,131,0.0049125,0.0000000,0.0000000,1,0,1,1
758621784262583 D 2441,4033603339,1000,1545,1545,2.3700004,-0.00162,-1,-1,-1,0,0,0,136,1,1,131,0.0049125,0.0000000,0.0000000,1,0,1,1
758621785219958 D 2442,4033604339,1000,1545,1545,2.3700004,-0.00156,-1,-1,-1,0,0,0,136,1,1,131,0.0049125,0.0000000,0.0000000,1,0,1,1
758621786231041 D 2443,4033605339,1000,1545,1545,2.3700004,-0.00150,-1,-1,-1,0,0,0,136,1,1,131,0.0049125,0.0000000,0.0000000,1,0,1,1
758621787233500 D 2444,4033606339,1000,1545,1545,2.3700004,-0.00144,-1,-1,-1,0,0,0,136,1,1,131,0.0049125,0.0000000,0.0000000,1,0,1,1
758621788225625 D 2445,4033607339,1000,1545,1545,2.3700004,-0.00138,-1,-1,-1,0,0,0,136,1,1,131,0.0049125,0.0000000,0.0000000,1,0,1,1
758621789227250 D 2446,4033608339,1000,1545,1545,2.3700004,-0.00133,-1,-1,-1,0,0,0,135,1,1,131,0.0049125,0.0000000,0.0000000,1,0,1,1
758621790235333 D 2447,4033609339,1000,1545,1545,2.3700004,-0.00128,-1,-1,-1,0,0,0,136,1,1,131,0.0049125,0.0000000,0.0000000,1,0,1,1
758621791222375 D 2448,4033610339,1000,1545,1545,2.3700004,-0.00123,-1,-1,-1,0,0,0,136,1,1,131,0.0049125,0.0000000,0.0000000,1,0,1,1
758621792221791 D 2449,4033611339,1000,1545,1545,2.3700004,-0.00118,-1,-1,-1,0,0,0,136,1,1,131,0.0049125,0.0000000,0.0000000,1,0,1,1
758621793217833 D 2450,4033612339,1000,1545,1545,2.3700004,-0.00113,-1,-1,-1,0,0,0,136,1,1,131,0.0049125,0.0000000,0.0000000,1,0,1,1
758621794218000 D 2451,4033613339,1000,1545,1545,2.3700004,-0.00109,-1,-1,-1,0,0,0,136,1,1,131,0.0049125,0.0000000,0.0000000,1,0,1,1
758621795222916 D 2452,4033614339,1000,1545,1545,2.3700004,-0.00104,-1,-1,-1,0,0,0,136,1,1,131,0.0049125,0.0000000,0.0000000,1,0,1,1
758621796248125 D 2453,4033615339,1000,1545,1545,2.3700004,-0.00100,-1,-1,-1,0,0,0,136,1,1,131,0.0049125,0.0000000,0.0000000,1,0,1,1
758621797245041 D 2454,4033616339,1000,1545,1545,2.3700004,-0.00096,-1,-1,-1,0,0,0,136,1,1,131,0.0049125,0.0000000,0.0000000,1,0,1,1
758621798236166 D 2455,4033617339,1000,1545,1545,2.3700004,-0.00093,-1,-1,-1,0,0,0,136,1,1,131,0.0049125,0.0000000,0.0000000,1,0,1,1
758621799226541 D 2456,4033618339,1000,1545,1545,2.3700004,-0.00089,-1,-1,-1,0,0,0,136,1,1,131,0.0049125,0.0000000,0.0000000,1,0,1,1
758621800235541 D 2457,4033619339,1000,1545,1545,2.3700004,-0.00086,-1,-1,-1,0,0,0,136,1,1,131,0.0049125,0.0000000,0.0000000,1,0,1,1
758621801231875 D 2458,4033620339,1000,1545,1545,2.3700004,-0.00082,-1,-1,-1,0,0,0,136,1,1,131,0.0049125,0.0000000,0.0000000,1,0,1,1
758621802228916 D 2459,4033621339,1000,1545,1545,2.3700004,-0.00079,-1,-1,-1,0,0,0,136,1,1,131,0.0049125,0.0000000,0.0000000,1,0,1,1
758621803226041 D 2460,4033622339,1000,1545,1545,2.3700004,-0.00076,-1,-1,-1,0,0,0,136,1,1,131,0.0049125,0.0000000,0.0000000,1,0,1,1
758621804226750 D 2461,4033623339,1000,1545,1545,2.3700004,-0.00073,-1,-1,-1,0,0,0,136,1,1,131,0.0049125,0.0000000,0.0000000,1,0,1,1
758621805251125 D 2462,4033624339,1000,1545,1545,2.3700004,-0.00070,-1,-1,-1,0,0,0,136,1,1,131,0.0049125,0.0000000,0.0000000,1,0,1,1
758621806231416 D 2463,4033625339,1000,1545,1545,2.3700004,-0.00067,-1,-1,-1,0,0,0,136,1,1,131,0.0049125,0.0000000,0.0000000,1,0,1,1
758621807253250 D 2464,4033626339,1000,1545,1545,2.3700004,-0.00065,-1,-1,-1,0,0,0,136,1,1,131,0.0049125,0.0000000,0.0000000,1,0,1,1
758621808232000 D 2465,4033627339,1000,1545,1545,2.3700004,-0.00062,-1,-1,-1,0,0,0,136,1,1,131,0.0049125,0.0000000,0.0000000,1,0,1,1
758621809229166 D 2466,4033628339,1000,1545,1545,2.3700004,-0.00060,-1,-1,-1,0,0,0,136,1,1,131,0.0049125,0.0000000,0.0000000,1,0,1,1
758621810231250 D 2467,4033629339,1000,1545,1545,2.3700004,-0.00057,-1,-1,-1,0,0,0,136,1,1,131,0.0049125,0.0000000,0.0000000,1,0,1,1
758621811231666 D 2468,4033630339,1000,1545,1545,2.3700004,-0.00055,-1,-1,-1,0,0,0,136,1,1,131,0.0049125,0.0000000,0.0000000,1,0,1,1
758621812249875 D 2469,4033631339,1000,1545,1545,2.3700004,-0.00053,-1,-1,-1,0,0,0,136,1,1,131,0.0049125,0.0000000,0.0000000,1,0,1,1
758621813238083 D 2470,4033632339,1000,1545,1545,2.3700004,-0.00051,-1,-1,-1,0,0,0,136,1,1,131,0.0049125,0.0000000,0.0000000,1,0,1,1
758621814225791 D 2471,4033633339,1000,1545,1545,2.3700004,-0.00049,-1,-1,-1,0,0,0,136,1,1,131,0.0049125,0.0000000,0.0000000,1,0,1,1
758621815232791 D 2472,4033634339,1000,1545,1545,2.3700004,-0.00047,-1,-1,-1,0,0,0,136,1,1,131,0.0049125,0.0000000,0.0000000,1,0,1,1
758621816230708 D 2473,4033635339,1000,1545,1545,2.3700004,-0.00045,-1,-1,-1,0,0,0,136,1,1,131,0.0049125,0.0000000,0.0000000,1,0,1,1
758621817225750 D 2474,4033636339,1000,1546,1546,2.3715343,0.05972,-1,-1,-1,0,0,0,135,1,1,131,0.0049125,0.0000000,0.0000000,1,0,1,1
758621818225916 D 2475,4033637339,1000,1545,1545,2.3700004,-0.00277,-1,-1,-1,0,0,0,136,1,1,131,0.0049125,0.0000000,0.0000000,1,0,1,1
758621819241708 D 2476,4033638339,1000,1545,1545,2.3700004,-0.00267,-1,-1,-1,0,0,0,136,1,1,131,0.0049125,0.0000000,0.0000000,1,0,1,1
758621820303583 D 2477,4033639339,1000,1545,1545,2.3700004,-0.00256,-1,-1,-1,0,0,0,136,1,1,131,0.0049125,0.0000000,0.0000000,1,0,1,1
758621821470958 D 2478,4033640339,1000,1546,1546,2.3715343,0.05769,-1,-1,-1,0,0,0,136,1,1,131,0.0049125,0.0000000,0.0000000,1,0,1,1
758621822450458 D 2479,4033641339,1000,1545,1545,2.3700004,-0.00472,-1,-1,-1,0,0,0,136,1,1,131,0.0049125,0.0000000,0.0000000,1,0,1,1
758621823454041 D 2480,4033642339,1000,1545,1545,2.3700004,-0.00454,-1,-1,-1,0,0,0,136,1,1,131,0.0049125,0.0000000,0.0000000,1,0,1,1
758621824223875 D 2481,4033643339,1000,1545,1545,2.3700004,-0.00436,-1,-1,-1,0,0,0,135,1,1,131,0.0049125,0.0000000,0.0000000,1,0,1,1
758621825227791 D 2482,4033644339,1000,1545,1545,2.3700004,-0.00419,-1,-1,-1,0,0,0,136,1,1,131,0.0049125,0.0000000,0.0000000,1,0,1,1
758621826238500 D 2483,4033645339,1000,1545,1545,2.3700004,-0.00402,-1,-1,-1,0,0,0,136,1,1,131,0.0049125,0.0000000,0.0000000,1,0,1,1
758621827241833 D 2484,4033646339,1000,1546,1546,2.3715343,0.05628,-1,-1,-1,0,0,0,136,1,1,131,0.0049125,0.0000000,0.0000000,1,0,1,1
758621828247833 D 2485,4033647339,1000,1545,1545,2.3700004,-0.00607,-1,-1,-1,0,0,0,136,1,1,131,0.0049125,0.0000000,0.0000000,1,0,1,1
758621829248333 D 2486,4033648339,1000,1545,1545,2.3700004,-0.00584,-1,-1,-1,0,0,0,136,1,1,131,0.0049125,0.0000000,0.0000000,1,0,1,1
758621830230125 D 2487,4033649339,1000,1545,1545,2.3700004,-0.00561,-1,-1,-1,0,0,0,136,1,1,131,0.0049125,0.0000000,0.0000000,1,0,1,1
758621831228000 D 2488,4033650339,1000,1545,1545,2.3700004,-0.00539,-1,-1,-1,0,0,0,136,1,1,131,0.0049125,0.0000000,0.0000000,1,0,1,1
758621832238291 D 2489,4033651339,1000,1545,1545,2.3700004,-0.00518,-1,-1,-1,0,0,0,136,1,1,131,0.0049125,0.0000000,0.0000000,1,0,1,1
758621833691500 D 2490,4033652339,1000,1545,1545,2.3700004,-0.00497,39,126,2100,0,0,0,136,1,1,131,0.0049125,0.0000000,0.0000000,1,0,1,1
758621834327958 D 2491,4033653339,1000,1545,1545,2.3700004,-0.00478,-1,-1,-1,0,0,0,136,1,1,131,0.0049125,0.0000000,0.0000000,1,0,1,1
758621835244291 D 2492,4033654339,1000,1545,1545,2.3700004,-0.00459,-1,-1,-1,0,0,0,136,1,1,131,0.0049125,0.0000000,0.0000000,1,0,1,1
758621836236041 D 2493,4033655339,1000,1545,1545,2.3700004,-0.00441,-1,-1,-1,0,0,0,136,1,1,131,0.0049125,0.0000000,0.0000000,1,0,1,1
758621837240666 D 2494,4033656339,1000,1545,1545,2.3700004,-0.00424,-1,-1,-1,0,0,0,136,1,1,131,0.0049125,0.0000000,0.0000000,1,0,1,1
758621838237666 D 2495,4033657339,1000,1545,1545,2.3700004,-0.00407,-1,-1,-1,0,0,0,136,1,1,131,0.0049125,0.0000000,0.0000000,1,0,1,1
758621839242000 D 2496,4033658339,1000,1545,1545,2.3700004,-0.00391,-1,-1,-1,0,0,0,136,1,1,131,0.0049125,0.0000000,0.0000000,1,0,1,1
758621840243291 D 2497,4033659339,1000,1545,1545,2.3700004,-0.00376,-1,-1,-1,0,0,0,136,1,1,131,0.0049125,0.0000000,0.0000000,1,0,1,1
758621841247458 D 2498,4033660339,1000,1545,1545,2.3700004,-0.00361,-1,-1,-1,0,0,0,136,1,1,131,0.0049125,0.0000000,0.0000000,1,0,1,1
758621842247250 D 2499,4033661339,1000,1545,1545,2.3700004,-0.00347,-1,-1,-1,0,0,0,136,1,1,131,0.0049125,0.0000000,0.0000000,1,0,1,1
758621843248583 D 2500,4033662339,1000,1545,1545,2.3700004,-0.00333,-1,-1,-1,0,0,0,136,1,1,131,0.0049125,0.0000000,0.0000000,1,0,1,1
758621844262458 D 2501,4033663339,1000,1545,1545,2.3700004,-0.00320,-1,-1,-1,0,0,0,136,1,1,131,0.0049125,0.0000000,0.0000000,1,0,1,1
758621845243541 D 2502,4033664339,1000,1545,1545,2.3700004,-0.00308,-1,-1,-1,0,0,0,135,1,1,131,0.0049125,0.0000000,0.0000000,1,0,1,1
758621846225875 D 2503,4033665339,1000,1545,1545,2.3700004,-0.00296,-1,-1,-1,0,0,0,136,1,1,131,0.0049125,0.0000000,0.0000000,1,0,1,1
758621847233375 D 2504,4033666339,1000,1545,1545,2.3700004,-0.00284,-1,-1,-1,0,0,0,136,1,1,131,0.0049125,0.0000000,0.0000000,1,0,1,1
758621848226083 D 2505,4033667339,1000,1545,1545,2.3700004,-0.00273,-1,-1,-1,0,0,0,136,1,1,131,0.0049125,0.0000000,0.0000000,1,0,1,1
758621849222166 D 2506,4033668339,1000,1545,1545,2.3700004,-0.00262,-1,-1,-1,0,0,0,136,1,1,131,0.0049125,0.0000000,0.0000000,1,0,1,1
758621850247875 D 2507,4033669339,1000,1545,1545,2.3700004,-0.00252,-1,-1,-1,0,0,0,136,1,1,131,0.0049125,0.0000000,0.0000000,1,0,1,1
758621851250041 D 2508,4033670339,1000,1545,1545,2.3700004,-0.00242,-1,-1,-1,0,0,0,136,1,1,131,0.0049125,0.0000000,0.0000000,1,0,1,1
758621852245458 D 2509,4033671339,1000,1545,1545,2.3700004,-0.00233,-1,-1,-1,0,0,0,136,1,1,131,0.0049125,0.0000000,0.0000000,1,0,1,1
758621853244875 D 2510,4033672339,1000,1545,1545,2.3700004,-0.00223,-1,-1,-1,0,0,0,136,1,1,131,0.0049125,0.0000000,0.0000000,1,0,1,1
758621854230291 D 2511,4033673339,1000,1545,1545,2.3700004,-0.00215,-1,-1,-1,0,0,0,136,1,1,131,0.0049125,0.0000000,0.0000000,1,0,1,1
758621855267166 D 2512,4033674339,1000,1545,1545,2.3700004,-0.00206,-1,-1,-1,0,0,0,136,1,1,131,0.0049125,0.0000000,0.0000000,1,0,1,1
758621856459916 D 2513,4033675339,1000,1545,1545,2.3700004,-0.00198,-1,-1,-1,0,0,0,136,1,1,131,0.0049125,0.0000000,0.0000000,1,0,1,1
758621857457583 D 2514,4033676339,1000,1545,1545,2.3700004,-0.00190,-1,-1,-1,0,0,0,136,1,1,131,0.0049125,0.0000000,0.0000000,1,0,1,1
758621858459500 D 2515,4033677339,1000,1545,1545,2.3700004,-0.00183,-1,-1,-1,0,0,0,136,1,1,131,0.0049125,0.0000000,0.0000000,1,0,1,1
758621859315541 D 2516,4033678339,1000,1545,1545,2.3700004,-0.00176,-1,-1,-1,0,0,0,136,1,1,131,0.0049125,0.0000000,0.0000000,1,0,1,1
758621860260750 D 2517,4033679339,1000,1545,1545,2.3700004,-0.00169,-1,-1,-1,0,0,0,136,1,1,131,0.0049125,0.0000000,0.0000000,1,0,1,1
758621861253625 D 2518,4033680339,1000,1545,1545,2.3700004,-0.00162,-1,-1,-1,0,0,0,136,1,1,131,0.0049125,0.0000000,0.0000000,1,0,1,1
758621862264833 D 2519,4033681339,1000,1545,1545,2.3700004,-0.00156,-1,-1,-1,0,0,0,136,1,1,131,0.0049125,0.0000000,0.0000000,1,0,1,1
758621863249125 D 2520,4033682339,1000,1545,1545,2.3700004,-0.00150,-1,-1,-1,0,0,0,136,1,1,131,0.0049125,0.0000000,0.0000000,1,0,1,1
758621864238625 D 2521,4033683339,1000,1545,1545,2.3700004,-0.00144,-1,-1,-1,0,0,0,136,1,1,131,0.0049125,0.0000000,0.0000000,1,0,1,1
758621865277625 D 2522,4033684339,1000,1545,1545,2.3700004,-0.00138,-1,-1,-1,0,0,0,136,1,1,131,0.0049125,0.0000000,0.0000000,1,0,1,1
758621866294708 D 2523,4033685339,1000,1545,1545,2.3700004,-0.00133,-1,-1,-1,0,0,0,136,1,1,131,0.0049125,0.0000000,0.0000000,1,0,1,1
758621867288208 D 2524,4033686339,1000,1545,1545,2.3700004,-0.00128,-1,-1,-1,0,0,0,136,1,1,131,0.0049125,0.0000000,0.0000000,1,0,1,1
758621868286083 D 2525,4033687339,1000,1545,1545,2.3700004,-0.00123,-1,-1,-1,0,0,0,136,1,1,131,0.0049125,0.0000000,0.0000000,1,0,1,1
758621869260083 D 2526,4033688339,1000,1545,1545,2.3700004,-0.00118,-1,-1,-1,0,0,0,136,1,1,131,0.0049125,0.0000000,0.0000000,1,0,1,1
758621870252541 D 2527,4033689339,1000,1545,1545,2.3700004,-0.00113,-1,-1,-1,0,0,0,136,1,1,131,0.0049125,0.0000000,0.0000000,1,0,1,1
758621871235083 D 2528,4033690339,1000,1545,1545,2.3700004,-0.00109,-1,-1,-1,0,0,0,136,1,1,131,0.0049125,0.0000000,0.0000000,1,0,1,1
758621872258000 D 2529,4033691339,1000,1545,1545,2.3700004,-0.00104,-1,-1,-1,0,0,0,136,1,1,131,0.0049125,0.0000000,0.0000000,1,0,1,1
758621873247916 D 2530,4033692339,1000,1545,1545,2.3700004,-0.00100,-1,-1,-1,0,0,0,136,1,1,131,0.0049125,0.0000000,0.0000000,1,0,1,1
758621874229333 D 2531,4033693339,1000,1545,1545,2.3700004,-0.00096,-1,-1,-1,0,0,0,136,1,1,131,0.0049125,0.0000000,0.0000000,1,0,1,1
758621875229458 D 2532,4033694339,1000,1545,1545,2.3700004,-0.00093,-1,-1,-1,0,0,0,136,1,1,131,0.0049125,0.0000000,0.0000000,1,0,1,1
758621876265916 D 2533,4033695339,1000,1545,1545,2.3700004,-0.00089,-1,-1,-1,0,0,0,136,1,1,131,0.0049125,0.0000000,0.0000000,1,0,1,1
758621877224166 D 2534,4033696339,1000,1545,1545,2.3700004,-0.00086,-1,-1,-1,0,0,0,136,1,1,131,0.0049125,0.0000000,0.0000000,1,0,1,1
758621878225833 D 2535,4033697339,1000,1545,1545,2.3700004,-0.00082,-1,-1,-1,0,0,0,136,1,1,131,0.0049125,0.0000000,0.0000000,1,0,1,1
758621879244000 D 2536,4033698339,1000,1545,1545,2.3700004,-0.00079,-1,-1,-1,0,0,0,136,1,1,131,0.0049125,0.0000000,0.0000000,1,0,1,1
758621880237125 D 2537,4033699339,1000,1545,1545,2.3700004,-0.00076,-1,-1,-1,0,0,0,136,1,1,131,0.0049125,0.0000000,0.0000000,1,0,1,1
758621881225666 D 2538,4033700339,1000,1545,1545,2.3700004,-0.00073,-1,-1,-1,0,0,0,136,1,1,131,0.0049125,0.0000000,0.0000000,1,0,1,1
758621882226666 D 2539,4033701339,1000,1545,1545,2.3700004,-0.00070,-1,-1,-1,0,0,0,136,1,1,131,0.0049125,0.0000000,0.0000000,1,0,1,1
758621883644833 D 2540,4033702339,1000,1545,1545,2.3700004,-0.00067,39,126,2100,0,0,0,136,1,1,131,0.0049125,0.0000000,0.0000000,1,0,1,1
758621884278750 D 2541,4033703339,1000,1545,1545,2.3700004,-0.00065,-1,-1,-1,0,0,0,136,1,1,131,0.0049125,0.0000000,0.0000000,1,0,1,1
758621885232125 D 2542,4033704339,1000,1545,1545,2.3700004,-0.00062,-1,-1,-1,0,0,0,136,1,1,131,0.0049125,0.0000000,0.0000000,1,0,1,1
758621886224833 D 2543,4033705339,1000,1545,1545,2.3700004,-0.00060,-1,-1,-1,0,0,0,136,1,1,131,0.0049125,0.0000000,0.0000000,1,0,1,1
758621887232916 D 2544,4033706339,1000,1545,1545,2.3700004,-0.00057,-1,-1,-1,0,0,0,136,1,1,131,0.0049125,0.0000000,0.0000000,1,0,1,1
758621888248583 D 2545,4033707339,1000,1545,1545,2.3700004,-0.00055,-1,-1,-1,0,0,0,136,1,1,131,0.0049125,0.0000000,0.0000000,1,0,1,1
758621889299333 D 2546,4033708339,1000,1545,1545,2.3700004,-0.00053,-1,-1,-1,0,0,0,136,1,1,131,0.0049125,0.0000000,0.0000000,1,0,1,1
758621890466166 D 2547,4033709339,1000,1545,1545,2.3700004,-0.00051,-1,-1,-1,0,0,0,136,1,1,131,0.0049125,0.0000000,0.0000000,1,0,1,1
758621891457083 D 2548,4033710339,1000,1545,1545,2.3700004,-0.00049,-1,-1,-1,0,0,0,136,1,1,131,0.0049125,0.0000000,0.0000000,1,0,1,1
758621892479958 D 2549,4033711339,1000,1545,1545,2.3700004,-0.00047,-1,-1,-1,0,0,0,136,1,1,131,0.0049125,0.0000000,0.0000000,1,0,1,1
758621893235166 D 2550,4033712339,1000,1545,1545,2.3700004,-0.00045,-1,-1,-1,0,0,0,136,1,1,131,0.0049125,0.0000000,0.0000000,1,0,1,1
758621894226708 D 2551,4033713339,1000,1545,1545,2.3700004,-0.00043,-1,-1,-1,0,0,0,136,1,1,131,0.0049125,0.0000000,0.0000000,1,0,1,1
758621895236250 D 2552,4033714339,1000,1545,1545,2.3700004,-0.00042,-1,-1,-1,0,0,0,136,1,1,131,0.0049125,0.0000000,0.0000000,1,0,1,1
758621896225416 D 2553,4033715339,1000,1545,1545,2.3700004,-0.00040,-1,-1,-1,0,0,0,136,1,1,131,0.0049125,0.0000000,0.0000000,1,0,1,1
758621897226875 D 2554,4033716339,1000,1545,1545,2.3700004,-0.00038,-1,-1,-1,0,0,0,136,1,1,131,0.0049125,0.0000000,0.0000000,1,0,1,1
758621898244833 D 2555,4033717339,1000,1545,1545,2.3700004,-0.00037,-1,-1,-1,0,0,0,136,1,1,131,0.0049125,0.0000000,0.0000000,1,0,1,1
758621899248625 D 2556,4033718339,1000,1545,1545,2.3700004,-0.00035,-1,-1,-1,0,0,0,136,1,1,131,0.0049125,0.0000000,0.0000000,1,0,1,1
758621900231541 D 2557,4033719339,1000,1545,1545,2.3700004,-0.00034,-1,-1,-1,0,0,0,136,1,1,131,0.0049125,0.0000000,0.0000000,1,0,1,1
758621901235833 D 2558,4033720339,1000,1545,1545,2.3700004,-0.00033,-1,-1,-1,0,0,0,136,1,1,131,0.0049125,0.0000000,0.0000000,1,0,1,1
758621902222583 D 2559,4033721339,1000,1545,1545,2.3700004,-0.00031,-1,-1,-1,0,0,0,136,1,1,131,0.0049125,0.0000000,0.0000000,1,0,1,1
758621903242458 D 2560,4033722339,1000,1545,1545,2.3700004,-0.00030,-1,-1,-1,0,0,0,136,1,1,131,0.0049125,0.0000000,0.0000000,1,0,1,1
758621904237541 D 2561,4033723339,1000,1545,1545,2.3700004,-0.00029,-1,-1,-1,0,0,0,136,1,1,131,0.0049125,0.0000000,0.0000000,1,0,1,1
758621905222333 D 2562,4033724339,1000,1545,1545,2.3700004,-0.00028,-1,-1,-1,0,0,0,136,1,1,131,0.0049125,0.0000000,0.0000000,1,0,1,1
758621906224291 D 2563,4033725339,1000,1545,1545,2.3700004,-0.00027,-1,-1,-1,0,0,0,136,1,1,131,0.0049125,0.0000000,0.0000000,1,0,1,1
758621907217875 D 2564,4033726339,1000,1545,1545,2.3700004,-0.00026,-1,-1,-1,0,0,0,136,1,1,131,0.0049125,0.0000000,0.0000000,1,0,1,1
758621908260333 D 2565,4033727339,1000,1545,1545,2.3700004,-0.00025,-1,-1,-1,0,0,0,136,1,1,131,0.0049125,0.0000000,0.0000000,1,0,1,1
758621909239583 D 2566,4033728339,1000,1545,1545,2.3700004,-0.00024,-1,-1,-1,0,0,0,136,1,1,131,0.0049125,0.0000000,0.0000000,1,0,1,1
758621910223541 D 2567,4033729339,1000,1545,1545,2.3700004,-0.00023,-1,-1,-1,0,0,0,136,1,1,131,0.0049125,0.0000000,0.0000000,1,0,1,1
758621911226583 D 2568,4033730339,1000,1545,1545,2.3700004,-0.00022,-1,-1,-1,0,0,0,136,1,1,131,0.0049125,0.0000000,0.0000000,1,0,1,1
758621912224958 D 2569,4033731339,1000,1545,1545,2.3700004,-0.00021,-1,-1,-1,0,0,0,136,1,1,131,0.0049125,0.0000000,0.0000000,1,0,1,1
758621913216708 D 2570,4033732339,1000,1545,1545,2.3700004,-0.00020,-1,-1,-1,0,0,0,136,1,1,131,0.0049125,0.0000000,0.0000000,1,0,1,1
758621914252375 D 2571,4033733339,1000,1545,1545,2.3700004,-0.00019,-1,-1,-1,0,0,0,136,1,1,131,0.0049125,0.0000000,0.0000000,1,0,1,1
758621915259583 D 2572,4033734339,1000,1546,1546,2.3715343,0.05996,-1,-1,-1,0,0,0,136,1,1,131,0.0049125,0.0000000,0.0000000,1,0,1,1
758621916238250 D 2573,4033735339,1000,1545,1545,2.3700004,-0.00254,-1,-1,-1,0,0,0,136,1,1,131,0.0049125,0.0000000,0.0000000,1,0,1,1
758621917229708 D 2574,4033736339,1000,1545,1545,2.3700004,-0.00244,-1,-1,-1,0,0,0,136,1,1,131,0.0049125,0.0000000,0.0000000,1,0,1,1
758621918233250 D 2575,4033737339,1000,1545,1545,2.3700004,-0.00234,-1,-1,-1,0,0,0,136,1,1,131,0.0049125,0.0000000,0.0000000,1,0,1,1
758621919226166 D 2576,4033738339,1000,1545,1545,2.3700004,-0.00225,-1,-1,-1,0,0,0,136,1,1,131,0.0049125,0.0000000,0.0000000,1,0,1,1
758621920236583 D 2577,4033739339,1000,1545,1545,2.3700004,-0.00216,-1,-1,-1,0,0,0,136,1,1,131,0.0049125,0.0000000,0.0000000,1,0,1,1
758621921233458 D 2578,4033740339,1000,1545,1545,2.3700004,-0.00208,-1,-1,-1,0,0,0,136,1,1,131,0.0049125,0.0000000,0.0000000,1,0,1,1
758621922230750 D 2579,4033741339,1000,1545,1545,2.3700004,-0.00200,-1,-1,-1,0,0,0,135,1,1,131,0.0049125,0.0000000,0.0000000,1,0,1,1
758621923459541 D 2580,4033742339,1000,1545,1545,2.3700004,-0.00192,-1,-1,-1,0,0,0,136,1,1,131,0.0049125,0.0000000,0.0000000,1,0,1,1
758621924452041 D 2581,4033743339,1000,1545,1545,2.3700004,-0.00184,-1,-1,-1,0,0,0,136,1,1,131,0.0049125,0.0000000,0.0000000,1,0,1,1
758621925466500 D 2582,4033744339,1000,1545,1545,2.3700004,-0.00177,-1,-1,-1,0,0,0,136,1,1,131,0.0049125,0.0000000,0.0000000,1,0,1,1
758621926286833 D 2583,4033745339,1000,1545,1545,2.3700004,-0.00170,-1,-1,-1,0,0,0,136,1,1,131,0.0049125,0.0000000,0.0000000,1,0,1,1
758621927244583 D 2584,4033746339,1000,1545,1545,2.3700004,-0.00163,-1,-1,-1,0,0,0,136,1,1,131,0.0049125,0.0000000,0.0000000,1,0,1,1
758621928265416 D 2585,4033747339,1000,1545,1545,2.3700004,-0.00157,-1,-1,-1,0,0,0,136,1,1,131,0.0049125,0.0000000,0.0000000,1,0,1,1
758621929250791 D 2586,4033748339,1000,1545,1545,2.3700004,-0.00151,-1,-1,-1,0,0,0,136,1,1,131,0.0049125,0.0000000,0.0000000,1,0,1,1
758621930268541 D 2587,4033749339,1000,1545,1545,2.3700004,-0.00145,-1,-1,-1,0,0,0,136,1,1,131,0.0049125,0.0000000,0.0000000,1,0,1,1
758621931252875 D 2588,4033750339,1000,1545,1545,2.3700004,-0.00139,-1,-1,-1,0,0,0,136,1,1,131,0.0049125,0.0000000,0.0000000,1,0,1,1
758621932247166 D 2589,4033751339,1000,1545,1545,2.3700004,-0.00134,-1,-1,-1,0,0,0,136,1,1,131,0.0049125,0.0000000,0.0000000,1,0,1,1
758621933622416 D 2590,4033752339,1000,1545,1545,2.3700004,-0.00129,39,126,2100,0,0,0,136,1,1,131,0.0049125,0.0000000,0.0000000,1,0,1,1
758621934273583 D 2591,4033753339,1000,1546,1546,2.3715343,0.05891,-1,-1,-1,0,0,0,136,1,1,131,0.0049125,0.0000000,0.0000000,1,0,1,1
758621935252000 D 2592,4033754339,1000,1545,1545,2.3700004,-0.00355,-1,-1,-1,0,0,0,136,1,1,131,0.0049125,0.0000000,0.0000000,1,0,1,1
758621936223041 D 2593,4033755339,1000,1545,1545,2.3700004,-0.00341,-1,-1,-1,0,0,0,135,1,1,131,0.0049125,0.0000000,0.0000000,1,0,1,1
758621937242916 D 2594,4033756339,1000,1545,1545,2.3700004,-0.00327,-1,-1,-1,0,0,0,136,1,1,131,0.0049125,0.0000000,0.0000000,1,0,1,1
758621938241458 D 2595,4033757339,1000,1545,1545,2.3700004,-0.00314,-1,-1,-1,0,0,0,136,1,1,131,0.0049125,0.0000000,0.0000000,1,0,1,1
758621939227125 D 2596,4033758339,1000,1545,1545,2.3700004,-0.00302,-1,-1,-1,0,0,0,136,1,1,131,0.0049125,0.0000000,0.0000000,1,0,1,1
758621940255250 D 2597,4033759339,1000,1545,1545,2.3700004,-0.00290,-1,-1,-1,0,0,0,136,1,1,131,0.0049125,0.0000000,0.0000000,1,0,1,1
758621941247041 D 2598,4033760339,1000,1545,1545,2.3700004,-0.00279,-1,-1,-1,0,0,0,136,1,1,131,0.0049125,0.0000000,0.0000000,1,0,1,1
758621942234375 D 2599,4033761339,1000,1545,1545,2.3700004,-0.00268,-1,-1,-1,0,0,0,136,1,1,131,0.0049125,0.0000000,0.0000000,1,0,1,1
758621943224833 D 2600,4033762339,1000,1545,1545,2.3700004,-0.00257,-1,-1,-1,0,0,0,136,1,1,131,0.0049125,0.0000000,0.0000000,1,0,1,1
758621944227750 D 2601,4033763339,1000,1545,1545,2.3700004,-0.00247,-1,-1,-1,0,0,0,136,1,1,131,0.0049125,0.0000000,0.0000000,1,0,1,1
758621945236416 D 2602,4033764339,1000,1545,1545,2.3700004,-0.00238,-1,-1,-1,0,0,0,136,1,1,131,0.0049125,0.0000000,0.0000000,1,0,1,1
758621946254083 D 2603,4033765339,1000,1545,1545,2.3700004,-0.00228,-1,-1,-1,0,0,0,136,1,1,131,0.0049125,0.0000000,0.0000000,1,0,1,1
758621947246833 D 2604,4033766339,1000,1545,1545,2.3700004,-0.00219,-1,-1,-1,0,0,0,136,1,1,131,0.0049125,0.0000000,0.0000000,1,0,1,1
758621948230458 D 2605,4033767339,1000,1545,1545,2.3700004,-0.00211,-1,-1,-1,0,0,0,136,1,1,131,0.0049125,0.0000000,0.0000000,1,0,1,1
758621949230333 D 2606,4033768339,1000,1545,1545,2.3700004,-0.00203,-1,-1,-1,0,0,0,136,1,1,131,0.0049125,0.0000000,0.0000000,1,0,1,1
758621950221583 D 2607,4033769339,1000,1545,1545,2.3700004,-0.00195,-1,-1,-1,0,0,0,136,1,1,131,0.0049125,0.0000000,0.0000000,1,0,1,1
758621951256208 D 2608,4033770339,1000,1545,1545,2.3700004,-0.00187,-1,-1,-1,0,0,0,136,1,1,131,0.0049125,0.0000000,0.0000000,1,0,1,1
758621952230125 D 2609,4033771339,1000,1545,1545,2.3700004,-0.00180,-1,-1,-1,0,0,0,136,1,1,131,0.0049125,0.0000000,0.0000000,1,0,1,1
758621953242375 D 2610,4033772339,1000,1545,1545,2.3700004,-0.00173,-1,-1,-1,0,0,0,136,1,1,131,0.0049125,0.0000000,0.0000000,1,0,1,1
758621954218000 D 2611,4033773339,1000,1545,1545,2.3700004,-0.00166,-1,-1,-1,0,0,0,136,1,1,131,0.0049125,0.0000000,0.0000000,1,0,1,1
758621955224375 D 2612,4033774339,1000,1545,1545,2.3700004,-0.00159,-1,-1,-1,0,0,0,136,1,1,131,0.0049125,0.0000000,0.0000000,1,0,1,1
758621956242333 D 2613,4033775339,1000,1545,1545,2.3700004,-0.00153,-1,-1,-1,0,0,0,136,1,1,131,0.0049125,0.0000000,0.0000000,1,0,1,1
758621957244041 D 2614,4033776340,1001,1545,1545,2.3700004,-0.00147,-1,-1,-1,0,0,0,136,1,1,131,0.0049125,0.0000000,0.0000000,1,0,1,1
758621958211458 D 2615,4033777339,999,1546,1546,2.3715343,0.05874,-1,-1,-1,0,0,0,136,1,1,131,0.0049125,0.0000000,0.0000000,1,0,1,1
758621959454000 D 2616,4033778339,1000,1545,1545,2.3700004,-0.00371,-1,-1,-1,0,0,0,136,1,1,131,0.0049125,0.0000000,0.0000000,1,0,1,1
758621960442250 D 2617,4033779339,1000,1545,1545,2.3700004,-0.00357,-1,-1,-1,0,0,0,136,1,1,131,0.0049125,0.0000000,0.0000000,1,0,1,1
758621961312458 D 2618,4033780339,1000,1545,1545,2.3700004,-0.00343,-1,-1,-1,0,0,0,136,1,1,131,0.0049125,0.0000000,0.0000000,1,0,1,1
758621962245708 D 2619,4033781339,1000,1545,1545,2.3700004,-0.00329,-1,-1,-1,0,0,0,136,1,1,131,0.0049125,0.0000000,0.0000000,1,0,1,1
758621963232541 D 2620,4033782339,1000,1545,1545,2.3700004,-0.00317,-1,-1,-1,0,0,0,136,1,1,131,0.0049125,0.0000000,0.0000000,1,0,1,1
758621964230375 D 2621,4033783339,1000,1545,1545,2.3700004,-0.00304,-1,-1,-1,0,0,0,136,1,1,131,0.0049125,0.0000000,0.0000000,1,0,1,1
758621965226083 D 2622,4033784339,1000,1545,1545,2.3700004,-0.00292,-1,-1,-1,0,0,0,136,1,1,131,0.0049125,0.0000000,0.0000000,1,0,1,1
758621966228083 D 2623,4033785339,1000,1545,1545,2.3700004,-0.00281,-1,-1,-1,0,0,0,136,1,1,131,0.0049125,0.0000000,0.0000000,1,0,1,1
758621967261833 D 2624,4033786339,1000,1545,1545,2.3700004,-0.00270,-1,-1,-1,0,0,0,136,1,1,131,0.0049125,0.0000000,0.0000000,1,0,1,1
758621968233541 D 2625,4033787339,1000,1545,1545,2.3700004,-0.00259,-1,-1,-1,0,0,0,136,1,1,131,0.0049125,0.0000000,0.0000000,1,0,1,1
758621969225916 D 2626,4033788339,1000,1545,1545,2.3700004,-0.00249,-1,-1,-1,0,0,0,136,1,1,131,0.0049125,0.0000000,0.0000000,1,0,1,1
758621970249708 D 2627,4033789339,1000,1545,1545,2.3700004,-0.00239,-1,-1,-1,0,0,0,136,1,1,131,0.0049125,0.0000000,0.0000000,1,0,1,1
758621971233791 D 2628,4033790339,1000,1545,1545,2.3700004,-0.00230,-1,-1,-1,0,0,0,136,1,1,131,0.0049125,0.0000000,0.0000000,1,0,1,1
758621972252416 D 2629,4033791339,1000,1545,1545,2.3700004,-0.00221,-1,-1,-1,0,0,0,136,1,1,131,0.0049125,0.0000000,0.0000000,1,0,1,1
758621973264000 D 2630,4033792339,1000,1545,1545,2.3700004,-0.00212,-1,-1,-1,0,0,0,136,1,1,131,0.0049125,0.0000000,0.0000000,1,0,1,1
758621974223125 D 2631,4033793339,1000,1545,1545,2.3700004,-0.00204,-1,-1,-1,0,0,0,136,1,1,131,0.0049125,0.0000000,0.0000000,1,0,1,1
758621975219458 D 2632,4033794339,1000,1545,1545,2.3700004,-0.00196,-1,-1,-1,0,0,0,136,1,1,131,0.0049125,0.0000000,0.0000000,1,0,1,1
758621976227041 D 2633,4033795339,1000,1545,1545,2.3700004,-0.00188,-1,-1,-1,0,0,0,136,1,1,131,0.0049125,0.0000000,0.0000000,1,0,1,1
758621977217041 D 2634,4033796339,1000,1545,1545,2.3700004,-0.00181,-1,-1,-1,0,0,0,136,1,1,131,0.0049125,0.0000000,0.0000000,1,0,1,1
758621978249916 D 2635,4033797339,1000,1545,1545,2.3700004,-0.00174,-1,-1,-1,0,0,0,135,1,1,131,0.0049125,0.0000000,0.0000000,1,0,1,1
758621979228958 D 2636,4033798339,1000,1545,1545,2.3700004,-0.00167,-1,-1,-1,0,0,0,136,1,1,131,0.0049125,0.0000000,0.0000000,1,0,1,1
758621980234833 D 2637,4033799339,1000,1545,1545,2.3700004,-0.00160,-1,-1,-1,0,0,0,136,1,1,131,0.0049125,0.0000000,0.0000000,1,0,1,1
758621981224083 D 2638,4033800339,1000,1545,1545,2.3700004,-0.00154,-1,-1,-1,0,0,0,136,1,1,131,0.0049125,0.0000000,0.0000000,1,0,1,1
758621982262833 D 2639,4033801339,1000,1545,1545,2.3700004,-0.00148,-1,-1,-1,0,0,0,136,1,1,131,0.0049125,0.0000000,0.0000000,1,0,1,1
758621983678750 D 2640,4033802339,1000,1545,1545,2.3700004,-0.00142,39,126,2100,0,0,0,136,1,1,131,0.0049125,0.0000000,0.0000000,1,0,1,1
758621984342708 D 2641,4033803339,1000,1545,1545,2.3700004,-0.00137,-1,-1,-1,0,0,0,136,1,1,131,0.0049125,0.0000000,0.0000000,1,0,1,1
758621985297166 D 2642,4033804339,1000,1545,1545,2.3700004,-0.00131,-1,-1,-1,0,0,0,136,1,1,131,0.0049125,0.0000000,0.0000000,1,0,1,1
758621986247875 D 2643,4033805339,1000,1545,1545,2.3700004,-0.00126,-1,-1,-1,0,0,0,136,1,1,131,0.0049125,0.0000000,0.0000000,1,0,1,1
758621987245416 D 2644,4033806339,1000,1545,1545,2.3700004,-0.00121,-1,-1,-1,0,0,0,136,1,1,131,0.0049125,0.0000000,0.0000000,1,0,1,1
758621988241500 D 2645,4033807339,1000,1545,1545,2.3700004,-0.00116,-1,-1,-1,0,0,0,136,1,1,131,0.0049125,0.0000000,0.0000000,1,0,1,1
758621989236041 D 2646,4033808339,1000,1545,1545,2.3700004,-0.00112,-1,-1,-1,0,0,0,136,1,1,131,0.0049125,0.0000000,0.0000000,1,0,1,1
758621990228416 D 2647,4033809339,1000,1545,1545,2.3700004,-0.00108,-1,-1,-1,0,0,0,136,1,1,131,0.0049125,0.0000000,0.0000000,1,0,1,1
758621991226541 D 2648,4033810339,1000,1545,1545,2.3700004,-0.00103,-1,-1,-1,0,0,0,136,1,1,131,0.0049125,0.0000000,0.0000000,1,0,1,1
758621992487666 D 2649,4033811339,1000,1545,1545,2.3700004,-0.00099,-1,-1,-1,0,0,0,136,1,1,131,0.0049125,0.0000000,0.0000000,1,0,1,1
758621993479416 D 2650,4033812339,1000,1545,1545,2.3700004,-0.00095,-1,-1,-1,0,0,0,136,1,1,131,0.0049125,0.0000000,0.0000000,1,0,1,1
758621994480916 D 2651,4033813339,1000,1545,1545,2.3700004,-0.00092,-1,-1,-1,0,0,0,136,1,1,131,0.0049125,0.0000000,0.0000000,1,0,1,1
758621995235833 D 2652,4033814339,1000,1545,1545,2.3700004,-0.00088,-1,-1,-1,0,0,0,136,1,1,131,0.0049125,0.0000000,0.0000000,1,0,1,1
758621996232000 D 2653,4033815339,1000,1545,1545,2.3700004,-0.00085,-1,-1,-1,0,0,0,136,1,1,131,0.0049125,0.0000000,0.0000000,1,0,1,1
758621997230125 D 2654,4033816339,1000,1545,1545,2.3700004,-0.00081,-1,-1,-1,0,0,0,136,1,1,131,0.0049125,0.0000000,0.0000000,1,0,1,1
758621998229125 D 2655,4033817339,1000,1545,1545,2.3700004,-0.00078,-1,-1,-1,0,0,0,136,1,1,131,0.0049125,0.0000000,0.0000000,1,0,1,1
758621999244458 D 2656,4033818339,1000,1545,1545,2.3700004,-0.00075,-1,-1,-1,0,0,0,136,1,1,131,0.0049125,0.0000000,0.0000000,1,0,1,1
758622000235958 D 2657,4033819339,1000,1545,1545,2.3700004,-0.00072,-1,-1,-1,0,0,0,136,1,1,131,0.0049125,0.0000000,0.0000000,1,0,1,1
758622001235291 D 2658,4033820339,1000,1545,1545,2.3700004,-0.00069,-1,-1,-1,0,0,0,136,1,1,131,0.0049125,0.0000000,0.0000000,1,0,1,1
758622002246125 D 2659,4033821339,1000,1545,1545,2.3700004,-0.00067,-1,-1,-1,0,0,0,136,1,1,131,0.0049125,0.0000000,0.0000000,1,0,1,1
758622003253208 D 2660,4033822339,1000,1545,1545,2.3700004,-0.00064,-1,-1,-1,0,0,0,136,1,1,131,0.0049125,0.0000000,0.0000000,1,0,1,1
758622004261791 D 2661,4033823339,1000,1545,1545,2.3700004,-0.00061,-1,-1,-1,0,0,0,136,1,1,131,0.0049125,0.0000000,0.0000000,1,0,1,1
758622005235375 D 2662,4033824339,1000,1545,1545,2.3700004,-0.00059,-1,-1,-1,0,0,0,136,1,1,131,0.0049125,0.0000000,0.0000000,1,0,1,1
758622006229458 D 2663,4033825339,1000,1545,1545,2.3700004,-0.00057,-1,-1,-1,0,0,0,135,1,1,131,0.0049125,0.0000000,0.0000000,1,0,1,1
758622007233916 D 2664,4033826339,1000,1545,1545,2.3700004,-0.00054,-1,-1,-1,0,0,0,136,1,1,131,0.0049125,0.0000000,0.0000000,1,0,1,1
758622008225208 D 2665,4033827339,1000,1545,1545,2.3700004,-0.00052,-1,-1,-1,0,0,0,136,1,1,131,0.0049125,0.0000000,0.0000000,1,0,1,1
758622009225166 D 2666,4033828339,1000,1545,1545,2.3700004,-0.00050,-1,-1,-1,0,0,0,136,1,1,131,0.0049125,0.0000000,0.0000000,1,0,1,1
758622010243458 D 2667,4033829339,1000,1545,1545,2.3700004,-0.00048,-1,-1,-1,0,0,0,136,1,1,131,0.0049125,0.0000000,0.0000000,1,0,1,1
758622011227791 D 2668,4033830339,1000,1545,1545,2.3700004,-0.00046,-1,-1,-1,0,0,0,136,1,1,131,0.0049125,0.0000000,0.0000000,1,0,1,1
758622012231875 D 2669,4033831339,1000,1545,1545,2.3700004,-0.00045,-1,-1,-1,0,0,0,136,1,1,131,0.0049125,0.0000000,0.0000000,1,0,1,1
758622013245500 D 2670,4033832339,1000,1545,1545,2.3700004,-0.00043,-1,-1,-1,0,0,0,136,1,1,131,0.0049125,0.0000000,0.0000000,1,0,1,1
758622014233333 D 2671,4033833339,1000,1545,1545,2.3700004,-0.00041,-1,-1,-1,0,0,0,136,1,1,131,0.0049125,0.0000000,0.0000000,1,0,1,1
758622015230000 D 2672,4033834339,1000,1545,1545,2.3700004,-0.00040,-1,-1,-1,0,0,0,136,1,1,131,0.0049125,0.0000000,0.0000000,1,0,1,1
758622016253000 D 2673,4033835339,1000,1545,1545,2.3700004,-0.00038,-1,-1,-1,0,0,0,136,1,1,131,0.0049125,0.0000000,0.0000000,1,0,1,1
758622017224583 D 2674,4033836339,1000,1545,1545,2.3700004,-0.00037,-1,-1,-1,0,0,0,136,1,1,131,0.0049125,0.0000000,0.0000000,1,0,1,1
758622018227541 D 2675,4033837339,1000,1545,1545,2.3700004,-0.00035,-1,-1,-1,0,0,0,136,1,1,131,0.0049125,0.0000000,0.0000000,1,0,1,1
758622019220958 D 2676,4033838339,1000,1545,1545,2.3700004,-0.00034,-1,-1,-1,0,0,0,136,1,1,131,0.0049125,0.0000000,0.0000000,1,0,1,1
758622020218125 D 2677,4033839339,1000,1545,1545,2.3700004,-0.00032,-1,-1,-1,0,0,0,136,1,1,131,0.0049125,0.0000000,0.0000000,1,0,1,1
758622021231083 D 2678,4033840339,1000,1545,1545,2.3700004,-0.00031,-1,-1,-1,0,0,0,136,1,1,131,0.0049125,0.0000000,0.0000000,1,0,1,1
758622022224083 D 2679,4033841339,1000,1545,1545,2.3700004,-0.00030,-1,-1,-1,0,0,0,136,1,1,131,0.0049125,0.0000000,0.0000000,1,0,1,1
758622023393583 D 2680,4033842339,1000,1545,1545,2.3700004,-0.00029,-1,-1,-1,0,0,0,136,1,1,131,0.0049125,0.0000000,0.0000000,1,0,1,1
758622024456125 D 2681,4033843339,1000,1545,1545,2.3700004,-0.00028,-1,-1,-1,0,0,0,136,1,1,131,0.0049125,0.0000000,0.0000000,1,0,1,1
758622025456375 D 2682,4033844339,1000,1545,1545,2.3700004,-0.00027,-1,-1,-1,0,0,0,136,1,1,131,0.0049125,0.0000000,0.0000000,1,0,1,1
758622026390083 D 2683,4033845339,1000,1545,1545,2.3700004,-0.00025,-1,-1,-1,0,0,0,136,1,1,131,0.0049125,0.0000000,0.0000000,1,0,1,1
758622027259458 D 2684,4033846339,1000,1545,1545,2.3700004,-0.00024,-1,-1,-1,0,0,0,136,1,1,131,0.0049125,0.0000000,0.0000000,1,0,1,1
758622028334166 D 2685,4033847339,1000,1545,1545,2.3700004,-0.00024,-1,-1,-1,0,0,0,136,1,1,131,0.0049125,0.0000000,0.0000000,1,0,1,1
758622029248875 D 2686,4033848339,1000,1545,1545,2.3700004,-0.00023,-1,-1,-1,0,0,0,136,1,1,131,0.0049125,0.0000000,0.0000000,1,0,1,1
758622030277083 D 2687,4033849339,1000,1545,1545,2.3700004,-0.00022,-1,-1,-1,0,0,0,136,1,1,131,0.0049125,0.0000000,0.0000000,1,0,1,1
758622031275166 D 2688,4033850339,1000,1545,1545,2.3700004,-0.00021,-1,-1,-1,0,0,0,136,1,1,131,0.0049125,0.0000000,0.0000000,1,0,1,1
758622032295958 D 2689,4033851339,1000,1545,1545,2.3700004,-0.00020,-1,-1,-1,0,0,0,136,1,1,131,0.0049125,0.0000000,0.0000000,1,0,1,1
758622033641125 D 2690,4033852339,1000,1545,1545,2.3700004,-0.00019,39,126,2100,0,0,0,136,1,1,131,0.0049125,0.0000000,0.0000000,1,0,1,1
758622034278708 D 2691,4033853339,1000,1545,1545,2.3700004,-0.00018,-1,-1,-1,0,0,0,136,1,1,131,0.0049125,0.0000000,0.0000000,1,0,1,1
758622035250458 D 2692,4033854339,1000,1545,1545,2.3700004,-0.00018,-1,-1,-1,0,0,0,136,1,1,131,0.0049125,0.0000000,0.0000000,1,0,1,1
758622036296375 D 2693,4033855339,1000,1545,1545,2.3700004,-0.00017,-1,-1,-1,0,0,0,136,1,1,131,0.0049125,0.0000000,0.0000000,1,0,1,1
758622037254625 D 2694,4033856339,1000,1545,1545,2.3700004,-0.00016,-1,-1,-1,0,0,0,136,1,1,131,0.0049125,0.0000000,0.0000000,1,0,1,1
758622038250291 D 2695,4033857339,1000,1545,1545,2.3700004,-0.00016,-1,-1,-1,0,0,0,136,1,1,131,0.0049125,0.0000000,0.0000000,1,0,1,1
758622039238791 D 2696,4033858339,1000,1545,1545,2.3700004,-0.00015,-1,-1,-1,0,0,0,136,1,1,131,0.0049125,0.0000000,0.0000000,1,0,1,1
758622040246541 D 2697,4033859339,1000,1545,1545,2.3700004,-0.00015,-1,-1,-1,0,0,0,136,1,1,131,0.0049125,0.0000000,0.0000000,1,0,1,1
758622041254958 D 2698,4033860339,1000,1545,1545,2.3700004,-0.00014,-1,-1,-1,0,0,0,136,1,1,131,0.0049125,0.0000000,0.0000000,1,0,1,1
758622042257750 D 2699,4033861339,1000,1545,1545,2.3700004,-0.00013,-1,-1,-1,0,0,0,136,1,1,131,0.0049125,0.0000000,0.0000000,1,0,1,1
758622043250875 D 2700,4033862339,1000,1545,1545,2.3700004,-0.00013,-1,-1,-1,0,0,0,136,1,1,131,0.0049125,0.0000000,0.0000000,1,0,1,1
758622044247333 D 2701,4033863339,1000,1545,1545,2.3700004,-0.00012,-1,-1,-1,0,0,0,136,1,1,131,0.0049125,0.0000000,0.0000000,1,0,1,1
758622045236625 D 2702,4033864339,1000,1545,1545,2.3700004,-0.00012,-1,-1,-1,0,0,0,136,1,1,131,0.0049125,0.0000000,0.0000000,1,0,1,1
758622046246583 D 2703,4033865339,1000,1545,1545,2.3700004,-0.00011,-1,-1,-1,0,0,0,136,1,1,131,0.0049125,0.0000000,0.0000000,1,0,1,1
758622047301125 D 2704,4033866339,1000,1545,1545,2.3700004,-0.00011,-1,-1,-1,0,0,0,136,1,1,131,0.0049125,0.0000000,0.0000000,1,0,1,1
758622048288083 D 2705,4033867339,1000,1545,1545,2.3700004,-0.00011,-1,-1,-1,0,0,0,135,1,1,131,0.0049125,0.0000000,0.0000000,1,0,1,1
758622049253541 D 2706,4033868339,1000,1545,1545,2.3700004,-0.00010,-1,-1,-1,0,0,0,136,1,1,131,0.0049125,0.0000000,0.0000000,1,0,1,1
758622050306291 D 2707,4033869339,1000,1545,1545,2.3700004,-0.00010,-1,-1,-1,0,0,0,136,1,1,131,0.0049125,0.0000000,0.0000000,1,0,1,1
758622051327500 D 2708,4033870339,1000,1545,1545,2.3700004,-0.00009,-1,-1,-1,0,0,0,136,1,1,131,0.0049125,0.0000000,0.0000000,1,0,1,1
758622052368458 D 2709,4033871339,1000,1545,1545,2.3700004,-0.00009,-1,-1,-1,0,0,0,136,1,1,131,0.0049125,0.0000000,0.0000000,1,0,1,1
758622053387583 D 2710,4033872339,1000,1545,1545,2.3700004,-0.00009,-1,-1,-1,0,0,0,136,1,1,131,0.0049125,0.0000000,0.0000000,1,0,1,1
758622054361833 D 2711,4033873339,1000,1545,1545,2.3700004,-0.00008,-1,-1,-1,0,0,0,136,1,1,131,0.0049125,0.0000000,0.0000000,1,0,1,1
758622055472958 D 2712,4033874339,1000,1545,1545,2.3700004,-0.00008,-1,-1,-1,0,0,0,136,1,1,131,0.0049125,0.0000000,0.0000000,1,0,1,1
758622056430666 D 2713,4033875339,1000,1545,1545,2.3700004,-0.00008,-1,-1,-1,0,0,0,136,1,1,131,0.0049125,0.0000000,0.0000000,1,0,1,1
758622057337666 D 2714,4033876339,1000,1545,1545,2.3700004,-0.00007,-1,-1,-1,0,0,0,136,1,1,131,0.0049125,0.0000000,0.0000000,1,0,1,1
758622058346666 D 2715,4033877339,1000,1545,1545,2.3700004,-0.00007,-1,-1,-1,0,0,0,136,1,1,131,0.0049125,0.0000000,0.0000000,1,0,1,1
758622059397875 D 2716,4033878339,1000,1545,1545,2.3700004,-0.00007,-1,-1,-1,0,0,0,136,1,1,131,0.0049125,0.0000000,0.0000000,1,0,1,1
758622060348791 D 2717,4033879339,1000,1545,1545,2.3700004,-0.00007,-1,-1,-1,0,0,0,136,1,1,131,0.0049125,0.0000000,0.0000000,1,0,1,1
758622061290750 D 2718,4033880339,1000,1545,1545,2.3700004,-0.00006,-1,-1,-1,0,0,0,136,1,1,131,0.0049125,0.0000000,0.0000000,1,0,1,1
758622062323541 D 2719,4033881339,1000,1545,1545,2.3700004,-0.00006,-1,-1,-1,0,0,0,136,1,1,131,0.0049125,0.0000000,0.0000000,1,0,1,1
758622063556750 D 2720,4033882339,1000,1545,1545,2.3700004,-0.00006,-1,-1,-1,0,0,0,136,1,1,131,0.0049125,0.0000000,0.0000000,1,0,1,1
758622064503791 D 2721,4033883339,1000,1545,1545,2.3700004,-0.00006,-1,-1,-1,0,0,0,136,1,1,131,0.0049125,0.0000000,0.0000000,1,0,1,1
758622065515625 D 2722,4033884339,1000,1545,1545,2.3700004,-0.00005,-1,-1,-1,0,0,0,136,1,1,131,0.0049125,0.0000000,0.0000000,1,0,1,1
758622066255041 D 2723,4033885339,1000,1545,1545,2.3700004,-0.00005,-1,-1,-1,0,0,0,136,1,1,131,0.0049125,0.0000000,0.0000000,1,0,1,1
758622067268416 D 2724,4033886339,1000,1545,1545,2.3700004,-0.00005,-1,-1,-1,0,0,0,136,1,1,131,0.0049125,0.0000000,0.0000000,1,0,1,1
758622068320375 D 2725,4033887339,1000,1545,1545,2.3700004,-0.00005,-1,-1,-1,0,0,0,136,1,1,131,0.0049125,0.0000000,0.0000000,1,0,1,1
758622069347000 D 2726,4033888339,1000,1545,1545,2.3700004,-0.00005,-1,-1,-1,0,0,0,136,1,1,131,0.0049125,0.0000000,0.0000000,1,0,1,1
758622070296000 D 2727,4033889339,1000,1545,1545,2.3700004,-0.00004,-1,-1,-1,0,0,0,136,1,1,131,0.0049125,0.0000000,0.0000000,1,0,1,1
758622071299625 D 2728,4033890339,1000,1545,1545,2.3700004,-0.00004,-1,-1,-1,0,0,0,136,1,1,131,0.0049125,0.0000000,0.0000000,1,0,1,1
758622072288750 D 2729,4033891339,1000,1545,1545,2.3700004,-0.00004,-1,-1,-1,0,0,0,136,1,1,131,0.0049125,0.0000000,0.0000000,1,0,1,1
758622073278166 D 2730,4033892339,1000,1545,1545,2.3700004,-0.00004,-1,-1,-1,0,0,0,136,1,1,131,0.0049125,0.0000000,0.0000000,1,0,1,1
758622074294125 D 2731,4033893339,1000,1545,1545,2.3700004,-0.00004,-1,-1,-1,0,0,0,136,1,1,131,0.0049125,0.0000000,0.0000000,1,0,1,1
758622075296291 D 2732,4033894339,1000,1545,1545,2.3700004,-0.00004,-1,-1,-1,0,0,0,136,1,1,131,0.0049125,0.0000000,0.0000000,1,0,1,1
758622076263125 D 2733,4033895339,1000,1545,1545,2.3700004,-0.00003,-1,-1,-1,0,0,0,136,1,1,131,0.0049125,0.0000000,0.0000000,1,0,1,1
758622077263083 D 2734,4033896339,1000,1545,1545,2.3700004,-0.00003,-1,-1,-1,0,0,0,136,1,1,131,0.0049125,0.0000000,0.0000000,1,0,1,1
758622078253375 D 2735,4033897339,1000,1545,1545,2.3700004,-0.00003,-1,-1,-1,0,0,0,136,1,1,131,0.0049125,0.0000000,0.0000000,1,0,1,1
758622079260416 D 2736,4033898339,1000,1545,1545,2.3700004,-0.00003,-1,-1,-1,0,0,0,136,1,1,131,0.0049125,0.0000000,0.0000000,1,0,1,1
758622080270666 D 2737,4033899339,1000,1545,1545,2.3700004,-0.00003,-1,-1,-1,0,0,0,136,1,1,131,0.0049125,0.0000000,0.0000000,1,0,1,1
758622081254250 D 2738,4033900339,1000,1545,1545,2.3700004,-0.00003,-1,-1,-1,0,0,0,136,1,1,131,0.0049125,0.0000000,0.0000000,1,0,1,1
758622082252708 D 2739,4033901339,1000,1545,1545,2.3700004,-0.00003,-1,-1,-1,0,0,0,136,1,1,131,0.0049125,0.0000000,0.0000000,1,0,1,1
758622083691166 D 2740,4033902339,1000,1545,1545,2.3700004,-0.00003,39,126,2101,0,0,0,136,1,1,131,0.0049125,0.0000000,0.0000000,1,0,1,1
758622084361291 D 2741,4033903339,1000,1545,1545,2.3700004,-0.00003,-1,-1,-1,0,0,0,136,1,1,131,0.0049125,0.0000000,0.0000000,1,0,1,1
758622085280250 D 2742,4033904339,1000,1545,1545,2.3700004,-0.00002,-1,-1,-1,0,0,0,136,1,1,131,0.0049125,0.0000000,0.0000000,1,0,1,1
758622086253583 D 2743,4033905339,1000,1545,1545,2.3700004,-0.00002,-1,-1,-1,0,0,0,136,1,1,131,0.0049125,0.0000000,0.0000000,1,0,1,1
758622087257750 D 2744,4033906339,1000,1545,1545,2.3700004,-0.00002,-1,-1,-1,0,0,0,136,1,1,131,0.0049125,0.0000000,0.0000000,1,0,1,1
758622088282291 D 2745,4033907339,1000,1545,1545,2.3700004,-0.00002,-1,-1,-1,0,0,0,136,1,1,131,0.0049125,0.0000000,0.0000000,1,0,1,1
758622089258166 D 2746,4033908339,1000,1545,1545,2.3700004,-0.00002,-1,-1,-1,0,0,0,136,1,1,131,0.0049125,0.0000000,0.0000000,1,0,1,1
758622090289250 D 2747,4033909339,1000,1545,1545,2.3700004,-0.00002,-1,-1,-1,0,0,0,135,1,1,131,0.0049125,0.0000000,0.0000000,1,0,1,1
758622091275291 D 2748,4033910339,1000,1545,1545,2.3700004,-0.00002,-1,-1,-1,0,0,0,136,1,1,131,0.0049125,0.0000000,0.0000000,1,0,1,1
758622092268166 D 2749,4033911339,1000,1545,1545,2.3700004,-0.00002,-1,-1,-1,0,0,0,136,1,1,131,0.0049125,0.0000000,0.0000000,1,0,1,1
758622093265750 D 2750,4033912339,1000,1545,1545,2.3700004,-0.00002,-1,-1,-1,0,0,0,136,1,1,131,0.0049125,0.0000000,0.0000000,1,0,1,1
758622094244000 D 2751,4033913339,1000,1545,1545,2.3700004,-0.00002,-1,-1,-1,0,0,0,136,1,1,131,0.0049125,0.0000000,0.0000000,1,0,1,1
758622095283375 D 2752,4033914339,1000,1545,1545,2.3700004,-0.00002,-1,-1,-1,0,0,0,136,1,1,131,0.0049125,0.0000000,0.0000000,1,0,1,1
758622096257166 D 2753,4033915339,1000,1545,1545,2.3700004,-0.00002,-1,-1,-1,0,0,0,136,1,1,131,0.0049125,0.0000000,0.0000000,1,0,1,1
758622097255833 D 2754,4033916339,1000,1545,1545,2.3700004,-0.00001,-1,-1,-1,0,0,0,136,1,1,131,0.0049125,0.0000000,0.0000000,1,0,1,1
758622098243000 D 2755,4033917339,1000,1545,1545,2.3700004,-0.00001,-1,-1,-1,0,0,0,136,1,1,131,0.0049125,0.0000000,0.0000000,1,0,1,1
758622099472541 D 2756,4033918339,1000,1545,1545,2.3700004,-0.00001,-1,-1,-1,0,0,0,136,1,1,131,0.0049125,0.0000000,0.0000000,1,0,1,1
758622100475583 D 2757,4033919339,1000,1545,1545,2.3700004,-0.00001,-1,-1,-1,0,0,0,136,1,1,131,0.0049125,0.0000000,0.0000000,1,0,1,1
758622101390083 D 2758,4033920339,1000,1545,1545,2.3700004,-0.00001,-1,-1,-1,0,0,0,136,1,1,131,0.0049125,0.0000000,0.0000000,1,0,1,1
758622102233791 D 2759,4033921339,1000,1545,1545,2.3700004,-0.00001,-1,-1,-1,0,0,0,136,1,1,131,0.0049125,0.0000000,0.0000000,1,0,1,1
758622103238791 D 2760,4033922339,1000,1545,1545,2.3700004,-0.00001,-1,-1,-1,0,0,0,136,1,1,131,0.0049125,0.0000000,0.0000000,1,0,1,1
758622104268791 D 2761,4033923339,1000,1545,1545,2.3700004,-0.00001,-1,-1,-1,0,0,0,136,1,1,131,0.0049125,0.0000000,0.0000000,1,0,1,1
758622105257541 D 2762,4033924339,1000,1545,1545,2.3700004,-0.00001,-1,-1,-1,0,0,0,136,1,1,131,0.0049125,0.0000000,0.0000000,1,0,1,1
758622106248000 D 2763,4033925339,1000,1545,1545,2.3700004,-0.00001,-1,-1,-1,0,0,0,136,1,1,131,0.0049125,0.0000000,0.0000000,1,0,1,1
758622107255875 D 2764,4033926339,1000,1545,1545,2.3700004,-0.00001,-1,-1,-1,0,0,0,136,1,1,131,0.0049125,0.0000000,0.0000000,1,0,1,1
758622108229583 D 2765,4033927339,1000,1545,1545,2.3700004,-0.00001,-1,-1,-1,0,0,0,136,1,1,131,0.0049125,0.0000000,0.0000000,1,0,1,1
758622109235000 D 2766,4033928339,1000,1545,1545,2.3700004,-0.00001,-1,-1,-1,0,0,0,136,1,1,131,0.0049125,0.0000000,0.0000000,1,0,1,1
758622110222458 D 2767,4033929339,1000,1545,1545,2.3700004,-0.00001,-1,-1,-1,0,0,0,136,1,1,131,0.0049125,0.0000000,0.0000000,1,0,1,1
758622111246916 D 2768,4033930339,1000,1545,1545,2.3700004,-0.00001,-1,-1,-1,0,0,0,136,1,1,131,0.0049125,0.0000000,0.0000000,1,0,1,1
758622112284291 D 2769,4033931339,1000,1545,1545,2.3700004,-0.00001,-1,-1,-1,0,0,0,136,1,1,131,0.0049125,0.0000000,0.0000000,1,0,1,1
758622113370041 D 2770,4033932339,1000,1545,1545,2.3700004,-0.00001,-1,-1,-1,0,0,0,136,1,1,131,0.0049125,0.0000000,0.0000000,1,0,1,1
758622114317625 D 2771,4033933339,1000,1545,1545,2.3700004,-0.00001,-1,-1,-1,0,0,0,136,1,1,131,0.0049125,0.0000000,0.0000000,1,0,1,1
758622115398458 D 2772,4033934339,1000,1545,1545,2.3700004,-0.00001,-1,-1,-1,0,0,0,136,1,1,131,0.0049125,0.0000000,0.0000000,1,0,1,1
758622116477416 D 2773,4033935339,1000,1545,1545,2.3700004,-0.00001,-1,-1,-1,0,0,0,136,1,1,131,0.0049125,0.0000000,0.0000000,1,0,1,1
758622117358375 D 2774,4033936339,1000,1545,1545,2.3700004,-0.00001,-1,-1,-1,0,0,0,136,1,1,131,0.0049125,0.0000000,0.0000000,1,0,1,1
758622118340000 D 2775,4033937339,1000,1545,1545,2.3700004,-0.00001,-1,-1,-1,0,0,0,135,1,1,131,0.0049125,0.0000000,0.0000000,1,0,1,1
758622119348625 D 2776,4033938339,1000,1545,1545,2.3700004,-0.00001,-1,-1,-1,0,0,0,136,1,1,131,0.0049125,0.0000000,0.0000000,1,0,1,1
758622120312833 D 2777,4033939339,1000,1545,1545,2.3700004,-0.00001,-1,-1,-1,0,0,0,136,1,1,131,0.0049125,0.0000000,0.0000000,1,0,1,1
758622121319000 D 2778,4033940339,1000,1545,1545,2.3700004,-0.00001,-1,-1,-1,0,0,0,136,1,1,131,0.0049125,0.0000000,0.0000000,1,0,1,1
758622122394083 D 2779,4033941339,1000,1545,1545,2.3700004,-0.00001,-1,-1,-1,0,0,0,136,1,1,131,0.0049125,0.0000000,0.0000000,1,0,1,1
758622123341916 D 2780,4033942339,1000,1545,1545,2.3700004,-0.00001,-1,-1,-1,0,0,0,136,1,1,131,0.0049125,0.0000000,0.0000000,1,0,1,1
758622124333333 D 2781,4033943339,1000,1545,1545,2.3700004,-0.00001,-1,-1,-1,0,0,0,136,1,1,131,0.0049125,0.0000000,0.0000000,1,0,1,1
758622125413000 D 2782,4033944339,1000,1545,1545,2.3700004,-0.00000,-1,-1,-1,0,0,0,136,1,1,131,0.0049125,0.0000000,0.0000000,1,0,1,1
758622126401958 D 2783,4033945339,1000,1545,1545,2.3700004,-0.00000,-1,-1,-1,0,0,0,136,1,1,131,0.0049125,0.0000000,0.0000000,1,0,1,1
758622127471500 D 2784,4033946339,1000,1545,1545,2.3700004,-0.00000,-1,-1,-1,0,0,0,136,1,1,131,0.0049125,0.0000000,0.0000000,1,0,1,1
758622128446291 D 2785,4033947339,1000,1545,1545,2.3700004,-0.00000,-1,-1,-1,0,0,0,136,1,1,131,0.0049125,0.0000000,0.0000000,1,0,1,1
758622129438333 D 2786,4033948339,1000,1545,1545,2.3700004,-0.00000,-1,-1,-1,0,0,0,136,1,1,131,0.0049125,0.0000000,0.0000000,1,0,1,1
758622130444625 D 2787,4033949339,1000,1545,1545,2.3700004,-0.00000,-1,-1,-1,0,0,0,136,1,1,131,0.0049125,0.0000000,0.0000000,1,0,1,1
758622131436333 D 2788,4033950339,1000,1545,1545,2.3700004,-0.00000,-1,-1,-1,0,0,0,136,1,1,131,0.0049125,0.0000000,0.0000000,1,0,1,1
758622132582208 D 2789,4033951339,1000,1545,1545,2.3700004,-0.00000,-1,-1,-1,0,0,0,136,1,1,131,0.0049125,0.0000000,0.0000000,1,0,1,1
758622133849833 D 2790,4033952339,1000,1545,1545,2.3700004,-0.00000,39,126,2102,0,0,0,136,1,1,131,0.0049125,0.0000000,0.0000000,1,0,1,1
758622135042166 D 2791,4033953339,1000,1545,1545,2.3700004,-0.00000,-1,-1,-1,0,0,0,136,1,1,131,0.0049125,0.0000000,0.0000000,1,0,1,1
758622135796375 D 2792,4033954339,1000,1545,1545,2.3700004,-0.00000,-1,-1,-1,0,0,0,136,1,1,131,0.0049125,0.0000000,0.0000000,1,0,1,1
758622136426541 D 2793,4033955339,1000,1545,1545,2.3700004,-0.00000,-1,-1,-1,0,0,0,136,1,1,131,0.0049125,0.0000000,0.0000000,1,0,1,1
758622137307083 D 2794,4033956339,1000,1545,1545,2.3700004,-0.00000,-1,-1,-1,0,0,0,136,1,1,131,0.0049125,0.0000000,0.0000000,1,0,1,1
758622138366708 D 2795,4033957339,1000,1545,1545,2.3700004,-0.00000,-1,-1,-1,0,0,0,136,1,1,131,0.0049125,0.0000000,0.0000000,1,0,1,1
758622139222625 D 2796,4033958339,1000,1545,1545,2.3700004,-0.00000,-1,-1,-1,0,0,0,136,1,1,131,0.0049125,0.0000000,0.0000000,1,0,1,1
758622140314291 D 2797,4033959339,1000,1545,1545,2.3700004,-0.00000,-1,-1,-1,0,0,0,136,1,1,131,0.0049125,0.0000000,0.0000000,1,0,1,1
758622141284375 D 2798,4033960339,1000,1545,1545,2.3700004,-0.00000,-1,-1,-1,0,0,0,136,1,1,131,0.0049125,0.0000000,0.0000000,1,0,1,1
758622142305416 D 2799,4033961339,1000,1545,1545,2.3700004,-0.00000,-1,-1,-1,0,0,0,136,1,1,131,0.0049125,0.0000000,0.0000000,1,0,1,1
758622143294750 D 2800,4033962339,1000,1545,1545,2.3700004,-0.00000,-1,-1,-1,0,0,0,136,1,1,131,0.0049125,0.0000000,0.0000000,1,0,1,1
758622144311750 D 2801,4033963339,1000,1545,1545,2.3700004,-0.00000,-1,-1,-1,0,0,0,136,1,1,131,0.0049125,0.0000000,0.0000000,1,0,1,1
758622145323166 D 2802,4033964339,1000,1545,1545,2.3700004,-0.00000,-1,-1,-1,0,0,0,136,1,1,131,0.0049125,0.0000000,0.0000000,1,0,1,1
758622146495791 D 2803,4033965339,1000,1545,1545,2.3700004,-0.00000,-1,-1,-1,0,0,0,136,1,1,131,0.0049125,0.0000000,0.0000000,1,0,1,1
758622147481583 D 2804,4033966339,1000,1545,1545,2.3700004,-0.00000,-1,-1,-1,0,0,0,136,1,1,131,0.0049125,0.0000000,0.0000000,1,0,1,1
758622148517958 D 2805,4033967339,1000,1545,1545,2.3700004,-0.00000,-1,-1,-1,0,0,0,136,1,1,131,0.0049125,0.0000000,0.0000000,1,0,1,1
758622149282625 D 2806,4033968339,1000,1545,1545,2.3700004,-0.00000,-1,-1,-1,0,0,0,136,1,1,131,0.0049125,0.0000000,0.0000000,1,0,1,1
758622150227500 D 2807,4033969339,1000,1545,1545,2.3700004,-0.00000,-1,-1,-1,0,0,0,136,1,1,131,0.0049125,0.0000000,0.0000000,1,0,1,1
758622151251416 D 2808,4033970339,1000,1545,1545,2.3700004,-0.00000,-1,-1,-1,0,0,0,136,1,1,131,0.0049125,0.0000000,0.0000000,1,0,1,1
758622152233916 D 2809,4033971339,1000,1545,1545,2.3700004,-0.00000,-1,-1,-1,0,0,0,136,1,1,131,0.0049125,0.0000000,0.0000000,1,0,1,1
758622153253041 D 2810,4033972339,1000,1545,1545,2.3700004,-0.00000,-1,-1,-1,0,0,0,135,1,1,131,0.0049125,0.0000000,0.0000000,1,0,1,1
758622154256125 D 2811,4033973339,1000,1545,1545,2.3700004,-0.00000,-1,-1,-1,0,0,0,136,1,1,131,0.0049125,0.0000000,0.0000000,1,0,1,1
758622155237375 D 2812,4033974339,1000,1545,1545,2.3700004,-0.00000,-1,-1,-1,0,0,0,136,1,1,131,0.0049125,0.0000000,0.0000000,1,0,1,1
758622156281000 D 2813,4033975339,1000,1545,1545,2.3700004,-0.00000,-1,-1,-1,0,0,0,136,1,1,131,0.0049125,0.0000000,0.0000000,1,0,1,1
758622157272125 D 2814,4033976339,1000,1545,1545,2.3700004,-0.00000,-1,-1,-1,0,0,0,136,1,1,131,0.0049125,0.0000000,0.0000000,1,0,1,1
758622158229666 D 2815,4033977339,1000,1545,1545,2.3700004,-0.00000,-1,-1,-1,0,0,0,136,1,1,131,0.0049125,0.0000000,0.0000000,1,0,1,1
758622159288166 D 2816,4033978339,1000,1545,1545,2.3700004,-0.00000,-1,-1,-1,0,0,0,136,1,1,131,0.0049125,0.0000000,0.0000000,1,0,1,1
758622160221375 D 2817,4033979339,1000,1545,1545,2.3700004,-0.00000,-1,-1,-1,0,0,0,135,1,1,131,0.0049125,0.0000000,0.0000000,1,0,1,1
758622161209750 D 2818,4033980339,1000,1545,1545,2.3700004,-0.00000,-1,-1,-1,0,0,0,136,1,1,131,0.0049125,0.0000000,0.0000000,1,0,1,1
758622162222208 D 2819,4033981339,1000,1545,1545,2.3700004,-0.00000,-1,-1,-1,0,0,0,136,1,1,131,0.0049125,0.0000000,0.0000000,1,0,1,1
758622163217666 D 2820,4033982339,1000,1545,1545,2.3700004,-0.00000,-1,-1,-1,0,0,0,136,1,1,131,0.0049125,0.0000000,0.0000000,1,0,1,1
758622164217958 D 2821,4033983339,1000,1545,1545,2.3700004,-0.00000,-1,-1,-1,0,0,0,136,1,1,131,0.0049125,0.0000000,0.0000000,1,0,1,1
758622165251500 D 2822,4033984339,1000,1545,1545,2.3700004,-0.00000,-1,-1,-1,0,0,0,136,1,1,131,0.0049125,0.0000000,0.0000000,1,0,1,1
758622166230583 D 2823,4033985339,1000,1545,1545,2.3700004,-0.00000,-1,-1,-1,0,0,0,136,1,1,131,0.0049125,0.0000000,0.0000000,1,0,1,1
758622167239458 D 2824,4033986339,1000,1545,1545,2.3700004,-0.00000,-1,-1,-1,0,0,0,136,1,1,131,0.0049125,0.0000000,0.0000000,1,0,1,1
758622168226416 D 2825,4033987339,1000,1545,1545,2.3700004,-0.00000,-1,-1,-1,0,0,0,136,1,1,131,0.0049125,0.0000000,0.0000000,1,0,1,1
758622169232208 D 2826,4033988339,1000,1545,1545,2.3700004,-0.00000,-1,-1,-1,0,0,0,136,1,1,131,0.0049125,0.0000000,0.0000000,1,0,1,1
758622170216416 D 2827,4033989339,1000,1545,1545,2.3700004,-0.00000,-1,-1,-1,0,0,0,136,1,1,131,0.0049125,0.0000000,0.0000000,1,0,1,1
758622171229875 D 2828,4033990339,1000,1545,1545,2.3700004,-0.00000,-1,-1,-1,0,0,0,136,1,1,131,0.0049125,0.0000000,0.0000000,1,0,1,1
758622172222333 D 2829,4033991339,1000,1544,1544,2.3684664,-0.06015,-1,-1,-1,0,0,0,136,1,1,131,0.0049125,0.0000000,0.0000000,1,0,1,1
758622173235750 D 2830,4033992339,1000,1545,1545,2.3700004,0.00236,-1,-1,-1,0,0,0,136,1,1,131,0.0049125,0.0000000,0.0000000,1,0,1,1
758622174211041 D 2831,4033993339,1000,1545,1545,2.3700004,0.00227,-1,-1,-1,0,0,0,135,1,1,131,0.0049125,0.0000000,0.0000000,1,0,1,1
758622175221916 D 2832,4033994339,1000,1545,1545,2.3700004,0.00218,-1,-1,-1,0,0,0,136,1,1,131,0.0049125,0.0000000,0.0000000,1,0,1,1
758622176214625 D 2833,4033995339,1000,1545,1545,2.3700004,0.00209,-1,-1,-1,0,0,0,136,1,1,131,0.0049125,0.0000000,0.0000000,1,0,1,1
758622177213916 D 2834,4033996339,1000,1545,1545,2.3700004,0.00201,-1,-1,-1,0,0,0,136,1,1,131,0.0049125,0.0000000,0.0000000,1,0,1,1
758622178196166 D 2835,4033997339,1000,1545,1545,2.3700004,0.00193,-1,-1,-1,0,0,0,136,1,1,131,0.0049125,0.0000000,0.0000000,1,0,1,1
758622179208500 D 2836,4033998339,1000,1545,1545,2.3700004,0.00185,-1,-1,-1,0,0,0,136,1,1,131,0.0049125,0.0000000,0.0000000,1,0,1,1
758622180208000 D 2837,4033999339,1000,1545,1545,2.3700004,0.00178,-1,-1,-1,0,0,0,136,1,1,131,0.0049125,0.0000000,0.0000000,1,0,1,1
758622181216250 D 2838,4034000339,1000,1545,1545,2.3700004,0.00171,-1,-1,-1,0,0,0,136,1,1,131,0.0049125,0.0000000,0.0000000,1,0,1,1
758622182217000 D 2839,4034001339,1000,1545,1545,2.3700004,0.00164,-1,-1,-1,0,0,0,136,1,1,131,0.0049125,0.0000000,0.0000000,1,0,1,1
758622183653875 D 2840,4034002339,1000,1545,1545,2.3700004,0.00158,39,126,2101,0,0,0,136,1,1,131,0.0049125,0.0000000,0.0000000,1,0,1,1
758622184283708 D 2841,4034003339,1000,1545,1545,2.3700004,0.00152,-1,-1,-1,0,0,0,136,1,1,131,0.0049125,0.0000000,0.0000000,1,0,1,1
758622185213458 D 2842,4034004339,1000,1545,1545,2.3700004,0.00146,-1,-1,-1,0,0,0,136,1,1,131,0.0049125,0.0000000,0.0000000,1,0,1,1
758622186448208 D 2843,4034005339,1000,1545,1545,2.3700004,0.00140,-1,-1,-1,0,0,0,136,1,1,131,0.0049125,0.0000000,0.0000000,1,0,1,1
758622187444083 D 2844,4034006339,1000,1545,1545,2.3700004,0.00135,-1,-1,-1,0,0,0,136,1,1,131,0.0049125,0.0000000,0.0000000,1,0,1,1
758622188373833 D 2845,4034007339,1000,1545,1545,2.3700004,0.00129,-1,-1,-1,0,0,0,136,1,1,131,0.0049125,0.0000000,0.0000000,1,0,1,1
758622189207458 D 2846,4034008339,1000,1545,1545,2.3700004,0.00124,-1,-1,-1,0,0,0,136,1,1,131,0.0049125,0.0000000,0.0000000,1,0,1,1
758622190219791 D 2847,4034009339,1000,1545,1545,2.3700004,0.00119,-1,-1,-1,0,0,0,136,1,1,131,0.0049125,0.0000000,0.0000000,1,0,1,1
758622191232833 D 2848,4034010339,1000,1545,1545,2.3700004,0.00115,-1,-1,-1,0,0,0,136,1,1,131,0.0049125,0.0000000,0.0000000,1,0,1,1
758622192208625 D 2849,4034011339,1000,1545,1545,2.3700004,0.00110,-1,-1,-1,0,0,0,136,1,1,131,0.0049125,0.0000000,0.0000000,1,0,1,1
758622193224500 D 2850,4034012339,1000,1545,1545,2.3700004,0.00106,-1,-1,-1,0,0,0,136,1,1,131,0.0049125,0.0000000,0.0000000,1,0,1,1
758622194212750 D 2851,4034013339,1000,1545,1545,2.3700004,0.00102,-1,-1,-1,0,0,0,136,1,1,131,0.0049125,0.0000000,0.0000000,1,0,1,1
758622195214041 D 2852,4034014339,1000,1545,1545,2.3700004,0.00098,-1,-1,-1,0,0,0,136,1,1,131,0.0049125,0.0000000,0.0000000,1,0,1,1
758622196220541 D 2853,4034015339,1000,1545,1545,2.3700004,0.00094,-1,-1,-1,0,0,0,136,1,1,131,0.0049125,0.0000000,0.0000000,1,0,1,1
758622197225000 D 2854,4034016339,1000,1545,1545,2.3700004,0.00090,-1,-1,-1,0,0,0,136,1,1,131,0.0049125,0.0000000,0.0000000,1,0,1,1
758622198222458 D 2855,4034017339,1000,1545,1545,2.3700004,0.00087,-1,-1,-1,0,0,0,136,1,1,131,0.0049125,0.0000000,0.0000000,1,0,1,1
758622199205833 D 2856,4034018339,1000,1545,1545,2.3700004,0.00083,-1,-1,-1,0,0,0,136,1,1,131,0.0049125,0.0000000,0.0000000,1,0,1,1
758622200216458 D 2857,4034019339,1000,1545,1545,2.3700004,0.00080,-1,-1,-1,0,0,0,136,1,1,131,0.0049125,0.0000000,0.0000000,1,0,1,1
758622201216125 D 2858,4034020339,1000,1545,1545,2.3700004,0.00077,-1,-1,-1,0,0,0,136,1,1,131,0.0049125,0.0000000,0.0000000,1,0,1,1
758622202226708 D 2859,4034021339,1000,1545,1545,2.3700004,0.00074,-1,-1,-1,0,0,0,136,1,1,131,0.0049125,0.0000000,0.0000000,1,0,1,1
758622203220208 D 2860,4034022339,1000,1545,1545,2.3700004,0.00071,-1,-1,-1,0,0,0,136,1,1,131,0.0049125,0.0000000,0.0000000,1,0,1,1
758622204223958 D 2861,4034023339,1000,1545,1545,2.3700004,0.00068,-1,-1,-1,0,0,0,136,1,1,131,0.0049125,0.0000000,0.0000000,1,0,1,1
758622205216791 D 2862,4034024339,1000,1545,1545,2.3700004,0.00066,-1,-1,-1,0,0,0,136,1,1,131,0.0049125,0.0000000,0.0000000,1,0,1,1
758622206208500 D 2863,4034025339,1000,1545,1545,2.3700004,0.00063,-1,-1,-1,0,0,0,136,1,1,131,0.0049125,0.0000000,0.0000000,1,0,1,1
758622207211958 D 2864,4034026339,1000,1545,1545,2.3700004,0.00061,-1,-1,-1,0,0,0,136,1,1,131,0.0049125,0.0000000,0.0000000,1,0,1,1
758622208222291 D 2865,4034027339,1000,1545,1545,2.3700004,0.00058,-1,-1,-1,0,0,0,136,1,1,131,0.0049125,0.0000000,0.0000000,1,0,1,1
758622209218208 D 2866,4034028339,1000,1545,1545,2.3700004,0.00056,-1,-1,-1,0,0,0,136,1,1,131,0.0049125,0.0000000,0.0000000,1,0,1,1
758622210212833 D 2867,4034029339,1000,1545,1545,2.3700004,0.00054,-1,-1,-1,0,0,0,136,1,1,131,0.0049125,0.0000000,0.0000000,1,0,1,1
758622211208541 D 2868,4034030339,1000,1545,1545,2.3700004,0.00052,-1,-1,-1,0,0,0,136,1,1,131,0.0049125,0.0000000,0.0000000,1,0,1,1
758622212218083 D 2869,4034031339,1000,1545,1545,2.3700004,0.00050,-1,-1,-1,0,0,0,136,1,1,131,0.0049125,0.0000000,0.0000000,1,0,1,1
758622213220000 D 2870,4034032339,1000,1545,1545,2.3700004,0.00048,-1,-1,-1,0,0,0,136,1,1,131,0.0049125,0.0000000,0.0000000,1,0,1,1
758622214395083 D 2871,4034033339,1000,1545,1545,2.3700004,0.00046,-1,-1,-1,0,0,0,136,1,1,131,0.0049125,0.0000000,0.0000000,1,0,1,1
758622215463583 D 2872,4034034339,1000,1545,1545,2.3700004,0.00044,-1,-1,-1,0,0,0,136,1,1,131,0.0049125,0.0000000,0.0000000,1,0,1,1
758622216466750 D 2873,4034035339,1000,1545,1545,2.3700004,0.00042,-1,-1,-1,0,0,0,136,1,1,131,0.0049125,0.0000000,0.0000000,1,0,1,1
758622217495375 D 2874,4034036339,1000,1545,1545,2.3700004,0.00041,-1,-1,-1,0,0,0,136,1,1,131,0.0049125,0.0000000,0.0000000,1,0,1,1
758622218296291 D 2875,4034037339,1000,1545,1545,2.3700004,0.00039,-1,-1,-1,0,0,0,136,1,1,131,0.0049125,0.0000000,0.0000000,1,0,1,1
758622219221708 D 2876,4034038339,1000,1545,1545,2.3700004,0.00037,-1,-1,-1,0,0,0,136,1,1,131,0.0049125,0.0000000,0.0000000,1,0,1,1
758622220208041 D 2877,4034039339,1000,1545,1545,2.3700004,0.00036,-1,-1,-1,0,0,0,136,1,1,131,0.0049125,0.0000000,0.0000000,1,0,1,1
758622221213750 D 2878,4034040339,1000,1545,1545,2.3700004,0.00035,-1,-1,-1,0,0,0,136,1,1,131,0.0049125,0.0000000,0.0000000,1,0,1,1
758622222212375 D 2879,4034041339,1000,1545,1545,2.3700004,0.00033,-1,-1,-1,0,0,0,136,1,1,131,0.0049125,0.0000000,0.0000000,1,0,1,1
758622223217166 D 2880,4034042339,1000,1545,1545,2.3700004,0.00032,-1,-1,-1,0,0,0,136,1,1,131,0.0049125,0.0000000,0.0000000,1,0,1,1
758622224217291 D 2881,4034043339,1000,1545,1545,2.3700004,0.00031,-1,-1,-1,0,0,0,136,1,1,131,0.0049125,0.0000000,0.0000000,1,0,1,1
758622225213958 D 2882,4034044339,1000,1546,1546,2.3715343,0.06044,-1,-1,-1,0,0,0,136,1,1,131,0.0049125,0.0000000,0.0000000,1,0,1,1
758622226096500 D 2883,4034045339,1000,1545,1545,2.3700004,-0.00208,-1,-1,-1,0,0,0,136,1,1,131,0.0049125,0.0000000,0.0000000,1,0,1,1
758622227220833 D 2884,4034046339,1000,1545,1545,2.3700004,-0.00199,-1,-1,-1,0,0,0,136,1,1,131,0.0049125,0.0000000,0.0000000,1,0,1,1
758622228224666 D 2885,4034047339,1000,1545,1545,2.3700004,-0.00192,-1,-1,-1,0,0,0,136,1,1,131,0.0049125,0.0000000,0.0000000,1,0,1,1
758622229234625 D 2886,4034048339,1000,1545,1545,2.3700004,-0.00184,-1,-1,-1,0,0,0,136,1,1,131,0.0049125,0.0000000,0.0000000,1,0,1,1
758622230222041 D 2887,4034049339,1000,1545,1545,2.3700004,-0.00177,-1,-1,-1,0,0,0,136,1,1,131,0.0049125,0.0000000,0.0000000,1,0,1,1
758622231241250 D 2888,4034050339,1000,1545,1545,2.3700004,-0.00170,-1,-1,-1,0,0,0,136,1,1,131,0.0049125,0.0000000,0.0000000,1,0,1,1
758622232263750 D 2889,4034051339,1000,1545,1545,2.3700004,-0.00163,-1,-1,-1,0,0,0,136,1,1,131,0.0049125,0.0000000,0.0000000,1,0,1,1
758622233663833 D 2890,4034052339,1000,1545,1545,2.3700004,-0.00157,39,126,2101,0,0,0,136,1,1,131,0.0049125,0.0000000,0.0000000,1,0,1,1
758622234314791 D 2891,4034053339,1000,1545,1545,2.3700004,-0.00151,-1,-1,-1,0,0,0,136,1,1,131,0.0049125,0.0000000,0.0000000,1,0,1,1
758622235258416 D 2892,4034054339,1000,1545,1545,2.3700004,-0.00145,-1,-1,-1,0,0,0,136,1,1,131,0.0049125,0.0000000,0.0000000,1,0,1,1
758622236303750 D 2893,4034055339,1000,1545,1545,2.3700004,-0.00139,-1,-1,-1,0,0,0,136,1,1,131,0.0049125,0.0000000,0.0000000,1,0,1,1
758622237242583 D 2894,4034056339,1000,1545,1545,2.3700004,-0.00134,-1,-1,-1,0,0,0,135,1,1,131,0.0049125,0.0000000,0.0000000,1,0,1,1
758622238236875 D 2895,4034057339,1000,1545,1545,2.3700004,-0.00128,-1,-1,-1,0,0,0,136,1,1,131,0.0049125,0.0000000,0.0000000,1,0,1,1
758622239233916 D 2896,4034058339,1000,1545,1545,2.3700004,-0.00123,-1,-1,-1,0,0,0,136,1,1,131,0.0049125,0.0000000,0.0000000,1,0,1,1
758622240235125 D 2897,4034059339,1000,1545,1545,2.3700004,-0.00119,-1,-1,-1,0,0,0,136,1,1,131,0.0049125,0.0000000,0.0000000,1,0,1,1
758622241225500 D 2898,4034060339,1000,1545,1545,2.3700004,-0.00114,-1,-1,-1,0,0,0,136,1,1,131,0.0049125,0.0000000,0.0000000,1,0,1,1
758622242231708 D 2899,4034061339,1000,1545,1545,2.3700004,-0.00109,-1,-1,-1,0,0,0,136,1,1,131,0.0049125,0.0000000,0.0000000,1,0,1,1
758622243237291 D 2900,4034062339,1000,1545,1545,2.3700004,-0.00105,-1,-1,-1,0,0,0,136,1,1,131,0.0049125,0.0000000,0.0000000,1,0,1,1
758622244282041 D 2901,4034063339,1000,1545,1545,2.3700004,-0.00101,-1,-1,-1,0,0,0,135,1,1,131,0.0049125,0.0000000,0.0000000,1,0,1,1
758622245258791 D 2902,4034064339,1000,1545,1545,2.3700004,-0.00097,-1,-1,-1,0,0,0,136,1,1,131,0.0049125,0.0000000,0.0000000,1,0,1,1
758622246243708 D 2903,4034065339,1000,1545,1545,2.3700004,-0.00093,-1,-1,-1,0,0,0,136,1,1,131,0.0049125,0.0000000,0.0000000,1,0,1,1
758622247509750 D 2904,4034066339,1000,1545,1545,2.3700004,-0.00090,-1,-1,-1,0,0,0,136,1,1,131,0.0049125,0.0000000,0.0000000,1,0,1,1
758622248464416 D 2905,4034067339,1000,1545,1545,2.3700004,-0.00086,-1,-1,-1,0,0,0,136,1,1,131,0.0049125,0.0000000,0.0000000,1,0,1,1
758622249452625 D 2906,4034068339,1000,1545,1545,2.3700004,-0.00083,-1,-1,-1,0,0,0,136,1,1,131,0.0049125,0.0000000,0.0000000,1,0,1,1
758622250252541 D 2907,4034069339,1000,1545,1545,2.3700004,-0.00079,-1,-1,-1,0,0,0,136,1,1,131,0.0049125,0.0000000,0.0000000,1,0,1,1
758622251243000 D 2908,4034070339,1000,1545,1545,2.3700004,-0.00076,-1,-1,-1,0,0,0,136,1,1,131,0.0049125,0.0000000,0.0000000,1,0,1,1
758622252241083 D 2909,4034071339,1000,1545,1545,2.3700004,-0.00073,-1,-1,-1,0,0,0,136,1,1,131,0.0049125,0.0000000,0.0000000,1,0,1,1
758622253250041 D 2910,4034072339,1000,1545,1545,2.3700004,-0.00070,-1,-1,-1,0,0,0,136,1,1,131,0.0049125,0.0000000,0.0000000,1,0,1,1
758622254229333 D 2911,4034073339,1000,1545,1545,2.3700004,-0.00068,-1,-1,-1,0,0,0,136,1,1,131,0.0049125,0.0000000,0.0000000,1,0,1,1
758622255241625 D 2912,4034074339,1000,1545,1545,2.3700004,-0.00065,-1,-1,-1,0,0,0,136,1,1,131,0.0049125,0.0000000,0.0000000,1,0,1,1
758622256226750 D 2913,4034075339,1000,1545,1545,2.3700004,-0.00063,-1,-1,-1,0,0,0,136,1,1,131,0.0049125,0.0000000,0.0000000,1,0,1,1
758622257234250 D 2914,4034076339,1000,1545,1545,2.3700004,-0.00060,-1,-1,-1,0,0,0,136,1,1,131,0.0049125,0.0000000,0.0000000,1,0,1,1
758622258227416 D 2915,4034077339,1000,1545,1545,2.3700004,-0.00058,-1,-1,-1,0,0,0,136,1,1,131,0.0049125,0.0000000,0.0000000,1,0,1,1
758622259222791 D 2916,4034078339,1000,1545,1545,2.3700004,-0.00055,-1,-1,-1,0,0,0,136,1,1,131,0.0049125,0.0000000,0.0000000,1,0,1,1
758622260270166 D 2917,4034079339,1000,1545,1545,2.3700004,-0.00053,-1,-1,-1,0,0,0,136,1,1,131,0.0049125,0.0000000,0.0000000,1,0,1,1
758622261252583 D 2918,4034080339,1000,1545,1545,2.3700004,-0.00051,-1,-1,-1,0,0,0,136,1,1,131,0.0049125,0.0000000,0.0000000,1,0,1,1
758622262235125 D 2919,4034081339,1000,1545,1545,2.3700004,-0.00049,-1,-1,-1,0,0,0,136,1,1,131,0.0049125,0.0000000,0.0000000,1,0,1,1
758622263258875 D 2920,4034082339,1000,1545,1545,2.3700004,-0.00047,-1,-1,-1,0,0,0,136,1,1,131,0.0049125,0.0000000,0.0000000,1,0,1,1
758622264254625 D 2921,4034083339,1000,1545,1545,2.3700004,-0.00045,-1,-1,-1,0,0,0,136,1,1,131,0.0049125,0.0000000,0.0000000,1,0,1,1
758622265257791 D 2922,4034084339,1000,1545,1545,2.3700004,-0.00044,-1,-1,-1,0,0,0,136,1,1,131,0.0049125,0.0000000,0.0000000,1,0,1,1
758622266249791 D 2923,4034085339,1000,1545,1545,2.3700004,-0.00042,-1,-1,-1,0,0,0,136,1,1,131,0.0049125,0.0000000,0.0000000,1,0,1,1
758622267231000 D 2924,4034086339,1000,1545,1545,2.3700004,-0.00040,-1,-1,-1,0,0,0,136,1,1,131,0.0049125,0.0000000,0.0000000,1,0,1,1
758622268225583 D 2925,4034087339,1000,1545,1545,2.3700004,-0.00039,-1,-1,-1,0,0,0,136,1,1,131,0.0049125,0.0000000,0.0000000,1,0,1,1
758622269222916 D 2926,4034088339,1000,1545,1545,2.3700004,-0.00037,-1,-1,-1,0,0,0,136,1,1,131,0.0049125,0.0000000,0.0000000,1,0,1,1
758622270249708 D 2927,4034089339,1000,1545,1545,2.3700004,-0.00036,-1,-1,-1,0,0,0,136,1,1,131,0.0049125,0.0000000,0.0000000,1,0,1,1
758622271255208 D 2928,4034090339,1000,1545,1545,2.3700004,-0.00034,-1,-1,-1,0,0,0,136,1,1,131,0.0049125,0.0000000,0.0000000,1,0,1,1
758622272239250 D 2929,4034091339,1000,1545,1545,2.3700004,-0.00033,-1,-1,-1,0,0,0,136,1,1,131,0.0049125,0.0000000,0.0000000,1,0,1,1
758622273231750 D 2930,4034092339,1000,1545,1545,2.3700004,-0.00032,-1,-1,-1,0,0,0,136,1,1,131,0.0049125,0.0000000,0.0000000,1,0,1,1
758622274230541 D 2931,4034093339,1000,1545,1545,2.3700004,-0.00030,-1,-1,-1,0,0,0,136,1,1,131,0.0049125,0.0000000,0.0000000,1,0,1,1
758622275243333 D 2932,4034094339,1000,1545,1545,2.3700004,-0.00029,-1,-1,-1,0,0,0,136,1,1,131,0.0049125,0.0000000,0.0000000,1,0,1,1
758622276269750 D 2933,4034095339,1000,1545,1545,2.3700004,-0.00028,-1,-1,-1,0,0,0,136,1,1,131,0.0049125,0.0000000,0.0000000,1,0,1,1
758622277254708 D 2934,4034096339,1000,1545,1545,2.3700004,-0.00027,-1,-1,-1,0,0,0,136,1,1,131,0.0049125,0.0000000,0.0000000,1,0,1,1
758622278228708 D 2935,4034097339,1000,1545,1545,2.3700004,-0.00026,-1,-1,-1,0,0,0,136,1,1,131,0.0049125,0.0000000,0.0000000,1,0,1,1
758622279233708 D 2936,4034098339,1000,1545,1545,2.3700004,-0.00025,-1,-1,-1,0,0,0,136,1,1,131,0.0049125,0.0000000,0.0000000,1,0,1,1
758622280215500 D 2937,4034099339,1000,1545,1545,2.3700004,-0.00024,-1,-1,-1,0,0,0,136,1,1,131,0.0049125,0.0000000,0.0000000,1,0,1,1
758622281234458 D 2938,4034100339,1000,1545,1545,2.3700004,-0.00023,-1,-1,-1,0,0,0,136,1,1,131,0.0049125,0.0000000,0.0000000,1,0,1,1
758622282225291 D 2939,4034101339,1000,1545,1545,2.3700004,-0.00022,-1,-1,-1,0,0,0,136,1,1,131,0.0049125,0.0000000,0.0000000,1,0,1,1
758622283874625 D 2940,4034102339,1000,1545,1545,2.3700004,-0.00021,39,126,2100,0,0,0,136,1,1,131,0.0049125,0.0000000,0.0000000,1,0,1,1
758622284749916 D 2941,4034103339,1000,1545,1545,2.3700004,-0.00020,-1,-1,-1,0,0,0,136,1,1,131,0.0049125,0.0000000,0.0000000,1,0,1,1
758622285426583 D 2942,4034104339,1000,1545,1545,2.3700004,-0.00020,-1,-1,-1,0,0,0,136,1,1,131,0.0049125,0.0000000,0.0000000,1,0,1,1
758622286231583 D 2943,4034105339,1000,1545,1545,2.3700004,-0.00019,-1,-1,-1,0,0,0,136,1,1,131,0.0049125,0.0000000,0.0000000,1,0,1,1
758622287248333 D 2944,4034106339,1000,1545,1545,2.3700004,-0.00018,-1,-1,-1,0,0,0,136,1,1,131,0.0049125,0.0000000,0.0000000,1,0,1,1
758622288229250 D 2945,4034107339,1000,1545,1545,2.3700004,-0.00017,-1,-1,-1,0,0,0,136,1,1,131,0.0049125,0.0000000,0.0000000,1,0,1,1
758622289233041 D 2946,4034108339,1000,1545,1545,2.3700004,-0.00017,-1,-1,-1,0,0,0,136,1,1,131,0.0049125,0.0000000,0.0000000,1,0,1,1
758622290238166 D 2947,4034109339,1000,1545,1545,2.3700004,-0.00016,-1,-1,-1,0,0,0,136,1,1,131,0.0049125,0.0000000,0.0000000,1,0,1,1
758622291256041 D 2948,4034110339,1000,1545,1545,2.3700004,-0.00015,-1,-1,-1,0,0,0,136,1,1,131,0.0049125,0.0000000,0.0000000,1,0,1,1
758622292298166 D 2949,4034111339,1000,1545,1545,2.3700004,-0.00015,-1,-1,-1,0,0,0,136,1,1,131,0.0049125,0.0000000,0.0000000,1,0,1,1
758622293264291 D 2950,4034112339,1000,1545,1545,2.3700004,-0.00014,-1,-1,-1,0,0,0,136,1,1,131,0.0049125,0.0000000,0.0000000,1,0,1,1
758622294237250 D 2951,4034113339,1000,1545,1545,2.3700004,-0.00014,-1,-1,-1,0,0,0,136,1,1,131,0.0049125,0.0000000,0.0000000,1,0,1,1
758622295230750 D 2952,4034114339,1000,1545,1545,2.3700004,-0.00013,-1,-1,-1,0,0,0,136,1,1,131,0.0049125,0.0000000,0.0000000,1,0,1,1
758622296244500 D 2953,4034115339,1000,1545,1545,2.3700004,-0.00013,-1,-1,-1,0,0,0,136,1,1,131,0.0049125,0.0000000,0.0000000,1,0,1,1
758622297231500 D 2954,4034116339,1000,1545,1545,2.3700004,-0.00012,-1,-1,-1,0,0,0,136,1,1,131,0.0049125,0.0000000,0.0000000,1,0,1,1
758622298239416 D 2955,4034117339,1000,1545,1545,2.3700004,-0.00012,-1,-1,-1,0,0,0,136,1,1,131,0.0049125,0.0000000,0.0000000,1,0,1,1
758622299227125 D 2956,4034118339,1000,1545,1545,2.3700004,-0.00011,-1,-1,-1,0,0,0,136,1,1,131,0.0049125,0.0000000,0.0000000,1,0,1,1
758622300234541 D 2957,4034119339,1000,1545,1545,2.3700004,-0.00011,-1,-1,-1,0,0,0,136,1,1,131,0.0049125,0.0000000,0.0000000,1,0,1,1
758622301224375 D 2958,4034120339,1000,1545,1545,2.3700004,-0.00010,-1,-1,-1,0,0,0,136,1,1,131,0.0049125,0.0000000,0.0000000,1,0,1,1
758622302244166 D 2959,4034121339,1000,1545,1545,2.3700004,-0.00010,-1,-1,-1,0,0,0,136,1,1,131,0.0049125,0.0000000,0.0000000,1,0,1,1
758622303236958 D 2960,4034122339,1000,1545,1545,2.3700004,-0.00010,-1,-1,-1,0,0,0,136,1,1,131,0.0049125,0.0000000,0.0000000,1,0,1,1
758622304229416 D 2961,4034123339,1000,1545,1545,2.3700004,-0.00009,-1,-1,-1,0,0,0,136,1,1,131,0.0049125,0.0000000,0.0000000,1,0,1,1
758622305243458 D 2962,4034124339,1000,1545,1545,2.3700004,-0.00009,-1,-1,-1,0,0,0,136,1,1,131,0.0049125,0.0000000,0.0000000,1,0,1,1
758622306246916 D 2963,4034125339,1000,1545,1545,2.3700004,-0.00008,-1,-1,-1,0,0,0,136,1,1,131,0.0049125,0.0000000,0.0000000,1,0,1,1
758622307265375 D 2964,4034126339,1000,1545,1545,2.3700004,-0.00008,-1,-1,-1,0,0,0,136,1,1,131,0.0049125,0.0000000,0.0000000,1,0,1,1
758622308257416 D 2965,4034127339,1000,1545,1545,2.3700004,-0.00008,-1,-1,-1,0,0,0,136,1,1,131,0.0049125,0.0000000,0.0000000,1,0,1,1
758622309224208 D 2966,4034128339,1000,1545,1545,2.3700004,-0.00008,-1,-1,-1,0,0,0,136,1,1,131,0.0049125,0.0000000,0.0000000,1,0,1,1
758622310459625 D 2967,4034129339,1000,1545,1545,2.3700004,-0.00007,-1,-1,-1,0,0,0,136,1,1,131,0.0049125,0.0000000,0.0000000,1,0,1,1
758622311468500 D 2968,4034130339,1000,1545,1545,2.3700004,-0.00007,-1,-1,-1,0,0,0,136,1,1,131,0.0049125,0.0000000,0.0000000,1,0,1,1
758622312471750 D 2969,4034131339,1000,1545,1545,2.3700004,-0.00007,-1,-1,-1,0,0,0,136,1,1,131,0.0049125,0.0000000,0.0000000,1,0,1,1
758622313292041 D 2970,4034132339,1000,1545,1545,2.3700004,-0.00006,-1,-1,-1,0,0,0,136,1,1,131,0.0049125,0.0000000,0.0000000,1,0,1,1
758622314243750 D 2971,4034133339,1000,1545,1545,2.3700004,-0.00006,-1,-1,-1,0,0,0,136,1,1,131,0.0049125,0.0000000,0.0000000,1,0,1,1
758622315210708 D 2972,4034134339,1000,1545,1545,2.3700004,-0.00006,-1,-1,-1,0,0,0,136,1,1,131,0.0049125,0.0000000,0.0000000,1,0,1,1
758622316230958 D 2973,4034135339,1000,1545,1545,2.3700004,-0.00006,-1,-1,-1,0,0,0,136,1,1,131,0.0049125,0.0000000,0.0000000,1,0,1,1
758622317222166 D 2974,4034136339,1000,1545,1545,2.3700004,-0.00005,-1,-1,-1,0,0,0,136,1,1,131,0.0049125,0.0000000,0.0000000,1,0,1,1
758622318225166 D 2975,4034137339,1000,1545,1545,2.3700004,-0.00005,-1,-1,-1,0,0,0,136,1,1,131,0.0049125,0.0000000,0.0000000,1,0,1,1
758622319266666 D 2976,4034138339,1000,1545,1545,2.3700004,-0.00005,-1,-1,-1,0,0,0,136,1,1,131,0.0049125,0.0000000,0.0000000,1,0,1,1
758622320233708 D 2977,4034139339,1000,1545,1545,2.3700004,-0.00005,-1,-1,-1,0,0,0,136,1,1,131,0.0049125,0.0000000,0.0000000,1,0,1,1
758622321224500 D 2978,4034140339,1000,1545,1545,2.3700004,-0.00005,-1,-1,-1,0,0,0,136,1,1,131,0.0049125,0.0000000,0.0000000,1,0,1,1
758622322230291 D 2979,4034141339,1000,1545,1545,2.3700004,-0.00004,-1,-1,-1,0,0,0,136,1,1,131,0.0049125,0.0000000,0.0000000,1,0,1,1
758622323230583 D 2980,4034142339,1000,1545,1545,2.3700004,-0.00004,-1,-1,-1,0,0,0,136,1,1,131,0.0049125,0.0000000,0.0000000,1,0,1,1
758622324224791 D 2981,4034143339,1000,1545,1545,2.3700004,-0.00004,-1,-1,-1,0,0,0,136,1,1,131,0.0049125,0.0000000,0.0000000,1,0,1,1
758622325237208 D 2982,4034144339,1000,1545,1545,2.3700004,-0.00004,-1,-1,-1,0,0,0,136,1,1,131,0.0049125,0.0000000,0.0000000,1,0,1,1
758622326224791 D 2983,4034145339,1000,1545,1545,2.3700004,-0.00004,-1,-1,-1,0,0,0,136,1,1,131,0.0049125,0.0000000,0.0000000,1,0,1,1
758622327236166 D 2984,4034146339,1000,1545,1545,2.3700004,-0.00004,-1,-1,-1,0,0,0,136,1,1,131,0.0049125,0.0000000,0.0000000,1,0,1,1
758622328224291 D 2985,4034147339,1000,1545,1545,2.3700004,-0.00004,-1,-1,-1,0,0,0,136,1,1,131,0.0049125,0.0000000,0.0000000,1,0,1,1
758622329242958 D 2986,4034148339,1000,1545,1545,2.3700004,-0.00003,-1,-1,-1,0,0,0,136,1,1,131,0.0049125,0.0000000,0.0000000,1,0,1,1
758622330267166 D 2987,4034149339,1000,1545,1545,2.3700004,-0.00003,-1,-1,-1,0,0,0,136,1,1,131,0.0049125,0.0000000,0.0000000,1,0,1,1
758622331292541 D 2988,4034150339,1000,1545,1545,2.3700004,-0.00003,-1,-1,-1,0,0,0,136,1,1,131,0.0049125,0.0000000,0.0000000,1,0,1,1
758622332258666 D 2989,4034151339,1000,1545,1545,2.3700004,-0.00003,-1,-1,-1,0,0,0,136,1,1,131,0.0049125,0.0000000,0.0000000,1,0,1,1
758622333631875 D 2990,4034152339,1000,1545,1545,2.3700004,-0.00003,39,126,2101,0,0,0,136,1,1,131,0.0049125,0.0000000,0.0000000,1,0,1,1
758622334269000 D 2991,4034153339,1000,1545,1545,2.3700004,-0.00003,-1,-1,-1,0,0,0,136,1,1,131,0.0049125,0.0000000,0.0000000,1,0,1,1
758622335250416 D 2992,4034154339,1000,1545,1545,2.3700004,-0.00003,-1,-1,-1,0,0,0,136,1,1,131,0.0049125,0.0000000,0.0000000,1,0,1,1
758622336254916 D 2993,4034155339,1000,1545,1545,2.3700004,-0.00003,-1,-1,-1,0,0,0,136,1,1,131,0.0049125,0.0000000,0.0000000,1,0,1,1
758622337249875 D 2994,4034156339,1000,1545,1545,2.3700004,-0.00002,-1,-1,-1,0,0,0,136,1,1,131,0.0049125,0.0000000,0.0000000,1,0,1,1
758622338265666 D 2995,4034157339,1000,1545,1545,2.3700004,-0.00002,-1,-1,-1,0,0,0,136,1,1,131,0.0049125,0.0000000,0.0000000,1,0,1,1
758622339238291 D 2996,4034158339,1000,1545,1545,2.3700004,-0.00002,-1,-1,-1,0,0,0,136,1,1,131,0.0049125,0.0000000,0.0000000,1,0,1,1
758622340254708 D 2997,4034159339,1000,1545,1545,2.3700004,-0.00002,-1,-1,-1,0,0,0,136,1,1,131,0.0049125,0.0000000,0.0000000,1,0,1,1
758622341250041 D 2998,4034160339,1000,1545,1545,2.3700004,-0.00002,-1,-1,-1,0,0,0,136,1,1,131,0.0049125,0.0000000,0.0000000,1,0,1,1
758622342251708 D 2999,4034161339,1000,1545,1545,2.3700004,-0.00002,-1,-1,-1,0,0,0,136,1,1,131,0.0049125,0.0000000,0.0000000,1,0,1,1
758622343231041 D 3000,4034162339,1000,1545,1545,2.3700004,-0.00002,-1,-1,-1,0,0,0,136,1,1,131,0.0049125,0.0000000,0.0000000,1,0,1,1
758622344240166 D 3001,4034163339,1000,1545,1545,2.3700004,-0.00002,-1,-1,-1,0,0,0,136,1,1,131,0.0049125,0.0000000,0.0000000,1,0,1,1
758622345229500 D 3002,4034164339,1000,1545,1545,2.3700004,-0.00002,-1,-1,-1,0,0,0,136,1,1,131,0.0049125,0.0000000,0.0000000,1,0,1,1
758622346480208 D 3003,4034165339,1000,1545,1545,2.3700004,-0.00002,-1,-1,-1,0,0,0,136,1,1,131,0.0049125,0.0000000,0.0000000,1,0,1,1
758622347468541 D 3004,4034166339,1000,1545,1545,2.3700004,-0.00002,-1,-1,-1,0,0,0,136,1,1,131,0.0049125,0.0000000,0.0000000,1,0,1,1
758622348337166 D 3005,4034167339,1000,1545,1545,2.3700004,-0.00002,-1,-1,-1,0,0,0,136,1,1,131,0.0049125,0.0000000,0.0000000,1,0,1,1
758622349271708 D 3006,4034168339,1000,1545,1545,2.3700004,-0.00002,-1,-1,-1,0,0,0,136,1,1,131,0.0049125,0.0000000,0.0000000,1,0,1,1
758622350248125 D 3007,4034169339,1000,1545,1545,2.3700004,-0.00001,-1,-1,-1,0,0,0,136,1,1,131,0.0049125,0.0000000,0.0000000,1,0,1,1
758622351261333 D 3008,4034170339,1000,1545,1545,2.3700004,-0.00001,-1,-1,-1,0,0,0,136,1,1,131,0.0049125,0.0000000,0.0000000,1,0,1,1
758622352237041 D 3009,4034171339,1000,1545,1545,2.3700004,-0.00001,-1,-1,-1,0,0,0,136,1,1,131,0.0049125,0.0000000,0.0000000,1,0,1,1
758622353232250 D 3010,4034172339,1000,1545,1545,2.3700004,-0.00001,-1,-1,-1,0,0,0,136,1,1,131,0.0049125,0.0000000,0.0000000,1,0,1,1
758622354244500 D 3011,4034173339,1000,1545,1545,2.3700004,-0.00001,-1,-1,-1,0,0,0,136,1,1,131,0.0049125,0.0000000,0.0000000,1,0,1,1
758622355237041 D 3012,4034174339,1000,1545,1545,2.3700004,-0.00001,-1,-1,-1,0,0,0,136,1,1,131,0.0049125,0.0000000,0.0000000,1,0,1,1
758622356261458 D 3013,4034175339,1000,1545,1545,2.3700004,-0.00001,-1,-1,-1,0,0,0,135,1,1,131,0.0049125,0.0000000,0.0000000,1,0,1,1
758622357253916 D 3014,4034176339,1000,1545,1545,2.3700004,-0.00001,-1,-1,-1,0,0,0,136,1,1,131,0.0049125,0.0000000,0.0000000,1,0,1,1
758622358240666 D 3015,4034177339,1000,1545,1545,2.3700004,-0.00001,-1,-1,-1,0,0,0,136,1,1,131,0.0049125,0.0000000,0.0000000,1,0,1,1
758622359221208 D 3016,4034178339,1000,1545,1545,2.3700004,-0.00001,-1,-1,-1,0,0,0,136,1,1,131,0.0049125,0.0000000,0.0000000,1,0,1,1
758622360217500 D 3017,4034179339,1000,1545,1545,2.3700004,-0.00001,-1,-1,-1,0,0,0,136,1,1,131,0.0049125,0.0000000,0.0000000,1,0,1,1
758622361217625 D 3018,4034180339,1000,1545,1545,2.3700004,-0.00001,-1,-1,-1,0,0,0,136,1,1,131,0.0049125,0.0000000,0.0000000,1,0,1,1
758622362245625 D 3019,4034181339,1000,1545,1545,2.3700004,-0.00001,-1,-1,-1,0,0,0,136,1,1,131,0.0049125,0.0000000,0.0000000,1,0,1,1
758622363238666 D 3020,4034182339,1000,1545,1545,2.3700004,-0.00001,-1,-1,-1,0,0,0,136,1,1,131,0.0049125,0.0000000,0.0000000,1,0,1,1
758622364229416 D 3021,4034183339,1000,1545,1545,2.3700004,-0.00001,-1,-1,-1,0,0,0,136,1,1,131,0.0049125,0.0000000,0.0000000,1,0,1,1
758622365224708 D 3022,4034184339,1000,1545,1545,2.3700004,-0.00001,-1,-1,-1,0,0,0,136,1,1,131,0.0049125,0.0000000,0.0000000,1,0,1,1
758622366224166 D 3023,4034185339,1000,1545,1545,2.3700004,-0.00001,-1,-1,-1,0,0,0,136,1,1,131,0.0049125,0.0000000,0.0000000,1,0,1,1
758622367233625 D 3024,4034186339,1000,1545,1545,2.3700004,-0.00001,-1,-1,-1,0,0,0,136,1,1,131,0.0049125,0.0000000,0.0000000,1,0,1,1
758622368277125 D 3025,4034187339,1000,1545,1545,2.3700004,-0.00001,-1,-1,-1,0,0,0,136,1,1,131,0.0049125,0.0000000,0.0000000,1,0,1,1
758622369299833 D 3026,4034188339,1000,1545,1545,2.3700004,-0.00001,-1,-1,-1,0,0,0,136,1,1,131,0.0049125,0.0000000,0.0000000,1,0,1,1
758622370351125 D 3027,4034189339,1000,1545,1545,2.3700004,-0.00001,-1,-1,-1,0,0,0,135,1,1,131,0.0049125,0.0000000,0.0000000,1,0,1,1
758622371298458 D 3028,4034190339,1000,1545,1545,2.3700004,-0.00001,-1,-1,-1,0,0,0,136,1,1,131,0.0049125,0.0000000,0.0000000,1,0,1,1
758622372264625 D 3029,4034191339,1000,1545,1545,2.3700004,-0.00001,-1,-1,-1,0,0,0,136,1,1,131,0.0049125,0.0000000,0.0000000,1,0,1,1
758622373286041 D 3030,4034192339,1000,1545,1545,2.3700004,-0.00001,-1,-1,-1,0,0,0,136,1,1,131,0.0049125,0.0000000,0.0000000,1,0,1,1
758622374255916 D 3031,4034193339,1000,1545,1545,2.3700004,-0.00001,-1,-1,-1,0,0,0,136,1,1,131,0.0049125,0.0000000,0.0000000,1,0,1,1
758622375262833 D 3032,4034194339,1000,1545,1545,2.3700004,-0.00001,-1,-1,-1,0,0,0,136,1,1,131,0.0049125,0.0000000,0.0000000,1,0,1,1
758622376257958 D 3033,4034195339,1000,1545,1545,2.3700004,-0.00001,-1,-1,-1,0,0,0,136,1,1,131,0.0049125,0.0000000,0.0000000,1,0,1,1
758622377464041 D 3034,4034196339,1000,1545,1545,2.3700004,-0.00000,-1,-1,-1,0,0,0,135,1,1,131,0.0049125,0.0000000,0.0000000,1,0,1,1
758622378501375 D 3035,4034197339,1000,1545,1545,2.3700004,-0.00000,-1,-1,-1,0,0,0,136,1,1,131,0.0049125,0.0000000,0.0000000,1,0,1,1
758622379474583 D 3036,4034198339,1000,1545,1545,2.3700004,-0.00000,-1,-1,-1,0,0,0,136,1,1,131,0.0049125,0.0000000,0.0000000,1,0,1,1
758622380307875 D 3037,4034199339,1000,1545,1545,2.3700004,-0.00000,-1,-1,-1,0,0,0,136,1,1,131,0.0049125,0.0000000,0.0000000,1,0,1,1
758622381235791 D 3038,4034200339,1000,1545,1545,2.3700004,-0.00000,-1,-1,-1,0,0,0,136,1,1,131,0.0049125,0.0000000,0.0000000,1,0,1,1
758622382220791 D 3039,4034201339,1000,1545,1545,2.3700004,-0.00000,-1,-1,-1,0,0,0,136,1,1,131,0.0049125,0.0000000,0.0000000,1,0,1,1
758622383669916 D 3040,4034202339,1000,1545,1545,2.3700004,-0.00000,39,126,2102,0,0,0,136,1,1,131,0.0049125,0.0000000,0.0000000,1,0,1,1
758622384296333 D 3041,4034203339,1000,1545,1545,2.3700004,-0.00000,-1,-1,-1,0,0,0,136,1,1,131,0.0049125,0.0000000,0.0000000,1,0,1,1
758622385212041 D 3042,4034204339,1000,1545,1545,2.3700004,-0.00000,-1,-1,-1,0,0,0,136,1,1,131,0.0049125,0.0000000,0.0000000,1,0,1,1
758622386213541 D 3043,4034205339,1000,1545,1545,2.3700004,-0.00000,-1,-1,-1,0,0,0,136,1,1,131,0.0049125,0.0000000,0.0000000,1,0,1,1
758622387209666 D 3044,4034206339,1000,1545,1545,2.3700004,-0.00000,-1,-1,-1,0,0,0,136,1,1,131,0.0049125,0.0000000,0.0000000,1,0,1,1
758622388201708 D 3045,4034207339,1000,1545,1545,2.3700004,-0.00000,-1,-1,-1,0,0,0,136,1,1,131,0.0049125,0.0000000,0.0000000,1,0,1,1
758622389216041 D 3046,4034208339,1000,1545,1545,2.3700004,-0.00000,-1,-1,-1,0,0,0,136,1,1,131,0.0049125,0.0000000,0.0000000,1,0,1,1
758622390196958 D 3047,4034209339,1000,1545,1545,2.3700004,-0.00000,-1,-1,-1,0,0,0,136,1,1,131,0.0049125,0.0000000,0.0000000,1,0,1,1
758622391205166 D 3048,4034210339,1000,1545,1545,2.3700004,-0.00000,-1,-1,-1,0,0,0,136,1,1,131,0.0049125,0.0000000,0.0000000,1,0,1,1
758622392201208 D 3049,4034211339,1000,1545,1545,2.3700004,-0.00000,-1,-1,-1,0,0,0,136,1,1,131,0.0049125,0.0000000,0.0000000,1,0,1,1
758622393197291 D 3050,4034212339,1000,1545,1545,2.3700004,-0.00000,-1,-1,-1,0,0,0,136,1,1,131,0.0049125,0.0000000,0.0000000,1,0,1,1
758622394112333 D 3051,4034213339,1000,1545,1545,2.3700004,-0.00000,-1,-1,-1,0,0,0,136,1,1,131,0.0049125,0.0000000,0.0000000,1,0,1,1
758622395097625 D 3052,4034214339,1000,1545,1545,2.3700004,-0.00000,-1,-1,-1,0,0,0,136,1,1,131,0.0049125,0.0000000,0.0000000,1,0,1,1
758622396081833 D 3053,4034215339,1000,1545,1545,2.3700004,-0.00000,-1,-1,-1,0,0,0,136,1,1,131,0.0049125,0.0000000,0.0000000,1,0,1,1
758622397085041 D 3054,4034216339,1000,1545,1545,2.3700004,-0.00000,-1,-1,-1,0,0,0,136,1,1,131,0.0049125,0.0000000,0.0000000,1,0,1,1
758622398135583 D 3055,4034217339,1000,1545,1545,2.3700004,-0.00000,-1,-1,-1,0,0,0,136,1,1,131,0.0049125,0.0000000,0.0000000,1,0,1,1
758622399308625 D 3056,4034218339,1000,1545,1545,2.3700004,-0.00000,-1,-1,-1,0,0,0,136,1,1,131,0.0049125,0.0000000,0.0000000,1,0,1,1
758622400238333 D 3057,4034219339,1000,1545,1545,2.3700004,-0.00000,-1,-1,-1,0,0,0,136,1,1,131,0.0049125,0.0000000,0.0000000,1,0,1,1
758622401227833 D 3058,4034220339,1000,1545,1545,2.3700004,-0.00000,-1,-1,-1,0,0,0,136,1,1,131,0.0049125,0.0000000,0.0000000,1,0,1,1
758622402224250 D 3059,4034221339,1000,1545,1545,2.3700004,-0.00000,-1,-1,-1,0,0,0,136,1,1,131,0.0049125,0.0000000,0.0000000,1,0,1,1
758622403228750 D 3060,4034222339,1000,1545,1545,2.3700004,-0.00000,-1,-1,-1,0,0,0,136,1,1,131,0.0049125,0.0000000,0.0000000,1,0,1,1
758622404242541 D 3061,4034223339,1000,1545,1545,2.3700004,-0.00000,-1,-1,-1,0,0,0,136,1,1,131,0.0049125,0.0000000,0.0000000,1,0,1,1
758622405229750 D 3062,4034224339,1000,1545,1545,2.3700004,-0.00000,-1,-1,-1,0,0,0,136,1,1,131,0.0049125,0.0000000,0.0000000,1,0,1,1
758622406227916 D 3063,4034225339,1000,1545,1545,2.3700004,-0.00000,-1,-1,-1,0,0,0,136,1,1,131,0.0049125,0.0000000,0.0000000,1,0,1,1
758622407449500 D 3064,4034226339,1000,1545,1545,2.3700004,-0.00000,-1,-1,-1,0,0,0,136,1,1,131,0.0049125,0.0000000,0.0000000,1,0,1,1
758622408441583 D 3065,4034227339,1000,1545,1545,2.3700004,-0.00000,-1,-1,-1,0,0,0,136,1,1,131,0.0049125,0.0000000,0.0000000,1,0,1,1
758622409391375 D 3066,4034228339,1000,1545,1545,2.3700004,-0.00000,-1,-1,-1,0,0,0,136,1,1,131,0.0049125,0.0000000,0.0000000,1,0,1,1
758622410219375 D 3067,4034229339,1000,1545,1545,2.3700004,-0.00000,-1,-1,-1,0,0,0,136,1,1,131,0.0049125,0.0000000,0.0000000,1,0,1,1
758622411223416 D 3068,4034230339,1000,1545,1545,2.3700004,-0.00000,-1,-1,-1,0,0,0,136,1,1,131,0.0049125,0.0000000,0.0000000,1,0,1,1
758622412233166 D 3069,4034231339,1000,1545,1545,2.3700004,-0.00000,-1,-1,-1,0,0,0,136,1,1,131,0.0049125,0.0000000,0.0000000,1,0,1,1
758622413250958 D 3070,4034232339,1000,1545,1545,2.3700004,-0.00000,-1,-1,-1,0,0,0,136,1,1,131,0.0049125,0.0000000,0.0000000,1,0,1,1
758622414281583 D 3071,4034233339,1000,1545,1545,2.3700004,-0.00000,-1,-1,-1,0,0,0,136,1,1,131,0.0049125,0.0000000,0.0000000,1,0,1,1
758622415311458 D 3072,4034234339,1000,1545,1545,2.3700004,-0.00000,-1,-1,-1,0,0,0,136,1,1,131,0.0049125,0.0000000,0.0000000,1,0,1,1
758622416255416 D 3073,4034235339,1000,1545,1545,2.3700004,-0.00000,-1,-1,-1,0,0,0,136,1,1,131,0.0049125,0.0000000,0.0000000,1,0,1,1
758622417249458 D 3074,4034236339,1000,1545,1545,2.3700004,-0.00000,-1,-1,-1,0,0,0,136,1,1,131,0.0049125,0.0000000,0.0000000,1,0,1,1
758622418227625 D 3075,4034237339,1000,1545,1545,2.3700004,-0.00000,-1,-1,-1,0,0,0,136,1,1,131,0.0049125,0.0000000,0.0000000,1,0,1,1
758622419263291 D 3076,4034238339,1000,1545,1545,2.3700004,-0.00000,-1,-1,-1,0,0,0,136,1,1,131,0.0049125,0.0000000,0.0000000,1,0,1,1
758622420312500 D 3077,4034239339,1000,1545,1545,2.3700004,-0.00000,-1,-1,-1,0,0,0,136,1,1,131,0.0049125,0.0000000,0.0000000,1,0,1,1
758622421237250 D 3078,4034240339,1000,1545,1545,2.3700004,-0.00000,-1,-1,-1,0,0,0,136,1,1,131,0.0049125,0.0000000,0.0000000,1,0,1,1
758622422272000 D 3079,4034241339,1000,1545,1545,2.3700004,-0.00000,-1,-1,-1,0,0,0,136,1,1,131,0.0049125,0.0000000,0.0000000,1,0,1,1
758622423260500 D 3080,4034242339,1000,1545,1545,2.3700004,-0.00000,-1,-1,-1,0,0,0,136,1,1,131,0.0049125,0.0000000,0.0000000,1,0,1,1
758622424254791 D 3081,4034243339,1000,1545,1545,2.3700004,-0.00000,-1,-1,-1,0,0,0,136,1,1,131,0.0049125,0.0000000,0.0000000,1,0,1,1
758622425256500 D 3082,4034244339,1000,1545,1545,2.3700004,-0.00000,-1,-1,-1,0,0,0,136,1,1,131,0.0049125,0.0000000,0.0000000,1,0,1,1
758622426242916 D 3083,4034245339,1000,1545,1545,2.3700004,-0.00000,-1,-1,-1,0,0,0,136,1,1,131,0.0049125,0.0000000,0.0000000,1,0,1,1
758622427249208 D 3084,4034246339,1000,1545,1545,2.3700004,-0.00000,-1,-1,-1,0,0,0,136,1,1,131,0.0049125,0.0000000,0.0000000,1,0,1,1
758622428270375 D 3085,4034247339,1000,1545,1545,2.3700004,-0.00000,-1,-1,-1,0,0,0,136,1,1,131,0.0049125,0.0000000,0.0000000,1,0,1,1
758622429254541 D 3086,4034248339,1000,1545,1545,2.3700004,-0.00000,-1,-1,-1,0,0,0,136,1,1,131,0.0049125,0.0000000,0.0000000,1,0,1,1
758622430247083 D 3087,4034249339,1000,1545,1545,2.3700004,-0.00000,-1,-1,-1,0,0,0,136,1,1,131,0.0049125,0.0000000,0.0000000,1,0,1,1
758622431271291 D 3088,4034250339,1000,1545,1545,2.3700004,-0.00000,-1,-1,-1,0,0,0,136,1,1,131,0.0049125,0.0000000,0.0000000,1,0,1,1
758622432254208 D 3089,4034251339,1000,1545,1545,2.3700004,-0.00000,-1,-1,-1,0,0,0,136,1,1,131,0.0049125,0.0000000,0.0000000,1,0,1,1
758622433675041 D 3090,4034252339,1000,1545,1545,2.3700004,-0.00000,39,126,2100,0,0,0,135,1,1,131,0.0049125,0.0000000,0.0000000,1,0,1,1
758622434317083 D 3091,4034253339,1000,1545,1545,2.3700004,-0.00000,-1,-1,-1,0,0,0,136,1,1,131,0.0049125,0.0000000,0.0000000,1,0,1,1
758622435254625 D 3092,4034254339,1000,1545,1545,2.3700004,-0.00000,-1,-1,-1,0,0,0,136,1,1,131,0.0049125,0.0000000,0.0000000,1,0,1,1
758622436277375 D 3093,4034255339,1000,1545,1545,2.3700004,-0.00000,-1,-1,-1,0,0,0,136,1,1,131,0.0049125,0.0000000,0.0000000,1,0,1,1
758622437252166 D 3094,4034256339,1000,1545,1545,2.3700004,-0.00000,-1,-1,-1,0,0,0,136,1,1,131,0.0049125,0.0000000,0.0000000,1,0,1,1
758622438254041 D 3095,4034257339,1000,1545,1545,2.3700004,-0.00000,-1,-1,-1,0,0,0,136,1,1,131,0.0049125,0.0000000,0.0000000,1,0,1,1
758622439270000 D 3096,4034258339,1000,1545,1545,2.3700004,-0.00000,-1,-1,-1,0,0,0,136,1,1,131,0.0049125,0.0000000,0.0000000,1,0,1,1
758622440259958 D 3097,4034259339,1000,1545,1545,2.3700004,-0.00000,-1,-1,-1,0,0,0,136,1,1,131,0.0049125,0.0000000,0.0000000,1,0,1,1
758622441256541 D 3098,4034260339,1000,1545,1545,2.3700004,-0.00000,-1,-1,-1,0,0,0,136,1,1,131,0.0049125,0.0000000,0.0000000,1,0,1,1
758622442240500 D 3099,4034261339,1000,1545,1545,2.3700004,-0.00000,-1,-1,-1,0,0,0,136,1,1,131,0.0049125,0.0000000,0.0000000,1,0,1,1
758622443251083 D 3100,4034262339,1000,1545,1545,2.3700004,-0.00000,-1,-1,-1,0,0,0,136,1,1,131,0.0049125,0.0000000,0.0000000,1,0,1,1
758622444256041 D 3101,4034263339,1000,1545,1545,2.3700004,-0.00000,-1,-1,-1,0,0,0,136,1,1,131,0.0049125,0.0000000,0.0000000,1,0,1,1
758622445251875 D 3102,4034264339,1000,1545,1545,2.3700004,-0.00000,-1,-1,-1,0,0,0,136,1,1,131,0.0049125,0.0000000,0.0000000,1,0,1,1
758622446257666 D 3103,4034265339,1000,1545,1545,2.3700004,-0.00000,-1,-1,-1,0,0,0,136,1,1,131,0.0049125,0.0000000,0.0000000,1,0,1,1
758622447278166 D 3104,4034266339,1000,1545,1545,2.3700004,-0.00000,-1,-1,-1,0,0,0,136,1,1,131,0.0049125,0.0000000,0.0000000,1,0,1,1
758622448253666 D 3105,4034267339,1000,1545,1545,2.3700004,-0.00000,-1,-1,-1,0,0,0,136,1,1,131,0.0049125,0.0000000,0.0000000,1,0,1,1
758622449262416 D 3106,4034268339,1000,1545,1545,2.3700004,-0.00000,-1,-1,-1,0,0,0,136,1,1,131,0.0049125,0.0000000,0.0000000,1,0,1,1
758622450099708 D 3107,4034269339,1000,1545,1545,2.3700004,-0.00000,-1,-1,-1,0,0,0,136,1,1,131,0.0049125,0.0000000,0.0000000,1,0,1,1
758622451062833 D 3108,4034270339,1000,1545,1545,2.3700004,-0.00000,-1,-1,-1,0,0,0,136,1,1,131,0.0049125,0.0000000,0.0000000,1,0,1,1
758622452056125 D 3109,4034271339,1000,1545,1545,2.3700004,-0.00000,-1,-1,-1,0,0,0,136,1,1,131,0.0049125,0.0000000,0.0000000,1,0,1,1
758622453067958 D 3110,4034272339,1000,1545,1545,2.3700004,-0.00000,-1,-1,-1,0,0,0,136,1,1,131,0.0049125,0.0000000,0.0000000,1,0,1,1
758622454078666 D 3111,4034273339,1000,1545,1545,2.3700004,-0.00000,-1,-1,-1,0,0,0,136,1,1,131,0.0049125,0.0000000,0.0000000,1,0,1,1
758622455081041 D 3112,4034274339,1000,1545,1545,2.3700004,-0.00000,-1,-1,-1,0,0,0,136,1,1,131,0.0049125,0.0000000,0.0000000,1,0,1,1
758622456074083 D 3113,4034275339,1000,1545,1545,2.3700004,-0.00000,-1,-1,-1,0,0,0,136,1,1,131,0.0049125,0.0000000,0.0000000,1,0,1,1
758622457071083 D 3114,4034276339,1000,1545,1545,2.3700004,-0.00000,-1,-1,-1,0,0,0,136,1,1,131,0.0049125,0.0000000,0.0000000,1,0,1,1
758622458127458 D 3115,4034277339,1000,1545,1545,2.3700004,-0.00000,-1,-1,-1,0,0,0,136,1,1,131,0.0049125,0.0000000,0.0000000,1,0,1,1
758622459101083 D 3116,4034278339,1000,1545,1545,2.3700004,-0.00000,-1,-1,-1,0,0,0,136,1,1,131,0.0049125,0.0000000,0.0000000,1,0,1,1
758622460107208 D 3117,4034279339,1000,1545,1545,2.3700004,-0.00000,-1,-1,-1,0,0,0,136,1,1,131,0.0049125,0.0000000,0.0000000,1,0,1,1
758622461107083 D 3118,4034280339,1000,1545,1545,2.3700004,-0.00000,-1,-1,-1,0,0,0,136,1,1,131,0.0049125,0.0000000,0.0000000,1,0,1,1
758622462154250 D 3119,4034281339,1000,1545,1545,2.3700004,-0.00000,-1,-1,-1,0,0,0,136,1,1,131,0.0049125,0.0000000,0.0000000,1,0,1,1
758622463197291 D 3120,4034282339,1000,1545,1545,2.3700004,-0.00000,-1,-1,-1,0,0,0,136,1,1,131,0.0049125,0.0000000,0.0000000,1,0,1,1
758622464170166 D 3121,4034283339,1000,1545,1545,2.3700004,-0.00000,-1,-1,-1,0,0,0,136,1,1,131,0.0049125,0.0000000,0.0000000,1,0,1,1
758622465169833 D 3122,4034284339,1000,1545,1545,2.3700004,-0.00000,-1,-1,-1,0,0,0,136,1,1,131,0.0049125,0.0000000,0.0000000,1,0,1,1
758622466161000 D 3123,4034285339,1000,1545,1545,2.3700004,-0.00000,-1,-1,-1,0,0,0,136,1,1,131,0.0049125,0.0000000,0.0000000,1,0,1,1
758622467182416 D 3124,4034286339,1000,1545,1545,2.3700004,-0.00000,-1,-1,-1,0,0,0,136,1,1,131,0.0049125,0.0000000,0.0000000,1,0,1,1
758622468181541 D 3125,4034287339,1000,1545,1545,2.3700004,-0.00000,-1,-1,-1,0,0,0,135,1,1,131,0.0049125,0.0000000,0.0000000,1,0,1,1
758622469170375 D 3126,4034288339,1000,1545,1545,2.3700004,-0.00000,-1,-1,-1,0,0,0,136,1,1,131,0.0049125,0.0000000,0.0000000,1,0,1,1
758622470236083 D 3127,4034289339,1000,1545,1545,2.3700004,-0.00000,-1,-1,-1,0,0,0,136,1,1,131,0.0049125,0.0000000,0.0000000,1,0,1,1
758622471248291 D 3128,4034290339,1000,1545,1545,2.3700004,-0.00000,-1,-1,-1,0,0,0,136,1,1,131,0.0049125,0.0000000,0.0000000,1,0,1,1
758622472228041 D 3129,4034291339,1000,1545,1545,2.3700004,-0.00000,-1,-1,-1,0,0,0,136,1,1,131,0.0049125,0.0000000,0.0000000,1,0,1,1
758622473283833 D 3130,4034292339,1000,1545,1545,2.3700004,-0.00000,-1,-1,-1,0,0,0,136,1,1,131,0.0049125,0.0000000,0.0000000,1,0,1,1
758622474283500 D 3131,4034293339,1000,1545,1545,2.3700004,-0.00000,-1,-1,-1,0,0,0,136,1,1,131,0.0049125,0.0000000,0.0000000,1,0,1,1
758622475264708 D 3132,4034294339,1000,1545,1545,2.3700004,-0.00000,-1,-1,-1,0,0,0,136,1,1,131,0.0049125,0.0000000,0.0000000,1,0,1,1
758622476259708 D 3133,4034295339,1000,1545,1545,2.3700004,-0.00000,-1,-1,-1,0,0,0,136,1,1,131,0.0049125,0.0000000,0.0000000,1,0,1,1
758622477125916 D 3134,4034296339,1000,1545,1545,2.3700004,-0.00000,-1,-1,-1,0,0,0,136,1,1,131,0.0049125,0.0000000,0.0000000,1,0,1,1
758622478131916 D 3135,4034297339,1000,1545,1545,2.3700004,-0.00000,-1,-1,-1,0,0,0,136,1,1,131,0.0049125,0.0000000,0.0000000,1,0,1,1
758622479106333 D 3136,4034298339,1000,1545,1545,2.3700004,-0.00000,-1,-1,-1,0,0,0,136,1,1,131,0.0049125,0.0000000,0.0000000,1,0,1,1
758622480076416 D 3137,4034299339,1000,1545,1545,2.3700004,-0.00000,-1,-1,-1,0,0,0,136,1,1,131,0.0049125,0.0000000,0.0000000,1,0,1,1
758622481079500 D 3138,4034300339,1000,1545,1545,2.3700004,-0.00000,-1,-1,-1,0,0,0,136,1,1,131,0.0049125,0.0000000,0.0000000,1,0,1,1
758622482476041 D 3139,4034301339,1000,1545,1545,2.3700004,-0.00000,-1,-1,-1,0,0,0,136,1,1,131,0.0049125,0.0000000,0.0000000,1,0,1,1
758622483858375 D 3140,4034302339,1000,1545,1545,2.3700004,-0.00000,39,126,2100,0,0,0,136,1,1,131,0.0049125,0.0000000,0.0000000,1,0,1,1
758622484742208 D 3141,4034303339,1000,1545,1545,2.3700004,-0.00000,-1,-1,-1,0,0,0,136,1,1,131,0.0049125,0.0000000,0.0000000,1,0,1,1
758622485619000 D 3142,4034304339,1000,1545,1545,2.3700004,-0.00000,-1,-1,-1,0,0,0,136,1,1,131,0.0049125,0.0000000,0.0000000,1,0,1,1
758622486494500 D 3143,4034305339,1000,1545,1545,2.3700004,-0.00000,-1,-1,-1,0,0,0,136,1,1,131,0.0049125,0.0000000,0.0000000,1,0,1,1
758622487490708 D 3144,4034306339,1000,1545,1545,2.3700004,-0.00000,-1,-1,-1,0,0,0,136,1,1,131,0.0049125,0.0000000,0.0000000,1,0,1,1
758622488479125 D 3145,4034307339,1000,1545,1545,2.3700004,-0.00000,-1,-1,-1,0,0,0,136,1,1,131,0.0049125,0.0000000,0.0000000,1,0,1,1
758622489424708 D 3146,4034308339,1000,1545,1545,2.3700004,-0.00000,-1,-1,-1,0,0,0,136,1,1,131,0.0049125,0.0000000,0.0000000,1,0,1,1
758622490067125 D 3147,4034309339,1000,1545,1545,2.3700004,-0.00000,-1,-1,-1,0,0,0,136,1,1,131,0.0049125,0.0000000,0.0000000,1,0,1,1
758622491251666 D 3148,4034310339,1000,1545,1545,2.3700004,-0.00000,-1,-1,-1,0,0,0,136,1,1,131,0.0049125,0.0000000,0.0000000,1,0,1,1
758622492225125 D 3149,4034311339,1000,1545,1545,2.3700004,-0.00000,-1,-1,-1,0,0,0,136,1,1,131,0.0049125,0.0000000,0.0000000,1,0,1,1
758622493240250 D 3150,4034312339,1000,1545,1545,2.3700004,-0.00000,-1,-1,-1,0,0,0,136,1,1,131,0.0049125,0.0000000,0.0000000,1,0,1,1
758622494247958 D 3151,4034313339,1000,1545,1545,2.3700004,-0.00000,-1,-1,-1,0,0,0,136,1,1,131,0.0049125,0.0000000,0.0000000,1,0,1,1
758622495262833 D 3152,4034314339,1000,1545,1545,2.3700004,-0.00000,-1,-1,-1,0,0,0,136,1,1,131,0.0049125,0.0000000,0.0000000,1,0,1,1
758622496271625 D 3153,4034315339,1000,1545,1545,2.3700004,-0.00000,-1,-1,-1,0,0,0,136,1,1,131,0.0049125,0.0000000,0.0000000,1,0,1,1
758622497250541 D 3154,4034316339,1000,1545,1545,2.3700004,-0.00000,-1,-1,-1,0,0,0,136,1,1,131,0.0049125,0.0000000,0.0000000,1,0,1,1
758622498226166 D 3155,4034317339,1000,1545,1545,2.3700004,-0.00000,-1,-1,-1,0,0,0,136,1,1,131,0.0049125,0.0000000,0.0000000,1,0,1,1
758622499219541 D 3156,4034318339,1000,1545,1545,2.3700004,-0.00000,-1,-1,-1,0,0,0,136,1,1,131,0.0049125,0.0000000,0.0000000,1,0,1,1
758622500221791 D 3157,4034319339,1000,1545,1545,2.3700004,-0.00000,-1,-1,-1,0,0,0,136,1,1,131,0.0049125,0.0000000,0.0000000,1,0,1,1
758622501229291 D 3158,4034320339,1000,1545,1545,2.3700004,-0.00000,-1,-1,-1,0,0,0,136,1,1,131,0.0049125,0.0000000,0.0000000,1,0,1,1
758622502460708 D 3159,4034321339,1000,1545,1545,2.3700004,-0.00000,-1,-1,-1,0,0,0,136,1,1,131,0.0049125,0.0000000,0.0000000,1,0,1,1
758622503468166 D 3160,4034322339,1000,1545,1545,2.3700004,-0.00000,-1,-1,-1,0,0,0,135,1,1,131,0.0049125,0.0000000,0.0000000,1,0,1,1
758622504328041 D 3161,4034323339,1000,1545,1545,2.3700004,-0.00000,-1,-1,-1,0,0,0,136,1,1,131,0.0049125,0.0000000,0.0000000,1,0,1,1
758622505226583 D 3162,4034324339,1000,1545,1545,2.3700004,-0.00000,-1,-1,-1,0,0,0,136,1,1,131,0.0049125,0.0000000,0.0000000,1,0,1,1
758622506227708 D 3163,4034325339,1000,1545,1545,2.3700004,-0.00000,-1,-1,-1,0,0,0,136,1,1,131,0.0049125,0.0000000,0.0000000,1,0,1,1
758622507235166 D 3164,4034326339,1000,1545,1545,2.3700004,-0.00000,-1,-1,-1,0,0,0,136,1,1,131,0.0049125,0.0000000,0.0000000,1,0,1,1
758622508221750 D 3165,4034327339,1000,1545,1545,2.3700004,-0.00000,-1,-1,-1,0,0,0,136,1,1,131,0.0049125,0.0000000,0.0000000,1,0,1,1
758622509226000 D 3166,4034328339,1000,1545,1545,2.3700004,-0.00000,-1,-1,-1,0,0,0,136,1,1,131,0.0049125,0.0000000,0.0000000,1,0,1,1
758622510221250 D 3167,4034329339,1000,1545,1545,2.3700004,-0.00000,-1,-1,-1,0,0,0,136,1,1,131,0.0049125,0.0000000,0.0000000,1,0,1,1
758622511230750 D 3168,4034330339,1000,1545,1545,2.3700004,-0.00000,-1,-1,-1,0,0,0,136,1,1,131,0.0049125,0.0000000,0.0000000,1,0,1,1
758622512229000 D 3169,4034331339,1000,1545,1545,2.3700004,-0.00000,-1,-1,-1,0,0,0,136,1,1,131,0.0049125,0.0000000,0.0000000,1,0,1,1
758622513218166 D 3170,4034332339,1000,1546,1546,2.3715343,0.06015,-1,-1,-1,0,0,0,136,1,1,131,0.0049125,0.0000000,0.0000000,1,0,1,1
758622514221500 D 3171,4034333339,1000,1545,1545,2.3700004,-0.00236,-1,-1,-1,0,0,0,136,1,1,131,0.0049125,0.0000000,0.0000000,1,0,1,1
758622515216833 D 3172,4034334339,1000,1545,1545,2.3700004,-0.00227,-1,-1,-1,0,0,0,136,1,1,131,0.0049125,0.0000000,0.0000000,1,0,1,1
758622516220291 D 3173,4034335339,1000,1545,1545,2.3700004,-0.00218,-1,-1,-1,0,0,0,136,1,1,131,0.0049125,0.0000000,0.0000000,1,0,1,1
758622517229916 D 3174,4034336339,1000,1545,1545,2.3700004,-0.00209,-1,-1,-1,0,0,0,136,1,1,131,0.0049125,0.0000000,0.0000000,1,0,1,1
758622518213958 D 3175,4034337339,1000,1545,1545,2.3700004,-0.00201,-1,-1,-1,0,0,0,136,1,1,131,0.0049125,0.0000000,0.0000000,1,0,1,1
758622519226458 D 3176,4034338339,1000,1545,1545,2.3700004,-0.00193,-1,-1,-1,0,0,0,136,1,1,131,0.0049125,0.0000000,0.0000000,1,0,1,1
758622520222833 D 3177,4034339339,1000,1545,1545,2.3700004,-0.00186,-1,-1,-1,0,0,0,136,1,1,131,0.0049125,0.0000000,0.0000000,1,0,1,1
758622521235083 D 3178,4034340339,1000,1545,1545,2.3700004,-0.00178,-1,-1,-1,0,0,0,136,1,1,131,0.0049125,0.0000000,0.0000000,1,0,1,1
758622522224916 D 3179,4034341339,1000,1545,1545,2.3700004,-0.00171,-1,-1,-1,0,0,0,136,1,1,131,0.0049125,0.0000000,0.0000000,1,0,1,1
758622523219291 D 3180,4034342339,1000,1545,1545,2.3700004,-0.00165,-1,-1,-1,0,0,0,136,1,1,131,0.0049125,0.0000000,0.0000000,1,0,1,1
758622524224708 D 3181,4034343339,1000,1545,1545,2.3700004,-0.00158,-1,-1,-1,0,0,0,136,1,1,131,0.0049125,0.0000000,0.0000000,1,0,1,1
758622525223041 D 3182,4034344339,1000,1545,1545,2.3700004,-0.00152,-1,-1,-1,0,0,0,136,1,1,131,0.0049125,0.0000000,0.0000000,1,0,1,1
758622526212291 D 3183,4034345339,1000,1545,1545,2.3700004,-0.00146,-1,-1,-1,0,0,0,136,1,1,131,0.0049125,0.0000000,0.0000000,1,0,1,1
758622527223000 D 3184,4034346339,1000,1545,1545,2.3700004,-0.00140,-1,-1,-1,0,0,0,136,1,1,131,0.0049125,0.0000000,0.0000000,1,0,1,1
758622528220666 D 3185,4034347339,1000,1545,1545,2.3700004,-0.00135,-1,-1,-1,0,0,0,136,1,1,131,0.0049125,0.0000000,0.0000000,1,0,1,1
758622529213791 D 3186,4034348339,1000,1545,1545,2.3700004,-0.00129,-1,-1,-1,0,0,0,136,1,1,131,0.0049125,0.0000000,0.0000000,1,0,1,1
758622530210041 D 3187,4034349339,1000,1545,1545,2.3700004,-0.00124,-1,-1,-1,0,0,0,136,1,1,131,0.0049125,0.0000000,0.0000000,1,0,1,1
758622531435291 D 3188,4034350339,1000,1545,1545,2.3700004,-0.00119,-1,-1,-1,0,0,0,135,1,1,131,0.0049125,0.0000000,0.0000000,1,0,1,1
758622532480083 D 3189,4034351339,1000,1545,1545,2.3700004,-0.00115,-1,-1,-1,0,0,0,136,1,1,131,0.0049125,0.0000000,0.0000000,1,0,1,1
758622533865500 D 3190,4034352339,1000,1545,1545,2.3700004,-0.00110,39,126,2101,0,0,0,136,1,1,131,0.0049125,0.0000000,0.0000000,1,0,1,1
758622534721750 D 3191,4034353339,1000,1545,1545,2.3700004,-0.00106,-1,-1,-1,0,0,0,136,1,1,131,0.0049125,0.0000000,0.0000000,1,0,1,1
758622535589083 D 3192,4034354339,1000,1545,1545,2.3700004,-0.00102,-1,-1,-1,0,0,0,136,1,1,131,0.0049125,0.0000000,0.0000000,1,0,1,1
758622536231375 D 3193,4034355339,1000,1545,1545,2.3700004,-0.00098,-1,-1,-1,0,0,0,136,1,1,131,0.0049125,0.0000000,0.0000000,1,0,1,1
758622537246625 D 3194,4034356339,1000,1545,1545,2.3700004,-0.00094,-1,-1,-1,0,0,0,136,1,1,131,0.0049125,0.0000000,0.0000000,1,0,1,1
758622537436833 E 4034356436 END host_stop 0 0 0
