t_ms,mode,theta,theta_dot,x,v,accel,energy,z1,z2,agc,loop_us
130750.0,0.0,-3.1186,0.008,-0.08901,0.0,0.0,-1.0,0.0,0.0,99.0,484.0
130760.0,0.0,-3.1186,0.004,-0.08901,0.0,0.0,-1.0,0.0,0.0,99.0,491.0
130770.0,0.0,-3.1186,0.0,-0.08901,0.0,0.0,-1.0,0.0,0.0,99.0,477.0
130780.0,0.0,-3.1186,0.001,-0.08901,0.0,0.0,-1.0,0.0,0.0,99.0,484.0
130790.0,0.0,-3.1186,0.004,-0.08901,0.0,0.0,-1.0,0.0,0.0,99.0,484.0
130801.0,0.0,-3.1201,-0.002,-0.08901,0.0,0.0,-1.0,0.0,0.0,99.0,478.0
130811.0,0.0,-3.1186,0.002,-0.08901,0.0,0.0,-1.0,0.0,0.0,99.0,485.0
130821.0,0.0,-3.1186,0.0,-0.08901,0.0,0.0,-1.0,0.0,0.0,99.0,485.0
130831.0,0.0,-3.1186,-0.002,-0.08901,0.0,0.0,-1.0,0.0,0.0,99.0,478.0
130841.0,0.0,-3.1186,0.002,-0.08901,0.0,0.0,-1.0,0.0,0.0,99.0,492.0
130851.0,0.0,-3.1186,0.003,-0.08901,0.0,0.0,-1.0,0.0,0.0,99.0,485.0
130861.0,0.0,-3.1186,0.002,-0.08901,0.0,0.0,-1.0,0.0,0.0,99.0,485.0
130872.0,0.0,-3.1201,-0.004,-0.08901,0.0,0.0,-1.0,0.0,0.0,99.0,483.0
130882.0,0.0,-3.1186,0.0,-0.08901,0.0,0.0,-1.0,0.0,0.0,99.0,485.0
130892.0,0.0,-3.1186,0.001,-0.08901,0.0,0.0,-1.0,0.0,0.0,99.0,478.0
130902.0,0.0,-3.1186,-0.008,-0.08901,0.0,0.0,-1.0,0.0,0.0,99.0,491.0
130912.0,0.0,-3.1186,-0.0,-0.08901,0.0,0.0,-1.0,0.0,0.0,99.0,491.0
130922.0,0.0,-3.1201,-0.004,-0.08901,0.0,0.0,-1.0,0.0,0.0,99.0,477.0
130932.0,0.0,-3.1186,0.001,-0.08901,0.0,0.0,-1.0,0.0,0.0,99.0,478.0
130942.0,0.0,-3.1201,-0.004,-0.08901,0.0,0.0,-1.0,0.0,0.0,99.0,485.0
130953.0,0.0,-3.1201,-0.01,-0.08901,0.0,0.0,-1.0,0.0,0.0,99.0,483.0
130963.0,0.0,-3.1186,-0.003,-0.08901,0.0,0.0,-1.0,0.0,0.0,99.0,478.0
130973.0,0.0,-3.1186,-0.01,-0.08901,0.0,0.0,-1.0,0.0,0.0,99.0,492.0
130983.0,0.0,-3.1201,-0.017,-0.08901,0.0,0.0,-1.0,0.0,0.0,99.0,478.0
130993.0,0.0,-3.1201,-0.015,-0.08901,0.0,0.0,-1.0,0.0,0.0,99.0,477.0
131003.0,0.0,-3.1201,-0.02,-0.08901,0.0,0.0,-1.0,0.0,0.0,99.0,485.0
131013.0,0.0,-3.1201,-0.02,-0.08901,0.0,0.0,-1.0,0.0,0.0,99.0,484.0
131024.0,0.0,-3.1201,-0.018,-0.08901,0.0,0.0,-1.0,0.0,0.0,99.0,485.0
131034.0,0.0,-3.1201,-0.013,-0.08901,0.0,0.0,-1.0,0.0,0.0,99.0,485.0
131044.0,0.0,-3.1201,-0.008,-0.08901,0.0,0.0,-1.0,0.0,0.0,99.0,477.0
131054.0,0.0,-3.1201,-0.005,-0.08901,0.0,0.0,-1.0,0.0,0.0,99.0,485.0
131079.0,0.0,-3.1201,-0.002,-0.08901,0.0,0.0,-1.0,0.0,0.0,99.0,611.0
131089.0,0.0,-3.1201,-0.001,-0.08901,0.0,0.0,-1.0,0.0,0.0,99.0,492.0
131099.0,0.0,-3.1201,-0.001,-0.08901,0.0,0.0,-1.0,0.0,0.0,99.0,485.0
131110.0,0.0,-3.1201,-0.003,-0.08901,0.0,0.0,-1.0,0.0,0.0,99.0,485.0
131120.0,0.0,-3.1201,-0.0,-0.08901,0.0,0.0,-1.0,0.0,0.0,99.0,485.0
131130.0,0.0,-3.1201,0.001,-0.08901,0.0,0.0,-1.0,0.0,0.0,99.0,484.0
131140.0,0.0,-3.1201,0.001,-0.08901,0.0,0.0,-1.0,0.0,0.0,99.0,478.0
131150.0,0.0,-3.1201,0.001,-0.08901,0.0,0.0,-1.0,0.0,0.0,99.0,485.0
131160.0,0.0,-3.1201,0.0,-0.08901,0.0,0.0,-1.0,0.0,0.0,99.0,492.0
131170.0,0.0,-3.1201,0.0,-0.08901,0.0,0.0,-1.0,0.0,0.0,99.0,483.0
131180.0,0.0,-3.1201,0.0,-0.08901,0.0,0.0,-1.0,0.0,0.0,99.0,478.0
131190.0,0.0,-3.1201,0.0,-0.08901,0.0,0.0,-1.0,0.0,0.0,99.0,492.0
131201.0,0.0,-3.1201,0.005,-0.08901,0.0,0.0,-1.0,0.0,0.0,99.0,484.0
131211.0,0.0,-3.1186,0.014,-0.08901,0.0,0.0,-1.0,0.0,0.0,99.0,477.0
131221.0,0.0,-3.1186,0.028,-0.08901,0.0,0.0,-1.0,0.0,0.0,99.0,478.0
131231.0,0.0,-3.1186,0.025,-0.08901,0.0,0.0,-1.0,0.0,0.0,99.0,492.0
131241.0,0.0,-3.1201,0.019,-0.08901,0.0,0.0,-1.0,0.0,0.0,99.0,491.0
131252.0,0.0,-3.1186,0.018,-0.08901,0.0,0.0,-1.0,0.0,0.0,99.0,485.0
131262.0,0.0,-3.1186,0.014,-0.08901,0.0,0.0,-1.0,0.0,0.0,99.0,485.0
131272.0,0.0,-3.1186,0.009,-0.08901,0.0,0.0,-1.0,0.0,0.0,99.0,478.0
131282.0,0.0,-3.1186,0.006,-0.08901,0.0,0.0,-1.0,0.0,0.0,99.0,485.0
131292.0,0.0,-3.117,0.019,-0.08901,0.0,0.0,-1.0,0.0,0.0,99.0,478.0
131302.0,0.0,-3.117,0.022,-0.08901,0.0,0.0,-1.0,0.0,0.0,99.0,485.0
131313.0,0.0,-3.117,0.025,-0.08901,0.0,0.0,-1.0,0.0,0.0,99.0,477.0
131323.0,0.0,-3.117,0.024,-0.08901,0.0,0.0,-1.0,0.0,0.0,99.0,492.0
131333.0,0.0,-3.117,0.021,-0.08901,0.0,0.0,-1.0,0.0,0.0,99.0,484.0
131343.0,0.0,-3.117,0.016,-0.08901,0.0,0.0,-1.0,0.0,0.0,99.0,492.0
131353.0,0.0,-3.117,0.01,-0.08901,0.0,0.0,-1.0,0.0,0.0,99.0,477.0
131363.0,0.0,-3.117,0.005,-0.08901,0.0,0.0,-1.0,0.0,0.0,99.0,485.0
131374.0,0.0,-3.117,0.005,-0.08901,0.0,0.0,-1.0,0.0,0.0,99.0,485.0
131384.0,0.0,-3.117,0.003,-0.08901,0.0,0.0,-1.0,0.0,0.0,99.0,478.0
131394.0,0.0,-3.117,-0.002,-0.08901,0.0,0.0,-1.0,0.0,0.0,99.0,483.0
131404.0,0.0,-3.117,-0.0,-0.08901,0.0,0.0,-1.0,0.0,0.0,99.0,478.0
131414.0,0.0,-3.1186,-0.003,-0.08901,0.0,0.0,-1.0,0.0,0.0,99.0,485.0
131424.0,0.0,-3.117,0.002,-0.08901,0.0,0.0,-1.0,0.0,0.0,99.0,491.0
131434.0,0.0,-3.1186,-0.019,-0.08901,0.0,0.0,-1.0,0.0,0.0,99.0,491.0
131445.0,0.0,-3.1186,-0.031,-0.08901,0.0,0.0,-1.0,0.0,0.0,99.0,485.0
131455.0,0.0,-3.1186,-0.029,-0.08901,0.0,0.0,-1.0,0.0,0.0,99.0,485.0
131465.0,0.0,-3.1186,-0.022,-0.08901,0.0,0.0,-1.0,0.0,0.0,99.0,485.0
131475.0,0.0,-3.1186,-0.015,-0.08901,0.0,0.0,-1.0,0.0,0.0,99.0,478.0
131485.0,0.0,-3.1186,-0.01,-0.08901,0.0,0.0,-1.0,0.0,0.0,99.0,485.0
131495.0,0.0,-3.1201,-0.015,-0.08901,0.0,0.0,-1.0,0.0,0.0,99.0,477.0
131505.0,0.0,-3.1186,-0.009,-0.08901,0.0,0.0,-1.0,0.0,0.0,99.0,491.0
131515.0,0.0,-3.1201,-0.007,-0.08901,0.0,0.0,-1.0,0.0,0.0,99.0,478.0
131526.0,0.0,-3.1201,-0.03,-0.08901,0.0,0.0,-1.0,0.0,0.0,99.0,477.0
131536.0,0.0,-3.1201,-0.03,-0.08901,0.0,0.0,-1.0,0.0,0.0,99.0,477.0
131546.0,0.0,-3.1201,-0.026,-0.08901,0.0,0.0,-1.0,0.0,0.0,99.0,477.0
131556.0,0.0,-3.1201,-0.019,-0.08901,0.0,0.0,-1.0,0.0,0.0,99.0,485.0
131566.0,0.0,-3.1201,-0.015,-0.08901,0.0,0.0,-1.0,0.0,0.0,99.0,485.0
131576.0,0.0,-3.1201,-0.006,-0.08901,0.0,0.0,-1.0,0.0,0.0,99.0,485.0
131587.0,0.0,-3.1201,-0.006,-0.08901,0.0,0.0,-1.0,0.0,0.0,99.0,477.0
131597.0,0.0,-3.1201,-0.005,-0.08901,0.0,0.0,-1.0,0.0,0.0,99.0,484.0
131607.0,0.0,-3.1201,-0.003,-0.08901,0.0,0.0,-1.0,0.0,0.0,99.0,485.0
131617.0,0.0,-3.1201,-0.006,-0.08901,0.0,0.0,-1.0,0.0,0.0,99.0,485.0
131627.0,0.0,-3.1201,-0.002,-0.08901,0.0,0.0,-1.0,0.0,0.0,99.0,483.0
131638.0,0.0,-3.1201,-0.0,-0.08901,0.0,0.0,-1.0,0.0,0.0,99.0,477.0
131648.0,0.0,-3.1201,0.0,-0.08901,0.0,0.0,-1.0,0.0,0.0,99.0,485.0
131658.0,0.0,-3.1201,0.0,-0.08901,0.0,0.0,-1.0,0.0,0.0,99.0,478.0
131668.0,0.0,-3.1201,0.0,-0.08901,0.0,0.0,-1.0,0.0,0.0,99.0,478.0
131678.0,0.0,-3.1201,0.007,-0.08901,0.0,0.0,-1.0,0.0,0.0,99.0,484.0
131689.0,0.0,-3.1201,0.005,-0.08901,0.0,0.0,-1.0,0.0,0.0,99.0,477.0
131699.0,0.0,-3.1201,0.015,-0.08901,0.0,0.0,-1.0,0.0,0.0,99.0,485.0
131709.0,0.0,-3.1186,0.024,-0.08901,0.0,0.0,-1.0,0.0,0.0,99.0,485.0
131719.0,0.0,-3.1186,0.026,-0.08901,0.0,0.0,-1.0,0.0,0.0,99.0,478.0
131729.0,0.0,-3.1186,0.022,-0.08901,0.0,0.0,-1.0,0.0,0.0,99.0,485.0
131739.0,0.0,-3.1186,0.018,-0.08901,0.0,0.0,-1.0,0.0,0.0,99.0,491.0
131750.0,0.0,-3.1186,0.013,-0.08901,0.0,0.0,-1.0,0.0,0.0,99.0,491.0
131760.0,0.0,-3.1186,0.008,-0.08901,0.0,0.0,-1.0,0.0,0.0,99.0,485.0
131770.0,0.0,-3.1186,0.009,-0.08901,0.0,0.0,-1.0,0.0,0.0,99.0,483.0
131781.0,0.0,-3.1186,0.003,-0.08901,0.0,0.0,-1.0,0.0,0.0,99.0,485.0
131791.0,0.0,-3.1186,0.008,-0.08901,0.0,0.0,-1.0,0.0,0.0,99.0,492.0
131801.0,0.0,-3.1186,0.005,-0.08901,0.0,0.0,-1.0,0.0,0.0,99.0,485.0
131811.0,0.0,-3.117,0.014,-0.08901,0.0,0.0,-1.0,0.0,0.0,99.0,477.0
131821.0,0.0,-3.117,0.012,-0.08901,0.0,0.0,-1.0,0.0,0.0,99.0,478.0
131831.0,0.0,-3.1186,0.013,-0.08901,0.0,0.0,-1.0,0.0,0.0,99.0,485.0
131841.0,0.0,-3.1186,0.015,-0.08901,0.0,0.0,-1.0,0.0,0.0,99.0,478.0
131852.0,0.0,-3.1186,0.008,-0.08901,0.0,0.0,-1.0,0.0,0.0,99.0,485.0
131862.0,0.0,-3.117,0.01,-0.08901,0.0,0.0,-1.0,0.0,0.0,99.0,478.0
131872.0,0.0,-3.1186,-0.002,-0.08901,0.0,0.0,-1.0,0.0,0.0,99.0,482.0
131882.0,0.0,-3.1186,-0.011,-0.08901,0.0,0.0,-1.0,0.0,0.0,99.0,485.0
131892.0,0.0,-3.1186,-0.012,-0.08901,0.0,0.0,-1.0,0.0,0.0,99.0,492.0
131902.0,0.0,-3.1186,-0.017,-0.08901,0.0,0.0,-1.0,0.0,0.0,99.0,477.0
131912.0,0.0,-3.1186,-0.015,-0.08901,0.0,0.0,-1.0,0.0,0.0,99.0,478.0
131923.0,0.0,-3.1186,-0.011,-0.08901,0.0,0.0,-1.0,0.0,0.0,99.0,485.0
131933.0,0.0,-3.1186,-0.007,-0.08901,0.0,0.0,-1.0,0.0,0.0,99.0,478.0
131943.0,0.0,-3.1186,-0.004,-0.08901,0.0,0.0,-1.0,0.0,0.0,99.0,485.0
131953.0,0.0,-3.1186,-0.006,-0.08901,0.0,0.0,-1.0,0.0,0.0,99.0,484.0
131963.0,0.0,-3.1186,-0.01,-0.08901,0.0,0.0,-1.0,0.0,0.0,99.0,485.0
131974.0,0.0,-3.1186,-0.005,-0.08901,0.0,0.0,-1.0,0.0,0.0,99.0,478.0
131984.0,0.0,-3.1201,-0.016,-0.08901,0.0,0.0,-1.0,0.0,0.0,99.0,477.0
131994.0,0.0,-3.1201,-0.024,-0.08901,0.0,0.0,-1.0,0.0,0.0,99.0,485.0
132004.0,0.0,-3.1186,-0.011,-0.08901,0.0,0.0,-1.0,0.0,0.0,99.0,484.0
132014.0,0.0,-3.1201,-0.014,-0.08901,0.0,0.0,-1.0,0.0,0.0,99.0,478.0
132025.0,0.0,-3.1201,-0.018,-0.08901,0.0,0.0,-1.0,0.0,0.0,99.0,477.0
132035.0,0.0,-3.1201,-0.015,-0.08901,0.0,0.0,-1.0,0.0,0.0,99.0,491.0
132045.0,0.0,-3.1201,-0.01,-0.08901,0.0,0.0,-1.0,0.0,0.0,99.0,485.0
132055.0,0.0,-3.1201,-0.007,-0.08901,0.0,0.0,-1.0,0.0,0.0,99.0,491.0
132065.0,0.0,-3.1201,-0.004,-0.08901,0.0,0.0,-1.0,0.0,0.0,99.0,484.0
132076.0,0.0,-3.1201,-0.003,-0.08901,0.0,0.0,-1.0,0.0,0.0,99.0,478.0
132086.0,0.0,-3.1201,-0.002,-0.08901,0.0,0.0,-1.0,0.0,0.0,99.0,485.0
132096.0,0.0,-3.1201,-0.001,-0.08901,0.0,0.0,-1.0,0.0,0.0,99.0,485.0
132106.0,0.0,-3.1201,-0.001,-0.08901,0.0,0.0,-1.0,0.0,0.0,99.0,492.0
132116.0,0.0,-3.1201,-0.0,-0.08901,0.0,0.0,-1.0,0.0,0.0,99.0,491.0
132127.0,0.0,-3.1201,-0.0,-0.08901,0.0,0.0,-1.0,0.0,0.0,99.0,485.0
132137.0,0.0,-3.1201,-0.0,-0.08901,0.0,0.0,-1.0,0.0,0.0,99.0,478.0
132147.0,0.0,-3.1201,-0.0,-0.08901,0.0,0.0,-1.0,0.0,0.0,99.0,485.0
132157.0,0.0,-3.1201,0.001,-0.08901,0.0,0.0,-1.0,0.0,0.0,99.0,478.0
132167.0,0.0,-3.1186,0.015,-0.08901,0.0,0.0,-1.0,0.0,0.0,99.0,485.0
132178.0,0.0,-3.1186,0.023,-0.08901,0.0,0.0,-1.0,0.0,0.0,99.0,478.0
132188.0,0.0,-3.1186,0.022,-0.08901,0.0,0.0,-1.0,0.0,0.0,99.0,485.0
132198.0,0.0,-3.1186,0.018,-0.08901,0.0,0.0,-1.0,0.0,0.0,99.0,478.0
132208.0,0.0,-3.1186,0.02,-0.08901,0.0,0.0,-1.0,0.0,0.0,99.0,485.0
132218.0,0.0,-3.1201,0.013,-0.08901,0.0,0.0,-1.0,0.0,0.0,99.0,478.0
132229.0,0.0,-3.1186,0.013,-0.08901,0.0,0.0,-1.0,0.0,0.0,99.0,477.0
132239.0,0.0,-3.1186,0.01,-0.08901,0.0,0.0,-1.0,0.0,0.0,99.0,485.0
132249.0,0.0,-3.1186,0.007,-0.08901,0.0,0.0,-1.0,0.0,0.0,99.0,478.0
132259.0,0.0,-3.1186,0.005,-0.08901,0.0,0.0,-1.0,0.0,0.0,99.0,478.0
132269.0,0.0,-3.1186,0.007,-0.08901,0.0,0.0,-1.0,0.0,0.0,99.0,485.0
132279.0,0.0,-3.1186,0.002,-0.08901,0.0,0.0,-1.0,0.0,0.0,99.0,478.0
132289.0,0.0,-3.1186,0.003,-0.08901,0.0,0.0,-1.0,0.0,0.0,99.0,485.0
132299.0,0.0,-3.1186,-0.0,-0.08901,0.0,0.0,-1.0,0.0,0.0,99.0,484.0
132310.0,0.0,-3.1186,-0.001,-0.08901,0.0,0.0,-1.0,0.0,0.0,99.0,485.0
132320.0,0.0,-3.1186,-0.001,-0.08901,0.0,0.0,-1.0,0.0,0.0,99.0,485.0
132330.0,0.0,-3.1186,-0.001,-0.08901,0.0,0.0,-1.0,0.0,0.0,99.0,485.0
132340.0,0.0,-3.1186,-0.001,-0.08901,0.0,0.0,-1.0,0.0,0.0,99.0,485.0
132351.0,0.0,-3.1186,-0.0,-0.08901,0.0,0.0,-1.0,0.0,0.0,99.0,478.0
132361.0,0.0,-3.1186,-0.0,-0.08901,0.0,0.0,-1.0,0.0,0.0,99.0,478.0
132371.0,0.0,-3.1186,-0.0,-0.08901,0.0,0.0,-1.0,0.0,0.0,99.0,478.0
132381.0,0.0,-3.1186,-0.0,-0.08901,0.0,0.0,-1.0,0.0,0.0,99.0,485.0
132391.0,0.0,-3.1186,-0.0,-0.08901,0.0,0.0,-1.0,0.0,0.0,99.0,478.0
132401.0,0.0,-3.1186,0.0,-0.08901,0.0,0.0,-1.0,0.0,0.0,99.0,492.0
132412.0,0.0,-3.1186,-0.003,-0.08901,0.0,0.0,-1.0,0.0,0.0,99.0,491.0
132422.0,0.0,-3.1186,-0.001,-0.08901,0.0,0.0,-1.0,0.0,0.0,99.0,485.0
132432.0,0.0,-3.1186,-0.018,-0.08901,0.0,0.0,-1.0,0.0,0.0,99.0,492.0
132442.0,0.0,-3.1186,-0.016,-0.08901,0.0,0.0,-1.0,0.0,0.0,99.0,478.0
132453.0,0.0,-3.1186,-0.013,-0.08901,0.0,0.0,-1.0,0.0,0.0,99.0,477.0
132463.0,0.0,-3.1201,-0.016,-0.08901,0.0,0.0,-1.0,0.0,0.0,99.0,492.0
132473.0,0.0,-3.1186,-0.009,-0.08901,0.0,0.0,-1.0,0.0,0.0,99.0,490.0
132483.0,0.0,-3.1201,-0.014,-0.08901,0.0,0.0,-1.0,0.0,0.0,99.0,485.0
132493.0,0.0,-3.1201,-0.015,-0.08901,0.0,0.0,-1.0,0.0,0.0,99.0,478.0
132503.0,0.0,-3.1201,-0.007,-0.08901,0.0,0.0,-1.0,0.0,0.0,99.0,491.0
132514.0,0.0,-3.1201,-0.008,-0.08901,0.0,0.0,-1.0,0.0,0.0,99.0,485.0
132524.0,0.0,-3.1201,-0.006,-0.08901,0.0,0.0,-1.0,0.0,0.0,99.0,485.0
132534.0,0.0,-3.1201,-0.004,-0.08901,0.0,0.0,-1.0,0.0,0.0,99.0,485.0
132544.0,0.0,-3.1201,-0.003,-0.08901,0.0,0.0,-1.0,0.0,0.0,99.0,485.0
132554.0,0.0,-3.1201,-0.002,-0.08901,0.0,0.0,-1.0,0.0,0.0,99.0,478.0
132565.0,0.0,-3.1201,-0.001,-0.08901,0.0,0.0,-1.0,0.0,0.0,99.0,485.0
132575.0,0.0,-3.1201,-0.001,-0.08901,0.0,0.0,-1.0,0.0,0.0,99.0,485.0
132585.0,0.0,-3.1201,-0.0,-0.08901,0.0,0.0,-1.0,0.0,0.0,99.0,485.0
132595.0,0.0,-3.1201,0.005,-0.08901,0.0,0.0,-1.0,0.0,0.0,99.0,491.0
132605.0,0.0,-3.1201,0.001,-0.08901,0.0,0.0,-1.0,0.0,0.0,99.0,477.0
132615.0,0.0,-3.1201,-0.001,-0.08901,0.0,0.0,-1.0,0.0,0.0,99.0,485.0
132625.0,0.0,-3.1201,0.005,-0.08901,0.0,0.0,-1.0,0.0,0.0,99.0,491.0
132635.0,0.0,-3.1201,0.009,-0.08901,0.0,0.0,-1.0,0.0,0.0,99.0,477.0
132646.0,0.0,-3.1201,0.002,-0.08901,0.0,0.0,-1.0,0.0,0.0,99.0,477.0
132656.0,0.0,-3.1201,0.009,-0.08901,0.0,0.0,-1.0,0.0,0.0,99.0,485.0
132666.0,0.0,-3.1201,0.014,-0.08901,0.0,0.0,-1.0,0.0,0.0,99.0,492.0
132676.0,0.0,-3.1201,0.012,-0.08901,0.0,0.0,-1.0,0.0,0.0,99.0,478.0
132686.0,0.0,-3.1186,0.014,-0.08901,0.0,0.0,-1.0,0.0,0.0,99.0,485.0
132697.0,0.0,-3.1201,0.004,-0.08901,0.0,0.0,-1.0,0.0,0.0,99.0,477.0
132707.0,0.0,-3.1186,0.007,-0.08901,0.0,0.0,-1.0,0.0,0.0,99.0,484.0
132717.0,0.0,-3.1186,0.007,-0.08901,0.0,0.0,-1.0,0.0,0.0,99.0,492.0
132727.0,0.0,-3.1186,0.014,-0.08901,0.0,0.0,-1.0,0.0,0.0,99.0,477.0
132737.0,0.0,-3.1186,0.004,-0.08901,0.0,0.0,-1.0,0.0,0.0,99.0,491.0
132747.0,0.0,-3.1186,0.01,-0.08901,0.0,0.0,-1.0,0.0,0.0,99.0,478.0
132758.0,0.0,-3.1186,0.009,-0.08901,0.0,0.0,-1.0,0.0,0.0,99.0,478.0
132768.0,0.0,-3.1186,0.007,-0.08901,0.0,0.0,-1.0,0.0,0.0,99.0,477.0
132778.0,0.0,-3.1186,0.005,-0.08901,0.0,0.0,-1.0,0.0,0.0,99.0,484.0
132788.0,0.0,-3.1186,0.003,-0.08901,0.0,0.0,-1.0,0.0,0.0,99.0,484.0
132799.0,0.0,-3.1186,-0.001,-0.08901,0.0,0.0,-1.0,0.0,0.0,99.0,485.0
132809.0,0.0,-3.1186,0.001,-0.08901,0.0,0.0,-1.0,0.0,0.0,99.0,485.0
132819.0,0.0,-3.1186,0.001,-0.08901,0.0,0.0,-1.0,0.0,0.0,99.0,492.0
132829.0,0.0,-3.1186,-0.001,-0.08901,0.0,0.0,-1.0,0.0,0.0,99.0,483.0
132839.0,0.0,-3.1186,0.001,-0.08901,0.0,0.0,-1.0,0.0,0.0,99.0,485.0
132849.0,0.0,-3.1186,0.001,-0.08901,0.0,0.0,-1.0,0.0,0.0,99.0,485.0
132860.0,0.0,-3.1186,0.001,-0.08901,0.0,0.0,-1.0,0.0,0.0,99.0,485.0
132870.0,0.0,-3.1186,-0.002,-0.08901,0.0,0.0,-1.0,0.0,0.0,99.0,485.0
132880.0,0.0,-3.1201,-0.007,-0.08901,0.0,0.0,-1.0,0.0,0.0,99.0,485.0
132890.0,0.0,-3.1186,-0.005,-0.08901,0.0,0.0,-1.0,0.0,0.0,99.0,485.0
132900.0,0.0,-3.1186,-0.001,-0.08901,0.0,0.0,-1.0,0.0,0.0,99.0,485.0
132910.0,0.0,-3.1186,-0.003,-0.08901,0.0,0.0,-1.0,0.0,0.0,99.0,477.0
132921.0,0.0,-3.1186,-0.015,-0.08901,0.0,0.0,-1.0,0.0,0.0,99.0,477.0
132931.0,0.0,-3.1201,-0.007,-0.08901,0.0,0.0,-1.0,0.0,0.0,99.0,485.0
132941.0,0.0,-3.1201,-0.003,-0.08901,0.0,0.0,-1.0,0.0,0.0,99.0,485.0
132951.0,0.0,-3.1186,0.004,-0.08901,0.0,0.0,-1.0,0.0,0.0,99.0,477.0
132962.0,0.0,-3.1186,0.0,-0.08901,0.0,0.0,-1.0,0.0,0.0,99.0,477.0
132972.0,0.0,-3.1186,-0.009,-0.08901,0.0,0.0,-1.0,0.0,0.0,99.0,485.0
132982.0,0.0,-3.1186,-0.013,-0.08901,0.0,0.0,-1.0,0.0,0.0,99.0,492.0
132992.0,0.0,-3.1201,-0.018,-0.08901,0.0,0.0,-1.0,0.0,0.0,99.0,485.0
133002.0,0.0,-3.1186,-0.006,-0.08901,0.0,0.0,-1.0,0.0,0.0,99.0,477.0
133013.0,0.0,-3.1186,-0.001,-0.08901,0.0,0.0,-1.0,0.0,0.0,99.0,477.0
133023.0,0.0,-3.1201,-0.007,-0.08901,0.0,0.0,-1.0,0.0,0.0,99.0,492.0
133033.0,0.0,-3.1186,0.002,-0.08901,0.0,0.0,-1.0,0.0,0.0,99.0,485.0
133043.0,0.0,-3.1186,0.01,-0.08901,0.0,0.0,-1.0,0.0,0.0,99.0,492.0
133053.0,0.0,-3.1201,-0.005,-0.08901,0.0,0.0,-1.0,0.0,0.0,99.0,485.0
133064.0,0.0,-3.1201,-0.005,-0.08901,0.0,0.0,-1.0,0.0,0.0,99.0,485.0
133074.0,0.0,-3.1201,0.004,-0.08901,0.0,0.0,-1.0,0.0,0.0,99.0,485.0
133084.0,0.0,-3.1186,0.011,-0.08901,0.0,0.0,-1.0,0.0,0.0,99.0,485.0
133094.0,0.0,-3.1201,0.009,-0.08901,0.0,0.0,-1.0,0.0,0.0,99.0,485.0
133104.0,0.0,-3.1201,0.01,-0.08901,0.0,0.0,-1.0,0.0,0.0,99.0,477.0
133114.0,0.0,-3.1201,0.011,-0.08901,0.0,0.0,-1.0,0.0,0.0,99.0,484.0
133125.0,0.0,-3.1186,0.009,-0.08901,0.0,0.0,-1.0,0.0,0.0,99.0,477.0
133135.0,0.0,-3.1186,0.016,-0.08901,0.0,0.0,-1.0,0.0,0.0,99.0,485.0
133145.0,0.0,-3.1186,0.006,-0.08901,0.0,0.0,-1.0,0.0,0.0,99.0,491.0
133155.0,0.0,-3.1186,0.007,-0.08901,0.0,0.0,-1.0,0.0,0.0,99.0,491.0
133165.0,0.0,-3.1186,0.011,-0.08901,0.0,0.0,-1.0,0.0,0.0,99.0,477.0
133175.0,0.0,-3.1186,0.004,-0.08901,0.0,0.0,-1.0,0.0,0.0,99.0,485.0
133185.0,0.0,-3.1186,0.006,-0.08901,0.0,0.0,-1.0,0.0,0.0,99.0,484.0
133195.0,0.0,-3.1186,0.005,-0.08901,0.0,0.0,-1.0,0.0,0.0,99.0,492.0
133206.0,0.0,-3.1186,0.002,-0.08901,0.0,0.0,-1.0,0.0,0.0,99.0,477.0
133216.0,0.0,-3.1186,0.003,-0.08901,0.0,0.0,-1.0,0.0,0.0,99.0,492.0
133226.0,0.0,-3.1186,-0.003,-0.08901,0.0,0.0,-1.0,0.0,0.0,99.0,477.0
133236.0,0.0,-3.1201,-0.005,-0.08901,0.0,0.0,-1.0,0.0,0.0,99.0,484.0
133246.0,0.0,-3.1186,0.001,-0.08901,0.0,0.0,-1.0,0.0,0.0,99.0,484.0
133256.0,0.0,-3.1186,0.002,-0.08901,0.0,0.0,-1.0,0.0,0.0,99.0,485.0
133267.0,0.0,-3.1186,0.002,-0.08901,0.0,0.0,-1.0,0.0,0.0,99.0,478.0
133277.0,0.0,-3.1186,0.002,-0.08901,0.0,0.0,-1.0,0.0,0.0,99.0,478.0
133287.0,0.0,-3.1186,0.001,-0.08901,0.0,0.0,-1.0,0.0,0.0,99.0,477.0
133297.0,0.0,-3.1186,0.001,-0.08901,0.0,0.0,-1.0,0.0,0.0,99.0,478.0
133307.0,0.0,-3.1186,0.0,-0.08901,0.0,0.0,-1.0,0.0,0.0,99.0,485.0
133318.0,0.0,-3.1186,0.0,-0.08901,0.0,0.0,-1.0,0.0,0.0,99.0,478.0
133328.0,0.0,-3.1186,-0.002,-0.08901,0.0,0.0,-1.0,0.0,0.0,99.0,485.0
133338.0,0.0,-3.1186,0.0,-0.08901,0.0,0.0,-1.0,0.0,0.0,99.0,485.0
133348.0,0.0,-3.1186,-0.002,-0.08901,0.0,0.0,-1.0,0.0,0.0,99.0,477.0
133358.0,0.0,-3.1186,0.001,-0.08901,0.0,0.0,-1.0,0.0,0.0,99.0,478.0
133369.0,0.0,-3.1186,-0.004,-0.08901,0.0,0.0,-1.0,0.0,0.0,99.0,484.0
133379.0,0.0,-3.1201,-0.011,-0.08901,0.0,0.0,-1.0,0.0,0.0,99.0,492.0
133389.0,0.0,-3.1186,-0.007,-0.08901,0.0,0.0,-1.0,0.0,0.0,99.0,477.0
133399.0,0.0,-3.1201,-0.015,-0.08901,0.0,0.0,-1.0,0.0,0.0,99.0,477.0
133409.0,0.0,-3.1201,-0.007,-0.08901,0.0,0.0,-1.0,0.0,0.0,99.0,477.0
133419.0,0.0,-3.1201,-0.008,-0.08901,0.0,0.0,-1.0,0.0,0.0,99.0,485.0
133429.0,0.0,-3.1186,-0.007,-0.08901,0.0,0.0,-1.0,0.0,0.0,99.0,485.0
133439.0,0.0,-3.1201,-0.005,-0.08901,0.0,0.0,-1.0,0.0,0.0,99.0,484.0
133450.0,0.0,-3.1201,-0.014,-0.08901,0.0,0.0,-1.0,0.0,0.0,99.0,491.0
133460.0,0.0,-3.1201,-0.008,-0.08901,0.0,0.0,-1.0,0.0,0.0,99.0,485.0
133470.0,0.0,-3.1201,-0.006,-0.08901,0.0,0.0,-1.0,0.0,0.0,99.0,483.0
133480.0,0.0,-3.1186,-0.005,-0.08901,0.0,0.0,-1.0,0.0,0.0,99.0,478.0
133490.0,0.0,-3.1201,-0.013,-0.08901,0.0,0.0,-1.0,0.0,0.0,99.0,485.0
133501.0,0.0,-3.1201,-0.011,-0.08901,0.0,0.0,-1.0,0.0,0.0,99.0,485.0
133511.0,0.0,-3.1201,-0.004,-0.08901,0.0,0.0,-1.0,0.0,0.0,99.0,478.0
133521.0,0.0,-3.1186,0.007,-0.08901,0.0,0.0,-1.0,0.0,0.0,99.0,484.0
133531.0,0.0,-3.1201,0.008,-0.08901,0.0,0.0,-1.0,0.0,0.0,99.0,485.0
133542.0,0.0,-3.1201,-0.004,-0.08901,0.0,0.0,-1.0,0.0,0.0,99.0,485.0
133552.0,0.0,-3.1186,0.001,-0.08901,0.0,0.0,-1.0,0.0,0.0,99.0,492.0
133562.0,0.0,-3.1201,0.008,-0.08901,0.0,0.0,-1.0,0.0,0.0,99.0,485.0
133572.0,0.0,-3.1201,-0.004,-0.08901,0.0,0.0,-1.0,0.0,0.0,99.0,478.0
133583.0,0.0,-3.1186,0.004,-0.08901,0.0,0.0,-1.0,0.0,0.0,99.0,477.0
133593.0,0.0,-3.1186,0.009,-0.08901,0.0,0.0,-1.0,0.0,0.0,99.0,485.0
133603.0,0.0,-3.1186,0.006,-0.08901,0.0,0.0,-1.0,0.0,0.0,99.0,477.0
133613.0,0.0,-3.1186,0.013,-0.08901,0.0,0.0,-1.0,0.0,0.0,99.0,491.0
133623.0,0.0,-3.1186,0.015,-0.08901,0.0,0.0,-1.0,0.0,0.0,99.0,492.0
133634.0,0.0,-3.1186,-0.004,-0.08901,0.0,0.0,-1.0,0.0,0.0,99.0,478.0
133644.0,0.0,-3.1186,0.001,-0.08901,0.0,0.0,-1.0,0.0,0.0,99.0,485.0
133654.0,0.0,-3.1186,0.004,-0.08901,0.0,0.0,-1.0,0.0,0.0,99.0,477.0
133664.0,0.0,-3.1201,-0.007,-0.08901,0.0,0.0,-1.0,0.0,0.0,99.0,485.0
133674.0,0.0,-3.1201,0.003,-0.08901,0.0,0.0,-1.0,0.0,0.0,99.0,485.0
133684.0,0.0,-3.1186,0.007,-0.08901,0.0,0.0,-1.0,0.0,0.0,99.0,485.0
133694.0,0.0,-3.1186,0.007,-0.08901,0.0,0.0,-1.0,0.0,0.0,99.0,478.0
133705.0,0.0,-3.1186,0.005,-0.08901,0.0,0.0,-1.0,0.0,0.0,99.0,477.0
133715.0,0.0,-3.1186,0.007,-0.08901,0.0,0.0,-1.0,0.0,0.0,99.0,491.0
133725.0,0.0,-3.1186,0.004,-0.08901,0.0,0.0,-1.0,0.0,0.0,99.0,485.0
133735.0,0.0,-3.1186,-0.003,-0.08901,0.0,0.0,-1.0,0.0,0.0,99.0,491.0
133746.0,0.0,-3.1186,-0.002,-0.08901,0.0,0.0,-1.0,0.0,0.0,99.0,478.0
133756.0,0.0,-3.1201,-0.007,-0.08901,0.0,0.0,-1.0,0.0,0.0,99.0,485.0
133766.0,0.0,-3.1186,-0.0,-0.08901,0.0,0.0,-1.0,0.0,0.0,99.0,491.0
133776.0,0.0,-3.1186,0.012,-0.08901,0.0,0.0,-1.0,0.0,0.0,99.0,485.0
133786.0,0.0,-3.1201,-0.009,-0.08901,0.0,0.0,-1.0,0.0,0.0,99.0,484.0
133796.0,0.0,-3.1201,-0.006,-0.08901,0.0,0.0,-1.0,0.0,0.0,99.0,478.0
133806.0,0.0,-3.1186,0.003,-0.08901,0.0,0.0,-1.0,0.0,0.0,99.0,484.0
133817.0,0.0,-3.1201,-0.007,-0.08901,0.0,0.0,-1.0,0.0,0.0,99.0,485.0
133827.0,0.0,-3.1186,-0.006,-0.08901,0.0,0.0,-1.0,0.0,0.0,99.0,477.0
133837.0,0.0,-3.1186,-0.004,-0.08901,0.0,0.0,-1.0,0.0,0.0,99.0,485.0
133847.0,0.0,-3.1186,-0.002,-0.08901,0.0,0.0,-1.0,0.0,0.0,99.0,491.0
133858.0,0.0,-3.1201,-0.009,-0.08901,0.0,0.0,-1.0,0.0,0.0,99.0,478.0
133868.0,0.0,-3.1201,-0.004,-0.08901,0.0,0.0,-1.0,0.0,0.0,99.0,483.0
133878.0,0.0,-3.1201,-0.012,-0.08901,0.0,0.0,-1.0,0.0,0.0,99.0,477.0
133889.0,0.0,-3.1201,-0.009,-0.08901,0.0,0.0,-1.0,0.0,0.0,99.0,477.0
133899.0,0.0,-3.1201,-0.01,-0.08901,0.0,0.0,-1.0,0.0,0.0,99.0,485.0
133909.0,0.0,-3.1201,-0.008,-0.08901,0.0,0.0,-1.0,0.0,0.0,99.0,485.0
133919.0,0.0,-3.1201,-0.006,-0.08901,0.0,0.0,-1.0,0.0,0.0,99.0,477.0
133929.0,0.0,-3.1201,-0.003,-0.08901,0.0,0.0,-1.0,0.0,0.0,99.0,492.0
133939.0,0.0,-3.1186,-0.0,-0.08901,0.0,0.0,-1.0,0.0,0.0,99.0,485.0
133949.0,0.0,-3.1201,-0.004,-0.08901,0.0,0.0,-1.0,0.0,0.0,99.0,492.0
133960.0,0.0,-3.1186,0.006,-0.08901,0.0,0.0,-1.0,0.0,0.0,99.0,477.0
133970.0,0.0,-3.1201,-0.002,-0.08901,0.0,0.0,-1.0,0.0,0.0,99.0,477.0
133980.0,0.0,-3.1201,-0.004,-0.08901,0.0,0.0,-1.0,0.0,0.0,99.0,485.0
133990.0,0.0,-3.1201,0.0,-0.08901,0.0,0.0,-1.0,0.0,0.0,99.0,484.0
134000.0,0.0,-3.1201,-0.002,-0.08901,0.0,0.0,-1.0,0.0,0.0,99.0,477.0
134010.0,0.0,-3.1201,-0.002,-0.08901,0.0,0.0,-1.0,0.0,0.0,99.0,485.0
134021.0,0.0,-3.1201,-0.002,-0.08901,0.0,0.0,-1.0,0.0,0.0,99.0,485.0
134031.0,0.0,-3.1201,-0.001,-0.08901,0.0,0.0,-1.0,0.0,0.0,99.0,485.0
134041.0,0.0,-3.1201,0.005,-0.08901,0.0,0.0,-1.0,0.0,0.0,99.0,492.0
134051.0,0.0,-3.1201,0.007,-0.08901,0.0,0.0,-1.0,0.0,0.0,99.0,477.0
134061.0,0.0,-3.1186,0.01,-0.08901,0.0,0.0,-1.0,0.0,0.0,99.0,477.0
134071.0,0.0,-3.1201,-0.003,-0.08901,0.0,0.0,-1.0,0.0,0.0,99.0,492.0
134082.0,0.0,-3.1201,-0.001,-0.08901,0.0,0.0,-1.0,0.0,0.0,99.0,478.0
134092.0,0.0,-3.1201,-0.001,-0.08901,0.0,0.0,-1.0,0.0,0.0,99.0,479.0
134102.0,0.0,-3.1186,0.002,-0.08901,0.0,0.0,-1.0,0.0,0.0,99.0,477.0
134112.0,0.0,-3.1201,0.003,-0.08901,0.0,0.0,-1.0,0.0,0.0,99.0,485.0
134122.0,0.0,-3.1201,0.016,-0.08901,0.0,0.0,-1.0,0.0,0.0,99.0,485.0
134133.0,0.0,-3.1186,0.008,-0.08901,0.0,0.0,-1.0,0.0,0.0,99.0,485.0
134143.0,0.0,-3.1186,0.006,-0.08901,0.0,0.0,-1.0,0.0,0.0,99.0,485.0
134153.0,0.0,-3.1186,0.005,-0.08901,0.0,0.0,-1.0,0.0,0.0,99.0,484.0
134163.0,0.0,-3.1201,0.007,-0.08901,0.0,0.0,-1.0,0.0,0.0,99.0,483.0
134173.0,0.0,-3.1201,-0.006,-0.08901,0.0,0.0,-1.0,0.0,0.0,99.0,485.0
134184.0,0.0,-3.1201,-0.011,-0.08901,0.0,0.0,-1.0,0.0,0.0,99.0,478.0
134194.0,0.0,-3.1201,0.0,-0.08901,0.0,0.0,-1.0,0.0,0.0,99.0,485.0
134204.0,0.0,-3.1201,0.003,-0.08901,0.0,0.0,-1.0,0.0,0.0,99.0,492.0
134214.0,0.0,-3.1186,0.006,-0.08901,0.0,0.0,-1.0,0.0,0.0,99.0,485.0
134225.0,0.0,-3.1201,0.007,-0.08901,0.0,0.0,-1.0,0.0,0.0,99.0,485.0
134235.0,0.0,-3.1186,0.003,-0.08901,0.0,0.0,-1.0,0.0,0.0,99.0,484.0
134245.0,0.0,-3.1186,0.004,-0.08901,0.0,0.0,-1.0,0.0,0.0,99.0,485.0
134255.0,0.0,-3.1201,-0.004,-0.08901,0.0,0.0,-1.0,0.0,0.0,99.0,492.0
134265.0,0.0,-3.1186,-0.001,-0.08901,0.0,0.0,-1.0,0.0,0.0,99.0,484.0
134276.0,0.0,-3.1201,-0.01,-0.08901,0.0,0.0,-1.0,0.0,0.0,99.0,485.0
134286.0,0.0,-3.1201,-0.011,-0.08901,0.0,0.0,-1.0,0.0,0.0,99.0,486.0
134296.0,0.0,-3.1201,-0.007,-0.08901,0.0,0.0,-1.0,0.0,0.0,99.0,478.0
134306.0,0.0,-3.1201,-0.003,-0.08901,0.0,0.0,-1.0,0.0,0.0,99.0,477.0
134316.0,0.0,-3.1201,-0.008,-0.08901,0.0,0.0,-1.0,0.0,0.0,99.0,478.0
134327.0,0.0,-3.1201,-0.007,-0.08901,0.0,0.0,-1.0,0.0,0.0,99.0,485.0
134337.0,0.0,-3.1186,0.006,-0.08901,0.0,0.0,-1.0,0.0,0.0,99.0,491.0
134347.0,0.0,-3.1201,-0.003,-0.08901,0.0,0.0,-1.0,0.0,0.0,99.0,485.0
134357.0,0.0,-3.1186,0.002,-0.08901,0.0,0.0,-1.0,0.0,0.0,99.0,478.0
134368.0,0.0,-3.1201,0.005,-0.08901,0.0,0.0,-1.0,0.0,0.0,99.0,477.0
134378.0,0.0,-3.1201,-0.001,-0.08901,0.0,0.0,-1.0,0.0,0.0,99.0,484.0
134388.0,0.0,-3.1201,-0.005,-0.08901,0.0,0.0,-1.0,0.0,0.0,99.0,485.0
134398.0,0.0,-3.1201,-0.005,-0.08901,0.0,0.0,-1.0,0.0,0.0,99.0,485.0
134408.0,0.0,-3.1201,-0.003,-0.08901,0.0,0.0,-1.0,0.0,0.0,99.0,491.0
134419.0,0.0,-3.1201,-0.002,-0.08901,0.0,0.0,-1.0,0.0,0.0,99.0,477.0
134429.0,0.0,-3.1201,-0.002,-0.08901,0.0,0.0,-1.0,0.0,0.0,99.0,477.0
134439.0,0.0,-3.1201,-0.001,-0.08901,0.0,0.0,-1.0,0.0,0.0,99.0,485.0
134449.0,0.0,-3.1201,-0.001,-0.08901,0.0,0.0,-1.0,0.0,0.0,99.0,484.0
134459.0,0.0,-3.1201,-0.0,-0.08901,0.0,0.0,-1.0,0.0,0.0,99.0,477.0
134469.0,0.0,-3.1201,-0.0,-0.08901,0.0,0.0,-1.0,0.0,0.0,99.0,491.0
134479.0,0.0,-3.1201,0.005,-0.08901,0.0,0.0,-1.0,0.0,0.0,99.0,485.0
134489.0,0.0,-3.1201,0.001,-0.08901,0.0,0.0,-1.0,0.0,0.0,99.0,491.0
134500.0,0.0,-3.1201,0.004,-0.08901,0.0,0.0,-1.0,0.0,0.0,99.0,485.0
134510.0,0.0,-3.1201,0.006,-0.08901,0.0,0.0,-1.0,0.0,0.0,99.0,492.0
134520.0,0.0,-3.1186,0.006,-0.08901,0.0,0.0,-1.0,0.0,0.0,99.0,478.0
134531.0,0.0,-3.1186,0.006,-0.08901,0.0,0.0,-1.0,0.0,0.0,99.0,485.0
134541.0,0.0,-3.1201,0.007,-0.08901,0.0,0.0,-1.0,0.0,0.0,99.0,485.0
134551.0,0.0,-3.1201,0.005,-0.08901,0.0,0.0,-1.0,0.0,0.0,99.0,485.0
134561.0,0.0,-3.1186,0.001,-0.08901,0.0,0.0,-1.0,0.0,0.0,99.0,477.0
134571.0,0.0,-3.1201,0.003,-0.08901,0.0,0.0,-1.0,0.0,0.0,99.0,485.0
134582.0,0.0,-3.1201,-0.004,-0.08901,0.0,0.0,-1.0,0.0,0.0,99.0,483.0
134592.0,0.0,-3.1201,0.006,-0.08901,0.0,0.0,-1.0,0.0,0.0,99.0,478.0
134602.0,0.0,-3.1201,-0.001,-0.08901,0.0,0.0,-1.0,0.0,0.0,99.0,484.0
134612.0,0.0,-3.1201,-0.008,-0.08901,0.0,0.0,-1.0,0.0,0.0,99.0,478.0
134622.0,0.0,-3.1201,0.002,-0.08901,0.0,0.0,-1.0,0.0,0.0,99.0,478.0
134632.0,0.0,-3.1201,-0.007,-0.08901,0.0,0.0,-1.0,0.0,0.0,99.0,477.0
134642.0,0.0,-3.1201,-0.01,-0.08901,0.0,0.0,-1.0,0.0,0.0,99.0,485.0
134653.0,0.0,-3.1186,0.009,-0.08901,0.0,0.0,-1.0,0.0,0.0,99.0,477.0
134663.0,0.0,-3.1201,0.007,-0.08901,0.0,0.0,-1.0,0.0,0.0,99.0,485.0
134673.0,0.0,-3.1186,0.004,-0.08901,0.0,0.0,-1.0,0.0,0.0,99.0,478.0
134683.0,0.0,-3.1201,-0.0,-0.08901,0.0,0.0,-1.0,0.0,0.0,99.0,478.0
134694.0,0.0,-3.1201,-0.007,-0.08901,0.0,0.0,-1.0,0.0,0.0,99.0,485.0
134704.0,0.0,-3.1201,-0.008,-0.08901,0.0,0.0,-1.0,0.0,0.0,99.0,478.0
134714.0,0.0,-3.1201,0.013,-0.08901,0.0,0.0,-1.0,0.0,0.0,99.0,491.0
134724.0,0.0,-3.1201,0.009,-0.08901,0.0,0.0,-1.0,0.0,0.0,99.0,485.0
134735.0,0.0,-3.1201,-0.005,-0.08901,0.0,0.0,-1.0,0.0,0.0,99.0,482.0
134745.0,0.0,-3.1201,-0.009,-0.08901,0.0,0.0,-1.0,0.0,0.0,99.0,491.0
134755.0,0.0,-3.1186,-0.005,-0.08901,0.0,0.0,-1.0,0.0,0.0,99.0,478.0
134766.0,0.0,-3.1201,-0.003,-0.08901,0.0,0.0,-1.0,0.0,0.0,99.0,477.0
134776.0,0.0,-3.1201,-0.003,-0.08901,0.0,0.0,-1.0,0.0,0.0,99.0,477.0
134786.0,0.0,-3.1201,-0.005,-0.08901,0.0,0.0,-1.0,0.0,0.0,99.0,485.0
134796.0,0.0,-3.1186,0.002,-0.08901,0.0,0.0,-1.0,0.0,0.0,99.0,478.0
134806.0,0.0,-3.1186,0.006,-0.08901,0.0,0.0,-1.0,0.0,0.0,99.0,492.0
134816.0,0.0,-3.1201,-0.001,-0.08901,0.0,0.0,-1.0,0.0,0.0,99.0,484.0
134827.0,0.0,-3.1201,-0.006,-0.08901,0.0,0.0,-1.0,0.0,0.0,99.0,485.0
134837.0,0.0,-3.1186,0.003,-0.08901,0.0,0.0,-1.0,0.0,0.0,99.0,491.0
134847.0,0.0,-3.1201,-0.001,-0.08901,0.0,0.0,-1.0,0.0,0.0,99.0,485.0
134857.0,0.0,-3.1201,-0.005,-0.08901,0.0,0.0,-1.0,0.0,0.0,99.0,485.0
134868.0,0.0,-3.1201,-0.005,-0.08901,0.0,0.0,-1.0,0.0,0.0,99.0,485.0
134878.0,0.0,-3.1201,-0.004,-0.08901,0.0,0.0,-1.0,0.0,0.0,99.0,492.0
134888.0,0.0,-3.1201,-0.003,-0.08901,0.0,0.0,-1.0,0.0,0.0,99.0,477.0
134898.0,0.0,-3.1201,-0.002,-0.08901,0.0,0.0,-1.0,0.0,0.0,99.0,485.0
134908.0,0.0,-3.1201,0.009,-0.08901,0.0,0.0,-1.0,0.0,0.0,99.0,492.0
134918.0,0.0,-3.1186,0.01,-0.08901,0.0,0.0,-1.0,0.0,0.0,99.0,477.0
134928.0,0.0,-3.1201,0.001,-0.08901,0.0,0.0,-1.0,0.0,0.0,99.0,491.0
134938.0,0.0,-3.1201,-0.004,-0.08901,0.0,0.0,-1.0,0.0,0.0,99.0,484.0
134949.0,0.0,-3.1201,0.002,-0.08901,0.0,0.0,-1.0,0.0,0.0,99.0,485.0
134959.0,0.0,-3.1201,-0.004,-0.08901,0.0,0.0,-1.0,0.0,0.0,99.0,485.0
134969.0,0.0,-3.1201,-0.003,-0.08901,0.0,0.0,-1.0,0.0,0.0,99.0,483.0
134979.0,0.0,-3.1201,-0.004,-0.08901,0.0,0.0,-1.0,0.0,0.0,99.0,485.0
134989.0,0.0,-3.1201,-0.003,-0.08901,0.0,0.0,-1.0,0.0,0.0,99.0,484.0
134999.0,0.0,-3.1201,-0.002,-0.08901,0.0,0.0,-1.0,0.0,0.0,99.0,484.0
135010.0,0.0,-3.1201,-0.002,-0.08901,0.0,0.0,-1.0,0.0,0.0,99.0,477.0
135020.0,0.0,-3.1201,-0.001,-0.08901,0.0,0.0,-1.0,0.0,0.0,99.0,483.0
135030.0,0.0,-3.1201,-0.001,-0.08901,0.0,0.0,-1.0,0.0,0.0,99.0,485.0
135040.0,0.0,-3.1201,0.004,-0.08901,0.0,0.0,-1.0,0.0,0.0,99.0,484.0
135050.0,0.0,-3.1201,0.0,-0.08901,0.0,0.0,-1.0,0.0,0.0,99.0,485.0
135060.0,0.0,-3.1201,-0.001,-0.08901,0.0,0.0,-1.0,0.0,0.0,99.0,492.0
135070.0,0.0,-3.1201,0.0,-0.08901,0.0,0.0,-1.0,0.0,0.0,99.0,485.0
135080.0,0.0,-3.1201,0.003,-0.08901,0.0,0.0,-1.0,0.0,0.0,99.0,485.0
135091.0,0.0,-3.1186,0.005,-0.08901,0.0,0.0,-1.0,0.0,0.0,99.0,477.0
135101.0,0.0,-3.1201,0.003,-0.08901,0.0,0.0,-1.0,0.0,0.0,99.0,483.0
135111.0,0.0,-3.1201,0.001,-0.08901,0.0,0.0,-1.0,0.0,0.0,99.0,484.0
135121.0,0.0,-3.1186,0.003,-0.08901,0.0,0.0,-1.0,0.0,0.0,99.0,479.0
135131.0,0.0,-3.1201,0.003,-0.08901,0.0,0.0,-1.0,0.0,0.0,99.0,477.0
135141.0,0.0,-3.1201,0.002,-0.08901,0.0,0.0,-1.0,0.0,0.0,99.0,484.0
135151.0,0.0,-3.1201,0.006,-0.08901,0.0,0.0,-1.0,0.0,0.0,99.0,491.0
135162.0,0.0,-3.1201,0.013,-0.08901,0.0,0.0,-1.0,0.0,0.0,99.0,477.0
135172.0,0.0,-3.1201,0.0,-0.08901,0.0,0.0,-1.0,0.0,0.0,99.0,485.0
135182.0,0.0,-3.1201,-0.002,-0.08901,0.0,0.0,-1.0,0.0,0.0,99.0,485.0
135192.0,0.0,-3.1186,0.003,-0.08901,0.0,0.0,-1.0,0.0,0.0,99.0,478.0
135202.0,0.0,-3.1201,0.001,-0.08901,0.0,0.0,-1.0,0.0,0.0,99.0,485.0
135213.0,0.0,-3.1201,-0.004,-0.08901,0.0,0.0,-1.0,0.0,0.0,99.0,477.0
135223.0,0.0,-3.1201,-0.002,-0.08901,0.0,0.0,-1.0,0.0,0.0,99.0,485.0
135233.0,0.0,-3.1201,-0.006,-0.08901,0.0,0.0,-1.0,0.0,0.0,99.0,485.0
135243.0,0.0,-3.1201,-0.005,-0.08901,0.0,0.0,-1.0,0.0,0.0,99.0,484.0
135253.0,0.0,-3.1201,0.007,-0.08901,0.0,0.0,-1.0,0.0,0.0,99.0,485.0
135264.0,0.0,-3.1201,-0.002,-0.08901,0.0,0.0,-1.0,0.0,0.0,99.0,477.0
135274.0,0.0,-3.1201,0.006,-0.08901,0.0,0.0,-1.0,0.0,0.0,99.0,492.0
135284.0,0.0,-3.1201,-0.005,-0.08901,0.0,0.0,-1.0,0.0,0.0,99.0,477.0
135294.0,0.0,-3.1201,-0.004,-0.08901,0.0,0.0,-1.0,0.0,0.0,99.0,484.0
135304.0,0.0,-3.1201,-0.0,-0.08901,0.0,0.0,-1.0,0.0,0.0,99.0,485.0
135314.0,0.0,-3.1201,0.002,-0.08901,0.0,0.0,-1.0,0.0,0.0,99.0,485.0
135325.0,0.0,-3.1201,-0.001,-0.08901,0.0,0.0,-1.0,0.0,0.0,99.0,478.0
135335.0,0.0,-3.1186,0.003,-0.08901,0.0,0.0,-1.0,0.0,0.0,99.0,483.0
135345.0,0.0,-3.1201,-0.004,-0.08901,0.0,0.0,-1.0,0.0,0.0,99.0,484.0
135355.0,0.0,-3.1186,0.003,-0.08901,0.0,0.0,-1.0,0.0,0.0,99.0,478.0
135365.0,0.0,-3.1201,-0.003,-0.08901,0.0,0.0,-1.0,0.0,0.0,99.0,477.0
135375.0,0.0,-3.1201,-0.002,-0.08901,0.0,0.0,-1.0,0.0,0.0,99.0,478.0
135386.0,0.0,-3.1201,-0.0,-0.08901,0.0,0.0,-1.0,0.0,0.0,99.0,477.0
135396.0,0.0,-3.1201,-0.001,-0.08901,0.0,0.0,-1.0,0.0,0.0,99.0,478.0
135406.0,0.0,-3.1201,0.001,-0.08901,0.0,0.0,-1.0,0.0,0.0,99.0,478.0
135416.0,0.0,-3.1201,-0.003,-0.08901,0.0,0.0,-1.0,0.0,0.0,99.0,478.0
135426.0,0.0,-3.1201,0.002,-0.08901,0.0,0.0,-1.0,0.0,0.0,99.0,492.0
135436.0,0.0,-3.1201,-0.001,-0.08901,0.0,0.0,-1.0,0.0,0.0,99.0,483.0
135446.0,0.0,-3.1201,-0.004,-0.08901,0.0,0.0,-1.0,0.0,0.0,99.0,485.0
135457.0,0.0,-3.1201,0.005,-0.08901,0.0,0.0,-1.0,0.0,0.0,99.0,485.0
135467.0,0.0,-3.1186,0.008,-0.08901,0.0,0.0,-1.0,0.0,0.0,99.0,485.0
135477.0,0.0,-3.1201,0.005,-0.08901,0.0,0.0,-1.0,0.0,0.0,99.0,483.0
135487.0,0.0,-3.1201,-0.005,-0.08901,0.0,0.0,-1.0,0.0,0.0,99.0,478.0
135498.0,0.0,-3.1201,-0.002,-0.08901,0.0,0.0,-1.0,0.0,0.0,99.0,478.0
135508.0,0.0,-3.1186,0.0,-0.08901,0.0,0.0,-1.0,0.0,0.0,99.0,485.0
135518.0,0.0,-3.1186,0.012,-0.08901,0.0,0.0,-1.0,0.0,0.0,99.0,485.0
135528.0,0.0,-3.1201,0.006,-0.08901,0.0,0.0,-1.0,0.0,0.0,99.0,485.0
135538.0,0.0,-3.1186,0.006,-0.08901,0.0,0.0,-1.0,0.0,0.0,99.0,485.0
135549.0,0.0,-3.1201,0.001,-0.08901,0.0,0.0,-1.0,0.0,0.0,99.0,478.0
135559.0,0.0,-3.1201,0.002,-0.08901,0.0,0.0,-1.0,0.0,0.0,99.0,492.0
135569.0,0.0,-3.1201,0.014,-0.08901,0.0,0.0,-1.0,0.0,0.0,99.0,486.0
135579.0,0.0,-3.1201,0.001,-0.08901,0.0,0.0,-1.0,0.0,0.0,99.0,485.0
135589.0,0.0,-3.1201,0.001,-0.08901,0.0,0.0,-1.0,0.0,0.0,99.0,485.0
135599.0,0.0,-3.1201,-0.011,-0.08901,0.0,0.0,-1.0,0.0,0.0,99.0,484.0
135609.0,0.0,-3.1186,0.002,-0.08901,0.0,0.0,-1.0,0.0,0.0,99.0,484.0
135620.0,0.0,-3.1201,-0.009,-0.08901,0.0,0.0,-1.0,0.0,0.0,99.0,477.0
135630.0,0.0,-3.1201,0.002,-0.08901,0.0,0.0,-1.0,0.0,0.0,99.0,483.0
135640.0,0.0,-3.1201,0.008,-0.08901,0.0,0.0,-1.0,0.0,0.0,99.0,478.0
135650.0,0.0,-3.1201,-0.006,-0.08901,0.0,0.0,-1.0,0.0,0.0,99.0,485.0
135660.0,0.0,-3.1186,-0.002,-0.08901,0.0,0.0,-1.0,0.0,0.0,99.0,477.0
135670.0,0.0,-3.1186,0.003,-0.08901,0.0,0.0,-1.0,0.0,0.0,99.0,492.0
135680.0,0.0,-3.1201,-0.004,-0.08901,0.0,0.0,-1.0,0.0,0.0,99.0,485.0
135691.0,0.0,-3.1186,0.0,-0.08901,0.0,0.0,-1.0,0.0,0.0,99.0,478.0
135701.0,0.0,-3.1201,0.001,-0.08901,0.0,0.0,-1.0,0.0,0.0,99.0,492.0
135711.0,0.0,-3.1201,-0.001,-0.08901,0.0,0.0,-1.0,0.0,0.0,99.0,485.0
135721.0,0.0,-3.1186,0.01,-0.08901,0.0,0.0,-1.0,0.0,0.0,99.0,485.0
135731.0,0.0,-3.1201,0.003,-0.08901,0.0,0.0,-1.0,0.0,0.0,99.0,491.0
135742.0,0.0,-3.1201,-0.01,-0.08901,0.0,0.0,-1.0,0.0,0.0,99.0,485.0
135752.0,0.0,-3.1186,0.003,-0.08901,0.0,0.0,-1.0,0.0,0.0,99.0,478.0
135762.0,0.0,-3.1201,-0.005,-0.08901,0.0,0.0,-1.0,0.0,0.0,99.0,485.0
135772.0,0.0,-3.1201,-0.01,-0.08901,0.0,0.0,-1.0,0.0,0.0,99.0,491.0
135783.0,0.0,-3.1186,0.013,-0.08901,0.0,0.0,-1.0,0.0,0.0,99.0,485.0
135793.0,0.0,-3.1186,0.007,-0.08901,0.0,0.0,-1.0,0.0,0.0,99.0,486.0
135803.0,0.0,-3.1201,-0.008,-0.08901,0.0,0.0,-1.0,0.0,0.0,99.0,485.0
135813.0,0.0,-3.1201,-0.006,-0.08901,0.0,0.0,-1.0,0.0,0.0,99.0,478.0
135823.0,0.0,-3.1201,-0.007,-0.08901,0.0,0.0,-1.0,0.0,0.0,99.0,485.0
135833.0,0.0,-3.1201,-0.003,-0.08901,0.0,0.0,-1.0,0.0,0.0,99.0,485.0
135843.0,0.0,-3.1201,-0.002,-0.08901,0.0,0.0,-1.0,0.0,0.0,99.0,492.0
135853.0,0.0,-3.1186,0.007,-0.08901,0.0,0.0,-1.0,0.0,0.0,99.0,477.0
135863.0,0.0,-3.1201,-0.0,-0.08901,0.0,0.0,-1.0,0.0,0.0,99.0,478.0
135874.0,0.0,-3.1201,-0.001,-0.08901,0.0,0.0,-1.0,0.0,0.0,99.0,490.0
135884.0,0.0,-3.1186,0.0,-0.08901,0.0,0.0,-1.0,0.0,0.0,99.0,478.0
135894.0,0.0,-3.1201,-0.0,-0.08901,0.0,0.0,-1.0,0.0,0.0,99.0,478.0
135904.0,0.0,-3.1201,0.005,-0.08901,0.0,0.0,-1.0,0.0,0.0,99.0,491.0
135915.0,0.0,-3.1186,0.002,-0.08901,0.0,0.0,-1.0,0.0,0.0,99.0,485.0
135925.0,0.0,-3.1201,-0.001,-0.08901,0.0,0.0,-1.0,0.0,0.0,99.0,490.0
135935.0,0.0,-3.1186,0.004,-0.08901,0.0,0.0,-1.0,0.0,0.0,99.0,492.0
135945.0,0.0,-3.1201,-0.005,-0.08901,0.0,0.0,-1.0,0.0,0.0,99.0,484.0
135956.0,0.0,-3.1201,-0.001,-0.08901,0.0,0.0,-1.0,0.0,0.0,99.0,485.0
135966.0,0.0,-3.1201,0.009,-0.08901,0.0,0.0,-1.0,0.0,0.0,99.0,485.0
135976.0,0.0,-3.1201,0.001,-0.08901,0.0,0.0,-1.0,0.0,0.0,99.0,485.0
135986.0,0.0,-3.1201,0.003,-0.08901,0.0,0.0,-1.0,0.0,0.0,99.0,477.0
135996.0,0.0,-3.1201,0.005,-0.08901,0.0,0.0,-1.0,0.0,0.0,99.0,485.0
136006.0,0.0,-3.1201,-0.008,-0.08901,0.0,0.0,-1.0,0.0,0.0,99.0,492.0
136016.0,0.0,-3.1201,-0.005,-0.08901,0.0,0.0,-1.0,0.0,0.0,99.0,484.0
136027.0,0.0,-3.1186,-0.001,-0.08901,0.0,0.0,-1.0,0.0,0.0,99.0,485.0
136037.0,0.0,-3.1201,-0.002,-0.08901,0.0,0.0,-1.0,0.0,0.0,99.0,485.0
136047.0,0.0,-3.1201,0.001,-0.08901,0.0,0.0,-1.0,0.0,0.0,99.0,485.0
136057.0,0.0,-3.1201,-0.005,-0.08901,0.0,0.0,-1.0,0.0,0.0,99.0,491.0
136067.0,0.0,-3.1201,-0.002,-0.08901,0.0,0.0,-1.0,0.0,0.0,99.0,491.0
136077.0,0.0,-3.1186,0.006,-0.08901,0.0,0.0,-1.0,0.0,0.0,99.0,477.0
136087.0,0.0,-3.1201,0.005,-0.08901,0.0,0.0,-1.0,0.0,0.0,99.0,478.0
136097.0,0.0,-3.1201,-0.0,-0.08901,0.0,0.0,-1.0,0.0,0.0,99.0,485.0
136108.0,0.0,-3.1201,-0.004,-0.08901,0.0,0.0,-1.0,0.0,0.0,99.0,485.0
136118.0,0.0,-3.1201,-0.002,-0.08901,0.0,0.0,-1.0,0.0,0.0,99.0,479.0
136128.0,0.0,-3.1201,-0.006,-0.08901,0.0,0.0,-1.0,0.0,0.0,99.0,483.0
136138.0,0.0,-3.1201,0.0,-0.08901,0.0,0.0,-1.0,0.0,0.0,99.0,485.0
136148.0,0.0,-3.1201,-0.002,-0.08901,0.0,0.0,-1.0,0.0,0.0,99.0,492.0
136158.0,0.0,-3.1201,0.007,-0.08901,0.0,0.0,-1.0,0.0,0.0,99.0,478.0
136169.0,0.0,-3.1201,-0.001,-0.08901,0.0,0.0,-1.0,0.0,0.0,99.0,485.0
136179.0,0.0,-3.1201,-0.006,-0.08901,0.0,0.0,-1.0,0.0,0.0,99.0,491.0
136189.0,0.0,-3.1201,0.0,-0.08901,0.0,0.0,-1.0,0.0,0.0,99.0,485.0
136199.0,0.0,-3.1201,-0.004,-0.08901,0.0,0.0,-1.0,0.0,0.0,99.0,478.0
136210.0,0.0,-3.1186,0.002,-0.08901,0.0,0.0,-1.0,0.0,0.0,99.0,477.0
136220.0,0.0,-3.1186,0.01,-0.08901,0.0,0.0,-1.0,0.0,0.0,99.0,477.0
136230.0,0.0,-3.1201,0.002,-0.08901,0.0,0.0,-1.0,0.0,0.0,99.0,485.0
136240.0,0.0,-3.1201,-0.002,-0.08901,0.0,0.0,-1.0,0.0,0.0,99.0,486.0
136250.0,0.0,-3.1201,0.014,-0.08901,0.0,0.0,-1.0,0.0,0.0,99.0,478.0
136260.0,0.0,-3.1201,-0.001,-0.08901,0.0,0.0,-1.0,0.0,0.0,99.0,483.0
136271.0,0.0,-3.1186,0.013,-0.08901,0.0,0.0,-1.0,0.0,0.0,99.0,485.0
136281.0,0.0,-3.1201,0.005,-0.08901,0.0,0.0,-1.0,0.0,0.0,99.0,491.0
136291.0,0.0,-3.1186,0.004,-0.08901,0.0,0.0,-1.0,0.0,0.0,99.0,492.0
136301.0,0.0,-3.1186,0.009,-0.08901,0.0,0.0,-1.0,0.0,0.0,99.0,485.0
136311.0,0.0,-3.1186,0.005,-0.08901,0.0,0.0,-1.0,0.0,0.0,99.0,477.0
136321.0,0.0,-3.1186,0.002,-0.08901,0.0,0.0,-1.0,0.0,0.0,99.0,477.0
136331.0,0.0,-3.1201,0.0,-0.08901,0.0,0.0,-1.0,0.0,0.0,99.0,484.0
136342.0,0.0,-3.1201,-0.016,-0.08901,0.0,0.0,-1.0,0.0,0.0,99.0,485.0
136352.0,0.0,-3.1186,0.003,-0.08901,0.0,0.0,-1.0,0.0,0.0,99.0,478.0
136362.0,0.0,-3.1201,-0.007,-0.08901,0.0,0.0,-1.0,0.0,0.0,99.0,485.0
136372.0,0.0,-3.1201,-0.008,-0.08901,0.0,0.0,-1.0,0.0,0.0,99.0,484.0
136382.0,0.0,-3.1186,0.003,-0.08901,0.0,0.0,-1.0,0.0,0.0,99.0,478.0
136392.0,0.0,-3.1201,-0.009,-0.08901,0.0,0.0,-1.0,0.0,0.0,99.0,485.0
136402.0,0.0,-3.1201,-0.01,-0.08901,0.0,0.0,-1.0,0.0,0.0,99.0,485.0
136412.0,0.0,-3.1201,-0.001,-0.08901,0.0,0.0,-1.0,0.0,0.0,99.0,485.0
136422.0,0.0,-3.1201,0.007,-0.08901,0.0,0.0,-1.0,0.0,0.0,99.0,485.0
136433.0,0.0,-3.1201,0.002,-0.08901,0.0,0.0,-1.0,0.0,0.0,99.0,485.0
136443.0,0.0,-3.1201,-0.002,-0.08901,0.0,0.0,-1.0,0.0,0.0,99.0,485.0
136453.0,0.0,-3.1201,-0.007,-0.08901,0.0,0.0,-1.0,0.0,0.0,99.0,485.0
136463.0,0.0,-3.1201,-0.004,-0.08901,0.0,0.0,-1.0,0.0,0.0,99.0,485.0
136473.0,0.0,-3.1201,0.0,-0.08901,0.0,0.0,-1.0,0.0,0.0,99.0,477.0
136484.0,0.0,-3.1186,0.008,-0.08901,0.0,0.0,-1.0,0.0,0.0,99.0,483.0
136494.0,0.0,-3.1201,-0.006,-0.08901,0.0,0.0,-1.0,0.0,0.0,99.0,491.0
136504.0,0.0,-3.1201,0.0,-0.08901,0.0,0.0,-1.0,0.0,0.0,99.0,477.0
136514.0,0.0,-3.1201,-0.005,-0.08901,0.0,0.0,-1.0,0.0,0.0,99.0,484.0
136524.0,0.0,-3.1201,-0.005,-0.08901,0.0,0.0,-1.0,0.0,0.0,99.0,478.0
136534.0,0.0,-3.1201,0.002,-0.08901,0.0,0.0,-1.0,0.0,0.0,99.0,485.0
136544.0,0.0,-3.1201,0.002,-0.08901,0.0,0.0,-1.0,0.0,0.0,99.0,491.0
136554.0,0.0,-3.1201,0.003,-0.08901,0.0,0.0,-1.0,0.0,0.0,99.0,491.0
136565.0,0.0,-3.1201,0.001,-0.08901,0.0,0.0,-1.0,0.0,0.0,99.0,477.0
136575.0,0.0,-3.1201,0.001,-0.08901,0.0,0.0,-1.0,0.0,0.0,99.0,492.0
136585.0,0.0,-3.1201,-0.005,-0.08901,0.0,0.0,-1.0,0.0,0.0,99.0,485.0
136595.0,0.0,-3.1201,-0.003,-0.08901,0.0,0.0,-1.0,0.0,0.0,99.0,491.0
136605.0,0.0,-3.1201,-0.006,-0.08901,0.0,0.0,-1.0,0.0,0.0,99.0,492.0
136615.0,0.0,-3.1201,-0.005,-0.08901,0.0,0.0,-1.0,0.0,0.0,99.0,491.0
136626.0,0.0,-3.1201,0.006,-0.08901,0.0,0.0,-1.0,0.0,0.0,99.0,478.0
136636.0,0.0,-3.1201,-0.005,-0.08901,0.0,0.0,-1.0,0.0,0.0,99.0,484.0
136646.0,0.0,-3.1201,0.0,-0.08901,0.0,0.0,-1.0,0.0,0.0,99.0,485.0
136656.0,0.0,-3.1186,0.007,-0.08901,0.0,0.0,-1.0,0.0,0.0,99.0,485.0
136666.0,0.0,-3.1201,0.005,-0.08901,0.0,0.0,-1.0,0.0,0.0,99.0,492.0
136676.0,0.0,-3.1201,0.002,-0.08901,0.0,0.0,-1.0,0.0,0.0,99.0,478.0
136686.0,0.0,-3.1186,0.002,-0.08901,0.0,0.0,-1.0,0.0,0.0,99.0,491.0
136696.0,0.0,-3.1201,0.002,-0.08901,0.0,0.0,-1.0,0.0,0.0,99.0,492.0
136707.0,0.0,-3.1201,-0.003,-0.08901,0.0,0.0,-1.0,0.0,0.0,99.0,478.0
136717.0,0.0,-3.1186,0.003,-0.08901,0.0,0.0,-1.0,0.0,0.0,99.0,485.0
136727.0,0.0,-3.1201,-0.005,-0.08901,0.0,0.0,-1.0,0.0,0.0,99.0,485.0
136737.0,0.0,-3.1201,0.0,-0.08901,0.0,0.0,-1.0,0.0,0.0,99.0,484.0
136747.0,0.0,-3.1186,0.008,-0.08901,0.0,0.0,-1.0,0.0,0.0,99.0,485.0
136757.0,0.0,-3.1201,-0.004,-0.08901,0.0,0.0,-1.0,0.0,0.0,99.0,478.0
136767.0,0.0,-3.1201,0.001,-0.08901,0.0,0.0,-1.0,0.0,0.0,99.0,485.0
136778.0,0.0,-3.1201,0.004,-0.08901,0.0,0.0,-1.0,0.0,0.0,99.0,484.0
136788.0,0.0,-3.1201,0.002,-0.08901,0.0,0.0,-1.0,0.0,0.0,99.0,484.0
136798.0,0.0,-3.1201,0.01,-0.08901,0.0,0.0,-1.0,0.0,0.0,99.0,485.0
136808.0,0.0,-3.1186,0.004,-0.08901,0.0,0.0,-1.0,0.0,0.0,99.0,485.0
136818.0,0.0,-3.1201,-0.005,-0.08901,0.0,0.0,-1.0,0.0,0.0,99.0,477.0
136828.0,0.0,-3.1201,-0.011,-0.08901,0.0,0.0,-1.0,0.0,0.0,99.0,485.0
136838.0,0.0,-3.1186,0.001,-0.08901,0.0,0.0,-1.0,0.0,0.0,99.0,485.0
136849.0,0.0,-3.1201,-0.003,-0.08901,0.0,0.0,-1.0,0.0,0.0,99.0,485.0
136859.0,0.0,-3.1201,0.006,-0.08901,0.0,0.0,-1.0,0.0,0.0,99.0,485.0
136869.0,0.0,-3.1186,0.01,-0.08901,0.0,0.0,-1.0,0.0,0.0,99.0,483.0
136879.0,0.0,-3.1186,-0.003,-0.08901,0.0,0.0,-1.0,0.0,0.0,99.0,485.0
136889.0,0.0,-3.1201,-0.004,-0.08901,0.0,0.0,-1.0,0.0,0.0,99.0,478.0
136899.0,0.0,-3.1201,0.0,-0.08901,0.0,0.0,-1.0,0.0,0.0,99.0,478.0
136910.0,0.0,-3.1201,0.007,-0.08901,0.0,0.0,-1.0,0.0,0.0,99.0,485.0
136920.0,0.0,-3.1186,0.004,-0.08901,0.0,0.0,-1.0,0.0,0.0,99.0,485.0
136930.0,0.0,-3.1186,0.001,-0.08901,0.0,0.0,-1.0,0.0,0.0,99.0,485.0
136940.0,0.0,-3.1201,-0.006,-0.08901,0.0,0.0,-1.0,0.0,0.0,99.0,478.0
136951.0,0.0,-3.1201,-0.007,-0.08901,0.0,0.0,-1.0,0.0,0.0,99.0,485.0
136961.0,0.0,-3.1201,-0.006,-0.08901,0.0,0.0,-1.0,0.0,0.0,99.0,485.0
136971.0,0.0,-3.1186,-0.005,-0.08901,0.0,0.0,-1.0,0.0,0.0,99.0,492.0
136981.0,0.0,-3.1201,-0.006,-0.08901,0.0,0.0,-1.0,0.0,0.0,99.0,478.0
136991.0,0.0,-3.1186,0.002,-0.08901,0.0,0.0,-1.0,0.0,0.0,99.0,485.0
137001.0,0.0,-3.1201,0.005,-0.08901,0.0,0.0,-1.0,0.0,0.0,99.0,492.0
137012.0,0.0,-3.1201,-0.009,-0.08901,0.0,0.0,-1.0,0.0,0.0,99.0,485.0
137022.0,0.0,-3.1201,0.0,-0.08901,0.0,0.0,-1.0,0.0,0.0,99.0,485.0
137032.0,0.0,-3.1201,0.009,-0.08901,0.0,0.0,-1.0,0.0,0.0,99.0,491.0
137042.0,0.0,-3.1186,0.003,-0.08901,0.0,0.0,-1.0,0.0,0.0,99.0,484.0
137052.0,0.0,-3.1201,-0.006,-0.08901,0.0,0.0,-1.0,0.0,0.0,99.0,477.0
137062.0,0.0,-3.1201,-0.002,-0.08901,0.0,0.0,-1.0,0.0,0.0,99.0,485.0
137072.0,0.0,-3.1201,0.0,-0.08901,0.0,0.0,-1.0,0.0,0.0,99.0,492.0
137083.0,0.0,-3.1186,0.009,-0.08901,0.0,0.0,-1.0,0.0,0.0,99.0,485.0
137093.0,0.0,-3.1201,-0.007,-0.08901,0.0,0.0,-1.0,0.0,0.0,99.0,479.0
137103.0,0.0,-3.1201,-0.008,-0.08901,0.0,0.0,-1.0,0.0,0.0,99.0,485.0
137113.0,0.0,-3.1201,-0.007,-0.08901,0.0,0.0,-1.0,0.0,0.0,99.0,478.0
137123.0,0.0,-3.1186,0.002,-0.08901,0.0,0.0,-1.0,0.0,0.0,99.0,485.0
137134.0,0.0,-3.1201,0.004,-0.08901,0.0,0.0,-1.0,0.0,0.0,99.0,483.0
137144.0,0.0,-3.1201,-0.006,-0.08901,0.0,0.0,-1.0,0.0,0.0,99.0,477.0
137154.0,0.0,-3.1201,-0.002,-0.08901,0.0,0.0,-1.0,0.0,0.0,99.0,485.0
137164.0,0.0,-3.1201,0.0,-0.08901,0.0,0.0,-1.0,0.0,0.0,99.0,485.0
137174.0,0.0,-3.1186,0.01,-0.08901,0.0,0.0,-1.0,0.0,0.0,99.0,478.0
137185.0,0.0,-3.1201,-0.003,-0.08901,0.0,0.0,-1.0,0.0,0.0,99.0,477.0
137195.0,0.0,-3.1201,-0.001,-0.08901,0.0,0.0,-1.0,0.0,0.0,99.0,485.0
137205.0,0.0,-3.1201,-0.007,-0.08901,0.0,0.0,-1.0,0.0,0.0,99.0,478.0
137215.0,0.0,-3.1201,-0.005,-0.08901,0.0,0.0,-1.0,0.0,0.0,99.0,491.0
137225.0,0.0,-3.1201,-0.006,-0.08901,0.0,0.0,-1.0,0.0,0.0,99.0,491.0
137236.0,0.0,-3.1201,-0.005,-0.08901,0.0,0.0,-1.0,0.0,0.0,99.0,477.0
137246.0,0.0,-3.1201,0.001,-0.08901,0.0,0.0,-1.0,0.0,0.0,99.0,478.0
137256.0,0.0,-3.1201,0.009,-0.08901,0.0,0.0,-1.0,0.0,0.0,99.0,478.0
137266.0,0.0,-3.1201,0.009,-0.08901,0.0,0.0,-1.0,0.0,0.0,99.0,484.0
137277.0,0.0,-3.1201,-0.005,-0.08901,0.0,0.0,-1.0,0.0,0.0,99.0,483.0
137287.0,0.0,-3.1186,0.009,-0.08901,0.0,0.0,-1.0,0.0,0.0,99.0,485.0
137297.0,0.0,-3.1186,0.008,-0.08901,0.0,0.0,-1.0,0.0,0.0,99.0,485.0
137307.0,0.0,-3.1186,0.003,-0.08901,0.0,0.0,-1.0,0.0,0.0,99.0,492.0
137317.0,0.0,-3.1201,-0.001,-0.08901,0.0,0.0,-1.0,0.0,0.0,99.0,485.0
137328.0,0.0,-3.1201,-0.008,-0.08901,0.0,0.0,-1.0,0.0,0.0,99.0,477.0
137338.0,0.0,-3.1201,0.002,-0.08901,0.0,0.0,-1.0,0.0,0.0,99.0,485.0
137348.0,0.0,-3.1201,0.001,-0.08901,0.0,0.0,-1.0,0.0,0.0,99.0,483.0
137358.0,0.0,-3.1201,-0.002,-0.08901,0.0,0.0,-1.0,0.0,0.0,99.0,492.0
137368.0,0.0,-3.1201,0.001,-0.08901,0.0,0.0,-1.0,0.0,0.0,99.0,477.0
137378.0,0.0,-3.1201,0.004,-0.08901,0.0,0.0,-1.0,0.0,0.0,99.0,485.0
137389.0,0.0,-3.1201,-0.003,-0.08901,0.0,0.0,-1.0,0.0,0.0,99.0,485.0
137399.0,0.0,-3.1186,-0.0,-0.08901,0.0,0.0,-1.0,0.0,0.0,99.0,478.0
137409.0,0.0,-3.1201,0.0,-0.08901,0.0,0.0,-1.0,0.0,0.0,99.0,485.0
137419.0,0.0,-3.1201,-0.001,-0.08901,0.0,0.0,-1.0,0.0,0.0,99.0,485.0
137429.0,0.0,-3.1186,0.009,-0.08901,0.0,0.0,-1.0,0.0,0.0,99.0,484.0
137440.0,0.0,-3.1201,0.001,-0.08901,0.0,0.0,-1.0,0.0,0.0,99.0,485.0
137450.0,0.0,-3.1201,-0.005,-0.08901,0.0,0.0,-1.0,0.0,0.0,99.0,478.0
137460.0,0.0,-3.1201,-0.006,-0.08901,0.0,0.0,-1.0,0.0,0.0,99.0,483.0
137471.0,0.0,-3.1201,-0.005,-0.08901,0.0,0.0,-1.0,0.0,0.0,99.0,485.0
137481.0,0.0,-3.1201,0.006,-0.08901,0.0,0.0,-1.0,0.0,0.0,99.0,477.0
137491.0,0.0,-3.1201,-0.006,-0.08901,0.0,0.0,-1.0,0.0,0.0,99.0,485.0
137501.0,0.0,-3.1201,-0.008,-0.08901,0.0,0.0,-1.0,0.0,0.0,99.0,477.0
137511.0,0.0,-3.1186,0.001,-0.08901,0.0,0.0,-1.0,0.0,0.0,99.0,485.0
137521.0,0.0,-3.1201,-0.004,-0.08901,0.0,0.0,-1.0,0.0,0.0,99.0,485.0
137532.0,0.0,-3.1186,0.006,-0.08901,0.0,0.0,-1.0,0.0,0.0,99.0,485.0
137542.0,0.0,-3.1186,0.002,-0.08901,0.0,0.0,-1.0,0.0,0.0,99.0,485.0
137552.0,0.0,-3.1186,0.007,-0.08901,0.0,0.0,-1.0,0.0,0.0,99.0,477.0
137562.0,0.0,-3.1201,-0.007,-0.08901,0.0,0.0,-1.0,0.0,0.0,99.0,485.0
137573.0,0.0,-3.1201,-0.005,-0.08901,0.0,0.0,-1.0,0.0,0.0,99.0,478.0
137583.0,0.0,-3.1201,0.005,-0.08901,0.0,0.0,-1.0,0.0,0.0,99.0,485.0
137593.0,0.0,-3.1201,0.009,-0.08901,0.0,0.0,-1.0,0.0,0.0,99.0,485.0
137603.0,0.0,-3.1201,-0.004,-0.08901,0.0,0.0,-1.0,0.0,0.0,99.0,477.0
137613.0,0.0,-3.1201,-0.007,-0.08901,0.0,0.0,-1.0,0.0,0.0,99.0,485.0
137623.0,0.0,-3.1186,0.002,-0.08901,0.0,0.0,-1.0,0.0,0.0,99.0,491.0
137634.0,0.0,-3.1201,0.006,-0.08901,0.0,0.0,-1.0,0.0,0.0,99.0,491.0
137644.0,0.0,-3.1186,0.004,-0.08901,0.0,0.0,-1.0,0.0,0.0,99.0,477.0
137654.0,0.0,-3.1201,-0.009,-0.08901,0.0,0.0,-1.0,0.0,0.0,99.0,485.0
137664.0,0.0,-3.1201,-0.004,-0.08901,0.0,0.0,-1.0,0.0,0.0,99.0,477.0
137674.0,0.0,-3.1201,-0.008,-0.08901,0.0,0.0,-1.0,0.0,0.0,99.0,478.0
137685.0,0.0,-3.1201,0.003,-0.08901,0.0,0.0,-1.0,0.0,0.0,99.0,477.0
137695.0,0.0,-3.1201,-0.0,-0.08901,0.0,0.0,-1.0,0.0,0.0,99.0,492.0
137705.0,0.0,-3.1186,0.015,-0.08901,0.0,0.0,-1.0,0.0,0.0,99.0,485.0
137715.0,0.0,-3.1201,-0.008,-0.08901,0.0,0.0,-1.0,0.0,0.0,99.0,491.0
137725.0,0.0,-3.1201,-0.005,-0.08901,0.0,0.0,-1.0,0.0,0.0,99.0,492.0
137735.0,0.0,-3.1186,-0.003,-0.08901,0.0,0.0,-1.0,0.0,0.0,99.0,492.0
137746.0,0.0,-3.1186,0.006,-0.08901,0.0,0.0,-1.0,0.0,0.0,99.0,483.0
137756.0,0.0,-3.1201,-0.001,-0.08901,0.0,0.0,-1.0,0.0,0.0,99.0,485.0
137766.0,0.0,-3.1201,0.002,-0.08901,0.0,0.0,-1.0,0.0,0.0,99.0,477.0
137776.0,0.0,-3.1201,-0.002,-0.08901,0.0,0.0,-1.0,0.0,0.0,99.0,485.0
137786.0,0.0,-3.1186,0.011,-0.08901,0.0,0.0,-1.0,0.0,0.0,99.0,477.0
137796.0,0.0,-3.1201,0.002,-0.08901,0.0,0.0,-1.0,0.0,0.0,99.0,478.0
137807.0,0.0,-3.1201,0.008,-0.08901,0.0,0.0,-1.0,0.0,0.0,99.0,477.0
137817.0,0.0,-3.1201,-0.003,-0.08901,0.0,0.0,-1.0,0.0,0.0,99.0,485.0
137827.0,0.0,-3.1201,0.002,-0.08901,0.0,0.0,-1.0,0.0,0.0,99.0,477.0
137837.0,0.0,-3.1186,-0.0,-0.08901,0.0,0.0,-1.0,0.0,0.0,99.0,485.0
137847.0,0.0,-3.1186,-0.006,-0.08901,0.0,0.0,-1.0,0.0,0.0,99.0,478.0
137857.0,0.0,-3.1201,-0.009,-0.08901,0.0,0.0,-1.0,0.0,0.0,99.0,478.0
137867.0,0.0,-3.1186,0.003,-0.08901,0.0,0.0,-1.0,0.0,0.0,99.0,491.0
137878.0,0.0,-3.1201,-0.001,-0.08901,0.0,0.0,-1.0,0.0,0.0,99.0,477.0
137888.0,0.0,-3.1201,0.005,-0.08901,0.0,0.0,-1.0,0.0,0.0,99.0,485.0
137898.0,0.0,-3.1186,0.002,-0.08901,0.0,0.0,-1.0,0.0,0.0,99.0,486.0
137908.0,0.0,-3.1201,-0.006,-0.08901,0.0,0.0,-1.0,0.0,0.0,99.0,485.0
137918.0,0.0,-3.1201,-0.005,-0.08901,0.0,0.0,-1.0,0.0,0.0,99.0,485.0
137928.0,0.0,-3.1201,-0.008,-0.08901,0.0,0.0,-1.0,0.0,0.0,99.0,485.0
137939.0,0.0,-3.1186,0.008,-0.08901,0.0,0.0,-1.0,0.0,0.0,99.0,478.0
137949.0,0.0,-3.1201,0.006,-0.08901,0.0,0.0,-1.0,0.0,0.0,99.0,492.0
137959.0,0.0,-3.1186,0.013,-0.08901,0.0,0.0,-1.0,0.0,0.0,99.0,485.0
137969.0,0.0,-3.1186,-0.001,-0.08901,0.0,0.0,-1.0,0.0,0.0,99.0,484.0
137979.0,0.0,-3.1201,-0.004,-0.08901,0.0,0.0,-1.0,0.0,0.0,99.0,492.0
137989.0,0.0,-3.1186,-0.002,-0.08901,0.0,0.0,-1.0,0.0,0.0,99.0,478.0
138000.0,0.0,-3.1186,0.003,-0.08901,0.0,0.0,-1.0,0.0,0.0,99.0,485.0
138010.0,0.0,-3.1201,-0.0,-0.08901,0.0,0.0,-1.0,0.0,0.0,99.0,485.0
138020.0,0.0,-3.1186,-0.003,-0.08901,0.0,0.0,-1.0,0.0,0.0,99.0,491.0
138030.0,0.0,-3.1186,0.007,-0.08901,0.0,0.0,-1.0,0.0,0.0,99.0,492.0
138041.0,0.0,-3.1186,0.009,-0.08901,0.0,0.0,-1.0,0.0,0.0,99.0,485.0
138051.0,0.0,-3.1201,-0.008,-0.08901,0.0,0.0,-1.0,0.0,0.0,99.0,492.0
138061.0,0.0,-3.1201,-0.007,-0.08901,0.0,0.0,-1.0,0.0,0.0,99.0,492.0
138071.0,0.0,-3.1201,-0.004,-0.08901,0.0,0.0,-1.0,0.0,0.0,99.0,491.0
138081.0,0.0,-3.1201,-0.007,-0.08901,0.0,0.0,-1.0,0.0,0.0,99.0,485.0
138092.0,0.0,-3.1186,-0.002,-0.08901,0.0,0.0,-1.0,0.0,0.0,99.0,485.0
138102.0,0.0,-3.1186,0.004,-0.08901,0.0,0.0,-1.0,0.0,0.0,99.0,485.0
138112.0,0.0,-3.1201,0.012,-0.08901,0.0,0.0,-1.0,0.0,0.0,99.0,478.0
138122.0,0.0,-3.1186,0.004,-0.08901,0.0,0.0,-1.0,0.0,0.0,99.0,478.0
138132.0,0.0,-3.1201,-0.003,-0.08901,0.0,0.0,-1.0,0.0,0.0,99.0,478.0
138143.0,0.0,-3.1186,-0.003,-0.08901,0.0,0.0,-1.0,0.0,0.0,99.0,485.0
138153.0,0.0,-3.1186,-0.002,-0.08901,0.0,0.0,-1.0,0.0,0.0,99.0,478.0
138163.0,0.0,-3.1186,-0.002,-0.08901,0.0,0.0,-1.0,0.0,0.0,99.0,478.0
138173.0,0.0,-3.1201,-0.003,-0.08901,0.0,0.0,-1.0,0.0,0.0,99.0,485.0
138183.0,0.0,-3.1186,0.011,-0.08901,0.0,0.0,-1.0,0.0,0.0,99.0,492.0
138194.0,0.0,-3.1201,-0.009,-0.08901,0.0,0.0,-1.0,0.0,0.0,99.0,477.0
138204.0,0.0,-3.1201,-0.001,-0.08901,0.0,0.0,-1.0,0.0,0.0,99.0,485.0
138214.0,0.0,-3.1201,-0.006,-0.08901,0.0,0.0,-1.0,0.0,0.0,99.0,491.0
138224.0,0.0,-3.1201,-0.005,-0.08901,0.0,0.0,-1.0,0.0,0.0,99.0,485.0
138234.0,0.0,-3.1201,-0.002,-0.08901,0.0,0.0,-1.0,0.0,0.0,99.0,491.0
138245.0,0.0,-3.1201,-0.001,-0.08901,0.0,0.0,-1.0,0.0,0.0,99.0,484.0
138255.0,0.0,-3.1201,-0.007,-0.08901,0.0,0.0,-1.0,0.0,0.0,99.0,478.0
138265.0,0.0,-3.1186,0.002,-0.08901,0.0,0.0,-1.0,0.0,0.0,99.0,485.0
138275.0,0.0,-3.1201,0.003,-0.08901,0.0,0.0,-1.0,0.0,0.0,99.0,492.0
138285.0,0.0,-3.1201,-0.002,-0.08901,0.0,0.0,-1.0,0.0,0.0,99.0,492.0
138296.0,0.0,-3.1201,-0.007,-0.08901,0.0,0.0,-1.0,0.0,0.0,99.0,485.0
138306.0,0.0,-3.1201,0.002,-0.08901,0.0,0.0,-1.0,0.0,0.0,99.0,478.0
138316.0,0.0,-3.1186,0.002,-0.08901,0.0,0.0,-1.0,0.0,0.0,99.0,485.0
138326.0,0.0,-3.1201,-0.002,-0.08901,0.0,0.0,-1.0,0.0,0.0,99.0,485.0
138336.0,0.0,-3.1201,0.007,-0.08901,0.0,0.0,-1.0,0.0,0.0,99.0,491.0
138346.0,0.0,-3.1201,-0.002,-0.08901,0.0,0.0,-1.0,0.0,0.0,99.0,478.0
138356.0,0.0,-3.1201,-0.005,-0.08901,0.0,0.0,-1.0,0.0,0.0,99.0,477.0
138366.0,0.0,-3.1186,0.002,-0.08901,0.0,0.0,-1.0,0.0,0.0,99.0,477.0
138376.0,0.0,-3.1201,-0.002,-0.08901,0.0,0.0,-1.0,0.0,0.0,99.0,484.0
138386.0,0.0,-3.1201,-0.002,-0.08901,0.0,0.0,-1.0,0.0,0.0,99.0,485.0
138396.0,0.0,-3.1201,0.006,-0.08901,0.0,0.0,-1.0,0.0,0.0,99.0,491.0
138406.0,0.0,-3.1201,-0.006,-0.08901,0.0,0.0,-1.0,0.0,0.0,99.0,485.0
138417.0,0.0,-3.1201,-0.004,-0.08901,0.0,0.0,-1.0,0.0,0.0,99.0,485.0
138427.0,0.0,-3.1201,0.013,-0.08901,0.0,0.0,-1.0,0.0,0.0,99.0,491.0
138437.0,0.0,-3.1201,-0.006,-0.08901,0.0,0.0,-1.0,0.0,0.0,99.0,483.0
138448.0,0.0,-3.1201,-0.01,-0.08901,0.0,0.0,-1.0,0.0,0.0,99.0,485.0
138458.0,0.0,-3.1201,-0.005,-0.08901,0.0,0.0,-1.0,0.0,0.0,99.0,485.0
138468.0,0.0,-3.1201,0.0,-0.08901,0.0,0.0,-1.0,0.0,0.0,99.0,478.0
138478.0,0.0,-3.1201,-0.005,-0.08901,0.0,0.0,-1.0,0.0,0.0,99.0,492.0
138488.0,0.0,-3.1201,0.008,-0.08901,0.0,0.0,-1.0,0.0,0.0,99.0,478.0
138499.0,0.0,-3.1201,0.005,-0.08901,0.0,0.0,-1.0,0.0,0.0,99.0,478.0
138509.0,0.0,-3.1186,0.009,-0.08901,0.0,0.0,-1.0,0.0,0.0,99.0,478.0
138519.0,0.0,-3.1201,0.009,-0.08901,0.0,0.0,-1.0,0.0,0.0,99.0,477.0
138529.0,0.0,-3.1201,0.007,-0.08901,0.0,0.0,-1.0,0.0,0.0,99.0,491.0
138539.0,0.0,-3.1201,-0.003,-0.08901,0.0,0.0,-1.0,0.0,0.0,99.0,478.0
138549.0,0.0,-3.1186,0.001,-0.08901,0.0,0.0,-1.0,0.0,0.0,99.0,485.0
138559.0,0.0,-3.1186,0.001,-0.08901,0.0,0.0,-1.0,0.0,0.0,99.0,485.0
138570.0,0.0,-3.1186,0.012,-0.08901,0.0,0.0,-1.0,0.0,0.0,99.0,477.0
138580.0,0.0,-3.1201,-0.007,-0.08901,0.0,0.0,-1.0,0.0,0.0,99.0,485.0
138590.0,0.0,-3.1201,0.005,-0.08901,0.0,0.0,-1.0,0.0,0.0,99.0,477.0
138600.0,0.0,-3.1186,0.012,-0.08901,0.0,0.0,-1.0,0.0,0.0,99.0,485.0
138610.0,0.0,-3.1201,-0.0,-0.08901,0.0,0.0,-1.0,0.0,0.0,99.0,492.0
138620.0,0.0,-3.1201,-0.009,-0.08901,0.0,0.0,-1.0,0.0,0.0,99.0,485.0
138631.0,0.0,-3.1201,-0.004,-0.08901,0.0,0.0,-1.0,0.0,0.0,99.0,477.0
138641.0,0.0,-3.1186,0.018,-0.08901,0.0,0.0,-1.0,0.0,0.0,99.0,485.0
138651.0,0.0,-3.1201,0.003,-0.08901,0.0,0.0,-1.0,0.0,0.0,99.0,485.0
138661.0,0.0,-3.1201,-0.007,-0.08901,0.0,0.0,-1.0,0.0,0.0,99.0,484.0
138671.0,0.0,-3.1201,0.004,-0.08901,0.0,0.0,-1.0,0.0,0.0,99.0,478.0
138681.0,0.0,-3.1186,-0.003,-0.08901,0.0,0.0,-1.0,0.0,0.0,99.0,485.0
138691.0,0.0,-3.1201,0.007,-0.08901,0.0,0.0,-1.0,0.0,0.0,99.0,491.0
138702.0,0.0,-3.1186,-0.001,-0.08901,0.0,0.0,-1.0,0.0,0.0,99.0,485.0
138712.0,0.0,-3.1186,0.005,-0.08901,0.0,0.0,-1.0,0.0,0.0,99.0,491.0
138722.0,0.0,-3.1186,0.005,-0.08901,0.0,0.0,-1.0,0.0,0.0,99.0,485.0
138732.0,0.0,-3.1201,-0.001,-0.08901,0.0,0.0,-1.0,0.0,0.0,99.0,485.0
138743.0,0.0,-3.1186,-0.002,-0.08901,0.0,0.0,-1.0,0.0,0.0,99.0,477.0
138753.0,0.0,-3.1186,0.007,-0.08901,0.0,0.0,-1.0,0.0,0.0,99.0,477.0
138763.0,0.0,-3.1186,0.009,-0.08901,0.0,0.0,-1.0,0.0,0.0,99.0,478.0
138773.0,0.0,-3.1186,0.012,-0.08901,0.0,0.0,-1.0,0.0,0.0,99.0,492.0
138783.0,0.0,-3.1201,0.003,-0.08901,0.0,0.0,-1.0,0.0,0.0,99.0,485.0
138793.0,0.0,-3.1201,-0.004,-0.08901,0.0,0.0,-1.0,0.0,0.0,99.0,484.0
138803.0,0.0,-3.1186,-0.0,-0.08901,0.0,0.0,-1.0,0.0,0.0,99.0,484.0
138813.0,0.0,-3.1201,-0.001,-0.08901,0.0,0.0,-1.0,0.0,0.0,99.0,485.0
138824.0,0.0,-3.1201,-0.003,-0.08901,0.0,0.0,-1.0,0.0,0.0,99.0,485.0
138834.0,0.0,-3.1201,-0.005,-0.08901,0.0,0.0,-1.0,0.0,0.0,99.0,478.0
138844.0,0.0,-3.1201,-0.003,-0.08901,0.0,0.0,-1.0,0.0,0.0,99.0,485.0
138854.0,0.0,-3.1201,-0.015,-0.08901,0.0,0.0,-1.0,0.0,0.0,99.0,485.0
138865.0,0.0,-3.1186,-0.002,-0.08901,0.0,0.0,-1.0,0.0,0.0,99.0,485.0
138875.0,0.0,-3.1186,0.0,-0.08901,0.0,0.0,-1.0,0.0,0.0,99.0,485.0
138885.0,0.0,-3.1201,0.003,-0.08901,0.0,0.0,-1.0,0.0,0.0,99.0,485.0
138895.0,0.0,-3.1201,0.001,-0.08901,0.0,0.0,-1.0,0.0,0.0,99.0,478.0
138906.0,0.0,-3.1186,0.004,-0.08901,0.0,0.0,-1.0,0.0,0.0,99.0,478.0
138916.0,0.0,-3.1186,0.013,-0.08901,0.0,0.0,-1.0,0.0,0.0,99.0,484.0
138926.0,0.0,-3.1201,-0.003,-0.08901,0.0,0.0,-1.0,0.0,0.0,99.0,485.0
138936.0,0.0,-3.1201,-0.001,-0.08901,0.0,0.0,-1.0,0.0,0.0,99.0,492.0
138946.0,0.0,-3.1186,0.002,-0.08901,0.0,0.0,-1.0,0.0,0.0,99.0,478.0
138957.0,0.0,-3.1186,-0.003,-0.08901,0.0,0.0,-1.0,0.0,0.0,99.0,485.0
138967.0,0.0,-3.1186,-0.002,-0.08901,0.0,0.0,-1.0,0.0,0.0,99.0,485.0
138977.0,0.0,-3.1186,0.012,-0.08901,0.0,0.0,-1.0,0.0,0.0,99.0,477.0
138987.0,0.0,-3.1186,0.009,-0.08901,0.0,0.0,-1.0,0.0,0.0,99.0,478.0
138997.0,0.0,-3.1186,-0.003,-0.08901,0.0,0.0,-1.0,0.0,0.0,99.0,478.0
139007.0,0.0,-3.1201,-0.012,-0.08901,0.0,0.0,-1.0,0.0,0.0,99.0,485.0
139017.0,0.0,-3.1201,-0.011,-0.08901,0.0,0.0,-1.0,0.0,0.0,99.0,484.0
139028.0,0.0,-3.1201,-0.004,-0.08901,0.0,0.0,-1.0,0.0,0.0,99.0,484.0
139038.0,0.0,-3.1186,-0.004,-0.08901,0.0,0.0,-1.0,0.0,0.0,99.0,485.0
139048.0,0.0,-3.1186,0.004,-0.08901,0.0,0.0,-1.0,0.0,0.0,99.0,485.0
139058.0,0.0,-3.1186,0.009,-0.08901,0.0,0.0,-1.0,0.0,0.0,99.0,492.0
139068.0,0.0,-3.1201,-0.003,-0.08901,0.0,0.0,-1.0,0.0,0.0,99.0,477.0
139078.0,0.0,-3.1186,0.005,-0.08901,0.0,0.0,-1.0,0.0,0.0,99.0,478.0
139088.0,0.0,-3.1186,0.001,-0.08901,0.0,0.0,-1.0,0.0,0.0,99.0,478.0
139098.0,0.0,-3.1186,0.012,-0.08901,0.0,0.0,-1.0,0.0,0.0,99.0,484.0
139109.0,0.0,-3.1186,0.007,-0.08901,0.0,0.0,-1.0,0.0,0.0,99.0,478.0
139119.0,0.0,-3.1201,-0.011,-0.08901,0.0,0.0,-1.0,0.0,0.0,99.0,492.0
139129.0,0.0,-3.1186,-0.001,-0.08901,0.0,0.0,-1.0,0.0,0.0,99.0,485.0
139139.0,0.0,-3.1186,0.006,-0.08901,0.0,0.0,-1.0,0.0,0.0,99.0,478.0
139150.0,0.0,-3.1186,-0.0,-0.08901,0.0,0.0,-1.0,0.0,0.0,99.0,477.0
139160.0,0.0,-3.1201,-0.0,-0.08901,0.0,0.0,-1.0,0.0,0.0,99.0,484.0
139170.0,0.0,-3.1186,-0.001,-0.08901,0.0,0.0,-1.0,0.0,0.0,99.0,485.0
139180.0,0.0,-3.1201,-0.009,-0.08901,0.0,0.0,-1.0,0.0,0.0,99.0,485.0
139190.0,0.0,-3.1186,0.003,-0.08901,0.0,0.0,-1.0,0.0,0.0,99.0,485.0
139201.0,0.0,-3.1186,0.003,-0.08901,0.0,0.0,-1.0,0.0,0.0,99.0,477.0
139211.0,0.0,-3.1186,-0.003,-0.08901,0.0,0.0,-1.0,0.0,0.0,99.0,485.0
139221.0,0.0,-3.1201,-0.011,-0.08901,0.0,0.0,-1.0,0.0,0.0,99.0,492.0
139231.0,0.0,-3.1186,0.008,-0.08901,0.0,0.0,-1.0,0.0,0.0,99.0,485.0
139241.0,0.0,-3.1201,-0.01,-0.08901,0.0,0.0,-1.0,0.0,0.0,99.0,477.0
139251.0,0.0,-3.1186,-0.012,-0.08901,0.0,0.0,-1.0,0.0,0.0,99.0,491.0
139261.0,0.0,-3.1201,-0.013,-0.08901,0.0,0.0,-1.0,0.0,0.0,99.0,491.0
139272.0,0.0,-3.1201,-0.007,-0.08901,0.0,0.0,-1.0,0.0,0.0,99.0,478.0
139282.0,0.0,-3.1201,-0.003,-0.08901,0.0,0.0,-1.0,0.0,0.0,99.0,486.0
139292.0,0.0,-3.1201,-0.006,-0.08901,0.0,0.0,-1.0,0.0,0.0,99.0,491.0
139302.0,0.0,-3.1201,-0.002,-0.08901,0.0,0.0,-1.0,0.0,0.0,99.0,485.0
139313.0,0.0,-3.1201,-0.004,-0.08901,0.0,0.0,-1.0,0.0,0.0,99.0,485.0
139323.0,0.0,-3.1186,0.002,-0.08901,0.0,0.0,-1.0,0.0,0.0,99.0,478.0
139333.0,0.0,-3.1201,-0.008,-0.08901,0.0,0.0,-1.0,0.0,0.0,99.0,477.0
139344.0,0.0,-3.1201,-0.008,-0.08901,0.0,0.0,-1.0,0.0,0.0,99.0,485.0
139354.0,0.0,-3.1186,-0.004,-0.08901,0.0,0.0,-1.0,0.0,0.0,99.0,485.0
139364.0,0.0,-3.1201,0.001,-0.08901,0.0,0.0,-1.0,0.0,0.0,99.0,485.0
139374.0,0.0,-3.1201,-0.01,-0.08901,0.0,0.0,-1.0,0.0,0.0,99.0,491.0
139384.0,0.0,-3.1186,0.003,-0.08901,0.0,0.0,-1.0,0.0,0.0,99.0,484.0
139395.0,0.0,-3.1186,0.015,-0.08901,0.0,0.0,-1.0,0.0,0.0,99.0,477.0
139405.0,0.0,-3.1186,0.01,-0.08901,0.0,0.0,-1.0,0.0,0.0,99.0,485.0
139415.0,0.0,-3.1201,-0.002,-0.08901,0.0,0.0,-1.0,0.0,0.0,99.0,491.0
139425.0,0.0,-3.1201,-0.006,-0.08901,0.0,0.0,-1.0,0.0,0.0,99.0,485.0
139435.0,0.0,-3.1201,-0.004,-0.08901,0.0,0.0,-1.0,0.0,0.0,99.0,477.0
139445.0,0.0,-3.1186,-0.002,-0.08901,0.0,0.0,-1.0,0.0,0.0,99.0,478.0
139455.0,0.0,-3.1201,-0.002,-0.08901,0.0,0.0,-1.0,0.0,0.0,99.0,485.0
139466.0,0.0,-3.1186,0.015,-0.08901,0.0,0.0,-1.0,0.0,0.0,99.0,478.0
139476.0,0.0,-3.1186,0.004,-0.08901,0.0,0.0,-1.0,0.0,0.0,99.0,485.0
139486.0,0.0,-3.1201,-0.009,-0.08901,0.0,0.0,-1.0,0.0,0.0,99.0,484.0
139496.0,0.0,-3.1186,0.0,-0.08901,0.0,0.0,-1.0,0.0,0.0,99.0,478.0
139506.0,0.0,-3.1186,0.001,-0.08901,0.0,0.0,-1.0,0.0,0.0,99.0,485.0
139516.0,0.0,-3.1201,0.008,-0.08901,0.0,0.0,-1.0,0.0,0.0,99.0,485.0
139526.0,0.0,-3.1186,0.004,-0.08901,0.0,0.0,-1.0,0.0,0.0,99.0,485.0
139536.0,0.0,-3.1201,0.0,-0.08901,0.0,0.0,-1.0,0.0,0.0,99.0,484.0
139547.0,0.0,-3.1201,-0.014,-0.08901,0.0,0.0,-1.0,0.0,0.0,99.0,485.0
139557.0,0.0,-3.1201,0.001,-0.08901,0.0,0.0,-1.0,0.0,0.0,99.0,492.0
139567.0,0.0,-3.1186,0.018,-0.08901,0.0,0.0,-1.0,0.0,0.0,99.0,485.0
139577.0,0.0,-3.1186,0.008,-0.08901,0.0,0.0,-1.0,0.0,0.0,99.0,485.0
139587.0,0.0,-3.1201,0.001,-0.08901,0.0,0.0,-1.0,0.0,0.0,99.0,478.0
139597.0,0.0,-3.1201,-0.004,-0.08901,0.0,0.0,-1.0,0.0,0.0,99.0,492.0
139607.0,0.0,-3.1186,-0.005,-0.08901,0.0,0.0,-1.0,0.0,0.0,99.0,484.0
139618.0,0.0,-3.1201,-0.01,-0.08901,0.0,0.0,-1.0,0.0,0.0,99.0,477.0
139628.0,0.0,-3.1186,-0.001,-0.08901,0.0,0.0,-1.0,0.0,0.0,99.0,477.0
139638.0,0.0,-3.1186,0.003,-0.08901,0.0,0.0,-1.0,0.0,0.0,99.0,485.0
139648.0,0.0,-3.1186,0.011,-0.08901,0.0,0.0,-1.0,0.0,0.0,99.0,478.0
139658.0,0.0,-3.1201,0.003,-0.08901,0.0,0.0,-1.0,0.0,0.0,99.0,492.0
139668.0,0.0,-3.1186,0.002,-0.08901,0.0,0.0,-1.0,0.0,0.0,99.0,485.0
139679.0,0.0,-3.1201,-0.001,-0.08901,0.0,0.0,-1.0,0.0,0.0,99.0,485.0
139689.0,0.0,-3.1186,0.011,-0.08901,0.0,0.0,-1.0,0.0,0.0,99.0,478.0
139699.0,0.0,-3.1186,0.015,-0.08901,0.0,0.0,-1.0,0.0,0.0,99.0,485.0
139709.0,0.0,-3.1201,0.002,-0.08901,0.0,0.0,-1.0,0.0,0.0,99.0,485.0
139719.0,0.0,-3.1186,-0.005,-0.08901,0.0,0.0,-1.0,0.0,0.0,99.0,491.0
139729.0,0.0,-3.1201,-0.009,-0.08901,0.0,0.0,-1.0,0.0,0.0,99.0,478.0
139739.0,0.0,-3.1201,-0.003,-0.08901,0.0,0.0,-1.0,0.0,0.0,99.0,485.0
139749.0,0.0,-3.1201,-0.002,-0.08901,0.0,0.0,-1.0,0.0,0.0,99.0,478.0
139759.0,0.0,-3.1186,-0.007,-0.08901,0.0,0.0,-1.0,0.0,0.0,99.0,491.0
139770.0,0.0,-3.1201,0.001,-0.08901,0.0,0.0,-1.0,0.0,0.0,99.0,477.0
139780.0,0.0,-3.1201,-0.007,-0.08901,0.0,0.0,-1.0,0.0,0.0,99.0,492.0
139790.0,0.0,-3.1186,-0.001,-0.08901,0.0,0.0,-1.0,0.0,0.0,99.0,485.0
139800.0,0.0,-3.1201,-0.006,-0.08901,0.0,0.0,-1.0,0.0,0.0,99.0,484.0
139810.0,0.0,-3.1186,0.001,-0.08901,0.0,0.0,-1.0,0.0,0.0,99.0,484.0
139820.0,0.0,-3.1201,-0.002,-0.08901,0.0,0.0,-1.0,0.0,0.0,99.0,491.0
139830.0,0.0,-3.1201,-0.002,-0.08901,0.0,0.0,-1.0,0.0,0.0,99.0,478.0
139840.0,0.0,-3.1201,-0.013,-0.08901,0.0,0.0,-1.0,0.0,0.0,99.0,478.0
139851.0,0.0,-3.1186,-0.002,-0.08901,0.0,0.0,-1.0,0.0,0.0,99.0,485.0
139861.0,0.0,-3.1201,-0.004,-0.08901,0.0,0.0,-1.0,0.0,0.0,99.0,478.0
139871.0,0.0,-3.1186,-0.002,-0.08901,0.0,0.0,-1.0,0.0,0.0,99.0,492.0
139881.0,0.0,-3.1201,-0.001,-0.08901,0.0,0.0,-1.0,0.0,0.0,99.0,485.0
139892.0,0.0,-3.1186,0.005,-0.08901,0.0,0.0,-1.0,0.0,0.0,99.0,485.0
139902.0,0.0,-3.1201,-0.0,-0.08901,0.0,0.0,-1.0,0.0,0.0,99.0,477.0
139912.0,0.0,-3.1201,-0.004,-0.08901,0.0,0.0,-1.0,0.0,0.0,99.0,485.0
139922.0,0.0,-3.1201,-0.009,-0.08901,0.0,0.0,-1.0,0.0,0.0,99.0,478.0
139932.0,0.0,-3.1186,-0.002,-0.08901,0.0,0.0,-1.0,0.0,0.0,99.0,485.0
139943.0,0.0,-3.1201,0.004,-0.08901,0.0,0.0,-1.0,0.0,0.0,99.0,477.0
139953.0,0.0,-3.1201,-0.003,-0.08901,0.0,0.0,-1.0,0.0,0.0,99.0,484.0
139963.0,0.0,-3.1201,-0.003,-0.08901,0.0,0.0,-1.0,0.0,0.0,99.0,485.0
139973.0,0.0,-3.1201,0.001,-0.08901,0.0,0.0,-1.0,0.0,0.0,99.0,485.0
139983.0,0.0,-3.1201,-0.003,-0.08901,0.0,0.0,-1.0,0.0,0.0,99.0,485.0
139994.0,0.0,-3.1201,-0.005,-0.08901,0.0,0.0,-1.0,0.0,0.0,99.0,477.0
140004.0,0.0,-3.1201,-0.003,-0.08901,0.0,0.0,-1.0,0.0,0.0,99.0,485.0
140014.0,0.0,-3.1186,0.006,-0.08901,0.0,0.0,-1.0,0.0,0.0,99.0,478.0
140024.0,0.0,-3.1186,0.002,-0.08901,0.0,0.0,-1.0,0.0,0.0,99.0,485.0
140034.0,0.0,-3.1201,-0.002,-0.08901,0.0,0.0,-1.0,0.0,0.0,99.0,485.0
140044.0,0.0,-3.1201,0.002,-0.08901,0.0,0.0,-1.0,0.0,0.0,99.0,477.0
140054.0,0.0,-3.1186,0.009,-0.08901,0.0,0.0,-1.0,0.0,0.0,99.0,485.0
140065.0,0.0,-3.1186,0.005,-0.08901,0.0,0.0,-1.0,0.0,0.0,99.0,477.0
140075.0,0.0,-3.1186,0.002,-0.08901,0.0,0.0,-1.0,0.0,0.0,99.0,485.0
140085.0,0.0,-3.1186,0.0,-0.08901,0.0,0.0,-1.0,0.0,0.0,99.0,492.0
140095.0,0.0,-3.1201,-0.005,-0.08901,0.0,0.0,-1.0,0.0,0.0,99.0,485.0
140105.0,0.0,-3.1201,-0.002,-0.08901,0.0,0.0,-1.0,0.0,0.0,99.0,491.0
140115.0,0.0,-3.1201,-0.005,-0.08901,0.0,0.0,-1.0,0.0,0.0,99.0,478.0
140126.0,0.0,-3.1186,0.008,-0.08901,0.0,0.0,-1.0,0.0,0.0,99.0,485.0
140136.0,0.0,-3.1201,0.009,-0.08901,0.0,0.0,-1.0,0.0,0.0,99.0,478.0
140146.0,0.0,-3.1186,0.006,-0.08901,0.0,0.0,-1.0,0.0,0.0,99.0,485.0
140156.0,0.0,-3.1186,-0.0,-0.08901,0.0,0.0,-1.0,0.0,0.0,99.0,478.0
140167.0,0.0,-3.1201,-0.009,-0.08901,0.0,0.0,-1.0,0.0,0.0,99.0,485.0
140177.0,0.0,-3.1186,-0.008,-0.08901,0.0,0.0,-1.0,0.0,0.0,99.0,485.0
140187.0,0.0,-3.1186,-0.003,-0.08901,0.0,0.0,-1.0,0.0,0.0,99.0,485.0
140197.0,0.0,-3.1201,-0.001,-0.08901,0.0,0.0,-1.0,0.0,0.0,99.0,478.0
140207.0,0.0,-3.1201,0.006,-0.08901,0.0,0.0,-1.0,0.0,0.0,99.0,485.0
140217.0,0.0,-3.1201,0.002,-0.08901,0.0,0.0,-1.0,0.0,0.0,99.0,491.0
140227.0,0.0,-3.1201,-0.009,-0.08901,0.0,0.0,-1.0,0.0,0.0,99.0,485.0
140238.0,0.0,-3.1201,-0.01,-0.08901,0.0,0.0,-1.0,0.0,0.0,99.0,485.0
140248.0,0.0,-3.1201,-0.008,-0.08901,0.0,0.0,-1.0,0.0,0.0,99.0,485.0
140258.0,0.0,-3.1201,0.002,-0.08901,0.0,0.0,-1.0,0.0,0.0,99.0,477.0
140268.0,0.0,-3.1201,-0.003,-0.08901,0.0,0.0,-1.0,0.0,0.0,99.0,492.0
140279.0,0.0,-3.1186,0.002,-0.08901,0.0,0.0,-1.0,0.0,0.0,99.0,485.0
140289.0,0.0,-3.1201,-0.002,-0.08901,0.0,0.0,-1.0,0.0,0.0,99.0,478.0
140299.0,0.0,-3.1201,-0.003,-0.08901,0.0,0.0,-1.0,0.0,0.0,99.0,478.0
140309.0,0.0,-3.1201,-0.002,-0.08901,0.0,0.0,-1.0,0.0,0.0,99.0,477.0
140319.0,0.0,-3.1201,-0.002,-0.08901,0.0,0.0,-1.0,0.0,0.0,99.0,485.0
140329.0,0.0,-3.1201,0.004,-0.08901,0.0,0.0,-1.0,0.0,0.0,99.0,485.0
140339.0,0.0,-3.1201,-0.0,-0.08901,0.0,0.0,-1.0,0.0,0.0,99.0,484.0
140350.0,0.0,-3.1201,-0.001,-0.08901,0.0,0.0,-1.0,0.0,0.0,99.0,485.0
140360.0,0.0,-3.1201,-0.001,-0.08901,0.0,0.0,-1.0,0.0,0.0,99.0,485.0
140370.0,0.0,-3.1201,0.003,-0.08901,0.0,0.0,-1.0,0.0,0.0,99.0,485.0
140380.0,0.0,-3.1201,-0.0,-0.08901,0.0,0.0,-1.0,0.0,0.0,99.0,478.0
140391.0,0.0,-3.1201,-0.001,-0.08901,0.0,0.0,-1.0,0.0,0.0,99.0,485.0
140401.0,0.0,-3.1201,-0.001,-0.08901,0.0,0.0,-1.0,0.0,0.0,99.0,485.0
140411.0,0.0,-3.1201,-0.001,-0.08901,0.0,0.0,-1.0,0.0,0.0,99.0,491.0
140421.0,0.0,-3.1201,-0.001,-0.08901,0.0,0.0,-1.0,0.0,0.0,99.0,484.0
140432.0,0.0,-3.1201,-0.0,-0.08901,0.0,0.0,-1.0,0.0,0.0,99.0,484.0
140442.0,0.0,-3.1201,-0.0,-0.08901,0.0,0.0,-1.0,0.0,0.0,99.0,485.0
140452.0,0.0,-3.1186,0.006,-0.08901,0.0,0.0,-1.0,0.0,0.0,99.0,485.0
140463.0,0.0,-3.1201,0.001,-0.08901,0.0,0.0,-1.0,0.0,0.0,99.0,483.0
140473.0,0.0,-3.1201,0.007,-0.08901,0.0,0.0,-1.0,0.0,0.0,99.0,478.0
140483.0,0.0,-3.1186,0.015,-0.08901,0.0,0.0,-1.0,0.0,0.0,99.0,485.0
140493.0,0.0,-3.1201,-0.0,-0.08901,0.0,0.0,-1.0,0.0,0.0,99.0,477.0
140503.0,0.0,-3.1201,-0.0,-0.08901,0.0,0.0,-1.0,0.0,0.0,99.0,492.0
140514.0,0.0,-3.1186,0.002,-0.08901,0.0,0.0,-1.0,0.0,0.0,99.0,478.0
140524.0,0.0,-3.1201,0.004,-0.08901,0.0,0.0,-1.0,0.0,0.0,99.0,478.0
140534.0,0.0,-3.1201,0.001,-0.08901,0.0,0.0,-1.0,0.0,0.0,99.0,485.0
140544.0,0.0,-3.1201,-0.0,-0.08901,0.0,0.0,-1.0,0.0,0.0,99.0,491.0
140554.0,0.0,-3.1201,-0.004,-0.08901,0.0,0.0,-1.0,0.0,0.0,99.0,477.0
140564.0,0.0,-3.1186,0.002,-0.08901,0.0,0.0,-1.0,0.0,0.0,99.0,478.0
140575.0,0.0,-3.1201,-0.003,-0.08901,0.0,0.0,-1.0,0.0,0.0,99.0,485.0
140585.0,0.0,-3.1201,-0.002,-0.08901,0.0,0.0,-1.0,0.0,0.0,99.0,477.0
140595.0,0.0,-3.1201,-0.006,-0.08901,0.0,0.0,-1.0,0.0,0.0,99.0,485.0
140605.0,0.0,-3.1201,-0.001,-0.08901,0.0,0.0,-1.0,0.0,0.0,99.0,478.0
140616.0,0.0,-3.1201,0.002,-0.08901,0.0,0.0,-1.0,0.0,0.0,99.0,485.0
140626.0,0.0,-3.1201,-0.006,-0.08901,0.0,0.0,-1.0,0.0,0.0,99.0,478.0
140636.0,0.0,-3.1201,-0.006,-0.08901,0.0,0.0,-1.0,0.0,0.0,99.0,492.0
140646.0,0.0,-3.1201,0.007,-0.08901,0.0,0.0,-1.0,0.0,0.0,99.0,477.0
140656.0,0.0,-3.1201,0.006,-0.08901,0.0,0.0,-1.0,0.0,0.0,99.0,485.0
140667.0,0.0,-3.1186,0.005,-0.08901,0.0,0.0,-1.0,0.0,0.0,99.0,485.0
140677.0,0.0,-3.1201,-0.005,-0.08901,0.0,0.0,-1.0,0.0,0.0,99.0,492.0
140687.0,0.0,-3.1201,-0.0,-0.08901,0.0,0.0,-1.0,0.0,0.0,99.0,482.0
140697.0,0.0,-3.1201,-0.005,-0.08901,0.0,0.0,-1.0,0.0,0.0,99.0,485.0
140707.0,0.0,-3.1201,-0.005,-0.08901,0.0,0.0,-1.0,0.0,0.0,99.0,491.0
140717.0,0.0,-3.1201,0.002,-0.08901,0.0,0.0,-1.0,0.0,0.0,99.0,477.0
140727.0,0.0,-3.1201,0.002,-0.08901,0.0,0.0,-1.0,0.0,0.0,99.0,491.0
140738.0,0.0,-3.1201,-0.003,-0.08901,0.0,0.0,-1.0,0.0,0.0,99.0,477.0
140748.0,0.0,-3.1201,-0.003,-0.08901,0.0,0.0,-1.0,0.0,0.0,99.0,492.0
140758.0,0.0,-3.1201,-0.001,-0.08901,0.0,0.0,-1.0,0.0,0.0,99.0,485.0
140768.0,0.0,-3.1201,0.002,-0.08901,0.0,0.0,-1.0,0.0,0.0,99.0,478.0
140778.0,0.0,-3.1201,0.003,-0.08901,0.0,0.0,-1.0,0.0,0.0,99.0,491.0
140788.0,0.0,-3.1201,0.007,-0.08901,0.0,0.0,-1.0,0.0,0.0,99.0,484.0
140798.0,0.0,-3.1201,-0.003,-0.08901,0.0,0.0,-1.0,0.0,0.0,99.0,485.0
140809.0,0.0,-3.1186,0.009,-0.08901,0.0,0.0,-1.0,0.0,0.0,99.0,478.0
140819.0,0.0,-3.1201,-0.001,-0.08901,0.0,0.0,-1.0,0.0,0.0,99.0,491.0
140829.0,0.0,-3.1201,-0.005,-0.08901,0.0,0.0,-1.0,0.0,0.0,99.0,484.0
140839.0,0.0,-3.1201,0.004,-0.08901,0.0,0.0,-1.0,0.0,0.0,99.0,491.0
140850.0,0.0,-3.1201,-0.004,-0.08901,0.0,0.0,-1.0,0.0,0.0,99.0,478.0
140860.0,0.0,-3.1201,-0.005,-0.08901,0.0,0.0,-1.0,0.0,0.0,99.0,485.0
140870.0,0.0,-3.1186,0.007,-0.08901,0.0,0.0,-1.0,0.0,0.0,99.0,491.0
140880.0,0.0,-3.1201,-0.002,-0.08901,0.0,0.0,-1.0,0.0,0.0,99.0,485.0
140890.0,0.0,-3.1201,-0.004,-0.08901,0.0,0.0,-1.0,0.0,0.0,99.0,484.0
140901.0,0.0,-3.1201,0.001,-0.08901,0.0,0.0,-1.0,0.0,0.0,99.0,477.0
140911.0,0.0,-3.1201,0.004,-0.08901,0.0,0.0,-1.0,0.0,0.0,99.0,477.0
140921.0,0.0,-3.1201,-0.002,-0.08901,0.0,0.0,-1.0,0.0,0.0,99.0,485.0
140931.0,0.0,-3.1201,0.001,-0.08901,0.0,0.0,-1.0,0.0,0.0,99.0,484.0
140941.0,0.0,-3.1186,0.007,-0.08901,0.0,0.0,-1.0,0.0,0.0,99.0,491.0
140951.0,0.0,-3.1186,0.003,-0.08901,0.0,0.0,-1.0,0.0,0.0,99.0,485.0
140961.0,0.0,-3.1186,0.009,-0.08901,0.0,0.0,-1.0,0.0,0.0,99.0,478.0
140971.0,0.0,-3.1201,0.002,-0.08901,0.0,0.0,-1.0,0.0,0.0,99.0,485.0
140981.0,0.0,-3.1201,0.001,-0.08901,0.0,0.0,-1.0,0.0,0.0,99.0,478.0
140992.0,0.0,-3.1201,-0.001,-0.08901,0.0,0.0,-1.0,0.0,0.0,99.0,477.0
141002.0,0.0,-3.1201,-0.006,-0.08901,0.0,0.0,-1.0,0.0,0.0,99.0,483.0
141012.0,0.0,-3.1201,-0.006,-0.08901,0.0,0.0,-1.0,0.0,0.0,99.0,478.0
141022.0,0.0,-3.1186,0.005,-0.08901,0.0,0.0,-1.0,0.0,0.0,99.0,484.0
141032.0,0.0,-3.1201,0.003,-0.08901,0.0,0.0,-1.0,0.0,0.0,99.0,478.0
141042.0,0.0,-3.1201,-0.001,-0.08901,0.0,0.0,-1.0,0.0,0.0,99.0,491.0
141053.0,0.0,-3.1201,-0.003,-0.08901,0.0,0.0,-1.0,0.0,0.0,99.0,477.0
141063.0,0.0,-3.1201,-0.005,-0.08901,0.0,0.0,-1.0,0.0,0.0,99.0,484.0
141073.0,0.0,-3.1201,-0.0,-0.08901,0.0,0.0,-1.0,0.0,0.0,99.0,478.0
141083.0,0.0,-3.1201,0.002,-0.08901,0.0,0.0,-1.0,0.0,0.0,99.0,478.0
141093.0,0.0,-3.1201,-0.003,-0.08901,0.0,0.0,-1.0,0.0,0.0,99.0,484.0
141104.0,0.0,-3.1201,0.009,-0.08901,0.0,0.0,-1.0,0.0,0.0,99.0,485.0
141114.0,0.0,-3.1201,-0.003,-0.08901,0.0,0.0,-1.0,0.0,0.0,99.0,492.0
141124.0,0.0,-3.1201,-0.005,-0.08901,0.0,0.0,-1.0,0.0,0.0,99.0,478.0
141134.0,0.0,-3.1201,-0.005,-0.08901,0.0,0.0,-1.0,0.0,0.0,99.0,478.0
141145.0,0.0,-3.1201,0.001,-0.08901,0.0,0.0,-1.0,0.0,0.0,99.0,477.0
141155.0,0.0,-3.1201,0.005,-0.08901,0.0,0.0,-1.0,0.0,0.0,99.0,492.0
141165.0,0.0,-3.1201,-0.001,-0.08901,0.0,0.0,-1.0,0.0,0.0,99.0,492.0
141175.0,0.0,-3.1201,-0.005,-0.08901,0.0,0.0,-1.0,0.0,0.0,99.0,483.0
141185.0,0.0,-3.1201,-0.004,-0.08901,0.0,0.0,-1.0,0.0,0.0,99.0,478.0
141195.0,0.0,-3.1201,-0.003,-0.08901,0.0,0.0,-1.0,0.0,0.0,99.0,491.0
141206.0,0.0,-3.1201,0.002,-0.08901,0.0,0.0,-1.0,0.0,0.0,99.0,485.0
141216.0,0.0,-3.1201,0.002,-0.08901,0.0,0.0,-1.0,0.0,0.0,99.0,478.0
141226.0,0.0,-3.1201,0.0,-0.08901,0.0,0.0,-1.0,0.0,0.0,99.0,477.0
141236.0,0.0,-3.1201,-0.003,-0.08901,0.0,0.0,-1.0,0.0,0.0,99.0,477.0
141246.0,0.0,-3.1201,-0.001,-0.08901,0.0,0.0,-1.0,0.0,0.0,99.0,478.0
141257.0,0.0,-3.1201,-0.003,-0.08901,0.0,0.0,-1.0,0.0,0.0,99.0,485.0
141267.0,0.0,-3.1201,0.004,-0.08901,0.0,0.0,-1.0,0.0,0.0,99.0,485.0
141277.0,0.0,-3.1201,0.003,-0.08901,0.0,0.0,-1.0,0.0,0.0,99.0,477.0
141287.0,0.0,-3.1201,-0.003,-0.08901,0.0,0.0,-1.0,0.0,0.0,99.0,486.0
141297.0,0.0,-3.1201,-0.001,-0.08901,0.0,0.0,-1.0,0.0,0.0,99.0,485.0
141307.0,0.0,-3.1201,-0.004,-0.08901,0.0,0.0,-1.0,0.0,0.0,99.0,491.0
141318.0,0.0,-3.1201,0.002,-0.08901,0.0,0.0,-1.0,0.0,0.0,99.0,477.0
141328.0,0.0,-3.1201,0.011,-0.08901,0.0,0.0,-1.0,0.0,0.0,99.0,485.0
141338.0,0.0,-3.1201,-0.001,-0.08901,0.0,0.0,-1.0,0.0,0.0,99.0,478.0
141348.0,0.0,-3.1201,-0.003,-0.08901,0.0,0.0,-1.0,0.0,0.0,99.0,477.0
141358.0,0.0,-3.1201,-0.006,-0.08901,0.0,0.0,-1.0,0.0,0.0,99.0,485.0
141368.0,0.0,-3.1201,-0.003,-0.08901,0.0,0.0,-1.0,0.0,0.0,99.0,484.0
141379.0,0.0,-3.1201,0.003,-0.08901,0.0,0.0,-1.0,0.0,0.0,99.0,478.0
141389.0,0.0,-3.1201,0.004,-0.08901,0.0,0.0,-1.0,0.0,0.0,99.0,491.0
141399.0,0.0,-3.1201,-0.002,-0.08901,0.0,0.0,-1.0,0.0,0.0,99.0,492.0
141409.0,0.0,-3.1201,-0.005,-0.08901,0.0,0.0,-1.0,0.0,0.0,99.0,477.0
141419.0,0.0,-3.1201,-0.005,-0.08901,0.0,0.0,-1.0,0.0,0.0,99.0,477.0
141429.0,0.0,-3.1186,0.005,-0.08901,0.0,0.0,-1.0,0.0,0.0,99.0,485.0
141439.0,0.0,-3.1186,0.004,-0.08901,0.0,0.0,-1.0,0.0,0.0,99.0,492.0
141450.0,0.0,-3.1201,0.006,-0.08901,0.0,0.0,-1.0,0.0,0.0,99.0,485.0
141460.0,0.0,-3.1201,-0.003,-0.08901,0.0,0.0,-1.0,0.0,0.0,99.0,483.0
141470.0,0.0,-3.1201,-0.004,-0.08901,0.0,0.0,-1.0,0.0,0.0,99.0,477.0
141480.0,0.0,-3.1201,-0.004,-0.08901,0.0,0.0,-1.0,0.0,0.0,99.0,478.0
141490.0,0.0,-3.1201,-0.003,-0.08901,0.0,0.0,-1.0,0.0,0.0,99.0,485.0
141500.0,0.0,-3.1201,-0.002,-0.08901,0.0,0.0,-1.0,0.0,0.0,99.0,484.0
141511.0,0.0,-3.1201,0.005,-0.08901,0.0,0.0,-1.0,0.0,0.0,99.0,477.0
141521.0,0.0,-3.1201,0.003,-0.08901,0.0,0.0,-1.0,0.0,0.0,99.0,484.0
141531.0,0.0,-3.1201,0.009,-0.08901,0.0,0.0,-1.0,0.0,0.0,99.0,485.0
141541.0,0.0,-3.1201,-0.003,-0.08901,0.0,0.0,-1.0,0.0,0.0,99.0,477.0
141551.0,0.0,-3.1201,-0.005,-0.08901,0.0,0.0,-1.0,0.0,0.0,99.0,477.0
141561.0,0.0,-3.1201,-0.007,-0.08901,0.0,0.0,-1.0,0.0,0.0,99.0,478.0
141571.0,0.0,-3.1201,-0.0,-0.08901,0.0,0.0,-1.0,0.0,0.0,99.0,485.0
141581.0,0.0,-3.1201,0.002,-0.08901,0.0,0.0,-1.0,0.0,0.0,99.0,492.0
141592.0,0.0,-3.1186,0.005,-0.08901,0.0,0.0,-1.0,0.0,0.0,99.0,485.0
141602.0,0.0,-3.1201,-0.002,-0.08901,0.0,0.0,-1.0,0.0,0.0,99.0,485.0
141612.0,0.0,-3.1201,-0.006,-0.08901,0.0,0.0,-1.0,0.0,0.0,99.0,485.0
141622.0,0.0,-3.1201,-0.005,-0.08901,0.0,0.0,-1.0,0.0,0.0,99.0,478.0
141632.0,0.0,-3.1186,0.004,-0.08901,0.0,0.0,-1.0,0.0,0.0,99.0,478.0
141642.0,0.0,-3.1201,0.003,-0.08901,0.0,0.0,-1.0,0.0,0.0,99.0,484.0
141653.0,0.0,-3.1186,0.013,-0.08901,0.0,0.0,-1.0,0.0,0.0,99.0,483.0
141663.0,0.0,-3.1201,-0.002,-0.08901,0.0,0.0,-1.0,0.0,0.0,99.0,478.0
141673.0,0.0,-3.1201,-0.005,-0.08901,0.0,0.0,-1.0,0.0,0.0,99.0,485.0
141683.0,0.0,-3.1201,-0.004,-0.08901,0.0,0.0,-1.0,0.0,0.0,99.0,491.0
141693.0,0.0,-3.1201,0.007,-0.08901,0.0,0.0,-1.0,0.0,0.0,99.0,485.0
141704.0,0.0,-3.1201,-0.002,-0.08901,0.0,0.0,-1.0,0.0,0.0,99.0,485.0
141714.0,0.0,-3.1201,-0.002,-0.08901,0.0,0.0,-1.0,0.0,0.0,99.0,486.0
141724.0,0.0,-3.1201,-0.0,-0.08901,0.0,0.0,-1.0,0.0,0.0,99.0,484.0
141734.0,0.0,-3.1201,0.004,-0.08901,0.0,0.0,-1.0,0.0,0.0,99.0,485.0
141745.0,0.0,-3.1201,-0.004,-0.08901,0.0,0.0,-1.0,0.0,0.0,99.0,477.0
141755.0,0.0,-3.1201,0.002,-0.08901,0.0,0.0,-1.0,0.0,0.0,99.0,484.0
141765.0,0.0,-3.1201,0.01,-0.08901,0.0,0.0,-1.0,0.0,0.0,99.0,484.0
141775.0,0.0,-3.1186,0.013,-0.08901,0.0,0.0,-1.0,0.0,0.0,99.0,478.0
141785.0,0.0,-3.1201,0.004,-0.08901,0.0,0.0,-1.0,0.0,0.0,99.0,477.0
141795.0,0.0,-3.1201,-0.01,-0.08901,0.0,0.0,-1.0,0.0,0.0,99.0,491.0
141806.0,0.0,-3.1201,-0.011,-0.08901,0.0,0.0,-1.0,0.0,0.0,99.0,478.0
141816.0,0.0,-3.1201,-0.002,-0.08901,0.0,0.0,-1.0,0.0,0.0,99.0,477.0
141826.0,0.0,-3.1186,0.009,-0.08901,0.0,0.0,-1.0,0.0,0.0,99.0,484.0
141836.0,0.0,-3.1201,0.009,-0.08901,0.0,0.0,-1.0,0.0,0.0,99.0,485.0
141846.0,0.0,-3.1186,0.001,-0.08901,0.0,0.0,-1.0,0.0,0.0,99.0,485.0
141857.0,0.0,-3.1201,-0.006,-0.08901,0.0,0.0,-1.0,0.0,0.0,99.0,478.0
141867.0,0.0,-3.1201,-0.008,-0.08901,0.0,0.0,-1.0,0.0,0.0,99.0,492.0
141877.0,0.0,-3.1186,0.009,-0.08901,0.0,0.0,-1.0,0.0,0.0,99.0,485.0
141887.0,0.0,-3.1186,0.012,-0.08901,0.0,0.0,-1.0,0.0,0.0,99.0,485.0
141897.0,0.0,-3.1186,0.015,-0.08901,0.0,0.0,-1.0,0.0,0.0,99.0,485.0
141907.0,0.0,-3.1201,-0.006,-0.08901,0.0,0.0,-1.0,0.0,0.0,99.0,478.0
141917.0,0.0,-3.1201,-0.017,-0.08901,0.0,0.0,-1.0,0.0,0.0,99.0,485.0
141928.0,0.0,-3.1201,-0.016,-0.08901,0.0,0.0,-1.0,0.0,0.0,99.0,477.0
141938.0,0.0,-3.1201,-0.01,-0.08901,0.0,0.0,-1.0,0.0,0.0,99.0,478.0
141948.0,0.0,-3.1186,0.004,-0.08901,0.0,0.0,-1.0,0.0,0.0,99.0,478.0
141958.0,0.0,-3.1201,0.008,-0.08901,0.0,0.0,-1.0,0.0,0.0,99.0,492.0
141968.0,0.0,-3.1201,-0.006,-0.08901,0.0,0.0,-1.0,0.0,0.0,99.0,484.0
141978.0,0.0,-3.1201,-0.004,-0.08901,0.0,0.0,-1.0,0.0,0.0,99.0,484.0
141988.0,0.0,-3.1201,-0.007,-0.08901,0.0,0.0,-1.0,0.0,0.0,99.0,485.0
141998.0,0.0,-3.1186,-0.0,-0.08901,0.0,0.0,-1.0,0.0,0.0,99.0,478.0
142008.0,0.0,-3.1186,0.012,-0.08901,0.0,0.0,-1.0,0.0,0.0,99.0,478.0
142019.0,0.0,-3.1201,0.009,-0.08901,0.0,0.0,-1.0,0.0,0.0,99.0,477.0
142029.0,0.0,-3.1201,0.011,-0.08901,0.0,0.0,-1.0,0.0,0.0,99.0,478.0
142039.0,0.0,-3.1201,-0.007,-0.08901,0.0,0.0,-1.0,0.0,0.0,99.0,478.0
142049.0,0.0,-3.1186,-0.004,-0.08901,0.0,0.0,-1.0,0.0,0.0,99.0,484.0
142060.0,0.0,-3.1201,-0.007,-0.08901,0.0,0.0,-1.0,0.0,0.0,99.0,483.0
142070.0,0.0,-3.1186,0.0,-0.08901,0.0,0.0,-1.0,0.0,0.0,99.0,477.0
142080.0,0.0,-3.1201,0.0,-0.08901,0.0,0.0,-1.0,0.0,0.0,99.0,485.0
142090.0,0.0,-3.1186,0.007,-0.08901,0.0,0.0,-1.0,0.0,0.0,99.0,492.0
142100.0,0.0,-3.1201,-0.0,-0.08901,0.0,0.0,-1.0,0.0,0.0,99.0,477.0
142110.0,0.0,-3.1186,0.006,-0.08901,0.0,0.0,-1.0,0.0,0.0,99.0,485.0
142121.0,0.0,-3.1201,-0.005,-0.08901,0.0,0.0,-1.0,0.0,0.0,99.0,477.0
142131.0,0.0,-3.1201,0.006,-0.08901,0.0,0.0,-1.0,0.0,0.0,99.0,478.0
142141.0,0.0,-3.1186,-0.001,-0.08901,0.0,0.0,-1.0,0.0,0.0,99.0,492.0
142151.0,0.0,-3.1186,0.001,-0.08901,0.0,0.0,-1.0,0.0,0.0,99.0,485.0
142161.0,0.0,-3.1186,0.005,-0.08901,0.0,0.0,-1.0,0.0,0.0,99.0,485.0
142171.0,0.0,-3.1186,0.016,-0.08901,0.0,0.0,-1.0,0.0,0.0,99.0,492.0
142181.0,0.0,-3.1186,0.014,-0.08901,0.0,0.0,-1.0,0.0,0.0,99.0,477.0
142191.0,0.0,-3.1186,0.011,-0.08901,0.0,0.0,-1.0,0.0,0.0,99.0,485.0
142202.0,0.0,-3.1186,0.003,-0.08901,0.0,0.0,-1.0,0.0,0.0,99.0,477.0
142212.0,0.0,-3.1201,-0.006,-0.08901,0.0,0.0,-1.0,0.0,0.0,99.0,484.0
142222.0,0.0,-3.1201,-0.006,-0.08901,0.0,0.0,-1.0,0.0,0.0,99.0,492.0
142232.0,0.0,-3.1186,0.008,-0.08901,0.0,0.0,-1.0,0.0,0.0,99.0,478.0
142242.0,0.0,-3.1201,0.007,-0.08901,0.0,0.0,-1.0,0.0,0.0,99.0,485.0
142252.0,0.0,-3.1186,0.008,-0.08901,0.0,0.0,-1.0,0.0,0.0,99.0,484.0
142263.0,0.0,-3.1201,-0.014,-0.08901,0.0,0.0,-1.0,0.0,0.0,99.0,485.0
142273.0,0.0,-3.1186,-0.006,-0.08901,0.0,0.0,-1.0,0.0,0.0,99.0,478.0
142283.0,0.0,-3.1201,-0.007,-0.08901,0.0,0.0,-1.0,0.0,0.0,99.0,492.0
142293.0,0.0,-3.1186,-0.0,-0.08901,0.0,0.0,-1.0,0.0,0.0,99.0,485.0
142304.0,0.0,-3.1186,0.015,-0.08901,0.0,0.0,-1.0,0.0,0.0,99.0,484.0
142314.0,0.0,-3.1201,0.002,-0.08901,0.0,0.0,-1.0,0.0,0.0,99.0,485.0
142324.0,0.0,-3.1186,-0.012,-0.08901,0.0,0.0,-1.0,0.0,0.0,99.0,485.0
142334.0,0.0,-3.1186,-0.006,-0.08901,0.0,0.0,-1.0,0.0,0.0,99.0,477.0
142344.0,0.0,-3.1186,0.003,-0.08901,0.0,0.0,-1.0,0.0,0.0,99.0,485.0
142355.0,0.0,-3.1186,0.012,-0.08901,0.0,0.0,-1.0,0.0,0.0,99.0,477.0
142365.0,0.0,-3.1201,0.003,-0.08901,0.0,0.0,-1.0,0.0,0.0,99.0,485.0
142375.0,0.0,-3.1186,-0.002,-0.08901,0.0,0.0,-1.0,0.0,0.0,99.0,485.0
142385.0,0.0,-3.1201,-0.003,-0.08901,0.0,0.0,-1.0,0.0,0.0,99.0,477.0
142395.0,0.0,-3.1186,-0.006,-0.08901,0.0,0.0,-1.0,0.0,0.0,99.0,478.0
142405.0,0.0,-3.1201,-0.004,-0.08901,0.0,0.0,-1.0,0.0,0.0,99.0,492.0
142415.0,0.0,-3.1201,-0.003,-0.08901,0.0,0.0,-1.0,0.0,0.0,99.0,478.0
142425.0,0.0,-3.1186,0.005,-0.08901,0.0,0.0,-1.0,0.0,0.0,99.0,484.0
142436.0,0.0,-3.1186,-0.005,-0.08901,0.0,0.0,-1.0,0.0,0.0,99.0,477.0
142446.0,0.0,-3.1201,-0.008,-0.08901,0.0,0.0,-1.0,0.0,0.0,99.0,492.0
142456.0,0.0,-3.1201,-0.001,-0.08901,0.0,0.0,-1.0,0.0,0.0,99.0,485.0
142466.0,0.0,-3.1201,0.008,-0.08901,0.0,0.0,-1.0,0.0,0.0,99.0,485.0
142476.0,0.0,-3.1201,0.01,-0.08901,0.0,0.0,-1.0,0.0,0.0,99.0,478.0
142487.0,0.0,-3.1201,0.01,-0.08901,0.0,0.0,-1.0,0.0,0.0,99.0,485.0
142497.0,0.0,-3.1201,-0.008,-0.08901,0.0,0.0,-1.0,0.0,0.0,99.0,491.0
142507.0,0.0,-3.1201,-0.011,-0.08901,0.0,0.0,-1.0,0.0,0.0,99.0,478.0
142517.0,0.0,-3.1186,0.002,-0.08901,0.0,0.0,-1.0,0.0,0.0,99.0,483.0
142528.0,0.0,-3.1186,0.004,-0.08901,0.0,0.0,-1.0,0.0,0.0,99.0,477.0
142538.0,0.0,-3.1201,-0.005,-0.08901,0.0,0.0,-1.0,0.0,0.0,99.0,484.0
142548.0,0.0,-3.1186,0.004,-0.08901,0.0,0.0,-1.0,0.0,0.0,99.0,485.0
142558.0,0.0,-3.1186,-0.008,-0.08901,0.0,0.0,-1.0,0.0,0.0,99.0,477.0
142568.0,0.0,-3.1186,-0.011,-0.08901,0.0,0.0,-1.0,0.0,0.0,99.0,485.0
142579.0,0.0,-3.1186,0.014,-0.08901,0.0,0.0,-1.0,0.0,0.0,99.0,477.0
142589.0,0.0,-3.1201,0.006,-0.08901,0.0,0.0,-1.0,0.0,0.0,99.0,492.0
142599.0,0.0,-3.1186,0.006,-0.08901,0.0,0.0,-1.0,0.0,0.0,99.0,490.0
142609.0,0.0,-3.1201,-0.009,-0.08901,0.0,0.0,-1.0,0.0,0.0,99.0,492.0
142619.0,0.0,-3.1186,-0.007,-0.08901,0.0,0.0,-1.0,0.0,0.0,99.0,491.0
142630.0,0.0,-3.1186,-0.006,-0.08901,0.0,0.0,-1.0,0.0,0.0,99.0,485.0
142640.0,0.0,-3.1186,0.012,-0.08901,0.0,0.0,-1.0,0.0,0.0,99.0,477.0
142650.0,0.0,-3.1186,0.01,-0.08901,0.0,0.0,-1.0,0.0,0.0,99.0,485.0
142660.0,0.0,-3.1201,-0.002,-0.08901,0.0,0.0,-1.0,0.0,0.0,99.0,484.0
142670.0,0.0,-3.1186,-0.002,-0.08901,0.0,0.0,-1.0,0.0,0.0,99.0,484.0
142680.0,0.0,-3.1201,-0.015,-0.08901,0.0,0.0,-1.0,0.0,0.0,99.0,484.0
142691.0,0.0,-3.1201,-0.016,-0.08901,0.0,0.0,-1.0,0.0,0.0,99.0,478.0
142701.0,0.0,-3.1186,0.005,-0.08901,0.0,0.0,-1.0,0.0,0.0,99.0,485.0
142711.0,0.0,-3.1186,0.01,-0.08901,0.0,0.0,-1.0,0.0,0.0,99.0,491.0
142721.0,0.0,-3.1186,0.01,-0.08901,0.0,0.0,-1.0,0.0,0.0,99.0,485.0
142731.0,0.0,-3.1201,0.001,-0.08901,0.0,0.0,-1.0,0.0,0.0,99.0,485.0
142741.0,0.0,-3.1201,-0.002,-0.08901,0.0,0.0,-1.0,0.0,0.0,99.0,477.0
142751.0,0.0,-3.1201,-0.011,-0.08901,0.0,0.0,-1.0,0.0,0.0,99.0,491.0
142761.0,0.0,-3.1186,0.007,-0.08901,0.0,0.0,-1.0,0.0,0.0,99.0,485.0
142772.0,0.0,-3.1201,-0.006,-0.08901,0.0,0.0,-1.0,0.0,0.0,99.0,485.0
142782.0,0.0,-3.1201,-0.0,-0.08901,0.0,0.0,-1.0,0.0,0.0,99.0,485.0
142792.0,0.0,-3.1201,-0.006,-0.08901,0.0,0.0,-1.0,0.0,0.0,99.0,477.0
142802.0,0.0,-3.1186,-0.003,-0.08901,0.0,0.0,-1.0,0.0,0.0,99.0,477.0
142812.0,0.0,-3.1201,-0.004,-0.08901,0.0,0.0,-1.0,0.0,0.0,99.0,485.0
142823.0,0.0,-3.1201,0.011,-0.08901,0.0,0.0,-1.0,0.0,0.0,99.0,485.0
142833.0,0.0,-3.1201,0.007,-0.08901,0.0,0.0,-1.0,0.0,0.0,99.0,485.0
142843.0,0.0,-3.1201,-0.004,-0.08901,0.0,0.0,-1.0,0.0,0.0,99.0,485.0
142853.0,0.0,-3.1201,-0.005,-0.08901,0.0,0.0,-1.0,0.0,0.0,99.0,484.0
142863.0,0.0,-3.1201,-0.002,-0.08901,0.0,0.0,-1.0,0.0,0.0,99.0,485.0
142874.0,0.0,-3.1186,0.01,-0.08901,0.0,0.0,-1.0,0.0,0.0,99.0,478.0
142884.0,0.0,-3.1186,0.004,-0.08901,0.0,0.0,-1.0,0.0,0.0,99.0,478.0
142894.0,0.0,-3.1201,0.01,-0.08901,0.0,0.0,-1.0,0.0,0.0,99.0,485.0
142904.0,0.0,-3.1201,-0.001,-0.08901,0.0,0.0,-1.0,0.0,0.0,99.0,484.0
142914.0,0.0,-3.1186,-0.007,-0.08901,0.0,0.0,-1.0,0.0,0.0,99.0,485.0
142925.0,0.0,-3.1201,-0.006,-0.08901,0.0,0.0,-1.0,0.0,0.0,99.0,485.0
142935.0,0.0,-3.1186,0.013,-0.08901,0.0,0.0,-1.0,0.0,0.0,99.0,491.0
142945.0,0.0,-3.1186,0.02,-0.08901,0.0,0.0,-1.0,0.0,0.0,99.0,485.0
142955.0,0.0,-3.1186,0.007,-0.08901,0.0,0.0,-1.0,0.0,0.0,99.0,485.0
142965.0,0.0,-3.1186,0.0,-0.08901,0.0,0.0,-1.0,0.0,0.0,99.0,485.0
142975.0,0.0,-3.1186,0.002,-0.08901,0.0,0.0,-1.0,0.0,0.0,99.0,478.0
142986.0,0.0,-3.1186,0.01,-0.08901,0.0,0.0,-1.0,0.0,0.0,99.0,477.0
142996.0,0.0,-3.1186,0.01,-0.08901,0.0,0.0,-1.0,0.0,0.0,99.0,478.0
143006.0,0.0,-3.1186,0.008,-0.08901,0.0,0.0,-1.0,0.0,0.0,99.0,483.0
143016.0,0.0,-3.1186,-0.0,-0.08901,0.0,0.0,-1.0,0.0,0.0,99.0,477.0
143026.0,0.0,-3.1186,-0.001,-0.08901,0.0,0.0,-1.0,0.0,0.0,99.0,478.0
143036.0,0.0,-3.1186,-0.001,-0.08901,0.0,0.0,-1.0,0.0,0.0,99.0,492.0
143047.0,0.0,-3.1186,0.002,-0.08901,0.0,0.0,-1.0,0.0,0.0,99.0,477.0
143057.0,0.0,-3.1186,0.004,-0.08901,0.0,0.0,-1.0,0.0,0.0,99.0,485.0
143067.0,0.0,-3.1186,-0.001,-0.08901,0.0,0.0,-1.0,0.0,0.0,99.0,484.0
143077.0,0.0,-3.1186,0.002,-0.08901,0.0,0.0,-1.0,0.0,0.0,99.0,483.0
143087.0,0.0,-3.1186,0.003,-0.08901,0.0,0.0,-1.0,0.0,0.0,99.0,485.0
143097.0,0.0,-3.1186,0.002,-0.08901,0.0,0.0,-1.0,0.0,0.0,99.0,478.0
143108.0,0.0,-3.1186,0.002,-0.08901,0.0,0.0,-1.0,0.0,0.0,99.0,485.0
143118.0,0.0,-3.1186,0.001,-0.08901,0.0,0.0,-1.0,0.0,0.0,99.0,477.0
143128.0,0.0,-3.1186,0.001,-0.08901,0.0,0.0,-1.0,0.0,0.0,99.0,478.0
143138.0,0.0,-3.1201,-0.006,-0.08901,0.0,0.0,-1.0,0.0,0.0,99.0,492.0
143148.0,0.0,-3.1186,-0.003,-0.08901,0.0,0.0,-1.0,0.0,0.0,99.0,478.0
143158.0,0.0,-3.1186,-0.004,-0.08901,0.0,0.0,-1.0,0.0,0.0,99.0,485.0
143169.0,0.0,-3.1186,-0.002,-0.08901,0.0,0.0,-1.0,0.0,0.0,99.0,485.0
143179.0,0.0,-3.1186,0.002,-0.08901,0.0,0.0,-1.0,0.0,0.0,99.0,492.0
143189.0,0.0,-3.1186,-0.002,-0.08901,0.0,0.0,-1.0,0.0,0.0,99.0,478.0
143199.0,0.0,-3.1186,-0.005,-0.08901,0.0,0.0,-1.0,0.0,0.0,99.0,485.0
143209.0,0.0,-3.1186,-0.01,-0.08901,0.0,0.0,-1.0,0.0,0.0,99.0,492.0
143219.0,0.0,-3.1186,-0.006,-0.08901,0.0,0.0,-1.0,0.0,0.0,99.0,477.0
143229.0,0.0,-3.1186,0.003,-0.08901,0.0,0.0,-1.0,0.0,0.0,99.0,491.0
143240.0,0.0,-3.1186,0.005,-0.08901,0.0,0.0,-1.0,0.0,0.0,99.0,484.0
143250.0,0.0,-3.1201,-0.005,-0.08901,0.0,0.0,-1.0,0.0,0.0,99.0,479.0
143260.0,0.0,-3.1201,-0.023,-0.08901,0.0,0.0,-1.0,0.0,0.0,99.0,477.0
143270.0,0.0,-3.1201,-0.015,-0.08901,0.0,0.0,-1.0,0.0,0.0,99.0,491.0
143280.0,0.0,-3.1186,-0.009,-0.08901,0.0,0.0,-1.0,0.0,0.0,99.0,484.0
143290.0,0.0,-3.1186,-0.008,-0.08901,0.0,0.0,-1.0,0.0,0.0,99.0,478.0
143300.0,0.0,-3.1201,-0.009,-0.08901,0.0,0.0,-1.0,0.0,0.0,99.0,484.0
143311.0,0.0,-3.1201,-0.009,-0.08901,0.0,0.0,-1.0,0.0,0.0,99.0,477.0
143321.0,0.0,-3.1201,-0.009,-0.08901,0.0,0.0,-1.0,0.0,0.0,99.0,478.0
143331.0,0.0,-3.1201,-0.009,-0.08901,0.0,0.0,-1.0,0.0,0.0,99.0,485.0
143341.0,0.0,-3.1186,0.001,-0.08901,0.0,0.0,-1.0,0.0,0.0,99.0,484.0
143351.0,0.0,-3.1186,0.001,-0.08901,0.0,0.0,-1.0,0.0,0.0,99.0,477.0
143361.0,0.0,-3.1201,0.005,-0.08901,0.0,0.0,-1.0,0.0,0.0,99.0,478.0
143372.0,0.0,-3.1201,-0.009,-0.08901,0.0,0.0,-1.0,0.0,0.0,99.0,478.0
143382.0,0.0,-3.1201,-0.003,-0.08901,0.0,0.0,-1.0,0.0,0.0,99.0,478.0
143392.0,0.0,-3.1201,-0.008,-0.08901,0.0,0.0,-1.0,0.0,0.0,99.0,485.0
143402.0,0.0,-3.1201,-0.003,-0.08901,0.0,0.0,-1.0,0.0,0.0,99.0,483.0
143412.0,0.0,-3.1186,0.004,-0.08901,0.0,0.0,-1.0,0.0,0.0,99.0,491.0
143422.0,0.0,-3.1201,-0.003,-0.08901,0.0,0.0,-1.0,0.0,0.0,99.0,485.0
143433.0,0.0,-3.1201,-0.006,-0.08901,0.0,0.0,-1.0,0.0,0.0,99.0,478.0
143443.0,0.0,-3.1201,0.003,-0.08901,0.0,0.0,-1.0,0.0,0.0,99.0,485.0
143453.0,0.0,-3.1201,0.002,-0.08901,0.0,0.0,-1.0,0.0,0.0,99.0,485.0
143463.0,0.0,-3.1201,0.016,-0.08901,0.0,0.0,-1.0,0.0,0.0,99.0,484.0
143473.0,0.0,-3.1201,0.004,-0.08901,0.0,0.0,-1.0,0.0,0.0,99.0,485.0
143484.0,0.0,-3.1201,-0.007,-0.08901,0.0,0.0,-1.0,0.0,0.0,99.0,477.0
143494.0,0.0,-3.1186,-0.003,-0.08901,0.0,0.0,-1.0,0.0,0.0,99.0,491.0
143504.0,0.0,-3.1186,0.003,-0.08901,0.0,0.0,-1.0,0.0,0.0,99.0,491.0
143514.0,0.0,-3.1186,0.007,-0.08901,0.0,0.0,-1.0,0.0,0.0,99.0,478.0
143525.0,0.0,-3.1201,0.011,-0.08901,0.0,0.0,-1.0,0.0,0.0,99.0,478.0
143535.0,0.0,-3.1201,0.009,-0.08901,0.0,0.0,-1.0,0.0,0.0,99.0,485.0
143545.0,0.0,-3.1186,0.001,-0.08901,0.0,0.0,-1.0,0.0,0.0,99.0,492.0
143555.0,0.0,-3.1186,-0.002,-0.08901,0.0,0.0,-1.0,0.0,0.0,99.0,492.0
143565.0,0.0,-3.1201,-0.0,-0.08901,0.0,0.0,-1.0,0.0,0.0,99.0,478.0
143576.0,0.0,-3.1186,0.017,-0.08901,0.0,0.0,-1.0,0.0,0.0,99.0,477.0
143586.0,0.0,-3.1186,0.007,-0.08901,0.0,0.0,-1.0,0.0,0.0,99.0,485.0
143596.0,0.0,-3.1201,-0.001,-0.08901,0.0,0.0,-1.0,0.0,0.0,99.0,485.0
143606.0,0.0,-3.1201,-0.001,-0.08901,0.0,0.0,-1.0,0.0,0.0,99.0,485.0
143616.0,0.0,-3.1201,-0.008,-0.08901,0.0,0.0,-1.0,0.0,0.0,99.0,485.0
143627.0,0.0,-3.1186,-0.009,-0.08901,0.0,0.0,-1.0,0.0,0.0,99.0,484.0
143637.0,0.0,-3.1186,0.001,-0.08901,0.0,0.0,-1.0,0.0,0.0,99.0,485.0
143647.0,0.0,-3.1201,0.002,-0.08901,0.0,0.0,-1.0,0.0,0.0,99.0,491.0
143657.0,0.0,-3.1186,-0.002,-0.08901,0.0,0.0,-1.0,0.0,0.0,99.0,478.0
143668.0,0.0,-3.1201,-0.012,-0.08901,0.0,0.0,-1.0,0.0,0.0,99.0,485.0
143678.0,0.0,-3.1201,-0.004,-0.08901,0.0,0.0,-1.0,0.0,0.0,99.0,485.0
143688.0,0.0,-3.1201,-0.001,-0.08901,0.0,0.0,-1.0,0.0,0.0,99.0,491.0
143698.0,0.0,-3.1201,0.005,-0.08901,0.0,0.0,-1.0,0.0,0.0,99.0,485.0
143709.0,0.0,-3.1201,-0.006,-0.08901,0.0,0.0,-1.0,0.0,0.0,99.0,478.0
143719.0,0.0,-3.1201,-0.007,-0.08901,0.0,0.0,-1.0,0.0,0.0,99.0,492.0
143729.0,0.0,-3.1201,-0.008,-0.08901,0.0,0.0,-1.0,0.0,0.0,99.0,478.0
143739.0,0.0,-3.1201,-0.005,-0.08901,0.0,0.0,-1.0,0.0,0.0,99.0,491.0
143749.0,0.0,-3.1186,0.005,-0.08901,0.0,0.0,-1.0,0.0,0.0,99.0,485.0
143760.0,0.0,-3.1186,0.008,-0.08901,0.0,0.0,-1.0,0.0,0.0,99.0,478.0
143770.0,0.0,-3.1201,-0.004,-0.08901,0.0,0.0,-1.0,0.0,0.0,99.0,485.0
143780.0,0.0,-3.1201,-0.004,-0.08901,0.0,0.0,-1.0,0.0,0.0,99.0,485.0
143790.0,0.0,-3.1201,-0.01,-0.08901,0.0,0.0,-1.0,0.0,0.0,99.0,484.0
143800.0,0.0,-3.1201,-0.006,-0.08901,0.0,0.0,-1.0,0.0,0.0,99.0,484.0
143810.0,0.0,-3.1201,0.007,-0.08901,0.0,0.0,-1.0,0.0,0.0,99.0,485.0
143821.0,0.0,-3.1186,0.008,-0.08901,0.0,0.0,-1.0,0.0,0.0,99.0,485.0
143831.0,0.0,-3.1201,-0.004,-0.08901,0.0,0.0,-1.0,0.0,0.0,99.0,485.0
143841.0,0.0,-3.1201,-0.008,-0.08901,0.0,0.0,-1.0,0.0,0.0,99.0,477.0
143851.0,0.0,-3.1186,0.006,-0.08901,0.0,0.0,-1.0,0.0,0.0,99.0,477.0
143861.0,0.0,-3.1201,0.006,-0.08901,0.0,0.0,-1.0,0.0,0.0,99.0,484.0
143871.0,0.0,-3.1186,0.018,-0.08901,0.0,0.0,-1.0,0.0,0.0,99.0,485.0
143881.0,0.0,-3.1201,0.004,-0.08901,0.0,0.0,-1.0,0.0,0.0,99.0,490.0
143892.0,0.0,-3.1201,-0.01,-0.08901,0.0,0.0,-1.0,0.0,0.0,99.0,478.0
143902.0,0.0,-3.1186,-0.009,-0.08901,0.0,0.0,-1.0,0.0,0.0,99.0,483.0
143912.0,0.0,-3.1201,0.001,-0.08901,0.0,0.0,-1.0,0.0,0.0,99.0,485.0
143922.0,0.0,-3.1201,0.008,-0.08901,0.0,0.0,-1.0,0.0,0.0,99.0,478.0
143933.0,0.0,-3.1201,0.002,-0.08901,0.0,0.0,-1.0,0.0,0.0,99.0,485.0
143943.0,0.0,-3.1201,-0.003,-0.08901,0.0,0.0,-1.0,0.0,0.0,99.0,485.0
143953.0,0.0,-3.1201,-0.006,-0.08901,0.0,0.0,-1.0,0.0,0.0,99.0,484.0
143963.0,0.0,-3.1186,-0.001,-0.08901,0.0,0.0,-1.0,0.0,0.0,99.0,478.0
143973.0,0.0,-3.1201,-0.004,-0.08901,0.0,0.0,-1.0,0.0,0.0,99.0,485.0
143983.0,0.0,-3.1186,0.011,-0.08901,0.0,0.0,-1.0,0.0,0.0,99.0,484.0
143994.0,0.0,-3.1186,0.015,-0.08901,0.0,0.0,-1.0,0.0,0.0,99.0,477.0
144004.0,0.0,-3.1201,0.004,-0.08901,0.0,0.0,-1.0,0.0,0.0,99.0,491.0
144014.0,0.0,-3.1186,0.007,-0.08901,0.0,0.0,-1.0,0.0,0.0,99.0,485.0
144024.0,0.0,-3.1186,0.01,-0.08901,0.0,0.0,-1.0,0.0,0.0,99.0,485.0
144035.0,0.0,-3.1186,0.007,-0.08901,0.0,0.0,-1.0,0.0,0.0,99.0,477.0
144045.0,0.0,-3.1186,0.006,-0.08901,0.0,0.0,-1.0,0.0,0.0,99.0,486.0
144055.0,0.0,-3.1186,0.005,-0.08901,0.0,0.0,-1.0,0.0,0.0,99.0,478.0
144065.0,0.0,-3.1186,0.008,-0.08901,0.0,0.0,-1.0,0.0,0.0,99.0,485.0
144075.0,0.0,-3.1186,-0.004,-0.08901,0.0,0.0,-1.0,0.0,0.0,99.0,478.0
144086.0,0.0,-3.1186,0.001,-0.08901,0.0,0.0,-1.0,0.0,0.0,99.0,477.0
144096.0,0.0,-3.1186,0.009,-0.08901,0.0,0.0,-1.0,0.0,0.0,99.0,484.0
144106.0,0.0,-3.1201,0.003,-0.08901,0.0,0.0,-1.0,0.0,0.0,99.0,485.0
144116.0,0.0,-3.1186,-0.002,-0.08901,0.0,0.0,-1.0,0.0,0.0,99.0,484.0
144126.0,0.0,-3.1186,-0.002,-0.08901,0.0,0.0,-1.0,0.0,0.0,99.0,492.0
144136.0,0.0,-3.1186,-0.003,-0.08901,0.0,0.0,-1.0,0.0,0.0,99.0,492.0
144147.0,0.0,-3.1186,-0.007,-0.08901,0.0,0.0,-1.0,0.0,0.0,99.0,485.0
144157.0,0.0,-3.1201,0.002,-0.08901,0.0,0.0,-1.0,0.0,0.0,99.0,485.0
144167.0,0.0,-3.1186,0.001,-0.08901,0.0,0.0,-1.0,0.0,0.0,99.0,485.0
144177.0,0.0,-3.1201,-0.014,-0.08901,0.0,0.0,-1.0,0.0,0.0,99.0,478.0
144187.0,0.0,-3.1186,-0.003,-0.08901,0.0,0.0,-1.0,0.0,0.0,99.0,491.0
144198.0,0.0,-3.1186,-0.002,-0.08901,0.0,0.0,-1.0,0.0,0.0,99.0,478.0
144208.0,0.0,-3.1201,-0.009,-0.08901,0.0,0.0,-1.0,0.0,0.0,99.0,479.0
144218.0,0.0,-3.1186,0.008,-0.08901,0.0,0.0,-1.0,0.0,0.0,99.0,484.0
144228.0,0.0,-3.1201,0.009,-0.08901,0.0,0.0,-1.0,0.0,0.0,99.0,484.0
144238.0,0.0,-3.1186,-0.001,-0.08901,0.0,0.0,-1.0,0.0,0.0,99.0,485.0
144249.0,0.0,-3.1201,-0.014,-0.08901,0.0,0.0,-1.0,0.0,0.0,99.0,484.0
144259.0,0.0,-3.1201,-0.012,-0.08901,0.0,0.0,-1.0,0.0,0.0,99.0,477.0
144269.0,0.0,-3.1201,-0.011,-0.08901,0.0,0.0,-1.0,0.0,0.0,99.0,483.0
144279.0,0.0,-3.1201,-0.007,-0.08901,0.0,0.0,-1.0,0.0,0.0,99.0,492.0
144289.0,0.0,-3.1201,-0.012,-0.08901,0.0,0.0,-1.0,0.0,0.0,99.0,491.0
144300.0,0.0,-3.1201,-0.01,-0.08901,0.0,0.0,-1.0,0.0,0.0,99.0,478.0
144310.0,0.0,-3.1201,-0.007,-0.08901,0.0,0.0,-1.0,0.0,0.0,99.0,477.0
144320.0,0.0,-3.1201,-0.005,-0.08901,0.0,0.0,-1.0,0.0,0.0,99.0,491.0
144330.0,0.0,-3.1201,-0.003,-0.08901,0.0,0.0,-1.0,0.0,0.0,99.0,485.0
144341.0,0.0,-3.1201,0.001,-0.08901,0.0,0.0,-1.0,0.0,0.0,99.0,485.0
144351.0,0.0,-3.1201,-0.001,-0.08901,0.0,0.0,-1.0,0.0,0.0,99.0,491.0
144361.0,0.0,-3.1201,-0.001,-0.08901,0.0,0.0,-1.0,0.0,0.0,99.0,478.0
144371.0,0.0,-3.1201,-0.001,-0.08901,0.0,0.0,-1.0,0.0,0.0,99.0,485.0
144381.0,0.0,-3.1201,-0.001,-0.08901,0.0,0.0,-1.0,0.0,0.0,99.0,492.0
144392.0,0.0,-3.1201,-0.001,-0.08901,0.0,0.0,-1.0,0.0,0.0,99.0,484.0
144402.0,0.0,-3.1201,-0.0,-0.08901,0.0,0.0,-1.0,0.0,0.0,99.0,492.0
144412.0,0.0,-3.1201,-0.003,-0.08901,0.0,0.0,-1.0,0.0,0.0,99.0,485.0
144422.0,0.0,-3.1201,-0.0,-0.08901,0.0,0.0,-1.0,0.0,0.0,99.0,478.0
144433.0,0.0,-3.1201,0.001,-0.08901,0.0,0.0,-1.0,0.0,0.0,99.0,478.0
144443.0,0.0,-3.1201,0.001,-0.08901,0.0,0.0,-1.0,0.0,0.0,99.0,485.0
144453.0,0.0,-3.1201,0.001,-0.08901,0.0,0.0,-1.0,0.0,0.0,99.0,478.0
144463.0,0.0,-3.1201,0.0,-0.08901,0.0,0.0,-1.0,0.0,0.0,99.0,491.0
144473.0,0.0,-3.1201,0.0,-0.08901,0.0,0.0,-1.0,0.0,0.0,99.0,484.0
144483.0,0.0,-3.1201,0.0,-0.08901,0.0,0.0,-1.0,0.0,0.0,99.0,484.0
144494.0,0.0,-3.1201,0.004,-0.08901,0.0,0.0,-1.0,0.0,0.0,99.0,491.0
144504.0,0.0,-3.1186,0.013,-0.08901,0.0,0.0,-1.0,0.0,0.0,99.0,477.0
144514.0,0.0,-3.1186,0.024,-0.08901,0.0,0.0,-1.0,0.0,0.0,99.0,485.0
144524.0,0.0,-3.1186,0.024,-0.08901,0.0,0.0,-1.0,0.0,0.0,99.0,491.0
144534.0,0.0,-3.1201,0.004,-0.08901,0.0,0.0,-1.0,0.0,0.0,99.0,492.0
144544.0,0.0,-3.1186,0.014,-0.08901,0.0,0.0,-1.0,0.0,0.0,99.0,485.0
144555.0,0.0,-3.1186,0.021,-0.08901,0.0,0.0,-1.0,0.0,0.0,99.0,483.0
144565.0,0.0,-3.1186,0.018,-0.08901,0.0,0.0,-1.0,0.0,0.0,99.0,478.0
144575.0,0.0,-3.1186,0.013,-0.08901,0.0,0.0,-1.0,0.0,0.0,99.0,485.0
144585.0,0.0,-3.1186,0.009,-0.08901,0.0,0.0,-1.0,0.0,0.0,99.0,485.0
144595.0,0.0,-3.1186,0.005,-0.08901,0.0,0.0,-1.0,0.0,0.0,99.0,477.0
144605.0,0.0,-3.1186,0.003,-0.08901,0.0,0.0,-1.0,0.0,0.0,99.0,485.0
144615.0,0.0,-3.1186,0.002,-0.08901,0.0,0.0,-1.0,0.0,0.0,99.0,485.0
144625.0,0.0,-3.1186,0.001,-0.08901,0.0,0.0,-1.0,0.0,0.0,99.0,485.0
144636.0,0.0,-3.1186,0.001,-0.08901,0.0,0.0,-1.0,0.0,0.0,99.0,477.0
144646.0,0.0,-3.1186,0.0,-0.08901,0.0,0.0,-1.0,0.0,0.0,99.0,484.0
144656.0,0.0,-3.1186,0.0,-0.08901,0.0,0.0,-1.0,0.0,0.0,99.0,485.0
144666.0,0.0,-3.1186,0.0,-0.08901,0.0,0.0,-1.0,0.0,0.0,99.0,477.0
144676.0,0.0,-3.1186,0.0,-0.08901,0.0,0.0,-1.0,0.0,0.0,99.0,485.0
144686.0,0.0,-3.1186,0.0,-0.08901,0.0,0.0,-1.0,0.0,0.0,99.0,484.0
144696.0,0.0,-3.1186,-0.005,-0.08901,0.0,0.0,-1.0,0.0,0.0,99.0,492.0
144707.0,0.0,-3.1186,-0.006,-0.08901,0.0,0.0,-1.0,0.0,0.0,99.0,478.0
144717.0,0.0,-3.1186,-0.005,-0.08901,0.0,0.0,-1.0,0.0,0.0,99.0,485.0
144727.0,0.0,-3.1186,-0.005,-0.08901,0.0,0.0,-1.0,0.0,0.0,99.0,485.0
144737.0,0.0,-3.1201,-0.011,-0.08901,0.0,0.0,-1.0,0.0,0.0,99.0,483.0
144748.0,0.0,-3.1201,-0.021,-0.08901,0.0,0.0,-1.0,0.0,0.0,99.0,477.0
144758.0,0.0,-3.1201,-0.028,-0.08901,0.0,0.0,-1.0,0.0,0.0,99.0,478.0
144768.0,0.0,-3.1201,-0.023,-0.08901,0.0,0.0,-1.0,0.0,0.0,99.0,491.0
144778.0,0.0,-3.1201,-0.017,-0.08901,0.0,0.0,-1.0,0.0,0.0,99.0,483.0
144788.0,0.0,-3.1201,-0.011,-0.08901,0.0,0.0,-1.0,0.0,0.0,99.0,478.0
144799.0,0.0,-3.1201,-0.007,-0.08901,0.0,0.0,-1.0,0.0,0.0,99.0,485.0
144809.0,0.0,-3.1201,-0.004,-0.08901,0.0,0.0,-1.0,0.0,0.0,99.0,485.0
144819.0,0.0,-3.1201,-0.002,-0.08901,0.0,0.0,-1.0,0.0,0.0,99.0,477.0
144829.0,0.0,-3.1201,-0.004,-0.08901,0.0,0.0,-1.0,0.0,0.0,99.0,491.0
144839.0,0.0,-3.1201,-0.006,-0.08901,0.0,0.0,-1.0,0.0,0.0,99.0,478.0
144849.0,0.0,-3.1201,-0.004,-0.08901,0.0,0.0,-1.0,0.0,0.0,99.0,484.0
144859.0,0.0,-3.1201,-0.012,-0.08901,0.0,0.0,-1.0,0.0,0.0,99.0,485.0
144870.0,0.0,-3.1201,-0.001,-0.08901,0.0,0.0,-1.0,0.0,0.0,99.0,477.0
144880.0,0.0,-3.1201,0.005,-0.08901,0.0,0.0,-1.0,0.0,0.0,99.0,485.0
144890.0,0.0,-3.1217,-0.003,-0.08901,0.0,0.0,-1.0,0.0,0.0,99.0,491.0
144900.0,0.0,-3.1201,0.005,-0.08901,0.0,0.0,-1.0,0.0,0.0,99.0,485.0
144910.0,0.0,-3.1201,0.006,-0.08901,0.0,0.0,-1.0,0.0,0.0,99.0,485.0
144920.0,0.0,-3.1201,0.005,-0.08901,0.0,0.0,-1.0,0.0,0.0,99.0,485.0
144930.0,0.0,-3.1201,0.003,-0.08901,0.0,0.0,-1.0,0.0,0.0,99.0,485.0
144940.0,0.0,-3.1201,0.002,-0.08901,0.0,0.0,-1.0,0.0,0.0,99.0,483.0
144951.0,0.0,-3.1201,0.001,-0.08901,0.0,0.0,-1.0,0.0,0.0,99.0,485.0
144961.0,0.0,-3.1186,0.028,-0.08901,0.0,0.0,-1.0,0.0,0.0,99.0,485.0
144971.0,0.0,-3.1186,0.028,-0.08901,0.0,0.0,-1.0,0.0,0.0,99.0,485.0
144981.0,0.0,-3.1186,0.029,-0.08901,0.0,0.0,-1.0,0.0,0.0,99.0,485.0
144991.0,0.0,-3.1186,0.016,-0.08901,0.0,0.0,-1.0,0.0,0.0,99.0,483.0
145001.0,0.0,-3.1186,0.013,-0.08901,0.0,0.0,-1.0,0.0,0.0,99.0,478.0
145012.0,0.0,-3.1186,0.01,-0.08901,0.0,0.0,-1.0,0.0,0.0,99.0,485.0
145022.0,0.0,-3.1186,0.005,-0.08901,0.0,0.0,-1.0,0.0,0.0,99.0,478.0
145032.0,0.0,-3.1186,-0.001,-0.08901,0.0,0.0,-1.0,0.0,0.0,99.0,478.0
145042.0,0.0,-3.1186,0.006,-0.08901,0.0,0.0,-1.0,0.0,0.0,99.0,491.0
145053.0,0.0,-3.1186,0.007,-0.08901,0.0,0.0,-1.0,0.0,0.0,99.0,483.0
145063.0,0.0,-3.1186,0.005,-0.08901,0.0,0.0,-1.0,0.0,0.0,99.0,484.0
145073.0,0.0,-3.1186,0.004,-0.08901,0.0,0.0,-1.0,0.0,0.0,99.0,478.0
145083.0,0.0,-3.1186,-0.002,-0.08901,0.0,0.0,-1.0,0.0,0.0,99.0,485.0
145093.0,0.0,-3.1201,-0.01,-0.08901,0.0,0.0,-1.0,0.0,0.0,99.0,492.0
145103.0,0.0,-3.1186,-0.006,-0.08901,0.0,0.0,-1.0,0.0,0.0,99.0,478.0
145113.0,0.0,-3.1186,-0.013,-0.08901,0.0,0.0,-1.0,0.0,0.0,99.0,478.0
145124.0,0.0,-3.1186,-0.005,-0.08901,0.0,0.0,-1.0,0.0,0.0,99.0,485.0
145134.0,0.0,-3.1186,0.004,-0.08901,0.0,0.0,-1.0,0.0,0.0,99.0,477.0
145144.0,0.0,-3.1186,-0.003,-0.08901,0.0,0.0,-1.0,0.0,0.0,99.0,484.0
145154.0,0.0,-3.1201,-0.01,-0.08901,0.0,0.0,-1.0,0.0,0.0,99.0,485.0
145165.0,0.0,-3.1201,-0.025,-0.08901,0.0,0.0,-1.0,0.0,0.0,99.0,485.0
145175.0,0.0,-3.1201,-0.021,-0.08901,0.0,0.0,-1.0,0.0,0.0,99.0,485.0
145185.0,0.0,-3.1201,-0.019,-0.08901,0.0,0.0,-1.0,0.0,0.0,99.0,477.0
145195.0,0.0,-3.1201,-0.008,-0.08901,0.0,0.0,-1.0,0.0,0.0,99.0,484.0
145205.0,0.0,-3.1201,-0.007,-0.08901,0.0,0.0,-1.0,0.0,0.0,99.0,485.0
145216.0,0.0,-3.1201,-0.008,-0.08901,0.0,0.0,-1.0,0.0,0.0,99.0,478.0
145226.0,0.0,-3.1201,-0.006,-0.08901,0.0,0.0,-1.0,0.0,0.0,99.0,485.0
145236.0,0.0,-3.1201,-0.004,-0.08901,0.0,0.0,-1.0,0.0,0.0,99.0,478.0
145246.0,0.0,-3.1201,-0.003,-0.08901,0.0,0.0,-1.0,0.0,0.0,99.0,478.0
145256.0,0.0,-3.1201,-0.002,-0.08901,0.0,0.0,-1.0,0.0,0.0,99.0,484.0
145266.0,0.0,-3.1201,-0.001,-0.08901,0.0,0.0,-1.0,0.0,0.0,99.0,478.0
145277.0,0.0,-3.1201,-0.001,-0.08901,0.0,0.0,-1.0,0.0,0.0,99.0,485.0
145287.0,0.0,-3.1201,-0.0,-0.08901,0.0,0.0,-1.0,0.0,0.0,99.0,485.0
145297.0,0.0,-3.1201,0.004,-0.08901,0.0,0.0,-1.0,0.0,0.0,99.0,479.0
145307.0,0.0,-3.1201,0.004,-0.08901,0.0,0.0,-1.0,0.0,0.0,99.0,478.0
145317.0,0.0,-3.1186,0.013,-0.08901,0.0,0.0,-1.0,0.0,0.0,99.0,485.0
145327.0,0.0,-3.1201,0.011,-0.08901,0.0,0.0,-1.0,0.0,0.0,99.0,491.0
145338.0,0.0,-3.1201,0.011,-0.08901,0.0,0.0,-1.0,0.0,0.0,99.0,478.0
145348.0,0.0,-3.1201,0.012,-0.08901,0.0,0.0,-1.0,0.0,0.0,99.0,477.0
145358.0,0.0,-3.1186,0.019,-0.08901,0.0,0.0,-1.0,0.0,0.0,99.0,485.0
145368.0,0.0,-3.1186,0.023,-0.08901,0.0,0.0,-1.0,0.0,0.0,99.0,484.0
145379.0,0.0,-3.1186,0.019,-0.08901,0.0,0.0,-1.0,0.0,0.0,99.0,491.0
145389.0,0.0,-3.1186,0.013,-0.08901,0.0,0.0,-1.0,0.0,0.0,99.0,485.0
145399.0,0.0,-3.1186,0.009,-0.08901,0.0,0.0,-1.0,0.0,0.0,99.0,484.0
145409.0,0.0,-3.1186,0.005,-0.08901,0.0,0.0,-1.0,0.0,0.0,99.0,477.0
145419.0,0.0,-3.1186,0.003,-0.08901,0.0,0.0,-1.0,0.0,0.0,99.0,484.0
145429.0,0.0,-3.1186,0.006,-0.08901,0.0,0.0,-1.0,0.0,0.0,99.0,478.0
145439.0,0.0,-3.117,0.015,-0.08901,0.0,0.0,-1.0,0.0,0.0,99.0,478.0
145449.0,0.0,-3.1186,0.012,-0.08901,0.0,0.0,-1.0,0.0,0.0,99.0,478.0
145460.0,0.0,-3.1186,-0.004,-0.08901,0.0,0.0,-1.0,0.0,0.0,99.0,477.0
145470.0,0.0,-3.1186,-0.002,-0.08901,0.0,0.0,-1.0,0.0,0.0,99.0,484.0
145480.0,0.0,-3.1186,-0.003,-0.08901,0.0,0.0,-1.0,0.0,0.0,99.0,492.0
145490.0,0.0,-3.1186,0.005,-0.08901,0.0,0.0,-1.0,0.0,0.0,99.0,490.0
145500.0,0.0,-3.1186,-0.002,-0.08901,0.0,0.0,-1.0,0.0,0.0,99.0,484.0
145511.0,0.0,-3.1186,-0.005,-0.08901,0.0,0.0,-1.0,0.0,0.0,99.0,478.0
145521.0,0.0,-3.1186,-0.007,-0.08901,0.0,0.0,-1.0,0.0,0.0,99.0,478.0
145531.0,0.0,-3.1186,-0.006,-0.08901,0.0,0.0,-1.0,0.0,0.0,99.0,477.0
145541.0,0.0,-3.1186,-0.004,-0.08901,0.0,0.0,-1.0,0.0,0.0,99.0,485.0
145551.0,0.0,-3.1186,-0.003,-0.08901,0.0,0.0,-1.0,0.0,0.0,99.0,477.0
145561.0,0.0,-3.1186,-0.002,-0.08901,0.0,0.0,-1.0,0.0,0.0,99.0,485.0
145572.0,0.0,-3.1186,-0.006,-0.08901,0.0,0.0,-1.0,0.0,0.0,99.0,491.0
145582.0,0.0,-3.1201,-0.025,-0.08901,0.0,0.0,-1.0,0.0,0.0,99.0,485.0
145592.0,0.0,-3.1186,-0.01,-0.08901,0.0,0.0,-1.0,0.0,0.0,99.0,485.0
145602.0,0.0,-3.1186,-0.006,-0.08901,0.0,0.0,-1.0,0.0,0.0,99.0,477.0
145612.0,0.0,-3.1201,-0.01,-0.08901,0.0,0.0,-1.0,0.0,0.0,99.0,485.0
145623.0,0.0,-3.1201,-0.02,-0.08901,0.0,0.0,-1.0,0.0,0.0,99.0,485.0
145633.0,0.0,-3.1201,-0.022,-0.08901,0.0,0.0,-1.0,0.0,0.0,99.0,485.0
145643.0,0.0,-3.1201,-0.017,-0.08901,0.0,0.0,-1.0,0.0,0.0,99.0,477.0
145653.0,0.0,-3.1201,-0.012,-0.08901,0.0,0.0,-1.0,0.0,0.0,99.0,478.0
145663.0,0.0,-3.1201,-0.008,-0.08901,0.0,0.0,-1.0,0.0,0.0,99.0,485.0
145673.0,0.0,-3.1201,-0.005,-0.08901,0.0,0.0,-1.0,0.0,0.0,99.0,478.0
145684.0,0.0,-3.1201,-0.008,-0.08901,0.0,0.0,-1.0,0.0,0.0,99.0,485.0
145694.0,0.0,-3.1201,-0.012,-0.08901,0.0,0.0,-1.0,0.0,0.0,99.0,485.0
145704.0,0.0,-3.1201,-0.014,-0.08901,0.0,0.0,-1.0,0.0,0.0,99.0,492.0
145714.0,0.0,-3.1201,-0.011,-0.08901,0.0,0.0,-1.0,0.0,0.0,99.0,477.0
145724.0,0.0,-3.1201,-0.001,-0.08901,0.0,0.0,-1.0,0.0,0.0,99.0,491.0
145734.0,0.0,-3.1201,0.006,-0.08901,0.0,0.0,-1.0,0.0,0.0,99.0,492.0
145744.0,0.0,-3.1201,0.01,-0.08901,0.0,0.0,-1.0,0.0,0.0,99.0,485.0
145755.0,0.0,-3.1201,0.007,-0.08901,0.0,0.0,-1.0,0.0,0.0,99.0,485.0
145765.0,0.0,-3.1201,0.004,-0.08901,0.0,0.0,-1.0,0.0,0.0,99.0,485.0
145775.0,0.0,-3.1201,-0.0,-0.08901,0.0,0.0,-1.0,0.0,0.0,99.0,492.0
145785.0,0.0,-3.1201,0.005,-0.08901,0.0,0.0,-1.0,0.0,0.0,99.0,483.0
145795.0,0.0,-3.1201,0.005,-0.08901,0.0,0.0,-1.0,0.0,0.0,99.0,485.0
145805.0,0.0,-3.1201,0.004,-0.08901,0.0,0.0,-1.0,0.0,0.0,99.0,492.0
145815.0,0.0,-3.1201,-0.002,-0.08901,0.0,0.0,-1.0,0.0,0.0,99.0,491.0
145826.0,0.0,-3.1201,0.001,-0.08901,0.0,0.0,-1.0,0.0,0.0,99.0,478.0
145836.0,0.0,-3.1186,0.008,-0.08901,0.0,0.0,-1.0,0.0,0.0,99.0,478.0
145846.0,0.0,-3.1201,0.007,-0.08901,0.0,0.0,-1.0,0.0,0.0,99.0,478.0
145856.0,0.0,-3.1201,0.008,-0.08901,0.0,0.0,-1.0,0.0,0.0,99.0,485.0
145866.0,0.0,-3.1201,0.016,-0.08901,0.0,0.0,-1.0,0.0,0.0,99.0,485.0
145876.0,0.0,-3.1186,0.011,-0.08901,0.0,0.0,-1.0,0.0,0.0,99.0,485.0
145887.0,0.0,-3.1186,0.014,-0.08901,0.0,0.0,-1.0,0.0,0.0,99.0,477.0
145897.0,0.0,-3.1201,0.015,-0.08901,0.0,0.0,-1.0,0.0,0.0,99.0,485.0
145907.0,0.0,-3.1186,0.019,-0.08901,0.0,0.0,-1.0,0.0,0.0,99.0,485.0
145917.0,0.0,-3.1186,0.01,-0.08901,0.0,0.0,-1.0,0.0,0.0,99.0,477.0
145927.0,0.0,-3.1186,-0.0,-0.08901,0.0,0.0,-1.0,0.0,0.0,99.0,485.0
145937.0,0.0,-3.1186,0.004,-0.08901,0.0,0.0,-1.0,0.0,0.0,99.0,491.0
145948.0,0.0,-3.1186,0.008,-0.08901,0.0,0.0,-1.0,0.0,0.0,99.0,485.0
145958.0,0.0,-3.1186,0.009,-0.08901,0.0,0.0,-1.0,0.0,0.0,99.0,485.0
145968.0,0.0,-3.1186,0.007,-0.08901,0.0,0.0,-1.0,0.0,0.0,99.0,477.0
145978.0,0.0,-3.1186,0.005,-0.08901,0.0,0.0,-1.0,0.0,0.0,99.0,492.0
145988.0,0.0,-3.1186,-0.002,-0.08901,0.0,0.0,-1.0,0.0,0.0,99.0,492.0
145999.0,0.0,-3.1186,-0.002,-0.08901,0.0,0.0,-1.0,0.0,0.0,99.0,485.0
146009.0,0.0,-3.1186,0.002,-0.08901,0.0,0.0,-1.0,0.0,0.0,99.0,491.0
146019.0,0.0,-3.1186,0.002,-0.08901,0.0,0.0,-1.0,0.0,0.0,99.0,477.0
146029.0,0.0,-3.1186,0.002,-0.08901,0.0,0.0,-1.0,0.0,0.0,99.0,477.0
146039.0,0.0,-3.1186,-0.006,-0.08901,0.0,0.0,-1.0,0.0,0.0,99.0,478.0
146049.0,0.0,-3.1186,-0.005,-0.08901,0.0,0.0,-1.0,0.0,0.0,99.0,478.0
146059.0,0.0,-3.1186,0.002,-0.08901,0.0,0.0,-1.0,0.0,0.0,99.0,485.0
146070.0,0.0,-3.1186,-0.002,-0.08901,0.0,0.0,-1.0,0.0,0.0,99.0,477.0
146080.0,0.0,-3.1201,-0.008,-0.08901,0.0,0.0,-1.0,0.0,0.0,99.0,478.0
146090.0,0.0,-3.1186,0.0,-0.08901,0.0,0.0,-1.0,0.0,0.0,99.0,485.0
146100.0,0.0,-3.1201,-0.021,-0.08901,0.0,0.0,-1.0,0.0,0.0,99.0,493.0
146110.0,0.0,-3.1186,-0.0,-0.08901,0.0,0.0,-1.0,0.0,0.0,99.0,477.0
146120.0,0.0,-3.1186,-0.009,-0.08901,0.0,0.0,-1.0,0.0,0.0,99.0,484.0
146131.0,0.0,-3.1186,-0.009,-0.08901,0.0,0.0,-1.0,0.0,0.0,99.0,485.0
146141.0,0.0,-3.1186,-0.008,-0.08901,0.0,0.0,-1.0,0.0,0.0,99.0,485.0
146151.0,0.0,-3.1201,-0.016,-0.08901,0.0,0.0,-1.0,0.0,0.0,99.0,491.0
146161.0,0.0,-3.1201,-0.016,-0.08901,0.0,0.0,-1.0,0.0,0.0,99.0,478.0
146172.0,0.0,-3.1201,-0.014,-0.08901,0.0,0.0,-1.0,0.0,0.0,99.0,477.0
146182.0,0.0,-3.1201,-0.011,-0.08901,0.0,0.0,-1.0,0.0,0.0,99.0,484.0
146192.0,0.0,-3.1201,-0.004,-0.08901,0.0,0.0,-1.0,0.0,0.0,99.0,485.0
146202.0,0.0,-3.1201,-0.004,-0.08901,0.0,0.0,-1.0,0.0,0.0,99.0,485.0
146212.0,0.0,-3.1201,-0.003,-0.08901,0.0,0.0,-1.0,0.0,0.0,99.0,477.0
146222.0,0.0,-3.1201,-0.002,-0.08901,0.0,0.0,-1.0,0.0,0.0,99.0,491.0
146232.0,0.0,-3.1201,-0.002,-0.08901,0.0,0.0,-1.0,0.0,0.0,99.0,485.0
146243.0,0.0,-3.1201,-0.001,-0.08901,0.0,0.0,-1.0,0.0,0.0,99.0,477.0
146253.0,0.0,-3.1201,-0.001,-0.08901,0.0,0.0,-1.0,0.0,0.0,99.0,485.0
146263.0,0.0,-3.1201,-0.0,-0.08901,0.0,0.0,-1.0,0.0,0.0,99.0,492.0
146273.0,0.0,-3.1201,-0.0,-0.08901,0.0,0.0,-1.0,0.0,0.0,99.0,477.0
146283.0,0.0,-3.1201,-0.0,-0.08901,0.0,0.0,-1.0,0.0,0.0,99.0,484.0
146293.0,0.0,-3.1201,-0.0,-0.08901,0.0,0.0,-1.0,0.0,0.0,99.0,485.0
146304.0,0.0,-3.1201,0.0,-0.08901,0.0,0.0,-1.0,0.0,0.0,99.0,485.0
146314.0,0.0,-3.1201,0.0,-0.08901,0.0,0.0,-1.0,0.0,0.0,99.0,477.0
146324.0,0.0,-3.1201,0.0,-0.08901,0.0,0.0,-1.0,0.0,0.0,99.0,492.0
146334.0,0.0,-3.1201,0.0,-0.08901,0.0,0.0,-1.0,0.0,0.0,99.0,483.0
146344.0,0.0,-3.1186,0.006,-0.08901,0.0,0.0,-1.0,0.0,0.0,99.0,492.0
146355.0,0.0,-3.1201,0.011,-0.08901,0.0,0.0,-1.0,0.0,0.0,99.0,485.0
146365.0,0.0,-3.1201,0.023,-0.08901,0.0,0.0,-1.0,0.0,0.0,99.0,485.0
146375.0,0.0,-3.1186,0.01,-0.08901,0.0,0.0,-1.0,0.0,0.0,99.0,485.0
146385.0,0.0,-3.1186,0.019,-0.08901,0.0,0.0,-1.0,0.0,0.0,99.0,477.0
146395.0,0.0,-3.1186,0.023,-0.08901,0.0,0.0,-1.0,0.0,0.0,99.0,484.0
146405.0,0.0,-3.1186,0.018,-0.08901,0.0,0.0,-1.0,0.0,0.0,99.0,485.0
146415.0,0.0,-3.1186,0.013,-0.08901,0.0,0.0,-1.0,0.0,0.0,99.0,491.0
146426.0,0.0,-3.1186,0.009,-0.08901,0.0,0.0,-1.0,0.0,0.0,99.0,477.0
146436.0,0.0,-3.1186,0.005,-0.08901,0.0,0.0,-1.0,0.0,0.0,99.0,485.0
146446.0,0.0,-3.1186,0.003,-0.08901,0.0,0.0,-1.0,0.0,0.0,99.0,478.0
146456.0,0.0,-3.1186,0.002,-0.08901,0.0,0.0,-1.0,0.0,0.0,99.0,492.0
146466.0,0.0,-3.1186,0.001,-0.08901,0.0,0.0,-1.0,0.0,0.0,99.0,485.0
146477.0,0.0,-3.1186,0.004,-0.08901,0.0,0.0,-1.0,0.0,0.0,99.0,477.0
146487.0,0.0,-3.1186,0.0,-0.08901,0.0,0.0,-1.0,0.0,0.0,99.0,483.0
146497.0,0.0,-3.1186,-0.001,-0.08901,0.0,0.0,-1.0,0.0,0.0,99.0,492.0
146507.0,0.0,-3.1186,-0.001,-0.08901,0.0,0.0,-1.0,0.0,0.0,99.0,477.0
146517.0,0.0,-3.1186,0.004,-0.08901,0.0,0.0,-1.0,0.0,0.0,99.0,484.0
146527.0,0.0,-3.1186,0.005,-0.08901,0.0,0.0,-1.0,0.0,0.0,99.0,477.0
146537.0,0.0,-3.1186,-0.001,-0.08901,0.0,0.0,-1.0,0.0,0.0,99.0,478.0
146548.0,0.0,-3.1186,-0.0,-0.08901,0.0,0.0,-1.0,0.0,0.0,99.0,478.0
146558.0,0.0,-3.1186,0.001,-0.08901,0.0,0.0,-1.0,0.0,0.0,99.0,478.0
146568.0,0.0,-3.1186,-0.002,-0.08901,0.0,0.0,-1.0,0.0,0.0,99.0,483.0
146578.0,0.0,-3.1186,-0.003,-0.08901,0.0,0.0,-1.0,0.0,0.0,99.0,485.0
146589.0,0.0,-3.1186,-0.002,-0.08901,0.0,0.0,-1.0,0.0,0.0,99.0,485.0
146599.0,0.0,-3.1186,-0.002,-0.08901,0.0,0.0,-1.0,0.0,0.0,99.0,485.0
146609.0,0.0,-3.1186,-0.001,-0.08901,0.0,0.0,-1.0,0.0,0.0,99.0,485.0
146619.0,0.0,-3.1186,-0.001,-0.08901,0.0,0.0,-1.0,0.0,0.0,99.0,477.0
146629.0,0.0,-3.1186,-0.005,-0.08901,0.0,0.0,-1.0,0.0,0.0,99.0,478.0
146639.0,0.0,-3.1186,-0.001,-0.08901,0.0,0.0,-1.0,0.0,0.0,99.0,491.0
146649.0,0.0,-3.1186,0.002,-0.08901,0.0,0.0,-1.0,0.0,0.0,99.0,485.0
146660.0,0.0,-3.1186,0.002,-0.08901,0.0,0.0,-1.0,0.0,0.0,99.0,477.0
146670.0,0.0,-3.1186,-0.006,-0.08901,0.0,0.0,-1.0,0.0,0.0,99.0,485.0
146680.0,0.0,-3.1201,-0.019,-0.08901,0.0,0.0,-1.0,0.0,0.0,99.0,478.0
146690.0,0.0,-3.1201,-0.026,-0.08901,0.0,0.0,-1.0,0.0,0.0,99.0,485.0
146700.0,0.0,-3.1201,-0.021,-0.08901,0.0,0.0,-1.0,0.0,0.0,99.0,484.0
146710.0,0.0,-3.1186,-0.014,-0.08901,0.0,0.0,-1.0,0.0,0.0,99.0,491.0
146721.0,0.0,-3.1201,-0.018,-0.08901,0.0,0.0,-1.0,0.0,0.0,99.0,477.0
146731.0,0.0,-3.1201,-0.014,-0.08901,0.0,0.0,-1.0,0.0,0.0,99.0,477.0
146741.0,0.0,-3.1201,-0.01,-0.08901,0.0,0.0,-1.0,0.0,0.0,99.0,485.0
146751.0,0.0,-3.1201,-0.007,-0.08901,0.0,0.0,-1.0,0.0,0.0,99.0,492.0
146761.0,0.0,-3.1201,-0.004,-0.08901,0.0,0.0,-1.0,0.0,0.0,99.0,485.0
146771.0,0.0,-3.1201,-0.003,-0.08901,0.0,0.0,-1.0,0.0,0.0,99.0,483.0
146781.0,0.0,-3.1201,-0.001,-0.08901,0.0,0.0,-1.0,0.0,0.0,99.0,478.0
146791.0,0.0,-3.1201,-0.001,-0.08901,0.0,0.0,-1.0,0.0,0.0,99.0,484.0
146801.0,0.0,-3.1201,-0.001,-0.08901,0.0,0.0,-1.0,0.0,0.0,99.0,484.0
146812.0,0.0,-3.1201,-0.0,-0.08901,0.0,0.0,-1.0,0.0,0.0,99.0,483.0
146822.0,0.0,-3.1201,0.005,-0.08901,0.0,0.0,-1.0,0.0,0.0,99.0,485.0
146832.0,0.0,-3.1201,0.001,-0.08901,0.0,0.0,-1.0,0.0,0.0,99.0,485.0
146842.0,0.0,-3.1201,-0.001,-0.08901,0.0,0.0,-1.0,0.0,0.0,99.0,492.0
146852.0,0.0,-3.1201,-0.001,-0.08901,0.0,0.0,-1.0,0.0,0.0,99.0,485.0
146862.0,0.0,-3.1201,-0.001,-0.08901,0.0,0.0,-1.0,0.0,0.0,99.0,484.0
146872.0,0.0,-3.1201,0.005,-0.08901,0.0,0.0,-1.0,0.0,0.0,99.0,485.0
146882.0,0.0,-3.1201,0.006,-0.08901,0.0,0.0,-1.0,0.0,0.0,99.0,484.0
146892.0,0.0,-3.1201,0.019,-0.08901,0.0,0.0,-1.0,0.0,0.0,99.0,492.0
146903.0,0.0,-3.1201,0.02,-0.08901,0.0,0.0,-1.0,0.0,0.0,99.0,483.0
146913.0,0.0,-3.1186,0.022,-0.08901,0.0,0.0,-1.0,0.0,0.0,99.0,485.0
146923.0,0.0,-3.1186,0.014,-0.08901,0.0,0.0,-1.0,0.0,0.0,99.0,485.0
146933.0,0.0,-3.1186,0.016,-0.08901,0.0,0.0,-1.0,0.0,0.0,99.0,477.0
146943.0,0.0,-3.1186,0.014,-0.08901,0.0,0.0,-1.0,0.0,0.0,99.0,492.0
146953.0,0.0,-3.1186,0.011,-0.08901,0.0,0.0,-1.0,0.0,0.0,99.0,492.0
146963.0,0.0,-3.1186,0.007,-0.08901,0.0,0.0,-1.0,0.0,0.0,99.0,491.0
146974.0,0.0,-3.1186,0.008,-0.08901,0.0,0.0,-1.0,0.0,0.0,99.0,478.0
146984.0,0.0,-3.117,0.009,-0.08901,0.0,0.0,-1.0,0.0,0.0,99.0,485.0
146994.0,0.0,-3.1186,0.002,-0.08901,0.0,0.0,-1.0,0.0,0.0,99.0,492.0
147004.0,0.0,-3.1186,0.007,-0.08901,0.0,0.0,-1.0,0.0,0.0,99.0,477.0
147014.0,0.0,-3.1186,0.004,-0.08901,0.0,0.0,-1.0,0.0,0.0,99.0,484.0
147024.0,0.0,-3.1186,-0.003,-0.08901,0.0,0.0,-1.0,0.0,0.0,99.0,478.0
147035.0,0.0,-3.1186,0.007,-0.08901,0.0,0.0,-1.0,0.0,0.0,99.0,477.0
147045.0,0.0,-3.1186,-0.003,-0.08901,0.0,0.0,-1.0,0.0,0.0,99.0,485.0
147055.0,0.0,-3.1186,0.001,-0.08901,0.0,0.0,-1.0,0.0,0.0,99.0,478.0
147065.0,0.0,-3.1186,0.001,-0.08901,0.0,0.0,-1.0,0.0,0.0,99.0,485.0
147075.0,0.0,-3.1186,-0.003,-0.08901,0.0,0.0,-1.0,0.0,0.0,99.0,485.0
147085.0,0.0,-3.1186,-0.004,-0.08901,0.0,0.0,-1.0,0.0,0.0,99.0,477.0
147095.0,0.0,-3.1186,-0.003,-0.08901,0.0,0.0,-1.0,0.0,0.0,99.0,478.0
147106.0,0.0,-3.1186,-0.002,-0.08901,0.0,0.0,-1.0,0.0,0.0,99.0,478.0
147116.0,0.0,-3.1186,-0.001,-0.08901,0.0,0.0,-1.0,0.0,0.0,99.0,478.0
147126.0,0.0,-3.1186,-0.001,-0.08901,0.0,0.0,-1.0,0.0,0.0,99.0,492.0
147136.0,0.0,-3.1186,-0.007,-0.08901,0.0,0.0,-1.0,0.0,0.0,99.0,491.0
147146.0,0.0,-3.1186,-0.011,-0.08901,0.0,0.0,-1.0,0.0,0.0,99.0,485.0
147157.0,0.0,-3.1201,-0.017,-0.08901,0.0,0.0,-1.0,0.0,0.0,99.0,478.0
147167.0,0.0,-3.1201,-0.024,-0.08901,0.0,0.0,-1.0,0.0,0.0,99.0,478.0
147177.0,0.0,-3.1201,-0.014,-0.08901,0.0,0.0,-1.0,0.0,0.0,99.0,484.0
147187.0,0.0,-3.1201,-0.021,-0.08901,0.0,0.0,-1.0,0.0,0.0,99.0,478.0
147197.0,0.0,-3.1201,-0.019,-0.08901,0.0,0.0,-1.0,0.0,0.0,99.0,478.0
147207.0,0.0,-3.1201,-0.016,-0.08901,0.0,0.0,-1.0,0.0,0.0,99.0,484.0
147218.0,0.0,-3.1201,-0.011,-0.08901,0.0,0.0,-1.0,0.0,0.0,99.0,477.0
147228.0,0.0,-3.1201,-0.007,-0.08901,0.0,0.0,-1.0,0.0,0.0,99.0,484.0
147238.0,0.0,-3.1201,-0.005,-0.08901,0.0,0.0,-1.0,0.0,0.0,99.0,484.0
147248.0,0.0,-3.1201,-0.003,-0.08901,0.0,0.0,-1.0,0.0,0.0,99.0,484.0
147259.0,0.0,-3.1201,-0.002,-0.08901,0.0,0.0,-1.0,0.0,0.0,99.0,477.0
147269.0,0.0,-3.1201,-0.001,-0.08901,0.0,0.0,-1.0,0.0,0.0,99.0,477.0
147279.0,0.0,-3.1201,-0.001,-0.08901,0.0,0.0,-1.0,0.0,0.0,99.0,491.0
147289.0,0.0,-3.1201,-0.0,-0.08901,0.0,0.0,-1.0,0.0,0.0,99.0,478.0
147299.0,0.0,-3.1201,-0.0,-0.08901,0.0,0.0,-1.0,0.0,0.0,99.0,485.0
147309.0,0.0,-3.1201,-0.0,-0.08901,0.0,0.0,-1.0,0.0,0.0,99.0,485.0
147319.0,0.0,-3.1201,-0.0,-0.08901,0.0,0.0,-1.0,0.0,0.0,99.0,492.0
147330.0,0.0,-3.1201,0.0,-0.08901,0.0,0.0,-1.0,0.0,0.0,99.0,478.0
147340.0,0.0,-3.1201,0.0,-0.08901,0.0,0.0,-1.0,0.0,0.0,99.0,484.0
147350.0,0.0,-3.1186,0.007,-0.08901,0.0,0.0,-1.0,0.0,0.0,99.0,485.0
147360.0,0.0,-3.1201,0.012,-0.08901,0.0,0.0,-1.0,0.0,0.0,99.0,485.0
147371.0,0.0,-3.1201,0.013,-0.08901,0.0,0.0,-1.0,0.0,0.0,99.0,485.0
147381.0,0.0,-3.1201,0.001,-0.08901,0.0,0.0,-1.0,0.0,0.0,99.0,485.0
147391.0,0.0,-3.1201,0.009,-0.08901,0.0,0.0,-1.0,0.0,0.0,99.0,477.0
147401.0,0.0,-3.1186,0.016,-0.08901,0.0,0.0,-1.0,0.0,0.0,99.0,477.0
147411.0,0.0,-3.1186,0.013,-0.08901,0.0,0.0,-1.0,0.0,0.0,99.0,478.0
147422.0,0.0,-3.1186,0.02,-0.08901,0.0,0.0,-1.0,0.0,0.0,99.0,485.0
147432.0,0.0,-3.1186,0.012,-0.08901,0.0,0.0,-1.0,0.0,0.0,99.0,485.0
147442.0,0.0,-3.1186,0.013,-0.08901,0.0,0.0,-1.0,0.0,0.0,99.0,485.0
147452.0,0.0,-3.1186,0.009,-0.08901,0.0,0.0,-1.0,0.0,0.0,99.0,478.0
147462.0,0.0,-3.1186,0.007,-0.08901,0.0,0.0,-1.0,0.0,0.0,99.0,484.0
147472.0,0.0,-3.1186,0.003,-0.08901,0.0,0.0,-1.0,0.0,0.0,99.0,485.0
147483.0,0.0,-3.1186,0.004,-0.08901,0.0,0.0,-1.0,0.0,0.0,99.0,484.0
147493.0,0.0,-3.1186,0.003,-0.08901,0.0,0.0,-1.0,0.0,0.0,99.0,477.0
147503.0,0.0,-3.1186,0.002,-0.08901,0.0,0.0,-1.0,0.0,0.0,99.0,483.0
147513.0,0.0,-3.1186,0.001,-0.08901,0.0,0.0,-1.0,0.0,0.0,99.0,485.0
147523.0,0.0,-3.1186,0.001,-0.08901,0.0,0.0,-1.0,0.0,0.0,99.0,483.0
147533.0,0.0,-3.1186,0.001,-0.08901,0.0,0.0,-1.0,0.0,0.0,99.0,485.0
147543.0,0.0,-3.1186,0.0,-0.08901,0.0,0.0,-1.0,0.0,0.0,99.0,485.0
147554.0,0.0,-3.1186,0.0,-0.08901,0.0,0.0,-1.0,0.0,0.0,99.0,484.0
147564.0,0.0,-3.1186,-0.001,-0.08901,0.0,0.0,-1.0,0.0,0.0,99.0,485.0
147574.0,0.0,-3.1186,0.001,-0.08901,0.0,0.0,-1.0,0.0,0.0,99.0,478.0
147584.0,0.0,-3.1186,-0.008,-0.08901,0.0,0.0,-1.0,0.0,0.0,99.0,485.0
147595.0,0.0,-3.1186,-0.006,-0.08901,0.0,0.0,-1.0,0.0,0.0,99.0,477.0
147605.0,0.0,-3.1201,-0.009,-0.08901,0.0,0.0,-1.0,0.0,0.0,99.0,478.0
147615.0,0.0,-3.1186,-0.012,-0.08901,0.0,0.0,-1.0,0.0,0.0,99.0,478.0
147625.0,0.0,-3.1186,-0.001,-0.08901,0.0,0.0,-1.0,0.0,0.0,99.0,491.0
147635.0,0.0,-3.1186,-0.008,-0.08901,0.0,0.0,-1.0,0.0,0.0,99.0,491.0
147646.0,0.0,-3.1186,0.003,-0.08901,0.0,0.0,-1.0,0.0,0.0,99.0,485.0
147656.0,0.0,-3.1201,-0.013,-0.08901,0.0,0.0,-1.0,0.0,0.0,99.0,492.0
147666.0,0.0,-3.1201,-0.019,-0.08901,0.0,0.0,-1.0,0.0,0.0,99.0,492.0
147676.0,0.0,-3.1201,-0.016,-0.08901,0.0,0.0,-1.0,0.0,0.0,99.0,477.0
147686.0,0.0,-3.1201,-0.008,-0.08901,0.0,0.0,-1.0,0.0,0.0,99.0,477.0
147696.0,0.0,-3.1201,-0.003,-0.08901,0.0,0.0,-1.0,0.0,0.0,99.0,491.0
147706.0,0.0,-3.1186,-0.004,-0.08901,0.0,0.0,-1.0,0.0,0.0,99.0,483.0
147717.0,0.0,-3.1201,-0.01,-0.08901,0.0,0.0,-1.0,0.0,0.0,99.0,485.0
147727.0,0.0,-3.1186,0.001,-0.08901,0.0,0.0,-1.0,0.0,0.0,99.0,485.0
147737.0,0.0,-3.1186,0.013,-0.08901,0.0,0.0,-1.0,0.0,0.0,99.0,485.0
147747.0,0.0,-3.1201,0.006,-0.08901,0.0,0.0,-1.0,0.0,0.0,99.0,491.0
147757.0,0.0,-3.1186,0.006,-0.08901,0.0,0.0,-1.0,0.0,0.0,99.0,491.0
147768.0,0.0,-3.1201,0.006,-0.08901,0.0,0.0,-1.0,0.0,0.0,99.0,485.0
147778.0,0.0,-3.1201,-0.005,-0.08901,0.0,0.0,-1.0,0.0,0.0,99.0,492.0
147788.0,0.0,-3.1201,0.005,-0.08901,0.0,0.0,-1.0,0.0,0.0,99.0,485.0
147798.0,0.0,-3.1201,0.007,-0.08901,0.0,0.0,-1.0,0.0,0.0,99.0,485.0
147809.0,0.0,-3.1186,0.005,-0.08901,0.0,0.0,-1.0,0.0,0.0,99.0,477.0
147819.0,0.0,-3.1186,0.012,-0.08901,0.0,0.0,-1.0,0.0,0.0,99.0,478.0
147829.0,0.0,-3.1186,0.015,-0.08901,0.0,0.0,-1.0,0.0,0.0,99.0,478.0
147839.0,0.0,-3.1186,0.004,-0.08901,0.0,0.0,-1.0,0.0,0.0,99.0,484.0
147849.0,0.0,-3.1186,0.012,-0.08901,0.0,0.0,-1.0,0.0,0.0,99.0,484.0
147859.0,0.0,-3.1186,0.011,-0.08901,0.0,0.0,-1.0,0.0,0.0,99.0,492.0
147869.0,0.0,-3.1186,0.004,-0.08901,0.0,0.0,-1.0,0.0,0.0,99.0,478.0
147879.0,0.0,-3.1186,0.005,-0.08901,0.0,0.0,-1.0,0.0,0.0,99.0,491.0
147890.0,0.0,-3.1186,-0.001,-0.08901,0.0,0.0,-1.0,0.0,0.0,99.0,478.0
147900.0,0.0,-3.1201,-0.003,-0.08901,0.0,0.0,-1.0,0.0,0.0,99.0,484.0
147910.0,0.0,-3.1186,0.002,-0.08901,0.0,0.0,-1.0,0.0,0.0,99.0,485.0
147920.0,0.0,-3.1186,0.003,-0.08901,0.0,0.0,-1.0,0.0,0.0,99.0,485.0
147931.0,0.0,-3.1186,0.002,-0.08901,0.0,0.0,-1.0,0.0,0.0,99.0,478.0
147941.0,0.0,-3.1186,0.002,-0.08901,0.0,0.0,-1.0,0.0,0.0,99.0,477.0
147951.0,0.0,-3.1186,0.001,-0.08901,0.0,0.0,-1.0,0.0,0.0,99.0,477.0
147961.0,0.0,-3.1201,-0.005,-0.08901,0.0,0.0,-1.0,0.0,0.0,99.0,491.0
147972.0,0.0,-3.1186,-0.002,-0.08901,0.0,0.0,-1.0,0.0,0.0,99.0,491.0
147982.0,0.0,-3.1186,-0.003,-0.08901,0.0,0.0,-1.0,0.0,0.0,99.0,485.0
147992.0,0.0,-3.1186,0.001,-0.08901,0.0,0.0,-1.0,0.0,0.0,99.0,492.0
148002.0,0.0,-3.1186,0.002,-0.08901,0.0,0.0,-1.0,0.0,0.0,99.0,477.0
148012.0,0.0,-3.1186,-0.001,-0.08901,0.0,0.0,-1.0,0.0,0.0,99.0,491.0
148023.0,0.0,-3.1186,-0.011,-0.08901,0.0,0.0,-1.0,0.0,0.0,99.0,478.0
148033.0,0.0,-3.1186,-0.0,-0.08901,0.0,0.0,-1.0,0.0,0.0,99.0,485.0
148043.0,0.0,-3.1186,-0.004,-0.08901,0.0,0.0,-1.0,0.0,0.0,99.0,484.0
148053.0,0.0,-3.1186,-0.004,-0.08901,0.0,0.0,-1.0,0.0,0.0,99.0,478.0
148063.0,0.0,-3.1201,-0.007,-0.08901,0.0,0.0,-1.0,0.0,0.0,99.0,485.0
148074.0,0.0,-3.1201,-0.018,-0.08901,0.0,0.0,-1.0,0.0,0.0,99.0,483.0
148084.0,0.0,-3.1201,-0.013,-0.08901,0.0,0.0,-1.0,0.0,0.0,99.0,478.0
148094.0,0.0,-3.1201,-0.015,-0.08901,0.0,0.0,-1.0,0.0,0.0,99.0,492.0
148104.0,0.0,-3.1186,0.001,-0.08901,0.0,0.0,-1.0,0.0,0.0,99.0,477.0
148114.0,0.0,-3.1201,-0.006,-0.08901,0.0,0.0,-1.0,0.0,0.0,99.0,478.0
148124.0,0.0,-3.1201,-0.014,-0.08901,0.0,0.0,-1.0,0.0,0.0,99.0,485.0
148134.0,0.0,-3.1201,-0.01,-0.08901,0.0,0.0,-1.0,0.0,0.0,99.0,477.0
148145.0,0.0,-3.1201,-0.002,-0.08901,0.0,0.0,-1.0,0.0,0.0,99.0,477.0
148155.0,0.0,-3.1201,-0.008,-0.08901,0.0,0.0,-1.0,0.0,0.0,99.0,485.0
148165.0,0.0,-3.1201,-0.007,-0.08901,0.0,0.0,-1.0,0.0,0.0,99.0,485.0
148175.0,0.0,-3.1201,-0.004,-0.08901,0.0,0.0,-1.0,0.0,0.0,99.0,485.0
148185.0,0.0,-3.1201,0.0,-0.08901,0.0,0.0,-1.0,0.0,0.0,99.0,491.0
148195.0,0.0,-3.1201,-0.003,-0.08901,0.0,0.0,-1.0,0.0,0.0,99.0,492.0
148205.0,0.0,-3.1201,0.002,-0.08901,0.0,0.0,-1.0,0.0,0.0,99.0,478.0
148216.0,0.0,-3.1201,0.001,-0.08901,0.0,0.0,-1.0,0.0,0.0,99.0,485.0
148226.0,0.0,-3.1201,-0.002,-0.08901,0.0,0.0,-1.0,0.0,0.0,99.0,491.0
148236.0,0.0,-3.1201,-0.001,-0.08901,0.0,0.0,-1.0,0.0,0.0,99.0,485.0
148246.0,0.0,-3.1201,0.004,-0.08901,0.0,0.0,-1.0,0.0,0.0,99.0,492.0
148256.0,0.0,-3.1201,0.0,-0.08901,0.0,0.0,-1.0,0.0,0.0,99.0,484.0
148267.0,0.0,-3.1201,-0.0,-0.08901,0.0,0.0,-1.0,0.0,0.0,99.0,485.0
148277.0,0.0,-3.1186,0.002,-0.08901,0.0,0.0,-1.0,0.0,0.0,99.0,485.0
148287.0,0.0,-3.1201,0.016,-0.08901,0.0,0.0,-1.0,0.0,0.0,99.0,484.0
148298.0,0.0,-3.1201,0.005,-0.08901,0.0,0.0,-1.0,0.0,0.0,99.0,478.0
148308.0,0.0,-3.1201,0.001,-0.08901,0.0,0.0,-1.0,0.0,0.0,99.0,492.0
148318.0,0.0,-3.1201,0.004,-0.08901,0.0,0.0,-1.0,0.0,0.0,99.0,485.0
148328.0,0.0,-3.1201,0.005,-0.08901,0.0,0.0,-1.0,0.0,0.0,99.0,485.0
148338.0,0.0,-3.1186,0.017,-0.08901,0.0,0.0,-1.0,0.0,0.0,99.0,478.0
148349.0,0.0,-3.1186,0.012,-0.08901,0.0,0.0,-1.0,0.0,0.0,99.0,477.0
148359.0,0.0,-3.1186,0.012,-0.08901,0.0,0.0,-1.0,0.0,0.0,99.0,478.0
148369.0,0.0,-3.1186,-0.003,-0.08901,0.0,0.0,-1.0,0.0,0.0,99.0,485.0
148379.0,0.0,-3.1201,-0.014,-0.08901,0.0,0.0,-1.0,0.0,0.0,99.0,478.0
148389.0,0.0,-3.1186,-0.003,-0.08901,0.0,0.0,-1.0,0.0,0.0,99.0,478.0
148400.0,0.0,-3.1186,0.004,-0.08901,0.0,0.0,-1.0,0.0,0.0,99.0,478.0
148410.0,0.0,-3.1186,0.01,-0.08901,0.0,0.0,-1.0,0.0,0.0,99.0,486.0
148420.0,0.0,-3.1186,0.014,-0.08901,0.0,0.0,-1.0,0.0,0.0,99.0,483.0
148430.0,0.0,-3.1201,-0.01,-0.08901,0.0,0.0,-1.0,0.0,0.0,99.0,478.0
148440.0,0.0,-3.1201,-0.012,-0.08901,0.0,0.0,-1.0,0.0,0.0,99.0,490.0
148450.0,0.0,-3.1201,-0.005,-0.08901,0.0,0.0,-1.0,0.0,0.0,99.0,485.0
148461.0,0.0,-3.1201,-0.008,-0.08901,0.0,0.0,-1.0,0.0,0.0,99.0,477.0
148471.0,0.0,-3.1186,0.002,-0.08901,0.0,0.0,-1.0,0.0,0.0,99.0,477.0
148481.0,0.0,-3.1201,-0.005,-0.08901,0.0,0.0,-1.0,0.0,0.0,99.0,492.0
148491.0,0.0,-3.1186,-0.007,-0.08901,0.0,0.0,-1.0,0.0,0.0,99.0,479.0
148501.0,0.0,-3.1201,-0.008,-0.08901,0.0,0.0,-1.0,0.0,0.0,99.0,491.0
148511.0,0.0,-3.1201,-0.006,-0.08901,0.0,0.0,-1.0,0.0,0.0,99.0,478.0
148522.0,0.0,-3.1201,-0.006,-0.08901,0.0,0.0,-1.0,0.0,0.0,99.0,484.0
148532.0,0.0,-3.1201,-0.007,-0.08901,0.0,0.0,-1.0,0.0,0.0,99.0,485.0
148542.0,0.0,-3.1201,-0.005,-0.08901,0.0,0.0,-1.0,0.0,0.0,99.0,485.0
148552.0,0.0,-3.1201,-0.004,-0.08901,0.0,0.0,-1.0,0.0,0.0,99.0,478.0
148562.0,0.0,-3.1201,-0.002,-0.08901,0.0,0.0,-1.0,0.0,0.0,99.0,485.0
148572.0,0.0,-3.1201,-0.001,-0.08901,0.0,0.0,-1.0,0.0,0.0,99.0,484.0
148582.0,0.0,-3.1201,-0.001,-0.08901,0.0,0.0,-1.0,0.0,0.0,99.0,485.0
148593.0,0.0,-3.1201,0.001,-0.08901,0.0,0.0,-1.0,0.0,0.0,99.0,485.0
148603.0,0.0,-3.1201,-0.001,-0.08901,0.0,0.0,-1.0,0.0,0.0,99.0,478.0
148613.0,0.0,-3.1201,-0.001,-0.08901,0.0,0.0,-1.0,0.0,0.0,99.0,484.0
148623.0,0.0,-3.1201,-0.001,-0.08901,0.0,0.0,-1.0,0.0,0.0,99.0,478.0
148634.0,0.0,-3.1201,-0.001,-0.08901,0.0,0.0,-1.0,0.0,0.0,99.0,485.0
148644.0,0.0,-3.1201,-0.0,-0.08901,0.0,0.0,-1.0,0.0,0.0,99.0,485.0
148654.0,0.0,-3.1201,-0.0,-0.08901,0.0,0.0,-1.0,0.0,0.0,99.0,492.0
148664.0,0.0,-3.1201,-0.0,-0.08901,0.0,0.0,-1.0,0.0,0.0,99.0,485.0
148674.0,0.0,-3.1201,-0.0,-0.08901,0.0,0.0,-1.0,0.0,0.0,99.0,485.0
148685.0,0.0,-3.1201,-0.0,-0.08901,0.0,0.0,-1.0,0.0,0.0,99.0,485.0
148695.0,0.0,-3.1186,0.016,-0.08901,0.0,0.0,-1.0,0.0,0.0,99.0,492.0
148705.0,0.0,-3.1201,0.014,-0.08901,0.0,0.0,-1.0,0.0,0.0,99.0,484.0
148716.0,0.0,-3.1186,0.004,-0.08901,0.0,0.0,-1.0,0.0,0.0,99.0,484.0
148726.0,0.0,-3.1201,-0.005,-0.08901,0.0,0.0,-1.0,0.0,0.0,99.0,485.0
148736.0,0.0,-3.1186,0.0,-0.08901,0.0,0.0,-1.0,0.0,0.0,99.0,485.0
148746.0,0.0,-3.1201,-0.001,-0.08901,0.0,0.0,-1.0,0.0,0.0,99.0,485.0
148756.0,0.0,-3.1201,0.007,-0.08901,0.0,0.0,-1.0,0.0,0.0,99.0,485.0
148766.0,0.0,-3.1201,-0.003,-0.08901,0.0,0.0,-1.0,0.0,0.0,99.0,478.0
148776.0,0.0,-3.1186,0.007,-0.08901,0.0,0.0,-1.0,0.0,0.0,99.0,485.0
148787.0,0.0,-3.1186,0.008,-0.08901,0.0,0.0,-1.0,0.0,0.0,99.0,478.0
148797.0,0.0,-3.1201,0.005,-0.08901,0.0,0.0,-1.0,0.0,0.0,99.0,478.0
148807.0,0.0,-3.1201,0.006,-0.08901,0.0,0.0,-1.0,0.0,0.0,99.0,485.0
148817.0,0.0,-3.1201,0.014,-0.08901,0.0,0.0,-1.0,0.0,0.0,99.0,477.0
148827.0,0.0,-3.1201,0.004,-0.08901,0.0,0.0,-1.0,0.0,0.0,99.0,485.0
148837.0,0.0,-3.1186,0.005,-0.08901,0.0,0.0,-1.0,0.0,0.0,99.0,485.0
148848.0,0.0,-3.1186,0.015,-0.08901,0.0,0.0,-1.0,0.0,0.0,99.0,485.0
148858.0,0.0,-3.1186,-0.007,-0.08901,0.0,0.0,-1.0,0.0,0.0,99.0,485.0
148868.0,0.0,-3.1201,-0.001,-0.08901,0.0,0.0,-1.0,0.0,0.0,99.0,485.0
148878.0,0.0,-3.1186,0.007,-0.08901,0.0,0.0,-1.0,0.0,0.0,99.0,485.0
148888.0,0.0,-3.1201,-0.006,-0.08901,0.0,0.0,-1.0,0.0,0.0,99.0,478.0
148898.0,0.0,-3.1201,-0.003,-0.08901,0.0,0.0,-1.0,0.0,0.0,99.0,485.0
148908.0,0.0,-3.1186,-0.008,-0.08901,0.0,0.0,-1.0,0.0,0.0,99.0,485.0
148918.0,0.0,-3.1186,-0.001,-0.08901,0.0,0.0,-1.0,0.0,0.0,99.0,492.0
148928.0,0.0,-3.1201,-0.007,-0.08901,0.0,0.0,-1.0,0.0,0.0,99.0,485.0
148939.0,0.0,-3.1201,-0.008,-0.08901,0.0,0.0,-1.0,0.0,0.0,99.0,478.0
148949.0,0.0,-3.1201,-0.011,-0.08901,0.0,0.0,-1.0,0.0,0.0,99.0,479.0
148959.0,0.0,-3.1201,-0.012,-0.08901,0.0,0.0,-1.0,0.0,0.0,99.0,483.0
148969.0,0.0,-3.1201,-0.01,-0.08901,0.0,0.0,-1.0,0.0,0.0,99.0,485.0
148979.0,0.0,-3.1201,-0.007,-0.08901,0.0,0.0,-1.0,0.0,0.0,99.0,484.0
148989.0,0.0,-3.1201,-0.004,-0.08901,0.0,0.0,-1.0,0.0,0.0,99.0,485.0
148999.0,0.0,-3.1201,-0.003,-0.08901,0.0,0.0,-1.0,0.0,0.0,99.0,491.0
149009.0,0.0,-3.1201,-0.0,-0.08901,0.0,0.0,-1.0,0.0,0.0,99.0,478.0
149020.0,0.0,-3.1201,-0.002,-0.08901,0.0,0.0,-1.0,0.0,0.0,99.0,485.0
149030.0,0.0,-3.1201,-0.001,-0.08901,0.0,0.0,-1.0,0.0,0.0,99.0,485.0
149040.0,0.0,-3.1201,-0.001,-0.08901,0.0,0.0,-1.0,0.0,0.0,99.0,491.0
149050.0,0.0,-3.1201,-0.001,-0.08901,0.0,0.0,-1.0,0.0,0.0,99.0,483.0
149060.0,0.0,-3.1201,-0.001,-0.08901,0.0,0.0,-1.0,0.0,0.0,99.0,491.0
149071.0,0.0,-3.1201,-0.0,-0.08901,0.0,0.0,-1.0,0.0,0.0,99.0,483.0
149081.0,0.0,-3.1201,-0.0,-0.08901,0.0,0.0,-1.0,0.0,0.0,99.0,485.0
149091.0,0.0,-3.1201,-0.0,-0.08901,0.0,0.0,-1.0,0.0,0.0,99.0,492.0
149101.0,0.0,-3.1201,-0.0,-0.08901,0.0,0.0,-1.0,0.0,0.0,99.0,485.0
149111.0,0.0,-3.1201,-0.0,-0.08901,0.0,0.0,-1.0,0.0,0.0,99.0,492.0
149121.0,0.0,-3.1201,0.0,-0.08901,0.0,0.0,-1.0,0.0,0.0,99.0,477.0
149131.0,0.0,-3.1201,0.0,-0.08901,0.0,0.0,-1.0,0.0,0.0,99.0,485.0
149141.0,0.0,-3.1201,0.0,-0.08901,0.0,0.0,-1.0,0.0,0.0,99.0,485.0
149152.0,0.0,-3.1201,0.0,-0.08901,0.0,0.0,-1.0,0.0,0.0,99.0,484.0
149162.0,0.0,-3.1201,0.0,-0.08901,0.0,0.0,-1.0,0.0,0.0,99.0,485.0
149172.0,0.0,-3.1201,0.0,-0.08901,0.0,0.0,-1.0,0.0,0.0,99.0,477.0
149182.0,0.0,-3.1201,0.0,-0.08901,0.0,0.0,-1.0,0.0,0.0,99.0,483.0
149193.0,0.0,-3.1201,0.0,-0.08901,0.0,0.0,-1.0,0.0,0.0,99.0,483.0
149203.0,0.0,-3.1201,0.0,-0.08901,0.0,0.0,-1.0,0.0,0.0,99.0,485.0
149213.0,0.0,-3.1201,0.005,-0.08901,0.0,0.0,-1.0,0.0,0.0,99.0,485.0
149223.0,0.0,-3.1201,0.005,-0.08901,0.0,0.0,-1.0,0.0,0.0,99.0,478.0
149233.0,0.0,-3.1201,-0.0,-0.08901,0.0,0.0,-1.0,0.0,0.0,99.0,485.0
149243.0,0.0,-3.1186,0.005,-0.08901,0.0,0.0,-1.0,0.0,0.0,99.0,477.0
149253.0,0.0,-3.1201,0.003,-0.08901,0.0,0.0,-1.0,0.0,0.0,99.0,485.0
149264.0,0.0,-3.1201,0.016,-0.08901,0.0,0.0,-1.0,0.0,0.0,99.0,485.0
149274.0,0.0,-3.1201,0.002,-0.08901,0.0,0.0,-1.0,0.0,0.0,99.0,485.0
149284.0,0.0,-3.1201,0.008,-0.08901,0.0,0.0,-1.0,0.0,0.0,99.0,485.0
149294.0,0.0,-3.1201,-0.003,-0.08901,0.0,0.0,-1.0,0.0,0.0,99.0,485.0
149304.0,0.0,-3.1201,0.0,-0.08901,0.0,0.0,-1.0,0.0,0.0,99.0,491.0
149314.0,0.0,-3.1186,0.012,-0.08901,0.0,0.0,-1.0,0.0,0.0,99.0,478.0
149325.0,0.0,-3.1186,0.007,-0.08901,0.0,0.0,-1.0,0.0,0.0,99.0,477.0
149335.0,0.0,-3.1186,0.013,-0.08901,0.0,0.0,-1.0,0.0,0.0,99.0,485.0
149345.0,0.0,-3.1186,0.003,-0.08901,0.0,0.0,-1.0,0.0,0.0,99.0,485.0
149355.0,0.0,-3.1186,-0.007,-0.08901,0.0,0.0,-1.0,0.0,0.0,99.0,485.0
149365.0,0.0,-3.1201,-0.013,-0.08901,0.0,0.0,-1.0,0.0,0.0,99.0,478.0
149375.0,0.0,-3.1186,0.003,-0.08901,0.0,0.0,-1.0,0.0,0.0,99.0,478.0
149386.0,0.0,-3.1186,0.005,-0.08901,0.0,0.0,-1.0,0.0,0.0,99.0,477.0
149396.0,0.0,-3.1201,0.011,-0.08901,0.0,0.0,-1.0,0.0,0.0,99.0,485.0
149406.0,0.0,-3.1186,-0.002,-0.08901,0.0,0.0,-1.0,0.0,0.0,99.0,478.0
149416.0,0.0,-3.1186,-0.008,-0.08901,0.0,0.0,-1.0,0.0,0.0,99.0,485.0
149427.0,0.0,-3.1186,-0.008,-0.08901,0.0,0.0,-1.0,0.0,0.0,99.0,485.0
149437.0,0.0,-3.1201,-0.012,-0.08901,0.0,0.0,-1.0,0.0,0.0,99.0,477.0
149447.0,0.0,-3.1201,0.001,-0.08901,0.0,0.0,-1.0,0.0,0.0,99.0,485.0
149457.0,0.0,-3.1201,-0.002,-0.08901,0.0,0.0,-1.0,0.0,0.0,99.0,478.0
149467.0,0.0,-3.1201,-0.011,-0.08901,0.0,0.0,-1.0,0.0,0.0,99.0,484.0
149477.0,0.0,-3.1201,-0.002,-0.08901,0.0,0.0,-1.0,0.0,0.0,99.0,485.0
149488.0,0.0,-3.1201,-0.007,-0.08901,0.0,0.0,-1.0,0.0,0.0,99.0,478.0
149498.0,0.0,-3.1201,-0.008,-0.08901,0.0,0.0,-1.0,0.0,0.0,99.0,485.0
149508.0,0.0,-3.1201,-0.006,-0.08901,0.0,0.0,-1.0,0.0,0.0,99.0,485.0
149518.0,0.0,-3.1201,-0.006,-0.08901,0.0,0.0,-1.0,0.0,0.0,99.0,477.0
149528.0,0.0,-3.1201,-0.005,-0.08901,0.0,0.0,-1.0,0.0,0.0,99.0,485.0
149538.0,0.0,-3.1201,-0.003,-0.08901,0.0,0.0,-1.0,0.0,0.0,99.0,485.0
149548.0,0.0,-3.1201,-0.002,-0.08901,0.0,0.0,-1.0,0.0,0.0,99.0,478.0
149559.0,0.0,-3.1201,-0.001,-0.08901,0.0,0.0,-1.0,0.0,0.0,99.0,477.0
149569.0,0.0,-3.1201,-0.001,-0.08901,0.0,0.0,-1.0,0.0,0.0,99.0,477.0
149579.0,0.0,-3.1201,-0.0,-0.08901,0.0,0.0,-1.0,0.0,0.0,99.0,485.0
149589.0,0.0,-3.1201,-0.0,-0.08901,0.0,0.0,-1.0,0.0,0.0,99.0,478.0
149599.0,0.0,-3.1201,-0.0,-0.08901,0.0,0.0,-1.0,0.0,0.0,99.0,484.0
149609.0,0.0,-3.1201,-0.0,-0.08901,0.0,0.0,-1.0,0.0,0.0,99.0,491.0
149620.0,0.0,-3.1201,-0.0,-0.08901,0.0,0.0,-1.0,0.0,0.0,99.0,484.0
149630.0,0.0,-3.1201,0.0,-0.08901,0.0,0.0,-1.0,0.0,0.0,99.0,478.0
149640.0,0.0,-3.1201,0.0,-0.08901,0.0,0.0,-1.0,0.0,0.0,99.0,483.0
149650.0,0.0,-3.1201,0.0,-0.08901,0.0,0.0,-1.0,0.0,0.0,99.0,485.0
149660.0,0.0,-3.1201,0.0,-0.08901,0.0,0.0,-1.0,0.0,0.0,99.0,478.0
149670.0,0.0,-3.1201,0.002,-0.08901,0.0,0.0,-1.0,0.0,0.0,99.0,485.0
149681.0,0.0,-3.1186,0.01,-0.08901,0.0,0.0,-1.0,0.0,0.0,99.0,485.0
149691.0,0.0,-3.1201,0.005,-0.08901,0.0,0.0,-1.0,0.0,0.0,99.0,492.0
149701.0,0.0,-3.1201,0.0,-0.08901,0.0,0.0,-1.0,0.0,0.0,99.0,485.0
149711.0,0.0,-3.1201,0.008,-0.08901,0.0,0.0,-1.0,0.0,0.0,99.0,477.0
149721.0,0.0,-3.1201,0.007,-0.08901,0.0,0.0,-1.0,0.0,0.0,99.0,483.0
149732.0,0.0,-3.1186,0.014,-0.08901,0.0,0.0,-1.0,0.0,0.0,99.0,478.0
149742.0,0.0,-3.1186,0.003,-0.08901,0.0,0.0,-1.0,0.0,0.0,99.0,477.0
149752.0,0.0,-3.1201,0.012,-0.08901,0.0,0.0,-1.0,0.0,0.0,99.0,485.0
149762.0,0.0,-3.1186,0.01,-0.08901,0.0,0.0,-1.0,0.0,0.0,99.0,491.0
149772.0,0.0,-3.1201,0.01,-0.08901,0.0,0.0,-1.0,0.0,0.0,99.0,485.0
149782.0,0.0,-3.1201,0.004,-0.08901,0.0,0.0,-1.0,0.0,0.0,99.0,478.0
149793.0,0.0,-3.1186,0.012,-0.08901,0.0,0.0,-1.0,0.0,0.0,99.0,485.0
149803.0,0.0,-3.1186,0.009,-0.08901,0.0,0.0,-1.0,0.0,0.0,99.0,485.0
149813.0,0.0,-3.1186,0.008,-0.08901,0.0,0.0,-1.0,0.0,0.0,99.0,484.0
149823.0,0.0,-3.1186,-0.007,-0.08901,0.0,0.0,-1.0,0.0,0.0,99.0,485.0
149833.0,0.0,-3.1186,-0.003,-0.08901,0.0,0.0,-1.0,0.0,0.0,99.0,478.0
149843.0,0.0,-3.1201,-0.005,-0.08901,0.0,0.0,-1.0,0.0,0.0,99.0,484.0
149854.0,0.0,-3.1186,-0.002,-0.08901,0.0,0.0,-1.0,0.0,0.0,99.0,485.0
149864.0,0.0,-3.1186,-0.001,-0.08901,0.0,0.0,-1.0,0.0,0.0,99.0,485.0
149874.0,0.0,-3.1201,-0.006,-0.08901,0.0,0.0,-1.0,0.0,0.0,99.0,478.0
149884.0,0.0,-3.1186,-0.006,-0.08901,0.0,0.0,-1.0,0.0,0.0,99.0,485.0
149895.0,0.0,-3.1201,-0.016,-0.08901,0.0,0.0,-1.0,0.0,0.0,99.0,483.0
149905.0,0.0,-3.1186,-0.005,-0.08901,0.0,0.0,-1.0,0.0,0.0,99.0,478.0
149915.0,0.0,-3.1186,0.005,-0.08901,0.0,0.0,-1.0,0.0,0.0,99.0,485.0
149925.0,0.0,-3.1201,0.001,-0.08901,0.0,0.0,-1.0,0.0,0.0,99.0,484.0
149935.0,0.0,-3.1186,-0.011,-0.08901,0.0,0.0,-1.0,0.0,0.0,99.0,477.0
149946.0,0.0,-3.1201,-0.005,-0.08901,0.0,0.0,-1.0,0.0,0.0,99.0,477.0
149956.0,0.0,-3.1201,-0.01,-0.08901,0.0,0.0,-1.0,0.0,0.0,99.0,485.0
149966.0,0.0,-3.1201,-0.01,-0.08901,0.0,0.0,-1.0,0.0,0.0,99.0,491.0
149976.0,0.0,-3.1186,-0.003,-0.08901,0.0,0.0,-1.0,0.0,0.0,99.0,491.0
149986.0,0.0,-3.1201,-0.01,-0.08901,0.0,0.0,-1.0,0.0,0.0,99.0,491.0
149997.0,0.0,-3.1201,-0.006,-0.08901,0.0,0.0,-1.0,0.0,0.0,99.0,477.0
150007.0,0.0,-3.1201,-0.003,-0.08901,0.0,0.0,-1.0,0.0,0.0,99.0,484.0
150017.0,0.0,-3.1201,-0.005,-0.08901,0.0,0.0,-1.0,0.0,0.0,99.0,478.0
150027.0,0.0,-3.1201,-0.005,-0.08901,0.0,0.0,-1.0,0.0,0.0,99.0,478.0
150037.0,0.0,-3.1201,-0.003,-0.08901,0.0,0.0,-1.0,0.0,0.0,99.0,477.0
150047.0,0.0,-3.1201,-0.002,-0.08901,0.0,0.0,-1.0,0.0,0.0,99.0,485.0
150058.0,0.0,-3.1201,-0.001,-0.08901,0.0,0.0,-1.0,0.0,0.0,99.0,485.0
150068.0,0.0,-3.1186,0.005,-0.08901,0.0,0.0,-1.0,0.0,0.0,99.0,492.0
150078.0,0.0,-3.1201,0.008,-0.08901,0.0,0.0,-1.0,0.0,0.0,99.0,477.0
150088.0,0.0,-3.1186,0.023,-0.08901,0.0,0.0,-1.0,0.0,0.0,99.0,485.0
150098.0,0.0,-3.1201,0.004,-0.08901,0.0,0.0,-1.0,0.0,0.0,99.0,485.0
150108.0,0.0,-3.1186,-0.002,-0.08901,0.0,0.0,-1.0,0.0,0.0,99.0,485.0
150119.0,0.0,-3.1201,0.001,-0.08901,0.0,0.0,-1.0,0.0,0.0,99.0,477.0
150129.0,0.0,-3.1186,0.01,-0.08901,0.0,0.0,-1.0,0.0,0.0,99.0,484.0
150139.0,0.0,-3.1186,0.009,-0.08901,0.0,0.0,-1.0,0.0,0.0,99.0,478.0
150149.0,0.0,-3.1201,0.004,-0.08901,0.0,0.0,-1.0,0.0,0.0,99.0,491.0
150159.0,0.0,-3.1186,-0.002,-0.08901,0.0,0.0,-1.0,0.0,0.0,99.0,491.0
150169.0,0.0,-3.1186,0.009,-0.08901,0.0,0.0,-1.0,0.0,0.0,99.0,484.0
150180.0,0.0,-3.1201,0.008,-0.08901,0.0,0.0,-1.0,0.0,0.0,99.0,485.0
150190.0,0.0,-3.1186,0.0,-0.08901,0.0,0.0,-1.0,0.0,0.0,99.0,492.0
150200.0,0.0,-3.1186,0.009,-0.08901,0.0,0.0,-1.0,0.0,0.0,99.0,478.0
150210.0,0.0,-3.1186,0.005,-0.08901,0.0,0.0,-1.0,0.0,0.0,99.0,477.0
150220.0,0.0,-3.1186,0.007,-0.08901,0.0,0.0,-1.0,0.0,0.0,99.0,485.0
150231.0,0.0,-3.1186,0.013,-0.08901,0.0,0.0,-1.0,0.0,0.0,99.0,485.0
150241.0,0.0,-3.1186,0.012,-0.08901,0.0,0.0,-1.0,0.0,0.0,99.0,483.0
150251.0,0.0,-3.1201,0.003,-0.08901,0.0,0.0,-1.0,0.0,0.0,99.0,485.0
150261.0,0.0,-3.1186,-0.004,-0.08901,0.0,0.0,-1.0,0.0,0.0,99.0,485.0
150271.0,0.0,-3.1201,-0.007,-0.08901,0.0,0.0,-1.0,0.0,0.0,99.0,490.0
150281.0,0.0,-3.1186,0.001,-0.08901,0.0,0.0,-1.0,0.0,0.0,99.0,478.0
150292.0,0.0,-3.1186,-0.003,-0.08901,0.0,0.0,-1.0,0.0,0.0,99.0,478.0
150302.0,0.0,-3.1201,-0.007,-0.08901,0.0,0.0,-1.0,0.0,0.0,99.0,483.0
150312.0,0.0,-3.1201,-0.005,-0.08901,0.0,0.0,-1.0,0.0,0.0,99.0,485.0
150322.0,0.0,-3.1186,-0.01,-0.08901,0.0,0.0,-1.0,0.0,0.0,99.0,492.0
150332.0,0.0,-3.1186,-0.011,-0.08901,0.0,0.0,-1.0,0.0,0.0,99.0,485.0
150342.0,0.0,-3.1186,-0.005,-0.08901,0.0,0.0,-1.0,0.0,0.0,99.0,478.0
150352.0,0.0,-3.1201,-0.014,-0.08901,0.0,0.0,-1.0,0.0,0.0,99.0,485.0
150363.0,0.0,-3.1201,-0.009,-0.08901,0.0,0.0,-1.0,0.0,0.0,99.0,491.0
150373.0,0.0,-3.1186,0.003,-0.08901,0.0,0.0,-1.0,0.0,0.0,99.0,485.0
150383.0,0.0,-3.1201,-0.006,-0.08901,0.0,0.0,-1.0,0.0,0.0,99.0,484.0
150393.0,0.0,-3.1201,-0.009,-0.08901,0.0,0.0,-1.0,0.0,0.0,99.0,484.0
150404.0,0.0,-3.1201,-0.008,-0.08901,0.0,0.0,-1.0,0.0,0.0,99.0,477.0
150414.0,0.0,-3.1201,-0.012,-0.08901,0.0,0.0,-1.0,0.0,0.0,99.0,485.0
150424.0,0.0,-3.1201,-0.012,-0.08901,0.0,0.0,-1.0,0.0,0.0,99.0,485.0
150434.0,0.0,-3.1201,-0.009,-0.08901,0.0,0.0,-1.0,0.0,0.0,99.0,485.0
150445.0,0.0,-3.1201,-0.003,-0.08901,0.0,0.0,-1.0,0.0,0.0,99.0,477.0
150455.0,0.0,-3.1201,-0.004,-0.08901,0.0,0.0,-1.0,0.0,0.0,99.0,477.0
150465.0,0.0,-3.1201,-0.003,-0.08901,0.0,0.0,-1.0,0.0,0.0,99.0,478.0
150475.0,0.0,-3.1201,-0.002,-0.08901,0.0,0.0,-1.0,0.0,0.0,99.0,490.0
150485.0,0.0,-3.1201,-0.002,-0.08901,0.0,0.0,-1.0,0.0,0.0,99.0,485.0
150495.0,0.0,-3.1201,-0.001,-0.08901,0.0,0.0,-1.0,0.0,0.0,99.0,491.0
150506.0,0.0,-3.1201,-0.001,-0.08901,0.0,0.0,-1.0,0.0,0.0,99.0,485.0
150516.0,0.0,-3.1201,-0.0,-0.08901,0.0,0.0,-1.0,0.0,0.0,99.0,492.0
150526.0,0.0,-3.1201,-0.0,-0.08901,0.0,0.0,-1.0,0.0,0.0,99.0,492.0
150536.0,0.0,-3.1201,-0.0,-0.08901,0.0,0.0,-1.0,0.0,0.0,99.0,485.0
150546.0,0.0,-3.1201,-0.0,-0.08901,0.0,0.0,-1.0,0.0,0.0,99.0,483.0
150556.0,0.0,-3.1186,0.006,-0.08901,0.0,0.0,-1.0,0.0,0.0,99.0,491.0
150566.0,0.0,-3.1201,0.006,-0.08901,0.0,0.0,-1.0,0.0,0.0,99.0,485.0
150577.0,0.0,-3.1201,0.006,-0.08901,0.0,0.0,-1.0,0.0,0.0,99.0,477.0
150587.0,0.0,-3.1201,-0.001,-0.08901,0.0,0.0,-1.0,0.0,0.0,99.0,492.0
150597.0,0.0,-3.1201,-0.001,-0.08901,0.0,0.0,-1.0,0.0,0.0,99.0,477.0
150607.0,0.0,-3.1201,0.0,-0.08901,0.0,0.0,-1.0,0.0,0.0,99.0,485.0
150617.0,0.0,-3.1186,0.013,-0.08901,0.0,0.0,-1.0,0.0,0.0,99.0,484.0
150628.0,0.0,-3.1186,0.015,-0.08901,0.0,0.0,-1.0,0.0,0.0,99.0,477.0
150638.0,0.0,-3.1201,0.002,-0.08901,0.0,0.0,-1.0,0.0,0.0,99.0,485.0
150648.0,0.0,-3.1186,0.011,-0.08901,0.0,0.0,-1.0,0.0,0.0,99.0,492.0
150658.0,0.0,-3.1201,0.005,-0.08901,0.0,0.0,-1.0,0.0,0.0,99.0,478.0
150668.0,0.0,-3.1186,0.022,-0.08901,0.0,0.0,-1.0,0.0,0.0,99.0,484.0
150678.0,0.0,-3.1186,0.012,-0.08901,0.0,0.0,-1.0,0.0,0.0,99.0,485.0
150689.0,0.0,-3.1201,0.003,-0.08901,0.0,0.0,-1.0,0.0,0.0,99.0,485.0
150699.0,0.0,-3.1186,-0.001,-0.08901,0.0,0.0,-1.0,0.0,0.0,99.0,485.0
150709.0,0.0,-3.1186,0.003,-0.08901,0.0,0.0,-1.0,0.0,0.0,99.0,490.0
150719.0,0.0,-3.1186,0.011,-0.08901,0.0,0.0,-1.0,0.0,0.0,99.0,477.0
150729.0,0.0,-3.1186,0.009,-0.08901,0.0,0.0,-1.0,0.0,0.0,99.0,484.0
150739.0,0.0,-3.1186,0.001,-0.08901,0.0,0.0,-1.0,0.0,0.0,99.0,485.0
150750.0,0.0,-3.1186,0.001,-0.08901,0.0,0.0,-1.0,0.0,0.0,99.0,485.0
150760.0,0.0,-3.1186,-0.002,-0.08901,0.0,0.0,-1.0,0.0,0.0,99.0,485.0
150770.0,0.0,-3.1186,0.003,-0.08901,0.0,0.0,-1.0,0.0,0.0,99.0,477.0
150780.0,0.0,-3.1186,0.002,-0.08901,0.0,0.0,-1.0,0.0,0.0,99.0,491.0
150791.0,0.0,-3.1201,-0.014,-0.08901,0.0,0.0,-1.0,0.0,0.0,99.0,485.0
150801.0,0.0,-3.1186,-0.008,-0.08901,0.0,0.0,-1.0,0.0,0.0,99.0,478.0
150811.0,0.0,-3.1201,-0.006,-0.08901,0.0,0.0,-1.0,0.0,0.0,99.0,485.0
150821.0,0.0,-3.1186,-0.002,-0.08901,0.0,0.0,-1.0,0.0,0.0,99.0,485.0
150831.0,0.0,-3.1186,-0.003,-0.08901,0.0,0.0,-1.0,0.0,0.0,99.0,484.0
150842.0,0.0,-3.1201,-0.01,-0.08901,0.0,0.0,-1.0,0.0,0.0,99.0,485.0
150852.0,0.0,-3.1186,0.006,-0.08901,0.0,0.0,-1.0,0.0,0.0,99.0,485.0
150862.0,0.0,-3.1201,-0.014,-0.08901,0.0,0.0,-1.0,0.0,0.0,99.0,485.0
150872.0,0.0,-3.1186,-0.002,-0.08901,0.0,0.0,-1.0,0.0,0.0,99.0,485.0
150882.0,0.0,-3.1186,0.004,-0.08901,0.0,0.0,-1.0,0.0,0.0,99.0,478.0
150893.0,0.0,-3.1186,-0.002,-0.08901,0.0,0.0,-1.0,0.0,0.0,99.0,478.0
150903.0,0.0,-3.1186,-0.004,-0.08901,0.0,0.0,-1.0,0.0,0.0,99.0,484.0
150913.0,0.0,-3.1201,-0.008,-0.08901,0.0,0.0,-1.0,0.0,0.0,99.0,484.0
150923.0,0.0,-3.1186,-0.0,-0.08901,0.0,0.0,-1.0,0.0,0.0,99.0,485.0
150933.0,0.0,-3.1186,0.013,-0.08901,0.0,0.0,-1.0,0.0,0.0,99.0,491.0
150944.0,0.0,-3.1201,0.0,-0.08901,0.0,0.0,-1.0,0.0,0.0,99.0,485.0
150954.0,0.0,-3.1201,-0.011,-0.08901,0.0,0.0,-1.0,0.0,0.0,99.0,478.0
150964.0,0.0,-3.1201,-0.011,-0.08901,0.0,0.0,-1.0,0.0,0.0,99.0,492.0
150974.0,0.0,-3.1186,0.0,-0.08901,0.0,0.0,-1.0,0.0,0.0,99.0,484.0
150985.0,0.0,-3.1186,0.003,-0.08901,0.0,0.0,-1.0,0.0,0.0,99.0,478.0
150995.0,0.0,-3.1201,-0.004,-0.08901,0.0,0.0,-1.0,0.0,0.0,99.0,485.0
151005.0,0.0,-3.1201,-0.004,-0.08901,0.0,0.0,-1.0,0.0,0.0,99.0,485.0
151015.0,0.0,-3.1186,0.016,-0.08901,0.0,0.0,-1.0,0.0,0.0,99.0,484.0
151026.0,0.0,-3.1201,0.012,-0.08901,0.0,0.0,-1.0,0.0,0.0,99.0,478.0
151036.0,0.0,-3.1201,0.002,-0.08901,0.0,0.0,-1.0,0.0,0.0,99.0,485.0
151046.0,0.0,-3.1201,0.01,-0.08901,0.0,0.0,-1.0,0.0,0.0,99.0,484.0
151056.0,0.0,-3.1186,0.009,-0.08901,0.0,0.0,-1.0,0.0,0.0,99.0,478.0
151067.0,0.0,-3.1186,0.004,-0.08901,0.0,0.0,-1.0,0.0,0.0,99.0,485.0
151077.0,0.0,-3.1186,0.005,-0.08901,0.0,0.0,-1.0,0.0,0.0,99.0,477.0
151087.0,0.0,-3.1186,0.009,-0.08901,0.0,0.0,-1.0,0.0,0.0,99.0,485.0
151097.0,0.0,-3.1186,0.005,-0.08901,0.0,0.0,-1.0,0.0,0.0,99.0,477.0
151107.0,0.0,-3.1186,-0.0,-0.08901,0.0,0.0,-1.0,0.0,0.0,99.0,478.0
151118.0,0.0,-3.1186,0.004,-0.08901,0.0,0.0,-1.0,0.0,0.0,99.0,485.0
151128.0,0.0,-3.1186,0.004,-0.08901,0.0,0.0,-1.0,0.0,0.0,99.0,479.0
151138.0,0.0,-3.1186,0.005,-0.08901,0.0,0.0,-1.0,0.0,0.0,99.0,485.0
151148.0,0.0,-3.1186,0.005,-0.08901,0.0,0.0,-1.0,0.0,0.0,99.0,478.0
151158.0,0.0,-3.1201,-0.003,-0.08901,0.0,0.0,-1.0,0.0,0.0,99.0,478.0
151169.0,0.0,-3.1186,-0.007,-0.08901,0.0,0.0,-1.0,0.0,0.0,99.0,477.0
151179.0,0.0,-3.1201,-0.021,-0.08901,0.0,0.0,-1.0,0.0,0.0,99.0,484.0
151189.0,0.0,-3.1186,-0.01,-0.08901,0.0,0.0,-1.0,0.0,0.0,99.0,485.0
151199.0,0.0,-3.1186,-0.008,-0.08901,0.0,0.0,-1.0,0.0,0.0,99.0,485.0
151209.0,0.0,-3.1186,-0.018,-0.08901,0.0,0.0,-1.0,0.0,0.0,99.0,492.0
151219.0,0.0,-3.1186,-0.006,-0.08901,0.0,0.0,-1.0,0.0,0.0,99.0,477.0
151229.0,0.0,-3.1186,0.001,-0.08901,0.0,0.0,-1.0,0.0,0.0,99.0,478.0
151239.0,0.0,-3.1186,-0.003,-0.08901,0.0,0.0,-1.0,0.0,0.0,99.0,478.0
151249.0,0.0,-3.1186,-0.008,-0.08901,0.0,0.0,-1.0,0.0,0.0,99.0,492.0
151260.0,0.0,-3.1186,-0.004,-0.08901,0.0,0.0,-1.0,0.0,0.0,99.0,485.0
151270.0,0.0,-3.1201,-0.0,-0.08901,0.0,0.0,-1.0,0.0,0.0,99.0,485.0
151280.0,0.0,-3.1201,-0.016,-0.08901,0.0,0.0,-1.0,0.0,0.0,99.0,485.0
151290.0,0.0,-3.1201,-0.016,-0.08901,0.0,0.0,-1.0,0.0,0.0,99.0,484.0
151301.0,0.0,-3.1186,-0.005,-0.08901,0.0,0.0,-1.0,0.0,0.0,99.0,478.0
151311.0,0.0,-3.1201,-0.004,-0.08901,0.0,0.0,-1.0,0.0,0.0,99.0,491.0
151321.0,0.0,-3.1201,-0.007,-0.08901,0.0,0.0,-1.0,0.0,0.0,99.0,478.0
151331.0,0.0,-3.1201,-0.006,-0.08901,0.0,0.0,-1.0,0.0,0.0,99.0,485.0
151341.0,0.0,-3.1201,-0.004,-0.08901,0.0,0.0,-1.0,0.0,0.0,99.0,478.0
151352.0,0.0,-3.1201,-0.003,-0.08901,0.0,0.0,-1.0,0.0,0.0,99.0,478.0
151362.0,0.0,-3.1201,-0.002,-0.08901,0.0,0.0,-1.0,0.0,0.0,99.0,491.0
151372.0,0.0,-3.1201,-0.001,-0.08901,0.0,0.0,-1.0,0.0,0.0,99.0,478.0
151382.0,0.0,-3.1201,-0.001,-0.08901,0.0,0.0,-1.0,0.0,0.0,99.0,492.0
151392.0,0.0,-3.1201,-0.0,-0.08901,0.0,0.0,-1.0,0.0,0.0,99.0,485.0
151403.0,0.0,-3.1201,-0.0,-0.08901,0.0,0.0,-1.0,0.0,0.0,99.0,485.0
151413.0,0.0,-3.1201,-0.0,-0.08901,0.0,0.0,-1.0,0.0,0.0,99.0,491.0
151423.0,0.0,-3.1201,0.008,-0.08901,0.0,0.0,-1.0,0.0,0.0,99.0,485.0
151434.0,0.0,-3.1201,0.005,-0.08901,0.0,0.0,-1.0,0.0,0.0,99.0,485.0
151444.0,0.0,-3.1186,0.006,-0.08901,0.0,0.0,-1.0,0.0,0.0,99.0,485.0
151454.0,0.0,-3.1201,0.005,-0.08901,0.0,0.0,-1.0,0.0,0.0,99.0,485.0
151464.0,0.0,-3.1201,0.005,-0.08901,0.0,0.0,-1.0,0.0,0.0,99.0,478.0
151474.0,0.0,-3.1201,-0.003,-0.08901,0.0,0.0,-1.0,0.0,0.0,99.0,485.0
151484.0,0.0,-3.1186,0.007,-0.08901,0.0,0.0,-1.0,0.0,0.0,99.0,483.0
151494.0,0.0,-3.1201,0.011,-0.08901,0.0,0.0,-1.0,0.0,0.0,99.0,478.0
151504.0,0.0,-3.1201,0.007,-0.08901,0.0,0.0,-1.0,0.0,0.0,99.0,485.0
151514.0,0.0,-3.1186,0.009,-0.08901,0.0,0.0,-1.0,0.0,0.0,99.0,491.0
151525.0,0.0,-3.1186,0.005,-0.08901,0.0,0.0,-1.0,0.0,0.0,99.0,477.0
151535.0,0.0,-3.1186,0.007,-0.08901,0.0,0.0,-1.0,0.0,0.0,99.0,485.0
151545.0,0.0,-3.1186,0.008,-0.08901,0.0,0.0,-1.0,0.0,0.0,99.0,492.0
151555.0,0.0,-3.1186,0.017,-0.08901,0.0,0.0,-1.0,0.0,0.0,99.0,492.0
151565.0,0.0,-3.1186,0.009,-0.08901,0.0,0.0,-1.0,0.0,0.0,99.0,478.0
151575.0,0.0,-3.1186,0.005,-0.08901,0.0,0.0,-1.0,0.0,0.0,99.0,485.0
151585.0,0.0,-3.1201,0.003,-0.08901,0.0,0.0,-1.0,0.0,0.0,99.0,485.0
151596.0,0.0,-3.1186,-0.002,-0.08901,0.0,0.0,-1.0,0.0,0.0,99.0,485.0
151606.0,0.0,-3.1186,0.001,-0.08901,0.0,0.0,-1.0,0.0,0.0,99.0,485.0
151616.0,0.0,-3.1186,0.005,-0.08901,0.0,0.0,-1.0,0.0,0.0,99.0,492.0
151626.0,0.0,-3.1186,-0.002,-0.08901,0.0,0.0,-1.0,0.0,0.0,99.0,491.0
151637.0,0.0,-3.1186,-0.003,-0.08901,0.0,0.0,-1.0,0.0,0.0,99.0,483.0
151647.0,0.0,-3.1186,-0.002,-0.08901,0.0,0.0,-1.0,0.0,0.0,99.0,485.0
151657.0,0.0,-3.1186,0.001,-0.08901,0.0,0.0,-1.0,0.0,0.0,99.0,478.0
151667.0,0.0,-3.1186,0.004,-0.08901,0.0,0.0,-1.0,0.0,0.0,99.0,485.0
151677.0,0.0,-3.1201,-0.008,-0.08901,0.0,0.0,-1.0,0.0,0.0,99.0,478.0
151687.0,0.0,-3.1186,-0.003,-0.08901,0.0,0.0,-1.0,0.0,0.0,99.0,478.0
151698.0,0.0,-3.1186,0.003,-0.08901,0.0,0.0,-1.0,0.0,0.0,99.0,477.0
151708.0,0.0,-3.1186,0.007,-0.08901,0.0,0.0,-1.0,0.0,0.0,99.0,478.0
151718.0,0.0,-3.1186,0.001,-0.08901,0.0,0.0,-1.0,0.0,0.0,99.0,477.0
151728.0,0.0,-3.1201,-0.008,-0.08901,0.0,0.0,-1.0,0.0,0.0,99.0,485.0
151738.0,0.0,-3.1186,-0.002,-0.08901,0.0,0.0,-1.0,0.0,0.0,99.0,491.0
151749.0,0.0,-3.1201,-0.012,-0.08901,0.0,0.0,-1.0,0.0,0.0,99.0,485.0
151759.0,0.0,-3.1201,-0.01,-0.08901,0.0,0.0,-1.0,0.0,0.0,99.0,485.0
151769.0,0.0,-3.1201,-0.013,-0.08901,0.0,0.0,-1.0,0.0,0.0,99.0,485.0
151779.0,0.0,-3.1201,-0.011,-0.08901,0.0,0.0,-1.0,0.0,0.0,99.0,478.0
151789.0,0.0,-3.1201,-0.01,-0.08901,0.0,0.0,-1.0,0.0,0.0,99.0,485.0
151799.0,0.0,-3.1201,-0.01,-0.08901,0.0,0.0,-1.0,0.0,0.0,99.0,477.0
151809.0,0.0,-3.1201,-0.014,-0.08901,0.0,0.0,-1.0,0.0,0.0,99.0,478.0
151820.0,0.0,-3.1201,-0.009,-0.08901,0.0,0.0,-1.0,0.0,0.0,99.0,477.0
151830.0,0.0,-3.1201,0.005,-0.08901,0.0,0.0,-1.0,0.0,0.0,99.0,485.0
151840.0,0.0,-3.1186,0.006,-0.08901,0.0,0.0,-1.0,0.0,0.0,99.0,485.0
151850.0,0.0,-3.1201,-0.003,-0.08901,0.0,0.0,-1.0,0.0,0.0,99.0,492.0
151860.0,0.0,-3.1201,0.0,-0.08901,0.0,0.0,-1.0,0.0,0.0,99.0,491.0
151871.0,0.0,-3.1186,0.011,-0.08901,0.0,0.0,-1.0,0.0,0.0,99.0,492.0
151881.0,0.0,-3.1201,0.005,-0.08901,0.0,0.0,-1.0,0.0,0.0,99.0,485.0
151891.0,0.0,-3.1201,0.003,-0.08901,0.0,0.0,-1.0,0.0,0.0,99.0,492.0
151901.0,0.0,-3.1201,0.002,-0.08901,0.0,0.0,-1.0,0.0,0.0,99.0,477.0
151911.0,0.0,-3.1186,0.01,-0.08901,0.0,0.0,-1.0,0.0,0.0,99.0,478.0
151922.0,0.0,-3.1186,0.018,-0.08901,0.0,0.0,-1.0,0.0,0.0,99.0,478.0
151932.0,0.0,-3.1201,-0.001,-0.08901,0.0,0.0,-1.0,0.0,0.0,99.0,484.0
151942.0,0.0,-3.1201,-0.004,-0.08901,0.0,0.0,-1.0,0.0,0.0,99.0,478.0
151952.0,0.0,-3.1186,0.012,-0.08901,0.0,0.0,-1.0,0.0,0.0,99.0,485.0
151963.0,0.0,-3.1186,0.009,-0.08901,0.0,0.0,-1.0,0.0,0.0,99.0,478.0
151973.0,0.0,-3.1186,0.008,-0.08901,0.0,0.0,-1.0,0.0,0.0,99.0,485.0
151983.0,0.0,-3.1201,-0.001,-0.08901,0.0,0.0,-1.0,0.0,0.0,99.0,491.0
151993.0,0.0,-3.1186,0.007,-0.08901,0.0,0.0,-1.0,0.0,0.0,99.0,492.0
152003.0,0.0,-3.1186,0.003,-0.08901,0.0,0.0,-1.0,0.0,0.0,99.0,477.0
152013.0,0.0,-3.1186,0.009,-0.08901,0.0,0.0,-1.0,0.0,0.0,99.0,485.0
152024.0,0.0,-3.1186,0.009,-0.08901,0.0,0.0,-1.0,0.0,0.0,99.0,478.0
152034.0,0.0,-3.1186,0.004,-0.08901,0.0,0.0,-1.0,0.0,0.0,99.0,477.0
152044.0,0.0,-3.1186,-0.005,-0.08901,0.0,0.0,-1.0,0.0,0.0,99.0,484.0
152054.0,0.0,-3.1186,-0.0,-0.08901,0.0,0.0,-1.0,0.0,0.0,99.0,491.0
152064.0,0.0,-3.1186,0.004,-0.08901,0.0,0.0,-1.0,0.0,0.0,99.0,478.0
152074.0,0.0,-3.1201,-0.011,-0.08901,0.0,0.0,-1.0,0.0,0.0,99.0,484.0
152085.0,0.0,-3.1186,0.003,-0.08901,0.0,0.0,-1.0,0.0,0.0,99.0,477.0
152095.0,0.0,-3.1201,-0.003,-0.08901,0.0,0.0,-1.0,0.0,0.0,99.0,485.0
152105.0,0.0,-3.1186,0.005,-0.08901,0.0,0.0,-1.0,0.0,0.0,99.0,485.0
152115.0,0.0,-3.1186,-0.004,-0.08901,0.0,0.0,-1.0,0.0,0.0,99.0,478.0
152125.0,0.0,-3.1201,-0.003,-0.08901,0.0,0.0,-1.0,0.0,0.0,99.0,485.0
152135.0,0.0,-3.1201,0.0,-0.08901,0.0,0.0,-1.0,0.0,0.0,99.0,491.0
152145.0,0.0,-3.1201,-0.006,-0.08901,0.0,0.0,-1.0,0.0,0.0,99.0,477.0
152155.0,0.0,-3.1201,-0.012,-0.08901,0.0,0.0,-1.0,0.0,0.0,99.0,485.0
152165.0,0.0,-3.1186,-0.007,-0.08901,0.0,0.0,-1.0,0.0,0.0,99.0,485.0
152176.0,0.0,-3.1201,-0.007,-0.08901,0.0,0.0,-1.0,0.0,0.0,99.0,478.0
152186.0,0.0,-3.1201,-0.01,-0.08901,0.0,0.0,-1.0,0.0,0.0,99.0,491.0
152196.0,0.0,-3.1186,0.001,-0.08901,0.0,0.0,-1.0,0.0,0.0,99.0,477.0
152206.0,0.0,-3.1201,-0.005,-0.08901,0.0,0.0,-1.0,0.0,0.0,99.0,484.0
152216.0,0.0,-3.1201,-0.01,-0.08901,0.0,0.0,-1.0,0.0,0.0,99.0,484.0
152227.0,0.0,-3.1201,-0.014,-0.08901,0.0,0.0,-1.0,0.0,0.0,99.0,485.0
152237.0,0.0,-3.1186,0.005,-0.08901,0.0,0.0,-1.0,0.0,0.0,99.0,485.0
152247.0,0.0,-3.1201,-0.0,-0.08901,0.0,0.0,-1.0,0.0,0.0,99.0,485.0
152257.0,0.0,-3.1201,-0.002,-0.08901,0.0,0.0,-1.0,0.0,0.0,99.0,478.0
152268.0,0.0,-3.1186,0.007,-0.08901,0.0,0.0,-1.0,0.0,0.0,99.0,478.0
152278.0,0.0,-3.1201,0.008,-0.08901,0.0,0.0,-1.0,0.0,0.0,99.0,484.0
152288.0,0.0,-3.1201,-0.007,-0.08901,0.0,0.0,-1.0,0.0,0.0,99.0,485.0
152298.0,0.0,-3.1186,-0.004,-0.08901,0.0,0.0,-1.0,0.0,0.0,99.0,485.0
152308.0,0.0,-3.1201,-0.002,-0.08901,0.0,0.0,-1.0,0.0,0.0,99.0,492.0
152318.0,0.0,-3.1201,-0.002,-0.08901,0.0,0.0,-1.0,0.0,0.0,99.0,492.0
152329.0,0.0,-3.1201,-0.003,-0.08901,0.0,0.0,-1.0,0.0,0.0,99.0,484.0
152339.0,0.0,-3.1186,0.003,-0.08901,0.0,0.0,-1.0,0.0,0.0,99.0,492.0
152349.0,0.0,-3.1201,0.006,-0.08901,0.0,0.0,-1.0,0.0,0.0,99.0,492.0
152359.0,0.0,-3.1186,0.012,-0.08901,0.0,0.0,-1.0,0.0,0.0,99.0,485.0
152369.0,0.0,-3.1201,0.01,-0.08901,0.0,0.0,-1.0,0.0,0.0,99.0,485.0
152379.0,0.0,-3.1201,0.017,-0.08901,0.0,0.0,-1.0,0.0,0.0,99.0,478.0
152389.0,0.0,-3.1186,0.008,-0.08901,0.0,0.0,-1.0,0.0,0.0,99.0,484.0
152399.0,0.0,-3.1186,-0.001,-0.08901,0.0,0.0,-1.0,0.0,0.0,99.0,491.0
152410.0,0.0,-3.1201,-0.008,-0.08901,0.0,0.0,-1.0,0.0,0.0,99.0,485.0
152420.0,0.0,-3.1201,0.003,-0.08901,0.0,0.0,-1.0,0.0,0.0,99.0,484.0
152430.0,0.0,-3.1186,0.011,-0.08901,0.0,0.0,-1.0,0.0,0.0,99.0,478.0
152440.0,0.0,-3.1186,0.013,-0.08901,0.0,0.0,-1.0,0.0,0.0,99.0,484.0
152451.0,0.0,-3.1186,0.014,-0.08901,0.0,0.0,-1.0,0.0,0.0,99.0,477.0
152461.0,0.0,-3.1201,0.003,-0.08901,0.0,0.0,-1.0,0.0,0.0,99.0,492.0
152471.0,0.0,-3.1186,0.003,-0.08901,0.0,0.0,-1.0,0.0,0.0,99.0,485.0
152481.0,0.0,-3.1186,-0.005,-0.08901,0.0,0.0,-1.0,0.0,0.0,99.0,485.0
152491.0,0.0,-3.1186,-0.001,-0.08901,0.0,0.0,-1.0,0.0,0.0,99.0,492.0
152502.0,0.0,-3.1201,-0.0,-0.08901,0.0,0.0,-1.0,0.0,0.0,99.0,478.0
152512.0,0.0,-3.1186,-0.001,-0.08901,0.0,0.0,-1.0,0.0,0.0,99.0,490.0
152522.0,0.0,-3.1201,-0.008,-0.08901,0.0,0.0,-1.0,0.0,0.0,99.0,492.0
152532.0,0.0,-3.1201,-0.005,-0.08901,0.0,0.0,-1.0,0.0,0.0,99.0,477.0
152542.0,0.0,-3.1201,-0.006,-0.08901,0.0,0.0,-1.0,0.0,0.0,99.0,478.0
152552.0,0.0,-3.1186,-0.001,-0.08901,0.0,0.0,-1.0,0.0,0.0,99.0,483.0
152563.0,0.0,-3.1186,0.006,-0.08901,0.0,0.0,-1.0,0.0,0.0,99.0,478.0
152573.0,0.0,-3.1186,0.004,-0.08901,0.0,0.0,-1.0,0.0,0.0,99.0,478.0
152583.0,0.0,-3.1201,-0.007,-0.08901,0.0,0.0,-1.0,0.0,0.0,99.0,492.0
152593.0,0.0,-3.1186,-0.004,-0.08901,0.0,0.0,-1.0,0.0,0.0,99.0,492.0
152603.0,0.0,-3.1186,-0.003,-0.08901,0.0,0.0,-1.0,0.0,0.0,99.0,483.0
152613.0,0.0,-3.1186,-0.0,-0.08901,0.0,0.0,-1.0,0.0,0.0,99.0,485.0
152623.0,0.0,-3.1201,-0.0,-0.08901,0.0,0.0,-1.0,0.0,0.0,99.0,485.0
152634.0,0.0,-3.1186,-0.0,-0.08901,0.0,0.0,-1.0,0.0,0.0,99.0,492.0
152644.0,0.0,-3.1186,-0.005,-0.08901,0.0,0.0,-1.0,0.0,0.0,99.0,491.0
152654.0,0.0,-3.1201,-0.003,-0.08901,0.0,0.0,-1.0,0.0,0.0,99.0,485.0
152664.0,0.0,-3.1201,-0.003,-0.08901,0.0,0.0,-1.0,0.0,0.0,99.0,478.0
152674.0,0.0,-3.1201,-0.004,-0.08901,0.0,0.0,-1.0,0.0,0.0,99.0,478.0
152685.0,0.0,-3.1201,-0.005,-0.08901,0.0,0.0,-1.0,0.0,0.0,99.0,478.0
152695.0,0.0,-3.1201,-0.007,-0.08901,0.0,0.0,-1.0,0.0,0.0,99.0,485.0
152705.0,0.0,-3.1201,0.004,-0.08901,0.0,0.0,-1.0,0.0,0.0,99.0,477.0
152715.0,0.0,-3.1201,-0.003,-0.08901,0.0,0.0,-1.0,0.0,0.0,99.0,485.0
152725.0,0.0,-3.1201,-0.012,-0.08901,0.0,0.0,-1.0,0.0,0.0,99.0,485.0
152736.0,0.0,-3.1186,-0.005,-0.08901,0.0,0.0,-1.0,0.0,0.0,99.0,478.0
152746.0,0.0,-3.1201,-0.003,-0.08901,0.0,0.0,-1.0,0.0,0.0,99.0,492.0
152756.0,0.0,-3.1186,0.002,-0.08901,0.0,0.0,-1.0,0.0,0.0,99.0,478.0
152766.0,0.0,-3.1201,0.004,-0.08901,0.0,0.0,-1.0,0.0,0.0,99.0,478.0
152776.0,0.0,-3.1186,0.002,-0.08901,0.0,0.0,-1.0,0.0,0.0,99.0,478.0
152787.0,0.0,-3.1186,0.009,-0.08901,0.0,0.0,-1.0,0.0,0.0,99.0,485.0
152797.0,0.0,-3.1186,0.008,-0.08901,0.0,0.0,-1.0,0.0,0.0,99.0,485.0
152807.0,0.0,-3.1186,0.003,-0.08901,0.0,0.0,-1.0,0.0,0.0,99.0,492.0
152817.0,0.0,-3.1186,0.004,-0.08901,0.0,0.0,-1.0,0.0,0.0,99.0,477.0
152827.0,0.0,-3.1186,0.003,-0.08901,0.0,0.0,-1.0,0.0,0.0,99.0,485.0
152837.0,0.0,-3.1201,0.002,-0.08901,0.0,0.0,-1.0,0.0,0.0,99.0,485.0
152847.0,0.0,-3.1201,-0.004,-0.08901,0.0,0.0,-1.0,0.0,0.0,99.0,485.0
152857.0,0.0,-3.1186,0.002,-0.08901,0.0,0.0,-1.0,0.0,0.0,99.0,484.0
152868.0,0.0,-3.1186,0.007,-0.08901,0.0,0.0,-1.0,0.0,0.0,99.0,477.0
152878.0,0.0,-3.1186,0.007,-0.08901,0.0,0.0,-1.0,0.0,0.0,99.0,485.0
152888.0,0.0,-3.1201,0.003,-0.08901,0.0,0.0,-1.0,0.0,0.0,99.0,484.0
152898.0,0.0,-3.1186,0.012,-0.08901,0.0,0.0,-1.0,0.0,0.0,99.0,492.0
152908.0,0.0,-3.1201,-0.003,-0.08901,0.0,0.0,-1.0,0.0,0.0,99.0,477.0
152918.0,0.0,-3.1201,-0.003,-0.08901,0.0,0.0,-1.0,0.0,0.0,99.0,485.0
152929.0,0.0,-3.1186,0.012,-0.08901,0.0,0.0,-1.0,0.0,0.0,99.0,477.0
152939.0,0.0,-3.1186,0.006,-0.08901,0.0,0.0,-1.0,0.0,0.0,99.0,484.0
152949.0,0.0,-3.1201,-0.002,-0.08901,0.0,0.0,-1.0,0.0,0.0,99.0,477.0
152959.0,0.0,-3.1201,-0.0,-0.08901,0.0,0.0,-1.0,0.0,0.0,99.0,485.0
152969.0,0.0,-3.1201,-0.002,-0.08901,0.0,0.0,-1.0,0.0,0.0,99.0,485.0
152979.0,0.0,-3.1186,-0.0,-0.08901,0.0,0.0,-1.0,0.0,0.0,99.0,484.0
152989.0,0.0,-3.1201,-0.009,-0.08901,0.0,0.0,-1.0,0.0,0.0,99.0,485.0
152999.0,0.0,-3.1186,-0.003,-0.08901,0.0,0.0,-1.0,0.0,0.0,99.0,492.0
153009.0,0.0,-3.1186,-0.002,-0.08901,0.0,0.0,-1.0,0.0,0.0,99.0,485.0
153020.0,0.0,-3.1186,0.003,-0.08901,0.0,0.0,-1.0,0.0,0.0,99.0,477.0
153030.0,0.0,-3.1186,-0.005,-0.08901,0.0,0.0,-1.0,0.0,0.0,99.0,492.0
153040.0,0.0,-3.1186,0.002,-0.08901,0.0,0.0,-1.0,0.0,0.0,99.0,486.0
153050.0,0.0,-3.1186,-0.007,-0.08901,0.0,0.0,-1.0,0.0,0.0,99.0,478.0
153060.0,0.0,-3.1201,0.001,-0.08901,0.0,0.0,-1.0,0.0,0.0,99.0,484.0
153070.0,0.0,-3.1201,-0.016,-0.08901,0.0,0.0,-1.0,0.0,0.0,99.0,485.0
153080.0,0.0,-3.1201,-0.008,-0.08901,0.0,0.0,-1.0,0.0,0.0,99.0,485.0
153090.0,0.0,-3.1186,0.013,-0.08901,0.0,0.0,-1.0,0.0,0.0,99.0,485.0
153101.0,0.0,-3.1186,0.01,-0.08901,0.0,0.0,-1.0,0.0,0.0,99.0,485.0
153111.0,0.0,-3.1201,-0.005,-0.08901,0.0,0.0,-1.0,0.0,0.0,99.0,485.0
153121.0,0.0,-3.1201,-0.011,-0.08901,0.0,0.0,-1.0,0.0,0.0,99.0,485.0
153131.0,0.0,-3.1186,-0.006,-0.08901,0.0,0.0,-1.0,0.0,0.0,99.0,478.0
153141.0,0.0,-3.1186,-0.002,-0.08901,0.0,0.0,-1.0,0.0,0.0,99.0,485.0
153151.0,0.0,-3.1186,0.003,-0.08901,0.0,0.0,-1.0,0.0,0.0,99.0,492.0
153161.0,0.0,-3.1201,0.001,-0.08901,0.0,0.0,-1.0,0.0,0.0,99.0,477.0
153171.0,0.0,-3.1201,-0.003,-0.08901,0.0,0.0,-1.0,0.0,0.0,99.0,485.0
153182.0,0.0,-3.1186,-0.001,-0.08901,0.0,0.0,-1.0,0.0,0.0,99.0,485.0
153192.0,0.0,-3.1201,-0.004,-0.08901,0.0,0.0,-1.0,0.0,0.0,99.0,478.0
153202.0,0.0,-3.1201,0.005,-0.08901,0.0,0.0,-1.0,0.0,0.0,99.0,491.0
153212.0,0.0,-3.1201,0.004,-0.08901,0.0,0.0,-1.0,0.0,0.0,99.0,478.0
153223.0,0.0,-3.1201,-0.005,-0.08901,0.0,0.0,-1.0,0.0,0.0,99.0,485.0
153233.0,0.0,-3.1186,-0.003,-0.08901,0.0,0.0,-1.0,0.0,0.0,99.0,485.0
153243.0,0.0,-3.1201,-0.006,-0.08901,0.0,0.0,-1.0,0.0,0.0,99.0,485.0
153253.0,0.0,-3.1201,-0.007,-0.08901,0.0,0.0,-1.0,0.0,0.0,99.0,477.0
153263.0,0.0,-3.1201,0.007,-0.08901,0.0,0.0,-1.0,0.0,0.0,99.0,484.0
153273.0,0.0,-3.1186,0.003,-0.08901,0.0,0.0,-1.0,0.0,0.0,99.0,485.0
153284.0,0.0,-3.1201,0.001,-0.08901,0.0,0.0,-1.0,0.0,0.0,99.0,478.0
153294.0,0.0,-3.1186,-0.001,-0.08901,0.0,0.0,-1.0,0.0,0.0,99.0,477.0
153304.0,0.0,-3.1201,-0.003,-0.08901,0.0,0.0,-1.0,0.0,0.0,99.0,485.0
153314.0,0.0,-3.1201,0.005,-0.08901,0.0,0.0,-1.0,0.0,0.0,99.0,478.0
153325.0,0.0,-3.1201,0.005,-0.08901,0.0,0.0,-1.0,0.0,0.0,99.0,477.0
153335.0,0.0,-3.1186,0.002,-0.08901,0.0,0.0,-1.0,0.0,0.0,99.0,477.0
153345.0,0.0,-3.1186,0.008,-0.08901,0.0,0.0,-1.0,0.0,0.0,99.0,485.0
153355.0,0.0,-3.1201,-0.001,-0.08901,0.0,0.0,-1.0,0.0,0.0,99.0,477.0
153365.0,0.0,-3.1201,0.0,-0.08901,0.0,0.0,-1.0,0.0,0.0,99.0,484.0
153375.0,0.0,-3.1201,0.002,-0.08901,0.0,0.0,-1.0,0.0,0.0,99.0,478.0
153385.0,0.0,-3.1186,0.006,-0.08901,0.0,0.0,-1.0,0.0,0.0,99.0,478.0
153395.0,0.0,-3.1201,0.003,-0.08901,0.0,0.0,-1.0,0.0,0.0,99.0,485.0
153406.0,0.0,-3.1186,-0.001,-0.08901,0.0,0.0,-1.0,0.0,0.0,99.0,477.0
153416.0,0.0,-3.1201,-0.011,-0.08901,0.0,0.0,-1.0,0.0,0.0,99.0,478.0
153426.0,0.0,-3.1186,-0.002,-0.08901,0.0,0.0,-1.0,0.0,0.0,99.0,492.0
153436.0,0.0,-3.1186,-0.001,-0.08901,0.0,0.0,-1.0,0.0,0.0,99.0,485.0
153446.0,0.0,-3.1201,-0.008,-0.08901,0.0,0.0,-1.0,0.0,0.0,99.0,493.0
153456.0,0.0,-3.1201,-0.007,-0.08901,0.0,0.0,-1.0,0.0,0.0,99.0,484.0
153466.0,0.0,-3.1201,0.0,-0.08901,0.0,0.0,-1.0,0.0,0.0,99.0,492.0
153476.0,0.0,-3.1186,-0.001,-0.08901,0.0,0.0,-1.0,0.0,0.0,99.0,485.0
153487.0,0.0,-3.1186,-0.003,-0.08901,0.0,0.0,-1.0,0.0,0.0,99.0,484.0
153497.0,0.0,-3.1201,0.001,-0.08901,0.0,0.0,-1.0,0.0,0.0,99.0,491.0
153507.0,0.0,-3.1201,-0.002,-0.08901,0.0,0.0,-1.0,0.0,0.0,99.0,478.0
153517.0,0.0,-3.1186,0.001,-0.08901,0.0,0.0,-1.0,0.0,0.0,99.0,478.0
153528.0,0.0,-3.1186,-0.002,-0.08901,0.0,0.0,-1.0,0.0,0.0,99.0,477.0
153538.0,0.0,-3.1201,0.007,-0.08901,0.0,0.0,-1.0,0.0,0.0,99.0,492.0
153548.0,0.0,-3.1201,-0.008,-0.08901,0.0,0.0,-1.0,0.0,0.0,99.0,485.0
153558.0,0.0,-3.1186,-0.007,-0.08901,0.0,0.0,-1.0,0.0,0.0,99.0,483.0
153568.0,0.0,-3.1201,-0.003,-0.08901,0.0,0.0,-1.0,0.0,0.0,99.0,477.0
153578.0,0.0,-3.1186,-0.005,-0.08901,0.0,0.0,-1.0,0.0,0.0,99.0,477.0
153588.0,0.0,-3.1186,0.002,-0.08901,0.0,0.0,-1.0,0.0,0.0,99.0,485.0
153599.0,0.0,-3.1201,-0.007,-0.08901,0.0,0.0,-1.0,0.0,0.0,99.0,477.0
153609.0,0.0,-3.1201,-0.01,-0.08901,0.0,0.0,-1.0,0.0,0.0,99.0,478.0
153619.0,0.0,-3.1186,-0.007,-0.08901,0.0,0.0,-1.0,0.0,0.0,99.0,485.0
153629.0,0.0,-3.1201,0.006,-0.08901,0.0,0.0,-1.0,0.0,0.0,99.0,485.0
153639.0,0.0,-3.1201,-0.005,-0.08901,0.0,0.0,-1.0,0.0,0.0,99.0,485.0
153649.0,0.0,-3.1201,0.001,-0.08901,0.0,0.0,-1.0,0.0,0.0,99.0,478.0
153660.0,0.0,-3.1201,-0.006,-0.08901,0.0,0.0,-1.0,0.0,0.0,99.0,491.0
153670.0,0.0,-3.1186,0.007,-0.08901,0.0,0.0,-1.0,0.0,0.0,99.0,491.0
153680.0,0.0,-3.1186,0.005,-0.08901,0.0,0.0,-1.0,0.0,0.0,99.0,491.0
153690.0,0.0,-3.1201,-0.003,-0.08901,0.0,0.0,-1.0,0.0,0.0,99.0,485.0
153701.0,0.0,-3.1201,-0.008,-0.08901,0.0,0.0,-1.0,0.0,0.0,99.0,485.0
153711.0,0.0,-3.1186,0.002,-0.08901,0.0,0.0,-1.0,0.0,0.0,99.0,485.0
153721.0,0.0,-3.1201,-0.001,-0.08901,0.0,0.0,-1.0,0.0,0.0,99.0,485.0
153731.0,0.0,-3.1201,0.001,-0.08901,0.0,0.0,-1.0,0.0,0.0,99.0,485.0
153741.0,0.0,-3.1201,-0.005,-0.08901,0.0,0.0,-1.0,0.0,0.0,99.0,485.0
153751.0,0.0,-3.1201,-0.009,-0.08901,0.0,0.0,-1.0,0.0,0.0,99.0,492.0
153762.0,0.0,-3.1201,-0.004,-0.08901,0.0,0.0,-1.0,0.0,0.0,99.0,485.0
153772.0,0.0,-3.1186,0.009,-0.08901,0.0,0.0,-1.0,0.0,0.0,99.0,478.0
153782.0,0.0,-3.1201,0.003,-0.08901,0.0,0.0,-1.0,0.0,0.0,99.0,478.0
153792.0,0.0,-3.1201,0.008,-0.08901,0.0,0.0,-1.0,0.0,0.0,99.0,485.0
153802.0,0.0,-3.1201,-0.002,-0.08901,0.0,0.0,-1.0,0.0,0.0,99.0,485.0
153813.0,0.0,-3.1201,-0.006,-0.08901,0.0,0.0,-1.0,0.0,0.0,99.0,485.0
153823.0,0.0,-3.1186,0.012,-0.08901,0.0,0.0,-1.0,0.0,0.0,99.0,484.0
153833.0,0.0,-3.1186,0.006,-0.08901,0.0,0.0,-1.0,0.0,0.0,99.0,478.0
153843.0,0.0,-3.1186,0.005,-0.08901,0.0,0.0,-1.0,0.0,0.0,99.0,492.0
153853.0,0.0,-3.1186,-0.0,-0.08901,0.0,0.0,-1.0,0.0,0.0,99.0,485.0
153863.0,0.0,-3.1186,-0.002,-0.08901,0.0,0.0,-1.0,0.0,0.0,99.0,485.0
153874.0,0.0,-3.1186,0.006,-0.08901,0.0,0.0,-1.0,0.0,0.0,99.0,478.0
153884.0,0.0,-3.1201,0.004,-0.08901,0.0,0.0,-1.0,0.0,0.0,99.0,485.0
153894.0,0.0,-3.1201,0.0,-0.08901,0.0,0.0,-1.0,0.0,0.0,99.0,485.0
153904.0,0.0,-3.1186,-0.004,-0.08901,0.0,0.0,-1.0,0.0,0.0,99.0,485.0
153914.0,0.0,-3.1186,-0.004,-0.08901,0.0,0.0,-1.0,0.0,0.0,99.0,477.0
153924.0,0.0,-3.1186,0.003,-0.08901,0.0,0.0,-1.0,0.0,0.0,99.0,478.0
153934.0,0.0,-3.1186,-0.002,-0.08901,0.0,0.0,-1.0,0.0,0.0,99.0,485.0
153945.0,0.0,-3.1201,-0.007,-0.08901,0.0,0.0,-1.0,0.0,0.0,99.0,477.0
153955.0,0.0,-3.1201,0.005,-0.08901,0.0,0.0,-1.0,0.0,0.0,99.0,485.0
153965.0,0.0,-3.1201,0.002,-0.08901,0.0,0.0,-1.0,0.0,0.0,99.0,491.0
153975.0,0.0,-3.1201,-0.006,-0.08901,0.0,0.0,-1.0,0.0,0.0,99.0,484.0
153985.0,0.0,-3.1201,0.005,-0.08901,0.0,0.0,-1.0,0.0,0.0,99.0,485.0
153996.0,0.0,-3.1186,0.004,-0.08901,0.0,0.0,-1.0,0.0,0.0,99.0,477.0
154006.0,0.0,-3.1201,-0.004,-0.08901,0.0,0.0,-1.0,0.0,0.0,99.0,484.0
154016.0,0.0,-3.1201,-0.004,-0.08901,0.0,0.0,-1.0,0.0,0.0,99.0,478.0
154026.0,0.0,-3.1186,0.007,-0.08901,0.0,0.0,-1.0,0.0,0.0,99.0,492.0
154036.0,0.0,-3.1201,-0.006,-0.08901,0.0,0.0,-1.0,0.0,0.0,99.0,483.0
154046.0,0.0,-3.1186,-0.002,-0.08901,0.0,0.0,-1.0,0.0,0.0,99.0,485.0
154056.0,0.0,-3.1201,-0.009,-0.08901,0.0,0.0,-1.0,0.0,0.0,99.0,485.0
154067.0,0.0,-3.1201,-0.0,-0.08901,0.0,0.0,-1.0,0.0,0.0,99.0,485.0
154077.0,0.0,-3.1201,0.001,-0.08901,0.0,0.0,-1.0,0.0,0.0,99.0,478.0
154087.0,0.0,-3.1201,-0.002,-0.08901,0.0,0.0,-1.0,0.0,0.0,99.0,484.0
154097.0,0.0,-3.1201,-0.002,-0.08901,0.0,0.0,-1.0,0.0,0.0,99.0,478.0
154107.0,0.0,-3.1201,0.011,-0.08901,0.0,0.0,-1.0,0.0,0.0,99.0,492.0
154117.0,0.0,-3.1201,0.001,-0.08901,0.0,0.0,-1.0,0.0,0.0,99.0,478.0
154128.0,0.0,-3.1201,0.002,-0.08901,0.0,0.0,-1.0,0.0,0.0,99.0,477.0
154138.0,0.0,-3.1201,-0.003,-0.08901,0.0,0.0,-1.0,0.0,0.0,99.0,478.0
154148.0,0.0,-3.1201,0.005,-0.08901,0.0,0.0,-1.0,0.0,0.0,99.0,492.0
154158.0,0.0,-3.1201,-0.001,-0.08901,0.0,0.0,-1.0,0.0,0.0,99.0,478.0
154168.0,0.0,-3.1186,0.004,-0.08901,0.0,0.0,-1.0,0.0,0.0,99.0,492.0
154179.0,0.0,-3.1201,0.007,-0.08901,0.0,0.0,-1.0,0.0,0.0,99.0,477.0
154189.0,0.0,-3.1201,-0.002,-0.08901,0.0,0.0,-1.0,0.0,0.0,99.0,485.0
154199.0,0.0,-3.1201,-0.009,-0.08901,0.0,0.0,-1.0,0.0,0.0,99.0,478.0
154209.0,0.0,-3.1186,-0.003,-0.08901,0.0,0.0,-1.0,0.0,0.0,99.0,478.0
154219.0,0.0,-3.1201,-0.008,-0.08901,0.0,0.0,-1.0,0.0,0.0,99.0,484.0
154230.0,0.0,-3.1186,0.01,-0.08901,0.0,0.0,-1.0,0.0,0.0,99.0,477.0
154240.0,0.0,-3.1201,0.006,-0.08901,0.0,0.0,-1.0,0.0,0.0,99.0,492.0
154250.0,0.0,-3.1186,0.004,-0.08901,0.0,0.0,-1.0,0.0,0.0,99.0,485.0
154260.0,0.0,-3.1186,0.007,-0.08901,0.0,0.0,-1.0,0.0,0.0,99.0,478.0
154270.0,0.0,-3.1201,-0.011,-0.08901,0.0,0.0,-1.0,0.0,0.0,99.0,484.0
154280.0,0.0,-3.1186,0.002,-0.08901,0.0,0.0,-1.0,0.0,0.0,99.0,478.0
154291.0,0.0,-3.1186,0.008,-0.08901,0.0,0.0,-1.0,0.0,0.0,99.0,485.0
154301.0,0.0,-3.1186,-0.003,-0.08901,0.0,0.0,-1.0,0.0,0.0,99.0,485.0
154311.0,0.0,-3.1201,-0.008,-0.08901,0.0,0.0,-1.0,0.0,0.0,99.0,485.0
154321.0,0.0,-3.1186,0.002,-0.08901,0.0,0.0,-1.0,0.0,0.0,99.0,492.0
154331.0,0.0,-3.1201,0.006,-0.08901,0.0,0.0,-1.0,0.0,0.0,99.0,484.0
154342.0,0.0,-3.1201,-0.002,-0.08901,0.0,0.0,-1.0,0.0,0.0,99.0,478.0
154352.0,0.0,-3.1186,-0.002,-0.08901,0.0,0.0,-1.0,0.0,0.0,99.0,477.0
154362.0,0.0,-3.1201,-0.002,-0.08901,0.0,0.0,-1.0,0.0,0.0,99.0,478.0
154372.0,0.0,-3.1186,-0.004,-0.08901,0.0,0.0,-1.0,0.0,0.0,99.0,484.0
154382.0,0.0,-3.1201,-0.007,-0.08901,0.0,0.0,-1.0,0.0,0.0,99.0,485.0
154392.0,0.0,-3.1201,-0.007,-0.08901,0.0,0.0,-1.0,0.0,0.0,99.0,478.0
154402.0,0.0,-3.1201,-0.001,-0.08901,0.0,0.0,-1.0,0.0,0.0,99.0,485.0
154412.0,0.0,-3.1186,0.006,-0.08901,0.0,0.0,-1.0,0.0,0.0,99.0,485.0
154423.0,0.0,-3.1201,0.006,-0.08901,0.0,0.0,-1.0,0.0,0.0,99.0,478.0
154433.0,0.0,-3.1201,-0.001,-0.08901,0.0,0.0,-1.0,0.0,0.0,99.0,478.0
154443.0,0.0,-3.1201,-0.009,-0.08901,0.0,0.0,-1.0,0.0,0.0,99.0,477.0
154453.0,0.0,-3.1186,0.009,-0.08901,0.0,0.0,-1.0,0.0,0.0,99.0,477.0
154463.0,0.0,-3.1201,0.001,-0.08901,0.0,0.0,-1.0,0.0,0.0,99.0,485.0
154473.0,0.0,-3.1201,-0.011,-0.08901,0.0,0.0,-1.0,0.0,0.0,99.0,484.0
154484.0,0.0,-3.1201,-0.008,-0.08901,0.0,0.0,-1.0,0.0,0.0,99.0,478.0
154494.0,0.0,-3.1201,-0.01,-0.08901,0.0,0.0,-1.0,0.0,0.0,99.0,478.0
154504.0,0.0,-3.1201,-0.01,-0.08901,0.0,0.0,-1.0,0.0,0.0,99.0,492.0
154514.0,0.0,-3.1201,0.008,-0.08901,0.0,0.0,-1.0,0.0,0.0,99.0,485.0
154524.0,0.0,-3.1201,0.001,-0.08901,0.0,0.0,-1.0,0.0,0.0,99.0,492.0
154535.0,0.0,-3.1186,0.01,-0.08901,0.0,0.0,-1.0,0.0,0.0,99.0,478.0
154545.0,0.0,-3.1201,-0.004,-0.08901,0.0,0.0,-1.0,0.0,0.0,99.0,477.0
154555.0,0.0,-3.1186,-0.002,-0.08901,0.0,0.0,-1.0,0.0,0.0,99.0,482.0
154565.0,0.0,-3.1201,-0.005,-0.08901,0.0,0.0,-1.0,0.0,0.0,99.0,485.0
154575.0,0.0,-3.1201,0.001,-0.08901,0.0,0.0,-1.0,0.0,0.0,99.0,484.0
154585.0,0.0,-3.1201,0.003,-0.08901,0.0,0.0,-1.0,0.0,0.0,99.0,477.0
154596.0,0.0,-3.1201,0.003,-0.08901,0.0,0.0,-1.0,0.0,0.0,99.0,477.0
154606.0,0.0,-3.1201,-0.003,-0.08901,0.0,0.0,-1.0,0.0,0.0,99.0,485.0
154616.0,0.0,-3.1201,-0.007,-0.08901,0.0,0.0,-1.0,0.0,0.0,99.0,485.0
154626.0,0.0,-3.1201,0.003,-0.08901,0.0,0.0,-1.0,0.0,0.0,99.0,486.0
154636.0,0.0,-3.1186,0.0,-0.08901,0.0,0.0,-1.0,0.0,0.0,99.0,484.0
154646.0,0.0,-3.1201,-0.006,-0.08901,0.0,0.0,-1.0,0.0,0.0,99.0,478.0
154656.0,0.0,-3.1201,-0.005,-0.08901,0.0,0.0,-1.0,0.0,0.0,99.0,492.0
154667.0,0.0,-3.1201,-0.007,-0.08901,0.0,0.0,-1.0,0.0,0.0,99.0,485.0
154677.0,0.0,-3.1186,-0.0,-0.08901,0.0,0.0,-1.0,0.0,0.0,99.0,477.0
154687.0,0.0,-3.1201,-0.007,-0.08901,0.0,0.0,-1.0,0.0,0.0,99.0,485.0
154697.0,0.0,-3.1201,0.004,-0.08901,0.0,0.0,-1.0,0.0,0.0,99.0,478.0
154707.0,0.0,-3.1186,0.004,-0.08901,0.0,0.0,-1.0,0.0,0.0,99.0,484.0
154717.0,0.0,-3.1201,-0.002,-0.08901,0.0,0.0,-1.0,0.0,0.0,99.0,485.0
154728.0,0.0,-3.1201,-0.005,-0.08901,0.0,0.0,-1.0,0.0,0.0,99.0,485.0
154738.0,0.0,-3.1201,-0.001,-0.08901,0.0,0.0,-1.0,0.0,0.0,99.0,478.0
154748.0,0.0,-3.1201,0.004,-0.08901,0.0,0.0,-1.0,0.0,0.0,99.0,485.0
154759.0,0.0,-3.1201,-0.0,-0.08901,0.0,0.0,-1.0,0.0,0.0,99.0,485.0
154769.0,0.0,-3.1201,-0.004,-0.08901,0.0,0.0,-1.0,0.0,0.0,99.0,484.0
154779.0,0.0,-3.1201,-0.006,-0.08901,0.0,0.0,-1.0,0.0,0.0,99.0,478.0
154789.0,0.0,-3.1201,-0.0,-0.08901,0.0,0.0,-1.0,0.0,0.0,99.0,484.0
154799.0,0.0,-3.1201,-0.003,-0.08901,0.0,0.0,-1.0,0.0,0.0,99.0,485.0
154809.0,0.0,-3.1201,0.004,-0.08901,0.0,0.0,-1.0,0.0,0.0,99.0,477.0
154819.0,0.0,-3.1201,0.004,-0.08901,0.0,0.0,-1.0,0.0,0.0,99.0,485.0
154830.0,0.0,-3.1201,-0.004,-0.08901,0.0,0.0,-1.0,0.0,0.0,99.0,478.0
154840.0,0.0,-3.1201,-0.001,-0.08901,0.0,0.0,-1.0,0.0,0.0,99.0,485.0
154850.0,0.0,-3.1201,-0.003,-0.08901,0.0,0.0,-1.0,0.0,0.0,99.0,491.0
154860.0,0.0,-3.1201,0.006,-0.08901,0.0,0.0,-1.0,0.0,0.0,99.0,484.0
154870.0,0.0,-3.1201,0.001,-0.08901,0.0,0.0,-1.0,0.0,0.0,99.0,485.0
154881.0,0.0,-3.1201,-0.003,-0.08901,0.0,0.0,-1.0,0.0,0.0,99.0,485.0
154891.0,0.0,-3.1201,0.003,-0.08901,0.0,0.0,-1.0,0.0,0.0,99.0,478.0
154901.0,0.0,-3.1186,0.015,-0.08901,0.0,0.0,-1.0,0.0,0.0,99.0,478.0
154911.0,0.0,-3.1201,0.001,-0.08901,0.0,0.0,-1.0,0.0,0.0,99.0,491.0
154921.0,0.0,-3.1186,0.001,-0.08901,0.0,0.0,-1.0,0.0,0.0,99.0,483.0
154931.0,0.0,-3.1201,-0.001,-0.08901,0.0,0.0,-1.0,0.0,0.0,99.0,485.0
154942.0,0.0,-3.1201,0.001,-0.08901,0.0,0.0,-1.0,0.0,0.0,99.0,485.0
154952.0,0.0,-3.1201,-0.002,-0.08901,0.0,0.0,-1.0,0.0,0.0,99.0,478.0
154962.0,0.0,-3.1201,0.009,-0.08901,0.0,0.0,-1.0,0.0,0.0,99.0,478.0
154972.0,0.0,-3.1201,-0.002,-0.08901,0.0,0.0,-1.0,0.0,0.0,99.0,485.0
154982.0,0.0,-3.1201,-0.0,-0.08901,0.0,0.0,-1.0,0.0,0.0,99.0,485.0
154992.0,0.0,-3.1186,0.013,-0.08901,0.0,0.0,-1.0,0.0,0.0,99.0,484.0
155003.0,0.0,-3.1201,0.008,-0.08901,0.0,0.0,-1.0,0.0,0.0,99.0,477.0
155013.0,0.0,-3.1201,-0.008,-0.08901,0.0,0.0,-1.0,0.0,0.0,99.0,492.0
155023.0,0.0,-3.1186,0.006,-0.08901,0.0,0.0,-1.0,0.0,0.0,99.0,485.0
155033.0,0.0,-3.1186,0.002,-0.08901,0.0,0.0,-1.0,0.0,0.0,99.0,485.0
155044.0,0.0,-3.1186,0.005,-0.08901,0.0,0.0,-1.0,0.0,0.0,99.0,477.0
155054.0,0.0,-3.1186,0.003,-0.08901,0.0,0.0,-1.0,0.0,0.0,99.0,484.0
155064.0,0.0,-3.1186,-0.007,-0.08901,0.0,0.0,-1.0,0.0,0.0,99.0,478.0
155074.0,0.0,-3.1186,-0.004,-0.08901,0.0,0.0,-1.0,0.0,0.0,99.0,485.0
155084.0,0.0,-3.1186,0.0,-0.08901,0.0,0.0,-1.0,0.0,0.0,99.0,492.0
155094.0,0.0,-3.1186,0.001,-0.08901,0.0,0.0,-1.0,0.0,0.0,99.0,478.0
155105.0,0.0,-3.1201,-0.003,-0.08901,0.0,0.0,-1.0,0.0,0.0,99.0,485.0
155115.0,0.0,-3.1201,-0.015,-0.08901,0.0,0.0,-1.0,0.0,0.0,99.0,485.0
155125.0,0.0,-3.1201,0.002,-0.08901,0.0,0.0,-1.0,0.0,0.0,99.0,485.0
155135.0,0.0,-3.1201,-0.007,-0.08901,0.0,0.0,-1.0,0.0,0.0,99.0,485.0
155145.0,0.0,-3.1201,-0.006,-0.08901,0.0,0.0,-1.0,0.0,0.0,99.0,483.0
155155.0,0.0,-3.1201,-0.006,-0.08901,0.0,0.0,-1.0,0.0,0.0,99.0,478.0
155165.0,0.0,-3.1201,-0.008,-0.08901,0.0,0.0,-1.0,0.0,0.0,99.0,478.0
155176.0,0.0,-3.1201,-0.007,-0.08901,0.0,0.0,-1.0,0.0,0.0,99.0,485.0
155186.0,0.0,-3.1186,0.005,-0.08901,0.0,0.0,-1.0,0.0,0.0,99.0,477.0
155196.0,0.0,-3.1201,0.002,-0.08901,0.0,0.0,-1.0,0.0,0.0,99.0,478.0
155206.0,0.0,-3.1201,-0.004,-0.08901,0.0,0.0,-1.0,0.0,0.0,99.0,478.0
155216.0,0.0,-3.1201,-0.004,-0.08901,0.0,0.0,-1.0,0.0,0.0,99.0,491.0
155227.0,0.0,-3.1201,-0.001,-0.08901,0.0,0.0,-1.0,0.0,0.0,99.0,485.0
155237.0,0.0,-3.1201,-0.003,-0.08901,0.0,0.0,-1.0,0.0,0.0,99.0,485.0
155247.0,0.0,-3.1201,-0.0,-0.08901,0.0,0.0,-1.0,0.0,0.0,99.0,485.0
155257.0,0.0,-3.1201,-0.002,-0.08901,0.0,0.0,-1.0,0.0,0.0,99.0,477.0
155267.0,0.0,-3.1201,-0.002,-0.08901,0.0,0.0,-1.0,0.0,0.0,99.0,492.0
155278.0,0.0,-3.1201,-0.002,-0.08901,0.0,0.0,-1.0,0.0,0.0,99.0,485.0
155288.0,0.0,-3.1201,-0.001,-0.08901,0.0,0.0,-1.0,0.0,0.0,99.0,485.0
155298.0,0.0,-3.1201,-0.001,-0.08901,0.0,0.0,-1.0,0.0,0.0,99.0,485.0
155308.0,0.0,-3.1201,-0.0,-0.08901,0.0,0.0,-1.0,0.0,0.0,99.0,485.0
155318.0,0.0,-3.1186,0.006,-0.08901,0.0,0.0,-1.0,0.0,0.0,99.0,478.0
155328.0,0.0,-3.1201,0.002,-0.08901,0.0,0.0,-1.0,0.0,0.0,99.0,485.0
155338.0,0.0,-3.1201,0.001,-0.08901,0.0,0.0,-1.0,0.0,0.0,99.0,491.0
155348.0,0.0,-3.1201,0.0,-0.08901,0.0,0.0,-1.0,0.0,0.0,99.0,483.0
155358.0,0.0,-3.1201,-0.001,-0.08901,0.0,0.0,-1.0,0.0,0.0,99.0,485.0
155369.0,0.0,-3.1201,0.004,-0.08901,0.0,0.0,-1.0,0.0,0.0,99.0,485.0
155379.0,0.0,-3.1186,0.005,-0.08901,0.0,0.0,-1.0,0.0,0.0,99.0,491.0
155389.0,0.0,-3.1201,0.006,-0.08901,0.0,0.0,-1.0,0.0,0.0,99.0,492.0
155399.0,0.0,-3.1201,0.001,-0.08901,0.0,0.0,-1.0,0.0,0.0,99.0,486.0
155409.0,0.0,-3.1201,0.006,-0.08901,0.0,0.0,-1.0,0.0,0.0,99.0,478.0
155419.0,0.0,-3.1186,0.013,-0.08901,0.0,0.0,-1.0,0.0,0.0,99.0,491.0
155429.0,0.0,-3.1201,0.002,-0.08901,0.0,0.0,-1.0,0.0,0.0,99.0,491.0
155439.0,0.0,-3.1186,-0.001,-0.08901,0.0,0.0,-1.0,0.0,0.0,99.0,485.0
155450.0,0.0,-3.1201,-0.01,-0.08901,0.0,0.0,-1.0,0.0,0.0,99.0,477.0
155460.0,0.0,-3.1201,-0.003,-0.08901,0.0,0.0,-1.0,0.0,0.0,99.0,485.0
155470.0,0.0,-3.1201,-0.007,-0.08901,0.0,0.0,-1.0,0.0,0.0,99.0,485.0
155480.0,0.0,-3.1186,0.011,-0.08901,0.0,0.0,-1.0,0.0,0.0,99.0,486.0
155490.0,0.0,-3.1201,-0.003,-0.08901,0.0,0.0,-1.0,0.0,0.0,99.0,492.0
155500.0,0.0,-3.1186,0.005,-0.08901,0.0,0.0,-1.0,0.0,0.0,99.0,492.0
155510.0,0.0,-3.1186,0.007,-0.08901,0.0,0.0,-1.0,0.0,0.0,99.0,478.0
155521.0,0.0,-3.1186,0.004,-0.08901,0.0,0.0,-1.0,0.0,0.0,99.0,485.0
155531.0,0.0,-3.1201,-0.007,-0.08901,0.0,0.0,-1.0,0.0,0.0,99.0,485.0
155541.0,0.0,-3.1201,0.007,-0.08901,0.0,0.0,-1.0,0.0,0.0,99.0,491.0
155551.0,0.0,-3.1201,0.006,-0.08901,0.0,0.0,-1.0,0.0,0.0,99.0,477.0
155561.0,0.0,-3.1201,0.007,-0.08901,0.0,0.0,-1.0,0.0,0.0,99.0,477.0
155571.0,0.0,-3.1186,0.005,-0.08901,0.0,0.0,-1.0,0.0,0.0,99.0,478.0
155582.0,0.0,-3.1186,0.008,-0.08901,0.0,0.0,-1.0,0.0,0.0,99.0,485.0
155592.0,0.0,-3.1201,-0.01,-0.08901,0.0,0.0,-1.0,0.0,0.0,99.0,484.0
155602.0,0.0,-3.1186,-0.002,-0.08901,0.0,0.0,-1.0,0.0,0.0,99.0,485.0
155612.0,0.0,-3.1201,-0.007,-0.08901,0.0,0.0,-1.0,0.0,0.0,99.0,477.0
155622.0,0.0,-3.1201,-0.003,-0.08901,0.0,0.0,-1.0,0.0,0.0,99.0,485.0
155632.0,0.0,-3.1186,-0.006,-0.08901,0.0,0.0,-1.0,0.0,0.0,99.0,485.0
155642.0,0.0,-3.1201,-0.008,-0.08901,0.0,0.0,-1.0,0.0,0.0,99.0,485.0
155652.0,0.0,-3.1201,-0.008,-0.08901,0.0,0.0,-1.0,0.0,0.0,99.0,484.0
155663.0,0.0,-3.1201,-0.006,-0.08901,0.0,0.0,-1.0,0.0,0.0,99.0,478.0
155673.0,0.0,-3.1201,-0.007,-0.08901,0.0,0.0,-1.0,0.0,0.0,99.0,485.0
155683.0,0.0,-3.1201,-0.005,-0.08901,0.0,0.0,-1.0,0.0,0.0,99.0,484.0
155693.0,0.0,-3.1201,-0.004,-0.08901,0.0,0.0,-1.0,0.0,0.0,99.0,491.0
155703.0,0.0,-3.1201,-0.002,-0.08901,0.0,0.0,-1.0,0.0,0.0,99.0,485.0
155714.0,0.0,-3.1201,-0.001,-0.08901,0.0,0.0,-1.0,0.0,0.0,99.0,485.0
155724.0,0.0,-3.1201,0.007,-0.08901,0.0,0.0,-1.0,0.0,0.0,99.0,485.0
155734.0,0.0,-3.1201,0.009,-0.08901,0.0,0.0,-1.0,0.0,0.0,99.0,485.0
155744.0,0.0,-3.1201,-0.003,-0.08901,0.0,0.0,-1.0,0.0,0.0,99.0,477.0
155754.0,0.0,-3.1201,0.0,-0.08901,0.0,0.0,-1.0,0.0,0.0,99.0,492.0
155764.0,0.0,-3.1201,-0.005,-0.08901,0.0,0.0,-1.0,0.0,0.0,99.0,492.0
155775.0,0.0,-3.1201,0.004,-0.08901,0.0,0.0,-1.0,0.0,0.0,99.0,477.0
155785.0,0.0,-3.1201,-0.004,-0.08901,0.0,0.0,-1.0,0.0,0.0,99.0,484.0
155795.0,0.0,-3.1201,0.003,-0.08901,0.0,0.0,-1.0,0.0,0.0,99.0,491.0
155805.0,0.0,-3.1201,0.005,-0.08901,0.0,0.0,-1.0,0.0,0.0,99.0,484.0
155815.0,0.0,-3.1201,-0.003,-0.08901,0.0,0.0,-1.0,0.0,0.0,99.0,479.0
155825.0,0.0,-3.1201,-0.002,-0.08901,0.0,0.0,-1.0,0.0,0.0,99.0,478.0
155835.0,0.0,-3.1186,0.004,-0.08901,0.0,0.0,-1.0,0.0,0.0,99.0,484.0
155845.0,0.0,-3.1186,0.017,-0.08901,0.0,0.0,-1.0,0.0,0.0,99.0,485.0
155855.0,0.0,-3.1186,0.012,-0.08901,0.0,0.0,-1.0,0.0,0.0,99.0,485.0
155866.0,0.0,-3.1201,0.004,-0.08901,0.0,0.0,-1.0,0.0,0.0,99.0,478.0
155876.0,0.0,-3.1186,0.002,-0.08901,0.0,0.0,-1.0,0.0,0.0,99.0,492.0
155886.0,0.0,-3.1201,-0.002,-0.08901,0.0,0.0,-1.0,0.0,0.0,99.0,477.0
155896.0,0.0,-3.1201,0.004,-0.08901,0.0,0.0,-1.0,0.0,0.0,99.0,491.0
155906.0,0.0,-3.1201,-0.005,-0.08901,0.0,0.0,-1.0,0.0,0.0,99.0,478.0
155916.0,0.0,-3.1186,-0.006,-0.08901,0.0,0.0,-1.0,0.0,0.0,99.0,485.0
155926.0,0.0,-3.1201,0.005,-0.08901,0.0,0.0,-1.0,0.0,0.0,99.0,491.0
155937.0,0.0,-3.1201,-0.005,-0.08901,0.0,0.0,-1.0,0.0,0.0,99.0,483.0
155947.0,0.0,-3.1186,0.005,-0.08901,0.0,0.0,-1.0,0.0,0.0,99.0,485.0
155957.0,0.0,-3.1186,0.004,-0.08901,0.0,0.0,-1.0,0.0,0.0,99.0,484.0
155967.0,0.0,-3.1201,0.009,-0.08901,0.0,0.0,-1.0,0.0,0.0,99.0,492.0
155977.0,0.0,-3.1186,0.011,-0.08901,0.0,0.0,-1.0,0.0,0.0,99.0,492.0
155987.0,0.0,-3.1201,0.001,-0.08901,0.0,0.0,-1.0,0.0,0.0,99.0,477.0
155998.0,0.0,-3.1201,-0.012,-0.08901,0.0,0.0,-1.0,0.0,0.0,99.0,477.0
156008.0,0.0,-3.1186,-0.004,-0.08901,0.0,0.0,-1.0,0.0,0.0,99.0,478.0
156018.0,0.0,-3.1201,-0.003,-0.08901,0.0,0.0,-1.0,0.0,0.0,99.0,485.0
156028.0,0.0,-3.1186,-0.004,-0.08901,0.0,0.0,-1.0,0.0,0.0,99.0,477.0
156038.0,0.0,-3.1201,0.003,-0.08901,0.0,0.0,-1.0,0.0,0.0,99.0,485.0
156048.0,0.0,-3.1186,-0.002,-0.08901,0.0,0.0,-1.0,0.0,0.0,99.0,485.0
156059.0,0.0,-3.1186,0.009,-0.08901,0.0,0.0,-1.0,0.0,0.0,99.0,478.0
156069.0,0.0,-3.1186,-0.003,-0.08901,0.0,0.0,-1.0,0.0,0.0,99.0,477.0
156079.0,0.0,-3.1201,-0.011,-0.08901,0.0,0.0,-1.0,0.0,0.0,99.0,485.0
156089.0,0.0,-3.1186,-0.008,-0.08901,0.0,0.0,-1.0,0.0,0.0,99.0,492.0
156099.0,0.0,-3.1201,-0.003,-0.08901,0.0,0.0,-1.0,0.0,0.0,99.0,484.0
156110.0,0.0,-3.1201,0.006,-0.08901,0.0,0.0,-1.0,0.0,0.0,99.0,485.0
156120.0,0.0,-3.1201,-0.001,-0.08901,0.0,0.0,-1.0,0.0,0.0,99.0,477.0
156130.0,0.0,-3.1201,-0.005,-0.08901,0.0,0.0,-1.0,0.0,0.0,99.0,478.0
156140.0,0.0,-3.1201,0.001,-0.08901,0.0,0.0,-1.0,0.0,0.0,99.0,485.0
156151.0,0.0,-3.1186,0.013,-0.08901,0.0,0.0,-1.0,0.0,0.0,99.0,485.0
156161.0,0.0,-3.1186,0.013,-0.08901,0.0,0.0,-1.0,0.0,0.0,99.0,478.0
156171.0,0.0,-3.1201,-0.001,-0.08901,0.0,0.0,-1.0,0.0,0.0,99.0,492.0
156181.0,0.0,-3.1186,0.009,-0.08901,0.0,0.0,-1.0,0.0,0.0,99.0,484.0
156192.0,0.0,-3.1186,0.003,-0.08901,0.0,0.0,-1.0,0.0,0.0,99.0,485.0
156202.0,0.0,-3.1201,-0.001,-0.08901,0.0,0.0,-1.0,0.0,0.0,99.0,478.0
156212.0,0.0,-3.1186,0.01,-0.08901,0.0,0.0,-1.0,0.0,0.0,99.0,485.0
156222.0,0.0,-3.1201,-0.005,-0.08901,0.0,0.0,-1.0,0.0,0.0,99.0,492.0
156232.0,0.0,-3.1186,0.009,-0.08901,0.0,0.0,-1.0,0.0,0.0,99.0,478.0
156242.0,0.0,-3.1186,-0.004,-0.08901,0.0,0.0,-1.0,0.0,0.0,99.0,485.0
156253.0,0.0,-3.1186,-0.001,-0.08901,0.0,0.0,-1.0,0.0,0.0,99.0,485.0
156263.0,0.0,-3.1201,-0.004,-0.08901,0.0,0.0,-1.0,0.0,0.0,99.0,485.0
156273.0,0.0,-3.1186,0.0,-0.08901,0.0,0.0,-1.0,0.0,0.0,99.0,492.0
156283.0,0.0,-3.1201,-0.017,-0.08901,0.0,0.0,-1.0,0.0,0.0,99.0,485.0
156293.0,0.0,-3.1186,0.009,-0.08901,0.0,0.0,-1.0,0.0,0.0,99.0,483.0
156304.0,0.0,-3.1186,0.015,-0.08901,0.0,0.0,-1.0,0.0,0.0,99.0,477.0
156314.0,0.0,-3.1186,0.01,-0.08901,0.0,0.0,-1.0,0.0,0.0,99.0,478.0
156324.0,0.0,-3.1201,-0.001,-0.08901,0.0,0.0,-1.0,0.0,0.0,99.0,478.0
156334.0,0.0,-3.1186,-0.001,-0.08901,0.0,0.0,-1.0,0.0,0.0,99.0,485.0
156344.0,0.0,-3.1186,0.005,-0.08901,0.0,0.0,-1.0,0.0,0.0,99.0,485.0
156354.0,0.0,-3.1186,0.008,-0.08901,0.0,0.0,-1.0,0.0,0.0,99.0,485.0
156364.0,0.0,-3.1201,-0.013,-0.08901,0.0,0.0,-1.0,0.0,0.0,99.0,484.0
156374.0,0.0,-3.1201,-0.023,-0.08901,0.0,0.0,-1.0,0.0,0.0,99.0,491.0
156384.0,0.0,-3.1186,-0.006,-0.08901,0.0,0.0,-1.0,0.0,0.0,99.0,477.0
156394.0,0.0,-3.1201,-0.005,-0.08901,0.0,0.0,-1.0,0.0,0.0,99.0,477.0
156404.0,0.0,-3.1186,-0.006,-0.08901,0.0,0.0,-1.0,0.0,0.0,99.0,484.0
156415.0,0.0,-3.1201,-0.008,-0.08901,0.0,0.0,-1.0,0.0,0.0,99.0,485.0
156425.0,0.0,-3.1201,-0.009,-0.08901,0.0,0.0,-1.0,0.0,0.0,99.0,478.0
156435.0,0.0,-3.1186,-0.007,-0.08901,0.0,0.0,-1.0,0.0,0.0,99.0,485.0
156445.0,0.0,-3.1201,-0.009,-0.08901,0.0,0.0,-1.0,0.0,0.0,99.0,477.0
156455.0,0.0,-3.1201,-0.009,-0.08901,0.0,0.0,-1.0,0.0,0.0,99.0,484.0
156465.0,0.0,-3.1201,-0.003,-0.08901,0.0,0.0,-1.0,0.0,0.0,99.0,477.0
156476.0,0.0,-3.1201,-0.003,-0.08901,0.0,0.0,-1.0,0.0,0.0,99.0,477.0
156486.0,0.0,-3.1201,-0.004,-0.08901,0.0,0.0,-1.0,0.0,0.0,99.0,483.0
156496.0,0.0,-3.1201,-0.004,-0.08901,0.0,0.0,-1.0,0.0,0.0,99.0,492.0
156506.0,0.0,-3.1201,-0.003,-0.08901,0.0,0.0,-1.0,0.0,0.0,99.0,479.0
156516.0,0.0,-3.1201,-0.002,-0.08901,0.0,0.0,-1.0,0.0,0.0,99.0,478.0
156526.0,0.0,-3.1201,-0.001,-0.08901,0.0,0.0,-1.0,0.0,0.0,99.0,477.0
156536.0,0.0,-3.1201,-0.001,-0.08901,0.0,0.0,-1.0,0.0,0.0,99.0,485.0
156547.0,0.0,-3.1201,-0.002,-0.08901,0.0,0.0,-1.0,0.0,0.0,99.0,485.0
156557.0,0.0,-3.1201,0.0,-0.08901,0.0,0.0,-1.0,0.0,0.0,99.0,478.0
156567.0,0.0,-3.1201,0.001,-0.08901,0.0,0.0,-1.0,0.0,0.0,99.0,484.0
156577.0,0.0,-3.1201,-0.0,-0.08901,0.0,0.0,-1.0,0.0,0.0,99.0,477.0
156587.0,0.0,-3.1201,0.001,-0.08901,0.0,0.0,-1.0,0.0,0.0,99.0,484.0
156597.0,0.0,-3.1201,0.001,-0.08901,0.0,0.0,-1.0,0.0,0.0,99.0,491.0
156607.0,0.0,-3.1201,0.001,-0.08901,0.0,0.0,-1.0,0.0,0.0,99.0,485.0
156617.0,0.0,-3.1201,0.001,-0.08901,0.0,0.0,-1.0,0.0,0.0,99.0,485.0
156627.0,0.0,-3.1201,0.0,-0.08901,0.0,0.0,-1.0,0.0,0.0,99.0,492.0
156638.0,0.0,-3.1201,0.0,-0.08901,0.0,0.0,-1.0,0.0,0.0,99.0,477.0
156648.0,0.0,-3.1201,0.0,-0.08901,0.0,0.0,-1.0,0.0,0.0,99.0,492.0
156658.0,0.0,-3.1201,0.0,-0.08901,0.0,0.0,-1.0,0.0,0.0,99.0,485.0
156668.0,0.0,-3.1201,0.0,-0.08901,0.0,0.0,-1.0,0.0,0.0,99.0,484.0
156678.0,0.0,-3.1201,0.0,-0.08901,0.0,0.0,-1.0,0.0,0.0,99.0,478.0
156689.0,0.0,-3.1201,-0.0,-0.08901,0.0,0.0,-1.0,0.0,0.0,99.0,478.0
156699.0,0.0,-3.1201,-0.0,-0.08901,0.0,0.0,-1.0,0.0,0.0,99.0,485.0
156709.0,0.0,-3.1201,-0.0,-0.08901,0.0,0.0,-1.0,0.0,0.0,99.0,478.0
156720.0,0.0,-3.1201,-0.0,-0.08901,0.0,0.0,-1.0,0.0,0.0,99.0,477.0
156730.0,0.0,-3.1201,-0.0,-0.08901,0.0,0.0,-1.0,0.0,0.0,99.0,484.0
156740.0,0.0,-3.1186,0.006,-0.08901,0.0,0.0,-1.0,0.0,0.0,99.0,485.0
156750.0,0.0,-3.1201,0.005,-0.08901,0.0,0.0,-1.0,0.0,0.0,99.0,485.0
156760.0,0.0,-3.1201,0.005,-0.08901,0.0,0.0,-1.0,0.0,0.0,99.0,492.0
156770.0,0.0,-3.1201,0.004,-0.08901,0.0,0.0,-1.0,0.0,0.0,99.0,477.0
156781.0,0.0,-3.1201,-0.001,-0.08901,0.0,0.0,-1.0,0.0,0.0,99.0,485.0
156791.0,0.0,-3.1201,0.007,-0.08901,0.0,0.0,-1.0,0.0,0.0,99.0,485.0
156801.0,0.0,-3.1201,0.006,-0.08901,0.0,0.0,-1.0,0.0,0.0,99.0,492.0
156811.0,0.0,-3.1186,0.014,-0.08901,0.0,0.0,-1.0,0.0,0.0,99.0,477.0
156821.0,0.0,-3.1186,0.019,-0.08901,0.0,0.0,-1.0,0.0,0.0,99.0,485.0
156831.0,0.0,-3.1186,0.021,-0.08901,0.0,0.0,-1.0,0.0,0.0,99.0,492.0
156841.0,0.0,-3.1186,0.016,-0.08901,0.0,0.0,-1.0,0.0,0.0,99.0,485.0
156851.0,0.0,-3.1201,0.003,-0.08901,0.0,0.0,-1.0,0.0,0.0,99.0,483.0
156862.0,0.0,-3.1186,0.011,-0.08901,0.0,0.0,-1.0,0.0,0.0,99.0,483.0
156872.0,0.0,-3.1186,0.011,-0.08901,0.0,0.0,-1.0,0.0,0.0,99.0,491.0
156882.0,0.0,-3.1186,0.005,-0.08901,0.0,0.0,-1.0,0.0,0.0,99.0,492.0
156892.0,0.0,-3.1186,0.002,-0.08901,0.0,0.0,-1.0,0.0,0.0,99.0,485.0
156903.0,0.0,-3.1186,0.004,-0.08901,0.0,0.0,-1.0,0.0,0.0,99.0,485.0
156913.0,0.0,-3.1186,0.0,-0.08901,0.0,0.0,-1.0,0.0,0.0,99.0,478.0
156923.0,0.0,-3.1186,0.003,-0.08901,0.0,0.0,-1.0,0.0,0.0,99.0,478.0
156933.0,0.0,-3.1186,0.003,-0.08901,0.0,0.0,-1.0,0.0,0.0,99.0,484.0
156944.0,0.0,-3.1186,-0.005,-0.08901,0.0,0.0,-1.0,0.0,0.0,99.0,477.0
156954.0,0.0,-3.1186,-0.002,-0.08901,0.0,0.0,-1.0,0.0,0.0,99.0,485.0
156964.0,0.0,-3.1186,0.002,-0.08901,0.0,0.0,-1.0,0.0,0.0,99.0,484.0
156974.0,0.0,-3.1186,-0.003,-0.08901,0.0,0.0,-1.0,0.0,0.0,99.0,485.0
156984.0,0.0,-3.1186,0.003,-0.08901,0.0,0.0,-1.0,0.0,0.0,99.0,477.0
156994.0,0.0,-3.1201,-0.006,-0.08901,0.0,0.0,-1.0,0.0,0.0,99.0,484.0
157004.0,0.0,-3.1186,-0.004,-0.08901,0.0,0.0,-1.0,0.0,0.0,99.0,483.0
157014.0,0.0,-3.1201,-0.006,-0.08901,0.0,0.0,-1.0,0.0,0.0,99.0,492.0
157024.0,0.0,-3.1186,0.001,-0.08901,0.0,0.0,-1.0,0.0,0.0,99.0,484.0
157034.0,0.0,-3.1186,0.003,-0.08901,0.0,0.0,-1.0,0.0,0.0,99.0,491.0
157044.0,0.0,-3.1186,-0.0,-0.08901,0.0,0.0,-1.0,0.0,0.0,99.0,483.0
157055.0,0.0,-3.1186,-0.002,-0.08901,0.0,0.0,-1.0,0.0,0.0,99.0,477.0
157065.0,0.0,-3.1186,0.003,-0.08901,0.0,0.0,-1.0,0.0,0.0,99.0,492.0
157075.0,0.0,-3.1201,-0.011,-0.08901,0.0,0.0,-1.0,0.0,0.0,99.0,485.0
157085.0,0.0,-3.1186,-0.002,-0.08901,0.0,0.0,-1.0,0.0,0.0,99.0,477.0
157095.0,0.0,-3.1186,-0.003,-0.08901,0.0,0.0,-1.0,0.0,0.0,99.0,482.0
157105.0,0.0,-3.1186,-0.018,-0.08901,0.0,0.0,-1.0,0.0,0.0,99.0,485.0
157115.0,0.0,-3.1201,-0.019,-0.08901,0.0,0.0,-1.0,0.0,0.0,99.0,478.0
157126.0,0.0,-3.1201,-0.01,-0.08901,0.0,0.0,-1.0,0.0,0.0,99.0,485.0
157136.0,0.0,-3.1201,-0.013,-0.08901,0.0,0.0,-1.0,0.0,0.0,99.0,485.0
157146.0,0.0,-3.1201,-0.014,-0.08901,0.0,0.0,-1.0,0.0,0.0,99.0,491.0
157156.0,0.0,-3.1201,-0.011,-0.08901,0.0,0.0,-1.0,0.0,0.0,99.0,484.0
157166.0,0.0,-3.1201,-0.012,-0.08901,0.0,0.0,-1.0,0.0,0.0,99.0,484.0
157176.0,0.0,-3.1201,-0.008,-0.08901,0.0,0.0,-1.0,0.0,0.0,99.0,492.0
157186.0,0.0,-3.1201,-0.007,-0.08901,0.0,0.0,-1.0,0.0,0.0,99.0,492.0
157197.0,0.0,-3.1201,-0.005,-0.08901,0.0,0.0,-1.0,0.0,0.0,99.0,477.0
157207.0,0.0,-3.1201,-0.004,-0.08901,0.0,0.0,-1.0,0.0,0.0,99.0,485.0
157217.0,0.0,-3.1201,-0.002,-0.08901,0.0,0.0,-1.0,0.0,0.0,99.0,485.0
157227.0,0.0,-3.1201,-0.001,-0.08901,0.0,0.0,-1.0,0.0,0.0,99.0,485.0
157237.0,0.0,-3.1201,-0.001,-0.08901,0.0,0.0,-1.0,0.0,0.0,99.0,485.0
157248.0,0.0,-3.1201,-0.0,-0.08901,0.0,0.0,-1.0,0.0,0.0,99.0,485.0
157258.0,0.0,-3.1201,-0.0,-0.08901,0.0,0.0,-1.0,0.0,0.0,99.0,485.0
157268.0,0.0,-3.1201,0.002,-0.08901,0.0,0.0,-1.0,0.0,0.0,99.0,485.0
157278.0,0.0,-3.1201,-0.0,-0.08901,0.0,0.0,-1.0,0.0,0.0,99.0,483.0
157288.0,0.0,-3.1201,-0.001,-0.08901,0.0,0.0,-1.0,0.0,0.0,99.0,485.0
157299.0,0.0,-3.1201,-0.001,-0.08901,0.0,0.0,-1.0,0.0,0.0,99.0,478.0
157309.0,0.0,-3.1186,0.005,-0.08901,0.0,0.0,-1.0,0.0,0.0,99.0,485.0
157319.0,0.0,-3.1201,0.001,-0.08901,0.0,0.0,-1.0,0.0,0.0,99.0,478.0
157329.0,0.0,-3.1201,0.011,-0.08901,0.0,0.0,-1.0,0.0,0.0,99.0,477.0
157340.0,0.0,-3.1186,0.011,-0.08901,0.0,0.0,-1.0,0.0,0.0,99.0,483.0
157350.0,0.0,-3.1186,0.02,-0.08901,0.0,0.0,-1.0,0.0,0.0,99.0,492.0
157360.0,0.0,-3.1201,0.014,-0.08901,0.0,0.0,-1.0,0.0,0.0,99.0,484.0
157370.0,0.0,-3.1186,0.018,-0.08901,0.0,0.0,-1.0,0.0,0.0,99.0,477.0
157380.0,0.0,-3.1186,0.021,-0.08901,0.0,0.0,-1.0,0.0,0.0,99.0,492.0
157390.0,0.0,-3.1186,0.018,-0.08901,0.0,0.0,-1.0,0.0,0.0,99.0,492.0
157401.0,0.0,-3.1186,0.015,-0.08901,0.0,0.0,-1.0,0.0,0.0,99.0,483.0
157411.0,0.0,-3.1186,0.011,-0.08901,0.0,0.0,-1.0,0.0,0.0,99.0,485.0
157421.0,0.0,-3.1186,0.007,-0.08901,0.0,0.0,-1.0,0.0,0.0,99.0,477.0
157431.0,0.0,-3.1186,0.004,-0.08901,0.0,0.0,-1.0,0.0,0.0,99.0,478.0
157441.0,0.0,-3.1186,0.003,-0.08901,0.0,0.0,-1.0,0.0,0.0,99.0,484.0
157451.0,0.0,-3.1186,0.002,-0.08901,0.0,0.0,-1.0,0.0,0.0,99.0,485.0
157461.0,0.0,-3.1186,0.001,-0.08901,0.0,0.0,-1.0,0.0,0.0,99.0,478.0
157472.0,0.0,-3.1186,0.001,-0.08901,0.0,0.0,-1.0,0.0,0.0,99.0,485.0
157482.0,0.0,-3.1186,0.0,-0.08901,0.0,0.0,-1.0,0.0,0.0,99.0,485.0
157492.0,0.0,-3.1186,0.0,-0.08901,0.0,0.0,-1.0,0.0,0.0,99.0,477.0
157503.0,0.0,-3.1186,0.0,-0.08901,0.0,0.0,-1.0,0.0,0.0,99.0,477.0
157513.0,0.0,-3.1186,0.0,-0.08901,0.0,0.0,-1.0,0.0,0.0,99.0,483.0
157523.0,0.0,-3.1186,-0.0,-0.08901,0.0,0.0,-1.0,0.0,0.0,99.0,485.0
157533.0,0.0,-3.1186,0.002,-0.08901,0.0,0.0,-1.0,0.0,0.0,99.0,485.0
157543.0,0.0,-3.1186,-0.001,-0.08901,0.0,0.0,-1.0,0.0,0.0,99.0,485.0
157553.0,0.0,-3.1186,-0.001,-0.08901,0.0,0.0,-1.0,0.0,0.0,99.0,484.0
157564.0,0.0,-3.1186,-0.001,-0.08901,0.0,0.0,-1.0,0.0,0.0,99.0,485.0
157574.0,0.0,-3.1186,-0.001,-0.08901,0.0,0.0,-1.0,0.0,0.0,99.0,478.0
157584.0,0.0,-3.1186,-0.0,-0.08901,0.0,0.0,-1.0,0.0,0.0,99.0,485.0
157594.0,0.0,-3.1186,-0.0,-0.08901,0.0,0.0,-1.0,0.0,0.0,99.0,484.0
157604.0,0.0,-3.1186,-0.006,-0.08901,0.0,0.0,-1.0,0.0,0.0,99.0,484.0
157614.0,0.0,-3.1201,-0.02,-0.08901,0.0,0.0,-1.0,0.0,0.0,99.0,492.0
157624.0,0.0,-3.1186,-0.011,-0.08901,0.0,0.0,-1.0,0.0,0.0,99.0,484.0
157635.0,0.0,-3.1201,-0.021,-0.08901,0.0,0.0,-1.0,0.0,0.0,99.0,478.0
157645.0,0.0,-3.1201,-0.021,-0.08901,0.0,0.0,-1.0,0.0,0.0,99.0,491.0
157655.0,0.0,-3.1201,-0.02,-0.08901,0.0,0.0,-1.0,0.0,0.0,99.0,491.0
157665.0,0.0,-3.1201,-0.015,-0.08901,0.0,0.0,-1.0,0.0,0.0,99.0,485.0
157675.0,0.0,-3.1201,-0.01,-0.08901,0.0,0.0,-1.0,0.0,0.0,99.0,478.0
157686.0,0.0,-3.1201,-0.007,-0.08901,0.0,0.0,-1.0,0.0,0.0,99.0,485.0
157696.0,0.0,-3.1201,-0.004,-0.08901,0.0,0.0,-1.0,0.0,0.0,99.0,485.0
157706.0,0.0,-3.1201,-0.005,-0.08901,0.0,0.0,-1.0,0.0,0.0,99.0,484.0
157716.0,0.0,-3.1201,-0.001,-0.08901,0.0,0.0,-1.0,0.0,0.0,99.0,485.0
157726.0,0.0,-3.1217,-0.006,-0.08901,0.0,0.0,-1.0,0.0,0.0,99.0,491.0
157736.0,0.0,-3.1201,-0.015,-0.08901,0.0,0.0,-1.0,0.0,0.0,99.0,477.0
157746.0,0.0,-3.1217,-0.019,-0.08901,0.0,0.0,-1.0,0.0,0.0,99.0,477.0
157756.0,0.0,-3.1201,-0.005,-0.08901,0.0,0.0,-1.0,0.0,0.0,99.0,485.0
157766.0,0.0,-3.1201,-0.002,-0.08901,0.0,0.0,-1.0,0.0,0.0,99.0,478.0
157777.0,0.0,-3.1201,0.002,-0.08901,0.0,0.0,-1.0,0.0,0.0,99.0,478.0
157787.0,0.0,-3.1201,0.005,-0.08901,0.0,0.0,-1.0,0.0,0.0,99.0,491.0
157797.0,0.0,-3.1201,0.005,-0.08901,0.0,0.0,-1.0,0.0,0.0,99.0,485.0
157807.0,0.0,-3.1201,0.01,-0.08901,0.0,0.0,-1.0,0.0,0.0,99.0,485.0
157818.0,0.0,-3.1201,0.009,-0.08901,0.0,0.0,-1.0,0.0,0.0,99.0,485.0
157828.0,0.0,-3.1201,0.007,-0.08901,0.0,0.0,-1.0,0.0,0.0,99.0,485.0
157838.0,0.0,-3.1201,0.006,-0.08901,0.0,0.0,-1.0,0.0,0.0,99.0,485.0
157849.0,0.0,-3.1201,0.009,-0.08901,0.0,0.0,-1.0,0.0,0.0,99.0,485.0
157859.0,0.0,-3.1186,0.022,-0.08901,0.0,0.0,-1.0,0.0,0.0,99.0,492.0
157869.0,0.0,-3.1201,0.019,-0.08901,0.0,0.0,-1.0,0.0,0.0,99.0,477.0
157879.0,0.0,-3.1186,0.028,-0.08901,0.0,0.0,-1.0,0.0,0.0,99.0,477.0
157889.0,0.0,-3.1186,0.022,-0.08901,0.0,0.0,-1.0,0.0,0.0,99.0,492.0
157899.0,0.0,-3.1186,0.017,-0.08901,0.0,0.0,-1.0,0.0,0.0,99.0,477.0
157909.0,0.0,-3.1186,0.012,-0.08901,0.0,0.0,-1.0,0.0,0.0,99.0,478.0
157920.0,0.0,-3.1186,0.008,-0.08901,0.0,0.0,-1.0,0.0,0.0,99.0,477.0
157930.0,0.0,-3.117,0.03,-0.08901,0.0,0.0,-1.0,0.0,0.0,99.0,485.0
157940.0,0.0,-3.1186,0.017,-0.08901,0.0,0.0,-1.0,0.0,0.0,99.0,492.0
157950.0,0.0,-3.1186,0.021,-0.08901,0.0,0.0,-1.0,0.0,0.0,99.0,485.0
157960.0,0.0,-3.117,0.027,-0.08901,0.0,0.0,-1.0,0.0,0.0,99.0,477.0
157970.0,0.0,-3.117,0.022,-0.08901,0.0,0.0,-1.0,0.0,0.0,99.0,485.0
157980.0,0.0,-3.117,0.016,-0.08901,0.0,0.0,-1.0,0.0,0.0,99.0,484.0
157991.0,0.0,-3.117,0.008,-0.08901,0.0,0.0,-1.0,0.0,0.0,99.0,485.0
158001.0,0.0,-3.117,0.008,-0.08901,0.0,0.0,-1.0,0.0,0.0,99.0,491.0
158011.0,0.0,-3.117,0.006,-0.08901,0.0,0.0,-1.0,0.0,0.0,99.0,491.0
158021.0,0.0,-3.117,0.004,-0.08901,0.0,0.0,-1.0,0.0,0.0,99.0,477.0
158031.0,0.0,-3.117,0.0,-0.08901,0.0,0.0,-1.0,0.0,0.0,99.0,478.0
158041.0,0.0,-3.117,-0.005,-0.08901,0.0,0.0,-1.0,0.0,0.0,99.0,485.0
158052.0,0.0,-3.1186,-0.005,-0.08901,0.0,0.0,-1.0,0.0,0.0,99.0,483.0
158062.0,0.0,-3.117,-0.001,-0.08901,0.0,0.0,-1.0,0.0,0.0,99.0,485.0
158072.0,0.0,-3.117,0.003,-0.08901,0.0,0.0,-1.0,0.0,0.0,99.0,484.0
158082.0,0.0,-3.1186,-0.014,-0.08901,0.0,0.0,-1.0,0.0,0.0,99.0,485.0
158092.0,0.0,-3.1186,-0.032,-0.08901,0.0,0.0,-1.0,0.0,0.0,99.0,485.0
158103.0,0.0,-3.1186,-0.031,-0.08901,0.0,0.0,-1.0,0.0,0.0,99.0,483.0
158113.0,0.0,-3.1186,-0.024,-0.08901,0.0,0.0,-1.0,0.0,0.0,99.0,485.0
158123.0,0.0,-3.1186,-0.016,-0.08901,0.0,0.0,-1.0,0.0,0.0,99.0,485.0
158133.0,0.0,-3.1186,-0.01,-0.08901,0.0,0.0,-1.0,0.0,0.0,99.0,478.0
158143.0,0.0,-3.1186,-0.006,-0.08901,0.0,0.0,-1.0,0.0,0.0,99.0,485.0
158153.0,0.0,-3.1186,-0.008,-0.08901,0.0,0.0,-1.0,0.0,0.0,99.0,483.0
158163.0,0.0,-3.1186,-0.01,-0.08901,0.0,0.0,-1.0,0.0,0.0,99.0,478.0
158173.0,0.0,-3.1186,-0.007,-0.08901,0.0,0.0,-1.0,0.0,0.0,99.0,485.0
158183.0,0.0,-3.1186,-0.008,-0.08901,0.0,0.0,-1.0,0.0,0.0,99.0,492.0
158194.0,0.0,-3.1186,-0.016,-0.08901,0.0,0.0,-1.0,0.0,0.0,99.0,485.0
158204.0,0.0,-3.1186,-0.011,-0.08901,0.0,0.0,-1.0,0.0,0.0,99.0,483.0
158214.0,0.0,-3.1201,-0.014,-0.08901,0.0,0.0,-1.0,0.0,0.0,99.0,485.0
158224.0,0.0,-3.1201,-0.009,-0.08901,0.0,0.0,-1.0,0.0,0.0,99.0,492.0
158234.0,0.0,-3.1201,-0.015,-0.08901,0.0,0.0,-1.0,0.0,0.0,99.0,484.0
158245.0,0.0,-3.1201,-0.014,-0.08901,0.0,0.0,-1.0,0.0,0.0,99.0,485.0
158255.0,0.0,-3.1201,-0.013,-0.08901,0.0,0.0,-1.0,0.0,0.0,99.0,484.0
158265.0,0.0,-3.1201,-0.004,-0.08901,0.0,0.0,-1.0,0.0,0.0,99.0,483.0
158275.0,0.0,-3.1201,-0.004,-0.08901,0.0,0.0,-1.0,0.0,0.0,99.0,478.0
158286.0,0.0,-3.1201,-0.006,-0.08901,0.0,0.0,-1.0,0.0,0.0,99.0,477.0
158296.0,0.0,-3.1201,-0.004,-0.08901,0.0,0.0,-1.0,0.0,0.0,99.0,492.0
158306.0,0.0,-3.1186,0.006,-0.08901,0.0,0.0,-1.0,0.0,0.0,99.0,485.0
158316.0,0.0,-3.1186,0.003,-0.08901,0.0,0.0,-1.0,0.0,0.0,99.0,478.0
158326.0,0.0,-3.1201,0.002,-0.08901,0.0,0.0,-1.0,0.0,0.0,99.0,485.0
158336.0,0.0,-3.1186,0.005,-0.08901,0.0,0.0,-1.0,0.0,0.0,99.0,477.0
158346.0,0.0,-3.1201,0.012,-0.08901,0.0,0.0,-1.0,0.0,0.0,99.0,478.0
158356.0,0.0,-3.1201,-0.002,-0.08901,0.0,0.0,-1.0,0.0,0.0,99.0,484.0
158367.0,0.0,-3.1186,0.012,-0.08901,0.0,0.0,-1.0,0.0,0.0,99.0,485.0
158377.0,0.0,-3.1186,0.012,-0.08901,0.0,0.0,-1.0,0.0,0.0,99.0,477.0
158387.0,0.0,-3.1201,0.002,-0.08901,0.0,0.0,-1.0,0.0,0.0,99.0,485.0
158397.0,0.0,-3.1201,0.006,-0.08901,0.0,0.0,-1.0,0.0,0.0,99.0,478.0
158407.0,0.0,-3.1201,0.009,-0.08901,0.0,0.0,-1.0,0.0,0.0,99.0,478.0
158417.0,0.0,-3.1186,0.016,-0.08901,0.0,0.0,-1.0,0.0,0.0,99.0,491.0
158427.0,0.0,-3.1186,0.008,-0.08901,0.0,0.0,-1.0,0.0,0.0,99.0,484.0
158438.0,0.0,-3.1186,0.008,-0.08901,0.0,0.0,-1.0,0.0,0.0,99.0,477.0
158448.0,0.0,-3.1186,0.007,-0.08901,0.0,0.0,-1.0,0.0,0.0,99.0,484.0
158458.0,0.0,-3.1201,-0.007,-0.08901,0.0,0.0,-1.0,0.0,0.0,99.0,485.0
158468.0,0.0,-3.1186,0.003,-0.08901,0.0,0.0,-1.0,0.0,0.0,99.0,491.0
158478.0,0.0,-3.1186,0.007,-0.08901,0.0,0.0,-1.0,0.0,0.0,99.0,484.0
158489.0,0.0,-3.1186,-0.004,-0.08901,0.0,0.0,-1.0,0.0,0.0,99.0,485.0
158499.0,0.0,-3.1201,-0.002,-0.08901,0.0,0.0,-1.0,0.0,0.0,99.0,485.0
158509.0,0.0,-3.1186,-0.005,-0.08901,0.0,0.0,-1.0,0.0,0.0,99.0,492.0
158519.0,0.0,-3.1186,-0.007,-0.08901,0.0,0.0,-1.0,0.0,0.0,99.0,483.0
158529.0,0.0,-3.1186,0.003,-0.08901,0.0,0.0,-1.0,0.0,0.0,99.0,477.0
158539.0,0.0,-3.1201,-0.016,-0.08901,0.0,0.0,-1.0,0.0,0.0,99.0,477.0
158550.0,0.0,-3.1201,-0.017,-0.08901,0.0,0.0,-1.0,0.0,0.0,99.0,477.0
158560.0,0.0,-3.1201,-0.018,-0.08901,0.0,0.0,-1.0,0.0,0.0,99.0,478.0
158570.0,0.0,-3.1186,-0.006,-0.08901,0.0,0.0,-1.0,0.0,0.0,99.0,485.0
158580.0,0.0,-3.1201,-0.003,-0.08901,0.0,0.0,-1.0,0.0,0.0,99.0,483.0
158590.0,0.0,-3.1201,-0.004,-0.08901,0.0,0.0,-1.0,0.0,0.0,99.0,485.0
158601.0,0.0,-3.1201,-0.006,-0.08901,0.0,0.0,-1.0,0.0,0.0,99.0,478.0
158611.0,0.0,-3.1201,-0.008,-0.08901,0.0,0.0,-1.0,0.0,0.0,99.0,485.0
158621.0,0.0,-3.1201,-0.006,-0.08901,0.0,0.0,-1.0,0.0,0.0,99.0,484.0
158631.0,0.0,-3.1201,-0.004,-0.08901,0.0,0.0,-1.0,0.0,0.0,99.0,478.0
158641.0,0.0,-3.1201,-0.003,-0.08901,0.0,0.0,-1.0,0.0,0.0,99.0,485.0
158652.0,0.0,-3.1201,-0.002,-0.08901,0.0,0.0,-1.0,0.0,0.0,99.0,485.0
158662.0,0.0,-3.1201,-0.001,-0.08901,0.0,0.0,-1.0,0.0,0.0,99.0,485.0
158672.0,0.0,-3.1201,-0.001,-0.08901,0.0,0.0,-1.0,0.0,0.0,99.0,485.0
158682.0,0.0,-3.1201,-0.0,-0.08901,0.0,0.0,-1.0,0.0,0.0,99.0,484.0
158692.0,0.0,-3.1201,-0.0,-0.08901,0.0,0.0,-1.0,0.0,0.0,99.0,485.0
158702.0,0.0,-3.1201,-0.0,-0.08901,0.0,0.0,-1.0,0.0,0.0,99.0,492.0
158713.0,0.0,-3.1201,-0.0,-0.08901,0.0,0.0,-1.0,0.0,0.0,99.0,484.0
158723.0,0.0,-3.1201,-0.0,-0.08901,0.0,0.0,-1.0,0.0,0.0,99.0,491.0
158733.0,0.0,-3.1201,0.0,-0.08901,0.0,0.0,-1.0,0.0,0.0,99.0,492.0
158743.0,0.0,-3.1201,0.0,-0.08901,0.0,0.0,-1.0,0.0,0.0,99.0,492.0
158753.0,0.0,-3.1201,0.0,-0.08901,0.0,0.0,-1.0,0.0,0.0,99.0,477.0
158763.0,0.0,-3.1186,0.006,-0.08901,0.0,0.0,-1.0,0.0,0.0,99.0,492.0
158774.0,0.0,-3.1201,0.004,-0.08901,0.0,0.0,-1.0,0.0,0.0,99.0,485.0
158784.0,0.0,-3.1186,0.007,-0.08901,0.0,0.0,-1.0,0.0,0.0,99.0,485.0
158794.0,0.0,-3.1201,0.009,-0.08901,0.0,0.0,-1.0,0.0,0.0,99.0,484.0
158805.0,0.0,-3.1186,0.015,-0.08901,0.0,0.0,-1.0,0.0,0.0,99.0,477.0
158815.0,0.0,-3.1201,0.004,-0.08901,0.0,0.0,-1.0,0.0,0.0,99.0,486.0
158825.0,0.0,-3.1201,0.006,-0.08901,0.0,0.0,-1.0,0.0,0.0,99.0,478.0
158835.0,0.0,-3.1186,0.02,-0.08901,0.0,0.0,-1.0,0.0,0.0,99.0,485.0
158845.0,0.0,-3.1186,0.023,-0.08901,0.0,0.0,-1.0,0.0,0.0,99.0,485.0
158855.0,0.0,-3.1186,0.007,-0.08901,0.0,0.0,-1.0,0.0,0.0,99.0,485.0
158865.0,0.0,-3.1186,0.009,-0.08901,0.0,0.0,-1.0,0.0,0.0,99.0,492.0
158876.0,0.0,-3.1186,0.001,-0.08901,0.0,0.0,-1.0,0.0,0.0,99.0,485.0
158886.0,0.0,-3.1186,0.01,-0.08901,0.0,0.0,-1.0,0.0,0.0,99.0,484.0
158896.0,0.0,-3.1186,0.01,-0.08901,0.0,0.0,-1.0,0.0,0.0,99.0,492.0
158906.0,0.0,-3.1186,0.006,-0.08901,0.0,0.0,-1.0,0.0,0.0,99.0,485.0
158916.0,0.0,-3.1186,-0.003,-0.08901,0.0,0.0,-1.0,0.0,0.0,99.0,485.0
158926.0,0.0,-3.1186,0.005,-0.08901,0.0,0.0,-1.0,0.0,0.0,99.0,484.0
158937.0,0.0,-3.1186,0.006,-0.08901,0.0,0.0,-1.0,0.0,0.0,99.0,483.0
158947.0,0.0,-3.1186,0.005,-0.08901,0.0,0.0,-1.0,0.0,0.0,99.0,491.0
158957.0,0.0,-3.1201,-0.01,-0.08901,0.0,0.0,-1.0,0.0,0.0,99.0,478.0
158967.0,0.0,-3.1201,-0.005,-0.08901,0.0,0.0,-1.0,0.0,0.0,99.0,485.0
158977.0,0.0,-3.1186,0.002,-0.08901,0.0,0.0,-1.0,0.0,0.0,99.0,491.0
158988.0,0.0,-3.1186,-0.006,-0.08901,0.0,0.0,-1.0,0.0,0.0,99.0,477.0
158998.0,0.0,-3.1186,-0.0,-0.08901,0.0,0.0,-1.0,0.0,0.0,99.0,485.0
159008.0,0.0,-3.1186,-0.0,-0.08901,0.0,0.0,-1.0,0.0,0.0,99.0,485.0
159018.0,0.0,-3.1186,0.0,-0.08901,0.0,0.0,-1.0,0.0,0.0,99.0,484.0
159028.0,0.0,-3.1201,-0.01,-0.08901,0.0,0.0,-1.0,0.0,0.0,99.0,483.0
159038.0,0.0,-3.1201,-0.016,-0.08901,0.0,0.0,-1.0,0.0,0.0,99.0,485.0
159048.0,0.0,-3.1201,-0.009,-0.08901,0.0,0.0,-1.0,0.0,0.0,99.0,492.0
159058.0,0.0,-3.1186,-0.003,-0.08901,0.0,0.0,-1.0,0.0,0.0,99.0,492.0
159069.0,0.0,-3.1186,-0.008,-0.08901,0.0,0.0,-1.0,0.0,0.0,99.0,485.0
159079.0,0.0,-3.1201,-0.013,-0.08901,0.0,0.0,-1.0,0.0,0.0,99.0,477.0
159089.0,0.0,-3.1201,-0.006,-0.08901,0.0,0.0,-1.0,0.0,0.0,99.0,477.0
159099.0,0.0,-3.1201,-0.013,-0.08901,0.0,0.0,-1.0,0.0,0.0,99.0,477.0
159110.0,0.0,-3.1201,-0.01,-0.08901,0.0,0.0,-1.0,0.0,0.0,99.0,477.0
159120.0,0.0,-3.1186,0.004,-0.08901,0.0,0.0,-1.0,0.0,0.0,99.0,477.0
159130.0,0.0,-3.1201,-0.003,-0.08901,0.0,0.0,-1.0,0.0,0.0,99.0,485.0
159140.0,0.0,-3.1201,0.001,-0.08901,0.0,0.0,-1.0,0.0,0.0,99.0,485.0
159150.0,0.0,-3.1201,-0.01,-0.08901,0.0,0.0,-1.0,0.0,0.0,99.0,485.0
159160.0,0.0,-3.1201,-0.01,-0.08901,0.0,0.0,-1.0,0.0,0.0,99.0,483.0
159171.0,0.0,-3.1201,-0.006,-0.08901,0.0,0.0,-1.0,0.0,0.0,99.0,477.0
159181.0,0.0,-3.1201,-0.008,-0.08901,0.0,0.0,-1.0,0.0,0.0,99.0,478.0
159191.0,0.0,-3.1201,-0.006,-0.08901,0.0,0.0,-1.0,0.0,0.0,99.0,485.0
159201.0,0.0,-3.1201,-0.005,-0.08901,0.0,0.0,-1.0,0.0,0.0,99.0,478.0
159212.0,0.0,-3.1201,-0.003,-0.08901,0.0,0.0,-1.0,0.0,0.0,99.0,477.0
159222.0,0.0,-3.1201,-0.002,-0.08901,0.0,0.0,-1.0,0.0,0.0,99.0,477.0
159232.0,0.0,-3.1201,-0.001,-0.08901,0.0,0.0,-1.0,0.0,0.0,99.0,477.0
159242.0,0.0,-3.1201,0.001,-0.08901,0.0,0.0,-1.0,0.0,0.0,99.0,486.0
159252.0,0.0,-3.1201,-0.001,-0.08901,0.0,0.0,-1.0,0.0,0.0,99.0,485.0
159262.0,0.0,-3.1201,-0.0,-0.08901,0.0,0.0,-1.0,0.0,0.0,99.0,491.0
159272.0,0.0,-3.1201,-0.001,-0.08901,0.0,0.0,-1.0,0.0,0.0,99.0,491.0
159282.0,0.0,-3.1201,0.001,-0.08901,0.0,0.0,-1.0,0.0,0.0,99.0,484.0
159292.0,0.0,-3.1186,0.005,-0.08901,0.0,0.0,-1.0,0.0,0.0,99.0,485.0
159303.0,0.0,-3.1201,-0.001,-0.08901,0.0,0.0,-1.0,0.0,0.0,99.0,477.0
159313.0,0.0,-3.1201,-0.001,-0.08901,0.0,0.0,-1.0,0.0,0.0,99.0,485.0
159323.0,0.0,-3.1201,0.003,-0.08901,0.0,0.0,-1.0,0.0,0.0,99.0,478.0
159333.0,0.0,-3.1186,0.005,-0.08901,0.0,0.0,-1.0,0.0,0.0,99.0,484.0
159343.0,0.0,-3.1201,0.002,-0.08901,0.0,0.0,-1.0,0.0,0.0,99.0,484.0
159354.0,0.0,-3.1201,-0.002,-0.08901,0.0,0.0,-1.0,0.0,0.0,99.0,477.0
159364.0,0.0,-3.1201,-0.003,-0.08901,0.0,0.0,-1.0,0.0,0.0,99.0,485.0
159374.0,0.0,-3.1201,0.001,-0.08901,0.0,0.0,-1.0,0.0,0.0,99.0,478.0
159384.0,0.0,-3.1201,-0.002,-0.08901,0.0,0.0,-1.0,0.0,0.0,99.0,485.0
159394.0,0.0,-3.1201,-0.002,-0.08901,0.0,0.0,-1.0,0.0,0.0,99.0,485.0
159404.0,0.0,-3.1201,-0.002,-0.08901,0.0,0.0,-1.0,0.0,0.0,99.0,485.0
159414.0,0.0,-3.1201,0.001,-0.08901,0.0,0.0,-1.0,0.0,0.0,99.0,478.0
159424.0,0.0,-3.1201,-0.001,-0.08901,0.0,0.0,-1.0,0.0,0.0,99.0,478.0
159435.0,0.0,-3.1201,-0.001,-0.08901,0.0,0.0,-1.0,0.0,0.0,99.0,478.0
159445.0,0.0,-3.1201,0.008,-0.08901,0.0,0.0,-1.0,0.0,0.0,99.0,477.0
159455.0,0.0,-3.1201,0.0,-0.08901,0.0,0.0,-1.0,0.0,0.0,99.0,484.0
159465.0,0.0,-3.1201,-0.002,-0.08901,0.0,0.0,-1.0,0.0,0.0,99.0,485.0
159475.0,0.0,-3.1201,0.0,-0.08901,0.0,0.0,-1.0,0.0,0.0,99.0,485.0
159486.0,0.0,-3.1201,-0.0,-0.08901,0.0,0.0,-1.0,0.0,0.0,99.0,483.0
159496.0,0.0,-3.1201,-0.002,-0.08901,0.0,0.0,-1.0,0.0,0.0,99.0,484.0
159506.0,0.0,-3.1201,0.002,-0.08901,0.0,0.0,-1.0,0.0,0.0,99.0,478.0
159516.0,0.0,-3.1201,0.004,-0.08901,0.0,0.0,-1.0,0.0,0.0,99.0,483.0
159527.0,0.0,-3.1201,0.001,-0.08901,0.0,0.0,-1.0,0.0,0.0,99.0,477.0
159537.0,0.0,-3.1201,0.01,-0.08901,0.0,0.0,-1.0,0.0,0.0,99.0,485.0
159547.0,0.0,-3.1201,0.005,-0.08901,0.0,0.0,-1.0,0.0,0.0,99.0,485.0
159557.0,0.0,-3.1201,0.005,-0.08901,0.0,0.0,-1.0,0.0,0.0,99.0,478.0
159567.0,0.0,-3.1201,-0.002,-0.08901,0.0,0.0,-1.0,0.0,0.0,99.0,485.0
159578.0,0.0,-3.1186,0.008,-0.08901,0.0,0.0,-1.0,0.0,0.0,99.0,485.0
159588.0,0.0,-3.1186,0.009,-0.08901,0.0,0.0,-1.0,0.0,0.0,99.0,492.0
159598.0,0.0,-3.1186,0.004,-0.08901,0.0,0.0,-1.0,0.0,0.0,99.0,485.0
159608.0,0.0,-3.1201,0.005,-0.08901,0.0,0.0,-1.0,0.0,0.0,99.0,492.0
159618.0,0.0,-3.1186,0.005,-0.08901,0.0,0.0,-1.0,0.0,0.0,99.0,478.0
159628.0,0.0,-3.1201,0.0,-0.08901,0.0,0.0,-1.0,0.0,0.0,99.0,484.0
159639.0,0.0,-3.1186,0.003,-0.08901,0.0,0.0,-1.0,0.0,0.0,99.0,477.0
159649.0,0.0,-3.1186,0.01,-0.08901,0.0,0.0,-1.0,0.0,0.0,99.0,485.0
159659.0,0.0,-3.1201,0.002,-0.08901,0.0,0.0,-1.0,0.0,0.0,99.0,485.0
159669.0,0.0,-3.1186,-0.001,-0.08901,0.0,0.0,-1.0,0.0,0.0,99.0,485.0
159679.0,0.0,-3.1201,-0.009,-0.08901,0.0,0.0,-1.0,0.0,0.0,99.0,484.0
159689.0,0.0,-3.1186,0.003,-0.08901,0.0,0.0,-1.0,0.0,0.0,99.0,485.0
159700.0,0.0,-3.1201,-0.005,-0.08901,0.0,0.0,-1.0,0.0,0.0,99.0,478.0
159710.0,0.0,-3.1201,-0.001,-0.08901,0.0,0.0,-1.0,0.0,0.0,99.0,485.0
159720.0,0.0,-3.1201,-0.005,-0.08901,0.0,0.0,-1.0,0.0,0.0,99.0,492.0
159730.0,0.0,-3.1201,-0.009,-0.08901,0.0,0.0,-1.0,0.0,0.0,99.0,491.0
159740.0,0.0,-3.1201,-0.006,-0.08901,0.0,0.0,-1.0,0.0,0.0,99.0,478.0
159751.0,0.0,-3.1201,-0.003,-0.08901,0.0,0.0,-1.0,0.0,0.0,99.0,477.0
159761.0,0.0,-3.1201,0.006,-0.08901,0.0,0.0,-1.0,0.0,0.0,99.0,492.0
159771.0,0.0,-3.1201,-0.006,-0.08901,0.0,0.0,-1.0,0.0,0.0,99.0,477.0
159781.0,0.0,-3.1201,0.005,-0.08901,0.0,0.0,-1.0,0.0,0.0,99.0,484.0
159791.0,0.0,-3.1201,-0.006,-0.08901,0.0,0.0,-1.0,0.0,0.0,99.0,484.0
159802.0,0.0,-3.1201,-0.007,-0.08901,0.0,0.0,-1.0,0.0,0.0,99.0,478.0
159812.0,0.0,-3.1201,0.004,-0.08901,0.0,0.0,-1.0,0.0,0.0,99.0,491.0
159822.0,0.0,-3.1201,-0.006,-0.08901,0.0,0.0,-1.0,0.0,0.0,99.0,485.0
159832.0,0.0,-3.1201,-0.007,-0.08901,0.0,0.0,-1.0,0.0,0.0,99.0,485.0
159842.0,0.0,-3.1201,-0.004,-0.08901,0.0,0.0,-1.0,0.0,0.0,99.0,477.0
159852.0,0.0,-3.1201,0.001,-0.08901,0.0,0.0,-1.0,0.0,0.0,99.0,478.0
159863.0,0.0,-3.1186,0.01,-0.08901,0.0,0.0,-1.0,0.0,0.0,99.0,477.0
159873.0,0.0,-3.1201,-0.003,-0.08901,0.0,0.0,-1.0,0.0,0.0,99.0,485.0
159883.0,0.0,-3.1186,0.005,-0.08901,0.0,0.0,-1.0,0.0,0.0,99.0,478.0
159893.0,0.0,-3.1201,-0.0,-0.08901,0.0,0.0,-1.0,0.0,0.0,99.0,478.0
159903.0,0.0,-3.1201,0.001,-0.08901,0.0,0.0,-1.0,0.0,0.0,99.0,484.0
159914.0,0.0,-3.1201,-0.005,-0.08901,0.0,0.0,-1.0,0.0,0.0,99.0,485.0
159924.0,0.0,-3.1186,0.005,-0.08901,0.0,0.0,-1.0,0.0,0.0,99.0,485.0
159934.0,0.0,-3.1186,0.007,-0.08901,0.0,0.0,-1.0,0.0,0.0,99.0,492.0
159944.0,0.0,-3.1201,0.006,-0.08901,0.0,0.0,-1.0,0.0,0.0,99.0,478.0
159954.0,0.0,-3.1201,-0.004,-0.08901,0.0,0.0,-1.0,0.0,0.0,99.0,483.0
159964.0,0.0,-3.1186,0.006,-0.08901,0.0,0.0,-1.0,0.0,0.0,99.0,485.0
159975.0,0.0,-3.1186,0.015,-0.08901,0.0,0.0,-1.0,0.0,0.0,99.0,485.0
159985.0,0.0,-3.1186,0.005,-0.08901,0.0,0.0,-1.0,0.0,0.0,99.0,485.0
159995.0,0.0,-3.1201,0.009,-0.08901,0.0,0.0,-1.0,0.0,0.0,99.0,479.0
160005.0,0.0,-3.1186,0.002,-0.08901,0.0,0.0,-1.0,0.0,0.0,99.0,485.0
160015.0,0.0,-3.1201,-0.003,-0.08901,0.0,0.0,-1.0,0.0,0.0,99.0,485.0
160025.0,0.0,-3.1186,0.001,-0.08901,0.0,0.0,-1.0,0.0,0.0,99.0,477.0
160036.0,0.0,-3.1201,0.006,-0.08901,0.0,0.0,-1.0,0.0,0.0,99.0,477.0
160046.0,0.0,-3.1186,0.004,-0.08901,0.0,0.0,-1.0,0.0,0.0,99.0,485.0
160056.0,0.0,-3.1186,-0.005,-0.08901,0.0,0.0,-1.0,0.0,0.0,99.0,485.0
160066.0,0.0,-3.1186,0.013,-0.08901,0.0,0.0,-1.0,0.0,0.0,99.0,485.0
160076.0,0.0,-3.1186,0.002,-0.08901,0.0,0.0,-1.0,0.0,0.0,99.0,478.0
160086.0,0.0,-3.1186,-0.001,-0.08901,0.0,0.0,-1.0,0.0,0.0,99.0,492.0
160097.0,0.0,-3.1186,0.004,-0.08901,0.0,0.0,-1.0,0.0,0.0,99.0,477.0
160107.0,0.0,-3.1186,0.005,-0.08901,0.0,0.0,-1.0,0.0,0.0,99.0,485.0
160117.0,0.0,-3.1186,0.005,-0.08901,0.0,0.0,-1.0,0.0,0.0,99.0,485.0
160127.0,0.0,-3.1201,0.004,-0.08901,0.0,0.0,-1.0,0.0,0.0,99.0,478.0
160137.0,0.0,-3.1201,0.014,-0.08901,0.0,0.0,-1.0,0.0,0.0,99.0,477.0
160147.0,0.0,-3.1201,0.007,-0.08901,0.0,0.0,-1.0,0.0,0.0,99.0,478.0
160157.0,0.0,-3.1186,0.008,-0.08901,0.0,0.0,-1.0,0.0,0.0,99.0,491.0
160168.0,0.0,-3.1186,0.01,-0.08901,0.0,0.0,-1.0,0.0,0.0,99.0,485.0
160178.0,0.0,-3.1186,0.006,-0.08901,0.0,0.0,-1.0,0.0,0.0,99.0,485.0
160188.0,0.0,-3.1186,0.001,-0.08901,0.0,0.0,-1.0,0.0,0.0,99.0,484.0
160198.0,0.0,-3.1186,-0.004,-0.08901,0.0,0.0,-1.0,0.0,0.0,99.0,485.0
160208.0,0.0,-3.1201,-0.015,-0.08901,0.0,0.0,-1.0,0.0,0.0,99.0,478.0
160218.0,0.0,-3.1186,-0.013,-0.08901,0.0,0.0,-1.0,0.0,0.0,99.0,478.0
160228.0,0.0,-3.1186,-0.001,-0.08901,0.0,0.0,-1.0,0.0,0.0,99.0,492.0
160239.0,0.0,-3.1186,0.001,-0.08901,0.0,0.0,-1.0,0.0,0.0,99.0,477.0
160249.0,0.0,-3.1186,0.009,-0.08901,0.0,0.0,-1.0,0.0,0.0,99.0,485.0
160259.0,0.0,-3.1186,0.007,-0.08901,0.0,0.0,-1.0,0.0,0.0,99.0,478.0
160269.0,0.0,-3.1201,-0.001,-0.08901,0.0,0.0,-1.0,0.0,0.0,99.0,477.0
160279.0,0.0,-3.1201,-0.004,-0.08901,0.0,0.0,-1.0,0.0,0.0,99.0,477.0
160289.0,0.0,-3.1201,-0.007,-0.08901,0.0,0.0,-1.0,0.0,0.0,99.0,485.0
160299.0,0.0,-3.1201,-0.017,-0.08901,0.0,0.0,-1.0,0.0,0.0,99.0,485.0
160310.0,0.0,-3.1201,-0.006,-0.08901,0.0,0.0,-1.0,0.0,0.0,99.0,485.0
160320.0,0.0,-3.1186,-0.002,-0.08901,0.0,0.0,-1.0,0.0,0.0,99.0,477.0
160330.0,0.0,-3.1186,0.007,-0.08901,0.0,0.0,-1.0,0.0,0.0,99.0,485.0
160340.0,0.0,-3.1201,-0.006,-0.08901,0.0,0.0,-1.0,0.0,0.0,99.0,492.0
160351.0,0.0,-3.1201,-0.003,-0.08901,0.0,0.0,-1.0,0.0,0.0,99.0,492.0
160361.0,0.0,-3.1201,-0.012,-0.08901,0.0,0.0,-1.0,0.0,0.0,99.0,478.0
160371.0,0.0,-3.1201,-0.016,-0.08901,0.0,0.0,-1.0,0.0,0.0,99.0,484.0
160381.0,0.0,-3.1186,0.002,-0.08901,0.0,0.0,-1.0,0.0,0.0,99.0,484.0
160391.0,0.0,-3.1201,-0.002,-0.08901,0.0,0.0,-1.0,0.0,0.0,99.0,478.0
160402.0,0.0,-3.1201,-0.003,-0.08901,0.0,0.0,-1.0,0.0,0.0,99.0,485.0
160412.0,0.0,-3.1201,-0.004,-0.08901,0.0,0.0,-1.0,0.0,0.0,99.0,485.0
160422.0,0.0,-3.1201,-0.003,-0.08901,0.0,0.0,-1.0,0.0,0.0,99.0,492.0
160432.0,0.0,-3.1186,-0.003,-0.08901,0.0,0.0,-1.0,0.0,0.0,99.0,485.0
160442.0,0.0,-3.1201,0.001,-0.08901,0.0,0.0,-1.0,0.0,0.0,99.0,491.0
160452.0,0.0,-3.1201,-0.001,-0.08901,0.0,0.0,-1.0,0.0,0.0,99.0,491.0
160462.0,0.0,-3.1201,-0.001,-0.08901,0.0,0.0,-1.0,0.0,0.0,99.0,485.0
160473.0,0.0,-3.1201,-0.004,-0.08901,0.0,0.0,-1.0,0.0,0.0,99.0,485.0
160483.0,0.0,-3.1201,0.0,-0.08901,0.0,0.0,-1.0,0.0,0.0,99.0,485.0
160493.0,0.0,-3.1201,0.008,-0.08901,0.0,0.0,-1.0,0.0,0.0,99.0,485.0
160503.0,0.0,-3.1201,-0.003,-0.08901,0.0,0.0,-1.0,0.0,0.0,99.0,485.0
160513.0,0.0,-3.1201,-0.004,-0.08901,0.0,0.0,-1.0,0.0,0.0,99.0,485.0
160523.0,0.0,-3.1201,0.0,-0.08901,0.0,0.0,-1.0,0.0,0.0,99.0,483.0
160533.0,0.0,-3.1201,0.006,-0.08901,0.0,0.0,-1.0,0.0,0.0,99.0,484.0
160543.0,0.0,-3.1186,0.002,-0.08901,0.0,0.0,-1.0,0.0,0.0,99.0,485.0
160553.0,0.0,-3.1186,-0.001,-0.08901,0.0,0.0,-1.0,0.0,0.0,99.0,484.0
160563.0,0.0,-3.1201,0.0,-0.08901,0.0,0.0,-1.0,0.0,0.0,99.0,485.0
160574.0,0.0,-3.1186,0.001,-0.08901,0.0,0.0,-1.0,0.0,0.0,99.0,485.0
160584.0,0.0,-3.1201,0.002,-0.08901,0.0,0.0,-1.0,0.0,0.0,99.0,477.0
160594.0,0.0,-3.1201,0.002,-0.08901,0.0,0.0,-1.0,0.0,0.0,99.0,485.0
160604.0,0.0,-3.1186,0.001,-0.08901,0.0,0.0,-1.0,0.0,0.0,99.0,484.0
160614.0,0.0,-3.1201,-0.005,-0.08901,0.0,0.0,-1.0,0.0,0.0,99.0,484.0
160625.0,0.0,-3.1201,0.006,-0.08901,0.0,0.0,-1.0,0.0,0.0,99.0,478.0
160635.0,0.0,-3.1201,0.01,-0.08901,0.0,0.0,-1.0,0.0,0.0,99.0,491.0
160645.0,0.0,-3.1201,0.0,-0.08901,0.0,0.0,-1.0,0.0,0.0,99.0,477.0
160655.0,0.0,-3.1201,0.004,-0.08901,0.0,0.0,-1.0,0.0,0.0,99.0,477.0
160665.0,0.0,-3.1201,-0.01,-0.08901,0.0,0.0,-1.0,0.0,0.0,99.0,484.0
160676.0,0.0,-3.1186,-0.002,-0.08901,0.0,0.0,-1.0,0.0,0.0,99.0,485.0
160686.0,0.0,-3.1201,-0.005,-0.08901,0.0,0.0,-1.0,0.0,0.0,99.0,478.0
160696.0,0.0,-3.1201,0.001,-0.08901,0.0,0.0,-1.0,0.0,0.0,99.0,483.0
160706.0,0.0,-3.1186,-0.0,-0.08901,0.0,0.0,-1.0,0.0,0.0,99.0,485.0
160717.0,0.0,-3.1201,-0.009,-0.08901,0.0,0.0,-1.0,0.0,0.0,99.0,491.0
160727.0,0.0,-3.1201,-0.009,-0.08901,0.0,0.0,-1.0,0.0,0.0,99.0,485.0
160737.0,0.0,-3.1201,-0.005,-0.08901,0.0,0.0,-1.0,0.0,0.0,99.0,483.0
160747.0,0.0,-3.1186,0.01,-0.08901,0.0,0.0,-1.0,0.0,0.0,99.0,484.0
160757.0,0.0,-3.1201,-0.005,-0.08901,0.0,0.0,-1.0,0.0,0.0,99.0,485.0
160767.0,0.0,-3.1201,-0.008,-0.08901,0.0,0.0,-1.0,0.0,0.0,99.0,478.0
160778.0,0.0,-3.1201,-0.007,-0.08901,0.0,0.0,-1.0,0.0,0.0,99.0,483.0
160788.0,0.0,-3.1201,-0.005,-0.08901,0.0,0.0,-1.0,0.0,0.0,99.0,484.0
160798.0,0.0,-3.1201,0.001,-0.08901,0.0,0.0,-1.0,0.0,0.0,99.0,485.0
160808.0,0.0,-3.1201,-0.001,-0.08901,0.0,0.0,-1.0,0.0,0.0,99.0,485.0
160818.0,0.0,-3.1201,-0.004,-0.08901,0.0,0.0,-1.0,0.0,0.0,99.0,485.0
160828.0,0.0,-3.1201,-0.003,-0.08901,0.0,0.0,-1.0,0.0,0.0,99.0,485.0
160838.0,0.0,-3.1201,-0.0,-0.08901,0.0,0.0,-1.0,0.0,0.0,99.0,485.0
160848.0,0.0,-3.1201,-0.002,-0.08901,0.0,0.0,-1.0,0.0,0.0,99.0,484.0
160858.0,0.0,-3.1201,0.003,-0.08901,0.0,0.0,-1.0,0.0,0.0,99.0,485.0
160869.0,0.0,-3.1201,0.005,-0.08901,0.0,0.0,-1.0,0.0,0.0,99.0,491.0
160879.0,0.0,-3.1201,0.0,-0.08901,0.0,0.0,-1.0,0.0,0.0,99.0,477.0
160889.0,0.0,-3.1186,0.008,-0.08901,0.0,0.0,-1.0,0.0,0.0,99.0,491.0
160899.0,0.0,-3.1201,-0.001,-0.08901,0.0,0.0,-1.0,0.0,0.0,99.0,478.0
160910.0,0.0,-3.1201,-0.006,-0.08901,0.0,0.0,-1.0,0.0,0.0,99.0,492.0
160920.0,0.0,-3.1201,-0.006,-0.08901,0.0,0.0,-1.0,0.0,0.0,99.0,485.0
160930.0,0.0,-3.1186,0.003,-0.08901,0.0,0.0,-1.0,0.0,0.0,99.0,483.0
160940.0,0.0,-3.1201,0.003,-0.08901,0.0,0.0,-1.0,0.0,0.0,99.0,478.0
160950.0,0.0,-3.1201,-0.0,-0.08901,0.0,0.0,-1.0,0.0,0.0,99.0,485.0
160960.0,0.0,-3.1201,0.002,-0.08901,0.0,0.0,-1.0,0.0,0.0,99.0,478.0
160971.0,0.0,-3.1201,0.001,-0.08901,0.0,0.0,-1.0,0.0,0.0,99.0,478.0
160981.0,0.0,-3.1201,0.002,-0.08901,0.0,0.0,-1.0,0.0,0.0,99.0,492.0
160991.0,0.0,-3.1201,0.005,-0.08901,0.0,0.0,-1.0,0.0,0.0,99.0,478.0
161001.0,0.0,-3.1201,-0.005,-0.08901,0.0,0.0,-1.0,0.0,0.0,99.0,483.0
161011.0,0.0,-3.1201,0.002,-0.08901,0.0,0.0,-1.0,0.0,0.0,99.0,478.0
161022.0,0.0,-3.1201,-0.006,-0.08901,0.0,0.0,-1.0,0.0,0.0,99.0,477.0
161032.0,0.0,-3.1201,0.003,-0.08901,0.0,0.0,-1.0,0.0,0.0,99.0,491.0
161042.0,0.0,-3.1201,-0.001,-0.08901,0.0,0.0,-1.0,0.0,0.0,99.0,485.0
161052.0,0.0,-3.1186,0.002,-0.08901,0.0,0.0,-1.0,0.0,0.0,99.0,491.0
161062.0,0.0,-3.1186,0.01,-0.08901,0.0,0.0,-1.0,0.0,0.0,99.0,484.0
161072.0,0.0,-3.1201,0.001,-0.08901,0.0,0.0,-1.0,0.0,0.0,99.0,485.0
161083.0,0.0,-3.1201,0.003,-0.08901,0.0,0.0,-1.0,0.0,0.0,99.0,477.0
161093.0,0.0,-3.1201,-0.002,-0.08901,0.0,0.0,-1.0,0.0,0.0,99.0,485.0
161103.0,0.0,-3.1201,-0.004,-0.08901,0.0,0.0,-1.0,0.0,0.0,99.0,484.0
161113.0,0.0,-3.1186,-0.001,-0.08901,0.0,0.0,-1.0,0.0,0.0,99.0,485.0
161123.0,0.0,-3.1201,-0.003,-0.08901,0.0,0.0,-1.0,0.0,0.0,99.0,485.0
161133.0,0.0,-3.1201,-0.003,-0.08901,0.0,0.0,-1.0,0.0,0.0,99.0,483.0
161143.0,0.0,-3.1186,0.001,-0.08901,0.0,0.0,-1.0,0.0,0.0,99.0,484.0
161153.0,0.0,-3.1201,-0.0,-0.08901,0.0,0.0,-1.0,0.0,0.0,99.0,491.0
161164.0,0.0,-3.1201,0.001,-0.08901,0.0,0.0,-1.0,0.0,0.0,99.0,477.0
161174.0,0.0,-3.1201,0.0,-0.08901,0.0,0.0,-1.0,0.0,0.0,99.0,485.0
161184.0,0.0,-3.1201,0.003,-0.08901,0.0,0.0,-1.0,0.0,0.0,99.0,478.0
161194.0,0.0,-3.1201,0.004,-0.08901,0.0,0.0,-1.0,0.0,0.0,99.0,491.0
161204.0,0.0,-3.1201,-0.0,-0.08901,0.0,0.0,-1.0,0.0,0.0,99.0,477.0
161214.0,0.0,-3.1201,-0.005,-0.08901,0.0,0.0,-1.0,0.0,0.0,99.0,478.0
161225.0,0.0,-3.1186,0.0,-0.08901,0.0,0.0,-1.0,0.0,0.0,99.0,478.0
161235.0,0.0,-3.1201,-0.0,-0.08901,0.0,0.0,-1.0,0.0,0.0,99.0,485.0
161245.0,0.0,-3.1186,0.007,-0.08901,0.0,0.0,-1.0,0.0,0.0,99.0,477.0
161255.0,0.0,-3.1201,-0.003,-0.08901,0.0,0.0,-1.0,0.0,0.0,99.0,485.0
161265.0,0.0,-3.1201,-0.005,-0.08901,0.0,0.0,-1.0,0.0,0.0,99.0,492.0
161275.0,0.0,-3.1201,-0.004,-0.08901,0.0,0.0,-1.0,0.0,0.0,99.0,491.0
161285.0,0.0,-3.1201,-0.003,-0.08901,0.0,0.0,-1.0,0.0,0.0,99.0,478.0
161295.0,0.0,-3.1186,0.012,-0.08901,0.0,0.0,-1.0,0.0,0.0,99.0,485.0
161306.0,0.0,-3.1201,0.002,-0.08901,0.0,0.0,-1.0,0.0,0.0,99.0,477.0
161316.0,0.0,-3.1201,-0.004,-0.08901,0.0,0.0,-1.0,0.0,0.0,99.0,485.0
161326.0,0.0,-3.1201,0.0,-0.08901,0.0,0.0,-1.0,0.0,0.0,99.0,484.0
161336.0,0.0,-3.1201,0.002,-0.08901,0.0,0.0,-1.0,0.0,0.0,99.0,477.0
161346.0,0.0,-3.1201,0.003,-0.08901,0.0,0.0,-1.0,0.0,0.0,99.0,484.0
161356.0,0.0,-3.1201,0.004,-0.08901,0.0,0.0,-1.0,0.0,0.0,99.0,485.0
161367.0,0.0,-3.1201,0.016,-0.08901,0.0,0.0,-1.0,0.0,0.0,99.0,485.0
161377.0,0.0,-3.1201,0.002,-0.08901,0.0,0.0,-1.0,0.0,0.0,99.0,485.0
161387.0,0.0,-3.1201,0.003,-0.08901,0.0,0.0,-1.0,0.0,0.0,99.0,477.0
161397.0,0.0,-3.1186,0.002,-0.08901,0.0,0.0,-1.0,0.0,0.0,99.0,477.0
161407.0,0.0,-3.1201,-0.008,-0.08901,0.0,0.0,-1.0,0.0,0.0,99.0,478.0
161417.0,0.0,-3.1201,-0.009,-0.08901,0.0,0.0,-1.0,0.0,0.0,99.0,485.0
161428.0,0.0,-3.1201,0.008,-0.08901,0.0,0.0,-1.0,0.0,0.0,99.0,485.0
161438.0,0.0,-3.1201,0.006,-0.08901,0.0,0.0,-1.0,0.0,0.0,99.0,491.0
161448.0,0.0,-3.1201,-0.002,-0.08901,0.0,0.0,-1.0,0.0,0.0,99.0,478.0
161458.0,0.0,-3.1186,0.004,-0.08901,0.0,0.0,-1.0,0.0,0.0,99.0,485.0
161468.0,0.0,-3.1201,0.002,-0.08901,0.0,0.0,-1.0,0.0,0.0,99.0,485.0
161479.0,0.0,-3.1186,0.005,-0.08901,0.0,0.0,-1.0,0.0,0.0,99.0,478.0
161489.0,0.0,-3.1186,0.019,-0.08901,0.0,0.0,-1.0,0.0,0.0,99.0,485.0
161499.0,0.0,-3.1201,0.012,-0.08901,0.0,0.0,-1.0,0.0,0.0,99.0,485.0
161509.0,0.0,-3.1201,-0.008,-0.08901,0.0,0.0,-1.0,0.0,0.0,99.0,484.0
161520.0,0.0,-3.1201,-0.004,-0.08901,0.0,0.0,-1.0,0.0,0.0,99.0,477.0
161530.0,0.0,-3.1201,0.001,-0.08901,0.0,0.0,-1.0,0.0,0.0,99.0,492.0
161540.0,0.0,-3.1201,-0.01,-0.08901,0.0,0.0,-1.0,0.0,0.0,99.0,485.0
161550.0,0.0,-3.1201,-0.006,-0.08901,0.0,0.0,-1.0,0.0,0.0,99.0,477.0
161560.0,0.0,-3.1201,-0.008,-0.08901,0.0,0.0,-1.0,0.0,0.0,99.0,478.0
161570.0,0.0,-3.1201,-0.011,-0.08901,0.0,0.0,-1.0,0.0,0.0,99.0,492.0
161581.0,0.0,-3.1201,-0.0,-0.08901,0.0,0.0,-1.0,0.0,0.0,99.0,477.0
161591.0,0.0,-3.1201,-0.008,-0.08901,0.0,0.0,-1.0,0.0,0.0,99.0,492.0
161601.0,0.0,-3.1201,0.001,-0.08901,0.0,0.0,-1.0,0.0,0.0,99.0,492.0
161611.0,0.0,-3.1201,-0.007,-0.08901,0.0,0.0,-1.0,0.0,0.0,99.0,485.0
161621.0,0.0,-3.1201,0.003,-0.08901,0.0,0.0,-1.0,0.0,0.0,99.0,485.0
161631.0,0.0,-3.1201,0.001,-0.08901,0.0,0.0,-1.0,0.0,0.0,99.0,491.0
161641.0,0.0,-3.1201,0.002,-0.08901,0.0,0.0,-1.0,0.0,0.0,99.0,492.0
161652.0,0.0,-3.1186,0.0,-0.08901,0.0,0.0,-1.0,0.0,0.0,99.0,485.0
161662.0,0.0,-3.1201,0.001,-0.08901,0.0,0.0,-1.0,0.0,0.0,99.0,477.0
161672.0,0.0,-3.1201,-0.008,-0.08901,0.0,0.0,-1.0,0.0,0.0,99.0,477.0
161682.0,0.0,-3.1201,0.006,-0.08901,0.0,0.0,-1.0,0.0,0.0,99.0,485.0
161692.0,0.0,-3.1201,-0.006,-0.08901,0.0,0.0,-1.0,0.0,0.0,99.0,485.0
161703.0,0.0,-3.1201,-0.008,-0.08901,0.0,0.0,-1.0,0.0,0.0,99.0,485.0
161713.0,0.0,-3.1201,-0.002,-0.08901,0.0,0.0,-1.0,0.0,0.0,99.0,477.0
161723.0,0.0,-3.1201,-0.004,-0.08901,0.0,0.0,-1.0,0.0,0.0,99.0,491.0
161733.0,0.0,-3.1201,-0.004,-0.08901,0.0,0.0,-1.0,0.0,0.0,99.0,485.0
161743.0,0.0,-3.1201,-0.0,-0.08901,0.0,0.0,-1.0,0.0,0.0,99.0,485.0
161754.0,0.0,-3.1201,-0.002,-0.08901,0.0,0.0,-1.0,0.0,0.0,99.0,485.0
161764.0,0.0,-3.1201,-0.002,-0.08901,0.0,0.0,-1.0,0.0,0.0,99.0,492.0
161774.0,0.0,-3.1201,0.002,-0.08901,0.0,0.0,-1.0,0.0,0.0,99.0,485.0
161784.0,0.0,-3.1201,-0.001,-0.08901,0.0,0.0,-1.0,0.0,0.0,99.0,484.0
161795.0,0.0,-3.1201,-0.001,-0.08901,0.0,0.0,-1.0,0.0,0.0,99.0,477.0
161805.0,0.0,-3.1201,-0.001,-0.08901,0.0,0.0,-1.0,0.0,0.0,99.0,485.0
161815.0,0.0,-3.1201,-0.001,-0.08901,0.0,0.0,-1.0,0.0,0.0,99.0,484.0
161825.0,0.0,-3.1201,-0.001,-0.08901,0.0,0.0,-1.0,0.0,0.0,99.0,484.0
161835.0,0.0,-3.1201,0.003,-0.08901,0.0,0.0,-1.0,0.0,0.0,99.0,485.0
161846.0,0.0,-3.1201,0.004,-0.08901,0.0,0.0,-1.0,0.0,0.0,99.0,485.0
161856.0,0.0,-3.1201,-0.001,-0.08901,0.0,0.0,-1.0,0.0,0.0,99.0,484.0
161866.0,0.0,-3.1201,0.003,-0.08901,0.0,0.0,-1.0,0.0,0.0,99.0,485.0
161876.0,0.0,-3.1201,0.003,-0.08901,0.0,0.0,-1.0,0.0,0.0,99.0,477.0
161886.0,0.0,-3.1201,0.001,-0.08901,0.0,0.0,-1.0,0.0,0.0,99.0,491.0
161896.0,0.0,-3.1201,-0.001,-0.08901,0.0,0.0,-1.0,0.0,0.0,99.0,478.0
161907.0,0.0,-3.1201,-0.001,-0.08901,0.0,0.0,-1.0,0.0,0.0,99.0,477.0
161917.0,0.0,-3.1201,-0.004,-0.08901,0.0,0.0,-1.0,0.0,0.0,99.0,485.0
161927.0,0.0,-3.1186,0.002,-0.08901,0.0,0.0,-1.0,0.0,0.0,99.0,485.0
161937.0,0.0,-3.1201,-0.002,-0.08901,0.0,0.0,-1.0,0.0,0.0,99.0,483.0
161947.0,0.0,-3.1201,0.006,-0.08901,0.0,0.0,-1.0,0.0,0.0,99.0,485.0
161957.0,0.0,-3.1201,0.003,-0.08901,0.0,0.0,-1.0,0.0,0.0,99.0,484.0
161968.0,0.0,-3.1201,-0.003,-0.08901,0.0,0.0,-1.0,0.0,0.0,99.0,485.0
161978.0,0.0,-3.1186,0.002,-0.08901,0.0,0.0,-1.0,0.0,0.0,99.0,491.0
161988.0,0.0,-3.1186,0.001,-0.08901,0.0,0.0,-1.0,0.0,0.0,99.0,485.0
161998.0,0.0,-3.1201,-0.002,-0.08901,0.0,0.0,-1.0,0.0,0.0,99.0,484.0
162008.0,0.0,-3.1201,-0.001,-0.08901,0.0,0.0,-1.0,0.0,0.0,99.0,485.0
162019.0,0.0,-3.1201,0.002,-0.08901,0.0,0.0,-1.0,0.0,0.0,99.0,485.0
162029.0,0.0,-3.1201,-0.004,-0.08901,0.0,0.0,-1.0,0.0,0.0,99.0,485.0
162039.0,0.0,-3.1201,-0.006,-0.08901,0.0,0.0,-1.0,0.0,0.0,99.0,492.0
162049.0,0.0,-3.1201,-0.005,-0.08901,0.0,0.0,-1.0,0.0,0.0,99.0,485.0
162060.0,0.0,-3.1201,-0.004,-0.08901,0.0,0.0,-1.0,0.0,0.0,99.0,477.0
162070.0,0.0,-3.1201,-0.003,-0.08901,0.0,0.0,-1.0,0.0,0.0,99.0,491.0
162080.0,0.0,-3.1201,-0.002,-0.08901,0.0,0.0,-1.0,0.0,0.0,99.0,485.0
162090.0,0.0,-3.1201,0.001,-0.08901,0.0,0.0,-1.0,0.0,0.0,99.0,485.0
162100.0,0.0,-3.1201,-0.001,-0.08901,0.0,0.0,-1.0,0.0,0.0,99.0,492.0
162110.0,0.0,-3.1201,-0.001,-0.08901,0.0,0.0,-1.0,0.0,0.0,99.0,478.0
162120.0,0.0,-3.1201,-0.001,-0.08901,0.0,0.0,-1.0,0.0,0.0,99.0,485.0
162131.0,0.0,-3.1201,-0.001,-0.08901,0.0,0.0,-1.0,0.0,0.0,99.0,485.0
162141.0,0.0,-3.1201,-0.0,-0.08901,0.0,0.0,-1.0,0.0,0.0,99.0,485.0
162151.0,0.0,-3.1201,-0.0,-0.08901,0.0,0.0,-1.0,0.0,0.0,99.0,492.0
162161.0,0.0,-3.1201,-0.0,-0.08901,0.0,0.0,-1.0,0.0,0.0,99.0,484.0
162171.0,0.0,-3.1201,-0.0,-0.08901,0.0,0.0,-1.0,0.0,0.0,99.0,492.0
162181.0,0.0,-3.1201,-0.0,-0.08901,0.0,0.0,-1.0,0.0,0.0,99.0,485.0
162191.0,0.0,-3.1201,-0.0,-0.08901,0.0,0.0,-1.0,0.0,0.0,99.0,478.0
162202.0,0.0,-3.1201,0.002,-0.08901,0.0,0.0,-1.0,0.0,0.0,99.0,478.0
162212.0,0.0,-3.1201,-0.0,-0.08901,0.0,0.0,-1.0,0.0,0.0,99.0,478.0
162222.0,0.0,-3.1201,-0.001,-0.08901,0.0,0.0,-1.0,0.0,0.0,99.0,477.0
162232.0,0.0,-3.1201,0.004,-0.08901,0.0,0.0,-1.0,0.0,0.0,99.0,492.0
162243.0,0.0,-3.1201,0.003,-0.08901,0.0,0.0,-1.0,0.0,0.0,99.0,485.0
162253.0,0.0,-3.1201,-0.001,-0.08901,0.0,0.0,-1.0,0.0,0.0,99.0,485.0
162263.0,0.0,-3.1201,-0.002,-0.08901,0.0,0.0,-1.0,0.0,0.0,99.0,485.0
162273.0,0.0,-3.1201,-0.002,-0.08901,0.0,0.0,-1.0,0.0,0.0,99.0,485.0
162284.0,0.0,-3.1201,-0.001,-0.08901,0.0,0.0,-1.0,0.0,0.0,99.0,478.0
162294.0,0.0,-3.1201,-0.001,-0.08901,0.0,0.0,-1.0,0.0,0.0,99.0,492.0
162304.0,0.0,-3.1201,-0.001,-0.08901,0.0,0.0,-1.0,0.0,0.0,99.0,485.0
162314.0,0.0,-3.1201,-0.0,-0.08901,0.0,0.0,-1.0,0.0,0.0,99.0,484.0
162324.0,0.0,-3.1201,-0.0,-0.08901,0.0,0.0,-1.0,0.0,0.0,99.0,485.0
162334.0,0.0,-3.1201,-0.0,-0.08901,0.0,0.0,-1.0,0.0,0.0,99.0,485.0
162345.0,0.0,-3.1186,0.006,-0.08901,0.0,0.0,-1.0,0.0,0.0,99.0,478.0
162355.0,0.0,-3.1201,0.001,-0.08901,0.0,0.0,-1.0,0.0,0.0,99.0,477.0
162365.0,0.0,-3.1201,0.005,-0.08901,0.0,0.0,-1.0,0.0,0.0,99.0,484.0
162375.0,0.0,-3.1201,-0.0,-0.08901,0.0,0.0,-1.0,0.0,0.0,99.0,485.0
162385.0,0.0,-3.1201,0.001,-0.08901,0.0,0.0,-1.0,0.0,0.0,99.0,491.0
162396.0,0.0,-3.1201,-0.002,-0.08901,0.0,0.0,-1.0,0.0,0.0,99.0,484.0
162406.0,0.0,-3.1201,-0.002,-0.08901,0.0,0.0,-1.0,0.0,0.0,99.0,485.0
162416.0,0.0,-3.1201,-0.002,-0.08901,0.0,0.0,-1.0,0.0,0.0,99.0,485.0
162426.0,0.0,-3.1201,0.001,-0.08901,0.0,0.0,-1.0,0.0,0.0,99.0,478.0
162436.0,0.0,-3.1201,-0.001,-0.08901,0.0,0.0,-1.0,0.0,0.0,99.0,485.0
162447.0,0.0,-3.1201,-0.001,-0.08901,0.0,0.0,-1.0,0.0,0.0,99.0,491.0
162457.0,0.0,-3.1201,0.002,-0.08901,0.0,0.0,-1.0,0.0,0.0,99.0,484.0
162467.0,0.0,-3.1201,-0.001,-0.08901,0.0,0.0,-1.0,0.0,0.0,99.0,485.0
162477.0,0.0,-3.1201,-0.001,-0.08901,0.0,0.0,-1.0,0.0,0.0,99.0,485.0
162487.0,0.0,-3.1201,-0.001,-0.08901,0.0,0.0,-1.0,0.0,0.0,99.0,484.0
162498.0,0.0,-3.1201,-0.001,-0.08901,0.0,0.0,-1.0,0.0,0.0,99.0,478.0
162508.0,0.0,-3.1201,-0.001,-0.08901,0.0,0.0,-1.0,0.0,0.0,99.0,485.0
162518.0,0.0,-3.1201,-0.0,-0.08901,0.0,0.0,-1.0,0.0,0.0,99.0,478.0
162528.0,0.0,-3.1201,-0.0,-0.08901,0.0,0.0,-1.0,0.0,0.0,99.0,477.0
162538.0,0.0,-3.1201,-0.0,-0.08901,0.0,0.0,-1.0,0.0,0.0,99.0,477.0
162549.0,0.0,-3.1201,-0.0,-0.08901,0.0,0.0,-1.0,0.0,0.0,99.0,485.0
162559.0,0.0,-3.1201,-0.0,-0.08901,0.0,0.0,-1.0,0.0,0.0,99.0,484.0
162569.0,0.0,-3.1201,0.0,-0.08901,0.0,0.0,-1.0,0.0,0.0,99.0,478.0
162579.0,0.0,-3.1201,0.0,-0.08901,0.0,0.0,-1.0,0.0,0.0,99.0,484.0
162589.0,0.0,-3.1201,0.0,-0.08901,0.0,0.0,-1.0,0.0,0.0,99.0,485.0
162599.0,0.0,-3.1201,0.0,-0.08901,0.0,0.0,-1.0,0.0,0.0,99.0,485.0
162609.0,0.0,-3.1201,0.0,-0.08901,0.0,0.0,-1.0,0.0,0.0,99.0,491.0
162620.0,0.0,-3.1201,0.0,-0.08901,0.0,0.0,-1.0,0.0,0.0,99.0,477.0
162630.0,0.0,-3.1201,0.0,-0.08901,0.0,0.0,-1.0,0.0,0.0,99.0,476.0
162640.0,0.0,-3.1201,0.0,-0.08901,0.0,0.0,-1.0,0.0,0.0,99.0,484.0
162650.0,0.0,-3.1201,0.0,-0.08901,0.0,0.0,-1.0,0.0,0.0,99.0,483.0
162661.0,0.0,-3.1201,0.0,-0.08901,0.0,0.0,-1.0,0.0,0.0,99.0,477.0
162671.0,0.0,-3.1201,0.0,-0.08901,0.0,0.0,-1.0,0.0,0.0,99.0,477.0
162681.0,0.0,-3.1201,0.0,-0.08901,0.0,0.0,-1.0,0.0,0.0,99.0,477.0
162691.0,0.0,-3.1201,0.0,-0.08901,0.0,0.0,-1.0,0.0,0.0,99.0,484.0
162701.0,0.0,-3.1201,0.0,-0.08901,0.0,0.0,-1.0,0.0,0.0,99.0,485.0
162711.0,0.0,-3.1201,0.0,-0.08901,0.0,0.0,-1.0,0.0,0.0,99.0,477.0
162721.0,0.0,-3.1201,0.0,-0.08901,0.0,0.0,-1.0,0.0,0.0,99.0,484.0
162731.0,0.0,-3.1201,0.0,-0.08901,0.0,0.0,-1.0,0.0,0.0,99.0,484.0
162742.0,0.0,-3.1201,0.0,-0.08901,0.0,0.0,-1.0,0.0,0.0,99.0,478.0
162752.0,0.0,-3.1201,0.0,-0.08901,0.0,0.0,-1.0,0.0,0.0,99.0,470.0
162762.0,0.0,-3.1201,0.0,-0.08901,0.0,0.0,-1.0,0.0,0.0,99.0,470.0
162772.0,0.0,-3.1201,0.0,-0.08901,0.0,0.0,-1.0,0.0,0.0,99.0,484.0
162782.0,0.0,-3.1201,0.0,-0.08901,0.0,0.0,-1.0,0.0,0.0,99.0,478.0
162793.0,0.0,-3.1201,0.0,-0.08901,0.0,0.0,-1.0,0.0,0.0,99.0,478.0
162803.0,0.0,-3.1201,0.0,-0.08901,0.0,0.0,-1.0,0.0,0.0,99.0,485.0
162813.0,0.0,-3.1201,0.003,-0.08901,0.0,0.0,-1.0,0.0,0.0,99.0,492.0
162823.0,0.0,-3.1201,-0.0,-0.08901,0.0,0.0,-1.0,0.0,0.0,99.0,491.0
162833.0,0.0,-3.1201,-0.001,-0.08901,0.0,0.0,-1.0,0.0,0.0,99.0,484.0
162844.0,0.0,-3.1201,-0.001,-0.08901,0.0,0.0,-1.0,0.0,0.0,99.0,485.0
162854.0,0.0,-3.1201,-0.001,-0.08901,0.0,0.0,-1.0,0.0,0.0,99.0,485.0
162864.0,0.0,-3.1201,-0.0,-0.08901,0.0,0.0,-1.0,0.0,0.0,99.0,485.0
162874.0,0.0,-3.1201,-0.0,-0.08901,0.0,0.0,-1.0,0.0,0.0,99.0,478.0
162885.0,0.0,-3.1201,-0.0,-0.08901,0.0,0.0,-1.0,0.0,0.0,99.0,478.0
162895.0,0.0,-3.1201,-0.0,-0.08901,0.0,0.0,-1.0,0.0,0.0,99.0,485.0
162905.0,0.0,-3.1201,-0.0,-0.08901,0.0,0.0,-1.0,0.0,0.0,99.0,485.0
162915.0,0.0,-3.1201,0.0,-0.08901,0.0,0.0,-1.0,0.0,0.0,99.0,485.0
162925.0,0.0,-3.1201,0.0,-0.08901,0.0,0.0,-1.0,0.0,0.0,99.0,484.0
162936.0,0.0,-3.1201,0.0,-0.08901,0.0,0.0,-1.0,0.0,0.0,99.0,478.0
162946.0,0.0,-3.1201,0.0,-0.08901,0.0,0.0,-1.0,0.0,0.0,99.0,492.0
162956.0,0.0,-3.1201,0.0,-0.08901,0.0,0.0,-1.0,0.0,0.0,99.0,484.0
162966.0,0.0,-3.1201,0.0,-0.08901,0.0,0.0,-1.0,0.0,0.0,99.0,492.0
162976.0,0.0,-3.1201,0.0,-0.08901,0.0,0.0,-1.0,0.0,0.0,99.0,484.0
162987.0,0.0,-3.1201,0.0,-0.08901,0.0,0.0,-1.0,0.0,0.0,99.0,470.0
162997.0,0.0,-3.1201,0.0,-0.08901,0.0,0.0,-1.0,0.0,0.0,99.0,478.0
163007.0,0.0,-3.1201,0.0,-0.08901,0.0,0.0,-1.0,0.0,0.0,99.0,477.0
163017.0,0.0,-3.1201,0.0,-0.08901,0.0,0.0,-1.0,0.0,0.0,99.0,483.0
163027.0,0.0,-3.1201,0.0,-0.08901,0.0,0.0,-1.0,0.0,0.0,99.0,478.0
163038.0,0.0,-3.1201,0.0,-0.08901,0.0,0.0,-1.0,0.0,0.0,99.0,470.0
163048.0,0.0,-3.1201,0.0,-0.08901,0.0,0.0,-1.0,0.0,0.0,99.0,485.0
163058.0,0.0,-3.1201,0.0,-0.08901,0.0,0.0,-1.0,0.0,0.0,99.0,484.0
163068.0,0.0,-3.1201,0.0,-0.08901,0.0,0.0,-1.0,0.0,0.0,99.0,485.0
163078.0,0.0,-3.1201,0.0,-0.08901,0.0,0.0,-1.0,0.0,0.0,99.0,478.0
163089.0,0.0,-3.1201,0.0,-0.08901,0.0,0.0,-1.0,0.0,0.0,99.0,470.0
163099.0,0.0,-3.1201,0.0,-0.08901,0.0,0.0,-1.0,0.0,0.0,99.0,478.0
163109.0,0.0,-3.1201,0.0,-0.08901,0.0,0.0,-1.0,0.0,0.0,99.0,483.0
163120.0,0.0,-3.1201,0.0,-0.08901,0.0,0.0,-1.0,0.0,0.0,99.0,470.0
163130.0,0.0,-3.1201,0.0,-0.08901,0.0,0.0,-1.0,0.0,0.0,99.0,477.0
163140.0,0.0,-3.1201,0.0,-0.08901,0.0,0.0,-1.0,0.0,0.0,99.0,470.0
163150.0,0.0,-3.1201,0.003,-0.08901,0.0,0.0,-1.0,0.0,0.0,99.0,478.0
163160.0,0.0,-3.1201,0.0,-0.08901,0.0,0.0,-1.0,0.0,0.0,99.0,492.0
163170.0,0.0,-3.1201,-0.001,-0.08901,0.0,0.0,-1.0,0.0,0.0,99.0,483.0
163181.0,0.0,-3.1201,-0.001,-0.08901,0.0,0.0,-1.0,0.0,0.0,99.0,485.0
163191.0,0.0,-3.1201,-0.001,-0.08901,0.0,0.0,-1.0,0.0,0.0,99.0,485.0
163201.0,0.0,-3.1201,-0.0,-0.08901,0.0,0.0,-1.0,0.0,0.0,99.0,485.0
163211.0,0.0,-3.1201,-0.0,-0.08901,0.0,0.0,-1.0,0.0,0.0,99.0,478.0
163221.0,0.0,-3.1201,-0.0,-0.08901,0.0,0.0,-1.0,0.0,0.0,99.0,484.0
163232.0,0.0,-3.1201,-0.0,-0.08901,0.0,0.0,-1.0,0.0,0.0,99.0,477.0
163242.0,0.0,-3.1201,-0.0,-0.08901,0.0,0.0,-1.0,0.0,0.0,99.0,485.0
163252.0,0.0,-3.1186,0.006,-0.08901,0.0,0.0,-1.0,0.0,0.0,99.0,492.0
163262.0,0.0,-3.1201,0.001,-0.08901,0.0,0.0,-1.0,0.0,0.0,99.0,491.0
163272.0,0.0,-3.1201,-0.001,-0.08901,0.0,0.0,-1.0,0.0,0.0,99.0,477.0
163282.0,0.0,-3.1201,-0.001,-0.08901,0.0,0.0,-1.0,0.0,0.0,99.0,485.0
163293.0,0.0,-3.1201,-0.001,-0.08901,0.0,0.0,-1.0,0.0,0.0,99.0,485.0
163303.0,0.0,-3.1201,-0.001,-0.08901,0.0,0.0,-1.0,0.0,0.0,99.0,485.0
163313.0,0.0,-3.1201,-0.0,-0.08901,0.0,0.0,-1.0,0.0,0.0,99.0,485.0
163323.0,0.0,-3.1201,-0.0,-0.08901,0.0,0.0,-1.0,0.0,0.0,99.0,484.0
163333.0,0.0,-3.1201,-0.0,-0.08901,0.0,0.0,-1.0,0.0,0.0,99.0,492.0
163344.0,0.0,-3.1201,-0.0,-0.08901,0.0,0.0,-1.0,0.0,0.0,99.0,485.0
163354.0,0.0,-3.1201,-0.0,-0.08901,0.0,0.0,-1.0,0.0,0.0,99.0,492.0
163364.0,0.0,-3.1201,0.0,-0.08901,0.0,0.0,-1.0,0.0,0.0,99.0,485.0
163375.0,0.0,-3.1201,0.0,-0.08901,0.0,0.0,-1.0,0.0,0.0,99.0,491.0
163385.0,0.0,-3.1201,0.0,-0.08901,0.0,0.0,-1.0,0.0,0.0,99.0,477.0
163395.0,0.0,-3.1201,0.0,-0.08901,0.0,0.0,-1.0,0.0,0.0,99.0,477.0
163405.0,0.0,-3.1201,0.0,-0.08901,0.0,0.0,-1.0,0.0,0.0,99.0,484.0
163416.0,0.0,-3.1201,0.0,-0.08901,0.0,0.0,-1.0,0.0,0.0,99.0,485.0
163426.0,0.0,-3.1201,0.0,-0.08901,0.0,0.0,-1.0,0.0,0.0,99.0,485.0
163436.0,0.0,-3.1201,0.0,-0.08901,0.0,0.0,-1.0,0.0,0.0,99.0,470.0
163446.0,0.0,-3.1201,0.0,-0.08901,0.0,0.0,-1.0,0.0,0.0,99.0,470.0
163456.0,0.0,-3.1201,0.0,-0.08901,0.0,0.0,-1.0,0.0,0.0,99.0,484.0
163466.0,0.0,-3.1201,0.0,-0.08901,0.0,0.0,-1.0,0.0,0.0,99.0,478.0
163476.0,0.0,-3.1201,0.0,-0.08901,0.0,0.0,-1.0,0.0,0.0,99.0,477.0
163487.0,0.0,-3.1201,0.0,-0.08901,0.0,0.0,-1.0,0.0,0.0,99.0,478.0
163497.0,0.0,-3.1201,0.0,-0.08901,0.0,0.0,-1.0,0.0,0.0,99.0,478.0
163507.0,0.0,-3.1201,0.0,-0.08901,0.0,0.0,-1.0,0.0,0.0,99.0,485.0
163517.0,0.0,-3.1201,0.0,-0.08901,0.0,0.0,-1.0,0.0,0.0,99.0,485.0
163527.0,0.0,-3.1201,0.0,-0.08901,0.0,0.0,-1.0,0.0,0.0,99.0,478.0
163537.0,0.0,-3.1201,0.0,-0.08901,0.0,0.0,-1.0,0.0,0.0,99.0,484.0
163547.0,0.0,-3.1201,0.0,-0.08901,0.0,0.0,-1.0,0.0,0.0,99.0,485.0
163558.0,0.0,-3.1201,0.0,-0.08901,0.0,0.0,-1.0,0.0,0.0,99.0,484.0
163568.0,0.0,-3.1201,0.0,-0.08901,0.0,0.0,-1.0,0.0,0.0,99.0,483.0
163578.0,0.0,-3.1201,0.004,-0.08901,0.0,0.0,-1.0,0.0,0.0,99.0,484.0
163588.0,0.0,-3.1201,0.0,-0.08901,0.0,0.0,-1.0,0.0,0.0,99.0,484.0
163599.0,0.0,-3.1201,-0.001,-0.08901,0.0,0.0,-1.0,0.0,0.0,99.0,478.0
163609.0,0.0,-3.1201,-0.001,-0.08901,0.0,0.0,-1.0,0.0,0.0,99.0,491.0
163619.0,0.0,-3.1201,-0.001,-0.08901,0.0,0.0,-1.0,0.0,0.0,99.0,478.0
163629.0,0.0,-3.1201,-0.0,-0.08901,0.0,0.0,-1.0,0.0,0.0,99.0,485.0
163639.0,0.0,-3.1201,-0.0,-0.08901,0.0,0.0,-1.0,0.0,0.0,99.0,477.0
163649.0,0.0,-3.1201,-0.0,-0.08901,0.0,0.0,-1.0,0.0,0.0,99.0,485.0
163660.0,0.0,-3.1201,-0.0,-0.08901,0.0,0.0,-1.0,0.0,0.0,99.0,485.0
163670.0,0.0,-3.1201,-0.0,-0.08901,0.0,0.0,-1.0,0.0,0.0,99.0,492.0
163680.0,0.0,-3.1201,-0.0,-0.08901,0.0,0.0,-1.0,0.0,0.0,99.0,485.0
163690.0,0.0,-3.1201,0.0,-0.08901,0.0,0.0,-1.0,0.0,0.0,99.0,484.0
163700.0,0.0,-3.1201,0.0,-0.08901,0.0,0.0,-1.0,0.0,0.0,99.0,491.0
163710.0,0.0,-3.1201,0.005,-0.08901,0.0,0.0,-1.0,0.0,0.0,99.0,477.0
163720.0,0.0,-3.1201,0.001,-0.08901,0.0,0.0,-1.0,0.0,0.0,99.0,492.0
163731.0,0.0,-3.1201,-0.001,-0.08901,0.0,0.0,-1.0,0.0,0.0,99.0,485.0
163741.0,0.0,-3.1201,-0.001,-0.08901,0.0,0.0,-1.0,0.0,0.0,99.0,484.0
163751.0,0.0,-3.1201,-0.001,-0.08901,0.0,0.0,-1.0,0.0,0.0,99.0,478.0
163761.0,0.0,-3.1201,-0.001,-0.08901,0.0,0.0,-1.0,0.0,0.0,99.0,478.0
163772.0,0.0,-3.1201,-0.0,-0.08901,0.0,0.0,-1.0,0.0,0.0,99.0,485.0
163782.0,0.0,-3.1201,-0.0,-0.08901,0.0,0.0,-1.0,0.0,0.0,99.0,485.0
163792.0,0.0,-3.1201,-0.0,-0.08901,0.0,0.0,-1.0,0.0,0.0,99.0,484.0
163802.0,0.0,-3.1201,-0.0,-0.08901,0.0,0.0,-1.0,0.0,0.0,99.0,485.0
163812.0,0.0,-3.1201,-0.0,-0.08901,0.0,0.0,-1.0,0.0,0.0,99.0,478.0
163822.0,0.0,-3.1201,0.0,-0.08901,0.0,0.0,-1.0,0.0,0.0,99.0,483.0
163832.0,0.0,-3.1201,0.0,-0.08901,0.0,0.0,-1.0,0.0,0.0,99.0,484.0
163843.0,0.0,-3.1201,0.0,-0.08901,0.0,0.0,-1.0,0.0,0.0,99.0,483.0
163853.0,0.0,-3.1201,0.0,-0.08901,0.0,0.0,-1.0,0.0,0.0,99.0,485.0
163863.0,0.0,-3.1201,0.0,-0.08901,0.0,0.0,-1.0,0.0,0.0,99.0,492.0
163873.0,0.0,-3.1201,0.0,-0.08901,0.0,0.0,-1.0,0.0,0.0,99.0,478.0
163884.0,0.0,-3.1201,0.0,-0.08901,0.0,0.0,-1.0,0.0,0.0,99.0,470.0
163894.0,0.0,-3.1201,0.0,-0.08901,0.0,0.0,-1.0,0.0,0.0,99.0,470.0
163904.0,0.0,-3.1201,0.0,-0.08901,0.0,0.0,-1.0,0.0,0.0,99.0,477.0
163914.0,0.0,-3.1201,0.0,-0.08901,0.0,0.0,-1.0,0.0,0.0,99.0,470.0
163924.0,0.0,-3.1201,0.0,-0.08901,0.0,0.0,-1.0,0.0,0.0,99.0,485.0
163934.0,0.0,-3.1201,0.0,-0.08901,0.0,0.0,-1.0,0.0,0.0,99.0,477.0
163945.0,0.0,-3.1201,0.0,-0.08901,0.0,0.0,-1.0,0.0,0.0,99.0,478.0
163955.0,0.0,-3.1201,0.0,-0.08901,0.0,0.0,-1.0,0.0,0.0,99.0,485.0
163965.0,0.0,-3.1201,0.0,-0.08901,0.0,0.0,-1.0,0.0,0.0,99.0,478.0
163975.0,0.0,-3.1201,0.0,-0.08901,0.0,0.0,-1.0,0.0,0.0,99.0,485.0
163985.0,0.0,-3.1201,0.0,-0.08901,0.0,0.0,-1.0,0.0,0.0,99.0,485.0
163996.0,0.0,-3.1201,0.0,-0.08901,0.0,0.0,-1.0,0.0,0.0,99.0,478.0
164006.0,0.0,-3.1201,0.0,-0.08901,0.0,0.0,-1.0,0.0,0.0,99.0,478.0
164016.0,0.0,-3.1201,0.0,-0.08901,0.0,0.0,-1.0,0.0,0.0,99.0,483.0
164026.0,0.0,-3.1201,0.0,-0.08901,0.0,0.0,-1.0,0.0,0.0,99.0,477.0
164037.0,0.0,-3.1201,0.0,-0.08901,0.0,0.0,-1.0,0.0,0.0,99.0,484.0
164047.0,0.0,-3.1201,0.0,-0.08901,0.0,0.0,-1.0,0.0,0.0,99.0,470.0
164057.0,0.0,-3.1201,0.0,-0.08901,0.0,0.0,-1.0,0.0,0.0,99.0,484.0
164067.0,0.0,-3.1201,0.0,-0.08901,0.0,0.0,-1.0,0.0,0.0,99.0,478.0
164077.0,0.0,-3.1201,0.0,-0.08901,0.0,0.0,-1.0,0.0,0.0,99.0,485.0
164088.0,0.0,-3.1201,0.0,-0.08901,0.0,0.0,-1.0,0.0,0.0,99.0,484.0
164098.0,0.0,-3.1201,0.0,-0.08901,0.0,0.0,-1.0,0.0,0.0,99.0,478.0
164108.0,0.0,-3.1201,0.0,-0.08901,0.0,0.0,-1.0,0.0,0.0,99.0,477.0
164118.0,0.0,-3.1201,0.0,-0.08901,0.0,0.0,-1.0,0.0,0.0,99.0,484.0
164128.0,0.0,-3.1201,0.0,-0.08901,0.0,0.0,-1.0,0.0,0.0,99.0,485.0
164138.0,0.0,-3.1201,0.002,-0.08901,0.0,0.0,-1.0,0.0,0.0,99.0,485.0
164149.0,0.0,-3.1201,-0.0,-0.08901,0.0,0.0,-1.0,0.0,0.0,99.0,478.0
164159.0,0.0,-3.1201,-0.001,-0.08901,0.0,0.0,-1.0,0.0,0.0,99.0,485.0
164169.0,0.0,-3.1201,0.005,-0.08901,0.0,0.0,-1.0,0.0,0.0,99.0,485.0
164179.0,0.0,-3.1186,0.006,-0.08901,0.0,0.0,-1.0,0.0,0.0,99.0,492.0
164189.0,0.0,-3.1201,0.0,-0.08901,0.0,0.0,-1.0,0.0,0.0,99.0,485.0
164199.0,0.0,-3.1186,0.003,-0.08901,0.0,0.0,-1.0,0.0,0.0,99.0,484.0
164209.0,0.0,-3.1186,0.004,-0.08901,0.0,0.0,-1.0,0.0,0.0,99.0,484.0
164220.0,0.0,-3.1201,0.007,-0.08901,0.0,0.0,-1.0,0.0,0.0,99.0,485.0
164230.0,0.0,-3.1201,0.004,-0.08901,0.0,0.0,-1.0,0.0,0.0,99.0,485.0
164240.0,0.0,-3.1201,0.003,-0.08901,0.0,0.0,-1.0,0.0,0.0,99.0,491.0
164250.0,0.0,-3.1201,-0.005,-0.08901,0.0,0.0,-1.0,0.0,0.0,99.0,485.0
164260.0,0.0,-3.1201,-0.001,-0.08901,0.0,0.0,-1.0,0.0,0.0,99.0,478.0
164271.0,0.0,-3.1186,0.005,-0.08901,0.0,0.0,-1.0,0.0,0.0,99.0,485.0
164281.0,0.0,-3.1201,0.003,-0.08901,0.0,0.0,-1.0,0.0,0.0,99.0,484.0
164291.0,0.0,-3.1201,-0.005,-0.08901,0.0,0.0,-1.0,0.0,0.0,99.0,477.0
164301.0,0.0,-3.1201,-0.001,-0.08901,0.0,0.0,-1.0,0.0,0.0,99.0,485.0
164311.0,0.0,-3.1201,-0.007,-0.08901,0.0,0.0,-1.0,0.0,0.0,99.0,491.0
164321.0,0.0,-3.1186,-0.001,-0.08901,0.0,0.0,-1.0,0.0,0.0,99.0,484.0
164331.0,0.0,-3.1201,-0.0,-0.08901,0.0,0.0,-1.0,0.0,0.0,99.0,484.0
164341.0,0.0,-3.1201,-0.003,-0.08901,0.0,0.0,-1.0,0.0,0.0,99.0,485.0
164351.0,0.0,-3.1201,0.002,-0.08901,0.0,0.0,-1.0,0.0,0.0,99.0,478.0
164361.0,0.0,-3.1201,0.001,-0.08901,0.0,0.0,-1.0,0.0,0.0,99.0,485.0
164372.0,0.0,-3.1201,-0.005,-0.08901,0.0,0.0,-1.0,0.0,0.0,99.0,485.0
164382.0,0.0,-3.1201,0.002,-0.08901,0.0,0.0,-1.0,0.0,0.0,99.0,485.0
164392.0,0.0,-3.1201,-0.004,-0.08901,0.0,0.0,-1.0,0.0,0.0,99.0,492.0
164402.0,0.0,-3.1201,-0.005,-0.08901,0.0,0.0,-1.0,0.0,0.0,99.0,478.0
164412.0,0.0,-3.1201,-0.004,-0.08901,0.0,0.0,-1.0,0.0,0.0,99.0,483.0
164422.0,0.0,-3.1201,-0.003,-0.08901,0.0,0.0,-1.0,0.0,0.0,99.0,491.0
164432.0,0.0,-3.1201,-0.002,-0.08901,0.0,0.0,-1.0,0.0,0.0,99.0,484.0
164442.0,0.0,-3.1201,-0.001,-0.08901,0.0,0.0,-1.0,0.0,0.0,99.0,491.0
164453.0,0.0,-3.1201,-0.001,-0.08901,0.0,0.0,-1.0,0.0,0.0,99.0,485.0
164463.0,0.0,-3.1201,-0.0,-0.08901,0.0,0.0,-1.0,0.0,0.0,99.0,491.0
164473.0,0.0,-3.1201,0.003,-0.08901,0.0,0.0,-1.0,0.0,0.0,99.0,478.0
164483.0,0.0,-3.1201,0.0,-0.08901,0.0,0.0,-1.0,0.0,0.0,99.0,485.0
164493.0,0.0,-3.1201,0.003,-0.08901,0.0,0.0,-1.0,0.0,0.0,99.0,492.0
164503.0,0.0,-3.1201,-0.001,-0.08901,0.0,0.0,-1.0,0.0,0.0,99.0,483.0
164513.0,0.0,-3.1201,-0.001,-0.08901,0.0,0.0,-1.0,0.0,0.0,99.0,484.0
164524.0,0.0,-3.1201,0.003,-0.08901,0.0,0.0,-1.0,0.0,0.0,99.0,485.0
164534.0,0.0,-3.1201,-0.001,-0.08901,0.0,0.0,-1.0,0.0,0.0,99.0,485.0
164544.0,0.0,-3.1201,0.002,-0.08901,0.0,0.0,-1.0,0.0,0.0,99.0,484.0
164554.0,0.0,-3.1201,-0.001,-0.08901,0.0,0.0,-1.0,0.0,0.0,99.0,492.0
164564.0,0.0,-3.1201,-0.002,-0.08901,0.0,0.0,-1.0,0.0,0.0,99.0,483.0
164575.0,0.0,-3.1201,-0.001,-0.08901,0.0,0.0,-1.0,0.0,0.0,99.0,478.0
164585.0,0.0,-3.1186,0.012,-0.08901,0.0,0.0,-1.0,0.0,0.0,99.0,485.0
164595.0,0.0,-3.1201,0.001,-0.08901,0.0,0.0,-1.0,0.0,0.0,99.0,485.0
164605.0,0.0,-3.1186,0.015,-0.08901,0.0,0.0,-1.0,0.0,0.0,99.0,477.0
164615.0,0.0,-3.1201,0.006,-0.08901,0.0,0.0,-1.0,0.0,0.0,99.0,484.0
164625.0,0.0,-3.1201,0.007,-0.08901,0.0,0.0,-1.0,0.0,0.0,99.0,491.0
164635.0,0.0,-3.1201,-0.001,-0.08901,0.0,0.0,-1.0,0.0,0.0,99.0,478.0
164646.0,0.0,-3.1201,0.001,-0.08901,0.0,0.0,-1.0,0.0,0.0,99.0,485.0
164656.0,0.0,-3.1201,0.007,-0.08901,0.0,0.0,-1.0,0.0,0.0,99.0,477.0
164666.0,0.0,-3.1186,0.004,-0.08901,0.0,0.0,-1.0,0.0,0.0,99.0,485.0
164676.0,0.0,-3.1201,0.003,-0.08901,0.0,0.0,-1.0,0.0,0.0,99.0,483.0
164686.0,0.0,-3.1186,0.001,-0.08901,0.0,0.0,-1.0,0.0,0.0,99.0,478.0
164696.0,0.0,-3.1186,0.01,-0.08901,0.0,0.0,-1.0,0.0,0.0,99.0,482.0
164706.0,0.0,-3.1201,0.003,-0.08901,0.0,0.0,-1.0,0.0,0.0,99.0,492.0
164717.0,0.0,-3.1201,-0.006,-0.08901,0.0,0.0,-1.0,0.0,0.0,99.0,484.0
164727.0,0.0,-3.1201,0.005,-0.08901,0.0,0.0,-1.0,0.0,0.0,99.0,486.0
164737.0,0.0,-3.1201,-0.004,-0.08901,0.0,0.0,-1.0,0.0,0.0,99.0,477.0
164747.0,0.0,-3.1201,0.001,-0.08901,0.0,0.0,-1.0,0.0,0.0,99.0,485.0
164757.0,0.0,-3.1201,-0.004,-0.08901,0.0,0.0,-1.0,0.0,0.0,99.0,478.0
164767.0,0.0,-3.1201,-0.005,-0.08901,0.0,0.0,-1.0,0.0,0.0,99.0,478.0
164777.0,0.0,-3.1186,-0.002,-0.08901,0.0,0.0,-1.0,0.0,0.0,99.0,484.0
164788.0,0.0,-3.1201,-0.011,-0.08901,0.0,0.0,-1.0,0.0,0.0,99.0,477.0
164798.0,0.0,-3.1201,-0.007,-0.08901,0.0,0.0,-1.0,0.0,0.0,99.0,484.0
164808.0,0.0,-3.1201,-0.005,-0.08901,0.0,0.0,-1.0,0.0,0.0,99.0,478.0
164818.0,0.0,-3.1201,-0.004,-0.08901,0.0,0.0,-1.0,0.0,0.0,99.0,478.0
164828.0,0.0,-3.1201,-0.003,-0.08901,0.0,0.0,-1.0,0.0,0.0,99.0,477.0
164839.0,0.0,-3.1201,-0.005,-0.08901,0.0,0.0,-1.0,0.0,0.0,99.0,477.0
164849.0,0.0,-3.1201,-0.005,-0.08901,0.0,0.0,-1.0,0.0,0.0,99.0,485.0
164859.0,0.0,-3.1201,0.001,-0.08901,0.0,0.0,-1.0,0.0,0.0,99.0,485.0
164869.0,0.0,-3.1201,-0.003,-0.08901,0.0,0.0,-1.0,0.0,0.0,99.0,485.0
164879.0,0.0,-3.1201,-0.003,-0.08901,0.0,0.0,-1.0,0.0,0.0,99.0,477.0
164890.0,0.0,-3.1201,-0.002,-0.08901,0.0,0.0,-1.0,0.0,0.0,99.0,477.0
164900.0,0.0,-3.1201,-0.002,-0.08901,0.0,0.0,-1.0,0.0,0.0,99.0,485.0
164910.0,0.0,-3.1201,-0.001,-0.08901,0.0,0.0,-1.0,0.0,0.0,99.0,486.0
164920.0,0.0,-3.1201,-0.001,-0.08901,0.0,0.0,-1.0,0.0,0.0,99.0,484.0
164930.0,0.0,-3.1201,-0.0,-0.08901,0.0,0.0,-1.0,0.0,0.0,99.0,492.0
164940.0,0.0,-3.1201,-0.0,-0.08901,0.0,0.0,-1.0,0.0,0.0,99.0,492.0
164951.0,0.0,-3.1201,-0.0,-0.08901,0.0,0.0,-1.0,0.0,0.0,99.0,485.0
164961.0,0.0,-3.1201,-0.0,-0.08901,0.0,0.0,-1.0,0.0,0.0,99.0,485.0
164971.0,0.0,-3.1201,-0.0,-0.08901,0.0,0.0,-1.0,0.0,0.0,99.0,477.0
164981.0,0.0,-3.1201,0.0,-0.08901,0.0,0.0,-1.0,0.0,0.0,99.0,485.0
164991.0,0.0,-3.1201,0.0,-0.08901,0.0,0.0,-1.0,0.0,0.0,99.0,492.0
165001.0,0.0,-3.1201,0.0,-0.08901,0.0,0.0,-1.0,0.0,0.0,99.0,485.0
165011.0,0.0,-3.1201,0.0,-0.08901,0.0,0.0,-1.0,0.0,0.0,99.0,478.0
165022.0,0.0,-3.1201,0.0,-0.08901,0.0,0.0,-1.0,0.0,0.0,99.0,478.0
165032.0,0.0,-3.1201,0.0,-0.08901,0.0,0.0,-1.0,0.0,0.0,99.0,477.0
165042.0,0.0,-3.1201,0.0,-0.08901,0.0,0.0,-1.0,0.0,0.0,99.0,483.0
165052.0,0.0,-3.1201,0.0,-0.08901,0.0,0.0,-1.0,0.0,0.0,99.0,483.0
165062.0,0.0,-3.1201,0.0,-0.08901,0.0,0.0,-1.0,0.0,0.0,99.0,478.0
165073.0,0.0,-3.1201,0.0,-0.08901,0.0,0.0,-1.0,0.0,0.0,99.0,470.0
165083.0,0.0,-3.1201,0.0,-0.08901,0.0,0.0,-1.0,0.0,0.0,99.0,478.0
165093.0,0.0,-3.1201,0.0,-0.08901,0.0,0.0,-1.0,0.0,0.0,99.0,484.0
165103.0,0.0,-3.1201,0.0,-0.08901,0.0,0.0,-1.0,0.0,0.0,99.0,477.0
165114.0,0.0,-3.1201,0.0,-0.08901,0.0,0.0,-1.0,0.0,0.0,99.0,478.0
165124.0,0.0,-3.1201,0.0,-0.08901,0.0,0.0,-1.0,0.0,0.0,99.0,485.0
165134.0,0.0,-3.1201,0.0,-0.08901,0.0,0.0,-1.0,0.0,0.0,99.0,484.0
165144.0,0.0,-3.1201,0.0,-0.08901,0.0,0.0,-1.0,0.0,0.0,99.0,478.0
165155.0,0.0,-3.1201,0.0,-0.08901,0.0,0.0,-1.0,0.0,0.0,99.0,478.0
165165.0,0.0,-3.1201,0.0,-0.08901,0.0,0.0,-1.0,0.0,0.0,99.0,477.0
165175.0,0.0,-3.1201,0.002,-0.08901,0.0,0.0,-1.0,0.0,0.0,99.0,478.0
165185.0,0.0,-3.1201,-0.0,-0.08901,0.0,0.0,-1.0,0.0,0.0,99.0,485.0
165195.0,0.0,-3.1201,-0.001,-0.08901,0.0,0.0,-1.0,0.0,0.0,99.0,491.0
165205.0,0.0,-3.1201,-0.001,-0.08901,0.0,0.0,-1.0,0.0,0.0,99.0,477.0
165215.0,0.0,-3.1201,-0.001,-0.08901,0.0,0.0,-1.0,0.0,0.0,99.0,485.0
165225.0,0.0,-3.1201,-0.0,-0.08901,0.0,0.0,-1.0,0.0,0.0,99.0,491.0
165235.0,0.0,-3.1201,-0.0,-0.08901,0.0,0.0,-1.0,0.0,0.0,99.0,484.0
165246.0,0.0,-3.1201,-0.0,-0.08901,0.0,0.0,-1.0,0.0,0.0,99.0,491.0
165256.0,0.0,-3.1201,-0.0,-0.08901,0.0,0.0,-1.0,0.0,0.0,99.0,477.0
165266.0,0.0,-3.1201,-0.0,-0.08901,0.0,0.0,-1.0,0.0,0.0,99.0,484.0
165276.0,0.0,-3.1201,0.0,-0.08901,0.0,0.0,-1.0,0.0,0.0,99.0,484.0
165287.0,0.0,-3.1201,0.0,-0.08901,0.0,0.0,-1.0,0.0,0.0,99.0,478.0
165297.0,0.0,-3.1186,0.006,-0.08901,0.0,0.0,-1.0,0.0,0.0,99.0,485.0
165307.0,0.0,-3.1201,0.001,-0.08901,0.0,0.0,-1.0,0.0,0.0,99.0,478.0
165317.0,0.0,-3.1201,-0.001,-0.08901,0.0,0.0,-1.0,0.0,0.0,99.0,478.0
165327.0,0.0,-3.1201,-0.001,-0.08901,0.0,0.0,-1.0,0.0,0.0,99.0,491.0
165337.0,0.0,-3.1201,-0.001,-0.08901,0.0,0.0,-1.0,0.0,0.0,99.0,484.0
165348.0,0.0,-3.1201,-0.001,-0.08901,0.0,0.0,-1.0,0.0,0.0,99.0,485.0
165358.0,0.0,-3.1201,-0.0,-0.08901,0.0,0.0,-1.0,0.0,0.0,99.0,485.0
165368.0,0.0,-3.1201,-0.0,-0.08901,0.0,0.0,-1.0,0.0,0.0,99.0,485.0
165378.0,0.0,-3.1201,-0.0,-0.08901,0.0,0.0,-1.0,0.0,0.0,99.0,485.0
165389.0,0.0,-3.1201,-0.004,-0.08901,0.0,0.0,-1.0,0.0,0.0,99.0,477.0
165399.0,0.0,-3.1201,-0.0,-0.08901,0.0,0.0,-1.0,0.0,0.0,99.0,491.0
165409.0,0.0,-3.1201,0.001,-0.08901,0.0,0.0,-1.0,0.0,0.0,99.0,491.0
165419.0,0.0,-3.1201,0.001,-0.08901,0.0,0.0,-1.0,0.0,0.0,99.0,485.0
165429.0,0.0,-3.1201,0.001,-0.08901,0.0,0.0,-1.0,0.0,0.0,99.0,477.0
165439.0,0.0,-3.1201,0.0,-0.08901,0.0,0.0,-1.0,0.0,0.0,99.0,485.0
165449.0,0.0,-3.1201,0.0,-0.08901,0.0,0.0,-1.0,0.0,0.0,99.0,478.0
165459.0,0.0,-3.1201,0.0,-0.08901,0.0,0.0,-1.0,0.0,0.0,99.0,491.0
165470.0,0.0,-3.1201,0.0,-0.08901,0.0,0.0,-1.0,0.0,0.0,99.0,485.0
165480.0,0.0,-3.1201,0.004,-0.08901,0.0,0.0,-1.0,0.0,0.0,99.0,491.0
165490.0,0.0,-3.1201,-0.001,-0.08901,0.0,0.0,-1.0,0.0,0.0,99.0,483.0
165500.0,0.0,-3.1201,0.012,-0.08901,0.0,0.0,-1.0,0.0,0.0,99.0,484.0
165510.0,0.0,-3.1201,-0.002,-0.08901,0.0,0.0,-1.0,0.0,0.0,99.0,485.0
165520.0,0.0,-3.1186,0.008,-0.08901,0.0,0.0,-1.0,0.0,0.0,99.0,492.0
165530.0,0.0,-3.1186,0.003,-0.08901,0.0,0.0,-1.0,0.0,0.0,99.0,485.0
165541.0,0.0,-3.1186,0.006,-0.08901,0.0,0.0,-1.0,0.0,0.0,99.0,485.0
165551.0,0.0,-3.1201,0.008,-0.08901,0.0,0.0,-1.0,0.0,0.0,99.0,485.0
165561.0,0.0,-3.1201,0.012,-0.08901,0.0,0.0,-1.0,0.0,0.0,99.0,486.0
165571.0,0.0,-3.1201,0.001,-0.08901,0.0,0.0,-1.0,0.0,0.0,99.0,477.0
165581.0,0.0,-3.1201,0.002,-0.08901,0.0,0.0,-1.0,0.0,0.0,99.0,492.0
165591.0,0.0,-3.1186,0.009,-0.08901,0.0,0.0,-1.0,0.0,0.0,99.0,485.0
165602.0,0.0,-3.1186,0.005,-0.08901,0.0,0.0,-1.0,0.0,0.0,99.0,485.0
165612.0,0.0,-3.1186,0.002,-0.08901,0.0,0.0,-1.0,0.0,0.0,99.0,485.0
165622.0,0.0,-3.1201,0.005,-0.08901,0.0,0.0,-1.0,0.0,0.0,99.0,477.0
165632.0,0.0,-3.1186,0.002,-0.08901,0.0,0.0,-1.0,0.0,0.0,99.0,477.0
165642.0,0.0,-3.1186,-0.006,-0.08901,0.0,0.0,-1.0,0.0,0.0,99.0,485.0
165652.0,0.0,-3.1201,-0.008,-0.08901,0.0,0.0,-1.0,0.0,0.0,99.0,491.0
165663.0,0.0,-3.1201,0.003,-0.08901,0.0,0.0,-1.0,0.0,0.0,99.0,478.0
165673.0,0.0,-3.1186,0.011,-0.08901,0.0,0.0,-1.0,0.0,0.0,99.0,478.0
165683.0,0.0,-3.1186,0.007,-0.08901,0.0,0.0,-1.0,0.0,0.0,99.0,485.0
165694.0,0.0,-3.1201,0.004,-0.08901,0.0,0.0,-1.0,0.0,0.0,99.0,478.0
165704.0,0.0,-3.1186,-0.009,-0.08901,0.0,0.0,-1.0,0.0,0.0,99.0,478.0
165714.0,0.0,-3.1186,-0.001,-0.08901,0.0,0.0,-1.0,0.0,0.0,99.0,485.0
165724.0,0.0,-3.1186,-0.003,-0.08901,0.0,0.0,-1.0,0.0,0.0,99.0,485.0
165734.0,0.0,-3.1201,-0.013,-0.08901,0.0,0.0,-1.0,0.0,0.0,99.0,484.0
165744.0,0.0,-3.1201,-0.008,-0.08901,0.0,0.0,-1.0,0.0,0.0,99.0,483.0
165754.0,0.0,-3.1201,-0.003,-0.08901,0.0,0.0,-1.0,0.0,0.0,99.0,478.0
165765.0,0.0,-3.1186,-0.005,-0.08901,0.0,0.0,-1.0,0.0,0.0,99.0,485.0
165775.0,0.0,-3.1201,-0.01,-0.08901,0.0,0.0,-1.0,0.0,0.0,99.0,485.0
165785.0,0.0,-3.1201,-0.009,-0.08901,0.0,0.0,-1.0,0.0,0.0,99.0,485.0
165795.0,0.0,-3.1186,-0.0,-0.08901,0.0,0.0,-1.0,0.0,0.0,99.0,477.0
165805.0,0.0,-3.1201,-0.003,-0.08901,0.0,0.0,-1.0,0.0,0.0,99.0,477.0
165815.0,0.0,-3.1201,0.002,-0.08901,0.0,0.0,-1.0,0.0,0.0,99.0,491.0
165825.0,0.0,-3.1201,-0.002,-0.08901,0.0,0.0,-1.0,0.0,0.0,99.0,485.0
165836.0,0.0,-3.1201,-0.002,-0.08901,0.0,0.0,-1.0,0.0,0.0,99.0,485.0
165846.0,0.0,-3.1201,-0.002,-0.08901,0.0,0.0,-1.0,0.0,0.0,99.0,492.0
165856.0,0.0,-3.1201,-0.001,-0.08901,0.0,0.0,-1.0,0.0,0.0,99.0,477.0
165866.0,0.0,-3.1201,-0.001,-0.08901,0.0,0.0,-1.0,0.0,0.0,99.0,492.0
165876.0,0.0,-3.1201,-0.001,-0.08901,0.0,0.0,-1.0,0.0,0.0,99.0,485.0
165886.0,0.0,-3.1201,-0.0,-0.08901,0.0,0.0,-1.0,0.0,0.0,99.0,492.0
165897.0,0.0,-3.1201,-0.0,-0.08901,0.0,0.0,-1.0,0.0,0.0,99.0,492.0
165907.0,0.0,-3.1201,-0.0,-0.08901,0.0,0.0,-1.0,0.0,0.0,99.0,485.0
165917.0,0.0,-3.1186,0.006,-0.08901,0.0,0.0,-1.0,0.0,0.0,99.0,491.0
165927.0,0.0,-3.1201,0.001,-0.08901,0.0,0.0,-1.0,0.0,0.0,99.0,484.0
165937.0,0.0,-3.1201,-0.001,-0.08901,0.0,0.0,-1.0,0.0,0.0,99.0,483.0
165947.0,0.0,-3.1186,0.011,-0.08901,0.0,0.0,-1.0,0.0,0.0,99.0,492.0
165958.0,0.0,-3.1201,0.001,-0.08901,0.0,0.0,-1.0,0.0,0.0,99.0,484.0
165968.0,0.0,-3.1201,0.004,-0.08901,0.0,0.0,-1.0,0.0,0.0,99.0,477.0
165978.0,0.0,-3.1201,0.003,-0.08901,0.0,0.0,-1.0,0.0,0.0,99.0,485.0
165988.0,0.0,-3.1201,0.008,-0.08901,0.0,0.0,-1.0,0.0,0.0,99.0,485.0
165999.0,0.0,-3.1201,0.008,-0.08901,0.0,0.0,-1.0,0.0,0.0,99.0,477.0
166009.0,0.0,-3.1201,0.008,-0.08901,0.0,0.0,-1.0,0.0,0.0,99.0,492.0
166019.0,0.0,-3.1186,0.017,-0.08901,0.0,0.0,-1.0,0.0,0.0,99.0,485.0
166029.0,0.0,-3.1201,-0.007,-0.08901,0.0,0.0,-1.0,0.0,0.0,99.0,492.0
166039.0,0.0,-3.1186,0.006,-0.08901,0.0,0.0,-1.0,0.0,0.0,99.0,477.0
166049.0,0.0,-3.1186,0.01,-0.08901,0.0,0.0,-1.0,0.0,0.0,99.0,485.0
166060.0,0.0,-3.1186,0.011,-0.08901,0.0,0.0,-1.0,0.0,0.0,99.0,485.0
166070.0,0.0,-3.1186,0.014,-0.08901,0.0,0.0,-1.0,0.0,0.0,99.0,492.0
166080.0,0.0,-3.1201,0.003,-0.08901,0.0,0.0,-1.0,0.0,0.0,99.0,493.0
166090.0,0.0,-3.1201,0.002,-0.08901,0.0,0.0,-1.0,0.0,0.0,99.0,492.0
166100.0,0.0,-3.1201,0.002,-0.08901,0.0,0.0,-1.0,0.0,0.0,99.0,478.0
166110.0,0.0,-3.1186,0.002,-0.08901,0.0,0.0,-1.0,0.0,0.0,99.0,478.0
166121.0,0.0,-3.1186,-0.001,-0.08901,0.0,0.0,-1.0,0.0,0.0,99.0,485.0
166131.0,0.0,-3.1201,-0.009,-0.08901,0.0,0.0,-1.0,0.0,0.0,99.0,485.0
166141.0,0.0,-3.1186,-0.001,-0.08901,0.0,0.0,-1.0,0.0,0.0,99.0,478.0
166151.0,0.0,-3.1201,-0.011,-0.08901,0.0,0.0,-1.0,0.0,0.0,99.0,478.0
166161.0,0.0,-3.1201,-0.011,-0.08901,0.0,0.0,-1.0,0.0,0.0,99.0,485.0
166171.0,0.0,-3.1201,-0.005,-0.08901,0.0,0.0,-1.0,0.0,0.0,99.0,485.0
166182.0,0.0,-3.1201,-0.015,-0.08901,0.0,0.0,-1.0,0.0,0.0,99.0,484.0
166192.0,0.0,-3.1201,-0.015,-0.08901,0.0,0.0,-1.0,0.0,0.0,99.0,485.0
166202.0,0.0,-3.1201,-0.017,-0.08901,0.0,0.0,-1.0,0.0,0.0,99.0,484.0
166212.0,0.0,-3.1201,-0.014,-0.08901,0.0,0.0,-1.0,0.0,0.0,99.0,485.0
166223.0,0.0,-3.1201,-0.01,-0.08901,0.0,0.0,-1.0,0.0,0.0,99.0,485.0
166233.0,0.0,-3.1201,-0.006,-0.08901,0.0,0.0,-1.0,0.0,0.0,99.0,485.0
166243.0,0.0,-3.1201,-0.004,-0.08901,0.0,0.0,-1.0,0.0,0.0,99.0,485.0
166253.0,0.0,-3.1201,-0.002,-0.08901,0.0,0.0,-1.0,0.0,0.0,99.0,478.0
166263.0,0.0,-3.1201,-0.001,-0.08901,0.0,0.0,-1.0,0.0,0.0,99.0,492.0
166273.0,0.0,-3.1201,-0.001,-0.08901,0.0,0.0,-1.0,0.0,0.0,99.0,485.0
166283.0,0.0,-3.1201,-0.0,-0.08901,0.0,0.0,-1.0,0.0,0.0,99.0,485.0
166294.0,0.0,-3.1201,-0.0,-0.08901,0.0,0.0,-1.0,0.0,0.0,99.0,492.0
166304.0,0.0,-3.1201,-0.0,-0.08901,0.0,0.0,-1.0,0.0,0.0,99.0,485.0
166314.0,0.0,-3.1201,-0.0,-0.08901,0.0,0.0,-1.0,0.0,0.0,99.0,485.0
166324.0,0.0,-3.1201,-0.0,-0.08901,0.0,0.0,-1.0,0.0,0.0,99.0,478.0
166335.0,0.0,-3.1201,0.0,-0.08901,0.0,0.0,-1.0,0.0,0.0,99.0,484.0
166345.0,0.0,-3.1201,0.0,-0.08901,0.0,0.0,-1.0,0.0,0.0,99.0,485.0
166355.0,0.0,-3.1201,0.005,-0.08901,0.0,0.0,-1.0,0.0,0.0,99.0,485.0
166365.0,0.0,-3.1201,0.004,-0.08901,0.0,0.0,-1.0,0.0,0.0,99.0,478.0
166375.0,0.0,-3.1201,-0.001,-0.08901,0.0,0.0,-1.0,0.0,0.0,99.0,478.0
166385.0,0.0,-3.1201,0.005,-0.08901,0.0,0.0,-1.0,0.0,0.0,99.0,485.0
166395.0,0.0,-3.1201,0.008,-0.08901,0.0,0.0,-1.0,0.0,0.0,99.0,491.0
166406.0,0.0,-3.1186,0.009,-0.08901,0.0,0.0,-1.0,0.0,0.0,99.0,483.0
166416.0,0.0,-3.1186,0.016,-0.08901,0.0,0.0,-1.0,0.0,0.0,99.0,492.0
166426.0,0.0,-3.1186,0.018,-0.08901,0.0,0.0,-1.0,0.0,0.0,99.0,485.0
166436.0,0.0,-3.1201,0.012,-0.08901,0.0,0.0,-1.0,0.0,0.0,99.0,484.0
166446.0,0.0,-3.1186,0.011,-0.08901,0.0,0.0,-1.0,0.0,0.0,99.0,477.0
166456.0,0.0,-3.1186,0.014,-0.08901,0.0,0.0,-1.0,0.0,0.0,99.0,485.0
166467.0,0.0,-3.1201,0.006,-0.08901,0.0,0.0,-1.0,0.0,0.0,99.0,477.0
166477.0,0.0,-3.1186,0.01,-0.08901,0.0,0.0,-1.0,0.0,0.0,99.0,492.0
166487.0,0.0,-3.1186,0.006,-0.08901,0.0,0.0,-1.0,0.0,0.0,99.0,477.0
166497.0,0.0,-3.1186,0.01,-0.08901,0.0,0.0,-1.0,0.0,0.0,99.0,485.0
166507.0,0.0,-3.1186,0.006,-0.08901,0.0,0.0,-1.0,0.0,0.0,99.0,485.0
166517.0,0.0,-3.1186,-0.003,-0.08901,0.0,0.0,-1.0,0.0,0.0,99.0,492.0
166527.0,0.0,-3.1186,0.004,-0.08901,0.0,0.0,-1.0,0.0,0.0,99.0,485.0
166538.0,0.0,-3.1201,-0.0,-0.08901,0.0,0.0,-1.0,0.0,0.0,99.0,485.0
166548.0,0.0,-3.1186,-0.013,-0.08901,0.0,0.0,-1.0,0.0,0.0,99.0,492.0
166558.0,0.0,-3.1201,-0.018,-0.08901,0.0,0.0,-1.0,0.0,0.0,99.0,485.0
166568.0,0.0,-3.1201,-0.02,-0.08901,0.0,0.0,-1.0,0.0,0.0,99.0,478.0
166579.0,0.0,-3.1201,-0.01,-0.08901,0.0,0.0,-1.0,0.0,0.0,99.0,478.0
166589.0,0.0,-3.1201,-0.004,-0.08901,0.0,0.0,-1.0,0.0,0.0,99.0,477.0
166599.0,0.0,-3.1201,-0.014,-0.08901,0.0,0.0,-1.0,0.0,0.0,99.0,484.0
166609.0,0.0,-3.1201,-0.012,-0.08901,0.0,0.0,-1.0,0.0,0.0,99.0,491.0
166619.0,0.0,-3.1201,-0.012,-0.08901,0.0,0.0,-1.0,0.0,0.0,99.0,484.0
166630.0,0.0,-3.1201,-0.009,-0.08901,0.0,0.0,-1.0,0.0,0.0,99.0,477.0
166640.0,0.0,-3.1201,-0.006,-0.08901,0.0,0.0,-1.0,0.0,0.0,99.0,483.0
166650.0,0.0,-3.1201,-0.004,-0.08901,0.0,0.0,-1.0,0.0,0.0,99.0,491.0
166660.0,0.0,-3.1201,-0.002,-0.08901,0.0,0.0,-1.0,0.0,0.0,99.0,478.0
166670.0,0.0,-3.1201,-0.001,-0.08901,0.0,0.0,-1.0,0.0,0.0,99.0,485.0
166681.0,0.0,-3.1201,-0.001,-0.08901,0.0,0.0,-1.0,0.0,0.0,99.0,477.0
166691.0,0.0,-3.1201,-0.001,-0.08901,0.0,0.0,-1.0,0.0,0.0,99.0,478.0
166701.0,0.0,-3.1201,-0.0,-0.08901,0.0,0.0,-1.0,0.0,0.0,99.0,477.0
166711.0,0.0,-3.1201,-0.0,-0.08901,0.0,0.0,-1.0,0.0,0.0,99.0,485.0
166721.0,0.0,-3.1201,-0.0,-0.08901,0.0,0.0,-1.0,0.0,0.0,99.0,484.0
166731.0,0.0,-3.1201,-0.0,-0.08901,0.0,0.0,-1.0,0.0,0.0,99.0,485.0
166741.0,0.0,-3.1201,0.0,-0.08901,0.0,0.0,-1.0,0.0,0.0,99.0,485.0
166752.0,0.0,-3.1201,0.0,-0.08901,0.0,0.0,-1.0,0.0,0.0,99.0,485.0
166762.0,0.0,-3.1201,0.004,-0.08901,0.0,0.0,-1.0,0.0,0.0,99.0,483.0
166772.0,0.0,-3.1201,0.007,-0.08901,0.0,0.0,-1.0,0.0,0.0,99.0,491.0
166782.0,0.0,-3.1201,-0.001,-0.08901,0.0,0.0,-1.0,0.0,0.0,99.0,485.0
166792.0,0.0,-3.1201,0.01,-0.08901,0.0,0.0,-1.0,0.0,0.0,99.0,492.0
166803.0,0.0,-3.1186,0.007,-0.08901,0.0,0.0,-1.0,0.0,0.0,99.0,485.0
166813.0,0.0,-3.1186,0.011,-0.08901,0.0,0.0,-1.0,0.0,0.0,99.0,485.0
166823.0,0.0,-3.1201,0.012,-0.08901,0.0,0.0,-1.0,0.0,0.0,99.0,477.0
166833.0,0.0,-3.1201,0.012,-0.08901,0.0,0.0,-1.0,0.0,0.0,99.0,478.0
166843.0,0.0,-3.1201,0.015,-0.08901,0.0,0.0,-1.0,0.0,0.0,99.0,491.0
166854.0,0.0,-3.1186,0.009,-0.08901,0.0,0.0,-1.0,0.0,0.0,99.0,478.0
166864.0,0.0,-3.1186,0.01,-0.08901,0.0,0.0,-1.0,0.0,0.0,99.0,485.0
166874.0,0.0,-3.1186,0.008,-0.08901,0.0,0.0,-1.0,0.0,0.0,99.0,485.0
166884.0,0.0,-3.1201,0.003,-0.08901,0.0,0.0,-1.0,0.0,0.0,99.0,485.0
166894.0,0.0,-3.1186,0.002,-0.08901,0.0,0.0,-1.0,0.0,0.0,99.0,477.0
166904.0,0.0,-3.1186,0.0,-0.08901,0.0,0.0,-1.0,0.0,0.0,99.0,485.0
166915.0,0.0,-3.1186,0.005,-0.08901,0.0,0.0,-1.0,0.0,0.0,99.0,477.0
166925.0,0.0,-3.1186,0.005,-0.08901,0.0,0.0,-1.0,0.0,0.0,99.0,478.0
166935.0,0.0,-3.1186,0.0,-0.08901,0.0,0.0,-1.0,0.0,0.0,99.0,478.0
166945.0,0.0,-3.1186,0.003,-0.08901,0.0,0.0,-1.0,0.0,0.0,99.0,485.0
166955.0,0.0,-3.1186,0.003,-0.08901,0.0,0.0,-1.0,0.0,0.0,99.0,492.0
166965.0,0.0,-3.1186,-0.0,-0.08901,0.0,0.0,-1.0,0.0,0.0,99.0,483.0
166975.0,0.0,-3.1186,-0.002,-0.08901,0.0,0.0,-1.0,0.0,0.0,99.0,484.0
166985.0,0.0,-3.1186,-0.003,-0.08901,0.0,0.0,-1.0,0.0,0.0,99.0,478.0
166996.0,0.0,-3.1201,-0.006,-0.08901,0.0,0.0,-1.0,0.0,0.0,99.0,485.0
167006.0,0.0,-3.1186,0.002,-0.08901,0.0,0.0,-1.0,0.0,0.0,99.0,491.0
167016.0,0.0,-3.1186,-0.007,-0.08901,0.0,0.0,-1.0,0.0,0.0,99.0,485.0
167027.0,0.0,-3.1186,-0.006,-0.08901,0.0,0.0,-1.0,0.0,0.0,99.0,478.0
167037.0,0.0,-3.1186,-0.01,-0.08901,0.0,0.0,-1.0,0.0,0.0,99.0,485.0
167047.0,0.0,-3.1186,-0.004,-0.08901,0.0,0.0,-1.0,0.0,0.0,99.0,492.0
167057.0,0.0,-3.1201,-0.002,-0.08901,0.0,0.0,-1.0,0.0,0.0,99.0,483.0
167068.0,0.0,-3.1186,-0.01,-0.08901,0.0,0.0,-1.0,0.0,0.0,99.0,477.0
167078.0,0.0,-3.1201,-0.017,-0.08901,0.0,0.0,-1.0,0.0,0.0,99.0,478.0
167088.0,0.0,-3.1186,-0.007,-0.08901,0.0,0.0,-1.0,0.0,0.0,99.0,485.0
167098.0,0.0,-3.1201,0.0,-0.08901,0.0,0.0,-1.0,0.0,0.0,99.0,477.0
167108.0,0.0,-3.1186,0.006,-0.08901,0.0,0.0,-1.0,0.0,0.0,99.0,483.0
167118.0,0.0,-3.1201,-0.0,-0.08901,0.0,0.0,-1.0,0.0,0.0,99.0,485.0
167129.0,0.0,-3.1201,-0.015,-0.08901,0.0,0.0,-1.0,0.0,0.0,99.0,483.0
167139.0,0.0,-3.1201,-0.008,-0.08901,0.0,0.0,-1.0,0.0,0.0,99.0,477.0
167149.0,0.0,-3.1201,0.002,-0.08901,0.0,0.0,-1.0,0.0,0.0,99.0,477.0
167159.0,0.0,-3.1186,0.004,-0.08901,0.0,0.0,-1.0,0.0,0.0,99.0,478.0
167169.0,0.0,-3.1201,0.0,-0.08901,0.0,0.0,-1.0,0.0,0.0,99.0,485.0
167179.0,0.0,-3.1201,-0.005,-0.08901,0.0,0.0,-1.0,0.0,0.0,99.0,492.0
167190.0,0.0,-3.1186,0.013,-0.08901,0.0,0.0,-1.0,0.0,0.0,99.0,477.0
167200.0,0.0,-3.1186,0.009,-0.08901,0.0,0.0,-1.0,0.0,0.0,99.0,485.0
167210.0,0.0,-3.1201,0.004,-0.08901,0.0,0.0,-1.0,0.0,0.0,99.0,478.0
167220.0,0.0,-3.1186,0.016,-0.08901,0.0,0.0,-1.0,0.0,0.0,99.0,477.0
167230.0,0.0,-3.1186,0.015,-0.08901,0.0,0.0,-1.0,0.0,0.0,99.0,477.0
167241.0,0.0,-3.1201,0.006,-0.08901,0.0,0.0,-1.0,0.0,0.0,99.0,477.0
167251.0,0.0,-3.1186,0.004,-0.08901,0.0,0.0,-1.0,0.0,0.0,99.0,478.0
167261.0,0.0,-3.1201,-0.0,-0.08901,0.0,0.0,-1.0,0.0,0.0,99.0,485.0
167271.0,0.0,-3.1186,-0.005,-0.08901,0.0,0.0,-1.0,0.0,0.0,99.0,485.0
167281.0,0.0,-3.1186,0.002,-0.08901,0.0,0.0,-1.0,0.0,0.0,99.0,483.0
167292.0,0.0,-3.1186,0.005,-0.08901,0.0,0.0,-1.0,0.0,0.0,99.0,485.0
167302.0,0.0,-3.1186,0.005,-0.08901,0.0,0.0,-1.0,0.0,0.0,99.0,485.0
167312.0,0.0,-3.1186,0.004,-0.08901,0.0,0.0,-1.0,0.0,0.0,99.0,483.0
167322.0,0.0,-3.1186,0.002,-0.08901,0.0,0.0,-1.0,0.0,0.0,99.0,477.0
167332.0,0.0,-3.1186,0.002,-0.08901,0.0,0.0,-1.0,0.0,0.0,99.0,485.0
167343.0,0.0,-3.1186,0.001,-0.08901,0.0,0.0,-1.0,0.0,0.0,99.0,485.0
167353.0,0.0,-3.1186,0.001,-0.08901,0.0,0.0,-1.0,0.0,0.0,99.0,485.0
167363.0,0.0,-3.1186,-0.004,-0.08901,0.0,0.0,-1.0,0.0,0.0,99.0,485.0
167373.0,0.0,-3.1186,-0.001,-0.08901,0.0,0.0,-1.0,0.0,0.0,99.0,491.0
167383.0,0.0,-3.1186,0.001,-0.08901,0.0,0.0,-1.0,0.0,0.0,99.0,485.0
167393.0,0.0,-3.1186,0.002,-0.08901,0.0,0.0,-1.0,0.0,0.0,99.0,485.0
167403.0,0.0,-3.1186,0.001,-0.08901,0.0,0.0,-1.0,0.0,0.0,99.0,477.0
167413.0,0.0,-3.1186,0.001,-0.08901,0.0,0.0,-1.0,0.0,0.0,99.0,485.0
167424.0,0.0,-3.1201,-0.005,-0.08901,0.0,0.0,-1.0,0.0,0.0,99.0,478.0
167434.0,0.0,-3.1186,-0.0,-0.08901,0.0,0.0,-1.0,0.0,0.0,99.0,485.0
167444.0,0.0,-3.1186,0.001,-0.08901,0.0,0.0,-1.0,0.0,0.0,99.0,484.0
167455.0,0.0,-3.1186,0.001,-0.08901,0.0,0.0,-1.0,0.0,0.0,99.0,485.0
167465.0,0.0,-3.1186,0.001,-0.08901,0.0,0.0,-1.0,0.0,0.0,99.0,478.0
167475.0,0.0,-3.1201,-0.009,-0.08901,0.0,0.0,-1.0,0.0,0.0,99.0,484.0
167485.0,0.0,-3.1186,-0.003,-0.08901,0.0,0.0,-1.0,0.0,0.0,99.0,485.0
167495.0,0.0,-3.1201,-0.006,-0.08901,0.0,0.0,-1.0,0.0,0.0,99.0,478.0
167506.0,0.0,-3.1186,0.002,-0.08901,0.0,0.0,-1.0,0.0,0.0,99.0,485.0
167516.0,0.0,-3.1186,0.001,-0.08901,0.0,0.0,-1.0,0.0,0.0,99.0,485.0
167526.0,0.0,-3.1186,0.0,-0.08901,0.0,0.0,-1.0,0.0,0.0,99.0,492.0
167536.0,0.0,-3.1186,-0.001,-0.08901,0.0,0.0,-1.0,0.0,0.0,99.0,491.0
167547.0,0.0,-3.1186,-0.002,-0.08901,0.0,0.0,-1.0,0.0,0.0,99.0,478.0
167557.0,0.0,-3.1201,-0.001,-0.08901,0.0,0.0,-1.0,0.0,0.0,99.0,483.0
167567.0,0.0,-3.1186,0.001,-0.08901,0.0,0.0,-1.0,0.0,0.0,99.0,478.0
167577.0,0.0,-3.1186,-0.004,-0.08901,0.0,0.0,-1.0,0.0,0.0,99.0,477.0
167588.0,0.0,-3.1186,0.004,-0.08901,0.0,0.0,-1.0,0.0,0.0,99.0,477.0
167598.0,0.0,-3.1186,0.001,-0.08901,0.0,0.0,-1.0,0.0,0.0,99.0,485.0
167608.0,0.0,-3.1186,0.002,-0.08901,0.0,0.0,-1.0,0.0,0.0,99.0,492.0
167618.0,0.0,-3.1186,0.002,-0.08901,0.0,0.0,-1.0,0.0,0.0,99.0,478.0
167628.0,0.0,-3.1186,-0.0,-0.08901,0.0,0.0,-1.0,0.0,0.0,99.0,484.0
167639.0,0.0,-3.1201,-0.011,-0.08901,0.0,0.0,-1.0,0.0,0.0,99.0,477.0
167649.0,0.0,-3.1186,0.003,-0.08901,0.0,0.0,-1.0,0.0,0.0,99.0,491.0
167659.0,0.0,-3.1201,-0.004,-0.08901,0.0,0.0,-1.0,0.0,0.0,99.0,485.0
167669.0,0.0,-3.1186,-0.001,-0.08901,0.0,0.0,-1.0,0.0,0.0,99.0,485.0
167679.0,0.0,-3.1186,-0.0,-0.08901,0.0,0.0,-1.0,0.0,0.0,99.0,484.0
167690.0,0.0,-3.1201,-0.009,-0.08901,0.0,0.0,-1.0,0.0,0.0,99.0,485.0
167700.0,0.0,-3.1186,0.001,-0.08901,0.0,0.0,-1.0,0.0,0.0,99.0,485.0
167710.0,0.0,-3.1201,-0.005,-0.08901,0.0,0.0,-1.0,0.0,0.0,99.0,478.0
167720.0,0.0,-3.1201,-0.012,-0.08901,0.0,0.0,-1.0,0.0,0.0,99.0,485.0
167730.0,0.0,-3.1201,-0.002,-0.08901,0.0,0.0,-1.0,0.0,0.0,99.0,483.0
167741.0,0.0,-3.1201,-0.019,-0.08901,0.0,0.0,-1.0,0.0,0.0,99.0,477.0
167751.0,0.0,-3.1201,-0.005,-0.08901,0.0,0.0,-1.0,0.0,0.0,99.0,484.0
167761.0,0.0,-3.1186,-0.001,-0.08901,0.0,0.0,-1.0,0.0,0.0,99.0,485.0
167771.0,0.0,-3.1201,0.005,-0.08901,0.0,0.0,-1.0,0.0,0.0,99.0,484.0
167781.0,0.0,-3.1201,-0.013,-0.08901,0.0,0.0,-1.0,0.0,0.0,99.0,485.0
167791.0,0.0,-3.1186,0.002,-0.08901,0.0,0.0,-1.0,0.0,0.0,99.0,484.0
167802.0,0.0,-3.1201,-0.002,-0.08901,0.0,0.0,-1.0,0.0,0.0,99.0,478.0
167812.0,0.0,-3.1186,0.011,-0.08901,0.0,0.0,-1.0,0.0,0.0,99.0,485.0
167822.0,0.0,-3.1186,0.006,-0.08901,0.0,0.0,-1.0,0.0,0.0,99.0,485.0
167832.0,0.0,-3.1201,0.002,-0.08901,0.0,0.0,-1.0,0.0,0.0,99.0,491.0
167842.0,0.0,-3.1186,0.008,-0.08901,0.0,0.0,-1.0,0.0,0.0,99.0,485.0
167852.0,0.0,-3.1201,0.004,-0.08901,0.0,0.0,-1.0,0.0,0.0,99.0,491.0
167863.0,0.0,-3.1186,-0.002,-0.08901,0.0,0.0,-1.0,0.0,0.0,99.0,485.0
167873.0,0.0,-3.1186,-0.004,-0.08901,0.0,0.0,-1.0,0.0,0.0,99.0,485.0
167883.0,0.0,-3.1186,0.001,-0.08901,0.0,0.0,-1.0,0.0,0.0,99.0,478.0
167893.0,0.0,-3.1186,0.007,-0.08901,0.0,0.0,-1.0,0.0,0.0,99.0,485.0
167903.0,0.0,-3.1186,-0.004,-0.08901,0.0,0.0,-1.0,0.0,0.0,99.0,485.0
167913.0,0.0,-3.1186,0.006,-0.08901,0.0,0.0,-1.0,0.0,0.0,99.0,477.0
167923.0,0.0,-3.1201,-0.009,-0.08901,0.0,0.0,-1.0,0.0,0.0,99.0,485.0
167934.0,0.0,-3.1186,0.004,-0.08901,0.0,0.0,-1.0,0.0,0.0,99.0,485.0
167944.0,0.0,-3.1186,0.007,-0.08901,0.0,0.0,-1.0,0.0,0.0,99.0,491.0
167954.0,0.0,-3.1186,0.002,-0.08901,0.0,0.0,-1.0,0.0,0.0,99.0,485.0
167964.0,0.0,-3.1186,0.004,-0.08901,0.0,0.0,-1.0,0.0,0.0,99.0,485.0
167974.0,0.0,-3.1186,0.004,-0.08901,0.0,0.0,-1.0,0.0,0.0,99.0,485.0
167984.0,0.0,-3.1186,0.003,-0.08901,0.0,0.0,-1.0,0.0,0.0,99.0,485.0
167994.0,0.0,-3.1186,0.002,-0.08901,0.0,0.0,-1.0,0.0,0.0,99.0,491.0
168005.0,0.0,-3.1186,-0.007,-0.08901,0.0,0.0,-1.0,0.0,0.0,99.0,483.0
168015.0,0.0,-3.1201,-0.015,-0.08901,0.0,0.0,-1.0,0.0,0.0,99.0,485.0
168025.0,0.0,-3.1186,-0.002,-0.08901,0.0,0.0,-1.0,0.0,0.0,99.0,485.0
168035.0,0.0,-3.1186,0.0,-0.08901,0.0,0.0,-1.0,0.0,0.0,99.0,491.0
168045.0,0.0,-3.1201,-0.012,-0.08901,0.0,0.0,-1.0,0.0,0.0,99.0,478.0
168056.0,0.0,-3.1201,-0.009,-0.08901,0.0,0.0,-1.0,0.0,0.0,99.0,477.0
168066.0,0.0,-3.1201,-0.019,-0.08901,0.0,0.0,-1.0,0.0,0.0,99.0,492.0
168076.0,0.0,-3.1201,-0.026,-0.08901,0.0,0.0,-1.0,0.0,0.0,99.0,478.0
168086.0,0.0,-3.1201,-0.018,-0.08901,0.0,0.0,-1.0,0.0,0.0,99.0,477.0
168096.0,0.0,-3.1201,-0.004,-0.08901,0.0,0.0,-1.0,0.0,0.0,99.0,485.0
168106.0,0.0,-3.1201,-0.01,-0.08901,0.0,0.0,-1.0,0.0,0.0,99.0,485.0
168117.0,0.0,-3.1201,-0.01,-0.08901,0.0,0.0,-1.0,0.0,0.0,99.0,485.0
168127.0,0.0,-3.1201,-0.011,-0.08901,0.0,0.0,-1.0,0.0,0.0,99.0,485.0
168137.0,0.0,-3.1201,-0.005,-0.08901,0.0,0.0,-1.0,0.0,0.0,99.0,485.0
168147.0,0.0,-3.1201,-0.002,-0.08901,0.0,0.0,-1.0,0.0,0.0,99.0,491.0
168157.0,0.0,-3.1201,-0.001,-0.08901,0.0,0.0,-1.0,0.0,0.0,99.0,483.0
168167.0,0.0,-3.1217,-0.007,-0.08901,0.0,0.0,-1.0,0.0,0.0,99.0,485.0
168177.0,0.0,-3.1201,-0.007,-0.08901,0.0,0.0,-1.0,0.0,0.0,99.0,485.0
168188.0,0.0,-3.1201,-0.008,-0.08901,0.0,0.0,-1.0,0.0,0.0,99.0,478.0
168198.0,0.0,-3.1201,-0.009,-0.08901,0.0,0.0,-1.0,0.0,0.0,99.0,477.0
168208.0,0.0,-3.1201,0.002,-0.08901,0.0,0.0,-1.0,0.0,0.0,99.0,491.0
168218.0,0.0,-3.1201,0.007,-0.08901,0.0,0.0,-1.0,0.0,0.0,99.0,485.0
168228.0,0.0,-3.1201,-0.004,-0.08901,0.0,0.0,-1.0,0.0,0.0,99.0,485.0
168238.0,0.0,-3.1201,0.004,-0.08901,0.0,0.0,-1.0,0.0,0.0,99.0,492.0
168249.0,0.0,-3.1201,-0.013,-0.08901,0.0,0.0,-1.0,0.0,0.0,99.0,491.0
168259.0,0.0,-3.1201,0.004,-0.08901,0.0,0.0,-1.0,0.0,0.0,99.0,492.0
168269.0,0.0,-3.1201,0.003,-0.08901,0.0,0.0,-1.0,0.0,0.0,99.0,492.0
168279.0,0.0,-3.1201,0.007,-0.08901,0.0,0.0,-1.0,0.0,0.0,99.0,478.0
168290.0,0.0,-3.1201,0.006,-0.08901,0.0,0.0,-1.0,0.0,0.0,99.0,485.0
168300.0,0.0,-3.1201,0.001,-0.08901,0.0,0.0,-1.0,0.0,0.0,99.0,478.0
168310.0,0.0,-3.1201,0.004,-0.08901,0.0,0.0,-1.0,0.0,0.0,99.0,485.0
168320.0,0.0,-3.1201,0.004,-0.08901,0.0,0.0,-1.0,0.0,0.0,99.0,484.0
168331.0,0.0,-3.1186,0.009,-0.08901,0.0,0.0,-1.0,0.0,0.0,99.0,485.0
168341.0,0.0,-3.1201,0.003,-0.08901,0.0,0.0,-1.0,0.0,0.0,99.0,478.0
168351.0,0.0,-3.1201,0.006,-0.08901,0.0,0.0,-1.0,0.0,0.0,99.0,478.0
168361.0,0.0,-3.1201,0.009,-0.08901,0.0,0.0,-1.0,0.0,0.0,99.0,484.0
168371.0,0.0,-3.1186,0.005,-0.08901,0.0,0.0,-1.0,0.0,0.0,99.0,491.0
168381.0,0.0,-3.1201,0.012,-0.08901,0.0,0.0,-1.0,0.0,0.0,99.0,485.0
168392.0,0.0,-3.1201,0.002,-0.08901,0.0,0.0,-1.0,0.0,0.0,99.0,485.0
168402.0,0.0,-3.1186,0.011,-0.08901,0.0,0.0,-1.0,0.0,0.0,99.0,478.0
168412.0,0.0,-3.1201,0.006,-0.08901,0.0,0.0,-1.0,0.0,0.0,99.0,485.0
168422.0,0.0,-3.1186,0.01,-0.08901,0.0,0.0,-1.0,0.0,0.0,99.0,477.0
168432.0,0.0,-3.1186,0.021,-0.08901,0.0,0.0,-1.0,0.0,0.0,99.0,478.0
168442.0,0.0,-3.1186,0.014,-0.08901,0.0,0.0,-1.0,0.0,0.0,99.0,485.0
168452.0,0.0,-3.1201,0.006,-0.08901,0.0,0.0,-1.0,0.0,0.0,99.0,492.0
168462.0,0.0,-3.1201,-0.012,-0.08901,0.0,0.0,-1.0,0.0,0.0,99.0,484.0
168473.0,0.0,-3.1186,0.006,-0.08901,0.0,0.0,-1.0,0.0,0.0,99.0,485.0
168483.0,0.0,-3.1186,0.01,-0.08901,0.0,0.0,-1.0,0.0,0.0,99.0,486.0
168493.0,0.0,-3.1186,0.009,-0.08901,0.0,0.0,-1.0,0.0,0.0,99.0,478.0
168503.0,0.0,-3.1186,0.006,-0.08901,0.0,0.0,-1.0,0.0,0.0,99.0,492.0
168513.0,0.0,-3.1186,-0.006,-0.08901,0.0,0.0,-1.0,0.0,0.0,99.0,492.0
168523.0,0.0,-3.1186,0.002,-0.08901,0.0,0.0,-1.0,0.0,0.0,99.0,477.0
168533.0,0.0,-3.1201,-0.006,-0.08901,0.0,0.0,-1.0,0.0,0.0,99.0,485.0
168543.0,0.0,-3.1186,-0.001,-0.08901,0.0,0.0,-1.0,0.0,0.0,99.0,491.0
168553.0,0.0,-3.1186,0.005,-0.08901,0.0,0.0,-1.0,0.0,0.0,99.0,485.0
168563.0,0.0,-3.1186,-0.017,-0.08901,0.0,0.0,-1.0,0.0,0.0,99.0,485.0
168574.0,0.0,-3.1186,-0.009,-0.08901,0.0,0.0,-1.0,0.0,0.0,99.0,477.0
168584.0,0.0,-3.1201,-0.023,-0.08901,0.0,0.0,-1.0,0.0,0.0,99.0,478.0
168594.0,0.0,-3.1186,-0.006,-0.08901,0.0,0.0,-1.0,0.0,0.0,99.0,478.0
168604.0,0.0,-3.1201,-0.019,-0.08901,0.0,0.0,-1.0,0.0,0.0,99.0,492.0
168614.0,0.0,-3.1201,-0.006,-0.08901,0.0,0.0,-1.0,0.0,0.0,99.0,485.0
168624.0,0.0,-3.1201,-0.013,-0.08901,0.0,0.0,-1.0,0.0,0.0,99.0,485.0
168634.0,0.0,-3.1201,-0.012,-0.08901,0.0,0.0,-1.0,0.0,0.0,99.0,492.0
168644.0,0.0,-3.1186,-0.0,-0.08901,0.0,0.0,-1.0,0.0,0.0,99.0,484.0
168655.0,0.0,-3.1201,-0.005,-0.08901,0.0,0.0,-1.0,0.0,0.0,99.0,491.0
168665.0,0.0,-3.1201,-0.005,-0.08901,0.0,0.0,-1.0,0.0,0.0,99.0,485.0
168675.0,0.0,-3.1201,-0.004,-0.08901,0.0,0.0,-1.0,0.0,0.0,99.0,492.0
168685.0,0.0,-3.1201,-0.003,-0.08901,0.0,0.0,-1.0,0.0,0.0,99.0,485.0
168695.0,0.0,-3.1201,-0.002,-0.08901,0.0,0.0,-1.0,0.0,0.0,99.0,484.0
168705.0,0.0,-3.1201,-0.001,-0.08901,0.0,0.0,-1.0,0.0,0.0,99.0,478.0
168716.0,0.0,-3.1186,0.005,-0.08901,0.0,0.0,-1.0,0.0,0.0,99.0,477.0
168726.0,0.0,-3.1201,0.001,-0.08901,0.0,0.0,-1.0,0.0,0.0,99.0,485.0
168736.0,0.0,-3.1201,0.004,-0.08901,0.0,0.0,-1.0,0.0,0.0,99.0,485.0
168746.0,0.0,-3.1201,0.005,-0.08901,0.0,0.0,-1.0,0.0,0.0,99.0,491.0
168756.0,0.0,-3.1201,-0.001,-0.08901,0.0,0.0,-1.0,0.0,0.0,99.0,477.0
168766.0,0.0,-3.1201,0.008,-0.08901,0.0,0.0,-1.0,0.0,0.0,99.0,478.0
168776.0,0.0,-3.1201,0.005,-0.08901,0.0,0.0,-1.0,0.0,0.0,99.0,485.0
168786.0,0.0,-3.1186,0.01,-0.08901,0.0,0.0,-1.0,0.0,0.0,99.0,492.0
168797.0,0.0,-3.1201,0.007,-0.08901,0.0,0.0,-1.0,0.0,0.0,99.0,485.0
168807.0,0.0,-3.1201,0.016,-0.08901,0.0,0.0,-1.0,0.0,0.0,99.0,485.0
168817.0,0.0,-3.1186,0.015,-0.08901,0.0,0.0,-1.0,0.0,0.0,99.0,477.0
168827.0,0.0,-3.1186,0.003,-0.08901,0.0,0.0,-1.0,0.0,0.0,99.0,491.0
168838.0,0.0,-3.1201,0.008,-0.08901,0.0,0.0,-1.0,0.0,0.0,99.0,478.0
168848.0,0.0,-3.1186,0.008,-0.08901,0.0,0.0,-1.0,0.0,0.0,99.0,478.0
168858.0,0.0,-3.1186,0.015,-0.08901,0.0,0.0,-1.0,0.0,0.0,99.0,478.0
168868.0,0.0,-3.1186,0.01,-0.08901,0.0,0.0,-1.0,0.0,0.0,99.0,492.0
168878.0,0.0,-3.1186,0.01,-0.08901,0.0,0.0,-1.0,0.0,0.0,99.0,484.0
168889.0,0.0,-3.1186,0.008,-0.08901,0.0,0.0,-1.0,0.0,0.0,99.0,478.0
168899.0,0.0,-3.1186,0.005,-0.08901,0.0,0.0,-1.0,0.0,0.0,99.0,478.0
168909.0,0.0,-3.1186,0.003,-0.08901,0.0,0.0,-1.0,0.0,0.0,99.0,484.0
168920.0,0.0,-3.1186,0.002,-0.08901,0.0,0.0,-1.0,0.0,0.0,99.0,485.0
168930.0,0.0,-3.1186,-0.0,-0.08901,0.0,0.0,-1.0,0.0,0.0,99.0,485.0
168940.0,0.0,-3.1186,0.001,-0.08901,0.0,0.0,-1.0,0.0,0.0,99.0,485.0
168950.0,0.0,-3.1186,-0.001,-0.08901,0.0,0.0,-1.0,0.0,0.0,99.0,478.0
168960.0,0.0,-3.1201,-0.005,-0.08901,0.0,0.0,-1.0,0.0,0.0,99.0,491.0
168970.0,0.0,-3.1186,0.0,-0.08901,0.0,0.0,-1.0,0.0,0.0,99.0,484.0
168980.0,0.0,-3.1186,0.002,-0.08901,0.0,0.0,-1.0,0.0,0.0,99.0,478.0
168991.0,0.0,-3.1186,-0.005,-0.08901,0.0,0.0,-1.0,0.0,0.0,99.0,477.0
169001.0,0.0,-3.1186,-0.001,-0.08901,0.0,0.0,-1.0,0.0,0.0,99.0,485.0
169011.0,0.0,-3.1186,-0.001,-0.08901,0.0,0.0,-1.0,0.0,0.0,99.0,491.0
169021.0,0.0,-3.1186,-0.012,-0.08901,0.0,0.0,-1.0,0.0,0.0,99.0,485.0
169031.0,0.0,-3.1201,-0.009,-0.08901,0.0,0.0,-1.0,0.0,0.0,99.0,485.0
169042.0,0.0,-3.1201,-0.025,-0.08901,0.0,0.0,-1.0,0.0,0.0,99.0,477.0
169052.0,0.0,-3.1201,-0.015,-0.08901,0.0,0.0,-1.0,0.0,0.0,99.0,478.0
169062.0,0.0,-3.1201,-0.022,-0.08901,0.0,0.0,-1.0,0.0,0.0,99.0,478.0
169072.0,0.0,-3.1201,-0.019,-0.08901,0.0,0.0,-1.0,0.0,0.0,99.0,484.0
169082.0,0.0,-3.1201,-0.013,-0.08901,0.0,0.0,-1.0,0.0,0.0,99.0,484.0
169092.0,0.0,-3.1201,-0.009,-0.08901,0.0,0.0,-1.0,0.0,0.0,99.0,485.0
169102.0,0.0,-3.1201,-0.006,-0.08901,0.0,0.0,-1.0,0.0,0.0,99.0,485.0
169112.0,0.0,-3.1201,-0.008,-0.08901,0.0,0.0,-1.0,0.0,0.0,99.0,478.0
169122.0,0.0,-3.1201,-0.003,-0.08901,0.0,0.0,-1.0,0.0,0.0,99.0,478.0
169133.0,0.0,-3.1201,-0.005,-0.08901,0.0,0.0,-1.0,0.0,0.0,99.0,477.0
169143.0,0.0,-3.1201,-0.006,-0.08901,0.0,0.0,-1.0,0.0,0.0,99.0,485.0
169153.0,0.0,-3.1201,-0.012,-0.08901,0.0,0.0,-1.0,0.0,0.0,99.0,485.0
169163.0,0.0,-3.1201,-0.007,-0.08901,0.0,0.0,-1.0,0.0,0.0,99.0,478.0
169173.0,0.0,-3.1201,-0.006,-0.08901,0.0,0.0,-1.0,0.0,0.0,99.0,492.0
169183.0,0.0,-3.1217,-0.014,-0.08901,0.0,0.0,-1.0,0.0,0.0,99.0,491.0
169194.0,0.0,-3.1201,-0.007,-0.08901,0.0,0.0,-1.0,0.0,0.0,99.0,490.0
169204.0,0.0,-3.1217,-0.008,-0.08901,0.0,0.0,-1.0,0.0,0.0,99.0,492.0
169214.0,0.0,-3.1201,-0.007,-0.08901,0.0,0.0,-1.0,0.0,0.0,99.0,485.0
169225.0,0.0,-3.1217,0.008,-0.08901,0.0,0.0,-1.0,0.0,0.0,99.0,483.0
169235.0,0.0,-3.1217,-0.003,-0.08901,0.0,0.0,-1.0,0.0,0.0,99.0,478.0
169245.0,0.0,-3.1201,0.006,-0.08901,0.0,0.0,-1.0,0.0,0.0,99.0,492.0
169255.0,0.0,-3.1201,0.014,-0.08901,0.0,0.0,-1.0,0.0,0.0,99.0,485.0
169265.0,0.0,-3.1201,0.013,-0.08901,0.0,0.0,-1.0,0.0,0.0,99.0,484.0
169275.0,0.0,-3.1201,0.009,-0.08901,0.0,0.0,-1.0,0.0,0.0,99.0,485.0
169285.0,0.0,-3.1201,0.006,-0.08901,0.0,0.0,-1.0,0.0,0.0,99.0,485.0
169295.0,0.0,-3.1201,0.004,-0.08901,0.0,0.0,-1.0,0.0,0.0,99.0,485.0
169306.0,0.0,-3.1201,0.002,-0.08901,0.0,0.0,-1.0,0.0,0.0,99.0,485.0
169316.0,0.0,-3.1201,0.009,-0.08901,0.0,0.0,-1.0,0.0,0.0,99.0,485.0
169326.0,0.0,-3.1201,0.008,-0.08901,0.0,0.0,-1.0,0.0,0.0,99.0,485.0
169336.0,0.0,-3.1201,0.011,-0.08901,0.0,0.0,-1.0,0.0,0.0,99.0,484.0
169347.0,0.0,-3.1186,0.026,-0.08901,0.0,0.0,-1.0,0.0,0.0,99.0,485.0
169357.0,0.0,-3.1186,0.025,-0.08901,0.0,0.0,-1.0,0.0,0.0,99.0,492.0
169367.0,0.0,-3.1201,0.012,-0.08901,0.0,0.0,-1.0,0.0,0.0,99.0,478.0
169377.0,0.0,-3.1186,0.018,-0.08901,0.0,0.0,-1.0,0.0,0.0,99.0,484.0
169387.0,0.0,-3.1186,0.015,-0.08901,0.0,0.0,-1.0,0.0,0.0,99.0,478.0
169397.0,0.0,-3.1186,0.011,-0.08901,0.0,0.0,-1.0,0.0,0.0,99.0,491.0
169407.0,0.0,-3.1186,0.007,-0.08901,0.0,0.0,-1.0,0.0,0.0,99.0,485.0
169418.0,0.0,-3.1186,0.005,-0.08901,0.0,0.0,-1.0,0.0,0.0,99.0,478.0
169428.0,0.0,-3.1186,0.003,-0.08901,0.0,0.0,-1.0,0.0,0.0,99.0,485.0
169438.0,0.0,-3.1186,0.002,-0.08901,0.0,0.0,-1.0,0.0,0.0,99.0,485.0
169448.0,0.0,-3.1186,0.001,-0.08901,0.0,0.0,-1.0,0.0,0.0,99.0,478.0
169459.0,0.0,-3.1186,0.001,-0.08901,0.0,0.0,-1.0,0.0,0.0,99.0,485.0
169469.0,0.0,-3.1186,0.0,-0.08901,0.0,0.0,-1.0,0.0,0.0,99.0,485.0
169479.0,0.0,-3.1186,0.0,-0.08901,0.0,0.0,-1.0,0.0,0.0,99.0,491.0
169489.0,0.0,-3.1186,0.0,-0.08901,0.0,0.0,-1.0,0.0,0.0,99.0,484.0
169500.0,0.0,-3.1186,0.0,-0.08901,0.0,0.0,-1.0,0.0,0.0,99.0,483.0
169510.0,0.0,-3.1186,-0.0,-0.08901,0.0,0.0,-1.0,0.0,0.0,99.0,485.0
169520.0,0.0,-3.1186,-0.0,-0.08901,0.0,0.0,-1.0,0.0,0.0,99.0,478.0
169530.0,0.0,-3.1186,-0.0,-0.08901,0.0,0.0,-1.0,0.0,0.0,99.0,485.0
169540.0,0.0,-3.1186,-0.0,-0.08901,0.0,0.0,-1.0,0.0,0.0,99.0,484.0
169550.0,0.0,-3.1186,-0.0,-0.08901,0.0,0.0,-1.0,0.0,0.0,99.0,484.0
169560.0,0.0,-3.1186,-0.004,-0.08901,0.0,0.0,-1.0,0.0,0.0,99.0,491.0
169571.0,0.0,-3.1186,-0.01,-0.08901,0.0,0.0,-1.0,0.0,0.0,99.0,477.0
169581.0,0.0,-3.1186,-0.007,-0.08901,0.0,0.0,-1.0,0.0,0.0,99.0,478.0
169591.0,0.0,-3.1201,-0.014,-0.08901,0.0,0.0,-1.0,0.0,0.0,99.0,477.0
169601.0,0.0,-3.1201,-0.011,-0.08901,0.0,0.0,-1.0,0.0,0.0,99.0,485.0
169611.0,0.0,-3.1186,-0.012,-0.08901,0.0,0.0,-1.0,0.0,0.0,99.0,492.0
169621.0,0.0,-3.1201,-0.016,-0.08901,0.0,0.0,-1.0,0.0,0.0,99.0,484.0
169632.0,0.0,-3.1186,-0.011,-0.08901,0.0,0.0,-1.0,0.0,0.0,99.0,491.0
169642.0,0.0,-3.1201,-0.013,-0.08901,0.0,0.0,-1.0,0.0,0.0,99.0,491.0
169652.0,0.0,-3.1186,-0.008,-0.08901,0.0,0.0,-1.0,0.0,0.0,99.0,477.0
169662.0,0.0,-3.1201,-0.009,-0.08901,0.0,0.0,-1.0,0.0,0.0,99.0,478.0
169673.0,0.0,-3.1201,-0.005,-0.08901,0.0,0.0,-1.0,0.0,0.0,99.0,477.0
169683.0,0.0,-3.1201,-0.003,-0.08901,0.0,0.0,-1.0,0.0,0.0,99.0,485.0
169693.0,0.0,-3.1186,0.004,-0.08901,0.0,0.0,-1.0,0.0,0.0,99.0,485.0
169703.0,0.0,-3.1186,0.007,-0.08901,0.0,0.0,-1.0,0.0,0.0,99.0,485.0
169713.0,0.0,-3.1186,0.001,-0.08901,0.0,0.0,-1.0,0.0,0.0,99.0,485.0
169724.0,0.0,-3.1201,0.013,-0.08901,0.0,0.0,-1.0,0.0,0.0,99.0,478.0
169734.0,0.0,-3.1186,0.016,-0.08901,0.0,0.0,-1.0,0.0,0.0,99.0,485.0
169744.0,0.0,-3.1186,0.022,-0.08901,0.0,0.0,-1.0,0.0,0.0,99.0,478.0
169754.0,0.0,-3.1186,0.017,-0.08901,0.0,0.0,-1.0,0.0,0.0,99.0,485.0
169764.0,0.0,-3.1186,0.012,-0.08901,0.0,0.0,-1.0,0.0,0.0,99.0,492.0
169774.0,0.0,-3.1186,0.012,-0.08901,0.0,0.0,-1.0,0.0,0.0,99.0,485.0
169784.0,0.0,-3.1186,0.009,-0.08901,0.0,0.0,-1.0,0.0,0.0,99.0,485.0
169794.0,0.0,-3.1186,0.006,-0.08901,0.0,0.0,-1.0,0.0,0.0,99.0,484.0
169805.0,0.0,-3.1186,0.004,-0.08901,0.0,0.0,-1.0,0.0,0.0,99.0,485.0
169815.0,0.0,-3.1186,0.003,-0.08901,0.0,0.0,-1.0,0.0,0.0,99.0,486.0
169825.0,0.0,-3.1186,0.002,-0.08901,0.0,0.0,-1.0,0.0,0.0,99.0,484.0
169835.0,0.0,-3.1186,0.003,-0.08901,0.0,0.0,-1.0,0.0,0.0,99.0,485.0
169845.0,0.0,-3.1186,0.0,-0.08901,0.0,0.0,-1.0,0.0,0.0,99.0,491.0
169856.0,0.0,-3.1186,-0.001,-0.08901,0.0,0.0,-1.0,0.0,0.0,99.0,492.0
169866.0,0.0,-3.1186,-0.001,-0.08901,0.0,0.0,-1.0,0.0,0.0,99.0,477.0
169876.0,0.0,-3.1186,-0.001,-0.08901,0.0,0.0,-1.0,0.0,0.0,99.0,484.0
169886.0,0.0,-3.1186,0.005,-0.08901,0.0,0.0,-1.0,0.0,0.0,99.0,484.0
169896.0,0.0,-3.1186,0.001,-0.08901,0.0,0.0,-1.0,0.0,0.0,99.0,477.0
169906.0,0.0,-3.117,0.02,-0.08901,0.0,0.0,-1.0,0.0,0.0,99.0,484.0
169917.0,0.0,-3.117,0.025,-0.08901,0.0,0.0,-1.0,0.0,0.0,99.0,477.0
169927.0,0.0,-3.117,0.012,-0.08901,0.0,0.0,-1.0,0.0,0.0,99.0,492.0
169937.0,0.0,-3.117,0.018,-0.08901,0.0,0.0,-1.0,0.0,0.0,99.0,485.0
169947.0,0.0,-3.117,0.015,-0.08901,0.0,0.0,-1.0,0.0,0.0,99.0,477.0
169958.0,0.0,-3.117,0.026,-0.08901,0.0,0.0,-1.0,0.0,0.0,99.0,477.0
169968.0,0.0,-3.117,0.035,-0.08901,0.0,0.0,-1.0,0.0,0.0,99.0,484.0
169978.0,0.0,-3.1155,0.044,-0.08901,0.0,0.0,-1.0,0.0,0.0,99.0,485.0
169988.0,0.0,-3.1155,0.026,-0.08901,0.0,0.0,-1.0,0.0,0.0,99.0,477.0
169998.0,0.0,-3.117,0.011,-0.08901,0.0,0.0,-1.0,0.0,0.0,99.0,477.0
170008.0,0.0,-3.117,-0.007,-0.08901,0.0,0.0,-1.0,0.0,0.0,99.0,478.0
170018.0,0.0,-3.117,-0.019,-0.08901,0.0,0.0,-1.0,0.0,0.0,99.0,485.0
170029.0,0.0,-3.1155,-0.014,-0.08901,0.0,0.0,-1.0,0.0,0.0,99.0,478.0
170039.0,0.0,-3.117,-0.014,-0.08901,0.0,0.0,-1.0,0.0,0.0,99.0,484.0
170049.0,0.0,-3.1186,-0.022,-0.08901,0.0,0.0,-1.0,0.0,0.0,99.0,478.0
170060.0,0.0,-3.1186,-0.03,-0.08901,0.0,0.0,-1.0,0.0,0.0,99.0,485.0
170070.0,0.0,-3.117,-0.016,-0.08901,0.0,0.0,-1.0,0.0,0.0,99.0,485.0
170080.0,0.0,-3.117,0.003,-0.08901,0.0,0.0,-1.0,0.0,0.0,99.0,478.0
170090.0,0.0,-3.1186,-0.016,-0.08901,0.0,0.0,-1.0,0.0,0.0,99.0,491.0
170100.0,0.0,-3.1247,-0.111,-0.08901,0.0,0.0,-1.0,0.0,0.0,99.0,485.0
170111.0,0.0,-3.1263,-0.196,-0.08901,0.0,0.0,-1.0,0.0,0.0,99.0,478.0
170121.0,0.0,-3.1247,-0.14,-0.08901,0.0,0.0,-1.0,0.0,0.0,99.0,486.0
170131.0,0.0,-3.1232,-0.059,-0.08901,0.0,0.0,-1.0,0.0,0.0,99.0,484.0
170141.0,0.0,-3.1263,-0.059,-0.08901,0.0,0.0,-1.0,0.0,0.0,99.0,485.0
170151.0,0.0,-3.137,-0.218,-0.08901,0.0,0.0,-1.0,0.0,0.0,99.0,478.0
170162.0,0.0,3.1278,-0.631,-0.08901,0.0,0.0,-1.0,0.0,0.0,99.0,477.0
170172.0,0.0,3.1309,-0.604,-0.08901,0.0,0.0,-1.0,0.0,0.0,99.0,483.0
170182.0,0.0,3.1232,-0.558,-0.08901,0.0,0.0,-1.0,0.0,0.0,99.0,477.0
170192.0,0.0,3.117,-0.588,-0.08901,0.0,0.0,-1.0,0.0,0.0,99.0,484.0
170202.0,0.0,3.114,-0.551,-0.08901,0.0,0.0,-1.0,0.0,0.0,99.0,477.0
170212.0,0.0,3.114,-0.483,-0.08901,0.0,0.0,-1.0,0.0,0.0,99.0,483.0
170223.0,0.0,3.114,-0.382,-0.08901,0.0,0.0,-1.0,0.0,0.0,99.0,483.0
170233.0,0.0,3.1032,-0.412,-0.08901,0.0,0.0,-1.0,0.0,0.0,99.0,477.0
170243.0,0.0,3.094,-0.485,-0.08901,0.0,0.0,-1.0,0.0,0.0,99.0,484.0
170253.0,0.0,3.0894,-0.558,-0.08901,0.0,0.0,-1.0,0.0,0.0,99.0,475.0
170263.0,0.0,3.0818,-0.614,-0.08901,0.0,0.0,-1.0,0.0,0.0,99.0,483.0
170274.0,0.0,3.0756,-0.626,-0.08901,0.0,0.0,-1.0,0.0,0.0,99.0,477.0
170284.0,0.0,3.0756,-0.596,-0.08901,0.0,0.0,-1.0,0.0,0.0,99.0,477.0
170294.0,0.0,3.071,-0.538,-0.08901,0.0,0.0,-1.0,0.0,0.0,99.0,477.0
170304.0,0.0,3.0695,-0.363,-0.08901,0.0,0.0,-1.0,0.0,0.0,99.0,477.0
170314.0,0.0,3.0695,-0.234,-0.08901,0.0,0.0,-1.0,0.0,0.0,99.0,477.0
170324.0,0.0,3.071,-0.112,-0.08901,0.0,0.0,-1.0,0.0,0.0,99.0,477.0
170335.0,0.0,3.0726,-0.025,-0.08901,0.0,0.0,-1.0,0.0,0.0,99.0,477.0
170345.0,0.0,3.0772,0.061,-0.08901,0.0,0.0,-1.0,0.0,0.0,99.0,483.0
170355.0,0.0,3.0833,0.195,-0.08901,0.0,0.0,-1.0,0.0,0.0,99.0,477.0
170365.0,0.0,3.0894,0.312,-0.08901,0.0,0.0,-1.0,0.0,0.0,99.0,477.0
170375.0,0.0,3.0956,0.409,-0.08901,0.0,0.0,-1.0,0.0,0.0,99.0,477.0
170385.0,0.0,3.1017,0.494,-0.08901,0.0,0.0,-1.0,0.0,0.0,99.0,477.0
170395.0,0.0,3.1078,0.533,-0.08901,0.0,0.0,-1.0,0.0,0.0,99.0,483.0
170406.0,0.0,3.114,0.552,-0.08901,0.0,0.0,-1.0,0.0,0.0,99.0,477.0
170416.0,0.0,3.1186,0.538,-0.08901,0.0,0.0,-1.0,0.0,0.0,99.0,477.0
170426.0,0.0,3.1232,0.548,-0.08901,0.0,0.0,-1.0,0.0,0.0,99.0,477.0
170436.0,0.0,3.1309,0.571,-0.08901,0.0,0.0,-1.0,0.0,0.0,99.0,477.0
170446.0,0.0,3.137,0.594,-0.08901,0.0,0.0,-1.0,0.0,0.0,99.0,477.0
170456.0,0.0,-3.1385,0.618,-0.08901,0.0,0.0,-1.0,0.0,0.0,99.0,484.0
170467.0,0.0,-3.1339,0.605,-0.08901,0.0,0.0,-1.0,0.0,0.0,99.0,485.0
170477.0,0.0,-3.1293,0.574,-0.08901,0.0,0.0,-1.0,0.0,0.0,99.0,485.0
170487.0,0.0,-3.1263,0.496,-0.08901,0.0,0.0,-1.0,0.0,0.0,99.0,478.0
170497.0,0.0,-3.1263,0.392,-0.08901,0.0,0.0,-1.0,0.0,0.0,99.0,478.0
170508.0,0.0,-3.1232,0.312,-0.08901,0.0,0.0,-1.0,0.0,0.0,99.0,477.0
170518.0,0.0,-3.1186,0.32,-0.08901,0.0,0.0,-1.0,0.0,0.0,99.0,478.0
170528.0,0.0,-3.1124,0.379,-0.08901,0.0,0.0,-1.0,0.0,0.0,99.0,485.0
170538.0,0.0,-3.1063,0.433,-0.08901,0.0,0.0,-1.0,0.0,0.0,99.0,491.0
170548.0,0.0,-3.1002,0.486,-0.08901,0.0,0.0,-1.0,0.0,0.0,99.0,485.0
170559.0,0.0,-3.0879,0.631,-0.08901,0.0,0.0,-1.0,0.0,0.0,99.0,485.0
170569.0,0.0,-3.0787,0.768,-0.08901,0.0,0.0,-1.0,0.0,0.0,99.0,485.0
170579.0,0.0,-3.0695,0.821,-0.08901,0.0,0.0,-1.0,0.0,0.0,99.0,485.0
170589.0,0.0,-3.0649,0.786,-0.08901,0.0,0.0,-1.0,0.0,0.0,99.0,478.0
170600.0,0.0,-3.0603,0.71,-0.08901,0.0,0.0,-1.0,0.0,0.0,99.0,478.0
170610.0,0.0,-3.0588,0.563,-0.08901,0.0,0.0,-1.0,0.0,0.0,99.0,485.0
170620.0,0.0,-3.0588,0.404,-0.08901,0.0,0.0,-1.0,0.0,0.0,99.0,485.0
170630.0,0.0,-3.0649,0.172,-0.08901,0.0,0.0,-1.0,0.0,0.0,99.0,491.0
170640.0,0.0,-3.0726,-0.102,-0.08901,0.0,0.0,-1.0,0.0,0.0,99.0,485.0
170651.0,0.0,-3.0818,-0.333,-0.08901,0.0,0.0,-1.0,0.0,0.0,99.0,478.0
170661.0,0.0,-3.0879,-0.506,-0.08901,0.0,0.0,-1.0,0.0,0.0,99.0,485.0
170671.0,0.0,-3.094,-0.556,-0.08901,0.0,0.0,-1.0,0.0,0.0,99.0,483.0
170681.0,0.0,-3.0986,-0.561,-0.08901,0.0,0.0,-1.0,0.0,0.0,99.0,484.0
170691.0,0.0,-3.1048,-0.542,-0.08901,0.0,0.0,-1.0,0.0,0.0,99.0,484.0
170702.0,0.0,-3.1094,-0.52,-0.08901,0.0,0.0,-1.0,0.0,0.0,99.0,478.0
170712.0,0.0,-3.1155,-0.53,-0.08901,0.0,0.0,-1.0,0.0,0.0,99.0,485.0
170722.0,0.0,-3.1217,-0.549,-0.08901,0.0,0.0,-1.0,0.0,0.0,99.0,484.0
170732.0,0.0,-3.1278,-0.581,-0.08901,0.0,0.0,-1.0,0.0,0.0,99.0,478.0
170743.0,0.0,-3.1339,-0.589,-0.08901,0.0,0.0,-1.0,0.0,0.0,99.0,485.0
170753.0,0.0,-3.1385,-0.579,-0.08901,0.0,0.0,-1.0,0.0,0.0,99.0,492.0
170763.0,0.0,3.137,-0.584,-0.08901,0.0,0.0,-1.0,0.0,0.0,99.0,483.0
170773.0,0.0,3.1293,-0.609,-0.08901,0.0,0.0,-1.0,0.0,0.0,99.0,477.0
170784.0,0.0,3.1232,-0.644,-0.08901,0.0,0.0,-1.0,0.0,0.0,99.0,477.0
170794.0,0.0,3.117,-0.638,-0.08901,0.0,0.0,-1.0,0.0,0.0,99.0,483.0
170804.0,0.0,3.1124,-0.594,-0.08901,0.0,0.0,-1.0,0.0,0.0,99.0,477.0
170814.0,0.0,3.1094,-0.535,-0.08901,0.0,0.0,-1.0,0.0,0.0,99.0,477.0
170824.0,0.0,3.1048,-0.493,-0.08901,0.0,0.0,-1.0,0.0,0.0,99.0,483.0
170834.0,0.0,3.1017,-0.443,-0.08901,0.0,0.0,-1.0,0.0,0.0,99.0,477.0
170844.0,0.0,3.0986,-0.394,-0.08901,0.0,0.0,-1.0,0.0,0.0,99.0,483.0
170855.0,0.0,3.0971,-0.337,-0.08901,0.0,0.0,-1.0,0.0,0.0,99.0,477.0
170865.0,0.0,3.0956,-0.29,-0.08901,0.0,0.0,-1.0,0.0,0.0,99.0,477.0
170875.0,0.0,3.0956,-0.21,-0.08901,0.0,0.0,-1.0,0.0,0.0,99.0,483.0
170885.0,0.0,3.0971,-0.131,-0.08901,0.0,0.0,-1.0,0.0,0.0,99.0,477.0
170896.0,0.0,3.0971,-0.059,-0.08901,0.0,0.0,-1.0,0.0,0.0,99.0,477.0
170906.0,0.0,3.0956,-0.051,-0.08901,0.0,0.0,-1.0,0.0,0.0,99.0,477.0
170916.0,0.0,3.091,-0.109,-0.08901,0.0,0.0,-1.0,0.0,0.0,99.0,483.0
170926.0,0.0,3.0894,-0.168,-0.08901,0.0,0.0,-1.0,0.0,0.0,99.0,477.0
170936.0,0.0,3.0894,-0.149,-0.08901,0.0,0.0,-1.0,0.0,0.0,99.0,483.0
170946.0,0.0,3.0879,-0.133,-0.08901,0.0,0.0,-1.0,0.0,0.0,99.0,477.0
170957.0,0.0,3.0879,-0.111,-0.08901,0.0,0.0,-1.0,0.0,0.0,99.0,477.0
170967.0,0.0,3.0879,-0.08,-0.08901,0.0,0.0,-1.0,0.0,0.0,99.0,483.0
170977.0,0.0,3.0879,-0.049,-0.08901,0.0,0.0,-1.0,0.0,0.0,99.0,477.0
170987.0,0.0,3.0894,-0.004,-0.08901,0.0,0.0,-1.0,0.0,0.0,99.0,477.0
170997.0,0.0,3.0894,0.014,-0.08901,0.0,0.0,-1.0,0.0,0.0,99.0,477.0
171007.0,0.0,3.091,0.046,-0.08901,0.0,0.0,-1.0,0.0,0.0,99.0,483.0
171017.0,0.0,3.091,0.049,-0.08901,0.0,0.0,-1.0,0.0,0.0,99.0,484.0
171028.0,0.0,3.091,0.038,-0.08901,0.0,0.0,-1.0,0.0,0.0,99.0,483.0
171038.0,0.0,3.0894,0.02,-0.08901,0.0,0.0,-1.0,0.0,0.0,99.0,477.0
171048.0,0.0,3.0879,-0.038,-0.08901,0.0,0.0,-1.0,0.0,0.0,99.0,477.0
171058.0,0.0,3.0864,-0.083,-0.08901,0.0,0.0,-1.0,0.0,0.0,99.0,484.0
171068.0,0.0,3.0833,-0.138,-0.08901,0.0,0.0,-1.0,0.0,0.0,99.0,477.0
171078.0,0.0,3.0818,-0.151,-0.08901,0.0,0.0,-1.0,0.0,0.0,99.0,483.0
171089.0,0.0,3.0818,-0.151,-0.08901,0.0,0.0,-1.0,0.0,0.0,99.0,483.0
171099.0,0.0,3.0787,-0.166,-0.08901,0.0,0.0,-1.0,0.0,0.0,99.0,477.0
171109.0,0.0,3.0787,-0.144,-0.08901,0.0,0.0,-1.0,0.0,0.0,99.0,483.0
171119.0,0.0,3.0787,-0.105,-0.08901,0.0,0.0,-1.0,0.0,0.0,99.0,469.0
171129.0,0.0,3.0787,-0.062,-0.08901,0.0,0.0,-1.0,0.0,0.0,99.0,475.0
171139.0,0.0,3.0818,0.006,-0.08901,0.0,0.0,-1.0,0.0,0.0,99.0,477.0
171149.0,0.0,3.0833,0.062,-0.08901,0.0,0.0,-1.0,0.0,0.0,99.0,483.0
171160.0,0.0,3.0864,0.128,-0.08901,0.0,0.0,-1.0,0.0,0.0,99.0,483.0
171170.0,0.0,3.0894,0.189,-0.08901,0.0,0.0,-1.0,0.0,0.0,99.0,477.0
171180.0,0.0,3.0925,0.21,-0.08901,0.0,0.0,-1.0,0.0,0.0,99.0,469.0
171190.0,0.0,3.094,0.229,-0.08901,0.0,0.0,-1.0,0.0,0.0,99.0,477.0
171200.0,0.0,3.0971,0.238,-0.08901,0.0,0.0,-1.0,0.0,0.0,99.0,483.0
171210.0,0.0,3.0986,0.244,-0.08901,0.0,0.0,-1.0,0.0,0.0,99.0,484.0
171221.0,0.0,3.1017,0.251,-0.08901,0.0,0.0,-1.0,0.0,0.0,99.0,484.0
171231.0,0.0,3.1032,0.234,-0.08901,0.0,0.0,-1.0,0.0,0.0,99.0,484.0
171241.0,0.0,3.1048,0.21,-0.08901,0.0,0.0,-1.0,0.0,0.0,99.0,477.0
171251.0,0.0,3.1078,0.213,-0.08901,0.0,0.0,-1.0,0.0,0.0,99.0,477.0
171261.0,0.0,3.1109,0.238,-0.08901,0.0,0.0,-1.0,0.0,0.0,99.0,477.0
171271.0,0.0,3.1124,0.229,-0.08901,0.0,0.0,-1.0,0.0,0.0,99.0,484.0
171282.0,0.0,3.1109,0.169,-0.08901,0.0,0.0,-1.0,0.0,0.0,99.0,477.0
171292.0,0.0,3.114,0.137,-0.08901,0.0,0.0,-1.0,0.0,0.0,99.0,477.0
171302.0,0.0,3.1217,0.24,-0.08901,0.0,0.0,-1.0,0.0,0.0,99.0,477.0
171312.0,0.0,3.1278,0.369,-0.08901,0.0,0.0,-1.0,0.0,0.0,99.0,477.0
171322.0,0.0,3.1355,0.473,-0.08901,0.0,0.0,-1.0,0.0,0.0,99.0,477.0
171332.0,0.0,-3.137,0.598,-0.08901,0.0,0.0,-1.0,0.0,0.0,99.0,483.0
171342.0,0.0,-3.1232,0.804,-0.08901,0.0,0.0,-1.0,0.0,0.0,99.0,483.0
171352.0,0.0,-3.1155,0.903,-0.08901,0.0,0.0,-1.0,0.0,0.0,99.0,484.0
171362.0,0.0,-3.1094,0.867,-0.08901,0.0,0.0,-1.0,0.0,0.0,99.0,485.0
171372.0,0.0,-3.1048,0.77,-0.08901,0.0,0.0,-1.0,0.0,0.0,99.0,483.0
171383.0,0.0,-3.1048,0.616,-0.08901,0.0,0.0,-1.0,0.0,0.0,99.0,477.0
171393.0,0.0,-3.1048,0.434,-0.08901,0.0,0.0,-1.0,0.0,0.0,99.0,492.0
171403.0,0.0,-3.1063,0.26,-0.08901,0.0,0.0,-1.0,0.0,0.0,99.0,484.0
171413.0,0.0,-3.1109,0.052,-0.08901,0.0,0.0,-1.0,0.0,0.0,99.0,477.0
171423.0,0.0,-3.1155,-0.099,-0.08901,0.0,0.0,-1.0,0.0,0.0,99.0,477.0
171433.0,0.0,-3.1186,-0.199,-0.08901,0.0,0.0,-1.0,0.0,0.0,99.0,491.0
171444.0,0.0,-3.1232,-0.28,-0.08901,0.0,0.0,-1.0,0.0,0.0,99.0,485.0
171454.0,0.0,-3.1278,-0.34,-0.08901,0.0,0.0,-1.0,0.0,0.0,99.0,485.0
171464.0,0.0,-3.1309,-0.36,-0.08901,0.0,0.0,-1.0,0.0,0.0,99.0,491.0
171474.0,0.0,-3.1355,-0.366,-0.08901,0.0,0.0,-1.0,0.0,0.0,99.0,477.0
171485.0,0.0,-3.1385,-0.367,-0.08901,0.0,0.0,-1.0,0.0,0.0,99.0,477.0
171495.0,0.0,-3.1401,-0.331,-0.08901,0.0,0.0,-1.0,0.0,0.0,99.0,478.0
171505.0,0.0,3.1401,-0.301,-0.08901,0.0,0.0,-1.0,0.0,0.0,99.0,477.0
171515.0,0.0,3.137,-0.285,-0.08901,0.0,0.0,-1.0,0.0,0.0,99.0,484.0
171525.0,0.0,3.1355,-0.277,-0.08901,0.0,0.0,-1.0,0.0,0.0,99.0,477.0
171536.0,0.0,3.1324,-0.255,-0.08901,0.0,0.0,-1.0,0.0,0.0,99.0,477.0
171546.0,0.0,3.1309,-0.243,-0.08901,0.0,0.0,-1.0,0.0,0.0,99.0,483.0
171556.0,0.0,3.1278,-0.239,-0.08901,0.0,0.0,-1.0,0.0,0.0,99.0,477.0
171566.0,0.0,3.1263,-0.235,-0.08901,0.0,0.0,-1.0,0.0,0.0,99.0,483.0
171576.0,0.0,3.1247,-0.223,-0.08901,0.0,0.0,-1.0,0.0,0.0,99.0,483.0
171586.0,0.0,3.1232,-0.201,-0.08901,0.0,0.0,-1.0,0.0,0.0,99.0,484.0
171596.0,0.0,3.1232,-0.161,-0.08901,0.0,0.0,-1.0,0.0,0.0,99.0,483.0
171607.0,0.0,3.1232,-0.106,-0.08901,0.0,0.0,-1.0,0.0,0.0,99.0,483.0
171617.0,0.0,3.1232,-0.066,-0.08901,0.0,0.0,-1.0,0.0,0.0,99.0,477.0
171627.0,0.0,3.1232,-0.042,-0.08901,0.0,0.0,-1.0,0.0,0.0,99.0,469.0
171637.0,0.0,3.1232,-0.022,-0.08901,0.0,0.0,-1.0,0.0,0.0,99.0,483.0
171647.0,0.0,3.1263,0.029,-0.08901,0.0,0.0,-1.0,0.0,0.0,99.0,484.0
171658.0,0.0,3.1278,0.07,-0.08901,0.0,0.0,-1.0,0.0,0.0,99.0,483.0
171668.0,0.0,3.1293,0.114,-0.08901,0.0,0.0,-1.0,0.0,0.0,99.0,477.0
171678.0,0.0,3.1309,0.129,-0.08901,0.0,0.0,-1.0,0.0,0.0,99.0,477.0
171688.0,0.0,3.1309,0.124,-0.08901,0.0,0.0,-1.0,0.0,0.0,99.0,483.0
171698.0,0.0,3.1309,0.113,-0.08901,0.0,0.0,-1.0,0.0,0.0,99.0,484.0
171709.0,0.0,3.1324,0.1,-0.08901,0.0,0.0,-1.0,0.0,0.0,99.0,477.0
171719.0,0.0,3.1309,0.047,-0.08901,0.0,0.0,-1.0,0.0,0.0,99.0,483.0
171729.0,0.0,3.1309,-0.015,-0.08901,0.0,0.0,-1.0,0.0,0.0,99.0,483.0
171739.0,0.0,3.1309,-0.005,-0.08901,0.0,0.0,-1.0,0.0,0.0,99.0,477.0
171749.0,0.0,3.1309,-0.003,-0.08901,0.0,0.0,-1.0,0.0,0.0,99.0,477.0
171759.0,0.0,3.1309,0.005,-0.08901,0.0,0.0,-1.0,0.0,0.0,99.0,483.0
171770.0,0.0,3.1309,0.008,-0.08901,0.0,0.0,-1.0,0.0,0.0,99.0,477.0
171780.0,0.0,3.1309,0.007,-0.08901,0.0,0.0,-1.0,0.0,0.0,99.0,477.0
171790.0,0.0,3.1309,0.005,-0.08901,0.0,0.0,-1.0,0.0,0.0,99.0,477.0
171800.0,0.0,3.1293,-0.012,-0.08901,0.0,0.0,-1.0,0.0,0.0,99.0,477.0
171810.0,0.0,3.1293,-0.032,-0.08901,0.0,0.0,-1.0,0.0,0.0,99.0,477.0
171820.0,0.0,3.1293,-0.042,-0.08901,0.0,0.0,-1.0,0.0,0.0,99.0,483.0
171831.0,0.0,3.1278,-0.06,-0.08901,0.0,0.0,-1.0,0.0,0.0,99.0,483.0
171841.0,0.0,3.1263,-0.067,-0.08901,0.0,0.0,-1.0,0.0,0.0,99.0,483.0
171851.0,0.0,3.1263,-0.071,-0.08901,0.0,0.0,-1.0,0.0,0.0,99.0,477.0
171861.0,0.0,3.1247,-0.075,-0.08901,0.0,0.0,-1.0,0.0,0.0,99.0,477.0
171871.0,0.0,3.1247,-0.075,-0.08901,0.0,0.0,-1.0,0.0,0.0,99.0,484.0
171881.0,0.0,3.1232,-0.064,-0.08901,0.0,0.0,-1.0,0.0,0.0,99.0,483.0
171892.0,0.0,3.1247,-0.041,-0.08901,0.0,0.0,-1.0,0.0,0.0,99.0,483.0
171902.0,0.0,3.1247,-0.032,-0.08901,0.0,0.0,-1.0,0.0,0.0,99.0,477.0
171912.0,0.0,3.1232,-0.037,-0.08901,0.0,0.0,-1.0,0.0,0.0,99.0,477.0
171922.0,0.0,3.1232,-0.043,-0.08901,0.0,0.0,-1.0,0.0,0.0,99.0,483.0
171932.0,0.0,3.1232,-0.035,-0.08901,0.0,0.0,-1.0,0.0,0.0,99.0,477.0
171942.0,0.0,3.1247,-0.019,-0.08901,0.0,0.0,-1.0,0.0,0.0,99.0,483.0
171953.0,0.0,3.1232,0.0,-0.08901,0.0,0.0,-1.0,0.0,0.0,99.0,483.0
171963.0,0.0,3.1247,0.022,-0.08901,0.0,0.0,-1.0,0.0,0.0,99.0,483.0
171973.0,0.0,3.1247,0.019,-0.08901,0.0,0.0,-1.0,0.0,0.0,99.0,477.0
171983.0,0.0,3.1247,0.018,-0.08901,0.0,0.0,-1.0,0.0,0.0,99.0,477.0
171993.0,0.0,3.1247,0.015,-0.08901,0.0,0.0,-1.0,0.0,0.0,99.0,478.0
172003.0,0.0,3.1263,0.044,-0.08901,0.0,0.0,-1.0,0.0,0.0,99.0,483.0
172014.0,0.0,3.1263,0.043,-0.08901,0.0,0.0,-1.0,0.0,0.0,99.0,477.0
172024.0,0.0,3.1293,0.07,-0.08901,0.0,0.0,-1.0,0.0,0.0,99.0,483.0
172034.0,0.0,3.1293,0.093,-0.08901,0.0,0.0,-1.0,0.0,0.0,99.0,477.0
172044.0,0.0,3.1324,0.116,-0.08901,0.0,0.0,-1.0,0.0,0.0,99.0,477.0
172055.0,0.0,3.1339,0.14,-0.08901,0.0,0.0,-1.0,0.0,0.0,99.0,477.0
172065.0,0.0,3.1355,0.154,-0.08901,0.0,0.0,-1.0,0.0,0.0,99.0,483.0
172075.0,0.0,3.137,0.172,-0.08901,0.0,0.0,-1.0,0.0,0.0,99.0,477.0
172085.0,0.0,3.1401,0.177,-0.08901,0.0,0.0,-1.0,0.0,0.0,99.0,477.0
172095.0,0.0,-3.1401,0.198,-0.08901,0.0,0.0,-1.0,0.0,0.0,99.0,485.0
172105.0,0.0,-3.1385,0.204,-0.08901,0.0,0.0,-1.0,0.0,0.0,99.0,485.0
172116.0,0.0,-3.137,0.216,-0.08901,0.0,0.0,-1.0,0.0,0.0,99.0,483.0
172126.0,0.0,-3.1339,0.231,-0.08901,0.0,0.0,-1.0,0.0,0.0,99.0,491.0
172136.0,0.0,-3.1309,0.237,-0.08901,0.0,0.0,-1.0,0.0,0.0,99.0,491.0
172146.0,0.0,-3.1293,0.25,-0.08901,0.0,0.0,-1.0,0.0,0.0,99.0,485.0
172157.0,0.0,-3.1278,0.233,-0.08901,0.0,0.0,-1.0,0.0,0.0,99.0,485.0
172167.0,0.0,-3.1263,0.199,-0.08901,0.0,0.0,-1.0,0.0,0.0,99.0,477.0
172177.0,0.0,-3.1263,0.157,-0.08901,0.0,0.0,-1.0,0.0,0.0,99.0,485.0
172187.0,0.0,-3.1263,0.098,-0.08901,0.0,0.0,-1.0,0.0,0.0,99.0,477.0
172197.0,0.0,-3.1278,0.039,-0.08901,0.0,0.0,-1.0,0.0,0.0,99.0,484.0
172208.0,0.0,-3.1293,-0.034,-0.08901,0.0,0.0,-1.0,0.0,0.0,99.0,477.0
172218.0,0.0,-3.1324,-0.1,-0.08901,0.0,0.0,-1.0,0.0,0.0,99.0,478.0
172228.0,0.0,-3.1355,-0.151,-0.08901,0.0,0.0,-1.0,0.0,0.0,99.0,485.0
172238.0,0.0,-3.137,-0.182,-0.08901,0.0,0.0,-1.0,0.0,0.0,99.0,485.0
172248.0,0.0,-3.1385,-0.186,-0.08901,0.0,0.0,-1.0,0.0,0.0,99.0,492.0
172258.0,0.0,3.1416,-0.192,-0.08901,0.0,0.0,-1.0,0.0,0.0,99.0,477.0
172269.0,0.0,3.1401,-0.2,-0.08901,0.0,0.0,-1.0,0.0,0.0,99.0,477.0
172279.0,0.0,3.137,-0.207,-0.08901,0.0,0.0,-1.0,0.0,0.0,99.0,477.0
172289.0,0.0,3.1355,-0.209,-0.08901,0.0,0.0,-1.0,0.0,0.0,99.0,477.0
172299.0,0.0,3.1339,-0.2,-0.08901,0.0,0.0,-1.0,0.0,0.0,99.0,477.0
172309.0,0.0,3.1324,-0.184,-0.08901,0.0,0.0,-1.0,0.0,0.0,99.0,483.0
172319.0,0.0,3.1309,-0.163,-0.08901,0.0,0.0,-1.0,0.0,0.0,99.0,477.0
172329.0,0.0,3.1293,-0.159,-0.08901,0.0,0.0,-1.0,0.0,0.0,99.0,483.0
172340.0,0.0,3.1278,-0.156,-0.08901,0.0,0.0,-1.0,0.0,0.0,99.0,483.0
172350.0,0.0,3.1278,-0.141,-0.08901,0.0,0.0,-1.0,0.0,0.0,99.0,477.0
172360.0,0.0,3.1263,-0.115,-0.08901,0.0,0.0,-1.0,0.0,0.0,99.0,483.0
172370.0,0.0,3.1263,-0.102,-0.08901,0.0,0.0,-1.0,0.0,0.0,99.0,469.0
172380.0,0.0,3.1263,-0.08,-0.08901,0.0,0.0,-1.0,0.0,0.0,99.0,477.0
172390.0,0.0,3.1263,-0.056,-0.08901,0.0,0.0,-1.0,0.0,0.0,99.0,483.0
172401.0,0.0,3.1263,-0.036,-0.08901,0.0,0.0,-1.0,0.0,0.0,99.0,477.0
172411.0,0.0,3.1278,-0.007,-0.08901,0.0,0.0,-1.0,0.0,0.0,99.0,483.0
172421.0,0.0,3.1278,0.023,-0.08901,0.0,0.0,-1.0,0.0,0.0,99.0,477.0
172431.0,0.0,3.1293,0.056,-0.08901,0.0,0.0,-1.0,0.0,0.0,99.0,477.0
172441.0,0.0,3.1309,0.079,-0.08901,0.0,0.0,-1.0,0.0,0.0,99.0,484.0
172451.0,0.0,3.1324,0.099,-0.08901,0.0,0.0,-1.0,0.0,0.0,99.0,484.0
172462.0,0.0,3.1339,0.113,-0.08901,0.0,0.0,-1.0,0.0,0.0,99.0,484.0
172472.0,0.0,3.1355,0.138,-0.08901,0.0,0.0,-1.0,0.0,0.0,99.0,477.0
172482.0,0.0,3.137,0.151,-0.08901,0.0,0.0,-1.0,0.0,0.0,99.0,477.0
172492.0,0.0,3.1401,0.173,-0.08901,0.0,0.0,-1.0,0.0,0.0,99.0,477.0
172502.0,0.0,3.1416,0.188,-0.08901,0.0,0.0,-1.0,0.0,0.0,99.0,483.0
172512.0,0.0,-3.1385,0.199,-0.08901,0.0,0.0,-1.0,0.0,0.0,99.0,485.0
172522.0,0.0,-3.137,0.209,-0.08901,0.0,0.0,-1.0,0.0,0.0,99.0,485.0
172532.0,0.0,-3.1339,0.213,-0.08901,0.0,0.0,-1.0,0.0,0.0,99.0,485.0
172542.0,0.0,-3.1324,0.218,-0.08901,0.0,0.0,-1.0,0.0,0.0,99.0,491.0
172552.0,0.0,-3.1309,0.219,-0.08901,0.0,0.0,-1.0,0.0,0.0,99.0,478.0
172563.0,0.0,-3.1278,0.212,-0.08901,0.0,0.0,-1.0,0.0,0.0,99.0,477.0
172573.0,0.0,-3.1263,0.197,-0.08901,0.0,0.0,-1.0,0.0,0.0,99.0,478.0
172583.0,0.0,-3.1263,0.172,-0.08901,0.0,0.0,-1.0,0.0,0.0,99.0,485.0
172593.0,0.0,-3.1247,0.155,-0.08901,0.0,0.0,-1.0,0.0,0.0,99.0,478.0
172603.0,0.0,-3.1247,0.116,-0.08901,0.0,0.0,-1.0,0.0,0.0,99.0,478.0
172613.0,0.0,-3.1247,0.079,-0.08901,0.0,0.0,-1.0,0.0,0.0,99.0,485.0
172623.0,0.0,-3.1263,0.033,-0.08901,0.0,0.0,-1.0,0.0,0.0,99.0,485.0
172633.0,0.0,-3.1278,-0.01,-0.08901,0.0,0.0,-1.0,0.0,0.0,99.0,483.0
172644.0,0.0,-3.1278,-0.048,-0.08901,0.0,0.0,-1.0,0.0,0.0,99.0,485.0
172654.0,0.0,-3.1293,-0.076,-0.08901,0.0,0.0,-1.0,0.0,0.0,99.0,485.0
172664.0,0.0,-3.1309,-0.098,-0.08901,0.0,0.0,-1.0,0.0,0.0,99.0,485.0
172674.0,0.0,-3.1324,-0.12,-0.08901,0.0,0.0,-1.0,0.0,0.0,99.0,485.0
172684.0,0.0,-3.1339,-0.135,-0.08901,0.0,0.0,-1.0,0.0,0.0,99.0,486.0
172694.0,0.0,-3.1355,-0.138,-0.08901,0.0,0.0,-1.0,0.0,0.0,99.0,478.0
172704.0,0.0,-3.137,-0.144,-0.08901,0.0,0.0,-1.0,0.0,0.0,99.0,478.0
172714.0,0.0,-3.137,-0.126,-0.08901,0.0,0.0,-1.0,0.0,0.0,99.0,485.0
172724.0,0.0,-3.1401,-0.134,-0.08901,0.0,0.0,-1.0,0.0,0.0,99.0,485.0
172734.0,0.0,3.1416,-0.132,-0.08901,0.0,0.0,-1.0,0.0,0.0,99.0,491.0
172745.0,0.0,3.1416,-0.129,-0.08901,0.0,0.0,-1.0,0.0,0.0,99.0,483.0
172755.0,0.0,3.1401,-0.124,-0.08901,0.0,0.0,-1.0,0.0,0.0,99.0,477.0
172765.0,0.0,3.1385,-0.126,-0.08901,0.0,0.0,-1.0,0.0,0.0,99.0,483.0
172775.0,0.0,3.1385,-0.109,-0.08901,0.0,0.0,-1.0,0.0,0.0,99.0,483.0
172785.0,0.0,3.1385,-0.102,-0.08901,0.0,0.0,-1.0,0.0,0.0,99.0,475.0
172795.0,0.0,3.137,-0.088,-0.08901,0.0,0.0,-1.0,0.0,0.0,99.0,483.0
172806.0,0.0,3.137,-0.064,-0.08901,0.0,0.0,-1.0,0.0,0.0,99.0,477.0
172816.0,0.0,3.137,-0.053,-0.08901,0.0,0.0,-1.0,0.0,0.0,99.0,484.0
172826.0,0.0,3.1355,-0.062,-0.08901,0.0,0.0,-1.0,0.0,0.0,99.0,477.0
172836.0,0.0,3.1355,-0.045,-0.08901,0.0,0.0,-1.0,0.0,0.0,99.0,477.0
172846.0,0.0,3.1355,-0.034,-0.08901,0.0,0.0,-1.0,0.0,0.0,99.0,477.0
172856.0,0.0,3.1355,-0.023,-0.08901,0.0,0.0,-1.0,0.0,0.0,99.0,483.0
172866.0,0.0,3.137,-0.001,-0.08901,0.0,0.0,-1.0,0.0,0.0,99.0,477.0
172876.0,0.0,3.137,0.025,-0.08901,0.0,0.0,-1.0,0.0,0.0,99.0,483.0
172887.0,0.0,3.137,0.027,-0.08901,0.0,0.0,-1.0,0.0,0.0,99.0,483.0
172897.0,0.0,3.137,0.02,-0.08901,0.0,0.0,-1.0,0.0,0.0,99.0,477.0
172907.0,0.0,3.1385,0.044,-0.08901,0.0,0.0,-1.0,0.0,0.0,99.0,483.0
172917.0,0.0,3.1385,0.045,-0.08901,0.0,0.0,-1.0,0.0,0.0,99.0,483.0
172927.0,0.0,3.1401,0.069,-0.08901,0.0,0.0,-1.0,0.0,0.0,99.0,484.0
172938.0,0.0,3.1416,0.092,-0.08901,0.0,0.0,-1.0,0.0,0.0,99.0,477.0
172948.0,0.0,-3.1401,0.093,-0.08901,0.0,0.0,-1.0,0.0,0.0,99.0,485.0
172958.0,0.0,-3.1385,0.099,-0.08901,0.0,0.0,-1.0,0.0,0.0,99.0,491.0
172968.0,0.0,-3.137,0.109,-0.08901,0.0,0.0,-1.0,0.0,0.0,99.0,491.0
172978.0,0.0,-3.137,0.115,-0.08901,0.0,0.0,-1.0,0.0,0.0,99.0,483.0
172988.0,0.0,-3.1355,0.108,-0.08901,0.0,0.0,-1.0,0.0,0.0,99.0,485.0
172998.0,0.0,-3.1339,0.118,-0.08901,0.0,0.0,-1.0,0.0,0.0,99.0,485.0
173008.0,0.0,-3.1324,0.124,-0.08901,0.0,0.0,-1.0,0.0,0.0,99.0,491.0
173019.0,0.0,-3.1324,0.122,-0.08901,0.0,0.0,-1.0,0.0,0.0,99.0,485.0
173029.0,0.0,-3.1309,0.118,-0.08901,0.0,0.0,-1.0,0.0,0.0,99.0,485.0
173039.0,0.0,-3.1293,0.113,-0.08901,0.0,0.0,-1.0,0.0,0.0,99.0,477.0
173049.0,0.0,-3.1293,0.106,-0.08901,0.0,0.0,-1.0,0.0,0.0,99.0,478.0
173059.0,0.0,-3.1293,0.085,-0.08901,0.0,0.0,-1.0,0.0,0.0,99.0,492.0
173069.0,0.0,-3.1278,0.088,-0.08901,0.0,0.0,-1.0,0.0,0.0,99.0,478.0
173080.0,0.0,-3.1278,0.07,-0.08901,0.0,0.0,-1.0,0.0,0.0,99.0,477.0
173090.0,0.0,-3.1278,0.05,-0.08901,0.0,0.0,-1.0,0.0,0.0,99.0,478.0
173100.0,0.0,-3.1278,0.031,-0.08901,0.0,0.0,-1.0,0.0,0.0,99.0,485.0
173110.0,0.0,-3.1278,0.008,-0.08901,0.0,0.0,-1.0,0.0,0.0,99.0,485.0
173120.0,0.0,-3.1293,-0.02,-0.08901,0.0,0.0,-1.0,0.0,0.0,99.0,484.0
173130.0,0.0,-3.1309,-0.036,-0.08901,0.0,0.0,-1.0,0.0,0.0,99.0,478.0
173140.0,0.0,-3.1309,-0.053,-0.08901,0.0,0.0,-1.0,0.0,0.0,99.0,485.0
173151.0,0.0,-3.1324,-0.068,-0.08901,0.0,0.0,-1.0,0.0,0.0,99.0,485.0
173161.0,0.0,-3.1324,-0.073,-0.08901,0.0,0.0,-1.0,0.0,0.0,99.0,485.0
173171.0,0.0,-3.1339,-0.091,-0.08901,0.0,0.0,-1.0,0.0,0.0,99.0,484.0
173182.0,0.0,-3.1355,-0.101,-0.08901,0.0,0.0,-1.0,0.0,0.0,99.0,485.0
173192.0,0.0,-3.137,-0.114,-0.08901,0.0,0.0,-1.0,0.0,0.0,99.0,485.0
173202.0,0.0,-3.137,-0.101,-0.08901,0.0,0.0,-1.0,0.0,0.0,99.0,485.0
173212.0,0.0,-3.1385,-0.099,-0.08901,0.0,0.0,-1.0,0.0,0.0,99.0,478.0
173223.0,0.0,-3.1401,-0.106,-0.08901,0.0,0.0,-1.0,0.0,0.0,99.0,485.0
173233.0,0.0,-3.1401,-0.097,-0.08901,0.0,0.0,-1.0,0.0,0.0,99.0,477.0
173243.0,0.0,3.1416,-0.106,-0.08901,0.0,0.0,-1.0,0.0,0.0,99.0,484.0
173253.0,0.0,3.1416,-0.084,-0.08901,0.0,0.0,-1.0,0.0,0.0,99.0,483.0
173264.0,0.0,3.1385,-0.099,-0.08901,0.0,0.0,-1.0,0.0,0.0,99.0,477.0
173274.0,0.0,3.1385,-0.084,-0.08901,0.0,0.0,-1.0,0.0,0.0,99.0,477.0
173284.0,0.0,3.1385,-0.072,0.0,0.0,0.0,-1.0,0.0,0.0,99.0,483.0
173294.0,0.0,3.1385,-0.066,0.0,0.0,0.0,-1.0,0.0,0.0,99.0,483.0
173304.0,0.0,3.1385,-0.049,0.0,0.0,0.0,-1.0,0.0,0.0,99.0,477.0
173314.0,0.0,3.1385,-0.036,0.0,0.0,0.0,-1.0,0.0,0.0,99.0,484.0
173324.0,0.0,3.1385,-0.027,0.0,0.0,0.0,-1.0,0.0,0.0,99.0,484.0
173335.0,0.0,3.1385,-0.012,0.0,0.0,0.0,-1.0,0.0,0.0,99.0,483.0
173345.0,0.0,3.1385,-0.005,0.0,0.0,0.0,-1.0,0.0,0.0,99.0,483.0
173355.0,0.0,3.1385,-0.002,0.0,0.0,0.0,-1.0,0.0,0.0,99.0,483.0
173365.0,0.0,3.1385,0.004,0.0,0.0,0.0,-1.0,0.0,0.0,99.0,477.0
173375.0,0.0,3.1385,0.025,0.0,0.0,0.0,-1.0,0.0,0.0,99.0,484.0
173386.0,0.0,3.1401,0.033,0.0,0.0,0.0,-1.0,0.0,0.0,99.0,477.0
173396.0,0.0,3.1416,0.05,0.0,0.0,0.0,-1.0,0.0,0.0,99.0,483.0
173406.0,0.0,3.1416,0.054,0.0,0.0,0.0,-1.0,0.0,0.0,99.0,477.0
173416.0,0.0,-3.1401,0.066,0.0,0.0,0.0,-1.0,0.0,0.0,99.0,478.0
173426.0,0.0,-3.1385,0.071,0.0,0.0,0.0,-1.0,0.0,0.0,99.0,491.0
173436.0,0.0,-3.1385,0.078,0.0,0.0,0.0,-1.0,0.0,0.0,99.0,485.0
173446.0,0.0,-3.1385,0.084,0.0,0.0,0.0,-1.0,0.0,0.0,99.0,491.0
173457.0,0.0,-3.137,0.087,0.0,0.0,0.0,-1.0,0.0,0.0,99.0,485.0
173467.0,0.0,-3.1355,0.081,0.0,0.0,0.0,-1.0,0.0,0.0,99.0,477.0
173477.0,0.0,-3.1355,0.081,0.0,0.0,0.0,-1.0,0.0,0.0,99.0,485.0
173487.0,0.0,-3.1339,0.093,0.0,0.0,0.0,-1.0,0.0,0.0,99.0,492.0
173497.0,0.0,-3.1339,0.084,0.0,0.0,0.0,-1.0,0.0,0.0,99.0,485.0
173507.0,0.0,-3.1324,0.085,0.0,0.0,0.0,-1.0,0.0,0.0,99.0,485.0
173518.0,0.0,-3.1309,0.081,0.0,0.0,0.0,-1.0,0.0,0.0,99.0,483.0
173528.0,0.0,-3.1309,0.084,0.0,0.0,0.0,-1.0,0.0,0.0,99.0,485.0
173538.0,0.0,-3.1309,0.071,0.0,0.0,0.0,-1.0,0.0,0.0,99.0,485.0
173548.0,0.0,-3.1309,0.051,0.0,0.0,0.0,-1.0,0.0,0.0,99.0,485.0
173558.0,0.0,-3.1309,0.034,0.0,0.0,0.0,-1.0,0.0,0.0,99.0,477.0
173568.0,0.0,-3.1293,0.029,0.0,0.0,0.0,-1.0,0.0,0.0,99.0,485.0
173578.0,0.0,-3.1309,0.02,0.0,0.0,0.0,-1.0,0.0,0.0,99.0,485.0
173588.0,0.0,-3.1309,0.007,0.0,0.0,0.0,-1.0,0.0,0.0,99.0,492.0
173599.0,0.0,-3.1309,0.002,0.0,0.0,0.0,-1.0,0.0,0.0,99.0,477.0
173609.0,0.0,-3.1324,-0.016,0.0,0.0,0.0,-1.0,0.0,0.0,99.0,477.0
173619.0,0.0,-3.1324,-0.035,0.0,0.0,0.0,-1.0,0.0,0.0,99.0,478.0
173629.0,0.0,-3.1324,-0.038,0.0,0.0,0.0,-1.0,0.0,0.0,99.0,492.0
173639.0,0.0,-3.1339,-0.057,0.0,0.0,0.0,-1.0,0.0,0.0,99.0,485.0
173649.0,0.0,-3.1339,-0.059,0.0,0.0,0.0,-1.0,0.0,0.0,99.0,485.0
173659.0,0.0,-3.1355,-0.069,0.0,0.0,0.0,-1.0,0.0,0.0,99.0,492.0
173670.0,0.0,-3.137,-0.081,0.0,0.0,0.0,-1.0,0.0,0.0,99.0,491.0
173680.0,0.0,-3.137,-0.08,0.0,0.0,0.0,-1.0,0.0,0.0,99.0,477.0
173690.0,0.0,-3.137,-0.069,0.0,0.0,0.0,-1.0,0.0,0.0,99.0,478.0
173700.0,0.0,-3.1385,-0.073,0.0,0.0,0.0,-1.0,0.0,0.0,99.0,483.0
173710.0,0.0,-3.1401,-0.082,0.0,0.0,0.0,-1.0,0.0,0.0,99.0,484.0
173720.0,0.0,-3.1401,-0.081,0.0,0.0,0.0,-1.0,0.0,0.0,99.0,485.0
173731.0,0.0,-3.1401,-0.071,0.0,0.0,0.0,-1.0,0.0,0.0,99.0,478.0
173741.0,0.0,3.1416,-0.074,0.0,0.0,0.0,-1.0,0.0,0.0,99.0,484.0
173751.0,0.0,3.1416,-0.061,0.0,0.0,0.0,-1.0,0.0,0.0,99.0,483.0
173761.0,0.0,3.1416,-0.043,0.0,0.0,0.0,-1.0,0.0,0.0,99.0,484.0
173772.0,0.0,3.1401,-0.05,0.0,0.0,0.0,-1.0,0.0,0.0,99.0,483.0
173782.0,0.0,3.1401,-0.051,0.0,0.0,0.0,-1.0,0.0,0.0,99.0,483.0
173792.0,0.0,3.1401,-0.041,0.0,0.0,0.0,-1.0,0.0,0.0,99.0,477.0
173802.0,0.0,3.1401,-0.029,0.0,0.0,0.0,-1.0,0.0,0.0,99.0,483.0
173813.0,0.0,3.1401,-0.019,0.0,0.0,0.0,-1.0,0.0,0.0,99.0,477.0
173823.0,0.0,3.1401,-0.012,0.0,0.0,0.0,-1.0,0.0,0.0,99.0,483.0
173833.0,0.0,3.1401,-0.004,0.0,0.0,0.0,-1.0,0.0,0.0,99.0,477.0
173843.0,0.0,3.1416,0.025,0.0,0.0,0.0,-1.0,0.0,0.0,99.0,483.0
173853.0,0.0,3.1416,0.032,0.0,0.0,0.0,-1.0,0.0,0.0,99.0,484.0
173864.0,0.0,3.1416,0.027,0.0,0.0,0.0,-1.0,0.0,0.0,99.0,483.0
173874.0,0.0,3.1416,0.037,0.0,0.0,0.0,-1.0,0.0,0.0,99.0,485.0
173884.0,0.0,-3.1401,0.047,0.0,0.0,0.0,-1.0,0.0,0.0,99.0,483.0
173894.0,0.0,-3.1385,0.051,0.0,0.0,0.0,-1.0,0.0,0.0,99.0,477.0
173904.0,0.0,-3.1385,0.061,0.0,0.0,0.0,-1.0,0.0,0.0,99.0,492.0
173915.0,0.0,-3.1385,0.058,0.0,0.0,0.0,-1.0,0.0,0.0,99.0,477.0
173925.0,0.0,-3.137,0.06,0.0,0.0,0.0,-1.0,0.0,0.0,99.0,484.0
173935.0,0.0,-3.137,0.06,0.0,0.0,0.0,-1.0,0.0,0.0,99.0,485.0
173945.0,0.0,-3.1355,0.061,0.0,0.0,0.0,-1.0,0.0,0.0,99.0,483.0
173955.0,0.0,-3.1355,0.066,0.0,0.0,0.0,-1.0,0.0,0.0,99.0,485.0
173966.0,0.0,-3.1339,0.069,0.0,0.0,0.0,-1.0,0.0,0.0,99.0,484.0
173976.0,0.0,-3.1339,0.07,0.0,0.0,0.0,-1.0,0.0,0.0,99.0,491.0
173986.0,0.0,-3.1339,0.057,0.0,0.0,0.0,-1.0,0.0,0.0,99.0,485.0
173996.0,0.0,-3.1324,0.066,0.0,0.0,0.0,-1.0,0.0,0.0,99.0,485.0
174007.0,0.0,-3.1324,0.063,0.0,0.0,0.0,-1.0,0.0,0.0,99.0,477.0
174017.0,0.0,-3.1324,0.046,0.0,0.0,0.0,-1.0,0.0,0.0,99.0,483.0
174027.0,0.0,-3.1324,0.032,0.0,0.0,0.0,-1.0,0.0,0.0,99.0,485.0
174037.0,0.0,-3.1324,0.02,0.0,0.0,0.0,-1.0,0.0,0.0,99.0,485.0
174047.0,0.0,-3.1324,0.013,0.0,0.0,0.0,-1.0,0.0,0.0,99.0,485.0
174058.0,0.0,-3.1324,0.008,0.0,0.0,0.0,-1.0,0.0,0.0,99.0,477.0
174068.0,0.0,-3.1324,0.004,0.0,0.0,0.0,-1.0,0.0,0.0,99.0,485.0
174078.0,0.0,-3.1324,0.003,0.0,0.0,0.0,-1.0,0.0,0.0,99.0,478.0
174088.0,0.0,-3.1339,-0.022,0.0,0.0,0.0,-1.0,0.0,0.0,99.0,477.0
174098.0,0.0,-3.1339,-0.035,0.0,0.0,0.0,-1.0,0.0,0.0,99.0,477.0
174108.0,0.0,-3.1339,-0.03,0.0,0.0,0.0,-1.0,0.0,0.0,99.0,484.0
174118.0,0.0,-3.1355,-0.037,0.0,0.0,0.0,-1.0,0.0,0.0,99.0,485.0
174129.0,0.0,-3.1355,-0.048,0.0,0.0,0.0,-1.0,0.0,0.0,99.0,478.0
174139.0,0.0,-3.137,-0.065,0.0,0.0,0.0,-1.0,0.0,0.0,99.0,478.0
174149.0,0.0,-3.137,-0.066,0.0,0.0,0.0,-1.0,0.0,0.0,99.0,485.0
174159.0,0.0,-3.137,-0.051,0.0,0.0,0.0,-1.0,0.0,0.0,99.0,477.0
174169.0,0.0,-3.137,-0.045,0.0,0.0,0.0,-1.0,0.0,0.0,99.0,485.0
174180.0,0.0,-3.1385,-0.055,0.0,0.0,0.0,-1.0,0.0,0.0,99.0,477.0
174190.0,0.0,-3.1385,-0.048,0.0,0.0,0.0,-1.0,0.0,0.0,99.0,483.0
174200.0,0.0,-3.1401,-0.059,0.0,0.0,0.0,-1.0,0.0,0.0,99.0,485.0
174210.0,0.0,-3.1401,-0.058,0.0,0.0,0.0,-1.0,0.0,0.0,99.0,478.0
174220.0,0.0,3.1416,-0.055,0.0,0.0,0.0,-1.0,0.0,0.0,99.0,485.0
174230.0,0.0,-3.1401,-0.042,0.0,0.0,0.0,-1.0,0.0,0.0,99.0,478.0
174241.0,0.0,3.1416,-0.042,0.0,0.0,0.0,-1.0,0.0,0.0,99.0,478.0
174251.0,0.0,3.1416,-0.045,0.0,0.0,0.0,-1.0,0.0,0.0,99.0,477.0
174261.0,0.0,3.1416,-0.035,0.0,0.0,0.0,-1.0,0.0,0.0,99.0,484.0
174271.0,0.0,3.1416,-0.024,0.0,0.0,0.0,-1.0,0.0,0.0,99.0,484.0
174282.0,0.0,3.1416,-0.016,0.0,0.0,0.0,-1.0,0.0,0.0,99.0,477.0
174292.0,0.0,3.1416,-0.009,0.0,0.0,0.0,-1.0,0.0,0.0,99.0,483.0
174302.0,0.0,3.1416,-0.0,0.0,0.0,0.0,-1.0,0.0,0.0,99.0,485.0
174312.0,0.0,3.1416,-0.003,0.0,0.0,0.0,-1.0,0.0,0.0,99.0,478.0
174322.0,0.0,-3.1401,0.025,0.0,0.0,0.0,-1.0,0.0,0.0,99.0,492.0
174333.0,0.0,-3.1401,0.034,0.0,0.0,0.0,-1.0,0.0,0.0,99.0,477.0
174343.0,0.0,-3.1401,0.029,0.0,0.0,0.0,-1.0,0.0,0.0,99.0,484.0
174353.0,0.0,-3.1401,0.029,0.0,0.0,0.0,-1.0,0.0,0.0,99.0,484.0
174363.0,0.0,-3.1385,0.045,0.0,0.0,0.0,-1.0,0.0,0.0,99.0,485.0
174373.0,0.0,-3.1385,0.041,0.0,0.0,0.0,-1.0,0.0,0.0,99.0,491.0
174383.0,0.0,-3.1385,0.04,0.0,0.0,0.0,-1.0,0.0,0.0,99.0,485.0
174393.0,0.0,-3.137,0.055,0.0,0.0,0.0,-1.0,0.0,0.0,99.0,484.0
174403.0,0.0,-3.137,0.047,0.0,0.0,0.0,-1.0,0.0,0.0,99.0,484.0
174414.0,0.0,-3.1355,0.044,0.0,0.0,0.0,-1.0,0.0,0.0,99.0,478.0
174424.0,0.0,-3.1355,0.048,0.0,0.0,0.0,-1.0,0.0,0.0,99.0,485.0
174434.0,0.0,-3.1355,0.048,0.0,0.0,0.0,-1.0,0.0,0.0,99.0,491.0
174445.0,0.0,-3.1355,0.045,0.0,0.0,0.0,-1.0,0.0,0.0,99.0,485.0
174455.0,0.0,-3.1339,0.057,0.0,0.0,0.0,-1.0,0.0,0.0,99.0,477.0
174465.0,0.0,-3.1339,0.046,0.0,0.0,0.0,-1.0,0.0,0.0,99.0,477.0
174475.0,0.0,-3.1339,0.035,0.0,0.0,0.0,-1.0,0.0,0.0,99.0,547.0
174485.0,0.0,-3.1339,0.024,0.0,0.0,0.0,-1.0,0.0,0.0,99.0,524.0
174495.0,0.0,-3.1339,0.028,0.0,0.0,0.0,-1.0,0.0,0.0,99.0,525.0
174506.0,0.0,-3.1339,0.015,0.0,0.0,0.0,-1.0,0.0,0.0,99.0,525.0
174516.0,0.0,-3.1339,0.006,0.0,0.0,0.0,-1.0,0.0,0.0,99.0,525.0
174526.0,0.0,-3.1324,0.009,0.0,0.0,0.0,-1.0,0.0,0.0,99.0,525.0
174536.0,0.0,-3.1339,-0.003,0.0,0.0,0.0,-1.0,0.0,0.0,99.0,517.0
174546.0,0.0,-3.1339,-0.006,0.0,0.0,0.0,-1.0,0.0,0.0,99.0,517.0
174556.0,0.0,-3.1339,-0.005,0.0,0.0,0.0,-1.0,0.0,0.0,99.0,517.0
174567.0,0.0,-3.1339,-0.004,0.0,0.0,0.0,-1.0,0.0,0.0,99.0,517.0
174577.0,0.0,-3.1355,-0.017,0.0,0.0,0.0,-1.0,0.0,0.0,99.0,525.0
174587.0,0.0,-3.1355,-0.035,0.0,0.0,0.0,-1.0,0.0,0.0,99.0,517.0
174597.0,0.0,-3.1355,-0.038,0.0,0.0,0.0,-1.0,0.0,0.0,99.0,525.0
174607.0,0.0,-3.137,-0.041,0.0,0.0,0.0,-1.0,0.0,0.0,99.0,525.0
174617.0,0.0,-3.137,-0.052,0.0,0.0,0.0,-1.0,0.0,0.0,99.0,517.0
174628.0,0.0,-3.137,-0.043,0.0,0.0,0.0,-1.0,0.0,0.0,99.0,525.0
174638.0,0.0,-3.1385,-0.036,0.0,0.0,0.0,-1.0,0.0,0.0,99.0,524.0
174648.0,0.0,-3.1385,-0.046,0.0,0.0,0.0,-1.0,0.0,0.0,99.0,524.0
174658.0,0.0,-3.1385,-0.048,0.0,0.0,0.0,-1.0,0.0,0.0,99.0,517.0
174669.0,0.0,-3.1385,-0.038,0.0,0.0,0.0,-1.0,0.0,0.0,99.0,512.0
174679.0,0.0,-3.1401,-0.04,0.0,0.0,0.0,-1.0,0.0,0.0,99.0,525.0
174689.0,0.0,-3.1401,-0.047,0.0,0.0,0.0,-1.0,0.0,0.0,99.0,518.0
174700.0,0.0,-3.1401,-0.044,0.0,0.0,0.0,-1.0,0.0,0.0,99.0,518.0
174710.0,0.0,-3.1401,-0.032,0.0,0.0,0.0,-1.0,0.0,0.0,99.0,525.0
174720.0,0.0,-3.1401,-0.022,0.0,0.0,0.0,-1.0,0.0,0.0,99.0,517.0
174730.0,0.0,-3.1401,-0.016,0.0,0.0,0.0,-1.0,0.0,0.0,99.0,525.0
174741.0,0.0,-3.1401,-0.008,0.0,0.0,0.0,-1.0,0.0,0.0,99.0,518.0
174751.0,0.0,-3.1401,-0.007,0.0,0.0,0.0,-1.0,0.0,0.0,99.0,525.0
174761.0,0.0,-3.1401,-0.001,0.0,0.0,0.0,-1.0,0.0,0.0,99.0,517.0
174772.0,0.0,-3.1401,0.001,0.0,0.0,0.0,-1.0,0.0,0.0,99.0,517.0
174782.0,0.0,-3.1401,0.001,0.0,0.0,0.0,-1.0,0.0,0.0,99.0,524.0
174792.0,0.0,-3.1401,0.015,0.0,0.0,0.0,-1.0,0.0,0.0,99.0,525.0
174802.0,0.0,-3.1385,0.018,0.0,0.0,0.0,-1.0,0.0,0.0,99.0,525.0
174812.0,0.0,-3.1385,0.032,0.0,0.0,0.0,-1.0,0.0,0.0,99.0,518.0
174822.0,0.0,-3.1385,0.031,0.0,0.0,0.0,-1.0,0.0,0.0,99.0,517.0
174833.0,0.0,-3.1385,0.024,0.0,0.0,0.0,-1.0,0.0,0.0,99.0,517.0
174843.0,0.0,-3.137,0.043,0.0,0.0,0.0,-1.0,0.0,0.0,99.0,525.0
174853.0,0.0,-3.137,0.046,0.0,0.0,0.0,-1.0,0.0,0.0,99.0,517.0
174863.0,0.0,-3.137,0.037,0.0,0.0,0.0,-1.0,0.0,0.0,99.0,525.0
174874.0,0.0,-3.137,0.026,0.0,0.0,0.0,-1.0,0.0,0.0,99.0,525.0
174884.0,0.0,-3.1355,0.04,0.0,0.0,0.0,-1.0,0.0,0.0,99.0,525.0
174894.0,0.0,-3.1355,0.046,0.0,0.0,0.0,-1.0,0.0,0.0,99.0,517.0
174904.0,0.0,-3.1355,0.037,0.0,0.0,0.0,-1.0,0.0,0.0,99.0,524.0
174914.0,0.0,-3.1355,0.028,0.0,0.0,0.0,-1.0,0.0,0.0,99.0,524.0
174924.0,0.0,-3.1355,0.029,0.0,0.0,0.0,-1.0,0.0,0.0,99.0,525.0
174934.0,0.0,-3.1339,0.038,0.0,0.0,0.0,-1.0,0.0,0.0,99.0,525.0
174945.0,0.0,-3.1339,0.035,0.0,0.0,0.0,-1.0,0.0,0.0,99.0,518.0
174955.0,0.0,-3.1339,0.028,0.0,0.0,0.0,-1.0,0.0,0.0,99.0,517.0
174965.0,0.0,-3.1339,0.016,0.0,0.0,0.0,-1.0,0.0,0.0,99.0,517.0
174975.0,0.0,-3.1339,0.013,0.0,0.0,0.0,-1.0,0.0,0.0,99.0,518.0
174986.0,0.0,-3.1339,0.009,0.0,0.0,0.0,-1.0,0.0,0.0,99.0,518.0
174996.0,0.0,-3.1339,0.006,0.0,0.0,0.0,-1.0,0.0,0.0,99.0,517.0
175006.0,0.0,-3.1339,-0.006,0.0,0.0,0.0,-1.0,0.0,0.0,99.0,524.0
175016.0,0.0,-3.1355,-0.019,0.0,0.0,0.0,-1.0,0.0,0.0,99.0,533.0
175027.0,0.0,-3.1355,-0.022,0.0,0.0,0.0,-1.0,0.0,0.0,99.0,525.0
175037.0,0.0,-3.1355,-0.028,0.0,0.0,0.0,-1.0,0.0,0.0,99.0,517.0
175047.0,0.0,-3.1355,-0.023,0.0,0.0,0.0,-1.0,0.0,0.0,99.0,517.0
175058.0,0.0,-3.1355,-0.019,0.0,0.0,0.0,-1.0,0.0,0.0,99.0,525.0
175068.0,0.0,-3.137,-0.042,0.0,0.0,0.0,-1.0,0.0,0.0,99.0,525.0
175078.0,0.0,-3.137,-0.041,0.0,0.0,0.0,-1.0,0.0,0.0,99.0,517.0
175088.0,0.0,-3.137,-0.032,0.0,0.0,0.0,-1.0,0.0,0.0,99.0,525.0
175099.0,0.0,-3.137,-0.022,0.0,0.0,0.0,-1.0,0.0,0.0,99.0,518.0
175109.0,0.0,-3.1385,-0.029,0.0,0.0,0.0,-1.0,0.0,0.0,99.0,528.0
175119.0,0.0,-3.1385,-0.044,0.0,0.0,0.0,-1.0,0.0,0.0,99.0,517.0
175129.0,0.0,-3.1385,-0.038,0.0,0.0,0.0,-1.0,0.0,0.0,99.0,524.0
175139.0,0.0,-3.1385,-0.027,0.0,0.0,0.0,-1.0,0.0,0.0,99.0,525.0
175149.0,0.0,-3.1385,-0.022,0.0,0.0,0.0,-1.0,0.0,0.0,99.0,525.0
175160.0,0.0,-3.1385,-0.018,0.0,0.0,0.0,-1.0,0.0,0.0,99.0,525.0
175170.0,0.0,-3.1385,-0.025,0.0,0.0,0.0,-1.0,0.0,0.0,99.0,525.0
175180.0,0.0,-3.1401,-0.036,0.0,0.0,0.0,-1.0,0.0,0.0,99.0,517.0
175190.0,0.0,-3.1401,-0.031,0.0,0.0,0.0,-1.0,0.0,0.0,99.0,526.0
175200.0,0.0,-3.1401,-0.022,0.0,0.0,0.0,-1.0,0.0,0.0,99.0,517.0
175210.0,0.0,-3.1401,-0.013,0.0,0.0,0.0,-1.0,0.0,0.0,99.0,517.0
175220.0,0.0,-3.1401,-0.001,0.0,0.0,0.0,-1.0,0.0,0.0,99.0,528.0
175231.0,0.0,-3.1401,0.007,0.0,0.0,0.0,-1.0,0.0,0.0,99.0,524.0
175241.0,0.0,-3.1385,0.015,0.0,0.0,0.0,-1.0,0.0,0.0,99.0,525.0
175251.0,0.0,-3.1385,0.023,0.0,0.0,0.0,-1.0,0.0,0.0,99.0,525.0
175262.0,0.0,-3.1385,0.025,0.0,0.0,0.0,-1.0,0.0,0.0,99.0,518.0
175272.0,0.0,-3.1385,0.019,0.0,0.0,0.0,-1.0,0.0,0.0,99.0,517.0
175282.0,0.0,-3.1385,0.014,0.0,0.0,0.0,-1.0,0.0,0.0,99.0,517.0
175292.0,0.0,-3.1385,0.028,0.0,0.0,0.0,-1.0,0.0,0.0,99.0,525.0
175302.0,0.0,-3.137,0.029,0.0,0.0,0.0,-1.0,0.0,0.0,99.0,525.0
175313.0,0.0,-3.137,0.034,0.0,0.0,0.0,-1.0,0.0,0.0,99.0,518.0
175323.0,0.0,-3.137,0.027,0.0,0.0,0.0,-1.0,0.0,0.0,99.0,517.0
175333.0,0.0,-3.137,0.019,0.0,0.0,0.0,-1.0,0.0,0.0,99.0,518.0
175344.0,0.0,-3.137,0.025,0.0,0.0,0.0,-1.0,0.0,0.0,99.0,525.0
175354.0,0.0,-3.1355,0.033,0.0,0.0,0.0,-1.0,0.0,0.0,99.0,524.0
175364.0,0.0,-3.1355,0.036,0.0,0.0,0.0,-1.0,0.0,0.0,99.0,518.0
175374.0,0.0,-3.1355,0.03,0.0,0.0,0.0,-1.0,0.0,0.0,99.0,518.0
175385.0,0.0,-3.1355,0.021,0.0,0.0,0.0,-1.0,0.0,0.0,99.0,518.0
175395.0,0.0,-3.1355,0.017,0.0,0.0,0.0,-1.0,0.0,0.0,99.0,524.0
175405.0,0.0,-3.1339,0.018,0.0,0.0,0.0,-1.0,0.0,0.0,99.0,525.0
175415.0,0.0,-3.1355,0.009,0.0,0.0,0.0,-1.0,0.0,0.0,99.0,524.0
175426.0,0.0,-3.1339,0.018,0.0,0.0,0.0,-1.0,0.0,0.0,99.0,525.0
175436.0,0.0,-3.1355,0.008,0.0,0.0,0.0,-1.0,0.0,0.0,99.0,524.0
175446.0,0.0,-3.1355,0.008,0.0,0.0,0.0,-1.0,0.0,0.0,99.0,525.0
175456.0,0.0,-3.1355,-0.005,0.0,0.0,0.0,-1.0,0.0,0.0,99.0,525.0
175467.0,0.0,-3.1355,-0.011,0.0,0.0,0.0,-1.0,0.0,0.0,99.0,518.0
175477.0,0.0,-3.1355,-0.01,0.0,0.0,0.0,-1.0,0.0,0.0,99.0,517.0
175487.0,0.0,-3.1355,-0.008,0.0,0.0,0.0,-1.0,0.0,0.0,99.0,517.0
175497.0,0.0,-3.1355,-0.009,0.0,0.0,0.0,-1.0,0.0,0.0,99.0,517.0
175507.0,0.0,-3.137,-0.026,0.0,0.0,0.0,-1.0,0.0,0.0,99.0,533.0
175518.0,0.0,-3.137,-0.035,0.0,0.0,0.0,-1.0,0.0,0.0,99.0,517.0
175528.0,0.0,-3.137,-0.032,0.0,0.0,0.0,-1.0,0.0,0.0,99.0,517.0
175538.0,0.0,-3.137,-0.023,0.0,0.0,0.0,-1.0,0.0,0.0,99.0,517.0
175548.0,0.0,-3.1385,-0.021,0.0,0.0,0.0,-1.0,0.0,0.0,99.0,524.0
175558.0,0.0,-3.1385,-0.024,0.0,0.0,0.0,-1.0,0.0,0.0,99.0,525.0
175569.0,0.0,-3.137,-0.022,0.0,0.0,0.0,-1.0,0.0,0.0,99.0,525.0
175579.0,0.0,-3.1385,-0.03,0.0,0.0,0.0,-1.0,0.0,0.0,99.0,517.0
175589.0,0.0,-3.1385,-0.027,0.0,0.0,0.0,-1.0,0.0,0.0,99.0,517.0
175599.0,0.0,-3.1385,-0.022,0.0,0.0,0.0,-1.0,0.0,0.0,99.0,517.0
175609.0,0.0,-3.1385,-0.017,0.0,0.0,0.0,-1.0,0.0,0.0,99.0,518.0
175619.0,0.0,-3.1385,-0.01,0.0,0.0,0.0,-1.0,0.0,0.0,99.0,518.0
175630.0,0.0,-3.1385,-0.008,0.0,0.0,0.0,-1.0,0.0,0.0,99.0,517.0
175640.0,0.0,-3.1385,-0.019,0.0,0.0,0.0,-1.0,0.0,0.0,99.0,525.0
175650.0,0.0,-3.1385,-0.009,0.0,0.0,0.0,-1.0,0.0,0.0,99.0,525.0
175660.0,0.0,-3.1401,-0.009,0.0,0.0,0.0,-1.0,0.0,0.0,99.0,525.0
175671.0,0.0,-3.1385,0.002,0.0,0.0,0.0,-1.0,0.0,0.0,99.0,525.0
175681.0,0.0,-3.1401,0.001,0.0,0.0,0.0,-1.0,0.0,0.0,99.0,525.0
175691.0,0.0,-3.1385,0.005,0.0,0.0,0.0,-1.0,0.0,0.0,99.0,517.0
175701.0,0.0,-3.1385,0.006,0.0,0.0,0.0,-1.0,0.0,0.0,99.0,518.0
175712.0,0.0,-3.1385,0.005,0.0,0.0,0.0,-1.0,0.0,0.0,99.0,517.0
175722.0,0.0,-3.1385,0.015,0.0,0.0,0.0,-1.0,0.0,0.0,99.0,525.0
175732.0,0.0,-3.1385,0.008,0.0,0.0,0.0,-1.0,0.0,0.0,99.0,524.0
175742.0,0.0,-3.137,0.014,0.0,0.0,0.0,-1.0,0.0,0.0,99.0,524.0
175752.0,0.0,-3.137,0.031,0.0,0.0,0.0,-1.0,0.0,0.0,99.0,517.0
175762.0,0.0,-3.137,0.028,0.0,0.0,0.0,-1.0,0.0,0.0,99.0,518.0
175773.0,0.0,-3.137,0.021,0.0,0.0,0.0,-1.0,0.0,0.0,99.0,517.0
175783.0,0.0,-3.137,0.014,0.0,0.0,0.0,-1.0,0.0,0.0,99.0,517.0
175793.0,0.0,-3.137,0.009,0.0,0.0,0.0,-1.0,0.0,0.0,99.0,517.0
175803.0,0.0,-3.137,0.013,0.0,0.0,0.0,-1.0,0.0,0.0,99.0,525.0
175813.0,0.0,-3.1355,0.026,0.0,0.0,0.0,-1.0,0.0,0.0,99.0,525.0
175823.0,0.0,-3.1355,0.037,0.0,0.0,0.0,-1.0,0.0,0.0,99.0,517.0
175833.0,0.0,-3.1355,0.031,0.0,0.0,0.0,-1.0,0.0,0.0,99.0,518.0
175844.0,0.0,-3.1355,0.023,0.0,0.0,0.0,-1.0,0.0,0.0,99.0,518.0
175854.0,0.0,-3.1355,0.014,0.0,0.0,0.0,-1.0,0.0,0.0,99.0,517.0
175864.0,0.0,-3.1355,0.009,0.0,0.0,0.0,-1.0,0.0,0.0,99.0,517.0
175875.0,0.0,-3.1355,0.008,0.0,0.0,0.0,-1.0,0.0,0.0,99.0,517.0
175885.0,0.0,-3.1355,0.003,0.0,0.0,0.0,-1.0,0.0,0.0,99.0,518.0
175895.0,0.0,-3.1355,0.001,0.0,0.0,0.0,-1.0,0.0,0.0,99.0,517.0
175905.0,0.0,-3.1355,0.0,0.0,0.0,0.0,-1.0,0.0,0.0,99.0,517.0
175915.0,0.0,-3.1355,0.0,0.0,0.0,0.0,-1.0,0.0,0.0,99.0,517.0
175925.0,0.0,-3.137,-0.006,0.0,0.0,0.0,-1.0,0.0,0.0,99.0,524.0
175936.0,0.0,-3.1355,-0.006,0.0,0.0,0.0,-1.0,0.0,0.0,99.0,525.0
175946.0,0.0,-3.137,-0.018,0.0,0.0,0.0,-1.0,0.0,0.0,99.0,525.0
175956.0,0.0,-3.137,-0.028,0.0,0.0,0.0,-1.0,0.0,0.0,99.0,525.0
175966.0,0.0,-3.137,-0.029,0.0,0.0,0.0,-1.0,0.0,0.0,99.0,517.0
175976.0,0.0,-3.137,-0.025,0.0,0.0,0.0,-1.0,0.0,0.0,99.0,517.0
175987.0,0.0,-3.137,-0.018,0.0,0.0,0.0,-1.0,0.0,0.0,99.0,517.0
175997.0,0.0,-3.137,-0.012,0.0,0.0,0.0,-1.0,0.0,0.0,99.0,517.0
176007.0,0.0,-3.137,-0.007,0.0,0.0,0.0,-1.0,0.0,0.0,99.0,518.0
176017.0,0.0,-3.137,-0.01,0.0,0.0,0.0,-1.0,0.0,0.0,99.0,525.0
176028.0,0.0,-3.137,-0.007,0.0,0.0,0.0,-1.0,0.0,0.0,99.0,525.0
176038.0,0.0,-3.1385,-0.024,0.0,0.0,0.0,-1.0,0.0,0.0,99.0,524.0
176048.0,0.0,-3.137,-0.026,0.0,0.0,0.0,-1.0,0.0,0.0,99.0,525.0
176058.0,0.0,-3.1385,-0.028,0.0,0.0,0.0,-1.0,0.0,0.0,99.0,517.0
176068.0,0.0,-3.1385,-0.023,0.0,0.0,0.0,-1.0,0.0,0.0,99.0,517.0
176079.0,0.0,-3.1385,-0.016,0.0,0.0,0.0,-1.0,0.0,0.0,99.0,517.0
176089.0,0.0,-3.1385,-0.01,0.0,0.0,0.0,-1.0,0.0,0.0,99.0,517.0
176099.0,0.0,-3.1385,-0.006,0.0,0.0,0.0,-1.0,0.0,0.0,99.0,518.0
176110.0,0.0,-3.1385,-0.007,0.0,0.0,0.0,-1.0,0.0,0.0,99.0,518.0
176120.0,0.0,-3.1385,-0.002,0.0,0.0,0.0,-1.0,0.0,0.0,99.0,517.0
176130.0,0.0,-3.1385,-0.0,0.0,0.0,0.0,-1.0,0.0,0.0,99.0,518.0
176141.0,0.0,-3.1385,0.0,0.0,0.0,0.0,-1.0,0.0,0.0,99.0,517.0
176151.0,0.0,-3.1385,0.002,0.0,0.0,0.0,-1.0,0.0,0.0,99.0,501.0
176161.0,0.0,-3.1385,0.005,0.0,0.0,0.0,-1.0,0.0,0.0,99.0,525.0
176171.0,0.0,-3.137,0.009,0.0,0.0,0.0,-1.0,0.0,0.0,99.0,525.0
176182.0,0.0,-3.137,0.026,0.0,0.0,0.0,-1.0,0.0,0.0,99.0,525.0
176192.0,0.0,-3.137,0.032,0.0,0.0,0.0,-1.0,0.0,0.0,99.0,517.0
176202.0,0.0,-3.137,0.026,0.0,0.0,0.0,-1.0,0.0,0.0,99.0,517.0
176212.0,0.0,-3.137,0.018,0.0,0.0,0.0,-1.0,0.0,0.0,99.0,518.0
176223.0,0.0,-3.137,0.012,0.0,0.0,0.0,-1.0,0.0,0.0,99.0,517.0
176233.0,0.0,-3.137,0.008,0.0,0.0,0.0,-1.0,0.0,0.0,99.0,517.0
176243.0,0.0,-3.1355,0.011,0.0,0.0,0.0,-1.0,0.0,0.0,99.0,524.0
176253.0,0.0,-3.1355,0.029,0.0,0.0,0.0,-1.0,0.0,0.0,99.0,525.0
176263.0,0.0,-3.1355,0.03,0.0,0.0,0.0,-1.0,0.0,0.0,99.0,524.0
176273.0,0.0,-3.1355,0.029,0.0,0.0,0.0,-1.0,0.0,0.0,99.0,517.0
176284.0,0.0,-3.1355,0.024,0.0,0.0,0.0,-1.0,0.0,0.0,99.0,517.0
176294.0,0.0,-3.1355,0.018,0.0,0.0,0.0,-1.0,0.0,0.0,99.0,517.0
176304.0,0.0,-3.1339,0.017,0.0,0.0,0.0,-1.0,0.0,0.0,99.0,524.0
176314.0,0.0,-3.1355,0.008,0.0,0.0,0.0,-1.0,0.0,0.0,99.0,517.0
176325.0,0.0,-3.1355,0.004,0.0,0.0,0.0,-1.0,0.0,0.0,99.0,517.0
176335.0,0.0,-3.1355,0.002,0.0,0.0,0.0,-1.0,0.0,0.0,99.0,517.0
176345.0,0.0,-3.1355,0.001,0.0,0.0,0.0,-1.0,0.0,0.0,99.0,517.0
176355.0,0.0,-3.1339,0.012,0.0,0.0,0.0,-1.0,0.0,0.0,99.0,528.0
176365.0,0.0,-3.1355,0.002,0.0,0.0,0.0,-1.0,0.0,0.0,99.0,517.0
176375.0,0.0,-3.1355,-0.001,0.0,0.0,0.0,-1.0,0.0,0.0,99.0,517.0
176386.0,0.0,-3.1355,-0.002,0.0,0.0,0.0,-1.0,0.0,0.0,99.0,517.0
176396.0,0.0,-3.1355,-0.001,0.0,0.0,0.0,-1.0,0.0,0.0,99.0,517.0
176406.0,0.0,-3.1355,-0.003,0.0,0.0,0.0,-1.0,0.0,0.0,99.0,517.0
176416.0,0.0,-3.137,-0.022,0.0,0.0,0.0,-1.0,0.0,0.0,99.0,525.0
176427.0,0.0,-3.1355,-0.012,0.0,0.0,0.0,-1.0,0.0,0.0,99.0,525.0
176437.0,0.0,-3.137,-0.019,0.0,0.0,0.0,-1.0,0.0,0.0,99.0,525.0
176447.0,0.0,-3.137,-0.027,0.0,0.0,0.0,-1.0,0.0,0.0,99.0,517.0
176458.0,0.0,-3.137,-0.023,0.0,0.0,0.0,-1.0,0.0,0.0,99.0,517.0
176468.0,0.0,-3.137,-0.017,0.0,0.0,0.0,-1.0,0.0,0.0,99.0,517.0
176478.0,0.0,-3.137,-0.011,0.0,0.0,0.0,-1.0,0.0,0.0,99.0,517.0
176488.0,0.0,-3.137,-0.007,0.0,0.0,0.0,-1.0,0.0,0.0,99.0,517.0
176499.0,0.0,-3.137,-0.004,0.0,0.0,0.0,-1.0,0.0,0.0,99.0,501.0
176509.0,0.0,-3.137,-0.011,0.0,0.0,0.0,-1.0,0.0,0.0,99.0,525.0
176519.0,0.0,-3.137,-0.015,0.0,0.0,0.0,-1.0,0.0,0.0,99.0,525.0
176529.0,0.0,-3.137,-0.003,0.0,0.0,0.0,-1.0,0.0,0.0,99.0,525.0
176539.0,0.0,-3.1385,-0.019,0.0,0.0,0.0,-1.0,0.0,0.0,99.0,525.0
176550.0,0.0,-3.137,-0.01,0.0,0.0,0.0,-1.0,0.0,0.0,99.0,524.0
176560.0,0.0,-3.137,-0.002,0.0,0.0,0.0,-1.0,0.0,0.0,99.0,525.0
176570.0,0.0,-3.137,0.002,0.0,0.0,0.0,-1.0,0.0,0.0,99.0,525.0
176581.0,0.0,-3.137,0.003,0.0,0.0,0.0,-1.0,0.0,0.0,99.0,509.0
176591.0,0.0,-3.137,0.001,0.0,0.0,0.0,-1.0,0.0,0.0,99.0,525.0
176601.0,0.0,-3.137,0.011,0.0,0.0,0.0,-1.0,0.0,0.0,99.0,525.0
176611.0,0.0,-3.137,0.015,0.0,0.0,0.0,-1.0,0.0,0.0,99.0,517.0
176622.0,0.0,-3.137,0.015,0.0,0.0,0.0,-1.0,0.0,0.0,99.0,518.0
176632.0,0.0,-3.137,0.011,0.0,0.0,0.0,-1.0,0.0,0.0,99.0,517.0
176642.0,0.0,-3.137,0.007,0.0,0.0,0.0,-1.0,0.0,0.0,99.0,517.0
176652.0,0.0,-3.137,0.005,0.0,0.0,0.0,-1.0,0.0,0.0,99.0,518.0
176663.0,0.0,-3.137,0.003,0.0,0.0,0.0,-1.0,0.0,0.0,99.0,518.0
176673.0,0.0,-3.137,0.002,0.0,0.0,0.0,-1.0,0.0,0.0,99.0,525.0
176683.0,0.0,-3.137,0.004,0.0,0.0,0.0,-1.0,0.0,0.0,99.0,517.0
176694.0,0.0,-3.137,0.003,0.0,0.0,0.0,-1.0,0.0,0.0,99.0,517.0
176704.0,0.0,-3.137,0.013,0.0,0.0,0.0,-1.0,0.0,0.0,99.0,524.0
176714.0,0.0,-3.1355,0.024,0.0,0.0,0.0,-1.0,0.0,0.0,99.0,525.0
176725.0,0.0,-3.1355,0.03,0.0,0.0,0.0,-1.0,0.0,0.0,99.0,517.0
176735.0,0.0,-3.1355,0.025,0.0,0.0,0.0,-1.0,0.0,0.0,99.0,517.0
176745.0,0.0,-3.1355,0.018,0.0,0.0,0.0,-1.0,0.0,0.0,99.0,517.0
176755.0,0.0,-3.1355,0.011,0.0,0.0,0.0,-1.0,0.0,0.0,99.0,517.0
176765.0,0.0,-3.1355,0.007,0.0,0.0,0.0,-1.0,0.0,0.0,99.0,517.0
176775.0,0.0,-3.1355,0.004,0.0,0.0,0.0,-1.0,0.0,0.0,99.0,517.0
176785.0,0.0,-3.1355,0.003,0.0,0.0,0.0,-1.0,0.0,0.0,99.0,518.0
176796.0,0.0,-3.1355,0.002,0.0,0.0,0.0,-1.0,0.0,0.0,99.0,517.0
176806.0,0.0,-3.1355,-0.0,0.0,0.0,0.0,-1.0,0.0,0.0,99.0,517.0
176816.0,0.0,-3.1355,0.001,0.0,0.0,0.0,-1.0,0.0,0.0,99.0,517.0
176826.0,0.0,-3.137,-0.014,0.0,0.0,0.0,-1.0,0.0,0.0,99.0,524.0
176837.0,0.0,-3.1355,-0.011,0.0,0.0,0.0,-1.0,0.0,0.0,99.0,524.0
176847.0,0.0,-3.137,-0.016,0.0,0.0,0.0,-1.0,0.0,0.0,99.0,525.0
176857.0,0.0,-3.137,-0.029,0.0,0.0,0.0,-1.0,0.0,0.0,99.0,517.0
176867.0,0.0,-3.137,-0.024,0.0,0.0,0.0,-1.0,0.0,0.0,99.0,517.0
176878.0,0.0,-3.137,-0.02,0.0,0.0,0.0,-1.0,0.0,0.0,99.0,517.0
176888.0,0.0,-3.137,-0.014,0.0,0.0,0.0,-1.0,0.0,0.0,99.0,517.0
176898.0,0.0,-3.137,-0.009,0.0,0.0,0.0,-1.0,0.0,0.0,99.0,517.0
176908.0,0.0,-3.137,-0.005,0.0,0.0,0.0,-1.0,0.0,0.0,99.0,518.0
176919.0,0.0,-3.137,-0.003,0.0,0.0,0.0,-1.0,0.0,0.0,99.0,517.0
176929.0,0.0,-3.137,-0.007,0.0,0.0,0.0,-1.0,0.0,0.0,99.0,517.0
176939.0,0.0,-3.1385,-0.008,0.0,0.0,0.0,-1.0,0.0,0.0,99.0,524.0
176949.0,0.0,-3.137,-0.005,0.0,0.0,0.0,-1.0,0.0,0.0,99.0,525.0
176959.0,0.0,-3.137,-0.001,0.0,0.0,0.0,-1.0,0.0,0.0,99.0,517.0
176969.0,0.0,-3.1385,-0.011,0.0,0.0,0.0,-1.0,0.0,0.0,99.0,525.0
176980.0,0.0,-3.1385,-0.015,0.0,0.0,0.0,-1.0,0.0,0.0,99.0,525.0
176990.0,0.0,-3.137,-0.005,0.0,0.0,0.0,-1.0,0.0,0.0,99.0,525.0
177000.0,0.0,-3.1385,-0.01,0.0,0.0,0.0,-1.0,0.0,0.0,99.0,524.0
177010.0,0.0,-3.1385,-0.02,0.0,0.0,0.0,-1.0,0.0,0.0,99.0,524.0
177021.0,0.0,-3.1385,-0.016,0.0,0.0,0.0,-1.0,0.0,0.0,99.0,517.0
177031.0,0.0,-3.137,0.011,0.0,0.0,0.0,-1.0,0.0,0.0,99.0,524.0
177041.0,0.0,-3.137,0.021,0.0,0.0,0.0,-1.0,0.0,0.0,99.0,517.0
177052.0,0.0,-3.137,0.014,0.0,0.0,0.0,-1.0,0.0,0.0,99.0,517.0
177062.0,0.0,-3.137,0.014,0.0,0.0,0.0,-1.0,0.0,0.0,99.0,517.0
177072.0,0.0,-3.137,0.011,0.0,0.0,0.0,-1.0,0.0,0.0,99.0,518.0
177083.0,0.0,-3.137,0.007,0.0,0.0,0.0,-1.0,0.0,0.0,99.0,501.0
177093.0,0.0,-3.137,0.005,0.0,0.0,0.0,-1.0,0.0,0.0,99.0,501.0
177103.0,0.0,-3.137,0.003,0.0,0.0,0.0,-1.0,0.0,0.0,99.0,517.0
177113.0,0.0,-3.137,0.002,0.0,0.0,0.0,-1.0,0.0,0.0,99.0,518.0
177124.0,0.0,-3.137,0.001,0.0,0.0,0.0,-1.0,0.0,0.0,99.0,501.0
177134.0,0.0,-3.137,0.001,0.0,0.0,0.0,-1.0,0.0,0.0,99.0,517.0
177144.0,0.0,-3.137,0.003,0.0,0.0,0.0,-1.0,0.0,0.0,99.0,517.0
177155.0,0.0,-3.1355,0.006,0.0,0.0,0.0,-1.0,0.0,0.0,99.0,524.0
177165.0,0.0,-3.137,0.014,0.0,0.0,0.0,-1.0,0.0,0.0,99.0,525.0
177175.0,0.0,-3.1355,0.029,0.0,0.0,0.0,-1.0,0.0,0.0,99.0,525.0
177185.0,0.0,-3.137,0.011,0.0,0.0,0.0,-1.0,0.0,0.0,99.0,525.0
177196.0,0.0,-3.1355,0.022,0.0,0.0,0.0,-1.0,0.0,0.0,99.0,517.0
177206.0,0.0,-3.1355,0.015,0.0,0.0,0.0,-1.0,0.0,0.0,99.0,517.0
177216.0,0.0,-3.1355,0.008,0.0,0.0,0.0,-1.0,0.0,0.0,99.0,525.0
177226.0,0.0,-3.1355,0.012,0.0,0.0,0.0,-1.0,0.0,0.0,99.0,517.0
177236.0,0.0,-3.1355,0.01,0.0,0.0,0.0,-1.0,0.0,0.0,99.0,517.0
177247.0,0.0,-3.137,-0.003,0.0,0.0,0.0,-1.0,0.0,0.0,99.0,524.0
177257.0,0.0,-3.1355,-0.001,0.0,0.0,0.0,-1.0,0.0,0.0,99.0,525.0
177267.0,0.0,-3.1355,0.003,0.0,0.0,0.0,-1.0,0.0,0.0,99.0,518.0
177277.0,0.0,-3.137,-0.009,0.0,0.0,0.0,-1.0,0.0,0.0,99.0,525.0
177287.0,0.0,-3.137,-0.011,0.0,0.0,0.0,-1.0,0.0,0.0,99.0,525.0
177298.0,0.0,-3.137,-0.027,0.0,0.0,0.0,-1.0,0.0,0.0,99.0,517.0
177308.0,0.0,-3.137,-0.025,0.0,0.0,0.0,-1.0,0.0,0.0,99.0,517.0
177318.0,0.0,-3.137,-0.019,0.0,0.0,0.0,-1.0,0.0,0.0,99.0,517.0
177328.0,0.0,-3.137,-0.011,0.0,0.0,0.0,-1.0,0.0,0.0,99.0,517.0
177338.0,0.0,-3.137,-0.008,0.0,0.0,0.0,-1.0,0.0,0.0,99.0,518.0
177348.0,0.0,-3.137,-0.006,0.0,0.0,0.0,-1.0,0.0,0.0,99.0,517.0
177358.0,0.0,-3.137,-0.004,0.0,0.0,0.0,-1.0,0.0,0.0,99.0,517.0
177369.0,0.0,-3.137,-0.002,0.0,0.0,0.0,-1.0,0.0,0.0,99.0,517.0
177379.0,0.0,-3.137,-0.001,0.0,0.0,0.0,-1.0,0.0,0.0,99.0,517.0
177389.0,0.0,-3.137,-0.001,0.0,0.0,0.0,-1.0,0.0,0.0,99.0,517.0
177399.0,0.0,-3.137,-0.0,0.0,0.0,0.0,-1.0,0.0,0.0,99.0,518.0
177410.0,0.0,-3.137,-0.0,0.0,0.0,0.0,-1.0,0.0,0.0,99.0,517.0
177420.0,0.0,-3.137,-0.0,0.0,0.0,0.0,-1.0,0.0,0.0,99.0,517.0
177430.0,0.0,-3.137,-0.011,0.0,0.0,0.0,-1.0,0.0,0.0,99.0,524.0
177440.0,0.0,-3.137,-0.001,0.0,0.0,0.0,-1.0,0.0,0.0,99.0,517.0
177450.0,0.0,-3.137,0.002,0.0,0.0,0.0,-1.0,0.0,0.0,99.0,517.0
177460.0,0.0,-3.137,0.003,0.0,0.0,0.0,-1.0,0.0,0.0,99.0,526.0
177471.0,0.0,-3.137,0.002,0.0,0.0,0.0,-1.0,0.0,0.0,99.0,517.0
177481.0,0.0,-3.137,0.001,0.0,0.0,0.0,-1.0,0.0,0.0,99.0,517.0
177491.0,0.0,-3.137,0.001,0.0,0.0,0.0,-1.0,0.0,0.0,99.0,518.0
177501.0,0.0,-3.137,0.001,0.0,0.0,0.0,-1.0,0.0,0.0,99.0,517.0
177512.0,0.0,-3.137,0.0,0.0,0.0,0.0,-1.0,0.0,0.0,99.0,517.0
177522.0,0.0,-3.137,0.0,0.0,0.0,0.0,-1.0,0.0,0.0,99.0,517.0
177532.0,0.0,-3.137,0.0,0.0,0.0,0.0,-1.0,0.0,0.0,99.0,517.0
177542.0,0.0,-3.137,0.0,0.0,0.0,0.0,-1.0,0.0,0.0,99.0,517.0
177552.0,0.0,-3.137,0.0,0.0,0.0,0.0,-1.0,0.0,0.0,99.0,517.0
177562.0,0.0,-3.137,-0.0,0.0,0.0,0.0,-1.0,0.0,0.0,99.0,517.0
177572.0,0.0,-3.137,-0.0,0.0,0.0,0.0,-1.0,0.0,0.0,99.0,517.0
177582.0,0.0,-3.137,0.005,0.0,0.0,0.0,-1.0,0.0,0.0,99.0,518.0
177592.0,0.0,-3.137,0.01,0.0,0.0,0.0,-1.0,0.0,0.0,99.0,524.0
177602.0,0.0,-3.137,0.009,0.0,0.0,0.0,-1.0,0.0,0.0,99.0,524.0
177612.0,0.0,-3.1355,0.022,0.0,0.0,0.0,-1.0,0.0,0.0,99.0,524.0
177622.0,0.0,-3.1355,0.018,0.0,0.0,0.0,-1.0,0.0,0.0,99.0,525.0
177633.0,0.0,-3.1355,0.02,0.0,0.0,0.0,-1.0,0.0,0.0,99.0,532.0
177643.0,0.0,-3.1355,0.015,0.0,0.0,0.0,-1.0,0.0,0.0,99.0,517.0
177653.0,0.0,-3.137,0.007,0.0,0.0,0.0,-1.0,0.0,0.0,99.0,524.0
177664.0,0.0,-3.1355,0.012,0.0,0.0,0.0,-1.0,0.0,0.0,99.0,517.0
177674.0,0.0,-3.1355,0.011,0.0,0.0,0.0,-1.0,0.0,0.0,99.0,517.0
177684.0,0.0,-3.1355,0.008,0.0,0.0,0.0,-1.0,0.0,0.0,99.0,517.0
177694.0,0.0,-3.1355,0.004,0.0,0.0,0.0,-1.0,0.0,0.0,99.0,517.0
177705.0,0.0,-3.1355,0.002,0.0,0.0,0.0,-1.0,0.0,0.0,99.0,509.0
177715.0,0.0,-3.1355,-0.01,0.0,0.0,0.0,-1.0,0.0,0.0,99.0,525.0
177725.0,0.0,-3.137,-0.012,0.0,0.0,0.0,-1.0,0.0,0.0,99.0,525.0
177735.0,0.0,-3.137,-0.025,0.0,0.0,0.0,-1.0,0.0,0.0,99.0,525.0
177746.0,0.0,-3.137,-0.027,0.0,0.0,0.0,-1.0,0.0,0.0,99.0,517.0
177756.0,0.0,-3.137,-0.018,0.0,0.0,0.0,-1.0,0.0,0.0,99.0,517.0
177766.0,0.0,-3.137,-0.012,0.0,0.0,0.0,-1.0,0.0,0.0,99.0,517.0
177776.0,0.0,-3.137,-0.01,0.0,0.0,0.0,-1.0,0.0,0.0,99.0,518.0
177787.0,0.0,-3.137,-0.008,0.0,0.0,0.0,-1.0,0.0,0.0,99.0,517.0
177797.0,0.0,-3.137,-0.005,0.0,0.0,0.0,-1.0,0.0,0.0,99.0,517.0
177807.0,0.0,-3.137,-0.003,0.0,0.0,0.0,-1.0,0.0,0.0,99.0,517.0
177818.0,0.0,-3.137,-0.002,0.0,0.0,0.0,-1.0,0.0,0.0,99.0,517.0
177828.0,0.0,-3.137,-0.001,0.0,0.0,0.0,-1.0,0.0,0.0,99.0,517.0
177838.0,0.0,-3.1385,-0.007,0.0,0.0,0.0,-1.0,0.0,0.0,99.0,524.0
177848.0,0.0,-3.137,-0.001,0.0,0.0,0.0,-1.0,0.0,0.0,99.0,518.0
177859.0,0.0,-3.137,0.0,0.0,0.0,0.0,-1.0,0.0,0.0,99.0,517.0
177869.0,0.0,-3.137,0.001,0.0,0.0,0.0,-1.0,0.0,0.0,99.0,517.0
177879.0,0.0,-3.137,0.001,0.0,0.0,0.0,-1.0,0.0,0.0,99.0,517.0
177889.0,0.0,-3.137,0.001,0.0,0.0,0.0,-1.0,0.0,0.0,99.0,518.0
177900.0,0.0,-3.137,-0.004,0.0,0.0,0.0,-1.0,0.0,0.0,99.0,517.0
177910.0,0.0,-3.137,-0.001,0.0,0.0,0.0,-1.0,0.0,0.0,99.0,517.0
177950.0,2.0,-3.137,0.001,0.0,0.0,0.0,-1.0,0.0,0.0,99.0,516.0
177961.0,2.0,-3.137,0.001,0.0,0.0,0.003,-1.0,0.0,0.0,99.0,618.0
177971.0,2.0,-3.137,0.0,0.0,0.0001,0.002,-1.0,0.0,0.0,99.0,645.0
177981.0,2.0,-3.137,0.0,0.0,0.0001,0.001,-1.0,0.0,0.0,99.0,618.0
177992.0,2.0,-3.137,0.0,0.0,0.0001,0.001,-1.0,0.0,0.0,99.0,594.0
178002.0,2.0,-3.137,0.003,0.0,0.0002,0.012,-1.0,0.0,0.0,99.0,628.0
178012.0,2.0,-3.137,0.0,0.0,0.0002,0.0,-1.0,0.0,0.0,99.0,637.0
178022.0,2.0,-3.1355,0.008,0.0,0.0003,0.031,-1.0,0.0,0.0,99.0,644.0
178033.0,2.0,-3.137,0.0,1e-05,0.0005,-0.0,-1.0,0.0,0.0,99.0,624.0
178043.0,2.0,-3.1355,0.011,1e-05,0.0006,0.045,-1.0,0.0,0.0,99.0,650.0
178054.0,2.0,-3.137,0.02,2e-05,0.0011,0.077,-1.0,0.0,0.0,99.0,627.0
178064.0,2.0,-3.1355,0.017,4e-05,0.0019,0.065,-1.0,0.0,0.0,99.0,667.0
178074.0,2.0,-3.1355,0.003,5e-05,0.002,0.01,-1.0,0.0,0.0,99.0,645.0
178084.0,2.0,-3.137,0.008,8e-05,0.0026,0.028,-1.0,0.0,0.0,99.0,613.0
178094.0,2.0,-3.1355,0.015,0.00011,0.0031,0.055,-1.0,0.0,0.0,99.0,616.0
178105.0,2.0,-3.1355,0.012,0.00014,0.0034,0.043,-1.0,0.0,0.0,99.0,608.0
178115.0,2.0,-3.137,0.009,0.00017,0.0039,0.027,-1.0,0.0,0.0,99.0,620.0
178125.0,2.0,-3.1355,0.013,0.00021,0.0043,0.044,-1.0,0.0,0.0,99.0,652.0
178135.0,2.0,-3.1355,-0.004,0.00026,0.0042,-0.027,-1.0,0.0,0.0,99.0,658.0
178146.0,2.0,-3.137,-0.019,0.0003,0.0037,-0.086,-1.0,0.0,0.0,99.0,621.0
178156.0,2.0,-3.1355,-0.009,0.00034,0.0031,-0.047,-1.0,0.0,0.0,99.0,612.0
178166.0,2.0,-3.137,-0.009,0.00036,0.0024,-0.048,-1.0,0.0,0.0,99.0,616.0
178176.0,2.0,-3.137,-0.019,0.00039,0.0017,-0.089,-1.0,0.0,0.0,99.0,632.0
178187.0,2.0,-3.137,-0.009,0.0004,0.0011,-0.05,-1.0,0.0,0.0,99.0,601.0
178197.0,2.0,-3.137,-0.013,0.00041,0.0004,-0.066,-1.0,0.0,0.0,99.0,701.0
178208.0,2.0,-3.137,-0.011,0.00041,-0.0002,-0.056,-1.0,0.0,0.0,99.0,652.0
178218.0,2.0,-3.137,-0.006,0.00041,-0.0006,-0.034,-1.0,0.0,0.0,99.0,643.0
178228.0,2.0,-3.137,-0.002,0.0004,-0.0008,-0.019,-1.0,0.0,0.0,99.0,627.0
178239.0,2.0,-3.137,-0.004,0.00039,-0.0011,-0.027,-1.0,0.0,0.0,99.0,651.0
178249.0,2.0,-3.137,-0.004,0.00038,-0.0013,-0.025,-1.0,0.0,0.0,99.0,691.0
178259.0,2.0,-3.137,-0.003,0.00038,0.002,0.696,-1.0,0.0,0.0,99.0,650.0
178269.0,2.0,-3.137,-0.002,0.00044,0.0116,1.0,-1.0,0.0,0.0,99.0,643.0
178280.0,2.0,-3.137,-0.001,0.0006,0.0216,1.0,-1.0,0.0,0.0,99.0,628.0
178290.0,2.0,-3.137,-0.001,0.00085,0.0316,1.0,-1.0,0.0,0.0,99.0,636.0
178300.0,2.0,-3.137,-0.0,0.00121,0.0416,1.0,-1.0,0.0,0.0,99.0,676.0
178310.0,2.0,-3.137,-0.0,0.00171,0.0526,1.0,-1.0,0.0,0.0,99.0,652.0
178321.0,2.0,-3.137,-0.001,0.00228,0.0626,1.0,-1.0,0.0,0.0,99.0,604.0
178331.0,2.0,-3.137,0.0,0.00295,0.0726,1.0,-1.0,0.0,0.0,99.0,696.0
178341.0,2.0,-3.137,0.001,0.00379,0.0836,1.0,-1.0,0.0,0.0,99.0,645.0
178351.0,2.0,-3.137,-0.001,0.00466,0.0936,1.0,-1.0,0.0,0.0,99.0,610.0
178361.0,2.0,-3.137,0.001,0.00563,0.1036,1.0,-1.0,0.0,0.0,99.0,617.0
178372.0,2.0,-3.137,0.001,0.0067,0.1136,1.0,-1.0,0.0,0.0,99.0,599.0
178382.0,2.0,-3.137,0.001,0.00786,0.1236,1.0,-1.0,0.0,0.0,99.0,598.0
178392.0,2.0,-3.137,0.001,0.00926,0.1346,1.0,-1.0,0.0,0.0,99.0,610.0
178402.0,2.0,-3.137,0.001,0.01065,0.1446,1.0,-1.0,0.0,0.0,99.0,629.0
178412.0,2.0,-3.137,0.0,0.01214,0.1546,1.0,-1.0,0.0,0.0,99.0,719.0
178423.0,2.0,-3.137,0.0,0.01388,0.1656,1.0,-1.0,0.0,0.0,99.0,686.0
178434.0,2.0,-3.137,0.0,0.01556,0.1756,1.0,-1.0,0.0,0.0,99.0,711.0
178444.0,2.0,-3.137,0.0,0.01753,0.1866,1.0,-1.0,0.0,0.0,99.0,653.0
178455.0,2.0,-3.137,0.005,0.01942,0.1966,1.0,-1.0,0.0,0.0,99.0,760.0
178465.0,2.0,-3.137,0.001,0.02141,0.2066,1.0,-1.0,0.0,0.0,99.0,697.0
178475.0,2.0,-3.137,0.013,0.02371,0.2176,1.0,-1.0,0.0,0.0,99.0,690.0
178486.0,2.0,-3.137,0.004,0.02592,0.2276,1.0,-1.0,0.0,0.0,99.0,693.0
178496.0,2.0,-3.137,0.009,0.02845,0.2386,1.0,-1.0,0.0,0.0,99.0,636.0
178507.0,2.0,-3.1355,0.018,0.03085,0.2486,1.0,-1.0,0.0,0.0,99.0,637.0
178517.0,2.0,-3.1355,0.028,0.03365,0.2596,1.0,-1.0,0.0,0.0,99.0,750.0
178527.0,2.0,-3.1355,0.016,0.03626,0.2696,1.0,-1.0,0.0,0.0,99.0,735.0
178538.0,2.0,-3.1355,0.017,0.03924,0.2806,1.0,-1.0,0.0,0.0,99.0,658.0
178548.0,2.0,-3.1355,0.013,0.04208,0.2906,1.0,-1.0,0.0,0.0,99.0,704.0
178559.0,2.0,-3.1355,0.004,0.0453,0.3016,1.0,-1.0,0.0,0.0,99.0,700.0
178570.0,2.0,-3.1355,0.005,0.04861,0.3126,1.0,-1.0,0.0,0.0,99.0,605.0
178580.0,2.0,-3.1355,0.003,0.05176,0.3226,1.0,-1.0,0.0,0.0,99.0,617.0
178590.0,2.0,-3.1355,0.003,0.05501,0.3326,1.0,-1.0,0.0,0.0,99.0,618.0
178600.0,2.0,-3.1355,0.003,0.05838,0.3426,1.0,-1.0,0.0,0.0,99.0,710.0
178611.0,2.0,-3.1355,0.002,0.06215,0.3536,1.0,-1.0,0.0,0.0,99.0,658.0
178621.0,2.0,-3.137,-0.011,0.0657,0.3636,1.0,-1.0,0.0,0.0,99.0,659.0
178632.0,2.0,-3.137,-0.015,0.06933,0.3736,1.0,-1.0,0.0,0.0,99.0,618.0
178642.0,2.0,-3.137,-0.021,0.07346,0.3846,1.0,-1.0,0.0,0.0,99.0,631.0
178652.0,2.0,-3.137,-0.019,0.07733,0.3946,1.0,-1.0,0.0,0.0,99.0,654.0
178662.0,2.0,-3.137,-0.007,0.08131,0.4046,1.0,-1.0,0.0,0.0,99.0,729.0
178673.0,2.0,-3.137,-0.017,0.08574,0.4156,1.0,-1.0,0.0,0.0,99.0,651.0
178684.0,2.0,-3.137,-0.017,0.0899,0.4256,1.0,-1.0,0.0,0.0,99.0,643.0
178694.0,2.0,-3.137,-0.012,0.09459,0.4366,1.0,-1.0,0.0,0.0,99.0,602.0
178704.0,2.0,-3.137,-0.006,0.09896,0.4458,0.68,-1.0,0.0,0.0,99.0,621.0
178715.0,2.0,-3.137,-0.007,0.10336,0.4482,-0.12,-1.0,0.0,0.0,99.0,570.0
178725.0,2.0,-3.137,-0.008,0.1078,0.4426,-0.92,-1.0,0.0,0.0,99.0,588.0
178735.0,2.0,-3.137,-0.006,0.11215,0.429,-1.72,-1.0,0.0,0.0,99.0,627.0
178745.0,2.0,-3.137,-0.004,0.1163,0.4074,-2.52,-1.0,0.0,0.0,99.0,594.0
178755.0,2.0,-3.137,-0.003,0.1206,0.3744,-3.4,-1.0,0.0,0.0,99.0,594.0
178765.0,2.0,-3.137,-0.002,0.12415,0.336,-4.2,-1.0,0.0,0.0,99.0,601.0
178776.0,2.0,-3.137,-0.001,0.1273,0.2896,-5.0,-1.0,0.0,0.0,99.0,604.0
178786.0,2.0,-3.137,-0.001,0.12994,0.2352,-5.8,-1.0,0.0,0.0,99.0,588.0
178796.0,2.0,-3.137,-0.0,0.13219,0.1661,-6.68,-1.0,0.0,0.0,99.0,602.0
178806.0,2.0,-3.137,-0.0,0.13354,0.0949,-7.48,-1.0,0.0,0.0,99.0,624.0
178817.0,2.0,-3.137,-0.0,0.13414,0.0157,-8.28,-1.0,0.0,0.0,99.0,595.0
178828.0,2.0,-3.137,-0.0,0.1338,-0.0811,-7.64,-1.0,0.0,0.0,99.0,619.0
178838.0,2.0,-3.137,0.002,0.13268,-0.1531,-6.84,-1.0,0.0,0.0,99.0,713.0
178849.0,2.0,-3.137,-0.0,0.13066,-0.2231,-5.96,-1.0,0.0,0.0,99.0,669.0
178860.0,2.0,-3.137,-0.001,0.12792,-0.2834,-5.08,-1.0,0.0,0.0,99.0,713.0
178871.0,2.0,-3.137,-0.001,0.1246,-0.334,-4.2,-1.0,0.0,0.0,99.0,652.0
178881.0,2.0,-3.137,-0.001,0.1211,-0.3716,-3.451,-1.0,0.0,0.0,99.0,744.0
178892.0,2.0,-3.137,0.004,0.11686,-0.4086,-3.289,-1.0,0.0,0.0,99.0,737.0
178904.0,2.0,-3.137,0.002,0.1118,-0.447,-3.123,-1.0,0.0,0.0,99.0,652.0
178914.0,2.0,-3.137,-0.001,0.10724,-0.4775,-2.984,-1.0,0.0,0.0,99.0,668.0
178925.0,2.0,-3.137,-0.002,0.10189,-0.5093,-2.81,-1.0,0.0,0.0,99.0,628.0
178936.0,2.0,-3.1355,0.005,0.09669,-0.5347,-2.2,-1.0,0.0,0.0,99.0,761.0
178946.0,2.0,-3.137,-0.0,0.09079,-0.5536,-1.32,-1.0,0.0,0.0,99.0,670.0
178957.0,2.0,-3.137,0.001,0.08471,-0.5628,-0.44,-1.0,0.0,0.0,99.0,668.0
178968.0,2.0,-3.137,0.003,0.07915,-0.5628,0.36,-1.0,0.0,0.0,99.0,626.0
178978.0,2.0,-3.137,0.012,0.073,-0.5541,1.0,-1.0,0.0,0.0,99.0,685.0
178989.0,2.0,-3.137,0.002,0.06702,-0.5431,1.0,-1.0,0.0,0.0,99.0,652.0
179000.0,2.0,-3.1355,0.01,0.06111,-0.5321,1.0,-1.0,0.0,0.0,99.0,743.0
179012.0,2.0,-3.1355,0.014,0.05486,-0.5201,1.0,-1.0,0.0,0.0,99.0,674.0
179023.0,2.0,-3.137,0.003,0.04978,-0.5101,1.0,-1.0,0.0,0.0,99.0,614.0
179033.0,2.0,-3.137,0.012,0.0442,-0.4991,1.0,-1.0,0.0,0.0,99.0,737.0
179044.0,2.0,-3.137,-0.0,0.03886,-0.4881,1.0,-1.0,0.0,0.0,99.0,636.0
179054.0,2.0,-3.137,-0.005,0.03406,-0.4781,1.0,-1.0,0.0,0.0,99.0,630.0
179065.0,2.0,-3.137,-0.004,0.02884,-0.4671,1.0,-1.0,0.0,0.0,99.0,743.0
179077.0,2.0,-3.137,-0.004,0.02339,-0.4551,1.0,-1.0,0.0,0.0,99.0,638.0
179087.0,2.0,-3.137,-0.012,0.01891,-0.4451,1.0,-1.0,0.0,0.0,99.0,653.0
179098.0,2.0,-3.137,-0.006,0.01411,-0.4341,1.0,-1.0,0.0,0.0,99.0,652.0
179109.0,2.0,-3.137,-0.009,0.00986,-0.4241,1.0,-1.0,0.0,0.0,99.0,627.0
179119.0,2.0,-3.137,-0.012,0.00566,-0.4141,1.0,-1.0,0.0,0.0,99.0,764.0
179130.0,2.0,-3.137,0.003,0.0012,-0.4031,1.0,-1.0,0.0,0.0,99.0,754.0
179140.0,2.0,-3.1355,-0.001,-0.00314,-0.3921,1.0,-1.0,0.0,0.0,99.0,668.0
179151.0,2.0,-3.137,-0.005,-0.00736,-0.3811,1.0,-1.0,0.0,0.0,99.0,676.0
179161.0,2.0,-3.137,-0.007,-0.0111,-0.3711,1.0,-1.0,0.0,0.0,99.0,694.0
179172.0,2.0,-3.137,-0.006,-0.01508,-0.3601,1.0,-1.0,0.0,0.0,99.0,666.0
179183.0,2.0,-3.137,-0.004,-0.01859,-0.3501,1.0,-1.0,0.0,0.0,99.0,622.0
179193.0,2.0,-3.137,-0.003,-0.02238,-0.3391,1.0,-1.0,0.0,0.0,99.0,684.0
179204.0,2.0,-3.137,-0.002,-0.02568,-0.3291,1.0,-1.0,0.0,0.0,99.0,634.0
179214.0,2.0,-3.137,-0.001,-0.02922,-0.3181,1.0,-1.0,0.0,0.0,99.0,684.0
179224.0,2.0,-3.137,-0.001,-0.03235,-0.3081,1.0,-1.0,0.0,0.0,99.0,748.0
179235.0,2.0,-3.137,-0.0,-0.03564,-0.2971,1.0,-1.0,0.0,0.0,99.0,660.0
179246.0,2.0,-3.137,-0.0,-0.03853,-0.2871,1.0,-1.0,0.0,0.0,99.0,596.0
179257.0,2.0,-3.137,-0.0,-0.0419,-0.2751,1.0,-1.0,0.0,0.0,99.0,659.0
179268.0,2.0,-3.137,-0.0,-0.04484,-0.2641,1.0,-1.0,0.0,0.0,99.0,675.0
179280.0,2.0,-3.137,0.0,-0.04769,-0.2531,1.0,-1.0,0.0,0.0,99.0,762.0
179291.0,2.0,-3.137,0.003,-0.05061,-0.2411,1.0,-1.0,0.0,0.0,99.0,662.0
179302.0,2.0,-3.1355,0.006,-0.05295,-0.2311,1.0,-1.0,0.0,0.0,99.0,640.0
179312.0,2.0,-3.137,0.002,-0.05544,-0.2201,1.0,-1.0,0.0,0.0,99.0,673.0
179322.0,2.0,-3.137,0.005,-0.05757,-0.2101,1.0,-1.0,0.0,0.0,99.0,715.0
179333.0,2.0,-3.137,-0.002,-0.05982,-0.1991,1.0,-1.0,0.0,0.0,99.0,754.0
179344.0,2.0,-3.137,-0.001,-0.06193,-0.1881,1.0,-1.0,0.0,0.0,99.0,688.0
179356.0,2.0,-3.1355,0.006,-0.0641,-0.1761,1.0,-1.0,0.0,0.0,99.0,651.0
179366.0,2.0,-3.137,0.004,-0.0658,-0.1661,1.0,-1.0,0.0,0.0,99.0,636.0
179377.0,2.0,-3.137,-0.001,-0.06756,-0.1551,1.0,-1.0,0.0,0.0,99.0,643.0
179388.0,2.0,-3.137,-0.004,-0.06905,-0.1451,1.0,-1.0,0.0,0.0,99.0,610.0
179398.0,2.0,-3.137,-0.004,-0.07046,-0.1351,1.0,-1.0,0.0,0.0,99.0,702.0
179408.0,2.0,-3.137,0.001,-0.07187,-0.1241,1.0,-1.0,0.0,0.0,99.0,676.0
179418.0,2.0,-3.137,-0.002,-0.07306,-0.1141,1.0,-1.0,0.0,0.0,99.0,713.0
179429.0,2.0,-3.137,0.002,-0.07425,-0.1031,1.0,-1.0,0.0,0.0,99.0,645.0
179439.0,2.0,-3.137,-0.005,-0.07523,-0.0931,1.0,-1.0,0.0,0.0,99.0,633.0
179450.0,2.0,-3.137,-0.003,-0.07611,-0.0831,1.0,-1.0,0.0,0.0,99.0,645.0
179460.0,2.0,-3.137,0.003,-0.07695,-0.0668,1.88,-1.0,0.0,0.0,99.0,721.0
179471.0,2.0,-3.137,-0.0,-0.07756,-0.0421,2.347,-1.0,0.0,0.0,99.0,742.0
179482.0,2.0,-3.137,-0.005,-0.0779,-0.0164,2.325,-1.0,0.0,0.0,99.0,707.0
179493.0,2.0,-3.137,-0.005,-0.07795,0.0091,2.315,-1.0,0.0,0.0,99.0,740.0
179504.0,2.0,-3.137,0.001,-0.07776,0.0323,2.321,-1.0,0.0,0.0,99.0,628.0
179514.0,2.0,-3.137,-0.002,-0.07734,0.0553,2.285,-1.0,0.0,0.0,99.0,670.0
179524.0,2.0,-3.137,-0.002,-0.0767,0.0779,2.254,-1.0,0.0,0.0,99.0,668.0
179534.0,2.0,-3.137,-0.002,-0.07572,0.1025,2.214,-1.0,0.0,0.0,99.0,651.0
179545.0,2.0,-3.137,-0.001,-0.07461,0.1244,2.172,-1.0,0.0,0.0,99.0,645.0
179555.0,2.0,-3.137,-0.001,-0.07315,0.148,2.118,-1.0,0.0,0.0,99.0,644.0
179565.0,2.0,-3.137,-0.0,-0.07159,0.1689,2.062,-1.0,0.0,0.0,99.0,625.0
179575.0,2.0,-3.137,-0.0,-0.06981,0.1891,2.0,-1.0,0.0,0.0,99.0,697.0
179586.0,2.0,-3.137,-0.0,-0.06786,0.2088,1.932,-1.0,0.0,0.0,99.0,668.0
179596.0,2.0,-3.137,-0.0,-0.0657,0.2277,1.858,-1.0,0.0,0.0,99.0,710.0
179607.0,2.0,-3.137,-0.0,-0.06289,0.2494,1.763,-1.0,0.0,0.0,99.0,654.0
179618.0,2.0,-3.137,0.0,-0.06007,0.2682,1.669,-1.0,0.0,0.0,99.0,669.0
179629.0,2.0,-3.137,0.0,-0.05708,0.286,1.57,-1.0,0.0,0.0,99.0,643.0
179640.0,2.0,-3.137,0.0,-0.05386,0.3026,1.466,-1.0,0.0,0.0,99.0,652.0
179651.0,2.0,-3.137,0.003,-0.05081,0.317,1.379,-1.0,0.0,0.0,99.0,628.0
179661.0,2.0,-3.1355,0.01,-0.04726,0.3314,1.294,-1.0,0.0,0.0,99.0,710.0
179671.0,2.0,-3.137,0.012,-0.04392,0.3439,1.196,-1.0,0.0,0.0,99.0,690.0
179683.0,2.0,-3.137,0.016,-0.03977,0.3576,1.079,-1.0,0.0,0.0,99.0,607.0
179693.0,2.0,-3.1355,0.023,-0.03615,0.3679,0.991,-1.0,0.0,0.0,99.0,736.0
179704.0,2.0,-3.1355,0.013,-0.0321,0.3776,0.826,-1.0,0.0,0.0,99.0,650.0
179714.0,2.0,-3.137,0.011,-0.02831,0.3853,0.703,-1.0,0.0,0.0,99.0,720.0
179725.0,2.0,-3.1355,0.009,-0.02409,0.392,0.563,-1.0,0.0,0.0,99.0,666.0
179736.0,2.0,-3.1355,0.007,-0.0198,0.3974,0.425,-1.0,0.0,0.0,99.0,627.0
179747.0,2.0,-3.1355,0.002,-0.01585,0.4009,0.284,-1.0,0.0,0.0,99.0,594.0
179757.0,2.0,-3.137,-0.008,-0.01142,0.403,0.111,-1.0,0.0,0.0,99.0,684.0
179767.0,2.0,-3.137,-0.007,-0.00744,0.4035,-0.005,-1.0,0.0,0.0,99.0,693.0
179778.0,2.0,-3.1355,-0.003,-0.00306,0.4028,-0.121,-1.0,0.0,0.0,99.0,638.0
179789.0,2.0,-3.137,-0.015,0.00091,0.4009,-0.287,-1.0,0.0,0.0,99.0,600.0
179799.0,2.0,-3.137,-0.012,0.0053,0.3971,-0.405,-1.0,0.0,0.0,99.0,676.0
179810.0,2.0,-3.137,-0.014,0.00959,0.3918,-0.54,-1.0,0.0,0.0,99.0,658.0
179820.0,2.0,-3.137,-0.007,0.01346,0.3859,-0.624,-1.0,0.0,0.0,99.0,685.0
179831.0,2.0,-3.137,-0.004,0.01763,0.3785,-0.733,-1.0,0.0,0.0,99.0,668.0
179842.0,2.0,-3.137,-0.009,0.02171,0.3696,-0.874,-1.0,0.0,0.0,99.0,666.0
179852.0,2.0,-3.1355,-0.001,0.02533,0.3603,-0.945,-1.0,0.0,0.0,99.0,641.0
179863.0,2.0,-3.137,-0.008,0.02885,0.35,-1.074,-1.0,0.0,0.0,99.0,604.0
179874.0,2.0,-3.137,-0.008,0.03296,0.3364,-1.189,-1.0,0.0,0.0,99.0,638.0
179885.0,2.0,-3.137,-0.002,0.03622,0.3241,-1.257,-1.0,0.0,0.0,99.0,592.0
179895.0,2.0,-3.137,-0.004,0.03974,0.3096,-1.363,-1.0,0.0,0.0,99.0,729.0
179906.0,2.0,-3.137,-0.003,0.04302,0.2941,-1.451,-1.0,0.0,0.0,99.0,683.0
179917.0,2.0,-3.137,-0.002,0.04615,0.2776,-1.533,-1.0,0.0,0.0,99.0,684.0
179928.0,2.0,-3.137,-0.001,0.04909,0.2603,-1.609,-1.0,0.0,0.0,99.0,659.0
179939.0,2.0,-3.137,-0.001,0.05184,0.2422,-1.68,-1.0,0.0,0.0,99.0,637.0
179949.0,2.0,-3.137,-0.0,0.05418,0.225,-1.741,-1.0,0.0,0.0,99.0,634.0
179959.0,4.0,-3.137,-0.0,0.05449,0.0,0.0,-1.0,0.0,0.0,99.0,477.0
179969.0,4.0,-3.137,-0.0,0.05449,0.0,0.0,-1.0,0.0,0.0,99.0,478.0
179979.0,4.0,-3.137,-0.0,0.05449,0.0,0.0,-1.0,0.0,0.0,99.0,478.0
179990.0,4.0,-3.137,0.003,0.05449,0.0,0.0,-1.0,0.0,0.0,99.0,483.0
180000.0,4.0,-3.137,0.0,0.05449,0.0,0.0,-1.0,0.0,0.0,99.0,485.0
180010.0,4.0,-3.137,-0.001,0.05449,0.0,0.0,-1.0,0.0,0.0,99.0,485.0
180020.0,4.0,-3.137,-0.001,0.05449,0.0,0.0,-1.0,0.0,0.0,99.0,478.0
180030.0,4.0,-3.137,-0.001,0.05449,0.0,0.0,-1.0,0.0,0.0,99.0,492.0
180040.0,4.0,-3.137,-0.0,0.05449,0.0,0.0,-1.0,0.0,0.0,99.0,477.0
180050.0,4.0,-3.137,-0.0,0.05449,0.0,0.0,-1.0,0.0,0.0,99.0,483.0
180061.0,4.0,-3.137,0.007,0.05449,0.0,0.0,-1.0,0.0,0.0,99.0,477.0
180071.0,4.0,-3.137,0.0,0.05449,0.0,0.0,-1.0,0.0,0.0,99.0,492.0
180081.0,4.0,-3.137,0.002,0.05449,0.0,0.0,-1.0,0.0,0.0,99.0,478.0
180091.0,4.0,-3.137,0.001,0.05449,0.0,0.0,-1.0,0.0,0.0,99.0,485.0
180101.0,4.0,-3.1355,0.003,0.05449,0.0,0.0,-1.0,0.0,0.0,99.0,477.0
180111.0,4.0,-3.137,0.002,0.05449,0.0,0.0,-1.0,0.0,0.0,99.0,485.0
180122.0,4.0,-3.137,-0.004,0.05449,0.0,0.0,-1.0,0.0,0.0,99.0,478.0
180132.0,4.0,-3.137,0.008,0.05449,0.0,0.0,-1.0,0.0,0.0,99.0,478.0
180142.0,4.0,-3.1355,0.02,0.05449,0.0,0.0,-1.0,0.0,0.0,99.0,483.0
180152.0,4.0,-3.137,0.008,0.05449,0.0,0.0,-1.0,0.0,0.0,99.0,484.0
180162.0,4.0,-3.137,-0.002,0.05449,0.0,0.0,-1.0,0.0,0.0,99.0,491.0
180172.0,4.0,-3.137,-0.001,0.05449,0.0,0.0,-1.0,0.0,0.0,99.0,478.0
180183.0,4.0,-3.1355,-0.001,0.05449,0.0,0.0,-1.0,0.0,0.0,99.0,478.0
180193.0,4.0,-3.1355,0.002,0.05449,0.0,0.0,-1.0,0.0,0.0,99.0,484.0
180203.0,4.0,-3.137,-0.003,0.05449,0.0,0.0,-1.0,0.0,0.0,99.0,478.0
180213.0,4.0,-3.137,-0.007,0.05449,0.0,0.0,-1.0,0.0,0.0,99.0,478.0
180224.0,4.0,-3.137,-0.001,0.05449,0.0,0.0,-1.0,0.0,0.0,99.0,477.0
180234.0,4.0,-3.137,0.006,0.05449,0.0,0.0,-1.0,0.0,0.0,99.0,485.0
180244.0,4.0,-3.137,-0.003,0.05449,0.0,0.0,-1.0,0.0,0.0,99.0,492.0
180254.0,4.0,-3.137,-0.008,0.05449,0.0,0.0,-1.0,0.0,0.0,99.0,485.0
180264.0,4.0,-3.137,-0.002,0.05449,0.0,0.0,-1.0,0.0,0.0,99.0,491.0
180274.0,4.0,-3.137,-0.005,0.05449,0.0,0.0,-1.0,0.0,0.0,99.0,485.0
180285.0,4.0,-3.137,-0.005,0.05449,0.0,0.0,-1.0,0.0,0.0,99.0,484.0
180295.0,4.0,-3.137,-0.003,0.05449,0.0,0.0,-1.0,0.0,0.0,99.0,485.0
180305.0,4.0,-3.137,-0.002,0.05449,0.0,0.0,-1.0,0.0,0.0,99.0,485.0
180315.0,4.0,-3.137,0.002,0.05449,0.0,0.0,-1.0,0.0,0.0,99.0,492.0
180325.0,4.0,-3.137,-0.001,0.05449,0.0,0.0,-1.0,0.0,0.0,99.0,485.0
180336.0,4.0,-3.137,-0.001,0.05449,0.0,0.0,-1.0,0.0,0.0,99.0,477.0
180346.0,4.0,-3.137,-0.001,0.05449,0.0,0.0,-1.0,0.0,0.0,99.0,478.0
180356.0,4.0,-3.137,0.002,0.05449,0.0,0.0,-1.0,0.0,0.0,99.0,478.0
180366.0,4.0,-3.137,-0.001,0.05449,0.0,0.0,-1.0,0.0,0.0,99.0,477.0
180377.0,4.0,-3.137,-0.001,0.05449,0.0,0.0,-1.0,0.0,0.0,99.0,477.0
180387.0,4.0,-3.137,-0.001,0.05449,0.0,0.0,-1.0,0.0,0.0,99.0,491.0
180397.0,4.0,-3.137,-0.001,0.05449,0.0,0.0,-1.0,0.0,0.0,99.0,478.0
180407.0,4.0,-3.137,-0.001,0.05449,0.0,0.0,-1.0,0.0,0.0,99.0,478.0
180418.0,4.0,-3.137,-0.0,0.05449,0.0,0.0,-1.0,0.0,0.0,99.0,477.0
180428.0,4.0,-3.137,0.002,0.05449,0.0,0.0,-1.0,0.0,0.0,99.0,491.0
180438.0,4.0,-3.137,0.007,0.05449,0.0,0.0,-1.0,0.0,0.0,99.0,478.0
180448.0,4.0,-3.137,-0.001,0.05449,0.0,0.0,-1.0,0.0,0.0,99.0,483.0
180458.0,4.0,-3.137,-0.003,0.05449,0.0,0.0,-1.0,0.0,0.0,99.0,491.0
180469.0,4.0,-3.137,-0.002,0.05449,0.0,0.0,-1.0,0.0,0.0,99.0,477.0
180479.0,4.0,-3.1355,0.005,0.05449,0.0,0.0,-1.0,0.0,0.0,99.0,485.0
180489.0,4.0,-3.137,0.008,0.05449,0.0,0.0,-1.0,0.0,0.0,99.0,477.0
180499.0,4.0,-3.1355,0.003,0.05449,0.0,0.0,-1.0,0.0,0.0,99.0,477.0
180509.0,4.0,-3.137,-0.001,0.05449,0.0,0.0,-1.0,0.0,0.0,99.0,492.0
180519.0,4.0,-3.137,-0.001,0.05449,0.0,0.0,-1.0,0.0,0.0,99.0,491.0
180530.0,4.0,-3.137,0.004,0.05449,0.0,0.0,-1.0,0.0,0.0,99.0,478.0
180540.0,4.0,-3.1355,0.015,0.05449,0.0,0.0,-1.0,0.0,0.0,99.0,485.0
180550.0,4.0,-3.137,0.01,0.05449,0.0,0.0,-1.0,0.0,0.0,99.0,483.0
180560.0,4.0,-3.137,0.001,0.05449,0.0,0.0,-1.0,0.0,0.0,99.0,477.0
180570.0,4.0,-3.1355,0.007,0.05449,0.0,0.0,-1.0,0.0,0.0,99.0,485.0
180580.0,4.0,-3.137,0.003,0.05449,0.0,0.0,-1.0,0.0,0.0,99.0,483.0
180590.0,4.0,-3.137,-0.004,0.05449,0.0,0.0,-1.0,0.0,0.0,99.0,485.0
180601.0,4.0,-3.1355,-0.002,0.05449,0.0,0.0,-1.0,0.0,0.0,99.0,485.0
180611.0,4.0,-3.137,0.007,0.05449,0.0,0.0,-1.0,0.0,0.0,99.0,484.0
180621.0,4.0,-3.1355,-0.004,0.05449,0.0,0.0,-1.0,0.0,0.0,99.0,485.0
180631.0,4.0,-3.137,0.005,0.05449,0.0,0.0,-1.0,0.0,0.0,99.0,484.0
180641.0,4.0,-3.1355,0.013,0.05449,0.0,0.0,-1.0,0.0,0.0,99.0,491.0
180651.0,4.0,-3.137,-0.007,0.05449,0.0,0.0,-1.0,0.0,0.0,99.0,484.0
180662.0,4.0,-3.137,-0.019,0.05449,0.0,0.0,-1.0,0.0,0.0,99.0,478.0
180672.0,4.0,-3.137,-0.008,0.05449,0.0,0.0,-1.0,0.0,0.0,99.0,485.0
180682.0,4.0,-3.137,-0.005,0.05449,0.0,0.0,-1.0,0.0,0.0,99.0,485.0
180692.0,4.0,-3.137,-0.003,0.05449,0.0,0.0,-1.0,0.0,0.0,99.0,484.0
180702.0,4.0,-3.137,-0.001,0.05449,0.0,0.0,-1.0,0.0,0.0,99.0,485.0
180713.0,4.0,-3.137,-0.008,0.05449,0.0,0.0,-1.0,0.0,0.0,99.0,478.0
180723.0,4.0,-3.137,-0.008,0.05449,0.0,0.0,-1.0,0.0,0.0,99.0,485.0
180733.0,4.0,-3.137,-0.006,0.05449,0.0,0.0,-1.0,0.0,0.0,99.0,478.0
180744.0,4.0,-3.137,-0.004,0.05449,0.0,0.0,-1.0,0.0,0.0,99.0,477.0
180754.0,4.0,-3.137,-0.001,0.05449,0.0,0.0,-1.0,0.0,0.0,99.0,485.0
180764.0,4.0,-3.137,0.004,0.05449,0.0,0.0,-1.0,0.0,0.0,99.0,485.0
180774.0,4.0,-3.137,0.002,0.05449,0.0,0.0,-1.0,0.0,0.0,99.0,492.0
180784.0,4.0,-3.137,0.0,0.05449,0.0,0.0,-1.0,0.0,0.0,99.0,492.0
180794.0,4.0,-3.137,-0.003,0.05449,0.0,0.0,-1.0,0.0,0.0,99.0,485.0
180804.0,4.0,-3.137,-0.002,0.05449,0.0,0.0,-1.0,0.0,0.0,99.0,485.0
180815.0,4.0,-3.137,-0.003,0.05449,0.0,0.0,-1.0,0.0,0.0,99.0,478.0
180825.0,4.0,-3.137,-0.003,0.05449,0.0,0.0,-1.0,0.0,0.0,99.0,485.0
180835.0,4.0,-3.137,-0.002,0.05449,0.0,0.0,-1.0,0.0,0.0,99.0,492.0
180845.0,4.0,-3.137,-0.001,0.05449,0.0,0.0,-1.0,0.0,0.0,99.0,484.0
180855.0,4.0,-3.137,-0.001,0.05449,0.0,0.0,-1.0,0.0,0.0,99.0,492.0
180865.0,4.0,-3.137,-0.001,0.05449,0.0,0.0,-1.0,0.0,0.0,99.0,485.0
180876.0,4.0,-3.137,-0.0,0.05449,0.0,0.0,-1.0,0.0,0.0,99.0,485.0
180886.0,4.0,-3.137,-0.0,0.05449,0.0,0.0,-1.0,0.0,0.0,99.0,492.0
180896.0,4.0,-3.137,-0.0,0.05449,0.0,0.0,-1.0,0.0,0.0,99.0,492.0
180906.0,4.0,-3.137,0.002,0.05449,0.0,0.0,-1.0,0.0,0.0,99.0,491.0
180916.0,4.0,-3.137,0.004,0.05449,0.0,0.0,-1.0,0.0,0.0,99.0,485.0
180927.0,4.0,-3.137,-0.0,0.05449,0.0,0.0,-1.0,0.0,0.0,99.0,477.0
180937.0,4.0,-3.137,-0.002,0.05449,0.0,0.0,-1.0,0.0,0.0,99.0,485.0
180947.0,4.0,-3.137,-0.001,0.05449,0.0,0.0,-1.0,0.0,0.0,99.0,478.0
180957.0,4.0,-3.137,-0.001,0.05449,0.0,0.0,-1.0,0.0,0.0,99.0,492.0
180967.0,4.0,-3.137,0.002,0.05449,0.0,0.0,-1.0,0.0,0.0,99.0,491.0
180978.0,4.0,-3.137,-0.001,0.05449,0.0,0.0,-1.0,0.0,0.0,99.0,483.0
180988.0,4.0,-3.1355,0.009,0.05449,0.0,0.0,-1.0,0.0,0.0,99.0,485.0
180998.0,4.0,-3.137,0.004,0.05449,0.0,0.0,-1.0,0.0,0.0,99.0,478.0
181008.0,4.0,-3.137,-0.002,0.05449,0.0,0.0,-1.0,0.0,0.0,99.0,484.0
181018.0,4.0,-3.137,0.0,0.05449,0.0,0.0,-1.0,0.0,0.0,99.0,485.0
181028.0,4.0,-3.137,-0.002,0.05449,0.0,0.0,-1.0,0.0,0.0,99.0,491.0
181038.0,4.0,-3.137,0.001,0.05449,0.0,0.0,-1.0,0.0,0.0,99.0,477.0
181048.0,4.0,-3.137,0.0,0.05449,0.0,0.0,-1.0,0.0,0.0,99.0,491.0
181059.0,4.0,-3.137,-0.001,0.05449,0.0,0.0,-1.0,0.0,0.0,99.0,485.0
181069.0,4.0,-3.137,-0.0,0.05449,0.0,0.0,-1.0,0.0,0.0,99.0,485.0
181079.0,4.0,-3.137,-0.003,0.05449,0.0,0.0,-1.0,0.0,0.0,99.0,485.0
181089.0,4.0,-3.137,0.004,0.05449,0.0,0.0,-1.0,0.0,0.0,99.0,485.0
181099.0,4.0,-3.137,-0.002,0.05449,0.0,0.0,-1.0,0.0,0.0,99.0,478.0
181110.0,4.0,-3.137,-0.003,0.05449,0.0,0.0,-1.0,0.0,0.0,99.0,491.0
181120.0,4.0,-3.137,-0.003,0.05449,0.0,0.0,-1.0,0.0,0.0,99.0,485.0
181130.0,4.0,-3.137,-0.002,0.05449,0.0,0.0,-1.0,0.0,0.0,99.0,478.0
181140.0,4.0,-3.137,-0.001,0.05449,0.0,0.0,-1.0,0.0,0.0,99.0,478.0
181151.0,4.0,-3.137,-0.001,0.05449,0.0,0.0,-1.0,0.0,0.0,99.0,478.0
181161.0,4.0,-3.137,-0.001,0.05449,0.0,0.0,-1.0,0.0,0.0,99.0,477.0
181171.0,4.0,-3.137,-0.0,0.05449,0.0,0.0,-1.0,0.0,0.0,99.0,484.0
181181.0,4.0,-3.137,-0.0,0.05449,0.0,0.0,-1.0,0.0,0.0,99.0,491.0
181191.0,4.0,-3.137,-0.0,0.05449,0.0,0.0,-1.0,0.0,0.0,99.0,485.0
181202.0,4.0,-3.137,-0.0,0.05449,0.0,0.0,-1.0,0.0,0.0,99.0,485.0
181212.0,4.0,-3.137,0.0,0.05449,0.0,0.0,-1.0,0.0,0.0,99.0,485.0
181222.0,4.0,-3.137,0.0,0.05449,0.0,0.0,-1.0,0.0,0.0,99.0,483.0
181232.0,4.0,-3.137,0.0,0.05449,0.0,0.0,-1.0,0.0,0.0,99.0,485.0
181243.0,4.0,-3.137,0.0,0.05449,0.0,0.0,-1.0,0.0,0.0,99.0,492.0
181253.0,4.0,-3.137,0.0,0.05449,0.0,0.0,-1.0,0.0,0.0,99.0,478.0
181263.0,4.0,-3.137,0.0,0.05449,0.0,0.0,-1.0,0.0,0.0,99.0,478.0
181273.0,4.0,-3.137,0.0,0.05449,0.0,0.0,-1.0,0.0,0.0,99.0,484.0
181283.0,4.0,-3.137,0.0,0.05449,0.0,0.0,-1.0,0.0,0.0,99.0,470.0
181294.0,4.0,-3.137,0.0,0.05449,0.0,0.0,-1.0,0.0,0.0,99.0,479.0
181304.0,4.0,-3.137,0.0,0.05449,0.0,0.0,-1.0,0.0,0.0,99.0,485.0
181314.0,4.0,-3.137,0.0,0.05449,0.0,0.0,-1.0,0.0,0.0,99.0,483.0
181324.0,4.0,-3.137,0.0,0.05449,0.0,0.0,-1.0,0.0,0.0,99.0,476.0
181334.0,4.0,-3.137,0.0,0.05449,0.0,0.0,-1.0,0.0,0.0,99.0,478.0
181345.0,4.0,-3.137,0.0,0.05449,0.0,0.0,-1.0,0.0,0.0,99.0,478.0
181355.0,4.0,-3.137,0.0,0.05449,0.0,0.0,-1.0,0.0,0.0,99.0,484.0
181365.0,4.0,-3.137,0.0,0.05449,0.0,0.0,-1.0,0.0,0.0,99.0,478.0
181375.0,4.0,-3.137,0.0,0.05449,0.0,0.0,-1.0,0.0,0.0,99.0,477.0
181386.0,4.0,-3.137,0.0,0.05449,0.0,0.0,-1.0,0.0,0.0,99.0,478.0
181396.0,4.0,-3.137,0.0,0.05449,0.0,0.0,-1.0,0.0,0.0,99.0,478.0
181406.0,4.0,-3.137,0.0,0.05449,0.0,0.0,-1.0,0.0,0.0,99.0,485.0
181416.0,4.0,-3.137,0.0,0.05449,0.0,0.0,-1.0,0.0,0.0,99.0,483.0
181426.0,4.0,-3.137,0.0,0.05449,0.0,0.0,-1.0,0.0,0.0,99.0,478.0
181436.0,4.0,-3.137,0.002,0.05449,0.0,0.0,-1.0,0.0,0.0,99.0,478.0
181446.0,4.0,-3.137,-0.0,0.05449,0.0,0.0,-1.0,0.0,0.0,99.0,485.0
181457.0,4.0,-3.137,-0.001,0.05449,0.0,0.0,-1.0,0.0,0.0,99.0,491.0
181467.0,4.0,-3.137,-0.001,0.05449,0.0,0.0,-1.0,0.0,0.0,99.0,478.0
181477.0,4.0,-3.137,-0.001,0.05449,0.0,0.0,-1.0,0.0,0.0,99.0,477.0
181488.0,4.0,-3.137,-0.0,0.05449,0.0,0.0,-1.0,0.0,0.0,99.0,485.0
181498.0,4.0,-3.137,-0.0,0.05449,0.0,0.0,-1.0,0.0,0.0,99.0,485.0
181508.0,4.0,-3.137,-0.0,0.05449,0.0,0.0,-1.0,0.0,0.0,99.0,485.0
181518.0,4.0,-3.137,-0.0,0.05449,0.0,0.0,-1.0,0.0,0.0,99.0,485.0
181528.0,4.0,-3.137,-0.0,0.05449,0.0,0.0,-1.0,0.0,0.0,99.0,483.0
181539.0,4.0,-3.137,0.0,0.05449,0.0,0.0,-1.0,0.0,0.0,99.0,477.0
181549.0,4.0,-3.137,0.0,0.05449,0.0,0.0,-1.0,0.0,0.0,99.0,484.0
181559.0,4.0,-3.137,0.0,0.05449,0.0,0.0,-1.0,0.0,0.0,99.0,492.0
181569.0,4.0,-3.137,0.0,0.05449,0.0,0.0,-1.0,0.0,0.0,99.0,483.0
181579.0,4.0,-3.137,0.0,0.05449,0.0,0.0,-1.0,0.0,0.0,99.0,477.0
181589.0,4.0,-3.137,0.0,0.05449,0.0,0.0,-1.0,0.0,0.0,99.0,485.0
181600.0,4.0,-3.137,0.0,0.05449,0.0,0.0,-1.0,0.0,0.0,99.0,478.0
181610.0,4.0,-3.137,0.0,0.05449,0.0,0.0,-1.0,0.0,0.0,99.0,478.0
181620.0,4.0,-3.137,0.0,0.05449,0.0,0.0,-1.0,0.0,0.0,99.0,484.0
181630.0,4.0,-3.137,0.0,0.05449,0.0,0.0,-1.0,0.0,0.0,99.0,478.0
181641.0,4.0,-3.137,0.0,0.05449,0.0,0.0,-1.0,0.0,0.0,99.0,470.0
181651.0,4.0,-3.137,0.0,0.05449,0.0,0.0,-1.0,0.0,0.0,99.0,484.0
181661.0,4.0,-3.137,0.0,0.05449,0.0,0.0,-1.0,0.0,0.0,99.0,485.0
181671.0,4.0,-3.137,0.0,0.05449,0.0,0.0,-1.0,0.0,0.0,99.0,478.0
181682.0,4.0,-3.137,0.0,0.05449,0.0,0.0,-1.0,0.0,0.0,99.0,478.0
181692.0,4.0,-3.137,0.0,0.05449,0.0,0.0,-1.0,0.0,0.0,99.0,485.0
181702.0,4.0,-3.137,0.0,0.05449,0.0,0.0,-1.0,0.0,0.0,99.0,470.0
181712.0,4.0,-3.137,0.0,0.05449,0.0,0.0,-1.0,0.0,0.0,99.0,485.0
181722.0,4.0,-3.137,0.0,0.05449,0.0,0.0,-1.0,0.0,0.0,99.0,485.0
181733.0,4.0,-3.137,0.0,0.05449,0.0,0.0,-1.0,0.0,0.0,99.0,477.0
181743.0,4.0,-3.137,0.0,0.05449,0.0,0.0,-1.0,0.0,0.0,99.0,478.0
181753.0,4.0,-3.137,0.0,0.05449,0.0,0.0,-1.0,0.0,0.0,99.0,485.0
181763.0,4.0,-3.137,0.0,0.05449,0.0,0.0,-1.0,0.0,0.0,99.0,485.0
181773.0,4.0,-3.137,0.0,0.05449,0.0,0.0,-1.0,0.0,0.0,99.0,477.0
181783.0,4.0,-3.137,0.0,0.05449,0.0,0.0,-1.0,0.0,0.0,99.0,477.0
181793.0,4.0,-3.137,0.0,0.05449,0.0,0.0,-1.0,0.0,0.0,99.0,478.0
181803.0,4.0,-3.137,0.0,0.05449,0.0,0.0,-1.0,0.0,0.0,99.0,478.0
181814.0,4.0,-3.137,0.0,0.05449,0.0,0.0,-1.0,0.0,0.0,99.0,478.0
181824.0,4.0,-3.137,0.0,0.05449,0.0,0.0,-1.0,0.0,0.0,99.0,485.0
181834.0,4.0,-3.1355,0.011,0.05449,0.0,0.0,-1.0,0.0,0.0,99.0,485.0
181844.0,4.0,-3.137,0.002,0.05449,0.0,0.0,-1.0,0.0,0.0,99.0,485.0
181855.0,4.0,-3.137,-0.001,0.05449,0.0,0.0,-1.0,0.0,0.0,99.0,485.0
181865.0,4.0,-3.137,-0.002,0.05449,0.0,0.0,-1.0,0.0,0.0,99.0,485.0
181875.0,4.0,-3.137,-0.001,0.05449,0.0,0.0,-1.0,0.0,0.0,99.0,485.0
181885.0,4.0,-3.137,0.001,0.05449,0.0,0.0,-1.0,0.0,0.0,99.0,483.0
181895.0,4.0,-3.137,0.001,0.05449,0.0,0.0,-1.0,0.0,0.0,99.0,484.0
181906.0,4.0,-3.137,0.007,0.05449,0.0,0.0,-1.0,0.0,0.0,99.0,485.0
181916.0,4.0,-3.137,0.002,0.05449,0.0,0.0,-1.0,0.0,0.0,99.0,485.0
181926.0,4.0,-3.137,-0.002,0.05449,0.0,0.0,-1.0,0.0,0.0,99.0,491.0
181936.0,4.0,-3.137,-0.005,0.05449,0.0,0.0,-1.0,0.0,0.0,99.0,478.0
181947.0,4.0,-3.137,-0.0,0.05449,0.0,0.0,-1.0,0.0,0.0,99.0,485.0
181957.0,4.0,-3.137,-0.004,0.05449,0.0,0.0,-1.0,0.0,0.0,99.0,491.0
181967.0,4.0,-3.1355,0.009,0.05449,0.0,0.0,-1.0,0.0,0.0,99.0,485.0
181977.0,4.0,-3.137,0.003,0.05449,0.0,0.0,-1.0,0.0,0.0,99.0,477.0
181988.0,4.0,-3.1355,0.002,0.05449,0.0,0.0,-1.0,0.0,0.0,99.0,485.0
181998.0,4.0,-3.137,0.002,0.05449,0.0,0.0,-1.0,0.0,0.0,99.0,485.0
182008.0,4.0,-3.137,0.002,0.05449,0.0,0.0,-1.0,0.0,0.0,99.0,483.0
182018.0,4.0,-3.137,0.004,0.05449,0.0,0.0,-1.0,0.0,0.0,99.0,485.0
182029.0,4.0,-3.137,-0.004,0.05449,0.0,0.0,-1.0,0.0,0.0,99.0,485.0
182039.0,4.0,-3.137,-0.005,0.05449,0.0,0.0,-1.0,0.0,0.0,99.0,485.0
182049.0,4.0,-3.137,-0.004,0.05449,0.0,0.0,-1.0,0.0,0.0,99.0,485.0
182059.0,4.0,-3.137,-0.003,0.05449,0.0,0.0,-1.0,0.0,0.0,99.0,485.0
182069.0,4.0,-3.137,-0.002,0.05449,0.0,0.0,-1.0,0.0,0.0,99.0,485.0
182079.0,4.0,-3.137,-0.001,0.05449,0.0,0.0,-1.0,0.0,0.0,99.0,485.0
182090.0,4.0,-3.137,-0.001,0.05449,0.0,0.0,-1.0,0.0,0.0,99.0,491.0
182100.0,4.0,-3.137,-0.0,0.05449,0.0,0.0,-1.0,0.0,0.0,99.0,491.0
182110.0,4.0,-3.137,-0.0,0.05449,0.0,0.0,-1.0,0.0,0.0,99.0,485.0
182120.0,4.0,-3.137,-0.0,0.05449,0.0,0.0,-1.0,0.0,0.0,99.0,491.0
182130.0,4.0,-3.137,-0.0,0.05449,0.0,0.0,-1.0,0.0,0.0,99.0,485.0
182140.0,4.0,-3.1385,-0.011,0.05449,0.0,0.0,-1.0,0.0,0.0,99.0,485.0
182150.0,4.0,-3.137,-0.002,0.05449,0.0,0.0,-1.0,0.0,0.0,99.0,485.0
182160.0,4.0,-3.137,-0.017,0.05449,0.0,0.0,-1.0,0.0,0.0,99.0,477.0
182170.0,4.0,-3.137,0.0,0.05449,0.0,0.0,-1.0,0.0,0.0,99.0,478.0
182180.0,4.0,-3.137,0.005,0.05449,0.0,0.0,-1.0,0.0,0.0,99.0,491.0
182191.0,4.0,-3.137,-0.0,0.05449,0.0,0.0,-1.0,0.0,0.0,99.0,477.0
182201.0,4.0,-3.137,0.004,0.05449,0.0,0.0,-1.0,0.0,0.0,99.0,485.0
182211.0,4.0,-3.1385,-0.003,0.05449,0.0,0.0,-1.0,0.0,0.0,99.0,484.0
182221.0,4.0,-3.137,0.003,0.05449,0.0,0.0,-1.0,0.0,0.0,99.0,484.0
182231.0,4.0,-3.137,0.004,0.05449,0.0,0.0,-1.0,0.0,0.0,99.0,490.0
182242.0,4.0,-3.137,0.003,0.05449,0.0,0.0,-1.0,0.0,0.0,99.0,477.0
182252.0,4.0,-3.137,0.002,0.05449,0.0,0.0,-1.0,0.0,0.0,99.0,485.0
182262.0,4.0,-3.137,-0.001,0.05449,0.0,0.0,-1.0,0.0,0.0,99.0,478.0
182272.0,4.0,-3.137,0.001,0.05449,0.0,0.0,-1.0,0.0,0.0,99.0,492.0
182282.0,4.0,-3.137,0.001,0.05449,0.0,0.0,-1.0,0.0,0.0,99.0,485.0
182293.0,4.0,-3.137,0.001,0.05449,0.0,0.0,-1.0,0.0,0.0,99.0,485.0
182303.0,4.0,-3.137,0.001,0.05449,0.0,0.0,-1.0,0.0,0.0,99.0,478.0
182313.0,4.0,-3.137,0.001,0.05449,0.0,0.0,-1.0,0.0,0.0,99.0,485.0
182323.0,4.0,-3.137,0.005,0.05449,0.0,0.0,-1.0,0.0,0.0,99.0,477.0
182334.0,4.0,-3.137,0.001,0.05449,0.0,0.0,-1.0,0.0,0.0,99.0,477.0
182344.0,4.0,-3.137,0.016,0.05449,0.0,0.0,-1.0,0.0,0.0,99.0,485.0
182354.0,4.0,-3.137,0.014,0.05449,0.0,0.0,-1.0,0.0,0.0,99.0,485.0
182364.0,4.0,-3.137,-0.0,0.05449,0.0,0.0,-1.0,0.0,0.0,99.0,484.0
182374.0,4.0,-3.137,-0.003,0.05449,0.0,0.0,-1.0,0.0,0.0,99.0,485.0
182384.0,4.0,-3.1355,0.015,0.05449,0.0,0.0,-1.0,0.0,0.0,99.0,485.0
182394.0,4.0,-3.1355,0.014,0.05449,0.0,0.0,-1.0,0.0,0.0,99.0,483.0
182404.0,4.0,-3.137,0.01,0.05449,0.0,0.0,-1.0,0.0,0.0,99.0,484.0
182415.0,4.0,-3.1355,0.013,0.05449,0.0,0.0,-1.0,0.0,0.0,99.0,478.0
182425.0,4.0,-3.137,-0.003,0.05449,0.0,0.0,-1.0,0.0,0.0,99.0,485.0
182435.0,4.0,-3.137,-0.013,0.05449,0.0,0.0,-1.0,0.0,0.0,99.0,477.0
182445.0,4.0,-3.137,-0.017,0.05449,0.0,0.0,-1.0,0.0,0.0,99.0,485.0
182455.0,4.0,-3.137,-0.011,0.05449,0.0,0.0,-1.0,0.0,0.0,99.0,485.0
182465.0,4.0,-3.137,-0.007,0.05449,0.0,0.0,-1.0,0.0,0.0,99.0,478.0
182475.0,4.0,-3.137,-0.006,0.05449,0.0,0.0,-1.0,0.0,0.0,99.0,491.0
182486.0,4.0,-3.1355,0.001,0.05449,0.0,0.0,-1.0,0.0,0.0,99.0,477.0
182496.0,4.0,-3.137,-0.005,0.05449,0.0,0.0,-1.0,0.0,0.0,99.0,485.0
182506.0,4.0,-3.137,-0.005,0.05449,0.0,0.0,-1.0,0.0,0.0,99.0,485.0
182516.0,4.0,-3.137,-0.004,0.05449,0.0,0.0,-1.0,0.0,0.0,99.0,485.0
182526.0,4.0,-3.137,-0.003,0.05449,0.0,0.0,-1.0,0.0,0.0,99.0,485.0
182536.0,4.0,-3.137,-0.002,0.05449,0.0,0.0,-1.0,0.0,0.0,99.0,485.0
182547.0,4.0,-3.137,-0.001,0.05449,0.0,0.0,-1.0,0.0,0.0,99.0,485.0
182557.0,4.0,-3.137,-0.001,0.05449,0.0,0.0,-1.0,0.0,0.0,99.0,491.0
182567.0,4.0,-3.137,-0.0,0.05449,0.0,0.0,-1.0,0.0,0.0,99.0,485.0
182577.0,4.0,-3.137,-0.0,0.05449,0.0,0.0,-1.0,0.0,0.0,99.0,485.0
182588.0,4.0,-3.137,-0.0,0.05449,0.0,0.0,-1.0,0.0,0.0,99.0,485.0
182598.0,4.0,-3.137,-0.0,0.05449,0.0,0.0,-1.0,0.0,0.0,99.0,485.0
182608.0,4.0,-3.137,0.0,0.05449,0.0,0.0,-1.0,0.0,0.0,99.0,485.0
182618.0,4.0,-3.137,0.0,0.05449,0.0,0.0,-1.0,0.0,0.0,99.0,483.0
182628.0,4.0,-3.137,0.0,0.05449,0.0,0.0,-1.0,0.0,0.0,99.0,492.0
182639.0,4.0,-3.137,0.0,0.05449,0.0,0.0,-1.0,0.0,0.0,99.0,484.0
182649.0,4.0,-3.137,0.0,0.05449,0.0,0.0,-1.0,0.0,0.0,99.0,478.0
182659.0,4.0,-3.137,0.0,0.05449,0.0,0.0,-1.0,0.0,0.0,99.0,485.0
182669.0,4.0,-3.137,0.0,0.05449,0.0,0.0,-1.0,0.0,0.0,99.0,484.0
182679.0,4.0,-3.137,0.0,0.05449,0.0,0.0,-1.0,0.0,0.0,99.0,478.0
182689.0,4.0,-3.137,0.0,0.05449,0.0,0.0,-1.0,0.0,0.0,99.0,485.0
182699.0,4.0,-3.137,0.0,0.05449,0.0,0.0,-1.0,0.0,0.0,99.0,477.0
182710.0,4.0,-3.137,0.0,0.05449,0.0,0.0,-1.0,0.0,0.0,99.0,477.0
182720.0,4.0,-3.137,0.0,0.05449,0.0,0.0,-1.0,0.0,0.0,99.0,478.0
182730.0,4.0,-3.137,0.0,0.05449,0.0,0.0,-1.0,0.0,0.0,99.0,485.0
182740.0,4.0,-3.137,0.007,0.05449,0.0,0.0,-1.0,0.0,0.0,99.0,484.0
182750.0,4.0,-3.137,0.001,0.05449,0.0,0.0,-1.0,0.0,0.0,99.0,485.0
182760.0,4.0,-3.137,0.002,0.05449,0.0,0.0,-1.0,0.0,0.0,99.0,477.0
182770.0,4.0,-3.1355,0.011,0.05449,0.0,0.0,-1.0,0.0,0.0,99.0,491.0
182780.0,4.0,-3.137,-0.001,0.05449,0.0,0.0,-1.0,0.0,0.0,99.0,492.0
182791.0,4.0,-3.137,0.0,0.05449,0.0,0.0,-1.0,0.0,0.0,99.0,478.0
182801.0,4.0,-3.1355,0.017,0.05449,0.0,0.0,-1.0,0.0,0.0,99.0,484.0
182811.0,4.0,-3.137,0.0,0.05449,0.0,0.0,-1.0,0.0,0.0,99.0,485.0
182821.0,4.0,-3.137,-0.008,0.05449,0.0,0.0,-1.0,0.0,0.0,99.0,478.0
182831.0,4.0,-3.137,-0.004,0.05449,0.0,0.0,-1.0,0.0,0.0,99.0,478.0
182842.0,4.0,-3.137,-0.005,0.05449,0.0,0.0,-1.0,0.0,0.0,99.0,485.0
182852.0,4.0,-3.137,-0.003,0.05449,0.0,0.0,-1.0,0.0,0.0,99.0,484.0
182862.0,4.0,-3.137,-0.001,0.05449,0.0,0.0,-1.0,0.0,0.0,99.0,483.0
182872.0,4.0,-3.137,-0.001,0.05449,0.0,0.0,-1.0,0.0,0.0,99.0,485.0
182882.0,4.0,-3.137,0.001,0.05449,0.0,0.0,-1.0,0.0,0.0,99.0,485.0
182892.0,4.0,-3.137,-0.002,0.05449,0.0,0.0,-1.0,0.0,0.0,99.0,485.0
182903.0,4.0,-3.137,-0.005,0.05449,0.0,0.0,-1.0,0.0,0.0,99.0,477.0
182913.0,4.0,-3.137,-0.004,0.05449,0.0,0.0,-1.0,0.0,0.0,99.0,485.0
182923.0,4.0,-3.137,-0.003,0.05449,0.0,0.0,-1.0,0.0,0.0,99.0,485.0
182933.0,4.0,-3.137,-0.002,0.05449,0.0,0.0,-1.0,0.0,0.0,99.0,492.0
182943.0,4.0,-3.137,-0.001,0.05449,0.0,0.0,-1.0,0.0,0.0,99.0,485.0
182953.0,4.0,-3.137,-0.001,0.05449,0.0,0.0,-1.0,0.0,0.0,99.0,485.0
182963.0,4.0,-3.137,-0.0,0.05449,0.0,0.0,-1.0,0.0,0.0,99.0,484.0
182973.0,4.0,-3.137,-0.0,0.05449,0.0,0.0,-1.0,0.0,0.0,99.0,477.0
182983.0,4.0,-3.137,-0.0,0.05449,0.0,0.0,-1.0,0.0,0.0,99.0,477.0
182993.0,4.0,-3.137,-0.0,0.05449,0.0,0.0,-1.0,0.0,0.0,99.0,477.0
183004.0,4.0,-3.137,-0.0,0.05449,0.0,0.0,-1.0,0.0,0.0,99.0,483.0
183014.0,4.0,-3.137,0.0,0.05449,0.0,0.0,-1.0,0.0,0.0,99.0,478.0
183024.0,4.0,-3.137,0.0,0.05449,0.0,0.0,-1.0,0.0,0.0,99.0,485.0
183034.0,4.0,-3.137,0.0,0.05449,0.0,0.0,-1.0,0.0,0.0,99.0,485.0
183045.0,4.0,-3.137,0.0,0.05449,0.0,0.0,-1.0,0.0,0.0,99.0,477.0
183055.0,4.0,-3.137,0.0,0.05449,0.0,0.0,-1.0,0.0,0.0,99.0,478.0
183065.0,4.0,-3.137,0.0,0.05449,0.0,0.0,-1.0,0.0,0.0,99.0,485.0
183075.0,4.0,-3.137,-0.005,0.05449,0.0,0.0,-1.0,0.0,0.0,99.0,477.0
183085.0,4.0,-3.137,-0.003,0.05449,0.0,0.0,-1.0,0.0,0.0,99.0,483.0
183096.0,4.0,-3.137,0.001,0.05449,0.0,0.0,-1.0,0.0,0.0,99.0,483.0
183106.0,4.0,-3.137,0.002,0.05449,0.0,0.0,-1.0,0.0,0.0,99.0,485.0
183116.0,4.0,-3.137,0.002,0.05449,0.0,0.0,-1.0,0.0,0.0,99.0,485.0
183126.0,4.0,-3.137,0.001,0.05449,0.0,0.0,-1.0,0.0,0.0,99.0,485.0
183136.0,4.0,-3.137,0.001,0.05449,0.0,0.0,-1.0,0.0,0.0,99.0,478.0
183146.0,4.0,-3.137,0.001,0.05449,0.0,0.0,-1.0,0.0,0.0,99.0,485.0
183156.0,4.0,-3.137,0.0,0.05449,0.0,0.0,-1.0,0.0,0.0,99.0,485.0
183166.0,4.0,-3.137,0.0,0.05449,0.0,0.0,-1.0,0.0,0.0,99.0,483.0
183176.0,4.0,-3.137,0.0,0.05449,0.0,0.0,-1.0,0.0,0.0,99.0,485.0
183187.0,4.0,-3.137,0.0,0.05449,0.0,0.0,-1.0,0.0,0.0,99.0,477.0
183197.0,4.0,-3.137,0.0,0.05449,0.0,0.0,-1.0,0.0,0.0,99.0,485.0
183207.0,4.0,-3.137,-0.0,0.05449,0.0,0.0,-1.0,0.0,0.0,99.0,478.0
183217.0,4.0,-3.137,-0.0,0.05449,0.0,0.0,-1.0,0.0,0.0,99.0,485.0
183227.0,4.0,-3.1355,0.006,0.05449,0.0,0.0,-1.0,0.0,0.0,99.0,477.0
183237.0,4.0,-3.137,0.001,0.05449,0.0,0.0,-1.0,0.0,0.0,99.0,478.0
183248.0,4.0,-3.137,-0.001,0.05449,0.0,0.0,-1.0,0.0,0.0,99.0,486.0
183258.0,4.0,-3.137,0.006,0.05449,0.0,0.0,-1.0,0.0,0.0,99.0,491.0
183268.0,4.0,-3.137,0.003,0.05449,0.0,0.0,-1.0,0.0,0.0,99.0,485.0
183278.0,4.0,-3.1355,0.009,0.05449,0.0,0.0,-1.0,0.0,0.0,99.0,485.0
183288.0,4.0,-3.137,-0.001,0.05449,0.0,0.0,-1.0,0.0,0.0,99.0,491.0
183298.0,4.0,-3.137,-0.004,0.05449,0.0,0.0,-1.0,0.0,0.0,99.0,485.0
183309.0,4.0,-3.137,-0.003,0.05449,0.0,0.0,-1.0,0.0,0.0,99.0,477.0
183319.0,4.0,-3.137,-0.003,0.05449,0.0,0.0,-1.0,0.0,0.0,99.0,491.0
183329.0,4.0,-3.137,-0.002,0.05449,0.0,0.0,-1.0,0.0,0.0,99.0,477.0
183339.0,4.0,-3.137,-0.001,0.05449,0.0,0.0,-1.0,0.0,0.0,99.0,485.0
183349.0,4.0,-3.137,-0.001,0.05449,0.0,0.0,-1.0,0.0,0.0,99.0,478.0
183360.0,4.0,-3.137,-0.0,0.05449,0.0,0.0,-1.0,0.0,0.0,99.0,483.0
183370.0,4.0,-3.137,-0.0,0.05449,0.0,0.0,-1.0,0.0,0.0,99.0,491.0
183380.0,4.0,-3.137,-0.0,0.05449,0.0,0.0,-1.0,0.0,0.0,99.0,485.0
183390.0,4.0,-3.137,-0.0,0.05449,0.0,0.0,-1.0,0.0,0.0,99.0,485.0
183400.0,4.0,-3.137,-0.0,0.05449,0.0,0.0,-1.0,0.0,0.0,99.0,478.0
183410.0,4.0,-3.137,0.0,0.05449,0.0,0.0,-1.0,0.0,0.0,99.0,485.0
183420.0,4.0,-3.137,0.0,0.05449,0.0,0.0,-1.0,0.0,0.0,99.0,485.0
183431.0,4.0,-3.137,0.0,0.05449,0.0,0.0,-1.0,0.0,0.0,99.0,478.0
183441.0,4.0,-3.137,0.0,0.05449,0.0,0.0,-1.0,0.0,0.0,99.0,485.0
183451.0,4.0,-3.137,0.0,0.05449,0.0,0.0,-1.0,0.0,0.0,99.0,484.0
183461.0,4.0,-3.137,0.0,0.05449,0.0,0.0,-1.0,0.0,0.0,99.0,484.0
183471.0,4.0,-3.137,0.0,0.05449,0.0,0.0,-1.0,0.0,0.0,99.0,478.0
183482.0,4.0,-3.137,0.0,0.05449,0.0,0.0,-1.0,0.0,0.0,99.0,483.0
183492.0,4.0,-3.137,0.0,0.05449,0.0,0.0,-1.0,0.0,0.0,99.0,485.0
183502.0,4.0,-3.137,0.0,0.05449,0.0,0.0,-1.0,0.0,0.0,99.0,485.0
183512.0,4.0,-3.137,0.0,0.05449,0.0,0.0,-1.0,0.0,0.0,99.0,484.0
183522.0,4.0,-3.137,0.0,0.05449,0.0,0.0,-1.0,0.0,0.0,99.0,470.0
183532.0,4.0,-3.137,0.0,0.05449,0.0,0.0,-1.0,0.0,0.0,99.0,478.0
183543.0,4.0,-3.137,0.0,0.05449,0.0,0.0,-1.0,0.0,0.0,99.0,479.0
183553.0,4.0,-3.137,0.0,0.05449,0.0,0.0,-1.0,0.0,0.0,99.0,484.0
183563.0,4.0,-3.137,0.0,0.05449,0.0,0.0,-1.0,0.0,0.0,99.0,477.0
183573.0,4.0,-3.137,0.0,0.05449,0.0,0.0,-1.0,0.0,0.0,99.0,484.0
183583.0,4.0,-3.137,0.0,0.05449,0.0,0.0,-1.0,0.0,0.0,99.0,470.0
183594.0,4.0,-3.137,0.0,0.05449,0.0,0.0,-1.0,0.0,0.0,99.0,470.0
183604.0,4.0,-3.137,0.0,0.05449,0.0,0.0,-1.0,0.0,0.0,99.0,470.0
183614.0,4.0,-3.137,0.0,0.05449,0.0,0.0,-1.0,0.0,0.0,99.0,477.0
183624.0,4.0,-3.137,0.0,0.05449,0.0,0.0,-1.0,0.0,0.0,99.0,478.0
183634.0,4.0,-3.137,0.0,0.05449,0.0,0.0,-1.0,0.0,0.0,99.0,485.0
183644.0,4.0,-3.137,0.0,0.05449,0.0,0.0,-1.0,0.0,0.0,99.0,477.0
183655.0,4.0,-3.137,0.0,0.05449,0.0,0.0,-1.0,0.0,0.0,99.0,470.0
183665.0,4.0,-3.137,0.0,0.05449,0.0,0.0,-1.0,0.0,0.0,99.0,485.0
183675.0,4.0,-3.137,0.0,0.05449,0.0,0.0,-1.0,0.0,0.0,99.0,485.0
183685.0,4.0,-3.137,0.005,0.05449,0.0,0.0,-1.0,0.0,0.0,99.0,484.0
183696.0,4.0,-3.137,0.007,0.05449,0.0,0.0,-1.0,0.0,0.0,99.0,477.0
183706.0,4.0,-3.137,0.001,0.05449,0.0,0.0,-1.0,0.0,0.0,99.0,485.0
183716.0,4.0,-3.137,-0.001,0.05449,0.0,0.0,-1.0,0.0,0.0,99.0,485.0
183726.0,4.0,-3.137,-0.003,0.05449,0.0,0.0,-1.0,0.0,0.0,99.0,484.0
183736.0,4.0,-3.137,-0.005,0.05449,0.0,0.0,-1.0,0.0,0.0,99.0,485.0
183747.0,4.0,-3.137,-0.004,0.05449,0.0,0.0,-1.0,0.0,0.0,99.0,478.0
183757.0,4.0,-3.137,-0.003,0.05449,0.0,0.0,-1.0,0.0,0.0,99.0,485.0
183767.0,4.0,-3.137,-0.002,0.05449,0.0,0.0,-1.0,0.0,0.0,99.0,484.0
183777.0,4.0,-3.137,-0.001,0.05449,0.0,0.0,-1.0,0.0,0.0,99.0,477.0
183787.0,4.0,-3.137,-0.001,0.05449,0.0,0.0,-1.0,0.0,0.0,99.0,477.0
183797.0,4.0,-3.137,-0.0,0.05449,0.0,0.0,-1.0,0.0,0.0,99.0,492.0
183808.0,4.0,-3.137,-0.0,0.05449,0.0,0.0,-1.0,0.0,0.0,99.0,485.0
183818.0,4.0,-3.137,-0.0,0.05449,0.0,0.0,-1.0,0.0,0.0,99.0,483.0
183828.0,4.0,-3.137,-0.0,0.05449,0.0,0.0,-1.0,0.0,0.0,99.0,485.0
183838.0,4.0,-3.137,-0.0,0.05449,0.0,0.0,-1.0,0.0,0.0,99.0,477.0
183848.0,4.0,-3.137,0.0,0.05449,0.0,0.0,-1.0,0.0,0.0,99.0,486.0
183859.0,4.0,-3.137,0.0,0.05449,0.0,0.0,-1.0,0.0,0.0,99.0,477.0
183869.0,4.0,-3.137,0.0,0.05449,0.0,0.0,-1.0,0.0,0.0,99.0,485.0
183879.0,4.0,-3.137,0.0,0.05449,0.0,0.0,-1.0,0.0,0.0,99.0,485.0
183889.0,4.0,-3.137,0.0,0.05449,0.0,0.0,-1.0,0.0,0.0,99.0,485.0
183899.0,4.0,-3.137,0.0,0.05449,0.0,0.0,-1.0,0.0,0.0,99.0,485.0
183910.0,4.0,-3.137,0.0,0.05449,0.0,0.0,-1.0,0.0,0.0,99.0,470.0
183920.0,4.0,-3.137,0.0,0.05449,0.0,0.0,-1.0,0.0,0.0,99.0,477.0
183930.0,4.0,-3.137,0.0,0.05449,0.0,0.0,-1.0,0.0,0.0,99.0,484.0
183940.0,4.0,-3.137,0.0,0.05449,0.0,0.0,-1.0,0.0,0.0,99.0,478.0
183950.0,4.0,-3.137,0.0,0.05449,0.0,0.0,-1.0,0.0,0.0,99.0,470.0
183960.0,4.0,-3.137,0.0,0.05449,0.0,0.0,-1.0,0.0,0.0,99.0,478.0
183970.0,4.0,-3.137,0.0,0.05449,0.0,0.0,-1.0,0.0,0.0,99.0,485.0
183980.0,4.0,-3.137,0.0,0.05449,0.0,0.0,-1.0,0.0,0.0,99.0,483.0
183991.0,4.0,-3.137,0.0,0.05449,0.0,0.0,-1.0,0.0,0.0,99.0,478.0
184001.0,4.0,-3.137,0.0,0.05449,0.0,0.0,-1.0,0.0,0.0,99.0,478.0
184011.0,4.0,-3.137,0.0,0.05449,0.0,0.0,-1.0,0.0,0.0,99.0,478.0
184021.0,4.0,-3.137,0.0,0.05449,0.0,0.0,-1.0,0.0,0.0,99.0,483.0
184032.0,4.0,-3.137,0.0,0.05449,0.0,0.0,-1.0,0.0,0.0,99.0,484.0
184042.0,4.0,-3.137,0.0,0.05449,0.0,0.0,-1.0,0.0,0.0,99.0,478.0
184052.0,4.0,-3.137,0.005,0.05449,0.0,0.0,-1.0,0.0,0.0,99.0,485.0
184062.0,4.0,-3.137,0.001,0.05449,0.0,0.0,-1.0,0.0,0.0,99.0,477.0
184072.0,4.0,-3.137,0.01,0.05449,0.0,0.0,-1.0,0.0,0.0,99.0,478.0
184082.0,4.0,-3.137,-0.0,0.05449,0.0,0.0,-1.0,0.0,0.0,99.0,485.0
184093.0,4.0,-3.137,0.006,0.05449,0.0,0.0,-1.0,0.0,0.0,99.0,477.0
184103.0,4.0,-3.137,-0.002,0.05449,0.0,0.0,-1.0,0.0,0.0,99.0,492.0
184113.0,4.0,-3.137,-0.001,0.05449,0.0,0.0,-1.0,0.0,0.0,99.0,478.0
184123.0,4.0,-3.137,-0.003,0.05449,0.0,0.0,-1.0,0.0,0.0,99.0,477.0
184133.0,4.0,-3.137,0.0,0.05449,0.0,0.0,-1.0,0.0,0.0,99.0,484.0
184144.0,4.0,-3.137,0.001,0.05449,0.0,0.0,-1.0,0.0,0.0,99.0,477.0
184154.0,4.0,-3.137,-0.002,0.05449,0.0,0.0,-1.0,0.0,0.0,99.0,485.0
184164.0,4.0,-3.137,-0.003,0.05449,0.0,0.0,-1.0,0.0,0.0,99.0,490.0
184174.0,4.0,-3.137,-0.002,0.05449,0.0,0.0,-1.0,0.0,0.0,99.0,478.0
184184.0,4.0,-3.137,-0.002,0.05449,0.0,0.0,-1.0,0.0,0.0,99.0,483.0
184195.0,4.0,-3.137,-0.001,0.05449,0.0,0.0,-1.0,0.0,0.0,99.0,477.0
184205.0,4.0,-3.137,-0.001,0.05449,0.0,0.0,-1.0,0.0,0.0,99.0,485.0
184215.0,4.0,-3.137,-0.0,0.05449,0.0,0.0,-1.0,0.0,0.0,99.0,485.0
184225.0,4.0,-3.137,-0.0,0.05449,0.0,0.0,-1.0,0.0,0.0,99.0,491.0
184235.0,4.0,-3.137,-0.0,0.05449,0.0,0.0,-1.0,0.0,0.0,99.0,483.0
184246.0,4.0,-3.137,-0.0,0.05449,0.0,0.0,-1.0,0.0,0.0,99.0,477.0
184256.0,4.0,-3.137,-0.0,0.05449,0.0,0.0,-1.0,0.0,0.0,99.0,478.0
184266.0,4.0,-3.137,0.0,0.05449,0.0,0.0,-1.0,0.0,0.0,99.0,478.0
184276.0,4.0,-3.137,0.0,0.05449,0.0,0.0,-1.0,0.0,0.0,99.0,477.0
184286.0,4.0,-3.137,0.0,0.05449,0.0,0.0,-1.0,0.0,0.0,99.0,478.0
184296.0,4.0,-3.137,0.0,0.05449,0.0,0.0,-1.0,0.0,0.0,99.0,483.0
184306.0,4.0,-3.137,0.0,0.05449,0.0,0.0,-1.0,0.0,0.0,99.0,477.0
184317.0,4.0,-3.137,0.0,0.05449,0.0,0.0,-1.0,0.0,0.0,99.0,470.0
184327.0,4.0,-3.137,0.0,0.05449,0.0,0.0,-1.0,0.0,0.0,99.0,483.0
184337.0,4.0,-3.137,0.0,0.05449,0.0,0.0,-1.0,0.0,0.0,99.0,478.0
184347.0,4.0,-3.137,0.0,0.05449,0.0,0.0,-1.0,0.0,0.0,99.0,470.0
184358.0,4.0,-3.137,0.0,0.05449,0.0,0.0,-1.0,0.0,0.0,99.0,478.0
184368.0,4.0,-3.137,0.0,0.05449,0.0,0.0,-1.0,0.0,0.0,99.0,484.0
184378.0,4.0,-3.137,0.0,0.05449,0.0,0.0,-1.0,0.0,0.0,99.0,478.0
184388.0,4.0,-3.137,0.0,0.05449,0.0,0.0,-1.0,0.0,0.0,99.0,484.0
184398.0,4.0,-3.137,0.0,0.05449,0.0,0.0,-1.0,0.0,0.0,99.0,478.0
184409.0,4.0,-3.137,0.0,0.05449,0.0,0.0,-1.0,0.0,0.0,99.0,478.0
184419.0,4.0,-3.137,0.0,0.05449,0.0,0.0,-1.0,0.0,0.0,99.0,478.0
184429.0,4.0,-3.137,0.0,0.05449,0.0,0.0,-1.0,0.0,0.0,99.0,485.0
184439.0,4.0,-3.137,0.0,0.05449,0.0,0.0,-1.0,0.0,0.0,99.0,470.0
184449.0,4.0,-3.137,0.0,0.05449,0.0,0.0,-1.0,0.0,0.0,99.0,485.0
184459.0,4.0,-3.137,0.0,0.05449,0.0,0.0,-1.0,0.0,0.0,99.0,476.0
184470.0,4.0,-3.137,0.0,0.05449,0.0,0.0,-1.0,0.0,0.0,99.0,470.0
184480.0,4.0,-3.137,0.0,0.05449,0.0,0.0,-1.0,0.0,0.0,99.0,485.0
184490.0,4.0,-3.137,0.001,0.05449,0.0,0.0,-1.0,0.0,0.0,99.0,478.0
184500.0,4.0,-3.137,-0.0,0.05449,0.0,0.0,-1.0,0.0,0.0,99.0,483.0
184511.0,4.0,-3.137,0.003,0.05449,0.0,0.0,-1.0,0.0,0.0,99.0,477.0
184521.0,4.0,-3.137,0.004,0.05449,0.0,0.0,-1.0,0.0,0.0,99.0,485.0
184531.0,4.0,-3.137,-0.001,0.05449,0.0,0.0,-1.0,0.0,0.0,99.0,478.0
184541.0,4.0,-3.137,-0.002,0.05449,0.0,0.0,-1.0,0.0,0.0,99.0,485.0
184551.0,4.0,-3.137,-0.002,0.05449,0.0,0.0,-1.0,0.0,0.0,99.0,485.0
184561.0,4.0,-3.137,0.0,0.05449,0.0,0.0,-1.0,0.0,0.0,99.0,483.0
184571.0,4.0,-3.137,-0.001,0.05449,0.0,0.0,-1.0,0.0,0.0,99.0,478.0
184582.0,4.0,-3.137,-0.0,0.05449,0.0,0.0,-1.0,0.0,0.0,99.0,478.0
184592.0,4.0,-3.137,0.002,0.05449,0.0,0.0,-1.0,0.0,0.0,99.0,484.0
184602.0,4.0,-3.137,-0.001,0.05449,0.0,0.0,-1.0,0.0,0.0,99.0,485.0
184613.0,4.0,-3.137,-0.002,0.05449,0.0,0.0,-1.0,0.0,0.0,99.0,477.0
184623.0,4.0,-3.137,-0.002,0.05449,0.0,0.0,-1.0,0.0,0.0,99.0,485.0
184633.0,4.0,-3.137,-0.001,0.05449,0.0,0.0,-1.0,0.0,0.0,99.0,485.0
184643.0,4.0,-3.137,-0.001,0.05449,0.0,0.0,-1.0,0.0,0.0,99.0,485.0
184653.0,4.0,-3.137,-0.001,0.05449,0.0,0.0,-1.0,0.0,0.0,99.0,478.0
184663.0,4.0,-3.137,-0.0,0.05449,0.0,0.0,-1.0,0.0,0.0,99.0,485.0
184674.0,4.0,-3.137,0.005,0.05449,0.0,0.0,-1.0,0.0,0.0,99.0,477.0
184684.0,4.0,-3.137,0.001,0.05449,0.0,0.0,-1.0,0.0,0.0,99.0,485.0
184694.0,4.0,-3.137,-0.001,0.05449,0.0,0.0,-1.0,0.0,0.0,99.0,485.0
184704.0,4.0,-3.137,-0.001,0.05449,0.0,0.0,-1.0,0.0,0.0,99.0,485.0
184714.0,4.0,-3.137,-0.001,0.05449,0.0,0.0,-1.0,0.0,0.0,99.0,491.0
184724.0,4.0,-3.137,-0.001,0.05449,0.0,0.0,-1.0,0.0,0.0,99.0,485.0
184735.0,4.0,-3.137,-0.0,0.05449,0.0,0.0,-1.0,0.0,0.0,99.0,477.0
184745.0,4.0,-3.137,-0.0,0.05449,0.0,0.0,-1.0,0.0,0.0,99.0,491.0
184755.0,4.0,-3.137,-0.0,0.05449,0.0,0.0,-1.0,0.0,0.0,99.0,485.0
184765.0,4.0,-3.137,-0.0,0.05449,0.0,0.0,-1.0,0.0,0.0,99.0,477.0
184776.0,4.0,-3.137,-0.0,0.05449,0.0,0.0,-1.0,0.0,0.0,99.0,479.0
184786.0,4.0,-3.137,0.0,0.05449,0.0,0.0,-1.0,0.0,0.0,99.0,485.0
184796.0,4.0,-3.137,0.0,0.05449,0.0,0.0,-1.0,0.0,0.0,99.0,477.0
184806.0,4.0,-3.137,0.0,0.05449,0.0,0.0,-1.0,0.0,0.0,99.0,478.0
184816.0,4.0,-3.137,0.0,0.05449,0.0,0.0,-1.0,0.0,0.0,99.0,478.0
184827.0,4.0,-3.137,0.0,0.05449,0.0,0.0,-1.0,0.0,0.0,99.0,477.0
184837.0,4.0,-3.137,0.0,0.05449,0.0,0.0,-1.0,0.0,0.0,99.0,477.0
184847.0,4.0,-3.137,0.0,0.05449,0.0,0.0,-1.0,0.0,0.0,99.0,484.0
184857.0,4.0,-3.137,0.0,0.05449,0.0,0.0,-1.0,0.0,0.0,99.0,485.0
184867.0,4.0,-3.137,0.0,0.05449,0.0,0.0,-1.0,0.0,0.0,99.0,477.0
184877.0,4.0,-3.137,0.0,0.05449,0.0,0.0,-1.0,0.0,0.0,99.0,485.0
184887.0,4.0,-3.137,0.001,0.05449,0.0,0.0,-1.0,0.0,0.0,99.0,483.0
184897.0,4.0,-3.137,-0.0,0.05449,0.0,0.0,-1.0,0.0,0.0,99.0,484.0
184908.0,4.0,-3.137,-0.001,0.05449,0.0,0.0,-1.0,0.0,0.0,99.0,485.0
184918.0,4.0,-3.137,-0.001,0.05449,0.0,0.0,-1.0,0.0,0.0,99.0,484.0
184928.0,4.0,-3.137,-0.001,0.05449,0.0,0.0,-1.0,0.0,0.0,99.0,485.0
184938.0,4.0,-3.137,-0.0,0.05449,0.0,0.0,-1.0,0.0,0.0,99.0,492.0
184948.0,4.0,-3.137,-0.0,0.05449,0.0,0.0,-1.0,0.0,0.0,99.0,485.0
184959.0,4.0,-3.137,-0.0,0.05449,0.0,0.0,-1.0,0.0,0.0,99.0,477.0
184969.0,4.0,-3.137,-0.0,0.05449,0.0,0.0,-1.0,0.0,0.0,99.0,483.0
184979.0,4.0,-3.137,0.002,0.05449,0.0,0.0,-1.0,0.0,0.0,99.0,485.0
184989.0,4.0,-3.137,-0.0,0.05449,0.0,0.0,-1.0,0.0,0.0,99.0,483.0
185000.0,4.0,-3.137,0.002,0.05449,0.0,0.0,-1.0,0.0,0.0,99.0,477.0
185010.0,4.0,-3.137,-0.001,0.05449,0.0,0.0,-1.0,0.0,0.0,99.0,484.0
185020.0,4.0,-3.137,-0.001,0.05449,0.0,0.0,-1.0,0.0,0.0,99.0,477.0
185030.0,4.0,-3.137,-0.001,0.05449,0.0,0.0,-1.0,0.0,0.0,99.0,485.0
185040.0,4.0,-3.137,-0.001,0.05449,0.0,0.0,-1.0,0.0,0.0,99.0,485.0
185051.0,4.0,-3.137,-0.001,0.05449,0.0,0.0,-1.0,0.0,0.0,99.0,477.0
185061.0,4.0,-3.137,-0.0,0.05449,0.0,0.0,-1.0,0.0,0.0,99.0,485.0
185071.0,4.0,-3.137,-0.0,0.05449,0.0,0.0,-1.0,0.0,0.0,99.0,477.0
185081.0,4.0,-3.137,-0.0,0.05449,0.0,0.0,-1.0,0.0,0.0,99.0,478.0
185091.0,4.0,-3.137,-0.0,0.05449,0.0,0.0,-1.0,0.0,0.0,99.0,478.0
185101.0,4.0,-3.137,-0.0,0.05449,0.0,0.0,-1.0,0.0,0.0,99.0,492.0
185112.0,4.0,-3.137,0.0,0.05449,0.0,0.0,-1.0,0.0,0.0,99.0,477.0
185122.0,4.0,-3.137,0.0,0.05449,0.0,0.0,-1.0,0.0,0.0,99.0,484.0
185132.0,4.0,-3.137,0.0,0.05449,0.0,0.0,-1.0,0.0,0.0,99.0,492.0
185142.0,4.0,-3.137,0.0,0.05449,0.0,0.0,-1.0,0.0,0.0,99.0,492.0
185153.0,4.0,-3.137,0.0,0.05449,0.0,0.0,-1.0,0.0,0.0,99.0,486.0
185163.0,4.0,-3.137,0.0,0.05449,0.0,0.0,-1.0,0.0,0.0,99.0,485.0
185173.0,4.0,-3.137,0.0,0.05449,0.0,0.0,-1.0,0.0,0.0,99.0,485.0
185183.0,4.0,-3.137,0.0,0.05449,0.0,0.0,-1.0,0.0,0.0,99.0,485.0
185193.0,4.0,-3.137,0.0,0.05449,0.0,0.0,-1.0,0.0,0.0,99.0,470.0
185204.0,4.0,-3.137,0.0,0.05449,0.0,0.0,-1.0,0.0,0.0,99.0,470.0
185214.0,4.0,-3.137,0.0,0.05449,0.0,0.0,-1.0,0.0,0.0,99.0,470.0
185224.0,4.0,-3.137,0.0,0.05449,0.0,0.0,-1.0,0.0,0.0,99.0,485.0
185234.0,4.0,-3.137,0.0,0.05449,0.0,0.0,-1.0,0.0,0.0,99.0,478.0
185245.0,4.0,-3.137,0.0,0.05449,0.0,0.0,-1.0,0.0,0.0,99.0,476.0
185255.0,4.0,-3.137,0.0,0.05449,0.0,0.0,-1.0,0.0,0.0,99.0,484.0
185265.0,4.0,-3.137,0.0,0.05449,0.0,0.0,-1.0,0.0,0.0,99.0,484.0
185275.0,4.0,-3.137,0.0,0.05449,0.0,0.0,-1.0,0.0,0.0,99.0,478.0
185286.0,4.0,-3.137,0.0,0.05449,0.0,0.0,-1.0,0.0,0.0,99.0,478.0
185296.0,4.0,-3.137,0.0,0.05449,0.0,0.0,-1.0,0.0,0.0,99.0,484.0
185306.0,4.0,-3.137,0.0,0.05449,0.0,0.0,-1.0,0.0,0.0,99.0,484.0
185316.0,4.0,-3.137,0.0,0.05449,0.0,0.0,-1.0,0.0,0.0,99.0,484.0
185327.0,4.0,-3.137,0.0,0.05449,0.0,0.0,-1.0,0.0,0.0,99.0,470.0
185337.0,4.0,-3.137,0.0,0.05449,0.0,0.0,-1.0,0.0,0.0,99.0,484.0
185347.0,4.0,-3.137,0.0,0.05449,0.0,0.0,-1.0,0.0,0.0,99.0,478.0
185357.0,4.0,-3.137,0.0,0.05449,0.0,0.0,-1.0,0.0,0.0,99.0,470.0
185367.0,4.0,-3.137,0.0,0.05449,0.0,0.0,-1.0,0.0,0.0,99.0,483.0
185377.0,4.0,-3.137,0.005,0.05449,0.0,0.0,-1.0,0.0,0.0,99.0,477.0
185387.0,4.0,-3.137,0.001,0.05449,0.0,0.0,-1.0,0.0,0.0,99.0,477.0
185397.0,4.0,-3.137,-0.001,0.05449,0.0,0.0,-1.0,0.0,0.0,99.0,491.0
185407.0,4.0,-3.137,-0.001,0.05449,0.0,0.0,-1.0,0.0,0.0,99.0,484.0
185418.0,4.0,-3.137,-0.001,0.05449,0.0,0.0,-1.0,0.0,0.0,99.0,485.0
185428.0,4.0,-3.137,-0.0,0.05449,0.0,0.0,-1.0,0.0,0.0,99.0,485.0
185438.0,4.0,-3.137,-0.0,0.05449,0.0,0.0,-1.0,0.0,0.0,99.0,477.0
185448.0,4.0,-3.137,-0.0,0.05449,0.0,0.0,-1.0,0.0,0.0,99.0,491.0
185459.0,4.0,-3.137,-0.0,0.05449,0.0,0.0,-1.0,0.0,0.0,99.0,485.0
185469.0,4.0,-3.137,-0.0,0.05449,0.0,0.0,-1.0,0.0,0.0,99.0,485.0
185479.0,4.0,-3.137,-0.0,0.05449,0.0,0.0,-1.0,0.0,0.0,99.0,483.0
185489.0,4.0,-3.137,0.0,0.05449,0.0,0.0,-1.0,0.0,0.0,99.0,478.0
185499.0,4.0,-3.137,0.0,0.05449,0.0,0.0,-1.0,0.0,0.0,99.0,485.0
185509.0,4.0,-3.137,0.0,0.05449,0.0,0.0,-1.0,0.0,0.0,99.0,484.0
185520.0,4.0,-3.137,0.0,0.05449,0.0,0.0,-1.0,0.0,0.0,99.0,479.0
185530.0,4.0,-3.137,0.0,0.05449,0.0,0.0,-1.0,0.0,0.0,99.0,485.0
185540.0,4.0,-3.137,0.0,0.05449,0.0,0.0,-1.0,0.0,0.0,99.0,478.0
185550.0,4.0,-3.137,0.0,0.05449,0.0,0.0,-1.0,0.0,0.0,99.0,470.0
185561.0,4.0,-3.137,0.0,0.05449,0.0,0.0,-1.0,0.0,0.0,99.0,478.0
185571.0,4.0,-3.137,0.0,0.05449,0.0,0.0,-1.0,0.0,0.0,99.0,483.0
185581.0,4.0,-3.137,0.0,0.05449,0.0,0.0,-1.0,0.0,0.0,99.0,484.0
185591.0,4.0,-3.137,0.0,0.05449,0.0,0.0,-1.0,0.0,0.0,99.0,484.0
185602.0,4.0,-3.137,0.0,0.05449,0.0,0.0,-1.0,0.0,0.0,99.0,470.0
185612.0,4.0,-3.137,0.0,0.05449,0.0,0.0,-1.0,0.0,0.0,99.0,484.0
185622.0,4.0,-3.137,0.0,0.05449,0.0,0.0,-1.0,0.0,0.0,99.0,478.0
185633.0,4.0,-3.137,0.0,0.05449,0.0,0.0,-1.0,0.0,0.0,99.0,478.0
185643.0,4.0,-3.137,0.0,0.05449,0.0,0.0,-1.0,0.0,0.0,99.0,470.0
185653.0,4.0,-3.137,0.0,0.05449,0.0,0.0,-1.0,0.0,0.0,99.0,485.0
185663.0,4.0,-3.137,0.0,0.05449,0.0,0.0,-1.0,0.0,0.0,99.0,478.0
185674.0,4.0,-3.137,0.0,0.05449,0.0,0.0,-1.0,0.0,0.0,99.0,484.0
185684.0,4.0,-3.137,0.0,0.05449,0.0,0.0,-1.0,0.0,0.0,99.0,478.0
185694.0,4.0,-3.137,0.0,0.05449,0.0,0.0,-1.0,0.0,0.0,99.0,478.0
185704.0,4.0,-3.137,0.0,0.05449,0.0,0.0,-1.0,0.0,0.0,99.0,477.0
185714.0,4.0,-3.137,0.0,0.05449,0.0,0.0,-1.0,0.0,0.0,99.0,483.0
185724.0,4.0,-3.137,0.0,0.05449,0.0,0.0,-1.0,0.0,0.0,99.0,483.0
185735.0,4.0,-3.137,0.0,0.05449,0.0,0.0,-1.0,0.0,0.0,99.0,484.0
185745.0,4.0,-3.137,0.0,0.05449,0.0,0.0,-1.0,0.0,0.0,99.0,483.0
185755.0,4.0,-3.137,0.0,0.05449,0.0,0.0,-1.0,0.0,0.0,99.0,478.0
185765.0,4.0,-3.137,0.0,0.05449,0.0,0.0,-1.0,0.0,0.0,99.0,484.0
185775.0,4.0,-3.137,0.0,0.05449,0.0,0.0,-1.0,0.0,0.0,99.0,478.0
185786.0,4.0,-3.137,0.0,0.05449,0.0,0.0,-1.0,0.0,0.0,99.0,470.0
185796.0,4.0,-3.137,0.0,0.05449,0.0,0.0,-1.0,0.0,0.0,99.0,477.0
185806.0,4.0,-3.137,0.0,0.05449,0.0,0.0,-1.0,0.0,0.0,99.0,477.0
185816.0,4.0,-3.137,0.0,0.05449,0.0,0.0,-1.0,0.0,0.0,99.0,478.0
185826.0,4.0,-3.137,0.0,0.05449,0.0,0.0,-1.0,0.0,0.0,99.0,483.0
185836.0,4.0,-3.137,0.0,0.05449,0.0,0.0,-1.0,0.0,0.0,99.0,476.0
185846.0,4.0,-3.137,0.0,0.05449,0.0,0.0,-1.0,0.0,0.0,99.0,485.0
185856.0,4.0,-3.137,0.0,0.05449,0.0,0.0,-1.0,0.0,0.0,99.0,478.0
185867.0,4.0,-3.137,0.0,0.05449,0.0,0.0,-1.0,0.0,0.0,99.0,470.0
185877.0,4.0,-3.137,0.0,0.05449,0.0,0.0,-1.0,0.0,0.0,99.0,485.0
185887.0,4.0,-3.137,0.0,0.05449,0.0,0.0,-1.0,0.0,0.0,99.0,484.0
185897.0,4.0,-3.137,0.0,0.05449,0.0,0.0,-1.0,0.0,0.0,99.0,470.0
185907.0,4.0,-3.137,0.0,0.05449,0.0,0.0,-1.0,0.0,0.0,99.0,478.0
185918.0,4.0,-3.137,0.0,0.05449,0.0,0.0,-1.0,0.0,0.0,99.0,478.0
185928.0,4.0,-3.137,0.0,0.05449,0.0,0.0,-1.0,0.0,0.0,99.0,470.0
185938.0,4.0,-3.137,0.0,0.05449,0.0,0.0,-1.0,0.0,0.0,99.0,477.0
185948.0,4.0,-3.137,0.0,0.05449,0.0,0.0,-1.0,0.0,0.0,99.0,485.0
185958.0,4.0,-3.137,0.0,0.05449,0.0,0.0,-1.0,0.0,0.0,99.0,478.0
185968.0,4.0,-3.137,0.0,0.05449,0.0,0.0,-1.0,0.0,0.0,99.0,478.0
185979.0,4.0,-3.137,0.0,0.05449,0.0,0.0,-1.0,0.0,0.0,99.0,476.0
185989.0,4.0,-3.137,0.0,0.05449,0.0,0.0,-1.0,0.0,0.0,99.0,484.0
185999.0,4.0,-3.137,0.0,0.05449,0.0,0.0,-1.0,0.0,0.0,99.0,478.0
186009.0,4.0,-3.137,0.0,0.05449,0.0,0.0,-1.0,0.0,0.0,99.0,478.0
186019.0,4.0,-3.137,0.0,0.05449,0.0,0.0,-1.0,0.0,0.0,99.0,477.0
186030.0,4.0,-3.137,0.0,0.05449,0.0,0.0,-1.0,0.0,0.0,99.0,483.0
186040.0,4.0,-3.137,0.0,0.05449,0.0,0.0,-1.0,0.0,0.0,99.0,478.0
186050.0,4.0,-3.137,0.0,0.05449,0.0,0.0,-1.0,0.0,0.0,99.0,485.0
186060.0,4.0,-3.137,0.0,0.05449,0.0,0.0,-1.0,0.0,0.0,99.0,476.0
186070.0,4.0,-3.137,0.0,0.05449,0.0,0.0,-1.0,0.0,0.0,99.0,484.0
186081.0,4.0,-3.137,0.0,0.05449,0.0,0.0,-1.0,0.0,0.0,99.0,479.0
186091.0,4.0,-3.137,0.0,0.05449,0.0,0.0,-1.0,0.0,0.0,99.0,485.0
186101.0,4.0,-3.137,0.0,0.05449,0.0,0.0,-1.0,0.0,0.0,99.0,478.0
186111.0,4.0,-3.137,0.0,0.05449,0.0,0.0,-1.0,0.0,0.0,99.0,470.0
186121.0,4.0,-3.137,0.0,0.05449,0.0,0.0,-1.0,0.0,0.0,99.0,478.0
186132.0,4.0,-3.137,0.0,0.05449,0.0,0.0,-1.0,0.0,0.0,99.0,479.0
186142.0,4.0,-3.137,0.0,0.05449,0.0,0.0,-1.0,0.0,0.0,99.0,470.0
186152.0,4.0,-3.137,0.0,0.05449,0.0,0.0,-1.0,0.0,0.0,99.0,485.0
186162.0,4.0,-3.137,0.0,0.05449,0.0,0.0,-1.0,0.0,0.0,99.0,478.0
186173.0,4.0,-3.137,0.0,0.05449,0.0,0.0,-1.0,0.0,0.0,99.0,479.0
186183.0,4.0,-3.137,0.0,0.05449,0.0,0.0,-1.0,0.0,0.0,99.0,477.0
186193.0,4.0,-3.137,0.0,0.05449,0.0,0.0,-1.0,0.0,0.0,99.0,478.0
186203.0,4.0,-3.137,0.0,0.05449,0.0,0.0,-1.0,0.0,0.0,99.0,477.0
186213.0,4.0,-3.137,0.0,0.05449,0.0,0.0,-1.0,0.0,0.0,99.0,477.0
186224.0,4.0,-3.137,0.0,0.05449,0.0,0.0,-1.0,0.0,0.0,99.0,477.0
186234.0,4.0,-3.137,0.0,0.05449,0.0,0.0,-1.0,0.0,0.0,99.0,478.0
186244.0,4.0,-3.137,0.0,0.05449,0.0,0.0,-1.0,0.0,0.0,99.0,478.0
186254.0,4.0,-3.137,0.0,0.05449,0.0,0.0,-1.0,0.0,0.0,99.0,484.0
186264.0,4.0,-3.137,0.0,0.05449,0.0,0.0,-1.0,0.0,0.0,99.0,478.0
186275.0,4.0,-3.137,0.0,0.05449,0.0,0.0,-1.0,0.0,0.0,99.0,478.0
186285.0,4.0,-3.137,0.0,0.05449,0.0,0.0,-1.0,0.0,0.0,99.0,483.0
186295.0,4.0,-3.137,0.0,0.05449,0.0,0.0,-1.0,0.0,0.0,99.0,478.0
186305.0,4.0,-3.137,0.0,0.05449,0.0,0.0,-1.0,0.0,0.0,99.0,485.0
186315.0,4.0,-3.137,0.0,0.05449,0.0,0.0,-1.0,0.0,0.0,99.0,484.0
186326.0,4.0,-3.137,0.0,0.05449,0.0,0.0,-1.0,0.0,0.0,99.0,478.0
186336.0,4.0,-3.137,0.0,0.05449,0.0,0.0,-1.0,0.0,0.0,99.0,483.0
186346.0,4.0,-3.137,0.0,0.05449,0.0,0.0,-1.0,0.0,0.0,99.0,477.0
186356.0,4.0,-3.137,0.0,0.05449,0.0,0.0,-1.0,0.0,0.0,99.0,477.0
186366.0,4.0,-3.137,0.0,0.05449,0.0,0.0,-1.0,0.0,0.0,99.0,478.0
186377.0,4.0,-3.137,0.0,0.05449,0.0,0.0,-1.0,0.0,0.0,99.0,470.0
186387.0,4.0,-3.137,0.0,0.05449,0.0,0.0,-1.0,0.0,0.0,99.0,477.0
186397.0,4.0,-3.137,0.0,0.05449,0.0,0.0,-1.0,0.0,0.0,99.0,477.0
186407.0,4.0,-3.137,0.0,0.05449,0.0,0.0,-1.0,0.0,0.0,99.0,485.0
186417.0,4.0,-3.137,0.0,0.05449,0.0,0.0,-1.0,0.0,0.0,99.0,478.0
186428.0,4.0,-3.137,0.0,0.05449,0.0,0.0,-1.0,0.0,0.0,99.0,478.0
186438.0,4.0,-3.137,0.0,0.05449,0.0,0.0,-1.0,0.0,0.0,99.0,477.0
186448.0,4.0,-3.137,0.0,0.05449,0.0,0.0,-1.0,0.0,0.0,99.0,478.0
186458.0,4.0,-3.137,0.0,0.05449,0.0,0.0,-1.0,0.0,0.0,99.0,485.0
186468.0,4.0,-3.137,0.0,0.05449,0.0,0.0,-1.0,0.0,0.0,99.0,477.0
186479.0,4.0,-3.137,0.0,0.05449,0.0,0.0,-1.0,0.0,0.0,99.0,479.0
186489.0,4.0,-3.137,0.0,0.05449,0.0,0.0,-1.0,0.0,0.0,99.0,478.0
186499.0,4.0,-3.137,0.0,0.05449,0.0,0.0,-1.0,0.0,0.0,99.0,477.0
186509.0,4.0,-3.137,0.0,0.05449,0.0,0.0,-1.0,0.0,0.0,99.0,470.0
186519.0,4.0,-3.137,0.0,0.05449,0.0,0.0,-1.0,0.0,0.0,99.0,485.0
186529.0,4.0,-3.137,0.0,0.05449,0.0,0.0,-1.0,0.0,0.0,99.0,477.0
186540.0,4.0,-3.137,0.0,0.05449,0.0,0.0,-1.0,0.0,0.0,99.0,478.0
186550.0,4.0,-3.137,0.0,0.05449,0.0,0.0,-1.0,0.0,0.0,99.0,485.0
186560.0,4.0,-3.137,0.0,0.05449,0.0,0.0,-1.0,0.0,0.0,99.0,470.0
186570.0,4.0,-3.137,0.0,0.05449,0.0,0.0,-1.0,0.0,0.0,99.0,484.0
186580.0,4.0,-3.137,0.0,0.05449,0.0,0.0,-1.0,0.0,0.0,99.0,478.0
186591.0,4.0,-3.137,0.0,0.05449,0.0,0.0,-1.0,0.0,0.0,99.0,470.0
186601.0,4.0,-3.137,0.0,0.05449,0.0,0.0,-1.0,0.0,0.0,99.0,478.0
186611.0,4.0,-3.137,0.0,0.05449,0.0,0.0,-1.0,0.0,0.0,99.0,476.0
186621.0,4.0,-3.137,0.0,0.05449,0.0,0.0,-1.0,0.0,0.0,99.0,484.0
186631.0,4.0,-3.137,0.0,0.05449,0.0,0.0,-1.0,0.0,0.0,99.0,484.0
186641.0,4.0,-3.137,0.0,0.05449,0.0,0.0,-1.0,0.0,0.0,99.0,485.0
186651.0,4.0,-3.137,0.0,0.05449,0.0,0.0,-1.0,0.0,0.0,99.0,478.0
186662.0,4.0,-3.137,0.0,0.05449,0.0,0.0,-1.0,0.0,0.0,99.0,478.0
186672.0,4.0,-3.137,0.0,0.05449,0.0,0.0,-1.0,0.0,0.0,99.0,484.0
186682.0,4.0,-3.137,0.0,0.05449,0.0,0.0,-1.0,0.0,0.0,99.0,485.0
186692.0,4.0,-3.137,0.0,0.05449,0.0,0.0,-1.0,0.0,0.0,99.0,485.0
186702.0,4.0,-3.137,0.0,0.05449,0.0,0.0,-1.0,0.0,0.0,99.0,478.0
186713.0,4.0,-3.137,0.0,0.05449,0.0,0.0,-1.0,0.0,0.0,99.0,478.0
186723.0,4.0,-3.137,0.0,0.05449,0.0,0.0,-1.0,0.0,0.0,99.0,477.0
186733.0,4.0,-3.137,0.0,0.05449,0.0,0.0,-1.0,0.0,0.0,99.0,484.0
186743.0,4.0,-3.137,0.0,0.05449,0.0,0.0,-1.0,0.0,0.0,99.0,485.0
186753.0,4.0,-3.137,0.0,0.05449,0.0,0.0,-1.0,0.0,0.0,99.0,485.0
186764.0,4.0,-3.137,0.0,0.05449,0.0,0.0,-1.0,0.0,0.0,99.0,478.0
186774.0,4.0,-3.137,0.0,0.05449,0.0,0.0,-1.0,0.0,0.0,99.0,484.0
186784.0,4.0,-3.137,0.0,0.05449,0.0,0.0,-1.0,0.0,0.0,99.0,478.0
186794.0,4.0,-3.137,0.0,0.05449,0.0,0.0,-1.0,0.0,0.0,99.0,485.0
186804.0,4.0,-3.137,0.002,0.05449,0.0,0.0,-1.0,0.0,0.0,99.0,478.0
186815.0,4.0,-3.137,-0.0,0.05449,0.0,0.0,-1.0,0.0,0.0,99.0,478.0
186825.0,4.0,-3.137,-0.001,0.05449,0.0,0.0,-1.0,0.0,0.0,99.0,477.0
186835.0,4.0,-3.137,-0.001,0.05449,0.0,0.0,-1.0,0.0,0.0,99.0,485.0
186845.0,4.0,-3.137,-0.001,0.05449,0.0,0.0,-1.0,0.0,0.0,99.0,485.0
186855.0,4.0,-3.137,-0.0,0.05449,0.0,0.0,-1.0,0.0,0.0,99.0,485.0
186865.0,4.0,-3.137,-0.0,0.05449,0.0,0.0,-1.0,0.0,0.0,99.0,491.0
186876.0,4.0,-3.137,-0.0,0.05449,0.0,0.0,-1.0,0.0,0.0,99.0,491.0
186886.0,4.0,-3.137,-0.0,0.05449,0.0,0.0,-1.0,0.0,0.0,99.0,483.0
186896.0,4.0,-3.137,-0.0,0.05449,0.0,0.0,-1.0,0.0,0.0,99.0,484.0
186906.0,4.0,-3.137,0.0,0.05449,0.0,0.0,-1.0,0.0,0.0,99.0,485.0
186916.0,4.0,-3.137,0.0,0.05449,0.0,0.0,-1.0,0.0,0.0,99.0,478.0
186927.0,4.0,-3.137,0.0,0.05449,0.0,0.0,-1.0,0.0,0.0,99.0,479.0
186937.0,4.0,-3.137,0.0,0.05449,0.0,0.0,-1.0,0.0,0.0,99.0,477.0
186947.0,4.0,-3.137,0.0,0.05449,0.0,0.0,-1.0,0.0,0.0,99.0,478.0
186957.0,4.0,-3.137,0.0,0.05449,0.0,0.0,-1.0,0.0,0.0,99.0,478.0
186967.0,4.0,-3.137,0.0,0.05449,0.0,0.0,-1.0,0.0,0.0,99.0,477.0
186978.0,4.0,-3.137,0.0,0.05449,0.0,0.0,-1.0,0.0,0.0,99.0,479.0
186988.0,4.0,-3.137,0.0,0.05449,0.0,0.0,-1.0,0.0,0.0,99.0,478.0
186998.0,4.0,-3.137,0.0,0.05449,0.0,0.0,-1.0,0.0,0.0,99.0,478.0
187008.0,4.0,-3.137,0.0,0.05449,0.0,0.0,-1.0,0.0,0.0,99.0,485.0
187018.0,4.0,-3.137,0.0,0.05449,0.0,0.0,-1.0,0.0,0.0,99.0,478.0
187029.0,0.0,-3.137,0.0,0.05449,0.0,0.0,-1.0,0.0,0.0,99.0,503.0
187040.0,0.0,-3.137,0.0,0.05449,0.0,0.0,-1.0,0.0,0.0,99.0,470.0
187050.0,0.0,-3.137,0.0,0.05449,0.0,0.0,-1.0,0.0,0.0,99.0,485.0
187060.0,0.0,-3.137,0.0,0.05449,0.0,0.0,-1.0,0.0,0.0,99.0,478.0
187070.0,0.0,-3.137,0.0,0.05449,0.0,0.0,-1.0,0.0,0.0,99.0,476.0
187081.0,0.0,-3.137,0.0,0.05449,0.0,0.0,-1.0,0.0,0.0,99.0,477.0
187091.0,0.0,-3.137,0.0,0.05449,0.0,0.0,-1.0,0.0,0.0,99.0,485.0
187101.0,0.0,-3.137,0.0,0.05449,0.0,0.0,-1.0,0.0,0.0,99.0,478.0
187111.0,0.0,-3.137,0.0,0.05449,0.0,0.0,-1.0,0.0,0.0,99.0,470.0
187121.0,0.0,-3.137,0.0,0.05449,0.0,0.0,-1.0,0.0,0.0,99.0,477.0
187132.0,0.0,-3.137,0.0,0.05449,0.0,0.0,-1.0,0.0,0.0,99.0,478.0
187142.0,0.0,-3.137,0.0,0.05449,0.0,0.0,-1.0,0.0,0.0,99.0,484.0
187152.0,0.0,-3.137,0.0,0.05449,0.0,0.0,-1.0,0.0,0.0,99.0,470.0
187162.0,0.0,-3.137,0.0,0.05449,0.0,0.0,-1.0,0.0,0.0,99.0,485.0
187172.0,0.0,-3.137,0.0,0.05449,0.0,0.0,-1.0,0.0,0.0,99.0,478.0
187183.0,0.0,-3.137,0.0,0.05449,0.0,0.0,-1.0,0.0,0.0,99.0,470.0
187193.0,0.0,-3.137,0.0,0.05449,0.0,0.0,-1.0,0.0,0.0,99.0,476.0
187203.0,0.0,-3.137,0.0,0.05449,0.0,0.0,-1.0,0.0,0.0,99.0,485.0
187213.0,0.0,-3.137,0.0,0.05449,0.0,0.0,-1.0,0.0,0.0,99.0,470.0
187223.0,0.0,-3.137,0.0,0.05449,0.0,0.0,-1.0,0.0,0.0,99.0,470.0
187233.0,0.0,-3.137,0.0,0.05449,0.0,0.0,-1.0,0.0,0.0,99.0,477.0
187244.0,0.0,-3.137,0.0,0.05449,0.0,0.0,-1.0,0.0,0.0,99.0,476.0
187254.0,0.0,-3.137,0.0,0.05449,0.0,0.0,-1.0,0.0,0.0,99.0,478.0
187264.0,0.0,-3.137,0.0,0.05449,0.0,0.0,-1.0,0.0,0.0,99.0,477.0
187274.0,0.0,-3.137,0.0,0.05449,0.0,0.0,-1.0,0.0,0.0,99.0,483.0
187285.0,0.0,-3.137,0.0,0.05449,0.0,0.0,-1.0,0.0,0.0,99.0,478.0
187295.0,0.0,-3.137,0.0,0.05449,0.0,0.0,-1.0,0.0,0.0,99.0,477.0
187305.0,0.0,-3.137,0.0,0.05449,0.0,0.0,-1.0,0.0,0.0,99.0,477.0
187315.0,0.0,-3.137,0.0,0.05449,0.0,0.0,-1.0,0.0,0.0,99.0,484.0
187325.0,0.0,-3.137,0.0,0.05449,0.0,0.0,-1.0,0.0,0.0,99.0,477.0
187335.0,0.0,-3.137,0.0,0.05449,0.0,0.0,-1.0,0.0,0.0,99.0,478.0
187346.0,0.0,-3.137,0.0,0.05449,0.0,0.0,-1.0,0.0,0.0,99.0,484.0
187356.0,0.0,-3.137,0.0,0.05449,0.0,0.0,-1.0,0.0,0.0,99.0,484.0
187366.0,0.0,-3.137,0.0,0.05449,0.0,0.0,-1.0,0.0,0.0,99.0,477.0
187376.0,0.0,-3.137,0.0,0.05449,0.0,0.0,-1.0,0.0,0.0,99.0,477.0
187386.0,0.0,-3.137,0.0,0.05449,0.0,0.0,-1.0,0.0,0.0,99.0,484.0
187396.0,0.0,-3.137,0.0,0.05449,0.0,0.0,-1.0,0.0,0.0,99.0,485.0
187406.0,0.0,-3.137,0.0,0.05449,0.0,0.0,-1.0,0.0,0.0,99.0,483.0
187417.0,0.0,-3.137,0.0,0.05449,0.0,0.0,-1.0,0.0,0.0,99.0,479.0
187427.0,0.0,-3.137,0.0,0.05449,0.0,0.0,-1.0,0.0,0.0,99.0,478.0
187437.0,0.0,-3.137,0.0,0.05449,0.0,0.0,-1.0,0.0,0.0,99.0,485.0
187447.0,0.0,-3.137,0.0,0.05449,0.0,0.0,-1.0,0.0,0.0,99.0,485.0
187457.0,0.0,-3.137,0.0,0.05449,0.0,0.0,-1.0,0.0,0.0,99.0,478.0
187468.0,0.0,-3.137,0.0,0.05449,0.0,0.0,-1.0,0.0,0.0,99.0,477.0
187478.0,0.0,-3.137,0.0,0.05449,0.0,0.0,-1.0,0.0,0.0,99.0,470.0
187488.0,0.0,-3.137,0.0,0.05449,0.0,0.0,-1.0,0.0,0.0,99.0,477.0
187498.0,0.0,-3.137,0.0,0.05449,0.0,0.0,-1.0,0.0,0.0,99.0,477.0
187509.0,0.0,-3.137,0.0,0.05449,0.0,0.0,-1.0,0.0,0.0,99.0,478.0
187519.0,0.0,-3.137,0.0,0.05449,0.0,0.0,-1.0,0.0,0.0,99.0,484.0
187529.0,0.0,-3.137,0.0,0.05449,0.0,0.0,-1.0,0.0,0.0,99.0,485.0
187539.0,0.0,-3.137,0.0,0.05449,0.0,0.0,-1.0,0.0,0.0,99.0,484.0
187549.0,0.0,-3.137,0.0,0.05449,0.0,0.0,-1.0,0.0,0.0,99.0,485.0
187559.0,0.0,-3.137,0.0,0.05449,0.0,0.0,-1.0,0.0,0.0,99.0,470.0
187569.0,0.0,-3.137,0.0,0.05449,0.0,0.0,-1.0,0.0,0.0,99.0,483.0
187580.0,0.0,-3.137,0.0,0.05449,0.0,0.0,-1.0,0.0,0.0,99.0,478.0
187590.0,0.0,-3.137,0.0,0.05449,0.0,0.0,-1.0,0.0,0.0,99.0,485.0
187600.0,0.0,-3.137,0.0,0.05449,0.0,0.0,-1.0,0.0,0.0,99.0,484.0
187610.0,0.0,-3.137,0.0,0.05449,0.0,0.0,-1.0,0.0,0.0,99.0,476.0
187620.0,0.0,-3.137,0.0,0.05449,0.0,0.0,-1.0,0.0,0.0,99.0,477.0
187630.0,0.0,-3.137,0.0,0.05449,0.0,0.0,-1.0,0.0,0.0,99.0,477.0
187640.0,0.0,-3.137,0.0,0.05449,0.0,0.0,-1.0,0.0,0.0,99.0,478.0
187651.0,0.0,-3.137,0.0,0.05449,0.0,0.0,-1.0,0.0,0.0,99.0,484.0
187661.0,0.0,-3.137,0.0,0.05449,0.0,0.0,-1.0,0.0,0.0,99.0,477.0
187671.0,0.0,-3.137,0.0,0.05449,0.0,0.0,-1.0,0.0,0.0,99.0,478.0
187681.0,0.0,-3.137,0.0,0.05449,0.0,0.0,-1.0,0.0,0.0,99.0,483.0
187692.0,0.0,-3.137,0.0,0.05449,0.0,0.0,-1.0,0.0,0.0,99.0,485.0
187702.0,0.0,-3.137,0.0,0.05449,0.0,0.0,-1.0,0.0,0.0,99.0,485.0
187712.0,0.0,-3.137,0.0,0.05449,0.0,0.0,-1.0,0.0,0.0,99.0,477.0
187722.0,0.0,-3.137,0.0,0.05449,0.0,0.0,-1.0,0.0,0.0,99.0,484.0
187732.0,0.0,-3.137,0.0,0.05449,0.0,0.0,-1.0,0.0,0.0,99.0,470.0
187742.0,0.0,-3.137,0.0,0.05449,0.0,0.0,-1.0,0.0,0.0,99.0,485.0
187752.0,0.0,-3.137,0.0,0.05449,0.0,0.0,-1.0,0.0,0.0,99.0,478.0
187763.0,0.0,-3.137,0.0,0.05449,0.0,0.0,-1.0,0.0,0.0,99.0,478.0
187773.0,0.0,-3.137,0.0,0.05449,0.0,0.0,-1.0,0.0,0.0,99.0,484.0
187783.0,0.0,-3.137,0.0,0.05449,0.0,0.0,-1.0,0.0,0.0,99.0,477.0
187793.0,0.0,-3.137,0.0,0.05449,0.0,0.0,-1.0,0.0,0.0,99.0,483.0
187803.0,0.0,-3.137,0.0,0.05449,0.0,0.0,-1.0,0.0,0.0,99.0,485.0
187813.0,0.0,-3.137,0.0,0.05449,0.0,0.0,-1.0,0.0,0.0,99.0,485.0
187824.0,0.0,-3.137,0.0,0.05449,0.0,0.0,-1.0,0.0,0.0,99.0,479.0
187834.0,0.0,-3.137,0.0,0.05449,0.0,0.0,-1.0,0.0,0.0,99.0,477.0
187844.0,0.0,-3.137,0.0,0.05449,0.0,0.0,-1.0,0.0,0.0,99.0,478.0
187854.0,0.0,-3.137,0.0,0.05449,0.0,0.0,-1.0,0.0,0.0,99.0,484.0
187865.0,0.0,-3.137,0.0,0.05449,0.0,0.0,-1.0,0.0,0.0,99.0,478.0
187875.0,0.0,-3.137,0.0,0.05449,0.0,0.0,-1.0,0.0,0.0,99.0,478.0
187885.0,0.0,-3.137,0.0,0.05449,0.0,0.0,-1.0,0.0,0.0,99.0,478.0
187895.0,0.0,-3.137,0.0,0.05449,0.0,0.0,-1.0,0.0,0.0,99.0,485.0
187905.0,0.0,-3.137,0.0,0.05449,0.0,0.0,-1.0,0.0,0.0,99.0,478.0
187915.0,0.0,-3.137,0.0,0.05449,0.0,0.0,-1.0,0.0,0.0,99.0,484.0
187925.0,0.0,-3.137,0.0,0.05449,0.0,0.0,-1.0,0.0,0.0,99.0,470.0
187935.0,0.0,-3.137,0.0,0.05449,0.0,0.0,-1.0,0.0,0.0,99.0,476.0
187946.0,0.0,-3.137,0.0,0.05449,0.0,0.0,-1.0,0.0,0.0,99.0,478.0
187956.0,0.0,-3.137,0.0,0.05449,0.0,0.0,-1.0,0.0,0.0,99.0,484.0
187966.0,0.0,-3.137,0.0,0.05449,0.0,0.0,-1.0,0.0,0.0,99.0,477.0
187976.0,0.0,-3.137,0.0,0.05449,0.0,0.0,-1.0,0.0,0.0,99.0,477.0
187986.0,0.0,-3.137,0.0,0.05449,0.0,0.0,-1.0,0.0,0.0,99.0,478.0
187996.0,0.0,-3.137,0.0,0.05449,0.0,0.0,-1.0,0.0,0.0,99.0,484.0
188006.0,0.0,-3.137,0.0,0.05449,0.0,0.0,-1.0,0.0,0.0,99.0,485.0
188016.0,0.0,-3.137,0.0,0.05449,0.0,0.0,-1.0,0.0,0.0,99.0,478.0
188027.0,0.0,-3.137,0.0,0.05449,0.0,0.0,-1.0,0.0,0.0,99.0,470.0
188037.0,0.0,-3.137,0.0,0.05449,0.0,0.0,-1.0,0.0,0.0,99.0,478.0
188047.0,0.0,-3.137,0.003,0.05449,0.0,0.0,-1.0,0.0,0.0,99.0,485.0
188057.0,0.0,-3.137,-0.0,0.05449,0.0,0.0,-1.0,0.0,0.0,99.0,477.0
188067.0,0.0,-3.137,0.002,0.05449,0.0,0.0,-1.0,0.0,0.0,99.0,492.0
188077.0,0.0,-3.137,-0.001,0.05449,0.0,0.0,-1.0,0.0,0.0,99.0,485.0
188087.0,0.0,-3.137,-0.001,0.05449,0.0,0.0,-1.0,0.0,0.0,99.0,485.0
188098.0,0.0,-3.137,-0.001,0.05449,0.0,0.0,-1.0,0.0,0.0,99.0,478.0
188108.0,0.0,-3.137,-0.001,0.05449,0.0,0.0,-1.0,0.0,0.0,99.0,485.0
188118.0,0.0,-3.137,-0.001,0.05449,0.0,0.0,-1.0,0.0,0.0,99.0,484.0
188128.0,0.0,-3.137,-0.0,0.05449,0.0,0.0,-1.0,0.0,0.0,99.0,484.0
188138.0,0.0,-3.137,-0.0,0.05449,0.0,0.0,-1.0,0.0,0.0,99.0,484.0
188148.0,0.0,-3.137,-0.0,0.05449,0.0,0.0,-1.0,0.0,0.0,99.0,484.0
188159.0,0.0,-3.137,-0.0,0.05449,0.0,0.0,-1.0,0.0,0.0,99.0,485.0
188169.0,0.0,-3.137,-0.0,0.05449,0.0,0.0,-1.0,0.0,0.0,99.0,492.0
188179.0,0.0,-3.137,0.0,0.05449,0.0,0.0,-1.0,0.0,0.0,99.0,485.0
188189.0,0.0,-3.137,0.0,0.05449,0.0,0.0,-1.0,0.0,0.0,99.0,477.0
188199.0,0.0,-3.137,0.0,0.05449,0.0,0.0,-1.0,0.0,0.0,99.0,485.0
188209.0,0.0,-3.137,0.0,0.05449,0.0,0.0,-1.0,0.0,0.0,99.0,485.0
188220.0,0.0,-3.137,0.0,0.05449,0.0,0.0,-1.0,0.0,0.0,99.0,477.0
188230.0,0.0,-3.137,0.0,0.05449,0.0,0.0,-1.0,0.0,0.0,99.0,491.0
188240.0,0.0,-3.137,0.0,0.05449,0.0,0.0,-1.0,0.0,0.0,99.0,484.0
188250.0,0.0,-3.137,0.0,0.05449,0.0,0.0,-1.0,0.0,0.0,99.0,484.0
188260.0,0.0,-3.137,0.0,0.05449,0.0,0.0,-1.0,0.0,0.0,99.0,478.0
188271.0,0.0,-3.137,0.0,0.05449,0.0,0.0,-1.0,0.0,0.0,99.0,478.0
188281.0,0.0,-3.137,0.0,0.05449,0.0,0.0,-1.0,0.0,0.0,99.0,484.0
188291.0,0.0,-3.137,0.004,0.05449,0.0,0.0,-1.0,0.0,0.0,99.0,485.0
188301.0,0.0,-3.137,0.0,0.05449,0.0,0.0,-1.0,0.0,0.0,99.0,492.0
188311.0,0.0,-3.137,-0.001,0.05449,0.0,0.0,-1.0,0.0,0.0,99.0,477.0
188321.0,0.0,-3.137,-0.001,0.05449,0.0,0.0,-1.0,0.0,0.0,99.0,477.0
188331.0,0.0,-3.137,-0.001,0.05449,0.0,0.0,-1.0,0.0,0.0,99.0,491.0
188342.0,0.0,-3.137,-0.0,0.05449,0.0,0.0,-1.0,0.0,0.0,99.0,485.0
188352.0,0.0,-3.137,-0.0,0.05449,0.0,0.0,-1.0,0.0,0.0,99.0,483.0
188362.0,0.0,-3.137,-0.0,0.05449,0.0,0.0,-1.0,0.0,0.0,99.0,478.0
188372.0,0.0,-3.137,-0.0,0.05449,0.0,0.0,-1.0,0.0,0.0,99.0,485.0
188383.0,0.0,-3.137,-0.0,0.05449,0.0,0.0,-1.0,0.0,0.0,99.0,477.0
188393.0,0.0,-3.137,-0.0,0.05449,0.0,0.0,-1.0,0.0,0.0,99.0,484.0
188403.0,0.0,-3.137,0.0,0.05449,0.0,0.0,-1.0,0.0,0.0,99.0,477.0
188413.0,0.0,-3.137,0.0,0.05449,0.0,0.0,-1.0,0.0,0.0,99.0,477.0
188423.0,0.0,-3.137,0.0,0.05449,0.0,0.0,-1.0,0.0,0.0,99.0,485.0
188433.0,0.0,-3.137,0.0,0.05449,0.0,0.0,-1.0,0.0,0.0,99.0,485.0
188443.0,0.0,-3.137,0.0,0.05449,0.0,0.0,-1.0,0.0,0.0,99.0,477.0
188454.0,0.0,-3.137,0.0,0.05449,0.0,0.0,-1.0,0.0,0.0,99.0,478.0
188464.0,0.0,-3.137,0.0,0.05449,0.0,0.0,-1.0,0.0,0.0,99.0,470.0
188474.0,0.0,-3.137,0.0,0.05449,0.0,0.0,-1.0,0.0,0.0,99.0,478.0
188484.0,0.0,-3.137,0.0,0.05449,0.0,0.0,-1.0,0.0,0.0,99.0,477.0
188494.0,0.0,-3.137,0.0,0.05449,0.0,0.0,-1.0,0.0,0.0,99.0,478.0
188504.0,0.0,-3.137,0.0,0.05449,0.0,0.0,-1.0,0.0,0.0,99.0,478.0
188515.0,0.0,-3.137,0.0,0.05449,0.0,0.0,-1.0,0.0,0.0,99.0,478.0
188525.0,0.0,-3.137,0.0,0.05449,0.0,0.0,-1.0,0.0,0.0,99.0,485.0
188535.0,0.0,-3.137,0.0,0.05449,0.0,0.0,-1.0,0.0,0.0,99.0,477.0
188545.0,0.0,-3.137,0.0,0.05449,0.0,0.0,-1.0,0.0,0.0,99.0,478.0
188556.0,0.0,-3.137,0.0,0.05449,0.0,0.0,-1.0,0.0,0.0,99.0,478.0
188566.0,0.0,-3.137,0.0,0.05449,0.0,0.0,-1.0,0.0,0.0,99.0,476.0
188576.0,0.0,-3.137,0.002,0.05449,0.0,0.0,-1.0,0.0,0.0,99.0,485.0
188586.0,0.0,-3.137,-0.0,0.05449,0.0,0.0,-1.0,0.0,0.0,99.0,491.0
188596.0,0.0,-3.137,-0.001,0.05449,0.0,0.0,-1.0,0.0,0.0,99.0,492.0
188606.0,0.0,-3.137,-0.001,0.05449,0.0,0.0,-1.0,0.0,0.0,99.0,491.0
188617.0,0.0,-3.137,-0.001,0.05449,0.0,0.0,-1.0,0.0,0.0,99.0,478.0
188627.0,0.0,-3.137,-0.0,0.05449,0.0,0.0,-1.0,0.0,0.0,99.0,486.0
188637.0,0.0,-3.137,-0.0,0.05449,0.0,0.0,-1.0,0.0,0.0,99.0,492.0
188647.0,0.0,-3.137,-0.0,0.05449,0.0,0.0,-1.0,0.0,0.0,99.0,484.0
188658.0,0.0,-3.137,-0.0,0.05449,0.0,0.0,-1.0,0.0,0.0,99.0,485.0
188668.0,0.0,-3.137,-0.0,0.05449,0.0,0.0,-1.0,0.0,0.0,99.0,477.0
188678.0,0.0,-3.137,0.0,0.05449,0.0,0.0,-1.0,0.0,0.0,99.0,484.0
188688.0,0.0,-3.137,0.0,0.05449,0.0,0.0,-1.0,0.0,0.0,99.0,485.0
188698.0,0.0,-3.137,0.0,0.05449,0.0,0.0,-1.0,0.0,0.0,99.0,492.0
188708.0,0.0,-3.137,0.0,0.05449,0.0,0.0,-1.0,0.0,0.0,99.0,485.0
188719.0,0.0,-3.137,0.0,0.05449,0.0,0.0,-1.0,0.0,0.0,99.0,485.0
188729.0,0.0,-3.137,0.0,0.05449,0.0,0.0,-1.0,0.0,0.0,99.0,485.0
188739.0,0.0,-3.137,0.0,0.05449,0.0,0.0,-1.0,0.0,0.0,99.0,485.0
188749.0,0.0,-3.137,0.0,0.05449,0.0,0.0,-1.0,0.0,0.0,99.0,477.0
188759.0,0.0,-3.137,0.0,0.05449,0.0,0.0,-1.0,0.0,0.0,99.0,478.0
188770.0,0.0,-3.137,0.0,0.05449,0.0,0.0,-1.0,0.0,0.0,99.0,478.0
188780.0,0.0,-3.137,0.0,0.05449,0.0,0.0,-1.0,0.0,0.0,99.0,484.0
188790.0,0.0,-3.137,0.0,0.05449,0.0,0.0,-1.0,0.0,0.0,99.0,485.0
188800.0,0.0,-3.137,0.0,0.05449,0.0,0.0,-1.0,0.0,0.0,99.0,484.0
188811.0,0.0,-3.137,0.0,0.05449,0.0,0.0,-1.0,0.0,0.0,99.0,478.0
188821.0,0.0,-3.137,0.004,0.05449,0.0,0.0,-1.0,0.0,0.0,99.0,485.0
188831.0,0.0,-3.137,0.0,0.05449,0.0,0.0,-1.0,0.0,0.0,99.0,483.0
188842.0,0.0,-3.137,-0.001,0.05449,0.0,0.0,-1.0,0.0,0.0,99.0,478.0
188852.0,0.0,-3.137,-0.001,0.05449,0.0,0.0,-1.0,0.0,0.0,99.0,492.0
188862.0,0.0,-3.137,-0.001,0.05449,0.0,0.0,-1.0,0.0,0.0,99.0,484.0
188872.0,0.0,-3.137,-0.0,0.05449,0.0,0.0,-1.0,0.0,0.0,99.0,485.0
188882.0,0.0,-3.137,-0.0,0.05449,0.0,0.0,-1.0,0.0,0.0,99.0,492.0
188892.0,0.0,-3.137,-0.0,0.05449,0.0,0.0,-1.0,0.0,0.0,99.0,492.0
188902.0,0.0,-3.137,-0.0,0.05449,0.0,0.0,-1.0,0.0,0.0,99.0,492.0
188913.0,0.0,-3.137,-0.0,0.05449,0.0,0.0,-1.0,0.0,0.0,99.0,485.0
188923.0,0.0,-3.137,-0.0,0.05449,0.0,0.0,-1.0,0.0,0.0,99.0,485.0
188933.0,0.0,-3.137,0.0,0.05449,0.0,0.0,-1.0,0.0,0.0,99.0,483.0
188943.0,0.0,-3.137,0.0,0.05449,0.0,0.0,-1.0,0.0,0.0,99.0,477.0
188953.0,0.0,-3.137,0.0,0.05449,0.0,0.0,-1.0,0.0,0.0,99.0,486.0
188964.0,0.0,-3.137,0.0,0.05449,0.0,0.0,-1.0,0.0,0.0,99.0,479.0
188974.0,0.0,-3.137,0.0,0.05449,0.0,0.0,-1.0,0.0,0.0,99.0,478.0
188984.0,0.0,-3.137,0.0,0.05449,0.0,0.0,-1.0,0.0,0.0,99.0,477.0
188994.0,0.0,-3.137,0.0,0.05449,0.0,0.0,-1.0,0.0,0.0,99.0,470.0
189005.0,0.0,-3.137,0.0,0.05449,0.0,0.0,-1.0,0.0,0.0,99.0,478.0
189015.0,0.0,-3.137,0.0,0.05449,0.0,0.0,-1.0,0.0,0.0,99.0,484.0
189025.0,0.0,-3.137,0.0,0.05449,0.0,0.0,-1.0,0.0,0.0,99.0,485.0
189035.0,0.0,-3.137,0.0,0.05449,0.0,0.0,-1.0,0.0,0.0,99.0,478.0
189046.0,0.0,-3.137,0.0,0.05449,0.0,0.0,-1.0,0.0,0.0,99.0,470.0
189056.0,0.0,-3.137,0.0,0.05449,0.0,0.0,-1.0,0.0,0.0,99.0,478.0
189066.0,0.0,-3.137,0.0,0.05449,0.0,0.0,-1.0,0.0,0.0,99.0,484.0
189076.0,0.0,-3.137,0.0,0.05449,0.0,0.0,-1.0,0.0,0.0,99.0,476.0
189087.0,0.0,-3.137,0.0,0.05449,0.0,0.0,-1.0,0.0,0.0,99.0,478.0
189097.0,0.0,-3.137,0.0,0.05449,0.0,0.0,-1.0,0.0,0.0,99.0,478.0
189107.0,0.0,-3.137,0.0,0.05449,0.0,0.0,-1.0,0.0,0.0,99.0,485.0
189117.0,0.0,-3.137,0.0,0.05449,0.0,0.0,-1.0,0.0,0.0,99.0,478.0
189127.0,0.0,-3.137,0.0,0.05449,0.0,0.0,-1.0,0.0,0.0,99.0,476.0
189137.0,0.0,-3.137,0.0,0.05449,0.0,0.0,-1.0,0.0,0.0,99.0,485.0
189148.0,0.0,-3.137,0.0,0.05449,0.0,0.0,-1.0,0.0,0.0,99.0,477.0
189158.0,0.0,-3.137,0.0,0.05449,0.0,0.0,-1.0,0.0,0.0,99.0,483.0
189168.0,0.0,-3.137,0.0,0.05449,0.0,0.0,-1.0,0.0,0.0,99.0,484.0
189178.0,0.0,-3.137,0.0,0.05449,0.0,0.0,-1.0,0.0,0.0,99.0,485.0
189188.0,0.0,-3.137,0.0,0.05449,0.0,0.0,-1.0,0.0,0.0,99.0,484.0
189198.0,0.0,-3.137,0.0,0.05449,0.0,0.0,-1.0,0.0,0.0,99.0,484.0
189209.0,0.0,-3.137,0.0,0.05449,0.0,0.0,-1.0,0.0,0.0,99.0,478.0
189219.0,0.0,-3.137,0.0,0.05449,0.0,0.0,-1.0,0.0,0.0,99.0,478.0
189229.0,0.0,-3.137,0.0,0.05449,0.0,0.0,-1.0,0.0,0.0,99.0,478.0
189239.0,0.0,-3.137,0.0,0.05449,0.0,0.0,-1.0,0.0,0.0,99.0,477.0
189250.0,0.0,-3.137,0.0,0.05449,0.0,0.0,-1.0,0.0,0.0,99.0,477.0
189260.0,0.0,-3.137,0.0,0.05449,0.0,0.0,-1.0,0.0,0.0,99.0,476.0
189270.0,0.0,-3.137,0.0,0.05449,0.0,0.0,-1.0,0.0,0.0,99.0,477.0
189280.0,0.0,-3.137,0.0,0.05449,0.0,0.0,-1.0,0.0,0.0,99.0,484.0
189290.0,0.0,-3.137,0.0,0.05449,0.0,0.0,-1.0,0.0,0.0,99.0,484.0
189300.0,0.0,-3.137,0.0,0.05449,0.0,0.0,-1.0,0.0,0.0,99.0,484.0
189311.0,0.0,-3.137,0.0,0.05449,0.0,0.0,-1.0,0.0,0.0,99.0,476.0
189321.0,0.0,-3.137,0.0,0.05449,0.0,0.0,-1.0,0.0,0.0,99.0,476.0
189331.0,0.0,-3.137,0.0,0.05449,0.0,0.0,-1.0,0.0,0.0,99.0,470.0
189342.0,0.0,-3.137,0.0,0.05449,0.0,0.0,-1.0,0.0,0.0,99.0,470.0
189352.0,0.0,-3.137,0.0,0.05449,0.0,0.0,-1.0,0.0,0.0,99.0,478.0
189362.0,0.0,-3.137,0.0,0.05449,0.0,0.0,-1.0,0.0,0.0,99.0,470.0
189372.0,0.0,-3.137,0.0,0.05449,0.0,0.0,-1.0,0.0,0.0,99.0,470.0
189382.0,0.0,-3.137,0.0,0.05449,0.0,0.0,-1.0,0.0,0.0,99.0,477.0
189392.0,0.0,-3.137,0.0,0.05449,0.0,0.0,-1.0,0.0,0.0,99.0,484.0
189402.0,0.0,-3.137,0.0,0.05449,0.0,0.0,-1.0,0.0,0.0,99.0,477.0
189413.0,0.0,-3.137,0.0,0.05449,0.0,0.0,-1.0,0.0,0.0,99.0,478.0
189423.0,0.0,-3.137,0.0,0.05449,0.0,0.0,-1.0,0.0,0.0,99.0,485.0
189433.0,0.0,-3.137,0.0,0.05449,0.0,0.0,-1.0,0.0,0.0,99.0,477.0
189443.0,0.0,-3.137,0.0,0.05449,0.0,0.0,-1.0,0.0,0.0,99.0,484.0
189453.0,0.0,-3.137,0.0,0.05449,0.0,0.0,-1.0,0.0,0.0,99.0,477.0
189464.0,0.0,-3.137,0.0,0.05449,0.0,0.0,-1.0,0.0,0.0,99.0,470.0
189474.0,0.0,-3.137,0.0,0.05449,0.0,0.0,-1.0,0.0,0.0,99.0,478.0
189484.0,0.0,-3.137,0.0,0.05449,0.0,0.0,-1.0,0.0,0.0,99.0,478.0
189494.0,0.0,-3.137,0.0,0.05449,0.0,0.0,-1.0,0.0,0.0,99.0,478.0
189504.0,0.0,-3.137,0.0,0.05449,0.0,0.0,-1.0,0.0,0.0,99.0,470.0
189514.0,0.0,-3.137,0.0,0.05449,0.0,0.0,-1.0,0.0,0.0,99.0,477.0
189524.0,0.0,-3.137,0.0,0.05449,0.0,0.0,-1.0,0.0,0.0,99.0,477.0
189534.0,0.0,-3.137,0.0,0.05449,0.0,0.0,-1.0,0.0,0.0,99.0,485.0
189544.0,0.0,-3.137,0.0,0.05449,0.0,0.0,-1.0,0.0,0.0,99.0,470.0
189555.0,0.0,-3.137,0.0,0.05449,0.0,0.0,-1.0,0.0,0.0,99.0,484.0
189565.0,0.0,-3.137,0.0,0.05449,0.0,0.0,-1.0,0.0,0.0,99.0,483.0
189575.0,0.0,-3.137,0.0,0.05449,0.0,0.0,-1.0,0.0,0.0,99.0,478.0
189585.0,0.0,-3.137,0.0,0.05449,0.0,0.0,-1.0,0.0,0.0,99.0,485.0
189595.0,0.0,-3.137,0.0,0.05449,0.0,0.0,-1.0,0.0,0.0,99.0,478.0
189606.0,0.0,-3.137,0.0,0.05449,0.0,0.0,-1.0,0.0,0.0,99.0,478.0
189616.0,0.0,-3.137,0.0,0.05449,0.0,0.0,-1.0,0.0,0.0,99.0,477.0
189626.0,0.0,-3.137,0.002,0.05449,0.0,0.0,-1.0,0.0,0.0,99.0,483.0
189636.0,0.0,-3.137,-0.0,0.05449,0.0,0.0,-1.0,0.0,0.0,99.0,486.0
189647.0,0.0,-3.137,-0.001,0.05449,0.0,0.0,-1.0,0.0,0.0,99.0,483.0
189657.0,0.0,-3.137,-0.001,0.05449,0.0,0.0,-1.0,0.0,0.0,99.0,486.0
189667.0,0.0,-3.137,-0.001,0.05449,0.0,0.0,-1.0,0.0,0.0,99.0,485.0
189677.0,0.0,-3.137,-0.0,0.05449,0.0,0.0,-1.0,0.0,0.0,99.0,478.0
189687.0,0.0,-3.137,-0.0,0.05449,0.0,0.0,-1.0,0.0,0.0,99.0,485.0
189697.0,0.0,-3.137,-0.0,0.05449,0.0,0.0,-1.0,0.0,0.0,99.0,485.0
189707.0,0.0,-3.137,-0.0,0.05449,0.0,0.0,-1.0,0.0,0.0,99.0,492.0
189717.0,0.0,-3.137,-0.0,0.05449,0.0,0.0,-1.0,0.0,0.0,99.0,485.0
189728.0,0.0,-3.137,0.0,0.05449,0.0,0.0,-1.0,0.0,0.0,99.0,477.0
189738.0,0.0,-3.137,0.0,0.05449,0.0,0.0,-1.0,0.0,0.0,99.0,491.0
189748.0,0.0,-3.137,0.0,0.05449,0.0,0.0,-1.0,0.0,0.0,99.0,491.0
189758.0,0.0,-3.137,0.0,0.05449,0.0,0.0,-1.0,0.0,0.0,99.0,478.0
189769.0,0.0,-3.137,0.0,0.05449,0.0,0.0,-1.0,0.0,0.0,99.0,477.0
189779.0,0.0,-3.137,0.0,0.05449,0.0,0.0,-1.0,0.0,0.0,99.0,491.0
189789.0,0.0,-3.137,0.0,0.05449,0.0,0.0,-1.0,0.0,0.0,99.0,476.0
189800.0,0.0,-3.137,0.0,0.05449,0.0,0.0,-1.0,0.0,0.0,99.0,470.0
189810.0,0.0,-3.137,0.0,0.05449,0.0,0.0,-1.0,0.0,0.0,99.0,477.0
189820.0,0.0,-3.137,0.0,0.05449,0.0,0.0,-1.0,0.0,0.0,99.0,477.0
189830.0,0.0,-3.137,0.0,0.05449,0.0,0.0,-1.0,0.0,0.0,99.0,478.0
189840.0,0.0,-3.137,0.0,0.05449,0.0,0.0,-1.0,0.0,0.0,99.0,477.0
189850.0,0.0,-3.137,0.0,0.05449,0.0,0.0,-1.0,0.0,0.0,99.0,485.0
189860.0,0.0,-3.137,0.0,0.05449,0.0,0.0,-1.0,0.0,0.0,99.0,476.0
189870.0,0.0,-3.137,0.0,0.05449,0.0,0.0,-1.0,0.0,0.0,99.0,485.0
189880.0,0.0,-3.137,0.0,0.05449,0.0,0.0,-1.0,0.0,0.0,99.0,478.0
189891.0,0.0,-3.137,0.0,0.05449,0.0,0.0,-1.0,0.0,0.0,99.0,470.0
189901.0,0.0,-3.137,0.0,0.05449,0.0,0.0,-1.0,0.0,0.0,99.0,483.0
189911.0,0.0,-3.137,0.0,0.05449,0.0,0.0,-1.0,0.0,0.0,99.0,478.0
189921.0,0.0,-3.137,0.003,0.05449,0.0,0.0,-1.0,0.0,0.0,99.0,485.0
189931.0,0.0,-3.137,-0.0,0.05449,0.0,0.0,-1.0,0.0,0.0,99.0,484.0
189942.0,0.0,-3.137,-0.001,0.05449,0.0,0.0,-1.0,0.0,0.0,99.0,485.0
189952.0,0.0,-3.137,-0.001,0.05449,0.0,0.0,-1.0,0.0,0.0,99.0,486.0
189962.0,0.0,-3.137,-0.001,0.05449,0.0,0.0,-1.0,0.0,0.0,99.0,492.0
189972.0,0.0,-3.137,-0.0,0.05449,0.0,0.0,-1.0,0.0,0.0,99.0,484.0
189983.0,0.0,-3.137,-0.0,0.05449,0.0,0.0,-1.0,0.0,0.0,99.0,484.0
189993.0,0.0,-3.137,-0.0,0.05449,0.0,0.0,-1.0,0.0,0.0,99.0,485.0
190003.0,0.0,-3.137,-0.0,0.05449,0.0,0.0,-1.0,0.0,0.0,99.0,485.0
190013.0,0.0,-3.137,-0.0,0.05449,0.0,0.0,-1.0,0.0,0.0,99.0,483.0
190023.0,0.0,-3.137,0.0,0.05449,0.0,0.0,-1.0,0.0,0.0,99.0,485.0
190033.0,0.0,-3.137,0.0,0.05449,0.0,0.0,-1.0,0.0,0.0,99.0,491.0
190043.0,0.0,-3.137,0.0,0.05449,0.0,0.0,-1.0,0.0,0.0,99.0,485.0
190054.0,0.0,-3.137,0.0,0.05449,0.0,0.0,-1.0,0.0,0.0,99.0,477.0
190064.0,0.0,-3.137,0.0,0.05449,0.0,0.0,-1.0,0.0,0.0,99.0,491.0
190074.0,0.0,-3.137,0.0,0.05449,0.0,0.0,-1.0,0.0,0.0,99.0,484.0
190084.0,0.0,-3.137,0.0,0.05449,0.0,0.0,-1.0,0.0,0.0,99.0,470.0
190095.0,0.0,-3.137,0.0,0.05449,0.0,0.0,-1.0,0.0,0.0,99.0,476.0
190105.0,0.0,-3.137,0.0,0.05449,0.0,0.0,-1.0,0.0,0.0,99.0,477.0
190115.0,0.0,-3.137,0.0,0.05449,0.0,0.0,-1.0,0.0,0.0,99.0,477.0
190125.0,0.0,-3.137,0.0,0.05449,0.0,0.0,-1.0,0.0,0.0,99.0,477.0
190135.0,0.0,-3.137,0.0,0.05449,0.0,0.0,-1.0,0.0,0.0,99.0,484.0
190145.0,0.0,-3.137,0.0,0.05449,0.0,0.0,-1.0,0.0,0.0,99.0,478.0
190156.0,0.0,-3.137,0.0,0.05449,0.0,0.0,-1.0,0.0,0.0,99.0,470.0
190166.0,0.0,-3.137,0.0,0.05449,0.0,0.0,-1.0,0.0,0.0,99.0,483.0
190176.0,0.0,-3.137,0.003,0.05449,0.0,0.0,-1.0,0.0,0.0,99.0,491.0
190186.0,0.0,-3.137,-0.0,0.05449,0.0,0.0,-1.0,0.0,0.0,99.0,485.0
190196.0,0.0,-3.137,-0.001,0.05449,0.0,0.0,-1.0,0.0,0.0,99.0,491.0
190206.0,0.0,-3.137,-0.001,0.05449,0.0,0.0,-1.0,0.0,0.0,99.0,485.0
190217.0,0.0,-3.137,-0.001,0.05449,0.0,0.0,-1.0,0.0,0.0,99.0,485.0
190227.0,0.0,-3.1355,0.006,0.05449,0.0,0.0,-1.0,0.0,0.0,99.0,485.0
190237.0,0.0,-3.137,0.001,0.05449,0.0,0.0,-1.0,0.0,0.0,99.0,484.0
190247.0,0.0,-3.137,-0.001,0.05449,0.0,0.0,-1.0,0.0,0.0,99.0,478.0
190257.0,0.0,-3.137,-0.001,0.05449,0.0,0.0,-1.0,0.0,0.0,99.0,485.0
190267.0,0.0,-3.137,-0.001,0.05449,0.0,0.0,-1.0,0.0,0.0,99.0,493.0
190278.0,0.0,-3.137,-0.001,0.05449,0.0,0.0,-1.0,0.0,0.0,99.0,477.0
190288.0,0.0,-3.137,-0.0,0.05449,0.0,0.0,-1.0,0.0,0.0,99.0,485.0
190298.0,0.0,-3.137,-0.0,0.05449,0.0,0.0,-1.0,0.0,0.0,99.0,485.0
190308.0,0.0,-3.137,-0.0,0.05449,0.0,0.0,-1.0,0.0,0.0,99.0,485.0
190318.0,0.0,-3.137,-0.0,0.05449,0.0,0.0,-1.0,0.0,0.0,99.0,485.0
190328.0,0.0,-3.137,-0.0,0.05449,0.0,0.0,-1.0,0.0,0.0,99.0,483.0
190339.0,0.0,-3.137,0.0,0.05449,0.0,0.0,-1.0,0.0,0.0,99.0,485.0
190349.0,0.0,-3.137,0.002,0.05449,0.0,0.0,-1.0,0.0,0.0,99.0,485.0
190359.0,0.0,-3.137,-0.0,0.05449,0.0,0.0,-1.0,0.0,0.0,99.0,485.0
190369.0,0.0,-3.137,-0.001,0.05449,0.0,0.0,-1.0,0.0,0.0,99.0,477.0
190379.0,0.0,-3.137,-0.001,0.05449,0.0,0.0,-1.0,0.0,0.0,99.0,478.0
190389.0,0.0,-3.137,-0.001,0.05449,0.0,0.0,-1.0,0.0,0.0,99.0,478.0
190399.0,0.0,-3.137,-0.0,0.05449,0.0,0.0,-1.0,0.0,0.0,99.0,491.0
190410.0,0.0,-3.137,-0.0,0.05449,0.0,0.0,-1.0,0.0,0.0,99.0,478.0
190420.0,0.0,-3.137,-0.0,0.05449,0.0,0.0,-1.0,0.0,0.0,99.0,492.0
190430.0,0.0,-3.137,-0.0,0.05449,0.0,0.0,-1.0,0.0,0.0,99.0,477.0
190440.0,0.0,-3.137,-0.0,0.05449,0.0,0.0,-1.0,0.0,0.0,99.0,485.0
190450.0,0.0,-3.137,0.0,0.05449,0.0,0.0,-1.0,0.0,0.0,99.0,485.0
190461.0,0.0,-3.137,0.001,0.05449,0.0,0.0,-1.0,0.0,0.0,99.0,486.0
190471.0,0.0,-3.137,-0.001,0.05449,0.0,0.0,-1.0,0.0,0.0,99.0,478.0
190481.0,0.0,-3.137,-0.001,0.05449,0.0,0.0,-1.0,0.0,0.0,99.0,485.0
190491.0,0.0,-3.137,-0.001,0.05449,0.0,0.0,-1.0,0.0,0.0,99.0,491.0
190502.0,0.0,-3.137,-0.001,0.05449,0.0,0.0,-1.0,0.0,0.0,99.0,477.0
190512.0,0.0,-3.137,-0.0,0.05449,0.0,0.0,-1.0,0.0,0.0,99.0,484.0
190522.0,0.0,-3.137,-0.0,0.05449,0.0,0.0,-1.0,0.0,0.0,99.0,477.0
190532.0,0.0,-3.137,-0.0,0.05449,0.0,0.0,-1.0,0.0,0.0,99.0,478.0
190542.0,0.0,-3.137,-0.0,0.05449,0.0,0.0,-1.0,0.0,0.0,99.0,484.0
190552.0,0.0,-3.137,-0.0,0.05449,0.0,0.0,-1.0,0.0,0.0,99.0,492.0
190562.0,0.0,-3.137,0.0,0.05449,0.0,0.0,-1.0,0.0,0.0,99.0,484.0
190573.0,0.0,-3.137,0.0,0.05449,0.0,0.0,-1.0,0.0,0.0,99.0,477.0
190583.0,0.0,-3.137,0.0,0.05449,0.0,0.0,-1.0,0.0,0.0,99.0,484.0
190593.0,0.0,-3.137,0.0,0.05449,0.0,0.0,-1.0,0.0,0.0,99.0,492.0
190603.0,0.0,-3.137,0.0,0.05449,0.0,0.0,-1.0,0.0,0.0,99.0,485.0
190613.0,0.0,-3.137,0.0,0.05449,0.0,0.0,-1.0,0.0,0.0,99.0,492.0
190623.0,0.0,-3.137,0.0,0.05449,0.0,0.0,-1.0,0.0,0.0,99.0,484.0
190634.0,0.0,-3.137,0.0,0.05449,0.0,0.0,-1.0,0.0,0.0,99.0,477.0
190644.0,0.0,-3.137,0.0,0.05449,0.0,0.0,-1.0,0.0,0.0,99.0,478.0
190654.0,0.0,-3.137,0.0,0.05449,0.0,0.0,-1.0,0.0,0.0,99.0,485.0
190664.0,0.0,-3.137,0.0,0.05449,0.0,0.0,-1.0,0.0,0.0,99.0,477.0
190675.0,0.0,-3.137,0.0,0.05449,0.0,0.0,-1.0,0.0,0.0,99.0,478.0
190685.0,0.0,-3.137,0.0,0.05449,0.0,0.0,-1.0,0.0,0.0,99.0,478.0
190695.0,0.0,-3.137,0.0,0.05449,0.0,0.0,-1.0,0.0,0.0,99.0,476.0
190706.0,0.0,-3.137,0.0,0.05449,0.0,0.0,-1.0,0.0,0.0,99.0,470.0
190716.0,0.0,-3.137,0.0,0.05449,0.0,0.0,-1.0,0.0,0.0,99.0,485.0
190726.0,0.0,-3.137,0.0,0.05449,0.0,0.0,-1.0,0.0,0.0,99.0,477.0
190736.0,0.0,-3.137,0.0,0.05449,0.0,0.0,-1.0,0.0,0.0,99.0,477.0
190746.0,0.0,-3.137,0.0,0.05449,0.0,0.0,-1.0,0.0,0.0,99.0,477.0
190757.0,0.0,-3.137,0.0,0.05449,0.0,0.0,-1.0,0.0,0.0,99.0,470.0
190767.0,0.0,-3.137,0.0,0.05449,0.0,0.0,-1.0,0.0,0.0,99.0,484.0
190777.0,0.0,-3.137,0.0,0.05449,0.0,0.0,-1.0,0.0,0.0,99.0,477.0
190787.0,0.0,-3.137,0.0,0.05449,0.0,0.0,-1.0,0.0,0.0,99.0,477.0
190797.0,0.0,-3.137,0.0,0.05449,0.0,0.0,-1.0,0.0,0.0,99.0,478.0
190807.0,0.0,-3.137,0.0,0.05449,0.0,0.0,-1.0,0.0,0.0,99.0,485.0
190817.0,0.0,-3.137,0.0,0.05449,0.0,0.0,-1.0,0.0,0.0,99.0,470.0
190828.0,0.0,-3.137,0.0,0.05449,0.0,0.0,-1.0,0.0,0.0,99.0,478.0
190838.0,0.0,-3.137,0.0,0.05449,0.0,0.0,-1.0,0.0,0.0,99.0,478.0
190848.0,0.0,-3.137,0.0,0.05449,0.0,0.0,-1.0,0.0,0.0,99.0,478.0
190858.0,0.0,-3.137,0.0,0.05449,0.0,0.0,-1.0,0.0,0.0,99.0,484.0
190869.0,0.0,-3.137,0.0,0.05449,0.0,0.0,-1.0,0.0,0.0,99.0,477.0
190879.0,0.0,-3.137,0.0,0.05449,0.0,0.0,-1.0,0.0,0.0,99.0,477.0
190889.0,0.0,-3.137,0.0,0.05449,0.0,0.0,-1.0,0.0,0.0,99.0,483.0
190899.0,0.0,-3.137,0.0,0.05449,0.0,0.0,-1.0,0.0,0.0,99.0,477.0
190909.0,0.0,-3.137,0.0,0.05449,0.0,0.0,-1.0,0.0,0.0,99.0,484.0
190920.0,0.0,-3.137,0.0,0.05449,0.0,0.0,-1.0,0.0,0.0,99.0,470.0
190930.0,0.0,-3.137,0.0,0.05449,0.0,0.0,-1.0,0.0,0.0,99.0,478.0
190940.0,0.0,-3.137,0.0,0.05449,0.0,0.0,-1.0,0.0,0.0,99.0,485.0
190950.0,0.0,-3.137,0.0,0.05449,0.0,0.0,-1.0,0.0,0.0,99.0,477.0
190960.0,0.0,-3.137,0.0,0.05449,0.0,0.0,-1.0,0.0,0.0,99.0,470.0
190970.0,0.0,-3.137,0.0,0.05449,0.0,0.0,-1.0,0.0,0.0,99.0,476.0
190981.0,0.0,-3.137,0.0,0.05449,0.0,0.0,-1.0,0.0,0.0,99.0,479.0
190991.0,0.0,-3.137,0.0,0.05449,0.0,0.0,-1.0,0.0,0.0,99.0,478.0
191001.0,0.0,-3.137,0.0,0.05449,0.0,0.0,-1.0,0.0,0.0,99.0,485.0
191011.0,0.0,-3.137,0.0,0.05449,0.0,0.0,-1.0,0.0,0.0,99.0,470.0
191021.0,0.0,-3.137,0.0,0.05449,0.0,0.0,-1.0,0.0,0.0,99.0,478.0
191032.0,0.0,-3.137,0.0,0.05449,0.0,0.0,-1.0,0.0,0.0,99.0,479.0
191042.0,0.0,-3.137,0.0,0.05449,0.0,0.0,-1.0,0.0,0.0,99.0,483.0
191052.0,0.0,-3.137,0.0,0.05449,0.0,0.0,-1.0,0.0,0.0,99.0,477.0
191062.0,0.0,-3.137,0.0,0.05449,0.0,0.0,-1.0,0.0,0.0,99.0,477.0
191072.0,0.0,-3.137,0.0,0.05449,0.0,0.0,-1.0,0.0,0.0,99.0,484.0
191083.0,0.0,-3.137,0.0,0.05449,0.0,0.0,-1.0,0.0,0.0,99.0,478.0
191093.0,0.0,-3.137,0.0,0.05449,0.0,0.0,-1.0,0.0,0.0,99.0,477.0
191103.0,0.0,-3.137,0.0,0.05449,0.0,0.0,-1.0,0.0,0.0,99.0,477.0
191113.0,0.0,-3.137,0.0,0.05449,0.0,0.0,-1.0,0.0,0.0,99.0,485.0
191123.0,0.0,-3.137,0.0,0.05449,0.0,0.0,-1.0,0.0,0.0,99.0,477.0
191134.0,0.0,-3.137,0.0,0.05449,0.0,0.0,-1.0,0.0,0.0,99.0,478.0
191144.0,0.0,-3.137,0.0,0.05449,0.0,0.0,-1.0,0.0,0.0,99.0,476.0
191154.0,0.0,-3.137,0.0,0.05449,0.0,0.0,-1.0,0.0,0.0,99.0,484.0
191164.0,0.0,-3.137,0.0,0.05449,0.0,0.0,-1.0,0.0,0.0,99.0,483.0
191175.0,0.0,-3.137,0.0,0.05449,0.0,0.0,-1.0,0.0,0.0,99.0,477.0
191185.0,0.0,-3.137,0.0,0.05449,0.0,0.0,-1.0,0.0,0.0,99.0,478.0
191195.0,0.0,-3.137,0.0,0.05449,0.0,0.0,-1.0,0.0,0.0,99.0,484.0
191205.0,0.0,-3.137,0.0,0.05449,0.0,0.0,-1.0,0.0,0.0,99.0,484.0
191216.0,0.0,-3.137,0.0,0.05449,0.0,0.0,-1.0,0.0,0.0,99.0,477.0
191226.0,0.0,-3.137,0.0,0.05449,0.0,0.0,-1.0,0.0,0.0,99.0,485.0
191236.0,0.0,-3.137,0.0,0.05449,0.0,0.0,-1.0,0.0,0.0,99.0,470.0
191246.0,0.0,-3.137,0.0,0.05449,0.0,0.0,-1.0,0.0,0.0,99.0,478.0
191256.0,0.0,-3.137,0.0,0.05449,0.0,0.0,-1.0,0.0,0.0,99.0,477.0
191266.0,0.0,-3.137,0.0,0.05449,0.0,0.0,-1.0,0.0,0.0,99.0,483.0
191277.0,0.0,-3.137,0.0,0.05449,0.0,0.0,-1.0,0.0,0.0,99.0,470.0
191287.0,0.0,-3.137,0.0,0.05449,0.0,0.0,-1.0,0.0,0.0,99.0,470.0
191297.0,0.0,-3.137,0.0,0.05449,0.0,0.0,-1.0,0.0,0.0,99.0,484.0
191307.0,0.0,-3.137,0.0,0.05449,0.0,0.0,-1.0,0.0,0.0,99.0,478.0
191317.0,0.0,-3.137,0.0,0.05449,0.0,0.0,-1.0,0.0,0.0,99.0,477.0
191327.0,0.0,-3.137,0.0,0.05449,0.0,0.0,-1.0,0.0,0.0,99.0,476.0
191337.0,0.0,-3.137,0.0,0.05449,0.0,0.0,-1.0,0.0,0.0,99.0,478.0
191347.0,0.0,-3.137,0.0,0.05449,0.0,0.0,-1.0,0.0,0.0,99.0,484.0
191357.0,0.0,-3.137,0.0,0.05449,0.0,0.0,-1.0,0.0,0.0,99.0,477.0
191368.0,0.0,-3.137,0.0,0.05449,0.0,0.0,-1.0,0.0,0.0,99.0,477.0
191378.0,0.0,-3.137,0.0,0.05449,0.0,0.0,-1.0,0.0,0.0,99.0,470.0
191388.0,0.0,-3.137,0.0,0.05449,0.0,0.0,-1.0,0.0,0.0,99.0,477.0
191398.0,0.0,-3.137,0.0,0.05449,0.0,0.0,-1.0,0.0,0.0,99.0,478.0
191408.0,0.0,-3.137,0.0,0.05449,0.0,0.0,-1.0,0.0,0.0,99.0,485.0
191418.0,0.0,-3.137,0.0,0.05449,0.0,0.0,-1.0,0.0,0.0,99.0,485.0
191429.0,0.0,-3.137,0.0,0.05449,0.0,0.0,-1.0,0.0,0.0,99.0,478.0
191439.0,0.0,-3.137,0.0,0.05449,0.0,0.0,-1.0,0.0,0.0,99.0,478.0
191449.0,0.0,-3.137,0.0,0.05449,0.0,0.0,-1.0,0.0,0.0,99.0,483.0
191459.0,0.0,-3.137,0.0,0.05449,0.0,0.0,-1.0,0.0,0.0,99.0,484.0
191469.0,0.0,-3.137,0.0,0.05449,0.0,0.0,-1.0,0.0,0.0,99.0,477.0
191480.0,0.0,-3.137,0.0,0.05449,0.0,0.0,-1.0,0.0,0.0,99.0,470.0
191490.0,0.0,-3.137,0.0,0.05449,0.0,0.0,-1.0,0.0,0.0,99.0,478.0
191500.0,0.0,-3.137,0.0,0.05449,0.0,0.0,-1.0,0.0,0.0,99.0,478.0
191510.0,0.0,-3.137,0.0,0.05449,0.0,0.0,-1.0,0.0,0.0,99.0,477.0
191520.0,0.0,-3.137,0.0,0.05449,0.0,0.0,-1.0,0.0,0.0,99.0,484.0
191531.0,0.0,-3.137,0.0,0.05449,0.0,0.0,-1.0,0.0,0.0,99.0,478.0
191541.0,0.0,-3.137,0.0,0.05449,0.0,0.0,-1.0,0.0,0.0,99.0,483.0
191551.0,0.0,-3.137,0.0,0.05449,0.0,0.0,-1.0,0.0,0.0,99.0,485.0
191561.0,0.0,-3.137,0.0,0.05449,0.0,0.0,-1.0,0.0,0.0,99.0,477.0
191572.0,0.0,-3.137,0.0,0.05449,0.0,0.0,-1.0,0.0,0.0,99.0,476.0
191582.0,0.0,-3.137,0.0,0.05449,0.0,0.0,-1.0,0.0,0.0,99.0,484.0
191592.0,0.0,-3.137,0.0,0.05449,0.0,0.0,-1.0,0.0,0.0,99.0,478.0
191602.0,0.0,-3.137,0.0,0.05449,0.0,0.0,-1.0,0.0,0.0,99.0,478.0
191613.0,0.0,-3.137,0.0,0.05449,0.0,0.0,-1.0,0.0,0.0,99.0,479.0
191623.0,0.0,-3.137,0.0,0.05449,0.0,0.0,-1.0,0.0,0.0,99.0,485.0
191633.0,0.0,-3.137,0.0,0.05449,0.0,0.0,-1.0,0.0,0.0,99.0,476.0
191643.0,0.0,-3.137,0.0,0.05449,0.0,0.0,-1.0,0.0,0.0,99.0,470.0
191654.0,0.0,-3.137,0.0,0.05449,0.0,0.0,-1.0,0.0,0.0,99.0,470.0
191664.0,0.0,-3.137,0.0,0.05449,0.0,0.0,-1.0,0.0,0.0,99.0,478.0
191674.0,0.0,-3.137,0.0,0.05449,0.0,0.0,-1.0,0.0,0.0,99.0,478.0
191684.0,0.0,-3.137,0.0,0.05449,0.0,0.0,-1.0,0.0,0.0,99.0,484.0
191694.0,0.0,-3.137,0.0,0.05449,0.0,0.0,-1.0,0.0,0.0,99.0,476.0
191704.0,0.0,-3.137,0.0,0.05449,0.0,0.0,-1.0,0.0,0.0,99.0,484.0
191714.0,0.0,-3.137,0.0,0.05449,0.0,0.0,-1.0,0.0,0.0,99.0,477.0
191725.0,0.0,-3.137,0.0,0.05449,0.0,0.0,-1.0,0.0,0.0,99.0,478.0
191735.0,0.0,-3.137,0.0,0.05449,0.0,0.0,-1.0,0.0,0.0,99.0,478.0
191745.0,0.0,-3.137,0.0,0.05449,0.0,0.0,-1.0,0.0,0.0,99.0,477.0
191755.0,0.0,-3.137,0.0,0.05449,0.0,0.0,-1.0,0.0,0.0,99.0,484.0
191765.0,0.0,-3.137,0.0,0.05449,0.0,0.0,-1.0,0.0,0.0,99.0,484.0
191776.0,0.0,-3.137,0.0,0.05449,0.0,0.0,-1.0,0.0,0.0,99.0,484.0
191786.0,0.0,-3.137,0.0,0.05449,0.0,0.0,-1.0,0.0,0.0,99.0,470.0
191796.0,0.0,-3.137,0.0,0.05449,0.0,0.0,-1.0,0.0,0.0,99.0,477.0
191806.0,0.0,-3.137,0.0,0.05449,0.0,0.0,-1.0,0.0,0.0,99.0,477.0
191817.0,0.0,-3.137,0.0,0.05449,0.0,0.0,-1.0,0.0,0.0,99.0,470.0
191827.0,0.0,-3.137,0.0,0.05449,0.0,0.0,-1.0,0.0,0.0,99.0,470.0
191837.0,0.0,-3.137,0.0,0.05449,0.0,0.0,-1.0,0.0,0.0,99.0,477.0
191847.0,0.0,-3.137,0.0,0.05449,0.0,0.0,-1.0,0.0,0.0,99.0,477.0
191857.0,0.0,-3.137,0.0,0.05449,0.0,0.0,-1.0,0.0,0.0,99.0,477.0
191867.0,0.0,-3.137,0.0,0.05449,0.0,0.0,-1.0,0.0,0.0,99.0,477.0
191878.0,0.0,-3.137,0.0,0.05449,0.0,0.0,-1.0,0.0,0.0,99.0,470.0
191888.0,0.0,-3.137,0.0,0.05449,0.0,0.0,-1.0,0.0,0.0,99.0,483.0
191898.0,0.0,-3.137,0.0,0.05449,0.0,0.0,-1.0,0.0,0.0,99.0,478.0
191908.0,0.0,-3.137,0.0,0.05449,0.0,0.0,-1.0,0.0,0.0,99.0,478.0
191918.0,0.0,-3.137,0.0,0.05449,0.0,0.0,-1.0,0.0,0.0,99.0,478.0
191929.0,0.0,-3.137,0.0,0.05449,0.0,0.0,-1.0,0.0,0.0,99.0,470.0
191939.0,0.0,-3.137,0.0,0.05449,0.0,0.0,-1.0,0.0,0.0,99.0,485.0
191949.0,0.0,-3.137,0.0,0.05449,0.0,0.0,-1.0,0.0,0.0,99.0,477.0
191959.0,0.0,-3.137,0.0,0.05449,0.0,0.0,-1.0,0.0,0.0,99.0,477.0
191970.0,0.0,-3.137,0.0,0.05449,0.0,0.0,-1.0,0.0,0.0,99.0,470.0
191980.0,0.0,-3.137,0.0,0.05449,0.0,0.0,-1.0,0.0,0.0,99.0,470.0
191990.0,0.0,-3.137,0.0,0.05449,0.0,0.0,-1.0,0.0,0.0,99.0,478.0
192000.0,0.0,-3.137,0.0,0.05449,0.0,0.0,-1.0,0.0,0.0,99.0,478.0
192010.0,0.0,-3.137,0.0,0.05449,0.0,0.0,-1.0,0.0,0.0,99.0,476.0
192021.0,0.0,-3.137,0.0,0.05449,0.0,0.0,-1.0,0.0,0.0,99.0,484.0
192031.0,0.0,-3.137,0.0,0.05449,0.0,0.0,-1.0,0.0,0.0,99.0,478.0
192041.0,0.0,-3.137,0.0,0.05449,0.0,0.0,-1.0,0.0,0.0,99.0,478.0
192051.0,0.0,-3.137,0.0,0.05449,0.0,0.0,-1.0,0.0,0.0,99.0,478.0
192061.0,0.0,-3.137,0.0,0.05449,0.0,0.0,-1.0,0.0,0.0,99.0,470.0
192071.0,0.0,-3.137,0.0,0.05449,0.0,0.0,-1.0,0.0,0.0,99.0,476.0
192081.0,0.0,-3.137,0.0,0.05449,0.0,0.0,-1.0,0.0,0.0,99.0,479.0
192092.0,0.0,-3.137,0.0,0.05449,0.0,0.0,-1.0,0.0,0.0,99.0,477.0
192102.0,0.0,-3.137,0.0,0.05449,0.0,0.0,-1.0,0.0,0.0,99.0,478.0
192112.0,0.0,-3.137,0.0,0.05449,0.0,0.0,-1.0,0.0,0.0,99.0,484.0
192122.0,0.0,-3.137,0.0,0.05449,0.0,0.0,-1.0,0.0,0.0,99.0,484.0
192132.0,0.0,-3.137,0.0,0.05449,0.0,0.0,-1.0,0.0,0.0,99.0,484.0
192143.0,0.0,-3.137,0.0,0.05449,0.0,0.0,-1.0,0.0,0.0,99.0,478.0
192153.0,0.0,-3.137,0.0,0.05449,0.0,0.0,-1.0,0.0,0.0,99.0,485.0
192163.0,0.0,-3.137,0.0,0.05449,0.0,0.0,-1.0,0.0,0.0,99.0,485.0
192173.0,0.0,-3.137,0.0,0.05449,0.0,0.0,-1.0,0.0,0.0,99.0,484.0
192184.0,0.0,-3.137,0.0,0.05449,0.0,0.0,-1.0,0.0,0.0,99.0,477.0
192194.0,0.0,-3.137,0.0,0.05449,0.0,0.0,-1.0,0.0,0.0,99.0,485.0
192204.0,0.0,-3.137,0.0,0.05449,0.0,0.0,-1.0,0.0,0.0,99.0,478.0
192214.0,0.0,-3.137,0.0,0.05449,0.0,0.0,-1.0,0.0,0.0,99.0,485.0
192224.0,0.0,-3.137,0.0,0.05449,0.0,0.0,-1.0,0.0,0.0,99.0,484.0
192235.0,0.0,-3.137,0.0,0.05449,0.0,0.0,-1.0,0.0,0.0,99.0,484.0
192245.0,0.0,-3.137,0.0,0.05449,0.0,0.0,-1.0,0.0,0.0,99.0,476.0
192255.0,0.0,-3.137,0.0,0.05449,0.0,0.0,-1.0,0.0,0.0,99.0,476.0
192265.0,0.0,-3.137,0.0,0.05449,0.0,0.0,-1.0,0.0,0.0,99.0,485.0
192275.0,0.0,-3.137,0.0,0.05449,0.0,0.0,-1.0,0.0,0.0,99.0,484.0
192286.0,0.0,-3.137,0.0,0.05449,0.0,0.0,-1.0,0.0,0.0,99.0,470.0
192296.0,0.0,-3.137,0.0,0.05449,0.0,0.0,-1.0,0.0,0.0,99.0,477.0
192306.0,0.0,-3.137,0.0,0.05449,0.0,0.0,-1.0,0.0,0.0,99.0,485.0
192316.0,0.0,-3.137,0.0,0.05449,0.0,0.0,-1.0,0.0,0.0,99.0,470.0
192327.0,0.0,-3.137,0.0,0.05449,0.0,0.0,-1.0,0.0,0.0,99.0,478.0
192337.0,0.0,-3.137,0.0,0.05449,0.0,0.0,-1.0,0.0,0.0,99.0,484.0
192347.0,0.0,-3.137,0.0,0.05449,0.0,0.0,-1.0,0.0,0.0,99.0,477.0
192357.0,0.0,-3.137,0.0,0.05449,0.0,0.0,-1.0,0.0,0.0,99.0,485.0
192367.0,0.0,-3.137,0.0,0.05449,0.0,0.0,-1.0,0.0,0.0,99.0,476.0
192377.0,0.0,-3.137,0.0,0.05449,0.0,0.0,-1.0,0.0,0.0,99.0,485.0
192387.0,0.0,-3.137,0.0,0.05449,0.0,0.0,-1.0,0.0,0.0,99.0,484.0
192398.0,0.0,-3.137,0.0,0.05449,0.0,0.0,-1.0,0.0,0.0,99.0,477.0
192408.0,0.0,-3.137,0.0,0.05449,0.0,0.0,-1.0,0.0,0.0,99.0,477.0
192418.0,0.0,-3.137,0.0,0.05449,0.0,0.0,-1.0,0.0,0.0,99.0,477.0
192428.0,0.0,-3.137,0.0,0.05449,0.0,0.0,-1.0,0.0,0.0,99.0,470.0
192438.0,0.0,-3.137,0.0,0.05449,0.0,0.0,-1.0,0.0,0.0,99.0,470.0
192448.0,0.0,-3.137,0.0,0.05449,0.0,0.0,-1.0,0.0,0.0,99.0,478.0
192458.0,0.0,-3.137,0.0,0.05449,0.0,0.0,-1.0,0.0,0.0,99.0,477.0
192468.0,0.0,-3.137,0.0,0.05449,0.0,0.0,-1.0,0.0,0.0,99.0,484.0
192479.0,0.0,-3.137,0.0,0.05449,0.0,0.0,-1.0,0.0,0.0,99.0,478.0
192489.0,0.0,-3.137,0.0,0.05449,0.0,0.0,-1.0,0.0,0.0,99.0,485.0
192499.0,0.0,-3.137,0.0,0.05449,0.0,0.0,-1.0,0.0,0.0,99.0,483.0
192509.0,0.0,-3.137,0.0,0.05449,0.0,0.0,-1.0,0.0,0.0,99.0,470.0
192520.0,0.0,-3.137,0.0,0.05449,0.0,0.0,-1.0,0.0,0.0,99.0,478.0
192530.0,0.0,-3.137,0.0,0.05449,0.0,0.0,-1.0,0.0,0.0,99.0,478.0
192540.0,0.0,-3.137,0.0,0.05449,0.0,0.0,-1.0,0.0,0.0,99.0,484.0
192550.0,0.0,-3.137,0.0,0.05449,0.0,0.0,-1.0,0.0,0.0,99.0,478.0
192560.0,0.0,-3.137,0.0,0.05449,0.0,0.0,-1.0,0.0,0.0,99.0,477.0
192571.0,0.0,-3.137,0.0,0.05449,0.0,0.0,-1.0,0.0,0.0,99.0,470.0
192581.0,0.0,-3.137,0.0,0.05449,0.0,0.0,-1.0,0.0,0.0,99.0,484.0
192591.0,0.0,-3.137,0.0,0.05449,0.0,0.0,-1.0,0.0,0.0,99.0,485.0
192601.0,0.0,-3.137,0.0,0.05449,0.0,0.0,-1.0,0.0,0.0,99.0,484.0
192612.0,0.0,-3.137,0.0,0.05449,0.0,0.0,-1.0,0.0,0.0,99.0,478.0
192622.0,0.0,-3.137,0.0,0.05449,0.0,0.0,-1.0,0.0,0.0,99.0,478.0
192632.0,0.0,-3.137,0.0,0.05449,0.0,0.0,-1.0,0.0,0.0,99.0,484.0
192642.0,0.0,-3.137,0.0,0.05449,0.0,0.0,-1.0,0.0,0.0,99.0,485.0
192652.0,0.0,-3.137,0.0,0.05449,0.0,0.0,-1.0,0.0,0.0,99.0,477.0
192662.0,0.0,-3.137,0.0,0.05449,0.0,0.0,-1.0,0.0,0.0,99.0,478.0
192673.0,0.0,-3.137,0.0,0.05449,0.0,0.0,-1.0,0.0,0.0,99.0,485.0
192683.0,0.0,-3.137,0.0,0.05449,0.0,0.0,-1.0,0.0,0.0,99.0,470.0
192693.0,0.0,-3.137,0.0,0.05449,0.0,0.0,-1.0,0.0,0.0,99.0,478.0
192703.0,0.0,-3.137,0.0,0.05449,0.0,0.0,-1.0,0.0,0.0,99.0,477.0
192713.0,0.0,-3.137,0.0,0.05449,0.0,0.0,-1.0,0.0,0.0,99.0,478.0
192724.0,0.0,-3.137,0.0,0.05449,0.0,0.0,-1.0,0.0,0.0,99.0,478.0
192734.0,0.0,-3.137,0.0,0.05449,0.0,0.0,-1.0,0.0,0.0,99.0,477.0
192744.0,0.0,-3.137,0.0,0.05449,0.0,0.0,-1.0,0.0,0.0,99.0,470.0
192754.0,0.0,-3.137,0.0,0.05449,0.0,0.0,-1.0,0.0,0.0,99.0,478.0
192764.0,0.0,-3.137,0.0,0.05449,0.0,0.0,-1.0,0.0,0.0,99.0,477.0
192774.0,0.0,-3.137,0.0,0.05449,0.0,0.0,-1.0,0.0,0.0,99.0,478.0
192785.0,0.0,-3.137,0.0,0.05449,0.0,0.0,-1.0,0.0,0.0,99.0,478.0
192795.0,0.0,-3.137,0.0,0.05449,0.0,0.0,-1.0,0.0,0.0,99.0,478.0
192805.0,0.0,-3.137,0.0,0.05449,0.0,0.0,-1.0,0.0,0.0,99.0,476.0
192815.0,0.0,-3.137,0.0,0.05449,0.0,0.0,-1.0,0.0,0.0,99.0,478.0
192825.0,0.0,-3.137,0.0,0.05449,0.0,0.0,-1.0,0.0,0.0,99.0,478.0
192835.0,0.0,-3.137,0.0,0.05449,0.0,0.0,-1.0,0.0,0.0,99.0,484.0
192845.0,0.0,-3.137,0.003,0.05449,0.0,0.0,-1.0,0.0,0.0,99.0,492.0
192855.0,0.0,-3.137,0.0,0.05449,0.0,0.0,-1.0,0.0,0.0,99.0,492.0
192866.0,0.0,-3.137,-0.001,0.05449,0.0,0.0,-1.0,0.0,0.0,99.0,485.0
192876.0,0.0,-3.137,-0.001,0.05449,0.0,0.0,-1.0,0.0,0.0,99.0,486.0
192886.0,0.0,-3.137,-0.001,0.05449,0.0,0.0,-1.0,0.0,0.0,99.0,491.0
192896.0,0.0,-3.137,-0.0,0.05449,0.0,0.0,-1.0,0.0,0.0,99.0,485.0
192907.0,0.0,-3.137,-0.0,0.05449,0.0,0.0,-1.0,0.0,0.0,99.0,485.0
192917.0,0.0,-3.137,-0.0,0.05449,0.0,0.0,-1.0,0.0,0.0,99.0,485.0
192927.0,0.0,-3.137,-0.0,0.05449,0.0,0.0,-1.0,0.0,0.0,99.0,491.0
192937.0,0.0,-3.137,-0.0,0.05449,0.0,0.0,-1.0,0.0,0.0,99.0,477.0
192947.0,0.0,-3.137,0.0,0.05449,0.0,0.0,-1.0,0.0,0.0,99.0,477.0
192957.0,0.0,-3.137,0.0,0.05449,0.0,0.0,-1.0,0.0,0.0,99.0,492.0
192967.0,0.0,-3.137,0.0,0.05449,0.0,0.0,-1.0,0.0,0.0,99.0,492.0
192978.0,0.0,-3.137,0.0,0.05449,0.0,0.0,-1.0,0.0,0.0,99.0,477.0
192988.0,0.0,-3.137,0.0,0.05449,0.0,0.0,-1.0,0.0,0.0,99.0,485.0
192998.0,0.0,-3.137,0.0,0.05449,0.0,0.0,-1.0,0.0,0.0,99.0,491.0
193008.0,0.0,-3.137,0.0,0.05449,0.0,0.0,-1.0,0.0,0.0,99.0,478.0
193019.0,0.0,-3.137,0.0,0.05449,0.0,0.0,-1.0,0.0,0.0,99.0,478.0
193029.0,0.0,-3.137,0.0,0.05449,0.0,0.0,-1.0,0.0,0.0,99.0,485.0
193039.0,0.0,-3.137,0.0,0.05449,0.0,0.0,-1.0,0.0,0.0,99.0,478.0
193049.0,0.0,-3.137,0.0,0.05449,0.0,0.0,-1.0,0.0,0.0,99.0,477.0
193060.0,0.0,-3.137,0.0,0.05449,0.0,0.0,-1.0,0.0,0.0,99.0,470.0
193070.0,0.0,-3.137,0.0,0.05449,0.0,0.0,-1.0,0.0,0.0,99.0,477.0
193080.0,0.0,-3.137,0.0,0.05449,0.0,0.0,-1.0,0.0,0.0,99.0,484.0
193090.0,0.0,-3.137,0.0,0.05449,0.0,0.0,-1.0,0.0,0.0,99.0,485.0
193100.0,0.0,-3.137,0.0,0.05449,0.0,0.0,-1.0,0.0,0.0,99.0,477.0
193111.0,0.0,-3.137,0.0,0.05449,0.0,0.0,-1.0,0.0,0.0,99.0,477.0
193121.0,0.0,-3.137,0.0,0.05449,0.0,0.0,-1.0,0.0,0.0,99.0,483.0
193131.0,0.0,-3.137,0.0,0.05449,0.0,0.0,-1.0,0.0,0.0,99.0,485.0
193141.0,0.0,-3.137,0.0,0.05449,0.0,0.0,-1.0,0.0,0.0,99.0,477.0
193151.0,0.0,-3.137,0.0,0.05449,0.0,0.0,-1.0,0.0,0.0,99.0,470.0
193162.0,0.0,-3.137,0.0,0.05449,0.0,0.0,-1.0,0.0,0.0,99.0,478.0
193172.0,0.0,-3.137,0.0,0.05449,0.0,0.0,-1.0,0.0,0.0,99.0,478.0
193182.0,0.0,-3.137,0.0,0.05449,0.0,0.0,-1.0,0.0,0.0,99.0,477.0
193192.0,0.0,-3.137,0.0,0.05449,0.0,0.0,-1.0,0.0,0.0,99.0,478.0
193202.0,0.0,-3.137,0.0,0.05449,0.0,0.0,-1.0,0.0,0.0,99.0,477.0
193212.0,0.0,-3.137,0.0,0.05449,0.0,0.0,-1.0,0.0,0.0,99.0,478.0
193222.0,0.0,-3.137,0.0,0.05449,0.0,0.0,-1.0,0.0,0.0,99.0,470.0
193232.0,0.0,-3.137,0.0,0.05449,0.0,0.0,-1.0,0.0,0.0,99.0,483.0
193243.0,0.0,-3.137,0.0,0.05449,0.0,0.0,-1.0,0.0,0.0,99.0,478.0
193253.0,0.0,-3.137,0.0,0.05449,0.0,0.0,-1.0,0.0,0.0,99.0,477.0
193263.0,0.0,-3.137,0.0,0.05449,0.0,0.0,-1.0,0.0,0.0,99.0,484.0
193273.0,0.0,-3.137,0.0,0.05449,0.0,0.0,-1.0,0.0,0.0,99.0,485.0
193283.0,0.0,-3.137,0.0,0.05449,0.0,0.0,-1.0,0.0,0.0,99.0,483.0
193294.0,0.0,-3.137,0.0,0.05449,0.0,0.0,-1.0,0.0,0.0,99.0,478.0
193304.0,0.0,-3.137,0.0,0.05449,0.0,0.0,-1.0,0.0,0.0,99.0,477.0
193314.0,0.0,-3.137,0.0,0.05449,0.0,0.0,-1.0,0.0,0.0,99.0,485.0
193324.0,0.0,-3.137,0.0,0.05449,0.0,0.0,-1.0,0.0,0.0,99.0,470.0
193335.0,0.0,-3.137,0.0,0.05449,0.0,0.0,-1.0,0.0,0.0,99.0,484.0
193345.0,0.0,-3.137,0.0,0.05449,0.0,0.0,-1.0,0.0,0.0,99.0,470.0
193355.0,0.0,-3.137,0.0,0.05449,0.0,0.0,-1.0,0.0,0.0,99.0,483.0
193365.0,0.0,-3.137,0.0,0.05449,0.0,0.0,-1.0,0.0,0.0,99.0,484.0
193375.0,0.0,-3.137,0.0,0.05449,0.0,0.0,-1.0,0.0,0.0,99.0,478.0
193386.0,0.0,-3.137,0.0,0.05449,0.0,0.0,-1.0,0.0,0.0,99.0,484.0
193396.0,0.0,-3.137,0.0,0.05449,0.0,0.0,-1.0,0.0,0.0,99.0,478.0
193406.0,0.0,-3.137,0.0,0.05449,0.0,0.0,-1.0,0.0,0.0,99.0,470.0
193417.0,0.0,-3.137,0.0,0.05449,0.0,0.0,-1.0,0.0,0.0,99.0,484.0
193427.0,0.0,-3.137,0.0,0.05449,0.0,0.0,-1.0,0.0,0.0,99.0,485.0
193437.0,0.0,-3.137,0.0,0.05449,0.0,0.0,-1.0,0.0,0.0,99.0,470.0
193447.0,0.0,-3.137,0.0,0.05449,0.0,0.0,-1.0,0.0,0.0,99.0,484.0
193457.0,0.0,-3.137,0.0,0.05449,0.0,0.0,-1.0,0.0,0.0,99.0,484.0
193468.0,0.0,-3.137,0.0,0.05449,0.0,0.0,-1.0,0.0,0.0,99.0,483.0
193478.0,0.0,-3.137,0.0,0.05449,0.0,0.0,-1.0,0.0,0.0,99.0,485.0
193488.0,0.0,-3.137,0.0,0.05449,0.0,0.0,-1.0,0.0,0.0,99.0,484.0
193498.0,0.0,-3.137,0.0,0.05449,0.0,0.0,-1.0,0.0,0.0,99.0,477.0
193508.0,0.0,-3.137,0.0,0.05449,0.0,0.0,-1.0,0.0,0.0,99.0,478.0
193519.0,0.0,-3.137,0.0,0.05449,0.0,0.0,-1.0,0.0,0.0,99.0,478.0
193529.0,0.0,-3.137,0.0,0.05449,0.0,0.0,-1.0,0.0,0.0,99.0,484.0
193539.0,0.0,-3.137,0.0,0.05449,0.0,0.0,-1.0,0.0,0.0,99.0,485.0
193549.0,0.0,-3.137,0.0,0.05449,0.0,0.0,-1.0,0.0,0.0,99.0,478.0
193560.0,0.0,-3.137,0.0,0.05449,0.0,0.0,-1.0,0.0,0.0,99.0,478.0
193570.0,0.0,-3.137,0.0,0.05449,0.0,0.0,-1.0,0.0,0.0,99.0,478.0
193580.0,0.0,-3.137,0.0,0.05449,0.0,0.0,-1.0,0.0,0.0,99.0,470.0
193591.0,0.0,-3.137,0.0,0.05449,0.0,0.0,-1.0,0.0,0.0,99.0,478.0
193601.0,0.0,-3.137,0.0,0.05449,0.0,0.0,-1.0,0.0,0.0,99.0,485.0
193611.0,0.0,-3.137,0.0,0.05449,0.0,0.0,-1.0,0.0,0.0,99.0,476.0
193621.0,0.0,-3.137,0.0,0.05449,0.0,0.0,-1.0,0.0,0.0,99.0,477.0
193631.0,0.0,-3.137,0.0,0.05449,0.0,0.0,-1.0,0.0,0.0,99.0,477.0
193641.0,0.0,-3.137,0.0,0.05449,0.0,0.0,-1.0,0.0,0.0,99.0,485.0
193651.0,0.0,-3.137,0.0,0.05449,0.0,0.0,-1.0,0.0,0.0,99.0,478.0
193662.0,0.0,-3.137,0.0,0.05449,0.0,0.0,-1.0,0.0,0.0,99.0,470.0
193672.0,0.0,-3.137,0.0,0.05449,0.0,0.0,-1.0,0.0,0.0,99.0,478.0
193682.0,0.0,-3.137,0.0,0.05449,0.0,0.0,-1.0,0.0,0.0,99.0,484.0
193692.0,0.0,-3.137,0.0,0.05449,0.0,0.0,-1.0,0.0,0.0,99.0,478.0
193703.0,0.0,-3.137,0.0,0.05449,0.0,0.0,-1.0,0.0,0.0,99.0,470.0
193713.0,0.0,-3.137,0.0,0.05449,0.0,0.0,-1.0,0.0,0.0,99.0,470.0
193723.0,0.0,-3.137,0.0,0.05449,0.0,0.0,-1.0,0.0,0.0,99.0,478.0
193733.0,0.0,-3.137,0.0,0.05449,0.0,0.0,-1.0,0.0,0.0,99.0,478.0
193743.0,0.0,-3.137,0.0,0.05449,0.0,0.0,-1.0,0.0,0.0,99.0,483.0
193753.0,0.0,-3.137,0.0,0.05449,0.0,0.0,-1.0,0.0,0.0,99.0,477.0
193763.0,0.0,-3.137,0.0,0.05449,0.0,0.0,-1.0,0.0,0.0,99.0,485.0
193773.0,0.0,-3.137,0.0,0.05449,0.0,0.0,-1.0,0.0,0.0,99.0,485.0
193783.0,0.0,-3.137,0.0,0.05449,0.0,0.0,-1.0,0.0,0.0,99.0,478.0
193794.0,0.0,-3.137,0.0,0.05449,0.0,0.0,-1.0,0.0,0.0,99.0,476.0
193804.0,0.0,-3.137,0.0,0.05449,0.0,0.0,-1.0,0.0,0.0,99.0,478.0
193814.0,0.0,-3.137,0.0,0.05449,0.0,0.0,-1.0,0.0,0.0,99.0,478.0
193824.0,0.0,-3.137,0.0,0.05449,0.0,0.0,-1.0,0.0,0.0,99.0,477.0
193834.0,0.0,-3.137,0.0,0.05449,0.0,0.0,-1.0,0.0,0.0,99.0,484.0
193845.0,0.0,-3.137,0.0,0.05449,0.0,0.0,-1.0,0.0,0.0,99.0,470.0
193855.0,0.0,-3.137,0.0,0.05449,0.0,0.0,-1.0,0.0,0.0,99.0,470.0
193865.0,0.0,-3.137,0.0,0.05449,0.0,0.0,-1.0,0.0,0.0,99.0,484.0
193875.0,0.0,-3.137,0.0,0.05449,0.0,0.0,-1.0,0.0,0.0,99.0,477.0
193885.0,0.0,-3.137,0.0,0.05449,0.0,0.0,-1.0,0.0,0.0,99.0,478.0
193895.0,0.0,-3.137,0.0,0.05449,0.0,0.0,-1.0,0.0,0.0,99.0,478.0
193906.0,0.0,-3.137,0.0,0.05449,0.0,0.0,-1.0,0.0,0.0,99.0,484.0
193916.0,0.0,-3.137,0.0,0.05449,0.0,0.0,-1.0,0.0,0.0,99.0,484.0
193926.0,0.0,-3.137,0.0,0.05449,0.0,0.0,-1.0,0.0,0.0,99.0,484.0
193936.0,0.0,-3.137,0.0,0.05449,0.0,0.0,-1.0,0.0,0.0,99.0,478.0
193946.0,0.0,-3.137,0.0,0.05449,0.0,0.0,-1.0,0.0,0.0,99.0,484.0
193957.0,0.0,-3.137,0.0,0.05449,0.0,0.0,-1.0,0.0,0.0,99.0,470.0
193967.0,0.0,-3.137,0.0,0.05449,0.0,0.0,-1.0,0.0,0.0,99.0,484.0
193977.0,0.0,-3.137,0.0,0.05449,0.0,0.0,-1.0,0.0,0.0,99.0,485.0
193987.0,0.0,-3.137,0.0,0.05449,0.0,0.0,-1.0,0.0,0.0,99.0,484.0
193997.0,0.0,-3.137,0.0,0.05449,0.0,0.0,-1.0,0.0,0.0,99.0,484.0
194008.0,0.0,-3.137,0.0,0.05449,0.0,0.0,-1.0,0.0,0.0,99.0,470.0
194018.0,0.0,-3.137,0.0,0.05449,0.0,0.0,-1.0,0.0,0.0,99.0,478.0
194028.0,0.0,-3.137,0.0,0.05449,0.0,0.0,-1.0,0.0,0.0,99.0,477.0
194038.0,0.0,-3.137,0.0,0.05449,0.0,0.0,-1.0,0.0,0.0,99.0,478.0
194048.0,0.0,-3.137,0.0,0.05449,0.0,0.0,-1.0,0.0,0.0,99.0,484.0
194059.0,0.0,-3.137,0.0,0.05449,0.0,0.0,-1.0,0.0,0.0,99.0,477.0
194069.0,0.0,-3.137,0.0,0.05449,0.0,0.0,-1.0,0.0,0.0,99.0,478.0
194079.0,0.0,-3.137,0.0,0.05449,0.0,0.0,-1.0,0.0,0.0,99.0,478.0
194089.0,0.0,-3.137,0.0,0.05449,0.0,0.0,-1.0,0.0,0.0,99.0,477.0
194099.0,0.0,-3.137,0.0,0.05449,0.0,0.0,-1.0,0.0,0.0,99.0,477.0
194110.0,0.0,-3.137,0.0,0.05449,0.0,0.0,-1.0,0.0,0.0,99.0,470.0
194120.0,0.0,-3.137,0.0,0.05449,0.0,0.0,-1.0,0.0,0.0,99.0,470.0
194130.0,0.0,-3.137,0.0,0.05449,0.0,0.0,-1.0,0.0,0.0,99.0,478.0
194140.0,0.0,-3.137,0.0,0.05449,0.0,0.0,-1.0,0.0,0.0,99.0,484.0
194150.0,0.0,-3.137,0.0,0.05449,0.0,0.0,-1.0,0.0,0.0,99.0,484.0
194161.0,0.0,-3.137,0.0,0.05449,0.0,0.0,-1.0,0.0,0.0,99.0,476.0
194171.0,0.0,-3.137,0.0,0.05449,0.0,0.0,-1.0,0.0,0.0,99.0,470.0
194181.0,0.0,-3.137,0.0,0.05449,0.0,0.0,-1.0,0.0,0.0,99.0,483.0
194191.0,0.0,-3.137,0.0,0.05449,0.0,0.0,-1.0,0.0,0.0,99.0,477.0
194202.0,0.0,-3.137,0.0,0.05449,0.0,0.0,-1.0,0.0,0.0,99.0,478.0
194212.0,0.0,-3.137,0.0,0.05449,0.0,0.0,-1.0,0.0,0.0,99.0,478.0
194222.0,0.0,-3.137,0.0,0.05449,0.0,0.0,-1.0,0.0,0.0,99.0,484.0
194232.0,0.0,-3.137,0.0,0.05449,0.0,0.0,-1.0,0.0,0.0,99.0,477.0
194243.0,0.0,-3.137,0.0,0.05449,0.0,0.0,-1.0,0.0,0.0,99.0,478.0
194253.0,0.0,-3.137,0.0,0.05449,0.0,0.0,-1.0,0.0,0.0,99.0,478.0
194263.0,0.0,-3.137,0.0,0.05449,0.0,0.0,-1.0,0.0,0.0,99.0,478.0
194273.0,0.0,-3.137,0.0,0.05449,0.0,0.0,-1.0,0.0,0.0,99.0,477.0
194284.0,0.0,-3.137,0.0,0.05449,0.0,0.0,-1.0,0.0,0.0,99.0,483.0
194294.0,0.0,-3.137,0.0,0.05449,0.0,0.0,-1.0,0.0,0.0,99.0,478.0
194304.0,0.0,-3.137,0.0,0.05449,0.0,0.0,-1.0,0.0,0.0,99.0,478.0
194314.0,0.0,-3.137,0.0,0.05449,0.0,0.0,-1.0,0.0,0.0,99.0,483.0
194325.0,0.0,-3.137,0.0,0.05449,0.0,0.0,-1.0,0.0,0.0,99.0,484.0
194335.0,0.0,-3.137,0.0,0.05449,0.0,0.0,-1.0,0.0,0.0,99.0,484.0
194345.0,0.0,-3.137,0.0,0.05449,0.0,0.0,-1.0,0.0,0.0,99.0,477.0
194355.0,0.0,-3.137,0.0,0.05449,0.0,0.0,-1.0,0.0,0.0,99.0,478.0
194365.0,0.0,-3.137,0.0,0.05449,0.0,0.0,-1.0,0.0,0.0,99.0,478.0
194375.0,0.0,-3.137,0.0,0.05449,0.0,0.0,-1.0,0.0,0.0,99.0,478.0
194385.0,0.0,-3.137,0.0,0.05449,0.0,0.0,-1.0,0.0,0.0,99.0,478.0
194396.0,0.0,-3.137,0.0,0.05449,0.0,0.0,-1.0,0.0,0.0,99.0,470.0
194406.0,0.0,-3.137,0.0,0.05449,0.0,0.0,-1.0,0.0,0.0,99.0,485.0
194416.0,0.0,-3.137,0.0,0.05449,0.0,0.0,-1.0,0.0,0.0,99.0,484.0
194426.0,0.0,-3.137,0.0,0.05449,0.0,0.0,-1.0,0.0,0.0,99.0,485.0
194436.0,0.0,-3.137,0.0,0.05449,0.0,0.0,-1.0,0.0,0.0,99.0,476.0
194447.0,0.0,-3.137,0.0,0.05449,0.0,0.0,-1.0,0.0,0.0,99.0,478.0
194457.0,0.0,-3.137,0.0,0.05449,0.0,0.0,-1.0,0.0,0.0,99.0,485.0
194467.0,0.0,-3.137,0.0,0.05449,0.0,0.0,-1.0,0.0,0.0,99.0,478.0
194477.0,0.0,-3.137,0.0,0.05449,0.0,0.0,-1.0,0.0,0.0,99.0,478.0
194487.0,0.0,-3.137,0.0,0.05449,0.0,0.0,-1.0,0.0,0.0,99.0,470.0
194497.0,0.0,-3.137,0.0,0.05449,0.0,0.0,-1.0,0.0,0.0,99.0,478.0
194508.0,0.0,-3.137,0.0,0.05449,0.0,0.0,-1.0,0.0,0.0,99.0,478.0
194518.0,0.0,-3.137,0.0,0.05449,0.0,0.0,-1.0,0.0,0.0,99.0,485.0
194528.0,0.0,-3.137,0.0,0.05449,0.0,0.0,-1.0,0.0,0.0,99.0,485.0
194538.0,0.0,-3.137,0.0,0.05449,0.0,0.0,-1.0,0.0,0.0,99.0,477.0
194549.0,0.0,-3.137,0.0,0.05449,0.0,0.0,-1.0,0.0,0.0,99.0,477.0
194559.0,0.0,-3.137,0.0,0.05449,0.0,0.0,-1.0,0.0,0.0,99.0,477.0
194569.0,0.0,-3.137,0.0,0.05449,0.0,0.0,-1.0,0.0,0.0,99.0,470.0
194579.0,0.0,-3.137,0.0,0.05449,0.0,0.0,-1.0,0.0,0.0,99.0,478.0
194589.0,0.0,-3.137,0.0,0.05449,0.0,0.0,-1.0,0.0,0.0,99.0,477.0
194600.0,0.0,-3.137,0.0,0.05449,0.0,0.0,-1.0,0.0,0.0,99.0,470.0
194610.0,0.0,-3.137,0.0,0.05449,0.0,0.0,-1.0,0.0,0.0,99.0,485.0
194620.0,0.0,-3.137,0.0,0.05449,0.0,0.0,-1.0,0.0,0.0,99.0,484.0
194630.0,0.0,-3.137,0.0,0.05449,0.0,0.0,-1.0,0.0,0.0,99.0,477.0
194641.0,0.0,-3.137,0.0,0.05449,0.0,0.0,-1.0,0.0,0.0,99.0,470.0
194651.0,0.0,-3.137,0.0,0.05449,0.0,0.0,-1.0,0.0,0.0,99.0,484.0
194661.0,0.0,-3.137,0.0,0.05449,0.0,0.0,-1.0,0.0,0.0,99.0,484.0
194671.0,0.0,-3.137,0.0,0.05449,0.0,0.0,-1.0,0.0,0.0,99.0,477.0
194681.0,0.0,-3.137,0.0,0.05449,0.0,0.0,-1.0,0.0,0.0,99.0,483.0
194691.0,0.0,-3.137,0.0,0.05449,0.0,0.0,-1.0,0.0,0.0,99.0,478.0
194702.0,0.0,-3.137,0.0,0.05449,0.0,0.0,-1.0,0.0,0.0,99.0,484.0
194712.0,0.0,-3.137,0.0,0.05449,0.0,0.0,-1.0,0.0,0.0,99.0,485.0
194722.0,0.0,-3.137,0.0,0.05449,0.0,0.0,-1.0,0.0,0.0,99.0,485.0
194732.0,0.0,-3.137,0.0,0.05449,0.0,0.0,-1.0,0.0,0.0,99.0,478.0
194742.0,0.0,-3.137,0.0,0.05449,0.0,0.0,-1.0,0.0,0.0,99.0,478.0
194753.0,0.0,-3.137,0.0,0.05449,0.0,0.0,-1.0,0.0,0.0,99.0,484.0
194763.0,0.0,-3.137,0.0,0.05449,0.0,0.0,-1.0,0.0,0.0,99.0,477.0
194773.0,0.0,-3.137,0.0,0.05449,0.0,0.0,-1.0,0.0,0.0,99.0,478.0
194783.0,0.0,-3.137,0.0,0.05449,0.0,0.0,-1.0,0.0,0.0,99.0,478.0
194793.0,0.0,-3.137,0.0,0.05449,0.0,0.0,-1.0,0.0,0.0,99.0,477.0
194803.0,0.0,-3.137,0.0,0.05449,0.0,0.0,-1.0,0.0,0.0,99.0,485.0
194813.0,0.0,-3.137,0.0,0.05449,0.0,0.0,-1.0,0.0,0.0,99.0,478.0
194824.0,0.0,-3.137,0.0,0.05449,0.0,0.0,-1.0,0.0,0.0,99.0,470.0
194834.0,0.0,-3.137,0.0,0.05449,0.0,0.0,-1.0,0.0,0.0,99.0,477.0
194844.0,0.0,-3.137,0.0,0.05449,0.0,0.0,-1.0,0.0,0.0,99.0,485.0
194854.0,0.0,-3.137,0.0,0.05449,0.0,0.0,-1.0,0.0,0.0,99.0,484.0
194864.0,0.0,-3.137,0.0,0.05449,0.0,0.0,-1.0,0.0,0.0,99.0,478.0
194874.0,0.0,-3.137,0.0,0.05449,0.0,0.0,-1.0,0.0,0.0,99.0,485.0
194885.0,0.0,-3.137,0.0,0.05449,0.0,0.0,-1.0,0.0,0.0,99.0,478.0
194895.0,0.0,-3.137,0.0,0.05449,0.0,0.0,-1.0,0.0,0.0,99.0,485.0
194905.0,0.0,-3.137,0.0,0.05449,0.0,0.0,-1.0,0.0,0.0,99.0,483.0
194915.0,0.0,-3.137,0.0,0.05449,0.0,0.0,-1.0,0.0,0.0,99.0,470.0
194925.0,0.0,-3.137,0.0,0.05449,0.0,0.0,-1.0,0.0,0.0,99.0,484.0
194936.0,0.0,-3.137,0.0,0.05449,0.0,0.0,-1.0,0.0,0.0,99.0,470.0
194946.0,0.0,-3.137,0.0,0.05449,0.0,0.0,-1.0,0.0,0.0,99.0,484.0
194956.0,0.0,-3.137,0.0,0.05449,0.0,0.0,-1.0,0.0,0.0,99.0,485.0
194966.0,0.0,-3.137,0.0,0.05449,0.0,0.0,-1.0,0.0,0.0,99.0,477.0
194977.0,0.0,-3.137,0.0,0.05449,0.0,0.0,-1.0,0.0,0.0,99.0,478.0
194987.0,0.0,-3.137,0.0,0.05449,0.0,0.0,-1.0,0.0,0.0,99.0,470.0
194997.0,0.0,-3.137,0.0,0.05449,0.0,0.0,-1.0,0.0,0.0,99.0,483.0
195007.0,0.0,-3.137,0.0,0.05449,0.0,0.0,-1.0,0.0,0.0,99.0,478.0
195017.0,0.0,-3.137,0.0,0.05449,0.0,0.0,-1.0,0.0,0.0,99.0,485.0
195027.0,0.0,-3.137,0.0,0.05449,0.0,0.0,-1.0,0.0,0.0,99.0,470.0
195038.0,0.0,-3.137,0.0,0.05449,0.0,0.0,-1.0,0.0,0.0,99.0,478.0
195048.0,0.0,-3.137,0.0,0.05449,0.0,0.0,-1.0,0.0,0.0,99.0,478.0
195058.0,0.0,-3.137,0.0,0.05449,0.0,0.0,-1.0,0.0,0.0,99.0,478.0
195068.0,0.0,-3.137,0.0,0.05449,0.0,0.0,-1.0,0.0,0.0,99.0,470.0
195078.0,0.0,-3.137,0.0,0.05449,0.0,0.0,-1.0,0.0,0.0,99.0,484.0
195089.0,0.0,-3.137,0.0,0.05449,0.0,0.0,-1.0,0.0,0.0,99.0,479.0
195099.0,0.0,-3.137,0.0,0.05449,0.0,0.0,-1.0,0.0,0.0,99.0,477.0
195109.0,0.0,-3.137,0.0,0.05449,0.0,0.0,-1.0,0.0,0.0,99.0,478.0
195119.0,0.0,-3.137,0.0,0.05449,0.0,0.0,-1.0,0.0,0.0,99.0,478.0
195130.0,0.0,-3.137,0.0,0.05449,0.0,0.0,-1.0,0.0,0.0,99.0,476.0
195140.0,0.0,-3.137,0.0,0.05449,0.0,0.0,-1.0,0.0,0.0,99.0,478.0
195150.0,0.0,-3.137,0.0,0.05449,0.0,0.0,-1.0,0.0,0.0,99.0,478.0
195160.0,0.0,-3.137,0.0,0.05449,0.0,0.0,-1.0,0.0,0.0,99.0,470.0
195170.0,0.0,-3.137,0.0,0.05449,0.0,0.0,-1.0,0.0,0.0,99.0,484.0
195181.0,0.0,-3.137,0.0,0.05449,0.0,0.0,-1.0,0.0,0.0,99.0,478.0
195191.0,0.0,-3.137,0.0,0.05449,0.0,0.0,-1.0,0.0,0.0,99.0,477.0
195201.0,0.0,-3.137,0.0,0.05449,0.0,0.0,-1.0,0.0,0.0,99.0,470.0
195211.0,0.0,-3.137,0.0,0.05449,0.0,0.0,-1.0,0.0,0.0,99.0,484.0
195222.0,0.0,-3.137,0.0,0.05449,0.0,0.0,-1.0,0.0,0.0,99.0,477.0
195232.0,0.0,-3.137,0.0,0.05449,0.0,0.0,-1.0,0.0,0.0,99.0,483.0
195242.0,0.0,-3.137,0.0,0.05449,0.0,0.0,-1.0,0.0,0.0,99.0,485.0
195252.0,0.0,-3.137,0.0,0.05449,0.0,0.0,-1.0,0.0,0.0,99.0,483.0
195262.0,0.0,-3.137,0.0,0.05449,0.0,0.0,-1.0,0.0,0.0,99.0,478.0
195272.0,0.0,-3.137,0.0,0.05449,0.0,0.0,-1.0,0.0,0.0,99.0,477.0
195283.0,0.0,-3.137,0.0,0.05449,0.0,0.0,-1.0,0.0,0.0,99.0,483.0
195293.0,0.0,-3.137,0.0,0.05449,0.0,0.0,-1.0,0.0,0.0,99.0,477.0
195303.0,0.0,-3.137,0.0,0.05449,0.0,0.0,-1.0,0.0,0.0,99.0,478.0
195313.0,0.0,-3.137,0.0,0.05449,0.0,0.0,-1.0,0.0,0.0,99.0,484.0
195323.0,0.0,-3.137,0.0,0.05449,0.0,0.0,-1.0,0.0,0.0,99.0,476.0
195333.0,0.0,-3.137,0.0,0.05449,0.0,0.0,-1.0,0.0,0.0,99.0,485.0
195343.0,0.0,-3.137,0.0,0.05449,0.0,0.0,-1.0,0.0,0.0,99.0,484.0
195354.0,0.0,-3.137,0.0,0.05449,0.0,0.0,-1.0,0.0,0.0,99.0,478.0
195364.0,0.0,-3.137,0.0,0.05449,0.0,0.0,-1.0,0.0,0.0,99.0,477.0
195374.0,0.0,-3.137,0.0,0.05449,0.0,0.0,-1.0,0.0,0.0,99.0,485.0
195384.0,0.0,-3.137,0.0,0.05449,0.0,0.0,-1.0,0.0,0.0,99.0,478.0
195394.0,0.0,-3.137,0.0,0.05449,0.0,0.0,-1.0,0.0,0.0,99.0,470.0
195404.0,0.0,-3.137,0.0,0.05449,0.0,0.0,-1.0,0.0,0.0,99.0,484.0
195415.0,0.0,-3.137,0.0,0.05449,0.0,0.0,-1.0,0.0,0.0,99.0,477.0
195425.0,0.0,-3.137,0.0,0.05449,0.0,0.0,-1.0,0.0,0.0,99.0,484.0
195435.0,0.0,-3.137,0.0,0.05449,0.0,0.0,-1.0,0.0,0.0,99.0,477.0
195445.0,0.0,-3.137,0.0,0.05449,0.0,0.0,-1.0,0.0,0.0,99.0,485.0
195455.0,0.0,-3.137,0.0,0.05449,0.0,0.0,-1.0,0.0,0.0,99.0,484.0
195466.0,0.0,-3.137,0.0,0.05449,0.0,0.0,-1.0,0.0,0.0,99.0,477.0
195476.0,0.0,-3.137,0.0,0.05449,0.0,0.0,-1.0,0.0,0.0,99.0,478.0
195486.0,0.0,-3.137,0.0,0.05449,0.0,0.0,-1.0,0.0,0.0,99.0,470.0
195496.0,0.0,-3.137,0.0,0.05449,0.0,0.0,-1.0,0.0,0.0,99.0,485.0
195506.0,0.0,-3.137,0.0,0.05449,0.0,0.0,-1.0,0.0,0.0,99.0,484.0
195517.0,0.0,-3.137,0.0,0.05449,0.0,0.0,-1.0,0.0,0.0,99.0,478.0
195527.0,0.0,-3.137,0.0,0.05449,0.0,0.0,-1.0,0.0,0.0,99.0,485.0
195537.0,0.0,-3.137,0.0,0.05449,0.0,0.0,-1.0,0.0,0.0,99.0,484.0
195547.0,0.0,-3.137,0.0,0.05449,0.0,0.0,-1.0,0.0,0.0,99.0,478.0
195558.0,0.0,-3.137,0.0,0.05449,0.0,0.0,-1.0,0.0,0.0,99.0,478.0
195568.0,0.0,-3.137,0.0,0.05449,0.0,0.0,-1.0,0.0,0.0,99.0,478.0
195578.0,0.0,-3.137,0.0,0.05449,0.0,0.0,-1.0,0.0,0.0,99.0,470.0
195588.0,0.0,-3.137,0.0,0.05449,0.0,0.0,-1.0,0.0,0.0,99.0,484.0
195598.0,0.0,-3.137,0.0,0.05449,0.0,0.0,-1.0,0.0,0.0,99.0,484.0
195608.0,0.0,-3.137,0.0,0.05449,0.0,0.0,-1.0,0.0,0.0,99.0,470.0
195619.0,0.0,-3.137,0.0,0.05449,0.0,0.0,-1.0,0.0,0.0,99.0,470.0
195629.0,0.0,-3.137,0.0,0.05449,0.0,0.0,-1.0,0.0,0.0,99.0,485.0
195639.0,0.0,-3.137,0.0,0.05449,0.0,0.0,-1.0,0.0,0.0,99.0,484.0
195649.0,0.0,-3.137,0.0,0.05449,0.0,0.0,-1.0,0.0,0.0,99.0,478.0
195660.0,0.0,-3.137,0.0,0.05449,0.0,0.0,-1.0,0.0,0.0,99.0,470.0
195670.0,0.0,-3.137,0.0,0.05449,0.0,0.0,-1.0,0.0,0.0,99.0,477.0
195680.0,0.0,-3.137,0.0,0.05449,0.0,0.0,-1.0,0.0,0.0,99.0,478.0
195690.0,0.0,-3.137,0.0,0.05449,0.0,0.0,-1.0,0.0,0.0,99.0,478.0
195700.0,0.0,-3.137,0.0,0.05449,0.0,0.0,-1.0,0.0,0.0,99.0,476.0
195710.0,0.0,-3.137,0.0,0.05449,0.0,0.0,-1.0,0.0,0.0,99.0,485.0
195721.0,0.0,-3.137,0.0,0.05449,0.0,0.0,-1.0,0.0,0.0,99.0,478.0
195731.0,0.0,-3.137,0.0,0.05449,0.0,0.0,-1.0,0.0,0.0,99.0,478.0
195741.0,0.0,-3.137,0.0,0.05449,0.0,0.0,-1.0,0.0,0.0,99.0,477.0
195751.0,0.0,-3.137,0.0,0.05449,0.0,0.0,-1.0,0.0,0.0,99.0,470.0
195761.0,0.0,-3.137,0.0,0.05449,0.0,0.0,-1.0,0.0,0.0,99.0,478.0
195772.0,0.0,-3.137,0.0,0.05449,0.0,0.0,-1.0,0.0,0.0,99.0,478.0
195782.0,0.0,-3.137,0.0,0.05449,0.0,0.0,-1.0,0.0,0.0,99.0,483.0
195792.0,0.0,-3.137,0.0,0.05449,0.0,0.0,-1.0,0.0,0.0,99.0,478.0
195802.0,0.0,-3.137,0.0,0.05449,0.0,0.0,-1.0,0.0,0.0,99.0,477.0
195812.0,0.0,-3.137,0.0,0.05449,0.0,0.0,-1.0,0.0,0.0,99.0,485.0
195822.0,0.0,-3.137,0.0,0.05449,0.0,0.0,-1.0,0.0,0.0,99.0,483.0
195832.0,0.0,-3.137,0.0,0.05449,0.0,0.0,-1.0,0.0,0.0,99.0,485.0
195842.0,0.0,-3.137,0.0,0.05449,0.0,0.0,-1.0,0.0,0.0,99.0,470.0
195852.0,0.0,-3.137,-0.003,0.05449,0.0,0.0,-1.0,0.0,0.0,99.0,485.0
195863.0,0.0,-3.137,-0.0,0.05449,0.0,0.0,-1.0,0.0,0.0,99.0,485.0
195873.0,0.0,-3.137,0.001,0.05449,0.0,0.0,-1.0,0.0,0.0,99.0,477.0
195883.0,0.0,-3.137,0.001,0.05449,0.0,0.0,-1.0,0.0,0.0,99.0,477.0
195893.0,0.0,-3.137,0.001,0.05449,0.0,0.0,-1.0,0.0,0.0,99.0,483.0
195904.0,0.0,-3.137,0.0,0.05449,0.0,0.0,-1.0,0.0,0.0,99.0,485.0
195914.0,0.0,-3.137,0.0,0.05449,0.0,0.0,-1.0,0.0,0.0,99.0,492.0
195924.0,0.0,-3.137,0.0,0.05449,0.0,0.0,-1.0,0.0,0.0,99.0,485.0
195934.0,0.0,-3.137,0.0,0.05449,0.0,0.0,-1.0,0.0,0.0,99.0,478.0
195945.0,0.0,-3.137,0.0,0.05449,0.0,0.0,-1.0,0.0,0.0,99.0,477.0
195955.0,0.0,-3.137,0.0,0.05449,0.0,0.0,-1.0,0.0,0.0,99.0,492.0
195965.0,0.0,-3.137,-0.0,0.05449,0.0,0.0,-1.0,0.0,0.0,99.0,478.0
195975.0,0.0,-3.137,-0.0,0.05449,0.0,0.0,-1.0,0.0,0.0,99.0,477.0
195985.0,0.0,-3.137,-0.0,0.05449,0.0,0.0,-1.0,0.0,0.0,99.0,484.0
195995.0,0.0,-3.137,-0.0,0.05449,0.0,0.0,-1.0,0.0,0.0,99.0,485.0
196005.0,0.0,-3.137,-0.0,0.05449,0.0,0.0,-1.0,0.0,0.0,99.0,492.0
196015.0,0.0,-3.137,-0.0,0.05449,0.0,0.0,-1.0,0.0,0.0,99.0,478.0
196026.0,0.0,-3.137,-0.0,0.05449,0.0,0.0,-1.0,0.0,0.0,99.0,478.0
196036.0,0.0,-3.137,-0.0,0.05449,0.0,0.0,-1.0,0.0,0.0,99.0,483.0
196046.0,0.0,-3.137,-0.0,0.05449,0.0,0.0,-1.0,0.0,0.0,99.0,485.0
196056.0,0.0,-3.137,-0.0,0.05449,0.0,0.0,-1.0,0.0,0.0,99.0,485.0
196066.0,0.0,-3.137,-0.0,0.05449,0.0,0.0,-1.0,0.0,0.0,99.0,484.0
196077.0,0.0,-3.137,-0.0,0.05449,0.0,0.0,-1.0,0.0,0.0,99.0,479.0
