t_ms,mode,theta,theta_dot,x,v,accel,energy,z1,z2,agc,loop_us
6430.0,0.0,3.1416,-0.001,0.0,0.0,0.0,-1.0,0.0,0.0,106.0,576.0
6441.0,0.0,-3.1401,0.005,0.0,0.0,0.0,-1.0,0.0,0.0,106.0,569.0
6451.0,0.0,3.1416,0.0,0.0,0.0,0.0,-1.0,0.0,0.0,106.0,557.0
6461.0,0.0,3.1416,-0.001,0.0,0.0,0.0,-1.0,0.0,0.0,106.0,569.0
6472.0,0.0,3.1416,-0.001,0.0,0.0,0.0,-1.0,0.0,0.0,106.0,555.0
6482.0,0.0,3.1416,0.0,0.0,0.0,0.0,-1.0,0.0,0.0,106.0,572.0
6492.0,0.0,3.1416,0.001,0.0,0.0,0.0,-1.0,0.0,0.0,106.0,556.0
6502.0,0.0,3.1416,-0.002,0.0,0.0,0.0,-1.0,0.0,0.0,106.0,577.0
6513.0,0.0,3.1416,-0.002,0.0,0.0,0.0,-1.0,0.0,0.0,106.0,570.0
6523.0,0.0,3.1416,-0.002,0.0,0.0,0.0,-1.0,0.0,0.0,106.0,563.0
6533.0,0.0,3.1416,-0.001,0.0,0.0,0.0,-1.0,0.0,0.0,106.0,562.0
6543.0,0.0,3.1416,-0.001,0.0,0.0,0.0,-1.0,0.0,0.0,106.0,555.0
6553.0,0.0,3.1416,-0.0,0.0,0.0,0.0,-1.0,0.0,0.0,106.0,570.0
6564.0,0.0,3.1416,-0.0,0.0,0.0,0.0,-1.0,0.0,0.0,106.0,564.0
6574.0,0.0,3.1416,-0.0,0.0,0.0,0.0,-1.0,0.0,0.0,106.0,571.0
6584.0,0.0,3.1416,-0.0,0.0,0.0,0.0,-1.0,0.0,0.0,106.0,555.0
6594.0,0.0,3.1416,-0.0,0.0,0.0,0.0,-1.0,0.0,0.0,106.0,562.0
6604.0,0.0,3.1416,0.002,0.0,0.0,0.0,-1.0,0.0,0.0,106.0,571.0
6615.0,0.0,3.1416,-0.0,0.0,0.0,0.0,-1.0,0.0,0.0,106.0,576.0
6625.0,0.0,3.1416,-0.001,0.0,0.0,0.0,-1.0,0.0,0.0,106.0,561.0
6635.0,0.0,3.1416,-0.001,0.0,0.0,0.0,-1.0,0.0,0.0,106.0,563.0
6645.0,0.0,3.1416,0.005,0.0,0.0,0.0,-1.0,0.0,0.0,106.0,572.0
6656.0,0.0,3.1416,0.0,0.0,0.0,0.0,-1.0,0.0,0.0,106.0,565.0
6666.0,0.0,3.1416,-0.001,0.0,0.0,0.0,-1.0,0.0,0.0,106.0,562.0
6676.0,0.0,3.1416,-0.001,0.0,0.0,0.0,-1.0,0.0,0.0,106.0,563.0
6687.0,0.0,3.1416,-0.001,0.0,0.0,0.0,-1.0,0.0,0.0,106.0,562.0
6697.0,0.0,-3.1401,0.005,0.0,0.0,0.0,-1.0,0.0,0.0,106.0,577.0
6707.0,0.0,3.1416,0.0,0.0,0.0,0.0,-1.0,0.0,0.0,106.0,549.0
6717.0,0.0,3.1416,-0.001,0.0,0.0,0.0,-1.0,0.0,0.0,106.0,562.0
6727.0,0.0,3.1416,-0.001,0.0,0.0,0.0,-1.0,0.0,0.0,106.0,562.0
6737.0,0.0,3.1416,0.003,0.0,0.0,0.0,-1.0,0.0,0.0,106.0,564.0
6788.0,0.0,3.1416,-0.001,0.0,0.0,0.0,-1.0,0.0,0.0,106.0,688.0
6798.0,0.0,3.1416,0.003,0.0,0.0,0.0,-1.0,0.0,0.0,106.0,571.0
6808.0,0.0,3.1416,0.001,0.0,0.0,0.0,-1.0,0.0,0.0,106.0,549.0
6818.0,0.0,3.1416,-0.002,0.0,0.0,0.0,-1.0,0.0,0.0,106.0,562.0
6829.0,0.0,3.1416,-0.003,0.0,0.0,0.0,-1.0,0.0,0.0,106.0,562.0
6839.0,0.0,3.1416,-0.002,0.0,0.0,0.0,-1.0,0.0,0.0,106.0,562.0
6849.0,0.0,3.1416,-0.001,0.0,0.0,0.0,-1.0,0.0,0.0,106.0,562.0
6859.0,0.0,3.1416,-0.001,0.0,0.0,0.0,-1.0,0.0,0.0,106.0,556.0
6869.0,0.0,3.1416,-0.001,0.0,0.0,0.0,-1.0,0.0,0.0,106.0,570.0
6879.0,0.0,3.1416,0.003,0.0,0.0,0.0,-1.0,0.0,0.0,106.0,563.0
6889.0,0.0,3.1416,-0.001,0.0,0.0,0.0,-1.0,0.0,0.0,106.0,570.0
6900.0,0.0,3.1416,0.003,0.0,0.0,0.0,-1.0,0.0,0.0,106.0,563.0
6910.0,0.0,3.1416,-0.001,0.0,0.0,0.0,-1.0,0.0,0.0,106.0,577.0
6920.0,0.0,3.1416,0.002,0.0,0.0,0.0,-1.0,0.0,0.0,106.0,571.0
6931.0,0.0,3.1416,-0.001,0.0,0.0,0.0,-1.0,0.0,0.0,106.0,577.0
6941.0,0.0,3.1416,0.0,0.0,0.0,0.0,-1.0,0.0,0.0,106.0,556.0
6951.0,0.0,3.1416,-0.002,0.0,0.0,0.0,-1.0,0.0,0.0,106.0,577.0
6962.0,0.0,3.1416,-0.002,0.0,0.0,0.0,-1.0,0.0,0.0,106.0,562.0
6972.0,0.0,3.1416,0.001,0.0,0.0,0.0,-1.0,0.0,0.0,106.0,565.0
6982.0,0.0,3.1416,-0.001,0.0,0.0,0.0,-1.0,0.0,0.0,106.0,563.0
6992.0,0.0,-3.1401,0.005,0.0,0.0,0.0,-1.0,0.0,0.0,106.0,570.0
7002.0,0.0,3.1416,-0.0,0.0,0.0,0.0,-1.0,0.0,0.0,106.0,571.0
7013.0,0.0,3.1416,-0.001,0.0,0.0,0.0,-1.0,0.0,0.0,106.0,576.0
7023.0,0.0,3.1416,0.006,0.0,0.0,0.0,-1.0,0.0,0.0,106.0,563.0
7033.0,0.0,3.1416,-0.001,0.0,0.0,0.0,-1.0,0.0,0.0,106.0,571.0
7044.0,0.0,3.1416,-0.002,0.0,0.0,0.0,-1.0,0.0,0.0,106.0,576.0
7054.0,0.0,3.1416,-0.002,0.0,0.0,0.0,-1.0,0.0,0.0,106.0,556.0
7064.0,0.0,3.1416,-0.002,0.0,0.0,0.0,-1.0,0.0,0.0,106.0,570.0
7074.0,0.0,3.1416,0.002,0.0,0.0,0.0,-1.0,0.0,0.0,106.0,571.0
7085.0,0.0,3.1416,-0.001,0.0,0.0,0.0,-1.0,0.0,0.0,106.0,576.0
7095.0,0.0,3.1416,0.002,0.0,0.0,0.0,-1.0,0.0,0.0,106.0,549.0
7105.0,0.0,3.1416,0.002,0.0,0.0,0.0,-1.0,0.0,0.0,106.0,555.0
7115.0,0.0,3.1416,0.001,0.0,0.0,0.0,-1.0,0.0,0.0,106.0,571.0
7126.0,0.0,3.1416,-0.002,0.0,0.0,0.0,-1.0,0.0,0.0,106.0,577.0
7136.0,0.0,3.1416,-0.003,0.0,0.0,0.0,-1.0,0.0,0.0,106.0,562.0
7146.0,0.0,3.1416,-0.0,0.0,0.0,0.0,-1.0,0.0,0.0,106.0,565.0
7156.0,0.0,3.1416,-0.002,0.0,0.0,0.0,-1.0,0.0,0.0,106.0,576.0
7167.0,0.0,3.1416,-0.002,0.0,0.0,0.0,-1.0,0.0,0.0,106.0,570.0
7177.0,0.0,3.1416,0.001,0.0,0.0,0.0,-1.0,0.0,0.0,106.0,572.0
7187.0,0.0,3.1416,0.0,0.0,0.0,0.0,-1.0,0.0,0.0,106.0,557.0
7197.0,0.0,3.1416,-0.002,0.0,0.0,0.0,-1.0,0.0,0.0,106.0,562.0
7208.0,0.0,3.1416,-0.002,0.0,0.0,0.0,-1.0,0.0,0.0,106.0,562.0
7218.0,0.0,3.1416,-0.002,0.0,0.0,0.0,-1.0,0.0,0.0,106.0,562.0
7228.0,0.0,3.1416,0.004,0.0,0.0,0.0,-1.0,0.0,0.0,106.0,572.0
7238.0,0.0,3.1416,-0.0,0.0,0.0,0.0,-1.0,0.0,0.0,106.0,577.0
7249.0,0.0,3.1416,-0.001,0.0,0.0,0.0,-1.0,0.0,0.0,106.0,569.0
7259.0,0.0,3.1416,-0.001,0.0,0.0,0.0,-1.0,0.0,0.0,106.0,572.0
7269.0,0.0,3.1416,-0.001,0.0,0.0,0.0,-1.0,0.0,0.0,106.0,562.0
7279.0,0.0,3.1416,-0.001,0.0,0.0,0.0,-1.0,0.0,0.0,106.0,570.0
7289.0,0.0,3.1416,-0.0,0.0,0.0,0.0,-1.0,0.0,0.0,106.0,570.0
7300.0,0.0,3.1416,-0.0,0.0,0.0,0.0,-1.0,0.0,0.0,106.0,570.0
7310.0,0.0,3.1416,-0.0,0.0,0.0,0.0,-1.0,0.0,0.0,106.0,571.0
7320.0,0.0,3.1416,0.002,0.0,0.0,0.0,-1.0,0.0,0.0,106.0,556.0
7330.0,0.0,3.1416,-0.0,0.0,0.0,0.0,-1.0,0.0,0.0,106.0,576.0
7341.0,0.0,3.1416,-0.001,0.0,0.0,0.0,-1.0,0.0,0.0,106.0,562.0
7351.0,0.0,3.1416,-0.001,0.0,0.0,0.0,-1.0,0.0,0.0,106.0,556.0
7361.0,0.0,3.1416,-0.001,0.0,0.0,0.0,-1.0,0.0,0.0,106.0,562.0
7371.0,0.0,3.1416,-0.0,0.0,0.0,0.0,-1.0,0.0,0.0,106.0,570.0
7382.0,0.0,3.1416,-0.0,0.0,0.0,0.0,-1.0,0.0,0.0,106.0,562.0
7392.0,0.0,3.1416,0.004,0.0,0.0,0.0,-1.0,0.0,0.0,106.0,558.0
7402.0,0.0,3.1416,0.0,0.0,0.0,0.0,-1.0,0.0,0.0,106.0,563.0
7412.0,0.0,3.1416,-0.001,0.0,0.0,0.0,-1.0,0.0,0.0,106.0,576.0
7422.0,0.0,3.1416,-0.001,0.0,0.0,0.0,-1.0,0.0,0.0,106.0,562.0
7432.0,0.0,3.1416,-0.001,0.0,0.0,0.0,-1.0,0.0,0.0,106.0,563.0
7442.0,0.0,3.1416,-0.003,0.0,0.0,0.0,-1.0,0.0,0.0,106.0,563.0
7453.0,0.0,3.1416,-0.0,0.0,0.0,0.0,-1.0,0.0,0.0,106.0,563.0
7463.0,0.0,3.1416,0.001,0.0,0.0,0.0,-1.0,0.0,0.0,106.0,562.0
7473.0,0.0,3.1416,0.001,0.0,0.0,0.0,-1.0,0.0,0.0,106.0,577.0
7484.0,0.0,3.1416,0.001,0.0,0.0,0.0,-1.0,0.0,0.0,106.0,562.0
7494.0,0.0,3.1416,0.0,0.0,0.0,0.0,-1.0,0.0,0.0,106.0,569.0
7504.0,0.0,3.1416,0.0,0.0,0.0,0.0,-1.0,0.0,0.0,106.0,578.0
7514.0,0.0,3.1416,0.0,0.0,0.0,0.0,-1.0,0.0,0.0,106.0,563.0
7524.0,0.0,3.1416,0.002,0.0,0.0,0.0,-1.0,0.0,0.0,106.0,571.0
7535.0,0.0,3.1416,-0.0,0.0,0.0,0.0,-1.0,0.0,0.0,106.0,577.0
7545.0,0.0,3.1416,-0.001,0.0,0.0,0.0,-1.0,0.0,0.0,106.0,561.0
7555.0,0.0,3.1416,0.004,0.0,0.0,0.0,-1.0,0.0,0.0,106.0,571.0
7566.0,0.0,3.1416,0.004,0.0,0.0,0.0,-1.0,0.0,0.0,106.0,572.0
7576.0,0.0,3.1416,-0.001,0.0,0.0,0.0,-1.0,0.0,0.0,106.0,563.0
7586.0,0.0,3.1416,-0.002,0.0,0.0,0.0,-1.0,0.0,0.0,106.0,570.0
7596.0,0.0,3.1416,0.002,0.0,0.0,0.0,-1.0,0.0,0.0,106.0,571.0
7607.0,0.0,3.1416,-0.001,0.0,0.0,0.0,-1.0,0.0,0.0,106.0,562.0
7617.0,0.0,3.1416,0.003,0.0,0.0,0.0,-1.0,0.0,0.0,106.0,556.0
7627.0,0.0,3.1416,-0.001,0.0,0.0,0.0,-1.0,0.0,0.0,106.0,576.0
7638.0,0.0,3.1416,-0.002,0.0,0.0,0.0,-1.0,0.0,0.0,106.0,563.0
7648.0,0.0,3.1416,-0.0,0.0,0.0,0.0,-1.0,0.0,0.0,106.0,557.0
7658.0,0.0,3.1416,-0.002,0.0,0.0,0.0,-1.0,0.0,0.0,106.0,576.0
7668.0,0.0,3.1416,-0.002,0.0,0.0,0.0,-1.0,0.0,0.0,106.0,556.0
7678.0,0.0,3.1416,-0.001,0.0,0.0,0.0,-1.0,0.0,0.0,106.0,562.0
7688.0,0.0,3.1416,-0.001,0.0,0.0,0.0,-1.0,0.0,0.0,106.0,570.0
7699.0,0.0,3.1416,-0.001,0.0,0.0,0.0,-1.0,0.0,0.0,106.0,562.0
7709.0,0.0,3.1416,0.001,0.0,0.0,0.0,-1.0,0.0,0.0,106.0,556.0
7719.0,0.0,3.1416,-0.001,0.0,0.0,0.0,-1.0,0.0,0.0,106.0,576.0
7730.0,0.0,3.1416,-0.001,0.0,0.0,0.0,-1.0,0.0,0.0,106.0,562.0
7740.0,0.0,3.1416,-0.001,0.0,0.0,0.0,-1.0,0.0,0.0,106.0,563.0
7750.0,0.0,3.1416,-0.001,0.0,0.0,0.0,-1.0,0.0,0.0,106.0,570.0
7760.0,0.0,3.1416,-0.0,0.0,0.0,0.0,-1.0,0.0,0.0,106.0,569.0
7770.0,0.0,3.1416,-0.0,0.0,0.0,0.0,-1.0,0.0,0.0,106.0,562.0
7780.0,0.0,3.1416,-0.0,0.0,0.0,0.0,-1.0,0.0,0.0,106.0,570.0
7791.0,0.0,3.1416,-0.0,0.0,0.0,0.0,-1.0,0.0,0.0,106.0,564.0
7801.0,0.0,3.1416,-0.0,0.0,0.0,0.0,-1.0,0.0,0.0,106.0,562.0
7811.0,0.0,3.1416,0.0,0.0,0.0,0.0,-1.0,0.0,0.0,106.0,562.0
7821.0,0.0,3.1416,0.008,0.0,0.0,0.0,-1.0,0.0,0.0,106.0,562.0
7831.0,0.0,3.1416,0.001,0.0,0.0,0.0,-1.0,0.0,0.0,106.0,572.0
7842.0,0.0,3.1416,-0.001,0.0,0.0,0.0,-1.0,0.0,0.0,106.0,569.0
7852.0,0.0,3.1416,-0.002,0.0,0.0,0.0,-1.0,0.0,0.0,106.0,562.0
7862.0,0.0,3.1416,-0.001,0.0,0.0,0.0,-1.0,0.0,0.0,106.0,563.0
7872.0,0.0,3.1416,0.001,0.0,0.0,0.0,-1.0,0.0,0.0,106.0,571.0
7883.0,0.0,3.1416,-0.001,0.0,0.0,0.0,-1.0,0.0,0.0,106.0,569.0
7893.0,0.0,3.1416,-0.001,0.0,0.0,0.0,-1.0,0.0,0.0,106.0,556.0
7903.0,0.0,3.1416,-0.001,0.0,0.0,0.0,-1.0,0.0,0.0,106.0,562.0
7914.0,0.0,3.1416,-0.001,0.0,0.0,0.0,-1.0,0.0,0.0,106.0,555.0
7924.0,0.0,3.1416,-0.0,0.0,0.0,0.0,-1.0,0.0,0.0,106.0,569.0
7934.0,0.0,3.1416,-0.0,0.0,0.0,0.0,-1.0,0.0,0.0,106.0,562.0
7944.0,0.0,3.1416,-0.0,0.0,0.0,0.0,-1.0,0.0,0.0,106.0,570.0
7954.0,0.0,3.1416,0.004,0.0,0.0,0.0,-1.0,0.0,0.0,106.0,564.0
7965.0,0.0,3.1416,0.0,0.0,0.0,0.0,-1.0,0.0,0.0,106.0,569.0
7975.0,0.0,3.1416,-0.001,0.0,0.0,0.0,-1.0,0.0,0.0,106.0,569.0
7985.0,0.0,3.1416,0.003,0.0,0.0,0.0,-1.0,0.0,0.0,106.0,571.0
7995.0,0.0,3.1416,-0.001,0.0,0.0,0.0,-1.0,0.0,0.0,106.0,555.0
8005.0,0.0,3.1416,-0.001,0.0,0.0,0.0,-1.0,0.0,0.0,106.0,561.0
8015.0,0.0,-3.1401,0.005,0.0,0.0,0.0,-1.0,0.0,0.0,106.0,578.0
8026.0,0.0,3.1416,0.004,0.0,0.0,0.0,-1.0,0.0,0.0,106.0,564.0
8036.0,0.0,3.1416,-0.001,0.0,0.0,0.0,-1.0,0.0,0.0,106.0,578.0
8046.0,0.0,3.1416,-0.002,0.0,0.0,0.0,-1.0,0.0,0.0,106.0,563.0
8057.0,0.0,3.1416,-0.002,0.0,0.0,0.0,-1.0,0.0,0.0,106.0,556.0
8067.0,0.0,3.1416,0.0,0.0,0.0,0.0,-1.0,0.0,0.0,106.0,563.0
8077.0,0.0,3.1416,-0.001,0.0,0.0,0.0,-1.0,0.0,0.0,106.0,576.0
8087.0,0.0,3.1416,-0.001,0.0,0.0,0.0,-1.0,0.0,0.0,106.0,562.0
8097.0,0.0,3.1416,-0.001,0.0,0.0,0.0,-1.0,0.0,0.0,106.0,570.0
8108.0,0.0,3.1416,-0.001,0.0,0.0,0.0,-1.0,0.0,0.0,106.0,562.0
8118.0,0.0,3.1416,-0.001,0.0,0.0,0.0,-1.0,0.0,0.0,106.0,570.0
8128.0,0.0,3.1416,0.007,0.0,0.0,0.0,-1.0,0.0,0.0,106.0,555.0
8138.0,0.0,3.1416,0.0,0.0,0.0,0.0,-1.0,0.0,0.0,106.0,555.0
8148.0,0.0,3.1416,-0.002,0.0,0.0,0.0,-1.0,0.0,0.0,106.0,576.0
8159.0,0.0,3.1416,-0.002,0.0,0.0,0.0,-1.0,0.0,0.0,106.0,562.0
8169.0,0.0,3.1416,-0.001,0.0,0.0,0.0,-1.0,0.0,0.0,106.0,571.0
8179.0,0.0,3.1416,-0.001,0.0,0.0,0.0,-1.0,0.0,0.0,106.0,562.0
8190.0,0.0,3.1416,-0.001,0.0,0.0,0.0,-1.0,0.0,0.0,106.0,556.0
8200.0,0.0,3.1416,-0.0,0.0,0.0,0.0,-1.0,0.0,0.0,106.0,562.0
8210.0,0.0,3.1416,-0.0,0.0,0.0,0.0,-1.0,0.0,0.0,106.0,563.0
8220.0,0.0,3.1416,0.004,0.0,0.0,0.0,-1.0,0.0,0.0,106.0,549.0
8230.0,0.0,3.1416,0.0,0.0,0.0,0.0,-1.0,0.0,0.0,106.0,562.0
8241.0,0.0,3.1416,-0.001,0.0,0.0,0.0,-1.0,0.0,0.0,106.0,562.0
8251.0,0.0,3.1416,-0.001,0.0,0.0,0.0,-1.0,0.0,0.0,106.0,570.0
8261.0,0.0,3.1416,-0.001,0.0,0.0,0.0,-1.0,0.0,0.0,106.0,571.0
8271.0,0.0,3.1416,-0.0,0.0,0.0,0.0,-1.0,0.0,0.0,106.0,562.0
8281.0,0.0,3.1416,-0.0,0.0,0.0,0.0,-1.0,0.0,0.0,106.0,562.0
8291.0,0.0,3.1416,-0.0,0.0,0.0,0.0,-1.0,0.0,0.0,106.0,562.0
8301.0,0.0,3.1416,-0.0,0.0,0.0,0.0,-1.0,0.0,0.0,106.0,570.0
8311.0,0.0,3.1416,-0.0,0.0,0.0,0.0,-1.0,0.0,0.0,106.0,570.0
8322.0,0.0,3.1416,-0.0,0.0,0.0,0.0,-1.0,0.0,0.0,106.0,570.0
8332.0,0.0,3.1416,0.0,0.0,0.0,0.0,-1.0,0.0,0.0,106.0,562.0
8342.0,0.0,-3.1401,0.006,0.0,0.0,0.0,-1.0,0.0,0.0,106.0,570.0
8352.0,0.0,3.1416,0.001,0.0,0.0,0.0,-1.0,0.0,0.0,106.0,571.0
8363.0,0.0,3.1416,-0.001,0.0,0.0,0.0,-1.0,0.0,0.0,106.0,577.0
8373.0,0.0,3.1416,-0.001,0.0,0.0,0.0,-1.0,0.0,0.0,106.0,577.0
8383.0,0.0,3.1416,-0.001,0.0,0.0,0.0,-1.0,0.0,0.0,106.0,561.0
8393.0,0.0,3.1416,-0.001,0.0,0.0,0.0,-1.0,0.0,0.0,106.0,563.0
8403.0,0.0,3.1416,0.003,0.0,0.0,0.0,-1.0,0.0,0.0,106.0,564.0
8414.0,0.0,3.1416,-0.0,0.0,0.0,0.0,-1.0,0.0,0.0,106.0,563.0
8424.0,0.0,3.1416,0.004,0.0,0.0,0.0,-1.0,0.0,0.0,106.0,557.0
8434.0,0.0,3.1416,-0.0,0.0,0.0,0.0,-1.0,0.0,0.0,106.0,576.0
8445.0,0.0,3.1416,-0.001,0.0,0.0,0.0,-1.0,0.0,0.0,106.0,577.0
8455.0,0.0,3.1416,-0.001,0.0,0.0,0.0,-1.0,0.0,0.0,106.0,562.0
8465.0,0.0,3.1416,-0.001,0.0,0.0,0.0,-1.0,0.0,0.0,106.0,562.0
8476.0,0.0,3.1416,-0.001,0.0,0.0,0.0,-1.0,0.0,0.0,106.0,563.0
8486.0,0.0,3.1416,-0.0,0.0,0.0,0.0,-1.0,0.0,0.0,106.0,562.0
8496.0,0.0,3.1416,-0.0,0.0,0.0,0.0,-1.0,0.0,0.0,106.0,570.0
8506.0,0.0,3.1416,-0.0,0.0,0.0,0.0,-1.0,0.0,0.0,106.0,562.0
8516.0,0.0,3.1416,-0.0,0.0,0.0,0.0,-1.0,0.0,0.0,106.0,570.0
8527.0,0.0,3.1416,-0.0,0.0,0.0,0.0,-1.0,0.0,0.0,106.0,561.0
8537.0,0.0,3.1416,0.0,0.0,0.0,0.0,-1.0,0.0,0.0,106.0,555.0
8547.0,0.0,3.1416,0.0,0.0,0.0,0.0,-1.0,0.0,0.0,106.0,562.0
8557.0,0.0,3.1416,0.0,0.0,0.0,0.0,-1.0,0.0,0.0,106.0,562.0
8568.0,0.0,3.1416,0.0,0.0,0.0,0.0,-1.0,0.0,0.0,106.0,562.0
8578.0,0.0,3.1416,0.0,0.0,0.0,0.0,-1.0,0.0,0.0,106.0,555.0
8588.0,0.0,3.1416,0.0,0.0,0.0,0.0,-1.0,0.0,0.0,106.0,562.0
8598.0,0.0,3.1416,0.003,0.0,0.0,0.0,-1.0,0.0,0.0,106.0,571.0
8609.0,0.0,3.1416,0.0,0.0,0.0,0.0,-1.0,0.0,0.0,106.0,569.0
8619.0,0.0,3.1416,-0.001,0.0,0.0,0.0,-1.0,0.0,0.0,106.0,562.0
8629.0,0.0,3.1416,-0.001,0.0,0.0,0.0,-1.0,0.0,0.0,106.0,570.0
8640.0,0.0,3.1416,-0.001,0.0,0.0,0.0,-1.0,0.0,0.0,106.0,555.0
8650.0,0.0,3.1416,0.001,0.0,0.0,0.0,-1.0,0.0,0.0,106.0,571.0
8660.0,0.0,3.1416,-0.001,0.0,0.0,0.0,-1.0,0.0,0.0,106.0,561.0
8670.0,0.0,3.1416,-0.001,0.0,0.0,0.0,-1.0,0.0,0.0,106.0,570.0
8681.0,0.0,3.1416,-0.001,0.0,0.0,0.0,-1.0,0.0,0.0,106.0,569.0
8691.0,0.0,3.1416,-0.001,0.0,0.0,0.0,-1.0,0.0,0.0,106.0,562.0
8701.0,0.0,3.1416,-0.0,0.0,0.0,0.0,-1.0,0.0,0.0,106.0,562.0
8712.0,0.0,3.1416,-0.0,0.0,0.0,0.0,-1.0,0.0,0.0,106.0,562.0
8722.0,0.0,3.1416,0.003,0.0,0.0,0.0,-1.0,0.0,0.0,106.0,549.0
8732.0,0.0,3.1416,0.0,0.0,0.0,0.0,-1.0,0.0,0.0,106.0,562.0
8742.0,0.0,3.1416,0.001,0.0,0.0,0.0,-1.0,0.0,0.0,106.0,565.0
8753.0,0.0,3.1416,-0.001,0.0,0.0,0.0,-1.0,0.0,0.0,106.0,569.0
8763.0,0.0,3.1416,-0.002,0.0,0.0,0.0,-1.0,0.0,0.0,106.0,556.0
8773.0,0.0,3.1416,-0.001,0.0,0.0,0.0,-1.0,0.0,0.0,106.0,562.0
8783.0,0.0,3.1416,-0.001,0.0,0.0,0.0,-1.0,0.0,0.0,106.0,563.0
8794.0,0.0,3.1416,-0.001,0.0,0.0,0.0,-1.0,0.0,0.0,106.0,556.0
8804.0,0.0,3.1416,-0.0,0.0,0.0,0.0,-1.0,0.0,0.0,106.0,562.0
8814.0,0.0,3.1416,-0.0,0.0,0.0,0.0,-1.0,0.0,0.0,106.0,570.0
8824.0,0.0,3.1416,-0.0,0.0,0.0,0.0,-1.0,0.0,0.0,106.0,562.0
8834.0,0.0,3.1416,-0.0,0.0,0.0,0.0,-1.0,0.0,0.0,106.0,562.0
8844.0,0.0,3.1416,-0.0,0.0,0.0,0.0,-1.0,0.0,0.0,106.0,570.0
8855.0,0.0,3.1416,0.0,0.0,0.0,0.0,-1.0,0.0,0.0,106.0,571.0
8865.0,0.0,3.1416,0.0,0.0,0.0,0.0,-1.0,0.0,0.0,106.0,562.0
8875.0,0.0,3.1416,0.001,0.0,0.0,0.0,-1.0,0.0,0.0,106.0,556.0
8885.0,0.0,3.1416,-0.0,0.0,0.0,0.0,-1.0,0.0,0.0,106.0,576.0
8896.0,0.0,3.1416,-0.001,0.0,0.0,0.0,-1.0,0.0,0.0,106.0,555.0
8906.0,0.0,3.1416,-0.001,0.0,0.0,0.0,-1.0,0.0,0.0,106.0,563.0
8916.0,0.0,3.1416,-0.001,0.0,0.0,0.0,-1.0,0.0,0.0,106.0,571.0
8927.0,0.0,3.1416,-0.0,0.0,0.0,0.0,-1.0,0.0,0.0,106.0,562.0
8937.0,0.0,3.1416,-0.0,0.0,0.0,0.0,-1.0,0.0,0.0,106.0,571.0
8947.0,0.0,3.1416,-0.0,0.0,0.0,0.0,-1.0,0.0,0.0,106.0,571.0
8958.0,0.0,3.1416,-0.0,0.0,0.0,0.0,-1.0,0.0,0.0,106.0,562.0
8968.0,0.0,3.1416,-0.0,0.0,0.0,0.0,-1.0,0.0,0.0,106.0,562.0
8978.0,0.0,3.1416,0.005,0.0,0.0,0.0,-1.0,0.0,0.0,106.0,555.0
8988.0,0.0,3.1416,0.001,0.0,0.0,0.0,-1.0,0.0,0.0,106.0,571.0
8999.0,0.0,3.1416,-0.001,0.0,0.0,0.0,-1.0,0.0,0.0,106.0,569.0
9009.0,0.0,3.1416,-0.001,0.0,0.0,0.0,-1.0,0.0,0.0,106.0,556.0
9019.0,0.0,3.1416,-0.001,0.0,0.0,0.0,-1.0,0.0,0.0,106.0,570.0
9030.0,0.0,3.1416,-0.0,0.0,0.0,0.0,-1.0,0.0,0.0,106.0,570.0
9040.0,0.0,3.1416,-0.0,0.0,0.0,0.0,-1.0,0.0,0.0,106.0,563.0
9050.0,0.0,3.1416,-0.0,0.0,0.0,0.0,-1.0,0.0,0.0,106.0,570.0
9061.0,0.0,3.1416,-0.0,0.0,0.0,0.0,-1.0,0.0,0.0,106.0,570.0
9071.0,0.0,3.1416,-0.0,0.0,0.0,0.0,-1.0,0.0,0.0,106.0,562.0
9081.0,0.0,3.1416,-0.0,0.0,0.0,0.0,-1.0,0.0,0.0,106.0,562.0
9091.0,0.0,3.1416,0.002,0.0,0.0,0.0,-1.0,0.0,0.0,106.0,571.0
9102.0,0.0,3.1416,0.002,0.0,0.0,0.0,-1.0,0.0,0.0,106.0,572.0
9112.0,0.0,3.1416,-0.001,0.0,0.0,0.0,-1.0,0.0,0.0,106.0,561.0
9122.0,0.0,3.1416,-0.002,0.0,0.0,0.0,-1.0,0.0,0.0,106.0,570.0
9133.0,0.0,3.1416,-0.001,0.0,0.0,0.0,-1.0,0.0,0.0,106.0,570.0
9143.0,0.0,3.1416,-0.001,0.0,0.0,0.0,-1.0,0.0,0.0,106.0,562.0
9153.0,0.0,3.1416,0.003,0.0,0.0,0.0,-1.0,0.0,0.0,106.0,564.0
9164.0,0.0,3.1416,0.001,0.0,0.0,0.0,-1.0,0.0,0.0,106.0,565.0
9174.0,0.0,3.1416,-0.002,0.0,0.0,0.0,-1.0,0.0,0.0,106.0,555.0
9184.0,0.0,3.1416,-0.002,0.0,0.0,0.0,-1.0,0.0,0.0,106.0,555.0
9194.0,0.0,3.1416,-0.001,0.0,0.0,0.0,-1.0,0.0,0.0,106.0,570.0
9205.0,0.0,3.1416,-0.001,0.0,0.0,0.0,-1.0,0.0,0.0,106.0,562.0
9215.0,0.0,3.1416,-0.001,0.0,0.0,0.0,-1.0,0.0,0.0,106.0,570.0
9225.0,0.0,3.1416,0.005,0.0,0.0,0.0,-1.0,0.0,0.0,106.0,572.0
9235.0,0.0,3.1416,0.0,0.0,0.0,0.0,-1.0,0.0,0.0,106.0,562.0
9245.0,0.0,3.1416,-0.001,0.0,0.0,0.0,-1.0,0.0,0.0,106.0,562.0
9255.0,0.0,3.1416,-0.001,0.0,0.0,0.0,-1.0,0.0,0.0,106.0,570.0
9266.0,0.0,3.1416,-0.001,0.0,0.0,0.0,-1.0,0.0,0.0,106.0,563.0
9276.0,0.0,3.1416,-0.001,0.0,0.0,0.0,-1.0,0.0,0.0,106.0,570.0
9286.0,0.0,3.1416,-0.0,0.0,0.0,0.0,-1.0,0.0,0.0,106.0,555.0
9296.0,0.0,3.1416,-0.0,0.0,0.0,0.0,-1.0,0.0,0.0,106.0,563.0
9307.0,0.0,3.1416,-0.0,0.0,0.0,0.0,-1.0,0.0,0.0,106.0,555.0
9317.0,0.0,3.1416,-0.0,0.0,0.0,0.0,-1.0,0.0,0.0,106.0,570.0
9327.0,0.0,3.1416,-0.0,0.0,0.0,0.0,-1.0,0.0,0.0,106.0,563.0
9337.0,0.0,3.1416,0.0,0.0,0.0,0.0,-1.0,0.0,0.0,106.0,562.0
9348.0,0.0,3.1416,0.001,0.0,0.0,0.0,-1.0,0.0,0.0,106.0,563.0
9358.0,0.0,3.1416,-0.001,0.0,0.0,0.0,-1.0,0.0,0.0,106.0,563.0
9368.0,0.0,3.1416,-0.001,0.0,0.0,0.0,-1.0,0.0,0.0,106.0,561.0
9378.0,0.0,3.1416,-0.001,0.0,0.0,0.0,-1.0,0.0,0.0,106.0,563.0
9389.0,0.0,3.1416,-0.001,0.0,0.0,0.0,-1.0,0.0,0.0,106.0,563.0
9399.0,0.0,3.1416,0.005,0.0,0.0,0.0,-1.0,0.0,0.0,106.0,556.0
9409.0,0.0,3.1416,0.001,0.0,0.0,0.0,-1.0,0.0,0.0,106.0,571.0
9420.0,0.0,3.1416,-0.001,0.0,0.0,0.0,-1.0,0.0,0.0,106.0,569.0
9430.0,0.0,3.1416,-0.001,0.0,0.0,0.0,-1.0,0.0,0.0,106.0,562.0
9440.0,0.0,3.1416,-0.001,0.0,0.0,0.0,-1.0,0.0,0.0,106.0,563.0
9450.0,0.0,3.1416,-0.001,0.0,0.0,0.0,-1.0,0.0,0.0,106.0,563.0
9460.0,0.0,3.1416,-0.0,0.0,0.0,0.0,-1.0,0.0,0.0,106.0,571.0
9471.0,0.0,3.1416,-0.0,0.0,0.0,0.0,-1.0,0.0,0.0,106.0,556.0
9481.0,0.0,3.1416,-0.0,0.0,0.0,0.0,-1.0,0.0,0.0,106.0,562.0
9491.0,0.0,3.1416,-0.0,0.0,0.0,0.0,-1.0,0.0,0.0,106.0,569.0
9501.0,0.0,3.1416,-0.0,0.0,0.0,0.0,-1.0,0.0,0.0,106.0,562.0
9511.0,0.0,3.1416,0.0,0.0,0.0,0.0,-1.0,0.0,0.0,106.0,563.0
9521.0,0.0,3.1416,0.0,0.0,0.0,0.0,-1.0,0.0,0.0,106.0,563.0
9532.0,0.0,3.1416,0.0,0.0,0.0,0.0,-1.0,0.0,0.0,106.0,555.0
9542.0,0.0,3.1416,0.0,0.0,0.0,0.0,-1.0,0.0,0.0,106.0,562.0
9552.0,0.0,3.1416,0.0,0.0,0.0,0.0,-1.0,0.0,0.0,106.0,563.0
9562.0,0.0,3.1416,0.0,0.0,0.0,0.0,-1.0,0.0,0.0,106.0,562.0
9572.0,0.0,3.1416,0.0,0.0,0.0,0.0,-1.0,0.0,0.0,106.0,569.0
9583.0,0.0,3.1416,0.0,0.0,0.0,0.0,-1.0,0.0,0.0,106.0,569.0
9593.0,0.0,3.1416,0.0,0.0,0.0,0.0,-1.0,0.0,0.0,106.0,577.0
9603.0,0.0,3.1416,0.0,0.0,0.0,0.0,-1.0,0.0,0.0,106.0,561.0
9613.0,0.0,3.1416,0.0,0.0,0.0,0.0,-1.0,0.0,0.0,106.0,576.0
9624.0,0.0,3.1416,0.0,0.0,0.0,0.0,-1.0,0.0,0.0,106.0,577.0
9634.0,0.0,3.1416,0.0,0.0,0.0,0.0,-1.0,0.0,0.0,106.0,576.0
9644.0,0.0,3.1416,-0.0,0.0,0.0,0.0,-1.0,0.0,0.0,106.0,576.0
9654.0,0.0,3.1416,-0.0,0.0,0.0,0.0,-1.0,0.0,0.0,106.0,569.0
9665.0,0.0,3.1416,-0.0,0.0,0.0,0.0,-1.0,0.0,0.0,106.0,568.0
9675.0,0.0,3.1416,-0.0,0.0,0.0,0.0,-1.0,0.0,0.0,106.0,577.0
9685.0,0.0,3.1416,0.003,0.0,0.0,0.0,-1.0,0.0,0.0,106.0,556.0
9695.0,0.0,3.1416,-0.0,0.0,0.0,0.0,-1.0,0.0,0.0,106.0,577.0
9706.0,0.0,3.1416,-0.001,0.0,0.0,0.0,-1.0,0.0,0.0,106.0,569.0
9716.0,0.0,3.1416,-0.001,0.0,0.0,0.0,-1.0,0.0,0.0,106.0,562.0
9726.0,0.0,-3.1401,0.005,0.0,0.0,0.0,-1.0,0.0,0.0,106.0,563.0
9736.0,0.0,3.1416,0.001,0.0,0.0,0.0,-1.0,0.0,0.0,106.0,557.0
9746.0,0.0,3.1416,-0.001,0.0,0.0,0.0,-1.0,0.0,0.0,106.0,563.0
9756.0,0.0,3.1416,-0.001,0.0,0.0,0.0,-1.0,0.0,0.0,106.0,562.0
9766.0,0.0,3.1416,-0.001,0.0,0.0,0.0,-1.0,0.0,0.0,106.0,570.0
9776.0,0.0,3.1416,-0.001,0.0,0.0,0.0,-1.0,0.0,0.0,106.0,571.0
9787.0,0.0,3.1416,-0.0,0.0,0.0,0.0,-1.0,0.0,0.0,106.0,563.0
9797.0,0.0,3.1416,0.002,0.0,0.0,0.0,-1.0,0.0,0.0,106.0,549.0
9807.0,0.0,3.1416,-0.0,0.0,0.0,0.0,-1.0,0.0,0.0,106.0,576.0
9817.0,0.0,3.1416,-0.001,0.0,0.0,0.0,-1.0,0.0,0.0,106.0,576.0
9828.0,0.0,3.1416,-0.001,0.0,0.0,0.0,-1.0,0.0,0.0,106.0,562.0
9838.0,0.0,-3.1401,0.005,0.0,0.0,0.0,-1.0,0.0,0.0,106.0,578.0
9848.0,0.0,3.1416,0.0,0.0,0.0,0.0,-1.0,0.0,0.0,106.0,557.0
9858.0,0.0,3.1416,-0.001,0.0,0.0,0.0,-1.0,0.0,0.0,106.0,576.0
9868.0,0.0,3.1416,-0.001,0.0,0.0,0.0,-1.0,0.0,0.0,106.0,571.0
9879.0,0.0,3.1416,-0.001,0.0,0.0,0.0,-1.0,0.0,0.0,106.0,562.0
9889.0,0.0,3.1416,-0.001,0.0,0.0,0.0,-1.0,0.0,0.0,106.0,562.0
9899.0,0.0,3.1416,-0.0,0.0,0.0,0.0,-1.0,0.0,0.0,106.0,562.0
9910.0,0.0,3.1416,-0.0,0.0,0.0,0.0,-1.0,0.0,0.0,106.0,562.0
9920.0,0.0,3.1416,-0.0,0.0,0.0,0.0,-1.0,0.0,0.0,106.0,563.0
9930.0,0.0,3.1416,-0.0,0.0,0.0,0.0,-1.0,0.0,0.0,106.0,562.0
9940.0,0.0,3.1416,0.002,0.0,0.0,0.0,-1.0,0.0,0.0,106.0,564.0
9950.0,0.0,3.1416,-0.0,0.0,0.0,0.0,-1.0,0.0,0.0,106.0,576.0
9961.0,0.0,3.1416,-0.001,0.0,0.0,0.0,-1.0,0.0,0.0,106.0,576.0
9971.0,0.0,3.1416,-0.001,0.0,0.0,0.0,-1.0,0.0,0.0,106.0,562.0
9981.0,0.0,3.1416,-0.001,0.0,0.0,0.0,-1.0,0.0,0.0,106.0,570.0
9992.0,0.0,3.1416,-0.0,0.0,0.0,0.0,-1.0,0.0,0.0,106.0,562.0
10002.0,0.0,3.1416,-0.0,0.0,0.0,0.0,-1.0,0.0,0.0,106.0,570.0
10012.0,0.0,3.1416,-0.0,0.0,0.0,0.0,-1.0,0.0,0.0,106.0,549.0
10022.0,0.0,3.1416,-0.0,0.0,0.0,0.0,-1.0,0.0,0.0,106.0,562.0
10032.0,0.0,3.1416,-0.0,0.0,0.0,0.0,-1.0,0.0,0.0,106.0,570.0
10043.0,0.0,3.1416,0.0,0.0,0.0,0.0,-1.0,0.0,0.0,106.0,570.0
10053.0,0.0,3.1416,0.003,0.0,0.0,0.0,-1.0,0.0,0.0,106.0,565.0
10063.0,0.0,3.1416,0.001,0.0,0.0,0.0,-1.0,0.0,0.0,106.0,549.0
10073.0,0.0,3.1416,-0.001,0.0,0.0,0.0,-1.0,0.0,0.0,106.0,561.0
10083.0,0.0,3.1416,0.002,0.0,0.0,0.0,-1.0,0.0,0.0,106.0,558.0
10093.0,0.0,3.1416,-0.001,0.0,0.0,0.0,-1.0,0.0,0.0,106.0,576.0
10104.0,0.0,3.1416,-0.002,0.0,0.0,0.0,-1.0,0.0,0.0,106.0,576.0
10114.0,0.0,3.1416,-0.001,0.0,0.0,0.0,-1.0,0.0,0.0,106.0,562.0
10124.0,0.0,3.1416,0.004,0.0,0.0,0.0,-1.0,0.0,0.0,106.0,564.0
10134.0,0.0,3.1416,-0.0,0.0,0.0,0.0,-1.0,0.0,0.0,106.0,570.0
10145.0,0.0,3.1416,-0.001,0.0,0.0,0.0,-1.0,0.0,0.0,106.0,569.0
10155.0,0.0,3.1416,0.002,0.0,0.0,0.0,-1.0,0.0,0.0,106.0,572.0
10165.0,0.0,3.1416,-0.001,0.0,0.0,0.0,-1.0,0.0,0.0,106.0,578.0
10175.0,0.0,3.1416,-0.001,0.0,0.0,0.0,-1.0,0.0,0.0,106.0,570.0
10186.0,0.0,-3.1401,0.005,0.0,0.0,0.0,-1.0,0.0,0.0,106.0,569.0
10196.0,0.0,3.1416,0.002,0.0,0.0,0.0,-1.0,0.0,0.0,106.0,556.0
10206.0,0.0,3.1416,-0.002,0.0,0.0,0.0,-1.0,0.0,0.0,106.0,569.0
10217.0,0.0,3.1416,-0.002,0.0,0.0,0.0,-1.0,0.0,0.0,106.0,569.0
10227.0,0.0,3.1416,-0.002,0.0,0.0,0.0,-1.0,0.0,0.0,106.0,563.0
10237.0,0.0,3.1416,-0.001,0.0,0.0,0.0,-1.0,0.0,0.0,106.0,555.0
10247.0,0.0,3.1416,-0.001,0.0,0.0,0.0,-1.0,0.0,0.0,106.0,555.0
10257.0,0.0,3.1416,-0.0,0.0,0.0,0.0,-1.0,0.0,0.0,106.0,562.0
10267.0,0.0,3.1416,-0.0,0.0,0.0,0.0,-1.0,0.0,0.0,106.0,569.0
10278.0,0.0,3.1416,-0.0,0.0,0.0,0.0,-1.0,0.0,0.0,106.0,570.0
10288.0,0.0,3.1416,-0.0,0.0,0.0,0.0,-1.0,0.0,0.0,106.0,562.0
10298.0,0.0,3.1416,-0.0,0.0,0.0,0.0,-1.0,0.0,0.0,106.0,563.0
10308.0,0.0,3.1416,0.0,0.0,0.0,0.0,-1.0,0.0,0.0,106.0,556.0
10319.0,0.0,3.1416,0.0,0.0,0.0,0.0,-1.0,0.0,0.0,106.0,555.0
10329.0,0.0,3.1416,0.0,0.0,0.0,0.0,-1.0,0.0,0.0,106.0,562.0
10339.0,0.0,3.1416,0.0,0.0,0.0,0.0,-1.0,0.0,0.0,106.0,570.0
10349.0,0.0,3.1416,0.0,0.0,0.0,0.0,-1.0,0.0,0.0,106.0,562.0
10359.0,0.0,3.1416,0.0,0.0,0.0,0.0,-1.0,0.0,0.0,106.0,562.0
10370.0,0.0,3.1416,0.0,0.0,0.0,0.0,-1.0,0.0,0.0,106.0,562.0
10380.0,0.0,3.1416,0.004,0.0,0.0,0.0,-1.0,0.0,0.0,106.0,571.0
10390.0,0.0,3.1416,0.0,0.0,0.0,0.0,-1.0,0.0,0.0,106.0,555.0
10400.0,0.0,3.1416,0.001,0.0,0.0,0.0,-1.0,0.0,0.0,106.0,556.0
10410.0,0.0,3.1416,-0.001,0.0,0.0,0.0,-1.0,0.0,0.0,106.0,576.0
10421.0,0.0,3.1416,-0.001,0.0,0.0,0.0,-1.0,0.0,0.0,106.0,562.0
10431.0,0.0,3.1416,-0.001,0.0,0.0,0.0,-1.0,0.0,0.0,106.0,570.0
10441.0,0.0,3.1416,-0.001,0.0,0.0,0.0,-1.0,0.0,0.0,106.0,562.0
10451.0,0.0,3.1416,-0.001,0.0,0.0,0.0,-1.0,0.0,0.0,106.0,563.0
10461.0,0.0,3.1416,-0.0,0.0,0.0,0.0,-1.0,0.0,0.0,106.0,564.0
10472.0,0.0,3.1416,-0.0,0.0,0.0,0.0,-1.0,0.0,0.0,106.0,562.0
10482.0,0.0,3.1416,-0.0,0.0,0.0,0.0,-1.0,0.0,0.0,106.0,562.0
10492.0,0.0,3.1416,-0.0,0.0,0.0,0.0,-1.0,0.0,0.0,106.0,563.0
10503.0,0.0,3.1416,-0.0,0.0,0.0,0.0,-1.0,0.0,0.0,106.0,562.0
10513.0,0.0,3.1416,0.002,0.0,0.0,0.0,-1.0,0.0,0.0,106.0,572.0
10523.0,0.0,3.1416,-0.0,0.0,0.0,0.0,-1.0,0.0,0.0,106.0,562.0
10533.0,0.0,3.1416,-0.001,0.0,0.0,0.0,-1.0,0.0,0.0,106.0,562.0
10544.0,0.0,3.1416,0.001,0.0,0.0,0.0,-1.0,0.0,0.0,106.0,556.0
10554.0,0.0,3.1416,0.001,0.0,0.0,0.0,-1.0,0.0,0.0,106.0,563.0
10564.0,0.0,3.1416,-0.002,0.0,0.0,0.0,-1.0,0.0,0.0,106.0,570.0
10574.0,0.0,3.1416,-0.002,0.0,0.0,0.0,-1.0,0.0,0.0,106.0,562.0
10584.0,0.0,3.1416,0.0,0.0,0.0,0.0,-1.0,0.0,0.0,106.0,571.0
10595.0,0.0,3.1416,-0.001,0.0,0.0,0.0,-1.0,0.0,0.0,106.0,576.0
10605.0,0.0,3.1416,0.002,0.0,0.0,0.0,-1.0,0.0,0.0,106.0,555.0
10615.0,0.0,3.1416,-0.001,0.0,0.0,0.0,-1.0,0.0,0.0,106.0,576.0
10626.0,0.0,3.1416,0.001,0.0,0.0,0.0,-1.0,0.0,0.0,106.0,564.0
10636.0,0.0,3.1416,-0.002,0.0,0.0,0.0,-1.0,0.0,0.0,106.0,570.0
10646.0,0.0,3.1416,-0.002,0.0,0.0,0.0,-1.0,0.0,0.0,106.0,571.0
10656.0,0.0,3.1416,-0.001,0.0,0.0,0.0,-1.0,0.0,0.0,106.0,563.0
10666.0,0.0,3.1416,0.001,0.0,0.0,0.0,-1.0,0.0,0.0,106.0,558.0
10676.0,0.0,3.1416,-0.001,0.0,0.0,0.0,-1.0,0.0,0.0,106.0,576.0
10687.0,0.0,3.1416,-0.001,0.0,0.0,0.0,-1.0,0.0,0.0,106.0,577.0
10697.0,0.0,3.1416,-0.001,0.0,0.0,0.0,-1.0,0.0,0.0,106.0,555.0
10707.0,0.0,3.1416,-0.001,0.0,0.0,0.0,-1.0,0.0,0.0,106.0,556.0
10717.0,0.0,3.1416,-0.001,0.0,0.0,0.0,-1.0,0.0,0.0,106.0,570.0
10728.0,0.0,3.1416,-0.0,0.0,0.0,0.0,-1.0,0.0,0.0,106.0,562.0
10738.0,0.0,3.1416,-0.0,0.0,0.0,0.0,-1.0,0.0,0.0,106.0,570.0
10748.0,0.0,3.1416,-0.0,0.0,0.0,0.0,-1.0,0.0,0.0,106.0,563.0
10758.0,0.0,3.1416,-0.0,0.0,0.0,0.0,-1.0,0.0,0.0,106.0,571.0
10768.0,0.0,3.1416,-0.0,0.0,0.0,0.0,-1.0,0.0,0.0,106.0,557.0
10778.0,0.0,3.1416,0.0,0.0,0.0,0.0,-1.0,0.0,0.0,106.0,562.0
10789.0,0.0,3.1416,0.0,0.0,0.0,0.0,-1.0,0.0,0.0,106.0,562.0
10799.0,0.0,3.1416,0.0,0.0,0.0,0.0,-1.0,0.0,0.0,106.0,570.0
10809.0,0.0,3.1416,0.0,0.0,0.0,0.0,-1.0,0.0,0.0,106.0,562.0
10819.0,0.0,3.1416,0.003,0.0,0.0,0.0,-1.0,0.0,0.0,106.0,571.0
10830.0,0.0,3.1416,0.0,0.0,0.0,0.0,-1.0,0.0,0.0,106.0,569.0
10840.0,0.0,3.1416,-0.001,0.0,0.0,0.0,-1.0,0.0,0.0,106.0,577.0
10850.0,0.0,3.1416,-0.001,0.0,0.0,0.0,-1.0,0.0,0.0,106.0,555.0
10860.0,0.0,3.1416,-0.001,0.0,0.0,0.0,-1.0,0.0,0.0,106.0,555.0
10870.0,0.0,3.1416,-0.0,0.0,0.0,0.0,-1.0,0.0,0.0,106.0,562.0
10880.0,0.0,3.1416,-0.0,0.0,0.0,0.0,-1.0,0.0,0.0,106.0,563.0
10891.0,0.0,3.1416,0.005,0.0,0.0,0.0,-1.0,0.0,0.0,106.0,558.0
10901.0,0.0,3.1416,0.0,0.0,0.0,0.0,-1.0,0.0,0.0,106.0,555.0
10911.0,0.0,3.1416,-0.001,0.0,0.0,0.0,-1.0,0.0,0.0,106.0,563.0
10921.0,0.0,3.1416,-0.001,0.0,0.0,0.0,-1.0,0.0,0.0,106.0,556.0
10931.0,0.0,3.1416,-0.001,0.0,0.0,0.0,-1.0,0.0,0.0,106.0,563.0
10942.0,0.0,3.1416,-0.001,0.0,0.0,0.0,-1.0,0.0,0.0,106.0,562.0
10952.0,0.0,3.1416,-0.0,0.0,0.0,0.0,-1.0,0.0,0.0,106.0,569.0
10962.0,0.0,3.1416,0.004,0.0,0.0,0.0,-1.0,0.0,0.0,106.0,571.0
10972.0,0.0,3.1416,0.0,0.0,0.0,0.0,-1.0,0.0,0.0,106.0,561.0
10982.0,0.0,3.1416,-0.001,0.0,0.0,0.0,-1.0,0.0,0.0,106.0,562.0
10992.0,0.0,3.1416,-0.001,0.0,0.0,0.0,-1.0,0.0,0.0,106.0,562.0
11003.0,0.0,3.1416,-0.001,0.0,0.0,0.0,-1.0,0.0,0.0,106.0,556.0
11013.0,0.0,3.1416,-0.0,0.0,0.0,0.0,-1.0,0.0,0.0,106.0,562.0
11023.0,0.0,3.1416,-0.0,0.0,0.0,0.0,-1.0,0.0,0.0,106.0,569.0
11033.0,0.0,3.1416,-0.0,0.0,0.0,0.0,-1.0,0.0,0.0,106.0,556.0
11043.0,0.0,3.1416,-0.0,0.0,0.0,0.0,-1.0,0.0,0.0,106.0,570.0
11053.0,0.0,3.1416,0.003,0.0,0.0,0.0,-1.0,0.0,0.0,106.0,572.0
11063.0,0.0,3.1416,-0.0,0.0,0.0,0.0,-1.0,0.0,0.0,106.0,576.0
11074.0,0.0,3.1416,-0.001,0.0,0.0,0.0,-1.0,0.0,0.0,106.0,576.0
11084.0,0.0,3.1416,-0.001,0.0,0.0,0.0,-1.0,0.0,0.0,106.0,562.0
11094.0,0.0,3.1416,-0.001,0.0,0.0,0.0,-1.0,0.0,0.0,106.0,562.0
11104.0,0.0,3.1416,-0.0,0.0,0.0,0.0,-1.0,0.0,0.0,106.0,570.0
11115.0,0.0,3.1416,-0.0,0.0,0.0,0.0,-1.0,0.0,0.0,106.0,570.0
11125.0,0.0,3.1416,-0.0,0.0,0.0,0.0,-1.0,0.0,0.0,106.0,562.0
11135.0,0.0,3.1416,-0.0,0.0,0.0,0.0,-1.0,0.0,0.0,106.0,555.0
11145.0,0.0,3.1416,-0.0,0.0,0.0,0.0,-1.0,0.0,0.0,106.0,570.0
11156.0,0.0,3.1416,0.0,0.0,0.0,0.0,-1.0,0.0,0.0,106.0,562.0
11166.0,0.0,3.1416,0.0,0.0,0.0,0.0,-1.0,0.0,0.0,106.0,562.0
11176.0,0.0,3.1416,0.0,0.0,0.0,0.0,-1.0,0.0,0.0,106.0,562.0
11187.0,0.0,3.1416,0.0,0.0,0.0,0.0,-1.0,0.0,0.0,106.0,561.0
11197.0,0.0,3.1416,0.0,0.0,0.0,0.0,-1.0,0.0,0.0,106.0,562.0
11207.0,0.0,3.1416,0.0,0.0,0.0,0.0,-1.0,0.0,0.0,106.0,555.0
11217.0,0.0,3.1416,0.0,0.0,0.0,0.0,-1.0,0.0,0.0,106.0,569.0
11228.0,0.0,3.1416,0.0,0.0,0.0,0.0,-1.0,0.0,0.0,106.0,569.0
11238.0,0.0,3.1416,0.0,0.0,0.0,0.0,-1.0,0.0,0.0,106.0,576.0
11248.0,0.0,3.1416,0.0,0.0,0.0,0.0,-1.0,0.0,0.0,106.0,562.0
11258.0,0.0,3.1416,0.0,0.0,0.0,0.0,-1.0,0.0,0.0,106.0,576.0
11269.0,0.0,3.1416,0.0,0.0,0.0,0.0,-1.0,0.0,0.0,106.0,568.0
11279.0,0.0,3.1416,0.0,0.0,0.0,0.0,-1.0,0.0,0.0,106.0,563.0
11289.0,0.0,3.1416,-0.0,0.0,0.0,0.0,-1.0,0.0,0.0,106.0,562.0
11299.0,0.0,3.1416,-0.0,0.0,0.0,0.0,-1.0,0.0,0.0,106.0,569.0
11310.0,0.0,3.1416,-0.0,0.0,0.0,0.0,-1.0,0.0,0.0,106.0,562.0
11320.0,0.0,3.1416,-0.0,0.0,0.0,0.0,-1.0,0.0,0.0,106.0,577.0
11330.0,0.0,3.1416,-0.0,0.0,0.0,0.0,-1.0,0.0,0.0,106.0,576.0
11340.0,0.0,3.1416,-0.0,0.0,0.0,0.0,-1.0,0.0,0.0,106.0,577.0
11350.0,0.0,3.1416,-0.0,0.0,0.0,0.0,-1.0,0.0,0.0,106.0,576.0
11361.0,0.0,3.1416,-0.0,0.0,0.0,0.0,-1.0,0.0,0.0,106.0,563.0
11371.0,0.0,3.1416,-0.0,0.0,0.0,0.0,-1.0,0.0,0.0,106.0,569.0
11381.0,0.0,3.1416,-0.0,0.0,0.0,0.0,-1.0,0.0,0.0,106.0,563.0
11391.0,0.0,3.1416,-0.0,0.0,0.0,0.0,-1.0,0.0,0.0,106.0,562.0
11401.0,0.0,3.1416,-0.0,0.0,0.0,0.0,-1.0,0.0,0.0,106.0,562.0
11412.0,0.0,3.1416,-0.0,0.0,0.0,0.0,-1.0,0.0,0.0,106.0,562.0
11422.0,0.0,3.1416,-0.0,0.0,0.0,0.0,-1.0,0.0,0.0,106.0,570.0
11432.0,0.0,3.1416,-0.0,0.0,0.0,0.0,-1.0,0.0,0.0,106.0,562.0
11442.0,0.0,3.1416,0.002,0.0,0.0,0.0,-1.0,0.0,0.0,106.0,556.0
11452.0,0.0,3.1416,-0.0,0.0,0.0,0.0,-1.0,0.0,0.0,106.0,576.0
11463.0,0.0,3.1416,-0.001,0.0,0.0,0.0,-1.0,0.0,0.0,106.0,577.0
11473.0,0.0,3.1416,-0.001,0.0,0.0,0.0,-1.0,0.0,0.0,106.0,563.0
11483.0,0.0,3.1416,-0.001,0.0,0.0,0.0,-1.0,0.0,0.0,106.0,555.0
11494.0,0.0,3.1416,-0.0,0.0,0.0,0.0,-1.0,0.0,0.0,106.0,555.0
11504.0,0.0,3.1416,-0.0,0.0,0.0,0.0,-1.0,0.0,0.0,106.0,570.0
11514.0,0.0,3.1416,-0.0,0.0,0.0,0.0,-1.0,0.0,0.0,106.0,571.0
11524.0,0.0,3.1416,-0.0,0.0,0.0,0.0,-1.0,0.0,0.0,106.0,563.0
11534.0,0.0,3.1416,0.001,0.0,0.0,0.0,-1.0,0.0,0.0,106.0,563.0
11544.0,0.0,3.1416,-0.0,0.0,0.0,0.0,-1.0,0.0,0.0,106.0,576.0
11555.0,0.0,3.1416,-0.001,0.0,0.0,0.0,-1.0,0.0,0.0,106.0,563.0
11565.0,0.0,3.1416,-0.001,0.0,0.0,0.0,-1.0,0.0,0.0,106.0,555.0
11575.0,0.0,3.1416,-0.001,0.0,0.0,0.0,-1.0,0.0,0.0,106.0,570.0
11585.0,0.0,3.1416,-0.0,0.0,0.0,0.0,-1.0,0.0,0.0,106.0,570.0
11596.0,0.0,3.1416,-0.0,0.0,0.0,0.0,-1.0,0.0,0.0,106.0,570.0
11606.0,0.0,3.1416,-0.0,0.0,0.0,0.0,-1.0,0.0,0.0,106.0,562.0
11616.0,0.0,3.1416,-0.0,0.0,0.0,0.0,-1.0,0.0,0.0,106.0,555.0
11626.0,0.0,3.1416,-0.0,0.0,0.0,0.0,-1.0,0.0,0.0,106.0,562.0
11637.0,0.0,3.1416,0.0,0.0,0.0,0.0,-1.0,0.0,0.0,106.0,562.0
11647.0,0.0,3.1416,0.0,0.0,0.0,0.0,-1.0,0.0,0.0,106.0,562.0
11657.0,0.0,3.1416,0.0,0.0,0.0,0.0,-1.0,0.0,0.0,106.0,563.0
11667.0,0.0,3.1416,0.0,0.0,0.0,0.0,-1.0,0.0,0.0,106.0,562.0
11677.0,0.0,3.1416,0.003,0.0,0.0,0.0,-1.0,0.0,0.0,106.0,571.0
11688.0,0.0,3.1416,0.0,0.0,0.0,0.0,-1.0,0.0,0.0,106.0,562.0
11698.0,0.0,3.1416,-0.001,0.0,0.0,0.0,-1.0,0.0,0.0,106.0,555.0
11708.0,0.0,3.1416,-0.001,0.0,0.0,0.0,-1.0,0.0,0.0,106.0,563.0
11719.0,0.0,3.1416,0.002,0.0,0.0,0.0,-1.0,0.0,0.0,106.0,549.0
11729.0,0.0,3.1416,-0.001,0.0,0.0,0.0,-1.0,0.0,0.0,106.0,570.0
11739.0,0.0,3.1416,-0.001,0.0,0.0,0.0,-1.0,0.0,0.0,106.0,577.0
11749.0,0.0,3.1416,0.0,0.0,0.0,0.0,-1.0,0.0,0.0,106.0,555.0
11759.0,0.0,3.1416,-0.001,0.0,0.0,0.0,-1.0,0.0,0.0,106.0,569.0
11770.0,0.0,3.1416,-0.001,0.0,0.0,0.0,-1.0,0.0,0.0,106.0,562.0
11780.0,0.0,3.1416,-0.001,0.0,0.0,0.0,-1.0,0.0,0.0,106.0,562.0
11790.0,0.0,3.1416,-0.001,0.0,0.0,0.0,-1.0,0.0,0.0,106.0,569.0
11800.0,0.0,3.1416,-0.0,0.0,0.0,0.0,-1.0,0.0,0.0,106.0,563.0
11810.0,0.0,3.1416,-0.0,0.0,0.0,0.0,-1.0,0.0,0.0,106.0,562.0
11821.0,0.0,3.1416,-0.0,0.0,0.0,0.0,-1.0,0.0,0.0,106.0,555.0
11831.0,0.0,3.1416,-0.0,0.0,0.0,0.0,-1.0,0.0,0.0,106.0,563.0
11841.0,0.0,3.1416,-0.0,0.0,0.0,0.0,-1.0,0.0,0.0,106.0,562.0
11851.0,0.0,3.1416,-0.0,0.0,0.0,0.0,-1.0,0.0,0.0,106.0,562.0
11861.0,0.0,3.1416,0.0,0.0,0.0,0.0,-1.0,0.0,0.0,106.0,563.0
11871.0,0.0,3.1416,0.0,0.0,0.0,0.0,-1.0,0.0,0.0,106.0,562.0
11882.0,0.0,3.1416,0.0,0.0,0.0,0.0,-1.0,0.0,0.0,106.0,562.0
11892.0,0.0,3.1416,0.0,0.0,0.0,0.0,-1.0,0.0,0.0,106.0,562.0
11902.0,0.0,3.1416,0.0,0.0,0.0,0.0,-1.0,0.0,0.0,106.0,562.0
11913.0,0.0,3.1416,0.0,0.0,0.0,0.0,-1.0,0.0,0.0,106.0,562.0
11923.0,0.0,3.1416,0.0,0.0,0.0,0.0,-1.0,0.0,0.0,106.0,576.0
11933.0,0.0,3.1416,0.0,0.0,0.0,0.0,-1.0,0.0,0.0,106.0,555.0
11943.0,0.0,3.1416,0.0,0.0,0.0,0.0,-1.0,0.0,0.0,106.0,561.0
11953.0,0.0,3.1416,0.0,0.0,0.0,0.0,-1.0,0.0,0.0,106.0,562.0
11963.0,0.0,3.1416,0.003,0.0,0.0,0.0,-1.0,0.0,0.0,106.0,564.0
11973.0,0.0,3.1416,0.005,0.0,0.0,0.0,-1.0,0.0,0.0,106.0,571.0
11984.0,0.0,3.1416,0.0,0.0,0.0,0.0,-1.0,0.0,0.0,106.0,571.0
11994.0,0.0,3.1416,-0.001,0.0,0.0,0.0,-1.0,0.0,0.0,106.0,577.0
12004.0,0.0,3.1416,-0.002,0.0,0.0,0.0,-1.0,0.0,0.0,106.0,562.0
12014.0,0.0,3.1416,-0.001,0.0,0.0,0.0,-1.0,0.0,0.0,106.0,562.0
12024.0,0.0,3.1416,-0.001,0.0,0.0,0.0,-1.0,0.0,0.0,106.0,571.0
12034.0,0.0,3.1416,0.001,0.0,0.0,0.0,-1.0,0.0,0.0,106.0,571.0
12045.0,0.0,3.1416,-0.001,0.0,0.0,0.0,-1.0,0.0,0.0,106.0,576.0
12055.0,0.0,3.1416,-0.001,0.0,0.0,0.0,-1.0,0.0,0.0,106.0,561.0
12065.0,0.0,3.1416,-0.001,0.0,0.0,0.0,-1.0,0.0,0.0,106.0,562.0
12076.0,0.0,3.1416,-0.001,0.0,0.0,0.0,-1.0,0.0,0.0,106.0,556.0
12086.0,0.0,3.1416,-0.0,0.0,0.0,0.0,-1.0,0.0,0.0,106.0,570.0
12096.0,0.0,3.1416,-0.0,0.0,0.0,0.0,-1.0,0.0,0.0,106.0,557.0
12106.0,0.0,3.1416,-0.0,0.0,0.0,0.0,-1.0,0.0,0.0,106.0,563.0
12117.0,0.0,3.1416,-0.0,0.0,0.0,0.0,-1.0,0.0,0.0,106.0,562.0
12127.0,0.0,3.1416,-0.0,0.0,0.0,0.0,-1.0,0.0,0.0,106.0,563.0
12137.0,0.0,3.1416,0.0,0.0,0.0,0.0,-1.0,0.0,0.0,106.0,562.0
12147.0,0.0,3.1416,0.0,0.0,0.0,0.0,-1.0,0.0,0.0,106.0,571.0
12158.0,0.0,3.1416,0.0,0.0,0.0,0.0,-1.0,0.0,0.0,106.0,562.0
12168.0,0.0,3.1416,0.0,0.0,0.0,0.0,-1.0,0.0,0.0,106.0,562.0
12178.0,0.0,3.1416,0.0,0.0,0.0,0.0,-1.0,0.0,0.0,106.0,556.0
12188.0,0.0,3.1416,0.0,0.0,0.0,0.0,-1.0,0.0,0.0,106.0,562.0
12199.0,0.0,3.1416,0.0,0.0,0.0,0.0,-1.0,0.0,0.0,106.0,562.0
12209.0,0.0,3.1416,0.001,0.0,0.0,0.0,-1.0,0.0,0.0,106.0,556.0
12219.0,0.0,3.1416,-0.0,0.0,0.0,0.0,-1.0,0.0,0.0,106.0,577.0
12229.0,0.0,3.1416,-0.001,0.0,0.0,0.0,-1.0,0.0,0.0,106.0,576.0
12240.0,0.0,3.1416,-0.001,0.0,0.0,0.0,-1.0,0.0,0.0,106.0,562.0
12250.0,0.0,3.1416,-0.001,0.0,0.0,0.0,-1.0,0.0,0.0,106.0,570.0
12260.0,0.0,3.1416,-0.0,0.0,0.0,0.0,-1.0,0.0,0.0,106.0,569.0
12270.0,0.0,3.1416,-0.0,0.0,0.0,0.0,-1.0,0.0,0.0,106.0,562.0
12280.0,0.0,3.1416,-0.0,0.0,0.0,0.0,-1.0,0.0,0.0,106.0,564.0
12290.0,0.0,3.1416,-0.0,0.0,0.0,0.0,-1.0,0.0,0.0,106.0,570.0
12301.0,0.0,3.1416,-0.0,0.0,0.0,0.0,-1.0,0.0,0.0,106.0,562.0
12311.0,0.0,3.1416,0.0,0.0,0.0,0.0,-1.0,0.0,0.0,106.0,570.0
12321.0,0.0,3.1416,0.0,0.0,0.0,0.0,-1.0,0.0,0.0,106.0,562.0
12331.0,0.0,3.1416,0.0,0.0,0.0,0.0,-1.0,0.0,0.0,106.0,570.0
12342.0,0.0,3.1416,0.0,0.0,0.0,0.0,-1.0,0.0,0.0,106.0,556.0
12352.0,0.0,3.1416,0.0,0.0,0.0,0.0,-1.0,0.0,0.0,106.0,562.0
12362.0,0.0,3.1416,0.0,0.0,0.0,0.0,-1.0,0.0,0.0,106.0,570.0
12372.0,0.0,3.1416,0.0,0.0,0.0,0.0,-1.0,0.0,0.0,106.0,577.0
12382.0,0.0,3.1416,0.0,0.0,0.0,0.0,-1.0,0.0,0.0,106.0,576.0
12392.0,0.0,3.1416,0.0,0.0,0.0,0.0,-1.0,0.0,0.0,106.0,563.0
12402.0,0.0,3.1416,0.0,0.0,0.0,0.0,-1.0,0.0,0.0,106.0,568.0
12413.0,0.0,3.1416,0.0,0.0,0.0,0.0,-1.0,0.0,0.0,106.0,570.0
12423.0,0.0,3.1416,0.0,0.0,0.0,0.0,-1.0,0.0,0.0,106.0,576.0
12433.0,0.0,3.1416,0.0,0.0,0.0,0.0,-1.0,0.0,0.0,106.0,562.0
12443.0,0.0,3.1416,0.005,0.0,0.0,0.0,-1.0,0.0,0.0,106.0,573.0
12453.0,0.0,3.1416,0.001,0.0,0.0,0.0,-1.0,0.0,0.0,106.0,571.0
12464.0,0.0,3.1416,0.001,0.0,0.0,0.0,-1.0,0.0,0.0,106.0,563.0
12474.0,0.0,3.1416,-0.001,0.0,0.0,0.0,-1.0,0.0,0.0,106.0,562.0
12484.0,0.0,3.1416,-0.002,0.0,0.0,0.0,-1.0,0.0,0.0,106.0,563.0
12495.0,0.0,3.1416,-0.001,0.0,0.0,0.0,-1.0,0.0,0.0,106.0,562.0
12505.0,0.0,3.1416,-0.001,0.0,0.0,0.0,-1.0,0.0,0.0,106.0,562.0
12515.0,0.0,3.1416,-0.001,0.0,0.0,0.0,-1.0,0.0,0.0,106.0,562.0
12526.0,0.0,3.1416,-0.0,0.0,0.0,0.0,-1.0,0.0,0.0,106.0,556.0
12536.0,0.0,3.1416,-0.0,0.0,0.0,0.0,-1.0,0.0,0.0,106.0,570.0
12546.0,0.0,3.1416,-0.0,0.0,0.0,0.0,-1.0,0.0,0.0,106.0,563.0
12556.0,0.0,3.1416,-0.0,0.0,0.0,0.0,-1.0,0.0,0.0,106.0,562.0
12567.0,0.0,3.1416,-0.0,0.0,0.0,0.0,-1.0,0.0,0.0,106.0,562.0
12577.0,0.0,3.1416,0.0,0.0,0.0,0.0,-1.0,0.0,0.0,106.0,556.0
12587.0,0.0,3.1416,0.003,0.0,0.0,0.0,-1.0,0.0,0.0,106.0,572.0
12597.0,0.0,3.1416,0.0,0.0,0.0,0.0,-1.0,0.0,0.0,106.0,576.0
12608.0,0.0,3.1416,-0.001,0.0,0.0,0.0,-1.0,0.0,0.0,106.0,569.0
12618.0,0.0,3.1416,-0.001,0.0,0.0,0.0,-1.0,0.0,0.0,106.0,561.0
12628.0,0.0,3.1416,-0.001,0.0,0.0,0.0,-1.0,0.0,0.0,106.0,555.0
12638.0,0.0,3.1416,-0.0,0.0,0.0,0.0,-1.0,0.0,0.0,106.0,570.0
12649.0,0.0,3.1416,-0.0,0.0,0.0,0.0,-1.0,0.0,0.0,106.0,570.0
12659.0,0.0,3.1416,-0.004,0.0,0.0,0.0,-1.0,0.0,0.0,106.0,556.0
12669.0,0.0,3.1416,-0.0,0.0,0.0,0.0,-1.0,0.0,0.0,106.0,563.0
12680.0,0.0,3.1416,0.001,0.0,0.0,0.0,-1.0,0.0,0.0,106.0,562.0
12690.0,0.0,3.1416,0.001,0.0,0.0,0.0,-1.0,0.0,0.0,106.0,570.0
12700.0,0.0,3.1416,0.001,0.0,0.0,0.0,-1.0,0.0,0.0,106.0,570.0
12710.0,0.0,3.1416,-0.004,0.0,0.0,0.0,-1.0,0.0,0.0,106.0,549.0
12720.0,0.0,3.1416,-0.0,0.0,0.0,0.0,-1.0,0.0,0.0,106.0,555.0
12730.0,0.0,3.1416,0.008,0.0,0.0,0.0,-1.0,0.0,0.0,106.0,570.0
12741.0,0.0,3.1416,0.001,0.0,0.0,0.0,-1.0,0.0,0.0,106.0,571.0
12751.0,0.0,3.1416,-0.001,0.0,0.0,0.0,-1.0,0.0,0.0,106.0,563.0
12762.0,0.0,3.1416,-0.001,0.0,0.0,0.0,-1.0,0.0,0.0,106.0,649.0
12773.0,0.0,3.1416,-0.001,0.0,0.0,0.0,-1.0,0.0,0.0,106.0,562.0
12783.0,0.0,3.1416,-0.001,0.0,0.0,0.0,-1.0,0.0,0.0,106.0,563.0
12793.0,0.0,3.1416,-0.0,0.0,0.0,0.0,-1.0,0.0,0.0,106.0,562.0
12803.0,0.0,3.1416,-0.0,0.0,0.0,0.0,-1.0,0.0,0.0,106.0,555.0
12813.0,0.0,3.1416,-0.0,0.0,0.0,0.0,-1.0,0.0,0.0,106.0,556.0
12823.0,0.0,3.1416,-0.0,0.0,0.0,0.0,-1.0,0.0,0.0,106.0,570.0
12834.0,0.0,3.1416,-0.0,0.0,0.0,0.0,-1.0,0.0,0.0,106.0,570.0
12844.0,0.0,3.1416,0.0,0.0,0.0,0.0,-1.0,0.0,0.0,106.0,562.0
12854.0,0.0,3.1416,0.0,0.0,0.0,0.0,-1.0,0.0,0.0,106.0,562.0
12864.0,0.0,3.1416,0.0,0.0,0.0,0.0,-1.0,0.0,0.0,106.0,562.0
12875.0,0.0,3.1416,0.0,0.0,0.0,0.0,-1.0,0.0,0.0,106.0,555.0
12885.0,0.0,3.1416,0.0,0.0,0.0,0.0,-1.0,0.0,0.0,106.0,570.0
12895.0,0.0,3.1416,0.0,0.0,0.0,0.0,-1.0,0.0,0.0,106.0,562.0
12905.0,0.0,3.1416,0.0,0.0,0.0,0.0,-1.0,0.0,0.0,106.0,563.0
12915.0,0.0,3.1416,0.0,0.0,0.0,0.0,-1.0,0.0,0.0,106.0,576.0
12926.0,0.0,3.1416,0.005,0.0,0.0,0.0,-1.0,0.0,0.0,106.0,572.0
12936.0,0.0,3.1416,0.0,0.0,0.0,0.0,-1.0,0.0,0.0,106.0,562.0
12946.0,0.0,3.1416,-0.001,0.0,0.0,0.0,-1.0,0.0,0.0,106.0,576.0
12957.0,0.0,3.1416,0.003,0.0,0.0,0.0,-1.0,0.0,0.0,106.0,571.0
12967.0,0.0,3.1416,-0.001,0.0,0.0,0.0,-1.0,0.0,0.0,106.0,561.0
12977.0,0.0,3.1416,0.003,0.0,0.0,0.0,-1.0,0.0,0.0,106.0,572.0
12987.0,0.0,3.1416,-0.001,0.0,0.0,0.0,-1.0,0.0,0.0,106.0,576.0
12998.0,0.0,3.1416,-0.002,0.0,0.0,0.0,-1.0,0.0,0.0,106.0,562.0
13008.0,0.0,3.1416,-0.001,0.0,0.0,0.0,-1.0,0.0,0.0,106.0,563.0
13018.0,0.0,3.1416,0.004,0.0,0.0,0.0,-1.0,0.0,0.0,106.0,549.0
13028.0,0.0,3.1416,-0.0,0.0,0.0,0.0,-1.0,0.0,0.0,106.0,576.0
13038.0,0.0,3.1416,-0.001,0.0,0.0,0.0,-1.0,0.0,0.0,106.0,576.0
13049.0,0.0,3.1416,-0.001,0.0,0.0,0.0,-1.0,0.0,0.0,106.0,562.0
13059.0,0.0,3.1416,-0.001,0.0,0.0,0.0,-1.0,0.0,0.0,106.0,562.0
13069.0,0.0,3.1416,-0.001,0.0,0.0,0.0,-1.0,0.0,0.0,106.0,569.0
13079.0,0.0,3.1416,-0.0,0.0,0.0,0.0,-1.0,0.0,0.0,106.0,555.0
13089.0,0.0,3.1416,-0.0,0.0,0.0,0.0,-1.0,0.0,0.0,106.0,562.0
13099.0,0.0,3.1416,-0.0,0.0,0.0,0.0,-1.0,0.0,0.0,106.0,555.0
13109.0,0.0,3.1416,-0.0,0.0,0.0,0.0,-1.0,0.0,0.0,106.0,562.0
13120.0,0.0,3.1416,-0.0,0.0,0.0,0.0,-1.0,0.0,0.0,106.0,562.0
13130.0,0.0,3.1416,0.0,0.0,0.0,0.0,-1.0,0.0,0.0,106.0,570.0
13140.0,0.0,3.1416,0.006,0.0,0.0,0.0,-1.0,0.0,0.0,106.0,577.0
13150.0,0.0,3.1416,0.0,0.0,0.0,0.0,-1.0,0.0,0.0,106.0,571.0
13160.0,0.0,3.1416,-0.001,0.0,0.0,0.0,-1.0,0.0,0.0,106.0,549.0
13170.0,0.0,3.1416,-0.002,0.0,0.0,0.0,-1.0,0.0,0.0,106.0,562.0
13180.0,0.0,3.1416,-0.002,0.0,0.0,0.0,-1.0,0.0,0.0,106.0,562.0
13190.0,0.0,3.1416,-0.002,0.0,0.0,0.0,-1.0,0.0,0.0,106.0,563.0
13201.0,0.0,3.1416,-0.001,0.0,0.0,0.0,-1.0,0.0,0.0,106.0,562.0
13211.0,0.0,3.1416,-0.001,0.0,0.0,0.0,-1.0,0.0,0.0,106.0,564.0
13221.0,0.0,3.1416,-0.0,0.0,0.0,0.0,-1.0,0.0,0.0,106.0,562.0
13231.0,0.0,3.1416,-0.0,0.0,0.0,0.0,-1.0,0.0,0.0,106.0,555.0
13241.0,0.0,3.1416,-0.0,0.0,0.0,0.0,-1.0,0.0,0.0,106.0,562.0
13251.0,0.0,3.1416,-0.0,0.0,0.0,0.0,-1.0,0.0,0.0,106.0,562.0
13261.0,0.0,3.1416,-0.0,0.0,0.0,0.0,-1.0,0.0,0.0,106.0,570.0
13272.0,0.0,3.1416,0.003,0.0,0.0,0.0,-1.0,0.0,0.0,106.0,558.0
13282.0,0.0,3.1416,0.0,0.0,0.0,0.0,-1.0,0.0,0.0,106.0,576.0
13292.0,0.0,3.1416,-0.001,0.0,0.0,0.0,-1.0,0.0,0.0,106.0,562.0
13302.0,0.0,3.1416,-0.001,0.0,0.0,0.0,-1.0,0.0,0.0,106.0,562.0
13313.0,0.0,3.1416,-0.001,0.0,0.0,0.0,-1.0,0.0,0.0,106.0,562.0
13323.0,0.0,3.1416,-0.0,0.0,0.0,0.0,-1.0,0.0,0.0,106.0,570.0
13333.0,0.0,3.1416,-0.0,0.0,0.0,0.0,-1.0,0.0,0.0,106.0,562.0
13343.0,0.0,3.1416,-0.0,0.0,0.0,0.0,-1.0,0.0,0.0,106.0,571.0
13354.0,0.0,3.1416,0.004,0.0,0.0,0.0,-1.0,0.0,0.0,106.0,564.0
13364.0,0.0,3.1416,0.0,0.0,0.0,0.0,-1.0,0.0,0.0,106.0,576.0
13374.0,0.0,3.1416,-0.001,0.0,0.0,0.0,-1.0,0.0,0.0,106.0,563.0
13384.0,0.0,3.1416,0.003,0.0,0.0,0.0,-1.0,0.0,0.0,106.0,571.0
13395.0,0.0,3.1416,-0.0,0.0,0.0,0.0,-1.0,0.0,0.0,106.0,576.0
13405.0,0.0,3.1416,-0.001,0.0,0.0,0.0,-1.0,0.0,0.0,106.0,562.0
13415.0,0.0,3.1416,-0.001,0.0,0.0,0.0,-1.0,0.0,0.0,106.0,555.0
13425.0,0.0,3.1416,-0.001,0.0,0.0,0.0,-1.0,0.0,0.0,106.0,556.0
13435.0,0.0,3.1416,-0.001,0.0,0.0,0.0,-1.0,0.0,0.0,106.0,562.0
13446.0,0.0,3.1416,-0.0,0.0,0.0,0.0,-1.0,0.0,0.0,106.0,555.0
13456.0,0.0,3.1416,-0.0,0.0,0.0,0.0,-1.0,0.0,0.0,106.0,570.0
13466.0,0.0,3.1416,-0.0,0.0,0.0,0.0,-1.0,0.0,0.0,106.0,563.0
13476.0,0.0,3.1416,-0.0,0.0,0.0,0.0,-1.0,0.0,0.0,106.0,562.0
13486.0,0.0,3.1416,-0.0,0.0,0.0,0.0,-1.0,0.0,0.0,106.0,570.0
13497.0,0.0,3.1416,0.0,0.0,0.0,0.0,-1.0,0.0,0.0,106.0,562.0
13507.0,0.0,3.1416,0.0,0.0,0.0,0.0,-1.0,0.0,0.0,106.0,563.0
13517.0,0.0,3.1416,0.0,0.0,0.0,0.0,-1.0,0.0,0.0,106.0,570.0
13528.0,0.0,3.1416,0.0,0.0,0.0,0.0,-1.0,0.0,0.0,106.0,556.0
13538.0,0.0,3.1416,0.004,0.0,0.0,0.0,-1.0,0.0,0.0,106.0,564.0
13548.0,0.0,3.1416,0.0,0.0,0.0,0.0,-1.0,0.0,0.0,106.0,577.0
13558.0,0.0,3.1416,-0.001,0.0,0.0,0.0,-1.0,0.0,0.0,106.0,576.0
13568.0,0.0,3.1416,-0.001,0.0,0.0,0.0,-1.0,0.0,0.0,106.0,556.0
13578.0,0.0,3.1416,0.002,0.0,0.0,0.0,-1.0,0.0,0.0,106.0,572.0
13589.0,0.0,3.1416,-0.0,0.0,0.0,0.0,-1.0,0.0,0.0,106.0,576.0
13599.0,0.0,3.1416,-0.001,0.0,0.0,0.0,-1.0,0.0,0.0,106.0,561.0
13609.0,0.0,3.1416,-0.001,0.0,0.0,0.0,-1.0,0.0,0.0,106.0,562.0
13619.0,0.0,3.1416,-0.001,0.0,0.0,0.0,-1.0,0.0,0.0,106.0,571.0
13630.0,0.0,3.1416,-0.0,0.0,0.0,0.0,-1.0,0.0,0.0,106.0,555.0
13640.0,0.0,3.1416,-0.0,0.0,0.0,0.0,-1.0,0.0,0.0,106.0,562.0
13650.0,0.0,3.1416,-0.0,0.0,0.0,0.0,-1.0,0.0,0.0,106.0,562.0
13660.0,0.0,3.1416,-0.0,0.0,0.0,0.0,-1.0,0.0,0.0,106.0,563.0
13670.0,0.0,3.1416,0.002,0.0,0.0,0.0,-1.0,0.0,0.0,106.0,563.0
13680.0,0.0,3.1416,-0.0,0.0,0.0,0.0,-1.0,0.0,0.0,106.0,576.0
13691.0,0.0,3.1416,-0.001,0.0,0.0,0.0,-1.0,0.0,0.0,106.0,569.0
13701.0,0.0,3.1416,-0.001,0.0,0.0,0.0,-1.0,0.0,0.0,106.0,556.0
13711.0,0.0,3.1416,-0.001,0.0,0.0,0.0,-1.0,0.0,0.0,106.0,563.0
13721.0,0.0,3.1416,-0.0,0.0,0.0,0.0,-1.0,0.0,0.0,106.0,570.0
13732.0,0.0,3.1416,-0.0,0.0,0.0,0.0,-1.0,0.0,0.0,106.0,570.0
13742.0,0.0,3.1416,-0.0,0.0,0.0,0.0,-1.0,0.0,0.0,106.0,563.0
13752.0,0.0,3.1416,-0.0,0.0,0.0,0.0,-1.0,0.0,0.0,106.0,570.0
13763.0,0.0,3.1416,-0.0,0.0,0.0,0.0,-1.0,0.0,0.0,106.0,562.0
13773.0,0.0,3.1416,0.0,0.0,0.0,0.0,-1.0,0.0,0.0,106.0,562.0
13783.0,0.0,3.1416,0.0,0.0,0.0,0.0,-1.0,0.0,0.0,106.0,556.0
13793.0,0.0,3.1416,0.0,0.0,0.0,0.0,-1.0,0.0,0.0,106.0,562.0
13804.0,0.0,3.1416,0.0,0.0,0.0,0.0,-1.0,0.0,0.0,106.0,562.0
13814.0,0.0,3.1416,0.005,0.0,0.0,0.0,-1.0,0.0,0.0,106.0,549.0
13824.0,0.0,3.1416,0.001,0.0,0.0,0.0,-1.0,0.0,0.0,106.0,556.0
13834.0,0.0,-3.1401,0.005,0.0,0.0,0.0,-1.0,0.0,0.0,106.0,562.0
13845.0,0.0,3.1416,0.0,0.0,0.0,0.0,-1.0,0.0,0.0,106.0,557.0
13855.0,0.0,3.1416,-0.001,0.0,0.0,0.0,-1.0,0.0,0.0,106.0,562.0
13865.0,0.0,3.1416,-0.001,0.0,0.0,0.0,-1.0,0.0,0.0,106.0,563.0
13875.0,0.0,3.1416,-0.001,0.0,0.0,0.0,-1.0,0.0,0.0,106.0,562.0
13886.0,0.0,3.1416,-0.001,0.0,0.0,0.0,-1.0,0.0,0.0,106.0,562.0
13896.0,0.0,3.1416,-0.001,0.0,0.0,0.0,-1.0,0.0,0.0,106.0,563.0
13906.0,0.0,3.1416,0.004,0.0,0.0,0.0,-1.0,0.0,0.0,106.0,566.0
13916.0,0.0,3.1416,0.0,0.0,0.0,0.0,-1.0,0.0,0.0,106.0,562.0
13926.0,0.0,3.1416,-0.001,0.0,0.0,0.0,-1.0,0.0,0.0,106.0,576.0
13937.0,0.0,3.1416,-0.001,0.0,0.0,0.0,-1.0,0.0,0.0,106.0,570.0
13947.0,0.0,3.1416,-0.001,0.0,0.0,0.0,-1.0,0.0,0.0,106.0,562.0
13957.0,0.0,3.1416,-0.0,0.0,0.0,0.0,-1.0,0.0,0.0,106.0,555.0
13967.0,0.0,3.1416,-0.0,0.0,0.0,0.0,-1.0,0.0,0.0,106.0,562.0
13977.0,0.0,3.1416,-0.0,0.0,0.0,0.0,-1.0,0.0,0.0,106.0,562.0
13988.0,0.0,3.1416,-0.0,0.0,0.0,0.0,-1.0,0.0,0.0,106.0,555.0
13998.0,0.0,3.1416,-0.0,0.0,0.0,0.0,-1.0,0.0,0.0,106.0,570.0
14008.0,0.0,3.1416,-0.0,0.0,0.0,0.0,-1.0,0.0,0.0,106.0,562.0
14018.0,0.0,3.1416,0.0,0.0,0.0,0.0,-1.0,0.0,0.0,106.0,562.0
14028.0,0.0,3.1416,0.0,0.0,0.0,0.0,-1.0,0.0,0.0,106.0,562.0
14038.0,0.0,3.1416,0.0,0.0,0.0,0.0,-1.0,0.0,0.0,106.0,570.0
14049.0,0.0,3.1416,0.0,0.0,0.0,0.0,-1.0,0.0,0.0,106.0,570.0
14059.0,0.0,3.1416,0.0,0.0,0.0,0.0,-1.0,0.0,0.0,106.0,562.0
14069.0,0.0,3.1416,0.003,0.0,0.0,0.0,-1.0,0.0,0.0,106.0,557.0
14079.0,0.0,3.1416,-0.0,0.0,0.0,0.0,-1.0,0.0,0.0,106.0,576.0
14090.0,0.0,3.1416,-0.001,0.0,0.0,0.0,-1.0,0.0,0.0,106.0,576.0
14100.0,0.0,3.1416,-0.001,0.0,0.0,0.0,-1.0,0.0,0.0,106.0,562.0
14110.0,0.0,3.1416,0.002,0.0,0.0,0.0,-1.0,0.0,0.0,106.0,571.0
14121.0,0.0,3.1416,-0.0,0.0,0.0,0.0,-1.0,0.0,0.0,106.0,570.0
14131.0,0.0,3.1416,-0.001,0.0,0.0,0.0,-1.0,0.0,0.0,106.0,576.0
14141.0,0.0,3.1416,0.0,0.0,0.0,0.0,-1.0,0.0,0.0,106.0,556.0
14151.0,0.0,3.1416,-0.001,0.0,0.0,0.0,-1.0,0.0,0.0,106.0,562.0
14161.0,0.0,3.1416,0.003,0.0,0.0,0.0,-1.0,0.0,0.0,106.0,571.0
14172.0,0.0,3.1416,-0.001,0.0,0.0,0.0,-1.0,0.0,0.0,106.0,576.0
14182.0,0.0,3.1416,-0.001,0.0,0.0,0.0,-1.0,0.0,0.0,106.0,578.0
14192.0,0.0,3.1416,-0.001,0.0,0.0,0.0,-1.0,0.0,0.0,106.0,555.0
14202.0,0.0,3.1416,-0.001,0.0,0.0,0.0,-1.0,0.0,0.0,106.0,555.0
14212.0,0.0,3.1416,-0.001,0.0,0.0,0.0,-1.0,0.0,0.0,106.0,562.0
14222.0,0.0,3.1416,-0.0,0.0,0.0,0.0,-1.0,0.0,0.0,106.0,569.0
14233.0,0.0,3.1416,-0.0,0.0,0.0,0.0,-1.0,0.0,0.0,106.0,563.0
14243.0,0.0,3.1416,-0.0,0.0,0.0,0.0,-1.0,0.0,0.0,106.0,570.0
14253.0,0.0,3.1416,-0.0,0.0,0.0,0.0,-1.0,0.0,0.0,106.0,570.0
14263.0,0.0,3.1416,0.001,0.0,0.0,0.0,-1.0,0.0,0.0,106.0,549.0
14273.0,0.0,3.1416,-0.0,0.0,0.0,0.0,-1.0,0.0,0.0,106.0,561.0
14283.0,0.0,3.1416,0.001,0.0,0.0,0.0,-1.0,0.0,0.0,106.0,571.0
14294.0,0.0,3.1416,-0.001,0.0,0.0,0.0,-1.0,0.0,0.0,106.0,570.0
14304.0,0.0,3.1416,-0.001,0.0,0.0,0.0,-1.0,0.0,0.0,106.0,571.0
14314.0,0.0,3.1416,-0.001,0.0,0.0,0.0,-1.0,0.0,0.0,106.0,562.0
14324.0,0.0,3.1416,-0.001,0.0,0.0,0.0,-1.0,0.0,0.0,106.0,563.0
14335.0,0.0,3.1416,-0.001,0.0,0.0,0.0,-1.0,0.0,0.0,106.0,563.0
14345.0,0.0,3.1416,-0.0,0.0,0.0,0.0,-1.0,0.0,0.0,106.0,562.0
14355.0,0.0,3.1416,0.002,0.0,0.0,0.0,-1.0,0.0,0.0,106.0,571.0
14366.0,0.0,3.1416,-0.0,0.0,0.0,0.0,-1.0,0.0,0.0,106.0,576.0
14376.0,0.0,3.1416,-0.001,0.0,0.0,0.0,-1.0,0.0,0.0,106.0,562.0
14386.0,0.0,3.1416,-0.001,0.0,0.0,0.0,-1.0,0.0,0.0,106.0,570.0
14397.0,0.0,3.1416,-0.001,0.0,0.0,0.0,-1.0,0.0,0.0,106.0,562.0
14407.0,0.0,3.1416,-0.0,0.0,0.0,0.0,-1.0,0.0,0.0,106.0,562.0
14417.0,0.0,3.1416,-0.0,0.0,0.0,0.0,-1.0,0.0,0.0,106.0,563.0
14427.0,0.0,3.1416,-0.0,0.0,0.0,0.0,-1.0,0.0,0.0,106.0,562.0
14437.0,0.0,3.1416,-0.0,0.0,0.0,0.0,-1.0,0.0,0.0,106.0,556.0
14448.0,0.0,3.1416,-0.0,0.0,0.0,0.0,-1.0,0.0,0.0,106.0,563.0
14458.0,0.0,3.1416,0.0,0.0,0.0,0.0,-1.0,0.0,0.0,106.0,563.0
14468.0,0.0,3.1416,0.001,0.0,0.0,0.0,-1.0,0.0,0.0,106.0,557.0
14478.0,0.0,3.1416,0.002,0.0,0.0,0.0,-1.0,0.0,0.0,106.0,557.0
14489.0,0.0,3.1416,-0.001,0.0,0.0,0.0,-1.0,0.0,0.0,106.0,563.0
14499.0,0.0,3.1416,-0.002,0.0,0.0,0.0,-1.0,0.0,0.0,106.0,562.0
14509.0,0.0,3.1416,-0.001,0.0,0.0,0.0,-1.0,0.0,0.0,106.0,562.0
14519.0,0.0,3.1416,-0.001,0.0,0.0,0.0,-1.0,0.0,0.0,106.0,570.0
14530.0,0.0,3.1416,-0.001,0.0,0.0,0.0,-1.0,0.0,0.0,106.0,562.0
14540.0,0.0,3.1416,-0.0,0.0,0.0,0.0,-1.0,0.0,0.0,106.0,563.0
14550.0,0.0,3.1416,-0.0,0.0,0.0,0.0,-1.0,0.0,0.0,106.0,562.0
14560.0,0.0,3.1416,-0.0,0.0,0.0,0.0,-1.0,0.0,0.0,106.0,570.0
14571.0,0.0,3.1416,-0.0,0.0,0.0,0.0,-1.0,0.0,0.0,106.0,570.0
14581.0,0.0,3.1416,-0.0,0.0,0.0,0.0,-1.0,0.0,0.0,106.0,570.0
14591.0,0.0,3.1416,0.0,0.0,0.0,0.0,-1.0,0.0,0.0,106.0,562.0
14601.0,0.0,3.1416,0.0,0.0,0.0,0.0,-1.0,0.0,0.0,106.0,571.0
14612.0,0.0,3.1416,0.0,0.0,0.0,0.0,-1.0,0.0,0.0,106.0,556.0
14622.0,0.0,3.1416,0.0,0.0,0.0,0.0,-1.0,0.0,0.0,106.0,570.0
14632.0,0.0,3.1416,0.0,0.0,0.0,0.0,-1.0,0.0,0.0,106.0,563.0
14642.0,0.0,3.1416,0.0,0.0,0.0,0.0,-1.0,0.0,0.0,106.0,562.0
14652.0,0.0,3.1416,0.002,0.0,0.0,0.0,-1.0,0.0,0.0,106.0,564.0
14662.0,0.0,3.1416,-0.0,0.0,0.0,0.0,-1.0,0.0,0.0,106.0,577.0
14673.0,0.0,3.1416,-0.001,0.0,0.0,0.0,-1.0,0.0,0.0,106.0,577.0
14683.0,0.0,3.1416,-0.001,0.0,0.0,0.0,-1.0,0.0,0.0,106.0,562.0
14693.0,0.0,3.1416,-0.001,0.0,0.0,0.0,-1.0,0.0,0.0,106.0,570.0
14704.0,0.0,3.1416,-0.0,0.0,0.0,0.0,-1.0,0.0,0.0,106.0,555.0
14714.0,0.0,3.1416,-0.0,0.0,0.0,0.0,-1.0,0.0,0.0,106.0,562.0
14724.0,0.0,3.1416,-0.0,0.0,0.0,0.0,-1.0,0.0,0.0,106.0,570.0
14734.0,0.0,3.1416,-0.0,0.0,0.0,0.0,-1.0,0.0,0.0,106.0,562.0
14744.0,0.0,3.1416,0.005,0.0,0.0,0.0,-1.0,0.0,0.0,106.0,573.0
14754.0,0.0,3.1416,0.001,0.0,0.0,0.0,-1.0,0.0,0.0,106.0,563.0
14764.0,0.0,3.1416,-0.001,0.0,0.0,0.0,-1.0,0.0,0.0,106.0,576.0
14775.0,0.0,3.1416,-0.001,0.0,0.0,0.0,-1.0,0.0,0.0,106.0,563.0
14785.0,0.0,3.1416,-0.001,0.0,0.0,0.0,-1.0,0.0,0.0,106.0,562.0
14795.0,0.0,3.1416,-0.0,0.0,0.0,0.0,-1.0,0.0,0.0,106.0,555.0
14805.0,0.0,3.1416,-0.0,0.0,0.0,0.0,-1.0,0.0,0.0,106.0,562.0
14815.0,0.0,3.1416,0.001,0.0,0.0,0.0,-1.0,0.0,0.0,106.0,571.0
14826.0,0.0,3.1416,-0.001,0.0,0.0,0.0,-1.0,0.0,0.0,106.0,569.0
14836.0,0.0,3.1416,-0.001,0.0,0.0,0.0,-1.0,0.0,0.0,106.0,562.0
14846.0,0.0,3.1416,-0.001,0.0,0.0,0.0,-1.0,0.0,0.0,106.0,562.0
14856.0,0.0,3.1416,-0.001,0.0,0.0,0.0,-1.0,0.0,0.0,106.0,570.0
14867.0,0.0,3.1416,-0.0,0.0,0.0,0.0,-1.0,0.0,0.0,106.0,562.0
14877.0,0.0,3.1416,-0.0,0.0,0.0,0.0,-1.0,0.0,0.0,106.0,570.0
14887.0,0.0,3.1416,-0.0,0.0,0.0,0.0,-1.0,0.0,0.0,106.0,556.0
14897.0,0.0,3.1416,-0.0,0.0,0.0,0.0,-1.0,0.0,0.0,106.0,555.0
14908.0,0.0,3.1416,-0.0,0.0,0.0,0.0,-1.0,0.0,0.0,106.0,562.0
14918.0,0.0,3.1416,0.0,0.0,0.0,0.0,-1.0,0.0,0.0,106.0,570.0
14928.0,0.0,3.1416,0.0,0.0,0.0,0.0,-1.0,0.0,0.0,106.0,562.0
14938.0,0.0,3.1416,0.0,0.0,0.0,0.0,-1.0,0.0,0.0,106.0,570.0
14948.0,0.0,3.1416,0.0,0.0,0.0,0.0,-1.0,0.0,0.0,106.0,570.0
14959.0,0.0,3.1416,0.0,0.0,0.0,0.0,-1.0,0.0,0.0,106.0,563.0
14969.0,0.0,3.1416,0.0,0.0,0.0,0.0,-1.0,0.0,0.0,106.0,563.0
14979.0,0.0,3.1416,0.0,0.0,0.0,0.0,-1.0,0.0,0.0,106.0,570.0
14989.0,0.0,3.1416,0.0,0.0,0.0,0.0,-1.0,0.0,0.0,106.0,576.0
14999.0,0.0,3.1416,0.0,0.0,0.0,0.0,-1.0,0.0,0.0,106.0,561.0
15009.0,0.0,3.1416,0.0,0.0,0.0,0.0,-1.0,0.0,0.0,106.0,562.0
15019.0,0.0,3.1416,0.0,0.0,0.0,0.0,-1.0,0.0,0.0,106.0,569.0
15030.0,0.0,3.1416,0.003,0.0,0.0,0.0,-1.0,0.0,0.0,106.0,564.0
15040.0,0.0,3.1416,0.0,0.0,0.0,0.0,-1.0,0.0,0.0,106.0,570.0
15050.0,0.0,3.1416,0.001,0.0,0.0,0.0,-1.0,0.0,0.0,106.0,556.0
15060.0,0.0,3.1416,-0.001,0.0,0.0,0.0,-1.0,0.0,0.0,106.0,563.0
15071.0,0.0,3.1416,-0.002,0.0,0.0,0.0,-1.0,0.0,0.0,106.0,555.0
15081.0,0.0,3.1416,-0.001,0.0,0.0,0.0,-1.0,0.0,0.0,106.0,569.0
15091.0,0.0,3.1416,-0.001,0.0,0.0,0.0,-1.0,0.0,0.0,106.0,562.0
15101.0,0.0,3.1416,-0.001,0.0,0.0,0.0,-1.0,0.0,0.0,106.0,563.0
15111.0,0.0,3.1416,0.004,0.0,0.0,0.0,-1.0,0.0,0.0,106.0,571.0
15122.0,0.0,3.1416,0.0,0.0,0.0,0.0,-1.0,0.0,0.0,106.0,576.0
15132.0,0.0,3.1416,-0.001,0.0,0.0,0.0,-1.0,0.0,0.0,106.0,561.0
15142.0,0.0,3.1416,-0.001,0.0,0.0,0.0,-1.0,0.0,0.0,106.0,562.0
15152.0,0.0,3.1416,0.003,0.0,0.0,0.0,-1.0,0.0,0.0,106.0,571.0
15163.0,0.0,3.1416,-0.0,0.0,0.0,0.0,-1.0,0.0,0.0,106.0,569.0
15173.0,0.0,3.1416,-0.001,0.0,0.0,0.0,-1.0,0.0,0.0,106.0,562.0
15183.0,0.0,3.1416,-0.001,0.0,0.0,0.0,-1.0,0.0,0.0,106.0,562.0
15194.0,0.0,3.1416,-0.001,0.0,0.0,0.0,-1.0,0.0,0.0,106.0,562.0
15204.0,0.0,3.1416,0.001,0.0,0.0,0.0,-1.0,0.0,0.0,106.0,563.0
15214.0,0.0,3.1416,-0.001,0.0,0.0,0.0,-1.0,0.0,0.0,106.0,576.0
15224.0,0.0,3.1416,-0.001,0.0,0.0,0.0,-1.0,0.0,0.0,106.0,562.0
15234.0,0.0,-3.1401,0.005,0.0,0.0,0.0,-1.0,0.0,0.0,106.0,569.0
15245.0,0.0,3.1416,0.0,0.0,0.0,0.0,-1.0,0.0,0.0,106.0,558.0
15255.0,0.0,3.1416,-0.001,0.0,0.0,0.0,-1.0,0.0,0.0,106.0,571.0
15265.0,0.0,3.1416,-0.001,0.0,0.0,0.0,-1.0,0.0,0.0,106.0,562.0
15275.0,0.0,3.1416,-0.001,0.0,0.0,0.0,-1.0,0.0,0.0,106.0,562.0
15285.0,0.0,3.1416,0.002,0.0,0.0,0.0,-1.0,0.0,0.0,106.0,557.0
15295.0,0.0,3.1416,-0.0,0.0,0.0,0.0,-1.0,0.0,0.0,106.0,576.0
15306.0,0.0,3.1416,-0.001,0.0,0.0,0.0,-1.0,0.0,0.0,106.0,576.0
15316.0,0.0,3.1416,-0.001,0.0,0.0,0.0,-1.0,0.0,0.0,106.0,562.0
15326.0,0.0,3.1416,-0.001,0.0,0.0,0.0,-1.0,0.0,0.0,106.0,562.0
15337.0,0.0,3.1416,-0.0,0.0,0.0,0.0,-1.0,0.0,0.0,106.0,562.0
15347.0,0.0,3.1416,-0.0,0.0,0.0,0.0,-1.0,0.0,0.0,106.0,570.0
15357.0,0.0,3.1416,-0.0,0.0,0.0,0.0,-1.0,0.0,0.0,106.0,563.0
15367.0,0.0,3.1416,-0.0,0.0,0.0,0.0,-1.0,0.0,0.0,106.0,570.0
15378.0,0.0,3.1416,-0.0,0.0,0.0,0.0,-1.0,0.0,0.0,106.0,563.0
15388.0,0.0,3.1416,-0.0,0.0,0.0,0.0,-1.0,0.0,0.0,106.0,555.0
15398.0,0.0,3.1416,0.0,0.0,0.0,0.0,-1.0,0.0,0.0,106.0,563.0
15408.0,0.0,3.1416,0.0,0.0,0.0,0.0,-1.0,0.0,0.0,106.0,562.0
15419.0,0.0,3.1416,0.0,0.0,0.0,0.0,-1.0,0.0,0.0,106.0,562.0
15429.0,0.0,3.1416,0.0,0.0,0.0,0.0,-1.0,0.0,0.0,106.0,562.0
15439.0,0.0,3.1416,0.0,0.0,0.0,0.0,-1.0,0.0,0.0,106.0,562.0
15449.0,0.0,3.1416,0.004,0.0,0.0,0.0,-1.0,0.0,0.0,106.0,564.0
15459.0,0.0,3.1416,0.0,0.0,0.0,0.0,-1.0,0.0,0.0,106.0,576.0
15470.0,0.0,3.1416,-0.001,0.0,0.0,0.0,-1.0,0.0,0.0,106.0,570.0
15480.0,0.0,3.1416,-0.001,0.0,0.0,0.0,-1.0,0.0,0.0,106.0,563.0
15490.0,0.0,3.1416,-0.001,0.0,0.0,0.0,-1.0,0.0,0.0,106.0,562.0
15500.0,0.0,3.1416,-0.0,0.0,0.0,0.0,-1.0,0.0,0.0,106.0,570.0
15511.0,0.0,3.1416,0.005,0.0,0.0,0.0,-1.0,0.0,0.0,106.0,557.0
15521.0,0.0,3.1416,0.001,0.0,0.0,0.0,-1.0,0.0,0.0,106.0,571.0
15531.0,0.0,3.1416,-0.001,0.0,0.0,0.0,-1.0,0.0,0.0,106.0,562.0
15541.0,0.0,3.1416,-0.001,0.0,0.0,0.0,-1.0,0.0,0.0,106.0,555.0
15551.0,0.0,3.1416,0.003,0.0,0.0,0.0,-1.0,0.0,0.0,106.0,571.0
15562.0,0.0,3.1416,-0.0,0.0,0.0,0.0,-1.0,0.0,0.0,106.0,576.0
15572.0,0.0,3.1416,-0.001,0.0,0.0,0.0,-1.0,0.0,0.0,106.0,555.0
15582.0,0.0,3.1416,-0.001,0.0,0.0,0.0,-1.0,0.0,0.0,106.0,562.0
15592.0,0.0,3.1416,0.002,0.0,0.0,0.0,-1.0,0.0,0.0,106.0,564.0
15602.0,0.0,3.1416,-0.001,0.0,0.0,0.0,-1.0,0.0,0.0,106.0,577.0
15613.0,0.0,3.1416,-0.001,0.0,0.0,0.0,-1.0,0.0,0.0,106.0,576.0
15623.0,0.0,3.1416,-0.001,0.0,0.0,0.0,-1.0,0.0,0.0,106.0,563.0
15633.0,0.0,3.1416,-0.001,0.0,0.0,0.0,-1.0,0.0,0.0,106.0,570.0
15644.0,0.0,3.1416,-0.001,0.0,0.0,0.0,-1.0,0.0,0.0,106.0,562.0
15654.0,0.0,3.1416,-0.0,0.0,0.0,0.0,-1.0,0.0,0.0,106.0,562.0
15664.0,0.0,3.1416,-0.0,0.0,0.0,0.0,-1.0,0.0,0.0,106.0,562.0
15674.0,0.0,3.1416,-0.0,0.0,0.0,0.0,-1.0,0.0,0.0,106.0,563.0
15685.0,0.0,3.1416,-0.0,0.0,0.0,0.0,-1.0,0.0,0.0,106.0,562.0
15695.0,0.0,3.1416,-0.0,0.0,0.0,0.0,-1.0,0.0,0.0,106.0,562.0
15705.0,0.0,3.1416,0.0,0.0,0.0,0.0,-1.0,0.0,0.0,106.0,563.0
15716.0,0.0,3.1416,0.0,0.0,0.0,0.0,-1.0,0.0,0.0,106.0,563.0
15726.0,0.0,3.1416,0.003,0.0,0.0,0.0,-1.0,0.0,0.0,106.0,565.0
15736.0,0.0,3.1416,0.0,0.0,0.0,0.0,-1.0,0.0,0.0,106.0,562.0
15746.0,0.0,3.1416,-0.001,0.0,0.0,0.0,-1.0,0.0,0.0,106.0,562.0
15756.0,0.0,3.1416,0.003,0.0,0.0,0.0,-1.0,0.0,0.0,106.0,565.0
15766.0,0.0,3.1416,-0.0,0.0,0.0,0.0,-1.0,0.0,0.0,106.0,576.0
15777.0,0.0,3.1416,-0.001,0.0,0.0,0.0,-1.0,0.0,0.0,106.0,569.0
15787.0,0.0,3.1416,0.002,0.0,0.0,0.0,-1.0,0.0,0.0,106.0,556.0
15797.0,0.0,3.1416,-0.001,0.0,0.0,0.0,-1.0,0.0,0.0,106.0,576.0
15808.0,0.0,3.1416,-0.001,0.0,0.0,0.0,-1.0,0.0,0.0,106.0,576.0
15818.0,0.0,3.1416,-0.001,0.0,0.0,0.0,-1.0,0.0,0.0,106.0,562.0
15828.0,0.0,3.1416,-0.001,0.0,0.0,0.0,-1.0,0.0,0.0,106.0,570.0
15839.0,0.0,3.1416,-0.001,0.0,0.0,0.0,-1.0,0.0,0.0,106.0,562.0
15849.0,0.0,3.1416,-0.0,0.0,0.0,0.0,-1.0,0.0,0.0,106.0,570.0
15859.0,0.0,3.1416,-0.0,0.0,0.0,0.0,-1.0,0.0,0.0,106.0,555.0
15869.0,0.0,3.1416,-0.0,0.0,0.0,0.0,-1.0,0.0,0.0,106.0,562.0
15879.0,0.0,3.1416,-0.0,0.0,0.0,0.0,-1.0,0.0,0.0,106.0,563.0
15890.0,0.0,3.1416,-0.0,0.0,0.0,0.0,-1.0,0.0,0.0,106.0,562.0
15900.0,0.0,3.1416,0.0,0.0,0.0,0.0,-1.0,0.0,0.0,106.0,563.0
15910.0,0.0,3.1416,0.0,0.0,0.0,0.0,-1.0,0.0,0.0,106.0,562.0
15921.0,0.0,3.1416,0.0,0.0,0.0,0.0,-1.0,0.0,0.0,106.0,556.0
15931.0,0.0,3.1416,0.0,0.0,0.0,0.0,-1.0,0.0,0.0,106.0,570.0
15941.0,0.0,3.1416,0.0,0.0,0.0,0.0,-1.0,0.0,0.0,106.0,556.0
15951.0,0.0,3.1416,0.004,0.0,0.0,0.0,-1.0,0.0,0.0,106.0,557.0
15961.0,0.0,3.1416,0.0,0.0,0.0,0.0,-1.0,0.0,0.0,106.0,569.0
15971.0,0.0,3.1416,-0.001,0.0,0.0,0.0,-1.0,0.0,0.0,106.0,577.0
15982.0,0.0,3.1416,-0.001,0.0,0.0,0.0,-1.0,0.0,0.0,106.0,562.0
15992.0,0.0,3.1416,-0.001,0.0,0.0,0.0,-1.0,0.0,0.0,106.0,569.0
16002.0,0.0,3.1416,-0.0,0.0,0.0,0.0,-1.0,0.0,0.0,106.0,562.0
16012.0,0.0,3.1416,-0.0,0.0,0.0,0.0,-1.0,0.0,0.0,106.0,556.0
16022.0,0.0,3.1416,-0.0,0.0,0.0,0.0,-1.0,0.0,0.0,106.0,571.0
16033.0,0.0,3.1416,-0.0,0.0,0.0,0.0,-1.0,0.0,0.0,106.0,569.0
16043.0,0.0,3.1416,-0.0,0.0,0.0,0.0,-1.0,0.0,0.0,106.0,562.0
16053.0,0.0,3.1416,-0.0,0.0,0.0,0.0,-1.0,0.0,0.0,106.0,562.0
16063.0,0.0,3.1416,0.0,0.0,0.0,0.0,-1.0,0.0,0.0,106.0,569.0
16074.0,0.0,3.1416,0.0,0.0,0.0,0.0,-1.0,0.0,0.0,106.0,563.0
16084.0,0.0,3.1416,0.0,0.0,0.0,0.0,-1.0,0.0,0.0,106.0,557.0
16094.0,0.0,3.1416,0.0,0.0,0.0,0.0,-1.0,0.0,0.0,106.0,562.0
16104.0,0.0,3.1416,0.0,0.0,0.0,0.0,-1.0,0.0,0.0,106.0,570.0
16114.0,0.0,3.1416,0.0,0.0,0.0,0.0,-1.0,0.0,0.0,106.0,576.0
16125.0,0.0,3.1416,0.0,0.0,0.0,0.0,-1.0,0.0,0.0,106.0,577.0
16135.0,0.0,3.1416,0.0,0.0,0.0,0.0,-1.0,0.0,0.0,106.0,562.0
16145.0,0.0,3.1416,0.0,0.0,0.0,0.0,-1.0,0.0,0.0,106.0,569.0
16155.0,0.0,3.1416,0.0,0.0,0.0,0.0,-1.0,0.0,0.0,106.0,569.0
16165.0,0.0,3.1416,0.0,0.0,0.0,0.0,-1.0,0.0,0.0,106.0,577.0
16176.0,0.0,3.1416,0.0,0.0,0.0,0.0,-1.0,0.0,0.0,106.0,570.0
16186.0,0.0,3.1416,0.0,0.0,0.0,0.0,-1.0,0.0,0.0,106.0,576.0
16196.0,0.0,3.1416,0.001,0.0,0.0,0.0,-1.0,0.0,0.0,106.0,555.0
16206.0,0.0,3.1416,-0.001,0.0,0.0,0.0,-1.0,0.0,0.0,106.0,576.0
16217.0,0.0,3.1416,-0.001,0.0,0.0,0.0,-1.0,0.0,0.0,106.0,576.0
16227.0,0.0,3.1416,0.003,0.0,0.0,0.0,-1.0,0.0,0.0,106.0,555.0
16237.0,0.0,3.1416,-0.0,0.0,0.0,0.0,-1.0,0.0,0.0,106.0,577.0
16248.0,0.0,3.1416,-0.001,0.0,0.0,0.0,-1.0,0.0,0.0,106.0,576.0
16258.0,0.0,3.1416,-0.001,0.0,0.0,0.0,-1.0,0.0,0.0,106.0,562.0
16268.0,0.0,3.1416,-0.001,0.0,0.0,0.0,-1.0,0.0,0.0,106.0,563.0
16278.0,0.0,3.1416,-0.001,0.0,0.0,0.0,-1.0,0.0,0.0,106.0,570.0
16289.0,0.0,3.1416,-0.0,0.0,0.0,0.0,-1.0,0.0,0.0,106.0,562.0
16299.0,0.0,3.1416,-0.0,0.0,0.0,0.0,-1.0,0.0,0.0,106.0,563.0
16309.0,0.0,3.1416,-0.0,0.0,0.0,0.0,-1.0,0.0,0.0,106.0,570.0
16319.0,0.0,3.1416,-0.0,0.0,0.0,0.0,-1.0,0.0,0.0,106.0,562.0
16329.0,0.0,3.1416,-0.0,0.0,0.0,0.0,-1.0,0.0,0.0,106.0,571.0
16340.0,0.0,3.1416,0.0,0.0,0.0,0.0,-1.0,0.0,0.0,106.0,562.0
16350.0,0.0,3.1416,0.0,0.0,0.0,0.0,-1.0,0.0,0.0,106.0,570.0
16360.0,0.0,3.1416,0.0,0.0,0.0,0.0,-1.0,0.0,0.0,106.0,555.0
16370.0,0.0,3.1416,0.0,0.0,0.0,0.0,-1.0,0.0,0.0,106.0,562.0
16380.0,0.0,3.1416,0.0,0.0,0.0,0.0,-1.0,0.0,0.0,106.0,570.0
16390.0,0.0,3.1416,0.0,0.0,0.0,0.0,-1.0,0.0,0.0,106.0,571.0
16400.0,0.0,3.1416,0.0,0.0,0.0,0.0,-1.0,0.0,0.0,106.0,562.0
16411.0,0.0,3.1416,0.0,0.0,0.0,0.0,-1.0,0.0,0.0,106.0,563.0
16421.0,0.0,3.1416,0.0,0.0,0.0,0.0,-1.0,0.0,0.0,106.0,576.0
16431.0,0.0,3.1416,0.0,0.0,0.0,0.0,-1.0,0.0,0.0,106.0,561.0
16441.0,0.0,3.1416,0.0,0.0,0.0,0.0,-1.0,0.0,0.0,106.0,569.0
16451.0,0.0,3.1416,0.0,0.0,0.0,0.0,-1.0,0.0,0.0,106.0,576.0
16462.0,0.0,3.1416,0.0,0.0,0.0,0.0,-1.0,0.0,0.0,106.0,568.0
16472.0,0.0,3.1416,-0.0,0.0,0.0,0.0,-1.0,0.0,0.0,106.0,576.0
16482.0,0.0,3.1416,-0.0,0.0,0.0,0.0,-1.0,0.0,0.0,106.0,562.0
16492.0,0.0,3.1416,-0.0,0.0,0.0,0.0,-1.0,0.0,0.0,106.0,576.0
16503.0,0.0,3.1416,0.002,0.0,0.0,0.0,-1.0,0.0,0.0,106.0,557.0
16513.0,0.0,3.1416,-0.0,0.0,0.0,0.0,-1.0,0.0,0.0,106.0,576.0
16523.0,0.0,3.1416,-0.001,0.0,0.0,0.0,-1.0,0.0,0.0,106.0,562.0
16533.0,0.0,3.1416,-0.001,0.0,0.0,0.0,-1.0,0.0,0.0,106.0,562.0
16543.0,0.0,3.1416,-0.001,0.0,0.0,0.0,-1.0,0.0,0.0,106.0,570.0
16553.0,0.0,3.1416,-0.0,0.0,0.0,0.0,-1.0,0.0,0.0,106.0,571.0
16564.0,0.0,3.1416,-0.0,0.0,0.0,0.0,-1.0,0.0,0.0,106.0,570.0
16574.0,0.0,3.1416,-0.0,0.0,0.0,0.0,-1.0,0.0,0.0,106.0,571.0
16584.0,0.0,3.1416,-0.0,0.0,0.0,0.0,-1.0,0.0,0.0,106.0,562.0
16594.0,0.0,3.1416,0.005,0.0,0.0,0.0,-1.0,0.0,0.0,106.0,564.0
16604.0,0.0,3.1416,0.001,0.0,0.0,0.0,-1.0,0.0,0.0,106.0,571.0
16614.0,0.0,3.1416,-0.001,0.0,0.0,0.0,-1.0,0.0,0.0,106.0,576.0
16625.0,0.0,3.1416,-0.001,0.0,0.0,0.0,-1.0,0.0,0.0,106.0,569.0
16635.0,0.0,3.1416,-0.001,0.0,0.0,0.0,-1.0,0.0,0.0,106.0,562.0
16645.0,0.0,3.1416,-0.001,0.0,0.0,0.0,-1.0,0.0,0.0,106.0,562.0
16655.0,0.0,3.1416,-0.0,0.0,0.0,0.0,-1.0,0.0,0.0,106.0,570.0
16666.0,0.0,3.1416,-0.0,0.0,0.0,0.0,-1.0,0.0,0.0,106.0,563.0
16676.0,0.0,3.1416,0.005,0.0,0.0,0.0,-1.0,0.0,0.0,106.0,572.0
16686.0,0.0,3.1416,0.0,0.0,0.0,0.0,-1.0,0.0,0.0,106.0,562.0
16696.0,0.0,3.1416,-0.001,0.0,0.0,0.0,-1.0,0.0,0.0,106.0,577.0
16707.0,0.0,3.1416,-0.001,0.0,0.0,0.0,-1.0,0.0,0.0,106.0,562.0
16717.0,0.0,3.1416,-0.001,0.0,0.0,0.0,-1.0,0.0,0.0,106.0,563.0
16727.0,0.0,3.1416,-0.001,0.0,0.0,0.0,-1.0,0.0,0.0,106.0,555.0
16737.0,0.0,3.1416,-0.0,0.0,0.0,0.0,-1.0,0.0,0.0,106.0,562.0
16747.0,0.0,3.1416,-0.0,0.0,0.0,0.0,-1.0,0.0,0.0,106.0,570.0
16757.0,0.0,3.1416,0.002,0.0,0.0,0.0,-1.0,0.0,0.0,106.0,572.0
16768.0,0.0,3.1416,-0.0,0.0,0.0,0.0,-1.0,0.0,0.0,106.0,577.0
16778.0,0.0,3.1416,-0.001,0.0,0.0,0.0,-1.0,0.0,0.0,106.0,562.0
16788.0,0.0,3.1416,-0.001,0.0,0.0,0.0,-1.0,0.0,0.0,106.0,562.0
16799.0,0.0,3.1416,-0.001,0.0,0.0,0.0,-1.0,0.0,0.0,106.0,555.0
16809.0,0.0,3.1416,-0.0,0.0,0.0,0.0,-1.0,0.0,0.0,106.0,563.0
16819.0,0.0,3.1416,-0.0,0.0,0.0,0.0,-1.0,0.0,0.0,106.0,562.0
16829.0,0.0,3.1416,-0.0,0.0,0.0,0.0,-1.0,0.0,0.0,106.0,556.0
16839.0,0.0,3.1416,-0.0,0.0,0.0,0.0,-1.0,0.0,0.0,106.0,562.0
16850.0,0.0,3.1416,0.005,0.0,0.0,0.0,-1.0,0.0,0.0,106.0,556.0
16860.0,0.0,3.1416,0.001,0.0,0.0,0.0,-1.0,0.0,0.0,106.0,556.0
16870.0,0.0,3.1416,-0.001,0.0,0.0,0.0,-1.0,0.0,0.0,106.0,563.0
16881.0,0.0,3.1416,-0.001,0.0,0.0,0.0,-1.0,0.0,0.0,106.0,556.0
16891.0,0.0,3.1416,0.001,0.0,0.0,0.0,-1.0,0.0,0.0,106.0,572.0
16901.0,0.0,3.1416,-0.001,0.0,0.0,0.0,-1.0,0.0,0.0,106.0,562.0
16911.0,0.0,3.1416,-0.001,0.0,0.0,0.0,-1.0,0.0,0.0,106.0,562.0
16921.0,0.0,3.1416,-0.001,0.0,0.0,0.0,-1.0,0.0,0.0,106.0,569.0
16932.0,0.0,3.1416,-0.001,0.0,0.0,0.0,-1.0,0.0,0.0,106.0,570.0
16942.0,0.0,3.1416,-0.0,0.0,0.0,0.0,-1.0,0.0,0.0,106.0,562.0
16952.0,0.0,3.1416,-0.0,0.0,0.0,0.0,-1.0,0.0,0.0,106.0,564.0
16962.0,0.0,3.1416,-0.0,0.0,0.0,0.0,-1.0,0.0,0.0,106.0,570.0
16973.0,0.0,3.1416,-0.0,0.0,0.0,0.0,-1.0,0.0,0.0,106.0,570.0
16983.0,0.0,3.1416,-0.0,0.0,0.0,0.0,-1.0,0.0,0.0,106.0,562.0
16993.0,0.0,3.1416,-0.0,0.0,0.0,0.0,-1.0,0.0,0.0,106.0,569.0
17004.0,0.0,3.1416,0.0,0.0,0.0,0.0,-1.0,0.0,0.0,106.0,562.0
17014.0,0.0,3.1416,0.0,0.0,0.0,0.0,-1.0,0.0,0.0,106.0,555.0
17024.0,0.0,3.1416,0.0,0.0,0.0,0.0,-1.0,0.0,0.0,106.0,562.0
17034.0,0.0,3.1416,0.0,0.0,0.0,0.0,-1.0,0.0,0.0,106.0,562.0
17044.0,0.0,3.1416,0.0,0.0,0.0,0.0,-1.0,0.0,0.0,106.0,562.0
17054.0,0.0,3.1416,0.0,0.0,0.0,0.0,-1.0,0.0,0.0,106.0,569.0
17065.0,0.0,3.1416,0.0,0.0,0.0,0.0,-1.0,0.0,0.0,106.0,562.0
17075.0,0.0,3.1416,0.0,0.0,0.0,0.0,-1.0,0.0,0.0,106.0,576.0
17085.0,0.0,3.1416,0.0,0.0,0.0,0.0,-1.0,0.0,0.0,106.0,561.0
17095.0,0.0,3.1416,0.0,0.0,0.0,0.0,-1.0,0.0,0.0,106.0,563.0
17105.0,0.0,3.1416,0.0,0.0,0.0,0.0,-1.0,0.0,0.0,106.0,568.0
17116.0,0.0,3.1416,0.004,0.0,0.0,0.0,-1.0,0.0,0.0,106.0,563.0
17126.0,0.0,3.1416,0.0,0.0,0.0,0.0,-1.0,0.0,0.0,106.0,577.0
17136.0,0.0,3.1416,-0.001,0.0,0.0,0.0,-1.0,0.0,0.0,106.0,578.0
17151.0,0.0,3.1416,-0.001,0.0,0.0,0.0,-1.0,0.0,0.0,106.0,691.0
17161.0,0.0,3.1416,-0.001,0.0,0.0,0.0,-1.0,0.0,0.0,106.0,563.0
17171.0,0.0,3.1416,-0.0,0.0,0.0,0.0,-1.0,0.0,0.0,106.0,563.0
17181.0,0.0,3.1416,-0.0,0.0,0.0,0.0,-1.0,0.0,0.0,106.0,563.0
17191.0,0.0,3.1416,-0.0,0.0,0.0,0.0,-1.0,0.0,0.0,106.0,570.0
17202.0,0.0,3.1416,-0.0,0.0,0.0,0.0,-1.0,0.0,0.0,106.0,562.0
17212.0,0.0,3.1416,-0.0,0.0,0.0,0.0,-1.0,0.0,0.0,106.0,570.0
17222.0,0.0,3.1416,0.0,0.0,0.0,0.0,-1.0,0.0,0.0,106.0,563.0
17232.0,0.0,3.1416,0.0,0.0,0.0,0.0,-1.0,0.0,0.0,106.0,563.0
17242.0,0.0,3.1416,0.0,0.0,0.0,0.0,-1.0,0.0,0.0,106.0,572.0
17252.0,0.0,3.1416,0.0,0.0,0.0,0.0,-1.0,0.0,0.0,106.0,563.0
17263.0,0.0,3.1416,0.0,0.0,0.0,0.0,-1.0,0.0,0.0,106.0,562.0
17273.0,0.0,3.1416,0.0,0.0,0.0,0.0,-1.0,0.0,0.0,106.0,563.0
17283.0,0.0,3.1416,0.0,0.0,0.0,0.0,-1.0,0.0,0.0,106.0,577.0
17293.0,0.0,3.1416,0.0,0.0,0.0,0.0,-1.0,0.0,0.0,106.0,563.0
17303.0,0.0,3.1416,0.0,0.0,0.0,0.0,-1.0,0.0,0.0,106.0,562.0
17314.0,0.0,3.1416,0.0,0.0,0.0,0.0,-1.0,0.0,0.0,106.0,562.0
17324.0,0.0,3.1416,0.0,0.0,0.0,0.0,-1.0,0.0,0.0,106.0,576.0
17334.0,0.0,3.1416,0.002,0.0,0.0,0.0,-1.0,0.0,0.0,106.0,556.0
17344.0,0.0,3.1416,-0.0,0.0,0.0,0.0,-1.0,0.0,0.0,106.0,563.0
17354.0,0.0,3.1416,-0.001,0.0,0.0,0.0,-1.0,0.0,0.0,106.0,576.0
17365.0,0.0,3.1416,-0.001,0.0,0.0,0.0,-1.0,0.0,0.0,106.0,555.0
17375.0,0.0,3.1416,-0.001,0.0,0.0,0.0,-1.0,0.0,0.0,106.0,563.0
17385.0,0.0,3.1416,-0.0,0.0,0.0,0.0,-1.0,0.0,0.0,106.0,571.0
17395.0,0.0,3.1416,-0.0,0.0,0.0,0.0,-1.0,0.0,0.0,106.0,563.0
17405.0,0.0,3.1416,-0.0,0.0,0.0,0.0,-1.0,0.0,0.0,106.0,564.0
17416.0,0.0,3.1416,-0.0,0.0,0.0,0.0,-1.0,0.0,0.0,106.0,562.0
17426.0,0.0,3.1416,-0.0,0.0,0.0,0.0,-1.0,0.0,0.0,106.0,571.0
17436.0,0.0,3.1416,0.0,0.0,0.0,0.0,-1.0,0.0,0.0,106.0,556.0
17446.0,0.0,3.1416,0.0,0.0,0.0,0.0,-1.0,0.0,0.0,106.0,563.0
17457.0,0.0,3.1416,0.0,0.0,0.0,0.0,-1.0,0.0,0.0,106.0,562.0
17467.0,0.0,3.1416,0.0,0.0,0.0,0.0,-1.0,0.0,0.0,106.0,562.0
17477.0,0.0,3.1416,0.0,0.0,0.0,0.0,-1.0,0.0,0.0,106.0,563.0
17487.0,0.0,3.1416,0.0,0.0,0.0,0.0,-1.0,0.0,0.0,106.0,569.0
17498.0,0.0,3.1416,0.0,0.0,0.0,0.0,-1.0,0.0,0.0,106.0,563.0
17508.0,0.0,3.1416,0.0,0.0,0.0,0.0,-1.0,0.0,0.0,106.0,562.0
17518.0,0.0,3.1416,0.0,0.0,0.0,0.0,-1.0,0.0,0.0,106.0,562.0
17528.0,0.0,3.1416,0.0,0.0,0.0,0.0,-1.0,0.0,0.0,106.0,570.0
17538.0,0.0,3.1416,0.0,0.0,0.0,0.0,-1.0,0.0,0.0,106.0,576.0
17549.0,0.0,3.1416,0.0,0.0,0.0,0.0,-1.0,0.0,0.0,106.0,576.0
17559.0,0.0,3.1416,0.0,0.0,0.0,0.0,-1.0,0.0,0.0,106.0,561.0
17569.0,0.0,3.1416,-0.0,0.0,0.0,0.0,-1.0,0.0,0.0,106.0,570.0
17580.0,0.0,3.1416,-0.0,0.0,0.0,0.0,-1.0,0.0,0.0,106.0,563.0
17590.0,0.0,3.1416,-0.0,0.0,0.0,0.0,-1.0,0.0,0.0,106.0,562.0
17600.0,0.0,3.1416,-0.0,0.0,0.0,0.0,-1.0,0.0,0.0,106.0,562.0
17610.0,0.0,-3.1401,0.006,0.0,0.0,0.0,-1.0,0.0,0.0,106.0,562.0
17620.0,0.0,3.1416,0.003,0.0,0.0,0.0,-1.0,0.0,0.0,106.0,571.0
17631.0,0.0,3.1416,-0.001,0.0,0.0,0.0,-1.0,0.0,0.0,106.0,576.0
17641.0,0.0,3.1416,-0.002,0.0,0.0,0.0,-1.0,0.0,0.0,106.0,561.0
17651.0,0.0,3.1416,0.002,0.0,0.0,0.0,-1.0,0.0,0.0,106.0,564.0
17661.0,0.0,3.1416,-0.001,0.0,0.0,0.0,-1.0,0.0,0.0,106.0,576.0
17672.0,0.0,3.1416,-0.002,0.0,0.0,0.0,-1.0,0.0,0.0,106.0,563.0
17682.0,0.0,3.1416,-0.001,0.0,0.0,0.0,-1.0,0.0,0.0,106.0,562.0
17692.0,0.0,3.1416,-0.001,0.0,0.0,0.0,-1.0,0.0,0.0,106.0,556.0
17702.0,0.0,3.1416,-0.001,0.0,0.0,0.0,-1.0,0.0,0.0,106.0,570.0
17713.0,0.0,3.1416,-0.0,0.0,0.0,0.0,-1.0,0.0,0.0,106.0,562.0
17723.0,0.0,3.1416,-0.0,0.0,0.0,0.0,-1.0,0.0,0.0,106.0,562.0
17733.0,0.0,3.1416,-0.0,0.0,0.0,0.0,-1.0,0.0,0.0,106.0,555.0
17743.0,0.0,3.1416,-0.0,0.0,0.0,0.0,-1.0,0.0,0.0,106.0,570.0
17754.0,0.0,3.1416,-0.0,0.0,0.0,0.0,-1.0,0.0,0.0,106.0,570.0
17764.0,0.0,3.1416,0.0,0.0,0.0,0.0,-1.0,0.0,0.0,106.0,555.0
17774.0,0.0,3.1416,0.0,0.0,0.0,0.0,-1.0,0.0,0.0,106.0,563.0
17784.0,0.0,3.1416,0.0,0.0,0.0,0.0,-1.0,0.0,0.0,106.0,562.0
17795.0,0.0,3.1416,0.0,0.0,0.0,0.0,-1.0,0.0,0.0,106.0,563.0
17805.0,0.0,3.1416,0.0,0.0,0.0,0.0,-1.0,0.0,0.0,106.0,570.0
17815.0,0.0,3.1416,0.0,0.0,0.0,0.0,-1.0,0.0,0.0,106.0,556.0
17825.0,0.0,3.1416,0.0,0.0,0.0,0.0,-1.0,0.0,0.0,106.0,577.0
17835.0,0.0,3.1416,0.0,0.0,0.0,0.0,-1.0,0.0,0.0,106.0,576.0
17846.0,0.0,3.1416,0.0,0.0,0.0,0.0,-1.0,0.0,0.0,106.0,577.0
17856.0,0.0,3.1416,0.0,0.0,0.0,0.0,-1.0,0.0,0.0,106.0,577.0
17866.0,0.0,3.1416,0.0,0.0,0.0,0.0,-1.0,0.0,0.0,106.0,555.0
17876.0,0.0,3.1416,0.0,0.0,0.0,0.0,-1.0,0.0,0.0,106.0,562.0
17886.0,0.0,3.1416,0.0,0.0,0.0,0.0,-1.0,0.0,0.0,106.0,563.0
17896.0,0.0,3.1416,-0.0,0.0,0.0,0.0,-1.0,0.0,0.0,106.0,576.0
17907.0,0.0,3.1416,-0.0,0.0,0.0,0.0,-1.0,0.0,0.0,106.0,570.0
17917.0,0.0,3.1416,-0.0,0.0,0.0,0.0,-1.0,0.0,0.0,106.0,576.0
17927.0,0.0,3.1416,-0.0,0.0,0.0,0.0,-1.0,0.0,0.0,106.0,561.0
17937.0,0.0,3.1416,-0.0,0.0,0.0,0.0,-1.0,0.0,0.0,106.0,568.0
17948.0,0.0,3.1416,-0.0,0.0,0.0,0.0,-1.0,0.0,0.0,106.0,569.0
17958.0,0.0,3.1416,-0.0,0.0,0.0,0.0,-1.0,0.0,0.0,106.0,576.0
17968.0,0.0,3.1416,-0.0,0.0,0.0,0.0,-1.0,0.0,0.0,106.0,562.0
17978.0,0.0,3.1416,0.005,0.0,0.0,0.0,-1.0,0.0,0.0,106.0,556.0
17988.0,0.0,3.1416,0.001,0.0,0.0,0.0,-1.0,0.0,0.0,106.0,564.0
17998.0,0.0,3.1416,-0.001,0.0,0.0,0.0,-1.0,0.0,0.0,106.0,577.0
18008.0,0.0,-3.1401,0.005,0.0,0.0,0.0,-1.0,0.0,0.0,106.0,576.0
18019.0,0.0,3.1416,0.0,0.0,0.0,0.0,-1.0,0.0,0.0,106.0,557.0
18029.0,0.0,3.1416,0.002,0.0,0.0,0.0,-1.0,0.0,0.0,106.0,563.0
18039.0,0.0,3.1416,-0.001,0.0,0.0,0.0,-1.0,0.0,0.0,106.0,569.0
18049.0,0.0,3.1416,-0.002,0.0,0.0,0.0,-1.0,0.0,0.0,106.0,576.0
18060.0,0.0,3.1416,0.002,0.0,0.0,0.0,-1.0,0.0,0.0,106.0,556.0
18070.0,0.0,3.1416,-0.001,0.0,0.0,0.0,-1.0,0.0,0.0,106.0,569.0
18080.0,0.0,3.1416,-0.001,0.0,0.0,0.0,-1.0,0.0,0.0,106.0,577.0
18090.0,0.0,3.1416,-0.001,0.0,0.0,0.0,-1.0,0.0,0.0,106.0,556.0
18100.0,0.0,3.1416,-0.001,0.0,0.0,0.0,-1.0,0.0,0.0,106.0,562.0
18110.0,0.0,3.1416,-0.001,0.0,0.0,0.0,-1.0,0.0,0.0,106.0,571.0
18121.0,0.0,3.1416,-0.0,0.0,0.0,0.0,-1.0,0.0,0.0,106.0,562.0
18131.0,0.0,3.1416,-0.0,0.0,0.0,0.0,-1.0,0.0,0.0,106.0,570.0
18141.0,0.0,3.1416,-0.0,0.0,0.0,0.0,-1.0,0.0,0.0,106.0,562.0
18151.0,0.0,3.1416,-0.0,0.0,0.0,0.0,-1.0,0.0,0.0,106.0,562.0
18162.0,0.0,3.1416,-0.0,0.0,0.0,0.0,-1.0,0.0,0.0,106.0,562.0
18172.0,0.0,3.1416,0.0,0.0,0.0,0.0,-1.0,0.0,0.0,106.0,571.0
18182.0,0.0,3.1416,0.0,0.0,0.0,0.0,-1.0,0.0,0.0,106.0,562.0
18192.0,0.0,3.1416,0.0,0.0,0.0,0.0,-1.0,0.0,0.0,106.0,570.0
18203.0,0.0,3.1416,0.0,0.0,0.0,0.0,-1.0,0.0,0.0,106.0,562.0
18213.0,0.0,3.1416,0.0,0.0,0.0,0.0,-1.0,0.0,0.0,106.0,556.0
18223.0,0.0,3.1416,0.0,0.0,0.0,0.0,-1.0,0.0,0.0,106.0,570.0
18233.0,0.0,3.1416,0.0,0.0,0.0,0.0,-1.0,0.0,0.0,106.0,576.0
18244.0,0.0,3.1416,0.0,0.0,0.0,0.0,-1.0,0.0,0.0,106.0,562.0
18254.0,0.0,3.1416,0.0,0.0,0.0,0.0,-1.0,0.0,0.0,106.0,576.0
18264.0,0.0,3.1416,0.0,0.0,0.0,0.0,-1.0,0.0,0.0,106.0,561.0
18274.0,0.0,3.1416,0.0,0.0,0.0,0.0,-1.0,0.0,0.0,106.0,576.0
18285.0,0.0,3.1416,0.0,0.0,0.0,0.0,-1.0,0.0,0.0,106.0,576.0
18295.0,0.0,3.1416,0.0,0.0,0.0,0.0,-1.0,0.0,0.0,106.0,562.0
18305.0,0.0,3.1416,-0.0,0.0,0.0,0.0,-1.0,0.0,0.0,106.0,562.0
18315.0,0.0,3.1416,-0.0,0.0,0.0,0.0,-1.0,0.0,0.0,106.0,569.0
18325.0,0.0,3.1416,-0.0,0.0,0.0,0.0,-1.0,0.0,0.0,106.0,576.0
18336.0,0.0,3.1416,-0.0,0.0,0.0,0.0,-1.0,0.0,0.0,106.0,570.0
18346.0,0.0,3.1416,-0.0,0.0,0.0,0.0,-1.0,0.0,0.0,106.0,577.0
18356.0,0.0,3.1416,-0.0,0.0,0.0,0.0,-1.0,0.0,0.0,106.0,562.0
18366.0,0.0,3.1416,-0.0,0.0,0.0,0.0,-1.0,0.0,0.0,106.0,569.0
18376.0,0.0,3.1416,-0.0,0.0,0.0,0.0,-1.0,0.0,0.0,106.0,570.0
18387.0,0.0,3.1416,-0.0,0.0,0.0,0.0,-1.0,0.0,0.0,106.0,555.0
18397.0,0.0,3.1416,-0.0,0.0,0.0,0.0,-1.0,0.0,0.0,106.0,556.0
18407.0,0.0,3.1416,-0.0,0.0,0.0,0.0,-1.0,0.0,0.0,106.0,569.0
18417.0,0.0,3.1416,0.002,0.0,0.0,0.0,-1.0,0.0,0.0,106.0,571.0
18427.0,0.0,3.1416,-0.001,0.0,0.0,0.0,-1.0,0.0,0.0,106.0,562.0
18437.0,0.0,3.1416,-0.001,0.0,0.0,0.0,-1.0,0.0,0.0,106.0,576.0
18448.0,0.0,3.1416,-0.001,0.0,0.0,0.0,-1.0,0.0,0.0,106.0,555.0
18458.0,0.0,3.1416,0.001,0.0,0.0,0.0,-1.0,0.0,0.0,106.0,570.0
18468.0,0.0,3.1416,-0.001,0.0,0.0,0.0,-1.0,0.0,0.0,106.0,561.0
18478.0,0.0,3.1416,-0.001,0.0,0.0,0.0,-1.0,0.0,0.0,106.0,577.0
18489.0,0.0,3.1416,-0.001,0.0,0.0,0.0,-1.0,0.0,0.0,106.0,562.0
18499.0,0.0,3.1416,0.003,0.0,0.0,0.0,-1.0,0.0,0.0,106.0,549.0
18509.0,0.0,3.1416,-0.0,0.0,0.0,0.0,-1.0,0.0,0.0,106.0,569.0
18519.0,0.0,3.1416,-0.001,0.0,0.0,0.0,-1.0,0.0,0.0,106.0,577.0
18530.0,0.0,3.1416,-0.001,0.0,0.0,0.0,-1.0,0.0,0.0,106.0,562.0
18540.0,0.0,3.1416,-0.001,0.0,0.0,0.0,-1.0,0.0,0.0,106.0,562.0
18550.0,0.0,3.1416,-0.001,0.0,0.0,0.0,-1.0,0.0,0.0,106.0,563.0
18560.0,0.0,3.1416,-0.0,0.0,0.0,0.0,-1.0,0.0,0.0,106.0,562.0
18570.0,0.0,3.1416,-0.0,0.0,0.0,0.0,-1.0,0.0,0.0,106.0,570.0
18581.0,0.0,3.1416,-0.0,0.0,0.0,0.0,-1.0,0.0,0.0,106.0,556.0
18591.0,0.0,3.1416,-0.0,0.0,0.0,0.0,-1.0,0.0,0.0,106.0,570.0
18601.0,0.0,3.1416,-0.0,0.0,0.0,0.0,-1.0,0.0,0.0,106.0,562.0
18611.0,0.0,3.1416,0.0,0.0,0.0,0.0,-1.0,0.0,0.0,106.0,555.0
18621.0,0.0,3.1416,0.0,0.0,0.0,0.0,-1.0,0.0,0.0,106.0,562.0
18631.0,0.0,3.1416,0.0,0.0,0.0,0.0,-1.0,0.0,0.0,106.0,570.0
18641.0,0.0,3.1416,0.0,0.0,0.0,0.0,-1.0,0.0,0.0,106.0,570.0
18652.0,0.0,3.1416,0.0,0.0,0.0,0.0,-1.0,0.0,0.0,106.0,570.0
18662.0,0.0,3.1416,0.0,0.0,0.0,0.0,-1.0,0.0,0.0,106.0,555.0
18672.0,0.0,3.1416,0.0,0.0,0.0,0.0,-1.0,0.0,0.0,106.0,576.0
18682.0,0.0,3.1416,0.0,0.0,0.0,0.0,-1.0,0.0,0.0,106.0,562.0
18692.0,0.0,3.1416,0.0,0.0,0.0,0.0,-1.0,0.0,0.0,106.0,576.0
18703.0,0.0,3.1416,0.0,0.0,0.0,0.0,-1.0,0.0,0.0,106.0,576.0
18713.0,0.0,3.1416,0.0,0.0,0.0,0.0,-1.0,0.0,0.0,106.0,563.0
18723.0,0.0,3.1416,0.0,0.0,0.0,0.0,-1.0,0.0,0.0,106.0,569.0
18733.0,0.0,3.1416,0.003,0.0,0.0,0.0,-1.0,0.0,0.0,106.0,572.0
18743.0,0.0,3.1416,0.0,0.0,0.0,0.0,-1.0,0.0,0.0,106.0,576.0
18754.0,0.0,3.1416,-0.001,0.0,0.0,0.0,-1.0,0.0,0.0,106.0,569.0
18764.0,0.0,3.1416,-0.001,0.0,0.0,0.0,-1.0,0.0,0.0,106.0,571.0
18774.0,0.0,3.1416,0.005,0.0,0.0,0.0,-1.0,0.0,0.0,106.0,571.0
18784.0,0.0,3.1416,0.0,0.0,0.0,0.0,-1.0,0.0,0.0,106.0,576.0
18794.0,0.0,3.1416,-0.001,0.0,0.0,0.0,-1.0,0.0,0.0,106.0,569.0
18804.0,0.0,3.1416,-0.001,0.0,0.0,0.0,-1.0,0.0,0.0,106.0,570.0
18815.0,0.0,3.1416,-0.001,0.0,0.0,0.0,-1.0,0.0,0.0,106.0,562.0
18825.0,0.0,3.1416,-0.001,0.0,0.0,0.0,-1.0,0.0,0.0,106.0,562.0
18835.0,0.0,-3.1401,0.006,0.0,0.0,0.0,-1.0,0.0,0.0,106.0,570.0
18846.0,0.0,3.1416,0.001,0.0,0.0,0.0,-1.0,0.0,0.0,106.0,556.0
18856.0,0.0,3.1416,-0.001,0.0,0.0,0.0,-1.0,0.0,0.0,106.0,576.0
18866.0,0.0,3.1416,0.0,0.0,0.0,0.0,-1.0,0.0,0.0,106.0,557.0
18876.0,0.0,3.1416,-0.001,0.0,0.0,0.0,-1.0,0.0,0.0,106.0,562.0
18886.0,0.0,3.1416,0.003,0.0,0.0,0.0,-1.0,0.0,0.0,106.0,572.0
18897.0,0.0,3.1416,-0.001,0.0,0.0,0.0,-1.0,0.0,0.0,106.0,562.0
18907.0,0.0,3.1416,0.004,0.0,0.0,0.0,-1.0,0.0,0.0,106.0,558.0
18917.0,0.0,3.1416,-0.001,0.0,0.0,0.0,-1.0,0.0,0.0,106.0,577.0
18927.0,0.0,3.1416,-0.002,0.0,0.0,0.0,-1.0,0.0,0.0,106.0,562.0
18937.0,0.0,3.1416,-0.002,0.0,0.0,0.0,-1.0,0.0,0.0,106.0,562.0
18947.0,0.0,3.1416,-0.001,0.0,0.0,0.0,-1.0,0.0,0.0,106.0,562.0
18957.0,0.0,-3.1401,0.005,0.0,0.0,0.0,-1.0,0.0,0.0,106.0,577.0
18968.0,0.0,3.1416,0.001,0.0,0.0,0.0,-1.0,0.0,0.0,106.0,571.0
18978.0,0.0,3.1416,0.001,0.0,0.0,0.0,-1.0,0.0,0.0,106.0,555.0
18988.0,0.0,3.1416,-0.001,0.0,0.0,0.0,-1.0,0.0,0.0,106.0,576.0
18999.0,0.0,3.1416,-0.002,0.0,0.0,0.0,-1.0,0.0,0.0,106.0,562.0
19009.0,0.0,3.1416,-0.001,0.0,0.0,0.0,-1.0,0.0,0.0,106.0,556.0
19019.0,0.0,3.1416,-0.001,0.0,0.0,0.0,-1.0,0.0,0.0,106.0,570.0
19030.0,0.0,3.1416,-0.001,0.0,0.0,0.0,-1.0,0.0,0.0,106.0,570.0
19040.0,0.0,3.1416,-0.0,0.0,0.0,0.0,-1.0,0.0,0.0,106.0,562.0
19050.0,0.0,3.1416,0.004,0.0,0.0,0.0,-1.0,0.0,0.0,106.0,572.0
19061.0,0.0,3.1416,0.0,0.0,0.0,0.0,-1.0,0.0,0.0,106.0,563.0
19071.0,0.0,3.1416,-0.001,0.0,0.0,0.0,-1.0,0.0,0.0,106.0,576.0
19081.0,0.0,3.1416,-0.001,0.0,0.0,0.0,-1.0,0.0,0.0,106.0,562.0
19091.0,0.0,3.1416,-0.001,0.0,0.0,0.0,-1.0,0.0,0.0,106.0,562.0
19101.0,0.0,3.1416,-0.001,0.0,0.0,0.0,-1.0,0.0,0.0,106.0,570.0
19112.0,0.0,3.1416,-0.0,0.0,0.0,0.0,-1.0,0.0,0.0,106.0,570.0
19122.0,0.0,3.1416,-0.0,0.0,0.0,0.0,-1.0,0.0,0.0,106.0,562.0
19132.0,0.0,3.1416,0.002,0.0,0.0,0.0,-1.0,0.0,0.0,106.0,563.0
19142.0,0.0,3.1416,0.003,0.0,0.0,0.0,-1.0,0.0,0.0,106.0,571.0
19153.0,0.0,3.1416,-0.001,0.0,0.0,0.0,-1.0,0.0,0.0,106.0,570.0
19163.0,0.0,3.1416,-0.002,0.0,0.0,0.0,-1.0,0.0,0.0,106.0,576.0
19173.0,0.0,3.1416,-0.001,0.0,0.0,0.0,-1.0,0.0,0.0,106.0,562.0
19183.0,0.0,3.1416,-0.001,0.0,0.0,0.0,-1.0,0.0,0.0,106.0,563.0
19193.0,0.0,3.1416,-0.001,0.0,0.0,0.0,-1.0,0.0,0.0,106.0,555.0
19204.0,0.0,3.1416,-0.0,0.0,0.0,0.0,-1.0,0.0,0.0,106.0,556.0
19214.0,0.0,3.1416,-0.0,0.0,0.0,0.0,-1.0,0.0,0.0,106.0,570.0
19224.0,0.0,3.1416,0.003,0.0,0.0,0.0,-1.0,0.0,0.0,106.0,571.0
19234.0,0.0,3.1416,-0.0,0.0,0.0,0.0,-1.0,0.0,0.0,106.0,561.0
19244.0,0.0,3.1416,-0.001,0.0,0.0,0.0,-1.0,0.0,0.0,106.0,577.0
19255.0,0.0,3.1416,-0.001,0.0,0.0,0.0,-1.0,0.0,0.0,106.0,570.0
19265.0,0.0,3.1416,-0.001,0.0,0.0,0.0,-1.0,0.0,0.0,106.0,562.0
19275.0,0.0,3.1416,-0.0,0.0,0.0,0.0,-1.0,0.0,0.0,106.0,569.0
19286.0,0.0,3.1416,-0.0,0.0,0.0,0.0,-1.0,0.0,0.0,106.0,562.0
19296.0,0.0,3.1416,-0.0,0.0,0.0,0.0,-1.0,0.0,0.0,106.0,555.0
19306.0,0.0,3.1416,-0.0,0.0,0.0,0.0,-1.0,0.0,0.0,106.0,563.0
19316.0,0.0,3.1416,-0.0,0.0,0.0,0.0,-1.0,0.0,0.0,106.0,562.0
19326.0,0.0,3.1416,0.0,0.0,0.0,0.0,-1.0,0.0,0.0,106.0,570.0
19337.0,0.0,3.1416,0.0,0.0,0.0,0.0,-1.0,0.0,0.0,106.0,562.0
19347.0,0.0,3.1416,0.005,0.0,0.0,0.0,-1.0,0.0,0.0,106.0,566.0
19357.0,0.0,3.1416,0.0,0.0,0.0,0.0,-1.0,0.0,0.0,106.0,562.0
19367.0,0.0,3.1416,-0.001,0.0,0.0,0.0,-1.0,0.0,0.0,106.0,576.0
19378.0,0.0,3.1416,-0.001,0.0,0.0,0.0,-1.0,0.0,0.0,106.0,563.0
19388.0,0.0,3.1416,0.001,0.0,0.0,0.0,-1.0,0.0,0.0,106.0,570.0
19398.0,0.0,3.1416,-0.001,0.0,0.0,0.0,-1.0,0.0,0.0,106.0,562.0
19408.0,0.0,3.1416,-0.001,0.0,0.0,0.0,-1.0,0.0,0.0,106.0,563.0
19419.0,0.0,3.1416,-0.001,0.0,0.0,0.0,-1.0,0.0,0.0,106.0,562.0
19429.0,0.0,3.1416,-0.001,0.0,0.0,0.0,-1.0,0.0,0.0,106.0,570.0
19439.0,0.0,3.1416,-0.0,0.0,0.0,0.0,-1.0,0.0,0.0,106.0,556.0
19449.0,0.0,3.1416,-0.0,0.0,0.0,0.0,-1.0,0.0,0.0,106.0,563.0
19460.0,0.0,3.1416,-0.0,0.0,0.0,0.0,-1.0,0.0,0.0,106.0,556.0
19470.0,0.0,3.1416,-0.0,0.0,0.0,0.0,-1.0,0.0,0.0,106.0,571.0
19480.0,0.0,3.1416,-0.0,0.0,0.0,0.0,-1.0,0.0,0.0,106.0,556.0
19490.0,0.0,3.1416,0.0,0.0,0.0,0.0,-1.0,0.0,0.0,106.0,570.0
19501.0,0.0,3.1416,0.001,0.0,0.0,0.0,-1.0,0.0,0.0,106.0,557.0
19511.0,0.0,3.1416,-0.0,0.0,0.0,0.0,-1.0,0.0,0.0,106.0,570.0
19521.0,0.0,3.1416,-0.001,0.0,0.0,0.0,-1.0,0.0,0.0,106.0,578.0
19531.0,0.0,3.1416,-0.001,0.0,0.0,0.0,-1.0,0.0,0.0,106.0,562.0
19541.0,0.0,3.1416,-0.001,0.0,0.0,0.0,-1.0,0.0,0.0,106.0,556.0
19551.0,0.0,3.1416,-0.0,0.0,0.0,0.0,-1.0,0.0,0.0,106.0,570.0
19562.0,0.0,3.1416,-0.0,0.0,0.0,0.0,-1.0,0.0,0.0,106.0,562.0
19572.0,0.0,3.1416,-0.0,0.0,0.0,0.0,-1.0,0.0,0.0,106.0,570.0
19582.0,0.0,3.1416,-0.0,0.0,0.0,0.0,-1.0,0.0,0.0,106.0,562.0
19592.0,0.0,3.1416,-0.0,0.0,0.0,0.0,-1.0,0.0,0.0,106.0,556.0
19602.0,0.0,3.1416,0.0,0.0,0.0,0.0,-1.0,0.0,0.0,106.0,563.0
19612.0,0.0,3.1416,0.0,0.0,0.0,0.0,-1.0,0.0,0.0,106.0,563.0
19623.0,0.0,3.1416,0.0,0.0,0.0,0.0,-1.0,0.0,0.0,106.0,556.0
19633.0,0.0,3.1416,0.005,0.0,0.0,0.0,-1.0,0.0,0.0,106.0,571.0
19643.0,0.0,3.1416,0.001,0.0,0.0,0.0,-1.0,0.0,0.0,106.0,556.0
19653.0,0.0,3.1416,-0.001,0.0,0.0,0.0,-1.0,0.0,0.0,106.0,570.0
19664.0,0.0,3.1416,0.001,0.0,0.0,0.0,-1.0,0.0,0.0,106.0,563.0
19674.0,0.0,3.1416,-0.001,0.0,0.0,0.0,-1.0,0.0,0.0,106.0,578.0
19684.0,0.0,3.1416,-0.001,0.0,0.0,0.0,-1.0,0.0,0.0,106.0,569.0
19695.0,0.0,3.1416,-0.001,0.0,0.0,0.0,-1.0,0.0,0.0,106.0,570.0
19705.0,0.0,3.1416,-0.001,0.0,0.0,0.0,-1.0,0.0,0.0,106.0,556.0
19715.0,0.0,3.1416,-0.001,0.0,0.0,0.0,-1.0,0.0,0.0,106.0,562.0
19726.0,0.0,3.1416,-0.0,0.0,0.0,0.0,-1.0,0.0,0.0,106.0,562.0
19736.0,0.0,3.1416,-0.0,0.0,0.0,0.0,-1.0,0.0,0.0,106.0,562.0
19746.0,0.0,3.1416,-0.0,0.0,0.0,0.0,-1.0,0.0,0.0,106.0,570.0
19757.0,0.0,3.1416,-0.0,0.0,0.0,0.0,-1.0,0.0,0.0,106.0,563.0
19767.0,0.0,3.1416,-0.0,0.0,0.0,0.0,-1.0,0.0,0.0,106.0,571.0
19777.0,0.0,3.1416,0.0,0.0,0.0,0.0,-1.0,0.0,0.0,106.0,563.0
19787.0,0.0,3.1416,0.0,0.0,0.0,0.0,-1.0,0.0,0.0,106.0,570.0
19798.0,0.0,3.1416,0.0,0.0,0.0,0.0,-1.0,0.0,0.0,106.0,562.0
19808.0,0.0,3.1416,0.0,0.0,0.0,0.0,-1.0,0.0,0.0,106.0,570.0
19818.0,0.0,3.1416,0.0,0.0,0.0,0.0,-1.0,0.0,0.0,106.0,569.0
19828.0,0.0,3.1416,0.0,0.0,0.0,0.0,-1.0,0.0,0.0,106.0,563.0
19838.0,0.0,3.1416,0.0,0.0,0.0,0.0,-1.0,0.0,0.0,106.0,569.0
19849.0,0.0,3.1416,0.0,0.0,0.0,0.0,-1.0,0.0,0.0,106.0,569.0
19859.0,0.0,3.1416,0.0,0.0,0.0,0.0,-1.0,0.0,0.0,106.0,576.0
19869.0,0.0,3.1416,0.002,0.0,0.0,0.0,-1.0,0.0,0.0,106.0,556.0
19879.0,0.0,3.1416,-0.0,0.0,0.0,0.0,-1.0,0.0,0.0,106.0,563.0
19889.0,0.0,3.1416,-0.001,0.0,0.0,0.0,-1.0,0.0,0.0,106.0,576.0
19900.0,0.0,3.1416,-0.001,0.0,0.0,0.0,-1.0,0.0,0.0,106.0,571.0
19910.0,0.0,3.1416,-0.001,0.0,0.0,0.0,-1.0,0.0,0.0,106.0,562.0
19920.0,0.0,3.1416,-0.0,0.0,0.0,0.0,-1.0,0.0,0.0,106.0,570.0
19930.0,0.0,3.1416,0.004,0.0,0.0,0.0,-1.0,0.0,0.0,106.0,565.0
19940.0,0.0,3.1416,-0.001,0.0,0.0,0.0,-1.0,0.0,0.0,106.0,571.0
19951.0,0.0,3.1416,-0.002,0.0,0.0,0.0,-1.0,0.0,0.0,106.0,576.0
19961.0,0.0,3.1416,-0.002,0.0,0.0,0.0,-1.0,0.0,0.0,106.0,562.0
19971.0,0.0,3.1416,0.002,0.0,0.0,0.0,-1.0,0.0,0.0,106.0,571.0
19982.0,0.0,3.1416,-0.001,0.0,0.0,0.0,-1.0,0.0,0.0,106.0,576.0
19992.0,0.0,3.1416,-0.001,0.0,0.0,0.0,-1.0,0.0,0.0,106.0,562.0
20002.0,0.0,3.1416,-0.001,0.0,0.0,0.0,-1.0,0.0,0.0,106.0,571.0
20013.0,0.0,3.1416,-0.001,0.0,0.0,0.0,-1.0,0.0,0.0,106.0,563.0
20023.0,0.0,3.1416,-0.001,0.0,0.0,0.0,-1.0,0.0,0.0,106.0,563.0
20033.0,0.0,3.1416,-0.0,0.0,0.0,0.0,-1.0,0.0,0.0,106.0,570.0
20044.0,0.0,3.1416,-0.0,0.0,0.0,0.0,-1.0,0.0,0.0,106.0,555.0
20054.0,0.0,3.1416,-0.0,0.0,0.0,0.0,-1.0,0.0,0.0,106.0,570.0
20064.0,0.0,3.1416,-0.0,0.0,0.0,0.0,-1.0,0.0,0.0,106.0,562.0
20074.0,0.0,3.1416,-0.0,0.0,0.0,0.0,-1.0,0.0,0.0,106.0,555.0
20084.0,0.0,3.1416,0.0,0.0,0.0,0.0,-1.0,0.0,0.0,106.0,570.0
20095.0,0.0,3.1416,0.0,0.0,0.0,0.0,-1.0,0.0,0.0,106.0,563.0
20105.0,0.0,3.1416,0.0,0.0,0.0,0.0,-1.0,0.0,0.0,106.0,563.0
20115.0,0.0,3.1416,0.0,0.0,0.0,0.0,-1.0,0.0,0.0,106.0,570.0
20126.0,0.0,3.1416,0.0,0.0,0.0,0.0,-1.0,0.0,0.0,106.0,563.0
20136.0,0.0,3.1416,0.0,0.0,0.0,0.0,-1.0,0.0,0.0,106.0,563.0
20146.0,0.0,3.1416,0.0,0.0,0.0,0.0,-1.0,0.0,0.0,106.0,577.0
20156.0,0.0,3.1416,0.0,0.0,0.0,0.0,-1.0,0.0,0.0,106.0,563.0
20166.0,0.0,3.1416,0.0,0.0,0.0,0.0,-1.0,0.0,0.0,106.0,570.0
20177.0,0.0,3.1416,0.0,0.0,0.0,0.0,-1.0,0.0,0.0,106.0,562.0
20187.0,0.0,3.1416,0.0,0.0,0.0,0.0,-1.0,0.0,0.0,106.0,577.0
20197.0,0.0,3.1416,0.0,0.0,0.0,0.0,-1.0,0.0,0.0,106.0,561.0
20207.0,0.0,3.1416,0.0,0.0,0.0,0.0,-1.0,0.0,0.0,106.0,562.0
20217.0,0.0,3.1416,-0.0,0.0,0.0,0.0,-1.0,0.0,0.0,106.0,563.0
20227.0,0.0,3.1416,-0.0,0.0,0.0,0.0,-1.0,0.0,0.0,106.0,568.0
20237.0,0.0,3.1416,0.002,0.0,0.0,0.0,-1.0,0.0,0.0,106.0,572.0
20248.0,0.0,3.1416,-0.0,0.0,0.0,0.0,-1.0,0.0,0.0,106.0,562.0
20258.0,0.0,3.1416,-0.001,0.0,0.0,0.0,-1.0,0.0,0.0,106.0,570.0
20268.0,0.0,3.1416,-0.001,0.0,0.0,0.0,-1.0,0.0,0.0,106.0,563.0
20278.0,0.0,3.1416,-0.001,0.0,0.0,0.0,-1.0,0.0,0.0,106.0,555.0
20288.0,0.0,3.1416,-0.0,0.0,0.0,0.0,-1.0,0.0,0.0,106.0,561.0
20298.0,0.0,3.1416,-0.0,0.0,0.0,0.0,-1.0,0.0,0.0,106.0,555.0
20308.0,0.0,3.1416,-0.0,0.0,0.0,0.0,-1.0,0.0,0.0,106.0,563.0
20319.0,0.0,3.1416,-0.0,0.0,0.0,0.0,-1.0,0.0,0.0,106.0,562.0
20329.0,0.0,3.1416,-0.0,0.0,0.0,0.0,-1.0,0.0,0.0,106.0,562.0
20339.0,0.0,3.1416,0.0,0.0,0.0,0.0,-1.0,0.0,0.0,106.0,562.0
20349.0,0.0,3.1416,0.0,0.0,0.0,0.0,-1.0,0.0,0.0,106.0,562.0
20360.0,0.0,3.1416,0.0,0.0,0.0,0.0,-1.0,0.0,0.0,106.0,555.0
20370.0,0.0,3.1416,0.0,0.0,0.0,0.0,-1.0,0.0,0.0,106.0,563.0
20380.0,0.0,3.1416,0.0,0.0,0.0,0.0,-1.0,0.0,0.0,106.0,555.0
20390.0,0.0,3.1416,0.0,0.0,0.0,0.0,-1.0,0.0,0.0,106.0,570.0
20400.0,0.0,3.1416,0.0,0.0,0.0,0.0,-1.0,0.0,0.0,106.0,576.0
20411.0,0.0,3.1416,0.0,0.0,0.0,0.0,-1.0,0.0,0.0,106.0,563.0
20421.0,0.0,3.1416,0.0,0.0,0.0,0.0,-1.0,0.0,0.0,106.0,562.0
20431.0,0.0,3.1416,0.0,0.0,0.0,0.0,-1.0,0.0,0.0,106.0,564.0
20441.0,0.0,3.1416,0.002,0.0,0.0,0.0,-1.0,0.0,0.0,106.0,557.0
20451.0,0.0,3.1416,-0.0,0.0,0.0,0.0,-1.0,0.0,0.0,106.0,577.0
20462.0,0.0,3.1416,-0.001,0.0,0.0,0.0,-1.0,0.0,0.0,106.0,569.0
20472.0,0.0,3.1416,-0.001,0.0,0.0,0.0,-1.0,0.0,0.0,106.0,562.0
20482.0,0.0,3.1416,-0.001,0.0,0.0,0.0,-1.0,0.0,0.0,106.0,563.0
20493.0,0.0,3.1416,-0.0,0.0,0.0,0.0,-1.0,0.0,0.0,106.0,562.0
20503.0,0.0,3.1416,-0.0,0.0,0.0,0.0,-1.0,0.0,0.0,106.0,570.0
20513.0,0.0,3.1416,-0.0,0.0,0.0,0.0,-1.0,0.0,0.0,106.0,557.0
20523.0,0.0,3.1416,-0.0,0.0,0.0,0.0,-1.0,0.0,0.0,106.0,563.0
20534.0,0.0,3.1416,-0.0,0.0,0.0,0.0,-1.0,0.0,0.0,106.0,563.0
20544.0,0.0,3.1416,0.0,0.0,0.0,0.0,-1.0,0.0,0.0,106.0,555.0
20554.0,0.0,3.1416,0.0,0.0,0.0,0.0,-1.0,0.0,0.0,106.0,555.0
20565.0,0.0,3.1416,0.0,0.0,0.0,0.0,-1.0,0.0,0.0,106.0,555.0
20575.0,0.0,3.1416,0.0,0.0,0.0,0.0,-1.0,0.0,0.0,106.0,563.0
20585.0,0.0,3.1416,0.0,0.0,0.0,0.0,-1.0,0.0,0.0,106.0,562.0
20595.0,0.0,3.1416,0.0,0.0,0.0,0.0,-1.0,0.0,0.0,106.0,563.0
20606.0,0.0,3.1416,0.0,0.0,0.0,0.0,-1.0,0.0,0.0,106.0,562.0
20616.0,0.0,3.1416,0.0,0.0,0.0,0.0,-1.0,0.0,0.0,106.0,576.0
20626.0,0.0,3.1416,0.0,0.0,0.0,0.0,-1.0,0.0,0.0,106.0,562.0
20636.0,0.0,3.1416,0.0,0.0,0.0,0.0,-1.0,0.0,0.0,106.0,576.0
20647.0,0.0,3.1416,0.0,0.0,0.0,0.0,-1.0,0.0,0.0,106.0,576.0
20657.0,0.0,3.1416,0.0,0.0,0.0,0.0,-1.0,0.0,0.0,106.0,555.0
20667.0,0.0,3.1416,0.0,0.0,0.0,0.0,-1.0,0.0,0.0,106.0,570.0
20678.0,0.0,3.1416,-0.0,0.0,0.0,0.0,-1.0,0.0,0.0,106.0,555.0
20688.0,0.0,3.1416,-0.0,0.0,0.0,0.0,-1.0,0.0,0.0,106.0,569.0
20698.0,0.0,3.1416,-0.0,0.0,0.0,0.0,-1.0,0.0,0.0,106.0,569.0
20708.0,0.0,3.1416,-0.0,0.0,0.0,0.0,-1.0,0.0,0.0,106.0,576.0
20718.0,0.0,3.1416,-0.0,0.0,0.0,0.0,-1.0,0.0,0.0,106.0,555.0
20728.0,0.0,3.1416,-0.0,0.0,0.0,0.0,-1.0,0.0,0.0,106.0,562.0
20738.0,0.0,3.1416,-0.0,0.0,0.0,0.0,-1.0,0.0,0.0,106.0,563.0
20750.0,0.0,3.1416,-0.0,0.0,0.0,0.0,-1.0,0.0,0.0,106.0,649.0
20761.0,0.0,3.1416,-0.0,0.0,0.0,0.0,-1.0,0.0,0.0,106.0,570.0
20771.0,0.0,3.1416,-0.0,0.0,0.0,0.0,-1.0,0.0,0.0,106.0,569.0
20781.0,0.0,3.1416,-0.0,0.0,0.0,0.0,-1.0,0.0,0.0,106.0,562.0
20791.0,0.0,3.1416,-0.0,0.0,0.0,0.0,-1.0,0.0,0.0,106.0,561.0
20801.0,0.0,3.1416,-0.0,0.0,0.0,0.0,-1.0,0.0,0.0,106.0,555.0
20811.0,0.0,3.1416,-0.0,0.0,0.0,0.0,-1.0,0.0,0.0,106.0,562.0
20822.0,0.0,3.1416,-0.0,0.0,0.0,0.0,-1.0,0.0,0.0,106.0,562.0
20832.0,0.0,3.1416,0.0,0.0,0.0,0.0,-1.0,0.0,0.0,106.0,562.0
20842.0,0.0,3.1416,0.0,0.0,0.0,0.0,-1.0,0.0,0.0,106.0,570.0
20853.0,0.0,3.1416,0.0,0.0,0.0,0.0,-1.0,0.0,0.0,106.0,562.0
20863.0,0.0,3.1416,0.0,0.0,0.0,0.0,-1.0,0.0,0.0,106.0,562.0
20873.0,0.0,3.1416,0.0,0.0,0.0,0.0,-1.0,0.0,0.0,106.0,564.0
20883.0,0.0,3.1416,0.0,0.0,0.0,0.0,-1.0,0.0,0.0,106.0,570.0
20893.0,0.0,-3.1401,0.006,0.0,0.0,0.0,-1.0,0.0,0.0,106.0,577.0
20904.0,0.0,3.1416,0.001,0.0,0.0,0.0,-1.0,0.0,0.0,106.0,570.0
20914.0,0.0,3.1416,-0.001,0.0,0.0,0.0,-1.0,0.0,0.0,106.0,562.0
20924.0,0.0,3.1416,0.001,0.0,0.0,0.0,-1.0,0.0,0.0,106.0,571.0
20935.0,0.0,3.1416,-0.001,0.0,0.0,0.0,-1.0,0.0,0.0,106.0,569.0
20945.0,0.0,3.1416,-0.001,0.0,0.0,0.0,-1.0,0.0,0.0,106.0,569.0
20955.0,0.0,3.1416,-0.001,0.0,0.0,0.0,-1.0,0.0,0.0,106.0,571.0
20965.0,0.0,3.1416,-0.001,0.0,0.0,0.0,-1.0,0.0,0.0,106.0,562.0
20975.0,0.0,3.1416,-0.001,0.0,0.0,0.0,-1.0,0.0,0.0,106.0,556.0
20985.0,0.0,3.1416,0.005,0.0,0.0,0.0,-1.0,0.0,0.0,106.0,564.0
20996.0,0.0,3.1416,0.001,0.0,0.0,0.0,-1.0,0.0,0.0,106.0,556.0
21006.0,0.0,3.1416,-0.001,0.0,0.0,0.0,-1.0,0.0,0.0,106.0,562.0
21016.0,0.0,3.1416,-0.001,0.0,0.0,0.0,-1.0,0.0,0.0,106.0,562.0
21026.0,0.0,3.1416,-0.001,0.0,0.0,0.0,-1.0,0.0,0.0,106.0,563.0
21037.0,0.0,3.1416,-0.001,0.0,0.0,0.0,-1.0,0.0,0.0,106.0,563.0
21047.0,0.0,3.1416,-0.0,0.0,0.0,0.0,-1.0,0.0,0.0,106.0,570.0
21057.0,0.0,3.1416,-0.0,0.0,0.0,0.0,-1.0,0.0,0.0,106.0,562.0
21067.0,0.0,3.1416,-0.0,0.0,0.0,0.0,-1.0,0.0,0.0,106.0,562.0
21077.0,0.0,3.1416,-0.0,0.0,0.0,0.0,-1.0,0.0,0.0,106.0,563.0
21088.0,0.0,3.1416,-0.0,0.0,0.0,0.0,-1.0,0.0,0.0,106.0,555.0
21098.0,0.0,3.1416,0.0,0.0,0.0,0.0,-1.0,0.0,0.0,106.0,564.0
21108.0,0.0,3.1416,0.0,0.0,0.0,0.0,-1.0,0.0,0.0,106.0,571.0
21118.0,0.0,3.1416,0.005,0.0,0.0,0.0,-1.0,0.0,0.0,106.0,571.0
21128.0,0.0,3.1416,0.0,0.0,0.0,0.0,-1.0,0.0,0.0,106.0,562.0
21138.0,0.0,3.1416,-0.001,0.0,0.0,0.0,-1.0,0.0,0.0,106.0,577.0
21149.0,0.0,3.1416,-0.001,0.0,0.0,0.0,-1.0,0.0,0.0,106.0,556.0
21159.0,0.0,3.1416,-0.001,0.0,0.0,0.0,-1.0,0.0,0.0,106.0,571.0
21169.0,0.0,3.1416,-0.0,0.0,0.0,0.0,-1.0,0.0,0.0,106.0,563.0
21179.0,0.0,3.1416,-0.0,0.0,0.0,0.0,-1.0,0.0,0.0,106.0,562.0
21190.0,0.0,3.1416,-0.0,0.0,0.0,0.0,-1.0,0.0,0.0,106.0,562.0
21200.0,0.0,3.1416,-0.0,0.0,0.0,0.0,-1.0,0.0,0.0,106.0,555.0
21210.0,0.0,3.1416,-0.0,0.0,0.0,0.0,-1.0,0.0,0.0,106.0,570.0
21221.0,0.0,3.1416,-0.0,0.0,0.0,0.0,-1.0,0.0,0.0,106.0,563.0
21231.0,0.0,3.1416,0.0,0.0,0.0,0.0,-1.0,0.0,0.0,106.0,563.0
21241.0,0.0,3.1416,0.002,0.0,0.0,0.0,-1.0,0.0,0.0,106.0,564.0
21252.0,0.0,3.1416,0.002,0.0,0.0,0.0,-1.0,0.0,0.0,106.0,565.0
21262.0,0.0,3.1416,-0.001,0.0,0.0,0.0,-1.0,0.0,0.0,106.0,577.0
21272.0,0.0,3.1416,0.002,0.0,0.0,0.0,-1.0,0.0,0.0,106.0,556.0
21282.0,0.0,3.1416,-0.001,0.0,0.0,0.0,-1.0,0.0,0.0,106.0,562.0
21293.0,0.0,3.1416,-0.002,0.0,0.0,0.0,-1.0,0.0,0.0,106.0,562.0
21303.0,0.0,3.1416,-0.002,0.0,0.0,0.0,-1.0,0.0,0.0,106.0,563.0
21313.0,0.0,3.1416,-0.001,0.0,0.0,0.0,-1.0,0.0,0.0,106.0,571.0
21323.0,0.0,3.1416,-0.001,0.0,0.0,0.0,-1.0,0.0,0.0,106.0,570.0
21334.0,0.0,-3.1401,0.006,0.0,0.0,0.0,-1.0,0.0,0.0,106.0,570.0
21344.0,0.0,3.1416,0.0,0.0,0.0,0.0,-1.0,0.0,0.0,106.0,556.0
21354.0,0.0,3.1416,-0.001,0.0,0.0,0.0,-1.0,0.0,0.0,106.0,576.0
21365.0,0.0,3.1416,-0.001,0.0,0.0,0.0,-1.0,0.0,0.0,106.0,562.0
21375.0,0.0,3.1416,-0.001,0.0,0.0,0.0,-1.0,0.0,0.0,106.0,563.0
21385.0,0.0,3.1416,-0.001,0.0,0.0,0.0,-1.0,0.0,0.0,106.0,562.0
21395.0,0.0,3.1416,-0.0,0.0,0.0,0.0,-1.0,0.0,0.0,106.0,563.0
21405.0,0.0,3.1416,-0.0,0.0,0.0,0.0,-1.0,0.0,0.0,106.0,570.0
21416.0,0.0,3.1416,-0.0,0.0,0.0,0.0,-1.0,0.0,0.0,106.0,562.0
21426.0,0.0,3.1416,-0.0,0.0,0.0,0.0,-1.0,0.0,0.0,106.0,562.0
21436.0,0.0,3.1416,-0.0,0.0,0.0,0.0,-1.0,0.0,0.0,106.0,563.0
21446.0,0.0,3.1416,0.0,0.0,0.0,0.0,-1.0,0.0,0.0,106.0,563.0
21456.0,0.0,3.1416,0.0,0.0,0.0,0.0,-1.0,0.0,0.0,106.0,570.0
21467.0,0.0,3.1416,0.0,0.0,0.0,0.0,-1.0,0.0,0.0,106.0,562.0
21477.0,0.0,3.1416,0.0,0.0,0.0,0.0,-1.0,0.0,0.0,106.0,570.0
21487.0,0.0,3.1416,0.0,0.0,0.0,0.0,-1.0,0.0,0.0,106.0,557.0
21497.0,0.0,3.1416,0.0,0.0,0.0,0.0,-1.0,0.0,0.0,106.0,562.0
21508.0,0.0,3.1416,0.001,0.0,0.0,0.0,-1.0,0.0,0.0,106.0,556.0
21518.0,0.0,3.1416,-0.0,0.0,0.0,0.0,-1.0,0.0,0.0,106.0,569.0
21528.0,0.0,-3.1401,0.005,0.0,0.0,0.0,-1.0,0.0,0.0,106.0,570.0
21538.0,0.0,3.1416,0.0,0.0,0.0,0.0,-1.0,0.0,0.0,106.0,550.0
21548.0,0.0,3.1416,-0.001,0.0,0.0,0.0,-1.0,0.0,0.0,106.0,577.0
21558.0,0.0,3.1416,0.003,0.0,0.0,0.0,-1.0,0.0,0.0,106.0,571.0
21569.0,0.0,3.1416,-0.001,0.0,0.0,0.0,-1.0,0.0,0.0,106.0,576.0
21579.0,0.0,3.1416,-0.001,0.0,0.0,0.0,-1.0,0.0,0.0,106.0,562.0
21589.0,0.0,3.1416,-0.001,0.0,0.0,0.0,-1.0,0.0,0.0,106.0,570.0
21600.0,0.0,3.1416,-0.001,0.0,0.0,0.0,-1.0,0.0,0.0,106.0,570.0
21610.0,0.0,3.1416,-0.001,0.0,0.0,0.0,-1.0,0.0,0.0,106.0,549.0
21620.0,0.0,3.1416,-0.0,0.0,0.0,0.0,-1.0,0.0,0.0,106.0,570.0
21630.0,0.0,3.1416,-0.0,0.0,0.0,0.0,-1.0,0.0,0.0,106.0,569.0
21641.0,0.0,3.1416,-0.0,0.0,0.0,0.0,-1.0,0.0,0.0,106.0,570.0
21651.0,0.0,3.1416,-0.0,0.0,0.0,0.0,-1.0,0.0,0.0,106.0,562.0
21661.0,0.0,3.1416,-0.0,0.0,0.0,0.0,-1.0,0.0,0.0,106.0,555.0
21672.0,0.0,3.1416,0.0,0.0,0.0,0.0,-1.0,0.0,0.0,106.0,556.0
21682.0,0.0,3.1416,0.0,0.0,0.0,0.0,-1.0,0.0,0.0,106.0,570.0
21692.0,0.0,3.1416,0.003,0.0,0.0,0.0,-1.0,0.0,0.0,106.0,549.0
21702.0,0.0,3.1416,0.0,0.0,0.0,0.0,-1.0,0.0,0.0,106.0,561.0
21712.0,0.0,3.1416,-0.001,0.0,0.0,0.0,-1.0,0.0,0.0,106.0,576.0
21723.0,0.0,3.1416,-0.001,0.0,0.0,0.0,-1.0,0.0,0.0,106.0,563.0
21733.0,0.0,3.1416,-0.001,0.0,0.0,0.0,-1.0,0.0,0.0,106.0,571.0
21743.0,0.0,3.1416,-0.0,0.0,0.0,0.0,-1.0,0.0,0.0,106.0,555.0
21753.0,0.0,3.1416,-0.0,0.0,0.0,0.0,-1.0,0.0,0.0,106.0,562.0
21763.0,0.0,3.1416,-0.0,0.0,0.0,0.0,-1.0,0.0,0.0,106.0,571.0
21774.0,0.0,3.1416,-0.0,0.0,0.0,0.0,-1.0,0.0,0.0,106.0,555.0
21784.0,0.0,3.1416,-0.0,0.0,0.0,0.0,-1.0,0.0,0.0,106.0,562.0
21794.0,0.0,3.1416,-0.0,0.0,0.0,0.0,-1.0,0.0,0.0,106.0,562.0
21804.0,0.0,3.1416,0.0,0.0,0.0,0.0,-1.0,0.0,0.0,106.0,570.0
21814.0,0.0,-3.1401,0.006,0.0,0.0,0.0,-1.0,0.0,0.0,106.0,569.0
21824.0,0.0,3.1416,0.001,0.0,0.0,0.0,-1.0,0.0,0.0,106.0,565.0
21835.0,0.0,3.1416,-0.001,0.0,0.0,0.0,-1.0,0.0,0.0,106.0,562.0
21845.0,0.0,3.1416,-0.001,0.0,0.0,0.0,-1.0,0.0,0.0,106.0,563.0
21855.0,0.0,3.1416,-0.001,0.0,0.0,0.0,-1.0,0.0,0.0,106.0,570.0
21865.0,0.0,3.1416,-0.001,0.0,0.0,0.0,-1.0,0.0,0.0,106.0,570.0
21876.0,0.0,3.1416,-0.0,0.0,0.0,0.0,-1.0,0.0,0.0,106.0,555.0
21886.0,0.0,3.1416,-0.0,0.0,0.0,0.0,-1.0,0.0,0.0,106.0,563.0
21896.0,0.0,3.1416,-0.0,0.0,0.0,0.0,-1.0,0.0,0.0,106.0,562.0
21906.0,0.0,3.1416,-0.0,0.0,0.0,0.0,-1.0,0.0,0.0,106.0,562.0
21916.0,0.0,3.1416,-0.0,0.0,0.0,0.0,-1.0,0.0,0.0,106.0,570.0
21927.0,0.0,3.1416,0.0,0.0,0.0,0.0,-1.0,0.0,0.0,106.0,570.0
21937.0,0.0,3.1416,0.0,0.0,0.0,0.0,-1.0,0.0,0.0,106.0,556.0
21947.0,0.0,3.1416,0.0,0.0,0.0,0.0,-1.0,0.0,0.0,106.0,562.0
21957.0,0.0,-3.1401,0.006,0.0,0.0,0.0,-1.0,0.0,0.0,106.0,563.0
21968.0,0.0,3.1416,0.001,0.0,0.0,0.0,-1.0,0.0,0.0,106.0,557.0
21978.0,0.0,3.1416,-0.001,0.0,0.0,0.0,-1.0,0.0,0.0,106.0,562.0
21988.0,0.0,3.1416,-0.001,0.0,0.0,0.0,-1.0,0.0,0.0,106.0,576.0
21998.0,0.0,3.1416,-0.001,0.0,0.0,0.0,-1.0,0.0,0.0,106.0,561.0
22008.0,0.0,3.1416,-0.001,0.0,0.0,0.0,-1.0,0.0,0.0,106.0,556.0
22018.0,0.0,3.1416,-0.0,0.0,0.0,0.0,-1.0,0.0,0.0,106.0,563.0
22029.0,0.0,3.1416,-0.0,0.0,0.0,0.0,-1.0,0.0,0.0,106.0,555.0
22039.0,0.0,3.1416,-0.0,0.0,0.0,0.0,-1.0,0.0,0.0,106.0,562.0
22049.0,0.0,3.1416,-0.0,0.0,0.0,0.0,-1.0,0.0,0.0,106.0,563.0
22059.0,0.0,3.1416,-0.0,0.0,0.0,0.0,-1.0,0.0,0.0,106.0,570.0
22070.0,0.0,3.1416,0.0,0.0,0.0,0.0,-1.0,0.0,0.0,106.0,562.0
22080.0,0.0,3.1416,0.0,0.0,0.0,0.0,-1.0,0.0,0.0,106.0,563.0
22090.0,0.0,3.1416,0.01,0.0,0.0,0.0,-1.0,0.0,0.0,106.0,555.0
22100.0,0.0,3.1416,0.0,0.0,0.0,0.0,-1.0,0.0,0.0,106.0,556.0
22110.0,0.0,3.1416,-0.002,0.0,0.0,0.0,-1.0,0.0,0.0,106.0,569.0
22121.0,0.0,3.1416,-0.002,0.0,0.0,0.0,-1.0,0.0,0.0,106.0,563.0
22131.0,0.0,3.1416,-0.002,0.0,0.0,0.0,-1.0,0.0,0.0,106.0,563.0
22141.0,0.0,3.1416,-0.001,0.0,0.0,0.0,-1.0,0.0,0.0,106.0,570.0
22152.0,0.0,3.1416,-0.001,0.0,0.0,0.0,-1.0,0.0,0.0,106.0,563.0
22162.0,0.0,3.1416,-0.001,0.0,0.0,0.0,-1.0,0.0,0.0,106.0,562.0
22172.0,0.0,3.1416,-0.0,0.0,0.0,0.0,-1.0,0.0,0.0,106.0,563.0
22182.0,0.0,3.1416,-0.0,0.0,0.0,0.0,-1.0,0.0,0.0,106.0,570.0
22193.0,0.0,3.1416,-0.0,0.0,0.0,0.0,-1.0,0.0,0.0,106.0,562.0
22203.0,0.0,3.1416,-0.0,0.0,0.0,0.0,-1.0,0.0,0.0,106.0,557.0
22213.0,0.0,3.1416,0.0,0.0,0.0,0.0,-1.0,0.0,0.0,106.0,572.0
22223.0,0.0,3.1416,0.0,0.0,0.0,0.0,-1.0,0.0,0.0,106.0,563.0
22234.0,0.0,3.1416,0.0,0.0,0.0,0.0,-1.0,0.0,0.0,106.0,563.0
22244.0,0.0,3.1416,0.0,0.0,0.0,0.0,-1.0,0.0,0.0,106.0,562.0
22254.0,0.0,3.1416,0.0,0.0,0.0,0.0,-1.0,0.0,0.0,106.0,563.0
22264.0,0.0,3.1416,0.0,0.0,0.0,0.0,-1.0,0.0,0.0,106.0,562.0
22274.0,0.0,3.1416,0.0,0.0,0.0,0.0,-1.0,0.0,0.0,106.0,569.0
22284.0,0.0,3.1416,0.0,0.0,0.0,0.0,-1.0,0.0,0.0,106.0,576.0
22295.0,0.0,3.1416,0.0,0.0,0.0,0.0,-1.0,0.0,0.0,106.0,577.0
22305.0,0.0,3.1416,0.0,0.0,0.0,0.0,-1.0,0.0,0.0,106.0,577.0
22315.0,0.0,3.1416,0.0,0.0,0.0,0.0,-1.0,0.0,0.0,106.0,562.0
22325.0,0.0,3.1416,0.0,0.0,0.0,0.0,-1.0,0.0,0.0,106.0,577.0
22336.0,0.0,3.1416,0.0,0.0,0.0,0.0,-1.0,0.0,0.0,106.0,569.0
22346.0,0.0,3.1416,-0.0,0.0,0.0,0.0,-1.0,0.0,0.0,106.0,577.0
22356.0,0.0,3.1416,0.003,0.0,0.0,0.0,-1.0,0.0,0.0,106.0,556.0
22366.0,0.0,3.1416,-0.0,0.0,0.0,0.0,-1.0,0.0,0.0,106.0,562.0
22376.0,0.0,3.1416,-0.001,0.0,0.0,0.0,-1.0,0.0,0.0,106.0,563.0
22387.0,0.0,3.1416,-0.001,0.0,0.0,0.0,-1.0,0.0,0.0,106.0,562.0
22397.0,0.0,-3.1401,0.005,0.0,0.0,0.0,-1.0,0.0,0.0,106.0,563.0
22407.0,0.0,3.1416,0.0,0.0,0.0,0.0,-1.0,0.0,0.0,106.0,574.0
22417.0,0.0,3.1416,-0.001,0.0,0.0,0.0,-1.0,0.0,0.0,106.0,577.0
22428.0,0.0,3.1416,-0.001,0.0,0.0,0.0,-1.0,0.0,0.0,106.0,562.0
22438.0,0.0,3.1416,-0.001,0.0,0.0,0.0,-1.0,0.0,0.0,106.0,563.0
22448.0,0.0,3.1416,0.002,0.0,0.0,0.0,-1.0,0.0,0.0,106.0,571.0
22458.0,0.0,3.1416,-0.001,0.0,0.0,0.0,-1.0,0.0,0.0,106.0,555.0
22468.0,0.0,3.1416,-0.001,0.0,0.0,0.0,-1.0,0.0,0.0,106.0,561.0
22478.0,0.0,3.1416,0.002,0.0,0.0,0.0,-1.0,0.0,0.0,106.0,571.0
22489.0,0.0,3.1416,-0.001,0.0,0.0,0.0,-1.0,0.0,0.0,106.0,569.0
22499.0,0.0,3.1416,-0.001,0.0,0.0,0.0,-1.0,0.0,0.0,106.0,555.0
22509.0,0.0,3.1416,-0.001,0.0,0.0,0.0,-1.0,0.0,0.0,106.0,561.0
22519.0,0.0,3.1416,-0.001,0.0,0.0,0.0,-1.0,0.0,0.0,106.0,570.0
22530.0,0.0,3.1416,-0.001,0.0,0.0,0.0,-1.0,0.0,0.0,106.0,570.0
22540.0,0.0,3.1416,-0.0,0.0,0.0,0.0,-1.0,0.0,0.0,106.0,570.0
22550.0,0.0,3.1416,-0.0,0.0,0.0,0.0,-1.0,0.0,0.0,106.0,562.0
22560.0,0.0,3.1416,0.005,0.0,0.0,0.0,-1.0,0.0,0.0,106.0,571.0
22571.0,0.0,3.1416,-0.0,0.0,0.0,0.0,-1.0,0.0,0.0,106.0,571.0
22581.0,0.0,3.1416,-0.002,0.0,0.0,0.0,-1.0,0.0,0.0,106.0,562.0
22591.0,0.0,3.1416,-0.002,0.0,0.0,0.0,-1.0,0.0,0.0,106.0,562.0
22601.0,0.0,3.1416,-0.001,0.0,0.0,0.0,-1.0,0.0,0.0,106.0,570.0
22612.0,0.0,3.1416,-0.001,0.0,0.0,0.0,-1.0,0.0,0.0,106.0,562.0
22622.0,0.0,3.1416,-0.001,0.0,0.0,0.0,-1.0,0.0,0.0,106.0,555.0
22632.0,0.0,3.1416,-0.0,0.0,0.0,0.0,-1.0,0.0,0.0,106.0,555.0
22642.0,0.0,3.1416,-0.0,0.0,0.0,0.0,-1.0,0.0,0.0,106.0,562.0
22653.0,0.0,3.1416,-0.0,0.0,0.0,0.0,-1.0,0.0,0.0,106.0,555.0
22663.0,0.0,3.1416,-0.0,0.0,0.0,0.0,-1.0,0.0,0.0,106.0,562.0
22673.0,0.0,3.1416,-0.0,0.0,0.0,0.0,-1.0,0.0,0.0,106.0,562.0
22683.0,0.0,3.1416,0.0,0.0,0.0,0.0,-1.0,0.0,0.0,106.0,570.0
22694.0,0.0,3.1416,0.0,0.0,0.0,0.0,-1.0,0.0,0.0,106.0,570.0
22704.0,0.0,3.1416,0.0,0.0,0.0,0.0,-1.0,0.0,0.0,106.0,556.0
22714.0,0.0,3.1416,0.0,0.0,0.0,0.0,-1.0,0.0,0.0,106.0,570.0
22724.0,0.0,3.1416,0.0,0.0,0.0,0.0,-1.0,0.0,0.0,106.0,570.0
22734.0,0.0,3.1416,0.002,0.0,0.0,0.0,-1.0,0.0,0.0,106.0,572.0
22745.0,0.0,3.1416,-0.0,0.0,0.0,0.0,-1.0,0.0,0.0,106.0,569.0
22755.0,0.0,3.1416,-0.001,0.0,0.0,0.0,-1.0,0.0,0.0,106.0,562.0
22765.0,0.0,3.1416,-0.001,0.0,0.0,0.0,-1.0,0.0,0.0,106.0,562.0
22776.0,0.0,3.1416,-0.001,0.0,0.0,0.0,-1.0,0.0,0.0,106.0,563.0
22786.0,0.0,3.1416,-0.0,0.0,0.0,0.0,-1.0,0.0,0.0,106.0,570.0
22796.0,0.0,3.1416,-0.0,0.0,0.0,0.0,-1.0,0.0,0.0,106.0,563.0
22806.0,0.0,3.1416,-0.0,0.0,0.0,0.0,-1.0,0.0,0.0,106.0,556.0
22816.0,0.0,3.1416,0.003,0.0,0.0,0.0,-1.0,0.0,0.0,106.0,571.0
22827.0,0.0,3.1416,-0.0,0.0,0.0,0.0,-1.0,0.0,0.0,106.0,576.0
22837.0,0.0,3.1416,-0.001,0.0,0.0,0.0,-1.0,0.0,0.0,106.0,561.0
22847.0,0.0,3.1416,-0.001,0.0,0.0,0.0,-1.0,0.0,0.0,106.0,570.0
22858.0,0.0,3.1416,-0.001,0.0,0.0,0.0,-1.0,0.0,0.0,106.0,570.0
22868.0,0.0,3.1416,-0.0,0.0,0.0,0.0,-1.0,0.0,0.0,106.0,562.0
22878.0,0.0,3.1416,-0.0,0.0,0.0,0.0,-1.0,0.0,0.0,106.0,564.0
22889.0,0.0,3.1416,-0.0,0.0,0.0,0.0,-1.0,0.0,0.0,106.0,555.0
22899.0,0.0,3.1416,-0.0,0.0,0.0,0.0,-1.0,0.0,0.0,106.0,563.0
22909.0,0.0,3.1416,-0.0,0.0,0.0,0.0,-1.0,0.0,0.0,106.0,562.0
22919.0,0.0,3.1416,0.0,0.0,0.0,0.0,-1.0,0.0,0.0,106.0,563.0
22929.0,0.0,3.1416,0.0,0.0,0.0,0.0,-1.0,0.0,0.0,106.0,562.0
22940.0,0.0,3.1416,0.0,0.0,0.0,0.0,-1.0,0.0,0.0,106.0,562.0
22950.0,0.0,3.1416,0.0,0.0,0.0,0.0,-1.0,0.0,0.0,106.0,570.0
22960.0,0.0,3.1416,0.0,0.0,0.0,0.0,-1.0,0.0,0.0,106.0,563.0
22970.0,0.0,3.1416,0.0,0.0,0.0,0.0,-1.0,0.0,0.0,106.0,571.0
22980.0,0.0,3.1416,0.0,0.0,0.0,0.0,-1.0,0.0,0.0,106.0,576.0
22990.0,0.0,3.1416,0.0,0.0,0.0,0.0,-1.0,0.0,0.0,106.0,563.0
23000.0,0.0,3.1416,0.0,0.0,0.0,0.0,-1.0,0.0,0.0,106.0,562.0
23010.0,0.0,3.1416,0.004,0.0,0.0,0.0,-1.0,0.0,0.0,106.0,571.0
23021.0,0.0,3.1416,0.0,0.0,0.0,0.0,-1.0,0.0,0.0,106.0,576.0
23031.0,0.0,3.1416,-0.001,0.0,0.0,0.0,-1.0,0.0,0.0,106.0,562.0
23041.0,0.0,3.1416,-0.001,0.0,0.0,0.0,-1.0,0.0,0.0,106.0,555.0
23051.0,0.0,3.1416,-0.001,0.0,0.0,0.0,-1.0,0.0,0.0,106.0,570.0
23062.0,0.0,3.1416,-0.0,0.0,0.0,0.0,-1.0,0.0,0.0,106.0,563.0
23072.0,0.0,3.1416,-0.0,0.0,0.0,0.0,-1.0,0.0,0.0,106.0,569.0
23082.0,0.0,3.1416,-0.0,0.0,0.0,0.0,-1.0,0.0,0.0,106.0,571.0
23092.0,0.0,3.1416,-0.0,0.0,0.0,0.0,-1.0,0.0,0.0,106.0,562.0
23102.0,0.0,3.1416,-0.0,0.0,0.0,0.0,-1.0,0.0,0.0,106.0,570.0
23113.0,0.0,3.1416,-0.0,0.0,0.0,0.0,-1.0,0.0,0.0,106.0,556.0
23123.0,0.0,3.1416,0.0,0.0,0.0,0.0,-1.0,0.0,0.0,106.0,563.0
23133.0,0.0,3.1416,0.0,0.0,0.0,0.0,-1.0,0.0,0.0,106.0,562.0
23143.0,0.0,3.1416,0.0,0.0,0.0,0.0,-1.0,0.0,0.0,106.0,563.0
23153.0,0.0,3.1416,0.001,0.0,0.0,0.0,-1.0,0.0,0.0,106.0,571.0
23164.0,0.0,3.1416,-0.0,0.0,0.0,0.0,-1.0,0.0,0.0,106.0,562.0
23174.0,0.0,3.1416,-0.001,0.0,0.0,0.0,-1.0,0.0,0.0,106.0,577.0
23184.0,0.0,3.1416,-0.001,0.0,0.0,0.0,-1.0,0.0,0.0,106.0,555.0
23194.0,0.0,3.1416,-0.001,0.0,0.0,0.0,-1.0,0.0,0.0,106.0,563.0
23205.0,0.0,3.1416,-0.0,0.0,0.0,0.0,-1.0,0.0,0.0,106.0,562.0
23215.0,0.0,3.1416,-0.0,0.0,0.0,0.0,-1.0,0.0,0.0,106.0,570.0
23225.0,0.0,3.1416,-0.0,0.0,0.0,0.0,-1.0,0.0,0.0,106.0,556.0
23235.0,0.0,3.1416,-0.0,0.0,0.0,0.0,-1.0,0.0,0.0,106.0,569.0
23246.0,0.0,3.1416,-0.0,0.0,0.0,0.0,-1.0,0.0,0.0,106.0,570.0
23256.0,0.0,3.1416,0.0,0.0,0.0,0.0,-1.0,0.0,0.0,106.0,555.0
23266.0,0.0,3.1416,0.0,0.0,0.0,0.0,-1.0,0.0,0.0,106.0,563.0
23276.0,0.0,3.1416,0.0,0.0,0.0,0.0,-1.0,0.0,0.0,106.0,571.0
23287.0,0.0,3.1416,0.0,0.0,0.0,0.0,-1.0,0.0,0.0,106.0,570.0
23297.0,0.0,3.1416,0.0,0.0,0.0,0.0,-1.0,0.0,0.0,106.0,562.0
23307.0,0.0,3.1416,0.0,0.0,0.0,0.0,-1.0,0.0,0.0,106.0,577.0
23318.0,0.0,3.1416,0.0,0.0,0.0,0.0,-1.0,0.0,0.0,106.0,562.0
23328.0,0.0,3.1416,0.005,0.0,0.0,0.0,-1.0,0.0,0.0,106.0,556.0
23338.0,0.0,3.1416,0.001,0.0,0.0,0.0,-1.0,0.0,0.0,106.0,565.0
23349.0,0.0,3.1416,-0.001,0.0,0.0,0.0,-1.0,0.0,0.0,106.0,569.0
23359.0,0.0,3.1416,-0.001,0.0,0.0,0.0,-1.0,0.0,0.0,106.0,576.0
23369.0,0.0,3.1416,-0.001,0.0,0.0,0.0,-1.0,0.0,0.0,106.0,561.0
23379.0,0.0,3.1416,0.003,0.0,0.0,0.0,-1.0,0.0,0.0,106.0,571.0
23390.0,0.0,3.1416,-0.0,0.0,0.0,0.0,-1.0,0.0,0.0,106.0,577.0
23400.0,0.0,3.1416,-0.001,0.0,0.0,0.0,-1.0,0.0,0.0,106.0,576.0
23410.0,0.0,3.1416,0.0,0.0,0.0,0.0,-1.0,0.0,0.0,106.0,556.0
23420.0,0.0,3.1416,-0.001,0.0,0.0,0.0,-1.0,0.0,0.0,106.0,577.0
23431.0,0.0,3.1416,-0.001,0.0,0.0,0.0,-1.0,0.0,0.0,106.0,570.0
23441.0,0.0,3.1416,-0.001,0.0,0.0,0.0,-1.0,0.0,0.0,106.0,556.0
23451.0,0.0,3.1416,-0.001,0.0,0.0,0.0,-1.0,0.0,0.0,106.0,562.0
23462.0,0.0,3.1416,0.005,0.0,0.0,0.0,-1.0,0.0,0.0,106.0,557.0
23472.0,0.0,3.1416,0.0,0.0,0.0,0.0,-1.0,0.0,0.0,106.0,571.0
23482.0,0.0,3.1416,-0.001,0.0,0.0,0.0,-1.0,0.0,0.0,106.0,561.0
23492.0,0.0,3.1416,-0.001,0.0,0.0,0.0,-1.0,0.0,0.0,106.0,555.0
23502.0,0.0,3.1416,-0.001,0.0,0.0,0.0,-1.0,0.0,0.0,106.0,563.0
23513.0,0.0,3.1416,-0.001,0.0,0.0,0.0,-1.0,0.0,0.0,106.0,563.0
23523.0,0.0,3.1416,-0.0,0.0,0.0,0.0,-1.0,0.0,0.0,106.0,562.0
23533.0,0.0,3.1416,-0.0,0.0,0.0,0.0,-1.0,0.0,0.0,106.0,570.0
23543.0,0.0,3.1416,-0.0,0.0,0.0,0.0,-1.0,0.0,0.0,106.0,569.0
23554.0,0.0,3.1416,-0.0,0.0,0.0,0.0,-1.0,0.0,0.0,106.0,562.0
23564.0,0.0,3.1416,-0.0,0.0,0.0,0.0,-1.0,0.0,0.0,106.0,571.0
23574.0,0.0,3.1416,0.0,0.0,0.0,0.0,-1.0,0.0,0.0,106.0,555.0
23584.0,0.0,3.1416,0.0,0.0,0.0,0.0,-1.0,0.0,0.0,106.0,563.0
23594.0,0.0,3.1416,0.0,0.0,0.0,0.0,-1.0,0.0,0.0,106.0,555.0
23604.0,0.0,3.1416,0.0,0.0,0.0,0.0,-1.0,0.0,0.0,106.0,562.0
23614.0,0.0,3.1416,0.001,0.0,0.0,0.0,-1.0,0.0,0.0,106.0,571.0
23625.0,0.0,3.1416,-0.0,0.0,0.0,0.0,-1.0,0.0,0.0,106.0,576.0
23635.0,0.0,3.1416,-0.001,0.0,0.0,0.0,-1.0,0.0,0.0,106.0,555.0
23645.0,0.0,3.1416,-0.001,0.0,0.0,0.0,-1.0,0.0,0.0,106.0,570.0
23656.0,0.0,3.1416,-0.001,0.0,0.0,0.0,-1.0,0.0,0.0,106.0,555.0
23666.0,0.0,3.1416,-0.0,0.0,0.0,0.0,-1.0,0.0,0.0,106.0,570.0
23676.0,0.0,3.1416,-0.0,0.0,0.0,0.0,-1.0,0.0,0.0,106.0,563.0
23686.0,0.0,3.1416,-0.0,0.0,0.0,0.0,-1.0,0.0,0.0,106.0,555.0
23696.0,0.0,3.1416,-0.0,0.0,0.0,0.0,-1.0,0.0,0.0,106.0,563.0
23706.0,0.0,3.1416,0.005,0.0,0.0,0.0,-1.0,0.0,0.0,106.0,564.0
23716.0,0.0,3.1416,0.005,0.0,0.0,0.0,-1.0,0.0,0.0,106.0,572.0
23726.0,0.0,3.1416,-0.0,0.0,0.0,0.0,-1.0,0.0,0.0,106.0,571.0
23737.0,0.0,3.1416,-0.002,0.0,0.0,0.0,-1.0,0.0,0.0,106.0,576.0
23747.0,0.0,3.1416,-0.002,0.0,0.0,0.0,-1.0,0.0,0.0,106.0,562.0
23757.0,0.0,3.1416,-0.001,0.0,0.0,0.0,-1.0,0.0,0.0,106.0,571.0
23768.0,0.0,3.1416,-0.001,0.0,0.0,0.0,-1.0,0.0,0.0,106.0,564.0
23778.0,0.0,3.1416,-0.001,0.0,0.0,0.0,-1.0,0.0,0.0,106.0,562.0
23788.0,0.0,3.1416,-0.0,0.0,0.0,0.0,-1.0,0.0,0.0,106.0,562.0
23798.0,0.0,3.1416,-0.0,0.0,0.0,0.0,-1.0,0.0,0.0,106.0,570.0
23809.0,0.0,3.1416,-0.0,0.0,0.0,0.0,-1.0,0.0,0.0,106.0,562.0
23819.0,0.0,3.1416,-0.0,0.0,0.0,0.0,-1.0,0.0,0.0,106.0,569.0
23829.0,0.0,3.1416,-0.0,0.0,0.0,0.0,-1.0,0.0,0.0,106.0,555.0
23839.0,0.0,3.1416,0.0,0.0,0.0,0.0,-1.0,0.0,0.0,106.0,562.0
23849.0,0.0,3.1416,0.0,0.0,0.0,0.0,-1.0,0.0,0.0,106.0,563.0
23860.0,0.0,3.1416,0.0,0.0,0.0,0.0,-1.0,0.0,0.0,106.0,563.0
23870.0,0.0,3.1416,0.0,0.0,0.0,0.0,-1.0,0.0,0.0,106.0,570.0
23880.0,0.0,3.1416,0.0,0.0,0.0,0.0,-1.0,0.0,0.0,106.0,563.0
23890.0,0.0,3.1416,0.0,0.0,0.0,0.0,-1.0,0.0,0.0,106.0,569.0
23900.0,0.0,3.1416,0.0,0.0,0.0,0.0,-1.0,0.0,0.0,106.0,555.0
23910.0,0.0,3.1416,0.0,0.0,0.0,0.0,-1.0,0.0,0.0,106.0,563.0
23920.0,0.0,3.1416,0.0,0.0,0.0,0.0,-1.0,0.0,0.0,106.0,564.0
23930.0,0.0,3.1416,0.0,0.0,0.0,0.0,-1.0,0.0,0.0,106.0,569.0
23941.0,0.0,3.1416,0.0,0.0,0.0,0.0,-1.0,0.0,0.0,106.0,569.0
23951.0,0.0,3.1416,0.0,0.0,0.0,0.0,-1.0,0.0,0.0,106.0,555.0
23961.0,0.0,3.1416,0.0,0.0,0.0,0.0,-1.0,0.0,0.0,106.0,562.0
23971.0,0.0,3.1416,-0.0,0.0,0.0,0.0,-1.0,0.0,0.0,106.0,577.0
23981.0,0.0,3.1416,-0.0,0.0,0.0,0.0,-1.0,0.0,0.0,106.0,576.0
23992.0,0.0,3.1416,-0.0,0.0,0.0,0.0,-1.0,0.0,0.0,106.0,563.0
24002.0,0.0,3.1416,-0.0,0.0,0.0,0.0,-1.0,0.0,0.0,106.0,576.0
24012.0,0.0,3.1416,-0.0,0.0,0.0,0.0,-1.0,0.0,0.0,106.0,562.0
24022.0,0.0,3.1416,-0.0,0.0,0.0,0.0,-1.0,0.0,0.0,106.0,563.0
24032.0,0.0,3.1416,-0.0,0.0,0.0,0.0,-1.0,0.0,0.0,106.0,577.0
24043.0,0.0,3.1416,-0.0,0.0,0.0,0.0,-1.0,0.0,0.0,106.0,563.0
24053.0,0.0,3.1416,-0.0,0.0,0.0,0.0,-1.0,0.0,0.0,106.0,562.0
24063.0,0.0,3.1416,-0.0,0.0,0.0,0.0,-1.0,0.0,0.0,106.0,556.0
24073.0,0.0,3.1416,-0.0,0.0,0.0,0.0,-1.0,0.0,0.0,106.0,563.0
24084.0,0.0,3.1416,-0.0,0.0,0.0,0.0,-1.0,0.0,0.0,106.0,562.0
24094.0,0.0,3.1416,-0.0,0.0,0.0,0.0,-1.0,0.0,0.0,106.0,556.0
24104.0,0.0,3.1416,-0.0,0.0,0.0,0.0,-1.0,0.0,0.0,106.0,570.0
24115.0,0.0,3.1416,-0.0,0.0,0.0,0.0,-1.0,0.0,0.0,106.0,570.0
24125.0,0.0,3.1416,0.0,0.0,0.0,0.0,-1.0,0.0,0.0,106.0,562.0
24135.0,0.0,3.1416,0.0,0.0,0.0,0.0,-1.0,0.0,0.0,106.0,562.0
24145.0,0.0,3.1416,0.0,0.0,0.0,0.0,-1.0,0.0,0.0,106.0,562.0
24155.0,0.0,3.1416,0.002,0.0,0.0,0.0,-1.0,0.0,0.0,106.0,564.0
24165.0,0.0,3.1416,-0.0,0.0,0.0,0.0,-1.0,0.0,0.0,106.0,576.0
24176.0,0.0,3.1416,-0.001,0.0,0.0,0.0,-1.0,0.0,0.0,106.0,563.0
24186.0,0.0,3.1416,0.001,0.0,0.0,0.0,-1.0,0.0,0.0,106.0,571.0
24196.0,0.0,3.1416,-0.001,0.0,0.0,0.0,-1.0,0.0,0.0,106.0,562.0
24206.0,0.0,3.1416,-0.001,0.0,0.0,0.0,-1.0,0.0,0.0,106.0,562.0
24217.0,0.0,3.1416,-0.001,0.0,0.0,0.0,-1.0,0.0,0.0,106.0,556.0
24227.0,0.0,3.1416,-0.001,0.0,0.0,0.0,-1.0,0.0,0.0,106.0,556.0
24237.0,0.0,3.1416,-0.0,0.0,0.0,0.0,-1.0,0.0,0.0,106.0,642.0
24248.0,0.0,3.1416,-0.0,0.0,0.0,0.0,-1.0,0.0,0.0,106.0,555.0
24258.0,0.0,3.1416,0.004,0.0,0.0,0.0,-1.0,0.0,0.0,106.0,558.0
24268.0,0.0,3.1416,0.0,0.0,0.0,0.0,-1.0,0.0,0.0,106.0,576.0
24278.0,0.0,3.1416,-0.001,0.0,0.0,0.0,-1.0,0.0,0.0,106.0,561.0
24288.0,0.0,3.1416,-0.001,0.0,0.0,0.0,-1.0,0.0,0.0,106.0,563.0
24298.0,0.0,3.1416,-0.001,0.0,0.0,0.0,-1.0,0.0,0.0,106.0,570.0
24309.0,0.0,3.1416,-0.0,0.0,0.0,0.0,-1.0,0.0,0.0,106.0,555.0
24319.0,0.0,3.1416,-0.0,0.0,0.0,0.0,-1.0,0.0,0.0,106.0,571.0
24329.0,0.0,3.1416,-0.0,0.0,0.0,0.0,-1.0,0.0,0.0,106.0,562.0
24339.0,0.0,3.1416,-0.0,0.0,0.0,0.0,-1.0,0.0,0.0,106.0,571.0
24349.0,0.0,3.1416,0.002,0.0,0.0,0.0,-1.0,0.0,0.0,106.0,571.0
24360.0,0.0,3.1416,-0.0,0.0,0.0,0.0,-1.0,0.0,0.0,106.0,577.0
24370.0,0.0,3.1416,-0.001,0.0,0.0,0.0,-1.0,0.0,0.0,106.0,561.0
24380.0,0.0,3.1416,-0.001,0.0,0.0,0.0,-1.0,0.0,0.0,106.0,570.0
24391.0,0.0,3.1416,-0.001,0.0,0.0,0.0,-1.0,0.0,0.0,106.0,555.0
24401.0,0.0,3.1416,-0.0,0.0,0.0,0.0,-1.0,0.0,0.0,106.0,570.0
24411.0,0.0,3.1416,-0.0,0.0,0.0,0.0,-1.0,0.0,0.0,106.0,556.0
24421.0,0.0,3.1416,-0.0,0.0,0.0,0.0,-1.0,0.0,0.0,106.0,562.0
24432.0,0.0,3.1416,-0.0,0.0,0.0,0.0,-1.0,0.0,0.0,106.0,562.0
24442.0,0.0,3.1416,-0.0,0.0,0.0,0.0,-1.0,0.0,0.0,106.0,563.0
24452.0,0.0,3.1416,0.0,0.0,0.0,0.0,-1.0,0.0,0.0,106.0,562.0
24462.0,0.0,3.1416,0.0,0.0,0.0,0.0,-1.0,0.0,0.0,106.0,562.0
24473.0,0.0,3.1416,0.0,0.0,0.0,0.0,-1.0,0.0,0.0,106.0,562.0
24483.0,0.0,3.1416,0.0,0.0,0.0,0.0,-1.0,0.0,0.0,106.0,562.0
24493.0,0.0,3.1416,0.002,0.0,0.0,0.0,-1.0,0.0,0.0,106.0,557.0
24503.0,0.0,3.1416,-0.0,0.0,0.0,0.0,-1.0,0.0,0.0,106.0,569.0
24513.0,0.0,3.1416,-0.001,0.0,0.0,0.0,-1.0,0.0,0.0,106.0,576.0
24524.0,0.0,3.1416,-0.001,0.0,0.0,0.0,-1.0,0.0,0.0,106.0,562.0
24534.0,0.0,3.1416,-0.001,0.0,0.0,0.0,-1.0,0.0,0.0,106.0,570.0
24544.0,0.0,3.1416,-0.0,0.0,0.0,0.0,-1.0,0.0,0.0,106.0,562.0
24554.0,0.0,3.1416,-0.0,0.0,0.0,0.0,-1.0,0.0,0.0,106.0,569.0
24565.0,0.0,3.1416,-0.0,0.0,0.0,0.0,-1.0,0.0,0.0,106.0,570.0
24575.0,0.0,3.1416,-0.0,0.0,0.0,0.0,-1.0,0.0,0.0,106.0,563.0
24585.0,0.0,3.1416,-0.0,0.0,0.0,0.0,-1.0,0.0,0.0,106.0,562.0
24595.0,0.0,3.1416,0.0,0.0,0.0,0.0,-1.0,0.0,0.0,106.0,563.0
24606.0,0.0,3.1416,0.0,0.0,0.0,0.0,-1.0,0.0,0.0,106.0,562.0
24616.0,0.0,3.1416,0.0,0.0,0.0,0.0,-1.0,0.0,0.0,106.0,562.0
24626.0,0.0,3.1416,0.006,0.0,0.0,0.0,-1.0,0.0,0.0,106.0,563.0
24636.0,0.0,3.1416,-0.0,0.0,0.0,0.0,-1.0,0.0,0.0,106.0,563.0
24646.0,0.0,3.1416,-0.002,0.0,0.0,0.0,-1.0,0.0,0.0,106.0,562.0
24657.0,0.0,3.1416,-0.002,0.0,0.0,0.0,-1.0,0.0,0.0,106.0,562.0
24667.0,0.0,3.1416,-0.001,0.0,0.0,0.0,-1.0,0.0,0.0,106.0,555.0
24677.0,0.0,3.1416,-0.001,0.0,0.0,0.0,-1.0,0.0,0.0,106.0,563.0
24687.0,0.0,3.1416,-0.001,0.0,0.0,0.0,-1.0,0.0,0.0,106.0,570.0
24698.0,0.0,3.1416,-0.0,0.0,0.0,0.0,-1.0,0.0,0.0,106.0,562.0
24708.0,0.0,3.1416,-0.0,0.0,0.0,0.0,-1.0,0.0,0.0,106.0,570.0
24718.0,0.0,3.1416,-0.0,0.0,0.0,0.0,-1.0,0.0,0.0,106.0,570.0
24728.0,0.0,3.1416,-0.0,0.0,0.0,0.0,-1.0,0.0,0.0,106.0,563.0
24738.0,0.0,3.1416,-0.0,0.0,0.0,0.0,-1.0,0.0,0.0,106.0,562.0
24749.0,0.0,3.1416,0.0,0.0,0.0,0.0,-1.0,0.0,0.0,106.0,555.0
24759.0,0.0,3.1416,0.0,0.0,0.0,0.0,-1.0,0.0,0.0,106.0,570.0
24769.0,0.0,3.1416,0.0,0.0,0.0,0.0,-1.0,0.0,0.0,106.0,555.0
24779.0,0.0,3.1416,0.002,0.0,0.0,0.0,-1.0,0.0,0.0,106.0,571.0
24789.0,0.0,3.1416,-0.0,0.0,0.0,0.0,-1.0,0.0,0.0,106.0,563.0
24800.0,0.0,3.1416,0.005,0.0,0.0,0.0,-1.0,0.0,0.0,106.0,563.0
24810.0,0.0,3.1416,-0.001,0.0,0.0,0.0,-1.0,0.0,0.0,106.0,557.0
24820.0,0.0,3.1416,-0.002,0.0,0.0,0.0,-1.0,0.0,0.0,106.0,576.0
24830.0,0.0,3.1416,-0.002,0.0,0.0,0.0,-1.0,0.0,0.0,106.0,570.0
24841.0,0.0,3.1416,-0.002,0.0,0.0,0.0,-1.0,0.0,0.0,106.0,570.0
24851.0,0.0,3.1416,-0.001,0.0,0.0,0.0,-1.0,0.0,0.0,106.0,562.0
24861.0,0.0,3.1416,-0.001,0.0,0.0,0.0,-1.0,0.0,0.0,106.0,555.0
24871.0,0.0,3.1416,-0.0,0.0,0.0,0.0,-1.0,0.0,0.0,106.0,563.0
24882.0,0.0,3.1416,-0.0,0.0,0.0,0.0,-1.0,0.0,0.0,106.0,562.0
24892.0,0.0,3.1416,-0.0,0.0,0.0,0.0,-1.0,0.0,0.0,106.0,570.0
24902.0,0.0,3.1416,-0.0,0.0,0.0,0.0,-1.0,0.0,0.0,106.0,549.0
24912.0,0.0,3.1416,-0.0,0.0,0.0,0.0,-1.0,0.0,0.0,106.0,562.0
24922.0,0.0,3.1416,0.0,0.0,0.0,0.0,-1.0,0.0,0.0,106.0,562.0
24932.0,0.0,3.1416,0.004,0.0,0.0,0.0,-1.0,0.0,0.0,106.0,571.0
24943.0,0.0,3.1416,0.0,0.0,0.0,0.0,-1.0,0.0,0.0,106.0,576.0
24953.0,0.0,3.1416,-0.001,0.0,0.0,0.0,-1.0,0.0,0.0,106.0,555.0
24963.0,0.0,3.1416,-0.001,0.0,0.0,0.0,-1.0,0.0,0.0,106.0,562.0
24973.0,0.0,3.1416,-0.001,0.0,0.0,0.0,-1.0,0.0,0.0,106.0,563.0
24984.0,0.0,3.1416,-0.0,0.0,0.0,0.0,-1.0,0.0,0.0,106.0,561.0
24994.0,0.0,3.1416,-0.0,0.0,0.0,0.0,-1.0,0.0,0.0,106.0,562.0
25004.0,0.0,3.1416,0.002,0.0,0.0,0.0,-1.0,0.0,0.0,106.0,572.0
25014.0,0.0,3.1416,-0.0,0.0,0.0,0.0,-1.0,0.0,0.0,106.0,562.0
25024.0,0.0,3.1416,-0.001,0.0,0.0,0.0,-1.0,0.0,0.0,106.0,570.0
25035.0,0.0,3.1416,-0.001,0.0,0.0,0.0,-1.0,0.0,0.0,106.0,562.0
25045.0,0.0,3.1416,-0.001,0.0,0.0,0.0,-1.0,0.0,0.0,106.0,562.0
25055.0,0.0,3.1416,-0.0,0.0,0.0,0.0,-1.0,0.0,0.0,106.0,562.0
25065.0,0.0,3.1416,-0.0,0.0,0.0,0.0,-1.0,0.0,0.0,106.0,570.0
25075.0,0.0,3.1416,-0.0,0.0,0.0,0.0,-1.0,0.0,0.0,106.0,571.0
25085.0,0.0,3.1416,-0.0,0.0,0.0,0.0,-1.0,0.0,0.0,106.0,563.0
25096.0,0.0,3.1416,-0.0,0.0,0.0,0.0,-1.0,0.0,0.0,106.0,563.0
25106.0,0.0,3.1416,0.0,0.0,0.0,0.0,-1.0,0.0,0.0,106.0,562.0
25116.0,0.0,3.1416,0.0,0.0,0.0,0.0,-1.0,0.0,0.0,106.0,562.0
25126.0,0.0,3.1416,0.0,0.0,0.0,0.0,-1.0,0.0,0.0,106.0,562.0
25136.0,0.0,3.1416,0.0,0.0,0.0,0.0,-1.0,0.0,0.0,106.0,571.0
25147.0,0.0,3.1416,0.0,0.0,0.0,0.0,-1.0,0.0,0.0,106.0,562.0
25157.0,0.0,3.1416,0.0,0.0,0.0,0.0,-1.0,0.0,0.0,106.0,571.0
25167.0,0.0,3.1416,0.0,0.0,0.0,0.0,-1.0,0.0,0.0,106.0,577.0
25177.0,0.0,3.1416,0.0,0.0,0.0,0.0,-1.0,0.0,0.0,106.0,561.0
25187.0,0.0,3.1416,0.0,0.0,0.0,0.0,-1.0,0.0,0.0,106.0,563.0
25197.0,0.0,3.1416,0.0,0.0,0.0,0.0,-1.0,0.0,0.0,106.0,569.0
25207.0,0.0,3.1416,0.0,0.0,0.0,0.0,-1.0,0.0,0.0,106.0,576.0
25218.0,0.0,3.1416,0.0,0.0,0.0,0.0,-1.0,0.0,0.0,106.0,570.0
25228.0,0.0,3.1416,0.0,0.0,0.0,0.0,-1.0,0.0,0.0,106.0,562.0
25238.0,0.0,3.1416,-0.0,0.0,0.0,0.0,-1.0,0.0,0.0,106.0,562.0
25248.0,0.0,-3.1401,0.009,0.0,0.0,0.0,-1.0,0.0,0.0,106.0,555.0
25258.0,0.0,3.1416,0.001,0.0,0.0,0.0,-1.0,0.0,0.0,106.0,571.0
25269.0,0.0,3.1416,-0.001,0.0,0.0,0.0,-1.0,0.0,0.0,106.0,576.0
25279.0,0.0,3.1416,-0.002,0.0,0.0,0.0,-1.0,0.0,0.0,106.0,562.0
25289.0,0.0,3.1416,-0.001,0.0,0.0,0.0,-1.0,0.0,0.0,106.0,570.0
25300.0,0.0,3.1416,-0.001,0.0,0.0,0.0,-1.0,0.0,0.0,106.0,570.0
25310.0,0.0,3.1416,-0.001,0.0,0.0,0.0,-1.0,0.0,0.0,106.0,563.0
25320.0,0.0,3.1416,-0.0,0.0,0.0,0.0,-1.0,0.0,0.0,106.0,555.0
25330.0,0.0,3.1416,-0.0,0.0,0.0,0.0,-1.0,0.0,0.0,106.0,562.0
25340.0,0.0,3.1416,-0.0,0.0,0.0,0.0,-1.0,0.0,0.0,106.0,570.0
25351.0,0.0,3.1416,-0.0,0.0,0.0,0.0,-1.0,0.0,0.0,106.0,562.0
25361.0,0.0,3.1416,-0.0,0.0,0.0,0.0,-1.0,0.0,0.0,106.0,555.0
25371.0,0.0,3.1416,0.0,0.0,0.0,0.0,-1.0,0.0,0.0,106.0,556.0
25381.0,0.0,3.1416,0.0,0.0,0.0,0.0,-1.0,0.0,0.0,106.0,555.0
25392.0,0.0,3.1416,0.0,0.0,0.0,0.0,-1.0,0.0,0.0,106.0,556.0
25402.0,0.0,3.1416,0.0,0.0,0.0,0.0,-1.0,0.0,0.0,106.0,569.0
25412.0,0.0,3.1416,0.0,0.0,0.0,0.0,-1.0,0.0,0.0,106.0,562.0
25422.0,0.0,3.1416,0.0,0.0,0.0,0.0,-1.0,0.0,0.0,106.0,562.0
25432.0,0.0,3.1416,0.005,0.0,0.0,0.0,-1.0,0.0,0.0,106.0,558.0
25442.0,0.0,3.1416,0.001,0.0,0.0,0.0,-1.0,0.0,0.0,106.0,571.0
25453.0,0.0,3.1416,0.004,0.0,0.0,0.0,-1.0,0.0,0.0,106.0,558.0
25463.0,0.0,3.1416,-0.0,0.0,0.0,0.0,-1.0,0.0,0.0,106.0,563.0
25473.0,0.0,3.1416,-0.001,0.0,0.0,0.0,-1.0,0.0,0.0,106.0,555.0
25483.0,0.0,3.1416,0.004,0.0,0.0,0.0,-1.0,0.0,0.0,106.0,557.0
25493.0,0.0,3.1416,-0.0,0.0,0.0,0.0,-1.0,0.0,0.0,106.0,576.0
25504.0,0.0,3.1416,-0.001,0.0,0.0,0.0,-1.0,0.0,0.0,106.0,576.0
25514.0,0.0,3.1416,-0.001,0.0,0.0,0.0,-1.0,0.0,0.0,106.0,563.0
25524.0,0.0,3.1416,-0.001,0.0,0.0,0.0,-1.0,0.0,0.0,106.0,570.0
25535.0,0.0,3.1416,-0.001,0.0,0.0,0.0,-1.0,0.0,0.0,106.0,563.0
25545.0,0.0,3.1416,-0.0,0.0,0.0,0.0,-1.0,0.0,0.0,106.0,555.0
25555.0,0.0,3.1416,-0.0,0.0,0.0,0.0,-1.0,0.0,0.0,106.0,562.0
25565.0,0.0,3.1416,-0.0,0.0,0.0,0.0,-1.0,0.0,0.0,106.0,562.0
25575.0,0.0,3.1416,-0.0,0.0,0.0,0.0,-1.0,0.0,0.0,106.0,563.0
25586.0,0.0,3.1416,-0.0,0.0,0.0,0.0,-1.0,0.0,0.0,106.0,562.0
25596.0,0.0,3.1416,-0.0,0.0,0.0,0.0,-1.0,0.0,0.0,106.0,571.0
25606.0,0.0,3.1416,0.0,0.0,0.0,0.0,-1.0,0.0,0.0,106.0,562.0
25616.0,0.0,3.1416,0.0,0.0,0.0,0.0,-1.0,0.0,0.0,106.0,556.0
25626.0,0.0,3.1416,0.0,0.0,0.0,0.0,-1.0,0.0,0.0,106.0,562.0
25636.0,0.0,3.1416,0.0,0.0,0.0,0.0,-1.0,0.0,0.0,106.0,570.0
25647.0,0.0,3.1416,0.0,0.0,0.0,0.0,-1.0,0.0,0.0,106.0,562.0
25657.0,0.0,3.1416,0.0,0.0,0.0,0.0,-1.0,0.0,0.0,106.0,570.0
25667.0,0.0,3.1416,0.0,0.0,0.0,0.0,-1.0,0.0,0.0,106.0,562.0
25677.0,0.0,3.1416,0.0,0.0,0.0,0.0,-1.0,0.0,0.0,106.0,561.0
25687.0,0.0,3.1416,0.0,0.0,0.0,0.0,-1.0,0.0,0.0,106.0,562.0
25697.0,0.0,3.1416,0.0,0.0,0.0,0.0,-1.0,0.0,0.0,106.0,577.0
25708.0,0.0,3.1416,0.0,0.0,0.0,0.0,-1.0,0.0,0.0,106.0,569.0
25718.0,0.0,3.1416,0.001,0.0,0.0,0.0,-1.0,0.0,0.0,106.0,571.0
25728.0,0.0,3.1416,-0.0,0.0,0.0,0.0,-1.0,0.0,0.0,106.0,576.0
25739.0,0.0,3.1416,-0.001,0.0,0.0,0.0,-1.0,0.0,0.0,106.0,576.0
25749.0,0.0,3.1416,-0.001,0.0,0.0,0.0,-1.0,0.0,0.0,106.0,562.0
25759.0,0.0,3.1416,-0.001,0.0,0.0,0.0,-1.0,0.0,0.0,106.0,562.0
25769.0,0.0,3.1416,-0.0,0.0,0.0,0.0,-1.0,0.0,0.0,106.0,570.0
25780.0,0.0,3.1416,0.001,0.0,0.0,0.0,-1.0,0.0,0.0,106.0,557.0
25790.0,0.0,3.1416,-0.001,0.0,0.0,0.0,-1.0,0.0,0.0,106.0,555.0
25800.0,0.0,3.1416,-0.001,0.0,0.0,0.0,-1.0,0.0,0.0,106.0,561.0
25810.0,0.0,3.1416,-0.001,0.0,0.0,0.0,-1.0,0.0,0.0,106.0,563.0
25820.0,0.0,3.1416,-0.001,0.0,0.0,0.0,-1.0,0.0,0.0,106.0,563.0
25831.0,0.0,3.1416,-0.0,0.0,0.0,0.0,-1.0,0.0,0.0,106.0,562.0
25841.0,0.0,3.1416,0.005,0.0,0.0,0.0,-1.0,0.0,0.0,106.0,572.0
25851.0,0.0,3.1416,0.0,0.0,0.0,0.0,-1.0,0.0,0.0,106.0,555.0
25861.0,0.0,3.1416,-0.001,0.0,0.0,0.0,-1.0,0.0,0.0,106.0,562.0
25872.0,0.0,3.1416,-0.001,0.0,0.0,0.0,-1.0,0.0,0.0,106.0,555.0
25882.0,0.0,3.1416,-0.001,0.0,0.0,0.0,-1.0,0.0,0.0,106.0,564.0
25892.0,0.0,3.1416,-0.001,0.0,0.0,0.0,-1.0,0.0,0.0,106.0,555.0
25902.0,0.0,3.1416,-0.0,0.0,0.0,0.0,-1.0,0.0,0.0,106.0,562.0
25912.0,0.0,3.1416,-0.0,0.0,0.0,0.0,-1.0,0.0,0.0,106.0,570.0
25923.0,0.0,3.1416,-0.0,0.0,0.0,0.0,-1.0,0.0,0.0,106.0,564.0
25933.0,0.0,3.1416,-0.0,0.0,0.0,0.0,-1.0,0.0,0.0,106.0,562.0
25943.0,0.0,3.1416,-0.0,0.0,0.0,0.0,-1.0,0.0,0.0,106.0,564.0
25953.0,0.0,3.1416,0.0,0.0,0.0,0.0,-1.0,0.0,0.0,106.0,569.0
25964.0,0.0,3.1416,0.0,0.0,0.0,0.0,-1.0,0.0,0.0,106.0,570.0
25974.0,0.0,3.1416,0.0,0.0,0.0,0.0,-1.0,0.0,0.0,106.0,562.0
25984.0,0.0,3.1416,0.0,0.0,0.0,0.0,-1.0,0.0,0.0,106.0,562.0
25994.0,0.0,3.1416,0.0,0.0,0.0,0.0,-1.0,0.0,0.0,106.0,563.0
26004.0,0.0,3.1416,0.0,0.0,0.0,0.0,-1.0,0.0,0.0,106.0,569.0
26014.0,0.0,3.1416,0.0,0.0,0.0,0.0,-1.0,0.0,0.0,106.0,576.0
26025.0,0.0,3.1416,0.0,0.0,0.0,0.0,-1.0,0.0,0.0,106.0,577.0
26035.0,0.0,3.1416,0.0,0.0,0.0,0.0,-1.0,0.0,0.0,106.0,562.0
26045.0,0.0,3.1416,0.0,0.0,0.0,0.0,-1.0,0.0,0.0,106.0,562.0
26055.0,0.0,3.1416,0.0,0.0,0.0,0.0,-1.0,0.0,0.0,106.0,569.0
26065.0,0.0,3.1416,0.0,0.0,0.0,0.0,-1.0,0.0,0.0,106.0,570.0
26076.0,0.0,3.1416,0.0,0.0,0.0,0.0,-1.0,0.0,0.0,106.0,562.0
26086.0,0.0,3.1416,-0.0,0.0,0.0,0.0,-1.0,0.0,0.0,106.0,576.0
26096.0,0.0,3.1416,-0.0,0.0,0.0,0.0,-1.0,0.0,0.0,106.0,576.0
26106.0,0.0,3.1416,-0.0,0.0,0.0,0.0,-1.0,0.0,0.0,106.0,562.0
26116.0,0.0,3.1416,-0.0,0.0,0.0,0.0,-1.0,0.0,0.0,106.0,562.0
26126.0,0.0,3.1416,-0.0,0.0,0.0,0.0,-1.0,0.0,0.0,106.0,576.0
26137.0,0.0,3.1416,-0.0,0.0,0.0,0.0,-1.0,0.0,0.0,106.0,576.0
26147.0,0.0,3.1416,-0.0,0.0,0.0,0.0,-1.0,0.0,0.0,106.0,562.0
26157.0,0.0,3.1416,-0.0,0.0,0.0,0.0,-1.0,0.0,0.0,106.0,562.0
26167.0,0.0,3.1416,-0.0,0.0,0.0,0.0,-1.0,0.0,0.0,106.0,563.0
26178.0,0.0,3.1416,-0.0,0.0,0.0,0.0,-1.0,0.0,0.0,106.0,555.0
26188.0,0.0,3.1416,-0.0,0.0,0.0,0.0,-1.0,0.0,0.0,106.0,562.0
26198.0,0.0,3.1416,-0.0,0.0,0.0,0.0,-1.0,0.0,0.0,106.0,561.0
26208.0,0.0,3.1416,-0.0,0.0,0.0,0.0,-1.0,0.0,0.0,106.0,563.0
26218.0,0.0,3.1416,-0.0,0.0,0.0,0.0,-1.0,0.0,0.0,106.0,563.0
26229.0,0.0,3.1416,-0.0,0.0,0.0,0.0,-1.0,0.0,0.0,106.0,562.0
26239.0,0.0,3.1416,0.0,0.0,0.0,0.0,-1.0,0.0,0.0,106.0,563.0
26249.0,0.0,3.1416,0.0,0.0,0.0,0.0,-1.0,0.0,0.0,106.0,555.0
26259.0,0.0,3.1416,0.0,0.0,0.0,0.0,-1.0,0.0,0.0,106.0,563.0
26269.0,0.0,3.1416,0.0,0.0,0.0,0.0,-1.0,0.0,0.0,106.0,563.0
26280.0,0.0,3.1416,0.0,0.0,0.0,0.0,-1.0,0.0,0.0,106.0,562.0
26290.0,0.0,3.1416,0.0,0.0,0.0,0.0,-1.0,0.0,0.0,106.0,570.0
26300.0,0.0,3.1416,0.0,0.0,0.0,0.0,-1.0,0.0,0.0,106.0,563.0
26310.0,0.0,3.1416,0.0,0.0,0.0,0.0,-1.0,0.0,0.0,106.0,549.0
26320.0,0.0,3.1416,0.0,0.0,0.0,0.0,-1.0,0.0,0.0,106.0,571.0
26330.0,0.0,3.1416,0.004,0.0,0.0,0.0,-1.0,0.0,0.0,106.0,556.0
26340.0,0.0,3.1416,0.005,0.0,0.0,0.0,-1.0,0.0,0.0,106.0,564.0
26350.0,0.0,3.1416,-0.0,0.0,0.0,0.0,-1.0,0.0,0.0,106.0,571.0
26360.0,0.0,3.1416,-0.002,0.0,0.0,0.0,-1.0,0.0,0.0,106.0,577.0
26371.0,0.0,3.1416,-0.002,0.0,0.0,0.0,-1.0,0.0,0.0,106.0,562.0
26381.0,0.0,3.1416,-0.001,0.0,0.0,0.0,-1.0,0.0,0.0,106.0,555.0
26391.0,0.0,3.1416,-0.001,0.0,0.0,0.0,-1.0,0.0,0.0,106.0,569.0
26401.0,0.0,3.1416,-0.001,0.0,0.0,0.0,-1.0,0.0,0.0,106.0,563.0
26411.0,0.0,3.1416,-0.0,0.0,0.0,0.0,-1.0,0.0,0.0,106.0,570.0
26422.0,0.0,3.1416,-0.0,0.0,0.0,0.0,-1.0,0.0,0.0,106.0,563.0
26432.0,0.0,3.1416,-0.0,0.0,0.0,0.0,-1.0,0.0,0.0,106.0,570.0
26442.0,0.0,3.1416,-0.0,0.0,0.0,0.0,-1.0,0.0,0.0,106.0,563.0
26453.0,0.0,3.1416,-0.0,0.0,0.0,0.0,-1.0,0.0,0.0,106.0,563.0
26463.0,0.0,3.1416,0.0,0.0,0.0,0.0,-1.0,0.0,0.0,106.0,555.0
26473.0,0.0,3.1416,0.0,0.0,0.0,0.0,-1.0,0.0,0.0,106.0,563.0
26483.0,0.0,3.1416,0.0,0.0,0.0,0.0,-1.0,0.0,0.0,106.0,555.0
26494.0,0.0,3.1416,0.0,0.0,0.0,0.0,-1.0,0.0,0.0,106.0,555.0
26504.0,0.0,3.1416,0.0,0.0,0.0,0.0,-1.0,0.0,0.0,106.0,570.0
26514.0,0.0,3.1416,0.0,0.0,0.0,0.0,-1.0,0.0,0.0,106.0,555.0
26524.0,0.0,3.1416,0.005,0.0,0.0,0.0,-1.0,0.0,0.0,106.0,564.0
26535.0,0.0,3.1416,0.001,0.0,0.0,0.0,-1.0,0.0,0.0,106.0,563.0
26545.0,0.0,3.1416,-0.001,0.0,0.0,0.0,-1.0,0.0,0.0,106.0,577.0
26555.0,0.0,3.1416,-0.001,0.0,0.0,0.0,-1.0,0.0,0.0,106.0,578.0
26565.0,0.0,3.1416,-0.001,0.0,0.0,0.0,-1.0,0.0,0.0,106.0,563.0
26575.0,0.0,3.1416,-0.001,0.0,0.0,0.0,-1.0,0.0,0.0,106.0,570.0
26586.0,0.0,3.1416,-0.0,0.0,0.0,0.0,-1.0,0.0,0.0,106.0,570.0
26596.0,0.0,3.1416,0.004,0.0,0.0,0.0,-1.0,0.0,0.0,106.0,571.0
26606.0,0.0,3.1416,0.0,0.0,0.0,0.0,-1.0,0.0,0.0,106.0,555.0
26616.0,0.0,3.1416,-0.001,0.0,0.0,0.0,-1.0,0.0,0.0,106.0,562.0
26626.0,0.0,3.1416,-0.001,0.0,0.0,0.0,-1.0,0.0,0.0,106.0,570.0
26637.0,0.0,3.1416,-0.001,0.0,0.0,0.0,-1.0,0.0,0.0,106.0,563.0
26647.0,0.0,3.1416,-0.0,0.0,0.0,0.0,-1.0,0.0,0.0,106.0,563.0
26657.0,0.0,3.1416,-0.0,0.0,0.0,0.0,-1.0,0.0,0.0,106.0,562.0
26668.0,0.0,3.1416,-0.0,0.0,0.0,0.0,-1.0,0.0,0.0,106.0,555.0
26678.0,0.0,3.1416,-0.0,0.0,0.0,0.0,-1.0,0.0,0.0,106.0,571.0
26688.0,0.0,3.1416,0.005,0.0,0.0,0.0,-1.0,0.0,0.0,106.0,556.0
26698.0,0.0,3.1416,0.001,0.0,0.0,0.0,-1.0,0.0,0.0,106.0,557.0
26708.0,0.0,3.1416,-0.001,0.0,0.0,0.0,-1.0,0.0,0.0,106.0,568.0
26719.0,0.0,3.1416,-0.001,0.0,0.0,0.0,-1.0,0.0,0.0,106.0,562.0
26729.0,0.0,3.1416,-0.001,0.0,0.0,0.0,-1.0,0.0,0.0,106.0,562.0
26739.0,0.0,3.1416,-0.001,0.0,0.0,0.0,-1.0,0.0,0.0,106.0,570.0
26750.0,0.0,3.1416,-0.0,0.0,0.0,0.0,-1.0,0.0,0.0,106.0,563.0
26760.0,0.0,3.1416,-0.0,0.0,0.0,0.0,-1.0,0.0,0.0,106.0,569.0
26770.0,0.0,3.1416,-0.0,0.0,0.0,0.0,-1.0,0.0,0.0,106.0,556.0
26780.0,0.0,3.1416,-0.0,0.0,0.0,0.0,-1.0,0.0,0.0,106.0,571.0
26791.0,0.0,3.1416,-0.0,0.0,0.0,0.0,-1.0,0.0,0.0,106.0,563.0
26801.0,0.0,3.1416,0.0,0.0,0.0,0.0,-1.0,0.0,0.0,106.0,562.0
26811.0,0.0,3.1416,0.0,0.0,0.0,0.0,-1.0,0.0,0.0,106.0,571.0
26821.0,0.0,3.1416,0.0,0.0,0.0,0.0,-1.0,0.0,0.0,106.0,563.0
26832.0,0.0,3.1416,0.0,0.0,0.0,0.0,-1.0,0.0,0.0,106.0,562.0
26842.0,0.0,3.1416,0.0,0.0,0.0,0.0,-1.0,0.0,0.0,106.0,562.0
26852.0,0.0,3.1416,0.0,0.0,0.0,0.0,-1.0,0.0,0.0,106.0,563.0
26862.0,0.0,3.1416,0.0,0.0,0.0,0.0,-1.0,0.0,0.0,106.0,576.0
26873.0,0.0,3.1416,0.0,0.0,0.0,0.0,-1.0,0.0,0.0,106.0,569.0
26883.0,0.0,3.1416,0.0,0.0,0.0,0.0,-1.0,0.0,0.0,106.0,577.0
26893.0,0.0,3.1416,0.004,0.0,0.0,0.0,-1.0,0.0,0.0,106.0,572.0
26903.0,0.0,3.1416,0.004,0.0,0.0,0.0,-1.0,0.0,0.0,106.0,549.0
26913.0,0.0,3.1416,-0.0,0.0,0.0,0.0,-1.0,0.0,0.0,106.0,563.0
26923.0,0.0,3.1416,-0.002,0.0,0.0,0.0,-1.0,0.0,0.0,106.0,569.0
26934.0,0.0,3.1416,-0.002,0.0,0.0,0.0,-1.0,0.0,0.0,106.0,562.0
26944.0,0.0,3.1416,-0.001,0.0,0.0,0.0,-1.0,0.0,0.0,106.0,563.0
26954.0,0.0,3.1416,-0.001,0.0,0.0,0.0,-1.0,0.0,0.0,106.0,562.0
26964.0,0.0,3.1416,-0.001,0.0,0.0,0.0,-1.0,0.0,0.0,106.0,569.0
26975.0,0.0,3.1416,-0.0,0.0,0.0,0.0,-1.0,0.0,0.0,106.0,563.0
26985.0,0.0,3.1416,0.004,0.0,0.0,0.0,-1.0,0.0,0.0,106.0,549.0
26995.0,0.0,3.1416,0.0,0.0,0.0,0.0,-1.0,0.0,0.0,106.0,570.0
27005.0,0.0,3.1416,-0.001,0.0,0.0,0.0,-1.0,0.0,0.0,106.0,577.0
27016.0,0.0,3.1416,-0.001,0.0,0.0,0.0,-1.0,0.0,0.0,106.0,555.0
27026.0,0.0,3.1416,-0.001,0.0,0.0,0.0,-1.0,0.0,0.0,106.0,571.0
27036.0,0.0,3.1416,-0.0,0.0,0.0,0.0,-1.0,0.0,0.0,106.0,563.0
27046.0,0.0,3.1416,-0.0,0.0,0.0,0.0,-1.0,0.0,0.0,106.0,563.0
27056.0,0.0,3.1416,-0.0,0.0,0.0,0.0,-1.0,0.0,0.0,106.0,570.0
27067.0,0.0,3.1416,-0.0,0.0,0.0,0.0,-1.0,0.0,0.0,106.0,564.0
27077.0,0.0,3.1416,-0.0,0.0,0.0,0.0,-1.0,0.0,0.0,106.0,556.0
27087.0,0.0,3.1416,-0.0,0.0,0.0,0.0,-1.0,0.0,0.0,106.0,555.0
27098.0,0.0,3.1416,0.0,0.0,0.0,0.0,-1.0,0.0,0.0,106.0,555.0
27108.0,0.0,3.1416,0.0,0.0,0.0,0.0,-1.0,0.0,0.0,106.0,570.0
27118.0,0.0,3.1416,0.001,0.0,0.0,0.0,-1.0,0.0,0.0,106.0,556.0
27128.0,0.0,3.1416,-0.0,0.0,0.0,0.0,-1.0,0.0,0.0,106.0,576.0
27139.0,0.0,3.1416,-0.001,0.0,0.0,0.0,-1.0,0.0,0.0,106.0,570.0
27149.0,0.0,3.1416,-0.001,0.0,0.0,0.0,-1.0,0.0,0.0,106.0,562.0
27159.0,0.0,3.1416,-0.001,0.0,0.0,0.0,-1.0,0.0,0.0,106.0,563.0
27169.0,0.0,3.1416,-0.0,0.0,0.0,0.0,-1.0,0.0,0.0,106.0,571.0
27180.0,0.0,3.1416,-0.0,0.0,0.0,0.0,-1.0,0.0,0.0,106.0,569.0
27190.0,0.0,3.1416,-0.0,0.0,0.0,0.0,-1.0,0.0,0.0,106.0,562.0
27200.0,0.0,3.1416,-0.0,0.0,0.0,0.0,-1.0,0.0,0.0,106.0,564.0
27211.0,0.0,3.1416,-0.0,0.0,0.0,0.0,-1.0,0.0,0.0,106.0,562.0
27221.0,0.0,3.1416,0.0,0.0,0.0,0.0,-1.0,0.0,0.0,106.0,570.0
27231.0,0.0,3.1416,0.0,0.0,0.0,0.0,-1.0,0.0,0.0,106.0,562.0
27241.0,0.0,3.1416,0.0,0.0,0.0,0.0,-1.0,0.0,0.0,106.0,562.0
27252.0,0.0,3.1416,0.0,0.0,0.0,0.0,-1.0,0.0,0.0,106.0,562.0
27262.0,0.0,3.1416,0.0,0.0,0.0,0.0,-1.0,0.0,0.0,106.0,563.0
27272.0,0.0,3.1416,0.0,0.0,0.0,0.0,-1.0,0.0,0.0,106.0,562.0
27283.0,0.0,3.1416,0.0,0.0,0.0,0.0,-1.0,0.0,0.0,106.0,555.0
27293.0,0.0,3.1416,0.0,0.0,0.0,0.0,-1.0,0.0,0.0,106.0,577.0
27303.0,0.0,3.1416,0.0,0.0,0.0,0.0,-1.0,0.0,0.0,106.0,562.0
27313.0,0.0,3.1416,0.0,0.0,0.0,0.0,-1.0,0.0,0.0,106.0,569.0
27323.0,0.0,3.1416,0.0,0.0,0.0,0.0,-1.0,0.0,0.0,106.0,577.0
27334.0,0.0,3.1416,0.0,0.0,0.0,0.0,-1.0,0.0,0.0,106.0,569.0
27344.0,0.0,3.1416,0.0,0.0,0.0,0.0,-1.0,0.0,0.0,106.0,576.0
27354.0,0.0,3.1416,-0.0,0.0,0.0,0.0,-1.0,0.0,0.0,106.0,562.0
27364.0,0.0,3.1416,-0.0,0.0,0.0,0.0,-1.0,0.0,0.0,106.0,562.0
27374.0,0.0,3.1416,-0.0,0.0,0.0,0.0,-1.0,0.0,0.0,106.0,569.0
27385.0,0.0,3.1416,-0.0,0.0,0.0,0.0,-1.0,0.0,0.0,106.0,569.0
27395.0,0.0,3.1416,-0.0,0.0,0.0,0.0,-1.0,0.0,0.0,106.0,570.0
27405.0,0.0,3.1416,0.001,0.0,0.0,0.0,-1.0,0.0,0.0,106.0,556.0
27415.0,0.0,3.1416,-0.001,0.0,0.0,0.0,-1.0,0.0,0.0,106.0,570.0
27426.0,0.0,3.1416,-0.001,0.0,0.0,0.0,-1.0,0.0,0.0,106.0,569.0
27436.0,0.0,3.1416,-0.001,0.0,0.0,0.0,-1.0,0.0,0.0,106.0,563.0
27446.0,0.0,3.1416,-0.001,0.0,0.0,0.0,-1.0,0.0,0.0,106.0,563.0
27456.0,0.0,3.1416,-0.0,0.0,0.0,0.0,-1.0,0.0,0.0,106.0,563.0
27466.0,0.0,3.1416,-0.0,0.0,0.0,0.0,-1.0,0.0,0.0,106.0,562.0
27476.0,0.0,3.1416,-0.0,0.0,0.0,0.0,-1.0,0.0,0.0,106.0,564.0
27487.0,0.0,3.1416,0.002,0.0,0.0,0.0,-1.0,0.0,0.0,106.0,563.0
27497.0,0.0,3.1416,0.002,0.0,0.0,0.0,-1.0,0.0,0.0,106.0,565.0
27507.0,0.0,3.1416,-0.001,0.0,0.0,0.0,-1.0,0.0,0.0,106.0,577.0
27517.0,0.0,3.1416,-0.002,0.0,0.0,0.0,-1.0,0.0,0.0,106.0,570.0
27528.0,0.0,3.1416,-0.001,0.0,0.0,0.0,-1.0,0.0,0.0,106.0,562.0
27538.0,0.0,3.1416,-0.001,0.0,0.0,0.0,-1.0,0.0,0.0,106.0,563.0
27548.0,0.0,3.1416,-0.001,0.0,0.0,0.0,-1.0,0.0,0.0,106.0,562.0
27558.0,0.0,3.1416,-0.0,0.0,0.0,0.0,-1.0,0.0,0.0,106.0,569.0
27569.0,0.0,3.1416,-0.0,0.0,0.0,0.0,-1.0,0.0,0.0,106.0,570.0
27579.0,0.0,3.1416,0.003,0.0,0.0,0.0,-1.0,0.0,0.0,106.0,571.0
27589.0,0.0,3.1416,-0.0,0.0,0.0,0.0,-1.0,0.0,0.0,106.0,562.0
27599.0,0.0,3.1416,-0.001,0.0,0.0,0.0,-1.0,0.0,0.0,106.0,562.0
27610.0,0.0,3.1416,-0.001,0.0,0.0,0.0,-1.0,0.0,0.0,106.0,563.0
27620.0,0.0,3.1416,-0.001,0.0,0.0,0.0,-1.0,0.0,0.0,106.0,563.0
27630.0,0.0,3.1416,-0.0,0.0,0.0,0.0,-1.0,0.0,0.0,106.0,562.0
27640.0,0.0,3.1416,-0.0,0.0,0.0,0.0,-1.0,0.0,0.0,106.0,563.0
27651.0,0.0,3.1416,-0.0,0.0,0.0,0.0,-1.0,0.0,0.0,106.0,562.0
27661.0,0.0,3.1416,-0.0,0.0,0.0,0.0,-1.0,0.0,0.0,106.0,570.0
27671.0,0.0,3.1416,-0.0,0.0,0.0,0.0,-1.0,0.0,0.0,106.0,556.0
27681.0,0.0,3.1416,0.0,0.0,0.0,0.0,-1.0,0.0,0.0,106.0,562.0
27691.0,0.0,3.1416,0.0,0.0,0.0,0.0,-1.0,0.0,0.0,106.0,562.0
27702.0,0.0,3.1416,0.0,0.0,0.0,0.0,-1.0,0.0,0.0,106.0,562.0
27712.0,0.0,3.1416,0.0,0.0,0.0,0.0,-1.0,0.0,0.0,106.0,570.0
27722.0,0.0,3.1416,0.0,0.0,0.0,0.0,-1.0,0.0,0.0,106.0,563.0
27732.0,0.0,3.1416,0.0,0.0,0.0,0.0,-1.0,0.0,0.0,106.0,563.0
27742.0,0.0,3.1416,0.0,0.0,0.0,0.0,-1.0,0.0,0.0,106.0,569.0
27752.0,0.0,3.1416,0.0,0.0,0.0,0.0,-1.0,0.0,0.0,106.0,576.0
27763.0,0.0,3.1416,0.0,0.0,0.0,0.0,-1.0,0.0,0.0,106.0,571.0
27773.0,0.0,3.1416,0.0,0.0,0.0,0.0,-1.0,0.0,0.0,106.0,577.0
27783.0,0.0,3.1416,0.0,0.0,0.0,0.0,-1.0,0.0,0.0,106.0,576.0
27793.0,0.0,3.1416,0.0,0.0,0.0,0.0,-1.0,0.0,0.0,106.0,561.0
27803.0,0.0,3.1416,0.0,0.0,0.0,0.0,-1.0,0.0,0.0,106.0,562.0
27813.0,0.0,3.1416,0.0,0.0,0.0,0.0,-1.0,0.0,0.0,106.0,569.0
27823.0,0.0,3.1416,-0.0,0.0,0.0,0.0,-1.0,0.0,0.0,106.0,577.0
27834.0,0.0,3.1416,-0.0,0.0,0.0,0.0,-1.0,0.0,0.0,106.0,570.0
27844.0,0.0,3.1416,-0.0,0.0,0.0,0.0,-1.0,0.0,0.0,106.0,562.0
27854.0,0.0,3.1416,-0.0,0.0,0.0,0.0,-1.0,0.0,0.0,106.0,569.0
27864.0,0.0,3.1416,-0.0,0.0,0.0,0.0,-1.0,0.0,0.0,106.0,577.0
27875.0,0.0,3.1416,-0.003,0.0,0.0,0.0,-1.0,0.0,0.0,106.0,550.0
27885.0,0.0,3.1416,-0.0,0.0,0.0,0.0,-1.0,0.0,0.0,106.0,562.0
27895.0,0.0,3.1416,0.001,0.0,0.0,0.0,-1.0,0.0,0.0,106.0,555.0
27905.0,0.0,3.1416,0.004,0.0,0.0,0.0,-1.0,0.0,0.0,106.0,558.0
27915.0,0.0,3.1416,0.001,0.0,0.0,0.0,-1.0,0.0,0.0,106.0,576.0
27926.0,0.0,3.1416,-0.0,0.0,0.0,0.0,-1.0,0.0,0.0,106.0,577.0
27936.0,0.0,3.1416,-0.001,0.0,0.0,0.0,-1.0,0.0,0.0,106.0,561.0
27946.0,0.0,3.1416,-0.0,0.0,0.0,0.0,-1.0,0.0,0.0,106.0,555.0
27956.0,0.0,3.1416,-0.0,0.0,0.0,0.0,-1.0,0.0,0.0,106.0,563.0
27967.0,0.0,3.1416,-0.0,0.0,0.0,0.0,-1.0,0.0,0.0,106.0,562.0
27977.0,0.0,3.1416,-0.0,0.0,0.0,0.0,-1.0,0.0,0.0,106.0,563.0
27987.0,0.0,3.1416,-0.0,0.0,0.0,0.0,-1.0,0.0,0.0,106.0,562.0
27997.0,0.0,-3.1401,0.006,0.0,0.0,0.0,-1.0,0.0,0.0,106.0,568.0
28007.0,0.0,3.1416,-0.004,0.0,0.0,0.0,-1.0,0.0,0.0,106.0,563.0
28017.0,0.0,3.1416,-0.001,0.0,0.0,0.0,-1.0,0.0,0.0,106.0,570.0
28028.0,0.0,3.1416,-0.0,0.0,0.0,0.0,-1.0,0.0,0.0,106.0,570.0
28038.0,0.0,3.1416,0.0,0.0,0.0,0.0,-1.0,0.0,0.0,106.0,563.0
28048.0,0.0,3.1416,0.002,0.0,0.0,0.0,-1.0,0.0,0.0,106.0,556.0
28058.0,0.0,3.1416,-0.0,0.0,0.0,0.0,-1.0,0.0,0.0,106.0,577.0
28069.0,0.0,3.1416,-0.001,0.0,0.0,0.0,-1.0,0.0,0.0,106.0,576.0
28079.0,0.0,3.1416,-0.001,0.0,0.0,0.0,-1.0,0.0,0.0,106.0,562.0
28089.0,0.0,3.1416,-0.001,0.0,0.0,0.0,-1.0,0.0,0.0,106.0,562.0
28099.0,0.0,3.1416,-0.0,0.0,0.0,0.0,-1.0,0.0,0.0,106.0,563.0
28109.0,0.0,3.1416,-0.0,0.0,0.0,0.0,-1.0,0.0,0.0,106.0,571.0
28120.0,0.0,3.1416,-0.0,0.0,0.0,0.0,-1.0,0.0,0.0,106.0,570.0
28130.0,0.0,3.1416,-0.0,0.0,0.0,0.0,-1.0,0.0,0.0,106.0,562.0
28140.0,0.0,3.1416,-0.0,0.0,0.0,0.0,-1.0,0.0,0.0,106.0,556.0
28151.0,0.0,3.1416,0.0,0.0,0.0,0.0,-1.0,0.0,0.0,106.0,556.0
28161.0,0.0,3.1416,0.0,0.0,0.0,0.0,-1.0,0.0,0.0,106.0,570.0
28171.0,0.0,3.1416,0.0,0.0,0.0,0.0,-1.0,0.0,0.0,106.0,563.0
28181.0,0.0,3.1416,0.0,0.0,0.0,0.0,-1.0,0.0,0.0,106.0,562.0
28191.0,0.0,3.1416,0.0,0.0,0.0,0.0,-1.0,0.0,0.0,106.0,563.0
28202.0,0.0,3.1416,0.0,0.0,0.0,0.0,-1.0,0.0,0.0,106.0,562.0
28212.0,0.0,3.1416,0.0,0.0,0.0,0.0,-1.0,0.0,0.0,106.0,577.0
28222.0,0.0,3.1416,0.0,0.0,0.0,0.0,-1.0,0.0,0.0,106.0,562.0
28232.0,0.0,3.1416,0.0,0.0,0.0,0.0,-1.0,0.0,0.0,106.0,562.0
28242.0,0.0,3.1416,0.0,0.0,0.0,0.0,-1.0,0.0,0.0,106.0,562.0
28252.0,0.0,3.1416,0.0,0.0,0.0,0.0,-1.0,0.0,0.0,106.0,576.0
28263.0,0.0,3.1416,0.0,0.0,0.0,0.0,-1.0,0.0,0.0,106.0,576.0
28273.0,0.0,3.1416,0.0,0.0,0.0,0.0,-1.0,0.0,0.0,106.0,562.0
28283.0,0.0,3.1416,-0.0,0.0,0.0,0.0,-1.0,0.0,0.0,106.0,562.0
28293.0,0.0,3.1416,-0.0,0.0,0.0,0.0,-1.0,0.0,0.0,106.0,568.0
28303.0,0.0,3.1416,-0.0,0.0,0.0,0.0,-1.0,0.0,0.0,106.0,569.0
28313.0,0.0,3.1416,-0.0,0.0,0.0,0.0,-1.0,0.0,0.0,106.0,576.0
28324.0,0.0,3.1416,-0.0,0.0,0.0,0.0,-1.0,0.0,0.0,106.0,576.0
28334.0,0.0,3.1416,-0.0,0.0,0.0,0.0,-1.0,0.0,0.0,106.0,562.0
28344.0,0.0,3.1416,-0.0,0.0,0.0,0.0,-1.0,0.0,0.0,106.0,562.0
28355.0,0.0,3.1416,-0.0,0.0,0.0,0.0,-1.0,0.0,0.0,106.0,556.0
28365.0,0.0,3.1416,-0.0,0.0,0.0,0.0,-1.0,0.0,0.0,106.0,570.0
28375.0,0.0,3.1416,-0.0,0.0,0.0,0.0,-1.0,0.0,0.0,106.0,555.0
28385.0,0.0,3.1416,-0.0,0.0,0.0,0.0,-1.0,0.0,0.0,106.0,562.0
28395.0,0.0,3.1416,-0.0,0.0,0.0,0.0,-1.0,0.0,0.0,106.0,571.0
28405.0,0.0,3.1416,-0.0,0.0,0.0,0.0,-1.0,0.0,0.0,106.0,562.0
28415.0,0.0,3.1416,0.003,0.0,0.0,0.0,-1.0,0.0,0.0,106.0,572.0
28426.0,0.0,3.1416,0.0,0.0,0.0,0.0,-1.0,0.0,0.0,106.0,563.0
28436.0,0.0,3.1416,-0.001,0.0,0.0,0.0,-1.0,0.0,0.0,106.0,577.0
28446.0,0.0,3.1416,-0.001,0.0,0.0,0.0,-1.0,0.0,0.0,106.0,563.0
28456.0,0.0,3.1416,0.002,0.0,0.0,0.0,-1.0,0.0,0.0,106.0,558.0
28466.0,0.0,3.1416,-0.0,0.0,0.0,0.0,-1.0,0.0,0.0,106.0,576.0
28477.0,0.0,3.1416,-0.001,0.0,0.0,0.0,-1.0,0.0,0.0,106.0,576.0
28487.0,0.0,3.1416,-0.001,0.0,0.0,0.0,-1.0,0.0,0.0,106.0,555.0
28497.0,0.0,3.1416,-0.001,0.0,0.0,0.0,-1.0,0.0,0.0,106.0,562.0
28507.0,0.0,3.1416,-0.0,0.0,0.0,0.0,-1.0,0.0,0.0,106.0,562.0
28517.0,0.0,3.1416,-0.0,0.0,0.0,0.0,-1.0,0.0,0.0,106.0,562.0
28528.0,0.0,3.1416,-0.0,0.0,0.0,0.0,-1.0,0.0,0.0,106.0,562.0
28538.0,0.0,3.1416,-0.0,0.0,0.0,0.0,-1.0,0.0,0.0,106.0,563.0
28548.0,0.0,3.1416,-0.0,0.0,0.0,0.0,-1.0,0.0,0.0,106.0,562.0
28558.0,0.0,3.1416,0.007,0.0,0.0,0.0,-1.0,0.0,0.0,106.0,577.0
28568.0,0.0,3.1416,0.0,0.0,0.0,0.0,-1.0,0.0,0.0,106.0,572.0
28579.0,0.0,3.1416,-0.001,0.0,0.0,0.0,-1.0,0.0,0.0,106.0,555.0
28589.0,0.0,3.1416,0.004,0.0,0.0,0.0,-1.0,0.0,0.0,106.0,571.0
28599.0,0.0,3.1416,-0.001,0.0,0.0,0.0,-1.0,0.0,0.0,106.0,605.0
28609.0,0.0,3.1416,-0.002,0.0,0.0,0.0,-1.0,0.0,0.0,106.0,561.0
28619.0,0.0,3.1416,-0.001,0.0,0.0,0.0,-1.0,0.0,0.0,106.0,570.0
28629.0,0.0,3.1416,-0.001,0.0,0.0,0.0,-1.0,0.0,0.0,106.0,569.0
28640.0,0.0,3.1416,-0.001,0.0,0.0,0.0,-1.0,0.0,0.0,106.0,570.0
28650.0,0.0,3.1416,-0.0,0.0,0.0,0.0,-1.0,0.0,0.0,106.0,562.0
28660.0,0.0,3.1416,-0.0,0.0,0.0,0.0,-1.0,0.0,0.0,106.0,563.0
28670.0,0.0,3.1416,-0.0,0.0,0.0,0.0,-1.0,0.0,0.0,106.0,562.0
28681.0,0.0,3.1416,-0.0,0.0,0.0,0.0,-1.0,0.0,0.0,106.0,562.0
28691.0,0.0,3.1416,-0.0,0.0,0.0,0.0,-1.0,0.0,0.0,106.0,571.0
28701.0,0.0,3.1416,-0.0,0.0,0.0,0.0,-1.0,0.0,0.0,106.0,562.0
28711.0,0.0,3.1416,0.0,0.0,0.0,0.0,-1.0,0.0,0.0,106.0,562.0
28721.0,0.0,3.1416,0.0,0.0,0.0,0.0,-1.0,0.0,0.0,106.0,570.0
28732.0,0.0,3.1416,0.0,0.0,0.0,0.0,-1.0,0.0,0.0,106.0,562.0
28742.0,0.0,3.1416,0.003,0.0,0.0,0.0,-1.0,0.0,0.0,106.0,571.0
28752.0,0.0,3.1416,0.0,0.0,0.0,0.0,-1.0,0.0,0.0,106.0,555.0
28762.0,0.0,3.1416,-0.001,0.0,0.0,0.0,-1.0,0.0,0.0,106.0,563.0
28772.0,0.0,3.1416,-0.001,0.0,0.0,0.0,-1.0,0.0,0.0,106.0,563.0
28782.0,0.0,3.1416,-0.001,0.0,0.0,0.0,-1.0,0.0,0.0,106.0,570.0
28793.0,0.0,3.1416,-0.0,0.0,0.0,0.0,-1.0,0.0,0.0,106.0,570.0
28803.0,0.0,3.1416,-0.0,0.0,0.0,0.0,-1.0,0.0,0.0,106.0,562.0
28813.0,0.0,3.1416,0.005,0.0,0.0,0.0,-1.0,0.0,0.0,106.0,572.0
28823.0,0.0,3.1416,0.0,0.0,0.0,0.0,-1.0,0.0,0.0,106.0,561.0
28833.0,0.0,3.1416,-0.001,0.0,0.0,0.0,-1.0,0.0,0.0,106.0,563.0
28843.0,0.0,3.1416,-0.001,0.0,0.0,0.0,-1.0,0.0,0.0,106.0,569.0
28854.0,0.0,3.1416,-0.001,0.0,0.0,0.0,-1.0,0.0,0.0,106.0,570.0
28864.0,0.0,3.1416,-0.001,0.0,0.0,0.0,-1.0,0.0,0.0,106.0,570.0
28874.0,0.0,3.1416,-0.0,0.0,0.0,0.0,-1.0,0.0,0.0,106.0,556.0
28884.0,0.0,3.1416,-0.0,0.0,0.0,0.0,-1.0,0.0,0.0,106.0,562.0
28895.0,0.0,3.1416,-0.0,0.0,0.0,0.0,-1.0,0.0,0.0,106.0,555.0
28905.0,0.0,3.1416,-0.0,0.0,0.0,0.0,-1.0,0.0,0.0,106.0,571.0
28915.0,0.0,3.1416,-0.0,0.0,0.0,0.0,-1.0,0.0,0.0,106.0,562.0
28925.0,0.0,3.1416,0.0,0.0,0.0,0.0,-1.0,0.0,0.0,106.0,561.0
28935.0,0.0,3.1416,0.0,0.0,0.0,0.0,-1.0,0.0,0.0,106.0,562.0
28946.0,0.0,3.1416,0.0,0.0,0.0,0.0,-1.0,0.0,0.0,106.0,556.0
28956.0,0.0,3.1416,0.0,0.0,0.0,0.0,-1.0,0.0,0.0,106.0,563.0
28966.0,0.0,3.1416,0.0,0.0,0.0,0.0,-1.0,0.0,0.0,106.0,571.0
28976.0,0.0,3.1416,0.0,0.0,0.0,0.0,-1.0,0.0,0.0,106.0,576.0
28986.0,0.0,3.1416,0.0,0.0,0.0,0.0,-1.0,0.0,0.0,106.0,569.0
28997.0,0.0,3.1416,0.0,0.0,0.0,0.0,-1.0,0.0,0.0,106.0,570.0
29007.0,0.0,3.1416,0.0,0.0,0.0,0.0,-1.0,0.0,0.0,106.0,576.0
29017.0,0.0,3.1416,0.0,0.0,0.0,0.0,-1.0,0.0,0.0,106.0,555.0
29027.0,0.0,3.1416,0.0,0.0,0.0,0.0,-1.0,0.0,0.0,106.0,562.0
29037.0,0.0,3.1416,0.0,0.0,0.0,0.0,-1.0,0.0,0.0,106.0,562.0
29047.0,0.0,3.1416,0.0,0.0,0.0,0.0,-1.0,0.0,0.0,106.0,569.0
29057.0,0.0,3.1416,-0.0,0.0,0.0,0.0,-1.0,0.0,0.0,106.0,576.0
29068.0,0.0,3.1416,-0.0,0.0,0.0,0.0,-1.0,0.0,0.0,106.0,570.0
29078.0,0.0,3.1416,-0.0,0.0,0.0,0.0,-1.0,0.0,0.0,106.0,576.0
29088.0,0.0,3.1416,0.002,0.0,0.0,0.0,-1.0,0.0,0.0,106.0,549.0
29098.0,0.0,3.1416,0.005,0.0,0.0,0.0,-1.0,0.0,0.0,106.0,555.0
29108.0,0.0,-3.1401,0.006,0.0,0.0,0.0,-1.0,0.0,0.0,106.0,562.0
29118.0,0.0,3.1416,-0.0,0.0,0.0,0.0,-1.0,0.0,0.0,106.0,571.0
29129.0,0.0,3.1416,-0.002,0.0,0.0,0.0,-1.0,0.0,0.0,106.0,562.0
29139.0,0.0,3.1416,-0.002,0.0,0.0,0.0,-1.0,0.0,0.0,106.0,556.0
29149.0,0.0,3.1416,-0.002,0.0,0.0,0.0,-1.0,0.0,0.0,106.0,570.0
29160.0,0.0,3.1416,-0.001,0.0,0.0,0.0,-1.0,0.0,0.0,106.0,562.0
29170.0,0.0,3.1416,-0.001,0.0,0.0,0.0,-1.0,0.0,0.0,106.0,563.0
29180.0,0.0,3.1416,-0.0,0.0,0.0,0.0,-1.0,0.0,0.0,106.0,563.0
29190.0,0.0,3.1416,-0.0,0.0,0.0,0.0,-1.0,0.0,0.0,106.0,570.0
29200.0,0.0,3.1416,-0.0,0.0,0.0,0.0,-1.0,0.0,0.0,106.0,562.0
29210.0,0.0,3.1416,-0.0,0.0,0.0,0.0,-1.0,0.0,0.0,106.0,563.0
29220.0,0.0,3.1416,-0.0,0.0,0.0,0.0,-1.0,0.0,0.0,106.0,571.0
29231.0,0.0,3.1416,0.0,0.0,0.0,0.0,-1.0,0.0,0.0,106.0,562.0
29241.0,0.0,3.1416,0.0,0.0,0.0,0.0,-1.0,0.0,0.0,106.0,570.0
29251.0,0.0,3.1416,0.0,0.0,0.0,0.0,-1.0,0.0,0.0,106.0,571.0
29261.0,0.0,3.1416,0.0,0.0,0.0,0.0,-1.0,0.0,0.0,106.0,563.0
29271.0,0.0,3.1416,0.0,0.0,0.0,0.0,-1.0,0.0,0.0,106.0,556.0
29281.0,0.0,3.1416,0.0,0.0,0.0,0.0,-1.0,0.0,0.0,106.0,570.0
29292.0,0.0,3.1416,0.0,0.0,0.0,0.0,-1.0,0.0,0.0,106.0,577.0
29302.0,0.0,3.1416,0.0,0.0,0.0,0.0,-1.0,0.0,0.0,106.0,562.0
29312.0,0.0,3.1416,0.0,0.0,0.0,0.0,-1.0,0.0,0.0,106.0,562.0
29322.0,0.0,3.1416,0.0,0.0,0.0,0.0,-1.0,0.0,0.0,106.0,562.0
29332.0,0.0,3.1416,0.0,0.0,0.0,0.0,-1.0,0.0,0.0,106.0,569.0
29342.0,0.0,3.1416,0.0,0.0,0.0,0.0,-1.0,0.0,0.0,106.0,576.0
29353.0,0.0,3.1416,0.0,0.0,0.0,0.0,-1.0,0.0,0.0,106.0,576.0
29363.0,0.0,3.1416,-0.0,0.0,0.0,0.0,-1.0,0.0,0.0,106.0,562.0
29373.0,0.0,3.1416,-0.0,0.0,0.0,0.0,-1.0,0.0,0.0,106.0,562.0
29383.0,0.0,3.1416,-0.0,0.0,0.0,0.0,-1.0,0.0,0.0,106.0,562.0
29393.0,0.0,3.1416,-0.0,0.0,0.0,0.0,-1.0,0.0,0.0,106.0,569.0
29403.0,0.0,3.1416,-0.0,0.0,0.0,0.0,-1.0,0.0,0.0,106.0,577.0
29413.0,0.0,3.1416,-0.0,0.0,0.0,0.0,-1.0,0.0,0.0,106.0,576.0
29424.0,0.0,3.1416,0.005,0.0,0.0,0.0,-1.0,0.0,0.0,106.0,572.0
29434.0,0.0,3.1416,0.0,0.0,0.0,0.0,-1.0,0.0,0.0,106.0,562.0
29444.0,0.0,3.1416,-0.001,0.0,0.0,0.0,-1.0,0.0,0.0,106.0,576.0
29455.0,0.0,3.1416,-0.001,0.0,0.0,0.0,-1.0,0.0,0.0,106.0,570.0
29465.0,0.0,3.1416,-0.001,0.0,0.0,0.0,-1.0,0.0,0.0,106.0,562.0
29475.0,0.0,3.1416,-0.0,0.0,0.0,0.0,-1.0,0.0,0.0,106.0,562.0
29486.0,0.0,3.1416,-0.0,0.0,0.0,0.0,-1.0,0.0,0.0,106.0,562.0
29496.0,0.0,3.1416,-0.0,0.0,0.0,0.0,-1.0,0.0,0.0,106.0,569.0
29506.0,0.0,3.1416,-0.0,0.0,0.0,0.0,-1.0,0.0,0.0,106.0,555.0
29516.0,0.0,3.1416,-0.0,0.0,0.0,0.0,-1.0,0.0,0.0,106.0,562.0
29526.0,0.0,3.1416,0.004,0.0,0.0,0.0,-1.0,0.0,0.0,106.0,564.0
29536.0,0.0,3.1416,0.0,0.0,0.0,0.0,-1.0,0.0,0.0,106.0,577.0
29546.0,0.0,3.1416,-0.001,0.0,0.0,0.0,-1.0,0.0,0.0,106.0,576.0
29557.0,0.0,3.1416,-0.001,0.0,0.0,0.0,-1.0,0.0,0.0,106.0,562.0
29567.0,0.0,3.1416,-0.001,0.0,0.0,0.0,-1.0,0.0,0.0,106.0,563.0
29577.0,0.0,3.1416,-0.0,0.0,0.0,0.0,-1.0,0.0,0.0,106.0,563.0
29587.0,0.0,3.1416,-0.0,0.0,0.0,0.0,-1.0,0.0,0.0,106.0,570.0
29597.0,0.0,3.1416,-0.0,0.0,0.0,0.0,-1.0,0.0,0.0,106.0,562.0
29607.0,0.0,3.1416,-0.0,0.0,0.0,0.0,-1.0,0.0,0.0,106.0,570.0
29618.0,0.0,3.1416,-0.0,0.0,0.0,0.0,-1.0,0.0,0.0,106.0,556.0
29628.0,0.0,3.1416,-0.0,0.0,0.0,0.0,-1.0,0.0,0.0,106.0,563.0
29638.0,0.0,3.1416,0.0,0.0,0.0,0.0,-1.0,0.0,0.0,106.0,563.0
29648.0,0.0,3.1416,0.0,0.0,0.0,0.0,-1.0,0.0,0.0,106.0,555.0
29658.0,0.0,3.1416,0.0,0.0,0.0,0.0,-1.0,0.0,0.0,106.0,562.0
29669.0,0.0,3.1416,0.0,0.0,0.0,0.0,-1.0,0.0,0.0,106.0,562.0
29679.0,0.0,3.1416,0.0,0.0,0.0,0.0,-1.0,0.0,0.0,106.0,562.0
29689.0,0.0,3.1416,0.0,0.0,0.0,0.0,-1.0,0.0,0.0,106.0,561.0
29699.0,0.0,3.1416,0.0,0.0,0.0,0.0,-1.0,0.0,0.0,106.0,569.0
29709.0,0.0,3.1416,0.0,0.0,0.0,0.0,-1.0,0.0,0.0,106.0,577.0
29719.0,0.0,3.1416,0.0,0.0,0.0,0.0,-1.0,0.0,0.0,106.0,576.0
29730.0,0.0,3.1416,0.0,0.0,0.0,0.0,-1.0,0.0,0.0,106.0,576.0
29740.0,0.0,3.1416,0.0,0.0,0.0,0.0,-1.0,0.0,0.0,106.0,562.0
29750.0,0.0,3.1416,0.0,0.0,0.0,0.0,-1.0,0.0,0.0,106.0,563.0
29760.0,0.0,3.1416,0.0,0.0,0.0,0.0,-1.0,0.0,0.0,106.0,577.0
29770.0,0.0,3.1416,-0.0,0.0,0.0,0.0,-1.0,0.0,0.0,106.0,577.0
29781.0,0.0,3.1416,-0.0,0.0,0.0,0.0,-1.0,0.0,0.0,106.0,563.0
29791.0,0.0,3.1416,0.005,0.0,0.0,0.0,-1.0,0.0,0.0,106.0,571.0
29801.0,0.0,3.1416,0.001,0.0,0.0,0.0,-1.0,0.0,0.0,106.0,571.0
29811.0,0.0,3.1416,-0.001,0.0,0.0,0.0,-1.0,0.0,0.0,106.0,577.0
29822.0,0.0,3.1416,-0.001,0.0,0.0,0.0,-1.0,0.0,0.0,106.0,563.0
29832.0,0.0,3.1416,-0.001,0.0,0.0,0.0,-1.0,0.0,0.0,106.0,562.0
29842.0,0.0,3.1416,-0.0,0.0,0.0,0.0,-1.0,0.0,0.0,106.0,563.0
29852.0,0.0,3.1416,-0.0,0.0,0.0,0.0,-1.0,0.0,0.0,106.0,570.0
29863.0,0.0,3.1416,-0.0,0.0,0.0,0.0,-1.0,0.0,0.0,106.0,562.0
29873.0,0.0,3.1416,-0.0,0.0,0.0,0.0,-1.0,0.0,0.0,106.0,563.0
29883.0,0.0,3.1416,-0.0,0.0,0.0,0.0,-1.0,0.0,0.0,106.0,556.0
29894.0,0.0,3.1416,-0.0,0.0,0.0,0.0,-1.0,0.0,0.0,106.0,556.0
29904.0,0.0,3.1416,0.0,0.0,0.0,0.0,-1.0,0.0,0.0,106.0,563.0
29914.0,0.0,3.1416,0.0,0.0,0.0,0.0,-1.0,0.0,0.0,106.0,562.0
29924.0,0.0,3.1416,0.0,0.0,0.0,0.0,-1.0,0.0,0.0,106.0,556.0
29935.0,0.0,3.1416,0.0,0.0,0.0,0.0,-1.0,0.0,0.0,106.0,555.0
29945.0,0.0,3.1416,0.0,0.0,0.0,0.0,-1.0,0.0,0.0,106.0,569.0
29955.0,0.0,3.1416,0.0,0.0,0.0,0.0,-1.0,0.0,0.0,106.0,576.0
29965.0,0.0,3.1416,0.0,0.0,0.0,0.0,-1.0,0.0,0.0,106.0,562.0
29975.0,0.0,3.1416,0.0,0.0,0.0,0.0,-1.0,0.0,0.0,106.0,577.0
29986.0,0.0,3.1416,0.0,0.0,0.0,0.0,-1.0,0.0,0.0,106.0,563.0
29996.0,0.0,3.1416,0.0,0.0,0.0,0.0,-1.0,0.0,0.0,106.0,577.0
30006.0,0.0,3.1416,0.0,0.0,0.0,0.0,-1.0,0.0,0.0,106.0,555.0
30016.0,0.0,3.1416,0.0,0.0,0.0,0.0,-1.0,0.0,0.0,106.0,563.0
30026.0,0.0,3.1416,0.0,0.0,0.0,0.0,-1.0,0.0,0.0,106.0,576.0
30037.0,0.0,3.1416,-0.0,0.0,0.0,0.0,-1.0,0.0,0.0,106.0,576.0
30047.0,0.0,3.1416,-0.0,0.0,0.0,0.0,-1.0,0.0,0.0,106.0,561.0
30057.0,0.0,3.1416,-0.0,0.0,0.0,0.0,-1.0,0.0,0.0,106.0,562.0
30067.0,0.0,3.1416,-0.0,0.0,0.0,0.0,-1.0,0.0,0.0,106.0,577.0
30077.0,0.0,3.1416,-0.0,0.0,0.0,0.0,-1.0,0.0,0.0,106.0,576.0
30088.0,0.0,3.1416,-0.0,0.0,0.0,0.0,-1.0,0.0,0.0,106.0,576.0
30098.0,0.0,3.1416,-0.0,0.0,0.0,0.0,-1.0,0.0,0.0,106.0,561.0
30108.0,0.0,3.1416,-0.0,0.0,0.0,0.0,-1.0,0.0,0.0,106.0,563.0
30118.0,0.0,3.1416,-0.0,0.0,0.0,0.0,-1.0,0.0,0.0,106.0,562.0
30128.0,0.0,3.1416,0.001,0.0,0.0,0.0,-1.0,0.0,0.0,106.0,571.0
30139.0,0.0,3.1416,-0.001,0.0,0.0,0.0,-1.0,0.0,0.0,106.0,562.0
30149.0,0.0,-3.1401,0.005,0.0,0.0,0.0,-1.0,0.0,0.0,106.0,563.0
30159.0,0.0,3.1416,0.002,0.0,0.0,0.0,-1.0,0.0,0.0,106.0,572.0
30169.0,0.0,3.1416,0.002,0.0,0.0,0.0,-1.0,0.0,0.0,106.0,556.0
30179.0,0.0,3.1416,-0.0,0.0,0.0,0.0,-1.0,0.0,0.0,106.0,565.0
30189.0,0.0,3.1416,-0.003,0.0,0.0,0.0,-1.0,0.0,0.0,106.0,569.0
30200.0,0.0,3.1416,-0.003,0.0,0.0,0.0,-1.0,0.0,0.0,106.0,563.0
30210.0,0.0,3.1416,-0.002,0.0,0.0,0.0,-1.0,0.0,0.0,106.0,556.0
30220.0,0.0,3.1416,-0.002,0.0,0.0,0.0,-1.0,0.0,0.0,106.0,564.0
30230.0,0.0,3.1416,-0.001,0.0,0.0,0.0,-1.0,0.0,0.0,106.0,569.0
30241.0,0.0,3.1416,-0.001,0.0,0.0,0.0,-1.0,0.0,0.0,106.0,562.0
30251.0,0.0,3.1416,-0.0,0.0,0.0,0.0,-1.0,0.0,0.0,106.0,569.0
30261.0,0.0,3.1416,-0.0,0.0,0.0,0.0,-1.0,0.0,0.0,106.0,562.0
30271.0,0.0,3.1416,-0.0,0.0,0.0,0.0,-1.0,0.0,0.0,106.0,562.0
30281.0,0.0,3.1416,-0.0,0.0,0.0,0.0,-1.0,0.0,0.0,106.0,570.0
30292.0,0.0,3.1416,-0.0,0.0,0.0,0.0,-1.0,0.0,0.0,106.0,556.0
30302.0,0.0,3.1416,0.0,0.0,0.0,0.0,-1.0,0.0,0.0,106.0,570.0
30312.0,0.0,3.1416,0.0,0.0,0.0,0.0,-1.0,0.0,0.0,106.0,570.0
30322.0,0.0,3.1416,0.0,0.0,0.0,0.0,-1.0,0.0,0.0,106.0,562.0
30332.0,0.0,3.1416,0.0,0.0,0.0,0.0,-1.0,0.0,0.0,106.0,563.0
30342.0,0.0,3.1416,0.0,0.0,0.0,0.0,-1.0,0.0,0.0,106.0,570.0
30352.0,0.0,3.1416,0.0,0.0,0.0,0.0,-1.0,0.0,0.0,106.0,576.0
30363.0,0.0,3.1416,0.0,0.0,0.0,0.0,-1.0,0.0,0.0,106.0,576.0
30373.0,0.0,3.1416,0.0,0.0,0.0,0.0,-1.0,0.0,0.0,106.0,561.0
30383.0,0.0,3.1416,0.0,0.0,0.0,0.0,-1.0,0.0,0.0,106.0,562.0
30393.0,0.0,3.1416,0.0,0.0,0.0,0.0,-1.0,0.0,0.0,106.0,569.0
30403.0,0.0,3.1416,0.0,0.0,0.0,0.0,-1.0,0.0,0.0,106.0,576.0
30414.0,0.0,3.1416,0.0,0.0,0.0,0.0,-1.0,0.0,0.0,106.0,569.0
30424.0,0.0,3.1416,0.0,0.0,0.0,0.0,-1.0,0.0,0.0,106.0,562.0
30434.0,0.0,3.1416,0.005,0.0,0.0,0.0,-1.0,0.0,0.0,106.0,564.0
30445.0,0.0,3.1416,0.001,0.0,0.0,0.0,-1.0,0.0,0.0,106.0,550.0
30455.0,0.0,3.1416,-0.001,0.0,0.0,0.0,-1.0,0.0,0.0,106.0,576.0
30465.0,0.0,3.1416,-0.001,0.0,0.0,0.0,-1.0,0.0,0.0,106.0,562.0
30475.0,0.0,3.1416,-0.001,0.0,0.0,0.0,-1.0,0.0,0.0,106.0,570.0
30486.0,0.0,3.1416,-0.001,0.0,0.0,0.0,-1.0,0.0,0.0,106.0,563.0
30496.0,0.0,3.1416,-0.0,0.0,0.0,0.0,-1.0,0.0,0.0,106.0,556.0
30506.0,0.0,3.1416,0.004,0.0,0.0,0.0,-1.0,0.0,0.0,106.0,565.0
30516.0,0.0,3.1416,0.0,0.0,0.0,0.0,-1.0,0.0,0.0,106.0,577.0
30527.0,0.0,3.1416,-0.001,0.0,0.0,0.0,-1.0,0.0,0.0,106.0,570.0
30537.0,0.0,3.1416,-0.001,0.0,0.0,0.0,-1.0,0.0,0.0,106.0,555.0
30547.0,0.0,3.1416,-0.001,0.0,0.0,0.0,-1.0,0.0,0.0,106.0,570.0
30557.0,0.0,3.1416,-0.0,0.0,0.0,0.0,-1.0,0.0,0.0,106.0,569.0
30568.0,0.0,3.1416,-0.0,0.0,0.0,0.0,-1.0,0.0,0.0,106.0,570.0
30578.0,0.0,3.1416,-0.0,0.0,0.0,0.0,-1.0,0.0,0.0,106.0,555.0
30588.0,0.0,3.1416,-0.0,0.0,0.0,0.0,-1.0,0.0,0.0,106.0,562.0
30598.0,0.0,3.1416,-0.0,0.0,0.0,0.0,-1.0,0.0,0.0,106.0,562.0
30608.0,0.0,3.1416,-0.0,0.0,0.0,0.0,-1.0,0.0,0.0,106.0,563.0
30619.0,0.0,3.1416,0.0,0.0,0.0,0.0,-1.0,0.0,0.0,106.0,563.0
30629.0,0.0,3.1416,0.0,0.0,0.0,0.0,-1.0,0.0,0.0,106.0,556.0
30639.0,0.0,3.1416,0.0,0.0,0.0,0.0,-1.0,0.0,0.0,106.0,562.0
30649.0,0.0,3.1416,0.0,0.0,0.0,0.0,-1.0,0.0,0.0,106.0,563.0
30660.0,0.0,3.1416,0.0,0.0,0.0,0.0,-1.0,0.0,0.0,106.0,563.0
30670.0,0.0,3.1416,0.0,0.0,0.0,0.0,-1.0,0.0,0.0,106.0,562.0
30680.0,0.0,3.1416,0.0,0.0,0.0,0.0,-1.0,0.0,0.0,106.0,561.0
30690.0,0.0,3.1416,0.0,0.0,0.0,0.0,-1.0,0.0,0.0,106.0,562.0
30700.0,0.0,3.1416,0.0,0.0,0.0,0.0,-1.0,0.0,0.0,106.0,576.0
30711.0,0.0,3.1416,0.0,0.0,0.0,0.0,-1.0,0.0,0.0,106.0,562.0
30721.0,0.0,3.1416,0.0,0.0,0.0,0.0,-1.0,0.0,0.0,106.0,562.0
30731.0,0.0,3.1416,0.0,0.0,0.0,0.0,-1.0,0.0,0.0,106.0,562.0
30741.0,0.0,3.1416,0.0,0.0,0.0,0.0,-1.0,0.0,0.0,106.0,568.0
30752.0,0.0,3.1416,0.004,0.0,0.0,0.0,-1.0,0.0,0.0,106.0,558.0
30762.0,0.0,3.1416,0.0,0.0,0.0,0.0,-1.0,0.0,0.0,106.0,577.0
30772.0,0.0,3.1416,-0.001,0.0,0.0,0.0,-1.0,0.0,0.0,106.0,576.0
30782.0,0.0,3.1416,-0.001,0.0,0.0,0.0,-1.0,0.0,0.0,106.0,562.0
30792.0,0.0,3.1416,-0.001,0.0,0.0,0.0,-1.0,0.0,0.0,106.0,562.0
30802.0,0.0,3.1416,-0.0,0.0,0.0,0.0,-1.0,0.0,0.0,106.0,563.0
30812.0,0.0,3.1416,-0.0,0.0,0.0,0.0,-1.0,0.0,0.0,106.0,570.0
30822.0,0.0,3.1416,-0.0,0.0,0.0,0.0,-1.0,0.0,0.0,106.0,569.0
30832.0,0.0,-3.1401,0.006,0.0,0.0,0.0,-1.0,0.0,0.0,106.0,577.0
30843.0,0.0,3.1416,0.001,0.0,0.0,0.0,-1.0,0.0,0.0,106.0,571.0
30853.0,0.0,3.1416,-0.001,0.0,0.0,0.0,-1.0,0.0,0.0,106.0,563.0
30863.0,0.0,3.1416,-0.001,0.0,0.0,0.0,-1.0,0.0,0.0,106.0,555.0
30873.0,0.0,3.1416,-0.001,0.0,0.0,0.0,-1.0,0.0,0.0,106.0,570.0
30884.0,0.0,3.1416,-0.001,0.0,0.0,0.0,-1.0,0.0,0.0,106.0,555.0
30894.0,0.0,3.1416,-0.0,0.0,0.0,0.0,-1.0,0.0,0.0,106.0,556.0
30904.0,0.0,3.1416,-0.0,0.0,0.0,0.0,-1.0,0.0,0.0,106.0,570.0
30914.0,0.0,3.1416,-0.0,0.0,0.0,0.0,-1.0,0.0,0.0,106.0,562.0
30924.0,0.0,3.1416,-0.0,0.0,0.0,0.0,-1.0,0.0,0.0,106.0,562.0
30935.0,0.0,3.1416,-0.0,0.0,0.0,0.0,-1.0,0.0,0.0,106.0,563.0
30945.0,0.0,3.1416,0.0,0.0,0.0,0.0,-1.0,0.0,0.0,106.0,563.0
30955.0,0.0,3.1416,0.0,0.0,0.0,0.0,-1.0,0.0,0.0,106.0,562.0
30965.0,0.0,3.1416,0.0,0.0,0.0,0.0,-1.0,0.0,0.0,106.0,570.0
30976.0,0.0,3.1416,0.0,0.0,0.0,0.0,-1.0,0.0,0.0,106.0,562.0
30986.0,0.0,3.1416,0.0,0.0,0.0,0.0,-1.0,0.0,0.0,106.0,562.0
30996.0,0.0,3.1416,0.0,0.0,0.0,0.0,-1.0,0.0,0.0,106.0,562.0
31006.0,0.0,3.1416,0.0,0.0,0.0,0.0,-1.0,0.0,0.0,106.0,569.0
31016.0,0.0,3.1416,0.0,0.0,0.0,0.0,-1.0,0.0,0.0,106.0,576.0
31027.0,0.0,3.1416,0.0,0.0,0.0,0.0,-1.0,0.0,0.0,106.0,576.0
31037.0,0.0,3.1416,0.0,0.0,0.0,0.0,-1.0,0.0,0.0,106.0,562.0
31047.0,0.0,3.1416,0.0,0.0,0.0,0.0,-1.0,0.0,0.0,106.0,562.0
31057.0,0.0,3.1416,0.0,0.0,0.0,0.0,-1.0,0.0,0.0,106.0,569.0
31067.0,0.0,3.1416,0.0,0.0,0.0,0.0,-1.0,0.0,0.0,106.0,576.0
31078.0,0.0,3.1416,-0.0,0.0,0.0,0.0,-1.0,0.0,0.0,106.0,576.0
31088.0,0.0,3.1416,-0.0,0.0,0.0,0.0,-1.0,0.0,0.0,106.0,561.0
31098.0,0.0,3.1416,-0.0,0.0,0.0,0.0,-1.0,0.0,0.0,106.0,562.0
31108.0,0.0,3.1416,-0.0,0.0,0.0,0.0,-1.0,0.0,0.0,106.0,570.0
31118.0,0.0,3.1416,-0.0,0.0,0.0,0.0,-1.0,0.0,0.0,106.0,577.0
31129.0,0.0,3.1416,-0.0,0.0,0.0,0.0,-1.0,0.0,0.0,106.0,570.0
31139.0,0.0,3.1416,-0.0,0.0,0.0,0.0,-1.0,0.0,0.0,106.0,577.0
31149.0,0.0,3.1416,-0.0,0.0,0.0,0.0,-1.0,0.0,0.0,106.0,562.0
31159.0,0.0,3.1416,0.005,0.0,0.0,0.0,-1.0,0.0,0.0,106.0,565.0
31169.0,0.0,3.1416,0.0,0.0,0.0,0.0,-1.0,0.0,0.0,106.0,565.0
31180.0,0.0,3.1416,-0.001,0.0,0.0,0.0,-1.0,0.0,0.0,106.0,570.0
31190.0,0.0,3.1416,-0.001,0.0,0.0,0.0,-1.0,0.0,0.0,106.0,562.0
31200.0,0.0,3.1416,-0.001,0.0,0.0,0.0,-1.0,0.0,0.0,106.0,571.0
31211.0,0.0,3.1416,-0.001,0.0,0.0,0.0,-1.0,0.0,0.0,106.0,562.0
31221.0,0.0,3.1416,-0.0,0.0,0.0,0.0,-1.0,0.0,0.0,106.0,556.0
31231.0,0.0,3.1416,-0.0,0.0,0.0,0.0,-1.0,0.0,0.0,106.0,563.0
31241.0,0.0,3.1416,-0.0,0.0,0.0,0.0,-1.0,0.0,0.0,106.0,563.0
31252.0,0.0,3.1416,-0.0,0.0,0.0,0.0,-1.0,0.0,0.0,106.0,562.0
31262.0,0.0,3.1416,-0.0,0.0,0.0,0.0,-1.0,0.0,0.0,106.0,562.0
31272.0,0.0,3.1416,0.0,0.0,0.0,0.0,-1.0,0.0,0.0,106.0,561.0
31282.0,0.0,3.1416,0.0,0.0,0.0,0.0,-1.0,0.0,0.0,106.0,563.0
31293.0,0.0,3.1416,0.0,0.0,0.0,0.0,-1.0,0.0,0.0,106.0,563.0
31303.0,0.0,3.1416,0.0,0.0,0.0,0.0,-1.0,0.0,0.0,106.0,555.0
31313.0,0.0,3.1416,0.0,0.0,0.0,0.0,-1.0,0.0,0.0,106.0,563.0
31323.0,0.0,3.1416,0.0,0.0,0.0,0.0,-1.0,0.0,0.0,106.0,569.0
31333.0,0.0,3.1416,0.0,0.0,0.0,0.0,-1.0,0.0,0.0,106.0,576.0
31344.0,0.0,3.1416,0.0,0.0,0.0,0.0,-1.0,0.0,0.0,106.0,576.0
31354.0,0.0,3.1416,0.0,0.0,0.0,0.0,-1.0,0.0,0.0,106.0,555.0
31364.0,0.0,3.1416,0.0,0.0,0.0,0.0,-1.0,0.0,0.0,106.0,569.0
31374.0,0.0,3.1416,0.0,0.0,0.0,0.0,-1.0,0.0,0.0,106.0,576.0
31385.0,0.0,3.1416,0.0,0.0,0.0,0.0,-1.0,0.0,0.0,106.0,569.0
31395.0,0.0,3.1416,0.0,0.0,0.0,0.0,-1.0,0.0,0.0,106.0,577.0
31405.0,0.0,3.1416,-0.0,0.0,0.0,0.0,-1.0,0.0,0.0,106.0,564.0
31415.0,0.0,3.1416,-0.0,0.0,0.0,0.0,-1.0,0.0,0.0,106.0,569.0
31425.0,0.0,3.1416,-0.0,0.0,0.0,0.0,-1.0,0.0,0.0,106.0,576.0
31436.0,0.0,3.1416,-0.0,0.0,0.0,0.0,-1.0,0.0,0.0,106.0,569.0
31446.0,0.0,3.1416,-0.0,0.0,0.0,0.0,-1.0,0.0,0.0,106.0,569.0
31456.0,0.0,3.1416,-0.0,0.0,0.0,0.0,-1.0,0.0,0.0,106.0,563.0
31466.0,0.0,3.1416,-0.0,0.0,0.0,0.0,-1.0,0.0,0.0,106.0,562.0
31476.0,0.0,3.1416,-0.0,0.0,0.0,0.0,-1.0,0.0,0.0,106.0,563.0
31486.0,0.0,3.1416,-0.0,0.0,0.0,0.0,-1.0,0.0,0.0,106.0,555.0
31496.0,0.0,3.1416,-0.0,0.0,0.0,0.0,-1.0,0.0,0.0,106.0,562.0
31507.0,0.0,3.1416,-0.0,0.0,0.0,0.0,-1.0,0.0,0.0,106.0,562.0
31517.0,0.0,3.1416,0.003,0.0,0.0,0.0,-1.0,0.0,0.0,106.0,556.0
31527.0,0.0,3.1416,-0.003,0.0,0.0,0.0,-1.0,0.0,0.0,106.0,564.0
31537.0,0.0,3.1416,-0.001,0.0,0.0,0.0,-1.0,0.0,0.0,106.0,570.0
31548.0,0.0,3.1416,-0.0,0.0,0.0,0.0,-1.0,0.0,0.0,106.0,562.0
31558.0,0.0,3.1416,0.0,0.0,0.0,0.0,-1.0,0.0,0.0,106.0,569.0
31568.0,0.0,3.1416,0.0,0.0,0.0,0.0,-1.0,0.0,0.0,106.0,576.0
31578.0,0.0,3.1416,0.0,0.0,0.0,0.0,-1.0,0.0,0.0,106.0,562.0
31588.0,0.0,3.1416,0.0,0.0,0.0,0.0,-1.0,0.0,0.0,106.0,569.0
31599.0,0.0,3.1416,0.0,0.0,0.0,0.0,-1.0,0.0,0.0,106.0,569.0
31609.0,0.0,3.1416,0.0,0.0,0.0,0.0,-1.0,0.0,0.0,106.0,576.0
31619.0,0.0,3.1416,0.0,0.0,0.0,0.0,-1.0,0.0,0.0,106.0,562.0
31629.0,0.0,3.1416,0.0,0.0,0.0,0.0,-1.0,0.0,0.0,106.0,569.0
31639.0,0.0,3.1416,-0.0,0.0,0.0,0.0,-1.0,0.0,0.0,106.0,576.0
31650.0,0.0,3.1416,-0.0,0.0,0.0,0.0,-1.0,0.0,0.0,106.0,569.0
31660.0,0.0,3.1416,-0.0,0.0,0.0,0.0,-1.0,0.0,0.0,106.0,564.0
31670.0,0.0,3.1416,-0.0,0.0,0.0,0.0,-1.0,0.0,0.0,106.0,562.0
31680.0,0.0,3.1416,-0.0,0.0,0.0,0.0,-1.0,0.0,0.0,106.0,562.0
31690.0,0.0,3.1416,-0.0,0.0,0.0,0.0,-1.0,0.0,0.0,106.0,563.0
31700.0,0.0,3.1416,-0.0,0.0,0.0,0.0,-1.0,0.0,0.0,106.0,563.0
31710.0,0.0,3.1416,-0.0,0.0,0.0,0.0,-1.0,0.0,0.0,106.0,563.0
31721.0,0.0,3.1416,-0.0,0.0,0.0,0.0,-1.0,0.0,0.0,106.0,556.0
31731.0,0.0,3.1416,-0.0,0.0,0.0,0.0,-1.0,0.0,0.0,106.0,562.0
31741.0,0.0,3.1416,-0.0,0.0,0.0,0.0,-1.0,0.0,0.0,106.0,563.0
31751.0,0.0,3.1416,-0.0,0.0,0.0,0.0,-1.0,0.0,0.0,106.0,570.0
31762.0,0.0,3.1416,-0.0,0.0,0.0,0.0,-1.0,0.0,0.0,106.0,562.0
31772.0,0.0,3.1416,-0.0,0.0,0.0,0.0,-1.0,0.0,0.0,106.0,570.0
31782.0,0.0,3.1416,0.0,0.0,0.0,0.0,-1.0,0.0,0.0,106.0,562.0
31792.0,0.0,3.1416,0.0,0.0,0.0,0.0,-1.0,0.0,0.0,106.0,562.0
31803.0,0.0,3.1416,0.0,0.0,0.0,0.0,-1.0,0.0,0.0,106.0,555.0
31813.0,0.0,3.1416,0.0,0.0,0.0,0.0,-1.0,0.0,0.0,106.0,562.0
31823.0,0.0,3.1416,0.0,0.0,0.0,0.0,-1.0,0.0,0.0,106.0,562.0
31833.0,0.0,3.1416,0.0,0.0,0.0,0.0,-1.0,0.0,0.0,106.0,556.0
31843.0,0.0,3.1416,0.0,0.0,0.0,0.0,-1.0,0.0,0.0,106.0,556.0
31853.0,0.0,3.1416,0.0,0.0,0.0,0.0,-1.0,0.0,0.0,106.0,563.0
31863.0,0.0,3.1416,0.0,0.0,0.0,0.0,-1.0,0.0,0.0,106.0,570.0
31874.0,0.0,3.1416,0.0,0.0,0.0,0.0,-1.0,0.0,0.0,106.0,563.0
31884.0,0.0,3.1416,0.0,0.0,0.0,0.0,-1.0,0.0,0.0,106.0,563.0
31894.0,0.0,3.1416,0.0,0.0,0.0,0.0,-1.0,0.0,0.0,106.0,555.0
31904.0,0.0,3.1416,0.0,0.0,0.0,0.0,-1.0,0.0,0.0,106.0,563.0
31914.0,0.0,3.1416,0.0,0.0,0.0,0.0,-1.0,0.0,0.0,106.0,562.0
31925.0,0.0,3.1416,0.001,0.0,0.0,0.0,-1.0,0.0,0.0,106.0,558.0
31935.0,0.0,3.1416,-0.001,0.0,0.0,0.0,-1.0,0.0,0.0,106.0,562.0
31945.0,0.0,3.1416,-0.001,0.0,0.0,0.0,-1.0,0.0,0.0,106.0,576.0
31956.0,0.0,3.1416,-0.001,0.0,0.0,0.0,-1.0,0.0,0.0,106.0,556.0
31966.0,0.0,3.1416,-0.001,0.0,0.0,0.0,-1.0,0.0,0.0,106.0,561.0
31976.0,0.0,3.1416,-0.0,0.0,0.0,0.0,-1.0,0.0,0.0,106.0,571.0
31986.0,0.0,3.1416,-0.0,0.0,0.0,0.0,-1.0,0.0,0.0,106.0,563.0
31996.0,0.0,3.1416,-0.0,0.0,0.0,0.0,-1.0,0.0,0.0,106.0,570.0
32007.0,0.0,3.1416,-0.0,0.0,0.0,0.0,-1.0,0.0,0.0,106.0,570.0
32017.0,0.0,3.1416,-0.0,0.0,0.0,0.0,-1.0,0.0,0.0,106.0,563.0
32027.0,0.0,3.1416,0.0,0.0,0.0,0.0,-1.0,0.0,0.0,106.0,562.0
32038.0,0.0,3.1416,0.0,0.0,0.0,0.0,-1.0,0.0,0.0,106.0,562.0
32048.0,0.0,3.1416,0.0,0.0,0.0,0.0,-1.0,0.0,0.0,106.0,563.0
32058.0,0.0,3.1416,0.002,0.0,0.0,0.0,-1.0,0.0,0.0,106.0,570.0
32068.0,0.0,3.1416,-0.0,0.0,0.0,0.0,-1.0,0.0,0.0,106.0,562.0
32078.0,0.0,3.1416,-0.001,0.0,0.0,0.0,-1.0,0.0,0.0,106.0,555.0
32088.0,0.0,3.1416,-0.001,0.0,0.0,0.0,-1.0,0.0,0.0,106.0,571.0
32099.0,0.0,3.1416,-0.001,0.0,0.0,0.0,-1.0,0.0,0.0,106.0,562.0
32109.0,0.0,3.1416,-0.0,0.0,0.0,0.0,-1.0,0.0,0.0,106.0,555.0
32119.0,0.0,3.1416,-0.0,0.0,0.0,0.0,-1.0,0.0,0.0,106.0,562.0
32129.0,0.0,3.1416,-0.0,0.0,0.0,0.0,-1.0,0.0,0.0,106.0,570.0
32139.0,0.0,3.1416,0.005,0.0,0.0,0.0,-1.0,0.0,0.0,106.0,571.0
32150.0,0.0,3.1416,0.001,0.0,0.0,0.0,-1.0,0.0,0.0,106.0,571.0
32160.0,0.0,3.1416,-0.001,0.0,0.0,0.0,-1.0,0.0,0.0,106.0,563.0
32170.0,0.0,3.1416,-0.001,0.0,0.0,0.0,-1.0,0.0,0.0,106.0,562.0
32181.0,0.0,3.1416,-0.001,0.0,0.0,0.0,-1.0,0.0,0.0,106.0,556.0
32191.0,0.0,3.1416,-0.001,0.0,0.0,0.0,-1.0,0.0,0.0,106.0,569.0
32201.0,0.0,3.1416,-0.0,0.0,0.0,0.0,-1.0,0.0,0.0,106.0,562.0
32211.0,0.0,3.1416,-0.0,0.0,0.0,0.0,-1.0,0.0,0.0,106.0,570.0
32221.0,0.0,3.1416,-0.0,0.0,0.0,0.0,-1.0,0.0,0.0,106.0,570.0
32231.0,0.0,3.1416,0.004,0.0,0.0,0.0,-1.0,0.0,0.0,106.0,571.0
32242.0,0.0,3.1416,0.0,0.0,0.0,0.0,-1.0,0.0,0.0,106.0,576.0
32252.0,0.0,-3.1401,0.005,0.0,0.0,0.0,-1.0,0.0,0.0,106.0,562.0
32262.0,0.0,3.1416,0.0,0.0,0.0,0.0,-1.0,0.0,0.0,106.0,571.0
32273.0,0.0,3.1416,-0.001,0.0,0.0,0.0,-1.0,0.0,0.0,106.0,576.0
32283.0,0.0,3.1416,-0.001,0.0,0.0,0.0,-1.0,0.0,0.0,106.0,563.0
32293.0,0.0,3.1416,-0.001,0.0,0.0,0.0,-1.0,0.0,0.0,106.0,563.0
32303.0,0.0,3.1416,-0.001,0.0,0.0,0.0,-1.0,0.0,0.0,106.0,570.0
32314.0,0.0,3.1416,-0.0,0.0,0.0,0.0,-1.0,0.0,0.0,106.0,570.0
32324.0,0.0,3.1416,-0.0,0.0,0.0,0.0,-1.0,0.0,0.0,106.0,563.0
32334.0,0.0,3.1416,-0.0,0.0,0.0,0.0,-1.0,0.0,0.0,106.0,556.0
32344.0,0.0,3.1416,-0.0,0.0,0.0,0.0,-1.0,0.0,0.0,106.0,562.0
32355.0,0.0,3.1416,-0.0,0.0,0.0,0.0,-1.0,0.0,0.0,106.0,562.0
32365.0,0.0,3.1416,-0.0,0.0,0.0,0.0,-1.0,0.0,0.0,106.0,563.0
32375.0,0.0,3.1416,0.0,0.0,0.0,0.0,-1.0,0.0,0.0,106.0,555.0
32385.0,0.0,3.1416,0.0,0.0,0.0,0.0,-1.0,0.0,0.0,106.0,570.0
32396.0,0.0,3.1416,0.0,0.0,0.0,0.0,-1.0,0.0,0.0,106.0,563.0
32406.0,0.0,3.1416,0.0,0.0,0.0,0.0,-1.0,0.0,0.0,106.0,571.0
32416.0,0.0,3.1416,0.0,0.0,0.0,0.0,-1.0,0.0,0.0,106.0,555.0
32426.0,0.0,3.1416,0.0,0.0,0.0,0.0,-1.0,0.0,0.0,106.0,561.0
32436.0,0.0,3.1416,0.0,0.0,0.0,0.0,-1.0,0.0,0.0,106.0,569.0
32446.0,0.0,3.1416,0.0,0.0,0.0,0.0,-1.0,0.0,0.0,106.0,577.0
32457.0,0.0,3.1416,0.0,0.0,0.0,0.0,-1.0,0.0,0.0,106.0,576.0
32467.0,0.0,3.1416,0.001,0.0,0.0,0.0,-1.0,0.0,0.0,106.0,556.0
32477.0,0.0,3.1416,-0.0,0.0,0.0,0.0,-1.0,0.0,0.0,106.0,576.0
32488.0,0.0,3.1416,-0.001,0.0,0.0,0.0,-1.0,0.0,0.0,106.0,576.0
32498.0,0.0,3.1416,-0.001,0.0,0.0,0.0,-1.0,0.0,0.0,106.0,562.0
32508.0,0.0,3.1416,-0.001,0.0,0.0,0.0,-1.0,0.0,0.0,106.0,562.0
32518.0,0.0,3.1416,-0.0,0.0,0.0,0.0,-1.0,0.0,0.0,106.0,570.0
32529.0,0.0,3.1416,-0.0,0.0,0.0,0.0,-1.0,0.0,0.0,106.0,555.0
32539.0,0.0,3.1416,-0.0,0.0,0.0,0.0,-1.0,0.0,0.0,106.0,569.0
32549.0,0.0,3.1416,-0.0,0.0,0.0,0.0,-1.0,0.0,0.0,106.0,556.0
32559.0,0.0,3.1416,-0.0,0.0,0.0,0.0,-1.0,0.0,0.0,106.0,556.0
32570.0,0.0,3.1416,0.0,0.0,0.0,0.0,-1.0,0.0,0.0,106.0,555.0
32580.0,0.0,3.1416,0.0,0.0,0.0,0.0,-1.0,0.0,0.0,106.0,571.0
32590.0,0.0,3.1416,0.0,0.0,0.0,0.0,-1.0,0.0,0.0,106.0,562.0
32600.0,0.0,3.1416,0.0,0.0,0.0,0.0,-1.0,0.0,0.0,106.0,561.0
32610.0,0.0,3.1416,0.0,0.0,0.0,0.0,-1.0,0.0,0.0,106.0,556.0
32621.0,0.0,3.1416,0.0,0.0,0.0,0.0,-1.0,0.0,0.0,106.0,562.0
32631.0,0.0,3.1416,0.0,0.0,0.0,0.0,-1.0,0.0,0.0,106.0,577.0
32641.0,0.0,3.1416,0.0,0.0,0.0,0.0,-1.0,0.0,0.0,106.0,576.0
32651.0,0.0,3.1416,0.0,0.0,0.0,0.0,-1.0,0.0,0.0,106.0,576.0
32661.0,0.0,3.1416,0.0,0.0,0.0,0.0,-1.0,0.0,0.0,106.0,577.0
32672.0,0.0,3.1416,0.0,0.0,0.0,0.0,-1.0,0.0,0.0,106.0,569.0
32682.0,0.0,3.1416,0.0,0.0,0.0,0.0,-1.0,0.0,0.0,106.0,555.0
32692.0,0.0,3.1416,0.0,0.0,0.0,0.0,-1.0,0.0,0.0,106.0,562.0
32702.0,0.0,3.1416,0.005,0.0,0.0,0.0,-1.0,0.0,0.0,106.0,555.0
32712.0,0.0,3.1416,0.001,0.0,0.0,0.0,-1.0,0.0,0.0,106.0,571.0
32723.0,0.0,3.1416,-0.001,0.0,0.0,0.0,-1.0,0.0,0.0,106.0,576.0
32733.0,0.0,3.1416,-0.001,0.0,0.0,0.0,-1.0,0.0,0.0,106.0,562.0
32743.0,0.0,3.1416,-0.001,0.0,0.0,0.0,-1.0,0.0,0.0,106.0,563.0
32753.0,0.0,3.1416,-0.001,0.0,0.0,0.0,-1.0,0.0,0.0,106.0,562.0
32763.0,0.0,3.1416,-0.0,0.0,0.0,0.0,-1.0,0.0,0.0,106.0,570.0
32774.0,0.0,3.1416,-0.0,0.0,0.0,0.0,-1.0,0.0,0.0,106.0,562.0
32784.0,0.0,3.1416,-0.0,0.0,0.0,0.0,-1.0,0.0,0.0,106.0,562.0
32794.0,0.0,3.1416,-0.0,0.0,0.0,0.0,-1.0,0.0,0.0,106.0,570.0
32804.0,0.0,3.1416,0.002,0.0,0.0,0.0,-1.0,0.0,0.0,106.0,572.0
32814.0,0.0,3.1416,-0.0,0.0,0.0,0.0,-1.0,0.0,0.0,106.0,577.0
32825.0,0.0,3.1416,-0.001,0.0,0.0,0.0,-1.0,0.0,0.0,106.0,576.0
32835.0,0.0,3.1416,-0.001,0.0,0.0,0.0,-1.0,0.0,0.0,106.0,555.0
32845.0,0.0,3.1416,-0.001,0.0,0.0,0.0,-1.0,0.0,0.0,106.0,556.0
32855.0,0.0,3.1416,-0.0,0.0,0.0,0.0,-1.0,0.0,0.0,106.0,562.0
32866.0,0.0,3.1416,-0.0,0.0,0.0,0.0,-1.0,0.0,0.0,106.0,563.0
32876.0,0.0,3.1416,-0.0,0.0,0.0,0.0,-1.0,0.0,0.0,106.0,555.0
32886.0,0.0,3.1416,-0.0,0.0,0.0,0.0,-1.0,0.0,0.0,106.0,570.0
32897.0,0.0,3.1416,-0.0,0.0,0.0,0.0,-1.0,0.0,0.0,106.0,556.0
32907.0,0.0,3.1416,0.0,0.0,0.0,0.0,-1.0,0.0,0.0,106.0,556.0
32917.0,0.0,3.1416,0.0,0.0,0.0,0.0,-1.0,0.0,0.0,106.0,571.0
32927.0,0.0,3.1416,0.0,0.0,0.0,0.0,-1.0,0.0,0.0,106.0,555.0
32937.0,0.0,3.1416,0.0,0.0,0.0,0.0,-1.0,0.0,0.0,106.0,562.0
32947.0,0.0,3.1416,0.0,0.0,0.0,0.0,-1.0,0.0,0.0,106.0,555.0
32957.0,0.0,3.1416,0.0,0.0,0.0,0.0,-1.0,0.0,0.0,106.0,562.0
32967.0,0.0,3.1416,0.0,0.0,0.0,0.0,-1.0,0.0,0.0,106.0,576.0
32978.0,0.0,3.1416,0.0,0.0,0.0,0.0,-1.0,0.0,0.0,106.0,576.0
32988.0,0.0,3.1416,0.0,0.0,0.0,0.0,-1.0,0.0,0.0,106.0,556.0
32998.0,0.0,3.1416,0.0,0.0,0.0,0.0,-1.0,0.0,0.0,106.0,562.0
33008.0,0.0,3.1416,0.0,0.0,0.0,0.0,-1.0,0.0,0.0,106.0,578.0
33018.0,0.0,3.1416,0.0,0.0,0.0,0.0,-1.0,0.0,0.0,106.0,562.0
33028.0,0.0,3.1416,0.0,0.0,0.0,0.0,-1.0,0.0,0.0,106.0,576.0
33039.0,0.0,3.1416,-0.0,0.0,0.0,0.0,-1.0,0.0,0.0,106.0,576.0
33049.0,0.0,3.1416,-0.0,0.0,0.0,0.0,-1.0,0.0,0.0,106.0,561.0
33059.0,0.0,3.1416,-0.0,0.0,0.0,0.0,-1.0,0.0,0.0,106.0,562.0
33069.0,0.0,3.1416,-0.0,0.0,0.0,0.0,-1.0,0.0,0.0,106.0,577.0
33080.0,0.0,3.1416,-0.0,0.0,0.0,0.0,-1.0,0.0,0.0,106.0,569.0
33090.0,0.0,3.1416,-0.0,0.0,0.0,0.0,-1.0,0.0,0.0,106.0,576.0
33100.0,0.0,3.1416,-0.0,0.0,0.0,0.0,-1.0,0.0,0.0,106.0,576.0
33110.0,0.0,3.1416,-0.0,0.0,0.0,0.0,-1.0,0.0,0.0,106.0,562.0
33120.0,0.0,3.1416,-0.0,0.0,0.0,0.0,-1.0,0.0,0.0,106.0,555.0
33130.0,0.0,3.1416,0.003,0.0,0.0,0.0,-1.0,0.0,0.0,106.0,563.0
33140.0,0.0,3.1416,0.0,0.0,0.0,0.0,-1.0,0.0,0.0,106.0,577.0
33151.0,0.0,3.1416,-0.001,0.0,0.0,0.0,-1.0,0.0,0.0,106.0,576.0
33161.0,0.0,3.1416,-0.001,0.0,0.0,0.0,-1.0,0.0,0.0,106.0,562.0
33171.0,0.0,3.1416,-0.001,0.0,0.0,0.0,-1.0,0.0,0.0,106.0,555.0
33181.0,0.0,3.1416,-0.0,0.0,0.0,0.0,-1.0,0.0,0.0,106.0,556.0
33191.0,0.0,3.1416,-0.0,0.0,0.0,0.0,-1.0,0.0,0.0,106.0,570.0
33202.0,0.0,3.1416,-0.0,0.0,0.0,0.0,-1.0,0.0,0.0,106.0,570.0
33212.0,0.0,3.1416,0.005,0.0,0.0,0.0,-1.0,0.0,0.0,106.0,558.0
33222.0,0.0,3.1416,0.001,0.0,0.0,0.0,-1.0,0.0,0.0,106.0,571.0
33232.0,0.0,-3.1401,0.008,0.0,0.0,0.0,-1.0,0.0,0.0,106.0,555.0
33242.0,0.0,3.1416,0.0,0.0,0.0,0.0,-1.0,0.0,0.0,106.0,572.0
33253.0,0.0,3.1416,-0.002,0.0,0.0,0.0,-1.0,0.0,0.0,106.0,562.0
33263.0,0.0,3.1416,-0.002,0.0,0.0,0.0,-1.0,0.0,0.0,106.0,569.0
33273.0,0.0,3.1416,0.001,0.0,0.0,0.0,-1.0,0.0,0.0,106.0,571.0
33283.0,0.0,3.1416,-0.001,0.0,0.0,0.0,-1.0,0.0,0.0,106.0,562.0
33293.0,0.0,3.1416,-0.002,0.0,0.0,0.0,-1.0,0.0,0.0,106.0,570.0
33304.0,0.0,3.1416,-0.001,0.0,0.0,0.0,-1.0,0.0,0.0,106.0,563.0
33314.0,0.0,3.1416,-0.001,0.0,0.0,0.0,-1.0,0.0,0.0,106.0,562.0
33324.0,0.0,3.1416,-0.001,0.0,0.0,0.0,-1.0,0.0,0.0,106.0,562.0
33335.0,0.0,3.1416,-0.0,0.0,0.0,0.0,-1.0,0.0,0.0,106.0,562.0
33345.0,0.0,3.1416,-0.0,0.0,0.0,0.0,-1.0,0.0,0.0,106.0,571.0
33355.0,0.0,3.1416,-0.0,0.0,0.0,0.0,-1.0,0.0,0.0,106.0,563.0
33365.0,0.0,3.1416,-0.0,0.0,0.0,0.0,-1.0,0.0,0.0,106.0,569.0
33376.0,0.0,3.1416,-0.0,0.0,0.0,0.0,-1.0,0.0,0.0,106.0,570.0
33386.0,0.0,3.1416,0.0,0.0,0.0,0.0,-1.0,0.0,0.0,106.0,555.0
33396.0,0.0,3.1416,0.0,0.0,0.0,0.0,-1.0,0.0,0.0,106.0,562.0
33406.0,0.0,3.1416,0.0,0.0,0.0,0.0,-1.0,0.0,0.0,106.0,555.0
33416.0,0.0,3.1416,0.0,0.0,0.0,0.0,-1.0,0.0,0.0,106.0,562.0
33427.0,0.0,3.1416,0.0,0.0,0.0,0.0,-1.0,0.0,0.0,106.0,562.0
33437.0,0.0,3.1416,0.0,0.0,0.0,0.0,-1.0,0.0,0.0,106.0,562.0
33447.0,0.0,3.1416,0.0,0.0,0.0,0.0,-1.0,0.0,0.0,106.0,562.0
33457.0,0.0,3.1416,0.0,0.0,0.0,0.0,-1.0,0.0,0.0,106.0,562.0
33467.0,0.0,3.1416,0.0,0.0,0.0,0.0,-1.0,0.0,0.0,106.0,576.0
33478.0,0.0,3.1416,0.0,0.0,0.0,0.0,-1.0,0.0,0.0,106.0,570.0
33488.0,0.0,3.1416,0.0,0.0,0.0,0.0,-1.0,0.0,0.0,106.0,562.0
33498.0,0.0,3.1416,0.0,0.0,0.0,0.0,-1.0,0.0,0.0,106.0,563.0
33508.0,0.0,3.1416,0.0,0.0,0.0,0.0,-1.0,0.0,0.0,106.0,576.0
33519.0,0.0,3.1416,-0.0,0.0,0.0,0.0,-1.0,0.0,0.0,106.0,569.0
33529.0,0.0,3.1416,-0.0,0.0,0.0,0.0,-1.0,0.0,0.0,106.0,563.0
33539.0,0.0,3.1416,-0.0,0.0,0.0,0.0,-1.0,0.0,0.0,106.0,563.0
33549.0,0.0,3.1416,-0.0,0.0,0.0,0.0,-1.0,0.0,0.0,106.0,576.0
33560.0,0.0,3.1416,-0.0,0.0,0.0,0.0,-1.0,0.0,0.0,106.0,576.0
33570.0,0.0,3.1416,-0.0,0.0,0.0,0.0,-1.0,0.0,0.0,106.0,561.0
33580.0,0.0,3.1416,-0.0,0.0,0.0,0.0,-1.0,0.0,0.0,106.0,564.0
33590.0,0.0,3.1416,-0.0,0.0,0.0,0.0,-1.0,0.0,0.0,106.0,562.0
33600.0,0.0,3.1416,-0.0,0.0,0.0,0.0,-1.0,0.0,0.0,106.0,570.0
33611.0,0.0,3.1416,-0.0,0.0,0.0,0.0,-1.0,0.0,0.0,106.0,555.0
33621.0,0.0,3.1416,-0.0,0.0,0.0,0.0,-1.0,0.0,0.0,106.0,556.0
33631.0,0.0,3.1416,-0.0,0.0,0.0,0.0,-1.0,0.0,0.0,106.0,564.0
33641.0,0.0,3.1416,-0.0,0.0,0.0,0.0,-1.0,0.0,0.0,106.0,556.0
33651.0,0.0,3.1416,-0.0,0.0,0.0,0.0,-1.0,0.0,0.0,106.0,556.0
33661.0,0.0,3.1416,-0.0,0.0,0.0,0.0,-1.0,0.0,0.0,106.0,570.0
33672.0,0.0,3.1416,-0.0,0.0,0.0,0.0,-1.0,0.0,0.0,106.0,562.0
33682.0,0.0,3.1416,0.0,0.0,0.0,0.0,-1.0,0.0,0.0,106.0,570.0
33692.0,0.0,3.1416,0.0,0.0,0.0,0.0,-1.0,0.0,0.0,106.0,570.0
33702.0,0.0,3.1416,0.0,0.0,0.0,0.0,-1.0,0.0,0.0,106.0,563.0
33712.0,0.0,3.1416,0.0,0.0,0.0,0.0,-1.0,0.0,0.0,106.0,563.0
33722.0,0.0,3.1416,0.0,0.0,0.0,0.0,-1.0,0.0,0.0,106.0,563.0
33732.0,0.0,3.1416,0.0,0.0,0.0,0.0,-1.0,0.0,0.0,106.0,570.0
33743.0,0.0,3.1416,0.0,0.0,0.0,0.0,-1.0,0.0,0.0,106.0,562.0
33753.0,0.0,3.1416,0.0,0.0,0.0,0.0,-1.0,0.0,0.0,106.0,570.0
33763.0,0.0,3.1416,0.0,0.0,0.0,0.0,-1.0,0.0,0.0,106.0,562.0
33773.0,0.0,3.1416,0.0,0.0,0.0,0.0,-1.0,0.0,0.0,106.0,569.0
33783.0,0.0,3.1416,0.0,0.0,0.0,0.0,-1.0,0.0,0.0,106.0,576.0
33793.0,0.0,3.1416,0.0,0.0,0.0,0.0,-1.0,0.0,0.0,106.0,577.0
33804.0,0.0,3.1416,0.004,0.0,0.0,0.0,-1.0,0.0,0.0,106.0,571.0
33814.0,0.0,3.1416,0.0,0.0,0.0,0.0,-1.0,0.0,0.0,106.0,561.0
33824.0,0.0,3.1416,-0.001,0.0,0.0,0.0,-1.0,0.0,0.0,106.0,576.0
33835.0,0.0,3.1416,-0.001,0.0,0.0,0.0,-1.0,0.0,0.0,106.0,563.0
33845.0,0.0,3.1416,-0.001,0.0,0.0,0.0,-1.0,0.0,0.0,106.0,570.0
33855.0,0.0,3.1416,-0.0,0.0,0.0,0.0,-1.0,0.0,0.0,106.0,562.0
33865.0,0.0,3.1416,-0.0,0.0,0.0,0.0,-1.0,0.0,0.0,106.0,570.0
33875.0,0.0,3.1416,0.005,0.0,0.0,0.0,-1.0,0.0,0.0,106.0,571.0
33886.0,0.0,3.1416,0.001,0.0,0.0,0.0,-1.0,0.0,0.0,106.0,570.0
33896.0,0.0,3.1416,-0.001,0.0,0.0,0.0,-1.0,0.0,0.0,106.0,555.0
33906.0,0.0,3.1416,-0.001,0.0,0.0,0.0,-1.0,0.0,0.0,106.0,562.0
33916.0,0.0,3.1416,-0.001,0.0,0.0,0.0,-1.0,0.0,0.0,106.0,563.0
33926.0,0.0,3.1416,-0.001,0.0,0.0,0.0,-1.0,0.0,0.0,106.0,570.0
33937.0,0.0,3.1416,-0.0,0.0,0.0,0.0,-1.0,0.0,0.0,106.0,571.0
33947.0,0.0,3.1416,-0.0,0.0,0.0,0.0,-1.0,0.0,0.0,106.0,562.0
33957.0,0.0,3.1416,-0.0,0.0,0.0,0.0,-1.0,0.0,0.0,106.0,556.0
33967.0,0.0,3.1416,-0.0,0.0,0.0,0.0,-1.0,0.0,0.0,106.0,570.0
33978.0,0.0,3.1416,-0.0,0.0,0.0,0.0,-1.0,0.0,0.0,106.0,570.0
33988.0,0.0,3.1416,0.0,0.0,0.0,0.0,-1.0,0.0,0.0,106.0,562.0
33998.0,0.0,3.1416,0.0,0.0,0.0,0.0,-1.0,0.0,0.0,106.0,570.0
34009.0,0.0,3.1416,0.0,0.0,0.0,0.0,-1.0,0.0,0.0,106.0,562.0
34019.0,0.0,3.1416,0.0,0.0,0.0,0.0,-1.0,0.0,0.0,106.0,570.0
34029.0,0.0,3.1416,0.0,0.0,0.0,0.0,-1.0,0.0,0.0,106.0,555.0
34039.0,0.0,3.1416,0.0,0.0,0.0,0.0,-1.0,0.0,0.0,106.0,561.0
34049.0,0.0,3.1416,0.0,0.0,0.0,0.0,-1.0,0.0,0.0,106.0,569.0
34059.0,0.0,3.1416,0.0,0.0,0.0,0.0,-1.0,0.0,0.0,106.0,576.0
34070.0,0.0,3.1416,0.0,0.0,0.0,0.0,-1.0,0.0,0.0,106.0,576.0
34080.0,0.0,3.1416,0.003,0.0,0.0,0.0,-1.0,0.0,0.0,106.0,556.0
34090.0,0.0,3.1416,0.0,0.0,0.0,0.0,-1.0,0.0,0.0,106.0,576.0
34101.0,0.0,3.1416,-0.001,0.0,0.0,0.0,-1.0,0.0,0.0,106.0,576.0
34111.0,0.0,3.1416,-0.001,0.0,0.0,0.0,-1.0,0.0,0.0,106.0,562.0
34121.0,0.0,3.1416,-0.001,0.0,0.0,0.0,-1.0,0.0,0.0,106.0,570.0
34132.0,0.0,3.1416,-0.0,0.0,0.0,0.0,-1.0,0.0,0.0,106.0,570.0
34142.0,0.0,3.1416,-0.0,0.0,0.0,0.0,-1.0,0.0,0.0,106.0,555.0
34152.0,0.0,3.1416,-0.0,0.0,0.0,0.0,-1.0,0.0,0.0,106.0,562.0
34162.0,0.0,3.1416,-0.0,0.0,0.0,0.0,-1.0,0.0,0.0,106.0,562.0
34173.0,0.0,3.1416,-0.0,0.0,0.0,0.0,-1.0,0.0,0.0,106.0,563.0
34183.0,0.0,3.1416,0.0,0.0,0.0,0.0,-1.0,0.0,0.0,106.0,563.0
34193.0,0.0,3.1416,0.0,0.0,0.0,0.0,-1.0,0.0,0.0,106.0,570.0
34204.0,0.0,3.1416,0.0,0.0,0.0,0.0,-1.0,0.0,0.0,106.0,563.0
34214.0,0.0,3.1416,0.0,0.0,0.0,0.0,-1.0,0.0,0.0,106.0,569.0
34224.0,0.0,3.1416,0.0,0.0,0.0,0.0,-1.0,0.0,0.0,106.0,571.0
34234.0,0.0,3.1416,0.0,0.0,0.0,0.0,-1.0,0.0,0.0,106.0,563.0
34244.0,0.0,3.1416,0.0,0.0,0.0,0.0,-1.0,0.0,0.0,106.0,568.0
34255.0,0.0,3.1416,0.0,0.0,0.0,0.0,-1.0,0.0,0.0,106.0,569.0
34265.0,0.0,3.1416,0.0,0.0,0.0,0.0,-1.0,0.0,0.0,106.0,562.0
34275.0,0.0,3.1416,0.0,0.0,0.0,0.0,-1.0,0.0,0.0,106.0,562.0
34285.0,0.0,3.1416,0.004,0.0,0.0,0.0,-1.0,0.0,0.0,106.0,571.0
34296.0,0.0,3.1416,0.0,0.0,0.0,0.0,-1.0,0.0,0.0,106.0,576.0
34306.0,0.0,3.1416,-0.001,0.0,0.0,0.0,-1.0,0.0,0.0,106.0,562.0
34316.0,0.0,3.1416,-0.001,0.0,0.0,0.0,-1.0,0.0,0.0,106.0,562.0
34326.0,0.0,3.1416,-0.001,0.0,0.0,0.0,-1.0,0.0,0.0,106.0,570.0
34337.0,0.0,3.1416,-0.0,0.0,0.0,0.0,-1.0,0.0,0.0,106.0,562.0
34347.0,0.0,3.1416,-0.0,0.0,0.0,0.0,-1.0,0.0,0.0,106.0,555.0
34357.0,0.0,3.1416,-0.0,0.0,0.0,0.0,-1.0,0.0,0.0,106.0,570.0
34368.0,0.0,3.1416,-0.0,0.0,0.0,0.0,-1.0,0.0,0.0,106.0,555.0
34378.0,0.0,3.1416,-0.0,0.0,0.0,0.0,-1.0,0.0,0.0,106.0,563.0
34388.0,0.0,3.1416,-0.0,0.0,0.0,0.0,-1.0,0.0,0.0,106.0,562.0
34398.0,0.0,3.1416,0.0,0.0,0.0,0.0,-1.0,0.0,0.0,106.0,562.0
34408.0,0.0,3.1416,0.0,0.0,0.0,0.0,-1.0,0.0,0.0,106.0,562.0
34419.0,0.0,3.1416,0.0,0.0,0.0,0.0,-1.0,0.0,0.0,106.0,563.0
34429.0,0.0,3.1416,0.0,0.0,0.0,0.0,-1.0,0.0,0.0,106.0,570.0
34439.0,0.0,3.1416,0.0,0.0,0.0,0.0,-1.0,0.0,0.0,106.0,555.0
34449.0,0.0,3.1416,0.0,0.0,0.0,0.0,-1.0,0.0,0.0,106.0,562.0
34459.0,0.0,3.1416,0.0,0.0,0.0,0.0,-1.0,0.0,0.0,106.0,562.0
34469.0,0.0,3.1416,0.0,0.0,0.0,0.0,-1.0,0.0,0.0,106.0,561.0
34479.0,0.0,3.1416,0.0,0.0,0.0,0.0,-1.0,0.0,0.0,106.0,562.0
34489.0,0.0,3.1416,0.0,0.0,0.0,0.0,-1.0,0.0,0.0,106.0,569.0
34499.0,0.0,3.1416,0.0,0.0,0.0,0.0,-1.0,0.0,0.0,106.0,576.0
34510.0,0.0,3.1416,0.0,0.0,0.0,0.0,-1.0,0.0,0.0,106.0,576.0
34520.0,0.0,3.1416,0.0,0.0,0.0,0.0,-1.0,0.0,0.0,106.0,562.0
34530.0,0.0,3.1416,-0.0,0.0,0.0,0.0,-1.0,0.0,0.0,106.0,569.0
34541.0,0.0,3.1416,-0.0,0.0,0.0,0.0,-1.0,0.0,0.0,106.0,570.0
34551.0,0.0,3.1416,-0.0,0.0,0.0,0.0,-1.0,0.0,0.0,106.0,562.0
34561.0,0.0,3.1416,-0.0,0.0,0.0,0.0,-1.0,0.0,0.0,106.0,569.0
34571.0,0.0,3.1416,-0.0,0.0,0.0,0.0,-1.0,0.0,0.0,106.0,577.0
34582.0,0.0,3.1416,-0.0,0.0,0.0,0.0,-1.0,0.0,0.0,106.0,577.0
34592.0,0.0,-3.1401,0.006,0.0,0.0,0.0,-1.0,0.0,0.0,106.0,563.0
34602.0,0.0,3.1416,0.006,0.0,0.0,0.0,-1.0,0.0,0.0,106.0,576.0
