t_ms,mode,theta,theta_dot,x,v,accel,energy,z1,z2,agc,loop_us
1668.0,0.0,-3.0848,0.011,0.0,0.0,0.0,-1.0,0.0,0.0,109.0,544.0
1709.0,0.0,-3.0848,-0.001,0.0,0.0,0.0,-1.0,0.0,0.0,109.0,541.0
1749.0,0.0,-3.0848,-0.0,0.0,0.0,0.0,-1.0,0.0,0.0,109.0,534.0
1789.0,0.0,-3.0848,0.0,0.0,0.0,0.0,-1.0,0.0,0.0,109.0,534.0
1830.0,0.0,-3.0848,0.002,0.0,0.0,0.0,-1.0,0.0,0.0,109.0,534.0
1870.0,0.0,-3.0848,0.003,0.0,0.0,0.0,-1.0,0.0,0.0,109.0,534.0
1910.0,0.0,-3.0848,-0.0,0.0,0.0,0.0,-1.0,0.0,0.0,109.0,534.0
1950.0,0.0,-3.0848,0.002,0.0,0.0,0.0,-1.0,0.0,0.0,109.0,534.0
1990.0,0.0,-3.0848,0.002,0.0,0.0,0.0,-1.0,0.0,0.0,109.0,534.0
2031.0,0.0,-3.0864,-0.004,0.0,0.0,0.0,-1.0,0.0,0.0,109.0,524.0
2071.0,0.0,-3.0848,0.001,0.0,0.0,0.0,-1.0,0.0,0.0,109.0,534.0
2111.0,0.0,-3.0848,-0.002,0.0,0.0,0.0,-1.0,0.0,0.0,109.0,534.0
2151.0,0.0,-3.0848,0.002,0.0,0.0,0.0,-1.0,0.0,0.0,109.0,534.0
2191.0,0.0,-3.0848,-0.002,0.0,0.0,0.0,-1.0,0.0,0.0,109.0,534.0
2231.0,0.0,-3.0848,-0.0,0.0,0.0,0.0,-1.0,0.0,0.0,109.0,534.0
2272.0,0.0,-3.0848,0.002,0.0,0.0,0.0,-1.0,0.0,0.0,109.0,534.0
2312.0,0.0,-3.0848,-0.001,0.0,0.0,0.0,-1.0,0.0,0.0,109.0,534.0
2352.0,0.0,-3.0864,-0.003,0.0,0.0,0.0,-1.0,0.0,0.0,109.0,536.0
2393.0,0.0,-3.0848,0.002,0.0,0.0,0.0,-1.0,0.0,0.0,109.0,535.0
2433.0,0.0,-3.0848,0.001,0.0,0.0,0.0,-1.0,0.0,0.0,109.0,535.0
2473.0,0.0,-3.0848,0.001,0.0,0.0,0.0,-1.0,0.0,0.0,109.0,521.0
2513.0,0.0,-3.0848,-0.002,0.0,0.0,0.0,-1.0,0.0,0.0,109.0,522.0
2553.0,0.0,-3.0848,0.002,0.0,0.0,0.0,-1.0,0.0,0.0,109.0,534.0
2594.0,0.0,-3.0848,0.001,0.0,0.0,0.0,-1.0,0.0,0.0,109.0,534.0
2634.0,0.0,-3.0848,0.002,0.0,0.0,0.0,-1.0,0.0,0.0,109.0,535.0
2674.0,0.0,-3.0848,0.002,0.0,0.0,0.0,-1.0,0.0,0.0,109.0,534.0
2714.0,0.0,-3.0848,-0.003,0.0,0.0,0.0,-1.0,0.0,0.0,109.0,534.0
2755.0,0.0,-3.0848,0.003,0.0,0.0,0.0,-1.0,0.0,0.0,109.0,534.0
2795.0,0.0,-3.0848,0.003,0.0,0.0,0.0,-1.0,0.0,0.0,109.0,522.0
2835.0,0.0,-3.0848,0.001,0.0,0.0,0.0,-1.0,0.0,0.0,109.0,534.0
2875.0,0.0,-3.0848,0.0,0.0,0.0,0.0,-1.0,0.0,0.0,109.0,521.0
2915.0,0.0,-3.0848,-0.004,0.0,0.0,0.0,-1.0,0.0,0.0,109.0,536.0
2956.0,0.0,-3.0848,0.003,0.0,0.0,0.0,-1.0,0.0,0.0,109.0,534.0
2996.0,0.0,-3.0848,-0.001,0.0,0.0,0.0,-1.0,0.0,0.0,109.0,534.0
3036.0,0.0,-3.0864,-0.009,0.0,0.0,0.0,-1.0,0.0,0.0,109.0,536.0
3077.0,0.0,-3.0848,0.005,0.0,0.0,0.0,-1.0,0.0,0.0,109.0,521.0
3117.0,0.0,-3.0848,0.003,0.0,0.0,0.0,-1.0,0.0,0.0,109.0,534.0
3157.0,0.0,-3.0848,0.001,0.0,0.0,0.0,-1.0,0.0,0.0,109.0,534.0
3197.0,0.0,-3.0848,-0.001,0.0,0.0,0.0,-1.0,0.0,0.0,109.0,534.0
3238.0,0.0,-3.0848,-0.002,0.0,0.0,0.0,-1.0,0.0,0.0,109.0,534.0
3278.0,0.0,-3.0864,-0.007,0.0,0.0,0.0,-1.0,0.0,0.0,109.0,536.0
3318.0,0.0,-3.0864,-0.003,0.0,0.0,0.0,-1.0,0.0,0.0,109.0,523.0
3358.0,0.0,-3.0848,0.002,0.0,0.0,0.0,-1.0,0.0,0.0,109.0,534.0
3399.0,0.0,-3.0848,-0.0,0.0,0.0,0.0,-1.0,0.0,0.0,109.0,521.0
3439.0,0.0,-3.0848,0.002,0.0,0.0,0.0,-1.0,0.0,0.0,109.0,534.0
3479.0,0.0,-3.0848,-0.0,0.0,0.0,0.0,-1.0,0.0,0.0,109.0,534.0
3520.0,0.0,-3.0848,0.003,0.0,0.0,0.0,-1.0,0.0,0.0,109.0,521.0
3560.0,0.0,-3.0848,-0.001,0.0,0.0,0.0,-1.0,0.0,0.0,109.0,534.0
3600.0,0.0,-3.0848,-0.005,0.0,0.0,0.0,-1.0,0.0,0.0,109.0,536.0
3640.0,0.0,-3.0848,0.001,0.0,0.0,0.0,-1.0,0.0,0.0,109.0,534.0
3680.0,0.0,-3.0848,0.003,0.0,0.0,0.0,-1.0,0.0,0.0,109.0,535.0
3720.0,0.0,-3.0848,-0.005,0.0,0.0,0.0,-1.0,0.0,0.0,109.0,536.0
3760.0,0.0,-3.0848,-0.001,0.0,0.0,0.0,-1.0,0.0,0.0,109.0,541.0
3801.0,0.0,-3.0848,0.001,0.0,0.0,0.0,-1.0,0.0,0.0,109.0,534.0
3841.0,0.0,-3.0848,-0.003,0.0,0.0,0.0,-1.0,0.0,0.0,109.0,541.0
3881.0,0.0,-3.0848,0.004,0.0,0.0,0.0,-1.0,0.0,0.0,109.0,542.0
3921.0,0.0,-3.0848,0.002,0.0,0.0,0.0,-1.0,0.0,0.0,109.0,534.0
3962.0,0.0,-3.0848,0.002,0.0,0.0,0.0,-1.0,0.0,0.0,109.0,534.0
4002.0,0.0,-3.0848,-0.005,0.0,0.0,0.0,-1.0,0.0,0.0,109.0,541.0
4042.0,0.0,-3.0848,0.001,0.0,0.0,0.0,-1.0,0.0,0.0,109.0,521.0
4082.0,0.0,-3.0848,0.001,0.0,0.0,0.0,-1.0,0.0,0.0,109.0,534.0
4123.0,0.0,-3.0848,-0.007,0.0,0.0,0.0,-1.0,0.0,0.0,109.0,534.0
4163.0,0.0,-3.0848,0.003,0.0,0.0,0.0,-1.0,0.0,0.0,109.0,534.0
4203.0,0.0,-3.0848,0.002,0.0,0.0,0.0,-1.0,0.0,0.0,109.0,534.0
4244.0,0.0,-3.0848,0.001,0.0,0.0,0.0,-1.0,0.0,0.0,109.0,521.0
4284.0,0.0,-3.0848,0.002,0.0,0.0,0.0,-1.0,0.0,0.0,109.0,534.0
4324.0,0.0,-3.0848,0.0,0.0,0.0,0.0,-1.0,0.0,0.0,109.0,521.0
4364.0,0.0,-3.0848,0.001,0.0,0.0,0.0,-1.0,0.0,0.0,109.0,521.0
4404.0,0.0,-3.0848,-0.001,0.0,0.0,0.0,-1.0,0.0,0.0,109.0,534.0
4445.0,0.0,-3.0848,-0.002,0.0,0.0,0.0,-1.0,0.0,0.0,109.0,534.0
4485.0,0.0,-3.0848,0.003,0.0,0.0,0.0,-1.0,0.0,0.0,109.0,534.0
4525.0,0.0,-3.0848,0.002,0.0,0.0,0.0,-1.0,0.0,0.0,109.0,534.0
4566.0,0.0,-3.0848,0.005,0.0,0.0,0.0,-1.0,0.0,0.0,109.0,534.0
4606.0,0.0,-3.0848,0.003,0.0,0.0,0.0,-1.0,0.0,0.0,109.0,534.0
4646.0,0.0,-3.0848,0.002,0.0,0.0,0.0,-1.0,0.0,0.0,109.0,534.0
4686.0,0.0,-3.0848,-0.003,0.0,0.0,0.0,-1.0,0.0,0.0,109.0,521.0
4726.0,0.0,-3.0848,0.003,0.0,0.0,0.0,-1.0,0.0,0.0,109.0,534.0
4766.0,0.0,-3.0848,-0.001,0.0,0.0,0.0,-1.0,0.0,0.0,109.0,534.0
4807.0,0.0,-3.0848,0.0,0.0,0.0,0.0,-1.0,0.0,0.0,109.0,521.0
4847.0,0.0,-3.0848,0.002,0.0,0.0,0.0,-1.0,0.0,0.0,109.0,534.0
4887.0,0.0,-3.0848,0.001,0.0,0.0,0.0,-1.0,0.0,0.0,109.0,521.0
4927.0,0.0,-3.0848,0.003,0.0,0.0,0.0,-1.0,0.0,0.0,109.0,521.0
4967.0,0.0,-3.0848,-0.007,0.0,0.0,0.0,-1.0,0.0,0.0,109.0,536.0
5008.0,0.0,-3.0864,-0.004,0.0,0.0,0.0,-1.0,0.0,0.0,109.0,536.0
5048.0,0.0,-3.0848,0.002,0.0,0.0,0.0,-1.0,0.0,0.0,109.0,521.0
5088.0,0.0,-3.0848,-0.002,0.0,0.0,0.0,-1.0,0.0,0.0,109.0,534.0
5128.0,0.0,-3.0848,0.001,0.0,0.0,0.0,-1.0,0.0,0.0,109.0,521.0
5169.0,0.0,-3.0848,-0.001,0.0,0.0,0.0,-1.0,0.0,0.0,109.0,521.0
5209.0,0.0,-3.0864,-0.004,0.0,0.0,0.0,-1.0,0.0,0.0,109.0,536.0
5249.0,0.0,-3.0848,0.005,0.0,0.0,0.0,-1.0,0.0,0.0,109.0,534.0
5290.0,0.0,-3.0848,0.001,0.0,0.0,0.0,-1.0,0.0,0.0,109.0,521.0
5330.0,0.0,-3.0848,0.001,0.0,0.0,0.0,-1.0,0.0,0.0,109.0,534.0
5370.0,0.0,-3.0848,-0.002,0.0,0.0,0.0,-1.0,0.0,0.0,109.0,521.0
5410.0,0.0,-3.0848,-0.006,0.0,0.0,0.0,-1.0,0.0,0.0,109.0,534.0
5450.0,0.0,-3.0848,-0.0,0.0,0.0,0.0,-1.0,0.0,0.0,109.0,521.0
5490.0,0.0,-3.0848,0.002,0.0,0.0,0.0,-1.0,0.0,0.0,109.0,534.0
5531.0,0.0,-3.0848,0.0,0.0,0.0,0.0,-1.0,0.0,0.0,109.0,521.0
5571.0,0.0,-3.0848,-0.0,0.0,0.0,0.0,-1.0,0.0,0.0,109.0,534.0
5611.0,0.0,-3.0848,-0.0,0.0,0.0,0.0,-1.0,0.0,0.0,109.0,521.0
5651.0,0.0,-3.0848,-0.002,0.0,0.0,0.0,-1.0,0.0,0.0,109.0,534.0
5691.0,0.0,-3.0848,-0.005,0.0,0.0,0.0,-1.0,0.0,0.0,109.0,521.0
5732.0,0.0,-3.0848,-0.003,0.0,0.0,0.0,-1.0,0.0,0.0,109.0,521.0
5772.0,0.0,-3.0864,-0.004,0.0,0.0,0.0,-1.0,0.0,0.0,109.0,523.0
5812.0,0.0,-3.0848,0.002,0.0,0.0,0.0,-1.0,0.0,0.0,109.0,521.0
5852.0,0.0,-3.0848,0.001,0.0,0.0,0.0,-1.0,0.0,0.0,109.0,521.0
5893.0,0.0,-3.0848,-0.005,0.0,0.0,0.0,-1.0,0.0,0.0,109.0,523.0
5933.0,0.0,-3.0848,0.001,0.0,0.0,0.0,-1.0,0.0,0.0,109.0,521.0
5973.0,0.0,-3.0848,0.002,0.0,0.0,0.0,-1.0,0.0,0.0,109.0,534.0
6013.0,0.0,-3.0848,0.001,0.0,0.0,0.0,-1.0,0.0,0.0,109.0,534.0
6053.0,0.0,-3.0864,-0.005,0.0,0.0,0.0,-1.0,0.0,0.0,109.0,523.0
6093.0,0.0,-3.0848,0.003,0.0,0.0,0.0,-1.0,0.0,0.0,109.0,534.0
6134.0,0.0,-3.0848,-0.002,0.0,0.0,0.0,-1.0,0.0,0.0,109.0,521.0
6174.0,0.0,-3.0848,-0.001,0.0,0.0,0.0,-1.0,0.0,0.0,109.0,534.0
6214.0,0.0,-3.0848,0.002,0.0,0.0,0.0,-1.0,0.0,0.0,109.0,534.0
6254.0,0.0,-3.0864,-0.003,0.0,0.0,0.0,-1.0,0.0,0.0,109.0,523.0
6294.0,0.0,-3.0848,-0.0,0.0,0.0,0.0,-1.0,0.0,0.0,109.0,521.0
6334.0,0.0,-3.0848,0.001,0.0,0.0,0.0,-1.0,0.0,0.0,109.0,534.0
6374.0,0.0,-3.0848,-0.005,0.0,0.0,0.0,-1.0,0.0,0.0,109.0,541.0
6415.0,0.0,-3.0848,0.003,0.0,0.0,0.0,-1.0,0.0,0.0,109.0,534.0
6455.0,0.0,-3.0848,-0.002,0.0,0.0,0.0,-1.0,0.0,0.0,109.0,534.0
6495.0,0.0,-3.0848,0.002,0.0,0.0,0.0,-1.0,0.0,0.0,109.0,521.0
6535.0,0.0,-3.0848,-0.001,0.0,0.0,0.0,-1.0,0.0,0.0,109.0,534.0
6576.0,0.0,-3.0848,-0.003,0.0,0.0,0.0,-1.0,0.0,0.0,109.0,528.0
6616.0,0.0,-3.0864,-0.007,0.0,0.0,0.0,-1.0,0.0,0.0,109.0,537.0
6656.0,0.0,-3.0848,-0.001,0.0,0.0,0.0,-1.0,0.0,0.0,109.0,521.0
6697.0,0.0,-3.0848,0.002,0.0,0.0,0.0,-1.0,0.0,0.0,109.0,521.0
6737.0,0.0,-3.0848,0.002,0.0,0.0,0.0,-1.0,0.0,0.0,109.0,534.0
6777.0,0.0,-3.0848,0.003,0.0,0.0,0.0,-1.0,0.0,0.0,109.0,534.0
6817.0,0.0,-3.0848,-0.009,0.0,0.0,0.0,-1.0,0.0,0.0,109.0,534.0
6857.0,0.0,-3.0848,0.004,0.0,0.0,0.0,-1.0,0.0,0.0,109.0,521.0
6897.0,0.0,-3.0848,-0.0,0.0,0.0,0.0,-1.0,0.0,0.0,109.0,534.0
6938.0,0.0,-3.0848,-0.002,0.0,0.0,0.0,-1.0,0.0,0.0,109.0,534.0
6978.0,0.0,-3.0848,-0.006,0.0,0.0,0.0,-1.0,0.0,0.0,109.0,523.0
7018.0,0.0,-3.0848,-0.002,0.0,0.0,0.0,-1.0,0.0,0.0,109.0,521.0
7058.0,0.0,-3.0848,-0.0,0.0,0.0,0.0,-1.0,0.0,0.0,109.0,534.0
7098.0,0.0,-3.0848,0.003,0.0,0.0,0.0,-1.0,0.0,0.0,109.0,521.0
7138.0,0.0,-3.0848,-0.005,0.0,0.0,0.0,-1.0,0.0,0.0,109.0,521.0
7179.0,0.0,-3.0848,0.004,0.0,0.0,0.0,-1.0,0.0,0.0,109.0,521.0
7219.0,0.0,-3.0848,0.002,0.0,0.0,0.0,-1.0,0.0,0.0,109.0,534.0
7259.0,0.0,-3.0864,-0.009,0.0,0.0,0.0,-1.0,0.0,0.0,109.0,536.0
7300.0,0.0,-3.0848,-0.005,0.0,0.0,0.0,-1.0,0.0,0.0,109.0,534.0
7340.0,0.0,-3.0848,0.003,0.0,0.0,0.0,-1.0,0.0,0.0,109.0,534.0
7380.0,0.0,-3.0848,-0.003,0.0,0.0,0.0,-1.0,0.0,0.0,109.0,521.0
7420.0,0.0,-3.0848,0.0,0.0,0.0,0.0,-1.0,0.0,0.0,109.0,534.0
7461.0,0.0,-3.0848,-0.002,0.0,0.0,0.0,-1.0,0.0,0.0,109.0,534.0
7501.0,0.0,-3.0848,0.001,0.0,0.0,0.0,-1.0,0.0,0.0,109.0,521.0
7541.0,0.0,-3.0848,0.002,0.0,0.0,0.0,-1.0,0.0,0.0,109.0,534.0
7581.0,0.0,-3.0848,0.001,0.0,0.0,0.0,-1.0,0.0,0.0,109.0,534.0
7621.0,0.0,-3.0848,-0.006,0.0,0.0,0.0,-1.0,0.0,0.0,109.0,536.0
7662.0,0.0,-3.0848,0.001,0.0,0.0,0.0,-1.0,0.0,0.0,109.0,534.0
7702.0,0.0,-3.0864,-0.008,0.0,0.0,0.0,-1.0,0.0,0.0,109.0,536.0
7742.0,0.0,-3.0848,-0.0,0.0,0.0,0.0,-1.0,0.0,0.0,109.0,521.0
7782.0,0.0,-3.0848,-0.002,0.0,0.0,0.0,-1.0,0.0,0.0,109.0,541.0
7823.0,0.0,-3.0848,0.003,0.0,0.0,0.0,-1.0,0.0,0.0,109.0,521.0
7863.0,0.0,-3.0848,0.003,0.0,0.0,0.0,-1.0,0.0,0.0,109.0,534.0
7903.0,0.0,-3.0848,-0.0,0.0,0.0,0.0,-1.0,0.0,0.0,109.0,534.0
7943.0,0.0,-3.0848,0.002,0.0,0.0,0.0,-1.0,0.0,0.0,109.0,534.0
7984.0,0.0,-3.0848,0.001,0.0,0.0,0.0,-1.0,0.0,0.0,109.0,534.0
8024.0,0.0,-3.0848,0.002,0.0,0.0,0.0,-1.0,0.0,0.0,109.0,534.0
8064.0,0.0,-3.0848,-0.003,0.0,0.0,0.0,-1.0,0.0,0.0,109.0,534.0
8105.0,0.0,-3.0848,-0.001,0.0,0.0,0.0,-1.0,0.0,0.0,109.0,534.0
8145.0,0.0,-3.0848,0.001,0.0,0.0,0.0,-1.0,0.0,0.0,109.0,534.0
8185.0,0.0,-3.0848,0.0,0.0,0.0,0.0,-1.0,0.0,0.0,109.0,534.0
8225.0,0.0,-3.0848,0.002,0.0,0.0,0.0,-1.0,0.0,0.0,109.0,534.0
8266.0,0.0,-3.0848,-0.001,0.0,0.0,0.0,-1.0,0.0,0.0,109.0,522.0
8306.0,0.0,-3.0848,-0.005,0.0,0.0,0.0,-1.0,0.0,0.0,109.0,536.0
8346.0,0.0,-3.0848,0.002,0.0,0.0,0.0,-1.0,0.0,0.0,109.0,534.0
8386.0,0.0,-3.0848,-0.002,0.0,0.0,0.0,-1.0,0.0,0.0,109.0,534.0
8427.0,0.0,-3.0848,0.001,0.0,0.0,0.0,-1.0,0.0,0.0,109.0,534.0
8467.0,0.0,-3.0848,0.002,0.0,0.0,0.0,-1.0,0.0,0.0,109.0,534.0
8507.0,0.0,-3.0848,-0.01,0.0,0.0,0.0,-1.0,0.0,0.0,109.0,536.0
8548.0,0.0,-3.0848,0.006,0.0,0.0,0.0,-1.0,0.0,0.0,109.0,534.0
8588.0,0.0,-3.0848,0.001,0.0,0.0,0.0,-1.0,0.0,0.0,109.0,534.0
8628.0,0.0,-3.0848,-0.004,0.0,0.0,0.0,-1.0,0.0,0.0,109.0,534.0
8669.0,0.0,-3.0848,0.003,0.0,0.0,0.0,-1.0,0.0,0.0,109.0,521.0
8709.0,0.0,-3.0848,0.0,0.0,0.0,0.0,-1.0,0.0,0.0,109.0,534.0
8749.0,0.0,-3.0848,0.001,0.0,0.0,0.0,-1.0,0.0,0.0,109.0,521.0
8789.0,0.0,-3.0848,0.002,0.0,0.0,0.0,-1.0,0.0,0.0,109.0,521.0
8830.0,0.0,-3.0848,-0.006,0.0,0.0,0.0,-1.0,0.0,0.0,109.0,521.0
8870.0,0.0,-3.0848,-0.001,0.0,0.0,0.0,-1.0,0.0,0.0,109.0,534.0
8910.0,0.0,-3.0848,-0.006,0.0,0.0,0.0,-1.0,0.0,0.0,109.0,534.0
8950.0,0.0,-3.0848,-0.003,0.0,0.0,0.0,-1.0,0.0,0.0,109.0,541.0
8990.0,0.0,-3.0848,0.0,0.0,0.0,0.0,-1.0,0.0,0.0,109.0,534.0
9030.0,0.0,-3.0848,0.002,0.0,0.0,0.0,-1.0,0.0,0.0,109.0,534.0
9071.0,0.0,-3.0848,0.002,0.0,0.0,0.0,-1.0,0.0,0.0,109.0,534.0
9111.0,0.0,-3.0848,0.001,0.0,0.0,0.0,-1.0,0.0,0.0,109.0,534.0
9151.0,0.0,-3.0848,-0.0,0.0,0.0,0.0,-1.0,0.0,0.0,109.0,534.0
9191.0,0.0,-3.0848,-0.002,0.0,0.0,0.0,-1.0,0.0,0.0,109.0,534.0
9231.0,0.0,-3.0848,0.003,0.0,0.0,0.0,-1.0,0.0,0.0,109.0,534.0
9271.0,0.0,-3.0848,0.001,0.0,0.0,0.0,-1.0,0.0,0.0,109.0,534.0
9312.0,0.0,-3.0848,-0.003,0.0,0.0,0.0,-1.0,0.0,0.0,109.0,521.0
9352.0,0.0,-3.0848,0.003,0.0,0.0,0.0,-1.0,0.0,0.0,109.0,534.0
9392.0,0.0,-3.0848,-0.002,0.0,0.0,0.0,-1.0,0.0,0.0,109.0,534.0
9432.0,0.0,-3.0848,-0.001,0.0,0.0,0.0,-1.0,0.0,0.0,109.0,534.0
9472.0,0.0,-3.0848,0.004,0.0,0.0,0.0,-1.0,0.0,0.0,109.0,534.0
9512.0,0.0,-3.0848,0.001,0.0,0.0,0.0,-1.0,0.0,0.0,109.0,534.0
9553.0,0.0,-3.0848,0.001,0.0,0.0,0.0,-1.0,0.0,0.0,109.0,521.0
9593.0,0.0,-3.0848,0.002,0.0,0.0,0.0,-1.0,0.0,0.0,109.0,534.0
9633.0,0.0,-3.0848,0.001,0.0,0.0,0.0,-1.0,0.0,0.0,109.0,534.0
9674.0,0.0,-3.0848,-0.0,0.0,0.0,0.0,-1.0,0.0,0.0,109.0,521.0
9714.0,0.0,-3.0848,0.003,0.0,0.0,0.0,-1.0,0.0,0.0,109.0,534.0
9754.0,0.0,-3.0848,-0.004,0.0,0.0,0.0,-1.0,0.0,0.0,109.0,534.0
9795.0,0.0,-3.0848,0.001,0.0,0.0,0.0,-1.0,0.0,0.0,109.0,534.0
9835.0,0.0,-3.0848,0.0,0.0,0.0,0.0,-1.0,0.0,0.0,109.0,534.0
9875.0,0.0,-3.0848,0.001,0.0,0.0,0.0,-1.0,0.0,0.0,109.0,521.0
9916.0,0.0,-3.0848,0.001,0.0,0.0,0.0,-1.0,0.0,0.0,109.0,521.0
9956.0,0.0,-3.0848,0.002,0.0,0.0,0.0,-1.0,0.0,0.0,109.0,521.0
9996.0,0.0,-3.0848,0.002,0.0,0.0,0.0,-1.0,0.0,0.0,109.0,534.0
10036.0,0.0,-3.0848,0.002,0.0,0.0,0.0,-1.0,0.0,0.0,109.0,534.0
10077.0,0.0,-3.0848,-0.001,0.0,0.0,0.0,-1.0,0.0,0.0,109.0,534.0
10117.0,0.0,-3.0848,-0.001,0.0,0.0,0.0,-1.0,0.0,0.0,109.0,534.0
10157.0,0.0,-3.0848,0.002,0.0,0.0,0.0,-1.0,0.0,0.0,109.0,534.0
10198.0,0.0,-3.0848,-0.003,0.0,0.0,0.0,-1.0,0.0,0.0,109.0,534.0
10238.0,0.0,-3.0848,-0.005,0.0,0.0,0.0,-1.0,0.0,0.0,109.0,541.0
10278.0,0.0,-3.0848,0.002,0.0,0.0,0.0,-1.0,0.0,0.0,109.0,521.0
10318.0,0.0,-3.0848,0.001,0.0,0.0,0.0,-1.0,0.0,0.0,109.0,521.0
10359.0,0.0,-3.0848,-0.005,0.0,0.0,0.0,-1.0,0.0,0.0,109.0,521.0
10399.0,0.0,-3.0848,-0.0,0.0,0.0,0.0,-1.0,0.0,0.0,109.0,534.0
10439.0,0.0,-3.0848,-0.004,0.0,0.0,0.0,-1.0,0.0,0.0,109.0,534.0
10479.0,0.0,-3.0848,-0.003,0.0,0.0,0.0,-1.0,0.0,0.0,109.0,534.0
10520.0,0.0,-3.0848,0.001,0.0,0.0,0.0,-1.0,0.0,0.0,109.0,534.0
10560.0,0.0,-3.0848,0.002,0.0,0.0,0.0,-1.0,0.0,0.0,109.0,534.0
10600.0,0.0,-3.0848,0.003,0.0,0.0,0.0,-1.0,0.0,0.0,109.0,534.0
10641.0,0.0,-3.0848,0.002,0.0,0.0,0.0,-1.0,0.0,0.0,109.0,534.0
10681.0,0.0,-3.0848,-0.003,0.0,0.0,0.0,-1.0,0.0,0.0,109.0,535.0
10721.0,0.0,-3.0848,0.003,0.0,0.0,0.0,-1.0,0.0,0.0,109.0,521.0
10761.0,0.0,-3.0848,0.001,0.0,0.0,0.0,-1.0,0.0,0.0,109.0,534.0
10801.0,0.0,-3.0848,-0.002,0.0,0.0,0.0,-1.0,0.0,0.0,109.0,521.0
10841.0,0.0,-3.0848,0.004,0.0,0.0,0.0,-1.0,0.0,0.0,109.0,534.0
10881.0,0.0,-3.0848,0.001,0.0,0.0,0.0,-1.0,0.0,0.0,109.0,534.0
10922.0,0.0,-3.0848,0.002,0.0,0.0,0.0,-1.0,0.0,0.0,109.0,521.0
10962.0,0.0,-3.0848,0.001,0.0,0.0,0.0,-1.0,0.0,0.0,109.0,534.0
11002.0,0.0,-3.0848,-0.005,0.0,0.0,0.0,-1.0,0.0,0.0,109.0,541.0
11043.0,0.0,-3.0848,0.0,0.0,0.0,0.0,-1.0,0.0,0.0,109.0,521.0
11083.0,0.0,-3.0848,-0.005,0.0,0.0,0.0,-1.0,0.0,0.0,109.0,534.0
11123.0,0.0,-3.0848,0.002,0.0,0.0,0.0,-1.0,0.0,0.0,109.0,534.0
11163.0,0.0,-3.0848,-0.001,0.0,0.0,0.0,-1.0,0.0,0.0,109.0,534.0
11204.0,0.0,-3.0848,-0.006,0.0,0.0,0.0,-1.0,0.0,0.0,109.0,536.0
11244.0,0.0,-3.0848,-0.002,0.0,0.0,0.0,-1.0,0.0,0.0,109.0,534.0
11284.0,0.0,-3.0848,0.003,0.0,0.0,0.0,-1.0,0.0,0.0,109.0,534.0
11325.0,0.0,-3.0848,0.002,0.0,0.0,0.0,-1.0,0.0,0.0,109.0,534.0
11365.0,0.0,-3.0848,0.001,0.0,0.0,0.0,-1.0,0.0,0.0,109.0,534.0
11405.0,0.0,-3.0848,0.002,0.0,0.0,0.0,-1.0,0.0,0.0,109.0,534.0
11446.0,0.0,-3.0848,0.001,0.0,0.0,0.0,-1.0,0.0,0.0,109.0,534.0
11486.0,0.0,-3.0848,-0.001,0.0,0.0,0.0,-1.0,0.0,0.0,109.0,521.0
11526.0,0.0,-3.0848,0.002,0.0,0.0,0.0,-1.0,0.0,0.0,109.0,521.0
11566.0,0.0,-3.0848,-0.009,0.0,0.0,0.0,-1.0,0.0,0.0,109.0,524.0
11606.0,0.0,-3.0848,0.003,0.0,0.0,0.0,-1.0,0.0,0.0,109.0,534.0
11647.0,0.0,-3.0848,0.001,0.0,0.0,0.0,-1.0,0.0,0.0,109.0,534.0
11687.0,0.0,-3.0848,0.0,0.0,0.0,0.0,-1.0,0.0,0.0,109.0,534.0
11727.0,0.0,-3.0848,0.001,0.0,0.0,0.0,-1.0,0.0,0.0,109.0,534.0
11767.0,0.0,-3.0848,0.001,0.0,0.0,0.0,-1.0,0.0,0.0,109.0,521.0
11807.0,0.0,-3.0848,0.0,0.0,0.0,0.0,-1.0,0.0,0.0,109.0,534.0
11847.0,0.0,-3.0848,-0.001,0.0,0.0,0.0,-1.0,0.0,0.0,109.0,534.0
11888.0,0.0,-3.0848,-0.005,0.0,0.0,0.0,-1.0,0.0,0.0,109.0,534.0
11928.0,0.0,-3.0848,0.001,0.0,0.0,0.0,-1.0,0.0,0.0,109.0,534.0
11968.0,0.0,-3.0848,0.002,0.0,0.0,0.0,-1.0,0.0,0.0,109.0,534.0
12008.0,0.0,-3.0848,0.0,0.0,0.0,0.0,-1.0,0.0,0.0,109.0,534.0
12049.0,0.0,-3.0848,-0.001,0.0,0.0,0.0,-1.0,0.0,0.0,109.0,535.0
12089.0,0.0,-3.0848,-0.002,0.0,0.0,0.0,-1.0,0.0,0.0,109.0,534.0
12129.0,0.0,-3.0848,-0.001,0.0,0.0,0.0,-1.0,0.0,0.0,109.0,534.0
12169.0,0.0,-3.0848,0.002,0.0,0.0,0.0,-1.0,0.0,0.0,109.0,534.0
12210.0,0.0,-3.0848,0.001,0.0,0.0,0.0,-1.0,0.0,0.0,109.0,534.0
12250.0,0.0,-3.0848,-0.004,0.0,0.0,0.0,-1.0,0.0,0.0,109.0,541.0
12290.0,0.0,-3.0848,0.002,0.0,0.0,0.0,-1.0,0.0,0.0,109.0,521.0
12330.0,0.0,-3.0848,0.001,0.0,0.0,0.0,-1.0,0.0,0.0,109.0,534.0
12371.0,0.0,-3.0848,0.001,0.0,0.0,0.0,-1.0,0.0,0.0,109.0,534.0
12411.0,0.0,-3.0864,-0.006,0.0,0.0,0.0,-1.0,0.0,0.0,109.0,536.0
12451.0,0.0,-3.0848,-0.003,0.0,0.0,0.0,-1.0,0.0,0.0,109.0,534.0
12491.0,0.0,-3.0848,0.001,0.0,0.0,0.0,-1.0,0.0,0.0,109.0,521.0
12531.0,0.0,-3.0848,-0.001,0.0,0.0,0.0,-1.0,0.0,0.0,109.0,522.0
12571.0,0.0,-3.0848,-0.002,0.0,0.0,0.0,-1.0,0.0,0.0,109.0,534.0
12612.0,0.0,-3.0848,-0.002,0.0,0.0,0.0,-1.0,0.0,0.0,109.0,528.0
12652.0,0.0,-3.0848,0.004,0.0,0.0,0.0,-1.0,0.0,0.0,109.0,534.0
12692.0,0.0,-3.0848,0.002,0.0,0.0,0.0,-1.0,0.0,0.0,109.0,534.0
12732.0,0.0,-3.0848,-0.002,0.0,0.0,0.0,-1.0,0.0,0.0,109.0,535.0
12773.0,0.0,-3.0848,0.001,0.0,0.0,0.0,-1.0,0.0,0.0,109.0,534.0
12813.0,0.0,-3.0848,0.003,0.0,0.0,0.0,-1.0,0.0,0.0,109.0,534.0
12853.0,0.0,-3.0848,0.001,0.0,0.0,0.0,-1.0,0.0,0.0,109.0,534.0
12894.0,0.0,-3.0848,0.001,0.0,0.0,0.0,-1.0,0.0,0.0,109.0,521.0
12934.0,0.0,-3.0848,-0.001,0.0,0.0,0.0,-1.0,0.0,0.0,109.0,534.0
12974.0,0.0,-3.0848,0.0,0.0,0.0,0.0,-1.0,0.0,0.0,109.0,521.0
13014.0,0.0,-3.0848,0.001,0.0,0.0,0.0,-1.0,0.0,0.0,109.0,534.0
13054.0,0.0,-3.0848,-0.006,0.0,0.0,0.0,-1.0,0.0,0.0,109.0,534.0
13095.0,0.0,-3.0848,0.002,0.0,0.0,0.0,-1.0,0.0,0.0,109.0,534.0
13135.0,0.0,-3.0848,0.003,0.0,0.0,0.0,-1.0,0.0,0.0,109.0,534.0
13175.0,0.0,-3.0848,0.002,0.0,0.0,0.0,-1.0,0.0,0.0,109.0,521.0
13215.0,0.0,-3.0848,-0.004,0.0,0.0,0.0,-1.0,0.0,0.0,109.0,534.0
13256.0,0.0,-3.0848,0.002,0.0,0.0,0.0,-1.0,0.0,0.0,109.0,521.0
13296.0,0.0,-3.0848,0.0,0.0,0.0,0.0,-1.0,0.0,0.0,109.0,534.0
13336.0,0.0,-3.0848,0.002,0.0,0.0,0.0,-1.0,0.0,0.0,109.0,534.0
13376.0,0.0,-3.0848,0.002,0.0,0.0,0.0,-1.0,0.0,0.0,109.0,534.0
13417.0,0.0,-3.0848,0.001,0.0,0.0,0.0,-1.0,0.0,0.0,109.0,534.0
13457.0,0.0,-3.0848,-0.003,0.0,0.0,0.0,-1.0,0.0,0.0,109.0,535.0
13497.0,0.0,-3.0848,-0.001,0.0,0.0,0.0,-1.0,0.0,0.0,109.0,534.0
13538.0,0.0,-3.0848,-0.001,0.0,0.0,0.0,-1.0,0.0,0.0,109.0,534.0
13578.0,0.0,-3.0848,0.002,0.0,0.0,0.0,-1.0,0.0,0.0,109.0,521.0
13618.0,0.0,-3.0848,0.002,0.0,0.0,0.0,-1.0,0.0,0.0,109.0,534.0
13658.0,0.0,-3.0848,-0.007,0.0,0.0,0.0,-1.0,0.0,0.0,109.0,536.0
13698.0,0.0,-3.0864,-0.003,0.0,0.0,0.0,-1.0,0.0,0.0,109.0,524.0
13739.0,0.0,-3.0848,0.003,0.0,0.0,0.0,-1.0,0.0,0.0,109.0,521.0
13779.0,0.0,-3.0848,0.002,0.0,0.0,0.0,-1.0,0.0,0.0,109.0,534.0
13819.0,0.0,-3.0848,0.001,0.0,0.0,0.0,-1.0,0.0,0.0,109.0,521.0
13860.0,0.0,-3.0848,-0.001,0.0,0.0,0.0,-1.0,0.0,0.0,109.0,521.0
13900.0,0.0,-3.0864,-0.005,0.0,0.0,0.0,-1.0,0.0,0.0,109.0,536.0
13940.0,0.0,-3.0848,-0.001,0.0,0.0,0.0,-1.0,0.0,0.0,109.0,534.0
13981.0,0.0,-3.0864,-0.004,0.0,0.0,0.0,-1.0,0.0,0.0,109.0,523.0
14021.0,0.0,-3.0848,0.002,0.0,0.0,0.0,-1.0,0.0,0.0,109.0,521.0
14061.0,0.0,-3.0848,-0.002,0.0,0.0,0.0,-1.0,0.0,0.0,109.0,521.0
14101.0,0.0,-3.0848,0.003,0.0,0.0,0.0,-1.0,0.0,0.0,109.0,534.0
14142.0,0.0,-3.0848,-0.001,0.0,0.0,0.0,-1.0,0.0,0.0,109.0,534.0
14182.0,0.0,-3.0848,0.002,0.0,0.0,0.0,-1.0,0.0,0.0,109.0,521.0
14222.0,0.0,-3.0848,0.001,0.0,0.0,0.0,-1.0,0.0,0.0,109.0,521.0
14263.0,0.0,-3.0848,-0.001,0.0,0.0,0.0,-1.0,0.0,0.0,109.0,521.0
14303.0,0.0,-3.0848,0.002,0.0,0.0,0.0,-1.0,0.0,0.0,109.0,534.0
14343.0,0.0,-3.0848,0.003,0.0,0.0,0.0,-1.0,0.0,0.0,109.0,521.0
14383.0,0.0,-3.0848,-0.002,0.0,0.0,0.0,-1.0,0.0,0.0,109.0,534.0
14423.0,0.0,-3.0848,0.003,0.0,0.0,0.0,-1.0,0.0,0.0,109.0,534.0
14464.0,0.0,-3.0848,0.001,0.0,0.0,0.0,-1.0,0.0,0.0,109.0,521.0
14504.0,0.0,-3.0848,0.002,0.0,0.0,0.0,-1.0,0.0,0.0,109.0,534.0
14544.0,0.0,-3.0848,-0.002,0.0,0.0,0.0,-1.0,0.0,0.0,109.0,521.0
14584.0,0.0,-3.0848,-0.004,0.0,0.0,0.0,-1.0,0.0,0.0,109.0,542.0
14624.0,0.0,-3.0848,0.004,0.0,0.0,0.0,-1.0,0.0,0.0,109.0,534.0
14665.0,0.0,-3.0848,-0.001,0.0,0.0,0.0,-1.0,0.0,0.0,109.0,534.0
14705.0,0.0,-3.0848,-0.002,0.0,0.0,0.0,-1.0,0.0,0.0,109.0,534.0
14745.0,0.0,-3.0848,-0.003,0.0,0.0,0.0,-1.0,0.0,0.0,109.0,534.0
14786.0,0.0,-3.0848,0.003,0.0,0.0,0.0,-1.0,0.0,0.0,109.0,534.0
14826.0,0.0,-3.0848,0.002,0.0,0.0,0.0,-1.0,0.0,0.0,109.0,534.0
14866.0,0.0,-3.0864,-0.008,0.0,0.0,0.0,-1.0,0.0,0.0,109.0,536.0
14907.0,0.0,-3.0848,0.001,0.0,0.0,0.0,-1.0,0.0,0.0,109.0,534.0
14947.0,0.0,-3.0848,0.0,0.0,0.0,0.0,-1.0,0.0,0.0,109.0,534.0
14987.0,0.0,-3.0848,-0.004,0.0,0.0,0.0,-1.0,0.0,0.0,109.0,534.0
15027.0,0.0,-3.0864,-0.003,0.0,0.0,0.0,-1.0,0.0,0.0,109.0,536.0
15068.0,0.0,-3.0848,0.004,0.0,0.0,0.0,-1.0,0.0,0.0,109.0,534.0
15108.0,0.0,-3.0848,0.001,0.0,0.0,0.0,-1.0,0.0,0.0,109.0,521.0
15148.0,0.0,-3.0848,-0.004,0.0,0.0,0.0,-1.0,0.0,0.0,109.0,534.0
15188.0,0.0,-3.0848,0.002,0.0,0.0,0.0,-1.0,0.0,0.0,109.0,534.0
15229.0,0.0,-3.0848,0.001,0.0,0.0,0.0,-1.0,0.0,0.0,109.0,521.0
15269.0,0.0,-3.0864,-0.006,0.0,0.0,0.0,-1.0,0.0,0.0,109.0,536.0
15309.0,0.0,-3.0848,-0.008,0.0,0.0,0.0,-1.0,0.0,0.0,109.0,523.0
15349.0,0.0,-3.0848,0.004,0.0,0.0,0.0,-1.0,0.0,0.0,109.0,534.0
15389.0,0.0,-3.0848,0.003,0.0,0.0,0.0,-1.0,0.0,0.0,109.0,521.0
15429.0,0.0,-3.0864,-0.007,0.0,0.0,0.0,-1.0,0.0,0.0,109.0,536.0
15470.0,0.0,-3.0848,-0.003,0.0,0.0,0.0,-1.0,0.0,0.0,109.0,523.0
15510.0,0.0,-3.0848,-0.003,0.0,0.0,0.0,-1.0,0.0,0.0,109.0,521.0
15550.0,0.0,-3.0848,0.005,0.0,0.0,0.0,-1.0,0.0,0.0,109.0,535.0
15590.0,0.0,-3.0848,0.003,0.0,0.0,0.0,-1.0,0.0,0.0,109.0,521.0
15630.0,0.0,-3.0848,0.001,0.0,0.0,0.0,-1.0,0.0,0.0,109.0,534.0
15671.0,0.0,-3.0848,-0.0,0.0,0.0,0.0,-1.0,0.0,0.0,109.0,521.0
15711.0,0.0,-3.0848,0.004,0.0,0.0,0.0,-1.0,0.0,0.0,109.0,534.0
15751.0,0.0,-3.0848,-0.0,0.0,0.0,0.0,-1.0,0.0,0.0,109.0,535.0
15791.0,0.0,-3.0848,0.001,0.0,0.0,0.0,-1.0,0.0,0.0,109.0,521.0
15831.0,0.0,-3.0848,-0.0,0.0,0.0,0.0,-1.0,0.0,0.0,109.0,535.0
15871.0,0.0,-3.0848,0.002,0.0,0.0,0.0,-1.0,0.0,0.0,109.0,534.0
15912.0,0.0,-3.0848,-0.003,0.0,0.0,0.0,-1.0,0.0,0.0,109.0,529.0
15952.0,0.0,-3.0848,0.003,0.0,0.0,0.0,-1.0,0.0,0.0,109.0,534.0
15992.0,0.0,-3.0848,0.001,0.0,0.0,0.0,-1.0,0.0,0.0,109.0,534.0
16033.0,0.0,-3.0848,0.002,0.0,0.0,0.0,-1.0,0.0,0.0,109.0,534.0
16073.0,0.0,-3.0848,0.001,0.0,0.0,0.0,-1.0,0.0,0.0,109.0,534.0
16113.0,0.0,-3.0848,0.002,0.0,0.0,0.0,-1.0,0.0,0.0,109.0,521.0
16153.0,0.0,-3.0848,-0.003,0.0,0.0,0.0,-1.0,0.0,0.0,109.0,534.0
16194.0,0.0,-3.0848,0.001,0.0,0.0,0.0,-1.0,0.0,0.0,109.0,534.0
16234.0,0.0,-3.0848,-0.004,0.0,0.0,0.0,-1.0,0.0,0.0,109.0,541.0
16274.0,0.0,-3.0864,-0.004,0.0,0.0,0.0,-1.0,0.0,0.0,109.0,523.0
16314.0,0.0,-3.0848,0.002,0.0,0.0,0.0,-1.0,0.0,0.0,109.0,521.0
16354.0,0.0,-3.0848,0.001,0.0,0.0,0.0,-1.0,0.0,0.0,109.0,534.0
16395.0,0.0,-3.0848,0.001,0.0,0.0,0.0,-1.0,0.0,0.0,109.0,534.0
16435.0,0.0,-3.0848,0.001,0.0,0.0,0.0,-1.0,0.0,0.0,109.0,534.0
16475.0,0.0,-3.0848,0.002,0.0,0.0,0.0,-1.0,0.0,0.0,109.0,534.0
16516.0,0.0,-3.0848,0.003,0.0,0.0,0.0,-1.0,0.0,0.0,109.0,521.0
16556.0,0.0,-3.0848,-0.001,0.0,0.0,0.0,-1.0,0.0,0.0,109.0,534.0
16596.0,0.0,-3.0848,-0.002,0.0,0.0,0.0,-1.0,0.0,0.0,109.0,541.0
16636.0,0.0,-3.0848,0.002,0.0,0.0,0.0,-1.0,0.0,0.0,109.0,521.0
16676.0,0.0,-3.0848,0.002,0.0,0.0,0.0,-1.0,0.0,0.0,109.0,535.0
16716.0,0.0,-3.0848,0.002,0.0,0.0,0.0,-1.0,0.0,0.0,109.0,534.0
16757.0,0.0,-3.0848,0.001,0.0,0.0,0.0,-1.0,0.0,0.0,109.0,521.0
16797.0,0.0,-3.0848,0.003,0.0,0.0,0.0,-1.0,0.0,0.0,109.0,522.0
16837.0,0.0,-3.0848,0.003,0.0,0.0,0.0,-1.0,0.0,0.0,109.0,534.0
16877.0,0.0,-3.0848,0.003,0.0,0.0,0.0,-1.0,0.0,0.0,109.0,534.0
16917.0,0.0,-3.0848,-0.003,0.0,0.0,0.0,-1.0,0.0,0.0,109.0,534.0
16958.0,0.0,-3.0848,0.004,0.0,0.0,0.0,-1.0,0.0,0.0,109.0,521.0
16998.0,0.0,-3.0848,0.002,0.0,0.0,0.0,-1.0,0.0,0.0,109.0,534.0
17038.0,0.0,-3.0864,-0.006,0.0,0.0,0.0,-1.0,0.0,0.0,109.0,536.0
17079.0,0.0,-3.0848,0.001,0.0,0.0,0.0,-1.0,0.0,0.0,109.0,534.0
17119.0,0.0,-3.0848,0.0,0.0,0.0,0.0,-1.0,0.0,0.0,109.0,521.0
17159.0,0.0,-3.0848,-0.002,0.0,0.0,0.0,-1.0,0.0,0.0,109.0,521.0
17199.0,0.0,-3.0848,0.001,0.0,0.0,0.0,-1.0,0.0,0.0,109.0,534.0
17240.0,0.0,-3.0848,-0.005,0.0,0.0,0.0,-1.0,0.0,0.0,109.0,528.0
17280.0,0.0,-3.0848,0.003,0.0,0.0,0.0,-1.0,0.0,0.0,109.0,535.0
17320.0,0.0,-3.0848,-0.0,0.0,0.0,0.0,-1.0,0.0,0.0,109.0,521.0
17360.0,0.0,-3.0848,0.002,0.0,0.0,0.0,-1.0,0.0,0.0,109.0,534.0
17400.0,0.0,-3.0848,-0.001,0.0,0.0,0.0,-1.0,0.0,0.0,109.0,534.0
17441.0,0.0,-3.0848,-0.003,0.0,0.0,0.0,-1.0,0.0,0.0,109.0,534.0
17481.0,0.0,-3.0848,0.002,0.0,0.0,0.0,-1.0,0.0,0.0,109.0,534.0
17521.0,0.0,-3.0848,-0.0,0.0,0.0,0.0,-1.0,0.0,0.0,109.0,534.0
17561.0,0.0,-3.0848,-0.003,0.0,0.0,0.0,-1.0,0.0,0.0,109.0,534.0
17601.0,0.0,-3.0848,0.002,0.0,0.0,0.0,-1.0,0.0,0.0,109.0,534.0
17641.0,0.0,-3.0848,-0.003,0.0,0.0,0.0,-1.0,0.0,0.0,109.0,534.0
17681.0,0.0,-3.0848,-0.004,0.0,0.0,0.0,-1.0,0.0,0.0,109.0,522.0
17722.0,0.0,-3.0848,0.001,0.0,0.0,0.0,-1.0,0.0,0.0,109.0,521.0
17762.0,0.0,-3.0848,0.001,0.0,0.0,0.0,-1.0,0.0,0.0,109.0,534.0
17802.0,0.0,-3.0848,0.002,0.0,0.0,0.0,-1.0,0.0,0.0,109.0,521.0
17842.0,0.0,-3.0848,0.001,0.0,0.0,0.0,-1.0,0.0,0.0,109.0,521.0
17882.0,0.0,-3.0848,-0.004,0.0,0.0,0.0,-1.0,0.0,0.0,109.0,529.0
17923.0,0.0,-3.0848,0.002,0.0,0.0,0.0,-1.0,0.0,0.0,109.0,521.0
17963.0,0.0,-3.0848,0.001,0.0,0.0,0.0,-1.0,0.0,0.0,109.0,534.0
18003.0,0.0,-3.0848,0.003,0.0,0.0,0.0,-1.0,0.0,0.0,109.0,534.0
18043.0,0.0,-3.0848,-0.002,0.0,0.0,0.0,-1.0,0.0,0.0,109.0,534.0
18084.0,0.0,-3.0848,0.001,0.0,0.0,0.0,-1.0,0.0,0.0,109.0,534.0
18124.0,0.0,-3.0848,0.001,0.0,0.0,0.0,-1.0,0.0,0.0,109.0,534.0
18164.0,0.0,-3.0848,0.001,0.0,0.0,0.0,-1.0,0.0,0.0,109.0,534.0
18204.0,0.0,-3.0848,-0.0,0.0,0.0,0.0,-1.0,0.0,0.0,109.0,534.0
18245.0,0.0,-3.0848,0.001,0.0,0.0,0.0,-1.0,0.0,0.0,109.0,521.0
18285.0,0.0,-3.0848,-0.0,0.0,0.0,0.0,-1.0,0.0,0.0,109.0,534.0
18325.0,0.0,-3.0848,0.004,0.0,0.0,0.0,-1.0,0.0,0.0,109.0,521.0
18365.0,0.0,-3.0848,0.002,0.0,0.0,0.0,-1.0,0.0,0.0,109.0,534.0
18406.0,0.0,-3.0848,0.003,0.0,0.0,0.0,-1.0,0.0,0.0,109.0,521.0
18446.0,0.0,-3.0848,0.001,0.0,0.0,0.0,-1.0,0.0,0.0,109.0,534.0
18486.0,0.0,-3.0848,0.004,0.0,0.0,0.0,-1.0,0.0,0.0,109.0,521.0
18526.0,0.0,-3.0848,0.001,0.0,0.0,0.0,-1.0,0.0,0.0,109.0,521.0
18566.0,0.0,-3.0848,0.001,0.0,0.0,0.0,-1.0,0.0,0.0,109.0,535.0
18607.0,0.0,-3.0848,0.002,0.0,0.0,0.0,-1.0,0.0,0.0,109.0,534.0
18647.0,0.0,-3.0848,0.001,0.0,0.0,0.0,-1.0,0.0,0.0,109.0,521.0
18687.0,0.0,-3.0848,0.003,0.0,0.0,0.0,-1.0,0.0,0.0,109.0,534.0
18727.0,0.0,-3.0848,0.0,0.0,0.0,0.0,-1.0,0.0,0.0,109.0,534.0
18767.0,0.0,-3.0848,-0.003,0.0,0.0,0.0,-1.0,0.0,0.0,109.0,541.0
18808.0,0.0,-3.0848,0.002,0.0,0.0,0.0,-1.0,0.0,0.0,109.0,534.0
18848.0,0.0,-3.0864,-0.004,0.0,0.0,0.0,-1.0,0.0,0.0,109.0,537.0
18888.0,0.0,-3.0848,0.001,0.0,0.0,0.0,-1.0,0.0,0.0,109.0,521.0
18928.0,0.0,-3.0848,0.002,0.0,0.0,0.0,-1.0,0.0,0.0,109.0,534.0
18969.0,0.0,-3.0848,0.001,0.0,0.0,0.0,-1.0,0.0,0.0,109.0,534.0
19009.0,0.0,-3.0864,-0.008,0.0,0.0,0.0,-1.0,0.0,0.0,109.0,536.0
19049.0,0.0,-3.0848,0.0,0.0,0.0,0.0,-1.0,0.0,0.0,109.0,534.0
19090.0,0.0,-3.0848,-0.007,0.0,0.0,0.0,-1.0,0.0,0.0,109.0,523.0
19130.0,0.0,-3.0848,0.004,0.0,0.0,0.0,-1.0,0.0,0.0,109.0,534.0
19170.0,0.0,-3.0848,-0.001,0.0,0.0,0.0,-1.0,0.0,0.0,109.0,534.0
19211.0,0.0,-3.0848,0.001,0.0,0.0,0.0,-1.0,0.0,0.0,109.0,521.0
19251.0,0.0,-3.0848,0.002,0.0,0.0,0.0,-1.0,0.0,0.0,109.0,535.0
19291.0,0.0,-3.0848,0.002,0.0,0.0,0.0,-1.0,0.0,0.0,109.0,521.0
19331.0,0.0,-3.0848,-0.002,0.0,0.0,0.0,-1.0,0.0,0.0,109.0,534.0
19372.0,0.0,-3.0848,0.002,0.0,0.0,0.0,-1.0,0.0,0.0,109.0,534.0
19412.0,0.0,-3.0864,-0.003,0.0,0.0,0.0,-1.0,0.0,0.0,109.0,536.0
19452.0,0.0,-3.0848,0.003,0.0,0.0,0.0,-1.0,0.0,0.0,109.0,534.0
19493.0,0.0,-3.0848,0.001,0.0,0.0,0.0,-1.0,0.0,0.0,109.0,534.0
19533.0,0.0,-3.0848,-0.01,0.0,0.0,0.0,-1.0,0.0,0.0,109.0,536.0
19573.0,0.0,-3.0848,0.002,0.0,0.0,0.0,-1.0,0.0,0.0,109.0,534.0
19614.0,0.0,-3.0848,0.005,0.0,0.0,0.0,-1.0,0.0,0.0,109.0,534.0
19654.0,0.0,-3.0848,-0.007,0.0,0.0,0.0,-1.0,0.0,0.0,109.0,521.0
19694.0,0.0,-3.0848,0.003,0.0,0.0,0.0,-1.0,0.0,0.0,109.0,521.0
19734.0,0.0,-3.0848,-0.001,0.0,0.0,0.0,-1.0,0.0,0.0,109.0,534.0
19775.0,0.0,-3.0848,0.002,0.0,0.0,0.0,-1.0,0.0,0.0,109.0,534.0
19815.0,0.0,-3.0864,-0.007,0.0,0.0,0.0,-1.0,0.0,0.0,109.0,537.0
19855.0,0.0,-3.0848,0.0,0.0,0.0,0.0,-1.0,0.0,0.0,109.0,521.0
19895.0,0.0,-3.0848,0.002,0.0,0.0,0.0,-1.0,0.0,0.0,109.0,535.0
19935.0,0.0,-3.0848,-0.003,0.0,0.0,0.0,-1.0,0.0,0.0,109.0,521.0
19976.0,0.0,-3.0848,0.003,0.0,0.0,0.0,-1.0,0.0,0.0,109.0,521.0
20016.0,0.0,-3.0848,-0.006,0.0,0.0,0.0,-1.0,0.0,0.0,109.0,534.0
20056.0,0.0,-3.0864,-0.005,0.0,0.0,0.0,-1.0,0.0,0.0,109.0,536.0
20096.0,0.0,-3.0848,0.002,0.0,0.0,0.0,-1.0,0.0,0.0,109.0,534.0
20137.0,0.0,-3.0848,0.001,0.0,0.0,0.0,-1.0,0.0,0.0,109.0,521.0
20177.0,0.0,-3.0848,0.002,0.0,0.0,0.0,-1.0,0.0,0.0,109.0,534.0
20217.0,0.0,-3.0848,0.002,0.0,0.0,0.0,-1.0,0.0,0.0,109.0,521.0
20257.0,0.0,-3.0848,0.001,0.0,0.0,0.0,-1.0,0.0,0.0,109.0,534.0
20297.0,0.0,-3.0848,-0.006,0.0,0.0,0.0,-1.0,0.0,0.0,109.0,536.0
20338.0,0.0,-3.0848,0.003,0.0,0.0,0.0,-1.0,0.0,0.0,109.0,534.0
20378.0,0.0,-3.0848,-0.0,0.0,0.0,0.0,-1.0,0.0,0.0,109.0,534.0
20418.0,0.0,-3.0848,0.003,0.0,0.0,0.0,-1.0,0.0,0.0,109.0,534.0
20458.0,0.0,-3.0848,0.001,0.0,0.0,0.0,-1.0,0.0,0.0,109.0,521.0
20499.0,0.0,-3.0848,0.001,0.0,0.0,0.0,-1.0,0.0,0.0,109.0,521.0
20539.0,0.0,-3.0848,0.003,0.0,0.0,0.0,-1.0,0.0,0.0,109.0,534.0
20579.0,0.0,-3.0864,-0.005,0.0,0.0,0.0,-1.0,0.0,0.0,109.0,536.0
20619.0,0.0,-3.0848,0.005,0.0,0.0,0.0,-1.0,0.0,0.0,109.0,521.0
20659.0,0.0,-3.0848,0.003,0.0,0.0,0.0,-1.0,0.0,0.0,109.0,534.0
20699.0,0.0,-3.0848,0.004,0.0,0.0,0.0,-1.0,0.0,0.0,109.0,534.0
20740.0,0.0,-3.0848,0.001,0.0,0.0,0.0,-1.0,0.0,0.0,109.0,534.0
20780.0,0.0,-3.0848,-0.003,0.0,0.0,0.0,-1.0,0.0,0.0,109.0,534.0
20820.0,0.0,-3.0848,0.002,0.0,0.0,0.0,-1.0,0.0,0.0,109.0,534.0
20860.0,0.0,-3.0848,0.001,0.0,0.0,0.0,-1.0,0.0,0.0,109.0,534.0
20900.0,0.0,-3.0848,0.0,0.0,0.0,0.0,-1.0,0.0,0.0,109.0,534.0
20940.0,0.0,-3.0848,-0.003,0.0,0.0,0.0,-1.0,0.0,0.0,109.0,534.0
20980.0,0.0,-3.0848,0.004,0.0,0.0,0.0,-1.0,0.0,0.0,109.0,521.0
21020.0,0.0,-3.0848,-0.001,0.0,0.0,0.0,-1.0,0.0,0.0,109.0,534.0
21061.0,0.0,-3.0848,0.001,0.0,0.0,0.0,-1.0,0.0,0.0,109.0,534.0
21101.0,0.0,-3.0864,-0.01,0.0,0.0,0.0,-1.0,0.0,0.0,109.0,534.0
21141.0,0.0,-3.0848,0.002,0.0,0.0,0.0,-1.0,0.0,0.0,109.0,521.0
21181.0,0.0,-3.0848,0.0,0.0,0.0,0.0,-1.0,0.0,0.0,109.0,521.0
21221.0,0.0,-3.0848,-0.003,0.0,0.0,0.0,-1.0,0.0,0.0,109.0,534.0
21261.0,0.0,-3.0848,0.001,0.0,0.0,0.0,-1.0,0.0,0.0,109.0,534.0
21302.0,0.0,-3.0848,-0.002,0.0,0.0,0.0,-1.0,0.0,0.0,109.0,521.0
21342.0,0.0,-3.0848,-0.002,0.0,0.0,0.0,-1.0,0.0,0.0,109.0,534.0
21382.0,0.0,-3.0848,-0.002,0.0,0.0,0.0,-1.0,0.0,0.0,109.0,534.0
21422.0,0.0,-3.0848,0.003,0.0,0.0,0.0,-1.0,0.0,0.0,109.0,534.0
21462.0,0.0,-3.0848,0.0,0.0,0.0,0.0,-1.0,0.0,0.0,109.0,534.0
21502.0,0.0,-3.0864,-0.004,0.0,0.0,0.0,-1.0,0.0,0.0,109.0,536.0
21543.0,0.0,-3.0848,-0.0,0.0,0.0,0.0,-1.0,0.0,0.0,109.0,534.0
21583.0,0.0,-3.0848,0.001,0.0,0.0,0.0,-1.0,0.0,0.0,109.0,534.0
21623.0,0.0,-3.0848,0.001,0.0,0.0,0.0,-1.0,0.0,0.0,109.0,521.0
21664.0,0.0,-3.0848,0.002,0.0,0.0,0.0,-1.0,0.0,0.0,109.0,521.0
21704.0,0.0,-3.0848,0.002,0.0,0.0,0.0,-1.0,0.0,0.0,109.0,534.0
21744.0,0.0,-3.0848,0.0,0.0,0.0,0.0,-1.0,0.0,0.0,109.0,534.0
21784.0,0.0,-3.0848,0.002,0.0,0.0,0.0,-1.0,0.0,0.0,109.0,534.0
21824.0,0.0,-3.0848,0.002,0.0,0.0,0.0,-1.0,0.0,0.0,109.0,521.0
21865.0,0.0,-3.0848,0.003,0.0,0.0,0.0,-1.0,0.0,0.0,109.0,521.0
21905.0,0.0,-3.0848,0.001,0.0,0.0,0.0,-1.0,0.0,0.0,109.0,534.0
21945.0,0.0,-3.0848,-0.0,0.0,0.0,0.0,-1.0,0.0,0.0,109.0,521.0
21985.0,0.0,-3.0848,0.002,0.0,0.0,0.0,-1.0,0.0,0.0,109.0,534.0
22025.0,0.0,-3.0848,-0.002,0.0,0.0,0.0,-1.0,0.0,0.0,109.0,521.0
22065.0,0.0,-3.0848,-0.001,0.0,0.0,0.0,-1.0,0.0,0.0,109.0,534.0
22106.0,0.0,-3.0848,0.003,0.0,0.0,0.0,-1.0,0.0,0.0,109.0,521.0
22146.0,0.0,-3.0864,-0.003,0.0,0.0,0.0,-1.0,0.0,0.0,109.0,536.0
22186.0,0.0,-3.0848,0.005,0.0,0.0,0.0,-1.0,0.0,0.0,109.0,521.0
22226.0,0.0,-3.0848,0.002,0.0,0.0,0.0,-1.0,0.0,0.0,109.0,534.0
22266.0,0.0,-3.0848,0.002,0.0,0.0,0.0,-1.0,0.0,0.0,109.0,522.0
22307.0,0.0,-3.0848,-0.003,0.0,0.0,0.0,-1.0,0.0,0.0,109.0,521.0
22347.0,0.0,-3.0848,0.002,0.0,0.0,0.0,-1.0,0.0,0.0,109.0,534.0
22387.0,0.0,-3.0848,-0.004,0.0,0.0,0.0,-1.0,0.0,0.0,109.0,528.0
22427.0,0.0,-3.0848,0.002,0.0,0.0,0.0,-1.0,0.0,0.0,109.0,534.0
22468.0,0.0,-3.0848,-0.002,0.0,0.0,0.0,-1.0,0.0,0.0,109.0,534.0
22508.0,0.0,-3.0848,0.002,0.0,0.0,0.0,-1.0,0.0,0.0,109.0,521.0
22548.0,0.0,-3.0848,0.0,0.0,0.0,0.0,-1.0,0.0,0.0,109.0,534.0
22588.0,0.0,-3.0848,0.002,0.0,0.0,0.0,-1.0,0.0,0.0,109.0,521.0
22629.0,0.0,-3.0848,0.001,0.0,0.0,0.0,-1.0,0.0,0.0,109.0,521.0
22669.0,0.0,-3.0848,0.004,0.0,0.0,0.0,-1.0,0.0,0.0,109.0,534.0
22709.0,0.0,-3.0848,-0.001,0.0,0.0,0.0,-1.0,0.0,0.0,109.0,534.0
22749.0,0.0,-3.0864,-0.007,0.0,0.0,0.0,-1.0,0.0,0.0,109.0,523.0
22789.0,0.0,-3.0848,0.003,0.0,0.0,0.0,-1.0,0.0,0.0,109.0,521.0
22829.0,0.0,-3.0848,0.001,0.0,0.0,0.0,-1.0,0.0,0.0,109.0,521.0
22870.0,0.0,-3.0848,0.002,0.0,0.0,0.0,-1.0,0.0,0.0,109.0,521.0
22910.0,0.0,-3.0848,0.0,0.0,0.0,0.0,-1.0,0.0,0.0,109.0,534.0
22950.0,0.0,-3.0848,-0.001,0.0,0.0,0.0,-1.0,0.0,0.0,109.0,534.0
22990.0,0.0,-3.0848,0.001,0.0,0.0,0.0,-1.0,0.0,0.0,109.0,534.0
23031.0,0.0,-3.0848,-0.002,0.0,0.0,0.0,-1.0,0.0,0.0,109.0,521.0
23071.0,0.0,-3.0848,0.001,0.0,0.0,0.0,-1.0,0.0,0.0,109.0,534.0
23111.0,0.0,-3.0848,0.0,0.0,0.0,0.0,-1.0,0.0,0.0,109.0,534.0
23151.0,0.0,-3.0848,0.001,0.0,0.0,0.0,-1.0,0.0,0.0,109.0,521.0
23191.0,0.0,-3.0848,0.001,0.0,0.0,0.0,-1.0,0.0,0.0,109.0,534.0
23232.0,0.0,-3.0848,0.001,0.0,0.0,0.0,-1.0,0.0,0.0,109.0,534.0
23272.0,0.0,-3.0848,-0.003,0.0,0.0,0.0,-1.0,0.0,0.0,109.0,534.0
23312.0,0.0,-3.0848,0.001,0.0,0.0,0.0,-1.0,0.0,0.0,109.0,534.0
23352.0,0.0,-3.0864,-0.005,0.0,0.0,0.0,-1.0,0.0,0.0,109.0,536.0
23393.0,0.0,-3.0848,0.003,0.0,0.0,0.0,-1.0,0.0,0.0,109.0,521.0
23433.0,0.0,-3.0848,-0.003,0.0,0.0,0.0,-1.0,0.0,0.0,109.0,541.0
23473.0,0.0,-3.0848,0.001,0.0,0.0,0.0,-1.0,0.0,0.0,109.0,521.0
23513.0,0.0,-3.0848,-0.001,0.0,0.0,0.0,-1.0,0.0,0.0,109.0,534.0
23553.0,0.0,-3.0848,0.001,0.0,0.0,0.0,-1.0,0.0,0.0,109.0,534.0
23594.0,0.0,-3.0848,0.001,0.0,0.0,0.0,-1.0,0.0,0.0,109.0,521.0
23634.0,0.0,-3.0848,0.002,0.0,0.0,0.0,-1.0,0.0,0.0,109.0,534.0
23674.0,0.0,-3.0848,0.0,0.0,0.0,0.0,-1.0,0.0,0.0,109.0,534.0
23714.0,0.0,-3.0848,-0.005,0.0,0.0,0.0,-1.0,0.0,0.0,109.0,534.0
23754.0,0.0,-3.0848,-0.001,0.0,0.0,0.0,-1.0,0.0,0.0,109.0,534.0
23794.0,0.0,-3.0848,0.003,0.0,0.0,0.0,-1.0,0.0,0.0,109.0,521.0
23835.0,0.0,-3.0848,0.001,0.0,0.0,0.0,-1.0,0.0,0.0,109.0,521.0
23875.0,0.0,-3.0848,0.001,0.0,0.0,0.0,-1.0,0.0,0.0,109.0,534.0
23915.0,0.0,-3.0848,-0.005,0.0,0.0,0.0,-1.0,0.0,0.0,109.0,534.0
23955.0,0.0,-3.0864,-0.002,0.0,0.0,0.0,-1.0,0.0,0.0,109.0,523.0
23996.0,0.0,-3.0848,0.003,0.0,0.0,0.0,-1.0,0.0,0.0,109.0,534.0
24036.0,0.0,-3.0848,0.003,0.0,0.0,0.0,-1.0,0.0,0.0,109.0,521.0
24076.0,0.0,-3.0848,0.001,0.0,0.0,0.0,-1.0,0.0,0.0,109.0,521.0
24116.0,0.0,-3.0848,0.002,0.0,0.0,0.0,-1.0,0.0,0.0,109.0,534.0
24157.0,0.0,-3.0848,-0.0,0.0,0.0,0.0,-1.0,0.0,0.0,109.0,534.0
24197.0,0.0,-3.0848,0.001,0.0,0.0,0.0,-1.0,0.0,0.0,109.0,534.0
24237.0,0.0,-3.0848,0.002,0.0,0.0,0.0,-1.0,0.0,0.0,109.0,534.0
24277.0,0.0,-3.0848,0.001,0.0,0.0,0.0,-1.0,0.0,0.0,109.0,534.0
24318.0,0.0,-3.0848,-0.003,0.0,0.0,0.0,-1.0,0.0,0.0,109.0,534.0
24358.0,0.0,-3.0848,0.001,0.0,0.0,0.0,-1.0,0.0,0.0,109.0,534.0
24398.0,0.0,-3.0848,-0.002,0.0,0.0,0.0,-1.0,0.0,0.0,109.0,534.0
24438.0,0.0,-3.0848,0.001,0.0,0.0,0.0,-1.0,0.0,0.0,109.0,534.0
24479.0,0.0,-3.0848,0.001,0.0,0.0,0.0,-1.0,0.0,0.0,109.0,521.0
24519.0,0.0,-3.0848,-0.005,0.0,0.0,0.0,-1.0,0.0,0.0,109.0,542.0
24559.0,0.0,-3.0848,0.001,0.0,0.0,0.0,-1.0,0.0,0.0,109.0,521.0
24599.0,0.0,-3.0848,0.001,0.0,0.0,0.0,-1.0,0.0,0.0,109.0,535.0
24639.0,0.0,-3.0848,-0.003,0.0,0.0,0.0,-1.0,0.0,0.0,109.0,534.0
24679.0,0.0,-3.0848,0.002,0.0,0.0,0.0,-1.0,0.0,0.0,109.0,534.0
24719.0,0.0,-3.0848,-0.003,0.0,0.0,0.0,-1.0,0.0,0.0,109.0,541.0
24760.0,0.0,-3.0848,-0.003,0.0,0.0,0.0,-1.0,0.0,0.0,109.0,534.0
24800.0,0.0,-3.0848,0.001,0.0,0.0,0.0,-1.0,0.0,0.0,109.0,534.0
24840.0,0.0,-3.0848,0.001,0.0,0.0,0.0,-1.0,0.0,0.0,109.0,534.0
24880.0,0.0,-3.0864,-0.005,0.0,0.0,0.0,-1.0,0.0,0.0,109.0,536.0
24921.0,0.0,-3.0848,0.002,0.0,0.0,0.0,-1.0,0.0,0.0,109.0,534.0
24961.0,0.0,-3.0848,0.002,0.0,0.0,0.0,-1.0,0.0,0.0,109.0,521.0
25001.0,0.0,-3.0864,-0.008,0.0,0.0,0.0,-1.0,0.0,0.0,109.0,534.0
25041.0,0.0,-3.0848,0.001,0.0,0.0,0.0,-1.0,0.0,0.0,109.0,521.0
25081.0,0.0,-3.0848,0.005,0.0,0.0,0.0,-1.0,0.0,0.0,109.0,534.0
25121.0,0.0,-3.0848,-0.0,0.0,0.0,0.0,-1.0,0.0,0.0,109.0,534.0
25162.0,0.0,-3.0864,-0.003,0.0,0.0,0.0,-1.0,0.0,0.0,109.0,523.0
25202.0,0.0,-3.0848,0.002,0.0,0.0,0.0,-1.0,0.0,0.0,109.0,521.0
25242.0,0.0,-3.0848,-0.001,0.0,0.0,0.0,-1.0,0.0,0.0,109.0,521.0
25282.0,0.0,-3.0848,-0.002,0.0,0.0,0.0,-1.0,0.0,0.0,109.0,534.0
25322.0,0.0,-3.0848,-0.005,0.0,0.0,0.0,-1.0,0.0,0.0,109.0,536.0
25363.0,0.0,-3.0848,0.005,0.0,0.0,0.0,-1.0,0.0,0.0,109.0,521.0
25403.0,0.0,-3.0848,-0.0,0.0,0.0,0.0,-1.0,0.0,0.0,109.0,534.0
25443.0,0.0,-3.0848,0.002,0.0,0.0,0.0,-1.0,0.0,0.0,109.0,534.0
25483.0,0.0,-3.0848,-0.005,0.0,0.0,0.0,-1.0,0.0,0.0,109.0,541.0
25524.0,0.0,-3.0848,0.001,0.0,0.0,0.0,-1.0,0.0,0.0,109.0,534.0
25564.0,0.0,-3.0848,0.001,0.0,0.0,0.0,-1.0,0.0,0.0,109.0,521.0
25604.0,0.0,-3.0848,0.001,0.0,0.0,0.0,-1.0,0.0,0.0,109.0,534.0
25644.0,0.0,-3.0848,0.001,0.0,0.0,0.0,-1.0,0.0,0.0,109.0,521.0
25684.0,0.0,-3.0848,-0.002,0.0,0.0,0.0,-1.0,0.0,0.0,109.0,534.0
25725.0,0.0,-3.0848,0.002,0.0,0.0,0.0,-1.0,0.0,0.0,109.0,534.0
25765.0,0.0,-3.0864,-0.01,0.0,0.0,0.0,-1.0,0.0,0.0,109.0,536.0
25805.0,0.0,-3.0848,0.001,0.0,0.0,0.0,-1.0,0.0,0.0,109.0,534.0
25845.0,0.0,-3.0848,-0.001,0.0,0.0,0.0,-1.0,0.0,0.0,109.0,534.0
25886.0,0.0,-3.0848,0.003,0.0,0.0,0.0,-1.0,0.0,0.0,109.0,521.0
25926.0,0.0,-3.0848,0.002,0.0,0.0,0.0,-1.0,0.0,0.0,109.0,534.0
25966.0,0.0,-3.0848,0.003,0.0,0.0,0.0,-1.0,0.0,0.0,109.0,534.0
26006.0,0.0,-3.0848,0.003,0.0,0.0,0.0,-1.0,0.0,0.0,109.0,521.0
26047.0,0.0,-3.0848,-0.001,0.0,0.0,0.0,-1.0,0.0,0.0,109.0,521.0
26087.0,0.0,-3.0864,-0.003,0.0,0.0,0.0,-1.0,0.0,0.0,109.0,536.0
26127.0,0.0,-3.0848,0.002,0.0,0.0,0.0,-1.0,0.0,0.0,109.0,521.0
26167.0,0.0,-3.0848,0.002,0.0,0.0,0.0,-1.0,0.0,0.0,109.0,534.0
26207.0,0.0,-3.0848,0.002,0.0,0.0,0.0,-1.0,0.0,0.0,109.0,521.0
26247.0,0.0,-3.0848,-0.004,0.0,0.0,0.0,-1.0,0.0,0.0,109.0,534.0
26288.0,0.0,-3.0848,-0.003,0.0,0.0,0.0,-1.0,0.0,0.0,109.0,534.0
26328.0,0.0,-3.0848,0.002,0.0,0.0,0.0,-1.0,0.0,0.0,109.0,534.0
26368.0,0.0,-3.0848,-0.004,0.0,0.0,0.0,-1.0,0.0,0.0,109.0,534.0
26409.0,0.0,-3.0848,0.001,0.0,0.0,0.0,-1.0,0.0,0.0,109.0,535.0
26449.0,0.0,-3.0848,-0.006,0.0,0.0,0.0,-1.0,0.0,0.0,109.0,534.0
26489.0,0.0,-3.0848,0.003,0.0,0.0,0.0,-1.0,0.0,0.0,109.0,534.0
26530.0,0.0,-3.0848,0.003,0.0,0.0,0.0,-1.0,0.0,0.0,109.0,534.0
26570.0,0.0,-3.0848,0.001,0.0,0.0,0.0,-1.0,0.0,0.0,109.0,534.0
26610.0,0.0,-3.0848,-0.004,0.0,0.0,0.0,-1.0,0.0,0.0,109.0,541.0
26650.0,0.0,-3.0848,0.001,0.0,0.0,0.0,-1.0,0.0,0.0,109.0,534.0
26690.0,0.0,-3.0864,-0.003,0.0,0.0,0.0,-1.0,0.0,0.0,109.0,536.0
26731.0,0.0,-3.0864,-0.002,0.0,0.0,0.0,-1.0,0.0,0.0,109.0,537.0
26771.0,0.0,-3.0848,0.001,0.0,0.0,0.0,-1.0,0.0,0.0,109.0,534.0
26811.0,0.0,-3.0848,-0.004,0.0,0.0,0.0,-1.0,0.0,0.0,109.0,534.0
26852.0,0.0,-3.0848,0.002,0.0,0.0,0.0,-1.0,0.0,0.0,109.0,534.0
26892.0,0.0,-3.0848,-0.002,0.0,0.0,0.0,-1.0,0.0,0.0,109.0,534.0
26932.0,0.0,-3.0848,-0.0,0.0,0.0,0.0,-1.0,0.0,0.0,109.0,534.0
26973.0,0.0,-3.0848,0.002,0.0,0.0,0.0,-1.0,0.0,0.0,109.0,521.0
27013.0,0.0,-3.0848,0.003,0.0,0.0,0.0,-1.0,0.0,0.0,109.0,534.0
27053.0,0.0,-3.0848,0.001,0.0,0.0,0.0,-1.0,0.0,0.0,109.0,521.0
27093.0,0.0,-3.0848,-0.0,0.0,0.0,0.0,-1.0,0.0,0.0,109.0,521.0
27133.0,0.0,-3.0848,0.003,0.0,0.0,0.0,-1.0,0.0,0.0,109.0,534.0
27174.0,0.0,-3.0848,0.001,0.0,0.0,0.0,-1.0,0.0,0.0,109.0,534.0
27214.0,0.0,-3.0848,0.002,0.0,0.0,0.0,-1.0,0.0,0.0,109.0,521.0
27254.0,0.0,-3.0848,0.003,0.0,0.0,0.0,-1.0,0.0,0.0,109.0,534.0
27294.0,0.0,-3.0848,0.003,0.0,0.0,0.0,-1.0,0.0,0.0,109.0,534.0
27335.0,0.0,-3.0864,-0.003,0.0,0.0,0.0,-1.0,0.0,0.0,109.0,524.0
27375.0,0.0,-3.0848,-0.004,0.0,0.0,0.0,-1.0,0.0,0.0,109.0,534.0
27415.0,0.0,-3.0848,0.003,0.0,0.0,0.0,-1.0,0.0,0.0,109.0,521.0
27455.0,0.0,-3.0848,0.0,0.0,0.0,0.0,-1.0,0.0,0.0,109.0,534.0
27496.0,0.0,-3.0848,-0.001,0.0,0.0,0.0,-1.0,0.0,0.0,109.0,534.0
27536.0,0.0,-3.0848,0.002,0.0,0.0,0.0,-1.0,0.0,0.0,109.0,521.0
27576.0,0.0,-3.0848,0.002,0.0,0.0,0.0,-1.0,0.0,0.0,109.0,521.0
27616.0,0.0,-3.0864,-0.006,0.0,0.0,0.0,-1.0,0.0,0.0,109.0,536.0
27657.0,0.0,-3.0848,-0.001,0.0,0.0,0.0,-1.0,0.0,0.0,109.0,534.0
27697.0,0.0,-3.0848,0.004,0.0,0.0,0.0,-1.0,0.0,0.0,109.0,534.0
27737.0,0.0,-3.0848,-0.005,0.0,0.0,0.0,-1.0,0.0,0.0,109.0,534.0
27777.0,0.0,-3.0848,-0.001,0.0,0.0,0.0,-1.0,0.0,0.0,109.0,534.0
27817.0,0.0,-3.0848,-0.003,0.0,0.0,0.0,-1.0,0.0,0.0,109.0,541.0
27858.0,0.0,-3.0848,-0.0,0.0,0.0,0.0,-1.0,0.0,0.0,109.0,541.0
27898.0,0.0,-3.0848,0.003,0.0,0.0,0.0,-1.0,0.0,0.0,109.0,535.0
27938.0,0.0,-3.0848,0.001,0.0,0.0,0.0,-1.0,0.0,0.0,109.0,521.0
27978.0,0.0,-3.0848,0.001,0.0,0.0,0.0,-1.0,0.0,0.0,109.0,534.0
28018.0,0.0,-3.0848,-0.007,0.0,0.0,0.0,-1.0,0.0,0.0,109.0,536.0
28059.0,0.0,-3.0848,0.004,0.0,0.0,0.0,-1.0,0.0,0.0,109.0,534.0
28099.0,0.0,-3.0848,0.001,0.0,0.0,0.0,-1.0,0.0,0.0,109.0,534.0
28139.0,0.0,-3.0848,-0.0,0.0,0.0,0.0,-1.0,0.0,0.0,109.0,534.0
28180.0,0.0,-3.0848,0.002,0.0,0.0,0.0,-1.0,0.0,0.0,109.0,534.0
28220.0,0.0,-3.0848,0.003,0.0,0.0,0.0,-1.0,0.0,0.0,109.0,534.0
28260.0,0.0,-3.0848,0.001,0.0,0.0,0.0,-1.0,0.0,0.0,109.0,534.0
28301.0,0.0,-3.0848,0.002,0.0,0.0,0.0,-1.0,0.0,0.0,109.0,535.0
28341.0,0.0,-3.0848,-0.003,0.0,0.0,0.0,-1.0,0.0,0.0,109.0,521.0
28381.0,0.0,-3.0848,-0.002,0.0,0.0,0.0,-1.0,0.0,0.0,109.0,541.0
28421.0,0.0,-3.0848,0.002,0.0,0.0,0.0,-1.0,0.0,0.0,109.0,534.0
28462.0,0.0,-3.0848,0.001,0.0,0.0,0.0,-1.0,0.0,0.0,109.0,521.0
28502.0,0.0,-3.0848,-0.002,0.0,0.0,0.0,-1.0,0.0,0.0,109.0,534.0
28542.0,0.0,-3.0848,0.001,0.0,0.0,0.0,-1.0,0.0,0.0,109.0,521.0
28582.0,0.0,-3.0848,-0.002,0.0,0.0,0.0,-1.0,0.0,0.0,109.0,534.0
28622.0,0.0,-3.0848,-0.004,0.0,0.0,0.0,-1.0,0.0,0.0,109.0,541.0
28663.0,0.0,-3.0848,0.001,0.0,0.0,0.0,-1.0,0.0,0.0,109.0,521.0
28703.0,0.0,-3.0848,-0.0,0.0,0.0,0.0,-1.0,0.0,0.0,109.0,534.0
28743.0,0.0,-3.0848,0.001,0.0,0.0,0.0,-1.0,0.0,0.0,109.0,521.0
28783.0,0.0,-3.0848,-0.003,0.0,0.0,0.0,-1.0,0.0,0.0,109.0,521.0
28823.0,0.0,-3.0864,-0.004,0.0,0.0,0.0,-1.0,0.0,0.0,109.0,523.0
28864.0,0.0,-3.0848,0.002,0.0,0.0,0.0,-1.0,0.0,0.0,109.0,521.0
28904.0,0.0,-3.0848,0.002,0.0,0.0,0.0,-1.0,0.0,0.0,109.0,534.0
28944.0,0.0,-3.0848,0.003,0.0,0.0,0.0,-1.0,0.0,0.0,109.0,534.0
28984.0,0.0,-3.0848,0.003,0.0,0.0,0.0,-1.0,0.0,0.0,109.0,534.0
29025.0,0.0,-3.0848,0.002,0.0,0.0,0.0,-1.0,0.0,0.0,109.0,534.0
29065.0,0.0,-3.0848,0.001,0.0,0.0,0.0,-1.0,0.0,0.0,109.0,534.0
29105.0,0.0,-3.0848,-0.005,0.0,0.0,0.0,-1.0,0.0,0.0,109.0,534.0
29146.0,0.0,-3.0848,0.003,0.0,0.0,0.0,-1.0,0.0,0.0,109.0,534.0
29186.0,0.0,-3.0864,-0.005,0.0,0.0,0.0,-1.0,0.0,0.0,109.0,523.0
29226.0,0.0,-3.0848,0.002,0.0,0.0,0.0,-1.0,0.0,0.0,109.0,521.0
29266.0,0.0,-3.0848,0.0,0.0,0.0,0.0,-1.0,0.0,0.0,109.0,534.0
29307.0,0.0,-3.0848,0.002,0.0,0.0,0.0,-1.0,0.0,0.0,109.0,534.0
29347.0,0.0,-3.0848,0.0,0.0,0.0,0.0,-1.0,0.0,0.0,109.0,521.0
29387.0,0.0,-3.0848,-0.005,0.0,0.0,0.0,-1.0,0.0,0.0,109.0,541.0
29427.0,0.0,-3.0848,-0.003,0.0,0.0,0.0,-1.0,0.0,0.0,109.0,521.0
29467.0,0.0,-3.0848,0.003,0.0,0.0,0.0,-1.0,0.0,0.0,109.0,534.0
29508.0,0.0,-3.0848,0.001,0.0,0.0,0.0,-1.0,0.0,0.0,109.0,534.0
29548.0,0.0,-3.0848,0.002,0.0,0.0,0.0,-1.0,0.0,0.0,109.0,534.0
29588.0,0.0,-3.0848,-0.001,0.0,0.0,0.0,-1.0,0.0,0.0,109.0,534.0
29629.0,0.0,-3.0848,0.0,0.0,0.0,0.0,-1.0,0.0,0.0,109.0,521.0
29669.0,0.0,-3.0848,0.0,0.0,0.0,0.0,-1.0,0.0,0.0,109.0,534.0
29709.0,0.0,-3.0848,0.002,0.0,0.0,0.0,-1.0,0.0,0.0,109.0,521.0
29749.0,0.0,-3.0848,-0.007,0.0,0.0,0.0,-1.0,0.0,0.0,109.0,522.0
29789.0,0.0,-3.0864,-0.005,0.0,0.0,0.0,-1.0,0.0,0.0,109.0,536.0
29830.0,0.0,-3.0848,0.001,0.0,0.0,0.0,-1.0,0.0,0.0,109.0,534.0
29870.0,0.0,-3.0848,0.0,0.0,0.0,0.0,-1.0,0.0,0.0,109.0,534.0
29910.0,0.0,-3.0864,-0.009,0.0,0.0,0.0,-1.0,0.0,0.0,109.0,536.0
29950.0,0.0,-3.0848,0.005,0.0,0.0,0.0,-1.0,0.0,0.0,109.0,534.0
29990.0,0.0,-3.0848,0.002,0.0,0.0,0.0,-1.0,0.0,0.0,109.0,521.0
30031.0,0.0,-3.0848,0.001,0.0,0.0,0.0,-1.0,0.0,0.0,109.0,521.0
30071.0,0.0,-3.0848,-0.001,0.0,0.0,0.0,-1.0,0.0,0.0,109.0,534.0
30111.0,0.0,-3.0848,0.003,0.0,0.0,0.0,-1.0,0.0,0.0,109.0,534.0
30151.0,0.0,-3.0848,-0.002,0.0,0.0,0.0,-1.0,0.0,0.0,109.0,534.0
30191.0,0.0,-3.0848,0.002,0.0,0.0,0.0,-1.0,0.0,0.0,109.0,521.0
30231.0,0.0,-3.0848,-0.003,0.0,0.0,0.0,-1.0,0.0,0.0,109.0,534.0
30272.0,0.0,-3.0848,0.001,0.0,0.0,0.0,-1.0,0.0,0.0,109.0,534.0
30312.0,0.0,-3.0848,-0.007,0.0,0.0,0.0,-1.0,0.0,0.0,109.0,523.0
30352.0,0.0,-3.0848,0.002,0.0,0.0,0.0,-1.0,0.0,0.0,109.0,521.0
30392.0,0.0,-3.0848,0.002,0.0,0.0,0.0,-1.0,0.0,0.0,109.0,521.0
30432.0,0.0,-3.0848,-0.003,0.0,0.0,0.0,-1.0,0.0,0.0,109.0,541.0
30472.0,0.0,-3.0848,0.001,0.0,0.0,0.0,-1.0,0.0,0.0,109.0,534.0
30512.0,0.0,-3.0848,-0.005,0.0,0.0,0.0,-1.0,0.0,0.0,109.0,541.0
30553.0,0.0,-3.0848,0.0,0.0,0.0,0.0,-1.0,0.0,0.0,109.0,534.0
30593.0,0.0,-3.0848,0.003,0.0,0.0,0.0,-1.0,0.0,0.0,109.0,534.0
30633.0,0.0,-3.0848,-0.002,0.0,0.0,0.0,-1.0,0.0,0.0,109.0,534.0
30673.0,0.0,-3.0864,-0.005,0.0,0.0,0.0,-1.0,0.0,0.0,109.0,536.0
30714.0,0.0,-3.0848,0.003,0.0,0.0,0.0,-1.0,0.0,0.0,109.0,534.0
30754.0,0.0,-3.0848,-0.005,0.0,0.0,0.0,-1.0,0.0,0.0,109.0,536.0
30794.0,0.0,-3.0848,0.001,0.0,0.0,0.0,-1.0,0.0,0.0,109.0,521.0
30834.0,0.0,-3.0848,0.001,0.0,0.0,0.0,-1.0,0.0,0.0,109.0,534.0
30874.0,0.0,-3.0848,0.003,0.0,0.0,0.0,-1.0,0.0,0.0,109.0,521.0
30914.0,0.0,-3.0848,0.002,0.0,0.0,0.0,-1.0,0.0,0.0,109.0,534.0
30955.0,0.0,-3.0848,0.002,0.0,0.0,0.0,-1.0,0.0,0.0,109.0,521.0
30995.0,0.0,-3.0848,0.001,0.0,0.0,0.0,-1.0,0.0,0.0,109.0,534.0
31035.0,0.0,-3.0848,-0.001,0.0,0.0,0.0,-1.0,0.0,0.0,109.0,522.0
31075.0,0.0,-3.0848,0.003,0.0,0.0,0.0,-1.0,0.0,0.0,109.0,534.0
31116.0,0.0,-3.0848,0.004,0.0,0.0,0.0,-1.0,0.0,0.0,109.0,521.0
31156.0,0.0,-3.0848,-0.001,0.0,0.0,0.0,-1.0,0.0,0.0,109.0,534.0
31196.0,0.0,-3.0864,-0.005,0.0,0.0,0.0,-1.0,0.0,0.0,109.0,536.0
31236.0,0.0,-3.0848,0.003,0.0,0.0,0.0,-1.0,0.0,0.0,109.0,521.0
31276.0,0.0,-3.0848,0.003,0.0,0.0,0.0,-1.0,0.0,0.0,109.0,534.0
31316.0,0.0,-3.0848,0.001,0.0,0.0,0.0,-1.0,0.0,0.0,109.0,521.0
31357.0,0.0,-3.0848,0.001,0.0,0.0,0.0,-1.0,0.0,0.0,109.0,521.0
31397.0,0.0,-3.0848,0.002,0.0,0.0,0.0,-1.0,0.0,0.0,109.0,534.0
31437.0,0.0,-3.0848,-0.0,0.0,0.0,0.0,-1.0,0.0,0.0,109.0,534.0
31477.0,0.0,-3.0848,0.0,0.0,0.0,0.0,-1.0,0.0,0.0,109.0,534.0
31517.0,0.0,-3.0848,0.003,0.0,0.0,0.0,-1.0,0.0,0.0,109.0,534.0
31558.0,0.0,-3.0848,-0.003,0.0,0.0,0.0,-1.0,0.0,0.0,109.0,521.0
31598.0,0.0,-3.0848,0.002,0.0,0.0,0.0,-1.0,0.0,0.0,109.0,534.0
31638.0,0.0,-3.0848,0.003,0.0,0.0,0.0,-1.0,0.0,0.0,109.0,521.0
31678.0,0.0,-3.0848,-0.001,0.0,0.0,0.0,-1.0,0.0,0.0,109.0,534.0
31719.0,0.0,-3.0848,0.001,0.0,0.0,0.0,-1.0,0.0,0.0,109.0,534.0
31759.0,0.0,-3.0848,-0.0,0.0,0.0,0.0,-1.0,0.0,0.0,109.0,534.0
31799.0,0.0,-3.0848,-0.004,0.0,0.0,0.0,-1.0,0.0,0.0,109.0,535.0
31840.0,0.0,-3.0848,0.001,0.0,0.0,0.0,-1.0,0.0,0.0,109.0,534.0
31880.0,0.0,-3.0848,-0.007,0.0,0.0,0.0,-1.0,0.0,0.0,109.0,523.0
31920.0,0.0,-3.0848,0.002,0.0,0.0,0.0,-1.0,0.0,0.0,109.0,534.0
31960.0,0.0,-3.0848,0.004,0.0,0.0,0.0,-1.0,0.0,0.0,109.0,534.0
32001.0,0.0,-3.0848,-0.004,0.0,0.0,0.0,-1.0,0.0,0.0,109.0,534.0
32041.0,0.0,-3.0848,0.0,0.0,0.0,0.0,-1.0,0.0,0.0,109.0,534.0
32081.0,0.0,-3.0848,0.006,0.0,0.0,0.0,-1.0,0.0,0.0,109.0,521.0
32121.0,0.0,-3.0848,0.003,0.0,0.0,0.0,-1.0,0.0,0.0,109.0,534.0
32161.0,0.0,-3.0848,-0.003,0.0,0.0,0.0,-1.0,0.0,0.0,109.0,541.0
32202.0,0.0,-3.0848,0.001,0.0,0.0,0.0,-1.0,0.0,0.0,109.0,535.0
32242.0,0.0,-3.0848,-0.003,0.0,0.0,0.0,-1.0,0.0,0.0,109.0,534.0
32282.0,0.0,-3.0848,0.004,0.0,0.0,0.0,-1.0,0.0,0.0,109.0,521.0
32322.0,0.0,-3.0848,0.004,0.0,0.0,0.0,-1.0,0.0,0.0,109.0,534.0
32363.0,0.0,-3.0848,-0.0,0.0,0.0,0.0,-1.0,0.0,0.0,109.0,534.0
32403.0,0.0,-3.0848,0.001,0.0,0.0,0.0,-1.0,0.0,0.0,109.0,534.0
32443.0,0.0,-3.0848,0.001,0.0,0.0,0.0,-1.0,0.0,0.0,109.0,534.0
32483.0,0.0,-3.0848,0.002,0.0,0.0,0.0,-1.0,0.0,0.0,109.0,535.0
32524.0,0.0,-3.0848,0.001,0.0,0.0,0.0,-1.0,0.0,0.0,109.0,521.0
32564.0,0.0,-3.0848,0.001,0.0,0.0,0.0,-1.0,0.0,0.0,109.0,534.0
32604.0,0.0,-3.0848,0.0,0.0,0.0,0.0,-1.0,0.0,0.0,109.0,521.0
32644.0,0.0,-3.0848,0.002,0.0,0.0,0.0,-1.0,0.0,0.0,109.0,522.0
32684.0,0.0,-3.0848,0.002,0.0,0.0,0.0,-1.0,0.0,0.0,109.0,534.0
32724.0,0.0,-3.0848,-0.001,0.0,0.0,0.0,-1.0,0.0,0.0,109.0,534.0
32765.0,0.0,-3.0848,0.002,0.0,0.0,0.0,-1.0,0.0,0.0,109.0,534.0
32805.0,0.0,-3.0848,0.002,0.0,0.0,0.0,-1.0,0.0,0.0,109.0,534.0
32845.0,0.0,-3.0848,0.002,0.0,0.0,0.0,-1.0,0.0,0.0,109.0,534.0
32886.0,0.0,-3.0848,0.002,0.0,0.0,0.0,-1.0,0.0,0.0,109.0,534.0
32926.0,0.0,-3.0848,0.001,0.0,0.0,0.0,-1.0,0.0,0.0,109.0,534.0
32966.0,0.0,-3.0848,0.0,0.0,0.0,0.0,-1.0,0.0,0.0,109.0,534.0
33006.0,0.0,-3.0848,-0.001,0.0,0.0,0.0,-1.0,0.0,0.0,109.0,534.0
33047.0,0.0,-3.0848,0.001,0.0,0.0,0.0,-1.0,0.0,0.0,109.0,534.0
33087.0,0.0,-3.0848,0.003,0.0,0.0,0.0,-1.0,0.0,0.0,109.0,535.0
33127.0,0.0,-3.0848,-0.0,0.0,0.0,0.0,-1.0,0.0,0.0,109.0,521.0
33167.0,0.0,-3.0848,0.001,0.0,0.0,0.0,-1.0,0.0,0.0,109.0,535.0
33208.0,0.0,-3.0848,0.001,0.0,0.0,0.0,-1.0,0.0,0.0,109.0,534.0
33248.0,0.0,-3.0848,0.003,0.0,0.0,0.0,-1.0,0.0,0.0,109.0,521.0
33288.0,0.0,-3.0848,0.001,0.0,0.0,0.0,-1.0,0.0,0.0,109.0,521.0
33329.0,0.0,-3.0848,0.001,0.0,0.0,0.0,-1.0,0.0,0.0,109.0,521.0
33369.0,0.0,-3.0848,0.0,0.0,0.0,0.0,-1.0,0.0,0.0,109.0,534.0
33409.0,0.0,-3.0848,0.004,0.0,0.0,0.0,-1.0,0.0,0.0,109.0,534.0
33449.0,0.0,-3.0848,-0.001,0.0,0.0,0.0,-1.0,0.0,0.0,109.0,521.0
33489.0,0.0,-3.0848,0.002,0.0,0.0,0.0,-1.0,0.0,0.0,109.0,534.0
33530.0,0.0,-3.0848,0.002,0.0,0.0,0.0,-1.0,0.0,0.0,109.0,521.0
33570.0,0.0,-3.0848,0.001,0.0,0.0,0.0,-1.0,0.0,0.0,109.0,534.0
33610.0,0.0,-3.0848,-0.002,0.0,0.0,0.0,-1.0,0.0,0.0,109.0,521.0
33650.0,0.0,-3.0848,0.002,0.0,0.0,0.0,-1.0,0.0,0.0,109.0,521.0
33690.0,0.0,-3.0848,0.002,0.0,0.0,0.0,-1.0,0.0,0.0,109.0,534.0
33731.0,0.0,-3.0848,-0.001,0.0,0.0,0.0,-1.0,0.0,0.0,109.0,534.0
33771.0,0.0,-3.0848,0.002,0.0,0.0,0.0,-1.0,0.0,0.0,109.0,534.0
33811.0,0.0,-3.0848,-0.005,0.0,0.0,0.0,-1.0,0.0,0.0,109.0,534.0
33851.0,0.0,-3.0848,0.001,0.0,0.0,0.0,-1.0,0.0,0.0,109.0,534.0
33891.0,0.0,-3.0848,0.002,0.0,0.0,0.0,-1.0,0.0,0.0,109.0,534.0
33932.0,0.0,-3.0848,0.001,0.0,0.0,0.0,-1.0,0.0,0.0,109.0,534.0
33972.0,0.0,-3.0848,-0.003,0.0,0.0,0.0,-1.0,0.0,0.0,109.0,534.0
34012.0,0.0,-3.0848,0.002,0.0,0.0,0.0,-1.0,0.0,0.0,109.0,521.0
34052.0,0.0,-3.0848,0.002,0.0,0.0,0.0,-1.0,0.0,0.0,109.0,534.0
34093.0,0.0,-3.0848,0.001,0.0,0.0,0.0,-1.0,0.0,0.0,109.0,534.0
34133.0,0.0,-3.0848,0.001,0.0,0.0,0.0,-1.0,0.0,0.0,109.0,534.0
34173.0,0.0,-3.0848,0.001,0.0,0.0,0.0,-1.0,0.0,0.0,109.0,534.0
34213.0,0.0,-3.0848,-0.002,0.0,0.0,0.0,-1.0,0.0,0.0,109.0,534.0
34253.0,0.0,-3.0864,-0.007,0.0,0.0,0.0,-1.0,0.0,0.0,109.0,536.0
34294.0,0.0,-3.0848,-0.002,0.0,0.0,0.0,-1.0,0.0,0.0,109.0,534.0
34334.0,0.0,-3.0848,0.001,0.0,0.0,0.0,-1.0,0.0,0.0,109.0,534.0
34374.0,0.0,-3.0848,-0.002,0.0,0.0,0.0,-1.0,0.0,0.0,109.0,534.0
34414.0,0.0,-3.0848,-0.002,0.0,0.0,0.0,-1.0,0.0,0.0,109.0,535.0
34455.0,0.0,-3.0848,0.0,0.0,0.0,0.0,-1.0,0.0,0.0,109.0,534.0
34495.0,0.0,-3.0848,0.001,0.0,0.0,0.0,-1.0,0.0,0.0,109.0,534.0
34535.0,0.0,-3.0848,0.0,0.0,0.0,0.0,-1.0,0.0,0.0,109.0,534.0
34576.0,0.0,-3.0848,-0.0,0.0,0.0,0.0,-1.0,0.0,0.0,109.0,534.0
34616.0,0.0,-3.0848,-0.004,0.0,0.0,0.0,-1.0,0.0,0.0,109.0,521.0
34656.0,0.0,-3.0848,0.001,0.0,0.0,0.0,-1.0,0.0,0.0,109.0,521.0
34697.0,0.0,-3.0848,-0.005,0.0,0.0,0.0,-1.0,0.0,0.0,109.0,521.0
34737.0,0.0,-3.0848,0.003,0.0,0.0,0.0,-1.0,0.0,0.0,109.0,534.0
34777.0,0.0,-3.0848,0.003,0.0,0.0,0.0,-1.0,0.0,0.0,109.0,534.0
34817.0,0.0,-3.0848,0.003,0.0,0.0,0.0,-1.0,0.0,0.0,109.0,534.0
34858.0,0.0,-3.0848,0.003,0.0,0.0,0.0,-1.0,0.0,0.0,109.0,534.0
34898.0,0.0,-3.0848,-0.002,0.0,0.0,0.0,-1.0,0.0,0.0,109.0,534.0
34938.0,0.0,-3.0848,0.002,0.0,0.0,0.0,-1.0,0.0,0.0,109.0,521.0
34979.0,0.0,-3.0848,0.002,0.0,0.0,0.0,-1.0,0.0,0.0,109.0,521.0
35019.0,0.0,-3.0848,0.001,0.0,0.0,0.0,-1.0,0.0,0.0,109.0,534.0
35059.0,0.0,-3.0864,-0.006,0.0,0.0,0.0,-1.0,0.0,0.0,109.0,536.0
35099.0,0.0,-3.0848,0.002,0.0,0.0,0.0,-1.0,0.0,0.0,109.0,534.0
35139.0,0.0,-3.0848,-0.001,0.0,0.0,0.0,-1.0,0.0,0.0,109.0,534.0
35179.0,0.0,-3.0848,0.002,0.0,0.0,0.0,-1.0,0.0,0.0,109.0,534.0
35219.0,0.0,-3.0864,-0.008,0.0,0.0,0.0,-1.0,0.0,0.0,109.0,536.0
35260.0,0.0,-3.0848,0.003,0.0,0.0,0.0,-1.0,0.0,0.0,109.0,534.0
35300.0,0.0,-3.0848,0.003,0.0,0.0,0.0,-1.0,0.0,0.0,109.0,534.0
35340.0,0.0,-3.0848,-0.0,0.0,0.0,0.0,-1.0,0.0,0.0,109.0,534.0
35381.0,0.0,-3.0864,-0.002,0.0,0.0,0.0,-1.0,0.0,0.0,109.0,536.0
35421.0,0.0,-3.0848,0.002,0.0,0.0,0.0,-1.0,0.0,0.0,109.0,534.0
35461.0,0.0,-3.0848,-0.002,0.0,0.0,0.0,-1.0,0.0,0.0,109.0,534.0
35502.0,0.0,-3.0848,0.001,0.0,0.0,0.0,-1.0,0.0,0.0,109.0,534.0
35542.0,0.0,-3.0848,-0.003,0.0,0.0,0.0,-1.0,0.0,0.0,109.0,536.0
35582.0,0.0,-3.0848,0.003,0.0,0.0,0.0,-1.0,0.0,0.0,109.0,534.0
35623.0,0.0,-3.0848,0.005,0.0,0.0,0.0,-1.0,0.0,0.0,109.0,534.0
35663.0,0.0,-3.0848,0.0,0.0,0.0,0.0,-1.0,0.0,0.0,109.0,534.0
35703.0,0.0,-3.0848,0.003,0.0,0.0,0.0,-1.0,0.0,0.0,109.0,521.0
35743.0,0.0,-3.0848,0.0,0.0,0.0,0.0,-1.0,0.0,0.0,109.0,534.0
35783.0,0.0,-3.0848,-0.003,0.0,0.0,0.0,-1.0,0.0,0.0,109.0,535.0
35823.0,0.0,-3.0848,-0.005,0.0,0.0,0.0,-1.0,0.0,0.0,109.0,534.0
35864.0,0.0,-3.0848,0.0,0.0,0.0,0.0,-1.0,0.0,0.0,109.0,534.0
35904.0,0.0,-3.0848,0.002,0.0,0.0,0.0,-1.0,0.0,0.0,109.0,521.0
35944.0,0.0,-3.0864,-0.007,0.0,0.0,0.0,-1.0,0.0,0.0,109.0,523.0
35984.0,0.0,-3.0848,-0.005,0.0,0.0,0.0,-1.0,0.0,0.0,109.0,534.0
36024.0,0.0,-3.0848,-0.004,0.0,0.0,0.0,-1.0,0.0,0.0,109.0,536.0
36065.0,0.0,-3.0864,-0.004,0.0,0.0,0.0,-1.0,0.0,0.0,109.0,523.0
36105.0,0.0,-3.0848,-0.008,0.0,0.0,0.0,-1.0,0.0,0.0,109.0,536.0
36145.0,0.0,-3.0848,0.005,0.0,0.0,0.0,-1.0,0.0,0.0,109.0,534.0
36185.0,0.0,-3.0848,-0.001,0.0,0.0,0.0,-1.0,0.0,0.0,109.0,534.0
36225.0,0.0,-3.0848,-0.002,0.0,0.0,0.0,-1.0,0.0,0.0,109.0,541.0
36266.0,0.0,-3.0848,0.002,0.0,0.0,0.0,-1.0,0.0,0.0,109.0,521.0
36306.0,0.0,-3.0848,0.0,0.0,0.0,0.0,-1.0,0.0,0.0,109.0,534.0
36346.0,0.0,-3.0848,0.003,0.0,0.0,0.0,-1.0,0.0,0.0,109.0,521.0
36386.0,0.0,-3.0848,0.002,0.0,0.0,0.0,-1.0,0.0,0.0,109.0,521.0
36427.0,0.0,-3.0848,0.004,0.0,0.0,0.0,-1.0,0.0,0.0,109.0,521.0
36467.0,0.0,-3.0848,0.003,0.0,0.0,0.0,-1.0,0.0,0.0,109.0,534.0
36507.0,0.0,-3.0864,-0.011,0.0,0.0,0.0,-1.0,0.0,0.0,109.0,536.0
36547.0,0.0,-3.0848,-0.002,0.0,0.0,0.0,-1.0,0.0,0.0,109.0,541.0
36587.0,0.0,-3.0848,0.002,0.0,0.0,0.0,-1.0,0.0,0.0,109.0,521.0
36627.0,0.0,-3.0848,-0.002,0.0,0.0,0.0,-1.0,0.0,0.0,109.0,534.0
36667.0,0.0,-3.0848,0.002,0.0,0.0,0.0,-1.0,0.0,0.0,109.0,534.0
36708.0,0.0,-3.0848,0.001,0.0,0.0,0.0,-1.0,0.0,0.0,109.0,521.0
36748.0,0.0,-3.0848,-0.002,0.0,0.0,0.0,-1.0,0.0,0.0,109.0,535.0
36788.0,0.0,-3.0864,-0.012,0.0,0.0,0.0,-1.0,0.0,0.0,109.0,534.0
36828.0,0.0,-3.0848,0.0,0.0,0.0,0.0,-1.0,0.0,0.0,109.0,521.0
36868.0,0.0,-3.0848,0.003,0.0,0.0,0.0,-1.0,0.0,0.0,109.0,534.0
36908.0,0.0,-3.0848,-0.004,0.0,0.0,0.0,-1.0,0.0,0.0,109.0,536.0
36949.0,0.0,-3.0848,0.002,0.0,0.0,0.0,-1.0,0.0,0.0,109.0,534.0
36989.0,0.0,-3.0848,0.001,0.0,0.0,0.0,-1.0,0.0,0.0,109.0,534.0
37029.0,0.0,-3.0848,-0.005,0.0,0.0,0.0,-1.0,0.0,0.0,109.0,534.0
37070.0,0.0,-3.0848,0.005,0.0,0.0,0.0,-1.0,0.0,0.0,109.0,534.0
37110.0,0.0,-3.0848,0.001,0.0,0.0,0.0,-1.0,0.0,0.0,109.0,521.0
37150.0,0.0,-3.0848,-0.002,0.0,0.0,0.0,-1.0,0.0,0.0,109.0,534.0
37190.0,0.0,-3.0848,0.002,0.0,0.0,0.0,-1.0,0.0,0.0,109.0,534.0
37230.0,0.0,-3.0848,-0.008,0.0,0.0,0.0,-1.0,0.0,0.0,109.0,534.0
37271.0,0.0,-3.0848,0.003,0.0,0.0,0.0,-1.0,0.0,0.0,109.0,534.0
37311.0,0.0,-3.0848,0.001,0.0,0.0,0.0,-1.0,0.0,0.0,109.0,534.0
37351.0,0.0,-3.0848,0.004,0.0,0.0,0.0,-1.0,0.0,0.0,109.0,534.0
37392.0,0.0,-3.0848,0.002,0.0,0.0,0.0,-1.0,0.0,0.0,109.0,534.0
37432.0,0.0,-3.0848,0.001,0.0,0.0,0.0,-1.0,0.0,0.0,109.0,522.0
37472.0,0.0,-3.0848,0.0,0.0,0.0,0.0,-1.0,0.0,0.0,109.0,521.0
37512.0,0.0,-3.0848,-0.004,0.0,0.0,0.0,-1.0,0.0,0.0,109.0,534.0
37553.0,0.0,-3.0848,-0.0,0.0,0.0,0.0,-1.0,0.0,0.0,109.0,534.0
37593.0,0.0,-3.0848,-0.004,0.0,0.0,0.0,-1.0,0.0,0.0,109.0,534.0
37633.0,0.0,-3.0848,0.003,0.0,0.0,0.0,-1.0,0.0,0.0,109.0,535.0
37674.0,0.0,-3.0848,0.002,0.0,0.0,0.0,-1.0,0.0,0.0,109.0,521.0
37714.0,0.0,-3.0848,0.002,0.0,0.0,0.0,-1.0,0.0,0.0,109.0,534.0
37754.0,0.0,-3.0848,0.001,0.0,0.0,0.0,-1.0,0.0,0.0,109.0,534.0
37794.0,0.0,-3.0848,-0.007,0.0,0.0,0.0,-1.0,0.0,0.0,109.0,534.0
37834.0,0.0,-3.0848,0.002,0.0,0.0,0.0,-1.0,0.0,0.0,109.0,534.0
37874.0,0.0,-3.0864,-0.008,0.0,0.0,0.0,-1.0,0.0,0.0,109.0,536.0
37915.0,0.0,-3.0848,0.003,0.0,0.0,0.0,-1.0,0.0,0.0,109.0,521.0
37955.0,0.0,-3.0848,-0.002,0.0,0.0,0.0,-1.0,0.0,0.0,109.0,534.0
37995.0,0.0,-3.0864,-0.005,0.0,0.0,0.0,-1.0,0.0,0.0,109.0,536.0
38035.0,0.0,-3.0848,-0.0,0.0,0.0,0.0,-1.0,0.0,0.0,109.0,521.0
38075.0,0.0,-3.0848,0.004,0.0,0.0,0.0,-1.0,0.0,0.0,109.0,534.0
38115.0,0.0,-3.0848,-0.001,0.0,0.0,0.0,-1.0,0.0,0.0,109.0,534.0
38156.0,0.0,-3.0848,0.003,0.0,0.0,0.0,-1.0,0.0,0.0,109.0,521.0
38196.0,0.0,-3.0848,0.001,0.0,0.0,0.0,-1.0,0.0,0.0,109.0,534.0
38236.0,0.0,-3.0864,-0.005,0.0,0.0,0.0,-1.0,0.0,0.0,109.0,536.0
38276.0,0.0,-3.0848,0.001,0.0,0.0,0.0,-1.0,0.0,0.0,109.0,521.0
38317.0,0.0,-3.0848,-0.005,0.0,0.0,0.0,-1.0,0.0,0.0,109.0,521.0
38357.0,0.0,-3.0848,0.005,0.0,0.0,0.0,-1.0,0.0,0.0,109.0,534.0
38397.0,0.0,-3.0848,0.002,0.0,0.0,0.0,-1.0,0.0,0.0,109.0,535.0
38437.0,0.0,-3.0848,-0.0,0.0,0.0,0.0,-1.0,0.0,0.0,109.0,535.0
38478.0,0.0,-3.0848,-0.003,0.0,0.0,0.0,-1.0,0.0,0.0,109.0,521.0
38518.0,0.0,-3.0848,-0.004,0.0,0.0,0.0,-1.0,0.0,0.0,109.0,528.0
38558.0,0.0,-3.0848,0.0,0.0,0.0,0.0,-1.0,0.0,0.0,109.0,521.0
38598.0,0.0,-3.0848,0.004,0.0,0.0,0.0,-1.0,0.0,0.0,109.0,542.0
38638.0,0.0,-3.0864,-0.003,0.0,0.0,0.0,-1.0,0.0,0.0,109.0,537.0
38679.0,0.0,-3.0848,0.001,0.0,0.0,0.0,-1.0,0.0,0.0,109.0,534.0
38719.0,0.0,-3.0848,0.001,0.0,0.0,0.0,-1.0,0.0,0.0,109.0,534.0
38759.0,0.0,-3.0848,0.001,0.0,0.0,0.0,-1.0,0.0,0.0,109.0,534.0
38800.0,0.0,-3.0848,-0.003,0.0,0.0,0.0,-1.0,0.0,0.0,109.0,521.0
38840.0,0.0,-3.0864,-0.009,0.0,0.0,0.0,-1.0,0.0,0.0,109.0,536.0
38880.0,0.0,-3.0864,-0.002,0.0,0.0,0.0,-1.0,0.0,0.0,109.0,536.0
38921.0,0.0,-3.0848,0.004,0.0,0.0,0.0,-1.0,0.0,0.0,109.0,521.0
38961.0,0.0,-3.0848,-0.008,0.0,0.0,0.0,-1.0,0.0,0.0,109.0,536.0
39001.0,0.0,-3.0848,-0.0,0.0,0.0,0.0,-1.0,0.0,0.0,109.0,521.0
39041.0,0.0,-3.0848,0.002,0.0,0.0,0.0,-1.0,0.0,0.0,109.0,534.0
39081.0,0.0,-3.0848,0.001,0.0,0.0,0.0,-1.0,0.0,0.0,109.0,521.0
39121.0,0.0,-3.0848,0.001,0.0,0.0,0.0,-1.0,0.0,0.0,109.0,534.0
39161.0,0.0,-3.0848,-0.005,0.0,0.0,0.0,-1.0,0.0,0.0,109.0,537.0
39202.0,0.0,-3.0848,0.0,0.0,0.0,0.0,-1.0,0.0,0.0,109.0,534.0
39242.0,0.0,-3.0848,0.002,0.0,0.0,0.0,-1.0,0.0,0.0,109.0,534.0
39282.0,0.0,-3.0848,0.0,0.0,0.0,0.0,-1.0,0.0,0.0,109.0,521.0
39322.0,0.0,-3.0848,0.001,0.0,0.0,0.0,-1.0,0.0,0.0,109.0,534.0
39363.0,0.0,-3.0848,-0.0,0.0,0.0,0.0,-1.0,0.0,0.0,109.0,521.0
39403.0,0.0,-3.0848,-0.002,0.0,0.0,0.0,-1.0,0.0,0.0,109.0,541.0
39443.0,0.0,-3.0848,0.004,0.0,0.0,0.0,-1.0,0.0,0.0,109.0,534.0
39483.0,0.0,-3.0848,0.001,0.0,0.0,0.0,-1.0,0.0,0.0,109.0,521.0
39524.0,0.0,-3.0848,0.002,0.0,0.0,0.0,-1.0,0.0,0.0,109.0,521.0
39564.0,0.0,-3.0848,0.004,0.0,0.0,0.0,-1.0,0.0,0.0,109.0,534.0
39604.0,0.0,-3.0848,-0.002,0.0,0.0,0.0,-1.0,0.0,0.0,109.0,534.0
39644.0,0.0,-3.0848,0.004,0.0,0.0,0.0,-1.0,0.0,0.0,109.0,534.0
39684.0,0.0,-3.0848,-0.002,0.0,0.0,0.0,-1.0,0.0,0.0,109.0,535.0
39724.0,0.0,-3.0848,0.002,0.0,0.0,0.0,-1.0,0.0,0.0,109.0,534.0
39764.0,0.0,-3.0864,-0.004,0.0,0.0,0.0,-1.0,0.0,0.0,109.0,536.0
39805.0,0.0,-3.0848,0.003,0.0,0.0,0.0,-1.0,0.0,0.0,109.0,534.0
39845.0,0.0,-3.0848,0.003,0.0,0.0,0.0,-1.0,0.0,0.0,109.0,534.0
39885.0,0.0,-3.0864,-0.004,0.0,0.0,0.0,-1.0,0.0,0.0,109.0,523.0
39926.0,0.0,-3.0848,-0.0,0.0,0.0,0.0,-1.0,0.0,0.0,109.0,521.0
39966.0,0.0,-3.0848,0.003,0.0,0.0,0.0,-1.0,0.0,0.0,109.0,534.0
40006.0,0.0,-3.0848,0.003,0.0,0.0,0.0,-1.0,0.0,0.0,109.0,534.0
40046.0,0.0,-3.0848,0.001,0.0,0.0,0.0,-1.0,0.0,0.0,109.0,521.0
40086.0,0.0,-3.0848,0.002,0.0,0.0,0.0,-1.0,0.0,0.0,109.0,534.0
40127.0,0.0,-3.0848,0.002,0.0,0.0,0.0,-1.0,0.0,0.0,109.0,534.0
40167.0,0.0,-3.0864,-0.002,0.0,0.0,0.0,-1.0,0.0,0.0,109.0,523.0
40207.0,0.0,-3.0848,-0.001,0.0,0.0,0.0,-1.0,0.0,0.0,109.0,534.0
40247.0,0.0,-3.0848,-0.004,0.0,0.0,0.0,-1.0,0.0,0.0,109.0,536.0
40288.0,0.0,-3.0848,0.0,0.0,0.0,0.0,-1.0,0.0,0.0,109.0,534.0
40328.0,0.0,-3.0848,-0.0,0.0,0.0,0.0,-1.0,0.0,0.0,109.0,521.0
40368.0,0.0,-3.0848,-0.005,0.0,0.0,0.0,-1.0,0.0,0.0,109.0,534.0
40408.0,0.0,-3.0848,0.002,0.0,0.0,0.0,-1.0,0.0,0.0,109.0,521.0
40449.0,0.0,-3.0848,0.001,0.0,0.0,0.0,-1.0,0.0,0.0,109.0,521.0
40489.0,0.0,-3.0848,0.003,0.0,0.0,0.0,-1.0,0.0,0.0,109.0,534.0
40529.0,0.0,-3.0848,0.002,0.0,0.0,0.0,-1.0,0.0,0.0,109.0,521.0
40569.0,0.0,-3.0864,-0.004,0.0,0.0,0.0,-1.0,0.0,0.0,109.0,523.0
40610.0,0.0,-3.0848,-0.001,0.0,0.0,0.0,-1.0,0.0,0.0,109.0,521.0
40650.0,0.0,-3.0848,0.001,0.0,0.0,0.0,-1.0,0.0,0.0,109.0,534.0
40690.0,0.0,-3.0848,0.002,0.0,0.0,0.0,-1.0,0.0,0.0,109.0,534.0
40730.0,0.0,-3.0848,0.001,0.0,0.0,0.0,-1.0,0.0,0.0,109.0,534.0
40770.0,0.0,-3.0848,0.003,0.0,0.0,0.0,-1.0,0.0,0.0,109.0,521.0
40811.0,0.0,-3.0848,0.001,0.0,0.0,0.0,-1.0,0.0,0.0,109.0,521.0
40851.0,0.0,-3.0848,0.0,0.0,0.0,0.0,-1.0,0.0,0.0,109.0,534.0
40891.0,0.0,-3.0848,-0.006,0.0,0.0,0.0,-1.0,0.0,0.0,109.0,534.0
40931.0,0.0,-3.0848,0.003,0.0,0.0,0.0,-1.0,0.0,0.0,109.0,521.0
40972.0,0.0,-3.0848,0.0,0.0,0.0,0.0,-1.0,0.0,0.0,109.0,521.0
41012.0,0.0,-3.0848,-0.001,0.0,0.0,0.0,-1.0,0.0,0.0,109.0,534.0
41052.0,0.0,-3.0864,-0.01,0.0,0.0,0.0,-1.0,0.0,0.0,109.0,536.0
41092.0,0.0,-3.0864,-0.005,0.0,0.0,0.0,-1.0,0.0,0.0,109.0,536.0
41133.0,0.0,-3.0848,0.004,0.0,0.0,0.0,-1.0,0.0,0.0,109.0,534.0
41173.0,0.0,-3.0848,0.002,0.0,0.0,0.0,-1.0,0.0,0.0,109.0,534.0
41213.0,0.0,-3.0848,0.0,0.0,0.0,0.0,-1.0,0.0,0.0,109.0,521.0
41253.0,0.0,-3.0848,-0.001,0.0,0.0,0.0,-1.0,0.0,0.0,109.0,534.0
41294.0,0.0,-3.0848,0.001,0.0,0.0,0.0,-1.0,0.0,0.0,109.0,521.0
41334.0,0.0,-3.0848,0.002,0.0,0.0,0.0,-1.0,0.0,0.0,109.0,534.0
41374.0,0.0,-3.0848,-0.004,0.0,0.0,0.0,-1.0,0.0,0.0,109.0,536.0
41414.0,0.0,-3.0848,0.002,0.0,0.0,0.0,-1.0,0.0,0.0,109.0,534.0
41454.0,0.0,-3.0848,0.003,0.0,0.0,0.0,-1.0,0.0,0.0,109.0,521.0
41494.0,0.0,-3.0848,0.002,0.0,0.0,0.0,-1.0,0.0,0.0,109.0,534.0
41535.0,0.0,-3.0848,0.001,0.0,0.0,0.0,-1.0,0.0,0.0,109.0,534.0
41575.0,0.0,-3.0848,0.001,0.0,0.0,0.0,-1.0,0.0,0.0,109.0,534.0
41615.0,0.0,-3.0848,0.001,0.0,0.0,0.0,-1.0,0.0,0.0,109.0,534.0
41656.0,0.0,-3.0848,0.001,0.0,0.0,0.0,-1.0,0.0,0.0,109.0,521.0
41696.0,0.0,-3.0848,-0.001,0.0,0.0,0.0,-1.0,0.0,0.0,109.0,534.0
41736.0,0.0,-3.0848,0.002,0.0,0.0,0.0,-1.0,0.0,0.0,109.0,534.0
41776.0,0.0,-3.0848,0.003,0.0,0.0,0.0,-1.0,0.0,0.0,109.0,521.0
41816.0,0.0,-3.0848,-0.0,0.0,0.0,0.0,-1.0,0.0,0.0,109.0,534.0
41857.0,0.0,-3.0848,0.002,0.0,0.0,0.0,-1.0,0.0,0.0,109.0,534.0
41897.0,0.0,-3.0848,0.001,0.0,0.0,0.0,-1.0,0.0,0.0,109.0,534.0
41937.0,0.0,-3.0864,-0.01,0.0,0.0,0.0,-1.0,0.0,0.0,109.0,536.0
41977.0,0.0,-3.0848,0.003,0.0,0.0,0.0,-1.0,0.0,0.0,109.0,534.0
42017.0,0.0,-3.0848,0.001,0.0,0.0,0.0,-1.0,0.0,0.0,109.0,535.0
42058.0,0.0,-3.0848,-0.005,0.0,0.0,0.0,-1.0,0.0,0.0,109.0,521.0
42098.0,0.0,-3.0848,0.001,0.0,0.0,0.0,-1.0,0.0,0.0,109.0,534.0
42138.0,0.0,-3.0848,0.001,0.0,0.0,0.0,-1.0,0.0,0.0,109.0,521.0
42178.0,0.0,-3.0848,-0.0,0.0,0.0,0.0,-1.0,0.0,0.0,109.0,522.0
42218.0,0.0,-3.0848,0.001,0.0,0.0,0.0,-1.0,0.0,0.0,109.0,534.0
42259.0,0.0,-3.0848,0.003,0.0,0.0,0.0,-1.0,0.0,0.0,109.0,521.0
42299.0,0.0,-3.0848,0.002,0.0,0.0,0.0,-1.0,0.0,0.0,109.0,534.0
42339.0,0.0,-3.0864,-0.005,0.0,0.0,0.0,-1.0,0.0,0.0,109.0,536.0
42379.0,0.0,-3.0848,-0.001,0.0,0.0,0.0,-1.0,0.0,0.0,109.0,521.0
42419.0,0.0,-3.0848,-0.009,0.0,0.0,0.0,-1.0,0.0,0.0,109.0,537.0
42460.0,0.0,-3.0848,-0.004,0.0,0.0,0.0,-1.0,0.0,0.0,109.0,534.0
42500.0,0.0,-3.0864,-0.007,0.0,0.0,0.0,-1.0,0.0,0.0,109.0,536.0
42540.0,0.0,-3.0848,0.0,0.0,0.0,0.0,-1.0,0.0,0.0,109.0,534.0
42580.0,0.0,-3.0848,-0.004,0.0,0.0,0.0,-1.0,0.0,0.0,109.0,521.0
42620.0,0.0,-3.0848,0.005,0.0,0.0,0.0,-1.0,0.0,0.0,109.0,534.0
42661.0,0.0,-3.0848,0.0,0.0,0.0,0.0,-1.0,0.0,0.0,109.0,534.0
42701.0,0.0,-3.0848,0.003,0.0,0.0,0.0,-1.0,0.0,0.0,109.0,534.0
42741.0,0.0,-3.0848,0.003,0.0,0.0,0.0,-1.0,0.0,0.0,109.0,534.0
42781.0,0.0,-3.0848,0.003,0.0,0.0,0.0,-1.0,0.0,0.0,109.0,521.0
42821.0,0.0,-3.0848,0.001,0.0,0.0,0.0,-1.0,0.0,0.0,109.0,534.0
42862.0,0.0,-3.0848,-0.007,0.0,0.0,0.0,-1.0,0.0,0.0,109.0,521.0
42902.0,0.0,-3.0848,0.002,0.0,0.0,0.0,-1.0,0.0,0.0,109.0,534.0
42942.0,0.0,-3.0848,0.004,0.0,0.0,0.0,-1.0,0.0,0.0,109.0,534.0
42982.0,0.0,-3.0848,0.001,0.0,0.0,0.0,-1.0,0.0,0.0,109.0,521.0
43023.0,0.0,-3.0848,0.001,0.0,0.0,0.0,-1.0,0.0,0.0,109.0,521.0
43063.0,0.0,-3.0848,-0.006,0.0,0.0,0.0,-1.0,0.0,0.0,109.0,534.0
43103.0,0.0,-3.0864,-0.003,0.0,0.0,0.0,-1.0,0.0,0.0,109.0,523.0
43144.0,0.0,-3.0848,-0.004,0.0,0.0,0.0,-1.0,0.0,0.0,109.0,521.0
43184.0,0.0,-3.0848,0.002,0.0,0.0,0.0,-1.0,0.0,0.0,109.0,535.0
43224.0,0.0,-3.0848,0.001,0.0,0.0,0.0,-1.0,0.0,0.0,109.0,521.0
43264.0,0.0,-3.0848,-0.005,0.0,0.0,0.0,-1.0,0.0,0.0,109.0,535.0
43304.0,0.0,-3.0848,0.0,0.0,0.0,0.0,-1.0,0.0,0.0,109.0,534.0
43345.0,0.0,-3.0848,0.004,0.0,0.0,0.0,-1.0,0.0,0.0,109.0,534.0
43385.0,0.0,-3.0848,0.001,0.0,0.0,0.0,-1.0,0.0,0.0,109.0,534.0
43425.0,0.0,-3.0848,0.002,0.0,0.0,0.0,-1.0,0.0,0.0,109.0,521.0
43465.0,0.0,-3.0848,-0.0,0.0,0.0,0.0,-1.0,0.0,0.0,109.0,521.0
43505.0,0.0,-3.0848,-0.005,0.0,0.0,0.0,-1.0,0.0,0.0,109.0,523.0
43545.0,0.0,-3.0848,-0.003,0.0,0.0,0.0,-1.0,0.0,0.0,109.0,534.0
43586.0,0.0,-3.0848,0.004,0.0,0.0,0.0,-1.0,0.0,0.0,109.0,535.0
43626.0,0.0,-3.0848,0.003,0.0,0.0,0.0,-1.0,0.0,0.0,109.0,521.0
43666.0,0.0,-3.0848,0.002,0.0,0.0,0.0,-1.0,0.0,0.0,109.0,542.0
43706.0,0.0,-3.0848,-0.0,0.0,0.0,0.0,-1.0,0.0,0.0,109.0,522.0
43746.0,0.0,-3.0848,0.0,0.0,0.0,0.0,-1.0,0.0,0.0,109.0,534.0
43787.0,0.0,-3.0848,-0.002,0.0,0.0,0.0,-1.0,0.0,0.0,109.0,534.0
43827.0,0.0,-3.0848,0.003,0.0,0.0,0.0,-1.0,0.0,0.0,109.0,534.0
43867.0,0.0,-3.0848,0.002,0.0,0.0,0.0,-1.0,0.0,0.0,109.0,534.0
43908.0,0.0,-3.0848,0.002,0.0,0.0,0.0,-1.0,0.0,0.0,109.0,521.0
43948.0,0.0,-3.0848,-0.006,0.0,0.0,0.0,-1.0,0.0,0.0,109.0,536.0
43988.0,0.0,-3.0848,0.004,0.0,0.0,0.0,-1.0,0.0,0.0,109.0,521.0
44028.0,0.0,-3.0848,0.004,0.0,0.0,0.0,-1.0,0.0,0.0,109.0,521.0
44068.0,0.0,-3.0848,0.001,0.0,0.0,0.0,-1.0,0.0,0.0,109.0,534.0
44109.0,0.0,-3.0848,-0.001,0.0,0.0,0.0,-1.0,0.0,0.0,109.0,521.0
44149.0,0.0,-3.0848,0.005,0.0,0.0,0.0,-1.0,0.0,0.0,109.0,534.0
44189.0,0.0,-3.0848,-0.001,0.0,0.0,0.0,-1.0,0.0,0.0,109.0,534.0
44229.0,0.0,-3.0864,-0.004,0.0,0.0,0.0,-1.0,0.0,0.0,109.0,536.0
44270.0,0.0,-3.0848,-0.001,0.0,0.0,0.0,-1.0,0.0,0.0,109.0,521.0
44310.0,0.0,-3.0848,0.006,0.0,0.0,0.0,-1.0,0.0,0.0,109.0,534.0
44350.0,0.0,-3.0848,0.002,0.0,0.0,0.0,-1.0,0.0,0.0,109.0,534.0
44390.0,0.0,-3.0848,-0.006,0.0,0.0,0.0,-1.0,0.0,0.0,109.0,534.0
44431.0,0.0,-3.0848,0.003,0.0,0.0,0.0,-1.0,0.0,0.0,109.0,534.0
44471.0,0.0,-3.0848,0.004,0.0,0.0,0.0,-1.0,0.0,0.0,109.0,534.0
44511.0,0.0,-3.0848,0.001,0.0,0.0,0.0,-1.0,0.0,0.0,109.0,534.0
44552.0,0.0,-3.0848,-0.0,0.0,0.0,0.0,-1.0,0.0,0.0,109.0,534.0
44592.0,0.0,-3.0848,-0.005,0.0,0.0,0.0,-1.0,0.0,0.0,109.0,534.0
44632.0,0.0,-3.0848,0.003,0.0,0.0,0.0,-1.0,0.0,0.0,109.0,534.0
44673.0,0.0,-3.0848,0.002,0.0,0.0,0.0,-1.0,0.0,0.0,109.0,534.0
44713.0,0.0,-3.0848,-0.001,0.0,0.0,0.0,-1.0,0.0,0.0,109.0,534.0
44753.0,0.0,-3.0848,0.002,0.0,0.0,0.0,-1.0,0.0,0.0,109.0,534.0
44793.0,0.0,-3.0848,-0.005,0.0,0.0,0.0,-1.0,0.0,0.0,109.0,534.0
44834.0,0.0,-3.0848,0.003,0.0,0.0,0.0,-1.0,0.0,0.0,109.0,534.0
44874.0,0.0,-3.0848,0.0,0.0,0.0,0.0,-1.0,0.0,0.0,109.0,521.0
44914.0,0.0,-3.0848,-0.001,0.0,0.0,0.0,-1.0,0.0,0.0,109.0,534.0
44954.0,0.0,-3.0848,0.001,0.0,0.0,0.0,-1.0,0.0,0.0,109.0,521.0
44994.0,0.0,-3.0848,-0.004,0.0,0.0,0.0,-1.0,0.0,0.0,109.0,534.0
45034.0,0.0,-3.0848,-0.004,0.0,0.0,0.0,-1.0,0.0,0.0,109.0,534.0
45075.0,0.0,-3.0848,0.004,0.0,0.0,0.0,-1.0,0.0,0.0,109.0,534.0
45115.0,0.0,-3.0848,0.003,0.0,0.0,0.0,-1.0,0.0,0.0,109.0,521.0
45155.0,0.0,-3.0848,-0.005,0.0,0.0,0.0,-1.0,0.0,0.0,109.0,536.0
45195.0,0.0,-3.0848,-0.0,0.0,0.0,0.0,-1.0,0.0,0.0,109.0,534.0
45235.0,0.0,-3.0848,0.002,0.0,0.0,0.0,-1.0,0.0,0.0,109.0,521.0
45276.0,0.0,-3.0848,0.001,0.0,0.0,0.0,-1.0,0.0,0.0,109.0,521.0
45316.0,0.0,-3.0848,-0.005,0.0,0.0,0.0,-1.0,0.0,0.0,109.0,534.0
45356.0,0.0,-3.0848,0.002,0.0,0.0,0.0,-1.0,0.0,0.0,109.0,534.0
45396.0,0.0,-3.0864,-0.004,0.0,0.0,0.0,-1.0,0.0,0.0,109.0,523.0
45437.0,0.0,-3.0848,0.003,0.0,0.0,0.0,-1.0,0.0,0.0,109.0,522.0
45477.0,0.0,-3.0848,-0.003,0.0,0.0,0.0,-1.0,0.0,0.0,109.0,534.0
45517.0,0.0,-3.0848,0.002,0.0,0.0,0.0,-1.0,0.0,0.0,109.0,521.0
45557.0,0.0,-3.0848,0.001,0.0,0.0,0.0,-1.0,0.0,0.0,109.0,534.0
45597.0,0.0,-3.0848,0.001,0.0,0.0,0.0,-1.0,0.0,0.0,109.0,534.0
45638.0,0.0,-3.0848,0.0,0.0,0.0,0.0,-1.0,0.0,0.0,109.0,534.0
45678.0,0.0,-3.0848,0.001,0.0,0.0,0.0,-1.0,0.0,0.0,109.0,534.0
45718.0,0.0,-3.0848,-0.002,0.0,0.0,0.0,-1.0,0.0,0.0,109.0,521.0
45758.0,0.0,-3.0848,0.003,0.0,0.0,0.0,-1.0,0.0,0.0,109.0,521.0
45798.0,0.0,-3.0848,0.003,0.0,0.0,0.0,-1.0,0.0,0.0,109.0,535.0
45838.0,0.0,-3.0848,-0.004,0.0,0.0,0.0,-1.0,0.0,0.0,109.0,534.0
45878.0,0.0,-3.0848,-0.003,0.0,0.0,0.0,-1.0,0.0,0.0,109.0,536.0
45919.0,0.0,-3.0848,0.003,0.0,0.0,0.0,-1.0,0.0,0.0,109.0,522.0
45959.0,0.0,-3.0848,-0.003,0.0,0.0,0.0,-1.0,0.0,0.0,109.0,534.0
45999.0,0.0,-3.0848,0.001,0.0,0.0,0.0,-1.0,0.0,0.0,109.0,534.0
46039.0,0.0,-3.0848,0.002,0.0,0.0,0.0,-1.0,0.0,0.0,109.0,521.0
46079.0,0.0,-3.0848,0.001,0.0,0.0,0.0,-1.0,0.0,0.0,109.0,534.0
46119.0,0.0,-3.0848,-0.009,0.0,0.0,0.0,-1.0,0.0,0.0,109.0,534.0
46160.0,0.0,-3.0848,0.004,0.0,0.0,0.0,-1.0,0.0,0.0,109.0,534.0
46200.0,0.0,-3.0848,0.0,0.0,0.0,0.0,-1.0,0.0,0.0,109.0,535.0
46240.0,0.0,-3.0848,0.004,0.0,0.0,0.0,-1.0,0.0,0.0,109.0,521.0
46280.0,0.0,-3.0848,-0.002,0.0,0.0,0.0,-1.0,0.0,0.0,109.0,535.0
46320.0,0.0,-3.0848,-0.004,0.0,0.0,0.0,-1.0,0.0,0.0,109.0,541.0
46361.0,0.0,-3.0848,0.002,0.0,0.0,0.0,-1.0,0.0,0.0,109.0,534.0
46401.0,0.0,-3.0848,0.003,0.0,0.0,0.0,-1.0,0.0,0.0,109.0,521.0
46441.0,0.0,-3.0848,0.003,0.0,0.0,0.0,-1.0,0.0,0.0,109.0,534.0
46481.0,0.0,-3.0848,-0.004,0.0,0.0,0.0,-1.0,0.0,0.0,109.0,534.0
46522.0,0.0,-3.0848,0.001,0.0,0.0,0.0,-1.0,0.0,0.0,109.0,534.0
46562.0,0.0,-3.0848,0.002,0.0,0.0,0.0,-1.0,0.0,0.0,109.0,521.0
46602.0,0.0,-3.0848,0.001,0.0,0.0,0.0,-1.0,0.0,0.0,109.0,521.0
46642.0,0.0,-3.0848,0.003,0.0,0.0,0.0,-1.0,0.0,0.0,109.0,534.0
46683.0,0.0,-3.0848,0.001,0.0,0.0,0.0,-1.0,0.0,0.0,109.0,534.0
46723.0,0.0,-3.0848,-0.003,0.0,0.0,0.0,-1.0,0.0,0.0,109.0,537.0
46763.0,0.0,-3.0848,0.003,0.0,0.0,0.0,-1.0,0.0,0.0,109.0,534.0
46803.0,0.0,-3.0848,-0.002,0.0,0.0,0.0,-1.0,0.0,0.0,109.0,534.0
46844.0,0.0,-3.0848,0.002,0.0,0.0,0.0,-1.0,0.0,0.0,109.0,534.0
46884.0,0.0,-3.0848,-0.0,0.0,0.0,0.0,-1.0,0.0,0.0,109.0,535.0
46924.0,0.0,-3.0848,0.004,0.0,0.0,0.0,-1.0,0.0,0.0,109.0,521.0
46964.0,0.0,-3.0848,-0.003,0.0,0.0,0.0,-1.0,0.0,0.0,109.0,534.0
47004.0,0.0,-3.0848,-0.003,0.0,0.0,0.0,-1.0,0.0,0.0,109.0,541.0
47045.0,0.0,-3.0848,-0.002,0.0,0.0,0.0,-1.0,0.0,0.0,109.0,534.0
47085.0,0.0,-3.0848,-0.003,0.0,0.0,0.0,-1.0,0.0,0.0,109.0,534.0
47125.0,0.0,-3.0864,-0.005,0.0,0.0,0.0,-1.0,0.0,0.0,109.0,536.0
47166.0,0.0,-3.0848,0.005,0.0,0.0,0.0,-1.0,0.0,0.0,109.0,521.0
47206.0,0.0,-3.0848,0.003,0.0,0.0,0.0,-1.0,0.0,0.0,109.0,534.0
47246.0,0.0,-3.0848,0.003,0.0,0.0,0.0,-1.0,0.0,0.0,109.0,534.0
47286.0,0.0,-3.0848,-0.003,0.0,0.0,0.0,-1.0,0.0,0.0,109.0,534.0
47327.0,0.0,-3.0848,-0.003,0.0,0.0,0.0,-1.0,0.0,0.0,109.0,521.0
47367.0,0.0,-3.0848,0.005,0.0,0.0,0.0,-1.0,0.0,0.0,109.0,534.0
47407.0,0.0,-3.0848,-0.0,0.0,0.0,0.0,-1.0,0.0,0.0,109.0,534.0
47448.0,0.0,-3.0848,0.001,0.0,0.0,0.0,-1.0,0.0,0.0,109.0,521.0
47488.0,0.0,-3.0848,-0.0,0.0,0.0,0.0,-1.0,0.0,0.0,109.0,534.0
47528.0,0.0,-3.0848,0.001,0.0,0.0,0.0,-1.0,0.0,0.0,109.0,534.0
47568.0,0.0,-3.0848,0.002,0.0,0.0,0.0,-1.0,0.0,0.0,109.0,535.0
47609.0,0.0,-3.0848,0.001,0.0,0.0,0.0,-1.0,0.0,0.0,109.0,534.0
47649.0,0.0,-3.0848,-0.002,0.0,0.0,0.0,-1.0,0.0,0.0,109.0,534.0
47689.0,0.0,-3.0848,0.001,0.0,0.0,0.0,-1.0,0.0,0.0,109.0,534.0
47729.0,0.0,-3.0848,0.002,0.0,0.0,0.0,-1.0,0.0,0.0,109.0,534.0
47770.0,0.0,-3.0848,0.001,0.0,0.0,0.0,-1.0,0.0,0.0,109.0,534.0
47810.0,0.0,-3.0848,0.0,0.0,0.0,0.0,-1.0,0.0,0.0,109.0,534.0
47850.0,0.0,-3.0848,-0.003,0.0,0.0,0.0,-1.0,0.0,0.0,109.0,536.0
47891.0,0.0,-3.0848,0.003,0.0,0.0,0.0,-1.0,0.0,0.0,109.0,534.0
47931.0,0.0,-3.0848,0.0,0.0,0.0,0.0,-1.0,0.0,0.0,109.0,521.0
47971.0,0.0,-3.0848,0.002,0.0,0.0,0.0,-1.0,0.0,0.0,109.0,534.0
48011.0,0.0,-3.0848,-0.003,0.0,0.0,0.0,-1.0,0.0,0.0,109.0,528.0
48051.0,0.0,-3.0848,-0.004,0.0,0.0,0.0,-1.0,0.0,0.0,109.0,541.0
48092.0,0.0,-3.0864,-0.004,0.0,0.0,0.0,-1.0,0.0,0.0,109.0,523.0
48132.0,0.0,-3.0864,-0.005,0.0,0.0,0.0,-1.0,0.0,0.0,109.0,536.0
48172.0,0.0,-3.0848,0.002,0.0,0.0,0.0,-1.0,0.0,0.0,109.0,521.0
48212.0,0.0,-3.0848,-0.002,0.0,0.0,0.0,-1.0,0.0,0.0,109.0,534.0
48253.0,0.0,-3.0848,0.002,0.0,0.0,0.0,-1.0,0.0,0.0,109.0,534.0
48293.0,0.0,-3.0848,0.002,0.0,0.0,0.0,-1.0,0.0,0.0,109.0,521.0
48333.0,0.0,-3.0848,-0.008,0.0,0.0,0.0,-1.0,0.0,0.0,109.0,535.0
48373.0,0.0,-3.0848,0.004,0.0,0.0,0.0,-1.0,0.0,0.0,109.0,534.0
48414.0,0.0,-3.0848,-0.002,0.0,0.0,0.0,-1.0,0.0,0.0,109.0,534.0
48454.0,0.0,-3.0848,0.004,0.0,0.0,0.0,-1.0,0.0,0.0,109.0,534.0
48494.0,0.0,-3.0848,-0.003,0.0,0.0,0.0,-1.0,0.0,0.0,109.0,541.0
48534.0,0.0,-3.0848,0.001,0.0,0.0,0.0,-1.0,0.0,0.0,109.0,521.0
48574.0,0.0,-3.0864,-0.002,0.0,0.0,0.0,-1.0,0.0,0.0,109.0,536.0
48614.0,0.0,-3.0848,-0.006,0.0,0.0,0.0,-1.0,0.0,0.0,109.0,523.0
48654.0,0.0,-3.0848,0.002,0.0,0.0,0.0,-1.0,0.0,0.0,109.0,534.0
48695.0,0.0,-3.0848,-0.001,0.0,0.0,0.0,-1.0,0.0,0.0,109.0,534.0
48735.0,0.0,-3.0848,0.002,0.0,0.0,0.0,-1.0,0.0,0.0,109.0,535.0
48775.0,0.0,-3.0848,-0.001,0.0,0.0,0.0,-1.0,0.0,0.0,109.0,534.0
48816.0,0.0,-3.0848,-0.003,0.0,0.0,0.0,-1.0,0.0,0.0,109.0,521.0
48856.0,0.0,-3.0848,-0.002,0.0,0.0,0.0,-1.0,0.0,0.0,109.0,534.0
48896.0,0.0,-3.0848,-0.0,0.0,0.0,0.0,-1.0,0.0,0.0,109.0,534.0
48936.0,0.0,-3.0848,0.003,0.0,0.0,0.0,-1.0,0.0,0.0,109.0,534.0
48977.0,0.0,-3.0848,0.001,0.0,0.0,0.0,-1.0,0.0,0.0,109.0,521.0
49017.0,0.0,-3.0848,0.0,0.0,0.0,0.0,-1.0,0.0,0.0,109.0,534.0
49057.0,0.0,-3.0848,0.002,0.0,0.0,0.0,-1.0,0.0,0.0,109.0,534.0
49097.0,0.0,-3.0848,0.001,0.0,0.0,0.0,-1.0,0.0,0.0,109.0,534.0
49137.0,0.0,-3.0848,0.001,0.0,0.0,0.0,-1.0,0.0,0.0,109.0,534.0
49178.0,0.0,-3.0848,-0.001,0.0,0.0,0.0,-1.0,0.0,0.0,109.0,521.0
49218.0,0.0,-3.0848,0.002,0.0,0.0,0.0,-1.0,0.0,0.0,109.0,535.0
49258.0,0.0,-3.0848,0.0,0.0,0.0,0.0,-1.0,0.0,0.0,109.0,521.0
49298.0,0.0,-3.0848,0.0,0.0,0.0,0.0,-1.0,0.0,0.0,109.0,521.0
49339.0,0.0,-3.0848,0.002,0.0,0.0,0.0,-1.0,0.0,0.0,109.0,521.0
49379.0,0.0,-3.0864,-0.007,0.0,0.0,0.0,-1.0,0.0,0.0,109.0,523.0
49419.0,0.0,-3.0848,0.002,0.0,0.0,0.0,-1.0,0.0,0.0,109.0,534.0
49459.0,0.0,-3.0848,-0.0,0.0,0.0,0.0,-1.0,0.0,0.0,109.0,521.0
49499.0,0.0,-3.0848,-0.008,0.0,0.0,0.0,-1.0,0.0,0.0,109.0,534.0
49540.0,0.0,-3.0848,0.004,0.0,0.0,0.0,-1.0,0.0,0.0,109.0,521.0
49580.0,0.0,-3.0848,0.002,0.0,0.0,0.0,-1.0,0.0,0.0,109.0,534.0
49620.0,0.0,-3.0848,-0.002,0.0,0.0,0.0,-1.0,0.0,0.0,109.0,534.0
49660.0,0.0,-3.0848,0.001,0.0,0.0,0.0,-1.0,0.0,0.0,109.0,534.0
49700.0,0.0,-3.0848,0.002,0.0,0.0,0.0,-1.0,0.0,0.0,109.0,535.0
49741.0,0.0,-3.0848,0.002,0.0,0.0,0.0,-1.0,0.0,0.0,109.0,521.0
49781.0,0.0,-3.0848,0.002,0.0,0.0,0.0,-1.0,0.0,0.0,109.0,534.0
49821.0,0.0,-3.0848,0.0,0.0,0.0,0.0,-1.0,0.0,0.0,109.0,521.0
49861.0,0.0,-3.0848,-0.001,0.0,0.0,0.0,-1.0,0.0,0.0,109.0,534.0
49901.0,0.0,-3.0864,-0.003,0.0,0.0,0.0,-1.0,0.0,0.0,109.0,537.0
49942.0,0.0,-3.0848,-0.001,0.0,0.0,0.0,-1.0,0.0,0.0,109.0,534.0
49982.0,0.0,-3.0848,0.003,0.0,0.0,0.0,-1.0,0.0,0.0,109.0,521.0
50022.0,0.0,-3.0848,0.001,0.0,0.0,0.0,-1.0,0.0,0.0,109.0,521.0
50063.0,0.0,-3.0848,0.0,0.0,0.0,0.0,-1.0,0.0,0.0,109.0,521.0
50103.0,0.0,-3.0848,-0.002,0.0,0.0,0.0,-1.0,0.0,0.0,109.0,534.0
50143.0,0.0,-3.0848,0.001,0.0,0.0,0.0,-1.0,0.0,0.0,109.0,521.0
50183.0,0.0,-3.0848,0.0,0.0,0.0,0.0,-1.0,0.0,0.0,109.0,521.0
50223.0,0.0,-3.0848,0.0,0.0,0.0,0.0,-1.0,0.0,0.0,109.0,534.0
50264.0,0.0,-3.0848,-0.002,0.0,0.0,0.0,-1.0,0.0,0.0,109.0,534.0
50304.0,0.0,-3.0848,-0.003,0.0,0.0,0.0,-1.0,0.0,0.0,109.0,521.0
50344.0,0.0,-3.0848,0.004,0.0,0.0,0.0,-1.0,0.0,0.0,109.0,534.0
50384.0,0.0,-3.0848,0.003,0.0,0.0,0.0,-1.0,0.0,0.0,109.0,534.0
50424.0,0.0,-3.0848,0.001,0.0,0.0,0.0,-1.0,0.0,0.0,109.0,534.0
50465.0,0.0,-3.0848,-0.002,0.0,0.0,0.0,-1.0,0.0,0.0,109.0,534.0
50505.0,0.0,-3.0848,0.001,0.0,0.0,0.0,-1.0,0.0,0.0,109.0,534.0
50545.0,0.0,-3.0848,-0.003,0.0,0.0,0.0,-1.0,0.0,0.0,109.0,534.0
50586.0,0.0,-3.0848,0.001,0.0,0.0,0.0,-1.0,0.0,0.0,109.0,534.0
50626.0,0.0,-3.0848,0.001,0.0,0.0,0.0,-1.0,0.0,0.0,109.0,521.0
50666.0,0.0,-3.0848,0.001,0.0,0.0,0.0,-1.0,0.0,0.0,109.0,534.0
50706.0,0.0,-3.0848,-0.002,0.0,0.0,0.0,-1.0,0.0,0.0,109.0,521.0
50747.0,0.0,-3.0848,0.002,0.0,0.0,0.0,-1.0,0.0,0.0,109.0,521.0
50787.0,0.0,-3.0848,0.003,0.0,0.0,0.0,-1.0,0.0,0.0,109.0,534.0
50827.0,0.0,-3.0864,-0.006,0.0,0.0,0.0,-1.0,0.0,0.0,109.0,523.0
50867.0,0.0,-3.0848,0.002,0.0,0.0,0.0,-1.0,0.0,0.0,109.0,534.0
50907.0,0.0,-3.0848,-0.004,0.0,0.0,0.0,-1.0,0.0,0.0,109.0,534.0
50948.0,0.0,-3.0848,0.002,0.0,0.0,0.0,-1.0,0.0,0.0,109.0,534.0
50988.0,0.0,-3.0848,0.0,0.0,0.0,0.0,-1.0,0.0,0.0,109.0,521.0
51028.0,0.0,-3.0848,0.0,0.0,0.0,0.0,-1.0,0.0,0.0,109.0,534.0
51068.0,0.0,-3.0848,-0.002,0.0,0.0,0.0,-1.0,0.0,0.0,109.0,534.0
51108.0,0.0,-3.0848,0.001,0.0,0.0,0.0,-1.0,0.0,0.0,109.0,521.0
51149.0,0.0,-3.0848,-0.002,0.0,0.0,0.0,-1.0,0.0,0.0,109.0,521.0
51189.0,0.0,-3.0848,0.002,0.0,0.0,0.0,-1.0,0.0,0.0,109.0,534.0
51229.0,0.0,-3.0848,0.002,0.0,0.0,0.0,-1.0,0.0,0.0,109.0,534.0
51270.0,0.0,-3.0848,-0.001,0.0,0.0,0.0,-1.0,0.0,0.0,109.0,534.0
51310.0,0.0,-3.0848,0.002,0.0,0.0,0.0,-1.0,0.0,0.0,109.0,534.0
51350.0,0.0,-3.0848,-0.01,0.0,0.0,0.0,-1.0,0.0,0.0,109.0,536.0
51391.0,0.0,-3.0848,0.004,0.0,0.0,0.0,-1.0,0.0,0.0,109.0,534.0
51431.0,0.0,-3.0864,-0.003,0.0,0.0,0.0,-1.0,0.0,0.0,109.0,523.0
51471.0,0.0,-3.0864,-0.007,0.0,0.0,0.0,-1.0,0.0,0.0,109.0,536.0
51511.0,0.0,-3.0848,0.003,0.0,0.0,0.0,-1.0,0.0,0.0,109.0,534.0
51552.0,0.0,-3.0848,0.0,0.0,0.0,0.0,-1.0,0.0,0.0,109.0,522.0
51592.0,0.0,-3.0848,0.001,0.0,0.0,0.0,-1.0,0.0,0.0,109.0,534.0
51632.0,0.0,-3.0864,-0.006,0.0,0.0,0.0,-1.0,0.0,0.0,109.0,536.0
51672.0,0.0,-3.0848,-0.0,0.0,0.0,0.0,-1.0,0.0,0.0,109.0,534.0
51712.0,0.0,-3.0864,-0.007,0.0,0.0,0.0,-1.0,0.0,0.0,109.0,523.0
51752.0,0.0,-3.0848,0.002,0.0,0.0,0.0,-1.0,0.0,0.0,109.0,534.0
51793.0,0.0,-3.0848,-0.004,0.0,0.0,0.0,-1.0,0.0,0.0,109.0,534.0
51833.0,0.0,-3.0848,-0.003,0.0,0.0,0.0,-1.0,0.0,0.0,109.0,534.0
51873.0,0.0,-3.0848,0.003,0.0,0.0,0.0,-1.0,0.0,0.0,109.0,534.0
51913.0,0.0,-3.0848,0.003,0.0,0.0,0.0,-1.0,0.0,0.0,109.0,534.0
51953.0,0.0,-3.0864,-0.004,0.0,0.0,0.0,-1.0,0.0,0.0,109.0,536.0
51994.0,0.0,-3.0848,0.002,0.0,0.0,0.0,-1.0,0.0,0.0,109.0,534.0
52034.0,0.0,-3.0848,-0.004,0.0,0.0,0.0,-1.0,0.0,0.0,109.0,528.0
52074.0,0.0,-3.0864,-0.004,0.0,0.0,0.0,-1.0,0.0,0.0,109.0,523.0
52114.0,0.0,-3.0848,0.002,0.0,0.0,0.0,-1.0,0.0,0.0,109.0,521.0
52154.0,0.0,-3.0848,-0.004,0.0,0.0,0.0,-1.0,0.0,0.0,109.0,523.0
52194.0,0.0,-3.0848,0.006,0.0,0.0,0.0,-1.0,0.0,0.0,109.0,534.0
52235.0,0.0,-3.0848,-0.002,0.0,0.0,0.0,-1.0,0.0,0.0,109.0,521.0
52275.0,0.0,-3.0848,-0.002,0.0,0.0,0.0,-1.0,0.0,0.0,109.0,534.0
52315.0,0.0,-3.0848,0.002,0.0,0.0,0.0,-1.0,0.0,0.0,109.0,534.0
52355.0,0.0,-3.0848,0.002,0.0,0.0,0.0,-1.0,0.0,0.0,109.0,534.0
52395.0,0.0,-3.0848,0.002,0.0,0.0,0.0,-1.0,0.0,0.0,109.0,534.0
52435.0,0.0,-3.0848,0.002,0.0,0.0,0.0,-1.0,0.0,0.0,109.0,534.0
52475.0,0.0,-3.0864,-0.004,0.0,0.0,0.0,-1.0,0.0,0.0,109.0,523.0
52515.0,0.0,-3.0864,-0.005,0.0,0.0,0.0,-1.0,0.0,0.0,109.0,536.0
52555.0,0.0,-3.0848,0.003,0.0,0.0,0.0,-1.0,0.0,0.0,109.0,521.0
52595.0,0.0,-3.0848,0.003,0.0,0.0,0.0,-1.0,0.0,0.0,109.0,521.0
52635.0,0.0,-3.0848,0.002,0.0,0.0,0.0,-1.0,0.0,0.0,109.0,534.0
52676.0,0.0,-3.0848,0.002,0.0,0.0,0.0,-1.0,0.0,0.0,109.0,534.0
52716.0,0.0,-3.0848,-0.001,0.0,0.0,0.0,-1.0,0.0,0.0,109.0,534.0
52756.0,0.0,-3.0848,0.002,0.0,0.0,0.0,-1.0,0.0,0.0,109.0,534.0
52797.0,0.0,-3.0848,0.004,0.0,0.0,0.0,-1.0,0.0,0.0,109.0,521.0
52837.0,0.0,-3.0848,0.002,0.0,0.0,0.0,-1.0,0.0,0.0,109.0,521.0
52877.0,0.0,-3.0848,-0.001,0.0,0.0,0.0,-1.0,0.0,0.0,109.0,534.0
52917.0,0.0,-3.0848,0.004,0.0,0.0,0.0,-1.0,0.0,0.0,109.0,534.0
52958.0,0.0,-3.0848,0.001,0.0,0.0,0.0,-1.0,0.0,0.0,109.0,521.0
52998.0,0.0,-3.0848,-0.003,0.0,0.0,0.0,-1.0,0.0,0.0,109.0,534.0
53038.0,0.0,-3.0848,0.001,0.0,0.0,0.0,-1.0,0.0,0.0,109.0,521.0
53078.0,0.0,-3.0848,-0.001,0.0,0.0,0.0,-1.0,0.0,0.0,109.0,534.0
53119.0,0.0,-3.0848,0.004,0.0,0.0,0.0,-1.0,0.0,0.0,109.0,534.0
53159.0,0.0,-3.0848,-0.0,0.0,0.0,0.0,-1.0,0.0,0.0,109.0,534.0
53199.0,0.0,-3.0848,0.003,0.0,0.0,0.0,-1.0,0.0,0.0,109.0,534.0
53239.0,0.0,-3.0848,0.001,0.0,0.0,0.0,-1.0,0.0,0.0,109.0,534.0
53279.0,0.0,-3.0848,-0.002,0.0,0.0,0.0,-1.0,0.0,0.0,109.0,534.0
53320.0,0.0,-3.0848,0.002,0.0,0.0,0.0,-1.0,0.0,0.0,109.0,534.0
53360.0,0.0,-3.0848,-0.001,0.0,0.0,0.0,-1.0,0.0,0.0,109.0,534.0
53400.0,0.0,-3.0848,0.001,0.0,0.0,0.0,-1.0,0.0,0.0,109.0,521.0
53441.0,0.0,-3.0848,0.002,0.0,0.0,0.0,-1.0,0.0,0.0,109.0,521.0
53481.0,0.0,-3.0848,0.001,0.0,0.0,0.0,-1.0,0.0,0.0,109.0,534.0
53521.0,0.0,-3.0848,-0.001,0.0,0.0,0.0,-1.0,0.0,0.0,109.0,521.0
53562.0,0.0,-3.0848,0.002,0.0,0.0,0.0,-1.0,0.0,0.0,109.0,521.0
53602.0,0.0,-3.0848,0.001,0.0,0.0,0.0,-1.0,0.0,0.0,109.0,535.0
53642.0,0.0,-3.0848,0.001,0.0,0.0,0.0,-1.0,0.0,0.0,109.0,521.0
53682.0,0.0,-3.0848,0.003,0.0,0.0,0.0,-1.0,0.0,0.0,109.0,521.0
53722.0,0.0,-3.0848,-0.003,0.0,0.0,0.0,-1.0,0.0,0.0,109.0,534.0
53763.0,0.0,-3.0848,-0.001,0.0,0.0,0.0,-1.0,0.0,0.0,109.0,534.0
53803.0,0.0,-3.0848,0.002,0.0,0.0,0.0,-1.0,0.0,0.0,109.0,534.0
53843.0,0.0,-3.0848,-0.004,0.0,0.0,0.0,-1.0,0.0,0.0,109.0,541.0
53884.0,0.0,-3.0864,-0.007,0.0,0.0,0.0,-1.0,0.0,0.0,109.0,523.0
53924.0,0.0,-3.0848,0.003,0.0,0.0,0.0,-1.0,0.0,0.0,109.0,521.0
53964.0,0.0,-3.0848,-0.001,0.0,0.0,0.0,-1.0,0.0,0.0,109.0,534.0
54004.0,0.0,-3.0864,-0.009,0.0,0.0,0.0,-1.0,0.0,0.0,109.0,523.0
54044.0,0.0,-3.0848,0.0,0.0,0.0,0.0,-1.0,0.0,0.0,109.0,534.0
54084.0,0.0,-3.0848,-0.003,0.0,0.0,0.0,-1.0,0.0,0.0,109.0,535.0
54125.0,0.0,-3.0848,0.001,0.0,0.0,0.0,-1.0,0.0,0.0,109.0,521.0
54165.0,0.0,-3.0864,-0.004,0.0,0.0,0.0,-1.0,0.0,0.0,109.0,536.0
54205.0,0.0,-3.0848,0.001,0.0,0.0,0.0,-1.0,0.0,0.0,109.0,521.0
54245.0,0.0,-3.0848,-0.003,0.0,0.0,0.0,-1.0,0.0,0.0,109.0,534.0
54285.0,0.0,-3.0864,-0.006,0.0,0.0,0.0,-1.0,0.0,0.0,109.0,523.0
54325.0,0.0,-3.0848,0.004,0.0,0.0,0.0,-1.0,0.0,0.0,109.0,534.0
54365.0,0.0,-3.0848,-0.003,0.0,0.0,0.0,-1.0,0.0,0.0,109.0,541.0
54406.0,0.0,-3.0848,0.001,0.0,0.0,0.0,-1.0,0.0,0.0,109.0,521.0
54446.0,0.0,-3.0848,0.002,0.0,0.0,0.0,-1.0,0.0,0.0,109.0,534.0
54486.0,0.0,-3.0848,0.003,0.0,0.0,0.0,-1.0,0.0,0.0,109.0,534.0
54526.0,0.0,-3.0848,0.002,0.0,0.0,0.0,-1.0,0.0,0.0,109.0,534.0
54567.0,0.0,-3.0848,0.001,0.0,0.0,0.0,-1.0,0.0,0.0,109.0,534.0
54607.0,0.0,-3.0864,-0.005,0.0,0.0,0.0,-1.0,0.0,0.0,109.0,536.0
54647.0,0.0,-3.0848,-0.006,0.0,0.0,0.0,-1.0,0.0,0.0,109.0,534.0
54687.0,0.0,-3.0848,-0.002,0.0,0.0,0.0,-1.0,0.0,0.0,109.0,541.0
54728.0,0.0,-3.0848,0.0,0.0,0.0,0.0,-1.0,0.0,0.0,109.0,534.0
54768.0,0.0,-3.0864,-0.003,0.0,0.0,0.0,-1.0,0.0,0.0,109.0,536.0
54808.0,0.0,-3.0848,0.005,0.0,0.0,0.0,-1.0,0.0,0.0,109.0,534.0
54849.0,0.0,-3.0848,0.003,0.0,0.0,0.0,-1.0,0.0,0.0,109.0,521.0
54889.0,0.0,-3.0848,-0.006,0.0,0.0,0.0,-1.0,0.0,0.0,109.0,534.0
54929.0,0.0,-3.0848,-0.0,0.0,0.0,0.0,-1.0,0.0,0.0,109.0,521.0
54969.0,0.0,-3.0848,-0.004,0.0,0.0,0.0,-1.0,0.0,0.0,109.0,541.0
55009.0,0.0,-3.0848,0.001,0.0,0.0,0.0,-1.0,0.0,0.0,109.0,521.0
55049.0,0.0,-3.0848,-0.003,0.0,0.0,0.0,-1.0,0.0,0.0,109.0,534.0
55090.0,0.0,-3.0864,-0.008,0.0,0.0,0.0,-1.0,0.0,0.0,109.0,523.0
55130.0,0.0,-3.0848,0.005,0.0,0.0,0.0,-1.0,0.0,0.0,109.0,534.0
55170.0,0.0,-3.0848,0.002,0.0,0.0,0.0,-1.0,0.0,0.0,109.0,534.0
55210.0,0.0,-3.0848,-0.005,0.0,0.0,0.0,-1.0,0.0,0.0,109.0,534.0
55250.0,0.0,-3.0864,-0.003,0.0,0.0,0.0,-1.0,0.0,0.0,109.0,537.0
55291.0,0.0,-3.0848,-0.003,0.0,0.0,0.0,-1.0,0.0,0.0,109.0,534.0
55331.0,0.0,-3.0848,0.001,0.0,0.0,0.0,-1.0,0.0,0.0,109.0,521.0
55371.0,0.0,-3.0848,0.0,0.0,0.0,0.0,-1.0,0.0,0.0,109.0,521.0
55411.0,0.0,-3.0848,0.003,0.0,0.0,0.0,-1.0,0.0,0.0,109.0,534.0
55452.0,0.0,-3.0848,-0.008,0.0,0.0,0.0,-1.0,0.0,0.0,109.0,523.0
55492.0,0.0,-3.0848,-0.004,0.0,0.0,0.0,-1.0,0.0,0.0,109.0,541.0
55532.0,0.0,-3.0848,-0.001,0.0,0.0,0.0,-1.0,0.0,0.0,109.0,534.0
55572.0,0.0,-3.0848,0.003,0.0,0.0,0.0,-1.0,0.0,0.0,109.0,534.0
55613.0,0.0,-3.0848,0.004,0.0,0.0,0.0,-1.0,0.0,0.0,109.0,521.0
55653.0,0.0,-3.0848,0.001,0.0,0.0,0.0,-1.0,0.0,0.0,109.0,534.0
55693.0,0.0,-3.0848,0.003,0.0,0.0,0.0,-1.0,0.0,0.0,109.0,534.0
55733.0,0.0,-3.0848,0.001,0.0,0.0,0.0,-1.0,0.0,0.0,109.0,534.0
55774.0,0.0,-3.0848,0.003,0.0,0.0,0.0,-1.0,0.0,0.0,109.0,534.0
55814.0,0.0,-3.0848,0.002,0.0,0.0,0.0,-1.0,0.0,0.0,109.0,534.0
55854.0,0.0,-3.0864,-0.01,0.0,0.0,0.0,-1.0,0.0,0.0,109.0,536.0
55895.0,0.0,-3.0848,0.002,0.0,0.0,0.0,-1.0,0.0,0.0,109.0,534.0
55935.0,0.0,-3.0848,0.001,0.0,0.0,0.0,-1.0,0.0,0.0,109.0,535.0
55975.0,0.0,-3.0848,-0.003,0.0,0.0,0.0,-1.0,0.0,0.0,109.0,534.0
56015.0,0.0,-3.0864,-0.003,0.0,0.0,0.0,-1.0,0.0,0.0,109.0,536.0
56055.0,0.0,-3.0864,-0.004,0.0,0.0,0.0,-1.0,0.0,0.0,109.0,536.0
56096.0,0.0,-3.0848,-0.004,0.0,0.0,0.0,-1.0,0.0,0.0,109.0,534.0
56136.0,0.0,-3.0848,0.005,0.0,0.0,0.0,-1.0,0.0,0.0,109.0,534.0
56176.0,0.0,-3.0848,0.003,0.0,0.0,0.0,-1.0,0.0,0.0,109.0,534.0
56217.0,0.0,-3.0848,-0.001,0.0,0.0,0.0,-1.0,0.0,0.0,109.0,534.0
56257.0,0.0,-3.0848,0.0,0.0,0.0,0.0,-1.0,0.0,0.0,109.0,534.0
56297.0,0.0,-3.0848,0.002,0.0,0.0,0.0,-1.0,0.0,0.0,109.0,521.0
56338.0,0.0,-3.0848,0.002,0.0,0.0,0.0,-1.0,0.0,0.0,109.0,521.0
56378.0,0.0,-3.0848,0.002,0.0,0.0,0.0,-1.0,0.0,0.0,109.0,534.0
56418.0,0.0,-3.0848,-0.001,0.0,0.0,0.0,-1.0,0.0,0.0,109.0,534.0
56458.0,0.0,-3.0848,0.003,0.0,0.0,0.0,-1.0,0.0,0.0,109.0,534.0
56499.0,0.0,-3.0848,0.001,0.0,0.0,0.0,-1.0,0.0,0.0,109.0,521.0
56539.0,0.0,-3.0848,0.001,0.0,0.0,0.0,-1.0,0.0,0.0,109.0,534.0
56579.0,0.0,-3.0848,0.001,0.0,0.0,0.0,-1.0,0.0,0.0,109.0,534.0
56619.0,0.0,-3.0848,0.0,0.0,0.0,0.0,-1.0,0.0,0.0,109.0,521.0
56660.0,0.0,-3.0848,0.001,0.0,0.0,0.0,-1.0,0.0,0.0,109.0,521.0
56700.0,0.0,-3.0848,0.002,0.0,0.0,0.0,-1.0,0.0,0.0,109.0,534.0
56740.0,0.0,-3.0848,0.0,0.0,0.0,0.0,-1.0,0.0,0.0,109.0,534.0
56780.0,0.0,-3.0848,-0.004,0.0,0.0,0.0,-1.0,0.0,0.0,109.0,534.0
56821.0,0.0,-3.0848,0.001,0.0,0.0,0.0,-1.0,0.0,0.0,109.0,521.0
56861.0,0.0,-3.0848,0.001,0.0,0.0,0.0,-1.0,0.0,0.0,109.0,534.0
56901.0,0.0,-3.0864,-0.01,0.0,0.0,0.0,-1.0,0.0,0.0,109.0,523.0
56941.0,0.0,-3.0848,0.003,0.0,0.0,0.0,-1.0,0.0,0.0,109.0,534.0
56981.0,0.0,-3.0848,0.001,0.0,0.0,0.0,-1.0,0.0,0.0,109.0,534.0
57021.0,0.0,-3.0848,-0.002,0.0,0.0,0.0,-1.0,0.0,0.0,109.0,534.0
57062.0,0.0,-3.0848,0.001,0.0,0.0,0.0,-1.0,0.0,0.0,109.0,534.0
57102.0,0.0,-3.0848,0.005,0.0,0.0,0.0,-1.0,0.0,0.0,109.0,534.0
57142.0,0.0,-3.0848,-0.0,0.0,0.0,0.0,-1.0,0.0,0.0,109.0,534.0
57183.0,0.0,-3.0848,0.002,0.0,0.0,0.0,-1.0,0.0,0.0,109.0,535.0
57223.0,0.0,-3.0864,-0.004,0.0,0.0,0.0,-1.0,0.0,0.0,109.0,523.0
57263.0,0.0,-3.0864,-0.006,0.0,0.0,0.0,-1.0,0.0,0.0,109.0,536.0
57303.0,0.0,-3.0848,0.001,0.0,0.0,0.0,-1.0,0.0,0.0,109.0,521.0
57343.0,0.0,-3.0848,0.002,0.0,0.0,0.0,-1.0,0.0,0.0,109.0,534.0
57384.0,0.0,-3.0848,0.001,0.0,0.0,0.0,-1.0,0.0,0.0,109.0,521.0
57424.0,0.0,-3.0848,-0.002,0.0,0.0,0.0,-1.0,0.0,0.0,109.0,534.0
57464.0,0.0,-3.0848,0.002,0.0,0.0,0.0,-1.0,0.0,0.0,109.0,534.0
57505.0,0.0,-3.0848,0.001,0.0,0.0,0.0,-1.0,0.0,0.0,109.0,534.0
57545.0,0.0,-3.0848,-0.001,0.0,0.0,0.0,-1.0,0.0,0.0,109.0,521.0
57585.0,0.0,-3.0848,-0.001,0.0,0.0,0.0,-1.0,0.0,0.0,109.0,521.0
57625.0,0.0,-3.0848,-0.0,0.0,0.0,0.0,-1.0,0.0,0.0,109.0,534.0
57665.0,0.0,-3.0848,-0.002,0.0,0.0,0.0,-1.0,0.0,0.0,109.0,534.0
57706.0,0.0,-3.0848,0.001,0.0,0.0,0.0,-1.0,0.0,0.0,109.0,534.0
57746.0,0.0,-3.0848,0.002,0.0,0.0,0.0,-1.0,0.0,0.0,109.0,521.0
57786.0,0.0,-3.0848,-0.007,0.0,0.0,0.0,-1.0,0.0,0.0,109.0,534.0
57826.0,0.0,-3.0848,-0.001,0.0,0.0,0.0,-1.0,0.0,0.0,109.0,534.0
57867.0,0.0,-3.0848,-0.002,0.0,0.0,0.0,-1.0,0.0,0.0,109.0,534.0
57907.0,0.0,-3.0848,-0.0,0.0,0.0,0.0,-1.0,0.0,0.0,109.0,534.0
57947.0,0.0,-3.0864,-0.005,0.0,0.0,0.0,-1.0,0.0,0.0,109.0,536.0
57987.0,0.0,-3.0848,-0.001,0.0,0.0,0.0,-1.0,0.0,0.0,109.0,534.0
58027.0,0.0,-3.0848,0.003,0.0,0.0,0.0,-1.0,0.0,0.0,109.0,534.0
58068.0,0.0,-3.0848,-0.0,0.0,0.0,0.0,-1.0,0.0,0.0,109.0,534.0
58108.0,0.0,-3.0848,0.002,0.0,0.0,0.0,-1.0,0.0,0.0,109.0,534.0
58148.0,0.0,-3.0848,-0.004,0.0,0.0,0.0,-1.0,0.0,0.0,109.0,534.0
58189.0,0.0,-3.0848,0.002,0.0,0.0,0.0,-1.0,0.0,0.0,109.0,534.0
58229.0,0.0,-3.0848,0.002,0.0,0.0,0.0,-1.0,0.0,0.0,109.0,534.0
58269.0,0.0,-3.0848,0.003,0.0,0.0,0.0,-1.0,0.0,0.0,109.0,534.0
58310.0,0.0,-3.0848,-0.003,0.0,0.0,0.0,-1.0,0.0,0.0,109.0,534.0
58350.0,0.0,-3.0848,-0.0,0.0,0.0,0.0,-1.0,0.0,0.0,109.0,534.0
58390.0,0.0,-3.0848,-0.003,0.0,0.0,0.0,-1.0,0.0,0.0,109.0,541.0
58431.0,0.0,-3.0848,0.0,0.0,0.0,0.0,-1.0,0.0,0.0,109.0,534.0
58471.0,0.0,-3.0848,0.002,0.0,0.0,0.0,-1.0,0.0,0.0,109.0,534.0
58511.0,0.0,-3.0848,-0.001,0.0,0.0,0.0,-1.0,0.0,0.0,109.0,535.0
58552.0,0.0,-3.0864,-0.006,0.0,0.0,0.0,-1.0,0.0,0.0,109.0,523.0
58592.0,0.0,-3.0848,0.004,0.0,0.0,0.0,-1.0,0.0,0.0,109.0,534.0
58632.0,0.0,-3.0848,0.001,0.0,0.0,0.0,-1.0,0.0,0.0,109.0,535.0
58673.0,0.0,-3.0848,0.001,0.0,0.0,0.0,-1.0,0.0,0.0,109.0,521.0
58713.0,0.0,-3.0848,-0.001,0.0,0.0,0.0,-1.0,0.0,0.0,109.0,534.0
58753.0,0.0,-3.0848,0.005,0.0,0.0,0.0,-1.0,0.0,0.0,109.0,534.0
58793.0,0.0,-3.0848,-0.006,0.0,0.0,0.0,-1.0,0.0,0.0,109.0,536.0
58833.0,0.0,-3.0848,0.002,0.0,0.0,0.0,-1.0,0.0,0.0,109.0,534.0
58873.0,0.0,-3.0848,0.002,0.0,0.0,0.0,-1.0,0.0,0.0,109.0,534.0
58914.0,0.0,-3.0848,-0.001,0.0,0.0,0.0,-1.0,0.0,0.0,109.0,534.0
58954.0,0.0,-3.0848,0.001,0.0,0.0,0.0,-1.0,0.0,0.0,109.0,534.0
58994.0,0.0,-3.0848,0.001,0.0,0.0,0.0,-1.0,0.0,0.0,109.0,534.0
59034.0,0.0,-3.0848,0.002,0.0,0.0,0.0,-1.0,0.0,0.0,109.0,535.0
59074.0,0.0,-3.0848,-0.001,0.0,0.0,0.0,-1.0,0.0,0.0,109.0,534.0
59115.0,0.0,-3.0848,0.003,0.0,0.0,0.0,-1.0,0.0,0.0,109.0,521.0
59155.0,0.0,-3.0848,0.003,0.0,0.0,0.0,-1.0,0.0,0.0,109.0,534.0
59195.0,0.0,-3.0848,0.001,0.0,0.0,0.0,-1.0,0.0,0.0,109.0,521.0
59235.0,0.0,-3.0848,0.002,0.0,0.0,0.0,-1.0,0.0,0.0,109.0,534.0
59276.0,0.0,-3.0848,0.003,0.0,0.0,0.0,-1.0,0.0,0.0,109.0,534.0
59316.0,0.0,-3.0848,-0.008,0.0,0.0,0.0,-1.0,0.0,0.0,109.0,536.0
59356.0,0.0,-3.0848,0.002,0.0,0.0,0.0,-1.0,0.0,0.0,109.0,534.0
59396.0,0.0,-3.0848,-0.0,0.0,0.0,0.0,-1.0,0.0,0.0,109.0,534.0
59436.0,0.0,-3.0848,-0.0,0.0,0.0,0.0,-1.0,0.0,0.0,109.0,534.0
59477.0,0.0,-3.0848,0.003,0.0,0.0,0.0,-1.0,0.0,0.0,109.0,534.0
59517.0,0.0,-3.0848,-0.007,0.0,0.0,0.0,-1.0,0.0,0.0,109.0,536.0
59557.0,0.0,-3.0848,-0.003,0.0,0.0,0.0,-1.0,0.0,0.0,109.0,521.0
59597.0,0.0,-3.0848,0.002,0.0,0.0,0.0,-1.0,0.0,0.0,109.0,534.0
59638.0,0.0,-3.0848,-0.001,0.0,0.0,0.0,-1.0,0.0,0.0,109.0,521.0
59678.0,0.0,-3.0848,0.0,0.0,0.0,0.0,-1.0,0.0,0.0,109.0,534.0
59718.0,0.0,-3.0848,0.004,0.0,0.0,0.0,-1.0,0.0,0.0,109.0,534.0
59758.0,0.0,-3.0848,0.002,0.0,0.0,0.0,-1.0,0.0,0.0,109.0,534.0
59799.0,0.0,-3.0848,0.0,0.0,0.0,0.0,-1.0,0.0,0.0,109.0,534.0
59839.0,0.0,-3.0848,-0.003,0.0,0.0,0.0,-1.0,0.0,0.0,109.0,541.0
59879.0,0.0,-3.0848,0.006,0.0,0.0,0.0,-1.0,0.0,0.0,109.0,534.0
59920.0,0.0,-3.0848,0.001,0.0,0.0,0.0,-1.0,0.0,0.0,109.0,521.0
59960.0,0.0,-3.0848,0.001,0.0,0.0,0.0,-1.0,0.0,0.0,109.0,534.0
60000.0,0.0,-3.0848,0.001,0.0,0.0,0.0,-1.0,0.0,0.0,109.0,521.0
60041.0,0.0,-3.0848,0.001,0.0,0.0,0.0,-1.0,0.0,0.0,109.0,521.0
60081.0,0.0,-3.0848,-0.0,0.0,0.0,0.0,-1.0,0.0,0.0,109.0,534.0
60121.0,0.0,-3.0848,0.002,0.0,0.0,0.0,-1.0,0.0,0.0,109.0,521.0
60161.0,0.0,-3.0848,0.002,0.0,0.0,0.0,-1.0,0.0,0.0,109.0,521.0
60201.0,0.0,-3.0864,-0.005,0.0,0.0,0.0,-1.0,0.0,0.0,109.0,536.0
60242.0,0.0,-3.0848,0.001,0.0,0.0,0.0,-1.0,0.0,0.0,109.0,521.0
60282.0,0.0,-3.0848,-0.003,0.0,0.0,0.0,-1.0,0.0,0.0,109.0,534.0
60322.0,0.0,-3.0848,0.001,0.0,0.0,0.0,-1.0,0.0,0.0,109.0,534.0
60362.0,0.0,-3.0848,0.002,0.0,0.0,0.0,-1.0,0.0,0.0,109.0,521.0
60402.0,0.0,-3.0848,0.001,0.0,0.0,0.0,-1.0,0.0,0.0,109.0,535.0
60443.0,0.0,-3.0848,-0.0,0.0,0.0,0.0,-1.0,0.0,0.0,109.0,534.0
60483.0,0.0,-3.0848,-0.001,0.0,0.0,0.0,-1.0,0.0,0.0,109.0,534.0
60523.0,0.0,-3.0848,0.002,0.0,0.0,0.0,-1.0,0.0,0.0,109.0,534.0
60563.0,0.0,-3.0864,-0.005,0.0,0.0,0.0,-1.0,0.0,0.0,109.0,536.0
60604.0,0.0,-3.0848,-0.001,0.0,0.0,0.0,-1.0,0.0,0.0,109.0,534.0
60644.0,0.0,-3.0848,0.001,0.0,0.0,0.0,-1.0,0.0,0.0,109.0,521.0
60684.0,0.0,-3.0848,-0.001,0.0,0.0,0.0,-1.0,0.0,0.0,109.0,534.0
60724.0,0.0,-3.0848,-0.001,0.0,0.0,0.0,-1.0,0.0,0.0,109.0,534.0
60765.0,0.0,-3.0848,0.0,0.0,0.0,0.0,-1.0,0.0,0.0,109.0,534.0
60805.0,0.0,-3.0848,0.004,0.0,0.0,0.0,-1.0,0.0,0.0,109.0,521.0
60845.0,0.0,-3.0848,-0.0,0.0,0.0,0.0,-1.0,0.0,0.0,109.0,521.0
60886.0,0.0,-3.0848,0.002,0.0,0.0,0.0,-1.0,0.0,0.0,109.0,521.0
60926.0,0.0,-3.0864,-0.011,0.0,0.0,0.0,-1.0,0.0,0.0,109.0,534.0
60966.0,0.0,-3.0864,-0.003,0.0,0.0,0.0,-1.0,0.0,0.0,109.0,536.0
61006.0,0.0,-3.0864,-0.009,0.0,0.0,0.0,-1.0,0.0,0.0,109.0,534.0
61047.0,0.0,-3.0848,0.003,0.0,0.0,0.0,-1.0,0.0,0.0,109.0,521.0
61087.0,0.0,-3.0848,0.001,0.0,0.0,0.0,-1.0,0.0,0.0,109.0,534.0
61127.0,0.0,-3.0848,0.001,0.0,0.0,0.0,-1.0,0.0,0.0,109.0,521.0
61167.0,0.0,-3.0848,0.002,0.0,0.0,0.0,-1.0,0.0,0.0,109.0,534.0
61208.0,0.0,-3.0848,0.002,0.0,0.0,0.0,-1.0,0.0,0.0,109.0,534.0
61248.0,0.0,-3.0848,0.003,0.0,0.0,0.0,-1.0,0.0,0.0,109.0,521.0
61288.0,0.0,-3.0848,0.001,0.0,0.0,0.0,-1.0,0.0,0.0,109.0,534.0
61328.0,0.0,-3.0848,0.004,0.0,0.0,0.0,-1.0,0.0,0.0,109.0,521.0
61368.0,0.0,-3.0848,0.004,0.0,0.0,0.0,-1.0,0.0,0.0,109.0,534.0
61409.0,0.0,-3.0848,0.003,0.0,0.0,0.0,-1.0,0.0,0.0,109.0,521.0
61449.0,0.0,-3.0848,-0.0,0.0,0.0,0.0,-1.0,0.0,0.0,109.0,534.0
61489.0,0.0,-3.0848,0.002,0.0,0.0,0.0,-1.0,0.0,0.0,109.0,534.0
61529.0,0.0,-3.0848,-0.002,0.0,0.0,0.0,-1.0,0.0,0.0,109.0,534.0
61570.0,0.0,-3.0848,-0.001,0.0,0.0,0.0,-1.0,0.0,0.0,109.0,534.0
61610.0,0.0,-3.0848,-0.001,0.0,0.0,0.0,-1.0,0.0,0.0,109.0,534.0
61650.0,0.0,-3.0848,0.004,0.0,0.0,0.0,-1.0,0.0,0.0,109.0,534.0
61691.0,0.0,-3.0848,0.002,0.0,0.0,0.0,-1.0,0.0,0.0,109.0,521.0
61731.0,0.0,-3.0848,-0.002,0.0,0.0,0.0,-1.0,0.0,0.0,109.0,534.0
61771.0,0.0,-3.0848,0.003,0.0,0.0,0.0,-1.0,0.0,0.0,109.0,521.0
61811.0,0.0,-3.0848,0.003,0.0,0.0,0.0,-1.0,0.0,0.0,109.0,521.0
61852.0,0.0,-3.0848,0.001,0.0,0.0,0.0,-1.0,0.0,0.0,109.0,521.0
61892.0,0.0,-3.0848,0.001,0.0,0.0,0.0,-1.0,0.0,0.0,109.0,534.0
61932.0,0.0,-3.0848,-0.007,0.0,0.0,0.0,-1.0,0.0,0.0,109.0,536.0
61972.0,0.0,-3.0848,0.0,0.0,0.0,0.0,-1.0,0.0,0.0,109.0,521.0
62012.0,0.0,-3.0848,0.005,0.0,0.0,0.0,-1.0,0.0,0.0,109.0,534.0
62052.0,0.0,-3.0848,0.004,0.0,0.0,0.0,-1.0,0.0,0.0,109.0,534.0
62093.0,0.0,-3.0848,0.0,0.0,0.0,0.0,-1.0,0.0,0.0,109.0,521.0
62133.0,0.0,-3.0848,0.003,0.0,0.0,0.0,-1.0,0.0,0.0,109.0,534.0
62173.0,0.0,-3.0848,0.002,0.0,0.0,0.0,-1.0,0.0,0.0,109.0,534.0
62213.0,0.0,-3.0848,0.001,0.0,0.0,0.0,-1.0,0.0,0.0,109.0,534.0
62253.0,0.0,-3.0848,0.001,0.0,0.0,0.0,-1.0,0.0,0.0,109.0,534.0
62294.0,0.0,-3.0848,-0.002,0.0,0.0,0.0,-1.0,0.0,0.0,109.0,534.0
62334.0,0.0,-3.0848,-0.009,0.0,0.0,0.0,-1.0,0.0,0.0,109.0,536.0
62374.0,0.0,-3.0848,0.002,0.0,0.0,0.0,-1.0,0.0,0.0,109.0,534.0
62415.0,0.0,-3.0848,-0.0,0.0,0.0,0.0,-1.0,0.0,0.0,109.0,534.0
62455.0,0.0,-3.0848,-0.002,0.0,0.0,0.0,-1.0,0.0,0.0,109.0,541.0
62495.0,0.0,-3.0848,0.002,0.0,0.0,0.0,-1.0,0.0,0.0,109.0,534.0
62536.0,0.0,-3.0848,0.002,0.0,0.0,0.0,-1.0,0.0,0.0,109.0,522.0
62576.0,0.0,-3.0848,-0.001,0.0,0.0,0.0,-1.0,0.0,0.0,109.0,534.0
62616.0,0.0,-3.0848,-0.005,0.0,0.0,0.0,-1.0,0.0,0.0,109.0,534.0
62656.0,0.0,-3.0848,0.004,0.0,0.0,0.0,-1.0,0.0,0.0,109.0,534.0
62697.0,0.0,-3.0848,0.002,0.0,0.0,0.0,-1.0,0.0,0.0,109.0,521.0
62737.0,0.0,-3.0848,0.0,0.0,0.0,0.0,-1.0,0.0,0.0,109.0,534.0
62777.0,0.0,-3.0848,0.0,0.0,0.0,0.0,-1.0,0.0,0.0,109.0,521.0
62817.0,0.0,-3.0864,-0.002,0.0,0.0,0.0,-1.0,0.0,0.0,109.0,524.0
62858.0,0.0,-3.0848,0.004,0.0,0.0,0.0,-1.0,0.0,0.0,109.0,521.0
62898.0,0.0,-3.0848,0.001,0.0,0.0,0.0,-1.0,0.0,0.0,109.0,534.0
62938.0,0.0,-3.0848,0.002,0.0,0.0,0.0,-1.0,0.0,0.0,109.0,534.0
62979.0,0.0,-3.0848,0.002,0.0,0.0,0.0,-1.0,0.0,0.0,109.0,534.0
63019.0,0.0,-3.0848,0.0,0.0,0.0,0.0,-1.0,0.0,0.0,109.0,534.0
63059.0,0.0,-3.0848,0.002,0.0,0.0,0.0,-1.0,0.0,0.0,109.0,534.0
63099.0,0.0,-3.0864,-0.003,0.0,0.0,0.0,-1.0,0.0,0.0,109.0,536.0
63140.0,0.0,-3.0848,-0.002,0.0,0.0,0.0,-1.0,0.0,0.0,109.0,534.0
63180.0,0.0,-3.0848,0.003,0.0,0.0,0.0,-1.0,0.0,0.0,109.0,534.0
63220.0,0.0,-3.0848,-0.0,0.0,0.0,0.0,-1.0,0.0,0.0,109.0,534.0
63260.0,0.0,-3.0848,-0.003,0.0,0.0,0.0,-1.0,0.0,0.0,109.0,528.0
63300.0,0.0,-3.0848,0.001,0.0,0.0,0.0,-1.0,0.0,0.0,109.0,534.0
63341.0,0.0,-3.0848,0.002,0.0,0.0,0.0,-1.0,0.0,0.0,109.0,521.0
63381.0,0.0,-3.0848,-0.001,0.0,0.0,0.0,-1.0,0.0,0.0,109.0,534.0
63421.0,0.0,-3.0848,-0.004,0.0,0.0,0.0,-1.0,0.0,0.0,109.0,534.0
63461.0,0.0,-3.0848,0.003,0.0,0.0,0.0,-1.0,0.0,0.0,109.0,534.0
63501.0,0.0,-3.0864,-0.016,0.0,0.0,0.0,-1.0,0.0,0.0,109.0,537.0
63541.0,0.0,-3.0848,0.005,0.0,0.0,0.0,-1.0,0.0,0.0,109.0,521.0
63581.0,0.0,-3.0848,-0.007,0.0,0.0,0.0,-1.0,0.0,0.0,109.0,523.0
63621.0,0.0,-3.0848,0.002,0.0,0.0,0.0,-1.0,0.0,0.0,109.0,534.0
63662.0,0.0,-3.0848,0.002,0.0,0.0,0.0,-1.0,0.0,0.0,109.0,534.0
63702.0,0.0,-3.0848,0.002,0.0,0.0,0.0,-1.0,0.0,0.0,109.0,534.0
63742.0,0.0,-3.0848,0.0,0.0,0.0,0.0,-1.0,0.0,0.0,109.0,534.0
63782.0,0.0,-3.0848,0.003,0.0,0.0,0.0,-1.0,0.0,0.0,109.0,534.0
63822.0,0.0,-3.0848,0.0,0.0,0.0,0.0,-1.0,0.0,0.0,109.0,534.0
63862.0,0.0,-3.0848,-0.001,0.0,0.0,0.0,-1.0,0.0,0.0,109.0,521.0
63902.0,0.0,-3.0864,-0.007,0.0,0.0,0.0,-1.0,0.0,0.0,109.0,535.0
63943.0,0.0,-3.0848,0.003,0.0,0.0,0.0,-1.0,0.0,0.0,109.0,521.0
63983.0,0.0,-3.0848,-0.007,0.0,0.0,0.0,-1.0,0.0,0.0,109.0,523.0
64023.0,0.0,-3.0848,0.001,0.0,0.0,0.0,-1.0,0.0,0.0,109.0,521.0
64063.0,0.0,-3.0848,0.003,0.0,0.0,0.0,-1.0,0.0,0.0,109.0,534.0
64103.0,0.0,-3.0848,0.001,0.0,0.0,0.0,-1.0,0.0,0.0,109.0,521.0
64144.0,0.0,-3.0848,-0.001,0.0,0.0,0.0,-1.0,0.0,0.0,109.0,521.0
64184.0,0.0,-3.0848,-0.001,0.0,0.0,0.0,-1.0,0.0,0.0,109.0,534.0
64224.0,0.0,-3.0848,-0.0,0.0,0.0,0.0,-1.0,0.0,0.0,109.0,534.0
64265.0,0.0,-3.0848,0.0,0.0,0.0,0.0,-1.0,0.0,0.0,109.0,534.0
64305.0,0.0,-3.0848,0.003,0.0,0.0,0.0,-1.0,0.0,0.0,109.0,534.0
64345.0,0.0,-3.0848,0.002,0.0,0.0,0.0,-1.0,0.0,0.0,109.0,534.0
64386.0,0.0,-3.0848,0.002,0.0,0.0,0.0,-1.0,0.0,0.0,109.0,521.0
64426.0,0.0,-3.0864,-0.002,0.0,0.0,0.0,-1.0,0.0,0.0,109.0,536.0
64466.0,0.0,-3.0848,0.003,0.0,0.0,0.0,-1.0,0.0,0.0,109.0,534.0
64506.0,0.0,-3.0848,-0.003,0.0,0.0,0.0,-1.0,0.0,0.0,109.0,534.0
64547.0,0.0,-3.0848,-0.003,0.0,0.0,0.0,-1.0,0.0,0.0,109.0,534.0
64587.0,0.0,-3.0848,0.002,0.0,0.0,0.0,-1.0,0.0,0.0,109.0,534.0
64627.0,0.0,-3.0848,0.001,0.0,0.0,0.0,-1.0,0.0,0.0,109.0,521.0
64667.0,0.0,-3.0848,0.001,0.0,0.0,0.0,-1.0,0.0,0.0,109.0,522.0
64708.0,0.0,-3.0848,-0.001,0.0,0.0,0.0,-1.0,0.0,0.0,109.0,521.0
64748.0,0.0,-3.0848,-0.001,0.0,0.0,0.0,-1.0,0.0,0.0,109.0,534.0
64788.0,0.0,-3.0848,0.003,0.0,0.0,0.0,-1.0,0.0,0.0,109.0,534.0
64829.0,0.0,-3.0848,0.001,0.0,0.0,0.0,-1.0,0.0,0.0,109.0,521.0
64869.0,0.0,-3.0864,-0.009,0.0,0.0,0.0,-1.0,0.0,0.0,109.0,536.0
64909.0,0.0,-3.0848,0.001,0.0,0.0,0.0,-1.0,0.0,0.0,109.0,534.0
64949.0,0.0,-3.0848,0.002,0.0,0.0,0.0,-1.0,0.0,0.0,109.0,542.0
64989.0,0.0,-3.0848,-0.001,0.0,0.0,0.0,-1.0,0.0,0.0,109.0,534.0
65029.0,0.0,-3.0848,-0.002,0.0,0.0,0.0,-1.0,0.0,0.0,109.0,534.0
65070.0,0.0,-3.0848,0.003,0.0,0.0,0.0,-1.0,0.0,0.0,109.0,521.0
65110.0,0.0,-3.0848,0.001,0.0,0.0,0.0,-1.0,0.0,0.0,109.0,534.0
65150.0,0.0,-3.0848,-0.007,0.0,0.0,0.0,-1.0,0.0,0.0,109.0,537.0
65190.0,0.0,-3.0848,0.002,0.0,0.0,0.0,-1.0,0.0,0.0,109.0,521.0
65230.0,0.0,-3.0848,0.002,0.0,0.0,0.0,-1.0,0.0,0.0,109.0,534.0
65270.0,0.0,-3.0848,-0.002,0.0,0.0,0.0,-1.0,0.0,0.0,109.0,534.0
65310.0,0.0,-3.0848,-0.002,0.0,0.0,0.0,-1.0,0.0,0.0,109.0,541.0
65351.0,0.0,-3.0848,0.002,0.0,0.0,0.0,-1.0,0.0,0.0,109.0,534.0
65391.0,0.0,-3.0848,0.0,0.0,0.0,0.0,-1.0,0.0,0.0,109.0,521.0
65431.0,0.0,-3.0864,-0.003,0.0,0.0,0.0,-1.0,0.0,0.0,109.0,536.0
65471.0,0.0,-3.0864,-0.006,0.0,0.0,0.0,-1.0,0.0,0.0,109.0,536.0
65512.0,0.0,-3.0848,0.003,0.0,0.0,0.0,-1.0,0.0,0.0,109.0,534.0
65552.0,0.0,-3.0848,0.0,0.0,0.0,0.0,-1.0,0.0,0.0,109.0,534.0
65592.0,0.0,-3.0848,0.004,0.0,0.0,0.0,-1.0,0.0,0.0,109.0,534.0
65633.0,0.0,-3.0848,0.003,0.0,0.0,0.0,-1.0,0.0,0.0,109.0,534.0
65673.0,0.0,-3.0848,0.001,0.0,0.0,0.0,-1.0,0.0,0.0,109.0,534.0
65713.0,0.0,-3.0848,0.0,0.0,0.0,0.0,-1.0,0.0,0.0,109.0,521.0
65753.0,0.0,-3.0848,-0.002,0.0,0.0,0.0,-1.0,0.0,0.0,109.0,534.0
65794.0,0.0,-3.0848,0.001,0.0,0.0,0.0,-1.0,0.0,0.0,109.0,521.0
65834.0,0.0,-3.0848,0.001,0.0,0.0,0.0,-1.0,0.0,0.0,109.0,534.0
65874.0,0.0,-3.0848,0.0,0.0,0.0,0.0,-1.0,0.0,0.0,109.0,521.0
65914.0,0.0,-3.0848,-0.0,0.0,0.0,0.0,-1.0,0.0,0.0,109.0,534.0
65954.0,0.0,-3.0848,0.001,0.0,0.0,0.0,-1.0,0.0,0.0,109.0,521.0
65995.0,0.0,-3.0848,-0.002,0.0,0.0,0.0,-1.0,0.0,0.0,109.0,521.0
66035.0,0.0,-3.0848,-0.004,0.0,0.0,0.0,-1.0,0.0,0.0,109.0,534.0
66075.0,0.0,-3.0848,-0.003,0.0,0.0,0.0,-1.0,0.0,0.0,109.0,534.0
66115.0,0.0,-3.0848,0.005,0.0,0.0,0.0,-1.0,0.0,0.0,109.0,534.0
66155.0,0.0,-3.0848,0.001,0.0,0.0,0.0,-1.0,0.0,0.0,109.0,534.0
66196.0,0.0,-3.0848,0.002,0.0,0.0,0.0,-1.0,0.0,0.0,109.0,534.0
66236.0,0.0,-3.0848,0.002,0.0,0.0,0.0,-1.0,0.0,0.0,109.0,535.0
66276.0,0.0,-3.0848,-0.004,0.0,0.0,0.0,-1.0,0.0,0.0,109.0,534.0
66317.0,0.0,-3.0848,-0.003,0.0,0.0,0.0,-1.0,0.0,0.0,109.0,521.0
66357.0,0.0,-3.0848,0.003,0.0,0.0,0.0,-1.0,0.0,0.0,109.0,534.0
66397.0,0.0,-3.0848,0.001,0.0,0.0,0.0,-1.0,0.0,0.0,109.0,534.0
66437.0,0.0,-3.0848,0.001,0.0,0.0,0.0,-1.0,0.0,0.0,109.0,534.0
66478.0,0.0,-3.0848,-0.002,0.0,0.0,0.0,-1.0,0.0,0.0,109.0,534.0
66518.0,0.0,-3.0848,0.003,0.0,0.0,0.0,-1.0,0.0,0.0,109.0,534.0
66558.0,0.0,-3.0848,-0.008,0.0,0.0,0.0,-1.0,0.0,0.0,109.0,534.0
66599.0,0.0,-3.0848,0.003,0.0,0.0,0.0,-1.0,0.0,0.0,109.0,521.0
66639.0,0.0,-3.0848,0.001,0.0,0.0,0.0,-1.0,0.0,0.0,109.0,534.0
66679.0,0.0,-3.0848,-0.001,0.0,0.0,0.0,-1.0,0.0,0.0,109.0,534.0
66719.0,0.0,-3.0848,-0.001,0.0,0.0,0.0,-1.0,0.0,0.0,109.0,534.0
66760.0,0.0,-3.0848,0.005,0.0,0.0,0.0,-1.0,0.0,0.0,109.0,534.0
66800.0,0.0,-3.0848,-0.001,0.0,0.0,0.0,-1.0,0.0,0.0,109.0,535.0
66840.0,0.0,-3.0848,0.0,0.0,0.0,0.0,-1.0,0.0,0.0,109.0,521.0
66880.0,0.0,-3.0848,0.001,0.0,0.0,0.0,-1.0,0.0,0.0,109.0,534.0
66920.0,0.0,-3.0848,-0.001,0.0,0.0,0.0,-1.0,0.0,0.0,109.0,534.0
66961.0,0.0,-3.0848,-0.002,0.0,0.0,0.0,-1.0,0.0,0.0,109.0,534.0
67001.0,0.0,-3.0848,0.003,0.0,0.0,0.0,-1.0,0.0,0.0,109.0,534.0
67041.0,0.0,-3.0848,-0.003,0.0,0.0,0.0,-1.0,0.0,0.0,109.0,534.0
67081.0,0.0,-3.0848,0.002,0.0,0.0,0.0,-1.0,0.0,0.0,109.0,534.0
67121.0,0.0,-3.0848,-0.001,0.0,0.0,0.0,-1.0,0.0,0.0,109.0,534.0
67162.0,0.0,-3.0848,0.004,0.0,0.0,0.0,-1.0,0.0,0.0,109.0,521.0
67202.0,0.0,-3.0848,-0.005,0.0,0.0,0.0,-1.0,0.0,0.0,109.0,537.0
67242.0,0.0,-3.0848,0.002,0.0,0.0,0.0,-1.0,0.0,0.0,109.0,534.0
67282.0,0.0,-3.0848,0.005,0.0,0.0,0.0,-1.0,0.0,0.0,109.0,534.0
67323.0,0.0,-3.0848,-0.003,0.0,0.0,0.0,-1.0,0.0,0.0,109.0,521.0
67363.0,0.0,-3.0848,0.004,0.0,0.0,0.0,-1.0,0.0,0.0,109.0,534.0
67403.0,0.0,-3.0848,-0.002,0.0,0.0,0.0,-1.0,0.0,0.0,109.0,535.0
67443.0,0.0,-3.0848,-0.002,0.0,0.0,0.0,-1.0,0.0,0.0,109.0,521.0
67483.0,0.0,-3.0848,0.001,0.0,0.0,0.0,-1.0,0.0,0.0,109.0,542.0
67523.0,0.0,-3.0864,-0.006,0.0,0.0,0.0,-1.0,0.0,0.0,109.0,536.0
67564.0,0.0,-3.0864,-0.008,0.0,0.0,0.0,-1.0,0.0,0.0,109.0,523.0
67604.0,0.0,-3.0848,0.005,0.0,0.0,0.0,-1.0,0.0,0.0,109.0,542.0
67644.0,0.0,-3.0848,-0.002,0.0,0.0,0.0,-1.0,0.0,0.0,109.0,521.0
67684.0,0.0,-3.0848,0.002,0.0,0.0,0.0,-1.0,0.0,0.0,109.0,534.0
67725.0,0.0,-3.0848,0.002,0.0,0.0,0.0,-1.0,0.0,0.0,109.0,534.0
67765.0,0.0,-3.0848,-0.001,0.0,0.0,0.0,-1.0,0.0,0.0,109.0,534.0
67805.0,0.0,-3.0848,-0.002,0.0,0.0,0.0,-1.0,0.0,0.0,109.0,535.0
67845.0,0.0,-3.0848,0.003,0.0,0.0,0.0,-1.0,0.0,0.0,109.0,534.0
67885.0,0.0,-3.0848,-0.003,0.0,0.0,0.0,-1.0,0.0,0.0,109.0,541.0
67926.0,0.0,-3.0848,-0.001,0.0,0.0,0.0,-1.0,0.0,0.0,109.0,521.0
67966.0,0.0,-3.0848,0.002,0.0,0.0,0.0,-1.0,0.0,0.0,109.0,534.0
68006.0,0.0,-3.0848,-0.002,0.0,0.0,0.0,-1.0,0.0,0.0,109.0,541.0
68046.0,0.0,-3.0848,0.003,0.0,0.0,0.0,-1.0,0.0,0.0,109.0,534.0
68086.0,0.0,-3.0848,0.001,0.0,0.0,0.0,-1.0,0.0,0.0,109.0,534.0
68127.0,0.0,-3.0848,0.003,0.0,0.0,0.0,-1.0,0.0,0.0,109.0,521.0
68167.0,0.0,-3.0848,-0.0,0.0,0.0,0.0,-1.0,0.0,0.0,109.0,534.0
68207.0,0.0,-3.0848,0.002,0.0,0.0,0.0,-1.0,0.0,0.0,109.0,534.0
68247.0,0.0,-3.0848,0.002,0.0,0.0,0.0,-1.0,0.0,0.0,109.0,534.0
68288.0,0.0,-3.0848,0.002,0.0,0.0,0.0,-1.0,0.0,0.0,109.0,534.0
68328.0,0.0,-3.0848,-0.004,0.0,0.0,0.0,-1.0,0.0,0.0,109.0,534.0
68368.0,0.0,-3.0848,0.002,0.0,0.0,0.0,-1.0,0.0,0.0,109.0,534.0
68409.0,0.0,-3.0848,0.003,0.0,0.0,0.0,-1.0,0.0,0.0,109.0,534.0
68449.0,0.0,-3.0848,0.003,0.0,0.0,0.0,-1.0,0.0,0.0,109.0,534.0
68489.0,0.0,-3.0848,0.001,0.0,0.0,0.0,-1.0,0.0,0.0,109.0,534.0
68529.0,0.0,-3.0864,-0.007,0.0,0.0,0.0,-1.0,0.0,0.0,109.0,536.0
68569.0,0.0,-3.0848,0.003,0.0,0.0,0.0,-1.0,0.0,0.0,109.0,534.0
68609.0,0.0,-3.0848,-0.0,0.0,0.0,0.0,-1.0,0.0,0.0,109.0,534.0
68650.0,0.0,-3.0848,0.004,0.0,0.0,0.0,-1.0,0.0,0.0,109.0,521.0
68690.0,0.0,-3.0848,-0.005,0.0,0.0,0.0,-1.0,0.0,0.0,109.0,534.0
68730.0,0.0,-3.0848,0.005,0.0,0.0,0.0,-1.0,0.0,0.0,109.0,534.0
68770.0,0.0,-3.0848,-0.001,0.0,0.0,0.0,-1.0,0.0,0.0,109.0,534.0
68811.0,0.0,-3.0848,0.0,0.0,0.0,0.0,-1.0,0.0,0.0,109.0,521.0
68851.0,0.0,-3.0848,-0.002,0.0,0.0,0.0,-1.0,0.0,0.0,109.0,534.0
68891.0,0.0,-3.0848,0.002,0.0,0.0,0.0,-1.0,0.0,0.0,109.0,534.0
68931.0,0.0,-3.0848,0.001,0.0,0.0,0.0,-1.0,0.0,0.0,109.0,534.0
68972.0,0.0,-3.0848,0.001,0.0,0.0,0.0,-1.0,0.0,0.0,109.0,521.0
69012.0,0.0,-3.0848,0.0,0.0,0.0,0.0,-1.0,0.0,0.0,109.0,534.0
69052.0,0.0,-3.0848,-0.0,0.0,0.0,0.0,-1.0,0.0,0.0,109.0,534.0
69093.0,0.0,-3.0848,-0.002,0.0,0.0,0.0,-1.0,0.0,0.0,109.0,534.0
69133.0,0.0,-3.0848,0.004,0.0,0.0,0.0,-1.0,0.0,0.0,109.0,521.0
69173.0,0.0,-3.0848,0.001,0.0,0.0,0.0,-1.0,0.0,0.0,109.0,534.0
69213.0,0.0,-3.0848,0.002,0.0,0.0,0.0,-1.0,0.0,0.0,109.0,521.0
69253.0,0.0,-3.0848,-0.008,0.0,0.0,0.0,-1.0,0.0,0.0,109.0,534.0
69294.0,0.0,-3.0848,0.0,0.0,0.0,0.0,-1.0,0.0,0.0,109.0,534.0
69334.0,0.0,-3.0848,0.004,0.0,0.0,0.0,-1.0,0.0,0.0,109.0,535.0
69374.0,0.0,-3.0848,0.002,0.0,0.0,0.0,-1.0,0.0,0.0,109.0,534.0
69415.0,0.0,-3.0848,0.002,0.0,0.0,0.0,-1.0,0.0,0.0,109.0,521.0
69455.0,0.0,-3.0848,-0.003,0.0,0.0,0.0,-1.0,0.0,0.0,109.0,534.0
69495.0,0.0,-3.0848,0.001,0.0,0.0,0.0,-1.0,0.0,0.0,109.0,534.0
69535.0,0.0,-3.0864,-0.003,0.0,0.0,0.0,-1.0,0.0,0.0,109.0,536.0
69576.0,0.0,-3.0848,0.003,0.0,0.0,0.0,-1.0,0.0,0.0,109.0,534.0
69616.0,0.0,-3.0848,-0.003,0.0,0.0,0.0,-1.0,0.0,0.0,109.0,534.0
69656.0,0.0,-3.0848,-0.003,0.0,0.0,0.0,-1.0,0.0,0.0,109.0,534.0
69697.0,0.0,-3.0848,0.0,0.0,0.0,0.0,-1.0,0.0,0.0,109.0,534.0
69737.0,0.0,-3.0848,0.002,0.0,0.0,0.0,-1.0,0.0,0.0,109.0,534.0
69777.0,0.0,-3.0848,0.001,0.0,0.0,0.0,-1.0,0.0,0.0,109.0,534.0
69817.0,0.0,-3.0848,0.002,0.0,0.0,0.0,-1.0,0.0,0.0,109.0,534.0
69857.0,0.0,-3.0848,0.001,0.0,0.0,0.0,-1.0,0.0,0.0,109.0,534.0
69897.0,0.0,-3.0848,0.001,0.0,0.0,0.0,-1.0,0.0,0.0,109.0,534.0
69938.0,0.0,-3.0848,-0.001,0.0,0.0,0.0,-1.0,0.0,0.0,109.0,534.0
69978.0,0.0,-3.0848,0.003,0.0,0.0,0.0,-1.0,0.0,0.0,109.0,534.0
70018.0,0.0,-3.0848,0.001,0.0,0.0,0.0,-1.0,0.0,0.0,109.0,521.0
70059.0,0.0,-3.0848,0.001,0.0,0.0,0.0,-1.0,0.0,0.0,109.0,521.0
70099.0,0.0,-3.0848,0.001,0.0,0.0,0.0,-1.0,0.0,0.0,109.0,534.0
70139.0,0.0,-3.0864,-0.006,0.0,0.0,0.0,-1.0,0.0,0.0,109.0,523.0
70179.0,0.0,-3.0864,-0.006,0.0,0.0,0.0,-1.0,0.0,0.0,109.0,523.0
70219.0,0.0,-3.0848,-0.005,0.0,0.0,0.0,-1.0,0.0,0.0,109.0,536.0
70260.0,0.0,-3.0848,0.003,0.0,0.0,0.0,-1.0,0.0,0.0,109.0,521.0
70300.0,0.0,-3.0848,0.002,0.0,0.0,0.0,-1.0,0.0,0.0,109.0,534.0
70340.0,0.0,-3.0848,0.001,0.0,0.0,0.0,-1.0,0.0,0.0,109.0,534.0
70380.0,0.0,-3.0848,-0.003,0.0,0.0,0.0,-1.0,0.0,0.0,109.0,534.0
70420.0,0.0,-3.0848,0.003,0.0,0.0,0.0,-1.0,0.0,0.0,109.0,534.0
70461.0,0.0,-3.0848,0.003,0.0,0.0,0.0,-1.0,0.0,0.0,109.0,534.0
70501.0,0.0,-3.0848,-0.001,0.0,0.0,0.0,-1.0,0.0,0.0,109.0,534.0
70541.0,0.0,-3.0848,-0.001,0.0,0.0,0.0,-1.0,0.0,0.0,109.0,534.0
70582.0,0.0,-3.0848,0.002,0.0,0.0,0.0,-1.0,0.0,0.0,109.0,534.0
70622.0,0.0,-3.0848,-0.003,0.0,0.0,0.0,-1.0,0.0,0.0,109.0,534.0
70662.0,0.0,-3.0848,-0.0,0.0,0.0,0.0,-1.0,0.0,0.0,109.0,534.0
70703.0,0.0,-3.0848,0.004,0.0,0.0,0.0,-1.0,0.0,0.0,109.0,534.0
70743.0,0.0,-3.0848,0.002,0.0,0.0,0.0,-1.0,0.0,0.0,109.0,534.0
70783.0,0.0,-3.0848,0.002,0.0,0.0,0.0,-1.0,0.0,0.0,109.0,534.0
70824.0,0.0,-3.0848,-0.002,0.0,0.0,0.0,-1.0,0.0,0.0,109.0,534.0
70864.0,0.0,-3.0848,-0.002,0.0,0.0,0.0,-1.0,0.0,0.0,109.0,534.0
70904.0,0.0,-3.0848,0.001,0.0,0.0,0.0,-1.0,0.0,0.0,109.0,521.0
70944.0,0.0,-3.0848,-0.0,0.0,0.0,0.0,-1.0,0.0,0.0,109.0,534.0
70985.0,0.0,-3.0848,0.002,0.0,0.0,0.0,-1.0,0.0,0.0,109.0,534.0
71025.0,0.0,-3.0848,-0.003,0.0,0.0,0.0,-1.0,0.0,0.0,109.0,541.0
71065.0,0.0,-3.0848,-0.002,0.0,0.0,0.0,-1.0,0.0,0.0,109.0,534.0
71105.0,0.0,-3.0848,0.001,0.0,0.0,0.0,-1.0,0.0,0.0,109.0,534.0
71146.0,0.0,-3.0848,0.002,0.0,0.0,0.0,-1.0,0.0,0.0,109.0,521.0
71186.0,0.0,-3.0848,-0.002,0.0,0.0,0.0,-1.0,0.0,0.0,109.0,534.0
71226.0,0.0,-3.0864,-0.008,0.0,0.0,0.0,-1.0,0.0,0.0,109.0,536.0
71266.0,0.0,-3.0848,0.003,0.0,0.0,0.0,-1.0,0.0,0.0,109.0,534.0
71306.0,0.0,-3.0848,0.003,0.0,0.0,0.0,-1.0,0.0,0.0,109.0,534.0
71347.0,0.0,-3.0848,-0.001,0.0,0.0,0.0,-1.0,0.0,0.0,109.0,521.0
71387.0,0.0,-3.0848,-0.002,0.0,0.0,0.0,-1.0,0.0,0.0,109.0,534.0
71427.0,0.0,-3.0848,-0.003,0.0,0.0,0.0,-1.0,0.0,0.0,109.0,534.0
71467.0,0.0,-3.0848,-0.001,0.0,0.0,0.0,-1.0,0.0,0.0,109.0,534.0
71507.0,0.0,-3.0848,0.002,0.0,0.0,0.0,-1.0,0.0,0.0,109.0,534.0
71548.0,0.0,-3.0848,0.002,0.0,0.0,0.0,-1.0,0.0,0.0,109.0,521.0
71588.0,0.0,-3.0848,0.003,0.0,0.0,0.0,-1.0,0.0,0.0,109.0,534.0
71628.0,0.0,-3.0848,-0.002,0.0,0.0,0.0,-1.0,0.0,0.0,109.0,534.0
71668.0,0.0,-3.0848,0.003,0.0,0.0,0.0,-1.0,0.0,0.0,109.0,534.0
71708.0,0.0,-3.0848,0.003,0.0,0.0,0.0,-1.0,0.0,0.0,109.0,521.0
71748.0,0.0,-3.0848,0.003,0.0,0.0,0.0,-1.0,0.0,0.0,109.0,521.0
71788.0,0.0,-3.0848,0.001,0.0,0.0,0.0,-1.0,0.0,0.0,109.0,534.0
71829.0,0.0,-3.0848,0.004,0.0,0.0,0.0,-1.0,0.0,0.0,109.0,521.0
71869.0,0.0,-3.0848,0.002,0.0,0.0,0.0,-1.0,0.0,0.0,109.0,534.0
71909.0,0.0,-3.0848,0.002,0.0,0.0,0.0,-1.0,0.0,0.0,109.0,534.0
71949.0,0.0,-3.0848,0.001,0.0,0.0,0.0,-1.0,0.0,0.0,109.0,534.0
71989.0,0.0,-3.0848,0.001,0.0,0.0,0.0,-1.0,0.0,0.0,109.0,534.0
72029.0,0.0,-3.0864,-0.011,0.0,0.0,0.0,-1.0,0.0,0.0,109.0,536.0
72069.0,0.0,-3.0848,-0.0,0.0,0.0,0.0,-1.0,0.0,0.0,109.0,521.0
72109.0,0.0,-3.0848,0.0,0.0,0.0,0.0,-1.0,0.0,0.0,109.0,541.0
72149.0,0.0,-3.0848,0.003,0.0,0.0,0.0,-1.0,0.0,0.0,109.0,521.0
72190.0,0.0,-3.0848,0.002,0.0,0.0,0.0,-1.0,0.0,0.0,109.0,521.0
72230.0,0.0,-3.0848,0.003,0.0,0.0,0.0,-1.0,0.0,0.0,109.0,534.0
72270.0,0.0,-3.0848,-0.002,0.0,0.0,0.0,-1.0,0.0,0.0,109.0,534.0
72310.0,0.0,-3.0848,0.002,0.0,0.0,0.0,-1.0,0.0,0.0,109.0,534.0
72351.0,0.0,-3.0848,-0.001,0.0,0.0,0.0,-1.0,0.0,0.0,109.0,534.0
72391.0,0.0,-3.0848,-0.0,0.0,0.0,0.0,-1.0,0.0,0.0,109.0,534.0
72431.0,0.0,-3.0848,0.002,0.0,0.0,0.0,-1.0,0.0,0.0,109.0,534.0
72471.0,0.0,-3.0848,0.004,0.0,0.0,0.0,-1.0,0.0,0.0,109.0,534.0
72511.0,0.0,-3.0848,-0.002,0.0,0.0,0.0,-1.0,0.0,0.0,109.0,534.0
72551.0,0.0,-3.0848,-0.002,0.0,0.0,0.0,-1.0,0.0,0.0,109.0,528.0
72591.0,0.0,-3.0848,0.0,0.0,0.0,0.0,-1.0,0.0,0.0,109.0,521.0
72631.0,0.0,-3.0848,-0.001,0.0,0.0,0.0,-1.0,0.0,0.0,109.0,534.0
72671.0,0.0,-3.0848,-0.003,0.0,0.0,0.0,-1.0,0.0,0.0,109.0,542.0
72712.0,0.0,-3.0864,-0.005,0.0,0.0,0.0,-1.0,0.0,0.0,109.0,523.0
72752.0,0.0,-3.0848,0.005,0.0,0.0,0.0,-1.0,0.0,0.0,109.0,534.0
72792.0,0.0,-3.0848,0.003,0.0,0.0,0.0,-1.0,0.0,0.0,109.0,534.0
72833.0,0.0,-3.0848,0.002,0.0,0.0,0.0,-1.0,0.0,0.0,109.0,534.0
72873.0,0.0,-3.0848,-0.003,0.0,0.0,0.0,-1.0,0.0,0.0,109.0,534.0
72913.0,0.0,-3.0848,-0.006,0.0,0.0,0.0,-1.0,0.0,0.0,109.0,534.0
72953.0,0.0,-3.0848,0.002,0.0,0.0,0.0,-1.0,0.0,0.0,109.0,521.0
72994.0,0.0,-3.0848,0.003,0.0,0.0,0.0,-1.0,0.0,0.0,109.0,521.0
73034.0,0.0,-3.0848,-0.003,0.0,0.0,0.0,-1.0,0.0,0.0,109.0,534.0
73074.0,0.0,-3.0848,0.004,0.0,0.0,0.0,-1.0,0.0,0.0,109.0,521.0
73114.0,0.0,-3.0864,-0.004,0.0,0.0,0.0,-1.0,0.0,0.0,109.0,536.0
73155.0,0.0,-3.0848,0.003,0.0,0.0,0.0,-1.0,0.0,0.0,109.0,521.0
73195.0,0.0,-3.0848,0.001,0.0,0.0,0.0,-1.0,0.0,0.0,109.0,534.0
73235.0,0.0,-3.0848,0.002,0.0,0.0,0.0,-1.0,0.0,0.0,109.0,534.0
73275.0,0.0,-3.0848,0.0,0.0,0.0,0.0,-1.0,0.0,0.0,109.0,521.0
73316.0,0.0,-3.0864,-0.007,0.0,0.0,0.0,-1.0,0.0,0.0,109.0,523.0
73356.0,0.0,-3.0848,0.0,0.0,0.0,0.0,-1.0,0.0,0.0,109.0,534.0
73396.0,0.0,-3.0848,0.002,0.0,0.0,0.0,-1.0,0.0,0.0,109.0,534.0
73437.0,0.0,-3.0848,0.002,0.0,0.0,0.0,-1.0,0.0,0.0,109.0,534.0
73477.0,0.0,-3.0848,0.004,0.0,0.0,0.0,-1.0,0.0,0.0,109.0,534.0
73517.0,0.0,-3.0848,-0.001,0.0,0.0,0.0,-1.0,0.0,0.0,109.0,534.0
73557.0,0.0,-3.0848,0.002,0.0,0.0,0.0,-1.0,0.0,0.0,109.0,534.0
73597.0,0.0,-3.0848,0.002,0.0,0.0,0.0,-1.0,0.0,0.0,109.0,534.0
73637.0,0.0,-3.0848,0.002,0.0,0.0,0.0,-1.0,0.0,0.0,109.0,535.0
73677.0,0.0,-3.0848,0.002,0.0,0.0,0.0,-1.0,0.0,0.0,109.0,534.0
73718.0,0.0,-3.0848,-0.007,0.0,0.0,0.0,-1.0,0.0,0.0,109.0,521.0
73758.0,0.0,-3.0848,-0.007,0.0,0.0,0.0,-1.0,0.0,0.0,109.0,523.0
73798.0,0.0,-3.0848,0.003,0.0,0.0,0.0,-1.0,0.0,0.0,109.0,521.0
73838.0,0.0,-3.0848,0.002,0.0,0.0,0.0,-1.0,0.0,0.0,109.0,521.0
73878.0,0.0,-3.0848,0.003,0.0,0.0,0.0,-1.0,0.0,0.0,109.0,534.0
73919.0,0.0,-3.0848,0.002,0.0,0.0,0.0,-1.0,0.0,0.0,109.0,521.0
73959.0,0.0,-3.0864,-0.004,0.0,0.0,0.0,-1.0,0.0,0.0,109.0,536.0
73999.0,0.0,-3.0848,-0.002,0.0,0.0,0.0,-1.0,0.0,0.0,109.0,521.0
74039.0,0.0,-3.0848,-0.004,0.0,0.0,0.0,-1.0,0.0,0.0,109.0,521.0
74079.0,0.0,-3.0848,-0.002,0.0,0.0,0.0,-1.0,0.0,0.0,109.0,521.0
74120.0,0.0,-3.0848,-0.002,0.0,0.0,0.0,-1.0,0.0,0.0,109.0,521.0
74160.0,0.0,-3.0848,0.002,0.0,0.0,0.0,-1.0,0.0,0.0,109.0,534.0
74200.0,0.0,-3.0848,0.003,0.0,0.0,0.0,-1.0,0.0,0.0,109.0,521.0
74241.0,0.0,-3.0848,-0.005,0.0,0.0,0.0,-1.0,0.0,0.0,109.0,521.0
74281.0,0.0,-3.0864,-0.003,0.0,0.0,0.0,-1.0,0.0,0.0,109.0,536.0
74321.0,0.0,-3.0848,0.001,0.0,0.0,0.0,-1.0,0.0,0.0,109.0,522.0
74361.0,0.0,-3.0848,-0.002,0.0,0.0,0.0,-1.0,0.0,0.0,109.0,521.0
74401.0,0.0,-3.0848,0.003,0.0,0.0,0.0,-1.0,0.0,0.0,109.0,535.0
74442.0,0.0,-3.0848,0.0,0.0,0.0,0.0,-1.0,0.0,0.0,109.0,521.0
74482.0,0.0,-3.0848,0.002,0.0,0.0,0.0,-1.0,0.0,0.0,109.0,534.0
74522.0,0.0,-3.0848,-0.009,0.0,0.0,0.0,-1.0,0.0,0.0,109.0,534.0
74562.0,0.0,-3.0848,0.001,0.0,0.0,0.0,-1.0,0.0,0.0,109.0,535.0
74602.0,0.0,-3.0848,-0.001,0.0,0.0,0.0,-1.0,0.0,0.0,109.0,534.0
74642.0,0.0,-3.0848,0.001,0.0,0.0,0.0,-1.0,0.0,0.0,109.0,534.0
74682.0,0.0,-3.0848,0.002,0.0,0.0,0.0,-1.0,0.0,0.0,109.0,534.0
74722.0,0.0,-3.0848,0.005,0.0,0.0,0.0,-1.0,0.0,0.0,109.0,534.0
74763.0,0.0,-3.0848,-0.006,0.0,0.0,0.0,-1.0,0.0,0.0,109.0,534.0
74803.0,0.0,-3.0848,-0.005,0.0,0.0,0.0,-1.0,0.0,0.0,109.0,536.0
74843.0,0.0,-3.0848,0.001,0.0,0.0,0.0,-1.0,0.0,0.0,109.0,534.0
74883.0,0.0,-3.0848,0.001,0.0,0.0,0.0,-1.0,0.0,0.0,109.0,534.0
74924.0,0.0,-3.0848,0.003,0.0,0.0,0.0,-1.0,0.0,0.0,109.0,521.0
74964.0,0.0,-3.0848,0.002,0.0,0.0,0.0,-1.0,0.0,0.0,109.0,534.0
75004.0,0.0,-3.0848,-0.002,0.0,0.0,0.0,-1.0,0.0,0.0,109.0,528.0
75045.0,0.0,-3.0848,-0.002,0.0,0.0,0.0,-1.0,0.0,0.0,109.0,521.0
75085.0,0.0,-3.0848,0.002,0.0,0.0,0.0,-1.0,0.0,0.0,109.0,534.0
75125.0,0.0,-3.0848,0.0,0.0,0.0,0.0,-1.0,0.0,0.0,109.0,534.0
75165.0,0.0,-3.0848,0.002,0.0,0.0,0.0,-1.0,0.0,0.0,109.0,521.0
75205.0,0.0,-3.0848,-0.005,0.0,0.0,0.0,-1.0,0.0,0.0,109.0,534.0
75246.0,0.0,-3.0848,-0.004,0.0,0.0,0.0,-1.0,0.0,0.0,109.0,521.0
75286.0,0.0,-3.0848,0.001,0.0,0.0,0.0,-1.0,0.0,0.0,109.0,534.0
75326.0,0.0,-3.0848,0.003,0.0,0.0,0.0,-1.0,0.0,0.0,109.0,521.0
75366.0,0.0,-3.0848,0.003,0.0,0.0,0.0,-1.0,0.0,0.0,109.0,521.0
75406.0,0.0,-3.0848,0.002,0.0,0.0,0.0,-1.0,0.0,0.0,109.0,534.0
75446.0,0.0,-3.0864,-0.002,0.0,0.0,0.0,-1.0,0.0,0.0,109.0,537.0
75487.0,0.0,-3.0848,0.001,0.0,0.0,0.0,-1.0,0.0,0.0,109.0,521.0
75527.0,0.0,-3.0848,0.002,0.0,0.0,0.0,-1.0,0.0,0.0,109.0,534.0
75567.0,0.0,-3.0848,0.002,0.0,0.0,0.0,-1.0,0.0,0.0,109.0,521.0
75608.0,0.0,-3.0848,-0.004,0.0,0.0,0.0,-1.0,0.0,0.0,109.0,521.0
75648.0,0.0,-3.0848,0.004,0.0,0.0,0.0,-1.0,0.0,0.0,109.0,534.0
75688.0,0.0,-3.0848,0.002,0.0,0.0,0.0,-1.0,0.0,0.0,109.0,542.0
75728.0,0.0,-3.0848,0.002,0.0,0.0,0.0,-1.0,0.0,0.0,109.0,534.0
75768.0,0.0,-3.0848,0.003,0.0,0.0,0.0,-1.0,0.0,0.0,109.0,535.0
75809.0,0.0,-3.0848,-0.005,0.0,0.0,0.0,-1.0,0.0,0.0,109.0,541.0
75849.0,0.0,-3.0848,-0.003,0.0,0.0,0.0,-1.0,0.0,0.0,109.0,521.0
75889.0,0.0,-3.0848,0.0,0.0,0.0,0.0,-1.0,0.0,0.0,109.0,521.0
75929.0,0.0,-3.0848,-0.007,0.0,0.0,0.0,-1.0,0.0,0.0,109.0,535.0
75969.0,0.0,-3.0848,0.002,0.0,0.0,0.0,-1.0,0.0,0.0,109.0,535.0
76010.0,0.0,-3.0848,0.001,0.0,0.0,0.0,-1.0,0.0,0.0,109.0,534.0
76050.0,0.0,-3.0848,-0.007,0.0,0.0,0.0,-1.0,0.0,0.0,109.0,534.0
76090.0,0.0,-3.0848,0.004,0.0,0.0,0.0,-1.0,0.0,0.0,109.0,521.0
76130.0,0.0,-3.0848,0.002,0.0,0.0,0.0,-1.0,0.0,0.0,109.0,534.0
76171.0,0.0,-3.0848,0.002,0.0,0.0,0.0,-1.0,0.0,0.0,109.0,534.0
76211.0,0.0,-3.0864,-0.004,0.0,0.0,0.0,-1.0,0.0,0.0,109.0,536.0
76251.0,0.0,-3.0848,0.002,0.0,0.0,0.0,-1.0,0.0,0.0,109.0,535.0
76291.0,0.0,-3.0848,-0.007,0.0,0.0,0.0,-1.0,0.0,0.0,109.0,534.0
76332.0,0.0,-3.0848,0.002,0.0,0.0,0.0,-1.0,0.0,0.0,109.0,534.0
76372.0,0.0,-3.0848,0.002,0.0,0.0,0.0,-1.0,0.0,0.0,109.0,521.0
76412.0,0.0,-3.0848,0.0,0.0,0.0,0.0,-1.0,0.0,0.0,109.0,521.0
76452.0,0.0,-3.0848,-0.0,0.0,0.0,0.0,-1.0,0.0,0.0,109.0,534.0
76492.0,0.0,-3.0848,0.004,0.0,0.0,0.0,-1.0,0.0,0.0,109.0,534.0
76533.0,0.0,-3.0848,0.0,0.0,0.0,0.0,-1.0,0.0,0.0,109.0,534.0
76573.0,0.0,-3.0848,-0.002,0.0,0.0,0.0,-1.0,0.0,0.0,109.0,534.0
76613.0,0.0,-3.0848,-0.004,0.0,0.0,0.0,-1.0,0.0,0.0,109.0,536.0
76654.0,0.0,-3.0848,0.002,0.0,0.0,0.0,-1.0,0.0,0.0,109.0,534.0
76694.0,0.0,-3.0848,0.002,0.0,0.0,0.0,-1.0,0.0,0.0,109.0,534.0
76734.0,0.0,-3.0848,0.003,0.0,0.0,0.0,-1.0,0.0,0.0,109.0,534.0
76774.0,0.0,-3.0848,-0.002,0.0,0.0,0.0,-1.0,0.0,0.0,109.0,521.0
76814.0,0.0,-3.0848,-0.003,0.0,0.0,0.0,-1.0,0.0,0.0,109.0,541.0
76855.0,0.0,-3.0848,0.004,0.0,0.0,0.0,-1.0,0.0,0.0,109.0,534.0
76895.0,0.0,-3.0848,-0.002,0.0,0.0,0.0,-1.0,0.0,0.0,109.0,541.0
76935.0,0.0,-3.0848,0.002,0.0,0.0,0.0,-1.0,0.0,0.0,109.0,534.0
76975.0,0.0,-3.0848,0.001,0.0,0.0,0.0,-1.0,0.0,0.0,109.0,534.0
77016.0,0.0,-3.0848,-0.0,0.0,0.0,0.0,-1.0,0.0,0.0,109.0,534.0
77056.0,0.0,-3.0848,0.002,0.0,0.0,0.0,-1.0,0.0,0.0,109.0,534.0
77096.0,0.0,-3.0848,0.002,0.0,0.0,0.0,-1.0,0.0,0.0,109.0,534.0
77137.0,0.0,-3.0848,-0.001,0.0,0.0,0.0,-1.0,0.0,0.0,109.0,534.0
77177.0,0.0,-3.0848,0.001,0.0,0.0,0.0,-1.0,0.0,0.0,109.0,521.0
77217.0,0.0,-3.0848,-0.005,0.0,0.0,0.0,-1.0,0.0,0.0,109.0,534.0
77257.0,0.0,-3.0848,0.003,0.0,0.0,0.0,-1.0,0.0,0.0,109.0,534.0
77298.0,0.0,-3.0848,0.001,0.0,0.0,0.0,-1.0,0.0,0.0,109.0,521.0
77338.0,0.0,-3.0848,-0.002,0.0,0.0,0.0,-1.0,0.0,0.0,109.0,534.0
77378.0,0.0,-3.0848,-0.004,0.0,0.0,0.0,-1.0,0.0,0.0,109.0,534.0
77418.0,0.0,-3.0848,-0.001,0.0,0.0,0.0,-1.0,0.0,0.0,109.0,542.0
77458.0,0.0,-3.0848,0.002,0.0,0.0,0.0,-1.0,0.0,0.0,109.0,534.0
77498.0,0.0,-3.0848,-0.005,0.0,0.0,0.0,-1.0,0.0,0.0,109.0,536.0
77539.0,0.0,-3.0848,0.002,0.0,0.0,0.0,-1.0,0.0,0.0,109.0,535.0
77579.0,0.0,-3.0848,-0.003,0.0,0.0,0.0,-1.0,0.0,0.0,109.0,534.0
77619.0,0.0,-3.0848,-0.004,0.0,0.0,0.0,-1.0,0.0,0.0,109.0,535.0
77660.0,0.0,-3.0848,-0.003,0.0,0.0,0.0,-1.0,0.0,0.0,109.0,534.0
77700.0,0.0,-3.0848,0.006,0.0,0.0,0.0,-1.0,0.0,0.0,109.0,521.0
77740.0,0.0,-3.0848,0.002,0.0,0.0,0.0,-1.0,0.0,0.0,109.0,534.0
77780.0,0.0,-3.0848,0.001,0.0,0.0,0.0,-1.0,0.0,0.0,109.0,521.0
77820.0,0.0,-3.0864,-0.011,0.0,0.0,0.0,-1.0,0.0,0.0,109.0,524.0
77860.0,0.0,-3.0848,0.002,0.0,0.0,0.0,-1.0,0.0,0.0,109.0,534.0
77901.0,0.0,-3.0848,0.003,0.0,0.0,0.0,-1.0,0.0,0.0,109.0,534.0
77941.0,0.0,-3.0848,-0.002,0.0,0.0,0.0,-1.0,0.0,0.0,109.0,534.0
77981.0,0.0,-3.0848,0.002,0.0,0.0,0.0,-1.0,0.0,0.0,109.0,521.0
78021.0,0.0,-3.0848,0.004,0.0,0.0,0.0,-1.0,0.0,0.0,109.0,534.0
78062.0,0.0,-3.0848,-0.002,0.0,0.0,0.0,-1.0,0.0,0.0,109.0,521.0
78102.0,0.0,-3.0848,0.004,0.0,0.0,0.0,-1.0,0.0,0.0,109.0,535.0
78142.0,0.0,-3.0848,0.001,0.0,0.0,0.0,-1.0,0.0,0.0,109.0,521.0
78182.0,0.0,-3.0848,-0.003,0.0,0.0,0.0,-1.0,0.0,0.0,109.0,534.0
78222.0,0.0,-3.0848,0.004,0.0,0.0,0.0,-1.0,0.0,0.0,109.0,534.0
78263.0,0.0,-3.0848,0.004,0.0,0.0,0.0,-1.0,0.0,0.0,109.0,534.0
78303.0,0.0,-3.0848,0.002,0.0,0.0,0.0,-1.0,0.0,0.0,109.0,522.0
78343.0,0.0,-3.0864,-0.005,0.0,0.0,0.0,-1.0,0.0,0.0,109.0,536.0
78383.0,0.0,-3.0848,0.003,0.0,0.0,0.0,-1.0,0.0,0.0,109.0,521.0
78424.0,0.0,-3.0848,-0.0,0.0,0.0,0.0,-1.0,0.0,0.0,109.0,521.0
78464.0,0.0,-3.0848,0.003,0.0,0.0,0.0,-1.0,0.0,0.0,109.0,534.0
78504.0,0.0,-3.0848,0.002,0.0,0.0,0.0,-1.0,0.0,0.0,109.0,521.0
78544.0,0.0,-3.0848,0.002,0.0,0.0,0.0,-1.0,0.0,0.0,109.0,521.0
78584.0,0.0,-3.0848,0.002,0.0,0.0,0.0,-1.0,0.0,0.0,109.0,534.0
78624.0,0.0,-3.0864,-0.006,0.0,0.0,0.0,-1.0,0.0,0.0,109.0,536.0
78665.0,0.0,-3.0848,-0.003,0.0,0.0,0.0,-1.0,0.0,0.0,109.0,534.0
78705.0,0.0,-3.0848,0.003,0.0,0.0,0.0,-1.0,0.0,0.0,109.0,534.0
78745.0,0.0,-3.0848,-0.006,0.0,0.0,0.0,-1.0,0.0,0.0,109.0,536.0
78786.0,0.0,-3.0848,0.004,0.0,0.0,0.0,-1.0,0.0,0.0,109.0,521.0
78826.0,0.0,-3.0848,0.003,0.0,0.0,0.0,-1.0,0.0,0.0,109.0,534.0
78866.0,0.0,-3.0848,-0.001,0.0,0.0,0.0,-1.0,0.0,0.0,109.0,535.0
78906.0,0.0,-3.0848,-0.001,0.0,0.0,0.0,-1.0,0.0,0.0,109.0,534.0
78947.0,0.0,-3.0848,-0.003,0.0,0.0,0.0,-1.0,0.0,0.0,109.0,534.0
78987.0,0.0,-3.0848,-0.001,0.0,0.0,0.0,-1.0,0.0,0.0,109.0,534.0
79027.0,0.0,-3.0848,0.002,0.0,0.0,0.0,-1.0,0.0,0.0,109.0,521.0
79067.0,0.0,-3.0864,-0.008,0.0,0.0,0.0,-1.0,0.0,0.0,109.0,536.0
79108.0,0.0,-3.0848,0.002,0.0,0.0,0.0,-1.0,0.0,0.0,109.0,534.0
79148.0,0.0,-3.0864,-0.005,0.0,0.0,0.0,-1.0,0.0,0.0,109.0,536.0
79188.0,0.0,-3.0848,-0.0,0.0,0.0,0.0,-1.0,0.0,0.0,109.0,535.0
79229.0,0.0,-3.0848,0.001,0.0,0.0,0.0,-1.0,0.0,0.0,109.0,534.0
79269.0,0.0,-3.0848,-0.0,0.0,0.0,0.0,-1.0,0.0,0.0,109.0,521.0
79309.0,0.0,-3.0848,0.003,0.0,0.0,0.0,-1.0,0.0,0.0,109.0,521.0
79349.0,0.0,-3.0848,-0.002,0.0,0.0,0.0,-1.0,0.0,0.0,109.0,534.0
79389.0,0.0,-3.0848,0.002,0.0,0.0,0.0,-1.0,0.0,0.0,109.0,534.0
79430.0,0.0,-3.0848,0.003,0.0,0.0,0.0,-1.0,0.0,0.0,109.0,534.0
79470.0,0.0,-3.0864,-0.006,0.0,0.0,0.0,-1.0,0.0,0.0,109.0,523.0
79510.0,0.0,-3.0848,0.002,0.0,0.0,0.0,-1.0,0.0,0.0,109.0,534.0
79550.0,0.0,-3.0848,-0.001,0.0,0.0,0.0,-1.0,0.0,0.0,109.0,521.0
79590.0,0.0,-3.0848,-0.01,0.0,0.0,0.0,-1.0,0.0,0.0,109.0,536.0
79631.0,0.0,-3.0848,0.003,0.0,0.0,0.0,-1.0,0.0,0.0,109.0,521.0
79671.0,0.0,-3.0848,0.001,0.0,0.0,0.0,-1.0,0.0,0.0,109.0,534.0
79711.0,0.0,-3.0848,-0.006,0.0,0.0,0.0,-1.0,0.0,0.0,109.0,534.0
79751.0,0.0,-3.0848,0.005,0.0,0.0,0.0,-1.0,0.0,0.0,109.0,534.0
79791.0,0.0,-3.0848,-0.004,0.0,0.0,0.0,-1.0,0.0,0.0,109.0,534.0
79831.0,0.0,-3.0848,-0.011,0.0,0.0,0.0,-1.0,0.0,0.0,109.0,536.0
79872.0,0.0,-3.0848,0.004,0.0,0.0,0.0,-1.0,0.0,0.0,109.0,534.0
79912.0,0.0,-3.0848,0.002,0.0,0.0,0.0,-1.0,0.0,0.0,109.0,521.0
79952.0,0.0,-3.0848,-0.003,0.0,0.0,0.0,-1.0,0.0,0.0,109.0,521.0
79993.0,0.0,-3.0848,0.0,0.0,0.0,0.0,-1.0,0.0,0.0,109.0,521.0
80033.0,0.0,-3.0848,-0.001,0.0,0.0,0.0,-1.0,0.0,0.0,109.0,534.0
80073.0,0.0,-3.0848,0.004,0.0,0.0,0.0,-1.0,0.0,0.0,109.0,521.0
80113.0,0.0,-3.0848,0.002,0.0,0.0,0.0,-1.0,0.0,0.0,109.0,534.0
80153.0,0.0,-3.0848,0.001,0.0,0.0,0.0,-1.0,0.0,0.0,109.0,534.0
80193.0,0.0,-3.0848,0.001,0.0,0.0,0.0,-1.0,0.0,0.0,109.0,534.0
80234.0,0.0,-3.0848,0.0,0.0,0.0,0.0,-1.0,0.0,0.0,109.0,534.0
80274.0,0.0,-3.0864,-0.003,0.0,0.0,0.0,-1.0,0.0,0.0,109.0,536.0
80314.0,0.0,-3.0848,-0.001,0.0,0.0,0.0,-1.0,0.0,0.0,109.0,534.0
80355.0,0.0,-3.0848,0.003,0.0,0.0,0.0,-1.0,0.0,0.0,109.0,521.0
80395.0,0.0,-3.0848,0.001,0.0,0.0,0.0,-1.0,0.0,0.0,109.0,534.0
80435.0,0.0,-3.0848,0.002,0.0,0.0,0.0,-1.0,0.0,0.0,109.0,534.0
80476.0,0.0,-3.0848,0.001,0.0,0.0,0.0,-1.0,0.0,0.0,109.0,521.0
80516.0,0.0,-3.0848,0.003,0.0,0.0,0.0,-1.0,0.0,0.0,109.0,535.0
80556.0,0.0,-3.0848,-0.001,0.0,0.0,0.0,-1.0,0.0,0.0,109.0,521.0
80596.0,0.0,-3.0848,0.001,0.0,0.0,0.0,-1.0,0.0,0.0,109.0,534.0
80636.0,0.0,-3.0848,0.0,0.0,0.0,0.0,-1.0,0.0,0.0,109.0,534.0
80676.0,0.0,-3.0848,0.002,0.0,0.0,0.0,-1.0,0.0,0.0,109.0,534.0
80717.0,0.0,-3.0848,0.002,0.0,0.0,0.0,-1.0,0.0,0.0,109.0,521.0
80757.0,0.0,-3.0848,-0.001,0.0,0.0,0.0,-1.0,0.0,0.0,109.0,534.0
80797.0,0.0,-3.0848,-0.007,0.0,0.0,0.0,-1.0,0.0,0.0,109.0,523.0
80837.0,0.0,-3.0848,0.003,0.0,0.0,0.0,-1.0,0.0,0.0,109.0,534.0
80878.0,0.0,-3.0848,-0.004,0.0,0.0,0.0,-1.0,0.0,0.0,109.0,534.0
80918.0,0.0,-3.0848,0.003,0.0,0.0,0.0,-1.0,0.0,0.0,109.0,534.0
80958.0,0.0,-3.0848,-0.006,0.0,0.0,0.0,-1.0,0.0,0.0,109.0,523.0
80998.0,0.0,-3.0848,0.004,0.0,0.0,0.0,-1.0,0.0,0.0,109.0,521.0
81038.0,0.0,-3.0848,-0.002,0.0,0.0,0.0,-1.0,0.0,0.0,109.0,534.0
81078.0,0.0,-3.0848,0.001,0.0,0.0,0.0,-1.0,0.0,0.0,109.0,521.0
81119.0,0.0,-3.0848,0.002,0.0,0.0,0.0,-1.0,0.0,0.0,109.0,522.0
81159.0,0.0,-3.0848,0.003,0.0,0.0,0.0,-1.0,0.0,0.0,109.0,534.0
81199.0,0.0,-3.0848,-0.001,0.0,0.0,0.0,-1.0,0.0,0.0,109.0,534.0
81239.0,0.0,-3.0848,-0.003,0.0,0.0,0.0,-1.0,0.0,0.0,109.0,541.0
81279.0,0.0,-3.0848,0.003,0.0,0.0,0.0,-1.0,0.0,0.0,109.0,521.0
81319.0,0.0,-3.0848,-0.004,0.0,0.0,0.0,-1.0,0.0,0.0,109.0,528.0
81359.0,0.0,-3.0848,0.0,0.0,0.0,0.0,-1.0,0.0,0.0,109.0,534.0
81400.0,0.0,-3.0848,0.003,0.0,0.0,0.0,-1.0,0.0,0.0,109.0,534.0
81440.0,0.0,-3.0848,-0.002,0.0,0.0,0.0,-1.0,0.0,0.0,109.0,534.0
81480.0,0.0,-3.0864,-0.006,0.0,0.0,0.0,-1.0,0.0,0.0,109.0,523.0
81520.0,0.0,-3.0848,-0.003,0.0,0.0,0.0,-1.0,0.0,0.0,109.0,529.0
81560.0,0.0,-3.0848,0.002,0.0,0.0,0.0,-1.0,0.0,0.0,109.0,534.0
81601.0,0.0,-3.0848,0.0,0.0,0.0,0.0,-1.0,0.0,0.0,109.0,522.0
81641.0,0.0,-3.0848,0.001,0.0,0.0,0.0,-1.0,0.0,0.0,109.0,534.0
81681.0,0.0,-3.0864,-0.002,0.0,0.0,0.0,-1.0,0.0,0.0,109.0,523.0
81721.0,0.0,-3.0848,0.003,0.0,0.0,0.0,-1.0,0.0,0.0,109.0,521.0
81761.0,0.0,-3.0848,0.0,0.0,0.0,0.0,-1.0,0.0,0.0,109.0,521.0
81802.0,0.0,-3.0848,0.0,0.0,0.0,0.0,-1.0,0.0,0.0,109.0,521.0
81842.0,0.0,-3.0848,0.001,0.0,0.0,0.0,-1.0,0.0,0.0,109.0,534.0
81882.0,0.0,-3.0848,0.002,0.0,0.0,0.0,-1.0,0.0,0.0,109.0,534.0
81923.0,0.0,-3.0848,0.001,0.0,0.0,0.0,-1.0,0.0,0.0,109.0,534.0
81963.0,0.0,-3.0848,0.001,0.0,0.0,0.0,-1.0,0.0,0.0,109.0,534.0
82003.0,0.0,-3.0848,-0.002,0.0,0.0,0.0,-1.0,0.0,0.0,109.0,534.0
82044.0,0.0,-3.0848,0.001,0.0,0.0,0.0,-1.0,0.0,0.0,109.0,534.0
82084.0,0.0,-3.0848,0.002,0.0,0.0,0.0,-1.0,0.0,0.0,109.0,521.0
82124.0,0.0,-3.0848,0.001,0.0,0.0,0.0,-1.0,0.0,0.0,109.0,521.0
82164.0,0.0,-3.0848,0.002,0.0,0.0,0.0,-1.0,0.0,0.0,109.0,534.0
82204.0,0.0,-3.0848,0.001,0.0,0.0,0.0,-1.0,0.0,0.0,109.0,534.0
82245.0,0.0,-3.0848,0.001,0.0,0.0,0.0,-1.0,0.0,0.0,109.0,534.0
82285.0,0.0,-3.0848,-0.002,0.0,0.0,0.0,-1.0,0.0,0.0,109.0,534.0
82325.0,0.0,-3.0848,0.004,0.0,0.0,0.0,-1.0,0.0,0.0,109.0,534.0
82365.0,0.0,-3.0848,0.002,0.0,0.0,0.0,-1.0,0.0,0.0,109.0,534.0
82405.0,0.0,-3.0848,-0.005,0.0,0.0,0.0,-1.0,0.0,0.0,109.0,534.0
82445.0,0.0,-3.0848,0.002,0.0,0.0,0.0,-1.0,0.0,0.0,109.0,534.0
82485.0,0.0,-3.0848,0.005,0.0,0.0,0.0,-1.0,0.0,0.0,109.0,534.0
82525.0,0.0,-3.0848,0.001,0.0,0.0,0.0,-1.0,0.0,0.0,109.0,534.0
82565.0,0.0,-3.0848,0.002,0.0,0.0,0.0,-1.0,0.0,0.0,109.0,534.0
82606.0,0.0,-3.0848,-0.003,0.0,0.0,0.0,-1.0,0.0,0.0,109.0,521.0
82646.0,0.0,-3.0848,0.005,0.0,0.0,0.0,-1.0,0.0,0.0,109.0,534.0
82686.0,0.0,-3.0848,0.002,0.0,0.0,0.0,-1.0,0.0,0.0,109.0,534.0
82726.0,0.0,-3.0848,-0.002,0.0,0.0,0.0,-1.0,0.0,0.0,109.0,521.0
82766.0,0.0,-3.0848,0.003,0.0,0.0,0.0,-1.0,0.0,0.0,109.0,522.0
82806.0,0.0,-3.0848,-0.002,0.0,0.0,0.0,-1.0,0.0,0.0,109.0,534.0
82847.0,0.0,-3.0848,0.003,0.0,0.0,0.0,-1.0,0.0,0.0,109.0,534.0
82887.0,0.0,-3.0848,-0.002,0.0,0.0,0.0,-1.0,0.0,0.0,109.0,534.0
82927.0,0.0,-3.0864,-0.005,0.0,0.0,0.0,-1.0,0.0,0.0,109.0,536.0
82967.0,0.0,-3.0848,-0.0,0.0,0.0,0.0,-1.0,0.0,0.0,109.0,534.0
83008.0,0.0,-3.0848,-0.001,0.0,0.0,0.0,-1.0,0.0,0.0,109.0,534.0
83048.0,0.0,-3.0848,0.002,0.0,0.0,0.0,-1.0,0.0,0.0,109.0,534.0
83088.0,0.0,-3.0848,-0.005,0.0,0.0,0.0,-1.0,0.0,0.0,109.0,536.0
83129.0,0.0,-3.0848,0.004,0.0,0.0,0.0,-1.0,0.0,0.0,109.0,521.0
83169.0,0.0,-3.0848,-0.0,0.0,0.0,0.0,-1.0,0.0,0.0,109.0,535.0
83209.0,0.0,-3.0864,-0.007,0.0,0.0,0.0,-1.0,0.0,0.0,109.0,523.0
83249.0,0.0,-3.0848,0.001,0.0,0.0,0.0,-1.0,0.0,0.0,109.0,534.0
83289.0,0.0,-3.0848,0.002,0.0,0.0,0.0,-1.0,0.0,0.0,109.0,534.0
83330.0,0.0,-3.0848,0.004,0.0,0.0,0.0,-1.0,0.0,0.0,109.0,534.0
83370.0,0.0,-3.0864,-0.01,0.0,0.0,0.0,-1.0,0.0,0.0,109.0,534.0
83410.0,0.0,-3.0848,0.005,0.0,0.0,0.0,-1.0,0.0,0.0,109.0,521.0
83450.0,0.0,-3.0848,0.003,0.0,0.0,0.0,-1.0,0.0,0.0,109.0,521.0
83490.0,0.0,-3.0864,-0.009,0.0,0.0,0.0,-1.0,0.0,0.0,109.0,523.0
83530.0,0.0,-3.0848,0.003,0.0,0.0,0.0,-1.0,0.0,0.0,109.0,535.0
83571.0,0.0,-3.0848,0.002,0.0,0.0,0.0,-1.0,0.0,0.0,109.0,521.0
83611.0,0.0,-3.0848,0.001,0.0,0.0,0.0,-1.0,0.0,0.0,109.0,534.0
83651.0,0.0,-3.0848,0.003,0.0,0.0,0.0,-1.0,0.0,0.0,109.0,534.0
83691.0,0.0,-3.0848,0.003,0.0,0.0,0.0,-1.0,0.0,0.0,109.0,534.0
83731.0,0.0,-3.0848,-0.005,0.0,0.0,0.0,-1.0,0.0,0.0,109.0,523.0
83771.0,0.0,-3.0848,0.005,0.0,0.0,0.0,-1.0,0.0,0.0,109.0,534.0
83812.0,0.0,-3.0848,0.001,0.0,0.0,0.0,-1.0,0.0,0.0,109.0,521.0
83852.0,0.0,-3.0864,-0.006,0.0,0.0,0.0,-1.0,0.0,0.0,109.0,536.0
83892.0,0.0,-3.0848,0.002,0.0,0.0,0.0,-1.0,0.0,0.0,109.0,521.0
83933.0,0.0,-3.0848,0.002,0.0,0.0,0.0,-1.0,0.0,0.0,109.0,521.0
83973.0,0.0,-3.0864,-0.004,0.0,0.0,0.0,-1.0,0.0,0.0,109.0,523.0
84013.0,0.0,-3.0848,0.003,0.0,0.0,0.0,-1.0,0.0,0.0,109.0,534.0
84053.0,0.0,-3.0848,0.001,0.0,0.0,0.0,-1.0,0.0,0.0,109.0,535.0
84094.0,0.0,-3.0848,-0.003,0.0,0.0,0.0,-1.0,0.0,0.0,109.0,521.0
84134.0,0.0,-3.0848,0.002,0.0,0.0,0.0,-1.0,0.0,0.0,109.0,534.0
84174.0,0.0,-3.0848,0.001,0.0,0.0,0.0,-1.0,0.0,0.0,109.0,521.0
84214.0,0.0,-3.0848,-0.003,0.0,0.0,0.0,-1.0,0.0,0.0,109.0,534.0
84254.0,0.0,-3.0848,0.004,0.0,0.0,0.0,-1.0,0.0,0.0,109.0,521.0
84294.0,0.0,-3.0848,0.002,0.0,0.0,0.0,-1.0,0.0,0.0,109.0,534.0
84335.0,0.0,-3.0864,-0.003,0.0,0.0,0.0,-1.0,0.0,0.0,109.0,523.0
84375.0,0.0,-3.0864,-0.003,0.0,0.0,0.0,-1.0,0.0,0.0,109.0,523.0
84415.0,0.0,-3.0848,0.004,0.0,0.0,0.0,-1.0,0.0,0.0,109.0,521.0
84456.0,0.0,-3.0848,0.003,0.0,0.0,0.0,-1.0,0.0,0.0,109.0,521.0
84496.0,0.0,-3.0848,0.001,0.0,0.0,0.0,-1.0,0.0,0.0,109.0,534.0
84536.0,0.0,-3.0848,0.002,0.0,0.0,0.0,-1.0,0.0,0.0,109.0,534.0
84576.0,0.0,-3.0848,0.001,0.0,0.0,0.0,-1.0,0.0,0.0,109.0,521.0
84617.0,0.0,-3.0848,-0.007,0.0,0.0,0.0,-1.0,0.0,0.0,109.0,521.0
84657.0,0.0,-3.0848,0.005,0.0,0.0,0.0,-1.0,0.0,0.0,109.0,534.0
84697.0,0.0,-3.0848,0.002,0.0,0.0,0.0,-1.0,0.0,0.0,109.0,534.0
84737.0,0.0,-3.0848,0.002,0.0,0.0,0.0,-1.0,0.0,0.0,109.0,535.0
84777.0,0.0,-3.0848,0.002,0.0,0.0,0.0,-1.0,0.0,0.0,109.0,534.0
84817.0,0.0,-3.0848,-0.004,0.0,0.0,0.0,-1.0,0.0,0.0,109.0,534.0
84858.0,0.0,-3.0864,-0.002,0.0,0.0,0.0,-1.0,0.0,0.0,109.0,523.0
84898.0,0.0,-3.0848,0.004,0.0,0.0,0.0,-1.0,0.0,0.0,109.0,521.0
84938.0,0.0,-3.0848,0.003,0.0,0.0,0.0,-1.0,0.0,0.0,109.0,521.0
84978.0,0.0,-3.0848,0.001,0.0,0.0,0.0,-1.0,0.0,0.0,109.0,534.0
85019.0,0.0,-3.0848,0.004,0.0,0.0,0.0,-1.0,0.0,0.0,109.0,534.0
85059.0,0.0,-3.0848,0.003,0.0,0.0,0.0,-1.0,0.0,0.0,109.0,534.0
85099.0,0.0,-3.0864,-0.004,0.0,0.0,0.0,-1.0,0.0,0.0,109.0,536.0
85140.0,0.0,-3.0848,0.001,0.0,0.0,0.0,-1.0,0.0,0.0,109.0,534.0
85180.0,0.0,-3.0848,0.0,0.0,0.0,0.0,-1.0,0.0,0.0,109.0,534.0
85220.0,0.0,-3.0848,0.003,0.0,0.0,0.0,-1.0,0.0,0.0,109.0,521.0
85260.0,0.0,-3.0848,-0.002,0.0,0.0,0.0,-1.0,0.0,0.0,109.0,534.0
85300.0,0.0,-3.0848,0.003,0.0,0.0,0.0,-1.0,0.0,0.0,109.0,534.0
85340.0,0.0,-3.0848,-0.004,0.0,0.0,0.0,-1.0,0.0,0.0,109.0,541.0
85381.0,0.0,-3.0848,0.003,0.0,0.0,0.0,-1.0,0.0,0.0,109.0,521.0
85421.0,0.0,-3.0848,0.003,0.0,0.0,0.0,-1.0,0.0,0.0,109.0,534.0
85461.0,0.0,-3.0848,0.003,0.0,0.0,0.0,-1.0,0.0,0.0,109.0,534.0
85502.0,0.0,-3.0848,0.001,0.0,0.0,0.0,-1.0,0.0,0.0,109.0,535.0
85542.0,0.0,-3.0848,0.002,0.0,0.0,0.0,-1.0,0.0,0.0,109.0,534.0
85582.0,0.0,-3.0848,0.002,0.0,0.0,0.0,-1.0,0.0,0.0,109.0,534.0
85623.0,0.0,-3.0848,-0.001,0.0,0.0,0.0,-1.0,0.0,0.0,109.0,534.0
85663.0,0.0,-3.0848,0.003,0.0,0.0,0.0,-1.0,0.0,0.0,109.0,521.0
85703.0,0.0,-3.0848,0.001,0.0,0.0,0.0,-1.0,0.0,0.0,109.0,521.0
85743.0,0.0,-3.0848,-0.004,0.0,0.0,0.0,-1.0,0.0,0.0,109.0,534.0
85784.0,0.0,-3.0848,0.001,0.0,0.0,0.0,-1.0,0.0,0.0,109.0,534.0
85824.0,0.0,-3.0848,0.001,0.0,0.0,0.0,-1.0,0.0,0.0,109.0,535.0
85864.0,0.0,-3.0848,-0.001,0.0,0.0,0.0,-1.0,0.0,0.0,109.0,521.0
85904.0,0.0,-3.0848,0.002,0.0,0.0,0.0,-1.0,0.0,0.0,109.0,534.0
85945.0,0.0,-3.0848,0.001,0.0,0.0,0.0,-1.0,0.0,0.0,109.0,521.0
85985.0,0.0,-3.0848,-0.002,0.0,0.0,0.0,-1.0,0.0,0.0,109.0,534.0
86025.0,0.0,-3.0848,-0.003,0.0,0.0,0.0,-1.0,0.0,0.0,109.0,534.0
86066.0,0.0,-3.0848,0.004,0.0,0.0,0.0,-1.0,0.0,0.0,109.0,534.0
86106.0,0.0,-3.0848,0.001,0.0,0.0,0.0,-1.0,0.0,0.0,109.0,521.0
86146.0,0.0,-3.0848,-0.001,0.0,0.0,0.0,-1.0,0.0,0.0,109.0,521.0
86186.0,0.0,-3.0848,-0.001,0.0,0.0,0.0,-1.0,0.0,0.0,109.0,534.0
86227.0,0.0,-3.0848,0.001,0.0,0.0,0.0,-1.0,0.0,0.0,109.0,534.0
86267.0,0.0,-3.0848,0.002,0.0,0.0,0.0,-1.0,0.0,0.0,109.0,521.0
86307.0,0.0,-3.0848,-0.0,0.0,0.0,0.0,-1.0,0.0,0.0,109.0,521.0
86347.0,0.0,-3.0848,0.001,0.0,0.0,0.0,-1.0,0.0,0.0,109.0,534.0
86388.0,0.0,-3.0848,0.001,0.0,0.0,0.0,-1.0,0.0,0.0,109.0,535.0
86428.0,0.0,-3.0848,-0.001,0.0,0.0,0.0,-1.0,0.0,0.0,109.0,528.0
86468.0,0.0,-3.0848,0.001,0.0,0.0,0.0,-1.0,0.0,0.0,109.0,541.0
86508.0,0.0,-3.0848,0.005,0.0,0.0,0.0,-1.0,0.0,0.0,109.0,534.0
86549.0,0.0,-3.0848,0.003,0.0,0.0,0.0,-1.0,0.0,0.0,109.0,534.0
86589.0,0.0,-3.0848,0.002,0.0,0.0,0.0,-1.0,0.0,0.0,109.0,521.0
86629.0,0.0,-3.0848,-0.001,0.0,0.0,0.0,-1.0,0.0,0.0,109.0,521.0
86669.0,0.0,-3.0848,0.002,0.0,0.0,0.0,-1.0,0.0,0.0,109.0,534.0
86710.0,0.0,-3.0848,-0.001,0.0,0.0,0.0,-1.0,0.0,0.0,109.0,521.0
86750.0,0.0,-3.0864,-0.009,0.0,0.0,0.0,-1.0,0.0,0.0,109.0,536.0
86790.0,0.0,-3.0848,-0.003,0.0,0.0,0.0,-1.0,0.0,0.0,109.0,521.0
86830.0,0.0,-3.0848,0.002,0.0,0.0,0.0,-1.0,0.0,0.0,109.0,534.0
86870.0,0.0,-3.0848,0.002,0.0,0.0,0.0,-1.0,0.0,0.0,109.0,534.0
86910.0,0.0,-3.0848,0.001,0.0,0.0,0.0,-1.0,0.0,0.0,109.0,521.0
86950.0,0.0,-3.0848,-0.006,0.0,0.0,0.0,-1.0,0.0,0.0,109.0,537.0
86991.0,0.0,-3.0848,-0.003,0.0,0.0,0.0,-1.0,0.0,0.0,109.0,541.0
87031.0,0.0,-3.0848,-0.003,0.0,0.0,0.0,-1.0,0.0,0.0,109.0,521.0
87071.0,0.0,-3.0848,-0.003,0.0,0.0,0.0,-1.0,0.0,0.0,109.0,535.0
87111.0,0.0,-3.0848,0.002,0.0,0.0,0.0,-1.0,0.0,0.0,109.0,534.0
87152.0,0.0,-3.0848,0.001,0.0,0.0,0.0,-1.0,0.0,0.0,109.0,521.0
87192.0,0.0,-3.0848,0.003,0.0,0.0,0.0,-1.0,0.0,0.0,109.0,521.0
87232.0,0.0,-3.0848,0.001,0.0,0.0,0.0,-1.0,0.0,0.0,109.0,534.0
87272.0,0.0,-3.0848,-0.001,0.0,0.0,0.0,-1.0,0.0,0.0,109.0,534.0
87312.0,0.0,-3.0848,0.001,0.0,0.0,0.0,-1.0,0.0,0.0,109.0,521.0
87352.0,0.0,-3.0848,0.002,0.0,0.0,0.0,-1.0,0.0,0.0,109.0,521.0
87392.0,0.0,-3.0848,0.001,0.0,0.0,0.0,-1.0,0.0,0.0,109.0,534.0
87432.0,0.0,-3.0848,0.003,0.0,0.0,0.0,-1.0,0.0,0.0,109.0,521.0
87473.0,0.0,-3.0848,0.003,0.0,0.0,0.0,-1.0,0.0,0.0,109.0,521.0
87513.0,0.0,-3.0848,-0.004,0.0,0.0,0.0,-1.0,0.0,0.0,109.0,534.0
87553.0,0.0,-3.0848,0.002,0.0,0.0,0.0,-1.0,0.0,0.0,109.0,534.0
87593.0,0.0,-3.0848,-0.0,0.0,0.0,0.0,-1.0,0.0,0.0,109.0,534.0
87633.0,0.0,-3.0864,-0.007,0.0,0.0,0.0,-1.0,0.0,0.0,109.0,536.0
87674.0,0.0,-3.0848,0.002,0.0,0.0,0.0,-1.0,0.0,0.0,109.0,534.0
87714.0,0.0,-3.0848,0.003,0.0,0.0,0.0,-1.0,0.0,0.0,109.0,521.0
87754.0,0.0,-3.0848,-0.001,0.0,0.0,0.0,-1.0,0.0,0.0,109.0,534.0
87794.0,0.0,-3.0848,-0.005,0.0,0.0,0.0,-1.0,0.0,0.0,109.0,521.0
87835.0,0.0,-3.0848,0.003,0.0,0.0,0.0,-1.0,0.0,0.0,109.0,521.0
87875.0,0.0,-3.0848,-0.003,0.0,0.0,0.0,-1.0,0.0,0.0,109.0,541.0
87915.0,0.0,-3.0848,-0.001,0.0,0.0,0.0,-1.0,0.0,0.0,109.0,521.0
87955.0,0.0,-3.0848,0.002,0.0,0.0,0.0,-1.0,0.0,0.0,109.0,521.0
87996.0,0.0,-3.0848,-0.004,0.0,0.0,0.0,-1.0,0.0,0.0,109.0,521.0
88036.0,0.0,-3.0848,0.003,0.0,0.0,0.0,-1.0,0.0,0.0,109.0,521.0
88076.0,0.0,-3.0848,0.001,0.0,0.0,0.0,-1.0,0.0,0.0,109.0,534.0
88116.0,0.0,-3.0864,-0.004,0.0,0.0,0.0,-1.0,0.0,0.0,109.0,536.0
88156.0,0.0,-3.0864,-0.001,0.0,0.0,0.0,-1.0,0.0,0.0,109.0,536.0
88196.0,0.0,-3.0848,0.002,0.0,0.0,0.0,-1.0,0.0,0.0,109.0,521.0
88236.0,0.0,-3.0848,0.0,0.0,0.0,0.0,-1.0,0.0,0.0,109.0,535.0
88276.0,0.0,-3.0848,-0.001,0.0,0.0,0.0,-1.0,0.0,0.0,109.0,534.0
88317.0,0.0,-3.0864,-0.005,0.0,0.0,0.0,-1.0,0.0,0.0,109.0,523.0
88357.0,0.0,-3.0848,0.003,0.0,0.0,0.0,-1.0,0.0,0.0,109.0,521.0
88397.0,0.0,-3.0848,0.002,0.0,0.0,0.0,-1.0,0.0,0.0,109.0,534.0
88437.0,0.0,-3.0848,0.002,0.0,0.0,0.0,-1.0,0.0,0.0,109.0,521.0
88477.0,0.0,-3.0848,-0.004,0.0,0.0,0.0,-1.0,0.0,0.0,109.0,534.0
88518.0,0.0,-3.0848,-0.0,0.0,0.0,0.0,-1.0,0.0,0.0,109.0,534.0
88558.0,0.0,-3.0848,0.001,0.0,0.0,0.0,-1.0,0.0,0.0,109.0,534.0
88598.0,0.0,-3.0864,-0.005,0.0,0.0,0.0,-1.0,0.0,0.0,109.0,536.0
88638.0,0.0,-3.0864,-0.007,0.0,0.0,0.0,-1.0,0.0,0.0,109.0,523.0
88679.0,0.0,-3.0848,0.004,0.0,0.0,0.0,-1.0,0.0,0.0,109.0,521.0
88719.0,0.0,-3.0848,-0.004,0.0,0.0,0.0,-1.0,0.0,0.0,109.0,534.0
88759.0,0.0,-3.0848,-0.002,0.0,0.0,0.0,-1.0,0.0,0.0,109.0,534.0
88799.0,0.0,-3.0848,0.002,0.0,0.0,0.0,-1.0,0.0,0.0,109.0,534.0
88839.0,0.0,-3.0848,0.001,0.0,0.0,0.0,-1.0,0.0,0.0,109.0,534.0
88879.0,0.0,-3.0848,-0.007,0.0,0.0,0.0,-1.0,0.0,0.0,109.0,534.0
88920.0,0.0,-3.0848,0.003,0.0,0.0,0.0,-1.0,0.0,0.0,109.0,534.0
88960.0,0.0,-3.0848,-0.003,0.0,0.0,0.0,-1.0,0.0,0.0,109.0,534.0
89000.0,0.0,-3.0848,0.002,0.0,0.0,0.0,-1.0,0.0,0.0,109.0,534.0
89041.0,0.0,-3.0848,0.002,0.0,0.0,0.0,-1.0,0.0,0.0,109.0,521.0
89081.0,0.0,-3.0848,0.0,0.0,0.0,0.0,-1.0,0.0,0.0,109.0,534.0
89121.0,0.0,-3.0848,0.003,0.0,0.0,0.0,-1.0,0.0,0.0,109.0,534.0
89161.0,0.0,-3.0848,0.002,0.0,0.0,0.0,-1.0,0.0,0.0,109.0,534.0
89201.0,0.0,-3.0848,-0.001,0.0,0.0,0.0,-1.0,0.0,0.0,109.0,534.0
89241.0,0.0,-3.0848,0.001,0.0,0.0,0.0,-1.0,0.0,0.0,109.0,534.0
89281.0,0.0,-3.0848,-0.001,0.0,0.0,0.0,-1.0,0.0,0.0,109.0,521.0
89321.0,0.0,-3.0848,-0.005,0.0,0.0,0.0,-1.0,0.0,0.0,109.0,536.0
89362.0,0.0,-3.0848,-0.002,0.0,0.0,0.0,-1.0,0.0,0.0,109.0,534.0
89402.0,0.0,-3.0848,-0.002,0.0,0.0,0.0,-1.0,0.0,0.0,109.0,541.0
89442.0,0.0,-3.0848,0.003,0.0,0.0,0.0,-1.0,0.0,0.0,109.0,534.0
89482.0,0.0,-3.0864,-0.009,0.0,0.0,0.0,-1.0,0.0,0.0,109.0,536.0
89523.0,0.0,-3.0848,0.002,0.0,0.0,0.0,-1.0,0.0,0.0,109.0,534.0
89563.0,0.0,-3.0848,0.001,0.0,0.0,0.0,-1.0,0.0,0.0,109.0,521.0
89603.0,0.0,-3.0848,0.0,0.0,0.0,0.0,-1.0,0.0,0.0,109.0,521.0
89643.0,0.0,-3.0848,-0.009,0.0,0.0,0.0,-1.0,0.0,0.0,109.0,523.0
89683.0,0.0,-3.0848,0.004,0.0,0.0,0.0,-1.0,0.0,0.0,109.0,534.0
89724.0,0.0,-3.0848,0.0,0.0,0.0,0.0,-1.0,0.0,0.0,109.0,534.0
89764.0,0.0,-3.0848,-0.007,0.0,0.0,0.0,-1.0,0.0,0.0,109.0,523.0
89804.0,0.0,-3.0848,0.002,0.0,0.0,0.0,-1.0,0.0,0.0,109.0,521.0
89844.0,0.0,-3.0848,-0.001,0.0,0.0,0.0,-1.0,0.0,0.0,109.0,534.0
89884.0,0.0,-3.0848,-0.002,0.0,0.0,0.0,-1.0,0.0,0.0,109.0,534.0
89925.0,0.0,-3.0848,0.002,0.0,0.0,0.0,-1.0,0.0,0.0,109.0,521.0
89965.0,0.0,-3.0848,-0.003,0.0,0.0,0.0,-1.0,0.0,0.0,109.0,541.0
90005.0,0.0,-3.0848,0.0,0.0,0.0,0.0,-1.0,0.0,0.0,109.0,521.0
90045.0,0.0,-3.0848,-0.001,0.0,0.0,0.0,-1.0,0.0,0.0,109.0,534.0
90085.0,0.0,-3.0848,-0.002,0.0,0.0,0.0,-1.0,0.0,0.0,109.0,534.0
90126.0,0.0,-3.0848,0.003,0.0,0.0,0.0,-1.0,0.0,0.0,109.0,521.0
90166.0,0.0,-3.0848,-0.001,0.0,0.0,0.0,-1.0,0.0,0.0,109.0,534.0
90206.0,0.0,-3.0848,0.003,0.0,0.0,0.0,-1.0,0.0,0.0,109.0,534.0
90246.0,0.0,-3.0848,-0.002,0.0,0.0,0.0,-1.0,0.0,0.0,109.0,534.0
90286.0,0.0,-3.0848,0.004,0.0,0.0,0.0,-1.0,0.0,0.0,109.0,534.0
90327.0,0.0,-3.0848,0.002,0.0,0.0,0.0,-1.0,0.0,0.0,109.0,521.0
90367.0,0.0,-3.0848,-0.005,0.0,0.0,0.0,-1.0,0.0,0.0,109.0,536.0
90407.0,0.0,-3.0848,0.004,0.0,0.0,0.0,-1.0,0.0,0.0,109.0,521.0
90447.0,0.0,-3.0864,-0.007,0.0,0.0,0.0,-1.0,0.0,0.0,109.0,536.0
90487.0,0.0,-3.0848,0.003,0.0,0.0,0.0,-1.0,0.0,0.0,109.0,534.0
90527.0,0.0,-3.0848,0.003,0.0,0.0,0.0,-1.0,0.0,0.0,109.0,534.0
90568.0,0.0,-3.0848,-0.006,0.0,0.0,0.0,-1.0,0.0,0.0,109.0,534.0
90608.0,0.0,-3.0848,0.002,0.0,0.0,0.0,-1.0,0.0,0.0,109.0,534.0
90648.0,0.0,-3.0848,-0.002,0.0,0.0,0.0,-1.0,0.0,0.0,109.0,534.0
90688.0,0.0,-3.0848,0.001,0.0,0.0,0.0,-1.0,0.0,0.0,109.0,535.0
90728.0,0.0,-3.0848,-0.003,0.0,0.0,0.0,-1.0,0.0,0.0,109.0,521.0
90768.0,0.0,-3.0848,0.001,0.0,0.0,0.0,-1.0,0.0,0.0,109.0,534.0
90808.0,0.0,-3.0848,0.002,0.0,0.0,0.0,-1.0,0.0,0.0,109.0,534.0
90849.0,0.0,-3.0848,-0.003,0.0,0.0,0.0,-1.0,0.0,0.0,109.0,521.0
90889.0,0.0,-3.0848,0.003,0.0,0.0,0.0,-1.0,0.0,0.0,109.0,534.0
90929.0,0.0,-3.0848,0.002,0.0,0.0,0.0,-1.0,0.0,0.0,109.0,534.0
90969.0,0.0,-3.0848,0.002,0.0,0.0,0.0,-1.0,0.0,0.0,109.0,521.0
91009.0,0.0,-3.0848,-0.003,0.0,0.0,0.0,-1.0,0.0,0.0,109.0,528.0
91049.0,0.0,-3.0848,-0.002,0.0,0.0,0.0,-1.0,0.0,0.0,109.0,534.0
91090.0,0.0,-3.0848,0.003,0.0,0.0,0.0,-1.0,0.0,0.0,109.0,535.0
91130.0,0.0,-3.0848,-0.003,0.0,0.0,0.0,-1.0,0.0,0.0,109.0,528.0
91170.0,0.0,-3.0848,0.004,0.0,0.0,0.0,-1.0,0.0,0.0,109.0,521.0
91210.0,0.0,-3.0848,0.001,0.0,0.0,0.0,-1.0,0.0,0.0,109.0,534.0
91250.0,0.0,-3.0848,-0.003,0.0,0.0,0.0,-1.0,0.0,0.0,109.0,534.0
91291.0,0.0,-3.0848,0.003,0.0,0.0,0.0,-1.0,0.0,0.0,109.0,534.0
91331.0,0.0,-3.0848,-0.004,0.0,0.0,0.0,-1.0,0.0,0.0,109.0,528.0
91371.0,0.0,-3.0848,0.001,0.0,0.0,0.0,-1.0,0.0,0.0,109.0,534.0
91411.0,0.0,-3.0848,0.001,0.0,0.0,0.0,-1.0,0.0,0.0,109.0,521.0
91452.0,0.0,-3.0848,-0.0,0.0,0.0,0.0,-1.0,0.0,0.0,109.0,521.0
91492.0,0.0,-3.0848,0.002,0.0,0.0,0.0,-1.0,0.0,0.0,109.0,534.0
91532.0,0.0,-3.0848,-0.0,0.0,0.0,0.0,-1.0,0.0,0.0,109.0,535.0
91572.0,0.0,-3.0848,0.004,0.0,0.0,0.0,-1.0,0.0,0.0,109.0,534.0
91612.0,0.0,-3.0848,-0.003,0.0,0.0,0.0,-1.0,0.0,0.0,109.0,541.0
91652.0,0.0,-3.0848,0.001,0.0,0.0,0.0,-1.0,0.0,0.0,109.0,534.0
91692.0,0.0,-3.0848,-0.0,0.0,0.0,0.0,-1.0,0.0,0.0,109.0,521.0
91732.0,0.0,-3.0848,-0.002,0.0,0.0,0.0,-1.0,0.0,0.0,109.0,523.0
91773.0,0.0,-3.0848,0.003,0.0,0.0,0.0,-1.0,0.0,0.0,109.0,521.0
91813.0,0.0,-3.0848,-0.001,0.0,0.0,0.0,-1.0,0.0,0.0,109.0,534.0
91853.0,0.0,-3.0848,0.002,0.0,0.0,0.0,-1.0,0.0,0.0,109.0,534.0
91893.0,0.0,-3.0848,-0.001,0.0,0.0,0.0,-1.0,0.0,0.0,109.0,521.0
91933.0,0.0,-3.0848,-0.003,0.0,0.0,0.0,-1.0,0.0,0.0,109.0,534.0
91974.0,0.0,-3.0848,-0.002,0.0,0.0,0.0,-1.0,0.0,0.0,109.0,528.0
92014.0,0.0,-3.0848,0.002,0.0,0.0,0.0,-1.0,0.0,0.0,109.0,521.0
92054.0,0.0,-3.0848,-0.002,0.0,0.0,0.0,-1.0,0.0,0.0,109.0,522.0
92094.0,0.0,-3.0848,0.003,0.0,0.0,0.0,-1.0,0.0,0.0,109.0,534.0
92135.0,0.0,-3.0848,0.001,0.0,0.0,0.0,-1.0,0.0,0.0,109.0,534.0
92175.0,0.0,-3.0848,-0.0,0.0,0.0,0.0,-1.0,0.0,0.0,109.0,534.0
92215.0,0.0,-3.0848,0.0,0.0,0.0,0.0,-1.0,0.0,0.0,109.0,534.0
92256.0,0.0,-3.0848,0.001,0.0,0.0,0.0,-1.0,0.0,0.0,109.0,534.0
92296.0,0.0,-3.0848,0.0,0.0,0.0,0.0,-1.0,0.0,0.0,109.0,534.0
92336.0,0.0,-3.0848,-0.003,0.0,0.0,0.0,-1.0,0.0,0.0,109.0,534.0
92376.0,0.0,-3.0848,0.002,0.0,0.0,0.0,-1.0,0.0,0.0,109.0,534.0
92416.0,0.0,-3.0848,-0.004,0.0,0.0,0.0,-1.0,0.0,0.0,109.0,534.0
92456.0,0.0,-3.0848,0.002,0.0,0.0,0.0,-1.0,0.0,0.0,109.0,534.0
92496.0,0.0,-3.0848,0.001,0.0,0.0,0.0,-1.0,0.0,0.0,109.0,534.0
92537.0,0.0,-3.0864,-0.006,0.0,0.0,0.0,-1.0,0.0,0.0,109.0,523.0
92577.0,0.0,-3.0848,0.003,0.0,0.0,0.0,-1.0,0.0,0.0,109.0,534.0
92617.0,0.0,-3.0848,0.002,0.0,0.0,0.0,-1.0,0.0,0.0,109.0,534.0
92658.0,0.0,-3.0848,0.001,0.0,0.0,0.0,-1.0,0.0,0.0,109.0,534.0
92698.0,0.0,-3.0864,-0.006,0.0,0.0,0.0,-1.0,0.0,0.0,109.0,536.0
92738.0,0.0,-3.0848,0.004,0.0,0.0,0.0,-1.0,0.0,0.0,109.0,534.0
92778.0,0.0,-3.0848,-0.001,0.0,0.0,0.0,-1.0,0.0,0.0,109.0,521.0
92819.0,0.0,-3.0848,-0.0,0.0,0.0,0.0,-1.0,0.0,0.0,109.0,521.0
92859.0,0.0,-3.0848,-0.003,0.0,0.0,0.0,-1.0,0.0,0.0,109.0,534.0
92899.0,0.0,-3.0864,-0.005,0.0,0.0,0.0,-1.0,0.0,0.0,109.0,536.0
92939.0,0.0,-3.0848,-0.003,0.0,0.0,0.0,-1.0,0.0,0.0,109.0,541.0
92980.0,0.0,-3.0864,-0.006,0.0,0.0,0.0,-1.0,0.0,0.0,109.0,536.0
93020.0,0.0,-3.0848,0.003,0.0,0.0,0.0,-1.0,0.0,0.0,109.0,521.0
93060.0,0.0,-3.0848,-0.001,0.0,0.0,0.0,-1.0,0.0,0.0,109.0,534.0
93100.0,0.0,-3.0848,-0.002,0.0,0.0,0.0,-1.0,0.0,0.0,109.0,521.0
93140.0,0.0,-3.0848,0.0,0.0,0.0,0.0,-1.0,0.0,0.0,109.0,534.0
93180.0,0.0,-3.0864,-0.004,0.0,0.0,0.0,-1.0,0.0,0.0,109.0,536.0
93221.0,0.0,-3.0848,-0.003,0.0,0.0,0.0,-1.0,0.0,0.0,109.0,521.0
93261.0,0.0,-3.0848,-0.002,0.0,0.0,0.0,-1.0,0.0,0.0,109.0,534.0
93301.0,0.0,-3.0848,0.003,0.0,0.0,0.0,-1.0,0.0,0.0,109.0,534.0
93341.0,0.0,-3.0848,0.001,0.0,0.0,0.0,-1.0,0.0,0.0,109.0,521.0
93381.0,0.0,-3.0848,0.002,0.0,0.0,0.0,-1.0,0.0,0.0,109.0,534.0
93421.0,0.0,-3.0848,-0.004,0.0,0.0,0.0,-1.0,0.0,0.0,109.0,521.0
93462.0,0.0,-3.0848,0.001,0.0,0.0,0.0,-1.0,0.0,0.0,109.0,521.0
93502.0,0.0,-3.0848,0.002,0.0,0.0,0.0,-1.0,0.0,0.0,109.0,534.0
93542.0,0.0,-3.0848,0.002,0.0,0.0,0.0,-1.0,0.0,0.0,109.0,534.0
93582.0,0.0,-3.0848,0.003,0.0,0.0,0.0,-1.0,0.0,0.0,109.0,534.0
93623.0,0.0,-3.0848,0.001,0.0,0.0,0.0,-1.0,0.0,0.0,109.0,534.0
93663.0,0.0,-3.0848,-0.001,0.0,0.0,0.0,-1.0,0.0,0.0,109.0,534.0
93703.0,0.0,-3.0848,-0.004,0.0,0.0,0.0,-1.0,0.0,0.0,109.0,534.0
93743.0,0.0,-3.0848,0.003,0.0,0.0,0.0,-1.0,0.0,0.0,109.0,534.0
93784.0,0.0,-3.0848,0.001,0.0,0.0,0.0,-1.0,0.0,0.0,109.0,534.0
93824.0,0.0,-3.0848,-0.004,0.0,0.0,0.0,-1.0,0.0,0.0,109.0,541.0
93864.0,0.0,-3.0848,-0.001,0.0,0.0,0.0,-1.0,0.0,0.0,109.0,534.0
93904.0,0.0,-3.0848,0.004,0.0,0.0,0.0,-1.0,0.0,0.0,109.0,535.0
93945.0,0.0,-3.0848,0.001,0.0,0.0,0.0,-1.0,0.0,0.0,109.0,534.0
93985.0,0.0,-3.0848,0.002,0.0,0.0,0.0,-1.0,0.0,0.0,109.0,534.0
94025.0,0.0,-3.0848,0.003,0.0,0.0,0.0,-1.0,0.0,0.0,109.0,534.0
94065.0,0.0,-3.0848,-0.001,0.0,0.0,0.0,-1.0,0.0,0.0,109.0,534.0
94106.0,0.0,-3.0848,0.001,0.0,0.0,0.0,-1.0,0.0,0.0,109.0,534.0
94146.0,0.0,-3.0848,0.002,0.0,0.0,0.0,-1.0,0.0,0.0,109.0,534.0
94186.0,0.0,-3.0848,-0.001,0.0,0.0,0.0,-1.0,0.0,0.0,109.0,534.0
94226.0,0.0,-3.0848,0.003,0.0,0.0,0.0,-1.0,0.0,0.0,109.0,534.0
94266.0,0.0,-3.0848,-0.006,0.0,0.0,0.0,-1.0,0.0,0.0,109.0,536.0
94307.0,0.0,-3.0848,0.003,0.0,0.0,0.0,-1.0,0.0,0.0,109.0,535.0
94347.0,0.0,-3.0848,0.002,0.0,0.0,0.0,-1.0,0.0,0.0,109.0,521.0
94387.0,0.0,-3.0864,-0.008,0.0,0.0,0.0,-1.0,0.0,0.0,109.0,544.0
94427.0,0.0,-3.0848,0.003,0.0,0.0,0.0,-1.0,0.0,0.0,109.0,534.0
94468.0,0.0,-3.0848,0.003,0.0,0.0,0.0,-1.0,0.0,0.0,109.0,534.0
94508.0,0.0,-3.0864,-0.004,0.0,0.0,0.0,-1.0,0.0,0.0,109.0,536.0
94548.0,0.0,-3.0848,-0.005,0.0,0.0,0.0,-1.0,0.0,0.0,109.0,521.0
94588.0,0.0,-3.0864,-0.004,0.0,0.0,0.0,-1.0,0.0,0.0,109.0,523.0
94628.0,0.0,-3.0848,0.004,0.0,0.0,0.0,-1.0,0.0,0.0,109.0,534.0
94668.0,0.0,-3.0848,0.001,0.0,0.0,0.0,-1.0,0.0,0.0,109.0,535.0
94709.0,0.0,-3.0848,0.003,0.0,0.0,0.0,-1.0,0.0,0.0,109.0,534.0
94749.0,0.0,-3.0848,0.001,0.0,0.0,0.0,-1.0,0.0,0.0,109.0,534.0
94789.0,0.0,-3.0848,0.003,0.0,0.0,0.0,-1.0,0.0,0.0,109.0,534.0
94830.0,0.0,-3.0848,0.002,0.0,0.0,0.0,-1.0,0.0,0.0,109.0,534.0
94870.0,0.0,-3.0848,-0.002,0.0,0.0,0.0,-1.0,0.0,0.0,109.0,534.0
94910.0,0.0,-3.0848,0.001,0.0,0.0,0.0,-1.0,0.0,0.0,109.0,534.0
94951.0,0.0,-3.0848,-0.003,0.0,0.0,0.0,-1.0,0.0,0.0,109.0,521.0
94991.0,0.0,-3.0848,0.003,0.0,0.0,0.0,-1.0,0.0,0.0,109.0,534.0
95031.0,0.0,-3.0848,-0.006,0.0,0.0,0.0,-1.0,0.0,0.0,109.0,534.0
95071.0,0.0,-3.0848,-0.002,0.0,0.0,0.0,-1.0,0.0,0.0,109.0,521.0
95111.0,0.0,-3.0848,0.001,0.0,0.0,0.0,-1.0,0.0,0.0,109.0,534.0
95151.0,0.0,-3.0864,-0.007,0.0,0.0,0.0,-1.0,0.0,0.0,109.0,536.0
95192.0,0.0,-3.0848,0.001,0.0,0.0,0.0,-1.0,0.0,0.0,109.0,521.0
95232.0,0.0,-3.0848,0.001,0.0,0.0,0.0,-1.0,0.0,0.0,109.0,534.0
95272.0,0.0,-3.0848,0.0,0.0,0.0,0.0,-1.0,0.0,0.0,109.0,534.0
95312.0,0.0,-3.0848,-0.0,0.0,0.0,0.0,-1.0,0.0,0.0,109.0,534.0
95353.0,0.0,-3.0848,-0.0,0.0,0.0,0.0,-1.0,0.0,0.0,109.0,534.0
95393.0,0.0,-3.0848,-0.003,0.0,0.0,0.0,-1.0,0.0,0.0,109.0,534.0
95433.0,0.0,-3.0848,0.002,0.0,0.0,0.0,-1.0,0.0,0.0,109.0,534.0
95474.0,0.0,-3.0848,0.001,0.0,0.0,0.0,-1.0,0.0,0.0,109.0,534.0
95514.0,0.0,-3.0848,0.001,0.0,0.0,0.0,-1.0,0.0,0.0,109.0,521.0
95554.0,0.0,-3.0848,0.002,0.0,0.0,0.0,-1.0,0.0,0.0,109.0,535.0
95594.0,0.0,-3.0848,0.002,0.0,0.0,0.0,-1.0,0.0,0.0,109.0,534.0
95635.0,0.0,-3.0848,0.002,0.0,0.0,0.0,-1.0,0.0,0.0,109.0,521.0
95675.0,0.0,-3.0848,-0.003,0.0,0.0,0.0,-1.0,0.0,0.0,109.0,534.0
95715.0,0.0,-3.0848,0.002,0.0,0.0,0.0,-1.0,0.0,0.0,109.0,534.0
95755.0,0.0,-3.0848,0.0,0.0,0.0,0.0,-1.0,0.0,0.0,109.0,534.0
95795.0,0.0,-3.0848,0.002,0.0,0.0,0.0,-1.0,0.0,0.0,109.0,534.0
95836.0,0.0,-3.0848,-0.004,0.0,0.0,0.0,-1.0,0.0,0.0,109.0,529.0
95876.0,0.0,-3.0848,0.001,0.0,0.0,0.0,-1.0,0.0,0.0,109.0,521.0
95916.0,0.0,-3.0848,0.001,0.0,0.0,0.0,-1.0,0.0,0.0,109.0,521.0
95957.0,0.0,-3.0848,0.001,0.0,0.0,0.0,-1.0,0.0,0.0,109.0,521.0
95997.0,0.0,-3.0848,0.001,0.0,0.0,0.0,-1.0,0.0,0.0,109.0,534.0
96037.0,0.0,-3.0848,-0.001,0.0,0.0,0.0,-1.0,0.0,0.0,109.0,534.0
96077.0,0.0,-3.0848,0.001,0.0,0.0,0.0,-1.0,0.0,0.0,109.0,534.0
96117.0,0.0,-3.0848,0.003,0.0,0.0,0.0,-1.0,0.0,0.0,109.0,521.0
96157.0,0.0,-3.0848,0.001,0.0,0.0,0.0,-1.0,0.0,0.0,109.0,521.0
96197.0,0.0,-3.0848,0.003,0.0,0.0,0.0,-1.0,0.0,0.0,109.0,534.0
96237.0,0.0,-3.0848,-0.003,0.0,0.0,0.0,-1.0,0.0,0.0,109.0,535.0
96278.0,0.0,-3.0848,0.001,0.0,0.0,0.0,-1.0,0.0,0.0,109.0,534.0
96318.0,0.0,-3.0848,0.003,0.0,0.0,0.0,-1.0,0.0,0.0,109.0,534.0
96358.0,0.0,-3.0848,0.002,0.0,0.0,0.0,-1.0,0.0,0.0,109.0,521.0
96398.0,0.0,-3.0848,-0.008,0.0,0.0,0.0,-1.0,0.0,0.0,109.0,523.0
96438.0,0.0,-3.0848,0.003,0.0,0.0,0.0,-1.0,0.0,0.0,109.0,535.0
96479.0,0.0,-3.0848,0.001,0.0,0.0,0.0,-1.0,0.0,0.0,109.0,534.0
96519.0,0.0,-3.0848,-0.003,0.0,0.0,0.0,-1.0,0.0,0.0,109.0,521.0
96559.0,0.0,-3.0848,0.002,0.0,0.0,0.0,-1.0,0.0,0.0,109.0,534.0
96599.0,0.0,-3.0848,-0.001,0.0,0.0,0.0,-1.0,0.0,0.0,109.0,534.0
96640.0,0.0,-3.0848,0.002,0.0,0.0,0.0,-1.0,0.0,0.0,109.0,534.0
96680.0,0.0,-3.0848,0.003,0.0,0.0,0.0,-1.0,0.0,0.0,109.0,534.0
96720.0,0.0,-3.0864,-0.005,0.0,0.0,0.0,-1.0,0.0,0.0,109.0,537.0
96761.0,0.0,-3.0848,0.001,0.0,0.0,0.0,-1.0,0.0,0.0,109.0,534.0
96801.0,0.0,-3.0848,-0.002,0.0,0.0,0.0,-1.0,0.0,0.0,109.0,534.0
96841.0,0.0,-3.0848,0.001,0.0,0.0,0.0,-1.0,0.0,0.0,109.0,534.0
96882.0,0.0,-3.0848,-0.001,0.0,0.0,0.0,-1.0,0.0,0.0,109.0,521.0
96922.0,0.0,-3.0848,0.002,0.0,0.0,0.0,-1.0,0.0,0.0,109.0,534.0
96962.0,0.0,-3.0848,0.0,0.0,0.0,0.0,-1.0,0.0,0.0,109.0,521.0
97002.0,0.0,-3.0848,0.003,0.0,0.0,0.0,-1.0,0.0,0.0,109.0,521.0
97042.0,0.0,-3.0848,-0.005,0.0,0.0,0.0,-1.0,0.0,0.0,109.0,534.0
97083.0,0.0,-3.0848,0.003,0.0,0.0,0.0,-1.0,0.0,0.0,109.0,534.0
97123.0,0.0,-3.0848,0.003,0.0,0.0,0.0,-1.0,0.0,0.0,109.0,521.0
97163.0,0.0,-3.0848,-0.003,0.0,0.0,0.0,-1.0,0.0,0.0,109.0,534.0
97203.0,0.0,-3.0848,0.001,0.0,0.0,0.0,-1.0,0.0,0.0,109.0,534.0
97244.0,0.0,-3.0848,0.002,0.0,0.0,0.0,-1.0,0.0,0.0,109.0,521.0
97284.0,0.0,-3.0848,0.001,0.0,0.0,0.0,-1.0,0.0,0.0,109.0,534.0
97324.0,0.0,-3.0848,0.001,0.0,0.0,0.0,-1.0,0.0,0.0,109.0,534.0
97365.0,0.0,-3.0848,0.001,0.0,0.0,0.0,-1.0,0.0,0.0,109.0,534.0
97405.0,0.0,-3.0848,-0.003,0.0,0.0,0.0,-1.0,0.0,0.0,109.0,534.0
97445.0,0.0,-3.0848,0.002,0.0,0.0,0.0,-1.0,0.0,0.0,109.0,534.0
97486.0,0.0,-3.0848,-0.004,0.0,0.0,0.0,-1.0,0.0,0.0,109.0,521.0
97526.0,0.0,-3.0848,-0.006,0.0,0.0,0.0,-1.0,0.0,0.0,109.0,523.0
97566.0,0.0,-3.0848,0.001,0.0,0.0,0.0,-1.0,0.0,0.0,109.0,534.0
97606.0,0.0,-3.0864,-0.008,0.0,0.0,0.0,-1.0,0.0,0.0,109.0,536.0
97647.0,0.0,-3.0848,0.002,0.0,0.0,0.0,-1.0,0.0,0.0,109.0,534.0
97687.0,0.0,-3.0848,0.004,0.0,0.0,0.0,-1.0,0.0,0.0,109.0,534.0
97727.0,0.0,-3.0848,0.001,0.0,0.0,0.0,-1.0,0.0,0.0,109.0,521.0
97767.0,0.0,-3.0848,0.003,0.0,0.0,0.0,-1.0,0.0,0.0,109.0,521.0
97807.0,0.0,-3.0848,0.004,0.0,0.0,0.0,-1.0,0.0,0.0,109.0,534.0
97848.0,0.0,-3.0848,-0.001,0.0,0.0,0.0,-1.0,0.0,0.0,109.0,534.0
97888.0,0.0,-3.0848,0.002,0.0,0.0,0.0,-1.0,0.0,0.0,109.0,535.0
97928.0,0.0,-3.0848,0.001,0.0,0.0,0.0,-1.0,0.0,0.0,109.0,521.0
97968.0,0.0,-3.0848,0.002,0.0,0.0,0.0,-1.0,0.0,0.0,109.0,521.0
98008.0,0.0,-3.0848,0.0,0.0,0.0,0.0,-1.0,0.0,0.0,109.0,534.0
98049.0,0.0,-3.0848,-0.004,0.0,0.0,0.0,-1.0,0.0,0.0,109.0,521.0
98089.0,0.0,-3.0864,-0.004,0.0,0.0,0.0,-1.0,0.0,0.0,109.0,536.0
98129.0,0.0,-3.0848,0.003,0.0,0.0,0.0,-1.0,0.0,0.0,109.0,534.0
98169.0,0.0,-3.0848,-0.003,0.0,0.0,0.0,-1.0,0.0,0.0,109.0,534.0
98209.0,0.0,-3.0848,-0.002,0.0,0.0,0.0,-1.0,0.0,0.0,109.0,534.0
98249.0,0.0,-3.0848,-0.001,0.0,0.0,0.0,-1.0,0.0,0.0,109.0,534.0
98290.0,0.0,-3.0848,0.002,0.0,0.0,0.0,-1.0,0.0,0.0,109.0,521.0
98330.0,0.0,-3.0864,-0.002,0.0,0.0,0.0,-1.0,0.0,0.0,109.0,536.0
98370.0,0.0,-3.0864,-0.004,0.0,0.0,0.0,-1.0,0.0,0.0,109.0,536.0
98410.0,0.0,-3.0864,-0.004,0.0,0.0,0.0,-1.0,0.0,0.0,109.0,523.0
98450.0,0.0,-3.0848,-0.002,0.0,0.0,0.0,-1.0,0.0,0.0,109.0,534.0
98491.0,0.0,-3.0848,0.002,0.0,0.0,0.0,-1.0,0.0,0.0,109.0,535.0
98531.0,0.0,-3.0848,-0.003,0.0,0.0,0.0,-1.0,0.0,0.0,109.0,534.0
98571.0,0.0,-3.0848,-0.0,0.0,0.0,0.0,-1.0,0.0,0.0,109.0,534.0
98611.0,0.0,-3.0848,-0.001,0.0,0.0,0.0,-1.0,0.0,0.0,109.0,521.0
98652.0,0.0,-3.0848,0.001,0.0,0.0,0.0,-1.0,0.0,0.0,109.0,521.0
98692.0,0.0,-3.0848,0.003,0.0,0.0,0.0,-1.0,0.0,0.0,109.0,534.0
98732.0,0.0,-3.0848,0.001,0.0,0.0,0.0,-1.0,0.0,0.0,109.0,534.0
98772.0,0.0,-3.0848,-0.0,0.0,0.0,0.0,-1.0,0.0,0.0,109.0,535.0
98812.0,0.0,-3.0848,-0.005,0.0,0.0,0.0,-1.0,0.0,0.0,109.0,536.0
98852.0,0.0,-3.0848,-0.001,0.0,0.0,0.0,-1.0,0.0,0.0,109.0,521.0
98892.0,0.0,-3.0848,0.002,0.0,0.0,0.0,-1.0,0.0,0.0,109.0,534.0
98932.0,0.0,-3.0848,0.003,0.0,0.0,0.0,-1.0,0.0,0.0,109.0,521.0
98973.0,0.0,-3.0848,0.002,0.0,0.0,0.0,-1.0,0.0,0.0,109.0,521.0
99013.0,0.0,-3.0848,-0.003,0.0,0.0,0.0,-1.0,0.0,0.0,109.0,528.0
99053.0,0.0,-3.0848,0.001,0.0,0.0,0.0,-1.0,0.0,0.0,109.0,534.0
99093.0,0.0,-3.0848,0.004,0.0,0.0,0.0,-1.0,0.0,0.0,109.0,534.0
99134.0,0.0,-3.0848,-0.002,0.0,0.0,0.0,-1.0,0.0,0.0,109.0,521.0
99174.0,0.0,-3.0848,0.001,0.0,0.0,0.0,-1.0,0.0,0.0,109.0,534.0
99214.0,0.0,-3.0848,0.001,0.0,0.0,0.0,-1.0,0.0,0.0,109.0,534.0
99254.0,0.0,-3.0864,-0.003,0.0,0.0,0.0,-1.0,0.0,0.0,109.0,523.0
99295.0,0.0,-3.0848,0.003,0.0,0.0,0.0,-1.0,0.0,0.0,109.0,521.0
99335.0,0.0,-3.0848,0.001,0.0,0.0,0.0,-1.0,0.0,0.0,109.0,534.0
99375.0,0.0,-3.0848,-0.002,0.0,0.0,0.0,-1.0,0.0,0.0,109.0,534.0
99415.0,0.0,-3.0848,-0.006,0.0,0.0,0.0,-1.0,0.0,0.0,109.0,534.0
99456.0,0.0,-3.0848,0.004,0.0,0.0,0.0,-1.0,0.0,0.0,109.0,534.0
99496.0,0.0,-3.0848,-0.01,0.0,0.0,0.0,-1.0,0.0,0.0,109.0,523.0
99536.0,0.0,-3.0848,0.004,0.0,0.0,0.0,-1.0,0.0,0.0,109.0,521.0
99577.0,0.0,-3.0848,0.0,0.0,0.0,0.0,-1.0,0.0,0.0,109.0,521.0
99617.0,0.0,-3.0848,0.003,0.0,0.0,0.0,-1.0,0.0,0.0,109.0,534.0
99657.0,0.0,-3.0848,-0.001,0.0,0.0,0.0,-1.0,0.0,0.0,109.0,534.0
99697.0,0.0,-3.0848,-0.001,0.0,0.0,0.0,-1.0,0.0,0.0,109.0,534.0
99737.0,0.0,-3.0848,0.002,0.0,0.0,0.0,-1.0,0.0,0.0,109.0,534.0
99777.0,0.0,-3.0848,-0.002,0.0,0.0,0.0,-1.0,0.0,0.0,109.0,534.0
99817.0,0.0,-3.0848,-0.002,0.0,0.0,0.0,-1.0,0.0,0.0,109.0,534.0
99858.0,0.0,-3.0848,-0.002,0.0,0.0,0.0,-1.0,0.0,0.0,109.0,521.0
99898.0,0.0,-3.0848,0.0,0.0,0.0,0.0,-1.0,0.0,0.0,109.0,534.0
99938.0,0.0,-3.0848,0.002,0.0,0.0,0.0,-1.0,0.0,0.0,109.0,521.0
99978.0,0.0,-3.0848,-0.002,0.0,0.0,0.0,-1.0,0.0,0.0,109.0,534.0
100019.0,0.0,-3.0848,-0.005,0.0,0.0,0.0,-1.0,0.0,0.0,109.0,521.0
100059.0,0.0,-3.0848,-0.0,0.0,0.0,0.0,-1.0,0.0,0.0,109.0,534.0
100099.0,0.0,-3.0848,0.002,0.0,0.0,0.0,-1.0,0.0,0.0,109.0,534.0
100139.0,0.0,-3.0848,0.001,0.0,0.0,0.0,-1.0,0.0,0.0,109.0,534.0
100179.0,0.0,-3.0864,-0.005,0.0,0.0,0.0,-1.0,0.0,0.0,109.0,536.0
100219.0,0.0,-3.0848,0.003,0.0,0.0,0.0,-1.0,0.0,0.0,109.0,534.0
100260.0,0.0,-3.0848,-0.0,0.0,0.0,0.0,-1.0,0.0,0.0,109.0,534.0
100300.0,0.0,-3.0848,0.002,0.0,0.0,0.0,-1.0,0.0,0.0,109.0,534.0
100340.0,0.0,-3.0848,-0.0,0.0,0.0,0.0,-1.0,0.0,0.0,109.0,534.0
100380.0,0.0,-3.0848,0.001,0.0,0.0,0.0,-1.0,0.0,0.0,109.0,534.0
100420.0,0.0,-3.0848,0.0,0.0,0.0,0.0,-1.0,0.0,0.0,109.0,534.0
100460.0,0.0,-3.0864,-0.009,0.0,0.0,0.0,-1.0,0.0,0.0,109.0,523.0
100500.0,0.0,-3.0848,0.003,0.0,0.0,0.0,-1.0,0.0,0.0,109.0,534.0
100540.0,0.0,-3.0848,-0.0,0.0,0.0,0.0,-1.0,0.0,0.0,109.0,521.0
100580.0,0.0,-3.0864,-0.005,0.0,0.0,0.0,-1.0,0.0,0.0,109.0,523.0
100620.0,0.0,-3.0848,0.003,0.0,0.0,0.0,-1.0,0.0,0.0,109.0,534.0
100660.0,0.0,-3.0848,-0.008,0.0,0.0,0.0,-1.0,0.0,0.0,109.0,536.0
100701.0,0.0,-3.0848,0.0,0.0,0.0,0.0,-1.0,0.0,0.0,109.0,534.0
100741.0,0.0,-3.0848,-0.008,0.0,0.0,0.0,-1.0,0.0,0.0,109.0,537.0
100781.0,0.0,-3.0848,0.005,0.0,0.0,0.0,-1.0,0.0,0.0,109.0,521.0
100821.0,0.0,-3.0848,-0.004,0.0,0.0,0.0,-1.0,0.0,0.0,109.0,542.0
100861.0,0.0,-3.0848,0.002,0.0,0.0,0.0,-1.0,0.0,0.0,109.0,521.0
100901.0,0.0,-3.0848,0.001,0.0,0.0,0.0,-1.0,0.0,0.0,109.0,534.0
100942.0,0.0,-3.0848,0.001,0.0,0.0,0.0,-1.0,0.0,0.0,109.0,534.0
100982.0,0.0,-3.0848,-0.003,0.0,0.0,0.0,-1.0,0.0,0.0,109.0,534.0
101022.0,0.0,-3.0848,0.003,0.0,0.0,0.0,-1.0,0.0,0.0,109.0,534.0
101062.0,0.0,-3.0848,0.003,0.0,0.0,0.0,-1.0,0.0,0.0,109.0,534.0
101103.0,0.0,-3.0848,-0.003,0.0,0.0,0.0,-1.0,0.0,0.0,109.0,542.0
101143.0,0.0,-3.0848,0.001,0.0,0.0,0.0,-1.0,0.0,0.0,109.0,534.0
101183.0,0.0,-3.0848,0.0,0.0,0.0,0.0,-1.0,0.0,0.0,109.0,534.0
101224.0,0.0,-3.0848,-0.0,0.0,0.0,0.0,-1.0,0.0,0.0,109.0,534.0
101264.0,0.0,-3.0848,-0.002,0.0,0.0,0.0,-1.0,0.0,0.0,109.0,534.0
101304.0,0.0,-3.0848,0.001,0.0,0.0,0.0,-1.0,0.0,0.0,109.0,534.0
101345.0,0.0,-3.0848,0.003,0.0,0.0,0.0,-1.0,0.0,0.0,109.0,521.0
101385.0,0.0,-3.0848,0.0,0.0,0.0,0.0,-1.0,0.0,0.0,109.0,534.0
101425.0,0.0,-3.0848,0.002,0.0,0.0,0.0,-1.0,0.0,0.0,109.0,534.0
101465.0,0.0,-3.0848,0.002,0.0,0.0,0.0,-1.0,0.0,0.0,109.0,534.0
101505.0,0.0,-3.0848,-0.002,0.0,0.0,0.0,-1.0,0.0,0.0,109.0,534.0
101545.0,0.0,-3.0848,-0.004,0.0,0.0,0.0,-1.0,0.0,0.0,109.0,528.0
101585.0,0.0,-3.0848,0.0,0.0,0.0,0.0,-1.0,0.0,0.0,109.0,534.0
101625.0,0.0,-3.0848,0.0,0.0,0.0,0.0,-1.0,0.0,0.0,109.0,534.0
101666.0,0.0,-3.0848,-0.002,0.0,0.0,0.0,-1.0,0.0,0.0,109.0,521.0
101706.0,0.0,-3.0848,0.002,0.0,0.0,0.0,-1.0,0.0,0.0,109.0,535.0
101746.0,0.0,-3.0848,0.001,0.0,0.0,0.0,-1.0,0.0,0.0,109.0,521.0
101786.0,0.0,-3.0848,-0.003,0.0,0.0,0.0,-1.0,0.0,0.0,109.0,521.0
101827.0,0.0,-3.0848,0.002,0.0,0.0,0.0,-1.0,0.0,0.0,109.0,521.0
101867.0,0.0,-3.0848,0.0,0.0,0.0,0.0,-1.0,0.0,0.0,109.0,534.0
101907.0,0.0,-3.0848,0.001,0.0,0.0,0.0,-1.0,0.0,0.0,109.0,534.0
101947.0,0.0,-3.0848,0.0,0.0,0.0,0.0,-1.0,0.0,0.0,109.0,534.0
101987.0,0.0,-3.0848,0.002,0.0,0.0,0.0,-1.0,0.0,0.0,109.0,522.0
102027.0,0.0,-3.0848,0.0,0.0,0.0,0.0,-1.0,0.0,0.0,109.0,534.0
102068.0,0.0,-3.0848,0.001,0.0,0.0,0.0,-1.0,0.0,0.0,109.0,521.0
102108.0,0.0,-3.0848,0.0,0.0,0.0,0.0,-1.0,0.0,0.0,109.0,534.0
102148.0,0.0,-3.0848,0.003,0.0,0.0,0.0,-1.0,0.0,0.0,109.0,534.0
102189.0,0.0,-3.0848,-0.005,0.0,0.0,0.0,-1.0,0.0,0.0,109.0,534.0
102229.0,0.0,-3.0848,0.002,0.0,0.0,0.0,-1.0,0.0,0.0,109.0,534.0
102269.0,0.0,-3.0848,0.002,0.0,0.0,0.0,-1.0,0.0,0.0,109.0,534.0
102309.0,0.0,-3.0848,0.0,0.0,0.0,0.0,-1.0,0.0,0.0,109.0,534.0
102349.0,0.0,-3.0848,0.003,0.0,0.0,0.0,-1.0,0.0,0.0,109.0,534.0
102389.0,0.0,-3.0848,0.004,0.0,0.0,0.0,-1.0,0.0,0.0,109.0,534.0
102430.0,0.0,-3.0848,0.002,0.0,0.0,0.0,-1.0,0.0,0.0,109.0,521.0
102470.0,0.0,-3.0848,0.0,0.0,0.0,0.0,-1.0,0.0,0.0,109.0,534.0
102510.0,0.0,-3.0864,-0.002,0.0,0.0,0.0,-1.0,0.0,0.0,109.0,536.0
102550.0,0.0,-3.0848,0.002,0.0,0.0,0.0,-1.0,0.0,0.0,109.0,535.0
102590.0,0.0,-3.0848,0.001,0.0,0.0,0.0,-1.0,0.0,0.0,109.0,534.0
102630.0,0.0,-3.0848,0.002,0.0,0.0,0.0,-1.0,0.0,0.0,109.0,521.0
102670.0,0.0,-3.0848,-0.005,0.0,0.0,0.0,-1.0,0.0,0.0,109.0,534.0
102711.0,0.0,-3.0848,-0.003,0.0,0.0,0.0,-1.0,0.0,0.0,109.0,521.0
102751.0,0.0,-3.0848,0.001,0.0,0.0,0.0,-1.0,0.0,0.0,109.0,534.0
102791.0,0.0,-3.0848,0.003,0.0,0.0,0.0,-1.0,0.0,0.0,109.0,534.0
102832.0,0.0,-3.0848,0.003,0.0,0.0,0.0,-1.0,0.0,0.0,109.0,534.0
102872.0,0.0,-3.0848,0.001,0.0,0.0,0.0,-1.0,0.0,0.0,109.0,535.0
102912.0,0.0,-3.0848,-0.001,0.0,0.0,0.0,-1.0,0.0,0.0,109.0,521.0
102952.0,0.0,-3.0848,0.001,0.0,0.0,0.0,-1.0,0.0,0.0,109.0,522.0
102993.0,0.0,-3.0848,0.0,0.0,0.0,0.0,-1.0,0.0,0.0,109.0,522.0
103033.0,0.0,-3.0848,0.0,0.0,0.0,0.0,-1.0,0.0,0.0,109.0,542.0
103073.0,0.0,-3.0848,-0.003,0.0,0.0,0.0,-1.0,0.0,0.0,109.0,534.0
103114.0,0.0,-3.0848,0.003,0.0,0.0,0.0,-1.0,0.0,0.0,109.0,534.0
103154.0,0.0,-3.0848,-0.003,0.0,0.0,0.0,-1.0,0.0,0.0,109.0,541.0
103194.0,0.0,-3.0848,-0.001,0.0,0.0,0.0,-1.0,0.0,0.0,109.0,535.0
103234.0,0.0,-3.0848,0.002,0.0,0.0,0.0,-1.0,0.0,0.0,109.0,521.0
103274.0,0.0,-3.0848,0.001,0.0,0.0,0.0,-1.0,0.0,0.0,109.0,534.0
103315.0,0.0,-3.0848,-0.0,0.0,0.0,0.0,-1.0,0.0,0.0,109.0,521.0
103355.0,0.0,-3.0848,0.001,0.0,0.0,0.0,-1.0,0.0,0.0,109.0,534.0
103395.0,0.0,-3.0848,0.0,0.0,0.0,0.0,-1.0,0.0,0.0,109.0,534.0
103435.0,0.0,-3.0848,0.0,0.0,0.0,0.0,-1.0,0.0,0.0,109.0,534.0
103475.0,0.0,-3.0848,0.0,0.0,0.0,0.0,-1.0,0.0,0.0,109.0,534.0
103515.0,0.0,-3.0848,-0.001,0.0,0.0,0.0,-1.0,0.0,0.0,109.0,534.0
103556.0,0.0,-3.0848,-0.004,0.0,0.0,0.0,-1.0,0.0,0.0,109.0,524.0
103596.0,0.0,-3.0848,0.003,0.0,0.0,0.0,-1.0,0.0,0.0,109.0,521.0
103636.0,0.0,-3.0848,0.001,0.0,0.0,0.0,-1.0,0.0,0.0,109.0,534.0
103676.0,0.0,-3.0848,0.0,0.0,0.0,0.0,-1.0,0.0,0.0,109.0,534.0
103717.0,0.0,-3.0848,-0.0,0.0,0.0,0.0,-1.0,0.0,0.0,109.0,521.0
103757.0,0.0,-3.0848,-0.001,0.0,0.0,0.0,-1.0,0.0,0.0,109.0,534.0
103797.0,0.0,-3.0848,0.003,0.0,0.0,0.0,-1.0,0.0,0.0,109.0,521.0
103837.0,0.0,-3.0848,0.001,0.0,0.0,0.0,-1.0,0.0,0.0,109.0,522.0
103877.0,0.0,-3.0848,-0.005,0.0,0.0,0.0,-1.0,0.0,0.0,109.0,534.0
103918.0,0.0,-3.0848,0.0,0.0,0.0,0.0,-1.0,0.0,0.0,109.0,534.0
103958.0,0.0,-3.0848,0.001,0.0,0.0,0.0,-1.0,0.0,0.0,109.0,534.0
103998.0,0.0,-3.0848,0.003,0.0,0.0,0.0,-1.0,0.0,0.0,109.0,534.0
104038.0,0.0,-3.0848,-0.002,0.0,0.0,0.0,-1.0,0.0,0.0,109.0,534.0
104079.0,0.0,-3.0848,0.003,0.0,0.0,0.0,-1.0,0.0,0.0,109.0,521.0
104119.0,0.0,-3.0848,0.001,0.0,0.0,0.0,-1.0,0.0,0.0,109.0,534.0
104159.0,0.0,-3.0848,-0.004,0.0,0.0,0.0,-1.0,0.0,0.0,109.0,534.0
104200.0,0.0,-3.0864,-0.006,0.0,0.0,0.0,-1.0,0.0,0.0,109.0,523.0
104240.0,0.0,-3.0848,0.002,0.0,0.0,0.0,-1.0,0.0,0.0,109.0,534.0
104280.0,0.0,-3.0848,-0.005,0.0,0.0,0.0,-1.0,0.0,0.0,109.0,541.0
104321.0,0.0,-3.0848,0.001,0.0,0.0,0.0,-1.0,0.0,0.0,109.0,521.0
104361.0,0.0,-3.0848,0.0,0.0,0.0,0.0,-1.0,0.0,0.0,109.0,534.0
104401.0,0.0,-3.0848,-0.001,0.0,0.0,0.0,-1.0,0.0,0.0,109.0,534.0
104441.0,0.0,-3.0848,0.003,0.0,0.0,0.0,-1.0,0.0,0.0,109.0,534.0
104481.0,0.0,-3.0848,0.003,0.0,0.0,0.0,-1.0,0.0,0.0,109.0,534.0
104521.0,0.0,-3.0848,0.002,0.0,0.0,0.0,-1.0,0.0,0.0,109.0,534.0
104561.0,0.0,-3.0848,0.0,0.0,0.0,0.0,-1.0,0.0,0.0,109.0,534.0
104601.0,0.0,-3.0864,-0.006,0.0,0.0,0.0,-1.0,0.0,0.0,109.0,536.0
104641.0,0.0,-3.0848,0.002,0.0,0.0,0.0,-1.0,0.0,0.0,109.0,534.0
104681.0,0.0,-3.0848,0.001,0.0,0.0,0.0,-1.0,0.0,0.0,109.0,534.0
104722.0,0.0,-3.0848,0.001,0.0,0.0,0.0,-1.0,0.0,0.0,109.0,522.0
104762.0,0.0,-3.0848,0.002,0.0,0.0,0.0,-1.0,0.0,0.0,109.0,534.0
104802.0,0.0,-3.0848,0.0,0.0,0.0,0.0,-1.0,0.0,0.0,109.0,534.0
104842.0,0.0,-3.0848,0.001,0.0,0.0,0.0,-1.0,0.0,0.0,109.0,534.0
104882.0,0.0,-3.0848,-0.001,0.0,0.0,0.0,-1.0,0.0,0.0,109.0,534.0
104922.0,0.0,-3.0848,0.002,0.0,0.0,0.0,-1.0,0.0,0.0,109.0,535.0
104962.0,0.0,-3.0848,0.001,0.0,0.0,0.0,-1.0,0.0,0.0,109.0,534.0
105002.0,0.0,-3.0848,0.002,0.0,0.0,0.0,-1.0,0.0,0.0,109.0,535.0
105043.0,0.0,-3.0848,0.003,0.0,0.0,0.0,-1.0,0.0,0.0,109.0,521.0
105083.0,0.0,-3.0848,0.001,0.0,0.0,0.0,-1.0,0.0,0.0,109.0,534.0
105123.0,0.0,-3.0848,-0.002,0.0,0.0,0.0,-1.0,0.0,0.0,109.0,535.0
105163.0,0.0,-3.0848,0.003,0.0,0.0,0.0,-1.0,0.0,0.0,109.0,521.0
105203.0,0.0,-3.0848,0.0,0.0,0.0,0.0,-1.0,0.0,0.0,109.0,521.0
105244.0,0.0,-3.0848,0.002,0.0,0.0,0.0,-1.0,0.0,0.0,109.0,521.0
105284.0,0.0,-3.0848,0.002,0.0,0.0,0.0,-1.0,0.0,0.0,109.0,534.0
105324.0,0.0,-3.0848,-0.0,0.0,0.0,0.0,-1.0,0.0,0.0,109.0,521.0
105364.0,0.0,-3.0848,0.001,0.0,0.0,0.0,-1.0,0.0,0.0,109.0,534.0
105404.0,0.0,-3.0848,0.0,0.0,0.0,0.0,-1.0,0.0,0.0,109.0,534.0
105444.0,0.0,-3.0848,-0.005,0.0,0.0,0.0,-1.0,0.0,0.0,109.0,536.0
105485.0,0.0,-3.0848,0.002,0.0,0.0,0.0,-1.0,0.0,0.0,109.0,521.0
105525.0,0.0,-3.0848,-0.002,0.0,0.0,0.0,-1.0,0.0,0.0,109.0,534.0
105565.0,0.0,-3.0864,-0.005,0.0,0.0,0.0,-1.0,0.0,0.0,109.0,523.0
105605.0,0.0,-3.0848,0.001,0.0,0.0,0.0,-1.0,0.0,0.0,109.0,521.0
105645.0,0.0,-3.0848,0.002,0.0,0.0,0.0,-1.0,0.0,0.0,109.0,534.0
105686.0,0.0,-3.0848,-0.004,0.0,0.0,0.0,-1.0,0.0,0.0,109.0,534.0
105726.0,0.0,-3.0848,-0.004,0.0,0.0,0.0,-1.0,0.0,0.0,109.0,541.0
105766.0,0.0,-3.0848,0.002,0.0,0.0,0.0,-1.0,0.0,0.0,109.0,521.0
105806.0,0.0,-3.0848,-0.004,0.0,0.0,0.0,-1.0,0.0,0.0,109.0,534.0
105846.0,0.0,-3.0848,0.002,0.0,0.0,0.0,-1.0,0.0,0.0,109.0,521.0
105887.0,0.0,-3.0848,-0.004,0.0,0.0,0.0,-1.0,0.0,0.0,109.0,521.0
105927.0,0.0,-3.0848,0.003,0.0,0.0,0.0,-1.0,0.0,0.0,109.0,534.0
105967.0,0.0,-3.0848,0.001,0.0,0.0,0.0,-1.0,0.0,0.0,109.0,534.0
106007.0,0.0,-3.0848,-0.009,0.0,0.0,0.0,-1.0,0.0,0.0,109.0,530.0
106047.0,0.0,-3.0848,-0.003,0.0,0.0,0.0,-1.0,0.0,0.0,109.0,541.0
106088.0,0.0,-3.0848,-0.003,0.0,0.0,0.0,-1.0,0.0,0.0,109.0,522.0
106128.0,0.0,-3.0848,0.001,0.0,0.0,0.0,-1.0,0.0,0.0,109.0,534.0
106168.0,0.0,-3.0848,-0.004,0.0,0.0,0.0,-1.0,0.0,0.0,109.0,534.0
106208.0,0.0,-3.0848,0.002,0.0,0.0,0.0,-1.0,0.0,0.0,109.0,534.0
106248.0,0.0,-3.0848,0.002,0.0,0.0,0.0,-1.0,0.0,0.0,109.0,534.0
106289.0,0.0,-3.0848,0.0,0.0,0.0,0.0,-1.0,0.0,0.0,109.0,522.0
106329.0,0.0,-3.0848,0.001,0.0,0.0,0.0,-1.0,0.0,0.0,109.0,535.0
106369.0,0.0,-3.0848,-0.004,0.0,0.0,0.0,-1.0,0.0,0.0,109.0,534.0
106409.0,0.0,-3.0848,0.002,0.0,0.0,0.0,-1.0,0.0,0.0,109.0,534.0
106450.0,0.0,-3.0848,0.002,0.0,0.0,0.0,-1.0,0.0,0.0,109.0,534.0
106490.0,0.0,-3.0848,0.001,0.0,0.0,0.0,-1.0,0.0,0.0,109.0,535.0
106530.0,0.0,-3.0848,-0.004,0.0,0.0,0.0,-1.0,0.0,0.0,109.0,534.0
106570.0,0.0,-3.0848,0.003,0.0,0.0,0.0,-1.0,0.0,0.0,109.0,534.0
106611.0,0.0,-3.0848,-0.002,0.0,0.0,0.0,-1.0,0.0,0.0,109.0,521.0
106651.0,0.0,-3.0864,-0.003,0.0,0.0,0.0,-1.0,0.0,0.0,109.0,536.0
106691.0,0.0,-3.0848,0.002,0.0,0.0,0.0,-1.0,0.0,0.0,109.0,521.0
106731.0,0.0,-3.0864,-0.004,0.0,0.0,0.0,-1.0,0.0,0.0,109.0,523.0
106771.0,0.0,-3.0848,0.003,0.0,0.0,0.0,-1.0,0.0,0.0,109.0,534.0
106812.0,0.0,-3.0848,0.0,0.0,0.0,0.0,-1.0,0.0,0.0,109.0,534.0
106852.0,0.0,-3.0848,-0.002,0.0,0.0,0.0,-1.0,0.0,0.0,109.0,534.0
106892.0,0.0,-3.0848,0.002,0.0,0.0,0.0,-1.0,0.0,0.0,109.0,534.0
106932.0,0.0,-3.0848,0.001,0.0,0.0,0.0,-1.0,0.0,0.0,109.0,534.0
106972.0,0.0,-3.0848,0.001,0.0,0.0,0.0,-1.0,0.0,0.0,109.0,535.0
107013.0,0.0,-3.0848,0.0,0.0,0.0,0.0,-1.0,0.0,0.0,109.0,521.0
107053.0,0.0,-3.0848,-0.002,0.0,0.0,0.0,-1.0,0.0,0.0,109.0,522.0
107093.0,0.0,-3.0848,0.001,0.0,0.0,0.0,-1.0,0.0,0.0,109.0,534.0
107133.0,0.0,-3.0848,0.005,0.0,0.0,0.0,-1.0,0.0,0.0,109.0,534.0
107174.0,0.0,-3.0848,0.002,0.0,0.0,0.0,-1.0,0.0,0.0,109.0,534.0
107214.0,0.0,-3.0848,0.001,0.0,0.0,0.0,-1.0,0.0,0.0,109.0,534.0
107254.0,0.0,-3.0848,0.002,0.0,0.0,0.0,-1.0,0.0,0.0,109.0,534.0
107294.0,0.0,-3.0848,0.002,0.0,0.0,0.0,-1.0,0.0,0.0,109.0,521.0
107334.0,0.0,-3.0848,-0.001,0.0,0.0,0.0,-1.0,0.0,0.0,109.0,534.0
107375.0,0.0,-3.0848,0.002,0.0,0.0,0.0,-1.0,0.0,0.0,109.0,534.0
107415.0,0.0,-3.0848,-0.002,0.0,0.0,0.0,-1.0,0.0,0.0,109.0,534.0
107455.0,0.0,-3.0848,-0.004,0.0,0.0,0.0,-1.0,0.0,0.0,109.0,541.0
107496.0,0.0,-3.0848,0.002,0.0,0.0,0.0,-1.0,0.0,0.0,109.0,521.0
107536.0,0.0,-3.0848,-0.0,0.0,0.0,0.0,-1.0,0.0,0.0,109.0,534.0
107576.0,0.0,-3.0848,0.001,0.0,0.0,0.0,-1.0,0.0,0.0,109.0,534.0
107616.0,0.0,-3.0848,0.002,0.0,0.0,0.0,-1.0,0.0,0.0,109.0,534.0
107656.0,0.0,-3.0848,-0.002,0.0,0.0,0.0,-1.0,0.0,0.0,109.0,534.0
107696.0,0.0,-3.0848,0.002,0.0,0.0,0.0,-1.0,0.0,0.0,109.0,521.0
107736.0,0.0,-3.0848,0.002,0.0,0.0,0.0,-1.0,0.0,0.0,109.0,521.0
107776.0,0.0,-3.0848,-0.0,0.0,0.0,0.0,-1.0,0.0,0.0,109.0,535.0
107817.0,0.0,-3.0848,0.002,0.0,0.0,0.0,-1.0,0.0,0.0,109.0,521.0
107857.0,0.0,-3.0848,0.003,0.0,0.0,0.0,-1.0,0.0,0.0,109.0,534.0
107897.0,0.0,-3.0848,0.0,0.0,0.0,0.0,-1.0,0.0,0.0,109.0,521.0
107937.0,0.0,-3.0848,0.002,0.0,0.0,0.0,-1.0,0.0,0.0,109.0,534.0
107977.0,0.0,-3.0848,0.001,0.0,0.0,0.0,-1.0,0.0,0.0,109.0,521.0
108018.0,0.0,-3.0848,0.003,0.0,0.0,0.0,-1.0,0.0,0.0,109.0,521.0
108058.0,0.0,-3.0848,0.0,0.0,0.0,0.0,-1.0,0.0,0.0,109.0,534.0
108098.0,0.0,-3.0848,0.002,0.0,0.0,0.0,-1.0,0.0,0.0,109.0,534.0
108138.0,0.0,-3.0848,0.003,0.0,0.0,0.0,-1.0,0.0,0.0,109.0,534.0
108179.0,0.0,-3.0848,0.002,0.0,0.0,0.0,-1.0,0.0,0.0,109.0,534.0
108219.0,0.0,-3.0848,-0.003,0.0,0.0,0.0,-1.0,0.0,0.0,109.0,534.0
108259.0,0.0,-3.0848,0.002,0.0,0.0,0.0,-1.0,0.0,0.0,109.0,521.0
108299.0,0.0,-3.0848,-0.014,0.0,0.0,0.0,-1.0,0.0,0.0,109.0,536.0
108340.0,0.0,-3.0848,-0.002,0.0,0.0,0.0,-1.0,0.0,0.0,109.0,534.0
108380.0,0.0,-3.0848,-0.003,0.0,0.0,0.0,-1.0,0.0,0.0,109.0,534.0
108420.0,0.0,-3.0848,-0.004,0.0,0.0,0.0,-1.0,0.0,0.0,109.0,541.0
108461.0,0.0,-3.0848,0.001,0.0,0.0,0.0,-1.0,0.0,0.0,109.0,534.0
108501.0,0.0,-3.0864,-0.004,0.0,0.0,0.0,-1.0,0.0,0.0,109.0,536.0
108541.0,0.0,-3.0864,-0.007,0.0,0.0,0.0,-1.0,0.0,0.0,109.0,536.0
108582.0,0.0,-3.0848,0.003,0.0,0.0,0.0,-1.0,0.0,0.0,109.0,534.0
108622.0,0.0,-3.0848,0.004,0.0,0.0,0.0,-1.0,0.0,0.0,109.0,534.0
108662.0,0.0,-3.0848,0.001,0.0,0.0,0.0,-1.0,0.0,0.0,109.0,534.0
108703.0,0.0,-3.0848,0.001,0.0,0.0,0.0,-1.0,0.0,0.0,109.0,534.0
108743.0,0.0,-3.0864,-0.007,0.0,0.0,0.0,-1.0,0.0,0.0,109.0,536.0
108783.0,0.0,-3.0848,0.001,0.0,0.0,0.0,-1.0,0.0,0.0,109.0,534.0
108824.0,0.0,-3.0848,-0.0,0.0,0.0,0.0,-1.0,0.0,0.0,109.0,521.0
108864.0,0.0,-3.0848,0.002,0.0,0.0,0.0,-1.0,0.0,0.0,109.0,534.0
108904.0,0.0,-3.0848,0.0,0.0,0.0,0.0,-1.0,0.0,0.0,109.0,521.0
108944.0,0.0,-3.0848,-0.003,0.0,0.0,0.0,-1.0,0.0,0.0,109.0,534.0
108984.0,0.0,-3.0848,-0.002,0.0,0.0,0.0,-1.0,0.0,0.0,109.0,534.0
109024.0,0.0,-3.0848,0.001,0.0,0.0,0.0,-1.0,0.0,0.0,109.0,534.0
109065.0,0.0,-3.0848,0.004,0.0,0.0,0.0,-1.0,0.0,0.0,109.0,521.0
109105.0,0.0,-3.0848,0.003,0.0,0.0,0.0,-1.0,0.0,0.0,109.0,534.0
109145.0,0.0,-3.0848,0.001,0.0,0.0,0.0,-1.0,0.0,0.0,109.0,521.0
109185.0,0.0,-3.0848,0.001,0.0,0.0,0.0,-1.0,0.0,0.0,109.0,521.0
109225.0,0.0,-3.0848,0.001,0.0,0.0,0.0,-1.0,0.0,0.0,109.0,521.0
109265.0,0.0,-3.0848,-0.003,0.0,0.0,0.0,-1.0,0.0,0.0,109.0,534.0
109306.0,0.0,-3.0848,0.002,0.0,0.0,0.0,-1.0,0.0,0.0,109.0,534.0
109346.0,0.0,-3.0864,-0.005,0.0,0.0,0.0,-1.0,0.0,0.0,109.0,536.0
109386.0,0.0,-3.0848,0.001,0.0,0.0,0.0,-1.0,0.0,0.0,109.0,534.0
109426.0,0.0,-3.0848,-0.004,0.0,0.0,0.0,-1.0,0.0,0.0,109.0,534.0
109467.0,0.0,-3.0848,-0.0,0.0,0.0,0.0,-1.0,0.0,0.0,109.0,521.0
109507.0,0.0,-3.0848,0.001,0.0,0.0,0.0,-1.0,0.0,0.0,109.0,534.0
109547.0,0.0,-3.0848,0.002,0.0,0.0,0.0,-1.0,0.0,0.0,109.0,521.0
109587.0,0.0,-3.0848,0.0,0.0,0.0,0.0,-1.0,0.0,0.0,109.0,521.0
109628.0,0.0,-3.0848,0.002,0.0,0.0,0.0,-1.0,0.0,0.0,109.0,521.0
109668.0,0.0,-3.0848,0.001,0.0,0.0,0.0,-1.0,0.0,0.0,109.0,534.0
109708.0,0.0,-3.0848,0.0,0.0,0.0,0.0,-1.0,0.0,0.0,109.0,521.0
109748.0,0.0,-3.0848,-0.0,0.0,0.0,0.0,-1.0,0.0,0.0,109.0,521.0
109788.0,0.0,-3.0848,0.001,0.0,0.0,0.0,-1.0,0.0,0.0,109.0,534.0
109829.0,0.0,-3.0848,0.002,0.0,0.0,0.0,-1.0,0.0,0.0,109.0,534.0
109869.0,0.0,-3.0848,-0.0,0.0,0.0,0.0,-1.0,0.0,0.0,109.0,534.0
109909.0,0.0,-3.0848,0.003,0.0,0.0,0.0,-1.0,0.0,0.0,109.0,534.0
109949.0,0.0,-3.0848,-0.005,0.0,0.0,0.0,-1.0,0.0,0.0,109.0,534.0
109990.0,0.0,-3.0848,0.002,0.0,0.0,0.0,-1.0,0.0,0.0,109.0,534.0
110030.0,0.0,-3.0848,0.0,0.0,0.0,0.0,-1.0,0.0,0.0,109.0,534.0
110070.0,0.0,-3.0848,-0.004,0.0,0.0,0.0,-1.0,0.0,0.0,109.0,534.0
110111.0,0.0,-3.0848,0.003,0.0,0.0,0.0,-1.0,0.0,0.0,109.0,534.0
110151.0,0.0,-3.0848,0.003,0.0,0.0,0.0,-1.0,0.0,0.0,109.0,534.0
110191.0,0.0,-3.0848,0.002,0.0,0.0,0.0,-1.0,0.0,0.0,109.0,534.0
110231.0,0.0,-3.0848,0.001,0.0,0.0,0.0,-1.0,0.0,0.0,109.0,534.0
110272.0,0.0,-3.0848,-0.001,0.0,0.0,0.0,-1.0,0.0,0.0,109.0,534.0
110312.0,0.0,-3.0848,0.002,0.0,0.0,0.0,-1.0,0.0,0.0,109.0,521.0
110352.0,0.0,-3.0848,0.001,0.0,0.0,0.0,-1.0,0.0,0.0,109.0,534.0
110392.0,0.0,-3.0848,0.0,0.0,0.0,0.0,-1.0,0.0,0.0,109.0,534.0
110433.0,0.0,-3.0848,-0.001,0.0,0.0,0.0,-1.0,0.0,0.0,109.0,521.0
110473.0,0.0,-3.0848,0.001,0.0,0.0,0.0,-1.0,0.0,0.0,109.0,534.0
110513.0,0.0,-3.0864,-0.006,0.0,0.0,0.0,-1.0,0.0,0.0,109.0,536.0
110553.0,0.0,-3.0848,0.002,0.0,0.0,0.0,-1.0,0.0,0.0,109.0,535.0
110593.0,0.0,-3.0848,0.002,0.0,0.0,0.0,-1.0,0.0,0.0,109.0,521.0
110633.0,0.0,-3.0848,0.001,0.0,0.0,0.0,-1.0,0.0,0.0,109.0,535.0
110673.0,0.0,-3.0864,-0.006,0.0,0.0,0.0,-1.0,0.0,0.0,109.0,536.0
110714.0,0.0,-3.0848,-0.002,0.0,0.0,0.0,-1.0,0.0,0.0,109.0,534.0
110754.0,0.0,-3.0848,0.001,0.0,0.0,0.0,-1.0,0.0,0.0,109.0,522.0
110794.0,0.0,-3.0848,0.002,0.0,0.0,0.0,-1.0,0.0,0.0,109.0,521.0
110834.0,0.0,-3.0848,-0.005,0.0,0.0,0.0,-1.0,0.0,0.0,109.0,541.0
110875.0,0.0,-3.0848,0.0,0.0,0.0,0.0,-1.0,0.0,0.0,109.0,534.0
110915.0,0.0,-3.0848,0.001,0.0,0.0,0.0,-1.0,0.0,0.0,109.0,521.0
110955.0,0.0,-3.0848,-0.002,0.0,0.0,0.0,-1.0,0.0,0.0,109.0,541.0
110995.0,0.0,-3.0848,0.001,0.0,0.0,0.0,-1.0,0.0,0.0,109.0,521.0
111036.0,0.0,-3.0848,0.002,0.0,0.0,0.0,-1.0,0.0,0.0,109.0,521.0
111076.0,0.0,-3.0848,-0.003,0.0,0.0,0.0,-1.0,0.0,0.0,109.0,534.0
111116.0,0.0,-3.0848,0.003,0.0,0.0,0.0,-1.0,0.0,0.0,109.0,521.0
111156.0,0.0,-3.0848,0.0,0.0,0.0,0.0,-1.0,0.0,0.0,109.0,534.0
111196.0,0.0,-3.0848,0.003,0.0,0.0,0.0,-1.0,0.0,0.0,109.0,521.0
111237.0,0.0,-3.0848,-0.001,0.0,0.0,0.0,-1.0,0.0,0.0,109.0,521.0
111277.0,0.0,-3.0864,-0.005,0.0,0.0,0.0,-1.0,0.0,0.0,109.0,536.0
111317.0,0.0,-3.0848,0.001,0.0,0.0,0.0,-1.0,0.0,0.0,109.0,534.0
111358.0,0.0,-3.0848,0.0,0.0,0.0,0.0,-1.0,0.0,0.0,109.0,534.0
111398.0,0.0,-3.0848,-0.002,0.0,0.0,0.0,-1.0,0.0,0.0,109.0,521.0
111438.0,0.0,-3.0848,0.001,0.0,0.0,0.0,-1.0,0.0,0.0,109.0,534.0
111478.0,0.0,-3.0848,-0.005,0.0,0.0,0.0,-1.0,0.0,0.0,109.0,541.0
111519.0,0.0,-3.0848,0.001,0.0,0.0,0.0,-1.0,0.0,0.0,109.0,521.0
111559.0,0.0,-3.0848,0.0,0.0,0.0,0.0,-1.0,0.0,0.0,109.0,534.0
111599.0,0.0,-3.0848,-0.0,0.0,0.0,0.0,-1.0,0.0,0.0,109.0,534.0
111639.0,0.0,-3.0848,0.003,0.0,0.0,0.0,-1.0,0.0,0.0,109.0,534.0
111679.0,0.0,-3.0848,-0.003,0.0,0.0,0.0,-1.0,0.0,0.0,109.0,541.0
111720.0,0.0,-3.0848,0.001,0.0,0.0,0.0,-1.0,0.0,0.0,109.0,534.0
111760.0,0.0,-3.0848,0.001,0.0,0.0,0.0,-1.0,0.0,0.0,109.0,534.0
111800.0,0.0,-3.0848,0.0,0.0,0.0,0.0,-1.0,0.0,0.0,109.0,521.0
111840.0,0.0,-3.0848,-0.003,0.0,0.0,0.0,-1.0,0.0,0.0,109.0,522.0
111880.0,0.0,-3.0848,0.001,0.0,0.0,0.0,-1.0,0.0,0.0,109.0,534.0
111921.0,0.0,-3.0848,0.001,0.0,0.0,0.0,-1.0,0.0,0.0,109.0,534.0
111961.0,0.0,-3.0848,0.001,0.0,0.0,0.0,-1.0,0.0,0.0,109.0,521.0
112001.0,0.0,-3.0848,0.001,0.0,0.0,0.0,-1.0,0.0,0.0,109.0,521.0
112041.0,0.0,-3.0848,0.002,0.0,0.0,0.0,-1.0,0.0,0.0,109.0,534.0
112082.0,0.0,-3.0848,0.001,0.0,0.0,0.0,-1.0,0.0,0.0,109.0,521.0
112122.0,0.0,-3.0848,0.002,0.0,0.0,0.0,-1.0,0.0,0.0,109.0,534.0
112162.0,0.0,-3.0848,0.0,0.0,0.0,0.0,-1.0,0.0,0.0,109.0,521.0
112202.0,0.0,-3.0848,0.002,0.0,0.0,0.0,-1.0,0.0,0.0,109.0,521.0
112242.0,0.0,-3.0848,-0.002,0.0,0.0,0.0,-1.0,0.0,0.0,109.0,534.0
112283.0,0.0,-3.0848,0.003,0.0,0.0,0.0,-1.0,0.0,0.0,109.0,534.0
112323.0,0.0,-3.0848,0.001,0.0,0.0,0.0,-1.0,0.0,0.0,109.0,534.0
112363.0,0.0,-3.0864,-0.004,0.0,0.0,0.0,-1.0,0.0,0.0,109.0,536.0
112404.0,0.0,-3.0848,0.002,0.0,0.0,0.0,-1.0,0.0,0.0,109.0,535.0
112444.0,0.0,-3.0848,0.001,0.0,0.0,0.0,-1.0,0.0,0.0,109.0,534.0
112484.0,0.0,-3.0848,0.0,0.0,0.0,0.0,-1.0,0.0,0.0,109.0,534.0
112525.0,0.0,-3.0848,0.002,0.0,0.0,0.0,-1.0,0.0,0.0,109.0,521.0
112565.0,0.0,-3.0848,0.002,0.0,0.0,0.0,-1.0,0.0,0.0,109.0,534.0
112605.0,0.0,-3.0848,0.002,0.0,0.0,0.0,-1.0,0.0,0.0,109.0,534.0
112645.0,0.0,-3.0864,-0.007,0.0,0.0,0.0,-1.0,0.0,0.0,109.0,536.0
112686.0,0.0,-3.0848,0.001,0.0,0.0,0.0,-1.0,0.0,0.0,109.0,535.0
112726.0,0.0,-3.0848,0.001,0.0,0.0,0.0,-1.0,0.0,0.0,109.0,534.0
112766.0,0.0,-3.0848,-0.004,0.0,0.0,0.0,-1.0,0.0,0.0,109.0,528.0
112806.0,0.0,-3.0848,0.003,0.0,0.0,0.0,-1.0,0.0,0.0,109.0,534.0
112847.0,0.0,-3.0848,0.002,0.0,0.0,0.0,-1.0,0.0,0.0,109.0,521.0
112887.0,0.0,-3.0848,-0.004,0.0,0.0,0.0,-1.0,0.0,0.0,109.0,534.0
112927.0,0.0,-3.0848,0.003,0.0,0.0,0.0,-1.0,0.0,0.0,109.0,521.0
112967.0,0.0,-3.0848,0.001,0.0,0.0,0.0,-1.0,0.0,0.0,109.0,534.0
113007.0,0.0,-3.0848,-0.0,0.0,0.0,0.0,-1.0,0.0,0.0,109.0,521.0
113047.0,0.0,-3.0848,0.001,0.0,0.0,0.0,-1.0,0.0,0.0,109.0,534.0
113087.0,0.0,-3.0864,-0.003,0.0,0.0,0.0,-1.0,0.0,0.0,109.0,537.0
113128.0,0.0,-3.0848,0.002,0.0,0.0,0.0,-1.0,0.0,0.0,109.0,521.0
113168.0,0.0,-3.0848,0.0,0.0,0.0,0.0,-1.0,0.0,0.0,109.0,534.0
113208.0,0.0,-3.0848,0.002,0.0,0.0,0.0,-1.0,0.0,0.0,109.0,521.0
113248.0,0.0,-3.0848,0.002,0.0,0.0,0.0,-1.0,0.0,0.0,109.0,534.0
113288.0,0.0,-3.0848,0.001,0.0,0.0,0.0,-1.0,0.0,0.0,109.0,534.0
113329.0,0.0,-3.0848,0.001,0.0,0.0,0.0,-1.0,0.0,0.0,109.0,534.0
113369.0,0.0,-3.0848,0.003,0.0,0.0,0.0,-1.0,0.0,0.0,109.0,534.0
113409.0,0.0,-3.0848,0.001,0.0,0.0,0.0,-1.0,0.0,0.0,109.0,521.0
113450.0,0.0,-3.0848,0.002,0.0,0.0,0.0,-1.0,0.0,0.0,109.0,521.0
113490.0,0.0,-3.0848,0.001,0.0,0.0,0.0,-1.0,0.0,0.0,109.0,534.0
113530.0,0.0,-3.0848,0.001,0.0,0.0,0.0,-1.0,0.0,0.0,109.0,521.0
113570.0,0.0,-3.0848,-0.004,0.0,0.0,0.0,-1.0,0.0,0.0,109.0,522.0
113611.0,0.0,-3.0848,0.001,0.0,0.0,0.0,-1.0,0.0,0.0,109.0,521.0
113651.0,0.0,-3.0848,0.002,0.0,0.0,0.0,-1.0,0.0,0.0,109.0,534.0
113691.0,0.0,-3.0848,0.003,0.0,0.0,0.0,-1.0,0.0,0.0,109.0,521.0
113731.0,0.0,-3.0848,-0.002,0.0,0.0,0.0,-1.0,0.0,0.0,109.0,534.0
113771.0,0.0,-3.0848,0.002,0.0,0.0,0.0,-1.0,0.0,0.0,109.0,521.0
113811.0,0.0,-3.0848,-0.002,0.0,0.0,0.0,-1.0,0.0,0.0,109.0,534.0
113852.0,0.0,-3.0848,-0.004,0.0,0.0,0.0,-1.0,0.0,0.0,109.0,534.0
113892.0,0.0,-3.0864,-0.004,0.0,0.0,0.0,-1.0,0.0,0.0,109.0,536.0
113932.0,0.0,-3.0848,0.001,0.0,0.0,0.0,-1.0,0.0,0.0,109.0,534.0
113972.0,0.0,-3.0848,-0.002,0.0,0.0,0.0,-1.0,0.0,0.0,109.0,534.0
114012.0,0.0,-3.0864,-0.005,0.0,0.0,0.0,-1.0,0.0,0.0,109.0,536.0
114053.0,0.0,-3.0864,-0.005,0.0,0.0,0.0,-1.0,0.0,0.0,109.0,523.0
114093.0,0.0,-3.0848,0.002,0.0,0.0,0.0,-1.0,0.0,0.0,109.0,534.0
114133.0,0.0,-3.0848,0.001,0.0,0.0,0.0,-1.0,0.0,0.0,109.0,534.0
114173.0,0.0,-3.0848,0.002,0.0,0.0,0.0,-1.0,0.0,0.0,109.0,535.0
114214.0,0.0,-3.0848,-0.001,0.0,0.0,0.0,-1.0,0.0,0.0,109.0,521.0
114254.0,0.0,-3.0848,0.0,0.0,0.0,0.0,-1.0,0.0,0.0,109.0,535.0
114294.0,0.0,-3.0848,0.005,0.0,0.0,0.0,-1.0,0.0,0.0,109.0,521.0
114334.0,0.0,-3.0848,0.002,0.0,0.0,0.0,-1.0,0.0,0.0,109.0,534.0
114374.0,0.0,-3.0864,-0.003,0.0,0.0,0.0,-1.0,0.0,0.0,109.0,536.0
114414.0,0.0,-3.0848,0.001,0.0,0.0,0.0,-1.0,0.0,0.0,109.0,534.0
114454.0,0.0,-3.0848,0.002,0.0,0.0,0.0,-1.0,0.0,0.0,109.0,534.0
114495.0,0.0,-3.0864,-0.009,0.0,0.0,0.0,-1.0,0.0,0.0,109.0,523.0
114535.0,0.0,-3.0848,-0.002,0.0,0.0,0.0,-1.0,0.0,0.0,109.0,534.0
114575.0,0.0,-3.0848,0.002,0.0,0.0,0.0,-1.0,0.0,0.0,109.0,534.0
114616.0,0.0,-3.0848,-0.001,0.0,0.0,0.0,-1.0,0.0,0.0,109.0,521.0
114656.0,0.0,-3.0848,0.0,0.0,0.0,0.0,-1.0,0.0,0.0,109.0,534.0
114696.0,0.0,-3.0848,0.002,0.0,0.0,0.0,-1.0,0.0,0.0,109.0,521.0
114736.0,0.0,-3.0848,0.003,0.0,0.0,0.0,-1.0,0.0,0.0,109.0,534.0
114776.0,0.0,-3.0848,-0.003,0.0,0.0,0.0,-1.0,0.0,0.0,109.0,534.0
114817.0,0.0,-3.0848,0.002,0.0,0.0,0.0,-1.0,0.0,0.0,109.0,521.0
114857.0,0.0,-3.0848,-0.001,0.0,0.0,0.0,-1.0,0.0,0.0,109.0,521.0
114897.0,0.0,-3.0848,0.002,0.0,0.0,0.0,-1.0,0.0,0.0,109.0,534.0
114937.0,0.0,-3.0848,-0.004,0.0,0.0,0.0,-1.0,0.0,0.0,109.0,542.0
114978.0,0.0,-3.0848,0.001,0.0,0.0,0.0,-1.0,0.0,0.0,109.0,521.0
115018.0,0.0,-3.0848,0.001,0.0,0.0,0.0,-1.0,0.0,0.0,109.0,534.0
115058.0,0.0,-3.0848,-0.002,0.0,0.0,0.0,-1.0,0.0,0.0,109.0,521.0
115098.0,0.0,-3.0848,-0.003,0.0,0.0,0.0,-1.0,0.0,0.0,109.0,536.0
115139.0,0.0,-3.0848,-0.0,0.0,0.0,0.0,-1.0,0.0,0.0,109.0,534.0
115179.0,0.0,-3.0848,0.002,0.0,0.0,0.0,-1.0,0.0,0.0,109.0,534.0
115219.0,0.0,-3.0848,-0.003,0.0,0.0,0.0,-1.0,0.0,0.0,109.0,522.0
115260.0,0.0,-3.0848,-0.0,0.0,0.0,0.0,-1.0,0.0,0.0,109.0,521.0
115300.0,0.0,-3.0848,-0.0,0.0,0.0,0.0,-1.0,0.0,0.0,109.0,534.0
115340.0,0.0,-3.0864,-0.003,0.0,0.0,0.0,-1.0,0.0,0.0,109.0,524.0
115380.0,0.0,-3.0864,-0.004,0.0,0.0,0.0,-1.0,0.0,0.0,109.0,523.0
115420.0,0.0,-3.0848,0.002,0.0,0.0,0.0,-1.0,0.0,0.0,109.0,535.0
115460.0,0.0,-3.0848,-0.002,0.0,0.0,0.0,-1.0,0.0,0.0,109.0,521.0
115501.0,0.0,-3.0848,0.001,0.0,0.0,0.0,-1.0,0.0,0.0,109.0,521.0
115541.0,0.0,-3.0848,-0.001,0.0,0.0,0.0,-1.0,0.0,0.0,109.0,534.0
115581.0,0.0,-3.0848,0.001,0.0,0.0,0.0,-1.0,0.0,0.0,109.0,521.0
115621.0,0.0,-3.0848,0.002,0.0,0.0,0.0,-1.0,0.0,0.0,109.0,534.0
115661.0,0.0,-3.0848,-0.005,0.0,0.0,0.0,-1.0,0.0,0.0,109.0,521.0
115701.0,0.0,-3.0848,0.004,0.0,0.0,0.0,-1.0,0.0,0.0,109.0,534.0
115742.0,0.0,-3.0848,0.001,0.0,0.0,0.0,-1.0,0.0,0.0,109.0,521.0
115782.0,0.0,-3.0848,0.002,0.0,0.0,0.0,-1.0,0.0,0.0,109.0,534.0
115822.0,0.0,-3.0848,0.001,0.0,0.0,0.0,-1.0,0.0,0.0,109.0,534.0
115862.0,0.0,-3.0848,0.001,0.0,0.0,0.0,-1.0,0.0,0.0,109.0,521.0
115902.0,0.0,-3.0848,0.002,0.0,0.0,0.0,-1.0,0.0,0.0,109.0,535.0
115942.0,0.0,-3.0848,0.0,0.0,0.0,0.0,-1.0,0.0,0.0,109.0,534.0
115983.0,0.0,-3.0848,0.002,0.0,0.0,0.0,-1.0,0.0,0.0,109.0,521.0
116023.0,0.0,-3.0848,0.001,0.0,0.0,0.0,-1.0,0.0,0.0,109.0,534.0
116063.0,0.0,-3.0848,0.001,0.0,0.0,0.0,-1.0,0.0,0.0,109.0,521.0
116103.0,0.0,-3.0864,-0.005,0.0,0.0,0.0,-1.0,0.0,0.0,109.0,523.0
116143.0,0.0,-3.0864,-0.004,0.0,0.0,0.0,-1.0,0.0,0.0,109.0,523.0
116183.0,0.0,-3.0848,0.003,0.0,0.0,0.0,-1.0,0.0,0.0,109.0,534.0
116224.0,0.0,-3.0848,0.002,0.0,0.0,0.0,-1.0,0.0,0.0,109.0,521.0
116264.0,0.0,-3.0848,0.001,0.0,0.0,0.0,-1.0,0.0,0.0,109.0,534.0
116304.0,0.0,-3.0848,0.0,0.0,0.0,0.0,-1.0,0.0,0.0,109.0,522.0
116344.0,0.0,-3.0848,0.001,0.0,0.0,0.0,-1.0,0.0,0.0,109.0,534.0
116385.0,0.0,-3.0848,0.002,0.0,0.0,0.0,-1.0,0.0,0.0,109.0,534.0
116425.0,0.0,-3.0848,-0.001,0.0,0.0,0.0,-1.0,0.0,0.0,109.0,534.0
116465.0,0.0,-3.0848,-0.001,0.0,0.0,0.0,-1.0,0.0,0.0,109.0,534.0
116505.0,0.0,-3.0848,-0.0,0.0,0.0,0.0,-1.0,0.0,0.0,109.0,535.0
116546.0,0.0,-3.0848,0.004,0.0,0.0,0.0,-1.0,0.0,0.0,109.0,521.0
116586.0,0.0,-3.0848,-0.0,0.0,0.0,0.0,-1.0,0.0,0.0,109.0,534.0
116626.0,0.0,-3.0848,0.002,0.0,0.0,0.0,-1.0,0.0,0.0,109.0,534.0
116667.0,0.0,-3.0848,0.0,0.0,0.0,0.0,-1.0,0.0,0.0,109.0,521.0
116707.0,0.0,-3.0848,-0.004,0.0,0.0,0.0,-1.0,0.0,0.0,109.0,535.0
116747.0,0.0,-3.0848,-0.001,0.0,0.0,0.0,-1.0,0.0,0.0,109.0,534.0
116787.0,0.0,-3.0848,0.0,0.0,0.0,0.0,-1.0,0.0,0.0,109.0,522.0
116827.0,0.0,-3.0848,-0.002,0.0,0.0,0.0,-1.0,0.0,0.0,109.0,534.0
116868.0,0.0,-3.0848,0.003,0.0,0.0,0.0,-1.0,0.0,0.0,109.0,534.0
116908.0,0.0,-3.0848,-0.002,0.0,0.0,0.0,-1.0,0.0,0.0,109.0,521.0
116948.0,0.0,-3.0848,0.002,0.0,0.0,0.0,-1.0,0.0,0.0,109.0,534.0
116988.0,0.0,-3.0848,0.002,0.0,0.0,0.0,-1.0,0.0,0.0,109.0,534.0
117029.0,0.0,-3.0848,0.001,0.0,0.0,0.0,-1.0,0.0,0.0,109.0,521.0
117069.0,0.0,-3.0848,0.001,0.0,0.0,0.0,-1.0,0.0,0.0,109.0,535.0
117109.0,0.0,-3.0848,-0.001,0.0,0.0,0.0,-1.0,0.0,0.0,109.0,521.0
117149.0,0.0,-3.0848,0.003,0.0,0.0,0.0,-1.0,0.0,0.0,109.0,535.0
117189.0,0.0,-3.0864,-0.005,0.0,0.0,0.0,-1.0,0.0,0.0,109.0,536.0
117230.0,0.0,-3.0848,0.003,0.0,0.0,0.0,-1.0,0.0,0.0,109.0,534.0
117270.0,0.0,-3.0848,0.001,0.0,0.0,0.0,-1.0,0.0,0.0,109.0,535.0
117310.0,0.0,-3.0848,-0.003,0.0,0.0,0.0,-1.0,0.0,0.0,109.0,534.0
117351.0,0.0,-3.0848,0.001,0.0,0.0,0.0,-1.0,0.0,0.0,109.0,534.0
117391.0,0.0,-3.0848,0.002,0.0,0.0,0.0,-1.0,0.0,0.0,109.0,521.0
117431.0,0.0,-3.0848,-0.003,0.0,0.0,0.0,-1.0,0.0,0.0,109.0,521.0
117472.0,0.0,-3.0848,0.001,0.0,0.0,0.0,-1.0,0.0,0.0,109.0,521.0
117512.0,0.0,-3.0848,0.001,0.0,0.0,0.0,-1.0,0.0,0.0,109.0,534.0
117552.0,0.0,-3.0848,0.001,0.0,0.0,0.0,-1.0,0.0,0.0,109.0,521.0
117592.0,0.0,-3.0848,-0.004,0.0,0.0,0.0,-1.0,0.0,0.0,109.0,534.0
117632.0,0.0,-3.0848,0.002,0.0,0.0,0.0,-1.0,0.0,0.0,109.0,534.0
117673.0,0.0,-3.0848,0.002,0.0,0.0,0.0,-1.0,0.0,0.0,109.0,534.0
117713.0,0.0,-3.0848,-0.001,0.0,0.0,0.0,-1.0,0.0,0.0,109.0,534.0
117753.0,0.0,-3.0848,0.001,0.0,0.0,0.0,-1.0,0.0,0.0,109.0,521.0
117794.0,0.0,-3.0848,0.001,0.0,0.0,0.0,-1.0,0.0,0.0,109.0,521.0
117834.0,0.0,-3.0848,0.0,0.0,0.0,0.0,-1.0,0.0,0.0,109.0,534.0
117874.0,0.0,-3.0848,-0.0,0.0,0.0,0.0,-1.0,0.0,0.0,109.0,534.0
117914.0,0.0,-3.0848,0.002,0.0,0.0,0.0,-1.0,0.0,0.0,109.0,534.0
117954.0,0.0,-3.0848,-0.003,0.0,0.0,0.0,-1.0,0.0,0.0,109.0,534.0
117994.0,0.0,-3.0848,-0.001,0.0,0.0,0.0,-1.0,0.0,0.0,109.0,534.0
118035.0,0.0,-3.0848,0.0,0.0,0.0,0.0,-1.0,0.0,0.0,109.0,534.0
118075.0,0.0,-3.0848,-0.0,0.0,0.0,0.0,-1.0,0.0,0.0,109.0,534.0
118115.0,0.0,-3.0848,-0.0,0.0,0.0,0.0,-1.0,0.0,0.0,109.0,521.0
118155.0,0.0,-3.0848,-0.004,0.0,0.0,0.0,-1.0,0.0,0.0,109.0,534.0
118196.0,0.0,-3.0848,0.001,0.0,0.0,0.0,-1.0,0.0,0.0,109.0,522.0
118236.0,0.0,-3.0848,0.002,0.0,0.0,0.0,-1.0,0.0,0.0,109.0,534.0
118276.0,0.0,-3.0848,-0.0,0.0,0.0,0.0,-1.0,0.0,0.0,109.0,534.0
118316.0,0.0,-3.0848,-0.0,0.0,0.0,0.0,-1.0,0.0,0.0,109.0,521.0
118356.0,0.0,-3.0848,0.001,0.0,0.0,0.0,-1.0,0.0,0.0,109.0,535.0
118397.0,0.0,-3.0848,0.001,0.0,0.0,0.0,-1.0,0.0,0.0,109.0,521.0
118437.0,0.0,-3.0848,0.001,0.0,0.0,0.0,-1.0,0.0,0.0,109.0,534.0
118477.0,0.0,-3.0848,0.0,0.0,0.0,0.0,-1.0,0.0,0.0,109.0,521.0
118518.0,0.0,-3.0848,0.0,0.0,0.0,0.0,-1.0,0.0,0.0,109.0,521.0
118558.0,0.0,-3.0848,-0.008,0.0,0.0,0.0,-1.0,0.0,0.0,109.0,536.0
118598.0,0.0,-3.0848,0.002,0.0,0.0,0.0,-1.0,0.0,0.0,109.0,521.0
118638.0,0.0,-3.0848,-0.001,0.0,0.0,0.0,-1.0,0.0,0.0,109.0,521.0
118678.0,0.0,-3.0848,0.002,0.0,0.0,0.0,-1.0,0.0,0.0,109.0,534.0
118719.0,0.0,-3.0864,-0.009,0.0,0.0,0.0,-1.0,0.0,0.0,109.0,523.0
118759.0,0.0,-3.0864,-0.001,0.0,0.0,0.0,-1.0,0.0,0.0,109.0,523.0
118799.0,0.0,-3.0848,0.003,0.0,0.0,0.0,-1.0,0.0,0.0,109.0,534.0
118839.0,0.0,-3.0848,0.001,0.0,0.0,0.0,-1.0,0.0,0.0,109.0,534.0
118880.0,0.0,-3.0848,0.001,0.0,0.0,0.0,-1.0,0.0,0.0,109.0,534.0
118920.0,0.0,-3.0864,-0.005,0.0,0.0,0.0,-1.0,0.0,0.0,109.0,536.0
118960.0,0.0,-3.0848,0.0,0.0,0.0,0.0,-1.0,0.0,0.0,109.0,521.0
119000.0,0.0,-3.0848,0.001,0.0,0.0,0.0,-1.0,0.0,0.0,109.0,534.0
119041.0,0.0,-3.0848,-0.002,0.0,0.0,0.0,-1.0,0.0,0.0,109.0,534.0
119081.0,0.0,-3.0848,0.003,0.0,0.0,0.0,-1.0,0.0,0.0,109.0,534.0
119121.0,0.0,-3.0848,0.001,0.0,0.0,0.0,-1.0,0.0,0.0,109.0,534.0
119162.0,0.0,-3.0864,-0.005,0.0,0.0,0.0,-1.0,0.0,0.0,109.0,536.0
119202.0,0.0,-3.0848,0.003,0.0,0.0,0.0,-1.0,0.0,0.0,109.0,534.0
119242.0,0.0,-3.0848,0.002,0.0,0.0,0.0,-1.0,0.0,0.0,109.0,534.0
119282.0,0.0,-3.0848,0.001,0.0,0.0,0.0,-1.0,0.0,0.0,109.0,521.0
119322.0,0.0,-3.0848,0.0,0.0,0.0,0.0,-1.0,0.0,0.0,109.0,534.0
119363.0,0.0,-3.0848,0.001,0.0,0.0,0.0,-1.0,0.0,0.0,109.0,534.0
119403.0,0.0,-3.0848,0.001,0.0,0.0,0.0,-1.0,0.0,0.0,109.0,534.0
119443.0,0.0,-3.0848,0.0,0.0,0.0,0.0,-1.0,0.0,0.0,109.0,534.0
119484.0,0.0,-3.0848,0.001,0.0,0.0,0.0,-1.0,0.0,0.0,109.0,534.0
119524.0,0.0,-3.0848,0.001,0.0,0.0,0.0,-1.0,0.0,0.0,109.0,521.0
119564.0,0.0,-3.0848,0.001,0.0,0.0,0.0,-1.0,0.0,0.0,109.0,521.0
119604.0,0.0,-3.0848,0.002,0.0,0.0,0.0,-1.0,0.0,0.0,109.0,535.0
119645.0,0.0,-3.0848,0.001,0.0,0.0,0.0,-1.0,0.0,0.0,109.0,534.0
119685.0,0.0,-3.0848,0.0,0.0,0.0,0.0,-1.0,0.0,0.0,109.0,521.0
119725.0,0.0,-3.0848,-0.0,0.0,0.0,0.0,-1.0,0.0,0.0,109.0,521.0
119766.0,0.0,-3.0848,0.001,0.0,0.0,0.0,-1.0,0.0,0.0,109.0,521.0
119806.0,0.0,-3.0864,-0.005,0.0,0.0,0.0,-1.0,0.0,0.0,109.0,536.0
119846.0,0.0,-3.0848,0.001,0.0,0.0,0.0,-1.0,0.0,0.0,109.0,521.0
119886.0,0.0,-3.0848,0.003,0.0,0.0,0.0,-1.0,0.0,0.0,109.0,521.0
119927.0,0.0,-3.0848,0.001,0.0,0.0,0.0,-1.0,0.0,0.0,109.0,521.0
119967.0,0.0,-3.0848,0.0,0.0,0.0,0.0,-1.0,0.0,0.0,109.0,534.0
120007.0,0.0,-3.0848,-0.0,0.0,0.0,0.0,-1.0,0.0,0.0,109.0,521.0
120047.0,0.0,-3.0848,0.002,0.0,0.0,0.0,-1.0,0.0,0.0,109.0,521.0
120088.0,0.0,-3.0848,0.0,0.0,0.0,0.0,-1.0,0.0,0.0,109.0,521.0
120128.0,0.0,-3.0848,0.002,0.0,0.0,0.0,-1.0,0.0,0.0,109.0,534.0
120168.0,0.0,-3.0848,0.001,0.0,0.0,0.0,-1.0,0.0,0.0,109.0,534.0
120208.0,0.0,-3.0848,-0.001,0.0,0.0,0.0,-1.0,0.0,0.0,109.0,534.0
120248.0,0.0,-3.0848,-0.003,0.0,0.0,0.0,-1.0,0.0,0.0,109.0,535.0
120288.0,0.0,-3.0848,-0.004,0.0,0.0,0.0,-1.0,0.0,0.0,109.0,534.0
120329.0,0.0,-3.0848,-0.001,0.0,0.0,0.0,-1.0,0.0,0.0,109.0,521.0
120369.0,0.0,-3.0848,-0.001,0.0,0.0,0.0,-1.0,0.0,0.0,109.0,534.0
120409.0,0.0,-3.0848,0.002,0.0,0.0,0.0,-1.0,0.0,0.0,109.0,521.0
120449.0,0.0,-3.0848,-0.002,0.0,0.0,0.0,-1.0,0.0,0.0,109.0,534.0
120489.0,0.0,-3.0848,0.002,0.0,0.0,0.0,-1.0,0.0,0.0,109.0,534.0
120530.0,0.0,-3.0848,-0.003,0.0,0.0,0.0,-1.0,0.0,0.0,109.0,521.0
120570.0,0.0,-3.0848,-0.001,0.0,0.0,0.0,-1.0,0.0,0.0,109.0,534.0
120610.0,0.0,-3.0848,0.001,0.0,0.0,0.0,-1.0,0.0,0.0,109.0,521.0
120650.0,0.0,-3.0848,0.002,0.0,0.0,0.0,-1.0,0.0,0.0,109.0,534.0
120690.0,0.0,-3.0848,-0.0,0.0,0.0,0.0,-1.0,0.0,0.0,109.0,534.0
120731.0,0.0,-3.0848,-0.003,0.0,0.0,0.0,-1.0,0.0,0.0,109.0,534.0
120771.0,0.0,-3.0848,0.001,0.0,0.0,0.0,-1.0,0.0,0.0,109.0,534.0
120811.0,0.0,-3.0848,0.001,0.0,0.0,0.0,-1.0,0.0,0.0,109.0,534.0
120851.0,0.0,-3.0848,-0.004,0.0,0.0,0.0,-1.0,0.0,0.0,109.0,542.0
120892.0,0.0,-3.0848,0.0,0.0,0.0,0.0,-1.0,0.0,0.0,109.0,521.0
120932.0,0.0,-3.0848,0.001,0.0,0.0,0.0,-1.0,0.0,0.0,109.0,534.0
120972.0,0.0,-3.0848,-0.002,0.0,0.0,0.0,-1.0,0.0,0.0,109.0,534.0
121013.0,0.0,-3.0848,0.003,0.0,0.0,0.0,-1.0,0.0,0.0,109.0,521.0
121053.0,0.0,-3.0848,-0.001,0.0,0.0,0.0,-1.0,0.0,0.0,109.0,534.0
121093.0,0.0,-3.0848,0.002,0.0,0.0,0.0,-1.0,0.0,0.0,109.0,521.0
121133.0,0.0,-3.0848,-0.003,0.0,0.0,0.0,-1.0,0.0,0.0,109.0,534.0
121173.0,0.0,-3.0848,0.004,0.0,0.0,0.0,-1.0,0.0,0.0,109.0,534.0
121213.0,0.0,-3.0848,-0.002,0.0,0.0,0.0,-1.0,0.0,0.0,109.0,534.0
121254.0,0.0,-3.0848,-0.003,0.0,0.0,0.0,-1.0,0.0,0.0,109.0,534.0
121294.0,0.0,-3.0848,-0.001,0.0,0.0,0.0,-1.0,0.0,0.0,109.0,534.0
121334.0,0.0,-3.0848,0.002,0.0,0.0,0.0,-1.0,0.0,0.0,109.0,534.0
121374.0,0.0,-3.0848,0.001,0.0,0.0,0.0,-1.0,0.0,0.0,109.0,534.0
121415.0,0.0,-3.0848,-0.003,0.0,0.0,0.0,-1.0,0.0,0.0,109.0,521.0
121455.0,0.0,-3.0848,0.001,0.0,0.0,0.0,-1.0,0.0,0.0,109.0,535.0
121495.0,0.0,-3.0848,-0.003,0.0,0.0,0.0,-1.0,0.0,0.0,109.0,528.0
121535.0,0.0,-3.0848,-0.003,0.0,0.0,0.0,-1.0,0.0,0.0,109.0,534.0
121576.0,0.0,-3.0848,-0.008,0.0,0.0,0.0,-1.0,0.0,0.0,109.0,523.0
121616.0,0.0,-3.0848,0.002,0.0,0.0,0.0,-1.0,0.0,0.0,109.0,534.0
121656.0,0.0,-3.0848,0.001,0.0,0.0,0.0,-1.0,0.0,0.0,109.0,521.0
121696.0,0.0,-3.0848,0.001,0.0,0.0,0.0,-1.0,0.0,0.0,109.0,534.0
121737.0,0.0,-3.0848,0.001,0.0,0.0,0.0,-1.0,0.0,0.0,109.0,521.0
121777.0,0.0,-3.0848,-0.003,0.0,0.0,0.0,-1.0,0.0,0.0,109.0,528.0
121817.0,0.0,-3.0848,0.002,0.0,0.0,0.0,-1.0,0.0,0.0,109.0,521.0
121857.0,0.0,-3.0848,0.002,0.0,0.0,0.0,-1.0,0.0,0.0,109.0,534.0
121897.0,0.0,-3.0848,-0.005,0.0,0.0,0.0,-1.0,0.0,0.0,109.0,534.0
121937.0,0.0,-3.0848,0.002,0.0,0.0,0.0,-1.0,0.0,0.0,109.0,535.0
121978.0,0.0,-3.0848,0.001,0.0,0.0,0.0,-1.0,0.0,0.0,109.0,534.0
122018.0,0.0,-3.0848,-0.004,0.0,0.0,0.0,-1.0,0.0,0.0,109.0,528.0
122058.0,0.0,-3.0848,0.003,0.0,0.0,0.0,-1.0,0.0,0.0,109.0,521.0
122098.0,0.0,-3.0848,-0.001,0.0,0.0,0.0,-1.0,0.0,0.0,109.0,521.0
122138.0,0.0,-3.0848,0.003,0.0,0.0,0.0,-1.0,0.0,0.0,109.0,534.0
122179.0,0.0,-3.0848,-0.0,0.0,0.0,0.0,-1.0,0.0,0.0,109.0,521.0
122219.0,0.0,-3.0848,0.001,0.0,0.0,0.0,-1.0,0.0,0.0,109.0,521.0
122259.0,0.0,-3.0848,0.0,0.0,0.0,0.0,-1.0,0.0,0.0,109.0,534.0
122299.0,0.0,-3.0848,0.001,0.0,0.0,0.0,-1.0,0.0,0.0,109.0,521.0
122339.0,0.0,-3.0848,-0.002,0.0,0.0,0.0,-1.0,0.0,0.0,109.0,534.0
122379.0,0.0,-3.0848,-0.004,0.0,0.0,0.0,-1.0,0.0,0.0,109.0,534.0
122419.0,0.0,-3.0848,0.002,0.0,0.0,0.0,-1.0,0.0,0.0,109.0,535.0
122460.0,0.0,-3.0848,0.001,0.0,0.0,0.0,-1.0,0.0,0.0,109.0,534.0
122500.0,0.0,-3.0848,-0.003,0.0,0.0,0.0,-1.0,0.0,0.0,109.0,535.0
122540.0,0.0,-3.0848,0.001,0.0,0.0,0.0,-1.0,0.0,0.0,109.0,521.0
122580.0,0.0,-3.0848,0.0,0.0,0.0,0.0,-1.0,0.0,0.0,109.0,521.0
122621.0,0.0,-3.0848,0.0,0.0,0.0,0.0,-1.0,0.0,0.0,109.0,521.0
122661.0,0.0,-3.0848,0.001,0.0,0.0,0.0,-1.0,0.0,0.0,109.0,535.0
122701.0,0.0,-3.0848,-0.003,0.0,0.0,0.0,-1.0,0.0,0.0,109.0,524.0
122741.0,0.0,-3.0848,0.003,0.0,0.0,0.0,-1.0,0.0,0.0,109.0,534.0
122782.0,0.0,-3.0848,-0.001,0.0,0.0,0.0,-1.0,0.0,0.0,109.0,534.0
122822.0,0.0,-3.0848,-0.003,0.0,0.0,0.0,-1.0,0.0,0.0,109.0,541.0
122862.0,0.0,-3.0848,0.004,0.0,0.0,0.0,-1.0,0.0,0.0,109.0,534.0
122902.0,0.0,-3.0848,0.001,0.0,0.0,0.0,-1.0,0.0,0.0,109.0,534.0
122943.0,0.0,-3.0848,0.002,0.0,0.0,0.0,-1.0,0.0,0.0,109.0,534.0
122983.0,0.0,-3.0848,0.001,0.0,0.0,0.0,-1.0,0.0,0.0,109.0,521.0
123023.0,0.0,-3.0848,-0.002,0.0,0.0,0.0,-1.0,0.0,0.0,109.0,528.0
123063.0,0.0,-3.0848,-0.004,0.0,0.0,0.0,-1.0,0.0,0.0,109.0,541.0
123104.0,0.0,-3.0848,-0.0,0.0,0.0,0.0,-1.0,0.0,0.0,109.0,534.0
123144.0,0.0,-3.0848,0.002,0.0,0.0,0.0,-1.0,0.0,0.0,109.0,534.0
123184.0,0.0,-3.0848,0.003,0.0,0.0,0.0,-1.0,0.0,0.0,109.0,534.0
123225.0,0.0,-3.0848,0.002,0.0,0.0,0.0,-1.0,0.0,0.0,109.0,534.0
123265.0,0.0,-3.0848,0.0,0.0,0.0,0.0,-1.0,0.0,0.0,109.0,534.0
123305.0,0.0,-3.0848,0.002,0.0,0.0,0.0,-1.0,0.0,0.0,109.0,534.0
123346.0,0.0,-3.0848,0.002,0.0,0.0,0.0,-1.0,0.0,0.0,109.0,521.0
123386.0,0.0,-3.0864,-0.006,0.0,0.0,0.0,-1.0,0.0,0.0,109.0,536.0
123426.0,0.0,-3.0848,0.001,0.0,0.0,0.0,-1.0,0.0,0.0,109.0,534.0
123466.0,0.0,-3.0848,0.001,0.0,0.0,0.0,-1.0,0.0,0.0,109.0,535.0
123507.0,0.0,-3.0848,0.001,0.0,0.0,0.0,-1.0,0.0,0.0,109.0,534.0
123547.0,0.0,-3.0848,0.002,0.0,0.0,0.0,-1.0,0.0,0.0,109.0,534.0
123587.0,0.0,-3.0848,0.001,0.0,0.0,0.0,-1.0,0.0,0.0,109.0,542.0
123627.0,0.0,-3.0848,0.0,0.0,0.0,0.0,-1.0,0.0,0.0,109.0,534.0
123668.0,0.0,-3.0848,-0.002,0.0,0.0,0.0,-1.0,0.0,0.0,109.0,534.0
123708.0,0.0,-3.0848,-0.006,0.0,0.0,0.0,-1.0,0.0,0.0,109.0,536.0
123748.0,0.0,-3.0848,0.002,0.0,0.0,0.0,-1.0,0.0,0.0,109.0,534.0
123788.0,0.0,-3.0864,-0.004,0.0,0.0,0.0,-1.0,0.0,0.0,109.0,536.0
123829.0,0.0,-3.0848,-0.0,0.0,0.0,0.0,-1.0,0.0,0.0,109.0,534.0
123869.0,0.0,-3.0848,0.002,0.0,0.0,0.0,-1.0,0.0,0.0,109.0,521.0
123909.0,0.0,-3.0848,-0.004,0.0,0.0,0.0,-1.0,0.0,0.0,109.0,536.0
123949.0,0.0,-3.0848,0.004,0.0,0.0,0.0,-1.0,0.0,0.0,109.0,522.0
123989.0,0.0,-3.0848,-0.001,0.0,0.0,0.0,-1.0,0.0,0.0,109.0,534.0
124030.0,0.0,-3.0848,0.001,0.0,0.0,0.0,-1.0,0.0,0.0,109.0,521.0
124070.0,0.0,-3.0848,-0.004,0.0,0.0,0.0,-1.0,0.0,0.0,109.0,534.0
124110.0,0.0,-3.0848,0.001,0.0,0.0,0.0,-1.0,0.0,0.0,109.0,521.0
124150.0,0.0,-3.0848,0.0,0.0,0.0,0.0,-1.0,0.0,0.0,109.0,521.0
124190.0,0.0,-3.0848,-0.0,0.0,0.0,0.0,-1.0,0.0,0.0,109.0,534.0
124231.0,0.0,-3.0848,-0.0,0.0,0.0,0.0,-1.0,0.0,0.0,109.0,521.0
124271.0,0.0,-3.0848,0.003,0.0,0.0,0.0,-1.0,0.0,0.0,109.0,535.0
124311.0,0.0,-3.0848,-0.002,0.0,0.0,0.0,-1.0,0.0,0.0,109.0,534.0
124351.0,0.0,-3.0848,0.003,0.0,0.0,0.0,-1.0,0.0,0.0,109.0,522.0
124391.0,0.0,-3.0848,-0.002,0.0,0.0,0.0,-1.0,0.0,0.0,109.0,534.0
124432.0,0.0,-3.0848,-0.003,0.0,0.0,0.0,-1.0,0.0,0.0,109.0,521.0
124472.0,0.0,-3.0848,0.003,0.0,0.0,0.0,-1.0,0.0,0.0,109.0,534.0
124512.0,0.0,-3.0848,0.002,0.0,0.0,0.0,-1.0,0.0,0.0,109.0,534.0
124552.0,0.0,-3.0848,0.004,0.0,0.0,0.0,-1.0,0.0,0.0,109.0,535.0
124593.0,0.0,-3.0864,-0.004,0.0,0.0,0.0,-1.0,0.0,0.0,109.0,523.0
124633.0,0.0,-3.0848,-0.002,0.0,0.0,0.0,-1.0,0.0,0.0,109.0,534.0
124673.0,0.0,-3.0848,0.002,0.0,0.0,0.0,-1.0,0.0,0.0,109.0,534.0
124714.0,0.0,-3.0848,0.001,0.0,0.0,0.0,-1.0,0.0,0.0,109.0,534.0
124754.0,0.0,-3.0848,0.002,0.0,0.0,0.0,-1.0,0.0,0.0,109.0,521.0
124794.0,0.0,-3.0848,0.002,0.0,0.0,0.0,-1.0,0.0,0.0,109.0,534.0
124834.0,0.0,-3.0848,0.0,0.0,0.0,0.0,-1.0,0.0,0.0,109.0,521.0
124874.0,0.0,-3.0848,-0.001,0.0,0.0,0.0,-1.0,0.0,0.0,109.0,534.0
124914.0,0.0,-3.0848,-0.001,0.0,0.0,0.0,-1.0,0.0,0.0,109.0,534.0
124955.0,0.0,-3.0848,0.002,0.0,0.0,0.0,-1.0,0.0,0.0,109.0,534.0
124995.0,0.0,-3.0848,0.001,0.0,0.0,0.0,-1.0,0.0,0.0,109.0,534.0
125035.0,0.0,-3.0848,0.001,0.0,0.0,0.0,-1.0,0.0,0.0,109.0,534.0
125076.0,0.0,-3.0848,-0.001,0.0,0.0,0.0,-1.0,0.0,0.0,109.0,534.0
125116.0,0.0,-3.0848,0.001,0.0,0.0,0.0,-1.0,0.0,0.0,109.0,534.0
125156.0,0.0,-3.0848,0.001,0.0,0.0,0.0,-1.0,0.0,0.0,109.0,534.0
125197.0,0.0,-3.0848,0.0,0.0,0.0,0.0,-1.0,0.0,0.0,109.0,521.0
125237.0,0.0,-3.0848,0.0,0.0,0.0,0.0,-1.0,0.0,0.0,109.0,521.0
125277.0,0.0,-3.0848,-0.002,0.0,0.0,0.0,-1.0,0.0,0.0,109.0,534.0
125317.0,0.0,-3.0848,0.002,0.0,0.0,0.0,-1.0,0.0,0.0,109.0,534.0
125357.0,0.0,-3.0848,0.001,0.0,0.0,0.0,-1.0,0.0,0.0,109.0,521.0
125397.0,0.0,-3.0848,-0.003,0.0,0.0,0.0,-1.0,0.0,0.0,109.0,521.0
125437.0,0.0,-3.0848,0.002,0.0,0.0,0.0,-1.0,0.0,0.0,109.0,534.0
125478.0,0.0,-3.0848,0.001,0.0,0.0,0.0,-1.0,0.0,0.0,109.0,521.0
125518.0,0.0,-3.0848,-0.005,0.0,0.0,0.0,-1.0,0.0,0.0,109.0,541.0
125558.0,0.0,-3.0848,0.002,0.0,0.0,0.0,-1.0,0.0,0.0,109.0,534.0
125598.0,0.0,-3.0848,0.0,0.0,0.0,0.0,-1.0,0.0,0.0,109.0,521.0
125638.0,0.0,-3.0848,0.0,0.0,0.0,0.0,-1.0,0.0,0.0,109.0,534.0
125679.0,0.0,-3.0848,-0.004,0.0,0.0,0.0,-1.0,0.0,0.0,109.0,534.0
125719.0,0.0,-3.0848,0.001,0.0,0.0,0.0,-1.0,0.0,0.0,109.0,534.0
125759.0,0.0,-3.0848,0.0,0.0,0.0,0.0,-1.0,0.0,0.0,109.0,534.0
125800.0,0.0,-3.0848,0.001,0.0,0.0,0.0,-1.0,0.0,0.0,109.0,534.0
125840.0,0.0,-3.0848,0.001,0.0,0.0,0.0,-1.0,0.0,0.0,109.0,535.0
125880.0,0.0,-3.0848,-0.001,0.0,0.0,0.0,-1.0,0.0,0.0,109.0,534.0
125920.0,0.0,-3.0848,-0.004,0.0,0.0,0.0,-1.0,0.0,0.0,109.0,542.0
125961.0,0.0,-3.0848,0.001,0.0,0.0,0.0,-1.0,0.0,0.0,109.0,521.0
126001.0,0.0,-3.0848,-0.001,0.0,0.0,0.0,-1.0,0.0,0.0,109.0,534.0
126041.0,0.0,-3.0848,0.002,0.0,0.0,0.0,-1.0,0.0,0.0,109.0,534.0
126082.0,0.0,-3.0848,0.002,0.0,0.0,0.0,-1.0,0.0,0.0,109.0,534.0
126122.0,0.0,-3.0848,-0.004,0.0,0.0,0.0,-1.0,0.0,0.0,109.0,534.0
126162.0,0.0,-3.0848,-0.003,0.0,0.0,0.0,-1.0,0.0,0.0,109.0,528.0
126203.0,0.0,-3.0848,0.001,0.0,0.0,0.0,-1.0,0.0,0.0,109.0,521.0
126243.0,0.0,-3.0848,-0.001,0.0,0.0,0.0,-1.0,0.0,0.0,109.0,534.0
126283.0,0.0,-3.0848,0.001,0.0,0.0,0.0,-1.0,0.0,0.0,109.0,521.0
126324.0,0.0,-3.0848,0.001,0.0,0.0,0.0,-1.0,0.0,0.0,109.0,521.0
126364.0,0.0,-3.0848,-0.002,0.0,0.0,0.0,-1.0,0.0,0.0,109.0,534.0
126404.0,0.0,-3.0864,-0.003,0.0,0.0,0.0,-1.0,0.0,0.0,109.0,537.0
126444.0,0.0,-3.0848,0.002,0.0,0.0,0.0,-1.0,0.0,0.0,109.0,521.0
126484.0,0.0,-3.0848,0.0,0.0,0.0,0.0,-1.0,0.0,0.0,109.0,535.0
126524.0,0.0,-3.0848,0.002,0.0,0.0,0.0,-1.0,0.0,0.0,109.0,534.0
126565.0,0.0,-3.0848,0.003,0.0,0.0,0.0,-1.0,0.0,0.0,109.0,534.0
126605.0,0.0,-3.0864,-0.004,0.0,0.0,0.0,-1.0,0.0,0.0,109.0,536.0
126645.0,0.0,-3.0848,-0.002,0.0,0.0,0.0,-1.0,0.0,0.0,109.0,534.0
126686.0,0.0,-3.0848,0.003,0.0,0.0,0.0,-1.0,0.0,0.0,109.0,534.0
126726.0,0.0,-3.0848,-0.003,0.0,0.0,0.0,-1.0,0.0,0.0,109.0,534.0
126766.0,0.0,-3.0848,0.003,0.0,0.0,0.0,-1.0,0.0,0.0,109.0,521.0
126806.0,0.0,-3.0848,0.001,0.0,0.0,0.0,-1.0,0.0,0.0,109.0,534.0
126847.0,0.0,-3.0848,-0.001,0.0,0.0,0.0,-1.0,0.0,0.0,109.0,521.0
126887.0,0.0,-3.0864,-0.008,0.0,0.0,0.0,-1.0,0.0,0.0,109.0,536.0
126927.0,0.0,-3.0848,0.003,0.0,0.0,0.0,-1.0,0.0,0.0,109.0,521.0
126967.0,0.0,-3.0848,0.0,0.0,0.0,0.0,-1.0,0.0,0.0,109.0,521.0
127007.0,0.0,-3.0848,0.001,0.0,0.0,0.0,-1.0,0.0,0.0,109.0,534.0
127048.0,0.0,-3.0848,0.001,0.0,0.0,0.0,-1.0,0.0,0.0,109.0,534.0
127088.0,0.0,-3.0848,0.002,0.0,0.0,0.0,-1.0,0.0,0.0,109.0,535.0
127128.0,0.0,-3.0848,0.001,0.0,0.0,0.0,-1.0,0.0,0.0,109.0,534.0
127168.0,0.0,-3.0848,0.002,0.0,0.0,0.0,-1.0,0.0,0.0,109.0,534.0
127209.0,0.0,-3.0848,-0.002,0.0,0.0,0.0,-1.0,0.0,0.0,109.0,534.0
127249.0,0.0,-3.0848,0.002,0.0,0.0,0.0,-1.0,0.0,0.0,109.0,534.0
127289.0,0.0,-3.0848,0.002,0.0,0.0,0.0,-1.0,0.0,0.0,109.0,534.0
127329.0,0.0,-3.0848,0.001,0.0,0.0,0.0,-1.0,0.0,0.0,109.0,521.0
127369.0,0.0,-3.0848,0.001,0.0,0.0,0.0,-1.0,0.0,0.0,109.0,521.0
127409.0,0.0,-3.0848,-0.006,0.0,0.0,0.0,-1.0,0.0,0.0,109.0,534.0
127449.0,0.0,-3.0848,0.003,0.0,0.0,0.0,-1.0,0.0,0.0,109.0,535.0
127490.0,0.0,-3.0848,-0.001,0.0,0.0,0.0,-1.0,0.0,0.0,109.0,534.0
127530.0,0.0,-3.0848,0.001,0.0,0.0,0.0,-1.0,0.0,0.0,109.0,521.0
127570.0,0.0,-3.0848,0.0,0.0,0.0,0.0,-1.0,0.0,0.0,109.0,534.0
127610.0,0.0,-3.0848,0.002,0.0,0.0,0.0,-1.0,0.0,0.0,109.0,521.0
127650.0,0.0,-3.0848,0.001,0.0,0.0,0.0,-1.0,0.0,0.0,109.0,534.0
127691.0,0.0,-3.0848,0.001,0.0,0.0,0.0,-1.0,0.0,0.0,109.0,521.0
127731.0,0.0,-3.0848,0.001,0.0,0.0,0.0,-1.0,0.0,0.0,109.0,534.0
127771.0,0.0,-3.0848,-0.001,0.0,0.0,0.0,-1.0,0.0,0.0,109.0,521.0
127811.0,0.0,-3.0848,0.002,0.0,0.0,0.0,-1.0,0.0,0.0,109.0,534.0
127851.0,0.0,-3.0848,-0.004,0.0,0.0,0.0,-1.0,0.0,0.0,109.0,541.0
127892.0,0.0,-3.0848,0.0,0.0,0.0,0.0,-1.0,0.0,0.0,109.0,534.0
127932.0,0.0,-3.0848,0.0,0.0,0.0,0.0,-1.0,0.0,0.0,109.0,534.0
127972.0,0.0,-3.0848,0.001,0.0,0.0,0.0,-1.0,0.0,0.0,109.0,534.0
128012.0,0.0,-3.0848,-0.003,0.0,0.0,0.0,-1.0,0.0,0.0,109.0,534.0
128052.0,0.0,-3.0848,-0.004,0.0,0.0,0.0,-1.0,0.0,0.0,109.0,541.0
128093.0,0.0,-3.0848,0.002,0.0,0.0,0.0,-1.0,0.0,0.0,109.0,521.0
128133.0,0.0,-3.0848,-0.011,0.0,0.0,0.0,-1.0,0.0,0.0,109.0,536.0
128173.0,0.0,-3.0864,-0.004,0.0,0.0,0.0,-1.0,0.0,0.0,109.0,523.0
128213.0,0.0,-3.0848,-0.003,0.0,0.0,0.0,-1.0,0.0,0.0,109.0,534.0
128253.0,0.0,-3.0848,0.002,0.0,0.0,0.0,-1.0,0.0,0.0,109.0,521.0
128294.0,0.0,-3.0848,0.004,0.0,0.0,0.0,-1.0,0.0,0.0,109.0,521.0
128334.0,0.0,-3.0864,-0.005,0.0,0.0,0.0,-1.0,0.0,0.0,109.0,523.0
128374.0,0.0,-3.0848,-0.0,0.0,0.0,0.0,-1.0,0.0,0.0,109.0,534.0
128414.0,0.0,-3.0848,0.003,0.0,0.0,0.0,-1.0,0.0,0.0,109.0,521.0
128455.0,0.0,-3.0848,0.002,0.0,0.0,0.0,-1.0,0.0,0.0,109.0,521.0
128495.0,0.0,-3.0848,0.001,0.0,0.0,0.0,-1.0,0.0,0.0,109.0,534.0
128535.0,0.0,-3.0848,0.002,0.0,0.0,0.0,-1.0,0.0,0.0,109.0,521.0
128575.0,0.0,-3.0848,-0.001,0.0,0.0,0.0,-1.0,0.0,0.0,109.0,534.0
128616.0,0.0,-3.0848,0.001,0.0,0.0,0.0,-1.0,0.0,0.0,109.0,521.0
128656.0,0.0,-3.0848,0.001,0.0,0.0,0.0,-1.0,0.0,0.0,109.0,534.0
128696.0,0.0,-3.0848,0.002,0.0,0.0,0.0,-1.0,0.0,0.0,109.0,534.0
128736.0,0.0,-3.0848,0.001,0.0,0.0,0.0,-1.0,0.0,0.0,109.0,534.0
128776.0,0.0,-3.0848,0.001,0.0,0.0,0.0,-1.0,0.0,0.0,109.0,534.0
128816.0,0.0,-3.0848,0.0,0.0,0.0,0.0,-1.0,0.0,0.0,109.0,534.0
128856.0,0.0,-3.0848,0.002,0.0,0.0,0.0,-1.0,0.0,0.0,109.0,534.0
128897.0,0.0,-3.0848,-0.002,0.0,0.0,0.0,-1.0,0.0,0.0,109.0,541.0
128937.0,0.0,-3.0848,-0.002,0.0,0.0,0.0,-1.0,0.0,0.0,109.0,534.0
128977.0,0.0,-3.0848,-0.001,0.0,0.0,0.0,-1.0,0.0,0.0,109.0,534.0
129018.0,0.0,-3.0848,0.002,0.0,0.0,0.0,-1.0,0.0,0.0,109.0,534.0
129058.0,0.0,-3.0848,0.001,0.0,0.0,0.0,-1.0,0.0,0.0,109.0,534.0
129098.0,0.0,-3.0848,0.0,0.0,0.0,0.0,-1.0,0.0,0.0,109.0,534.0
129139.0,0.0,-3.0848,0.002,0.0,0.0,0.0,-1.0,0.0,0.0,109.0,534.0
129179.0,0.0,-3.0848,-0.003,0.0,0.0,0.0,-1.0,0.0,0.0,109.0,534.0
129219.0,0.0,-3.0848,-0.002,0.0,0.0,0.0,-1.0,0.0,0.0,109.0,541.0
129260.0,0.0,-3.0864,-0.006,0.0,0.0,0.0,-1.0,0.0,0.0,109.0,523.0
129300.0,0.0,-3.0848,0.002,0.0,0.0,0.0,-1.0,0.0,0.0,109.0,521.0
129340.0,0.0,-3.0848,0.003,0.0,0.0,0.0,-1.0,0.0,0.0,109.0,521.0
129380.0,0.0,-3.0848,0.002,0.0,0.0,0.0,-1.0,0.0,0.0,109.0,534.0
129420.0,0.0,-3.0848,0.001,0.0,0.0,0.0,-1.0,0.0,0.0,109.0,534.0
129461.0,0.0,-3.0848,0.001,0.0,0.0,0.0,-1.0,0.0,0.0,109.0,534.0
129501.0,0.0,-3.0848,-0.003,0.0,0.0,0.0,-1.0,0.0,0.0,109.0,534.0
129541.0,0.0,-3.0848,0.002,0.0,0.0,0.0,-1.0,0.0,0.0,109.0,534.0
129582.0,0.0,-3.0848,0.0,0.0,0.0,0.0,-1.0,0.0,0.0,109.0,534.0
129622.0,0.0,-3.0848,-0.0,0.0,0.0,0.0,-1.0,0.0,0.0,109.0,534.0
129662.0,0.0,-3.0848,0.0,0.0,0.0,0.0,-1.0,0.0,0.0,109.0,534.0
129703.0,0.0,-3.0848,0.001,0.0,0.0,0.0,-1.0,0.0,0.0,109.0,521.0
129743.0,0.0,-3.0848,0.001,0.0,0.0,0.0,-1.0,0.0,0.0,109.0,534.0
129783.0,0.0,-3.0848,-0.002,0.0,0.0,0.0,-1.0,0.0,0.0,109.0,534.0
129823.0,0.0,-3.0848,0.003,0.0,0.0,0.0,-1.0,0.0,0.0,109.0,534.0
129864.0,0.0,-3.0848,0.003,0.0,0.0,0.0,-1.0,0.0,0.0,109.0,534.0
129904.0,0.0,-3.0848,0.002,0.0,0.0,0.0,-1.0,0.0,0.0,109.0,521.0
129944.0,0.0,-3.0848,0.0,0.0,0.0,0.0,-1.0,0.0,0.0,109.0,534.0
129984.0,0.0,-3.0848,0.001,0.0,0.0,0.0,-1.0,0.0,0.0,109.0,534.0
130025.0,0.0,-3.0848,0.001,0.0,0.0,0.0,-1.0,0.0,0.0,109.0,521.0
130065.0,0.0,-3.0848,0.003,0.0,0.0,0.0,-1.0,0.0,0.0,109.0,534.0
130105.0,0.0,-3.0848,0.003,0.0,0.0,0.0,-1.0,0.0,0.0,109.0,535.0
130145.0,0.0,-3.0848,0.002,0.0,0.0,0.0,-1.0,0.0,0.0,109.0,534.0
130185.0,0.0,-3.0848,-0.001,0.0,0.0,0.0,-1.0,0.0,0.0,109.0,535.0
130226.0,0.0,-3.0848,0.003,0.0,0.0,0.0,-1.0,0.0,0.0,109.0,521.0
130266.0,0.0,-3.0864,-0.008,0.0,0.0,0.0,-1.0,0.0,0.0,109.0,536.0
130306.0,0.0,-3.0848,0.001,0.0,0.0,0.0,-1.0,0.0,0.0,109.0,535.0
130346.0,0.0,-3.0848,0.002,0.0,0.0,0.0,-1.0,0.0,0.0,109.0,534.0
130387.0,0.0,-3.0848,0.0,0.0,0.0,0.0,-1.0,0.0,0.0,109.0,521.0
130427.0,0.0,-3.0848,0.001,0.0,0.0,0.0,-1.0,0.0,0.0,109.0,534.0
130467.0,0.0,-3.0848,0.002,0.0,0.0,0.0,-1.0,0.0,0.0,109.0,535.0
130507.0,0.0,-3.0848,0.001,0.0,0.0,0.0,-1.0,0.0,0.0,109.0,534.0
130548.0,0.0,-3.0848,0.001,0.0,0.0,0.0,-1.0,0.0,0.0,109.0,534.0
130588.0,0.0,-3.0848,-0.003,0.0,0.0,0.0,-1.0,0.0,0.0,109.0,534.0
130628.0,0.0,-3.0848,0.001,0.0,0.0,0.0,-1.0,0.0,0.0,109.0,534.0
130669.0,0.0,-3.0848,0.0,0.0,0.0,0.0,-1.0,0.0,0.0,109.0,534.0
130709.0,0.0,-3.0848,-0.0,0.0,0.0,0.0,-1.0,0.0,0.0,109.0,534.0
130749.0,0.0,-3.0848,-0.0,0.0,0.0,0.0,-1.0,0.0,0.0,109.0,534.0
130790.0,0.0,-3.0848,-0.0,0.0,0.0,0.0,-1.0,0.0,0.0,109.0,534.0
130830.0,0.0,-3.0848,0.001,0.0,0.0,0.0,-1.0,0.0,0.0,109.0,534.0
130870.0,0.0,-3.0848,0.001,0.0,0.0,0.0,-1.0,0.0,0.0,109.0,534.0
130911.0,0.0,-3.0848,0.002,0.0,0.0,0.0,-1.0,0.0,0.0,109.0,534.0
130951.0,0.0,-3.0848,-0.004,0.0,0.0,0.0,-1.0,0.0,0.0,109.0,534.0
130991.0,0.0,-3.0848,-0.0,0.0,0.0,0.0,-1.0,0.0,0.0,109.0,534.0
131031.0,0.0,-3.0848,0.001,0.0,0.0,0.0,-1.0,0.0,0.0,109.0,534.0
131071.0,0.0,-3.0848,0.001,0.0,0.0,0.0,-1.0,0.0,0.0,109.0,535.0
131111.0,0.0,-3.0848,-0.001,0.0,0.0,0.0,-1.0,0.0,0.0,109.0,534.0
131152.0,0.0,-3.0848,0.002,0.0,0.0,0.0,-1.0,0.0,0.0,109.0,534.0
131192.0,0.0,-3.0848,0.0,0.0,0.0,0.0,-1.0,0.0,0.0,109.0,535.0
131232.0,0.0,-3.0848,0.001,0.0,0.0,0.0,-1.0,0.0,0.0,109.0,534.0
131273.0,0.0,-3.0848,0.006,0.0,0.0,0.0,-1.0,0.0,0.0,109.0,534.0
131313.0,0.0,-3.0848,0.003,0.0,0.0,0.0,-1.0,0.0,0.0,109.0,534.0
131353.0,0.0,-3.0848,-0.001,0.0,0.0,0.0,-1.0,0.0,0.0,109.0,534.0
131393.0,0.0,-3.0848,0.001,0.0,0.0,0.0,-1.0,0.0,0.0,109.0,521.0
131433.0,0.0,-3.0848,-0.0,0.0,0.0,0.0,-1.0,0.0,0.0,109.0,534.0
131473.0,0.0,-3.0848,0.002,0.0,0.0,0.0,-1.0,0.0,0.0,109.0,534.0
131514.0,0.0,-3.0848,0.003,0.0,0.0,0.0,-1.0,0.0,0.0,109.0,534.0
131554.0,0.0,-3.0848,-0.002,0.0,0.0,0.0,-1.0,0.0,0.0,109.0,535.0
131594.0,0.0,-3.0848,0.002,0.0,0.0,0.0,-1.0,0.0,0.0,109.0,521.0
131634.0,0.0,-3.0848,0.001,0.0,0.0,0.0,-1.0,0.0,0.0,109.0,521.0
131675.0,0.0,-3.0848,-0.001,0.0,0.0,0.0,-1.0,0.0,0.0,109.0,521.0
131715.0,0.0,-3.0848,0.0,0.0,0.0,0.0,-1.0,0.0,0.0,109.0,534.0
131755.0,0.0,-3.0848,0.0,0.0,0.0,0.0,-1.0,0.0,0.0,109.0,534.0
131795.0,0.0,-3.0848,-0.001,0.0,0.0,0.0,-1.0,0.0,0.0,109.0,521.0
131835.0,0.0,-3.0848,0.0,0.0,0.0,0.0,-1.0,0.0,0.0,109.0,521.0
131875.0,0.0,-3.0848,-0.003,0.0,0.0,0.0,-1.0,0.0,0.0,109.0,534.0
131915.0,0.0,-3.0848,0.003,0.0,0.0,0.0,-1.0,0.0,0.0,109.0,534.0
131956.0,0.0,-3.0848,-0.001,0.0,0.0,0.0,-1.0,0.0,0.0,109.0,535.0
131996.0,0.0,-3.0848,0.002,0.0,0.0,0.0,-1.0,0.0,0.0,109.0,521.0
132036.0,0.0,-3.0848,0.003,0.0,0.0,0.0,-1.0,0.0,0.0,109.0,521.0
132076.0,0.0,-3.0848,0.001,0.0,0.0,0.0,-1.0,0.0,0.0,109.0,534.0
132117.0,0.0,-3.0848,0.002,0.0,0.0,0.0,-1.0,0.0,0.0,109.0,521.0
132157.0,0.0,-3.0848,-0.001,0.0,0.0,0.0,-1.0,0.0,0.0,109.0,535.0
132197.0,0.0,-3.0848,0.002,0.0,0.0,0.0,-1.0,0.0,0.0,109.0,534.0
132238.0,0.0,-3.0848,-0.0,0.0,0.0,0.0,-1.0,0.0,0.0,109.0,535.0
132278.0,0.0,-3.0848,-0.002,0.0,0.0,0.0,-1.0,0.0,0.0,109.0,534.0
132318.0,0.0,-3.0848,-0.001,0.0,0.0,0.0,-1.0,0.0,0.0,109.0,521.0
132359.0,0.0,-3.0848,-0.001,0.0,0.0,0.0,-1.0,0.0,0.0,109.0,521.0
132399.0,0.0,-3.0848,0.001,0.0,0.0,0.0,-1.0,0.0,0.0,109.0,534.0
132439.0,0.0,-3.0848,-0.002,0.0,0.0,0.0,-1.0,0.0,0.0,109.0,535.0
132479.0,0.0,-3.0848,0.003,0.0,0.0,0.0,-1.0,0.0,0.0,109.0,534.0
132519.0,0.0,-3.0848,-0.004,0.0,0.0,0.0,-1.0,0.0,0.0,109.0,521.0
132560.0,0.0,-3.0848,0.002,0.0,0.0,0.0,-1.0,0.0,0.0,109.0,521.0
132600.0,0.0,-3.0848,0.0,0.0,0.0,0.0,-1.0,0.0,0.0,109.0,534.0
132640.0,0.0,-3.0848,0.003,0.0,0.0,0.0,-1.0,0.0,0.0,109.0,535.0
132680.0,0.0,-3.0848,-0.004,0.0,0.0,0.0,-1.0,0.0,0.0,109.0,521.0
132720.0,0.0,-3.0848,0.002,0.0,0.0,0.0,-1.0,0.0,0.0,109.0,534.0
132760.0,0.0,-3.0864,-0.012,0.0,0.0,0.0,-1.0,0.0,0.0,109.0,521.0
132800.0,0.0,-3.0848,0.003,0.0,0.0,0.0,-1.0,0.0,0.0,109.0,522.0
132840.0,0.0,-3.0848,0.001,0.0,0.0,0.0,-1.0,0.0,0.0,109.0,535.0
132881.0,0.0,-3.0848,0.0,0.0,0.0,0.0,-1.0,0.0,0.0,109.0,534.0
132921.0,0.0,-3.0848,0.001,0.0,0.0,0.0,-1.0,0.0,0.0,109.0,535.0
132961.0,0.0,-3.0848,0.0,0.0,0.0,0.0,-1.0,0.0,0.0,109.0,521.0
133001.0,0.0,-3.0848,-0.004,0.0,0.0,0.0,-1.0,0.0,0.0,109.0,541.0
133041.0,0.0,-3.0848,0.0,0.0,0.0,0.0,-1.0,0.0,0.0,109.0,534.0
133082.0,0.0,-3.0848,0.001,0.0,0.0,0.0,-1.0,0.0,0.0,109.0,522.0
133122.0,0.0,-3.0848,0.002,0.0,0.0,0.0,-1.0,0.0,0.0,109.0,534.0
133162.0,0.0,-3.0864,-0.004,0.0,0.0,0.0,-1.0,0.0,0.0,109.0,536.0
133202.0,0.0,-3.0848,-0.003,0.0,0.0,0.0,-1.0,0.0,0.0,109.0,534.0
133242.0,0.0,-3.0848,0.001,0.0,0.0,0.0,-1.0,0.0,0.0,109.0,521.0
133283.0,0.0,-3.0848,0.001,0.0,0.0,0.0,-1.0,0.0,0.0,109.0,521.0
133323.0,0.0,-3.0848,0.004,0.0,0.0,0.0,-1.0,0.0,0.0,109.0,534.0
133363.0,0.0,-3.0848,0.001,0.0,0.0,0.0,-1.0,0.0,0.0,109.0,521.0
133403.0,0.0,-3.0848,-0.004,0.0,0.0,0.0,-1.0,0.0,0.0,109.0,534.0
133444.0,0.0,-3.0848,-0.003,0.0,0.0,0.0,-1.0,0.0,0.0,109.0,521.0
133484.0,0.0,-3.0848,0.002,0.0,0.0,0.0,-1.0,0.0,0.0,109.0,534.0
133524.0,0.0,-3.0848,-0.0,0.0,0.0,0.0,-1.0,0.0,0.0,109.0,535.0
133564.0,0.0,-3.0848,0.001,0.0,0.0,0.0,-1.0,0.0,0.0,109.0,522.0
133604.0,0.0,-3.0848,0.001,0.0,0.0,0.0,-1.0,0.0,0.0,109.0,535.0
133645.0,0.0,-3.0848,-0.001,0.0,0.0,0.0,-1.0,0.0,0.0,109.0,521.0
133685.0,0.0,-3.0848,0.001,0.0,0.0,0.0,-1.0,0.0,0.0,109.0,534.0
133725.0,0.0,-3.0848,0.003,0.0,0.0,0.0,-1.0,0.0,0.0,109.0,534.0
133765.0,0.0,-3.0848,-0.002,0.0,0.0,0.0,-1.0,0.0,0.0,109.0,534.0
133805.0,0.0,-3.0848,0.001,0.0,0.0,0.0,-1.0,0.0,0.0,109.0,534.0
133845.0,0.0,-3.0848,-0.008,0.0,0.0,0.0,-1.0,0.0,0.0,109.0,536.0
133886.0,0.0,-3.0848,-0.0,0.0,0.0,0.0,-1.0,0.0,0.0,109.0,534.0
133926.0,0.0,-3.0848,-0.003,0.0,0.0,0.0,-1.0,0.0,0.0,109.0,541.0
133966.0,0.0,-3.0848,0.002,0.0,0.0,0.0,-1.0,0.0,0.0,109.0,534.0
134006.0,0.0,-3.0864,-0.006,0.0,0.0,0.0,-1.0,0.0,0.0,109.0,536.0
134047.0,0.0,-3.0848,0.002,0.0,0.0,0.0,-1.0,0.0,0.0,109.0,534.0
134087.0,0.0,-3.0848,0.001,0.0,0.0,0.0,-1.0,0.0,0.0,109.0,535.0
134127.0,0.0,-3.0848,-0.0,0.0,0.0,0.0,-1.0,0.0,0.0,109.0,521.0
134167.0,0.0,-3.0848,0.002,0.0,0.0,0.0,-1.0,0.0,0.0,109.0,534.0
134207.0,0.0,-3.0848,0.0,0.0,0.0,0.0,-1.0,0.0,0.0,109.0,535.0
134248.0,0.0,-3.0848,-0.003,0.0,0.0,0.0,-1.0,0.0,0.0,109.0,534.0
134288.0,0.0,-3.0848,0.002,0.0,0.0,0.0,-1.0,0.0,0.0,109.0,534.0
134328.0,0.0,-3.0848,-0.002,0.0,0.0,0.0,-1.0,0.0,0.0,109.0,534.0
134368.0,0.0,-3.0848,0.002,0.0,0.0,0.0,-1.0,0.0,0.0,109.0,534.0
134408.0,0.0,-3.0848,0.001,0.0,0.0,0.0,-1.0,0.0,0.0,109.0,534.0
134448.0,0.0,-3.0848,-0.003,0.0,0.0,0.0,-1.0,0.0,0.0,109.0,534.0
134488.0,0.0,-3.0848,-0.0,0.0,0.0,0.0,-1.0,0.0,0.0,109.0,534.0
134528.0,0.0,-3.0848,0.002,0.0,0.0,0.0,-1.0,0.0,0.0,109.0,534.0
134569.0,0.0,-3.0848,0.001,0.0,0.0,0.0,-1.0,0.0,0.0,109.0,534.0
134609.0,0.0,-3.0848,0.003,0.0,0.0,0.0,-1.0,0.0,0.0,109.0,534.0
134649.0,0.0,-3.0848,0.002,0.0,0.0,0.0,-1.0,0.0,0.0,109.0,534.0
134689.0,0.0,-3.0848,0.001,0.0,0.0,0.0,-1.0,0.0,0.0,109.0,521.0
134729.0,0.0,-3.0848,0.001,0.0,0.0,0.0,-1.0,0.0,0.0,109.0,534.0
134770.0,0.0,-3.0848,-0.001,0.0,0.0,0.0,-1.0,0.0,0.0,109.0,521.0
134810.0,0.0,-3.0848,0.0,0.0,0.0,0.0,-1.0,0.0,0.0,109.0,534.0
134850.0,0.0,-3.0848,0.0,0.0,0.0,0.0,-1.0,0.0,0.0,109.0,534.0
134890.0,0.0,-3.0848,0.002,0.0,0.0,0.0,-1.0,0.0,0.0,109.0,521.0
134930.0,0.0,-3.0848,0.001,0.0,0.0,0.0,-1.0,0.0,0.0,109.0,534.0
134971.0,0.0,-3.0848,0.001,0.0,0.0,0.0,-1.0,0.0,0.0,109.0,521.0
135011.0,0.0,-3.0848,0.001,0.0,0.0,0.0,-1.0,0.0,0.0,109.0,534.0
135051.0,0.0,-3.0864,-0.006,0.0,0.0,0.0,-1.0,0.0,0.0,109.0,536.0
135092.0,0.0,-3.0848,0.003,0.0,0.0,0.0,-1.0,0.0,0.0,109.0,521.0
135132.0,0.0,-3.0848,0.002,0.0,0.0,0.0,-1.0,0.0,0.0,109.0,534.0
135172.0,0.0,-3.0848,0.0,0.0,0.0,0.0,-1.0,0.0,0.0,109.0,534.0
135212.0,0.0,-3.0848,-0.004,0.0,0.0,0.0,-1.0,0.0,0.0,109.0,521.0
135253.0,0.0,-3.0848,-0.001,0.0,0.0,0.0,-1.0,0.0,0.0,109.0,521.0
135293.0,0.0,-3.0848,0.002,0.0,0.0,0.0,-1.0,0.0,0.0,109.0,534.0
135333.0,0.0,-3.0864,-0.006,0.0,0.0,0.0,-1.0,0.0,0.0,109.0,536.0
135373.0,0.0,-3.0848,0.002,0.0,0.0,0.0,-1.0,0.0,0.0,109.0,521.0
135413.0,0.0,-3.0848,-0.002,0.0,0.0,0.0,-1.0,0.0,0.0,109.0,521.0
135454.0,0.0,-3.0848,0.003,0.0,0.0,0.0,-1.0,0.0,0.0,109.0,521.0
135494.0,0.0,-3.0848,0.003,0.0,0.0,0.0,-1.0,0.0,0.0,109.0,534.0
135534.0,0.0,-3.0848,-0.002,0.0,0.0,0.0,-1.0,0.0,0.0,109.0,534.0
135574.0,0.0,-3.0848,0.002,0.0,0.0,0.0,-1.0,0.0,0.0,109.0,534.0
135614.0,0.0,-3.0848,0.001,0.0,0.0,0.0,-1.0,0.0,0.0,109.0,534.0
135654.0,0.0,-3.0848,-0.002,0.0,0.0,0.0,-1.0,0.0,0.0,109.0,534.0
135695.0,0.0,-3.0848,-0.004,0.0,0.0,0.0,-1.0,0.0,0.0,109.0,528.0
135735.0,0.0,-3.0848,-0.002,0.0,0.0,0.0,-1.0,0.0,0.0,109.0,521.0
135775.0,0.0,-3.0848,-0.003,0.0,0.0,0.0,-1.0,0.0,0.0,109.0,521.0
135815.0,0.0,-3.0848,0.004,0.0,0.0,0.0,-1.0,0.0,0.0,109.0,534.0
135855.0,0.0,-3.0848,0.002,0.0,0.0,0.0,-1.0,0.0,0.0,109.0,521.0
135896.0,0.0,-3.0848,0.001,0.0,0.0,0.0,-1.0,0.0,0.0,109.0,521.0
135936.0,0.0,-3.0848,0.0,0.0,0.0,0.0,-1.0,0.0,0.0,109.0,534.0
135976.0,0.0,-3.0848,0.001,0.0,0.0,0.0,-1.0,0.0,0.0,109.0,534.0
136016.0,0.0,-3.0848,-0.003,0.0,0.0,0.0,-1.0,0.0,0.0,109.0,534.0
136056.0,0.0,-3.0848,0.001,0.0,0.0,0.0,-1.0,0.0,0.0,109.0,534.0
136097.0,0.0,-3.0848,0.001,0.0,0.0,0.0,-1.0,0.0,0.0,109.0,521.0
136137.0,0.0,-3.0848,0.0,0.0,0.0,0.0,-1.0,0.0,0.0,109.0,534.0
136177.0,0.0,-3.0848,-0.006,0.0,0.0,0.0,-1.0,0.0,0.0,109.0,534.0
136218.0,0.0,-3.0848,0.0,0.0,0.0,0.0,-1.0,0.0,0.0,109.0,521.0
136258.0,0.0,-3.0848,0.003,0.0,0.0,0.0,-1.0,0.0,0.0,109.0,534.0
136298.0,0.0,-3.0848,-0.001,0.0,0.0,0.0,-1.0,0.0,0.0,109.0,534.0
136338.0,0.0,-3.0848,-0.001,0.0,0.0,0.0,-1.0,0.0,0.0,109.0,534.0
136378.0,0.0,-3.0848,0.004,0.0,0.0,0.0,-1.0,0.0,0.0,109.0,521.0
136418.0,0.0,-3.0864,-0.011,0.0,0.0,0.0,-1.0,0.0,0.0,109.0,523.0
136458.0,0.0,-3.0848,0.004,0.0,0.0,0.0,-1.0,0.0,0.0,109.0,534.0
136499.0,0.0,-3.0848,0.002,0.0,0.0,0.0,-1.0,0.0,0.0,109.0,534.0
136539.0,0.0,-3.0848,0.001,0.0,0.0,0.0,-1.0,0.0,0.0,109.0,534.0
136579.0,0.0,-3.0848,0.001,0.0,0.0,0.0,-1.0,0.0,0.0,109.0,534.0
136619.0,0.0,-3.0848,-0.007,0.0,0.0,0.0,-1.0,0.0,0.0,109.0,536.0
136660.0,0.0,-3.0848,-0.003,0.0,0.0,0.0,-1.0,0.0,0.0,109.0,534.0
136700.0,0.0,-3.0848,0.003,0.0,0.0,0.0,-1.0,0.0,0.0,109.0,534.0
136740.0,0.0,-3.0848,-0.001,0.0,0.0,0.0,-1.0,0.0,0.0,109.0,535.0
136780.0,0.0,-3.0848,0.003,0.0,0.0,0.0,-1.0,0.0,0.0,109.0,521.0
136820.0,0.0,-3.0848,0.0,0.0,0.0,0.0,-1.0,0.0,0.0,109.0,521.0
136860.0,0.0,-3.0848,0.001,0.0,0.0,0.0,-1.0,0.0,0.0,109.0,534.0
136900.0,0.0,-3.0848,-0.0,0.0,0.0,0.0,-1.0,0.0,0.0,109.0,521.0
136941.0,0.0,-3.0848,0.002,0.0,0.0,0.0,-1.0,0.0,0.0,109.0,521.0
136981.0,0.0,-3.0848,0.001,0.0,0.0,0.0,-1.0,0.0,0.0,109.0,534.0
137021.0,0.0,-3.0848,0.0,0.0,0.0,0.0,-1.0,0.0,0.0,109.0,521.0
137062.0,0.0,-3.0848,0.002,0.0,0.0,0.0,-1.0,0.0,0.0,109.0,521.0
137102.0,0.0,-3.0848,0.001,0.0,0.0,0.0,-1.0,0.0,0.0,109.0,534.0
137142.0,0.0,-3.0848,0.001,0.0,0.0,0.0,-1.0,0.0,0.0,109.0,542.0
137182.0,0.0,-3.0848,0.003,0.0,0.0,0.0,-1.0,0.0,0.0,109.0,521.0
137223.0,0.0,-3.0848,0.004,0.0,0.0,0.0,-1.0,0.0,0.0,109.0,521.0
137263.0,0.0,-3.0848,-0.002,0.0,0.0,0.0,-1.0,0.0,0.0,109.0,541.0
137303.0,0.0,-3.0848,0.001,0.0,0.0,0.0,-1.0,0.0,0.0,109.0,534.0
137343.0,0.0,-3.0848,0.0,0.0,0.0,0.0,-1.0,0.0,0.0,109.0,534.0
137384.0,0.0,-3.0848,0.001,0.0,0.0,0.0,-1.0,0.0,0.0,109.0,534.0
137424.0,0.0,-3.0848,-0.004,0.0,0.0,0.0,-1.0,0.0,0.0,109.0,534.0
137464.0,0.0,-3.0848,0.001,0.0,0.0,0.0,-1.0,0.0,0.0,109.0,534.0
137505.0,0.0,-3.0848,0.001,0.0,0.0,0.0,-1.0,0.0,0.0,109.0,535.0
137545.0,0.0,-3.0848,0.001,0.0,0.0,0.0,-1.0,0.0,0.0,109.0,534.0
137585.0,0.0,-3.0848,0.001,0.0,0.0,0.0,-1.0,0.0,0.0,109.0,521.0
137625.0,0.0,-3.0864,-0.005,0.0,0.0,0.0,-1.0,0.0,0.0,109.0,536.0
137666.0,0.0,-3.0848,0.003,0.0,0.0,0.0,-1.0,0.0,0.0,109.0,521.0
137706.0,0.0,-3.0848,0.002,0.0,0.0,0.0,-1.0,0.0,0.0,109.0,534.0
137746.0,0.0,-3.0848,0.001,0.0,0.0,0.0,-1.0,0.0,0.0,109.0,534.0
137786.0,0.0,-3.0848,0.0,0.0,0.0,0.0,-1.0,0.0,0.0,109.0,521.0
137826.0,0.0,-3.0848,0.001,0.0,0.0,0.0,-1.0,0.0,0.0,109.0,534.0
137867.0,0.0,-3.0848,-0.001,0.0,0.0,0.0,-1.0,0.0,0.0,109.0,534.0
137907.0,0.0,-3.0848,0.002,0.0,0.0,0.0,-1.0,0.0,0.0,109.0,521.0
137947.0,0.0,-3.0848,0.001,0.0,0.0,0.0,-1.0,0.0,0.0,109.0,521.0
137987.0,0.0,-3.0848,-0.001,0.0,0.0,0.0,-1.0,0.0,0.0,109.0,534.0
138028.0,0.0,-3.0848,-0.003,0.0,0.0,0.0,-1.0,0.0,0.0,109.0,534.0
138068.0,0.0,-3.0848,-0.005,0.0,0.0,0.0,-1.0,0.0,0.0,109.0,536.0
138108.0,0.0,-3.0848,0.0,0.0,0.0,0.0,-1.0,0.0,0.0,109.0,521.0
138149.0,0.0,-3.0848,0.001,0.0,0.0,0.0,-1.0,0.0,0.0,109.0,521.0
138189.0,0.0,-3.0848,0.0,0.0,0.0,0.0,-1.0,0.0,0.0,109.0,534.0
138229.0,0.0,-3.0848,0.001,0.0,0.0,0.0,-1.0,0.0,0.0,109.0,521.0
138269.0,0.0,-3.0848,0.001,0.0,0.0,0.0,-1.0,0.0,0.0,109.0,521.0
138310.0,0.0,-3.0848,0.001,0.0,0.0,0.0,-1.0,0.0,0.0,109.0,521.0
138350.0,0.0,-3.0848,-0.002,0.0,0.0,0.0,-1.0,0.0,0.0,109.0,534.0
138390.0,0.0,-3.0848,0.001,0.0,0.0,0.0,-1.0,0.0,0.0,109.0,521.0
138430.0,0.0,-3.0848,0.001,0.0,0.0,0.0,-1.0,0.0,0.0,109.0,534.0
138470.0,0.0,-3.0848,0.0,0.0,0.0,0.0,-1.0,0.0,0.0,109.0,521.0
138511.0,0.0,-3.0848,-0.0,0.0,0.0,0.0,-1.0,0.0,0.0,109.0,521.0
138551.0,0.0,-3.0848,0.001,0.0,0.0,0.0,-1.0,0.0,0.0,109.0,534.0
138591.0,0.0,-3.0848,-0.003,0.0,0.0,0.0,-1.0,0.0,0.0,109.0,521.0
138632.0,0.0,-3.0848,0.0,0.0,0.0,0.0,-1.0,0.0,0.0,109.0,521.0
138672.0,0.0,-3.0848,0.001,0.0,0.0,0.0,-1.0,0.0,0.0,109.0,534.0
138712.0,0.0,-3.0848,0.001,0.0,0.0,0.0,-1.0,0.0,0.0,109.0,521.0
138752.0,0.0,-3.0848,0.001,0.0,0.0,0.0,-1.0,0.0,0.0,109.0,521.0
138792.0,0.0,-3.0848,0.0,0.0,0.0,0.0,-1.0,0.0,0.0,109.0,534.0
138832.0,0.0,-3.0848,-0.001,0.0,0.0,0.0,-1.0,0.0,0.0,109.0,534.0
138873.0,0.0,-3.0848,0.001,0.0,0.0,0.0,-1.0,0.0,0.0,109.0,534.0
138913.0,0.0,-3.0848,0.004,0.0,0.0,0.0,-1.0,0.0,0.0,109.0,521.0
138953.0,0.0,-3.0848,0.001,0.0,0.0,0.0,-1.0,0.0,0.0,109.0,521.0
138993.0,0.0,-3.0848,-0.001,0.0,0.0,0.0,-1.0,0.0,0.0,109.0,534.0
139034.0,0.0,-3.0864,-0.005,0.0,0.0,0.0,-1.0,0.0,0.0,109.0,523.0
139074.0,0.0,-3.0848,-0.0,0.0,0.0,0.0,-1.0,0.0,0.0,109.0,521.0
139114.0,0.0,-3.0848,0.001,0.0,0.0,0.0,-1.0,0.0,0.0,109.0,521.0
139154.0,0.0,-3.0848,0.003,0.0,0.0,0.0,-1.0,0.0,0.0,109.0,534.0
139195.0,0.0,-3.0848,0.001,0.0,0.0,0.0,-1.0,0.0,0.0,109.0,521.0
139235.0,0.0,-3.0848,0.0,0.0,0.0,0.0,-1.0,0.0,0.0,109.0,534.0
139275.0,0.0,-3.0848,0.001,0.0,0.0,0.0,-1.0,0.0,0.0,109.0,534.0
139315.0,0.0,-3.0848,-0.004,0.0,0.0,0.0,-1.0,0.0,0.0,109.0,534.0
139356.0,0.0,-3.0848,0.002,0.0,0.0,0.0,-1.0,0.0,0.0,109.0,534.0
139396.0,0.0,-3.0848,-0.0,0.0,0.0,0.0,-1.0,0.0,0.0,109.0,521.0
139436.0,0.0,-3.0848,0.001,0.0,0.0,0.0,-1.0,0.0,0.0,109.0,534.0
139476.0,0.0,-3.0848,0.001,0.0,0.0,0.0,-1.0,0.0,0.0,109.0,521.0
139517.0,0.0,-3.0848,0.001,0.0,0.0,0.0,-1.0,0.0,0.0,109.0,521.0
139557.0,0.0,-3.0848,0.0,0.0,0.0,0.0,-1.0,0.0,0.0,109.0,535.0
139597.0,0.0,-3.0848,-0.01,0.0,0.0,0.0,-1.0,0.0,0.0,109.0,523.0
139637.0,0.0,-3.0848,0.001,0.0,0.0,0.0,-1.0,0.0,0.0,109.0,521.0
139677.0,0.0,-3.0848,-0.004,0.0,0.0,0.0,-1.0,0.0,0.0,109.0,534.0
139718.0,0.0,-3.0848,0.003,0.0,0.0,0.0,-1.0,0.0,0.0,109.0,534.0
139758.0,0.0,-3.0848,0.001,0.0,0.0,0.0,-1.0,0.0,0.0,109.0,534.0
139798.0,0.0,-3.0848,0.001,0.0,0.0,0.0,-1.0,0.0,0.0,109.0,534.0
139839.0,0.0,-3.0848,0.003,0.0,0.0,0.0,-1.0,0.0,0.0,109.0,534.0
139879.0,0.0,-3.0848,0.002,0.0,0.0,0.0,-1.0,0.0,0.0,109.0,521.0
139919.0,0.0,-3.0848,0.001,0.0,0.0,0.0,-1.0,0.0,0.0,109.0,521.0
139959.0,0.0,-3.0848,0.002,0.0,0.0,0.0,-1.0,0.0,0.0,109.0,534.0
140000.0,0.0,-3.0848,0.001,0.0,0.0,0.0,-1.0,0.0,0.0,109.0,534.0
140040.0,0.0,-3.0848,-0.003,0.0,0.0,0.0,-1.0,0.0,0.0,109.0,541.0
140080.0,0.0,-3.0848,0.001,0.0,0.0,0.0,-1.0,0.0,0.0,109.0,521.0
140120.0,0.0,-3.0848,0.002,0.0,0.0,0.0,-1.0,0.0,0.0,109.0,534.0
140160.0,0.0,-3.0848,-0.0,0.0,0.0,0.0,-1.0,0.0,0.0,109.0,534.0
140200.0,0.0,-3.0848,0.002,0.0,0.0,0.0,-1.0,0.0,0.0,109.0,521.0
140241.0,0.0,-3.0848,-0.001,0.0,0.0,0.0,-1.0,0.0,0.0,109.0,521.0
140281.0,0.0,-3.0848,0.001,0.0,0.0,0.0,-1.0,0.0,0.0,109.0,534.0
140321.0,0.0,-3.0848,-0.006,0.0,0.0,0.0,-1.0,0.0,0.0,109.0,521.0
140361.0,0.0,-3.0848,0.002,0.0,0.0,0.0,-1.0,0.0,0.0,109.0,521.0
140401.0,0.0,-3.0848,0.002,0.0,0.0,0.0,-1.0,0.0,0.0,109.0,534.0
140442.0,0.0,-3.0848,0.001,0.0,0.0,0.0,-1.0,0.0,0.0,109.0,534.0
140482.0,0.0,-3.0848,0.001,0.0,0.0,0.0,-1.0,0.0,0.0,109.0,534.0
140522.0,0.0,-3.0848,0.001,0.0,0.0,0.0,-1.0,0.0,0.0,109.0,534.0
140562.0,0.0,-3.0848,-0.001,0.0,0.0,0.0,-1.0,0.0,0.0,109.0,534.0
140602.0,0.0,-3.0848,-0.0,0.0,0.0,0.0,-1.0,0.0,0.0,109.0,534.0
140643.0,0.0,-3.0848,0.004,0.0,0.0,0.0,-1.0,0.0,0.0,109.0,534.0
140683.0,0.0,-3.0848,0.001,0.0,0.0,0.0,-1.0,0.0,0.0,109.0,534.0
140723.0,0.0,-3.0848,-0.003,0.0,0.0,0.0,-1.0,0.0,0.0,109.0,521.0
140763.0,0.0,-3.0848,0.003,0.0,0.0,0.0,-1.0,0.0,0.0,109.0,534.0
140803.0,0.0,-3.0848,-0.003,0.0,0.0,0.0,-1.0,0.0,0.0,109.0,534.0
140844.0,0.0,-3.0848,0.001,0.0,0.0,0.0,-1.0,0.0,0.0,109.0,534.0
140884.0,0.0,-3.0848,-0.005,0.0,0.0,0.0,-1.0,0.0,0.0,109.0,534.0
140924.0,0.0,-3.0848,-0.0,0.0,0.0,0.0,-1.0,0.0,0.0,109.0,534.0
140964.0,0.0,-3.0848,0.001,0.0,0.0,0.0,-1.0,0.0,0.0,109.0,534.0
141004.0,0.0,-3.0848,-0.001,0.0,0.0,0.0,-1.0,0.0,0.0,109.0,521.0
141044.0,0.0,-3.0848,0.005,0.0,0.0,0.0,-1.0,0.0,0.0,109.0,534.0
141085.0,0.0,-3.0848,0.001,0.0,0.0,0.0,-1.0,0.0,0.0,109.0,534.0
141125.0,0.0,-3.0848,0.001,0.0,0.0,0.0,-1.0,0.0,0.0,109.0,534.0
141165.0,0.0,-3.0848,0.0,0.0,0.0,0.0,-1.0,0.0,0.0,109.0,521.0
141205.0,0.0,-3.0848,-0.004,0.0,0.0,0.0,-1.0,0.0,0.0,109.0,521.0
141245.0,0.0,-3.0848,0.001,0.0,0.0,0.0,-1.0,0.0,0.0,109.0,521.0
141285.0,0.0,-3.0848,0.001,0.0,0.0,0.0,-1.0,0.0,0.0,109.0,534.0
141326.0,0.0,-3.0848,-0.001,0.0,0.0,0.0,-1.0,0.0,0.0,109.0,521.0
141366.0,0.0,-3.0848,-0.0,0.0,0.0,0.0,-1.0,0.0,0.0,109.0,534.0
141406.0,0.0,-3.0848,-0.002,0.0,0.0,0.0,-1.0,0.0,0.0,109.0,534.0
141446.0,0.0,-3.0848,0.002,0.0,0.0,0.0,-1.0,0.0,0.0,109.0,534.0
141487.0,0.0,-3.0848,0.002,0.0,0.0,0.0,-1.0,0.0,0.0,109.0,534.0
141527.0,0.0,-3.0848,-0.003,0.0,0.0,0.0,-1.0,0.0,0.0,109.0,534.0
141567.0,0.0,-3.0848,0.001,0.0,0.0,0.0,-1.0,0.0,0.0,109.0,521.0
141607.0,0.0,-3.0848,0.002,0.0,0.0,0.0,-1.0,0.0,0.0,109.0,521.0
141647.0,0.0,-3.0848,0.0,0.0,0.0,0.0,-1.0,0.0,0.0,109.0,521.0
141688.0,0.0,-3.0848,0.001,0.0,0.0,0.0,-1.0,0.0,0.0,109.0,521.0
141728.0,0.0,-3.0848,0.002,0.0,0.0,0.0,-1.0,0.0,0.0,109.0,534.0
141768.0,0.0,-3.0864,-0.004,0.0,0.0,0.0,-1.0,0.0,0.0,109.0,536.0
141808.0,0.0,-3.0848,0.001,0.0,0.0,0.0,-1.0,0.0,0.0,109.0,534.0
141849.0,0.0,-3.0848,0.001,0.0,0.0,0.0,-1.0,0.0,0.0,109.0,534.0
141889.0,0.0,-3.0848,0.004,0.0,0.0,0.0,-1.0,0.0,0.0,109.0,534.0
141929.0,0.0,-3.0848,0.003,0.0,0.0,0.0,-1.0,0.0,0.0,109.0,534.0
141969.0,0.0,-3.0848,0.002,0.0,0.0,0.0,-1.0,0.0,0.0,109.0,534.0
142009.0,0.0,-3.0848,0.003,0.0,0.0,0.0,-1.0,0.0,0.0,109.0,521.0
142050.0,0.0,-3.0848,-0.005,0.0,0.0,0.0,-1.0,0.0,0.0,109.0,523.0
142090.0,0.0,-3.0848,0.003,0.0,0.0,0.0,-1.0,0.0,0.0,109.0,534.0
142130.0,0.0,-3.0848,0.002,0.0,0.0,0.0,-1.0,0.0,0.0,109.0,521.0
142170.0,0.0,-3.0848,0.002,0.0,0.0,0.0,-1.0,0.0,0.0,109.0,534.0
142211.0,0.0,-3.0848,0.002,0.0,0.0,0.0,-1.0,0.0,0.0,109.0,521.0
142251.0,0.0,-3.0848,0.002,0.0,0.0,0.0,-1.0,0.0,0.0,109.0,534.0
142291.0,0.0,-3.0848,-0.001,0.0,0.0,0.0,-1.0,0.0,0.0,109.0,535.0
142331.0,0.0,-3.0848,0.001,0.0,0.0,0.0,-1.0,0.0,0.0,109.0,534.0
142372.0,0.0,-3.0848,0.0,0.0,0.0,0.0,-1.0,0.0,0.0,109.0,521.0
142412.0,0.0,-3.0848,-0.002,0.0,0.0,0.0,-1.0,0.0,0.0,109.0,534.0
142452.0,0.0,-3.0848,-0.002,0.0,0.0,0.0,-1.0,0.0,0.0,109.0,535.0
142492.0,0.0,-3.0848,0.002,0.0,0.0,0.0,-1.0,0.0,0.0,109.0,521.0
142532.0,0.0,-3.0848,-0.001,0.0,0.0,0.0,-1.0,0.0,0.0,109.0,521.0
142573.0,0.0,-3.0848,-0.004,0.0,0.0,0.0,-1.0,0.0,0.0,109.0,521.0
142613.0,0.0,-3.0848,0.002,0.0,0.0,0.0,-1.0,0.0,0.0,109.0,534.0
142653.0,0.0,-3.0848,0.002,0.0,0.0,0.0,-1.0,0.0,0.0,109.0,534.0
142693.0,0.0,-3.0848,0.002,0.0,0.0,0.0,-1.0,0.0,0.0,109.0,534.0
142734.0,0.0,-3.0848,0.0,0.0,0.0,0.0,-1.0,0.0,0.0,109.0,534.0
142774.0,0.0,-3.0848,-0.002,0.0,0.0,0.0,-1.0,0.0,0.0,109.0,542.0
142814.0,0.0,-3.0848,-0.003,0.0,0.0,0.0,-1.0,0.0,0.0,109.0,534.0
142855.0,0.0,-3.0848,0.002,0.0,0.0,0.0,-1.0,0.0,0.0,109.0,521.0
142895.0,0.0,-3.0864,-0.005,0.0,0.0,0.0,-1.0,0.0,0.0,109.0,536.0
142935.0,0.0,-3.0848,0.001,0.0,0.0,0.0,-1.0,0.0,0.0,109.0,521.0
142975.0,0.0,-3.0848,-0.002,0.0,0.0,0.0,-1.0,0.0,0.0,109.0,535.0
143016.0,0.0,-3.0848,0.001,0.0,0.0,0.0,-1.0,0.0,0.0,109.0,521.0
143056.0,0.0,-3.0848,0.002,0.0,0.0,0.0,-1.0,0.0,0.0,109.0,534.0
143096.0,0.0,-3.0848,0.001,0.0,0.0,0.0,-1.0,0.0,0.0,109.0,534.0
143137.0,0.0,-3.0848,0.001,0.0,0.0,0.0,-1.0,0.0,0.0,109.0,521.0
143177.0,0.0,-3.0848,-0.004,0.0,0.0,0.0,-1.0,0.0,0.0,109.0,535.0
143217.0,0.0,-3.0848,0.002,0.0,0.0,0.0,-1.0,0.0,0.0,109.0,534.0
143257.0,0.0,-3.0848,-0.003,0.0,0.0,0.0,-1.0,0.0,0.0,109.0,534.0
143297.0,0.0,-3.0848,0.0,0.0,0.0,0.0,-1.0,0.0,0.0,109.0,534.0
143338.0,0.0,-3.0848,0.004,0.0,0.0,0.0,-1.0,0.0,0.0,109.0,534.0
143378.0,0.0,-3.0848,-0.001,0.0,0.0,0.0,-1.0,0.0,0.0,109.0,541.0
143418.0,0.0,-3.0848,-0.002,0.0,0.0,0.0,-1.0,0.0,0.0,109.0,534.0
143458.0,0.0,-3.0848,0.003,0.0,0.0,0.0,-1.0,0.0,0.0,109.0,534.0
143499.0,0.0,-3.0848,-0.005,0.0,0.0,0.0,-1.0,0.0,0.0,109.0,541.0
143539.0,0.0,-3.0848,0.001,0.0,0.0,0.0,-1.0,0.0,0.0,109.0,534.0
143579.0,0.0,-3.0848,-0.005,0.0,0.0,0.0,-1.0,0.0,0.0,109.0,536.0
143620.0,0.0,-3.0848,0.002,0.0,0.0,0.0,-1.0,0.0,0.0,109.0,534.0
143660.0,0.0,-3.0848,0.002,0.0,0.0,0.0,-1.0,0.0,0.0,109.0,534.0
143700.0,0.0,-3.0864,-0.005,0.0,0.0,0.0,-1.0,0.0,0.0,109.0,536.0
143740.0,0.0,-3.0848,0.002,0.0,0.0,0.0,-1.0,0.0,0.0,109.0,534.0
143781.0,0.0,-3.0848,-0.001,0.0,0.0,0.0,-1.0,0.0,0.0,109.0,534.0
143821.0,0.0,-3.0848,-0.002,0.0,0.0,0.0,-1.0,0.0,0.0,109.0,534.0
143861.0,0.0,-3.0848,0.002,0.0,0.0,0.0,-1.0,0.0,0.0,109.0,534.0
143902.0,0.0,-3.0848,0.001,0.0,0.0,0.0,-1.0,0.0,0.0,109.0,534.0
143942.0,0.0,-3.0848,0.001,0.0,0.0,0.0,-1.0,0.0,0.0,109.0,535.0
143982.0,0.0,-3.0848,-0.001,0.0,0.0,0.0,-1.0,0.0,0.0,109.0,534.0
144023.0,0.0,-3.0848,0.002,0.0,0.0,0.0,-1.0,0.0,0.0,109.0,534.0
144063.0,0.0,-3.0848,0.001,0.0,0.0,0.0,-1.0,0.0,0.0,109.0,521.0
144103.0,0.0,-3.0848,-0.003,0.0,0.0,0.0,-1.0,0.0,0.0,109.0,534.0
144143.0,0.0,-3.0848,0.002,0.0,0.0,0.0,-1.0,0.0,0.0,109.0,534.0
144184.0,0.0,-3.0864,-0.006,0.0,0.0,0.0,-1.0,0.0,0.0,109.0,523.0
144224.0,0.0,-3.0848,0.003,0.0,0.0,0.0,-1.0,0.0,0.0,109.0,521.0
144264.0,0.0,-3.0848,0.001,0.0,0.0,0.0,-1.0,0.0,0.0,109.0,521.0
144305.0,0.0,-3.0848,0.0,0.0,0.0,0.0,-1.0,0.0,0.0,109.0,521.0
144345.0,0.0,-3.0848,-0.002,0.0,0.0,0.0,-1.0,0.0,0.0,109.0,534.0
144385.0,0.0,-3.0848,0.002,0.0,0.0,0.0,-1.0,0.0,0.0,109.0,534.0
144425.0,0.0,-3.0848,0.002,0.0,0.0,0.0,-1.0,0.0,0.0,109.0,535.0
144466.0,0.0,-3.0848,0.002,0.0,0.0,0.0,-1.0,0.0,0.0,109.0,534.0
144506.0,0.0,-3.0848,-0.005,0.0,0.0,0.0,-1.0,0.0,0.0,109.0,536.0
144546.0,0.0,-3.0848,0.003,0.0,0.0,0.0,-1.0,0.0,0.0,109.0,521.0
144586.0,0.0,-3.0848,0.001,0.0,0.0,0.0,-1.0,0.0,0.0,109.0,534.0
144626.0,0.0,-3.0848,0.001,0.0,0.0,0.0,-1.0,0.0,0.0,109.0,521.0
144667.0,0.0,-3.0848,-0.001,0.0,0.0,0.0,-1.0,0.0,0.0,109.0,521.0
144707.0,0.0,-3.0848,0.001,0.0,0.0,0.0,-1.0,0.0,0.0,109.0,534.0
144747.0,0.0,-3.0848,0.0,0.0,0.0,0.0,-1.0,0.0,0.0,109.0,534.0
144787.0,0.0,-3.0848,-0.002,0.0,0.0,0.0,-1.0,0.0,0.0,109.0,521.0
144828.0,0.0,-3.0848,0.002,0.0,0.0,0.0,-1.0,0.0,0.0,109.0,521.0
144868.0,0.0,-3.0864,-0.006,0.0,0.0,0.0,-1.0,0.0,0.0,109.0,536.0
144908.0,0.0,-3.0848,-0.003,0.0,0.0,0.0,-1.0,0.0,0.0,109.0,534.0
144949.0,0.0,-3.0848,0.001,0.0,0.0,0.0,-1.0,0.0,0.0,109.0,534.0
144989.0,0.0,-3.0848,0.003,0.0,0.0,0.0,-1.0,0.0,0.0,109.0,521.0
145029.0,0.0,-3.0848,-0.004,0.0,0.0,0.0,-1.0,0.0,0.0,109.0,541.0
145069.0,0.0,-3.0848,0.002,0.0,0.0,0.0,-1.0,0.0,0.0,109.0,521.0
145109.0,0.0,-3.0848,-0.003,0.0,0.0,0.0,-1.0,0.0,0.0,109.0,534.0
145150.0,0.0,-3.0848,0.002,0.0,0.0,0.0,-1.0,0.0,0.0,109.0,521.0
145190.0,0.0,-3.0848,-0.003,0.0,0.0,0.0,-1.0,0.0,0.0,109.0,534.0
145230.0,0.0,-3.0864,-0.004,0.0,0.0,0.0,-1.0,0.0,0.0,109.0,523.0
145270.0,0.0,-3.0848,0.003,0.0,0.0,0.0,-1.0,0.0,0.0,109.0,521.0
145310.0,0.0,-3.0848,0.001,0.0,0.0,0.0,-1.0,0.0,0.0,109.0,534.0
145350.0,0.0,-3.0848,-0.004,0.0,0.0,0.0,-1.0,0.0,0.0,109.0,534.0
145391.0,0.0,-3.0848,0.001,0.0,0.0,0.0,-1.0,0.0,0.0,109.0,534.0
145431.0,0.0,-3.0864,-0.01,0.0,0.0,0.0,-1.0,0.0,0.0,109.0,536.0
145471.0,0.0,-3.0848,0.002,0.0,0.0,0.0,-1.0,0.0,0.0,109.0,521.0
145511.0,0.0,-3.0848,0.002,0.0,0.0,0.0,-1.0,0.0,0.0,109.0,534.0
145551.0,0.0,-3.0848,0.002,0.0,0.0,0.0,-1.0,0.0,0.0,109.0,521.0
145592.0,0.0,-3.0848,0.001,0.0,0.0,0.0,-1.0,0.0,0.0,109.0,521.0
145632.0,0.0,-3.0848,0.001,0.0,0.0,0.0,-1.0,0.0,0.0,109.0,534.0
145672.0,0.0,-3.0848,-0.004,0.0,0.0,0.0,-1.0,0.0,0.0,109.0,541.0
145712.0,0.0,-3.0848,0.003,0.0,0.0,0.0,-1.0,0.0,0.0,109.0,534.0
145752.0,0.0,-3.0848,-0.001,0.0,0.0,0.0,-1.0,0.0,0.0,109.0,534.0
145793.0,0.0,-3.0848,0.002,0.0,0.0,0.0,-1.0,0.0,0.0,109.0,521.0
145833.0,0.0,-3.0848,0.001,0.0,0.0,0.0,-1.0,0.0,0.0,109.0,534.0
145873.0,0.0,-3.0848,-0.002,0.0,0.0,0.0,-1.0,0.0,0.0,109.0,534.0
145913.0,0.0,-3.0848,0.0,0.0,0.0,0.0,-1.0,0.0,0.0,109.0,521.0
145953.0,0.0,-3.0848,0.001,0.0,0.0,0.0,-1.0,0.0,0.0,109.0,534.0
145993.0,0.0,-3.0848,0.001,0.0,0.0,0.0,-1.0,0.0,0.0,109.0,535.0
146034.0,0.0,-3.0848,0.001,0.0,0.0,0.0,-1.0,0.0,0.0,109.0,521.0
146074.0,0.0,-3.0848,0.001,0.0,0.0,0.0,-1.0,0.0,0.0,109.0,542.0
146114.0,0.0,-3.0848,0.001,0.0,0.0,0.0,-1.0,0.0,0.0,109.0,534.0
146154.0,0.0,-3.0848,0.0,0.0,0.0,0.0,-1.0,0.0,0.0,109.0,534.0
146195.0,0.0,-3.0848,-0.0,0.0,0.0,0.0,-1.0,0.0,0.0,109.0,535.0
146235.0,0.0,-3.0848,0.001,0.0,0.0,0.0,-1.0,0.0,0.0,109.0,534.0
146275.0,0.0,-3.0848,0.002,0.0,0.0,0.0,-1.0,0.0,0.0,109.0,534.0
146316.0,0.0,-3.0848,-0.001,0.0,0.0,0.0,-1.0,0.0,0.0,109.0,521.0
146356.0,0.0,-3.0848,0.001,0.0,0.0,0.0,-1.0,0.0,0.0,109.0,534.0
146396.0,0.0,-3.0848,0.0,0.0,0.0,0.0,-1.0,0.0,0.0,109.0,521.0
146436.0,0.0,-3.0848,-0.004,0.0,0.0,0.0,-1.0,0.0,0.0,109.0,534.0
146477.0,0.0,-3.0848,-0.0,0.0,0.0,0.0,-1.0,0.0,0.0,109.0,534.0
146517.0,0.0,-3.0848,-0.003,0.0,0.0,0.0,-1.0,0.0,0.0,109.0,541.0
146557.0,0.0,-3.0848,0.002,0.0,0.0,0.0,-1.0,0.0,0.0,109.0,535.0
146598.0,0.0,-3.0848,-0.001,0.0,0.0,0.0,-1.0,0.0,0.0,109.0,534.0
146638.0,0.0,-3.0864,-0.003,0.0,0.0,0.0,-1.0,0.0,0.0,109.0,536.0
146678.0,0.0,-3.0848,0.002,0.0,0.0,0.0,-1.0,0.0,0.0,109.0,521.0
146718.0,0.0,-3.0848,0.001,0.0,0.0,0.0,-1.0,0.0,0.0,109.0,534.0
146759.0,0.0,-3.0848,0.002,0.0,0.0,0.0,-1.0,0.0,0.0,109.0,521.0
146799.0,0.0,-3.0848,0.002,0.0,0.0,0.0,-1.0,0.0,0.0,109.0,534.0
146839.0,0.0,-3.0848,0.001,0.0,0.0,0.0,-1.0,0.0,0.0,109.0,534.0
146880.0,0.0,-3.0848,-0.003,0.0,0.0,0.0,-1.0,0.0,0.0,109.0,521.0
146920.0,0.0,-3.0848,-0.011,0.0,0.0,0.0,-1.0,0.0,0.0,109.0,536.0
146960.0,0.0,-3.0848,0.003,0.0,0.0,0.0,-1.0,0.0,0.0,109.0,534.0
147001.0,0.0,-3.0848,0.0,0.0,0.0,0.0,-1.0,0.0,0.0,109.0,534.0
147041.0,0.0,-3.0848,-0.005,0.0,0.0,0.0,-1.0,0.0,0.0,109.0,541.0
147081.0,0.0,-3.0848,0.002,0.0,0.0,0.0,-1.0,0.0,0.0,109.0,521.0
147121.0,0.0,-3.0848,-0.002,0.0,0.0,0.0,-1.0,0.0,0.0,109.0,521.0
147161.0,0.0,-3.0848,0.002,0.0,0.0,0.0,-1.0,0.0,0.0,109.0,534.0
147202.0,0.0,-3.0848,0.0,0.0,0.0,0.0,-1.0,0.0,0.0,109.0,521.0
147242.0,0.0,-3.0848,0.002,0.0,0.0,0.0,-1.0,0.0,0.0,109.0,534.0
147282.0,0.0,-3.0848,0.002,0.0,0.0,0.0,-1.0,0.0,0.0,109.0,534.0
147322.0,0.0,-3.0848,0.002,0.0,0.0,0.0,-1.0,0.0,0.0,109.0,521.0
147362.0,0.0,-3.0848,0.0,0.0,0.0,0.0,-1.0,0.0,0.0,109.0,534.0
147403.0,0.0,-3.0848,-0.004,0.0,0.0,0.0,-1.0,0.0,0.0,109.0,534.0
147443.0,0.0,-3.0848,0.002,0.0,0.0,0.0,-1.0,0.0,0.0,109.0,534.0
147483.0,0.0,-3.0848,0.0,0.0,0.0,0.0,-1.0,0.0,0.0,109.0,521.0
147523.0,0.0,-3.0848,-0.0,0.0,0.0,0.0,-1.0,0.0,0.0,109.0,534.0
147563.0,0.0,-3.0848,-0.001,0.0,0.0,0.0,-1.0,0.0,0.0,109.0,534.0
147604.0,0.0,-3.0848,-0.001,0.0,0.0,0.0,-1.0,0.0,0.0,109.0,521.0
147644.0,0.0,-3.0848,0.001,0.0,0.0,0.0,-1.0,0.0,0.0,109.0,534.0
147684.0,0.0,-3.0848,0.0,0.0,0.0,0.0,-1.0,0.0,0.0,109.0,534.0
147724.0,0.0,-3.0848,-0.007,0.0,0.0,0.0,-1.0,0.0,0.0,109.0,534.0
147765.0,0.0,-3.0848,-0.003,0.0,0.0,0.0,-1.0,0.0,0.0,109.0,534.0
147805.0,0.0,-3.0848,0.001,0.0,0.0,0.0,-1.0,0.0,0.0,109.0,534.0
147845.0,0.0,-3.0848,0.003,0.0,0.0,0.0,-1.0,0.0,0.0,109.0,534.0
147885.0,0.0,-3.0848,0.001,0.0,0.0,0.0,-1.0,0.0,0.0,109.0,521.0
147925.0,0.0,-3.0848,0.001,0.0,0.0,0.0,-1.0,0.0,0.0,109.0,521.0
147965.0,0.0,-3.0848,-0.005,0.0,0.0,0.0,-1.0,0.0,0.0,109.0,541.0
148006.0,0.0,-3.0848,0.002,0.0,0.0,0.0,-1.0,0.0,0.0,109.0,534.0
148046.0,0.0,-3.0848,0.001,0.0,0.0,0.0,-1.0,0.0,0.0,109.0,534.0
148086.0,0.0,-3.0848,-0.001,0.0,0.0,0.0,-1.0,0.0,0.0,109.0,534.0
148126.0,0.0,-3.0848,-0.003,0.0,0.0,0.0,-1.0,0.0,0.0,109.0,534.0
148166.0,0.0,-3.0848,-0.006,0.0,0.0,0.0,-1.0,0.0,0.0,109.0,534.0
148206.0,0.0,-3.0848,0.004,0.0,0.0,0.0,-1.0,0.0,0.0,109.0,521.0
148246.0,0.0,-3.0848,0.001,0.0,0.0,0.0,-1.0,0.0,0.0,109.0,521.0
148286.0,0.0,-3.0848,0.001,0.0,0.0,0.0,-1.0,0.0,0.0,109.0,521.0
148326.0,0.0,-3.0848,-0.003,0.0,0.0,0.0,-1.0,0.0,0.0,109.0,534.0
148367.0,0.0,-3.0848,0.002,0.0,0.0,0.0,-1.0,0.0,0.0,109.0,521.0
148407.0,0.0,-3.0848,0.002,0.0,0.0,0.0,-1.0,0.0,0.0,109.0,534.0
148447.0,0.0,-3.0848,0.002,0.0,0.0,0.0,-1.0,0.0,0.0,109.0,534.0
148487.0,0.0,-3.0848,-0.002,0.0,0.0,0.0,-1.0,0.0,0.0,109.0,521.0
148527.0,0.0,-3.0848,-0.002,0.0,0.0,0.0,-1.0,0.0,0.0,109.0,534.0
148568.0,0.0,-3.0848,0.001,0.0,0.0,0.0,-1.0,0.0,0.0,109.0,521.0
148608.0,0.0,-3.0848,0.002,0.0,0.0,0.0,-1.0,0.0,0.0,109.0,534.0
148648.0,0.0,-3.0848,0.001,0.0,0.0,0.0,-1.0,0.0,0.0,109.0,521.0
148688.0,0.0,-3.0848,0.001,0.0,0.0,0.0,-1.0,0.0,0.0,109.0,534.0
148728.0,0.0,-3.0848,0.001,0.0,0.0,0.0,-1.0,0.0,0.0,109.0,534.0
148769.0,0.0,-3.0848,0.001,0.0,0.0,0.0,-1.0,0.0,0.0,109.0,521.0
148809.0,0.0,-3.0848,0.001,0.0,0.0,0.0,-1.0,0.0,0.0,109.0,534.0
148849.0,0.0,-3.0848,0.0,0.0,0.0,0.0,-1.0,0.0,0.0,109.0,534.0
148889.0,0.0,-3.0848,0.002,0.0,0.0,0.0,-1.0,0.0,0.0,109.0,534.0
148930.0,0.0,-3.0848,0.001,0.0,0.0,0.0,-1.0,0.0,0.0,109.0,521.0
148970.0,0.0,-3.0848,0.0,0.0,0.0,0.0,-1.0,0.0,0.0,109.0,534.0
149010.0,0.0,-3.0848,0.002,0.0,0.0,0.0,-1.0,0.0,0.0,109.0,534.0
149051.0,0.0,-3.0848,0.001,0.0,0.0,0.0,-1.0,0.0,0.0,109.0,521.0
149091.0,0.0,-3.0848,-0.001,0.0,0.0,0.0,-1.0,0.0,0.0,109.0,534.0
149131.0,0.0,-3.0848,0.003,0.0,0.0,0.0,-1.0,0.0,0.0,109.0,534.0
149171.0,0.0,-3.0848,0.002,0.0,0.0,0.0,-1.0,0.0,0.0,109.0,521.0
149211.0,0.0,-3.0848,0.0,0.0,0.0,0.0,-1.0,0.0,0.0,109.0,521.0
149252.0,0.0,-3.0848,0.0,0.0,0.0,0.0,-1.0,0.0,0.0,109.0,521.0
149292.0,0.0,-3.0848,-0.002,0.0,0.0,0.0,-1.0,0.0,0.0,109.0,534.0
149332.0,0.0,-3.0848,0.002,0.0,0.0,0.0,-1.0,0.0,0.0,109.0,521.0
149372.0,0.0,-3.0848,0.0,0.0,0.0,0.0,-1.0,0.0,0.0,109.0,521.0
149412.0,0.0,-3.0848,0.001,0.0,0.0,0.0,-1.0,0.0,0.0,109.0,534.0
149453.0,0.0,-3.0848,0.003,0.0,0.0,0.0,-1.0,0.0,0.0,109.0,534.0
149493.0,0.0,-3.0848,0.002,0.0,0.0,0.0,-1.0,0.0,0.0,109.0,534.0
149533.0,0.0,-3.0848,0.0,0.0,0.0,0.0,-1.0,0.0,0.0,109.0,534.0
149574.0,0.0,-3.0848,-0.001,0.0,0.0,0.0,-1.0,0.0,0.0,109.0,534.0
149614.0,0.0,-3.0848,0.001,0.0,0.0,0.0,-1.0,0.0,0.0,109.0,534.0
149654.0,0.0,-3.0848,0.003,0.0,0.0,0.0,-1.0,0.0,0.0,109.0,534.0
149694.0,0.0,-3.0848,0.002,0.0,0.0,0.0,-1.0,0.0,0.0,109.0,521.0
149734.0,0.0,-3.0848,0.003,0.0,0.0,0.0,-1.0,0.0,0.0,109.0,521.0
149774.0,0.0,-3.0848,-0.003,0.0,0.0,0.0,-1.0,0.0,0.0,109.0,536.0
149815.0,0.0,-3.0848,0.002,0.0,0.0,0.0,-1.0,0.0,0.0,109.0,534.0
149855.0,0.0,-3.0848,-0.0,0.0,0.0,0.0,-1.0,0.0,0.0,109.0,534.0
149895.0,0.0,-3.0848,0.001,0.0,0.0,0.0,-1.0,0.0,0.0,109.0,534.0
149936.0,0.0,-3.0848,0.0,0.0,0.0,0.0,-1.0,0.0,0.0,109.0,534.0
149976.0,0.0,-3.0848,-0.001,0.0,0.0,0.0,-1.0,0.0,0.0,109.0,534.0
150016.0,0.0,-3.0848,-0.006,0.0,0.0,0.0,-1.0,0.0,0.0,109.0,536.0
150057.0,0.0,-3.0848,0.002,0.0,0.0,0.0,-1.0,0.0,0.0,109.0,521.0
150097.0,0.0,-3.0848,-0.004,0.0,0.0,0.0,-1.0,0.0,0.0,109.0,541.0
150137.0,0.0,-3.0848,0.002,0.0,0.0,0.0,-1.0,0.0,0.0,109.0,534.0
150177.0,0.0,-3.0848,-0.002,0.0,0.0,0.0,-1.0,0.0,0.0,109.0,534.0
150218.0,0.0,-3.0864,-0.005,0.0,0.0,0.0,-1.0,0.0,0.0,109.0,523.0
150258.0,0.0,-3.0848,0.003,0.0,0.0,0.0,-1.0,0.0,0.0,109.0,534.0
150298.0,0.0,-3.0848,-0.003,0.0,0.0,0.0,-1.0,0.0,0.0,109.0,534.0
150338.0,0.0,-3.0848,-0.001,0.0,0.0,0.0,-1.0,0.0,0.0,109.0,534.0
150379.0,0.0,-3.0848,0.002,0.0,0.0,0.0,-1.0,0.0,0.0,109.0,534.0
150419.0,0.0,-3.0848,0.001,0.0,0.0,0.0,-1.0,0.0,0.0,109.0,534.0
150459.0,0.0,-3.0848,-0.001,0.0,0.0,0.0,-1.0,0.0,0.0,109.0,535.0
150499.0,0.0,-3.0848,0.001,0.0,0.0,0.0,-1.0,0.0,0.0,109.0,534.0
150540.0,0.0,-3.0848,-0.001,0.0,0.0,0.0,-1.0,0.0,0.0,109.0,534.0
150580.0,0.0,-3.0848,-0.002,0.0,0.0,0.0,-1.0,0.0,0.0,109.0,534.0
150620.0,0.0,-3.0848,0.001,0.0,0.0,0.0,-1.0,0.0,0.0,109.0,534.0
150661.0,0.0,-3.0848,0.001,0.0,0.0,0.0,-1.0,0.0,0.0,109.0,521.0
150701.0,0.0,-3.0848,-0.005,0.0,0.0,0.0,-1.0,0.0,0.0,109.0,541.0
150741.0,0.0,-3.0848,0.001,0.0,0.0,0.0,-1.0,0.0,0.0,109.0,534.0
150781.0,0.0,-3.0848,-0.004,0.0,0.0,0.0,-1.0,0.0,0.0,109.0,521.0
150821.0,0.0,-3.0848,-0.001,0.0,0.0,0.0,-1.0,0.0,0.0,109.0,534.0
150862.0,0.0,-3.0848,0.001,0.0,0.0,0.0,-1.0,0.0,0.0,109.0,534.0
150902.0,0.0,-3.0848,-0.001,0.0,0.0,0.0,-1.0,0.0,0.0,109.0,534.0
150942.0,0.0,-3.0848,0.002,0.0,0.0,0.0,-1.0,0.0,0.0,109.0,534.0
150983.0,0.0,-3.0848,-0.001,0.0,0.0,0.0,-1.0,0.0,0.0,109.0,534.0
151023.0,0.0,-3.0848,0.001,0.0,0.0,0.0,-1.0,0.0,0.0,109.0,534.0
151063.0,0.0,-3.0848,0.002,0.0,0.0,0.0,-1.0,0.0,0.0,109.0,534.0
151103.0,0.0,-3.0848,0.001,0.0,0.0,0.0,-1.0,0.0,0.0,109.0,534.0
151143.0,0.0,-3.0848,0.001,0.0,0.0,0.0,-1.0,0.0,0.0,109.0,521.0
151184.0,0.0,-3.0848,0.0,0.0,0.0,0.0,-1.0,0.0,0.0,109.0,521.0
151224.0,0.0,-3.0864,-0.009,0.0,0.0,0.0,-1.0,0.0,0.0,109.0,536.0
151264.0,0.0,-3.0848,-0.002,0.0,0.0,0.0,-1.0,0.0,0.0,109.0,534.0
151304.0,0.0,-3.0848,-0.004,0.0,0.0,0.0,-1.0,0.0,0.0,109.0,534.0
151345.0,0.0,-3.0848,0.001,0.0,0.0,0.0,-1.0,0.0,0.0,109.0,521.0
151385.0,0.0,-3.0848,-0.004,0.0,0.0,0.0,-1.0,0.0,0.0,109.0,534.0
151425.0,0.0,-3.0848,0.003,0.0,0.0,0.0,-1.0,0.0,0.0,109.0,534.0
151465.0,0.0,-3.0848,-0.003,0.0,0.0,0.0,-1.0,0.0,0.0,109.0,534.0
151505.0,0.0,-3.0848,-0.001,0.0,0.0,0.0,-1.0,0.0,0.0,109.0,521.0
151545.0,0.0,-3.0848,0.003,0.0,0.0,0.0,-1.0,0.0,0.0,109.0,534.0
151586.0,0.0,-3.0848,0.002,0.0,0.0,0.0,-1.0,0.0,0.0,109.0,534.0
151626.0,0.0,-3.0848,-0.002,0.0,0.0,0.0,-1.0,0.0,0.0,109.0,534.0
151666.0,0.0,-3.0848,0.002,0.0,0.0,0.0,-1.0,0.0,0.0,109.0,534.0
151707.0,0.0,-3.0848,0.001,0.0,0.0,0.0,-1.0,0.0,0.0,109.0,521.0
151747.0,0.0,-3.0848,0.0,0.0,0.0,0.0,-1.0,0.0,0.0,109.0,534.0
151787.0,0.0,-3.0848,0.0,0.0,0.0,0.0,-1.0,0.0,0.0,109.0,521.0
151827.0,0.0,-3.0848,-0.0,0.0,0.0,0.0,-1.0,0.0,0.0,109.0,534.0
151867.0,0.0,-3.0848,-0.004,0.0,0.0,0.0,-1.0,0.0,0.0,109.0,521.0
151907.0,0.0,-3.0848,-0.0,0.0,0.0,0.0,-1.0,0.0,0.0,109.0,534.0
151948.0,0.0,-3.0848,0.001,0.0,0.0,0.0,-1.0,0.0,0.0,109.0,534.0
151988.0,0.0,-3.0848,0.001,0.0,0.0,0.0,-1.0,0.0,0.0,109.0,534.0
152028.0,0.0,-3.0848,0.001,0.0,0.0,0.0,-1.0,0.0,0.0,109.0,521.0
152069.0,0.0,-3.0848,0.002,0.0,0.0,0.0,-1.0,0.0,0.0,109.0,521.0
152109.0,0.0,-3.0848,-0.004,0.0,0.0,0.0,-1.0,0.0,0.0,109.0,521.0
152149.0,0.0,-3.0848,0.004,0.0,0.0,0.0,-1.0,0.0,0.0,109.0,534.0
152189.0,0.0,-3.0848,0.001,0.0,0.0,0.0,-1.0,0.0,0.0,109.0,521.0
152229.0,0.0,-3.0848,0.0,0.0,0.0,0.0,-1.0,0.0,0.0,109.0,534.0
152269.0,0.0,-3.0848,0.002,0.0,0.0,0.0,-1.0,0.0,0.0,109.0,521.0
152309.0,0.0,-3.0848,0.002,0.0,0.0,0.0,-1.0,0.0,0.0,109.0,534.0
152350.0,0.0,-3.0848,0.0,0.0,0.0,0.0,-1.0,0.0,0.0,109.0,521.0
152390.0,0.0,-3.0848,0.001,0.0,0.0,0.0,-1.0,0.0,0.0,109.0,534.0
152430.0,0.0,-3.0848,-0.001,0.0,0.0,0.0,-1.0,0.0,0.0,109.0,534.0
152470.0,0.0,-3.0848,0.002,0.0,0.0,0.0,-1.0,0.0,0.0,109.0,521.0
152511.0,0.0,-3.0848,0.001,0.0,0.0,0.0,-1.0,0.0,0.0,109.0,521.0
152551.0,0.0,-3.0848,0.001,0.0,0.0,0.0,-1.0,0.0,0.0,109.0,534.0
152591.0,0.0,-3.0848,0.0,0.0,0.0,0.0,-1.0,0.0,0.0,109.0,521.0
152631.0,0.0,-3.0848,-0.003,0.0,0.0,0.0,-1.0,0.0,0.0,109.0,521.0
152671.0,0.0,-3.0848,0.002,0.0,0.0,0.0,-1.0,0.0,0.0,109.0,534.0
152711.0,0.0,-3.0848,-0.005,0.0,0.0,0.0,-1.0,0.0,0.0,109.0,534.0
152752.0,0.0,-3.0848,0.003,0.0,0.0,0.0,-1.0,0.0,0.0,109.0,521.0
152792.0,0.0,-3.0848,-0.001,0.0,0.0,0.0,-1.0,0.0,0.0,109.0,534.0
152832.0,0.0,-3.0848,-0.0,0.0,0.0,0.0,-1.0,0.0,0.0,109.0,521.0
152872.0,0.0,-3.0848,0.002,0.0,0.0,0.0,-1.0,0.0,0.0,109.0,534.0
152913.0,0.0,-3.0848,0.002,0.0,0.0,0.0,-1.0,0.0,0.0,109.0,534.0
152953.0,0.0,-3.0848,0.001,0.0,0.0,0.0,-1.0,0.0,0.0,109.0,534.0
152993.0,0.0,-3.0848,0.002,0.0,0.0,0.0,-1.0,0.0,0.0,109.0,534.0
153033.0,0.0,-3.0848,-0.002,0.0,0.0,0.0,-1.0,0.0,0.0,109.0,534.0
153073.0,0.0,-3.0848,-0.007,0.0,0.0,0.0,-1.0,0.0,0.0,109.0,536.0
153113.0,0.0,-3.0848,-0.002,0.0,0.0,0.0,-1.0,0.0,0.0,109.0,528.0
153153.0,0.0,-3.0848,-0.003,0.0,0.0,0.0,-1.0,0.0,0.0,109.0,521.0
153194.0,0.0,-3.0848,0.002,0.0,0.0,0.0,-1.0,0.0,0.0,109.0,521.0
153234.0,0.0,-3.0848,0.001,0.0,0.0,0.0,-1.0,0.0,0.0,109.0,534.0
153274.0,0.0,-3.0848,-0.001,0.0,0.0,0.0,-1.0,0.0,0.0,109.0,534.0
153315.0,0.0,-3.0848,0.001,0.0,0.0,0.0,-1.0,0.0,0.0,109.0,534.0
153355.0,0.0,-3.0848,-0.001,0.0,0.0,0.0,-1.0,0.0,0.0,109.0,534.0
153395.0,0.0,-3.0848,0.001,0.0,0.0,0.0,-1.0,0.0,0.0,109.0,534.0
153435.0,0.0,-3.0848,-0.001,0.0,0.0,0.0,-1.0,0.0,0.0,109.0,534.0
153475.0,0.0,-3.0848,0.001,0.0,0.0,0.0,-1.0,0.0,0.0,109.0,534.0
153515.0,0.0,-3.0848,0.002,0.0,0.0,0.0,-1.0,0.0,0.0,109.0,535.0
153556.0,0.0,-3.0848,-0.002,0.0,0.0,0.0,-1.0,0.0,0.0,109.0,534.0
153596.0,0.0,-3.0848,0.001,0.0,0.0,0.0,-1.0,0.0,0.0,109.0,534.0
153636.0,0.0,-3.0848,0.001,0.0,0.0,0.0,-1.0,0.0,0.0,109.0,534.0
153676.0,0.0,-3.0848,0.001,0.0,0.0,0.0,-1.0,0.0,0.0,109.0,521.0
153716.0,0.0,-3.0848,0.001,0.0,0.0,0.0,-1.0,0.0,0.0,109.0,521.0
153756.0,0.0,-3.0848,-0.003,0.0,0.0,0.0,-1.0,0.0,0.0,109.0,521.0
153796.0,0.0,-3.0848,0.001,0.0,0.0,0.0,-1.0,0.0,0.0,109.0,534.0
153837.0,0.0,-3.0848,0.0,0.0,0.0,0.0,-1.0,0.0,0.0,109.0,534.0
153877.0,0.0,-3.0848,-0.0,0.0,0.0,0.0,-1.0,0.0,0.0,109.0,534.0
153917.0,0.0,-3.0848,0.0,0.0,0.0,0.0,-1.0,0.0,0.0,109.0,534.0
153957.0,0.0,-3.0848,-0.005,0.0,0.0,0.0,-1.0,0.0,0.0,109.0,541.0
153997.0,0.0,-3.0848,-0.002,0.0,0.0,0.0,-1.0,0.0,0.0,109.0,521.0
154037.0,0.0,-3.0848,0.0,0.0,0.0,0.0,-1.0,0.0,0.0,109.0,534.0
154077.0,0.0,-3.0848,0.002,0.0,0.0,0.0,-1.0,0.0,0.0,109.0,535.0
154118.0,0.0,-3.0848,-0.002,0.0,0.0,0.0,-1.0,0.0,0.0,109.0,534.0
154158.0,0.0,-3.0848,0.002,0.0,0.0,0.0,-1.0,0.0,0.0,109.0,534.0
154198.0,0.0,-3.0848,-0.001,0.0,0.0,0.0,-1.0,0.0,0.0,109.0,534.0
154238.0,0.0,-3.0848,0.003,0.0,0.0,0.0,-1.0,0.0,0.0,109.0,534.0
154279.0,0.0,-3.0848,0.001,0.0,0.0,0.0,-1.0,0.0,0.0,109.0,521.0
154319.0,0.0,-3.0848,0.0,0.0,0.0,0.0,-1.0,0.0,0.0,109.0,534.0
154359.0,0.0,-3.0848,0.001,0.0,0.0,0.0,-1.0,0.0,0.0,109.0,521.0
154399.0,0.0,-3.0864,-0.004,0.0,0.0,0.0,-1.0,0.0,0.0,109.0,523.0
154440.0,0.0,-3.0848,0.002,0.0,0.0,0.0,-1.0,0.0,0.0,109.0,521.0
154480.0,0.0,-3.0848,-0.002,0.0,0.0,0.0,-1.0,0.0,0.0,109.0,534.0
154520.0,0.0,-3.0848,0.003,0.0,0.0,0.0,-1.0,0.0,0.0,109.0,521.0
154560.0,0.0,-3.0848,-0.002,0.0,0.0,0.0,-1.0,0.0,0.0,109.0,521.0
154600.0,0.0,-3.0848,0.001,0.0,0.0,0.0,-1.0,0.0,0.0,109.0,521.0
154640.0,0.0,-3.0848,0.002,0.0,0.0,0.0,-1.0,0.0,0.0,109.0,534.0
154681.0,0.0,-3.0848,0.002,0.0,0.0,0.0,-1.0,0.0,0.0,109.0,521.0
154721.0,0.0,-3.0848,-0.001,0.0,0.0,0.0,-1.0,0.0,0.0,109.0,534.0
154761.0,0.0,-3.0848,0.001,0.0,0.0,0.0,-1.0,0.0,0.0,109.0,534.0
154801.0,0.0,-3.0848,0.001,0.0,0.0,0.0,-1.0,0.0,0.0,109.0,534.0
154841.0,0.0,-3.0848,-0.001,0.0,0.0,0.0,-1.0,0.0,0.0,109.0,534.0
154881.0,0.0,-3.0848,0.002,0.0,0.0,0.0,-1.0,0.0,0.0,109.0,534.0
154921.0,0.0,-3.0848,-0.004,0.0,0.0,0.0,-1.0,0.0,0.0,109.0,541.0
154962.0,0.0,-3.0848,0.003,0.0,0.0,0.0,-1.0,0.0,0.0,109.0,534.0
155002.0,0.0,-3.0848,-0.002,0.0,0.0,0.0,-1.0,0.0,0.0,109.0,534.0
155042.0,0.0,-3.0848,0.002,0.0,0.0,0.0,-1.0,0.0,0.0,109.0,521.0
155082.0,0.0,-3.0848,-0.001,0.0,0.0,0.0,-1.0,0.0,0.0,109.0,534.0
155122.0,0.0,-3.0848,0.001,0.0,0.0,0.0,-1.0,0.0,0.0,109.0,535.0
155163.0,0.0,-3.0848,0.002,0.0,0.0,0.0,-1.0,0.0,0.0,109.0,521.0
155203.0,0.0,-3.0848,0.001,0.0,0.0,0.0,-1.0,0.0,0.0,109.0,534.0
155243.0,0.0,-3.0848,0.0,0.0,0.0,0.0,-1.0,0.0,0.0,109.0,521.0
155283.0,0.0,-3.0848,0.001,0.0,0.0,0.0,-1.0,0.0,0.0,109.0,521.0
155323.0,0.0,-3.0848,-0.002,0.0,0.0,0.0,-1.0,0.0,0.0,109.0,521.0
155363.0,0.0,-3.0848,0.001,0.0,0.0,0.0,-1.0,0.0,0.0,109.0,534.0
155404.0,0.0,-3.0848,-0.003,0.0,0.0,0.0,-1.0,0.0,0.0,109.0,521.0
155444.0,0.0,-3.0848,-0.005,0.0,0.0,0.0,-1.0,0.0,0.0,109.0,542.0
155484.0,0.0,-3.0848,0.002,0.0,0.0,0.0,-1.0,0.0,0.0,109.0,534.0
155524.0,0.0,-3.0864,-0.005,0.0,0.0,0.0,-1.0,0.0,0.0,109.0,536.0
155565.0,0.0,-3.0848,0.003,0.0,0.0,0.0,-1.0,0.0,0.0,109.0,521.0
155605.0,0.0,-3.0848,-0.001,0.0,0.0,0.0,-1.0,0.0,0.0,109.0,534.0
155645.0,0.0,-3.0848,0.003,0.0,0.0,0.0,-1.0,0.0,0.0,109.0,534.0
155685.0,0.0,-3.0848,0.0,0.0,0.0,0.0,-1.0,0.0,0.0,109.0,534.0
155726.0,0.0,-3.0848,0.001,0.0,0.0,0.0,-1.0,0.0,0.0,109.0,521.0
155766.0,0.0,-3.0848,0.001,0.0,0.0,0.0,-1.0,0.0,0.0,109.0,534.0
155806.0,0.0,-3.0848,0.001,0.0,0.0,0.0,-1.0,0.0,0.0,109.0,534.0
155846.0,0.0,-3.0848,0.002,0.0,0.0,0.0,-1.0,0.0,0.0,109.0,534.0
155886.0,0.0,-3.0848,0.002,0.0,0.0,0.0,-1.0,0.0,0.0,109.0,534.0
155926.0,0.0,-3.0848,0.0,0.0,0.0,0.0,-1.0,0.0,0.0,109.0,534.0
155967.0,0.0,-3.0848,0.0,0.0,0.0,0.0,-1.0,0.0,0.0,109.0,534.0
156007.0,0.0,-3.0848,-0.003,0.0,0.0,0.0,-1.0,0.0,0.0,109.0,529.0
156047.0,0.0,-3.0848,-0.0,0.0,0.0,0.0,-1.0,0.0,0.0,109.0,534.0
156087.0,0.0,-3.0848,0.004,0.0,0.0,0.0,-1.0,0.0,0.0,109.0,521.0
156128.0,0.0,-3.0848,0.001,0.0,0.0,0.0,-1.0,0.0,0.0,109.0,521.0
156168.0,0.0,-3.0848,0.001,0.0,0.0,0.0,-1.0,0.0,0.0,109.0,521.0
156208.0,0.0,-3.0848,0.002,0.0,0.0,0.0,-1.0,0.0,0.0,109.0,534.0
156248.0,0.0,-3.0848,0.001,0.0,0.0,0.0,-1.0,0.0,0.0,109.0,534.0
156288.0,0.0,-3.0848,-0.001,0.0,0.0,0.0,-1.0,0.0,0.0,109.0,534.0
156328.0,0.0,-3.0848,0.001,0.0,0.0,0.0,-1.0,0.0,0.0,109.0,534.0
156368.0,0.0,-3.0848,0.0,0.0,0.0,0.0,-1.0,0.0,0.0,109.0,521.0
156409.0,0.0,-3.0848,-0.0,0.0,0.0,0.0,-1.0,0.0,0.0,109.0,521.0
156449.0,0.0,-3.0848,-0.0,0.0,0.0,0.0,-1.0,0.0,0.0,109.0,534.0
156489.0,0.0,-3.0848,0.001,0.0,0.0,0.0,-1.0,0.0,0.0,109.0,521.0
156529.0,0.0,-3.0848,-0.006,0.0,0.0,0.0,-1.0,0.0,0.0,109.0,523.0
156569.0,0.0,-3.0848,-0.0,0.0,0.0,0.0,-1.0,0.0,0.0,109.0,534.0
156609.0,0.0,-3.0848,0.003,0.0,0.0,0.0,-1.0,0.0,0.0,109.0,534.0
156650.0,0.0,-3.0848,0.0,0.0,0.0,0.0,-1.0,0.0,0.0,109.0,534.0
156690.0,0.0,-3.0848,0.002,0.0,0.0,0.0,-1.0,0.0,0.0,109.0,534.0
156730.0,0.0,-3.0848,-0.003,0.0,0.0,0.0,-1.0,0.0,0.0,109.0,529.0
156771.0,0.0,-3.0848,0.002,0.0,0.0,0.0,-1.0,0.0,0.0,109.0,521.0
156811.0,0.0,-3.0848,-0.0,0.0,0.0,0.0,-1.0,0.0,0.0,109.0,534.0
156851.0,0.0,-3.0848,0.002,0.0,0.0,0.0,-1.0,0.0,0.0,109.0,534.0
156891.0,0.0,-3.0848,0.004,0.0,0.0,0.0,-1.0,0.0,0.0,109.0,534.0
156931.0,0.0,-3.0848,0.003,0.0,0.0,0.0,-1.0,0.0,0.0,109.0,534.0
156971.0,0.0,-3.0848,0.002,0.0,0.0,0.0,-1.0,0.0,0.0,109.0,534.0
157012.0,0.0,-3.0848,0.001,0.0,0.0,0.0,-1.0,0.0,0.0,109.0,521.0
157052.0,0.0,-3.0848,0.004,0.0,0.0,0.0,-1.0,0.0,0.0,109.0,534.0
157092.0,0.0,-3.0848,0.003,0.0,0.0,0.0,-1.0,0.0,0.0,109.0,534.0
157132.0,0.0,-3.0848,0.001,0.0,0.0,0.0,-1.0,0.0,0.0,109.0,534.0
157172.0,0.0,-3.0848,0.002,0.0,0.0,0.0,-1.0,0.0,0.0,109.0,534.0
157212.0,0.0,-3.0848,0.001,0.0,0.0,0.0,-1.0,0.0,0.0,109.0,534.0
157252.0,0.0,-3.0848,0.002,0.0,0.0,0.0,-1.0,0.0,0.0,109.0,534.0
157293.0,0.0,-3.0848,0.002,0.0,0.0,0.0,-1.0,0.0,0.0,109.0,521.0
157333.0,0.0,-3.0848,0.002,0.0,0.0,0.0,-1.0,0.0,0.0,109.0,534.0
157373.0,0.0,-3.0848,-0.0,0.0,0.0,0.0,-1.0,0.0,0.0,109.0,521.0
157413.0,0.0,-3.0848,0.001,0.0,0.0,0.0,-1.0,0.0,0.0,109.0,521.0
157453.0,0.0,-3.0848,0.001,0.0,0.0,0.0,-1.0,0.0,0.0,109.0,521.0
157493.0,0.0,-3.0848,0.002,0.0,0.0,0.0,-1.0,0.0,0.0,109.0,534.0
157534.0,0.0,-3.0848,0.001,0.0,0.0,0.0,-1.0,0.0,0.0,109.0,521.0
157574.0,0.0,-3.0848,0.0,0.0,0.0,0.0,-1.0,0.0,0.0,109.0,521.0
157614.0,0.0,-3.0848,-0.001,0.0,0.0,0.0,-1.0,0.0,0.0,109.0,534.0
157654.0,0.0,-3.0848,0.003,0.0,0.0,0.0,-1.0,0.0,0.0,109.0,521.0
157694.0,0.0,-3.0848,0.001,0.0,0.0,0.0,-1.0,0.0,0.0,109.0,534.0
157734.0,0.0,-3.0848,0.002,0.0,0.0,0.0,-1.0,0.0,0.0,109.0,534.0
157775.0,0.0,-3.0848,0.002,0.0,0.0,0.0,-1.0,0.0,0.0,109.0,521.0
157815.0,0.0,-3.0864,-0.01,0.0,0.0,0.0,-1.0,0.0,0.0,109.0,536.0
157855.0,0.0,-3.0848,0.004,0.0,0.0,0.0,-1.0,0.0,0.0,109.0,521.0
157895.0,0.0,-3.0848,-0.003,0.0,0.0,0.0,-1.0,0.0,0.0,109.0,534.0
157935.0,0.0,-3.0848,0.003,0.0,0.0,0.0,-1.0,0.0,0.0,109.0,521.0
157975.0,0.0,-3.0848,-0.001,0.0,0.0,0.0,-1.0,0.0,0.0,109.0,534.0
158016.0,0.0,-3.0848,0.002,0.0,0.0,0.0,-1.0,0.0,0.0,109.0,521.0
158056.0,0.0,-3.0848,-0.0,0.0,0.0,0.0,-1.0,0.0,0.0,109.0,534.0
158096.0,0.0,-3.0848,0.003,0.0,0.0,0.0,-1.0,0.0,0.0,109.0,534.0
158136.0,0.0,-3.0848,-0.0,0.0,0.0,0.0,-1.0,0.0,0.0,109.0,534.0
158177.0,0.0,-3.0848,0.001,0.0,0.0,0.0,-1.0,0.0,0.0,109.0,534.0
158217.0,0.0,-3.0848,-0.002,0.0,0.0,0.0,-1.0,0.0,0.0,109.0,534.0
158257.0,0.0,-3.0848,0.002,0.0,0.0,0.0,-1.0,0.0,0.0,109.0,521.0
158298.0,0.0,-3.0848,-0.0,0.0,0.0,0.0,-1.0,0.0,0.0,109.0,521.0
158338.0,0.0,-3.0848,-0.002,0.0,0.0,0.0,-1.0,0.0,0.0,109.0,534.0
158378.0,0.0,-3.0848,0.001,0.0,0.0,0.0,-1.0,0.0,0.0,109.0,521.0
158418.0,0.0,-3.0848,0.0,0.0,0.0,0.0,-1.0,0.0,0.0,109.0,534.0
158458.0,0.0,-3.0848,-0.0,0.0,0.0,0.0,-1.0,0.0,0.0,109.0,534.0
158498.0,0.0,-3.0848,-0.004,0.0,0.0,0.0,-1.0,0.0,0.0,109.0,541.0
158539.0,0.0,-3.0864,-0.003,0.0,0.0,0.0,-1.0,0.0,0.0,109.0,536.0
158579.0,0.0,-3.0848,0.001,0.0,0.0,0.0,-1.0,0.0,0.0,109.0,521.0
158619.0,0.0,-3.0848,0.001,0.0,0.0,0.0,-1.0,0.0,0.0,109.0,521.0
158660.0,0.0,-3.0848,0.003,0.0,0.0,0.0,-1.0,0.0,0.0,109.0,521.0
158700.0,0.0,-3.0848,-0.004,0.0,0.0,0.0,-1.0,0.0,0.0,109.0,528.0
158740.0,0.0,-3.0848,0.002,0.0,0.0,0.0,-1.0,0.0,0.0,109.0,534.0
158780.0,0.0,-3.0848,0.002,0.0,0.0,0.0,-1.0,0.0,0.0,109.0,535.0
158820.0,0.0,-3.0848,-0.0,0.0,0.0,0.0,-1.0,0.0,0.0,109.0,534.0
158860.0,0.0,-3.0848,-0.001,0.0,0.0,0.0,-1.0,0.0,0.0,109.0,534.0
158900.0,0.0,-3.0848,0.003,0.0,0.0,0.0,-1.0,0.0,0.0,109.0,534.0
158941.0,0.0,-3.0848,0.003,0.0,0.0,0.0,-1.0,0.0,0.0,109.0,534.0
158981.0,0.0,-3.0848,0.001,0.0,0.0,0.0,-1.0,0.0,0.0,109.0,534.0
159021.0,0.0,-3.0848,0.003,0.0,0.0,0.0,-1.0,0.0,0.0,109.0,534.0
159062.0,0.0,-3.0848,0.001,0.0,0.0,0.0,-1.0,0.0,0.0,109.0,534.0
159102.0,0.0,-3.0848,0.003,0.0,0.0,0.0,-1.0,0.0,0.0,109.0,534.0
159142.0,0.0,-3.0848,-0.004,0.0,0.0,0.0,-1.0,0.0,0.0,109.0,541.0
159182.0,0.0,-3.0848,-0.002,0.0,0.0,0.0,-1.0,0.0,0.0,109.0,534.0
159223.0,0.0,-3.0848,-0.002,0.0,0.0,0.0,-1.0,0.0,0.0,109.0,521.0
159263.0,0.0,-3.0848,0.001,0.0,0.0,0.0,-1.0,0.0,0.0,109.0,534.0
159303.0,0.0,-3.0848,0.001,0.0,0.0,0.0,-1.0,0.0,0.0,109.0,534.0
159344.0,0.0,-3.0848,0.002,0.0,0.0,0.0,-1.0,0.0,0.0,109.0,534.0
159384.0,0.0,-3.0848,0.001,0.0,0.0,0.0,-1.0,0.0,0.0,109.0,534.0
159424.0,0.0,-3.0848,-0.005,0.0,0.0,0.0,-1.0,0.0,0.0,109.0,541.0
159464.0,0.0,-3.0848,0.001,0.0,0.0,0.0,-1.0,0.0,0.0,109.0,542.0
159504.0,0.0,-3.0848,-0.002,0.0,0.0,0.0,-1.0,0.0,0.0,109.0,521.0
159544.0,0.0,-3.0848,0.001,0.0,0.0,0.0,-1.0,0.0,0.0,109.0,534.0
159585.0,0.0,-3.0848,0.002,0.0,0.0,0.0,-1.0,0.0,0.0,109.0,521.0
159625.0,0.0,-3.0848,0.001,0.0,0.0,0.0,-1.0,0.0,0.0,109.0,534.0
159665.0,0.0,-3.0848,0.001,0.0,0.0,0.0,-1.0,0.0,0.0,109.0,534.0
159706.0,0.0,-3.0848,0.001,0.0,0.0,0.0,-1.0,0.0,0.0,109.0,521.0
159746.0,0.0,-3.0848,-0.002,0.0,0.0,0.0,-1.0,0.0,0.0,109.0,534.0
159786.0,0.0,-3.0848,0.003,0.0,0.0,0.0,-1.0,0.0,0.0,109.0,534.0
159826.0,0.0,-3.0848,0.004,0.0,0.0,0.0,-1.0,0.0,0.0,109.0,534.0
159867.0,0.0,-3.0848,0.002,0.0,0.0,0.0,-1.0,0.0,0.0,109.0,534.0
159907.0,0.0,-3.0848,0.001,0.0,0.0,0.0,-1.0,0.0,0.0,109.0,534.0
159947.0,0.0,-3.0848,-0.004,0.0,0.0,0.0,-1.0,0.0,0.0,109.0,534.0
159988.0,0.0,-3.0848,0.002,0.0,0.0,0.0,-1.0,0.0,0.0,109.0,521.0
160028.0,0.0,-3.0864,-0.01,0.0,0.0,0.0,-1.0,0.0,0.0,109.0,536.0
160068.0,0.0,-3.0848,-0.002,0.0,0.0,0.0,-1.0,0.0,0.0,109.0,541.0
160108.0,0.0,-3.0848,-0.0,0.0,0.0,0.0,-1.0,0.0,0.0,109.0,521.0
160148.0,0.0,-3.0848,0.003,0.0,0.0,0.0,-1.0,0.0,0.0,109.0,534.0
160189.0,0.0,-3.0848,0.001,0.0,0.0,0.0,-1.0,0.0,0.0,109.0,521.0
160229.0,0.0,-3.0848,0.001,0.0,0.0,0.0,-1.0,0.0,0.0,109.0,534.0
160269.0,0.0,-3.0848,-0.001,0.0,0.0,0.0,-1.0,0.0,0.0,109.0,521.0
160309.0,0.0,-3.0848,0.001,0.0,0.0,0.0,-1.0,0.0,0.0,109.0,521.0
160349.0,0.0,-3.0848,-0.004,0.0,0.0,0.0,-1.0,0.0,0.0,109.0,534.0
160390.0,0.0,-3.0848,0.003,0.0,0.0,0.0,-1.0,0.0,0.0,109.0,534.0
160430.0,0.0,-3.0848,0.001,0.0,0.0,0.0,-1.0,0.0,0.0,109.0,534.0
160470.0,0.0,-3.0848,-0.003,0.0,0.0,0.0,-1.0,0.0,0.0,109.0,521.0
160510.0,0.0,-3.0848,0.001,0.0,0.0,0.0,-1.0,0.0,0.0,109.0,534.0
160551.0,0.0,-3.0848,0.0,0.0,0.0,0.0,-1.0,0.0,0.0,109.0,534.0
160591.0,0.0,-3.0848,-0.001,0.0,0.0,0.0,-1.0,0.0,0.0,109.0,534.0
160631.0,0.0,-3.0848,0.003,0.0,0.0,0.0,-1.0,0.0,0.0,109.0,534.0
160671.0,0.0,-3.0848,0.002,0.0,0.0,0.0,-1.0,0.0,0.0,109.0,534.0
160712.0,0.0,-3.0848,0.001,0.0,0.0,0.0,-1.0,0.0,0.0,109.0,521.0
160752.0,0.0,-3.0848,0.001,0.0,0.0,0.0,-1.0,0.0,0.0,109.0,534.0
160792.0,0.0,-3.0848,0.002,0.0,0.0,0.0,-1.0,0.0,0.0,109.0,534.0
160832.0,0.0,-3.0848,0.001,0.0,0.0,0.0,-1.0,0.0,0.0,109.0,521.0
160873.0,0.0,-3.0848,-0.001,0.0,0.0,0.0,-1.0,0.0,0.0,109.0,521.0
160913.0,0.0,-3.0848,-0.002,0.0,0.0,0.0,-1.0,0.0,0.0,109.0,535.0
160953.0,0.0,-3.0848,0.002,0.0,0.0,0.0,-1.0,0.0,0.0,109.0,534.0
160993.0,0.0,-3.0848,-0.002,0.0,0.0,0.0,-1.0,0.0,0.0,109.0,534.0
161033.0,0.0,-3.0848,0.001,0.0,0.0,0.0,-1.0,0.0,0.0,109.0,534.0
161074.0,0.0,-3.0848,0.0,0.0,0.0,0.0,-1.0,0.0,0.0,109.0,521.0
161114.0,0.0,-3.0848,-0.0,0.0,0.0,0.0,-1.0,0.0,0.0,109.0,534.0
161154.0,0.0,-3.0848,-0.0,0.0,0.0,0.0,-1.0,0.0,0.0,109.0,521.0
161194.0,0.0,-3.0848,0.001,0.0,0.0,0.0,-1.0,0.0,0.0,109.0,534.0
161234.0,0.0,-3.0848,-0.001,0.0,0.0,0.0,-1.0,0.0,0.0,109.0,534.0
161275.0,0.0,-3.0848,0.002,0.0,0.0,0.0,-1.0,0.0,0.0,109.0,521.0
161315.0,0.0,-3.0848,0.0,0.0,0.0,0.0,-1.0,0.0,0.0,109.0,534.0
161355.0,0.0,-3.0848,0.001,0.0,0.0,0.0,-1.0,0.0,0.0,109.0,534.0
161395.0,0.0,-3.0848,-0.002,0.0,0.0,0.0,-1.0,0.0,0.0,109.0,534.0
161435.0,0.0,-3.0848,0.003,0.0,0.0,0.0,-1.0,0.0,0.0,109.0,534.0
161475.0,0.0,-3.0848,-0.001,0.0,0.0,0.0,-1.0,0.0,0.0,109.0,521.0
161515.0,0.0,-3.0848,0.001,0.0,0.0,0.0,-1.0,0.0,0.0,109.0,534.0
161555.0,0.0,-3.0848,0.001,0.0,0.0,0.0,-1.0,0.0,0.0,109.0,521.0
161596.0,0.0,-3.0848,0.001,0.0,0.0,0.0,-1.0,0.0,0.0,109.0,521.0
161636.0,0.0,-3.0848,0.001,0.0,0.0,0.0,-1.0,0.0,0.0,109.0,534.0
161676.0,0.0,-3.0848,-0.004,0.0,0.0,0.0,-1.0,0.0,0.0,109.0,534.0
161716.0,0.0,-3.0848,0.002,0.0,0.0,0.0,-1.0,0.0,0.0,109.0,534.0
161756.0,0.0,-3.0848,0.001,0.0,0.0,0.0,-1.0,0.0,0.0,109.0,534.0
161796.0,0.0,-3.0848,-0.003,0.0,0.0,0.0,-1.0,0.0,0.0,109.0,535.0
161836.0,0.0,-3.0848,0.002,0.0,0.0,0.0,-1.0,0.0,0.0,109.0,521.0
161877.0,0.0,-3.0848,0.0,0.0,0.0,0.0,-1.0,0.0,0.0,109.0,521.0
161917.0,0.0,-3.0848,-0.004,0.0,0.0,0.0,-1.0,0.0,0.0,109.0,528.0
161957.0,0.0,-3.0848,-0.006,0.0,0.0,0.0,-1.0,0.0,0.0,109.0,534.0
161997.0,0.0,-3.0848,-0.002,0.0,0.0,0.0,-1.0,0.0,0.0,109.0,521.0
162037.0,0.0,-3.0848,-0.005,0.0,0.0,0.0,-1.0,0.0,0.0,109.0,534.0
162078.0,0.0,-3.0848,0.002,0.0,0.0,0.0,-1.0,0.0,0.0,109.0,534.0
162118.0,0.0,-3.0848,0.0,0.0,0.0,0.0,-1.0,0.0,0.0,109.0,521.0
162158.0,0.0,-3.0848,0.003,0.0,0.0,0.0,-1.0,0.0,0.0,109.0,534.0
162198.0,0.0,-3.0848,-0.0,0.0,0.0,0.0,-1.0,0.0,0.0,109.0,534.0
162239.0,0.0,-3.0848,0.001,0.0,0.0,0.0,-1.0,0.0,0.0,109.0,521.0
162279.0,0.0,-3.0848,0.0,0.0,0.0,0.0,-1.0,0.0,0.0,109.0,534.0
162319.0,0.0,-3.0848,0.001,0.0,0.0,0.0,-1.0,0.0,0.0,109.0,521.0
162359.0,0.0,-3.0848,0.001,0.0,0.0,0.0,-1.0,0.0,0.0,109.0,534.0
162399.0,0.0,-3.0848,-0.003,0.0,0.0,0.0,-1.0,0.0,0.0,109.0,534.0
162440.0,0.0,-3.0848,0.002,0.0,0.0,0.0,-1.0,0.0,0.0,109.0,534.0
162480.0,0.0,-3.0848,0.002,0.0,0.0,0.0,-1.0,0.0,0.0,109.0,534.0
162520.0,0.0,-3.0848,0.0,0.0,0.0,0.0,-1.0,0.0,0.0,109.0,534.0
162561.0,0.0,-3.0848,-0.002,0.0,0.0,0.0,-1.0,0.0,0.0,109.0,534.0
162601.0,0.0,-3.0848,0.001,0.0,0.0,0.0,-1.0,0.0,0.0,109.0,534.0
162641.0,0.0,-3.0848,-0.003,0.0,0.0,0.0,-1.0,0.0,0.0,109.0,534.0
162682.0,0.0,-3.0848,-0.003,0.0,0.0,0.0,-1.0,0.0,0.0,109.0,534.0
162722.0,0.0,-3.0848,0.003,0.0,0.0,0.0,-1.0,0.0,0.0,109.0,534.0
162762.0,0.0,-3.0848,0.002,0.0,0.0,0.0,-1.0,0.0,0.0,109.0,534.0
162803.0,0.0,-3.0848,0.0,0.0,0.0,0.0,-1.0,0.0,0.0,109.0,521.0
162843.0,0.0,-3.0848,-0.004,0.0,0.0,0.0,-1.0,0.0,0.0,109.0,534.0
162883.0,0.0,-3.0848,0.003,0.0,0.0,0.0,-1.0,0.0,0.0,109.0,534.0
162923.0,0.0,-3.0848,0.001,0.0,0.0,0.0,-1.0,0.0,0.0,109.0,534.0
162964.0,0.0,-3.0848,-0.002,0.0,0.0,0.0,-1.0,0.0,0.0,109.0,534.0
163004.0,0.0,-3.0848,0.002,0.0,0.0,0.0,-1.0,0.0,0.0,109.0,521.0
163044.0,0.0,-3.0848,0.002,0.0,0.0,0.0,-1.0,0.0,0.0,109.0,534.0
163084.0,0.0,-3.0848,-0.008,0.0,0.0,0.0,-1.0,0.0,0.0,109.0,537.0
163125.0,0.0,-3.0848,0.001,0.0,0.0,0.0,-1.0,0.0,0.0,109.0,521.0
163165.0,0.0,-3.0848,0.001,0.0,0.0,0.0,-1.0,0.0,0.0,109.0,534.0
163205.0,0.0,-3.0848,0.0,0.0,0.0,0.0,-1.0,0.0,0.0,109.0,534.0
163246.0,0.0,-3.0848,-0.001,0.0,0.0,0.0,-1.0,0.0,0.0,109.0,534.0
163286.0,0.0,-3.0848,0.001,0.0,0.0,0.0,-1.0,0.0,0.0,109.0,534.0
163326.0,0.0,-3.0848,0.002,0.0,0.0,0.0,-1.0,0.0,0.0,109.0,534.0
163367.0,0.0,-3.0848,0.002,0.0,0.0,0.0,-1.0,0.0,0.0,109.0,521.0
163407.0,0.0,-3.0848,-0.0,0.0,0.0,0.0,-1.0,0.0,0.0,109.0,534.0
163447.0,0.0,-3.0848,0.001,0.0,0.0,0.0,-1.0,0.0,0.0,109.0,521.0
163488.0,0.0,-3.0848,0.0,0.0,0.0,0.0,-1.0,0.0,0.0,109.0,521.0
163528.0,0.0,-3.0848,-0.004,0.0,0.0,0.0,-1.0,0.0,0.0,109.0,521.0
163568.0,0.0,-3.0848,0.001,0.0,0.0,0.0,-1.0,0.0,0.0,109.0,534.0
163608.0,0.0,-3.0848,0.001,0.0,0.0,0.0,-1.0,0.0,0.0,109.0,534.0
163648.0,0.0,-3.0848,-0.003,0.0,0.0,0.0,-1.0,0.0,0.0,109.0,534.0
163689.0,0.0,-3.0848,0.0,0.0,0.0,0.0,-1.0,0.0,0.0,109.0,534.0
163729.0,0.0,-3.0848,-0.004,0.0,0.0,0.0,-1.0,0.0,0.0,109.0,541.0
163769.0,0.0,-3.0848,0.002,0.0,0.0,0.0,-1.0,0.0,0.0,109.0,534.0
163809.0,0.0,-3.0848,-0.0,0.0,0.0,0.0,-1.0,0.0,0.0,109.0,521.0
163850.0,0.0,-3.0848,0.0,0.0,0.0,0.0,-1.0,0.0,0.0,109.0,521.0
163890.0,0.0,-3.0864,-0.005,0.0,0.0,0.0,-1.0,0.0,0.0,109.0,536.0
163930.0,0.0,-3.0848,0.003,0.0,0.0,0.0,-1.0,0.0,0.0,109.0,521.0
163971.0,0.0,-3.0848,0.001,0.0,0.0,0.0,-1.0,0.0,0.0,109.0,521.0
164011.0,0.0,-3.0848,-0.003,0.0,0.0,0.0,-1.0,0.0,0.0,109.0,528.0
164051.0,0.0,-3.0848,0.002,0.0,0.0,0.0,-1.0,0.0,0.0,109.0,521.0
164091.0,0.0,-3.0848,0.0,0.0,0.0,0.0,-1.0,0.0,0.0,109.0,521.0
164131.0,0.0,-3.0848,0.001,0.0,0.0,0.0,-1.0,0.0,0.0,109.0,521.0
164171.0,0.0,-3.0848,0.001,0.0,0.0,0.0,-1.0,0.0,0.0,109.0,534.0
164212.0,0.0,-3.0848,0.003,0.0,0.0,0.0,-1.0,0.0,0.0,109.0,521.0
164252.0,0.0,-3.0848,-0.0,0.0,0.0,0.0,-1.0,0.0,0.0,109.0,534.0
164292.0,0.0,-3.0848,0.001,0.0,0.0,0.0,-1.0,0.0,0.0,109.0,521.0
164332.0,0.0,-3.0848,0.0,0.0,0.0,0.0,-1.0,0.0,0.0,109.0,521.0
164372.0,0.0,-3.0848,-0.001,0.0,0.0,0.0,-1.0,0.0,0.0,109.0,521.0
164413.0,0.0,-3.0848,-0.0,0.0,0.0,0.0,-1.0,0.0,0.0,109.0,521.0
164453.0,0.0,-3.0864,-0.005,0.0,0.0,0.0,-1.0,0.0,0.0,109.0,536.0
164493.0,0.0,-3.0848,0.002,0.0,0.0,0.0,-1.0,0.0,0.0,109.0,534.0
164533.0,0.0,-3.0848,-0.001,0.0,0.0,0.0,-1.0,0.0,0.0,109.0,534.0
164574.0,0.0,-3.0848,0.002,0.0,0.0,0.0,-1.0,0.0,0.0,109.0,521.0
164614.0,0.0,-3.0864,-0.005,0.0,0.0,0.0,-1.0,0.0,0.0,109.0,536.0
164654.0,0.0,-3.0848,-0.0,0.0,0.0,0.0,-1.0,0.0,0.0,109.0,534.0
164694.0,0.0,-3.0864,-0.005,0.0,0.0,0.0,-1.0,0.0,0.0,109.0,536.0
164734.0,0.0,-3.0848,-0.004,0.0,0.0,0.0,-1.0,0.0,0.0,109.0,534.0
164774.0,0.0,-3.0848,0.002,0.0,0.0,0.0,-1.0,0.0,0.0,109.0,534.0
164815.0,0.0,-3.0848,-0.001,0.0,0.0,0.0,-1.0,0.0,0.0,109.0,534.0
164855.0,0.0,-3.0848,-0.005,0.0,0.0,0.0,-1.0,0.0,0.0,109.0,534.0
164895.0,0.0,-3.0848,0.003,0.0,0.0,0.0,-1.0,0.0,0.0,109.0,521.0
164935.0,0.0,-3.0848,0.001,0.0,0.0,0.0,-1.0,0.0,0.0,109.0,534.0
164976.0,0.0,-3.0848,0.002,0.0,0.0,0.0,-1.0,0.0,0.0,109.0,521.0
165016.0,0.0,-3.0848,0.001,0.0,0.0,0.0,-1.0,0.0,0.0,109.0,534.0
165056.0,0.0,-3.0848,-0.004,0.0,0.0,0.0,-1.0,0.0,0.0,109.0,541.0
165096.0,0.0,-3.0848,0.001,0.0,0.0,0.0,-1.0,0.0,0.0,109.0,534.0
165136.0,0.0,-3.0848,0.003,0.0,0.0,0.0,-1.0,0.0,0.0,109.0,534.0
165177.0,0.0,-3.0848,0.002,0.0,0.0,0.0,-1.0,0.0,0.0,109.0,521.0
165217.0,0.0,-3.0848,-0.002,0.0,0.0,0.0,-1.0,0.0,0.0,109.0,534.0
165257.0,0.0,-3.0848,-0.002,0.0,0.0,0.0,-1.0,0.0,0.0,109.0,534.0
165297.0,0.0,-3.0848,0.001,0.0,0.0,0.0,-1.0,0.0,0.0,109.0,534.0
165338.0,0.0,-3.0848,0.0,0.0,0.0,0.0,-1.0,0.0,0.0,109.0,534.0
165378.0,0.0,-3.0864,-0.008,0.0,0.0,0.0,-1.0,0.0,0.0,109.0,523.0
165418.0,0.0,-3.0848,0.003,0.0,0.0,0.0,-1.0,0.0,0.0,109.0,521.0
165459.0,0.0,-3.0848,0.003,0.0,0.0,0.0,-1.0,0.0,0.0,109.0,521.0
165499.0,0.0,-3.0848,0.001,0.0,0.0,0.0,-1.0,0.0,0.0,109.0,534.0
165539.0,0.0,-3.0848,0.0,0.0,0.0,0.0,-1.0,0.0,0.0,109.0,521.0
165579.0,0.0,-3.0848,-0.004,0.0,0.0,0.0,-1.0,0.0,0.0,109.0,534.0
165619.0,0.0,-3.0848,-0.006,0.0,0.0,0.0,-1.0,0.0,0.0,109.0,523.0
165659.0,0.0,-3.0848,-0.004,0.0,0.0,0.0,-1.0,0.0,0.0,109.0,523.0
165700.0,0.0,-3.0848,0.003,0.0,0.0,0.0,-1.0,0.0,0.0,109.0,521.0
165740.0,0.0,-3.0848,-0.003,0.0,0.0,0.0,-1.0,0.0,0.0,109.0,528.0
165780.0,0.0,-3.0848,-0.002,0.0,0.0,0.0,-1.0,0.0,0.0,109.0,521.0
165820.0,0.0,-3.0864,-0.004,0.0,0.0,0.0,-1.0,0.0,0.0,109.0,523.0
165861.0,0.0,-3.0848,0.002,0.0,0.0,0.0,-1.0,0.0,0.0,109.0,521.0
165901.0,0.0,-3.0848,0.001,0.0,0.0,0.0,-1.0,0.0,0.0,109.0,534.0
165941.0,0.0,-3.0848,-0.004,0.0,0.0,0.0,-1.0,0.0,0.0,109.0,541.0
165981.0,0.0,-3.0864,-0.003,0.0,0.0,0.0,-1.0,0.0,0.0,109.0,536.0
166021.0,0.0,-3.0848,0.001,0.0,0.0,0.0,-1.0,0.0,0.0,109.0,521.0
166061.0,0.0,-3.0848,0.001,0.0,0.0,0.0,-1.0,0.0,0.0,109.0,521.0
166101.0,0.0,-3.0848,-0.003,0.0,0.0,0.0,-1.0,0.0,0.0,109.0,534.0
166142.0,0.0,-3.0848,0.001,0.0,0.0,0.0,-1.0,0.0,0.0,109.0,521.0
166182.0,0.0,-3.0848,-0.001,0.0,0.0,0.0,-1.0,0.0,0.0,109.0,534.0
166222.0,0.0,-3.0848,0.001,0.0,0.0,0.0,-1.0,0.0,0.0,109.0,521.0
166262.0,0.0,-3.0848,0.001,0.0,0.0,0.0,-1.0,0.0,0.0,109.0,521.0
166302.0,0.0,-3.0848,-0.004,0.0,0.0,0.0,-1.0,0.0,0.0,109.0,534.0
166343.0,0.0,-3.0848,0.001,0.0,0.0,0.0,-1.0,0.0,0.0,109.0,521.0
166383.0,0.0,-3.0848,0.003,0.0,0.0,0.0,-1.0,0.0,0.0,109.0,534.0
166423.0,0.0,-3.0848,0.0,0.0,0.0,0.0,-1.0,0.0,0.0,109.0,534.0
166464.0,0.0,-3.0848,0.0,0.0,0.0,0.0,-1.0,0.0,0.0,109.0,522.0
166504.0,0.0,-3.0848,-0.008,0.0,0.0,0.0,-1.0,0.0,0.0,109.0,521.0
166544.0,0.0,-3.0848,-0.001,0.0,0.0,0.0,-1.0,0.0,0.0,109.0,534.0
166584.0,0.0,-3.0848,-0.001,0.0,0.0,0.0,-1.0,0.0,0.0,109.0,534.0
166624.0,0.0,-3.0848,0.001,0.0,0.0,0.0,-1.0,0.0,0.0,109.0,534.0
166664.0,0.0,-3.0848,0.002,0.0,0.0,0.0,-1.0,0.0,0.0,109.0,534.0
166705.0,0.0,-3.0848,-0.001,0.0,0.0,0.0,-1.0,0.0,0.0,109.0,534.0
166745.0,0.0,-3.0848,-0.002,0.0,0.0,0.0,-1.0,0.0,0.0,109.0,534.0
166785.0,0.0,-3.0848,0.001,0.0,0.0,0.0,-1.0,0.0,0.0,109.0,534.0
166826.0,0.0,-3.0848,-0.002,0.0,0.0,0.0,-1.0,0.0,0.0,109.0,521.0
166866.0,0.0,-3.0848,0.001,0.0,0.0,0.0,-1.0,0.0,0.0,109.0,534.0
166906.0,0.0,-3.0848,-0.0,0.0,0.0,0.0,-1.0,0.0,0.0,109.0,521.0
166946.0,0.0,-3.0848,0.002,0.0,0.0,0.0,-1.0,0.0,0.0,109.0,534.0
166986.0,0.0,-3.0848,0.001,0.0,0.0,0.0,-1.0,0.0,0.0,109.0,534.0
167027.0,0.0,-3.0848,-0.0,0.0,0.0,0.0,-1.0,0.0,0.0,109.0,534.0
167067.0,0.0,-3.0848,-0.004,0.0,0.0,0.0,-1.0,0.0,0.0,109.0,534.0
167107.0,0.0,-3.0848,0.003,0.0,0.0,0.0,-1.0,0.0,0.0,109.0,534.0
167148.0,0.0,-3.0848,0.002,0.0,0.0,0.0,-1.0,0.0,0.0,109.0,521.0
167188.0,0.0,-3.0848,-0.0,0.0,0.0,0.0,-1.0,0.0,0.0,109.0,534.0
167228.0,0.0,-3.0848,0.002,0.0,0.0,0.0,-1.0,0.0,0.0,109.0,534.0
167268.0,0.0,-3.0848,0.001,0.0,0.0,0.0,-1.0,0.0,0.0,109.0,542.0
167308.0,0.0,-3.0848,0.001,0.0,0.0,0.0,-1.0,0.0,0.0,109.0,521.0
167349.0,0.0,-3.0848,0.002,0.0,0.0,0.0,-1.0,0.0,0.0,109.0,521.0
167389.0,0.0,-3.0864,-0.004,0.0,0.0,0.0,-1.0,0.0,0.0,109.0,536.0
167429.0,0.0,-3.0848,0.003,0.0,0.0,0.0,-1.0,0.0,0.0,109.0,521.0
167469.0,0.0,-3.0848,0.0,0.0,0.0,0.0,-1.0,0.0,0.0,109.0,534.0
167509.0,0.0,-3.0848,0.001,0.0,0.0,0.0,-1.0,0.0,0.0,109.0,534.0
167550.0,0.0,-3.0848,0.001,0.0,0.0,0.0,-1.0,0.0,0.0,109.0,522.0
167590.0,0.0,-3.0848,-0.001,0.0,0.0,0.0,-1.0,0.0,0.0,109.0,534.0
167630.0,0.0,-3.0848,0.002,0.0,0.0,0.0,-1.0,0.0,0.0,109.0,521.0
167671.0,0.0,-3.0848,0.003,0.0,0.0,0.0,-1.0,0.0,0.0,109.0,521.0
167711.0,0.0,-3.0848,-0.001,0.0,0.0,0.0,-1.0,0.0,0.0,109.0,534.0
167751.0,0.0,-3.0848,0.002,0.0,0.0,0.0,-1.0,0.0,0.0,109.0,534.0
167791.0,0.0,-3.0848,-0.003,0.0,0.0,0.0,-1.0,0.0,0.0,109.0,528.0
167831.0,0.0,-3.0848,0.001,0.0,0.0,0.0,-1.0,0.0,0.0,109.0,521.0
167871.0,0.0,-3.0848,0.0,0.0,0.0,0.0,-1.0,0.0,0.0,109.0,521.0
167911.0,0.0,-3.0848,-0.004,0.0,0.0,0.0,-1.0,0.0,0.0,109.0,528.0
167952.0,0.0,-3.0848,-0.004,0.0,0.0,0.0,-1.0,0.0,0.0,109.0,521.0
167992.0,0.0,-3.0848,0.004,0.0,0.0,0.0,-1.0,0.0,0.0,109.0,521.0
168032.0,0.0,-3.0848,0.003,0.0,0.0,0.0,-1.0,0.0,0.0,109.0,534.0
168072.0,0.0,-3.0848,0.001,0.0,0.0,0.0,-1.0,0.0,0.0,109.0,534.0
168112.0,0.0,-3.0848,-0.003,0.0,0.0,0.0,-1.0,0.0,0.0,109.0,534.0
168153.0,0.0,-3.0848,0.0,0.0,0.0,0.0,-1.0,0.0,0.0,109.0,534.0
168193.0,0.0,-3.0848,0.001,0.0,0.0,0.0,-1.0,0.0,0.0,109.0,534.0
168233.0,0.0,-3.0848,-0.0,0.0,0.0,0.0,-1.0,0.0,0.0,109.0,534.0
168274.0,0.0,-3.0848,0.001,0.0,0.0,0.0,-1.0,0.0,0.0,109.0,534.0
168314.0,0.0,-3.0848,0.001,0.0,0.0,0.0,-1.0,0.0,0.0,109.0,521.0
168354.0,0.0,-3.0848,-0.001,0.0,0.0,0.0,-1.0,0.0,0.0,109.0,534.0
168394.0,0.0,-3.0848,0.002,0.0,0.0,0.0,-1.0,0.0,0.0,109.0,521.0
168434.0,0.0,-3.0848,0.001,0.0,0.0,0.0,-1.0,0.0,0.0,109.0,534.0
168474.0,0.0,-3.0848,-0.004,0.0,0.0,0.0,-1.0,0.0,0.0,109.0,534.0
168514.0,0.0,-3.0848,-0.002,0.0,0.0,0.0,-1.0,0.0,0.0,109.0,541.0
168554.0,0.0,-3.0848,-0.003,0.0,0.0,0.0,-1.0,0.0,0.0,109.0,541.0
168595.0,0.0,-3.0848,0.001,0.0,0.0,0.0,-1.0,0.0,0.0,109.0,534.0
168635.0,0.0,-3.0848,-0.001,0.0,0.0,0.0,-1.0,0.0,0.0,109.0,534.0
168675.0,0.0,-3.0848,0.001,0.0,0.0,0.0,-1.0,0.0,0.0,109.0,534.0
168716.0,0.0,-3.0848,0.0,0.0,0.0,0.0,-1.0,0.0,0.0,109.0,534.0
168756.0,0.0,-3.0848,0.001,0.0,0.0,0.0,-1.0,0.0,0.0,109.0,534.0
168796.0,0.0,-3.0848,-0.002,0.0,0.0,0.0,-1.0,0.0,0.0,109.0,536.0
168837.0,0.0,-3.0848,0.003,0.0,0.0,0.0,-1.0,0.0,0.0,109.0,534.0
168877.0,0.0,-3.0864,-0.004,0.0,0.0,0.0,-1.0,0.0,0.0,109.0,536.0
168917.0,0.0,-3.0848,0.001,0.0,0.0,0.0,-1.0,0.0,0.0,109.0,521.0
168957.0,0.0,-3.0848,-0.004,0.0,0.0,0.0,-1.0,0.0,0.0,109.0,541.0
168997.0,0.0,-3.0848,-0.001,0.0,0.0,0.0,-1.0,0.0,0.0,109.0,521.0
169038.0,0.0,-3.0848,0.002,0.0,0.0,0.0,-1.0,0.0,0.0,109.0,521.0
169078.0,0.0,-3.0848,0.002,0.0,0.0,0.0,-1.0,0.0,0.0,109.0,534.0
169118.0,0.0,-3.0848,0.001,0.0,0.0,0.0,-1.0,0.0,0.0,109.0,534.0
169158.0,0.0,-3.0848,0.0,0.0,0.0,0.0,-1.0,0.0,0.0,109.0,534.0
169199.0,0.0,-3.0848,0.002,0.0,0.0,0.0,-1.0,0.0,0.0,109.0,534.0
169239.0,0.0,-3.0848,0.001,0.0,0.0,0.0,-1.0,0.0,0.0,109.0,521.0
169279.0,0.0,-3.0848,0.001,0.0,0.0,0.0,-1.0,0.0,0.0,109.0,534.0
169319.0,0.0,-3.0848,0.002,0.0,0.0,0.0,-1.0,0.0,0.0,109.0,521.0
169359.0,0.0,-3.0848,0.002,0.0,0.0,0.0,-1.0,0.0,0.0,109.0,534.0
169400.0,0.0,-3.0848,0.001,0.0,0.0,0.0,-1.0,0.0,0.0,109.0,534.0
169440.0,0.0,-3.0848,-0.001,0.0,0.0,0.0,-1.0,0.0,0.0,109.0,534.0
169480.0,0.0,-3.0848,0.003,0.0,0.0,0.0,-1.0,0.0,0.0,109.0,534.0
169520.0,0.0,-3.0848,-0.007,0.0,0.0,0.0,-1.0,0.0,0.0,109.0,521.0
169560.0,0.0,-3.0848,0.004,0.0,0.0,0.0,-1.0,0.0,0.0,109.0,534.0
169601.0,0.0,-3.0848,0.004,0.0,0.0,0.0,-1.0,0.0,0.0,109.0,534.0
169641.0,0.0,-3.0848,0.002,0.0,0.0,0.0,-1.0,0.0,0.0,109.0,534.0
169681.0,0.0,-3.0848,0.001,0.0,0.0,0.0,-1.0,0.0,0.0,109.0,534.0
169721.0,0.0,-3.0848,-0.005,0.0,0.0,0.0,-1.0,0.0,0.0,109.0,541.0
169762.0,0.0,-3.0848,0.001,0.0,0.0,0.0,-1.0,0.0,0.0,109.0,534.0
169802.0,0.0,-3.0848,0.001,0.0,0.0,0.0,-1.0,0.0,0.0,109.0,521.0
169842.0,0.0,-3.0848,-0.003,0.0,0.0,0.0,-1.0,0.0,0.0,109.0,534.0
169882.0,0.0,-3.0848,-0.004,0.0,0.0,0.0,-1.0,0.0,0.0,109.0,541.0
169923.0,0.0,-3.0848,-0.002,0.0,0.0,0.0,-1.0,0.0,0.0,109.0,534.0
169963.0,0.0,-3.0848,0.002,0.0,0.0,0.0,-1.0,0.0,0.0,109.0,534.0
170003.0,0.0,-3.0848,-0.002,0.0,0.0,0.0,-1.0,0.0,0.0,109.0,534.0
170043.0,0.0,-3.0848,0.002,0.0,0.0,0.0,-1.0,0.0,0.0,109.0,534.0
170084.0,0.0,-3.0848,0.0,0.0,0.0,0.0,-1.0,0.0,0.0,109.0,534.0
170124.0,0.0,-3.0848,0.0,0.0,0.0,0.0,-1.0,0.0,0.0,109.0,534.0
170164.0,0.0,-3.0848,-0.002,0.0,0.0,0.0,-1.0,0.0,0.0,109.0,534.0
170205.0,0.0,-3.0848,0.001,0.0,0.0,0.0,-1.0,0.0,0.0,109.0,534.0
170245.0,0.0,-3.0848,0.001,0.0,0.0,0.0,-1.0,0.0,0.0,109.0,534.0
170285.0,0.0,-3.0848,-0.001,0.0,0.0,0.0,-1.0,0.0,0.0,109.0,535.0
170326.0,0.0,-3.0848,0.002,0.0,0.0,0.0,-1.0,0.0,0.0,109.0,534.0
170366.0,0.0,-3.0848,-0.001,0.0,0.0,0.0,-1.0,0.0,0.0,109.0,534.0
170406.0,0.0,-3.0848,0.001,0.0,0.0,0.0,-1.0,0.0,0.0,109.0,534.0
170446.0,0.0,-3.0848,-0.004,0.0,0.0,0.0,-1.0,0.0,0.0,109.0,528.0
170486.0,0.0,-3.0848,0.003,0.0,0.0,0.0,-1.0,0.0,0.0,109.0,521.0
170526.0,0.0,-3.0848,0.001,0.0,0.0,0.0,-1.0,0.0,0.0,109.0,521.0
170566.0,0.0,-3.0848,-0.002,0.0,0.0,0.0,-1.0,0.0,0.0,109.0,521.0
170607.0,0.0,-3.0848,0.001,0.0,0.0,0.0,-1.0,0.0,0.0,109.0,521.0
170647.0,0.0,-3.0848,-0.0,0.0,0.0,0.0,-1.0,0.0,0.0,109.0,534.0
170687.0,0.0,-3.0864,-0.012,0.0,0.0,0.0,-1.0,0.0,0.0,109.0,523.0
170728.0,0.0,-3.0848,0.005,0.0,0.0,0.0,-1.0,0.0,0.0,109.0,521.0
170768.0,0.0,-3.0848,0.003,0.0,0.0,0.0,-1.0,0.0,0.0,109.0,534.0
170808.0,0.0,-3.0848,0.0,0.0,0.0,0.0,-1.0,0.0,0.0,109.0,534.0
170848.0,0.0,-3.0848,0.001,0.0,0.0,0.0,-1.0,0.0,0.0,109.0,534.0
170889.0,0.0,-3.0848,0.0,0.0,0.0,0.0,-1.0,0.0,0.0,109.0,521.0
170929.0,0.0,-3.0864,-0.005,0.0,0.0,0.0,-1.0,0.0,0.0,109.0,523.0
170969.0,0.0,-3.0848,0.002,0.0,0.0,0.0,-1.0,0.0,0.0,109.0,534.0
171009.0,0.0,-3.0848,0.001,0.0,0.0,0.0,-1.0,0.0,0.0,109.0,534.0
171050.0,0.0,-3.0864,-0.009,0.0,0.0,0.0,-1.0,0.0,0.0,109.0,523.0
171090.0,0.0,-3.0848,0.003,0.0,0.0,0.0,-1.0,0.0,0.0,109.0,521.0
171130.0,0.0,-3.0848,-0.003,0.0,0.0,0.0,-1.0,0.0,0.0,109.0,521.0
171170.0,0.0,-3.0848,-0.002,0.0,0.0,0.0,-1.0,0.0,0.0,109.0,534.0
171211.0,0.0,-3.0848,0.001,0.0,0.0,0.0,-1.0,0.0,0.0,109.0,521.0
171251.0,0.0,-3.0848,-0.006,0.0,0.0,0.0,-1.0,0.0,0.0,109.0,523.0
171291.0,0.0,-3.0848,0.001,0.0,0.0,0.0,-1.0,0.0,0.0,109.0,521.0
171331.0,0.0,-3.0848,0.0,0.0,0.0,0.0,-1.0,0.0,0.0,109.0,534.0
171371.0,0.0,-3.0848,0.001,0.0,0.0,0.0,-1.0,0.0,0.0,109.0,534.0
171412.0,0.0,-3.0848,0.001,0.0,0.0,0.0,-1.0,0.0,0.0,109.0,521.0
171452.0,0.0,-3.0848,0.002,0.0,0.0,0.0,-1.0,0.0,0.0,109.0,534.0
171492.0,0.0,-3.0848,0.0,0.0,0.0,0.0,-1.0,0.0,0.0,109.0,521.0
171533.0,0.0,-3.0848,0.001,0.0,0.0,0.0,-1.0,0.0,0.0,109.0,521.0
171573.0,0.0,-3.0848,0.002,0.0,0.0,0.0,-1.0,0.0,0.0,109.0,534.0
171613.0,0.0,-3.0848,-0.001,0.0,0.0,0.0,-1.0,0.0,0.0,109.0,534.0
171653.0,0.0,-3.0848,0.002,0.0,0.0,0.0,-1.0,0.0,0.0,109.0,534.0
171693.0,0.0,-3.0848,0.0,0.0,0.0,0.0,-1.0,0.0,0.0,109.0,521.0
171733.0,0.0,-3.0848,0.002,0.0,0.0,0.0,-1.0,0.0,0.0,109.0,521.0
171773.0,0.0,-3.0848,0.0,0.0,0.0,0.0,-1.0,0.0,0.0,109.0,534.0
171813.0,0.0,-3.0848,0.001,0.0,0.0,0.0,-1.0,0.0,0.0,109.0,521.0
171853.0,0.0,-3.0848,0.0,0.0,0.0,0.0,-1.0,0.0,0.0,109.0,534.0
171894.0,0.0,-3.0848,0.002,0.0,0.0,0.0,-1.0,0.0,0.0,109.0,534.0
171934.0,0.0,-3.0848,0.001,0.0,0.0,0.0,-1.0,0.0,0.0,109.0,534.0
171974.0,0.0,-3.0848,-0.001,0.0,0.0,0.0,-1.0,0.0,0.0,109.0,534.0
172014.0,0.0,-3.0864,-0.008,0.0,0.0,0.0,-1.0,0.0,0.0,109.0,536.0
172054.0,0.0,-3.0848,-0.001,0.0,0.0,0.0,-1.0,0.0,0.0,109.0,521.0
172094.0,0.0,-3.0848,0.004,0.0,0.0,0.0,-1.0,0.0,0.0,109.0,521.0
172135.0,0.0,-3.0848,0.002,0.0,0.0,0.0,-1.0,0.0,0.0,109.0,521.0
172175.0,0.0,-3.0848,0.001,0.0,0.0,0.0,-1.0,0.0,0.0,109.0,534.0
172215.0,0.0,-3.0848,-0.002,0.0,0.0,0.0,-1.0,0.0,0.0,109.0,521.0
172255.0,0.0,-3.0848,-0.001,0.0,0.0,0.0,-1.0,0.0,0.0,109.0,534.0
172296.0,0.0,-3.0848,0.001,0.0,0.0,0.0,-1.0,0.0,0.0,109.0,534.0
172336.0,0.0,-3.0848,0.0,0.0,0.0,0.0,-1.0,0.0,0.0,109.0,521.0
172376.0,0.0,-3.0848,-0.0,0.0,0.0,0.0,-1.0,0.0,0.0,109.0,521.0
172416.0,0.0,-3.0848,0.001,0.0,0.0,0.0,-1.0,0.0,0.0,109.0,535.0
172457.0,0.0,-3.0848,-0.004,0.0,0.0,0.0,-1.0,0.0,0.0,109.0,521.0
172497.0,0.0,-3.0848,0.002,0.0,0.0,0.0,-1.0,0.0,0.0,109.0,534.0
172537.0,0.0,-3.0848,0.002,0.0,0.0,0.0,-1.0,0.0,0.0,109.0,534.0
172578.0,0.0,-3.0848,-0.001,0.0,0.0,0.0,-1.0,0.0,0.0,109.0,521.0
172618.0,0.0,-3.0848,0.001,0.0,0.0,0.0,-1.0,0.0,0.0,109.0,534.0
172658.0,0.0,-3.0848,0.002,0.0,0.0,0.0,-1.0,0.0,0.0,109.0,534.0
172698.0,0.0,-3.0848,-0.004,0.0,0.0,0.0,-1.0,0.0,0.0,109.0,541.0
172739.0,0.0,-3.0848,0.001,0.0,0.0,0.0,-1.0,0.0,0.0,109.0,534.0
172779.0,0.0,-3.0848,0.003,0.0,0.0,0.0,-1.0,0.0,0.0,109.0,534.0
172819.0,0.0,-3.0848,0.001,0.0,0.0,0.0,-1.0,0.0,0.0,109.0,534.0
172860.0,0.0,-3.0848,0.002,0.0,0.0,0.0,-1.0,0.0,0.0,109.0,534.0
172900.0,0.0,-3.0848,-0.003,0.0,0.0,0.0,-1.0,0.0,0.0,109.0,534.0
172940.0,0.0,-3.0848,0.002,0.0,0.0,0.0,-1.0,0.0,0.0,109.0,521.0
172981.0,0.0,-3.0848,-0.001,0.0,0.0,0.0,-1.0,0.0,0.0,109.0,521.0
173021.0,0.0,-3.0848,0.002,0.0,0.0,0.0,-1.0,0.0,0.0,109.0,534.0
173061.0,0.0,-3.0848,0.0,0.0,0.0,0.0,-1.0,0.0,0.0,109.0,521.0
173101.0,0.0,-3.0848,-0.003,0.0,0.0,0.0,-1.0,0.0,0.0,109.0,534.0
173141.0,0.0,-3.0848,-0.002,0.0,0.0,0.0,-1.0,0.0,0.0,109.0,541.0
173182.0,0.0,-3.0848,0.001,0.0,0.0,0.0,-1.0,0.0,0.0,109.0,534.0
173222.0,0.0,-3.0848,-0.002,0.0,0.0,0.0,-1.0,0.0,0.0,109.0,534.0
173262.0,0.0,-3.0848,0.003,0.0,0.0,0.0,-1.0,0.0,0.0,109.0,534.0
173303.0,0.0,-3.0848,-0.003,0.0,0.0,0.0,-1.0,0.0,0.0,109.0,522.0
173343.0,0.0,-3.0848,-0.0,0.0,0.0,0.0,-1.0,0.0,0.0,109.0,534.0
173383.0,0.0,-3.0848,-0.003,0.0,0.0,0.0,-1.0,0.0,0.0,109.0,534.0
173423.0,0.0,-3.0848,0.0,0.0,0.0,0.0,-1.0,0.0,0.0,109.0,534.0
173464.0,0.0,-3.0848,-0.001,0.0,0.0,0.0,-1.0,0.0,0.0,109.0,534.0
173504.0,0.0,-3.0848,-0.0,0.0,0.0,0.0,-1.0,0.0,0.0,109.0,521.0
173544.0,0.0,-3.0848,0.001,0.0,0.0,0.0,-1.0,0.0,0.0,109.0,534.0
173584.0,0.0,-3.0848,0.003,0.0,0.0,0.0,-1.0,0.0,0.0,109.0,521.0
173624.0,0.0,-3.0848,-0.005,0.0,0.0,0.0,-1.0,0.0,0.0,109.0,536.0
173665.0,0.0,-3.0848,-0.004,0.0,0.0,0.0,-1.0,0.0,0.0,109.0,541.0
173705.0,0.0,-3.0848,0.002,0.0,0.0,0.0,-1.0,0.0,0.0,109.0,534.0
173745.0,0.0,-3.0848,-0.003,0.0,0.0,0.0,-1.0,0.0,0.0,109.0,534.0
173785.0,0.0,-3.0848,0.001,0.0,0.0,0.0,-1.0,0.0,0.0,109.0,521.0
173826.0,0.0,-3.0848,-0.0,0.0,0.0,0.0,-1.0,0.0,0.0,109.0,521.0
173866.0,0.0,-3.0848,0.002,0.0,0.0,0.0,-1.0,0.0,0.0,109.0,535.0
173906.0,0.0,-3.0848,0.002,0.0,0.0,0.0,-1.0,0.0,0.0,109.0,521.0
173946.0,0.0,-3.0848,0.001,0.0,0.0,0.0,-1.0,0.0,0.0,109.0,521.0
173986.0,0.0,-3.0848,0.001,0.0,0.0,0.0,-1.0,0.0,0.0,109.0,534.0
174026.0,0.0,-3.0848,-0.005,0.0,0.0,0.0,-1.0,0.0,0.0,109.0,541.0
174067.0,0.0,-3.0848,0.002,0.0,0.0,0.0,-1.0,0.0,0.0,109.0,521.0
174107.0,0.0,-3.0848,0.002,0.0,0.0,0.0,-1.0,0.0,0.0,109.0,534.0
174147.0,0.0,-3.0848,0.002,0.0,0.0,0.0,-1.0,0.0,0.0,109.0,534.0
174187.0,0.0,-3.0848,0.003,0.0,0.0,0.0,-1.0,0.0,0.0,109.0,534.0
174228.0,0.0,-3.0848,0.002,0.0,0.0,0.0,-1.0,0.0,0.0,109.0,534.0
174268.0,0.0,-3.0848,0.0,0.0,0.0,0.0,-1.0,0.0,0.0,109.0,534.0
174308.0,0.0,-3.0848,0.003,0.0,0.0,0.0,-1.0,0.0,0.0,109.0,521.0
174348.0,0.0,-3.0848,-0.009,0.0,0.0,0.0,-1.0,0.0,0.0,109.0,523.0
174388.0,0.0,-3.0848,0.003,0.0,0.0,0.0,-1.0,0.0,0.0,109.0,534.0
174428.0,0.0,-3.0848,-0.001,0.0,0.0,0.0,-1.0,0.0,0.0,109.0,534.0
174468.0,0.0,-3.0848,0.003,0.0,0.0,0.0,-1.0,0.0,0.0,109.0,535.0
174509.0,0.0,-3.0848,0.003,0.0,0.0,0.0,-1.0,0.0,0.0,109.0,534.0
174549.0,0.0,-3.0848,-0.0,0.0,0.0,0.0,-1.0,0.0,0.0,109.0,521.0
174589.0,0.0,-3.0848,0.001,0.0,0.0,0.0,-1.0,0.0,0.0,109.0,534.0
174629.0,0.0,-3.0848,0.002,0.0,0.0,0.0,-1.0,0.0,0.0,109.0,534.0
174670.0,0.0,-3.0848,0.002,0.0,0.0,0.0,-1.0,0.0,0.0,109.0,534.0
174710.0,0.0,-3.0864,-0.01,0.0,0.0,0.0,-1.0,0.0,0.0,109.0,536.0
174750.0,0.0,-3.0848,0.001,0.0,0.0,0.0,-1.0,0.0,0.0,109.0,521.0
174790.0,0.0,-3.0848,0.001,0.0,0.0,0.0,-1.0,0.0,0.0,109.0,534.0
174830.0,0.0,-3.0848,-0.001,0.0,0.0,0.0,-1.0,0.0,0.0,109.0,534.0
174871.0,0.0,-3.0848,0.002,0.0,0.0,0.0,-1.0,0.0,0.0,109.0,534.0
174911.0,0.0,-3.0848,0.003,0.0,0.0,0.0,-1.0,0.0,0.0,109.0,521.0
174951.0,0.0,-3.0848,0.002,0.0,0.0,0.0,-1.0,0.0,0.0,109.0,534.0
174991.0,0.0,-3.0848,0.001,0.0,0.0,0.0,-1.0,0.0,0.0,109.0,521.0
175032.0,0.0,-3.0848,0.001,0.0,0.0,0.0,-1.0,0.0,0.0,109.0,521.0
175072.0,0.0,-3.0848,0.0,0.0,0.0,0.0,-1.0,0.0,0.0,109.0,534.0
175112.0,0.0,-3.0848,-0.003,0.0,0.0,0.0,-1.0,0.0,0.0,109.0,534.0
175152.0,0.0,-3.0864,-0.006,0.0,0.0,0.0,-1.0,0.0,0.0,109.0,523.0
175192.0,0.0,-3.0848,0.002,0.0,0.0,0.0,-1.0,0.0,0.0,109.0,534.0
175233.0,0.0,-3.0848,0.003,0.0,0.0,0.0,-1.0,0.0,0.0,109.0,521.0
175273.0,0.0,-3.0848,0.001,0.0,0.0,0.0,-1.0,0.0,0.0,109.0,534.0
175313.0,0.0,-3.0848,0.003,0.0,0.0,0.0,-1.0,0.0,0.0,109.0,521.0
175353.0,0.0,-3.0848,0.002,0.0,0.0,0.0,-1.0,0.0,0.0,109.0,534.0
175393.0,0.0,-3.0848,-0.003,0.0,0.0,0.0,-1.0,0.0,0.0,109.0,541.0
175434.0,0.0,-3.0848,0.003,0.0,0.0,0.0,-1.0,0.0,0.0,109.0,521.0
175474.0,0.0,-3.0848,0.001,0.0,0.0,0.0,-1.0,0.0,0.0,109.0,534.0
175514.0,0.0,-3.0848,0.0,0.0,0.0,0.0,-1.0,0.0,0.0,109.0,534.0
175555.0,0.0,-3.0848,-0.0,0.0,0.0,0.0,-1.0,0.0,0.0,109.0,534.0
175595.0,0.0,-3.0848,0.001,0.0,0.0,0.0,-1.0,0.0,0.0,109.0,521.0
175635.0,0.0,-3.0848,0.001,0.0,0.0,0.0,-1.0,0.0,0.0,109.0,521.0
175675.0,0.0,-3.0848,0.0,0.0,0.0,0.0,-1.0,0.0,0.0,109.0,534.0
175715.0,0.0,-3.0848,-0.001,0.0,0.0,0.0,-1.0,0.0,0.0,109.0,534.0
175755.0,0.0,-3.0848,-0.003,0.0,0.0,0.0,-1.0,0.0,0.0,109.0,534.0
175795.0,0.0,-3.0848,-0.001,0.0,0.0,0.0,-1.0,0.0,0.0,109.0,534.0
175836.0,0.0,-3.0848,0.003,0.0,0.0,0.0,-1.0,0.0,0.0,109.0,534.0
175876.0,0.0,-3.0848,0.001,0.0,0.0,0.0,-1.0,0.0,0.0,109.0,534.0
175916.0,0.0,-3.0848,0.002,0.0,0.0,0.0,-1.0,0.0,0.0,109.0,534.0
175957.0,0.0,-3.0848,0.002,0.0,0.0,0.0,-1.0,0.0,0.0,109.0,534.0
175997.0,0.0,-3.0848,0.0,0.0,0.0,0.0,-1.0,0.0,0.0,109.0,521.0
176037.0,0.0,-3.0848,-0.001,0.0,0.0,0.0,-1.0,0.0,0.0,109.0,521.0
176077.0,0.0,-3.0848,-0.002,0.0,0.0,0.0,-1.0,0.0,0.0,109.0,534.0
176117.0,0.0,-3.0848,0.001,0.0,0.0,0.0,-1.0,0.0,0.0,109.0,534.0
176157.0,0.0,-3.0848,-0.008,0.0,0.0,0.0,-1.0,0.0,0.0,109.0,536.0
176198.0,0.0,-3.0848,0.001,0.0,0.0,0.0,-1.0,0.0,0.0,109.0,534.0
176238.0,0.0,-3.0864,-0.004,0.0,0.0,0.0,-1.0,0.0,0.0,109.0,523.0
176278.0,0.0,-3.0848,0.002,0.0,0.0,0.0,-1.0,0.0,0.0,109.0,521.0
176319.0,0.0,-3.0848,0.002,0.0,0.0,0.0,-1.0,0.0,0.0,109.0,521.0
176359.0,0.0,-3.0848,0.002,0.0,0.0,0.0,-1.0,0.0,0.0,109.0,534.0
176399.0,0.0,-3.0848,0.001,0.0,0.0,0.0,-1.0,0.0,0.0,109.0,529.0
176439.0,0.0,-3.0848,0.002,0.0,0.0,0.0,-1.0,0.0,0.0,109.0,534.0
176479.0,0.0,-3.0848,-0.003,0.0,0.0,0.0,-1.0,0.0,0.0,109.0,541.0
176520.0,0.0,-3.0848,-0.0,0.0,0.0,0.0,-1.0,0.0,0.0,109.0,534.0
176560.0,0.0,-3.0848,-0.004,0.0,0.0,0.0,-1.0,0.0,0.0,109.0,534.0
176600.0,0.0,-3.0848,-0.001,0.0,0.0,0.0,-1.0,0.0,0.0,109.0,521.0
176641.0,0.0,-3.0848,0.002,0.0,0.0,0.0,-1.0,0.0,0.0,109.0,521.0
176681.0,0.0,-3.0848,0.001,0.0,0.0,0.0,-1.0,0.0,0.0,109.0,534.0
176721.0,0.0,-3.0848,-0.004,0.0,0.0,0.0,-1.0,0.0,0.0,109.0,541.0
176761.0,0.0,-3.0848,-0.0,0.0,0.0,0.0,-1.0,0.0,0.0,109.0,534.0
176802.0,0.0,-3.0848,0.002,0.0,0.0,0.0,-1.0,0.0,0.0,109.0,521.0
176842.0,0.0,-3.0848,0.0,0.0,0.0,0.0,-1.0,0.0,0.0,109.0,534.0
176882.0,0.0,-3.0848,0.001,0.0,0.0,0.0,-1.0,0.0,0.0,109.0,521.0
176922.0,0.0,-3.0848,0.002,0.0,0.0,0.0,-1.0,0.0,0.0,109.0,534.0
176962.0,0.0,-3.0848,0.001,0.0,0.0,0.0,-1.0,0.0,0.0,109.0,534.0
177002.0,0.0,-3.0848,0.001,0.0,0.0,0.0,-1.0,0.0,0.0,109.0,534.0
177043.0,0.0,-3.0848,0.001,0.0,0.0,0.0,-1.0,0.0,0.0,109.0,534.0
177083.0,0.0,-3.0848,0.002,0.0,0.0,0.0,-1.0,0.0,0.0,109.0,534.0
177123.0,0.0,-3.0848,0.001,0.0,0.0,0.0,-1.0,0.0,0.0,109.0,534.0
177164.0,0.0,-3.0848,0.001,0.0,0.0,0.0,-1.0,0.0,0.0,109.0,534.0
177204.0,0.0,-3.0848,-0.001,0.0,0.0,0.0,-1.0,0.0,0.0,109.0,534.0
177244.0,0.0,-3.0848,0.001,0.0,0.0,0.0,-1.0,0.0,0.0,109.0,534.0
177284.0,0.0,-3.0848,0.002,0.0,0.0,0.0,-1.0,0.0,0.0,109.0,521.0
177324.0,0.0,-3.0848,-0.003,0.0,0.0,0.0,-1.0,0.0,0.0,109.0,534.0
177365.0,0.0,-3.0848,0.004,0.0,0.0,0.0,-1.0,0.0,0.0,109.0,522.0
177405.0,0.0,-3.0848,0.001,0.0,0.0,0.0,-1.0,0.0,0.0,109.0,534.0
177445.0,0.0,-3.0848,0.001,0.0,0.0,0.0,-1.0,0.0,0.0,109.0,521.0
177485.0,0.0,-3.0848,-0.001,0.0,0.0,0.0,-1.0,0.0,0.0,109.0,534.0
177525.0,0.0,-3.0848,-0.002,0.0,0.0,0.0,-1.0,0.0,0.0,109.0,534.0
177565.0,0.0,-3.0848,0.0,0.0,0.0,0.0,-1.0,0.0,0.0,109.0,534.0
177606.0,0.0,-3.0848,0.003,0.0,0.0,0.0,-1.0,0.0,0.0,109.0,521.0
177646.0,0.0,-3.0848,0.003,0.0,0.0,0.0,-1.0,0.0,0.0,109.0,534.0
177686.0,0.0,-3.0848,0.001,0.0,0.0,0.0,-1.0,0.0,0.0,109.0,521.0
177726.0,0.0,-3.0848,0.001,0.0,0.0,0.0,-1.0,0.0,0.0,109.0,521.0
177766.0,0.0,-3.0848,-0.002,0.0,0.0,0.0,-1.0,0.0,0.0,109.0,534.0
177807.0,0.0,-3.0848,-0.0,0.0,0.0,0.0,-1.0,0.0,0.0,109.0,534.0
177847.0,0.0,-3.0848,-0.0,0.0,0.0,0.0,-1.0,0.0,0.0,109.0,534.0
177887.0,0.0,-3.0848,0.001,0.0,0.0,0.0,-1.0,0.0,0.0,109.0,534.0
177928.0,0.0,-3.0848,-0.0,0.0,0.0,0.0,-1.0,0.0,0.0,109.0,534.0
177968.0,0.0,-3.0848,-0.0,0.0,0.0,0.0,-1.0,0.0,0.0,109.0,521.0
178008.0,0.0,-3.0848,-0.003,0.0,0.0,0.0,-1.0,0.0,0.0,109.0,541.0
178048.0,0.0,-3.0848,0.003,0.0,0.0,0.0,-1.0,0.0,0.0,109.0,534.0
178089.0,0.0,-3.0848,0.003,0.0,0.0,0.0,-1.0,0.0,0.0,109.0,534.0
178129.0,0.0,-3.0848,0.001,0.0,0.0,0.0,-1.0,0.0,0.0,109.0,534.0
178169.0,0.0,-3.0848,0.001,0.0,0.0,0.0,-1.0,0.0,0.0,109.0,521.0
178209.0,0.0,-3.0848,0.0,0.0,0.0,0.0,-1.0,0.0,0.0,109.0,534.0
178250.0,0.0,-3.0848,0.002,0.0,0.0,0.0,-1.0,0.0,0.0,109.0,521.0
178290.0,0.0,-3.0848,-0.002,0.0,0.0,0.0,-1.0,0.0,0.0,109.0,534.0
178330.0,0.0,-3.0848,0.001,0.0,0.0,0.0,-1.0,0.0,0.0,109.0,534.0
178370.0,0.0,-3.0848,0.001,0.0,0.0,0.0,-1.0,0.0,0.0,109.0,521.0
178410.0,0.0,-3.0848,-0.0,0.0,0.0,0.0,-1.0,0.0,0.0,109.0,534.0
178450.0,0.0,-3.0848,-0.003,0.0,0.0,0.0,-1.0,0.0,0.0,109.0,535.0
178491.0,0.0,-3.0848,0.002,0.0,0.0,0.0,-1.0,0.0,0.0,109.0,534.0
178531.0,0.0,-3.0848,0.002,0.0,0.0,0.0,-1.0,0.0,0.0,109.0,521.0
178571.0,0.0,-3.0848,-0.002,0.0,0.0,0.0,-1.0,0.0,0.0,109.0,534.0
178611.0,0.0,-3.0848,0.002,0.0,0.0,0.0,-1.0,0.0,0.0,109.0,534.0
178652.0,0.0,-3.0848,0.001,0.0,0.0,0.0,-1.0,0.0,0.0,109.0,521.0
178692.0,0.0,-3.0848,0.003,0.0,0.0,0.0,-1.0,0.0,0.0,109.0,534.0
178732.0,0.0,-3.0848,0.002,0.0,0.0,0.0,-1.0,0.0,0.0,109.0,521.0
178772.0,0.0,-3.0848,0.0,0.0,0.0,0.0,-1.0,0.0,0.0,109.0,534.0
178812.0,0.0,-3.0848,-0.006,0.0,0.0,0.0,-1.0,0.0,0.0,109.0,536.0
178853.0,0.0,-3.0848,0.003,0.0,0.0,0.0,-1.0,0.0,0.0,109.0,534.0
178893.0,0.0,-3.0864,-0.005,0.0,0.0,0.0,-1.0,0.0,0.0,109.0,536.0
178933.0,0.0,-3.0848,-0.003,0.0,0.0,0.0,-1.0,0.0,0.0,109.0,541.0
178973.0,0.0,-3.0848,-0.006,0.0,0.0,0.0,-1.0,0.0,0.0,109.0,536.0
179013.0,0.0,-3.0848,0.003,0.0,0.0,0.0,-1.0,0.0,0.0,109.0,534.0
179054.0,0.0,-3.0848,0.001,0.0,0.0,0.0,-1.0,0.0,0.0,109.0,521.0
179094.0,0.0,-3.0848,0.001,0.0,0.0,0.0,-1.0,0.0,0.0,109.0,534.0
179134.0,0.0,-3.0848,0.001,0.0,0.0,0.0,-1.0,0.0,0.0,109.0,521.0
179174.0,0.0,-3.0848,0.0,0.0,0.0,0.0,-1.0,0.0,0.0,109.0,534.0
179214.0,0.0,-3.0848,-0.003,0.0,0.0,0.0,-1.0,0.0,0.0,109.0,542.0
179255.0,0.0,-3.0848,0.002,0.0,0.0,0.0,-1.0,0.0,0.0,109.0,521.0
179295.0,0.0,-3.0848,0.001,0.0,0.0,0.0,-1.0,0.0,0.0,109.0,534.0
179335.0,0.0,-3.0848,-0.005,0.0,0.0,0.0,-1.0,0.0,0.0,109.0,541.0
179375.0,0.0,-3.0848,0.002,0.0,0.0,0.0,-1.0,0.0,0.0,109.0,534.0
179415.0,0.0,-3.0848,0.002,0.0,0.0,0.0,-1.0,0.0,0.0,109.0,534.0
179455.0,0.0,-3.0848,-0.001,0.0,0.0,0.0,-1.0,0.0,0.0,109.0,534.0
179496.0,0.0,-3.0848,0.003,0.0,0.0,0.0,-1.0,0.0,0.0,109.0,521.0
179536.0,0.0,-3.0848,0.001,0.0,0.0,0.0,-1.0,0.0,0.0,109.0,534.0
179576.0,0.0,-3.0848,0.002,0.0,0.0,0.0,-1.0,0.0,0.0,109.0,534.0
179617.0,0.0,-3.0848,-0.001,0.0,0.0,0.0,-1.0,0.0,0.0,109.0,534.0
179657.0,0.0,-3.0848,0.001,0.0,0.0,0.0,-1.0,0.0,0.0,109.0,534.0
179697.0,0.0,-3.0848,-0.001,0.0,0.0,0.0,-1.0,0.0,0.0,109.0,521.0
179737.0,0.0,-3.0848,0.002,0.0,0.0,0.0,-1.0,0.0,0.0,109.0,534.0
179778.0,0.0,-3.0848,-0.002,0.0,0.0,0.0,-1.0,0.0,0.0,109.0,534.0
179818.0,0.0,-3.0848,0.003,0.0,0.0,0.0,-1.0,0.0,0.0,109.0,521.0
179858.0,0.0,-3.0864,-0.005,0.0,0.0,0.0,-1.0,0.0,0.0,109.0,536.0
179898.0,0.0,-3.0848,0.004,0.0,0.0,0.0,-1.0,0.0,0.0,109.0,521.0
179938.0,0.0,-3.0848,-0.003,0.0,0.0,0.0,-1.0,0.0,0.0,109.0,534.0
179978.0,0.0,-3.0864,-0.004,0.0,0.0,0.0,-1.0,0.0,0.0,109.0,536.0
180019.0,0.0,-3.0848,-0.001,0.0,0.0,0.0,-1.0,0.0,0.0,109.0,534.0
180059.0,0.0,-3.0848,0.0,0.0,0.0,0.0,-1.0,0.0,0.0,109.0,521.0
180099.0,0.0,-3.0848,0.001,0.0,0.0,0.0,-1.0,0.0,0.0,109.0,521.0
180140.0,0.0,-3.0848,0.003,0.0,0.0,0.0,-1.0,0.0,0.0,109.0,521.0
180180.0,0.0,-3.0848,-0.001,0.0,0.0,0.0,-1.0,0.0,0.0,109.0,534.0
180220.0,0.0,-3.0848,-0.004,0.0,0.0,0.0,-1.0,0.0,0.0,109.0,521.0
180261.0,0.0,-3.0848,0.002,0.0,0.0,0.0,-1.0,0.0,0.0,109.0,521.0
180301.0,0.0,-3.0848,0.0,0.0,0.0,0.0,-1.0,0.0,0.0,109.0,534.0
180341.0,0.0,-3.0848,0.001,0.0,0.0,0.0,-1.0,0.0,0.0,109.0,534.0
180381.0,0.0,-3.0848,0.0,0.0,0.0,0.0,-1.0,0.0,0.0,109.0,521.0
180421.0,0.0,-3.0848,0.002,0.0,0.0,0.0,-1.0,0.0,0.0,109.0,534.0
180462.0,0.0,-3.0848,0.002,0.0,0.0,0.0,-1.0,0.0,0.0,109.0,534.0
180502.0,0.0,-3.0848,0.0,0.0,0.0,0.0,-1.0,0.0,0.0,109.0,534.0
180542.0,0.0,-3.0848,0.002,0.0,0.0,0.0,-1.0,0.0,0.0,109.0,534.0
180583.0,0.0,-3.0848,0.001,0.0,0.0,0.0,-1.0,0.0,0.0,109.0,535.0
180623.0,0.0,-3.0848,0.002,0.0,0.0,0.0,-1.0,0.0,0.0,109.0,534.0
180663.0,0.0,-3.0848,-0.002,0.0,0.0,0.0,-1.0,0.0,0.0,109.0,534.0
180704.0,0.0,-3.0848,0.002,0.0,0.0,0.0,-1.0,0.0,0.0,109.0,534.0
180744.0,0.0,-3.0848,-0.002,0.0,0.0,0.0,-1.0,0.0,0.0,109.0,534.0
180784.0,0.0,-3.0848,0.002,0.0,0.0,0.0,-1.0,0.0,0.0,109.0,534.0
180825.0,0.0,-3.0848,-0.001,0.0,0.0,0.0,-1.0,0.0,0.0,109.0,534.0
180865.0,0.0,-3.0848,0.002,0.0,0.0,0.0,-1.0,0.0,0.0,109.0,534.0
180905.0,0.0,-3.0848,0.001,0.0,0.0,0.0,-1.0,0.0,0.0,109.0,534.0
180946.0,0.0,-3.0848,-0.001,0.0,0.0,0.0,-1.0,0.0,0.0,109.0,534.0
180986.0,0.0,-3.0848,-0.002,0.0,0.0,0.0,-1.0,0.0,0.0,109.0,521.0
181026.0,0.0,-3.0864,-0.007,0.0,0.0,0.0,-1.0,0.0,0.0,109.0,523.0
181066.0,0.0,-3.0848,-0.002,0.0,0.0,0.0,-1.0,0.0,0.0,109.0,541.0
181107.0,0.0,-3.0848,0.002,0.0,0.0,0.0,-1.0,0.0,0.0,109.0,534.0
181147.0,0.0,-3.0848,0.004,0.0,0.0,0.0,-1.0,0.0,0.0,109.0,521.0
181187.0,0.0,-3.0848,-0.004,0.0,0.0,0.0,-1.0,0.0,0.0,109.0,534.0
181227.0,0.0,-3.0848,0.002,0.0,0.0,0.0,-1.0,0.0,0.0,109.0,521.0
181267.0,0.0,-3.0848,0.003,0.0,0.0,0.0,-1.0,0.0,0.0,109.0,522.0
181307.0,0.0,-3.0848,-0.004,0.0,0.0,0.0,-1.0,0.0,0.0,109.0,541.0
181348.0,0.0,-3.0848,-0.002,0.0,0.0,0.0,-1.0,0.0,0.0,109.0,534.0
181388.0,0.0,-3.0848,0.002,0.0,0.0,0.0,-1.0,0.0,0.0,109.0,534.0
181428.0,0.0,-3.0848,0.001,0.0,0.0,0.0,-1.0,0.0,0.0,109.0,521.0
181468.0,0.0,-3.0848,0.0,0.0,0.0,0.0,-1.0,0.0,0.0,109.0,534.0
181508.0,0.0,-3.0848,-0.004,0.0,0.0,0.0,-1.0,0.0,0.0,109.0,534.0
181549.0,0.0,-3.0848,0.002,0.0,0.0,0.0,-1.0,0.0,0.0,109.0,534.0
181589.0,0.0,-3.0848,0.0,0.0,0.0,0.0,-1.0,0.0,0.0,109.0,521.0
181629.0,0.0,-3.0848,0.003,0.0,0.0,0.0,-1.0,0.0,0.0,109.0,534.0
181669.0,0.0,-3.0848,0.001,0.0,0.0,0.0,-1.0,0.0,0.0,109.0,521.0
181710.0,0.0,-3.0848,-0.002,0.0,0.0,0.0,-1.0,0.0,0.0,109.0,521.0
181750.0,0.0,-3.0848,0.001,0.0,0.0,0.0,-1.0,0.0,0.0,109.0,534.0
181790.0,0.0,-3.0848,0.002,0.0,0.0,0.0,-1.0,0.0,0.0,109.0,521.0
181830.0,0.0,-3.0848,0.002,0.0,0.0,0.0,-1.0,0.0,0.0,109.0,534.0
181870.0,0.0,-3.0848,-0.005,0.0,0.0,0.0,-1.0,0.0,0.0,109.0,541.0
181911.0,0.0,-3.0848,0.001,0.0,0.0,0.0,-1.0,0.0,0.0,109.0,521.0
181951.0,0.0,-3.0848,-0.003,0.0,0.0,0.0,-1.0,0.0,0.0,109.0,534.0
181991.0,0.0,-3.0848,0.0,0.0,0.0,0.0,-1.0,0.0,0.0,109.0,521.0
182031.0,0.0,-3.0848,0.003,0.0,0.0,0.0,-1.0,0.0,0.0,109.0,521.0
182071.0,0.0,-3.0848,-0.002,0.0,0.0,0.0,-1.0,0.0,0.0,109.0,534.0
182112.0,0.0,-3.0848,0.001,0.0,0.0,0.0,-1.0,0.0,0.0,109.0,534.0
182152.0,0.0,-3.0848,-0.001,0.0,0.0,0.0,-1.0,0.0,0.0,109.0,534.0
182192.0,0.0,-3.0848,-0.0,0.0,0.0,0.0,-1.0,0.0,0.0,109.0,541.0
182233.0,0.0,-3.0848,-0.009,0.0,0.0,0.0,-1.0,0.0,0.0,109.0,534.0
182273.0,0.0,-3.0848,0.002,0.0,0.0,0.0,-1.0,0.0,0.0,109.0,534.0
182313.0,0.0,-3.0848,-0.002,0.0,0.0,0.0,-1.0,0.0,0.0,109.0,534.0
182354.0,0.0,-3.0848,-0.003,0.0,0.0,0.0,-1.0,0.0,0.0,109.0,534.0
182394.0,0.0,-3.0864,-0.008,0.0,0.0,0.0,-1.0,0.0,0.0,109.0,536.0
182434.0,0.0,-3.0848,0.003,0.0,0.0,0.0,-1.0,0.0,0.0,109.0,534.0
182474.0,0.0,-3.0848,0.002,0.0,0.0,0.0,-1.0,0.0,0.0,109.0,534.0
182515.0,0.0,-3.0848,0.004,0.0,0.0,0.0,-1.0,0.0,0.0,109.0,534.0
182555.0,0.0,-3.0848,0.003,0.0,0.0,0.0,-1.0,0.0,0.0,109.0,534.0
182595.0,0.0,-3.0848,0.003,0.0,0.0,0.0,-1.0,0.0,0.0,109.0,534.0
182635.0,0.0,-3.0848,0.002,0.0,0.0,0.0,-1.0,0.0,0.0,109.0,521.0
182676.0,0.0,-3.0848,0.002,0.0,0.0,0.0,-1.0,0.0,0.0,109.0,521.0
182716.0,0.0,-3.0848,0.002,0.0,0.0,0.0,-1.0,0.0,0.0,109.0,534.0
182756.0,0.0,-3.0848,0.001,0.0,0.0,0.0,-1.0,0.0,0.0,109.0,534.0
182796.0,0.0,-3.0864,-0.004,0.0,0.0,0.0,-1.0,0.0,0.0,109.0,523.0
182836.0,0.0,-3.0848,-0.001,0.0,0.0,0.0,-1.0,0.0,0.0,109.0,534.0
182877.0,0.0,-3.0848,0.001,0.0,0.0,0.0,-1.0,0.0,0.0,109.0,521.0
182917.0,0.0,-3.0848,0.003,0.0,0.0,0.0,-1.0,0.0,0.0,109.0,534.0
182957.0,0.0,-3.0864,-0.005,0.0,0.0,0.0,-1.0,0.0,0.0,109.0,536.0
182997.0,0.0,-3.0848,-0.004,0.0,0.0,0.0,-1.0,0.0,0.0,109.0,541.0
183037.0,0.0,-3.0848,0.003,0.0,0.0,0.0,-1.0,0.0,0.0,109.0,521.0
183077.0,0.0,-3.0848,0.001,0.0,0.0,0.0,-1.0,0.0,0.0,109.0,521.0
183117.0,0.0,-3.0848,-0.002,0.0,0.0,0.0,-1.0,0.0,0.0,109.0,534.0
183158.0,0.0,-3.0848,0.001,0.0,0.0,0.0,-1.0,0.0,0.0,109.0,534.0
183198.0,0.0,-3.0848,0.003,0.0,0.0,0.0,-1.0,0.0,0.0,109.0,534.0
183238.0,0.0,-3.0848,0.002,0.0,0.0,0.0,-1.0,0.0,0.0,109.0,534.0
183278.0,0.0,-3.0848,0.001,0.0,0.0,0.0,-1.0,0.0,0.0,109.0,534.0
183318.0,0.0,-3.0848,0.002,0.0,0.0,0.0,-1.0,0.0,0.0,109.0,534.0
183359.0,0.0,-3.0848,0.002,0.0,0.0,0.0,-1.0,0.0,0.0,109.0,535.0
183399.0,0.0,-3.0848,0.002,0.0,0.0,0.0,-1.0,0.0,0.0,109.0,535.0
183439.0,0.0,-3.0848,0.001,0.0,0.0,0.0,-1.0,0.0,0.0,109.0,534.0
183480.0,0.0,-3.0848,0.001,0.0,0.0,0.0,-1.0,0.0,0.0,109.0,534.0
183520.0,0.0,-3.0848,-0.003,0.0,0.0,0.0,-1.0,0.0,0.0,109.0,534.0
183560.0,0.0,-3.0848,-0.001,0.0,0.0,0.0,-1.0,0.0,0.0,109.0,534.0
183601.0,0.0,-3.0848,0.001,0.0,0.0,0.0,-1.0,0.0,0.0,109.0,534.0
183641.0,0.0,-3.0848,0.001,0.0,0.0,0.0,-1.0,0.0,0.0,109.0,521.0
183681.0,0.0,-3.0848,0.001,0.0,0.0,0.0,-1.0,0.0,0.0,109.0,521.0
183721.0,0.0,-3.0848,0.001,0.0,0.0,0.0,-1.0,0.0,0.0,109.0,534.0
183761.0,0.0,-3.0848,-0.003,0.0,0.0,0.0,-1.0,0.0,0.0,109.0,536.0
183802.0,0.0,-3.0848,0.003,0.0,0.0,0.0,-1.0,0.0,0.0,109.0,534.0
183842.0,0.0,-3.0864,-0.004,0.0,0.0,0.0,-1.0,0.0,0.0,109.0,523.0
183882.0,0.0,-3.0848,-0.002,0.0,0.0,0.0,-1.0,0.0,0.0,109.0,534.0
183922.0,0.0,-3.0848,-0.002,0.0,0.0,0.0,-1.0,0.0,0.0,109.0,534.0
183963.0,0.0,-3.0848,0.002,0.0,0.0,0.0,-1.0,0.0,0.0,109.0,521.0
184043.0,0.0,-3.0848,-0.006,0.0,0.0,0.0,-1.0,0.0,0.0,109.0,537.0
184083.0,0.0,-3.0848,0.0,0.0,0.0,0.0,-1.0,0.0,0.0,109.0,535.0
184124.0,0.0,-3.0848,0.002,0.0,0.0,0.0,-1.0,0.0,0.0,109.0,522.0
184164.0,0.0,-3.0864,-0.008,0.0,0.0,0.0,-1.0,0.0,0.0,109.0,524.0
184204.0,0.0,-3.0848,0.003,0.0,0.0,0.0,-1.0,0.0,0.0,109.0,535.0
184245.0,0.0,-3.0848,-0.006,0.0,0.0,0.0,-1.0,0.0,0.0,109.0,535.0
184285.0,0.0,-3.0848,-0.003,0.0,0.0,0.0,-1.0,0.0,0.0,109.0,535.0
184326.0,0.0,-3.0848,0.003,0.0,0.0,0.0,-1.0,0.0,0.0,109.0,535.0
184366.0,0.0,-3.0848,0.002,0.0,0.0,0.0,-1.0,0.0,0.0,109.0,535.0
184407.0,0.0,-3.0848,0.002,0.0,0.0,0.0,-1.0,0.0,0.0,109.0,535.0
184447.0,0.0,-3.0848,-0.003,0.0,0.0,0.0,-1.0,0.0,0.0,109.0,522.0
184487.0,0.0,-3.0848,0.002,0.0,0.0,0.0,-1.0,0.0,0.0,109.0,535.0
184527.0,0.0,-3.0848,0.002,0.0,0.0,0.0,-1.0,0.0,0.0,109.0,535.0
184568.0,0.0,-3.0848,0.001,0.0,0.0,0.0,-1.0,0.0,0.0,109.0,535.0
184608.0,0.0,-3.0848,0.0,0.0,0.0,0.0,-1.0,0.0,0.0,109.0,535.0
184649.0,0.0,-3.0864,-0.004,0.0,0.0,0.0,-1.0,0.0,0.0,109.0,537.0
184689.0,0.0,-3.0848,-0.002,0.0,0.0,0.0,-1.0,0.0,0.0,109.0,535.0
184730.0,0.0,-3.0848,0.002,0.0,0.0,0.0,-1.0,0.0,0.0,109.0,535.0
184770.0,0.0,-3.0848,-0.003,0.0,0.0,0.0,-1.0,0.0,0.0,109.0,522.0
184810.0,0.0,-3.0848,-0.003,0.0,0.0,0.0,-1.0,0.0,0.0,109.0,542.0
184851.0,0.0,-3.0864,-0.005,0.0,0.0,0.0,-1.0,0.0,0.0,109.0,537.0
184891.0,0.0,-3.0848,0.003,0.0,0.0,0.0,-1.0,0.0,0.0,109.0,536.0
184932.0,0.0,-3.0848,-0.0,0.0,0.0,0.0,-1.0,0.0,0.0,109.0,535.0
184972.0,0.0,-3.0848,0.004,0.0,0.0,0.0,-1.0,0.0,0.0,109.0,522.0
185012.0,0.0,-3.0848,0.001,0.0,0.0,0.0,-1.0,0.0,0.0,109.0,535.0
185053.0,0.0,-3.0848,0.0,0.0,0.0,0.0,-1.0,0.0,0.0,109.0,535.0
185093.0,0.0,-3.0848,-0.004,0.0,0.0,0.0,-1.0,0.0,0.0,109.0,537.0
185134.0,0.0,-3.0864,-0.005,0.0,0.0,0.0,-1.0,0.0,0.0,109.0,537.0
185174.0,0.0,-3.0848,0.004,0.0,0.0,0.0,-1.0,0.0,0.0,109.0,522.0
185214.0,0.0,-3.0848,-0.001,0.0,0.0,0.0,-1.0,0.0,0.0,109.0,535.0
185255.0,0.0,-3.0848,0.002,0.0,0.0,0.0,-1.0,0.0,0.0,109.0,535.0
185295.0,0.0,-3.0848,0.001,0.0,0.0,0.0,-1.0,0.0,0.0,109.0,535.0
185336.0,0.0,-3.0848,0.001,0.0,0.0,0.0,-1.0,0.0,0.0,109.0,535.0
185376.0,0.0,-3.0848,0.001,0.0,0.0,0.0,-1.0,0.0,0.0,109.0,536.0
185417.0,0.0,-3.0848,-0.005,0.0,0.0,0.0,-1.0,0.0,0.0,109.0,536.0
185457.0,0.0,-3.0848,0.0,0.0,0.0,0.0,-1.0,0.0,0.0,109.0,523.0
185497.0,0.0,-3.0848,0.002,0.0,0.0,0.0,-1.0,0.0,0.0,109.0,535.0
185538.0,0.0,-3.0848,0.003,0.0,0.0,0.0,-1.0,0.0,0.0,109.0,535.0
185578.0,0.0,-3.0864,-0.004,0.0,0.0,0.0,-1.0,0.0,0.0,109.0,537.0
185619.0,0.0,-3.0848,0.001,0.0,0.0,0.0,-1.0,0.0,0.0,109.0,535.0
185659.0,0.0,-3.0848,0.0,0.0,0.0,0.0,-1.0,0.0,0.0,109.0,535.0
185700.0,0.0,-3.0848,0.003,0.0,0.0,0.0,-1.0,0.0,0.0,109.0,535.0
185740.0,0.0,-3.0848,0.003,0.0,0.0,0.0,-1.0,0.0,0.0,109.0,535.0
185781.0,0.0,-3.0848,0.002,0.0,0.0,0.0,-1.0,0.0,0.0,109.0,535.0
185821.0,0.0,-3.0848,0.002,0.0,0.0,0.0,-1.0,0.0,0.0,109.0,535.0
185862.0,0.0,-3.0848,0.001,0.0,0.0,0.0,-1.0,0.0,0.0,109.0,522.0
185902.0,0.0,-3.0848,-0.002,0.0,0.0,0.0,-1.0,0.0,0.0,109.0,535.0
185943.0,0.0,-3.0848,-0.003,0.0,0.0,0.0,-1.0,0.0,0.0,109.0,537.0
185983.0,0.0,-3.0848,0.003,0.0,0.0,0.0,-1.0,0.0,0.0,109.0,522.0
186023.0,0.0,-3.0848,0.003,0.0,0.0,0.0,-1.0,0.0,0.0,109.0,535.0
186063.0,0.0,-3.0864,-0.004,0.0,0.0,0.0,-1.0,0.0,0.0,109.0,537.0
186104.0,0.0,-3.0848,0.002,0.0,0.0,0.0,-1.0,0.0,0.0,109.0,535.0
186144.0,0.0,-3.0848,-0.002,0.0,0.0,0.0,-1.0,0.0,0.0,109.0,535.0
186185.0,0.0,-3.0848,0.001,0.0,0.0,0.0,-1.0,0.0,0.0,109.0,535.0
186225.0,0.0,-3.0848,0.003,0.0,0.0,0.0,-1.0,0.0,0.0,109.0,535.0
186266.0,0.0,-3.0848,0.003,0.0,0.0,0.0,-1.0,0.0,0.0,109.0,535.0
186306.0,0.0,-3.0848,0.003,0.0,0.0,0.0,-1.0,0.0,0.0,109.0,535.0
186347.0,0.0,-3.0864,-0.005,0.0,0.0,0.0,-1.0,0.0,0.0,109.0,538.0
186387.0,0.0,-3.0848,0.002,0.0,0.0,0.0,-1.0,0.0,0.0,109.0,535.0
186428.0,0.0,-3.0848,0.0,0.0,0.0,0.0,-1.0,0.0,0.0,109.0,535.0
186468.0,0.0,-3.0848,0.002,0.0,0.0,0.0,-1.0,0.0,0.0,109.0,535.0
186509.0,0.0,-3.0848,0.001,0.0,0.0,0.0,-1.0,0.0,0.0,109.0,535.0
186549.0,0.0,-3.0848,0.001,0.0,0.0,0.0,-1.0,0.0,0.0,109.0,535.0
186590.0,0.0,-3.0864,-0.005,0.0,0.0,0.0,-1.0,0.0,0.0,109.0,537.0
186630.0,0.0,-3.0848,0.002,0.0,0.0,0.0,-1.0,0.0,0.0,109.0,535.0
186671.0,0.0,-3.0848,-0.004,0.0,0.0,0.0,-1.0,0.0,0.0,109.0,535.0
186711.0,0.0,-3.0848,0.005,0.0,0.0,0.0,-1.0,0.0,0.0,109.0,536.0
186752.0,0.0,-3.0848,0.003,0.0,0.0,0.0,-1.0,0.0,0.0,109.0,535.0
186792.0,0.0,-3.0848,-0.0,0.0,0.0,0.0,-1.0,0.0,0.0,109.0,535.0
186832.0,0.0,-3.0848,-0.008,0.0,0.0,0.0,-1.0,0.0,0.0,109.0,531.0
186873.0,0.0,-3.0848,0.003,0.0,0.0,0.0,-1.0,0.0,0.0,109.0,535.0
186913.0,0.0,-3.0848,-0.002,0.0,0.0,0.0,-1.0,0.0,0.0,109.0,535.0
186954.0,0.0,-3.0848,0.001,0.0,0.0,0.0,-1.0,0.0,0.0,109.0,535.0
186994.0,0.0,-3.0848,-0.004,0.0,0.0,0.0,-1.0,0.0,0.0,109.0,535.0
187035.0,0.0,-3.0848,0.005,0.0,0.0,0.0,-1.0,0.0,0.0,109.0,535.0
187075.0,0.0,-3.0848,-0.01,0.0,0.0,0.0,-1.0,0.0,0.0,109.0,535.0
187116.0,0.0,-3.0848,0.0,0.0,0.0,0.0,-1.0,0.0,0.0,109.0,522.0
187156.0,0.0,-3.0848,-0.005,0.0,0.0,0.0,-1.0,0.0,0.0,109.0,531.0
187197.0,0.0,-3.0848,0.002,0.0,0.0,0.0,-1.0,0.0,0.0,109.0,535.0
187237.0,0.0,-3.0848,-0.002,0.0,0.0,0.0,-1.0,0.0,0.0,109.0,535.0
187277.0,0.0,-3.0848,0.004,0.0,0.0,0.0,-1.0,0.0,0.0,109.0,535.0
187317.0,0.0,-3.0848,0.002,0.0,0.0,0.0,-1.0,0.0,0.0,109.0,535.0
187357.0,0.0,-3.0848,-0.004,0.0,0.0,0.0,-1.0,0.0,0.0,109.0,543.0
187398.0,0.0,-3.0848,0.001,0.0,0.0,0.0,-1.0,0.0,0.0,109.0,535.0
187438.0,0.0,-3.0848,0.0,0.0,0.0,0.0,-1.0,0.0,0.0,109.0,522.0
187478.0,0.0,-3.0848,0.003,0.0,0.0,0.0,-1.0,0.0,0.0,109.0,535.0
187519.0,0.0,-3.0848,0.0,0.0,0.0,0.0,-1.0,0.0,0.0,109.0,522.0
187559.0,0.0,-3.0848,-0.0,0.0,0.0,0.0,-1.0,0.0,0.0,109.0,522.0
187599.0,0.0,-3.0848,-0.003,0.0,0.0,0.0,-1.0,0.0,0.0,109.0,535.0
187640.0,0.0,-3.0848,0.001,0.0,0.0,0.0,-1.0,0.0,0.0,109.0,535.0
187680.0,0.0,-3.0848,-0.001,0.0,0.0,0.0,-1.0,0.0,0.0,109.0,535.0
187721.0,0.0,-3.0848,0.0,0.0,0.0,0.0,-1.0,0.0,0.0,109.0,535.0
187761.0,0.0,-3.0864,-0.005,0.0,0.0,0.0,-1.0,0.0,0.0,109.0,538.0
187802.0,0.0,-3.0848,-0.001,0.0,0.0,0.0,-1.0,0.0,0.0,109.0,536.0
187842.0,0.0,-3.0848,0.003,0.0,0.0,0.0,-1.0,0.0,0.0,109.0,523.0
187883.0,0.0,-3.0848,0.0,0.0,0.0,0.0,-1.0,0.0,0.0,109.0,535.0
187923.0,0.0,-3.0848,-0.002,0.0,0.0,0.0,-1.0,0.0,0.0,109.0,536.0
187963.0,0.0,-3.0848,-0.003,0.0,0.0,0.0,-1.0,0.0,0.0,109.0,530.0
188004.0,0.0,-3.0848,0.002,0.0,0.0,0.0,-1.0,0.0,0.0,109.0,522.0
188044.0,0.0,-3.0848,0.002,0.0,0.0,0.0,-1.0,0.0,0.0,109.0,536.0
188085.0,0.0,-3.0848,-0.002,0.0,0.0,0.0,-1.0,0.0,0.0,109.0,523.0
188125.0,0.0,-3.0848,0.002,0.0,0.0,0.0,-1.0,0.0,0.0,109.0,535.0
188166.0,0.0,-3.0848,-0.004,0.0,0.0,0.0,-1.0,0.0,0.0,109.0,535.0
188206.0,0.0,-3.0848,0.003,0.0,0.0,0.0,-1.0,0.0,0.0,109.0,536.0
188247.0,0.0,-3.0848,0.001,0.0,0.0,0.0,-1.0,0.0,0.0,109.0,523.0
188287.0,0.0,-3.0848,-0.003,0.0,0.0,0.0,-1.0,0.0,0.0,109.0,536.0
188328.0,0.0,-3.0848,0.001,0.0,0.0,0.0,-1.0,0.0,0.0,109.0,535.0
188368.0,0.0,-3.0848,0.001,0.0,0.0,0.0,-1.0,0.0,0.0,109.0,536.0
188409.0,0.0,-3.0848,-0.002,0.0,0.0,0.0,-1.0,0.0,0.0,109.0,536.0
188449.0,0.0,-3.0848,0.003,0.0,0.0,0.0,-1.0,0.0,0.0,109.0,535.0
188489.0,0.0,-3.0848,-0.012,0.0,0.0,0.0,-1.0,0.0,0.0,109.0,523.0
188530.0,0.0,-3.0848,-0.002,0.0,0.0,0.0,-1.0,0.0,0.0,109.0,536.0
188570.0,0.0,-3.0864,-0.004,0.0,0.0,0.0,-1.0,0.0,0.0,109.0,525.0
188611.0,0.0,-3.0848,0.003,0.0,0.0,0.0,-1.0,0.0,0.0,109.0,536.0
188651.0,0.0,-3.0848,0.001,0.0,0.0,0.0,-1.0,0.0,0.0,109.0,536.0
188692.0,0.0,-3.0848,-0.001,0.0,0.0,0.0,-1.0,0.0,0.0,109.0,543.0
188732.0,0.0,-3.0848,-0.003,0.0,0.0,0.0,-1.0,0.0,0.0,109.0,535.0
188773.0,0.0,-3.0848,-0.0,0.0,0.0,0.0,-1.0,0.0,0.0,109.0,535.0
188813.0,0.0,-3.0848,0.004,0.0,0.0,0.0,-1.0,0.0,0.0,109.0,522.0
188854.0,0.0,-3.0848,0.001,0.0,0.0,0.0,-1.0,0.0,0.0,109.0,535.0
188894.0,0.0,-3.0848,-0.004,0.0,0.0,0.0,-1.0,0.0,0.0,109.0,542.0
188935.0,0.0,-3.0848,0.006,0.0,0.0,0.0,-1.0,0.0,0.0,109.0,535.0
188975.0,0.0,-3.0848,0.003,0.0,0.0,0.0,-1.0,0.0,0.0,109.0,535.0
189015.0,0.0,-3.0848,0.002,0.0,0.0,0.0,-1.0,0.0,0.0,109.0,535.0
189056.0,0.0,-3.0848,-0.001,0.0,0.0,0.0,-1.0,0.0,0.0,109.0,535.0
189096.0,0.0,-3.0848,-0.0,0.0,0.0,0.0,-1.0,0.0,0.0,109.0,535.0
189137.0,0.0,-3.0848,-0.003,0.0,0.0,0.0,-1.0,0.0,0.0,109.0,536.0
189177.0,0.0,-3.0848,0.002,0.0,0.0,0.0,-1.0,0.0,0.0,109.0,535.0
189217.0,0.0,-3.0848,-0.002,0.0,0.0,0.0,-1.0,0.0,0.0,109.0,536.0
189257.0,0.0,-3.0848,0.004,0.0,0.0,0.0,-1.0,0.0,0.0,109.0,523.0
189297.0,0.0,-3.0848,0.002,0.0,0.0,0.0,-1.0,0.0,0.0,109.0,535.0
189338.0,0.0,-3.0848,-0.0,0.0,0.0,0.0,-1.0,0.0,0.0,109.0,535.0
189378.0,0.0,-3.0848,0.001,0.0,0.0,0.0,-1.0,0.0,0.0,109.0,523.0
189419.0,0.0,-3.0848,-0.002,0.0,0.0,0.0,-1.0,0.0,0.0,109.0,522.0
189459.0,0.0,-3.0848,0.003,0.0,0.0,0.0,-1.0,0.0,0.0,109.0,523.0
189500.0,0.0,-3.0848,0.001,0.0,0.0,0.0,-1.0,0.0,0.0,109.0,535.0
189540.0,0.0,-3.0848,0.003,0.0,0.0,0.0,-1.0,0.0,0.0,109.0,535.0
189580.0,0.0,-3.0864,-0.003,0.0,0.0,0.0,-1.0,0.0,0.0,109.0,525.0
189621.0,0.0,-3.0848,0.002,0.0,0.0,0.0,-1.0,0.0,0.0,109.0,535.0
189661.0,0.0,-3.0848,0.0,0.0,0.0,0.0,-1.0,0.0,0.0,109.0,536.0
189702.0,0.0,-3.0848,-0.002,0.0,0.0,0.0,-1.0,0.0,0.0,109.0,535.0
189742.0,0.0,-3.0848,-0.0,0.0,0.0,0.0,-1.0,0.0,0.0,109.0,536.0
189783.0,0.0,-3.0848,-0.001,0.0,0.0,0.0,-1.0,0.0,0.0,109.0,535.0
189823.0,0.0,-3.0848,-0.005,0.0,0.0,0.0,-1.0,0.0,0.0,109.0,537.0
189863.0,0.0,-3.0848,0.005,0.0,0.0,0.0,-1.0,0.0,0.0,109.0,535.0
189904.0,0.0,-3.0848,-0.001,0.0,0.0,0.0,-1.0,0.0,0.0,109.0,536.0
189944.0,0.0,-3.0848,0.0,0.0,0.0,0.0,-1.0,0.0,0.0,109.0,535.0
189985.0,0.0,-3.0848,0.002,0.0,0.0,0.0,-1.0,0.0,0.0,109.0,535.0
190025.0,0.0,-3.0848,0.001,0.0,0.0,0.0,-1.0,0.0,0.0,109.0,522.0
190066.0,0.0,-3.0848,0.0,0.0,0.0,0.0,-1.0,0.0,0.0,109.0,523.0
190106.0,0.0,-3.0848,0.0,0.0,0.0,0.0,-1.0,0.0,0.0,109.0,523.0
190147.0,0.0,-3.0848,0.0,0.0,0.0,0.0,-1.0,0.0,0.0,109.0,523.0
190187.0,0.0,-3.0848,0.001,0.0,0.0,0.0,-1.0,0.0,0.0,109.0,536.0
190228.0,0.0,-3.0848,0.001,0.0,0.0,0.0,-1.0,0.0,0.0,109.0,535.0
190268.0,0.0,-3.0848,-0.001,0.0,0.0,0.0,-1.0,0.0,0.0,109.0,535.0
190309.0,0.0,-3.0848,-0.003,0.0,0.0,0.0,-1.0,0.0,0.0,109.0,535.0
190349.0,0.0,-3.0848,0.003,0.0,0.0,0.0,-1.0,0.0,0.0,109.0,535.0
190390.0,0.0,-3.0848,-0.006,0.0,0.0,0.0,-1.0,0.0,0.0,109.0,535.0
190430.0,0.0,-3.0848,0.001,0.0,0.0,0.0,-1.0,0.0,0.0,109.0,535.0
190471.0,0.0,-3.0848,-0.003,0.0,0.0,0.0,-1.0,0.0,0.0,109.0,535.0
190511.0,0.0,-3.0848,-0.003,0.0,0.0,0.0,-1.0,0.0,0.0,109.0,535.0
190552.0,0.0,-3.0848,0.002,0.0,0.0,0.0,-1.0,0.0,0.0,109.0,535.0
190592.0,0.0,-3.0848,-0.004,0.0,0.0,0.0,-1.0,0.0,0.0,109.0,535.0
190633.0,0.0,-3.0848,-0.0,0.0,0.0,0.0,-1.0,0.0,0.0,109.0,535.0
190673.0,0.0,-3.0848,0.005,0.0,0.0,0.0,-1.0,0.0,0.0,109.0,535.0
190713.0,0.0,-3.0848,0.001,0.0,0.0,0.0,-1.0,0.0,0.0,109.0,523.0
1661.0,0.0,-3.0818,0.001,0.0,0.0,0.0,-1.0,0.0,0.0,106.0,600.0
1701.0,0.0,-3.0818,0.001,0.0,0.0,0.0,-1.0,0.0,0.0,106.0,529.0
1741.0,0.0,-3.0818,0.0,0.0,0.0,0.0,-1.0,0.0,0.0,106.0,528.0
1781.0,0.0,-3.0818,-0.0,0.0,0.0,0.0,-1.0,0.0,0.0,106.0,534.0
1822.0,0.0,-3.0818,-0.0,0.0,0.0,0.0,-1.0,0.0,0.0,106.0,535.0
1862.0,0.0,-3.0818,-0.0,0.0,0.0,0.0,-1.0,0.0,0.0,106.0,521.0
1902.0,0.0,-3.0818,-0.0,0.0,0.0,0.0,-1.0,0.0,0.0,106.0,522.0
1943.0,0.0,-3.0818,-0.001,0.0,0.0,0.0,-1.0,0.0,0.0,106.0,521.0
1983.0,0.0,-3.0818,-0.0,0.0,0.0,0.0,-1.0,0.0,0.0,106.0,528.0
2023.0,0.0,-3.0818,0.001,0.0,0.0,0.0,-1.0,0.0,0.0,106.0,542.0
2063.0,0.0,-3.0818,0.0,0.0,0.0,0.0,-1.0,0.0,0.0,106.0,515.0
2103.0,0.0,-3.0818,-0.0,0.0,0.0,0.0,-1.0,0.0,0.0,106.0,534.0
2144.0,0.0,-3.0818,-0.0,0.0,0.0,0.0,-1.0,0.0,0.0,106.0,529.0
2184.0,0.0,-3.0818,-0.0,0.0,0.0,0.0,-1.0,0.0,0.0,106.0,534.0
2224.0,0.0,-3.0818,0.001,0.0,0.0,0.0,-1.0,0.0,0.0,106.0,535.0
2265.0,0.0,-3.0818,0.001,0.0,0.0,0.0,-1.0,0.0,0.0,106.0,515.0
2305.0,0.0,-3.0818,0.0,0.0,0.0,0.0,-1.0,0.0,0.0,106.0,535.0
2345.0,0.0,-3.0818,-0.0,0.0,0.0,0.0,-1.0,0.0,0.0,106.0,521.0
2385.0,0.0,-3.0818,-0.0,0.0,0.0,0.0,-1.0,0.0,0.0,106.0,522.0
2425.0,0.0,-3.0818,0.001,0.0,0.0,0.0,-1.0,0.0,0.0,106.0,521.0
2466.0,0.0,-3.0818,0.001,0.0,0.0,0.0,-1.0,0.0,0.0,106.0,521.0
2506.0,0.0,-3.0818,0.0,0.0,0.0,0.0,-1.0,0.0,0.0,106.0,522.0
2546.0,0.0,-3.0818,0.001,0.0,0.0,0.0,-1.0,0.0,0.0,106.0,521.0
2586.0,0.0,-3.0818,0.0,0.0,0.0,0.0,-1.0,0.0,0.0,106.0,522.0
2626.0,0.0,-3.0818,-0.0,0.0,0.0,0.0,-1.0,0.0,0.0,106.0,534.0
2667.0,0.0,-3.0818,-0.0,0.0,0.0,0.0,-1.0,0.0,0.0,106.0,522.0
2707.0,0.0,-3.0818,0.0,0.0,0.0,0.0,-1.0,0.0,0.0,106.0,521.0
2747.0,0.0,-3.0818,0.001,0.0,0.0,0.0,-1.0,0.0,0.0,106.0,521.0
2787.0,0.0,-3.0818,0.0,0.0,0.0,0.0,-1.0,0.0,0.0,106.0,535.0
2828.0,0.0,-3.0818,-0.0,0.0,0.0,0.0,-1.0,0.0,0.0,106.0,515.0
2868.0,0.0,-3.0818,-0.0,0.0,0.0,0.0,-1.0,0.0,0.0,106.0,534.0
2908.0,0.0,-3.0818,0.0,0.0,0.0,0.0,-1.0,0.0,0.0,106.0,522.0
2948.0,0.0,-3.0818,0.0,0.0,0.0,0.0,-1.0,0.0,0.0,106.0,534.0
2988.0,0.0,-3.0818,0.0,0.0,0.0,0.0,-1.0,0.0,0.0,106.0,522.0
3028.0,0.0,-3.0818,0.0,0.0,0.0,0.0,-1.0,0.0,0.0,106.0,521.0
3069.0,0.0,-3.0818,0.001,0.0,0.0,0.0,-1.0,0.0,0.0,106.0,516.0
3109.0,0.0,-3.0818,0.001,0.0,0.0,0.0,-1.0,0.0,0.0,106.0,529.0
3149.0,0.0,-3.0818,0.0,0.0,0.0,0.0,-1.0,0.0,0.0,106.0,521.0
3189.0,0.0,-3.0818,-0.0,0.0,0.0,0.0,-1.0,0.0,0.0,106.0,522.0
3229.0,0.0,-3.0818,-0.0,0.0,0.0,0.0,-1.0,0.0,0.0,106.0,534.0
3269.0,0.0,-3.0818,-0.0,0.0,0.0,0.0,-1.0,0.0,0.0,106.0,515.0
3310.0,0.0,-3.0818,-0.0,0.0,0.0,0.0,-1.0,0.0,0.0,106.0,521.0
3350.0,0.0,-3.0818,-0.0,0.0,0.0,0.0,-1.0,0.0,0.0,106.0,534.0
3390.0,0.0,-3.0818,0.002,0.0,0.0,0.0,-1.0,0.0,0.0,106.0,522.0
3431.0,0.0,-3.0818,0.0,0.0,0.0,0.0,-1.0,0.0,0.0,106.0,521.0
3471.0,0.0,-3.0818,0.0,0.0,0.0,0.0,-1.0,0.0,0.0,106.0,534.0
3511.0,0.0,-3.0818,-0.0,0.0,0.0,0.0,-1.0,0.0,0.0,106.0,535.0
3551.0,0.0,-3.0818,-0.0,0.0,0.0,0.0,-1.0,0.0,0.0,106.0,522.0
3592.0,0.0,-3.0818,-0.0,0.0,0.0,0.0,-1.0,0.0,0.0,106.0,515.0
3632.0,0.0,-3.0818,-0.0,0.0,0.0,0.0,-1.0,0.0,0.0,106.0,535.0
3672.0,0.0,-3.0818,-0.0,0.0,0.0,0.0,-1.0,0.0,0.0,106.0,542.0
3712.0,0.0,-3.0818,-0.0,0.0,0.0,0.0,-1.0,0.0,0.0,106.0,521.0
3752.0,0.0,-3.0818,-0.0,0.0,0.0,0.0,-1.0,0.0,0.0,106.0,534.0
3793.0,0.0,-3.0818,0.001,0.0,0.0,0.0,-1.0,0.0,0.0,106.0,534.0
3833.0,0.0,-3.0818,0.0,0.0,0.0,0.0,-1.0,0.0,0.0,106.0,535.0
3873.0,0.0,-3.0818,-0.0,0.0,0.0,0.0,-1.0,0.0,0.0,106.0,529.0
3913.0,0.0,-3.0818,-0.0,0.0,0.0,0.0,-1.0,0.0,0.0,106.0,515.0
3954.0,0.0,-3.0818,0.001,0.0,0.0,0.0,-1.0,0.0,0.0,106.0,516.0
3994.0,0.0,-3.0818,0.0,0.0,0.0,0.0,-1.0,0.0,0.0,106.0,534.0
4034.0,0.0,-3.0818,0.0,0.0,0.0,0.0,-1.0,0.0,0.0,106.0,534.0
4074.0,0.0,-3.0818,-0.0,0.0,0.0,0.0,-1.0,0.0,0.0,106.0,516.0
4114.0,0.0,-3.0818,-0.0,0.0,0.0,0.0,-1.0,0.0,0.0,106.0,534.0
4154.0,0.0,-3.0818,-0.0,0.0,0.0,0.0,-1.0,0.0,0.0,106.0,535.0
4195.0,0.0,-3.0818,-0.0,0.0,0.0,0.0,-1.0,0.0,0.0,106.0,534.0
4235.0,0.0,-3.0818,-0.0,0.0,0.0,0.0,-1.0,0.0,0.0,106.0,515.0
4275.0,0.0,-3.0818,-0.0,0.0,0.0,0.0,-1.0,0.0,0.0,106.0,529.0
4315.0,0.0,-3.0818,-0.0,0.0,0.0,0.0,-1.0,0.0,0.0,106.0,522.0
4356.0,0.0,-3.0818,-0.0,0.0,0.0,0.0,-1.0,0.0,0.0,106.0,516.0
4396.0,0.0,-3.0818,-0.0,0.0,0.0,0.0,-1.0,0.0,0.0,106.0,534.0
4436.0,0.0,-3.0818,-0.0,0.0,0.0,0.0,-1.0,0.0,0.0,106.0,534.0
4476.0,0.0,-3.0818,-0.0,0.0,0.0,0.0,-1.0,0.0,0.0,106.0,521.0
4516.0,0.0,-3.0818,-0.0,0.0,0.0,0.0,-1.0,0.0,0.0,106.0,534.0
4557.0,0.0,-3.0818,0.001,0.0,0.0,0.0,-1.0,0.0,0.0,106.0,521.0
4597.0,0.0,-3.0818,0.0,0.0,0.0,0.0,-1.0,0.0,0.0,106.0,534.0
4637.0,0.0,-3.0818,0.001,0.0,0.0,0.0,-1.0,0.0,0.0,106.0,523.0
4677.0,0.0,-3.0818,0.001,0.0,0.0,0.0,-1.0,0.0,0.0,106.0,534.0
4717.0,0.0,-3.0818,0.0,0.0,0.0,0.0,-1.0,0.0,0.0,106.0,534.0
4758.0,0.0,-3.0818,0.001,0.0,0.0,0.0,-1.0,0.0,0.0,106.0,521.0
4798.0,0.0,-3.0818,0.001,0.0,0.0,0.0,-1.0,0.0,0.0,106.0,534.0
4838.0,0.0,-3.0818,0.0,0.0,0.0,0.0,-1.0,0.0,0.0,106.0,516.0
4878.0,0.0,-3.0818,0.0,0.0,0.0,0.0,-1.0,0.0,0.0,106.0,521.0
4918.0,0.0,-3.0818,-0.0,0.0,0.0,0.0,-1.0,0.0,0.0,106.0,522.0
4958.0,0.0,-3.0818,-0.0,0.0,0.0,0.0,-1.0,0.0,0.0,106.0,534.0
4998.0,0.0,-3.0818,-0.0,0.0,0.0,0.0,-1.0,0.0,0.0,106.0,535.0
5039.0,0.0,-3.0818,0.001,0.0,0.0,0.0,-1.0,0.0,0.0,106.0,522.0
5079.0,0.0,-3.0818,0.0,0.0,0.0,0.0,-1.0,0.0,0.0,106.0,535.0
5119.0,0.0,-3.0818,-0.004,0.0,0.0,0.0,-1.0,0.0,0.0,106.0,521.0
5160.0,0.0,-3.0818,0.001,0.0,0.0,0.0,-1.0,0.0,0.0,106.0,515.0
5200.0,0.0,-3.0818,0.0,0.0,0.0,0.0,-1.0,0.0,0.0,106.0,515.0
5240.0,0.0,-3.0818,-0.0,0.0,0.0,0.0,-1.0,0.0,0.0,106.0,516.0
5280.0,0.0,-3.0818,-0.0,0.0,0.0,0.0,-1.0,0.0,0.0,106.0,535.0
5320.0,0.0,-3.0818,-0.0,0.0,0.0,0.0,-1.0,0.0,0.0,106.0,534.0
5360.0,0.0,-3.0818,-0.0,0.0,0.0,0.0,-1.0,0.0,0.0,106.0,535.0
5401.0,0.0,-3.0818,-0.0,0.0,0.0,0.0,-1.0,0.0,0.0,106.0,521.0
5441.0,0.0,-3.0818,-0.0,0.0,0.0,0.0,-1.0,0.0,0.0,106.0,534.0
5481.0,0.0,-3.0818,-0.005,0.0,0.0,0.0,-1.0,0.0,0.0,106.0,542.0
5522.0,0.0,-3.0818,0.001,0.0,0.0,0.0,-1.0,0.0,0.0,106.0,516.0
5562.0,0.0,-3.0818,0.0,0.0,0.0,0.0,-1.0,0.0,0.0,106.0,521.0
5602.0,0.0,-3.0818,0.0,0.0,0.0,0.0,-1.0,0.0,0.0,106.0,534.0
5642.0,0.0,-3.0818,0.001,0.0,0.0,0.0,-1.0,0.0,0.0,106.0,522.0
5683.0,0.0,-3.0818,-0.004,0.0,0.0,0.0,-1.0,0.0,0.0,106.0,521.0
5723.0,0.0,-3.0818,0.001,0.0,0.0,0.0,-1.0,0.0,0.0,106.0,535.0
5763.0,0.0,-3.0818,0.0,0.0,0.0,0.0,-1.0,0.0,0.0,106.0,534.0
5803.0,0.0,-3.0818,-0.0,0.0,0.0,0.0,-1.0,0.0,0.0,106.0,534.0
5843.0,0.0,-3.0818,-0.0,0.0,0.0,0.0,-1.0,0.0,0.0,106.0,516.0
5884.0,0.0,-3.0818,0.0,0.0,0.0,0.0,-1.0,0.0,0.0,106.0,521.0
5924.0,0.0,-3.0818,-0.002,0.0,0.0,0.0,-1.0,0.0,0.0,106.0,529.0
5964.0,0.0,-3.0818,0.001,0.0,0.0,0.0,-1.0,0.0,0.0,106.0,515.0
6004.0,0.0,-3.0818,0.001,0.0,0.0,0.0,-1.0,0.0,0.0,106.0,521.0
6044.0,0.0,-3.0818,0.0,0.0,0.0,0.0,-1.0,0.0,0.0,106.0,534.0
6084.0,0.0,-3.0818,0.0,0.0,0.0,0.0,-1.0,0.0,0.0,106.0,515.0
6124.0,0.0,-3.0818,0.0,0.0,0.0,0.0,-1.0,0.0,0.0,106.0,535.0
6165.0,0.0,-3.0818,0.001,0.0,0.0,0.0,-1.0,0.0,0.0,106.0,522.0
6205.0,0.0,-3.0818,0.0,0.0,0.0,0.0,-1.0,0.0,0.0,106.0,535.0
6245.0,0.0,-3.0818,-0.0,0.0,0.0,0.0,-1.0,0.0,0.0,106.0,534.0
6286.0,0.0,-3.0818,-0.0,0.0,0.0,0.0,-1.0,0.0,0.0,106.0,535.0
6326.0,0.0,-3.0818,-0.0,0.0,0.0,0.0,-1.0,0.0,0.0,106.0,534.0
6366.0,0.0,-3.0818,0.001,0.0,0.0,0.0,-1.0,0.0,0.0,106.0,521.0
6406.0,0.0,-3.0818,0.001,0.0,0.0,0.0,-1.0,0.0,0.0,106.0,535.0
6447.0,0.0,-3.0818,0.001,0.0,0.0,0.0,-1.0,0.0,0.0,106.0,534.0
6487.0,0.0,-3.0818,0.0,0.0,0.0,0.0,-1.0,0.0,0.0,106.0,522.0
6527.0,0.0,-3.0818,-0.0,0.0,0.0,0.0,-1.0,0.0,0.0,106.0,521.0
6567.0,0.0,-3.0818,-0.0,0.0,0.0,0.0,-1.0,0.0,0.0,106.0,522.0
6607.0,0.0,-3.0818,-0.0,0.0,0.0,0.0,-1.0,0.0,0.0,106.0,528.0
6648.0,0.0,-3.0818,-0.0,0.0,0.0,0.0,-1.0,0.0,0.0,106.0,515.0
6688.0,0.0,-3.0818,0.001,0.0,0.0,0.0,-1.0,0.0,0.0,106.0,522.0
6728.0,0.0,-3.0818,0.001,0.0,0.0,0.0,-1.0,0.0,0.0,106.0,534.0
6768.0,0.0,-3.0818,0.0,0.0,0.0,0.0,-1.0,0.0,0.0,106.0,522.0
6808.0,0.0,-3.0818,0.0,0.0,0.0,0.0,-1.0,0.0,0.0,106.0,521.0
6848.0,0.0,-3.0818,0.001,0.0,0.0,0.0,-1.0,0.0,0.0,106.0,535.0
6889.0,0.0,-3.0818,0.0,0.0,0.0,0.0,-1.0,0.0,0.0,106.0,529.0
6929.0,0.0,-3.0818,0.0,0.0,0.0,0.0,-1.0,0.0,0.0,106.0,529.0
6969.0,0.0,-3.0818,-0.0,0.0,0.0,0.0,-1.0,0.0,0.0,106.0,534.0
7010.0,0.0,-3.0818,0.0,0.0,0.0,0.0,-1.0,0.0,0.0,106.0,521.0
7050.0,0.0,-3.0818,0.001,0.0,0.0,0.0,-1.0,0.0,0.0,106.0,534.0
7090.0,0.0,-3.0818,-0.001,0.0,0.0,0.0,-1.0,0.0,0.0,106.0,516.0
7131.0,0.0,-3.0818,0.001,0.0,0.0,0.0,-1.0,0.0,0.0,106.0,516.0
7171.0,0.0,-3.0818,0.0,0.0,0.0,0.0,-1.0,0.0,0.0,106.0,535.0
7211.0,0.0,-3.0818,-0.0,0.0,0.0,0.0,-1.0,0.0,0.0,106.0,534.0
7252.0,0.0,-3.0818,0.001,0.0,0.0,0.0,-1.0,0.0,0.0,106.0,521.0
7292.0,0.0,-3.0818,0.0,0.0,0.0,0.0,-1.0,0.0,0.0,106.0,534.0
7332.0,0.0,-3.0818,-0.0,0.0,0.0,0.0,-1.0,0.0,0.0,106.0,515.0
7372.0,0.0,-3.0818,-0.0,0.0,0.0,0.0,-1.0,0.0,0.0,106.0,535.0
7412.0,0.0,-3.0818,-0.0,0.0,0.0,0.0,-1.0,0.0,0.0,106.0,521.0
7452.0,0.0,-3.0818,-0.0,0.0,0.0,0.0,-1.0,0.0,0.0,106.0,534.0
7492.0,0.0,-3.0818,0.002,0.0,0.0,0.0,-1.0,0.0,0.0,106.0,534.0
7533.0,0.0,-3.0818,-0.004,0.0,0.0,0.0,-1.0,0.0,0.0,106.0,534.0
7573.0,0.0,-3.0818,0.001,0.0,0.0,0.0,-1.0,0.0,0.0,106.0,522.0
7613.0,0.0,-3.0818,0.0,0.0,0.0,0.0,-1.0,0.0,0.0,106.0,521.0
7653.0,0.0,-3.0818,0.001,0.0,0.0,0.0,-1.0,0.0,0.0,106.0,535.0
7693.0,0.0,-3.0818,-0.003,0.0,0.0,0.0,-1.0,0.0,0.0,106.0,521.0
7734.0,0.0,-3.0818,0.001,0.0,0.0,0.0,-1.0,0.0,0.0,106.0,521.0
7774.0,0.0,-3.0818,-0.002,0.0,0.0,0.0,-1.0,0.0,0.0,106.0,516.0
7814.0,0.0,-3.0818,0.002,0.0,0.0,0.0,-1.0,0.0,0.0,106.0,534.0
7854.0,0.0,-3.0818,0.001,0.0,0.0,0.0,-1.0,0.0,0.0,106.0,516.0
7895.0,0.0,-3.0818,0.0,0.0,0.0,0.0,-1.0,0.0,0.0,106.0,515.0
7935.0,0.0,-3.0818,0.001,0.0,0.0,0.0,-1.0,0.0,0.0,106.0,534.0
7975.0,0.0,-3.0818,0.001,0.0,0.0,0.0,-1.0,0.0,0.0,106.0,515.0
8015.0,0.0,-3.0818,0.0,0.0,0.0,0.0,-1.0,0.0,0.0,106.0,521.0
8055.0,0.0,-3.0818,-0.002,0.0,0.0,0.0,-1.0,0.0,0.0,106.0,521.0
8095.0,0.0,-3.0818,0.001,0.0,0.0,0.0,-1.0,0.0,0.0,106.0,534.0
8136.0,0.0,-3.0818,0.0,0.0,0.0,0.0,-1.0,0.0,0.0,106.0,534.0
8176.0,0.0,-3.0818,0.001,0.0,0.0,0.0,-1.0,0.0,0.0,106.0,521.0
8216.0,0.0,-3.0818,0.001,0.0,0.0,0.0,-1.0,0.0,0.0,106.0,534.0
8256.0,0.0,-3.0818,0.0,0.0,0.0,0.0,-1.0,0.0,0.0,106.0,535.0
8297.0,0.0,-3.0818,0.0,0.0,0.0,0.0,-1.0,0.0,0.0,106.0,521.0
8337.0,0.0,-3.0818,-0.0,0.0,0.0,0.0,-1.0,0.0,0.0,106.0,521.0
8377.0,0.0,-3.0818,0.002,0.0,0.0,0.0,-1.0,0.0,0.0,106.0,522.0
8417.0,0.0,-3.0818,0.0,0.0,0.0,0.0,-1.0,0.0,0.0,106.0,522.0
8458.0,0.0,-3.0818,0.0,0.0,0.0,0.0,-1.0,0.0,0.0,106.0,515.0
8498.0,0.0,-3.0818,-0.0,0.0,0.0,0.0,-1.0,0.0,0.0,106.0,534.0
8538.0,0.0,-3.0818,0.002,0.0,0.0,0.0,-1.0,0.0,0.0,106.0,522.0
8578.0,0.0,-3.0818,0.001,0.0,0.0,0.0,-1.0,0.0,0.0,106.0,521.0
8618.0,0.0,-3.0818,0.0,0.0,0.0,0.0,-1.0,0.0,0.0,106.0,534.0
8658.0,0.0,-3.0818,0.001,0.0,0.0,0.0,-1.0,0.0,0.0,106.0,534.0
8699.0,0.0,-3.0818,0.001,0.0,0.0,0.0,-1.0,0.0,0.0,106.0,521.0
8739.0,0.0,-3.0818,0.0,0.0,0.0,0.0,-1.0,0.0,0.0,106.0,534.0
8779.0,0.0,-3.0818,0.001,0.0,0.0,0.0,-1.0,0.0,0.0,106.0,515.0
8819.0,0.0,-3.0818,0.002,0.0,0.0,0.0,-1.0,0.0,0.0,106.0,534.0
8860.0,0.0,-3.0818,0.001,0.0,0.0,0.0,-1.0,0.0,0.0,106.0,521.0
8900.0,0.0,-3.0818,0.0,0.0,0.0,0.0,-1.0,0.0,0.0,106.0,534.0
8940.0,0.0,-3.0818,0.001,0.0,0.0,0.0,-1.0,0.0,0.0,106.0,534.0
8980.0,0.0,-3.0818,-0.001,0.0,0.0,0.0,-1.0,0.0,0.0,106.0,534.0
9020.0,0.0,-3.0818,0.001,0.0,0.0,0.0,-1.0,0.0,0.0,106.0,534.0
9060.0,0.0,-3.0818,0.0,0.0,0.0,0.0,-1.0,0.0,0.0,106.0,534.0
9101.0,0.0,-3.0818,-0.0,0.0,0.0,0.0,-1.0,0.0,0.0,106.0,534.0
9141.0,0.0,-3.0833,-0.006,0.0,0.0,0.0,-1.0,0.0,0.0,106.0,535.0
9181.0,0.0,-3.0818,0.001,0.0,0.0,0.0,-1.0,0.0,0.0,106.0,534.0
9222.0,0.0,-3.0818,0.0,0.0,0.0,0.0,-1.0,0.0,0.0,106.0,521.0
9262.0,0.0,-3.0818,-0.0,0.0,0.0,0.0,-1.0,0.0,0.0,106.0,534.0
9302.0,0.0,-3.0818,-0.0,0.0,0.0,0.0,-1.0,0.0,0.0,106.0,515.0
9343.0,0.0,-3.0818,0.001,0.0,0.0,0.0,-1.0,0.0,0.0,106.0,515.0
9383.0,0.0,-3.0818,0.0,0.0,0.0,0.0,-1.0,0.0,0.0,106.0,515.0
9423.0,0.0,-3.0818,-0.0,0.0,0.0,0.0,-1.0,0.0,0.0,106.0,534.0
9463.0,0.0,-3.0818,-0.0,0.0,0.0,0.0,-1.0,0.0,0.0,106.0,515.0
9503.0,0.0,-3.0818,-0.0,0.0,0.0,0.0,-1.0,0.0,0.0,106.0,515.0
9544.0,0.0,-3.0818,0.0,0.0,0.0,0.0,-1.0,0.0,0.0,106.0,521.0
