t_ms,mode,theta,theta_dot,x,v,accel,energy,z1,z2,agc,loop_us
459732.0,0.0,-2.8639,-0.024,0.0,0.0,0.0,-1.0,0.0,0.0,128.0,539.0
459772.0,0.0,-2.8624,0.039,0.0,0.0,0.0,-1.0,0.0,0.0,128.0,526.0
459812.0,0.0,-2.8624,0.029,0.0,0.0,0.0,-1.0,0.0,0.0,128.0,538.0
459853.0,0.0,-2.8639,-0.036,0.0,0.0,0.0,-1.0,0.0,0.0,128.0,539.0
459893.0,0.0,-2.8639,-0.02,0.0,0.0,0.0,-1.0,0.0,0.0,128.0,533.0
459933.0,0.0,-2.8639,-0.036,0.0,0.0,0.0,-1.0,0.0,0.0,128.0,526.0
459973.0,0.0,-2.8639,0.009,0.0,0.0,0.0,-1.0,0.0,0.0,128.0,539.0
460014.0,0.0,-2.8639,-0.028,0.0,0.0,0.0,-1.0,0.0,0.0,128.0,538.0
460119.0,0.0,-2.8639,-0.017,0.0,0.0,0.0,-1.0,0.0,0.0,128.0,649.0
460159.0,0.0,-2.8639,-0.025,0.0,0.0,0.0,-1.0,0.0,0.0,128.0,532.0
460199.0,0.0,-2.8624,0.021,0.0,0.0,0.0,-1.0,0.0,0.0,128.0,539.0
460239.0,0.0,-2.8639,-0.027,0.0,0.0,0.0,-1.0,0.0,0.0,128.0,538.0
460280.0,0.0,-2.8639,0.029,0.0,0.0,0.0,-1.0,0.0,0.0,128.0,526.0
460320.0,0.0,-2.8639,-0.053,0.0,0.0,0.0,-1.0,0.0,0.0,128.0,539.0
460360.0,0.0,-2.8639,-0.01,0.0,0.0,0.0,-1.0,0.0,0.0,128.0,539.0
460400.0,0.0,-2.8639,0.03,0.0,0.0,0.0,-1.0,0.0,0.0,128.0,538.0
460440.0,0.0,-2.8639,0.014,0.0,0.0,0.0,-1.0,0.0,0.0,128.0,539.0
460481.0,0.0,-2.8624,0.02,0.0,0.0,0.0,-1.0,0.0,0.0,128.0,526.0
460521.0,0.0,-2.8639,-0.023,0.0,0.0,0.0,-1.0,0.0,0.0,128.0,526.0
460561.0,0.0,-2.8639,0.035,0.0,0.0,0.0,-1.0,0.0,0.0,128.0,533.0
460601.0,0.0,-2.8639,0.032,0.0,0.0,0.0,-1.0,0.0,0.0,128.0,539.0
460642.0,0.0,-2.8639,-0.051,0.0,0.0,0.0,-1.0,0.0,0.0,128.0,526.0
460682.0,0.0,-2.8639,0.002,0.0,0.0,0.0,-1.0,0.0,0.0,128.0,526.0
460722.0,0.0,-2.8639,0.04,0.0,0.0,0.0,-1.0,0.0,0.0,128.0,527.0
460762.0,0.0,-2.8624,0.017,0.0,0.0,0.0,-1.0,0.0,0.0,128.0,526.0
460803.0,0.0,-2.8624,-0.01,0.0,0.0,0.0,-1.0,0.0,0.0,128.0,526.0
460843.0,0.0,-2.8639,-0.002,0.0,0.0,0.0,-1.0,0.0,0.0,128.0,539.0
460883.0,0.0,-2.8639,-0.031,0.0,0.0,0.0,-1.0,0.0,0.0,128.0,539.0
460923.0,0.0,-2.8639,0.0,0.0,0.0,0.0,-1.0,0.0,0.0,128.0,539.0
460963.0,0.0,-2.8624,0.025,0.0,0.0,0.0,-1.0,0.0,0.0,128.0,538.0
461004.0,0.0,-2.8639,-0.032,0.0,0.0,0.0,-1.0,0.0,0.0,128.0,527.0
461044.0,0.0,-2.8639,-0.009,0.0,0.0,0.0,-1.0,0.0,0.0,128.0,527.0
461085.0,0.0,-2.8639,-0.037,0.0,0.0,0.0,-1.0,0.0,0.0,128.0,539.0
461125.0,0.0,-2.8639,-0.002,0.0,0.0,0.0,-1.0,0.0,0.0,128.0,539.0
461165.0,0.0,-2.8624,-0.002,0.0,0.0,0.0,-1.0,0.0,0.0,128.0,539.0
461206.0,0.0,-2.8624,0.061,0.0,0.0,0.0,-1.0,0.0,0.0,128.0,539.0
461246.0,0.0,-2.8624,0.019,0.0,0.0,0.0,-1.0,0.0,0.0,128.0,539.0
461287.0,0.0,-2.8639,0.002,0.0,0.0,0.0,-1.0,0.0,0.0,128.0,527.0
461327.0,0.0,-2.8639,0.001,0.0,0.0,0.0,-1.0,0.0,0.0,128.0,539.0
461367.0,0.0,-2.8639,0.022,0.0,0.0,0.0,-1.0,0.0,0.0,128.0,533.0
461407.0,0.0,-2.8639,-0.001,0.0,0.0,0.0,-1.0,0.0,0.0,128.0,539.0
461447.0,0.0,-2.8639,-0.064,0.0,0.0,0.0,-1.0,0.0,0.0,128.0,539.0
461488.0,0.0,-2.8624,0.034,0.0,0.0,0.0,-1.0,0.0,0.0,128.0,532.0
461528.0,0.0,-2.8624,0.022,0.0,0.0,0.0,-1.0,0.0,0.0,128.0,539.0
461569.0,0.0,-2.8639,-0.004,0.0,0.0,0.0,-1.0,0.0,0.0,128.0,526.0
461609.0,0.0,-2.8639,0.025,0.0,0.0,0.0,-1.0,0.0,0.0,128.0,533.0
461649.0,0.0,-2.8639,-0.034,0.0,0.0,0.0,-1.0,0.0,0.0,128.0,532.0
461689.0,0.0,-2.8639,-0.001,0.0,0.0,0.0,-1.0,0.0,0.0,128.0,532.0
461729.0,0.0,-2.8639,-0.0,0.0,0.0,0.0,-1.0,0.0,0.0,128.0,533.0
461769.0,0.0,-2.8639,-0.013,0.0,0.0,0.0,-1.0,0.0,0.0,128.0,527.0
461809.0,0.0,-2.8639,-0.037,0.0,0.0,0.0,-1.0,0.0,0.0,128.0,539.0
461850.0,0.0,-2.8639,-0.01,0.0,0.0,0.0,-1.0,0.0,0.0,128.0,539.0
461890.0,0.0,-2.8624,0.02,0.0,0.0,0.0,-1.0,0.0,0.0,128.0,539.0
461930.0,0.0,-2.8639,-0.022,0.0,0.0,0.0,-1.0,0.0,0.0,128.0,539.0
461971.0,0.0,-2.8639,-0.009,0.0,0.0,0.0,-1.0,0.0,0.0,128.0,527.0
462011.0,0.0,-2.8639,-0.013,0.0,0.0,0.0,-1.0,0.0,0.0,128.0,538.0
462051.0,0.0,-2.8639,-0.002,0.0,0.0,0.0,-1.0,0.0,0.0,128.0,533.0
462091.0,0.0,-2.8624,0.084,0.0,0.0,0.0,-1.0,0.0,0.0,128.0,533.0
462131.0,0.0,-2.8639,0.007,0.0,0.0,0.0,-1.0,0.0,0.0,128.0,539.0
462172.0,0.0,-2.8639,-0.036,0.0,0.0,0.0,-1.0,0.0,0.0,128.0,539.0
462212.0,0.0,-2.8563,0.559,0.0,0.0,0.0,-1.0,0.0,0.0,128.0,527.0
462253.0,0.0,-2.8379,1.015,0.0,0.0,0.0,-1.0,0.0,0.0,128.0,538.0
462293.0,0.0,-2.8517,-0.762,0.0,0.0,0.0,-1.0,0.0,0.0,128.0,532.0
462333.0,0.0,-2.8716,0.156,0.0,0.0,0.0,-1.0,0.0,0.0,128.0,532.0
462374.0,0.0,-2.8348,0.672,0.0,0.0,0.0,-1.0,0.0,0.0,128.0,532.0
462414.0,0.0,-2.8348,-0.15,0.0,0.0,0.0,-1.0,0.0,0.0,128.0,526.0
462454.0,0.0,-2.8747,-0.477,0.0,0.0,0.0,-1.0,0.0,0.0,128.0,526.0
462494.0,0.0,-2.8348,0.803,0.0,0.0,0.0,-1.0,0.0,0.0,128.0,532.0
462534.0,0.0,-2.8287,-0.012,0.0,0.0,0.0,-1.0,0.0,0.0,128.0,538.0
462574.0,0.0,-2.8747,-1.919,0.0,0.0,0.0,-1.0,0.0,0.0,128.0,539.0
462615.0,0.0,-2.8394,1.072,0.0,0.0,0.0,-1.0,0.0,0.0,128.0,526.0
462655.0,0.0,-2.8179,0.362,0.0,0.0,0.0,-1.0,0.0,0.0,128.0,539.0
462695.0,0.0,-2.8287,-0.672,0.0,0.0,0.0,-1.0,0.0,0.0,128.0,533.0
462736.0,0.0,-2.8241,1.307,0.0,0.0,0.0,-1.0,0.0,0.0,128.0,539.0
462776.0,0.0,-2.8348,-1.714,0.0,0.0,0.0,-1.0,0.0,0.0,128.0,533.0
462816.0,0.0,-2.9268,-1.139,0.0,0.0,0.0,-1.0,0.0,0.0,128.0,533.0
462856.0,0.0,-2.9775,-1.646,0.0,0.0,0.0,-1.0,0.0,0.0,128.0,539.0
462897.0,0.0,-2.8701,0.531,0.0,0.0,0.0,-1.0,0.0,0.0,128.0,533.0
462937.0,0.0,-2.8164,0.856,0.0,0.0,0.0,-1.0,0.0,0.0,128.0,539.0
462978.0,0.0,-2.8409,0.197,0.0,0.0,0.0,-1.0,0.0,0.0,128.0,539.0
463018.0,0.0,-2.7013,3.056,0.0,0.0,0.0,-1.0,0.0,0.0,128.0,539.0
463058.0,0.0,-2.8057,-3.333,0.0,0.0,0.0,-1.0,0.0,0.0,128.0,539.0
463099.0,0.0,-2.9054,0.028,0.0,0.0,0.0,-1.0,0.0,0.0,128.0,527.0
463139.0,0.0,-2.9023,0.132,0.0,0.0,0.0,-1.0,0.0,0.0,128.0,527.0
463179.0,0.0,-2.9146,-1.706,0.0,0.0,0.0,-1.0,0.0,0.0,128.0,539.0
463220.0,0.0,-2.9176,0.721,0.0,0.0,0.0,-1.0,0.0,0.0,128.0,539.0
463260.0,0.0,-2.9008,0.196,0.0,0.0,0.0,-1.0,0.0,0.0,128.0,533.0
463301.0,0.0,-2.8578,0.724,0.0,0.0,0.0,-1.0,0.0,0.0,128.0,532.0
463341.0,0.0,-2.8271,1.445,0.0,0.0,0.0,-1.0,0.0,0.0,128.0,539.0
463381.0,0.0,-2.8241,-1.524,0.0,0.0,0.0,-1.0,0.0,0.0,128.0,533.0
463421.0,0.0,-2.8225,0.912,0.0,0.0,0.0,-1.0,0.0,0.0,128.0,538.0
463462.0,0.0,-2.8394,-0.748,0.0,0.0,0.0,-1.0,0.0,0.0,128.0,527.0
463502.0,0.0,-2.8302,0.199,0.0,0.0,0.0,-1.0,0.0,0.0,128.0,538.0
463542.0,0.0,-2.8379,-0.389,0.0,0.0,0.0,-1.0,0.0,0.0,128.0,525.0
463583.0,0.0,-2.8624,-0.729,0.0,0.0,0.0,-1.0,0.0,0.0,128.0,526.0
463623.0,0.0,-2.8931,-0.782,0.0,0.0,0.0,-1.0,0.0,0.0,128.0,532.0
463663.0,0.0,-2.9176,-0.514,0.0,0.0,0.0,-1.0,0.0,0.0,128.0,526.0
463704.0,0.0,-2.9222,0.078,0.0,0.0,0.0,-1.0,0.0,0.0,128.0,539.0
463744.0,0.0,-2.9054,0.557,0.0,0.0,0.0,-1.0,0.0,0.0,128.0,526.0
463784.0,0.0,-2.8808,0.561,0.0,0.0,0.0,-1.0,0.0,0.0,128.0,526.0
463824.0,0.0,-2.8609,0.411,0.0,0.0,0.0,-1.0,0.0,0.0,128.0,539.0
463864.0,0.0,-2.8517,0.137,0.0,0.0,0.0,-1.0,0.0,0.0,128.0,539.0
463905.0,0.0,-2.8563,-0.237,0.0,0.0,0.0,-1.0,0.0,0.0,128.0,526.0
463945.0,0.0,-2.8716,-0.467,0.0,0.0,0.0,-1.0,0.0,0.0,128.0,539.0
463985.0,0.0,-2.8916,-0.532,0.0,0.0,0.0,-1.0,0.0,0.0,128.0,538.0
464026.0,0.0,-2.9084,-0.34,0.0,0.0,0.0,-1.0,0.0,0.0,128.0,532.0
464066.0,0.0,-2.9084,0.068,0.0,0.0,0.0,-1.0,0.0,0.0,128.0,532.0
464107.0,0.0,-2.8977,0.36,0.0,0.0,0.0,-1.0,0.0,0.0,128.0,532.0
464147.0,0.0,-2.8823,0.346,0.0,0.0,0.0,-1.0,0.0,0.0,128.0,526.0
464187.0,0.0,-2.8716,0.203,0.0,0.0,0.0,-1.0,0.0,0.0,128.0,532.0
464228.0,0.0,-2.867,0.089,0.0,0.0,0.0,-1.0,0.0,0.0,128.0,532.0
464268.0,0.0,-2.8731,-0.204,0.0,0.0,0.0,-1.0,0.0,0.0,128.0,533.0
464309.0,0.0,-2.8839,-0.259,0.0,0.0,0.0,-1.0,0.0,0.0,128.0,526.0
464349.0,0.0,-2.8962,-0.259,0.0,0.0,0.0,-1.0,0.0,0.0,128.0,526.0
464389.0,0.0,-2.9008,-0.072,0.0,0.0,0.0,-1.0,0.0,0.0,128.0,527.0
464430.0,0.0,-2.8992,0.109,0.0,0.0,0.0,-1.0,0.0,0.0,128.0,526.0
464470.0,0.0,-2.89,0.278,0.0,0.0,0.0,-1.0,0.0,0.0,128.0,532.0
464510.0,0.0,-2.8823,0.178,0.0,0.0,0.0,-1.0,0.0,0.0,128.0,532.0
464550.0,0.0,-2.8777,0.078,0.0,0.0,0.0,-1.0,0.0,0.0,128.0,527.0
464590.0,0.0,-2.8808,-0.093,0.0,0.0,0.0,-1.0,0.0,0.0,128.0,539.0
464631.0,0.0,-2.8854,-0.197,0.0,0.0,0.0,-1.0,0.0,0.0,128.0,538.0
464671.0,0.0,-2.8916,-0.155,0.0,0.0,0.0,-1.0,0.0,0.0,128.0,527.0
464712.0,0.0,-2.8962,-0.098,0.0,0.0,0.0,-1.0,0.0,0.0,128.0,526.0
464752.0,0.0,-2.8946,0.066,0.0,0.0,0.0,-1.0,0.0,0.0,128.0,532.0
464792.0,0.0,-2.8916,0.124,0.0,0.0,0.0,-1.0,0.0,0.0,128.0,538.0
464833.0,0.0,-2.887,0.062,0.0,0.0,0.0,-1.0,0.0,0.0,128.0,532.0
464873.0,0.0,-2.8839,0.084,0.0,0.0,0.0,-1.0,0.0,0.0,128.0,533.0
464914.0,0.0,-2.8854,-0.023,0.0,0.0,0.0,-1.0,0.0,0.0,128.0,538.0
464954.0,0.0,-2.8885,-0.09,0.0,0.0,0.0,-1.0,0.0,0.0,128.0,526.0
464994.0,0.0,-2.8916,-0.088,0.0,0.0,0.0,-1.0,0.0,0.0,128.0,526.0
465034.0,0.0,-2.8931,0.029,0.0,0.0,0.0,-1.0,0.0,0.0,128.0,526.0
465075.0,0.0,-2.8931,0.021,0.0,0.0,0.0,-1.0,0.0,0.0,128.0,527.0
465115.0,0.0,-2.8916,0.022,0.0,0.0,0.0,-1.0,0.0,0.0,128.0,532.0
465155.0,0.0,-2.8885,0.041,0.0,0.0,0.0,-1.0,0.0,0.0,128.0,533.0
465195.0,0.0,-2.887,0.008,0.0,0.0,0.0,-1.0,0.0,0.0,128.0,533.0
465235.0,0.0,-2.8885,-0.087,0.0,0.0,0.0,-1.0,0.0,0.0,128.0,538.0
465276.0,0.0,-2.89,-0.002,0.0,0.0,0.0,-1.0,0.0,0.0,128.0,532.0
465316.0,0.0,-2.8916,-0.003,0.0,0.0,0.0,-1.0,0.0,0.0,128.0,526.0
465356.0,0.0,-2.8916,0.013,0.0,0.0,0.0,-1.0,0.0,0.0,128.0,527.0
465396.0,0.0,-2.8916,0.052,0.0,0.0,0.0,-1.0,0.0,0.0,128.0,538.0
465436.0,0.0,-2.8885,0.081,0.0,0.0,0.0,-1.0,0.0,0.0,128.0,532.0
465477.0,0.0,-2.8885,0.023,0.0,0.0,0.0,-1.0,0.0,0.0,128.0,532.0
465517.0,0.0,-2.8885,-0.001,0.0,0.0,0.0,-1.0,0.0,0.0,128.0,532.0
465557.0,0.0,-2.89,-0.016,0.0,0.0,0.0,-1.0,0.0,0.0,128.0,532.0
465597.0,0.0,-2.8916,-0.071,0.0,0.0,0.0,-1.0,0.0,0.0,128.0,532.0
465638.0,0.0,-2.8916,-0.007,0.0,0.0,0.0,-1.0,0.0,0.0,128.0,526.0
465678.0,0.0,-2.89,0.058,0.0,0.0,0.0,-1.0,0.0,0.0,128.0,526.0
465718.0,0.0,-2.89,0.0,0.0,0.0,0.0,-1.0,0.0,0.0,128.0,532.0
465759.0,0.0,-2.89,-0.008,0.0,0.0,0.0,-1.0,0.0,0.0,128.0,526.0
465799.0,0.0,-2.89,-0.035,0.0,0.0,0.0,-1.0,0.0,0.0,128.0,532.0
465839.0,0.0,-2.89,-0.0,0.0,0.0,0.0,-1.0,0.0,0.0,128.0,533.0
465880.0,0.0,-2.89,-0.024,0.0,0.0,0.0,-1.0,0.0,0.0,128.0,539.0
465920.0,0.0,-2.89,0.027,0.0,0.0,0.0,-1.0,0.0,0.0,128.0,526.0
465960.0,0.0,-2.89,0.011,0.0,0.0,0.0,-1.0,0.0,0.0,128.0,538.0
466001.0,0.0,-2.89,-0.006,0.0,0.0,0.0,-1.0,0.0,0.0,128.0,532.0
466041.0,0.0,-2.89,-0.017,0.0,0.0,0.0,-1.0,0.0,0.0,128.0,526.0
466081.0,0.0,-2.89,-0.0,0.0,0.0,0.0,-1.0,0.0,0.0,128.0,532.0
466121.0,0.0,-2.89,0.003,0.0,0.0,0.0,-1.0,0.0,0.0,128.0,539.0
466162.0,0.0,-2.89,0.001,0.0,0.0,0.0,-1.0,0.0,0.0,128.0,526.0
466202.0,0.0,-2.89,0.002,0.0,0.0,0.0,-1.0,0.0,0.0,128.0,538.0
466242.0,0.0,-2.89,0.005,0.0,0.0,0.0,-1.0,0.0,0.0,128.0,539.0
466282.0,0.0,-2.8885,0.053,0.0,0.0,0.0,-1.0,0.0,0.0,128.0,526.0
466322.0,0.0,-2.89,-0.011,0.0,0.0,0.0,-1.0,0.0,0.0,128.0,532.0
466362.0,0.0,-2.89,0.003,0.0,0.0,0.0,-1.0,0.0,0.0,128.0,532.0
466402.0,0.0,-2.89,-0.007,0.0,0.0,0.0,-1.0,0.0,0.0,128.0,532.0
466442.0,0.0,-2.89,-0.006,0.0,0.0,0.0,-1.0,0.0,0.0,128.0,538.0
466483.0,0.0,-2.89,0.009,0.0,0.0,0.0,-1.0,0.0,0.0,128.0,527.0
466523.0,0.0,-2.89,-0.004,0.0,0.0,0.0,-1.0,0.0,0.0,128.0,526.0
466563.0,0.0,-2.89,0.019,0.0,0.0,0.0,-1.0,0.0,0.0,128.0,539.0
466604.0,0.0,-2.89,-0.001,0.0,0.0,0.0,-1.0,0.0,0.0,128.0,532.0
466644.0,0.0,-2.89,0.0,0.0,0.0,0.0,-1.0,0.0,0.0,128.0,525.0
466684.0,0.0,-2.89,0.008,0.0,0.0,0.0,-1.0,0.0,0.0,128.0,532.0
466725.0,0.0,-2.89,0.009,0.0,0.0,0.0,-1.0,0.0,0.0,128.0,653.0
466765.0,0.0,-2.89,-0.0,0.0,0.0,0.0,-1.0,0.0,0.0,128.0,526.0
466805.0,0.0,-2.89,0.009,0.0,0.0,0.0,-1.0,0.0,0.0,128.0,539.0
466845.0,0.0,-2.89,0.0,0.0,0.0,0.0,-1.0,0.0,0.0,128.0,526.0
466885.0,0.0,-2.89,0.007,0.0,0.0,0.0,-1.0,0.0,0.0,128.0,526.0
466925.0,0.0,-2.89,0.009,0.0,0.0,0.0,-1.0,0.0,0.0,128.0,527.0
466965.0,0.0,-2.89,0.005,0.0,0.0,0.0,-1.0,0.0,0.0,128.0,538.0
467006.0,0.0,-2.89,0.017,0.0,0.0,0.0,-1.0,0.0,0.0,128.0,532.0
467046.0,0.0,-2.89,0.0,0.0,0.0,0.0,-1.0,0.0,0.0,128.0,532.0
467087.0,0.0,-2.89,-0.0,0.0,0.0,0.0,-1.0,0.0,0.0,128.0,525.0
467127.0,0.0,-2.89,0.0,0.0,0.0,0.0,-1.0,0.0,0.0,128.0,538.0
467167.0,0.0,-2.8916,-0.055,0.0,0.0,0.0,-1.0,0.0,0.0,128.0,538.0
467207.0,0.0,-2.89,0.0,0.0,0.0,0.0,-1.0,0.0,0.0,128.0,533.0
467248.0,0.0,-2.89,-0.0,0.0,0.0,0.0,-1.0,0.0,0.0,128.0,519.0
467288.0,0.0,-2.89,-0.0,0.0,0.0,0.0,-1.0,0.0,0.0,128.0,525.0
467329.0,0.0,-2.89,-0.0,0.0,0.0,0.0,-1.0,0.0,0.0,128.0,531.0
467369.0,0.0,-2.89,0.009,0.0,0.0,0.0,-1.0,0.0,0.0,128.0,533.0
467409.0,0.0,-2.89,0.0,0.0,0.0,0.0,-1.0,0.0,0.0,128.0,539.0
467449.0,0.0,-2.89,-0.03,0.0,0.0,0.0,-1.0,0.0,0.0,128.0,538.0
467490.0,0.0,-2.89,-0.002,0.0,0.0,0.0,-1.0,0.0,0.0,128.0,533.0
467530.0,0.0,-2.89,0.004,0.0,0.0,0.0,-1.0,0.0,0.0,128.0,527.0
467570.0,0.0,-2.89,-0.0,0.0,0.0,0.0,-1.0,0.0,0.0,128.0,524.0
467611.0,0.0,-2.89,-0.0,0.0,0.0,0.0,-1.0,0.0,0.0,128.0,519.0
467651.0,0.0,-2.89,-0.0,0.0,0.0,0.0,-1.0,0.0,0.0,128.0,531.0
467691.0,0.0,-2.89,-0.0,0.0,0.0,0.0,-1.0,0.0,0.0,128.0,525.0
467731.0,0.0,-2.89,0.034,0.0,0.0,0.0,-1.0,0.0,0.0,128.0,526.0
467771.0,0.0,-2.89,-0.0,0.0,0.0,0.0,-1.0,0.0,0.0,128.0,532.0
467811.0,0.0,-2.8916,-0.054,0.0,0.0,0.0,-1.0,0.0,0.0,128.0,538.0
467852.0,0.0,-2.89,-0.034,0.0,0.0,0.0,-1.0,0.0,0.0,128.0,526.0
467892.0,0.0,-2.89,0.0,0.0,0.0,0.0,-1.0,0.0,0.0,128.0,533.0
467932.0,0.0,-2.89,-0.007,0.0,0.0,0.0,-1.0,0.0,0.0,128.0,533.0
467973.0,0.0,-2.89,0.0,0.0,0.0,0.0,-1.0,0.0,0.0,128.0,539.0
468013.0,0.0,-2.89,-0.018,0.0,0.0,0.0,-1.0,0.0,0.0,128.0,533.0
468054.0,0.0,-2.89,0.0,0.0,0.0,0.0,-1.0,0.0,0.0,128.0,526.0
468094.0,0.0,-2.89,-0.0,0.0,0.0,0.0,-1.0,0.0,0.0,128.0,519.0
468134.0,0.0,-2.89,-0.003,0.0,0.0,0.0,-1.0,0.0,0.0,128.0,527.0
468174.0,0.0,-2.89,0.0,0.0,0.0,0.0,-1.0,0.0,0.0,128.0,539.0
468214.0,0.0,-2.89,0.004,0.0,0.0,0.0,-1.0,0.0,0.0,128.0,538.0
468255.0,0.0,-2.89,0.0,0.0,0.0,0.0,-1.0,0.0,0.0,128.0,539.0
468295.0,0.0,-2.89,-0.0,0.0,0.0,0.0,-1.0,0.0,0.0,128.0,531.0
468336.0,0.0,-2.89,-0.0,0.0,0.0,0.0,-1.0,0.0,0.0,128.0,519.0
468376.0,0.0,-2.89,-0.0,0.0,0.0,0.0,-1.0,0.0,0.0,128.0,525.0
468416.0,0.0,-2.89,0.001,0.0,0.0,0.0,-1.0,0.0,0.0,128.0,526.0
468457.0,0.0,-2.89,-0.002,0.0,0.0,0.0,-1.0,0.0,0.0,128.0,527.0
468497.0,0.0,-2.89,-0.009,0.0,0.0,0.0,-1.0,0.0,0.0,128.0,526.0
468537.0,0.0,-2.89,0.002,0.0,0.0,0.0,-1.0,0.0,0.0,128.0,526.0
468577.0,0.0,-2.89,-0.0,0.0,0.0,0.0,-1.0,0.0,0.0,128.0,532.0
468618.0,0.0,-2.89,0.0,0.0,0.0,0.0,-1.0,0.0,0.0,128.0,531.0
468658.0,0.0,-2.89,0.003,0.0,0.0,0.0,-1.0,0.0,0.0,128.0,533.0
468698.0,0.0,-2.89,-0.009,0.0,0.0,0.0,-1.0,0.0,0.0,128.0,527.0
468738.0,0.0,-2.89,0.0,0.0,0.0,0.0,-1.0,0.0,0.0,128.0,538.0
468779.0,0.0,-2.89,0.0,0.0,0.0,0.0,-1.0,0.0,0.0,128.0,532.0
468819.0,0.0,-2.89,0.017,0.0,0.0,0.0,-1.0,0.0,0.0,128.0,532.0
468859.0,0.0,-2.89,0.0,0.0,0.0,0.0,-1.0,0.0,0.0,128.0,533.0
468900.0,0.0,-2.89,-0.033,0.0,0.0,0.0,-1.0,0.0,0.0,128.0,532.0
468940.0,0.0,-2.89,0.0,0.0,0.0,0.0,-1.0,0.0,0.0,128.0,533.0
468980.0,0.0,-2.89,-0.0,0.0,0.0,0.0,-1.0,0.0,0.0,128.0,525.0
469021.0,0.0,-2.89,-0.0,0.0,0.0,0.0,-1.0,0.0,0.0,128.0,531.0
469061.0,0.0,-2.89,-0.0,0.0,0.0,0.0,-1.0,0.0,0.0,128.0,519.0
469101.0,0.0,-2.89,-0.0,0.0,0.0,0.0,-1.0,0.0,0.0,128.0,525.0
469141.0,0.0,-2.89,0.002,0.0,0.0,0.0,-1.0,0.0,0.0,128.0,533.0
469182.0,0.0,-2.89,0.0,0.0,0.0,0.0,-1.0,0.0,0.0,128.0,527.0
469222.0,0.0,-2.89,0.003,0.0,0.0,0.0,-1.0,0.0,0.0,128.0,527.0
469262.0,0.0,-2.89,0.0,0.0,0.0,0.0,-1.0,0.0,0.0,128.0,533.0
469303.0,0.0,-2.89,-0.0,0.0,0.0,0.0,-1.0,0.0,0.0,128.0,520.0
469343.0,0.0,-2.89,-0.0,0.0,0.0,0.0,-1.0,0.0,0.0,128.0,532.0
469383.0,0.0,-2.89,-0.007,0.0,0.0,0.0,-1.0,0.0,0.0,128.0,538.0
469423.0,0.0,-2.89,-0.0,0.0,0.0,0.0,-1.0,0.0,0.0,128.0,538.0
469464.0,0.0,-2.89,0.0,0.0,0.0,0.0,-1.0,0.0,0.0,128.0,538.0
469504.0,0.0,-2.89,-0.0,0.0,0.0,0.0,-1.0,0.0,0.0,128.0,531.0
469544.0,0.0,-2.89,-0.0,0.0,0.0,0.0,-1.0,0.0,0.0,128.0,531.0
469585.0,0.0,-2.89,-0.0,0.0,0.0,0.0,-1.0,0.0,0.0,128.0,526.0
469625.0,0.0,-2.89,0.0,0.0,0.0,0.0,-1.0,0.0,0.0,128.0,532.0
469665.0,0.0,-2.89,0.005,0.0,0.0,0.0,-1.0,0.0,0.0,128.0,527.0
469706.0,0.0,-2.89,0.002,0.0,0.0,0.0,-1.0,0.0,0.0,128.0,538.0
469746.0,0.0,-2.89,-0.0,0.0,0.0,0.0,-1.0,0.0,0.0,128.0,526.0
469786.0,0.0,-2.89,-0.0,0.0,0.0,0.0,-1.0,0.0,0.0,128.0,539.0
469826.0,0.0,-2.89,0.0,0.0,0.0,0.0,-1.0,0.0,0.0,128.0,532.0
469867.0,0.0,-2.89,0.0,0.0,0.0,0.0,-1.0,0.0,0.0,128.0,519.0
469907.0,0.0,-2.89,-0.006,0.0,0.0,0.0,-1.0,0.0,0.0,128.0,539.0
469947.0,0.0,-2.89,0.0,0.0,0.0,0.0,-1.0,0.0,0.0,128.0,538.0
469987.0,0.0,-2.89,0.001,0.0,0.0,0.0,-1.0,0.0,0.0,128.0,527.0
470027.0,0.0,-2.89,-0.0,0.0,0.0,0.0,-1.0,0.0,0.0,128.0,532.0
470067.0,0.0,-2.89,0.034,0.0,0.0,0.0,-1.0,0.0,0.0,128.0,533.0
470107.0,0.0,-2.89,-0.0,0.0,0.0,0.0,-1.0,0.0,0.0,128.0,538.0
470148.0,0.0,-2.89,-0.0,0.0,0.0,0.0,-1.0,0.0,0.0,128.0,526.0
470188.0,0.0,-2.89,0.0,0.0,0.0,0.0,-1.0,0.0,0.0,128.0,531.0
470228.0,0.0,-2.89,0.004,0.0,0.0,0.0,-1.0,0.0,0.0,128.0,539.0
470268.0,0.0,-2.89,-0.0,0.0,0.0,0.0,-1.0,0.0,0.0,128.0,532.0
470309.0,0.0,-2.89,0.0,0.0,0.0,0.0,-1.0,0.0,0.0,128.0,532.0
470349.0,0.0,-2.89,-0.009,0.0,0.0,0.0,-1.0,0.0,0.0,128.0,539.0
470390.0,0.0,-2.89,0.002,0.0,0.0,0.0,-1.0,0.0,0.0,128.0,527.0
470430.0,0.0,-2.89,-0.0,0.0,0.0,0.0,-1.0,0.0,0.0,128.0,525.0
470470.0,0.0,-2.89,-0.0,0.0,0.0,0.0,-1.0,0.0,0.0,128.0,519.0
470510.0,0.0,-2.89,-0.0,0.0,0.0,0.0,-1.0,0.0,0.0,128.0,525.0
470551.0,0.0,-2.89,-0.0,0.0,0.0,0.0,-1.0,0.0,0.0,128.0,531.0
470591.0,0.0,-2.89,-0.0,0.0,0.0,0.0,-1.0,0.0,0.0,128.0,519.0
470631.0,0.0,-2.89,-0.009,0.0,0.0,0.0,-1.0,0.0,0.0,128.0,526.0
470671.0,0.0,-2.89,0.0,0.0,0.0,0.0,-1.0,0.0,0.0,128.0,532.0
470712.0,0.0,-2.89,0.0,0.0,0.0,0.0,-1.0,0.0,0.0,128.0,531.0
470752.0,0.0,-2.89,-0.001,0.0,0.0,0.0,-1.0,0.0,0.0,128.0,538.0
470792.0,0.0,-2.89,-0.015,0.0,0.0,0.0,-1.0,0.0,0.0,128.0,526.0
470832.0,0.0,-2.89,0.0,0.0,0.0,0.0,-1.0,0.0,0.0,128.0,532.0
470873.0,0.0,-2.89,0.001,0.0,0.0,0.0,-1.0,0.0,0.0,128.0,526.0
470913.0,0.0,-2.89,-0.0,0.0,0.0,0.0,-1.0,0.0,0.0,128.0,519.0
470953.0,0.0,-2.89,-0.0,0.0,0.0,0.0,-1.0,0.0,0.0,128.0,526.0
470993.0,0.0,-2.89,0.019,0.0,0.0,0.0,-1.0,0.0,0.0,128.0,532.0
471033.0,0.0,-2.89,-0.0,0.0,0.0,0.0,-1.0,0.0,0.0,128.0,538.0
471074.0,0.0,-2.89,0.0,0.0,0.0,0.0,-1.0,0.0,0.0,128.0,525.0
471114.0,0.0,-2.89,0.0,0.0,0.0,0.0,-1.0,0.0,0.0,128.0,525.0
471155.0,0.0,-2.89,0.0,0.0,0.0,0.0,-1.0,0.0,0.0,128.0,531.0
471195.0,0.0,-2.89,-0.001,0.0,0.0,0.0,-1.0,0.0,0.0,128.0,526.0
471235.0,0.0,-2.89,-0.003,0.0,0.0,0.0,-1.0,0.0,0.0,128.0,527.0
471276.0,0.0,-2.89,0.0,0.0,0.0,0.0,-1.0,0.0,0.0,128.0,531.0
471316.0,0.0,-2.89,0.008,0.0,0.0,0.0,-1.0,0.0,0.0,128.0,538.0
471356.0,0.0,-2.89,0.019,0.0,0.0,0.0,-1.0,0.0,0.0,128.0,539.0
471396.0,0.0,-2.89,-0.004,0.0,0.0,0.0,-1.0,0.0,0.0,128.0,526.0
471436.0,0.0,-2.89,-0.01,0.0,0.0,0.0,-1.0,0.0,0.0,128.0,527.0
471476.0,0.0,-2.89,0.003,0.0,0.0,0.0,-1.0,0.0,0.0,128.0,526.0
471517.0,0.0,-2.89,-0.0,0.0,0.0,0.0,-1.0,0.0,0.0,128.0,519.0
471557.0,0.0,-2.89,-0.0,0.0,0.0,0.0,-1.0,0.0,0.0,128.0,526.0
471597.0,0.0,-2.89,0.0,0.0,0.0,0.0,-1.0,0.0,0.0,128.0,532.0
471637.0,0.0,-2.89,0.0,0.0,0.0,0.0,-1.0,0.0,0.0,128.0,532.0
471678.0,0.0,-2.89,0.0,0.0,0.0,0.0,-1.0,0.0,0.0,128.0,531.0
471718.0,0.0,-2.89,-0.002,0.0,0.0,0.0,-1.0,0.0,0.0,128.0,532.0
471758.0,0.0,-2.89,0.0,0.0,0.0,0.0,-1.0,0.0,0.0,128.0,532.0
471799.0,0.0,-2.89,-0.0,0.0,0.0,0.0,-1.0,0.0,0.0,128.0,526.0
471839.0,0.0,-2.89,0.0,0.0,0.0,0.0,-1.0,0.0,0.0,128.0,531.0
471879.0,0.0,-2.89,0.0,0.0,0.0,0.0,-1.0,0.0,0.0,128.0,525.0
471919.0,0.0,-2.89,0.0,0.0,0.0,0.0,-1.0,0.0,0.0,128.0,525.0
471959.0,0.0,-2.89,-0.009,0.0,0.0,0.0,-1.0,0.0,0.0,128.0,538.0
472000.0,0.0,-2.89,-0.0,0.0,0.0,0.0,-1.0,0.0,0.0,128.0,526.0
472040.0,0.0,-2.8916,-0.054,0.0,0.0,0.0,-1.0,0.0,0.0,128.0,538.0
472080.0,0.0,-2.89,-0.009,0.0,0.0,0.0,-1.0,0.0,0.0,128.0,526.0
472120.0,0.0,-2.89,-0.007,0.0,0.0,0.0,-1.0,0.0,0.0,128.0,538.0
472161.0,0.0,-2.89,0.008,0.0,0.0,0.0,-1.0,0.0,0.0,128.0,526.0
472201.0,0.0,-2.89,-0.005,0.0,0.0,0.0,-1.0,0.0,0.0,128.0,526.0
472241.0,0.0,-2.89,0.0,0.0,0.0,0.0,-1.0,0.0,0.0,128.0,525.0
472282.0,0.0,-2.89,0.003,0.0,0.0,0.0,-1.0,0.0,0.0,128.0,526.0
472322.0,0.0,-2.89,-0.0,0.0,0.0,0.0,-1.0,0.0,0.0,128.0,532.0
472362.0,0.0,-2.89,-0.0,0.0,0.0,0.0,-1.0,0.0,0.0,128.0,531.0
472403.0,0.0,-2.89,-0.009,0.0,0.0,0.0,-1.0,0.0,0.0,128.0,526.0
472443.0,0.0,-2.89,0.045,0.0,0.0,0.0,-1.0,0.0,0.0,128.0,526.0
472483.0,0.0,-2.89,0.003,0.0,0.0,0.0,-1.0,0.0,0.0,128.0,539.0
472524.0,0.0,-2.89,-0.0,0.0,0.0,0.0,-1.0,0.0,0.0,128.0,525.0
472564.0,0.0,-2.89,0.007,0.0,0.0,0.0,-1.0,0.0,0.0,128.0,526.0
472604.0,0.0,-2.89,-0.0,0.0,0.0,0.0,-1.0,0.0,0.0,128.0,526.0
472644.0,0.0,-2.89,0.009,0.0,0.0,0.0,-1.0,0.0,0.0,128.0,538.0
472685.0,0.0,-2.89,-0.006,0.0,0.0,0.0,-1.0,0.0,0.0,128.0,527.0
472725.0,0.0,-2.89,0.002,0.0,0.0,0.0,-1.0,0.0,0.0,128.0,527.0
472765.0,0.0,-2.89,-0.0,0.0,0.0,0.0,-1.0,0.0,0.0,128.0,531.0
472806.0,0.0,-2.89,-0.007,0.0,0.0,0.0,-1.0,0.0,0.0,128.0,527.0
472846.0,0.0,-2.89,0.0,0.0,0.0,0.0,-1.0,0.0,0.0,128.0,527.0
472887.0,0.0,-2.89,0.0,0.0,0.0,0.0,-1.0,0.0,0.0,128.0,525.0
472927.0,0.0,-2.89,-0.007,0.0,0.0,0.0,-1.0,0.0,0.0,128.0,526.0
472967.0,0.0,-2.89,-0.0,0.0,0.0,0.0,-1.0,0.0,0.0,128.0,538.0
473007.0,0.0,-2.89,-0.002,0.0,0.0,0.0,-1.0,0.0,0.0,128.0,538.0
473048.0,0.0,-2.89,-0.0,0.0,0.0,0.0,-1.0,0.0,0.0,128.0,533.0
473088.0,0.0,-2.89,0.0,0.0,0.0,0.0,-1.0,0.0,0.0,128.0,524.0
473128.0,0.0,-2.8916,-0.055,0.0,0.0,0.0,-1.0,0.0,0.0,128.0,532.0
473168.0,0.0,-2.89,-0.009,0.0,0.0,0.0,-1.0,0.0,0.0,128.0,532.0
473208.0,0.0,-2.89,-0.009,0.0,0.0,0.0,-1.0,0.0,0.0,128.0,538.0
473249.0,0.0,-2.89,-0.0,0.0,0.0,0.0,-1.0,0.0,0.0,128.0,532.0
473289.0,0.0,-2.89,0.0,0.0,0.0,0.0,-1.0,0.0,0.0,128.0,525.0
473330.0,0.0,-2.89,0.009,0.0,0.0,0.0,-1.0,0.0,0.0,128.0,526.0
473370.0,0.0,-2.8885,0.054,0.0,0.0,0.0,-1.0,0.0,0.0,128.0,538.0
473410.0,0.0,-2.89,-0.0,0.0,0.0,0.0,-1.0,0.0,0.0,128.0,532.0
473450.0,0.0,-2.89,0.0,0.0,0.0,0.0,-1.0,0.0,0.0,128.0,525.0
473491.0,0.0,-2.89,0.0,0.0,0.0,0.0,-1.0,0.0,0.0,128.0,532.0
473531.0,0.0,-2.89,0.001,0.0,0.0,0.0,-1.0,0.0,0.0,128.0,539.0
473571.0,0.0,-2.89,-0.0,0.0,0.0,0.0,-1.0,0.0,0.0,128.0,519.0
473611.0,0.0,-2.89,0.004,0.0,0.0,0.0,-1.0,0.0,0.0,128.0,527.0
473651.0,0.0,-2.89,-0.0,0.0,0.0,0.0,-1.0,0.0,0.0,128.0,525.0
473691.0,0.0,-2.89,-0.004,0.0,0.0,0.0,-1.0,0.0,0.0,128.0,539.0
473732.0,0.0,-2.89,0.0,0.0,0.0,0.0,-1.0,0.0,0.0,128.0,532.0
473772.0,0.0,-2.89,0.0,0.0,0.0,0.0,-1.0,0.0,0.0,128.0,525.0
473812.0,0.0,-2.89,-0.003,0.0,0.0,0.0,-1.0,0.0,0.0,128.0,526.0
473852.0,0.0,-2.89,-0.0,0.0,0.0,0.0,-1.0,0.0,0.0,128.0,526.0
473892.0,0.0,-2.89,-0.002,0.0,0.0,0.0,-1.0,0.0,0.0,128.0,538.0
473933.0,0.0,-2.89,0.0,0.0,0.0,0.0,-1.0,0.0,0.0,128.0,525.0
473973.0,0.0,-2.89,0.0,0.0,0.0,0.0,-1.0,0.0,0.0,128.0,519.0
474013.0,0.0,-2.89,0.0,0.0,0.0,0.0,-1.0,0.0,0.0,128.0,519.0
474053.0,0.0,-2.89,0.002,0.0,0.0,0.0,-1.0,0.0,0.0,128.0,532.0
474093.0,0.0,-2.89,-0.001,0.0,0.0,0.0,-1.0,0.0,0.0,128.0,532.0
474134.0,0.0,-2.89,-0.001,0.0,0.0,0.0,-1.0,0.0,0.0,128.0,527.0
474174.0,0.0,-2.89,-0.005,0.0,0.0,0.0,-1.0,0.0,0.0,128.0,533.0
474214.0,0.0,-2.89,0.0,0.0,0.0,0.0,-1.0,0.0,0.0,128.0,526.0
474254.0,0.0,-2.89,0.0,0.0,0.0,0.0,-1.0,0.0,0.0,128.0,526.0
474295.0,0.0,-2.89,0.0,0.0,0.0,0.0,-1.0,0.0,0.0,128.0,525.0
474335.0,0.0,-2.89,0.0,0.0,0.0,0.0,-1.0,0.0,0.0,128.0,519.0
474375.0,0.0,-2.89,0.0,0.0,0.0,0.0,-1.0,0.0,0.0,128.0,525.0
474416.0,0.0,-2.89,0.0,0.0,0.0,0.0,-1.0,0.0,0.0,128.0,519.0
474456.0,0.0,-2.89,-0.002,0.0,0.0,0.0,-1.0,0.0,0.0,128.0,526.0
474496.0,0.0,-2.89,0.0,0.0,0.0,0.0,-1.0,0.0,0.0,128.0,531.0
474536.0,0.0,-2.89,-0.005,0.0,0.0,0.0,-1.0,0.0,0.0,128.0,538.0
474576.0,0.0,-2.89,0.001,0.0,0.0,0.0,-1.0,0.0,0.0,128.0,526.0
474617.0,0.0,-2.89,-0.0,0.0,0.0,0.0,-1.0,0.0,0.0,128.0,520.0
474657.0,0.0,-2.89,-0.0,0.0,0.0,0.0,-1.0,0.0,0.0,128.0,531.0
474697.0,0.0,-2.89,-0.0,0.0,0.0,0.0,-1.0,0.0,0.0,128.0,532.0
474737.0,0.0,-2.89,-0.004,0.0,0.0,0.0,-1.0,0.0,0.0,128.0,526.0
474777.0,0.0,-2.8885,0.054,0.0,0.0,0.0,-1.0,0.0,0.0,128.0,533.0
474818.0,0.0,-2.89,-0.007,0.0,0.0,0.0,-1.0,0.0,0.0,128.0,532.0
474858.0,0.0,-2.89,-0.0,0.0,0.0,0.0,-1.0,0.0,0.0,128.0,526.0
474898.0,0.0,-2.89,-0.005,0.0,0.0,0.0,-1.0,0.0,0.0,128.0,526.0
474938.0,0.0,-2.89,-0.007,0.0,0.0,0.0,-1.0,0.0,0.0,128.0,538.0
474978.0,0.0,-2.89,-0.001,0.0,0.0,0.0,-1.0,0.0,0.0,128.0,538.0
475019.0,0.0,-2.89,-0.003,0.0,0.0,0.0,-1.0,0.0,0.0,128.0,526.0
475059.0,0.0,-2.89,0.0,0.0,0.0,0.0,-1.0,0.0,0.0,128.0,532.0
475099.0,0.0,-2.89,0.0,0.0,0.0,0.0,-1.0,0.0,0.0,128.0,531.0
475139.0,0.0,-2.89,-0.0,0.0,0.0,0.0,-1.0,0.0,0.0,128.0,527.0
475179.0,0.0,-2.8916,-0.054,0.0,0.0,0.0,-1.0,0.0,0.0,128.0,538.0
475220.0,0.0,-2.89,0.001,0.0,0.0,0.0,-1.0,0.0,0.0,128.0,533.0
475260.0,0.0,-2.89,-0.0,0.0,0.0,0.0,-1.0,0.0,0.0,128.0,519.0
475300.0,0.0,-2.89,-0.006,0.0,0.0,0.0,-1.0,0.0,0.0,128.0,526.0
475340.0,0.0,-2.89,0.007,0.0,0.0,0.0,-1.0,0.0,0.0,128.0,533.0
475381.0,0.0,-2.89,-0.0,0.0,0.0,0.0,-1.0,0.0,0.0,128.0,532.0
475421.0,0.0,-2.89,0.009,0.0,0.0,0.0,-1.0,0.0,0.0,128.0,532.0
475461.0,0.0,-2.89,-0.004,0.0,0.0,0.0,-1.0,0.0,0.0,128.0,538.0
475501.0,0.0,-2.89,-0.001,0.0,0.0,0.0,-1.0,0.0,0.0,128.0,538.0
475541.0,0.0,-2.89,-0.0,0.0,0.0,0.0,-1.0,0.0,0.0,128.0,539.0
475582.0,0.0,-2.89,0.002,0.0,0.0,0.0,-1.0,0.0,0.0,128.0,532.0
475622.0,0.0,-2.8885,0.046,0.0,0.0,0.0,-1.0,0.0,0.0,128.0,532.0
475662.0,0.0,-2.89,-0.0,0.0,0.0,0.0,-1.0,0.0,0.0,128.0,538.0
475702.0,0.0,-2.89,-0.008,0.0,0.0,0.0,-1.0,0.0,0.0,128.0,527.0
475743.0,0.0,-2.89,-0.003,0.0,0.0,0.0,-1.0,0.0,0.0,128.0,527.0
475783.0,0.0,-2.89,-0.0,0.0,0.0,0.0,-1.0,0.0,0.0,128.0,532.0
475823.0,0.0,-2.89,0.0,0.0,0.0,0.0,-1.0,0.0,0.0,128.0,531.0
475863.0,0.0,-2.89,-0.013,0.0,0.0,0.0,-1.0,0.0,0.0,128.0,527.0
475903.0,0.0,-2.89,-0.002,0.0,0.0,0.0,-1.0,0.0,0.0,128.0,533.0
475944.0,0.0,-2.89,-0.016,0.0,0.0,0.0,-1.0,0.0,0.0,128.0,533.0
475984.0,0.0,-2.89,-0.0,0.0,0.0,0.0,-1.0,0.0,0.0,128.0,527.0
476025.0,0.0,-2.89,-0.0,0.0,0.0,0.0,-1.0,0.0,0.0,128.0,526.0
476065.0,0.0,-2.89,0.001,0.0,0.0,0.0,-1.0,0.0,0.0,128.0,532.0
476105.0,0.0,-2.89,-0.0,0.0,0.0,0.0,-1.0,0.0,0.0,128.0,520.0
476145.0,0.0,-2.89,-0.0,0.0,0.0,0.0,-1.0,0.0,0.0,128.0,532.0
476186.0,0.0,-2.89,-0.0,0.0,0.0,0.0,-1.0,0.0,0.0,128.0,531.0
476226.0,0.0,-2.89,-0.003,0.0,0.0,0.0,-1.0,0.0,0.0,128.0,532.0
476266.0,0.0,-2.89,0.0,0.0,0.0,0.0,-1.0,0.0,0.0,128.0,525.0
476306.0,0.0,-2.89,0.001,0.0,0.0,0.0,-1.0,0.0,0.0,128.0,532.0
476347.0,0.0,-2.89,-0.004,0.0,0.0,0.0,-1.0,0.0,0.0,128.0,526.0
476387.0,0.0,-2.89,0.0,0.0,0.0,0.0,-1.0,0.0,0.0,128.0,525.0
476427.0,0.0,-2.89,0.0,0.0,0.0,0.0,-1.0,0.0,0.0,128.0,520.0
476467.0,0.0,-2.89,-0.001,0.0,0.0,0.0,-1.0,0.0,0.0,128.0,526.0
476508.0,0.0,-2.89,0.0,0.0,0.0,0.0,-1.0,0.0,0.0,128.0,531.0
476548.0,0.0,-2.89,0.002,0.0,0.0,0.0,-1.0,0.0,0.0,128.0,538.0
476588.0,0.0,-2.89,-0.027,0.0,0.0,0.0,-1.0,0.0,0.0,128.0,532.0
476629.0,0.0,-2.89,-0.0,0.0,0.0,0.0,-1.0,0.0,0.0,128.0,538.0
476669.0,0.0,-2.89,-0.0,0.0,0.0,0.0,-1.0,0.0,0.0,128.0,539.0
476709.0,0.0,-2.89,0.0,0.0,0.0,0.0,-1.0,0.0,0.0,128.0,531.0
476749.0,0.0,-2.89,0.0,0.0,0.0,0.0,-1.0,0.0,0.0,128.0,532.0
476789.0,0.0,-2.89,-0.007,0.0,0.0,0.0,-1.0,0.0,0.0,128.0,533.0
476830.0,0.0,-2.89,-0.0,0.0,0.0,0.0,-1.0,0.0,0.0,128.0,526.0
476870.0,0.0,-2.89,0.0,0.0,0.0,0.0,-1.0,0.0,0.0,128.0,520.0
476910.0,0.0,-2.89,-0.002,0.0,0.0,0.0,-1.0,0.0,0.0,128.0,533.0
476951.0,0.0,-2.89,-0.002,0.0,0.0,0.0,-1.0,0.0,0.0,128.0,532.0
476991.0,0.0,-2.89,-0.0,0.0,0.0,0.0,-1.0,0.0,0.0,128.0,538.0
477031.0,0.0,-2.89,-0.006,0.0,0.0,0.0,-1.0,0.0,0.0,128.0,538.0
477072.0,0.0,-2.89,-0.005,0.0,0.0,0.0,-1.0,0.0,0.0,128.0,526.0
477112.0,0.0,-2.89,-0.009,0.0,0.0,0.0,-1.0,0.0,0.0,128.0,533.0
477152.0,0.0,-2.89,0.005,0.0,0.0,0.0,-1.0,0.0,0.0,128.0,526.0
477192.0,0.0,-2.89,-0.0,0.0,0.0,0.0,-1.0,0.0,0.0,128.0,526.0
477232.0,0.0,-2.89,-0.006,0.0,0.0,0.0,-1.0,0.0,0.0,128.0,526.0
477272.0,0.0,-2.89,0.0,0.0,0.0,0.0,-1.0,0.0,0.0,128.0,526.0
477312.0,0.0,-2.89,0.034,0.0,0.0,0.0,-1.0,0.0,0.0,128.0,532.0
477352.0,0.0,-2.89,-0.0,0.0,0.0,0.0,-1.0,0.0,0.0,128.0,539.0
477393.0,0.0,-2.89,0.0,0.0,0.0,0.0,-1.0,0.0,0.0,128.0,525.0
477433.0,0.0,-2.89,-0.003,0.0,0.0,0.0,-1.0,0.0,0.0,128.0,538.0
477473.0,0.0,-2.89,-0.0,0.0,0.0,0.0,-1.0,0.0,0.0,128.0,526.0
477513.0,0.0,-2.89,0.0,0.0,0.0,0.0,-1.0,0.0,0.0,128.0,532.0
477553.0,0.0,-2.89,0.0,0.0,0.0,0.0,-1.0,0.0,0.0,128.0,531.0
477594.0,0.0,-2.89,-0.0,0.0,0.0,0.0,-1.0,0.0,0.0,128.0,539.0
477634.0,0.0,-2.89,0.0,0.0,0.0,0.0,-1.0,0.0,0.0,128.0,524.0
477674.0,0.0,-2.89,-0.006,0.0,0.0,0.0,-1.0,0.0,0.0,128.0,538.0
477715.0,0.0,-2.89,-0.005,0.0,0.0,0.0,-1.0,0.0,0.0,128.0,538.0
477755.0,0.0,-2.89,0.0,0.0,0.0,0.0,-1.0,0.0,0.0,128.0,526.0
477795.0,0.0,-2.89,-0.001,0.0,0.0,0.0,-1.0,0.0,0.0,128.0,539.0
477836.0,0.0,-2.89,0.0,0.0,0.0,0.0,-1.0,0.0,0.0,128.0,519.0
477876.0,0.0,-2.89,0.0,0.0,0.0,0.0,-1.0,0.0,0.0,128.0,519.0
477916.0,0.0,-2.89,0.0,0.0,0.0,0.0,-1.0,0.0,0.0,128.0,519.0
477956.0,0.0,-2.89,-0.004,0.0,0.0,0.0,-1.0,0.0,0.0,128.0,533.0
477997.0,0.0,-2.89,-0.011,0.0,0.0,0.0,-1.0,0.0,0.0,128.0,538.0
478037.0,0.0,-2.8885,0.053,0.0,0.0,0.0,-1.0,0.0,0.0,128.0,532.0
478078.0,0.0,-2.89,-0.0,0.0,0.0,0.0,-1.0,0.0,0.0,128.0,527.0
478118.0,0.0,-2.89,-0.006,0.0,0.0,0.0,-1.0,0.0,0.0,128.0,526.0
478159.0,0.0,-2.89,0.0,0.0,0.0,0.0,-1.0,0.0,0.0,128.0,519.0
478199.0,0.0,-2.89,0.0,0.0,0.0,0.0,-1.0,0.0,0.0,128.0,532.0
478239.0,0.0,-2.89,0.0,0.0,0.0,0.0,-1.0,0.0,0.0,128.0,532.0
478279.0,0.0,-2.89,0.0,0.0,0.0,0.0,-1.0,0.0,0.0,128.0,532.0
478319.0,0.0,-2.8916,-0.341,0.0,0.0,0.0,-1.0,0.0,0.0,128.0,539.0
478359.0,0.0,-2.89,0.0,0.0,0.0,0.0,-1.0,0.0,0.0,128.0,519.0
478399.0,0.0,-2.89,0.0,0.0,0.0,0.0,-1.0,0.0,0.0,128.0,532.0
478440.0,0.0,-2.89,0.0,0.0,0.0,0.0,-1.0,0.0,0.0,128.0,531.0
478480.0,0.0,-2.89,0.0,0.0,0.0,0.0,-1.0,0.0,0.0,128.0,532.0
478520.0,0.0,-2.89,0.0,0.0,0.0,0.0,-1.0,0.0,0.0,128.0,531.0
478560.0,0.0,-2.89,0.0,0.0,0.0,0.0,-1.0,0.0,0.0,128.0,525.0
478601.0,0.0,-2.8885,0.341,0.0,0.0,0.0,-1.0,0.0,0.0,128.0,538.0
478641.0,0.0,-2.89,0.0,0.0,0.0,0.0,-1.0,0.0,0.0,128.0,532.0
478681.0,0.0,-2.89,-0.02,0.0,0.0,0.0,-1.0,0.0,0.0,128.0,527.0
478722.0,0.0,-2.89,-0.002,0.0,0.0,0.0,-1.0,0.0,0.0,128.0,526.0
478762.0,0.0,-2.89,0.0,0.0,0.0,0.0,-1.0,0.0,0.0,128.0,520.0
478802.0,0.0,-2.89,0.0,0.0,0.0,0.0,-1.0,0.0,0.0,128.0,526.0
478843.0,0.0,-2.89,-0.068,0.0,0.0,0.0,-1.0,0.0,0.0,128.0,526.0
478883.0,0.0,-2.89,0.0,0.0,0.0,0.0,-1.0,0.0,0.0,128.0,525.0
478923.0,0.0,-2.89,0.0,0.0,0.0,0.0,-1.0,0.0,0.0,128.0,533.0
478963.0,0.0,-2.89,0.0,0.0,0.0,0.0,-1.0,0.0,0.0,128.0,525.0
479004.0,0.0,-2.89,0.0,0.0,0.0,0.0,-1.0,0.0,0.0,128.0,531.0
479044.0,0.0,-2.89,0.02,0.0,0.0,0.0,-1.0,0.0,0.0,128.0,533.0
479084.0,0.0,-2.89,0.005,0.0,0.0,0.0,-1.0,0.0,0.0,128.0,526.0
479124.0,0.0,-2.89,0.021,0.0,0.0,0.0,-1.0,0.0,0.0,128.0,527.0
479164.0,0.0,-2.89,0.0,0.0,0.0,0.0,-1.0,0.0,0.0,128.0,532.0
479205.0,0.0,-2.89,-0.0,0.0,0.0,0.0,-1.0,0.0,0.0,128.0,526.0
479245.0,0.0,-2.89,0.0,0.0,0.0,0.0,-1.0,0.0,0.0,128.0,539.0
479285.0,0.0,-2.89,0.0,0.0,0.0,0.0,-1.0,0.0,0.0,128.0,525.0
479325.0,0.0,-2.89,0.0,0.0,0.0,0.0,-1.0,0.0,0.0,128.0,532.0
479366.0,0.0,-2.89,0.0,0.0,0.0,0.0,-1.0,0.0,0.0,128.0,525.0
479406.0,0.0,-2.89,0.0,0.0,0.0,0.0,-1.0,0.0,0.0,128.0,532.0
479447.0,0.0,-2.89,0.0,0.0,0.0,0.0,-1.0,0.0,0.0,128.0,520.0
479487.0,0.0,-2.89,0.0,0.0,0.0,0.0,-1.0,0.0,0.0,128.0,525.0
479527.0,0.0,-2.89,0.0,0.0,0.0,0.0,-1.0,0.0,0.0,128.0,532.0
479567.0,0.0,-2.89,0.0,0.0,0.0,0.0,-1.0,0.0,0.0,128.0,531.0
479607.0,0.0,-2.89,0.005,0.0,0.0,0.0,-1.0,0.0,0.0,128.0,538.0
479648.0,0.0,-2.89,0.0,0.0,0.0,0.0,-1.0,0.0,0.0,128.0,532.0
479688.0,0.0,-2.89,0.0,0.0,0.0,0.0,-1.0,0.0,0.0,128.0,526.0
479729.0,0.0,-2.89,0.0,0.0,0.0,0.0,-1.0,0.0,0.0,128.0,519.0
479769.0,0.0,-2.89,0.002,0.0,0.0,0.0,-1.0,0.0,0.0,128.0,526.0
479809.0,0.0,-2.89,0.0,0.0,0.0,0.0,-1.0,0.0,0.0,128.0,531.0
479849.0,0.0,-2.89,-0.0,0.0,0.0,0.0,-1.0,0.0,0.0,128.0,532.0
479889.0,0.0,-2.89,0.0,0.0,0.0,0.0,-1.0,0.0,0.0,128.0,532.0
479930.0,0.0,-2.89,0.0,0.0,0.0,0.0,-1.0,0.0,0.0,128.0,531.0
479970.0,0.0,-2.8885,0.299,0.0,0.0,0.0,-1.0,0.0,0.0,128.0,526.0
480011.0,0.0,-2.89,0.0,0.0,0.0,0.0,-1.0,0.0,0.0,128.0,531.0
480051.0,0.0,-2.89,0.0,0.0,0.0,0.0,-1.0,0.0,0.0,128.0,525.0
480091.0,0.0,-2.89,0.0,0.0,0.0,0.0,-1.0,0.0,0.0,128.0,519.0
480131.0,0.0,-2.89,-0.0,0.0,0.0,0.0,-1.0,0.0,0.0,128.0,527.0
480171.0,0.0,-2.89,-0.001,0.0,0.0,0.0,-1.0,0.0,0.0,128.0,539.0
480212.0,0.0,-2.89,0.0,0.0,0.0,0.0,-1.0,0.0,0.0,128.0,526.0
480252.0,0.0,-2.89,0.0,0.0,0.0,0.0,-1.0,0.0,0.0,128.0,525.0
480292.0,0.0,-2.89,0.0,0.0,0.0,0.0,-1.0,0.0,0.0,128.0,519.0
480332.0,0.0,-2.89,0.0,0.0,0.0,0.0,-1.0,0.0,0.0,128.0,525.0
480373.0,0.0,-2.89,0.0,0.0,0.0,0.0,-1.0,0.0,0.0,128.0,520.0
480413.0,0.0,-2.89,0.0,0.0,0.0,0.0,-1.0,0.0,0.0,128.0,519.0
480453.0,0.0,-2.89,0.005,0.0,0.0,0.0,-1.0,0.0,0.0,128.0,527.0
480493.0,0.0,-2.89,0.0,0.0,0.0,0.0,-1.0,0.0,0.0,128.0,525.0
480533.0,0.0,-2.89,0.0,0.0,0.0,0.0,-1.0,0.0,0.0,128.0,525.0
480574.0,0.0,-2.89,-0.021,0.0,0.0,0.0,-1.0,0.0,0.0,128.0,526.0
480614.0,0.0,-2.89,-0.006,0.0,0.0,0.0,-1.0,0.0,0.0,128.0,526.0
480655.0,0.0,-2.89,-0.0,0.0,0.0,0.0,-1.0,0.0,0.0,128.0,526.0
480695.0,0.0,-2.89,0.0,0.0,0.0,0.0,-1.0,0.0,0.0,128.0,519.0
480736.0,0.0,-2.89,0.0,0.0,0.0,0.0,-1.0,0.0,0.0,128.0,519.0
480776.0,0.0,-2.89,0.0,0.0,0.0,0.0,-1.0,0.0,0.0,128.0,526.0
480816.0,0.0,-2.89,0.0,0.0,0.0,0.0,-1.0,0.0,0.0,128.0,525.0
480856.0,0.0,-2.89,0.0,0.0,0.0,0.0,-1.0,0.0,0.0,128.0,531.0
480896.0,0.0,-2.89,-0.0,0.0,0.0,0.0,-1.0,0.0,0.0,128.0,538.0
480936.0,0.0,-2.89,0.0,0.0,0.0,0.0,-1.0,0.0,0.0,128.0,538.0
480976.0,0.0,-2.89,0.0,0.0,0.0,0.0,-1.0,0.0,0.0,128.0,531.0
481017.0,0.0,-2.89,0.0,0.0,0.0,0.0,-1.0,0.0,0.0,128.0,532.0
481057.0,0.0,-2.89,0.0,0.0,0.0,0.0,-1.0,0.0,0.0,128.0,525.0
481097.0,0.0,-2.89,0.0,0.0,0.0,0.0,-1.0,0.0,0.0,128.0,531.0
481138.0,0.0,-2.89,-0.003,0.0,0.0,0.0,-1.0,0.0,0.0,128.0,538.0
481178.0,0.0,-2.89,-0.008,0.0,0.0,0.0,-1.0,0.0,0.0,128.0,539.0
481219.0,0.0,-2.89,0.0,0.0,0.0,0.0,-1.0,0.0,0.0,128.0,525.0
481259.0,0.0,-2.89,-0.003,0.0,0.0,0.0,-1.0,0.0,0.0,128.0,532.0
481299.0,0.0,-2.89,0.0,0.0,0.0,0.0,-1.0,0.0,0.0,128.0,525.0
481339.0,0.0,-2.8885,0.369,0.0,0.0,0.0,-1.0,0.0,0.0,128.0,539.0
481380.0,0.0,-2.89,-0.0,0.0,0.0,0.0,-1.0,0.0,0.0,128.0,538.0
481420.0,0.0,-2.89,0.0,0.0,0.0,0.0,-1.0,0.0,0.0,128.0,524.0
481460.0,0.0,-2.89,0.0,0.0,0.0,0.0,-1.0,0.0,0.0,128.0,525.0
481500.0,0.0,-2.89,-0.02,0.0,0.0,0.0,-1.0,0.0,0.0,128.0,532.0
481541.0,0.0,-2.89,-0.075,0.0,0.0,0.0,-1.0,0.0,0.0,128.0,526.0
481581.0,0.0,-2.89,0.0,0.0,0.0,0.0,-1.0,0.0,0.0,128.0,526.0
481621.0,0.0,-2.89,0.0,0.0,0.0,0.0,-1.0,0.0,0.0,128.0,525.0
481661.0,0.0,-2.89,0.0,0.0,0.0,0.0,-1.0,0.0,0.0,128.0,525.0
481702.0,0.0,-2.89,0.0,0.0,0.0,0.0,-1.0,0.0,0.0,128.0,526.0
481742.0,0.0,-2.89,-0.003,0.0,0.0,0.0,-1.0,0.0,0.0,128.0,526.0
481782.0,0.0,-2.89,-0.032,0.0,0.0,0.0,-1.0,0.0,0.0,128.0,526.0
481823.0,0.0,-2.89,0.0,0.0,0.0,0.0,-1.0,0.0,0.0,128.0,526.0
481863.0,0.0,-2.89,0.0,0.0,0.0,0.0,-1.0,0.0,0.0,128.0,525.0
481903.0,0.0,-2.89,0.0,0.0,0.0,0.0,-1.0,0.0,0.0,128.0,531.0
481943.0,0.0,-2.89,0.0,0.0,0.0,0.0,-1.0,0.0,0.0,128.0,526.0
481984.0,0.0,-2.89,0.0,0.0,0.0,0.0,-1.0,0.0,0.0,128.0,538.0
482024.0,0.0,-2.89,0.0,0.0,0.0,0.0,-1.0,0.0,0.0,128.0,525.0
482064.0,0.0,-2.89,0.001,0.0,0.0,0.0,-1.0,0.0,0.0,128.0,538.0
482105.0,0.0,-2.89,-0.0,0.0,0.0,0.0,-1.0,0.0,0.0,128.0,526.0
482145.0,0.0,-2.89,0.0,0.0,0.0,0.0,-1.0,0.0,0.0,128.0,531.0
482185.0,0.0,-2.89,0.0,0.0,0.0,0.0,-1.0,0.0,0.0,128.0,526.0
482225.0,0.0,-2.89,-0.0,0.0,0.0,0.0,-1.0,0.0,0.0,128.0,539.0
482266.0,0.0,-2.89,0.0,0.0,0.0,0.0,-1.0,0.0,0.0,128.0,520.0
482306.0,0.0,-2.89,0.084,0.0,0.0,0.0,-1.0,0.0,0.0,128.0,539.0
482346.0,0.0,-2.89,0.0,0.0,0.0,0.0,-1.0,0.0,0.0,128.0,526.0
482386.0,0.0,-2.89,0.0,0.0,0.0,0.0,-1.0,0.0,0.0,128.0,525.0
482427.0,0.0,-2.89,0.0,0.0,0.0,0.0,-1.0,0.0,0.0,128.0,526.0
482467.0,0.0,-2.89,-0.008,0.0,0.0,0.0,-1.0,0.0,0.0,128.0,533.0
482507.0,0.0,-2.89,-0.075,0.0,0.0,0.0,-1.0,0.0,0.0,128.0,526.0
482547.0,0.0,-2.89,-0.0,0.0,0.0,0.0,-1.0,0.0,0.0,128.0,539.0
482588.0,0.0,-2.89,0.0,0.0,0.0,0.0,-1.0,0.0,0.0,128.0,519.0
482628.0,0.0,-2.89,0.0,0.0,0.0,0.0,-1.0,0.0,0.0,128.0,519.0
482668.0,0.0,-2.89,0.0,0.0,0.0,0.0,-1.0,0.0,0.0,128.0,525.0
482709.0,0.0,-2.89,0.0,0.0,0.0,0.0,-1.0,0.0,0.0,128.0,519.0
482749.0,0.0,-2.89,-0.001,0.0,0.0,0.0,-1.0,0.0,0.0,128.0,538.0
482789.0,0.0,-2.89,0.02,0.0,0.0,0.0,-1.0,0.0,0.0,128.0,526.0
482830.0,0.0,-2.89,0.0,0.0,0.0,0.0,-1.0,0.0,0.0,128.0,519.0
482870.0,0.0,-2.89,0.0,0.0,0.0,0.0,-1.0,0.0,0.0,128.0,520.0
482910.0,0.0,-2.89,0.0,0.0,0.0,0.0,-1.0,0.0,0.0,128.0,525.0
482950.0,0.0,-2.89,-0.001,0.0,0.0,0.0,-1.0,0.0,0.0,128.0,532.0
482990.0,0.0,-2.89,0.0,0.0,0.0,0.0,-1.0,0.0,0.0,128.0,525.0
483031.0,0.0,-2.89,-0.003,0.0,0.0,0.0,-1.0,0.0,0.0,128.0,526.0
483071.0,0.0,-2.89,0.0,0.0,0.0,0.0,-1.0,0.0,0.0,128.0,519.0
483111.0,0.0,-2.89,0.0,0.0,0.0,0.0,-1.0,0.0,0.0,128.0,525.0
483152.0,0.0,-2.89,0.0,0.0,0.0,0.0,-1.0,0.0,0.0,128.0,525.0
483192.0,0.0,-2.89,0.0,0.0,0.0,0.0,-1.0,0.0,0.0,128.0,524.0
483233.0,0.0,-2.89,-0.013,0.0,0.0,0.0,-1.0,0.0,0.0,128.0,526.0
483273.0,0.0,-2.8916,-0.353,0.0,0.0,0.0,-1.0,0.0,0.0,128.0,526.0
483313.0,0.0,-2.89,0.0,0.0,0.0,0.0,-1.0,0.0,0.0,128.0,527.0
483354.0,0.0,-2.89,-0.0,0.0,0.0,0.0,-1.0,0.0,0.0,128.0,526.0
483394.0,0.0,-2.89,-0.084,0.0,0.0,0.0,-1.0,0.0,0.0,128.0,532.0
483434.0,0.0,-2.89,0.0,0.0,0.0,0.0,-1.0,0.0,0.0,128.0,531.0
483475.0,0.0,-2.89,0.0,0.0,0.0,0.0,-1.0,0.0,0.0,128.0,531.0
483515.0,0.0,-2.89,-0.0,0.0,0.0,0.0,-1.0,0.0,0.0,128.0,527.0
483555.0,0.0,-2.89,-0.003,0.0,0.0,0.0,-1.0,0.0,0.0,128.0,539.0
483596.0,0.0,-2.89,0.0,0.0,0.0,0.0,-1.0,0.0,0.0,128.0,519.0
483636.0,0.0,-2.8885,0.341,0.0,0.0,0.0,-1.0,0.0,0.0,128.0,532.0
483676.0,0.0,-2.89,0.0,0.0,0.0,0.0,-1.0,0.0,0.0,128.0,525.0
483716.0,0.0,-2.89,0.001,0.0,0.0,0.0,-1.0,0.0,0.0,128.0,533.0
483756.0,0.0,-2.89,0.0,0.0,0.0,0.0,-1.0,0.0,0.0,128.0,532.0
483797.0,0.0,-2.89,0.0,0.0,0.0,0.0,-1.0,0.0,0.0,128.0,525.0
483837.0,0.0,-2.89,-0.032,0.0,0.0,0.0,-1.0,0.0,0.0,128.0,526.0
483877.0,0.0,-2.89,-0.0,0.0,0.0,0.0,-1.0,0.0,0.0,128.0,532.0
483918.0,0.0,-2.89,-0.0,0.0,0.0,0.0,-1.0,0.0,0.0,128.0,526.0
483958.0,0.0,-2.89,0.0,0.0,0.0,0.0,-1.0,0.0,0.0,128.0,532.0
483998.0,0.0,-2.89,0.0,0.0,0.0,0.0,-1.0,0.0,0.0,128.0,526.0
484039.0,0.0,-2.89,-0.0,0.0,0.0,0.0,-1.0,0.0,0.0,128.0,538.0
484079.0,0.0,-2.89,0.049,0.0,0.0,0.0,-1.0,0.0,0.0,128.0,532.0
484120.0,0.0,-2.89,0.0,0.0,0.0,0.0,-1.0,0.0,0.0,128.0,525.0
484160.0,0.0,-2.89,0.0,0.0,0.0,0.0,-1.0,0.0,0.0,128.0,519.0
484200.0,0.0,-2.89,0.0,0.0,0.0,0.0,-1.0,0.0,0.0,128.0,532.0
484241.0,0.0,-2.89,0.0,0.0,0.0,0.0,-1.0,0.0,0.0,128.0,519.0
484281.0,0.0,-2.89,0.0,0.0,0.0,0.0,-1.0,0.0,0.0,128.0,525.0
484321.0,0.0,-2.89,-0.049,0.0,0.0,0.0,-1.0,0.0,0.0,128.0,526.0
484361.0,0.0,-2.89,-0.075,0.0,0.0,0.0,-1.0,0.0,0.0,128.0,539.0
484402.0,0.0,-2.89,0.0,0.0,0.0,0.0,-1.0,0.0,0.0,128.0,532.0
484442.0,0.0,-2.89,0.0,0.0,0.0,0.0,-1.0,0.0,0.0,128.0,531.0
484482.0,0.0,-2.89,0.0,0.0,0.0,0.0,-1.0,0.0,0.0,128.0,532.0
484523.0,0.0,-2.89,0.0,0.0,0.0,0.0,-1.0,0.0,0.0,128.0,532.0
484563.0,0.0,-2.89,-0.075,0.0,0.0,0.0,-1.0,0.0,0.0,128.0,533.0
484604.0,0.0,-2.89,-0.008,0.0,0.0,0.0,-1.0,0.0,0.0,128.0,538.0
484644.0,0.0,-2.8885,0.341,0.0,0.0,0.0,-1.0,0.0,0.0,128.0,532.0
484684.0,0.0,-2.89,0.068,0.0,0.0,0.0,-1.0,0.0,0.0,128.0,538.0
484725.0,0.0,-2.89,-0.0,0.0,0.0,0.0,-1.0,0.0,0.0,128.0,538.0
484765.0,0.0,-2.89,-0.081,0.0,0.0,0.0,-1.0,0.0,0.0,128.0,532.0
484805.0,0.0,-2.89,0.0,0.0,0.0,0.0,-1.0,0.0,0.0,128.0,525.0
484845.0,0.0,-2.89,-0.004,0.0,0.0,0.0,-1.0,0.0,0.0,128.0,533.0
484885.0,0.0,-2.89,-0.0,0.0,0.0,0.0,-1.0,0.0,0.0,128.0,538.0
484926.0,0.0,-2.89,-0.002,0.0,0.0,0.0,-1.0,0.0,0.0,128.0,532.0
484966.0,0.0,-2.89,-0.005,0.0,0.0,0.0,-1.0,0.0,0.0,128.0,532.0
485007.0,0.0,-2.89,-0.0,0.0,0.0,0.0,-1.0,0.0,0.0,128.0,520.0
485047.0,0.0,-2.89,-0.0,0.0,0.0,0.0,-1.0,0.0,0.0,128.0,526.0
485087.0,0.0,-2.89,0.0,0.0,0.0,0.0,-1.0,0.0,0.0,128.0,527.0
485127.0,0.0,-2.89,-0.002,0.0,0.0,0.0,-1.0,0.0,0.0,128.0,526.0
485167.0,0.0,-2.89,0.0,0.0,0.0,0.0,-1.0,0.0,0.0,128.0,532.0
485208.0,0.0,-2.89,0.0,0.0,0.0,0.0,-1.0,0.0,0.0,128.0,531.0
485248.0,0.0,-2.89,-0.013,0.0,0.0,0.0,-1.0,0.0,0.0,128.0,526.0
485288.0,0.0,-2.89,-0.084,0.0,0.0,0.0,-1.0,0.0,0.0,128.0,527.0
485329.0,0.0,-2.89,0.0,0.0,0.0,0.0,-1.0,0.0,0.0,128.0,519.0
485369.0,0.0,-2.89,-0.005,0.0,0.0,0.0,-1.0,0.0,0.0,128.0,539.0
485409.0,0.0,-2.89,-0.037,0.0,0.0,0.0,-1.0,0.0,0.0,128.0,532.0
485450.0,0.0,-2.89,0.0,0.0,0.0,0.0,-1.0,0.0,0.0,128.0,527.0
485490.0,0.0,-2.89,-0.075,0.0,0.0,0.0,-1.0,0.0,0.0,128.0,526.0
485530.0,0.0,-2.89,0.02,0.0,0.0,0.0,-1.0,0.0,0.0,128.0,533.0
485571.0,0.0,-2.89,-0.008,0.0,0.0,0.0,-1.0,0.0,0.0,128.0,538.0
485611.0,0.0,-2.89,-0.084,0.0,0.0,0.0,-1.0,0.0,0.0,128.0,538.0
485651.0,0.0,-2.89,-0.0,0.0,0.0,0.0,-1.0,0.0,0.0,128.0,527.0
485692.0,0.0,-2.89,-0.008,0.0,0.0,0.0,-1.0,0.0,0.0,128.0,538.0
485732.0,0.0,-2.89,-0.005,0.0,0.0,0.0,-1.0,0.0,0.0,128.0,532.0
485772.0,0.0,-2.89,-0.085,0.0,0.0,0.0,-1.0,0.0,0.0,128.0,539.0
485813.0,0.0,-2.89,-0.013,0.0,0.0,0.0,-1.0,0.0,0.0,128.0,526.0
485853.0,0.0,-2.89,0.003,0.0,0.0,0.0,-1.0,0.0,0.0,128.0,526.0
485893.0,0.0,-2.8885,0.341,0.0,0.0,0.0,-1.0,0.0,0.0,128.0,538.0
485934.0,0.0,-2.89,-0.005,0.0,0.0,0.0,-1.0,0.0,0.0,128.0,539.0
485974.0,0.0,-2.89,-0.0,0.0,0.0,0.0,-1.0,0.0,0.0,128.0,519.0
486014.0,0.0,-2.89,-0.068,0.0,0.0,0.0,-1.0,0.0,0.0,128.0,526.0
486054.0,0.0,-2.89,-0.068,0.0,0.0,0.0,-1.0,0.0,0.0,128.0,526.0
486095.0,0.0,-2.89,-0.0,0.0,0.0,0.0,-1.0,0.0,0.0,128.0,525.0
486135.0,0.0,-2.89,-0.0,0.0,0.0,0.0,-1.0,0.0,0.0,128.0,531.0
486175.0,0.0,-2.89,-0.001,0.0,0.0,0.0,-1.0,0.0,0.0,128.0,526.0
486216.0,0.0,-2.89,-0.0,0.0,0.0,0.0,-1.0,0.0,0.0,128.0,520.0
486256.0,0.0,-2.8885,0.341,0.0,0.0,0.0,-1.0,0.0,0.0,128.0,532.0
486296.0,0.0,-2.89,-0.008,0.0,0.0,0.0,-1.0,0.0,0.0,128.0,526.0
486336.0,0.0,-2.8885,0.341,0.0,0.0,0.0,-1.0,0.0,0.0,128.0,538.0
486377.0,0.0,-2.89,-0.0,0.0,0.0,0.0,-1.0,0.0,0.0,128.0,525.0
486417.0,0.0,-2.89,-0.0,0.0,0.0,0.0,-1.0,0.0,0.0,128.0,538.0
486457.0,0.0,-2.89,-0.0,0.0,0.0,0.0,-1.0,0.0,0.0,128.0,526.0
486497.0,0.0,-2.8885,0.336,0.0,0.0,0.0,-1.0,0.0,0.0,128.0,539.0
486538.0,0.0,-2.89,-0.013,0.0,0.0,0.0,-1.0,0.0,0.0,128.0,538.0
486578.0,0.0,-2.89,-0.009,0.0,0.0,0.0,-1.0,0.0,0.0,128.0,527.0
486618.0,0.0,-2.89,0.0,0.0,0.0,0.0,-1.0,0.0,0.0,128.0,531.0
486659.0,0.0,-2.89,0.0,0.0,0.0,0.0,-1.0,0.0,0.0,128.0,525.0
486699.0,0.0,-2.89,-0.008,0.0,0.0,0.0,-1.0,0.0,0.0,128.0,532.0
486739.0,0.0,-2.89,0.019,0.0,0.0,0.0,-1.0,0.0,0.0,128.0,526.0
486779.0,0.0,-2.89,0.0,0.0,0.0,0.0,-1.0,0.0,0.0,128.0,531.0
486819.0,0.0,-2.89,-0.0,0.0,0.0,0.0,-1.0,0.0,0.0,128.0,526.0
486859.0,0.0,-2.89,-0.033,0.0,0.0,0.0,-1.0,0.0,0.0,128.0,538.0
486899.0,0.0,-2.89,-0.0,0.0,0.0,0.0,-1.0,0.0,0.0,128.0,531.0
486940.0,0.0,-2.89,-0.0,0.0,0.0,0.0,-1.0,0.0,0.0,128.0,519.0
486980.0,0.0,-2.89,-0.0,0.0,0.0,0.0,-1.0,0.0,0.0,128.0,525.0
487020.0,0.0,-2.89,-0.0,0.0,0.0,0.0,-1.0,0.0,0.0,128.0,531.0
487061.0,0.0,-2.89,-0.0,0.0,0.0,0.0,-1.0,0.0,0.0,128.0,520.0
487101.0,0.0,-2.89,-0.0,0.0,0.0,0.0,-1.0,0.0,0.0,128.0,526.0
487141.0,0.0,-2.89,0.0,0.0,0.0,0.0,-1.0,0.0,0.0,128.0,520.0
487181.0,0.0,-2.89,0.0,0.0,0.0,0.0,-1.0,0.0,0.0,128.0,531.0
487222.0,0.0,-2.89,0.0,0.0,0.0,0.0,-1.0,0.0,0.0,128.0,525.0
487262.0,0.0,-2.89,0.0,0.0,0.0,0.0,-1.0,0.0,0.0,128.0,532.0
487302.0,0.0,-2.89,0.0,0.0,0.0,0.0,-1.0,0.0,0.0,128.0,519.0
487342.0,0.0,-2.89,0.0,0.0,0.0,0.0,-1.0,0.0,0.0,128.0,524.0
487383.0,0.0,-2.89,0.0,0.0,0.0,0.0,-1.0,0.0,0.0,128.0,526.0
487423.0,0.0,-2.89,0.0,0.0,0.0,0.0,-1.0,0.0,0.0,128.0,531.0
487463.0,0.0,-2.89,-0.005,0.0,0.0,0.0,-1.0,0.0,0.0,128.0,532.0
487504.0,0.0,-2.89,-0.0,0.0,0.0,0.0,-1.0,0.0,0.0,128.0,519.0
487544.0,0.0,-2.89,-0.013,0.0,0.0,0.0,-1.0,0.0,0.0,128.0,526.0
487584.0,0.0,-2.89,-0.084,0.0,0.0,0.0,-1.0,0.0,0.0,128.0,526.0
487624.0,0.0,-2.89,-0.002,0.0,0.0,0.0,-1.0,0.0,0.0,128.0,526.0
487664.0,0.0,-2.89,0.0,0.0,0.0,0.0,-1.0,0.0,0.0,128.0,526.0
487705.0,0.0,-2.89,0.0,0.0,0.0,0.0,-1.0,0.0,0.0,128.0,531.0
487745.0,0.0,-2.89,0.0,0.0,0.0,0.0,-1.0,0.0,0.0,128.0,525.0
487785.0,0.0,-2.89,-0.0,0.0,0.0,0.0,-1.0,0.0,0.0,128.0,525.0
487826.0,0.0,-2.89,-0.021,0.0,0.0,0.0,-1.0,0.0,0.0,128.0,526.0
487866.0,0.0,-2.89,0.0,0.0,0.0,0.0,-1.0,0.0,0.0,128.0,525.0
487906.0,0.0,-2.89,-0.002,0.0,0.0,0.0,-1.0,0.0,0.0,128.0,526.0
487946.0,0.0,-2.89,-0.0,0.0,0.0,0.0,-1.0,0.0,0.0,128.0,531.0
487986.0,0.0,-2.89,-0.0,0.0,0.0,0.0,-1.0,0.0,0.0,128.0,532.0
488027.0,0.0,-2.89,-0.0,0.0,0.0,0.0,-1.0,0.0,0.0,128.0,525.0
488067.0,0.0,-2.89,-0.0,0.0,0.0,0.0,-1.0,0.0,0.0,128.0,519.0
488107.0,0.0,-2.89,-0.0,0.0,0.0,0.0,-1.0,0.0,0.0,128.0,531.0
488147.0,0.0,-2.89,0.018,0.0,0.0,0.0,-1.0,0.0,0.0,128.0,526.0
488188.0,0.0,-2.89,-0.023,0.0,0.0,0.0,-1.0,0.0,0.0,128.0,526.0
488228.0,0.0,-2.89,-0.002,0.0,0.0,0.0,-1.0,0.0,0.0,128.0,539.0
488268.0,0.0,-2.89,-0.0,0.0,0.0,0.0,-1.0,0.0,0.0,128.0,532.0
488308.0,0.0,-2.89,0.02,0.0,0.0,0.0,-1.0,0.0,0.0,128.0,533.0
488348.0,0.0,-2.89,-0.0,0.0,0.0,0.0,-1.0,0.0,0.0,128.0,531.0
488389.0,0.0,-2.89,-0.004,0.0,0.0,0.0,-1.0,0.0,0.0,128.0,526.0
488429.0,0.0,-2.89,-0.068,0.0,0.0,0.0,-1.0,0.0,0.0,128.0,526.0
488469.0,0.0,-2.89,-0.0,0.0,0.0,0.0,-1.0,0.0,0.0,128.0,525.0
488509.0,0.0,-2.89,-0.0,0.0,0.0,0.0,-1.0,0.0,0.0,128.0,525.0
488550.0,0.0,-2.89,-0.065,0.0,0.0,0.0,-1.0,0.0,0.0,128.0,526.0
488590.0,0.0,-2.89,-0.0,0.0,0.0,0.0,-1.0,0.0,0.0,128.0,525.0
488630.0,0.0,-2.89,-0.013,0.0,0.0,0.0,-1.0,0.0,0.0,128.0,533.0
488671.0,0.0,-2.89,0.008,0.0,0.0,0.0,-1.0,0.0,0.0,128.0,539.0
488711.0,0.0,-2.89,-0.0,0.0,0.0,0.0,-1.0,0.0,0.0,128.0,519.0
488751.0,0.0,-2.89,-0.0,0.0,0.0,0.0,-1.0,0.0,0.0,128.0,531.0
488792.0,0.0,-2.89,-0.018,0.0,0.0,0.0,-1.0,0.0,0.0,128.0,533.0
488832.0,0.0,-2.89,-0.0,0.0,0.0,0.0,-1.0,0.0,0.0,128.0,525.0
488872.0,0.0,-2.89,-0.013,0.0,0.0,0.0,-1.0,0.0,0.0,128.0,538.0
488913.0,0.0,-2.89,-0.0,0.0,0.0,0.0,-1.0,0.0,0.0,128.0,525.0
488953.0,0.0,-2.89,-0.0,0.0,0.0,0.0,-1.0,0.0,0.0,128.0,519.0
488993.0,0.0,-2.89,-0.0,0.0,0.0,0.0,-1.0,0.0,0.0,128.0,525.0
489033.0,0.0,-2.89,-0.021,0.0,0.0,0.0,-1.0,0.0,0.0,128.0,538.0
489074.0,0.0,-2.89,-0.0,0.0,0.0,0.0,-1.0,0.0,0.0,128.0,539.0
489114.0,0.0,-2.89,-0.0,0.0,0.0,0.0,-1.0,0.0,0.0,128.0,532.0
489154.0,0.0,-2.89,-0.0,0.0,0.0,0.0,-1.0,0.0,0.0,128.0,531.0
489195.0,0.0,-2.89,-0.0,0.0,0.0,0.0,-1.0,0.0,0.0,128.0,531.0
489235.0,0.0,-2.89,-0.0,0.0,0.0,0.0,-1.0,0.0,0.0,128.0,525.0
489275.0,0.0,-2.89,-0.005,0.0,0.0,0.0,-1.0,0.0,0.0,128.0,538.0
489316.0,0.0,-2.89,-0.0,0.0,0.0,0.0,-1.0,0.0,0.0,128.0,525.0
489356.0,0.0,-2.89,-0.0,0.0,0.0,0.0,-1.0,0.0,0.0,128.0,526.0
489396.0,0.0,-2.8885,0.272,0.0,0.0,0.0,-1.0,0.0,0.0,128.0,527.0
489436.0,0.0,-2.8885,0.338,0.0,0.0,0.0,-1.0,0.0,0.0,128.0,533.0
489477.0,0.0,-2.89,-0.0,0.0,0.0,0.0,-1.0,0.0,0.0,128.0,525.0
489517.0,0.0,-2.89,-0.049,0.0,0.0,0.0,-1.0,0.0,0.0,128.0,526.0
489557.0,0.0,-2.89,-0.0,0.0,0.0,0.0,-1.0,0.0,0.0,128.0,525.0
489597.0,0.0,-2.89,-0.0,0.0,0.0,0.0,-1.0,0.0,0.0,128.0,525.0
489637.0,0.0,-2.89,-0.0,0.0,0.0,0.0,-1.0,0.0,0.0,128.0,531.0
489678.0,0.0,-2.89,-0.0,0.0,0.0,0.0,-1.0,0.0,0.0,128.0,531.0
489718.0,0.0,-2.89,-0.075,0.0,0.0,0.0,-1.0,0.0,0.0,128.0,532.0
489758.0,0.0,-2.89,-0.068,0.0,0.0,0.0,-1.0,0.0,0.0,128.0,526.0
489798.0,0.0,-2.89,-0.008,0.0,0.0,0.0,-1.0,0.0,0.0,128.0,526.0
489838.0,0.0,-2.8885,0.341,0.0,0.0,0.0,-1.0,0.0,0.0,128.0,532.0
489879.0,0.0,-2.89,-0.0,0.0,0.0,0.0,-1.0,0.0,0.0,128.0,519.0
489919.0,0.0,-2.89,-0.0,0.0,0.0,0.0,-1.0,0.0,0.0,128.0,531.0
489959.0,0.0,-2.89,-0.0,0.0,0.0,0.0,-1.0,0.0,0.0,128.0,520.0
489999.0,0.0,-2.89,-0.0,0.0,0.0,0.0,-1.0,0.0,0.0,128.0,526.0
490039.0,0.0,-2.89,-0.021,0.0,0.0,0.0,-1.0,0.0,0.0,128.0,533.0
490080.0,0.0,-2.89,-0.0,0.0,0.0,0.0,-1.0,0.0,0.0,128.0,533.0
490120.0,0.0,-2.89,-0.0,0.0,0.0,0.0,-1.0,0.0,0.0,128.0,526.0
490160.0,0.0,-2.89,-0.0,0.0,0.0,0.0,-1.0,0.0,0.0,128.0,526.0
490201.0,0.0,-2.89,-0.0,0.0,0.0,0.0,-1.0,0.0,0.0,128.0,531.0
490241.0,0.0,-2.89,-0.0,0.0,0.0,0.0,-1.0,0.0,0.0,128.0,526.0
490281.0,0.0,-2.89,-0.0,0.0,0.0,0.0,-1.0,0.0,0.0,128.0,525.0
490321.0,0.0,-2.89,-0.049,0.0,0.0,0.0,-1.0,0.0,0.0,128.0,538.0
490362.0,0.0,-2.89,-0.0,0.0,0.0,0.0,-1.0,0.0,0.0,128.0,525.0
490402.0,0.0,-2.89,-0.021,0.0,0.0,0.0,-1.0,0.0,0.0,128.0,527.0
490442.0,0.0,-2.89,-0.0,0.0,0.0,0.0,-1.0,0.0,0.0,128.0,525.0
490482.0,0.0,-2.89,-0.0,0.0,0.0,0.0,-1.0,0.0,0.0,128.0,526.0
490523.0,0.0,-2.89,-0.0,0.0,0.0,0.0,-1.0,0.0,0.0,128.0,526.0
490563.0,0.0,-2.89,-0.107,0.0,0.0,0.0,-1.0,0.0,0.0,128.0,539.0
490603.0,0.0,-2.8885,0.341,0.0,0.0,0.0,-1.0,0.0,0.0,128.0,532.0
490644.0,0.0,-2.89,-0.0,0.0,0.0,0.0,-1.0,0.0,0.0,128.0,519.0
490684.0,0.0,-2.89,-0.014,0.0,0.0,0.0,-1.0,0.0,0.0,128.0,526.0
490724.0,0.0,-2.89,-0.0,0.0,0.0,0.0,-1.0,0.0,0.0,128.0,531.0
490764.0,0.0,-2.89,-0.049,0.0,0.0,0.0,-1.0,0.0,0.0,128.0,526.0
490804.0,0.0,-2.89,-0.0,0.0,0.0,0.0,-1.0,0.0,0.0,128.0,525.0
490845.0,0.0,-2.89,-0.0,0.0,0.0,0.0,-1.0,0.0,0.0,128.0,525.0
490885.0,0.0,-2.89,0.02,0.0,0.0,0.0,-1.0,0.0,0.0,128.0,527.0
490925.0,0.0,-2.89,-0.075,0.0,0.0,0.0,-1.0,0.0,0.0,128.0,532.0
490965.0,0.0,-2.89,-0.0,0.0,0.0,0.0,-1.0,0.0,0.0,128.0,532.0
491005.0,0.0,-2.89,-0.0,0.0,0.0,0.0,-1.0,0.0,0.0,128.0,526.0
491046.0,0.0,-2.89,-0.0,0.0,0.0,0.0,-1.0,0.0,0.0,128.0,519.0
491086.0,0.0,-2.89,-0.0,0.0,0.0,0.0,-1.0,0.0,0.0,128.0,524.0
491126.0,0.0,-2.89,-0.001,0.0,0.0,0.0,-1.0,0.0,0.0,128.0,526.0
491166.0,0.0,-2.89,-0.0,0.0,0.0,0.0,-1.0,0.0,0.0,128.0,525.0
491206.0,0.0,-2.89,-0.0,0.0,0.0,0.0,-1.0,0.0,0.0,128.0,524.0
491246.0,0.0,-2.89,-0.0,0.0,0.0,0.0,-1.0,0.0,0.0,128.0,538.0
491287.0,0.0,-2.89,-0.0,0.0,0.0,0.0,-1.0,0.0,0.0,128.0,531.0
491327.0,0.0,-2.89,-0.0,0.0,0.0,0.0,-1.0,0.0,0.0,128.0,531.0
491367.0,0.0,-2.89,-0.0,0.0,0.0,0.0,-1.0,0.0,0.0,128.0,525.0
491408.0,0.0,-2.89,-0.0,0.0,0.0,0.0,-1.0,0.0,0.0,128.0,519.0
491448.0,0.0,-2.89,-0.0,0.0,0.0,0.0,-1.0,0.0,0.0,128.0,527.0
491488.0,0.0,-2.89,-0.0,0.0,0.0,0.0,-1.0,0.0,0.0,128.0,531.0
491528.0,0.0,-2.89,-0.049,0.0,0.0,0.0,-1.0,0.0,0.0,128.0,527.0
491568.0,0.0,-2.89,-0.0,0.0,0.0,0.0,-1.0,0.0,0.0,128.0,532.0
491609.0,0.0,-2.89,-0.0,0.0,0.0,0.0,-1.0,0.0,0.0,128.0,519.0
491649.0,0.0,-2.89,-0.001,0.0,0.0,0.0,-1.0,0.0,0.0,128.0,538.0
491689.0,0.0,-2.89,-0.049,0.0,0.0,0.0,-1.0,0.0,0.0,128.0,527.0
491729.0,0.0,-2.89,-0.0,0.0,0.0,0.0,-1.0,0.0,0.0,128.0,525.0
491769.0,0.0,-2.89,-0.0,0.0,0.0,0.0,-1.0,0.0,0.0,128.0,525.0
491810.0,0.0,-2.89,-0.0,0.0,0.0,0.0,-1.0,0.0,0.0,128.0,531.0
491850.0,0.0,-2.89,-0.0,0.0,0.0,0.0,-1.0,0.0,0.0,128.0,532.0
491890.0,0.0,-2.89,-0.0,0.0,0.0,0.0,-1.0,0.0,0.0,128.0,524.0
491930.0,0.0,-2.89,-0.084,0.0,0.0,0.0,-1.0,0.0,0.0,128.0,539.0
491971.0,0.0,-2.89,-0.0,0.0,0.0,0.0,-1.0,0.0,0.0,128.0,525.0
492011.0,0.0,-2.89,-0.0,0.0,0.0,0.0,-1.0,0.0,0.0,128.0,525.0
492052.0,0.0,-2.89,-0.0,0.0,0.0,0.0,-1.0,0.0,0.0,128.0,525.0
492092.0,0.0,-2.89,-0.0,0.0,0.0,0.0,-1.0,0.0,0.0,128.0,519.0
492132.0,0.0,-2.89,-0.0,0.0,0.0,0.0,-1.0,0.0,0.0,128.0,519.0
492172.0,0.0,-2.89,-0.013,0.0,0.0,0.0,-1.0,0.0,0.0,128.0,527.0
492212.0,0.0,-2.89,-0.0,0.0,0.0,0.0,-1.0,0.0,0.0,128.0,531.0
492252.0,0.0,-2.89,-0.002,0.0,0.0,0.0,-1.0,0.0,0.0,128.0,538.0
492293.0,0.0,-2.89,-0.0,0.0,0.0,0.0,-1.0,0.0,0.0,128.0,526.0
492333.0,0.0,-2.89,-0.0,0.0,0.0,0.0,-1.0,0.0,0.0,128.0,526.0
492374.0,0.0,-2.89,-0.0,0.0,0.0,0.0,-1.0,0.0,0.0,128.0,519.0
492414.0,0.0,-2.89,-0.0,0.0,0.0,0.0,-1.0,0.0,0.0,128.0,519.0
492454.0,0.0,-2.89,-0.0,0.0,0.0,0.0,-1.0,0.0,0.0,128.0,531.0
492495.0,0.0,-2.89,-0.0,0.0,0.0,0.0,-1.0,0.0,0.0,128.0,520.0
492535.0,0.0,-2.89,-0.084,0.0,0.0,0.0,-1.0,0.0,0.0,128.0,532.0
492575.0,0.0,-2.89,-0.0,0.0,0.0,0.0,-1.0,0.0,0.0,128.0,526.0
492615.0,0.0,-2.89,-0.0,0.0,0.0,0.0,-1.0,0.0,0.0,128.0,532.0
492656.0,0.0,-2.89,-0.0,0.0,0.0,0.0,-1.0,0.0,0.0,128.0,526.0
492696.0,0.0,-2.89,-0.0,0.0,0.0,0.0,-1.0,0.0,0.0,128.0,525.0
492736.0,0.0,-2.89,-0.033,0.0,0.0,0.0,-1.0,0.0,0.0,128.0,526.0
492776.0,0.0,-2.89,-0.101,0.0,0.0,0.0,-1.0,0.0,0.0,128.0,526.0
492816.0,0.0,-2.89,-0.0,0.0,0.0,0.0,-1.0,0.0,0.0,128.0,538.0
492856.0,0.0,-2.89,-0.0,0.0,0.0,0.0,-1.0,0.0,0.0,128.0,525.0
492896.0,0.0,-2.89,-0.0,0.0,0.0,0.0,-1.0,0.0,0.0,128.0,531.0
492937.0,0.0,-2.89,-0.0,0.0,0.0,0.0,-1.0,0.0,0.0,128.0,531.0
492977.0,0.0,-2.89,-0.0,0.0,0.0,0.0,-1.0,0.0,0.0,128.0,532.0
493017.0,0.0,-2.89,-0.075,0.0,0.0,0.0,-1.0,0.0,0.0,128.0,539.0
493057.0,0.0,-2.89,-0.0,0.0,0.0,0.0,-1.0,0.0,0.0,128.0,531.0
493097.0,0.0,-2.89,-0.0,0.0,0.0,0.0,-1.0,0.0,0.0,128.0,525.0
493138.0,0.0,-2.8885,0.341,0.0,0.0,0.0,-1.0,0.0,0.0,128.0,533.0
493178.0,0.0,-2.89,-0.0,0.0,0.0,0.0,-1.0,0.0,0.0,128.0,526.0
493218.0,0.0,-2.89,-0.097,0.0,0.0,0.0,-1.0,0.0,0.0,128.0,538.0
493259.0,0.0,-2.89,-0.001,0.0,0.0,0.0,-1.0,0.0,0.0,128.0,526.0
493299.0,0.0,-2.89,-0.0,0.0,0.0,0.0,-1.0,0.0,0.0,128.0,531.0
493339.0,0.0,-2.89,0.032,0.0,0.0,0.0,-1.0,0.0,0.0,128.0,532.0
493379.0,0.0,-2.89,-0.075,0.0,0.0,0.0,-1.0,0.0,0.0,128.0,532.0
493419.0,0.0,-2.89,-0.0,0.0,0.0,0.0,-1.0,0.0,0.0,128.0,525.0
493460.0,0.0,-2.89,-0.0,0.0,0.0,0.0,-1.0,0.0,0.0,128.0,520.0
493500.0,0.0,-2.89,-0.0,0.0,0.0,0.0,-1.0,0.0,0.0,128.0,519.0
493540.0,0.0,-2.89,-0.075,0.0,0.0,0.0,-1.0,0.0,0.0,128.0,538.0
493580.0,0.0,-2.89,-0.021,0.0,0.0,0.0,-1.0,0.0,0.0,128.0,538.0
493621.0,0.0,-2.89,-0.0,0.0,0.0,0.0,-1.0,0.0,0.0,128.0,519.0
493661.0,0.0,-2.89,-0.0,0.0,0.0,0.0,-1.0,0.0,0.0,128.0,531.0
493701.0,0.0,-2.8885,0.321,0.0,0.0,0.0,-1.0,0.0,0.0,128.0,526.0
493742.0,0.0,-2.89,-0.0,0.0,0.0,0.0,-1.0,0.0,0.0,128.0,526.0
493782.0,0.0,-2.89,-0.0,0.0,0.0,0.0,-1.0,0.0,0.0,128.0,519.0
493822.0,0.0,-2.89,-0.013,0.0,0.0,0.0,-1.0,0.0,0.0,128.0,526.0
493862.0,0.0,-2.89,-0.092,0.0,0.0,0.0,-1.0,0.0,0.0,128.0,538.0
493903.0,0.0,-2.89,-0.005,0.0,0.0,0.0,-1.0,0.0,0.0,128.0,538.0
493943.0,0.0,-2.89,-0.0,0.0,0.0,0.0,-1.0,0.0,0.0,128.0,526.0
493983.0,0.0,-2.89,-0.074,0.0,0.0,0.0,-1.0,0.0,0.0,128.0,532.0
494024.0,0.0,-2.89,-0.0,0.0,0.0,0.0,-1.0,0.0,0.0,128.0,531.0
494064.0,0.0,-2.89,-0.073,0.0,0.0,0.0,-1.0,0.0,0.0,128.0,526.0
494104.0,0.0,-2.89,-0.0,0.0,0.0,0.0,-1.0,0.0,0.0,128.0,526.0
494144.0,0.0,-2.89,-0.0,0.0,0.0,0.0,-1.0,0.0,0.0,128.0,525.0
494184.0,0.0,-2.89,-0.0,0.0,0.0,0.0,-1.0,0.0,0.0,128.0,532.0
494225.0,0.0,-2.89,-0.0,0.0,0.0,0.0,-1.0,0.0,0.0,128.0,526.0
494265.0,0.0,-2.89,-0.0,0.0,0.0,0.0,-1.0,0.0,0.0,128.0,532.0
494305.0,0.0,-2.89,-0.0,0.0,0.0,0.0,-1.0,0.0,0.0,128.0,531.0
494346.0,0.0,-2.89,-0.032,0.0,0.0,0.0,-1.0,0.0,0.0,128.0,526.0
494386.0,0.0,-2.89,-0.0,0.0,0.0,0.0,-1.0,0.0,0.0,128.0,524.0
494426.0,0.0,-2.89,0.001,0.0,0.0,0.0,-1.0,0.0,0.0,128.0,526.0
494467.0,0.0,-2.89,0.0,0.0,0.0,0.0,-1.0,0.0,0.0,128.0,531.0
494507.0,0.0,-2.89,-0.0,0.0,0.0,0.0,-1.0,0.0,0.0,128.0,525.0
494547.0,0.0,-2.89,-0.0,0.0,0.0,0.0,-1.0,0.0,0.0,128.0,519.0
494587.0,0.0,-2.89,-0.0,0.0,0.0,0.0,-1.0,0.0,0.0,128.0,525.0
494628.0,0.0,-2.89,-0.0,0.0,0.0,0.0,-1.0,0.0,0.0,128.0,519.0
494668.0,0.0,-2.89,-0.0,0.0,0.0,0.0,-1.0,0.0,0.0,128.0,526.0
494708.0,0.0,-2.89,-0.0,0.0,0.0,0.0,-1.0,0.0,0.0,128.0,532.0
494748.0,0.0,-2.89,-0.0,0.0,0.0,0.0,-1.0,0.0,0.0,128.0,520.0
494788.0,0.0,-2.89,-0.0,0.0,0.0,0.0,-1.0,0.0,0.0,128.0,525.0
494829.0,0.0,-2.89,-0.002,0.0,0.0,0.0,-1.0,0.0,0.0,128.0,526.0
494869.0,0.0,-2.89,-0.0,0.0,0.0,0.0,-1.0,0.0,0.0,128.0,526.0
494909.0,0.0,-2.89,-0.0,0.0,0.0,0.0,-1.0,0.0,0.0,128.0,526.0
494949.0,0.0,-2.89,-0.068,0.0,0.0,0.0,-1.0,0.0,0.0,128.0,539.0
494989.0,0.0,-2.8916,-0.341,0.0,0.0,0.0,-1.0,0.0,0.0,128.0,538.0
495029.0,0.0,-2.89,-0.049,0.0,0.0,0.0,-1.0,0.0,0.0,128.0,526.0
495069.0,0.0,-2.89,-0.0,0.0,0.0,0.0,-1.0,0.0,0.0,128.0,532.0
495110.0,0.0,-2.89,-0.0,0.0,0.0,0.0,-1.0,0.0,0.0,128.0,538.0
495150.0,0.0,-2.89,-0.0,0.0,0.0,0.0,-1.0,0.0,0.0,128.0,519.0
495190.0,0.0,-2.89,-0.0,0.0,0.0,0.0,-1.0,0.0,0.0,128.0,539.0
495231.0,0.0,-2.89,-0.0,0.0,0.0,0.0,-1.0,0.0,0.0,128.0,532.0
495271.0,0.0,-2.89,-0.0,0.0,0.0,0.0,-1.0,0.0,0.0,128.0,519.0
495311.0,0.0,-2.89,-0.0,0.0,0.0,0.0,-1.0,0.0,0.0,128.0,519.0
495351.0,0.0,-2.89,-0.0,0.0,0.0,0.0,-1.0,0.0,0.0,128.0,525.0
495392.0,0.0,-2.89,-0.0,0.0,0.0,0.0,-1.0,0.0,0.0,128.0,525.0
495432.0,0.0,-2.89,-0.032,0.0,0.0,0.0,-1.0,0.0,0.0,128.0,526.0
495472.0,0.0,-2.8885,0.341,0.0,0.0,0.0,-1.0,0.0,0.0,128.0,532.0
495513.0,0.0,-2.89,-0.0,0.0,0.0,0.0,-1.0,0.0,0.0,128.0,531.0
495553.0,0.0,-2.89,-0.0,0.0,0.0,0.0,-1.0,0.0,0.0,128.0,532.0
495593.0,0.0,-2.89,-0.0,0.0,0.0,0.0,-1.0,0.0,0.0,128.0,519.0
495633.0,0.0,-2.89,-0.0,0.0,0.0,0.0,-1.0,0.0,0.0,128.0,525.0
495673.0,0.0,-2.89,-0.0,0.0,0.0,0.0,-1.0,0.0,0.0,128.0,531.0
495713.0,0.0,-2.89,-0.021,0.0,0.0,0.0,-1.0,0.0,0.0,128.0,532.0
495754.0,0.0,-2.89,-0.001,0.0,0.0,0.0,-1.0,0.0,0.0,128.0,526.0
495794.0,0.0,-2.89,-0.0,0.0,0.0,0.0,-1.0,0.0,0.0,128.0,526.0
495834.0,0.0,-2.89,-0.001,0.0,0.0,0.0,-1.0,0.0,0.0,128.0,532.0
495875.0,0.0,-2.89,-0.032,0.0,0.0,0.0,-1.0,0.0,0.0,128.0,526.0
495915.0,0.0,-2.89,0.0,0.0,0.0,0.0,-1.0,0.0,0.0,128.0,531.0
495955.0,0.0,-2.89,-0.0,0.0,0.0,0.0,-1.0,0.0,0.0,128.0,538.0
495995.0,0.0,-2.89,-0.0,0.0,0.0,0.0,-1.0,0.0,0.0,128.0,526.0
496035.0,0.0,-2.89,-0.0,0.0,0.0,0.0,-1.0,0.0,0.0,128.0,525.0
496076.0,0.0,-2.89,-0.0,0.0,0.0,0.0,-1.0,0.0,0.0,128.0,519.0
496116.0,0.0,-2.89,-0.0,0.0,0.0,0.0,-1.0,0.0,0.0,128.0,519.0
496156.0,0.0,-2.89,-0.084,0.0,0.0,0.0,-1.0,0.0,0.0,128.0,526.0
496196.0,0.0,-2.89,-0.001,0.0,0.0,0.0,-1.0,0.0,0.0,128.0,532.0
496237.0,0.0,-2.89,-0.0,0.0,0.0,0.0,-1.0,0.0,0.0,128.0,519.0
496277.0,0.0,-2.89,-0.002,0.0,0.0,0.0,-1.0,0.0,0.0,128.0,526.0
496317.0,0.0,-2.89,-0.0,0.0,0.0,0.0,-1.0,0.0,0.0,128.0,525.0
496358.0,0.0,-2.89,-0.0,0.0,0.0,0.0,-1.0,0.0,0.0,128.0,519.0
496398.0,0.0,-2.89,-0.07,0.0,0.0,0.0,-1.0,0.0,0.0,128.0,526.0
496438.0,0.0,-2.89,-0.0,0.0,0.0,0.0,-1.0,0.0,0.0,128.0,532.0
496478.0,0.0,-2.89,-0.001,0.0,0.0,0.0,-1.0,0.0,0.0,128.0,538.0
496518.0,0.0,-2.89,-0.0,0.0,0.0,0.0,-1.0,0.0,0.0,128.0,539.0
496559.0,0.0,-2.89,-0.0,0.0,0.0,0.0,-1.0,0.0,0.0,128.0,525.0
496599.0,0.0,-2.89,-0.0,0.0,0.0,0.0,-1.0,0.0,0.0,128.0,526.0
496639.0,0.0,-2.89,-0.0,0.0,0.0,0.0,-1.0,0.0,0.0,128.0,532.0
496680.0,0.0,-2.8885,0.341,0.0,0.0,0.0,-1.0,0.0,0.0,128.0,532.0
496720.0,0.0,-2.89,-0.0,0.0,0.0,0.0,-1.0,0.0,0.0,128.0,531.0
496761.0,0.0,-2.89,-0.0,0.0,0.0,0.0,-1.0,0.0,0.0,128.0,532.0
496801.0,0.0,-2.89,-0.049,0.0,0.0,0.0,-1.0,0.0,0.0,128.0,539.0
496841.0,0.0,-2.89,-0.005,0.0,0.0,0.0,-1.0,0.0,0.0,128.0,539.0
496881.0,0.0,-2.89,-0.0,0.0,0.0,0.0,-1.0,0.0,0.0,128.0,539.0
496922.0,0.0,-2.89,-0.0,0.0,0.0,0.0,-1.0,0.0,0.0,128.0,533.0
496962.0,0.0,-2.89,-0.0,0.0,0.0,0.0,-1.0,0.0,0.0,128.0,525.0
497003.0,0.0,-2.89,-0.021,0.0,0.0,0.0,-1.0,0.0,0.0,128.0,533.0
497043.0,0.0,-2.89,-0.0,0.0,0.0,0.0,-1.0,0.0,0.0,128.0,539.0
497083.0,0.0,-2.89,-0.0,0.0,0.0,0.0,-1.0,0.0,0.0,128.0,526.0
497123.0,0.0,-2.89,-0.0,0.0,0.0,0.0,-1.0,0.0,0.0,128.0,532.0
497163.0,0.0,-2.89,-0.003,0.0,0.0,0.0,-1.0,0.0,0.0,128.0,538.0
497204.0,0.0,-2.89,-0.0,0.0,0.0,0.0,-1.0,0.0,0.0,128.0,519.0
497244.0,0.0,-2.89,-0.0,0.0,0.0,0.0,-1.0,0.0,0.0,128.0,520.0
497284.0,0.0,-2.89,-0.0,0.0,0.0,0.0,-1.0,0.0,0.0,128.0,532.0
497324.0,0.0,-2.89,0.0,0.0,0.0,0.0,-1.0,0.0,0.0,128.0,525.0
497364.0,0.0,-2.89,-0.008,0.0,0.0,0.0,-1.0,0.0,0.0,128.0,538.0
497405.0,0.0,-2.89,-0.0,0.0,0.0,0.0,-1.0,0.0,0.0,128.0,532.0
497445.0,0.0,-2.89,-0.075,0.0,0.0,0.0,-1.0,0.0,0.0,128.0,526.0
497485.0,0.0,-2.89,-0.001,0.0,0.0,0.0,-1.0,0.0,0.0,128.0,539.0
497525.0,0.0,-2.89,-0.0,0.0,0.0,0.0,-1.0,0.0,0.0,128.0,525.0
497566.0,0.0,-2.89,-0.0,0.0,0.0,0.0,-1.0,0.0,0.0,128.0,525.0
497606.0,0.0,-2.89,-0.0,0.0,0.0,0.0,-1.0,0.0,0.0,128.0,525.0
497647.0,0.0,-2.89,-0.0,0.0,0.0,0.0,-1.0,0.0,0.0,128.0,527.0
497687.0,0.0,-2.89,-0.0,0.0,0.0,0.0,-1.0,0.0,0.0,128.0,525.0
497727.0,0.0,-2.89,-0.0,0.0,0.0,0.0,-1.0,0.0,0.0,128.0,525.0
497768.0,0.0,-2.89,-0.032,0.0,0.0,0.0,-1.0,0.0,0.0,128.0,532.0
497808.0,0.0,-2.89,-0.084,0.0,0.0,0.0,-1.0,0.0,0.0,128.0,532.0
497848.0,0.0,-2.89,-0.0,0.0,0.0,0.0,-1.0,0.0,0.0,128.0,525.0
497889.0,0.0,-2.89,-0.033,0.0,0.0,0.0,-1.0,0.0,0.0,128.0,527.0
497929.0,0.0,-2.89,-0.028,0.0,0.0,0.0,-1.0,0.0,0.0,128.0,532.0
497969.0,0.0,-2.89,-0.0,0.0,0.0,0.0,-1.0,0.0,0.0,128.0,519.0
498009.0,0.0,-2.89,-0.0,0.0,0.0,0.0,-1.0,0.0,0.0,128.0,525.0
498049.0,0.0,-2.89,-0.0,0.0,0.0,0.0,-1.0,0.0,0.0,128.0,525.0
498089.0,0.0,-2.89,-0.0,0.0,0.0,0.0,-1.0,0.0,0.0,128.0,525.0
498130.0,0.0,-2.89,-0.001,0.0,0.0,0.0,-1.0,0.0,0.0,128.0,532.0
498170.0,0.0,-2.89,-0.021,0.0,0.0,0.0,-1.0,0.0,0.0,128.0,532.0
498211.0,0.0,-2.89,-0.0,0.0,0.0,0.0,-1.0,0.0,0.0,128.0,525.0
498251.0,0.0,-2.89,-0.0,0.0,0.0,0.0,-1.0,0.0,0.0,128.0,525.0
498291.0,0.0,-2.89,-0.001,0.0,0.0,0.0,-1.0,0.0,0.0,128.0,539.0
498331.0,0.0,-2.89,-0.0,0.0,0.0,0.0,-1.0,0.0,0.0,128.0,520.0
498371.0,0.0,-2.89,-0.049,0.0,0.0,0.0,-1.0,0.0,0.0,128.0,538.0
498412.0,0.0,-2.89,-0.0,0.0,0.0,0.0,-1.0,0.0,0.0,128.0,525.0
498452.0,0.0,-2.89,-0.0,0.0,0.0,0.0,-1.0,0.0,0.0,128.0,525.0
498492.0,0.0,-2.8916,-0.341,0.0,0.0,0.0,-1.0,0.0,0.0,128.0,532.0
498532.0,0.0,-2.89,0.0,0.0,0.0,0.0,-1.0,0.0,0.0,128.0,531.0
498572.0,0.0,-2.89,-0.029,0.0,0.0,0.0,-1.0,0.0,0.0,128.0,538.0
498613.0,0.0,-2.89,-0.003,0.0,0.0,0.0,-1.0,0.0,0.0,128.0,538.0
498653.0,0.0,-2.89,-0.0,0.0,0.0,0.0,-1.0,0.0,0.0,128.0,519.0
498694.0,0.0,-2.89,-0.0,0.0,0.0,0.0,-1.0,0.0,0.0,128.0,519.0
498734.0,0.0,-2.89,-0.005,0.0,0.0,0.0,-1.0,0.0,0.0,128.0,526.0
498774.0,0.0,-2.89,-0.0,0.0,0.0,0.0,-1.0,0.0,0.0,128.0,519.0
498814.0,0.0,-2.89,-0.0,0.0,0.0,0.0,-1.0,0.0,0.0,128.0,525.0
498855.0,0.0,-2.89,-0.001,0.0,0.0,0.0,-1.0,0.0,0.0,128.0,527.0
498895.0,0.0,-2.89,-0.0,0.0,0.0,0.0,-1.0,0.0,0.0,128.0,525.0
498935.0,0.0,-2.89,-0.0,0.0,0.0,0.0,-1.0,0.0,0.0,128.0,532.0
498975.0,0.0,-2.89,-0.0,0.0,0.0,0.0,-1.0,0.0,0.0,128.0,531.0
499015.0,0.0,-2.89,-0.0,0.0,0.0,0.0,-1.0,0.0,0.0,128.0,519.0
499055.0,0.0,-2.89,-0.0,0.0,0.0,0.0,-1.0,0.0,0.0,128.0,519.0
499095.0,0.0,-2.89,-0.049,0.0,0.0,0.0,-1.0,0.0,0.0,128.0,532.0
499135.0,0.0,-2.89,0.003,0.0,0.0,0.0,-1.0,0.0,0.0,128.0,539.0
499176.0,0.0,-2.89,0.0,0.0,0.0,0.0,-1.0,0.0,0.0,128.0,526.0
499216.0,0.0,-2.89,-0.0,0.0,0.0,0.0,-1.0,0.0,0.0,128.0,526.0
499256.0,0.0,-2.89,-0.075,0.0,0.0,0.0,-1.0,0.0,0.0,128.0,539.0
499297.0,0.0,-2.89,-0.0,0.0,0.0,0.0,-1.0,0.0,0.0,128.0,526.0
499337.0,0.0,-2.89,-0.0,0.0,0.0,0.0,-1.0,0.0,0.0,128.0,525.0
499377.0,0.0,-2.89,-0.0,0.0,0.0,0.0,-1.0,0.0,0.0,128.0,538.0
499417.0,0.0,-2.89,-0.075,0.0,0.0,0.0,-1.0,0.0,0.0,128.0,532.0
499457.0,0.0,-2.89,-0.023,0.0,0.0,0.0,-1.0,0.0,0.0,128.0,539.0
499498.0,0.0,-2.89,-0.028,0.0,0.0,0.0,-1.0,0.0,0.0,128.0,527.0
499538.0,0.0,-2.89,-0.001,0.0,0.0,0.0,-1.0,0.0,0.0,128.0,526.0
499578.0,0.0,-2.8916,-0.341,0.0,0.0,0.0,-1.0,0.0,0.0,128.0,533.0
499619.0,0.0,-2.89,-0.0,0.0,0.0,0.0,-1.0,0.0,0.0,128.0,519.0
499659.0,0.0,-2.89,-0.0,0.0,0.0,0.0,-1.0,0.0,0.0,128.0,525.0
499699.0,0.0,-2.89,-0.002,0.0,0.0,0.0,-1.0,0.0,0.0,128.0,527.0
499740.0,0.0,-2.89,-0.0,0.0,0.0,0.0,-1.0,0.0,0.0,128.0,519.0
499780.0,0.0,-2.89,-0.0,0.0,0.0,0.0,-1.0,0.0,0.0,128.0,525.0
499820.0,0.0,-2.89,-0.002,0.0,0.0,0.0,-1.0,0.0,0.0,128.0,526.0
499860.0,0.0,-2.89,-0.032,0.0,0.0,0.0,-1.0,0.0,0.0,128.0,527.0
499900.0,0.0,-2.89,-0.0,0.0,0.0,0.0,-1.0,0.0,0.0,128.0,532.0
499940.0,0.0,-2.89,-0.0,0.0,0.0,0.0,-1.0,0.0,0.0,128.0,531.0
499980.0,0.0,-2.89,0.02,0.0,0.0,0.0,-1.0,0.0,0.0,128.0,532.0
500021.0,0.0,-2.89,-0.0,0.0,0.0,0.0,-1.0,0.0,0.0,128.0,526.0
500061.0,0.0,-2.89,-0.008,0.0,0.0,0.0,-1.0,0.0,0.0,128.0,526.0
500101.0,0.0,-2.89,-0.084,0.0,0.0,0.0,-1.0,0.0,0.0,128.0,532.0
500142.0,0.0,-2.89,-0.005,0.0,0.0,0.0,-1.0,0.0,0.0,128.0,532.0
500182.0,0.0,-2.89,-0.049,0.0,0.0,0.0,-1.0,0.0,0.0,128.0,526.0
500222.0,0.0,-2.89,-0.0,0.0,0.0,0.0,-1.0,0.0,0.0,128.0,526.0
500262.0,0.0,-2.8916,-0.341,0.0,0.0,0.0,-1.0,0.0,0.0,128.0,532.0
500303.0,0.0,-2.89,0.0,0.0,0.0,0.0,-1.0,0.0,0.0,128.0,519.0
500343.0,0.0,-2.89,-0.0,0.0,0.0,0.0,-1.0,0.0,0.0,128.0,532.0
500383.0,0.0,-2.89,-0.0,0.0,0.0,0.0,-1.0,0.0,0.0,128.0,525.0
500423.0,0.0,-2.89,-0.0,0.0,0.0,0.0,-1.0,0.0,0.0,128.0,526.0
500463.0,0.0,-2.89,0.0,0.0,0.0,0.0,-1.0,0.0,0.0,128.0,526.0
500503.0,0.0,-2.89,0.0,0.0,0.0,0.0,-1.0,0.0,0.0,128.0,525.0
500544.0,0.0,-2.89,-0.049,0.0,0.0,0.0,-1.0,0.0,0.0,128.0,526.0
500584.0,0.0,-2.89,-0.0,0.0,0.0,0.0,-1.0,0.0,0.0,128.0,525.0
500624.0,0.0,-2.89,-0.002,0.0,0.0,0.0,-1.0,0.0,0.0,128.0,527.0
500664.0,0.0,-2.89,-0.049,0.0,0.0,0.0,-1.0,0.0,0.0,128.0,532.0
500704.0,0.0,-2.89,-0.0,0.0,0.0,0.0,-1.0,0.0,0.0,128.0,531.0
500744.0,0.0,-2.89,-0.0,0.0,0.0,0.0,-1.0,0.0,0.0,128.0,525.0
500785.0,0.0,-2.89,-0.089,0.0,0.0,0.0,-1.0,0.0,0.0,128.0,526.0
500825.0,0.0,-2.89,-0.068,0.0,0.0,0.0,-1.0,0.0,0.0,128.0,538.0
500865.0,0.0,-2.89,-0.0,0.0,0.0,0.0,-1.0,0.0,0.0,128.0,533.0
500905.0,0.0,-2.89,-0.0,0.0,0.0,0.0,-1.0,0.0,0.0,128.0,525.0
500946.0,0.0,-2.8885,0.341,0.0,0.0,0.0,-1.0,0.0,0.0,128.0,538.0
500986.0,0.0,-2.89,-0.0,0.0,0.0,0.0,-1.0,0.0,0.0,128.0,519.0
501026.0,0.0,-2.89,-0.0,0.0,0.0,0.0,-1.0,0.0,0.0,128.0,525.0
501066.0,0.0,-2.89,-0.0,0.0,0.0,0.0,-1.0,0.0,0.0,128.0,531.0
501107.0,0.0,-2.89,-0.049,0.0,0.0,0.0,-1.0,0.0,0.0,128.0,532.0
501147.0,0.0,-2.89,-0.049,0.0,0.0,0.0,-1.0,0.0,0.0,128.0,527.0
501187.0,0.0,-2.89,-0.0,0.0,0.0,0.0,-1.0,0.0,0.0,128.0,525.0
501228.0,0.0,-2.89,-0.074,0.0,0.0,0.0,-1.0,0.0,0.0,128.0,527.0
501268.0,0.0,-2.89,-0.0,0.0,0.0,0.0,-1.0,0.0,0.0,128.0,525.0
501308.0,0.0,-2.8885,0.333,0.0,0.0,0.0,-1.0,0.0,0.0,128.0,526.0
501348.0,0.0,-2.89,-0.013,0.0,0.0,0.0,-1.0,0.0,0.0,128.0,538.0
501389.0,0.0,-2.89,-0.002,0.0,0.0,0.0,-1.0,0.0,0.0,128.0,526.0
501429.0,0.0,-2.89,-0.033,0.0,0.0,0.0,-1.0,0.0,0.0,128.0,533.0
501469.0,0.0,-2.89,-0.0,0.0,0.0,0.0,-1.0,0.0,0.0,128.0,526.0
501510.0,0.0,-2.89,-0.0,0.0,0.0,0.0,-1.0,0.0,0.0,128.0,519.0
501550.0,0.0,-2.8885,0.338,0.0,0.0,0.0,-1.0,0.0,0.0,128.0,526.0
501590.0,0.0,-2.89,-0.002,0.0,0.0,0.0,-1.0,0.0,0.0,128.0,532.0
501630.0,0.0,-2.89,-0.008,0.0,0.0,0.0,-1.0,0.0,0.0,128.0,532.0
501671.0,0.0,-2.89,-0.0,0.0,0.0,0.0,-1.0,0.0,0.0,128.0,531.0
501711.0,0.0,-2.89,-0.013,0.0,0.0,0.0,-1.0,0.0,0.0,128.0,527.0
501751.0,0.0,-2.89,-0.068,0.0,0.0,0.0,-1.0,0.0,0.0,128.0,539.0
501791.0,0.0,-2.8885,0.34,0.0,0.0,0.0,-1.0,0.0,0.0,128.0,532.0
501832.0,0.0,-2.89,-0.0,0.0,0.0,0.0,-1.0,0.0,0.0,128.0,525.0
501872.0,0.0,-2.89,-0.0,0.0,0.0,0.0,-1.0,0.0,0.0,128.0,519.0
501912.0,0.0,-2.89,-0.001,0.0,0.0,0.0,-1.0,0.0,0.0,128.0,538.0
501953.0,0.0,-2.89,-0.0,0.0,0.0,0.0,-1.0,0.0,0.0,128.0,525.0
501993.0,0.0,-2.89,-0.0,0.0,0.0,0.0,-1.0,0.0,0.0,128.0,531.0
502033.0,0.0,-2.89,-0.0,0.0,0.0,0.0,-1.0,0.0,0.0,128.0,525.0
502073.0,0.0,-2.89,0.021,0.0,0.0,0.0,-1.0,0.0,0.0,128.0,539.0
502113.0,0.0,-2.89,0.0,0.0,0.0,0.0,-1.0,0.0,0.0,128.0,532.0
502154.0,0.0,-2.89,-0.0,0.0,0.0,0.0,-1.0,0.0,0.0,128.0,526.0
502194.0,0.0,-2.89,-0.003,0.0,0.0,0.0,-1.0,0.0,0.0,128.0,533.0
502234.0,0.0,-2.89,-0.075,0.0,0.0,0.0,-1.0,0.0,0.0,128.0,532.0
502275.0,0.0,-2.89,-0.0,0.0,0.0,0.0,-1.0,0.0,0.0,128.0,525.0
502315.0,0.0,-2.89,-0.068,0.0,0.0,0.0,-1.0,0.0,0.0,128.0,532.0
502355.0,0.0,-2.89,-0.0,0.0,0.0,0.0,-1.0,0.0,0.0,128.0,538.0
502395.0,0.0,-2.89,-0.0,0.0,0.0,0.0,-1.0,0.0,0.0,128.0,519.0
502435.0,0.0,-2.89,-0.003,0.0,0.0,0.0,-1.0,0.0,0.0,128.0,538.0
502476.0,0.0,-2.89,-0.001,0.0,0.0,0.0,-1.0,0.0,0.0,128.0,532.0
502516.0,0.0,-2.89,-0.008,0.0,0.0,0.0,-1.0,0.0,0.0,128.0,526.0
502556.0,0.0,-2.89,-0.0,0.0,0.0,0.0,-1.0,0.0,0.0,128.0,525.0
502597.0,0.0,-2.89,-0.005,0.0,0.0,0.0,-1.0,0.0,0.0,128.0,526.0
502637.0,0.0,-2.89,-0.084,0.0,0.0,0.0,-1.0,0.0,0.0,128.0,538.0
502677.0,0.0,-2.89,-0.008,0.0,0.0,0.0,-1.0,0.0,0.0,128.0,526.0
502717.0,0.0,-2.89,-0.0,0.0,0.0,0.0,-1.0,0.0,0.0,128.0,532.0
502757.0,0.0,-2.89,-0.0,0.0,0.0,0.0,-1.0,0.0,0.0,128.0,532.0
502798.0,0.0,-2.89,-0.0,0.0,0.0,0.0,-1.0,0.0,0.0,128.0,526.0
502838.0,0.0,-2.89,-0.0,0.0,0.0,0.0,-1.0,0.0,0.0,128.0,525.0
502878.0,0.0,-2.89,0.005,0.0,0.0,0.0,-1.0,0.0,0.0,128.0,526.0
502918.0,0.0,-2.89,-0.049,0.0,0.0,0.0,-1.0,0.0,0.0,128.0,532.0
502958.0,0.0,-2.89,-0.075,0.0,0.0,0.0,-1.0,0.0,0.0,128.0,532.0
502998.0,0.0,-2.89,-0.0,0.0,0.0,0.0,-1.0,0.0,0.0,128.0,532.0
503039.0,0.0,-2.89,-0.095,0.0,0.0,0.0,-1.0,0.0,0.0,128.0,527.0
503079.0,0.0,-2.89,-0.084,0.0,0.0,0.0,-1.0,0.0,0.0,128.0,532.0
503119.0,0.0,-2.8885,0.256,0.0,0.0,0.0,-1.0,0.0,0.0,128.0,539.0
503159.0,0.0,-2.89,-0.023,0.0,0.0,0.0,-1.0,0.0,0.0,128.0,527.0
503199.0,0.0,-2.89,-0.107,0.0,0.0,0.0,-1.0,0.0,0.0,128.0,538.0
503240.0,0.0,-2.89,-0.068,0.0,0.0,0.0,-1.0,0.0,0.0,128.0,538.0
503280.0,0.0,-2.89,-0.008,0.0,0.0,0.0,-1.0,0.0,0.0,128.0,538.0
503321.0,0.0,-2.89,-0.0,0.0,0.0,0.0,-1.0,0.0,0.0,128.0,532.0
503361.0,0.0,-2.89,-0.0,0.0,0.0,0.0,-1.0,0.0,0.0,128.0,526.0
503401.0,0.0,-2.89,-0.0,0.0,0.0,0.0,-1.0,0.0,0.0,128.0,531.0
503441.0,0.0,-2.89,-0.117,0.0,0.0,0.0,-1.0,0.0,0.0,128.0,532.0
503482.0,0.0,-2.89,-0.0,0.0,0.0,0.0,-1.0,0.0,0.0,128.0,525.0
503522.0,0.0,-2.89,-0.0,0.0,0.0,0.0,-1.0,0.0,0.0,128.0,526.0
503562.0,0.0,-2.89,-0.021,0.0,0.0,0.0,-1.0,0.0,0.0,128.0,532.0
503602.0,0.0,-2.89,-0.0,0.0,0.0,0.0,-1.0,0.0,0.0,128.0,520.0
503642.0,0.0,-2.89,-0.068,0.0,0.0,0.0,-1.0,0.0,0.0,128.0,539.0
503683.0,0.0,-2.89,-0.089,0.0,0.0,0.0,-1.0,0.0,0.0,128.0,526.0
503723.0,0.0,-2.89,-0.0,0.0,0.0,0.0,-1.0,0.0,0.0,128.0,525.0
503763.0,0.0,-2.89,-0.0,0.0,0.0,0.0,-1.0,0.0,0.0,128.0,519.0
503803.0,0.0,-2.89,-0.037,0.0,0.0,0.0,-1.0,0.0,0.0,128.0,538.0
503844.0,0.0,-2.89,-0.0,0.0,0.0,0.0,-1.0,0.0,0.0,128.0,532.0
503884.0,0.0,-2.89,-0.081,0.0,0.0,0.0,-1.0,0.0,0.0,128.0,527.0
503924.0,0.0,-2.89,-0.0,0.0,0.0,0.0,-1.0,0.0,0.0,128.0,532.0
503965.0,0.0,-2.89,-0.068,0.0,0.0,0.0,-1.0,0.0,0.0,128.0,526.0
504005.0,0.0,-2.89,-0.0,0.0,0.0,0.0,-1.0,0.0,0.0,128.0,525.0
504045.0,0.0,-2.89,-0.003,0.0,0.0,0.0,-1.0,0.0,0.0,128.0,538.0
504085.0,0.0,-2.89,-0.008,0.0,0.0,0.0,-1.0,0.0,0.0,128.0,538.0
504126.0,0.0,-2.89,-0.0,0.0,0.0,0.0,-1.0,0.0,0.0,128.0,531.0
504166.0,0.0,-2.89,-0.0,0.0,0.0,0.0,-1.0,0.0,0.0,128.0,531.0
504206.0,0.0,-2.89,0.0,0.0,0.0,0.0,-1.0,0.0,0.0,128.0,526.0
504246.0,0.0,-2.89,0.0,0.0,0.0,0.0,-1.0,0.0,0.0,128.0,531.0
504287.0,0.0,-2.89,0.0,0.0,0.0,0.0,-1.0,0.0,0.0,128.0,525.0
504327.0,0.0,-2.89,-0.021,0.0,0.0,0.0,-1.0,0.0,0.0,128.0,533.0
504367.0,0.0,-2.89,-0.0,0.0,0.0,0.0,-1.0,0.0,0.0,128.0,519.0
504407.0,0.0,-2.89,-0.068,0.0,0.0,0.0,-1.0,0.0,0.0,128.0,526.0
504448.0,0.0,-2.89,-0.0,0.0,0.0,0.0,-1.0,0.0,0.0,128.0,520.0
504488.0,0.0,-2.89,-0.003,0.0,0.0,0.0,-1.0,0.0,0.0,128.0,538.0
504528.0,0.0,-2.89,-0.0,0.0,0.0,0.0,-1.0,0.0,0.0,128.0,532.0
504568.0,0.0,-2.89,-0.0,0.0,0.0,0.0,-1.0,0.0,0.0,128.0,525.0
504608.0,0.0,-2.89,-0.0,0.0,0.0,0.0,-1.0,0.0,0.0,128.0,525.0
504649.0,0.0,-2.89,-0.0,0.0,0.0,0.0,-1.0,0.0,0.0,128.0,519.0
504689.0,0.0,-2.89,-0.0,0.0,0.0,0.0,-1.0,0.0,0.0,128.0,519.0
504729.0,0.0,-2.89,-0.008,0.0,0.0,0.0,-1.0,0.0,0.0,128.0,526.0
504769.0,0.0,-2.89,-0.0,0.0,0.0,0.0,-1.0,0.0,0.0,128.0,525.0
504809.0,0.0,-2.89,-0.0,0.0,0.0,0.0,-1.0,0.0,0.0,128.0,525.0
504850.0,0.0,-2.89,-0.0,0.0,0.0,0.0,-1.0,0.0,0.0,128.0,519.0
504890.0,0.0,-2.89,-0.087,0.0,0.0,0.0,-1.0,0.0,0.0,128.0,538.0
504930.0,0.0,-2.89,-0.075,0.0,0.0,0.0,-1.0,0.0,0.0,128.0,539.0
504971.0,0.0,-2.89,-0.0,0.0,0.0,0.0,-1.0,0.0,0.0,128.0,525.0
505011.0,0.0,-2.89,-0.021,0.0,0.0,0.0,-1.0,0.0,0.0,128.0,532.0
505051.0,0.0,-2.89,-0.0,0.0,0.0,0.0,-1.0,0.0,0.0,128.0,520.0
505091.0,0.0,-2.89,-0.0,0.0,0.0,0.0,-1.0,0.0,0.0,128.0,531.0
505131.0,0.0,-2.89,-0.005,0.0,0.0,0.0,-1.0,0.0,0.0,128.0,538.0
505171.0,0.0,-2.89,-0.005,0.0,0.0,0.0,-1.0,0.0,0.0,128.0,538.0
505211.0,0.0,-2.89,-0.0,0.0,0.0,0.0,-1.0,0.0,0.0,128.0,538.0
505252.0,0.0,-2.89,-0.005,0.0,0.0,0.0,-1.0,0.0,0.0,128.0,527.0
505292.0,0.0,-2.89,-0.013,0.0,0.0,0.0,-1.0,0.0,0.0,128.0,526.0
505332.0,0.0,-2.89,-0.008,0.0,0.0,0.0,-1.0,0.0,0.0,128.0,532.0
505373.0,0.0,-2.89,-0.017,0.0,0.0,0.0,-1.0,0.0,0.0,128.0,526.0
505413.0,0.0,-2.89,0.0,0.0,0.0,0.0,-1.0,0.0,0.0,128.0,532.0
505453.0,0.0,-2.89,-0.003,0.0,0.0,0.0,-1.0,0.0,0.0,128.0,527.0
505494.0,0.0,-2.89,-0.001,0.0,0.0,0.0,-1.0,0.0,0.0,128.0,527.0
505534.0,0.0,-2.89,-0.0,0.0,0.0,0.0,-1.0,0.0,0.0,128.0,526.0
505574.0,0.0,-2.89,-0.0,0.0,0.0,0.0,-1.0,0.0,0.0,128.0,519.0
505614.0,0.0,-2.89,-0.0,0.0,0.0,0.0,-1.0,0.0,0.0,128.0,531.0
505654.0,0.0,-2.89,-0.159,0.0,0.0,0.0,-1.0,0.0,0.0,128.0,538.0
505695.0,0.0,-2.89,-0.0,0.0,0.0,0.0,-1.0,0.0,0.0,128.0,526.0
505735.0,0.0,-2.89,-0.0,0.0,0.0,0.0,-1.0,0.0,0.0,128.0,532.0
505775.0,0.0,-2.8885,0.256,0.0,0.0,0.0,-1.0,0.0,0.0,128.0,539.0
505816.0,0.0,-2.89,-0.0,0.0,0.0,0.0,-1.0,0.0,0.0,128.0,519.0
505856.0,0.0,-2.89,-0.032,0.0,0.0,0.0,-1.0,0.0,0.0,128.0,538.0
505896.0,0.0,-2.89,-0.0,0.0,0.0,0.0,-1.0,0.0,0.0,128.0,533.0
505937.0,0.0,-2.89,-0.0,0.0,0.0,0.0,-1.0,0.0,0.0,128.0,531.0
505977.0,0.0,-2.89,-0.0,0.0,0.0,0.0,-1.0,0.0,0.0,128.0,525.0
506017.0,0.0,-2.89,-0.079,0.0,0.0,0.0,-1.0,0.0,0.0,128.0,526.0
506057.0,0.0,-2.89,0.02,0.0,0.0,0.0,-1.0,0.0,0.0,128.0,526.0
506098.0,0.0,-2.89,-0.0,0.0,0.0,0.0,-1.0,0.0,0.0,128.0,519.0
506138.0,0.0,-2.89,-0.084,0.0,0.0,0.0,-1.0,0.0,0.0,128.0,526.0
506178.0,0.0,-2.89,-0.013,0.0,0.0,0.0,-1.0,0.0,0.0,128.0,538.0
506218.0,0.0,-2.89,-0.032,0.0,0.0,0.0,-1.0,0.0,0.0,128.0,538.0
506258.0,0.0,-2.89,-0.0,0.0,0.0,0.0,-1.0,0.0,0.0,128.0,525.0
506299.0,0.0,-2.89,0.02,0.0,0.0,0.0,-1.0,0.0,0.0,128.0,538.0
506339.0,0.0,-2.89,-0.008,0.0,0.0,0.0,-1.0,0.0,0.0,128.0,527.0
506379.0,0.0,-2.89,-0.0,0.0,0.0,0.0,-1.0,0.0,0.0,128.0,527.0
506419.0,0.0,-2.89,-0.0,0.0,0.0,0.0,-1.0,0.0,0.0,128.0,525.0
506460.0,0.0,-2.89,-0.159,0.0,0.0,0.0,-1.0,0.0,0.0,128.0,526.0
506500.0,0.0,-2.8885,0.341,0.0,0.0,0.0,-1.0,0.0,0.0,128.0,531.0
506540.0,0.0,-2.89,-0.084,0.0,0.0,0.0,-1.0,0.0,0.0,128.0,527.0
506580.0,0.0,-2.89,-0.008,0.0,0.0,0.0,-1.0,0.0,0.0,128.0,526.0
506621.0,0.0,-2.89,-0.013,0.0,0.0,0.0,-1.0,0.0,0.0,128.0,526.0
506661.0,0.0,-2.89,-0.008,0.0,0.0,0.0,-1.0,0.0,0.0,128.0,526.0
506701.0,0.0,-2.89,-0.003,0.0,0.0,0.0,-1.0,0.0,0.0,128.0,526.0
506741.0,0.0,-2.89,-0.0,0.0,0.0,0.0,-1.0,0.0,0.0,128.0,538.0
506782.0,0.0,-2.89,-0.012,0.0,0.0,0.0,-1.0,0.0,0.0,128.0,527.0
506822.0,0.0,-2.89,-0.0,0.0,0.0,0.0,-1.0,0.0,0.0,128.0,527.0
506862.0,0.0,-2.89,-0.001,0.0,0.0,0.0,-1.0,0.0,0.0,128.0,538.0
506903.0,0.0,-2.89,-0.0,0.0,0.0,0.0,-1.0,0.0,0.0,128.0,532.0
506943.0,0.0,-2.89,-0.0,0.0,0.0,0.0,-1.0,0.0,0.0,128.0,525.0
506983.0,0.0,-2.89,-0.0,0.0,0.0,0.0,-1.0,0.0,0.0,128.0,525.0
507024.0,0.0,-2.89,-0.0,0.0,0.0,0.0,-1.0,0.0,0.0,128.0,539.0
507064.0,0.0,-2.89,-0.0,0.0,0.0,0.0,-1.0,0.0,0.0,128.0,539.0
507105.0,0.0,-2.89,-0.049,0.0,0.0,0.0,-1.0,0.0,0.0,128.0,527.0
507145.0,0.0,-2.89,-0.005,0.0,0.0,0.0,-1.0,0.0,0.0,128.0,527.0
507185.0,0.0,-2.89,-0.023,0.0,0.0,0.0,-1.0,0.0,0.0,128.0,533.0
507226.0,0.0,-2.89,-0.0,0.0,0.0,0.0,-1.0,0.0,0.0,128.0,539.0
507266.0,0.0,-2.89,-0.005,0.0,0.0,0.0,-1.0,0.0,0.0,128.0,526.0
507306.0,0.0,-2.89,-0.005,0.0,0.0,0.0,-1.0,0.0,0.0,128.0,527.0
507346.0,0.0,-2.89,-0.0,0.0,0.0,0.0,-1.0,0.0,0.0,128.0,526.0
507386.0,0.0,-2.89,-0.0,0.0,0.0,0.0,-1.0,0.0,0.0,128.0,531.0
507426.0,0.0,-2.89,-0.032,0.0,0.0,0.0,-1.0,0.0,0.0,128.0,539.0
507467.0,0.0,-2.89,-0.006,0.0,0.0,0.0,-1.0,0.0,0.0,128.0,532.0
507507.0,0.0,-2.89,-0.0,0.0,0.0,0.0,-1.0,0.0,0.0,128.0,525.0
507547.0,0.0,-2.89,-0.0,0.0,0.0,0.0,-1.0,0.0,0.0,128.0,526.0
507588.0,0.0,-2.89,-0.049,0.0,0.0,0.0,-1.0,0.0,0.0,128.0,526.0
507628.0,0.0,-2.89,-0.001,0.0,0.0,0.0,-1.0,0.0,0.0,128.0,526.0
507668.0,0.0,-2.89,-0.084,0.0,0.0,0.0,-1.0,0.0,0.0,128.0,538.0
507708.0,0.0,-2.89,-0.0,0.0,0.0,0.0,-1.0,0.0,0.0,128.0,525.0
507749.0,0.0,-2.89,-0.033,0.0,0.0,0.0,-1.0,0.0,0.0,128.0,539.0
507789.0,0.0,-2.89,-0.068,0.0,0.0,0.0,-1.0,0.0,0.0,128.0,527.0
507829.0,0.0,-2.89,-0.0,0.0,0.0,0.0,-1.0,0.0,0.0,128.0,531.0
507869.0,0.0,-2.89,-0.0,0.0,0.0,0.0,-1.0,0.0,0.0,128.0,525.0
507909.0,0.0,-2.89,-0.0,0.0,0.0,0.0,-1.0,0.0,0.0,128.0,525.0
507950.0,0.0,-2.89,-0.0,0.0,0.0,0.0,-1.0,0.0,0.0,128.0,531.0
507990.0,0.0,-2.89,-0.0,0.0,0.0,0.0,-1.0,0.0,0.0,128.0,532.0
508030.0,0.0,-2.89,-0.075,0.0,0.0,0.0,-1.0,0.0,0.0,128.0,538.0
508070.0,0.0,-2.89,-0.0,0.0,0.0,0.0,-1.0,0.0,0.0,128.0,531.0
508111.0,0.0,-2.89,-0.049,0.0,0.0,0.0,-1.0,0.0,0.0,128.0,532.0
508151.0,0.0,-2.89,-0.0,0.0,0.0,0.0,-1.0,0.0,0.0,128.0,519.0
508191.0,0.0,-2.89,-0.0,0.0,0.0,0.0,-1.0,0.0,0.0,128.0,538.0
508232.0,0.0,-2.89,-0.0,0.0,0.0,0.0,-1.0,0.0,0.0,128.0,531.0
508272.0,0.0,-2.89,-0.159,0.0,0.0,0.0,-1.0,0.0,0.0,128.0,532.0
508312.0,0.0,-2.89,-0.084,0.0,0.0,0.0,-1.0,0.0,0.0,128.0,527.0
508352.0,0.0,-2.89,-0.0,0.0,0.0,0.0,-1.0,0.0,0.0,128.0,538.0
508393.0,0.0,-2.89,-0.0,0.0,0.0,0.0,-1.0,0.0,0.0,128.0,525.0
508433.0,0.0,-2.89,-0.0,0.0,0.0,0.0,-1.0,0.0,0.0,128.0,531.0
508474.0,0.0,-2.89,-0.0,0.0,0.0,0.0,-1.0,0.0,0.0,128.0,525.0
508514.0,0.0,-2.89,0.008,0.0,0.0,0.0,-1.0,0.0,0.0,128.0,538.0
508554.0,0.0,-2.8916,-0.341,0.0,0.0,0.0,-1.0,0.0,0.0,128.0,539.0
508594.0,0.0,-2.89,-0.042,0.0,0.0,0.0,-1.0,0.0,0.0,128.0,533.0
508635.0,0.0,-2.89,-0.0,0.0,0.0,0.0,-1.0,0.0,0.0,128.0,520.0
508675.0,0.0,-2.89,-0.001,0.0,0.0,0.0,-1.0,0.0,0.0,128.0,538.0
508715.0,0.0,-2.89,-0.049,0.0,0.0,0.0,-1.0,0.0,0.0,128.0,526.0
508755.0,0.0,-2.89,-0.0,0.0,0.0,0.0,-1.0,0.0,0.0,128.0,526.0
508795.0,0.0,-2.89,-0.0,0.0,0.0,0.0,-1.0,0.0,0.0,128.0,525.0
508836.0,0.0,-2.89,-0.013,0.0,0.0,0.0,-1.0,0.0,0.0,128.0,539.0
508876.0,0.0,-2.89,-0.0,0.0,0.0,0.0,-1.0,0.0,0.0,128.0,519.0
508916.0,0.0,-2.89,-0.081,0.0,0.0,0.0,-1.0,0.0,0.0,128.0,532.0
508956.0,0.0,-2.89,-0.0,0.0,0.0,0.0,-1.0,0.0,0.0,128.0,532.0
508997.0,0.0,-2.89,-0.0,0.0,0.0,0.0,-1.0,0.0,0.0,128.0,519.0
509037.0,0.0,-2.89,-0.032,0.0,0.0,0.0,-1.0,0.0,0.0,128.0,533.0
509077.0,0.0,-2.89,-0.0,0.0,0.0,0.0,-1.0,0.0,0.0,128.0,526.0
509118.0,0.0,-2.89,0.0,0.0,0.0,0.0,-1.0,0.0,0.0,128.0,531.0
509158.0,0.0,-2.89,0.0,0.0,0.0,0.0,-1.0,0.0,0.0,128.0,525.0
509198.0,0.0,-2.89,0.0,0.0,0.0,0.0,-1.0,0.0,0.0,128.0,532.0
509239.0,0.0,-2.89,-0.049,0.0,0.0,0.0,-1.0,0.0,0.0,128.0,527.0
509279.0,0.0,-2.89,-0.0,0.0,0.0,0.0,-1.0,0.0,0.0,128.0,525.0
509319.0,0.0,-2.89,-0.0,0.0,0.0,0.0,-1.0,0.0,0.0,128.0,532.0
509360.0,0.0,-2.89,-0.0,0.0,0.0,0.0,-1.0,0.0,0.0,128.0,525.0
509400.0,0.0,-2.89,-0.021,0.0,0.0,0.0,-1.0,0.0,0.0,128.0,527.0
509440.0,0.0,-2.89,-0.0,0.0,0.0,0.0,-1.0,0.0,0.0,128.0,531.0
509480.0,0.0,-2.89,-0.049,0.0,0.0,0.0,-1.0,0.0,0.0,128.0,538.0
509520.0,0.0,-2.89,-0.0,0.0,0.0,0.0,-1.0,0.0,0.0,128.0,539.0
509561.0,0.0,-2.8885,0.328,0.0,0.0,0.0,-1.0,0.0,0.0,128.0,527.0
509601.0,0.0,-2.89,-0.077,0.0,0.0,0.0,-1.0,0.0,0.0,128.0,526.0
509641.0,0.0,-2.89,-0.001,0.0,0.0,0.0,-1.0,0.0,0.0,128.0,539.0
509681.0,0.0,-2.89,0.0,0.0,0.0,0.0,-1.0,0.0,0.0,128.0,532.0
509721.0,0.0,-2.89,-0.0,0.0,0.0,0.0,-1.0,0.0,0.0,128.0,533.0
509762.0,0.0,-2.89,-0.0,0.0,0.0,0.0,-1.0,0.0,0.0,128.0,519.0
509802.0,0.0,-2.89,-0.003,0.0,0.0,0.0,-1.0,0.0,0.0,128.0,539.0
509842.0,0.0,-2.89,0.005,0.0,0.0,0.0,-1.0,0.0,0.0,128.0,539.0
509882.0,0.0,-2.89,0.0,0.0,0.0,0.0,-1.0,0.0,0.0,128.0,531.0
509922.0,0.0,-2.89,0.0,0.0,0.0,0.0,-1.0,0.0,0.0,128.0,531.0
509963.0,0.0,-2.89,0.0,0.0,0.0,0.0,-1.0,0.0,0.0,128.0,531.0
510003.0,0.0,-2.89,-0.0,0.0,0.0,0.0,-1.0,0.0,0.0,128.0,519.0
510043.0,0.0,-2.8885,0.333,0.0,0.0,0.0,-1.0,0.0,0.0,128.0,538.0
510084.0,0.0,-2.89,-0.008,0.0,0.0,0.0,-1.0,0.0,0.0,128.0,538.0
510124.0,0.0,-2.89,-0.0,0.0,0.0,0.0,-1.0,0.0,0.0,128.0,532.0
510164.0,0.0,-2.8885,0.341,0.0,0.0,0.0,-1.0,0.0,0.0,128.0,532.0
510205.0,0.0,-2.89,-0.0,0.0,0.0,0.0,-1.0,0.0,0.0,128.0,520.0
510245.0,0.0,-2.89,-0.032,0.0,0.0,0.0,-1.0,0.0,0.0,128.0,538.0
510285.0,0.0,-2.89,-0.0,0.0,0.0,0.0,-1.0,0.0,0.0,128.0,532.0
510326.0,0.0,-2.89,-0.0,0.0,0.0,0.0,-1.0,0.0,0.0,128.0,526.0
510366.0,0.0,-2.89,-0.001,0.0,0.0,0.0,-1.0,0.0,0.0,128.0,526.0
510406.0,0.0,-2.89,-0.077,0.0,0.0,0.0,-1.0,0.0,0.0,128.0,526.0
510446.0,0.0,-2.89,-0.0,0.0,0.0,0.0,-1.0,0.0,0.0,128.0,531.0
510486.0,0.0,-2.89,-0.0,0.0,0.0,0.0,-1.0,0.0,0.0,128.0,524.0
510526.0,0.0,-2.89,-0.0,0.0,0.0,0.0,-1.0,0.0,0.0,128.0,532.0
510566.0,0.0,-2.89,-0.0,0.0,0.0,0.0,-1.0,0.0,0.0,128.0,532.0
510607.0,0.0,-2.89,-0.0,0.0,0.0,0.0,-1.0,0.0,0.0,128.0,525.0
510647.0,0.0,-2.89,-0.002,0.0,0.0,0.0,-1.0,0.0,0.0,128.0,538.0
510687.0,0.0,-2.89,-0.0,0.0,0.0,0.0,-1.0,0.0,0.0,128.0,526.0
510727.0,0.0,-2.89,-0.0,0.0,0.0,0.0,-1.0,0.0,0.0,128.0,532.0
510768.0,0.0,-2.89,-0.0,0.0,0.0,0.0,-1.0,0.0,0.0,128.0,538.0
510808.0,0.0,-2.89,-0.0,0.0,0.0,0.0,-1.0,0.0,0.0,128.0,526.0
510848.0,0.0,-2.89,0.02,0.0,0.0,0.0,-1.0,0.0,0.0,128.0,532.0
510888.0,0.0,-2.89,-0.009,0.0,0.0,0.0,-1.0,0.0,0.0,128.0,538.0
510929.0,0.0,-2.89,-0.004,0.0,0.0,0.0,-1.0,0.0,0.0,128.0,538.0
510969.0,0.0,-2.89,-0.0,0.0,0.0,0.0,-1.0,0.0,0.0,128.0,519.0
511009.0,0.0,-2.89,-0.0,0.0,0.0,0.0,-1.0,0.0,0.0,128.0,538.0
511049.0,0.0,-2.89,-0.001,0.0,0.0,0.0,-1.0,0.0,0.0,128.0,538.0
511090.0,0.0,-2.89,-0.0,0.0,0.0,0.0,-1.0,0.0,0.0,128.0,526.0
511130.0,0.0,-2.89,-0.084,0.0,0.0,0.0,-1.0,0.0,0.0,128.0,532.0
511170.0,0.0,-2.89,-0.0,0.0,0.0,0.0,-1.0,0.0,0.0,128.0,526.0
511210.0,0.0,-2.89,-0.068,0.0,0.0,0.0,-1.0,0.0,0.0,128.0,526.0
511251.0,0.0,-2.8885,0.341,0.0,0.0,0.0,-1.0,0.0,0.0,128.0,538.0
511291.0,0.0,-2.89,-0.083,0.0,0.0,0.0,-1.0,0.0,0.0,128.0,538.0
511332.0,0.0,-2.89,-0.075,0.0,0.0,0.0,-1.0,0.0,0.0,128.0,526.0
511372.0,0.0,-2.89,-0.0,0.0,0.0,0.0,-1.0,0.0,0.0,128.0,538.0
511412.0,0.0,-2.89,-0.013,0.0,0.0,0.0,-1.0,0.0,0.0,128.0,533.0
511452.0,0.0,-2.89,-0.032,0.0,0.0,0.0,-1.0,0.0,0.0,128.0,539.0
511493.0,0.0,-2.8885,0.338,0.0,0.0,0.0,-1.0,0.0,0.0,128.0,526.0
511533.0,0.0,-2.89,-0.001,0.0,0.0,0.0,-1.0,0.0,0.0,128.0,532.0
511573.0,0.0,-2.89,-0.013,0.0,0.0,0.0,-1.0,0.0,0.0,128.0,532.0
511613.0,0.0,-2.89,-0.0,0.0,0.0,0.0,-1.0,0.0,0.0,128.0,531.0
511654.0,0.0,-2.89,-0.0,0.0,0.0,0.0,-1.0,0.0,0.0,128.0,519.0
511694.0,0.0,-2.89,-0.0,0.0,0.0,0.0,-1.0,0.0,0.0,128.0,525.0
511734.0,0.0,-2.89,0.0,0.0,0.0,0.0,-1.0,0.0,0.0,128.0,525.0
511774.0,0.0,-2.89,0.02,0.0,0.0,0.0,-1.0,0.0,0.0,128.0,532.0
511815.0,0.0,-2.8885,0.304,0.0,0.0,0.0,-1.0,0.0,0.0,128.0,532.0
511855.0,0.0,-2.89,-0.0,0.0,0.0,0.0,-1.0,0.0,0.0,128.0,538.0
511896.0,0.0,-2.89,-0.0,0.0,0.0,0.0,-1.0,0.0,0.0,128.0,532.0
511936.0,0.0,-2.89,-0.0,0.0,0.0,0.0,-1.0,0.0,0.0,128.0,519.0
511976.0,0.0,-2.89,-0.0,0.0,0.0,0.0,-1.0,0.0,0.0,128.0,532.0
512016.0,0.0,-2.89,-0.0,0.0,0.0,0.0,-1.0,0.0,0.0,128.0,531.0
512056.0,0.0,-2.89,-0.069,0.0,0.0,0.0,-1.0,0.0,0.0,128.0,538.0
512096.0,0.0,-2.89,-0.021,0.0,0.0,0.0,-1.0,0.0,0.0,128.0,538.0
512136.0,0.0,-2.89,-0.075,0.0,0.0,0.0,-1.0,0.0,0.0,128.0,538.0
512176.0,0.0,-2.89,-0.0,0.0,0.0,0.0,-1.0,0.0,0.0,128.0,525.0
512217.0,0.0,-2.89,-0.0,0.0,0.0,0.0,-1.0,0.0,0.0,128.0,526.0
512257.0,0.0,-2.89,-0.0,0.0,0.0,0.0,-1.0,0.0,0.0,128.0,525.0
512297.0,0.0,-2.89,-0.001,0.0,0.0,0.0,-1.0,0.0,0.0,128.0,532.0
512338.0,0.0,-2.89,0.02,0.0,0.0,0.0,-1.0,0.0,0.0,128.0,527.0
512378.0,0.0,-2.89,-0.0,0.0,0.0,0.0,-1.0,0.0,0.0,128.0,525.0
512418.0,0.0,-2.89,-0.0,0.0,0.0,0.0,-1.0,0.0,0.0,128.0,519.0
512458.0,0.0,-2.89,-0.0,0.0,0.0,0.0,-1.0,0.0,0.0,128.0,532.0
512499.0,0.0,-2.8885,0.337,0.0,0.0,0.0,-1.0,0.0,0.0,128.0,538.0
512539.0,0.0,-2.89,-0.0,0.0,0.0,0.0,-1.0,0.0,0.0,128.0,538.0
512580.0,0.0,-2.89,-0.0,0.0,0.0,0.0,-1.0,0.0,0.0,128.0,526.0
512620.0,0.0,-2.89,-0.0,0.0,0.0,0.0,-1.0,0.0,0.0,128.0,520.0
512660.0,0.0,-2.89,-0.021,0.0,0.0,0.0,-1.0,0.0,0.0,128.0,526.0
512700.0,0.0,-2.89,-0.049,0.0,0.0,0.0,-1.0,0.0,0.0,128.0,532.0
512740.0,0.0,-2.89,-0.0,0.0,0.0,0.0,-1.0,0.0,0.0,128.0,531.0
512781.0,0.0,-2.89,-0.081,0.0,0.0,0.0,-1.0,0.0,0.0,128.0,526.0
512821.0,0.0,-2.89,-0.0,0.0,0.0,0.0,-1.0,0.0,0.0,128.0,526.0
512861.0,0.0,-2.89,-0.008,0.0,0.0,0.0,-1.0,0.0,0.0,128.0,533.0
512902.0,0.0,-2.89,-0.0,0.0,0.0,0.0,-1.0,0.0,0.0,128.0,531.0
512942.0,0.0,-2.89,-0.0,0.0,0.0,0.0,-1.0,0.0,0.0,128.0,525.0
512982.0,0.0,-2.89,-0.012,0.0,0.0,0.0,-1.0,0.0,0.0,128.0,526.0
513022.0,0.0,-2.89,-0.101,0.0,0.0,0.0,-1.0,0.0,0.0,128.0,526.0
513063.0,0.0,-2.89,-0.0,0.0,0.0,0.0,-1.0,0.0,0.0,128.0,531.0
513103.0,0.0,-2.89,-0.0,0.0,0.0,0.0,-1.0,0.0,0.0,128.0,531.0
513143.0,0.0,-2.89,-0.0,0.0,0.0,0.0,-1.0,0.0,0.0,128.0,532.0
513184.0,0.0,-2.89,-0.0,0.0,0.0,0.0,-1.0,0.0,0.0,128.0,519.0
513224.0,0.0,-2.89,-0.085,0.0,0.0,0.0,-1.0,0.0,0.0,128.0,539.0
513264.0,0.0,-2.89,-0.0,0.0,0.0,0.0,-1.0,0.0,0.0,128.0,520.0
513304.0,0.0,-2.89,-0.0,0.0,0.0,0.0,-1.0,0.0,0.0,128.0,525.0
513344.0,0.0,-2.8885,0.308,0.0,0.0,0.0,-1.0,0.0,0.0,128.0,539.0
513385.0,0.0,-2.89,-0.084,0.0,0.0,0.0,-1.0,0.0,0.0,128.0,538.0
513425.0,0.0,-2.89,-0.049,0.0,0.0,0.0,-1.0,0.0,0.0,128.0,527.0
513465.0,0.0,-2.89,-0.107,0.0,0.0,0.0,-1.0,0.0,0.0,128.0,532.0
513506.0,0.0,-2.89,-0.049,0.0,0.0,0.0,-1.0,0.0,0.0,128.0,526.0
513546.0,0.0,-2.89,-0.0,0.0,0.0,0.0,-1.0,0.0,0.0,128.0,525.0
513586.0,0.0,-2.89,-0.0,0.0,0.0,0.0,-1.0,0.0,0.0,128.0,519.0
513626.0,0.0,-2.8885,0.341,0.0,0.0,0.0,-1.0,0.0,0.0,128.0,532.0
513667.0,0.0,-2.89,-0.0,0.0,0.0,0.0,-1.0,0.0,0.0,128.0,526.0
513707.0,0.0,-2.89,-0.0,0.0,0.0,0.0,-1.0,0.0,0.0,128.0,531.0
513747.0,0.0,-2.89,-0.0,0.0,0.0,0.0,-1.0,0.0,0.0,128.0,526.0
513787.0,0.0,-2.89,-0.001,0.0,0.0,0.0,-1.0,0.0,0.0,128.0,538.0
513827.0,0.0,-2.89,-0.084,0.0,0.0,0.0,-1.0,0.0,0.0,128.0,538.0
513868.0,0.0,-2.89,0.0,0.0,0.0,0.0,-1.0,0.0,0.0,128.0,531.0
513908.0,0.0,-2.89,-0.0,0.0,0.0,0.0,-1.0,0.0,0.0,128.0,519.0
513948.0,0.0,-2.89,0.0,0.0,0.0,0.0,-1.0,0.0,0.0,128.0,538.0
513989.0,0.0,-2.89,-0.049,0.0,0.0,0.0,-1.0,0.0,0.0,128.0,532.0
514029.0,0.0,-2.89,-0.001,0.0,0.0,0.0,-1.0,0.0,0.0,128.0,539.0
514069.0,0.0,-2.89,-0.068,0.0,0.0,0.0,-1.0,0.0,0.0,128.0,538.0
514109.0,0.0,-2.89,0.02,0.0,0.0,0.0,-1.0,0.0,0.0,128.0,527.0
514150.0,0.0,-2.89,-0.0,0.0,0.0,0.0,-1.0,0.0,0.0,128.0,526.0
514190.0,0.0,-2.89,-0.013,0.0,0.0,0.0,-1.0,0.0,0.0,128.0,527.0
514230.0,0.0,-2.89,-0.0,0.0,0.0,0.0,-1.0,0.0,0.0,128.0,538.0
514270.0,0.0,-2.89,-0.008,0.0,0.0,0.0,-1.0,0.0,0.0,128.0,539.0
514311.0,0.0,-2.89,-0.049,0.0,0.0,0.0,-1.0,0.0,0.0,128.0,526.0
514351.0,0.0,-2.89,-0.0,0.0,0.0,0.0,-1.0,0.0,0.0,128.0,531.0
514391.0,0.0,-2.89,-0.029,0.0,0.0,0.0,-1.0,0.0,0.0,128.0,527.0
514432.0,0.0,-2.89,-0.008,0.0,0.0,0.0,-1.0,0.0,0.0,128.0,526.0
514472.0,0.0,-2.89,-0.005,0.0,0.0,0.0,-1.0,0.0,0.0,128.0,533.0
514512.0,0.0,-2.89,-0.071,0.0,0.0,0.0,-1.0,0.0,0.0,128.0,538.0
514553.0,0.0,-2.89,-0.084,0.0,0.0,0.0,-1.0,0.0,0.0,128.0,538.0
514593.0,0.0,-2.89,0.02,0.0,0.0,0.0,-1.0,0.0,0.0,128.0,526.0
514633.0,0.0,-2.89,-0.0,0.0,0.0,0.0,-1.0,0.0,0.0,128.0,526.0
514673.0,0.0,-2.89,-0.0,0.0,0.0,0.0,-1.0,0.0,0.0,128.0,532.0
514714.0,0.0,-2.89,0.001,0.0,0.0,0.0,-1.0,0.0,0.0,128.0,538.0
514754.0,0.0,-2.89,-0.075,0.0,0.0,0.0,-1.0,0.0,0.0,128.0,527.0
514794.0,0.0,-2.89,-0.0,0.0,0.0,0.0,-1.0,0.0,0.0,128.0,525.0
514834.0,0.0,-2.89,-0.033,0.0,0.0,0.0,-1.0,0.0,0.0,128.0,538.0
514875.0,0.0,-2.89,-0.0,0.0,0.0,0.0,-1.0,0.0,0.0,128.0,538.0
514915.0,0.0,-2.89,-0.008,0.0,0.0,0.0,-1.0,0.0,0.0,128.0,526.0
514955.0,0.0,-2.89,-0.0,0.0,0.0,0.0,-1.0,0.0,0.0,128.0,531.0
514996.0,0.0,-2.89,-0.089,0.0,0.0,0.0,-1.0,0.0,0.0,128.0,526.0
515036.0,0.0,-2.89,-0.001,0.0,0.0,0.0,-1.0,0.0,0.0,128.0,533.0
515076.0,0.0,-2.89,-0.075,0.0,0.0,0.0,-1.0,0.0,0.0,128.0,526.0
515116.0,0.0,-2.89,-0.001,0.0,0.0,0.0,-1.0,0.0,0.0,128.0,538.0
515157.0,0.0,-2.89,-0.0,0.0,0.0,0.0,-1.0,0.0,0.0,128.0,527.0
515197.0,0.0,-2.89,-0.0,0.0,0.0,0.0,-1.0,0.0,0.0,128.0,526.0
515237.0,0.0,-2.89,-0.035,0.0,0.0,0.0,-1.0,0.0,0.0,128.0,538.0
515278.0,0.0,-2.89,-0.0,0.0,0.0,0.0,-1.0,0.0,0.0,128.0,519.0
515318.0,0.0,-2.89,-0.0,0.0,0.0,0.0,-1.0,0.0,0.0,128.0,526.0
515358.0,0.0,-2.89,-0.021,0.0,0.0,0.0,-1.0,0.0,0.0,128.0,526.0
515398.0,0.0,-2.89,-0.068,0.0,0.0,0.0,-1.0,0.0,0.0,128.0,526.0
515438.0,0.0,-2.89,-0.0,0.0,0.0,0.0,-1.0,0.0,0.0,128.0,526.0
515478.0,0.0,-2.89,-0.095,0.0,0.0,0.0,-1.0,0.0,0.0,128.0,526.0
515518.0,0.0,-2.89,-0.0,0.0,0.0,0.0,-1.0,0.0,0.0,128.0,538.0
515558.0,0.0,-2.89,-0.0,0.0,0.0,0.0,-1.0,0.0,0.0,128.0,525.0
515599.0,0.0,-2.89,-0.0,0.0,0.0,0.0,-1.0,0.0,0.0,128.0,532.0
515639.0,0.0,-2.89,-0.0,0.0,0.0,0.0,-1.0,0.0,0.0,128.0,527.0
515679.0,0.0,-2.89,-0.069,0.0,0.0,0.0,-1.0,0.0,0.0,128.0,538.0
515720.0,0.0,-2.89,-0.025,0.0,0.0,0.0,-1.0,0.0,0.0,128.0,532.0
515760.0,0.0,-2.89,-0.005,0.0,0.0,0.0,-1.0,0.0,0.0,128.0,527.0
515801.0,0.0,-2.89,-0.0,0.0,0.0,0.0,-1.0,0.0,0.0,128.0,531.0
515841.0,0.0,-2.89,-0.0,0.0,0.0,0.0,-1.0,0.0,0.0,128.0,525.0
515881.0,0.0,-2.89,-0.124,0.0,0.0,0.0,-1.0,0.0,0.0,128.0,532.0
515922.0,0.0,-2.89,-0.003,0.0,0.0,0.0,-1.0,0.0,0.0,128.0,526.0
515962.0,0.0,-2.89,-0.087,0.0,0.0,0.0,-1.0,0.0,0.0,128.0,538.0
516002.0,0.0,-2.89,-0.0,0.0,0.0,0.0,-1.0,0.0,0.0,128.0,531.0
516043.0,0.0,-2.89,-0.005,0.0,0.0,0.0,-1.0,0.0,0.0,128.0,538.0
516083.0,0.0,-2.89,-0.0,0.0,0.0,0.0,-1.0,0.0,0.0,128.0,531.0
516123.0,0.0,-2.89,-0.0,0.0,0.0,0.0,-1.0,0.0,0.0,128.0,538.0
516164.0,0.0,-2.89,-0.032,0.0,0.0,0.0,-1.0,0.0,0.0,128.0,526.0
516204.0,0.0,-2.89,-0.0,0.0,0.0,0.0,-1.0,0.0,0.0,128.0,531.0
516244.0,0.0,-2.89,-0.0,0.0,0.0,0.0,-1.0,0.0,0.0,128.0,519.0
516284.0,0.0,-2.89,-0.0,0.0,0.0,0.0,-1.0,0.0,0.0,128.0,538.0
516325.0,0.0,-2.89,-0.008,0.0,0.0,0.0,-1.0,0.0,0.0,128.0,526.0
516365.0,0.0,-2.89,-0.0,0.0,0.0,0.0,-1.0,0.0,0.0,128.0,526.0
516406.0,0.0,-2.89,-0.0,0.0,0.0,0.0,-1.0,0.0,0.0,128.0,532.0
516446.0,0.0,-2.89,0.019,0.0,0.0,0.0,-1.0,0.0,0.0,128.0,533.0
516486.0,0.0,-2.89,-0.089,0.0,0.0,0.0,-1.0,0.0,0.0,128.0,527.0
516526.0,0.0,-2.89,-0.069,0.0,0.0,0.0,-1.0,0.0,0.0,128.0,538.0
516566.0,0.0,-2.89,-0.0,0.0,0.0,0.0,-1.0,0.0,0.0,128.0,525.0
516607.0,0.0,-2.89,-0.0,0.0,0.0,0.0,-1.0,0.0,0.0,128.0,531.0
516647.0,0.0,-2.89,-0.0,0.0,0.0,0.0,-1.0,0.0,0.0,128.0,519.0
516687.0,0.0,-2.89,-0.049,0.0,0.0,0.0,-1.0,0.0,0.0,128.0,532.0
516728.0,0.0,-2.89,-0.026,0.0,0.0,0.0,-1.0,0.0,0.0,128.0,539.0
516768.0,0.0,-2.89,-0.001,0.0,0.0,0.0,-1.0,0.0,0.0,128.0,526.0
516808.0,0.0,-2.89,-0.023,0.0,0.0,0.0,-1.0,0.0,0.0,128.0,526.0
516848.0,0.0,-2.89,-0.0,0.0,0.0,0.0,-1.0,0.0,0.0,128.0,531.0
516889.0,0.0,-2.89,-0.0,0.0,0.0,0.0,-1.0,0.0,0.0,128.0,531.0
516929.0,0.0,-2.89,-0.0,0.0,0.0,0.0,-1.0,0.0,0.0,128.0,526.0
516969.0,0.0,-2.89,-0.018,0.0,0.0,0.0,-1.0,0.0,0.0,128.0,538.0
517010.0,0.0,-2.89,-0.0,0.0,0.0,0.0,-1.0,0.0,0.0,128.0,525.0
517050.0,0.0,-2.89,-0.0,0.0,0.0,0.0,-1.0,0.0,0.0,128.0,520.0
517090.0,0.0,-2.89,-0.0,0.0,0.0,0.0,-1.0,0.0,0.0,128.0,532.0
517131.0,0.0,-2.89,-0.0,0.0,0.0,0.0,-1.0,0.0,0.0,128.0,525.0
517171.0,0.0,-2.89,-0.0,0.0,0.0,0.0,-1.0,0.0,0.0,128.0,532.0
517211.0,0.0,-2.89,-0.0,0.0,0.0,0.0,-1.0,0.0,0.0,128.0,525.0
517251.0,0.0,-2.89,-0.0,0.0,0.0,0.0,-1.0,0.0,0.0,128.0,531.0
517291.0,0.0,-2.89,-0.0,0.0,0.0,0.0,-1.0,0.0,0.0,128.0,538.0
517331.0,0.0,-2.89,-0.032,0.0,0.0,0.0,-1.0,0.0,0.0,128.0,539.0
517371.0,0.0,-2.8885,0.253,0.0,0.0,0.0,-1.0,0.0,0.0,128.0,539.0
517412.0,0.0,-2.89,-0.008,0.0,0.0,0.0,-1.0,0.0,0.0,128.0,538.0
517452.0,0.0,-2.89,-0.0,0.0,0.0,0.0,-1.0,0.0,0.0,128.0,539.0
517492.0,0.0,-2.89,-0.0,0.0,0.0,0.0,-1.0,0.0,0.0,128.0,532.0
517532.0,0.0,-2.89,-0.002,0.0,0.0,0.0,-1.0,0.0,0.0,128.0,526.0
517572.0,0.0,-2.89,-0.02,0.0,0.0,0.0,-1.0,0.0,0.0,128.0,526.0
517612.0,0.0,-2.89,-0.032,0.0,0.0,0.0,-1.0,0.0,0.0,128.0,538.0
517653.0,0.0,-2.89,-0.003,0.0,0.0,0.0,-1.0,0.0,0.0,128.0,538.0
517693.0,0.0,-2.89,-0.0,0.0,0.0,0.0,-1.0,0.0,0.0,128.0,531.0
517734.0,0.0,-2.89,-0.0,0.0,0.0,0.0,-1.0,0.0,0.0,128.0,532.0
517774.0,0.0,-2.89,-0.0,0.0,0.0,0.0,-1.0,0.0,0.0,128.0,526.0
517814.0,0.0,-2.89,-0.0,0.0,0.0,0.0,-1.0,0.0,0.0,128.0,532.0
517854.0,0.0,-2.89,-0.0,0.0,0.0,0.0,-1.0,0.0,0.0,128.0,524.0
517894.0,0.0,-2.89,-0.013,0.0,0.0,0.0,-1.0,0.0,0.0,128.0,532.0
517935.0,0.0,-2.89,-0.0,0.0,0.0,0.0,-1.0,0.0,0.0,128.0,531.0
517975.0,0.0,-2.89,-0.0,0.0,0.0,0.0,-1.0,0.0,0.0,128.0,519.0
518015.0,0.0,-2.89,-0.005,0.0,0.0,0.0,-1.0,0.0,0.0,128.0,532.0
518055.0,0.0,-2.89,-0.0,0.0,0.0,0.0,-1.0,0.0,0.0,128.0,539.0
518096.0,0.0,-2.89,-0.002,0.0,0.0,0.0,-1.0,0.0,0.0,128.0,532.0
518136.0,0.0,-2.89,-0.021,0.0,0.0,0.0,-1.0,0.0,0.0,128.0,538.0
518176.0,0.0,-2.89,-0.0,0.0,0.0,0.0,-1.0,0.0,0.0,128.0,525.0
518217.0,0.0,-2.89,-0.0,0.0,0.0,0.0,-1.0,0.0,0.0,128.0,519.0
518257.0,0.0,-2.89,-0.0,0.0,0.0,0.0,-1.0,0.0,0.0,128.0,526.0
518297.0,0.0,-2.89,-0.0,0.0,0.0,0.0,-1.0,0.0,0.0,128.0,525.0
518337.0,0.0,-2.89,-0.0,0.0,0.0,0.0,-1.0,0.0,0.0,128.0,525.0
518377.0,0.0,-2.89,-0.0,0.0,0.0,0.0,-1.0,0.0,0.0,128.0,525.0
518418.0,0.0,-2.89,-0.0,0.0,0.0,0.0,-1.0,0.0,0.0,128.0,531.0
518458.0,0.0,-2.89,-0.0,0.0,0.0,0.0,-1.0,0.0,0.0,128.0,532.0
518498.0,0.0,-2.89,-0.056,0.0,0.0,0.0,-1.0,0.0,0.0,128.0,532.0
518539.0,0.0,-2.89,-0.049,0.0,0.0,0.0,-1.0,0.0,0.0,128.0,527.0
518579.0,0.0,-2.89,-0.0,0.0,0.0,0.0,-1.0,0.0,0.0,128.0,525.0
518620.0,0.0,-2.89,-0.0,0.0,0.0,0.0,-1.0,0.0,0.0,128.0,519.0
518660.0,0.0,-2.89,-0.013,0.0,0.0,0.0,-1.0,0.0,0.0,128.0,532.0
518700.0,0.0,-2.89,-0.0,0.0,0.0,0.0,-1.0,0.0,0.0,128.0,526.0
518740.0,0.0,-2.89,-0.0,0.0,0.0,0.0,-1.0,0.0,0.0,128.0,532.0
518781.0,0.0,-2.89,-0.0,0.0,0.0,0.0,-1.0,0.0,0.0,128.0,532.0
518821.0,0.0,-2.89,-0.002,0.0,0.0,0.0,-1.0,0.0,0.0,128.0,526.0
518861.0,0.0,-2.89,-0.0,0.0,0.0,0.0,-1.0,0.0,0.0,128.0,531.0
518901.0,0.0,-2.89,-0.075,0.0,0.0,0.0,-1.0,0.0,0.0,128.0,527.0
518941.0,0.0,-2.89,-0.013,0.0,0.0,0.0,-1.0,0.0,0.0,128.0,538.0
518982.0,0.0,-2.89,-0.013,0.0,0.0,0.0,-1.0,0.0,0.0,128.0,526.0
519022.0,0.0,-2.89,-0.0,0.0,0.0,0.0,-1.0,0.0,0.0,128.0,531.0
519062.0,0.0,-2.89,-0.085,0.0,0.0,0.0,-1.0,0.0,0.0,128.0,526.0
519102.0,0.0,-2.89,-0.075,0.0,0.0,0.0,-1.0,0.0,0.0,128.0,538.0
519143.0,0.0,-2.89,-0.0,0.0,0.0,0.0,-1.0,0.0,0.0,128.0,519.0
519183.0,0.0,-2.89,-0.057,0.0,0.0,0.0,-1.0,0.0,0.0,128.0,532.0
519223.0,0.0,-2.89,-0.075,0.0,0.0,0.0,-1.0,0.0,0.0,128.0,527.0
519263.0,0.0,-2.89,-0.0,0.0,0.0,0.0,-1.0,0.0,0.0,128.0,525.0
519303.0,0.0,-2.89,-0.075,0.0,0.0,0.0,-1.0,0.0,0.0,128.0,532.0
519344.0,0.0,-2.89,-0.021,0.0,0.0,0.0,-1.0,0.0,0.0,128.0,526.0
519384.0,0.0,-2.89,-0.081,0.0,0.0,0.0,-1.0,0.0,0.0,128.0,538.0
519424.0,0.0,-2.89,-0.0,0.0,0.0,0.0,-1.0,0.0,0.0,128.0,519.0
519464.0,0.0,-2.89,-0.034,0.0,0.0,0.0,-1.0,0.0,0.0,128.0,526.0
519504.0,0.0,-2.89,-0.013,0.0,0.0,0.0,-1.0,0.0,0.0,128.0,532.0
519544.0,0.0,-2.89,-0.075,0.0,0.0,0.0,-1.0,0.0,0.0,128.0,538.0
519585.0,0.0,-2.89,-0.075,0.0,0.0,0.0,-1.0,0.0,0.0,128.0,532.0
519625.0,0.0,-2.89,-0.033,0.0,0.0,0.0,-1.0,0.0,0.0,128.0,526.0
519665.0,0.0,-2.89,0.0,0.0,0.0,0.0,-1.0,0.0,0.0,128.0,519.0
519705.0,0.0,-2.89,-0.075,0.0,0.0,0.0,-1.0,0.0,0.0,128.0,526.0
519745.0,0.0,-2.89,-0.082,0.0,0.0,0.0,-1.0,0.0,0.0,128.0,532.0
519786.0,0.0,-2.89,-0.021,0.0,0.0,0.0,-1.0,0.0,0.0,128.0,527.0
519826.0,0.0,-2.89,-0.032,0.0,0.0,0.0,-1.0,0.0,0.0,128.0,532.0
519866.0,0.0,-2.89,-0.051,0.0,0.0,0.0,-1.0,0.0,0.0,128.0,527.0
519906.0,0.0,-2.89,0.0,0.0,0.0,0.0,-1.0,0.0,0.0,128.0,538.0
519946.0,0.0,-2.89,-0.0,0.0,0.0,0.0,-1.0,0.0,0.0,128.0,539.0
519987.0,0.0,-2.89,-0.0,0.0,0.0,0.0,-1.0,0.0,0.0,128.0,531.0
520027.0,0.0,-2.89,-0.021,0.0,0.0,0.0,-1.0,0.0,0.0,128.0,526.0
520067.0,0.0,-2.89,-0.0,0.0,0.0,0.0,-1.0,0.0,0.0,128.0,526.0
520108.0,0.0,-2.89,-0.0,0.0,0.0,0.0,-1.0,0.0,0.0,128.0,531.0
520148.0,0.0,-2.89,-0.025,0.0,0.0,0.0,-1.0,0.0,0.0,128.0,538.0
520188.0,0.0,-2.89,-0.0,0.0,0.0,0.0,-1.0,0.0,0.0,128.0,531.0
520228.0,0.0,-2.89,-0.068,0.0,0.0,0.0,-1.0,0.0,0.0,128.0,533.0
520269.0,0.0,-2.89,-0.001,0.0,0.0,0.0,-1.0,0.0,0.0,128.0,526.0
520309.0,0.0,-2.89,-0.0,0.0,0.0,0.0,-1.0,0.0,0.0,128.0,525.0
520349.0,0.0,-2.89,-0.0,0.0,0.0,0.0,-1.0,0.0,0.0,128.0,519.0
520389.0,0.0,-2.89,-0.049,0.0,0.0,0.0,-1.0,0.0,0.0,128.0,532.0
520430.0,0.0,-2.89,-0.0,0.0,0.0,0.0,-1.0,0.0,0.0,128.0,519.0
520470.0,0.0,-2.89,-0.0,0.0,0.0,0.0,-1.0,0.0,0.0,128.0,519.0
520510.0,0.0,-2.89,-0.001,0.0,0.0,0.0,-1.0,0.0,0.0,128.0,538.0
520551.0,0.0,-2.89,-0.0,0.0,0.0,0.0,-1.0,0.0,0.0,128.0,525.0
520591.0,0.0,-2.89,-0.005,0.0,0.0,0.0,-1.0,0.0,0.0,128.0,539.0
520631.0,0.0,-2.89,-0.0,0.0,0.0,0.0,-1.0,0.0,0.0,128.0,525.0
520672.0,0.0,-2.89,-0.0,0.0,0.0,0.0,-1.0,0.0,0.0,128.0,538.0
520712.0,0.0,-2.89,-0.075,0.0,0.0,0.0,-1.0,0.0,0.0,128.0,538.0
520752.0,0.0,-2.89,-0.005,0.0,0.0,0.0,-1.0,0.0,0.0,128.0,538.0
520793.0,0.0,-2.89,-0.008,0.0,0.0,0.0,-1.0,0.0,0.0,128.0,538.0
520833.0,0.0,-2.89,-0.0,0.0,0.0,0.0,-1.0,0.0,0.0,128.0,525.0
520874.0,0.0,-2.89,-0.021,0.0,0.0,0.0,-1.0,0.0,0.0,128.0,539.0
520914.0,0.0,-2.89,-0.0,0.0,0.0,0.0,-1.0,0.0,0.0,128.0,531.0
520954.0,0.0,-2.89,-0.0,0.0,0.0,0.0,-1.0,0.0,0.0,128.0,531.0
520994.0,0.0,-2.89,0.02,0.0,0.0,0.0,-1.0,0.0,0.0,128.0,533.0
521034.0,0.0,-2.8885,0.339,0.0,0.0,0.0,-1.0,0.0,0.0,128.0,532.0
521075.0,0.0,-2.89,-0.002,0.0,0.0,0.0,-1.0,0.0,0.0,128.0,538.0
521115.0,0.0,-2.89,-0.0,0.0,0.0,0.0,-1.0,0.0,0.0,128.0,525.0
521156.0,0.0,-2.89,0.036,0.0,0.0,0.0,-1.0,0.0,0.0,128.0,527.0
521196.0,0.0,-2.89,-0.005,0.0,0.0,0.0,-1.0,0.0,0.0,128.0,532.0
521236.0,0.0,-2.89,-0.008,0.0,0.0,0.0,-1.0,0.0,0.0,128.0,538.0
521276.0,0.0,-2.8885,0.266,0.0,0.0,0.0,-1.0,0.0,0.0,128.0,526.0
521316.0,0.0,-2.89,-0.0,0.0,0.0,0.0,-1.0,0.0,0.0,128.0,531.0
521356.0,0.0,-2.89,-0.032,0.0,0.0,0.0,-1.0,0.0,0.0,128.0,532.0
521397.0,0.0,-2.8885,0.341,0.0,0.0,0.0,-1.0,0.0,0.0,128.0,527.0
521437.0,0.0,-2.8916,-0.341,0.0,0.0,0.0,-1.0,0.0,0.0,128.0,538.0
521477.0,0.0,-2.89,-0.092,0.0,0.0,0.0,-1.0,0.0,0.0,128.0,526.0
521517.0,0.0,-2.89,-0.003,0.0,0.0,0.0,-1.0,0.0,0.0,128.0,526.0
521557.0,0.0,-2.89,-0.013,0.0,0.0,0.0,-1.0,0.0,0.0,128.0,538.0
521598.0,0.0,-2.89,-0.008,0.0,0.0,0.0,-1.0,0.0,0.0,128.0,526.0
521638.0,0.0,-2.89,-0.0,0.0,0.0,0.0,-1.0,0.0,0.0,128.0,525.0
521678.0,0.0,-2.89,-0.076,0.0,0.0,0.0,-1.0,0.0,0.0,128.0,532.0
521718.0,0.0,-2.89,-0.033,0.0,0.0,0.0,-1.0,0.0,0.0,128.0,526.0
521758.0,0.0,-2.89,-0.0,0.0,0.0,0.0,-1.0,0.0,0.0,128.0,531.0
521798.0,0.0,-2.89,-0.0,0.0,0.0,0.0,-1.0,0.0,0.0,128.0,531.0
521839.0,0.0,-2.89,-0.032,0.0,0.0,0.0,-1.0,0.0,0.0,128.0,539.0
521879.0,0.0,-2.8885,0.24,0.0,0.0,0.0,-1.0,0.0,0.0,128.0,539.0
521919.0,0.0,-2.89,-0.0,0.0,0.0,0.0,-1.0,0.0,0.0,128.0,526.0
521959.0,0.0,-2.89,-0.076,0.0,0.0,0.0,-1.0,0.0,0.0,128.0,532.0
522000.0,0.0,-2.89,-0.084,0.0,0.0,0.0,-1.0,0.0,0.0,128.0,526.0
522040.0,0.0,-2.89,-0.0,0.0,0.0,0.0,-1.0,0.0,0.0,128.0,525.0
522080.0,0.0,-2.89,0.02,0.0,0.0,0.0,-1.0,0.0,0.0,128.0,526.0
522120.0,0.0,-2.8885,0.223,0.0,0.0,0.0,-1.0,0.0,0.0,128.0,526.0
522161.0,0.0,-2.89,-0.07,0.0,0.0,0.0,-1.0,0.0,0.0,128.0,526.0
522201.0,0.0,-2.89,-0.0,0.0,0.0,0.0,-1.0,0.0,0.0,128.0,524.0
522241.0,0.0,-2.89,-0.038,0.0,0.0,0.0,-1.0,0.0,0.0,128.0,538.0
522281.0,0.0,-2.89,-0.002,0.0,0.0,0.0,-1.0,0.0,0.0,128.0,539.0
522322.0,0.0,-2.89,-0.0,0.0,0.0,0.0,-1.0,0.0,0.0,128.0,526.0
522362.0,0.0,-2.89,-0.0,0.0,0.0,0.0,-1.0,0.0,0.0,128.0,532.0
522402.0,0.0,-2.89,-0.084,0.0,0.0,0.0,-1.0,0.0,0.0,128.0,526.0
522442.0,0.0,-2.89,-0.0,0.0,0.0,0.0,-1.0,0.0,0.0,128.0,531.0
522483.0,0.0,-2.89,-0.075,0.0,0.0,0.0,-1.0,0.0,0.0,128.0,526.0
522523.0,0.0,-2.89,-0.0,0.0,0.0,0.0,-1.0,0.0,0.0,128.0,525.0
522563.0,0.0,-2.89,-0.084,0.0,0.0,0.0,-1.0,0.0,0.0,128.0,532.0
522604.0,0.0,-2.89,-0.0,0.0,0.0,0.0,-1.0,0.0,0.0,128.0,531.0
522644.0,0.0,-2.89,-0.052,0.0,0.0,0.0,-1.0,0.0,0.0,128.0,539.0
522684.0,0.0,-2.89,-0.072,0.0,0.0,0.0,-1.0,0.0,0.0,128.0,526.0
522724.0,0.0,-2.89,-0.001,0.0,0.0,0.0,-1.0,0.0,0.0,128.0,533.0
522764.0,0.0,-2.89,-0.002,0.0,0.0,0.0,-1.0,0.0,0.0,128.0,533.0
522805.0,0.0,-2.89,-0.0,0.0,0.0,0.0,-1.0,0.0,0.0,128.0,532.0
522845.0,0.0,-2.89,-0.0,0.0,0.0,0.0,-1.0,0.0,0.0,128.0,531.0
522885.0,0.0,-2.89,-0.001,0.0,0.0,0.0,-1.0,0.0,0.0,128.0,538.0
522925.0,0.0,-2.89,-0.0,0.0,0.0,0.0,-1.0,0.0,0.0,128.0,525.0
522966.0,0.0,-2.89,-0.0,0.0,0.0,0.0,-1.0,0.0,0.0,128.0,527.0
523006.0,0.0,-2.89,-0.0,0.0,0.0,0.0,-1.0,0.0,0.0,128.0,525.0
523046.0,0.0,-2.89,-0.001,0.0,0.0,0.0,-1.0,0.0,0.0,128.0,538.0
523086.0,0.0,-2.89,-0.001,0.0,0.0,0.0,-1.0,0.0,0.0,128.0,532.0
523126.0,0.0,-2.89,-0.0,0.0,0.0,0.0,-1.0,0.0,0.0,128.0,532.0
523167.0,0.0,-2.89,-0.0,0.0,0.0,0.0,-1.0,0.0,0.0,128.0,532.0
523207.0,0.0,-2.8885,0.34,0.0,0.0,0.0,-1.0,0.0,0.0,128.0,526.0
523248.0,0.0,-2.89,-0.005,0.0,0.0,0.0,-1.0,0.0,0.0,128.0,526.0
523288.0,0.0,-2.89,-0.0,0.0,0.0,0.0,-1.0,0.0,0.0,128.0,525.0
523328.0,0.0,-2.89,-0.0,0.0,0.0,0.0,-1.0,0.0,0.0,128.0,519.0
523368.0,0.0,-2.89,-0.0,0.0,0.0,0.0,-1.0,0.0,0.0,128.0,519.0
523408.0,0.0,-2.89,-0.0,0.0,0.0,0.0,-1.0,0.0,0.0,128.0,531.0
523449.0,0.0,-2.89,-0.0,0.0,0.0,0.0,-1.0,0.0,0.0,128.0,538.0
523489.0,0.0,-2.89,-0.002,0.0,0.0,0.0,-1.0,0.0,0.0,128.0,538.0
523529.0,0.0,-2.89,-0.0,0.0,0.0,0.0,-1.0,0.0,0.0,128.0,525.0
523570.0,0.0,-2.89,0.02,0.0,0.0,0.0,-1.0,0.0,0.0,128.0,527.0
523610.0,0.0,-2.89,-0.0,0.0,0.0,0.0,-1.0,0.0,0.0,128.0,531.0
523650.0,0.0,-2.89,-0.021,0.0,0.0,0.0,-1.0,0.0,0.0,128.0,538.0
523690.0,0.0,-2.89,-0.0,0.0,0.0,0.0,-1.0,0.0,0.0,128.0,519.0
523730.0,0.0,-2.89,-0.013,0.0,0.0,0.0,-1.0,0.0,0.0,128.0,533.0
523770.0,0.0,-2.89,-0.0,0.0,0.0,0.0,-1.0,0.0,0.0,128.0,525.0
523811.0,0.0,-2.89,-0.0,0.0,0.0,0.0,-1.0,0.0,0.0,128.0,525.0
523851.0,0.0,-2.89,-0.0,0.0,0.0,0.0,-1.0,0.0,0.0,128.0,519.0
523891.0,0.0,-2.89,-0.0,0.0,0.0,0.0,-1.0,0.0,0.0,128.0,519.0
523931.0,0.0,-2.89,-0.005,0.0,0.0,0.0,-1.0,0.0,0.0,128.0,532.0
523972.0,0.0,-2.89,-0.0,0.0,0.0,0.0,-1.0,0.0,0.0,128.0,525.0
524012.0,0.0,-2.89,-0.075,0.0,0.0,0.0,-1.0,0.0,0.0,128.0,527.0
524052.0,0.0,-2.89,-0.0,0.0,0.0,0.0,-1.0,0.0,0.0,128.0,525.0
524092.0,0.0,-2.89,-0.089,0.0,0.0,0.0,-1.0,0.0,0.0,128.0,526.0
524132.0,0.0,-2.89,-0.0,0.0,0.0,0.0,-1.0,0.0,0.0,128.0,527.0
524172.0,0.0,-2.89,-0.0,0.0,0.0,0.0,-1.0,0.0,0.0,128.0,532.0
524212.0,0.0,-2.89,-0.153,0.0,0.0,0.0,-1.0,0.0,0.0,128.0,531.0
524253.0,0.0,-2.89,-0.068,0.0,0.0,0.0,-1.0,0.0,0.0,128.0,539.0
524293.0,0.0,-2.89,-0.032,0.0,0.0,0.0,-1.0,0.0,0.0,128.0,538.0
524333.0,0.0,-2.89,-0.105,0.0,0.0,0.0,-1.0,0.0,0.0,128.0,526.0
524373.0,0.0,-2.89,-0.0,0.0,0.0,0.0,-1.0,0.0,0.0,128.0,525.0
524413.0,0.0,-2.89,-0.0,0.0,0.0,0.0,-1.0,0.0,0.0,128.0,531.0
524454.0,0.0,-2.89,-0.0,0.0,0.0,0.0,-1.0,0.0,0.0,128.0,531.0
524494.0,0.0,-2.8885,0.338,0.0,0.0,0.0,-1.0,0.0,0.0,128.0,539.0
524534.0,0.0,-2.89,-0.0,0.0,0.0,0.0,-1.0,0.0,0.0,128.0,538.0
524574.0,0.0,-2.89,-0.084,0.0,0.0,0.0,-1.0,0.0,0.0,128.0,539.0
524615.0,0.0,-2.89,-0.0,0.0,0.0,0.0,-1.0,0.0,0.0,128.0,525.0
524655.0,0.0,-2.89,-0.101,0.0,0.0,0.0,-1.0,0.0,0.0,128.0,526.0
524695.0,0.0,-2.89,-0.0,0.0,0.0,0.0,-1.0,0.0,0.0,128.0,519.0
524735.0,0.0,-2.89,-0.021,0.0,0.0,0.0,-1.0,0.0,0.0,128.0,526.0
524775.0,0.0,-2.89,-0.003,0.0,0.0,0.0,-1.0,0.0,0.0,128.0,538.0
524815.0,0.0,-2.8885,0.341,0.0,0.0,0.0,-1.0,0.0,0.0,128.0,539.0
524856.0,0.0,-2.89,-0.0,0.0,0.0,0.0,-1.0,0.0,0.0,128.0,532.0
524896.0,0.0,-2.89,-0.0,0.0,0.0,0.0,-1.0,0.0,0.0,128.0,532.0
524937.0,0.0,-2.89,-0.0,0.0,0.0,0.0,-1.0,0.0,0.0,128.0,520.0
524977.0,0.0,-2.89,-0.0,0.0,0.0,0.0,-1.0,0.0,0.0,128.0,525.0
525017.0,0.0,-2.89,-0.0,0.0,0.0,0.0,-1.0,0.0,0.0,128.0,519.0
525057.0,0.0,-2.89,-0.0,0.0,0.0,0.0,-1.0,0.0,0.0,128.0,519.0
525097.0,0.0,-2.89,0.02,0.0,0.0,0.0,-1.0,0.0,0.0,128.0,538.0
525138.0,0.0,-2.89,-0.0,0.0,0.0,0.0,-1.0,0.0,0.0,128.0,531.0
525178.0,0.0,-2.8885,0.341,0.0,0.0,0.0,-1.0,0.0,0.0,128.0,538.0
525218.0,0.0,-2.89,-0.008,0.0,0.0,0.0,-1.0,0.0,0.0,128.0,532.0
525259.0,0.0,-2.89,-0.003,0.0,0.0,0.0,-1.0,0.0,0.0,128.0,539.0
525299.0,0.0,-2.89,-0.089,0.0,0.0,0.0,-1.0,0.0,0.0,128.0,538.0
525340.0,0.0,-2.89,0.0,0.0,0.0,0.0,-1.0,0.0,0.0,128.0,519.0
525380.0,0.0,-2.89,0.0,0.0,0.0,0.0,-1.0,0.0,0.0,128.0,531.0
525420.0,0.0,-2.8885,0.34,0.0,0.0,0.0,-1.0,0.0,0.0,128.0,526.0
525461.0,0.0,-2.89,-0.0,0.0,0.0,0.0,-1.0,0.0,0.0,128.0,531.0
525501.0,0.0,-2.89,-0.021,0.0,0.0,0.0,-1.0,0.0,0.0,128.0,532.0
525541.0,0.0,-2.89,-0.068,0.0,0.0,0.0,-1.0,0.0,0.0,128.0,527.0
525581.0,0.0,-2.89,-0.0,0.0,0.0,0.0,-1.0,0.0,0.0,128.0,531.0
525622.0,0.0,-2.89,-0.084,0.0,0.0,0.0,-1.0,0.0,0.0,128.0,526.0
525662.0,0.0,-2.89,-0.0,0.0,0.0,0.0,-1.0,0.0,0.0,128.0,525.0
525702.0,0.0,-2.89,-0.0,0.0,0.0,0.0,-1.0,0.0,0.0,128.0,519.0
525742.0,0.0,-2.89,-0.068,0.0,0.0,0.0,-1.0,0.0,0.0,128.0,539.0
525783.0,0.0,-2.89,-0.002,0.0,0.0,0.0,-1.0,0.0,0.0,128.0,526.0
525823.0,0.0,-2.89,-0.123,0.0,0.0,0.0,-1.0,0.0,0.0,128.0,533.0
525863.0,0.0,-2.89,-0.032,0.0,0.0,0.0,-1.0,0.0,0.0,128.0,526.0
525904.0,0.0,-2.89,0.0,0.0,0.0,0.0,-1.0,0.0,0.0,128.0,519.0
525944.0,0.0,-2.89,-0.021,0.0,0.0,0.0,-1.0,0.0,0.0,128.0,526.0
525984.0,0.0,-2.89,0.0,0.0,0.0,0.0,-1.0,0.0,0.0,128.0,532.0
526024.0,0.0,-2.89,0.0,0.0,0.0,0.0,-1.0,0.0,0.0,128.0,525.0
526064.0,0.0,-2.89,-0.0,0.0,0.0,0.0,-1.0,0.0,0.0,128.0,538.0
526104.0,0.0,-2.8885,0.341,0.0,0.0,0.0,-1.0,0.0,0.0,128.0,538.0
526144.0,0.0,-2.89,-0.03,0.0,0.0,0.0,-1.0,0.0,0.0,128.0,526.0
526184.0,0.0,-2.89,-0.075,0.0,0.0,0.0,-1.0,0.0,0.0,128.0,532.0
526225.0,0.0,-2.89,-0.073,0.0,0.0,0.0,-1.0,0.0,0.0,128.0,532.0
526265.0,0.0,-2.89,-0.003,0.0,0.0,0.0,-1.0,0.0,0.0,128.0,538.0
526305.0,0.0,-2.89,-0.0,0.0,0.0,0.0,-1.0,0.0,0.0,128.0,525.0
526346.0,0.0,-2.89,-0.033,0.0,0.0,0.0,-1.0,0.0,0.0,128.0,526.0
526386.0,0.0,-2.89,-0.005,0.0,0.0,0.0,-1.0,0.0,0.0,128.0,538.0
526426.0,0.0,-2.89,-0.0,0.0,0.0,0.0,-1.0,0.0,0.0,128.0,526.0
526466.0,0.0,-2.89,-0.013,0.0,0.0,0.0,-1.0,0.0,0.0,128.0,538.0
526507.0,0.0,-2.89,-0.0,0.0,0.0,0.0,-1.0,0.0,0.0,128.0,519.0
526547.0,0.0,-2.89,0.032,0.0,0.0,0.0,-1.0,0.0,0.0,128.0,538.0
526587.0,0.0,-2.89,0.0,0.0,0.0,0.0,-1.0,0.0,0.0,128.0,520.0
526627.0,0.0,-2.89,-0.068,0.0,0.0,0.0,-1.0,0.0,0.0,128.0,526.0
526667.0,0.0,-2.89,-0.084,0.0,0.0,0.0,-1.0,0.0,0.0,128.0,532.0
526707.0,0.0,-2.89,-0.0,0.0,0.0,0.0,-1.0,0.0,0.0,128.0,532.0
526748.0,0.0,-2.89,-0.0,0.0,0.0,0.0,-1.0,0.0,0.0,128.0,525.0
526788.0,0.0,-2.89,-0.0,0.0,0.0,0.0,-1.0,0.0,0.0,128.0,531.0
526828.0,0.0,-2.89,-0.005,0.0,0.0,0.0,-1.0,0.0,0.0,128.0,532.0
526868.0,0.0,-2.8885,0.34,0.0,0.0,0.0,-1.0,0.0,0.0,128.0,532.0
526909.0,0.0,-2.89,-0.0,0.0,0.0,0.0,-1.0,0.0,0.0,128.0,538.0
526949.0,0.0,-2.89,-0.0,0.0,0.0,0.0,-1.0,0.0,0.0,128.0,526.0
526989.0,0.0,-2.89,-0.075,0.0,0.0,0.0,-1.0,0.0,0.0,128.0,526.0
527029.0,0.0,-2.89,-0.002,0.0,0.0,0.0,-1.0,0.0,0.0,128.0,526.0
527070.0,0.0,-2.89,-0.0,0.0,0.0,0.0,-1.0,0.0,0.0,128.0,519.0
527110.0,0.0,-2.89,-0.005,0.0,0.0,0.0,-1.0,0.0,0.0,128.0,539.0
527150.0,0.0,-2.89,-0.003,0.0,0.0,0.0,-1.0,0.0,0.0,128.0,532.0
527191.0,0.0,-2.89,-0.006,0.0,0.0,0.0,-1.0,0.0,0.0,128.0,526.0
527231.0,0.0,-2.89,-0.0,0.0,0.0,0.0,-1.0,0.0,0.0,128.0,519.0
527271.0,0.0,-2.89,-0.0,0.0,0.0,0.0,-1.0,0.0,0.0,128.0,526.0
527311.0,0.0,-2.8885,0.328,0.0,0.0,0.0,-1.0,0.0,0.0,128.0,539.0
527352.0,0.0,-2.89,-0.023,0.0,0.0,0.0,-1.0,0.0,0.0,128.0,526.0
527392.0,0.0,-2.89,-0.0,0.0,0.0,0.0,-1.0,0.0,0.0,128.0,525.0
527432.0,0.0,-2.89,-0.021,0.0,0.0,0.0,-1.0,0.0,0.0,128.0,527.0
527472.0,0.0,-2.89,-0.0,0.0,0.0,0.0,-1.0,0.0,0.0,128.0,525.0
527513.0,0.0,-2.89,-0.0,0.0,0.0,0.0,-1.0,0.0,0.0,128.0,520.0
527553.0,0.0,-2.89,-0.003,0.0,0.0,0.0,-1.0,0.0,0.0,128.0,526.0
527593.0,0.0,-2.89,-0.0,0.0,0.0,0.0,-1.0,0.0,0.0,128.0,519.0
527633.0,0.0,-2.8885,0.333,0.0,0.0,0.0,-1.0,0.0,0.0,128.0,526.0
527673.0,0.0,-2.89,-0.0,0.0,0.0,0.0,-1.0,0.0,0.0,128.0,532.0
527714.0,0.0,-2.89,-0.0,0.0,0.0,0.0,-1.0,0.0,0.0,128.0,526.0
527754.0,0.0,-2.89,-0.0,0.0,0.0,0.0,-1.0,0.0,0.0,128.0,525.0
527794.0,0.0,-2.8885,0.263,0.0,0.0,0.0,-1.0,0.0,0.0,128.0,526.0
527835.0,0.0,-2.89,-0.117,0.0,0.0,0.0,-1.0,0.0,0.0,128.0,526.0
527875.0,0.0,-2.89,-0.0,0.0,0.0,0.0,-1.0,0.0,0.0,128.0,532.0
527915.0,0.0,-2.89,-0.033,0.0,0.0,0.0,-1.0,0.0,0.0,128.0,526.0
527955.0,0.0,-2.89,-0.0,0.0,0.0,0.0,-1.0,0.0,0.0,128.0,525.0
527996.0,0.0,-2.89,-0.0,0.0,0.0,0.0,-1.0,0.0,0.0,128.0,525.0
528036.0,0.0,-2.89,-0.049,0.0,0.0,0.0,-1.0,0.0,0.0,128.0,539.0
528076.0,0.0,-2.89,-0.0,0.0,0.0,0.0,-1.0,0.0,0.0,128.0,526.0
528116.0,0.0,-2.89,-0.002,0.0,0.0,0.0,-1.0,0.0,0.0,128.0,532.0
528157.0,0.0,-2.89,-0.008,0.0,0.0,0.0,-1.0,0.0,0.0,128.0,538.0
528197.0,0.0,-2.89,-0.075,0.0,0.0,0.0,-1.0,0.0,0.0,128.0,526.0
528237.0,0.0,-2.89,-0.003,0.0,0.0,0.0,-1.0,0.0,0.0,128.0,533.0
528277.0,0.0,-2.89,-0.0,0.0,0.0,0.0,-1.0,0.0,0.0,128.0,525.0
528318.0,0.0,-2.89,-0.068,0.0,0.0,0.0,-1.0,0.0,0.0,128.0,538.0
528358.0,0.0,-2.89,-0.0,0.0,0.0,0.0,-1.0,0.0,0.0,128.0,519.0
528398.0,0.0,-2.89,-0.069,0.0,0.0,0.0,-1.0,0.0,0.0,128.0,532.0
528439.0,0.0,-2.89,-0.005,0.0,0.0,0.0,-1.0,0.0,0.0,128.0,526.0
528479.0,0.0,-2.89,-0.0,0.0,0.0,0.0,-1.0,0.0,0.0,128.0,532.0
528519.0,0.0,-2.89,-0.084,0.0,0.0,0.0,-1.0,0.0,0.0,128.0,526.0
528559.0,0.0,-2.89,-0.0,0.0,0.0,0.0,-1.0,0.0,0.0,128.0,532.0
528599.0,0.0,-2.89,-0.227,0.0,0.0,0.0,-1.0,0.0,0.0,128.0,532.0
528640.0,0.0,-2.89,-0.004,0.0,0.0,0.0,-1.0,0.0,0.0,128.0,532.0
528680.0,0.0,-2.89,-0.003,0.0,0.0,0.0,-1.0,0.0,0.0,128.0,526.0
528720.0,0.0,-2.89,0.068,0.0,0.0,0.0,-1.0,0.0,0.0,128.0,527.0
528760.0,0.0,-2.89,-0.092,0.0,0.0,0.0,-1.0,0.0,0.0,128.0,527.0
528801.0,0.0,-2.89,-0.0,0.0,0.0,0.0,-1.0,0.0,0.0,128.0,519.0
528841.0,0.0,-2.89,-0.013,0.0,0.0,0.0,-1.0,0.0,0.0,128.0,526.0
528881.0,0.0,-2.89,-0.069,0.0,0.0,0.0,-1.0,0.0,0.0,128.0,539.0
528921.0,0.0,-2.89,-0.0,0.0,0.0,0.0,-1.0,0.0,0.0,128.0,525.0
528961.0,0.0,-2.89,-0.0,0.0,0.0,0.0,-1.0,0.0,0.0,128.0,532.0
529002.0,0.0,-2.89,-0.0,0.0,0.0,0.0,-1.0,0.0,0.0,128.0,532.0
529042.0,0.0,-2.89,-0.001,0.0,0.0,0.0,-1.0,0.0,0.0,128.0,532.0
529083.0,0.0,-2.89,-0.0,0.0,0.0,0.0,-1.0,0.0,0.0,128.0,526.0
529123.0,0.0,-2.89,-0.005,0.0,0.0,0.0,-1.0,0.0,0.0,128.0,532.0
529163.0,0.0,-2.89,-0.081,0.0,0.0,0.0,-1.0,0.0,0.0,128.0,538.0
529203.0,0.0,-2.89,0.02,0.0,0.0,0.0,-1.0,0.0,0.0,128.0,532.0
529244.0,0.0,-2.89,-0.0,0.0,0.0,0.0,-1.0,0.0,0.0,128.0,525.0
529284.0,0.0,-2.89,-0.0,0.0,0.0,0.0,-1.0,0.0,0.0,128.0,525.0
529324.0,0.0,-2.89,-0.0,0.0,0.0,0.0,-1.0,0.0,0.0,128.0,526.0
529364.0,0.0,-2.8885,0.341,0.0,0.0,0.0,-1.0,0.0,0.0,128.0,532.0
529405.0,0.0,-2.8885,0.338,0.0,0.0,0.0,-1.0,0.0,0.0,128.0,532.0
529445.0,0.0,-2.89,-0.0,0.0,0.0,0.0,-1.0,0.0,0.0,128.0,525.0
529486.0,0.0,-2.89,-0.0,0.0,0.0,0.0,-1.0,0.0,0.0,128.0,538.0
529526.0,0.0,-2.89,-0.0,0.0,0.0,0.0,-1.0,0.0,0.0,128.0,533.0
529566.0,0.0,-2.89,-0.0,0.0,0.0,0.0,-1.0,0.0,0.0,128.0,525.0
529607.0,0.0,-2.89,-0.0,0.0,0.0,0.0,-1.0,0.0,0.0,128.0,526.0
529647.0,0.0,-2.89,-0.049,0.0,0.0,0.0,-1.0,0.0,0.0,128.0,526.0
529687.0,0.0,-2.89,-0.0,0.0,0.0,0.0,-1.0,0.0,0.0,128.0,531.0
529728.0,0.0,-2.89,-0.025,0.0,0.0,0.0,-1.0,0.0,0.0,128.0,526.0
529768.0,0.0,-2.89,-0.0,0.0,0.0,0.0,-1.0,0.0,0.0,128.0,538.0
529808.0,0.0,-2.89,-0.0,0.0,0.0,0.0,-1.0,0.0,0.0,128.0,520.0
529848.0,0.0,-2.89,-0.0,0.0,0.0,0.0,-1.0,0.0,0.0,128.0,532.0
529889.0,0.0,-2.8885,0.341,0.0,0.0,0.0,-1.0,0.0,0.0,128.0,538.0
529929.0,0.0,-2.89,-0.0,0.0,0.0,0.0,-1.0,0.0,0.0,128.0,519.0
529969.0,0.0,-2.89,-0.021,0.0,0.0,0.0,-1.0,0.0,0.0,128.0,527.0
530009.0,0.0,-2.89,-0.068,0.0,0.0,0.0,-1.0,0.0,0.0,128.0,532.0
530050.0,0.0,-2.89,-0.077,0.0,0.0,0.0,-1.0,0.0,0.0,128.0,526.0
530090.0,0.0,-2.89,-0.0,0.0,0.0,0.0,-1.0,0.0,0.0,128.0,531.0
530130.0,0.0,-2.89,-0.0,0.0,0.0,0.0,-1.0,0.0,0.0,128.0,538.0
530170.0,0.0,-2.89,-0.032,0.0,0.0,0.0,-1.0,0.0,0.0,128.0,532.0
530211.0,0.0,-2.89,-0.038,0.0,0.0,0.0,-1.0,0.0,0.0,128.0,539.0
530251.0,0.0,-2.89,-0.0,0.0,0.0,0.0,-1.0,0.0,0.0,128.0,520.0
530291.0,0.0,-2.89,-0.0,0.0,0.0,0.0,-1.0,0.0,0.0,128.0,525.0
530331.0,0.0,-2.89,-0.0,0.0,0.0,0.0,-1.0,0.0,0.0,128.0,532.0
530371.0,0.0,-2.8885,0.341,0.0,0.0,0.0,-1.0,0.0,0.0,128.0,538.0
530412.0,0.0,-2.89,-0.101,0.0,0.0,0.0,-1.0,0.0,0.0,128.0,538.0
530452.0,0.0,-2.89,-0.008,0.0,0.0,0.0,-1.0,0.0,0.0,128.0,526.0
530492.0,0.0,-2.89,-0.0,0.0,0.0,0.0,-1.0,0.0,0.0,128.0,520.0
530533.0,0.0,-2.89,-0.001,0.0,0.0,0.0,-1.0,0.0,0.0,128.0,526.0
530573.0,0.0,-2.8885,0.341,0.0,0.0,0.0,-1.0,0.0,0.0,128.0,526.0
530613.0,0.0,-2.89,-0.0,0.0,0.0,0.0,-1.0,0.0,0.0,128.0,527.0
530653.0,0.0,-2.8885,0.34,0.0,0.0,0.0,-1.0,0.0,0.0,128.0,532.0
530694.0,0.0,-2.89,-0.0,0.0,0.0,0.0,-1.0,0.0,0.0,128.0,532.0
530734.0,0.0,-2.89,-0.0,0.0,0.0,0.0,-1.0,0.0,0.0,128.0,525.0
530774.0,0.0,-2.89,-0.0,0.0,0.0,0.0,-1.0,0.0,0.0,128.0,526.0
530814.0,0.0,-2.89,-0.0,0.0,0.0,0.0,-1.0,0.0,0.0,128.0,531.0
530854.0,0.0,-2.89,-0.001,0.0,0.0,0.0,-1.0,0.0,0.0,128.0,538.0
530895.0,0.0,-2.89,-0.068,0.0,0.0,0.0,-1.0,0.0,0.0,128.0,538.0
530935.0,0.0,-2.89,-0.002,0.0,0.0,0.0,-1.0,0.0,0.0,128.0,527.0
530975.0,0.0,-2.89,-0.049,0.0,0.0,0.0,-1.0,0.0,0.0,128.0,538.0
531015.0,0.0,-2.89,-0.0,0.0,0.0,0.0,-1.0,0.0,0.0,128.0,531.0
531056.0,0.0,-2.89,-0.0,0.0,0.0,0.0,-1.0,0.0,0.0,128.0,531.0
531096.0,0.0,-2.89,-0.001,0.0,0.0,0.0,-1.0,0.0,0.0,128.0,526.0
531136.0,0.0,-2.89,-0.0,0.0,0.0,0.0,-1.0,0.0,0.0,128.0,531.0
531176.0,0.0,-2.89,-0.012,0.0,0.0,0.0,-1.0,0.0,0.0,128.0,532.0
531217.0,0.0,-2.89,-0.0,0.0,0.0,0.0,-1.0,0.0,0.0,128.0,526.0
531257.0,0.0,-2.89,-0.0,0.0,0.0,0.0,-1.0,0.0,0.0,128.0,519.0
531297.0,0.0,-2.89,-0.008,0.0,0.0,0.0,-1.0,0.0,0.0,128.0,526.0
531337.0,0.0,-2.89,-0.001,0.0,0.0,0.0,-1.0,0.0,0.0,128.0,527.0
531378.0,0.0,-2.89,-0.021,0.0,0.0,0.0,-1.0,0.0,0.0,128.0,527.0
531418.0,0.0,-2.89,-0.075,0.0,0.0,0.0,-1.0,0.0,0.0,128.0,527.0
531458.0,0.0,-2.89,0.019,0.0,0.0,0.0,-1.0,0.0,0.0,128.0,526.0
531498.0,0.0,-2.8885,0.339,0.0,0.0,0.0,-1.0,0.0,0.0,128.0,526.0
531539.0,0.0,-2.89,-0.0,0.0,0.0,0.0,-1.0,0.0,0.0,128.0,525.0
531579.0,0.0,-2.89,-0.001,0.0,0.0,0.0,-1.0,0.0,0.0,128.0,532.0
531619.0,0.0,-2.89,-0.031,0.0,0.0,0.0,-1.0,0.0,0.0,128.0,526.0
531659.0,0.0,-2.89,-0.0,0.0,0.0,0.0,-1.0,0.0,0.0,128.0,531.0
531700.0,0.0,-2.89,-0.001,0.0,0.0,0.0,-1.0,0.0,0.0,128.0,526.0
531740.0,0.0,-2.89,0.02,0.0,0.0,0.0,-1.0,0.0,0.0,128.0,538.0
531780.0,0.0,-2.89,-0.117,0.0,0.0,0.0,-1.0,0.0,0.0,128.0,526.0
531820.0,0.0,-2.89,-0.016,0.0,0.0,0.0,-1.0,0.0,0.0,128.0,532.0
531860.0,0.0,-2.89,-0.068,0.0,0.0,0.0,-1.0,0.0,0.0,128.0,532.0
531901.0,0.0,-2.89,-0.0,0.0,0.0,0.0,-1.0,0.0,0.0,128.0,531.0
531941.0,0.0,-2.89,-0.0,0.0,0.0,0.0,-1.0,0.0,0.0,128.0,531.0
531982.0,0.0,-2.89,-0.087,0.0,0.0,0.0,-1.0,0.0,0.0,128.0,526.0
532022.0,0.0,-2.89,-0.065,0.0,0.0,0.0,-1.0,0.0,0.0,128.0,533.0
532062.0,0.0,-2.89,-0.0,0.0,0.0,0.0,-1.0,0.0,0.0,128.0,519.0
532102.0,0.0,-2.89,-0.041,0.0,0.0,0.0,-1.0,0.0,0.0,128.0,526.0
532143.0,0.0,-2.8885,0.341,0.0,0.0,0.0,-1.0,0.0,0.0,128.0,526.0
532183.0,0.0,-2.89,-0.0,0.0,0.0,0.0,-1.0,0.0,0.0,128.0,538.0
532223.0,0.0,-2.89,-0.05,0.0,0.0,0.0,-1.0,0.0,0.0,128.0,539.0
532264.0,0.0,-2.89,-0.0,0.0,0.0,0.0,-1.0,0.0,0.0,128.0,519.0
532304.0,0.0,-2.8885,0.341,0.0,0.0,0.0,-1.0,0.0,0.0,128.0,532.0
532344.0,0.0,-2.89,-0.014,0.0,0.0,0.0,-1.0,0.0,0.0,128.0,526.0
532385.0,0.0,-2.89,-0.0,0.0,0.0,0.0,-1.0,0.0,0.0,128.0,525.0
532425.0,0.0,-2.89,-0.0,0.0,0.0,0.0,-1.0,0.0,0.0,128.0,526.0
532465.0,0.0,-2.89,-0.075,0.0,0.0,0.0,-1.0,0.0,0.0,128.0,538.0
532506.0,0.0,-2.89,-0.023,0.0,0.0,0.0,-1.0,0.0,0.0,128.0,532.0
532546.0,0.0,-2.89,-0.001,0.0,0.0,0.0,-1.0,0.0,0.0,128.0,527.0
532587.0,0.0,-2.89,-0.0,0.0,0.0,0.0,-1.0,0.0,0.0,128.0,519.0
532627.0,0.0,-2.89,-0.0,0.0,0.0,0.0,-1.0,0.0,0.0,128.0,539.0
532667.0,0.0,-2.8885,0.336,0.0,0.0,0.0,-1.0,0.0,0.0,128.0,526.0
532707.0,0.0,-2.8885,0.337,0.0,0.0,0.0,-1.0,0.0,0.0,128.0,532.0
532748.0,0.0,-2.89,-0.002,0.0,0.0,0.0,-1.0,0.0,0.0,128.0,532.0
532788.0,0.0,-2.89,-0.082,0.0,0.0,0.0,-1.0,0.0,0.0,128.0,526.0
532828.0,0.0,-2.89,-0.015,0.0,0.0,0.0,-1.0,0.0,0.0,128.0,539.0
532868.0,0.0,-2.89,-0.07,0.0,0.0,0.0,-1.0,0.0,0.0,128.0,539.0
532909.0,0.0,-2.89,0.008,0.0,0.0,0.0,-1.0,0.0,0.0,128.0,527.0
532949.0,0.0,-2.89,-0.0,0.0,0.0,0.0,-1.0,0.0,0.0,128.0,520.0
532989.0,0.0,-2.89,-0.0,0.0,0.0,0.0,-1.0,0.0,0.0,128.0,531.0
533029.0,0.0,-2.89,-0.005,0.0,0.0,0.0,-1.0,0.0,0.0,128.0,538.0
533070.0,0.0,-2.89,-0.0,0.0,0.0,0.0,-1.0,0.0,0.0,128.0,533.0
533110.0,0.0,-2.89,-0.084,0.0,0.0,0.0,-1.0,0.0,0.0,128.0,538.0
533150.0,0.0,-2.89,-0.0,0.0,0.0,0.0,-1.0,0.0,0.0,128.0,519.0
533190.0,0.0,-2.8885,0.341,0.0,0.0,0.0,-1.0,0.0,0.0,128.0,527.0
533230.0,0.0,-2.89,-0.087,0.0,0.0,0.0,-1.0,0.0,0.0,128.0,532.0
533271.0,0.0,-2.89,-0.001,0.0,0.0,0.0,-1.0,0.0,0.0,128.0,532.0
533311.0,0.0,-2.89,-0.0,0.0,0.0,0.0,-1.0,0.0,0.0,128.0,519.0
533351.0,0.0,-2.8885,0.328,0.0,0.0,0.0,-1.0,0.0,0.0,128.0,526.0
533392.0,0.0,-2.89,-0.0,0.0,0.0,0.0,-1.0,0.0,0.0,128.0,525.0
533432.0,0.0,-2.89,-0.049,0.0,0.0,0.0,-1.0,0.0,0.0,128.0,539.0
533472.0,0.0,-2.89,-0.0,0.0,0.0,0.0,-1.0,0.0,0.0,128.0,526.0
533512.0,0.0,-2.89,-0.0,0.0,0.0,0.0,-1.0,0.0,0.0,128.0,525.0
533553.0,0.0,-2.89,-0.049,0.0,0.0,0.0,-1.0,0.0,0.0,128.0,532.0
533593.0,0.0,-2.89,-0.0,0.0,0.0,0.0,-1.0,0.0,0.0,128.0,533.0
533633.0,0.0,-2.89,-0.005,0.0,0.0,0.0,-1.0,0.0,0.0,128.0,538.0
533673.0,0.0,-2.89,-0.166,0.0,0.0,0.0,-1.0,0.0,0.0,128.0,538.0
533713.0,0.0,-2.89,-0.0,0.0,0.0,0.0,-1.0,0.0,0.0,128.0,525.0
533754.0,0.0,-2.89,-0.008,0.0,0.0,0.0,-1.0,0.0,0.0,128.0,538.0
533794.0,0.0,-2.89,-0.055,0.0,0.0,0.0,-1.0,0.0,0.0,128.0,526.0
533834.0,0.0,-2.89,-0.0,0.0,0.0,0.0,-1.0,0.0,0.0,128.0,525.0
533874.0,0.0,-2.89,-0.001,0.0,0.0,0.0,-1.0,0.0,0.0,128.0,527.0
533914.0,0.0,-2.89,-0.086,0.0,0.0,0.0,-1.0,0.0,0.0,128.0,538.0
533955.0,0.0,-2.89,0.02,0.0,0.0,0.0,-1.0,0.0,0.0,128.0,533.0
533995.0,0.0,-2.89,-0.0,0.0,0.0,0.0,-1.0,0.0,0.0,128.0,526.0
534036.0,0.0,-2.89,-0.061,0.0,0.0,0.0,-1.0,0.0,0.0,128.0,527.0
534076.0,0.0,-2.89,-0.0,0.0,0.0,0.0,-1.0,0.0,0.0,128.0,525.0
534117.0,0.0,-2.89,-0.0,0.0,0.0,0.0,-1.0,0.0,0.0,128.0,519.0
534157.0,0.0,-2.89,-0.005,0.0,0.0,0.0,-1.0,0.0,0.0,128.0,539.0
534197.0,0.0,-2.89,0.02,0.0,0.0,0.0,-1.0,0.0,0.0,128.0,538.0
534237.0,0.0,-2.89,-0.0,0.0,0.0,0.0,-1.0,0.0,0.0,128.0,524.0
534278.0,0.0,-2.89,-0.123,0.0,0.0,0.0,-1.0,0.0,0.0,128.0,532.0
534318.0,0.0,-2.89,-0.0,0.0,0.0,0.0,-1.0,0.0,0.0,128.0,531.0
534358.0,0.0,-2.89,-0.001,0.0,0.0,0.0,-1.0,0.0,0.0,128.0,532.0
534398.0,0.0,-2.89,-0.053,0.0,0.0,0.0,-1.0,0.0,0.0,128.0,538.0
534439.0,0.0,-2.89,-0.032,0.0,0.0,0.0,-1.0,0.0,0.0,128.0,539.0
534479.0,0.0,-2.89,-0.0,0.0,0.0,0.0,-1.0,0.0,0.0,128.0,533.0
534519.0,0.0,-2.89,-0.0,0.0,0.0,0.0,-1.0,0.0,0.0,128.0,538.0
534559.0,0.0,-2.89,-0.0,0.0,0.0,0.0,-1.0,0.0,0.0,128.0,538.0
534600.0,0.0,-2.89,-0.0,0.0,0.0,0.0,-1.0,0.0,0.0,128.0,525.0
534640.0,0.0,-2.89,-0.049,0.0,0.0,0.0,-1.0,0.0,0.0,128.0,532.0
534680.0,0.0,-2.89,-0.0,0.0,0.0,0.0,-1.0,0.0,0.0,128.0,531.0
534720.0,0.0,-2.89,-0.008,0.0,0.0,0.0,-1.0,0.0,0.0,128.0,533.0
534760.0,0.0,-2.8885,0.32,0.0,0.0,0.0,-1.0,0.0,0.0,128.0,526.0
534801.0,0.0,-2.89,-0.0,0.0,0.0,0.0,-1.0,0.0,0.0,128.0,526.0
534841.0,0.0,-2.89,-0.0,0.0,0.0,0.0,-1.0,0.0,0.0,128.0,526.0
534882.0,0.0,-2.89,-0.059,0.0,0.0,0.0,-1.0,0.0,0.0,128.0,526.0
534922.0,0.0,-2.89,-0.001,0.0,0.0,0.0,-1.0,0.0,0.0,128.0,532.0
534962.0,0.0,-2.89,0.02,0.0,0.0,0.0,-1.0,0.0,0.0,128.0,526.0
535002.0,0.0,-2.89,-0.06,0.0,0.0,0.0,-1.0,0.0,0.0,128.0,526.0
535042.0,0.0,-2.89,-0.0,0.0,0.0,0.0,-1.0,0.0,0.0,128.0,532.0
535083.0,0.0,-2.89,-0.0,0.0,0.0,0.0,-1.0,0.0,0.0,128.0,520.0
535123.0,0.0,-2.89,-0.0,0.0,0.0,0.0,-1.0,0.0,0.0,128.0,524.0
535163.0,0.0,-2.89,-0.0,0.0,0.0,0.0,-1.0,0.0,0.0,128.0,538.0
535203.0,0.0,-2.89,-0.0,0.0,0.0,0.0,-1.0,0.0,0.0,128.0,519.0
535243.0,0.0,-2.89,-0.0,0.0,0.0,0.0,-1.0,0.0,0.0,128.0,526.0
535283.0,0.0,-2.89,-0.0,0.0,0.0,0.0,-1.0,0.0,0.0,128.0,531.0
535324.0,0.0,-2.89,-0.085,0.0,0.0,0.0,-1.0,0.0,0.0,128.0,532.0
535364.0,0.0,-2.89,-0.0,0.0,0.0,0.0,-1.0,0.0,0.0,128.0,525.0
535404.0,0.0,-2.89,-0.0,0.0,0.0,0.0,-1.0,0.0,0.0,128.0,525.0
535445.0,0.0,-2.89,-0.0,0.0,0.0,0.0,-1.0,0.0,0.0,128.0,520.0
535485.0,0.0,-2.89,-0.013,0.0,0.0,0.0,-1.0,0.0,0.0,128.0,532.0
535525.0,0.0,-2.89,-0.008,0.0,0.0,0.0,-1.0,0.0,0.0,128.0,539.0
535565.0,0.0,-2.89,-0.005,0.0,0.0,0.0,-1.0,0.0,0.0,128.0,526.0
535606.0,0.0,-2.89,-0.076,0.0,0.0,0.0,-1.0,0.0,0.0,128.0,526.0
535646.0,0.0,-2.89,-0.0,0.0,0.0,0.0,-1.0,0.0,0.0,128.0,525.0
535686.0,0.0,-2.89,0.084,0.0,0.0,0.0,-1.0,0.0,0.0,128.0,539.0
535726.0,0.0,-2.89,-0.0,0.0,0.0,0.0,-1.0,0.0,0.0,128.0,532.0
535767.0,0.0,-2.89,-0.0,0.0,0.0,0.0,-1.0,0.0,0.0,128.0,525.0
535807.0,0.0,-2.89,-0.005,0.0,0.0,0.0,-1.0,0.0,0.0,128.0,527.0
535847.0,0.0,-2.89,-0.0,0.0,0.0,0.0,-1.0,0.0,0.0,128.0,527.0
535888.0,0.0,-2.89,-0.037,0.0,0.0,0.0,-1.0,0.0,0.0,128.0,526.0
535928.0,0.0,-2.89,-0.005,0.0,0.0,0.0,-1.0,0.0,0.0,128.0,533.0
535968.0,0.0,-2.89,-0.021,0.0,0.0,0.0,-1.0,0.0,0.0,128.0,538.0
536008.0,0.0,-2.89,-0.001,0.0,0.0,0.0,-1.0,0.0,0.0,128.0,526.0
536048.0,0.0,-2.89,-0.0,0.0,0.0,0.0,-1.0,0.0,0.0,128.0,531.0
536089.0,0.0,-2.89,-0.013,0.0,0.0,0.0,-1.0,0.0,0.0,128.0,532.0
536129.0,0.0,-2.89,-0.089,0.0,0.0,0.0,-1.0,0.0,0.0,128.0,526.0
536169.0,0.0,-2.8885,0.341,0.0,0.0,0.0,-1.0,0.0,0.0,128.0,532.0
536210.0,0.0,-2.89,-0.0,0.0,0.0,0.0,-1.0,0.0,0.0,128.0,532.0
536250.0,0.0,-2.89,-0.092,0.0,0.0,0.0,-1.0,0.0,0.0,128.0,526.0
536290.0,0.0,-2.89,-0.0,0.0,0.0,0.0,-1.0,0.0,0.0,128.0,531.0
536330.0,0.0,-2.89,-0.003,0.0,0.0,0.0,-1.0,0.0,0.0,128.0,539.0
536371.0,0.0,-2.89,-0.006,0.0,0.0,0.0,-1.0,0.0,0.0,128.0,533.0
536411.0,0.0,-2.89,-0.0,0.0,0.0,0.0,-1.0,0.0,0.0,128.0,532.0
536451.0,0.0,-2.89,-0.0,0.0,0.0,0.0,-1.0,0.0,0.0,128.0,538.0
536492.0,0.0,-2.8885,0.336,0.0,0.0,0.0,-1.0,0.0,0.0,128.0,527.0
536532.0,0.0,-2.89,-0.0,0.0,0.0,0.0,-1.0,0.0,0.0,128.0,519.0
536572.0,0.0,-2.89,-0.056,0.0,0.0,0.0,-1.0,0.0,0.0,128.0,532.0
536612.0,0.0,-2.89,-0.001,0.0,0.0,0.0,-1.0,0.0,0.0,128.0,538.0
536653.0,0.0,-2.89,-0.0,0.0,0.0,0.0,-1.0,0.0,0.0,128.0,519.0
536693.0,0.0,-2.89,-0.0,0.0,0.0,0.0,-1.0,0.0,0.0,128.0,539.0
536733.0,0.0,-2.89,-0.029,0.0,0.0,0.0,-1.0,0.0,0.0,128.0,538.0
536774.0,0.0,-2.89,-0.003,0.0,0.0,0.0,-1.0,0.0,0.0,128.0,527.0
536814.0,0.0,-2.89,-0.002,0.0,0.0,0.0,-1.0,0.0,0.0,128.0,526.0
536854.0,0.0,-2.89,-0.0,0.0,0.0,0.0,-1.0,0.0,0.0,128.0,525.0
536894.0,0.0,-2.89,-0.037,0.0,0.0,0.0,-1.0,0.0,0.0,128.0,538.0
536935.0,0.0,-2.89,-0.085,0.0,0.0,0.0,-1.0,0.0,0.0,128.0,532.0
536975.0,0.0,-2.89,-0.068,0.0,0.0,0.0,-1.0,0.0,0.0,128.0,532.0
537015.0,0.0,-2.89,-0.049,0.0,0.0,0.0,-1.0,0.0,0.0,128.0,532.0
537056.0,0.0,-2.89,-0.0,0.0,0.0,0.0,-1.0,0.0,0.0,128.0,531.0
537096.0,0.0,-2.89,-0.008,0.0,0.0,0.0,-1.0,0.0,0.0,128.0,532.0
537136.0,0.0,-2.89,-0.005,0.0,0.0,0.0,-1.0,0.0,0.0,128.0,532.0
537176.0,0.0,-2.89,-0.068,0.0,0.0,0.0,-1.0,0.0,0.0,128.0,539.0
537217.0,0.0,-2.89,-0.0,0.0,0.0,0.0,-1.0,0.0,0.0,128.0,525.0
537257.0,0.0,-2.89,-0.0,0.0,0.0,0.0,-1.0,0.0,0.0,128.0,519.0
537297.0,0.0,-2.89,-0.003,0.0,0.0,0.0,-1.0,0.0,0.0,128.0,532.0
537337.0,0.0,-2.89,-0.0,0.0,0.0,0.0,-1.0,0.0,0.0,128.0,538.0
537378.0,0.0,-2.8885,0.341,0.0,0.0,0.0,-1.0,0.0,0.0,128.0,539.0
537418.0,0.0,-2.89,-0.0,0.0,0.0,0.0,-1.0,0.0,0.0,128.0,539.0
537459.0,0.0,-2.89,-0.0,0.0,0.0,0.0,-1.0,0.0,0.0,128.0,531.0
537499.0,0.0,-2.89,-0.0,0.0,0.0,0.0,-1.0,0.0,0.0,128.0,532.0
537539.0,0.0,-2.89,-0.143,0.0,0.0,0.0,-1.0,0.0,0.0,128.0,526.0
537579.0,0.0,-2.89,-0.032,0.0,0.0,0.0,-1.0,0.0,0.0,128.0,538.0
537620.0,0.0,-2.89,-0.061,0.0,0.0,0.0,-1.0,0.0,0.0,128.0,526.0
537660.0,0.0,-2.89,-0.005,0.0,0.0,0.0,-1.0,0.0,0.0,128.0,527.0
537700.0,0.0,-2.89,-0.0,0.0,0.0,0.0,-1.0,0.0,0.0,128.0,531.0
537740.0,0.0,-2.89,-0.021,0.0,0.0,0.0,-1.0,0.0,0.0,128.0,539.0
537780.0,0.0,-2.89,-0.0,0.0,0.0,0.0,-1.0,0.0,0.0,128.0,519.0
537820.0,0.0,-2.89,-0.013,0.0,0.0,0.0,-1.0,0.0,0.0,128.0,526.0
537860.0,0.0,-2.89,-0.0,0.0,0.0,0.0,-1.0,0.0,0.0,128.0,531.0
537901.0,0.0,-2.8885,0.339,0.0,0.0,0.0,-1.0,0.0,0.0,128.0,538.0
537941.0,0.0,-2.89,-0.0,0.0,0.0,0.0,-1.0,0.0,0.0,128.0,519.0
537981.0,0.0,-2.89,-0.156,0.0,0.0,0.0,-1.0,0.0,0.0,128.0,526.0
538021.0,0.0,-2.89,-0.089,0.0,0.0,0.0,-1.0,0.0,0.0,128.0,532.0
538061.0,0.0,-2.89,-0.002,0.0,0.0,0.0,-1.0,0.0,0.0,128.0,539.0
538102.0,0.0,-2.89,-0.0,0.0,0.0,0.0,-1.0,0.0,0.0,128.0,520.0
538142.0,0.0,-2.89,-0.0,0.0,0.0,0.0,-1.0,0.0,0.0,128.0,532.0
538182.0,0.0,-2.89,0.017,0.0,0.0,0.0,-1.0,0.0,0.0,128.0,527.0
538223.0,0.0,-2.89,-0.074,0.0,0.0,0.0,-1.0,0.0,0.0,128.0,526.0
538263.0,0.0,-2.89,-0.0,0.0,0.0,0.0,-1.0,0.0,0.0,128.0,531.0
538303.0,0.0,-2.8885,0.328,0.0,0.0,0.0,-1.0,0.0,0.0,128.0,526.0
538343.0,0.0,-2.89,-0.0,0.0,0.0,0.0,-1.0,0.0,0.0,128.0,531.0
538384.0,0.0,-2.89,0.032,0.0,0.0,0.0,-1.0,0.0,0.0,128.0,527.0
538424.0,0.0,-2.89,-0.013,0.0,0.0,0.0,-1.0,0.0,0.0,128.0,539.0
538464.0,0.0,-2.89,-0.008,0.0,0.0,0.0,-1.0,0.0,0.0,128.0,532.0
538504.0,0.0,-2.89,-0.156,0.0,0.0,0.0,-1.0,0.0,0.0,128.0,532.0
538544.0,0.0,-2.89,-0.0,0.0,0.0,0.0,-1.0,0.0,0.0,128.0,532.0
538585.0,0.0,-2.89,-0.0,0.0,0.0,0.0,-1.0,0.0,0.0,128.0,525.0
538625.0,0.0,-2.89,-0.109,0.0,0.0,0.0,-1.0,0.0,0.0,128.0,526.0
538665.0,0.0,-2.89,-0.075,0.0,0.0,0.0,-1.0,0.0,0.0,128.0,538.0
538706.0,0.0,-2.89,-0.032,0.0,0.0,0.0,-1.0,0.0,0.0,128.0,526.0
538746.0,0.0,-2.89,-0.0,0.0,0.0,0.0,-1.0,0.0,0.0,128.0,526.0
538786.0,0.0,-2.89,-0.068,0.0,0.0,0.0,-1.0,0.0,0.0,128.0,532.0
538826.0,0.0,-2.89,-0.0,0.0,0.0,0.0,-1.0,0.0,0.0,128.0,532.0
538866.0,0.0,-2.8885,0.308,0.0,0.0,0.0,-1.0,0.0,0.0,128.0,527.0
538906.0,0.0,-2.89,-0.084,0.0,0.0,0.0,-1.0,0.0,0.0,128.0,539.0
538947.0,0.0,-2.89,-0.0,0.0,0.0,0.0,-1.0,0.0,0.0,128.0,532.0
538987.0,0.0,-2.89,-0.084,0.0,0.0,0.0,-1.0,0.0,0.0,128.0,526.0
539027.0,0.0,-2.89,-0.021,0.0,0.0,0.0,-1.0,0.0,0.0,128.0,526.0
539067.0,0.0,-2.89,-0.0,0.0,0.0,0.0,-1.0,0.0,0.0,128.0,532.0
539108.0,0.0,-2.89,-0.0,0.0,0.0,0.0,-1.0,0.0,0.0,128.0,527.0
539148.0,0.0,-2.89,-0.002,0.0,0.0,0.0,-1.0,0.0,0.0,128.0,526.0
539188.0,0.0,-2.8885,0.36,0.0,0.0,0.0,-1.0,0.0,0.0,128.0,539.0
539229.0,0.0,-2.89,-0.001,0.0,0.0,0.0,-1.0,0.0,0.0,128.0,526.0
539269.0,0.0,-2.89,-0.003,0.0,0.0,0.0,-1.0,0.0,0.0,128.0,526.0
539309.0,0.0,-2.89,-0.0,0.0,0.0,0.0,-1.0,0.0,0.0,128.0,525.0
539349.0,0.0,-2.8885,0.341,0.0,0.0,0.0,-1.0,0.0,0.0,128.0,532.0
539390.0,0.0,-2.89,-0.0,0.0,0.0,0.0,-1.0,0.0,0.0,128.0,532.0
539430.0,0.0,-2.89,-0.021,0.0,0.0,0.0,-1.0,0.0,0.0,128.0,538.0
539470.0,0.0,-2.89,-0.0,0.0,0.0,0.0,-1.0,0.0,0.0,128.0,539.0
539510.0,0.0,-2.89,-0.068,0.0,0.0,0.0,-1.0,0.0,0.0,128.0,538.0
539550.0,0.0,-2.89,-0.068,0.0,0.0,0.0,-1.0,0.0,0.0,128.0,538.0
539591.0,0.0,-2.89,-0.049,0.0,0.0,0.0,-1.0,0.0,0.0,128.0,526.0
539631.0,0.0,-2.89,-0.0,0.0,0.0,0.0,-1.0,0.0,0.0,128.0,532.0
539671.0,0.0,-2.89,-0.053,0.0,0.0,0.0,-1.0,0.0,0.0,128.0,526.0
539711.0,0.0,-2.89,-0.0,0.0,0.0,0.0,-1.0,0.0,0.0,128.0,525.0
539751.0,0.0,-2.89,-0.032,0.0,0.0,0.0,-1.0,0.0,0.0,128.0,533.0
539792.0,0.0,-2.89,-0.0,0.0,0.0,0.0,-1.0,0.0,0.0,128.0,533.0
539832.0,0.0,-2.89,-0.0,0.0,0.0,0.0,-1.0,0.0,0.0,128.0,526.0
539872.0,0.0,-2.89,-0.139,0.0,0.0,0.0,-1.0,0.0,0.0,128.0,538.0
539913.0,0.0,-2.89,-0.0,0.0,0.0,0.0,-1.0,0.0,0.0,128.0,525.0
539953.0,0.0,-2.89,-0.0,0.0,0.0,0.0,-1.0,0.0,0.0,128.0,532.0
539993.0,0.0,-2.89,-0.0,0.0,0.0,0.0,-1.0,0.0,0.0,128.0,519.0
540033.0,0.0,-2.89,-0.0,0.0,0.0,0.0,-1.0,0.0,0.0,128.0,531.0
540074.0,0.0,-2.89,-0.0,0.0,0.0,0.0,-1.0,0.0,0.0,128.0,525.0
540114.0,0.0,-2.89,-0.001,0.0,0.0,0.0,-1.0,0.0,0.0,128.0,538.0
540154.0,0.0,-2.8885,0.341,0.0,0.0,0.0,-1.0,0.0,0.0,128.0,539.0
540194.0,0.0,-2.89,-0.0,0.0,0.0,0.0,-1.0,0.0,0.0,128.0,532.0
540235.0,0.0,-2.89,-0.013,0.0,0.0,0.0,-1.0,0.0,0.0,128.0,526.0
540275.0,0.0,-2.89,-0.032,0.0,0.0,0.0,-1.0,0.0,0.0,128.0,526.0
540316.0,0.0,-2.89,-0.0,0.0,0.0,0.0,-1.0,0.0,0.0,128.0,532.0
540356.0,0.0,-2.89,-0.005,0.0,0.0,0.0,-1.0,0.0,0.0,128.0,526.0
540397.0,0.0,-2.89,-0.0,0.0,0.0,0.0,-1.0,0.0,0.0,128.0,531.0
540437.0,0.0,-2.89,-0.0,0.0,0.0,0.0,-1.0,0.0,0.0,128.0,531.0
540477.0,0.0,-2.89,-0.032,0.0,0.0,0.0,-1.0,0.0,0.0,128.0,538.0
540518.0,0.0,-2.89,-0.0,0.0,0.0,0.0,-1.0,0.0,0.0,128.0,525.0
540558.0,0.0,-2.89,-0.002,0.0,0.0,0.0,-1.0,0.0,0.0,128.0,526.0
540598.0,0.0,-2.89,-0.085,0.0,0.0,0.0,-1.0,0.0,0.0,128.0,538.0
540638.0,0.0,-2.89,-0.021,0.0,0.0,0.0,-1.0,0.0,0.0,128.0,526.0
540678.0,0.0,-2.89,-0.0,0.0,0.0,0.0,-1.0,0.0,0.0,128.0,526.0
540718.0,0.0,-2.89,-0.107,0.0,0.0,0.0,-1.0,0.0,0.0,128.0,539.0
540759.0,0.0,-2.89,-0.0,0.0,0.0,0.0,-1.0,0.0,0.0,128.0,526.0
540799.0,0.0,-2.89,-0.015,0.0,0.0,0.0,-1.0,0.0,0.0,128.0,526.0
540839.0,0.0,-2.89,-0.006,0.0,0.0,0.0,-1.0,0.0,0.0,128.0,538.0
540880.0,0.0,-2.89,0.02,0.0,0.0,0.0,-1.0,0.0,0.0,128.0,533.0
540920.0,0.0,-2.89,-0.0,0.0,0.0,0.0,-1.0,0.0,0.0,128.0,525.0
540960.0,0.0,-2.89,-0.084,0.0,0.0,0.0,-1.0,0.0,0.0,128.0,526.0
541000.0,0.0,-2.89,-0.035,0.0,0.0,0.0,-1.0,0.0,0.0,128.0,526.0
541040.0,0.0,-2.89,-0.013,0.0,0.0,0.0,-1.0,0.0,0.0,128.0,526.0
541080.0,0.0,-2.89,-0.049,0.0,0.0,0.0,-1.0,0.0,0.0,128.0,533.0
541121.0,0.0,-2.89,-0.0,0.0,0.0,0.0,-1.0,0.0,0.0,128.0,526.0
541161.0,0.0,-2.89,0.02,0.0,0.0,0.0,-1.0,0.0,0.0,128.0,532.0
541201.0,0.0,-2.89,-0.075,0.0,0.0,0.0,-1.0,0.0,0.0,128.0,526.0
541241.0,0.0,-2.89,-0.0,0.0,0.0,0.0,-1.0,0.0,0.0,128.0,526.0
541282.0,0.0,-2.89,-0.124,0.0,0.0,0.0,-1.0,0.0,0.0,128.0,538.0
541322.0,0.0,-2.8885,0.333,0.0,0.0,0.0,-1.0,0.0,0.0,128.0,539.0
541363.0,0.0,-2.89,-0.153,0.0,0.0,0.0,-1.0,0.0,0.0,128.0,526.0
541403.0,0.0,-2.89,-0.075,0.0,0.0,0.0,-1.0,0.0,0.0,128.0,526.0
541443.0,0.0,-2.89,0.02,0.0,0.0,0.0,-1.0,0.0,0.0,128.0,527.0
541483.0,0.0,-2.89,-0.0,0.0,0.0,0.0,-1.0,0.0,0.0,128.0,531.0
541523.0,0.0,-2.89,-0.05,0.0,0.0,0.0,-1.0,0.0,0.0,128.0,532.0
541563.0,0.0,-2.89,-0.049,0.0,0.0,0.0,-1.0,0.0,0.0,128.0,532.0
541604.0,0.0,-2.89,-0.0,0.0,0.0,0.0,-1.0,0.0,0.0,128.0,526.0
541644.0,0.0,-2.89,-0.002,0.0,0.0,0.0,-1.0,0.0,0.0,128.0,527.0
541684.0,0.0,-2.89,-0.0,0.0,0.0,0.0,-1.0,0.0,0.0,128.0,525.0
541724.0,0.0,-2.8885,0.255,0.0,0.0,0.0,-1.0,0.0,0.0,128.0,527.0
541765.0,0.0,-2.89,-0.008,0.0,0.0,0.0,-1.0,0.0,0.0,128.0,527.0
541805.0,0.0,-2.89,-0.0,0.0,0.0,0.0,-1.0,0.0,0.0,128.0,525.0
541845.0,0.0,-2.89,-0.068,0.0,0.0,0.0,-1.0,0.0,0.0,128.0,527.0
541886.0,0.0,-2.89,-0.0,0.0,0.0,0.0,-1.0,0.0,0.0,128.0,526.0
541926.0,0.0,-2.89,-0.005,0.0,0.0,0.0,-1.0,0.0,0.0,128.0,526.0
541967.0,0.0,-2.89,-0.0,0.0,0.0,0.0,-1.0,0.0,0.0,128.0,519.0
542007.0,0.0,-2.89,-0.117,0.0,0.0,0.0,-1.0,0.0,0.0,128.0,539.0
542047.0,0.0,-2.89,-0.021,0.0,0.0,0.0,-1.0,0.0,0.0,128.0,539.0
542088.0,0.0,-2.89,-0.0,0.0,0.0,0.0,-1.0,0.0,0.0,128.0,531.0
542128.0,0.0,-2.89,0.019,0.0,0.0,0.0,-1.0,0.0,0.0,128.0,526.0
542168.0,0.0,-2.89,0.02,0.0,0.0,0.0,-1.0,0.0,0.0,128.0,526.0
542208.0,0.0,-2.8885,0.272,0.0,0.0,0.0,-1.0,0.0,0.0,128.0,532.0
542249.0,0.0,-2.89,-0.084,0.0,0.0,0.0,-1.0,0.0,0.0,128.0,526.0
542289.0,0.0,-2.89,-0.0,0.0,0.0,0.0,-1.0,0.0,0.0,128.0,531.0
542329.0,0.0,-2.89,-0.054,0.0,0.0,0.0,-1.0,0.0,0.0,128.0,532.0
542369.0,0.0,-2.89,-0.0,0.0,0.0,0.0,-1.0,0.0,0.0,128.0,526.0
542409.0,0.0,-2.89,-0.075,0.0,0.0,0.0,-1.0,0.0,0.0,128.0,527.0
542449.0,0.0,-2.89,-0.008,0.0,0.0,0.0,-1.0,0.0,0.0,128.0,538.0
542490.0,0.0,-2.89,-0.0,0.0,0.0,0.0,-1.0,0.0,0.0,128.0,527.0
542530.0,0.0,-2.89,-0.0,0.0,0.0,0.0,-1.0,0.0,0.0,128.0,526.0
542570.0,0.0,-2.89,-0.032,0.0,0.0,0.0,-1.0,0.0,0.0,128.0,532.0
542611.0,0.0,-2.89,-0.001,0.0,0.0,0.0,-1.0,0.0,0.0,128.0,532.0
542651.0,0.0,-2.89,-0.001,0.0,0.0,0.0,-1.0,0.0,0.0,128.0,532.0
542691.0,0.0,-2.89,-0.081,0.0,0.0,0.0,-1.0,0.0,0.0,128.0,526.0
542731.0,0.0,-2.89,-0.013,0.0,0.0,0.0,-1.0,0.0,0.0,128.0,539.0
542772.0,0.0,-2.89,-0.032,0.0,0.0,0.0,-1.0,0.0,0.0,128.0,539.0
542812.0,0.0,-2.89,-0.068,0.0,0.0,0.0,-1.0,0.0,0.0,128.0,526.0
542853.0,0.0,-2.89,-0.0,0.0,0.0,0.0,-1.0,0.0,0.0,128.0,531.0
542893.0,0.0,-2.89,-0.0,0.0,0.0,0.0,-1.0,0.0,0.0,128.0,531.0
542933.0,0.0,-2.89,-0.0,0.0,0.0,0.0,-1.0,0.0,0.0,128.0,538.0
542974.0,0.0,-2.89,-0.0,0.0,0.0,0.0,-1.0,0.0,0.0,128.0,538.0
543014.0,0.0,-2.89,-0.101,0.0,0.0,0.0,-1.0,0.0,0.0,128.0,533.0
543055.0,0.0,-2.89,-0.0,0.0,0.0,0.0,-1.0,0.0,0.0,128.0,526.0
543095.0,0.0,-2.89,-0.003,0.0,0.0,0.0,-1.0,0.0,0.0,128.0,526.0
543135.0,0.0,-2.89,-0.101,0.0,0.0,0.0,-1.0,0.0,0.0,128.0,538.0
543176.0,0.0,-2.89,-0.004,0.0,0.0,0.0,-1.0,0.0,0.0,128.0,538.0
543216.0,0.0,-2.89,-0.0,0.0,0.0,0.0,-1.0,0.0,0.0,128.0,519.0
543256.0,0.0,-2.89,-0.075,0.0,0.0,0.0,-1.0,0.0,0.0,128.0,539.0
543297.0,0.0,-2.89,-0.0,0.0,0.0,0.0,-1.0,0.0,0.0,128.0,538.0
543337.0,0.0,-2.89,-0.122,0.0,0.0,0.0,-1.0,0.0,0.0,128.0,538.0
543378.0,0.0,-2.89,-0.049,0.0,0.0,0.0,-1.0,0.0,0.0,128.0,526.0
543418.0,0.0,-2.89,-0.0,0.0,0.0,0.0,-1.0,0.0,0.0,128.0,533.0
543458.0,0.0,-2.8885,0.339,0.0,0.0,0.0,-1.0,0.0,0.0,128.0,526.0
543499.0,0.0,-2.8916,-0.341,0.0,0.0,0.0,-1.0,0.0,0.0,128.0,538.0
543539.0,0.0,-2.89,-0.075,0.0,0.0,0.0,-1.0,0.0,0.0,128.0,526.0
543579.0,0.0,-2.89,-0.0,0.0,0.0,0.0,-1.0,0.0,0.0,128.0,538.0
543620.0,0.0,-2.89,-0.0,0.0,0.0,0.0,-1.0,0.0,0.0,128.0,525.0
543660.0,0.0,-2.8885,0.34,0.0,0.0,0.0,-1.0,0.0,0.0,128.0,533.0
543701.0,0.0,-2.89,-0.003,0.0,0.0,0.0,-1.0,0.0,0.0,128.0,538.0
543741.0,0.0,-2.89,-0.054,0.0,0.0,0.0,-1.0,0.0,0.0,128.0,526.0
543781.0,0.0,-2.89,-0.012,0.0,0.0,0.0,-1.0,0.0,0.0,128.0,539.0
543822.0,0.0,-2.89,-0.0,0.0,0.0,0.0,-1.0,0.0,0.0,128.0,519.0
543862.0,0.0,-2.89,-0.0,0.0,0.0,0.0,-1.0,0.0,0.0,128.0,538.0
543902.0,0.0,-2.89,-0.0,0.0,0.0,0.0,-1.0,0.0,0.0,128.0,525.0
543943.0,0.0,-2.89,-0.0,0.0,0.0,0.0,-1.0,0.0,0.0,128.0,519.0
543983.0,0.0,-2.89,-0.0,0.0,0.0,0.0,-1.0,0.0,0.0,128.0,531.0
544023.0,0.0,-2.89,-0.032,0.0,0.0,0.0,-1.0,0.0,0.0,128.0,533.0
544064.0,0.0,-2.89,-0.0,0.0,0.0,0.0,-1.0,0.0,0.0,128.0,520.0
544104.0,0.0,-2.89,-0.049,0.0,0.0,0.0,-1.0,0.0,0.0,128.0,538.0
544144.0,0.0,-2.89,-0.002,0.0,0.0,0.0,-1.0,0.0,0.0,128.0,532.0
544184.0,0.0,-2.89,-0.0,0.0,0.0,0.0,-1.0,0.0,0.0,128.0,533.0
544225.0,0.0,-2.89,-0.068,0.0,0.0,0.0,-1.0,0.0,0.0,128.0,539.0
544265.0,0.0,-2.89,-0.054,0.0,0.0,0.0,-1.0,0.0,0.0,128.0,538.0
544306.0,0.0,-2.89,-0.002,0.0,0.0,0.0,-1.0,0.0,0.0,128.0,538.0
544346.0,0.0,-2.89,-0.013,0.0,0.0,0.0,-1.0,0.0,0.0,128.0,526.0
544386.0,0.0,-2.89,-0.002,0.0,0.0,0.0,-1.0,0.0,0.0,128.0,539.0
544427.0,0.0,-2.89,-0.005,0.0,0.0,0.0,-1.0,0.0,0.0,128.0,532.0
544467.0,0.0,-2.89,-0.0,0.0,0.0,0.0,-1.0,0.0,0.0,128.0,526.0
544507.0,0.0,-2.89,-0.013,0.0,0.0,0.0,-1.0,0.0,0.0,128.0,526.0
544547.0,0.0,-2.89,-0.008,0.0,0.0,0.0,-1.0,0.0,0.0,128.0,527.0
544587.0,0.0,-2.89,-0.084,0.0,0.0,0.0,-1.0,0.0,0.0,128.0,531.0
544628.0,0.0,-2.89,-0.013,0.0,0.0,0.0,-1.0,0.0,0.0,128.0,526.0
544668.0,0.0,-2.89,-0.084,0.0,0.0,0.0,-1.0,0.0,0.0,128.0,539.0
544708.0,0.0,-2.89,-0.0,0.0,0.0,0.0,-1.0,0.0,0.0,128.0,525.0
544749.0,0.0,-2.89,-0.143,0.0,0.0,0.0,-1.0,0.0,0.0,128.0,527.0
544789.0,0.0,-2.89,-0.113,0.0,0.0,0.0,-1.0,0.0,0.0,128.0,539.0
544829.0,0.0,-2.89,-0.0,0.0,0.0,0.0,-1.0,0.0,0.0,128.0,526.0
544869.0,0.0,-2.89,-0.005,0.0,0.0,0.0,-1.0,0.0,0.0,128.0,538.0
544910.0,0.0,-2.89,-0.032,0.0,0.0,0.0,-1.0,0.0,0.0,128.0,526.0
544950.0,0.0,-2.89,-0.005,0.0,0.0,0.0,-1.0,0.0,0.0,128.0,526.0
544990.0,0.0,-2.89,-0.032,0.0,0.0,0.0,-1.0,0.0,0.0,128.0,526.0
545030.0,0.0,-2.89,-0.0,0.0,0.0,0.0,-1.0,0.0,0.0,128.0,532.0
545071.0,0.0,-2.89,-0.001,0.0,0.0,0.0,-1.0,0.0,0.0,128.0,526.0
545111.0,0.0,-2.89,-0.002,0.0,0.0,0.0,-1.0,0.0,0.0,128.0,527.0
545151.0,0.0,-2.89,-0.0,0.0,0.0,0.0,-1.0,0.0,0.0,128.0,525.0
545191.0,0.0,-2.89,-0.006,0.0,0.0,0.0,-1.0,0.0,0.0,128.0,526.0
545231.0,0.0,-2.8885,0.341,0.0,0.0,0.0,-1.0,0.0,0.0,128.0,538.0
545272.0,0.0,-2.89,-0.04,0.0,0.0,0.0,-1.0,0.0,0.0,128.0,526.0
545312.0,0.0,-2.8885,0.359,0.0,0.0,0.0,-1.0,0.0,0.0,128.0,527.0
545352.0,0.0,-2.8885,0.271,0.0,0.0,0.0,-1.0,0.0,0.0,128.0,526.0
545392.0,0.0,-2.89,-0.094,0.0,0.0,0.0,-1.0,0.0,0.0,128.0,533.0
545433.0,0.0,-2.89,-0.068,0.0,0.0,0.0,-1.0,0.0,0.0,128.0,538.0
545473.0,0.0,-2.89,-0.0,0.0,0.0,0.0,-1.0,0.0,0.0,128.0,526.0
545513.0,0.0,-2.89,-0.008,0.0,0.0,0.0,-1.0,0.0,0.0,128.0,538.0
545554.0,0.0,-2.89,-0.068,0.0,0.0,0.0,-1.0,0.0,0.0,128.0,538.0
545594.0,0.0,-2.89,-0.135,0.0,0.0,0.0,-1.0,0.0,0.0,128.0,538.0
545635.0,0.0,-2.8885,0.339,0.0,0.0,0.0,-1.0,0.0,0.0,128.0,526.0
545675.0,0.0,-2.89,-0.0,0.0,0.0,0.0,-1.0,0.0,0.0,128.0,520.0
545716.0,0.0,-2.89,-0.0,0.0,0.0,0.0,-1.0,0.0,0.0,128.0,532.0
545756.0,0.0,-2.89,-0.001,0.0,0.0,0.0,-1.0,0.0,0.0,128.0,527.0
545797.0,0.0,-2.89,-0.0,0.0,0.0,0.0,-1.0,0.0,0.0,128.0,519.0
545837.0,0.0,-2.8885,0.323,0.0,0.0,0.0,-1.0,0.0,0.0,128.0,526.0
545877.0,0.0,-2.89,-0.117,0.0,0.0,0.0,-1.0,0.0,0.0,128.0,538.0
545917.0,0.0,-2.89,-0.068,0.0,0.0,0.0,-1.0,0.0,0.0,128.0,532.0
545957.0,0.0,-2.89,0.019,0.0,0.0,0.0,-1.0,0.0,0.0,128.0,538.0
545998.0,0.0,-2.89,-0.032,0.0,0.0,0.0,-1.0,0.0,0.0,128.0,526.0
546038.0,0.0,-2.89,-0.029,0.0,0.0,0.0,-1.0,0.0,0.0,128.0,533.0
546078.0,0.0,-2.89,-0.064,0.0,0.0,0.0,-1.0,0.0,0.0,128.0,538.0
546118.0,0.0,-2.89,-0.074,0.0,0.0,0.0,-1.0,0.0,0.0,128.0,538.0
546158.0,0.0,-2.89,-0.0,0.0,0.0,0.0,-1.0,0.0,0.0,128.0,531.0
546199.0,0.0,-2.89,-0.0,0.0,0.0,0.0,-1.0,0.0,0.0,128.0,525.0
546239.0,0.0,-2.89,-0.079,0.0,0.0,0.0,-1.0,0.0,0.0,128.0,539.0
546279.0,0.0,-2.89,-0.0,0.0,0.0,0.0,-1.0,0.0,0.0,128.0,532.0
546320.0,0.0,-2.89,-0.075,0.0,0.0,0.0,-1.0,0.0,0.0,128.0,532.0
546360.0,0.0,-2.89,-0.0,0.0,0.0,0.0,-1.0,0.0,0.0,128.0,525.0
546400.0,0.0,-2.89,-0.014,0.0,0.0,0.0,-1.0,0.0,0.0,128.0,527.0
546441.0,0.0,-2.89,-0.014,0.0,0.0,0.0,-1.0,0.0,0.0,128.0,526.0
546481.0,0.0,-2.89,-0.004,0.0,0.0,0.0,-1.0,0.0,0.0,128.0,532.0
546521.0,0.0,-2.89,-0.0,0.0,0.0,0.0,-1.0,0.0,0.0,128.0,526.0
546561.0,0.0,-2.89,-0.049,0.0,0.0,0.0,-1.0,0.0,0.0,128.0,538.0
546602.0,0.0,-2.89,-0.0,0.0,0.0,0.0,-1.0,0.0,0.0,128.0,531.0
546642.0,0.0,-2.89,-0.0,0.0,0.0,0.0,-1.0,0.0,0.0,128.0,531.0
546682.0,0.0,-2.89,0.02,0.0,0.0,0.0,-1.0,0.0,0.0,128.0,526.0
546722.0,0.0,-2.89,-0.118,0.0,0.0,0.0,-1.0,0.0,0.0,128.0,526.0
546762.0,0.0,-2.8885,0.34,0.0,0.0,0.0,-1.0,0.0,0.0,128.0,532.0
546803.0,0.0,-2.89,-0.009,0.0,0.0,0.0,-1.0,0.0,0.0,128.0,526.0
546843.0,0.0,-2.89,-0.138,0.0,0.0,0.0,-1.0,0.0,0.0,128.0,538.0
546883.0,0.0,-2.89,-0.068,0.0,0.0,0.0,-1.0,0.0,0.0,128.0,539.0
546923.0,0.0,-2.89,-0.0,0.0,0.0,0.0,-1.0,0.0,0.0,128.0,527.0
546963.0,0.0,-2.89,-0.055,0.0,0.0,0.0,-1.0,0.0,0.0,128.0,532.0
547004.0,0.0,-2.89,-0.005,0.0,0.0,0.0,-1.0,0.0,0.0,128.0,526.0
547044.0,0.0,-2.89,-0.005,0.0,0.0,0.0,-1.0,0.0,0.0,128.0,526.0
547084.0,0.0,-2.89,-0.0,0.0,0.0,0.0,-1.0,0.0,0.0,128.0,526.0
547125.0,0.0,-2.89,-0.0,0.0,0.0,0.0,-1.0,0.0,0.0,128.0,532.0
547165.0,0.0,-2.89,-0.012,0.0,0.0,0.0,-1.0,0.0,0.0,128.0,539.0
547205.0,0.0,-2.89,-0.0,0.0,0.0,0.0,-1.0,0.0,0.0,128.0,525.0
547246.0,0.0,-2.89,-0.001,0.0,0.0,0.0,-1.0,0.0,0.0,128.0,527.0
547286.0,0.0,-2.89,-0.0,0.0,0.0,0.0,-1.0,0.0,0.0,128.0,539.0
547326.0,0.0,-2.89,-0.117,0.0,0.0,0.0,-1.0,0.0,0.0,128.0,527.0
547366.0,0.0,-2.89,-0.001,0.0,0.0,0.0,-1.0,0.0,0.0,128.0,527.0
547406.0,0.0,-2.89,0.02,0.0,0.0,0.0,-1.0,0.0,0.0,128.0,533.0
547447.0,0.0,-2.89,-0.021,0.0,0.0,0.0,-1.0,0.0,0.0,128.0,538.0
547487.0,0.0,-2.89,-0.0,0.0,0.0,0.0,-1.0,0.0,0.0,128.0,531.0
547527.0,0.0,-2.89,-0.049,0.0,0.0,0.0,-1.0,0.0,0.0,128.0,526.0
547567.0,0.0,-2.89,-0.041,0.0,0.0,0.0,-1.0,0.0,0.0,128.0,526.0
547607.0,0.0,-2.89,-0.002,0.0,0.0,0.0,-1.0,0.0,0.0,128.0,526.0
547647.0,0.0,-2.8885,0.284,0.0,0.0,0.0,-1.0,0.0,0.0,128.0,527.0
547688.0,0.0,-2.89,-0.008,0.0,0.0,0.0,-1.0,0.0,0.0,128.0,526.0
547728.0,0.0,-2.89,-0.0,0.0,0.0,0.0,-1.0,0.0,0.0,128.0,525.0
547768.0,0.0,-2.89,0.02,0.0,0.0,0.0,-1.0,0.0,0.0,128.0,526.0
547809.0,0.0,-2.89,-0.0,0.0,0.0,0.0,-1.0,0.0,0.0,128.0,532.0
547849.0,0.0,-2.89,-0.001,0.0,0.0,0.0,-1.0,0.0,0.0,128.0,526.0
547889.0,0.0,-2.89,0.011,0.0,0.0,0.0,-1.0,0.0,0.0,128.0,526.0
547929.0,0.0,-2.89,-0.0,0.0,0.0,0.0,-1.0,0.0,0.0,128.0,531.0
547969.0,0.0,-2.8885,0.315,0.0,0.0,0.0,-1.0,0.0,0.0,128.0,533.0
548010.0,0.0,-2.89,-0.0,0.0,0.0,0.0,-1.0,0.0,0.0,128.0,532.0
548050.0,0.0,-2.89,-0.0,0.0,0.0,0.0,-1.0,0.0,0.0,128.0,532.0
548091.0,0.0,-2.89,-0.0,0.0,0.0,0.0,-1.0,0.0,0.0,128.0,531.0
548131.0,0.0,-2.89,-0.128,0.0,0.0,0.0,-1.0,0.0,0.0,128.0,527.0
548172.0,0.0,-2.89,-0.001,0.0,0.0,0.0,-1.0,0.0,0.0,128.0,538.0
548212.0,0.0,-2.89,-0.002,0.0,0.0,0.0,-1.0,0.0,0.0,128.0,539.0
548252.0,0.0,-2.89,-0.032,0.0,0.0,0.0,-1.0,0.0,0.0,128.0,527.0
548292.0,0.0,-2.89,-0.029,0.0,0.0,0.0,-1.0,0.0,0.0,128.0,533.0
548332.0,0.0,-2.89,-0.089,0.0,0.0,0.0,-1.0,0.0,0.0,128.0,539.0
548372.0,0.0,-2.89,-0.075,0.0,0.0,0.0,-1.0,0.0,0.0,128.0,539.0
548413.0,0.0,-2.89,-0.082,0.0,0.0,0.0,-1.0,0.0,0.0,128.0,526.0
548453.0,0.0,-2.89,-0.069,0.0,0.0,0.0,-1.0,0.0,0.0,128.0,526.0
548493.0,0.0,-2.89,-0.075,0.0,0.0,0.0,-1.0,0.0,0.0,128.0,532.0
548534.0,0.0,-2.89,-0.0,0.0,0.0,0.0,-1.0,0.0,0.0,128.0,526.0
548574.0,0.0,-2.89,-0.075,0.0,0.0,0.0,-1.0,0.0,0.0,128.0,538.0
548614.0,0.0,-2.89,-0.0,0.0,0.0,0.0,-1.0,0.0,0.0,128.0,526.0
548655.0,0.0,-2.89,-0.008,0.0,0.0,0.0,-1.0,0.0,0.0,128.0,538.0
548695.0,0.0,-2.89,-0.021,0.0,0.0,0.0,-1.0,0.0,0.0,128.0,526.0
548735.0,0.0,-2.89,-0.0,0.0,0.0,0.0,-1.0,0.0,0.0,128.0,532.0
548776.0,0.0,-2.89,-0.0,0.0,0.0,0.0,-1.0,0.0,0.0,128.0,526.0
548816.0,0.0,-2.89,-0.003,0.0,0.0,0.0,-1.0,0.0,0.0,128.0,532.0
548856.0,0.0,-2.89,-0.003,0.0,0.0,0.0,-1.0,0.0,0.0,128.0,538.0
548896.0,0.0,-2.89,-0.0,0.0,0.0,0.0,-1.0,0.0,0.0,128.0,520.0
548936.0,0.0,-2.89,-0.18,0.0,0.0,0.0,-1.0,0.0,0.0,128.0,532.0
548977.0,0.0,-2.89,-0.034,0.0,0.0,0.0,-1.0,0.0,0.0,128.0,532.0
549017.0,0.0,-2.89,-0.005,0.0,0.0,0.0,-1.0,0.0,0.0,128.0,527.0
549058.0,0.0,-2.89,-0.085,0.0,0.0,0.0,-1.0,0.0,0.0,128.0,526.0
549098.0,0.0,-2.89,-0.0,0.0,0.0,0.0,-1.0,0.0,0.0,128.0,519.0
549138.0,0.0,-2.89,-0.0,0.0,0.0,0.0,-1.0,0.0,0.0,128.0,525.0
549179.0,0.0,-2.89,-0.0,0.0,0.0,0.0,-1.0,0.0,0.0,128.0,526.0
549219.0,0.0,-2.89,-0.0,0.0,0.0,0.0,-1.0,0.0,0.0,128.0,539.0
549259.0,0.0,-2.89,-0.0,0.0,0.0,0.0,-1.0,0.0,0.0,128.0,519.0
549299.0,0.0,-2.89,-0.075,0.0,0.0,0.0,-1.0,0.0,0.0,128.0,526.0
549339.0,0.0,-2.89,0.016,0.0,0.0,0.0,-1.0,0.0,0.0,128.0,526.0
549379.0,0.0,-2.89,-0.0,0.0,0.0,0.0,-1.0,0.0,0.0,128.0,525.0
549419.0,0.0,-2.8885,0.33,0.0,0.0,0.0,-1.0,0.0,0.0,128.0,527.0
549460.0,0.0,-2.89,-0.003,0.0,0.0,0.0,-1.0,0.0,0.0,128.0,527.0
549500.0,0.0,-2.8885,0.292,0.0,0.0,0.0,-1.0,0.0,0.0,128.0,526.0
549540.0,0.0,-2.89,-0.001,0.0,0.0,0.0,-1.0,0.0,0.0,128.0,538.0
549580.0,0.0,-2.89,0.015,0.0,0.0,0.0,-1.0,0.0,0.0,128.0,533.0
549621.0,0.0,-2.89,-0.005,0.0,0.0,0.0,-1.0,0.0,0.0,128.0,526.0
549661.0,0.0,-2.89,-0.0,0.0,0.0,0.0,-1.0,0.0,0.0,128.0,532.0
549701.0,0.0,-2.89,-0.084,0.0,0.0,0.0,-1.0,0.0,0.0,128.0,533.0
549741.0,0.0,-2.89,-0.021,0.0,0.0,0.0,-1.0,0.0,0.0,128.0,538.0
549781.0,0.0,-2.8885,0.341,0.0,0.0,0.0,-1.0,0.0,0.0,128.0,538.0
549821.0,0.0,-2.89,-0.001,0.0,0.0,0.0,-1.0,0.0,0.0,128.0,539.0
549862.0,0.0,-2.89,-0.0,0.0,0.0,0.0,-1.0,0.0,0.0,128.0,525.0
549902.0,0.0,-2.89,-0.0,0.0,0.0,0.0,-1.0,0.0,0.0,128.0,520.0
549942.0,0.0,-2.89,-0.008,0.0,0.0,0.0,-1.0,0.0,0.0,128.0,532.0
549983.0,0.0,-2.89,-0.063,0.0,0.0,0.0,-1.0,0.0,0.0,128.0,538.0
550023.0,0.0,-2.89,-0.0,0.0,0.0,0.0,-1.0,0.0,0.0,128.0,525.0
550064.0,0.0,-2.89,-0.068,0.0,0.0,0.0,-1.0,0.0,0.0,128.0,538.0
550104.0,0.0,-2.89,-0.068,0.0,0.0,0.0,-1.0,0.0,0.0,128.0,526.0
550144.0,0.0,-2.89,-0.0,0.0,0.0,0.0,-1.0,0.0,0.0,128.0,538.0
550185.0,0.0,-2.89,-0.0,0.0,0.0,0.0,-1.0,0.0,0.0,128.0,519.0
550225.0,0.0,-2.89,-0.049,0.0,0.0,0.0,-1.0,0.0,0.0,128.0,526.0
550265.0,0.0,-2.89,-0.081,0.0,0.0,0.0,-1.0,0.0,0.0,128.0,533.0
550305.0,0.0,-2.89,-0.0,0.0,0.0,0.0,-1.0,0.0,0.0,128.0,525.0
550346.0,0.0,-2.89,-0.008,0.0,0.0,0.0,-1.0,0.0,0.0,128.0,533.0
550386.0,0.0,-2.89,-0.0,0.0,0.0,0.0,-1.0,0.0,0.0,128.0,527.0
550426.0,0.0,-2.89,-0.085,0.0,0.0,0.0,-1.0,0.0,0.0,128.0,532.0
550466.0,0.0,-2.89,-0.049,0.0,0.0,0.0,-1.0,0.0,0.0,128.0,532.0
550507.0,0.0,-2.89,-0.098,0.0,0.0,0.0,-1.0,0.0,0.0,128.0,526.0
550547.0,0.0,-2.89,-0.033,0.0,0.0,0.0,-1.0,0.0,0.0,128.0,526.0
550587.0,0.0,-2.89,-0.0,0.0,0.0,0.0,-1.0,0.0,0.0,128.0,531.0
550627.0,0.0,-2.89,-0.0,0.0,0.0,0.0,-1.0,0.0,0.0,128.0,531.0
550667.0,0.0,-2.89,-0.084,0.0,0.0,0.0,-1.0,0.0,0.0,128.0,538.0
550708.0,0.0,-2.89,-0.005,0.0,0.0,0.0,-1.0,0.0,0.0,128.0,532.0
550748.0,0.0,-2.89,-0.0,0.0,0.0,0.0,-1.0,0.0,0.0,128.0,538.0
550788.0,0.0,-2.89,-0.005,0.0,0.0,0.0,-1.0,0.0,0.0,128.0,526.0
550828.0,0.0,-2.89,-0.021,0.0,0.0,0.0,-1.0,0.0,0.0,128.0,526.0
550868.0,0.0,-2.89,-0.07,0.0,0.0,0.0,-1.0,0.0,0.0,128.0,526.0
550908.0,0.0,-2.89,-0.009,0.0,0.0,0.0,-1.0,0.0,0.0,128.0,538.0
550949.0,0.0,-2.89,-0.084,0.0,0.0,0.0,-1.0,0.0,0.0,128.0,532.0
550989.0,0.0,-2.89,-0.006,0.0,0.0,0.0,-1.0,0.0,0.0,128.0,538.0
551029.0,0.0,-2.89,-0.084,0.0,0.0,0.0,-1.0,0.0,0.0,128.0,526.0
551069.0,0.0,-2.89,-0.093,0.0,0.0,0.0,-1.0,0.0,0.0,128.0,539.0
551110.0,0.0,-2.89,-0.013,0.0,0.0,0.0,-1.0,0.0,0.0,128.0,539.0
551150.0,0.0,-2.89,-0.0,0.0,0.0,0.0,-1.0,0.0,0.0,128.0,532.0
551190.0,0.0,-2.89,-0.084,0.0,0.0,0.0,-1.0,0.0,0.0,128.0,533.0
551231.0,0.0,-2.89,-0.138,0.0,0.0,0.0,-1.0,0.0,0.0,128.0,533.0
551271.0,0.0,-2.8885,0.224,0.0,0.0,0.0,-1.0,0.0,0.0,128.0,538.0
551311.0,0.0,-2.89,-0.0,0.0,0.0,0.0,-1.0,0.0,0.0,128.0,531.0
551352.0,0.0,-2.89,-0.015,0.0,0.0,0.0,-1.0,0.0,0.0,128.0,527.0
551392.0,0.0,-2.89,-0.0,0.0,0.0,0.0,-1.0,0.0,0.0,128.0,525.0
551432.0,0.0,-2.89,-0.0,0.0,0.0,0.0,-1.0,0.0,0.0,128.0,525.0
551473.0,0.0,-2.89,-0.089,0.0,0.0,0.0,-1.0,0.0,0.0,128.0,526.0
551513.0,0.0,-2.89,-0.0,0.0,0.0,0.0,-1.0,0.0,0.0,128.0,526.0
551553.0,0.0,-2.89,-0.0,0.0,0.0,0.0,-1.0,0.0,0.0,128.0,526.0
551594.0,0.0,-2.89,-0.005,0.0,0.0,0.0,-1.0,0.0,0.0,128.0,526.0
551634.0,0.0,-2.89,-0.0,0.0,0.0,0.0,-1.0,0.0,0.0,128.0,519.0
551674.0,0.0,-2.89,-0.001,0.0,0.0,0.0,-1.0,0.0,0.0,128.0,527.0
551715.0,0.0,-2.89,-0.0,0.0,0.0,0.0,-1.0,0.0,0.0,128.0,526.0
551755.0,0.0,-2.8885,0.341,0.0,0.0,0.0,-1.0,0.0,0.0,128.0,526.0
551795.0,0.0,-2.89,-0.0,0.0,0.0,0.0,-1.0,0.0,0.0,128.0,526.0
551835.0,0.0,-2.89,-0.001,0.0,0.0,0.0,-1.0,0.0,0.0,128.0,527.0
551875.0,0.0,-2.89,-0.0,0.0,0.0,0.0,-1.0,0.0,0.0,128.0,526.0
551915.0,0.0,-2.89,-0.0,0.0,0.0,0.0,-1.0,0.0,0.0,128.0,526.0
551955.0,0.0,-2.89,-0.001,0.0,0.0,0.0,-1.0,0.0,0.0,128.0,538.0
551996.0,0.0,-2.89,-0.004,0.0,0.0,0.0,-1.0,0.0,0.0,128.0,538.0
552036.0,0.0,-2.89,-0.0,0.0,0.0,0.0,-1.0,0.0,0.0,128.0,539.0
552077.0,0.0,-2.8885,0.262,0.0,0.0,0.0,-1.0,0.0,0.0,128.0,527.0
552117.0,0.0,-2.89,-0.0,0.0,0.0,0.0,-1.0,0.0,0.0,128.0,525.0
552157.0,0.0,-2.89,-0.005,0.0,0.0,0.0,-1.0,0.0,0.0,128.0,538.0
552197.0,0.0,-2.89,-0.085,0.0,0.0,0.0,-1.0,0.0,0.0,128.0,538.0
552237.0,0.0,-2.8885,0.341,0.0,0.0,0.0,-1.0,0.0,0.0,128.0,539.0
552278.0,0.0,-2.89,-0.033,0.0,0.0,0.0,-1.0,0.0,0.0,128.0,532.0
552318.0,0.0,-2.89,-0.005,0.0,0.0,0.0,-1.0,0.0,0.0,128.0,538.0
552358.0,0.0,-2.89,-0.029,0.0,0.0,0.0,-1.0,0.0,0.0,128.0,533.0
552398.0,0.0,-2.89,-0.081,0.0,0.0,0.0,-1.0,0.0,0.0,128.0,532.0
552438.0,0.0,-2.89,-0.0,0.0,0.0,0.0,-1.0,0.0,0.0,128.0,538.0
552479.0,0.0,-2.89,-0.005,0.0,0.0,0.0,-1.0,0.0,0.0,128.0,526.0
552519.0,0.0,-2.89,-0.0,0.0,0.0,0.0,-1.0,0.0,0.0,128.0,525.0
552559.0,0.0,-2.89,-0.117,0.0,0.0,0.0,-1.0,0.0,0.0,128.0,533.0
552599.0,0.0,-2.89,-0.0,0.0,0.0,0.0,-1.0,0.0,0.0,128.0,533.0
552640.0,0.0,-2.89,-0.013,0.0,0.0,0.0,-1.0,0.0,0.0,128.0,526.0
552680.0,0.0,-2.8885,0.319,0.0,0.0,0.0,-1.0,0.0,0.0,128.0,526.0
552720.0,0.0,-2.89,-0.005,0.0,0.0,0.0,-1.0,0.0,0.0,128.0,539.0
552760.0,0.0,-2.89,-0.021,0.0,0.0,0.0,-1.0,0.0,0.0,128.0,526.0
552800.0,0.0,-2.89,-0.051,0.0,0.0,0.0,-1.0,0.0,0.0,128.0,526.0
552840.0,0.0,-2.89,-0.0,0.0,0.0,0.0,-1.0,0.0,0.0,128.0,525.0
552881.0,0.0,-2.89,-0.0,0.0,0.0,0.0,-1.0,0.0,0.0,128.0,531.0
552921.0,0.0,-2.89,-0.037,0.0,0.0,0.0,-1.0,0.0,0.0,128.0,527.0
552962.0,0.0,-2.89,-0.084,0.0,0.0,0.0,-1.0,0.0,0.0,128.0,526.0
553002.0,0.0,-2.89,-0.0,0.0,0.0,0.0,-1.0,0.0,0.0,128.0,526.0
553042.0,0.0,-2.89,-0.003,0.0,0.0,0.0,-1.0,0.0,0.0,128.0,533.0
553083.0,0.0,-2.89,-0.009,0.0,0.0,0.0,-1.0,0.0,0.0,128.0,539.0
553123.0,0.0,-2.89,-0.015,0.0,0.0,0.0,-1.0,0.0,0.0,128.0,526.0
553163.0,0.0,-2.89,-0.008,0.0,0.0,0.0,-1.0,0.0,0.0,128.0,538.0
553204.0,0.0,-2.89,-0.081,0.0,0.0,0.0,-1.0,0.0,0.0,128.0,526.0
553244.0,0.0,-2.89,-0.084,0.0,0.0,0.0,-1.0,0.0,0.0,128.0,538.0
553284.0,0.0,-2.89,-0.0,0.0,0.0,0.0,-1.0,0.0,0.0,128.0,531.0
553324.0,0.0,-2.89,-0.049,0.0,0.0,0.0,-1.0,0.0,0.0,128.0,539.0
553365.0,0.0,-2.89,-0.097,0.0,0.0,0.0,-1.0,0.0,0.0,128.0,533.0
553405.0,0.0,-2.8885,0.336,0.0,0.0,0.0,-1.0,0.0,0.0,128.0,532.0
553446.0,0.0,-2.89,-0.068,0.0,0.0,0.0,-1.0,0.0,0.0,128.0,526.0
553486.0,0.0,-2.89,-0.075,0.0,0.0,0.0,-1.0,0.0,0.0,128.0,532.0
553526.0,0.0,-2.89,-0.032,0.0,0.0,0.0,-1.0,0.0,0.0,128.0,526.0
553566.0,0.0,-2.89,-0.075,0.0,0.0,0.0,-1.0,0.0,0.0,128.0,526.0
553606.0,0.0,-2.89,-0.084,0.0,0.0,0.0,-1.0,0.0,0.0,128.0,538.0
553646.0,0.0,-2.8885,0.308,0.0,0.0,0.0,-1.0,0.0,0.0,128.0,538.0
553687.0,0.0,-2.89,-0.049,0.0,0.0,0.0,-1.0,0.0,0.0,128.0,538.0
553727.0,0.0,-2.8885,0.256,0.0,0.0,0.0,-1.0,0.0,0.0,128.0,526.0
553768.0,0.0,-2.89,-0.068,0.0,0.0,0.0,-1.0,0.0,0.0,128.0,538.0
553808.0,0.0,-2.89,-0.077,0.0,0.0,0.0,-1.0,0.0,0.0,128.0,526.0
553848.0,0.0,-2.89,-0.085,0.0,0.0,0.0,-1.0,0.0,0.0,128.0,526.0
553888.0,0.0,-2.89,-0.068,0.0,0.0,0.0,-1.0,0.0,0.0,128.0,526.0
553928.0,0.0,-2.89,-0.002,0.0,0.0,0.0,-1.0,0.0,0.0,128.0,533.0
553968.0,0.0,-2.89,-0.008,0.0,0.0,0.0,-1.0,0.0,0.0,128.0,539.0
554009.0,0.0,-2.89,-0.097,0.0,0.0,0.0,-1.0,0.0,0.0,128.0,539.0
554049.0,0.0,-2.89,-0.0,0.0,0.0,0.0,-1.0,0.0,0.0,128.0,531.0
554090.0,0.0,-2.89,-0.0,0.0,0.0,0.0,-1.0,0.0,0.0,128.0,538.0
554130.0,0.0,-2.89,0.049,0.0,0.0,0.0,-1.0,0.0,0.0,128.0,532.0
554171.0,0.0,-2.89,-0.045,0.0,0.0,0.0,-1.0,0.0,0.0,128.0,526.0
554211.0,0.0,-2.89,-0.005,0.0,0.0,0.0,-1.0,0.0,0.0,128.0,532.0
554251.0,0.0,-2.89,-0.049,0.0,0.0,0.0,-1.0,0.0,0.0,128.0,538.0
554292.0,0.0,-2.89,-0.021,0.0,0.0,0.0,-1.0,0.0,0.0,128.0,538.0
554332.0,0.0,-2.89,-0.071,0.0,0.0,0.0,-1.0,0.0,0.0,128.0,527.0
554372.0,0.0,-2.89,-0.0,0.0,0.0,0.0,-1.0,0.0,0.0,128.0,538.0
554413.0,0.0,-2.89,-0.0,0.0,0.0,0.0,-1.0,0.0,0.0,128.0,525.0
554453.0,0.0,-2.89,-0.068,0.0,0.0,0.0,-1.0,0.0,0.0,128.0,539.0
554493.0,0.0,-2.89,-0.069,0.0,0.0,0.0,-1.0,0.0,0.0,128.0,526.0
554533.0,0.0,-2.89,-0.085,0.0,0.0,0.0,-1.0,0.0,0.0,128.0,526.0
554573.0,0.0,-2.8885,0.341,0.0,0.0,0.0,-1.0,0.0,0.0,128.0,532.0
554614.0,0.0,-2.89,-0.0,0.0,0.0,0.0,-1.0,0.0,0.0,128.0,525.0
554654.0,0.0,-2.89,-0.001,0.0,0.0,0.0,-1.0,0.0,0.0,128.0,532.0
554694.0,0.0,-2.89,-0.037,0.0,0.0,0.0,-1.0,0.0,0.0,128.0,532.0
554734.0,0.0,-2.89,-0.087,0.0,0.0,0.0,-1.0,0.0,0.0,128.0,538.0
554775.0,0.0,-2.89,-0.0,0.0,0.0,0.0,-1.0,0.0,0.0,128.0,519.0
554815.0,0.0,-2.89,-0.002,0.0,0.0,0.0,-1.0,0.0,0.0,128.0,526.0
554855.0,0.0,-2.89,-0.001,0.0,0.0,0.0,-1.0,0.0,0.0,128.0,526.0
554895.0,0.0,-2.89,-0.032,0.0,0.0,0.0,-1.0,0.0,0.0,128.0,527.0
554936.0,0.0,-2.89,-0.0,0.0,0.0,0.0,-1.0,0.0,0.0,128.0,520.0
554976.0,0.0,-2.89,0.018,0.0,0.0,0.0,-1.0,0.0,0.0,128.0,532.0
555016.0,0.0,-2.8885,0.263,0.0,0.0,0.0,-1.0,0.0,0.0,128.0,532.0
555057.0,0.0,-2.89,-0.0,0.0,0.0,0.0,-1.0,0.0,0.0,128.0,538.0
555097.0,0.0,-2.89,-0.029,0.0,0.0,0.0,-1.0,0.0,0.0,128.0,527.0
555137.0,0.0,-2.89,-0.003,0.0,0.0,0.0,-1.0,0.0,0.0,128.0,533.0
555177.0,0.0,-2.89,-0.0,0.0,0.0,0.0,-1.0,0.0,0.0,128.0,532.0
555218.0,0.0,-2.89,-0.084,0.0,0.0,0.0,-1.0,0.0,0.0,128.0,532.0
555258.0,0.0,-2.89,-0.061,0.0,0.0,0.0,-1.0,0.0,0.0,128.0,526.0
555299.0,0.0,-2.89,-0.0,0.0,0.0,0.0,-1.0,0.0,0.0,128.0,526.0
555339.0,0.0,-2.89,-0.0,0.0,0.0,0.0,-1.0,0.0,0.0,128.0,526.0
555379.0,0.0,-2.89,-0.084,0.0,0.0,0.0,-1.0,0.0,0.0,128.0,533.0
555419.0,0.0,-2.8885,0.259,0.0,0.0,0.0,-1.0,0.0,0.0,128.0,538.0
555459.0,0.0,-2.89,-0.0,0.0,0.0,0.0,-1.0,0.0,0.0,128.0,539.0
555500.0,0.0,-2.89,-0.0,0.0,0.0,0.0,-1.0,0.0,0.0,128.0,519.0
555540.0,0.0,-2.8885,0.34,0.0,0.0,0.0,-1.0,0.0,0.0,128.0,532.0
555580.0,0.0,-2.89,-0.0,0.0,0.0,0.0,-1.0,0.0,0.0,128.0,532.0
555620.0,0.0,-2.89,-0.075,0.0,0.0,0.0,-1.0,0.0,0.0,128.0,532.0
555661.0,0.0,-2.89,-0.005,0.0,0.0,0.0,-1.0,0.0,0.0,128.0,526.0
555701.0,0.0,-2.89,-0.032,0.0,0.0,0.0,-1.0,0.0,0.0,128.0,532.0
555741.0,0.0,-2.89,0.019,0.0,0.0,0.0,-1.0,0.0,0.0,128.0,526.0
555781.0,0.0,-2.89,-0.003,0.0,0.0,0.0,-1.0,0.0,0.0,128.0,533.0
555821.0,0.0,-2.89,-0.153,0.0,0.0,0.0,-1.0,0.0,0.0,128.0,532.0
555862.0,0.0,-2.89,-0.181,0.0,0.0,0.0,-1.0,0.0,0.0,128.0,538.0
555902.0,0.0,-2.89,-0.122,0.0,0.0,0.0,-1.0,0.0,0.0,128.0,526.0
555942.0,0.0,-2.89,-0.081,0.0,0.0,0.0,-1.0,0.0,0.0,128.0,526.0
555983.0,0.0,-2.89,-0.0,0.0,0.0,0.0,-1.0,0.0,0.0,128.0,526.0
556023.0,0.0,-2.89,-0.001,0.0,0.0,0.0,-1.0,0.0,0.0,128.0,538.0
556063.0,0.0,-2.89,-0.0,0.0,0.0,0.0,-1.0,0.0,0.0,128.0,526.0
556104.0,0.0,-2.89,-0.001,0.0,0.0,0.0,-1.0,0.0,0.0,128.0,527.0
556144.0,0.0,-2.89,-0.003,0.0,0.0,0.0,-1.0,0.0,0.0,128.0,532.0
556184.0,0.0,-2.89,-0.0,0.0,0.0,0.0,-1.0,0.0,0.0,128.0,538.0
556225.0,0.0,-2.89,-0.0,0.0,0.0,0.0,-1.0,0.0,0.0,128.0,532.0
556265.0,0.0,-2.89,-0.032,0.0,0.0,0.0,-1.0,0.0,0.0,128.0,532.0
556305.0,0.0,-2.89,-0.114,0.0,0.0,0.0,-1.0,0.0,0.0,128.0,532.0
556346.0,0.0,-2.89,-0.0,0.0,0.0,0.0,-1.0,0.0,0.0,128.0,532.0
556386.0,0.0,-2.89,-0.07,0.0,0.0,0.0,-1.0,0.0,0.0,128.0,526.0
556426.0,0.0,-2.89,-0.0,0.0,0.0,0.0,-1.0,0.0,0.0,128.0,525.0
556467.0,0.0,-2.89,-0.0,0.0,0.0,0.0,-1.0,0.0,0.0,128.0,519.0
556507.0,0.0,-2.89,-0.0,0.0,0.0,0.0,-1.0,0.0,0.0,128.0,525.0
556547.0,0.0,-2.89,-0.0,0.0,0.0,0.0,-1.0,0.0,0.0,128.0,532.0
556587.0,0.0,-2.89,-0.075,0.0,0.0,0.0,-1.0,0.0,0.0,128.0,532.0
556627.0,0.0,-2.89,-0.001,0.0,0.0,0.0,-1.0,0.0,0.0,128.0,526.0
556667.0,0.0,-2.89,-0.004,0.0,0.0,0.0,-1.0,0.0,0.0,128.0,526.0
556707.0,0.0,-2.89,-0.0,0.0,0.0,0.0,-1.0,0.0,0.0,128.0,525.0
556748.0,0.0,-2.89,-0.0,0.0,0.0,0.0,-1.0,0.0,0.0,128.0,527.0
556788.0,0.0,-2.89,-0.005,0.0,0.0,0.0,-1.0,0.0,0.0,128.0,526.0
556829.0,0.0,-2.89,-0.084,0.0,0.0,0.0,-1.0,0.0,0.0,128.0,526.0
556869.0,0.0,-2.89,-0.082,0.0,0.0,0.0,-1.0,0.0,0.0,128.0,532.0
556909.0,0.0,-2.89,-0.015,0.0,0.0,0.0,-1.0,0.0,0.0,128.0,533.0
556949.0,0.0,-2.89,-0.0,0.0,0.0,0.0,-1.0,0.0,0.0,128.0,525.0
556990.0,0.0,-2.89,-0.001,0.0,0.0,0.0,-1.0,0.0,0.0,128.0,527.0
557030.0,0.0,-2.89,0.02,0.0,0.0,0.0,-1.0,0.0,0.0,128.0,526.0
557070.0,0.0,-2.89,-0.084,0.0,0.0,0.0,-1.0,0.0,0.0,128.0,526.0
557110.0,0.0,-2.89,-0.0,0.0,0.0,0.0,-1.0,0.0,0.0,128.0,531.0
557151.0,0.0,-2.89,-0.058,0.0,0.0,0.0,-1.0,0.0,0.0,128.0,539.0
557191.0,0.0,-2.89,-0.005,0.0,0.0,0.0,-1.0,0.0,0.0,128.0,538.0
557231.0,0.0,-2.8885,0.256,0.0,0.0,0.0,-1.0,0.0,0.0,128.0,539.0
557271.0,0.0,-2.89,-0.075,0.0,0.0,0.0,-1.0,0.0,0.0,128.0,539.0
557312.0,0.0,-2.89,-0.0,0.0,0.0,0.0,-1.0,0.0,0.0,128.0,525.0
557352.0,0.0,-2.89,-0.013,0.0,0.0,0.0,-1.0,0.0,0.0,128.0,538.0
557392.0,0.0,-2.89,-0.0,0.0,0.0,0.0,-1.0,0.0,0.0,128.0,525.0
557433.0,0.0,-2.89,-0.013,0.0,0.0,0.0,-1.0,0.0,0.0,128.0,526.0
557473.0,0.0,-2.89,-0.0,0.0,0.0,0.0,-1.0,0.0,0.0,128.0,519.0
557513.0,0.0,-2.89,-0.0,0.0,0.0,0.0,-1.0,0.0,0.0,128.0,531.0
557554.0,0.0,-2.89,-0.0,0.0,0.0,0.0,-1.0,0.0,0.0,128.0,525.0
557594.0,0.0,-2.8885,0.339,0.0,0.0,0.0,-1.0,0.0,0.0,128.0,538.0
557635.0,0.0,-2.89,-0.021,0.0,0.0,0.0,-1.0,0.0,0.0,128.0,538.0
557675.0,0.0,-2.89,-0.068,0.0,0.0,0.0,-1.0,0.0,0.0,128.0,526.0
557715.0,0.0,-2.89,-0.0,0.0,0.0,0.0,-1.0,0.0,0.0,128.0,531.0
557756.0,0.0,-2.8885,0.255,0.0,0.0,0.0,-1.0,0.0,0.0,128.0,532.0
557796.0,0.0,-2.89,-0.0,0.0,0.0,0.0,-1.0,0.0,0.0,128.0,525.0
557836.0,0.0,-2.89,-0.005,0.0,0.0,0.0,-1.0,0.0,0.0,128.0,526.0
557876.0,0.0,-2.89,-0.002,0.0,0.0,0.0,-1.0,0.0,0.0,128.0,527.0
557917.0,0.0,-2.89,-0.002,0.0,0.0,0.0,-1.0,0.0,0.0,128.0,527.0
557957.0,0.0,-2.89,-0.001,0.0,0.0,0.0,-1.0,0.0,0.0,128.0,532.0
557997.0,0.0,-2.89,-0.001,0.0,0.0,0.0,-1.0,0.0,0.0,128.0,526.0
558037.0,0.0,-2.89,-0.082,0.0,0.0,0.0,-1.0,0.0,0.0,128.0,526.0
558077.0,0.0,-2.89,-0.068,0.0,0.0,0.0,-1.0,0.0,0.0,128.0,532.0
558117.0,0.0,-2.89,-0.003,0.0,0.0,0.0,-1.0,0.0,0.0,128.0,533.0
558158.0,0.0,-2.89,-0.001,0.0,0.0,0.0,-1.0,0.0,0.0,128.0,526.0
558198.0,0.0,-2.89,-0.003,0.0,0.0,0.0,-1.0,0.0,0.0,128.0,526.0
558238.0,0.0,-2.89,-0.081,0.0,0.0,0.0,-1.0,0.0,0.0,128.0,538.0
558279.0,0.0,-2.89,-0.068,0.0,0.0,0.0,-1.0,0.0,0.0,128.0,527.0
558319.0,0.0,-2.89,-0.0,0.0,0.0,0.0,-1.0,0.0,0.0,128.0,533.0
558359.0,0.0,-2.89,-0.0,0.0,0.0,0.0,-1.0,0.0,0.0,128.0,538.0
558400.0,0.0,-2.89,-0.049,0.0,0.0,0.0,-1.0,0.0,0.0,128.0,526.0
558440.0,0.0,-2.89,-0.008,0.0,0.0,0.0,-1.0,0.0,0.0,128.0,526.0
558480.0,0.0,-2.89,-0.0,0.0,0.0,0.0,-1.0,0.0,0.0,128.0,531.0
558521.0,0.0,-2.89,-0.0,0.0,0.0,0.0,-1.0,0.0,0.0,128.0,532.0
558561.0,0.0,-2.89,-0.033,0.0,0.0,0.0,-1.0,0.0,0.0,128.0,526.0
558602.0,0.0,-2.89,-0.002,0.0,0.0,0.0,-1.0,0.0,0.0,128.0,527.0
558642.0,0.0,-2.8885,0.341,0.0,0.0,0.0,-1.0,0.0,0.0,128.0,526.0
558683.0,0.0,-2.89,-0.005,0.0,0.0,0.0,-1.0,0.0,0.0,128.0,532.0
558723.0,0.0,-2.89,-0.0,0.0,0.0,0.0,-1.0,0.0,0.0,128.0,519.0
558763.0,0.0,-2.89,-0.002,0.0,0.0,0.0,-1.0,0.0,0.0,128.0,532.0
558804.0,0.0,-2.89,-0.021,0.0,0.0,0.0,-1.0,0.0,0.0,128.0,526.0
558844.0,0.0,-2.89,-0.0,0.0,0.0,0.0,-1.0,0.0,0.0,128.0,533.0
558884.0,0.0,-2.89,-0.0,0.0,0.0,0.0,-1.0,0.0,0.0,128.0,531.0
558925.0,0.0,-2.89,-0.0,0.0,0.0,0.0,-1.0,0.0,0.0,128.0,519.0
558965.0,0.0,-2.89,-0.014,0.0,0.0,0.0,-1.0,0.0,0.0,128.0,526.0
559005.0,0.0,-2.89,-0.049,0.0,0.0,0.0,-1.0,0.0,0.0,128.0,533.0
559045.0,0.0,-2.89,-0.021,0.0,0.0,0.0,-1.0,0.0,0.0,128.0,538.0
559086.0,0.0,-2.89,-0.0,0.0,0.0,0.0,-1.0,0.0,0.0,128.0,532.0
559126.0,0.0,-2.89,-0.013,0.0,0.0,0.0,-1.0,0.0,0.0,128.0,538.0
559166.0,0.0,-2.89,0.019,0.0,0.0,0.0,-1.0,0.0,0.0,128.0,539.0
559206.0,0.0,-2.89,-0.0,0.0,0.0,0.0,-1.0,0.0,0.0,128.0,525.0
559246.0,0.0,-2.89,-0.0,0.0,0.0,0.0,-1.0,0.0,0.0,128.0,525.0
559287.0,0.0,-2.89,-0.0,0.0,0.0,0.0,-1.0,0.0,0.0,128.0,519.0
559327.0,0.0,-2.89,-0.002,0.0,0.0,0.0,-1.0,0.0,0.0,128.0,526.0
559367.0,0.0,-2.89,-0.049,0.0,0.0,0.0,-1.0,0.0,0.0,128.0,526.0
559407.0,0.0,-2.89,-0.0,0.0,0.0,0.0,-1.0,0.0,0.0,128.0,531.0
559447.0,0.0,-2.89,0.007,0.0,0.0,0.0,-1.0,0.0,0.0,128.0,538.0
559488.0,0.0,-2.89,-0.084,0.0,0.0,0.0,-1.0,0.0,0.0,128.0,532.0
559528.0,0.0,-2.89,-0.11,0.0,0.0,0.0,-1.0,0.0,0.0,128.0,526.0
559568.0,0.0,-2.89,-0.001,0.0,0.0,0.0,-1.0,0.0,0.0,128.0,526.0
559608.0,0.0,-2.89,-0.084,0.0,0.0,0.0,-1.0,0.0,0.0,128.0,532.0
559649.0,0.0,-2.89,-0.0,0.0,0.0,0.0,-1.0,0.0,0.0,128.0,526.0
559689.0,0.0,-2.89,-0.002,0.0,0.0,0.0,-1.0,0.0,0.0,128.0,527.0
559730.0,0.0,-2.89,-0.003,0.0,0.0,0.0,-1.0,0.0,0.0,128.0,526.0
559770.0,0.0,-2.89,-0.0,0.0,0.0,0.0,-1.0,0.0,0.0,128.0,538.0
559810.0,0.0,-2.89,-0.051,0.0,0.0,0.0,-1.0,0.0,0.0,128.0,532.0
559851.0,0.0,-2.89,-0.068,0.0,0.0,0.0,-1.0,0.0,0.0,128.0,533.0
559891.0,0.0,-2.89,-0.0,0.0,0.0,0.0,-1.0,0.0,0.0,128.0,533.0
559931.0,0.0,-2.8885,0.341,0.0,0.0,0.0,-1.0,0.0,0.0,128.0,539.0
559971.0,0.0,-2.89,-0.075,0.0,0.0,0.0,-1.0,0.0,0.0,128.0,526.0
560011.0,0.0,-2.89,-0.068,0.0,0.0,0.0,-1.0,0.0,0.0,128.0,539.0
560052.0,0.0,-2.89,-0.032,0.0,0.0,0.0,-1.0,0.0,0.0,128.0,527.0
560092.0,0.0,-2.89,-0.0,0.0,0.0,0.0,-1.0,0.0,0.0,128.0,532.0
560132.0,0.0,-2.89,0.02,0.0,0.0,0.0,-1.0,0.0,0.0,128.0,532.0
560173.0,0.0,-2.89,-0.0,0.0,0.0,0.0,-1.0,0.0,0.0,128.0,527.0
560213.0,0.0,-2.89,-0.001,0.0,0.0,0.0,-1.0,0.0,0.0,128.0,533.0
560253.0,0.0,-2.89,-0.007,0.0,0.0,0.0,-1.0,0.0,0.0,128.0,532.0
560293.0,0.0,-2.89,-0.0,0.0,0.0,0.0,-1.0,0.0,0.0,128.0,538.0
560334.0,0.0,-2.89,-0.0,0.0,0.0,0.0,-1.0,0.0,0.0,128.0,525.0
560374.0,0.0,-2.89,-0.123,0.0,0.0,0.0,-1.0,0.0,0.0,128.0,527.0
560414.0,0.0,-2.89,-0.0,0.0,0.0,0.0,-1.0,0.0,0.0,128.0,532.0
560454.0,0.0,-2.89,-0.0,0.0,0.0,0.0,-1.0,0.0,0.0,128.0,524.0
560494.0,0.0,-2.8885,0.341,0.0,0.0,0.0,-1.0,0.0,0.0,128.0,532.0
560534.0,0.0,-2.89,-0.0,0.0,0.0,0.0,-1.0,0.0,0.0,128.0,532.0
560574.0,0.0,-2.89,-0.008,0.0,0.0,0.0,-1.0,0.0,0.0,128.0,538.0
560615.0,0.0,-2.8916,-0.341,0.0,0.0,0.0,-1.0,0.0,0.0,128.0,532.0
560655.0,0.0,-2.89,-0.054,0.0,0.0,0.0,-1.0,0.0,0.0,128.0,526.0
560695.0,0.0,-2.89,-0.084,0.0,0.0,0.0,-1.0,0.0,0.0,128.0,539.0
560736.0,0.0,-2.89,-0.002,0.0,0.0,0.0,-1.0,0.0,0.0,128.0,526.0
560776.0,0.0,-2.89,-0.089,0.0,0.0,0.0,-1.0,0.0,0.0,128.0,526.0
560816.0,0.0,-2.89,-0.0,0.0,0.0,0.0,-1.0,0.0,0.0,128.0,531.0
560856.0,0.0,-2.89,-0.021,0.0,0.0,0.0,-1.0,0.0,0.0,128.0,533.0
560897.0,0.0,-2.8885,0.308,0.0,0.0,0.0,-1.0,0.0,0.0,128.0,526.0
560937.0,0.0,-2.89,-0.159,0.0,0.0,0.0,-1.0,0.0,0.0,128.0,538.0
560977.0,0.0,-2.89,-0.0,0.0,0.0,0.0,-1.0,0.0,0.0,128.0,531.0
561017.0,0.0,-2.89,-0.0,0.0,0.0,0.0,-1.0,0.0,0.0,128.0,525.0
561058.0,0.0,-2.89,-0.049,0.0,0.0,0.0,-1.0,0.0,0.0,128.0,527.0
561098.0,0.0,-2.89,-0.0,0.0,0.0,0.0,-1.0,0.0,0.0,128.0,525.0
561138.0,0.0,-2.89,-0.001,0.0,0.0,0.0,-1.0,0.0,0.0,128.0,526.0
561178.0,0.0,-2.8885,0.253,0.0,0.0,0.0,-1.0,0.0,0.0,128.0,532.0
561219.0,0.0,-2.89,-0.0,0.0,0.0,0.0,-1.0,0.0,0.0,128.0,527.0
561259.0,0.0,-2.89,-0.077,0.0,0.0,0.0,-1.0,0.0,0.0,128.0,538.0
561299.0,0.0,-2.89,-0.005,0.0,0.0,0.0,-1.0,0.0,0.0,128.0,539.0
561340.0,0.0,-2.89,-0.087,0.0,0.0,0.0,-1.0,0.0,0.0,128.0,527.0
561380.0,0.0,-2.89,-0.0,0.0,0.0,0.0,-1.0,0.0,0.0,128.0,526.0
561420.0,0.0,-2.89,-0.022,0.0,0.0,0.0,-1.0,0.0,0.0,128.0,538.0
561461.0,0.0,-2.89,-0.075,0.0,0.0,0.0,-1.0,0.0,0.0,128.0,533.0
561501.0,0.0,-2.89,-0.0,0.0,0.0,0.0,-1.0,0.0,0.0,128.0,526.0
561541.0,0.0,-2.89,-0.085,0.0,0.0,0.0,-1.0,0.0,0.0,128.0,532.0
561581.0,0.0,-2.89,-0.0,0.0,0.0,0.0,-1.0,0.0,0.0,128.0,525.0
561622.0,0.0,-2.89,-0.001,0.0,0.0,0.0,-1.0,0.0,0.0,128.0,533.0
561662.0,0.0,-2.89,-0.001,0.0,0.0,0.0,-1.0,0.0,0.0,128.0,539.0
561702.0,0.0,-2.89,-0.0,0.0,0.0,0.0,-1.0,0.0,0.0,128.0,519.0
561742.0,0.0,-2.89,-0.005,0.0,0.0,0.0,-1.0,0.0,0.0,128.0,538.0
561783.0,0.0,-2.89,-0.0,0.0,0.0,0.0,-1.0,0.0,0.0,128.0,531.0
561823.0,0.0,-2.89,-0.0,0.0,0.0,0.0,-1.0,0.0,0.0,128.0,526.0
561863.0,0.0,-2.89,-0.021,0.0,0.0,0.0,-1.0,0.0,0.0,128.0,538.0
561903.0,0.0,-2.89,0.02,0.0,0.0,0.0,-1.0,0.0,0.0,128.0,526.0
561944.0,0.0,-2.89,-0.0,0.0,0.0,0.0,-1.0,0.0,0.0,128.0,532.0
561984.0,0.0,-2.89,-0.008,0.0,0.0,0.0,-1.0,0.0,0.0,128.0,526.0
562024.0,0.0,-2.89,-0.078,0.0,0.0,0.0,-1.0,0.0,0.0,128.0,533.0
562065.0,0.0,-2.89,-0.0,0.0,0.0,0.0,-1.0,0.0,0.0,128.0,519.0
562105.0,0.0,-2.89,-0.0,0.0,0.0,0.0,-1.0,0.0,0.0,128.0,525.0
562145.0,0.0,-2.89,-0.068,0.0,0.0,0.0,-1.0,0.0,0.0,128.0,538.0
562185.0,0.0,-2.8885,0.341,0.0,0.0,0.0,-1.0,0.0,0.0,128.0,533.0
562226.0,0.0,-2.89,-0.159,0.0,0.0,0.0,-1.0,0.0,0.0,128.0,526.0
562266.0,0.0,-2.8885,0.256,0.0,0.0,0.0,-1.0,0.0,0.0,128.0,526.0
562306.0,0.0,-2.89,-0.0,0.0,0.0,0.0,-1.0,0.0,0.0,128.0,525.0
562347.0,0.0,-2.89,-0.0,0.0,0.0,0.0,-1.0,0.0,0.0,128.0,532.0
562387.0,0.0,-2.89,-0.021,0.0,0.0,0.0,-1.0,0.0,0.0,128.0,539.0
562428.0,0.0,-2.89,-0.008,0.0,0.0,0.0,-1.0,0.0,0.0,128.0,526.0
562468.0,0.0,-2.89,-0.075,0.0,0.0,0.0,-1.0,0.0,0.0,128.0,527.0
562508.0,0.0,-2.89,-0.089,0.0,0.0,0.0,-1.0,0.0,0.0,128.0,526.0
562548.0,0.0,-2.89,-0.068,0.0,0.0,0.0,-1.0,0.0,0.0,128.0,538.0
562588.0,0.0,-2.89,-0.049,0.0,0.0,0.0,-1.0,0.0,0.0,128.0,532.0
562629.0,0.0,-2.89,-0.075,0.0,0.0,0.0,-1.0,0.0,0.0,128.0,532.0
562669.0,0.0,-2.89,-0.0,0.0,0.0,0.0,-1.0,0.0,0.0,128.0,525.0
562709.0,0.0,-2.89,-0.0,0.0,0.0,0.0,-1.0,0.0,0.0,128.0,527.0
562750.0,0.0,-2.89,-0.0,0.0,0.0,0.0,-1.0,0.0,0.0,128.0,531.0
562790.0,0.0,-2.89,-0.092,0.0,0.0,0.0,-1.0,0.0,0.0,128.0,526.0
562831.0,0.0,-2.89,-0.0,0.0,0.0,0.0,-1.0,0.0,0.0,128.0,520.0
562871.0,0.0,-2.89,-0.001,0.0,0.0,0.0,-1.0,0.0,0.0,128.0,533.0
562911.0,0.0,-2.8885,0.34,0.0,0.0,0.0,-1.0,0.0,0.0,128.0,526.0
562951.0,0.0,-2.89,-0.0,0.0,0.0,0.0,-1.0,0.0,0.0,128.0,531.0
562992.0,0.0,-2.89,-0.013,0.0,0.0,0.0,-1.0,0.0,0.0,128.0,526.0
563032.0,0.0,-2.89,-0.014,0.0,0.0,0.0,-1.0,0.0,0.0,128.0,538.0
563072.0,0.0,-2.89,-0.001,0.0,0.0,0.0,-1.0,0.0,0.0,128.0,539.0
563113.0,0.0,-2.89,-0.005,0.0,0.0,0.0,-1.0,0.0,0.0,128.0,527.0
563153.0,0.0,-2.89,-0.068,0.0,0.0,0.0,-1.0,0.0,0.0,128.0,526.0
563193.0,0.0,-2.89,-0.051,0.0,0.0,0.0,-1.0,0.0,0.0,128.0,526.0
563233.0,0.0,-2.89,-0.117,0.0,0.0,0.0,-1.0,0.0,0.0,128.0,538.0
563274.0,0.0,-2.89,-0.0,0.0,0.0,0.0,-1.0,0.0,0.0,128.0,531.0
563314.0,0.0,-2.89,-0.032,0.0,0.0,0.0,-1.0,0.0,0.0,128.0,538.0
563354.0,0.0,-2.89,-0.0,0.0,0.0,0.0,-1.0,0.0,0.0,128.0,525.0
563394.0,0.0,-2.89,-0.0,0.0,0.0,0.0,-1.0,0.0,0.0,128.0,531.0
563435.0,0.0,-2.89,-0.0,0.0,0.0,0.0,-1.0,0.0,0.0,128.0,519.0
563475.0,0.0,-2.89,-0.095,0.0,0.0,0.0,-1.0,0.0,0.0,128.0,526.0
563515.0,0.0,-2.89,0.019,0.0,0.0,0.0,-1.0,0.0,0.0,128.0,532.0
563555.0,0.0,-2.89,-0.008,0.0,0.0,0.0,-1.0,0.0,0.0,128.0,539.0
563595.0,0.0,-2.89,-0.0,0.0,0.0,0.0,-1.0,0.0,0.0,128.0,531.0
563635.0,0.0,-2.89,-0.097,0.0,0.0,0.0,-1.0,0.0,0.0,128.0,538.0
563676.0,0.0,-2.89,-0.001,0.0,0.0,0.0,-1.0,0.0,0.0,128.0,527.0
563716.0,0.0,-2.89,0.02,0.0,0.0,0.0,-1.0,0.0,0.0,128.0,532.0
563756.0,0.0,-2.89,-0.0,0.0,0.0,0.0,-1.0,0.0,0.0,128.0,526.0
563796.0,0.0,-2.89,-0.0,0.0,0.0,0.0,-1.0,0.0,0.0,128.0,525.0
563837.0,0.0,-2.89,-0.002,0.0,0.0,0.0,-1.0,0.0,0.0,128.0,538.0
563877.0,0.0,-2.89,-0.159,0.0,0.0,0.0,-1.0,0.0,0.0,128.0,538.0
563917.0,0.0,-2.89,-0.001,0.0,0.0,0.0,-1.0,0.0,0.0,128.0,532.0
563957.0,0.0,-2.89,-0.002,0.0,0.0,0.0,-1.0,0.0,0.0,128.0,538.0
563998.0,0.0,-2.89,-0.084,0.0,0.0,0.0,-1.0,0.0,0.0,128.0,527.0
564038.0,0.0,-2.89,-0.021,0.0,0.0,0.0,-1.0,0.0,0.0,128.0,526.0
564078.0,0.0,-2.89,-0.005,0.0,0.0,0.0,-1.0,0.0,0.0,128.0,532.0
564118.0,0.0,-2.89,-0.0,0.0,0.0,0.0,-1.0,0.0,0.0,128.0,531.0
564159.0,0.0,-2.89,-0.0,0.0,0.0,0.0,-1.0,0.0,0.0,128.0,531.0
564199.0,0.0,-2.89,-0.0,0.0,0.0,0.0,-1.0,0.0,0.0,128.0,538.0
564239.0,0.0,-2.89,-0.013,0.0,0.0,0.0,-1.0,0.0,0.0,128.0,533.0
564280.0,0.0,-2.89,-0.0,0.0,0.0,0.0,-1.0,0.0,0.0,128.0,532.0
564320.0,0.0,-2.89,-0.013,0.0,0.0,0.0,-1.0,0.0,0.0,128.0,538.0
564360.0,0.0,-2.89,-0.061,0.0,0.0,0.0,-1.0,0.0,0.0,128.0,533.0
564401.0,0.0,-2.89,-0.021,0.0,0.0,0.0,-1.0,0.0,0.0,128.0,526.0
564441.0,0.0,-2.89,-0.005,0.0,0.0,0.0,-1.0,0.0,0.0,128.0,533.0
564481.0,0.0,-2.89,-0.005,0.0,0.0,0.0,-1.0,0.0,0.0,128.0,533.0
564521.0,0.0,-2.89,-0.0,0.0,0.0,0.0,-1.0,0.0,0.0,128.0,519.0
564561.0,0.0,-2.89,-0.095,0.0,0.0,0.0,-1.0,0.0,0.0,128.0,532.0
564602.0,0.0,-2.8885,0.341,0.0,0.0,0.0,-1.0,0.0,0.0,128.0,538.0
564642.0,0.0,-2.8885,0.341,0.0,0.0,0.0,-1.0,0.0,0.0,128.0,532.0
564683.0,0.0,-2.89,-0.001,0.0,0.0,0.0,-1.0,0.0,0.0,128.0,527.0
564723.0,0.0,-2.89,-0.105,0.0,0.0,0.0,-1.0,0.0,0.0,128.0,527.0
564764.0,0.0,-2.8885,0.338,0.0,0.0,0.0,-1.0,0.0,0.0,128.0,527.0
564804.0,0.0,-2.89,-0.0,0.0,0.0,0.0,-1.0,0.0,0.0,128.0,539.0
564844.0,0.0,-2.89,-0.005,0.0,0.0,0.0,-1.0,0.0,0.0,128.0,527.0
564884.0,0.0,-2.89,-0.0,0.0,0.0,0.0,-1.0,0.0,0.0,128.0,532.0
564924.0,0.0,-2.89,-0.002,0.0,0.0,0.0,-1.0,0.0,0.0,128.0,539.0
564965.0,0.0,-2.89,-0.034,0.0,0.0,0.0,-1.0,0.0,0.0,128.0,532.0
565005.0,0.0,-2.89,0.018,0.0,0.0,0.0,-1.0,0.0,0.0,128.0,532.0
565045.0,0.0,-2.89,-0.105,0.0,0.0,0.0,-1.0,0.0,0.0,128.0,532.0
565085.0,0.0,-2.89,-0.0,0.0,0.0,0.0,-1.0,0.0,0.0,128.0,538.0
565126.0,0.0,-2.89,-0.049,0.0,0.0,0.0,-1.0,0.0,0.0,128.0,532.0
565166.0,0.0,-2.89,-0.0,0.0,0.0,0.0,-1.0,0.0,0.0,128.0,525.0
565206.0,0.0,-2.89,-0.0,0.0,0.0,0.0,-1.0,0.0,0.0,128.0,531.0
565246.0,0.0,-2.89,-0.0,0.0,0.0,0.0,-1.0,0.0,0.0,128.0,525.0
565287.0,0.0,-2.89,-0.001,0.0,0.0,0.0,-1.0,0.0,0.0,128.0,538.0
565327.0,0.0,-2.89,-0.008,0.0,0.0,0.0,-1.0,0.0,0.0,128.0,532.0
565368.0,0.0,-2.89,-0.0,0.0,0.0,0.0,-1.0,0.0,0.0,128.0,526.0
565408.0,0.0,-2.89,-0.085,0.0,0.0,0.0,-1.0,0.0,0.0,128.0,526.0
565448.0,0.0,-2.89,-0.003,0.0,0.0,0.0,-1.0,0.0,0.0,128.0,532.0
565488.0,0.0,-2.8885,0.333,0.0,0.0,0.0,-1.0,0.0,0.0,128.0,538.0
565529.0,0.0,-2.89,-0.003,0.0,0.0,0.0,-1.0,0.0,0.0,128.0,526.0
565569.0,0.0,-2.89,-0.0,0.0,0.0,0.0,-1.0,0.0,0.0,128.0,532.0
565609.0,0.0,-2.89,-0.0,0.0,0.0,0.0,-1.0,0.0,0.0,128.0,519.0
565649.0,0.0,-2.89,-0.001,0.0,0.0,0.0,-1.0,0.0,0.0,128.0,532.0
565690.0,0.0,-2.89,-0.082,0.0,0.0,0.0,-1.0,0.0,0.0,128.0,526.0
565730.0,0.0,-2.89,-0.003,0.0,0.0,0.0,-1.0,0.0,0.0,128.0,526.0
565770.0,0.0,-2.89,-0.002,0.0,0.0,0.0,-1.0,0.0,0.0,128.0,532.0
565811.0,0.0,-2.89,-0.065,0.0,0.0,0.0,-1.0,0.0,0.0,128.0,538.0
565851.0,0.0,-2.89,-0.0,0.0,0.0,0.0,-1.0,0.0,0.0,128.0,532.0
565891.0,0.0,-2.89,-0.001,0.0,0.0,0.0,-1.0,0.0,0.0,128.0,539.0
565932.0,0.0,-2.89,-0.07,0.0,0.0,0.0,-1.0,0.0,0.0,128.0,526.0
565972.0,0.0,-2.89,-0.001,0.0,0.0,0.0,-1.0,0.0,0.0,128.0,538.0
566012.0,0.0,-2.89,-0.001,0.0,0.0,0.0,-1.0,0.0,0.0,128.0,533.0
566052.0,0.0,-2.89,-0.0,0.0,0.0,0.0,-1.0,0.0,0.0,128.0,531.0
566093.0,0.0,-2.89,-0.021,0.0,0.0,0.0,-1.0,0.0,0.0,128.0,538.0
566133.0,0.0,-2.89,-0.0,0.0,0.0,0.0,-1.0,0.0,0.0,128.0,526.0
566174.0,0.0,-2.89,-0.04,0.0,0.0,0.0,-1.0,0.0,0.0,128.0,526.0
566214.0,0.0,-2.89,-0.0,0.0,0.0,0.0,-1.0,0.0,0.0,128.0,525.0
566254.0,0.0,-2.89,-0.0,0.0,0.0,0.0,-1.0,0.0,0.0,128.0,526.0
566294.0,0.0,-2.89,-0.0,0.0,0.0,0.0,-1.0,0.0,0.0,128.0,538.0
566335.0,0.0,-2.89,-0.005,0.0,0.0,0.0,-1.0,0.0,0.0,128.0,533.0
566375.0,0.0,-2.89,-0.003,0.0,0.0,0.0,-1.0,0.0,0.0,128.0,526.0
566415.0,0.0,-2.89,-0.013,0.0,0.0,0.0,-1.0,0.0,0.0,128.0,538.0
566456.0,0.0,-2.89,-0.0,0.0,0.0,0.0,-1.0,0.0,0.0,128.0,531.0
566496.0,0.0,-2.89,-0.0,0.0,0.0,0.0,-1.0,0.0,0.0,128.0,531.0
566537.0,0.0,-2.89,-0.013,0.0,0.0,0.0,-1.0,0.0,0.0,128.0,539.0
566577.0,0.0,-2.89,0.068,0.0,0.0,0.0,-1.0,0.0,0.0,128.0,526.0
566617.0,0.0,-2.89,-0.049,0.0,0.0,0.0,-1.0,0.0,0.0,128.0,538.0
566658.0,0.0,-2.89,-0.0,0.0,0.0,0.0,-1.0,0.0,0.0,128.0,520.0
566698.0,0.0,-2.89,-0.005,0.0,0.0,0.0,-1.0,0.0,0.0,128.0,532.0
566738.0,0.0,-2.89,-0.005,0.0,0.0,0.0,-1.0,0.0,0.0,128.0,526.0
566778.0,0.0,-2.89,-0.068,0.0,0.0,0.0,-1.0,0.0,0.0,128.0,533.0
566818.0,0.0,-2.89,-0.0,0.0,0.0,0.0,-1.0,0.0,0.0,128.0,538.0
566859.0,0.0,-2.89,-0.0,0.0,0.0,0.0,-1.0,0.0,0.0,128.0,519.0
566899.0,0.0,-2.89,-0.001,0.0,0.0,0.0,-1.0,0.0,0.0,128.0,532.0
566939.0,0.0,-2.89,-0.001,0.0,0.0,0.0,-1.0,0.0,0.0,128.0,527.0
566980.0,0.0,-2.8885,0.252,0.0,0.0,0.0,-1.0,0.0,0.0,128.0,526.0
567020.0,0.0,-2.89,0.005,0.0,0.0,0.0,-1.0,0.0,0.0,128.0,538.0
567060.0,0.0,-2.89,-0.0,0.0,0.0,0.0,-1.0,0.0,0.0,128.0,525.0
567101.0,0.0,-2.89,-0.0,0.0,0.0,0.0,-1.0,0.0,0.0,128.0,525.0
567141.0,0.0,-2.89,-0.0,0.0,0.0,0.0,-1.0,0.0,0.0,128.0,531.0
567181.0,0.0,-2.89,-0.051,0.0,0.0,0.0,-1.0,0.0,0.0,128.0,526.0
567222.0,0.0,-2.89,-0.068,0.0,0.0,0.0,-1.0,0.0,0.0,128.0,526.0
567262.0,0.0,-2.89,-0.032,0.0,0.0,0.0,-1.0,0.0,0.0,128.0,527.0
567302.0,0.0,-2.89,-0.001,0.0,0.0,0.0,-1.0,0.0,0.0,128.0,532.0
567342.0,0.0,-2.89,-0.003,0.0,0.0,0.0,-1.0,0.0,0.0,128.0,526.0
567382.0,0.0,-2.89,-0.075,0.0,0.0,0.0,-1.0,0.0,0.0,128.0,526.0
567422.0,0.0,-2.89,-0.008,0.0,0.0,0.0,-1.0,0.0,0.0,128.0,532.0
567463.0,0.0,-2.89,-0.0,0.0,0.0,0.0,-1.0,0.0,0.0,128.0,527.0
567503.0,0.0,-2.89,-0.032,0.0,0.0,0.0,-1.0,0.0,0.0,128.0,532.0
567543.0,0.0,-2.89,-0.037,0.0,0.0,0.0,-1.0,0.0,0.0,128.0,527.0
567584.0,0.0,-2.89,-0.013,0.0,0.0,0.0,-1.0,0.0,0.0,128.0,539.0
567624.0,0.0,-2.89,-0.051,0.0,0.0,0.0,-1.0,0.0,0.0,128.0,532.0
567665.0,0.0,-2.89,-0.001,0.0,0.0,0.0,-1.0,0.0,0.0,128.0,527.0
567705.0,0.0,-2.89,-0.017,0.0,0.0,0.0,-1.0,0.0,0.0,128.0,526.0
567745.0,0.0,-2.89,-0.0,0.0,0.0,0.0,-1.0,0.0,0.0,128.0,525.0
567786.0,0.0,-2.89,-0.021,0.0,0.0,0.0,-1.0,0.0,0.0,128.0,526.0
567826.0,0.0,-2.89,-0.0,0.0,0.0,0.0,-1.0,0.0,0.0,128.0,538.0
567866.0,0.0,-2.89,-0.075,0.0,0.0,0.0,-1.0,0.0,0.0,128.0,532.0
567907.0,0.0,-2.89,-0.0,0.0,0.0,0.0,-1.0,0.0,0.0,128.0,526.0
567947.0,0.0,-2.89,-0.0,0.0,0.0,0.0,-1.0,0.0,0.0,128.0,525.0
567987.0,0.0,-2.89,-0.032,0.0,0.0,0.0,-1.0,0.0,0.0,128.0,526.0
568028.0,0.0,-2.89,-0.0,0.0,0.0,0.0,-1.0,0.0,0.0,128.0,526.0
568068.0,0.0,-2.89,-0.0,0.0,0.0,0.0,-1.0,0.0,0.0,128.0,527.0
568108.0,0.0,-2.89,-0.0,0.0,0.0,0.0,-1.0,0.0,0.0,128.0,527.0
568149.0,0.0,-2.89,-0.105,0.0,0.0,0.0,-1.0,0.0,0.0,128.0,526.0
568189.0,0.0,-2.89,0.017,0.0,0.0,0.0,-1.0,0.0,0.0,128.0,527.0
568229.0,0.0,-2.89,-0.001,0.0,0.0,0.0,-1.0,0.0,0.0,128.0,526.0
568269.0,0.0,-2.89,-0.003,0.0,0.0,0.0,-1.0,0.0,0.0,128.0,526.0
568309.0,0.0,-2.89,-0.045,0.0,0.0,0.0,-1.0,0.0,0.0,128.0,526.0
568349.0,0.0,-2.89,-0.0,0.0,0.0,0.0,-1.0,0.0,0.0,128.0,531.0
568389.0,0.0,-2.89,-0.0,0.0,0.0,0.0,-1.0,0.0,0.0,128.0,525.0
568430.0,0.0,-2.89,-0.032,0.0,0.0,0.0,-1.0,0.0,0.0,128.0,532.0
568470.0,0.0,-2.89,-0.0,0.0,0.0,0.0,-1.0,0.0,0.0,128.0,531.0
568510.0,0.0,-2.89,-0.0,0.0,0.0,0.0,-1.0,0.0,0.0,128.0,532.0
568550.0,0.0,-2.89,-0.0,0.0,0.0,0.0,-1.0,0.0,0.0,128.0,526.0
568591.0,0.0,-2.89,-0.0,0.0,0.0,0.0,-1.0,0.0,0.0,128.0,519.0
568631.0,0.0,-2.89,-0.1,0.0,0.0,0.0,-1.0,0.0,0.0,128.0,532.0
568671.0,0.0,-2.89,-0.008,0.0,0.0,0.0,-1.0,0.0,0.0,128.0,526.0
568711.0,0.0,-2.89,-0.0,0.0,0.0,0.0,-1.0,0.0,0.0,128.0,527.0
568751.0,0.0,-2.8885,0.339,0.0,0.0,0.0,-1.0,0.0,0.0,128.0,538.0
568792.0,0.0,-2.89,-0.04,0.0,0.0,0.0,-1.0,0.0,0.0,128.0,526.0
568832.0,0.0,-2.89,-0.0,0.0,0.0,0.0,-1.0,0.0,0.0,128.0,525.0
568872.0,0.0,-2.89,-0.073,0.0,0.0,0.0,-1.0,0.0,0.0,128.0,526.0
568912.0,0.0,-2.89,-0.001,0.0,0.0,0.0,-1.0,0.0,0.0,128.0,532.0
568953.0,0.0,-2.8885,0.359,0.0,0.0,0.0,-1.0,0.0,0.0,128.0,526.0
568993.0,0.0,-2.89,-0.0,0.0,0.0,0.0,-1.0,0.0,0.0,128.0,532.0
569033.0,0.0,-2.89,0.01,0.0,0.0,0.0,-1.0,0.0,0.0,128.0,526.0
569073.0,0.0,-2.89,-0.102,0.0,0.0,0.0,-1.0,0.0,0.0,128.0,538.0
569114.0,0.0,-2.89,-0.002,0.0,0.0,0.0,-1.0,0.0,0.0,128.0,533.0
569154.0,0.0,-2.89,-0.021,0.0,0.0,0.0,-1.0,0.0,0.0,128.0,539.0
569194.0,0.0,-2.89,-0.0,0.0,0.0,0.0,-1.0,0.0,0.0,128.0,519.0
569234.0,0.0,-2.89,-0.09,0.0,0.0,0.0,-1.0,0.0,0.0,128.0,526.0
569274.0,0.0,-2.89,-0.004,0.0,0.0,0.0,-1.0,0.0,0.0,128.0,533.0
569315.0,0.0,-2.89,-0.021,0.0,0.0,0.0,-1.0,0.0,0.0,128.0,526.0
569355.0,0.0,-2.89,0.003,0.0,0.0,0.0,-1.0,0.0,0.0,128.0,538.0
569395.0,0.0,-2.89,0.02,0.0,0.0,0.0,-1.0,0.0,0.0,128.0,538.0
569435.0,0.0,-2.89,-0.009,0.0,0.0,0.0,-1.0,0.0,0.0,128.0,539.0
569476.0,0.0,-2.89,-0.03,0.0,0.0,0.0,-1.0,0.0,0.0,128.0,526.0
569516.0,0.0,-2.89,-0.04,0.0,0.0,0.0,-1.0,0.0,0.0,128.0,527.0
569556.0,0.0,-2.89,-0.075,0.0,0.0,0.0,-1.0,0.0,0.0,128.0,527.0
569597.0,0.0,-2.89,-0.0,0.0,0.0,0.0,-1.0,0.0,0.0,128.0,519.0
569637.0,0.0,-2.89,-0.035,0.0,0.0,0.0,-1.0,0.0,0.0,128.0,526.0
569677.0,0.0,-2.89,-0.005,0.0,0.0,0.0,-1.0,0.0,0.0,128.0,539.0
569717.0,0.0,-2.8885,0.328,0.0,0.0,0.0,-1.0,0.0,0.0,128.0,526.0
569757.0,0.0,-2.89,-0.001,0.0,0.0,0.0,-1.0,0.0,0.0,128.0,538.0
569798.0,0.0,-2.89,-0.0,0.0,0.0,0.0,-1.0,0.0,0.0,128.0,525.0
569838.0,0.0,-2.89,-0.084,0.0,0.0,0.0,-1.0,0.0,0.0,128.0,538.0
569878.0,0.0,-2.8885,0.341,0.0,0.0,0.0,-1.0,0.0,0.0,128.0,532.0
569919.0,0.0,-2.89,-0.021,0.0,0.0,0.0,-1.0,0.0,0.0,128.0,532.0
569959.0,0.0,-2.89,-0.0,0.0,0.0,0.0,-1.0,0.0,0.0,128.0,525.0
570000.0,0.0,-2.89,-0.085,0.0,0.0,0.0,-1.0,0.0,0.0,128.0,526.0
570040.0,0.0,-2.89,-0.021,0.0,0.0,0.0,-1.0,0.0,0.0,128.0,532.0
570080.0,0.0,-2.89,-0.049,0.0,0.0,0.0,-1.0,0.0,0.0,128.0,526.0
570120.0,0.0,-2.89,-0.0,0.0,0.0,0.0,-1.0,0.0,0.0,128.0,526.0
570160.0,0.0,-2.89,-0.084,0.0,0.0,0.0,-1.0,0.0,0.0,128.0,533.0
570200.0,0.0,-2.89,0.002,0.0,0.0,0.0,-1.0,0.0,0.0,128.0,538.0
570241.0,0.0,-2.89,-0.088,0.0,0.0,0.0,-1.0,0.0,0.0,128.0,532.0
570281.0,0.0,-2.89,-0.0,0.0,0.0,0.0,-1.0,0.0,0.0,128.0,524.0
570322.0,0.0,-2.89,-0.008,0.0,0.0,0.0,-1.0,0.0,0.0,128.0,527.0
570362.0,0.0,-2.89,-0.0,0.0,0.0,0.0,-1.0,0.0,0.0,128.0,520.0
570402.0,0.0,-2.89,-0.089,0.0,0.0,0.0,-1.0,0.0,0.0,128.0,532.0
570442.0,0.0,-2.89,-0.049,0.0,0.0,0.0,-1.0,0.0,0.0,128.0,538.0
570482.0,0.0,-2.89,-0.075,0.0,0.0,0.0,-1.0,0.0,0.0,128.0,532.0
570523.0,0.0,-2.89,-0.0,0.0,0.0,0.0,-1.0,0.0,0.0,128.0,531.0
570563.0,0.0,-2.89,-0.0,0.0,0.0,0.0,-1.0,0.0,0.0,128.0,527.0
570604.0,0.0,-2.89,-0.032,0.0,0.0,0.0,-1.0,0.0,0.0,128.0,539.0
570644.0,0.0,-2.89,-0.0,0.0,0.0,0.0,-1.0,0.0,0.0,128.0,519.0
570684.0,0.0,-2.89,-0.0,0.0,0.0,0.0,-1.0,0.0,0.0,128.0,526.0
570725.0,0.0,-2.89,-0.0,0.0,0.0,0.0,-1.0,0.0,0.0,128.0,531.0
570765.0,0.0,-2.89,-0.0,0.0,0.0,0.0,-1.0,0.0,0.0,128.0,525.0
570806.0,0.0,-2.89,-0.033,0.0,0.0,0.0,-1.0,0.0,0.0,128.0,538.0
570846.0,0.0,-2.89,-0.049,0.0,0.0,0.0,-1.0,0.0,0.0,128.0,538.0
570886.0,0.0,-2.89,-0.0,0.0,0.0,0.0,-1.0,0.0,0.0,128.0,526.0
570927.0,0.0,-2.89,-0.013,0.0,0.0,0.0,-1.0,0.0,0.0,128.0,538.0
570967.0,0.0,-2.89,-0.021,0.0,0.0,0.0,-1.0,0.0,0.0,128.0,538.0
571008.0,0.0,-2.89,-0.0,0.0,0.0,0.0,-1.0,0.0,0.0,128.0,532.0
571048.0,0.0,-2.89,-0.159,0.0,0.0,0.0,-1.0,0.0,0.0,128.0,526.0
571088.0,0.0,-2.89,-0.0,0.0,0.0,0.0,-1.0,0.0,0.0,128.0,531.0
571129.0,0.0,-2.89,-0.001,0.0,0.0,0.0,-1.0,0.0,0.0,128.0,539.0
571169.0,0.0,-2.89,-0.053,0.0,0.0,0.0,-1.0,0.0,0.0,128.0,538.0
571210.0,0.0,-2.89,-0.118,0.0,0.0,0.0,-1.0,0.0,0.0,128.0,526.0
571250.0,0.0,-2.89,-0.075,0.0,0.0,0.0,-1.0,0.0,0.0,128.0,532.0
571290.0,0.0,-2.89,-0.032,0.0,0.0,0.0,-1.0,0.0,0.0,128.0,527.0
571330.0,0.0,-2.89,-0.0,0.0,0.0,0.0,-1.0,0.0,0.0,128.0,538.0
571371.0,0.0,-2.89,-0.071,0.0,0.0,0.0,-1.0,0.0,0.0,128.0,532.0
571411.0,0.0,-2.89,-0.113,0.0,0.0,0.0,-1.0,0.0,0.0,128.0,538.0
571451.0,0.0,-2.89,-0.001,0.0,0.0,0.0,-1.0,0.0,0.0,128.0,538.0
571491.0,0.0,-2.89,-0.013,0.0,0.0,0.0,-1.0,0.0,0.0,128.0,533.0
571532.0,0.0,-2.89,-0.153,0.0,0.0,0.0,-1.0,0.0,0.0,128.0,533.0
571572.0,0.0,-2.89,-0.085,0.0,0.0,0.0,-1.0,0.0,0.0,128.0,538.0
571612.0,0.0,-2.89,-0.002,0.0,0.0,0.0,-1.0,0.0,0.0,128.0,526.0
571652.0,0.0,-2.89,-0.033,0.0,0.0,0.0,-1.0,0.0,0.0,128.0,532.0
571693.0,0.0,-2.89,-0.153,0.0,0.0,0.0,-1.0,0.0,0.0,128.0,538.0
571733.0,0.0,-2.89,-0.013,0.0,0.0,0.0,-1.0,0.0,0.0,128.0,538.0
571774.0,0.0,-2.89,-0.084,0.0,0.0,0.0,-1.0,0.0,0.0,128.0,532.0
571814.0,0.0,-2.89,-0.0,0.0,0.0,0.0,-1.0,0.0,0.0,128.0,531.0
571854.0,0.0,-2.89,-0.123,0.0,0.0,0.0,-1.0,0.0,0.0,128.0,532.0
571895.0,0.0,-2.89,-0.005,0.0,0.0,0.0,-1.0,0.0,0.0,128.0,526.0
571935.0,0.0,-2.8885,0.328,0.0,0.0,0.0,-1.0,0.0,0.0,128.0,527.0
571975.0,0.0,-2.89,-0.0,0.0,0.0,0.0,-1.0,0.0,0.0,128.0,532.0
572015.0,0.0,-2.89,-0.0,0.0,0.0,0.0,-1.0,0.0,0.0,128.0,525.0
572055.0,0.0,-2.8885,0.341,0.0,0.0,0.0,-1.0,0.0,0.0,128.0,538.0
572096.0,0.0,-2.89,-0.008,0.0,0.0,0.0,-1.0,0.0,0.0,128.0,532.0
572136.0,0.0,-2.89,-0.073,0.0,0.0,0.0,-1.0,0.0,0.0,128.0,527.0
572176.0,0.0,-2.89,-0.002,0.0,0.0,0.0,-1.0,0.0,0.0,128.0,538.0
572217.0,0.0,-2.89,-0.009,0.0,0.0,0.0,-1.0,0.0,0.0,128.0,526.0
572257.0,0.0,-2.89,-0.0,0.0,0.0,0.0,-1.0,0.0,0.0,128.0,531.0
572297.0,0.0,-2.89,-0.0,0.0,0.0,0.0,-1.0,0.0,0.0,128.0,525.0
572337.0,0.0,-2.89,-0.105,0.0,0.0,0.0,-1.0,0.0,0.0,128.0,538.0
572378.0,0.0,-2.8885,0.319,0.0,0.0,0.0,-1.0,0.0,0.0,128.0,526.0
572418.0,0.0,-2.89,-0.004,0.0,0.0,0.0,-1.0,0.0,0.0,128.0,526.0
572458.0,0.0,-2.89,-0.001,0.0,0.0,0.0,-1.0,0.0,0.0,128.0,527.0
572498.0,0.0,-2.89,-0.0,0.0,0.0,0.0,-1.0,0.0,0.0,128.0,525.0
572538.0,0.0,-2.89,-0.0,0.0,0.0,0.0,-1.0,0.0,0.0,128.0,538.0
572579.0,0.0,-2.89,-0.081,0.0,0.0,0.0,-1.0,0.0,0.0,128.0,538.0
572619.0,0.0,-2.89,-0.002,0.0,0.0,0.0,-1.0,0.0,0.0,128.0,526.0
572659.0,0.0,-2.89,-0.065,0.0,0.0,0.0,-1.0,0.0,0.0,128.0,532.0
572699.0,0.0,-2.89,-0.07,0.0,0.0,0.0,-1.0,0.0,0.0,128.0,532.0
572740.0,0.0,-2.89,-0.004,0.0,0.0,0.0,-1.0,0.0,0.0,128.0,533.0
572780.0,0.0,-2.89,-0.021,0.0,0.0,0.0,-1.0,0.0,0.0,128.0,526.0
572820.0,0.0,-2.89,-0.0,0.0,0.0,0.0,-1.0,0.0,0.0,128.0,525.0
572860.0,0.0,-2.89,-0.034,0.0,0.0,0.0,-1.0,0.0,0.0,128.0,532.0
572901.0,0.0,-2.89,-0.013,0.0,0.0,0.0,-1.0,0.0,0.0,128.0,526.0
572941.0,0.0,-2.89,-0.0,0.0,0.0,0.0,-1.0,0.0,0.0,128.0,525.0
572981.0,0.0,-2.89,-0.036,0.0,0.0,0.0,-1.0,0.0,0.0,128.0,527.0
573021.0,0.0,-2.89,-0.0,0.0,0.0,0.0,-1.0,0.0,0.0,128.0,525.0
573061.0,0.0,-2.8885,0.341,0.0,0.0,0.0,-1.0,0.0,0.0,128.0,532.0
573102.0,0.0,-2.89,-0.008,0.0,0.0,0.0,-1.0,0.0,0.0,128.0,526.0
573142.0,0.0,-2.89,-0.0,0.0,0.0,0.0,-1.0,0.0,0.0,128.0,532.0
573182.0,0.0,-2.89,-0.0,0.0,0.0,0.0,-1.0,0.0,0.0,128.0,531.0
573222.0,0.0,-2.89,-0.05,0.0,0.0,0.0,-1.0,0.0,0.0,128.0,532.0
573262.0,0.0,-2.89,-0.021,0.0,0.0,0.0,-1.0,0.0,0.0,128.0,538.0
573303.0,0.0,-2.89,-0.075,0.0,0.0,0.0,-1.0,0.0,0.0,128.0,538.0
573343.0,0.0,-2.89,-0.0,0.0,0.0,0.0,-1.0,0.0,0.0,128.0,526.0
573383.0,0.0,-2.89,-0.026,0.0,0.0,0.0,-1.0,0.0,0.0,128.0,539.0
573424.0,0.0,-2.89,-0.008,0.0,0.0,0.0,-1.0,0.0,0.0,128.0,526.0
573464.0,0.0,-2.89,-0.0,0.0,0.0,0.0,-1.0,0.0,0.0,128.0,519.0
573504.0,0.0,-2.89,-0.012,0.0,0.0,0.0,-1.0,0.0,0.0,128.0,532.0
573544.0,0.0,-2.89,-0.0,0.0,0.0,0.0,-1.0,0.0,0.0,128.0,532.0
573585.0,0.0,-2.89,-0.049,0.0,0.0,0.0,-1.0,0.0,0.0,128.0,539.0
573625.0,0.0,-2.89,-0.0,0.0,0.0,0.0,-1.0,0.0,0.0,128.0,526.0
573665.0,0.0,-2.89,-0.025,0.0,0.0,0.0,-1.0,0.0,0.0,128.0,539.0
573706.0,0.0,-2.89,-0.032,0.0,0.0,0.0,-1.0,0.0,0.0,128.0,532.0
573746.0,0.0,-2.89,-0.001,0.0,0.0,0.0,-1.0,0.0,0.0,128.0,526.0
573786.0,0.0,-2.89,-0.002,0.0,0.0,0.0,-1.0,0.0,0.0,128.0,527.0
573826.0,0.0,-2.89,-0.0,0.0,0.0,0.0,-1.0,0.0,0.0,128.0,531.0
573867.0,0.0,-2.8885,0.338,0.0,0.0,0.0,-1.0,0.0,0.0,128.0,527.0
573907.0,0.0,-2.89,0.02,0.0,0.0,0.0,-1.0,0.0,0.0,128.0,526.0
573947.0,0.0,-2.89,-0.0,0.0,0.0,0.0,-1.0,0.0,0.0,128.0,525.0
573987.0,0.0,-2.89,-0.084,0.0,0.0,0.0,-1.0,0.0,0.0,128.0,538.0
574028.0,0.0,-2.89,-0.0,0.0,0.0,0.0,-1.0,0.0,0.0,128.0,520.0
574068.0,0.0,-2.89,-0.084,0.0,0.0,0.0,-1.0,0.0,0.0,128.0,538.0
574108.0,0.0,-2.8885,0.341,0.0,0.0,0.0,-1.0,0.0,0.0,128.0,532.0
574148.0,0.0,-2.89,-0.068,0.0,0.0,0.0,-1.0,0.0,0.0,128.0,526.0
574189.0,0.0,-2.89,-0.049,0.0,0.0,0.0,-1.0,0.0,0.0,128.0,526.0
574229.0,0.0,-2.89,-0.001,0.0,0.0,0.0,-1.0,0.0,0.0,128.0,526.0
574269.0,0.0,-2.8885,0.307,0.0,0.0,0.0,-1.0,0.0,0.0,128.0,526.0
574310.0,0.0,-2.89,-0.002,0.0,0.0,0.0,-1.0,0.0,0.0,128.0,533.0
574350.0,0.0,-2.89,-0.005,0.0,0.0,0.0,-1.0,0.0,0.0,128.0,526.0
574390.0,0.0,-2.89,-0.003,0.0,0.0,0.0,-1.0,0.0,0.0,128.0,532.0
574431.0,0.0,-2.89,-0.001,0.0,0.0,0.0,-1.0,0.0,0.0,128.0,526.0
574471.0,0.0,-2.89,-0.0,0.0,0.0,0.0,-1.0,0.0,0.0,128.0,526.0
574511.0,0.0,-2.89,0.02,0.0,0.0,0.0,-1.0,0.0,0.0,128.0,526.0
574551.0,0.0,-2.89,0.02,0.0,0.0,0.0,-1.0,0.0,0.0,128.0,538.0
574592.0,0.0,-2.89,-0.068,0.0,0.0,0.0,-1.0,0.0,0.0,128.0,526.0
574632.0,0.0,-2.89,-0.0,0.0,0.0,0.0,-1.0,0.0,0.0,128.0,525.0
574672.0,0.0,-2.89,-0.075,0.0,0.0,0.0,-1.0,0.0,0.0,128.0,526.0
574712.0,0.0,-2.89,-0.0,0.0,0.0,0.0,-1.0,0.0,0.0,128.0,532.0
574753.0,0.0,-2.89,-0.07,0.0,0.0,0.0,-1.0,0.0,0.0,128.0,527.0
574793.0,0.0,-2.89,-0.001,0.0,0.0,0.0,-1.0,0.0,0.0,128.0,526.0
574833.0,0.0,-2.8885,0.336,0.0,0.0,0.0,-1.0,0.0,0.0,128.0,526.0
574873.0,0.0,-2.8885,0.247,0.0,0.0,0.0,-1.0,0.0,0.0,128.0,532.0
574914.0,0.0,-2.89,-0.0,0.0,0.0,0.0,-1.0,0.0,0.0,128.0,525.0
574954.0,0.0,-2.89,-0.0,0.0,0.0,0.0,-1.0,0.0,0.0,128.0,519.0
574994.0,0.0,-2.89,-0.002,0.0,0.0,0.0,-1.0,0.0,0.0,128.0,527.0
575035.0,0.0,-2.89,-0.021,0.0,0.0,0.0,-1.0,0.0,0.0,128.0,526.0
575075.0,0.0,-2.89,-0.003,0.0,0.0,0.0,-1.0,0.0,0.0,128.0,527.0
575115.0,0.0,-2.89,-0.029,0.0,0.0,0.0,-1.0,0.0,0.0,128.0,538.0
575155.0,0.0,-2.89,-0.0,0.0,0.0,0.0,-1.0,0.0,0.0,128.0,531.0
575196.0,0.0,-2.89,-0.0,0.0,0.0,0.0,-1.0,0.0,0.0,128.0,538.0
575236.0,0.0,-2.89,-0.002,0.0,0.0,0.0,-1.0,0.0,0.0,128.0,532.0
575276.0,0.0,-2.89,-0.032,0.0,0.0,0.0,-1.0,0.0,0.0,128.0,532.0
575317.0,0.0,-2.89,-0.002,0.0,0.0,0.0,-1.0,0.0,0.0,128.0,538.0
575357.0,0.0,-2.89,-0.0,0.0,0.0,0.0,-1.0,0.0,0.0,128.0,532.0
575397.0,0.0,-2.89,-0.037,0.0,0.0,0.0,-1.0,0.0,0.0,128.0,538.0
575438.0,0.0,-2.89,-0.0,0.0,0.0,0.0,-1.0,0.0,0.0,128.0,532.0
575478.0,0.0,-2.89,-0.0,0.0,0.0,0.0,-1.0,0.0,0.0,128.0,519.0
575518.0,0.0,-2.89,-0.005,0.0,0.0,0.0,-1.0,0.0,0.0,128.0,538.0
575559.0,0.0,-2.89,-0.075,0.0,0.0,0.0,-1.0,0.0,0.0,128.0,527.0
575599.0,0.0,-2.89,-0.021,0.0,0.0,0.0,-1.0,0.0,0.0,128.0,526.0
575639.0,0.0,-2.89,-0.0,0.0,0.0,0.0,-1.0,0.0,0.0,128.0,525.0
575680.0,0.0,-2.89,-0.005,0.0,0.0,0.0,-1.0,0.0,0.0,128.0,527.0
575720.0,0.0,-2.89,-0.013,0.0,0.0,0.0,-1.0,0.0,0.0,128.0,526.0
575760.0,0.0,-2.89,-0.068,0.0,0.0,0.0,-1.0,0.0,0.0,128.0,533.0
575801.0,0.0,-2.89,-0.013,0.0,0.0,0.0,-1.0,0.0,0.0,128.0,526.0
575841.0,0.0,-2.89,-0.003,0.0,0.0,0.0,-1.0,0.0,0.0,128.0,539.0
575881.0,0.0,-2.89,-0.005,0.0,0.0,0.0,-1.0,0.0,0.0,128.0,526.0
575921.0,0.0,-2.89,-0.0,0.0,0.0,0.0,-1.0,0.0,0.0,128.0,532.0
575961.0,0.0,-2.89,-0.001,0.0,0.0,0.0,-1.0,0.0,0.0,128.0,533.0
576002.0,0.0,-2.89,-0.003,0.0,0.0,0.0,-1.0,0.0,0.0,128.0,532.0
576042.0,0.0,-2.89,-0.0,0.0,0.0,0.0,-1.0,0.0,0.0,128.0,532.0
576082.0,0.0,-2.89,-0.0,0.0,0.0,0.0,-1.0,0.0,0.0,128.0,532.0
576123.0,0.0,-2.89,-0.0,0.0,0.0,0.0,-1.0,0.0,0.0,128.0,532.0
576163.0,0.0,-2.89,-0.075,0.0,0.0,0.0,-1.0,0.0,0.0,128.0,538.0
576203.0,0.0,-2.89,-0.0,0.0,0.0,0.0,-1.0,0.0,0.0,128.0,526.0
576244.0,0.0,-2.89,-0.0,0.0,0.0,0.0,-1.0,0.0,0.0,128.0,527.0
576284.0,0.0,-2.89,-0.0,0.0,0.0,0.0,-1.0,0.0,0.0,128.0,525.0
576324.0,0.0,-2.89,-0.021,0.0,0.0,0.0,-1.0,0.0,0.0,128.0,533.0
576365.0,0.0,-2.89,-0.002,0.0,0.0,0.0,-1.0,0.0,0.0,128.0,526.0
576405.0,0.0,-2.89,-0.068,0.0,0.0,0.0,-1.0,0.0,0.0,128.0,539.0
576445.0,0.0,-2.89,-0.0,0.0,0.0,0.0,-1.0,0.0,0.0,128.0,531.0
576486.0,0.0,-2.89,-0.005,0.0,0.0,0.0,-1.0,0.0,0.0,128.0,538.0
576526.0,0.0,-2.89,-0.0,0.0,0.0,0.0,-1.0,0.0,0.0,128.0,532.0
576567.0,0.0,-2.89,-0.012,0.0,0.0,0.0,-1.0,0.0,0.0,128.0,526.0
576607.0,0.0,-2.89,-0.078,0.0,0.0,0.0,-1.0,0.0,0.0,128.0,527.0
576647.0,0.0,-2.89,-0.008,0.0,0.0,0.0,-1.0,0.0,0.0,128.0,539.0
576687.0,0.0,-2.8885,0.341,0.0,0.0,0.0,-1.0,0.0,0.0,128.0,538.0
576728.0,0.0,-2.89,-0.082,0.0,0.0,0.0,-1.0,0.0,0.0,128.0,526.0
576768.0,0.0,-2.89,-0.032,0.0,0.0,0.0,-1.0,0.0,0.0,128.0,526.0
576808.0,0.0,-2.89,-0.084,0.0,0.0,0.0,-1.0,0.0,0.0,128.0,532.0
576848.0,0.0,-2.8885,0.338,0.0,0.0,0.0,-1.0,0.0,0.0,128.0,526.0
576889.0,0.0,-2.89,-0.005,0.0,0.0,0.0,-1.0,0.0,0.0,128.0,539.0
576929.0,0.0,-2.89,-0.005,0.0,0.0,0.0,-1.0,0.0,0.0,128.0,526.0
576969.0,0.0,-2.89,-0.095,0.0,0.0,0.0,-1.0,0.0,0.0,128.0,526.0
577009.0,0.0,-2.89,-0.021,0.0,0.0,0.0,-1.0,0.0,0.0,128.0,527.0
577049.0,0.0,-2.89,-0.0,0.0,0.0,0.0,-1.0,0.0,0.0,128.0,525.0
577089.0,0.0,-2.89,-0.084,0.0,0.0,0.0,-1.0,0.0,0.0,128.0,538.0
577130.0,0.0,-2.89,-0.008,0.0,0.0,0.0,-1.0,0.0,0.0,128.0,527.0
577170.0,0.0,-2.89,-0.035,0.0,0.0,0.0,-1.0,0.0,0.0,128.0,532.0
577210.0,0.0,-2.89,-0.001,0.0,0.0,0.0,-1.0,0.0,0.0,128.0,532.0
577251.0,0.0,-2.89,-0.082,0.0,0.0,0.0,-1.0,0.0,0.0,128.0,538.0
577291.0,0.0,-2.89,-0.0,0.0,0.0,0.0,-1.0,0.0,0.0,128.0,525.0
577332.0,0.0,-2.89,-0.008,0.0,0.0,0.0,-1.0,0.0,0.0,128.0,526.0
577372.0,0.0,-2.8885,0.336,0.0,0.0,0.0,-1.0,0.0,0.0,128.0,532.0
577412.0,0.0,-2.89,-0.068,0.0,0.0,0.0,-1.0,0.0,0.0,128.0,538.0
577453.0,0.0,-2.89,0.02,0.0,0.0,0.0,-1.0,0.0,0.0,128.0,526.0
577493.0,0.0,-2.8885,0.312,0.0,0.0,0.0,-1.0,0.0,0.0,128.0,526.0
577533.0,0.0,-2.8885,0.28,0.0,0.0,0.0,-1.0,0.0,0.0,128.0,538.0
577573.0,0.0,-2.8885,0.341,0.0,0.0,0.0,-1.0,0.0,0.0,128.0,539.0
577613.0,0.0,-2.89,-0.0,0.0,0.0,0.0,-1.0,0.0,0.0,128.0,527.0
577653.0,0.0,-2.89,-0.0,0.0,0.0,0.0,-1.0,0.0,0.0,128.0,531.0
577693.0,0.0,-2.89,-0.051,0.0,0.0,0.0,-1.0,0.0,0.0,128.0,538.0
577733.0,0.0,-2.89,-0.001,0.0,0.0,0.0,-1.0,0.0,0.0,128.0,538.0
577774.0,0.0,-2.89,-0.049,0.0,0.0,0.0,-1.0,0.0,0.0,128.0,526.0
577814.0,0.0,-2.89,-0.032,0.0,0.0,0.0,-1.0,0.0,0.0,128.0,526.0
577854.0,0.0,-2.89,-0.026,0.0,0.0,0.0,-1.0,0.0,0.0,128.0,538.0
577894.0,0.0,-2.89,-0.0,0.0,0.0,0.0,-1.0,0.0,0.0,128.0,525.0
577935.0,0.0,-2.89,-0.045,0.0,0.0,0.0,-1.0,0.0,0.0,128.0,526.0
577975.0,0.0,-2.89,-0.117,0.0,0.0,0.0,-1.0,0.0,0.0,128.0,539.0
578015.0,0.0,-2.89,-0.101,0.0,0.0,0.0,-1.0,0.0,0.0,128.0,532.0
578055.0,0.0,-2.89,-0.084,0.0,0.0,0.0,-1.0,0.0,0.0,128.0,532.0
578096.0,0.0,-2.89,-0.041,0.0,0.0,0.0,-1.0,0.0,0.0,128.0,526.0
578136.0,0.0,-2.89,-0.0,0.0,0.0,0.0,-1.0,0.0,0.0,128.0,531.0
578176.0,0.0,-2.89,-0.033,0.0,0.0,0.0,-1.0,0.0,0.0,128.0,526.0
578217.0,0.0,-2.89,-0.0,0.0,0.0,0.0,-1.0,0.0,0.0,128.0,531.0
578257.0,0.0,-2.89,-0.008,0.0,0.0,0.0,-1.0,0.0,0.0,128.0,526.0
578297.0,0.0,-2.89,-0.04,0.0,0.0,0.0,-1.0,0.0,0.0,128.0,538.0
578337.0,0.0,-2.89,-0.0,0.0,0.0,0.0,-1.0,0.0,0.0,128.0,538.0
578378.0,0.0,-2.89,-0.046,0.0,0.0,0.0,-1.0,0.0,0.0,128.0,526.0
578418.0,0.0,-2.89,-0.068,0.0,0.0,0.0,-1.0,0.0,0.0,128.0,526.0
578458.0,0.0,-2.89,-0.005,0.0,0.0,0.0,-1.0,0.0,0.0,128.0,526.0
578498.0,0.0,-2.89,-0.0,0.0,0.0,0.0,-1.0,0.0,0.0,128.0,532.0
578539.0,0.0,-2.89,-0.007,0.0,0.0,0.0,-1.0,0.0,0.0,128.0,538.0
578579.0,0.0,-2.89,-0.001,0.0,0.0,0.0,-1.0,0.0,0.0,128.0,538.0
578620.0,0.0,-2.89,-0.041,0.0,0.0,0.0,-1.0,0.0,0.0,128.0,533.0
578660.0,0.0,-2.89,-0.153,0.0,0.0,0.0,-1.0,0.0,0.0,128.0,539.0
578701.0,0.0,-2.89,-0.002,0.0,0.0,0.0,-1.0,0.0,0.0,128.0,526.0
578741.0,0.0,-2.89,-0.071,0.0,0.0,0.0,-1.0,0.0,0.0,128.0,527.0
578781.0,0.0,-2.89,-0.084,0.0,0.0,0.0,-1.0,0.0,0.0,128.0,538.0
578821.0,0.0,-2.89,-0.0,0.0,0.0,0.0,-1.0,0.0,0.0,128.0,531.0
578862.0,0.0,-2.89,-0.001,0.0,0.0,0.0,-1.0,0.0,0.0,128.0,538.0
578902.0,0.0,-2.89,-0.023,0.0,0.0,0.0,-1.0,0.0,0.0,128.0,527.0
578942.0,0.0,-2.89,0.02,0.0,0.0,0.0,-1.0,0.0,0.0,128.0,527.0
578983.0,0.0,-2.89,-0.0,0.0,0.0,0.0,-1.0,0.0,0.0,128.0,526.0
579023.0,0.0,-2.89,-0.07,0.0,0.0,0.0,-1.0,0.0,0.0,128.0,538.0
579063.0,0.0,-2.89,-0.0,0.0,0.0,0.0,-1.0,0.0,0.0,128.0,519.0
579103.0,0.0,-2.89,-0.032,0.0,0.0,0.0,-1.0,0.0,0.0,128.0,539.0
579144.0,0.0,-2.89,-0.068,0.0,0.0,0.0,-1.0,0.0,0.0,128.0,526.0
579184.0,0.0,-2.89,-0.0,0.0,0.0,0.0,-1.0,0.0,0.0,128.0,525.0
579224.0,0.0,-2.89,-0.0,0.0,0.0,0.0,-1.0,0.0,0.0,128.0,525.0
579264.0,0.0,-2.89,-0.121,0.0,0.0,0.0,-1.0,0.0,0.0,128.0,538.0
579305.0,0.0,-2.89,-0.049,0.0,0.0,0.0,-1.0,0.0,0.0,128.0,526.0
579345.0,0.0,-2.89,-0.033,0.0,0.0,0.0,-1.0,0.0,0.0,128.0,526.0
579385.0,0.0,-2.89,-0.167,0.0,0.0,0.0,-1.0,0.0,0.0,128.0,526.0
579425.0,0.0,-2.89,-0.081,0.0,0.0,0.0,-1.0,0.0,0.0,128.0,533.0
579466.0,0.0,-2.89,-0.038,0.0,0.0,0.0,-1.0,0.0,0.0,128.0,538.0
579506.0,0.0,-2.89,-0.0,0.0,0.0,0.0,-1.0,0.0,0.0,128.0,526.0
579546.0,0.0,-2.8885,0.26,0.0,0.0,0.0,-1.0,0.0,0.0,128.0,526.0
579587.0,0.0,-2.89,-0.012,0.0,0.0,0.0,-1.0,0.0,0.0,128.0,532.0
579627.0,0.0,-2.89,-0.0,0.0,0.0,0.0,-1.0,0.0,0.0,128.0,520.0
579668.0,0.0,-2.89,-0.0,0.0,0.0,0.0,-1.0,0.0,0.0,128.0,519.0
579708.0,0.0,-2.89,-0.0,0.0,0.0,0.0,-1.0,0.0,0.0,128.0,533.0
579748.0,0.0,-2.89,-0.003,0.0,0.0,0.0,-1.0,0.0,0.0,128.0,526.0
579788.0,0.0,-2.89,-0.0,0.0,0.0,0.0,-1.0,0.0,0.0,128.0,538.0
579828.0,0.0,-2.89,-0.053,0.0,0.0,0.0,-1.0,0.0,0.0,128.0,539.0
579868.0,0.0,-2.89,-0.001,0.0,0.0,0.0,-1.0,0.0,0.0,128.0,538.0
579909.0,0.0,-2.89,-0.07,0.0,0.0,0.0,-1.0,0.0,0.0,128.0,538.0
579949.0,0.0,-2.89,-0.107,0.0,0.0,0.0,-1.0,0.0,0.0,128.0,527.0
579989.0,0.0,-2.89,-0.001,0.0,0.0,0.0,-1.0,0.0,0.0,128.0,527.0
580029.0,0.0,-2.89,-0.016,0.0,0.0,0.0,-1.0,0.0,0.0,128.0,532.0
580069.0,0.0,-2.8885,0.341,0.0,0.0,0.0,-1.0,0.0,0.0,128.0,538.0
580110.0,0.0,-2.89,-0.0,0.0,0.0,0.0,-1.0,0.0,0.0,128.0,531.0
580150.0,0.0,-2.89,-0.008,0.0,0.0,0.0,-1.0,0.0,0.0,128.0,527.0
580191.0,0.0,-2.89,-0.059,0.0,0.0,0.0,-1.0,0.0,0.0,128.0,526.0
580231.0,0.0,-2.89,-0.0,0.0,0.0,0.0,-1.0,0.0,0.0,128.0,519.0
580271.0,0.0,-2.89,-0.002,0.0,0.0,0.0,-1.0,0.0,0.0,128.0,538.0
580311.0,0.0,-2.89,-0.004,0.0,0.0,0.0,-1.0,0.0,0.0,128.0,538.0
580351.0,0.0,-2.89,-0.076,0.0,0.0,0.0,-1.0,0.0,0.0,128.0,538.0
580392.0,0.0,-2.89,-0.003,0.0,0.0,0.0,-1.0,0.0,0.0,128.0,526.0
580432.0,0.0,-2.89,-0.076,0.0,0.0,0.0,-1.0,0.0,0.0,128.0,527.0
580472.0,0.0,-2.89,-0.0,0.0,0.0,0.0,-1.0,0.0,0.0,128.0,525.0
580512.0,0.0,-2.89,-0.0,0.0,0.0,0.0,-1.0,0.0,0.0,128.0,525.0
580553.0,0.0,-2.89,-0.015,0.0,0.0,0.0,-1.0,0.0,0.0,128.0,538.0
580593.0,0.0,-2.8885,0.336,0.0,0.0,0.0,-1.0,0.0,0.0,128.0,526.0
580634.0,0.0,-2.89,-0.013,0.0,0.0,0.0,-1.0,0.0,0.0,128.0,526.0
580674.0,0.0,-2.89,-0.009,0.0,0.0,0.0,-1.0,0.0,0.0,128.0,526.0
580714.0,0.0,-2.8885,0.308,0.0,0.0,0.0,-1.0,0.0,0.0,128.0,532.0
580754.0,0.0,-2.8885,0.338,0.0,0.0,0.0,-1.0,0.0,0.0,128.0,539.0
580795.0,0.0,-2.89,-0.016,0.0,0.0,0.0,-1.0,0.0,0.0,128.0,532.0
580835.0,0.0,-2.8885,0.341,0.0,0.0,0.0,-1.0,0.0,0.0,128.0,532.0
580875.0,0.0,-2.89,-0.002,0.0,0.0,0.0,-1.0,0.0,0.0,128.0,538.0
580915.0,0.0,-2.89,-0.089,0.0,0.0,0.0,-1.0,0.0,0.0,128.0,526.0
580955.0,0.0,-2.89,-0.075,0.0,0.0,0.0,-1.0,0.0,0.0,128.0,538.0
580995.0,0.0,-2.89,-0.005,0.0,0.0,0.0,-1.0,0.0,0.0,128.0,539.0
581036.0,0.0,-2.8885,0.34,0.0,0.0,0.0,-1.0,0.0,0.0,128.0,527.0
581076.0,0.0,-2.89,-0.001,0.0,0.0,0.0,-1.0,0.0,0.0,128.0,538.0
581116.0,0.0,-2.89,-0.0,0.0,0.0,0.0,-1.0,0.0,0.0,128.0,526.0
581157.0,0.0,-2.89,-0.0,0.0,0.0,0.0,-1.0,0.0,0.0,128.0,531.0
581197.0,0.0,-2.8885,0.32,0.0,0.0,0.0,-1.0,0.0,0.0,128.0,526.0
581238.0,0.0,-2.89,-0.001,0.0,0.0,0.0,-1.0,0.0,0.0,128.0,527.0
581278.0,0.0,-2.89,-0.082,0.0,0.0,0.0,-1.0,0.0,0.0,128.0,532.0
581318.0,0.0,-2.89,-0.0,0.0,0.0,0.0,-1.0,0.0,0.0,128.0,525.0
581358.0,0.0,-2.89,-0.075,0.0,0.0,0.0,-1.0,0.0,0.0,128.0,532.0
581398.0,0.0,-2.8885,0.339,0.0,0.0,0.0,-1.0,0.0,0.0,128.0,532.0
581439.0,0.0,-2.89,-0.003,0.0,0.0,0.0,-1.0,0.0,0.0,128.0,533.0
581479.0,0.0,-2.89,-0.117,0.0,0.0,0.0,-1.0,0.0,0.0,128.0,526.0
581519.0,0.0,-2.8885,0.339,0.0,0.0,0.0,-1.0,0.0,0.0,128.0,526.0
581560.0,0.0,-2.8885,0.341,0.0,0.0,0.0,-1.0,0.0,0.0,128.0,527.0
581600.0,0.0,-2.89,-0.0,0.0,0.0,0.0,-1.0,0.0,0.0,128.0,526.0
581641.0,0.0,-2.89,-0.079,0.0,0.0,0.0,-1.0,0.0,0.0,128.0,526.0
581681.0,0.0,-2.89,-0.005,0.0,0.0,0.0,-1.0,0.0,0.0,128.0,538.0
581721.0,0.0,-2.89,-0.002,0.0,0.0,0.0,-1.0,0.0,0.0,128.0,539.0
581761.0,0.0,-2.89,-0.082,0.0,0.0,0.0,-1.0,0.0,0.0,128.0,533.0
581801.0,0.0,-2.89,-0.0,0.0,0.0,0.0,-1.0,0.0,0.0,128.0,531.0
581841.0,0.0,-2.89,0.02,0.0,0.0,0.0,-1.0,0.0,0.0,128.0,532.0
581882.0,0.0,-2.89,-0.075,0.0,0.0,0.0,-1.0,0.0,0.0,128.0,532.0
581922.0,0.0,-2.89,-0.001,0.0,0.0,0.0,-1.0,0.0,0.0,128.0,538.0
581963.0,0.0,-2.89,-0.0,0.0,0.0,0.0,-1.0,0.0,0.0,128.0,520.0
582003.0,0.0,-2.89,-0.0,0.0,0.0,0.0,-1.0,0.0,0.0,128.0,525.0
582043.0,0.0,-2.89,-0.0,0.0,0.0,0.0,-1.0,0.0,0.0,128.0,520.0
582083.0,0.0,-2.89,-0.084,0.0,0.0,0.0,-1.0,0.0,0.0,128.0,532.0
582123.0,0.0,-2.89,-0.133,0.0,0.0,0.0,-1.0,0.0,0.0,128.0,532.0
582163.0,0.0,-2.89,-0.0,0.0,0.0,0.0,-1.0,0.0,0.0,128.0,531.0
582203.0,0.0,-2.89,-0.008,0.0,0.0,0.0,-1.0,0.0,0.0,128.0,532.0
582243.0,0.0,-2.89,-0.0,0.0,0.0,0.0,-1.0,0.0,0.0,128.0,525.0
582284.0,0.0,-2.89,-0.049,0.0,0.0,0.0,-1.0,0.0,0.0,128.0,526.0
582324.0,0.0,-2.8885,0.272,0.0,0.0,0.0,-1.0,0.0,0.0,128.0,532.0
582364.0,0.0,-2.89,-0.076,0.0,0.0,0.0,-1.0,0.0,0.0,128.0,532.0
582405.0,0.0,-2.89,-0.075,0.0,0.0,0.0,-1.0,0.0,0.0,128.0,532.0
582445.0,0.0,-2.89,-0.003,0.0,0.0,0.0,-1.0,0.0,0.0,128.0,532.0
582485.0,0.0,-2.8885,0.34,0.0,0.0,0.0,-1.0,0.0,0.0,128.0,532.0
582525.0,0.0,-2.89,-0.0,0.0,0.0,0.0,-1.0,0.0,0.0,128.0,526.0
582565.0,0.0,-2.89,-0.0,0.0,0.0,0.0,-1.0,0.0,0.0,128.0,525.0
582606.0,0.0,-2.89,-0.0,0.0,0.0,0.0,-1.0,0.0,0.0,128.0,532.0
582646.0,0.0,-2.89,-0.008,0.0,0.0,0.0,-1.0,0.0,0.0,128.0,532.0
582686.0,0.0,-2.89,-0.084,0.0,0.0,0.0,-1.0,0.0,0.0,128.0,539.0
582726.0,0.0,-2.89,-0.088,0.0,0.0,0.0,-1.0,0.0,0.0,128.0,532.0
582767.0,0.0,-2.89,-0.124,0.0,0.0,0.0,-1.0,0.0,0.0,128.0,527.0
582807.0,0.0,-2.89,0.019,0.0,0.0,0.0,-1.0,0.0,0.0,128.0,526.0
582847.0,0.0,-2.89,-0.0,0.0,0.0,0.0,-1.0,0.0,0.0,128.0,525.0
582887.0,0.0,-2.8885,0.284,0.0,0.0,0.0,-1.0,0.0,0.0,128.0,532.0
582928.0,0.0,-2.89,-0.0,0.0,0.0,0.0,-1.0,0.0,0.0,128.0,531.0
582968.0,0.0,-2.89,-0.0,0.0,0.0,0.0,-1.0,0.0,0.0,128.0,519.0
583008.0,0.0,-2.89,-0.053,0.0,0.0,0.0,-1.0,0.0,0.0,128.0,538.0
583048.0,0.0,-2.89,-0.0,0.0,0.0,0.0,-1.0,0.0,0.0,128.0,525.0
583089.0,0.0,-2.89,-0.0,0.0,0.0,0.0,-1.0,0.0,0.0,128.0,538.0
583129.0,0.0,-2.89,-0.105,0.0,0.0,0.0,-1.0,0.0,0.0,128.0,538.0
583170.0,0.0,-2.8885,0.34,0.0,0.0,0.0,-1.0,0.0,0.0,128.0,527.0
583210.0,0.0,-2.89,-0.0,0.0,0.0,0.0,-1.0,0.0,0.0,128.0,531.0
583250.0,0.0,-2.89,-0.079,0.0,0.0,0.0,-1.0,0.0,0.0,128.0,538.0
583290.0,0.0,-2.89,-0.075,0.0,0.0,0.0,-1.0,0.0,0.0,128.0,532.0
583331.0,0.0,-2.89,-0.0,0.0,0.0,0.0,-1.0,0.0,0.0,128.0,531.0
583371.0,0.0,-2.89,-0.001,0.0,0.0,0.0,-1.0,0.0,0.0,128.0,538.0
583411.0,0.0,-2.89,-0.0,0.0,0.0,0.0,-1.0,0.0,0.0,128.0,520.0
583451.0,0.0,-2.89,-0.0,0.0,0.0,0.0,-1.0,0.0,0.0,128.0,525.0
583492.0,0.0,-2.89,-0.0,0.0,0.0,0.0,-1.0,0.0,0.0,128.0,520.0
583532.0,0.0,-2.89,-0.0,0.0,0.0,0.0,-1.0,0.0,0.0,128.0,531.0
583572.0,0.0,-2.89,-0.008,0.0,0.0,0.0,-1.0,0.0,0.0,128.0,526.0
583612.0,0.0,-2.89,-0.003,0.0,0.0,0.0,-1.0,0.0,0.0,128.0,527.0
583652.0,0.0,-2.89,-0.0,0.0,0.0,0.0,-1.0,0.0,0.0,128.0,526.0
583692.0,0.0,-2.89,-0.083,0.0,0.0,0.0,-1.0,0.0,0.0,128.0,532.0
583733.0,0.0,-2.89,-0.0,0.0,0.0,0.0,-1.0,0.0,0.0,128.0,525.0
583773.0,0.0,-2.89,-0.053,0.0,0.0,0.0,-1.0,0.0,0.0,128.0,526.0
583813.0,0.0,-2.89,-0.0,0.0,0.0,0.0,-1.0,0.0,0.0,128.0,531.0
583853.0,0.0,-2.8885,0.262,0.0,0.0,0.0,-1.0,0.0,0.0,128.0,538.0
583894.0,0.0,-2.89,-0.013,0.0,0.0,0.0,-1.0,0.0,0.0,128.0,526.0
583934.0,0.0,-2.89,-0.0,0.0,0.0,0.0,-1.0,0.0,0.0,128.0,531.0
583974.0,0.0,-2.89,-0.021,0.0,0.0,0.0,-1.0,0.0,0.0,128.0,532.0
584014.0,0.0,-2.89,-0.097,0.0,0.0,0.0,-1.0,0.0,0.0,128.0,538.0
584055.0,0.0,-2.89,-0.004,0.0,0.0,0.0,-1.0,0.0,0.0,128.0,526.0
584095.0,0.0,-2.89,-0.05,0.0,0.0,0.0,-1.0,0.0,0.0,128.0,526.0
584135.0,0.0,-2.89,-0.0,0.0,0.0,0.0,-1.0,0.0,0.0,128.0,525.0
584176.0,0.0,-2.89,-0.0,0.0,0.0,0.0,-1.0,0.0,0.0,128.0,538.0
584216.0,0.0,-2.89,-0.0,0.0,0.0,0.0,-1.0,0.0,0.0,128.0,538.0
584257.0,0.0,-2.8885,0.318,0.0,0.0,0.0,-1.0,0.0,0.0,128.0,526.0
584297.0,0.0,-2.89,-0.0,0.0,0.0,0.0,-1.0,0.0,0.0,128.0,527.0
584337.0,0.0,-2.8885,0.341,0.0,0.0,0.0,-1.0,0.0,0.0,128.0,538.0
584378.0,0.0,-2.89,-0.064,0.0,0.0,0.0,-1.0,0.0,0.0,128.0,526.0
584418.0,0.0,-2.89,-0.049,0.0,0.0,0.0,-1.0,0.0,0.0,128.0,526.0
584458.0,0.0,-2.89,-0.016,0.0,0.0,0.0,-1.0,0.0,0.0,128.0,526.0
584499.0,0.0,-2.89,-0.0,0.0,0.0,0.0,-1.0,0.0,0.0,128.0,519.0
584539.0,0.0,-2.89,-0.068,0.0,0.0,0.0,-1.0,0.0,0.0,128.0,526.0
584579.0,0.0,-2.89,-0.053,0.0,0.0,0.0,-1.0,0.0,0.0,128.0,533.0
584619.0,0.0,-2.89,-0.0,0.0,0.0,0.0,-1.0,0.0,0.0,128.0,532.0
584659.0,0.0,-2.89,-0.102,0.0,0.0,0.0,-1.0,0.0,0.0,128.0,526.0
584699.0,0.0,-2.89,0.019,0.0,0.0,0.0,-1.0,0.0,0.0,128.0,538.0
584739.0,0.0,-2.89,-0.068,0.0,0.0,0.0,-1.0,0.0,0.0,128.0,539.0
584780.0,0.0,-2.89,-0.0,0.0,0.0,0.0,-1.0,0.0,0.0,128.0,525.0
584820.0,0.0,-2.89,0.018,0.0,0.0,0.0,-1.0,0.0,0.0,128.0,532.0
584860.0,0.0,-2.89,-0.089,0.0,0.0,0.0,-1.0,0.0,0.0,128.0,533.0
584900.0,0.0,-2.89,-0.013,0.0,0.0,0.0,-1.0,0.0,0.0,128.0,527.0
584940.0,0.0,-2.89,-0.0,0.0,0.0,0.0,-1.0,0.0,0.0,128.0,524.0
584980.0,0.0,-2.89,-0.0,0.0,0.0,0.0,-1.0,0.0,0.0,128.0,525.0
585021.0,0.0,-2.89,-0.0,0.0,0.0,0.0,-1.0,0.0,0.0,128.0,531.0
585061.0,0.0,-2.89,-0.071,0.0,0.0,0.0,-1.0,0.0,0.0,128.0,532.0
585101.0,0.0,-2.89,-0.021,0.0,0.0,0.0,-1.0,0.0,0.0,128.0,533.0
585141.0,0.0,-2.8885,0.32,0.0,0.0,0.0,-1.0,0.0,0.0,128.0,538.0
585182.0,0.0,-2.89,-0.002,0.0,0.0,0.0,-1.0,0.0,0.0,128.0,527.0
585222.0,0.0,-2.89,0.02,0.0,0.0,0.0,-1.0,0.0,0.0,128.0,532.0
585262.0,0.0,-2.89,-0.032,0.0,0.0,0.0,-1.0,0.0,0.0,128.0,526.0
585302.0,0.0,-2.89,-0.068,0.0,0.0,0.0,-1.0,0.0,0.0,128.0,527.0
585342.0,0.0,-2.89,-0.117,0.0,0.0,0.0,-1.0,0.0,0.0,128.0,538.0
585383.0,0.0,-2.89,-0.0,0.0,0.0,0.0,-1.0,0.0,0.0,128.0,525.0
585423.0,0.0,-2.89,-0.021,0.0,0.0,0.0,-1.0,0.0,0.0,128.0,533.0
585463.0,0.0,-2.89,-0.006,0.0,0.0,0.0,-1.0,0.0,0.0,128.0,527.0
585504.0,0.0,-2.89,-0.0,0.0,0.0,0.0,-1.0,0.0,0.0,128.0,519.0
585544.0,0.0,-2.89,-0.003,0.0,0.0,0.0,-1.0,0.0,0.0,128.0,527.0
585584.0,0.0,-2.89,-0.023,0.0,0.0,0.0,-1.0,0.0,0.0,128.0,526.0
585624.0,0.0,-2.89,-0.0,0.0,0.0,0.0,-1.0,0.0,0.0,128.0,532.0
585665.0,0.0,-2.89,-0.0,0.0,0.0,0.0,-1.0,0.0,0.0,128.0,531.0
585705.0,0.0,-2.89,-0.008,0.0,0.0,0.0,-1.0,0.0,0.0,128.0,538.0
585745.0,0.0,-2.89,-0.002,0.0,0.0,0.0,-1.0,0.0,0.0,128.0,526.0
585786.0,0.0,-2.89,-0.085,0.0,0.0,0.0,-1.0,0.0,0.0,128.0,526.0
585826.0,0.0,-2.89,-0.003,0.0,0.0,0.0,-1.0,0.0,0.0,128.0,532.0
585866.0,0.0,-2.89,0.02,0.0,0.0,0.0,-1.0,0.0,0.0,128.0,526.0
585906.0,0.0,-2.8885,0.254,0.0,0.0,0.0,-1.0,0.0,0.0,128.0,526.0
585947.0,0.0,-2.89,-0.0,0.0,0.0,0.0,-1.0,0.0,0.0,128.0,532.0
585987.0,0.0,-2.89,-0.049,0.0,0.0,0.0,-1.0,0.0,0.0,128.0,526.0
586027.0,0.0,-2.89,-0.0,0.0,0.0,0.0,-1.0,0.0,0.0,128.0,526.0
586067.0,0.0,-2.89,-0.002,0.0,0.0,0.0,-1.0,0.0,0.0,128.0,526.0
586107.0,0.0,-2.89,-0.124,0.0,0.0,0.0,-1.0,0.0,0.0,128.0,526.0
586147.0,0.0,-2.89,-0.073,0.0,0.0,0.0,-1.0,0.0,0.0,128.0,526.0
586187.0,0.0,-2.89,-0.0,0.0,0.0,0.0,-1.0,0.0,0.0,128.0,532.0
586228.0,0.0,-2.89,-0.032,0.0,0.0,0.0,-1.0,0.0,0.0,128.0,526.0
586268.0,0.0,-2.89,-0.005,0.0,0.0,0.0,-1.0,0.0,0.0,128.0,532.0
586308.0,0.0,-2.89,-0.013,0.0,0.0,0.0,-1.0,0.0,0.0,128.0,539.0
586348.0,0.0,-2.89,-0.075,0.0,0.0,0.0,-1.0,0.0,0.0,128.0,538.0
586389.0,0.0,-2.89,-0.0,0.0,0.0,0.0,-1.0,0.0,0.0,128.0,532.0
586429.0,0.0,-2.89,-0.0,0.0,0.0,0.0,-1.0,0.0,0.0,128.0,526.0
586469.0,0.0,-2.89,-0.008,0.0,0.0,0.0,-1.0,0.0,0.0,128.0,526.0
586509.0,0.0,-2.89,-0.0,0.0,0.0,0.0,-1.0,0.0,0.0,128.0,532.0
586549.0,0.0,-2.89,0.02,0.0,0.0,0.0,-1.0,0.0,0.0,128.0,538.0
586590.0,0.0,-2.89,-0.022,0.0,0.0,0.0,-1.0,0.0,0.0,128.0,533.0
586630.0,0.0,-2.89,-0.0,0.0,0.0,0.0,-1.0,0.0,0.0,128.0,532.0
586670.0,0.0,-2.89,-0.016,0.0,0.0,0.0,-1.0,0.0,0.0,128.0,538.0
586710.0,0.0,-2.89,-0.0,0.0,0.0,0.0,-1.0,0.0,0.0,128.0,539.0
586750.0,0.0,-2.89,-0.021,0.0,0.0,0.0,-1.0,0.0,0.0,128.0,527.0
586790.0,0.0,-2.8885,0.341,0.0,0.0,0.0,-1.0,0.0,0.0,128.0,526.0
586830.0,0.0,-2.89,-0.001,0.0,0.0,0.0,-1.0,0.0,0.0,128.0,538.0
586871.0,0.0,-2.89,-0.125,0.0,0.0,0.0,-1.0,0.0,0.0,128.0,532.0
586911.0,0.0,-2.89,-0.0,0.0,0.0,0.0,-1.0,0.0,0.0,128.0,531.0
586952.0,0.0,-2.89,-0.143,0.0,0.0,0.0,-1.0,0.0,0.0,128.0,532.0
586992.0,0.0,-2.89,-0.063,0.0,0.0,0.0,-1.0,0.0,0.0,128.0,533.0
587033.0,0.0,-2.89,-0.072,0.0,0.0,0.0,-1.0,0.0,0.0,128.0,526.0
587073.0,0.0,-2.89,-0.056,0.0,0.0,0.0,-1.0,0.0,0.0,128.0,526.0
587113.0,0.0,-2.89,-0.0,0.0,0.0,0.0,-1.0,0.0,0.0,128.0,532.0
587154.0,0.0,-2.89,-0.0,0.0,0.0,0.0,-1.0,0.0,0.0,128.0,532.0
587194.0,0.0,-2.89,-0.075,0.0,0.0,0.0,-1.0,0.0,0.0,128.0,538.0
587234.0,0.0,-2.89,-0.003,0.0,0.0,0.0,-1.0,0.0,0.0,128.0,539.0
587274.0,0.0,-2.8885,0.264,0.0,0.0,0.0,-1.0,0.0,0.0,128.0,538.0
587315.0,0.0,-2.89,-0.008,0.0,0.0,0.0,-1.0,0.0,0.0,128.0,526.0
587355.0,0.0,-2.89,-0.001,0.0,0.0,0.0,-1.0,0.0,0.0,128.0,532.0
587395.0,0.0,-2.89,-0.0,0.0,0.0,0.0,-1.0,0.0,0.0,128.0,519.0
587435.0,0.0,-2.89,0.019,0.0,0.0,0.0,-1.0,0.0,0.0,128.0,526.0
587475.0,0.0,-2.89,-0.107,0.0,0.0,0.0,-1.0,0.0,0.0,128.0,539.0
587516.0,0.0,-2.8885,0.341,0.0,0.0,0.0,-1.0,0.0,0.0,128.0,527.0
587556.0,0.0,-2.89,-0.068,0.0,0.0,0.0,-1.0,0.0,0.0,128.0,539.0
587596.0,0.0,-2.89,-0.035,0.0,0.0,0.0,-1.0,0.0,0.0,128.0,538.0
587637.0,0.0,-2.89,0.019,0.0,0.0,0.0,-1.0,0.0,0.0,128.0,526.0
587677.0,0.0,-2.89,-0.0,0.0,0.0,0.0,-1.0,0.0,0.0,128.0,525.0
587717.0,0.0,-2.89,-0.075,0.0,0.0,0.0,-1.0,0.0,0.0,128.0,526.0
587757.0,0.0,-2.89,-0.089,0.0,0.0,0.0,-1.0,0.0,0.0,128.0,532.0
587798.0,0.0,-2.89,-0.078,0.0,0.0,0.0,-1.0,0.0,0.0,128.0,539.0
587838.0,0.0,-2.89,-0.0,0.0,0.0,0.0,-1.0,0.0,0.0,128.0,532.0
587879.0,0.0,-2.89,-0.07,0.0,0.0,0.0,-1.0,0.0,0.0,128.0,532.0
587919.0,0.0,-2.89,0.02,0.0,0.0,0.0,-1.0,0.0,0.0,128.0,526.0
587959.0,0.0,-2.89,-0.066,0.0,0.0,0.0,-1.0,0.0,0.0,128.0,526.0
587999.0,0.0,-2.89,-0.001,0.0,0.0,0.0,-1.0,0.0,0.0,128.0,526.0
588039.0,0.0,-2.89,-0.05,0.0,0.0,0.0,-1.0,0.0,0.0,128.0,539.0
588079.0,0.0,-2.8885,0.341,0.0,0.0,0.0,-1.0,0.0,0.0,128.0,539.0
588120.0,0.0,-2.89,-0.021,0.0,0.0,0.0,-1.0,0.0,0.0,128.0,538.0
588160.0,0.0,-2.89,-0.053,0.0,0.0,0.0,-1.0,0.0,0.0,128.0,533.0
588200.0,0.0,-2.89,-0.075,0.0,0.0,0.0,-1.0,0.0,0.0,128.0,532.0
588241.0,0.0,-2.89,-0.002,0.0,0.0,0.0,-1.0,0.0,0.0,128.0,526.0
588281.0,0.0,-2.89,-0.068,0.0,0.0,0.0,-1.0,0.0,0.0,128.0,526.0
588321.0,0.0,-2.8885,0.337,0.0,0.0,0.0,-1.0,0.0,0.0,128.0,533.0
588362.0,0.0,-2.89,-0.0,0.0,0.0,0.0,-1.0,0.0,0.0,128.0,526.0
588402.0,0.0,-2.89,-0.013,0.0,0.0,0.0,-1.0,0.0,0.0,128.0,526.0
588443.0,0.0,-2.89,-0.006,0.0,0.0,0.0,-1.0,0.0,0.0,128.0,526.0
588483.0,0.0,-2.89,-0.071,0.0,0.0,0.0,-1.0,0.0,0.0,128.0,538.0
588523.0,0.0,-2.8885,0.29,0.0,0.0,0.0,-1.0,0.0,0.0,128.0,538.0
588564.0,0.0,-2.89,0.012,0.0,0.0,0.0,-1.0,0.0,0.0,128.0,526.0
588604.0,0.0,-2.8885,0.256,0.0,0.0,0.0,-1.0,0.0,0.0,128.0,526.0
588644.0,0.0,-2.89,-0.047,0.0,0.0,0.0,-1.0,0.0,0.0,128.0,539.0
588684.0,0.0,-2.89,-0.013,0.0,0.0,0.0,-1.0,0.0,0.0,128.0,526.0
588724.0,0.0,-2.89,-0.0,0.0,0.0,0.0,-1.0,0.0,0.0,128.0,532.0
588764.0,0.0,-2.89,-0.032,0.0,0.0,0.0,-1.0,0.0,0.0,128.0,538.0
588805.0,0.0,-2.89,-0.021,0.0,0.0,0.0,-1.0,0.0,0.0,128.0,539.0
588845.0,0.0,-2.89,-0.033,0.0,0.0,0.0,-1.0,0.0,0.0,128.0,539.0
588885.0,0.0,-2.89,-0.134,0.0,0.0,0.0,-1.0,0.0,0.0,128.0,533.0
588926.0,0.0,-2.89,-0.084,0.0,0.0,0.0,-1.0,0.0,0.0,128.0,526.0
588966.0,0.0,-2.89,-0.069,0.0,0.0,0.0,-1.0,0.0,0.0,128.0,532.0
589006.0,0.0,-2.89,0.02,0.0,0.0,0.0,-1.0,0.0,0.0,128.0,526.0
589047.0,0.0,-2.89,-0.0,0.0,0.0,0.0,-1.0,0.0,0.0,128.0,520.0
589087.0,0.0,-2.89,-0.086,0.0,0.0,0.0,-1.0,0.0,0.0,128.0,527.0
589127.0,0.0,-2.89,-0.0,0.0,0.0,0.0,-1.0,0.0,0.0,128.0,532.0
589167.0,0.0,-2.89,-0.0,0.0,0.0,0.0,-1.0,0.0,0.0,128.0,538.0
589207.0,0.0,-2.89,-0.008,0.0,0.0,0.0,-1.0,0.0,0.0,128.0,527.0
589247.0,0.0,-2.89,-0.089,0.0,0.0,0.0,-1.0,0.0,0.0,128.0,533.0
589287.0,0.0,-2.89,-0.09,0.0,0.0,0.0,-1.0,0.0,0.0,128.0,532.0
589327.0,0.0,-2.89,-0.133,0.0,0.0,0.0,-1.0,0.0,0.0,128.0,539.0
589368.0,0.0,-2.89,-0.049,0.0,0.0,0.0,-1.0,0.0,0.0,128.0,532.0
589408.0,0.0,-2.89,-0.118,0.0,0.0,0.0,-1.0,0.0,0.0,128.0,526.0
589448.0,0.0,-2.89,0.017,0.0,0.0,0.0,-1.0,0.0,0.0,128.0,532.0
589488.0,0.0,-2.89,-0.0,0.0,0.0,0.0,-1.0,0.0,0.0,128.0,533.0
589529.0,0.0,-2.89,-0.197,0.0,0.0,0.0,-1.0,0.0,0.0,128.0,527.0
589569.0,0.0,-2.8885,0.34,0.0,0.0,0.0,-1.0,0.0,0.0,128.0,526.0
589609.0,0.0,-2.89,0.017,0.0,0.0,0.0,-1.0,0.0,0.0,128.0,532.0
589650.0,0.0,-2.8885,0.338,0.0,0.0,0.0,-1.0,0.0,0.0,128.0,526.0
589690.0,0.0,-2.89,-0.0,0.0,0.0,0.0,-1.0,0.0,0.0,128.0,531.0
589730.0,0.0,-2.89,-0.0,0.0,0.0,0.0,-1.0,0.0,0.0,128.0,526.0
589770.0,0.0,-2.89,-0.0,0.0,0.0,0.0,-1.0,0.0,0.0,128.0,538.0
589810.0,0.0,-2.89,-0.123,0.0,0.0,0.0,-1.0,0.0,0.0,128.0,538.0
589851.0,0.0,-2.89,-0.032,0.0,0.0,0.0,-1.0,0.0,0.0,128.0,538.0
589891.0,0.0,-2.89,-0.105,0.0,0.0,0.0,-1.0,0.0,0.0,128.0,526.0
589931.0,0.0,-2.89,-0.0,0.0,0.0,0.0,-1.0,0.0,0.0,128.0,531.0
589972.0,0.0,-2.89,-0.0,0.0,0.0,0.0,-1.0,0.0,0.0,128.0,525.0
590012.0,0.0,-2.89,-0.23,0.0,0.0,0.0,-1.0,0.0,0.0,128.0,538.0
590052.0,0.0,-2.89,-0.01,0.0,0.0,0.0,-1.0,0.0,0.0,128.0,527.0
590092.0,0.0,-2.89,0.019,0.0,0.0,0.0,-1.0,0.0,0.0,128.0,532.0
590132.0,0.0,-2.89,-0.0,0.0,0.0,0.0,-1.0,0.0,0.0,128.0,526.0
590173.0,0.0,-2.89,-0.0,0.0,0.0,0.0,-1.0,0.0,0.0,128.0,531.0
590213.0,0.0,-2.89,-0.008,0.0,0.0,0.0,-1.0,0.0,0.0,128.0,526.0
590253.0,0.0,-2.89,-0.075,0.0,0.0,0.0,-1.0,0.0,0.0,128.0,532.0
590294.0,0.0,-2.89,-0.014,0.0,0.0,0.0,-1.0,0.0,0.0,128.0,527.0
590334.0,0.0,-2.89,-0.0,0.0,0.0,0.0,-1.0,0.0,0.0,128.0,531.0
590374.0,0.0,-2.89,-0.04,0.0,0.0,0.0,-1.0,0.0,0.0,128.0,527.0
590414.0,0.0,-2.89,-0.0,0.0,0.0,0.0,-1.0,0.0,0.0,128.0,532.0
590455.0,0.0,-2.89,-0.151,0.0,0.0,0.0,-1.0,0.0,0.0,128.0,539.0
590495.0,0.0,-2.89,-0.081,0.0,0.0,0.0,-1.0,0.0,0.0,128.0,526.0
590535.0,0.0,-2.89,-0.003,0.0,0.0,0.0,-1.0,0.0,0.0,128.0,538.0
590576.0,0.0,-2.89,-0.0,0.0,0.0,0.0,-1.0,0.0,0.0,128.0,525.0
590616.0,0.0,-2.89,-0.001,0.0,0.0,0.0,-1.0,0.0,0.0,128.0,526.0
590656.0,0.0,-2.89,-0.0,0.0,0.0,0.0,-1.0,0.0,0.0,128.0,531.0
590696.0,0.0,-2.8885,0.328,0.0,0.0,0.0,-1.0,0.0,0.0,128.0,538.0
590737.0,0.0,-2.89,-0.0,0.0,0.0,0.0,-1.0,0.0,0.0,128.0,538.0
590777.0,0.0,-2.89,-0.0,0.0,0.0,0.0,-1.0,0.0,0.0,128.0,532.0
590818.0,0.0,-2.89,-0.0,0.0,0.0,0.0,-1.0,0.0,0.0,128.0,525.0
590858.0,0.0,-2.8885,0.34,0.0,0.0,0.0,-1.0,0.0,0.0,128.0,526.0
590899.0,0.0,-2.89,-0.0,0.0,0.0,0.0,-1.0,0.0,0.0,128.0,525.0
590939.0,0.0,-2.89,-0.05,0.0,0.0,0.0,-1.0,0.0,0.0,128.0,526.0
590979.0,0.0,-2.89,-0.087,0.0,0.0,0.0,-1.0,0.0,0.0,128.0,533.0
591019.0,0.0,-2.89,-0.084,0.0,0.0,0.0,-1.0,0.0,0.0,128.0,538.0
591059.0,0.0,-2.89,-0.0,0.0,0.0,0.0,-1.0,0.0,0.0,128.0,532.0
591099.0,0.0,-2.89,-0.077,0.0,0.0,0.0,-1.0,0.0,0.0,128.0,533.0
591140.0,0.0,-2.89,-0.066,0.0,0.0,0.0,-1.0,0.0,0.0,128.0,538.0
591180.0,0.0,-2.89,-0.0,0.0,0.0,0.0,-1.0,0.0,0.0,128.0,532.0
591221.0,0.0,-2.89,-0.084,0.0,0.0,0.0,-1.0,0.0,0.0,128.0,526.0
591261.0,0.0,-2.89,-0.0,0.0,0.0,0.0,-1.0,0.0,0.0,128.0,526.0
591301.0,0.0,-2.89,-0.002,0.0,0.0,0.0,-1.0,0.0,0.0,128.0,533.0
591341.0,0.0,-2.89,-0.001,0.0,0.0,0.0,-1.0,0.0,0.0,128.0,526.0
591381.0,0.0,-2.89,-0.0,0.0,0.0,0.0,-1.0,0.0,0.0,128.0,531.0
591422.0,0.0,-2.89,-0.013,0.0,0.0,0.0,-1.0,0.0,0.0,128.0,532.0
591462.0,0.0,-2.89,-0.0,0.0,0.0,0.0,-1.0,0.0,0.0,128.0,525.0
591502.0,0.0,-2.89,0.02,0.0,0.0,0.0,-1.0,0.0,0.0,128.0,527.0
591542.0,0.0,-2.8885,0.291,0.0,0.0,0.0,-1.0,0.0,0.0,128.0,532.0
591583.0,0.0,-2.89,-0.001,0.0,0.0,0.0,-1.0,0.0,0.0,128.0,538.0
591623.0,0.0,-2.8885,0.341,0.0,0.0,0.0,-1.0,0.0,0.0,128.0,526.0
591664.0,0.0,-2.89,-0.0,0.0,0.0,0.0,-1.0,0.0,0.0,128.0,531.0
591704.0,0.0,-2.89,-0.107,0.0,0.0,0.0,-1.0,0.0,0.0,128.0,539.0
591744.0,0.0,-2.8885,0.336,0.0,0.0,0.0,-1.0,0.0,0.0,128.0,533.0
591785.0,0.0,-2.89,-0.049,0.0,0.0,0.0,-1.0,0.0,0.0,128.0,532.0
591825.0,0.0,-2.89,-0.013,0.0,0.0,0.0,-1.0,0.0,0.0,128.0,532.0
591865.0,0.0,-2.89,-0.0,0.0,0.0,0.0,-1.0,0.0,0.0,128.0,532.0
591906.0,0.0,-2.89,-0.002,0.0,0.0,0.0,-1.0,0.0,0.0,128.0,527.0
591946.0,0.0,-2.89,-0.0,0.0,0.0,0.0,-1.0,0.0,0.0,128.0,532.0
591986.0,0.0,-2.89,-0.095,0.0,0.0,0.0,-1.0,0.0,0.0,128.0,539.0
592026.0,0.0,-2.89,-0.083,0.0,0.0,0.0,-1.0,0.0,0.0,128.0,538.0
592066.0,0.0,-2.89,-0.063,0.0,0.0,0.0,-1.0,0.0,0.0,128.0,532.0
592107.0,0.0,-2.89,-0.161,0.0,0.0,0.0,-1.0,0.0,0.0,128.0,531.0
592147.0,0.0,-2.89,0.005,0.0,0.0,0.0,-1.0,0.0,0.0,128.0,526.0
592187.0,0.0,-2.89,-0.075,0.0,0.0,0.0,-1.0,0.0,0.0,128.0,526.0
592227.0,0.0,-2.89,-0.002,0.0,0.0,0.0,-1.0,0.0,0.0,128.0,527.0
592267.0,0.0,-2.89,-0.005,0.0,0.0,0.0,-1.0,0.0,0.0,128.0,527.0
592307.0,0.0,-2.89,-0.013,0.0,0.0,0.0,-1.0,0.0,0.0,128.0,538.0
592347.0,0.0,-2.89,-0.001,0.0,0.0,0.0,-1.0,0.0,0.0,128.0,539.0
592388.0,0.0,-2.8885,0.336,0.0,0.0,0.0,-1.0,0.0,0.0,128.0,526.0
592428.0,0.0,-2.89,0.02,0.0,0.0,0.0,-1.0,0.0,0.0,128.0,532.0
592468.0,0.0,-2.89,-0.053,0.0,0.0,0.0,-1.0,0.0,0.0,128.0,539.0
592508.0,0.0,-2.89,-0.001,0.0,0.0,0.0,-1.0,0.0,0.0,128.0,533.0
592549.0,0.0,-2.89,-0.0,0.0,0.0,0.0,-1.0,0.0,0.0,128.0,538.0
592589.0,0.0,-2.89,-0.05,0.0,0.0,0.0,-1.0,0.0,0.0,128.0,532.0
592629.0,0.0,-2.8885,0.34,0.0,0.0,0.0,-1.0,0.0,0.0,128.0,532.0
592670.0,0.0,-2.89,-0.075,0.0,0.0,0.0,-1.0,0.0,0.0,128.0,532.0
592710.0,0.0,-2.89,-0.068,0.0,0.0,0.0,-1.0,0.0,0.0,128.0,538.0
592751.0,0.0,-2.89,-0.049,0.0,0.0,0.0,-1.0,0.0,0.0,128.0,539.0
592791.0,0.0,-2.89,-0.0,0.0,0.0,0.0,-1.0,0.0,0.0,128.0,526.0
592831.0,0.0,-2.8885,0.341,0.0,0.0,0.0,-1.0,0.0,0.0,128.0,532.0
592872.0,0.0,-2.8885,0.315,0.0,0.0,0.0,-1.0,0.0,0.0,128.0,532.0
592912.0,0.0,-2.89,-0.0,0.0,0.0,0.0,-1.0,0.0,0.0,128.0,527.0
592953.0,0.0,-2.89,-0.096,0.0,0.0,0.0,-1.0,0.0,0.0,128.0,526.0
592993.0,0.0,-2.89,-0.0,0.0,0.0,0.0,-1.0,0.0,0.0,128.0,526.0
593033.0,0.0,-2.89,-0.013,0.0,0.0,0.0,-1.0,0.0,0.0,128.0,532.0
593073.0,0.0,-2.89,-0.021,0.0,0.0,0.0,-1.0,0.0,0.0,128.0,533.0
593114.0,0.0,-2.89,-0.0,0.0,0.0,0.0,-1.0,0.0,0.0,128.0,519.0
593154.0,0.0,-2.89,-0.002,0.0,0.0,0.0,-1.0,0.0,0.0,128.0,538.0
593194.0,0.0,-2.89,-0.032,0.0,0.0,0.0,-1.0,0.0,0.0,128.0,526.0
593234.0,0.0,-2.89,-0.003,0.0,0.0,0.0,-1.0,0.0,0.0,128.0,526.0
593274.0,0.0,-2.89,-0.068,0.0,0.0,0.0,-1.0,0.0,0.0,128.0,526.0
593314.0,0.0,-2.89,-0.075,0.0,0.0,0.0,-1.0,0.0,0.0,128.0,526.0
593354.0,0.0,-2.89,-0.0,0.0,0.0,0.0,-1.0,0.0,0.0,128.0,526.0
593394.0,0.0,-2.89,-0.003,0.0,0.0,0.0,-1.0,0.0,0.0,128.0,527.0
593434.0,0.0,-2.89,0.019,0.0,0.0,0.0,-1.0,0.0,0.0,128.0,532.0
593474.0,0.0,-2.89,-0.001,0.0,0.0,0.0,-1.0,0.0,0.0,128.0,532.0
593514.0,0.0,-2.89,-0.0,0.0,0.0,0.0,-1.0,0.0,0.0,128.0,538.0
593555.0,0.0,-2.89,-0.013,0.0,0.0,0.0,-1.0,0.0,0.0,128.0,538.0
593595.0,0.0,-2.89,-0.008,0.0,0.0,0.0,-1.0,0.0,0.0,128.0,538.0
593636.0,0.0,-2.89,-0.0,0.0,0.0,0.0,-1.0,0.0,0.0,128.0,533.0
593676.0,0.0,-2.89,-0.049,0.0,0.0,0.0,-1.0,0.0,0.0,128.0,526.0
593716.0,0.0,-2.89,-0.079,0.0,0.0,0.0,-1.0,0.0,0.0,128.0,526.0
593756.0,0.0,-2.89,-0.001,0.0,0.0,0.0,-1.0,0.0,0.0,128.0,527.0
593797.0,0.0,-2.89,-0.056,0.0,0.0,0.0,-1.0,0.0,0.0,128.0,526.0
593837.0,0.0,-2.89,-0.0,0.0,0.0,0.0,-1.0,0.0,0.0,128.0,519.0
593877.0,0.0,-2.89,-0.0,0.0,0.0,0.0,-1.0,0.0,0.0,128.0,531.0
593918.0,0.0,-2.89,-0.013,0.0,0.0,0.0,-1.0,0.0,0.0,128.0,538.0
593958.0,0.0,-2.89,-0.0,0.0,0.0,0.0,-1.0,0.0,0.0,128.0,533.0
593999.0,0.0,-2.89,-0.022,0.0,0.0,0.0,-1.0,0.0,0.0,128.0,527.0
594039.0,0.0,-2.89,-0.001,0.0,0.0,0.0,-1.0,0.0,0.0,128.0,538.0
594079.0,0.0,-2.89,-0.001,0.0,0.0,0.0,-1.0,0.0,0.0,128.0,526.0
594119.0,0.0,-2.89,-0.068,0.0,0.0,0.0,-1.0,0.0,0.0,128.0,539.0
594160.0,0.0,-2.89,-0.084,0.0,0.0,0.0,-1.0,0.0,0.0,128.0,526.0
594200.0,0.0,-2.89,-0.049,0.0,0.0,0.0,-1.0,0.0,0.0,128.0,526.0
594240.0,0.0,-2.89,-0.023,0.0,0.0,0.0,-1.0,0.0,0.0,128.0,538.0
594281.0,0.0,-2.8885,0.338,0.0,0.0,0.0,-1.0,0.0,0.0,128.0,532.0
594321.0,0.0,-2.89,-0.005,0.0,0.0,0.0,-1.0,0.0,0.0,128.0,526.0
594361.0,0.0,-2.89,-0.037,0.0,0.0,0.0,-1.0,0.0,0.0,128.0,538.0
594402.0,0.0,-2.89,-0.0,0.0,0.0,0.0,-1.0,0.0,0.0,128.0,532.0
594442.0,0.0,-2.89,-0.014,0.0,0.0,0.0,-1.0,0.0,0.0,128.0,539.0
594482.0,0.0,-2.89,-0.124,0.0,0.0,0.0,-1.0,0.0,0.0,128.0,532.0
594523.0,0.0,-2.8885,0.338,0.0,0.0,0.0,-1.0,0.0,0.0,128.0,526.0
594563.0,0.0,-2.89,-0.053,0.0,0.0,0.0,-1.0,0.0,0.0,128.0,533.0
594603.0,0.0,-2.89,0.012,0.0,0.0,0.0,-1.0,0.0,0.0,128.0,526.0
594643.0,0.0,-2.89,-0.021,0.0,0.0,0.0,-1.0,0.0,0.0,128.0,538.0
594684.0,0.0,-2.89,-0.0,0.0,0.0,0.0,-1.0,0.0,0.0,128.0,527.0
594724.0,0.0,-2.89,-0.043,0.0,0.0,0.0,-1.0,0.0,0.0,128.0,538.0
594764.0,0.0,-2.8885,0.34,0.0,0.0,0.0,-1.0,0.0,0.0,128.0,526.0
594805.0,0.0,-2.89,-0.001,0.0,0.0,0.0,-1.0,0.0,0.0,128.0,526.0
594845.0,0.0,-2.89,-0.068,0.0,0.0,0.0,-1.0,0.0,0.0,128.0,527.0
594885.0,0.0,-2.8885,0.32,0.0,0.0,0.0,-1.0,0.0,0.0,128.0,533.0
594925.0,0.0,-2.89,-0.013,0.0,0.0,0.0,-1.0,0.0,0.0,128.0,533.0
594966.0,0.0,-2.89,-0.228,0.0,0.0,0.0,-1.0,0.0,0.0,128.0,532.0
595006.0,0.0,-2.89,-0.021,0.0,0.0,0.0,-1.0,0.0,0.0,128.0,526.0
595046.0,0.0,-2.89,-0.0,0.0,0.0,0.0,-1.0,0.0,0.0,128.0,532.0
595086.0,0.0,-2.8885,0.292,0.0,0.0,0.0,-1.0,0.0,0.0,128.0,533.0
595127.0,0.0,-2.89,-0.095,0.0,0.0,0.0,-1.0,0.0,0.0,128.0,532.0
595167.0,0.0,-2.8885,0.292,0.0,0.0,0.0,-1.0,0.0,0.0,128.0,526.0
595208.0,0.0,-2.89,-0.002,0.0,0.0,0.0,-1.0,0.0,0.0,128.0,526.0
595248.0,0.0,-2.89,-0.021,0.0,0.0,0.0,-1.0,0.0,0.0,128.0,538.0
595288.0,0.0,-2.89,-0.082,0.0,0.0,0.0,-1.0,0.0,0.0,128.0,527.0
595328.0,0.0,-2.89,-0.033,0.0,0.0,0.0,-1.0,0.0,0.0,128.0,532.0
595369.0,0.0,-2.89,-0.0,0.0,0.0,0.0,-1.0,0.0,0.0,128.0,526.0
595409.0,0.0,-2.89,-0.115,0.0,0.0,0.0,-1.0,0.0,0.0,128.0,538.0
595449.0,0.0,-2.89,-0.001,0.0,0.0,0.0,-1.0,0.0,0.0,128.0,526.0
595489.0,0.0,-2.89,-0.084,0.0,0.0,0.0,-1.0,0.0,0.0,128.0,539.0
595530.0,0.0,-2.89,-0.041,0.0,0.0,0.0,-1.0,0.0,0.0,128.0,533.0
595570.0,0.0,-2.89,-0.0,0.0,0.0,0.0,-1.0,0.0,0.0,128.0,526.0
595611.0,0.0,-2.89,-0.0,0.0,0.0,0.0,-1.0,0.0,0.0,128.0,520.0
595651.0,0.0,-2.89,-0.0,0.0,0.0,0.0,-1.0,0.0,0.0,128.0,526.0
595691.0,0.0,-2.89,-0.004,0.0,0.0,0.0,-1.0,0.0,0.0,128.0,527.0
595731.0,0.0,-2.89,-0.0,0.0,0.0,0.0,-1.0,0.0,0.0,128.0,533.0
595771.0,0.0,-2.89,-0.124,0.0,0.0,0.0,-1.0,0.0,0.0,128.0,527.0
595811.0,0.0,-2.89,-0.0,0.0,0.0,0.0,-1.0,0.0,0.0,128.0,531.0
595851.0,0.0,-2.89,-0.0,0.0,0.0,0.0,-1.0,0.0,0.0,128.0,525.0
595892.0,0.0,-2.89,-0.0,0.0,0.0,0.0,-1.0,0.0,0.0,128.0,525.0
595932.0,0.0,-2.8885,0.276,0.0,0.0,0.0,-1.0,0.0,0.0,128.0,526.0
595972.0,0.0,-2.89,-0.04,0.0,0.0,0.0,-1.0,0.0,0.0,128.0,538.0
596013.0,0.0,-2.89,-0.0,0.0,0.0,0.0,-1.0,0.0,0.0,128.0,519.0
596053.0,0.0,-2.89,-0.049,0.0,0.0,0.0,-1.0,0.0,0.0,128.0,526.0
596093.0,0.0,-2.89,-0.032,0.0,0.0,0.0,-1.0,0.0,0.0,128.0,527.0
596133.0,0.0,-2.8885,0.336,0.0,0.0,0.0,-1.0,0.0,0.0,128.0,526.0
596173.0,0.0,-2.89,-0.095,0.0,0.0,0.0,-1.0,0.0,0.0,128.0,538.0
596214.0,0.0,-2.89,-0.001,0.0,0.0,0.0,-1.0,0.0,0.0,128.0,539.0
596254.0,0.0,-2.89,-0.001,0.0,0.0,0.0,-1.0,0.0,0.0,128.0,527.0
596294.0,0.0,-2.89,-0.082,0.0,0.0,0.0,-1.0,0.0,0.0,128.0,539.0
596335.0,0.0,-2.89,-0.0,0.0,0.0,0.0,-1.0,0.0,0.0,128.0,525.0
596375.0,0.0,-2.89,-0.054,0.0,0.0,0.0,-1.0,0.0,0.0,128.0,539.0
596415.0,0.0,-2.89,-0.001,0.0,0.0,0.0,-1.0,0.0,0.0,128.0,539.0
596456.0,0.0,-2.89,-0.0,0.0,0.0,0.0,-1.0,0.0,0.0,128.0,525.0
596496.0,0.0,-2.89,-0.021,0.0,0.0,0.0,-1.0,0.0,0.0,128.0,527.0
596536.0,0.0,-2.89,-0.001,0.0,0.0,0.0,-1.0,0.0,0.0,128.0,526.0
596576.0,0.0,-2.8885,0.34,0.0,0.0,0.0,-1.0,0.0,0.0,128.0,526.0
596617.0,0.0,-2.8885,0.308,0.0,0.0,0.0,-1.0,0.0,0.0,128.0,539.0
596657.0,0.0,-2.89,-0.133,0.0,0.0,0.0,-1.0,0.0,0.0,128.0,526.0
596697.0,0.0,-2.89,-0.0,0.0,0.0,0.0,-1.0,0.0,0.0,128.0,526.0
596737.0,0.0,-2.89,-0.0,0.0,0.0,0.0,-1.0,0.0,0.0,128.0,532.0
596777.0,0.0,-2.89,-0.001,0.0,0.0,0.0,-1.0,0.0,0.0,128.0,539.0
596818.0,0.0,-2.89,-0.049,0.0,0.0,0.0,-1.0,0.0,0.0,128.0,526.0
596858.0,0.0,-2.89,-0.008,0.0,0.0,0.0,-1.0,0.0,0.0,128.0,526.0
596898.0,0.0,-2.89,-0.076,0.0,0.0,0.0,-1.0,0.0,0.0,128.0,527.0
596939.0,0.0,-2.89,-0.0,0.0,0.0,0.0,-1.0,0.0,0.0,128.0,525.0
596979.0,0.0,-2.89,-0.068,0.0,0.0,0.0,-1.0,0.0,0.0,128.0,526.0
597019.0,0.0,-2.89,-0.05,0.0,0.0,0.0,-1.0,0.0,0.0,128.0,532.0
597059.0,0.0,-2.89,-0.001,0.0,0.0,0.0,-1.0,0.0,0.0,128.0,526.0
597099.0,0.0,-2.89,-0.096,0.0,0.0,0.0,-1.0,0.0,0.0,128.0,526.0
597139.0,0.0,-2.8885,0.341,0.0,0.0,0.0,-1.0,0.0,0.0,128.0,532.0
597180.0,0.0,-2.89,-0.032,0.0,0.0,0.0,-1.0,0.0,0.0,128.0,538.0
597220.0,0.0,-2.8885,0.333,0.0,0.0,0.0,-1.0,0.0,0.0,128.0,532.0
597261.0,0.0,-2.89,-0.008,0.0,0.0,0.0,-1.0,0.0,0.0,128.0,526.0
597301.0,0.0,-2.89,-0.0,0.0,0.0,0.0,-1.0,0.0,0.0,128.0,525.0
597341.0,0.0,-2.8885,0.341,0.0,0.0,0.0,-1.0,0.0,0.0,128.0,526.0
597381.0,0.0,-2.89,-0.021,0.0,0.0,0.0,-1.0,0.0,0.0,128.0,532.0
597422.0,0.0,-2.89,-0.008,0.0,0.0,0.0,-1.0,0.0,0.0,128.0,526.0
597462.0,0.0,-2.89,-0.103,0.0,0.0,0.0,-1.0,0.0,0.0,128.0,526.0
597502.0,0.0,-2.89,-0.075,0.0,0.0,0.0,-1.0,0.0,0.0,128.0,526.0
597542.0,0.0,-2.89,-0.041,0.0,0.0,0.0,-1.0,0.0,0.0,128.0,533.0
597583.0,0.0,-2.89,-0.075,0.0,0.0,0.0,-1.0,0.0,0.0,128.0,526.0
597623.0,0.0,-2.89,-0.035,0.0,0.0,0.0,-1.0,0.0,0.0,128.0,526.0
597663.0,0.0,-2.89,-0.032,0.0,0.0,0.0,-1.0,0.0,0.0,128.0,526.0
597703.0,0.0,-2.89,-0.005,0.0,0.0,0.0,-1.0,0.0,0.0,128.0,532.0
597743.0,0.0,-2.89,-0.004,0.0,0.0,0.0,-1.0,0.0,0.0,128.0,538.0
597784.0,0.0,-2.89,-0.0,0.0,0.0,0.0,-1.0,0.0,0.0,128.0,539.0
597824.0,0.0,-2.89,-0.085,0.0,0.0,0.0,-1.0,0.0,0.0,128.0,538.0
597864.0,0.0,-2.8885,0.32,0.0,0.0,0.0,-1.0,0.0,0.0,128.0,526.0
597904.0,0.0,-2.89,-0.117,0.0,0.0,0.0,-1.0,0.0,0.0,128.0,539.0
597945.0,0.0,-2.89,-0.008,0.0,0.0,0.0,-1.0,0.0,0.0,128.0,539.0
597985.0,0.0,-2.89,-0.036,0.0,0.0,0.0,-1.0,0.0,0.0,128.0,526.0
598025.0,0.0,-2.89,0.015,0.0,0.0,0.0,-1.0,0.0,0.0,128.0,526.0
598065.0,0.0,-2.89,-0.0,0.0,0.0,0.0,-1.0,0.0,0.0,128.0,526.0
598105.0,0.0,-2.89,-0.002,0.0,0.0,0.0,-1.0,0.0,0.0,128.0,532.0
598145.0,0.0,-2.89,-0.085,0.0,0.0,0.0,-1.0,0.0,0.0,128.0,532.0
598186.0,0.0,-2.89,-0.0,0.0,0.0,0.0,-1.0,0.0,0.0,128.0,520.0
598226.0,0.0,-2.89,-0.002,0.0,0.0,0.0,-1.0,0.0,0.0,128.0,533.0
598266.0,0.0,-2.89,-0.032,0.0,0.0,0.0,-1.0,0.0,0.0,128.0,526.0
598306.0,0.0,-2.89,-0.04,0.0,0.0,0.0,-1.0,0.0,0.0,128.0,526.0
598346.0,0.0,-2.89,-0.003,0.0,0.0,0.0,-1.0,0.0,0.0,128.0,538.0
598387.0,0.0,-2.89,-0.053,0.0,0.0,0.0,-1.0,0.0,0.0,128.0,526.0
598427.0,0.0,-2.89,-0.001,0.0,0.0,0.0,-1.0,0.0,0.0,128.0,527.0
598467.0,0.0,-2.89,0.019,0.0,0.0,0.0,-1.0,0.0,0.0,128.0,526.0
598507.0,0.0,-2.89,-0.053,0.0,0.0,0.0,-1.0,0.0,0.0,128.0,526.0
598547.0,0.0,-2.89,-0.032,0.0,0.0,0.0,-1.0,0.0,0.0,128.0,532.0
598588.0,0.0,-2.89,-0.013,0.0,0.0,0.0,-1.0,0.0,0.0,128.0,538.0
598628.0,0.0,-2.89,-0.134,0.0,0.0,0.0,-1.0,0.0,0.0,128.0,538.0
598669.0,0.0,-2.8885,0.245,0.0,0.0,0.0,-1.0,0.0,0.0,128.0,532.0
598709.0,0.0,-2.89,-0.0,0.0,0.0,0.0,-1.0,0.0,0.0,128.0,520.0
598749.0,0.0,-2.89,-0.032,0.0,0.0,0.0,-1.0,0.0,0.0,128.0,526.0
598789.0,0.0,-2.8885,0.36,0.0,0.0,0.0,-1.0,0.0,0.0,128.0,526.0
598830.0,0.0,-2.89,-0.002,0.0,0.0,0.0,-1.0,0.0,0.0,128.0,527.0
598870.0,0.0,-2.89,-0.008,0.0,0.0,0.0,-1.0,0.0,0.0,128.0,526.0
598910.0,0.0,-2.89,-0.021,0.0,0.0,0.0,-1.0,0.0,0.0,128.0,539.0
598951.0,0.0,-2.89,-0.001,0.0,0.0,0.0,-1.0,0.0,0.0,128.0,533.0
598991.0,0.0,-2.89,-0.033,0.0,0.0,0.0,-1.0,0.0,0.0,128.0,533.0
599031.0,0.0,-2.89,-0.0,0.0,0.0,0.0,-1.0,0.0,0.0,128.0,531.0
599071.0,0.0,-2.89,-0.002,0.0,0.0,0.0,-1.0,0.0,0.0,128.0,526.0
599111.0,0.0,-2.89,-0.073,0.0,0.0,0.0,-1.0,0.0,0.0,128.0,532.0
599152.0,0.0,-2.89,-0.069,0.0,0.0,0.0,-1.0,0.0,0.0,128.0,526.0
599192.0,0.0,-2.89,-0.001,0.0,0.0,0.0,-1.0,0.0,0.0,128.0,527.0
599232.0,0.0,-2.89,-0.0,0.0,0.0,0.0,-1.0,0.0,0.0,128.0,526.0
599272.0,0.0,-2.89,-0.014,0.0,0.0,0.0,-1.0,0.0,0.0,128.0,526.0
599312.0,0.0,-2.89,-0.001,0.0,0.0,0.0,-1.0,0.0,0.0,128.0,527.0
599352.0,0.0,-2.89,-0.001,0.0,0.0,0.0,-1.0,0.0,0.0,128.0,527.0
599393.0,0.0,-2.89,-0.084,0.0,0.0,0.0,-1.0,0.0,0.0,128.0,526.0
599433.0,0.0,-2.89,-0.037,0.0,0.0,0.0,-1.0,0.0,0.0,128.0,526.0
599473.0,0.0,-2.89,-0.004,0.0,0.0,0.0,-1.0,0.0,0.0,128.0,538.0
599513.0,0.0,-2.89,-0.013,0.0,0.0,0.0,-1.0,0.0,0.0,128.0,538.0
599554.0,0.0,-2.89,-0.068,0.0,0.0,0.0,-1.0,0.0,0.0,128.0,539.0
599594.0,0.0,-2.8885,0.312,0.0,0.0,0.0,-1.0,0.0,0.0,128.0,533.0
599634.0,0.0,-2.89,-0.061,0.0,0.0,0.0,-1.0,0.0,0.0,128.0,539.0
599675.0,0.0,-2.8885,0.341,0.0,0.0,0.0,-1.0,0.0,0.0,128.0,538.0
599715.0,0.0,-2.89,-0.0,0.0,0.0,0.0,-1.0,0.0,0.0,128.0,527.0
599755.0,0.0,-2.89,-0.119,0.0,0.0,0.0,-1.0,0.0,0.0,128.0,538.0
599796.0,0.0,-2.89,-0.005,0.0,0.0,0.0,-1.0,0.0,0.0,128.0,538.0
599836.0,0.0,-2.89,-0.099,0.0,0.0,0.0,-1.0,0.0,0.0,128.0,533.0
599876.0,0.0,-2.89,-0.095,0.0,0.0,0.0,-1.0,0.0,0.0,128.0,532.0
599917.0,0.0,-2.8885,0.34,0.0,0.0,0.0,-1.0,0.0,0.0,128.0,527.0
599957.0,0.0,-2.89,-0.001,0.0,0.0,0.0,-1.0,0.0,0.0,128.0,526.0
599997.0,0.0,-2.89,-0.006,0.0,0.0,0.0,-1.0,0.0,0.0,128.0,539.0
600037.0,0.0,-2.89,-0.075,0.0,0.0,0.0,-1.0,0.0,0.0,128.0,532.0
600078.0,0.0,-2.89,-0.0,0.0,0.0,0.0,-1.0,0.0,0.0,128.0,526.0
600118.0,0.0,-2.89,-0.014,0.0,0.0,0.0,-1.0,0.0,0.0,128.0,539.0
600158.0,0.0,-2.89,-0.085,0.0,0.0,0.0,-1.0,0.0,0.0,128.0,532.0
600198.0,0.0,-2.89,-0.001,0.0,0.0,0.0,-1.0,0.0,0.0,128.0,526.0
600238.0,0.0,-2.89,-0.089,0.0,0.0,0.0,-1.0,0.0,0.0,128.0,526.0
600279.0,0.0,-2.89,-0.049,0.0,0.0,0.0,-1.0,0.0,0.0,128.0,526.0
600319.0,0.0,-2.89,-0.003,0.0,0.0,0.0,-1.0,0.0,0.0,128.0,526.0
600359.0,0.0,-2.89,-0.021,0.0,0.0,0.0,-1.0,0.0,0.0,128.0,538.0
600399.0,0.0,-2.89,-0.075,0.0,0.0,0.0,-1.0,0.0,0.0,128.0,538.0
600440.0,0.0,-2.89,-0.003,0.0,0.0,0.0,-1.0,0.0,0.0,128.0,533.0
600480.0,0.0,-2.89,-0.0,0.0,0.0,0.0,-1.0,0.0,0.0,128.0,538.0
600520.0,0.0,-2.89,-0.008,0.0,0.0,0.0,-1.0,0.0,0.0,128.0,539.0
600561.0,0.0,-2.89,-0.022,0.0,0.0,0.0,-1.0,0.0,0.0,128.0,532.0
600601.0,0.0,-2.89,-0.0,0.0,0.0,0.0,-1.0,0.0,0.0,128.0,519.0
600641.0,0.0,-2.89,-0.068,0.0,0.0,0.0,-1.0,0.0,0.0,128.0,526.0
600681.0,0.0,-2.89,-0.075,0.0,0.0,0.0,-1.0,0.0,0.0,128.0,539.0
600722.0,0.0,-2.89,-0.0,0.0,0.0,0.0,-1.0,0.0,0.0,128.0,525.0
600762.0,0.0,-2.89,-0.068,0.0,0.0,0.0,-1.0,0.0,0.0,128.0,532.0
600802.0,0.0,-2.89,-0.021,0.0,0.0,0.0,-1.0,0.0,0.0,128.0,532.0
600842.0,0.0,-2.8885,0.297,0.0,0.0,0.0,-1.0,0.0,0.0,128.0,539.0
600883.0,0.0,-2.89,-0.0,0.0,0.0,0.0,-1.0,0.0,0.0,128.0,531.0
600923.0,0.0,-2.89,-0.001,0.0,0.0,0.0,-1.0,0.0,0.0,128.0,527.0
600963.0,0.0,-2.89,-0.021,0.0,0.0,0.0,-1.0,0.0,0.0,128.0,539.0
601004.0,0.0,-2.89,-0.005,0.0,0.0,0.0,-1.0,0.0,0.0,128.0,538.0
601044.0,0.0,-2.89,-0.0,0.0,0.0,0.0,-1.0,0.0,0.0,128.0,525.0
601084.0,0.0,-2.89,-0.008,0.0,0.0,0.0,-1.0,0.0,0.0,128.0,539.0
601125.0,0.0,-2.89,-0.049,0.0,0.0,0.0,-1.0,0.0,0.0,128.0,538.0
601165.0,0.0,-2.89,-0.021,0.0,0.0,0.0,-1.0,0.0,0.0,128.0,538.0
601206.0,0.0,-2.89,-0.013,0.0,0.0,0.0,-1.0,0.0,0.0,128.0,539.0
601246.0,0.0,-2.89,-0.116,0.0,0.0,0.0,-1.0,0.0,0.0,128.0,539.0
601287.0,0.0,-2.89,-0.0,0.0,0.0,0.0,-1.0,0.0,0.0,128.0,527.0
601327.0,0.0,-2.89,-0.049,0.0,0.0,0.0,-1.0,0.0,0.0,128.0,532.0
601367.0,0.0,-2.89,0.009,0.0,0.0,0.0,-1.0,0.0,0.0,128.0,538.0
601407.0,0.0,-2.89,-0.085,0.0,0.0,0.0,-1.0,0.0,0.0,128.0,527.0
601447.0,0.0,-2.89,-0.161,0.0,0.0,0.0,-1.0,0.0,0.0,128.0,532.0
601488.0,0.0,-2.89,-0.0,0.0,0.0,0.0,-1.0,0.0,0.0,128.0,538.0
601528.0,0.0,-2.89,-0.001,0.0,0.0,0.0,-1.0,0.0,0.0,128.0,532.0
601569.0,0.0,-2.89,-0.037,0.0,0.0,0.0,-1.0,0.0,0.0,128.0,526.0
601609.0,0.0,-2.89,-0.033,0.0,0.0,0.0,-1.0,0.0,0.0,128.0,538.0
601649.0,0.0,-2.8885,0.266,0.0,0.0,0.0,-1.0,0.0,0.0,128.0,538.0
601689.0,0.0,-2.89,-0.201,0.0,0.0,0.0,-1.0,0.0,0.0,128.0,532.0
601730.0,0.0,-2.89,-0.0,0.0,0.0,0.0,-1.0,0.0,0.0,128.0,538.0
601770.0,0.0,-2.89,-0.185,0.0,0.0,0.0,-1.0,0.0,0.0,128.0,533.0
601810.0,0.0,-2.89,-0.105,0.0,0.0,0.0,-1.0,0.0,0.0,128.0,538.0
601851.0,0.0,-2.89,-0.049,0.0,0.0,0.0,-1.0,0.0,0.0,128.0,527.0
601891.0,0.0,-2.89,-0.0,0.0,0.0,0.0,-1.0,0.0,0.0,128.0,525.0
601931.0,0.0,-2.89,-0.068,0.0,0.0,0.0,-1.0,0.0,0.0,128.0,538.0
601971.0,0.0,-2.89,-0.122,0.0,0.0,0.0,-1.0,0.0,0.0,128.0,527.0
602011.0,0.0,-2.89,-0.084,0.0,0.0,0.0,-1.0,0.0,0.0,128.0,538.0
602051.0,0.0,-2.89,-0.0,0.0,0.0,0.0,-1.0,0.0,0.0,128.0,525.0
602092.0,0.0,-2.8885,0.34,0.0,0.0,0.0,-1.0,0.0,0.0,128.0,538.0
602132.0,0.0,-2.89,-0.005,0.0,0.0,0.0,-1.0,0.0,0.0,128.0,526.0
602172.0,0.0,-2.8885,0.319,0.0,0.0,0.0,-1.0,0.0,0.0,128.0,539.0
602213.0,0.0,-2.89,-0.049,0.0,0.0,0.0,-1.0,0.0,0.0,128.0,532.0
602253.0,0.0,-2.89,-0.032,0.0,0.0,0.0,-1.0,0.0,0.0,128.0,526.0
602293.0,0.0,-2.89,-0.021,0.0,0.0,0.0,-1.0,0.0,0.0,128.0,526.0
602333.0,0.0,-2.89,0.004,0.0,0.0,0.0,-1.0,0.0,0.0,128.0,538.0
602374.0,0.0,-2.89,-0.073,0.0,0.0,0.0,-1.0,0.0,0.0,128.0,527.0
602414.0,0.0,-2.89,-0.032,0.0,0.0,0.0,-1.0,0.0,0.0,128.0,526.0
602454.0,0.0,-2.89,-0.073,0.0,0.0,0.0,-1.0,0.0,0.0,128.0,539.0
602495.0,0.0,-2.89,-0.022,0.0,0.0,0.0,-1.0,0.0,0.0,128.0,539.0
602535.0,0.0,-2.89,0.02,0.0,0.0,0.0,-1.0,0.0,0.0,128.0,526.0
602575.0,0.0,-2.89,-0.04,0.0,0.0,0.0,-1.0,0.0,0.0,128.0,539.0
602616.0,0.0,-2.89,-0.0,0.0,0.0,0.0,-1.0,0.0,0.0,128.0,526.0
602656.0,0.0,-2.89,-0.009,0.0,0.0,0.0,-1.0,0.0,0.0,128.0,526.0
602696.0,0.0,-2.89,-0.0,0.0,0.0,0.0,-1.0,0.0,0.0,128.0,531.0
602736.0,0.0,-2.89,-0.04,0.0,0.0,0.0,-1.0,0.0,0.0,128.0,532.0
602777.0,0.0,-2.89,-0.002,0.0,0.0,0.0,-1.0,0.0,0.0,128.0,526.0
602817.0,0.0,-2.89,-0.049,0.0,0.0,0.0,-1.0,0.0,0.0,128.0,526.0
602857.0,0.0,-2.89,-0.068,0.0,0.0,0.0,-1.0,0.0,0.0,128.0,533.0
602897.0,0.0,-2.89,-0.013,0.0,0.0,0.0,-1.0,0.0,0.0,128.0,533.0
602938.0,0.0,-2.89,-0.003,0.0,0.0,0.0,-1.0,0.0,0.0,128.0,526.0
602978.0,0.0,-2.89,-0.084,0.0,0.0,0.0,-1.0,0.0,0.0,128.0,533.0
603018.0,0.0,-2.89,-0.123,0.0,0.0,0.0,-1.0,0.0,0.0,128.0,532.0
603058.0,0.0,-2.89,-0.126,0.0,0.0,0.0,-1.0,0.0,0.0,128.0,539.0
603098.0,0.0,-2.89,-0.0,0.0,0.0,0.0,-1.0,0.0,0.0,128.0,538.0
603139.0,0.0,-2.8885,0.252,0.0,0.0,0.0,-1.0,0.0,0.0,128.0,531.0
603179.0,0.0,-2.89,-0.021,0.0,0.0,0.0,-1.0,0.0,0.0,128.0,526.0
603219.0,0.0,-2.8885,0.292,0.0,0.0,0.0,-1.0,0.0,0.0,128.0,526.0
603259.0,0.0,-2.89,-0.05,0.0,0.0,0.0,-1.0,0.0,0.0,128.0,539.0
603300.0,0.0,-2.89,0.02,0.0,0.0,0.0,-1.0,0.0,0.0,128.0,526.0
603340.0,0.0,-2.89,-0.003,0.0,0.0,0.0,-1.0,0.0,0.0,128.0,538.0
603380.0,0.0,-2.89,-0.002,0.0,0.0,0.0,-1.0,0.0,0.0,128.0,532.0
603420.0,0.0,-2.8885,0.338,0.0,0.0,0.0,-1.0,0.0,0.0,128.0,538.0
603461.0,0.0,-2.89,-0.001,0.0,0.0,0.0,-1.0,0.0,0.0,128.0,532.0
603501.0,0.0,-2.89,-0.034,0.0,0.0,0.0,-1.0,0.0,0.0,128.0,532.0
603541.0,0.0,-2.89,-0.0,0.0,0.0,0.0,-1.0,0.0,0.0,128.0,526.0
603581.0,0.0,-2.89,-0.0,0.0,0.0,0.0,-1.0,0.0,0.0,128.0,531.0
603621.0,0.0,-2.89,-0.056,0.0,0.0,0.0,-1.0,0.0,0.0,128.0,532.0
603661.0,0.0,-2.8885,0.341,0.0,0.0,0.0,-1.0,0.0,0.0,128.0,532.0
603702.0,0.0,-2.89,-0.0,0.0,0.0,0.0,-1.0,0.0,0.0,128.0,532.0
603742.0,0.0,-2.8885,0.34,0.0,0.0,0.0,-1.0,0.0,0.0,128.0,538.0
603782.0,0.0,-2.89,-0.099,0.0,0.0,0.0,-1.0,0.0,0.0,128.0,526.0
603822.0,0.0,-2.89,-0.021,0.0,0.0,0.0,-1.0,0.0,0.0,128.0,532.0
603863.0,0.0,-2.8885,0.18,0.0,0.0,0.0,-1.0,0.0,0.0,128.0,532.0
603903.0,0.0,-2.89,-0.0,0.0,0.0,0.0,-1.0,0.0,0.0,128.0,526.0
603943.0,0.0,-2.8885,0.328,0.0,0.0,0.0,-1.0,0.0,0.0,128.0,532.0
603983.0,0.0,-2.89,-0.0,0.0,0.0,0.0,-1.0,0.0,0.0,128.0,539.0
604024.0,0.0,-2.89,-0.021,0.0,0.0,0.0,-1.0,0.0,0.0,128.0,527.0
604064.0,0.0,-2.8885,0.336,0.0,0.0,0.0,-1.0,0.0,0.0,128.0,533.0
604104.0,0.0,-2.89,-0.0,0.0,0.0,0.0,-1.0,0.0,0.0,128.0,526.0
604144.0,0.0,-2.89,-0.097,0.0,0.0,0.0,-1.0,0.0,0.0,128.0,538.0
604184.0,0.0,-2.8885,0.338,0.0,0.0,0.0,-1.0,0.0,0.0,128.0,538.0
604225.0,0.0,-2.8885,0.328,0.0,0.0,0.0,-1.0,0.0,0.0,128.0,538.0
604265.0,0.0,-2.89,-0.155,0.0,0.0,0.0,-1.0,0.0,0.0,128.0,533.0
604305.0,0.0,-2.89,-0.068,0.0,0.0,0.0,-1.0,0.0,0.0,128.0,538.0
604346.0,0.0,-2.89,-0.046,0.0,0.0,0.0,-1.0,0.0,0.0,128.0,538.0
604386.0,0.0,-2.89,-0.0,0.0,0.0,0.0,-1.0,0.0,0.0,128.0,531.0
604427.0,0.0,-2.8885,0.292,0.0,0.0,0.0,-1.0,0.0,0.0,128.0,526.0
604467.0,0.0,-2.89,-0.141,0.0,0.0,0.0,-1.0,0.0,0.0,128.0,532.0
604507.0,0.0,-2.89,-0.007,0.0,0.0,0.0,-1.0,0.0,0.0,128.0,538.0
604547.0,0.0,-2.89,-0.0,0.0,0.0,0.0,-1.0,0.0,0.0,128.0,525.0
604588.0,0.0,-2.89,-0.085,0.0,0.0,0.0,-1.0,0.0,0.0,128.0,526.0
604628.0,0.0,-2.89,-0.153,0.0,0.0,0.0,-1.0,0.0,0.0,128.0,532.0
604668.0,0.0,-2.89,-0.0,0.0,0.0,0.0,-1.0,0.0,0.0,128.0,519.0
604708.0,0.0,-2.89,-0.075,0.0,0.0,0.0,-1.0,0.0,0.0,128.0,538.0
604748.0,0.0,-2.89,-0.076,0.0,0.0,0.0,-1.0,0.0,0.0,128.0,539.0
604789.0,0.0,-2.89,-0.068,0.0,0.0,0.0,-1.0,0.0,0.0,128.0,526.0
604829.0,0.0,-2.89,0.017,0.0,0.0,0.0,-1.0,0.0,0.0,128.0,539.0
604869.0,0.0,-2.89,-0.0,0.0,0.0,0.0,-1.0,0.0,0.0,128.0,525.0
604909.0,0.0,-2.89,-0.009,0.0,0.0,0.0,-1.0,0.0,0.0,128.0,538.0
604950.0,0.0,-2.89,0.019,0.0,0.0,0.0,-1.0,0.0,0.0,128.0,527.0
604990.0,0.0,-2.89,-0.0,0.0,0.0,0.0,-1.0,0.0,0.0,128.0,538.0
605030.0,0.0,-2.89,-0.11,0.0,0.0,0.0,-1.0,0.0,0.0,128.0,538.0
605071.0,0.0,-2.89,-0.003,0.0,0.0,0.0,-1.0,0.0,0.0,128.0,538.0
605111.0,0.0,-2.89,-0.017,0.0,0.0,0.0,-1.0,0.0,0.0,128.0,532.0
605151.0,0.0,-2.89,-0.0,0.0,0.0,0.0,-1.0,0.0,0.0,128.0,539.0
605191.0,0.0,-2.8885,0.341,0.0,0.0,0.0,-1.0,0.0,0.0,128.0,532.0
605232.0,0.0,-2.89,-0.086,0.0,0.0,0.0,-1.0,0.0,0.0,128.0,526.0
605272.0,0.0,-2.89,-0.032,0.0,0.0,0.0,-1.0,0.0,0.0,128.0,526.0
605312.0,0.0,-2.89,-0.097,0.0,0.0,0.0,-1.0,0.0,0.0,128.0,526.0
605352.0,0.0,-2.89,-0.075,0.0,0.0,0.0,-1.0,0.0,0.0,128.0,532.0
605393.0,0.0,-2.89,-0.033,0.0,0.0,0.0,-1.0,0.0,0.0,128.0,538.0
605433.0,0.0,-2.89,0.02,0.0,0.0,0.0,-1.0,0.0,0.0,128.0,539.0
605473.0,0.0,-2.89,-0.0,0.0,0.0,0.0,-1.0,0.0,0.0,128.0,527.0
605513.0,0.0,-2.89,-0.001,0.0,0.0,0.0,-1.0,0.0,0.0,128.0,538.0
605553.0,0.0,-2.89,-0.095,0.0,0.0,0.0,-1.0,0.0,0.0,128.0,538.0
605594.0,0.0,-2.89,-0.082,0.0,0.0,0.0,-1.0,0.0,0.0,128.0,538.0
605634.0,0.0,-2.89,-0.008,0.0,0.0,0.0,-1.0,0.0,0.0,128.0,532.0
605675.0,0.0,-2.89,-0.013,0.0,0.0,0.0,-1.0,0.0,0.0,128.0,532.0
605715.0,0.0,-2.89,-0.037,0.0,0.0,0.0,-1.0,0.0,0.0,128.0,538.0
605755.0,0.0,-2.89,-0.001,0.0,0.0,0.0,-1.0,0.0,0.0,128.0,526.0
605795.0,0.0,-2.89,-0.117,0.0,0.0,0.0,-1.0,0.0,0.0,128.0,527.0
605835.0,0.0,-2.89,-0.001,0.0,0.0,0.0,-1.0,0.0,0.0,128.0,538.0
605875.0,0.0,-2.8885,0.34,0.0,0.0,0.0,-1.0,0.0,0.0,128.0,532.0
605916.0,0.0,-2.8885,0.341,0.0,0.0,0.0,-1.0,0.0,0.0,128.0,532.0
605956.0,0.0,-2.89,-0.059,0.0,0.0,0.0,-1.0,0.0,0.0,128.0,526.0
605996.0,0.0,-2.89,-0.075,0.0,0.0,0.0,-1.0,0.0,0.0,128.0,527.0
606036.0,0.0,-2.89,-0.0,0.0,0.0,0.0,-1.0,0.0,0.0,128.0,539.0
606077.0,0.0,-2.89,-0.021,0.0,0.0,0.0,-1.0,0.0,0.0,128.0,539.0
606117.0,0.0,-2.89,-0.076,0.0,0.0,0.0,-1.0,0.0,0.0,128.0,539.0
606157.0,0.0,-2.89,-0.005,0.0,0.0,0.0,-1.0,0.0,0.0,128.0,526.0
606197.0,0.0,-2.89,-0.001,0.0,0.0,0.0,-1.0,0.0,0.0,128.0,538.0
606238.0,0.0,-2.89,-0.049,0.0,0.0,0.0,-1.0,0.0,0.0,128.0,526.0
606278.0,0.0,-2.89,-0.054,0.0,0.0,0.0,-1.0,0.0,0.0,128.0,532.0
606318.0,0.0,-2.8885,0.334,0.0,0.0,0.0,-1.0,0.0,0.0,128.0,527.0
606359.0,0.0,-2.89,-0.0,0.0,0.0,0.0,-1.0,0.0,0.0,128.0,526.0
606399.0,0.0,-2.89,-0.049,0.0,0.0,0.0,-1.0,0.0,0.0,128.0,526.0
606439.0,0.0,-2.89,-0.156,0.0,0.0,0.0,-1.0,0.0,0.0,128.0,533.0
606480.0,0.0,-2.89,-0.182,0.0,0.0,0.0,-1.0,0.0,0.0,128.0,532.0
606520.0,0.0,-2.89,-0.021,0.0,0.0,0.0,-1.0,0.0,0.0,128.0,532.0
606561.0,0.0,-2.89,-0.0,0.0,0.0,0.0,-1.0,0.0,0.0,128.0,539.0
606601.0,0.0,-2.89,-0.061,0.0,0.0,0.0,-1.0,0.0,0.0,128.0,532.0
606641.0,0.0,-2.89,-0.0,0.0,0.0,0.0,-1.0,0.0,0.0,128.0,538.0
606682.0,0.0,-2.89,-0.105,0.0,0.0,0.0,-1.0,0.0,0.0,128.0,526.0
606722.0,0.0,-2.89,-0.054,0.0,0.0,0.0,-1.0,0.0,0.0,128.0,527.0
606762.0,0.0,-2.89,-0.005,0.0,0.0,0.0,-1.0,0.0,0.0,128.0,526.0
606802.0,0.0,-2.89,-0.144,0.0,0.0,0.0,-1.0,0.0,0.0,128.0,533.0
606843.0,0.0,-2.8885,0.317,0.0,0.0,0.0,-1.0,0.0,0.0,128.0,527.0
606883.0,0.0,-2.89,-0.068,0.0,0.0,0.0,-1.0,0.0,0.0,128.0,538.0
606923.0,0.0,-2.89,-0.007,0.0,0.0,0.0,-1.0,0.0,0.0,128.0,527.0
606963.0,0.0,-2.89,-0.153,0.0,0.0,0.0,-1.0,0.0,0.0,128.0,538.0
607004.0,0.0,-2.89,-0.0,0.0,0.0,0.0,-1.0,0.0,0.0,128.0,533.0
607044.0,0.0,-2.89,0.018,0.0,0.0,0.0,-1.0,0.0,0.0,128.0,526.0
607084.0,0.0,-2.89,-0.089,0.0,0.0,0.0,-1.0,0.0,0.0,128.0,527.0
607124.0,0.0,-2.89,-0.013,0.0,0.0,0.0,-1.0,0.0,0.0,128.0,538.0
607165.0,0.0,-2.89,-0.004,0.0,0.0,0.0,-1.0,0.0,0.0,128.0,538.0
607205.0,0.0,-2.89,-0.0,0.0,0.0,0.0,-1.0,0.0,0.0,128.0,533.0
607246.0,0.0,-2.89,-0.085,0.0,0.0,0.0,-1.0,0.0,0.0,128.0,538.0
607286.0,0.0,-2.89,-0.001,0.0,0.0,0.0,-1.0,0.0,0.0,128.0,539.0
607327.0,0.0,-2.89,-0.117,0.0,0.0,0.0,-1.0,0.0,0.0,128.0,527.0
607367.0,0.0,-2.89,-0.001,0.0,0.0,0.0,-1.0,0.0,0.0,128.0,532.0
607407.0,0.0,-2.89,-0.056,0.0,0.0,0.0,-1.0,0.0,0.0,128.0,532.0
607447.0,0.0,-2.89,-0.069,0.0,0.0,0.0,-1.0,0.0,0.0,128.0,538.0
607488.0,0.0,-2.89,-0.099,0.0,0.0,0.0,-1.0,0.0,0.0,128.0,526.0
607528.0,0.0,-2.8885,0.3,0.0,0.0,0.0,-1.0,0.0,0.0,128.0,527.0
607568.0,0.0,-2.89,-0.0,0.0,0.0,0.0,-1.0,0.0,0.0,128.0,519.0
607608.0,0.0,-2.8885,0.279,0.0,0.0,0.0,-1.0,0.0,0.0,128.0,532.0
607648.0,0.0,-2.89,-0.084,0.0,0.0,0.0,-1.0,0.0,0.0,128.0,538.0
607689.0,0.0,-2.89,-0.005,0.0,0.0,0.0,-1.0,0.0,0.0,128.0,532.0
607729.0,0.0,-2.89,-0.055,0.0,0.0,0.0,-1.0,0.0,0.0,128.0,526.0
607769.0,0.0,-2.89,-0.037,0.0,0.0,0.0,-1.0,0.0,0.0,128.0,526.0
607809.0,0.0,-2.89,-0.033,0.0,0.0,0.0,-1.0,0.0,0.0,128.0,526.0
607849.0,0.0,-2.89,-0.087,0.0,0.0,0.0,-1.0,0.0,0.0,128.0,527.0
607889.0,0.0,-2.89,-0.029,0.0,0.0,0.0,-1.0,0.0,0.0,128.0,532.0
607930.0,0.0,-2.89,-0.156,0.0,0.0,0.0,-1.0,0.0,0.0,128.0,532.0
607970.0,0.0,-2.89,-0.05,0.0,0.0,0.0,-1.0,0.0,0.0,128.0,527.0
608011.0,0.0,-2.89,-0.075,0.0,0.0,0.0,-1.0,0.0,0.0,128.0,538.0
608051.0,0.0,-2.89,-0.021,0.0,0.0,0.0,-1.0,0.0,0.0,128.0,532.0
608092.0,0.0,-2.89,-0.0,0.0,0.0,0.0,-1.0,0.0,0.0,128.0,519.0
608132.0,0.0,-2.8885,0.292,0.0,0.0,0.0,-1.0,0.0,0.0,128.0,532.0
608172.0,0.0,-2.89,-0.003,0.0,0.0,0.0,-1.0,0.0,0.0,128.0,538.0
608212.0,0.0,-2.89,-0.075,0.0,0.0,0.0,-1.0,0.0,0.0,128.0,526.0
608253.0,0.0,-2.89,-0.003,0.0,0.0,0.0,-1.0,0.0,0.0,128.0,538.0
608293.0,0.0,-2.89,-0.0,0.0,0.0,0.0,-1.0,0.0,0.0,128.0,519.0
608333.0,0.0,-2.89,-0.087,0.0,0.0,0.0,-1.0,0.0,0.0,128.0,526.0
608373.0,0.0,-2.89,-0.0,0.0,0.0,0.0,-1.0,0.0,0.0,128.0,526.0
608413.0,0.0,-2.89,0.017,0.0,0.0,0.0,-1.0,0.0,0.0,128.0,526.0
608453.0,0.0,-2.89,-0.001,0.0,0.0,0.0,-1.0,0.0,0.0,128.0,538.0
608494.0,0.0,-2.89,-0.001,0.0,0.0,0.0,-1.0,0.0,0.0,128.0,538.0
608534.0,0.0,-2.89,-0.013,0.0,0.0,0.0,-1.0,0.0,0.0,128.0,526.0
608574.0,0.0,-2.89,-0.0,0.0,0.0,0.0,-1.0,0.0,0.0,128.0,520.0
608614.0,0.0,-2.89,-0.005,0.0,0.0,0.0,-1.0,0.0,0.0,128.0,539.0
608655.0,0.0,-2.89,-0.149,0.0,0.0,0.0,-1.0,0.0,0.0,128.0,526.0
608695.0,0.0,-2.8885,0.341,0.0,0.0,0.0,-1.0,0.0,0.0,128.0,538.0
608735.0,0.0,-2.89,-0.0,0.0,0.0,0.0,-1.0,0.0,0.0,128.0,531.0
608775.0,0.0,-2.89,-0.07,0.0,0.0,0.0,-1.0,0.0,0.0,128.0,539.0
608816.0,0.0,-2.89,-0.0,0.0,0.0,0.0,-1.0,0.0,0.0,128.0,533.0
608856.0,0.0,-2.89,-0.036,0.0,0.0,0.0,-1.0,0.0,0.0,128.0,526.0
608896.0,0.0,-2.89,-0.017,0.0,0.0,0.0,-1.0,0.0,0.0,128.0,526.0
608936.0,0.0,-2.8885,0.336,0.0,0.0,0.0,-1.0,0.0,0.0,128.0,533.0
608977.0,0.0,-2.89,-0.032,0.0,0.0,0.0,-1.0,0.0,0.0,128.0,527.0
609017.0,0.0,-2.89,-0.002,0.0,0.0,0.0,-1.0,0.0,0.0,128.0,526.0
609057.0,0.0,-2.89,-0.063,0.0,0.0,0.0,-1.0,0.0,0.0,128.0,532.0
609097.0,0.0,-2.89,-0.0,0.0,0.0,0.0,-1.0,0.0,0.0,128.0,532.0
609138.0,0.0,-2.8885,0.308,0.0,0.0,0.0,-1.0,0.0,0.0,128.0,526.0
609178.0,0.0,-2.89,-0.052,0.0,0.0,0.0,-1.0,0.0,0.0,128.0,532.0
609218.0,0.0,-2.89,-0.084,0.0,0.0,0.0,-1.0,0.0,0.0,128.0,539.0
609258.0,0.0,-2.89,-0.077,0.0,0.0,0.0,-1.0,0.0,0.0,128.0,526.0
609298.0,0.0,-2.8885,0.341,0.0,0.0,0.0,-1.0,0.0,0.0,128.0,531.0
609339.0,0.0,-2.89,-0.075,0.0,0.0,0.0,-1.0,0.0,0.0,128.0,533.0
609379.0,0.0,-2.89,-0.002,0.0,0.0,0.0,-1.0,0.0,0.0,128.0,526.0
609419.0,0.0,-2.8885,0.179,0.0,0.0,0.0,-1.0,0.0,0.0,128.0,526.0
609459.0,0.0,-2.89,-0.065,0.0,0.0,0.0,-1.0,0.0,0.0,128.0,532.0
609500.0,0.0,-2.89,-0.082,0.0,0.0,0.0,-1.0,0.0,0.0,128.0,532.0
609540.0,0.0,-2.89,-0.013,0.0,0.0,0.0,-1.0,0.0,0.0,128.0,532.0
609581.0,0.0,-2.89,-0.065,0.0,0.0,0.0,-1.0,0.0,0.0,128.0,527.0
609621.0,0.0,-2.89,-0.082,0.0,0.0,0.0,-1.0,0.0,0.0,128.0,538.0
609661.0,0.0,-2.89,-0.033,0.0,0.0,0.0,-1.0,0.0,0.0,128.0,539.0
609702.0,0.0,-2.89,-0.0,0.0,0.0,0.0,-1.0,0.0,0.0,128.0,532.0
609742.0,0.0,-2.89,0.015,0.0,0.0,0.0,-1.0,0.0,0.0,128.0,533.0
609782.0,0.0,-2.89,-0.022,0.0,0.0,0.0,-1.0,0.0,0.0,128.0,538.0
609823.0,0.0,-2.89,-0.0,0.0,0.0,0.0,-1.0,0.0,0.0,128.0,531.0
609863.0,0.0,-2.89,-0.21,0.0,0.0,0.0,-1.0,0.0,0.0,128.0,526.0
609903.0,0.0,-2.89,-0.0,0.0,0.0,0.0,-1.0,0.0,0.0,128.0,531.0
609944.0,0.0,-2.89,-0.0,0.0,0.0,0.0,-1.0,0.0,0.0,128.0,532.0
609984.0,0.0,-2.8885,0.235,0.0,0.0,0.0,-1.0,0.0,0.0,128.0,539.0
610024.0,0.0,-2.89,-0.012,0.0,0.0,0.0,-1.0,0.0,0.0,128.0,533.0
610065.0,0.0,-2.89,-0.09,0.0,0.0,0.0,-1.0,0.0,0.0,128.0,526.0
610105.0,0.0,-2.89,-0.0,0.0,0.0,0.0,-1.0,0.0,0.0,128.0,532.0
610145.0,0.0,-2.89,-0.001,0.0,0.0,0.0,-1.0,0.0,0.0,128.0,526.0
610185.0,0.0,-2.89,-0.057,0.0,0.0,0.0,-1.0,0.0,0.0,128.0,538.0
610226.0,0.0,-2.89,-0.049,0.0,0.0,0.0,-1.0,0.0,0.0,128.0,526.0
610266.0,0.0,-2.89,-0.051,0.0,0.0,0.0,-1.0,0.0,0.0,128.0,538.0
610306.0,0.0,-2.89,-0.122,0.0,0.0,0.0,-1.0,0.0,0.0,128.0,532.0
610346.0,0.0,-2.89,-0.0,0.0,0.0,0.0,-1.0,0.0,0.0,128.0,538.0
610387.0,0.0,-2.89,-0.069,0.0,0.0,0.0,-1.0,0.0,0.0,128.0,533.0
610427.0,0.0,-2.89,-0.117,0.0,0.0,0.0,-1.0,0.0,0.0,128.0,538.0
610468.0,0.0,-2.89,-0.013,0.0,0.0,0.0,-1.0,0.0,0.0,128.0,527.0
610508.0,0.0,-2.89,-0.001,0.0,0.0,0.0,-1.0,0.0,0.0,128.0,538.0
610548.0,0.0,-2.89,-0.0,0.0,0.0,0.0,-1.0,0.0,0.0,128.0,527.0
610589.0,0.0,-2.89,-0.0,0.0,0.0,0.0,-1.0,0.0,0.0,128.0,519.0
610629.0,0.0,-2.89,-0.061,0.0,0.0,0.0,-1.0,0.0,0.0,128.0,539.0
610669.0,0.0,-2.89,-0.08,0.0,0.0,0.0,-1.0,0.0,0.0,128.0,526.0
610710.0,0.0,-2.89,-0.001,0.0,0.0,0.0,-1.0,0.0,0.0,128.0,526.0
610750.0,0.0,-2.89,-0.009,0.0,0.0,0.0,-1.0,0.0,0.0,128.0,527.0
610790.0,0.0,-2.89,-0.008,0.0,0.0,0.0,-1.0,0.0,0.0,128.0,532.0
610830.0,0.0,-2.8885,0.339,0.0,0.0,0.0,-1.0,0.0,0.0,128.0,526.0
610871.0,0.0,-2.89,-0.05,0.0,0.0,0.0,-1.0,0.0,0.0,128.0,526.0
610911.0,0.0,-2.89,0.018,0.0,0.0,0.0,-1.0,0.0,0.0,128.0,526.0
610951.0,0.0,-2.89,-0.021,0.0,0.0,0.0,-1.0,0.0,0.0,128.0,527.0
610992.0,0.0,-2.89,-0.089,0.0,0.0,0.0,-1.0,0.0,0.0,128.0,527.0
611032.0,0.0,-2.89,-0.0,0.0,0.0,0.0,-1.0,0.0,0.0,128.0,532.0
611072.0,0.0,-2.89,-0.075,0.0,0.0,0.0,-1.0,0.0,0.0,128.0,532.0
611112.0,0.0,-2.89,-0.0,0.0,0.0,0.0,-1.0,0.0,0.0,128.0,525.0
611152.0,0.0,-2.8885,0.306,0.0,0.0,0.0,-1.0,0.0,0.0,128.0,532.0
611193.0,0.0,-2.89,-0.0,0.0,0.0,0.0,-1.0,0.0,0.0,128.0,525.0
611233.0,0.0,-2.89,-0.0,0.0,0.0,0.0,-1.0,0.0,0.0,128.0,531.0
611273.0,0.0,-2.89,-0.0,0.0,0.0,0.0,-1.0,0.0,0.0,128.0,532.0
611313.0,0.0,-2.89,-0.138,0.0,0.0,0.0,-1.0,0.0,0.0,128.0,538.0
611354.0,0.0,-2.89,-0.054,0.0,0.0,0.0,-1.0,0.0,0.0,128.0,526.0
611394.0,0.0,-2.89,-0.001,0.0,0.0,0.0,-1.0,0.0,0.0,128.0,532.0
611434.0,0.0,-2.89,-0.0,0.0,0.0,0.0,-1.0,0.0,0.0,128.0,519.0
611474.0,0.0,-2.89,-0.0,0.0,0.0,0.0,-1.0,0.0,0.0,128.0,538.0
611514.0,0.0,-2.8885,0.32,0.0,0.0,0.0,-1.0,0.0,0.0,128.0,539.0
611555.0,0.0,-2.89,-0.082,0.0,0.0,0.0,-1.0,0.0,0.0,128.0,539.0
611595.0,0.0,-2.89,-0.039,0.0,0.0,0.0,-1.0,0.0,0.0,128.0,526.0
611635.0,0.0,-2.89,-0.107,0.0,0.0,0.0,-1.0,0.0,0.0,128.0,532.0
611675.0,0.0,-2.8885,0.32,0.0,0.0,0.0,-1.0,0.0,0.0,128.0,526.0
611715.0,0.0,-2.89,0.005,0.0,0.0,0.0,-1.0,0.0,0.0,128.0,532.0
611756.0,0.0,-2.89,-0.066,0.0,0.0,0.0,-1.0,0.0,0.0,128.0,538.0
611796.0,0.0,-2.89,-0.0,0.0,0.0,0.0,-1.0,0.0,0.0,128.0,526.0
611836.0,0.0,-2.89,-0.002,0.0,0.0,0.0,-1.0,0.0,0.0,128.0,532.0
611877.0,0.0,-2.8885,0.36,0.0,0.0,0.0,-1.0,0.0,0.0,128.0,527.0
611917.0,0.0,-2.8885,0.291,0.0,0.0,0.0,-1.0,0.0,0.0,128.0,539.0
611957.0,0.0,-2.89,-0.087,0.0,0.0,0.0,-1.0,0.0,0.0,128.0,526.0
611997.0,0.0,-2.89,-0.065,0.0,0.0,0.0,-1.0,0.0,0.0,128.0,538.0
612037.0,0.0,-2.89,-0.0,0.0,0.0,0.0,-1.0,0.0,0.0,128.0,531.0
612078.0,0.0,-2.89,-0.0,0.0,0.0,0.0,-1.0,0.0,0.0,128.0,539.0
612118.0,0.0,-2.89,-0.0,0.0,0.0,0.0,-1.0,0.0,0.0,128.0,539.0
612159.0,0.0,-2.89,-0.032,0.0,0.0,0.0,-1.0,0.0,0.0,128.0,538.0
612199.0,0.0,-2.89,-0.027,0.0,0.0,0.0,-1.0,0.0,0.0,128.0,539.0
612239.0,0.0,-2.8885,0.339,0.0,0.0,0.0,-1.0,0.0,0.0,128.0,526.0
612280.0,0.0,-2.8885,0.144,0.0,0.0,0.0,-1.0,0.0,0.0,128.0,538.0
612320.0,0.0,-2.89,-0.021,0.0,0.0,0.0,-1.0,0.0,0.0,128.0,526.0
612360.0,0.0,-2.89,-0.068,0.0,0.0,0.0,-1.0,0.0,0.0,128.0,526.0
612400.0,0.0,-2.89,0.02,0.0,0.0,0.0,-1.0,0.0,0.0,128.0,526.0
612440.0,0.0,-2.89,-0.014,0.0,0.0,0.0,-1.0,0.0,0.0,128.0,538.0
612481.0,0.0,-2.89,-0.07,0.0,0.0,0.0,-1.0,0.0,0.0,128.0,526.0
612521.0,0.0,-2.89,-0.0,0.0,0.0,0.0,-1.0,0.0,0.0,128.0,539.0
612561.0,0.0,-2.89,-0.0,0.0,0.0,0.0,-1.0,0.0,0.0,128.0,525.0
612601.0,0.0,-2.8885,0.255,0.0,0.0,0.0,-1.0,0.0,0.0,128.0,527.0
612641.0,0.0,-2.89,-0.088,0.0,0.0,0.0,-1.0,0.0,0.0,128.0,539.0
612682.0,0.0,-2.89,-0.075,0.0,0.0,0.0,-1.0,0.0,0.0,128.0,539.0
612722.0,0.0,-2.89,-0.0,0.0,0.0,0.0,-1.0,0.0,0.0,128.0,526.0
612762.0,0.0,-2.89,-0.119,0.0,0.0,0.0,-1.0,0.0,0.0,128.0,538.0
612803.0,0.0,-2.89,0.02,0.0,0.0,0.0,-1.0,0.0,0.0,128.0,526.0
612843.0,0.0,-2.89,-0.097,0.0,0.0,0.0,-1.0,0.0,0.0,128.0,526.0
612883.0,0.0,-2.89,0.019,0.0,0.0,0.0,-1.0,0.0,0.0,128.0,526.0
612923.0,0.0,-2.89,-0.0,0.0,0.0,0.0,-1.0,0.0,0.0,128.0,531.0
612964.0,0.0,-2.89,-0.069,0.0,0.0,0.0,-1.0,0.0,0.0,128.0,526.0
613004.0,0.0,-2.89,0.019,0.0,0.0,0.0,-1.0,0.0,0.0,128.0,526.0
613044.0,0.0,-2.8885,0.318,0.0,0.0,0.0,-1.0,0.0,0.0,128.0,526.0
613085.0,0.0,-2.89,-0.013,0.0,0.0,0.0,-1.0,0.0,0.0,128.0,526.0
613125.0,0.0,-2.89,-0.0,0.0,0.0,0.0,-1.0,0.0,0.0,128.0,539.0
613165.0,0.0,-2.89,-0.194,0.0,0.0,0.0,-1.0,0.0,0.0,128.0,539.0
613205.0,0.0,-2.89,-0.003,0.0,0.0,0.0,-1.0,0.0,0.0,128.0,526.0
613245.0,0.0,-2.89,0.015,0.0,0.0,0.0,-1.0,0.0,0.0,128.0,532.0
613285.0,0.0,-2.89,-0.001,0.0,0.0,0.0,-1.0,0.0,0.0,128.0,538.0
613326.0,0.0,-2.89,-0.0,0.0,0.0,0.0,-1.0,0.0,0.0,128.0,526.0
613366.0,0.0,-2.89,-0.021,0.0,0.0,0.0,-1.0,0.0,0.0,128.0,526.0
613406.0,0.0,-2.89,-0.045,0.0,0.0,0.0,-1.0,0.0,0.0,128.0,526.0
613446.0,0.0,-2.8885,0.306,0.0,0.0,0.0,-1.0,0.0,0.0,128.0,532.0
613487.0,0.0,-2.89,-0.028,0.0,0.0,0.0,-1.0,0.0,0.0,128.0,526.0
613527.0,0.0,-2.89,-0.133,0.0,0.0,0.0,-1.0,0.0,0.0,128.0,538.0
613567.0,0.0,-2.89,-0.117,0.0,0.0,0.0,-1.0,0.0,0.0,128.0,538.0
613608.0,0.0,-2.89,-0.05,0.0,0.0,0.0,-1.0,0.0,0.0,128.0,527.0
613648.0,0.0,-2.8885,0.105,0.0,0.0,0.0,-1.0,0.0,0.0,128.0,538.0
613688.0,0.0,-2.8885,0.341,0.0,0.0,0.0,-1.0,0.0,0.0,128.0,532.0
613729.0,0.0,-2.89,-0.002,0.0,0.0,0.0,-1.0,0.0,0.0,128.0,532.0
613769.0,0.0,-2.89,-0.013,0.0,0.0,0.0,-1.0,0.0,0.0,128.0,526.0
613809.0,0.0,-2.89,-0.013,0.0,0.0,0.0,-1.0,0.0,0.0,128.0,538.0
613850.0,0.0,-2.89,-0.0,0.0,0.0,0.0,-1.0,0.0,0.0,128.0,532.0
613890.0,0.0,-2.89,-0.001,0.0,0.0,0.0,-1.0,0.0,0.0,128.0,527.0
613931.0,0.0,-2.89,-0.095,0.0,0.0,0.0,-1.0,0.0,0.0,128.0,526.0
613971.0,0.0,-2.89,-0.005,0.0,0.0,0.0,-1.0,0.0,0.0,128.0,526.0
614011.0,0.0,-2.89,-0.001,0.0,0.0,0.0,-1.0,0.0,0.0,128.0,532.0
614052.0,0.0,-2.89,-0.009,0.0,0.0,0.0,-1.0,0.0,0.0,128.0,527.0
614092.0,0.0,-2.89,-0.0,0.0,0.0,0.0,-1.0,0.0,0.0,128.0,519.0
614132.0,0.0,-2.89,-0.008,0.0,0.0,0.0,-1.0,0.0,0.0,128.0,538.0
614173.0,0.0,-2.89,0.015,0.0,0.0,0.0,-1.0,0.0,0.0,128.0,526.0
614213.0,0.0,-2.8885,0.32,0.0,0.0,0.0,-1.0,0.0,0.0,128.0,532.0
614253.0,0.0,-2.89,0.008,0.0,0.0,0.0,-1.0,0.0,0.0,128.0,532.0
614294.0,0.0,-2.89,-0.055,0.0,0.0,0.0,-1.0,0.0,0.0,128.0,538.0
614334.0,0.0,-2.89,-0.0,0.0,0.0,0.0,-1.0,0.0,0.0,128.0,532.0
614375.0,0.0,-2.89,-0.001,0.0,0.0,0.0,-1.0,0.0,0.0,128.0,526.0
614415.0,0.0,-2.89,-0.032,0.0,0.0,0.0,-1.0,0.0,0.0,128.0,538.0
614455.0,0.0,-2.8885,0.318,0.0,0.0,0.0,-1.0,0.0,0.0,128.0,526.0
614496.0,0.0,-2.89,-0.0,0.0,0.0,0.0,-1.0,0.0,0.0,128.0,527.0
614536.0,0.0,-2.89,-0.0,0.0,0.0,0.0,-1.0,0.0,0.0,128.0,524.0
614576.0,0.0,-2.89,-0.084,0.0,0.0,0.0,-1.0,0.0,0.0,128.0,527.0
614617.0,0.0,-2.89,-0.001,0.0,0.0,0.0,-1.0,0.0,0.0,128.0,526.0
614657.0,0.0,-2.89,-0.003,0.0,0.0,0.0,-1.0,0.0,0.0,128.0,538.0
614697.0,0.0,-2.89,0.015,0.0,0.0,0.0,-1.0,0.0,0.0,128.0,533.0
614737.0,0.0,-2.89,-0.101,0.0,0.0,0.0,-1.0,0.0,0.0,128.0,532.0
614777.0,0.0,-2.89,-0.084,0.0,0.0,0.0,-1.0,0.0,0.0,128.0,538.0
614818.0,0.0,-2.89,-0.015,0.0,0.0,0.0,-1.0,0.0,0.0,128.0,532.0
614858.0,0.0,-2.89,-0.0,0.0,0.0,0.0,-1.0,0.0,0.0,128.0,526.0
614898.0,0.0,-2.89,-0.001,0.0,0.0,0.0,-1.0,0.0,0.0,128.0,532.0
614939.0,0.0,-2.89,-0.021,0.0,0.0,0.0,-1.0,0.0,0.0,128.0,533.0
614979.0,0.0,-2.89,-0.002,0.0,0.0,0.0,-1.0,0.0,0.0,128.0,527.0
615019.0,0.0,-2.89,-0.023,0.0,0.0,0.0,-1.0,0.0,0.0,128.0,538.0
615060.0,0.0,-2.89,-0.0,0.0,0.0,0.0,-1.0,0.0,0.0,128.0,527.0
615100.0,0.0,-2.89,-0.054,0.0,0.0,0.0,-1.0,0.0,0.0,128.0,526.0
615140.0,0.0,-2.89,-0.0,0.0,0.0,0.0,-1.0,0.0,0.0,128.0,525.0
615181.0,0.0,-2.89,-0.076,0.0,0.0,0.0,-1.0,0.0,0.0,128.0,538.0
615221.0,0.0,-2.89,-0.032,0.0,0.0,0.0,-1.0,0.0,0.0,128.0,527.0
615261.0,0.0,-2.89,-0.0,0.0,0.0,0.0,-1.0,0.0,0.0,128.0,532.0
615302.0,0.0,-2.89,-0.056,0.0,0.0,0.0,-1.0,0.0,0.0,128.0,533.0
615342.0,0.0,-2.89,-0.0,0.0,0.0,0.0,-1.0,0.0,0.0,128.0,531.0
615383.0,0.0,-2.89,-0.0,0.0,0.0,0.0,-1.0,0.0,0.0,128.0,525.0
615423.0,0.0,-2.89,-0.022,0.0,0.0,0.0,-1.0,0.0,0.0,128.0,532.0
615463.0,0.0,-2.89,-0.006,0.0,0.0,0.0,-1.0,0.0,0.0,128.0,527.0
615504.0,0.0,-2.89,-0.001,0.0,0.0,0.0,-1.0,0.0,0.0,128.0,527.0
615544.0,0.0,-2.89,-0.085,0.0,0.0,0.0,-1.0,0.0,0.0,128.0,539.0
615584.0,0.0,-2.89,-0.0,0.0,0.0,0.0,-1.0,0.0,0.0,128.0,526.0
615625.0,0.0,-2.89,-0.049,0.0,0.0,0.0,-1.0,0.0,0.0,128.0,527.0
615665.0,0.0,-2.89,-0.0,0.0,0.0,0.0,-1.0,0.0,0.0,128.0,525.0
615705.0,0.0,-2.89,-0.069,0.0,0.0,0.0,-1.0,0.0,0.0,128.0,538.0
615745.0,0.0,-2.89,-0.0,0.0,0.0,0.0,-1.0,0.0,0.0,128.0,525.0
615785.0,0.0,-2.89,-0.0,0.0,0.0,0.0,-1.0,0.0,0.0,128.0,538.0
615825.0,0.0,-2.89,0.02,0.0,0.0,0.0,-1.0,0.0,0.0,128.0,538.0
615866.0,0.0,-2.89,-0.033,0.0,0.0,0.0,-1.0,0.0,0.0,128.0,526.0
615906.0,0.0,-2.89,-0.137,0.0,0.0,0.0,-1.0,0.0,0.0,128.0,526.0
615946.0,0.0,-2.89,-0.007,0.0,0.0,0.0,-1.0,0.0,0.0,128.0,527.0
615986.0,0.0,-2.89,-0.0,0.0,0.0,0.0,-1.0,0.0,0.0,128.0,531.0
616027.0,0.0,-2.89,-0.138,0.0,0.0,0.0,-1.0,0.0,0.0,128.0,533.0
616067.0,0.0,-2.89,-0.058,0.0,0.0,0.0,-1.0,0.0,0.0,128.0,538.0
616107.0,0.0,-2.8885,0.256,0.0,0.0,0.0,-1.0,0.0,0.0,128.0,532.0
616148.0,0.0,-2.89,-0.008,0.0,0.0,0.0,-1.0,0.0,0.0,128.0,527.0
616188.0,0.0,-2.89,-0.071,0.0,0.0,0.0,-1.0,0.0,0.0,128.0,539.0
616228.0,0.0,-2.89,-0.003,0.0,0.0,0.0,-1.0,0.0,0.0,128.0,526.0
616268.0,0.0,-2.89,-0.001,0.0,0.0,0.0,-1.0,0.0,0.0,128.0,527.0
616309.0,0.0,-2.89,-0.032,0.0,0.0,0.0,-1.0,0.0,0.0,128.0,526.0
616349.0,0.0,-2.89,-0.096,0.0,0.0,0.0,-1.0,0.0,0.0,128.0,532.0
616389.0,0.0,-2.89,-0.002,0.0,0.0,0.0,-1.0,0.0,0.0,128.0,538.0
616429.0,0.0,-2.89,-0.065,0.0,0.0,0.0,-1.0,0.0,0.0,128.0,526.0
616469.0,0.0,-2.89,-0.001,0.0,0.0,0.0,-1.0,0.0,0.0,128.0,526.0
616509.0,0.0,-2.89,-0.0,0.0,0.0,0.0,-1.0,0.0,0.0,128.0,538.0
616550.0,0.0,-2.8885,0.341,0.0,0.0,0.0,-1.0,0.0,0.0,128.0,538.0
616590.0,0.0,-2.89,-0.0,0.0,0.0,0.0,-1.0,0.0,0.0,128.0,525.0
616631.0,0.0,-2.89,-0.019,0.0,0.0,0.0,-1.0,0.0,0.0,128.0,527.0
616671.0,0.0,-2.89,-0.0,0.0,0.0,0.0,-1.0,0.0,0.0,128.0,538.0
616711.0,0.0,-2.89,0.02,0.0,0.0,0.0,-1.0,0.0,0.0,128.0,526.0
616752.0,0.0,-2.8916,-0.341,0.0,0.0,0.0,-1.0,0.0,0.0,128.0,526.0
616792.0,0.0,-2.89,-0.146,0.0,0.0,0.0,-1.0,0.0,0.0,128.0,526.0
616832.0,0.0,-2.89,-0.074,0.0,0.0,0.0,-1.0,0.0,0.0,128.0,538.0
616873.0,0.0,-2.8885,0.266,0.0,0.0,0.0,-1.0,0.0,0.0,128.0,526.0
616913.0,0.0,-2.89,-0.084,0.0,0.0,0.0,-1.0,0.0,0.0,128.0,526.0
616953.0,0.0,-2.8885,0.271,0.0,0.0,0.0,-1.0,0.0,0.0,128.0,532.0
616994.0,0.0,-2.89,-0.037,0.0,0.0,0.0,-1.0,0.0,0.0,128.0,527.0
617034.0,0.0,-2.89,0.019,0.0,0.0,0.0,-1.0,0.0,0.0,128.0,526.0
617074.0,0.0,-2.89,-0.008,0.0,0.0,0.0,-1.0,0.0,0.0,128.0,533.0
617115.0,0.0,-2.89,-0.0,0.0,0.0,0.0,-1.0,0.0,0.0,128.0,538.0
617155.0,0.0,-2.89,-0.015,0.0,0.0,0.0,-1.0,0.0,0.0,128.0,526.0
617195.0,0.0,-2.8885,0.341,0.0,0.0,0.0,-1.0,0.0,0.0,128.0,532.0
617236.0,0.0,-2.89,-0.067,0.0,0.0,0.0,-1.0,0.0,0.0,128.0,532.0
617276.0,0.0,-2.89,-0.014,0.0,0.0,0.0,-1.0,0.0,0.0,128.0,526.0
617316.0,0.0,-2.89,-0.068,0.0,0.0,0.0,-1.0,0.0,0.0,128.0,532.0
617356.0,0.0,-2.89,-0.001,0.0,0.0,0.0,-1.0,0.0,0.0,128.0,539.0
617397.0,0.0,-2.89,-0.004,0.0,0.0,0.0,-1.0,0.0,0.0,128.0,526.0
617437.0,0.0,-2.89,0.015,0.0,0.0,0.0,-1.0,0.0,0.0,128.0,532.0
617477.0,0.0,-2.89,-0.021,0.0,0.0,0.0,-1.0,0.0,0.0,128.0,526.0
617518.0,0.0,-2.89,-0.0,0.0,0.0,0.0,-1.0,0.0,0.0,128.0,531.0
617558.0,0.0,-2.89,-0.0,0.0,0.0,0.0,-1.0,0.0,0.0,128.0,539.0
617598.0,0.0,-2.8885,0.357,0.0,0.0,0.0,-1.0,0.0,0.0,128.0,527.0
617638.0,0.0,-2.8885,0.325,0.0,0.0,0.0,-1.0,0.0,0.0,128.0,527.0
617679.0,0.0,-2.89,-0.082,0.0,0.0,0.0,-1.0,0.0,0.0,128.0,532.0
617719.0,0.0,-2.8885,0.338,0.0,0.0,0.0,-1.0,0.0,0.0,128.0,526.0
617759.0,0.0,-2.8885,0.332,0.0,0.0,0.0,-1.0,0.0,0.0,128.0,526.0
617800.0,0.0,-2.8885,0.239,0.0,0.0,0.0,-1.0,0.0,0.0,128.0,526.0
617840.0,0.0,-2.8885,0.32,0.0,0.0,0.0,-1.0,0.0,0.0,128.0,538.0
617880.0,0.0,-2.8885,0.291,0.0,0.0,0.0,-1.0,0.0,0.0,128.0,538.0
617921.0,0.0,-2.89,-0.033,0.0,0.0,0.0,-1.0,0.0,0.0,128.0,539.0
617961.0,0.0,-2.89,-0.154,0.0,0.0,0.0,-1.0,0.0,0.0,128.0,526.0
618001.0,0.0,-2.8885,0.255,0.0,0.0,0.0,-1.0,0.0,0.0,128.0,527.0
618041.0,0.0,-2.8885,0.335,0.0,0.0,0.0,-1.0,0.0,0.0,128.0,533.0
618082.0,0.0,-2.89,-0.149,0.0,0.0,0.0,-1.0,0.0,0.0,128.0,539.0
618122.0,0.0,-2.89,-0.113,0.0,0.0,0.0,-1.0,0.0,0.0,128.0,538.0
618163.0,0.0,-2.89,-0.045,0.0,0.0,0.0,-1.0,0.0,0.0,128.0,526.0
618203.0,0.0,-2.89,-0.075,0.0,0.0,0.0,-1.0,0.0,0.0,128.0,526.0
618243.0,0.0,-2.89,-0.038,0.0,0.0,0.0,-1.0,0.0,0.0,128.0,538.0
618284.0,0.0,-2.8885,0.359,0.0,0.0,0.0,-1.0,0.0,0.0,128.0,527.0
618324.0,0.0,-2.89,-0.034,0.0,0.0,0.0,-1.0,0.0,0.0,128.0,538.0
618364.0,0.0,-2.89,-0.0,0.0,0.0,0.0,-1.0,0.0,0.0,128.0,526.0
618404.0,0.0,-2.8885,0.223,0.0,0.0,0.0,-1.0,0.0,0.0,128.0,539.0
618445.0,0.0,-2.89,-0.0,0.0,0.0,0.0,-1.0,0.0,0.0,128.0,520.0
618485.0,0.0,-2.89,-0.0,0.0,0.0,0.0,-1.0,0.0,0.0,128.0,533.0
618525.0,0.0,-2.89,-0.015,0.0,0.0,0.0,-1.0,0.0,0.0,128.0,533.0
618566.0,0.0,-2.89,-0.045,0.0,0.0,0.0,-1.0,0.0,0.0,128.0,526.0
618606.0,0.0,-2.89,-0.0,0.0,0.0,0.0,-1.0,0.0,0.0,128.0,527.0
618646.0,0.0,-2.89,-0.069,0.0,0.0,0.0,-1.0,0.0,0.0,128.0,532.0
618686.0,0.0,-2.89,-0.0,0.0,0.0,0.0,-1.0,0.0,0.0,128.0,525.0
618726.0,0.0,-2.89,-0.059,0.0,0.0,0.0,-1.0,0.0,0.0,128.0,532.0
618766.0,0.0,-2.89,-0.032,0.0,0.0,0.0,-1.0,0.0,0.0,128.0,538.0
618807.0,0.0,-2.89,-0.0,0.0,0.0,0.0,-1.0,0.0,0.0,128.0,519.0
618847.0,0.0,-2.89,-0.032,0.0,0.0,0.0,-1.0,0.0,0.0,128.0,533.0
618887.0,0.0,-2.8885,0.287,0.0,0.0,0.0,-1.0,0.0,0.0,128.0,526.0
618928.0,0.0,-2.89,-0.075,0.0,0.0,0.0,-1.0,0.0,0.0,128.0,526.0
618968.0,0.0,-2.89,-0.168,0.0,0.0,0.0,-1.0,0.0,0.0,128.0,526.0
619008.0,0.0,-2.89,-0.0,0.0,0.0,0.0,-1.0,0.0,0.0,128.0,532.0
619049.0,0.0,-2.89,-0.029,0.0,0.0,0.0,-1.0,0.0,0.0,128.0,527.0
619089.0,0.0,-2.89,-0.005,0.0,0.0,0.0,-1.0,0.0,0.0,128.0,526.0
619129.0,0.0,-2.89,-0.008,0.0,0.0,0.0,-1.0,0.0,0.0,128.0,527.0
619169.0,0.0,-2.89,0.019,0.0,0.0,0.0,-1.0,0.0,0.0,128.0,532.0
619209.0,0.0,-2.8885,0.34,0.0,0.0,0.0,-1.0,0.0,0.0,128.0,532.0
619249.0,0.0,-2.8885,0.311,0.0,0.0,0.0,-1.0,0.0,0.0,128.0,532.0
619290.0,0.0,-2.89,-0.0,0.0,0.0,0.0,-1.0,0.0,0.0,128.0,531.0
619330.0,0.0,-2.8885,0.287,0.0,0.0,0.0,-1.0,0.0,0.0,128.0,526.0
619371.0,0.0,-2.89,-0.002,0.0,0.0,0.0,-1.0,0.0,0.0,128.0,527.0
619411.0,0.0,-2.89,-0.0,0.0,0.0,0.0,-1.0,0.0,0.0,128.0,526.0
619451.0,0.0,-2.89,-0.086,0.0,0.0,0.0,-1.0,0.0,0.0,128.0,539.0
619491.0,0.0,-2.89,-0.02,0.0,0.0,0.0,-1.0,0.0,0.0,128.0,526.0
619531.0,0.0,-2.89,-0.079,0.0,0.0,0.0,-1.0,0.0,0.0,128.0,526.0
619571.0,0.0,-2.89,-0.084,0.0,0.0,0.0,-1.0,0.0,0.0,128.0,526.0
619611.0,0.0,-2.8885,0.34,0.0,0.0,0.0,-1.0,0.0,0.0,128.0,527.0
619652.0,0.0,-2.89,-0.0,0.0,0.0,0.0,-1.0,0.0,0.0,128.0,525.0
619692.0,0.0,-2.89,-0.006,0.0,0.0,0.0,-1.0,0.0,0.0,128.0,538.0
619732.0,0.0,-2.89,-0.033,0.0,0.0,0.0,-1.0,0.0,0.0,128.0,538.0
619773.0,0.0,-2.89,-0.032,0.0,0.0,0.0,-1.0,0.0,0.0,128.0,527.0
619813.0,0.0,-2.8885,0.272,0.0,0.0,0.0,-1.0,0.0,0.0,128.0,526.0
619853.0,0.0,-2.89,-0.066,0.0,0.0,0.0,-1.0,0.0,0.0,128.0,538.0
619894.0,0.0,-2.89,-0.013,0.0,0.0,0.0,-1.0,0.0,0.0,128.0,526.0
619934.0,0.0,-2.8885,0.308,0.0,0.0,0.0,-1.0,0.0,0.0,128.0,527.0
619974.0,0.0,-2.89,-0.0,0.0,0.0,0.0,-1.0,0.0,0.0,128.0,526.0
620015.0,0.0,-2.89,-0.0,0.0,0.0,0.0,-1.0,0.0,0.0,128.0,519.0
620055.0,0.0,-2.89,-0.077,0.0,0.0,0.0,-1.0,0.0,0.0,128.0,533.0
620095.0,0.0,-2.8885,0.341,0.0,0.0,0.0,-1.0,0.0,0.0,128.0,527.0
620135.0,0.0,-2.8885,0.32,0.0,0.0,0.0,-1.0,0.0,0.0,128.0,533.0
620176.0,0.0,-2.89,-0.021,0.0,0.0,0.0,-1.0,0.0,0.0,128.0,526.0
620216.0,0.0,-2.89,-0.0,0.0,0.0,0.0,-1.0,0.0,0.0,128.0,532.0
620256.0,0.0,-2.89,-0.034,0.0,0.0,0.0,-1.0,0.0,0.0,128.0,526.0
620296.0,0.0,-2.89,-0.033,0.0,0.0,0.0,-1.0,0.0,0.0,128.0,527.0
620336.0,0.0,-2.89,-0.077,0.0,0.0,0.0,-1.0,0.0,0.0,128.0,527.0
620376.0,0.0,-2.89,-0.029,0.0,0.0,0.0,-1.0,0.0,0.0,128.0,532.0
620417.0,0.0,-2.89,-0.015,0.0,0.0,0.0,-1.0,0.0,0.0,128.0,526.0
620457.0,0.0,-2.89,-0.133,0.0,0.0,0.0,-1.0,0.0,0.0,128.0,526.0
620497.0,0.0,-2.89,-0.076,0.0,0.0,0.0,-1.0,0.0,0.0,128.0,526.0
620537.0,0.0,-2.89,-0.032,0.0,0.0,0.0,-1.0,0.0,0.0,128.0,526.0
620577.0,0.0,-2.8885,0.251,0.0,0.0,0.0,-1.0,0.0,0.0,128.0,532.0
620618.0,0.0,-2.89,-0.0,0.0,0.0,0.0,-1.0,0.0,0.0,128.0,525.0
620658.0,0.0,-2.8885,0.27,0.0,0.0,0.0,-1.0,0.0,0.0,128.0,526.0
620698.0,0.0,-2.89,-0.036,0.0,0.0,0.0,-1.0,0.0,0.0,128.0,539.0
620738.0,0.0,-2.89,-0.088,0.0,0.0,0.0,-1.0,0.0,0.0,128.0,526.0
620778.0,0.0,-2.8885,0.291,0.0,0.0,0.0,-1.0,0.0,0.0,128.0,526.0
620820.0,2.0,-2.8455,-2.268,-8e-05,-0.0104,-0.136,-0.7967,0.0,0.0,128.0,816.0
620860.0,2.0,-2.7366,2.681,0.0,0.0513,3.864,-0.8721,0.0,0.0,128.0,794.0
620901.0,2.0,-2.9176,-6.903,0.00323,0.0539,-3.936,-0.6752,0.0,0.0,128.0,855.0
620941.0,2.0,-2.8701,0.088,0.00124,-0.145,-2.269,-0.9631,0.0,0.0,128.0,861.0
620982.0,2.0,-3.137,-3.073,-0.00855,-0.4102,-10.469,-0.9403,0.0,0.0,128.0,828.0
621023.0,2.0,2.9529,-10.187,-0.03105,-0.7038,-4.069,-0.3243,0.0,0.0,128.0,846.0
621063.0,2.0,2.9146,-12.927,-0.06034,-0.7288,-0.511,0.0836,0.0,0.0,128.0,835.0
621105.0,2.0,2.8164,-8.526,-0.08981,-0.6709,1.889,-0.4845,0.0,0.0,128.0,824.0
621146.0,5.0,2.8885,-2.936,-0.11543,-0.5544,6.489,-0.8098,0.0,0.0,128.0,739.0
621186.0,5.0,2.7428,-14.942,-0.13035,-0.1796,8.441,-0.8098,0.0,0.0,128.0,724.0
621227.0,5.0,3.1032,-0.036,-0.13301,-0.0021,0.893,-0.8098,0.0,0.0,128.0,703.0
621267.0,6.0,-2.7888,-4.776,-0.1323,0.0475,1.5,-0.8098,0.0,0.0,128.0,735.0
621316.0,2.0,-2.4314,17.059,-0.12821,0.1482,4.7,1.0941,0.0,0.0,128.0,828.0
621357.0,2.0,-1.8561,-0.484,-0.11895,0.309,4.3,-0.2775,0.0,0.0,128.0,824.0
621398.0,2.0,-1.6076,11.431,-0.10185,0.566,7.257,0.8007,0.0,0.0,128.0,810.0
621438.0,2.0,-1.2793,1.19,-0.07478,0.7468,0.997,0.2998,0.0,0.0,128.0,825.0
621478.0,2.0,-1.4511,0.489,-0.04538,0.7498,0.0,0.1242,0.0,0.0,128.0,823.0
621519.0,2.0,-1.4757,-1.274,-0.01582,0.7498,0.0,0.1031,0.0,0.0,128.0,810.0
621559.0,2.0,-1.7319,-11.448,0.01346,0.6871,-2.727,0.6538,0.0,0.0,128.0,818.0
621601.0,2.0,-1.896,-7.865,0.0384,0.5181,-3.62,0.0766,0.0,0.0,128.0,841.0
621644.0,2.0,-2.7412,-10.574,0.05816,0.4304,-1.82,-0.2182,0.0,0.0,128.0,823.0
621686.0,2.0,2.9637,-20.185,0.07189,0.192,-7.62,1.5947,0.0,0.0,128.0,861.0
621727.0,2.0,2.4298,-14.408,0.07271,-0.2102,-10.4,0.5653,0.0,0.0,128.0,844.0
621769.0,2.0,1.985,-11.646,0.05558,-0.6245,-7.03,0.4667,0.0,0.0,128.0,851.0
621810.0,2.0,1.5969,-10.962,0.0264,-0.7498,0.0,0.7419,0.0,0.0,128.0,829.0
621851.0,2.0,1.379,-5.048,-0.00293,-0.6712,3.94,0.3572,0.0,0.0,128.0,865.0
621899.0,2.0,0.9158,-7.817,-0.03041,-0.5202,2.792,1.0022,0.0,0.0,128.0,873.0
621949.0,2.0,1.0124,2.669,-0.05175,-0.3593,2.79,0.5728,0.0,0.0,128.0,864.0
622002.0,2.0,0.8989,-8.711,-0.06428,-0.0646,6.52,1.1079,0.0,0.0,128.0,873.0
622043.0,2.0,0.7731,4.289,-0.06319,0.1181,4.054,0.8289,0.0,0.0,128.0,796.0
622084.0,2.0,0.9495,3.109,-0.05591,0.2395,1.939,0.6411,0.0,0.0,128.0,853.0
622125.0,2.0,0.902,-0.577,-0.04365,0.3912,3.252,0.6202,0.0,0.0,128.0,846.0
622165.0,2.0,1.1459,4.429,-0.0267,0.4498,0.677,0.531,0.0,0.0,128.0,840.0
622211.0,2.0,1.5079,4.697,-0.0072,0.4206,-1.14,0.1977,0.0,0.0,128.0,858.0
622251.0,2.0,1.8868,6.493,0.00964,0.4761,4.155,-0.0511,0.0,0.0,128.0,836.0
622292.0,2.0,2.4314,16.296,0.0327,0.6118,0.067,0.91,0.0,0.0,128.0,859.0
622333.0,2.0,2.9928,16.854,0.0573,0.625,-0.343,0.8039,0.0,0.0,128.0,845.0
622374.0,2.0,-2.4344,24.989,0.08198,0.5555,-5.343,3.202,0.0,0.0,128.0,855.0
622415.0,2.0,-1.5938,13.945,0.099,0.254,-9.364,1.2314,0.0,0.0,128.0,843.0
622455.0,2.0,-1.2763,16.383,0.10253,-0.0563,-4.803,2.0063,0.0,0.0,128.0,849.0
622496.0,2.0,-1.1658,8.491,0.09641,-0.2842,-7.038,0.8593,0.0,0.0,128.0,863.0
622537.0,2.0,-1.2349,-2.546,0.07942,-0.543,-4.274,0.3694,0.0,0.0,128.0,879.0
622577.0,2.0,-1.3023,2.475,0.05535,-0.6653,-3.756,0.3074,0.0,0.0,128.0,819.0
622618.0,2.0,-1.3116,0.377,0.02636,-0.7481,-0.667,0.2591,0.0,0.0,128.0,822.0
622658.0,2.0,-1.3361,-1.509,-0.00296,-0.7399,1.729,0.2659,0.0,0.0,128.0,829.0
622704.0,2.0,-2.1583,-5.358,-0.03289,-0.5582,2.929,-0.3786,0.0,0.0,128.0,858.0
622754.0,2.0,-2.8517,-18.019,-0.05835,-0.5078,2.126,1.0889,0.0,0.0,128.0,832.0
622794.0,2.0,2.9498,-19.416,-0.07691,-0.4484,-0.474,1.4048,0.0,0.0,128.0,836.0
622834.0,2.0,2.6231,-17.882,-0.09405,-0.4103,2.371,1.1619,0.0,0.0,128.0,877.0
622878.0,2.0,2.3347,-4.094,-0.1104,-0.3927,-1.705,-0.5821,0.0,0.0,128.0,842.0
622918.0,5.0,2.2442,-2.53,-0.12562,-0.3373,4.599,-0.6053,0.0,0.0,128.0,802.0
622959.0,5.0,2.3056,2.201,-0.13365,-0.0653,4.999,-0.6053,0.0,0.0,128.0,689.0
622999.0,6.0,2.4728,4.811,-0.13425,0.013,1.5,-0.6053,0.0,0.0,128.0,721.0
623039.0,6.0,2.6722,3.827,-0.1326,0.073,1.5,-0.6053,0.0,0.0,128.0,754.0
623080.0,2.0,3.0496,16.671,-0.12851,0.1343,2.5,0.7593,0.0,0.0,128.0,810.0
623121.0,2.0,-2.7566,23.899,-0.11895,0.405,9.1,2.691,0.0,0.0,128.0,820.0
623161.0,7.0,-2.3792,-18.453,-0.09724,0.6866,4.3,13.6119,0.0,0.0,128.0,767.0
623202.0,7.0,-1.5432,-2.211,-0.06859,0.6907,-3.9,13.6119,0.0,0.0,128.0,770.0
623243.0,7.0,-1.2134,14.94,-0.04631,0.3587,-11.978,13.6119,0.0,0.0,128.0,751.0
623284.0,7.0,-1.2195,-2.398,-0.03926,0.0378,-3.891,13.6119,0.0,0.0,128.0,734.0
623324.0,8.0,-1.04,4.72,-0.03892,0.009,0.5,13.6119,0.0,0.0,128.0,731.0
623365.0,8.0,-0.9971,-0.552,-0.03818,0.0295,0.5,13.6119,0.0,0.0,128.0,734.0
623406.0,8.0,-1.1075,2.024,-0.0366,0.05,0.5,13.6119,0.0,0.0,128.0,716.0
623446.0,8.0,-1.4266,-13.389,-0.03424,0.07,0.5,13.6119,0.0,0.0,128.0,734.0
623486.0,8.0,-1.9405,-9.797,-0.03113,0.09,0.5,13.6119,0.0,0.0,128.0,736.0
623526.0,8.0,-2.551,-20.32,-0.02768,0.0832,-0.242,13.6119,0.0,0.0,128.0,762.0
623567.0,8.0,3.0833,-23.348,-0.02452,0.0737,-0.225,13.6119,0.0,0.0,128.0,742.0
623607.0,8.0,2.5648,-23.784,-0.02179,0.0655,-0.217,13.6119,0.0,0.0,128.0,782.0
623648.0,8.0,2.2473,-0.761,-0.01931,0.058,-0.19,13.6119,0.0,0.0,128.0,755.0
623689.0,8.0,1.9313,-7.858,-0.01714,0.0515,-0.125,13.6119,0.0,0.0,128.0,750.0
623729.0,8.0,1.8392,-2.201,-0.01523,0.0457,-0.124,13.6119,0.0,0.0,128.0,753.0
623769.0,8.0,1.827,1.229,-0.01354,0.0406,-0.113,13.6119,0.0,0.0,128.0,774.0
623810.0,8.0,1.9343,5.494,-0.012,0.036,-0.112,13.6119,0.0,0.0,128.0,755.0
623851.0,8.0,2.1967,7.827,-0.01061,0.0319,-0.112,13.6119,0.0,0.0,128.0,761.0
623891.0,8.0,2.3792,10.774,-0.00945,0.0284,-0.093,13.6119,0.0,0.0,128.0,768.0
623932.0,8.0,2.9713,16.843,-0.00836,0.0251,-0.106,13.6119,0.0,0.0,128.0,776.0
623973.0,8.0,-2.9146,-0.93,-0.00742,0.0223,-0.026,13.6119,0.0,0.0,128.0,767.0
624014.0,8.0,-2.3547,8.832,-0.00656,0.0197,-0.092,13.6119,0.0,0.0,128.0,740.0
624054.0,8.0,-1.8086,15.348,-0.00585,0.0176,-0.02,13.6119,0.0,0.0,128.0,763.0
624095.0,8.0,-1.4373,6.423,-0.00518,0.0155,-0.092,13.6119,0.0,0.0,128.0,740.0
624135.0,8.0,-1.264,1.615,-0.00461,0.0138,-0.02,13.6119,0.0,0.0,128.0,767.0
624176.0,8.0,-1.2164,-0.772,-0.00409,0.0123,-0.001,13.6119,0.0,0.0,128.0,749.0
624217.0,8.0,-1.2563,-0.132,-0.0036,0.0108,-0.092,13.6119,0.0,0.0,128.0,761.0
624258.0,8.0,-1.465,-12.267,-0.00319,0.0096,-0.092,13.6119,0.0,0.0,128.0,751.0
624299.0,8.0,-1.6843,-29.769,-0.00285,0.0086,-0.0,13.6119,0.0,0.0,128.0,739.0
624339.0,8.0,-2.4406,-13.101,-0.00251,0.0076,-0.092,13.6119,0.0,0.0,128.0,761.0
624380.0,8.0,-2.9867,-13.977,-0.00225,0.0068,0.0,13.6119,0.0,0.0,128.0,741.0
624420.0,8.0,2.801,-9.873,-0.00199,0.006,-0.001,13.6119,0.0,0.0,128.0,769.0
624461.0,8.0,2.413,-4.662,-0.00176,0.0053,-0.0,13.6119,0.0,0.0,128.0,753.0
624501.0,2.0,2.2181,-2.957,-0.00188,-0.0432,-4.292,-0.5452,0.0,0.0,128.0,840.0
624543.0,2.0,1.9926,-2.324,-0.00881,-0.3229,-5.972,-0.3734,0.0,0.0,128.0,872.0
624589.0,2.0,2.0034,0.659,-0.02617,-0.3826,3.094,-0.4171,0.0,0.0,128.0,854.0
624631.0,2.0,2.1552,4.889,-0.03799,-0.1128,10.219,-0.4042,0.0,0.0,128.0,820.0
624672.0,2.0,2.3838,6.288,-0.03446,0.331,12.0,-0.4821,0.0,0.0,128.0,807.0
624712.0,2.0,2.594,-12.345,-0.01324,0.6864,5.0,0.1165,0.0,0.0,128.0,844.0
624753.0,2.0,-2.9038,12.428,0.01549,0.7264,-1.4,0.0077,0.0,0.0,128.0,841.0
624793.0,2.0,-2.551,23.744,0.04507,0.7492,-0.4,2.7417,0.0,0.0,128.0,857.0
624833.0,7.0,-1.6674,-3.797,0.07208,0.5692,-8.4,14.6928,0.0,0.0,128.0,764.0
624874.0,7.0,-1.4435,-4.67,0.08663,0.1535,-7.836,14.6928,0.0,0.0,128.0,719.0
624915.0,7.0,-1.4005,1.746,0.08873,0.0,-0.083,14.6928,0.0,0.0,128.0,720.0
624955.0,8.0,-1.3806,0.117,0.08835,-0.0197,-0.5,14.6928,0.0,0.0,128.0,727.0
624995.0,8.0,-1.3729,-5.042,0.08719,-0.0397,-0.5,14.6928,0.0,0.0,128.0,756.0
625036.0,8.0,-1.4956,10.929,0.0852,-0.0602,-0.5,14.6928,0.0,0.0,128.0,755.0
625077.0,8.0,-2.255,-13.0,0.08239,-0.0807,-0.5,14.6928,0.0,0.0,128.0,752.0
625117.0,8.0,-2.7182,-3.69,0.07883,-0.1,-0.107,14.6928,0.0,0.0,128.0,770.0
625158.0,8.0,3.048,-13.683,0.07481,-0.1,0.0,14.6928,0.0,0.0,128.0,774.0
625199.0,8.0,2.6216,-13.594,0.0708,-0.1,0.0,14.6928,0.0,0.0,128.0,748.0
625239.0,8.0,2.4559,-8.777,0.06686,-0.1,0.0,14.6928,0.0,0.0,128.0,776.0
625280.0,8.0,2.1721,-4.954,0.06285,-0.1,0.0,14.6928,0.0,0.0,128.0,733.0
625321.0,8.0,2.1184,0.256,0.05888,-0.1,0.0,14.6928,0.0,0.0,128.0,726.0
625361.0,8.0,2.2028,2.857,0.05494,-0.1,0.0,14.6928,0.0,0.0,128.0,749.0
625401.0,8.0,2.3608,4.951,0.051,-0.1,0.0,14.6928,0.0,0.0,128.0,770.0
625442.0,8.0,2.6139,6.234,0.04699,-0.1,0.0,14.6928,0.0,0.0,128.0,732.0
625483.0,8.0,2.8854,10.84,0.04298,-0.1,0.0,14.6928,0.0,0.0,128.0,755.0
625524.0,8.0,-2.7504,18.124,0.03896,-0.1,0.0,14.6928,0.0,0.0,128.0,766.0
625565.0,8.0,-2.2503,8.544,0.03495,-0.1,0.0,14.6928,0.0,0.0,128.0,726.0
625605.0,8.0,-1.9466,23.929,0.03109,-0.0935,0.296,14.6928,0.0,0.0,128.0,762.0
625646.0,8.0,-1.3284,22.237,0.02756,-0.0828,0.234,14.6928,0.0,0.0,128.0,768.0
625687.0,8.0,-1.4696,9.816,0.02441,-0.0734,0.225,14.6928,0.0,0.0,128.0,759.0
625727.0,8.0,-1.4465,2.804,0.02171,-0.0652,0.163,14.6928,0.0,0.0,128.0,777.0
625767.0,8.0,-1.5018,-4.419,0.01928,-0.0579,0.19,14.6928,0.0,0.0,128.0,777.0
625807.0,8.0,-1.7395,5.856,0.01714,-0.0515,0.144,14.6928,0.0,0.0,128.0,796.0
625848.0,8.0,-2.2089,-16.549,0.01519,-0.0456,0.124,14.6928,0.0,0.0,128.0,761.0
625888.0,8.0,-2.663,-7.307,0.0135,-0.0405,0.113,14.6928,0.0,0.0,128.0,790.0
625929.0,8.0,-3.0925,-8.763,0.01196,-0.0359,0.112,14.6928,0.0,0.0,128.0,796.0
625970.0,8.0,2.755,-11.721,0.01061,-0.0318,0.029,14.6928,0.0,0.0,128.0,773.0
626011.0,8.0,2.5433,-5.669,0.00938,-0.0282,0.11,14.6928,0.0,0.0,128.0,792.0
626052.0,8.0,2.3393,2.358,0.00833,-0.025,0.093,14.6928,0.0,0.0,128.0,753.0
626092.0,8.0,2.3148,-0.231,0.00739,-0.0222,0.093,14.6928,0.0,0.0,128.0,754.0
626132.0,8.0,2.3639,2.308,0.00656,-0.0197,0.092,14.6928,0.0,0.0,128.0,761.0
626173.0,8.0,2.5096,4.748,0.00581,-0.0175,0.092,14.6928,0.0,0.0,128.0,790.0
626214.0,8.0,2.7796,7.819,0.00518,-0.0155,0.001,14.6928,0.0,0.0,128.0,777.0
626254.0,8.0,3.0281,16.611,0.00458,-0.0137,0.092,14.6928,0.0,0.0,128.0,785.0
626295.0,8.0,-2.752,10.004,0.00405,-0.0122,0.092,14.6928,0.0,0.0,128.0,782.0
626336.0,8.0,-2.255,23.252,0.0036,-0.0108,0.02,14.6928,0.0,0.0,128.0,753.0
626376.0,8.0,-2.1292,16.271,0.00319,-0.0096,0.092,14.6928,0.0,0.0,128.0,775.0
626417.0,8.0,-1.7457,20.746,0.00285,-0.0086,0.0,14.6928,0.0,0.0,128.0,783.0
626458.0,8.0,-1.6352,-8.668,0.00251,-0.0075,0.001,14.6928,0.0,0.0,128.0,782.0
626499.0,8.0,-1.5984,5.138,0.00221,-0.0067,0.092,14.6928,0.0,0.0,128.0,755.0
626540.0,8.0,-1.7349,-5.713,0.00199,-0.006,0.0,14.6928,0.0,0.0,128.0,733.0
626580.0,8.0,-2.0356,7.632,0.00176,-0.0053,0.0,14.6928,0.0,0.0,128.0,740.0
626621.0,2.0,-2.3608,-12.904,0.00173,-0.0004,-1.508,0.3331,0.0,0.0,128.0,841.0
626663.0,2.0,-2.8931,-11.692,0.00116,-0.064,-4.908,-0.1081,0.0,0.0,128.0,840.0
626703.0,2.0,2.9176,-11.988,-0.00675,-0.3359,-5.908,-0.0638,0.0,0.0,128.0,815.0
626747.0,2.0,2.4636,-12.957,-0.02794,-0.6617,-5.863,0.2905,0.0,0.0,128.0,839.0
626787.0,2.0,2.1399,-6.033,-0.0564,-0.7498,0.0,-0.3029,0.0,0.0,128.0,844.0
626827.0,2.0,1.8745,-4.74,-0.08557,-0.7238,2.403,-0.1508,0.0,0.0,128.0,901.0
626872.0,2.0,1.7871,0.943,-0.11306,-0.4613,9.569,-0.2109,0.0,0.0,128.0,840.0
626913.0,2.0,1.7073,0.743,-0.12416,-0.0713,10.335,-0.1321,0.0,0.0,128.0,840.0
626954.0,2.0,1.8454,3.597,-0.1182,0.4017,11.8,-0.1931,0.0,0.0,128.0,834.0
626998.0,2.0,2.0862,9.542,-0.09214,0.7257,2.8,0.0751,0.0,0.0,128.0,832.0
627039.0,2.0,2.4544,5.107,-0.06214,0.7497,0.0,-0.6117,0.0,0.0,128.0,843.0
627080.0,2.0,2.8087,27.54,-0.03214,0.7457,-0.0,3.8398,0.0,0.0,128.0,851.0
627121.0,2.0,-2.8808,16.276,-0.00233,0.7497,0.0,0.7123,0.0,0.0,128.0,821.0
627165.0,2.0,-2.37,-10.489,0.02798,0.6105,-4.8,-0.0369,0.0,0.0,128.0,836.0
627206.0,2.0,-1.8331,-0.282,0.04759,0.3464,-5.549,-0.2596,0.0,0.0,128.0,841.0
627247.0,2.0,-1.5294,3.87,0.05839,0.1996,-5.404,0.1422,0.0,0.0,128.0,839.0
627287.0,2.0,-1.33,-1.14,0.06146,-0.0539,-5.1,0.2533,0.0,0.0,128.0,852.0
627327.0,2.0,-1.58,-4.458,0.05587,-0.2315,-4.185,0.1148,0.0,0.0,128.0,823.0
627369.0,2.0,-1.7211,-5.572,0.04264,-0.4201,-3.829,0.0425,0.0,0.0,128.0,851.0
627410.0,2.0,-2.4068,-12.359,0.02213,-0.6186,-3.036,0.2145,0.0,0.0,128.0,847.0
627452.0,2.0,-2.7826,-15.73,-0.00683,-0.7469,-0.987,0.6219,0.0,0.0,128.0,824.0
627495.0,2.0,2.8808,12.283,-0.03683,-0.6341,4.013,-0.015,0.0,0.0,128.0,846.0
627551.0,2.0,2.5387,-4.369,-0.06334,-0.3425,2.885,-0.7007,0.0,0.0,128.0,870.0
627593.0,2.0,2.3761,-3.029,-0.07781,-0.401,-3.829,-0.6609,0.0,0.0,128.0,850.0
627638.0,2.0,2.304,-1.101,-0.09694,-0.4128,3.08,-0.6605,0.0,0.0,128.0,873.0
627687.0,2.0,2.3731,5.61,-0.11111,-0.1104,10.521,-0.5241,0.0,0.0,128.0,870.0
627728.0,2.0,2.7305,9.047,-0.10624,0.3769,12.0,-0.4031,0.0,0.0,128.0,799.0
627768.0,2.0,-2.9867,11.439,-0.08374,0.7049,4.0,-0.1591,0.0,0.0,128.0,809.0
627809.0,2.0,-2.5142,8.734,-0.05396,0.7499,0.0,-0.3205,0.0,0.0,128.0,842.0
627850.0,2.0,-2.0064,5.692,-0.02516,0.7202,0.423,-0.213,0.0,0.0,128.0,823.0
627890.0,7.0,-1.356,1.436,0.00296,0.6285,-6.177,14.0406,0.0,0.0,128.0,752.0
627931.0,7.0,-1.2502,-4.655,0.02111,0.2334,-9.661,14.0406,0.0,0.0,128.0,770.0
627972.0,7.0,-1.2732,1.073,0.02497,0.0067,-1.639,14.0406,0.0,0.0,128.0,749.0
628012.0,8.0,-1.149,1.071,0.02483,-0.0147,-0.5,14.0406,0.0,0.0,128.0,755.0
628052.0,8.0,-1.1259,1.938,0.02385,-0.0347,-0.5,14.0406,0.0,0.0,128.0,762.0
628093.0,8.0,-1.4895,-14.104,0.02205,-0.0552,-0.5,14.0406,0.0,0.0,128.0,741.0
628133.0,8.0,-2.0985,-13.647,0.01969,-0.0592,0.194,14.0406,0.0,0.0,128.0,768.0
628173.0,8.0,-2.6016,-18.778,0.01751,-0.0526,0.144,14.0406,0.0,0.0,128.0,781.0
628214.0,8.0,3.0634,-6.016,0.01553,-0.0466,0.117,14.0406,0.0,0.0,128.0,791.0
628255.0,8.0,2.7029,-1.788,0.01376,-0.0413,0.113,14.0406,0.0,0.0,128.0,767.0
628296.0,8.0,2.281,-8.983,0.01219,-0.0366,0.112,14.0406,0.0,0.0,128.0,777.0
628337.0,8.0,2.0647,-3.844,0.0108,-0.0324,0.093,14.0406,0.0,0.0,128.0,762.0
628378.0,8.0,1.9666,-1.657,0.00956,-0.0287,0.093,14.0406,0.0,0.0,128.0,776.0
628419.0,8.0,1.9942,1.472,0.00848,-0.0254,0.093,14.0406,0.0,0.0,128.0,759.0
628459.0,8.0,2.1522,5.161,0.00754,-0.0226,0.026,14.0406,0.0,0.0,128.0,760.0
628499.0,8.0,2.4022,6.376,0.00668,-0.02,0.093,14.0406,0.0,0.0,128.0,789.0
628539.0,8.0,2.6277,15.59,0.00596,-0.0179,0.02,14.0406,0.0,0.0,128.0,795.0
628580.0,8.0,-3.0542,14.271,0.00529,-0.0159,0.001,14.0406,0.0,0.0,128.0,786.0
628621.0,8.0,-2.597,2.976,0.00469,-0.0141,0.001,14.0406,0.0,0.0,128.0,778.0
628662.0,8.0,-2.1737,21.979,0.00412,-0.0124,0.092,14.0406,0.0,0.0,128.0,782.0
628703.0,8.0,-1.7457,2.68,0.00368,-0.011,0.001,14.0406,0.0,0.0,128.0,767.0
628743.0,8.0,-1.4281,3.125,0.00326,-0.0098,0.001,14.0406,0.0,0.0,128.0,775.0
628784.0,8.0,-1.3116,-0.074,0.00289,-0.0087,0.02,14.0406,0.0,0.0,128.0,762.0
628825.0,8.0,-1.3346,-0.334,0.00255,-0.0077,0.02,14.0406,0.0,0.0,128.0,761.0
628866.0,8.0,-1.3852,-9.506,0.00225,-0.0068,0.092,14.0406,0.0,0.0,128.0,776.0
628907.0,8.0,-1.7319,15.176,0.00203,-0.0061,0.0,14.0406,0.0,0.0,128.0,760.0
628948.0,8.0,-2.2243,-27.539,0.0018,-0.0054,0.0,14.0406,0.0,0.0,128.0,748.0
628988.0,2.0,-2.8087,-9.681,0.00143,-0.034,-3.308,-0.3554,0.0,0.0,128.0,796.0
629030.0,2.0,2.8716,-10.923,-0.00315,-0.1841,-4.214,-0.2056,0.0,0.0,128.0,830.0
629070.0,2.0,2.4605,-6.342,-0.01526,-0.4546,-6.909,-0.5168,0.0,0.0,128.0,861.0
629111.0,2.0,2.1031,-11.083,-0.03806,-0.6983,-4.496,0.2769,0.0,0.0,128.0,835.0
629151.0,2.0,1.7641,-6.815,-0.06701,-0.73,2.709,0.1074,0.0,0.0,128.0,922.0
629198.0,2.0,1.6536,-1.398,-0.09514,-0.4352,8.624,-0.0708,0.0,0.0,128.0,857.0
629240.0,2.0,1.4481,2.033,-0.10624,-0.0644,8.795,0.1474,0.0,0.0,128.0,810.0
629280.0,2.0,1.5324,1.076,-0.1029,0.2483,7.596,0.0449,0.0,0.0,128.0,796.0
629321.0,2.0,1.6107,-0.391,-0.08779,0.5283,5.914,-0.0384,0.0,0.0,128.0,821.0
629361.0,2.0,1.7763,9.417,-0.06225,0.7328,2.519,0.3469,0.0,0.0,128.0,832.0
629402.0,2.0,2.0785,5.765,-0.03285,0.7497,0.0,-0.2827,0.0,0.0,128.0,854.0
629443.0,2.0,2.5081,18.976,-0.0021,0.7465,-0.6,1.4583,0.0,0.0,128.0,851.0
629484.0,2.0,3.002,11.198,0.0267,0.7489,0.513,-0.1994,0.0,0.0,128.0,800.0
629526.0,2.0,-2.6124,2.258,0.05798,0.7087,-1.6,-0.8297,0.0,0.0,128.0,849.0
629571.0,7.0,-1.7917,1.076,0.08723,0.5999,-6.0,15.3687,0.0,0.0,128.0,772.0
629611.0,7.0,-1.4849,-1.437,0.10444,0.2148,-9.269,15.3687,0.0,0.0,128.0,753.0
629651.0,7.0,-1.4542,0.225,0.10785,0.0053,-1.454,15.3687,0.0,0.0,128.0,754.0
629692.0,8.0,-1.4051,2.409,0.10763,-0.0157,-0.5,15.3687,0.0,0.0,128.0,750.0
629732.0,8.0,-1.3484,2.708,0.10661,-0.0357,-0.5,15.3687,0.0,0.0,128.0,756.0
629772.0,8.0,-1.6076,3.73,0.10485,-0.0557,-0.5,15.3687,0.0,0.0,128.0,756.0
629813.0,8.0,-2.0785,-23.675,0.10219,-0.0762,-0.5,15.3687,0.0,0.0,128.0,748.0
629853.0,8.0,-2.5832,-12.712,0.09885,-0.0962,-0.5,15.3687,0.0,0.0,128.0,776.0
629894.0,8.0,-3.0526,-9.062,0.09484,-0.1,0.0,15.3687,0.0,0.0,128.0,735.0
629935.0,8.0,2.801,-3.816,0.09082,-0.1,0.0,15.3687,0.0,0.0,128.0,732.0
629976.0,8.0,2.5495,-7.167,0.08681,-0.1,0.0,15.3687,0.0,0.0,128.0,770.0
630017.0,8.0,2.2365,-8.404,0.0828,-0.1,0.0,15.3687,0.0,0.0,128.0,746.0
630057.0,8.0,2.1062,1.115,0.07886,-0.1,0.0,15.3687,0.0,0.0,128.0,760.0
630098.0,8.0,2.1537,1.174,0.07485,-0.1,0.0,15.3687,0.0,0.0,128.0,746.0
630139.0,8.0,2.2994,6.91,0.07084,-0.1,0.0,15.3687,0.0,0.0,128.0,770.0
630180.0,8.0,2.5311,7.188,0.06683,-0.1,0.0,15.3687,0.0,0.0,128.0,757.0
630221.0,8.0,2.7075,-4.909,0.06281,-0.1,0.0,15.3687,0.0,0.0,128.0,740.0
630262.0,8.0,-2.9959,8.647,0.0588,-0.1,0.0,15.3687,0.0,0.0,128.0,763.0
630303.0,8.0,-2.4682,32.686,0.05479,-0.1,0.0,15.3687,0.0,0.0,128.0,745.0
630344.0,8.0,-2.1414,10.816,0.05078,-0.1,0.0,15.3687,0.0,0.0,128.0,749.0
630384.0,8.0,-1.7641,2.583,0.04688,-0.1,0.0,15.3687,0.0,0.0,128.0,755.0
630424.0,8.0,-1.3422,-5.686,0.04294,-0.1,0.0,15.3687,0.0,0.0,128.0,768.0
630465.0,8.0,-1.4281,-0.088,0.03892,-0.1,0.0,15.3687,0.0,0.0,128.0,741.0
630505.0,8.0,-1.4527,-2.85,0.03503,-0.1,0.0,15.3687,0.0,0.0,128.0,761.0
630545.0,8.0,-1.7012,-12.769,0.03116,-0.0937,0.296,15.3687,0.0,0.0,128.0,775.0
630585.0,8.0,-1.7825,-12.178,0.02771,-0.0833,0.234,15.3687,0.0,0.0,128.0,789.0
630626.0,8.0,-2.4958,-11.546,0.02452,-0.0737,0.225,15.3687,0.0,0.0,128.0,776.0
630666.0,8.0,-2.9268,-11.679,0.02183,-0.0655,0.164,15.3687,0.0,0.0,128.0,776.0
630706.0,8.0,2.8747,-9.901,0.01939,-0.0582,0.158,15.3687,0.0,0.0,128.0,792.0
630746.0,8.0,2.5479,-6.496,0.01721,-0.0517,0.188,15.3687,0.0,0.0,128.0,798.0
630787.0,8.0,2.439,0.421,0.01526,-0.0458,0.142,15.3687,0.0,0.0,128.0,774.0
630828.0,8.0,2.3209,-1.785,0.01354,-0.0406,0.113,15.3687,0.0,0.0,128.0,761.0
630869.0,8.0,2.3409,0.895,0.012,-0.036,0.11,15.3687,0.0,0.0,128.0,775.0
630909.0,8.0,2.4605,4.629,0.01065,-0.032,0.11,15.3687,0.0,0.0,128.0,768.0
630949.0,8.0,2.686,6.693,0.00945,-0.0284,0.112,15.3687,0.0,0.0,128.0,789.0
630990.0,8.0,2.8471,-2.513,0.0084,-0.0252,0.026,15.3687,0.0,0.0,128.0,793.0
631031.0,8.0,-2.867,14.293,0.00742,-0.0223,0.093,15.3687,0.0,0.0,128.0,761.0
631072.0,8.0,-2.5311,6.689,0.0066,-0.0198,0.02,15.3687,0.0,0.0,128.0,798.0
631113.0,8.0,-2.2319,0.436,0.00585,-0.0176,0.02,15.3687,0.0,0.0,128.0,753.0
631153.0,8.0,-1.7043,1.698,0.00518,-0.0155,0.092,15.3687,0.0,0.0,128.0,775.0
631194.0,8.0,-1.7043,-6.787,0.00461,-0.0138,0.001,15.3687,0.0,0.0,128.0,783.0
631235.0,8.0,-1.6506,-2.769,0.00409,-0.0123,0.001,15.3687,0.0,0.0,128.0,769.0
631276.0,8.0,-1.7135,-6.937,0.0036,-0.0108,0.092,15.3687,0.0,0.0,128.0,773.0
631316.0,8.0,-1.8607,-1.832,0.00323,-0.0097,0.0,15.3687,0.0,0.0,128.0,784.0
631357.0,8.0,-2.2734,-10.069,0.00285,-0.0086,0.0,15.3687,0.0,0.0,128.0,760.0
631397.0,8.0,-2.6722,-7.869,0.00251,-0.0076,0.092,15.3687,0.0,0.0,128.0,760.0
631437.0,8.0,-3.1094,-8.161,0.00225,-0.0068,0.0,15.3687,0.0,0.0,128.0,767.0
631478.0,8.0,2.8501,-0.3,0.00199,-0.006,0.001,15.3687,0.0,0.0,128.0,791.0
631518.0,8.0,2.6047,-3.007,0.00176,-0.0053,0.001,15.3687,0.0,0.0,128.0,798.0
631559.0,2.0,2.4835,-0.895,0.00146,-0.0156,-0.908,-0.7857,0.0,0.0,128.0,861.0
631599.0,2.0,2.4191,-1.514,-0.00109,-0.1424,-5.057,-0.7347,0.0,0.0,128.0,841.0
631641.0,2.0,2.4298,2.873,-0.00986,-0.2556,-0.004,-0.7072,0.0,0.0,128.0,834.0
631690.0,2.0,2.62,8.203,-0.01879,-0.0284,9.396,-0.4452,0.0,0.0,128.0,829.0
631731.0,2.0,3.0035,12.747,-0.01103,0.4389,10.2,0.0348,0.0,0.0,128.0,837.0
631772.0,2.0,-2.8762,-7.293,0.0129,0.7174,3.205,-0.6302,0.0,0.0,128.0,818.0
631813.0,2.0,-2.3577,15.921,0.04275,0.747,-0.595,0.9072,0.0,0.0,128.0,844.0
631854.0,2.0,-1.5463,-11.82,0.07031,0.5872,-5.595,0.8908,0.0,0.0,128.0,800.0
631897.0,2.0,-1.2471,-4.132,0.08843,0.2796,-6.828,0.4595,0.0,0.0,128.0,890.0
631937.0,2.0,-1.3162,-1.247,0.09476,0.0003,-7.802,0.2626,0.0,0.0,128.0,807.0
631978.0,2.0,-1.353,1.633,0.08963,-0.2742,-7.715,0.2346,0.0,0.0,128.0,838.0
632018.0,2.0,-1.4128,-2.82,0.07448,-0.4906,-4.1,0.2038,0.0,0.0,128.0,822.0
632059.0,2.0,-1.4557,-1.558,0.05254,-0.6359,-3.948,0.1331,0.0,0.0,128.0,810.0
632101.0,7.0,-2.0663,-12.399,0.02468,-0.6868,1.483,12.5133,0.0,0.0,128.0,825.0
632141.0,7.0,-2.7382,-9.009,0.00056,-0.4538,9.683,12.5133,0.0,0.0,128.0,782.0
632182.0,7.0,-2.9437,-1.257,-0.00956,-0.0795,5.638,12.5133,0.0,0.0,128.0,756.0
632223.0,8.0,3.0219,-8.476,-0.01039,0.0052,0.5,12.5133,0.0,0.0,128.0,734.0
632263.0,8.0,2.6921,0.435,-0.00979,0.0252,0.5,12.5133,0.0,0.0,128.0,746.0
632303.0,8.0,2.7274,-1.338,-0.00874,0.0262,-0.026,12.5133,0.0,0.0,128.0,776.0
632344.0,8.0,2.7213,1.813,-0.00773,0.0232,-0.093,12.5133,0.0,0.0,128.0,769.0
632385.0,8.0,2.7857,2.196,-0.00686,0.0206,-0.02,12.5133,0.0,0.0,128.0,768.0
632426.0,8.0,2.8823,0.493,-0.00607,0.0182,-0.02,12.5133,0.0,0.0,128.0,760.0
632466.0,8.0,3.1217,11.322,-0.0054,0.0162,-0.02,12.5133,0.0,0.0,128.0,776.0
632507.0,8.0,-2.8839,1.979,-0.00476,0.0143,-0.092,12.5133,0.0,0.0,128.0,774.0
632548.0,8.0,-2.6016,1.593,-0.00424,0.0127,-0.02,12.5133,0.0,0.0,128.0,762.0
632589.0,8.0,-2.2902,20.223,-0.00375,0.0113,-0.02,12.5133,0.0,0.0,128.0,754.0
632630.0,8.0,-2.0632,10.451,-0.00334,0.01,-0.0,12.5133,0.0,0.0,128.0,729.0
632670.0,8.0,-2.1322,-0.682,-0.00296,0.0089,-0.001,12.5133,0.0,0.0,128.0,733.0
632710.0,8.0,-2.1675,-5.373,-0.00262,0.0079,-0.001,12.5133,0.0,0.0,128.0,734.0
632750.0,8.0,-2.2289,-3.135,-0.00233,0.007,-0.02,12.5133,0.0,0.0,128.0,746.0
632790.0,8.0,-2.416,-6.821,-0.00206,0.0062,-0.092,12.5133,0.0,0.0,128.0,762.0
632830.0,8.0,-2.6323,-2.104,-0.00184,0.0055,-0.001,12.5133,0.0,0.0,128.0,769.0
632877.0,2.0,-2.9483,-9.284,-0.00169,-0.0092,-2.292,-0.4383,0.0,0.0,128.0,822.0
632919.0,2.0,2.9544,-9.569,-0.00634,-0.2857,-10.292,-0.4022,0.0,0.0,128.0,839.0
632960.0,2.0,2.6461,-3.847,-0.02599,-0.6654,-5.692,-0.7838,0.0,0.0,128.0,851.0
633001.0,2.0,2.4145,-1.39,-0.0558,-0.7459,0.308,-0.735,0.0,0.0,128.0,864.0
633043.0,2.0,2.2304,-3.862,-0.0867,-0.7498,0.0,-0.5151,0.0,0.0,128.0,871.0
633084.0,5.0,2.1123,-1.941,-0.11479,-0.5858,8.0,-0.5486,0.0,0.0,128.0,704.0
633125.0,5.0,2.2688,6.729,-0.13009,-0.1779,8.392,-0.5486,0.0,0.0,128.0,696.0
633165.0,5.0,2.4498,3.399,-0.13271,-0.0013,0.626,-0.5486,0.0,0.0,128.0,675.0
633205.0,6.0,2.6921,19.499,-0.132,0.0475,1.5,-0.5486,0.0,0.0,128.0,748.0
633247.0,2.0,-3.1247,8.63,-0.12874,0.1287,4.1,-0.529,0.0,0.0,128.0,885.0
633289.0,2.0,-2.4958,5.097,-0.11899,0.3555,5.7,-0.6305,0.0,0.0,128.0,851.0
633329.0,2.0,-1.7273,21.102,-0.09975,0.6175,3.7,2.6807,0.0,0.0,128.0,839.0
633370.0,7.0,-1.4343,-8.0,-0.07204,0.7434,0.3,12.1644,0.0,0.0,128.0,755.0
633410.0,7.0,-1.017,4.02,-0.04478,0.5914,-7.7,12.1644,0.0,0.0,128.0,761.0
633451.0,7.0,-0.9679,0.274,-0.02903,0.1774,-8.425,12.1644,0.0,0.0,128.0,727.0
633492.0,7.0,-0.8652,7.143,-0.0264,0.0006,-0.505,12.1644,0.0,0.0,128.0,734.0
633533.0,8.0,-0.7256,-0.053,-0.0261,0.018,0.5,12.1644,0.0,0.0,128.0,713.0
633573.0,8.0,-0.7961,-3.384,-0.02497,0.0385,0.5,12.1644,0.0,0.0,128.0,735.0
633613.0,8.0,-0.9434,-3.436,-0.0231,0.0585,0.5,12.1644,0.0,0.0,128.0,736.0
633653.0,0.0,-1.2579,-17.265,-0.02179,0.0,0.0,12.1644,0.0,0.0,128.0,537.0
633693.0,0.0,-1.5693,-11.434,-0.02179,0.0,0.0,12.1644,0.0,0.0,128.0,532.0
633733.0,0.0,-2.4083,-12.995,-0.02179,0.0,0.0,12.1644,0.0,0.0,128.0,539.0
633774.0,0.0,-3.1385,-19.194,-0.02179,0.0,0.0,12.1644,0.0,0.0,128.0,526.0
633814.0,0.0,2.6538,-4.766,-0.02179,0.0,0.0,12.1644,0.0,0.0,128.0,538.0
633854.0,0.0,2.1506,-9.944,-0.02179,0.0,0.0,12.1644,0.0,0.0,128.0,538.0
633895.0,0.0,1.8055,-7.276,-0.02179,0.0,0.0,12.1644,0.0,0.0,128.0,532.0
633935.0,0.0,1.6429,-4.988,-0.02179,0.0,0.0,12.1644,0.0,0.0,128.0,532.0
633975.0,0.0,1.5877,-2.283,-0.02179,0.0,0.0,12.1644,0.0,0.0,128.0,538.0
634015.0,0.0,1.5432,1.872,-0.02179,0.0,0.0,12.1644,0.0,0.0,128.0,526.0
634055.0,0.0,1.7656,6.473,-0.02179,0.0,0.0,12.1644,0.0,0.0,128.0,532.0
634095.0,0.0,1.9574,1.966,-0.02179,0.0,0.0,12.1644,0.0,0.0,128.0,538.0
634135.0,0.0,2.4452,10.203,-0.02179,0.0,0.0,12.1644,0.0,0.0,128.0,533.0
634176.0,0.0,2.8271,7.266,-0.02179,0.0,0.0,12.1644,0.0,0.0,128.0,533.0
634216.0,0.0,-2.7964,13.627,-0.02179,0.0,0.0,12.1644,0.0,0.0,128.0,538.0
634256.0,0.0,-2.2488,11.794,-0.02179,0.0,0.0,12.1644,0.0,0.0,128.0,537.0
634297.0,0.0,-1.3223,4.92,-0.02179,0.0,0.0,12.1644,0.0,0.0,128.0,525.0
634337.0,0.0,-1.2195,10.715,-0.02179,0.0,0.0,12.1644,0.0,0.0,128.0,525.0
634377.0,0.0,-1.0247,2.704,-0.02179,0.0,0.0,12.1644,0.0,0.0,128.0,532.0
634417.0,0.0,-0.9633,0.362,-0.02179,0.0,0.0,12.1644,0.0,0.0,128.0,531.0
634457.0,0.0,-1.0845,-4.366,-0.02179,0.0,0.0,12.1644,0.0,0.0,128.0,537.0
634498.0,0.0,-1.2947,-4.083,-0.02179,0.0,0.0,12.1644,0.0,0.0,128.0,532.0
634538.0,0.0,-1.3438,-4.058,-0.02179,0.0,0.0,12.1644,0.0,0.0,128.0,525.0
634579.0,0.0,-1.6567,-2.272,-0.02179,0.0,0.0,12.1644,0.0,0.0,128.0,532.0
634619.0,0.0,-2.7059,-28.131,-0.02179,0.0,0.0,12.1644,0.0,0.0,128.0,539.0
634660.0,0.0,-3.1293,-5.043,-0.02179,0.0,0.0,12.1644,0.0,0.0,128.0,532.0
634700.0,0.0,2.5694,-10.764,-0.02179,0.0,0.0,12.1644,0.0,0.0,128.0,532.0
634740.0,0.0,2.2948,-11.691,-0.02179,0.0,0.0,12.1644,0.0,0.0,128.0,531.0
634780.0,0.0,1.988,-5.115,-0.02179,0.0,0.0,12.1644,0.0,0.0,128.0,532.0
634820.0,0.0,1.8285,-1.616,-0.02179,0.0,0.0,12.1644,0.0,0.0,128.0,526.0
634861.0,0.0,1.8715,1.735,-0.02179,0.0,0.0,12.1644,0.0,0.0,128.0,531.0
634901.0,0.0,1.9911,5.791,-0.02179,0.0,0.0,12.1644,0.0,0.0,128.0,537.0
634941.0,0.0,2.255,8.053,-0.02179,0.0,0.0,12.1644,0.0,0.0,128.0,531.0
634981.0,0.0,2.5188,-1.322,-0.02179,0.0,0.0,12.1644,0.0,0.0,128.0,539.0
635021.0,0.0,3.0465,16.459,-0.02179,0.0,0.0,12.1644,0.0,0.0,128.0,526.0
635061.0,0.0,-2.8103,15.264,-0.02179,0.0,0.0,12.1644,0.0,0.0,128.0,533.0
635101.0,0.0,-2.2519,8.247,-0.02179,0.0,0.0,12.1644,0.0,0.0,128.0,537.0
635142.0,0.0,-1.7457,-5.631,-0.02179,0.0,0.0,12.1644,0.0,0.0,128.0,532.0
635182.0,0.0,-1.4895,7.612,-0.02179,0.0,0.0,12.1644,0.0,0.0,128.0,525.0
635222.0,0.0,-1.31,1.427,-0.02179,0.0,0.0,12.1644,0.0,0.0,128.0,531.0
635262.0,0.0,-1.2747,-0.046,-0.02179,0.0,0.0,12.1644,0.0,0.0,128.0,531.0
635303.0,0.0,-1.264,0.53,-0.02179,0.0,0.0,12.1644,0.0,0.0,128.0,525.0
635343.0,0.0,-1.5263,-15.011,-0.02179,0.0,0.0,12.1644,0.0,0.0,128.0,526.0
635383.0,0.0,-1.7257,-14.311,-0.02179,0.0,0.0,12.1644,0.0,0.0,128.0,532.0
635423.0,0.0,-2.5219,-13.316,-0.02179,0.0,0.0,12.1644,0.0,0.0,128.0,539.0
635464.0,0.0,-3.0143,-15.617,-0.02179,0.0,0.0,12.1644,0.0,0.0,128.0,532.0
635504.0,0.0,2.8379,-11.742,-0.02179,0.0,0.0,12.1644,0.0,0.0,128.0,538.0
635544.0,0.0,2.5188,-11.652,-0.02179,0.0,0.0,12.1644,0.0,0.0,128.0,532.0
635584.0,0.0,2.212,-1.177,-0.02179,0.0,0.0,12.1644,0.0,0.0,128.0,532.0
635624.0,0.0,2.1338,-1.556,-0.02179,0.0,0.0,12.1644,0.0,0.0,128.0,538.0
635664.0,0.0,2.1046,1.483,-0.02179,0.0,0.0,12.1644,0.0,0.0,128.0,532.0
635705.0,0.0,2.2074,3.748,-0.02179,0.0,0.0,12.1644,0.0,0.0,128.0,538.0
635745.0,0.0,2.416,5.863,-0.02179,0.0,0.0,12.1644,0.0,0.0,128.0,539.0
635785.0,0.0,2.6231,-6.536,-0.02179,0.0,0.0,12.1644,0.0,0.0,128.0,532.0
635826.0,0.0,3.0526,16.592,-0.02179,0.0,0.0,12.1644,0.0,0.0,128.0,526.0
635866.0,0.0,-2.6492,-1.889,-0.02179,0.0,0.0,12.1644,0.0,0.0,128.0,526.0
635906.0,0.0,-2.2488,-3.408,-0.02179,0.0,0.0,12.1644,0.0,0.0,128.0,532.0
635946.0,0.0,-1.6429,16.801,-0.02179,0.0,0.0,12.1644,0.0,0.0,128.0,532.0
635987.0,0.0,-1.557,-9.465,-0.02179,0.0,0.0,12.1644,0.0,0.0,128.0,525.0
636027.0,0.0,-1.4189,-6.104,-0.02179,0.0,0.0,12.1644,0.0,0.0,128.0,525.0
636067.0,0.0,-1.4113,0.566,-0.02179,0.0,0.0,12.1644,0.0,0.0,128.0,525.0
636107.0,0.0,-1.5953,-9.078,-0.02179,0.0,0.0,12.1644,0.0,0.0,128.0,526.0
636147.0,0.0,-1.7518,-4.324,-0.02179,0.0,0.0,12.1644,0.0,0.0,128.0,526.0
636187.0,0.0,-2.3102,-11.788,-0.02179,0.0,0.0,12.1644,0.0,0.0,128.0,538.0
636227.0,0.0,-2.6937,-9.301,-0.02179,0.0,0.0,12.1644,0.0,0.0,128.0,525.0
636267.0,0.0,3.045,-13.375,-0.02179,0.0,0.0,12.1644,0.0,0.0,128.0,538.0
636307.0,0.0,2.7581,-4.766,-0.02179,0.0,0.0,12.1644,0.0,0.0,128.0,538.0
636347.0,0.0,2.4237,-7.078,-0.02179,0.0,0.0,12.1644,0.0,0.0,128.0,532.0
636388.0,0.0,2.2933,-2.258,-0.02179,0.0,0.0,12.1644,0.0,0.0,128.0,538.0
636428.0,0.0,2.258,0.37,-0.02179,0.0,0.0,12.1644,0.0,0.0,128.0,531.0
636468.0,0.0,2.3163,2.364,-0.02179,0.0,0.0,12.1644,0.0,0.0,128.0,538.0
636508.0,0.0,2.4758,5.29,-0.02179,0.0,0.0,12.1644,0.0,0.0,128.0,532.0
636549.0,0.0,2.755,7.369,-0.02179,0.0,0.0,12.1644,0.0,0.0,128.0,538.0
636589.0,0.0,3.0143,10.704,-0.02179,0.0,0.0,12.1644,0.0,0.0,128.0,527.0
636630.0,0.0,-2.6722,13.677,-0.02179,0.0,0.0,12.1644,0.0,0.0,128.0,526.0
636670.0,0.0,-2.2227,7.752,-0.02179,0.0,0.0,12.1644,0.0,0.0,128.0,538.0
636710.0,0.0,-2.0801,21.641,-0.02179,0.0,0.0,12.1644,0.0,0.0,128.0,531.0
636750.0,0.0,-1.4404,25.085,-0.02179,0.0,0.0,12.1644,0.0,0.0,128.0,532.0
636790.0,0.0,-1.649,2.176,-0.02179,0.0,0.0,12.1644,0.0,0.0,128.0,532.0
636831.0,0.0,-1.5708,1.815,-0.02179,0.0,0.0,12.1644,0.0,0.0,128.0,526.0
636871.0,0.0,-1.7518,-7.942,-0.02179,0.0,0.0,12.1644,0.0,0.0,128.0,526.0
636911.0,0.0,-1.8837,-2.954,-0.02179,0.0,0.0,12.1644,0.0,0.0,128.0,538.0
636951.0,0.0,-2.3838,-12.263,-0.02179,0.0,0.0,12.1644,0.0,0.0,128.0,533.0
636991.0,0.0,-2.7412,-9.645,-0.02179,0.0,0.0,12.1644,0.0,0.0,128.0,538.0
637032.0,0.0,3.0695,-10.887,-0.02179,0.0,0.0,12.1644,0.0,0.0,128.0,527.0
637072.0,0.0,2.8057,-3.958,-0.02179,0.0,0.0,12.1644,0.0,0.0,128.0,533.0
637112.0,0.0,2.5142,-6.41,-0.02179,0.0,0.0,12.1644,0.0,0.0,128.0,533.0
637152.0,0.0,2.413,-1.071,-0.02179,0.0,0.0,12.1644,0.0,0.0,128.0,533.0
637192.0,0.0,2.4007,0.767,-0.02179,0.0,0.0,12.1644,0.0,0.0,128.0,532.0
637232.0,0.0,2.4712,2.866,-0.02179,0.0,0.0,12.1644,0.0,0.0,128.0,532.0
637272.0,0.0,2.6415,5.319,-0.02179,0.0,0.0,12.1644,0.0,0.0,128.0,544.0
637313.0,0.0,2.8916,5.657,-0.02179,0.0,0.0,12.1644,0.0,0.0,128.0,527.0
637353.0,0.0,-3.0588,15.567,-0.02179,0.0,0.0,12.1644,0.0,0.0,128.0,538.0
637393.0,0.0,-2.6231,4.207,-0.02179,0.0,0.0,12.1644,0.0,0.0,128.0,538.0
637434.0,0.0,-2.2335,2.33,-0.02179,0.0,0.0,12.1644,0.0,0.0,128.0,526.0
637474.0,0.0,-1.9758,18.932,-0.02179,0.0,0.0,12.1644,0.0,0.0,128.0,526.0
637514.0,0.0,-1.5401,13.257,-0.02179,0.0,0.0,12.1644,0.0,0.0,128.0,526.0
637554.0,0.0,-1.7963,-0.693,-0.02179,0.0,0.0,12.1644,0.0,0.0,128.0,532.0
637595.0,0.0,-1.807,-3.604,-0.02179,0.0,0.0,12.1644,0.0,0.0,128.0,532.0
637635.0,0.0,-1.9819,-6.105,-0.02179,0.0,0.0,12.1644,0.0,0.0,128.0,531.0
637675.0,0.0,-2.2826,-9.829,-0.02179,0.0,0.0,12.1644,0.0,0.0,128.0,525.0
637715.0,0.0,-2.6139,-7.001,-0.02179,0.0,0.0,12.1644,0.0,0.0,128.0,526.0
637755.0,0.0,-2.9637,-8.946,-0.02179,0.0,0.0,12.1644,0.0,0.0,128.0,538.0
637796.0,0.0,2.959,-12.26,-0.02179,0.0,0.0,12.1644,0.0,0.0,128.0,539.0
637836.0,0.0,2.7857,-5.002,-0.02179,0.0,0.0,12.1644,0.0,0.0,128.0,532.0
637876.0,0.0,2.5403,-5.894,-0.02179,0.0,0.0,12.1644,0.0,0.0,128.0,545.0
637917.0,0.0,2.5019,-0.703,-0.02179,0.0,0.0,12.1644,0.0,0.0,128.0,538.0
637957.0,0.0,2.5525,1.509,-0.02179,0.0,0.0,12.1644,0.0,0.0,128.0,532.0
637997.0,0.0,2.6645,3.785,-0.02179,0.0,0.0,12.1644,0.0,0.0,128.0,539.0
638038.0,0.0,2.867,5.569,-0.02179,0.0,0.0,12.1644,0.0,0.0,128.0,533.0
638078.0,0.0,3.0496,15.62,-0.02179,0.0,0.0,12.1644,0.0,0.0,128.0,538.0
638118.0,0.0,-2.7642,7.634,-0.02179,0.0,0.0,12.1644,0.0,0.0,128.0,526.0
638158.0,0.0,-2.4083,14.513,-0.02179,0.0,0.0,12.1644,0.0,0.0,128.0,526.0
638198.0,0.0,-2.3562,9.983,-0.02179,0.0,0.0,12.1644,0.0,0.0,128.0,538.0
638239.0,0.0,-1.8546,15.276,-0.02179,0.0,0.0,12.1644,0.0,0.0,128.0,532.0
638279.0,0.0,-1.9374,-12.258,-0.02179,0.0,0.0,12.1644,0.0,0.0,128.0,538.0
638319.0,0.0,-1.9267,-1.481,-0.02179,0.0,0.0,12.1644,0.0,0.0,128.0,526.0
638360.0,0.0,-2.0494,-2.456,-0.02179,0.0,0.0,12.1644,0.0,0.0,128.0,525.0
638400.0,0.0,-2.3178,-7.831,-0.02179,0.0,0.0,12.1644,0.0,0.0,128.0,525.0
638440.0,0.0,-2.62,-7.312,-0.02179,0.0,0.0,12.1644,0.0,0.0,128.0,532.0
638480.0,0.0,-2.8532,-15.363,-0.02179,0.0,0.0,12.1644,0.0,0.0,128.0,527.0
638520.0,0.0,3.0342,-9.49,-0.02179,0.0,0.0,12.1644,0.0,0.0,128.0,538.0
638561.0,0.0,2.8333,-3.198,-0.02179,0.0,0.0,12.1644,0.0,0.0,128.0,533.0
638601.0,0.0,2.663,-2.459,-0.02179,0.0,0.0,12.1644,0.0,0.0,128.0,533.0
638641.0,0.0,2.5679,1.161,-0.02179,0.0,0.0,12.1644,0.0,0.0,128.0,532.0
638681.0,0.0,2.6323,4.468,-0.02179,0.0,0.0,12.1644,0.0,0.0,128.0,538.0
638722.0,0.0,2.7412,3.148,-0.02179,0.0,0.0,12.1644,0.0,0.0,128.0,526.0
638762.0,0.0,2.9176,5.296,-0.02179,0.0,0.0,12.1644,0.0,0.0,128.0,539.0
638802.0,0.0,2.8777,13.996,-0.02179,0.0,0.0,12.1644,0.0,0.0,128.0,533.0
638843.0,0.0,3.1002,7.293,-0.02179,0.0,0.0,12.1644,0.0,0.0,128.0,526.0
638883.0,0.0,-2.732,17.625,-0.02179,0.0,0.0,12.1644,0.0,0.0,128.0,552.0
638923.0,0.0,-2.3117,-7.28,-0.02179,0.0,0.0,12.1644,0.0,0.0,128.0,537.0
638963.0,0.0,-2.3547,-16.039,-0.02179,0.0,0.0,12.1644,0.0,0.0,128.0,546.0
639004.0,0.0,-2.89,-6.719,-0.02179,0.0,0.0,12.1644,0.0,0.0,128.0,533.0
639044.0,0.0,-3.0557,-9.552,-0.02179,0.0,0.0,12.1644,0.0,0.0,128.0,539.0
639085.0,0.0,3.0403,-3.852,-0.02179,0.0,0.0,12.1644,0.0,0.0,128.0,533.0
639125.0,0.0,3.0158,-3.127,-0.02179,0.0,0.0,12.1644,0.0,0.0,128.0,538.0
639165.0,0.0,3.0112,1.495,-0.02179,0.0,0.0,12.1644,0.0,0.0,128.0,532.0
639206.0,0.0,3.091,1.256,-0.02179,0.0,0.0,12.1644,0.0,0.0,128.0,539.0
639246.0,0.0,3.1278,0.695,-0.02179,0.0,0.0,12.1644,0.0,0.0,128.0,539.0
639286.0,0.0,-3.1309,0.22,-0.02179,0.0,0.0,12.1644,0.0,0.0,128.0,539.0
639327.0,0.0,-3.1324,-0.444,-0.02179,0.0,0.0,12.1644,0.0,0.0,128.0,539.0
639367.0,0.0,3.1186,1.215,-0.02179,0.0,0.0,12.1644,0.0,0.0,128.0,539.0
639407.0,0.0,3.1401,-0.015,-0.02179,0.0,0.0,12.1644,0.0,0.0,128.0,532.0
639448.0,0.0,3.1385,-0.493,-0.02179,0.0,0.0,12.1644,0.0,0.0,128.0,538.0
639488.0,0.0,-3.0311,14.416,-0.02179,0.0,0.0,12.1644,0.0,0.0,128.0,533.0
639528.0,0.0,-2.8532,4.582,-0.02179,0.0,0.0,12.1644,0.0,0.0,128.0,539.0
639569.0,0.0,-2.709,0.729,-0.02179,0.0,0.0,12.1644,0.0,0.0,128.0,527.0
639609.0,0.0,-2.7013,-0.802,-0.02179,0.0,0.0,12.1644,0.0,0.0,128.0,527.0
639649.0,0.0,-2.8501,2.558,-0.02179,0.0,0.0,12.1644,0.0,0.0,128.0,532.0
639690.0,0.0,-2.7673,0.389,-0.02179,0.0,0.0,12.1644,0.0,0.0,128.0,538.0
639730.0,0.0,-2.8885,-6.124,-0.02179,0.0,0.0,12.1644,0.0,0.0,128.0,538.0
639770.0,0.0,-2.7213,6.902,-0.02179,0.0,0.0,12.1644,0.0,0.0,128.0,527.0
639810.0,0.0,-2.752,-1.436,-0.02179,0.0,0.0,12.1644,0.0,0.0,128.0,533.0
639850.0,0.0,-2.8747,-3.999,-0.02179,0.0,0.0,12.1644,0.0,0.0,128.0,539.0
639891.0,0.0,-2.9683,-0.701,-0.02179,0.0,0.0,12.1644,0.0,0.0,128.0,526.0
639931.0,0.0,-2.9054,3.425,-0.02179,0.0,0.0,12.1644,0.0,0.0,128.0,527.0
639971.0,0.0,-2.9207,-2.676,-0.02179,0.0,0.0,12.1644,0.0,0.0,128.0,533.0
640012.0,0.0,-2.9805,0.234,-0.02179,0.0,0.0,12.1644,0.0,0.0,128.0,539.0
640052.0,0.0,-2.9483,-0.06,-0.02179,0.0,0.0,12.1644,0.0,0.0,128.0,539.0
640092.0,0.0,-2.9683,-0.534,-0.02179,0.0,0.0,12.1644,0.0,0.0,128.0,526.0
640132.0,0.0,-2.9406,1.416,-0.02179,0.0,0.0,12.1644,0.0,0.0,128.0,526.0
640172.0,0.0,-2.8593,2.295,-0.02179,0.0,0.0,12.1644,0.0,0.0,128.0,526.0
640213.0,0.0,-2.8026,-0.064,-0.02179,0.0,0.0,12.1644,0.0,0.0,128.0,527.0
640253.0,0.0,-2.8348,1.261,-0.02179,0.0,0.0,12.1644,0.0,0.0,128.0,526.0
640293.0,0.0,-2.8256,-0.667,-0.02179,0.0,0.0,12.1644,0.0,0.0,128.0,533.0
640333.0,0.0,-2.821,0.008,-0.02179,0.0,0.0,12.1644,0.0,0.0,128.0,525.0
640373.0,0.0,-2.8363,-0.712,-0.02179,0.0,0.0,12.1644,0.0,0.0,128.0,538.0
640414.0,0.0,-2.8762,-1.277,-0.02179,0.0,0.0,12.1644,0.0,0.0,128.0,539.0
640454.0,0.0,-2.9176,-0.987,-0.02179,0.0,0.0,12.1644,0.0,0.0,128.0,539.0
640495.0,0.0,-2.9483,-0.547,-0.02179,0.0,0.0,12.1644,0.0,0.0,128.0,539.0
640535.0,0.0,-2.9498,0.38,-0.02179,0.0,0.0,12.1644,0.0,0.0,128.0,526.0
640575.0,0.0,-2.9284,1.136,-0.02179,0.0,0.0,12.1644,0.0,0.0,128.0,527.0
640615.0,0.0,-2.8946,0.878,-0.02179,0.0,0.0,12.1644,0.0,0.0,128.0,532.0
640656.0,0.0,-2.8609,0.793,-0.02179,0.0,0.0,12.1644,0.0,0.0,128.0,533.0
640696.0,0.0,-2.844,0.066,-0.02179,0.0,0.0,12.1644,0.0,0.0,128.0,527.0
640736.0,0.0,-2.8486,-0.327,-0.02179,0.0,0.0,12.1644,0.0,0.0,128.0,527.0
640777.0,0.0,-2.8731,-0.337,-0.02179,0.0,0.0,12.1644,0.0,0.0,128.0,526.0
640817.0,0.0,-2.9054,-0.712,-0.02179,0.0,0.0,12.1644,0.0,0.0,128.0,533.0
640858.0,0.0,-2.9299,-0.379,-0.02179,0.0,0.0,12.1644,0.0,0.0,128.0,526.0
640898.0,0.0,-2.9376,-0.0,-0.02179,0.0,0.0,12.1644,0.0,0.0,128.0,526.0
640938.0,0.0,-2.9253,0.53,-0.02179,0.0,0.0,12.1644,0.0,0.0,128.0,526.0
640979.0,0.0,-2.9008,0.87,-0.02179,0.0,0.0,12.1644,0.0,0.0,128.0,533.0
641019.0,0.0,-2.8762,0.597,-0.02179,0.0,0.0,12.1644,0.0,0.0,128.0,538.0
641059.0,0.0,-2.8609,0.224,-0.02179,0.0,0.0,12.1644,0.0,0.0,128.0,539.0
641099.0,0.0,-2.8609,-0.203,-0.02179,0.0,0.0,12.1644,0.0,0.0,128.0,538.0
641140.0,0.0,-2.8747,-0.465,-0.02179,0.0,0.0,12.1644,0.0,0.0,128.0,532.0
641180.0,0.0,-2.8962,-0.471,-0.02179,0.0,0.0,12.1644,0.0,0.0,128.0,532.0
641220.0,0.0,-2.9161,-0.427,-0.02179,0.0,0.0,12.1644,0.0,0.0,128.0,538.0
641261.0,0.0,-2.9253,-0.02,-0.02179,0.0,0.0,12.1644,0.0,0.0,128.0,533.0
641301.0,0.0,-2.9207,0.325,-0.02179,0.0,0.0,12.1644,0.0,0.0,128.0,532.0
641341.0,0.0,-2.9054,0.529,-0.02179,0.0,0.0,12.1644,0.0,0.0,128.0,532.0
641381.0,0.0,-2.8885,0.384,-0.02179,0.0,0.0,12.1644,0.0,0.0,128.0,532.0
641422.0,0.0,-2.8747,0.244,-0.02179,0.0,0.0,12.1644,0.0,0.0,128.0,532.0
641462.0,0.0,-2.8716,-0.044,-0.02179,0.0,0.0,12.1644,0.0,0.0,128.0,532.0
641502.0,0.0,-2.8793,-0.554,-0.02179,0.0,0.0,12.1644,0.0,0.0,128.0,532.0
641542.0,0.0,-2.8931,-0.498,-0.02179,0.0,0.0,12.1644,0.0,0.0,128.0,532.0
641583.0,0.0,-2.9069,-0.307,-0.02179,0.0,0.0,12.1644,0.0,0.0,128.0,526.0
641623.0,0.0,-2.9161,-0.286,-0.02179,0.0,0.0,12.1644,0.0,0.0,128.0,526.0
641664.0,0.0,-2.9146,0.138,-0.02179,0.0,0.0,12.1644,0.0,0.0,128.0,527.0
641704.0,0.0,-2.9054,0.318,-0.02179,0.0,0.0,12.1644,0.0,0.0,128.0,538.0
641744.0,0.0,-2.8931,0.342,-0.02179,0.0,0.0,12.1644,0.0,0.0,128.0,539.0
641784.0,0.0,-2.8839,0.286,-0.02179,0.0,0.0,12.1644,0.0,0.0,128.0,533.0
641825.0,0.0,-2.8793,0.264,-0.02179,0.0,0.0,12.1644,0.0,0.0,128.0,526.0
641865.0,0.0,-2.8839,-0.253,-0.02179,0.0,0.0,12.1644,0.0,0.0,128.0,527.0
641906.0,0.0,-2.8931,-0.229,-0.02179,0.0,0.0,12.1644,0.0,0.0,128.0,539.0
641946.0,0.0,-2.9038,-0.426,-0.02179,0.0,0.0,12.1644,0.0,0.0,128.0,533.0
641987.0,0.0,-2.91,-0.361,-0.02179,0.0,0.0,12.1644,0.0,0.0,128.0,526.0
642027.0,0.0,-2.91,-0.139,-0.02179,0.0,0.0,12.1644,0.0,0.0,128.0,533.0
642067.0,0.0,-2.9038,0.085,-0.02179,0.0,0.0,12.1644,0.0,0.0,128.0,532.0
642108.0,0.0,-2.8946,0.359,-0.02179,0.0,0.0,12.1644,0.0,0.0,128.0,527.0
642148.0,0.0,-2.8885,0.138,-0.02179,0.0,0.0,12.1644,0.0,0.0,128.0,539.0
642188.0,0.0,-2.887,-0.117,-0.02179,0.0,0.0,12.1644,0.0,0.0,128.0,527.0
642228.0,0.0,-2.89,-0.347,-0.02179,0.0,0.0,12.1644,0.0,0.0,128.0,532.0
642269.0,0.0,-2.8946,-0.064,-0.02179,0.0,0.0,12.1644,0.0,0.0,128.0,539.0
642309.0,0.0,-2.9023,-0.367,-0.02179,0.0,0.0,12.1644,0.0,0.0,128.0,526.0
642349.0,0.0,-2.9069,-0.341,-0.02179,0.0,0.0,12.1644,0.0,0.0,128.0,526.0
642389.0,0.0,-2.9054,0.001,-0.02179,0.0,0.0,12.1644,0.0,0.0,128.0,526.0
642429.0,0.0,-2.9008,0.286,-0.02179,0.0,0.0,12.1644,0.0,0.0,128.0,538.0
642470.0,0.0,-2.8946,0.14,-0.02179,0.0,0.0,12.1644,0.0,0.0,128.0,539.0
642510.0,0.0,-2.8916,0.113,-0.02179,0.0,0.0,12.1644,0.0,0.0,128.0,533.0
642551.0,0.0,-2.89,0.0,-0.02179,0.0,0.0,12.1644,0.0,0.0,128.0,533.0
642591.0,0.0,-2.8931,-0.011,-0.02179,0.0,0.0,12.1644,0.0,0.0,128.0,533.0
642631.0,0.0,-2.8977,-0.293,-0.02179,0.0,0.0,12.1644,0.0,0.0,128.0,526.0
642671.0,0.0,-2.9023,-0.341,-0.02179,0.0,0.0,12.1644,0.0,0.0,128.0,538.0
642712.0,0.0,-2.9038,-0.048,-0.02179,0.0,0.0,12.1644,0.0,0.0,128.0,527.0
642752.0,0.0,-2.9023,0.0,-0.02179,0.0,0.0,12.1644,0.0,0.0,128.0,539.0
642792.0,0.0,-2.8992,-0.046,-0.02179,0.0,0.0,12.1644,0.0,0.0,128.0,538.0
642832.0,0.0,-2.8946,0.111,-0.02179,0.0,0.0,12.1644,0.0,0.0,128.0,533.0
642873.0,0.0,-2.8931,0.005,-0.02179,0.0,0.0,12.1644,0.0,0.0,128.0,527.0
642913.0,0.0,-2.8946,-0.199,-0.02179,0.0,0.0,12.1644,0.0,0.0,128.0,539.0
642953.0,0.0,-2.8962,-0.164,-0.02179,0.0,0.0,12.1644,0.0,0.0,128.0,539.0
642994.0,0.0,-2.8992,-0.02,-0.02179,0.0,0.0,12.1644,0.0,0.0,128.0,533.0
643034.0,0.0,-2.9008,-0.0,-0.02179,0.0,0.0,12.1644,0.0,0.0,128.0,525.0
643074.0,0.0,-2.9008,0.003,-0.02179,0.0,0.0,12.1644,0.0,0.0,128.0,539.0
643115.0,0.0,-2.8992,0.002,-0.02179,0.0,0.0,12.1644,0.0,0.0,128.0,539.0
643155.0,0.0,-2.8962,0.132,-0.02179,0.0,0.0,12.1644,0.0,0.0,128.0,533.0
643195.0,0.0,-2.8946,0.014,-0.02179,0.0,0.0,12.1644,0.0,0.0,128.0,538.0
643236.0,0.0,-2.8946,0.0,-0.02179,0.0,0.0,12.1644,0.0,0.0,128.0,526.0
643276.0,0.0,-2.8946,0.313,-0.02179,0.0,0.0,12.1644,0.0,0.0,128.0,532.0
643316.0,0.0,-2.8977,-0.0,-0.02179,0.0,0.0,12.1644,0.0,0.0,128.0,539.0
643357.0,0.0,-2.9008,-0.184,-0.02179,0.0,0.0,12.1644,0.0,0.0,128.0,526.0
643397.0,0.0,-2.9008,-0.141,-0.02179,0.0,0.0,12.1644,0.0,0.0,128.0,538.0
643437.0,0.0,-2.8977,0.341,-0.02179,0.0,0.0,12.1644,0.0,0.0,128.0,532.0
643478.0,0.0,-2.8977,0.0,-0.02179,0.0,0.0,12.1644,0.0,0.0,128.0,527.0
643518.0,0.0,-2.8962,0.0,-0.02179,0.0,0.0,12.1644,0.0,0.0,128.0,532.0
643558.0,0.0,-2.8962,-0.265,-0.02179,0.0,0.0,12.1644,0.0,0.0,128.0,527.0
643598.0,0.0,-2.8962,0.001,-0.02179,0.0,0.0,12.1644,0.0,0.0,128.0,526.0
643638.0,0.0,-2.8977,-0.0,-0.02179,0.0,0.0,12.1644,0.0,0.0,128.0,538.0
643678.0,0.0,-2.8992,-0.073,-0.02179,0.0,0.0,12.1644,0.0,0.0,128.0,539.0
643719.0,0.0,-2.8992,-0.0,-0.02179,0.0,0.0,12.1644,0.0,0.0,128.0,532.0
643759.0,0.0,-2.8992,-0.02,-0.02179,0.0,0.0,12.1644,0.0,0.0,128.0,533.0
643799.0,0.0,-2.8977,0.0,-0.02179,0.0,0.0,12.1644,0.0,0.0,128.0,525.0
643839.0,0.0,-2.8962,0.073,-0.02179,0.0,0.0,12.1644,0.0,0.0,128.0,539.0
643880.0,0.0,-2.8962,0.068,-0.02179,0.0,0.0,12.1644,0.0,0.0,128.0,539.0
643920.0,0.0,-2.8977,-0.208,-0.02179,0.0,0.0,12.1644,0.0,0.0,128.0,539.0
643960.0,0.0,-2.8977,-0.0,-0.02179,0.0,0.0,12.1644,0.0,0.0,128.0,526.0
644000.0,0.0,-2.8992,-0.11,-0.02179,0.0,0.0,12.1644,0.0,0.0,128.0,533.0
644041.0,0.0,-2.8992,-0.057,-0.02179,0.0,0.0,12.1644,0.0,0.0,128.0,533.0
644081.0,0.0,-2.8977,0.001,-0.02179,0.0,0.0,12.1644,0.0,0.0,128.0,538.0
644121.0,0.0,-2.8962,0.32,-0.02179,0.0,0.0,12.1644,0.0,0.0,128.0,539.0
644162.0,0.0,-2.8962,0.248,-0.02179,0.0,0.0,12.1644,0.0,0.0,128.0,526.0
644202.0,0.0,-2.8962,0.235,-0.02179,0.0,0.0,12.1644,0.0,0.0,128.0,532.0
644242.0,0.0,-2.8977,-0.079,-0.02179,0.0,0.0,12.1644,0.0,0.0,128.0,533.0
644282.0,0.0,-2.8977,0.068,-0.02179,0.0,0.0,12.1644,0.0,0.0,128.0,533.0
644323.0,0.0,-2.8977,0.172,-0.02179,0.0,0.0,12.1644,0.0,0.0,128.0,533.0
644363.0,0.0,-2.8977,0.069,-0.02179,0.0,0.0,12.1644,0.0,0.0,128.0,533.0
644403.0,0.0,-2.8977,0.001,-0.02179,0.0,0.0,12.1644,0.0,0.0,128.0,538.0
644444.0,0.0,-2.8977,-0.201,-0.02179,0.0,0.0,12.1644,0.0,0.0,128.0,526.0
644484.0,0.0,-2.8977,-0.11,-0.02179,0.0,0.0,12.1644,0.0,0.0,128.0,532.0
644524.0,0.0,-2.8977,-0.0,-0.02179,0.0,0.0,12.1644,0.0,0.0,128.0,526.0
644564.0,0.0,-2.8977,-0.0,-0.02179,0.0,0.0,12.1644,0.0,0.0,128.0,532.0
644604.0,0.0,-2.8992,-0.236,-0.02179,0.0,0.0,12.1644,0.0,0.0,128.0,538.0
644645.0,0.0,-2.8992,-0.341,-0.02179,0.0,0.0,12.1644,0.0,0.0,128.0,533.0
644685.0,0.0,-2.8977,0.0,-0.02179,0.0,0.0,12.1644,0.0,0.0,128.0,526.0
644725.0,0.0,-2.8977,-0.032,-0.02179,0.0,0.0,12.1644,0.0,0.0,128.0,539.0
644766.0,0.0,-2.8977,-0.003,-0.02179,0.0,0.0,12.1644,0.0,0.0,128.0,533.0
644806.0,0.0,-2.8977,-0.0,-0.02179,0.0,0.0,12.1644,0.0,0.0,128.0,527.0
644846.0,0.0,-2.8977,-0.0,-0.02179,0.0,0.0,12.1644,0.0,0.0,128.0,532.0
644887.0,0.0,-2.8977,-0.0,-0.02179,0.0,0.0,12.1644,0.0,0.0,128.0,526.0
644927.0,0.0,-2.8977,0.008,-0.02179,0.0,0.0,12.1644,0.0,0.0,128.0,539.0
644967.0,0.0,-2.8977,0.0,-0.02179,0.0,0.0,12.1644,0.0,0.0,128.0,526.0
645007.0,0.0,-2.8977,0.0,-0.02179,0.0,0.0,12.1644,0.0,0.0,128.0,525.0
645048.0,0.0,-2.8977,-0.0,-0.02179,0.0,0.0,12.1644,0.0,0.0,128.0,539.0
645088.0,0.0,-2.8977,-0.089,-0.02179,0.0,0.0,12.1644,0.0,0.0,128.0,539.0
645128.0,0.0,-2.8977,-0.0,-0.02179,0.0,0.0,12.1644,0.0,0.0,128.0,532.0
645169.0,0.0,-2.8977,-0.0,-0.02179,0.0,0.0,12.1644,0.0,0.0,128.0,526.0
645209.0,0.0,-2.8977,0.0,-0.02179,0.0,0.0,12.1644,0.0,0.0,128.0,519.0
645249.0,0.0,-2.8977,0.0,-0.02179,0.0,0.0,12.1644,0.0,0.0,128.0,526.0
645289.0,0.0,-2.8977,0.0,-0.02179,0.0,0.0,12.1644,0.0,0.0,128.0,532.0
645330.0,0.0,-2.8977,0.0,-0.02179,0.0,0.0,12.1644,0.0,0.0,128.0,532.0
645370.0,0.0,-2.8977,-0.119,-0.02179,0.0,0.0,12.1644,0.0,0.0,128.0,539.0
645410.0,0.0,-2.8977,-0.003,-0.02179,0.0,0.0,12.1644,0.0,0.0,128.0,538.0
645450.0,0.0,-2.8977,0.007,-0.02179,0.0,0.0,12.1644,0.0,0.0,128.0,527.0
645490.0,0.0,-2.8977,0.0,-0.02179,0.0,0.0,12.1644,0.0,0.0,128.0,532.0
645530.0,0.0,-2.8977,0.032,-0.02179,0.0,0.0,12.1644,0.0,0.0,128.0,539.0
645571.0,0.0,-2.8977,0.0,-0.02179,0.0,0.0,12.1644,0.0,0.0,128.0,532.0
645611.0,0.0,-2.8977,0.0,-0.02179,0.0,0.0,12.1644,0.0,0.0,128.0,532.0
645651.0,0.0,-2.8962,0.341,-0.02179,0.0,0.0,12.1644,0.0,0.0,128.0,533.0
645691.0,0.0,-2.8977,-0.0,-0.02179,0.0,0.0,12.1644,0.0,0.0,128.0,525.0
645732.0,0.0,-2.8977,-0.0,-0.02179,0.0,0.0,12.1644,0.0,0.0,128.0,526.0
645772.0,0.0,-2.8977,-0.0,-0.02179,0.0,0.0,12.1644,0.0,0.0,128.0,526.0
645812.0,0.0,-2.8977,0.0,-0.02179,0.0,0.0,12.1644,0.0,0.0,128.0,526.0
645852.0,0.0,-2.8977,-0.068,-0.02179,0.0,0.0,12.1644,0.0,0.0,128.0,526.0
645893.0,0.0,-2.8977,-0.0,-0.02179,0.0,0.0,12.1644,0.0,0.0,128.0,525.0
645933.0,0.0,-2.8977,0.018,-0.02179,0.0,0.0,12.1644,0.0,0.0,128.0,539.0
645973.0,0.0,-2.8977,-0.0,-0.02179,0.0,0.0,12.1644,0.0,0.0,128.0,525.0
646013.0,0.0,-2.8977,-0.0,-0.02179,0.0,0.0,12.1644,0.0,0.0,128.0,526.0
646053.0,0.0,-2.8977,0.008,-0.02179,0.0,0.0,12.1644,0.0,0.0,128.0,533.0
646094.0,0.0,-2.8977,0.001,-0.02179,0.0,0.0,12.1644,0.0,0.0,128.0,526.0
646134.0,0.0,-2.8977,0.068,-0.02179,0.0,0.0,12.1644,0.0,0.0,128.0,527.0
646174.0,0.0,-2.8977,-0.005,-0.02179,0.0,0.0,12.1644,0.0,0.0,128.0,526.0
646214.0,0.0,-2.8977,-0.0,-0.02179,0.0,0.0,12.1644,0.0,0.0,128.0,532.0
646254.0,0.0,-2.8977,-0.0,-0.02179,0.0,0.0,12.1644,0.0,0.0,128.0,525.0
646294.0,0.0,-2.8977,0.0,-0.02179,0.0,0.0,12.1644,0.0,0.0,128.0,538.0
646334.0,0.0,-2.8977,0.0,-0.02179,0.0,0.0,12.1644,0.0,0.0,128.0,525.0
646375.0,0.0,-2.8977,0.0,-0.02179,0.0,0.0,12.1644,0.0,0.0,128.0,531.0
646415.0,0.0,-2.8977,0.0,-0.02179,0.0,0.0,12.1644,0.0,0.0,128.0,525.0
646455.0,0.0,-2.8977,0.0,-0.02179,0.0,0.0,12.1644,0.0,0.0,128.0,525.0
646496.0,0.0,-2.8977,0.0,-0.02179,0.0,0.0,12.1644,0.0,0.0,128.0,525.0
646536.0,0.0,-2.8977,-0.003,-0.02179,0.0,0.0,12.1644,0.0,0.0,128.0,538.0
646576.0,0.0,-2.8977,-0.0,-0.02179,0.0,0.0,12.1644,0.0,0.0,128.0,531.0
646616.0,0.0,-2.8977,0.0,-0.02179,0.0,0.0,12.1644,0.0,0.0,128.0,519.0
646656.0,0.0,-2.8977,0.008,-0.02179,0.0,0.0,12.1644,0.0,0.0,128.0,526.0
646696.0,0.0,-2.8977,0.0,-0.02179,0.0,0.0,12.1644,0.0,0.0,128.0,525.0
646736.0,0.0,-2.8977,0.0,-0.02179,0.0,0.0,12.1644,0.0,0.0,128.0,539.0
646777.0,0.0,-2.8977,0.0,-0.02179,0.0,0.0,12.1644,0.0,0.0,128.0,532.0
646817.0,0.0,-2.8977,0.0,-0.02179,0.0,0.0,12.1644,0.0,0.0,128.0,532.0
646857.0,0.0,-2.8977,-0.0,-0.02179,0.0,0.0,12.1644,0.0,0.0,128.0,531.0
646897.0,0.0,-2.8977,-0.021,-0.02179,0.0,0.0,12.1644,0.0,0.0,128.0,527.0
646937.0,0.0,-2.8977,0.068,-0.02179,0.0,0.0,12.1644,0.0,0.0,128.0,533.0
646977.0,0.0,-2.8977,0.0,-0.02179,0.0,0.0,12.1644,0.0,0.0,128.0,532.0
647017.0,0.0,-2.8977,0.0,-0.02179,0.0,0.0,12.1644,0.0,0.0,128.0,532.0
647058.0,0.0,-2.8977,0.02,-0.02179,0.0,0.0,12.1644,0.0,0.0,128.0,539.0
647098.0,0.0,-2.8977,-0.0,-0.02179,0.0,0.0,12.1644,0.0,0.0,128.0,526.0
647138.0,0.0,-2.8977,0.0,-0.02179,0.0,0.0,12.1644,0.0,0.0,128.0,532.0
647178.0,0.0,-2.8977,0.0,-0.02179,0.0,0.0,12.1644,0.0,0.0,128.0,532.0
647219.0,0.0,-2.8977,0.0,-0.02179,0.0,0.0,12.1644,0.0,0.0,128.0,532.0
647259.0,0.0,-2.8977,0.0,-0.02179,0.0,0.0,12.1644,0.0,0.0,128.0,519.0
647299.0,0.0,-2.8977,0.0,-0.02179,0.0,0.0,12.1644,0.0,0.0,128.0,531.0
647339.0,0.0,-2.8977,-0.002,-0.02179,0.0,0.0,12.1644,0.0,0.0,128.0,538.0
647380.0,0.0,-2.8977,-0.0,-0.02179,0.0,0.0,12.1644,0.0,0.0,128.0,519.0
647420.0,0.0,-2.8977,-0.0,-0.02179,0.0,0.0,12.1644,0.0,0.0,128.0,526.0
647460.0,0.0,-2.8977,-0.0,-0.02179,0.0,0.0,12.1644,0.0,0.0,128.0,531.0
647501.0,0.0,-2.8977,-0.0,-0.02179,0.0,0.0,12.1644,0.0,0.0,128.0,539.0
647541.0,0.0,-2.8977,-0.0,-0.02179,0.0,0.0,12.1644,0.0,0.0,128.0,532.0
647582.0,0.0,-2.8977,-0.0,-0.02179,0.0,0.0,12.1644,0.0,0.0,128.0,525.0
647622.0,0.0,-2.8962,0.341,-0.02179,0.0,0.0,12.1644,0.0,0.0,128.0,539.0
647662.0,0.0,-2.8977,0.021,-0.02179,0.0,0.0,12.1644,0.0,0.0,128.0,526.0
647702.0,0.0,-2.8977,-0.049,-0.02179,0.0,0.0,12.1644,0.0,0.0,128.0,539.0
647743.0,0.0,-2.8977,0.068,-0.02179,0.0,0.0,12.1644,0.0,0.0,128.0,533.0
647783.0,0.0,-2.8977,-0.001,-0.02179,0.0,0.0,12.1644,0.0,0.0,128.0,538.0
647823.0,0.0,-2.8977,-0.0,-0.02179,0.0,0.0,12.1644,0.0,0.0,128.0,538.0
647864.0,0.0,-2.8977,-0.0,-0.02179,0.0,0.0,12.1644,0.0,0.0,128.0,525.0
647904.0,0.0,-2.8977,-0.0,-0.02179,0.0,0.0,12.1644,0.0,0.0,128.0,520.0
647944.0,0.0,-2.8977,-0.005,-0.02179,0.0,0.0,12.1644,0.0,0.0,128.0,527.0
647984.0,0.0,-2.8977,0.0,-0.02179,0.0,0.0,12.1644,0.0,0.0,128.0,527.0
648024.0,0.0,-2.8977,0.0,-0.02179,0.0,0.0,12.1644,0.0,0.0,128.0,526.0
648064.0,0.0,-2.8977,0.0,-0.02179,0.0,0.0,12.1644,0.0,0.0,128.0,525.0
648105.0,0.0,-2.8977,0.0,-0.02179,0.0,0.0,12.1644,0.0,0.0,128.0,531.0
648145.0,0.0,-2.8977,0.0,-0.02179,0.0,0.0,12.1644,0.0,0.0,128.0,531.0
648186.0,0.0,-2.8977,0.0,-0.02179,0.0,0.0,12.1644,0.0,0.0,128.0,519.0
648226.0,0.0,-2.8977,0.0,-0.02179,0.0,0.0,12.1644,0.0,0.0,128.0,531.0
648266.0,0.0,-2.8977,0.0,-0.02179,0.0,0.0,12.1644,0.0,0.0,128.0,532.0
648306.0,0.0,-2.8977,0.0,-0.02179,0.0,0.0,12.1644,0.0,0.0,128.0,531.0
648347.0,0.0,-2.8977,0.0,-0.02179,0.0,0.0,12.1644,0.0,0.0,128.0,531.0
648387.0,0.0,-2.8977,0.0,-0.02179,0.0,0.0,12.1644,0.0,0.0,128.0,532.0
648427.0,0.0,-2.8977,-0.0,-0.02179,0.0,0.0,12.1644,0.0,0.0,128.0,520.0
648467.0,0.0,-2.8977,0.001,-0.02179,0.0,0.0,12.1644,0.0,0.0,128.0,526.0
648507.0,0.0,-2.8977,0.0,-0.02179,0.0,0.0,12.1644,0.0,0.0,128.0,525.0
648548.0,0.0,-2.8977,0.0,-0.02179,0.0,0.0,12.1644,0.0,0.0,128.0,532.0
648588.0,0.0,-2.8977,0.0,-0.02179,0.0,0.0,12.1644,0.0,0.0,128.0,526.0
648628.0,0.0,-2.8977,0.015,-0.02179,0.0,0.0,12.1644,0.0,0.0,128.0,526.0
648668.0,0.0,-2.8977,0.032,-0.02179,0.0,0.0,12.1644,0.0,0.0,128.0,533.0
648709.0,0.0,-2.8977,0.0,-0.02179,0.0,0.0,12.1644,0.0,0.0,128.0,520.0
648749.0,0.0,-2.8977,0.0,-0.02179,0.0,0.0,12.1644,0.0,0.0,128.0,520.0
648789.0,0.0,-2.8977,0.0,-0.02179,0.0,0.0,12.1644,0.0,0.0,128.0,526.0
648829.0,0.0,-2.8977,0.075,-0.02179,0.0,0.0,12.1644,0.0,0.0,128.0,533.0
648870.0,0.0,-2.8977,0.0,-0.02179,0.0,0.0,12.1644,0.0,0.0,128.0,525.0
648910.0,0.0,-2.8977,0.0,-0.02179,0.0,0.0,12.1644,0.0,0.0,128.0,525.0
648950.0,0.0,-2.8977,0.0,-0.02179,0.0,0.0,12.1644,0.0,0.0,128.0,526.0
648990.0,0.0,-2.8992,-0.341,-0.02179,0.0,0.0,12.1644,0.0,0.0,128.0,539.0
649031.0,0.0,-2.8977,0.0,-0.02179,0.0,0.0,12.1644,0.0,0.0,128.0,526.0
649071.0,0.0,-2.8977,0.0,-0.02179,0.0,0.0,12.1644,0.0,0.0,128.0,526.0
649111.0,0.0,-2.8977,0.0,-0.02179,0.0,0.0,12.1644,0.0,0.0,128.0,532.0
649151.0,0.0,-2.8977,0.0,-0.02179,0.0,0.0,12.1644,0.0,0.0,128.0,525.0
649192.0,0.0,-2.8977,0.0,-0.02179,0.0,0.0,12.1644,0.0,0.0,128.0,519.0
649232.0,0.0,-2.8977,0.0,-0.02179,0.0,0.0,12.1644,0.0,0.0,128.0,532.0
649272.0,0.0,-2.8977,0.032,-0.02179,0.0,0.0,12.1644,0.0,0.0,128.0,538.0
649313.0,0.0,-2.8977,0.0,-0.02179,0.0,0.0,12.1644,0.0,0.0,128.0,532.0
649353.0,0.0,-2.8977,0.0,-0.02179,0.0,0.0,12.1644,0.0,0.0,128.0,520.0
649393.0,0.0,-2.8977,0.068,-0.02179,0.0,0.0,12.1644,0.0,0.0,128.0,539.0
649434.0,0.0,-2.8977,-0.04,-0.02179,0.0,0.0,12.1644,0.0,0.0,128.0,539.0
649474.0,0.0,-2.8977,-0.0,-0.02179,0.0,0.0,12.1644,0.0,0.0,128.0,532.0
649514.0,0.0,-2.8977,-0.0,-0.02179,0.0,0.0,12.1644,0.0,0.0,128.0,525.0
649554.0,0.0,-2.8977,-0.0,-0.02179,0.0,0.0,12.1644,0.0,0.0,128.0,532.0
649595.0,0.0,-2.8977,-0.0,-0.02179,0.0,0.0,12.1644,0.0,0.0,128.0,519.0
649635.0,0.0,-2.8977,-0.0,-0.02179,0.0,0.0,12.1644,0.0,0.0,128.0,526.0
649675.0,0.0,-2.8977,-0.0,-0.02179,0.0,0.0,12.1644,0.0,0.0,128.0,532.0
649715.0,0.0,-2.8977,0.0,-0.02179,0.0,0.0,12.1644,0.0,0.0,128.0,539.0
649756.0,0.0,-2.8977,0.0,-0.02179,0.0,0.0,12.1644,0.0,0.0,128.0,526.0
649796.0,0.0,-2.8977,0.0,-0.02179,0.0,0.0,12.1644,0.0,0.0,128.0,531.0
649836.0,0.0,-2.8977,0.0,-0.02179,0.0,0.0,12.1644,0.0,0.0,128.0,520.0
649877.0,0.0,-2.8977,0.0,-0.02179,0.0,0.0,12.1644,0.0,0.0,128.0,519.0
649917.0,0.0,-2.8977,-0.0,-0.02179,0.0,0.0,12.1644,0.0,0.0,128.0,532.0
649957.0,0.0,-2.8977,0.068,-0.02179,0.0,0.0,12.1644,0.0,0.0,128.0,527.0
649997.0,0.0,-2.8977,0.0,-0.02179,0.0,0.0,12.1644,0.0,0.0,128.0,532.0
650037.0,0.0,-2.8977,-0.0,-0.02179,0.0,0.0,12.1644,0.0,0.0,128.0,531.0
650078.0,0.0,-2.8977,-0.0,-0.02179,0.0,0.0,12.1644,0.0,0.0,128.0,532.0
650118.0,0.0,-2.8977,-0.0,-0.02179,0.0,0.0,12.1644,0.0,0.0,128.0,532.0
650158.0,0.0,-2.8977,0.0,-0.02179,0.0,0.0,12.1644,0.0,0.0,128.0,520.0
650198.0,0.0,-2.8977,0.0,-0.02179,0.0,0.0,12.1644,0.0,0.0,128.0,539.0
650238.0,0.0,-2.8977,-0.0,-0.02179,0.0,0.0,12.1644,0.0,0.0,128.0,538.0
650279.0,0.0,-2.8977,-0.0,-0.02179,0.0,0.0,12.1644,0.0,0.0,128.0,525.0
650319.0,0.0,-2.8977,-0.0,-0.02179,0.0,0.0,12.1644,0.0,0.0,128.0,532.0
650359.0,0.0,-2.8977,-0.0,-0.02179,0.0,0.0,12.1644,0.0,0.0,128.0,532.0
650399.0,0.0,-2.8977,0.0,-0.02179,0.0,0.0,12.1644,0.0,0.0,128.0,526.0
650439.0,0.0,-2.8977,0.001,-0.02179,0.0,0.0,12.1644,0.0,0.0,128.0,538.0
650480.0,0.0,-2.8977,0.0,-0.02179,0.0,0.0,12.1644,0.0,0.0,128.0,531.0
650520.0,0.0,-2.8977,0.0,-0.02179,0.0,0.0,12.1644,0.0,0.0,128.0,525.0
650560.0,0.0,-2.8977,-0.002,-0.02179,0.0,0.0,12.1644,0.0,0.0,128.0,538.0
650601.0,0.0,-2.8977,-0.0,-0.02179,0.0,0.0,12.1644,0.0,0.0,128.0,532.0
650641.0,0.0,-2.8977,-0.0,-0.02179,0.0,0.0,12.1644,0.0,0.0,128.0,532.0
650681.0,0.0,-2.8977,0.001,-0.02179,0.0,0.0,12.1644,0.0,0.0,128.0,539.0
650721.0,0.0,-2.8977,0.0,-0.02179,0.0,0.0,12.1644,0.0,0.0,128.0,525.0
650761.0,0.0,-2.8977,0.0,-0.02179,0.0,0.0,12.1644,0.0,0.0,128.0,525.0
650802.0,0.0,-2.8977,0.0,-0.02179,0.0,0.0,12.1644,0.0,0.0,128.0,520.0
650842.0,0.0,-2.8977,0.0,-0.02179,0.0,0.0,12.1644,0.0,0.0,128.0,525.0
650882.0,0.0,-2.8977,-0.0,-0.02179,0.0,0.0,12.1644,0.0,0.0,128.0,532.0
650922.0,0.0,-2.8977,-0.0,-0.02179,0.0,0.0,12.1644,0.0,0.0,128.0,539.0
650962.0,0.0,-2.8977,0.0,-0.02179,0.0,0.0,12.1644,0.0,0.0,128.0,532.0
651003.0,0.0,-2.8977,0.0,-0.02179,0.0,0.0,12.1644,0.0,0.0,128.0,532.0
651043.0,0.0,-2.8977,-0.0,-0.02179,0.0,0.0,12.1644,0.0,0.0,128.0,539.0
651083.0,0.0,-2.8977,-0.0,-0.02179,0.0,0.0,12.1644,0.0,0.0,128.0,532.0
651123.0,0.0,-2.8977,-0.0,-0.02179,0.0,0.0,12.1644,0.0,0.0,128.0,532.0
651164.0,0.0,-2.8977,-0.021,-0.02179,0.0,0.0,12.1644,0.0,0.0,128.0,526.0
651204.0,0.0,-2.8977,-0.0,-0.02179,0.0,0.0,12.1644,0.0,0.0,128.0,532.0
651244.0,0.0,-2.8977,-0.0,-0.02179,0.0,0.0,12.1644,0.0,0.0,128.0,525.0
651285.0,0.0,-2.8977,-0.0,-0.02179,0.0,0.0,12.1644,0.0,0.0,128.0,526.0
651325.0,0.0,-2.8977,-0.0,-0.02179,0.0,0.0,12.1644,0.0,0.0,128.0,525.0
651365.0,0.0,-2.8977,-0.001,-0.02179,0.0,0.0,12.1644,0.0,0.0,128.0,538.0
651405.0,0.0,-2.8977,0.0,-0.02179,0.0,0.0,12.1644,0.0,0.0,128.0,538.0
651445.0,0.0,-2.8977,0.0,-0.02179,0.0,0.0,12.1644,0.0,0.0,128.0,525.0
651486.0,0.0,-2.8977,0.0,-0.02179,0.0,0.0,12.1644,0.0,0.0,128.0,532.0
651526.0,0.0,-2.8977,-0.0,-0.02179,0.0,0.0,12.1644,0.0,0.0,128.0,532.0
651567.0,0.0,-2.8977,-0.0,-0.02179,0.0,0.0,12.1644,0.0,0.0,128.0,525.0
651607.0,0.0,-2.8962,0.341,-0.02179,0.0,0.0,12.1644,0.0,0.0,128.0,538.0
651647.0,0.0,-2.8977,-0.0,-0.02179,0.0,0.0,12.1644,0.0,0.0,128.0,525.0
651687.0,0.0,-2.8977,-0.001,-0.02179,0.0,0.0,12.1644,0.0,0.0,128.0,539.0
651728.0,0.0,-2.8977,-0.0,-0.02179,0.0,0.0,12.1644,0.0,0.0,128.0,531.0
651768.0,0.0,-2.8977,0.0,-0.02179,0.0,0.0,12.1644,0.0,0.0,128.0,525.0
651809.0,0.0,-2.8977,0.0,-0.02179,0.0,0.0,12.1644,0.0,0.0,128.0,519.0
651849.0,0.0,-2.8977,-0.021,-0.02179,0.0,0.0,12.1644,0.0,0.0,128.0,526.0
651889.0,0.0,-2.8977,-0.0,-0.02179,0.0,0.0,12.1644,0.0,0.0,128.0,526.0
651929.0,0.0,-2.8977,-0.001,-0.02179,0.0,0.0,12.1644,0.0,0.0,128.0,539.0
651969.0,0.0,-2.8977,-0.0,-0.02179,0.0,0.0,12.1644,0.0,0.0,128.0,525.0
652009.0,0.0,-2.8977,-0.021,-0.02179,0.0,0.0,12.1644,0.0,0.0,128.0,539.0
652050.0,0.0,-2.8977,0.0,-0.02179,0.0,0.0,12.1644,0.0,0.0,128.0,526.0
652090.0,0.0,-2.8977,0.068,-0.02179,0.0,0.0,12.1644,0.0,0.0,128.0,526.0
652130.0,0.0,-2.8977,0.0,-0.02179,0.0,0.0,12.1644,0.0,0.0,128.0,532.0
652171.0,0.0,-2.8977,0.0,-0.02179,0.0,0.0,12.1644,0.0,0.0,128.0,532.0
652211.0,0.0,-2.8977,-0.003,-0.02179,0.0,0.0,12.1644,0.0,0.0,128.0,539.0
652251.0,0.0,-2.8977,-0.0,-0.02179,0.0,0.0,12.1644,0.0,0.0,128.0,532.0
652291.0,0.0,-2.8977,0.0,-0.02179,0.0,0.0,12.1644,0.0,0.0,128.0,538.0
652332.0,0.0,-2.8977,0.0,-0.02179,0.0,0.0,12.1644,0.0,0.0,128.0,520.0
652372.0,0.0,-2.8977,0.0,-0.02179,0.0,0.0,12.1644,0.0,0.0,128.0,526.0
652412.0,0.0,-2.8977,0.004,-0.02179,0.0,0.0,12.1644,0.0,0.0,128.0,526.0
652452.0,0.0,-2.8977,-0.084,-0.02179,0.0,0.0,12.1644,0.0,0.0,128.0,538.0
652493.0,0.0,-2.8977,-0.001,-0.02179,0.0,0.0,12.1644,0.0,0.0,128.0,538.0
652533.0,0.0,-2.8977,-0.0,-0.02179,0.0,0.0,12.1644,0.0,0.0,128.0,525.0
652574.0,0.0,-2.8977,-0.021,-0.02179,0.0,0.0,12.1644,0.0,0.0,128.0,539.0
652614.0,0.0,-2.8977,-0.0,-0.02179,0.0,0.0,12.1644,0.0,0.0,128.0,525.0
652654.0,0.0,-2.8977,-0.0,-0.02179,0.0,0.0,12.1644,0.0,0.0,128.0,525.0
652695.0,0.0,-2.8977,-0.0,-0.02179,0.0,0.0,12.1644,0.0,0.0,128.0,532.0
652735.0,0.0,-2.8977,-0.0,-0.02179,0.0,0.0,12.1644,0.0,0.0,128.0,532.0
652775.0,0.0,-2.8977,-0.0,-0.02179,0.0,0.0,12.1644,0.0,0.0,128.0,531.0
652815.0,0.0,-2.8977,-0.0,-0.02179,0.0,0.0,12.1644,0.0,0.0,128.0,532.0
652855.0,0.0,-2.8977,-0.0,-0.02179,0.0,0.0,12.1644,0.0,0.0,128.0,525.0
652896.0,0.0,-2.8977,0.0,-0.02179,0.0,0.0,12.1644,0.0,0.0,128.0,526.0
652936.0,0.0,-2.8977,-0.032,-0.02179,0.0,0.0,12.1644,0.0,0.0,128.0,538.0
652976.0,0.0,-2.8977,-0.0,-0.02179,0.0,0.0,12.1644,0.0,0.0,128.0,525.0
653016.0,0.0,-2.8977,-0.0,-0.02179,0.0,0.0,12.1644,0.0,0.0,128.0,532.0
653057.0,0.0,-2.8977,-0.0,-0.02179,0.0,0.0,12.1644,0.0,0.0,128.0,532.0
653097.0,0.0,-2.8977,-0.068,-0.02179,0.0,0.0,12.1644,0.0,0.0,128.0,526.0
653137.0,0.0,-2.8977,-0.0,-0.02179,0.0,0.0,12.1644,0.0,0.0,128.0,532.0
653178.0,0.0,-2.8977,-0.0,-0.02179,0.0,0.0,12.1644,0.0,0.0,128.0,526.0
653218.0,0.0,-2.8977,-0.0,-0.02179,0.0,0.0,12.1644,0.0,0.0,128.0,532.0
653258.0,0.0,-2.8977,-0.0,-0.02179,0.0,0.0,12.1644,0.0,0.0,128.0,525.0
653299.0,0.0,-2.8977,-0.0,-0.02179,0.0,0.0,12.1644,0.0,0.0,128.0,532.0
653339.0,0.0,-2.8977,-0.02,-0.02179,0.0,0.0,12.1644,0.0,0.0,128.0,539.0
653379.0,2.0,-2.801,3.977,-0.02063,0.1124,6.6,-0.8414,0.0,0.0,128.0,795.0
653420.0,2.0,-2.5878,8.453,-0.01001,0.4728,10.4,-0.3906,0.0,0.0,128.0,846.0
653465.0,2.0,-2.3577,5.377,0.01725,0.7384,2.0,-0.5225,0.0,0.0,128.0,845.0
653505.0,2.0,-2.2703,7.308,0.04635,0.7315,0.286,-0.3041,0.0,0.0,128.0,854.0
653547.0,2.0,-2.2089,2.024,0.07579,0.6266,-3.514,-0.565,0.0,0.0,128.0,862.0
653590.0,2.0,-2.2503,-5.314,0.09866,0.4435,-6.114,-0.4549,0.0,0.0,128.0,840.0
653632.0,2.0,-2.5142,-7.126,0.1095,0.0352,-12.0,-0.4907,0.0,0.0,128.0,846.0
653672.0,2.0,-2.9637,-12.379,0.10144,-0.4526,-10.8,-0.018,0.0,0.0,128.0,795.0
653714.0,2.0,2.8302,-11.602,0.07624,-0.7292,-2.8,-0.0969,0.0,0.0,128.0,829.0
653757.0,2.0,2.3899,-15.272,0.04474,-0.7494,-0.2,0.7548,0.0,0.0,128.0,842.0
653799.0,2.0,2.123,-3.916,0.01388,-0.7498,0.0,-0.4244,0.0,0.0,128.0,845.0
653839.0,2.0,1.9466,-3.006,-0.01553,-0.7498,0.0,-0.307,0.0,0.0,128.0,847.0
653880.0,2.0,1.8745,-0.739,-0.04523,-0.698,3.868,-0.2948,0.0,0.0,128.0,845.0
653926.0,2.0,1.9251,3.405,-0.07166,-0.4782,7.266,-0.2768,0.0,0.0,128.0,834.0
653969.0,2.0,2.169,6.849,-0.08321,-0.0039,12.0,-0.2722,0.0,0.0,128.0,849.0
654011.0,2.0,2.5571,8.689,-0.07346,0.4891,10.0,-0.3621,0.0,0.0,128.0,854.0
654052.0,2.0,2.9744,14.38,-0.04796,0.7359,2.037,0.3195,0.0,0.0,128.0,809.0
654092.0,2.0,-2.5786,21.558,-0.01868,0.7413,-1.4,2.1041,0.0,0.0,128.0,866.0
654133.0,2.0,-1.8208,-19.223,0.00945,0.6569,-2.4,2.073,0.0,0.0,128.0,838.0
654174.0,2.0,-1.491,5.372,0.03398,0.5778,-3.692,0.2626,0.0,0.0,128.0,850.0
654215.0,2.0,-0.9971,-1.807,0.05535,0.4797,-2.892,0.5615,0.0,0.0,128.0,865.0
654256.0,2.0,-0.8406,-3.155,0.07155,0.3381,-4.701,0.7263,0.0,0.0,128.0,857.0
654301.0,2.0,-1.129,-14.581,0.08044,0.0469,-7.192,1.7581,0.0,0.0,128.0,823.0
654341.0,2.0,-1.0677,3.021,0.07759,-0.2247,-8.081,0.5435,0.0,0.0,128.0,881.0
654382.0,2.0,-1.1628,-0.493,0.06379,-0.4116,-3.102,0.3978,0.0,0.0,128.0,828.0
654423.0,2.0,-1.4481,-6.271,0.04541,-0.5282,-3.482,0.3614,0.0,0.0,128.0,855.0
654464.0,2.0,-1.9558,-35.678,0.02276,-0.5794,0.974,7.6402,0.0,0.0,128.0,846.0
654512.0,2.0,-2.7136,-18.099,-0.003,-0.5379,-2.426,1.1556,0.0,0.0,128.0,871.0
654556.0,2.0,2.8547,-5.859,-0.02711,-0.5898,-2.426,-0.7403,0.0,0.0,128.0,817.0
654597.0,2.0,2.4206,-9.836,-0.05329,-0.7176,-3.57,-0.1328,0.0,0.0,128.0,834.0
654637.0,2.0,2.0387,-7.964,-0.08239,-0.7489,0.229,-0.0421,0.0,0.0,128.0,869.0
654686.0,2.0,1.7165,-2.98,-0.11561,-0.5508,8.533,-0.0857,0.0,0.0,128.0,867.0
654729.0,2.0,1.5217,-2.508,-0.13035,-0.1249,10.866,0.0899,0.0,0.0,128.0,848.0
654771.0,2.0,1.5478,1.052,-0.12664,0.3059,9.45,0.0286,0.0,0.0,128.0,823.0
654811.0,2.0,1.6045,2.393,-0.10796,0.6416,6.416,-0.0004,0.0,0.0,128.0,804.0
654852.0,2.0,1.649,5.673,-0.07984,0.7499,0.016,0.1202,0.0,0.0,128.0,841.0
654892.0,2.0,1.9558,7.76,-0.04972,0.7499,0.0,-0.0028,0.0,0.0,128.0,848.0
654933.0,2.0,2.3025,16.286,-0.02025,0.7481,-0.2,0.9959,0.0,0.0,128.0,854.0
654974.0,2.0,2.8164,11.918,0.00975,0.7499,0.0,-0.054,0.0,0.0,128.0,809.0
655015.0,2.0,-2.9744,27.42,0.0399,0.7403,-0.8,3.7685,0.0,0.0,128.0,859.0
655057.0,2.0,-2.3086,21.877,0.06998,0.7047,-1.4,2.3675,0.0,0.0,128.0,827.0
655101.0,2.0,-1.6091,2.43,0.09671,0.4742,-8.351,0.0011,0.0,0.0,128.0,847.0
655142.0,2.0,-1.4772,2.271,0.10845,0.1015,-9.603,0.1272,0.0,0.0,128.0,822.0
655182.0,2.0,-1.4481,-0.757,0.105,-0.2692,-7.706,0.1255,0.0,0.0,128.0,830.0
655222.0,2.0,-1.4435,-1.616,0.08884,-0.5534,-5.617,0.1419,0.0,0.0,128.0,787.0
655263.0,2.0,-1.4834,3.315,0.06352,-0.727,-2.962,0.1599,0.0,0.0,128.0,833.0
655303.0,2.0,-1.9159,-14.257,0.03364,-0.7319,2.2,0.9174,0.0,0.0,128.0,844.0
655350.0,2.0,-2.4989,-15.429,0.00195,-0.6459,-0.214,0.6946,0.0,0.0,128.0,849.0
655401.0,2.0,-3.0864,-9.72,-0.02966,-0.6069,0.987,-0.4019,0.0,0.0,128.0,850.0
655443.0,2.0,2.7228,-13.543,-0.05531,-0.63,1.387,0.2531,0.0,0.0,128.0,871.0
655486.0,5.0,2.4283,-7.693,-0.08273,-0.7041,-2.332,-0.5562,0.0,0.0,128.0,799.0
655527.0,5.0,2.2764,-1.058,-0.11059,-0.6275,5.868,-0.5562,0.0,0.0,128.0,727.0
655568.0,5.0,2.2734,6.832,-0.12866,-0.2508,9.868,-0.5562,0.0,0.0,128.0,687.0
655608.0,5.0,2.3424,4.75,-0.13301,-0.0111,2.075,-0.5562,0.0,0.0,128.0,674.0
655648.0,6.0,2.327,-2.148,-0.1326,0.0376,1.5,-0.5562,0.0,0.0,128.0,733.0
655700.0,2.0,2.8962,8.422,-0.12881,0.1297,3.9,-0.5236,0.0,0.0,128.0,887.0
655741.0,2.0,-3.0756,-9.281,-0.11835,0.4077,7.1,-0.4546,0.0,0.0,128.0,808.0
655781.0,2.0,-2.3194,18.587,-0.09776,0.6614,4.1,1.5159,0.0,0.0,128.0,846.0
655822.0,2.0,-1.3729,62.389,-0.06881,0.7482,0.358,24.8692,0.0,0.0,128.0,854.0
655862.0,2.0,-1.2778,6.936,-0.03945,0.7495,-0.134,0.5965,0.0,0.0,128.0,881.0
655907.0,2.0,-0.8974,9.537,-0.00589,0.7262,-1.017,1.206,0.0,0.0,128.0,848.0
655948.0,2.0,-0.7133,-2.403,0.02138,0.5894,-5.223,0.7913,0.0,0.0,128.0,828.0
655988.0,2.0,-0.9833,-6.139,0.04163,0.4402,-4.249,0.7869,0.0,0.0,128.0,846.0
656029.0,2.0,-0.9281,1.797,0.0561,0.2409,-6.499,0.6217,0.0,0.0,128.0,866.0
656069.0,2.0,-0.9664,1.884,0.06143,0.0463,-3.447,0.5889,0.0,0.0,128.0,851.0
656109.0,2.0,-1.1704,-4.127,0.06109,-0.0591,-2.091,0.4932,0.0,0.0,128.0,847.0
656150.0,2.0,-1.5616,-18.178,0.0564,-0.1994,-4.413,2.0748,0.0,0.0,128.0,823.0
656194.0,2.0,-2.2089,-30.754,0.04474,-0.3221,-0.444,5.3581,0.0,0.0,128.0,861.0
656240.0,2.0,-2.913,-6.346,0.02978,-0.3366,-1.844,-0.7211,0.0,0.0,128.0,808.0
656280.0,2.0,2.643,-22.754,0.01523,-0.3992,-1.444,2.4051,0.0,0.0,128.0,850.0
656322.0,2.0,2.1644,-6.55,-0.0024,-0.4892,-4.644,-0.2838,0.0,0.0,128.0,841.0
656363.0,2.0,1.7763,-8.33,-0.02531,-0.6333,-1.146,0.2433,0.0,0.0,128.0,855.0
656405.0,2.0,1.5324,-3.076,-0.05014,-0.5187,5.527,0.1022,0.0,0.0,128.0,846.0
656455.0,2.0,1.1796,-6.818,-0.06836,-0.2171,6.692,0.6803,0.0,0.0,128.0,850.0
656497.0,2.0,1.2502,2.728,-0.07196,0.0151,3.673,0.3604,0.0,0.0,128.0,823.0
656538.0,2.0,1.2747,-0.313,-0.06773,0.2124,5.396,0.2964,0.0,0.0,128.0,831.0
656578.0,2.0,1.1643,3.996,-0.05449,0.437,2.891,0.4945,0.0,0.0,128.0,830.0
656618.0,2.0,1.4389,5.637,-0.03649,0.4701,0.148,0.3264,0.0,0.0,128.0,830.0
656659.0,2.0,1.6858,7.381,-0.01744,0.5182,2.996,0.2221,0.0,0.0,128.0,845.0
656702.0,2.0,2.0325,8.863,0.00859,0.7084,3.688,0.0437,0.0,0.0,128.0,829.0
656743.0,2.0,2.4897,14.22,0.03776,0.7497,-0.2,0.4754,0.0,0.0,128.0,882.0
656783.0,2.0,3.1201,12.762,0.06754,0.7078,-2.8,0.0293,0.0,0.0,128.0,853.0
656826.0,2.0,-2.4406,7.448,0.09409,0.523,-4.32,-0.407,0.0,0.0,128.0,884.0
656868.0,2.0,-1.7733,5.001,0.11156,0.2845,-6.575,-0.033,0.0,0.0,128.0,864.0
656909.0,2.0,-1.3484,7.176,0.11681,-0.0346,-8.08,0.3931,0.0,0.0,128.0,848.0
656953.0,2.0,-1.4573,0.178,0.10826,-0.3739,-8.378,0.1151,0.0,0.0,128.0,824.0
656993.0,2.0,-1.4972,0.263,0.08828,-0.6387,-5.912,0.0747,0.0,0.0,128.0,852.0
657033.0,2.0,-1.5294,-1.459,0.06038,-0.7498,0.0,0.0538,0.0,0.0,128.0,823.0
657074.0,2.0,-1.5754,10.52,0.03049,-0.712,2.4,0.7277,0.0,0.0,128.0,869.0
657119.0,2.0,-2.2457,-18.623,0.00146,-0.5666,4.8,1.5514,0.0,0.0,128.0,863.0
657164.0,2.0,-2.9805,-3.627,-0.01879,-0.372,3.641,-0.905,0.0,0.0,128.0,848.0
657206.0,2.0,-3.0419,2.672,-0.03053,-0.1515,7.841,-0.9496,0.0,0.0,128.0,821.0
657246.0,2.0,3.0204,3.278,-0.03232,0.0226,2.641,-0.9252,0.0,0.0,128.0,789.0
657287.0,2.0,2.8916,-2.829,-0.03064,0.011,-4.159,-0.9368,0.0,0.0,128.0,810.0
657327.0,2.0,2.7366,8.142,-0.03465,-0.2105,-3.559,-0.5037,0.0,0.0,128.0,830.0
657368.0,2.0,2.8087,0.067,-0.0438,-0.2088,3.241,-0.9456,0.0,0.0,128.0,837.0
657408.0,2.0,2.9284,1.745,-0.04976,-0.0369,7.841,-0.9583,0.0,0.0,128.0,822.0
657449.0,2.0,-3.1002,8.557,-0.0435,0.4017,11.8,-0.5359,0.0,0.0,128.0,785.0
657489.0,2.0,-2.7612,4.737,-0.02029,0.7133,3.6,-0.7861,0.0,0.0,128.0,816.0
657529.0,2.0,-2.4145,3.353,0.00885,0.7493,0.0,-0.6773,0.0,0.0,128.0,849.0
657570.0,2.0,-1.5171,51.866,0.03802,0.7173,-2.255,17.1026,0.0,0.0,128.0,889.0
657611.0,2.0,-1.4726,14.758,0.06439,0.5491,-6.119,1.4884,0.0,0.0,128.0,859.0
657651.0,2.0,-1.5125,0.093,0.08104,0.2768,-7.071,0.0581,0.0,0.0,128.0,865.0
657691.0,2.0,-1.5938,-2.539,0.08659,-0.0049,-7.18,0.0159,0.0,0.0,128.0,804.0
657733.0,2.0,-1.6674,-2.669,0.08081,-0.2846,-6.445,-0.0837,0.0,0.0,128.0,858.0
657775.0,2.0,-1.9006,24.056,0.06352,-0.5215,-4.695,3.3758,0.0,0.0,128.0,838.0
657817.0,2.0,-2.6906,-25.709,0.03941,-0.6408,-1.095,3.2664,0.0,0.0,128.0,849.0
657859.0,2.0,2.7918,-16.315,0.0138,-0.579,2.905,0.7497,0.0,0.0,128.0,863.0
657903.0,2.0,2.4943,-8.476,-0.00773,-0.4249,2.705,-0.3375,0.0,0.0,128.0,869.0
657945.0,2.0,2.2749,-1.751,-0.02569,-0.4669,-1.495,-0.628,0.0,0.0,128.0,846.0
657986.0,2.0,2.1184,-4.817,-0.04706,-0.602,-3.695,-0.3699,0.0,0.0,128.0,872.0
658033.0,2.0,2.0954,0.069,-0.07613,-0.5901,4.505,-0.5007,0.0,0.0,128.0,858.0
658082.0,2.0,2.3117,7.907,-0.09653,-0.1696,12.0,-0.2853,0.0,0.0,128.0,858.0
658124.0,2.0,2.62,9.774,-0.09383,0.3224,12.0,-0.2677,0.0,0.0,128.0,820.0
658165.0,2.0,2.9882,9.545,-0.07282,0.682,5.2,-0.4134,0.0,0.0,128.0,811.0
658205.0,2.0,-2.4528,19.303,-0.04343,0.7442,-1.4,1.5967,0.0,0.0,128.0,859.0
658245.0,2.0,-1.6199,32.753,-0.0147,0.7209,-1.388,6.7673,0.0,0.0,128.0,839.0
658286.0,2.0,-1.3484,15.638,0.01373,0.6766,-0.976,1.7816,0.0,0.0,128.0,856.0
658328.0,2.0,-0.8176,13.23,0.03926,0.5642,-0.576,1.8029,0.0,0.0,128.0,865.0
658369.0,2.0,-0.7808,-5.414,0.05959,0.4179,-4.785,0.8919,0.0,0.0,128.0,848.0
658412.0,2.0,-1.0723,-8.355,0.07256,0.1851,-5.821,0.9111,0.0,0.0,128.0,836.0
658452.0,2.0,-0.9802,1.319,0.07523,-0.0834,-7.189,0.5693,0.0,0.0,128.0,846.0
658493.0,2.0,-1.0508,-2.831,0.06795,-0.2619,-2.718,0.545,0.0,0.0,128.0,866.0
658534.0,2.0,-1.1873,0.496,0.05539,-0.347,-2.679,0.3742,0.0,0.0,128.0,865.0
658576.0,2.0,-1.4511,-32.347,0.03859,-0.4762,-2.523,6.7144,0.0,0.0,128.0,830.0
658620.0,2.0,-2.3669,-3.223,0.0165,-0.522,-0.123,-0.6522,0.0,0.0,128.0,865.0
658662.0,2.0,-3.0189,-15.971,-0.00548,-0.561,-2.523,0.6178,0.0,0.0,128.0,829.0
658702.0,2.0,2.6016,-18.859,-0.0282,-0.6067,-1.323,1.4007,0.0,0.0,128.0,844.0
658744.0,2.0,2.1875,-7.414,-0.05389,-0.7056,-4.206,-0.2259,0.0,0.0,128.0,818.0
658785.0,2.0,1.8208,-6.465,-0.08415,-0.7189,3.074,0.0229,0.0,0.0,128.0,870.0
658834.0,2.0,1.5953,-2.975,-0.11175,-0.3621,9.438,0.0345,0.0,0.0,128.0,868.0
658875.0,2.0,1.3146,-0.322,-0.11846,0.0642,11.2,0.2537,0.0,0.0,128.0,814.0
658915.0,2.0,1.3744,-1.338,-0.10924,0.4047,8.685,0.2071,0.0,0.0,128.0,804.0
658956.0,2.0,1.2088,-11.927,-0.0873,0.6952,4.662,1.2626,0.0,0.0,128.0,817.0
658996.0,2.0,1.3254,7.802,-0.05831,0.7498,0.0,0.6208,0.0,0.0,128.0,859.0
659036.0,2.0,1.5509,4.994,-0.02824,0.7498,0.0,0.1729,0.0,0.0,128.0,824.0
659077.0,2.0,1.7763,6.631,0.00131,0.7498,0.0,0.0698,0.0,0.0,128.0,867.0
659117.0,2.0,2.2166,10.324,0.03135,0.7498,0.0,0.0629,0.0,0.0,128.0,823.0
659157.0,2.0,2.6446,9.762,0.06071,0.7404,-0.703,-0.2831,0.0,0.0,128.0,851.0
659199.0,2.0,-2.9468,18.549,0.08888,0.6313,-4.575,1.1963,0.0,0.0,128.0,882.0
659240.0,2.0,-2.3117,7.034,0.10913,0.328,-6.118,-0.3559,0.0,0.0,128.0,861.0
659281.0,2.0,-1.7135,-1.475,0.1164,0.0092,-8.518,-0.1287,0.0,0.0,128.0,839.0
659325.0,2.0,-1.6567,1.345,0.10898,-0.364,-7.521,-0.0725,0.0,0.0,128.0,830.0
659365.0,2.0,-1.6628,-2.591,0.08846,-0.649,-6.009,-0.0515,0.0,0.0,128.0,847.0
659406.0,2.0,-1.7027,-1.608,0.05955,-0.7498,0.0,-0.1172,0.0,0.0,128.0,801.0
659446.0,2.0,-1.919,45.48,0.03101,-0.7146,2.0,12.7579,0.0,0.0,128.0,874.0
659491.0,2.0,-2.2764,-12.723,0.00023,-0.6649,0.243,0.3621,0.0,0.0,128.0,857.0
659533.0,2.0,-2.9238,-15.742,-0.02644,-0.6429,-0.957,0.586,0.0,0.0,128.0,808.0
659573.0,2.0,2.9146,-5.549,-0.05115,-0.5916,2.643,-0.7774,0.0,0.0,128.0,817.0
659619.0,2.0,2.8455,-2.566,-0.07369,-0.4234,0.643,-0.9141,0.0,0.0,128.0,814.0
659660.0,2.0,2.7121,-3.168,-0.09109,-0.484,-3.957,-0.845,0.0,0.0,128.0,872.0
659700.0,5.0,2.4666,0.817,-0.1119,-0.5251,2.843,-0.6841,0.0,0.0,128.0,732.0
659741.0,5.0,2.6645,0.668,-0.12848,-0.239,9.771,-0.6841,0.0,0.0,128.0,711.0
659782.0,5.0,2.9038,4.982,-0.13249,-0.0087,1.778,-0.6841,0.0,0.0,128.0,705.0
659822.0,6.0,-3.0802,-7.757,-0.13204,0.0392,1.5,-0.6841,0.0,0.0,128.0,748.0
659868.0,2.0,-2.709,17.484,-0.12874,0.1264,4.1,1.0299,0.0,0.0,128.0,858.0
659909.0,2.0,-2.0279,1.233,-0.1203,0.2828,3.3,-0.4306,0.0,0.0,128.0,824.0
659949.0,2.0,-1.8408,4.179,-0.10627,0.4235,5.053,-0.1495,0.0,0.0,128.0,865.0
659989.0,2.0,-1.491,3.342,-0.08483,0.6745,4.608,0.1544,0.0,0.0,128.0,816.0
660029.0,2.0,-1.037,13.808,-0.05618,0.7498,0.0,1.7295,0.0,0.0,128.0,841.0
660070.0,2.0,-1.2839,1.746,-0.02681,0.7498,0.2,0.3018,0.0,0.0,128.0,846.0
660111.0,2.0,-1.4051,-4.371,0.00315,0.694,-0.652,0.2807,0.0,0.0,128.0,855.0
660152.0,2.0,-1.4895,-7.198,0.02989,0.6139,-2.339,0.4043,0.0,0.0,128.0,826.0
660193.0,2.0,-1.9067,22.909,0.0519,0.4774,-2.939,3.0043,0.0,0.0,128.0,849.0
660233.0,2.0,-2.5909,-36.694,0.06821,0.3587,-1.339,7.6387,0.0,0.0,128.0,841.0
660275.0,2.0,3.071,-10.325,0.08194,0.3112,-1.139,-0.3224,0.0,0.0,128.0,822.0
660315.0,2.0,2.5832,-5.352,0.09274,0.2195,-3.339,-0.6627,0.0,0.0,128.0,850.0
660356.0,2.0,2.2273,-14.262,0.09679,-0.0888,-10.943,0.6982,0.0,0.0,128.0,839.0
660397.0,2.0,1.8638,-3.363,0.08475,-0.5289,-9.4,-0.2135,0.0,0.0,128.0,878.0
660438.0,2.0,1.6659,-5.289,0.05895,-0.7417,-1.8,0.087,0.0,0.0,128.0,866.0
660478.0,2.0,1.6091,-0.042,0.02951,-0.7499,0.0,-0.0387,0.0,0.0,128.0,868.0
660518.0,2.0,1.5677,1.92,-0.0003,-0.7268,1.467,0.025,0.0,0.0,128.0,841.0
660563.0,2.0,1.8193,3.507,-0.02918,-0.5187,7.511,-0.1724,0.0,0.0,128.0,867.0
660611.0,2.0,2.1476,10.226,-0.04283,-0.0096,11.052,0.1077,0.0,0.0,128.0,865.0
660655.0,2.0,2.6891,15.538,-0.03409,0.4246,8.472,0.62,0.0,0.0,128.0,827.0
660697.0,2.0,-2.9913,21.632,-0.01106,0.7041,3.872,1.9715,0.0,0.0,128.0,817.0
660738.0,2.0,-1.9113,74.421,0.01924,0.7442,-1.328,34.7474,0.0,0.0,128.0,843.0
660778.0,2.0,-1.4082,-10.493,0.04661,0.644,-3.033,0.8486,0.0,0.0,128.0,857.0
660822.0,2.0,-0.8176,17.191,0.07166,0.517,-1.833,2.5642,0.0,0.0,128.0,843.0
660863.0,2.0,-0.5722,14.433,0.0897,0.3676,-4.813,2.1653,0.0,0.0,128.0,844.0
660910.0,3.0,-0.566,-5.559,0.10136,0.0916,-7.901,1.0393,0.0,0.0,128.0,709.0
660950.0,3.0,-0.4571,12.089,0.09773,-0.2593,-5.701,1.8209,0.0,0.0,128.0,755.0
660990.0,3.0,-0.0813,10.154,0.08531,-0.3234,2.299,1.6483,0.0,0.0,128.0,763.0
661031.0,3.0,0.0782,4.372,0.07582,-0.132,5.417,1.1178,0.0,0.0,128.0,760.0
661072.0,3.0,-0.0859,-8.714,0.07496,0.0512,0.817,1.4762,0.0,0.0,128.0,705.0
661112.0,3.0,-0.1028,4.25,0.07624,0.0201,1.478,1.1089,0.0,0.0,128.0,727.0
661152.0,3.0,-0.1764,-4.63,0.07931,0.1232,-0.122,1.1199,0.0,0.0,128.0,762.0
661193.0,3.0,-0.2332,-0.362,0.08209,-0.0243,-5.082,0.9738,0.0,0.0,128.0,728.0
661233.0,3.0,-0.2439,0.794,0.07744,-0.2276,-4.539,0.9744,0.0,0.0,128.0,725.0
661273.0,3.0,-0.1733,4.592,0.06622,-0.3411,-2.539,1.1183,0.0,0.0,128.0,740.0
661313.0,3.0,-0.1626,2.51,0.05063,-0.4412,-0.28,1.0266,0.0,0.0,128.0,748.0
661353.0,3.0,-0.1703,0.863,0.03289,-0.5106,-4.25,0.9902,0.0,0.0,128.0,738.0
661393.0,3.0,-0.0936,1.841,0.0114,-0.5654,0.55,1.017,0.0,0.0,128.0,769.0
661434.0,3.0,-0.1289,-0.0,-0.01211,-0.6369,-2.801,0.9917,0.0,0.0,128.0,750.0
661474.0,3.0,-0.0767,-1.069,-0.03799,-0.678,-0.79,1.0043,0.0,0.0,128.0,764.0
661515.0,3.0,-0.0583,-0.121,-0.06653,-0.7315,-0.489,0.9984,0.0,0.0,128.0,734.0
661556.0,5.0,-0.0107,3.238,-0.09656,-0.7368,2.792,0.9993,0.0,0.0,128.0,696.0
661596.0,5.0,-0.0736,-1.988,-0.12124,-0.4611,10.792,0.9993,0.0,0.0,128.0,709.0
661637.0,5.0,-0.0736,2.3,-0.13133,-0.0859,5.798,0.9993,0.0,0.0,128.0,681.0
661677.0,6.0,-0.2316,-3.6,-0.13219,0.009,1.5,0.9993,0.0,0.0,128.0,728.0
661718.0,6.0,-0.5231,-8.561,-0.13061,0.0705,1.5,0.9993,0.0,0.0,128.0,725.0
661758.0,2.0,-0.747,-10.764,-0.126,0.1982,5.257,1.4581,0.0,0.0,128.0,814.0
661800.0,2.0,-1.106,-20.08,-0.11287,0.4704,6.257,2.9781,0.0,0.0,128.0,840.0
661840.0,2.0,-1.8484,-28.88,-0.09064,0.6803,5.012,4.9728,0.0,0.0,128.0,833.0
661881.0,2.0,-2.8425,-12.639,-0.06053,0.741,-1.788,0.0507,0.0,0.0,128.0,807.0
661922.0,2.0,2.6553,-9.876,-0.03053,0.7463,-1.108,-0.2615,0.0,0.0,128.0,822.0
661964.0,2.0,2.0893,-11.066,-0.00128,0.6638,-2.527,0.2881,0.0,0.0,128.0,858.0
662006.0,2.0,1.6506,-8.731,0.02306,0.4946,-4.254,0.411,0.0,0.0,128.0,871.0
662053.0,2.0,1.3315,-5.491,0.04267,0.3931,-1.563,0.4332,0.0,0.0,128.0,854.0
662096.0,2.0,1.1566,-5.727,0.05775,0.2902,-2.667,0.6144,0.0,0.0,128.0,849.0
662137.0,2.0,0.8575,1.322,0.06544,0.0803,-4.879,0.6664,0.0,0.0,128.0,858.0
662178.0,2.0,1.1152,6.407,0.06416,-0.1594,-6.732,0.6926,0.0,0.0,128.0,812.0
662219.0,2.0,1.4251,9.445,0.05246,-0.4196,-4.864,0.7004,0.0,0.0,128.0,887.0
662263.0,2.0,1.83,13.665,0.03128,-0.4968,0.413,0.9106,0.0,0.0,128.0,875.0
662310.0,2.0,2.4053,5.643,0.00911,-0.4092,5.592,-0.5438,0.0,0.0,128.0,865.0
662354.0,2.0,-3.1017,12.964,-0.00394,-0.2187,3.592,0.0637,0.0,0.0,128.0,841.0
662396.0,2.0,-2.0064,41.808,-0.01125,-0.1826,-2.699,10.6588,0.0,0.0,128.0,841.0
662437.0,2.0,-1.2824,15.484,-0.02167,-0.3172,-0.209,1.809,0.0,0.0,128.0,825.0
662480.0,2.0,-0.79,7.367,-0.03341,-0.2072,3.845,1.054,0.0,0.0,128.0,846.0
662521.0,2.0,-0.5062,4.907,-0.03964,-0.1004,1.743,1.0294,0.0,0.0,128.0,855.0
662562.0,3.0,-0.3804,-0.232,-0.04339,-0.0993,-1.81,0.9288,0.0,0.0,128.0,739.0
662603.0,3.0,-0.5492,-6.606,-0.04984,-0.2437,-6.01,1.1288,0.0,0.0,128.0,748.0
662643.0,3.0,-0.3129,6.049,-0.0633,-0.4122,-0.823,1.1827,0.0,0.0,128.0,748.0
662683.0,3.0,-0.0491,2.068,-0.07804,-0.2855,5.502,1.0258,0.0,0.0,128.0,771.0
662724.0,3.0,-0.135,-9.083,-0.08734,-0.2321,-2.698,1.5123,0.0,0.0,128.0,718.0
662765.0,5.0,-0.3421,2.202,-0.10061,-0.4436,-3.762,0.9417,0.0,0.0,128.0,689.0
662805.0,5.0,-0.3651,-4.642,-0.1188,-0.4301,4.238,0.9417,0.0,0.0,128.0,715.0
662846.0,5.0,-0.4387,-3.167,-0.13065,-0.1246,7.039,0.9417,0.0,0.0,128.0,666.0
662888.0,6.0,-0.4725,0.873,-0.13223,0.0022,0.88,0.9417,0.0,0.0,128.0,736.0
662928.0,6.0,-0.6443,-0.338,-0.13103,0.0615,1.5,0.9417,0.0,0.0,128.0,711.0
662969.0,2.0,-1.0308,-20.023,-0.12735,0.1337,1.579,3.0281,0.0,0.0,128.0,801.0
663009.0,2.0,-1.7687,-11.945,-0.12203,0.1506,2.853,0.6929,0.0,0.0,128.0,837.0
663051.0,2.0,-2.4436,-23.287,-0.11138,0.4046,8.053,2.6447,0.0,0.0,128.0,835.0
663092.0,2.0,3.0971,-8.364,-0.0885,0.7086,3.853,-0.5566,0.0,0.0,128.0,818.0
663133.0,2.0,2.4943,-16.862,-0.0594,0.7287,-1.747,1.0094,0.0,0.0,128.0,886.0
663173.0,2.0,2.1414,-5.51,-0.03218,0.6045,-4.347,-0.3421,0.0,0.0,128.0,883.0
663215.0,2.0,1.8837,-6.952,-0.01204,0.3551,-5.963,0.0051,0.0,0.0,128.0,848.0
663255.0,2.0,1.7518,-1.133,-0.00139,0.2113,-1.491,-0.1715,0.0,0.0,128.0,830.0
663296.0,2.0,1.7641,0.865,0.00638,0.1885,-0.016,-0.1885,0.0,0.0,128.0,824.0
663341.0,2.0,1.8699,3.306,0.01519,0.2441,2.244,-0.2305,0.0,0.0,128.0,828.0
663382.0,2.0,2.1583,7.299,0.02865,0.4533,6.281,-0.2237,0.0,0.0,128.0,826.0
663423.0,2.0,2.3869,2.544,0.05153,0.69,4.659,-0.6833,0.0,0.0,128.0,841.0
663464.0,2.0,3.0388,17.515,0.08153,0.7144,-3.514,0.9423,0.0,0.0,128.0,835.0
663504.0,2.0,-2.6108,22.853,0.10658,0.5708,-3.663,2.4523,0.0,0.0,128.0,879.0
663545.0,5.0,-2.1951,27.015,0.12578,0.3719,-8.063,-0.7173,0.0,0.0,128.0,698.0
663585.0,5.0,-1.6904,-11.418,0.13373,0.0515,-4.463,-0.7173,0.0,0.0,128.0,704.0
663626.0,6.0,-1.6276,5.843,0.13406,-0.0176,-1.5,-0.7173,0.0,0.0,128.0,744.0
663667.0,6.0,-1.5984,-1.562,0.13219,-0.0791,-1.5,-0.7173,0.0,0.0,128.0,720.0
663707.0,2.0,-1.6751,-5.25,0.1278,-0.1697,-4.9,0.0653,0.0,0.0,128.0,868.0
663748.0,2.0,-2.0617,-16.49,0.11505,-0.5138,-8.589,1.2325,0.0,0.0,128.0,833.0
663788.0,2.0,-2.4927,-8.217,0.08989,-0.737,-2.189,-0.3779,0.0,0.0,128.0,831.0
663830.0,2.0,-3.0572,-13.686,0.05978,-0.7498,0.0,0.1865,0.0,0.0,128.0,844.0
663871.0,2.0,2.7075,-8.579,0.02899,-0.7498,0.0,-0.4377,0.0,0.0,128.0,844.0
663911.0,2.0,2.3853,-2.837,-0.00038,-0.7498,0.0,-0.6732,0.0,0.0,128.0,844.0
663953.0,2.0,2.1967,0.362,-0.03124,-0.7486,0.6,-0.585,0.0,0.0,128.0,850.0
663996.0,2.0,2.0601,0.453,-0.06281,-0.7394,1.4,-0.4693,0.0,0.0,128.0,808.0
664042.0,2.0,2.146,2.398,-0.09214,-0.4936,9.4,-0.5094,0.0,0.0,128.0,881.0
664087.0,2.0,2.3132,4.532,-0.1044,-0.014,12.0,-0.5492,0.0,0.0,128.0,855.0
664130.0,2.0,2.6661,19.76,-0.09461,0.491,10.0,1.5712,0.0,0.0,128.0,815.0
664171.0,2.0,3.0818,18.173,-0.06986,0.7338,2.4,1.0883,0.0,0.0,128.0,810.0
664211.0,2.0,-2.3439,25.81,-0.04013,0.7228,-1.4,3.5321,0.0,0.0,128.0,854.0
664253.0,2.0,-1.873,16.676,-0.01174,0.7108,-0.4,1.4755,0.0,0.0,128.0,862.0
664293.0,2.0,-1.3438,6.364,0.01586,0.673,-1.8,0.4836,0.0,0.0,128.0,873.0
664335.0,2.0,-1.0262,4.233,0.04166,0.5468,-5.197,0.6349,0.0,0.0,128.0,848.0
664375.0,2.0,-1.0094,0.543,0.05891,0.3442,-3.676,0.5333,0.0,0.0,128.0,842.0
664421.0,2.0,-1.0999,3.973,0.07046,0.1552,-5.372,0.5572,0.0,0.0,128.0,865.0
664463.0,2.0,-1.083,-2.357,0.07121,-0.1175,-4.575,0.5017,0.0,0.0,128.0,862.0
664503.0,2.0,-1.2011,-7.285,0.06368,-0.2574,-3.199,0.6857,0.0,0.0,128.0,844.0
664543.0,2.0,-1.4542,-18.07,0.0516,-0.3545,-2.169,2.1621,0.0,0.0,128.0,843.0
664584.0,2.0,-1.985,-23.495,0.03589,-0.4062,0.6,3.0665,0.0,0.0,128.0,858.0
664635.0,2.0,-2.8731,-6.242,0.01912,-0.2336,4.8,-0.7218,0.0,0.0,128.0,834.0
664680.0,2.0,2.8425,-8.498,0.01414,0.0328,6.4,-0.4954,0.0,0.0,128.0,791.0
664720.0,2.0,2.6538,5.17,0.01883,0.1754,3.0,-0.7166,0.0,0.0,128.0,850.0
664762.0,2.0,2.4482,-5.037,0.02715,0.17,-4.2,-0.6059,0.0,0.0,128.0,853.0
664804.0,2.0,2.2642,-8.389,0.02846,-0.1736,-11.8,-0.19,0.0,0.0,128.0,860.0
664845.0,2.0,2.2688,1.08,0.0135,-0.5372,-5.2,-0.6363,0.0,0.0,128.0,853.0
664887.0,2.0,2.3393,2.451,-0.01103,-0.5716,3.4,-0.6591,0.0,0.0,128.0,886.0
664942.0,2.0,2.6354,8.816,-0.03161,-0.1042,12.0,-0.3874,0.0,0.0,128.0,866.0
664983.0,2.0,3.137,20.415,-0.0264,0.3622,8.921,1.6341,0.0,0.0,128.0,839.0
665023.0,2.0,-2.5756,19.823,-0.00593,0.6466,5.121,1.6497,0.0,0.0,128.0,843.0
665064.0,2.0,-1.8653,18.775,0.02164,0.7097,-2.139,1.9549,0.0,0.0,128.0,881.0
665106.0,2.0,-1.1873,5.974,0.04871,0.5702,-3.709,0.6057,0.0,0.0,128.0,849.0
665152.0,2.0,-0.9143,9.494,0.06967,0.3332,-5.326,1.1877,0.0,0.0,128.0,845.0
665192.0,2.0,-0.79,3.038,0.07796,0.0554,-7.934,0.7646,0.0,0.0,128.0,804.0
665233.0,2.0,-0.8437,2.075,0.0753,-0.1971,-7.07,0.6942,0.0,0.0,128.0,867.0
665274.0,2.0,-0.6182,4.568,0.06341,-0.3871,-2.522,0.9484,0.0,0.0,128.0,816.0
665317.0,2.0,-0.5921,-1.97,0.04673,-0.3416,2.678,0.8532,0.0,0.0,128.0,855.0
665358.0,2.0,-0.6918,-1.15,0.03319,-0.3591,-1.199,0.7774,0.0,0.0,128.0,813.0
665404.0,2.0,-0.9541,-5.607,0.01661,-0.379,1.099,0.7742,0.0,0.0,128.0,856.0
665451.0,2.0,-1.106,-18.085,0.0,-0.3381,0.133,2.5017,0.0,0.0,128.0,842.0
665492.0,2.0,-1.534,-29.351,-0.01425,-0.3705,-0.925,5.4557,0.0,0.0,128.0,817.0
665538.0,2.0,-2.5249,-17.624,-0.02963,-0.2885,3.475,1.1306,0.0,0.0,128.0,889.0
665583.0,2.0,2.9146,-23.542,-0.039,-0.1207,4.475,2.5337,0.0,0.0,128.0,873.0
665628.0,2.0,2.4252,-11.296,-0.04177,-0.025,0.66,0.0602,0.0,0.0,128.0,834.0
665670.0,2.0,2.1154,-8.982,-0.04436,-0.1453,-4.21,-0.066,0.0,0.0,128.0,868.0
665715.0,2.0,1.853,-0.736,-0.05434,-0.2608,0.612,-0.275,0.0,0.0,128.0,847.0
665758.0,2.0,1.7963,2.632,-0.06356,-0.1505,5.023,-0.1826,0.0,0.0,128.0,811.0
665799.0,2.0,1.7671,1.66,-0.06465,0.0984,6.423,-0.1792,0.0,0.0,128.0,826.0
665839.0,2.0,1.9497,4.724,-0.0552,0.4302,10.568,-0.2333,0.0,0.0,128.0,837.0
665881.0,2.0,2.2227,8.934,-0.03109,0.7216,3.155,-0.109,0.0,0.0,128.0,860.0
665922.0,2.0,2.5986,6.819,-0.00113,0.7497,0.0,-0.5644,0.0,0.0,128.0,864.0
665963.0,2.0,3.0403,12.277,0.02955,0.7378,-0.624,-0.0436,0.0,0.0,128.0,827.0
666003.0,2.0,-2.7842,11.286,0.05786,0.7281,2.176,-0.1276,0.0,0.0,128.0,828.0
666047.0,2.0,-2.1123,11.085,0.0888,0.6506,-4.624,0.2712,0.0,0.0,128.0,821.0
666088.0,2.0,-1.4327,19.95,0.11096,0.4169,-6.206,2.6735,0.0,0.0,128.0,842.0
666129.0,2.0,-1.2655,7.959,0.12184,0.0753,-11.006,0.7082,0.0,0.0,128.0,836.0
666170.0,2.0,-1.4726,-4.001,0.11674,-0.3212,-8.135,0.1989,0.0,0.0,128.0,838.0
666212.0,2.0,-1.5248,1.133,0.09724,-0.6336,-6.726,0.0551,0.0,0.0,128.0,841.0
666253.0,2.0,-1.4373,13.068,0.06855,-0.7499,-0.2,1.2232,0.0,0.0,128.0,842.0
666297.0,2.0,-2.37,-16.719,0.0372,-0.6723,3.6,1.0379,0.0,0.0,128.0,869.0
666340.0,2.0,-2.9069,-29.255,0.00945,-0.6847,-1.0,4.4306,0.0,0.0,128.0,842.0
666381.0,2.0,2.9928,3.881,-0.01778,-0.6623,0.8,-0.8942,0.0,0.0,128.0,808.0
666422.0,2.0,2.5418,-14.604,-0.04433,-0.667,0.438,0.5306,0.0,0.0,128.0,895.0
666467.0,2.0,2.3899,-3.726,-0.07433,-0.7429,-1.162,-0.6417,0.0,0.0,128.0,894.0
666507.0,5.0,2.2212,-4.094,-0.10402,-0.6945,4.6,-0.472,0.0,0.0,128.0,705.0
666547.0,5.0,2.2519,2.479,-0.12566,-0.3478,11.791,-0.472,0.0,0.0,128.0,710.0
666588.0,5.0,2.4191,6.55,-0.13245,-0.0361,3.796,-0.472,0.0,0.0,128.0,698.0
666628.0,6.0,2.4636,-2.263,-0.13256,0.022,1.5,-0.472,0.0,0.0,128.0,748.0
666669.0,6.0,3.0373,10.551,-0.1305,0.0835,1.5,-0.472,0.0,0.0,128.0,723.0
666709.0,2.0,-2.6998,14.379,-0.12484,0.2443,4.9,0.4117,0.0,0.0,128.0,840.0
666751.0,2.0,-2.3102,26.864,-0.11111,0.4334,3.9,3.9061,0.0,0.0,128.0,860.0
666792.0,2.0,-1.6536,19.286,-0.09176,0.5162,3.5,2.2721,0.0,0.0,128.0,822.0
666832.0,2.0,-1.3315,11.568,-0.06832,0.6728,2.842,1.0928,0.0,0.0,128.0,838.0
666874.0,2.0,-1.0216,8.901,-0.03904,0.7479,0.513,1.0323,0.0,0.0,128.0,851.0
666915.0,2.0,-0.8698,7.498,-0.00881,0.7069,-0.708,1.0068,0.0,0.0,128.0,857.0
666959.0,2.0,-1.0431,-3.911,0.02021,0.6711,-0.536,0.5974,0.0,0.0,128.0,872.0
667002.0,2.0,-1.2809,-2.732,0.04793,0.5971,-3.013,0.3299,0.0,0.0,128.0,897.0
667048.0,2.0,-1.4067,-3.776,0.07057,0.4106,-4.716,0.2503,0.0,0.0,128.0,861.0
667089.0,2.0,-1.7365,-26.241,0.08205,0.1516,-5.947,4.178,0.0,0.0,128.0,879.0
667130.0,2.0,-2.7857,-19.39,0.0855,0.0364,-2.747,1.4314,0.0,0.0,128.0,799.0
667171.0,2.0,2.9621,-9.378,0.08374,-0.1401,-5.761,-0.4266,0.0,0.0,128.0,796.0
667212.0,2.0,2.258,-10.554,0.07294,-0.3957,-6.805,0.0783,0.0,0.0,128.0,850.0
667256.0,2.0,1.7533,-12.458,0.04864,-0.7091,-4.005,0.8117,0.0,0.0,128.0,826.0
667298.0,2.0,1.3852,-7.736,0.01819,-0.7243,2.167,0.5702,0.0,0.0,128.0,873.0
667347.0,2.0,0.9495,-21.103,-0.01294,-0.572,1.083,3.4121,0.0,0.0,128.0,865.0
667390.0,2.0,0.5737,1.707,-0.036,-0.4734,4.083,0.8563,0.0,0.0,128.0,857.0
667434.0,2.0,0.5323,-4.183,-0.05224,-0.2617,5.107,0.9744,0.0,0.0,128.0,855.0
667474.0,2.0,0.1335,-13.537,-0.0609,-0.2245,-3.093,2.1513,0.0,0.0,128.0,802.0
667514.0,2.0,-0.247,-4.299,-0.07185,-0.2986,1.401,1.0861,0.0,0.0,128.0,837.0
667557.0,3.0,-0.1994,-1.032,-0.08243,-0.2032,0.801,0.9869,0.0,0.0,128.0,773.0
667598.0,3.0,-0.3958,-6.453,-0.09217,-0.3425,-7.399,1.1858,0.0,0.0,128.0,736.0
667639.0,5.0,-0.7946,-8.191,-0.10995,-0.4901,0.401,1.3012,0.0,0.0,128.0,717.0
667679.0,5.0,-1.175,-13.785,-0.12675,-0.31,8.401,1.3012,0.0,0.0,128.0,705.0
667719.0,5.0,-1.7426,-32.894,-0.13275,-0.0307,3.407,1.3012,0.0,0.0,128.0,690.0
667759.0,6.0,-2.574,-17.15,-0.13271,0.0267,1.5,1.3012,0.0,0.0,128.0,742.0
667799.0,6.0,2.9008,-21.587,-0.1305,0.0867,1.5,1.3012,0.0,0.0,128.0,745.0
667841.0,2.0,2.3562,-19.6,-0.12593,0.1318,1.9,1.7358,0.0,0.0,128.0,848.0
667881.0,2.0,1.9911,-10.751,-0.11921,0.2066,1.666,0.3316,0.0,0.0,128.0,817.0
667922.0,2.0,1.6858,-5.133,-0.10841,0.3707,5.896,0.058,0.0,0.0,128.0,833.0
667963.0,2.0,1.511,-8.909,-0.08835,0.6398,6.607,0.5686,0.0,0.0,128.0,824.0
668004.0,2.0,1.2977,2.881,-0.05959,0.7499,0.0,0.3195,0.0,0.0,128.0,847.0
668045.0,2.0,1.3975,0.779,-0.02944,0.7499,0.0,0.1759,0.0,0.0,128.0,803.0
668085.0,2.0,1.5125,4.398,-0.00011,0.6961,-2.167,0.1763,0.0,0.0,128.0,800.0
668125.0,2.0,1.7533,7.937,0.02595,0.6507,0.64,0.2093,0.0,0.0,128.0,826.0
668166.0,2.0,2.1675,10.884,0.05299,0.6923,1.028,0.1782,0.0,0.0,128.0,832.0
668207.0,2.0,2.5556,20.42,0.08171,0.7379,0.114,1.7913,0.0,0.0,128.0,825.0
668247.0,5.0,-3.1217,8.999,0.10965,0.6416,-6.164,-0.494,0.0,0.0,128.0,719.0
668287.0,5.0,-2.5587,17.11,0.1281,0.2542,-10.063,-0.494,0.0,0.0,128.0,702.0
668328.0,5.0,-2.0448,27.539,0.13249,0.0137,-2.275,-0.494,0.0,0.0,128.0,688.0
668368.0,6.0,-1.4527,2.097,0.13219,-0.0354,-1.5,-0.494,0.0,0.0,128.0,756.0
668418.0,2.0,-1.5693,-0.475,0.1287,-0.1271,-4.1,0.0216,0.0,0.0,128.0,836.0
668458.0,2.0,-1.6874,-2.214,0.11865,-0.4478,-10.192,-0.0887,0.0,0.0,128.0,824.0
668499.0,2.0,-1.7963,-7.05,0.09443,-0.7235,-3.192,0.0841,0.0,0.0,128.0,804.0
668542.0,2.0,-2.0632,49.216,0.06259,-0.7103,1.6,14.8766,0.0,0.0,128.0,872.0
668590.0,2.0,-2.7044,-14.762,0.03064,-0.6629,-0.021,0.4644,0.0,0.0,128.0,846.0
668631.0,2.0,-3.117,-17.309,0.003,-0.7481,-0.421,0.8935,0.0,0.0,128.0,859.0
668675.0,2.0,2.7857,-3.215,-0.02861,-0.6669,3.379,-0.8715,0.0,0.0,128.0,847.0
668717.0,2.0,2.5341,-4.457,-0.05561,-0.7044,-4.221,-0.6928,0.0,0.0,128.0,851.0
668759.0,2.0,2.3731,-3.296,-0.08614,-0.7497,0.0,-0.6481,0.0,0.0,128.0,842.0
668799.0,5.0,2.2933,5.895,-0.11363,-0.5937,7.8,-0.5701,0.0,0.0,128.0,732.0
668840.0,5.0,2.528,9.919,-0.12945,-0.1779,8.391,-0.5701,0.0,0.0,128.0,710.0
668880.0,5.0,2.8379,7.88,-0.13207,-0.0019,0.825,-0.5701,0.0,0.0,128.0,682.0
668920.0,6.0,-3.0956,32.776,-0.1314,0.046,1.5,-0.5701,0.0,0.0,128.0,753.0
668961.0,2.0,-2.4712,18.886,-0.12859,0.0934,1.7,1.4833,0.0,0.0,128.0,845.0
669001.0,2.0,-1.8132,40.459,-0.1215,0.2893,4.3,10.1634,0.0,0.0,128.0,832.0
669042.0,2.0,-1.5125,-4.34,-0.10609,0.5155,8.233,0.1722,0.0,0.0,128.0,822.0
669083.0,2.0,-1.0876,31.939,-0.08093,0.7336,2.486,6.9408,0.0,0.0,128.0,853.0
669124.0,2.0,-1.0186,-4.68,-0.05025,0.7498,0.0,0.6583,0.0,0.0,128.0,816.0
669164.0,2.0,-1.0815,-3.912,-0.02096,0.7471,0.918,0.564,0.0,0.0,128.0,830.0
669205.0,2.0,-1.2349,-3.092,0.00911,0.7498,0.059,0.388,0.0,0.0,128.0,834.0
669246.0,2.0,-1.3192,-3.276,0.03847,0.6835,-3.258,0.3156,0.0,0.0,128.0,830.0
669287.0,2.0,-1.4803,-24.149,0.06296,0.4966,-6.338,3.7552,0.0,0.0,128.0,843.0
669328.0,2.0,-2.1445,-22.087,0.07909,0.3245,-2.938,2.5217,0.0,0.0,128.0,841.0
669369.0,2.0,-2.8256,-19.298,0.09105,0.2758,-3.338,1.3997,0.0,0.0,128.0,817.0
669411.0,2.0,2.732,-32.2,0.09983,0.1015,-4.738,5.6465,0.0,0.0,128.0,857.0
669453.0,2.0,2.2273,-5.053,0.10012,-0.1227,-8.14,-0.4452,0.0,0.0,128.0,859.0
669493.0,2.0,1.7641,-12.843,0.08813,-0.5062,-9.184,0.8617,0.0,0.0,128.0,848.0
669535.0,2.0,1.491,-5.429,0.06169,-0.736,-2.144,0.2714,0.0,0.0,128.0,824.0
669576.0,2.0,1.3468,-1.741,0.03232,-0.7467,0.248,0.243,0.0,0.0,128.0,866.0
669622.0,2.0,1.0278,-0.886,-0.00146,-0.7206,1.539,0.5213,0.0,0.0,128.0,843.0
669677.0,2.0,1.2701,6.909,-0.03941,-0.6672,1.861,0.5456,0.0,0.0,128.0,881.0
669724.0,2.0,1.4696,2.781,-0.06653,-0.5046,5.414,0.1473,0.0,0.0,128.0,858.0
669766.0,2.0,1.7533,12.546,-0.08228,-0.2035,8.378,0.7994,0.0,0.0,128.0,869.0
669807.0,2.0,2.1644,10.828,-0.08243,0.2382,12.0,0.1722,0.0,0.0,128.0,859.0
669848.0,2.0,2.6078,2.11,-0.06409,0.6439,6.27,-0.835,0.0,0.0,128.0,825.0
669888.0,2.0,-2.7811,23.393,-0.0354,0.74,-1.53,2.5318,0.0,0.0,128.0,845.0
669929.0,2.0,-2.1154,-9.926,-0.00683,0.6863,-2.13,0.101,0.0,0.0,128.0,821.0
669970.0,2.0,-1.4619,28.745,0.01969,0.6423,-0.73,5.3595,0.0,0.0,128.0,854.0
670011.0,2.0,-0.9894,4.715,0.0456,0.6106,-4.13,0.6927,0.0,0.0,128.0,832.0
670052.0,2.0,-0.6949,2.842,0.06551,0.4178,-3.33,0.8203,0.0,0.0,128.0,838.0
670093.0,2.0,-0.7593,-6.538,0.07834,0.1977,-5.659,0.9932,0.0,0.0,128.0,829.0
670133.0,2.0,-0.6197,8.919,0.08141,-0.0387,-4.059,1.3213,0.0,0.0,128.0,815.0
670185.0,3.0,-0.3758,-0.125,0.07781,-0.0888,-2.716,0.9303,0.0,0.0,128.0,741.0
670225.0,3.0,-0.4126,-3.647,0.07035,-0.3503,-10.22,1.0001,0.0,0.0,128.0,720.0
670265.0,3.0,-0.6167,1.85,0.04886,-0.718,-5.625,0.8375,0.0,0.0,128.0,726.0
670305.0,3.0,-0.3804,1.292,0.01853,-0.7986,-0.425,0.939,0.0,0.0,128.0,769.0
670346.0,3.0,-0.4694,-3.2,-0.01361,-0.7997,0.0,0.9565,0.0,0.0,128.0,752.0
670386.0,3.0,-0.701,-9.388,-0.04493,-0.7997,0.0,1.3212,0.0,0.0,128.0,759.0
670426.0,2.0,-0.9097,-3.097,-0.0753,-0.7067,6.0,0.6724,0.0,0.0,128.0,866.0
670472.0,2.0,-0.9741,8.392,-0.1002,-0.3815,7.275,1.0203,0.0,0.0,128.0,841.0
670519.0,2.0,-1.8024,-5.824,-0.11085,-0.076,6.276,-0.0235,0.0,0.0,128.0,867.0
670560.0,2.0,-2.6308,-18.594,-0.10886,0.1999,8.676,1.3011,0.0,0.0,128.0,846.0
670601.0,2.0,3.0864,-21.837,-0.09529,0.4653,7.876,2.0168,0.0,0.0,128.0,830.0
670641.0,2.0,2.8271,2.384,-0.07208,0.7217,3.276,-0.9168,0.0,0.0,128.0,802.0
670682.0,2.0,2.5311,-5.38,-0.04189,0.6787,-5.124,-0.6332,0.0,0.0,128.0,849.0
670730.0,2.0,2.2273,4.585,-0.01826,0.3412,-5.29,-0.4812,0.0,0.0,128.0,842.0
670770.0,2.0,2.2181,-1.103,-0.00758,0.2089,-2.29,-0.5942,0.0,0.0,128.0,848.0
670810.0,2.0,2.2565,2.115,-4e-05,0.2229,4.11,-0.6067,0.0,0.0,128.0,832.0
670851.0,2.0,2.4513,8.531,0.01436,0.5442,8.963,-0.316,0.0,0.0,128.0,853.0
670891.0,2.0,2.7535,7.518,0.04031,0.7439,1.363,-0.5711,0.0,0.0,128.0,795.0
670931.0,2.0,3.0342,-0.169,0.06922,0.6993,-2.8,-0.9944,0.0,0.0,128.0,836.0
670977.0,2.0,-2.5203,8.604,0.09713,0.5207,-5.576,-0.339,0.0,0.0,128.0,863.0
671020.0,2.0,-2.3102,-15.37,0.1137,0.1982,-8.776,0.8036,0.0,0.0,128.0,851.0
671060.0,2.0,-2.0862,1.023,0.11483,-0.1413,-8.376,-0.4864,0.0,0.0,128.0,844.0
671101.0,2.0,-1.942,-0.772,0.10474,-0.3154,-1.501,-0.3629,0.0,0.0,128.0,853.0
671142.0,2.0,-2.1997,35.414,0.08929,-0.4707,-4.501,7.3597,0.0,0.0,128.0,844.0
671183.0,2.0,-2.6676,-23.019,0.06645,-0.6814,-5.101,2.449,0.0,0.0,128.0,875.0
671225.0,2.0,-2.9667,-5.42,0.03694,-0.7498,0.0,-0.8004,0.0,0.0,128.0,833.0
671265.0,2.0,2.9437,-1.899,0.0069,-0.7492,-0.2,-0.9567,0.0,0.0,128.0,810.0
671306.0,2.0,2.7627,-6.232,-0.02171,-0.7232,-2.2,-0.6805,0.0,0.0,128.0,844.0
671346.0,2.0,2.5127,-11.56,-0.05164,-0.7498,0.0,0.042,0.0,0.0,128.0,863.0
671391.0,2.0,2.4958,0.633,-0.08385,-0.6772,3.4,-0.7965,0.0,0.0,128.0,823.0
671438.0,2.0,2.6415,4.916,-0.10823,-0.2938,12.0,-0.7268,0.0,0.0,128.0,861.0
671480.0,2.0,2.9437,8.84,-0.11055,0.1982,12.0,-0.4882,0.0,0.0,128.0,801.0
671520.0,2.0,-2.801,-0.815,-0.09424,0.6178,7.217,-0.9357,0.0,0.0,128.0,827.0
671561.0,2.0,-2.1829,28.328,-0.06506,0.7467,-0.783,4.5214,0.0,0.0,128.0,835.0
671602.0,2.0,-1.7303,14.619,-0.0366,0.6661,-1.224,1.2023,0.0,0.0,128.0,865.0
671644.0,2.0,-1.1996,1.019,-0.00975,0.6277,-2.024,0.3687,0.0,0.0,128.0,846.0
671685.0,2.0,-1.0324,1.812,0.01421,0.5396,-3.458,0.5343,0.0,0.0,128.0,838.0
671726.0,2.0,-1.0523,-1.747,0.03322,0.4204,-2.512,0.5143,0.0,0.0,128.0,874.0
671772.0,2.0,-1.1612,1.238,0.05036,0.3218,-2.667,0.4078,0.0,0.0,128.0,865.0
671812.0,2.0,-1.2241,-0.67,0.06064,0.1892,-3.709,0.3419,0.0,0.0,128.0,839.0
671854.0,2.0,-1.2931,5.273,0.06566,0.0434,-5.448,0.4578,0.0,0.0,128.0,846.0
671894.0,2.0,-1.9159,-31.8,0.06323,-0.1559,-2.799,6.0206,0.0,0.0,128.0,803.0
671935.0,2.0,-2.7366,-12.255,0.05614,-0.21,-3.399,0.0244,0.0,0.0,128.0,824.0
671976.0,2.0,2.9192,-17.353,0.04369,-0.4188,-4.799,0.932,0.0,0.0,128.0,808.0
672022.0,2.0,2.3547,-4.452,0.02167,-0.5949,-4.999,-0.5781,0.0,0.0,128.0,839.0
672062.0,2.0,1.8224,-8.595,-0.00544,-0.7429,-1.599,0.2276,0.0,0.0,128.0,845.0
672104.0,2.0,1.4818,-7.219,-0.03559,-0.6687,5.6,0.4259,0.0,0.0,128.0,876.0
672151.0,2.0,1.0692,-22.686,-0.05906,-0.3625,4.816,3.7514,0.0,0.0,128.0,861.0
672199.0,2.0,0.8452,4.052,-0.07211,-0.1616,4.456,0.7639,0.0,0.0,128.0,832.0
672240.0,2.0,0.6903,-6.713,-0.07403,0.0813,4.632,1.0602,0.0,0.0,128.0,796.0
672280.0,2.0,0.1611,-6.688,-0.06926,0.099,-3.568,1.2712,0.0,0.0,128.0,799.0
672321.0,3.0,0.2286,1.993,-0.06776,0.0105,1.432,0.9991,0.0,0.0,128.0,728.0
672361.0,3.0,0.1841,-3.036,-0.0651,0.1149,0.211,1.0413,0.0,0.0,128.0,706.0
672402.0,3.0,-0.1197,-12.662,-0.06251,-0.0486,-7.989,2.0061,0.0,0.0,128.0,725.0
672442.0,5.0,-0.3359,2.2,-0.07211,-0.4566,-8.609,0.9647,0.0,0.0,128.0,702.0
672483.0,5.0,-0.273,-1.771,-0.09506,-0.6373,-0.409,0.9647,0.0,0.0,128.0,691.0
672523.0,5.0,-0.4172,-1.466,-0.11831,-0.4897,7.591,0.9647,0.0,0.0,128.0,703.0
672564.0,5.0,-0.4924,-0.482,-0.13046,-0.1158,6.798,0.9647,0.0,0.0,128.0,666.0
672605.0,6.0,-0.563,-7.493,-0.13189,0.002,0.876,0.9647,0.0,0.0,128.0,740.0
672645.0,6.0,-0.8283,-13.177,-0.13065,0.0628,1.5,0.9647,0.0,0.0,128.0,742.0
672685.0,2.0,-1.3852,-5.401,-0.12679,0.1692,5.7,0.3639,0.0,0.0,128.0,803.0
672727.0,2.0,-2.3056,-35.789,-0.11441,0.4787,9.9,7.4011,0.0,0.0,128.0,859.0
672768.0,2.0,-2.9943,-26.877,-0.08933,0.73,2.5,3.5737,0.0,0.0,128.0,788.0
672812.0,2.0,2.574,-2.902,-0.05632,0.7443,-1.3,-0.7871,0.0,0.0,128.0,867.0
672857.0,2.0,2.1292,-13.322,-0.02576,0.622,-3.1,0.6039,0.0,0.0,128.0,847.0
672898.0,2.0,1.8362,-6.481,-0.00521,0.4009,-5.656,0.0077,0.0,0.0,128.0,867.0
672939.0,2.0,1.6858,-0.77,0.00742,0.2516,-1.491,-0.1106,0.0,0.0,128.0,866.0
672980.0,2.0,1.6444,0.179,0.01609,0.1777,-1.589,-0.0737,0.0,0.0,128.0,840.0
673021.0,2.0,1.695,2.832,0.02198,0.1226,-1.014,-0.0744,0.0,0.0,128.0,848.0
673063.0,2.0,1.9696,7.214,0.02768,0.1996,4.845,-0.0669,0.0,0.0,128.0,801.0
673103.0,2.0,2.2887,9.95,0.03949,0.4143,5.761,-0.0393,0.0,0.0,128.0,824.0
673144.0,2.0,2.6231,13.472,0.05925,0.5772,2.895,0.2729,0.0,0.0,128.0,819.0
673185.0,2.0,-3.0219,-1.514,0.08258,0.5358,-3.911,-0.9792,0.0,0.0,128.0,834.0
673226.0,2.0,-2.462,20.298,0.10088,0.3799,-3.476,1.8391,0.0,0.0,128.0,867.0
673267.0,2.0,-1.5432,13.26,0.11126,0.0848,-8.766,1.2446,0.0,0.0,128.0,838.0
673307.0,2.0,-1.4864,2.168,0.1077,-0.2779,-8.743,0.1168,0.0,0.0,128.0,828.0
673349.0,2.0,-1.5555,-1.821,0.0906,-0.5703,-6.022,0.0348,0.0,0.0,128.0,841.0
673389.0,2.0,-1.5232,6.339,0.06435,-0.7436,-1.545,0.3019,0.0,0.0,128.0,845.0
673429.0,2.0,-1.7671,-22.442,0.03495,-0.7477,0.8,2.9704,0.0,0.0,128.0,888.0
673476.0,2.0,-2.0479,-16.853,0.00139,-0.6885,0.0,1.3212,0.0,0.0,128.0,848.0
673524.0,2.0,-2.6967,-5.768,-0.02903,-0.6054,-0.869,-0.6946,0.0,0.0,128.0,866.0
673564.0,2.0,-3.0971,-6.932,-0.05415,-0.6986,-4.469,-0.6955,0.0,0.0,128.0,825.0
673605.0,2.0,2.7274,-8.766,-0.08381,-0.7499,0.0,-0.4274,0.0,0.0,128.0,853.0
673645.0,5.0,2.5341,-2.216,-0.11194,-0.6303,6.8,-0.0538,0.0,0.0,128.0,752.0
673686.0,5.0,2.4758,7.591,-0.12975,-0.2216,9.385,-0.0538,0.0,0.0,128.0,695.0
673726.0,5.0,2.4989,2.834,-0.13339,-0.0075,1.59,-0.0538,0.0,0.0,128.0,710.0
673767.0,6.0,2.5832,-1.859,-0.13294,0.04,1.5,-0.0538,0.0,0.0,128.0,741.0
673808.0,6.0,2.8517,16.748,-0.13013,0.1015,1.5,-0.0538,0.0,0.0,128.0,756.0
673849.0,2.0,-3.0572,15.379,-0.12285,0.327,9.5,0.4998,0.0,0.0,128.0,871.0
673889.0,2.0,-2.4712,17.618,-0.10391,0.6331,5.519,1.1942,0.0,0.0,128.0,844.0
673929.0,2.0,-1.8392,24.449,-0.07601,0.7458,-0.881,3.5346,0.0,0.0,128.0,843.0
673969.0,2.0,-1.5616,-13.707,-0.04676,0.7448,-0.2,1.1789,0.0,0.0,128.0,839.0
674013.0,0.0,-1.1582,5.035,-0.01568,0.0,0.0,0.5146,0.0,0.0,128.0,614.0
674053.0,0.0,-1.1474,-5.197,-0.01568,0.0,0.0,0.5146,0.0,0.0,128.0,531.0
674093.0,0.0,-1.1275,5.118,-0.01568,0.0,0.0,0.5146,0.0,0.0,128.0,538.0
674133.0,0.0,-1.0753,-0.28,-0.01568,0.0,0.0,0.5146,0.0,0.0,128.0,538.0
674174.0,0.0,-1.0431,-1.51,-0.01568,0.0,0.0,0.5146,0.0,0.0,128.0,538.0
674214.0,0.0,-1.6122,-13.767,-0.01568,0.0,0.0,0.5146,0.0,0.0,128.0,538.0
674254.0,0.0,-2.2151,-11.994,-0.01568,0.0,0.0,0.5146,0.0,0.0,128.0,532.0
674295.0,0.0,-2.7765,-16.213,-0.01568,0.0,0.0,0.5146,0.0,0.0,128.0,539.0
674335.0,0.0,2.8317,-24.869,-0.01568,0.0,0.0,0.5146,0.0,0.0,128.0,539.0
674375.0,0.0,2.4099,-8.23,-0.01568,0.0,0.0,0.5146,0.0,0.0,128.0,539.0
674416.0,0.0,2.1384,-8.019,-0.01568,0.0,0.0,0.5146,0.0,0.0,128.0,538.0
674456.0,0.0,1.9451,-2.785,-0.01568,0.0,0.0,0.5146,0.0,0.0,128.0,538.0
674496.0,0.0,1.8592,-1.839,-0.01568,0.0,0.0,0.5146,0.0,0.0,128.0,532.0
674537.0,0.0,1.8975,2.501,-0.01568,0.0,0.0,0.5146,0.0,0.0,128.0,538.0
674577.0,0.0,2.0663,4.659,-0.01568,0.0,0.0,0.5146,0.0,0.0,128.0,532.0
674617.0,0.0,2.3501,6.465,-0.01568,0.0,0.0,0.5146,0.0,0.0,128.0,546.0
674657.0,0.0,2.5694,13.853,-0.01568,0.0,0.0,0.5146,0.0,0.0,128.0,532.0
674698.0,0.0,-3.0357,13.893,-0.01568,0.0,0.0,0.5146,0.0,0.0,128.0,532.0
674738.0,0.0,-2.5019,17.134,-0.01568,0.0,0.0,0.5146,0.0,0.0,128.0,533.0
674778.0,0.0,-1.9896,23.51,-0.01568,0.0,0.0,0.5146,0.0,0.0,128.0,538.0
674819.0,0.0,-1.264,46.858,-0.01568,0.0,0.0,0.5146,0.0,0.0,128.0,537.0
674859.0,0.0,-1.3514,2.088,-0.01568,0.0,0.0,0.5146,0.0,0.0,128.0,532.0
674899.0,0.0,-1.2625,1.198,-0.01568,0.0,0.0,0.5146,0.0,0.0,128.0,520.0
674939.0,0.0,-1.2563,0.286,-0.01568,0.0,0.0,0.5146,0.0,0.0,128.0,531.0
674980.0,0.0,-1.2962,-4.052,-0.01568,0.0,0.0,0.5146,0.0,0.0,128.0,520.0
675020.0,0.0,-1.7181,-14.417,-0.01568,0.0,0.0,0.5146,0.0,0.0,128.0,532.0
675060.0,0.0,-1.9957,-25.313,-0.01568,0.0,0.0,0.5146,0.0,0.0,128.0,532.0
675100.0,0.0,-2.64,-6.395,-0.01568,0.0,0.0,0.5146,0.0,0.0,128.0,532.0
675140.0,0.0,-3.1416,-12.296,-0.01568,0.0,0.0,0.5146,0.0,0.0,128.0,532.0
675180.0,0.0,2.7013,-0.105,-0.01568,0.0,0.0,0.5146,0.0,0.0,128.0,538.0
675221.0,0.0,2.3317,-10.585,-0.01568,0.0,0.0,0.5146,0.0,0.0,128.0,538.0
675261.0,0.0,2.2059,-2.525,-0.01568,0.0,0.0,0.5146,0.0,0.0,128.0,538.0
675301.0,0.0,2.1046,-1.491,-0.01568,0.0,0.0,0.5146,0.0,0.0,128.0,532.0
675342.0,0.0,2.1292,1.586,-0.01568,0.0,0.0,0.5146,0.0,0.0,128.0,532.0
675382.0,0.0,2.2749,5.11,-0.01568,0.0,0.0,0.5146,0.0,0.0,128.0,538.0
675422.0,0.0,2.5249,7.985,-0.01568,0.0,0.0,0.5146,0.0,0.0,128.0,539.0
675462.0,0.0,2.755,18.878,-0.01568,0.0,0.0,0.5146,0.0,0.0,128.0,533.0
675502.0,0.0,-3.0143,15.593,-0.01568,0.0,0.0,0.5146,0.0,0.0,128.0,532.0
675542.0,0.0,-2.5065,17.683,-0.01568,0.0,0.0,0.5146,0.0,0.0,128.0,539.0
675583.0,0.0,-2.1215,15.92,-0.01568,0.0,0.0,0.5146,0.0,0.0,128.0,538.0
675623.0,0.0,-1.4665,9.462,-0.01568,0.0,0.0,0.5146,0.0,0.0,128.0,525.0
675664.0,0.0,-1.5294,4.605,-0.01568,0.0,0.0,0.5146,0.0,0.0,128.0,526.0
675704.0,0.0,-1.422,-0.274,-0.01568,0.0,0.0,0.5146,0.0,0.0,128.0,526.0
675744.0,0.0,-1.4159,-3.107,-0.01568,0.0,0.0,0.5146,0.0,0.0,128.0,532.0
675784.0,0.0,-1.7058,-9.913,-0.01568,0.0,0.0,0.5146,0.0,0.0,128.0,532.0
675824.0,0.0,-1.9113,-19.476,-0.01568,0.0,0.0,0.5146,0.0,0.0,128.0,538.0
675864.0,0.0,-2.5203,-12.486,-0.01568,0.0,0.0,0.5146,0.0,0.0,128.0,539.0
675905.0,0.0,-2.9437,-18.985,-0.01568,0.0,0.0,0.5146,0.0,0.0,128.0,527.0
675945.0,0.0,2.9314,-8.827,-0.01568,0.0,0.0,0.5146,0.0,0.0,128.0,539.0
675985.0,0.0,2.6737,-5.456,-0.01568,0.0,0.0,0.5146,0.0,0.0,128.0,539.0
676025.0,0.0,2.3224,-9.023,-0.01568,0.0,0.0,0.5146,0.0,0.0,128.0,538.0
676065.0,0.0,2.2611,-0.324,-0.01568,0.0,0.0,0.5146,0.0,0.0,128.0,538.0
676106.0,0.0,2.2749,1.468,-0.01568,0.0,0.0,0.5146,0.0,0.0,128.0,538.0
676146.0,0.0,2.37,3.444,-0.01568,0.0,0.0,0.5146,0.0,0.0,128.0,533.0
676186.0,0.0,2.5725,6.303,-0.01568,0.0,0.0,0.5146,0.0,0.0,128.0,533.0
676227.0,0.0,2.8624,4.415,-0.01568,0.0,0.0,0.5146,0.0,0.0,128.0,539.0
676267.0,0.0,-3.0403,13.047,-0.01568,0.0,0.0,0.5146,0.0,0.0,128.0,532.0
676307.0,0.0,-2.5464,9.187,-0.01568,0.0,0.0,0.5146,0.0,0.0,128.0,546.0
676348.0,0.0,-2.2396,-2.759,-0.01568,0.0,0.0,0.5146,0.0,0.0,128.0,538.0
676388.0,0.0,-1.9267,6.03,-0.01568,0.0,0.0,0.5146,0.0,0.0,128.0,532.0
676428.0,0.0,-1.4972,7.256,-0.01568,0.0,0.0,0.5146,0.0,0.0,128.0,532.0
676468.0,0.0,-1.5877,-3.235,-0.01568,0.0,0.0,0.5146,0.0,0.0,128.0,532.0
676509.0,0.0,-1.5923,-3.375,-0.01568,0.0,0.0,0.5146,0.0,0.0,128.0,525.0
676606.0,0.0,-2.2105,-16.497,-0.01568,0.0,0.0,0.5146,0.0,0.0,128.0,674.0
676646.0,0.0,-2.7228,-8.676,-0.01568,0.0,0.0,0.5146,0.0,0.0,128.0,533.0
676686.0,0.0,-3.1278,-10.042,-0.01568,0.0,0.0,0.5146,0.0,0.0,128.0,539.0
676727.0,0.0,2.7995,-2.166,-0.01568,0.0,0.0,0.5146,0.0,0.0,128.0,539.0
676767.0,0.0,2.5633,1.253,-0.01568,0.0,0.0,0.5146,0.0,0.0,128.0,539.0
676807.0,0.0,2.4314,-3.922,-0.01568,0.0,0.0,0.5146,0.0,0.0,128.0,544.0
676848.0,0.0,2.3945,-0.037,-0.01568,0.0,0.0,0.5146,0.0,0.0,128.0,533.0
676888.0,0.0,2.459,2.401,-0.01568,0.0,0.0,0.5146,0.0,0.0,128.0,538.0
676928.0,0.0,2.617,5.303,-0.01568,0.0,0.0,0.5146,0.0,0.0,128.0,533.0
676969.0,0.0,2.8624,6.475,-0.01568,0.0,0.0,0.5146,0.0,0.0,128.0,533.0
677009.0,0.0,-3.1401,14.421,-0.01568,0.0,0.0,0.5146,0.0,0.0,128.0,545.0
677049.0,0.0,-2.6415,7.926,-0.01568,0.0,0.0,0.5146,0.0,0.0,128.0,539.0
677090.0,0.0,-2.2626,6.901,-0.01568,0.0,0.0,0.5146,0.0,0.0,128.0,526.0
677130.0,0.0,-2.0295,22.063,-0.01568,0.0,0.0,0.5146,0.0,0.0,128.0,532.0
677170.0,0.0,-1.5861,17.33,-0.01568,0.0,0.0,0.5146,0.0,0.0,128.0,532.0
677210.0,0.0,-1.8055,-5.175,-0.01568,0.0,0.0,0.5146,0.0,0.0,128.0,538.0
677250.0,0.0,-1.7886,-4.969,-0.01568,0.0,0.0,0.5146,0.0,0.0,128.0,532.0
677291.0,0.0,-1.9512,-5.026,-0.01568,0.0,0.0,0.5146,0.0,0.0,128.0,538.0
677331.0,0.0,-2.2442,-9.898,-0.01568,0.0,0.0,0.5146,0.0,0.0,128.0,538.0
677371.0,0.0,-2.5848,-6.38,-0.01568,0.0,0.0,0.5146,0.0,0.0,128.0,539.0
677412.0,0.0,-2.933,-11.59,-0.01568,0.0,0.0,0.5146,0.0,0.0,128.0,533.0
677452.0,0.0,3.0281,-2.757,-0.01568,0.0,0.0,0.5146,0.0,0.0,128.0,539.0
677492.0,0.0,2.7964,4.222,-0.01568,0.0,0.0,0.5146,0.0,0.0,128.0,539.0
677532.0,0.0,2.5602,1.682,-0.01568,0.0,0.0,0.5146,0.0,0.0,128.0,533.0
677572.0,0.0,2.5096,-0.518,-0.01568,0.0,0.0,0.5146,0.0,0.0,128.0,545.0
677613.0,0.0,2.5495,1.326,-0.01568,0.0,0.0,0.5146,0.0,0.0,128.0,532.0
677653.0,0.0,2.6523,3.746,-0.01568,0.0,0.0,0.5146,0.0,0.0,128.0,533.0
677693.0,0.0,2.844,5.665,-0.01568,0.0,0.0,0.5146,0.0,0.0,128.0,533.0
677733.0,0.0,2.956,0.312,-0.01568,0.0,0.0,0.5146,0.0,0.0,128.0,539.0
677774.0,0.0,-2.8072,11.99,-0.01568,0.0,0.0,0.5146,0.0,0.0,128.0,532.0
677814.0,0.0,-2.5111,15.553,-0.01568,0.0,0.0,0.5146,0.0,0.0,128.0,533.0
677854.0,0.0,-2.3715,3.957,-0.01568,0.0,0.0,0.5146,0.0,0.0,128.0,539.0
677895.0,0.0,-1.8991,6.441,-0.01568,0.0,0.0,0.5146,0.0,0.0,128.0,538.0
677935.0,0.0,-1.8715,-14.532,-0.01568,0.0,0.0,0.5146,0.0,0.0,128.0,538.0
677975.0,0.0,-1.9251,0.202,-0.01568,0.0,0.0,0.5146,0.0,0.0,128.0,532.0
678016.0,0.0,-2.0479,-2.644,-0.01568,0.0,0.0,0.5146,0.0,0.0,128.0,538.0
678056.0,0.0,-2.2826,-7.302,-0.01568,0.0,0.0,0.5146,0.0,0.0,128.0,525.0
678096.0,0.0,-2.5832,-7.291,-0.01568,0.0,0.0,0.5146,0.0,0.0,128.0,539.0
678137.0,0.0,-2.7995,-13.348,-0.01568,0.0,0.0,0.5146,0.0,0.0,128.0,533.0
678177.0,0.0,3.0634,-9.723,-0.01568,0.0,0.0,0.5146,0.0,0.0,128.0,539.0
678217.0,0.0,2.8072,-9.476,-0.01568,0.0,0.0,0.5146,0.0,0.0,128.0,539.0
678257.0,0.0,2.6891,-11.651,-0.01568,0.0,0.0,0.5146,0.0,0.0,128.0,544.0
678298.0,0.0,2.5341,-5.116,-0.01568,0.0,0.0,0.5146,0.0,0.0,128.0,539.0
678338.0,0.0,2.6108,4.061,-0.01568,0.0,0.0,0.5146,0.0,0.0,128.0,532.0
678378.0,0.0,2.732,3.25,-0.01568,0.0,0.0,0.5146,0.0,0.0,128.0,539.0
678419.0,0.0,2.9038,5.126,-0.01568,0.0,0.0,0.5146,0.0,0.0,128.0,533.0
678459.0,0.0,3.0756,-0.453,-0.01568,0.0,0.0,0.5146,0.0,0.0,128.0,539.0
678499.0,0.0,-2.9222,11.691,-0.01568,0.0,0.0,0.5146,0.0,0.0,128.0,539.0
678539.0,0.0,-2.6446,10.686,-0.01568,0.0,0.0,0.5146,0.0,0.0,128.0,539.0
678580.0,0.0,-2.4145,-8.236,-0.01568,0.0,0.0,0.5146,0.0,0.0,128.0,539.0
678620.0,0.0,-1.9297,4.113,-0.01568,0.0,0.0,0.5146,0.0,0.0,128.0,538.0
678660.0,0.0,-1.7871,0.107,-0.01568,0.0,0.0,0.5146,0.0,0.0,128.0,532.0
678701.0,0.0,-2.1016,0.101,-0.01568,0.0,0.0,0.5146,0.0,0.0,128.0,532.0
678741.0,0.0,-2.1967,-1.633,-0.01568,0.0,0.0,0.5146,0.0,0.0,128.0,538.0
678781.0,0.0,-2.3439,-4.463,-0.01568,0.0,0.0,0.5146,0.0,0.0,128.0,538.0
678821.0,0.0,-2.5802,-5.453,-0.01568,0.0,0.0,0.5146,0.0,0.0,128.0,532.0
678862.0,0.0,-2.8271,-8.902,-0.01568,0.0,0.0,0.5146,0.0,0.0,128.0,533.0
678902.0,0.0,-3.0986,-2.902,-0.01568,0.0,0.0,0.5146,0.0,0.0,128.0,539.0
678942.0,0.0,2.9637,2.713,-0.01568,0.0,0.0,0.5146,0.0,0.0,128.0,539.0
678983.0,0.0,2.7474,-2.595,-0.01568,0.0,0.0,0.5146,0.0,0.0,128.0,539.0
679023.0,0.0,2.7013,3.357,-0.01568,0.0,0.0,0.5146,0.0,0.0,128.0,533.0
679063.0,0.0,2.7673,2.325,-0.01568,0.0,0.0,0.5146,0.0,0.0,128.0,539.0
679104.0,0.0,2.8425,2.667,-0.01568,0.0,0.0,0.5146,0.0,0.0,128.0,539.0
679144.0,0.0,2.979,3.188,-0.01568,0.0,0.0,0.5146,0.0,0.0,128.0,539.0
679184.0,0.0,3.0787,6.668,-0.01568,0.0,0.0,0.5146,0.0,0.0,128.0,539.0
679225.0,0.0,-2.8333,5.97,-0.01568,0.0,0.0,0.5146,0.0,0.0,128.0,539.0
679265.0,0.0,-2.5663,13.041,-0.01568,0.0,0.0,0.5146,0.0,0.0,128.0,539.0
679305.0,0.0,-2.5372,0.077,-0.01568,0.0,0.0,0.5146,0.0,0.0,128.0,539.0
679346.0,0.0,-2.1016,-4.208,-0.01568,0.0,0.0,0.5146,0.0,0.0,128.0,525.0
679386.0,0.0,-2.0049,-7.946,-0.01568,0.0,0.0,0.5146,0.0,0.0,128.0,531.0
679426.0,0.0,-2.235,-6.878,-0.01568,0.0,0.0,0.5146,0.0,0.0,128.0,532.0
679466.0,0.0,-2.3317,-0.78,-0.01568,0.0,0.0,0.5146,0.0,0.0,128.0,538.0
679506.0,0.0,-2.4758,-3.992,-0.01568,0.0,0.0,0.5146,0.0,0.0,128.0,539.0
679546.0,0.0,-2.6354,-2.265,-0.01568,0.0,0.0,0.5146,0.0,0.0,128.0,539.0
679587.0,0.0,-2.9054,-8.675,-0.01568,0.0,0.0,0.5146,0.0,0.0,128.0,527.0
679627.0,0.0,-3.1416,-10.278,-0.01568,0.0,0.0,0.5146,0.0,0.0,128.0,546.0
679667.0,0.0,3.0403,1.207,-0.01568,0.0,0.0,0.5146,0.0,0.0,128.0,533.0
679708.0,0.0,2.7949,3.941,-0.01568,0.0,0.0,0.5146,0.0,0.0,128.0,527.0
679748.0,0.0,2.8041,4.27,-0.01568,0.0,0.0,0.5146,0.0,0.0,128.0,533.0
679788.0,0.0,2.8563,3.651,-0.01568,0.0,0.0,0.5146,0.0,0.0,128.0,533.0
679828.0,0.0,2.956,3.555,-0.01568,0.0,0.0,0.5146,0.0,0.0,128.0,538.0
679869.0,0.0,3.1017,3.47,-0.01568,0.0,0.0,0.5146,0.0,0.0,128.0,539.0
679909.0,0.0,-3.0879,0.078,-0.01568,0.0,0.0,0.5146,0.0,0.0,128.0,539.0
679949.0,0.0,-2.8348,8.066,-0.01568,0.0,0.0,0.5146,0.0,0.0,128.0,533.0
679990.0,0.0,-2.5173,9.6,-0.01568,0.0,0.0,0.5146,0.0,0.0,128.0,533.0
680030.0,0.0,-2.4774,2.98,-0.01568,0.0,0.0,0.5146,0.0,0.0,128.0,539.0
680070.0,0.0,-2.2074,-8.224,-0.01568,0.0,0.0,0.5146,0.0,0.0,128.0,525.0
680111.0,0.0,-2.1721,-4.367,-0.01568,0.0,0.0,0.5146,0.0,0.0,128.0,538.0
680151.0,0.0,-2.3869,-3.474,-0.01568,0.0,0.0,0.5146,0.0,0.0,128.0,532.0
680191.0,0.0,-2.4912,-4.12,-0.01568,0.0,0.0,0.5146,0.0,0.0,128.0,533.0
680231.0,0.0,-2.6246,-3.551,-0.01568,0.0,0.0,0.5146,0.0,0.0,128.0,539.0
680272.0,0.0,-2.7336,-8.959,-0.01568,0.0,0.0,0.5146,0.0,0.0,128.0,532.0
680312.0,0.0,-3.0265,-3.611,-0.01568,0.0,0.0,0.5146,0.0,0.0,128.0,533.0
680352.0,0.0,3.0971,-9.14,-0.01568,0.0,0.0,0.5146,0.0,0.0,128.0,539.0
680392.0,0.0,3.0496,6.037,-0.01568,0.0,0.0,0.5146,0.0,0.0,128.0,539.0
680432.0,0.0,2.8532,-0.818,-0.01568,0.0,0.0,0.5146,0.0,0.0,128.0,539.0
680472.0,0.0,2.8578,6.798,-0.01568,0.0,0.0,0.5146,0.0,0.0,128.0,538.0
680513.0,0.0,2.9913,1.539,-0.01568,0.0,0.0,0.5146,0.0,0.0,128.0,533.0
680553.0,0.0,3.0956,2.648,-0.01568,0.0,0.0,0.5146,0.0,0.0,128.0,527.0
680593.0,0.0,-3.0986,1.912,-0.01568,0.0,0.0,0.5146,0.0,0.0,128.0,532.0
680633.0,0.0,-3.0189,7.163,-0.01568,0.0,0.0,0.5146,0.0,0.0,128.0,533.0
680674.0,0.0,-2.7458,4.84,-0.01568,0.0,0.0,0.5146,0.0,0.0,128.0,526.0
680714.0,0.0,-2.5035,1.308,-0.01568,0.0,0.0,0.5146,0.0,0.0,128.0,539.0
680754.0,0.0,-2.3838,8.825,-0.01568,0.0,0.0,0.5146,0.0,0.0,128.0,539.0
680794.0,0.0,-2.324,8.323,-0.01568,0.0,0.0,0.5146,0.0,0.0,128.0,525.0
680835.0,0.0,-2.2887,2.272,-0.01568,0.0,0.0,0.5146,0.0,0.0,128.0,538.0
680875.0,0.0,-2.4866,-2.695,-0.01568,0.0,0.0,0.5146,0.0,0.0,128.0,539.0
680915.0,0.0,-2.6246,-3.145,-0.01568,0.0,0.0,0.5146,0.0,0.0,128.0,539.0
680956.0,0.0,-2.775,-3.582,-0.01568,0.0,0.0,0.5146,0.0,0.0,128.0,538.0
680996.0,0.0,-2.8149,-6.598,-0.01568,0.0,0.0,0.5146,0.0,0.0,128.0,533.0
681036.0,0.0,-3.1032,-3.816,-0.01568,0.0,0.0,0.5146,0.0,0.0,128.0,533.0
681077.0,0.0,3.0756,-7.004,-0.01568,0.0,0.0,0.5146,0.0,0.0,128.0,539.0
681117.0,0.0,3.0434,6.692,-0.01568,0.0,0.0,0.5146,0.0,0.0,128.0,539.0
681157.0,0.0,2.9406,0.707,-0.01568,0.0,0.0,0.5146,0.0,0.0,128.0,533.0
681197.0,0.0,2.9161,4.895,-0.01568,0.0,0.0,0.5146,0.0,0.0,128.0,539.0
681238.0,0.0,3.1063,3.752,-0.01568,0.0,0.0,0.5146,0.0,0.0,128.0,527.0
681278.0,0.0,-3.0373,3.1,-0.01568,0.0,0.0,0.5146,0.0,0.0,128.0,527.0
681318.0,0.0,-2.9621,-0.262,-0.01568,0.0,0.0,0.5146,0.0,0.0,128.0,533.0
681358.0,0.0,-2.844,10.464,-0.01568,0.0,0.0,0.5146,0.0,0.0,128.0,532.0
681399.0,0.0,-2.6691,-0.198,-0.01568,0.0,0.0,0.5146,0.0,0.0,128.0,539.0
681439.0,0.0,-2.3915,6.872,-0.01568,0.0,0.0,0.5146,0.0,0.0,128.0,539.0
681479.0,0.0,-2.62,-4.612,-0.01568,0.0,0.0,0.5146,0.0,0.0,128.0,539.0
681519.0,0.0,-2.3945,-4.047,-0.01568,0.0,0.0,0.5146,0.0,0.0,128.0,539.0
681559.0,0.0,-2.4881,-8.087,-0.01568,0.0,0.0,0.5146,0.0,0.0,128.0,539.0
681599.0,0.0,-2.6216,-1.387,-0.01568,0.0,0.0,0.5146,0.0,0.0,128.0,539.0
681640.0,0.0,-2.7397,-2.949,-0.01568,0.0,0.0,0.5146,0.0,0.0,128.0,531.0
681680.0,0.0,-2.8256,-1.622,-0.01568,0.0,0.0,0.5146,0.0,0.0,128.0,526.0
681720.0,0.0,-2.9483,-5.275,-0.01568,0.0,0.0,0.5146,0.0,0.0,128.0,539.0
681761.0,0.0,-3.0802,-1.286,-0.01568,0.0,0.0,0.5146,0.0,0.0,128.0,527.0
681801.0,0.0,3.0664,0.403,-0.01568,0.0,0.0,0.5146,0.0,0.0,128.0,539.0
681841.0,0.0,2.9621,-6.671,-0.01568,0.0,0.0,0.5146,0.0,0.0,128.0,539.0
681881.0,0.0,3.0419,1.356,-0.01568,0.0,0.0,0.5146,0.0,0.0,128.0,539.0
681921.0,0.0,3.1186,3.581,-0.01568,0.0,0.0,0.5146,0.0,0.0,128.0,539.0
681962.0,0.0,-3.0357,3.345,-0.01568,0.0,0.0,0.5146,0.0,0.0,128.0,527.0
682002.0,0.0,-2.9498,1.264,-0.01568,0.0,0.0,0.5146,0.0,0.0,128.0,533.0
682042.0,0.0,-2.9805,-0.002,-0.01568,0.0,0.0,0.5146,0.0,0.0,128.0,533.0
682083.0,0.0,-2.7336,4.352,-0.01568,0.0,0.0,0.5146,0.0,0.0,128.0,539.0
682123.0,0.0,-2.6032,11.019,-0.01568,0.0,0.0,0.5146,0.0,0.0,128.0,539.0
682163.0,0.0,-2.5894,-8.789,-0.01568,0.0,0.0,0.5146,0.0,0.0,128.0,539.0
682203.0,0.0,-2.4452,10.735,-0.01568,0.0,0.0,0.5146,0.0,0.0,128.0,539.0
682244.0,0.0,-2.4513,-0.776,-0.01568,0.0,0.0,0.5146,0.0,0.0,128.0,539.0
682284.0,0.0,-2.6722,-1.848,-0.01568,0.0,0.0,0.5146,0.0,0.0,128.0,539.0
682324.0,0.0,-2.7765,-1.778,-0.01568,0.0,0.0,0.5146,0.0,0.0,128.0,539.0
682365.0,0.0,-2.8317,-0.252,-0.01568,0.0,0.0,0.5146,0.0,0.0,128.0,539.0
682405.0,0.0,-2.8946,-4.387,-0.01568,0.0,0.0,0.5146,0.0,0.0,128.0,533.0
682445.0,0.0,-3.0235,-1.182,-0.01568,0.0,0.0,0.5146,0.0,0.0,128.0,532.0
682485.0,0.0,-3.1355,-3.726,-0.01568,0.0,0.0,0.5146,0.0,0.0,128.0,532.0
682525.0,0.0,3.0695,-4.994,-0.01568,0.0,0.0,0.5146,0.0,0.0,128.0,538.0
682566.0,0.0,3.1324,1.745,-0.01568,0.0,0.0,0.5146,0.0,0.0,128.0,539.0
682606.0,0.0,3.1309,4.31,-0.01568,0.0,0.0,0.5146,0.0,0.0,128.0,539.0
682646.0,0.0,-2.9775,3.111,-0.01568,0.0,0.0,0.5146,0.0,0.0,128.0,539.0
682687.0,0.0,-2.8962,1.872,-0.01568,0.0,0.0,0.5146,0.0,0.0,128.0,539.0
682727.0,0.0,-2.9452,-4.529,-0.01568,0.0,0.0,0.5146,0.0,0.0,128.0,539.0
682768.0,0.0,-2.7734,4.102,-0.01568,0.0,0.0,0.5146,0.0,0.0,128.0,539.0
682808.0,0.0,-2.7228,-2.166,-0.01568,0.0,0.0,0.5146,0.0,0.0,128.0,539.0
682848.0,0.0,-2.5602,-1.195,-0.01568,0.0,0.0,0.5146,0.0,0.0,128.0,539.0
682889.0,0.0,-2.7489,3.362,-0.01568,0.0,0.0,0.5146,0.0,0.0,128.0,533.0
682929.0,0.0,-2.5571,-0.04,-0.01568,0.0,0.0,0.5146,0.0,0.0,128.0,539.0
682969.0,0.0,-2.729,-6.62,-0.01568,0.0,0.0,0.5146,0.0,0.0,128.0,539.0
683010.0,0.0,-2.7964,-1.323,-0.01568,0.0,0.0,0.5146,0.0,0.0,128.0,533.0
683050.0,0.0,-2.8333,-0.104,-0.01568,0.0,0.0,0.5146,0.0,0.0,128.0,539.0
683090.0,0.0,-2.8777,-2.713,-0.01568,0.0,0.0,0.5146,0.0,0.0,128.0,533.0
683130.0,0.0,-2.9775,-1.126,-0.01568,0.0,0.0,0.5146,0.0,0.0,128.0,533.0
683170.0,0.0,-3.0342,-0.956,-0.01568,0.0,0.0,0.5146,0.0,0.0,128.0,539.0
683211.0,0.0,-3.1263,-0.659,-0.01568,0.0,0.0,0.5146,0.0,0.0,128.0,533.0
683251.0,0.0,3.0971,-1.243,-0.01568,0.0,0.0,0.5146,0.0,0.0,128.0,539.0
683291.0,0.0,-3.091,0.906,-0.01568,0.0,0.0,0.5146,0.0,0.0,128.0,539.0
683332.0,0.0,-2.9376,2.755,-0.01568,0.0,0.0,0.5146,0.0,0.0,128.0,527.0
683372.0,0.0,-2.8731,0.44,-0.01568,0.0,0.0,0.5146,0.0,0.0,128.0,532.0
683412.0,0.0,-2.9422,-3.7,-0.01568,0.0,0.0,0.5146,0.0,0.0,128.0,526.0
683452.0,0.0,-2.8087,4.553,-0.01568,0.0,0.0,0.5146,0.0,0.0,128.0,527.0
683492.0,0.0,-2.7658,-2.441,-0.01568,0.0,0.0,0.5146,0.0,0.0,128.0,533.0
683533.0,0.0,-2.663,-0.019,-0.01568,0.0,0.0,0.5146,0.0,0.0,128.0,539.0
683573.0,0.0,-2.7228,9.066,-0.01568,0.0,0.0,0.5146,0.0,0.0,128.0,532.0
683613.0,0.0,-2.597,-3.369,-0.01568,0.0,0.0,0.5146,0.0,0.0,128.0,539.0
683654.0,0.0,-2.7044,-5.204,-0.01568,0.0,0.0,0.5146,0.0,0.0,128.0,533.0
683694.0,0.0,-2.8747,-3.426,-0.01568,0.0,0.0,0.5146,0.0,0.0,128.0,533.0
683734.0,0.0,-2.9253,-0.264,-0.01568,0.0,0.0,0.5146,0.0,0.0,128.0,539.0
683775.0,0.0,-2.8731,1.973,-0.01568,0.0,0.0,0.5146,0.0,0.0,128.0,532.0
683815.0,0.0,-2.9775,-2.213,-0.01568,0.0,0.0,0.5146,0.0,0.0,128.0,532.0
683856.0,0.0,-2.9943,-0.236,-0.01568,0.0,0.0,0.5146,0.0,0.0,128.0,532.0
683896.0,0.0,-3.0419,-3.695,-0.01568,0.0,0.0,0.5146,0.0,0.0,128.0,539.0
683937.0,0.0,-3.0143,0.36,-0.01568,0.0,0.0,0.5146,0.0,0.0,128.0,532.0
683977.0,0.0,-3.0726,0.358,-0.01568,0.0,0.0,0.5146,0.0,0.0,128.0,539.0
684017.0,0.0,-2.9805,2.693,-0.01568,0.0,0.0,0.5146,0.0,0.0,128.0,539.0
684058.0,0.0,-2.8808,1.394,-0.01568,0.0,0.0,0.5146,0.0,0.0,128.0,527.0
684098.0,0.0,-2.8931,-1.71,-0.01568,0.0,0.0,0.5146,0.0,0.0,128.0,539.0
684138.0,0.0,-2.8271,3.363,-0.01568,0.0,0.0,0.5146,0.0,0.0,128.0,539.0
684179.0,0.0,-2.8041,0.573,-0.01568,0.0,0.0,0.5146,0.0,0.0,128.0,539.0
684219.0,0.0,-2.755,-1.346,-0.01568,0.0,0.0,0.5146,0.0,0.0,128.0,533.0
684260.0,0.0,-2.6829,0.486,-0.01568,0.0,0.0,0.5146,0.0,0.0,128.0,526.0
684300.0,0.0,-2.8133,-1.12,-0.01568,0.0,0.0,0.5146,0.0,0.0,128.0,527.0
684340.0,0.0,-2.8256,-1.926,-0.01568,0.0,0.0,0.5146,0.0,0.0,128.0,539.0
684380.0,0.0,-2.8916,-0.562,-0.01568,0.0,0.0,0.5146,0.0,0.0,128.0,533.0
684421.0,0.0,-2.8823,0.225,-0.01568,0.0,0.0,0.5146,0.0,0.0,128.0,527.0
684461.0,0.0,-2.9238,-0.759,-0.01568,0.0,0.0,0.5146,0.0,0.0,128.0,533.0
684501.0,0.0,-2.9437,-1.448,-0.01568,0.0,0.0,0.5146,0.0,0.0,128.0,539.0
684542.0,0.0,-2.9713,-0.189,-0.01568,0.0,0.0,0.5146,0.0,0.0,128.0,527.0
684582.0,0.0,-2.9959,0.273,-0.01568,0.0,0.0,0.5146,0.0,0.0,128.0,533.0
684622.0,0.0,-2.9989,-0.542,-0.01568,0.0,0.0,0.5146,0.0,0.0,128.0,533.0
684663.0,0.0,-2.9959,0.953,-0.01568,0.0,0.0,0.5146,0.0,0.0,128.0,533.0
684703.0,0.0,-2.9008,3.067,-0.01568,0.0,0.0,0.5146,0.0,0.0,128.0,539.0
684743.0,0.0,-2.8195,-0.239,-0.01568,0.0,0.0,0.5146,0.0,0.0,128.0,533.0
684784.0,0.0,-2.8685,0.797,-0.01568,0.0,0.0,0.5146,0.0,0.0,128.0,533.0
684824.0,0.0,-2.8072,-0.877,-0.01568,0.0,0.0,0.5146,0.0,0.0,128.0,539.0
684864.0,0.0,-2.801,1.646,-0.01568,0.0,0.0,0.5146,0.0,0.0,128.0,539.0
684905.0,0.0,-2.8103,-2.064,-0.01568,0.0,0.0,0.5146,0.0,0.0,128.0,538.0
684945.0,0.0,-2.7811,0.358,-0.01568,0.0,0.0,0.5146,0.0,0.0,128.0,533.0
684985.0,0.0,-2.7995,-0.801,-0.01568,0.0,0.0,0.5146,0.0,0.0,128.0,533.0
685025.0,0.0,-2.8716,-2.084,-0.01568,0.0,0.0,0.5146,0.0,0.0,128.0,533.0
685065.0,0.0,-2.9606,-1.919,-0.01568,0.0,0.0,0.5146,0.0,0.0,128.0,539.0
685105.0,0.0,-2.9498,1.856,-0.01568,0.0,0.0,0.5146,0.0,0.0,128.0,539.0
685145.0,0.0,-2.9038,-0.475,-0.01568,0.0,0.0,0.5146,0.0,0.0,128.0,539.0
685186.0,0.0,-2.9054,0.318,-0.01568,0.0,0.0,0.5146,0.0,0.0,128.0,533.0
685226.0,0.0,-2.8731,0.867,-0.01568,0.0,0.0,0.5146,0.0,0.0,128.0,533.0
685266.0,0.0,-2.8532,0.554,-0.01568,0.0,0.0,0.5146,0.0,0.0,128.0,527.0
685306.0,0.0,-2.8409,0.075,-0.01568,0.0,0.0,0.5146,0.0,0.0,128.0,539.0
685347.0,0.0,-2.8425,-0.093,-0.01568,0.0,0.0,0.5146,0.0,0.0,128.0,533.0
685387.0,0.0,-2.8655,-0.63,-0.01568,0.0,0.0,0.5146,0.0,0.0,128.0,532.0
685428.0,0.0,-2.8977,-0.862,-0.01568,0.0,0.0,0.5146,0.0,0.0,128.0,527.0
685468.0,0.0,-2.9176,-0.577,-0.01568,0.0,0.0,0.5146,0.0,0.0,128.0,532.0
685508.0,0.0,-2.9161,0.364,-0.01568,0.0,0.0,0.5146,0.0,0.0,128.0,533.0
685548.0,0.0,-2.8977,0.548,-0.01568,0.0,0.0,0.5146,0.0,0.0,128.0,539.0
685588.0,0.0,-2.8731,0.876,-0.01568,0.0,0.0,0.5146,0.0,0.0,128.0,533.0
685629.0,0.0,-2.8578,0.396,-0.01568,0.0,0.0,0.5146,0.0,0.0,128.0,539.0
685669.0,0.0,-2.8593,-0.375,-0.01568,0.0,0.0,0.5146,0.0,0.0,128.0,526.0
685709.0,0.0,-2.8731,-0.391,-0.01568,0.0,0.0,0.5146,0.0,0.0,128.0,533.0
685749.0,0.0,-2.8931,-0.546,-0.01568,0.0,0.0,0.5146,0.0,0.0,128.0,539.0
685790.0,0.0,-2.9054,-0.2,-0.01568,0.0,0.0,0.5146,0.0,0.0,128.0,538.0
685830.0,0.0,-2.9038,0.361,-0.01568,0.0,0.0,0.5146,0.0,0.0,128.0,532.0
685870.0,0.0,-2.8931,0.234,-0.01568,0.0,0.0,0.5146,0.0,0.0,128.0,539.0
685910.0,0.0,-2.8777,0.486,-0.01568,0.0,0.0,0.5146,0.0,0.0,128.0,539.0
685951.0,0.0,-2.8701,0.032,-0.01568,0.0,0.0,0.5146,0.0,0.0,128.0,538.0
685991.0,0.0,-2.8716,-0.116,-0.01568,0.0,0.0,0.5146,0.0,0.0,128.0,532.0
686031.0,0.0,-2.8823,-0.453,-0.01568,0.0,0.0,0.5146,0.0,0.0,128.0,533.0
686072.0,0.0,-2.8931,-0.413,-0.01568,0.0,0.0,0.5146,0.0,0.0,128.0,539.0
686112.0,0.0,-2.8977,-0.011,-0.01568,0.0,0.0,0.5146,0.0,0.0,128.0,533.0
686152.0,0.0,-2.8946,0.119,-0.01568,0.0,0.0,0.5146,0.0,0.0,128.0,533.0
686193.0,0.0,-2.887,0.115,-0.01568,0.0,0.0,0.5146,0.0,0.0,128.0,538.0
686233.0,0.0,-2.8793,0.154,-0.01568,0.0,0.0,0.5146,0.0,0.0,128.0,533.0
686273.0,0.0,-2.8777,-0.32,-0.01568,0.0,0.0,0.5146,0.0,0.0,128.0,539.0
686314.0,0.0,-2.8808,-0.162,-0.01568,0.0,0.0,0.5146,0.0,0.0,128.0,539.0
686354.0,0.0,-2.887,-0.027,-0.01568,0.0,0.0,0.5146,0.0,0.0,128.0,538.0
686395.0,0.0,-2.8916,0.02,-0.01568,0.0,0.0,0.5146,0.0,0.0,128.0,539.0
686435.0,0.0,-2.8916,0.088,-0.01568,0.0,0.0,0.5146,0.0,0.0,128.0,539.0
686476.0,0.0,-2.8885,-0.073,-0.01568,0.0,0.0,0.5146,0.0,0.0,128.0,526.0
686516.0,0.0,-2.8823,0.064,-0.01568,0.0,0.0,0.5146,0.0,0.0,128.0,539.0
686556.0,0.0,-2.8808,0.0,-0.01568,0.0,0.0,0.5146,0.0,0.0,128.0,539.0
686597.0,0.0,-2.8823,-0.0,-0.01568,0.0,0.0,0.5146,0.0,0.0,128.0,539.0
686637.0,0.0,-2.887,-0.205,-0.01568,0.0,0.0,0.5146,0.0,0.0,128.0,539.0
686677.0,0.0,-2.89,-0.213,-0.01568,0.0,0.0,0.5146,0.0,0.0,128.0,533.0
686717.0,0.0,-2.8885,0.34,-0.01568,0.0,0.0,0.5146,0.0,0.0,128.0,533.0
686758.0,0.0,-2.887,0.007,-0.01568,0.0,0.0,0.5146,0.0,0.0,128.0,539.0
686798.0,0.0,-2.8839,0.201,-0.01568,0.0,0.0,0.5146,0.0,0.0,128.0,533.0
686839.0,0.0,-2.8823,0.0,-0.01568,0.0,0.0,0.5146,0.0,0.0,128.0,526.0
686879.0,0.0,-2.8839,0.217,-0.01568,0.0,0.0,0.5146,0.0,0.0,128.0,539.0
686919.0,0.0,-2.887,-0.006,-0.01568,0.0,0.0,0.5146,0.0,0.0,128.0,538.0
686960.0,0.0,-2.8885,-0.013,-0.01568,0.0,0.0,0.5146,0.0,0.0,128.0,539.0
687000.0,0.0,-2.887,0.168,-0.01568,0.0,0.0,0.5146,0.0,0.0,128.0,538.0
687041.0,0.0,-2.8854,0.005,-0.01568,0.0,0.0,0.5146,0.0,0.0,128.0,539.0
687081.0,0.0,-2.8854,-0.186,-0.01568,0.0,0.0,0.5146,0.0,0.0,128.0,539.0
687122.0,0.0,-2.8839,0.193,-0.01568,0.0,0.0,0.5146,0.0,0.0,128.0,539.0
687162.0,0.0,-2.8854,-0.0,-0.01568,0.0,0.0,0.5146,0.0,0.0,128.0,532.0
687202.0,0.0,-2.887,-0.001,-0.01568,0.0,0.0,0.5146,0.0,0.0,128.0,539.0
687243.0,0.0,-2.887,0.0,-0.01568,0.0,0.0,0.5146,0.0,0.0,128.0,539.0
687283.0,0.0,-2.8854,0.272,-0.01568,0.0,0.0,0.5146,0.0,0.0,128.0,538.0
687323.0,0.0,-2.8854,0.0,-0.01568,0.0,0.0,0.5146,0.0,0.0,128.0,539.0
687364.0,0.0,-2.8854,-0.013,-0.01568,0.0,0.0,0.5146,0.0,0.0,128.0,533.0
687404.0,0.0,-2.8854,-0.0,-0.01568,0.0,0.0,0.5146,0.0,0.0,128.0,525.0
687444.0,0.0,-2.887,-0.18,-0.01568,0.0,0.0,0.5146,0.0,0.0,128.0,538.0
687485.0,0.0,-2.887,0.0,-0.01568,0.0,0.0,0.5146,0.0,0.0,128.0,532.0
687525.0,0.0,-2.8854,0.168,-0.01568,0.0,0.0,0.5146,0.0,0.0,128.0,533.0
687565.0,0.0,-2.8854,0.008,-0.01568,0.0,0.0,0.5146,0.0,0.0,128.0,539.0
687606.0,0.0,-2.8854,0.0,-0.01568,0.0,0.0,0.5146,0.0,0.0,128.0,526.0
687646.0,0.0,-2.8854,0.0,-0.01568,0.0,0.0,0.5146,0.0,0.0,128.0,526.0
687686.0,0.0,-2.8854,0.154,-0.01568,0.0,0.0,0.5146,0.0,0.0,128.0,539.0
687727.0,0.0,-2.887,-0.123,-0.01568,0.0,0.0,0.5146,0.0,0.0,128.0,527.0
687767.0,0.0,-2.887,-0.001,-0.01568,0.0,0.0,0.5146,0.0,0.0,128.0,526.0
687808.0,0.0,-2.8854,0.001,-0.01568,0.0,0.0,0.5146,0.0,0.0,128.0,526.0
687848.0,0.0,-2.8854,0.0,-0.01568,0.0,0.0,0.5146,0.0,0.0,128.0,526.0
687888.0,0.0,-2.8854,0.008,-0.01568,0.0,0.0,0.5146,0.0,0.0,128.0,539.0
687928.0,0.0,-2.8854,0.107,-0.01568,0.0,0.0,0.5146,0.0,0.0,128.0,539.0
687968.0,0.0,-2.887,-0.051,-0.01568,0.0,0.0,0.5146,0.0,0.0,128.0,539.0
688009.0,0.0,-2.8854,0.221,-0.01568,0.0,0.0,0.5146,0.0,0.0,128.0,533.0
688049.0,0.0,-2.8854,0.13,-0.01568,0.0,0.0,0.5146,0.0,0.0,128.0,539.0
688090.0,0.0,-2.8854,0.001,-0.01568,0.0,0.0,0.5146,0.0,0.0,128.0,539.0
688130.0,0.0,-2.8854,0.068,-0.01568,0.0,0.0,0.5146,0.0,0.0,128.0,539.0
688170.0,0.0,-2.8854,0.209,-0.01568,0.0,0.0,0.5146,0.0,0.0,128.0,539.0
688211.0,0.0,-2.887,-0.038,-0.01568,0.0,0.0,0.5146,0.0,0.0,128.0,539.0
688251.0,0.0,-2.8854,0.039,-0.01568,0.0,0.0,0.5146,0.0,0.0,128.0,539.0
688291.0,0.0,-2.887,-0.211,-0.01568,0.0,0.0,0.5146,0.0,0.0,128.0,539.0
688331.0,0.0,-2.8854,0.002,-0.01568,0.0,0.0,0.5146,0.0,0.0,128.0,539.0
688371.0,0.0,-2.8854,0.013,-0.01568,0.0,0.0,0.5146,0.0,0.0,128.0,539.0
688412.0,0.0,-2.887,-0.242,-0.01568,0.0,0.0,0.5146,0.0,0.0,128.0,539.0
688452.0,0.0,-2.8854,0.003,-0.01568,0.0,0.0,0.5146,0.0,0.0,128.0,538.0
688493.0,0.0,-2.8854,0.097,-0.01568,0.0,0.0,0.5146,0.0,0.0,128.0,539.0
688533.0,0.0,-2.8854,0.075,-0.01568,0.0,0.0,0.5146,0.0,0.0,128.0,533.0
688574.0,0.0,-2.887,-0.329,-0.01568,0.0,0.0,0.5146,0.0,0.0,128.0,527.0
688614.0,0.0,-2.8854,0.093,-0.01568,0.0,0.0,0.5146,0.0,0.0,128.0,533.0
688654.0,0.0,-2.8854,0.002,-0.01568,0.0,0.0,0.5146,0.0,0.0,128.0,532.0
688694.0,0.0,-2.8854,0.107,-0.01568,0.0,0.0,0.5146,0.0,0.0,128.0,533.0
688735.0,0.0,-2.8854,0.0,-0.01568,0.0,0.0,0.5146,0.0,0.0,128.0,527.0
688775.0,0.0,-2.887,-0.337,-0.01568,0.0,0.0,0.5146,0.0,0.0,128.0,539.0
688815.0,0.0,-2.8854,0.049,-0.01568,0.0,0.0,0.5146,0.0,0.0,128.0,527.0
688855.0,0.0,-2.8854,0.164,-0.01568,0.0,0.0,0.5146,0.0,0.0,128.0,539.0
688896.0,0.0,-2.8854,0.117,-0.01568,0.0,0.0,0.5146,0.0,0.0,128.0,539.0
688936.0,0.0,-2.8854,0.09,-0.01568,0.0,0.0,0.5146,0.0,0.0,128.0,526.0
688976.0,0.0,-2.8854,0.16,-0.01568,0.0,0.0,0.5146,0.0,0.0,128.0,538.0
689017.0,0.0,-2.8854,0.084,-0.01568,0.0,0.0,0.5146,0.0,0.0,128.0,539.0
689057.0,0.0,-2.8854,0.055,-0.01568,0.0,0.0,0.5146,0.0,0.0,128.0,527.0
689097.0,0.0,-2.887,-0.217,-0.01568,0.0,0.0,0.5146,0.0,0.0,128.0,527.0
689137.0,0.0,-2.887,-0.153,-0.01568,0.0,0.0,0.5146,0.0,0.0,128.0,533.0
689178.0,0.0,-2.8854,0.034,-0.01568,0.0,0.0,0.5146,0.0,0.0,128.0,538.0
689218.0,0.0,-2.8854,0.05,-0.01568,0.0,0.0,0.5146,0.0,0.0,128.0,539.0
689259.0,0.0,-2.8854,0.002,-0.01568,0.0,0.0,0.5146,0.0,0.0,128.0,533.0
689299.0,0.0,-2.887,-0.253,-0.01568,0.0,0.0,0.5146,0.0,0.0,128.0,532.0
689339.0,0.0,-2.8854,0.097,-0.01568,0.0,0.0,0.5146,0.0,0.0,128.0,526.0
689379.0,0.0,-2.8854,0.078,-0.01568,0.0,0.0,0.5146,0.0,0.0,128.0,539.0
689420.0,0.0,-2.8854,0.013,-0.01568,0.0,0.0,0.5146,0.0,0.0,128.0,526.0
689460.0,0.0,-2.8854,0.044,-0.01568,0.0,0.0,0.5146,0.0,0.0,128.0,527.0
689500.0,0.0,-2.8854,0.081,-0.01568,0.0,0.0,0.5146,0.0,0.0,128.0,538.0
689540.0,0.0,-2.8854,-0.006,-0.01568,0.0,0.0,0.5146,0.0,0.0,128.0,539.0
689581.0,0.0,-2.8854,0.023,-0.01568,0.0,0.0,0.5146,0.0,0.0,128.0,538.0
689621.0,0.0,-2.8854,-0.016,-0.01568,0.0,0.0,0.5146,0.0,0.0,128.0,538.0
689661.0,0.0,-2.8854,0.072,-0.01568,0.0,0.0,0.5146,0.0,0.0,128.0,539.0
689702.0,0.0,-2.8854,0.027,-0.01568,0.0,0.0,0.5146,0.0,0.0,128.0,538.0
689742.0,0.0,-2.8854,0.098,-0.01568,0.0,0.0,0.5146,0.0,0.0,128.0,539.0
689782.0,0.0,-2.8854,-0.014,-0.01568,0.0,0.0,0.5146,0.0,0.0,128.0,539.0
689823.0,0.0,-2.8854,0.119,-0.01568,0.0,0.0,0.5146,0.0,0.0,128.0,532.0
689863.0,0.0,-2.8854,0.125,-0.01568,0.0,0.0,0.5146,0.0,0.0,128.0,539.0
689903.0,0.0,-2.8854,0.009,-0.01568,0.0,0.0,0.5146,0.0,0.0,128.0,539.0
689944.0,0.0,-2.8854,0.035,-0.01568,0.0,0.0,0.5146,0.0,0.0,128.0,526.0
689984.0,0.0,-2.8854,0.0,-0.01568,0.0,0.0,0.5146,0.0,0.0,128.0,532.0
690024.0,0.0,-2.8854,0.047,-0.01568,0.0,0.0,0.5146,0.0,0.0,128.0,538.0
690064.0,0.0,-2.8854,-0.009,-0.01568,0.0,0.0,0.5146,0.0,0.0,128.0,539.0
690105.0,0.0,-2.887,-0.311,-0.01568,0.0,0.0,0.5146,0.0,0.0,128.0,526.0
690145.0,0.0,-2.8854,0.087,-0.01568,0.0,0.0,0.5146,0.0,0.0,128.0,526.0
690185.0,0.0,-2.8854,0.011,-0.01568,0.0,0.0,0.5146,0.0,0.0,128.0,538.0
690226.0,0.0,-2.8854,0.002,-0.01568,0.0,0.0,0.5146,0.0,0.0,128.0,533.0
690266.0,0.0,-2.8854,0.013,-0.01568,0.0,0.0,0.5146,0.0,0.0,128.0,539.0
690307.0,0.0,-2.8854,0.124,-0.01568,0.0,0.0,0.5146,0.0,0.0,128.0,526.0
690347.0,0.0,-2.8854,0.097,-0.01568,0.0,0.0,0.5146,0.0,0.0,128.0,526.0
690387.0,0.0,-2.8854,0.049,-0.01568,0.0,0.0,0.5146,0.0,0.0,128.0,539.0
690427.0,0.0,-2.8854,0.227,-0.01568,0.0,0.0,0.5146,0.0,0.0,128.0,538.0
690468.0,0.0,-2.887,-0.284,-0.01568,0.0,0.0,0.5146,0.0,0.0,128.0,527.0
690508.0,0.0,-2.8854,0.164,-0.01568,0.0,0.0,0.5146,0.0,0.0,128.0,526.0
690548.0,0.0,-2.8854,0.16,-0.01568,0.0,0.0,0.5146,0.0,0.0,128.0,533.0
690588.0,0.0,-2.8854,0.135,-0.01568,0.0,0.0,0.5146,0.0,0.0,128.0,539.0
690629.0,0.0,-2.8854,0.16,-0.01568,0.0,0.0,0.5146,0.0,0.0,128.0,539.0
690669.0,0.0,-2.887,-0.181,-0.01568,0.0,0.0,0.5146,0.0,0.0,128.0,533.0
690710.0,0.0,-2.8854,0.002,-0.01568,0.0,0.0,0.5146,0.0,0.0,128.0,539.0
690750.0,0.0,-2.8854,0.159,-0.01568,0.0,0.0,0.5146,0.0,0.0,128.0,532.0
690791.0,0.0,-2.8854,0.002,-0.01568,0.0,0.0,0.5146,0.0,0.0,128.0,527.0
690831.0,0.0,-2.8854,0.163,-0.01568,0.0,0.0,0.5146,0.0,0.0,128.0,533.0
690871.0,0.0,-2.8854,0.088,-0.01568,0.0,0.0,0.5146,0.0,0.0,128.0,533.0
690911.0,0.0,-2.8854,0.109,-0.01568,0.0,0.0,0.5146,0.0,0.0,128.0,532.0
690952.0,0.0,-2.8854,0.149,-0.01568,0.0,0.0,0.5146,0.0,0.0,128.0,533.0
690992.0,0.0,-2.887,-0.351,-0.01568,0.0,0.0,0.5146,0.0,0.0,128.0,526.0
691032.0,0.0,-2.887,-0.271,-0.01568,0.0,0.0,0.5146,0.0,0.0,128.0,539.0
691073.0,0.0,-2.8854,0.033,-0.01568,0.0,0.0,0.5146,0.0,0.0,128.0,539.0
691113.0,0.0,-2.8854,0.105,-0.01568,0.0,0.0,0.5146,0.0,0.0,128.0,533.0
691153.0,0.0,-2.8854,-0.016,-0.01568,0.0,0.0,0.5146,0.0,0.0,128.0,539.0
691194.0,0.0,-2.8854,0.09,-0.01568,0.0,0.0,0.5146,0.0,0.0,128.0,527.0
691234.0,0.0,-2.887,-0.182,-0.01568,0.0,0.0,0.5146,0.0,0.0,128.0,533.0
691274.0,0.0,-2.887,-0.328,-0.01568,0.0,0.0,0.5146,0.0,0.0,128.0,538.0
691314.0,0.0,-2.8854,0.141,-0.01568,0.0,0.0,0.5146,0.0,0.0,128.0,533.0
691355.0,0.0,-2.887,-0.306,-0.01568,0.0,0.0,0.5146,0.0,0.0,128.0,539.0
691395.0,0.0,-2.887,-0.337,-0.01568,0.0,0.0,0.5146,0.0,0.0,128.0,539.0
691435.0,0.0,-2.8854,0.076,-0.01568,0.0,0.0,0.5146,0.0,0.0,128.0,533.0
691476.0,0.0,-2.8854,0.029,-0.01568,0.0,0.0,0.5146,0.0,0.0,128.0,532.0
691516.0,0.0,-2.887,-0.341,-0.01568,0.0,0.0,0.5146,0.0,0.0,128.0,533.0
691556.0,0.0,-2.8854,0.103,-0.01568,0.0,0.0,0.5146,0.0,0.0,128.0,533.0
691597.0,0.0,-2.8854,0.001,-0.01568,0.0,0.0,0.5146,0.0,0.0,128.0,539.0
691637.0,0.0,-2.8854,0.189,-0.01568,0.0,0.0,0.5146,0.0,0.0,128.0,527.0
691677.0,0.0,-2.8854,0.0,-0.01568,0.0,0.0,0.5146,0.0,0.0,128.0,539.0
691717.0,0.0,-2.8854,0.005,-0.01568,0.0,0.0,0.5146,0.0,0.0,128.0,539.0
691758.0,0.0,-2.8854,0.163,-0.01568,0.0,0.0,0.5146,0.0,0.0,128.0,527.0
691798.0,0.0,-2.8854,0.115,-0.01568,0.0,0.0,0.5146,0.0,0.0,128.0,533.0
691838.0,0.0,-2.8854,0.02,-0.01568,0.0,0.0,0.5146,0.0,0.0,128.0,539.0
691879.0,0.0,-2.8854,0.006,-0.01568,0.0,0.0,0.5146,0.0,0.0,128.0,527.0
691919.0,0.0,-2.8854,0.073,-0.01568,0.0,0.0,0.5146,0.0,0.0,128.0,527.0
691959.0,0.0,-2.887,-0.292,-0.01568,0.0,0.0,0.5146,0.0,0.0,128.0,538.0
691999.0,0.0,-2.8854,0.07,-0.01568,0.0,0.0,0.5146,0.0,0.0,128.0,539.0
692039.0,0.0,-2.8854,0.021,-0.01568,0.0,0.0,0.5146,0.0,0.0,128.0,527.0
692079.0,0.0,-2.8854,0.0,-0.01568,0.0,0.0,0.5146,0.0,0.0,128.0,539.0
692120.0,0.0,-2.8854,0.113,-0.01568,0.0,0.0,0.5146,0.0,0.0,128.0,527.0
692160.0,0.0,-2.8854,0.001,-0.01568,0.0,0.0,0.5146,0.0,0.0,128.0,539.0
692200.0,0.0,-2.8854,0.15,-0.01568,0.0,0.0,0.5146,0.0,0.0,128.0,539.0
692240.0,0.0,-2.887,-0.131,-0.01568,0.0,0.0,0.5146,0.0,0.0,128.0,533.0
692281.0,0.0,-2.8854,0.076,-0.01568,0.0,0.0,0.5146,0.0,0.0,128.0,539.0
692321.0,0.0,-2.8854,0.084,-0.01568,0.0,0.0,0.5146,0.0,0.0,128.0,526.0
692361.0,0.0,-2.8854,0.04,-0.01568,0.0,0.0,0.5146,0.0,0.0,128.0,539.0
692402.0,0.0,-2.8854,0.222,-0.01568,0.0,0.0,0.5146,0.0,0.0,128.0,533.0
692442.0,0.0,-2.8854,0.0,-0.01568,0.0,0.0,0.5146,0.0,0.0,128.0,532.0
692482.0,0.0,-2.887,-0.253,-0.01568,0.0,0.0,0.5146,0.0,0.0,128.0,527.0
692523.0,0.0,-2.887,-0.242,-0.01568,0.0,0.0,0.5146,0.0,0.0,128.0,526.0
692563.0,0.0,-2.8854,0.089,-0.01568,0.0,0.0,0.5146,0.0,0.0,128.0,539.0
692603.0,0.0,-2.8854,0.126,-0.01568,0.0,0.0,0.5146,0.0,0.0,128.0,533.0
692644.0,0.0,-2.8854,0.05,-0.01568,0.0,0.0,0.5146,0.0,0.0,128.0,532.0
692684.0,0.0,-2.8854,0.201,-0.01568,0.0,0.0,0.5146,0.0,0.0,128.0,533.0
692724.0,0.0,-2.887,-0.175,-0.01568,0.0,0.0,0.5146,0.0,0.0,128.0,533.0
692765.0,0.0,-2.8854,0.069,-0.01568,0.0,0.0,0.5146,0.0,0.0,128.0,533.0
692805.0,0.0,-2.887,-0.319,-0.01568,0.0,0.0,0.5146,0.0,0.0,128.0,538.0
692845.0,0.0,-2.8854,0.045,-0.01568,0.0,0.0,0.5146,0.0,0.0,128.0,539.0
692886.0,0.0,-2.8854,0.048,-0.01568,0.0,0.0,0.5146,0.0,0.0,128.0,527.0
692926.0,0.0,-2.8854,0.07,-0.01568,0.0,0.0,0.5146,0.0,0.0,128.0,538.0
692966.0,0.0,-2.8854,0.01,-0.01568,0.0,0.0,0.5146,0.0,0.0,128.0,539.0
693007.0,0.0,-2.8854,0.07,-0.01568,0.0,0.0,0.5146,0.0,0.0,128.0,533.0
693047.0,0.0,-2.8854,0.064,-0.01568,0.0,0.0,0.5146,0.0,0.0,128.0,533.0
693088.0,0.0,-2.8854,0.04,-0.01568,0.0,0.0,0.5146,0.0,0.0,128.0,532.0
693128.0,0.0,-2.887,-0.223,-0.01568,0.0,0.0,0.5146,0.0,0.0,128.0,533.0
693168.0,0.0,-2.8854,-0.019,-0.01568,0.0,0.0,0.5146,0.0,0.0,128.0,539.0
693208.0,0.0,-2.8854,-0.019,-0.01568,0.0,0.0,0.5146,0.0,0.0,128.0,539.0
693249.0,0.0,-2.8854,0.094,-0.01568,0.0,0.0,0.5146,0.0,0.0,128.0,533.0
693289.0,0.0,-2.8854,0.018,-0.01568,0.0,0.0,0.5146,0.0,0.0,128.0,539.0
693329.0,0.0,-2.8854,0.173,-0.01568,0.0,0.0,0.5146,0.0,0.0,128.0,539.0
693370.0,0.0,-2.8854,0.015,-0.01568,0.0,0.0,0.5146,0.0,0.0,128.0,539.0
693410.0,0.0,-2.887,-0.295,-0.01568,0.0,0.0,0.5146,0.0,0.0,128.0,539.0
693450.0,0.0,-2.8854,0.116,-0.01568,0.0,0.0,0.5146,0.0,0.0,128.0,533.0
693490.0,0.0,-2.887,-0.341,-0.01568,0.0,0.0,0.5146,0.0,0.0,128.0,539.0
693531.0,0.0,-2.8854,0.086,-0.01568,0.0,0.0,0.5146,0.0,0.0,128.0,533.0
693571.0,0.0,-2.8854,0.198,-0.01568,0.0,0.0,0.5146,0.0,0.0,128.0,533.0
693611.0,0.0,-2.8854,0.005,-0.01568,0.0,0.0,0.5146,0.0,0.0,128.0,538.0
693651.0,0.0,-2.887,-0.269,-0.01568,0.0,0.0,0.5146,0.0,0.0,128.0,539.0
693692.0,0.0,-2.887,-0.171,-0.01568,0.0,0.0,0.5146,0.0,0.0,128.0,527.0
693732.0,0.0,-2.8854,0.137,-0.01568,0.0,0.0,0.5146,0.0,0.0,128.0,533.0
693772.0,0.0,-2.887,-0.21,-0.01568,0.0,0.0,0.5146,0.0,0.0,128.0,539.0
693812.0,0.0,-2.8854,0.061,-0.01568,0.0,0.0,0.5146,0.0,0.0,128.0,539.0
693852.0,0.0,-2.8854,0.195,-0.01568,0.0,0.0,0.5146,0.0,0.0,128.0,533.0
693892.0,0.0,-2.8854,0.12,-0.01568,0.0,0.0,0.5146,0.0,0.0,128.0,539.0
693932.0,0.0,-2.8854,0.067,-0.01568,0.0,0.0,0.5146,0.0,0.0,128.0,539.0
693973.0,0.0,-2.887,-0.245,-0.01568,0.0,0.0,0.5146,0.0,0.0,128.0,527.0
694013.0,0.0,-2.887,-0.226,-0.01568,0.0,0.0,0.5146,0.0,0.0,128.0,538.0
694053.0,0.0,-2.8854,0.066,-0.01568,0.0,0.0,0.5146,0.0,0.0,128.0,539.0
694094.0,0.0,-2.887,-0.207,-0.01568,0.0,0.0,0.5146,0.0,0.0,128.0,526.0
694134.0,0.0,-2.8854,0.127,-0.01568,0.0,0.0,0.5146,0.0,0.0,128.0,532.0
694174.0,0.0,-2.887,-0.36,-0.01568,0.0,0.0,0.5146,0.0,0.0,128.0,539.0
694214.0,0.0,-2.8854,0.126,-0.01568,0.0,0.0,0.5146,0.0,0.0,128.0,533.0
694254.0,0.0,-2.887,-0.258,-0.01568,0.0,0.0,0.5146,0.0,0.0,128.0,539.0
694295.0,0.0,-2.887,-0.139,-0.01568,0.0,0.0,0.5146,0.0,0.0,128.0,527.0
694335.0,0.0,-2.887,-0.181,-0.01568,0.0,0.0,0.5146,0.0,0.0,128.0,533.0
694375.0,0.0,-2.8854,0.159,-0.01568,0.0,0.0,0.5146,0.0,0.0,128.0,533.0
694415.0,0.0,-2.8854,0.033,-0.01568,0.0,0.0,0.5146,0.0,0.0,128.0,538.0
694455.0,0.0,-2.8854,0.211,-0.01568,0.0,0.0,0.5146,0.0,0.0,128.0,533.0
694496.0,0.0,-2.8854,0.202,-0.01568,0.0,0.0,0.5146,0.0,0.0,128.0,539.0
694536.0,0.0,-2.887,-0.272,-0.01568,0.0,0.0,0.5146,0.0,0.0,128.0,539.0
694576.0,0.0,-2.8854,0.009,-0.01568,0.0,0.0,0.5146,0.0,0.0,128.0,527.0
694617.0,0.0,-2.8854,0.0,-0.01568,0.0,0.0,0.5146,0.0,0.0,128.0,526.0
694657.0,0.0,-2.8854,0.094,-0.01568,0.0,0.0,0.5146,0.0,0.0,128.0,538.0
694697.0,0.0,-2.8854,0.153,-0.01568,0.0,0.0,0.5146,0.0,0.0,128.0,533.0
694737.0,0.0,-2.8854,0.065,-0.01568,0.0,0.0,0.5146,0.0,0.0,128.0,533.0
694777.0,0.0,-2.8854,0.056,-0.01568,0.0,0.0,0.5146,0.0,0.0,128.0,538.0
694818.0,0.0,-2.8854,0.057,-0.01568,0.0,0.0,0.5146,0.0,0.0,128.0,539.0
694858.0,0.0,-2.8854,0.046,-0.01568,0.0,0.0,0.5146,0.0,0.0,128.0,532.0
694898.0,0.0,-2.887,-0.243,-0.01568,0.0,0.0,0.5146,0.0,0.0,128.0,539.0
694938.0,0.0,-2.8854,0.021,-0.01568,0.0,0.0,0.5146,0.0,0.0,128.0,539.0
694979.0,0.0,-2.887,-0.307,-0.01568,0.0,0.0,0.5146,0.0,0.0,128.0,533.0
695019.0,0.0,-2.8854,0.095,-0.01568,0.0,0.0,0.5146,0.0,0.0,128.0,533.0
695059.0,0.0,-2.887,-0.245,-0.01568,0.0,0.0,0.5146,0.0,0.0,128.0,538.0
695099.0,0.0,-2.8854,0.106,-0.01568,0.0,0.0,0.5146,0.0,0.0,128.0,539.0
695140.0,0.0,-2.8854,0.004,-0.01568,0.0,0.0,0.5146,0.0,0.0,128.0,532.0
695180.0,0.0,-2.8854,0.038,-0.01568,0.0,0.0,0.5146,0.0,0.0,128.0,539.0
695220.0,0.0,-2.887,-0.261,-0.01568,0.0,0.0,0.5146,0.0,0.0,128.0,532.0
695261.0,0.0,-2.887,-0.225,-0.01568,0.0,0.0,0.5146,0.0,0.0,128.0,539.0
695301.0,0.0,-2.8854,0.193,-0.01568,0.0,0.0,0.5146,0.0,0.0,128.0,533.0
695341.0,0.0,-2.887,-0.271,-0.01568,0.0,0.0,0.5146,0.0,0.0,128.0,532.0
695381.0,0.0,-2.887,-0.271,-0.01568,0.0,0.0,0.5146,0.0,0.0,128.0,533.0
695421.0,0.0,-2.8854,0.136,-0.01568,0.0,0.0,0.5146,0.0,0.0,128.0,539.0
695462.0,0.0,-2.8854,0.075,-0.01568,0.0,0.0,0.5146,0.0,0.0,128.0,533.0
695502.0,0.0,-2.8854,0.175,-0.01568,0.0,0.0,0.5146,0.0,0.0,128.0,533.0
695542.0,0.0,-2.8854,0.135,-0.01568,0.0,0.0,0.5146,0.0,0.0,128.0,538.0
695582.0,0.0,-2.887,-0.263,-0.01568,0.0,0.0,0.5146,0.0,0.0,128.0,533.0
695622.0,0.0,-2.887,-0.215,-0.01568,0.0,0.0,0.5146,0.0,0.0,128.0,539.0
695663.0,0.0,-2.8854,0.013,-0.01568,0.0,0.0,0.5146,0.0,0.0,128.0,538.0
695703.0,0.0,-2.8854,0.124,-0.01568,0.0,0.0,0.5146,0.0,0.0,128.0,533.0
695743.0,0.0,-2.8854,0.05,-0.01568,0.0,0.0,0.5146,0.0,0.0,128.0,539.0
695784.0,0.0,-2.8854,0.054,-0.01568,0.0,0.0,0.5146,0.0,0.0,128.0,538.0
695824.0,0.0,-2.8854,0.075,-0.01568,0.0,0.0,0.5146,0.0,0.0,128.0,533.0
695864.0,0.0,-2.887,-0.339,-0.01568,0.0,0.0,0.5146,0.0,0.0,128.0,527.0
695905.0,0.0,-2.8854,0.0,-0.01568,0.0,0.0,0.5146,0.0,0.0,128.0,525.0
695945.0,0.0,-2.887,-0.101,-0.01568,0.0,0.0,0.5146,0.0,0.0,128.0,527.0
695985.0,0.0,-2.8854,0.152,-0.01568,0.0,0.0,0.5146,0.0,0.0,128.0,539.0
696025.0,0.0,-2.8854,0.023,-0.01568,0.0,0.0,0.5146,0.0,0.0,128.0,533.0
696065.0,0.0,-2.8854,0.041,-0.01568,0.0,0.0,0.5146,0.0,0.0,128.0,539.0
696106.0,0.0,-2.8854,0.01,-0.01568,0.0,0.0,0.5146,0.0,0.0,128.0,538.0
696146.0,0.0,-2.8854,0.124,-0.01568,0.0,0.0,0.5146,0.0,0.0,128.0,533.0
696187.0,0.0,-2.887,-0.235,-0.01568,0.0,0.0,0.5146,0.0,0.0,128.0,533.0
696227.0,0.0,-2.8854,0.221,-0.01568,0.0,0.0,0.5146,0.0,0.0,128.0,526.0
696267.0,0.0,-2.8854,0.173,-0.01568,0.0,0.0,0.5146,0.0,0.0,128.0,533.0
696307.0,0.0,-2.8854,0.196,-0.01568,0.0,0.0,0.5146,0.0,0.0,128.0,533.0
696347.0,0.0,-2.887,-0.324,-0.01568,0.0,0.0,0.5146,0.0,0.0,128.0,539.0
696388.0,0.0,-2.8854,0.054,-0.01568,0.0,0.0,0.5146,0.0,0.0,128.0,538.0
696428.0,0.0,-2.8854,0.054,-0.01568,0.0,0.0,0.5146,0.0,0.0,128.0,532.0
696469.0,0.0,-2.8854,0.013,-0.01568,0.0,0.0,0.5146,0.0,0.0,128.0,527.0
696509.0,0.0,-2.8854,0.095,-0.01568,0.0,0.0,0.5146,0.0,0.0,128.0,533.0
696549.0,0.0,-2.887,-0.149,-0.01568,0.0,0.0,0.5146,0.0,0.0,128.0,533.0
696589.0,0.0,-2.8854,0.177,-0.01568,0.0,0.0,0.5146,0.0,0.0,128.0,539.0
696629.0,0.0,-2.8854,0.087,-0.01568,0.0,0.0,0.5146,0.0,0.0,128.0,539.0
696670.0,0.0,-2.8854,0.094,-0.01568,0.0,0.0,0.5146,0.0,0.0,128.0,533.0
696710.0,0.0,-2.887,-0.197,-0.01568,0.0,0.0,0.5146,0.0,0.0,128.0,533.0
696751.0,0.0,-2.8854,0.005,-0.01568,0.0,0.0,0.5146,0.0,0.0,128.0,539.0
696791.0,0.0,-2.8854,0.104,-0.01568,0.0,0.0,0.5146,0.0,0.0,128.0,526.0
696831.0,0.0,-2.8854,0.038,-0.01568,0.0,0.0,0.5146,0.0,0.0,128.0,539.0
696872.0,0.0,-2.8854,0.055,-0.01568,0.0,0.0,0.5146,0.0,0.0,128.0,526.0
696912.0,0.0,-2.887,-0.147,-0.01568,0.0,0.0,0.5146,0.0,0.0,128.0,532.0
696952.0,0.0,-2.8854,0.187,-0.01568,0.0,0.0,0.5146,0.0,0.0,128.0,533.0
696992.0,0.0,-2.8854,0.164,-0.01568,0.0,0.0,0.5146,0.0,0.0,128.0,533.0
697032.0,0.0,-2.8854,0.069,-0.01568,0.0,0.0,0.5146,0.0,0.0,128.0,539.0
697072.0,0.0,-2.887,-0.176,-0.01568,0.0,0.0,0.5146,0.0,0.0,128.0,539.0
697113.0,0.0,-2.8854,0.187,-0.01568,0.0,0.0,0.5146,0.0,0.0,128.0,533.0
697153.0,0.0,-2.887,-0.323,-0.01568,0.0,0.0,0.5146,0.0,0.0,128.0,532.0
697193.0,0.0,-2.8854,0.139,-0.01568,0.0,0.0,0.5146,0.0,0.0,128.0,538.0
697233.0,0.0,-2.8854,0.008,-0.01568,0.0,0.0,0.5146,0.0,0.0,128.0,538.0
697273.0,0.0,-2.8854,0.168,-0.01568,0.0,0.0,0.5146,0.0,0.0,128.0,538.0
697314.0,0.0,-2.8854,0.21,-0.01568,0.0,0.0,0.5146,0.0,0.0,128.0,532.0
697354.0,0.0,-2.8854,0.008,-0.01568,0.0,0.0,0.5146,0.0,0.0,128.0,539.0
697394.0,0.0,-2.887,-0.223,-0.01568,0.0,0.0,0.5146,0.0,0.0,128.0,533.0
697434.0,0.0,-2.8854,0.019,-0.01568,0.0,0.0,0.5146,0.0,0.0,128.0,539.0
697475.0,0.0,-2.8854,0.086,-0.01568,0.0,0.0,0.5146,0.0,0.0,128.0,533.0
697515.0,0.0,-2.8854,-0.018,-0.01568,0.0,0.0,0.5146,0.0,0.0,128.0,533.0
697555.0,0.0,-2.8854,0.013,-0.01568,0.0,0.0,0.5146,0.0,0.0,128.0,539.0
697596.0,0.0,-2.8854,0.015,-0.01568,0.0,0.0,0.5146,0.0,0.0,128.0,527.0
697636.0,0.0,-2.887,-0.147,-0.01568,0.0,0.0,0.5146,0.0,0.0,128.0,527.0
697676.0,0.0,-2.887,-0.341,-0.01568,0.0,0.0,0.5146,0.0,0.0,128.0,527.0
697716.0,0.0,-2.8854,0.182,-0.01568,0.0,0.0,0.5146,0.0,0.0,128.0,533.0
697756.0,0.0,-2.8854,0.176,-0.01568,0.0,0.0,0.5146,0.0,0.0,128.0,533.0
697796.0,0.0,-2.8854,0.152,-0.01568,0.0,0.0,0.5146,0.0,0.0,128.0,539.0
697837.0,0.0,-2.8854,0.138,-0.01568,0.0,0.0,0.5146,0.0,0.0,128.0,539.0
697877.0,0.0,-2.8854,-0.015,-0.01568,0.0,0.0,0.5146,0.0,0.0,128.0,539.0
697918.0,0.0,-2.8854,0.147,-0.01568,0.0,0.0,0.5146,0.0,0.0,128.0,539.0
697958.0,0.0,-2.8854,0.078,-0.01568,0.0,0.0,0.5146,0.0,0.0,128.0,539.0
697999.0,0.0,-2.8854,0.082,-0.01568,0.0,0.0,0.5146,0.0,0.0,128.0,533.0
698039.0,0.0,-2.8854,0.05,-0.01568,0.0,0.0,0.5146,0.0,0.0,128.0,538.0
698079.0,0.0,-2.8854,0.088,-0.01568,0.0,0.0,0.5146,0.0,0.0,128.0,533.0
698119.0,0.0,-2.8854,0.037,-0.01568,0.0,0.0,0.5146,0.0,0.0,128.0,539.0
698160.0,0.0,-2.887,-0.106,-0.01568,0.0,0.0,0.5146,0.0,0.0,128.0,532.0
698200.0,0.0,-2.8854,-0.02,-0.01568,0.0,0.0,0.5146,0.0,0.0,128.0,539.0
698241.0,0.0,-2.8854,0.006,-0.01568,0.0,0.0,0.5146,0.0,0.0,128.0,539.0
698281.0,0.0,-2.8854,0.009,-0.01568,0.0,0.0,0.5146,0.0,0.0,128.0,539.0
698321.0,0.0,-2.8854,0.018,-0.01568,0.0,0.0,0.5146,0.0,0.0,128.0,539.0
698362.0,0.0,-2.8854,0.166,-0.01568,0.0,0.0,0.5146,0.0,0.0,128.0,527.0
698402.0,0.0,-2.8854,0.143,-0.01568,0.0,0.0,0.5146,0.0,0.0,128.0,539.0
698442.0,0.0,-2.887,-0.271,-0.01568,0.0,0.0,0.5146,0.0,0.0,128.0,539.0
698482.0,0.0,-2.8854,0.042,-0.01568,0.0,0.0,0.5146,0.0,0.0,128.0,539.0
698523.0,0.0,-2.8854,0.037,-0.01568,0.0,0.0,0.5146,0.0,0.0,128.0,527.0
698563.0,0.0,-2.8854,0.101,-0.01568,0.0,0.0,0.5146,0.0,0.0,128.0,533.0
698603.0,0.0,-2.8854,0.128,-0.01568,0.0,0.0,0.5146,0.0,0.0,128.0,526.0
698644.0,0.0,-2.8854,0.074,-0.01568,0.0,0.0,0.5146,0.0,0.0,128.0,538.0
698684.0,0.0,-2.887,-0.257,-0.01568,0.0,0.0,0.5146,0.0,0.0,128.0,527.0
698725.0,0.0,-2.8854,0.036,-0.01568,0.0,0.0,0.5146,0.0,0.0,128.0,539.0
698765.0,0.0,-2.8854,0.053,-0.01568,0.0,0.0,0.5146,0.0,0.0,128.0,538.0
698805.0,0.0,-2.8854,0.055,-0.01568,0.0,0.0,0.5146,0.0,0.0,128.0,539.0
698846.0,0.0,-2.8854,0.141,-0.01568,0.0,0.0,0.5146,0.0,0.0,128.0,533.0
698886.0,0.0,-2.8854,0.125,-0.01568,0.0,0.0,0.5146,0.0,0.0,128.0,533.0
698927.0,0.0,-2.8854,0.008,-0.01568,0.0,0.0,0.5146,0.0,0.0,128.0,539.0
698967.0,0.0,-2.8854,0.085,-0.01568,0.0,0.0,0.5146,0.0,0.0,128.0,538.0
699007.0,0.0,-2.8854,0.112,-0.01568,0.0,0.0,0.5146,0.0,0.0,128.0,533.0
699047.0,0.0,-2.887,-0.244,-0.01568,0.0,0.0,0.5146,0.0,0.0,128.0,539.0
699088.0,0.0,-2.8854,0.226,-0.01568,0.0,0.0,0.5146,0.0,0.0,128.0,526.0
699128.0,0.0,-2.887,-0.258,-0.01568,0.0,0.0,0.5146,0.0,0.0,128.0,527.0
699168.0,0.0,-2.8854,0.088,-0.01568,0.0,0.0,0.5146,0.0,0.0,128.0,533.0
699208.0,0.0,-2.8854,0.126,-0.01568,0.0,0.0,0.5146,0.0,0.0,128.0,539.0
699248.0,0.0,-2.887,-0.207,-0.01568,0.0,0.0,0.5146,0.0,0.0,128.0,533.0
699288.0,0.0,-2.8854,0.044,-0.01568,0.0,0.0,0.5146,0.0,0.0,128.0,532.0
699329.0,0.0,-2.887,-0.33,-0.01568,0.0,0.0,0.5146,0.0,0.0,128.0,527.0
699369.0,0.0,-2.8854,0.134,-0.01568,0.0,0.0,0.5146,0.0,0.0,128.0,533.0
699409.0,0.0,-2.8854,0.133,-0.01568,0.0,0.0,0.5146,0.0,0.0,128.0,533.0
699449.0,0.0,-2.8854,0.066,-0.01568,0.0,0.0,0.5146,0.0,0.0,128.0,539.0
699490.0,0.0,-2.8854,0.072,-0.01568,0.0,0.0,0.5146,0.0,0.0,128.0,539.0
699530.0,0.0,-2.887,-0.119,-0.01568,0.0,0.0,0.5146,0.0,0.0,128.0,533.0
699571.0,0.0,-2.8854,0.02,-0.01568,0.0,0.0,0.5146,0.0,0.0,128.0,527.0
699611.0,0.0,-2.8854,0.002,-0.01568,0.0,0.0,0.5146,0.0,0.0,128.0,538.0
699651.0,0.0,-2.887,-0.314,-0.01568,0.0,0.0,0.5146,0.0,0.0,128.0,539.0
699691.0,0.0,-2.8854,0.063,-0.01568,0.0,0.0,0.5146,0.0,0.0,128.0,539.0
699732.0,0.0,-2.887,-0.258,-0.01568,0.0,0.0,0.5146,0.0,0.0,128.0,538.0
699772.0,0.0,-2.8854,0.151,-0.01568,0.0,0.0,0.5146,0.0,0.0,128.0,539.0
699813.0,0.0,-2.887,-0.34,-0.01568,0.0,0.0,0.5146,0.0,0.0,128.0,538.0
699853.0,0.0,-2.8854,0.018,-0.01568,0.0,0.0,0.5146,0.0,0.0,128.0,539.0
699894.0,0.0,-2.8854,-0.02,-0.01568,0.0,0.0,0.5146,0.0,0.0,128.0,538.0
699934.0,0.0,-2.8854,0.107,-0.01568,0.0,0.0,0.5146,0.0,0.0,128.0,539.0
699975.0,0.0,-2.8854,0.013,-0.01568,0.0,0.0,0.5146,0.0,0.0,128.0,539.0
700015.0,0.0,-2.887,-0.222,-0.01568,0.0,0.0,0.5146,0.0,0.0,128.0,527.0
700056.0,0.0,-2.8854,0.083,-0.01568,0.0,0.0,0.5146,0.0,0.0,128.0,533.0
700096.0,0.0,-2.887,-0.079,-0.01568,0.0,0.0,0.5146,0.0,0.0,128.0,539.0
700136.0,0.0,-2.8854,0.131,-0.01568,0.0,0.0,0.5146,0.0,0.0,128.0,539.0
700177.0,0.0,-2.8854,0.089,-0.01568,0.0,0.0,0.5146,0.0,0.0,128.0,533.0
700217.0,0.0,-2.8854,0.122,-0.01568,0.0,0.0,0.5146,0.0,0.0,128.0,533.0
700258.0,0.0,-2.8854,0.065,-0.01568,0.0,0.0,0.5146,0.0,0.0,128.0,526.0
700298.0,0.0,-2.887,-0.354,-0.01568,0.0,0.0,0.5146,0.0,0.0,128.0,539.0
700338.0,2.0,-2.8885,-10.147,-0.01568,0.0016,0.2,-0.3193,0.0,0.0,128.0,796.0
700380.0,2.0,-2.7888,7.568,-0.01586,0.0044,2.4,-0.5738,0.0,0.0,128.0,817.0
700420.0,2.0,-2.7888,-0.369,-0.01268,0.1456,1.2,-0.9375,0.0,0.0,128.0,811.0
700460.0,2.0,-2.9192,0.724,-0.00668,0.1066,-4.278,-0.9726,0.0,0.0,128.0,836.0
700501.0,2.0,-2.8486,-8.532,-0.00409,0.0234,-3.878,-0.4998,0.0,0.0,128.0,816.0
700544.0,2.0,-3.0081,-7.608,-0.00844,-0.2427,-6.244,-0.6261,0.0,0.0,128.0,809.0
700586.0,2.0,3.0634,-6.742,-0.02558,-0.6111,-7.444,-0.7092,0.0,0.0,128.0,816.0
700626.0,2.0,2.9222,-10.827,-0.0531,-0.7497,-0.244,-0.2335,0.0,0.0,128.0,814.0
700666.0,2.0,2.9146,2.805,-0.0822,-0.6991,4.4,-0.9259,0.0,0.0,128.0,861.0
700707.0,5.0,2.8348,3.16,-0.10838,-0.6061,3.8,-0.9169,0.0,0.0,128.0,733.0
700748.0,5.0,2.8363,4.354,-0.12743,-0.2813,10.602,-0.9169,0.0,0.0,128.0,730.0
700789.0,5.0,3.0986,5.924,-0.13249,-0.0176,2.613,-0.9169,0.0,0.0,128.0,689.0
700829.0,6.0,-2.8624,5.315,-0.1323,0.031,1.5,-0.9169,0.0,0.0,128.0,747.0
700883.0,2.0,-2.4498,14.835,-0.12859,0.1315,4.3,0.6281,0.0,0.0,128.0,912.0
700924.0,2.0,-1.9067,7.125,-0.11756,0.4399,8.055,0.0044,0.0,0.0,128.0,822.0
700964.0,2.0,-1.7303,6.369,-0.09488,0.7061,4.055,0.0982,0.0,0.0,128.0,817.0
701005.0,2.0,-1.3913,-0.417,-0.06589,0.7498,0.0,0.1782,0.0,0.0,128.0,796.0
701046.0,2.0,-1.2778,6.497,-0.03566,0.7453,-0.739,0.5629,0.0,0.0,128.0,879.0
701091.0,2.0,-1.3361,-5.651,-0.00304,0.7415,0.661,0.4289,0.0,0.0,128.0,837.0
701131.0,2.0,-1.4113,-2.78,0.02621,0.6919,-2.048,0.2055,0.0,0.0,128.0,848.0
701172.0,2.0,-1.8669,-17.98,0.05164,0.5561,-3.956,1.7378,0.0,0.0,128.0,839.0
701213.0,2.0,-2.2105,-21.459,0.07043,0.3652,-4.764,2.2974,0.0,0.0,128.0,867.0
701253.0,2.0,-2.9713,-14.0,0.08235,0.2223,-5.964,0.2509,0.0,0.0,128.0,819.0
701293.0,2.0,2.7075,-16.297,0.0858,-0.0659,-8.556,0.7762,0.0,0.0,128.0,865.0
701334.0,2.0,2.2457,-9.304,0.07613,-0.4552,-10.529,-0.073,0.0,0.0,128.0,865.0
701378.0,2.0,1.7119,-8.049,0.0495,-0.7331,-2.524,0.277,0.0,0.0,128.0,852.0
701423.0,2.0,1.3729,-6.629,0.01672,-0.7201,2.548,0.4814,0.0,0.0,128.0,873.0
701472.0,2.0,0.9204,-23.211,-0.0141,-0.5649,1.272,4.0273,0.0,0.0,128.0,876.0
701514.0,2.0,0.721,2.977,-0.03739,-0.5054,2.772,0.8054,0.0,0.0,128.0,843.0
701556.0,2.0,0.6934,-1.925,-0.05486,-0.3081,7.535,0.794,0.0,0.0,128.0,827.0
701598.0,2.0,0.5415,-14.627,-0.0597,0.0919,8.535,2.2156,0.0,0.0,128.0,805.0
701643.0,3.0,-0.0476,-5.727,-0.0501,0.2775,-0.265,1.2062,0.0,0.0,128.0,783.0
701684.0,3.0,-0.0644,-3.32,-0.03795,0.3196,-1.265,1.0676,0.0,0.0,128.0,731.0
701725.0,3.0,-0.2961,-6.84,-0.02835,0.0956,-9.465,1.2522,0.0,0.0,128.0,720.0
701765.0,3.0,-0.5967,-7.245,-0.03368,-0.4112,-12.467,1.1589,0.0,0.0,128.0,727.0
701805.0,2.0,-0.9557,-5.286,-0.05708,-0.7459,-4.467,0.7505,0.0,0.0,128.0,835.0
701849.0,2.0,-0.9158,10.912,-0.0906,-0.7445,4.333,1.367,0.0,0.0,128.0,894.0
701900.0,2.0,-1.4527,-22.697,-0.12116,-0.4475,6.533,3.3553,0.0,0.0,128.0,861.0
701948.0,2.0,-2.4176,-30.635,-0.13342,-0.033,9.904,5.1594,0.0,0.0,128.0,851.0
701989.0,2.0,-2.7566,-9.77,-0.12818,0.2881,5.304,-0.0533,0.0,0.0,128.0,817.0
702030.0,2.0,2.867,-3.974,-0.11164,0.563,5.704,-0.8609,0.0,0.0,128.0,825.0
702070.0,2.0,2.7826,-4.692,-0.08531,0.7363,1.504,-0.7954,0.0,0.0,128.0,833.0
702115.0,2.0,2.6062,-5.535,-0.0549,0.6045,-7.296,-0.6638,0.0,0.0,128.0,854.0
702160.0,2.0,2.3501,2.304,-0.0369,0.2041,-6.771,-0.67,0.0,0.0,128.0,864.0
702201.0,2.0,2.4897,1.382,-0.03187,0.0987,1.429,-0.7836,0.0,0.0,128.0,844.0
702242.0,2.0,2.5817,4.201,-0.02456,0.3107,8.582,-0.7398,0.0,0.0,128.0,845.0
702282.0,2.0,2.8379,7.808,-0.00529,0.664,5.782,-0.5712,0.0,0.0,128.0,787.0
702323.0,2.0,-3.1124,-6.854,0.02389,0.7477,-0.8,-0.7027,0.0,0.0,128.0,820.0
702363.0,2.0,-2.6615,2.462,0.05273,0.7149,-0.427,-0.847,0.0,0.0,128.0,872.0
702411.0,2.0,-2.2642,-3.028,0.0849,0.6042,-5.282,-0.5851,0.0,0.0,128.0,829.0
702451.0,2.0,-1.853,0.369,0.10402,0.3277,-8.466,-0.2791,0.0,0.0,128.0,854.0
702492.0,2.0,-1.8178,1.359,0.11104,-0.0043,-7.817,-0.2317,0.0,0.0,128.0,819.0
702533.0,2.0,-1.873,-4.014,0.10511,-0.3491,-12.0,-0.1989,0.0,0.0,128.0,846.0
702574.0,2.0,-2.1491,-18.589,0.08332,-0.6932,-4.424,1.621,0.0,0.0,128.0,860.0
702622.0,2.0,-2.6047,-3.812,0.04879,-0.7208,2.776,-0.7658,0.0,0.0,128.0,869.0
702663.0,2.0,3.0986,-8.659,0.0192,-0.748,-0.424,-0.5248,0.0,0.0,128.0,834.0
702704.0,2.0,2.5771,-3.484,-0.0108,-0.7335,0.445,-0.7648,0.0,0.0,128.0,849.0
702749.0,2.0,2.4712,-6.266,-0.04331,-0.7173,-0.034,-0.5316,0.0,0.0,128.0,869.0
702790.0,2.0,2.3378,-1.966,-0.07234,-0.7499,0.0,-0.6679,0.0,0.0,128.0,848.0
702832.0,2.0,2.3132,0.549,-0.10275,-0.6617,5.165,-0.6743,0.0,0.0,128.0,842.0
702883.0,2.0,2.5173,7.161,-0.12593,-0.1824,12.0,-0.4912,0.0,0.0,128.0,873.0
702925.0,2.0,2.8793,10.347,-0.12383,0.3096,12.0,-0.2919,0.0,0.0,128.0,814.0
702965.0,2.0,-2.8655,30.045,-0.10316,0.68,5.22,4.7523,0.0,0.0,128.0,816.0
703005.0,2.0,-2.1046,23.678,-0.07451,0.7336,-2.38,3.0553,0.0,0.0,128.0,864.0
703047.0,2.0,-1.4297,9.807,-0.04579,0.6885,0.708,0.7516,0.0,0.0,128.0,844.0
703088.0,2.0,-1.0922,10.555,-0.01706,0.7453,1.262,1.1734,0.0,0.0,128.0,822.0
703128.0,2.0,-0.7424,5.581,0.01155,0.7393,-1.738,0.9373,0.0,0.0,128.0,857.0
703171.0,2.0,-0.6811,-4.598,0.0396,0.5462,-3.567,0.9073,0.0,0.0,128.0,825.0
703211.0,2.0,-0.9465,-3.054,0.05753,0.3485,-5.138,0.6412,0.0,0.0,128.0,855.0
703253.0,2.0,-0.8053,0.003,0.06664,0.073,-6.368,0.693,0.0,0.0,128.0,843.0
703294.0,2.0,-0.9112,-4.431,0.06608,-0.0915,-3.249,0.734,0.0,0.0,128.0,844.0
703334.0,2.0,-1.149,-6.993,0.05996,-0.2085,-2.332,0.7104,0.0,0.0,128.0,822.0
703374.0,2.0,-1.2425,-0.724,0.0501,-0.3006,-2.603,0.3216,0.0,0.0,128.0,833.0
703416.0,2.0,-1.7395,-21.366,0.03668,-0.3587,-0.003,2.6814,0.0,0.0,128.0,845.0
703467.0,2.0,-2.7274,3.669,0.01886,-0.2989,3.797,-0.8297,0.0,0.0,128.0,901.0
703508.0,2.0,3.1078,-7.147,0.01031,-0.1357,0.888,-0.6763,0.0,0.0,128.0,851.0
703549.0,2.0,2.4467,-9.059,0.00461,-0.148,-0.59,-0.4748,0.0,0.0,128.0,829.0
703590.0,2.0,2.1875,-13.032,-0.0036,-0.3037,-5.183,0.5068,0.0,0.0,128.0,864.0
703630.0,2.0,1.8454,-12.364,-0.02006,-0.5191,-3.429,0.7076,0.0,0.0,128.0,849.0
703674.0,2.0,1.7871,-2.057,-0.04312,-0.522,1.559,-0.1856,0.0,0.0,128.0,901.0
703724.0,2.0,1.807,1.684,-0.0636,-0.3126,4.959,-0.22,0.0,0.0,128.0,875.0
703768.0,2.0,2.0341,5.852,-0.06986,0.095,12.0,-0.2352,0.0,0.0,128.0,835.0
703809.0,2.0,2.3317,11.17,-0.05666,0.5564,8.6,0.0912,0.0,0.0,128.0,818.0
703849.0,2.0,2.7121,-3.987,-0.02959,0.746,0.8,-0.8083,0.0,0.0,128.0,845.0
703890.0,2.0,-2.936,17.127,0.00038,0.7196,-2.893,0.8793,0.0,0.0,128.0,844.0
703934.0,2.0,-2.1813,-10.857,0.0312,0.7367,-0.093,0.1762,0.0,0.0,128.0,880.0
703978.0,2.0,-1.6782,0.954,0.06255,0.6639,-5.131,-0.1048,0.0,0.0,128.0,858.0
704020.0,2.0,-1.149,-6.353,0.08467,0.4327,-5.594,0.6642,0.0,0.0,128.0,879.0
704061.0,2.0,-1.0999,-10.995,0.09649,0.1204,-8.363,1.3058,0.0,0.0,128.0,829.0
704101.0,2.0,-1.287,-1.641,0.09574,-0.144,-6.118,0.2951,0.0,0.0,128.0,853.0
704142.0,2.0,-1.241,0.284,0.08374,-0.4621,-6.036,0.3248,0.0,0.0,128.0,857.0
704185.0,2.0,-1.3146,0.927,0.06034,-0.6248,-4.194,0.2596,0.0,0.0,128.0,814.0
704227.0,2.0,-1.5232,3.441,0.03214,-0.7489,-0.15,0.1273,0.0,0.0,128.0,867.0
704275.0,2.0,-2.4406,-11.334,-0.00135,-0.6292,0.8,0.0407,0.0,0.0,128.0,856.0
704320.0,2.0,3.1247,-14.764,-0.02876,-0.6262,0.487,0.3783,0.0,0.0,128.0,842.0
704361.0,2.0,2.7627,-2.217,-0.05453,-0.6648,-1.313,-0.8982,0.0,0.0,128.0,843.0
704404.0,2.0,2.2872,-4.416,-0.08344,-0.71,-1.695,-0.5281,0.0,0.0,128.0,838.0
704445.0,5.0,2.0617,-3.949,-0.11081,-0.6268,5.955,-0.5516,0.0,0.0,128.0,688.0
704485.0,5.0,2.0463,5.583,-0.12908,-0.2372,9.719,-0.5516,0.0,0.0,128.0,674.0
704525.0,5.0,1.9957,1.326,-0.13305,-0.0102,1.923,-0.5516,0.0,0.0,128.0,675.0
704565.0,6.0,2.0249,-10.042,-0.13264,0.0369,1.5,-0.5516,0.0,0.0,128.0,734.0
704619.0,2.0,2.5173,8.221,-0.12866,0.1346,4.1,-0.389,0.0,0.0,128.0,969.0
704659.0,2.0,3.0127,18.937,-0.11786,0.4665,9.9,1.2724,0.0,0.0,128.0,815.0
704700.0,2.0,-2.7719,12.31,-0.09293,0.7307,2.483,0.0302,0.0,0.0,128.0,822.0
704741.0,2.0,-1.9374,33.274,-0.063,0.7268,-2.494,6.6691,0.0,0.0,128.0,852.0
704781.0,2.0,-1.4297,-4.24,-0.036,0.6911,2.057,0.2506,0.0,0.0,128.0,817.0
704821.0,2.0,-0.9557,11.577,-0.00739,0.7421,-0.941,1.4321,0.0,0.0,128.0,863.0
704862.0,2.0,-0.7026,3.57,0.02164,0.6653,-5.061,0.8463,0.0,0.0,128.0,840.0
704902.0,2.0,-0.7961,-0.141,0.0435,0.4632,-3.495,0.6988,0.0,0.0,128.0,887.0
704946.0,2.0,-0.7869,6.389,0.05906,0.2598,-4.751,0.9686,0.0,0.0,128.0,860.0
704986.0,2.0,-0.7716,-1.965,0.06431,-0.0137,-5.278,0.7394,0.0,0.0,128.0,846.0
705026.0,2.0,-0.9526,-5.243,0.06098,-0.157,-3.498,0.7489,0.0,0.0,128.0,829.0
705068.0,2.0,-1.0983,0.044,0.05231,-0.2644,-3.316,0.4585,0.0,0.0,128.0,874.0
705109.0,2.0,-1.1674,-2.751,0.03934,-0.3616,-0.22,0.4365,0.0,0.0,128.0,824.0
705149.0,2.0,-1.6291,-14.948,0.02363,-0.4261,-0.713,1.339,0.0,0.0,128.0,850.0
705200.0,2.0,-2.6814,-34.995,0.0051,-0.2665,5.487,6.8273,0.0,0.0,128.0,889.0
705246.0,2.0,2.9989,-23.321,-0.0021,-0.0659,4.687,2.451,0.0,0.0,128.0,839.0
705287.0,2.0,2.6523,-4.895,-0.00203,0.0288,-1.313,-0.7298,0.0,0.0,128.0,842.0
705328.0,2.0,2.2243,-10.795,-0.00394,-0.1559,-5.217,0.1375,0.0,0.0,128.0,853.0
705368.0,2.0,2.0923,-4.305,-0.01538,-0.427,-6.793,-0.3767,0.0,0.0,128.0,834.0
705409.0,2.0,1.9819,-1.174,-0.03634,-0.5819,-0.492,-0.39,0.0,0.0,128.0,864.0
705452.0,2.0,1.9865,1.778,-0.06004,-0.4863,6.224,-0.3846,0.0,0.0,128.0,862.0
705502.0,2.0,2.2473,7.389,-0.0729,0.0278,12.0,-0.2858,0.0,0.0,128.0,802.0
705543.0,2.0,2.5648,9.058,-0.06236,0.5066,9.8,-0.3242,0.0,0.0,128.0,832.0
705585.0,2.0,3.0112,23.873,-0.0357,0.7408,1.8,2.6075,0.0,0.0,128.0,829.0
705626.0,2.0,-2.6246,7.846,-0.00653,0.746,1.0,-0.4774,0.0,0.0,128.0,854.0
705667.0,2.0,-1.873,16.178,0.0234,0.6726,-4.6,1.3771,0.0,0.0,128.0,856.0
705708.0,2.0,-1.3913,4.765,0.04849,0.5933,-1.411,0.3262,0.0,0.0,128.0,830.0
705755.0,2.0,-0.9771,7.57,0.07301,0.4642,-5.811,0.928,0.0,0.0,128.0,837.0
705795.0,2.0,-1.0968,-0.216,0.08711,0.2262,-5.908,0.4556,0.0,0.0,128.0,840.0
705837.0,2.0,-1.1735,2.947,0.09158,-0.0457,-9.195,0.4306,0.0,0.0,128.0,859.0
705878.0,2.0,-1.2195,-4.651,0.08389,-0.3164,-4.954,0.4776,0.0,0.0,128.0,831.0
705918.0,2.0,-1.3361,-1.266,0.06877,-0.45,-3.654,0.2409,0.0,0.0,128.0,812.0
705959.0,2.0,-1.7319,1.376,0.04733,-0.6485,-3.843,-0.1608,0.0,0.0,128.0,856.0
706003.0,2.0,-2.2688,-32.367,0.0177,-0.6984,1.21,5.9569,0.0,0.0,128.0,884.0
706050.0,2.0,-3.1002,2.318,-0.0114,-0.4991,5.21,-0.9653,0.0,0.0,128.0,856.0
706094.0,2.0,2.732,-5.442,-0.02715,-0.2363,3.61,-0.7258,0.0,0.0,128.0,882.0
706139.0,2.0,2.4897,-2.889,-0.03491,-0.1392,-0.59,-0.7401,0.0,0.0,128.0,835.0
706180.0,2.0,2.3224,-6.974,-0.0426,-0.2975,-6.794,-0.3718,0.0,0.0,128.0,840.0
706224.0,2.0,2.1783,-0.24,-0.06053,-0.5195,-2.99,-0.5702,0.0,0.0,128.0,854.0
706269.0,2.0,2.324,2.73,-0.08377,-0.4408,6.21,-0.6395,0.0,0.0,128.0,855.0
706316.0,2.0,2.6154,8.435,-0.09454,0.0422,12.0,-0.4191,0.0,0.0,128.0,823.0
706357.0,2.0,3.0311,12.251,-0.08344,0.516,9.4,-0.0476,0.0,0.0,128.0,829.0
706398.0,2.0,-2.7075,14.183,-0.0573,0.74,1.6,0.37,0.0,0.0,128.0,846.0
706438.0,2.0,-1.8438,7.371,-0.0288,0.6644,-3.6,0.0851,0.0,0.0,128.0,864.0
706479.0,2.0,-1.2747,15.646,-0.00458,0.5442,-1.4,1.8552,0.0,0.0,128.0,851.0
706523.0,2.0,-1.037,15.778,0.01789,0.5288,0.937,2.095,0.0,0.0,128.0,854.0
706563.0,2.0,-0.8713,6.063,0.03799,0.4234,-4.537,0.8815,0.0,0.0,128.0,849.0
706605.0,2.0,-1.0124,-3.291,0.05235,0.2813,-2.49,0.5953,0.0,0.0,128.0,871.0
706646.0,2.0,-1.0861,2.912,0.06094,0.1204,-6.31,0.5235,0.0,0.0,128.0,852.0
706686.0,2.0,-1.1505,-3.073,0.06124,-0.0734,-2.39,0.4645,0.0,0.0,128.0,848.0
706728.0,2.0,-1.2226,-17.579,0.05565,-0.2265,-4.403,2.2834,0.0,0.0,128.0,859.0
706768.0,2.0,-1.9313,-16.841,0.04238,-0.4277,-2.603,1.4197,0.0,0.0,128.0,830.0
706813.0,2.0,-2.6292,-12.219,0.02242,-0.4962,-4.403,0.0667,0.0,0.0,128.0,854.0
706854.0,2.0,2.8302,-19.894,0.00023,-0.597,-0.203,1.5565,0.0,0.0,128.0,834.0
706899.0,2.0,2.3608,-18.709,-0.02655,-0.6059,0.797,1.5155,0.0,0.0,128.0,880.0
706944.0,2.0,1.9328,-3.793,-0.05228,-0.6121,-0.608,-0.2604,0.0,0.0,128.0,826.0
706990.0,2.0,1.5892,-4.953,-0.0792,-0.4853,7.076,0.1433,0.0,0.0,128.0,841.0
707031.0,2.0,1.3254,-0.747,-0.09262,-0.1634,7.884,0.2516,0.0,0.0,128.0,853.0
707072.0,2.0,1.2793,2.077,-0.09225,0.1791,5.608,0.3073,0.0,0.0,128.0,818.0
707113.0,2.0,1.3008,-0.821,-0.08059,0.419,6.346,0.2722,0.0,0.0,128.0,810.0
707154.0,2.0,1.1305,3.456,-0.0579,0.6811,4.41,0.4988,0.0,0.0,128.0,802.0
707195.0,2.0,1.3376,5.094,-0.02903,0.7107,-1.641,0.3906,0.0,0.0,128.0,864.0
707235.0,2.0,1.5785,7.024,-0.00247,0.6469,-0.807,0.2971,0.0,0.0,128.0,847.0
707276.0,2.0,1.8454,11.808,0.0237,0.6652,0.87,0.5989,0.0,0.0,128.0,808.0
707317.0,2.0,2.3378,10.281,0.05081,0.6751,-0.155,-0.0351,0.0,0.0,128.0,851.0
707358.0,2.0,2.8731,19.649,0.07834,0.7126,-1.355,1.4714,0.0,0.0,128.0,838.0
707398.0,2.0,-2.7182,14.543,0.10455,0.5614,-5.174,0.4305,0.0,0.0,128.0,852.0
707440.0,2.0,-1.8761,38.401,0.12203,0.2819,-7.174,9.0541,0.0,0.0,128.0,822.0
707480.0,2.0,-1.5708,18.03,0.12679,-0.0568,-8.681,2.0753,0.0,0.0,128.0,847.0
707521.0,2.0,-1.5478,-3.653,0.11771,-0.412,-8.393,0.1009,0.0,0.0,128.0,824.0
707562.0,2.0,-1.5769,-1.737,0.09499,-0.7015,-4.133,0.0098,0.0,0.0,128.0,845.0
707603.0,2.0,-1.5355,3.492,0.06461,-0.7497,0.0,0.1149,0.0,0.0,128.0,822.0
707644.0,2.0,-1.6736,-19.663,0.03525,-0.7306,1.06,2.3352,0.0,0.0,128.0,899.0
707691.0,2.0,-2.278,-2.319,0.00461,-0.5597,2.26,-0.6181,0.0,0.0,128.0,858.0
707732.0,2.0,-2.7688,8.004,-0.01766,-0.5502,1.179,-0.5257,0.0,0.0,128.0,842.0
707774.0,2.0,3.0894,1.886,-0.03911,-0.4892,0.585,-0.9762,0.0,0.0,128.0,844.0
707816.0,2.0,2.755,3.142,-0.05816,-0.4679,-0.415,-0.8651,0.0,0.0,128.0,805.0
707858.0,2.0,2.5556,3.295,-0.07781,-0.4877,-0.635,-0.7696,0.0,0.0,128.0,854.0
707908.0,2.0,2.4636,-4.164,-0.10166,-0.4881,0.565,-0.6655,0.0,0.0,128.0,901.0
707955.0,2.0,2.528,0.287,-0.12139,-0.2931,8.667,-0.8171,0.0,0.0,128.0,861.0
707997.0,2.0,2.775,7.228,-0.12446,0.1848,12.0,-0.6061,0.0,0.0,128.0,788.0
708038.0,2.0,-3.0588,18.908,-0.10864,0.6096,7.4,1.2646,0.0,0.0,128.0,801.0
708079.0,2.0,-2.5817,8.232,-0.07965,0.7498,0.2,-0.4152,0.0,0.0,128.0,849.0
708119.0,2.0,-1.9712,0.681,-0.051,0.6772,-2.6,-0.3812,0.0,0.0,128.0,837.0
708164.0,2.0,-1.3975,8.97,-0.02325,0.6267,-0.852,0.6906,0.0,0.0,128.0,841.0
708204.0,2.0,-1.2655,6.818,0.00094,0.5623,-3.105,0.5994,0.0,0.0,128.0,853.0
708245.0,2.0,-1.2318,-1.058,0.02096,0.4528,-1.667,0.3387,0.0,0.0,128.0,850.0
708286.0,2.0,-1.31,-2.899,0.03746,0.3748,-1.525,0.3076,0.0,0.0,128.0,844.0
708327.0,2.0,-1.4143,-2.977,0.05059,0.2771,-2.965,0.3144,0.0,0.0,128.0,834.0
708367.0,2.0,-1.5048,-6.761,0.0588,0.1101,-4.357,0.3532,0.0,0.0,128.0,855.0
708411.0,2.0,-2.0371,-4.736,0.06083,-0.0008,-1.957,-0.3109,0.0,0.0,128.0,848.0
708455.0,2.0,-2.8425,2.239,0.05944,-0.0281,1.643,-0.9217,0.0,0.0,128.0,834.0
708496.0,2.0,2.8962,-18.203,0.05936,0.0128,-1.357,0.9487,0.0,0.0,128.0,839.0
708536.0,2.0,2.3746,-8.419,0.05726,-0.1536,-6.557,-0.2667,0.0,0.0,128.0,847.0
708576.0,2.0,2.0172,-11.291,0.04448,-0.5379,-8.957,0.3873,0.0,0.0,128.0,826.0
708617.0,2.0,1.827,-4.287,0.01781,-0.7437,-1.157,-0.1325,0.0,0.0,128.0,859.0
708662.0,2.0,1.7027,0.181,-0.01436,-0.7277,2.719,-0.1326,0.0,0.0,128.0,865.0
708703.0,2.0,1.626,0.244,-0.04204,-0.5905,4.609,-0.0541,0.0,0.0,128.0,862.0
708747.0,2.0,1.7917,4.359,-0.06176,-0.2758,9.582,-0.1077,0.0,0.0,128.0,880.0
708788.0,2.0,2.1123,9.637,-0.06409,0.1867,12.0,0.0629,0.0,0.0,128.0,811.0
708828.0,2.0,2.4636,5.401,-0.04811,0.6161,7.151,-0.5193,0.0,0.0,128.0,839.0
708869.0,2.0,2.7918,-21.141,-0.01991,0.7494,0.0,1.8896,0.0,0.0,128.0,825.0
708914.0,2.0,-2.5848,20.136,0.01193,0.6124,-6.8,1.7247,0.0,0.0,128.0,832.0
708957.0,2.0,-1.965,-7.689,0.03105,0.2982,-8.8,0.0017,0.0,0.0,128.0,847.0
709001.0,2.0,-1.7257,9.14,0.03833,0.0844,-0.6,0.3834,0.0,0.0,128.0,865.0
709042.0,2.0,-1.5202,-2.788,0.04005,-0.0138,-2.712,0.0957,0.0,0.0,128.0,829.0
709083.0,2.0,-1.4742,-5.492,0.03679,-0.161,-2.76,0.2834,0.0,0.0,128.0,854.0
709124.0,2.0,-1.5401,-5.375,0.0285,-0.2568,-1.351,0.2071,0.0,0.0,128.0,837.0
709164.0,2.0,-1.9666,-17.274,0.01684,-0.3448,-3.613,1.4855,0.0,0.0,128.0,836.0
709209.0,2.0,-2.439,-12.66,-0.0018,-0.5531,-5.154,0.2415,0.0,0.0,128.0,829.0
709249.0,2.0,-3.002,-9.794,-0.02734,-0.6974,-2.154,-0.3857,0.0,0.0,128.0,808.0
709291.0,2.0,2.7688,-5.421,-0.05704,-0.7498,0.0,-0.7436,0.0,0.0,128.0,839.0
709331.0,2.0,2.3715,-10.454,-0.0864,-0.7014,1.0,-0.0184,0.0,0.0,128.0,856.0
709372.0,5.0,2.0939,-4.098,-0.1134,-0.5886,6.556,-0.3058,0.0,0.0,128.0,732.0
709413.0,5.0,2.0571,6.344,-0.12979,-0.1956,8.756,-0.3058,0.0,0.0,128.0,692.0
709453.0,5.0,1.9988,1.363,-0.13279,-0.0037,1.169,-0.3058,0.0,0.0,128.0,696.0
709493.0,6.0,2.011,-5.291,-0.13219,0.043,1.5,-0.3058,0.0,0.0,128.0,711.0
709540.0,2.0,2.4206,7.728,-0.1287,0.1302,4.1,-0.3789,0.0,0.0,128.0,870.0
709581.0,2.0,2.8333,10.956,-0.1176,0.4746,10.1,-0.1975,0.0,0.0,128.0,802.0
709621.0,2.0,-2.9376,25.01,-0.09315,0.7302,2.5,2.9793,0.0,0.0,128.0,830.0
709661.0,2.0,-2.1921,16.467,-0.06397,0.7239,-2.4,1.147,0.0,0.0,128.0,835.0
709702.0,2.0,-1.4373,22.762,-0.03503,0.7419,1.515,3.431,0.0,0.0,128.0,831.0
709743.0,2.0,-1.1597,13.36,-0.00503,0.7487,0.6,1.5409,0.0,0.0,128.0,842.0
709784.0,2.0,-0.7731,4.607,0.02475,0.7301,-1.538,0.853,0.0,0.0,128.0,842.0
709824.0,2.0,-0.7286,-3.946,0.0504,0.5519,-4.006,0.8418,0.0,0.0,128.0,822.0
709867.0,2.0,-0.9986,-0.122,0.06945,0.3326,-6.106,0.5414,0.0,0.0,128.0,862.0
709909.0,2.0,-0.8836,-0.654,0.07706,0.0287,-6.213,0.6363,0.0,0.0,128.0,819.0
709950.0,2.0,-0.991,-3.82,0.07436,-0.1514,-3.39,0.6362,0.0,0.0,128.0,865.0
709993.0,2.0,-1.1965,-0.948,0.06499,-0.2839,-2.805,0.3658,0.0,0.0,128.0,831.0
710034.0,2.0,-1.5923,-25.802,0.05141,-0.4008,-3.591,4.1404,0.0,0.0,128.0,839.0
710075.0,2.0,-2.0448,-26.387,0.03394,-0.4756,0.009,3.9188,0.0,0.0,128.0,863.0
710121.0,2.0,-2.9314,-22.354,0.01474,-0.3344,3.009,2.1765,0.0,0.0,128.0,868.0
710162.0,2.0,2.89,-15.11,0.00353,-0.2584,-1.591,0.4787,0.0,0.0,128.0,806.0
710203.0,2.0,2.327,-8.828,-0.00795,-0.3295,-3.264,-0.1883,0.0,0.0,128.0,887.0
710245.0,2.0,2.0295,-7.042,-0.02584,-0.5329,-4.113,-0.1222,0.0,0.0,128.0,832.0
710285.0,2.0,1.827,-4.131,-0.04886,-0.5987,0.775,-0.1417,0.0,0.0,128.0,841.0
710329.0,2.0,1.8178,4.628,-0.07215,-0.4249,7.773,-0.1149,0.0,0.0,128.0,876.0
710374.0,2.0,1.781,1.208,-0.08351,-0.0735,8.176,-0.2,0.0,0.0,128.0,836.0
710416.0,2.0,1.9957,5.233,-0.07815,0.3839,12.0,-0.2443,0.0,0.0,128.0,851.0
710459.0,2.0,2.3393,10.48,-0.05411,0.7131,3.8,-0.0086,0.0,0.0,128.0,835.0
710499.0,2.0,2.7197,0.821,-0.02426,0.7499,0.0,-0.9095,0.0,0.0,128.0,842.0
710540.0,2.0,-3.0419,8.733,0.00518,0.7078,-1.34,-0.5118,0.0,0.0,128.0,817.0
710581.0,2.0,-2.4866,8.704,0.03371,0.7297,2.773,-0.3098,0.0,0.0,128.0,854.0
710622.0,2.0,-1.9466,13.447,0.06289,0.7342,-0.427,0.7885,0.0,0.0,128.0,885.0
710663.0,2.0,-1.4266,6.271,0.09034,0.5385,-8.027,0.4005,0.0,0.0,128.0,856.0
710703.0,2.0,-1.1505,0.741,0.10646,0.2735,-7.416,0.4116,0.0,0.0,128.0,847.0
710744.0,2.0,-1.2916,-5.21,0.11029,-0.0976,-7.493,0.4417,0.0,0.0,128.0,835.0
710785.0,2.0,-1.3591,0.842,0.1014,-0.3831,-7.973,0.2136,0.0,0.0,128.0,823.0
710825.0,2.0,-1.4619,0.137,0.08089,-0.6165,-5.175,0.1077,0.0,0.0,128.0,870.0
710867.0,2.0,-1.5478,-23.592,0.05205,-0.7484,-0.507,3.4741,0.0,0.0,128.0,822.0
710909.0,2.0,-2.5295,-28.648,0.02134,-0.7166,3.493,4.3517,0.0,0.0,128.0,884.0
710957.0,2.0,-3.0373,-0.428,-0.0078,-0.5416,2.911,-0.9933,0.0,0.0,128.0,843.0
711005.0,2.0,2.7013,-17.408,-0.02948,-0.3856,0.816,1.0183,0.0,0.0,128.0,877.0
711046.0,2.0,2.5188,-7.036,-0.04601,-0.4671,-4.398,-0.4952,0.0,0.0,128.0,825.0
711087.0,2.0,2.2596,-5.768,-0.06863,-0.6816,-3.947,-0.4215,0.0,0.0,128.0,848.0
711127.0,5.0,2.1875,-1.614,-0.09739,-0.7087,2.238,-0.529,0.0,0.0,128.0,710.0
711168.0,5.0,2.2979,6.332,-0.1218,-0.4447,10.438,-0.529,0.0,0.0,128.0,716.0
711209.0,5.0,2.5219,5.274,-0.1314,-0.0789,5.503,-0.529,0.0,0.0,128.0,681.0
711249.0,6.0,2.6415,-10.816,-0.13219,0.0099,1.5,-0.529,0.0,0.0,128.0,722.0
711289.0,6.0,-3.0373,6.858,-0.13069,0.0699,1.5,-0.529,0.0,0.0,128.0,744.0
711330.0,2.0,-2.459,-5.752,-0.12593,0.1882,3.1,-0.5655,0.0,0.0,128.0,823.0
711371.0,2.0,-1.9727,33.343,-0.11554,0.3256,2.107,6.6644,0.0,0.0,128.0,832.0
711413.0,2.0,-1.5585,14.43,-0.10106,0.4382,6.307,1.3424,0.0,0.0,128.0,852.0
711453.0,2.0,-1.2456,0.687,-0.07826,0.7001,4.336,0.3213,0.0,0.0,128.0,810.0
711495.0,2.0,-1.0815,2.133,-0.04778,0.7499,0.0,0.5008,0.0,0.0,128.0,865.0
711537.0,2.0,-1.1075,-0.284,-0.01759,0.7498,0.0,0.4474,0.0,0.0,128.0,826.0
711577.0,2.0,-1.1858,-2.241,0.01245,0.7486,-0.462,0.4053,0.0,0.0,128.0,843.0
711618.0,2.0,-1.3008,-4.886,0.04174,0.681,-2.755,0.4157,0.0,0.0,128.0,863.0
711660.0,2.0,-1.5186,33.614,0.06705,0.531,-3.693,7.215,0.0,0.0,128.0,848.0
711702.0,2.0,-2.4375,-30.609,0.08614,0.4331,0.095,5.1374,0.0,0.0,128.0,827.0
711742.0,2.0,-3.0327,-18.679,0.10223,0.3082,-6.82,1.2094,0.0,0.0,128.0,829.0
711783.0,2.0,2.6369,-15.055,0.1101,0.0591,-9.22,0.5628,0.0,0.0,128.0,862.0
711824.0,2.0,2.0831,-9.316,0.10489,-0.338,-10.42,0.0667,0.0,0.0,128.0,829.0
711865.0,2.0,1.623,-6.728,0.08359,-0.6879,-4.789,0.242,0.0,0.0,128.0,852.0
711906.0,2.0,1.3376,-6.483,0.05468,-0.7498,0.0,0.5037,0.0,0.0,128.0,862.0
711948.0,2.0,1.0431,-9.538,0.02336,-0.7369,-0.307,1.088,0.0,0.0,128.0,826.0
711990.0,2.0,0.6535,-2.31,-0.00638,-0.6981,4.293,0.8285,0.0,0.0,128.0,876.0
712038.0,2.0,0.6826,2.778,-0.03488,-0.5056,2.756,0.8229,0.0,0.0,128.0,837.0
712079.0,2.0,0.5599,-8.254,-0.05123,-0.299,4.839,1.2835,0.0,0.0,128.0,869.0
712123.0,3.0,0.3942,0.736,-0.06131,-0.1331,5.839,0.9267,0.0,0.0,128.0,742.0
712164.0,3.0,0.2531,-21.38,-0.06083,0.1988,8.436,3.857,0.0,0.0,128.0,722.0
712205.0,3.0,0.0184,-1.98,-0.04766,0.4265,2.236,1.0246,0.0,0.0,128.0,696.0
712246.0,3.0,-0.1825,-2.992,-0.03101,0.3484,-5.564,1.04,0.0,0.0,128.0,769.0
712287.0,3.0,-0.3421,-1.294,-0.0234,-0.02,-12.164,0.9526,0.0,0.0,128.0,710.0
712327.0,3.0,-0.3743,0.492,-0.03443,-0.5393,-10.164,0.9323,0.0,0.0,128.0,741.0
712368.0,3.0,-0.3313,2.071,-0.06195,-0.7854,-2.364,0.9727,0.0,0.0,128.0,743.0
712409.0,5.0,-0.3497,0.062,-0.09383,-0.7758,3.0,0.967,0.0,0.0,128.0,703.0
712449.0,5.0,-0.3482,-1.671,-0.11989,-0.4918,11.0,0.967,0.0,0.0,128.0,702.0
712490.0,5.0,-0.3743,-1.107,-0.13088,-0.0991,6.195,0.967,0.0,0.0,128.0,674.0
712533.0,6.0,-0.474,-0.972,-0.13196,0.0086,1.5,0.967,0.0,0.0,128.0,747.0
712573.0,6.0,-1.0907,-14.73,-0.13043,0.0701,1.5,0.967,0.0,0.0,128.0,733.0
712614.0,2.0,-1.6613,-27.721,-0.1257,0.2215,7.057,4.7386,0.0,0.0,128.0,826.0
712654.0,2.0,-2.5479,-12.434,-0.10958,0.6022,7.657,0.1392,0.0,0.0,128.0,825.0
712695.0,2.0,2.9637,-22.128,-0.08149,0.7491,0.257,2.1146,0.0,0.0,128.0,808.0
712737.0,2.0,2.4298,-25.352,-0.05194,0.633,-3.94,3.3217,0.0,0.0,128.0,879.0
712777.0,2.0,2.0632,-11.587,-0.0303,0.4427,-5.727,0.3853,0.0,0.0,128.0,863.0
712825.0,2.0,1.7242,-3.768,-0.01433,0.2581,-1.565,-0.0608,0.0,0.0,128.0,861.0
712866.0,2.0,1.5539,-1.942,-0.00491,0.2353,0.064,0.0428,0.0,0.0,128.0,824.0
712906.0,2.0,1.4251,-3.575,0.0045,0.2438,0.807,0.2305,0.0,0.0,128.0,834.0
712946.0,2.0,1.5278,11.358,0.01384,0.2014,-2.077,0.8484,0.0,0.0,128.0,835.0
712987.0,2.0,1.7273,5.442,0.02093,0.1751,1.206,0.0253,0.0,0.0,128.0,817.0
713027.0,2.0,2.0387,15.586,0.02801,0.1885,-0.19,1.0695,0.0,0.0,128.0,820.0
713069.0,2.0,2.5203,11.774,0.03716,0.2915,3.255,0.0557,0.0,0.0,128.0,806.0
713110.0,2.0,3.0158,24.857,0.05111,0.4206,3.18,2.9103,0.0,0.0,128.0,830.0
713152.0,2.0,-2.6998,8.607,0.06881,0.4298,0.258,-0.4329,0.0,0.0,128.0,846.0
713192.0,2.0,-1.715,20.688,0.08509,0.3514,-4.426,2.5891,0.0,0.0,128.0,842.0
713233.0,2.0,-1.0953,9.349,0.09428,0.1113,-4.279,1.0239,0.0,0.0,128.0,859.0
713273.0,2.0,-0.9403,6.917,0.09386,-0.1535,-5.679,0.901,0.0,0.0,128.0,829.0
713315.0,2.0,-1.0723,-3.49,0.08321,-0.3757,-4.501,0.5528,0.0,0.0,128.0,845.0
713357.0,2.0,-1.014,3.846,0.06356,-0.5921,-6.223,0.6257,0.0,0.0,128.0,846.0
713399.0,2.0,-0.9956,3.098,0.03562,-0.7335,-1.606,0.6069,0.0,0.0,128.0,852.0
713442.0,2.0,-1.1014,-0.413,0.00435,-0.7225,1.923,0.4521,0.0,0.0,128.0,849.0
713489.0,2.0,-1.3744,0.795,-0.02659,-0.6211,2.018,0.1993,0.0,0.0,128.0,858.0
713537.0,2.0,-2.1154,-7.048,-0.05183,-0.4395,2.018,-0.2073,0.0,0.0,128.0,860.0
713583.0,2.0,-2.9284,-11.624,-0.06866,-0.2734,3.295,-0.1264,0.0,0.0,128.0,821.0
713624.0,2.0,2.8716,-3.493,-0.0789,-0.2533,-0.505,-0.8855,0.0,0.0,128.0,845.0
713665.0,2.0,2.5372,-16.053,-0.08925,-0.2651,1.495,0.814,0.0,0.0,128.0,876.0
713708.0,2.0,2.2703,-0.109,-0.1005,-0.286,-0.524,-0.6447,0.0,0.0,128.0,847.0
713751.0,2.0,2.1568,-4.203,-0.11228,-0.2528,1.798,-0.4379,0.0,0.0,128.0,854.0
713795.0,2.0,2.1552,2.189,-0.12075,-0.0846,7.962,-0.5235,0.0,0.0,128.0,867.0
713839.0,2.0,2.3378,5.767,-0.11441,0.4154,11.4,-0.4883,0.0,0.0,128.0,818.0
713879.0,2.0,2.6154,9.786,-0.09158,0.7126,3.8,-0.2644,0.0,0.0,128.0,837.0
713920.0,2.0,3.0971,16.067,-0.06248,0.73,-2.0,0.6318,0.0,0.0,128.0,799.0
713961.0,2.0,-2.7059,14.23,-0.03218,0.7498,0.0,0.3792,0.0,0.0,128.0,842.0
714002.0,2.0,-2.2013,8.978,-0.00278,0.7498,0.2,-0.0727,0.0,0.0,128.0,851.0
714043.0,2.0,-1.7165,10.435,0.02786,0.7121,-3.4,0.558,0.0,0.0,128.0,857.0
714083.0,2.0,-1.241,8.771,0.05321,0.5632,-5.203,0.8202,0.0,0.0,128.0,860.0
714127.0,2.0,-1.3468,-6.109,0.07294,0.3381,-4.282,0.4522,0.0,0.0,128.0,829.0
714169.0,2.0,-1.5125,-4.495,0.08243,0.1141,-6.053,0.181,0.0,0.0,128.0,824.0
714209.0,2.0,-1.5723,-3.336,0.08201,-0.1445,-6.349,0.0651,0.0,0.0,128.0,788.0
714249.0,2.0,-2.0279,-10.85,0.07035,-0.4607,-7.018,0.2863,0.0,0.0,128.0,831.0
714291.0,2.0,-2.6952,-29.803,0.04571,-0.7181,-3.418,4.697,0.0,0.0,128.0,837.0
714332.0,2.0,2.9667,-25.643,0.01646,-0.7443,1.4,3.1763,0.0,0.0,128.0,880.0
714375.0,2.0,2.4912,-16.032,-0.01391,-0.6879,1.466,0.8392,0.0,0.0,128.0,872.0
714419.0,2.0,2.1997,-6.55,-0.0438,-0.7346,-2.134,-0.3115,0.0,0.0,128.0,843.0
714459.0,2.0,1.8822,-8.094,-0.07384,-0.7449,1.279,0.1155,0.0,0.0,128.0,878.0
714502.0,2.0,1.7717,1.311,-0.10136,-0.5197,9.456,-0.1897,0.0,0.0,128.0,855.0
714546.0,2.0,1.7257,1.059,-0.11423,-0.0551,10.186,-0.1493,0.0,0.0,128.0,834.0
714587.0,2.0,1.8408,1.745,-0.10849,0.3783,10.481,-0.2494,0.0,0.0,128.0,812.0
714631.0,2.0,2.1353,7.185,-0.08332,0.7177,3.481,-0.2151,0.0,0.0,128.0,823.0
714672.0,2.0,2.5035,8.582,-0.0534,0.7498,0.0,-0.343,0.0,0.0,128.0,839.0
714713.0,2.0,2.8793,26.866,-0.02423,0.7334,0.149,3.5906,0.0,0.0,128.0,809.0
714754.0,2.0,-2.7013,13.744,0.00593,0.7494,0.149,0.2946,0.0,0.0,128.0,844.0
714794.0,2.0,-2.1138,-12.742,0.03506,0.7154,-2.8,0.5167,0.0,0.0,128.0,848.0
714834.0,2.0,-1.7948,6.661,0.06019,0.5254,-6.4,0.0604,0.0,0.0,128.0,851.0
714876.0,2.0,-1.4496,8.965,0.07613,0.2453,-8.117,0.638,0.0,0.0,128.0,857.0
714921.0,2.0,-1.4051,-2.512,0.08051,-0.039,-4.895,0.2011,0.0,0.0,128.0,830.0
714961.0,2.0,-1.5171,-5.085,0.07504,-0.2428,-4.717,0.2149,0.0,0.0,128.0,824.0
715002.0,2.0,-1.6061,0.795,0.06139,-0.4403,-3.93,-0.029,0.0,0.0,128.0,818.0
715043.0,2.0,-2.0617,0.15,0.04136,-0.5643,-1.502,-0.4815,0.0,0.0,128.0,889.0
715085.0,2.0,-2.6354,-20.503,0.01643,-0.602,1.788,1.7722,0.0,0.0,128.0,853.0
715127.0,2.0,3.0894,-4.176,-0.00713,-0.5936,-0.828,-0.888,0.0,0.0,128.0,825.0
715168.0,2.0,2.8072,-16.631,-0.03154,-0.6009,0.972,0.8082,0.0,0.0,128.0,852.0
715213.0,2.0,2.2488,-17.385,-0.0573,-0.5661,0.724,1.3001,0.0,0.0,128.0,867.0
715259.0,2.0,2.1583,-1.445,-0.08168,-0.5526,0.124,-0.5411,0.0,0.0,128.0,890.0
715307.0,2.0,2.189,6.301,-0.10508,-0.3546,8.17,-0.3329,0.0,0.0,128.0,832.0
715351.0,2.0,2.2734,6.069,-0.11205,0.0659,12.0,-0.4167,0.0,0.0,128.0,835.0
715395.0,2.0,2.5433,9.427,-0.09844,0.5633,8.6,-0.27,0.0,0.0,128.0,837.0
715436.0,2.0,2.9069,12.009,-0.07121,0.7474,0.854,-0.0645,0.0,0.0,128.0,818.0
715477.0,2.0,-2.8149,10.054,-0.0417,0.7498,0.0,-0.3047,0.0,0.0,128.0,820.0
715517.0,2.0,-2.169,9.942,-0.0126,0.7078,-2.6,0.0582,0.0,0.0,128.0,875.0
715558.0,2.0,-1.7871,10.808,0.0138,0.5792,-1.8,0.5345,0.0,0.0,128.0,865.0
715599.0,2.0,-1.2303,-13.842,0.03555,0.542,-1.4,1.5386,0.0,0.0,128.0,868.0
715640.0,2.0,-1.1014,0.776,0.0549,0.3942,-4.459,0.4594,0.0,0.0,128.0,872.0
715685.0,2.0,-1.4082,-8.671,0.06821,0.2008,-3.914,0.63,0.0,0.0,128.0,859.0
715726.0,2.0,-1.4803,-1.497,0.07256,-0.002,-5.333,0.1036,0.0,0.0,128.0,823.0
715767.0,2.0,-1.8132,-24.619,0.06829,-0.2206,-4.883,3.5685,0.0,0.0,128.0,825.0
715808.0,2.0,-2.327,-34.402,0.05501,-0.4187,-2.483,6.7709,0.0,0.0,128.0,839.0
715849.0,2.0,-2.9498,-7.515,0.0375,-0.5052,-5.283,-0.6263,0.0,0.0,128.0,825.0
715889.0,2.0,2.6799,-11.206,0.01309,-0.7046,-4.114,-0.0959,0.0,0.0,128.0,836.0
715930.0,2.0,2.2718,-9.498,-0.01672,-0.7498,0.0,-0.0674,0.0,0.0,128.0,855.0
715976.0,2.0,1.8208,-5.46,-0.04946,-0.7461,0.556,-0.0537,0.0,0.0,128.0,876.0
716022.0,2.0,1.5861,-1.388,-0.08059,-0.5375,7.463,-0.0012,0.0,0.0,128.0,850.0
716065.0,2.0,1.2993,-1.37,-0.09638,-0.1862,9.411,0.2827,0.0,0.0,128.0,850.0
716107.0,2.0,1.353,1.845,-0.09728,0.1235,6.356,0.2356,0.0,0.0,128.0,838.0
716148.0,2.0,1.3162,-3.207,-0.08633,0.4302,8.187,0.324,0.0,0.0,128.0,826.0
716192.0,2.0,1.2809,6.697,-0.06218,0.6706,1.726,0.563,0.0,0.0,128.0,824.0
716232.0,2.0,1.514,5.16,-0.03514,0.701,0.579,0.2202,0.0,0.0,128.0,817.0
716272.0,2.0,1.7564,5.774,-0.00638,0.7478,0.707,0.0204,0.0,0.0,128.0,823.0
716312.0,2.0,2.1123,9.885,0.02299,0.7497,0.0,0.0933,0.0,0.0,128.0,851.0
716353.0,2.0,2.5894,17.264,0.0531,0.7393,-1.8,1.0225,0.0,0.0,128.0,851.0
716393.0,2.0,-3.1339,12.776,0.08134,0.6946,-1.523,0.0319,0.0,0.0,128.0,882.0
716435.0,2.0,-2.3547,7.927,0.10658,0.4753,-7.523,-0.3021,0.0,0.0,128.0,848.0
716481.0,2.0,-1.8147,-5.77,0.12131,0.1298,-10.286,-0.0404,0.0,0.0,128.0,818.0
716522.0,2.0,-1.534,-7.382,0.11947,-0.244,-9.321,0.3747,0.0,0.0,128.0,800.0
716562.0,2.0,-1.603,-0.931,0.10268,-0.5865,-7.183,-0.0278,0.0,0.0,128.0,848.0
716602.0,2.0,-1.5447,10.932,0.07579,-0.748,-0.788,0.7806,0.0,0.0,128.0,829.0
716643.0,2.0,-1.9834,-21.433,0.04571,-0.7387,2.0,2.4782,0.0,0.0,128.0,858.0
716689.0,2.0,-2.3623,-9.306,0.01365,-0.7001,-1.6,-0.1717,0.0,0.0,128.0,837.0
716737.0,2.0,-2.933,1.464,-0.02077,-0.7153,2.0,-0.9654,0.0,0.0,128.0,873.0
716780.0,2.0,-3.091,4.66,-0.0483,-0.5653,5.8,-0.8611,0.0,0.0,128.0,837.0
716820.0,2.0,2.8425,-1.828,-0.06761,-0.4657,-1.4,-0.9334,0.0,0.0,128.0,838.0
716860.0,2.0,2.5771,1.717,-0.08715,-0.5157,0.6,-0.8278,0.0,0.0,128.0,869.0
716910.0,2.0,2.5679,-3.847,-0.11138,-0.4315,3.096,-0.744,0.0,0.0,128.0,875.0
716959.0,2.0,2.6461,2.231,-0.12694,-0.1316,10.496,-0.8493,0.0,0.0,128.0,880.0
717001.0,2.0,2.9483,8.998,-0.12293,0.3554,12.0,-0.4712,0.0,0.0,128.0,812.0
717042.0,2.0,-2.8716,-11.665,-0.10031,0.7018,4.292,-0.1045,0.0,0.0,128.0,800.0
717082.0,2.0,-2.3838,24.764,-0.07125,0.7487,-0.593,3.1674,0.0,0.0,128.0,845.0
717126.0,2.0,-1.4373,47.269,-0.04103,0.6474,-1.793,9.9397,0.0,0.0,128.0,859.0
717166.0,2.0,-1.4205,11.432,-0.01582,0.6378,-0.58,0.986,0.0,0.0,128.0,852.0
717208.0,2.0,-1.2441,1.43,0.00848,0.5398,-3.613,0.3365,0.0,0.0,128.0,861.0
717266.0,2.0,-1.3039,-3.192,0.03536,0.4016,-1.764,0.3179,0.0,0.0,128.0,917.0
717306.0,2.0,-1.4143,-3.059,0.04939,0.303,-2.888,0.2096,0.0,0.0,128.0,829.0
717346.0,2.0,-1.488,-4.161,0.05846,0.1324,-5.154,0.19,0.0,0.0,128.0,823.0
717387.0,2.0,-2.0893,-23.317,0.06101,0.0093,-1.739,2.9061,0.0,0.0,128.0,840.0
717427.0,2.0,-2.8885,-33.261,0.05996,-0.0401,1.661,6.0108,0.0,0.0,128.0,865.0
717469.0,2.0,3.0971,8.98,0.06,0.0546,3.261,-0.4898,0.0,0.0,128.0,786.0
717509.0,2.0,2.5157,-13.406,0.06345,0.0781,-2.94,0.3327,0.0,0.0,128.0,856.0
717551.0,2.0,2.2688,-6.741,0.06304,-0.1336,-7.588,-0.3507,0.0,0.0,128.0,850.0
717591.0,2.0,1.9466,-8.723,0.0498,-0.5519,-8.8,0.1244,0.0,0.0,128.0,840.0
717632.0,2.0,1.8991,1.459,0.02355,-0.7399,-0.8,-0.3107,0.0,0.0,128.0,857.0
717673.0,2.0,1.9021,2.006,-0.00634,-0.726,2.0,-0.3031,0.0,0.0,128.0,886.0
717720.0,2.0,2.0893,5.721,-0.03484,-0.4133,10.066,-0.2949,0.0,0.0,128.0,871.0
717767.0,2.0,2.4467,8.852,-0.04185,0.1295,12.0,-0.2612,0.0,0.0,128.0,830.0
717807.0,2.0,2.8379,15.886,-0.02782,0.5646,8.155,0.6336,0.0,0.0,128.0,861.0
717848.0,2.0,-2.5157,15.048,-0.00053,0.7451,1.155,0.6283,0.0,0.0,128.0,854.0
717889.0,2.0,-1.896,7.962,0.02914,0.7157,-0.659,0.0903,0.0,0.0,128.0,864.0
717931.0,2.0,-1.0339,21.487,0.05813,0.6849,0.659,3.4539,0.0,0.0,128.0,822.0
717971.0,2.0,-0.8237,4.609,0.08374,0.571,-5.773,0.8182,0.0,0.0,128.0,865.0
718014.0,2.0,-0.7256,-3.256,0.10208,0.2737,-7.473,0.8127,0.0,0.0,128.0,844.0
718055.0,2.0,-0.7685,2.174,0.1062,-0.0839,-8.35,0.7499,0.0,0.0,128.0,828.0
718096.0,2.0,-0.3896,6.173,0.09836,-0.2699,-0.75,1.1675,0.0,0.0,128.0,796.0
718143.0,3.0,-0.2577,1.181,0.08741,-0.2028,-0.95,0.9758,0.0,0.0,128.0,886.0
718183.0,3.0,-0.3083,-5.581,0.07631,-0.414,-9.15,1.1497,0.0,0.0,128.0,729.0
718223.0,3.0,-0.3789,7.537,0.0531,-0.7423,-4.69,1.2881,0.0,0.0,128.0,747.0
718263.0,3.0,-0.2316,2.679,0.02231,-0.7959,0.8,1.0186,0.0,0.0,128.0,766.0
718304.0,3.0,-0.3283,-7.783,-0.00979,-0.7997,0.0,1.3294,0.0,0.0,128.0,760.0
718345.0,3.0,-0.2853,3.462,-0.04185,-0.7995,0.0,1.0353,0.0,0.0,128.0,761.0
718386.0,3.0,-0.405,-2.096,-0.07395,-0.7997,0.0,0.9469,0.0,0.0,128.0,750.0
718427.0,5.0,-0.5277,-4.655,-0.10451,-0.7127,5.8,1.1375,0.0,0.0,128.0,680.0
718467.0,5.0,-0.5277,5.077,-0.12634,-0.314,11.194,1.1375,0.0,0.0,128.0,680.0
718508.0,5.0,-0.6381,1.179,-0.13223,-0.0292,3.395,1.1375,0.0,0.0,128.0,688.0
718548.0,6.0,-1.3852,-17.973,-0.13215,0.0281,1.5,1.1375,0.0,0.0,128.0,742.0
718601.0,2.0,-2.2396,-28.275,-0.12874,0.1243,4.1,4.4116,0.0,0.0,128.0,994.0
718643.0,2.0,2.9759,-20.986,-0.11835,0.4143,9.045,1.8005,0.0,0.0,128.0,840.0
718684.0,2.0,2.5372,-4.761,-0.09473,0.7108,3.845,-0.6801,0.0,0.0,128.0,839.0
718725.0,2.0,2.1967,-8.658,-0.06585,0.7006,-4.155,-0.1052,0.0,0.0,128.0,861.0
718766.0,2.0,1.8807,-1.748,-0.03934,0.6011,-1.046,-0.2834,0.0,0.0,128.0,838.0
718812.0,2.0,1.7702,-2.097,-0.01444,0.5168,-1.778,-0.1684,0.0,0.0,128.0,832.0
718853.0,2.0,1.7579,0.563,0.00581,0.4836,-1.747,-0.1831,0.0,0.0,128.0,845.0
718893.0,2.0,1.919,5.61,0.02516,0.5107,3.334,-0.1479,0.0,0.0,128.0,829.0
718933.0,2.0,2.2181,7.503,0.04838,0.6752,4.228,-0.2531,0.0,0.0,128.0,852.0
718975.0,2.0,2.4513,7.524,0.07838,0.7422,-0.972,-0.4137,0.0,0.0,128.0,859.0
719017.0,2.0,3.0833,13.732,0.10669,0.6335,-4.739,0.1928,0.0,0.0,128.0,837.0
719057.0,5.0,-2.5433,43.385,0.12735,0.3301,-11.339,-0.0402,0.0,0.0,128.0,711.0
719098.0,5.0,-2.143,6.933,0.13365,0.0343,-3.541,-0.0402,0.0,0.0,128.0,683.0
719138.0,6.0,-2.1031,10.113,0.13369,-0.0255,-1.5,-0.0402,0.0,0.0,128.0,741.0
719178.0,6.0,-1.761,-16.953,0.13155,-0.0855,-1.5,-0.0402,0.0,0.0,128.0,742.0
719219.0,2.0,-1.804,10.157,0.12664,-0.1966,-5.21,0.025,0.0,0.0,128.0,840.0
719259.0,2.0,-1.9957,-3.614,0.11291,-0.5276,-9.244,-0.3318,0.0,0.0,128.0,863.0
719305.0,2.0,-2.6277,-18.772,0.08366,-0.7466,-1.044,1.3458,0.0,0.0,128.0,854.0
719350.0,2.0,-2.8026,3.515,0.05033,-0.6996,3.756,-0.8637,0.0,0.0,128.0,840.0
719391.0,2.0,2.9498,-13.469,0.02419,-0.6462,-2.444,0.1677,0.0,0.0,128.0,830.0
719431.0,2.0,2.6308,-12.411,-0.00341,-0.7491,-0.351,0.1084,0.0,0.0,128.0,853.0
719479.0,2.0,2.5341,-6.557,-0.03806,-0.7078,-0.4,-0.5458,0.0,0.0,128.0,838.0
719520.0,2.0,2.4666,2.876,-0.06694,-0.733,2.4,-0.7307,0.0,0.0,128.0,872.0
719568.0,2.0,2.485,4.291,-0.10069,-0.6476,5.0,-0.6789,0.0,0.0,128.0,853.0
719619.0,2.0,2.7734,7.202,-0.12281,-0.1546,12.0,-0.6077,0.0,0.0,128.0,821.0
719661.0,2.0,-3.0235,20.793,-0.11955,0.3354,11.2,1.7419,0.0,0.0,128.0,832.0
719702.0,2.0,-2.5495,-7.314,-0.0987,0.6772,5.0,-0.496,0.0,0.0,128.0,853.0
719742.0,2.0,-1.4251,36.36,-0.06949,0.7336,-0.4,8.5386,0.0,0.0,128.0,844.0
719783.0,2.0,-1.2072,11.896,-0.03953,0.7498,0.0,1.2735,0.0,0.0,128.0,844.0
719823.0,2.0,-0.6688,11.031,-0.01013,0.7366,-2.2,1.562,0.0,0.0,128.0,836.0
719866.0,2.0,-0.5906,-1.885,0.01613,0.4856,-6.6,0.8515,0.0,0.0,128.0,866.0
719907.0,2.0,-0.7593,-2.549,0.03229,0.3025,-3.115,0.7656,0.0,0.0,128.0,815.0
719947.0,2.0,-0.4157,3.515,0.04301,0.2905,1.912,0.9946,0.0,0.0,128.0,808.0
719987.0,3.0,-0.3988,-1.199,0.05378,0.2029,-6.088,0.9306,0.0,0.0,128.0,755.0
720028.0,3.0,-0.5614,-8.306,0.05483,-0.2189,-14.288,1.2825,0.0,0.0,128.0,722.0
720068.0,3.0,-0.586,6.008,0.03683,-0.664,-7.302,1.0613,0.0,0.0,128.0,739.0
720108.0,3.0,-0.451,0.192,0.00735,-0.7993,-0.102,0.9002,0.0,0.0,128.0,747.0
720148.0,3.0,-0.6213,-7.615,-0.024,-0.7999,0.0,1.1797,0.0,0.0,128.0,754.0
720189.0,2.0,-0.8237,-1.736,-0.05513,-0.7619,3.8,0.698,0.0,0.0,128.0,882.0
720237.0,2.0,-0.9004,-9.8,-0.08471,-0.4518,6.795,1.2231,0.0,0.0,128.0,834.0
720284.0,2.0,-1.4404,-33.0,-0.09919,-0.1806,3.328,6.9828,0.0,0.0,128.0,847.0
720327.0,2.0,-2.1276,-14.807,-0.10264,0.0657,8.328,0.8366,0.0,0.0,128.0,805.0
720369.0,2.0,-2.7811,-21.981,-0.09311,0.4113,9.528,2.1026,0.0,0.0,128.0,817.0
720409.0,2.0,2.9345,7.979,-0.07102,0.6988,4.328,-0.5784,0.0,0.0,128.0,801.0
720450.0,2.0,2.6891,-8.165,-0.04166,0.704,-3.872,-0.4745,0.0,0.0,128.0,849.0
720491.0,2.0,2.2688,-4.085,-0.01706,0.4791,-7.616,-0.5333,0.0,0.0,128.0,857.0
720534.0,2.0,2.2411,-3.397,-0.00221,0.2071,-7.994,-0.5466,0.0,0.0,128.0,864.0
720575.0,2.0,2.169,-0.442,-0.00015,-0.0981,-5.623,-0.5619,0.0,0.0,128.0,845.0
720616.0,2.0,2.1859,1.564,-0.00653,-0.1781,1.377,-0.5625,0.0,0.0,128.0,860.0
720659.0,2.0,2.3731,3.82,-0.01054,0.0644,9.793,-0.6297,0.0,0.0,128.0,829.0
720700.0,2.0,2.7596,9.777,0.00056,0.4871,9.618,-0.3275,0.0,0.0,128.0,802.0
720741.0,2.0,-3.025,6.723,0.02513,0.7319,2.638,-0.7065,0.0,0.0,128.0,818.0
720782.0,2.0,-2.5157,10.159,0.05513,0.7494,0.438,-0.1553,0.0,0.0,128.0,866.0
720824.0,2.0,-1.5079,10.69,0.08456,0.6031,-4.962,0.8094,0.0,0.0,128.0,869.0
720865.0,2.0,-1.3023,10.838,0.10339,0.2829,-9.771,1.0178,0.0,0.0,128.0,809.0
720907.0,2.0,-1.333,-0.703,0.10725,-0.0936,-9.218,0.2381,0.0,0.0,128.0,809.0
720950.0,2.0,-1.3392,1.628,0.09656,-0.4278,-8.004,0.2478,0.0,0.0,128.0,861.0
720991.0,2.0,-1.3806,-1.093,0.07444,-0.652,-3.999,0.196,0.0,0.0,128.0,832.0
721031.0,2.0,-1.4297,-1.327,0.04605,-0.7493,-0.006,0.154,0.0,0.0,128.0,823.0
721077.0,2.0,-1.8331,2.565,0.01316,-0.6779,3.389,-0.2144,0.0,0.0,128.0,831.0
721125.0,2.0,-2.7167,5.913,-0.01556,-0.4883,5.943,-0.6905,0.0,0.0,128.0,863.0
721168.0,2.0,-2.9176,0.306,-0.03056,-0.1867,8.943,-0.9739,0.0,0.0,128.0,830.0
721211.0,2.0,3.0419,2.244,-0.03293,0.0439,4.994,-0.9634,0.0,0.0,128.0,787.0
721251.0,2.0,2.7688,11.719,-0.0279,0.2012,3.794,-0.0671,0.0,0.0,128.0,793.0
721291.0,2.0,2.8348,12.252,-0.01755,0.3194,4.194,-0.2319,0.0,0.0,128.0,812.0
721331.0,2.0,2.9775,3.098,-0.00075,0.5412,7.594,-0.9266,0.0,0.0,128.0,782.0
721371.0,2.0,-3.0695,0.891,0.02531,0.7433,1.594,-0.9922,0.0,0.0,128.0,813.0
721411.0,2.0,-2.9146,21.465,0.05464,0.7457,-0.188,1.9412,0.0,0.0,128.0,837.0
721452.0,2.0,-2.6354,5.117,0.0837,0.6985,0.217,-0.7053,0.0,0.0,128.0,806.0
721493.0,5.0,-2.2626,18.526,0.11111,0.612,-5.983,-0.6942,0.0,0.0,128.0,725.0
721534.0,5.0,-2.054,-0.582,0.12851,0.2351,-9.583,-0.6942,0.0,0.0,128.0,681.0
721574.0,5.0,-2.143,0.593,0.13245,0.0083,-1.798,-0.6942,0.0,0.0,128.0,684.0
721614.0,6.0,-2.4789,-4.902,0.13196,-0.0401,-1.5,-0.6942,0.0,0.0,128.0,750.0
721660.0,2.0,-2.8808,-31.815,0.12866,-0.1131,-1.3,5.4229,0.0,0.0,128.0,822.0
721701.0,2.0,3.1155,-6.031,0.12191,-0.281,-7.9,-0.7695,0.0,0.0,128.0,832.0
721741.0,2.0,2.7428,-5.198,0.1038,-0.641,-6.3,-0.7483,0.0,0.0,128.0,846.0
721782.0,2.0,2.5019,-5.047,0.07493,-0.7497,0.0,-0.6395,0.0,0.0,128.0,858.0
721822.0,2.0,2.3224,-3.061,0.04552,-0.7497,0.0,-0.6209,0.0,0.0,128.0,848.0
721863.0,2.0,2.1783,1.509,0.01598,-0.7491,0.4,-0.557,0.0,0.0,128.0,874.0
721912.0,2.0,2.2396,1.689,-0.01785,-0.6049,6.6,-0.6029,0.0,0.0,128.0,878.0
721958.0,2.0,2.5219,5.379,-0.03574,-0.1121,12.0,-0.6341,0.0,0.0,128.0,856.0
721999.0,2.0,2.9054,17.799,-0.03079,0.3743,10.6,1.0257,0.0,0.0,128.0,789.0
722040.0,2.0,-2.8547,21.642,-0.00862,0.6999,4.376,2.0078,0.0,0.0,128.0,830.0
722080.0,2.0,-2.077,5.156,0.02014,0.7134,-2.424,-0.309,0.0,0.0,128.0,878.0
722122.0,2.0,-1.5723,-3.253,0.04665,0.5502,-4.931,0.0596,0.0,0.0,128.0,808.0
722163.0,2.0,-1.1336,6.756,0.06465,0.3599,-4.876,0.72,0.0,0.0,128.0,845.0
722203.0,2.0,-0.8483,-3.032,0.07414,0.1108,-5.391,0.7168,0.0,0.0,128.0,836.0
722245.0,2.0,-0.971,-4.895,0.07493,-0.0783,-3.896,0.7131,0.0,0.0,128.0,845.0
722289.0,2.0,-1.0078,3.697,0.0675,-0.2986,-6.665,0.6199,0.0,0.0,128.0,823.0
722330.0,2.0,-1.0385,-1.568,0.05138,-0.4707,-1.728,0.5202,0.0,0.0,128.0,839.0
722372.0,2.0,-1.1382,-0.65,0.03124,-0.4976,-0.544,0.4206,0.0,0.0,128.0,822.0
722414.0,2.0,-1.3407,-22.93,0.01031,-0.523,-0.322,3.5434,0.0,0.0,128.0,813.0
722461.0,2.0,-2.3853,-16.059,-0.01249,-0.3953,6.414,0.8896,0.0,0.0,128.0,876.0
722507.0,2.0,-2.6921,-6.255,-0.02374,-0.056,9.116,-0.6546,0.0,0.0,128.0,850.0
722548.0,2.0,3.0081,-27.606,-0.02089,0.1587,3.138,3.8293,0.0,0.0,128.0,844.0
722589.0,2.0,2.6921,-4.667,-0.0114,0.3044,1.338,-0.7613,0.0,0.0,128.0,837.0
722630.0,2.0,2.5863,-0.703,0.00161,0.3214,-2.462,-0.8449,0.0,0.0,128.0,859.0
722671.0,2.0,2.5127,-0.426,0.01264,0.2035,-4.262,-0.8079,0.0,0.0,128.0,866.0
722712.0,2.0,2.413,2.383,0.01624,-0.0603,-6.062,-0.712,0.0,0.0,128.0,848.0
722760.0,0.0,2.6231,4.163,0.01054,0.0,0.0,-0.7472,0.0,0.0,128.0,671.0
722800.0,0.0,2.8057,11.031,0.01054,0.0,0.0,-0.7472,0.0,0.0,128.0,539.0
722840.0,0.0,3.1186,8.801,0.01054,0.0,0.0,-0.7472,0.0,0.0,128.0,538.0
722880.0,0.0,-2.9069,22.786,0.01054,0.0,0.0,-0.7472,0.0,0.0,128.0,538.0
722921.0,0.0,-2.686,0.922,0.01054,0.0,0.0,-0.7472,0.0,0.0,128.0,539.0
722961.0,0.0,-2.1307,23.113,0.01054,0.0,0.0,-0.7472,0.0,0.0,128.0,537.0
723001.0,0.0,-2.0739,-4.253,0.01054,0.0,0.0,-0.7472,0.0,0.0,128.0,538.0
723041.0,0.0,-1.8515,1.249,0.01054,0.0,0.0,-0.7472,0.0,0.0,128.0,538.0
723082.0,0.0,-1.9129,-2.704,0.01054,0.0,0.0,-0.7472,0.0,0.0,128.0,532.0
723122.0,0.0,-2.0371,-3.222,0.01054,0.0,0.0,-0.7472,0.0,0.0,128.0,538.0
723162.0,0.0,-2.2826,-6.926,0.01054,0.0,0.0,-0.7472,0.0,0.0,128.0,525.0
723203.0,0.0,-2.5771,-6.75,0.01054,0.0,0.0,-0.7472,0.0,0.0,128.0,539.0
723243.0,0.0,-2.8547,-12.594,0.01054,0.0,0.0,-0.7472,0.0,0.0,128.0,527.0
723283.0,0.0,3.0787,-3.05,0.01054,0.0,0.0,-0.7472,0.0,0.0,128.0,539.0
723324.0,0.0,2.8179,1.556,0.01054,0.0,0.0,-0.7472,0.0,0.0,128.0,527.0
723364.0,0.0,2.6753,-4.978,0.01054,0.0,0.0,-0.7472,0.0,0.0,128.0,539.0
723404.0,0.0,2.4973,-0.357,0.01054,0.0,0.0,-0.7472,0.0,0.0,128.0,539.0
723445.0,0.0,2.6001,4.754,0.01054,0.0,0.0,-0.7472,0.0,0.0,128.0,539.0
723485.0,0.0,2.7197,3.55,0.01054,0.0,0.0,-0.7472,0.0,0.0,128.0,539.0
723526.0,0.0,2.9008,5.575,0.01054,0.0,0.0,-0.7472,0.0,0.0,128.0,538.0
723566.0,0.0,3.0956,1.082,0.01054,0.0,0.0,-0.7472,0.0,0.0,128.0,539.0
723606.0,0.0,-2.9376,12.456,0.01054,0.0,0.0,-0.7472,0.0,0.0,128.0,539.0
723646.0,0.0,-2.5418,15.482,0.01054,0.0,0.0,-0.7472,0.0,0.0,128.0,546.0
723686.0,0.0,-2.436,5.593,0.01054,0.0,0.0,-0.7472,0.0,0.0,128.0,539.0
723726.0,0.0,-2.0954,-8.019,0.01054,0.0,0.0,-0.7472,0.0,0.0,128.0,532.0
723766.0,0.0,-2.0218,-5.454,0.01054,0.0,0.0,-0.7472,0.0,0.0,128.0,525.0
723807.0,0.0,-2.0341,-0.289,0.01054,0.0,0.0,-0.7472,0.0,0.0,128.0,532.0
723847.0,0.0,-2.1598,-0.451,0.01054,0.0,0.0,-0.7472,0.0,0.0,128.0,537.0
723887.0,0.0,-2.3025,-6.347,0.01054,0.0,0.0,-0.7472,0.0,0.0,128.0,525.0
723927.0,0.0,-2.594,-6.893,0.01054,0.0,0.0,-0.7472,0.0,0.0,128.0,539.0
723968.0,0.0,-2.8087,-6.195,0.01054,0.0,0.0,-0.7472,0.0,0.0,128.0,533.0
724008.0,0.0,3.1385,-5.827,0.01054,0.0,0.0,-0.7472,0.0,0.0,128.0,539.0
724048.0,0.0,2.8931,-1.379,0.01054,0.0,0.0,-0.7472,0.0,0.0,128.0,539.0
724088.0,0.0,2.6906,-4.301,0.01054,0.0,0.0,-0.7472,0.0,0.0,128.0,539.0
724128.0,0.0,2.6952,1.361,0.01054,0.0,0.0,-0.7472,0.0,0.0,128.0,539.0
724169.0,0.0,2.7305,2.39,0.01054,0.0,0.0,-0.7472,0.0,0.0,128.0,533.0
724209.0,0.0,2.8087,2.574,0.01054,0.0,0.0,-0.7472,0.0,0.0,128.0,533.0
724249.0,0.0,2.936,3.158,0.01054,0.0,0.0,-0.7472,0.0,0.0,128.0,532.0
724290.0,0.0,3.0864,4.036,0.01054,0.0,0.0,-0.7472,0.0,0.0,128.0,539.0
724330.0,0.0,-2.887,8.513,0.01054,0.0,0.0,-0.7472,0.0,0.0,128.0,539.0
724370.0,0.0,-2.5679,10.917,0.01054,0.0,0.0,-0.7472,0.0,0.0,128.0,539.0
724410.0,0.0,-2.4697,3.825,0.01054,0.0,0.0,-0.7472,0.0,0.0,128.0,533.0
724451.0,0.0,-2.2212,-11.463,0.01054,0.0,0.0,-0.7472,0.0,0.0,128.0,538.0
724491.0,0.0,-2.1399,-2.055,0.01054,0.0,0.0,-0.7472,0.0,0.0,128.0,538.0
724531.0,0.0,-2.2089,-2.729,0.01054,0.0,0.0,-0.7472,0.0,0.0,128.0,538.0
724571.0,0.0,-2.3132,-2.365,0.01054,0.0,0.0,-0.7472,0.0,0.0,128.0,538.0
724611.0,0.0,-2.4743,-4.095,0.01054,0.0,0.0,-0.7472,0.0,0.0,128.0,533.0
724651.0,0.0,-2.6538,-2.82,0.01054,0.0,0.0,-0.7472,0.0,0.0,128.0,539.0
724692.0,0.0,-2.89,-7.825,0.01054,0.0,0.0,-0.7472,0.0,0.0,128.0,533.0
724732.0,0.0,-3.1032,-1.789,0.01054,0.0,0.0,-0.7472,0.0,0.0,128.0,533.0
724772.0,0.0,3.0311,5.533,0.01054,0.0,0.0,-0.7472,0.0,0.0,128.0,539.0
724812.0,0.0,2.867,-1.265,0.01054,0.0,0.0,-0.7472,0.0,0.0,128.0,538.0
724852.0,0.0,2.7182,3.656,0.01054,0.0,0.0,-0.7472,0.0,0.0,128.0,539.0
724893.0,0.0,2.8379,5.31,0.01054,0.0,0.0,-0.7472,0.0,0.0,128.0,533.0
724933.0,0.0,2.9406,3.234,0.01054,0.0,0.0,-0.7472,0.0,0.0,128.0,539.0
724973.0,0.0,3.068,2.631,0.01054,0.0,0.0,-0.7472,0.0,0.0,128.0,538.0
725014.0,0.0,-3.1217,3.581,0.01054,0.0,0.0,-0.7472,0.0,0.0,128.0,533.0
725054.0,0.0,-2.8655,4.874,0.01054,0.0,0.0,-0.7472,0.0,0.0,128.0,533.0
725094.0,0.0,-2.5802,2.998,0.01054,0.0,0.0,-0.7472,0.0,0.0,128.0,539.0
725134.0,0.0,-2.3424,11.21,0.01054,0.0,0.0,-0.7472,0.0,0.0,128.0,525.0
725175.0,0.0,-2.2657,6.797,0.01054,0.0,0.0,-0.7472,0.0,0.0,128.0,538.0
725215.0,0.0,-2.212,-5.465,0.01054,0.0,0.0,-0.7472,0.0,0.0,128.0,538.0
725255.0,0.0,-2.3332,-7.727,0.01054,0.0,0.0,-0.7472,0.0,0.0,128.0,532.0
725295.0,0.0,-2.4482,-1.1,0.01054,0.0,0.0,-0.7472,0.0,0.0,128.0,532.0
725335.0,0.0,-2.6047,-3.236,0.01054,0.0,0.0,-0.7472,0.0,0.0,128.0,539.0
725376.0,0.0,-2.6952,-6.232,0.01054,0.0,0.0,-0.7472,0.0,0.0,128.0,539.0
725416.0,0.0,-3.0235,-4.788,0.01054,0.0,0.0,-0.7472,0.0,0.0,128.0,533.0
725456.0,0.0,3.1385,-1.703,0.01054,0.0,0.0,-0.7472,0.0,0.0,128.0,539.0
725497.0,0.0,2.9851,3.671,0.01054,0.0,0.0,-0.7472,0.0,0.0,128.0,539.0
725537.0,0.0,2.8455,-4.033,0.01054,0.0,0.0,-0.7472,0.0,0.0,128.0,539.0
725578.0,0.0,2.7888,3.864,0.01054,0.0,0.0,-0.7472,0.0,0.0,128.0,527.0
725618.0,0.0,2.9713,1.011,0.01054,0.0,0.0,-0.7472,0.0,0.0,128.0,539.0
725658.0,0.0,3.0802,3.078,0.01054,0.0,0.0,-0.7472,0.0,0.0,128.0,526.0
725698.0,0.0,-3.1155,1.439,0.01054,0.0,0.0,-0.7472,0.0,0.0,128.0,533.0
725738.0,0.0,-3.0557,5.407,0.01054,0.0,0.0,-0.7472,0.0,0.0,128.0,533.0
725779.0,0.0,-2.7765,5.733,0.01054,0.0,0.0,-0.7472,0.0,0.0,128.0,539.0
725819.0,0.0,-2.5341,1.244,0.01054,0.0,0.0,-0.7472,0.0,0.0,128.0,539.0
725860.0,0.0,-2.3455,10.813,0.01054,0.0,0.0,-0.7472,0.0,0.0,128.0,532.0
725900.0,0.0,-2.3148,6.815,0.01054,0.0,0.0,-0.7472,0.0,0.0,128.0,538.0
725940.0,0.0,-2.2918,0.251,0.01054,0.0,0.0,-0.7472,0.0,0.0,128.0,538.0
725981.0,0.0,-2.4712,-1.693,0.01054,0.0,0.0,-0.7472,0.0,0.0,128.0,527.0
726021.0,0.0,-2.6078,-2.716,0.01054,0.0,0.0,-0.7472,0.0,0.0,128.0,539.0
726061.0,0.0,-2.7581,-3.823,0.01054,0.0,0.0,-0.7472,0.0,0.0,128.0,533.0
726102.0,0.0,-2.8026,-4.878,0.01054,0.0,0.0,-0.7472,0.0,0.0,128.0,539.0
726142.0,0.0,-3.1002,-4.336,0.01054,0.0,0.0,-0.7472,0.0,0.0,128.0,533.0
726182.0,0.0,3.094,-3.561,0.01054,0.0,0.0,-0.7472,0.0,0.0,128.0,538.0
726222.0,0.0,3.0097,5.328,0.01054,0.0,0.0,-0.7472,0.0,0.0,128.0,539.0
726263.0,0.0,2.9299,-0.239,0.01054,0.0,0.0,-0.7472,0.0,0.0,128.0,539.0
726303.0,0.0,2.8977,4.488,0.01054,0.0,0.0,-0.7472,0.0,0.0,128.0,539.0
726343.0,0.0,3.0864,3.572,0.01054,0.0,0.0,-0.7472,0.0,0.0,128.0,539.0
726383.0,0.0,-3.0542,3.111,0.01054,0.0,0.0,-0.7472,0.0,0.0,128.0,539.0
726423.0,0.0,-2.9652,-0.079,0.01054,0.0,0.0,-0.7472,0.0,0.0,128.0,539.0
726463.0,0.0,-2.8731,11.458,0.01054,0.0,0.0,-0.7472,0.0,0.0,128.0,539.0
726504.0,0.0,-2.6707,0.362,0.01054,0.0,0.0,-0.7472,0.0,0.0,128.0,539.0
726544.0,0.0,-2.3976,8.26,0.01054,0.0,0.0,-0.7472,0.0,0.0,128.0,538.0
726584.0,0.0,-2.6139,-6.008,0.01054,0.0,0.0,-0.7472,0.0,0.0,128.0,539.0
726625.0,0.0,-2.3884,-3.607,0.01054,0.0,0.0,-0.7472,0.0,0.0,128.0,539.0
726665.0,0.0,-2.462,-6.393,0.01054,0.0,0.0,-0.7472,0.0,0.0,128.0,539.0
726705.0,0.0,-2.6032,-2.808,0.01054,0.0,0.0,-0.7472,0.0,0.0,128.0,539.0
726745.0,0.0,-2.7336,-3.378,0.01054,0.0,0.0,-0.7472,0.0,0.0,128.0,533.0
726785.0,0.0,-2.821,-1.222,0.01054,0.0,0.0,-0.7472,0.0,0.0,128.0,538.0
726825.0,0.0,-2.936,-5.246,0.01054,0.0,0.0,-0.7472,0.0,0.0,128.0,533.0
726865.0,0.0,-3.071,-0.644,0.01054,0.0,0.0,-0.7472,0.0,0.0,128.0,539.0
726906.0,0.0,3.0802,1.267,0.01054,0.0,0.0,-0.7472,0.0,0.0,128.0,539.0
726946.0,0.0,3.0066,-6.676,0.01054,0.0,0.0,-0.7472,0.0,0.0,128.0,539.0
726986.0,0.0,2.9498,2.699,0.01054,0.0,0.0,-0.7472,0.0,0.0,128.0,539.0
727027.0,0.0,3.1201,2.354,0.01054,0.0,0.0,-0.7472,0.0,0.0,128.0,538.0
727067.0,0.0,-3.0634,2.412,0.01054,0.0,0.0,-0.7472,0.0,0.0,128.0,539.0
727107.0,0.0,-2.9882,1.181,0.01054,0.0,0.0,-0.7472,0.0,0.0,128.0,539.0
727148.0,0.0,-2.9851,1.343,0.01054,0.0,0.0,-0.7472,0.0,0.0,128.0,539.0
727188.0,0.0,-2.7734,3.846,0.01054,0.0,0.0,-0.7472,0.0,0.0,128.0,538.0
727229.0,0.0,-2.5848,4.335,0.01054,0.0,0.0,-0.7472,0.0,0.0,128.0,539.0
727269.0,0.0,-2.6216,4.452,0.01054,0.0,0.0,-0.7472,0.0,0.0,128.0,539.0
727309.0,0.0,-2.4498,-3.62,0.01054,0.0,0.0,-0.7472,0.0,0.0,128.0,539.0
727350.0,0.0,-2.5142,-4.821,0.01054,0.0,0.0,-0.7472,0.0,0.0,128.0,539.0
727390.0,0.0,-2.6845,-1.812,0.01054,0.0,0.0,-0.7472,0.0,0.0,128.0,539.0
727431.0,0.0,-2.7458,-1.634,0.01054,0.0,0.0,-0.7472,0.0,0.0,128.0,539.0
727471.0,0.0,-2.7734,-1.406,0.01054,0.0,0.0,-0.7472,0.0,0.0,128.0,533.0
727512.0,0.0,-2.91,-3.816,0.01054,0.0,0.0,-0.7472,0.0,0.0,128.0,539.0
727552.0,0.0,-3.0143,-1.748,0.01054,0.0,0.0,-0.7472,0.0,0.0,128.0,527.0
727592.0,0.0,-3.1385,-3.723,0.01054,0.0,0.0,-0.7472,0.0,0.0,128.0,532.0
727632.0,0.0,3.068,-4.785,0.01054,0.0,0.0,-0.7472,0.0,0.0,128.0,539.0
727673.0,0.0,3.1002,1.443,0.01054,0.0,0.0,-0.7472,0.0,0.0,128.0,539.0
727713.0,0.0,3.1063,4.416,0.01054,0.0,0.0,-0.7472,0.0,0.0,128.0,539.0
727753.0,0.0,-2.9928,3.1,0.01054,0.0,0.0,-0.7472,0.0,0.0,128.0,539.0
727794.0,0.0,-2.9008,1.495,0.01054,0.0,0.0,-0.7472,0.0,0.0,128.0,539.0
727834.0,0.0,-2.9268,-3.581,0.01054,0.0,0.0,-0.7472,0.0,0.0,128.0,533.0
727874.0,0.0,-2.7811,4.962,0.01054,0.0,0.0,-0.7472,0.0,0.0,128.0,533.0
727915.0,0.0,-2.709,-1.586,0.01054,0.0,0.0,-0.7472,0.0,0.0,128.0,539.0
727955.0,0.0,-2.5372,1.187,0.01054,0.0,0.0,-0.7472,0.0,0.0,128.0,539.0
727995.0,0.0,-2.7627,-1.926,0.01054,0.0,0.0,-0.7472,0.0,0.0,128.0,539.0
728035.0,0.0,-2.5786,0.445,0.01054,0.0,0.0,-0.7472,0.0,0.0,128.0,539.0
728075.0,0.0,-2.7182,-5.948,0.01054,0.0,0.0,-0.7472,0.0,0.0,128.0,539.0
728116.0,0.0,-2.8087,-1.539,0.01054,0.0,0.0,-0.7472,0.0,0.0,128.0,539.0
728156.0,0.0,-2.8563,-0.085,0.01054,0.0,0.0,-0.7472,0.0,0.0,128.0,539.0
728196.0,0.0,-2.8655,-1.057,0.01054,0.0,0.0,-0.7472,0.0,0.0,128.0,539.0
728236.0,0.0,-2.9959,-2.436,0.01054,0.0,0.0,-0.7472,0.0,0.0,128.0,539.0
728277.0,0.0,-3.0342,-2.941,0.01054,0.0,0.0,-0.7472,0.0,0.0,128.0,532.0
728317.0,0.0,-3.1232,-0.509,0.01054,0.0,0.0,-0.7472,0.0,0.0,128.0,533.0
728358.0,0.0,3.1339,2.537,0.01054,0.0,0.0,-0.7472,0.0,0.0,128.0,533.0
728398.0,0.0,-3.1293,1.168,0.01054,0.0,0.0,-0.7472,0.0,0.0,128.0,527.0
728438.0,0.0,-2.9652,5.41,0.01054,0.0,0.0,-0.7472,0.0,0.0,128.0,532.0
728479.0,0.0,-2.8639,1.613,0.01054,0.0,0.0,-0.7472,0.0,0.0,128.0,527.0
728519.0,0.0,-2.8823,-2.734,0.01054,0.0,0.0,-0.7472,0.0,0.0,128.0,539.0
728559.0,0.0,-2.8363,5.168,0.01054,0.0,0.0,-0.7472,0.0,0.0,128.0,539.0
728600.0,0.0,-2.7305,-0.095,0.01054,0.0,0.0,-0.7472,0.0,0.0,128.0,539.0
728640.0,0.0,-2.6384,2.672,0.01054,0.0,0.0,-0.7472,0.0,0.0,128.0,539.0
728680.0,0.0,-2.775,-2.419,0.01054,0.0,0.0,-0.7472,0.0,0.0,128.0,539.0
728721.0,0.0,-2.6001,-1.076,0.01054,0.0,0.0,-0.7472,0.0,0.0,128.0,539.0
728761.0,0.0,-2.6983,-6.043,0.01054,0.0,0.0,-0.7472,0.0,0.0,128.0,539.0
728802.0,0.0,-2.8547,-3.052,0.01054,0.0,0.0,-0.7472,0.0,0.0,128.0,687.0
728843.0,0.0,-2.9069,-0.33,0.01054,0.0,0.0,-0.7472,0.0,0.0,128.0,539.0
728883.0,0.0,-2.8823,1.133,0.01054,0.0,0.0,-0.7472,0.0,0.0,128.0,533.0
728923.0,0.0,-2.9667,-1.88,0.01054,0.0,0.0,-0.7472,0.0,0.0,128.0,539.0
728963.0,0.0,-3.0081,-0.8,0.01054,0.0,0.0,-0.7472,0.0,0.0,128.0,539.0
729004.0,0.0,-3.0403,-1.748,0.01054,0.0,0.0,-0.7472,0.0,0.0,128.0,533.0
729044.0,0.0,-3.0848,-1.274,0.01054,0.0,0.0,-0.7472,0.0,0.0,128.0,533.0
729085.0,0.0,-3.0848,0.452,0.01054,0.0,0.0,-0.7472,0.0,0.0,128.0,533.0
729125.0,0.0,-2.9437,4.886,0.01054,0.0,0.0,-0.7472,0.0,0.0,128.0,533.0
729165.0,0.0,-2.8655,0.47,0.01054,0.0,0.0,-0.7472,0.0,0.0,128.0,533.0
729205.0,0.0,-2.9238,-2.704,0.01054,0.0,0.0,-0.7472,0.0,0.0,128.0,539.0
729246.0,0.0,-2.801,3.423,0.01054,0.0,0.0,-0.7472,0.0,0.0,128.0,539.0
729286.0,0.0,-2.798,0.306,0.01054,0.0,0.0,-0.7472,0.0,0.0,128.0,527.0
729326.0,0.0,-2.7167,0.122,0.01054,0.0,0.0,-0.7472,0.0,0.0,128.0,532.0
729366.0,0.0,-2.6783,5.307,0.01054,0.0,0.0,-0.7472,0.0,0.0,128.0,539.0
729406.0,0.0,-2.7642,-6.625,0.01054,0.0,0.0,-0.7472,0.0,0.0,128.0,533.0
729447.0,0.0,-2.8287,-3.043,0.01054,0.0,0.0,-0.7472,0.0,0.0,128.0,533.0
729487.0,0.0,-2.8762,-0.388,0.01054,0.0,0.0,-0.7472,0.0,0.0,128.0,533.0
729528.0,0.0,-2.8885,0.095,0.01054,0.0,0.0,-0.7472,0.0,0.0,128.0,539.0
729568.0,0.0,-2.9146,-0.334,0.01054,0.0,0.0,-0.7472,0.0,0.0,128.0,533.0
729608.0,0.0,-2.9483,-1.522,0.01054,0.0,0.0,-0.7472,0.0,0.0,128.0,539.0
729649.0,0.0,-2.9775,-0.514,0.01054,0.0,0.0,-0.7472,0.0,0.0,128.0,533.0
729689.0,0.0,-3.002,-0.135,0.01054,0.0,0.0,-0.7472,0.0,0.0,128.0,539.0
729729.0,0.0,-3.0143,-0.61,0.01054,0.0,0.0,-0.7472,0.0,0.0,128.0,533.0
729770.0,0.0,-3.0143,0.791,0.01054,0.0,0.0,-0.7472,0.0,0.0,128.0,539.0
729810.0,0.0,-2.9161,3.654,0.01054,0.0,0.0,-0.7472,0.0,0.0,128.0,539.0
729850.0,0.0,-2.8225,0.375,0.01054,0.0,0.0,-0.7472,0.0,0.0,128.0,533.0
729890.0,0.0,-2.8793,-1.492,0.01054,0.0,0.0,-0.7472,0.0,0.0,128.0,539.0
729931.0,0.0,-2.801,0.032,0.01054,0.0,0.0,-0.7472,0.0,0.0,128.0,532.0
729971.0,0.0,-2.8087,2.679,0.01054,0.0,0.0,-0.7472,0.0,0.0,128.0,539.0
730011.0,0.0,-2.7888,-1.164,0.01054,0.0,0.0,-0.7472,0.0,0.0,128.0,533.0
730051.0,0.0,-2.7734,0.126,0.01054,0.0,0.0,-0.7472,0.0,0.0,128.0,533.0
730091.0,0.0,-2.7888,-0.461,0.01054,0.0,0.0,-0.7472,0.0,0.0,128.0,538.0
730131.0,0.0,-2.8486,-2.066,0.01054,0.0,0.0,-0.7472,0.0,0.0,128.0,539.0
730172.0,0.0,-2.9468,-2.338,0.01054,0.0,0.0,-0.7472,0.0,0.0,128.0,527.0
730212.0,0.0,-2.9529,1.819,0.01054,0.0,0.0,-0.7472,0.0,0.0,128.0,539.0
730252.0,0.0,-2.8916,-0.397,0.01054,0.0,0.0,-0.7472,0.0,0.0,128.0,539.0
730292.0,0.0,-2.9192,-0.489,0.01054,0.0,0.0,-0.7472,0.0,0.0,128.0,539.0
730333.0,0.0,-2.9192,0.221,0.01054,0.0,0.0,-0.7472,0.0,0.0,128.0,533.0
730373.0,0.0,-2.8885,0.918,0.01054,0.0,0.0,-0.7472,0.0,0.0,128.0,533.0
730413.0,0.0,-2.8517,0.134,0.01054,0.0,0.0,-0.7472,0.0,0.0,128.0,532.0
730454.0,0.0,-2.8379,0.31,0.01054,0.0,0.0,-0.7472,0.0,0.0,128.0,533.0
730494.0,0.0,-2.8425,-0.38,0.01054,0.0,0.0,-0.7472,0.0,0.0,128.0,539.0
730534.0,0.0,-2.8685,-0.849,0.01054,0.0,0.0,-0.7472,0.0,0.0,128.0,539.0
730575.0,0.0,-2.9008,-0.947,0.01054,0.0,0.0,-0.7472,0.0,0.0,128.0,538.0
730615.0,0.0,-2.9176,-0.125,0.01054,0.0,0.0,-0.7472,0.0,0.0,128.0,527.0
730655.0,0.0,-2.9146,0.18,0.01054,0.0,0.0,-0.7472,0.0,0.0,128.0,539.0
730696.0,0.0,-2.8931,0.63,0.01054,0.0,0.0,-0.7472,0.0,0.0,128.0,533.0
730736.0,0.0,-2.8701,0.41,0.01054,0.0,0.0,-0.7472,0.0,0.0,128.0,539.0
730776.0,0.0,-2.8547,0.396,0.01054,0.0,0.0,-0.7472,0.0,0.0,128.0,533.0
730817.0,0.0,-2.8609,-0.445,0.01054,0.0,0.0,-0.7472,0.0,0.0,128.0,533.0
730857.0,0.0,-2.8762,-0.442,0.01054,0.0,0.0,-0.7472,0.0,0.0,128.0,533.0
730898.0,0.0,-2.8962,-0.441,0.01054,0.0,0.0,-0.7472,0.0,0.0,128.0,527.0
730938.0,0.0,-2.9054,-0.052,0.01054,0.0,0.0,-0.7472,0.0,0.0,128.0,533.0
730978.0,0.0,-2.9008,0.372,0.01054,0.0,0.0,-0.7472,0.0,0.0,128.0,533.0
731018.0,0.0,-2.887,0.494,0.01054,0.0,0.0,-0.7472,0.0,0.0,128.0,539.0
731059.0,0.0,-2.8731,0.416,0.01054,0.0,0.0,-0.7472,0.0,0.0,128.0,533.0
731099.0,0.0,-2.8685,0.109,0.01054,0.0,0.0,-0.7472,0.0,0.0,128.0,539.0
731139.0,0.0,-2.8747,-0.378,0.01054,0.0,0.0,-0.7472,0.0,0.0,128.0,539.0
731180.0,2.0,-2.798,19.782,0.0105,-0.0026,-0.6,1.5384,0.0,0.0,128.0,830.0
731220.0,2.0,-2.6691,-1.947,0.01215,0.1366,5.2,-0.867,0.0,0.0,128.0,849.0
731262.0,2.0,-2.5571,5.838,0.0225,0.4236,10.0,-0.6144,0.0,0.0,128.0,840.0
731304.0,2.0,-2.4927,-4.365,0.04628,0.7186,3.4,-0.6808,0.0,0.0,128.0,841.0
731344.0,2.0,-2.2197,4.222,0.0759,0.7222,-0.726,-0.4893,0.0,0.0,128.0,844.0
731387.0,2.0,-2.235,5.26,0.10376,0.5874,-1.726,-0.4353,0.0,0.0,128.0,857.0
731431.0,2.0,-2.393,-3.989,0.12562,0.3654,-8.926,-0.634,0.0,0.0,128.0,856.0
731472.0,2.0,-2.5909,-10.609,0.13174,-0.0984,-12.0,-0.1461,0.0,0.0,128.0,848.0
731512.0,2.0,-3.0204,-3.784,0.1191,-0.5467,-8.996,-0.9028,0.0,0.0,128.0,810.0
731553.0,2.0,2.8363,-8.995,0.09217,-0.7462,-1.079,-0.4375,0.0,0.0,128.0,810.0
731593.0,2.0,2.3899,-14.903,0.0627,-0.7497,0.0,0.6836,0.0,0.0,128.0,814.0
731634.0,2.0,2.1353,-5.233,0.03322,-0.7497,0.0,-0.3565,0.0,0.0,128.0,861.0
731675.0,2.0,1.9558,-2.266,0.00308,-0.7497,0.0,-0.3412,0.0,0.0,128.0,872.0
731715.0,2.0,1.942,0.291,-0.02666,-0.7139,2.55,-0.3631,0.0,0.0,128.0,844.0
731760.0,2.0,2.0325,4.451,-0.05396,-0.4661,9.03,-0.3246,0.0,0.0,128.0,846.0
731808.0,2.0,2.3317,8.228,-0.06368,0.0894,12.0,-0.2677,0.0,0.0,128.0,881.0
731849.0,2.0,2.7566,11.024,-0.05078,0.5542,8.8,-0.1634,0.0,0.0,128.0,835.0
731889.0,2.0,-2.89,27.598,-0.02441,0.7422,0.8,3.8523,0.0,0.0,128.0,793.0
731933.0,2.0,-2.0893,23.611,0.00653,0.695,-1.2,3.0506,0.0,0.0,128.0,855.0
731974.0,2.0,-1.5585,22.807,0.0342,0.6827,-1.1,3.3196,0.0,0.0,128.0,851.0
732014.0,2.0,-1.1735,10.765,0.06109,0.6623,-3.5,1.1298,0.0,0.0,128.0,857.0
732058.0,2.0,-0.8345,6.773,0.08546,0.4557,-7.137,0.966,0.0,0.0,128.0,853.0
732099.0,2.0,-0.9971,-8.973,0.09806,0.1534,-7.551,1.0447,0.0,0.0,128.0,812.0
732141.0,2.0,-0.8974,6.585,0.0978,-0.2009,-9.487,0.8265,0.0,0.0,128.0,803.0
732182.0,2.0,-0.8851,-3.357,0.08231,-0.5374,-5.197,0.702,0.0,0.0,128.0,831.0
732222.0,2.0,-1.0508,-2.784,0.05873,-0.642,-0.23,0.5441,0.0,0.0,128.0,855.0
732264.0,2.0,-1.0769,-2.726,0.03101,-0.7024,0.639,0.5186,0.0,0.0,128.0,860.0
732317.0,2.0,-1.2072,16.322,-0.00244,-0.6204,0.329,2.0576,0.0,0.0,128.0,864.0
732360.0,2.0,-1.9957,-10.16,-0.02963,-0.6364,-1.671,0.2311,0.0,0.0,128.0,844.0
732400.0,2.0,-2.8486,-21.936,-0.05453,-0.5939,4.055,2.0764,0.0,0.0,128.0,863.0
732441.0,2.0,2.7918,-27.653,-0.07714,-0.5518,1.855,3.9052,0.0,0.0,128.0,819.0
732486.0,2.0,2.436,-7.167,-0.10039,-0.5189,-0.806,-0.4315,0.0,0.0,128.0,837.0
732527.0,5.0,2.0785,-6.694,-0.12037,-0.4385,4.994,-0.5365,0.0,0.0,128.0,704.0
732568.0,5.0,1.9113,-1.174,-0.13193,-0.1231,6.974,-0.5365,0.0,0.0,128.0,670.0
732609.0,6.0,1.781,-0.584,-0.13346,0.0014,0.692,-0.5365,0.0,0.0,128.0,766.0
732649.0,6.0,1.8484,0.844,-0.13226,0.0616,1.5,-0.5365,0.0,0.0,128.0,747.0
732690.0,2.0,1.9804,6.054,-0.12866,0.1372,3.9,-0.1728,0.0,0.0,128.0,992.0
732730.0,2.0,2.3715,9.544,-0.1179,0.4653,10.5,-0.149,0.0,0.0,128.0,831.0
732774.0,2.0,2.9345,19.683,-0.09094,0.7369,2.1,1.4664,0.0,0.0,128.0,831.0
732815.0,2.0,-2.8839,13.033,-0.06158,0.7485,0.4,0.11,0.0,0.0,128.0,790.0
732857.0,2.0,-2.2304,-1.363,-0.03064,0.6997,-0.6,-0.5967,0.0,0.0,128.0,843.0
732899.0,2.0,-1.3837,-3.569,-0.00266,0.6567,-0.542,0.2692,0.0,0.0,128.0,856.0
732940.0,2.0,-1.037,18.331,0.02325,0.6445,2.116,2.6508,0.0,0.0,128.0,855.0
732982.0,2.0,-0.8621,7.764,0.04954,0.5783,-4.284,1.0378,0.0,0.0,128.0,844.0
733027.0,2.0,-1.0692,-3.88,0.07073,0.3821,-3.754,0.5731,0.0,0.0,128.0,826.0
733068.0,2.0,-1.1934,2.625,0.08265,0.2077,-5.828,0.415,0.0,0.0,128.0,815.0
733109.0,2.0,-1.2395,-2.514,0.08554,-0.0518,-3.329,0.3622,0.0,0.0,128.0,846.0
733149.0,2.0,-1.5969,-21.305,0.07946,-0.2879,-7.182,2.817,0.0,0.0,128.0,842.0
733190.0,2.0,-2.0018,-23.545,0.06334,-0.5186,-3.55,3.0644,0.0,0.0,128.0,873.0
733231.0,2.0,-2.7842,-10.652,0.04028,-0.6044,-2.394,-0.2231,0.0,0.0,128.0,795.0
733272.0,2.0,2.7428,-20.568,0.01436,-0.685,-0.92,1.7609,0.0,0.0,128.0,880.0
733319.0,2.0,2.212,-10.45,-0.01898,-0.7498,0.0,0.1009,0.0,0.0,128.0,854.0
733361.0,2.0,1.7978,-7.818,-0.04969,-0.7299,0.446,0.1686,0.0,0.0,128.0,859.0
733405.0,2.0,1.5386,-4.66,-0.07935,-0.6149,6.705,0.1746,0.0,0.0,128.0,879.0
733447.0,2.0,1.2011,-12.114,-0.09776,-0.2256,8.429,1.3024,0.0,0.0,128.0,872.0
733488.0,2.0,1.2195,2.207,-0.09934,0.1382,5.829,0.3722,0.0,0.0,128.0,832.0
733530.0,2.0,1.1198,-6.023,-0.08756,0.4839,9.023,0.6703,0.0,0.0,128.0,820.0
733572.0,2.0,0.8099,-0.538,-0.06289,0.7188,3.223,0.6918,0.0,0.0,128.0,823.0
733612.0,2.0,1.0508,2.209,-0.03371,0.7329,-1.793,0.5261,0.0,0.0,128.0,888.0
733656.0,2.0,1.1658,2.175,-0.00454,0.6041,-4.056,0.4216,0.0,0.0,128.0,871.0
733698.0,2.0,1.3698,5.222,0.01706,0.4023,-5.512,0.3658,0.0,0.0,128.0,869.0
733740.0,2.0,1.807,11.19,0.03019,0.2791,-0.237,0.5466,0.0,0.0,128.0,844.0
733782.0,2.0,2.2319,11.844,0.04234,0.3418,2.563,0.2632,0.0,0.0,128.0,827.0
733822.0,2.0,2.8609,9.431,0.0564,0.3586,2.363,-0.4021,0.0,0.0,128.0,810.0
733862.0,2.0,-2.4544,22.433,0.07166,0.3911,-2.136,2.4259,0.0,0.0,128.0,850.0
733902.0,2.0,-1.7671,10.999,0.08456,0.2401,-5.336,0.571,0.0,0.0,128.0,847.0
733943.0,2.0,-1.2563,18.56,0.0885,-0.0749,-7.326,2.5021,0.0,0.0,128.0,853.0
733984.0,2.0,-0.9419,2.655,0.08153,-0.27,-3.438,0.6298,0.0,0.0,128.0,837.0
734024.0,2.0,-0.7701,-4.587,0.0675,-0.4259,-3.34,0.8477,0.0,0.0,128.0,836.0
734065.0,2.0,-0.9618,-3.935,0.04841,-0.5504,-3.559,0.6636,0.0,0.0,128.0,893.0
734109.0,2.0,-0.7578,1.752,0.02134,-0.6712,-1.181,0.7475,0.0,0.0,128.0,830.0
734155.0,2.0,-0.813,-2.666,-0.0081,-0.6028,3.51,0.7317,0.0,0.0,128.0,857.0
734202.0,2.0,-0.9004,3.17,-0.03244,-0.4405,2.792,0.6908,0.0,0.0,128.0,857.0
734246.0,2.0,-1.6199,-13.09,-0.04976,-0.3861,0.825,1.0207,0.0,0.0,128.0,875.0
734295.0,2.0,-2.2688,-11.09,-0.06548,-0.2354,4.625,0.1243,0.0,0.0,128.0,863.0
734337.0,2.0,-2.9821,-15.574,-0.07035,0.0108,4.425,0.5439,0.0,0.0,128.0,846.0
734378.0,2.0,2.8317,-10.768,-0.06608,0.174,0.625,-0.2155,0.0,0.0,128.0,816.0
734419.0,2.0,2.4053,-9.204,-0.05921,0.13,-3.159,-0.3429,0.0,0.0,128.0,854.0
734459.0,2.0,2.2258,-2.953,-0.05704,-0.0478,-6.791,-0.5518,0.0,0.0,128.0,840.0
734500.0,2.0,2.0693,-2.761,-0.06356,-0.2641,-4.276,-0.4276,0.0,0.0,128.0,843.0
734541.0,2.0,2.0693,0.249,-0.07571,-0.3198,0.167,-0.4772,0.0,0.0,128.0,841.0
734586.0,2.0,2.2442,8.765,-0.08685,-0.0959,9.367,-0.1442,0.0,0.0,128.0,850.0
734628.0,2.0,2.5111,7.738,-0.08179,0.3784,12.0,-0.4341,0.0,0.0,128.0,853.0
734668.0,2.0,2.7872,-7.324,-0.06,0.7,4.4,-0.5965,0.0,0.0,128.0,800.0
734708.0,2.0,-2.8195,20.622,-0.0303,0.7438,0.2,1.7453,0.0,0.0,128.0,832.0
734754.0,2.0,-2.0801,44.378,0.00094,0.6148,-3.4,12.0419,0.0,0.0,128.0,873.0
734796.0,2.0,-1.6843,12.561,0.02287,0.5136,0.0,0.8955,0.0,0.0,128.0,832.0
734838.0,2.0,-1.3913,7.851,0.04264,0.394,-4.733,0.5752,0.0,0.0,128.0,848.0
734884.0,2.0,-1.1152,-4.444,0.05475,0.135,-6.055,0.5637,0.0,0.0,128.0,872.0
734924.0,2.0,-1.3806,-2.441,0.05693,-0.0005,-1.909,0.2244,0.0,0.0,128.0,823.0
734964.0,2.0,-1.5708,-7.049,0.0555,-0.0912,-4.273,0.3077,0.0,0.0,128.0,803.0
735004.0,2.0,-1.6598,-2.548,0.04841,-0.2798,-5.091,-0.0508,0.0,0.0,128.0,842.0
735046.0,2.0,-2.2411,9.668,0.03345,-0.4488,-2.491,-0.0286,0.0,0.0,128.0,852.0
735087.0,2.0,-3.1201,-24.07,0.01406,-0.4835,2.509,2.6617,0.0,0.0,128.0,819.0
735127.0,2.0,2.8225,8.274,-0.00308,-0.382,3.309,-0.5194,0.0,0.0,128.0,861.0
735173.0,2.0,2.3777,-16.551,-0.01571,-0.1619,4.51,1.0206,0.0,0.0,128.0,888.0
735218.0,2.0,2.2151,-4.816,-0.02055,-0.0687,0.31,-0.4498,0.0,0.0,128.0,857.0
735258.0,2.0,2.1552,-1.572,-0.02456,-0.1379,-0.89,-0.5354,0.0,0.0,128.0,879.0
735298.0,2.0,2.1951,1.408,-0.03139,-0.1839,1.91,-0.5737,0.0,0.0,128.0,896.0
735338.0,2.0,2.3731,6.255,-0.03503,0.0666,10.11,-0.4758,0.0,0.0,128.0,833.0
735383.0,2.0,2.7612,10.034,-0.02171,0.5559,8.6,-0.2959,0.0,0.0,128.0,800.0
735424.0,2.0,-3.1339,-1.59,0.006,0.7465,1.0,-0.984,0.0,0.0,128.0,829.0
735465.0,2.0,-2.3501,21.396,0.036,0.7363,-2.191,2.2059,0.0,0.0,128.0,868.0
735506.0,2.0,-1.4742,36.037,0.06274,0.6162,-2.991,8.359,0.0,0.0,128.0,864.0
735548.0,2.0,-1.3959,2.789,0.08467,0.3864,-9.391,0.2273,0.0,0.0,128.0,891.0
735588.0,2.0,-1.3361,0.212,0.09248,0.0135,-7.744,0.2336,0.0,0.0,128.0,806.0
735629.0,2.0,-1.3407,6.569,0.0879,-0.2582,-7.989,0.5036,0.0,0.0,128.0,846.0
735670.0,2.0,-1.3315,1.156,0.07106,-0.5298,-4.418,0.2471,0.0,0.0,128.0,817.0
735711.0,2.0,-1.5509,-18.962,0.04725,-0.6295,-1.018,2.2752,0.0,0.0,128.0,801.0
735752.0,2.0,-1.8561,-15.073,0.02235,-0.6201,1.437,1.1384,0.0,0.0,128.0,878.0
735805.0,2.0,-2.6998,-20.685,-0.00634,-0.4731,2.637,1.7848,0.0,0.0,128.0,887.0
735846.0,2.0,-3.071,-16.917,-0.02479,-0.4997,-3.082,0.8102,0.0,0.0,128.0,837.0
735887.0,2.0,2.7489,-12.921,-0.04586,-0.5439,-1.682,0.1357,0.0,0.0,128.0,860.0
735929.0,2.0,2.3117,0.844,-0.07076,-0.6779,-2.661,-0.6704,0.0,0.0,128.0,857.0
735970.0,5.0,2.1537,-6.24,-0.0993,-0.7017,2.739,-0.3289,0.0,0.0,128.0,717.0
736011.0,5.0,2.0678,2.99,-0.12263,-0.4281,10.739,-0.3289,0.0,0.0,128.0,704.0
736051.0,5.0,2.1046,2.177,-0.13178,-0.0666,5.145,-0.3289,0.0,0.0,128.0,716.0
736092.0,6.0,2.2534,3.225,-0.13238,0.013,1.5,-0.3289,0.0,0.0,128.0,733.0
736132.0,6.0,2.4989,13.248,-0.13072,0.073,1.5,-0.3289,0.0,0.0,128.0,754.0
736173.0,2.0,2.9192,12.038,-0.12581,0.2322,7.7,-0.0619,0.0,0.0,128.0,829.0
736213.0,2.0,-2.801,32.07,-0.10954,0.5929,7.466,5.5672,0.0,0.0,128.0,776.0
736255.0,2.0,-2.1598,18.572,-0.08164,0.7493,0.315,1.6376,0.0,0.0,128.0,838.0
736295.0,2.0,-1.3269,10.937,-0.05265,0.71,1.715,1.0114,0.0,0.0,128.0,820.0
736336.0,2.0,-0.9495,15.947,-0.02378,0.7497,0.0,2.2028,0.0,0.0,128.0,866.0
736376.0,2.0,-0.6397,5.246,0.00544,0.6637,-5.4,0.9797,0.0,0.0,128.0,858.0
736418.0,2.0,-0.7041,-5.383,0.02779,0.4405,-4.0,0.9418,0.0,0.0,128.0,839.0
736460.0,2.0,-0.701,11.521,0.04256,0.264,-1.923,1.6111,0.0,0.0,128.0,828.0
736500.0,2.0,-0.563,-0.722,0.05265,0.2311,-3.523,0.8487,0.0,0.0,128.0,854.0
736542.0,2.0,-0.6366,-2.129,0.05884,0.0718,-3.592,0.831,0.0,0.0,128.0,839.0
736583.0,2.0,-0.9664,-4.673,0.05779,-0.1722,-7.289,0.7009,0.0,0.0,128.0,816.0
736624.0,2.0,-0.9971,-3.623,0.04658,-0.3828,-4.289,0.6248,0.0,0.0,128.0,865.0
736668.0,2.0,-0.9434,12.926,0.02827,-0.4104,1.619,1.6557,0.0,0.0,128.0,873.0
736717.0,2.0,-1.9083,-11.873,0.00893,-0.4243,-1.581,0.5501,0.0,0.0,128.0,879.0
736762.0,2.0,-2.7949,-38.602,-0.00967,-0.3743,3.927,8.462,0.0,0.0,128.0,821.0
736802.0,2.0,2.8716,-25.972,-0.02089,-0.1488,8.127,3.3079,0.0,0.0,128.0,819.0
736842.0,2.0,2.5756,1.503,-0.02179,0.0815,4.527,-0.8303,0.0,0.0,128.0,846.0
736882.0,2.0,2.3577,-3.149,-0.01541,0.2022,-0.673,-0.6432,0.0,0.0,128.0,864.0
736923.0,2.0,2.1445,-8.416,-0.00998,0.0248,-7.377,-0.0881,0.0,0.0,128.0,843.0
736964.0,2.0,2.0785,5.343,-0.01609,-0.3186,-5.686,-0.3107,0.0,0.0,128.0,854.0
737008.0,2.0,2.1829,3.233,-0.03229,-0.3708,3.114,-0.5111,0.0,0.0,128.0,858.0
737052.0,2.0,2.4222,6.708,-0.04275,-0.0357,11.914,-0.4725,0.0,0.0,128.0,871.0
737093.0,2.0,2.8195,10.152,-0.03469,0.4516,10.8,-0.3004,0.0,0.0,128.0,797.0
737134.0,2.0,-2.9284,36.488,-0.01016,0.7262,3.0,7.4446,0.0,0.0,128.0,804.0
737175.0,2.0,-2.0985,25.67,0.01931,0.6863,-4.91,3.6838,0.0,0.0,128.0,824.0
737219.0,2.0,-1.5785,-5.601,0.04316,0.4535,-4.31,0.176,0.0,0.0,128.0,833.0
737259.0,2.0,-1.3192,0.262,0.05696,0.205,-6.805,0.2517,0.0,0.0,128.0,862.0
737300.0,2.0,-1.2563,-3.365,0.05948,-0.1048,-7.072,0.3778,0.0,0.0,128.0,854.0
737341.0,2.0,-1.221,2.105,0.05029,-0.3442,-5.113,0.3728,0.0,0.0,128.0,816.0
737382.0,2.0,-1.2502,-0.566,0.03435,-0.4417,-0.985,0.3173,0.0,0.0,128.0,841.0
737423.0,2.0,-1.2026,2.264,0.01586,-0.478,-3.454,0.3943,0.0,0.0,128.0,837.0
737468.0,2.0,-1.6766,-21.687,-0.00694,-0.5612,0.146,2.8417,0.0,0.0,128.0,875.0
737517.0,2.0,-2.436,-0.313,-0.03191,-0.4177,2.146,-0.7634,0.0,0.0,128.0,852.0
737560.0,2.0,-2.8946,-9.946,-0.04811,-0.3642,-1.254,-0.3469,0.0,0.0,128.0,829.0
737601.0,2.0,2.7596,1.609,-0.06251,-0.336,1.946,-0.9052,0.0,0.0,128.0,859.0
737644.0,2.0,2.5173,-6.36,-0.075,-0.2903,-2.854,-0.5523,0.0,0.0,128.0,857.0
737685.0,2.0,2.1875,-0.424,-0.08839,-0.3763,-2.216,-0.5766,0.0,0.0,128.0,837.0
737729.0,2.0,2.1414,-2.219,-0.10515,-0.379,0.184,-0.5066,0.0,0.0,128.0,822.0
737780.0,2.0,2.2488,7.005,-0.12105,-0.1644,9.184,-0.3299,0.0,0.0,128.0,874.0
737820.0,2.0,2.4728,6.638,-0.11918,0.2929,12.0,-0.5098,0.0,0.0,128.0,818.0
737861.0,2.0,2.8271,7.783,-0.09915,0.6727,5.4,-0.572,0.0,0.0,128.0,804.0
737902.0,2.0,-2.9253,19.32,-0.0705,0.7439,0.2,1.3867,0.0,0.0,128.0,847.0
737943.0,2.0,-2.278,10.951,-0.04031,0.7449,0.504,0.118,0.0,0.0,128.0,864.0
737985.0,2.0,-1.7257,4.686,-0.00949,0.6966,-0.896,-0.0114,0.0,0.0,128.0,822.0
738032.0,2.0,-1.3775,8.501,0.02183,0.6328,-4.157,0.6594,0.0,0.0,128.0,818.0
738072.0,2.0,-1.0677,3.579,0.04369,0.4654,-5.282,0.5659,0.0,0.0,128.0,850.0
738113.0,2.0,-1.2026,-10.902,0.05723,0.2016,-6.538,1.0999,0.0,0.0,128.0,843.0
738153.0,2.0,-1.376,-1.874,0.0621,0.0722,-2.802,0.2144,0.0,0.0,128.0,851.0
738194.0,2.0,-1.4281,-7.181,0.06203,-0.0994,-3.338,0.4634,0.0,0.0,128.0,824.0
738235.0,2.0,-1.6168,-11.444,0.05524,-0.2539,-4.481,0.7766,0.0,0.0,128.0,825.0
738279.0,2.0,-2.3025,-11.517,0.04211,-0.3285,-2.281,0.1611,0.0,0.0,128.0,809.0
738319.0,2.0,-3.0204,-20.375,0.02839,-0.3878,-2.681,1.629,0.0,0.0,128.0,823.0
738360.0,2.0,2.5986,-21.906,0.0123,-0.4059,0.319,2.1895,0.0,0.0,128.0,857.0
738402.0,2.0,2.2227,-6.273,-0.00544,-0.4683,-2.481,-0.3529,0.0,0.0,128.0,891.0
738443.0,2.0,1.9635,-6.712,-0.02801,-0.6859,-4.88,-0.0921,0.0,0.0,128.0,848.0
738484.0,2.0,1.7472,-5.536,-0.05685,-0.7478,0.299,0.0244,0.0,0.0,128.0,900.0
738531.0,2.0,1.7288,-0.187,-0.0882,-0.5022,8.822,-0.158,0.0,0.0,128.0,859.0
738582.0,2.0,1.7595,6.103,-0.10331,-0.0336,12.0,0.0419,0.0,0.0,128.0,850.0
738624.0,2.0,2.0095,6.554,-0.09514,0.4542,10.8,-0.1591,0.0,0.0,128.0,852.0
738665.0,2.0,2.3455,11.054,-0.07046,0.7268,3.0,0.0667,0.0,0.0,128.0,841.0
738706.0,2.0,2.5955,-19.39,-0.03982,0.7482,-0.4,1.5291,0.0,0.0,128.0,849.0
738746.0,2.0,-2.9713,9.903,-0.01106,0.7125,0.257,-0.3639,0.0,0.0,128.0,825.0
738788.0,2.0,-2.5065,-18.63,0.01845,0.7284,-1.143,1.3719,0.0,0.0,128.0,859.0
738828.0,2.0,-1.7794,25.443,0.0456,0.583,-6.507,3.9118,0.0,0.0,128.0,871.0
738868.0,2.0,-1.557,10.004,0.0636,0.3451,-5.546,0.6563,0.0,0.0,128.0,865.0
738910.0,2.0,-1.2226,4.382,0.07189,0.0443,-7.746,0.4694,0.0,0.0,128.0,825.0
738951.0,2.0,-1.4281,-6.064,0.06758,-0.2335,-3.978,0.3701,0.0,0.0,128.0,852.0
738992.0,2.0,-1.5785,-3.886,0.0558,-0.364,-4.057,0.0844,0.0,0.0,128.0,803.0
739033.0,2.0,-1.6628,-4.703,0.0381,-0.52,-4.118,0.0398,0.0,0.0,128.0,839.0
739076.0,2.0,-2.1552,10.233,0.0144,-0.5837,0.387,0.1187,0.0,0.0,128.0,853.0
739120.0,2.0,-2.9652,-24.585,-0.01076,-0.5249,4.587,2.8314,0.0,0.0,128.0,790.0
739161.0,2.0,3.002,13.326,-0.02734,-0.2994,6.987,0.1308,0.0,0.0,128.0,845.0
739203.0,2.0,2.7213,2.512,-0.03383,-0.0377,3.987,-0.8739,0.0,0.0,128.0,836.0
739244.0,2.0,2.5173,1.62,-0.03173,0.1123,0.587,-0.7944,0.0,0.0,128.0,845.0
739285.0,2.0,2.617,-0.614,-0.02486,0.2818,4.787,-0.8626,0.0,0.0,128.0,824.0
739326.0,2.0,2.755,3.085,-0.00833,0.5787,8.187,-0.8685,0.0,0.0,128.0,801.0
739367.0,2.0,3.0971,9.897,0.0186,0.7479,0.724,-0.3802,0.0,0.0,128.0,818.0
739408.0,2.0,-2.844,19.317,0.04916,0.716,-2.8,1.4081,0.0,0.0,128.0,858.0
739449.0,2.0,-2.6354,8.335,0.0762,0.6846,1.127,-0.431,0.0,0.0,128.0,820.0
739489.0,5.0,-2.1154,27.776,0.10346,0.651,-2.814,-0.5104,0.0,0.0,128.0,698.0
739530.0,5.0,-1.8224,6.177,0.1251,0.3634,-11.014,-0.5104,0.0,0.0,128.0,681.0
739570.0,5.0,-1.9113,5.071,0.13226,0.0453,-4.077,-0.5104,0.0,0.0,128.0,696.0
739610.0,6.0,-1.942,-7.837,0.13252,-0.0189,-1.5,-0.5104,0.0,0.0,128.0,741.0
739650.0,6.0,-2.2734,-30.755,0.13065,-0.0789,-1.5,-0.5104,0.0,0.0,128.0,741.0
739690.0,2.0,-2.6139,-17.194,0.12578,-0.2081,-5.5,0.9952,0.0,0.0,128.0,879.0
739731.0,2.0,2.9683,-24.978,0.11197,-0.5158,-7.7,2.963,0.0,0.0,128.0,810.0
739772.0,2.0,2.7504,2.847,0.08614,-0.7393,-1.9,-0.8753,0.0,0.0,128.0,807.0
739818.0,2.0,2.2795,-16.458,0.05299,-0.7498,0.0,1.0723,0.0,0.0,128.0,867.0
739860.0,2.0,2.0908,-2.337,0.0216,-0.7468,-0.744,-0.4596,0.0,0.0,128.0,829.0
739900.0,2.0,1.9896,0.406,-0.00784,-0.7494,0.324,-0.4058,0.0,0.0,128.0,857.0
739945.0,2.0,2.0172,1.818,-0.0396,-0.6458,5.47,-0.4117,0.0,0.0,128.0,858.0
739992.0,2.0,2.2503,7.509,-0.0606,-0.1928,12.0,-0.2769,0.0,0.0,128.0,867.0
740032.0,2.0,2.5909,10.045,-0.05914,0.2872,12.0,-0.2195,0.0,0.0,128.0,852.0
740073.0,2.0,3.0081,19.71,-0.03934,0.6686,5.6,1.4626,0.0,0.0,128.0,816.0
740113.0,2.0,-2.5848,14.464,-0.01076,0.7498,0.0,0.4792,0.0,0.0,128.0,858.0
740154.0,2.0,-1.5432,26.169,0.01725,0.6,-5.0,4.3808,0.0,0.0,128.0,856.0
740194.0,2.0,-1.2257,23.613,0.03795,0.4585,-2.099,3.8848,0.0,0.0,128.0,872.0
740235.0,2.0,-0.8391,16.647,0.05483,0.3715,-3.84,2.4263,0.0,0.0,128.0,874.0
740275.0,2.0,-0.7777,0.385,0.06705,0.2105,-6.303,0.7151,0.0,0.0,128.0,830.0
740315.0,2.0,-1.0216,0.058,0.07084,-0.0277,-5.972,0.5243,0.0,0.0,128.0,861.0
740359.0,2.0,-0.948,-1.942,0.06368,-0.3209,-5.256,0.6057,0.0,0.0,128.0,829.0
740401.0,2.0,-1.0262,-2.584,0.04774,-0.4208,0.099,0.5581,0.0,0.0,128.0,861.0
740446.0,2.0,-1.1075,2.771,0.02951,-0.4046,-0.189,0.4988,0.0,0.0,128.0,842.0
740488.0,2.0,-1.5478,-52.953,0.01174,-0.4691,-1.789,17.6925,0.0,0.0,128.0,835.0
740535.0,2.0,-2.2319,1.024,-0.00915,-0.3954,3.124,-0.6074,0.0,0.0,128.0,824.0
740576.0,2.0,-2.8057,-16.794,-0.02295,-0.3016,0.524,0.8332,0.0,0.0,128.0,857.0
740617.0,2.0,2.775,-3.787,-0.03304,-0.2003,0.324,-0.8405,0.0,0.0,128.0,841.0
740662.0,2.0,2.3056,-7.638,-0.04316,-0.2766,-1.182,-0.293,0.0,0.0,128.0,858.0
740702.0,2.0,2.1353,-4.477,-0.05708,-0.4561,-5.583,-0.405,0.0,0.0,128.0,828.0
740743.0,2.0,1.9175,-4.68,-0.07793,-0.5826,-1.392,-0.1975,0.0,0.0,128.0,876.0
740786.0,2.0,1.8454,2.073,-0.10238,-0.5064,5.217,-0.2452,0.0,0.0,128.0,879.0
740832.0,2.0,1.985,6.16,-0.11696,-0.0762,11.324,-0.167,0.0,0.0,128.0,857.0
740873.0,2.0,2.2059,4.506,-0.11096,0.4024,11.6,-0.469,0.0,0.0,128.0,818.0
740913.0,2.0,2.4912,23.181,-0.08783,0.7122,3.8,2.5891,0.0,0.0,128.0,808.0
740954.0,2.0,-3.1094,16.069,-0.05783,0.7498,0.0,0.6332,0.0,0.0,128.0,844.0
740995.0,2.0,-2.597,10.49,-0.02782,0.7408,0.4,-0.1522,0.0,0.0,128.0,845.0
741037.0,2.0,-1.7426,17.393,0.00266,0.6992,-4.4,1.7677,0.0,0.0,128.0,839.0
741080.0,2.0,-1.4205,9.104,0.0294,0.5628,-4.977,0.6838,0.0,0.0,128.0,841.0
741120.0,2.0,-1.2072,-2.295,0.04838,0.3968,-3.005,0.3872,0.0,0.0,128.0,884.0
741164.0,2.0,-1.241,-2.252,0.06293,0.2469,-3.579,0.3524,0.0,0.0,128.0,873.0
741206.0,2.0,-1.3652,-2.149,0.07024,0.1214,-2.547,0.2312,0.0,0.0,128.0,837.0
741246.0,2.0,-1.4312,-1.483,0.07223,-0.0385,-4.351,0.1506,0.0,0.0,128.0,831.0
741287.0,2.0,-1.4956,-12.791,0.06728,-0.2389,-6.019,1.1,0.0,0.0,128.0,860.0
741328.0,2.0,-2.3838,-20.849,0.05385,-0.405,-1.019,2.0075,0.0,0.0,128.0,872.0
741369.0,2.0,-2.9637,-12.519,0.03724,-0.4734,-3.019,0.0039,0.0,0.0,128.0,844.0
741409.0,2.0,2.6707,-11.996,0.01541,-0.6178,-4.238,0.0251,0.0,0.0,128.0,845.0
741450.0,2.0,2.281,-12.027,-0.01271,-0.7494,-0.038,0.2715,0.0,0.0,128.0,847.0
741492.0,2.0,1.85,-4.293,-0.04354,-0.7498,0.0,-0.1527,0.0,0.0,128.0,849.0
741532.0,2.0,1.6183,-7.029,-0.0726,-0.6949,4.575,0.2727,0.0,0.0,128.0,879.0
741574.0,2.0,1.3162,-13.788,-0.0954,-0.3729,7.464,1.4718,0.0,0.0,128.0,868.0
741617.0,2.0,1.31,0.434,-0.10279,0.0335,7.512,0.2581,0.0,0.0,128.0,789.0
741658.0,2.0,1.3116,0.012,-0.09536,0.3458,6.933,0.2563,0.0,0.0,128.0,831.0
741699.0,2.0,1.1367,0.843,-0.07545,0.6536,5.762,0.4238,0.0,0.0,128.0,830.0
741739.0,2.0,1.3392,8.173,-0.04748,0.7271,-0.356,0.6443,0.0,0.0,128.0,850.0
741779.0,2.0,1.5417,6.083,-0.01999,0.6754,-0.571,0.2566,0.0,0.0,128.0,795.0
741819.0,2.0,1.8346,13.396,0.00724,0.7326,1.58,0.8603,0.0,0.0,128.0,831.0
741861.0,2.0,2.2212,8.83,0.03731,0.7498,0.0,-0.1188,0.0,0.0,128.0,860.0
741901.0,2.0,2.6983,10.811,0.0672,0.7344,0.2,-0.1694,0.0,0.0,128.0,837.0
741945.0,2.0,-2.9023,12.473,0.09634,0.6208,-3.389,0.0154,0.0,0.0,128.0,844.0
741985.0,2.0,-2.2166,23.989,0.11738,0.4208,-4.789,3.0535,0.0,0.0,128.0,866.0
742027.0,2.0,-1.626,21.283,0.12874,0.1127,-8.189,2.8263,0.0,0.0,128.0,862.0
742067.0,2.0,-1.4634,-4.766,0.12675,-0.2202,-7.578,0.2451,0.0,0.0,128.0,853.0
742107.0,2.0,-1.534,-1.894,0.11201,-0.5479,-7.383,0.0575,0.0,0.0,128.0,840.0
742148.0,2.0,-1.5248,5.347,0.08602,-0.7435,-1.433,0.2248,0.0,0.0,128.0,831.0
742188.0,2.0,-1.8377,-32.645,0.05595,-0.7457,1.197,6.4434,0.0,0.0,128.0,812.0
742237.0,2.0,-1.9865,-14.643,0.02287,-0.6446,0.797,0.9382,0.0,0.0,128.0,887.0
742288.0,2.0,-2.933,-12.328,-0.0069,-0.4979,1.656,-0.0209,0.0,0.0,128.0,863.0
742331.0,2.0,-3.0756,3.33,-0.02655,-0.4194,3.456,-0.9276,0.0,0.0,128.0,833.0
742372.0,2.0,2.9115,-6.377,-0.04185,-0.4136,-3.744,-0.7146,0.0,0.0,128.0,845.0
742413.0,2.0,2.5725,-2.489,-0.06206,-0.5543,-3.14,-0.8018,0.0,0.0,128.0,836.0
742454.0,5.0,2.4989,-5.268,-0.08738,-0.6826,-1.677,-0.6223,0.0,0.0,128.0,888.0
742494.0,5.0,2.37,-0.689,-0.11321,-0.5857,6.323,-0.6223,0.0,0.0,128.0,709.0
742534.0,5.0,2.5464,6.411,-0.12945,-0.2062,9.053,-0.6223,0.0,0.0,128.0,705.0
742575.0,5.0,2.8118,6.723,-0.13268,-0.0052,1.255,-0.6223,0.0,0.0,128.0,697.0
742615.0,6.0,2.9913,-18.352,-0.13215,0.0429,1.5,-0.6223,0.0,0.0,128.0,741.0
742662.0,2.0,-2.6032,16.772,-0.12863,0.1329,4.3,0.9283,0.0,0.0,128.0,855.0
742703.0,2.0,-2.1123,-9.284,-0.11831,0.391,5.7,0.0193,0.0,0.0,128.0,842.0
742747.0,2.0,-1.6337,16.224,-0.0969,0.6025,3.504,1.6194,0.0,0.0,128.0,874.0
742787.0,2.0,-1.2118,25.033,-0.06938,0.7475,0.904,4.3336,0.0,0.0,128.0,803.0
742828.0,2.0,-0.9679,11.151,-0.03923,0.7485,0.481,1.3616,0.0,0.0,128.0,822.0
742868.0,2.0,-1.1029,-1.443,-0.00975,0.7481,-0.0,0.4632,0.0,0.0,128.0,852.0
742910.0,2.0,-1.2717,-4.994,0.02048,0.7499,0.2,0.4461,0.0,0.0,128.0,866.0
742953.0,2.0,-1.353,2.145,0.05205,0.6807,-4.286,0.2441,0.0,0.0,128.0,832.0
743000.0,2.0,-1.5248,42.173,0.07852,0.4938,-3.379,11.322,0.0,0.0,128.0,862.0
743042.0,2.0,-2.5449,-32.356,0.09671,0.3733,-0.779,5.7686,0.0,0.0,128.0,773.0
743082.0,2.0,-3.0864,-17.602,0.10961,0.2249,-7.579,0.959,0.0,0.0,128.0,845.0
743123.0,2.0,2.5495,-23.36,0.1137,-0.0374,-8.225,3.1706,0.0,0.0,128.0,844.0
743163.0,2.0,2.0479,-9.804,0.10537,-0.418,-11.225,0.1566,0.0,0.0,128.0,859.0
743204.0,2.0,1.5938,-6.578,0.08175,-0.7172,-3.425,0.2574,0.0,0.0,128.0,802.0
743247.0,2.0,1.3008,-5.638,0.05115,-0.7406,1.213,0.4731,0.0,0.0,128.0,881.0
743295.0,2.0,0.8606,-19.998,0.01763,-0.6625,-0.53,3.193,0.0,0.0,128.0,866.0
743335.0,2.0,0.6535,1.193,-0.0072,-0.5621,2.67,0.8024,0.0,0.0,128.0,831.0
743378.0,2.0,0.6504,-0.106,-0.02861,-0.4397,3.321,0.796,0.0,0.0,128.0,872.0
743433.0,3.0,0.2362,-21.311,-0.04639,-0.2192,1.296,3.8426,0.0,0.0,128.0,766.0
743473.0,3.0,0.1825,0.469,-0.05456,-0.2058,0.896,0.9848,0.0,0.0,128.0,744.0
743514.0,3.0,0.0828,-0.595,-0.06293,-0.2436,-2.904,0.9988,0.0,0.0,128.0,727.0
743554.0,3.0,0.0491,-0.055,-0.07526,-0.413,-6.104,0.9988,0.0,0.0,128.0,741.0
743594.0,3.0,0.1611,1.847,-0.09506,-0.5532,0.296,1.0086,0.0,0.0,128.0,776.0
743635.0,5.0,0.1488,-1.924,-0.11655,-0.4937,4.096,1.03,0.0,0.0,128.0,710.0
743675.0,5.0,0.204,-6.396,-0.13076,-0.1838,8.496,1.03,0.0,0.0,128.0,691.0
743716.0,5.0,0.0997,1.071,-0.13354,-0.0025,0.929,1.03,0.0,0.0,128.0,659.0
743756.0,6.0,0.0092,-1.773,-0.13283,0.0476,1.5,1.03,0.0,0.0,128.0,740.0
743797.0,2.0,-0.0383,1.908,-0.12975,0.1082,1.9,1.0224,0.0,0.0,128.0,981.0
743838.0,2.0,-0.1764,-0.559,-0.1248,0.1439,2.5,0.9862,0.0,0.0,128.0,825.0
743878.0,2.0,-0.247,-0.244,-0.11554,0.3686,7.9,0.9701,0.0,0.0,128.0,797.0
743918.0,2.0,-0.359,-6.381,-0.09544,0.6511,5.394,1.1917,0.0,0.0,128.0,809.0
743958.0,2.0,-0.5584,-1.957,-0.0672,0.7499,0.0,0.8699,0.0,0.0,128.0,809.0
744017.0,2.0,-1.3392,-14.348,-0.02745,0.5697,-4.4,1.5162,0.0,0.0,128.0,845.0
744058.0,2.0,-1.985,-16.855,-0.00825,0.4433,0.4,1.3763,0.0,0.0,128.0,842.0
744098.0,2.0,-3.0726,-36.081,0.01178,0.5791,4.2,7.2283,0.0,0.0,128.0,778.0
744139.0,2.0,2.5663,-4.732,0.03724,0.7176,2.445,-0.6941,0.0,0.0,128.0,822.0
744180.0,2.0,2.0095,-12.175,0.06713,0.6865,-3.955,0.5249,0.0,0.0,128.0,839.0
744222.0,2.0,1.623,-8.141,0.09004,0.3718,-9.853,0.375,0.0,0.0,128.0,857.0
744263.0,2.0,1.4067,-4.536,0.09911,0.1143,-4.566,0.2975,0.0,0.0,128.0,912.0
744306.0,2.0,1.2533,-5.772,0.09983,-0.0832,-4.265,0.5292,0.0,0.0,128.0,850.0
744347.0,2.0,1.1965,0.836,0.09274,-0.292,-5.096,0.3725,0.0,0.0,128.0,882.0
744387.0,2.0,1.4864,7.312,0.07568,-0.5823,-7.266,0.4137,0.0,0.0,128.0,853.0
744428.0,2.0,1.7794,7.661,0.04864,-0.7276,-0.462,0.1541,0.0,0.0,128.0,836.0
744471.0,2.0,2.3761,13.123,0.01759,-0.7268,2.84,0.359,0.0,0.0,128.0,838.0
744518.0,2.0,2.9667,29.766,-0.01189,-0.5162,5.799,4.6061,0.0,0.0,128.0,869.0
744569.0,2.0,-2.2212,36.654,-0.03311,-0.3779,0.55,7.9196,0.0,0.0,128.0,854.0
744611.0,2.0,-1.4818,-3.869,-0.04875,-0.3542,3.171,0.1758,0.0,0.0,128.0,851.0
744659.0,2.0,-0.8023,1.676,-0.06015,-0.0893,6.382,0.7155,0.0,0.0,128.0,863.0
744700.0,2.0,-0.4479,0.675,-0.05854,0.1969,6.381,0.9045,0.0,0.0,128.0,802.0
744740.0,2.0,-0.4096,-1.479,-0.04759,0.3315,0.955,0.9318,0.0,0.0,128.0,810.0
744782.0,2.0,-0.5937,-23.441,-0.03383,0.3457,-1.245,4.2895,0.0,0.0,128.0,844.0
744822.0,2.0,-0.4709,5.839,-0.02111,0.2999,0.0,1.1095,0.0,0.0,128.0,828.0
744862.0,3.0,-0.4264,-1.942,-0.0096,0.2494,-4.4,0.9343,0.0,0.0,128.0,767.0
744903.0,3.0,-0.6995,-13.876,-0.00525,-0.1032,-12.6,1.9821,0.0,0.0,128.0,712.0
744943.0,3.0,-0.6934,0.295,-0.01931,-0.5962,-8.965,0.7697,0.0,0.0,128.0,730.0
744983.0,3.0,-0.7747,-4.333,-0.0474,-0.7944,-1.365,0.8333,0.0,0.0,128.0,747.0
745033.0,2.0,-0.8759,0.318,-0.08332,-0.6239,7.235,0.6405,0.0,0.0,128.0,872.0
745087.0,2.0,-1.0584,-16.368,-0.1068,-0.2587,5.712,2.1662,0.0,0.0,128.0,856.0
745133.0,2.0,-1.5846,-17.866,-0.11423,-0.0195,8.39,1.9876,0.0,0.0,128.0,866.0
745174.0,2.0,-2.258,-1.27,-0.10672,0.4289,11.2,-0.624,0.0,0.0,128.0,826.0
745214.0,2.0,-2.8777,-20.858,-0.08355,0.7144,3.759,1.7793,0.0,0.0,128.0,815.0
745254.0,0.0,2.7964,-20.605,-0.05708,0.0,0.0,-0.4637,0.0,0.0,128.0,538.0
745294.0,0.0,2.4176,-12.449,-0.05708,0.0,0.0,-0.4637,0.0,0.0,128.0,538.0
745335.0,0.0,2.1491,-6.69,-0.05708,0.0,0.0,-0.4637,0.0,0.0,128.0,537.0
745375.0,0.0,1.8929,-6.243,-0.05708,0.0,0.0,-0.4637,0.0,0.0,128.0,525.0
745415.0,0.0,1.7303,-0.759,-0.05708,0.0,0.0,-0.4637,0.0,0.0,128.0,531.0
745455.0,0.0,1.7503,1.537,-0.05708,0.0,0.0,-0.4637,0.0,0.0,128.0,532.0
745496.0,0.0,1.873,4.657,-0.05708,0.0,0.0,-0.4637,0.0,0.0,128.0,538.0
745536.0,0.0,2.1552,7.641,-0.05708,0.0,0.0,-0.4637,0.0,0.0,128.0,538.0
745576.0,0.0,2.4068,15.535,-0.05708,0.0,0.0,-0.4637,0.0,0.0,128.0,533.0
745617.0,0.0,3.0403,14.607,-0.05708,0.0,0.0,-0.4637,0.0,0.0,128.0,526.0
745657.0,0.0,-2.8026,16.567,-0.05708,0.0,0.0,-0.4637,0.0,0.0,128.0,532.0
745697.0,0.0,-2.278,16.952,-0.05708,0.0,0.0,-0.4637,0.0,0.0,128.0,532.0
745738.0,0.0,-1.4726,-7.483,-0.05708,0.0,0.0,-0.4637,0.0,0.0,128.0,532.0
745778.0,0.0,-1.3376,9.307,-0.05708,0.0,0.0,-0.4637,0.0,0.0,128.0,525.0
745818.0,0.0,-1.1812,4.237,-0.05708,0.0,0.0,-0.4637,0.0,0.0,128.0,537.0
745859.0,0.0,-1.1075,-1.526,-0.05708,0.0,0.0,-0.4637,0.0,0.0,128.0,538.0
745899.0,0.0,-1.1934,-2.334,-0.05708,0.0,0.0,-0.4637,0.0,0.0,128.0,532.0
745939.0,0.0,-1.333,-7.007,-0.05708,0.0,0.0,-0.4637,0.0,0.0,128.0,526.0
745979.0,0.0,-1.6843,8.747,-0.05708,0.0,0.0,-0.4637,0.0,0.0,128.0,532.0
746020.0,0.0,-2.281,-22.938,-0.05708,0.0,0.0,-0.4637,0.0,0.0,128.0,537.0
746060.0,0.0,-2.8563,-20.175,-0.05708,0.0,0.0,-0.4637,0.0,0.0,128.0,532.0
746100.0,0.0,2.8425,-13.935,-0.05708,0.0,0.0,-0.4637,0.0,0.0,128.0,538.0
746140.0,0.0,2.4927,-1.52,-0.05708,0.0,0.0,-0.4637,0.0,0.0,128.0,532.0
746180.0,0.0,2.2243,-5.616,-0.05708,0.0,0.0,-0.4637,0.0,0.0,128.0,538.0
746221.0,0.0,2.0463,-3.014,-0.05708,0.0,0.0,-0.4637,0.0,0.0,128.0,532.0
746261.0,0.0,1.9896,-0.123,-0.05708,0.0,0.0,-0.4637,0.0,0.0,128.0,532.0
746301.0,0.0,2.0571,2.727,-0.05708,0.0,0.0,-0.4637,0.0,0.0,128.0,531.0
746341.0,0.0,2.2534,5.912,-0.05708,0.0,0.0,-0.4637,0.0,0.0,128.0,538.0
746381.0,0.0,2.5357,9.107,-0.05708,0.0,0.0,-0.4637,0.0,0.0,128.0,539.0
746422.0,0.0,2.7796,12.138,-0.05708,0.0,0.0,-0.4637,0.0,0.0,128.0,532.0
746462.0,0.0,-2.8317,16.955,-0.05708,0.0,0.0,-0.4637,0.0,0.0,128.0,525.0
746503.0,0.0,-2.2657,19.835,-0.05708,0.0,0.0,-0.4637,0.0,0.0,128.0,525.0
746543.0,0.0,-2.0325,18.952,-0.05708,0.0,0.0,-0.4637,0.0,0.0,128.0,525.0
746583.0,0.0,-1.2824,3.444,-0.05708,0.0,0.0,-0.4637,0.0,0.0,128.0,525.0
746624.0,0.0,-1.3284,10.084,-0.05708,0.0,0.0,-0.4637,0.0,0.0,128.0,525.0
746664.0,0.0,-1.3361,-2.706,-0.05708,0.0,0.0,-0.4637,0.0,0.0,128.0,525.0
746704.0,0.0,-1.3484,-3.905,-0.05708,0.0,0.0,-0.4637,0.0,0.0,128.0,531.0
746744.0,0.0,-1.6015,-9.704,-0.05708,0.0,0.0,-0.4637,0.0,0.0,128.0,537.0
746784.0,0.0,-1.8132,-16.933,-0.05708,0.0,0.0,-0.4637,0.0,0.0,128.0,532.0
746824.0,0.0,-2.4835,-10.11,-0.05708,0.0,0.0,-0.4637,0.0,0.0,128.0,539.0
746865.0,0.0,-2.9729,-13.382,-0.05708,0.0,0.0,-0.4637,0.0,0.0,128.0,526.0
746905.0,0.0,2.821,-15.018,-0.05708,0.0,0.0,-0.4637,0.0,0.0,128.0,538.0
746945.0,0.0,2.5341,-13.752,-0.05708,0.0,0.0,-0.4637,0.0,0.0,128.0,533.0
746985.0,0.0,2.3347,2.515,-0.05708,0.0,0.0,-0.4637,0.0,0.0,128.0,538.0
747025.0,0.0,2.2181,-3.13,-0.05708,0.0,0.0,-0.4637,0.0,0.0,128.0,532.0
747065.0,0.0,2.1997,1.088,-0.05708,0.0,0.0,-0.4637,0.0,0.0,128.0,538.0
747105.0,0.0,2.2933,3.606,-0.05708,0.0,0.0,-0.4637,0.0,0.0,128.0,538.0
747146.0,0.0,2.5035,6.512,-0.05708,0.0,0.0,-0.4637,0.0,0.0,128.0,527.0
747186.0,0.0,2.7888,3.941,-0.05708,0.0,0.0,-0.4637,0.0,0.0,128.0,526.0
747226.0,0.0,-3.1401,14.555,-0.05708,0.0,0.0,-0.4637,0.0,0.0,128.0,546.0
747267.0,0.0,-2.5955,10.735,-0.05708,0.0,0.0,-0.4637,0.0,0.0,128.0,539.0
747307.0,0.0,-2.304,1.827,-0.05708,0.0,0.0,-0.4637,0.0,0.0,128.0,525.0
747348.0,0.0,-1.7748,18.335,-0.05708,0.0,0.0,-0.4637,0.0,0.0,128.0,532.0
747388.0,0.0,-1.5524,-9.62,-0.05708,0.0,0.0,-0.4637,0.0,0.0,128.0,525.0
747428.0,0.0,-1.5171,-1.56,-0.05708,0.0,0.0,-0.4637,0.0,0.0,128.0,526.0
747469.0,0.0,-1.4726,0.536,-0.05708,0.0,0.0,-0.4637,0.0,0.0,128.0,519.0
747509.0,0.0,-1.7196,-9.684,-0.05708,0.0,0.0,-0.4637,0.0,0.0,128.0,532.0
747549.0,0.0,-1.83,-5.949,-0.05708,0.0,0.0,-0.4637,0.0,0.0,128.0,537.0
747589.0,0.0,-2.4835,-11.621,-0.05708,0.0,0.0,-0.4637,0.0,0.0,128.0,532.0
747629.0,0.0,-2.8363,-12.298,-0.05708,0.0,0.0,-0.4637,0.0,0.0,128.0,532.0
747669.0,0.0,2.9867,-9.566,-0.05708,0.0,0.0,-0.4637,0.0,0.0,128.0,538.0
747709.0,0.0,2.7382,-1.946,-0.05708,0.0,0.0,-0.4637,0.0,0.0,128.0,539.0
747749.0,0.0,2.3838,-8.834,-0.05708,0.0,0.0,-0.4637,0.0,0.0,128.0,533.0
747790.0,0.0,2.3547,-0.287,-0.05708,0.0,0.0,-0.4637,0.0,0.0,128.0,538.0
747830.0,0.0,2.347,1.012,-0.05708,0.0,0.0,-0.4637,0.0,0.0,128.0,538.0
747870.0,0.0,2.4375,3.154,-0.05708,0.0,0.0,-0.4637,0.0,0.0,128.0,532.0
747910.0,0.0,2.6338,6.284,-0.05708,0.0,0.0,-0.4637,0.0,0.0,128.0,532.0
747951.0,0.0,2.8425,-1.746,-0.05708,0.0,0.0,-0.4637,0.0,0.0,128.0,538.0
747991.0,0.0,-3.0051,14.199,-0.05708,0.0,0.0,-0.4637,0.0,0.0,128.0,526.0
748031.0,0.0,-2.6338,-2.742,-0.05708,0.0,0.0,-0.4637,0.0,0.0,128.0,539.0
748071.0,0.0,-2.2918,-5.428,-0.05708,0.0,0.0,-0.4637,0.0,0.0,128.0,538.0
748111.0,0.0,-1.9067,8.551,-0.05708,0.0,0.0,-0.4637,0.0,0.0,128.0,525.0
748152.0,0.0,-1.465,-6.998,-0.05708,0.0,0.0,-0.4637,0.0,0.0,128.0,531.0
748192.0,0.0,-1.6628,4.217,-0.05708,0.0,0.0,-0.4637,0.0,0.0,128.0,532.0
748232.0,0.0,-1.7288,-4.439,-0.05708,0.0,0.0,-0.4637,0.0,0.0,128.0,525.0
748273.0,0.0,-1.9205,-4.199,-0.05708,0.0,0.0,-0.4637,0.0,0.0,128.0,537.0
748313.0,0.0,-2.2135,-11.444,-0.05708,0.0,0.0,-0.4637,0.0,0.0,128.0,538.0
748353.0,0.0,-2.6231,-8.131,-0.05708,0.0,0.0,-0.4637,0.0,0.0,128.0,539.0
748394.0,0.0,-3.0051,-9.928,-0.05708,0.0,0.0,-0.4637,0.0,0.0,128.0,539.0
748434.0,0.0,2.8962,-9.601,-0.05708,0.0,0.0,-0.4637,0.0,0.0,128.0,526.0
748474.0,0.0,2.6216,-10.4,-0.05708,0.0,0.0,-0.4637,0.0,0.0,128.0,532.0
748514.0,0.0,2.5203,-0.65,-0.05708,0.0,0.0,-0.4637,0.0,0.0,128.0,532.0
748554.0,0.0,2.4697,-1.381,-0.05708,0.0,0.0,-0.4637,0.0,0.0,128.0,544.0
748595.0,0.0,2.5019,1.958,-0.05708,0.0,0.0,-0.4637,0.0,0.0,128.0,532.0
748635.0,0.0,2.6246,4.031,-0.05708,0.0,0.0,-0.4637,0.0,0.0,128.0,533.0
748676.0,0.0,2.8425,5.669,-0.05708,0.0,0.0,-0.4637,0.0,0.0,128.0,532.0
748716.0,0.0,3.0173,14.769,-0.05708,0.0,0.0,-0.4637,0.0,0.0,128.0,538.0
748756.0,0.0,-2.7397,10.044,-0.05708,0.0,0.0,-0.4637,0.0,0.0,128.0,540.0
748797.0,0.0,-2.3777,16.03,-0.05708,0.0,0.0,-0.4637,0.0,0.0,128.0,539.0
748837.0,0.0,-2.2703,15.844,-0.05708,0.0,0.0,-0.4637,0.0,0.0,128.0,537.0
748877.0,0.0,-1.7825,17.294,-0.05708,0.0,0.0,-0.4637,0.0,0.0,128.0,532.0
748917.0,0.0,-1.8438,-12.932,-0.05708,0.0,0.0,-0.4637,0.0,0.0,128.0,532.0
748958.0,0.0,-1.8546,0.597,-0.05708,0.0,0.0,-0.4637,0.0,0.0,128.0,532.0
748998.0,0.0,-1.9926,-2.916,-0.05708,0.0,0.0,-0.4637,0.0,0.0,128.0,532.0
749038.0,0.0,-2.2626,-8.533,-0.05708,0.0,0.0,-0.4637,0.0,0.0,128.0,539.0
749078.0,0.0,-2.5909,-7.692,-0.05708,0.0,0.0,-0.4637,0.0,0.0,128.0,539.0
749119.0,0.0,-2.8409,-15.293,-0.05708,0.0,0.0,-0.4637,0.0,0.0,128.0,527.0
749159.0,0.0,3.025,-9.387,-0.05708,0.0,0.0,-0.4637,0.0,0.0,128.0,538.0
749199.0,0.0,2.8394,-2.879,-0.05708,0.0,0.0,-0.4637,0.0,0.0,128.0,526.0
749239.0,0.0,2.6384,-2.391,-0.05708,0.0,0.0,-0.4637,0.0,0.0,128.0,533.0
749280.0,0.0,2.5249,1.015,-0.05708,0.0,0.0,-0.4637,0.0,0.0,128.0,532.0
749320.0,0.0,2.6016,2.665,-0.05708,0.0,0.0,-0.4637,0.0,0.0,128.0,533.0
749361.0,0.0,2.6983,3.427,-0.05708,0.0,0.0,-0.4637,0.0,0.0,128.0,539.0
749401.0,0.0,2.8747,5.334,-0.05708,0.0,0.0,-0.4637,0.0,0.0,128.0,527.0
749441.0,0.0,3.002,-3.951,-0.05708,0.0,0.0,-0.4637,0.0,0.0,128.0,539.0
749482.0,0.0,-2.8624,11.685,-0.05708,0.0,0.0,-0.4637,0.0,0.0,128.0,538.0
749522.0,0.0,-2.5587,13.869,-0.05708,0.0,0.0,-0.4637,0.0,0.0,128.0,539.0
749562.0,0.0,-2.4252,-0.469,-0.05708,0.0,0.0,-0.4637,0.0,0.0,128.0,539.0
749603.0,0.0,-1.9466,0.058,-0.05708,0.0,0.0,-0.4637,0.0,0.0,128.0,531.0
749643.0,0.0,-1.8178,-10.445,-0.05708,0.0,0.0,-0.4637,0.0,0.0,128.0,532.0
749683.0,0.0,-2.008,-1.206,-0.05708,0.0,0.0,-0.4637,0.0,0.0,128.0,537.0
749723.0,0.0,-2.12,-2.52,-0.05708,0.0,0.0,-0.4637,0.0,0.0,128.0,525.0
749764.0,0.0,-2.3424,-6.4,-0.05708,0.0,0.0,-0.4637,0.0,0.0,128.0,538.0
749804.0,0.0,-2.6139,-6.579,-0.05708,0.0,0.0,-0.4637,0.0,0.0,128.0,539.0
749844.0,0.0,-2.801,-11.713,-0.05708,0.0,0.0,-0.4637,0.0,0.0,128.0,532.0
749885.0,0.0,3.0756,-7.591,-0.05708,0.0,0.0,-0.4637,0.0,0.0,128.0,538.0
749925.0,0.0,2.8195,-6.514,-0.05708,0.0,0.0,-0.4637,0.0,0.0,128.0,532.0
749965.0,0.0,2.7658,-11.089,-0.05708,0.0,0.0,-0.4637,0.0,0.0,128.0,532.0
750005.0,0.0,2.6093,-7.344,-0.05708,0.0,0.0,-0.4637,0.0,0.0,128.0,533.0
750045.0,0.0,2.6446,5.194,-0.05708,0.0,0.0,-0.4637,0.0,0.0,128.0,539.0
750086.0,0.0,2.7903,3.247,-0.05708,0.0,0.0,-0.4637,0.0,0.0,128.0,539.0
750126.0,0.0,2.9575,4.719,-0.05708,0.0,0.0,-0.4637,0.0,0.0,128.0,539.0
750166.0,0.0,3.1278,0.217,-0.05708,0.0,0.0,-0.4637,0.0,0.0,128.0,539.0
750206.0,0.0,-2.9468,11.018,-0.05708,0.0,0.0,-0.4637,0.0,0.0,128.0,539.0
750247.0,0.0,-2.5648,11.609,-0.05708,0.0,0.0,-0.4637,0.0,0.0,128.0,539.0
750287.0,0.0,-2.4176,8.089,-0.05708,0.0,0.0,-0.4637,0.0,0.0,128.0,539.0
750327.0,0.0,-2.2043,-10.857,-0.05708,0.0,0.0,-0.4637,0.0,0.0,128.0,538.0
750368.0,0.0,-2.1046,-6.871,-0.05708,0.0,0.0,-0.4637,0.0,0.0,128.0,531.0
750408.0,0.0,-2.1614,-3.512,-0.05708,0.0,0.0,-0.4637,0.0,0.0,128.0,531.0
750448.0,0.0,-2.2734,-2.557,-0.05708,0.0,0.0,-0.4637,0.0,0.0,128.0,531.0
750488.0,0.0,-2.439,-4.655,-0.05708,0.0,0.0,-0.4637,0.0,0.0,128.0,539.0
750528.0,0.0,-2.6446,-4.699,-0.05708,0.0,0.0,-0.4637,0.0,0.0,128.0,539.0
750569.0,0.0,-2.867,-8.313,-0.05708,0.0,0.0,-0.4637,0.0,0.0,128.0,532.0
750609.0,0.0,-3.1124,-2.421,-0.05708,0.0,0.0,-0.4637,0.0,0.0,128.0,526.0
750649.0,0.0,2.9897,3.892,-0.05708,0.0,0.0,-0.4637,0.0,0.0,128.0,538.0
750690.0,0.0,2.8195,-2.022,-0.05708,0.0,0.0,-0.4637,0.0,0.0,128.0,526.0
750730.0,0.0,2.709,3.445,-0.05708,0.0,0.0,-0.4637,0.0,0.0,128.0,532.0
750770.0,0.0,2.8225,4.545,-0.05708,0.0,0.0,-0.4637,0.0,0.0,128.0,539.0
750811.0,0.0,2.91,3.105,-0.05708,0.0,0.0,-0.4637,0.0,0.0,128.0,539.0
750851.0,0.0,3.025,2.293,-0.05708,0.0,0.0,-0.4637,0.0,0.0,128.0,539.0
750891.0,0.0,3.1401,5.495,-0.05708,0.0,0.0,-0.4637,0.0,0.0,128.0,539.0
750932.0,0.0,-2.8379,5.016,-0.05708,0.0,0.0,-0.4637,0.0,0.0,128.0,539.0
750972.0,0.0,-2.5418,7.782,-0.05708,0.0,0.0,-0.4637,0.0,0.0,128.0,527.0
751012.0,0.0,-2.4528,12.337,-0.05708,0.0,0.0,-0.4637,0.0,0.0,128.0,539.0
751053.0,0.0,-2.3148,-10.126,-0.05708,0.0,0.0,-0.4637,0.0,0.0,128.0,531.0
751093.0,0.0,-2.2105,-5.272,-0.05708,0.0,0.0,-0.4637,0.0,0.0,128.0,525.0
751133.0,0.0,-2.3424,-3.823,-0.05708,0.0,0.0,-0.4637,0.0,0.0,128.0,532.0
751173.0,0.0,-2.4268,-3.719,-0.05708,0.0,0.0,-0.4637,0.0,0.0,128.0,538.0
751214.0,0.0,-2.5771,-3.996,-0.05708,0.0,0.0,-0.4637,0.0,0.0,128.0,539.0
751254.0,0.0,-2.6783,-3.026,-0.05708,0.0,0.0,-0.4637,0.0,0.0,128.0,539.0
751294.0,0.0,-2.9882,-7.067,-0.05708,0.0,0.0,-0.4637,0.0,0.0,128.0,533.0
751335.0,0.0,3.117,-8.245,-0.05708,0.0,0.0,-0.4637,0.0,0.0,128.0,539.0
751375.0,0.0,3.0296,5.039,-0.05708,0.0,0.0,-0.4637,0.0,0.0,128.0,527.0
751415.0,0.0,2.8057,0.659,-0.05708,0.0,0.0,-0.4637,0.0,0.0,128.0,539.0
751455.0,0.0,2.8348,3.582,-0.05708,0.0,0.0,-0.4637,0.0,0.0,128.0,533.0
751495.0,0.0,2.933,2.521,-0.05708,0.0,0.0,-0.4637,0.0,0.0,128.0,539.0
751536.0,0.0,3.0419,3.236,-0.05708,0.0,0.0,-0.4637,0.0,0.0,128.0,526.0
751576.0,0.0,-3.1217,2.512,-0.05708,0.0,0.0,-0.4637,0.0,0.0,128.0,532.0
751616.0,0.0,-3.0848,1.237,-0.05708,0.0,0.0,-0.4637,0.0,0.0,128.0,533.0
751656.0,0.0,-2.7826,5.223,-0.05708,0.0,0.0,-0.4637,0.0,0.0,128.0,539.0
751697.0,0.0,-2.4989,5.183,-0.05708,0.0,0.0,-0.4637,0.0,0.0,128.0,539.0
751737.0,0.0,-2.4406,12.118,-0.05708,0.0,0.0,-0.4637,0.0,0.0,128.0,532.0
751777.0,0.0,-2.3071,-9.59,-0.05708,0.0,0.0,-0.4637,0.0,0.0,128.0,538.0
751817.0,0.0,-2.2427,-6.011,-0.05708,0.0,0.0,-0.4637,0.0,0.0,128.0,525.0
751857.0,0.0,-2.4482,-0.484,-0.05708,0.0,0.0,-0.4637,0.0,0.0,128.0,532.0
751897.0,0.0,-2.5694,-3.177,-0.05708,0.0,0.0,-0.4637,0.0,0.0,128.0,533.0
751937.0,0.0,-2.7151,-3.643,-0.05708,0.0,0.0,-0.4637,0.0,0.0,128.0,538.0
751978.0,0.0,-2.7719,-5.308,-0.05708,0.0,0.0,-0.4637,0.0,0.0,128.0,533.0
752018.0,0.0,-3.0787,-5.025,-0.05708,0.0,0.0,-0.4637,0.0,0.0,128.0,533.0
752058.0,0.0,3.094,-6.5,-0.05708,0.0,0.0,-0.4637,0.0,0.0,128.0,539.0
752099.0,2.0,3.0649,6.519,-0.05708,0.003,1.0,-0.7295,0.0,0.0,128.0,829.0
752140.0,2.0,3.0388,-6.096,-0.05531,0.1186,3.4,-0.874,0.0,0.0,128.0,796.0
752181.0,2.0,3.0802,4.424,-0.04811,0.2376,4.2,-0.8747,0.0,0.0,128.0,792.0
752222.0,2.0,-3.0403,5.083,-0.03341,0.54,8.8,-0.8308,0.0,0.0,128.0,817.0
752263.0,2.0,-2.8425,11.594,-0.00686,0.7418,1.4,0.3281,0.0,0.0,128.0,849.0
752303.0,2.0,-2.6584,-3.321,0.02254,0.7496,-0.2,-0.8157,0.0,0.0,128.0,880.0
752345.0,2.0,-2.3209,-14.863,0.05302,0.7086,-3.4,0.706,0.0,0.0,128.0,864.0
752393.0,2.0,-2.1077,-3.782,0.08149,0.4855,-5.972,-0.4248,0.0,0.0,128.0,858.0
752434.0,2.0,-2.1368,-4.826,0.09619,0.2149,-9.372,-0.3937,0.0,0.0,128.0,830.0
752475.0,2.0,-2.3899,-2.104,0.09593,-0.2559,-12.0,-0.7047,0.0,0.0,128.0,827.0
752516.0,2.0,-2.8685,-15.883,0.07721,-0.6513,-6.2,0.6276,0.0,0.0,128.0,824.0
752556.0,2.0,2.887,-9.158,0.04898,-0.7497,0.0,-0.435,0.0,0.0,128.0,830.0
752598.0,2.0,2.5418,-4.514,0.01875,-0.7497,0.0,-0.694,0.0,0.0,128.0,880.0
752639.0,2.0,2.2028,-7.866,-0.01204,-0.7497,0.0,-0.1918,0.0,0.0,128.0,841.0
752680.0,2.0,2.1108,-2.948,-0.04148,-0.7497,0.0,-0.4566,0.0,0.0,128.0,857.0
752720.0,2.0,2.0494,-0.093,-0.07147,-0.7388,1.911,-0.4602,0.0,0.0,128.0,865.0
752764.0,2.0,2.1414,3.291,-0.09893,-0.4567,10.711,-0.4749,0.0,0.0,128.0,869.0
752807.0,2.0,2.4037,4.964,-0.10796,0.0438,12.0,-0.5867,0.0,0.0,128.0,827.0
752848.0,2.0,2.6507,-8.386,-0.0963,0.5268,9.2,-0.4336,0.0,0.0,128.0,844.0
752889.0,2.0,-2.752,28.949,-0.06994,0.7403,1.225,3.4425,0.0,0.0,128.0,765.0
752929.0,2.0,-2.0724,5.423,-0.04058,0.7401,-1.175,-0.2816,0.0,0.0,128.0,852.0
752970.0,2.0,-1.5693,25.562,-0.01103,0.7489,0.225,4.1564,0.0,0.0,128.0,823.0
753011.0,2.0,-1.1045,4.459,0.01905,0.7367,-1.781,0.5758,0.0,0.0,128.0,822.0
753051.0,2.0,-0.8237,10.738,0.04605,0.6064,-4.61,1.4151,0.0,0.0,128.0,861.0
753093.0,2.0,-0.8989,-8.469,0.06776,0.4444,-4.536,1.0665,0.0,0.0,128.0,866.0
753138.0,2.0,-0.8422,6.484,0.08186,0.1763,-7.686,0.9357,0.0,0.0,128.0,848.0
753178.0,2.0,-0.8652,-2.423,0.0828,-0.1225,-5.021,0.6837,0.0,0.0,128.0,816.0
753218.0,2.0,-0.9787,-1.778,0.0747,-0.289,-3.654,0.5784,0.0,0.0,128.0,844.0
753258.0,2.0,-1.0048,-3.429,0.05955,-0.4933,-3.092,0.6083,0.0,0.0,128.0,828.0
753298.0,2.0,-1.0968,-1.186,0.03866,-0.5458,-2.315,0.4658,0.0,0.0,128.0,823.0
753338.0,2.0,-1.2993,0.417,0.01526,-0.6481,-1.678,0.2772,0.0,0.0,128.0,827.0
753379.0,2.0,-2.3117,-12.822,-0.01189,-0.6551,2.122,0.3545,0.0,0.0,128.0,845.0
753426.0,2.0,-2.9498,-12.203,-0.0414,-0.6633,-1.678,0.3929,0.0,0.0,128.0,834.0
753466.0,2.0,2.6384,-9.147,-0.06825,-0.6401,0.722,-0.343,0.0,0.0,128.0,865.0
753507.0,5.0,2.1875,-14.929,-0.09499,-0.6902,0.922,-0.4436,0.0,0.0,128.0,698.0
753547.0,5.0,1.8776,-7.029,-0.11921,-0.4893,8.922,-0.4436,0.0,0.0,128.0,682.0
753587.0,5.0,1.6659,-16.339,-0.13069,-0.1089,6.52,-0.4436,0.0,0.0,128.0,705.0
753628.0,6.0,1.5447,3.151,-0.132,0.0018,0.8,-0.4436,0.0,0.0,128.0,761.0
753669.0,6.0,1.5585,2.34,-0.13072,0.0639,1.5,-0.4436,0.0,0.0,128.0,706.0
753710.0,2.0,1.6904,4.872,-0.12623,0.2169,7.5,0.0263,0.0,0.0,128.0,840.0
753750.0,2.0,1.9282,8.673,-0.11059,0.5995,7.733,0.1173,0.0,0.0,128.0,820.0
753791.0,2.0,2.304,9.915,-0.08243,0.7496,0.333,-0.0546,0.0,0.0,128.0,826.0
753831.0,2.0,2.7566,18.182,-0.05269,0.7256,-0.608,1.1554,0.0,0.0,128.0,858.0
753872.0,2.0,-2.9498,19.888,-0.02276,0.7496,-0.2,1.5272,0.0,0.0,128.0,880.0
753918.0,2.0,-2.3286,28.885,0.00979,0.7268,-0.8,4.6072,0.0,0.0,128.0,851.0
753964.0,2.0,-1.6536,20.253,0.0396,0.5283,-5.564,2.5262,0.0,0.0,128.0,842.0
754006.0,2.0,-1.3576,9.687,0.05749,0.3213,-6.125,0.8139,0.0,0.0,128.0,830.0
754047.0,2.0,-1.3254,-0.244,0.06593,0.0923,-4.925,0.2445,0.0,0.0,128.0,842.0
754087.0,2.0,-1.4005,-1.408,0.06664,-0.0537,-3.9,0.1808,0.0,0.0,128.0,845.0
754127.0,2.0,-1.4266,-2.816,0.06007,-0.2866,-3.8,0.1904,0.0,0.0,128.0,851.0
754171.0,2.0,-1.5447,-28.318,0.04444,-0.4803,-5.651,5.0748,0.0,0.0,128.0,815.0
754212.0,2.0,-2.255,-21.529,0.02265,-0.5995,0.04,2.2783,0.0,0.0,128.0,882.0
754253.0,2.0,-2.7658,-1.29,-0.00308,-0.6744,-3.56,-0.9195,0.0,0.0,128.0,794.0
754293.0,2.0,2.8517,-15.489,-0.03158,-0.7498,0.0,0.5623,0.0,0.0,128.0,824.0
754333.0,2.0,2.416,-6.794,-0.06098,-0.7498,0.0,-0.4515,0.0,0.0,128.0,829.0
754374.0,5.0,2.0693,-9.769,-0.09082,-0.7374,0.6,-0.4528,0.0,0.0,128.0,703.0
754414.0,5.0,1.8423,-4.339,-0.11711,-0.5494,8.6,-0.4528,0.0,0.0,128.0,719.0
754455.0,5.0,1.7303,-6.057,-0.13076,-0.147,7.61,-0.4528,0.0,0.0,128.0,696.0
754495.0,5.0,1.7763,2.22,-0.13279,-0.0002,0.143,-0.4528,0.0,0.0,128.0,685.0
754535.0,6.0,1.827,4.14,-0.13189,0.0534,1.5,-0.4528,0.0,0.0,128.0,734.0
754575.0,2.0,2.1721,7.409,-0.12859,0.1344,4.3,-0.2253,0.0,0.0,128.0,830.0
754617.0,2.0,2.597,10.837,-0.11715,0.4844,9.9,-0.1184,0.0,0.0,128.0,843.0
754658.0,2.0,3.0388,18.419,-0.0924,0.7324,2.3,1.1479,0.0,0.0,128.0,847.0
754699.0,2.0,-2.4989,20.859,-0.06236,0.7455,-1.2,1.9632,0.0,0.0,128.0,901.0
754741.0,2.0,-1.5923,19.474,-0.03326,0.6416,-1.185,2.383,0.0,0.0,128.0,848.0
754783.0,2.0,-1.31,15.729,-0.00634,0.6922,2.144,1.8353,0.0,0.0,128.0,838.0
754823.0,2.0,-0.8514,0.038,0.02239,0.7485,0.145,0.6573,0.0,0.0,128.0,837.0
754865.0,2.0,-0.833,-7.928,0.05108,0.6453,-3.588,1.0643,0.0,0.0,128.0,859.0
754906.0,2.0,-1.0201,-0.66,0.07414,0.4635,-4.718,0.5255,0.0,0.0,128.0,846.0
754948.0,2.0,-0.902,-2.095,0.08749,0.1606,-7.643,0.6466,0.0,0.0,128.0,889.0
754990.0,2.0,-0.9986,-3.697,0.08948,-0.0528,-4.268,0.6258,0.0,0.0,128.0,882.0
755031.0,2.0,-1.2103,-6.249,0.084,-0.2194,-3.227,0.5963,0.0,0.0,128.0,837.0
755071.0,2.0,-1.4143,-17.345,0.07253,-0.3501,-3.371,2.0423,0.0,0.0,128.0,829.0
755112.0,2.0,-1.9037,-25.245,0.05621,-0.4517,-2.295,3.6829,0.0,0.0,128.0,856.0
755152.0,2.0,-2.8317,-9.216,0.03866,-0.4159,0.505,-0.4178,0.0,0.0,128.0,844.0
755193.0,2.0,2.9054,-13.447,0.02122,-0.4789,-4.376,0.1733,0.0,0.0,128.0,843.0
755234.0,2.0,2.2841,-12.365,-0.00154,-0.6573,-4.576,0.3204,0.0,0.0,128.0,858.0
755274.0,2.0,1.939,-5.511,-0.02985,-0.7499,0.0,-0.1651,0.0,0.0,128.0,847.0
755315.0,2.0,1.6368,-7.517,-0.05933,-0.7418,1.672,0.2986,0.0,0.0,128.0,899.0
755356.0,2.0,1.4389,-6.96,-0.08565,-0.5011,9.872,0.4439,0.0,0.0,128.0,887.0
755399.0,2.0,1.1443,1.828,-0.0993,-0.1103,8.917,0.4357,0.0,0.0,128.0,853.0
755441.0,2.0,1.1965,-0.188,-0.09818,0.1677,7.693,0.3659,0.0,0.0,128.0,853.0
755482.0,2.0,1.1091,-5.6,-0.08438,0.5479,8.946,0.6475,0.0,0.0,128.0,840.0
755523.0,2.0,0.9143,1.782,-0.05685,0.7466,0.946,0.6282,0.0,0.0,128.0,815.0
755564.0,2.0,1.0615,4.2,-0.02734,0.7471,-0.675,0.5947,0.0,0.0,128.0,875.0
755605.0,2.0,1.1781,2.467,0.00247,0.7212,0.081,0.4155,0.0,0.0,128.0,829.0
755646.0,2.0,1.5324,13.789,0.03068,0.6493,-2.359,1.2251,0.0,0.0,128.0,862.0
755688.0,2.0,1.8807,1.006,0.05655,0.6297,1.224,-0.3012,0.0,0.0,128.0,815.0
755728.0,2.0,2.4574,12.946,0.08134,0.6063,-1.215,0.2759,0.0,0.0,128.0,863.0
755769.0,2.0,2.9422,6.505,0.10305,0.4503,-3.415,-0.7133,0.0,0.0,128.0,835.0
755813.0,2.0,-2.7274,13.992,0.11895,0.2744,-3.415,0.3254,0.0,0.0,128.0,865.0
755858.0,2.0,-1.7794,17.538,0.1251,-0.04,-8.252,1.7532,0.0,0.0,128.0,810.0
755899.0,2.0,-1.6674,3.864,0.11625,-0.4459,-11.0,-0.0025,0.0,0.0,128.0,831.0
755939.0,2.0,-1.5938,0.733,0.09262,-0.7219,-3.0,-0.0199,0.0,0.0,128.0,820.0
755979.0,2.0,-1.5324,1.064,0.0627,-0.7499,0.0,0.0462,0.0,0.0,128.0,808.0
756020.0,2.0,-1.761,-22.736,0.03319,-0.7458,1.179,3.0493,0.0,0.0,128.0,869.0
756066.0,2.0,-2.0172,-20.908,0.00038,-0.6816,1.379,2.3117,0.0,0.0,128.0,858.0
756116.0,2.0,-2.5832,-21.635,-0.03004,-0.627,-0.821,2.1002,0.0,0.0,128.0,867.0
756161.0,2.0,-3.091,-12.138,-0.05779,-0.5926,1.179,-0.0682,0.0,0.0,128.0,871.0
756202.0,2.0,2.798,-10.562,-0.08235,-0.6516,-2.719,-0.2288,0.0,0.0,128.0,827.0
756242.0,5.0,2.528,-7.276,-0.10856,-0.6279,4.481,-0.8706,0.0,0.0,128.0,740.0
756283.0,5.0,2.4528,-6.191,-0.12791,-0.2788,10.55,-0.8706,0.0,0.0,128.0,697.0
756324.0,5.0,2.5725,4.598,-0.1329,-0.0195,2.758,-0.8706,0.0,0.0,128.0,682.0
756364.0,6.0,2.6783,2.575,-0.13268,0.0324,1.5,-0.8706,0.0,0.0,128.0,742.0
756404.0,6.0,2.7704,11.062,-0.13027,0.0924,1.5,-0.8706,0.0,0.0,128.0,740.0
756445.0,2.0,-3.0281,4.985,-0.1242,0.2687,7.847,-0.836,0.0,0.0,128.0,852.0
756485.0,2.0,-2.439,11.266,-0.10643,0.6426,6.447,-0.1088,0.0,0.0,128.0,809.0
756525.0,2.0,-2.1706,3.022,-0.07781,0.7497,0.047,-0.5063,0.0,0.0,128.0,824.0
756565.0,2.0,-1.6736,0.694,-0.04943,0.6936,0.164,-0.1008,0.0,0.0,128.0,817.0
756606.0,2.0,-1.241,3.425,-0.02089,0.7493,-0.236,0.4009,0.0,0.0,128.0,871.0
756646.0,2.0,-1.1091,9.874,0.00806,0.6871,-1.769,1.0697,0.0,0.0,128.0,858.0
756688.0,2.0,-1.2149,-1.958,0.03506,0.6734,0.437,0.371,0.0,0.0,128.0,874.0
756728.0,2.0,-1.307,-3.844,0.06195,0.6418,-2.255,0.3503,0.0,0.0,128.0,845.0
756771.0,2.0,-1.3913,0.627,0.08674,0.5073,-5.512,0.1801,0.0,0.0,128.0,829.0
756811.0,2.0,-1.7012,-33.136,0.10223,0.2872,-4.312,6.7822,0.0,0.0,128.0,859.0
756852.0,2.0,-2.5802,-6.524,0.11111,0.1791,-1.912,-0.5841,0.0,0.0,128.0,869.0
756893.0,2.0,3.0956,-15.374,0.11599,0.0364,-5.744,1.4428,0.0,0.0,128.0,838.0
756934.0,2.0,2.3991,-17.127,0.11348,-0.1821,-5.573,1.1311,0.0,0.0,128.0,822.0
756975.0,2.0,1.9865,-13.717,0.10061,-0.5102,-9.643,0.7945,0.0,0.0,128.0,828.0
757015.0,2.0,1.6199,-5.943,0.07474,-0.7397,-1.843,0.1798,0.0,0.0,128.0,835.0
757055.0,2.0,1.3652,-5.179,0.04538,-0.7491,0.392,0.3782,0.0,0.0,128.0,890.0
757099.0,2.0,1.1045,-14.893,0.0138,-0.6974,0.899,1.8626,0.0,0.0,128.0,875.0
757144.0,2.0,1.0186,9.837,-0.01676,-0.6898,-0.352,1.1289,0.0,0.0,128.0,841.0
757185.0,2.0,1.1413,3.029,-0.04504,-0.7093,0.086,0.4721,0.0,0.0,128.0,860.0
757228.0,2.0,1.241,3.598,-0.07388,-0.6392,2.45,0.4023,0.0,0.0,128.0,855.0
757271.0,2.0,1.4588,8.775,-0.09776,-0.4716,5.336,0.5887,0.0,0.0,128.0,864.0
757317.0,2.0,1.9297,10.167,-0.11066,-0.0273,12.0,0.292,0.0,0.0,128.0,842.0
757359.0,2.0,2.4344,13.471,-0.10185,0.4682,10.4,0.3779,0.0,0.0,128.0,836.0
757400.0,2.0,2.9391,19.304,-0.07695,0.7292,2.6,1.3728,0.0,0.0,128.0,829.0
757441.0,2.0,-2.4789,7.043,-0.04755,0.718,0.8,-0.471,0.0,0.0,128.0,835.0
757481.0,2.0,-1.6153,7.652,-0.01961,0.6864,-0.8,0.331,0.0,0.0,128.0,844.0
757522.0,2.0,-1.0615,9.46,0.00889,0.746,0.375,1.06,0.0,0.0,128.0,802.0
757563.0,2.0,-0.721,6.058,0.03761,0.7069,-2.372,0.9868,0.0,0.0,128.0,873.0
757603.0,2.0,-0.517,-0.602,0.06199,0.4511,-7.772,0.8717,0.0,0.0,128.0,867.0
757644.0,2.0,-0.566,16.934,0.0753,0.223,-5.46,3.3705,0.0,0.0,128.0,886.0
757685.0,2.0,-0.201,14.009,0.08134,0.1193,1.14,2.2226,0.0,0.0,128.0,826.0
757726.0,2.0,-0.0644,-4.396,0.0891,0.2772,2.942,1.1197,0.0,0.0,128.0,789.0
757826.0,3.0,-0.0184,9.081,0.11464,0.2048,2.6,1.521,0.0,0.0,128.0,752.0
757866.0,5.0,0.1381,-2.566,0.12514,0.2852,-1.6,1.731,0.0,0.0,128.0,688.0
757907.0,5.0,0.201,18.328,0.13309,0.0793,-5.595,1.731,0.0,0.0,128.0,649.0
757947.0,6.0,0.3988,3.481,0.13387,-0.0118,-1.5,1.731,0.0,0.0,128.0,733.0
757988.0,6.0,0.2194,-3.811,0.13223,-0.0733,-1.5,1.731,0.0,0.0,128.0,732.0
758030.0,2.0,0.5998,3.202,0.12784,-0.1561,-3.1,0.8893,0.0,0.0,128.0,801.0
758071.0,2.0,0.9848,8.922,0.11809,-0.3575,-5.296,1.0479,0.0,0.0,128.0,852.0
758111.0,2.0,1.3975,12.477,0.09919,-0.6214,-6.87,1.1444,0.0,0.0,128.0,815.0
758152.0,2.0,1.9374,21.236,0.07065,-0.7497,-0.27,2.4739,0.0,0.0,128.0,855.0
758193.0,2.0,2.5326,17.224,0.0399,-0.743,1.2,1.0486,0.0,0.0,128.0,853.0
758233.0,2.0,-2.9345,18.275,0.01076,-0.7402,1.091,1.1357,0.0,0.0,128.0,859.0
758274.0,2.0,-1.7886,26.963,-0.0192,-0.7498,0.0,4.404,0.0,0.0,128.0,839.0
758315.0,2.0,-1.0753,23.039,-0.048,-0.7,2.904,3.8522,0.0,0.0,128.0,876.0
758360.0,2.0,-0.5783,16.14,-0.07523,-0.4626,8.249,2.492,0.0,0.0,128.0,858.0
758400.0,2.0,-0.3896,-0.243,-0.0876,-0.1644,7.158,0.9248,0.0,0.0,128.0,813.0
758441.0,2.0,-0.3421,-0.479,-0.08914,0.0547,2.41,0.9436,0.0,0.0,128.0,803.0
758483.0,3.0,-0.5262,1.595,-0.08539,0.0899,-2.59,0.8808,0.0,0.0,128.0,746.0
758523.0,3.0,-0.4679,0.11,-0.08565,-0.1469,-8.59,0.8926,0.0,0.0,128.0,748.0
758564.0,5.0,-0.4617,1.906,-0.09855,-0.46,-3.99,0.898,0.0,0.0,128.0,694.0
758604.0,5.0,-0.3375,0.064,-0.11753,-0.4556,4.01,0.898,0.0,0.0,128.0,695.0
758645.0,5.0,-0.4541,-1.737,-0.13035,-0.155,7.849,0.898,0.0,0.0,128.0,688.0
758685.0,5.0,-0.474,-2.241,-0.13252,-0.0003,0.317,0.898,0.0,0.0,128.0,695.0
758726.0,6.0,-0.6719,-2.443,-0.13162,0.0535,1.5,0.898,0.0,0.0,128.0,735.0
758766.0,2.0,-0.8636,-8.103,-0.12844,0.1141,2.9,1.0657,0.0,0.0,128.0,817.0
758808.0,2.0,-1.7073,-35.499,-0.12169,0.2432,3.9,7.7908,0.0,0.0,128.0,840.0
758848.0,2.0,-2.301,-34.323,-0.10774,0.518,9.583,6.7621,0.0,0.0,128.0,830.0
758888.0,2.0,3.0833,-12.095,-0.08164,0.7411,1.783,-0.0727,0.0,0.0,128.0,830.0
758929.0,2.0,2.6124,-7.538,-0.0516,0.7258,-3.0,-0.5004,0.0,0.0,128.0,862.0
758970.0,2.0,2.1829,-9.712,-0.02464,0.5799,-5.153,0.0303,0.0,0.0,128.0,852.0
759010.0,2.0,1.8868,-8.099,-0.00686,0.3077,-7.626,0.11,0.0,0.0,128.0,860.0
759053.0,2.0,1.7135,-0.334,0.00071,0.0743,-2.369,-0.1412,0.0,0.0,128.0,843.0
759094.0,2.0,1.669,0.331,0.00229,0.0174,0.101,-0.0978,0.0,0.0,128.0,804.0
759136.0,2.0,1.7395,4.581,0.00308,0.0259,2.019,-0.0393,0.0,0.0,128.0,845.0
759177.0,2.0,1.9574,6.687,0.00623,0.1801,7.419,-0.0995,0.0,0.0,128.0,838.0
759217.0,2.0,2.2979,9.444,0.01961,0.4995,7.212,-0.1087,0.0,0.0,128.0,824.0
759257.0,2.0,2.6875,28.856,0.04444,0.7294,2.261,4.3518,0.0,0.0,128.0,783.0
759299.0,2.0,-3.1124,21.673,0.07436,0.7412,-1.283,1.9699,0.0,0.0,128.0,887.0
759341.0,2.0,-2.1921,17.378,0.10234,0.5895,-6.083,1.3424,0.0,0.0,128.0,887.0
759382.0,2.0,-1.6276,1.198,0.12139,0.2924,-9.144,-0.0503,0.0,0.0,128.0,827.0
759423.0,2.0,-1.4082,-7.019,0.12589,-0.0833,-9.59,0.4645,0.0,0.0,128.0,826.0
759463.0,2.0,-1.4818,-3.338,0.11618,-0.4428,-9.214,0.1587,0.0,0.0,128.0,837.0
759504.0,2.0,-1.534,-2.268,0.09169,-0.7202,-3.357,0.0666,0.0,0.0,128.0,816.0
759544.0,2.0,-1.5723,-14.602,0.06251,-0.7497,0.0,1.3292,0.0,0.0,128.0,802.0
759585.0,2.0,-1.8316,-13.399,0.03281,-0.7222,0.294,0.8653,0.0,0.0,128.0,883.0
759634.0,2.0,-2.4406,-13.094,0.00034,-0.6817,-2.506,0.3125,0.0,0.0,128.0,889.0
759675.0,2.0,-3.1109,-32.358,-0.02839,-0.7189,0.939,5.6173,0.0,0.0,128.0,818.0
759715.0,2.0,2.8716,-7.968,-0.05558,-0.6302,1.365,-0.5601,0.0,0.0,128.0,835.0
759756.0,2.0,2.4605,-17.814,-0.0819,-0.7018,-1.066,1.2408,0.0,0.0,128.0,864.0
759797.0,5.0,2.3792,-2.788,-0.10958,-0.6269,5.534,-0.5835,0.0,0.0,128.0,733.0
759837.0,5.0,2.3746,3.35,-0.12788,-0.2577,10.138,-0.5835,0.0,0.0,128.0,705.0
759878.0,5.0,2.4544,1.888,-0.13234,-0.0124,2.151,-0.5835,0.0,0.0,128.0,703.0
759918.0,6.0,2.459,1.411,-0.13196,0.0354,1.5,-0.5835,0.0,0.0,128.0,749.0
759965.0,2.0,3.0219,8.141,-0.12881,0.1226,4.1,-0.575,0.0,0.0,128.0,897.0
760006.0,2.0,-2.7305,-1.842,-0.11828,0.423,6.9,-0.8902,0.0,0.0,128.0,843.0
760047.0,2.0,-2.3531,19.738,-0.09671,0.6602,4.5,1.7728,0.0,0.0,128.0,869.0
760087.0,2.0,-1.3591,43.21,-0.06863,0.7269,2.7,12.0521,0.0,0.0,128.0,849.0
760129.0,2.0,-1.2103,10.394,-0.03791,0.7499,0.0,1.0465,0.0,0.0,128.0,833.0
760170.0,2.0,-0.9235,15.065,-0.0081,0.7205,-0.664,2.049,0.0,0.0,128.0,846.0
760211.0,2.0,-0.9127,-3.678,0.01995,0.6771,0.201,0.6933,0.0,0.0,128.0,832.0
760254.0,2.0,-1.0216,-6.185,0.04815,0.652,-1.229,0.7596,0.0,0.0,128.0,851.0
760295.0,2.0,-1.1812,-3.441,0.07275,0.5629,-2.554,0.4517,0.0,0.0,128.0,855.0
760336.0,2.0,-1.2686,-5.531,0.09274,0.4211,-3.876,0.4837,0.0,0.0,128.0,822.0
760377.0,2.0,-1.4603,20.986,0.10605,0.2189,-7.258,2.9094,0.0,0.0,128.0,860.0
760422.0,2.0,-2.4682,-12.329,0.11044,0.0169,-3.258,0.1714,0.0,0.0,128.0,833.0
760464.0,2.0,3.0772,-18.759,0.10763,-0.1709,-4.258,1.2274,0.0,0.0,128.0,838.0
760505.0,2.0,2.3945,-14.867,0.09608,-0.4103,-5.858,0.6754,0.0,0.0,128.0,850.0
760546.0,2.0,1.8853,-15.276,0.07451,-0.6851,-5.058,1.1792,0.0,0.0,128.0,840.0
760587.0,2.0,1.4711,-9.053,0.04504,-0.7499,0.0,0.6264,0.0,0.0,128.0,859.0
760628.0,2.0,1.149,-6.32,0.01496,-0.7359,1.516,0.6666,0.0,0.0,128.0,920.0
760673.0,2.0,0.5937,-21.63,-0.01725,-0.7198,0.363,3.7976,0.0,0.0,128.0,887.0
760715.0,2.0,0.2961,-1.38,-0.04376,-0.5327,8.563,0.9689,0.0,0.0,128.0,865.0
760755.0,2.0,0.2976,-4.359,-0.05966,-0.2923,2.896,1.0772,0.0,0.0,128.0,844.0
760797.0,2.0,-0.0782,-8.608,-0.07121,-0.3,-0.083,1.4644,0.0,0.0,128.0,818.0
760837.0,2.0,-0.3958,-5.877,-0.08235,-0.218,5.0,1.1382,0.0,0.0,128.0,806.0
760878.0,2.0,-0.6565,-15.75,-0.08692,0.0022,5.442,2.3523,0.0,0.0,128.0,844.0
760918.0,2.0,-1.0002,-13.185,-0.08325,0.1907,4.994,1.6302,0.0,0.0,128.0,869.0
760958.0,2.0,-1.985,-24.519,-0.07301,0.3353,5.594,3.3678,0.0,0.0,128.0,824.0
760998.0,2.0,-2.936,-30.12,-0.05528,0.5911,7.594,4.7492,0.0,0.0,128.0,799.0
761038.0,2.0,2.6845,-7.124,-0.0282,0.7461,-0.006,-0.5737,0.0,0.0,128.0,874.0
761081.0,2.0,2.1568,-12.367,0.00199,0.6965,-2.282,0.4264,0.0,0.0,128.0,855.0
761122.0,2.0,1.7917,-9.147,0.02719,0.4936,-7.446,0.3188,0.0,0.0,128.0,852.0
761163.0,2.0,1.5539,-3.703,0.04148,0.2622,-2.81,0.1069,0.0,0.0,128.0,859.0
761204.0,2.0,1.445,-1.158,0.05051,0.1683,-3.053,0.1348,0.0,0.0,128.0,838.0
761245.0,2.0,1.4051,4.514,0.0555,0.077,-3.749,0.2895,0.0,0.0,128.0,817.0
761286.0,2.0,1.5723,3.739,0.0555,-0.0944,-4.252,0.0818,0.0,0.0,128.0,823.0
761327.0,2.0,1.804,3.819,0.05029,-0.1203,1.288,-0.1398,0.0,0.0,128.0,888.0
761369.0,2.0,2.3194,10.744,0.04673,-0.0769,0.276,0.0404,0.0,0.0,128.0,843.0
761413.0,2.0,2.867,5.26,0.04481,0.0079,3.069,-0.79,0.0,0.0,128.0,779.0
761454.0,2.0,-2.8501,13.814,0.04676,0.0877,1.749,0.0134,0.0,0.0,128.0,833.0
761494.0,2.0,-1.9727,15.675,0.05081,0.0844,-1.851,1.1707,0.0,0.0,128.0,852.0
761535.0,2.0,-1.3652,21.944,0.05171,-0.0521,-3.962,3.2639,0.0,0.0,128.0,833.0
761576.0,2.0,-1.0738,8.602,0.04781,-0.1412,-3.122,0.9516,0.0,0.0,128.0,845.0
761617.0,2.0,-0.7977,-8.575,0.04099,-0.1762,-1.445,1.1598,0.0,0.0,128.0,845.0
761657.0,2.0,-0.8376,-2.125,0.03203,-0.2769,-1.675,0.6965,0.0,0.0,128.0,799.0
761700.0,2.0,-0.9971,-1.766,0.0195,-0.3376,-1.267,0.5635,0.0,0.0,128.0,860.0
761741.0,2.0,-0.9143,-0.961,0.00375,-0.444,-0.84,0.6151,0.0,0.0,128.0,854.0
761788.0,2.0,-0.9204,-7.245,-0.01575,-0.3909,-0.084,0.933,0.0,0.0,128.0,821.0
761828.0,2.0,-1.2993,-5.828,-0.03158,-0.4225,-0.802,0.4759,0.0,0.0,128.0,839.0
761870.0,2.0,-2.0095,-12.389,-0.04849,-0.4076,-0.202,0.5371,0.0,0.0,128.0,858.0
761912.0,2.0,-2.6676,-14.139,-0.0651,-0.38,-0.247,0.3677,0.0,0.0,128.0,830.0
761955.0,2.0,2.8348,-12.08,-0.0795,-0.2988,2.778,-0.026,0.0,0.0,128.0,853.0
761997.0,2.0,2.393,-11.007,-0.09127,-0.2773,-1.022,0.0418,0.0,0.0,128.0,846.0
762038.0,2.0,2.0479,-6.891,-0.10328,-0.3284,-0.577,-0.1454,0.0,0.0,128.0,817.0
762079.0,2.0,1.8684,-1.093,-0.11678,-0.3105,3.275,-0.285,0.0,0.0,128.0,873.0
762123.0,2.0,1.8423,3.882,-0.12686,-0.1056,8.347,-0.1762,0.0,0.0,128.0,855.0
762164.0,2.0,1.781,4.288,-0.12454,0.2605,11.853,-0.1004,0.0,0.0,128.0,860.0
762205.0,2.0,1.965,5.837,-0.10556,0.6537,6.2,-0.1742,0.0,0.0,128.0,813.0
762247.0,2.0,2.255,8.975,-0.07639,0.7499,0.0,-0.1299,0.0,0.0,128.0,845.0
762288.0,2.0,2.4636,-3.553,-0.04556,0.7443,-1.4,-0.6932,0.0,0.0,128.0,852.0
762328.0,2.0,3.1324,16.846,-0.01643,0.7475,0.2,0.7937,0.0,0.0,128.0,819.0
762369.0,2.0,-2.6799,23.604,0.01294,0.7427,-1.0,2.6308,0.0,0.0,128.0,864.0
762411.0,2.0,-2.0954,11.533,0.04159,0.5745,-6.0,0.3536,0.0,0.0,128.0,863.0
762452.0,2.0,-1.7441,3.214,0.06195,0.4763,0.2,-0.1012,0.0,0.0,128.0,837.0
762497.0,2.0,-1.399,5.142,0.08235,0.4549,-3.122,0.3389,0.0,0.0,128.0,837.0
762538.0,2.0,-1.4097,-12.896,0.09653,0.1909,-7.976,1.1987,0.0,0.0,128.0,842.0
762579.0,2.0,-1.5677,-3.136,0.09889,-0.0885,-7.895,0.0625,0.0,0.0,128.0,854.0
762620.0,2.0,-1.7135,-8.848,0.08925,-0.4329,-10.929,0.3443,0.0,0.0,128.0,830.0
762660.0,2.0,-2.0985,-29.929,0.06532,-0.7211,-3.335,5.1379,0.0,0.0,128.0,854.0
762701.0,2.0,-2.9621,-23.556,0.03566,-0.706,4.065,2.5186,0.0,0.0,128.0,825.0
762741.0,2.0,2.956,13.06,0.0108,-0.5594,4.065,0.0933,0.0,0.0,128.0,845.0
762781.0,2.0,2.6845,-7.538,-0.00844,-0.4596,-1.135,-0.535,0.0,0.0,128.0,852.0
762824.0,2.0,2.2826,1.702,-0.03064,-0.61,-2.935,-0.6357,0.0,0.0,128.0,846.0
762866.0,2.0,2.1844,-2.804,-0.0585,-0.7438,-1.335,-0.5235,0.0,0.0,128.0,841.0
762907.0,2.0,2.1307,0.534,-0.08865,-0.736,2.2,-0.53,0.0,0.0,128.0,864.0
762952.0,2.0,2.2826,5.521,-0.11569,-0.4412,11.0,-0.4658,0.0,0.0,128.0,848.0
762994.0,2.0,2.5449,7.71,-0.12398,0.071,12.0,-0.4563,0.0,0.0,128.0,853.0
763035.0,2.0,2.821,-15.878,-0.11231,0.53,9.2,0.6471,0.0,0.0,128.0,823.0
763077.0,2.0,-2.7274,21.008,-0.08501,0.7439,1.225,1.8824,0.0,0.0,128.0,860.0
763118.0,2.0,-1.8024,8.142,-0.05441,0.7396,-1.175,0.2018,0.0,0.0,128.0,868.0
763159.0,2.0,-1.4542,18.344,-0.02524,0.7499,0.0,2.2561,0.0,0.0,128.0,827.0
763199.0,2.0,-0.8759,2.732,0.00484,0.745,-1.181,0.6912,0.0,0.0,128.0,827.0
763239.0,2.0,-0.7118,-0.643,0.03266,0.6325,-3.981,0.7594,0.0,0.0,128.0,820.0
763283.0,2.0,-0.9373,-2.98,0.05693,0.4753,-4.381,0.6442,0.0,0.0,128.0,873.0
763323.0,2.0,-0.7026,4.849,0.07178,0.2911,-3.069,0.9156,0.0,0.0,128.0,800.0
763364.0,2.0,-0.698,-1.515,0.07965,0.0861,-4.933,0.7794,0.0,0.0,128.0,828.0
763405.0,2.0,-0.8698,-7.328,0.07913,-0.126,-6.145,0.9784,0.0,0.0,128.0,826.0
763446.0,2.0,-1.1305,-1.243,0.06844,-0.4044,-4.7,0.4356,0.0,0.0,128.0,829.0
763487.0,2.0,-1.2257,-1.613,0.04935,-0.5458,-0.792,0.3506,0.0,0.0,128.0,822.0
763527.0,2.0,-1.5524,-24.368,0.02595,-0.6818,-4.792,3.7485,0.0,0.0,128.0,800.0
763572.0,2.0,-2.2979,-45.862,-0.00638,-0.7465,1.0,12.601,0.0,0.0,128.0,824.0
763612.0,2.0,3.0603,-8.632,-0.0339,-0.5833,5.2,-0.525,0.0,0.0,128.0,836.0
763654.0,2.0,2.7105,-2.316,-0.05456,-0.4103,5.2,-0.8764,0.0,0.0,128.0,871.0
763701.0,2.0,2.1813,-15.248,-0.07076,-0.3286,1.652,0.9082,0.0,0.0,128.0,863.0
763742.0,2.0,2.0157,2.236,-0.08336,-0.3315,-0.279,-0.3995,0.0,0.0,128.0,882.0
763787.0,2.0,1.9727,0.168,-0.09758,-0.3051,2.721,-0.3917,0.0,0.0,128.0,826.0
763834.0,2.0,2.0555,4.811,-0.1056,0.0212,8.921,-0.3224,0.0,0.0,128.0,839.0
763874.0,2.0,2.2795,6.197,-0.09608,0.482,10.2,-0.4128,0.0,0.0,128.0,832.0
763914.0,2.0,2.5986,4.221,-0.07147,0.7316,2.6,-0.7463,0.0,0.0,128.0,824.0
763955.0,2.0,3.0388,15.562,-0.0414,0.7498,0.0,0.5345,0.0,0.0,128.0,796.0
763996.0,2.0,-2.7535,2.639,-0.01132,0.7498,0.0,-0.8802,0.0,0.0,128.0,826.0
764038.0,2.0,-2.0801,28.856,0.01834,0.6636,-3.6,4.7995,0.0,0.0,128.0,855.0
764078.0,2.0,-1.6183,12.111,0.04208,0.572,-1.6,0.8958,0.0,0.0,128.0,849.0
764126.0,2.0,-1.2425,0.25,0.06566,0.4244,-4.0,0.3332,0.0,0.0,128.0,858.0
764166.0,2.0,-1.3453,-9.2,0.07766,0.1578,-7.739,0.7452,0.0,0.0,128.0,844.0
764207.0,2.0,-1.5033,-2.752,0.07984,-0.0379,-5.139,0.1122,0.0,0.0,128.0,825.0
764248.0,2.0,-1.5785,-4.216,0.07361,-0.2776,-6.217,0.1006,0.0,0.0,128.0,839.0
764289.0,2.0,-1.9129,-40.196,0.05685,-0.5419,-5.641,9.8414,0.0,0.0,128.0,848.0
764329.0,2.0,-2.7535,-8.105,0.03191,-0.7044,-2.841,-0.514,0.0,0.0,128.0,809.0
764370.0,2.0,2.9452,-11.354,0.00304,-0.7354,1.0,-0.1633,0.0,0.0,128.0,878.0
764411.0,2.0,2.505,1.058,-0.02749,-0.7324,0.2,-0.7965,0.0,0.0,128.0,872.0
764453.0,2.0,2.0755,-12.435,-0.05805,-0.7446,1.0,0.507,0.0,0.0,128.0,851.0
764496.0,5.0,1.8408,-4.553,-0.08884,-0.7486,0.31,-0.1476,0.0,0.0,128.0,729.0
764536.0,5.0,1.7917,4.338,-0.1164,-0.5637,8.51,-0.1476,0.0,0.0,128.0,717.0
764576.0,5.0,1.6966,0.925,-0.13065,-0.1577,7.91,-0.1476,0.0,0.0,128.0,695.0
764617.0,5.0,1.8285,3.27,-0.13283,-0.0007,0.374,-0.1476,0.0,0.0,128.0,666.0
764657.0,6.0,1.9574,1.829,-0.132,0.0525,1.5,-0.1476,0.0,0.0,128.0,741.0
764699.0,2.0,2.3899,12.143,-0.12863,0.1322,4.1,0.1935,0.0,0.0,128.0,974.0
764739.0,2.0,2.8164,6.325,-0.11794,0.4665,10.3,-0.6964,0.0,0.0,128.0,810.0
764780.0,2.0,-2.6599,26.899,-0.09307,0.7306,2.5,3.6998,0.0,0.0,128.0,795.0
764820.0,2.0,-1.896,11.198,-0.06394,0.7278,-0.3,0.4813,0.0,0.0,128.0,846.0
764860.0,2.0,-1.2471,16.932,-0.0357,0.733,1.7,2.146,0.0,0.0,128.0,825.0
764905.0,2.0,-0.7808,10.653,-0.00353,0.747,-0.7,1.435,0.0,0.0,128.0,848.0
764945.0,2.0,-0.5614,-0.527,0.02378,0.5473,-8.1,0.8478,0.0,0.0,128.0,855.0
764986.0,2.0,-0.7409,-1.926,0.04088,0.3006,-6.3,0.7579,0.0,0.0,128.0,829.0
765026.0,2.0,-0.3942,8.312,0.04901,0.1478,-0.3,1.3626,0.0,0.0,128.0,836.0
765068.0,3.0,-0.2071,1.062,0.05685,0.2641,2.031,0.9858,0.0,0.0,128.0,724.0
765108.0,3.0,-0.2132,-4.306,0.0684,0.3246,0.228,1.0946,0.0,0.0,128.0,727.0
765148.0,3.0,-0.52,0.124,0.0792,0.1697,-7.772,0.8679,0.0,0.0,128.0,748.0
765189.0,3.0,-0.4004,2.029,0.07886,-0.1759,-7.172,0.9469,0.0,0.0,128.0,718.0
765229.0,3.0,-0.5369,0.548,0.06491,-0.5731,-9.502,0.8612,0.0,0.0,128.0,733.0
765269.0,3.0,-0.4357,3.083,0.03735,-0.791,-1.86,0.9667,0.0,0.0,128.0,746.0
765310.0,3.0,-0.5216,1.088,0.00533,-0.7997,0.0,0.8745,0.0,0.0,128.0,735.0
765350.0,3.0,-0.5844,-0.763,-0.02599,-0.7997,0.0,0.8377,0.0,0.0,128.0,748.0
765390.0,3.0,-0.6274,-4.616,-0.0573,-0.7997,0.0,0.9442,0.0,0.0,128.0,753.0
765431.0,5.0,-0.6703,4.952,-0.08933,-0.7907,1.8,0.7902,0.0,0.0,128.0,702.0
765472.0,5.0,-0.9296,-20.021,-0.11745,-0.5447,10.0,0.7902,0.0,0.0,128.0,711.0
765513.0,5.0,-1.129,-16.86,-0.13054,-0.1251,6.994,0.7902,0.0,0.0,128.0,668.0
765555.0,6.0,-2.1813,-35.843,-0.13211,0.0019,0.829,0.7902,0.0,0.0,128.0,744.0
765595.0,6.0,-2.8578,-8.777,-0.13091,0.0611,1.5,0.7902,0.0,0.0,128.0,753.0
765636.0,2.0,2.6753,-12.138,-0.12728,0.1346,3.5,0.0443,0.0,0.0,128.0,852.0
765676.0,2.0,2.2473,-10.091,-0.11921,0.2623,1.541,0.0234,0.0,0.0,128.0,839.0
765718.0,2.0,1.9052,-3.236,-0.10751,0.3169,0.581,-0.2575,0.0,0.0,128.0,846.0
765759.0,2.0,1.692,-1.802,-0.09334,0.4255,5.27,-0.0994,0.0,0.0,128.0,825.0
765800.0,2.0,1.5079,-13.823,-0.0717,0.6649,4.457,1.2874,0.0,0.0,128.0,858.0
765841.0,2.0,1.5923,6.583,-0.04249,0.7498,0.0,0.2455,0.0,0.0,128.0,817.0
765881.0,2.0,1.6843,1.92,-0.01245,0.7498,0.0,-0.0916,0.0,0.0,128.0,787.0
765921.0,2.0,1.9528,10.334,0.01699,0.7498,0.0,0.2925,0.0,0.0,128.0,830.0
765962.0,2.0,2.3516,9.826,0.04714,0.7498,0.0,-0.1012,0.0,0.0,128.0,844.0
766004.0,2.0,2.755,21.757,0.07717,0.7382,-1.6,2.0568,0.0,0.0,128.0,866.0
766044.0,5.0,-2.8839,14.66,0.10605,0.6696,-4.6,-0.4038,0.0,0.0,128.0,696.0
766085.0,5.0,-2.3378,13.283,0.12671,0.3241,-11.38,-0.4038,0.0,0.0,128.0,660.0
766125.0,5.0,-1.7825,9.251,0.13283,0.0323,-3.581,-0.4038,0.0,0.0,128.0,682.0
766165.0,6.0,-1.7073,14.186,0.13286,-0.025,-1.5,-0.4038,0.0,0.0,128.0,736.0
766205.0,6.0,-1.6582,-2.763,0.13072,-0.085,-1.5,-0.4038,0.0,0.0,128.0,736.0
766247.0,2.0,-1.6199,-6.148,0.12499,-0.2587,-8.1,0.1875,0.0,0.0,128.0,854.0
766290.0,2.0,-1.9497,-2.09,0.1062,-0.6299,-6.9,-0.3444,0.0,0.0,128.0,820.0
766331.0,2.0,-2.4344,19.317,0.07755,-0.7498,-0.3,1.6093,0.0,0.0,128.0,858.0
766372.0,2.0,-2.8317,-6.21,0.04774,-0.7465,-0.8,-0.7113,0.0,0.0,128.0,816.0
766412.0,2.0,2.7596,-19.265,0.0183,-0.7363,1.584,1.4248,0.0,0.0,128.0,836.0
766455.0,2.0,2.6093,-7.436,-0.01193,-0.6974,-1.016,-0.5082,0.0,0.0,128.0,850.0
766496.0,2.0,2.3623,-8.403,-0.04136,-0.7497,0.0,-0.2596,0.0,0.0,128.0,837.0
766536.0,2.0,2.1568,-4.262,-0.07073,-0.7497,0.0,-0.4321,0.0,0.0,128.0,835.0
766576.0,2.0,2.2365,0.095,-0.09881,-0.6273,5.8,-0.6164,0.0,0.0,128.0,871.0
766626.0,2.0,2.551,14.482,-0.1188,-0.1323,12.0,0.4883,0.0,0.0,128.0,859.0
766666.0,2.0,2.8808,13.95,-0.11464,0.3597,12.0,0.2568,0.0,0.0,128.0,831.0
766707.0,2.0,-2.9054,16.543,-0.09266,0.6963,4.6,0.7616,0.0,0.0,128.0,829.0
766748.0,2.0,-1.9297,22.221,-0.06319,0.7127,-3.6,2.79,0.0,0.0,128.0,859.0
766789.0,2.0,-1.5555,-2.36,-0.03686,0.6305,1.4,0.0482,0.0,0.0,128.0,821.0
766832.0,2.0,-1.1643,3.534,-0.00862,0.7435,1.114,0.4767,0.0,0.0,128.0,828.0
766873.0,2.0,-0.7378,10.828,0.02126,0.7146,-2.581,1.4867,0.0,0.0,128.0,853.0
766914.0,2.0,-0.8437,-7.994,0.04736,0.5853,-3.935,1.0623,0.0,0.0,128.0,874.0
766954.0,2.0,-1.0094,-0.014,0.06803,0.4329,-4.659,0.5318,0.0,0.0,128.0,855.0
766995.0,2.0,-0.9327,-1.5,0.08003,0.1472,-5.872,0.6094,0.0,0.0,128.0,866.0
767036.0,2.0,-1.0723,-5.159,0.08243,-0.0223,-3.743,0.6426,0.0,0.0,128.0,833.0
767078.0,2.0,-1.2287,5.869,0.07886,-0.1515,-3.315,0.4718,0.0,0.0,128.0,816.0
767119.0,2.0,-1.4097,10.368,0.06881,-0.372,-5.031,0.8717,0.0,0.0,128.0,834.0
767160.0,2.0,-2.5495,-15.284,0.05063,-0.5033,-0.431,0.6352,0.0,0.0,128.0,875.0
767201.0,2.0,3.1094,-18.854,0.0285,-0.588,-3.231,1.2479,0.0,0.0,128.0,842.0
767243.0,2.0,2.3945,-12.349,0.00308,-0.6522,-1.631,0.2395,0.0,0.0,128.0,856.0
767284.0,2.0,1.9681,-12.642,-0.02539,-0.7497,-0.231,0.634,0.0,0.0,128.0,840.0
767325.0,2.0,1.5999,-5.752,-0.05539,-0.7249,3.021,0.1866,0.0,0.0,128.0,864.0
767369.0,2.0,1.353,-8.976,-0.0813,-0.4115,9.574,0.7329,0.0,0.0,128.0,864.0
767419.0,2.0,0.9434,3.81,-0.09281,-0.0708,6.057,0.6756,0.0,0.0,128.0,874.0
767459.0,2.0,0.9004,-5.245,-0.09127,0.1839,8.623,0.8,0.0,0.0,128.0,823.0
767500.0,2.0,0.3636,-5.117,-0.07811,0.4265,1.972,1.1011,0.0,0.0,128.0,810.0
767540.0,2.0,0.3835,4.649,-0.06128,0.4426,2.772,1.0622,0.0,0.0,128.0,796.0
767581.0,2.0,0.3099,-5.683,-0.04095,0.5404,-0.937,1.1583,0.0,0.0,128.0,823.0
767622.0,2.0,-0.1488,-14.387,-0.0225,0.3393,-8.589,2.2943,0.0,0.0,128.0,820.0
767662.0,3.0,-0.0046,4.008,-0.01515,0.0229,-4.789,1.1015,0.0,0.0,128.0,721.0
767703.0,3.0,0.043,0.12,-0.0159,-0.0203,1.298,0.9992,0.0,0.0,128.0,724.0
767744.0,3.0,-0.0736,-7.546,-0.01778,-0.1323,-6.702,1.3572,0.0,0.0,128.0,700.0
767784.0,3.0,-0.204,3.523,-0.03045,-0.5405,-9.702,1.0577,0.0,0.0,128.0,748.0
767825.0,3.0,0.0046,3.322,-0.05764,-0.766,-1.502,1.0697,0.0,0.0,128.0,745.0
767865.0,3.0,0.2025,1.11,-0.0867,-0.6625,6.098,0.9874,0.0,0.0,128.0,759.0
767906.0,5.0,0.043,3.055,-0.10999,-0.5562,2.498,1.0034,0.0,0.0,128.0,695.0
767946.0,5.0,0.1365,-3.771,-0.12814,-0.2816,10.613,1.0034,0.0,0.0,128.0,687.0
767987.0,5.0,-0.0291,0.266,-0.13316,-0.0202,2.824,1.0034,0.0,0.0,128.0,661.0
768027.0,6.0,-0.2132,-2.883,-0.13301,0.031,1.5,1.0034,0.0,0.0,128.0,733.0
768067.0,6.0,-0.2853,-0.246,-0.13069,0.091,1.5,1.0034,0.0,0.0,128.0,732.0
768108.0,2.0,-0.4433,-6.718,-0.12529,0.2187,6.3,1.1852,0.0,0.0,128.0,810.0
768148.0,2.0,-0.6029,-7.144,-0.11111,0.5255,7.862,1.1432,0.0,0.0,128.0,803.0
768189.0,2.0,-1.0293,-30.111,-0.08595,0.7284,2.262,6.2208,0.0,0.0,128.0,869.0
768230.0,2.0,-1.6276,16.585,-0.05546,0.7499,0.2,1.692,0.0,0.0,128.0,815.0
768270.0,2.0,-2.7013,-51.819,-0.02606,0.7461,0.8,16.0469,0.0,0.0,128.0,779.0
768311.0,2.0,2.7581,-7.907,0.00386,0.7439,-1.4,-0.5284,0.0,0.0,128.0,834.0
768353.0,2.0,2.1,-9.971,0.03345,0.6776,-3.662,0.133,0.0,0.0,128.0,857.0
768399.0,2.0,1.537,-10.209,0.05978,0.4962,-3.911,0.7033,0.0,0.0,128.0,843.0
768441.0,2.0,1.1674,-7.886,0.07778,0.3426,-4.637,0.7933,0.0,0.0,128.0,848.0
768483.0,2.0,0.9357,-4.163,0.0876,0.1432,-4.587,0.7052,0.0,0.0,128.0,852.0
768523.0,2.0,0.4817,-7.767,0.08854,-0.1438,-7.884,1.2733,0.0,0.0,128.0,831.0
768564.0,2.0,0.6565,5.304,0.07778,-0.392,-5.186,0.967,0.0,0.0,128.0,821.0
768605.0,2.0,0.9143,7.082,0.05783,-0.6218,-6.085,0.9216,0.0,0.0,128.0,834.0
768648.0,2.0,1.3008,11.234,0.02749,-0.7496,0.0,1.0533,0.0,0.0,128.0,819.0
768688.0,2.0,1.7242,11.49,-0.00188,-0.7389,1.997,0.6706,0.0,0.0,128.0,832.0
768728.0,2.0,2.1752,15.916,-0.02768,-0.547,5.597,1.0188,0.0,0.0,128.0,850.0
768774.0,2.0,2.9851,30.775,-0.04796,-0.3438,3.597,4.9938,0.0,0.0,128.0,800.0
768814.0,2.0,-2.37,20.296,-0.06045,-0.3279,-2.403,1.9049,0.0,0.0,128.0,802.0
768856.0,2.0,-1.3438,23.594,-0.07515,-0.4066,-0.603,3.7654,0.0,0.0,128.0,853.0
768898.0,2.0,-0.902,2.354,-0.09034,-0.2591,5.468,0.6538,0.0,0.0,128.0,867.0
768940.0,2.0,-0.5354,10.434,-0.09525,0.0331,8.254,1.5532,0.0,0.0,128.0,803.0
768981.0,2.0,-0.4034,3.223,-0.08801,0.2841,2.258,0.9868,0.0,0.0,128.0,817.0
769021.0,3.0,-0.408,1.514,-0.07582,0.2848,-3.542,0.9324,0.0,0.0,128.0,753.0
769062.0,3.0,-0.5108,7.499,-0.06919,0.0086,-7.742,1.2278,0.0,0.0,128.0,741.0
769103.0,3.0,-0.339,0.651,-0.07313,-0.1947,-5.822,0.9458,0.0,0.0,128.0,714.0
769144.0,5.0,-0.3896,0.126,-0.08666,-0.4992,-5.422,1.3791,0.0,0.0,128.0,692.0
769184.0,5.0,-0.2025,1.022,-0.10883,-0.5493,2.778,1.3791,0.0,0.0,128.0,701.0
769225.0,5.0,-0.1565,1.654,-0.12615,-0.2745,10.378,1.3791,0.0,0.0,128.0,659.0
769265.0,5.0,-0.3237,-6.416,-0.13106,-0.0188,2.586,1.3791,0.0,0.0,128.0,688.0
769305.0,6.0,-0.5645,-9.601,-0.1308,0.0341,1.5,1.3791,0.0,0.0,128.0,713.0
769345.0,2.0,-0.7563,-3.037,-0.12795,0.1493,6.1,0.7837,0.0,0.0,128.0,808.0
769387.0,2.0,-0.8391,-5.022,-0.1176,0.3473,3.542,0.8172,0.0,0.0,128.0,840.0
769429.0,2.0,-1.4097,-31.468,-0.09971,0.5214,2.342,6.3893,0.0,0.0,128.0,840.0
769470.0,2.0,-2.077,-0.153,-0.07598,0.6889,4.542,-0.4878,0.0,0.0,128.0,813.0
769510.0,2.0,-3.0388,-9.997,-0.04658,0.7457,-1.2,-0.3638,0.0,0.0,128.0,821.0
769552.0,2.0,2.482,-18.098,-0.01616,0.7039,-1.6,1.2932,0.0,0.0,128.0,839.0
769593.0,2.0,1.9988,-13.69,0.00941,0.5395,-4.285,0.7822,0.0,0.0,128.0,834.0
769634.0,2.0,1.6091,-8.457,0.02708,0.327,-3.805,0.4235,0.0,0.0,128.0,856.0
769675.0,2.0,1.3637,-4.495,0.03892,0.3063,0.765,0.3387,0.0,0.0,128.0,848.0
769718.0,2.0,0.9894,-20.319,0.05231,0.2893,-3.146,3.1767,0.0,0.0,128.0,836.0
769759.0,2.0,0.9618,7.468,0.0609,0.1254,-5.417,0.9198,0.0,0.0,128.0,840.0
769800.0,2.0,1.149,5.954,0.06131,-0.1397,-7.819,0.6281,0.0,0.0,128.0,858.0
769840.0,2.0,1.4266,7.027,0.04961,-0.456,-7.205,0.4485,0.0,0.0,128.0,830.0
769881.0,2.0,1.7856,9.807,0.02756,-0.5948,0.571,0.3841,0.0,0.0,128.0,856.0
769921.0,2.0,2.2994,14.459,0.00555,-0.5086,2.354,0.6438,0.0,0.0,128.0,864.0
769970.0,2.0,3.1124,19.164,-0.01451,-0.3474,1.222,1.3212,0.0,0.0,128.0,888.0
770011.0,2.0,-2.2918,14.013,-0.02813,-0.3722,-1.778,0.5889,0.0,0.0,128.0,829.0
770052.0,2.0,-1.3008,15.118,-0.04485,-0.4343,0.622,1.7279,0.0,0.0,128.0,864.0
770096.0,2.0,-0.9097,4.245,-0.06214,-0.3421,2.88,0.7316,0.0,0.0,128.0,848.0
770138.0,2.0,-0.6213,6.805,-0.07245,-0.1818,1.48,1.1091,0.0,0.0,128.0,821.0
770178.0,2.0,-0.4694,5.423,-0.07807,-0.1213,-0.32,1.0799,0.0,0.0,128.0,807.0
770218.0,2.0,-0.5737,-16.626,-0.0825,-0.0849,1.474,2.5804,0.0,0.0,128.0,854.0
770259.0,2.0,-0.6121,3.586,-0.08531,-0.0638,-1.419,0.902,0.0,0.0,128.0,828.0
770300.0,2.0,-0.6335,-5.093,-0.09034,-0.201,-2.219,0.9684,0.0,0.0,128.0,837.0
770341.0,2.0,-0.7685,-1.449,-0.09829,-0.1518,2.781,0.7322,0.0,0.0,128.0,815.0
770381.0,2.0,-0.7563,4.029,-0.10043,0.0579,3.391,0.8322,0.0,0.0,128.0,811.0
770422.0,2.0,-1.0339,-10.177,-0.09559,0.1879,2.791,1.1529,0.0,0.0,128.0,832.0
770463.0,2.0,-1.6613,-6.243,-0.0858,0.3029,3.088,0.1475,0.0,0.0,128.0,844.0
770504.0,2.0,-2.3623,-19.587,-0.0699,0.52,8.161,1.7013,0.0,0.0,128.0,865.0
770544.0,2.0,-3.0818,-17.536,-0.04459,0.7333,2.561,0.9443,0.0,0.0,128.0,869.0
770585.0,2.0,2.6139,-20.193,-0.01515,0.6805,-2.439,1.7238,0.0,0.0,128.0,867.0
770629.0,2.0,2.2181,-6.128,0.01076,0.4788,-7.614,-0.3609,0.0,0.0,128.0,865.0
770670.0,2.0,1.8776,-8.75,0.02336,0.1314,-8.818,0.1908,0.0,0.0,128.0,852.0
770713.0,2.0,1.6797,-3.107,0.02145,-0.1955,-4.727,-0.0438,0.0,0.0,128.0,834.0
770754.0,2.0,1.6552,0.362,0.01151,-0.2883,-0.628,-0.0836,0.0,0.0,128.0,831.0
770794.0,2.0,1.7012,3.051,-0.00011,-0.2813,1.627,-0.0743,0.0,0.0,128.0,816.0
770837.0,2.0,1.942,6.68,-0.00911,-0.0977,7.827,-0.0868,0.0,0.0,128.0,846.0
770878.0,2.0,2.2381,6.735,-0.00596,0.2919,11.019,-0.3373,0.0,0.0,128.0,809.0
770918.0,2.0,2.6523,12.786,0.01316,0.657,5.846,0.1409,0.0,0.0,128.0,858.0
770958.0,2.0,-2.9621,0.627,0.04211,0.7397,-0.754,-0.9797,0.0,0.0,128.0,822.0
771001.0,2.0,-2.1123,49.862,0.07099,0.6682,-1.154,15.2329,0.0,0.0,128.0,783.0
771043.0,2.0,-1.3054,7.346,0.09634,0.5094,-3.354,0.6168,0.0,0.0,128.0,870.0
771083.0,2.0,-1.0262,24.202,0.11235,0.2749,-5.835,4.2402,0.0,0.0,128.0,857.0
771124.0,2.0,-1.017,0.913,0.11846,-0.0194,-10.035,0.5345,0.0,0.0,128.0,834.0
771165.0,2.0,-1.149,0.08,0.11138,-0.3501,-9.031,0.4103,0.0,0.0,128.0,854.0
771206.0,2.0,-1.0201,-0.729,0.08936,-0.694,-4.631,0.5267,0.0,0.0,128.0,811.0
771246.0,2.0,-1.0723,-1.486,0.06045,-0.7498,0.0,0.4906,0.0,0.0,128.0,825.0
771287.0,2.0,-1.2026,-10.381,0.0309,-0.7468,-0.2,1.032,0.0,0.0,128.0,864.0
771328.0,2.0,-1.5355,-5.256,0.00026,-0.7401,0.18,0.2056,0.0,0.0,128.0,845.0
771369.0,2.0,-2.2151,-0.563,-0.02858,-0.6765,0.78,-0.6012,0.0,0.0,128.0,855.0
771409.0,2.0,-2.8624,-19.896,-0.0549,-0.6677,0.488,1.5351,0.0,0.0,128.0,857.0
771450.0,2.0,2.7857,-7.471,-0.07935,-0.561,2.488,-0.5823,0.0,0.0,128.0,848.0
771497.0,2.0,2.4789,4.721,-0.10193,-0.3754,5.24,-0.6502,0.0,0.0,128.0,870.0
771547.0,2.0,2.2197,-5.885,-0.114,-0.1182,3.997,-0.3808,0.0,0.0,128.0,863.0
771588.0,2.0,2.1967,0.928,-0.11621,0.0383,6.597,-0.5808,0.0,0.0,128.0,857.0
771628.0,2.0,2.2964,3.149,-0.108,0.4357,11.2,-0.604,0.0,0.0,128.0,826.0
771669.0,2.0,2.5173,7.863,-0.08374,0.7227,3.0,-0.425,0.0,0.0,128.0,838.0
771709.0,2.0,2.7121,6.086,-0.05393,0.7427,1.2,-0.677,0.0,0.0,128.0,808.0
771750.0,2.0,-2.9498,14.78,-0.02381,0.7499,0.0,0.4017,0.0,0.0,128.0,844.0
771790.0,2.0,-2.3991,33.913,0.00555,0.7457,-1.2,6.5554,0.0,0.0,128.0,816.0
771831.0,2.0,-2.0586,18.78,0.03379,0.6432,-3.6,1.7787,0.0,0.0,128.0,841.0
771872.0,2.0,-1.7564,4.841,0.05704,0.5271,-0.422,-0.0292,0.0,0.0,128.0,843.0
771912.0,2.0,-1.3284,17.698,0.07661,0.4354,-3.035,2.2387,0.0,0.0,128.0,855.0
771953.0,2.0,-1.5555,-2.1,0.09082,0.2483,-7.084,0.0408,0.0,0.0,128.0,849.0
771994.0,2.0,-1.7441,-4.106,0.09383,-0.1551,-12.0,-0.094,0.0,0.0,128.0,815.0
772035.0,2.0,-1.9635,-5.873,0.07789,-0.6038,-7.4,-0.1678,0.0,0.0,128.0,820.0
772075.0,2.0,-2.8501,-36.674,0.05055,-0.747,-0.2,7.5297,0.0,0.0,128.0,804.0
772116.0,2.0,2.9974,-8.942,0.02085,-0.7034,2.4,-0.4825,0.0,0.0,128.0,845.0
772157.0,2.0,2.4835,-3.236,-0.00698,-0.686,0.2,-0.7226,0.0,0.0,128.0,862.0
772197.0,2.0,2.3056,-7.404,-0.03465,-0.7328,-2.2,-0.3183,0.0,0.0,128.0,835.0
772237.0,2.0,2.0755,-4.338,-0.06394,-0.7498,0.0,-0.3605,0.0,0.0,128.0,842.0
772279.0,5.0,1.9635,-1.139,-0.09409,-0.7418,1.597,-0.3577,0.0,0.0,128.0,684.0
772319.0,5.0,2.0325,1.668,-0.12041,-0.5042,9.797,-0.3577,0.0,0.0,128.0,716.0
772360.0,5.0,2.1936,6.807,-0.13211,-0.1111,6.582,-0.3577,0.0,0.0,128.0,696.0
772400.0,6.0,2.4789,6.648,-0.13342,0.0019,0.8,-0.3577,0.0,0.0,128.0,810.0
772440.0,6.0,2.8103,17.082,-0.13223,0.061,1.5,-0.3577,0.0,0.0,128.0,719.0
772482.0,2.0,-2.7949,15.958,-0.12855,0.1407,4.1,0.674,0.0,0.0,128.0,828.0
772523.0,2.0,-2.169,16.065,-0.11805,0.409,6.3,1.084,0.0,0.0,128.0,837.0
772563.0,2.0,-1.4895,18.043,-0.09585,0.6963,4.5,2.1596,0.0,0.0,128.0,820.0
772605.0,2.0,-1.0999,15.971,-0.06544,0.7499,0.0,2.0797,0.0,0.0,128.0,830.0
772645.0,2.0,-0.7624,6.562,-0.03604,0.7443,-1.4,1.0009,0.0,0.0,128.0,848.0
772685.0,2.0,-0.6443,-2.209,-0.0096,0.5615,-5.8,0.8293,0.0,0.0,128.0,855.0
772726.0,2.0,-0.7164,7.397,0.00784,0.3015,-4.4,1.1046,0.0,0.0,128.0,840.0
772767.0,2.0,-0.4249,8.645,0.01751,0.2323,2.0,1.3871,0.0,0.0,128.0,816.0
772807.0,2.0,-0.4004,0.295,0.02835,0.2682,-2.114,0.9211,0.0,0.0,128.0,831.0
772850.0,2.0,-0.5415,-9.289,0.03743,0.1513,-4.676,1.3981,0.0,0.0,128.0,806.0
772890.0,2.0,-0.744,7.987,0.03863,-0.0842,-3.951,1.1435,0.0,0.0,128.0,828.0
772930.0,2.0,-0.7317,-4.017,0.03187,-0.2731,-3.104,0.8439,0.0,0.0,128.0,785.0
772971.0,2.0,-0.905,-3.696,0.02018,-0.3026,0.461,0.6998,0.0,0.0,128.0,887.0
773012.0,2.0,-1.2548,-13.876,0.0078,-0.3292,-3.336,1.512,0.0,0.0,128.0,854.0
773052.0,2.0,-1.9282,-25.605,-0.00705,-0.4214,-0.136,3.7667,0.0,0.0,128.0,867.0
773094.0,2.0,-2.5556,-6.274,-0.02456,-0.4476,0.064,-0.5895,0.0,0.0,128.0,867.0
773135.0,2.0,2.9161,-22.424,-0.04267,-0.4332,1.464,2.2084,0.0,0.0,128.0,846.0
773177.0,2.0,2.3608,-0.97,-0.05903,-0.3398,2.059,-0.7012,0.0,0.0,128.0,855.0
773223.0,2.0,1.8945,-9.994,-0.07294,-0.3019,0.487,0.3248,0.0,0.0,128.0,863.0
773264.0,2.0,1.6475,-2.866,-0.08483,-0.2488,4.735,-0.0216,0.0,0.0,128.0,871.0
773305.0,2.0,1.465,-13.605,-0.08981,0.0343,8.031,1.2864,0.0,0.0,128.0,805.0
773346.0,2.0,1.3422,4.666,-0.08246,0.3631,7.3,0.3614,0.0,0.0,128.0,824.0
773386.0,2.0,1.4036,0.756,-0.0642,0.567,4.252,0.1691,0.0,0.0,128.0,810.0
773427.0,2.0,1.4189,-1.554,-0.03866,0.7072,3.822,0.1683,0.0,0.0,128.0,823.0
773467.0,2.0,1.6061,10.579,-0.009,0.7494,0.139,0.6612,0.0,0.0,128.0,826.0
773507.0,2.0,1.9205,6.849,0.02036,0.7498,0.0,-0.0534,0.0,0.0,128.0,841.0
773548.0,2.0,2.3547,13.182,0.0504,0.7362,-1.448,0.3817,0.0,0.0,128.0,852.0
773591.0,2.0,2.9023,7.175,0.08134,0.7382,1.258,-0.6486,0.0,0.0,128.0,831.0
773631.0,5.0,-2.8363,16.101,0.1095,0.6405,-6.342,-0.5382,0.0,0.0,128.0,681.0
773672.0,5.0,-2.0095,23.569,0.1278,0.2493,-9.942,-0.5382,0.0,0.0,128.0,677.0
773712.0,5.0,-1.5923,-4.862,0.13207,0.0128,-2.142,-0.5382,0.0,0.0,128.0,683.0
773752.0,6.0,-1.4634,28.876,0.13166,-0.0371,-1.5,-0.5382,0.0,0.0,128.0,740.0
773796.0,2.0,-1.5892,4.811,0.12874,-0.1226,-4.3,0.1308,0.0,0.0,128.0,835.0
773837.0,2.0,-1.6889,-4.592,0.11944,-0.373,-7.995,0.011,0.0,0.0,128.0,865.0
773878.0,2.0,-1.8101,5.842,0.09697,-0.6994,-4.395,-0.0158,0.0,0.0,128.0,813.0
773919.0,2.0,-2.3363,32.257,0.0681,-0.7227,0.969,5.8986,0.0,0.0,128.0,899.0
773961.0,2.0,-2.7658,-19.772,0.0387,-0.659,1.242,1.534,0.0,0.0,128.0,857.0
774002.0,2.0,2.8241,-13.265,0.01309,-0.6526,-0.758,0.1656,0.0,0.0,128.0,859.0
774042.0,2.0,2.5648,-5.064,-0.01459,-0.7442,-1.358,-0.6739,0.0,0.0,128.0,843.0
774083.0,2.0,2.3516,3.053,-0.04403,-0.7487,0.6,-0.6452,0.0,0.0,128.0,888.0
774123.0,2.0,2.2703,3.349,-0.07384,-0.7419,1.6,-0.5737,0.0,0.0,128.0,869.0
774174.0,2.0,2.2841,2.104,-0.10751,-0.6146,5.172,-0.6281,0.0,0.0,128.0,876.0
774216.0,2.0,2.4881,5.238,-0.12641,-0.2117,12.0,-0.6241,0.0,0.0,128.0,861.0
774257.0,2.0,2.8026,9.79,-0.1257,0.2683,12.0,-0.3406,0.0,0.0,128.0,780.0
774298.0,2.0,-2.9897,19.56,-0.10594,0.6613,5.8,1.433,0.0,0.0,128.0,829.0
774338.0,2.0,-2.1307,18.017,-0.07762,0.7367,-1.541,1.5401,0.0,0.0,128.0,879.0
774379.0,2.0,-1.5018,-4.344,-0.04868,0.7137,1.859,0.1889,0.0,0.0,128.0,813.0
774419.0,2.0,-1.1597,1.044,-0.02018,0.7465,-0.594,0.4085,0.0,0.0,128.0,885.0
774459.0,2.0,-0.7777,-4.241,0.00967,0.7428,-0.499,0.8211,0.0,0.0,128.0,814.0
774501.0,2.0,-0.7517,-3.902,0.03802,0.6577,-1.726,0.8261,0.0,0.0,128.0,830.0
774542.0,2.0,-0.948,0.935,0.06278,0.5232,-4.372,0.5886,0.0,0.0,128.0,895.0
774584.0,2.0,-0.8207,-0.895,0.07931,0.249,-7.163,0.6875,0.0,0.0,128.0,867.0
774626.0,2.0,-0.9388,-5.931,0.08498,0.0287,-5.217,0.8095,0.0,0.0,128.0,829.0
774667.0,2.0,-1.1904,-7.124,0.08194,-0.1748,-4.181,0.6849,0.0,0.0,128.0,833.0
774708.0,2.0,-1.3407,-0.972,0.07268,-0.285,-3.415,0.235,0.0,0.0,128.0,809.0
774749.0,2.0,-1.7717,-25.775,0.05873,-0.4036,-1.148,3.9602,0.0,0.0,128.0,828.0
774790.0,2.0,-2.6292,-14.348,0.04166,-0.4053,1.452,0.4225,0.0,0.0,128.0,874.0
774832.0,2.0,2.9744,-8.362,0.02505,-0.434,-1.499,-0.5428,0.0,0.0,128.0,816.0
774872.0,2.0,2.3685,-23.056,0.00514,-0.6156,-4.108,2.6628,0.0,0.0,128.0,808.0
774917.0,2.0,1.9988,-10.973,-0.02573,-0.7495,0.0,0.3549,0.0,0.0,128.0,861.0
774958.0,2.0,1.5754,-6.987,-0.05561,-0.6945,2.924,0.3112,0.0,0.0,128.0,821.0
775000.0,2.0,1.4297,-4.858,-0.07913,-0.4334,7.825,0.293,0.0,0.0,128.0,883.0
775045.0,2.0,1.1167,1.731,-0.09161,-0.1194,5.567,0.456,0.0,0.0,128.0,863.0
775085.0,2.0,1.0692,-3.168,-0.09131,0.1823,10.588,0.547,0.0,0.0,128.0,833.0
775126.0,2.0,0.6381,-19.984,-0.07688,0.5418,6.377,3.3439,0.0,0.0,128.0,832.0
775170.0,2.0,0.7118,-2.282,-0.04864,0.7288,1.857,0.7913,0.0,0.0,128.0,814.0
775211.0,2.0,0.6872,-0.801,-0.01935,0.7435,-1.343,0.7773,0.0,0.0,128.0,853.0
775251.0,2.0,0.4679,-2.993,0.0072,0.5166,-9.143,0.9504,0.0,0.0,128.0,842.0
775292.0,2.0,0.6918,13.446,0.02246,0.2965,-1.784,1.9048,0.0,0.0,128.0,851.0
775333.0,2.0,1.0247,17.154,0.033,0.2146,-0.584,2.3651,0.0,0.0,128.0,843.0
775373.0,2.0,1.3975,10.425,0.04132,0.1704,-4.225,0.8486,0.0,0.0,128.0,824.0
775414.0,2.0,1.8009,0.616,0.04519,0.0384,-1.596,-0.2251,0.0,0.0,128.0,839.0
775460.0,2.0,2.5786,15.715,0.04485,-0.0668,-1.277,0.7067,0.0,0.0,128.0,857.0
775502.0,2.0,3.1263,12.034,0.04046,-0.1516,-1.061,-0.0847,0.0,0.0,128.0,840.0
775542.0,2.0,-2.0571,56.115,0.03424,-0.1605,-2.061,19.4942,0.0,0.0,128.0,781.0
775583.0,2.0,-1.669,-3.156,0.02565,-0.282,-3.153,-0.0383,0.0,0.0,128.0,839.0
775623.0,2.0,-1.017,6.55,0.01388,-0.2783,-0.153,0.8046,0.0,0.0,128.0,845.0
775665.0,2.0,-0.8299,6.715,0.00206,-0.3078,-1.224,0.9638,0.0,0.0,128.0,844.0
775706.0,2.0,-0.7148,-0.648,-0.01028,-0.3042,1.376,0.7572,0.0,0.0,128.0,847.0
775746.0,2.0,-0.8774,-11.444,-0.02209,-0.3042,-0.477,1.4587,0.0,0.0,128.0,842.0
775789.0,2.0,-0.7639,4.365,-0.0339,-0.2518,0.163,0.8461,0.0,0.0,128.0,855.0
775830.0,2.0,-0.8176,-4.13,-0.04463,-0.2689,2.563,0.7898,0.0,0.0,128.0,879.0
775872.0,2.0,-1.0646,-20.079,-0.05239,-0.1034,2.563,3.0158,0.0,0.0,128.0,892.0
775916.0,2.0,-1.4128,-24.841,-0.0549,-0.0049,1.76,4.0343,0.0,0.0,128.0,849.0
775957.0,2.0,-2.0479,4.337,-0.05336,0.0874,2.36,-0.3432,0.0,0.0,128.0,876.0
775997.0,2.0,-2.9268,-34.193,-0.04669,0.2724,6.56,6.4042,0.0,0.0,128.0,763.0
776038.0,2.0,2.8517,-3.801,-0.03083,0.5564,6.56,-0.8649,0.0,0.0,128.0,812.0
776079.0,2.0,2.5433,1.66,-0.00315,0.7449,1.36,-0.8089,0.0,0.0,128.0,805.0
776120.0,2.0,2.3209,-0.66,0.02569,0.6285,-6.84,-0.6781,0.0,0.0,128.0,871.0
776161.0,2.0,2.1737,-6.688,0.04365,0.2226,-11.44,-0.278,0.0,0.0,128.0,819.0
776203.0,2.0,2.1108,0.243,0.04335,-0.2406,-9.023,-0.5141,0.0,0.0,128.0,854.0
776243.0,2.0,2.1491,3.423,0.02801,-0.5139,-3.423,-0.4736,0.0,0.0,128.0,866.0
776284.0,2.0,2.3224,5.302,0.0069,-0.482,4.777,-0.5089,0.0,0.0,128.0,883.0
776326.0,2.0,2.6185,9.026,-0.00679,-0.1098,10.942,-0.356,0.0,0.0,128.0,829.0
776368.0,2.0,-3.1217,15.069,-0.00304,0.2795,6.242,0.4362,0.0,0.0,128.0,850.0
776409.0,2.0,-2.6845,-0.671,0.01237,0.48,4.389,-0.8942,0.0,0.0,128.0,851.0
776455.0,2.0,-1.5693,6.116,0.03769,0.6237,0.189,0.2499,0.0,0.0,128.0,851.0
776496.0,2.0,-1.172,19.047,0.06262,0.5719,-1.026,2.7185,0.0,0.0,128.0,870.0
776537.0,2.0,-0.7394,12.181,0.08543,0.534,-2.426,1.6846,0.0,0.0,128.0,846.0
776578.0,2.0,-0.6197,-3.194,0.10346,0.3321,-7.337,0.877,0.0,0.0,128.0,823.0
776618.0,2.0,-0.7624,6.978,0.11048,-0.0057,-8.101,1.039,0.0,0.0,128.0,802.0
776658.0,2.0,-0.517,5.942,0.10523,-0.2249,-2.101,1.0958,0.0,0.0,128.0,837.0
776704.0,3.0,-0.4157,-1.013,0.09349,-0.3434,-6.101,0.9213,0.0,0.0,128.0,748.0
776745.0,3.0,-0.6059,-0.177,0.07309,-0.6865,-6.701,0.8222,0.0,0.0,128.0,741.0
776786.0,3.0,-0.4939,0.498,0.04234,-0.7999,0.0,0.882,0.0,0.0,128.0,747.0
776827.0,3.0,-0.5277,-3.167,0.01024,-0.7999,0.0,0.9274,0.0,0.0,128.0,745.0
776867.0,3.0,-0.7133,-5.025,-0.02111,-0.7999,0.0,0.9158,0.0,0.0,128.0,752.0
776908.0,3.0,-0.7194,-4.654,-0.05321,-0.7999,0.0,0.8891,0.0,0.0,128.0,744.0
776948.0,2.0,-0.8544,-1.261,-0.08434,-0.7759,3.0,0.6629,0.0,0.0,128.0,871.0
776991.0,2.0,-1.1643,-11.535,-0.11269,-0.5442,5.803,1.2261,0.0,0.0,128.0,849.0
777032.0,5.0,-1.804,10.012,-0.12986,-0.2553,10.003,3.844,0.0,0.0,128.0,703.0
777072.0,5.0,-2.5541,-25.146,-0.13429,-0.0144,2.21,3.844,0.0,0.0,128.0,699.0
777112.0,6.0,3.0311,-19.635,-0.13391,0.0357,1.5,3.844,0.0,0.0,128.0,737.0
777152.0,6.0,2.5541,-15.759,-0.13136,0.0957,1.5,3.844,0.0,0.0,128.0,748.0
777193.0,2.0,2.1982,-8.768,-0.12694,0.1191,1.137,-0.094,0.0,0.0,128.0,858.0
777234.0,2.0,1.9589,-4.857,-0.12195,0.1329,0.446,-0.2251,0.0,0.0,128.0,824.0
777274.0,2.0,1.8638,-0.041,-0.11543,0.2098,2.935,-0.2887,0.0,0.0,128.0,819.0
777315.0,2.0,1.9006,-4.742,-0.10305,0.4694,6.961,-0.179,0.0,0.0,128.0,817.0
777356.0,2.0,2.0801,4.745,-0.07807,0.726,2.961,-0.3492,0.0,0.0,128.0,832.0
777396.0,2.0,2.2089,-2.559,-0.04871,0.7441,-1.4,-0.5497,0.0,0.0,128.0,847.0
777439.0,2.0,2.7658,15.089,-0.01729,0.7497,0.0,0.503,0.0,0.0,128.0,828.0
777480.0,2.0,-3.1416,5.389,0.01208,0.7497,0.0,-0.8164,0.0,0.0,128.0,809.0
777520.0,2.0,-2.5541,8.606,0.04181,0.7211,0.287,-0.357,0.0,0.0,128.0,833.0
777564.0,2.0,-2.0693,-3.077,0.07279,0.7128,-2.461,-0.4232,0.0,0.0,128.0,852.0
777608.0,2.0,-1.5539,13.192,0.10219,0.6015,-4.661,1.1294,0.0,0.0,128.0,867.0
777648.0,2.0,-1.3852,3.021,0.12146,0.3363,-9.173,0.2451,0.0,0.0,128.0,833.0
777689.0,2.0,-1.4926,-4.82,0.12821,-0.0103,-8.115,0.2212,0.0,0.0,128.0,802.0
777730.0,2.0,-1.5509,-3.402,0.12034,-0.401,-9.148,0.0909,0.0,0.0,128.0,852.0
777771.0,2.0,-1.7472,-8.053,0.09739,-0.7092,-3.869,0.2334,0.0,0.0,128.0,831.0
777814.0,2.0,-2.2304,-13.805,0.06555,-0.7483,-0.669,0.5827,0.0,0.0,128.0,822.0
777855.0,2.0,-2.7857,1.81,0.03649,-0.6683,3.931,-0.914,0.0,0.0,128.0,820.0
777896.0,2.0,3.025,-18.059,0.01324,-0.4785,3.331,1.0704,0.0,0.0,128.0,858.0
777937.0,2.0,2.5142,-19.777,-0.00551,-0.4998,-1.669,1.6752,0.0,0.0,128.0,852.0
777978.0,2.0,2.4436,0.041,-0.02715,-0.5938,-1.874,-0.7673,0.0,0.0,128.0,832.0
778018.0,2.0,2.2688,-6.745,-0.05329,-0.7408,-1.874,-0.35,0.0,0.0,128.0,837.0
778059.0,2.0,2.2534,-0.223,-0.08273,-0.6736,4.857,-0.6312,0.0,0.0,128.0,854.0
778112.0,2.0,2.4605,6.826,-0.10913,-0.2666,12.0,-0.4866,0.0,0.0,128.0,874.0
778152.0,2.0,2.7949,8.089,-0.1104,0.2254,12.0,-0.5297,0.0,0.0,128.0,773.0
778192.0,2.0,-3.0557,29.052,-0.09311,0.63,6.613,4.3408,0.0,0.0,128.0,812.0
778233.0,2.0,-2.1844,27.091,-0.06458,0.7429,-1.187,4.0853,0.0,0.0,128.0,861.0
778274.0,2.0,-1.5478,6.915,-0.03683,0.6444,-0.187,0.3258,0.0,0.0,128.0,838.0
778317.0,2.0,-1.1597,5.889,-0.00881,0.7105,2.144,0.6236,0.0,0.0,128.0,812.0
778358.0,2.0,-0.7716,12.893,0.01995,0.723,1.016,1.7781,0.0,0.0,128.0,836.0
778399.0,2.0,-0.678,-2.587,0.04744,0.6315,-3.832,0.8193,0.0,0.0,128.0,860.0
778440.0,2.0,-0.9863,-11.616,0.06979,0.4614,-5.627,1.3899,0.0,0.0,128.0,856.0
778481.0,2.0,-0.8805,2.924,0.08426,0.2087,-8.497,0.6929,0.0,0.0,128.0,855.0
778523.0,2.0,-0.9557,-6.079,0.08708,-0.0468,-5.339,0.8078,0.0,0.0,128.0,839.0
778563.0,2.0,-1.2088,-5.841,0.08115,-0.2429,-3.278,0.5901,0.0,0.0,128.0,849.0
778604.0,2.0,-1.5524,-21.441,0.06863,-0.4105,-5.951,2.902,0.0,0.0,128.0,833.0
778646.0,2.0,-2.0233,-27.061,0.0486,-0.5435,-1.551,4.1696,0.0,0.0,128.0,831.0
778687.0,2.0,-2.913,-30.435,0.02708,-0.5213,-0.151,4.8749,0.0,0.0,128.0,803.0
778729.0,2.0,2.7105,-24.795,0.00607,-0.5365,0.449,2.936,0.0,0.0,128.0,865.0
778769.0,2.0,2.3209,-6.276,-0.01549,-0.5727,-3.351,-0.4299,0.0,0.0,128.0,832.0
778810.0,2.0,1.8776,-7.72,-0.04024,-0.6969,-3.629,0.0828,0.0,0.0,128.0,829.0
778855.0,2.0,1.649,-4.27,-0.07343,-0.7292,2.747,0.0417,0.0,0.0,128.0,862.0
778898.0,2.0,1.4665,-15.436,-0.09911,-0.4673,7.573,1.6229,0.0,0.0,128.0,863.0
778942.0,2.0,1.4343,2.753,-0.11216,-0.1122,6.663,0.1828,0.0,0.0,128.0,856.0
778983.0,2.0,1.5662,3.407,-0.11115,0.1927,8.839,0.0748,0.0,0.0,128.0,825.0
779023.0,2.0,1.603,9.199,-0.09638,0.5508,8.712,0.4947,0.0,0.0,128.0,826.0
779064.0,2.0,1.8929,7.196,-0.06941,0.7454,0.912,0.0026,0.0,0.0,128.0,823.0
779108.0,2.0,2.1399,3.891,-0.0378,0.7465,-0.2,-0.4421,0.0,0.0,128.0,865.0
779150.0,2.0,2.778,18.55,-0.00619,0.7477,-0.8,1.2335,0.0,0.0,128.0,820.0
779191.0,2.0,-3.0327,25.252,0.02374,0.7442,-1.4,3.0393,0.0,0.0,128.0,803.0
779231.0,2.0,-2.4989,-6.381,0.05134,0.6427,-2.672,-0.5449,0.0,0.0,128.0,843.0
779279.0,2.0,-1.4818,29.591,0.0789,0.4937,-4.272,5.6543,0.0,0.0,128.0,870.0
779320.0,2.0,-1.4113,15.21,0.09514,0.2719,-7.838,1.6337,0.0,0.0,128.0,836.0
779361.0,2.0,-1.3683,1.486,0.1011,0.0214,-6.418,0.216,0.0,0.0,128.0,878.0
779402.0,2.0,-1.4082,-0.559,0.09615,-0.2596,-6.376,0.1628,0.0,0.0,128.0,805.0
779444.0,2.0,-1.491,-1.098,0.08111,-0.4896,-5.518,0.0835,0.0,0.0,128.0,851.0
779485.0,2.0,-1.672,-15.892,0.05715,-0.7056,-4.198,1.4896,0.0,0.0,128.0,823.0
779525.0,2.0,-2.1506,-15.303,0.02756,-0.7396,0.0,0.9173,0.0,0.0,128.0,881.0
779566.0,2.0,-2.8532,2.858,4e-05,-0.6418,2.239,-0.907,0.0,0.0,128.0,860.0
779606.0,2.0,3.0756,-14.579,-0.02408,-0.5494,2.039,0.3465,0.0,0.0,128.0,864.0
779648.0,2.0,2.4958,-19.371,-0.0468,-0.5934,-1.334,1.5879,0.0,0.0,128.0,811.0
779689.0,2.0,2.3899,-1.36,-0.07114,-0.6694,-4.478,-0.718,0.0,0.0,128.0,851.0
779729.0,5.0,2.1813,7.008,-0.09967,-0.6972,3.322,-0.7059,0.0,0.0,128.0,685.0
779770.0,5.0,2.2197,7.816,-0.1224,-0.4004,11.322,-0.7059,0.0,0.0,128.0,675.0
779810.0,5.0,2.3332,4.867,-0.13061,-0.0587,4.723,-0.7059,0.0,0.0,128.0,668.0
779850.0,6.0,2.4206,-10.7,-0.1311,0.0166,1.5,-0.7059,0.0,0.0,128.0,747.0
779892.0,2.0,2.8962,16.231,-0.12919,0.0937,3.9,0.6913,0.0,0.0,128.0,950.0
779932.0,2.0,-2.8179,26.052,-0.12019,0.4114,8.9,3.3493,0.0,0.0,128.0,777.0
779974.0,2.0,-2.4222,20.243,-0.09679,0.7066,4.1,1.8489,0.0,0.0,128.0,789.0
780015.0,2.0,-1.3269,19.903,-0.06769,0.7498,0.0,2.7627,0.0,0.0,128.0,860.0
780055.0,2.0,-1.1428,13.979,-0.03765,0.7499,0.0,1.6641,0.0,0.0,128.0,800.0
780095.0,2.0,-0.7685,10.081,-0.00818,0.7468,-1.0,1.371,0.0,0.0,128.0,864.0
780136.0,2.0,-0.6351,-0.982,0.01856,0.5584,-7.4,0.8113,0.0,0.0,128.0,875.0
780177.0,2.0,-0.8468,5.433,0.03694,0.3704,-4.0,0.8539,0.0,0.0,128.0,894.0
780218.0,2.0,-0.6535,2.05,0.04984,0.2914,-2.2,0.8213,0.0,0.0,128.0,875.0
780258.0,2.0,-0.7041,-3.009,0.05865,0.1455,-3.279,0.8178,0.0,0.0,128.0,837.0
780299.0,2.0,-0.8989,-5.904,0.06176,-0.0046,-4.206,0.837,0.0,0.0,128.0,797.0
780341.0,2.0,-1.2164,-5.733,0.05805,-0.1677,-2.053,0.5501,0.0,0.0,128.0,837.0
780381.0,2.0,-1.2962,-6.351,0.05025,-0.2372,-1.702,0.5191,0.0,0.0,128.0,839.0
780423.0,2.0,-1.8101,-25.481,0.03904,-0.3173,-2.506,3.8522,0.0,0.0,128.0,835.0
780466.0,2.0,-2.8655,-17.98,0.02588,-0.2611,2.894,1.0771,0.0,0.0,128.0,811.0
780506.0,2.0,3.0357,-12.827,0.0168,-0.2109,-0.306,0.0459,0.0,0.0,128.0,846.0
780549.0,2.0,2.3117,-7.492,0.00818,-0.1856,-1.106,-0.3165,0.0,0.0,128.0,834.0
780590.0,2.0,2.0463,-6.264,-0.0018,-0.3688,-7.442,-0.2033,0.0,0.0,128.0,828.0
780631.0,2.0,1.6904,-7.004,-0.02318,-0.6402,-2.866,0.1987,0.0,0.0,128.0,835.0
780671.0,2.0,1.6337,0.713,-0.04853,-0.6091,3.366,-0.0604,0.0,0.0,128.0,843.0
780712.0,2.0,1.5785,2.399,-0.06881,-0.3852,5.714,0.0273,0.0,0.0,128.0,836.0
780758.0,2.0,1.7625,4.779,-0.07935,-0.0169,11.938,-0.0507,0.0,0.0,128.0,863.0
780799.0,2.0,2.0141,9.533,-0.07102,0.4573,10.6,0.1368,0.0,0.0,128.0,807.0
780839.0,2.0,2.3685,11.612,-0.04639,0.7281,2.8,0.1288,0.0,0.0,128.0,829.0
780879.0,2.0,2.6108,-16.045,-0.0171,0.7499,0.0,0.776,0.0,0.0,128.0,830.0
780921.0,2.0,-2.9299,8.968,0.01275,0.7297,1.0,-0.4675,0.0,0.0,128.0,837.0
780962.0,2.0,-2.3363,22.814,0.04234,0.7045,-2.4,2.5952,0.0,0.0,128.0,861.0
781004.0,2.0,-1.7411,12.339,0.0681,0.5059,-7.6,0.8088,0.0,0.0,128.0,878.0
781046.0,2.0,-1.4987,11.157,0.08422,0.262,-7.669,0.8657,0.0,0.0,128.0,875.0
781087.0,2.0,-1.2456,-0.834,0.0894,-0.0338,-8.334,0.3282,0.0,0.0,128.0,830.0
781127.0,2.0,-1.4266,-2.301,0.08115,-0.3733,-6.134,0.1745,0.0,0.0,128.0,802.0
781169.0,2.0,-1.5999,-0.005,0.06195,-0.5783,-5.843,-0.0323,0.0,0.0,128.0,858.0
781209.0,2.0,-1.7595,-14.5,0.03544,-0.7463,-1.054,1.1286,0.0,0.0,128.0,825.0
781252.0,2.0,-2.3424,-23.478,0.0051,-0.7068,2.146,2.7702,0.0,0.0,128.0,892.0
781300.0,2.0,-2.9836,-14.475,-0.02576,-0.6597,-2.012,0.3343,0.0,0.0,128.0,846.0
781341.0,2.0,2.778,4.943,-0.05295,-0.6444,1.188,-0.7819,0.0,0.0,128.0,844.0
781382.0,2.0,2.6062,-6.42,-0.07729,-0.5975,-2.212,-0.5961,0.0,0.0,128.0,860.0
781423.0,5.0,2.2534,-12.916,-0.10313,-0.6481,2.421,-0.3478,0.0,0.0,128.0,709.0
781464.0,5.0,2.1737,-3.496,-0.12461,-0.3873,10.421,-0.3478,0.0,0.0,128.0,688.0
781504.0,5.0,2.3378,2.54,-0.13256,-0.0506,4.423,-0.3478,0.0,0.0,128.0,662.0
781544.0,6.0,2.4958,6.526,-0.13294,0.0161,1.5,-0.3478,0.0,0.0,128.0,726.0
781584.0,6.0,2.7688,15.31,-0.13117,0.0761,1.5,-0.3478,0.0,0.0,128.0,760.0
781625.0,2.0,-3.094,16.942,-0.12649,0.2063,6.7,0.816,0.0,0.0,128.0,826.0
781665.0,2.0,-2.6615,6.199,-0.1134,0.4564,6.9,-0.6381,0.0,0.0,128.0,835.0
781705.0,2.0,-1.9436,14.224,-0.09008,0.7099,3.761,0.9291,0.0,0.0,128.0,830.0
781745.0,2.0,-1.3744,-3.118,-0.06098,0.7454,-0.6,0.2439,0.0,0.0,128.0,845.0
781787.0,2.0,-1.0186,11.715,-0.03011,0.7497,0.0,1.401,0.0,0.0,128.0,828.0
781828.0,2.0,-0.8161,7.311,-0.00019,0.7355,0.425,1.0306,0.0,0.0,128.0,840.0
781869.0,2.0,-0.836,-1.107,0.0288,0.7028,-0.75,0.6779,0.0,0.0,128.0,860.0
781911.0,2.0,-1.0508,-8.588,0.0567,0.6184,-4.243,0.9556,0.0,0.0,128.0,857.0
781953.0,2.0,-1.0538,0.712,0.07901,0.4616,-6.636,0.4973,0.0,0.0,128.0,834.0
781995.0,2.0,-1.1965,-3.437,0.09454,0.2838,-3.776,0.4365,0.0,0.0,128.0,814.0
782036.0,2.0,-1.3438,2.636,0.10226,0.0685,-5.777,0.286,0.0,0.0,128.0,819.0
782078.0,2.0,-2.3332,-15.871,0.1017,-0.0618,-1.577,0.8891,0.0,0.0,128.0,842.0
782119.0,2.0,-3.0235,-13.962,0.0963,-0.2279,-4.977,0.2373,0.0,0.0,128.0,831.0
782160.0,2.0,2.5111,-19.92,0.08318,-0.4251,-4.577,1.7138,0.0,0.0,128.0,856.0
782201.0,2.0,1.9896,-18.433,0.06146,-0.6731,-5.455,1.7564,0.0,0.0,128.0,828.0
782241.0,2.0,1.5555,-6.052,0.03289,-0.7499,0.0,0.2511,0.0,0.0,128.0,823.0
782281.0,2.0,1.2471,-6.504,0.00383,-0.7072,2.92,0.5918,0.0,0.0,128.0,836.0
782324.0,2.0,0.8468,-19.601,-0.0237,-0.6044,0.329,3.104,0.0,0.0,128.0,863.0
782371.0,2.0,0.4372,3.986,-0.04958,-0.4557,4.529,1.0043,0.0,0.0,128.0,857.0
782412.0,2.0,0.3712,-3.807,-0.06431,-0.2989,2.531,1.0242,0.0,0.0,128.0,834.0
782452.0,2.0,0.0982,-9.002,-0.07609,-0.3,0.0,1.5081,0.0,0.0,128.0,760.0
782493.0,2.0,-0.2654,-6.756,-0.08801,-0.2694,3.4,1.2527,0.0,0.0,128.0,825.0
782534.0,2.0,-0.6197,-1.205,-0.09671,-0.1642,4.276,0.8221,0.0,0.0,128.0,858.0
782575.0,2.0,-0.7915,-5.436,-0.09893,0.0813,6.076,0.8793,0.0,0.0,128.0,817.0
782616.0,2.0,-1.379,-2.139,-0.09045,0.3136,3.999,0.2128,0.0,0.0,128.0,887.0
782656.0,2.0,-2.2043,-53.52,-0.07361,0.5853,7.856,17.4755,0.0,0.0,128.0,776.0
782696.0,2.0,-3.0557,-25.959,-0.04669,0.7475,0.656,3.2614,0.0,0.0,128.0,797.0
782737.0,2.0,2.5157,-20.773,-0.01733,0.6879,-1.2,1.9329,0.0,0.0,128.0,858.0
782779.0,2.0,2.0249,-17.762,0.00926,0.5811,-3.411,1.5713,0.0,0.0,128.0,843.0
782819.0,2.0,1.6598,-8.38,0.02891,0.3894,-5.772,0.3633,0.0,0.0,128.0,850.0
782860.0,2.0,1.4005,-4.682,0.04189,0.3114,0.312,0.3123,0.0,0.0,128.0,838.0
782901.0,2.0,1.2364,-12.309,0.05426,0.2625,-2.635,1.2962,0.0,0.0,128.0,813.0
782942.0,2.0,1.0262,7.487,0.06128,0.07,-5.847,0.8669,0.0,0.0,128.0,828.0
782983.0,2.0,1.2441,5.555,0.05981,-0.148,-5.857,0.5119,0.0,0.0,128.0,830.0
783024.0,2.0,1.5324,5.157,0.04793,-0.4344,-4.877,0.2014,0.0,0.0,128.0,841.0
783064.0,2.0,1.9558,11.957,0.02903,-0.5101,0.061,0.5174,0.0,0.0,128.0,892.0
783109.0,2.0,2.4498,9.664,0.00893,-0.3428,7.22,-0.1854,0.0,0.0,128.0,829.0
783155.0,2.0,-3.0296,14.993,-0.00176,-0.1743,2.967,0.4287,0.0,0.0,128.0,865.0
783195.0,2.0,-2.0249,23.095,-0.00851,-0.2039,-2.961,2.9569,0.0,0.0,128.0,837.0
783235.0,2.0,-1.2962,15.556,-0.01969,-0.3488,-1.361,1.81,0.0,0.0,128.0,830.0
783277.0,2.0,-0.8422,3.014,-0.03296,-0.2609,2.239,0.7261,0.0,0.0,128.0,820.0
783318.0,2.0,-0.6381,-0.701,-0.04211,-0.1952,1.542,0.8077,0.0,0.0,128.0,848.0
783358.0,2.0,-0.5031,-1.881,-0.04954,-0.2021,-0.802,0.8985,0.0,0.0,128.0,796.0
783401.0,2.0,-0.7087,-2.015,-0.05749,-0.1683,0.709,0.7819,0.0,0.0,128.0,823.0
783442.0,2.0,-0.6228,2.526,-0.0645,-0.2259,-4.091,0.8531,0.0,0.0,128.0,817.0
783482.0,2.0,-0.6504,-2.064,-0.07624,-0.3111,1.347,0.8231,0.0,0.0,128.0,844.0
783524.0,2.0,-0.8084,0.554,-0.08569,-0.0944,7.193,0.6925,0.0,0.0,128.0,841.0
783565.0,2.0,-0.8912,-4.128,-0.08557,0.0739,2.593,0.7252,0.0,0.0,128.0,803.0
783607.0,2.0,-1.1827,-22.215,-0.07965,0.2359,3.434,3.4758,0.0,0.0,128.0,838.0
783647.0,2.0,-1.9681,-40.776,-0.06795,0.3833,6.434,10.0745,0.0,0.0,128.0,839.0
783687.0,2.0,-2.7673,-23.838,-0.04755,0.6691,5.634,2.6503,0.0,0.0,128.0,771.0
783727.0,2.0,2.9176,-23.835,-0.01901,0.7499,0.0,2.6218,0.0,0.0,128.0,792.0
783769.0,2.0,2.4329,-16.793,0.00994,0.6489,-3.2,1.0355,0.0,0.0,128.0,886.0
783810.0,2.0,2.097,-9.227,0.03131,0.3489,-10.187,0.044,0.0,0.0,128.0,861.0
783850.0,2.0,1.8162,-8.614,0.03686,-0.0941,-9.957,0.2341,0.0,0.0,128.0,826.0
783891.0,2.0,1.6828,0.631,0.027,-0.3645,-3.324,-0.1105,0.0,0.0,128.0,801.0
783932.0,2.0,1.672,0.898,0.01103,-0.4384,-0.129,-0.0966,0.0,0.0,128.0,802.0
783973.0,2.0,1.7748,5.439,-0.00638,-0.3935,3.125,-0.0216,0.0,0.0,128.0,856.0
784016.0,2.0,2.0402,6.362,-0.01864,-0.1283,9.81,-0.2023,0.0,0.0,128.0,843.0
784057.0,2.0,2.4191,11.28,-0.01613,0.2772,9.632,0.0403,0.0,0.0,128.0,856.0
784097.0,2.0,2.8103,7.881,0.0018,0.6355,6.668,-0.5551,0.0,0.0,128.0,797.0
784139.0,2.0,-2.6262,6.918,0.03109,0.7499,0.0,-0.5651,0.0,0.0,128.0,822.0
784181.0,2.0,-1.9297,13.553,0.0603,0.6959,-2.6,0.8242,0.0,0.0,128.0,839.0
784221.0,2.0,-1.2594,-1.842,0.08494,0.5574,-3.647,0.3238,0.0,0.0,128.0,900.0
784261.0,2.0,-0.905,7.598,0.10414,0.3652,-7.737,0.9869,0.0,0.0,128.0,848.0
784302.0,2.0,-0.7747,-0.119,0.11393,0.0974,-8.337,0.7165,0.0,0.0,128.0,802.0
784343.0,2.0,-0.833,2.978,0.11059,-0.2942,-10.899,0.7305,0.0,0.0,128.0,822.0
784384.0,2.0,-0.4755,4.586,0.09214,-0.5756,-2.879,1.0243,0.0,0.0,128.0,860.0
784424.0,2.0,-0.3712,1.238,0.069,-0.5231,4.921,0.9419,0.0,0.0,128.0,843.0
784466.0,2.0,-0.4985,-4.732,0.05212,-0.3475,0.721,1.0173,0.0,0.0,128.0,867.0
784506.0,2.0,-0.7716,-4.138,0.03683,-0.4576,-4.486,0.8214,0.0,0.0,128.0,791.0
784548.0,2.0,-0.7946,0.992,0.01575,-0.5919,-3.381,0.7072,0.0,0.0,128.0,846.0
784591.0,2.0,-0.882,7.104,-0.01016,-0.5664,1.483,0.9597,0.0,0.0,128.0,870.0
784636.0,2.0,-1.1965,3.134,-0.03472,-0.5535,-0.472,0.4332,0.0,0.0,128.0,843.0
784679.0,2.0,-1.9497,4.276,-0.05779,-0.5145,3.558,-0.2423,0.0,0.0,128.0,870.0
784723.0,2.0,-2.9008,-5.133,-0.07582,-0.3078,5.652,-0.8064,0.0,0.0,128.0,844.0
784764.0,2.0,2.8348,-16.287,-0.08422,-0.1119,3.652,0.2632,0.0,0.0,128.0,858.0
784805.0,2.0,2.3378,-8.484,-0.08569,0.0193,1.452,-0.2324,0.0,0.0,128.0,815.0
784845.0,2.0,2.2043,-2.451,-0.08415,0.0354,-2.548,-0.5517,0.0,0.0,128.0,841.0
784886.0,2.0,2.0402,-2.604,-0.08539,-0.1053,-2.794,-0.4067,0.0,0.0,128.0,816.0
784927.0,2.0,2.0126,1.736,-0.09026,-0.1043,2.757,-0.4125,0.0,0.0,128.0,880.0
784967.0,2.0,2.1675,6.925,-0.09008,0.1809,10.957,-0.2644,0.0,0.0,128.0,803.0
785009.0,2.0,2.4406,8.212,-0.0738,0.6107,7.2,-0.3432,0.0,0.0,128.0,845.0
785049.0,2.0,2.6814,20.59,-0.04564,0.7489,0.2,1.7771,0.0,0.0,128.0,828.0
785090.0,2.0,-2.9867,8.828,-0.0159,0.7419,1.4,-0.4939,0.0,0.0,128.0,823.0
785131.0,2.0,-2.5035,13.039,0.01313,0.7059,-1.485,0.2711,0.0,0.0,128.0,874.0
785172.0,2.0,-1.8193,16.471,0.03994,0.5689,-5.885,1.4883,0.0,0.0,128.0,849.0
785212.0,2.0,-1.6613,8.693,0.0585,0.4022,-1.885,0.3962,0.0,0.0,128.0,857.0
785258.0,2.0,-1.3269,-8.738,0.07313,0.2447,-3.597,0.7161,0.0,0.0,128.0,842.0
785299.0,2.0,-1.4895,-4.473,0.08032,0.1117,-4.308,0.2021,0.0,0.0,128.0,859.0
785339.0,2.0,-1.6828,-6.935,0.08018,-0.1641,-9.443,0.1857,0.0,0.0,128.0,862.0
785381.0,2.0,-1.8761,-0.786,0.06529,-0.5833,-8.101,-0.2989,0.0,0.0,128.0,859.0
785421.0,2.0,-2.7336,-49.638,0.03765,-0.7485,-0.301,14.6327,0.0,0.0,128.0,810.0
785464.0,2.0,3.1247,-16.905,0.00705,-0.6991,-0.072,0.8067,0.0,0.0,128.0,833.0
785509.0,2.0,2.4544,-20.813,-0.02404,-0.7267,-0.072,1.9757,0.0,0.0,128.0,887.0
785549.0,2.0,2.3025,-7.444,-0.05295,-0.7363,-2.272,-0.3123,0.0,0.0,128.0,839.0
785590.0,2.0,2.0571,-5.54,-0.08231,-0.7498,0.0,-0.2682,0.0,0.0,128.0,859.0
785630.0,5.0,1.9374,-0.798,-0.11111,-0.6308,6.8,-0.3417,0.0,0.0,128.0,703.0
785670.0,5.0,1.9451,2.584,-0.12874,-0.2313,9.592,-0.3417,0.0,0.0,128.0,687.0
785711.0,5.0,2.1445,5.508,-0.13256,-0.0076,1.597,-0.3417,0.0,0.0,128.0,692.0
785751.0,6.0,2.2657,-4.063,-0.13215,0.0385,1.5,-0.3417,0.0,0.0,128.0,728.0
785798.0,2.0,2.9054,12.493,-0.12874,0.1272,4.1,0.0112,0.0,0.0,128.0,924.0
785838.0,2.0,-2.7228,27.407,-0.11873,0.424,7.3,3.8472,0.0,0.0,128.0,796.0
785879.0,2.0,-2.3761,15.74,-0.0963,0.6835,5.1,0.852,0.0,0.0,128.0,851.0
785919.0,2.0,-1.2747,22.956,-0.06761,0.7498,0.0,3.641,0.0,0.0,128.0,826.0
785960.0,2.0,-0.9863,15.6,-0.03743,0.7498,0.0,2.1045,0.0,0.0,128.0,837.0
786001.0,2.0,-0.5967,11.551,-0.00825,0.7036,-4.2,1.6779,0.0,0.0,128.0,866.0
786042.0,2.0,-0.5507,-2.931,0.01508,0.401,-6.2,0.9045,0.0,0.0,128.0,828.0
786085.0,2.0,-0.5722,9.584,0.02745,0.19,-3.2,1.4308,0.0,0.0,128.0,859.0
786130.0,3.0,-0.2025,-0.859,0.0354,0.2246,1.912,0.9842,0.0,0.0,128.0,764.0
786170.0,3.0,-0.1197,5.298,0.04485,0.2754,3.451,1.1702,0.0,0.0,128.0,709.0
786210.0,3.0,-0.3543,-11.359,0.05858,0.3647,-1.549,1.7533,0.0,0.0,128.0,731.0
786250.0,3.0,-0.4249,3.334,0.06971,0.1608,-5.549,0.9813,0.0,0.0,128.0,740.0
786291.0,3.0,-0.5108,-7.513,0.07196,-0.0895,-9.549,1.2291,0.0,0.0,128.0,709.0
786331.0,3.0,-0.517,-0.622,0.0591,-0.5666,-9.621,0.8718,0.0,0.0,128.0,727.0
786371.0,3.0,-0.4801,3.438,0.03169,-0.789,-2.021,0.9616,0.0,0.0,128.0,742.0
786412.0,3.0,-0.5031,-4.121,-0.00034,-0.7998,0.0,0.9834,0.0,0.0,128.0,746.0
786453.0,3.0,-0.5798,-3.699,-0.03244,-0.7998,0.0,0.923,0.0,0.0,128.0,736.0
786494.0,3.0,-0.5645,-2.524,-0.06454,-0.7998,0.0,0.8851,0.0,0.0,128.0,746.0
786535.0,5.0,-0.6826,-3.517,-0.09645,-0.7656,3.6,0.8872,0.0,0.0,128.0,701.0
786575.0,5.0,-0.9158,-25.265,-0.12169,-0.4576,11.6,0.8872,0.0,0.0,128.0,710.0
786616.0,5.0,-1.1505,-20.041,-0.13159,-0.0764,5.395,0.8872,0.0,0.0,128.0,703.0
786656.0,6.0,-2.1169,-46.229,-0.1323,0.0101,1.5,0.8872,0.0,0.0,128.0,735.0
786696.0,6.0,-2.8731,-8.01,-0.13076,0.0701,1.5,0.8872,0.0,0.0,128.0,741.0
786738.0,2.0,2.6707,-15.537,-0.12623,0.1731,4.7,0.6479,0.0,0.0,128.0,837.0
786778.0,2.0,2.2457,-8.874,-0.11633,0.3168,0.5,-0.1217,0.0,0.0,128.0,816.0
786818.0,2.0,1.8684,-6.835,-0.1026,0.3731,0.693,0.0093,0.0,0.0,128.0,830.0
786864.0,2.0,1.6444,-3.213,-0.08426,0.4732,4.832,-0.0049,0.0,0.0,128.0,837.0
786905.0,2.0,1.4788,-6.025,-0.06075,0.6966,4.226,0.3303,0.0,0.0,128.0,822.0
786945.0,2.0,1.5723,6.995,-0.0318,0.7498,0.0,0.3002,0.0,0.0,128.0,811.0
786986.0,2.0,1.6751,-0.687,-0.00229,0.7496,-0.2,-0.1027,0.0,0.0,128.0,877.0
787027.0,2.0,1.9788,10.668,0.0276,0.7498,0.0,0.3123,0.0,0.0,128.0,858.0
787068.0,2.0,2.3915,11.16,0.05839,0.7498,0.0,0.0479,0.0,0.0,128.0,843.0
787109.0,2.0,2.7688,11.62,0.08843,0.7316,-1.8,-0.0846,0.0,0.0,128.0,833.0
787150.0,5.0,-3.0112,17.454,0.11569,0.5636,-8.0,-0.7474,0.0,0.0,128.0,729.0
787190.0,5.0,-2.3393,11.22,0.13013,0.1636,-8.0,-0.7474,0.0,0.0,128.0,682.0
787231.0,5.0,-2.1138,11.463,0.13245,0.001,-0.414,-0.7474,0.0,0.0,128.0,667.0
787271.0,6.0,-1.537,19.984,0.13159,-0.0524,-1.5,-0.7474,0.0,0.0,128.0,740.0
787311.0,2.0,-1.7917,-0.063,0.12836,-0.1298,-4.1,-0.2223,0.0,0.0,128.0,877.0
787351.0,2.0,-1.8454,-2.694,0.11865,-0.4298,-10.982,-0.2283,0.0,0.0,128.0,858.0
787392.0,2.0,-1.9083,-0.49,0.09473,-0.7211,-3.182,-0.3301,0.0,0.0,128.0,839.0
787433.0,2.0,-2.5035,-33.179,0.06499,-0.7302,0.392,6.1408,0.0,0.0,128.0,850.0
787474.0,2.0,-2.9928,-28.601,0.03716,-0.63,4.581,4.1768,0.0,0.0,128.0,788.0
787515.0,2.0,3.0235,5.676,0.01489,-0.5072,1.981,-0.7909,0.0,0.0,128.0,843.0
787556.0,2.0,2.801,3.134,-0.00304,-0.3621,5.781,-0.8829,0.0,0.0,128.0,838.0
787597.0,2.0,2.7412,0.202,-0.0147,-0.2413,3.781,-0.9206,0.0,0.0,128.0,863.0
787641.0,2.0,2.7382,1.351,-0.02303,-0.1232,5.43,-0.9085,0.0,0.0,128.0,862.0
787681.0,2.0,2.8839,2.975,-0.02153,0.2642,12.0,-0.9118,0.0,0.0,128.0,807.0
787722.0,2.0,-2.9422,14.776,-0.00289,0.6515,6.181,0.4024,0.0,0.0,128.0,840.0
787763.0,2.0,-2.6108,0.108,0.02678,0.7496,-0.2,-0.8603,0.0,0.0,128.0,864.0
787806.0,2.0,-2.0678,12.449,0.05786,0.6876,-4.0,0.5192,0.0,0.0,128.0,859.0
787847.0,2.0,-1.7487,3.711,0.08258,0.5114,-6.2,-0.095,0.0,0.0,128.0,871.0
787888.0,2.0,-1.5769,2.824,0.09859,0.2686,-7.854,0.0476,0.0,0.0,128.0,859.0
787928.0,2.0,-1.6444,-2.892,0.10264,-0.0865,-9.984,-0.0235,0.0,0.0,128.0,789.0
787970.0,2.0,-1.784,-4.711,0.09068,-0.5249,-9.405,-0.0764,0.0,0.0,128.0,855.0
788010.0,2.0,-2.3991,-22.528,0.06442,-0.7383,-1.205,2.4503,0.0,0.0,128.0,830.0
788052.0,2.0,-2.64,-25.352,0.03368,-0.7466,0.894,3.1743,0.0,0.0,128.0,838.0
788093.0,2.0,2.9284,-13.724,0.00581,-0.692,-1.122,0.2168,0.0,0.0,128.0,863.0
788134.0,2.0,2.6661,4.549,-0.02426,-0.7418,1.672,-0.761,0.0,0.0,128.0,852.0
788180.0,2.0,2.3915,-6.106,-0.0564,-0.7493,-0.408,-0.4919,0.0,0.0,128.0,853.0
788221.0,2.0,2.1783,-2.522,-0.08726,-0.7497,0.0,-0.5281,0.0,0.0,128.0,835.0
788261.0,5.0,2.1031,3.259,-0.11464,-0.5857,8.0,-0.5624,0.0,0.0,128.0,716.0
788301.0,5.0,2.2979,3.078,-0.12986,-0.1779,8.391,-0.5624,0.0,0.0,128.0,705.0
788342.0,5.0,2.5372,6.008,-0.13249,-0.0019,0.825,-0.5624,0.0,0.0,128.0,688.0
788382.0,6.0,2.9406,22.424,-0.13178,0.0475,1.5,-0.5624,0.0,0.0,128.0,748.0
788424.0,2.0,-2.8256,22.686,-0.12848,0.1333,3.7,2.3087,0.0,0.0,128.0,829.0
788465.0,2.0,-2.5403,2.712,-0.12101,0.2392,2.3,-0.7795,0.0,0.0,128.0,855.0
788506.0,2.0,-1.8408,2.731,-0.11059,0.2768,1.9,-0.217,0.0,0.0,128.0,810.0
788547.0,2.0,-1.2901,-14.528,-0.09641,0.478,7.357,1.6401,0.0,0.0,128.0,836.0
788588.0,2.0,-1.1643,2.559,-0.07215,0.7154,3.557,0.4357,0.0,0.0,128.0,840.0
788629.0,2.0,-1.0646,2.03,-0.04226,0.7498,0.0,0.5134,0.0,0.0,128.0,845.0
788670.0,2.0,-1.0815,-1.538,-0.01208,0.7498,0.0,0.4852,0.0,0.0,128.0,846.0
788712.0,2.0,-1.2241,-6.28,0.01939,0.749,-0.2,0.5796,0.0,0.0,128.0,844.0
788752.0,2.0,-1.379,-19.901,0.04849,0.7072,-2.8,2.6713,0.0,0.0,128.0,855.0
788795.0,2.0,-1.8055,-18.164,0.0753,0.5692,-2.2,1.839,0.0,0.0,128.0,866.0
788836.0,2.0,-2.6001,-8.866,0.09836,0.5999,-0.208,-0.3649,0.0,0.0,128.0,842.0
788879.0,5.0,2.9406,-18.818,0.12101,0.4529,-5.408,1.6712,0.0,0.0,128.0,779.0
788919.0,5.0,2.4482,-11.412,0.13294,0.1202,-6.808,1.6712,0.0,0.0,128.0,709.0
788960.0,6.0,2.0341,-9.199,0.13444,-0.0021,-0.879,1.6712,0.0,0.0,128.0,775.0
789000.0,6.0,1.6276,-4.648,0.13324,-0.0614,-1.5,1.6712,0.0,0.0,128.0,740.0
789052.0,2.0,1.3913,-0.225,0.1281,-0.1634,-4.5,0.1793,0.0,0.0,128.0,843.0
789094.0,2.0,1.2977,8.416,0.11636,-0.4561,-9.342,0.7088,0.0,0.0,128.0,853.0
789134.0,2.0,1.3146,-4.867,0.0918,-0.7277,-2.742,0.4063,0.0,0.0,128.0,844.0
789175.0,2.0,1.5969,6.217,0.0618,-0.7499,0.0,0.2107,0.0,0.0,128.0,836.0
789215.0,2.0,1.9528,10.862,0.03315,-0.726,2.51,0.3635,0.0,0.0,128.0,881.0
789265.0,2.0,2.5127,21.765,0.00278,-0.4956,3.9,2.1727,0.0,0.0,128.0,882.0
789308.0,2.0,-3.137,-0.373,-0.01575,-0.3484,3.1,-0.9991,0.0,0.0,128.0,836.0
789349.0,2.0,-2.3224,23.266,-0.02771,-0.2345,4.037,2.7511,0.0,0.0,128.0,872.0
789393.0,2.0,-1.3484,0.069,-0.0357,-0.1294,2.931,0.2156,0.0,0.0,128.0,885.0
789435.0,2.0,-0.8253,10.089,-0.03758,0.0582,5.624,1.3279,0.0,0.0,128.0,845.0
789475.0,2.0,-0.4571,5.091,-0.03041,0.2904,3.021,1.0637,0.0,0.0,128.0,837.0
789519.0,3.0,-0.3528,2.772,-0.01755,0.2771,-1.779,0.987,0.0,0.0,128.0,801.0
789559.0,3.0,-0.5093,2.656,-0.00862,0.163,-4.979,0.9177,0.0,0.0,128.0,755.0
789600.0,3.0,-0.2408,7.897,-0.00521,0.0278,-0.379,1.3653,0.0,0.0,128.0,718.0
789640.0,3.0,-0.0061,8.351,-0.00233,0.1767,7.621,1.4408,0.0,0.0,128.0,705.0
789681.0,3.0,-0.0598,-3.882,0.0105,0.4465,3.821,1.0934,0.0,0.0,128.0,733.0
789722.0,3.0,-0.3743,-7.456,0.02918,0.431,-4.379,1.2821,0.0,0.0,128.0,738.0
789763.0,3.0,-0.3804,-0.413,0.04114,0.1416,-7.379,0.9296,0.0,0.0,128.0,746.0
789803.0,3.0,-0.4633,0.001,0.03908,-0.3136,-13.779,0.8946,0.0,0.0,128.0,726.0
789844.0,3.0,-0.3896,3.299,0.01766,-0.7129,-5.807,0.9938,0.0,0.0,128.0,741.0
789885.0,3.0,-0.2915,4.118,-0.01343,-0.7997,0.0,1.065,0.0,0.0,128.0,748.0
789925.0,3.0,-0.339,0.07,-0.04474,-0.7997,0.0,0.9431,0.0,0.0,128.0,748.0
789966.0,3.0,-0.3574,0.215,-0.07684,-0.7997,0.0,0.9371,0.0,0.0,128.0,739.0
790007.0,5.0,-0.4096,-5.177,-0.10766,-0.6807,6.8,0.9516,0.0,0.0,128.0,719.0
790048.0,5.0,-0.4955,-1.762,-0.12716,-0.2712,10.394,0.9516,0.0,0.0,128.0,693.0
790088.0,5.0,-0.517,3.861,-0.132,-0.0152,2.395,0.9516,0.0,0.0,128.0,674.0
790129.0,6.0,-1.0861,-15.378,-0.1317,0.0356,1.5,0.9516,0.0,0.0,128.0,712.0
790174.0,2.0,-1.7073,-37.726,-0.12859,0.1271,4.5,8.8245,0.0,0.0,128.0,828.0
790214.0,2.0,-2.643,-43.471,-0.11816,0.4651,10.5,11.0443,0.0,0.0,128.0,789.0
790256.0,2.0,3.048,-25.289,-0.09278,0.7287,2.9,3.0488,0.0,0.0,128.0,773.0
790296.0,2.0,2.4421,-8.644,-0.06379,0.7171,-1.9,-0.2864,0.0,0.0,128.0,858.0
790337.0,2.0,2.0985,-3.093,-0.03795,0.5594,-4.5,-0.4401,0.0,0.0,128.0,844.0
790379.0,2.0,1.8239,-3.714,-0.01909,0.3409,-5.341,-0.1591,0.0,0.0,128.0,842.0
790423.0,2.0,1.7043,-1.578,-0.00818,0.1889,-1.668,-0.1149,0.0,0.0,128.0,837.0
790463.0,2.0,1.715,2.23,-0.00113,0.2009,2.872,-0.1144,0.0,0.0,128.0,789.0
790505.0,2.0,1.8208,7.578,0.00818,0.2633,2.472,0.1101,0.0,0.0,128.0,828.0
790547.0,2.0,2.12,9.315,0.02287,0.4892,5.973,0.0185,0.0,0.0,128.0,837.0
790587.0,2.0,2.4712,6.392,0.04691,0.722,3.314,-0.5304,0.0,0.0,128.0,830.0
790627.0,2.0,2.8624,12.937,0.07605,0.742,-1.0,0.0928,0.0,0.0,128.0,852.0
790668.0,5.0,-2.6753,40.062,0.10463,0.6676,-3.45,-0.1169,0.0,0.0,128.0,726.0
790709.0,5.0,-2.2611,12.025,0.12645,0.354,-11.65,-0.1169,0.0,0.0,128.0,674.0
790750.0,5.0,-1.8699,-8.646,0.13335,0.0419,-3.9,-0.1169,0.0,0.0,128.0,696.0
790790.0,6.0,-1.5969,11.053,0.13354,-0.0219,-1.5,-0.1169,0.0,0.0,128.0,740.0
790830.0,6.0,-1.5064,-8.413,0.13155,-0.0819,-1.5,-0.1169,0.0,0.0,128.0,740.0
790871.0,2.0,-1.557,8.17,0.12668,-0.2034,-6.3,0.4451,0.0,0.0,128.0,852.0
790912.0,2.0,-1.9773,-15.462,0.11242,-0.5377,-9.052,1.0998,0.0,0.0,128.0,852.0
790954.0,2.0,-2.4697,10.157,0.0858,-0.7426,-1.652,-0.1293,0.0,0.0,128.0,812.0
790995.0,2.0,-2.8885,-15.08,0.05554,-0.7121,0.748,0.4651,0.0,0.0,128.0,845.0
791038.0,2.0,2.7059,-5.416,0.02543,-0.7493,-0.052,-0.7164,0.0,0.0,128.0,842.0
791079.0,2.0,2.4743,-10.064,-0.00544,-0.7498,0.0,-0.14,0.0,0.0,128.0,843.0
791119.0,2.0,2.1537,-7.439,-0.03488,-0.7498,0.0,-0.1962,0.0,0.0,128.0,829.0
791159.0,2.0,2.0571,1.648,-0.06424,-0.7484,0.4,-0.4498,0.0,0.0,128.0,854.0
791204.0,2.0,2.1353,5.917,-0.09413,-0.5386,8.6,-0.3195,0.0,0.0,128.0,857.0
791248.0,2.0,2.347,5.756,-0.10744,-0.0386,12.0,-0.4964,0.0,0.0,128.0,851.0
791292.0,2.0,2.6661,6.286,-0.09863,0.4702,10.4,-0.6445,0.0,0.0,128.0,840.0
791332.0,2.0,-2.9729,26.271,-0.07373,0.7244,2.2,3.3818,0.0,0.0,128.0,803.0
791373.0,2.0,-2.4298,21.743,-0.04384,0.7496,-0.2,2.2421,0.0,0.0,128.0,871.0
791414.0,2.0,-1.8807,15.986,-0.01504,0.6773,-1.47,1.3257,0.0,0.0,128.0,845.0
791455.0,2.0,-1.0845,15.414,0.01035,0.653,2.93,1.9864,0.0,0.0,128.0,845.0
791495.0,2.0,-1.0554,5.899,0.03709,0.6324,-4.18,0.7179,0.0,0.0,128.0,846.0
791535.0,2.0,-1.0308,0.381,0.05854,0.4631,-2.977,0.5138,0.0,0.0,128.0,824.0
791582.0,2.0,-1.1275,3.356,0.07658,0.3132,-5.814,0.5021,0.0,0.0,128.0,870.0
791623.0,2.0,-1.1213,-2.829,0.08303,0.0032,-5.347,0.4832,0.0,0.0,128.0,831.0
791663.0,2.0,-1.2563,-3.325,0.08036,-0.1309,-2.761,0.3769,0.0,0.0,128.0,853.0
791704.0,2.0,-1.5447,-30.021,0.07234,-0.3041,-5.875,5.6958,0.0,0.0,128.0,823.0
791745.0,2.0,-2.1031,-21.651,0.05723,-0.4535,-3.075,2.438,0.0,0.0,128.0,852.0
791786.0,2.0,-2.9376,-20.832,0.03746,-0.5153,-1.12,1.7587,0.0,0.0,128.0,822.0
791827.0,2.0,2.6799,-9.175,0.01459,-0.6285,-2.717,-0.358,0.0,0.0,128.0,845.0
791868.0,2.0,2.1936,-15.078,-0.01331,-0.7473,-0.517,0.8693,0.0,0.0,128.0,838.0
791909.0,2.0,1.7871,-9.164,-0.04339,-0.7498,0.0,0.3245,0.0,0.0,128.0,807.0
791949.0,2.0,1.5309,-5.248,-0.07219,-0.6727,5.456,0.22,0.0,0.0,128.0,851.0
791991.0,2.0,1.1612,-15.549,-0.0936,-0.342,6.735,1.9449,0.0,0.0,128.0,870.0
792033.0,2.0,1.1152,1.856,-0.10084,0.0004,5.998,0.4598,0.0,0.0,128.0,850.0
792073.0,2.0,1.0738,-3.427,-0.09615,0.2947,10.972,0.5537,0.0,0.0,128.0,847.0
792114.0,2.0,0.6581,-1.723,-0.07695,0.6318,4.553,0.8108,0.0,0.0,128.0,801.0
792155.0,2.0,0.7486,0.19,-0.04879,0.7491,0.353,0.7318,0.0,0.0,128.0,811.0
792195.0,2.0,0.7286,-2.731,-0.01965,0.714,-2.8,0.7944,0.0,0.0,128.0,852.0
792235.0,2.0,0.6949,8.715,0.00428,0.456,-7.2,1.2404,0.0,0.0,128.0,861.0
792275.0,2.0,0.879,11.585,0.0177,0.2619,-1.428,1.4757,0.0,0.0,128.0,824.0
792316.0,2.0,1.31,12.465,0.02745,0.2202,-0.754,1.2267,0.0,0.0,128.0,900.0
792361.0,2.0,1.7871,4.37,0.03506,0.1234,0.163,-0.1007,0.0,0.0,128.0,836.0
792403.0,2.0,2.4191,15.146,0.0399,0.0773,-2.601,0.6894,0.0,0.0,128.0,864.0
792444.0,2.0,2.9897,14.269,0.04215,0.0479,-0.372,0.2961,0.0,0.0,128.0,799.0
792484.0,2.0,-2.3945,39.911,0.04283,-0.0378,-3.625,9.3598,0.0,0.0,128.0,775.0
792526.0,2.0,-1.7395,8.571,0.03731,-0.2691,-6.952,0.3022,0.0,0.0,128.0,852.0
792571.0,2.0,-1.2103,6.065,0.01957,-0.4988,-4.33,0.5883,0.0,0.0,128.0,860.0
792611.0,2.0,-1.0247,2.758,-0.0021,-0.5954,-2.088,0.5695,0.0,0.0,128.0,846.0
792651.0,2.0,-0.925,-6.734,-0.0261,-0.6092,1.937,0.8834,0.0,0.0,128.0,843.0
792695.0,2.0,-1.0078,-5.241,-0.04935,-0.4246,6.48,0.7037,0.0,0.0,128.0,865.0
792741.0,2.0,-0.9465,3.039,-0.06259,-0.1937,2.602,0.6442,0.0,0.0,128.0,864.0
792783.0,2.0,-1.1551,-7.378,-0.06788,-0.0575,3.411,0.7356,0.0,0.0,128.0,839.0
792826.0,2.0,-1.8791,-17.835,-0.06728,0.0782,3.011,1.69,0.0,0.0,128.0,827.0
792867.0,2.0,-2.3669,-6.497,-0.06064,0.2823,6.411,-0.4554,0.0,0.0,128.0,804.0
792908.0,2.0,-2.9744,-9.667,-0.04519,0.5283,7.611,-0.3979,0.0,0.0,128.0,818.0
792948.0,2.0,2.9637,2.917,-0.0207,0.6812,0.811,-0.9306,0.0,0.0,128.0,814.0
792989.0,2.0,2.6691,5.235,0.00758,0.6895,1.211,-0.7217,0.0,0.0,128.0,833.0
793031.0,2.0,2.4866,-6.567,0.03533,0.5929,-6.389,-0.5161,0.0,0.0,128.0,852.0
793071.0,2.0,2.2503,2.51,0.05186,0.1981,-11.4,-0.5878,0.0,0.0,128.0,838.0
793112.0,2.0,2.2872,-0.746,0.05265,-0.1443,-6.6,-0.6529,0.0,0.0,128.0,839.0
793153.0,2.0,2.2918,3.406,0.04058,-0.4553,-6.2,-0.59,0.0,0.0,128.0,851.0
793193.0,2.0,2.3562,3.025,0.01935,-0.5897,0.2,-0.6511,0.0,0.0,128.0,896.0
793240.0,2.0,2.6369,4.665,-0.00428,-0.3547,9.6,-0.7399,0.0,0.0,128.0,863.0
793282.0,2.0,3.1293,14.709,-0.01028,0.0673,9.159,0.2217,0.0,0.0,128.0,829.0
793323.0,2.0,-2.5694,20.659,0.00026,0.4692,7.974,1.8686,0.0,0.0,128.0,817.0
793365.0,2.0,-1.5907,20.57,0.02445,0.6369,0.174,2.6743,0.0,0.0,128.0,818.0
793405.0,2.0,-1.0615,17.446,0.0495,0.6341,0.722,2.426,0.0,0.0,128.0,846.0
793447.0,2.0,-0.7194,10.446,0.07496,0.5707,-1.942,1.449,0.0,0.0,128.0,842.0
793488.0,2.0,-0.5461,0.28,0.09401,0.3602,-6.158,0.8555,0.0,0.0,128.0,891.0
793533.0,3.0,-0.6197,10.309,0.10324,0.0091,-8.229,1.4857,0.0,0.0,128.0,781.0
793574.0,3.0,-0.3758,6.781,0.09758,-0.2569,-2.829,1.2208,0.0,0.0,128.0,724.0
793614.0,3.0,-0.158,5.29,0.08599,-0.2964,2.371,1.1644,0.0,0.0,128.0,767.0
793655.0,3.0,-0.0169,2.419,0.07796,-0.063,6.971,1.0368,0.0,0.0,128.0,719.0
793696.0,3.0,-0.0077,-4.426,0.0825,0.3138,7.997,1.1238,0.0,0.0,128.0,723.0
793736.0,3.0,-0.273,-12.828,0.09877,0.4697,-0.003,2.0029,0.0,0.0,128.0,745.0
793777.0,3.0,-0.4556,-3.902,0.11539,0.2974,-8.203,0.9942,0.0,0.0,128.0,725.0
793818.0,3.0,-0.5492,-4.113,0.11921,-0.1644,-15.003,0.9599,0.0,0.0,128.0,704.0
793858.0,3.0,-0.5875,1.266,0.10223,-0.6447,-7.829,0.8425,0.0,0.0,128.0,733.0
793898.0,3.0,-0.6151,-0.9,0.07313,-0.7986,-0.229,0.8218,0.0,0.0,128.0,746.0
793938.0,3.0,-0.6811,-0.459,0.04181,-0.7998,0.0,0.7782,0.0,0.0,128.0,744.0
793979.0,3.0,-0.6811,0.067,0.00971,-0.7998,0.0,0.7769,0.0,0.0,128.0,741.0
794020.0,2.0,-0.8007,3.224,-0.02231,-0.7888,2.0,0.7613,0.0,0.0,128.0,887.0
794062.0,2.0,-1.0615,-34.491,-0.05265,-0.6827,2.278,7.9837,0.0,0.0,128.0,884.0
794107.0,2.0,-1.9589,-31.295,-0.08032,-0.5644,3.678,5.7749,0.0,0.0,128.0,859.0
794148.0,2.0,-2.6523,-28.795,-0.09956,-0.3646,7.078,4.3437,0.0,0.0,128.0,794.0
794189.0,2.0,3.117,1.463,-0.1089,-0.095,7.278,-0.9862,0.0,0.0,128.0,870.0
794229.0,2.0,2.6338,-18.188,-0.10826,0.1109,3.478,1.2239,0.0,0.0,128.0,865.0
794270.0,2.0,2.3838,-0.654,-0.10118,0.1884,-0.822,-0.7217,0.0,0.0,128.0,867.0
794310.0,2.0,2.2273,-4.072,-0.09529,0.075,-3.938,-0.501,0.0,0.0,128.0,832.0
794351.0,2.0,2.1414,0.083,-0.09503,-0.0501,-0.916,-0.5403,0.0,0.0,128.0,839.0
794391.0,2.0,2.1829,1.083,-0.09559,0.0846,7.284,-0.5678,0.0,0.0,128.0,812.0
794431.0,2.0,2.4176,4.28,-0.0849,0.4981,9.8,-0.6356,0.0,0.0,128.0,854.0
794475.0,2.0,2.7934,9.951,-0.05775,0.7407,1.6,-0.317,0.0,0.0,128.0,783.0
794515.0,2.0,-3.1263,14.729,-0.02782,0.7454,1.0,0.3718,0.0,0.0,128.0,832.0
794555.0,2.0,-2.5127,6.468,0.00131,0.7494,0.2,-0.5398,0.0,0.0,128.0,836.0
794596.0,2.0,-1.9098,3.659,0.03041,0.712,-1.2,-0.2428,0.0,0.0,128.0,854.0
794637.0,2.0,-1.4803,22.446,0.05955,0.7318,-0.544,3.2941,0.0,0.0,128.0,887.0
794679.0,2.0,-1.2088,31.442,0.08824,0.5854,-4.501,6.6303,0.0,0.0,128.0,892.0
794721.0,2.0,-1.2471,-8.419,0.10819,0.3666,-6.876,0.7615,0.0,0.0,128.0,829.0
794764.0,2.0,-1.5432,-4.591,0.11753,0.059,-8.704,0.1561,0.0,0.0,128.0,826.0
794804.0,2.0,-1.6935,-7.725,0.11231,-0.357,-12.0,0.2462,0.0,0.0,128.0,814.0
794844.0,2.0,-1.9957,13.2,0.09098,-0.6942,-4.625,0.7061,0.0,0.0,128.0,830.0
794886.0,2.0,-2.8501,-24.098,0.06135,-0.7269,2.775,2.7063,0.0,0.0,128.0,840.0
794926.0,2.0,2.7811,-11.216,0.03555,-0.5421,4.975,-0.1355,0.0,0.0,128.0,859.0
794969.0,2.0,2.5771,-8.671,0.01665,-0.3878,-0.025,-0.3642,0.0,0.0,128.0,833.0
795013.0,2.0,2.1905,-3.972,-0.00259,-0.5586,-7.343,-0.4759,0.0,0.0,128.0,857.0
795053.0,2.0,2.1368,0.11,-0.02891,-0.7447,-1.343,-0.5356,0.0,0.0,128.0,835.0
795094.0,2.0,2.0831,-0.481,-0.05895,-0.7325,1.6,-0.487,0.0,0.0,128.0,871.0
795139.0,2.0,2.2181,4.421,-0.08681,-0.4535,10.6,-0.4825,0.0,0.0,128.0,834.0
795184.0,2.0,2.5157,6.723,-0.09563,0.0823,12.0,-0.5288,0.0,0.0,128.0,828.0
795224.0,2.0,2.8793,24.511,-0.08344,0.5381,9.0,2.8248,0.0,0.0,128.0,803.0
795266.0,2.0,-2.4927,22.76,-0.05621,0.7355,0.6,2.4921,0.0,0.0,128.0,822.0
795308.0,2.0,-1.827,5.958,-0.02666,0.6881,-1.0,-0.0219,0.0,0.0,128.0,850.0
795348.0,2.0,-1.3683,13.617,0.00116,0.7462,0.813,1.3893,0.0,0.0,128.0,845.0
795389.0,2.0,-0.8851,9.95,0.03124,0.7334,-1.045,1.2662,0.0,0.0,128.0,817.0
795429.0,2.0,-0.7378,3.08,0.05775,0.5805,-4.794,0.8022,0.0,0.0,128.0,851.0
795471.0,2.0,-0.882,8.047,0.07781,0.3777,-5.915,1.0476,0.0,0.0,128.0,870.0
795514.0,2.0,-0.7118,2.861,0.08914,0.1489,-6.594,0.8116,0.0,0.0,128.0,834.0
795554.0,2.0,-0.7164,-2.161,0.08884,-0.1853,-6.994,0.7826,0.0,0.0,128.0,841.0
795596.0,2.0,-0.8836,-0.848,0.07627,-0.4366,-4.636,0.6376,0.0,0.0,128.0,830.0
795636.0,2.0,-0.8529,-3.733,0.05438,-0.6818,-3.906,0.7423,0.0,0.0,128.0,860.0
795676.0,2.0,-1.0247,-6.378,0.02554,-0.7359,0.043,0.7736,0.0,0.0,128.0,843.0
795718.0,2.0,-1.0983,-2.527,-0.00442,-0.7027,1.643,0.495,0.0,0.0,128.0,831.0
795759.0,2.0,-1.4588,-9.024,-0.03142,-0.6816,0.652,0.8408,0.0,0.0,128.0,864.0
795810.0,2.0,-2.5234,-37.576,-0.06259,-0.4871,5.652,8.0888,0.0,0.0,128.0,799.0
795853.0,2.0,-3.0158,-16.846,-0.07819,-0.2489,5.452,0.8,0.0,0.0,128.0,865.0
795894.0,2.0,2.801,3.325,-0.08325,0.0249,8.052,-0.8745,0.0,0.0,128.0,803.0
795935.0,2.0,2.5909,-3.846,-0.07766,0.2145,0.852,-0.7572,0.0,0.0,128.0,854.0
795975.0,2.0,2.439,-3.263,-0.07057,0.0773,-7.348,-0.6936,0.0,0.0,128.0,818.0
796019.0,2.0,2.2381,-1.734,-0.0735,-0.2032,-5.669,-0.5974,0.0,0.0,128.0,831.0
796059.0,2.0,2.3853,3.179,-0.0837,-0.266,2.331,-0.6653,0.0,0.0,128.0,893.0
796103.0,2.0,2.5832,8.157,-0.09034,0.0459,11.331,-0.4316,0.0,0.0,128.0,821.0
796144.0,2.0,2.9452,10.465,-0.07913,0.5189,9.4,-0.2908,0.0,0.0,128.0,825.0
796184.0,2.0,-2.8179,37.371,-0.05363,0.7393,1.897,7.8888,0.0,0.0,128.0,802.0
796226.0,2.0,-2.1568,22.913,-0.02306,0.7156,-3.6,2.7837,0.0,0.0,128.0,851.0
796267.0,2.0,-1.626,-28.577,0.00379,0.6438,-0.2,5.075,0.0,0.0,128.0,881.0
796312.0,2.0,-1.2885,6.456,0.03064,0.5415,-3.606,0.5493,0.0,0.0,128.0,864.0
796354.0,2.0,-1.175,-6.271,0.04826,0.2938,-5.433,0.6294,0.0,0.0,128.0,860.0
796395.0,2.0,-1.2931,-3.196,0.0573,0.1912,-0.884,0.336,0.0,0.0,128.0,832.0
796435.0,2.0,-1.3131,-1.383,0.06315,0.0653,-4.179,0.2635,0.0,0.0,128.0,859.0
796476.0,2.0,-1.3606,1.095,0.06323,-0.0726,-4.849,0.2155,0.0,0.0,128.0,816.0
796517.0,2.0,-1.6567,-32.723,0.0564,-0.2485,-2.849,6.6191,0.0,0.0,128.0,852.0
796558.0,2.0,-2.5403,-4.037,0.04515,-0.2895,-0.249,-0.7257,0.0,0.0,128.0,800.0
796599.0,2.0,-3.0664,-11.916,0.03281,-0.3519,-3.449,-0.1002,0.0,0.0,128.0,811.0
796639.0,2.0,2.6062,-12.25,0.01579,-0.5051,-5.624,0.094,0.0,0.0,128.0,860.0
796681.0,2.0,2.1307,-10.215,-0.00859,-0.7131,-3.824,0.1345,0.0,0.0,128.0,857.0
796721.0,2.0,1.7825,-7.563,-0.03833,-0.7499,0.0,0.1588,0.0,0.0,128.0,828.0
796761.0,2.0,1.5723,-4.766,-0.06731,-0.6942,4.48,0.1469,0.0,0.0,128.0,848.0
796801.0,2.0,1.3453,-19.251,-0.08989,-0.4161,7.728,2.5826,0.0,0.0,128.0,869.0
796849.0,2.0,1.3591,3.652,-0.10024,-0.0386,5.125,0.2902,0.0,0.0,128.0,876.0
796889.0,2.0,1.4082,0.523,-0.0972,0.2178,7.191,0.1634,0.0,0.0,128.0,810.0
796929.0,2.0,1.3837,4.191,-0.0831,0.5167,7.64,0.2936,0.0,0.0,128.0,809.0
796970.0,2.0,1.6521,8.155,-0.05873,0.7092,3.677,0.331,0.0,0.0,128.0,804.0
797010.0,2.0,1.9067,6.231,-0.02963,0.7497,0.0,-0.0896,0.0,0.0,128.0,845.0
797050.0,2.0,2.281,16.756,0.00049,0.7477,-0.8,1.1093,0.0,0.0,128.0,863.0
797091.0,2.0,2.6998,3.22,0.03053,0.7497,0.0,-0.84,0.0,0.0,128.0,838.0
797132.0,2.0,-2.9406,10.026,0.05914,0.696,-0.955,-0.3427,0.0,0.0,128.0,856.0
797173.0,2.0,-2.3317,14.706,0.08663,0.6321,-0.955,0.6876,0.0,0.0,128.0,836.0
797216.0,2.0,-1.4266,7.297,0.11018,0.4449,-5.331,0.4897,0.0,0.0,128.0,857.0
797258.0,2.0,-1.241,2.953,0.12218,0.113,-9.773,0.3798,0.0,0.0,128.0,832.0
797299.0,2.0,-1.3591,-1.019,0.11963,-0.245,-8.357,0.2592,0.0,0.0,128.0,837.0
797340.0,2.0,-1.3775,0.268,0.10346,-0.5862,-7.749,0.1934,0.0,0.0,128.0,838.0
797381.0,2.0,-1.333,11.591,0.07575,-0.7489,-0.349,1.0921,0.0,0.0,128.0,868.0
797422.0,2.0,-1.5186,-4.173,0.045,-0.7408,0.102,0.1653,0.0,0.0,128.0,843.0
797468.0,2.0,-2.3301,-12.288,0.01331,-0.7002,-1.656,0.2575,0.0,0.0,128.0,847.0
797508.0,2.0,-2.9222,-10.208,-0.01553,-0.7196,0.944,-0.3201,0.0,0.0,128.0,828.0
797550.0,2.0,2.8685,-6.818,-0.04583,-0.7498,-0.2,-0.6676,0.0,0.0,128.0,816.0
797592.0,2.0,2.4897,-15.152,-0.07669,-0.7495,0.291,0.6643,0.0,0.0,128.0,850.0
797633.0,5.0,2.2166,-6.546,-0.10594,-0.6734,4.891,-0.6262,0.0,0.0,128.0,684.0
797674.0,5.0,2.1491,3.863,-0.12652,-0.3179,11.269,-0.6262,0.0,0.0,128.0,671.0
797714.0,5.0,2.1844,1.934,-0.13252,-0.0272,3.28,-0.6262,0.0,0.0,128.0,688.0
797754.0,6.0,2.2626,-0.255,-0.13249,0.0264,1.5,-0.6262,0.0,0.0,128.0,713.0
797794.0,6.0,2.5295,11.855,-0.13031,0.0864,1.5,-0.6262,0.0,0.0,128.0,742.0
797835.0,2.0,2.9222,12.71,-0.12394,0.2961,9.1,0.0424,0.0,0.0,128.0,826.0
797876.0,2.0,-2.8379,31.137,-0.10459,0.6555,5.859,5.1814,0.0,0.0,128.0,790.0
797920.0,2.0,-2.1108,23.259,-0.07414,0.7468,-1.0,2.9246,0.0,0.0,128.0,872.0
797963.0,2.0,-1.5217,-5.655,-0.04406,0.7054,2.0,0.2437,0.0,0.0,128.0,849.0
798003.0,2.0,-1.014,11.766,-0.01526,0.7498,0.0,1.4124,0.0,0.0,128.0,807.0
798043.0,2.0,-0.8268,6.084,0.01388,0.7146,-1.851,0.9163,0.0,0.0,128.0,882.0
798084.0,2.0,-0.8099,-10.845,0.03982,0.5407,-5.381,1.4243,0.0,0.0,128.0,872.0
798125.0,2.0,-0.9986,0.224,0.05858,0.3679,-3.695,0.5417,0.0,0.0,128.0,857.0
798166.0,2.0,-0.9127,-1.491,0.06885,0.1067,-6.244,0.6245,0.0,0.0,128.0,827.0
798209.0,2.0,-1.0354,-4.613,0.06956,-0.0566,-2.827,0.6373,0.0,0.0,128.0,879.0
798249.0,2.0,-1.1812,0.113,0.06551,-0.1508,-3.268,0.3824,0.0,0.0,128.0,836.0
798289.0,2.0,-1.3883,-1.729,0.05659,-0.3171,-3.298,0.21,0.0,0.0,128.0,853.0
798330.0,2.0,-2.439,-9.562,0.04151,-0.4013,0.102,-0.1937,0.0,0.0,128.0,830.0
798370.0,2.0,-3.0894,-20.95,0.0249,-0.4489,-0.743,1.7742,0.0,0.0,128.0,809.0
798411.0,2.0,2.5525,-14.383,0.00716,-0.4486,-0.456,0.486,0.0,0.0,128.0,845.0
798451.0,2.0,2.1506,-7.371,-0.012,-0.5592,-5.272,-0.1996,0.0,0.0,128.0,849.0
798493.0,2.0,1.7763,-6.424,-0.03844,-0.739,-2.072,0.063,0.0,0.0,128.0,853.0
798533.0,2.0,1.537,-4.173,-0.06795,-0.6843,5.017,0.1474,0.0,0.0,128.0,860.0
798574.0,2.0,1.2487,-17.448,-0.08974,-0.3933,6.824,2.2591,0.0,0.0,128.0,868.0
798616.0,2.0,1.2502,3.59,-0.09885,-0.0373,6.424,0.3938,0.0,0.0,128.0,835.0
798656.0,2.0,1.2931,0.153,-0.09611,0.2062,7.427,0.274,0.0,0.0,128.0,801.0
798696.0,2.0,1.1137,-0.529,-0.08096,0.5736,8.1,0.4459,0.0,0.0,128.0,839.0
798739.0,2.0,1.3039,3.419,-0.0522,0.744,0.311,0.3345,0.0,0.0,128.0,827.0
798780.0,2.0,1.5048,3.244,-0.0228,0.7498,0.2,0.1291,0.0,0.0,128.0,845.0
798821.0,2.0,1.7963,9.565,0.00731,0.7498,0.0,0.3458,0.0,0.0,128.0,845.0
798861.0,2.0,2.1982,6.886,0.03735,0.7498,0.0,-0.2939,0.0,0.0,128.0,828.0
798902.0,2.0,2.6599,15.484,0.06743,0.7426,-0.297,0.623,0.0,0.0,128.0,864.0
798943.0,2.0,-3.0235,21.166,0.09533,0.633,-2.897,1.8416,0.0,0.0,128.0,829.0
798984.0,2.0,-2.4191,26.981,0.11719,0.4504,-4.297,3.8666,0.0,0.0,128.0,849.0
799026.0,2.0,-1.7058,11.01,0.13016,0.1337,-9.497,0.6465,0.0,0.0,128.0,816.0
799068.0,2.0,-1.5539,-3.785,0.12795,-0.2698,-10.141,0.1056,0.0,0.0,128.0,823.0
799108.0,2.0,-1.5754,-1.486,0.10946,-0.6412,-6.258,0.0081,0.0,0.0,128.0,826.0
799150.0,2.0,-1.5555,3.21,0.08055,-0.7499,0.0,0.0825,0.0,0.0,128.0,839.0
799191.0,2.0,-1.8101,17.397,0.04988,-0.7303,1.2,1.683,0.0,0.0,128.0,842.0
799233.0,2.0,-2.1706,-18.882,0.02153,-0.6661,2.197,1.6733,0.0,0.0,128.0,862.0
799279.0,2.0,-2.7566,-27.717,-0.00907,-0.7342,-1.926,3.9195,0.0,0.0,128.0,795.0
799319.0,2.0,3.0572,6.483,-0.03885,-0.7318,1.074,-0.731,0.0,0.0,128.0,834.0
799360.0,2.0,2.7136,-7.11,-0.06593,-0.5939,2.874,-0.5861,0.0,0.0,128.0,844.0
799406.0,2.0,2.4651,3.572,-0.0909,-0.5023,3.274,-0.7027,0.0,0.0,128.0,854.0
799451.0,2.0,2.4774,4.452,-0.10853,-0.3151,4.874,-0.6642,0.0,0.0,128.0,860.0
799498.0,2.0,2.6108,5.857,-0.1146,0.1375,12.0,-0.6488,0.0,0.0,128.0,839.0
799539.0,2.0,2.8716,9.125,-0.10035,0.5795,8.2,-0.4396,0.0,0.0,128.0,798.0
799580.0,2.0,-3.002,22.276,-0.07271,0.7483,0.4,2.1482,0.0,0.0,128.0,818.0
799620.0,2.0,-2.3301,20.931,-0.04328,0.7425,-1.6,2.0971,0.0,0.0,128.0,903.0
799660.0,2.0,-1.8515,4.849,-0.01343,0.7415,-0.2,-0.1286,0.0,0.0,128.0,852.0
799704.0,2.0,-1.5831,4.943,0.01766,0.6947,-1.06,0.1486,0.0,0.0,128.0,855.0
799745.0,2.0,-1.3806,9.972,0.04286,0.5695,-4.52,0.8246,0.0,0.0,128.0,875.0
799787.0,2.0,-1.3422,-6.971,0.06248,0.3652,-2.545,0.5276,0.0,0.0,128.0,824.0
799832.0,2.0,-1.5248,-6.51,0.07586,0.2198,-4.639,0.309,0.0,0.0,128.0,817.0
799874.0,2.0,-1.7794,-9.265,0.07942,-0.1047,-11.537,0.3267,0.0,0.0,128.0,822.0
799915.0,2.0,-2.2457,-33.662,0.06709,-0.4821,-7.522,6.5284,0.0,0.0,128.0,841.0
799956.0,2.0,3.117,-16.236,0.04264,-0.7191,-3.322,0.667,0.0,0.0,128.0,828.0
799997.0,2.0,2.6538,-7.404,0.0129,-0.7352,0.087,-0.5357,0.0,0.0,128.0,844.0
800040.0,2.0,2.0893,-6.143,-0.01721,-0.7285,-1.113,-0.2477,0.0,0.0,128.0,856.0
800086.0,0.0,1.7441,-7.659,-0.05126,0.0,0.0,0.143,0.0,0.0,128.0,609.0
800127.0,0.0,1.4573,-19.617,-0.05126,0.0,0.0,0.143,0.0,0.0,128.0,532.0
800167.0,0.0,1.3315,3.579,-0.05126,0.0,0.0,0.143,0.0,0.0,128.0,526.0
800208.0,0.0,1.2947,0.685,-0.05126,0.0,0.0,0.143,0.0,0.0,128.0,531.0
800248.0,0.0,1.2502,-9.625,-0.05126,0.0,0.0,0.143,0.0,0.0,128.0,537.0
800288.0,0.0,1.4619,11.185,-0.05126,0.0,0.0,0.143,0.0,0.0,128.0,532.0
800329.0,0.0,1.7089,9.085,-0.05126,0.0,0.0,0.143,0.0,0.0,128.0,532.0
800369.0,0.0,2.2028,15.317,-0.05126,0.0,0.0,0.143,0.0,0.0,128.0,531.0
800409.0,0.0,2.6354,0.443,-0.05126,0.0,0.0,0.143,0.0,0.0,128.0,539.0
800450.0,0.0,-2.8716,24.469,-0.05126,0.0,0.0,0.143,0.0,0.0,128.0,538.0
800490.0,0.0,-2.1445,23.044,-0.05126,0.0,0.0,0.143,0.0,0.0,128.0,532.0
800530.0,0.0,-1.7196,17.466,-0.05126,0.0,0.0,0.143,0.0,0.0,128.0,532.0
800571.0,0.0,-1.2471,10.459,-0.05126,0.0,0.0,0.143,0.0,0.0,128.0,525.0
800611.0,0.0,-0.9679,5.659,-0.05126,0.0,0.0,0.143,0.0,0.0,128.0,532.0
800652.0,0.0,-0.7501,4.357,-0.05126,0.0,0.0,0.143,0.0,0.0,128.0,519.0
800692.0,0.0,-0.836,-1.921,-0.05126,0.0,0.0,0.143,0.0,0.0,128.0,526.0
800732.0,0.0,-1.0646,-3.361,-0.05126,0.0,0.0,0.143,0.0,0.0,128.0,531.0
800772.0,0.0,-1.1014,0.584,-0.05126,0.0,0.0,0.143,0.0,0.0,128.0,532.0
800812.0,0.0,-1.353,-27.702,-0.05126,0.0,0.0,0.143,0.0,0.0,128.0,532.0
800853.0,0.0,-1.8914,-35.341,-0.05126,0.0,0.0,0.143,0.0,0.0,128.0,531.0
800893.0,0.0,-2.4758,-18.329,-0.05126,0.0,0.0,0.143,0.0,0.0,128.0,539.0
800933.0,0.0,3.0664,-15.473,-0.05126,0.0,0.0,0.143,0.0,0.0,128.0,526.0
800973.0,0.0,2.62,-1.41,-0.05126,0.0,0.0,0.143,0.0,0.0,128.0,538.0
801014.0,0.0,2.1737,-11.937,-0.05126,0.0,0.0,0.143,0.0,0.0,128.0,525.0
801054.0,0.0,1.8745,-6.358,-0.05126,0.0,0.0,0.143,0.0,0.0,128.0,532.0
801094.0,0.0,1.7073,-3.723,-0.05126,0.0,0.0,0.143,0.0,0.0,128.0,526.0
801134.0,0.0,1.6782,-1.129,-0.05126,0.0,0.0,0.143,0.0,0.0,128.0,538.0
801175.0,0.0,1.6843,2.474,-0.05126,0.0,0.0,0.143,0.0,0.0,128.0,532.0
801215.0,0.0,1.9205,6.668,-0.05126,0.0,0.0,0.143,0.0,0.0,128.0,526.0
801255.0,0.0,2.1399,12.551,-0.05126,0.0,0.0,0.143,0.0,0.0,128.0,538.0
801295.0,0.0,2.6661,11.333,-0.05126,0.0,0.0,0.143,0.0,0.0,128.0,545.0
801336.0,0.0,3.0726,-6.139,-0.05126,0.0,0.0,0.143,0.0,0.0,128.0,539.0
801376.0,0.0,-2.7151,2.53,-0.05126,0.0,0.0,0.143,0.0,0.0,128.0,533.0
801416.0,0.0,-1.8807,14.921,-0.05126,0.0,0.0,0.143,0.0,0.0,128.0,531.0
801456.0,0.0,-1.353,9.309,-0.05126,0.0,0.0,0.143,0.0,0.0,128.0,531.0
801496.0,0.0,-1.1566,3.836,-0.05126,0.0,0.0,0.143,0.0,0.0,128.0,537.0
801537.0,0.0,-1.0646,3.12,-0.05126,0.0,0.0,0.143,0.0,0.0,128.0,538.0
801577.0,0.0,-1.1045,-1.528,-0.05126,0.0,0.0,0.143,0.0,0.0,128.0,525.0
801617.0,0.0,-1.2441,-4.285,-0.05126,0.0,0.0,0.143,0.0,0.0,128.0,532.0
801658.0,0.0,-1.3438,0.175,-0.05126,0.0,0.0,0.143,0.0,0.0,128.0,525.0
801698.0,0.0,-1.4235,27.194,-0.05126,0.0,0.0,0.143,0.0,0.0,128.0,531.0
801738.0,0.0,-2.3056,-24.472,-0.05126,0.0,0.0,0.143,0.0,0.0,128.0,526.0
801779.0,0.0,-2.9452,-2.653,-0.05126,0.0,0.0,0.143,0.0,0.0,128.0,526.0
801819.0,0.0,2.936,-2.085,-0.05126,0.0,0.0,0.143,0.0,0.0,128.0,526.0
801859.0,0.0,2.3654,-13.081,-0.05126,0.0,0.0,0.143,0.0,0.0,128.0,532.0
801899.0,0.0,2.12,-7.988,-0.05126,0.0,0.0,0.143,0.0,0.0,128.0,537.0
801939.0,0.0,1.9497,-0.814,-0.05126,0.0,0.0,0.143,0.0,0.0,128.0,537.0
801980.0,0.0,1.9282,1.085,-0.05126,0.0,0.0,0.143,0.0,0.0,128.0,538.0
802020.0,0.0,2.008,3.998,-0.05126,0.0,0.0,0.143,0.0,0.0,128.0,525.0
802060.0,0.0,2.2227,6.505,-0.05126,0.0,0.0,0.143,0.0,0.0,128.0,532.0
802100.0,0.0,2.5127,9.454,-0.05126,0.0,0.0,0.143,0.0,0.0,128.0,532.0
802141.0,0.0,2.8501,21.921,-0.05126,0.0,0.0,0.143,0.0,0.0,128.0,526.0
802181.0,0.0,-2.8425,11.001,-0.05126,0.0,0.0,0.143,0.0,0.0,128.0,532.0
802221.0,0.0,-2.1629,34.187,-0.05126,0.0,0.0,0.143,0.0,0.0,128.0,532.0
802261.0,0.0,-1.9205,15.167,-0.05126,0.0,0.0,0.143,0.0,0.0,128.0,537.0
802302.0,0.0,-1.4205,32.785,-0.05126,0.0,0.0,0.143,0.0,0.0,128.0,525.0
802342.0,0.0,-1.3499,7.037,-0.05126,0.0,0.0,0.143,0.0,0.0,128.0,526.0
802383.0,0.0,-1.307,-0.722,-0.05126,0.0,0.0,0.143,0.0,0.0,128.0,525.0
802423.0,0.0,-1.3131,0.302,-0.05126,0.0,0.0,0.143,0.0,0.0,128.0,532.0
802463.0,0.0,-1.4511,-9.318,-0.05126,0.0,0.0,0.143,0.0,0.0,128.0,525.0
802503.0,0.0,-1.5647,2.223,-0.05126,0.0,0.0,0.143,0.0,0.0,128.0,526.0
802543.0,0.0,-2.4697,-24.661,-0.05126,0.0,0.0,0.143,0.0,0.0,128.0,533.0
802584.0,0.0,-2.8578,-10.089,-0.05126,0.0,0.0,0.143,0.0,0.0,128.0,533.0
802624.0,0.0,2.8793,-6.156,-0.05126,0.0,0.0,0.143,0.0,0.0,128.0,538.0
802664.0,0.0,2.5111,-8.662,-0.05126,0.0,0.0,0.143,0.0,0.0,128.0,538.0
802705.0,0.0,2.3025,-3.993,-0.05126,0.0,0.0,0.143,0.0,0.0,128.0,538.0
802745.0,0.0,2.1706,-2.315,-0.05126,0.0,0.0,0.143,0.0,0.0,128.0,532.0
802785.0,0.0,2.1445,0.744,-0.05126,0.0,0.0,0.143,0.0,0.0,128.0,537.0
802825.0,0.0,2.2596,4.29,-0.05126,0.0,0.0,0.143,0.0,0.0,128.0,538.0
802865.0,0.0,2.4513,8.582,-0.05126,0.0,0.0,0.143,0.0,0.0,128.0,532.0
802906.0,0.0,2.5848,3.249,-0.05126,0.0,0.0,0.143,0.0,0.0,128.0,526.0
802946.0,0.0,2.9115,8.508,-0.05126,0.0,0.0,0.143,0.0,0.0,128.0,526.0
802986.0,0.0,-3.1109,6.413,-0.05126,0.0,0.0,0.143,0.0,0.0,128.0,533.0
803026.0,0.0,-2.597,11.035,-0.05126,0.0,0.0,0.143,0.0,0.0,128.0,539.0
803067.0,0.0,-2.1307,26.106,-0.05126,0.0,0.0,0.143,0.0,0.0,128.0,531.0
803107.0,0.0,-2.0954,12.383,-0.05126,0.0,0.0,0.143,0.0,0.0,128.0,538.0
803147.0,0.0,-2.2948,-6.987,-0.05126,0.0,0.0,0.143,0.0,0.0,128.0,526.0
803187.0,0.0,-2.7013,-8.759,-0.05126,0.0,0.0,0.143,0.0,0.0,128.0,539.0
803227.0,0.0,-3.0235,-4.566,-0.05126,0.0,0.0,0.143,0.0,0.0,128.0,538.0
803268.0,0.0,-3.0465,0.883,-0.05126,0.0,0.0,0.143,0.0,0.0,128.0,526.0
803308.0,0.0,-2.9974,1.8,-0.05126,0.0,0.0,0.143,0.0,0.0,128.0,539.0
803348.0,0.0,-2.8164,1.906,-0.05126,0.0,0.0,0.143,0.0,0.0,128.0,532.0
803389.0,0.0,-2.778,0.597,-0.05126,0.0,0.0,0.143,0.0,0.0,128.0,538.0
803429.0,0.0,-2.7397,-0.197,-0.05126,0.0,0.0,0.143,0.0,0.0,128.0,532.0
803469.0,0.0,-2.4958,29.497,-0.05126,0.0,0.0,0.143,0.0,0.0,128.0,533.0
803509.0,0.0,-2.5725,-1.861,-0.05126,0.0,0.0,0.143,0.0,0.0,128.0,532.0
803550.0,0.0,-2.574,0.393,-0.05126,0.0,0.0,0.143,0.0,0.0,128.0,539.0
803590.0,0.0,-2.6001,-1.311,-0.05126,0.0,0.0,0.143,0.0,0.0,128.0,539.0
803630.0,0.0,-2.6829,-0.219,-0.05126,0.0,0.0,0.143,0.0,0.0,128.0,532.0
803671.0,0.0,-2.6691,-0.666,-0.05126,0.0,0.0,0.143,0.0,0.0,128.0,526.0
803711.0,0.0,-2.6829,-0.004,-0.05126,0.0,0.0,0.143,0.0,0.0,128.0,539.0
803751.0,0.0,-2.6906,-0.367,-0.05126,0.0,0.0,0.143,0.0,0.0,128.0,539.0
803792.0,0.0,-2.686,0.297,-0.05126,0.0,0.0,0.143,0.0,0.0,128.0,533.0
803832.0,0.0,-2.6829,0.148,-0.05126,0.0,0.0,0.143,0.0,0.0,128.0,532.0
803872.0,0.0,-2.6799,0.177,-0.05126,0.0,0.0,0.143,0.0,0.0,128.0,527.0
803913.0,0.0,-2.6783,0.198,-0.05126,0.0,0.0,0.143,0.0,0.0,128.0,539.0
803953.0,0.0,-2.6783,-0.084,-0.05126,0.0,0.0,0.143,0.0,0.0,128.0,539.0
803994.0,0.0,-2.6753,0.571,-0.05126,0.0,0.0,0.143,0.0,0.0,128.0,538.0
804034.0,0.0,-2.6737,-0.032,-0.05126,0.0,0.0,0.143,0.0,0.0,128.0,539.0
804074.0,0.0,-2.9192,-9.351,-0.05126,0.0,0.0,0.143,0.0,0.0,128.0,526.0
804114.0,0.0,-2.8962,12.716,-0.05126,0.0,0.0,0.143,0.0,0.0,128.0,539.0
804155.0,0.0,-2.8225,0.975,-0.05126,0.0,0.0,0.143,0.0,0.0,128.0,526.0
804195.0,0.0,-2.8302,-1.266,-0.05126,0.0,0.0,0.143,0.0,0.0,128.0,526.0
804235.0,0.0,-2.9146,-1.9,-0.05126,0.0,0.0,0.143,0.0,0.0,128.0,538.0
804276.0,0.0,-2.8317,0.414,-0.05126,0.0,0.0,0.143,0.0,0.0,128.0,538.0
804316.0,0.0,-2.8563,-1.557,-0.05126,0.0,0.0,0.143,0.0,0.0,128.0,526.0
804356.0,0.0,-2.8685,0.442,-0.05126,0.0,0.0,0.143,0.0,0.0,128.0,527.0
804396.0,0.0,-2.8823,-0.806,-0.05126,0.0,0.0,0.143,0.0,0.0,128.0,538.0
804437.0,0.0,-2.8931,0.506,-0.05126,0.0,0.0,0.143,0.0,0.0,128.0,526.0
804477.0,0.0,-2.8946,-0.458,-0.05126,0.0,0.0,0.143,0.0,0.0,128.0,526.0
804517.0,0.0,-2.8854,0.088,-0.05126,0.0,0.0,0.143,0.0,0.0,128.0,532.0
804558.0,0.0,-2.8916,0.43,-0.05126,0.0,0.0,0.143,0.0,0.0,128.0,526.0
804598.0,0.0,-2.887,-0.774,-0.05126,0.0,0.0,0.143,0.0,0.0,128.0,526.0
804638.0,0.0,-2.8731,-0.14,-0.05126,0.0,0.0,0.143,0.0,0.0,128.0,532.0
804678.0,0.0,-2.8747,0.448,-0.05126,0.0,0.0,0.143,0.0,0.0,128.0,538.0
804718.0,0.0,-2.8885,-0.36,-0.05126,0.0,0.0,0.143,0.0,0.0,128.0,527.0
804758.0,0.0,-2.8962,-0.157,-0.05126,0.0,0.0,0.143,0.0,0.0,128.0,527.0
804799.0,0.0,-2.9115,-0.495,-0.05126,0.0,0.0,0.143,0.0,0.0,128.0,526.0
804839.0,0.0,-2.9222,-0.148,-0.05126,0.0,0.0,0.143,0.0,0.0,128.0,526.0
804879.0,0.0,-2.9284,-0.08,-0.05126,0.0,0.0,0.143,0.0,0.0,128.0,527.0
804919.0,0.0,-2.9238,0.202,-0.05126,0.0,0.0,0.143,0.0,0.0,128.0,532.0
804959.0,0.0,-2.9146,0.116,-0.05126,0.0,0.0,0.143,0.0,0.0,128.0,539.0
805000.0,0.0,-2.9038,0.053,-0.05126,0.0,0.0,0.143,0.0,0.0,128.0,526.0
805040.0,0.0,-2.8946,0.371,-0.05126,0.0,0.0,0.143,0.0,0.0,128.0,538.0
805080.0,0.0,-2.8946,0.0,-0.05126,0.0,0.0,0.143,0.0,0.0,128.0,525.0
805120.0,0.0,-2.9008,-0.241,-0.05126,0.0,0.0,0.143,0.0,0.0,128.0,532.0
805160.0,0.0,-2.91,-0.279,-0.05126,0.0,0.0,0.143,0.0,0.0,128.0,532.0
805201.0,0.0,-2.9176,-0.219,-0.05126,0.0,0.0,0.143,0.0,0.0,128.0,538.0
805241.0,0.0,-2.9207,-0.027,-0.05126,0.0,0.0,0.143,0.0,0.0,128.0,538.0
805282.0,0.0,-2.9176,0.035,-0.05126,0.0,0.0,0.143,0.0,0.0,128.0,532.0
805322.0,0.0,-2.9115,0.055,-0.05126,0.0,0.0,0.143,0.0,0.0,128.0,526.0
805362.0,0.0,-2.9054,0.011,-0.05126,0.0,0.0,0.143,0.0,0.0,128.0,526.0
805402.0,0.0,-2.9008,0.072,-0.05126,0.0,0.0,0.143,0.0,0.0,128.0,538.0
805443.0,0.0,-2.9023,-0.203,-0.05126,0.0,0.0,0.143,0.0,0.0,128.0,538.0
805483.0,0.0,-2.9054,-0.018,-0.05126,0.0,0.0,0.143,0.0,0.0,128.0,526.0
805523.0,0.0,-2.9115,-0.361,-0.05126,0.0,0.0,0.143,0.0,0.0,128.0,526.0
805563.0,0.0,-2.9146,-0.0,-0.05126,0.0,0.0,0.143,0.0,0.0,128.0,538.0
805604.0,0.0,-2.9161,-0.075,-0.05126,0.0,0.0,0.143,0.0,0.0,128.0,526.0
805644.0,0.0,-2.913,0.044,-0.05126,0.0,0.0,0.143,0.0,0.0,128.0,538.0
805684.0,0.0,-2.9084,0.185,-0.05126,0.0,0.0,0.143,0.0,0.0,128.0,527.0
805724.0,0.0,-2.9054,0.001,-0.05126,0.0,0.0,0.143,0.0,0.0,128.0,527.0
805764.0,0.0,-2.9054,-0.253,-0.05126,0.0,0.0,0.143,0.0,0.0,128.0,538.0
805805.0,0.0,-2.9054,-0.0,-0.05126,0.0,0.0,0.143,0.0,0.0,128.0,539.0
805845.0,0.0,-2.91,-0.182,-0.05126,0.0,0.0,0.143,0.0,0.0,128.0,526.0
805885.0,0.0,-2.913,-0.253,-0.05126,0.0,0.0,0.143,0.0,0.0,128.0,526.0
805925.0,0.0,-2.913,0.074,-0.05126,0.0,0.0,0.143,0.0,0.0,128.0,539.0
805966.0,0.0,-2.913,-0.117,-0.05126,0.0,0.0,0.143,0.0,0.0,128.0,532.0
806006.0,0.0,-2.91,0.008,-0.05126,0.0,0.0,0.143,0.0,0.0,128.0,532.0
806046.0,0.0,-2.9084,-0.324,-0.05126,0.0,0.0,0.143,0.0,0.0,128.0,538.0
806086.0,0.0,-2.9069,-0.289,-0.05126,0.0,0.0,0.143,0.0,0.0,128.0,538.0
806127.0,0.0,-2.9054,0.338,-0.05126,0.0,0.0,0.143,0.0,0.0,128.0,526.0
806167.0,0.0,-2.9084,0.055,-0.05126,0.0,0.0,0.143,0.0,0.0,128.0,533.0
806207.0,0.0,-2.9115,-0.199,-0.05126,0.0,0.0,0.143,0.0,0.0,128.0,539.0
806248.0,0.0,-2.9115,0.035,-0.05126,0.0,0.0,0.143,0.0,0.0,128.0,532.0
806288.0,0.0,-2.9115,-0.075,-0.05126,0.0,0.0,0.143,0.0,0.0,128.0,532.0
806328.0,0.0,-2.9084,0.266,-0.05126,0.0,0.0,0.143,0.0,0.0,128.0,538.0
806369.0,0.0,-2.9084,-0.008,-0.05126,0.0,0.0,0.143,0.0,0.0,128.0,538.0
806409.0,0.0,-2.9084,-0.328,-0.05126,0.0,0.0,0.143,0.0,0.0,128.0,526.0
806449.0,0.0,-2.9084,-0.002,-0.05126,0.0,0.0,0.143,0.0,0.0,128.0,532.0
806489.0,0.0,-2.91,-0.117,-0.05126,0.0,0.0,0.143,0.0,0.0,128.0,539.0
806530.0,0.0,-2.91,0.034,-0.05126,0.0,0.0,0.143,0.0,0.0,128.0,526.0
806570.0,0.0,-2.9115,0.017,-0.05126,0.0,0.0,0.143,0.0,0.0,128.0,532.0
806610.0,0.0,-2.91,0.003,-0.05126,0.0,0.0,0.143,0.0,0.0,128.0,532.0
806651.0,0.0,-2.9084,0.024,-0.05126,0.0,0.0,0.143,0.0,0.0,128.0,532.0
806691.0,0.0,-2.9084,0.0,-0.05126,0.0,0.0,0.143,0.0,0.0,128.0,525.0
806731.0,0.0,-2.9084,-0.0,-0.05126,0.0,0.0,0.143,0.0,0.0,128.0,532.0
806771.0,0.0,-2.91,-0.163,-0.05126,0.0,0.0,0.143,0.0,0.0,128.0,533.0
806812.0,0.0,-2.91,-0.0,-0.05126,0.0,0.0,0.143,0.0,0.0,128.0,532.0
806852.0,0.0,-2.91,0.024,-0.05126,0.0,0.0,0.143,0.0,0.0,128.0,538.0
806892.0,0.0,-2.91,0.049,-0.05126,0.0,0.0,0.143,0.0,0.0,128.0,532.0
806933.0,0.0,-2.9084,0.198,-0.05126,0.0,0.0,0.143,0.0,0.0,128.0,527.0
806973.0,0.0,-2.9084,0.084,-0.05126,0.0,0.0,0.143,0.0,0.0,128.0,526.0
807013.0,0.0,-2.9084,0.0,-0.05126,0.0,0.0,0.143,0.0,0.0,128.0,526.0
807053.0,0.0,-2.91,-0.193,-0.05126,0.0,0.0,0.143,0.0,0.0,128.0,538.0
807094.0,0.0,-2.9084,0.34,-0.05126,0.0,0.0,0.143,0.0,0.0,128.0,532.0
807134.0,0.0,-2.91,-0.0,-0.05126,0.0,0.0,0.143,0.0,0.0,128.0,525.0
807175.0,0.0,-2.91,-0.0,-0.05126,0.0,0.0,0.143,0.0,0.0,128.0,519.0
807215.0,0.0,-2.9084,0.291,-0.05126,0.0,0.0,0.143,0.0,0.0,128.0,527.0
807255.0,0.0,-2.9084,0.104,-0.05126,0.0,0.0,0.143,0.0,0.0,128.0,532.0
807295.0,0.0,-2.9084,0.041,-0.05126,0.0,0.0,0.143,0.0,0.0,128.0,526.0
807335.0,0.0,-2.9084,0.076,-0.05126,0.0,0.0,0.143,0.0,0.0,128.0,539.0
807376.0,0.0,-2.91,-0.003,-0.05126,0.0,0.0,0.143,0.0,0.0,128.0,539.0
807416.0,0.0,-2.91,0.02,-0.05126,0.0,0.0,0.143,0.0,0.0,128.0,527.0
807457.0,0.0,-2.9084,0.341,0.0,0.0,0.0,0.143,0.0,0.0,128.0,539.0
807497.0,0.0,-2.91,-0.13,0.0,0.0,0.0,0.143,0.0,0.0,128.0,539.0
807538.0,0.0,-2.9084,0.115,0.0,0.0,0.0,0.143,0.0,0.0,128.0,526.0
807578.0,0.0,-2.9084,0.008,0.0,0.0,0.0,0.143,0.0,0.0,128.0,532.0
807618.0,0.0,-2.9084,0.081,0.0,0.0,0.0,0.143,0.0,0.0,128.0,539.0
807658.0,0.0,-2.91,-0.016,0.0,0.0,0.0,0.143,0.0,0.0,128.0,538.0
807699.0,0.0,-2.91,0.032,0.0,0.0,0.0,0.143,0.0,0.0,128.0,533.0
807739.0,0.0,-2.9084,0.205,0.0,0.0,0.0,0.143,0.0,0.0,128.0,527.0
807780.0,0.0,-2.91,-0.183,0.0,0.0,0.0,0.143,0.0,0.0,128.0,527.0
807820.0,0.0,-2.91,-0.171,0.0,0.0,0.0,0.143,0.0,0.0,128.0,526.0
807860.0,0.0,-2.9084,0.098,0.0,0.0,0.0,0.143,0.0,0.0,128.0,539.0
807901.0,0.0,-2.91,-0.166,0.0,0.0,0.0,0.143,0.0,0.0,128.0,526.0
807941.0,0.0,-2.9084,0.332,0.0,0.0,0.0,0.143,0.0,0.0,128.0,539.0
807981.0,0.0,-2.91,-0.01,0.0,0.0,0.0,0.143,0.0,0.0,128.0,533.0
808022.0,0.0,-2.91,0.019,0.0,0.0,0.0,0.143,0.0,0.0,128.0,526.0
808062.0,0.0,-2.91,-0.234,0.0,0.0,0.0,0.143,0.0,0.0,128.0,538.0
808102.0,0.0,-2.9084,0.281,0.0,0.0,0.0,0.143,0.0,0.0,128.0,532.0
808143.0,0.0,-2.91,-0.041,0.0,0.0,0.0,0.143,0.0,0.0,128.0,532.0
808183.0,0.0,-2.9084,0.13,0.0,0.0,0.0,0.143,0.0,0.0,128.0,527.0
808223.0,0.0,-2.91,-0.0,0.0,0.0,0.0,0.143,0.0,0.0,128.0,539.0
808264.0,0.0,-2.91,-0.012,0.0,0.0,0.0,0.143,0.0,0.0,128.0,538.0
808304.0,0.0,-2.9084,0.13,0.0,0.0,0.0,0.143,0.0,0.0,128.0,532.0
808345.0,0.0,-2.9084,0.06,0.0,0.0,0.0,0.143,0.0,0.0,128.0,539.0
808385.0,0.0,-2.91,-0.263,0.0,0.0,0.0,0.143,0.0,0.0,128.0,527.0
808425.0,0.0,-2.91,-0.226,0.0,0.0,0.0,0.143,0.0,0.0,128.0,539.0
808466.0,0.0,-2.91,-0.162,0.0,0.0,0.0,0.143,0.0,0.0,128.0,526.0
808506.0,0.0,-2.91,-0.037,0.0,0.0,0.0,0.143,0.0,0.0,128.0,526.0
808546.0,0.0,-2.91,-0.057,0.0,0.0,0.0,0.143,0.0,0.0,128.0,532.0
808586.0,0.0,-2.91,-0.22,0.0,0.0,0.0,0.143,0.0,0.0,128.0,532.0
808627.0,0.0,-2.9084,0.136,0.0,0.0,0.0,0.143,0.0,0.0,128.0,533.0
808667.0,0.0,-2.91,-0.101,0.0,0.0,0.0,0.143,0.0,0.0,128.0,526.0
808707.0,0.0,-2.91,-0.066,0.0,0.0,0.0,0.143,0.0,0.0,128.0,526.0
808747.0,0.0,-2.9084,0.113,0.0,0.0,0.0,0.143,0.0,0.0,128.0,532.0
808787.0,0.0,-2.91,-0.201,0.0,0.0,0.0,0.143,0.0,0.0,128.0,533.0
808827.0,0.0,-2.9084,0.169,0.0,0.0,0.0,0.143,0.0,0.0,128.0,538.0
808868.0,0.0,-2.91,-0.047,0.0,0.0,0.0,0.143,0.0,0.0,128.0,533.0
808908.0,0.0,-2.9084,0.206,0.0,0.0,0.0,0.143,0.0,0.0,128.0,532.0
808948.0,0.0,-2.9084,0.254,0.0,0.0,0.0,0.143,0.0,0.0,128.0,538.0
808989.0,0.0,-2.91,-0.281,0.0,0.0,0.0,0.143,0.0,0.0,128.0,526.0
809029.0,0.0,-2.9084,0.155,0.0,0.0,0.0,0.143,0.0,0.0,128.0,526.0
809069.0,0.0,-2.91,-0.133,0.0,0.0,0.0,0.143,0.0,0.0,128.0,539.0
809110.0,0.0,-2.91,-0.005,0.0,0.0,0.0,0.143,0.0,0.0,128.0,527.0
809150.0,0.0,-2.9084,0.266,0.0,0.0,0.0,0.143,0.0,0.0,128.0,539.0
809190.0,0.0,-2.91,-0.071,0.0,0.0,0.0,0.143,0.0,0.0,128.0,526.0
809230.0,0.0,-2.91,-0.062,0.0,0.0,0.0,0.143,0.0,0.0,128.0,526.0
809270.0,0.0,-2.91,-0.107,0.0,0.0,0.0,0.143,0.0,0.0,128.0,538.0
809311.0,0.0,-2.91,-0.002,0.0,0.0,0.0,0.143,0.0,0.0,128.0,527.0
809351.0,0.0,-2.91,-0.053,0.0,0.0,0.0,0.143,0.0,0.0,128.0,526.0
809391.0,0.0,-2.91,-0.144,0.0,0.0,0.0,0.143,0.0,0.0,128.0,532.0
809432.0,0.0,-2.91,-0.01,0.0,0.0,0.0,0.143,0.0,0.0,128.0,532.0
809472.0,0.0,-2.91,-0.152,0.0,0.0,0.0,0.143,0.0,0.0,128.0,533.0
809512.0,0.0,-2.91,-0.029,0.0,0.0,0.0,0.143,0.0,0.0,128.0,526.0
809552.0,0.0,-2.91,-0.189,0.0,0.0,0.0,0.143,0.0,0.0,128.0,527.0
809593.0,0.0,-2.9084,0.165,0.0,0.0,0.0,0.143,0.0,0.0,128.0,526.0
809633.0,0.0,-2.91,-0.181,0.0,0.0,0.0,0.143,0.0,0.0,128.0,526.0
809673.0,0.0,-2.91,-0.017,0.0,0.0,0.0,0.143,0.0,0.0,128.0,532.0
809714.0,0.0,-2.9084,0.299,0.0,0.0,0.0,0.143,0.0,0.0,128.0,532.0
809754.0,0.0,-2.9084,0.241,0.0,0.0,0.0,0.143,0.0,0.0,128.0,539.0
809794.0,0.0,-2.91,-0.007,0.0,0.0,0.0,0.143,0.0,0.0,128.0,538.0
809835.0,0.0,-2.91,-0.156,0.0,0.0,0.0,0.143,0.0,0.0,128.0,526.0
809875.0,0.0,-2.91,-0.188,0.0,0.0,0.0,0.143,0.0,0.0,128.0,532.0
809915.0,0.0,-2.91,-0.143,0.0,0.0,0.0,0.143,0.0,0.0,128.0,526.0
809955.0,0.0,-2.91,-0.142,0.0,0.0,0.0,0.143,0.0,0.0,128.0,539.0
809996.0,0.0,-2.91,-0.225,0.0,0.0,0.0,0.143,0.0,0.0,128.0,526.0
810036.0,0.0,-2.9084,0.175,0.0,0.0,0.0,0.143,0.0,0.0,128.0,538.0
810076.0,0.0,-2.9084,0.275,0.0,0.0,0.0,0.143,0.0,0.0,128.0,533.0
810117.0,0.0,-2.91,-0.138,0.0,0.0,0.0,0.143,0.0,0.0,128.0,538.0
810157.0,0.0,-2.91,-0.112,0.0,0.0,0.0,0.143,0.0,0.0,128.0,526.0
810197.0,0.0,-2.91,-0.076,0.0,0.0,0.0,0.143,0.0,0.0,128.0,539.0
810238.0,0.0,-2.91,-0.129,0.0,0.0,0.0,0.143,0.0,0.0,128.0,526.0
810278.0,0.0,-2.91,-0.135,0.0,0.0,0.0,0.143,0.0,0.0,128.0,526.0
810318.0,0.0,-2.9084,0.236,0.0,0.0,0.0,0.143,0.0,0.0,128.0,539.0
810359.0,0.0,-2.91,-0.222,0.0,0.0,0.0,0.143,0.0,0.0,128.0,532.0
810399.0,0.0,-2.91,-0.005,0.0,0.0,0.0,0.143,0.0,0.0,128.0,526.0
810439.0,0.0,-2.9084,0.29,0.0,0.0,0.0,0.143,0.0,0.0,128.0,532.0
810480.0,0.0,-2.91,-0.168,0.0,0.0,0.0,0.143,0.0,0.0,128.0,526.0
810520.0,0.0,-2.91,0.007,0.0,0.0,0.0,0.143,0.0,0.0,128.0,527.0
810560.0,0.0,-2.9084,0.26,0.0,0.0,0.0,0.143,0.0,0.0,128.0,526.0
810601.0,0.0,-2.91,-0.022,0.0,0.0,0.0,0.143,0.0,0.0,128.0,526.0
810641.0,0.0,-2.9084,0.213,0.0,0.0,0.0,0.143,0.0,0.0,128.0,527.0
810681.0,0.0,-2.91,-0.2,0.0,0.0,0.0,0.143,0.0,0.0,128.0,531.0
810721.0,0.0,-2.91,-0.11,0.0,0.0,0.0,0.143,0.0,0.0,128.0,526.0
810761.0,0.0,-2.9084,0.155,0.0,0.0,0.0,0.143,0.0,0.0,128.0,538.0
810802.0,0.0,-2.91,-0.131,0.0,0.0,0.0,0.143,0.0,0.0,128.0,526.0
810842.0,0.0,-2.9084,0.213,0.0,0.0,0.0,0.143,0.0,0.0,128.0,526.0
810882.0,0.0,-2.91,-0.143,0.0,0.0,0.0,0.143,0.0,0.0,128.0,538.0
810922.0,0.0,-2.9084,0.221,0.0,0.0,0.0,0.143,0.0,0.0,128.0,539.0
810962.0,0.0,-2.91,-0.141,0.0,0.0,0.0,0.143,0.0,0.0,128.0,538.0
811003.0,0.0,-2.9084,0.118,0.0,0.0,0.0,0.143,0.0,0.0,128.0,533.0
811043.0,0.0,-2.9084,0.306,0.0,0.0,0.0,0.143,0.0,0.0,128.0,538.0
811084.0,0.0,-2.91,-0.102,0.0,0.0,0.0,0.143,0.0,0.0,128.0,527.0
811124.0,0.0,-2.91,-0.001,0.0,0.0,0.0,0.143,0.0,0.0,128.0,526.0
811164.0,0.0,-2.91,-0.237,0.0,0.0,0.0,0.143,0.0,0.0,128.0,533.0
811204.0,0.0,-2.9084,0.254,0.0,0.0,0.0,0.143,0.0,0.0,128.0,539.0
811245.0,0.0,-2.9084,0.27,0.0,0.0,0.0,0.143,0.0,0.0,128.0,527.0
811285.0,0.0,-2.91,-0.096,0.0,0.0,0.0,0.143,0.0,0.0,128.0,527.0
811325.0,0.0,-2.91,-0.069,0.0,0.0,0.0,0.143,0.0,0.0,128.0,538.0
811366.0,0.0,-2.9084,0.141,0.0,0.0,0.0,0.143,0.0,0.0,128.0,526.0
811406.0,0.0,-2.91,-0.005,0.0,0.0,0.0,0.143,0.0,0.0,128.0,532.0
811446.0,0.0,-2.91,-0.193,0.0,0.0,0.0,0.143,0.0,0.0,128.0,526.0
811486.0,0.0,-2.91,-0.156,0.0,0.0,0.0,0.143,0.0,0.0,128.0,539.0
811526.0,0.0,-2.9084,0.028,0.0,0.0,0.0,0.143,0.0,0.0,128.0,538.0
811567.0,0.0,-2.91,-0.008,0.0,0.0,0.0,0.143,0.0,0.0,128.0,533.0
811607.0,0.0,-2.91,-0.184,0.0,0.0,0.0,0.143,0.0,0.0,128.0,532.0
811647.0,0.0,-2.91,-0.113,0.0,0.0,0.0,0.143,0.0,0.0,128.0,526.0
811687.0,0.0,-2.91,-0.251,0.0,0.0,0.0,0.143,0.0,0.0,128.0,526.0
811727.0,0.0,-2.9084,0.226,0.0,0.0,0.0,0.143,0.0,0.0,128.0,539.0
811768.0,0.0,-2.9084,0.286,0.0,0.0,0.0,0.143,0.0,0.0,128.0,526.0
811808.0,0.0,-2.9084,0.322,0.0,0.0,0.0,0.143,0.0,0.0,128.0,533.0
811848.0,0.0,-2.91,-0.118,0.0,0.0,0.0,0.143,0.0,0.0,128.0,538.0
811888.0,0.0,-2.9084,0.217,0.0,0.0,0.0,0.143,0.0,0.0,128.0,532.0
811929.0,0.0,-2.91,-0.013,0.0,0.0,0.0,0.143,0.0,0.0,128.0,532.0
811969.0,0.0,-2.91,-0.149,0.0,0.0,0.0,0.143,0.0,0.0,128.0,526.0
812009.0,0.0,-2.9084,0.255,0.0,0.0,0.0,0.143,0.0,0.0,128.0,526.0
812050.0,0.0,-2.91,-0.109,0.0,0.0,0.0,0.143,0.0,0.0,128.0,526.0
812090.0,0.0,-2.9084,0.181,0.0,0.0,0.0,0.143,0.0,0.0,128.0,538.0
812130.0,0.0,-2.9084,0.279,0.0,0.0,0.0,0.143,0.0,0.0,128.0,526.0
812170.0,0.0,-2.9084,0.248,0.0,0.0,0.0,0.143,0.0,0.0,128.0,539.0
812211.0,0.0,-2.91,-0.071,0.0,0.0,0.0,0.143,0.0,0.0,128.0,532.0
812251.0,0.0,-2.9084,0.177,0.0,0.0,0.0,0.143,0.0,0.0,128.0,538.0
812291.0,0.0,-2.9084,0.266,0.0,0.0,0.0,0.143,0.0,0.0,128.0,527.0
812331.0,0.0,-2.9084,0.315,0.0,0.0,0.0,0.143,0.0,0.0,128.0,526.0
812371.0,0.0,-2.9084,0.271,0.0,0.0,0.0,0.143,0.0,0.0,128.0,527.0
812411.0,0.0,-2.9084,0.164,0.0,0.0,0.0,0.143,0.0,0.0,128.0,539.0
812452.0,0.0,-2.91,-0.087,0.0,0.0,0.0,0.143,0.0,0.0,128.0,539.0
812492.0,0.0,-2.9084,0.195,0.0,0.0,0.0,0.143,0.0,0.0,128.0,538.0
812533.0,0.0,-2.91,-0.082,0.0,0.0,0.0,0.143,0.0,0.0,128.0,526.0
812573.0,0.0,-2.91,-0.216,0.0,0.0,0.0,0.143,0.0,0.0,128.0,532.0
812613.0,0.0,-2.91,-0.076,0.0,0.0,0.0,0.143,0.0,0.0,128.0,526.0
812653.0,0.0,-2.91,-0.001,0.0,0.0,0.0,0.143,0.0,0.0,128.0,526.0
812693.0,0.0,-2.91,-0.163,0.0,0.0,0.0,0.143,0.0,0.0,128.0,539.0
812734.0,0.0,-2.91,-0.075,0.0,0.0,0.0,0.143,0.0,0.0,128.0,532.0
812774.0,0.0,-2.91,-0.136,0.0,0.0,0.0,0.143,0.0,0.0,128.0,532.0
812815.0,0.0,-2.9084,0.175,0.0,0.0,0.0,0.143,0.0,0.0,128.0,527.0
812855.0,0.0,-2.91,-0.154,0.0,0.0,0.0,0.143,0.0,0.0,128.0,532.0
812895.0,0.0,-2.9084,0.043,0.0,0.0,0.0,0.143,0.0,0.0,128.0,526.0
812935.0,0.0,-2.9084,0.271,0.0,0.0,0.0,0.143,0.0,0.0,128.0,533.0
812976.0,0.0,-2.91,-0.088,0.0,0.0,0.0,0.143,0.0,0.0,128.0,532.0
813016.0,0.0,-2.9084,0.338,0.0,0.0,0.0,0.143,0.0,0.0,128.0,533.0
813057.0,0.0,-2.9084,0.265,0.0,0.0,0.0,0.143,0.0,0.0,128.0,533.0
813097.0,0.0,-2.9084,0.278,0.0,0.0,0.0,0.143,0.0,0.0,128.0,526.0
813137.0,0.0,-2.9084,0.092,0.0,0.0,0.0,0.143,0.0,0.0,128.0,526.0
813177.0,0.0,-2.91,-0.016,0.0,0.0,0.0,0.143,0.0,0.0,128.0,539.0
813217.0,0.0,-2.91,-0.002,0.0,0.0,0.0,0.143,0.0,0.0,128.0,533.0
813258.0,0.0,-2.91,0.014,0.0,0.0,0.0,0.143,0.0,0.0,128.0,526.0
813298.0,0.0,-2.91,-0.108,0.0,0.0,0.0,0.143,0.0,0.0,128.0,533.0
813338.0,0.0,-2.91,-0.147,0.0,0.0,0.0,0.143,0.0,0.0,128.0,533.0
813378.0,0.0,-2.91,-0.159,0.0,0.0,0.0,0.143,0.0,0.0,128.0,532.0
813418.0,0.0,-2.91,-0.133,0.0,0.0,0.0,0.143,0.0,0.0,128.0,539.0
813459.0,0.0,-2.91,-0.003,0.0,0.0,0.0,0.143,0.0,0.0,128.0,526.0
813499.0,0.0,-2.9084,0.103,0.0,0.0,0.0,0.143,0.0,0.0,128.0,532.0
813539.0,0.0,-2.91,-0.084,0.0,0.0,0.0,0.143,0.0,0.0,128.0,538.0
813579.0,0.0,-2.91,-0.186,0.0,0.0,0.0,0.143,0.0,0.0,128.0,532.0
813620.0,0.0,-2.91,-0.089,0.0,0.0,0.0,0.143,0.0,0.0,128.0,539.0
813660.0,0.0,-2.91,-0.087,0.0,0.0,0.0,0.143,0.0,0.0,128.0,532.0
813700.0,0.0,-2.9084,0.227,0.0,0.0,0.0,0.143,0.0,0.0,128.0,538.0
813740.0,0.0,-2.9084,0.24,0.0,0.0,0.0,0.143,0.0,0.0,128.0,538.0
813781.0,0.0,-2.91,-0.161,0.0,0.0,0.0,0.143,0.0,0.0,128.0,526.0
813821.0,0.0,-2.91,-0.002,0.0,0.0,0.0,0.143,0.0,0.0,128.0,539.0
813861.0,0.0,-2.91,-0.144,0.0,0.0,0.0,0.143,0.0,0.0,128.0,532.0
813901.0,0.0,-2.91,-0.077,0.0,0.0,0.0,0.143,0.0,0.0,128.0,532.0
813942.0,0.0,-2.91,-0.114,0.0,0.0,0.0,0.143,0.0,0.0,128.0,526.0
813982.0,0.0,-2.91,-0.075,0.0,0.0,0.0,0.143,0.0,0.0,128.0,526.0
814022.0,0.0,-2.9084,0.203,0.0,0.0,0.0,0.143,0.0,0.0,128.0,526.0
814063.0,0.0,-2.91,-0.043,0.0,0.0,0.0,0.143,0.0,0.0,128.0,527.0
814103.0,0.0,-2.91,-0.083,0.0,0.0,0.0,0.143,0.0,0.0,128.0,526.0
814143.0,0.0,-2.91,-0.076,0.0,0.0,0.0,0.143,0.0,0.0,128.0,539.0
814183.0,0.0,-2.91,-0.002,0.0,0.0,0.0,0.143,0.0,0.0,128.0,527.0
814224.0,0.0,-2.91,-0.11,0.0,0.0,0.0,0.143,0.0,0.0,128.0,526.0
814264.0,0.0,-2.91,-0.052,0.0,0.0,0.0,0.143,0.0,0.0,128.0,526.0
814304.0,0.0,-2.91,-0.131,0.0,0.0,0.0,0.143,0.0,0.0,128.0,538.0
814345.0,0.0,-2.91,-0.145,0.0,0.0,0.0,0.143,0.0,0.0,128.0,526.0
814385.0,0.0,-2.91,-0.095,0.0,0.0,0.0,0.143,0.0,0.0,128.0,539.0
814425.0,0.0,-2.91,-0.182,0.0,0.0,0.0,0.143,0.0,0.0,128.0,532.0
814466.0,0.0,-2.9084,0.259,0.0,0.0,0.0,0.143,0.0,0.0,128.0,526.0
814506.0,0.0,-2.91,-0.071,0.0,0.0,0.0,0.143,0.0,0.0,128.0,539.0
814546.0,0.0,-2.9084,0.34,0.0,0.0,0.0,0.143,0.0,0.0,128.0,538.0
814586.0,0.0,-2.91,-0.173,0.0,0.0,0.0,0.143,0.0,0.0,128.0,539.0
814626.0,0.0,-2.91,-0.105,0.0,0.0,0.0,0.143,0.0,0.0,128.0,538.0
814667.0,0.0,-2.91,-0.11,0.0,0.0,0.0,0.143,0.0,0.0,128.0,539.0
814707.0,0.0,-2.9084,0.175,0.0,0.0,0.0,0.143,0.0,0.0,128.0,532.0
814748.0,0.0,-2.91,-0.049,0.0,0.0,0.0,0.143,0.0,0.0,128.0,532.0
814788.0,0.0,-2.91,-0.201,0.0,0.0,0.0,0.143,0.0,0.0,128.0,538.0
814828.0,0.0,-2.9084,0.108,0.0,0.0,0.0,0.143,0.0,0.0,128.0,532.0
814869.0,0.0,-2.91,-0.118,0.0,0.0,0.0,0.143,0.0,0.0,128.0,526.0
814909.0,0.0,-2.9084,0.197,0.0,0.0,0.0,0.143,0.0,0.0,128.0,539.0
814949.0,0.0,-2.9084,0.328,0.0,0.0,0.0,0.143,0.0,0.0,128.0,527.0
814989.0,0.0,-2.91,-0.078,0.0,0.0,0.0,0.143,0.0,0.0,128.0,527.0
815030.0,0.0,-2.91,-0.144,0.0,0.0,0.0,0.143,0.0,0.0,128.0,532.0
815070.0,0.0,-2.9084,0.211,0.0,0.0,0.0,0.143,0.0,0.0,128.0,527.0
815111.0,0.0,-2.91,-0.239,0.0,0.0,0.0,0.143,0.0,0.0,128.0,526.0
815151.0,0.0,-2.91,-0.158,0.0,0.0,0.0,0.143,0.0,0.0,128.0,526.0
815191.0,0.0,-2.91,-0.108,0.0,0.0,0.0,0.143,0.0,0.0,128.0,527.0
815231.0,0.0,-2.91,-0.06,0.0,0.0,0.0,0.143,0.0,0.0,128.0,532.0
815272.0,0.0,-2.9084,0.298,0.0,0.0,0.0,0.143,0.0,0.0,128.0,538.0
815312.0,0.0,-2.9084,0.19,0.0,0.0,0.0,0.143,0.0,0.0,128.0,526.0
815353.0,0.0,-2.91,-0.015,0.0,0.0,0.0,0.143,0.0,0.0,128.0,526.0
815393.0,0.0,-2.9084,0.218,0.0,0.0,0.0,0.143,0.0,0.0,128.0,532.0
815433.0,0.0,-2.91,-0.126,0.0,0.0,0.0,0.143,0.0,0.0,128.0,538.0
815473.0,0.0,-2.91,-0.147,0.0,0.0,0.0,0.143,0.0,0.0,128.0,526.0
815513.0,0.0,-2.9084,0.336,0.0,0.0,0.0,0.143,0.0,0.0,128.0,527.0
815553.0,0.0,-2.91,-0.065,0.0,0.0,0.0,0.143,0.0,0.0,128.0,532.0
815594.0,0.0,-2.9084,0.191,0.0,0.0,0.0,0.143,0.0,0.0,128.0,532.0
815634.0,0.0,-2.9084,0.292,0.0,0.0,0.0,0.143,0.0,0.0,128.0,526.0
815675.0,0.0,-2.91,-0.071,0.0,0.0,0.0,0.143,0.0,0.0,128.0,527.0
815715.0,0.0,-2.91,-0.103,0.0,0.0,0.0,0.143,0.0,0.0,128.0,538.0
815755.0,0.0,-2.91,-0.147,0.0,0.0,0.0,0.143,0.0,0.0,128.0,526.0
815795.0,0.0,-2.9084,0.262,0.0,0.0,0.0,0.143,0.0,0.0,128.0,532.0
815835.0,0.0,-2.91,-0.115,0.0,0.0,0.0,0.143,0.0,0.0,128.0,532.0
815875.0,0.0,-2.91,-0.104,0.0,0.0,0.0,0.143,0.0,0.0,128.0,538.0
815916.0,0.0,-2.91,-0.088,0.0,0.0,0.0,0.143,0.0,0.0,128.0,532.0
815956.0,0.0,-2.91,-0.095,0.0,0.0,0.0,0.143,0.0,0.0,128.0,533.0
815996.0,0.0,-2.9084,0.243,0.0,0.0,0.0,0.143,0.0,0.0,128.0,539.0
816036.0,0.0,-2.91,-0.117,0.0,0.0,0.0,0.143,0.0,0.0,128.0,538.0
816076.0,0.0,-2.91,-0.214,0.0,0.0,0.0,0.143,0.0,0.0,128.0,532.0
816116.0,0.0,-2.9084,0.233,0.0,0.0,0.0,0.143,0.0,0.0,128.0,538.0
816157.0,0.0,-2.9084,0.307,0.0,0.0,0.0,0.143,0.0,0.0,128.0,538.0
816197.0,0.0,-2.91,-0.212,0.0,0.0,0.0,0.143,0.0,0.0,128.0,526.0
816237.0,0.0,-2.91,0.012,0.0,0.0,0.0,0.143,0.0,0.0,128.0,526.0
816277.0,0.0,-2.91,-0.015,0.0,0.0,0.0,0.143,0.0,0.0,128.0,526.0
816317.0,0.0,-2.91,-0.094,0.0,0.0,0.0,0.143,0.0,0.0,128.0,526.0
816357.0,0.0,-2.9084,0.27,0.0,0.0,0.0,0.143,0.0,0.0,128.0,532.0
816398.0,0.0,-2.9084,0.221,0.0,0.0,0.0,0.143,0.0,0.0,128.0,526.0
816438.0,0.0,-2.91,-0.143,0.0,0.0,0.0,0.143,0.0,0.0,128.0,532.0
816478.0,0.0,-2.91,-0.013,0.0,0.0,0.0,0.143,0.0,0.0,128.0,526.0
816518.0,0.0,-2.9084,0.148,0.0,0.0,0.0,0.143,0.0,0.0,128.0,533.0
816558.0,0.0,-2.9084,0.337,0.0,0.0,0.0,0.143,0.0,0.0,128.0,538.0
816599.0,0.0,-2.91,-0.054,0.0,0.0,0.0,0.143,0.0,0.0,128.0,538.0
816639.0,0.0,-2.9084,0.2,0.0,0.0,0.0,0.143,0.0,0.0,128.0,533.0
816680.0,0.0,-2.9084,0.34,0.0,0.0,0.0,0.143,0.0,0.0,128.0,526.0
816720.0,0.0,-2.91,-0.032,0.0,0.0,0.0,0.143,0.0,0.0,128.0,526.0
816760.0,0.0,-2.91,-0.055,0.0,0.0,0.0,0.143,0.0,0.0,128.0,539.0
816801.0,0.0,-2.91,-0.114,0.0,0.0,0.0,0.143,0.0,0.0,128.0,526.0
816841.0,0.0,-2.9084,0.208,0.0,0.0,0.0,0.143,0.0,0.0,128.0,526.0
816881.0,0.0,-2.91,-0.145,0.0,0.0,0.0,0.143,0.0,0.0,128.0,538.0
816921.0,0.0,-2.91,-0.076,0.0,0.0,0.0,0.143,0.0,0.0,128.0,526.0
816961.0,0.0,-2.91,-0.01,0.0,0.0,0.0,0.143,0.0,0.0,128.0,533.0
817002.0,0.0,-2.9084,0.175,0.0,0.0,0.0,0.143,0.0,0.0,128.0,538.0
817042.0,0.0,-2.91,-0.063,0.0,0.0,0.0,0.143,0.0,0.0,128.0,526.0
817082.0,0.0,-2.91,-0.074,0.0,0.0,0.0,0.143,0.0,0.0,128.0,532.0
817122.0,0.0,-2.91,-0.017,0.0,0.0,0.0,0.143,0.0,0.0,128.0,532.0
817162.0,0.0,-2.91,-0.05,0.0,0.0,0.0,0.143,0.0,0.0,128.0,532.0
817203.0,0.0,-2.9084,0.259,0.0,0.0,0.0,0.143,0.0,0.0,128.0,538.0
817243.0,0.0,-2.91,-0.183,0.0,0.0,0.0,0.143,0.0,0.0,128.0,526.0
817283.0,0.0,-2.91,-0.105,0.0,0.0,0.0,0.143,0.0,0.0,128.0,526.0
817323.0,0.0,-2.9084,0.335,0.0,0.0,0.0,0.143,0.0,0.0,128.0,526.0
817364.0,0.0,-2.9084,0.182,0.0,0.0,0.0,0.143,0.0,0.0,128.0,538.0
817404.0,0.0,-2.9084,0.195,0.0,0.0,0.0,0.143,0.0,0.0,128.0,527.0
817444.0,0.0,-2.91,-0.049,0.0,0.0,0.0,0.143,0.0,0.0,128.0,538.0
817484.0,0.0,-2.91,-0.025,0.0,0.0,0.0,0.143,0.0,0.0,128.0,539.0
817525.0,0.0,-2.9084,0.204,0.0,0.0,0.0,0.143,0.0,0.0,128.0,526.0
817565.0,0.0,-2.91,-0.077,0.0,0.0,0.0,0.143,0.0,0.0,128.0,538.0
817605.0,0.0,-2.9084,0.247,0.0,0.0,0.0,0.143,0.0,0.0,128.0,526.0
817645.0,0.0,-2.9084,0.311,0.0,0.0,0.0,0.143,0.0,0.0,128.0,532.0
817686.0,0.0,-2.91,-0.05,0.0,0.0,0.0,0.143,0.0,0.0,128.0,533.0
817726.0,0.0,-2.91,-0.169,0.0,0.0,0.0,0.143,0.0,0.0,128.0,527.0
817766.0,0.0,-2.9084,0.276,0.0,0.0,0.0,0.143,0.0,0.0,128.0,533.0
817806.0,0.0,-2.91,-0.066,0.0,0.0,0.0,0.143,0.0,0.0,128.0,532.0
817847.0,0.0,-2.9084,0.132,0.0,0.0,0.0,0.143,0.0,0.0,128.0,526.0
817887.0,0.0,-2.91,-0.058,0.0,0.0,0.0,0.143,0.0,0.0,128.0,526.0
817927.0,0.0,-2.9084,0.189,0.0,0.0,0.0,0.143,0.0,0.0,128.0,538.0
817968.0,0.0,-2.9084,0.34,0.0,0.0,0.0,0.143,0.0,0.0,128.0,527.0
818008.0,0.0,-2.91,-0.025,0.0,0.0,0.0,0.143,0.0,0.0,128.0,527.0
818048.0,0.0,-2.91,-0.072,0.0,0.0,0.0,0.143,0.0,0.0,128.0,532.0
818089.0,0.0,-2.91,-0.11,0.0,0.0,0.0,0.143,0.0,0.0,128.0,526.0
818129.0,0.0,-2.91,-0.129,0.0,0.0,0.0,0.143,0.0,0.0,128.0,526.0
818169.0,0.0,-2.91,-0.147,0.0,0.0,0.0,0.143,0.0,0.0,128.0,533.0
818210.0,0.0,-2.91,-0.033,0.0,0.0,0.0,0.143,0.0,0.0,128.0,532.0
818250.0,0.0,-2.91,-0.089,0.0,0.0,0.0,0.143,0.0,0.0,128.0,538.0
818290.0,0.0,-2.91,-0.205,0.0,0.0,0.0,0.143,0.0,0.0,128.0,532.0
818330.0,0.0,-2.91,-0.081,0.0,0.0,0.0,0.143,0.0,0.0,128.0,539.0
818370.0,0.0,-2.91,-0.25,0.0,0.0,0.0,0.143,0.0,0.0,128.0,526.0
818410.0,0.0,-2.9084,0.191,0.0,0.0,0.0,0.143,0.0,0.0,128.0,533.0
818451.0,0.0,-2.9084,0.286,0.0,0.0,0.0,0.143,0.0,0.0,128.0,527.0
818491.0,0.0,-2.91,-0.004,0.0,0.0,0.0,0.143,0.0,0.0,128.0,526.0
818531.0,0.0,-2.91,-0.01,0.0,0.0,0.0,0.143,0.0,0.0,128.0,538.0
818572.0,0.0,-2.9084,0.308,0.0,0.0,0.0,0.143,0.0,0.0,128.0,539.0
818612.0,0.0,-2.91,-0.093,0.0,0.0,0.0,0.143,0.0,0.0,128.0,526.0
818652.0,0.0,-2.91,-0.071,0.0,0.0,0.0,0.143,0.0,0.0,128.0,538.0
818693.0,0.0,-2.91,-0.021,0.0,0.0,0.0,0.143,0.0,0.0,128.0,533.0
818733.0,0.0,-2.91,-0.063,0.0,0.0,0.0,0.143,0.0,0.0,128.0,538.0
818773.0,0.0,-2.91,-0.014,0.0,0.0,0.0,0.143,0.0,0.0,128.0,526.0
818813.0,0.0,-2.9084,0.125,0.0,0.0,0.0,0.143,0.0,0.0,128.0,539.0
818854.0,0.0,-2.91,-0.01,0.0,0.0,0.0,0.143,0.0,0.0,128.0,526.0
818894.0,0.0,-2.91,-0.083,0.0,0.0,0.0,0.143,0.0,0.0,128.0,526.0
818934.0,0.0,-2.9084,0.136,0.0,0.0,0.0,0.143,0.0,0.0,128.0,538.0
818975.0,0.0,-2.91,-0.002,0.0,0.0,0.0,0.143,0.0,0.0,128.0,526.0
819015.0,0.0,-2.91,-0.174,0.0,0.0,0.0,0.143,0.0,0.0,128.0,526.0
819055.0,0.0,-2.91,-0.058,0.0,0.0,0.0,0.143,0.0,0.0,128.0,527.0
819095.0,0.0,-2.91,-0.037,0.0,0.0,0.0,0.143,0.0,0.0,128.0,526.0
819136.0,0.0,-2.91,-0.0,0.0,0.0,0.0,0.143,0.0,0.0,128.0,533.0
819176.0,0.0,-2.9084,0.168,0.0,0.0,0.0,0.143,0.0,0.0,128.0,526.0
819216.0,0.0,-2.9084,0.126,0.0,0.0,0.0,0.143,0.0,0.0,128.0,526.0
819257.0,0.0,-2.91,-0.021,0.0,0.0,0.0,0.143,0.0,0.0,128.0,526.0
819297.0,0.0,-2.91,-0.112,0.0,0.0,0.0,0.143,0.0,0.0,128.0,532.0
819337.0,0.0,-2.91,-0.228,0.0,0.0,0.0,0.143,0.0,0.0,128.0,526.0
819378.0,0.0,-2.91,-0.166,0.0,0.0,0.0,0.143,0.0,0.0,128.0,527.0
819418.0,0.0,-2.91,-0.008,0.0,0.0,0.0,0.143,0.0,0.0,128.0,526.0
819458.0,0.0,-2.9084,0.224,0.0,0.0,0.0,0.143,0.0,0.0,128.0,532.0
819499.0,0.0,-2.91,-0.0,0.0,0.0,0.0,0.143,0.0,0.0,128.0,525.0
819539.0,0.0,-2.91,-0.061,0.0,0.0,0.0,0.143,0.0,0.0,128.0,526.0
819579.0,0.0,-2.91,0.02,0.0,0.0,0.0,0.143,0.0,0.0,128.0,538.0
819619.0,0.0,-2.9084,0.185,0.0,0.0,0.0,0.143,0.0,0.0,128.0,539.0
819659.0,0.0,-2.9084,0.233,0.0,0.0,0.0,0.143,0.0,0.0,128.0,538.0
819700.0,0.0,-2.91,-0.089,0.0,0.0,0.0,0.143,0.0,0.0,128.0,526.0
819740.0,0.0,-2.91,0.016,0.0,0.0,0.0,0.143,0.0,0.0,128.0,532.0
819780.0,0.0,-2.91,-0.069,0.0,0.0,0.0,0.143,0.0,0.0,128.0,526.0
819820.0,0.0,-2.9084,0.302,0.0,0.0,0.0,0.143,0.0,0.0,128.0,526.0
819861.0,0.0,-2.9084,0.312,0.0,0.0,0.0,0.143,0.0,0.0,128.0,527.0
819901.0,0.0,-2.91,-0.05,0.0,0.0,0.0,0.143,0.0,0.0,128.0,527.0
819941.0,0.0,-2.9084,0.224,0.0,0.0,0.0,0.143,0.0,0.0,128.0,526.0
819981.0,0.0,-2.91,-0.15,0.0,0.0,0.0,0.143,0.0,0.0,128.0,532.0
820022.0,0.0,-2.91,-0.037,0.0,0.0,0.0,0.143,0.0,0.0,128.0,526.0
820062.0,0.0,-2.91,-0.063,0.0,0.0,0.0,0.143,0.0,0.0,128.0,527.0
820102.0,0.0,-2.9084,0.225,0.0,0.0,0.0,0.143,0.0,0.0,128.0,526.0
820142.0,0.0,-2.9084,0.234,0.0,0.0,0.0,0.143,0.0,0.0,128.0,526.0
820182.0,0.0,-2.9084,0.242,0.0,0.0,0.0,0.143,0.0,0.0,128.0,538.0
820223.0,0.0,-2.91,-0.022,0.0,0.0,0.0,0.143,0.0,0.0,128.0,526.0
820263.0,0.0,-2.91,-0.241,0.0,0.0,0.0,0.143,0.0,0.0,128.0,526.0
820303.0,0.0,-2.91,-0.022,0.0,0.0,0.0,0.143,0.0,0.0,128.0,526.0
820344.0,0.0,-2.91,-0.23,0.0,0.0,0.0,0.143,0.0,0.0,128.0,526.0
820384.0,0.0,-2.9084,0.231,0.0,0.0,0.0,0.143,0.0,0.0,128.0,538.0
820424.0,0.0,-2.91,-0.003,0.0,0.0,0.0,0.143,0.0,0.0,128.0,526.0
820464.0,0.0,-2.91,-0.131,0.0,0.0,0.0,0.143,0.0,0.0,128.0,532.0
820504.0,0.0,-2.91,-0.0,0.0,0.0,0.0,0.143,0.0,0.0,128.0,532.0
820545.0,0.0,-2.91,-0.239,0.0,0.0,0.0,0.143,0.0,0.0,128.0,539.0
820585.0,0.0,-2.91,-0.158,0.0,0.0,0.0,0.143,0.0,0.0,128.0,532.0
820626.0,0.0,-2.91,-0.003,0.0,0.0,0.0,0.143,0.0,0.0,128.0,526.0
820666.0,0.0,-2.91,0.018,0.0,0.0,0.0,0.143,0.0,0.0,128.0,532.0
820706.0,0.0,-2.9084,0.269,0.0,0.0,0.0,0.143,0.0,0.0,128.0,526.0
820746.0,0.0,-2.91,-0.054,0.0,0.0,0.0,0.143,0.0,0.0,128.0,526.0
820786.0,0.0,-2.91,-0.023,0.0,0.0,0.0,0.143,0.0,0.0,128.0,538.0
820827.0,0.0,-2.9084,0.244,0.0,0.0,0.0,0.143,0.0,0.0,128.0,526.0
820867.0,0.0,-2.9084,0.328,0.0,0.0,0.0,0.143,0.0,0.0,128.0,532.0
820907.0,0.0,-2.91,-0.193,0.0,0.0,0.0,0.143,0.0,0.0,128.0,526.0
820947.0,0.0,-2.91,-0.0,0.0,0.0,0.0,0.143,0.0,0.0,128.0,532.0
820988.0,0.0,-2.91,-0.078,0.0,0.0,0.0,0.143,0.0,0.0,128.0,538.0
821028.0,0.0,-2.91,-0.03,0.0,0.0,0.0,0.143,0.0,0.0,128.0,527.0
821068.0,0.0,-2.91,-0.074,0.0,0.0,0.0,0.143,0.0,0.0,128.0,538.0
821109.0,0.0,-2.91,-0.05,0.0,0.0,0.0,0.143,0.0,0.0,128.0,526.0
821149.0,0.0,-2.91,-0.03,0.0,0.0,0.0,0.143,0.0,0.0,128.0,526.0
821189.0,0.0,-2.91,-0.105,0.0,0.0,0.0,0.143,0.0,0.0,128.0,538.0
821229.0,0.0,-2.9084,0.265,0.0,0.0,0.0,0.143,0.0,0.0,128.0,539.0
821270.0,0.0,-2.91,-0.126,0.0,0.0,0.0,0.143,0.0,0.0,128.0,526.0
821310.0,0.0,-2.91,-0.119,0.0,0.0,0.0,0.143,0.0,0.0,128.0,532.0
821350.0,0.0,-2.91,0.009,0.0,0.0,0.0,0.143,0.0,0.0,128.0,532.0
821390.0,0.0,-2.9084,0.195,0.0,0.0,0.0,0.143,0.0,0.0,128.0,526.0
821431.0,0.0,-2.91,-0.186,0.0,0.0,0.0,0.143,0.0,0.0,128.0,526.0
821471.0,0.0,-2.91,-0.1,0.0,0.0,0.0,0.143,0.0,0.0,128.0,532.0
821511.0,0.0,-2.91,-0.008,0.0,0.0,0.0,0.143,0.0,0.0,128.0,527.0
821551.0,0.0,-2.91,-0.065,0.0,0.0,0.0,0.143,0.0,0.0,128.0,527.0
821591.0,0.0,-2.9084,0.254,0.0,0.0,0.0,0.143,0.0,0.0,128.0,526.0
821631.0,0.0,-2.91,-0.112,0.0,0.0,0.0,0.143,0.0,0.0,128.0,532.0
821671.0,0.0,-2.91,-0.228,0.0,0.0,0.0,0.143,0.0,0.0,128.0,538.0
821712.0,0.0,-2.91,-0.05,0.0,0.0,0.0,0.143,0.0,0.0,128.0,527.0
821752.0,0.0,-2.91,-0.105,0.0,0.0,0.0,0.143,0.0,0.0,128.0,527.0
821792.0,0.0,-2.91,-0.015,0.0,0.0,0.0,0.143,0.0,0.0,128.0,526.0
821832.0,0.0,-2.9084,0.341,0.0,0.0,0.0,0.143,0.0,0.0,128.0,539.0
821873.0,0.0,-2.91,-0.249,0.0,0.0,0.0,0.143,0.0,0.0,128.0,526.0
821913.0,0.0,-2.91,-0.141,0.0,0.0,0.0,0.143,0.0,0.0,128.0,539.0
821953.0,0.0,-2.9084,0.226,0.0,0.0,0.0,0.143,0.0,0.0,128.0,526.0
821993.0,0.0,-2.9084,0.336,0.0,0.0,0.0,0.143,0.0,0.0,128.0,526.0
822033.0,0.0,-2.91,-0.085,0.0,0.0,0.0,0.143,0.0,0.0,128.0,538.0
822074.0,0.0,-2.9084,0.26,0.0,0.0,0.0,0.143,0.0,0.0,128.0,538.0
822114.0,0.0,-2.91,-0.033,0.0,0.0,0.0,0.143,0.0,0.0,128.0,538.0
822155.0,0.0,-2.9084,0.234,0.0,0.0,0.0,0.143,0.0,0.0,128.0,539.0
822195.0,0.0,-2.9084,0.185,0.0,0.0,0.0,0.143,0.0,0.0,128.0,527.0
822235.0,0.0,-2.91,-0.008,0.0,0.0,0.0,0.143,0.0,0.0,128.0,538.0
822275.0,0.0,-2.9084,0.245,0.0,0.0,0.0,0.143,0.0,0.0,128.0,538.0
822316.0,0.0,-2.9084,0.36,0.0,0.0,0.0,0.143,0.0,0.0,128.0,538.0
822356.0,0.0,-2.9084,0.249,0.0,0.0,0.0,0.143,0.0,0.0,128.0,526.0
822397.0,0.0,-2.9084,0.265,0.0,0.0,0.0,0.143,0.0,0.0,128.0,539.0
822437.0,0.0,-2.91,-0.06,0.0,0.0,0.0,0.143,0.0,0.0,128.0,526.0
822477.0,0.0,-2.91,0.013,0.0,0.0,0.0,0.143,0.0,0.0,128.0,526.0
822517.0,0.0,-2.91,-0.142,0.0,0.0,0.0,0.143,0.0,0.0,128.0,526.0
822557.0,0.0,-2.91,-0.082,0.0,0.0,0.0,0.143,0.0,0.0,128.0,539.0
822598.0,0.0,-2.9084,0.132,0.0,0.0,0.0,0.143,0.0,0.0,128.0,526.0
822638.0,0.0,-2.91,-0.0,0.0,0.0,0.0,0.143,0.0,0.0,128.0,538.0
822678.0,0.0,-2.91,-0.144,0.0,0.0,0.0,0.143,0.0,0.0,128.0,526.0
822718.0,0.0,-2.9084,0.326,0.0,0.0,0.0,0.143,0.0,0.0,128.0,526.0
822758.0,0.0,-2.9084,0.303,0.0,0.0,0.0,0.143,0.0,0.0,128.0,526.0
822798.0,0.0,-2.9084,0.228,0.0,0.0,0.0,0.143,0.0,0.0,128.0,533.0
822839.0,0.0,-2.91,-0.002,0.0,0.0,0.0,0.143,0.0,0.0,128.0,526.0
822879.0,0.0,-2.91,-0.095,0.0,0.0,0.0,0.143,0.0,0.0,128.0,539.0
822919.0,0.0,-2.91,-0.117,0.0,0.0,0.0,0.143,0.0,0.0,128.0,538.0
822960.0,0.0,-2.91,-0.032,0.0,0.0,0.0,0.143,0.0,0.0,128.0,533.0
823000.0,0.0,-2.91,-0.041,0.0,0.0,0.0,0.143,0.0,0.0,128.0,527.0
823040.0,0.0,-2.91,-0.035,0.0,0.0,0.0,0.143,0.0,0.0,128.0,526.0
823080.0,0.0,-2.91,-0.136,0.0,0.0,0.0,0.143,0.0,0.0,128.0,527.0
823120.0,0.0,-2.91,-0.0,0.0,0.0,0.0,0.143,0.0,0.0,128.0,531.0
823161.0,0.0,-2.91,-0.002,0.0,0.0,0.0,0.143,0.0,0.0,128.0,526.0
823201.0,0.0,-2.91,-0.078,0.0,0.0,0.0,0.143,0.0,0.0,128.0,526.0
823241.0,0.0,-2.91,-0.015,0.0,0.0,0.0,0.143,0.0,0.0,128.0,538.0
823281.0,0.0,-2.91,-0.071,0.0,0.0,0.0,0.143,0.0,0.0,128.0,527.0
823321.0,0.0,-2.91,-0.267,0.0,0.0,0.0,0.143,0.0,0.0,128.0,532.0
823361.0,0.0,-2.9084,0.308,0.0,0.0,0.0,0.143,0.0,0.0,128.0,532.0
823402.0,0.0,-2.91,-0.134,0.0,0.0,0.0,0.143,0.0,0.0,128.0,532.0
823442.0,0.0,-2.9084,0.144,0.0,0.0,0.0,0.143,0.0,0.0,128.0,538.0
823482.0,0.0,-2.91,-0.078,0.0,0.0,0.0,0.143,0.0,0.0,128.0,532.0
823522.0,0.0,-2.91,-0.055,0.0,0.0,0.0,0.143,0.0,0.0,128.0,538.0
823563.0,0.0,-2.9084,0.332,0.0,0.0,0.0,0.143,0.0,0.0,128.0,533.0
823603.0,0.0,-2.91,0.006,0.0,0.0,0.0,0.143,0.0,0.0,128.0,526.0
823643.0,0.0,-2.91,-0.065,0.0,0.0,0.0,0.143,0.0,0.0,128.0,532.0
823684.0,0.0,-2.9084,0.271,0.0,0.0,0.0,0.143,0.0,0.0,128.0,527.0
823724.0,0.0,-2.91,-0.165,0.0,0.0,0.0,0.143,0.0,0.0,128.0,532.0
823764.0,0.0,-2.9084,0.205,0.0,0.0,0.0,0.143,0.0,0.0,128.0,532.0
823805.0,0.0,-2.91,-0.021,0.0,0.0,0.0,0.143,0.0,0.0,128.0,526.0
823845.0,0.0,-2.9084,0.215,0.0,0.0,0.0,0.143,0.0,0.0,128.0,527.0
823885.0,0.0,-2.91,-0.123,0.0,0.0,0.0,0.143,0.0,0.0,128.0,539.0
823925.0,0.0,-2.91,-0.117,0.0,0.0,0.0,0.143,0.0,0.0,128.0,538.0
823966.0,0.0,-2.91,-0.125,0.0,0.0,0.0,0.143,0.0,0.0,128.0,538.0
824006.0,0.0,-2.91,-0.008,0.0,0.0,0.0,0.143,0.0,0.0,128.0,533.0
824047.0,0.0,-2.9084,0.271,0.0,0.0,0.0,0.143,0.0,0.0,128.0,526.0
824087.0,0.0,-2.91,-0.008,0.0,0.0,0.0,0.143,0.0,0.0,128.0,533.0
824127.0,0.0,-2.91,-0.014,0.0,0.0,0.0,0.143,0.0,0.0,128.0,526.0
824167.0,0.0,-2.91,-0.176,0.0,0.0,0.0,0.143,0.0,0.0,128.0,526.0
824207.0,0.0,-2.91,-0.077,0.0,0.0,0.0,0.143,0.0,0.0,128.0,526.0
824247.0,0.0,-2.91,-0.098,0.0,0.0,0.0,0.143,0.0,0.0,128.0,532.0
824288.0,0.0,-2.91,-0.076,0.0,0.0,0.0,0.143,0.0,0.0,128.0,526.0
824328.0,0.0,-2.91,-0.063,0.0,0.0,0.0,0.143,0.0,0.0,128.0,527.0
824368.0,0.0,-2.91,-0.005,0.0,0.0,0.0,0.143,0.0,0.0,128.0,526.0
824408.0,0.0,-2.91,-0.034,0.0,0.0,0.0,0.143,0.0,0.0,128.0,538.0
824449.0,0.0,-2.91,-0.013,0.0,0.0,0.0,0.143,0.0,0.0,128.0,538.0
824489.0,0.0,-2.9084,0.352,0.0,0.0,0.0,0.143,0.0,0.0,128.0,538.0
824530.0,0.0,-2.91,-0.017,0.0,0.0,0.0,0.143,0.0,0.0,128.0,538.0
824570.0,0.0,-2.91,-0.107,0.0,0.0,0.0,0.143,0.0,0.0,128.0,531.0
824610.0,0.0,-2.91,-0.103,0.0,0.0,0.0,0.143,0.0,0.0,128.0,532.0
824651.0,0.0,-2.91,-0.117,0.0,0.0,0.0,0.143,0.0,0.0,128.0,526.0
824691.0,0.0,-2.91,-0.146,0.0,0.0,0.0,0.143,0.0,0.0,128.0,532.0
824731.0,0.0,-2.91,-0.001,0.0,0.0,0.0,0.143,0.0,0.0,128.0,538.0
824771.0,0.0,-2.9084,0.357,0.0,0.0,0.0,0.143,0.0,0.0,128.0,533.0
824812.0,0.0,-2.91,-0.162,0.0,0.0,0.0,0.143,0.0,0.0,128.0,527.0
824852.0,0.0,-2.9084,0.146,0.0,0.0,0.0,0.143,0.0,0.0,128.0,526.0
824893.0,0.0,-2.91,-0.105,0.0,0.0,0.0,0.143,0.0,0.0,128.0,526.0
824933.0,0.0,-2.91,-0.114,0.0,0.0,0.0,0.143,0.0,0.0,128.0,527.0
824973.0,0.0,-2.91,-0.077,0.0,0.0,0.0,0.143,0.0,0.0,128.0,526.0
825013.0,0.0,-2.91,-0.159,0.0,0.0,0.0,0.143,0.0,0.0,128.0,538.0
825054.0,0.0,-2.9084,0.336,0.0,0.0,0.0,0.143,0.0,0.0,128.0,526.0
825094.0,0.0,-2.91,-0.145,0.0,0.0,0.0,0.143,0.0,0.0,128.0,526.0
825134.0,0.0,-2.91,-0.096,0.0,0.0,0.0,0.143,0.0,0.0,128.0,527.0
825174.0,0.0,-2.91,-0.068,0.0,0.0,0.0,0.143,0.0,0.0,128.0,538.0
825215.0,0.0,-2.91,-0.233,0.0,0.0,0.0,0.143,0.0,0.0,128.0,526.0
825255.0,0.0,-2.91,-0.038,0.0,0.0,0.0,0.143,0.0,0.0,128.0,538.0
825295.0,0.0,-2.91,-0.129,0.0,0.0,0.0,0.143,0.0,0.0,128.0,527.0
825336.0,0.0,-2.9084,0.217,0.0,0.0,0.0,0.143,0.0,0.0,128.0,526.0
825376.0,0.0,-2.91,-0.097,0.0,0.0,0.0,0.143,0.0,0.0,128.0,532.0
825416.0,0.0,-2.91,-0.015,0.0,0.0,0.0,0.143,0.0,0.0,128.0,539.0
825457.0,0.0,-2.91,-0.0,0.0,0.0,0.0,0.143,0.0,0.0,128.0,526.0
825497.0,0.0,-2.91,-0.068,0.0,0.0,0.0,0.143,0.0,0.0,128.0,526.0
825537.0,0.0,-2.9084,0.159,0.0,0.0,0.0,0.143,0.0,0.0,128.0,538.0
825578.0,0.0,-2.9084,0.299,0.0,0.0,0.0,0.143,0.0,0.0,128.0,538.0
825618.0,0.0,-2.91,-0.07,0.0,0.0,0.0,0.143,0.0,0.0,128.0,538.0
825659.0,0.0,-2.91,-0.069,0.0,0.0,0.0,0.143,0.0,0.0,128.0,532.0
825699.0,0.0,-2.91,-0.037,0.0,0.0,0.0,0.143,0.0,0.0,128.0,527.0
825740.0,0.0,-2.91,-0.001,0.0,0.0,0.0,0.143,0.0,0.0,128.0,526.0
825780.0,0.0,-2.91,-0.015,0.0,0.0,0.0,0.143,0.0,0.0,128.0,532.0
825820.0,0.0,-2.91,-0.091,0.0,0.0,0.0,0.143,0.0,0.0,128.0,532.0
825860.0,0.0,-2.9084,0.226,0.0,0.0,0.0,0.143,0.0,0.0,128.0,526.0
825900.0,0.0,-2.9084,0.219,0.0,0.0,0.0,0.143,0.0,0.0,128.0,526.0
825940.0,0.0,-2.91,-0.0,0.0,0.0,0.0,0.143,0.0,0.0,128.0,525.0
825980.0,0.0,-2.91,-0.035,0.0,0.0,0.0,0.143,0.0,0.0,128.0,538.0
826021.0,0.0,-2.91,-0.119,0.0,0.0,0.0,0.143,0.0,0.0,128.0,532.0
826061.0,0.0,-2.91,-0.213,0.0,0.0,0.0,0.143,0.0,0.0,128.0,532.0
826101.0,0.0,-2.9084,0.198,0.0,0.0,0.0,0.143,0.0,0.0,128.0,526.0
826141.0,0.0,-2.91,-0.033,0.0,0.0,0.0,0.143,0.0,0.0,128.0,539.0
826181.0,0.0,-2.91,-0.135,0.0,0.0,0.0,0.143,0.0,0.0,128.0,532.0
826222.0,0.0,-2.91,-0.005,0.0,0.0,0.0,0.143,0.0,0.0,128.0,532.0
826262.0,0.0,-2.9084,0.323,0.0,0.0,0.0,0.143,0.0,0.0,128.0,538.0
826302.0,0.0,-2.9084,0.142,0.0,0.0,0.0,0.143,0.0,0.0,128.0,539.0
826343.0,0.0,-2.91,-0.021,0.0,0.0,0.0,0.143,0.0,0.0,128.0,526.0
826383.0,0.0,-2.91,-0.075,0.0,0.0,0.0,0.143,0.0,0.0,128.0,526.0
826423.0,0.0,-2.91,-0.051,0.0,0.0,0.0,0.143,0.0,0.0,128.0,526.0
826463.0,0.0,-2.91,-0.111,0.0,0.0,0.0,0.143,0.0,0.0,128.0,527.0
826504.0,0.0,-2.91,-0.016,0.0,0.0,0.0,0.143,0.0,0.0,128.0,526.0
826544.0,0.0,-2.91,-0.09,0.0,0.0,0.0,0.143,0.0,0.0,128.0,527.0
826584.0,0.0,-2.9084,0.096,0.0,0.0,0.0,0.143,0.0,0.0,128.0,533.0
826624.0,0.0,-2.91,-0.105,0.0,0.0,0.0,0.143,0.0,0.0,128.0,526.0
826664.0,0.0,-2.9084,0.327,0.0,0.0,0.0,0.143,0.0,0.0,128.0,526.0
826704.0,0.0,-2.9084,0.308,0.0,0.0,0.0,0.143,0.0,0.0,128.0,532.0
826745.0,0.0,-2.9084,0.261,0.0,0.0,0.0,0.143,0.0,0.0,128.0,527.0
826785.0,0.0,-2.91,-0.181,0.0,0.0,0.0,0.143,0.0,0.0,128.0,532.0
826825.0,0.0,-2.91,-0.148,0.0,0.0,0.0,0.143,0.0,0.0,128.0,538.0
826866.0,0.0,-2.9084,0.306,0.0,0.0,0.0,0.143,0.0,0.0,128.0,532.0
826906.0,0.0,-2.91,-0.139,0.0,0.0,0.0,0.143,0.0,0.0,128.0,532.0
826946.0,0.0,-2.91,-0.002,0.0,0.0,0.0,0.143,0.0,0.0,128.0,539.0
826987.0,0.0,-2.91,-0.013,0.0,0.0,0.0,0.143,0.0,0.0,128.0,526.0
827027.0,0.0,-2.9084,0.32,0.0,0.0,0.0,0.143,0.0,0.0,128.0,532.0
827067.0,0.0,-2.91,-0.173,0.0,0.0,0.0,0.143,0.0,0.0,128.0,539.0
827108.0,0.0,-2.91,-0.076,0.0,0.0,0.0,0.143,0.0,0.0,128.0,533.0
827148.0,0.0,-2.91,-0.118,0.0,0.0,0.0,0.143,0.0,0.0,128.0,526.0
827188.0,0.0,-2.91,-0.022,0.0,0.0,0.0,0.143,0.0,0.0,128.0,526.0
827228.0,0.0,-2.91,0.008,0.0,0.0,0.0,0.143,0.0,0.0,128.0,527.0
827269.0,0.0,-2.9084,0.336,0.0,0.0,0.0,0.143,0.0,0.0,128.0,526.0
827309.0,0.0,-2.91,-0.047,0.0,0.0,0.0,0.143,0.0,0.0,128.0,526.0
827349.0,0.0,-2.91,-0.227,0.0,0.0,0.0,0.143,0.0,0.0,128.0,526.0
827389.0,0.0,-2.9084,0.244,0.0,0.0,0.0,0.143,0.0,0.0,128.0,539.0
827430.0,0.0,-2.91,-0.241,0.0,0.0,0.0,0.143,0.0,0.0,128.0,532.0
827470.0,0.0,-2.91,-0.017,0.0,0.0,0.0,0.143,0.0,0.0,128.0,526.0
827510.0,0.0,-2.91,-0.0,0.0,0.0,0.0,0.143,0.0,0.0,128.0,525.0
827550.0,0.0,-2.91,-0.154,0.0,0.0,0.0,0.143,0.0,0.0,128.0,532.0
827591.0,0.0,-2.91,-0.12,0.0,0.0,0.0,0.143,0.0,0.0,128.0,538.0
827631.0,0.0,-2.91,-0.034,0.0,0.0,0.0,0.143,0.0,0.0,128.0,539.0
827672.0,0.0,-2.91,-0.085,0.0,0.0,0.0,0.143,0.0,0.0,128.0,526.0
827712.0,0.0,-2.91,-0.056,0.0,0.0,0.0,0.143,0.0,0.0,128.0,526.0
827752.0,0.0,-2.91,-0.121,0.0,0.0,0.0,0.143,0.0,0.0,128.0,538.0
827793.0,0.0,-2.91,-0.142,0.0,0.0,0.0,0.143,0.0,0.0,128.0,539.0
827833.0,0.0,-2.9084,0.277,0.0,0.0,0.0,0.143,0.0,0.0,128.0,526.0
827874.0,0.0,-2.9084,0.14,0.0,0.0,0.0,0.143,0.0,0.0,128.0,538.0
827914.0,0.0,-2.91,-0.084,0.0,0.0,0.0,0.143,0.0,0.0,128.0,532.0
827954.0,0.0,-2.91,-0.001,0.0,0.0,0.0,0.143,0.0,0.0,128.0,532.0
827994.0,0.0,-2.91,-0.108,0.0,0.0,0.0,0.143,0.0,0.0,128.0,538.0
828035.0,0.0,-2.91,-0.175,0.0,0.0,0.0,0.143,0.0,0.0,128.0,532.0
828075.0,0.0,-2.91,-0.215,0.0,0.0,0.0,0.143,0.0,0.0,128.0,532.0
828116.0,0.0,-2.91,-0.075,0.0,0.0,0.0,0.143,0.0,0.0,128.0,531.0
828156.0,0.0,-2.9084,0.255,0.0,0.0,0.0,0.143,0.0,0.0,128.0,532.0
828196.0,0.0,-2.91,-0.071,0.0,0.0,0.0,0.143,0.0,0.0,128.0,526.0
828236.0,0.0,-2.9084,0.263,0.0,0.0,0.0,0.143,0.0,0.0,128.0,538.0
828276.0,0.0,-2.91,-0.135,0.0,0.0,0.0,0.143,0.0,0.0,128.0,532.0
828317.0,0.0,-2.91,-0.022,0.0,0.0,0.0,0.143,0.0,0.0,128.0,527.0
828357.0,0.0,-2.9084,0.338,0.0,0.0,0.0,0.143,0.0,0.0,128.0,526.0
828397.0,0.0,-2.91,-0.021,0.0,0.0,0.0,0.143,0.0,0.0,128.0,526.0
828437.0,0.0,-2.91,-0.0,0.0,0.0,0.0,0.143,0.0,0.0,128.0,525.0
828477.0,0.0,-2.91,-0.176,0.0,0.0,0.0,0.143,0.0,0.0,128.0,539.0
828518.0,0.0,-2.91,-0.085,0.0,0.0,0.0,0.143,0.0,0.0,128.0,532.0
828558.0,0.0,-2.9084,0.208,0.0,0.0,0.0,0.143,0.0,0.0,128.0,526.0
828598.0,0.0,-2.91,-0.071,0.0,0.0,0.0,0.143,0.0,0.0,128.0,538.0
828638.0,0.0,-2.91,-0.01,0.0,0.0,0.0,0.143,0.0,0.0,128.0,539.0
828678.0,0.0,-2.91,-0.078,0.0,0.0,0.0,0.143,0.0,0.0,128.0,538.0
828719.0,0.0,-2.9084,0.245,0.0,0.0,0.0,0.143,0.0,0.0,128.0,526.0
828759.0,0.0,-2.91,-0.095,0.0,0.0,0.0,0.143,0.0,0.0,128.0,539.0
828799.0,0.0,-2.9084,0.189,0.0,0.0,0.0,0.143,0.0,0.0,128.0,526.0
828839.0,0.0,-2.9084,0.333,0.0,0.0,0.0,0.143,0.0,0.0,128.0,538.0
828880.0,0.0,-2.91,-0.035,0.0,0.0,0.0,0.143,0.0,0.0,128.0,526.0
828920.0,0.0,-2.91,-0.049,0.0,0.0,0.0,0.143,0.0,0.0,128.0,533.0
828960.0,0.0,-2.91,-0.005,0.0,0.0,0.0,0.143,0.0,0.0,128.0,532.0
829001.0,0.0,-2.91,-0.135,0.0,0.0,0.0,0.143,0.0,0.0,128.0,526.0
829041.0,0.0,-2.91,-0.084,0.0,0.0,0.0,0.143,0.0,0.0,128.0,539.0
829081.0,0.0,-2.91,-0.069,0.0,0.0,0.0,0.143,0.0,0.0,128.0,538.0
829122.0,0.0,-2.9084,0.167,0.0,0.0,0.0,0.143,0.0,0.0,128.0,526.0
829162.0,0.0,-2.9084,0.32,0.0,0.0,0.0,0.143,0.0,0.0,128.0,526.0
829203.0,0.0,-2.9084,0.192,0.0,0.0,0.0,0.143,0.0,0.0,128.0,527.0
829243.0,0.0,-2.9084,0.222,0.0,0.0,0.0,0.143,0.0,0.0,128.0,526.0
829284.0,0.0,-2.91,-0.134,0.0,0.0,0.0,0.143,0.0,0.0,128.0,538.0
829324.0,0.0,-2.91,-0.038,0.0,0.0,0.0,0.143,0.0,0.0,128.0,526.0
829364.0,0.0,-2.91,-0.136,0.0,0.0,0.0,0.143,0.0,0.0,128.0,527.0
829404.0,0.0,-2.91,-0.05,0.0,0.0,0.0,0.143,0.0,0.0,128.0,532.0
829445.0,0.0,-2.91,-0.16,0.0,0.0,0.0,0.143,0.0,0.0,128.0,531.0
829485.0,0.0,-2.9084,0.219,0.0,0.0,0.0,0.143,0.0,0.0,128.0,532.0
829525.0,0.0,-2.91,-0.037,0.0,0.0,0.0,0.143,0.0,0.0,128.0,539.0
829566.0,0.0,-2.91,-0.003,0.0,0.0,0.0,0.143,0.0,0.0,128.0,527.0
829606.0,0.0,-2.91,-0.008,0.0,0.0,0.0,0.143,0.0,0.0,128.0,538.0
829646.0,0.0,-2.91,-0.106,0.0,0.0,0.0,0.143,0.0,0.0,128.0,526.0
829686.0,0.0,-2.91,-0.154,0.0,0.0,0.0,0.143,0.0,0.0,128.0,533.0
829726.0,0.0,-2.9084,0.115,0.0,0.0,0.0,0.143,0.0,0.0,128.0,533.0
829767.0,0.0,-2.9084,0.284,0.0,0.0,0.0,0.143,0.0,0.0,128.0,538.0
829807.0,0.0,-2.9084,0.304,0.0,0.0,0.0,0.143,0.0,0.0,128.0,526.0
829848.0,0.0,-2.91,-0.075,0.0,0.0,0.0,0.143,0.0,0.0,128.0,526.0
829888.0,0.0,-2.91,-0.167,0.0,0.0,0.0,0.143,0.0,0.0,128.0,532.0
829928.0,0.0,-2.91,-0.106,0.0,0.0,0.0,0.143,0.0,0.0,128.0,538.0
829968.0,0.0,-2.91,-0.162,0.0,0.0,0.0,0.143,0.0,0.0,128.0,533.0
830008.0,0.0,-2.91,-0.082,0.0,0.0,0.0,0.143,0.0,0.0,128.0,538.0
830049.0,0.0,-2.91,-0.133,0.0,0.0,0.0,0.143,0.0,0.0,128.0,527.0
830089.0,0.0,-2.91,-0.117,0.0,0.0,0.0,0.143,0.0,0.0,128.0,527.0
830129.0,0.0,-2.91,-0.049,0.0,0.0,0.0,0.143,0.0,0.0,128.0,538.0
830170.0,0.0,-2.91,-0.206,0.0,0.0,0.0,0.143,0.0,0.0,128.0,526.0
830210.0,0.0,-2.91,-0.151,0.0,0.0,0.0,0.143,0.0,0.0,128.0,526.0
830250.0,0.0,-2.9084,0.234,0.0,0.0,0.0,0.143,0.0,0.0,128.0,526.0
830290.0,0.0,-2.91,-0.143,0.0,0.0,0.0,0.143,0.0,0.0,128.0,538.0
830331.0,0.0,-2.91,-0.022,0.0,0.0,0.0,0.143,0.0,0.0,128.0,538.0
830371.0,0.0,-2.91,-0.066,0.0,0.0,0.0,0.143,0.0,0.0,128.0,538.0
830412.0,0.0,-2.91,-0.104,0.0,0.0,0.0,0.143,0.0,0.0,128.0,526.0
830452.0,0.0,-2.91,-0.174,0.0,0.0,0.0,0.143,0.0,0.0,128.0,526.0
830492.0,0.0,-2.91,-0.001,0.0,0.0,0.0,0.143,0.0,0.0,128.0,526.0
830532.0,0.0,-2.91,-0.146,0.0,0.0,0.0,0.143,0.0,0.0,128.0,526.0
830572.0,0.0,-2.91,-0.01,0.0,0.0,0.0,0.143,0.0,0.0,128.0,533.0
830612.0,0.0,-2.91,-0.209,0.0,0.0,0.0,0.143,0.0,0.0,128.0,538.0
830653.0,0.0,-2.91,-0.0,0.0,0.0,0.0,0.143,0.0,0.0,128.0,533.0
830693.0,0.0,-2.91,-0.013,0.0,0.0,0.0,0.143,0.0,0.0,128.0,526.0
830733.0,0.0,-2.91,-0.104,0.0,0.0,0.0,0.143,0.0,0.0,128.0,539.0
830774.0,0.0,-2.91,-0.083,0.0,0.0,0.0,0.143,0.0,0.0,128.0,531.0
830814.0,0.0,-2.91,-0.107,0.0,0.0,0.0,0.143,0.0,0.0,128.0,538.0
830855.0,0.0,-2.91,-0.163,0.0,0.0,0.0,0.143,0.0,0.0,128.0,538.0
830895.0,0.0,-2.91,-0.015,0.0,0.0,0.0,0.143,0.0,0.0,128.0,526.0
830935.0,0.0,-2.91,-0.14,0.0,0.0,0.0,0.143,0.0,0.0,128.0,533.0
830976.0,0.0,-2.9084,0.13,0.0,0.0,0.0,0.143,0.0,0.0,128.0,526.0
831016.0,0.0,-2.9084,0.23,0.0,0.0,0.0,0.143,0.0,0.0,128.0,526.0
831056.0,0.0,-2.91,0.02,0.0,0.0,0.0,0.143,0.0,0.0,128.0,526.0
831096.0,0.0,-2.91,-0.077,0.0,0.0,0.0,0.143,0.0,0.0,128.0,527.0
831137.0,0.0,-2.9084,0.273,0.0,0.0,0.0,0.143,0.0,0.0,128.0,526.0
831177.0,0.0,-2.91,-0.033,0.0,0.0,0.0,0.143,0.0,0.0,128.0,533.0
831217.0,0.0,-2.9084,0.338,0.0,0.0,0.0,0.143,0.0,0.0,128.0,526.0
831257.0,0.0,-2.91,-0.141,0.0,0.0,0.0,0.143,0.0,0.0,128.0,526.0
831297.0,0.0,-2.9084,0.273,0.0,0.0,0.0,0.143,0.0,0.0,128.0,526.0
831337.0,0.0,-2.9084,0.197,0.0,0.0,0.0,0.143,0.0,0.0,128.0,526.0
831378.0,0.0,-2.91,-0.105,0.0,0.0,0.0,0.143,0.0,0.0,128.0,526.0
831418.0,0.0,-2.91,-0.17,0.0,0.0,0.0,0.143,0.0,0.0,128.0,532.0
831458.0,0.0,-2.91,-0.103,0.0,0.0,0.0,0.143,0.0,0.0,128.0,526.0
831498.0,0.0,-2.9084,0.34,0.0,0.0,0.0,0.143,0.0,0.0,128.0,526.0
831539.0,0.0,-2.91,-0.013,0.0,0.0,0.0,0.143,0.0,0.0,128.0,526.0
831579.0,0.0,-2.9084,0.34,0.0,0.0,0.0,0.143,0.0,0.0,128.0,539.0
831619.0,0.0,-2.91,-0.102,0.0,0.0,0.0,0.143,0.0,0.0,128.0,539.0
831660.0,0.0,-2.91,-0.069,0.0,0.0,0.0,0.143,0.0,0.0,128.0,533.0
831700.0,0.0,-2.91,-0.001,0.0,0.0,0.0,0.143,0.0,0.0,128.0,526.0
831741.0,0.0,-2.91,-0.008,0.0,0.0,0.0,0.143,0.0,0.0,128.0,526.0
831781.0,0.0,-2.9084,0.251,0.0,0.0,0.0,0.143,0.0,0.0,128.0,532.0
831821.0,0.0,-2.91,-0.174,0.0,0.0,0.0,0.143,0.0,0.0,128.0,526.0
831861.0,0.0,-2.9084,0.252,0.0,0.0,0.0,0.143,0.0,0.0,128.0,538.0
831902.0,0.0,-2.9084,0.253,0.0,0.0,0.0,0.143,0.0,0.0,128.0,539.0
831942.0,0.0,-2.91,-0.134,0.0,0.0,0.0,0.143,0.0,0.0,128.0,526.0
831982.0,0.0,-2.91,-0.202,0.0,0.0,0.0,0.143,0.0,0.0,128.0,526.0
832022.0,0.0,-2.9084,0.187,0.0,0.0,0.0,0.143,0.0,0.0,128.0,526.0
832062.0,0.0,-2.91,-0.085,0.0,0.0,0.0,0.143,0.0,0.0,128.0,538.0
832102.0,0.0,-2.91,-0.122,0.0,0.0,0.0,0.143,0.0,0.0,128.0,532.0
832143.0,0.0,-2.91,-0.0,0.0,0.0,0.0,0.143,0.0,0.0,128.0,539.0
832183.0,0.0,-2.91,-0.157,0.0,0.0,0.0,0.143,0.0,0.0,128.0,526.0
832223.0,0.0,-2.91,-0.054,0.0,0.0,0.0,0.143,0.0,0.0,128.0,539.0
832263.0,0.0,-2.9084,0.182,0.0,0.0,0.0,0.143,0.0,0.0,128.0,533.0
832303.0,0.0,-2.9084,0.152,0.0,0.0,0.0,0.143,0.0,0.0,128.0,538.0
832344.0,0.0,-2.91,-0.146,0.0,0.0,0.0,0.143,0.0,0.0,128.0,538.0
832384.0,0.0,-2.91,-0.103,0.0,0.0,0.0,0.143,0.0,0.0,128.0,526.0
832424.0,0.0,-2.91,-0.155,0.0,0.0,0.0,0.143,0.0,0.0,128.0,526.0
832464.0,0.0,-2.91,-0.062,0.0,0.0,0.0,0.143,0.0,0.0,128.0,526.0
832504.0,0.0,-2.91,-0.211,0.0,0.0,0.0,0.143,0.0,0.0,128.0,532.0
832545.0,0.0,-2.91,-0.055,0.0,0.0,0.0,0.143,0.0,0.0,128.0,527.0
832585.0,0.0,-2.91,-0.182,0.0,0.0,0.0,0.143,0.0,0.0,128.0,538.0
832625.0,0.0,-2.91,-0.095,0.0,0.0,0.0,0.143,0.0,0.0,128.0,533.0
832665.0,0.0,-2.9084,0.272,0.0,0.0,0.0,0.143,0.0,0.0,128.0,526.0
832705.0,0.0,-2.91,-0.013,0.0,0.0,0.0,0.143,0.0,0.0,128.0,538.0
832746.0,0.0,-2.9084,0.258,0.0,0.0,0.0,0.143,0.0,0.0,128.0,526.0
832786.0,0.0,-2.9084,0.282,0.0,0.0,0.0,0.143,0.0,0.0,128.0,538.0
832826.0,0.0,-2.9084,0.234,0.0,0.0,0.0,0.143,0.0,0.0,128.0,538.0
832867.0,0.0,-2.91,-0.162,0.0,0.0,0.0,0.143,0.0,0.0,128.0,526.0
832907.0,0.0,-2.91,-0.005,0.0,0.0,0.0,0.143,0.0,0.0,128.0,526.0
832947.0,0.0,-2.91,-0.07,0.0,0.0,0.0,0.143,0.0,0.0,128.0,532.0
832987.0,0.0,-2.9084,0.287,0.0,0.0,0.0,0.143,0.0,0.0,128.0,538.0
833028.0,0.0,-2.9084,0.258,0.0,0.0,0.0,0.143,0.0,0.0,128.0,526.0
833068.0,0.0,-2.91,-0.157,0.0,0.0,0.0,0.143,0.0,0.0,128.0,539.0
833108.0,0.0,-2.91,-0.117,0.0,0.0,0.0,0.143,0.0,0.0,128.0,538.0
833148.0,0.0,-2.91,-0.052,0.0,0.0,0.0,0.143,0.0,0.0,128.0,533.0
833189.0,0.0,-2.91,-0.042,0.0,0.0,0.0,0.143,0.0,0.0,128.0,527.0
833229.0,0.0,-2.91,-0.05,0.0,0.0,0.0,0.143,0.0,0.0,128.0,526.0
833269.0,0.0,-2.9084,0.23,0.0,0.0,0.0,0.143,0.0,0.0,128.0,538.0
833310.0,0.0,-2.91,-0.075,0.0,0.0,0.0,0.143,0.0,0.0,128.0,539.0
833350.0,0.0,-2.91,-0.105,0.0,0.0,0.0,0.143,0.0,0.0,128.0,539.0
833390.0,0.0,-2.91,-0.0,0.0,0.0,0.0,0.143,0.0,0.0,128.0,525.0
833431.0,0.0,-2.91,-0.054,0.0,0.0,0.0,0.143,0.0,0.0,128.0,526.0
833471.0,0.0,-2.91,-0.069,0.0,0.0,0.0,0.143,0.0,0.0,128.0,526.0
833511.0,0.0,-2.91,-0.172,0.0,0.0,0.0,0.143,0.0,0.0,128.0,527.0
833551.0,0.0,-2.9084,0.339,0.0,0.0,0.0,0.143,0.0,0.0,128.0,533.0
833592.0,0.0,-2.91,-0.094,0.0,0.0,0.0,0.143,0.0,0.0,128.0,539.0
833632.0,0.0,-2.91,-0.064,0.0,0.0,0.0,0.143,0.0,0.0,128.0,538.0
833672.0,0.0,-2.9084,0.327,0.0,0.0,0.0,0.143,0.0,0.0,128.0,526.0
833713.0,0.0,-2.91,-0.075,0.0,0.0,0.0,0.143,0.0,0.0,128.0,532.0
833753.0,0.0,-2.9084,0.352,0.0,0.0,0.0,0.143,0.0,0.0,128.0,527.0
833793.0,0.0,-2.91,-0.055,0.0,0.0,0.0,0.143,0.0,0.0,128.0,538.0
833833.0,0.0,-2.9084,0.265,0.0,0.0,0.0,0.143,0.0,0.0,128.0,539.0
833874.0,0.0,-2.91,-0.083,0.0,0.0,0.0,0.143,0.0,0.0,128.0,526.0
833914.0,0.0,-2.91,-0.03,0.0,0.0,0.0,0.143,0.0,0.0,128.0,533.0
833954.0,0.0,-2.91,-0.006,0.0,0.0,0.0,0.143,0.0,0.0,128.0,539.0
833995.0,0.0,-2.9084,0.254,0.0,0.0,0.0,0.143,0.0,0.0,128.0,526.0
834035.0,0.0,-2.91,-0.0,0.0,0.0,0.0,0.143,0.0,0.0,128.0,539.0
834075.0,0.0,-2.91,-0.038,0.0,0.0,0.0,0.143,0.0,0.0,128.0,526.0
834115.0,0.0,-2.91,-0.082,0.0,0.0,0.0,0.143,0.0,0.0,128.0,526.0
834155.0,0.0,-2.91,0.019,0.0,0.0,0.0,0.143,0.0,0.0,128.0,532.0
834196.0,0.0,-2.91,-0.121,0.0,0.0,0.0,0.143,0.0,0.0,128.0,527.0
834236.0,0.0,-2.9084,0.252,0.0,0.0,0.0,0.143,0.0,0.0,128.0,526.0
834277.0,0.0,-2.91,-0.087,0.0,0.0,0.0,0.143,0.0,0.0,128.0,538.0
834317.0,0.0,-2.91,-0.084,0.0,0.0,0.0,0.143,0.0,0.0,128.0,538.0
834358.0,0.0,-2.91,-0.002,0.0,0.0,0.0,0.143,0.0,0.0,128.0,532.0
834398.0,0.0,-2.91,-0.193,0.0,0.0,0.0,0.143,0.0,0.0,128.0,526.0
834438.0,0.0,-2.9084,0.124,0.0,0.0,0.0,0.143,0.0,0.0,128.0,526.0
834478.0,0.0,-2.91,-0.05,0.0,0.0,0.0,0.143,0.0,0.0,128.0,527.0
834518.0,0.0,-2.91,-0.002,0.0,0.0,0.0,0.143,0.0,0.0,128.0,538.0
834559.0,0.0,-2.91,-0.053,0.0,0.0,0.0,0.143,0.0,0.0,128.0,538.0
834599.0,0.0,-2.91,-0.081,0.0,0.0,0.0,0.143,0.0,0.0,128.0,539.0
834640.0,0.0,-2.91,-0.022,0.0,0.0,0.0,0.143,0.0,0.0,128.0,539.0
834680.0,0.0,-2.91,-0.013,0.0,0.0,0.0,0.143,0.0,0.0,128.0,526.0
834720.0,0.0,-2.91,-0.208,0.0,0.0,0.0,0.143,0.0,0.0,128.0,538.0
834761.0,0.0,-2.91,-0.11,0.0,0.0,0.0,0.143,0.0,0.0,128.0,526.0
834801.0,0.0,-2.9084,0.337,0.0,0.0,0.0,0.143,0.0,0.0,128.0,539.0
834841.0,0.0,-2.91,-0.029,0.0,0.0,0.0,0.143,0.0,0.0,128.0,533.0
834882.0,0.0,-2.91,-0.08,0.0,0.0,0.0,0.143,0.0,0.0,128.0,526.0
834922.0,0.0,-2.9084,0.328,0.0,0.0,0.0,0.143,0.0,0.0,128.0,526.0
834962.0,0.0,-2.91,-0.074,0.0,0.0,0.0,0.143,0.0,0.0,128.0,526.0
835002.0,0.0,-2.91,-0.03,0.0,0.0,0.0,0.143,0.0,0.0,128.0,526.0
835042.0,0.0,-2.91,-0.021,0.0,0.0,0.0,0.143,0.0,0.0,128.0,526.0
835082.0,0.0,-2.91,0.012,0.0,0.0,0.0,0.143,0.0,0.0,128.0,526.0
835122.0,0.0,-2.9084,0.284,0.0,0.0,0.0,0.143,0.0,0.0,128.0,539.0
835163.0,0.0,-2.91,-0.202,0.0,0.0,0.0,0.143,0.0,0.0,128.0,532.0
835203.0,0.0,-2.91,-0.192,0.0,0.0,0.0,0.143,0.0,0.0,128.0,526.0
835244.0,0.0,-2.91,-0.0,0.0,0.0,0.0,0.143,0.0,0.0,128.0,538.0
835284.0,0.0,-2.91,-0.103,0.0,0.0,0.0,0.143,0.0,0.0,128.0,538.0
835324.0,0.0,-2.91,-0.085,0.0,0.0,0.0,0.143,0.0,0.0,128.0,532.0
835365.0,0.0,-2.91,-0.005,0.0,0.0,0.0,0.143,0.0,0.0,128.0,526.0
835405.0,0.0,-2.91,-0.01,0.0,0.0,0.0,0.143,0.0,0.0,128.0,527.0
835445.0,0.0,-2.9084,0.34,0.0,0.0,0.0,0.143,0.0,0.0,128.0,526.0
835485.0,0.0,-2.91,-0.157,0.0,0.0,0.0,0.143,0.0,0.0,128.0,538.0
835526.0,0.0,-2.91,-0.058,0.0,0.0,0.0,0.143,0.0,0.0,128.0,539.0
835566.0,0.0,-2.91,-0.175,0.0,0.0,0.0,0.143,0.0,0.0,128.0,538.0
835606.0,0.0,-2.91,-0.015,0.0,0.0,0.0,0.143,0.0,0.0,128.0,539.0
835646.0,0.0,-2.91,-0.077,0.0,0.0,0.0,0.143,0.0,0.0,128.0,526.0
835686.0,0.0,-2.91,-0.011,0.0,0.0,0.0,0.143,0.0,0.0,128.0,539.0
835726.0,0.0,-2.91,-0.011,0.0,0.0,0.0,0.143,0.0,0.0,128.0,538.0
835766.0,0.0,-2.9084,0.36,0.0,0.0,0.0,0.143,0.0,0.0,128.0,538.0
835806.0,0.0,-2.91,-0.005,0.0,0.0,0.0,0.143,0.0,0.0,128.0,538.0
835847.0,0.0,-2.91,-0.055,0.0,0.0,0.0,0.143,0.0,0.0,128.0,532.0
835887.0,0.0,-2.91,-0.189,0.0,0.0,0.0,0.143,0.0,0.0,128.0,526.0
835927.0,0.0,-2.91,-0.005,0.0,0.0,0.0,0.143,0.0,0.0,128.0,538.0
835968.0,0.0,-2.91,-0.0,0.0,0.0,0.0,0.143,0.0,0.0,128.0,538.0
836008.0,0.0,-2.91,-0.015,0.0,0.0,0.0,0.143,0.0,0.0,128.0,538.0
836048.0,0.0,-2.9084,0.252,0.0,0.0,0.0,0.143,0.0,0.0,128.0,532.0
836088.0,0.0,-2.9084,0.315,0.0,0.0,0.0,0.143,0.0,0.0,128.0,539.0
836128.0,0.0,-2.9084,0.308,0.0,0.0,0.0,0.143,0.0,0.0,128.0,538.0
836169.0,0.0,-2.91,-0.216,0.0,0.0,0.0,0.143,0.0,0.0,128.0,533.0
836209.0,0.0,-2.91,-0.087,0.0,0.0,0.0,0.143,0.0,0.0,128.0,526.0
836249.0,0.0,-2.91,-0.069,0.0,0.0,0.0,0.143,0.0,0.0,128.0,526.0
836289.0,0.0,-2.91,-0.021,0.0,0.0,0.0,0.143,0.0,0.0,128.0,526.0
836329.0,0.0,-2.91,-0.074,0.0,0.0,0.0,0.143,0.0,0.0,128.0,532.0
836369.0,0.0,-2.91,-0.182,0.0,0.0,0.0,0.143,0.0,0.0,128.0,532.0
836409.0,0.0,-2.91,-0.044,0.0,0.0,0.0,0.143,0.0,0.0,128.0,539.0
836450.0,0.0,-2.91,-0.009,0.0,0.0,0.0,0.143,0.0,0.0,128.0,527.0
836490.0,0.0,-2.91,-0.054,0.0,0.0,0.0,0.143,0.0,0.0,128.0,539.0
836530.0,0.0,-2.9084,0.32,0.0,0.0,0.0,0.143,0.0,0.0,128.0,538.0
836571.0,0.0,-2.91,-0.12,0.0,0.0,0.0,0.143,0.0,0.0,128.0,532.0
836611.0,0.0,-2.9084,0.199,0.0,0.0,0.0,0.143,0.0,0.0,128.0,538.0
836651.0,0.0,-2.91,-0.092,0.0,0.0,0.0,0.143,0.0,0.0,128.0,527.0
836691.0,0.0,-2.91,-0.043,0.0,0.0,0.0,0.143,0.0,0.0,128.0,539.0
836732.0,0.0,-2.91,-0.032,0.0,0.0,0.0,0.143,0.0,0.0,128.0,527.0
836772.0,0.0,-2.91,-0.0,0.0,0.0,0.0,0.143,0.0,0.0,128.0,539.0
836812.0,0.0,-2.91,-0.012,0.0,0.0,0.0,0.143,0.0,0.0,128.0,533.0
836852.0,0.0,-2.91,-0.018,0.0,0.0,0.0,0.143,0.0,0.0,128.0,539.0
836893.0,0.0,-2.91,-0.0,0.0,0.0,0.0,0.143,0.0,0.0,128.0,526.0
836933.0,0.0,-2.9084,0.19,0.0,0.0,0.0,0.143,0.0,0.0,128.0,532.0
836973.0,0.0,-2.91,-0.07,0.0,0.0,0.0,0.143,0.0,0.0,128.0,538.0
837013.0,0.0,-2.9084,0.152,0.0,0.0,0.0,0.143,0.0,0.0,128.0,531.0
837054.0,0.0,-2.91,-0.0,0.0,0.0,0.0,0.143,0.0,0.0,128.0,531.0
837094.0,0.0,-2.9084,0.272,0.0,0.0,0.0,0.143,0.0,0.0,128.0,532.0
837134.0,0.0,-2.91,-0.123,0.0,0.0,0.0,0.143,0.0,0.0,128.0,538.0
837175.0,0.0,-2.91,0.019,0.0,0.0,0.0,0.143,0.0,0.0,128.0,527.0
837215.0,0.0,-2.91,-0.033,0.0,0.0,0.0,0.143,0.0,0.0,128.0,526.0
837256.0,0.0,-2.91,-0.023,0.0,0.0,0.0,0.143,0.0,0.0,128.0,526.0
837296.0,0.0,-2.91,-0.119,0.0,0.0,0.0,0.143,0.0,0.0,128.0,538.0
837336.0,0.0,-2.91,-0.005,0.0,0.0,0.0,0.143,0.0,0.0,128.0,526.0
837376.0,0.0,-2.91,-0.093,0.0,0.0,0.0,0.143,0.0,0.0,128.0,526.0
837417.0,0.0,-2.91,-0.038,0.0,0.0,0.0,0.143,0.0,0.0,128.0,527.0
837457.0,0.0,-2.91,-0.129,0.0,0.0,0.0,0.143,0.0,0.0,128.0,526.0
837497.0,0.0,-2.91,-0.021,0.0,0.0,0.0,0.143,0.0,0.0,128.0,526.0
837537.0,0.0,-2.9084,0.268,0.0,0.0,0.0,0.143,0.0,0.0,128.0,538.0
837577.0,0.0,-2.91,-0.136,0.0,0.0,0.0,0.143,0.0,0.0,128.0,539.0
837618.0,0.0,-2.9084,0.293,0.0,0.0,0.0,0.143,0.0,0.0,128.0,526.0
837658.0,0.0,-2.91,-0.026,0.0,0.0,0.0,0.143,0.0,0.0,128.0,532.0
837698.0,0.0,-2.91,-0.009,0.0,0.0,0.0,0.143,0.0,0.0,128.0,539.0
837738.0,0.0,-2.91,-0.139,0.0,0.0,0.0,0.143,0.0,0.0,128.0,538.0
837779.0,0.0,-2.91,-0.082,0.0,0.0,0.0,0.143,0.0,0.0,128.0,532.0
837819.0,0.0,-2.91,-0.15,0.0,0.0,0.0,0.143,0.0,0.0,128.0,526.0
837859.0,0.0,-2.91,-0.26,0.0,0.0,0.0,0.143,0.0,0.0,128.0,538.0
837900.0,0.0,-2.91,-0.01,0.0,0.0,0.0,0.143,0.0,0.0,128.0,526.0
837940.0,0.0,-2.91,-0.161,0.0,0.0,0.0,0.143,0.0,0.0,128.0,532.0
837980.0,0.0,-2.91,-0.01,0.0,0.0,0.0,0.143,0.0,0.0,128.0,532.0
838021.0,0.0,-2.9084,0.33,0.0,0.0,0.0,0.143,0.0,0.0,128.0,538.0
838061.0,0.0,-2.91,-0.094,0.0,0.0,0.0,0.143,0.0,0.0,128.0,527.0
838102.0,0.0,-2.9084,0.303,0.0,0.0,0.0,0.143,0.0,0.0,128.0,526.0
838142.0,0.0,-2.9084,0.311,0.0,0.0,0.0,0.143,0.0,0.0,128.0,526.0
838182.0,0.0,-2.91,-0.145,0.0,0.0,0.0,0.143,0.0,0.0,128.0,532.0
838223.0,0.0,-2.91,-0.008,0.0,0.0,0.0,0.143,0.0,0.0,128.0,539.0
838263.0,0.0,-2.91,-0.083,0.0,0.0,0.0,0.143,0.0,0.0,128.0,538.0
838303.0,0.0,-2.91,0.02,0.0,0.0,0.0,0.143,0.0,0.0,128.0,532.0
838343.0,0.0,-2.91,-0.058,0.0,0.0,0.0,0.143,0.0,0.0,128.0,538.0
838384.0,0.0,-2.91,-0.048,0.0,0.0,0.0,0.143,0.0,0.0,128.0,526.0
838424.0,0.0,-2.9084,0.334,0.0,0.0,0.0,0.143,0.0,0.0,128.0,526.0
838464.0,0.0,-2.9084,0.315,0.0,0.0,0.0,0.143,0.0,0.0,128.0,532.0
838504.0,0.0,-2.91,-0.068,0.0,0.0,0.0,0.143,0.0,0.0,128.0,526.0
838544.0,0.0,-2.91,-0.188,0.0,0.0,0.0,0.143,0.0,0.0,128.0,532.0
838584.0,0.0,-2.91,-0.021,0.0,0.0,0.0,0.143,0.0,0.0,128.0,538.0
838625.0,0.0,-2.91,-0.013,0.0,0.0,0.0,0.143,0.0,0.0,128.0,539.0
838665.0,0.0,-2.91,-0.001,0.0,0.0,0.0,0.143,0.0,0.0,128.0,526.0
838705.0,0.0,-2.91,-0.092,0.0,0.0,0.0,0.143,0.0,0.0,128.0,526.0
838746.0,0.0,-2.91,-0.123,0.0,0.0,0.0,0.143,0.0,0.0,128.0,526.0
838786.0,0.0,-2.91,-0.029,0.0,0.0,0.0,0.143,0.0,0.0,128.0,526.0
838826.0,0.0,-2.9084,0.272,0.0,0.0,0.0,0.143,0.0,0.0,128.0,539.0
838867.0,0.0,-2.91,-0.002,0.0,0.0,0.0,0.143,0.0,0.0,128.0,526.0
838907.0,0.0,-2.91,-0.089,0.0,0.0,0.0,0.143,0.0,0.0,128.0,538.0
838947.0,0.0,-2.91,-0.117,0.0,0.0,0.0,0.143,0.0,0.0,128.0,526.0
838987.0,0.0,-2.9084,0.261,0.0,0.0,0.0,0.143,0.0,0.0,128.0,539.0
839028.0,0.0,-2.91,-0.008,0.0,0.0,0.0,0.143,0.0,0.0,128.0,526.0
839068.0,0.0,-2.9084,0.237,0.0,0.0,0.0,0.143,0.0,0.0,128.0,538.0
839108.0,0.0,-2.91,-0.049,0.0,0.0,0.0,0.143,0.0,0.0,128.0,532.0
839148.0,0.0,-2.91,-0.078,0.0,0.0,0.0,0.143,0.0,0.0,128.0,526.0
839188.0,0.0,-2.9084,0.256,0.0,0.0,0.0,0.143,0.0,0.0,128.0,526.0
839228.0,0.0,-2.91,-0.105,0.0,0.0,0.0,0.143,0.0,0.0,128.0,532.0
839269.0,0.0,-2.91,-0.049,0.0,0.0,0.0,0.143,0.0,0.0,128.0,539.0
839309.0,0.0,-2.91,-0.081,0.0,0.0,0.0,0.143,0.0,0.0,128.0,526.0
839349.0,0.0,-2.91,-0.135,0.0,0.0,0.0,0.143,0.0,0.0,128.0,532.0
839390.0,0.0,-2.91,-0.0,0.0,0.0,0.0,0.143,0.0,0.0,128.0,526.0
839430.0,0.0,-2.9084,0.223,0.0,0.0,0.0,0.143,0.0,0.0,128.0,532.0
839470.0,0.0,-2.91,-0.165,0.0,0.0,0.0,0.143,0.0,0.0,128.0,538.0
839510.0,0.0,-2.91,-0.088,0.0,0.0,0.0,0.143,0.0,0.0,128.0,527.0
839551.0,0.0,-2.9084,0.286,0.0,0.0,0.0,0.143,0.0,0.0,128.0,527.0
839591.0,0.0,-2.9084,0.195,0.0,0.0,0.0,0.143,0.0,0.0,128.0,532.0
839631.0,0.0,-2.91,-0.081,0.0,0.0,0.0,0.143,0.0,0.0,128.0,532.0
839672.0,0.0,-2.91,-0.014,0.0,0.0,0.0,0.143,0.0,0.0,128.0,539.0
839712.0,0.0,-2.91,-0.185,0.0,0.0,0.0,0.143,0.0,0.0,128.0,533.0
839753.0,0.0,-2.91,-0.004,0.0,0.0,0.0,0.143,0.0,0.0,128.0,526.0
839793.0,0.0,-2.91,-0.114,0.0,0.0,0.0,0.143,0.0,0.0,128.0,538.0
839833.0,0.0,-2.91,-0.086,0.0,0.0,0.0,0.143,0.0,0.0,128.0,533.0
839873.0,0.0,-2.91,-0.132,0.0,0.0,0.0,0.143,0.0,0.0,128.0,539.0
839914.0,0.0,-2.91,-0.029,0.0,0.0,0.0,0.143,0.0,0.0,128.0,538.0
839954.0,0.0,-2.91,-0.033,0.0,0.0,0.0,0.143,0.0,0.0,128.0,526.0
839994.0,0.0,-2.91,-0.014,0.0,0.0,0.0,0.143,0.0,0.0,128.0,532.0
840034.0,0.0,-2.91,-0.085,0.0,0.0,0.0,0.143,0.0,0.0,128.0,538.0
840075.0,0.0,-2.91,-0.017,0.0,0.0,0.0,0.143,0.0,0.0,128.0,538.0
840115.0,0.0,-2.91,-0.054,0.0,0.0,0.0,0.143,0.0,0.0,128.0,533.0
840155.0,0.0,-2.91,-0.055,0.0,0.0,0.0,0.143,0.0,0.0,128.0,538.0
840195.0,0.0,-2.91,-0.001,0.0,0.0,0.0,0.143,0.0,0.0,128.0,527.0
840235.0,0.0,-2.91,-0.228,0.0,0.0,0.0,0.143,0.0,0.0,128.0,526.0
840276.0,0.0,-2.91,-0.0,0.0,0.0,0.0,0.143,0.0,0.0,128.0,527.0
840316.0,0.0,-2.9084,0.106,0.0,0.0,0.0,0.143,0.0,0.0,128.0,527.0
840356.0,0.0,-2.91,-0.225,0.0,0.0,0.0,0.143,0.0,0.0,128.0,527.0
840396.0,0.0,-2.91,-0.078,0.0,0.0,0.0,0.143,0.0,0.0,128.0,538.0
840436.0,0.0,-2.9084,0.26,0.0,0.0,0.0,0.143,0.0,0.0,128.0,533.0
840477.0,0.0,-2.9084,0.32,0.0,0.0,0.0,0.143,0.0,0.0,128.0,526.0
840517.0,0.0,-2.91,-0.276,0.0,0.0,0.0,0.143,0.0,0.0,128.0,532.0
840557.0,0.0,-2.91,-0.036,0.0,0.0,0.0,0.143,0.0,0.0,128.0,526.0
840597.0,0.0,-2.9084,0.145,0.0,0.0,0.0,0.143,0.0,0.0,128.0,533.0
840638.0,0.0,-2.91,0.019,0.0,0.0,0.0,0.143,0.0,0.0,128.0,526.0
840678.0,0.0,-2.91,-0.008,0.0,0.0,0.0,0.143,0.0,0.0,128.0,526.0
840718.0,0.0,-2.9084,0.307,0.0,0.0,0.0,0.143,0.0,0.0,128.0,539.0
840759.0,0.0,-2.91,-0.062,0.0,0.0,0.0,0.143,0.0,0.0,128.0,526.0
840799.0,0.0,-2.9084,0.309,0.0,0.0,0.0,0.143,0.0,0.0,128.0,538.0
840839.0,0.0,-2.9084,0.228,0.0,0.0,0.0,0.143,0.0,0.0,128.0,538.0
840879.0,0.0,-2.91,-0.003,0.0,0.0,0.0,0.143,0.0,0.0,128.0,526.0
840919.0,0.0,-2.91,-0.084,0.0,0.0,0.0,0.143,0.0,0.0,128.0,539.0
840960.0,0.0,-2.9084,0.23,0.0,0.0,0.0,0.143,0.0,0.0,128.0,538.0
841000.0,0.0,-2.91,0.017,0.0,0.0,0.0,0.143,0.0,0.0,128.0,527.0
841040.0,0.0,-2.91,0.018,0.0,0.0,0.0,0.143,0.0,0.0,128.0,533.0
841080.0,0.0,-2.91,-0.104,0.0,0.0,0.0,0.143,0.0,0.0,128.0,539.0
841120.0,0.0,-2.91,-0.071,0.0,0.0,0.0,0.143,0.0,0.0,128.0,539.0
841161.0,0.0,-2.91,-0.092,0.0,0.0,0.0,0.143,0.0,0.0,128.0,526.0
841201.0,0.0,-2.91,-0.092,0.0,0.0,0.0,0.143,0.0,0.0,128.0,526.0
841241.0,0.0,-2.9084,0.186,0.0,0.0,0.0,0.143,0.0,0.0,128.0,538.0
841282.0,0.0,-2.91,-0.075,0.0,0.0,0.0,0.143,0.0,0.0,128.0,532.0
841322.0,0.0,-2.91,-0.055,0.0,0.0,0.0,0.143,0.0,0.0,128.0,526.0
841363.0,0.0,-2.91,-0.034,0.0,0.0,0.0,0.143,0.0,0.0,128.0,526.0
841403.0,0.0,-2.9084,0.162,0.0,0.0,0.0,0.143,0.0,0.0,128.0,532.0
841443.0,0.0,-2.9084,0.331,0.0,0.0,0.0,0.143,0.0,0.0,128.0,526.0
841484.0,0.0,-2.9084,0.273,0.0,0.0,0.0,0.143,0.0,0.0,128.0,527.0
841524.0,0.0,-2.91,-0.04,0.0,0.0,0.0,0.143,0.0,0.0,128.0,526.0
841564.0,0.0,-2.91,-0.051,0.0,0.0,0.0,0.143,0.0,0.0,128.0,526.0
841604.0,0.0,-2.91,-0.054,0.0,0.0,0.0,0.143,0.0,0.0,128.0,527.0
841645.0,0.0,-2.91,-0.115,0.0,0.0,0.0,0.143,0.0,0.0,128.0,526.0
841685.0,0.0,-2.9084,0.209,0.0,0.0,0.0,0.143,0.0,0.0,128.0,532.0
841725.0,0.0,-2.9084,0.203,0.0,0.0,0.0,0.143,0.0,0.0,128.0,538.0
841766.0,0.0,-2.9084,0.193,0.0,0.0,0.0,0.143,0.0,0.0,128.0,539.0
841806.0,0.0,-2.91,-0.055,0.0,0.0,0.0,0.143,0.0,0.0,128.0,527.0
841846.0,0.0,-2.9084,0.14,0.0,0.0,0.0,0.143,0.0,0.0,128.0,532.0
841887.0,0.0,-2.91,-0.077,0.0,0.0,0.0,0.143,0.0,0.0,128.0,526.0
841927.0,0.0,-2.9084,0.338,0.0,0.0,0.0,0.143,0.0,0.0,128.0,527.0
841967.0,0.0,-2.91,-0.034,0.0,0.0,0.0,0.143,0.0,0.0,128.0,526.0
842007.0,0.0,-2.91,-0.117,0.0,0.0,0.0,0.143,0.0,0.0,128.0,538.0
842048.0,0.0,-2.91,-0.001,0.0,0.0,0.0,0.143,0.0,0.0,128.0,538.0
842088.0,0.0,-2.9084,0.319,0.0,0.0,0.0,0.143,0.0,0.0,128.0,533.0
842129.0,0.0,-2.9084,0.333,0.0,0.0,0.0,0.143,0.0,0.0,128.0,526.0
842169.0,0.0,-2.91,-0.081,0.0,0.0,0.0,0.143,0.0,0.0,128.0,539.0
842209.0,0.0,-2.91,-0.101,0.0,0.0,0.0,0.143,0.0,0.0,128.0,538.0
842249.0,0.0,-2.9084,0.065,0.0,0.0,0.0,0.143,0.0,0.0,128.0,538.0
842290.0,0.0,-2.91,-0.08,0.0,0.0,0.0,0.143,0.0,0.0,128.0,539.0
842330.0,0.0,-2.91,-0.002,0.0,0.0,0.0,0.143,0.0,0.0,128.0,526.0
842370.0,0.0,-2.91,-0.067,0.0,0.0,0.0,0.143,0.0,0.0,128.0,539.0
842411.0,0.0,-2.91,-0.099,0.0,0.0,0.0,0.143,0.0,0.0,128.0,532.0
842451.0,0.0,-2.91,-0.171,0.0,0.0,0.0,0.143,0.0,0.0,128.0,526.0
842491.0,0.0,-2.91,-0.049,0.0,0.0,0.0,0.143,0.0,0.0,128.0,526.0
842531.0,0.0,-2.91,-0.143,0.0,0.0,0.0,0.143,0.0,0.0,128.0,526.0
842571.0,0.0,-2.91,-0.083,0.0,0.0,0.0,0.143,0.0,0.0,128.0,533.0
842612.0,0.0,-2.91,-0.013,0.0,0.0,0.0,0.143,0.0,0.0,128.0,538.0
842652.0,0.0,-2.91,-0.105,0.0,0.0,0.0,0.143,0.0,0.0,128.0,527.0
842692.0,0.0,-2.91,-0.0,0.0,0.0,0.0,0.143,0.0,0.0,128.0,525.0
842732.0,0.0,-2.91,-0.062,0.0,0.0,0.0,0.143,0.0,0.0,128.0,538.0
842773.0,0.0,-2.91,-0.105,0.0,0.0,0.0,0.143,0.0,0.0,128.0,538.0
842813.0,0.0,-2.9084,0.244,0.0,0.0,0.0,0.143,0.0,0.0,128.0,527.0
842854.0,0.0,-2.91,-0.225,0.0,0.0,0.0,0.143,0.0,0.0,128.0,526.0
842894.0,0.0,-2.9084,0.356,0.0,0.0,0.0,0.143,0.0,0.0,128.0,533.0
842934.0,0.0,-2.91,-0.022,0.0,0.0,0.0,0.143,0.0,0.0,128.0,526.0
842974.0,0.0,-2.91,-0.012,0.0,0.0,0.0,0.143,0.0,0.0,128.0,527.0
843014.0,0.0,-2.91,-0.086,0.0,0.0,0.0,0.143,0.0,0.0,128.0,532.0
843055.0,0.0,-2.91,-0.027,0.0,0.0,0.0,0.143,0.0,0.0,128.0,533.0
843095.0,0.0,-2.91,-0.188,0.0,0.0,0.0,0.143,0.0,0.0,128.0,539.0
843135.0,0.0,-2.91,-0.0,0.0,0.0,0.0,0.143,0.0,0.0,128.0,527.0
843175.0,0.0,-2.91,-0.013,0.0,0.0,0.0,0.143,0.0,0.0,128.0,533.0
843215.0,0.0,-2.91,-0.047,0.0,0.0,0.0,0.143,0.0,0.0,128.0,533.0
843255.0,0.0,-2.91,-0.156,0.0,0.0,0.0,0.143,0.0,0.0,128.0,533.0
843296.0,0.0,-2.9084,0.319,0.0,0.0,0.0,0.143,0.0,0.0,128.0,538.0
843336.0,0.0,-2.91,0.019,0.0,0.0,0.0,0.143,0.0,0.0,128.0,526.0
843376.0,0.0,-2.91,-0.0,0.0,0.0,0.0,0.143,0.0,0.0,128.0,539.0
843417.0,0.0,-2.9084,0.282,0.0,0.0,0.0,0.143,0.0,0.0,128.0,526.0
843457.0,0.0,-2.91,-0.094,0.0,0.0,0.0,0.143,0.0,0.0,128.0,526.0
843497.0,0.0,-2.91,-0.181,0.0,0.0,0.0,0.143,0.0,0.0,128.0,526.0
843537.0,0.0,-2.91,-0.005,0.0,0.0,0.0,0.143,0.0,0.0,128.0,538.0
843578.0,0.0,-2.91,-0.088,0.0,0.0,0.0,0.143,0.0,0.0,128.0,526.0
843618.0,0.0,-2.91,-0.07,0.0,0.0,0.0,0.143,0.0,0.0,128.0,532.0
843658.0,0.0,-2.91,-0.062,0.0,0.0,0.0,0.143,0.0,0.0,128.0,527.0
843699.0,0.0,-2.91,-0.014,0.0,0.0,0.0,0.143,0.0,0.0,128.0,526.0
843739.0,0.0,-2.91,-0.049,0.0,0.0,0.0,0.143,0.0,0.0,128.0,526.0
843779.0,0.0,-2.91,-0.315,0.0,0.0,0.0,0.143,0.0,0.0,128.0,526.0
843819.0,0.0,-2.9084,0.339,0.0,0.0,0.0,0.143,0.0,0.0,128.0,526.0
843860.0,0.0,-2.91,-0.104,0.0,0.0,0.0,0.143,0.0,0.0,128.0,538.0
843900.0,0.0,-2.91,-0.003,0.0,0.0,0.0,0.143,0.0,0.0,128.0,539.0
843941.0,0.0,-2.91,-0.05,0.0,0.0,0.0,0.143,0.0,0.0,128.0,539.0
843981.0,0.0,-2.91,-0.143,0.0,0.0,0.0,0.143,0.0,0.0,128.0,539.0
844021.0,0.0,-2.9084,0.253,0.0,0.0,0.0,0.143,0.0,0.0,128.0,538.0
844062.0,0.0,-2.91,-0.078,0.0,0.0,0.0,0.143,0.0,0.0,128.0,526.0
844102.0,0.0,-2.91,-0.12,0.0,0.0,0.0,0.143,0.0,0.0,128.0,532.0
844142.0,0.0,-2.91,-0.137,0.0,0.0,0.0,0.143,0.0,0.0,128.0,526.0
844182.0,0.0,-2.9084,0.279,0.0,0.0,0.0,0.143,0.0,0.0,128.0,532.0
844222.0,0.0,-2.91,-0.187,0.0,0.0,0.0,0.143,0.0,0.0,128.0,538.0
844262.0,0.0,-2.91,-0.078,0.0,0.0,0.0,0.143,0.0,0.0,128.0,538.0
844303.0,0.0,-2.91,-0.089,0.0,0.0,0.0,0.143,0.0,0.0,128.0,527.0
844343.0,0.0,-2.91,-0.0,0.0,0.0,0.0,0.143,0.0,0.0,128.0,525.0
844383.0,0.0,-2.9084,0.305,0.0,0.0,0.0,0.143,0.0,0.0,128.0,527.0
844424.0,0.0,-2.91,-0.193,0.0,0.0,0.0,0.143,0.0,0.0,128.0,527.0
844464.0,0.0,-2.91,-0.013,0.0,0.0,0.0,0.143,0.0,0.0,128.0,526.0
844504.0,0.0,-2.91,-0.163,0.0,0.0,0.0,0.143,0.0,0.0,128.0,526.0
844544.0,0.0,-2.9084,0.36,0.0,0.0,0.0,0.143,0.0,0.0,128.0,538.0
844584.0,0.0,-2.91,-0.05,0.0,0.0,0.0,0.143,0.0,0.0,128.0,538.0
844625.0,0.0,-2.91,-0.06,0.0,0.0,0.0,0.143,0.0,0.0,128.0,538.0
844665.0,0.0,-2.91,-0.069,0.0,0.0,0.0,0.143,0.0,0.0,128.0,527.0
844705.0,0.0,-2.91,-0.051,0.0,0.0,0.0,0.143,0.0,0.0,128.0,527.0
844746.0,0.0,-2.91,-0.144,0.0,0.0,0.0,0.143,0.0,0.0,128.0,539.0
844786.0,0.0,-2.91,-0.093,0.0,0.0,0.0,0.143,0.0,0.0,128.0,532.0
844826.0,0.0,-2.91,-0.26,0.0,0.0,0.0,0.143,0.0,0.0,128.0,538.0
844867.0,0.0,-2.91,-0.182,0.0,0.0,0.0,0.143,0.0,0.0,128.0,526.0
844907.0,0.0,-2.91,-0.075,0.0,0.0,0.0,0.143,0.0,0.0,128.0,532.0
844947.0,0.0,-2.91,-0.006,0.0,0.0,0.0,0.143,0.0,0.0,128.0,532.0
844987.0,0.0,-2.91,-0.117,0.0,0.0,0.0,0.143,0.0,0.0,128.0,532.0
845028.0,0.0,-2.91,-0.023,0.0,0.0,0.0,0.143,0.0,0.0,128.0,533.0
845068.0,0.0,-2.91,-0.2,0.0,0.0,0.0,0.143,0.0,0.0,128.0,527.0
845108.0,0.0,-2.91,0.017,0.0,0.0,0.0,0.143,0.0,0.0,128.0,532.0
845149.0,0.0,-2.91,-0.082,0.0,0.0,0.0,0.143,0.0,0.0,128.0,527.0
845189.0,0.0,-2.91,-0.062,0.0,0.0,0.0,0.143,0.0,0.0,128.0,533.0
845229.0,0.0,-2.91,0.015,0.0,0.0,0.0,0.143,0.0,0.0,128.0,526.0
845269.0,0.0,-2.91,-0.026,0.0,0.0,0.0,0.143,0.0,0.0,128.0,527.0
845309.0,0.0,-2.91,-0.003,0.0,0.0,0.0,0.143,0.0,0.0,128.0,526.0
845349.0,0.0,-2.91,-0.087,0.0,0.0,0.0,0.143,0.0,0.0,128.0,539.0
845389.0,0.0,-2.9084,0.06,0.0,0.0,0.0,0.143,0.0,0.0,128.0,538.0
845430.0,0.0,-2.91,-0.105,0.0,0.0,0.0,0.143,0.0,0.0,128.0,538.0
845470.0,0.0,-2.9084,0.333,0.0,0.0,0.0,0.143,0.0,0.0,128.0,532.0
845511.0,0.0,-2.91,-0.022,0.0,0.0,0.0,0.143,0.0,0.0,128.0,526.0
845551.0,0.0,-2.91,-0.084,0.0,0.0,0.0,0.143,0.0,0.0,128.0,526.0
845591.0,0.0,-2.91,-0.152,0.0,0.0,0.0,0.143,0.0,0.0,128.0,538.0
845631.0,0.0,-2.91,-0.003,0.0,0.0,0.0,0.143,0.0,0.0,128.0,526.0
845671.0,0.0,-2.9084,0.27,0.0,0.0,0.0,0.143,0.0,0.0,128.0,526.0
845711.0,0.0,-2.91,-0.0,0.0,0.0,0.0,0.143,0.0,0.0,128.0,525.0
845751.0,0.0,-2.91,0.012,0.0,0.0,0.0,0.143,0.0,0.0,128.0,532.0
845791.0,0.0,-2.9084,0.256,0.0,0.0,0.0,0.143,0.0,0.0,128.0,539.0
845832.0,0.0,-2.9084,0.263,0.0,0.0,0.0,0.143,0.0,0.0,128.0,526.0
845872.0,0.0,-2.91,-0.0,0.0,0.0,0.0,0.143,0.0,0.0,128.0,525.0
845912.0,0.0,-2.91,-0.148,0.0,0.0,0.0,0.143,0.0,0.0,128.0,532.0
845952.0,0.0,-2.91,-0.014,0.0,0.0,0.0,0.143,0.0,0.0,128.0,532.0
845993.0,0.0,-2.9084,0.319,0.0,0.0,0.0,0.143,0.0,0.0,128.0,527.0
846033.0,0.0,-2.91,-0.092,0.0,0.0,0.0,0.143,0.0,0.0,128.0,526.0
846073.0,0.0,-2.91,-0.097,0.0,0.0,0.0,0.143,0.0,0.0,128.0,532.0
846113.0,0.0,-2.91,-0.077,0.0,0.0,0.0,0.143,0.0,0.0,128.0,532.0
846154.0,0.0,-2.91,-0.02,0.0,0.0,0.0,0.143,0.0,0.0,128.0,526.0
846194.0,0.0,-2.91,-0.059,0.0,0.0,0.0,0.143,0.0,0.0,128.0,527.0
846234.0,0.0,-2.91,-0.169,0.0,0.0,0.0,0.143,0.0,0.0,128.0,532.0
846274.0,0.0,-2.91,-0.085,0.0,0.0,0.0,0.143,0.0,0.0,128.0,538.0
846315.0,0.0,-2.9084,0.271,0.0,0.0,0.0,0.143,0.0,0.0,128.0,538.0
846355.0,0.0,-2.9084,0.341,0.0,0.0,0.0,0.143,0.0,0.0,128.0,526.0
846396.0,0.0,-2.9084,0.32,0.0,0.0,0.0,0.143,0.0,0.0,128.0,539.0
846436.0,0.0,-2.91,-0.154,0.0,0.0,0.0,0.143,0.0,0.0,128.0,526.0
846476.0,0.0,-2.91,-0.162,0.0,0.0,0.0,0.143,0.0,0.0,128.0,526.0
846516.0,0.0,-2.91,-0.102,0.0,0.0,0.0,0.143,0.0,0.0,128.0,538.0
846557.0,0.0,-2.91,-0.001,0.0,0.0,0.0,0.143,0.0,0.0,128.0,526.0
846597.0,0.0,-2.91,-0.094,0.0,0.0,0.0,0.143,0.0,0.0,128.0,538.0
846637.0,0.0,-2.91,-0.028,0.0,0.0,0.0,0.143,0.0,0.0,128.0,526.0
846677.0,0.0,-2.9084,0.319,0.0,0.0,0.0,0.143,0.0,0.0,128.0,532.0
846718.0,0.0,-2.91,-0.0,0.0,0.0,0.0,0.143,0.0,0.0,128.0,526.0
846758.0,0.0,-2.9084,0.285,0.0,0.0,0.0,0.143,0.0,0.0,128.0,538.0
846798.0,0.0,-2.91,-0.014,0.0,0.0,0.0,0.143,0.0,0.0,128.0,532.0
846839.0,0.0,-2.91,-0.107,0.0,0.0,0.0,0.143,0.0,0.0,128.0,526.0
846879.0,0.0,-2.91,-0.078,0.0,0.0,0.0,0.143,0.0,0.0,128.0,527.0
846919.0,0.0,-2.91,-0.08,0.0,0.0,0.0,0.143,0.0,0.0,128.0,526.0
846959.0,0.0,-2.91,-0.008,0.0,0.0,0.0,0.143,0.0,0.0,128.0,526.0
846999.0,0.0,-2.91,-0.077,0.0,0.0,0.0,0.143,0.0,0.0,128.0,532.0
847039.0,0.0,-2.9084,0.298,0.0,0.0,0.0,0.143,0.0,0.0,128.0,526.0
847079.0,0.0,-2.91,-0.024,0.0,0.0,0.0,0.143,0.0,0.0,128.0,539.0
847120.0,0.0,-2.91,-0.097,0.0,0.0,0.0,0.143,0.0,0.0,128.0,526.0
847160.0,0.0,-2.91,-0.089,0.0,0.0,0.0,0.143,0.0,0.0,128.0,526.0
847200.0,0.0,-2.91,-0.005,0.0,0.0,0.0,0.143,0.0,0.0,128.0,539.0
847241.0,0.0,-2.91,-0.0,0.0,0.0,0.0,0.143,0.0,0.0,128.0,526.0
847281.0,0.0,-2.9084,0.239,0.0,0.0,0.0,0.143,0.0,0.0,128.0,527.0
847322.0,0.0,-2.9084,0.271,0.0,0.0,0.0,0.143,0.0,0.0,128.0,526.0
847362.0,0.0,-2.91,-0.143,0.0,0.0,0.0,0.143,0.0,0.0,128.0,527.0
847402.0,0.0,-2.91,-0.072,0.0,0.0,0.0,0.143,0.0,0.0,128.0,533.0
847442.0,0.0,-2.91,-0.015,0.0,0.0,0.0,0.143,0.0,0.0,128.0,538.0
847483.0,0.0,-2.91,-0.056,0.0,0.0,0.0,0.143,0.0,0.0,128.0,526.0
847523.0,0.0,-2.91,-0.101,0.0,0.0,0.0,0.143,0.0,0.0,128.0,526.0
847563.0,0.0,-2.91,-0.202,0.0,0.0,0.0,0.143,0.0,0.0,128.0,527.0
847604.0,0.0,-2.91,-0.032,0.0,0.0,0.0,0.143,0.0,0.0,128.0,526.0
847644.0,0.0,-2.91,-0.11,0.0,0.0,0.0,0.143,0.0,0.0,128.0,532.0
847684.0,0.0,-2.91,-0.13,0.0,0.0,0.0,0.143,0.0,0.0,128.0,532.0
847724.0,0.0,-2.91,-0.075,0.0,0.0,0.0,0.143,0.0,0.0,128.0,527.0
847764.0,0.0,-2.9084,0.234,0.0,0.0,0.0,0.143,0.0,0.0,128.0,527.0
847804.0,0.0,-2.9084,0.256,0.0,0.0,0.0,0.143,0.0,0.0,128.0,538.0
847844.0,0.0,-2.91,-0.076,0.0,0.0,0.0,0.143,0.0,0.0,128.0,532.0
847884.0,0.0,-2.91,0.02,0.0,0.0,0.0,0.143,0.0,0.0,128.0,539.0
847925.0,0.0,-2.91,-0.072,0.0,0.0,0.0,0.143,0.0,0.0,128.0,527.0
847965.0,0.0,-2.91,-0.145,0.0,0.0,0.0,0.143,0.0,0.0,128.0,532.0
848005.0,0.0,-2.9084,0.175,0.0,0.0,0.0,0.143,0.0,0.0,128.0,526.0
848045.0,0.0,-2.9084,0.263,0.0,0.0,0.0,0.143,0.0,0.0,128.0,538.0
848086.0,0.0,-2.91,-0.102,0.0,0.0,0.0,0.143,0.0,0.0,128.0,526.0
848126.0,0.0,-2.9084,0.328,0.0,0.0,0.0,0.143,0.0,0.0,128.0,526.0
848166.0,0.0,-2.9084,0.32,0.0,0.0,0.0,0.143,0.0,0.0,128.0,526.0
848206.0,0.0,-2.91,0.02,0.0,0.0,0.0,0.143,0.0,0.0,128.0,532.0
848246.0,0.0,-2.91,-0.154,0.0,0.0,0.0,0.143,0.0,0.0,128.0,538.0
848286.0,0.0,-2.91,-0.128,0.0,0.0,0.0,0.143,0.0,0.0,128.0,539.0
848327.0,0.0,-2.91,-0.001,0.0,0.0,0.0,0.143,0.0,0.0,128.0,533.0
848367.0,0.0,-2.91,-0.14,0.0,0.0,0.0,0.143,0.0,0.0,128.0,526.0
848407.0,0.0,-2.91,-0.056,0.0,0.0,0.0,0.143,0.0,0.0,128.0,526.0
848447.0,0.0,-2.9084,0.231,0.0,0.0,0.0,0.143,0.0,0.0,128.0,526.0
848487.0,0.0,-2.91,0.002,0.0,0.0,0.0,0.143,0.0,0.0,128.0,538.0
848528.0,0.0,-2.91,-0.136,0.0,0.0,0.0,0.143,0.0,0.0,128.0,526.0
848568.0,0.0,-2.91,0.02,0.0,0.0,0.0,0.143,0.0,0.0,128.0,532.0
848608.0,0.0,-2.91,-0.008,0.0,0.0,0.0,0.143,0.0,0.0,128.0,538.0
848649.0,0.0,-2.9084,0.238,0.0,0.0,0.0,0.143,0.0,0.0,128.0,532.0
848689.0,0.0,-2.91,-0.075,0.0,0.0,0.0,0.143,0.0,0.0,128.0,538.0
848729.0,0.0,-2.91,-0.225,0.0,0.0,0.0,0.143,0.0,0.0,128.0,538.0
848769.0,0.0,-2.91,-0.013,0.0,0.0,0.0,0.143,0.0,0.0,128.0,538.0
848809.0,0.0,-2.91,-0.084,0.0,0.0,0.0,0.143,0.0,0.0,128.0,532.0
848850.0,0.0,-2.91,-0.114,0.0,0.0,0.0,0.143,0.0,0.0,128.0,526.0
848890.0,0.0,-2.91,-0.025,0.0,0.0,0.0,0.143,0.0,0.0,128.0,533.0
848930.0,0.0,-2.91,-0.139,0.0,0.0,0.0,0.143,0.0,0.0,128.0,526.0
848970.0,0.0,-2.91,-0.144,0.0,0.0,0.0,0.143,0.0,0.0,128.0,533.0
849011.0,0.0,-2.91,-0.001,0.0,0.0,0.0,0.143,0.0,0.0,128.0,526.0
849051.0,0.0,-2.91,-0.056,0.0,0.0,0.0,0.143,0.0,0.0,128.0,532.0
849091.0,0.0,-2.91,-0.032,0.0,0.0,0.0,0.143,0.0,0.0,128.0,527.0
849131.0,0.0,-2.91,-0.05,0.0,0.0,0.0,0.143,0.0,0.0,128.0,539.0
849172.0,0.0,-2.91,-0.118,0.0,0.0,0.0,0.143,0.0,0.0,128.0,538.0
849212.0,0.0,-2.91,-0.002,0.0,0.0,0.0,0.143,0.0,0.0,128.0,526.0
849252.0,0.0,-2.9084,0.203,0.0,0.0,0.0,0.143,0.0,0.0,128.0,532.0
849293.0,0.0,-2.9084,0.341,0.0,0.0,0.0,0.143,0.0,0.0,128.0,538.0
849333.0,0.0,-2.91,-0.14,0.0,0.0,0.0,0.143,0.0,0.0,128.0,538.0
849374.0,0.0,-2.9084,0.341,0.0,0.0,0.0,0.143,0.0,0.0,128.0,526.0
849414.0,0.0,-2.91,-0.102,0.0,0.0,0.0,0.143,0.0,0.0,128.0,532.0
849454.0,0.0,-2.91,-0.021,0.0,0.0,0.0,0.143,0.0,0.0,128.0,526.0
849494.0,0.0,-2.91,-0.005,0.0,0.0,0.0,0.143,0.0,0.0,128.0,538.0
849534.0,0.0,-2.91,-0.001,0.0,0.0,0.0,0.143,0.0,0.0,128.0,538.0
849574.0,0.0,-2.91,-0.092,0.0,0.0,0.0,0.143,0.0,0.0,128.0,538.0
849615.0,0.0,-2.9084,0.341,0.0,0.0,0.0,0.143,0.0,0.0,128.0,532.0
849655.0,0.0,-2.91,-0.084,0.0,0.0,0.0,0.143,0.0,0.0,128.0,538.0
849696.0,0.0,-2.91,-0.153,0.0,0.0,0.0,0.143,0.0,0.0,128.0,527.0
849736.0,0.0,-2.91,-0.008,0.0,0.0,0.0,0.143,0.0,0.0,128.0,539.0
849776.0,0.0,-2.9084,0.137,0.0,0.0,0.0,0.143,0.0,0.0,128.0,532.0
849817.0,0.0,-2.91,-0.0,0.0,0.0,0.0,0.143,0.0,0.0,128.0,526.0
849857.0,0.0,-2.91,-0.132,0.0,0.0,0.0,0.143,0.0,0.0,128.0,526.0
849897.0,0.0,-2.91,-0.149,0.0,0.0,0.0,0.143,0.0,0.0,128.0,538.0
849937.0,0.0,-2.91,-0.049,0.0,0.0,0.0,0.143,0.0,0.0,128.0,526.0
849977.0,0.0,-2.9084,0.152,0.0,0.0,0.0,0.143,0.0,0.0,128.0,538.0
850018.0,0.0,-2.91,-0.0,0.0,0.0,0.0,0.143,0.0,0.0,128.0,526.0
850058.0,0.0,-2.91,-0.084,0.0,0.0,0.0,0.143,0.0,0.0,128.0,538.0
850098.0,0.0,-2.91,-0.123,0.0,0.0,0.0,0.143,0.0,0.0,128.0,526.0
850138.0,0.0,-2.91,0.123,0.0,0.0,0.0,0.143,0.0,0.0,128.0,526.0
850179.0,0.0,-2.9084,0.085,0.0,0.0,0.0,0.143,0.0,0.0,128.0,526.0
850219.0,0.0,-2.9115,-0.272,0.0,0.0,0.0,0.143,0.0,0.0,128.0,532.0
850259.0,0.0,-2.9084,0.0,0.0,0.0,0.0,0.143,0.0,0.0,128.0,525.0
850300.0,0.0,-2.91,0.032,0.0,0.0,0.0,0.143,0.0,0.0,128.0,533.0
850340.0,0.0,-2.91,-0.006,0.0,0.0,0.0,0.143,0.0,0.0,128.0,527.0
850380.0,0.0,-2.9084,0.156,0.0,0.0,0.0,0.143,0.0,0.0,128.0,526.0
850420.0,0.0,-2.91,-0.027,0.0,0.0,0.0,0.143,0.0,0.0,128.0,539.0
850460.0,0.0,-2.9084,0.094,0.0,0.0,0.0,0.143,0.0,0.0,128.0,533.0
850500.0,0.0,-2.91,-0.0,0.0,0.0,0.0,0.143,0.0,0.0,128.0,538.0
850541.0,0.0,-2.91,-0.271,0.0,0.0,0.0,0.143,0.0,0.0,128.0,533.0
850581.0,0.0,-2.91,-0.075,0.0,0.0,0.0,0.143,0.0,0.0,128.0,527.0
850621.0,0.0,-2.9084,0.074,0.0,0.0,0.0,0.143,0.0,0.0,128.0,532.0
850661.0,0.0,-2.9084,0.288,0.0,0.0,0.0,0.143,0.0,0.0,128.0,532.0
850701.0,0.0,-2.91,-0.163,0.0,0.0,0.0,0.143,0.0,0.0,128.0,538.0
850742.0,0.0,-2.91,-0.0,0.0,0.0,0.0,0.143,0.0,0.0,128.0,532.0
850782.0,0.0,-2.9084,0.272,0.0,0.0,0.0,0.143,0.0,0.0,128.0,527.0
850823.0,0.0,-2.9084,0.341,0.0,0.0,0.0,0.143,0.0,0.0,128.0,526.0
850863.0,0.0,-2.91,-0.088,0.0,0.0,0.0,0.143,0.0,0.0,128.0,527.0
850903.0,0.0,-2.91,-0.083,0.0,0.0,0.0,0.143,0.0,0.0,128.0,532.0
850944.0,0.0,-2.91,-0.122,0.0,0.0,0.0,0.143,0.0,0.0,128.0,538.0
850984.0,0.0,-2.9084,0.218,0.0,0.0,0.0,0.143,0.0,0.0,128.0,526.0
851025.0,0.0,-2.91,0.068,0.0,0.0,0.0,0.143,0.0,0.0,128.0,527.0
851065.0,0.0,-2.9084,0.003,0.0,0.0,0.0,0.143,0.0,0.0,128.0,526.0
851106.0,0.0,-2.91,0.022,0.0,0.0,0.0,0.143,0.0,0.0,128.0,526.0
851146.0,0.0,-2.91,-0.203,0.0,0.0,0.0,0.143,0.0,0.0,128.0,538.0
851186.0,0.0,-2.9084,0.308,0.0,0.0,0.0,0.143,0.0,0.0,128.0,527.0
851227.0,0.0,-2.91,-0.025,0.0,0.0,0.0,0.143,0.0,0.0,128.0,527.0
851267.0,0.0,-2.9084,0.337,0.0,0.0,0.0,0.143,0.0,0.0,128.0,533.0
851307.0,0.0,-2.91,-0.0,0.0,0.0,0.0,0.143,0.0,0.0,128.0,539.0
851347.0,0.0,-2.91,-0.159,0.0,0.0,0.0,0.143,0.0,0.0,128.0,532.0
851388.0,0.0,-2.9084,0.341,0.0,0.0,0.0,0.143,0.0,0.0,128.0,526.0
851428.0,0.0,-2.91,-0.101,0.0,0.0,0.0,0.143,0.0,0.0,128.0,526.0
851469.0,0.0,-2.9084,0.323,0.0,0.0,0.0,0.143,0.0,0.0,128.0,526.0
851509.0,0.0,-2.91,-0.241,0.0,0.0,0.0,0.143,0.0,0.0,128.0,526.0
851549.0,0.0,-2.91,-0.001,0.0,0.0,0.0,0.143,0.0,0.0,128.0,526.0
851589.0,0.0,-2.91,-0.199,0.0,0.0,0.0,0.143,0.0,0.0,128.0,532.0
851630.0,0.0,-2.91,-0.0,0.0,0.0,0.0,0.143,0.0,0.0,128.0,525.0
851670.0,0.0,-2.9084,0.308,0.0,0.0,0.0,0.143,0.0,0.0,128.0,526.0
851710.0,0.0,-2.91,0.017,0.0,0.0,0.0,0.143,0.0,0.0,128.0,526.0
851750.0,0.0,-2.91,-0.085,0.0,0.0,0.0,0.143,0.0,0.0,128.0,527.0
851790.0,0.0,-2.9084,0.128,0.0,0.0,0.0,0.143,0.0,0.0,128.0,538.0
851831.0,0.0,-2.91,-0.0,0.0,0.0,0.0,0.143,0.0,0.0,128.0,519.0
851871.0,0.0,-2.91,-0.188,0.0,0.0,0.0,0.143,0.0,0.0,128.0,532.0
851911.0,0.0,-2.91,-0.021,0.0,0.0,0.0,0.143,0.0,0.0,128.0,526.0
851951.0,0.0,-2.91,-0.177,0.0,0.0,0.0,0.143,0.0,0.0,128.0,538.0
851992.0,0.0,-2.91,-0.055,0.0,0.0,0.0,0.143,0.0,0.0,128.0,526.0
852032.0,0.0,-2.91,-0.005,0.0,0.0,0.0,0.143,0.0,0.0,128.0,539.0
852072.0,0.0,-2.91,-0.086,0.0,0.0,0.0,0.143,0.0,0.0,128.0,527.0
852113.0,0.0,-2.91,-0.032,0.0,0.0,0.0,0.143,0.0,0.0,128.0,538.0
852153.0,0.0,-2.91,-0.054,0.0,0.0,0.0,0.143,0.0,0.0,128.0,527.0
852194.0,0.0,-2.91,-0.0,0.0,0.0,0.0,0.143,0.0,0.0,128.0,519.0
852234.0,0.0,-2.91,-0.102,0.0,0.0,0.0,0.143,0.0,0.0,128.0,533.0
852274.0,0.0,-2.91,-0.087,0.0,0.0,0.0,0.143,0.0,0.0,128.0,526.0
852314.0,0.0,-2.91,-0.097,0.0,0.0,0.0,0.143,0.0,0.0,128.0,538.0
852355.0,0.0,-2.91,-0.0,0.0,0.0,0.0,0.143,0.0,0.0,128.0,539.0
852395.0,0.0,-2.91,-0.091,0.0,0.0,0.0,0.143,0.0,0.0,128.0,538.0
852436.0,0.0,-2.91,-0.0,0.0,0.0,0.0,0.143,0.0,0.0,128.0,519.0
852476.0,0.0,-2.91,-0.099,0.0,0.0,0.0,0.143,0.0,0.0,128.0,526.0
852516.0,0.0,-2.91,-0.075,0.0,0.0,0.0,0.143,0.0,0.0,128.0,538.0
852556.0,0.0,-2.91,-0.002,0.0,0.0,0.0,0.143,0.0,0.0,128.0,532.0
852596.0,0.0,-2.91,-0.123,0.0,0.0,0.0,0.143,0.0,0.0,128.0,539.0
852637.0,0.0,-2.91,-0.0,0.0,0.0,0.0,0.143,0.0,0.0,128.0,525.0
852677.0,0.0,-2.91,-0.106,0.0,0.0,0.0,0.143,0.0,0.0,128.0,538.0
852717.0,0.0,-2.91,-0.107,0.0,0.0,0.0,0.143,0.0,0.0,128.0,526.0
852757.0,0.0,-2.91,-0.077,0.0,0.0,0.0,0.143,0.0,0.0,128.0,527.0
852798.0,0.0,-2.9084,0.253,0.0,0.0,0.0,0.143,0.0,0.0,128.0,538.0
852838.0,0.0,-2.91,-0.068,0.0,0.0,0.0,0.143,0.0,0.0,128.0,532.0
852878.0,0.0,-2.91,-0.065,0.0,0.0,0.0,0.143,0.0,0.0,128.0,539.0
852918.0,0.0,-2.91,-0.082,0.0,0.0,0.0,0.143,0.0,0.0,128.0,538.0
852959.0,0.0,-2.91,-0.031,0.0,0.0,0.0,0.143,0.0,0.0,128.0,526.0
852999.0,0.0,-2.91,0.009,0.0,0.0,0.0,0.143,0.0,0.0,128.0,526.0
853039.0,0.0,-2.91,-0.172,0.0,0.0,0.0,0.143,0.0,0.0,128.0,538.0
853080.0,0.0,-2.91,-0.049,0.0,0.0,0.0,0.143,0.0,0.0,128.0,526.0
853120.0,0.0,-2.91,-0.171,0.0,0.0,0.0,0.143,0.0,0.0,128.0,533.0
853160.0,0.0,-2.91,-0.0,0.0,0.0,0.0,0.143,0.0,0.0,128.0,526.0
853200.0,0.0,-2.9084,0.244,0.0,0.0,0.0,0.143,0.0,0.0,128.0,538.0
853241.0,0.0,-2.91,-0.087,0.0,0.0,0.0,0.143,0.0,0.0,128.0,533.0
853281.0,0.0,-2.91,-0.034,0.0,0.0,0.0,0.143,0.0,0.0,128.0,538.0
853321.0,0.0,-2.91,-0.021,0.0,0.0,0.0,0.143,0.0,0.0,128.0,526.0
853361.0,0.0,-2.91,-0.081,0.0,0.0,0.0,0.143,0.0,0.0,128.0,538.0
853402.0,0.0,-2.91,-0.012,0.0,0.0,0.0,0.143,0.0,0.0,128.0,526.0
853442.0,0.0,-2.91,-0.042,0.0,0.0,0.0,0.143,0.0,0.0,128.0,533.0
853482.0,0.0,-2.91,-0.085,0.0,0.0,0.0,0.143,0.0,0.0,128.0,532.0
853523.0,0.0,-2.91,-0.092,0.0,0.0,0.0,0.143,0.0,0.0,128.0,539.0
853563.0,0.0,-2.9084,0.292,0.0,0.0,0.0,0.143,0.0,0.0,128.0,538.0
853604.0,0.0,-2.91,-0.0,0.0,0.0,0.0,0.143,0.0,0.0,128.0,531.0
853644.0,0.0,-2.91,-0.069,0.0,0.0,0.0,0.143,0.0,0.0,128.0,527.0
853684.0,0.0,-2.91,-0.077,0.0,0.0,0.0,0.143,0.0,0.0,128.0,532.0
853724.0,0.0,-2.91,-0.001,0.0,0.0,0.0,0.143,0.0,0.0,128.0,532.0
853765.0,0.0,-2.91,-0.021,0.0,0.0,0.0,0.143,0.0,0.0,128.0,526.0
853805.0,0.0,-2.91,-0.016,0.0,0.0,0.0,0.143,0.0,0.0,128.0,532.0
853845.0,0.0,-2.91,-0.0,0.0,0.0,0.0,0.143,0.0,0.0,128.0,525.0
853885.0,0.0,-2.91,-0.003,0.0,0.0,0.0,0.143,0.0,0.0,128.0,532.0
853925.0,0.0,-2.9084,0.288,0.0,0.0,0.0,0.143,0.0,0.0,128.0,533.0
853966.0,0.0,-2.91,-0.218,0.0,0.0,0.0,0.143,0.0,0.0,128.0,526.0
854006.0,0.0,-2.91,-0.072,0.0,0.0,0.0,0.143,0.0,0.0,128.0,526.0
854046.0,0.0,-2.9084,0.34,0.0,0.0,0.0,0.143,0.0,0.0,128.0,538.0
854087.0,0.0,-2.91,-0.075,0.0,0.0,0.0,0.143,0.0,0.0,128.0,532.0
854127.0,0.0,-2.9084,0.255,0.0,0.0,0.0,0.143,0.0,0.0,128.0,526.0
854167.0,0.0,-2.9084,0.243,0.0,0.0,0.0,0.143,0.0,0.0,128.0,526.0
854207.0,0.0,-2.91,-0.058,0.0,0.0,0.0,0.143,0.0,0.0,128.0,538.0
854247.0,0.0,-2.9084,0.168,0.0,0.0,0.0,0.143,0.0,0.0,128.0,538.0
854288.0,0.0,-2.91,-0.0,0.0,0.0,0.0,0.143,0.0,0.0,128.0,531.0
854328.0,0.0,-2.9084,0.222,0.0,0.0,0.0,0.143,0.0,0.0,128.0,538.0
854368.0,0.0,-2.91,-0.015,0.0,0.0,0.0,0.143,0.0,0.0,128.0,532.0
854409.0,0.0,-2.91,-0.009,0.0,0.0,0.0,0.143,0.0,0.0,128.0,538.0
854449.0,0.0,-2.91,-0.177,0.0,0.0,0.0,0.143,0.0,0.0,128.0,538.0
854490.0,0.0,-2.91,-0.016,0.0,0.0,0.0,0.143,0.0,0.0,128.0,526.0
854530.0,0.0,-2.91,-0.008,0.0,0.0,0.0,0.143,0.0,0.0,128.0,527.0
854570.0,0.0,-2.91,-0.0,0.0,0.0,0.0,0.143,0.0,0.0,128.0,519.0
854610.0,0.0,-2.9084,0.239,0.0,0.0,0.0,0.143,0.0,0.0,128.0,526.0
854650.0,0.0,-2.91,-0.196,0.0,0.0,0.0,0.143,0.0,0.0,128.0,526.0
854690.0,0.0,-2.9084,0.336,0.0,0.0,0.0,0.143,0.0,0.0,128.0,533.0
854731.0,0.0,-2.91,-0.087,0.0,0.0,0.0,0.143,0.0,0.0,128.0,532.0
854771.0,0.0,-2.91,-0.005,0.0,0.0,0.0,0.143,0.0,0.0,128.0,526.0
854811.0,0.0,-2.91,-0.0,0.0,0.0,0.0,0.143,0.0,0.0,128.0,525.0
854852.0,0.0,-2.91,-0.206,0.0,0.0,0.0,0.143,0.0,0.0,128.0,526.0
854892.0,0.0,-2.91,-0.0,0.0,0.0,0.0,0.143,0.0,0.0,128.0,526.0
854932.0,0.0,-2.91,-0.013,0.0,0.0,0.0,0.143,0.0,0.0,128.0,539.0
854973.0,0.0,-2.91,-0.108,0.0,0.0,0.0,0.143,0.0,0.0,128.0,526.0
855013.0,0.0,-2.91,-0.0,0.0,0.0,0.0,0.143,0.0,0.0,128.0,526.0
855053.0,0.0,-2.91,-0.173,0.0,0.0,0.0,0.143,0.0,0.0,128.0,526.0
855093.0,0.0,-2.91,-0.073,0.0,0.0,0.0,0.143,0.0,0.0,128.0,533.0
855133.0,0.0,-2.91,-0.07,0.0,0.0,0.0,0.143,0.0,0.0,128.0,539.0
855174.0,0.0,-2.91,-0.0,0.0,0.0,0.0,0.143,0.0,0.0,128.0,538.0
855214.0,0.0,-2.91,-0.113,0.0,0.0,0.0,0.143,0.0,0.0,128.0,527.0
855254.0,0.0,-2.9084,0.066,0.0,0.0,0.0,0.143,0.0,0.0,128.0,538.0
855295.0,0.0,-2.91,-0.021,0.0,0.0,0.0,0.143,0.0,0.0,128.0,539.0
855335.0,0.0,-2.91,-0.07,0.0,0.0,0.0,0.143,0.0,0.0,128.0,526.0
855375.0,0.0,-2.91,-0.0,0.0,0.0,0.0,0.143,0.0,0.0,128.0,526.0
855415.0,0.0,-2.91,-0.089,0.0,0.0,0.0,0.143,0.0,0.0,128.0,539.0
855456.0,0.0,-2.9084,0.236,0.0,0.0,0.0,0.143,0.0,0.0,128.0,538.0
855496.0,0.0,-2.91,-0.075,0.0,0.0,0.0,0.143,0.0,0.0,128.0,532.0
855536.0,0.0,-2.91,-0.075,0.0,0.0,0.0,0.143,0.0,0.0,128.0,538.0
855577.0,0.0,-2.91,-0.0,0.0,0.0,0.0,0.143,0.0,0.0,128.0,532.0
855617.0,0.0,-2.91,-0.002,0.0,0.0,0.0,0.143,0.0,0.0,128.0,526.0
855657.0,0.0,-2.91,-0.001,0.0,0.0,0.0,0.143,0.0,0.0,128.0,538.0
855697.0,0.0,-2.9084,0.179,0.0,0.0,0.0,0.143,0.0,0.0,128.0,538.0
855738.0,0.0,-2.91,-0.15,0.0,0.0,0.0,0.143,0.0,0.0,128.0,526.0
855778.0,0.0,-2.9084,0.304,0.0,0.0,0.0,0.143,0.0,0.0,128.0,526.0
855818.0,0.0,-2.91,-0.014,0.0,0.0,0.0,0.143,0.0,0.0,128.0,527.0
855858.0,0.0,-2.91,-0.07,0.0,0.0,0.0,0.143,0.0,0.0,128.0,539.0
855898.0,0.0,-2.91,-0.063,0.0,0.0,0.0,0.143,0.0,0.0,128.0,539.0
855938.0,0.0,-2.9084,0.278,0.0,0.0,0.0,0.143,0.0,0.0,128.0,533.0
855979.0,0.0,-2.91,0.007,0.0,0.0,0.0,0.143,0.0,0.0,128.0,527.0
856019.0,0.0,-2.91,-0.108,0.0,0.0,0.0,0.143,0.0,0.0,128.0,532.0
856059.0,0.0,-2.91,-0.092,0.0,0.0,0.0,0.143,0.0,0.0,128.0,526.0
856099.0,0.0,-2.91,-0.034,0.0,0.0,0.0,0.143,0.0,0.0,128.0,532.0
856140.0,0.0,-2.91,-0.057,0.0,0.0,0.0,0.143,0.0,0.0,128.0,527.0
856180.0,0.0,-2.91,-0.092,0.0,0.0,0.0,0.143,0.0,0.0,128.0,526.0
856220.0,0.0,-2.91,-0.024,0.0,0.0,0.0,0.143,0.0,0.0,128.0,539.0
856260.0,0.0,-2.91,0.02,0.0,0.0,0.0,0.143,0.0,0.0,128.0,533.0
856301.0,0.0,-2.91,-0.0,0.0,0.0,0.0,0.143,0.0,0.0,128.0,532.0
856341.0,0.0,-2.91,0.006,0.0,0.0,0.0,0.143,0.0,0.0,128.0,538.0
856381.0,0.0,-2.91,0.02,0.0,0.0,0.0,0.143,0.0,0.0,128.0,526.0
856421.0,0.0,-2.91,-0.184,0.0,0.0,0.0,0.143,0.0,0.0,128.0,526.0
856461.0,0.0,-2.9084,0.145,0.0,0.0,0.0,0.143,0.0,0.0,128.0,532.0
856502.0,0.0,-2.91,-0.058,0.0,0.0,0.0,0.143,0.0,0.0,128.0,527.0
856542.0,0.0,-2.91,-0.037,0.0,0.0,0.0,0.143,0.0,0.0,128.0,526.0
856582.0,0.0,-2.91,-0.0,0.0,0.0,0.0,0.143,0.0,0.0,128.0,525.0
856622.0,0.0,-2.9084,0.176,0.0,0.0,0.0,0.143,0.0,0.0,128.0,538.0
856663.0,0.0,-2.9084,0.252,0.0,0.0,0.0,0.143,0.0,0.0,128.0,526.0
856703.0,0.0,-2.91,-0.075,0.0,0.0,0.0,0.143,0.0,0.0,128.0,526.0
856743.0,0.0,-2.9084,0.279,0.0,0.0,0.0,0.143,0.0,0.0,128.0,526.0
856784.0,0.0,-2.91,-0.075,0.0,0.0,0.0,0.143,0.0,0.0,128.0,539.0
856824.0,0.0,-2.9084,0.256,0.0,0.0,0.0,0.143,0.0,0.0,128.0,539.0
856865.0,0.0,-2.91,-0.081,0.0,0.0,0.0,0.143,0.0,0.0,128.0,527.0
856905.0,0.0,-2.91,-0.072,0.0,0.0,0.0,0.143,0.0,0.0,128.0,533.0
856945.0,0.0,-2.91,-0.204,0.0,0.0,0.0,0.143,0.0,0.0,128.0,533.0
856985.0,0.0,-2.91,-0.008,0.0,0.0,0.0,0.143,0.0,0.0,128.0,533.0
857026.0,0.0,-2.91,-0.138,0.0,0.0,0.0,0.143,0.0,0.0,128.0,526.0
857066.0,0.0,-2.91,-0.004,0.0,0.0,0.0,0.143,0.0,0.0,128.0,538.0
857106.0,0.0,-2.91,-0.143,0.0,0.0,0.0,0.143,0.0,0.0,128.0,532.0
857146.0,0.0,-2.91,0.01,0.0,0.0,0.0,0.143,0.0,0.0,128.0,526.0
857186.0,0.0,-2.9084,0.243,0.0,0.0,0.0,0.143,0.0,0.0,128.0,532.0
857227.0,0.0,-2.91,-0.082,0.0,0.0,0.0,0.143,0.0,0.0,128.0,526.0
857267.0,0.0,-2.91,-0.164,0.0,0.0,0.0,0.143,0.0,0.0,128.0,533.0
857307.0,0.0,-2.91,-0.049,0.0,0.0,0.0,0.143,0.0,0.0,128.0,527.0
857348.0,0.0,-2.9084,0.196,0.0,0.0,0.0,0.143,0.0,0.0,128.0,527.0
857388.0,0.0,-2.91,-0.084,0.0,0.0,0.0,0.143,0.0,0.0,128.0,538.0
857428.0,0.0,-2.9084,0.225,0.0,0.0,0.0,0.143,0.0,0.0,128.0,533.0
857469.0,0.0,-2.9084,0.218,0.0,0.0,0.0,0.143,0.0,0.0,128.0,538.0
857509.0,0.0,-2.9084,0.341,0.0,0.0,0.0,0.143,0.0,0.0,128.0,539.0
857550.0,0.0,-2.9084,0.186,0.0,0.0,0.0,0.143,0.0,0.0,128.0,526.0
857590.0,0.0,-2.91,-0.001,0.0,0.0,0.0,0.143,0.0,0.0,128.0,526.0
857630.0,0.0,-2.9084,0.287,0.0,0.0,0.0,0.143,0.0,0.0,128.0,538.0
857670.0,0.0,-2.91,-0.032,0.0,0.0,0.0,0.143,0.0,0.0,128.0,538.0
857711.0,0.0,-2.91,-0.053,0.0,0.0,0.0,0.143,0.0,0.0,128.0,527.0
857751.0,0.0,-2.91,-0.083,0.0,0.0,0.0,0.143,0.0,0.0,128.0,526.0
857791.0,0.0,-2.91,-0.002,0.0,0.0,0.0,0.143,0.0,0.0,128.0,527.0
857831.0,0.0,-2.91,-0.083,0.0,0.0,0.0,0.143,0.0,0.0,128.0,532.0
857872.0,0.0,-2.91,-0.153,0.0,0.0,0.0,0.143,0.0,0.0,128.0,533.0
857912.0,0.0,-2.91,-0.009,0.0,0.0,0.0,0.143,0.0,0.0,128.0,526.0
857952.0,0.0,-2.9084,0.018,0.0,0.0,0.0,0.143,0.0,0.0,128.0,526.0
857993.0,0.0,-2.91,-0.0,0.0,0.0,0.0,0.143,0.0,0.0,128.0,526.0
858033.0,0.0,-2.91,-0.209,0.0,0.0,0.0,0.143,0.0,0.0,128.0,538.0
858073.0,0.0,-2.9084,0.256,0.0,0.0,0.0,0.143,0.0,0.0,128.0,526.0
858113.0,0.0,-2.9084,0.252,0.0,0.0,0.0,0.143,0.0,0.0,128.0,532.0
858153.0,0.0,-2.91,-0.007,0.0,0.0,0.0,0.143,0.0,0.0,128.0,539.0
858193.0,0.0,-2.91,-0.075,0.0,0.0,0.0,0.143,0.0,0.0,128.0,539.0
858234.0,0.0,-2.91,-0.021,0.0,0.0,0.0,0.143,0.0,0.0,128.0,532.0
858274.0,0.0,-2.91,-0.0,0.0,0.0,0.0,0.143,0.0,0.0,128.0,533.0
858314.0,0.0,-2.9084,0.233,0.0,0.0,0.0,0.143,0.0,0.0,128.0,532.0
858355.0,0.0,-2.91,-0.029,0.0,0.0,0.0,0.143,0.0,0.0,128.0,533.0
858395.0,0.0,-2.91,-0.065,0.0,0.0,0.0,0.143,0.0,0.0,128.0,526.0
858435.0,0.0,-2.91,-0.049,0.0,0.0,0.0,0.143,0.0,0.0,128.0,526.0
858475.0,0.0,-2.91,-0.135,0.0,0.0,0.0,0.143,0.0,0.0,128.0,526.0
858515.0,0.0,-2.91,0.004,0.0,0.0,0.0,0.143,0.0,0.0,128.0,526.0
858555.0,0.0,-2.91,0.009,0.0,0.0,0.0,0.143,0.0,0.0,128.0,526.0
858595.0,0.0,-2.91,-0.005,0.0,0.0,0.0,0.143,0.0,0.0,128.0,538.0
858636.0,0.0,-2.91,-0.063,0.0,0.0,0.0,0.143,0.0,0.0,128.0,539.0
858676.0,0.0,-2.91,-0.182,0.0,0.0,0.0,0.143,0.0,0.0,128.0,532.0
858716.0,0.0,-2.9084,0.338,0.0,0.0,0.0,0.143,0.0,0.0,128.0,526.0
858756.0,0.0,-2.9084,0.197,0.0,0.0,0.0,0.143,0.0,0.0,128.0,527.0
858797.0,0.0,-2.91,-0.001,0.0,0.0,0.0,0.143,0.0,0.0,128.0,527.0
858837.0,0.0,-2.91,-0.087,0.0,0.0,0.0,0.143,0.0,0.0,128.0,526.0
858877.0,0.0,-2.91,-0.034,0.0,0.0,0.0,0.143,0.0,0.0,128.0,526.0
858917.0,0.0,-2.91,-0.1,0.0,0.0,0.0,0.143,0.0,0.0,128.0,527.0
858958.0,0.0,-2.9084,0.184,0.0,0.0,0.0,0.143,0.0,0.0,128.0,526.0
858998.0,0.0,-2.91,-0.001,0.0,0.0,0.0,0.143,0.0,0.0,128.0,539.0
859038.0,0.0,-2.91,-0.041,0.0,0.0,0.0,0.143,0.0,0.0,128.0,533.0
859078.0,0.0,-2.91,-0.0,0.0,0.0,0.0,0.143,0.0,0.0,128.0,526.0
859119.0,0.0,-2.91,-0.049,0.0,0.0,0.0,0.143,0.0,0.0,128.0,538.0
859159.0,0.0,-2.91,-0.068,0.0,0.0,0.0,0.143,0.0,0.0,128.0,527.0
859199.0,0.0,-2.91,-0.004,0.0,0.0,0.0,0.143,0.0,0.0,128.0,533.0
859239.0,0.0,-2.9084,0.307,0.0,0.0,0.0,0.143,0.0,0.0,128.0,539.0
859280.0,0.0,-2.91,-0.096,0.0,0.0,0.0,0.143,0.0,0.0,128.0,532.0
859320.0,0.0,-2.91,-0.069,0.0,0.0,0.0,0.143,0.0,0.0,128.0,527.0
859360.0,0.0,-2.91,-0.043,0.0,0.0,0.0,0.143,0.0,0.0,128.0,533.0
859400.0,0.0,-2.91,-0.193,0.0,0.0,0.0,0.143,0.0,0.0,128.0,538.0
859441.0,0.0,-2.91,-0.06,0.0,0.0,0.0,0.143,0.0,0.0,128.0,526.0
859481.0,0.0,-2.91,-0.126,0.0,0.0,0.0,0.143,0.0,0.0,128.0,532.0
859521.0,0.0,-2.91,-0.08,0.0,0.0,0.0,0.143,0.0,0.0,128.0,538.0
859561.0,0.0,-2.91,-0.002,0.0,0.0,0.0,0.143,0.0,0.0,128.0,526.0
859601.0,0.0,-2.9084,0.34,0.0,0.0,0.0,0.143,0.0,0.0,128.0,538.0
859642.0,0.0,-2.91,-0.0,0.0,0.0,0.0,0.143,0.0,0.0,128.0,538.0
859682.0,0.0,-2.91,-0.001,0.0,0.0,0.0,0.143,0.0,0.0,128.0,526.0
859722.0,0.0,-2.91,-0.148,0.0,0.0,0.0,0.143,0.0,0.0,128.0,533.0
859763.0,0.0,-2.91,-0.0,0.0,0.0,0.0,0.143,0.0,0.0,128.0,526.0
859803.0,0.0,-2.91,-0.027,0.0,0.0,0.0,0.143,0.0,0.0,128.0,527.0
859843.0,0.0,-2.91,-0.084,0.0,0.0,0.0,0.143,0.0,0.0,128.0,526.0
859883.0,0.0,-2.91,-0.017,0.0,0.0,0.0,0.143,0.0,0.0,128.0,538.0
859924.0,0.0,-2.91,-0.192,0.0,0.0,0.0,0.143,0.0,0.0,128.0,538.0
859964.0,0.0,-2.91,0.015,0.0,0.0,0.0,0.143,0.0,0.0,128.0,527.0
860005.0,0.0,-2.9084,0.21,0.0,0.0,0.0,0.143,0.0,0.0,128.0,526.0
860045.0,0.0,-2.91,-0.085,0.0,0.0,0.0,0.143,0.0,0.0,128.0,532.0
860085.0,0.0,-2.91,-0.027,0.0,0.0,0.0,0.143,0.0,0.0,128.0,526.0
860125.0,0.0,-2.91,-0.001,0.0,0.0,0.0,0.143,0.0,0.0,128.0,526.0
860165.0,0.0,-2.9084,0.126,0.0,0.0,0.0,0.143,0.0,0.0,128.0,532.0
860206.0,0.0,-2.91,-0.084,0.0,0.0,0.0,0.143,0.0,0.0,128.0,533.0
860246.0,0.0,-2.91,-0.103,0.0,0.0,0.0,0.143,0.0,0.0,128.0,533.0
860286.0,0.0,-2.91,-0.032,0.0,0.0,0.0,0.143,0.0,0.0,128.0,538.0
860327.0,0.0,-2.91,-0.075,0.0,0.0,0.0,0.143,0.0,0.0,128.0,539.0
860367.0,0.0,-2.9084,0.149,0.0,0.0,0.0,0.143,0.0,0.0,128.0,538.0
860408.0,0.0,-2.91,-0.061,0.0,0.0,0.0,0.143,0.0,0.0,128.0,526.0
860448.0,0.0,-2.9084,0.259,0.0,0.0,0.0,0.143,0.0,0.0,128.0,527.0
860488.0,0.0,-2.9084,0.34,0.0,0.0,0.0,0.143,0.0,0.0,128.0,538.0
860528.0,0.0,-2.91,-0.08,0.0,0.0,0.0,0.143,0.0,0.0,128.0,538.0
860569.0,0.0,-2.91,-0.032,0.0,0.0,0.0,0.143,0.0,0.0,128.0,533.0
860609.0,0.0,-2.91,0.019,0.0,0.0,0.0,0.143,0.0,0.0,128.0,532.0
860649.0,0.0,-2.9084,0.338,0.0,0.0,0.0,0.143,0.0,0.0,128.0,526.0
860689.0,0.0,-2.91,-0.06,0.0,0.0,0.0,0.143,0.0,0.0,128.0,526.0
860729.0,0.0,-2.91,-0.0,0.0,0.0,0.0,0.143,0.0,0.0,128.0,533.0
860770.0,0.0,-2.9084,0.29,0.0,0.0,0.0,0.143,0.0,0.0,128.0,526.0
860810.0,0.0,-2.91,-0.087,0.0,0.0,0.0,0.143,0.0,0.0,128.0,539.0
860850.0,0.0,-2.91,-0.001,0.0,0.0,0.0,0.143,0.0,0.0,128.0,539.0
860891.0,0.0,-2.9084,0.261,0.0,0.0,0.0,0.143,0.0,0.0,128.0,539.0
860931.0,0.0,-2.91,-0.017,0.0,0.0,0.0,0.143,0.0,0.0,128.0,533.0
860972.0,0.0,-2.91,-0.095,0.0,0.0,0.0,0.143,0.0,0.0,128.0,527.0
861012.0,0.0,-2.91,-0.021,0.0,0.0,0.0,0.143,0.0,0.0,128.0,526.0
861052.0,0.0,-2.91,-0.032,0.0,0.0,0.0,0.143,0.0,0.0,128.0,526.0
861093.0,0.0,-2.9084,0.337,0.0,0.0,0.0,0.143,0.0,0.0,128.0,526.0
861133.0,0.0,-2.91,-0.069,0.0,0.0,0.0,0.143,0.0,0.0,128.0,538.0
861173.0,0.0,-2.91,-0.075,0.0,0.0,0.0,0.143,0.0,0.0,128.0,538.0
861213.0,0.0,-2.91,-0.008,0.0,0.0,0.0,0.143,0.0,0.0,128.0,538.0
861253.0,0.0,-2.91,-0.029,0.0,0.0,0.0,0.143,0.0,0.0,128.0,538.0
861294.0,0.0,-2.91,-0.0,0.0,0.0,0.0,0.143,0.0,0.0,128.0,526.0
861334.0,0.0,-2.9084,0.221,0.0,0.0,0.0,0.143,0.0,0.0,128.0,526.0
861374.0,0.0,-2.91,-0.069,0.0,0.0,0.0,0.143,0.0,0.0,128.0,526.0
861414.0,0.0,-2.91,-0.134,0.0,0.0,0.0,0.143,0.0,0.0,128.0,533.0
861455.0,0.0,-2.91,-0.107,0.0,0.0,0.0,0.143,0.0,0.0,128.0,526.0
861495.0,0.0,-2.91,-0.0,0.0,0.0,0.0,0.143,0.0,0.0,128.0,527.0
861536.0,0.0,-2.9084,0.23,0.0,0.0,0.0,0.143,0.0,0.0,128.0,526.0
861576.0,0.0,-2.91,-0.032,0.0,0.0,0.0,0.143,0.0,0.0,128.0,539.0
861616.0,0.0,-2.91,-0.052,0.0,0.0,0.0,0.143,0.0,0.0,128.0,532.0
861656.0,0.0,-2.91,-0.003,0.0,0.0,0.0,0.143,0.0,0.0,128.0,539.0
861696.0,0.0,-2.9084,0.244,0.0,0.0,0.0,0.143,0.0,0.0,128.0,532.0
861736.0,0.0,-2.91,-0.0,0.0,0.0,0.0,0.143,0.0,0.0,128.0,539.0
861777.0,0.0,-2.91,-0.151,0.0,0.0,0.0,0.143,0.0,0.0,128.0,532.0
861817.0,0.0,-2.91,-0.033,0.0,0.0,0.0,0.143,0.0,0.0,128.0,527.0
861858.0,0.0,-2.91,-0.095,0.0,0.0,0.0,0.143,0.0,0.0,128.0,526.0
861898.0,0.0,-2.91,-0.054,0.0,0.0,0.0,0.143,0.0,0.0,128.0,526.0
861938.0,0.0,-2.9084,0.287,0.0,0.0,0.0,0.143,0.0,0.0,128.0,538.0
861979.0,0.0,-2.91,-0.006,0.0,0.0,0.0,0.143,0.0,0.0,128.0,538.0
862019.0,0.0,-2.91,-0.0,0.0,0.0,0.0,0.143,0.0,0.0,128.0,519.0
862059.0,0.0,-2.91,-0.014,0.0,0.0,0.0,0.143,0.0,0.0,128.0,527.0
862099.0,0.0,-2.91,-0.083,0.0,0.0,0.0,0.143,0.0,0.0,128.0,539.0
862139.0,0.0,-2.91,-0.155,0.0,0.0,0.0,0.143,0.0,0.0,128.0,532.0
862180.0,0.0,-2.9084,0.328,0.0,0.0,0.0,0.143,0.0,0.0,128.0,526.0
862220.0,0.0,-2.91,-0.107,0.0,0.0,0.0,0.143,0.0,0.0,128.0,526.0
862260.0,0.0,-2.91,-0.089,0.0,0.0,0.0,0.143,0.0,0.0,128.0,538.0
862301.0,0.0,-2.91,-0.014,0.0,0.0,0.0,0.143,0.0,0.0,128.0,527.0
862341.0,0.0,-2.91,-0.228,0.0,0.0,0.0,0.143,0.0,0.0,128.0,532.0
862381.0,0.0,-2.91,-0.11,0.0,0.0,0.0,0.143,0.0,0.0,128.0,532.0
862422.0,0.0,-2.91,-0.05,0.0,0.0,0.0,0.143,0.0,0.0,128.0,527.0
862462.0,0.0,-2.9084,0.333,0.0,0.0,0.0,0.143,0.0,0.0,128.0,538.0
862502.0,0.0,-2.91,-0.005,0.0,0.0,0.0,0.143,0.0,0.0,128.0,538.0
862542.0,0.0,-2.91,-0.014,0.0,0.0,0.0,0.143,0.0,0.0,128.0,538.0
862582.0,0.0,-2.9084,0.306,0.0,0.0,0.0,0.143,0.0,0.0,128.0,538.0
862623.0,0.0,-2.91,-0.095,0.0,0.0,0.0,0.143,0.0,0.0,128.0,538.0
862663.0,0.0,-2.91,-0.0,0.0,0.0,0.0,0.143,0.0,0.0,128.0,525.0
862704.0,0.0,-2.91,-0.001,0.0,0.0,0.0,0.143,0.0,0.0,128.0,539.0
862744.0,0.0,-2.91,-0.029,0.0,0.0,0.0,0.143,0.0,0.0,128.0,526.0
862784.0,0.0,-2.91,-0.088,0.0,0.0,0.0,0.143,0.0,0.0,128.0,526.0
862824.0,0.0,-2.9084,0.261,0.0,0.0,0.0,0.143,0.0,0.0,128.0,527.0
862864.0,0.0,-2.91,-0.038,0.0,0.0,0.0,0.143,0.0,0.0,128.0,532.0
862905.0,0.0,-2.91,-0.212,0.0,0.0,0.0,0.143,0.0,0.0,128.0,526.0
862945.0,0.0,-2.91,-0.001,0.0,0.0,0.0,0.143,0.0,0.0,128.0,539.0
862985.0,0.0,-2.91,-0.089,0.0,0.0,0.0,0.143,0.0,0.0,128.0,538.0
863026.0,0.0,-2.91,-0.081,0.0,0.0,0.0,0.143,0.0,0.0,128.0,526.0
863066.0,0.0,-2.91,-0.263,0.0,0.0,0.0,0.143,0.0,0.0,128.0,526.0
863106.0,0.0,-2.91,-0.0,0.0,0.0,0.0,0.143,0.0,0.0,128.0,527.0
863147.0,0.0,-2.91,-0.118,0.0,0.0,0.0,0.143,0.0,0.0,128.0,526.0
863187.0,0.0,-2.91,-0.086,0.0,0.0,0.0,0.143,0.0,0.0,128.0,532.0
863227.0,0.0,-2.91,-0.153,0.0,0.0,0.0,0.143,0.0,0.0,128.0,538.0
863267.0,0.0,-2.91,-0.168,0.0,0.0,0.0,0.143,0.0,0.0,128.0,532.0
863307.0,0.0,-2.91,-0.199,0.0,0.0,0.0,0.143,0.0,0.0,128.0,526.0
863348.0,0.0,-2.91,-0.003,0.0,0.0,0.0,0.143,0.0,0.0,128.0,538.0
863388.0,0.0,-2.91,-0.061,0.0,0.0,0.0,0.143,0.0,0.0,128.0,526.0
863429.0,0.0,-2.91,-0.001,0.0,0.0,0.0,0.143,0.0,0.0,128.0,527.0
863469.0,0.0,-2.91,-0.084,0.0,0.0,0.0,0.143,0.0,0.0,128.0,539.0
863509.0,0.0,-2.91,-0.001,0.0,0.0,0.0,0.143,0.0,0.0,128.0,527.0
863549.0,0.0,-2.9084,0.26,0.0,0.0,0.0,0.143,0.0,0.0,128.0,538.0
863590.0,0.0,-2.91,-0.138,0.0,0.0,0.0,0.143,0.0,0.0,128.0,539.0
863630.0,0.0,-2.91,-0.029,0.0,0.0,0.0,0.143,0.0,0.0,128.0,532.0
863671.0,0.0,-2.9084,0.323,0.0,0.0,0.0,0.143,0.0,0.0,128.0,527.0
863711.0,0.0,-2.91,-0.076,0.0,0.0,0.0,0.143,0.0,0.0,128.0,526.0
863751.0,0.0,-2.9084,0.311,0.0,0.0,0.0,0.143,0.0,0.0,128.0,526.0
863792.0,0.0,-2.9084,0.155,0.0,0.0,0.0,0.143,0.0,0.0,128.0,538.0
863832.0,0.0,-2.91,-0.014,0.0,0.0,0.0,0.143,0.0,0.0,128.0,532.0
863872.0,0.0,-2.91,-0.12,0.0,0.0,0.0,0.143,0.0,0.0,128.0,533.0
863913.0,0.0,-2.91,-0.003,0.0,0.0,0.0,0.143,0.0,0.0,128.0,526.0
863953.0,0.0,-2.91,-0.016,0.0,0.0,0.0,0.143,0.0,0.0,128.0,539.0
863993.0,0.0,-2.91,-0.0,0.0,0.0,0.0,0.143,0.0,0.0,128.0,525.0
864034.0,0.0,-2.9084,0.338,0.0,0.0,0.0,0.143,0.0,0.0,128.0,532.0
864074.0,0.0,-2.91,-0.014,0.0,0.0,0.0,0.143,0.0,0.0,128.0,526.0
864114.0,0.0,-2.91,-0.0,0.0,0.0,0.0,0.143,0.0,0.0,128.0,525.0
864155.0,0.0,-2.91,-0.001,0.0,0.0,0.0,0.143,0.0,0.0,128.0,526.0
864195.0,0.0,-2.91,-0.005,0.0,0.0,0.0,0.143,0.0,0.0,128.0,527.0
864236.0,0.0,-2.91,-0.049,0.0,0.0,0.0,0.143,0.0,0.0,128.0,538.0
864276.0,0.0,-2.91,-0.134,0.0,0.0,0.0,0.143,0.0,0.0,128.0,526.0
864316.0,0.0,-2.91,-0.149,0.0,0.0,0.0,0.143,0.0,0.0,128.0,531.0
864357.0,0.0,-2.91,-0.075,0.0,0.0,0.0,0.143,0.0,0.0,128.0,527.0
864397.0,0.0,-2.91,-0.102,0.0,0.0,0.0,0.143,0.0,0.0,128.0,526.0
864437.0,0.0,-2.91,-0.021,0.0,0.0,0.0,0.143,0.0,0.0,128.0,527.0
864478.0,0.0,-2.91,-0.008,0.0,0.0,0.0,0.143,0.0,0.0,128.0,538.0
864518.0,0.0,-2.91,-0.063,0.0,0.0,0.0,0.143,0.0,0.0,128.0,539.0
864558.0,0.0,-2.9084,0.34,0.0,0.0,0.0,0.143,0.0,0.0,128.0,532.0
864599.0,0.0,-2.91,-0.05,0.0,0.0,0.0,0.143,0.0,0.0,128.0,526.0
864639.0,0.0,-2.9084,0.29,0.0,0.0,0.0,0.143,0.0,0.0,128.0,526.0
864679.0,0.0,-2.91,-0.114,0.0,0.0,0.0,0.143,0.0,0.0,128.0,526.0
864719.0,0.0,-2.91,-0.013,0.0,0.0,0.0,0.143,0.0,0.0,128.0,526.0
864759.0,0.0,-2.91,-0.013,0.0,0.0,0.0,0.143,0.0,0.0,128.0,526.0
864799.0,0.0,-2.91,-0.008,0.0,0.0,0.0,0.143,0.0,0.0,128.0,527.0
864839.0,0.0,-2.91,-0.233,0.0,0.0,0.0,0.143,0.0,0.0,128.0,538.0
864879.0,0.0,-2.91,-0.029,0.0,0.0,0.0,0.143,0.0,0.0,128.0,538.0
864919.0,0.0,-2.9084,0.341,0.0,0.0,0.0,0.143,0.0,0.0,128.0,533.0
864959.0,0.0,-2.9084,0.256,0.0,0.0,0.0,0.143,0.0,0.0,128.0,539.0
865000.0,0.0,-2.91,-0.051,0.0,0.0,0.0,0.143,0.0,0.0,128.0,532.0
865040.0,0.0,-2.91,-0.097,0.0,0.0,0.0,0.143,0.0,0.0,128.0,538.0
865080.0,0.0,-2.91,-0.173,0.0,0.0,0.0,0.143,0.0,0.0,128.0,526.0
865120.0,0.0,-2.91,-0.0,0.0,0.0,0.0,0.143,0.0,0.0,128.0,527.0
865160.0,0.0,-2.9084,0.341,0.0,0.0,0.0,0.143,0.0,0.0,128.0,526.0
865200.0,0.0,-2.91,-0.093,0.0,0.0,0.0,0.143,0.0,0.0,128.0,526.0
865241.0,0.0,-2.91,-0.008,0.0,0.0,0.0,0.143,0.0,0.0,128.0,526.0
865281.0,0.0,-2.91,-0.062,0.0,0.0,0.0,0.143,0.0,0.0,128.0,526.0
865321.0,0.0,-2.91,-0.017,0.0,0.0,0.0,0.143,0.0,0.0,128.0,527.0
865361.0,0.0,-2.91,-0.092,0.0,0.0,0.0,0.143,0.0,0.0,128.0,539.0
865402.0,0.0,-2.91,-0.089,0.0,0.0,0.0,0.143,0.0,0.0,128.0,526.0
865442.0,0.0,-2.91,-0.128,0.0,0.0,0.0,0.143,0.0,0.0,128.0,533.0
865482.0,0.0,-2.91,-0.084,0.0,0.0,0.0,0.143,0.0,0.0,128.0,533.0
865522.0,0.0,-2.91,-0.114,0.0,0.0,0.0,0.143,0.0,0.0,128.0,539.0
865563.0,0.0,-2.91,-0.001,0.0,0.0,0.0,0.143,0.0,0.0,128.0,526.0
865603.0,0.0,-2.91,-0.013,0.0,0.0,0.0,0.143,0.0,0.0,128.0,526.0
865643.0,0.0,-2.91,-0.021,0.0,0.0,0.0,0.143,0.0,0.0,128.0,538.0
865684.0,0.0,-2.91,-0.153,0.0,0.0,0.0,0.143,0.0,0.0,128.0,526.0
865724.0,0.0,-2.91,-0.11,0.0,0.0,0.0,0.143,0.0,0.0,128.0,539.0
865764.0,0.0,-2.91,-0.05,0.0,0.0,0.0,0.143,0.0,0.0,128.0,526.0
865804.0,0.0,-2.9084,0.112,0.0,0.0,0.0,0.143,0.0,0.0,128.0,526.0
865844.0,0.0,-2.9084,0.256,0.0,0.0,0.0,0.143,0.0,0.0,128.0,532.0
865885.0,0.0,-2.91,-0.01,0.0,0.0,0.0,0.143,0.0,0.0,128.0,538.0
865925.0,0.0,-2.91,-0.105,0.0,0.0,0.0,0.143,0.0,0.0,128.0,538.0
865966.0,0.0,-2.91,-0.005,0.0,0.0,0.0,0.143,0.0,0.0,128.0,526.0
866006.0,0.0,-2.91,-0.014,0.0,0.0,0.0,0.143,0.0,0.0,128.0,527.0
866046.0,0.0,-2.91,-0.003,0.0,0.0,0.0,0.143,0.0,0.0,128.0,527.0
866087.0,0.0,-2.91,-0.118,0.0,0.0,0.0,0.143,0.0,0.0,128.0,527.0
866127.0,0.0,-2.91,-0.092,0.0,0.0,0.0,0.143,0.0,0.0,128.0,538.0
866167.0,0.0,-2.9084,0.186,0.0,0.0,0.0,0.143,0.0,0.0,128.0,527.0
866207.0,0.0,-2.91,-0.071,0.0,0.0,0.0,0.143,0.0,0.0,128.0,527.0
866247.0,0.0,-2.91,-0.083,0.0,0.0,0.0,0.143,0.0,0.0,128.0,531.0
866287.0,0.0,-2.91,-0.021,0.0,0.0,0.0,0.143,0.0,0.0,128.0,538.0
866327.0,0.0,-2.91,-0.153,0.0,0.0,0.0,0.143,0.0,0.0,128.0,538.0
866368.0,0.0,-2.91,-0.172,0.0,0.0,0.0,0.143,0.0,0.0,128.0,526.0
866408.0,0.0,-2.91,-0.005,0.0,0.0,0.0,0.143,0.0,0.0,128.0,538.0
866448.0,0.0,-2.9084,0.327,0.0,0.0,0.0,0.143,0.0,0.0,128.0,526.0
866489.0,0.0,-2.91,-0.001,0.0,0.0,0.0,0.143,0.0,0.0,128.0,526.0
866529.0,0.0,-2.91,-0.099,0.0,0.0,0.0,0.143,0.0,0.0,128.0,532.0
866569.0,0.0,-2.91,-0.033,0.0,0.0,0.0,0.143,0.0,0.0,128.0,538.0
866610.0,0.0,-2.91,-0.003,0.0,0.0,0.0,0.143,0.0,0.0,128.0,538.0
866650.0,0.0,-2.91,-0.068,0.0,0.0,0.0,0.143,0.0,0.0,128.0,527.0
866690.0,0.0,-2.91,-0.056,0.0,0.0,0.0,0.143,0.0,0.0,128.0,539.0
866730.0,0.0,-2.91,-0.001,0.0,0.0,0.0,0.143,0.0,0.0,128.0,538.0
866770.0,0.0,-2.91,-0.123,0.0,0.0,0.0,0.143,0.0,0.0,128.0,532.0
866811.0,0.0,-2.91,-0.04,0.0,0.0,0.0,0.143,0.0,0.0,128.0,526.0
866851.0,0.0,-2.91,-0.032,0.0,0.0,0.0,0.143,0.0,0.0,128.0,532.0
866891.0,0.0,-2.91,0.02,0.0,0.0,0.0,0.143,0.0,0.0,128.0,527.0
866932.0,0.0,-2.91,-0.112,0.0,0.0,0.0,0.143,0.0,0.0,128.0,538.0
866972.0,0.0,-2.9084,0.205,0.0,0.0,0.0,0.143,0.0,0.0,128.0,532.0
867012.0,0.0,-2.91,-0.0,0.0,0.0,0.0,0.143,0.0,0.0,128.0,539.0
867053.0,0.0,-2.91,-0.006,0.0,0.0,0.0,0.143,0.0,0.0,128.0,539.0
867093.0,0.0,-2.91,-0.065,0.0,0.0,0.0,0.143,0.0,0.0,128.0,532.0
867133.0,0.0,-2.9084,0.34,0.0,0.0,0.0,0.143,0.0,0.0,128.0,538.0
867174.0,0.0,-2.91,-0.065,0.0,0.0,0.0,0.143,0.0,0.0,128.0,527.0
867214.0,0.0,-2.9084,0.311,0.0,0.0,0.0,0.143,0.0,0.0,128.0,532.0
867254.0,0.0,-2.91,-0.006,0.0,0.0,0.0,0.143,0.0,0.0,128.0,538.0
867294.0,0.0,-2.91,-0.227,0.0,0.0,0.0,0.143,0.0,0.0,128.0,538.0
867335.0,0.0,-2.91,-0.075,0.0,0.0,0.0,0.143,0.0,0.0,128.0,539.0
867375.0,0.0,-2.91,-0.087,0.0,0.0,0.0,0.143,0.0,0.0,128.0,538.0
867415.0,0.0,-2.91,-0.083,0.0,0.0,0.0,0.143,0.0,0.0,128.0,538.0
867455.0,0.0,-2.91,-0.141,0.0,0.0,0.0,0.143,0.0,0.0,128.0,532.0
867496.0,0.0,-2.91,-0.075,0.0,0.0,0.0,0.143,0.0,0.0,128.0,538.0
867536.0,0.0,-2.91,0.016,0.0,0.0,0.0,0.143,0.0,0.0,128.0,532.0
867577.0,0.0,-2.9084,0.339,0.0,0.0,0.0,0.143,0.0,0.0,128.0,526.0
867617.0,0.0,-2.91,-0.002,0.0,0.0,0.0,0.143,0.0,0.0,128.0,533.0
867657.0,0.0,-2.91,-0.013,0.0,0.0,0.0,0.143,0.0,0.0,128.0,539.0
867697.0,0.0,-2.91,-0.097,0.0,0.0,0.0,0.143,0.0,0.0,128.0,527.0
867737.0,0.0,-2.91,-0.041,0.0,0.0,0.0,0.143,0.0,0.0,128.0,526.0
867777.0,0.0,-2.91,-0.077,0.0,0.0,0.0,0.143,0.0,0.0,128.0,526.0
867818.0,0.0,-2.9084,0.182,0.0,0.0,0.0,0.143,0.0,0.0,128.0,526.0
867858.0,0.0,-2.91,-0.049,0.0,0.0,0.0,0.143,0.0,0.0,128.0,538.0
867898.0,0.0,-2.91,-0.098,0.0,0.0,0.0,0.143,0.0,0.0,128.0,526.0
867938.0,0.0,-2.91,-0.075,0.0,0.0,0.0,0.143,0.0,0.0,128.0,532.0
867979.0,0.0,-2.9084,0.14,0.0,0.0,0.0,0.143,0.0,0.0,128.0,526.0
868019.0,0.0,-2.91,-0.092,0.0,0.0,0.0,0.143,0.0,0.0,128.0,526.0
868059.0,0.0,-2.91,-0.105,0.0,0.0,0.0,0.143,0.0,0.0,128.0,526.0
868099.0,0.0,-2.91,-0.117,0.0,0.0,0.0,0.143,0.0,0.0,128.0,526.0
868139.0,0.0,-2.91,-0.0,0.0,0.0,0.0,0.143,0.0,0.0,128.0,526.0
868180.0,0.0,-2.91,0.004,0.0,0.0,0.0,0.143,0.0,0.0,128.0,539.0
868220.0,0.0,-2.9084,0.336,0.0,0.0,0.0,0.143,0.0,0.0,128.0,538.0
868261.0,0.0,-2.9084,0.336,0.0,0.0,0.0,0.143,0.0,0.0,128.0,533.0
868301.0,0.0,-2.91,-0.043,0.0,0.0,0.0,0.143,0.0,0.0,128.0,532.0
868342.0,0.0,-2.91,-0.001,0.0,0.0,0.0,0.143,0.0,0.0,128.0,526.0
868382.0,0.0,-2.91,-0.085,0.0,0.0,0.0,0.143,0.0,0.0,128.0,532.0
868422.0,0.0,-2.91,-0.095,0.0,0.0,0.0,0.143,0.0,0.0,128.0,526.0
868462.0,0.0,-2.91,-0.145,0.0,0.0,0.0,0.143,0.0,0.0,128.0,538.0
868502.0,0.0,-2.91,-0.127,0.0,0.0,0.0,0.143,0.0,0.0,128.0,539.0
868543.0,0.0,-2.91,-0.076,0.0,0.0,0.0,0.143,0.0,0.0,128.0,526.0
868583.0,0.0,-2.9084,0.327,0.0,0.0,0.0,0.143,0.0,0.0,128.0,538.0
868623.0,0.0,-2.9084,0.292,0.0,0.0,0.0,0.143,0.0,0.0,128.0,526.0
868664.0,0.0,-2.91,-0.006,0.0,0.0,0.0,0.143,0.0,0.0,128.0,526.0
868704.0,0.0,-2.91,-0.16,0.0,0.0,0.0,0.143,0.0,0.0,128.0,538.0
868744.0,0.0,-2.91,-0.178,0.0,0.0,0.0,0.143,0.0,0.0,128.0,539.0
868784.0,0.0,-2.9084,0.263,0.0,0.0,0.0,0.143,0.0,0.0,128.0,539.0
868825.0,0.0,-2.91,-0.101,0.0,0.0,0.0,0.143,0.0,0.0,128.0,533.0
868865.0,0.0,-2.91,-0.033,0.0,0.0,0.0,0.143,0.0,0.0,128.0,539.0
868905.0,0.0,-2.91,-0.034,0.0,0.0,0.0,0.143,0.0,0.0,128.0,538.0
868945.0,0.0,-2.9084,0.32,0.0,0.0,0.0,0.143,0.0,0.0,128.0,533.0
868986.0,0.0,-2.91,0.006,0.0,0.0,0.0,0.143,0.0,0.0,128.0,527.0
869026.0,0.0,-2.9084,0.208,0.0,0.0,0.0,0.143,0.0,0.0,128.0,538.0
869066.0,0.0,-2.91,0.012,0.0,0.0,0.0,0.143,0.0,0.0,128.0,526.0
869106.0,0.0,-2.91,-0.004,0.0,0.0,0.0,0.143,0.0,0.0,128.0,538.0
869147.0,0.0,-2.91,-0.0,0.0,0.0,0.0,0.143,0.0,0.0,128.0,520.0
869187.0,0.0,-2.91,-0.0,0.0,0.0,0.0,0.143,0.0,0.0,128.0,527.0
869227.0,0.0,-2.91,-0.161,0.0,0.0,0.0,0.143,0.0,0.0,128.0,538.0
869267.0,0.0,-2.9084,0.195,0.0,0.0,0.0,0.143,0.0,0.0,128.0,532.0
869307.0,0.0,-2.9084,0.291,0.0,0.0,0.0,0.143,0.0,0.0,128.0,532.0
869348.0,0.0,-2.91,-0.008,0.0,0.0,0.0,0.143,0.0,0.0,128.0,527.0
869388.0,0.0,-2.91,0.015,0.0,0.0,0.0,0.143,0.0,0.0,128.0,539.0
869428.0,0.0,-2.91,-0.05,0.0,0.0,0.0,0.143,0.0,0.0,128.0,538.0
869469.0,0.0,-2.9084,0.315,0.0,0.0,0.0,0.143,0.0,0.0,128.0,526.0
869509.0,0.0,-2.91,-0.049,0.0,0.0,0.0,0.143,0.0,0.0,128.0,538.0
869549.0,0.0,-2.91,-0.034,0.0,0.0,0.0,0.143,0.0,0.0,128.0,538.0
869590.0,0.0,-2.9084,0.142,0.0,0.0,0.0,0.143,0.0,0.0,128.0,533.0
869630.0,0.0,-2.9084,0.296,0.0,0.0,0.0,0.143,0.0,0.0,128.0,539.0
869671.0,0.0,-2.9084,0.335,0.0,0.0,0.0,0.143,0.0,0.0,128.0,539.0
869711.0,0.0,-2.9084,0.36,0.0,0.0,0.0,0.143,0.0,0.0,128.0,526.0
869751.0,0.0,-2.91,-0.092,0.0,0.0,0.0,0.143,0.0,0.0,128.0,539.0
869792.0,0.0,-2.91,-0.093,0.0,0.0,0.0,0.143,0.0,0.0,128.0,527.0
869832.0,0.0,-2.91,-0.112,0.0,0.0,0.0,0.143,0.0,0.0,128.0,533.0
869872.0,0.0,-2.91,-0.089,0.0,0.0,0.0,0.143,0.0,0.0,128.0,539.0
869913.0,0.0,-2.91,-0.075,0.0,0.0,0.0,0.143,0.0,0.0,128.0,526.0
869953.0,0.0,-2.91,-0.013,0.0,0.0,0.0,0.143,0.0,0.0,128.0,526.0
869993.0,0.0,-2.91,-0.0,0.0,0.0,0.0,0.143,0.0,0.0,128.0,539.0
870034.0,0.0,-2.91,-0.01,0.0,0.0,0.0,0.143,0.0,0.0,128.0,538.0
870074.0,0.0,-2.91,-0.071,0.0,0.0,0.0,0.143,0.0,0.0,128.0,527.0
870115.0,0.0,-2.91,-0.013,0.0,0.0,0.0,0.143,0.0,0.0,128.0,527.0
870155.0,0.0,-2.9084,0.224,0.0,0.0,0.0,0.143,0.0,0.0,128.0,539.0
870195.0,0.0,-2.91,-0.068,0.0,0.0,0.0,0.143,0.0,0.0,128.0,538.0
870235.0,0.0,-2.91,0.006,0.0,0.0,0.0,0.143,0.0,0.0,128.0,538.0
870276.0,0.0,-2.9084,0.177,0.0,0.0,0.0,0.143,0.0,0.0,128.0,526.0
870316.0,0.0,-2.9084,0.271,0.0,0.0,0.0,0.143,0.0,0.0,128.0,527.0
870357.0,0.0,-2.91,-0.087,0.0,0.0,0.0,0.143,0.0,0.0,128.0,527.0
870397.0,0.0,-2.91,-0.149,0.0,0.0,0.0,0.143,0.0,0.0,128.0,532.0
870438.0,0.0,-2.91,-0.05,0.0,0.0,0.0,0.143,0.0,0.0,128.0,538.0
870478.0,0.0,-2.91,-0.0,0.0,0.0,0.0,0.143,0.0,0.0,128.0,532.0
870518.0,0.0,-2.9084,0.335,0.0,0.0,0.0,0.143,0.0,0.0,128.0,526.0
870558.0,0.0,-2.9084,0.292,0.0,0.0,0.0,0.143,0.0,0.0,128.0,538.0
870598.0,0.0,-2.91,-0.086,0.0,0.0,0.0,0.143,0.0,0.0,128.0,538.0
870638.0,0.0,-2.91,-0.111,0.0,0.0,0.0,0.143,0.0,0.0,128.0,538.0
870678.0,0.0,-2.91,-0.069,0.0,0.0,0.0,0.143,0.0,0.0,128.0,538.0
870719.0,0.0,-2.91,-0.132,0.0,0.0,0.0,0.143,0.0,0.0,128.0,538.0
870759.0,0.0,-2.9084,0.246,0.0,0.0,0.0,0.143,0.0,0.0,128.0,533.0
870800.0,0.0,-2.9084,0.327,0.0,0.0,0.0,0.143,0.0,0.0,128.0,526.0
870840.0,0.0,-2.91,-0.025,0.0,0.0,0.0,0.143,0.0,0.0,128.0,526.0
870880.0,0.0,-2.91,-0.049,0.0,0.0,0.0,0.143,0.0,0.0,128.0,532.0
870920.0,0.0,-2.91,-0.089,0.0,0.0,0.0,0.143,0.0,0.0,128.0,538.0
870960.0,0.0,-2.91,-0.175,0.0,0.0,0.0,0.143,0.0,0.0,128.0,532.0
871001.0,0.0,-2.91,-0.0,0.0,0.0,0.0,0.143,0.0,0.0,128.0,538.0
871041.0,0.0,-2.91,-0.005,0.0,0.0,0.0,0.143,0.0,0.0,128.0,526.0
871081.0,0.0,-2.91,-0.055,0.0,0.0,0.0,0.143,0.0,0.0,128.0,526.0
871121.0,0.0,-2.9084,0.238,0.0,0.0,0.0,0.143,0.0,0.0,128.0,538.0
871162.0,0.0,-2.91,-0.114,0.0,0.0,0.0,0.143,0.0,0.0,128.0,533.0
871202.0,0.0,-2.9084,0.276,0.0,0.0,0.0,0.143,0.0,0.0,128.0,532.0
871243.0,0.0,-2.91,-0.018,0.0,0.0,0.0,0.143,0.0,0.0,128.0,527.0
871283.0,0.0,-2.91,-0.003,0.0,0.0,0.0,0.143,0.0,0.0,128.0,526.0
871323.0,0.0,-2.9084,0.205,0.0,0.0,0.0,0.143,0.0,0.0,128.0,532.0
871363.0,0.0,-2.91,-0.084,0.0,0.0,0.0,0.143,0.0,0.0,128.0,532.0
871404.0,0.0,-2.91,-0.032,0.0,0.0,0.0,0.143,0.0,0.0,128.0,538.0
871444.0,0.0,-2.91,-0.019,0.0,0.0,0.0,0.143,0.0,0.0,128.0,538.0
871485.0,0.0,-2.9084,0.328,0.0,0.0,0.0,0.143,0.0,0.0,128.0,526.0
871525.0,0.0,-2.91,-0.003,0.0,0.0,0.0,0.143,0.0,0.0,128.0,526.0
871565.0,0.0,-2.9084,0.32,0.0,0.0,0.0,0.143,0.0,0.0,128.0,539.0
871606.0,0.0,-2.91,-0.005,0.0,0.0,0.0,0.143,0.0,0.0,128.0,538.0
871646.0,0.0,-2.91,-0.053,0.0,0.0,0.0,0.143,0.0,0.0,128.0,527.0
871686.0,0.0,-2.9084,0.256,0.0,0.0,0.0,0.143,0.0,0.0,128.0,532.0
871726.0,0.0,-2.91,0.02,0.0,0.0,0.0,0.143,0.0,0.0,128.0,538.0
871766.0,0.0,-2.9084,0.328,0.0,0.0,0.0,0.143,0.0,0.0,128.0,538.0
871807.0,0.0,-2.91,-0.161,0.0,0.0,0.0,0.143,0.0,0.0,128.0,532.0
871847.0,0.0,-2.91,-0.088,0.0,0.0,0.0,0.143,0.0,0.0,128.0,539.0
871887.0,0.0,-2.9084,0.215,0.0,0.0,0.0,0.143,0.0,0.0,128.0,538.0
871928.0,0.0,-2.91,-0.001,0.0,0.0,0.0,0.143,0.0,0.0,128.0,526.0
871968.0,0.0,-2.91,-0.159,0.0,0.0,0.0,0.143,0.0,0.0,128.0,532.0
872008.0,0.0,-2.91,-0.032,0.0,0.0,0.0,0.143,0.0,0.0,128.0,538.0
872048.0,0.0,-2.91,-0.026,0.0,0.0,0.0,0.143,0.0,0.0,128.0,526.0
872088.0,0.0,-2.91,-0.082,0.0,0.0,0.0,0.143,0.0,0.0,128.0,539.0
872128.0,0.0,-2.91,-0.117,0.0,0.0,0.0,0.143,0.0,0.0,128.0,532.0
872169.0,0.0,-2.91,-0.021,0.0,0.0,0.0,0.143,0.0,0.0,128.0,538.0
872209.0,0.0,-2.91,-0.161,0.0,0.0,0.0,0.143,0.0,0.0,128.0,539.0
872249.0,0.0,-2.91,-0.071,0.0,0.0,0.0,0.143,0.0,0.0,128.0,526.0
872289.0,0.0,-2.91,-0.0,0.0,0.0,0.0,0.143,0.0,0.0,128.0,538.0
872330.0,0.0,-2.91,-0.04,0.0,0.0,0.0,0.143,0.0,0.0,128.0,539.0
872370.0,0.0,-2.91,-0.085,0.0,0.0,0.0,0.143,0.0,0.0,128.0,538.0
872410.0,0.0,-2.91,-0.014,0.0,0.0,0.0,0.143,0.0,0.0,128.0,533.0
872451.0,0.0,-2.91,-0.022,0.0,0.0,0.0,0.143,0.0,0.0,128.0,527.0
872491.0,0.0,-2.91,-0.005,0.0,0.0,0.0,0.143,0.0,0.0,128.0,538.0
872531.0,0.0,-2.91,-0.01,0.0,0.0,0.0,0.143,0.0,0.0,128.0,526.0
872571.0,0.0,-2.91,-0.04,0.0,0.0,0.0,0.143,0.0,0.0,128.0,532.0
872612.0,0.0,-2.91,-0.0,0.0,0.0,0.0,0.143,0.0,0.0,128.0,525.0
872652.0,0.0,-2.91,-0.146,0.0,0.0,0.0,0.143,0.0,0.0,128.0,532.0
872692.0,0.0,-2.91,-0.002,0.0,0.0,0.0,0.143,0.0,0.0,128.0,527.0
872732.0,0.0,-2.91,-0.06,0.0,0.0,0.0,0.143,0.0,0.0,128.0,527.0
872772.0,0.0,-2.9084,0.34,0.0,0.0,0.0,0.143,0.0,0.0,128.0,526.0
872812.0,0.0,-2.91,-0.16,0.0,0.0,0.0,0.143,0.0,0.0,128.0,532.0
872853.0,0.0,-2.91,-0.096,0.0,0.0,0.0,0.143,0.0,0.0,128.0,526.0
872893.0,0.0,-2.91,-0.088,0.0,0.0,0.0,0.143,0.0,0.0,128.0,526.0
872933.0,0.0,-2.91,-0.095,0.0,0.0,0.0,0.143,0.0,0.0,128.0,533.0
872973.0,0.0,-2.91,-0.0,0.0,0.0,0.0,0.143,0.0,0.0,128.0,539.0
873014.0,0.0,-2.91,-0.171,0.0,0.0,0.0,0.143,0.0,0.0,128.0,526.0
873054.0,0.0,-2.91,-0.0,0.0,0.0,0.0,0.143,0.0,0.0,128.0,531.0
873094.0,0.0,-2.91,-0.138,0.0,0.0,0.0,0.143,0.0,0.0,128.0,539.0
873134.0,0.0,-2.91,-0.0,0.0,0.0,0.0,0.143,0.0,0.0,128.0,538.0
873175.0,0.0,-2.9084,0.323,0.0,0.0,0.0,0.143,0.0,0.0,128.0,538.0
873215.0,0.0,-2.91,-0.092,0.0,0.0,0.0,0.143,0.0,0.0,128.0,527.0
873255.0,0.0,-2.91,0.017,0.0,0.0,0.0,0.143,0.0,0.0,128.0,526.0
873295.0,0.0,-2.91,-0.075,0.0,0.0,0.0,0.143,0.0,0.0,128.0,538.0
873336.0,0.0,-2.91,-0.0,0.0,0.0,0.0,0.143,0.0,0.0,128.0,538.0
873376.0,0.0,-2.91,-0.089,0.0,0.0,0.0,0.143,0.0,0.0,128.0,533.0
873416.0,0.0,-2.9084,0.256,0.0,0.0,0.0,0.143,0.0,0.0,128.0,539.0
873457.0,0.0,-2.91,-0.026,0.0,0.0,0.0,0.143,0.0,0.0,128.0,532.0
873497.0,0.0,-2.91,-0.045,0.0,0.0,0.0,0.143,0.0,0.0,128.0,526.0
873537.0,0.0,-2.91,-0.073,0.0,0.0,0.0,0.143,0.0,0.0,128.0,538.0
873578.0,0.0,-2.91,-0.002,0.0,0.0,0.0,0.143,0.0,0.0,128.0,539.0
873618.0,0.0,-2.91,-0.103,0.0,0.0,0.0,0.143,0.0,0.0,128.0,532.0
873658.0,0.0,-2.91,-0.084,0.0,0.0,0.0,0.143,0.0,0.0,128.0,532.0
873699.0,0.0,-2.91,-0.051,0.0,0.0,0.0,0.143,0.0,0.0,128.0,526.0
873739.0,0.0,-2.91,-0.087,0.0,0.0,0.0,0.143,0.0,0.0,128.0,538.0
873779.0,0.0,-2.91,-0.013,0.0,0.0,0.0,0.143,0.0,0.0,128.0,539.0
873819.0,0.0,-2.9084,0.341,0.0,0.0,0.0,0.143,0.0,0.0,128.0,532.0
873860.0,0.0,-2.9084,0.238,0.0,0.0,0.0,0.143,0.0,0.0,128.0,538.0
873900.0,0.0,-2.91,-0.0,0.0,0.0,0.0,0.143,0.0,0.0,128.0,525.0
873940.0,0.0,-2.91,-0.096,0.0,0.0,0.0,0.143,0.0,0.0,128.0,533.0
873981.0,0.0,-2.91,-0.007,0.0,0.0,0.0,0.143,0.0,0.0,128.0,539.0
874021.0,0.0,-2.91,-0.053,0.0,0.0,0.0,0.143,0.0,0.0,128.0,527.0
874061.0,0.0,-2.9084,0.34,0.0,0.0,0.0,0.143,0.0,0.0,128.0,527.0
874101.0,0.0,-2.91,-0.018,0.0,0.0,0.0,0.143,0.0,0.0,128.0,533.0
874141.0,0.0,-2.91,-0.021,0.0,0.0,0.0,0.143,0.0,0.0,128.0,539.0
874181.0,0.0,-2.91,-0.047,0.0,0.0,0.0,0.143,0.0,0.0,128.0,539.0
874221.0,0.0,-2.91,-0.089,0.0,0.0,0.0,0.143,0.0,0.0,128.0,539.0
874262.0,0.0,-2.91,-0.09,0.0,0.0,0.0,0.143,0.0,0.0,128.0,532.0
874302.0,0.0,-2.91,-0.014,0.0,0.0,0.0,0.143,0.0,0.0,128.0,527.0
874343.0,0.0,-2.9084,0.339,0.0,0.0,0.0,0.143,0.0,0.0,128.0,526.0
874383.0,0.0,-2.91,0.008,0.0,0.0,0.0,0.143,0.0,0.0,128.0,538.0
874423.0,0.0,-2.91,-0.083,0.0,0.0,0.0,0.143,0.0,0.0,128.0,538.0
874463.0,0.0,-2.91,-0.134,0.0,0.0,0.0,0.143,0.0,0.0,128.0,538.0
874504.0,0.0,-2.91,-0.049,0.0,0.0,0.0,0.143,0.0,0.0,128.0,532.0
874544.0,0.0,-2.91,-0.049,0.0,0.0,0.0,0.143,0.0,0.0,128.0,526.0
874584.0,0.0,-2.91,-0.023,0.0,0.0,0.0,0.143,0.0,0.0,128.0,539.0
874625.0,0.0,-2.91,-0.095,0.0,0.0,0.0,0.143,0.0,0.0,128.0,526.0
874665.0,0.0,-2.91,-0.049,0.0,0.0,0.0,0.143,0.0,0.0,128.0,526.0
874705.0,0.0,-2.91,-0.117,0.0,0.0,0.0,0.143,0.0,0.0,128.0,532.0
874746.0,0.0,-2.91,0.01,0.0,0.0,0.0,0.143,0.0,0.0,128.0,526.0
874786.0,0.0,-2.91,-0.037,0.0,0.0,0.0,0.143,0.0,0.0,128.0,533.0
874826.0,0.0,-2.91,-0.079,0.0,0.0,0.0,0.143,0.0,0.0,128.0,527.0
874866.0,0.0,-2.91,-0.014,0.0,0.0,0.0,0.143,0.0,0.0,128.0,538.0
874907.0,0.0,-2.91,-0.1,0.0,0.0,0.0,0.143,0.0,0.0,128.0,532.0
874947.0,0.0,-2.91,-0.014,0.0,0.0,0.0,0.143,0.0,0.0,128.0,526.0
874987.0,0.0,-2.91,-0.049,0.0,0.0,0.0,0.143,0.0,0.0,128.0,533.0
875027.0,0.0,-2.91,-0.123,0.0,0.0,0.0,0.143,0.0,0.0,128.0,532.0
875068.0,0.0,-2.91,-0.085,0.0,0.0,0.0,0.143,0.0,0.0,128.0,526.0
875108.0,0.0,-2.91,-0.024,0.0,0.0,0.0,0.143,0.0,0.0,128.0,527.0
875148.0,0.0,-2.91,-0.054,0.0,0.0,0.0,0.143,0.0,0.0,128.0,527.0
875189.0,0.0,-2.91,-0.075,0.0,0.0,0.0,0.143,0.0,0.0,128.0,527.0
875229.0,0.0,-2.91,-0.092,0.0,0.0,0.0,0.143,0.0,0.0,128.0,526.0
875270.0,0.0,-2.91,-0.174,0.0,0.0,0.0,0.143,0.0,0.0,128.0,526.0
875310.0,0.0,-2.91,-0.0,0.0,0.0,0.0,0.143,0.0,0.0,128.0,526.0
875350.0,0.0,-2.91,-0.023,0.0,0.0,0.0,0.143,0.0,0.0,128.0,538.0
875391.0,0.0,-2.91,-0.042,0.0,0.0,0.0,0.143,0.0,0.0,128.0,526.0
875431.0,0.0,-2.91,-0.058,0.0,0.0,0.0,0.143,0.0,0.0,128.0,538.0
875471.0,0.0,-2.91,-0.0,0.0,0.0,0.0,0.143,0.0,0.0,128.0,538.0
875512.0,0.0,-2.9084,0.328,0.0,0.0,0.0,0.143,0.0,0.0,128.0,526.0
875552.0,0.0,-2.91,-0.054,0.0,0.0,0.0,0.143,0.0,0.0,128.0,526.0
875592.0,0.0,-2.91,-0.049,0.0,0.0,0.0,0.143,0.0,0.0,128.0,532.0
875633.0,0.0,-2.9084,0.34,0.0,0.0,0.0,0.143,0.0,0.0,128.0,526.0
875673.0,0.0,-2.91,0.012,0.0,0.0,0.0,0.143,0.0,0.0,128.0,526.0
875713.0,0.0,-2.91,-0.008,0.0,0.0,0.0,0.143,0.0,0.0,128.0,539.0
875754.0,0.0,-2.91,-0.0,0.0,0.0,0.0,0.143,0.0,0.0,128.0,526.0
875794.0,0.0,-2.91,-0.002,0.0,0.0,0.0,0.143,0.0,0.0,128.0,538.0
875834.0,0.0,-2.91,-0.009,0.0,0.0,0.0,0.143,0.0,0.0,128.0,526.0
875874.0,0.0,-2.91,-0.0,0.0,0.0,0.0,0.143,0.0,0.0,128.0,524.0
875914.0,0.0,-2.91,-0.016,0.0,0.0,0.0,0.143,0.0,0.0,128.0,538.0
875955.0,0.0,-2.91,-0.033,0.0,0.0,0.0,0.143,0.0,0.0,128.0,526.0
875995.0,0.0,-2.91,-0.001,0.0,0.0,0.0,0.143,0.0,0.0,128.0,532.0
876035.0,0.0,-2.91,-0.0,0.0,0.0,0.0,0.143,0.0,0.0,128.0,525.0
876075.0,0.0,-2.9084,0.217,0.0,0.0,0.0,0.143,0.0,0.0,128.0,539.0
876116.0,0.0,-2.91,-0.062,0.0,0.0,0.0,0.143,0.0,0.0,128.0,526.0
876156.0,0.0,-2.91,-0.119,0.0,0.0,0.0,0.143,0.0,0.0,128.0,527.0
876196.0,0.0,-2.91,-0.0,0.0,0.0,0.0,0.143,0.0,0.0,128.0,538.0
876236.0,0.0,-2.91,-0.0,0.0,0.0,0.0,0.143,0.0,0.0,128.0,525.0
876277.0,0.0,-2.91,-0.143,0.0,0.0,0.0,0.143,0.0,0.0,128.0,538.0
876317.0,0.0,-2.91,-0.142,0.0,0.0,0.0,0.143,0.0,0.0,128.0,533.0
876358.0,0.0,-2.91,-0.1,0.0,0.0,0.0,0.143,0.0,0.0,128.0,538.0
876398.0,0.0,-2.91,-0.075,0.0,0.0,0.0,0.143,0.0,0.0,128.0,526.0
876439.0,0.0,-2.9084,0.289,0.0,0.0,0.0,0.143,0.0,0.0,128.0,538.0
876479.0,0.0,-2.9084,0.318,0.0,0.0,0.0,0.143,0.0,0.0,128.0,539.0
876520.0,0.0,-2.91,-0.097,0.0,0.0,0.0,0.143,0.0,0.0,128.0,539.0
876560.0,0.0,-2.9084,0.26,0.0,0.0,0.0,0.143,0.0,0.0,128.0,532.0
876601.0,0.0,-2.91,-0.119,0.0,0.0,0.0,0.143,0.0,0.0,128.0,538.0
876641.0,0.0,-2.91,-0.001,0.0,0.0,0.0,0.143,0.0,0.0,128.0,533.0
876682.0,0.0,-2.91,-0.026,0.0,0.0,0.0,0.143,0.0,0.0,128.0,526.0
876722.0,0.0,-2.91,-0.003,0.0,0.0,0.0,0.143,0.0,0.0,128.0,538.0
876762.0,0.0,-2.91,-0.003,0.0,0.0,0.0,0.143,0.0,0.0,128.0,538.0
876802.0,0.0,-2.91,-0.031,0.0,0.0,0.0,0.143,0.0,0.0,128.0,538.0
876843.0,0.0,-2.91,-0.003,0.0,0.0,0.0,0.143,0.0,0.0,128.0,526.0
876883.0,0.0,-2.91,-0.105,0.0,0.0,0.0,0.143,0.0,0.0,128.0,539.0
876923.0,0.0,-2.91,-0.069,0.0,0.0,0.0,0.143,0.0,0.0,128.0,526.0
876963.0,0.0,-2.91,-0.077,0.0,0.0,0.0,0.143,0.0,0.0,128.0,527.0
877003.0,0.0,-2.91,-0.092,0.0,0.0,0.0,0.143,0.0,0.0,128.0,532.0
877043.0,0.0,-2.91,-0.008,0.0,0.0,0.0,0.143,0.0,0.0,128.0,538.0
877083.0,0.0,-2.91,-0.047,0.0,0.0,0.0,0.143,0.0,0.0,128.0,539.0
877124.0,0.0,-2.91,-0.196,0.0,0.0,0.0,0.143,0.0,0.0,128.0,532.0
877164.0,0.0,-2.91,-0.001,0.0,0.0,0.0,0.143,0.0,0.0,128.0,532.0
877205.0,0.0,-2.91,-0.001,0.0,0.0,0.0,0.143,0.0,0.0,128.0,538.0
877245.0,0.0,-2.9084,0.308,0.0,0.0,0.0,0.143,0.0,0.0,128.0,526.0
877285.0,0.0,-2.9084,0.207,0.0,0.0,0.0,0.143,0.0,0.0,128.0,539.0
877326.0,0.0,-2.91,-0.006,0.0,0.0,0.0,0.143,0.0,0.0,128.0,539.0
877366.0,0.0,-2.91,-0.038,0.0,0.0,0.0,0.143,0.0,0.0,128.0,526.0
877406.0,0.0,-2.91,-0.0,0.0,0.0,0.0,0.143,0.0,0.0,128.0,525.0
877446.0,0.0,-2.9084,0.286,0.0,0.0,0.0,0.143,0.0,0.0,128.0,538.0
877486.0,0.0,-2.9084,0.177,0.0,0.0,0.0,0.143,0.0,0.0,128.0,538.0
877527.0,0.0,-2.91,-0.021,0.0,0.0,0.0,0.143,0.0,0.0,128.0,527.0
877567.0,0.0,-2.91,0.007,0.0,0.0,0.0,0.143,0.0,0.0,128.0,527.0
877607.0,0.0,-2.9084,0.245,0.0,0.0,0.0,0.143,0.0,0.0,128.0,532.0
877648.0,0.0,-2.91,0.012,0.0,0.0,0.0,0.143,0.0,0.0,128.0,533.0
877688.0,0.0,-2.91,-0.014,0.0,0.0,0.0,0.143,0.0,0.0,128.0,526.0
877728.0,0.0,-2.91,-0.034,0.0,0.0,0.0,0.143,0.0,0.0,128.0,526.0
877768.0,0.0,-2.91,-0.071,0.0,0.0,0.0,0.143,0.0,0.0,128.0,538.0
877809.0,0.0,-2.9084,0.22,0.0,0.0,0.0,0.143,0.0,0.0,128.0,533.0
877849.0,0.0,-2.91,-0.068,0.0,0.0,0.0,0.143,0.0,0.0,128.0,538.0
877890.0,0.0,-2.91,-0.0,0.0,0.0,0.0,0.143,0.0,0.0,128.0,532.0
877930.0,0.0,-2.91,-0.0,0.0,0.0,0.0,0.143,0.0,0.0,128.0,525.0
877970.0,0.0,-2.91,-0.021,0.0,0.0,0.0,0.143,0.0,0.0,128.0,538.0
878011.0,0.0,-2.91,-0.147,0.0,0.0,0.0,0.143,0.0,0.0,128.0,538.0
878051.0,0.0,-2.91,-0.013,0.0,0.0,0.0,0.143,0.0,0.0,128.0,527.0
878091.0,0.0,-2.91,-0.003,0.0,0.0,0.0,0.143,0.0,0.0,128.0,527.0
878131.0,0.0,-2.91,-0.0,0.0,0.0,0.0,0.143,0.0,0.0,128.0,531.0
878172.0,0.0,-2.91,-0.005,0.0,0.0,0.0,0.143,0.0,0.0,128.0,526.0
878212.0,0.0,-2.91,-0.126,0.0,0.0,0.0,0.143,0.0,0.0,128.0,533.0
878252.0,0.0,-2.91,-0.18,0.0,0.0,0.0,0.143,0.0,0.0,128.0,538.0
878292.0,0.0,-2.91,-0.0,0.0,0.0,0.0,0.143,0.0,0.0,128.0,539.0
878332.0,0.0,-2.91,-0.026,0.0,0.0,0.0,0.143,0.0,0.0,128.0,539.0
878373.0,0.0,-2.91,-0.033,0.0,0.0,0.0,0.143,0.0,0.0,128.0,532.0
878413.0,0.0,-2.9084,0.34,0.0,0.0,0.0,0.143,0.0,0.0,128.0,526.0
878453.0,0.0,-2.9084,0.234,0.0,0.0,0.0,0.143,0.0,0.0,128.0,526.0
878494.0,0.0,-2.9084,0.34,0.0,0.0,0.0,0.143,0.0,0.0,128.0,526.0
878534.0,0.0,-2.91,-0.075,0.0,0.0,0.0,0.143,0.0,0.0,128.0,526.0
878574.0,0.0,-2.91,-0.0,0.0,0.0,0.0,0.143,0.0,0.0,128.0,526.0
878615.0,0.0,-2.91,-0.032,0.0,0.0,0.0,0.143,0.0,0.0,128.0,538.0
878655.0,0.0,-2.9084,0.272,0.0,0.0,0.0,0.143,0.0,0.0,128.0,527.0
878695.0,0.0,-2.9084,0.246,0.0,0.0,0.0,0.143,0.0,0.0,128.0,539.0
878736.0,0.0,-2.91,-0.075,0.0,0.0,0.0,0.143,0.0,0.0,128.0,527.0
878776.0,0.0,-2.91,-0.082,0.0,0.0,0.0,0.143,0.0,0.0,128.0,526.0
878816.0,0.0,-2.91,0.018,0.0,0.0,0.0,0.143,0.0,0.0,128.0,526.0
878856.0,0.0,-2.91,-0.087,0.0,0.0,0.0,0.143,0.0,0.0,128.0,527.0
878896.0,0.0,-2.91,-0.194,0.0,0.0,0.0,0.143,0.0,0.0,128.0,532.0
878937.0,0.0,-2.91,-0.003,0.0,0.0,0.0,0.143,0.0,0.0,128.0,532.0
878977.0,0.0,-2.91,-0.077,0.0,0.0,0.0,0.143,0.0,0.0,128.0,527.0
879017.0,0.0,-2.91,-0.0,0.0,0.0,0.0,0.143,0.0,0.0,128.0,538.0
879057.0,0.0,-2.91,-0.001,0.0,0.0,0.0,0.143,0.0,0.0,128.0,526.0
879097.0,0.0,-2.91,-0.054,0.0,0.0,0.0,0.143,0.0,0.0,128.0,533.0
879138.0,0.0,-2.91,-0.088,0.0,0.0,0.0,0.143,0.0,0.0,128.0,538.0
879178.0,0.0,-2.91,-0.001,0.0,0.0,0.0,0.143,0.0,0.0,128.0,533.0
879219.0,0.0,-2.91,-0.051,0.0,0.0,0.0,0.143,0.0,0.0,128.0,526.0
879259.0,0.0,-2.91,-0.062,0.0,0.0,0.0,0.143,0.0,0.0,128.0,527.0
879299.0,0.0,-2.91,-0.022,0.0,0.0,0.0,0.143,0.0,0.0,128.0,526.0
879339.0,0.0,-2.91,-0.065,0.0,0.0,0.0,0.143,0.0,0.0,128.0,526.0
879380.0,0.0,-2.91,-0.075,0.0,0.0,0.0,0.143,0.0,0.0,128.0,526.0
879420.0,0.0,-2.91,-0.003,0.0,0.0,0.0,0.143,0.0,0.0,128.0,539.0
879460.0,0.0,-2.91,-0.001,0.0,0.0,0.0,0.143,0.0,0.0,128.0,532.0
879501.0,0.0,-2.91,-0.006,0.0,0.0,0.0,0.143,0.0,0.0,128.0,526.0
879541.0,0.0,-2.91,-0.049,0.0,0.0,0.0,0.143,0.0,0.0,128.0,527.0
879581.0,0.0,-2.91,-0.001,0.0,0.0,0.0,0.143,0.0,0.0,128.0,538.0
879621.0,0.0,-2.91,-0.001,0.0,0.0,0.0,0.143,0.0,0.0,128.0,526.0
879661.0,0.0,-2.91,-0.021,0.0,0.0,0.0,0.143,0.0,0.0,128.0,527.0
879701.0,0.0,-2.91,-0.009,0.0,0.0,0.0,0.143,0.0,0.0,128.0,538.0
879741.0,0.0,-2.9084,0.291,0.0,0.0,0.0,0.143,0.0,0.0,128.0,539.0
879782.0,0.0,-2.91,-0.003,0.0,0.0,0.0,0.143,0.0,0.0,128.0,539.0
879822.0,0.0,-2.91,-0.054,0.0,0.0,0.0,0.143,0.0,0.0,128.0,538.0
879863.0,0.0,-2.91,-0.07,0.0,0.0,0.0,0.143,0.0,0.0,128.0,538.0
879903.0,0.0,-2.9084,0.292,0.0,0.0,0.0,0.143,0.0,0.0,128.0,538.0
879943.0,0.0,-2.91,-0.049,0.0,0.0,0.0,0.143,0.0,0.0,128.0,538.0
879984.0,0.0,-2.9084,0.288,0.0,0.0,0.0,0.143,0.0,0.0,128.0,527.0
880024.0,0.0,-2.91,-0.006,0.0,0.0,0.0,0.143,0.0,0.0,128.0,526.0
880064.0,0.0,-2.91,-0.084,0.0,0.0,0.0,0.143,0.0,0.0,128.0,538.0
880105.0,0.0,-2.91,-0.068,0.0,0.0,0.0,0.143,0.0,0.0,128.0,538.0
880145.0,0.0,-2.91,-0.049,0.0,0.0,0.0,0.143,0.0,0.0,128.0,538.0
880186.0,0.0,-2.91,0.016,0.0,0.0,0.0,0.143,0.0,0.0,128.0,527.0
880226.0,0.0,-2.91,-0.11,0.0,0.0,0.0,0.143,0.0,0.0,128.0,532.0
880266.0,0.0,-2.91,-0.0,0.0,0.0,0.0,0.143,0.0,0.0,128.0,526.0
880306.0,0.0,-2.91,-0.001,0.0,0.0,0.0,0.143,0.0,0.0,128.0,538.0
880347.0,0.0,-2.91,-0.005,0.0,0.0,0.0,0.143,0.0,0.0,128.0,526.0
880387.0,0.0,-2.91,-0.001,0.0,0.0,0.0,0.143,0.0,0.0,128.0,538.0
880427.0,0.0,-2.9084,0.341,0.0,0.0,0.0,0.143,0.0,0.0,128.0,538.0
880467.0,0.0,-2.91,-0.008,0.0,0.0,0.0,0.143,0.0,0.0,128.0,538.0
880508.0,0.0,-2.91,-0.079,0.0,0.0,0.0,0.143,0.0,0.0,128.0,538.0
880548.0,0.0,-2.91,-0.0,0.0,0.0,0.0,0.143,0.0,0.0,128.0,525.0
880589.0,0.0,-2.91,0.006,0.0,0.0,0.0,0.143,0.0,0.0,128.0,526.0
880629.0,0.0,-2.91,-0.068,0.0,0.0,0.0,0.143,0.0,0.0,128.0,526.0
880669.0,0.0,-2.91,-0.051,0.0,0.0,0.0,0.143,0.0,0.0,128.0,526.0
880709.0,0.0,-2.9084,0.176,0.0,0.0,0.0,0.143,0.0,0.0,128.0,527.0
880749.0,0.0,-2.9084,0.222,0.0,0.0,0.0,0.143,0.0,0.0,128.0,532.0
880790.0,0.0,-2.91,-0.0,0.0,0.0,0.0,0.143,0.0,0.0,128.0,526.0
880830.0,0.0,-2.91,-0.049,0.0,0.0,0.0,0.143,0.0,0.0,128.0,532.0
880870.0,0.0,-2.91,-0.0,0.0,0.0,0.0,0.143,0.0,0.0,128.0,526.0
880910.0,0.0,-2.9084,0.27,0.0,0.0,0.0,0.143,0.0,0.0,128.0,526.0
880951.0,0.0,-2.91,-0.051,0.0,0.0,0.0,0.143,0.0,0.0,128.0,526.0
880991.0,0.0,-2.91,-0.0,0.0,0.0,0.0,0.143,0.0,0.0,128.0,519.0
881031.0,0.0,-2.9084,0.341,0.0,0.0,0.0,0.143,0.0,0.0,128.0,538.0
881072.0,0.0,-2.91,-0.052,0.0,0.0,0.0,0.143,0.0,0.0,128.0,526.0
881112.0,0.0,-2.91,-0.001,0.0,0.0,0.0,0.143,0.0,0.0,128.0,526.0
881152.0,0.0,-2.91,-0.05,0.0,0.0,0.0,0.143,0.0,0.0,128.0,526.0
881192.0,0.0,-2.9084,0.331,0.0,0.0,0.0,0.143,0.0,0.0,128.0,533.0
881233.0,0.0,-2.91,-0.004,0.0,0.0,0.0,0.143,0.0,0.0,128.0,526.0
881273.0,0.0,-2.91,-0.049,0.0,0.0,0.0,0.143,0.0,0.0,128.0,533.0
881313.0,0.0,-2.91,-0.079,0.0,0.0,0.0,0.143,0.0,0.0,128.0,538.0
881353.0,0.0,-2.91,-0.032,0.0,0.0,0.0,0.143,0.0,0.0,128.0,539.0
881393.0,0.0,-2.9084,0.271,0.0,0.0,0.0,0.143,0.0,0.0,128.0,538.0
881434.0,0.0,-2.91,-0.001,0.0,0.0,0.0,0.143,0.0,0.0,128.0,527.0
881474.0,0.0,-2.9084,0.26,0.0,0.0,0.0,0.143,0.0,0.0,128.0,526.0
881515.0,0.0,-2.91,-0.059,0.0,0.0,0.0,0.143,0.0,0.0,128.0,538.0
881555.0,0.0,-2.91,-0.113,0.0,0.0,0.0,0.143,0.0,0.0,128.0,526.0
881595.0,0.0,-2.91,-0.017,0.0,0.0,0.0,0.143,0.0,0.0,128.0,526.0
881635.0,0.0,-2.91,-0.055,0.0,0.0,0.0,0.143,0.0,0.0,128.0,538.0
881676.0,0.0,-2.9084,0.19,0.0,0.0,0.0,0.143,0.0,0.0,128.0,526.0
881716.0,0.0,-2.91,0.019,0.0,0.0,0.0,0.143,0.0,0.0,128.0,532.0
881756.0,0.0,-2.91,-0.008,0.0,0.0,0.0,0.143,0.0,0.0,128.0,526.0
881796.0,0.0,-2.91,-0.0,0.0,0.0,0.0,0.143,0.0,0.0,128.0,539.0
881836.0,0.0,-2.91,-0.068,0.0,0.0,0.0,0.143,0.0,0.0,128.0,538.0
881877.0,0.0,-2.9084,0.315,0.0,0.0,0.0,0.143,0.0,0.0,128.0,527.0
881917.0,0.0,-2.91,-0.18,0.0,0.0,0.0,0.143,0.0,0.0,128.0,526.0
881957.0,0.0,-2.91,-0.118,0.0,0.0,0.0,0.143,0.0,0.0,128.0,532.0
881997.0,0.0,-2.91,-0.0,0.0,0.0,0.0,0.143,0.0,0.0,128.0,525.0
882038.0,0.0,-2.91,-0.0,0.0,0.0,0.0,0.143,0.0,0.0,128.0,538.0
882078.0,0.0,-2.91,-0.141,0.0,0.0,0.0,0.143,0.0,0.0,128.0,538.0
882118.0,0.0,-2.91,-0.141,0.0,0.0,0.0,0.143,0.0,0.0,128.0,538.0
882159.0,0.0,-2.91,0.011,0.0,0.0,0.0,0.143,0.0,0.0,128.0,539.0
882199.0,0.0,-2.91,-0.013,0.0,0.0,0.0,0.143,0.0,0.0,128.0,538.0
882239.0,0.0,-2.91,-0.029,0.0,0.0,0.0,0.143,0.0,0.0,128.0,538.0
882279.0,0.0,-2.91,-0.107,0.0,0.0,0.0,0.143,0.0,0.0,128.0,532.0
882320.0,0.0,-2.91,-0.034,0.0,0.0,0.0,0.143,0.0,0.0,128.0,526.0
882360.0,0.0,-2.91,-0.053,0.0,0.0,0.0,0.143,0.0,0.0,128.0,532.0
882400.0,0.0,-2.91,-0.05,0.0,0.0,0.0,0.143,0.0,0.0,128.0,526.0
882440.0,0.0,-2.91,-0.0,0.0,0.0,0.0,0.143,0.0,0.0,128.0,539.0
882481.0,0.0,-2.91,0.012,0.0,0.0,0.0,0.143,0.0,0.0,128.0,532.0
882521.0,0.0,-2.91,-0.0,0.0,0.0,0.0,0.143,0.0,0.0,128.0,532.0
882561.0,0.0,-2.91,-0.166,0.0,0.0,0.0,0.143,0.0,0.0,128.0,538.0
882602.0,0.0,-2.91,-0.033,0.0,0.0,0.0,0.143,0.0,0.0,128.0,527.0
882642.0,0.0,-2.91,-0.0,0.0,0.0,0.0,0.143,0.0,0.0,128.0,532.0
882682.0,0.0,-2.91,-0.021,0.0,0.0,0.0,0.143,0.0,0.0,128.0,526.0
882722.0,0.0,-2.91,-0.117,0.0,0.0,0.0,0.143,0.0,0.0,128.0,532.0
882763.0,0.0,-2.91,-0.085,0.0,0.0,0.0,0.143,0.0,0.0,128.0,526.0
882803.0,0.0,-2.91,0.017,0.0,0.0,0.0,0.143,0.0,0.0,128.0,526.0
882843.0,0.0,-2.9084,0.36,0.0,0.0,0.0,0.143,0.0,0.0,128.0,533.0
882883.0,0.0,-2.91,-0.005,0.0,0.0,0.0,0.143,0.0,0.0,128.0,538.0
882923.0,0.0,-2.91,-0.098,0.0,0.0,0.0,0.143,0.0,0.0,128.0,538.0
882964.0,0.0,-2.91,-0.0,0.0,0.0,0.0,0.143,0.0,0.0,128.0,519.0
883004.0,0.0,-2.9084,0.336,0.0,0.0,0.0,0.143,0.0,0.0,128.0,526.0
883044.0,0.0,-2.91,-0.013,0.0,0.0,0.0,0.143,0.0,0.0,128.0,526.0
883084.0,0.0,-2.91,-0.079,0.0,0.0,0.0,0.143,0.0,0.0,128.0,527.0
883124.0,0.0,-2.91,-0.087,0.0,0.0,0.0,0.143,0.0,0.0,128.0,539.0
883165.0,0.0,-2.91,-0.105,0.0,0.0,0.0,0.143,0.0,0.0,128.0,526.0
883205.0,0.0,-2.9084,0.27,0.0,0.0,0.0,0.143,0.0,0.0,128.0,526.0
883245.0,0.0,-2.9084,0.341,0.0,0.0,0.0,0.143,0.0,0.0,128.0,532.0
883285.0,0.0,-2.91,-0.003,0.0,0.0,0.0,0.143,0.0,0.0,128.0,538.0
883325.0,0.0,-2.9084,0.234,0.0,0.0,0.0,0.143,0.0,0.0,128.0,532.0
883366.0,0.0,-2.9084,0.326,0.0,0.0,0.0,0.143,0.0,0.0,128.0,526.0
883406.0,0.0,-2.91,-0.091,0.0,0.0,0.0,0.143,0.0,0.0,128.0,526.0
883446.0,0.0,-2.9084,0.34,0.0,0.0,0.0,0.143,0.0,0.0,128.0,538.0
883487.0,0.0,-2.9084,0.112,0.0,0.0,0.0,0.143,0.0,0.0,128.0,538.0
883527.0,0.0,-2.91,-0.002,0.0,0.0,0.0,0.143,0.0,0.0,128.0,538.0
883568.0,0.0,-2.91,-0.0,0.0,0.0,0.0,0.143,0.0,0.0,128.0,524.0
883608.0,0.0,-2.91,0.003,0.0,0.0,0.0,0.143,0.0,0.0,128.0,538.0
883648.0,0.0,-2.91,-0.003,0.0,0.0,0.0,0.143,0.0,0.0,128.0,533.0
883689.0,0.0,-2.91,-0.064,0.0,0.0,0.0,0.143,0.0,0.0,128.0,526.0
883729.0,0.0,-2.91,-0.0,0.0,0.0,0.0,0.143,0.0,0.0,128.0,532.0
883769.0,0.0,-2.9084,0.21,0.0,0.0,0.0,0.143,0.0,0.0,128.0,533.0
883809.0,0.0,-2.91,-0.151,0.0,0.0,0.0,0.143,0.0,0.0,128.0,532.0
883850.0,0.0,-2.9084,0.34,0.0,0.0,0.0,0.143,0.0,0.0,128.0,538.0
883890.0,0.0,-2.9084,0.268,0.0,0.0,0.0,0.143,0.0,0.0,128.0,538.0
883931.0,0.0,-2.9084,0.261,0.0,0.0,0.0,0.143,0.0,0.0,128.0,526.0
883971.0,0.0,-2.9084,0.269,0.0,0.0,0.0,0.143,0.0,0.0,128.0,532.0
884011.0,0.0,-2.91,-0.022,0.0,0.0,0.0,0.143,0.0,0.0,128.0,539.0
884051.0,0.0,-2.9084,0.341,0.0,0.0,0.0,0.143,0.0,0.0,128.0,533.0
884092.0,0.0,-2.91,-0.0,0.0,0.0,0.0,0.143,0.0,0.0,128.0,533.0
884132.0,0.0,-2.91,-0.002,0.0,0.0,0.0,0.143,0.0,0.0,128.0,532.0
884173.0,0.0,-2.91,-0.095,0.0,0.0,0.0,0.143,0.0,0.0,128.0,526.0
884213.0,0.0,-2.91,-0.014,0.0,0.0,0.0,0.143,0.0,0.0,128.0,532.0
884253.0,0.0,-2.91,-0.122,0.0,0.0,0.0,0.143,0.0,0.0,128.0,526.0
884293.0,0.0,-2.91,-0.001,0.0,0.0,0.0,0.143,0.0,0.0,128.0,526.0
884333.0,0.0,-2.91,-0.021,0.0,0.0,0.0,0.143,0.0,0.0,128.0,526.0
884373.0,0.0,-2.91,-0.021,0.0,0.0,0.0,0.143,0.0,0.0,128.0,526.0
884413.0,0.0,-2.9084,0.34,0.0,0.0,0.0,0.143,0.0,0.0,128.0,532.0
884454.0,0.0,-2.91,-0.033,0.0,0.0,0.0,0.143,0.0,0.0,128.0,526.0
884494.0,0.0,-2.91,-0.0,0.0,0.0,0.0,0.143,0.0,0.0,128.0,539.0
884534.0,0.0,-2.91,-0.008,0.0,0.0,0.0,0.143,0.0,0.0,128.0,532.0
884574.0,0.0,-2.91,-0.049,0.0,0.0,0.0,0.143,0.0,0.0,128.0,539.0
884615.0,0.0,-2.91,-0.0,0.0,0.0,0.0,0.143,0.0,0.0,128.0,526.0
884655.0,0.0,-2.91,-0.001,0.0,0.0,0.0,0.143,0.0,0.0,128.0,526.0
884695.0,0.0,-2.91,-0.089,0.0,0.0,0.0,0.143,0.0,0.0,128.0,532.0
884736.0,0.0,-2.91,0.012,0.0,0.0,0.0,0.143,0.0,0.0,128.0,538.0
884776.0,0.0,-2.91,-0.0,0.0,0.0,0.0,0.143,0.0,0.0,128.0,538.0
884816.0,0.0,-2.91,-0.0,0.0,0.0,0.0,0.143,0.0,0.0,128.0,527.0
884856.0,0.0,-2.91,-0.053,0.0,0.0,0.0,0.143,0.0,0.0,128.0,532.0
884896.0,0.0,-2.91,-0.199,0.0,0.0,0.0,0.143,0.0,0.0,128.0,532.0
884937.0,0.0,-2.9084,0.197,0.0,0.0,0.0,0.143,0.0,0.0,128.0,533.0
884977.0,0.0,-2.91,-0.03,0.0,0.0,0.0,0.143,0.0,0.0,128.0,526.0
885017.0,0.0,-2.91,-0.072,0.0,0.0,0.0,0.143,0.0,0.0,128.0,533.0
885058.0,0.0,-2.91,-0.0,0.0,0.0,0.0,0.143,0.0,0.0,128.0,532.0
885098.0,0.0,-2.91,-0.049,0.0,0.0,0.0,0.143,0.0,0.0,128.0,527.0
885139.0,0.0,-2.9084,0.308,0.0,0.0,0.0,0.143,0.0,0.0,128.0,526.0
885179.0,0.0,-2.91,-0.021,0.0,0.0,0.0,0.143,0.0,0.0,128.0,538.0
885219.0,0.0,-2.91,-0.076,0.0,0.0,0.0,0.143,0.0,0.0,128.0,527.0
885259.0,0.0,-2.91,-0.085,0.0,0.0,0.0,0.143,0.0,0.0,128.0,532.0
885300.0,0.0,-2.91,-0.0,0.0,0.0,0.0,0.143,0.0,0.0,128.0,526.0
885340.0,0.0,-2.91,-0.008,0.0,0.0,0.0,0.143,0.0,0.0,128.0,526.0
885380.0,0.0,-2.91,-0.032,0.0,0.0,0.0,0.143,0.0,0.0,128.0,527.0
885420.0,0.0,-2.9084,0.323,0.0,0.0,0.0,0.143,0.0,0.0,128.0,538.0
885460.0,0.0,-2.91,-0.0,0.0,0.0,0.0,0.143,0.0,0.0,128.0,525.0
885501.0,0.0,-2.9084,0.332,0.0,0.0,0.0,0.143,0.0,0.0,128.0,538.0
885541.0,0.0,-2.91,-0.0,0.0,0.0,0.0,0.143,0.0,0.0,128.0,531.0
885582.0,0.0,-2.91,-0.159,0.0,0.0,0.0,0.143,0.0,0.0,128.0,526.0
885622.0,0.0,-2.91,-0.07,0.0,0.0,0.0,0.143,0.0,0.0,128.0,538.0
885662.0,0.0,-2.91,-0.078,0.0,0.0,0.0,0.143,0.0,0.0,128.0,539.0
885702.0,0.0,-2.9084,0.12,0.0,0.0,0.0,0.143,0.0,0.0,128.0,526.0
885742.0,0.0,-2.91,-0.002,0.0,0.0,0.0,0.143,0.0,0.0,128.0,539.0
885783.0,0.0,-2.91,-0.014,0.0,0.0,0.0,0.143,0.0,0.0,128.0,532.0
885823.0,0.0,-2.9084,0.333,0.0,0.0,0.0,0.143,0.0,0.0,128.0,526.0
885864.0,0.0,-2.9084,0.257,0.0,0.0,0.0,0.143,0.0,0.0,128.0,526.0
885904.0,0.0,-2.91,-0.144,0.0,0.0,0.0,0.143,0.0,0.0,128.0,532.0
885945.0,0.0,-2.91,-0.07,0.0,0.0,0.0,0.143,0.0,0.0,128.0,526.0
885985.0,0.0,-2.91,-0.076,0.0,0.0,0.0,0.143,0.0,0.0,128.0,532.0
886025.0,0.0,-2.9084,0.223,0.0,0.0,0.0,0.143,0.0,0.0,128.0,532.0
886066.0,0.0,-2.91,-0.053,0.0,0.0,0.0,0.143,0.0,0.0,128.0,538.0
886106.0,0.0,-2.91,-0.132,0.0,0.0,0.0,0.143,0.0,0.0,128.0,532.0
886147.0,0.0,-2.91,-0.123,0.0,0.0,0.0,0.143,0.0,0.0,128.0,527.0
886187.0,0.0,-2.91,-0.064,0.0,0.0,0.0,0.143,0.0,0.0,128.0,527.0
886227.0,0.0,-2.91,-0.0,0.0,0.0,0.0,0.143,0.0,0.0,128.0,532.0
886267.0,0.0,-2.91,-0.166,0.0,0.0,0.0,0.143,0.0,0.0,128.0,538.0
886307.0,0.0,-2.91,-0.005,0.0,0.0,0.0,0.143,0.0,0.0,128.0,538.0
886348.0,0.0,-2.91,-0.064,0.0,0.0,0.0,0.143,0.0,0.0,128.0,538.0
886388.0,0.0,-2.91,-0.045,0.0,0.0,0.0,0.143,0.0,0.0,128.0,538.0
886428.0,0.0,-2.91,0.017,0.0,0.0,0.0,0.143,0.0,0.0,128.0,526.0
886468.0,0.0,-2.91,-0.051,0.0,0.0,0.0,0.143,0.0,0.0,128.0,526.0
886508.0,0.0,-2.91,-0.069,0.0,0.0,0.0,0.143,0.0,0.0,128.0,526.0
886548.0,0.0,-2.91,-0.045,0.0,0.0,0.0,0.143,0.0,0.0,128.0,538.0
886589.0,0.0,-2.91,-0.002,0.0,0.0,0.0,0.143,0.0,0.0,128.0,526.0
886629.0,0.0,-2.91,-0.034,0.0,0.0,0.0,0.143,0.0,0.0,128.0,526.0
886669.0,0.0,-2.91,-0.001,0.0,0.0,0.0,0.143,0.0,0.0,128.0,532.0
886710.0,0.0,-2.91,-0.074,0.0,0.0,0.0,0.143,0.0,0.0,128.0,526.0
886750.0,0.0,-2.91,-0.001,0.0,0.0,0.0,0.143,0.0,0.0,128.0,527.0
886790.0,0.0,-2.91,-0.159,0.0,0.0,0.0,0.143,0.0,0.0,128.0,533.0
886830.0,0.0,-2.91,0.01,0.0,0.0,0.0,0.143,0.0,0.0,128.0,532.0
886870.0,0.0,-2.91,-0.119,0.0,0.0,0.0,0.143,0.0,0.0,128.0,532.0
886910.0,0.0,-2.91,-0.006,0.0,0.0,0.0,0.143,0.0,0.0,128.0,538.0
886950.0,0.0,-2.91,-0.036,0.0,0.0,0.0,0.143,0.0,0.0,128.0,532.0
886990.0,0.0,-2.91,-0.086,0.0,0.0,0.0,0.143,0.0,0.0,128.0,539.0
887031.0,0.0,-2.91,-0.095,0.0,0.0,0.0,0.143,0.0,0.0,128.0,538.0
887071.0,0.0,-2.9084,0.34,0.0,0.0,0.0,0.143,0.0,0.0,128.0,532.0
887111.0,0.0,-2.91,-0.003,0.0,0.0,0.0,0.143,0.0,0.0,128.0,539.0
887152.0,0.0,-2.9084,0.239,0.0,0.0,0.0,0.143,0.0,0.0,128.0,538.0
887192.0,0.0,-2.91,-0.174,0.0,0.0,0.0,0.143,0.0,0.0,128.0,532.0
887232.0,0.0,-2.91,-0.112,0.0,0.0,0.0,0.143,0.0,0.0,128.0,539.0
887273.0,0.0,-2.91,-0.004,0.0,0.0,0.0,0.143,0.0,0.0,128.0,532.0
887313.0,0.0,-2.91,-0.003,0.0,0.0,0.0,0.143,0.0,0.0,128.0,538.0
887353.0,0.0,-2.91,-0.179,0.0,0.0,0.0,0.143,0.0,0.0,128.0,532.0
887394.0,0.0,-2.91,-0.003,0.0,0.0,0.0,0.143,0.0,0.0,128.0,526.0
887434.0,0.0,-2.91,-0.013,0.0,0.0,0.0,0.143,0.0,0.0,128.0,526.0
887474.0,0.0,-2.91,-0.0,0.0,0.0,0.0,0.143,0.0,0.0,128.0,525.0
887515.0,0.0,-2.91,-0.078,0.0,0.0,0.0,0.143,0.0,0.0,128.0,526.0
887555.0,0.0,-2.9084,0.289,0.0,0.0,0.0,0.143,0.0,0.0,128.0,526.0
887595.0,0.0,-2.91,-0.146,0.0,0.0,0.0,0.143,0.0,0.0,128.0,538.0
887635.0,0.0,-2.91,-0.0,0.0,0.0,0.0,0.143,0.0,0.0,128.0,525.0
887676.0,0.0,-2.91,-0.075,0.0,0.0,0.0,0.143,0.0,0.0,128.0,526.0
887716.0,0.0,-2.91,-0.068,0.0,0.0,0.0,0.143,0.0,0.0,128.0,526.0
887756.0,0.0,-2.91,-0.0,0.0,0.0,0.0,0.143,0.0,0.0,128.0,525.0
887797.0,0.0,-2.91,-0.041,0.0,0.0,0.0,0.143,0.0,0.0,128.0,527.0
887837.0,0.0,-2.91,-0.023,0.0,0.0,0.0,0.143,0.0,0.0,128.0,538.0
887877.0,0.0,-2.91,-0.034,0.0,0.0,0.0,0.143,0.0,0.0,128.0,538.0
887918.0,0.0,-2.91,-0.001,0.0,0.0,0.0,0.143,0.0,0.0,128.0,539.0
887958.0,0.0,-2.9084,0.34,0.0,0.0,0.0,0.143,0.0,0.0,128.0,533.0
887998.0,0.0,-2.91,-0.125,0.0,0.0,0.0,0.143,0.0,0.0,128.0,539.0
888039.0,0.0,-2.91,-0.0,0.0,0.0,0.0,0.143,0.0,0.0,128.0,525.0
888079.0,0.0,-2.91,0.0,0.0,0.0,0.0,0.143,0.0,0.0,128.0,519.0
888119.0,0.0,-2.91,-0.0,0.0,0.0,0.0,0.143,0.0,0.0,128.0,527.0
888159.0,0.0,-3.0342,3.867,0.0,0.0,0.0,0.143,0.0,0.0,128.0,538.0
888200.0,0.0,-2.7243,29.476,0.0,0.0,0.0,0.143,0.0,0.0,128.0,539.0
888240.0,0.0,-2.5387,10.524,0.0,0.0,0.0,0.143,0.0,0.0,128.0,538.0
888281.0,0.0,-1.6536,11.83,0.0,0.0,0.0,0.143,0.0,0.0,128.0,537.0
888321.0,0.0,-1.333,-8.824,0.0,0.0,0.0,0.143,0.0,0.0,128.0,525.0
888361.0,0.0,-1.0677,7.342,0.0,0.0,0.0,0.143,0.0,0.0,128.0,538.0
888402.0,0.0,-0.8529,6.611,0.0,0.0,0.0,0.143,0.0,0.0,128.0,532.0
888442.0,0.0,-0.8314,4.279,0.0,0.0,0.0,0.143,0.0,0.0,128.0,538.0
888482.0,0.0,-0.744,1.601,0.0,0.0,0.0,0.143,0.0,0.0,128.0,531.0
888523.0,0.0,-0.6688,0.555,0.0,0.0,0.0,0.143,0.0,0.0,128.0,525.0
888563.0,0.0,-0.655,1.628,0.0,0.0,0.0,0.143,0.0,0.0,128.0,525.0
888603.0,0.0,-0.6151,1.355,0.0,0.0,0.0,0.143,0.0,0.0,128.0,531.0
888643.0,0.0,-0.566,0.958,0.0,0.0,0.0,0.143,0.0,0.0,128.0,519.0
888683.0,0.0,-0.4878,2.954,0.0,0.0,0.0,0.143,0.0,0.0,128.0,519.0
888723.0,0.0,-0.339,3.867,0.0,0.0,0.0,0.143,0.0,0.0,128.0,524.0
888764.0,0.0,-0.1795,3.827,0.0,0.0,0.0,0.143,0.0,0.0,128.0,526.0
888804.0,0.0,-0.0445,3.075,0.0,0.0,0.0,0.143,0.0,0.0,128.0,518.0
888844.0,0.0,0.0522,1.802,0.0,0.0,0.0,0.143,0.0,0.0,128.0,518.0
888884.0,0.0,0.1243,2.25,0.0,0.0,0.0,0.143,0.0,0.0,128.0,530.0
888925.0,0.0,0.1764,0.912,0.0,0.0,0.0,0.143,0.0,0.0,128.0,518.0
888965.0,0.0,0.2378,2.433,0.0,0.0,0.0,0.143,0.0,0.0,128.0,518.0
889005.0,0.0,0.3221,1.796,0.0,0.0,0.0,0.143,0.0,0.0,128.0,530.0
889046.0,0.0,0.3513,0.015,0.0,0.0,0.0,0.143,0.0,0.0,128.0,524.0
889086.0,0.0,0.3543,0.291,0.0,0.0,0.0,0.143,0.0,0.0,128.0,518.0
889126.0,0.0,0.3482,-0.669,0.0,0.0,0.0,0.143,0.0,0.0,128.0,518.0
889167.0,0.0,0.3221,0.118,0.0,0.0,0.0,0.143,0.0,0.0,128.0,524.0
889207.0,0.0,0.3375,0.686,0.0,0.0,0.0,0.143,0.0,0.0,128.0,532.0
889247.0,0.0,0.3789,1.171,0.0,0.0,0.0,0.143,0.0,0.0,128.0,530.0
889288.0,0.0,0.4126,0.608,0.0,0.0,0.0,0.143,0.0,0.0,128.0,545.0
889328.0,0.0,0.4218,-0.074,0.0,0.0,0.0,0.143,0.0,0.0,128.0,525.0
889369.0,0.0,0.4111,-1.108,0.0,0.0,0.0,0.143,0.0,0.0,128.0,531.0
889409.0,0.0,0.3866,-0.354,0.0,0.0,0.0,0.143,0.0,0.0,128.0,525.0
889449.0,0.0,0.3375,-2.929,0.0,0.0,0.0,0.143,0.0,0.0,128.0,518.0
889489.0,0.0,0.0552,-0.376,0.0,0.0,0.0,0.143,0.0,0.0,128.0,518.0
889530.0,0.0,0.2194,0.479,0.0,0.0,0.0,0.143,0.0,0.0,128.0,525.0
889570.0,0.0,0.1135,-6.39,0.0,0.0,0.0,0.143,0.0,0.0,128.0,524.0
889610.0,0.0,0.135,2.167,0.0,0.0,0.0,0.143,0.0,0.0,128.0,524.0
889650.0,0.0,0.158,1.218,0.0,0.0,0.0,0.143,0.0,0.0,128.0,524.0
889690.0,0.0,0.1718,-5.457,0.0,0.0,0.0,0.143,0.0,0.0,128.0,519.0
889730.0,0.0,0.1227,0.459,0.0,0.0,0.0,0.143,0.0,0.0,128.0,524.0
889770.0,0.0,0.1473,1.94,0.0,0.0,0.0,0.143,0.0,0.0,128.0,524.0
889810.0,0.0,0.1917,-2.259,0.0,0.0,0.0,0.143,0.0,0.0,128.0,524.0
889851.0,0.0,0.0798,-0.801,0.0,0.0,0.0,0.143,0.0,0.0,128.0,531.0
889891.0,0.0,0.0583,-0.326,0.0,0.0,0.0,0.143,0.0,0.0,128.0,524.0
889931.0,0.0,0.0522,-0.188,0.0,0.0,0.0,0.143,0.0,0.0,128.0,525.0
889971.0,0.0,0.043,-0.215,0.0,0.0,0.0,0.143,0.0,0.0,128.0,524.0
890011.0,0.0,0.0368,-0.214,0.0,0.0,0.0,0.143,0.0,0.0,128.0,518.0
890051.0,0.0,0.023,-0.457,0.0,0.0,0.0,0.143,0.0,0.0,128.0,518.0
890091.0,0.0,0.0153,-0.081,0.0,0.0,0.0,0.143,0.0,0.0,128.0,524.0
890131.0,0.0,0.0138,-0.252,0.0,0.0,0.0,0.143,0.0,0.0,128.0,524.0
890171.0,0.0,0.0015,-0.223,0.0,0.0,0.0,0.143,0.0,0.0,128.0,518.0
890212.0,0.0,-0.0031,0.062,0.0,0.0,0.0,0.143,0.0,0.0,128.0,530.0
890252.0,0.0,0.0015,0.156,0.0,0.0,0.0,0.143,0.0,0.0,128.0,525.0
890293.0,0.0,0.0031,0.084,0.0,0.0,0.0,0.143,0.0,0.0,128.0,531.0
890333.0,0.0,0.0138,0.444,0.0,0.0,0.0,0.143,0.0,0.0,128.0,530.0
890373.0,0.0,0.0184,-0.073,0.0,0.0,0.0,0.143,0.0,0.0,128.0,531.0
890414.0,0.0,0.0184,0.075,0.0,0.0,0.0,0.143,0.0,0.0,128.0,524.0
890454.0,0.0,0.0153,-0.002,0.0,0.0,0.0,0.143,0.0,0.0,128.0,518.0
890495.0,0.0,0.0261,0.495,0.0,0.0,0.0,0.143,0.0,0.0,128.0,531.0
890535.0,0.0,0.0506,0.498,0.0,0.0,0.0,0.143,0.0,0.0,128.0,518.0
890575.0,0.0,0.0874,0.439,0.0,0.0,0.0,0.143,0.0,0.0,128.0,518.0
890616.0,0.0,0.0936,0.493,0.0,0.0,0.0,0.143,0.0,0.0,128.0,531.0
890656.0,0.0,0.1058,0.567,0.0,0.0,0.0,0.143,0.0,0.0,128.0,525.0
890696.0,0.0,0.115,0.153,0.0,0.0,0.0,0.143,0.0,0.0,128.0,530.0
890736.0,0.0,0.1028,-0.623,0.0,0.0,0.0,0.143,0.0,0.0,128.0,530.0
890777.0,0.0,0.0568,-1.26,0.0,0.0,0.0,0.143,0.0,0.0,128.0,525.0
890817.0,0.0,0.0169,-1.161,0.0,0.0,0.0,0.143,0.0,0.0,128.0,518.0
890857.0,0.0,-0.0107,-0.638,0.0,0.0,0.0,0.143,0.0,0.0,128.0,524.0
890897.0,0.0,-0.0383,-0.725,0.0,0.0,0.0,0.143,0.0,0.0,128.0,518.0
890937.0,0.0,-0.0476,-0.369,0.0,0.0,0.0,0.143,0.0,0.0,128.0,518.0
890977.0,0.0,-0.0368,0.496,0.0,0.0,0.0,0.143,0.0,0.0,128.0,518.0
891017.0,0.0,0.0031,0.275,0.0,0.0,0.0,0.143,0.0,0.0,128.0,518.0
891057.0,0.0,0.0092,0.292,0.0,0.0,0.0,0.143,0.0,0.0,128.0,524.0
891097.0,0.0,0.0153,0.172,0.0,0.0,0.0,0.143,0.0,0.0,128.0,531.0
891138.0,0.0,0.0107,-0.286,0.0,0.0,0.0,0.143,0.0,0.0,128.0,530.0
891178.0,0.0,0.0,-0.453,0.0,0.0,0.0,0.143,0.0,0.0,128.0,525.0
891218.0,0.0,-0.0123,-0.379,0.0,0.0,0.0,0.143,0.0,0.0,128.0,524.0
891258.0,0.0,-0.0245,0.042,0.0,0.0,0.0,0.143,0.0,0.0,128.0,525.0
891298.0,0.0,-0.0353,0.06,0.0,0.0,0.0,0.143,0.0,0.0,128.0,525.0
891338.0,0.0,-0.0445,-0.361,0.0,0.0,0.0,0.143,0.0,0.0,128.0,531.0
891379.0,0.0,-0.0476,-0.0,0.0,0.0,0.0,0.143,0.0,0.0,128.0,518.0
891419.0,0.0,-0.0476,0.0,0.0,0.0,0.0,0.143,0.0,0.0,128.0,531.0
891460.0,0.0,-0.0476,0.0,0.0,0.0,0.0,0.143,0.0,0.0,128.0,525.0
891500.0,0.0,-0.0476,0.0,0.0,0.0,0.0,0.143,0.0,0.0,128.0,525.0
891541.0,0.0,-0.0476,0.0,0.0,0.0,0.0,0.143,0.0,0.0,128.0,525.0
891581.0,0.0,-0.0476,0.0,0.0,0.0,0.0,0.143,0.0,0.0,128.0,518.0
891621.0,0.0,-0.0476,0.001,0.0,0.0,0.0,0.143,0.0,0.0,128.0,518.0
891662.0,0.0,-0.0476,0.0,0.0,0.0,0.0,0.143,0.0,0.0,128.0,519.0
891702.0,0.0,-0.0476,0.021,0.0,0.0,0.0,0.143,0.0,0.0,128.0,530.0
891742.0,0.0,-0.0476,0.021,0.0,0.0,0.0,0.143,0.0,0.0,128.0,524.0
891783.0,0.0,-0.0476,-0.0,0.0,0.0,0.0,0.143,0.0,0.0,128.0,525.0
891823.0,0.0,-0.0476,-0.0,0.0,0.0,0.0,0.143,0.0,0.0,128.0,512.0
891863.0,0.0,-0.0476,-0.0,0.0,0.0,0.0,0.143,0.0,0.0,128.0,513.0
891903.0,0.0,-0.0476,-0.069,0.0,0.0,0.0,0.143,0.0,0.0,128.0,518.0
891943.0,0.0,-0.0337,1.427,0.0,0.0,0.0,0.143,0.0,0.0,128.0,524.0
891983.0,0.0,-0.0123,0.017,0.0,0.0,0.0,0.143,0.0,0.0,128.0,518.0
892024.0,0.0,-0.0107,-0.038,0.0,0.0,0.0,0.143,0.0,0.0,128.0,531.0
892064.0,0.0,-0.0107,0.005,0.0,0.0,0.0,0.143,0.0,0.0,128.0,518.0
892104.0,0.0,-0.0123,-0.113,0.0,0.0,0.0,0.143,0.0,0.0,128.0,525.0
892144.0,0.0,-0.0337,-0.956,0.0,0.0,0.0,0.143,0.0,0.0,128.0,531.0
892184.0,0.0,-0.0522,-0.574,0.0,0.0,0.0,0.143,0.0,0.0,128.0,524.0
892224.0,0.0,-0.0629,-0.538,0.0,0.0,0.0,0.143,0.0,0.0,128.0,518.0
892265.0,0.0,-0.0675,-0.004,0.0,0.0,0.0,0.143,0.0,0.0,128.0,524.0
892305.0,0.0,-0.0583,1.889,0.0,0.0,0.0,0.143,0.0,0.0,128.0,524.0
892345.0,0.0,-0.0399,0.409,0.0,0.0,0.0,0.143,0.0,0.0,128.0,524.0
892385.0,0.0,0.0245,2.571,0.0,0.0,0.0,0.143,0.0,0.0,128.0,518.0
892426.0,0.0,0.1365,-0.07,0.0,0.0,0.0,0.143,0.0,0.0,128.0,531.0
892466.0,0.0,0.1258,2.13,0.0,0.0,0.0,0.143,0.0,0.0,128.0,531.0
892507.0,0.0,0.089,-5.931,0.0,0.0,0.0,0.143,0.0,0.0,128.0,518.0
892547.0,0.0,0.0092,-0.407,0.0,0.0,0.0,0.143,0.0,0.0,128.0,524.0
892587.0,0.0,-0.0015,1.071,0.0,0.0,0.0,0.143,0.0,0.0,128.0,518.0
892627.0,0.0,-0.0077,0.339,0.0,0.0,0.0,0.143,0.0,0.0,128.0,518.0
892667.0,0.0,0.0015,0.563,0.0,0.0,0.0,0.143,0.0,0.0,128.0,518.0
892707.0,0.0,0.0215,0.659,0.0,0.0,0.0,0.143,0.0,0.0,128.0,524.0
892747.0,0.0,0.0506,0.628,0.0,0.0,0.0,0.143,0.0,0.0,128.0,518.0
892787.0,0.0,0.0614,0.454,0.0,0.0,0.0,0.143,0.0,0.0,128.0,518.0
892827.0,0.0,0.0568,-0.537,0.0,0.0,0.0,0.143,0.0,0.0,128.0,518.0
892867.0,0.0,0.0383,-0.626,0.0,0.0,0.0,0.143,0.0,0.0,128.0,518.0
892908.0,0.0,0.0153,-0.246,0.0,0.0,0.0,0.143,0.0,0.0,128.0,531.0
892948.0,0.0,0.0123,0.021,0.0,0.0,0.0,0.143,0.0,0.0,128.0,531.0
892988.0,0.0,0.0215,0.234,0.0,0.0,0.0,0.143,0.0,0.0,128.0,524.0
893028.0,0.0,0.0445,0.562,0.0,0.0,0.0,0.143,0.0,0.0,128.0,524.0
893068.0,0.0,0.0706,0.179,0.0,0.0,0.0,0.143,0.0,0.0,128.0,518.0
893108.0,0.0,0.0782,0.325,0.0,0.0,0.0,0.143,0.0,0.0,128.0,531.0
893149.0,0.0,0.0736,-0.039,0.0,0.0,0.0,0.143,0.0,0.0,128.0,524.0
893189.0,0.0,0.066,-0.374,0.0,0.0,0.0,0.143,0.0,0.0,128.0,530.0
893229.0,0.0,0.0583,-0.162,0.0,0.0,0.0,0.143,0.0,0.0,128.0,524.0
893269.0,0.0,0.0414,-0.267,0.0,0.0,0.0,0.143,0.0,0.0,128.0,524.0
893309.0,0.0,0.0184,-0.569,0.0,0.0,0.0,0.143,0.0,0.0,128.0,525.0
893349.0,0.0,0.0092,-0.034,0.0,0.0,0.0,0.143,0.0,0.0,128.0,531.0
893390.0,0.0,0.0061,0.032,0.0,0.0,0.0,0.143,0.0,0.0,128.0,524.0
893430.0,0.0,0.0092,0.064,0.0,0.0,0.0,0.143,0.0,0.0,128.0,518.0
893470.0,0.0,0.0107,0.0,0.0,0.0,0.0,0.143,0.0,0.0,128.0,518.0
893510.0,0.0,0.0138,0.341,0.0,0.0,0.0,0.143,0.0,0.0,128.0,518.0
893550.0,0.0,0.0138,-0.139,0.0,0.0,0.0,0.143,0.0,0.0,128.0,518.0
893590.0,0.0,0.0199,0.221,0.0,0.0,0.0,0.143,0.0,0.0,128.0,524.0
893630.0,0.0,0.0399,0.534,0.0,0.0,0.0,0.143,0.0,0.0,128.0,524.0
893670.0,0.0,0.0199,-0.903,0.0,0.0,0.0,0.143,0.0,0.0,128.0,524.0
893710.0,0.0,-0.0031,-0.202,0.0,0.0,0.0,0.143,0.0,0.0,128.0,524.0
893750.0,0.0,-0.0138,-0.257,0.0,0.0,0.0,0.143,0.0,0.0,128.0,524.0
893791.0,0.0,-0.0169,-0.001,0.0,0.0,0.0,0.143,0.0,0.0,128.0,524.0
893831.0,0.0,-0.0092,0.487,0.0,0.0,0.0,0.143,0.0,0.0,128.0,525.0
893871.0,0.0,0.0061,0.383,0.0,0.0,0.0,0.143,0.0,0.0,128.0,518.0
893911.0,0.0,0.0138,0.085,0.0,0.0,0.0,0.143,0.0,0.0,128.0,518.0
893951.0,0.0,0.0199,0.072,0.0,0.0,0.0,0.143,0.0,0.0,128.0,518.0
893991.0,0.0,0.0215,0.191,0.0,0.0,0.0,0.143,0.0,0.0,128.0,524.0
894031.0,0.0,0.0245,0.026,0.0,0.0,0.0,0.143,0.0,0.0,128.0,518.0
894072.0,0.0,0.0291,0.123,0.0,0.0,0.0,0.143,0.0,0.0,128.0,524.0
894112.0,0.0,0.0307,0.159,0.0,0.0,0.0,0.143,0.0,0.0,128.0,518.0
894152.0,0.0,0.0368,0.289,0.0,0.0,0.0,0.143,0.0,0.0,128.0,532.0
894192.0,0.0,0.043,0.363,0.0,0.0,0.0,0.143,0.0,0.0,128.0,530.0
894232.0,0.0,0.0537,0.284,0.0,0.0,0.0,0.143,0.0,0.0,128.0,518.0
894273.0,0.0,0.0522,-0.484,0.0,0.0,0.0,0.143,0.0,0.0,128.0,530.0
894313.0,0.0,0.0368,-0.381,0.0,0.0,0.0,0.143,0.0,0.0,128.0,518.0
894353.0,0.0,0.0353,0.0,0.0,0.0,0.0,0.143,0.0,0.0,128.0,524.0
894393.0,0.0,0.0307,-0.208,0.0,0.0,0.0,0.143,0.0,0.0,128.0,532.0
894434.0,0.0,0.0261,-0.0,0.0,0.0,0.0,0.143,0.0,0.0,128.0,531.0
894474.0,0.0,0.023,-0.203,0.0,0.0,0.0,0.143,0.0,0.0,128.0,518.0
894514.0,0.0,0.0169,-0.004,0.0,0.0,0.0,0.143,0.0,0.0,128.0,518.0
894554.0,0.0,0.0153,-0.072,0.0,0.0,0.0,0.143,0.0,0.0,128.0,518.0
894594.0,0.0,0.0123,0.148,0.0,0.0,0.0,0.143,0.0,0.0,128.0,532.0
894635.0,0.0,0.0215,0.447,0.0,0.0,0.0,0.143,0.0,0.0,128.0,518.0
894675.0,0.0,0.023,-0.207,0.0,0.0,0.0,0.143,0.0,0.0,128.0,525.0
894715.0,0.0,0.0215,0.113,0.0,0.0,0.0,0.143,0.0,0.0,128.0,518.0
894755.0,0.0,0.0261,0.014,0.0,0.0,0.0,0.143,0.0,0.0,128.0,518.0
894795.0,0.0,0.0199,-0.04,0.0,0.0,0.0,0.143,0.0,0.0,128.0,518.0
894836.0,0.0,0.0199,0.001,0.0,0.0,0.0,0.143,0.0,0.0,128.0,531.0
894876.0,0.0,0.0184,-0.001,0.0,0.0,0.0,0.143,0.0,0.0,128.0,524.0
894916.0,0.0,0.0184,-0.191,0.0,0.0,0.0,0.143,0.0,0.0,128.0,518.0
894957.0,0.0,0.0184,-0.0,0.0,0.0,0.0,0.143,0.0,0.0,128.0,530.0
894997.0,0.0,0.0245,0.248,0.0,0.0,0.0,0.143,0.0,0.0,128.0,525.0
895037.0,0.0,0.0353,0.082,0.0,0.0,0.0,0.143,0.0,0.0,128.0,518.0
895077.0,0.0,0.0261,-0.175,0.0,0.0,0.0,0.143,0.0,0.0,128.0,524.0
895117.0,0.0,0.0169,-0.113,0.0,0.0,0.0,0.143,0.0,0.0,128.0,518.0
895157.0,0.0,0.0107,-0.478,0.0,0.0,0.0,0.143,0.0,0.0,128.0,518.0
895197.0,0.0,0.0061,0.054,0.0,0.0,0.0,0.143,0.0,0.0,128.0,524.0
895237.0,0.0,0.0123,0.474,0.0,0.0,0.0,0.143,0.0,0.0,128.0,518.0
895278.0,0.0,0.0138,-0.031,0.0,0.0,0.0,0.143,0.0,0.0,128.0,531.0
895318.0,0.0,0.0077,-0.052,0.0,0.0,0.0,0.143,0.0,0.0,128.0,518.0
895358.0,0.0,0.0169,0.45,0.0,0.0,0.0,0.143,0.0,0.0,128.0,524.0
895398.0,0.0,0.0153,-0.392,0.0,0.0,0.0,0.143,0.0,0.0,128.0,531.0
895438.0,0.0,0.0015,-0.453,0.0,0.0,0.0,0.143,0.0,0.0,128.0,523.0
895479.0,0.0,0.0015,0.157,0.0,0.0,0.0,0.143,0.0,0.0,128.0,524.0
895519.0,0.0,0.0153,0.58,0.0,0.0,0.0,0.143,0.0,0.0,128.0,524.0
895559.0,0.0,0.0383,0.799,0.0,0.0,0.0,0.143,0.0,0.0,128.0,518.0
895600.0,0.0,0.0552,0.166,0.0,0.0,0.0,0.143,0.0,0.0,128.0,525.0
895640.0,0.0,0.066,0.448,0.0,0.0,0.0,0.143,0.0,0.0,128.0,518.0
895680.0,0.0,0.0721,0.0,0.0,0.0,0.0,0.143,0.0,0.0,128.0,518.0
895720.0,0.0,0.0767,0.054,0.0,0.0,0.0,0.143,0.0,0.0,128.0,518.0
895760.0,0.0,0.0813,0.034,0.0,0.0,0.0,0.143,0.0,0.0,128.0,530.0
895800.0,0.0,0.089,-0.042,0.0,0.0,0.0,0.143,0.0,0.0,128.0,518.0
895841.0,0.0,0.0874,-0.289,0.0,0.0,0.0,0.143,0.0,0.0,128.0,531.0
895881.0,0.0,0.069,-1.34,0.0,0.0,0.0,0.143,0.0,0.0,128.0,518.0
895921.0,0.0,0.0307,-0.782,0.0,0.0,0.0,0.143,0.0,0.0,128.0,518.0
895962.0,0.0,0.0138,-0.481,0.0,0.0,0.0,0.143,0.0,0.0,128.0,525.0
896002.0,0.0,0.0107,-0.0,0.0,0.0,0.0,0.143,0.0,0.0,128.0,531.0
896042.0,0.0,0.0184,0.033,0.0,0.0,0.0,0.143,0.0,0.0,128.0,531.0
896083.0,0.0,0.0199,-0.031,0.0,0.0,0.0,0.143,0.0,0.0,128.0,531.0
896123.0,0.0,0.0138,-0.105,0.0,0.0,0.0,0.143,0.0,0.0,128.0,531.0
896163.0,0.0,0.0061,-0.07,0.0,0.0,0.0,0.143,0.0,0.0,128.0,518.0
896204.0,0.0,0.0046,-0.444,0.0,0.0,0.0,0.143,0.0,0.0,128.0,531.0
896244.0,0.0,-0.0015,-0.287,0.0,0.0,0.0,0.143,0.0,0.0,128.0,518.0
896284.0,0.0,-0.0015,0.052,0.0,0.0,0.0,0.143,0.0,0.0,128.0,518.0
896325.0,0.0,-0.0092,-0.14,0.0,0.0,0.0,0.143,0.0,0.0,128.0,524.0
896365.0,0.0,-0.0215,-0.327,0.0,0.0,0.0,0.143,0.0,0.0,128.0,518.0
896406.0,0.0,-0.0153,0.359,0.0,0.0,0.0,0.143,0.0,0.0,128.0,525.0
896446.0,0.0,-0.0046,0.889,0.0,0.0,0.0,0.143,0.0,0.0,128.0,518.0
896486.0,0.0,0.0046,0.527,0.0,0.0,0.0,0.143,0.0,0.0,128.0,531.0
896527.0,0.0,0.0307,0.049,0.0,0.0,0.0,0.143,0.0,0.0,128.0,531.0
896567.0,0.0,0.0261,-1.046,0.0,0.0,0.0,0.143,0.0,0.0,128.0,525.0
896607.0,0.0,0.0123,-0.163,0.0,0.0,0.0,0.143,0.0,0.0,128.0,531.0
896648.0,0.0,-0.0015,-0.475,0.0,0.0,0.0,0.143,0.0,0.0,128.0,531.0
896688.0,0.0,-0.0092,-0.245,0.0,0.0,0.0,0.143,0.0,0.0,128.0,530.0
896729.0,0.0,-0.0138,-0.106,0.0,0.0,0.0,0.143,0.0,0.0,128.0,518.0
896769.0,0.0,-0.0138,0.001,0.0,0.0,0.0,0.143,0.0,0.0,128.0,531.0
896810.0,0.0,-0.0138,0.089,0.0,0.0,0.0,0.143,0.0,0.0,128.0,531.0
896850.0,0.0,-0.0138,0.0,0.0,0.0,0.0,0.143,0.0,0.0,128.0,519.0
896891.0,0.0,-0.0138,0.0,0.0,0.0,0.0,0.143,0.0,0.0,128.0,519.0
896931.0,0.0,-0.0138,0.005,0.0,0.0,0.0,0.143,0.0,0.0,128.0,525.0
896971.0,0.0,-0.0138,0.0,0.0,0.0,0.0,0.143,0.0,0.0,128.0,519.0
897012.0,0.0,-0.0138,0.0,0.0,0.0,0.0,0.143,0.0,0.0,128.0,518.0
897052.0,0.0,-0.0138,0.0,0.0,0.0,0.0,0.143,0.0,0.0,128.0,519.0
897092.0,0.0,-0.0138,0.0,0.0,0.0,0.0,0.143,0.0,0.0,128.0,512.0
897132.0,0.0,-0.0138,0.001,0.0,0.0,0.0,0.143,0.0,0.0,128.0,518.0
897173.0,0.0,-0.0138,0.0,0.0,0.0,0.0,0.143,0.0,0.0,128.0,512.0
897213.0,0.0,-0.0138,0.0,0.0,0.0,0.0,0.143,0.0,0.0,128.0,525.0
897253.0,0.0,-0.0138,0.0,0.0,0.0,0.0,0.143,0.0,0.0,128.0,519.0
897294.0,0.0,-0.0138,0.0,0.0,0.0,0.0,0.143,0.0,0.0,128.0,519.0
897334.0,0.0,-0.0138,0.0,0.0,0.0,0.0,0.143,0.0,0.0,128.0,513.0
897374.0,0.0,-0.0138,0.0,0.0,0.0,0.0,0.143,0.0,0.0,128.0,524.0
897415.0,0.0,-0.0138,0.0,0.0,0.0,0.0,0.143,0.0,0.0,128.0,512.0
897455.0,0.0,-0.0138,0.075,0.0,0.0,0.0,0.143,0.0,0.0,128.0,518.0
897495.0,0.0,-0.0138,0.0,0.0,0.0,0.0,0.143,0.0,0.0,128.0,512.0
897535.0,0.0,-0.0138,0.0,0.0,0.0,0.0,0.143,0.0,0.0,128.0,512.0
897575.0,0.0,-0.0138,0.0,0.0,0.0,0.0,0.143,0.0,0.0,128.0,518.0
897615.0,0.0,-0.0138,0.0,0.0,0.0,0.0,0.143,0.0,0.0,128.0,524.0
897656.0,0.0,-0.0138,0.0,0.0,0.0,0.0,0.143,0.0,0.0,128.0,512.0
897696.0,0.0,-0.0138,0.0,0.0,0.0,0.0,0.143,0.0,0.0,128.0,513.0
897736.0,0.0,-0.0138,0.0,0.0,0.0,0.0,0.143,0.0,0.0,128.0,518.0
897776.0,0.0,-0.0138,0.0,0.0,0.0,0.0,0.143,0.0,0.0,128.0,524.0
897816.0,0.0,-0.0138,0.021,0.0,0.0,0.0,0.143,0.0,0.0,128.0,531.0
897856.0,0.0,-0.0138,0.0,0.0,0.0,0.0,0.143,0.0,0.0,128.0,512.0
897896.0,0.0,-0.0138,0.0,0.0,0.0,0.0,0.143,0.0,0.0,128.0,524.0
897936.0,0.0,-0.0138,0.0,0.0,0.0,0.0,0.143,0.0,0.0,128.0,525.0
897977.0,0.0,-0.0138,0.0,0.0,0.0,0.0,0.143,0.0,0.0,128.0,512.0
898017.0,0.0,-0.0138,0.0,0.0,0.0,0.0,0.143,0.0,0.0,128.0,524.0
898057.0,0.0,-0.0138,0.0,0.0,0.0,0.0,0.143,0.0,0.0,128.0,512.0
898097.0,0.0,-0.0138,0.0,0.0,0.0,0.0,0.143,0.0,0.0,128.0,525.0
898138.0,0.0,-0.0138,0.0,0.0,0.0,0.0,0.143,0.0,0.0,128.0,512.0
898178.0,0.0,-0.0138,0.0,0.0,0.0,0.0,0.143,0.0,0.0,128.0,513.0
898218.0,0.0,-0.0138,0.0,0.0,0.0,0.0,0.143,0.0,0.0,128.0,525.0
898258.0,0.0,-0.0138,0.0,0.0,0.0,0.0,0.143,0.0,0.0,128.0,512.0
898298.0,0.0,-0.0138,0.0,0.0,0.0,0.0,0.143,0.0,0.0,128.0,519.0
898338.0,0.0,-0.0138,0.0,0.0,0.0,0.0,0.143,0.0,0.0,128.0,519.0
898379.0,0.0,-0.0138,0.0,0.0,0.0,0.0,0.143,0.0,0.0,128.0,518.0
898419.0,0.0,-0.0138,0.0,0.0,0.0,0.0,0.143,0.0,0.0,128.0,524.0
898459.0,0.0,-0.0138,0.0,0.0,0.0,0.0,0.143,0.0,0.0,128.0,513.0
898499.0,0.0,-0.0138,0.0,0.0,0.0,0.0,0.143,0.0,0.0,128.0,518.0
898540.0,0.0,-0.0138,0.0,0.0,0.0,0.0,0.143,0.0,0.0,128.0,524.0
898580.0,0.0,-0.0138,0.0,0.0,0.0,0.0,0.143,0.0,0.0,128.0,524.0
898621.0,0.0,-0.0138,0.0,0.0,0.0,0.0,0.143,0.0,0.0,128.0,525.0
898661.0,0.0,-0.0138,0.0,0.0,0.0,0.0,0.143,0.0,0.0,128.0,519.0
898701.0,0.0,-0.0138,0.0,0.0,0.0,0.0,0.143,0.0,0.0,128.0,525.0
898742.0,0.0,-0.0138,0.0,0.0,0.0,0.0,0.143,0.0,0.0,128.0,513.0
898782.0,0.0,-0.0138,0.0,0.0,0.0,0.0,0.143,0.0,0.0,128.0,517.0
898822.0,0.0,-0.0138,0.0,0.0,0.0,0.0,0.143,0.0,0.0,128.0,512.0
898862.0,0.0,-0.0138,0.0,0.0,0.0,0.0,0.143,0.0,0.0,128.0,519.0
898903.0,0.0,-0.0138,0.0,0.0,0.0,0.0,0.143,0.0,0.0,128.0,519.0
898943.0,0.0,-0.0138,0.0,0.0,0.0,0.0,0.143,0.0,0.0,128.0,525.0
898984.0,0.0,-0.0138,0.0,0.0,0.0,0.0,0.143,0.0,0.0,128.0,518.0
899024.0,0.0,-0.0138,0.0,0.0,0.0,0.0,0.143,0.0,0.0,128.0,523.0
899064.0,0.0,-0.0138,0.0,0.0,0.0,0.0,0.143,0.0,0.0,128.0,525.0
899105.0,0.0,-0.0138,0.0,0.0,0.0,0.0,0.143,0.0,0.0,128.0,519.0
899145.0,0.0,-0.0138,0.0,0.0,0.0,0.0,0.143,0.0,0.0,128.0,519.0
899185.0,0.0,-0.0138,0.0,0.0,0.0,0.0,0.143,0.0,0.0,128.0,518.0
899225.0,0.0,-0.0138,0.0,0.0,0.0,0.0,0.143,0.0,0.0,128.0,519.0
899266.0,0.0,-0.0138,0.0,0.0,0.0,0.0,0.143,0.0,0.0,128.0,525.0
899306.0,0.0,-0.0138,0.0,0.0,0.0,0.0,0.143,0.0,0.0,128.0,518.0
899346.0,0.0,-0.0138,0.001,0.0,0.0,0.0,0.143,0.0,0.0,128.0,530.0
899387.0,0.0,-0.0138,0.0,0.0,0.0,0.0,0.143,0.0,0.0,128.0,531.0
899427.0,0.0,-0.0138,0.0,0.0,0.0,0.0,0.143,0.0,0.0,128.0,525.0
899468.0,0.0,-0.0138,0.0,0.0,0.0,0.0,0.143,0.0,0.0,128.0,525.0
899508.0,0.0,-0.0138,0.0,0.0,0.0,0.0,0.143,0.0,0.0,128.0,519.0
899548.0,0.0,-0.0138,0.0,0.0,0.0,0.0,0.143,0.0,0.0,128.0,524.0
899589.0,0.0,-0.0138,0.0,0.0,0.0,0.0,0.143,0.0,0.0,128.0,513.0
899629.0,0.0,-0.0138,0.0,0.0,0.0,0.0,0.143,0.0,0.0,128.0,525.0
899669.0,0.0,-0.0138,0.0,0.0,0.0,0.0,0.143,0.0,0.0,128.0,513.0
899709.0,0.0,-0.0138,0.0,0.0,0.0,0.0,0.143,0.0,0.0,128.0,524.0
899750.0,0.0,-0.0138,0.0,0.0,0.0,0.0,0.143,0.0,0.0,128.0,519.0
899790.0,0.0,-0.0138,0.0,0.0,0.0,0.0,0.143,0.0,0.0,128.0,519.0
899830.0,0.0,-0.0138,0.0,0.0,0.0,0.0,0.143,0.0,0.0,128.0,525.0
899870.0,0.0,-0.0138,0.0,0.0,0.0,0.0,0.143,0.0,0.0,128.0,524.0
899910.0,0.0,-0.0138,0.0,0.0,0.0,0.0,0.143,0.0,0.0,128.0,524.0
899951.0,0.0,-0.0138,0.0,0.0,0.0,0.0,0.143,0.0,0.0,128.0,525.0
899991.0,0.0,-0.0138,0.0,0.0,0.0,0.0,0.143,0.0,0.0,128.0,518.0
900032.0,0.0,-0.0138,0.0,0.0,0.0,0.0,0.143,0.0,0.0,128.0,513.0
900072.0,0.0,-0.0138,0.0,0.0,0.0,0.0,0.143,0.0,0.0,128.0,512.0
900112.0,0.0,-0.0138,0.0,0.0,0.0,0.0,0.143,0.0,0.0,128.0,512.0
900152.0,0.0,-0.0138,0.0,0.0,0.0,0.0,0.143,0.0,0.0,128.0,512.0
900192.0,0.0,-0.0138,0.0,0.0,0.0,0.0,0.143,0.0,0.0,128.0,512.0
900232.0,0.0,-0.0138,0.0,0.0,0.0,0.0,0.143,0.0,0.0,128.0,519.0
900273.0,0.0,-0.0138,0.0,0.0,0.0,0.0,0.143,0.0,0.0,128.0,512.0
900313.0,0.0,-0.0138,0.0,0.0,0.0,0.0,0.143,0.0,0.0,128.0,524.0
900353.0,0.0,-0.0138,0.0,0.0,0.0,0.0,0.143,0.0,0.0,128.0,512.0
900393.0,0.0,-0.0138,0.049,0.0,0.0,0.0,0.143,0.0,0.0,128.0,523.0
900434.0,0.0,-0.0138,0.0,0.0,0.0,0.0,0.143,0.0,0.0,128.0,531.0
900474.0,0.0,-0.0138,0.032,0.0,0.0,0.0,0.143,0.0,0.0,128.0,524.0
900515.0,0.0,-0.0138,0.0,0.0,0.0,0.0,0.143,0.0,0.0,128.0,524.0
900555.0,0.0,-0.0138,0.0,0.0,0.0,0.0,0.143,0.0,0.0,128.0,525.0
900595.0,0.0,-0.0138,0.0,0.0,0.0,0.0,0.143,0.0,0.0,128.0,525.0
900635.0,0.0,-0.0138,0.0,0.0,0.0,0.0,0.143,0.0,0.0,128.0,519.0
900675.0,0.0,-0.0138,0.0,0.0,0.0,0.0,0.143,0.0,0.0,128.0,524.0
900715.0,0.0,-0.0138,0.0,0.0,0.0,0.0,0.143,0.0,0.0,128.0,518.0
900756.0,0.0,-0.0138,0.003,0.0,0.0,0.0,0.143,0.0,0.0,128.0,524.0
900796.0,0.0,-0.0138,0.0,0.0,0.0,0.0,0.143,0.0,0.0,128.0,524.0
900837.0,0.0,-0.0138,0.0,0.0,0.0,0.0,0.143,0.0,0.0,128.0,525.0
900877.0,0.0,-0.0138,-0.02,0.0,0.0,0.0,0.143,0.0,0.0,128.0,524.0
900917.0,0.0,-0.0138,0.001,0.0,0.0,0.0,0.143,0.0,0.0,128.0,524.0
900958.0,0.0,-0.0138,0.0,0.0,0.0,0.0,0.143,0.0,0.0,128.0,512.0
900998.0,0.0,-0.0138,0.0,0.0,0.0,0.0,0.143,0.0,0.0,128.0,518.0
901038.0,0.0,-0.0138,0.032,0.0,0.0,0.0,0.143,0.0,0.0,128.0,518.0
901079.0,0.0,-0.0138,0.075,0.0,0.0,0.0,0.143,0.0,0.0,128.0,636.0
901119.0,0.0,-0.0138,0.0,0.0,0.0,0.0,0.143,0.0,0.0,128.0,518.0
901159.0,0.0,-0.0138,0.0,0.0,0.0,0.0,0.143,0.0,0.0,128.0,519.0
901199.0,0.0,-0.0138,0.068,0.0,0.0,0.0,0.143,0.0,0.0,128.0,526.0
901240.0,0.0,-0.0138,0.0,0.0,0.0,0.0,0.143,0.0,0.0,128.0,531.0
901280.0,0.0,-0.0138,0.084,0.0,0.0,0.0,0.143,0.0,0.0,128.0,538.0
901320.0,0.0,-0.0138,0.0,0.0,0.0,0.0,0.143,0.0,0.0,128.0,531.0
901360.0,0.0,-0.0138,0.008,0.0,0.0,0.0,0.143,0.0,0.0,128.0,538.0
901400.0,0.0,-0.0138,0.0,0.0,0.0,0.0,0.143,0.0,0.0,128.0,532.0
901441.0,0.0,-0.0138,0.003,0.0,0.0,0.0,0.143,0.0,0.0,128.0,531.0
901489.0,0.0,0.0,-0.02,0.0,0.0,0.0,1.0,0.0,0.0,128.0,583.0
901529.0,0.0,0.0,0.0,0.0,0.0,0.0,1.0,0.0,0.0,128.0,518.0
901569.0,0.0,0.0,0.0,0.0,0.0,0.0,1.0,0.0,0.0,128.0,523.0
901609.0,0.0,0.0,0.0,0.0,0.0,0.0,1.0,0.0,0.0,128.0,517.0
901649.0,0.0,0.0,0.021,0.0,0.0,0.0,1.0,0.0,0.0,128.0,519.0
901690.0,0.0,0.0,0.0,0.0,0.0,0.0,1.0,0.0,0.0,128.0,524.0
901730.0,0.0,0.0,0.0,0.0,0.0,0.0,1.0,0.0,0.0,128.0,523.0
901770.0,0.0,0.0,0.0,0.0,0.0,0.0,1.0,0.0,0.0,128.0,531.0
901810.0,0.0,0.0,0.008,0.0,0.0,0.0,1.0,0.0,0.0,128.0,525.0
901851.0,0.0,0.0,0.0,0.0,0.0,0.0,1.0,0.0,0.0,128.0,523.0
901891.0,0.0,0.0,0.013,0.0,0.0,0.0,1.0,0.0,0.0,128.0,518.0
901932.0,0.0,0.0,0.0,0.0,0.0,0.0,1.0,0.0,0.0,128.0,517.0
901972.0,0.0,0.0,0.0,0.0,0.0,0.0,1.0,0.0,0.0,128.0,524.0
902012.0,0.0,0.0,0.008,0.0,0.0,0.0,1.0,0.0,0.0,128.0,525.0
902052.0,0.0,0.0,0.032,0.0,0.0,0.0,1.0,0.0,0.0,128.0,525.0
902093.0,0.0,0.0,0.0,0.0,0.0,0.0,1.0,0.0,0.0,128.0,517.0
902133.0,0.0,0.0,0.001,0.0,0.0,0.0,1.0,0.0,0.0,128.0,524.0
902173.0,0.0,0.0,0.0,0.0,0.0,0.0,1.0,0.0,0.0,128.0,518.0
902213.0,0.0,0.0,0.0,0.0,0.0,0.0,1.0,0.0,0.0,128.0,519.0
902253.0,0.0,0.0,0.0,0.0,0.0,0.0,1.0,0.0,0.0,128.0,524.0
902294.0,0.0,0.0,0.0,0.0,0.0,0.0,1.0,0.0,0.0,128.0,524.0
902334.0,0.0,0.0,0.009,0.0,0.0,0.0,1.0,0.0,0.0,128.0,525.0
902374.0,0.0,0.0,0.001,0.0,0.0,0.0,1.0,0.0,0.0,128.0,530.0
902415.0,0.0,0.0,0.0,0.0,0.0,0.0,1.0,0.0,0.0,128.0,518.0
902455.0,0.0,0.0,0.0,0.0,0.0,0.0,1.0,0.0,0.0,128.0,531.0
902495.0,0.0,0.0,0.0,0.0,0.0,0.0,1.0,0.0,0.0,128.0,518.0
902535.0,0.0,0.0,0.0,0.0,0.0,0.0,1.0,0.0,0.0,128.0,517.0
902575.0,0.0,0.0,0.075,0.0,0.0,0.0,1.0,0.0,0.0,128.0,518.0
902616.0,0.0,0.0,0.003,0.0,0.0,0.0,1.0,0.0,0.0,128.0,525.0
902656.0,0.0,0.0,0.0,0.0,0.0,0.0,1.0,0.0,0.0,128.0,524.0
902696.0,0.0,0.0,0.0,0.0,0.0,0.0,1.0,0.0,0.0,128.0,518.0
902736.0,0.0,0.0,0.075,0.0,0.0,0.0,1.0,0.0,0.0,128.0,530.0
902777.0,0.0,0.0,0.0,0.0,0.0,0.0,1.0,0.0,0.0,128.0,524.0
902817.0,0.0,0.0,0.0,0.0,0.0,0.0,1.0,0.0,0.0,128.0,524.0
902857.0,0.0,0.0,0.0,0.0,0.0,0.0,1.0,0.0,0.0,128.0,511.0
902897.0,0.0,0.0,-0.02,0.0,0.0,0.0,1.0,0.0,0.0,128.0,531.0
902937.0,0.0,0.0,0.0,0.0,0.0,0.0,1.0,0.0,0.0,128.0,518.0
902977.0,0.0,0.0,0.003,0.0,0.0,0.0,1.0,0.0,0.0,128.0,524.0
903018.0,0.0,0.0,0.075,0.0,0.0,0.0,1.0,0.0,0.0,128.0,525.0
903058.0,0.0,0.0,0.0,0.0,0.0,0.0,1.0,0.0,0.0,128.0,517.0
903099.0,0.0,0.0,0.0,0.0,0.0,0.0,1.0,0.0,0.0,128.0,524.0
903139.0,0.0,0.0,0.0,0.0,0.0,0.0,1.0,0.0,0.0,128.0,525.0
903179.0,0.0,0.0,0.0,0.0,0.0,0.0,1.0,0.0,0.0,128.0,524.0
903220.0,0.0,0.0,0.0,0.0,0.0,0.0,1.0,0.0,0.0,128.0,512.0
903260.0,0.0,0.0,0.0,0.0,0.0,0.0,1.0,0.0,0.0,128.0,523.0
903300.0,0.0,0.0,0.0,0.0,0.0,0.0,1.0,0.0,0.0,128.0,518.0
903340.0,0.0,0.0,0.013,0.0,0.0,0.0,1.0,0.0,0.0,128.0,525.0
903381.0,0.0,0.0,0.0,0.0,0.0,0.0,1.0,0.0,0.0,128.0,524.0
903421.0,0.0,0.0,0.0,0.0,0.0,0.0,1.0,0.0,0.0,128.0,523.0
903461.0,0.0,-0.0015,-0.341,0.0,0.0,0.0,1.0,0.0,0.0,128.0,554.0
903501.0,0.0,0.0,0.032,0.0,0.0,0.0,1.0,0.0,0.0,128.0,525.0
903542.0,0.0,0.0,0.0,0.0,0.0,0.0,1.0,0.0,0.0,128.0,519.0
903582.0,0.0,0.0,0.049,0.0,0.0,0.0,1.0,0.0,0.0,128.0,531.0
903622.0,0.0,0.0,0.032,0.0,0.0,0.0,1.0,0.0,0.0,128.0,530.0
903663.0,0.0,0.0,0.0,0.0,0.0,0.0,1.0,0.0,0.0,128.0,512.0
903703.0,0.0,0.0,0.084,0.0,0.0,0.0,1.0,0.0,0.0,128.0,531.0
903743.0,0.0,0.0,0.0,0.0,0.0,0.0,1.0,0.0,0.0,128.0,517.0
903783.0,0.0,0.0,0.0,0.0,0.0,0.0,1.0,0.0,0.0,128.0,531.0
903824.0,0.0,0.0,0.0,0.0,0.0,0.0,1.0,0.0,0.0,128.0,519.0
903864.0,0.0,0.0,0.0,0.0,0.0,0.0,1.0,0.0,0.0,128.0,518.0
903904.0,0.0,0.0,0.0,0.0,0.0,0.0,1.0,0.0,0.0,128.0,518.0
903944.0,0.0,0.0,0.0,0.0,0.0,0.0,1.0,0.0,0.0,128.0,518.0
903985.0,0.0,0.0,0.0,0.0,0.0,0.0,1.0,0.0,0.0,128.0,524.0
904025.0,0.0,0.0,0.0,0.0,0.0,0.0,1.0,0.0,0.0,128.0,524.0
904065.0,0.0,0.0,0.0,0.0,0.0,0.0,1.0,0.0,0.0,128.0,524.0
904106.0,0.0,0.0,0.0,0.0,0.0,0.0,1.0,0.0,0.0,128.0,518.0
904146.0,0.0,0.0,0.0,0.0,0.0,0.0,1.0,0.0,0.0,128.0,524.0
904186.0,0.0,0.0,0.0,0.0,0.0,0.0,1.0,0.0,0.0,128.0,524.0
904227.0,0.0,0.0,0.0,0.0,0.0,0.0,1.0,0.0,0.0,128.0,511.0
904267.0,0.0,0.0,0.0,0.0,0.0,0.0,1.0,0.0,0.0,128.0,518.0
904307.0,0.0,0.0,0.0,0.0,0.0,0.0,1.0,0.0,0.0,128.0,517.0
904347.0,0.0,0.0,0.0,0.0,0.0,0.0,1.0,0.0,0.0,128.0,518.0
904388.0,0.0,0.0,0.069,0.0,0.0,0.0,1.0,0.0,0.0,128.0,525.0
904428.0,0.0,0.0,0.0,0.0,0.0,0.0,1.0,0.0,0.0,128.0,517.0
904468.0,0.0,0.0,0.009,0.0,0.0,0.0,1.0,0.0,0.0,128.0,524.0
904509.0,0.0,0.0,0.0,0.0,0.0,0.0,1.0,0.0,0.0,128.0,518.0
904549.0,0.0,0.0,0.002,0.0,0.0,0.0,1.0,0.0,0.0,128.0,525.0
904589.0,0.0,0.0,0.0,0.0,0.0,0.0,1.0,0.0,0.0,128.0,531.0
904629.0,0.0,0.0,0.0,0.0,0.0,0.0,1.0,0.0,0.0,128.0,524.0
904669.0,0.0,0.0,0.0,0.0,0.0,0.0,1.0,0.0,0.0,128.0,530.0
904710.0,0.0,0.0,0.0,0.0,0.0,0.0,1.0,0.0,0.0,128.0,517.0
904750.0,0.0,0.0,0.003,0.0,0.0,0.0,1.0,0.0,0.0,128.0,525.0
904790.0,0.0,0.0,0.0,0.0,0.0,0.0,1.0,0.0,0.0,128.0,517.0
904830.0,0.0,0.0,0.005,0.0,0.0,0.0,1.0,0.0,0.0,128.0,531.0
904871.0,0.0,0.0,0.0,0.0,0.0,0.0,1.0,0.0,0.0,128.0,525.0
904911.0,0.0,0.0,0.0,0.0,0.0,0.0,1.0,0.0,0.0,128.0,524.0
904951.0,0.0,0.0,0.003,0.0,0.0,0.0,1.0,0.0,0.0,128.0,524.0
904991.0,0.0,0.0,0.0,0.0,0.0,0.0,1.0,0.0,0.0,128.0,525.0
905032.0,0.0,0.0,0.0,0.0,0.0,0.0,1.0,0.0,0.0,128.0,517.0
905072.0,0.0,0.0,0.0,0.0,0.0,0.0,1.0,0.0,0.0,128.0,517.0
905112.0,0.0,0.0,0.0,0.0,0.0,0.0,1.0,0.0,0.0,128.0,518.0
905152.0,0.0,0.0,0.0,0.0,0.0,0.0,1.0,0.0,0.0,128.0,517.0
905192.0,0.0,0.0,0.0,0.0,0.0,0.0,1.0,0.0,0.0,128.0,518.0
905232.0,0.0,0.0,0.0,0.0,0.0,0.0,1.0,0.0,0.0,128.0,518.0
905272.0,0.0,0.0,0.05,0.0,0.0,0.0,1.0,0.0,0.0,128.0,518.0
905313.0,0.0,0.0,0.0,0.0,0.0,0.0,1.0,0.0,0.0,128.0,518.0
905353.0,0.0,0.0,0.0,0.0,0.0,0.0,1.0,0.0,0.0,128.0,519.0
905393.0,0.0,0.0,0.0,0.0,0.0,0.0,1.0,0.0,0.0,128.0,518.0
905433.0,0.0,0.0,0.021,0.0,0.0,0.0,1.0,0.0,0.0,128.0,530.0
905473.0,0.0,0.0,0.002,0.0,0.0,0.0,1.0,0.0,0.0,128.0,530.0
905514.0,0.0,0.0,0.0,0.0,0.0,0.0,1.0,0.0,0.0,128.0,523.0
905554.0,0.0,0.0,0.0,0.0,0.0,0.0,1.0,0.0,0.0,128.0,511.0
905594.0,0.0,0.0,0.0,0.0,0.0,0.0,1.0,0.0,0.0,128.0,517.0
905634.0,0.0,0.0,0.0,0.0,0.0,0.0,1.0,0.0,0.0,128.0,523.0
905675.0,0.0,0.0,0.0,0.0,0.0,0.0,1.0,0.0,0.0,128.0,524.0
905715.0,0.0,0.0,0.076,0.0,0.0,0.0,1.0,0.0,0.0,128.0,518.0
905755.0,0.0,0.0,0.0,0.0,0.0,0.0,1.0,0.0,0.0,128.0,518.0
905795.0,0.0,0.0,0.0,0.0,0.0,0.0,1.0,0.0,0.0,128.0,524.0
905835.0,0.0,0.0,0.0,0.0,0.0,0.0,1.0,0.0,0.0,128.0,511.0
905876.0,0.0,0.0,0.0,0.0,0.0,0.0,1.0,0.0,0.0,128.0,517.0
905916.0,0.0,0.0,0.003,0.0,0.0,0.0,1.0,0.0,0.0,128.0,525.0
905956.0,0.0,0.0,0.0,0.0,0.0,0.0,1.0,0.0,0.0,128.0,524.0
905997.0,0.0,0.0,0.021,0.0,0.0,0.0,1.0,0.0,0.0,128.0,531.0
906037.0,0.0,0.0,-0.02,0.0,0.0,0.0,1.0,0.0,0.0,128.0,530.0
906077.0,0.0,0.0,0.0,0.0,0.0,0.0,1.0,0.0,0.0,128.0,531.0
906118.0,0.0,0.0,0.0,0.0,0.0,0.0,1.0,0.0,0.0,128.0,524.0
906158.0,0.0,0.0,0.0,0.0,0.0,0.0,1.0,0.0,0.0,128.0,512.0
906198.0,0.0,0.0,0.0,0.0,0.0,0.0,1.0,0.0,0.0,128.0,517.0
906238.0,0.0,0.0,0.0,0.0,0.0,0.0,1.0,0.0,0.0,128.0,524.0
906278.0,0.0,0.0,0.0,0.0,0.0,0.0,1.0,0.0,0.0,128.0,523.0
906318.0,0.0,0.0,0.0,0.0,0.0,0.0,1.0,0.0,0.0,128.0,524.0
906359.0,0.0,0.0,0.0,0.0,0.0,0.0,1.0,0.0,0.0,128.0,517.0
906399.0,0.0,0.0,0.0,0.0,0.0,0.0,1.0,0.0,0.0,128.0,517.0
906439.0,0.0,0.0,0.0,0.0,0.0,0.0,1.0,0.0,0.0,128.0,517.0
906479.0,0.0,0.0,0.0,0.0,0.0,0.0,1.0,0.0,0.0,128.0,517.0
906519.0,0.0,0.0,0.013,0.0,0.0,0.0,1.0,0.0,0.0,128.0,524.0
906559.0,0.0,0.0,0.001,0.0,0.0,0.0,1.0,0.0,0.0,128.0,530.0
906600.0,0.0,0.0,0.0,0.0,0.0,0.0,1.0,0.0,0.0,128.0,524.0
906640.0,0.0,0.0,0.0,0.0,0.0,0.0,1.0,0.0,0.0,128.0,523.0
906680.0,0.0,0.0,0.0,0.0,0.0,0.0,1.0,0.0,0.0,128.0,524.0
906721.0,0.0,0.0,0.0,0.0,0.0,0.0,1.0,0.0,0.0,128.0,524.0
906761.0,0.0,0.0,0.075,0.0,0.0,0.0,1.0,0.0,0.0,128.0,518.0
906801.0,0.0,0.0,0.0,0.0,0.0,0.0,1.0,0.0,0.0,128.0,524.0
906842.0,0.0,0.0,0.032,0.0,0.0,0.0,1.0,0.0,0.0,128.0,518.0
906882.0,0.0,0.0,0.0,0.0,0.0,0.0,1.0,0.0,0.0,128.0,524.0
906922.0,0.0,0.0,0.0,0.0,0.0,0.0,1.0,0.0,0.0,128.0,525.0
906962.0,0.0,0.0,0.0,0.0,0.0,0.0,1.0,0.0,0.0,128.0,530.0
907003.0,0.0,0.0,0.0,0.0,0.0,0.0,1.0,0.0,0.0,128.0,517.0
907043.0,0.0,0.0,0.0,0.0,0.0,0.0,1.0,0.0,0.0,128.0,517.0
907083.0,0.0,0.0,0.0,0.0,0.0,0.0,1.0,0.0,0.0,128.0,517.0
907123.0,0.0,0.0,0.001,0.0,0.0,0.0,1.0,0.0,0.0,128.0,524.0
907163.0,0.0,0.0,0.068,0.0,0.0,0.0,1.0,0.0,0.0,128.0,519.0
907203.0,0.0,0.0,0.075,0.0,0.0,0.0,1.0,0.0,0.0,128.0,530.0
907244.0,0.0,0.0,0.0,0.0,0.0,0.0,1.0,0.0,0.0,128.0,517.0
907284.0,0.0,0.0,0.049,0.0,0.0,0.0,1.0,0.0,0.0,128.0,519.0
907324.0,0.0,0.0,0.107,0.0,0.0,0.0,1.0,0.0,0.0,128.0,525.0
907365.0,0.0,0.0,0.0,0.0,0.0,0.0,1.0,0.0,0.0,128.0,517.0
907405.0,0.0,0.0,0.008,0.0,0.0,0.0,1.0,0.0,0.0,128.0,524.0
907445.0,0.0,0.0,0.0,0.0,0.0,0.0,1.0,0.0,0.0,128.0,517.0
907485.0,0.0,-0.0015,-0.319,0.0,0.0,0.0,1.0,0.0,0.0,128.0,525.0
907525.0,0.0,0.0,0.004,0.0,0.0,0.0,1.0,0.0,0.0,128.0,530.0
907566.0,0.0,0.0,0.025,0.0,0.0,0.0,1.0,0.0,0.0,128.0,518.0
907606.0,0.0,-0.0015,-0.341,0.0,0.0,0.0,1.0,0.0,0.0,128.0,524.0
907646.0,0.0,0.0,0.0,0.0,0.0,0.0,1.0,0.0,0.0,128.0,523.0
907686.0,0.0,0.0,0.0,0.0,0.0,0.0,1.0,0.0,0.0,128.0,518.0
907726.0,0.0,0.0,0.0,0.0,0.0,0.0,1.0,0.0,0.0,128.0,530.0
907767.0,0.0,0.0,0.0,0.0,0.0,0.0,1.0,0.0,0.0,128.0,517.0
907807.0,0.0,0.0,0.001,0.0,0.0,0.0,1.0,0.0,0.0,128.0,524.0
907847.0,0.0,0.0,0.0,0.0,0.0,0.0,1.0,0.0,0.0,128.0,524.0
907888.0,0.0,0.0,0.0,0.0,0.0,0.0,1.0,0.0,0.0,128.0,511.0
907928.0,0.0,0.0,0.0,0.0,0.0,0.0,1.0,0.0,0.0,128.0,517.0
907968.0,0.0,0.0,0.0,0.0,0.0,0.0,1.0,0.0,0.0,128.0,524.0
908008.0,0.0,0.0,0.005,0.0,0.0,0.0,1.0,0.0,0.0,128.0,524.0
908049.0,0.0,0.0,0.0,0.0,0.0,0.0,1.0,0.0,0.0,128.0,517.0
908089.0,0.0,0.0,0.0,0.0,0.0,0.0,1.0,0.0,0.0,128.0,517.0
908129.0,0.0,0.0,0.008,0.0,0.0,0.0,1.0,0.0,0.0,128.0,524.0
908169.0,0.0,-0.0015,-0.292,0.0,0.0,0.0,1.0,0.0,0.0,128.0,525.0
908209.0,0.0,0.0,0.075,0.0,0.0,0.0,1.0,0.0,0.0,128.0,524.0
908250.0,0.0,0.0,0.0,0.0,0.0,0.0,1.0,0.0,0.0,128.0,517.0
908290.0,0.0,0.0,0.013,0.0,0.0,0.0,1.0,0.0,0.0,128.0,531.0
908330.0,0.0,0.0,0.0,0.0,0.0,0.0,1.0,0.0,0.0,128.0,524.0
908370.0,0.0,0.0,0.005,0.0,0.0,0.0,1.0,0.0,0.0,128.0,531.0
908411.0,0.0,0.0,0.0,0.0,0.0,0.0,1.0,0.0,0.0,128.0,517.0
908451.0,0.0,0.0,0.0,0.0,0.0,0.0,1.0,0.0,0.0,128.0,523.0
908491.0,0.0,0.0,-0.019,0.0,0.0,0.0,1.0,0.0,0.0,128.0,532.0
908531.0,0.0,0.0,0.002,0.0,0.0,0.0,1.0,0.0,0.0,128.0,531.0
908572.0,0.0,0.0,0.084,0.0,0.0,0.0,1.0,0.0,0.0,128.0,518.0
908612.0,0.0,0.0,0.0,0.0,0.0,0.0,1.0,0.0,0.0,128.0,525.0
908652.0,0.0,0.0,0.0,0.0,0.0,0.0,1.0,0.0,0.0,128.0,518.0
908692.0,0.0,0.0,0.032,0.0,0.0,0.0,1.0,0.0,0.0,128.0,530.0
908733.0,0.0,0.0,0.008,0.0,0.0,0.0,1.0,0.0,0.0,128.0,518.0
908773.0,0.0,0.0,0.008,0.0,0.0,0.0,1.0,0.0,0.0,128.0,524.0
908813.0,0.0,0.0,0.084,0.0,0.0,0.0,1.0,0.0,0.0,128.0,524.0
908854.0,0.0,0.0,0.001,0.0,0.0,0.0,1.0,0.0,0.0,128.0,518.0
908894.0,0.0,0.0,0.0,0.0,0.0,0.0,1.0,0.0,0.0,128.0,530.0
908934.0,0.0,0.0,0.0,0.0,0.0,0.0,1.0,0.0,0.0,128.0,524.0
908975.0,0.0,0.0,0.0,0.0,0.0,0.0,1.0,0.0,0.0,128.0,519.0
909015.0,0.0,0.0,0.021,0.0,0.0,0.0,1.0,0.0,0.0,128.0,525.0
909055.0,0.0,0.0,0.0,0.0,0.0,0.0,1.0,0.0,0.0,128.0,524.0
909095.0,0.0,0.0,0.0,0.0,0.0,0.0,1.0,0.0,0.0,128.0,525.0
909136.0,0.0,0.0,0.0,0.0,0.0,0.0,1.0,0.0,0.0,128.0,530.0
909176.0,0.0,0.0,0.0,0.0,0.0,0.0,1.0,0.0,0.0,128.0,517.0
909216.0,0.0,0.0,0.005,0.0,0.0,0.0,1.0,0.0,0.0,128.0,531.0
909256.0,0.0,0.0,0.003,0.0,0.0,0.0,1.0,0.0,0.0,128.0,525.0
909297.0,0.0,0.0,0.0,0.0,0.0,0.0,1.0,0.0,0.0,128.0,518.0
909337.0,0.0,0.0,0.0,0.0,0.0,0.0,1.0,0.0,0.0,128.0,517.0
909377.0,0.0,0.0,0.068,0.0,0.0,0.0,1.0,0.0,0.0,128.0,525.0
909418.0,0.0,0.0,0.001,0.0,0.0,0.0,1.0,0.0,0.0,128.0,524.0
909458.0,0.0,0.0,0.0,0.0,0.0,0.0,1.0,0.0,0.0,128.0,524.0
909499.0,0.0,0.0,0.0,0.0,0.0,0.0,1.0,0.0,0.0,128.0,523.0
909539.0,0.0,0.0,0.0,0.0,0.0,0.0,1.0,0.0,0.0,128.0,524.0
909580.0,0.0,0.0,0.0,0.0,0.0,0.0,1.0,0.0,0.0,128.0,518.0
909620.0,0.0,0.0,0.0,0.0,0.0,0.0,1.0,0.0,0.0,128.0,511.0
909660.0,0.0,-0.0015,-0.341,0.0,0.0,0.0,1.0,0.0,0.0,128.0,560.0
909701.0,0.0,0.0,0.001,0.0,0.0,0.0,1.0,0.0,0.0,128.0,530.0
909741.0,0.0,0.0,0.0,0.0,0.0,0.0,1.0,0.0,0.0,128.0,517.0
909781.0,0.0,-0.0015,-0.36,0.0,0.0,0.0,1.0,0.0,0.0,128.0,524.0
909822.0,0.0,0.0,0.084,0.0,0.0,0.0,1.0,0.0,0.0,128.0,518.0
909862.0,0.0,0.0,0.0,0.0,0.0,0.0,1.0,0.0,0.0,128.0,517.0
909902.0,0.0,0.0,0.0,0.0,0.0,0.0,1.0,0.0,0.0,128.0,518.0
909942.0,0.0,0.0,0.0,0.0,0.0,0.0,1.0,0.0,0.0,128.0,524.0
909982.0,0.0,-0.0015,-0.32,0.0,0.0,0.0,1.0,0.0,0.0,128.0,526.0
910023.0,0.0,0.0,0.0,0.0,0.0,0.0,1.0,0.0,0.0,128.0,517.0
910063.0,0.0,0.0,0.0,0.0,0.0,0.0,1.0,0.0,0.0,128.0,524.0
910103.0,0.0,0.0,0.013,0.0,0.0,0.0,1.0,0.0,0.0,128.0,518.0
910143.0,0.0,0.0,0.008,0.0,0.0,0.0,1.0,0.0,0.0,128.0,530.0
910184.0,0.0,0.0,0.0,0.0,0.0,0.0,1.0,0.0,0.0,128.0,518.0
910224.0,0.0,0.0,0.003,0.0,0.0,0.0,1.0,0.0,0.0,128.0,524.0
910264.0,0.0,0.0,0.001,0.0,0.0,0.0,1.0,0.0,0.0,128.0,524.0
910304.0,0.0,0.0,0.0,0.0,0.0,0.0,1.0,0.0,0.0,128.0,525.0
910344.0,0.0,0.0,0.013,0.0,0.0,0.0,1.0,0.0,0.0,128.0,524.0
910385.0,0.0,0.0,0.0,0.0,0.0,0.0,1.0,0.0,0.0,128.0,524.0
910425.0,0.0,0.0,0.0,0.0,0.0,0.0,1.0,0.0,0.0,128.0,530.0
910465.0,0.0,0.0,0.0,0.0,0.0,0.0,1.0,0.0,0.0,128.0,524.0
910505.0,0.0,0.0,0.049,0.0,0.0,0.0,1.0,0.0,0.0,128.0,531.0
910546.0,0.0,0.0,0.049,0.0,0.0,0.0,1.0,0.0,0.0,128.0,524.0
910586.0,0.0,0.0,0.076,0.0,0.0,0.0,1.0,0.0,0.0,128.0,524.0
910626.0,0.0,0.0,0.002,0.0,0.0,0.0,1.0,0.0,0.0,128.0,530.0
910667.0,0.0,0.0,0.002,0.0,0.0,0.0,1.0,0.0,0.0,128.0,524.0
910707.0,0.0,0.0,0.0,0.0,0.0,0.0,1.0,0.0,0.0,128.0,523.0
910747.0,0.0,0.0,0.0,0.0,0.0,0.0,1.0,0.0,0.0,128.0,525.0
910788.0,0.0,0.0,0.075,0.0,0.0,0.0,1.0,0.0,0.0,128.0,518.0
910828.0,0.0,0.0,0.0,0.0,0.0,0.0,1.0,0.0,0.0,128.0,517.0
910868.0,0.0,-0.0015,-0.341,0.0,0.0,0.0,1.0,0.0,0.0,128.0,560.0
910909.0,0.0,0.0,0.0,0.0,0.0,0.0,1.0,0.0,0.0,128.0,523.0
910949.0,0.0,0.0,0.001,0.0,0.0,0.0,1.0,0.0,0.0,128.0,525.0
910990.0,0.0,0.0,0.0,0.0,0.0,0.0,1.0,0.0,0.0,128.0,517.0
911030.0,0.0,0.0,0.0,0.0,0.0,0.0,1.0,0.0,0.0,128.0,517.0
911070.0,0.0,0.0,0.028,0.0,0.0,0.0,1.0,0.0,0.0,128.0,530.0
911110.0,0.0,0.0,-0.02,0.0,0.0,0.0,1.0,0.0,0.0,128.0,530.0
911151.0,0.0,0.0,0.0,0.0,0.0,0.0,1.0,0.0,0.0,128.0,517.0
911191.0,0.0,0.0,0.0,0.0,0.0,0.0,1.0,0.0,0.0,128.0,517.0
911231.0,0.0,0.0,0.0,0.0,0.0,0.0,1.0,0.0,0.0,128.0,518.0
911272.0,0.0,0.0,0.008,0.0,0.0,0.0,1.0,0.0,0.0,128.0,530.0
911312.0,0.0,0.0,0.0,0.0,0.0,0.0,1.0,0.0,0.0,128.0,524.0
911352.0,0.0,0.0,0.084,0.0,0.0,0.0,1.0,0.0,0.0,128.0,524.0
911392.0,0.0,0.0,-0.02,0.0,0.0,0.0,1.0,0.0,0.0,128.0,531.0
911432.0,0.0,0.0,-0.02,0.0,0.0,0.0,1.0,0.0,0.0,128.0,531.0
911473.0,0.0,0.0,0.001,0.0,0.0,0.0,1.0,0.0,0.0,128.0,524.0
911513.0,0.0,0.0,0.049,0.0,0.0,0.0,1.0,0.0,0.0,128.0,524.0
911553.0,0.0,0.0,0.005,0.0,0.0,0.0,1.0,0.0,0.0,128.0,531.0
911594.0,0.0,0.0,0.049,0.0,0.0,0.0,1.0,0.0,0.0,128.0,530.0
911634.0,0.0,0.0,0.075,0.0,0.0,0.0,1.0,0.0,0.0,128.0,519.0
911674.0,0.0,0.0,0.084,0.0,0.0,0.0,1.0,0.0,0.0,128.0,525.0
911715.0,0.0,0.0,0.0,0.0,0.0,0.0,1.0,0.0,0.0,128.0,517.0
911755.0,0.0,0.0,0.0,0.0,0.0,0.0,1.0,0.0,0.0,128.0,511.0
911795.0,0.0,0.0,0.0,0.0,0.0,0.0,1.0,0.0,0.0,128.0,523.0
911835.0,0.0,0.0,0.029,0.0,0.0,0.0,1.0,0.0,0.0,128.0,531.0
911876.0,0.0,0.0,0.021,0.0,0.0,0.0,1.0,0.0,0.0,128.0,524.0
911916.0,0.0,0.0,0.0,0.0,0.0,0.0,1.0,0.0,0.0,128.0,524.0
911956.0,0.0,0.0,0.05,0.0,0.0,0.0,1.0,0.0,0.0,128.0,524.0
911997.0,0.0,0.0,0.0,0.0,0.0,0.0,1.0,0.0,0.0,128.0,518.0
912037.0,0.0,0.0,0.0,0.0,0.0,0.0,1.0,0.0,0.0,128.0,519.0
912077.0,0.0,0.0,0.075,0.0,0.0,0.0,1.0,0.0,0.0,128.0,518.0
912117.0,0.0,0.0,0.097,0.0,0.0,0.0,1.0,0.0,0.0,128.0,524.0
912157.0,0.0,0.0,0.013,0.0,0.0,0.0,1.0,0.0,0.0,128.0,524.0
912198.0,0.0,0.0,0.0,0.0,0.0,0.0,1.0,0.0,0.0,128.0,517.0
912238.0,0.0,0.0,0.0,0.0,0.0,0.0,1.0,0.0,0.0,128.0,517.0
912278.0,0.0,0.0,0.049,0.0,0.0,0.0,1.0,0.0,0.0,128.0,524.0
912319.0,0.0,0.0,0.0,0.0,0.0,0.0,1.0,0.0,0.0,128.0,511.0
912359.0,0.0,0.0,0.0,0.0,0.0,0.0,1.0,0.0,0.0,128.0,525.0
912399.0,0.0,0.0,0.0,0.0,0.0,0.0,1.0,0.0,0.0,128.0,525.0
912439.0,0.0,0.0,0.087,0.0,0.0,0.0,1.0,0.0,0.0,128.0,524.0
912480.0,0.0,0.0,0.0,0.0,0.0,0.0,1.0,0.0,0.0,128.0,517.0
912520.0,0.0,0.0,0.0,0.0,0.0,0.0,1.0,0.0,0.0,128.0,517.0
912560.0,0.0,0.0,0.0,0.0,0.0,0.0,1.0,0.0,0.0,128.0,517.0
912600.0,0.0,0.0,0.0,0.0,0.0,0.0,1.0,0.0,0.0,128.0,524.0
912641.0,0.0,-0.0015,-0.32,0.0,0.0,0.0,1.0,0.0,0.0,128.0,525.0
912681.0,0.0,0.0,0.0,0.0,0.0,0.0,1.0,0.0,0.0,128.0,517.0
912721.0,0.0,0.0,0.084,0.0,0.0,0.0,1.0,0.0,0.0,128.0,519.0
912762.0,0.0,0.0,0.013,0.0,0.0,0.0,1.0,0.0,0.0,128.0,518.0
912802.0,0.0,0.0,0.0,0.0,0.0,0.0,1.0,0.0,0.0,128.0,518.0
912842.0,0.0,0.0,0.0,0.0,0.0,0.0,1.0,0.0,0.0,128.0,517.0
912882.0,0.0,0.0,0.0,0.0,0.0,0.0,1.0,0.0,0.0,128.0,525.0
912923.0,0.0,0.0,0.0,0.0,0.0,0.0,1.0,0.0,0.0,128.0,523.0
912963.0,0.0,0.0,0.013,0.0,0.0,0.0,1.0,0.0,0.0,128.0,524.0
913003.0,0.0,0.0,0.068,0.0,0.0,0.0,1.0,0.0,0.0,128.0,525.0
913043.0,0.0,0.0,0.006,0.0,0.0,0.0,1.0,0.0,0.0,128.0,530.0
913084.0,0.0,0.0,0.0,0.0,0.0,0.0,1.0,0.0,0.0,128.0,511.0
913124.0,0.0,0.0,0.008,0.0,0.0,0.0,1.0,0.0,0.0,128.0,530.0
913164.0,0.0,0.0,0.0,0.0,0.0,0.0,1.0,0.0,0.0,128.0,523.0
913204.0,0.0,0.0,0.001,0.0,0.0,0.0,1.0,0.0,0.0,128.0,531.0
913245.0,0.0,0.0,0.021,0.0,0.0,0.0,1.0,0.0,0.0,128.0,518.0
913285.0,0.0,0.0,0.021,0.0,0.0,0.0,1.0,0.0,0.0,128.0,519.0
913325.0,0.0,0.0,0.051,0.0,0.0,0.0,1.0,0.0,0.0,128.0,524.0
913365.0,0.0,0.0,0.075,0.0,0.0,0.0,1.0,0.0,0.0,128.0,525.0
913405.0,0.0,0.0,0.013,0.0,0.0,0.0,1.0,0.0,0.0,128.0,525.0
913446.0,0.0,0.0,0.002,0.0,0.0,0.0,1.0,0.0,0.0,128.0,531.0
913486.0,0.0,0.0,0.0,0.0,0.0,0.0,1.0,0.0,0.0,128.0,525.0
913527.0,0.0,0.0,0.0,0.0,0.0,0.0,1.0,0.0,0.0,128.0,518.0
913567.0,0.0,0.0,0.0,0.0,0.0,0.0,1.0,0.0,0.0,128.0,506.0
913607.0,0.0,0.0,0.053,0.0,0.0,0.0,1.0,0.0,0.0,128.0,524.0
913648.0,0.0,0.0,0.0,0.0,0.0,0.0,1.0,0.0,0.0,128.0,523.0
913688.0,0.0,0.0,0.0,0.0,0.0,0.0,1.0,0.0,0.0,128.0,517.0
913728.0,0.0,0.0,0.003,0.0,0.0,0.0,1.0,0.0,0.0,128.0,524.0
913768.0,0.0,0.0,0.0,0.0,0.0,0.0,1.0,0.0,0.0,128.0,531.0
913809.0,0.0,0.0,0.004,0.0,0.0,0.0,1.0,0.0,0.0,128.0,518.0
913849.0,0.0,0.0,-0.012,0.0,0.0,0.0,1.0,0.0,0.0,128.0,524.0
913889.0,0.0,0.0,0.0,0.0,0.0,0.0,1.0,0.0,0.0,128.0,523.0
913929.0,0.0,0.0,0.0,0.0,0.0,0.0,1.0,0.0,0.0,128.0,523.0
913969.0,0.0,0.0,0.0,0.0,0.0,0.0,1.0,0.0,0.0,128.0,531.0
914010.0,0.0,0.0,0.0,0.0,0.0,0.0,1.0,0.0,0.0,128.0,517.0
914050.0,0.0,0.0,0.0,0.0,0.0,0.0,1.0,0.0,0.0,128.0,518.0
914090.0,0.0,0.0,-0.02,0.0,0.0,0.0,1.0,0.0,0.0,128.0,525.0
914130.0,0.0,0.0,0.017,0.0,0.0,0.0,1.0,0.0,0.0,128.0,530.0
914171.0,0.0,0.0,0.0,0.0,0.0,0.0,1.0,0.0,0.0,128.0,524.0
914211.0,0.0,0.0,0.032,0.0,0.0,0.0,1.0,0.0,0.0,128.0,525.0
914251.0,0.0,0.0,0.001,0.0,0.0,0.0,1.0,0.0,0.0,128.0,519.0
914292.0,0.0,0.0,0.049,0.0,0.0,0.0,1.0,0.0,0.0,128.0,518.0
914332.0,0.0,0.0,0.032,0.0,0.0,0.0,1.0,0.0,0.0,128.0,530.0
914372.0,0.0,0.0,0.0,0.0,0.0,0.0,1.0,0.0,0.0,128.0,517.0
914412.0,0.0,0.0,0.056,0.0,0.0,0.0,1.0,0.0,0.0,128.0,524.0
914452.0,0.0,0.0,0.117,0.0,0.0,0.0,1.0,0.0,0.0,128.0,524.0
914492.0,0.0,-0.0015,-0.272,0.0,0.0,0.0,1.0,0.0,0.0,128.0,530.0
914533.0,0.0,0.0,0.075,0.0,0.0,0.0,1.0,0.0,0.0,128.0,524.0
914573.0,0.0,0.0,0.0,0.0,0.0,0.0,1.0,0.0,0.0,128.0,524.0
914613.0,0.0,0.0,0.003,0.0,0.0,0.0,1.0,0.0,0.0,128.0,530.0
914653.0,0.0,0.0,0.0,0.0,0.0,0.0,1.0,0.0,0.0,128.0,530.0
914693.0,0.0,0.0,0.001,0.0,0.0,0.0,1.0,0.0,0.0,128.0,530.0
914734.0,0.0,0.0,0.034,0.0,0.0,0.0,1.0,0.0,0.0,128.0,518.0
914774.0,0.0,0.0,0.001,0.0,0.0,0.0,1.0,0.0,0.0,128.0,525.0
914814.0,0.0,-0.0015,-0.256,0.0,0.0,0.0,1.0,0.0,0.0,128.0,524.0
914854.0,0.0,0.0,0.0,0.0,0.0,0.0,1.0,0.0,0.0,128.0,531.0
914895.0,0.0,0.0,0.005,0.0,0.0,0.0,1.0,0.0,0.0,128.0,530.0
914935.0,0.0,0.0,0.0,0.0,0.0,0.0,1.0,0.0,0.0,128.0,524.0
914975.0,0.0,0.0,0.0,0.0,0.0,0.0,1.0,0.0,0.0,128.0,524.0
915015.0,0.0,0.0,0.117,0.0,0.0,0.0,1.0,0.0,0.0,128.0,530.0
915056.0,0.0,0.0,-0.019,0.0,0.0,0.0,1.0,0.0,0.0,128.0,524.0
915096.0,0.0,0.0,0.0,0.0,0.0,0.0,1.0,0.0,0.0,128.0,524.0
915136.0,0.0,0.0,0.005,0.0,0.0,0.0,1.0,0.0,0.0,128.0,524.0
915176.0,0.0,0.0,0.0,0.0,0.0,0.0,1.0,0.0,0.0,128.0,524.0
915216.0,0.0,0.0,0.021,0.0,0.0,0.0,1.0,0.0,0.0,128.0,525.0
915257.0,0.0,0.0,0.0,0.0,0.0,0.0,1.0,0.0,0.0,128.0,512.0
915297.0,0.0,0.0,0.0,0.0,0.0,0.0,1.0,0.0,0.0,128.0,524.0
915337.0,0.0,0.0,0.0,0.0,0.0,0.0,1.0,0.0,0.0,128.0,517.0
915377.0,0.0,0.0,0.093,0.0,0.0,0.0,1.0,0.0,0.0,128.0,530.0
915418.0,0.0,0.0,0.0,0.0,0.0,0.0,1.0,0.0,0.0,128.0,524.0
915458.0,0.0,0.0,0.032,0.0,0.0,0.0,1.0,0.0,0.0,128.0,524.0
915498.0,0.0,0.0,0.084,0.0,0.0,0.0,1.0,0.0,0.0,128.0,530.0
915538.0,0.0,0.0,0.0,0.0,0.0,0.0,1.0,0.0,0.0,128.0,523.0
915578.0,0.0,0.0,-0.02,0.0,0.0,0.0,1.0,0.0,0.0,128.0,531.0
915619.0,0.0,0.0,0.001,0.0,0.0,0.0,1.0,0.0,0.0,128.0,518.0
915659.0,0.0,0.0,0.061,0.0,0.0,0.0,1.0,0.0,0.0,128.0,530.0
915699.0,0.0,0.0,0.0,0.0,0.0,0.0,1.0,0.0,0.0,128.0,524.0
915739.0,0.0,0.0,0.0,0.0,0.0,0.0,1.0,0.0,0.0,128.0,525.0
915780.0,0.0,0.0,0.002,0.0,0.0,0.0,1.0,0.0,0.0,128.0,524.0
915820.0,0.0,0.0,0.043,0.0,0.0,0.0,1.0,0.0,0.0,128.0,530.0
915860.0,0.0,0.0,0.0,0.0,0.0,0.0,1.0,0.0,0.0,128.0,513.0
915900.0,0.0,0.0,0.049,0.0,0.0,0.0,1.0,0.0,0.0,128.0,531.0
915941.0,0.0,0.0,0.075,0.0,0.0,0.0,1.0,0.0,0.0,128.0,518.0
915981.0,0.0,0.0,0.001,0.0,0.0,0.0,1.0,0.0,0.0,128.0,524.0
916022.0,0.0,0.0,0.0,0.0,0.0,0.0,1.0,0.0,0.0,128.0,518.0
916062.0,0.0,-0.0015,-0.341,0.0,0.0,0.0,1.0,0.0,0.0,128.0,560.0
916102.0,0.0,0.0,0.003,0.0,0.0,0.0,1.0,0.0,0.0,128.0,525.0
916142.0,0.0,0.0,0.002,0.0,0.0,0.0,1.0,0.0,0.0,128.0,525.0
916183.0,0.0,0.0,0.073,0.0,0.0,0.0,1.0,0.0,0.0,128.0,524.0
916223.0,0.0,0.0,0.021,0.0,0.0,0.0,1.0,0.0,0.0,128.0,524.0
916263.0,0.0,0.0,0.0,0.0,0.0,0.0,1.0,0.0,0.0,128.0,518.0
916303.0,0.0,0.0,0.021,0.0,0.0,0.0,1.0,0.0,0.0,128.0,524.0
916344.0,0.0,0.0,0.0,0.0,0.0,0.0,1.0,0.0,0.0,128.0,523.0
916384.0,0.0,0.0,0.0,0.0,0.0,0.0,1.0,0.0,0.0,128.0,518.0
916425.0,0.0,0.0,0.0,0.0,0.0,0.0,1.0,0.0,0.0,128.0,512.0
916465.0,0.0,0.0,0.0,0.0,0.0,0.0,1.0,0.0,0.0,128.0,512.0
916505.0,0.0,0.0,0.0,0.0,0.0,0.0,1.0,0.0,0.0,128.0,525.0
916545.0,0.0,0.0,0.053,0.0,0.0,0.0,1.0,0.0,0.0,128.0,531.0
916585.0,0.0,0.0,-0.018,0.0,0.0,0.0,1.0,0.0,0.0,128.0,531.0
916626.0,0.0,0.0,0.001,0.0,0.0,0.0,1.0,0.0,0.0,128.0,530.0
916666.0,0.0,0.0,0.0,0.0,0.0,0.0,1.0,0.0,0.0,128.0,524.0
916706.0,0.0,0.0,0.0,0.0,0.0,0.0,1.0,0.0,0.0,128.0,524.0
916747.0,0.0,0.0,0.0,0.0,0.0,0.0,1.0,0.0,0.0,128.0,517.0
916787.0,0.0,0.0,0.062,0.0,0.0,0.0,1.0,0.0,0.0,128.0,518.0
916827.0,0.0,0.0,0.033,0.0,0.0,0.0,1.0,0.0,0.0,128.0,530.0
916868.0,0.0,0.0,0.021,0.0,0.0,0.0,1.0,0.0,0.0,128.0,519.0
916908.0,0.0,-0.0015,-0.292,0.0,0.0,0.0,1.0,0.0,0.0,128.0,531.0
916948.0,0.0,0.0,0.075,0.0,0.0,0.0,1.0,0.0,0.0,128.0,518.0
916988.0,0.0,0.0,0.0,0.0,0.0,0.0,1.0,0.0,0.0,128.0,525.0
917029.0,0.0,0.0,0.001,0.0,0.0,0.0,1.0,0.0,0.0,128.0,525.0
917069.0,0.0,0.0,0.0,0.0,0.0,0.0,1.0,0.0,0.0,128.0,523.0
917109.0,0.0,0.0,0.068,0.0,0.0,0.0,1.0,0.0,0.0,128.0,524.0
917150.0,0.0,0.0,0.0,0.0,0.0,0.0,1.0,0.0,0.0,128.0,511.0
917190.0,0.0,0.0,0.0,0.0,0.0,0.0,1.0,0.0,0.0,128.0,517.0
917230.0,0.0,0.0,0.0,0.0,0.0,0.0,1.0,0.0,0.0,128.0,511.0
917270.0,0.0,0.0,0.0,0.0,0.0,0.0,1.0,0.0,0.0,128.0,524.0
917310.0,0.0,0.0,0.001,0.0,0.0,0.0,1.0,0.0,0.0,128.0,524.0
917351.0,0.0,0.0,0.0,0.0,0.0,0.0,1.0,0.0,0.0,128.0,531.0
917391.0,0.0,0.0,0.0,0.0,0.0,0.0,1.0,0.0,0.0,128.0,523.0
917432.0,0.0,0.0,0.0,0.0,0.0,0.0,1.0,0.0,0.0,128.0,523.0
917472.0,0.0,0.0,0.0,0.0,0.0,0.0,1.0,0.0,0.0,128.0,517.0
917512.0,0.0,0.0,0.033,0.0,0.0,0.0,1.0,0.0,0.0,128.0,519.0
917552.0,0.0,-0.0015,-0.341,0.0,0.0,0.0,1.0,0.0,0.0,128.0,531.0
917593.0,0.0,0.0,0.0,0.0,0.0,0.0,1.0,0.0,0.0,128.0,517.0
917633.0,0.0,0.0,0.033,0.0,0.0,0.0,1.0,0.0,0.0,128.0,524.0
917673.0,0.0,0.0,0.085,0.0,0.0,0.0,1.0,0.0,0.0,128.0,519.0
917713.0,0.0,0.0,-0.004,0.0,0.0,0.0,1.0,0.0,0.0,128.0,524.0
917754.0,0.0,0.0,0.0,0.0,0.0,0.0,1.0,0.0,0.0,128.0,524.0
917794.0,0.0,0.0,0.016,0.0,0.0,0.0,1.0,0.0,0.0,128.0,525.0
917834.0,0.0,0.0,0.05,0.0,0.0,0.0,1.0,0.0,0.0,128.0,519.0
917874.0,0.0,0.0,0.049,0.0,0.0,0.0,1.0,0.0,0.0,128.0,525.0
917915.0,0.0,0.0,0.068,0.0,0.0,0.0,1.0,0.0,0.0,128.0,524.0
917955.0,0.0,0.0,0.05,0.0,0.0,0.0,1.0,0.0,0.0,128.0,530.0
917995.0,0.0,0.0,0.021,0.0,0.0,0.0,1.0,0.0,0.0,128.0,530.0
918035.0,0.0,0.0,0.0,0.0,0.0,0.0,1.0,0.0,0.0,128.0,512.0
918075.0,0.0,0.0,0.049,0.0,0.0,0.0,1.0,0.0,0.0,128.0,518.0
918115.0,0.0,0.0,0.0,0.0,0.0,0.0,1.0,0.0,0.0,128.0,524.0
918155.0,0.0,0.0,0.0,0.0,0.0,0.0,1.0,0.0,0.0,128.0,524.0
918195.0,0.0,0.0,-0.007,0.0,0.0,0.0,1.0,0.0,0.0,128.0,530.0
918236.0,0.0,0.0,0.0,0.0,0.0,0.0,1.0,0.0,0.0,128.0,511.0
918276.0,0.0,0.0,0.0,0.0,0.0,0.0,1.0,0.0,0.0,128.0,523.0
918317.0,0.0,0.0,0.005,0.0,0.0,0.0,1.0,0.0,0.0,128.0,518.0
918357.0,0.0,0.0,0.089,0.0,0.0,0.0,1.0,0.0,0.0,128.0,530.0
918397.0,0.0,0.0,0.0,0.0,0.0,0.0,1.0,0.0,0.0,128.0,531.0
918437.0,0.0,0.0,0.008,0.0,0.0,0.0,1.0,0.0,0.0,128.0,525.0
918478.0,0.0,0.0,-0.02,0.0,0.0,0.0,1.0,0.0,0.0,128.0,524.0
918518.0,0.0,0.0,0.123,0.0,0.0,0.0,1.0,0.0,0.0,128.0,518.0
918558.0,0.0,0.0,0.001,0.0,0.0,0.0,1.0,0.0,0.0,128.0,524.0
918598.0,0.0,-0.0015,-0.341,0.0,0.0,0.0,1.0,0.0,0.0,128.0,531.0
918639.0,0.0,0.0,0.075,0.0,0.0,0.0,1.0,0.0,0.0,128.0,525.0
918679.0,0.0,-0.0015,-0.183,0.0,0.0,0.0,1.0,0.0,0.0,128.0,519.0
918719.0,0.0,0.0,0.0,0.0,0.0,0.0,1.0,0.0,0.0,128.0,517.0
918759.0,0.0,0.0,0.014,0.0,0.0,0.0,1.0,0.0,0.0,128.0,524.0
918800.0,0.0,0.0,0.0,0.0,0.0,0.0,1.0,0.0,0.0,128.0,523.0
918840.0,0.0,0.0,0.0,0.0,0.0,0.0,1.0,0.0,0.0,128.0,524.0
918880.0,0.0,0.0,0.032,0.0,0.0,0.0,1.0,0.0,0.0,128.0,524.0
918920.0,0.0,0.0,0.084,0.0,0.0,0.0,1.0,0.0,0.0,128.0,525.0
918960.0,0.0,0.0,-0.018,0.0,0.0,0.0,1.0,0.0,0.0,128.0,531.0
919001.0,0.0,0.0,0.021,0.0,0.0,0.0,1.0,0.0,0.0,128.0,518.0
919041.0,0.0,0.0,0.0,0.0,0.0,0.0,1.0,0.0,0.0,128.0,524.0
919081.0,0.0,0.0,0.082,0.0,0.0,0.0,1.0,0.0,0.0,128.0,518.0
919121.0,0.0,0.0,0.0,0.0,0.0,0.0,1.0,0.0,0.0,128.0,517.0
919162.0,0.0,0.0,0.002,0.0,0.0,0.0,1.0,0.0,0.0,128.0,525.0
919202.0,0.0,0.0,0.0,0.0,0.0,0.0,1.0,0.0,0.0,128.0,517.0
919242.0,0.0,0.0,0.105,0.0,0.0,0.0,1.0,0.0,0.0,128.0,525.0
919282.0,0.0,-0.0015,-0.34,0.0,0.0,0.0,1.0,0.0,0.0,128.0,525.0
919322.0,0.0,0.0,0.002,0.0,0.0,0.0,1.0,0.0,0.0,128.0,531.0
919363.0,0.0,0.0,0.0,0.0,0.0,0.0,1.0,0.0,0.0,128.0,511.0
919403.0,0.0,0.0,0.008,0.0,0.0,0.0,1.0,0.0,0.0,128.0,530.0
919443.0,0.0,0.0,0.074,0.0,0.0,0.0,1.0,0.0,0.0,128.0,525.0
919483.0,0.0,0.0,0.0,0.0,0.0,0.0,1.0,0.0,0.0,128.0,530.0
919523.0,0.0,0.0,0.0,0.0,0.0,0.0,1.0,0.0,0.0,128.0,518.0
919563.0,0.0,0.0,0.049,0.0,0.0,0.0,1.0,0.0,0.0,128.0,519.0
919603.0,0.0,0.0,0.0,0.0,0.0,0.0,1.0,0.0,0.0,128.0,524.0
919643.0,0.0,0.0,0.032,0.0,0.0,0.0,1.0,0.0,0.0,128.0,531.0
919684.0,0.0,0.0,0.075,0.0,0.0,0.0,1.0,0.0,0.0,128.0,525.0
919724.0,0.0,0.0,0.013,0.0,0.0,0.0,1.0,0.0,0.0,128.0,524.0
919764.0,0.0,0.0,0.002,0.0,0.0,0.0,1.0,0.0,0.0,128.0,531.0
919805.0,0.0,0.0,0.084,0.0,0.0,0.0,1.0,0.0,0.0,128.0,531.0
919845.0,0.0,0.0,0.0,0.0,0.0,0.0,1.0,0.0,0.0,128.0,518.0
919886.0,0.0,0.0,0.0,0.0,0.0,0.0,1.0,0.0,0.0,128.0,518.0
919926.0,0.0,0.0,0.032,0.0,0.0,0.0,1.0,0.0,0.0,128.0,524.0
919966.0,0.0,0.0,-0.018,0.0,0.0,0.0,1.0,0.0,0.0,128.0,524.0
920006.0,0.0,0.0,0.085,0.0,0.0,0.0,1.0,0.0,0.0,128.0,525.0
920047.0,0.0,0.0,0.062,0.0,0.0,0.0,1.0,0.0,0.0,128.0,525.0
920087.0,0.0,0.0,0.01,0.0,0.0,0.0,1.0,0.0,0.0,128.0,531.0
920127.0,0.0,0.0,0.032,0.0,0.0,0.0,1.0,0.0,0.0,128.0,531.0
920168.0,0.0,0.0,0.0,0.0,0.0,0.0,1.0,0.0,0.0,128.0,518.0
920208.0,0.0,0.0,0.117,0.0,0.0,0.0,1.0,0.0,0.0,128.0,525.0
920248.0,0.0,-0.0015,-0.341,0.0,0.0,0.0,1.0,0.0,0.0,128.0,525.0
920288.0,0.0,-0.0015,-0.338,0.0,0.0,0.0,1.0,0.0,0.0,128.0,524.0
920328.0,0.0,0.0,0.002,0.0,0.0,0.0,1.0,0.0,0.0,128.0,525.0
920369.0,0.0,0.0,0.0,0.0,0.0,0.0,1.0,0.0,0.0,128.0,517.0
920409.0,0.0,0.0,0.0,0.0,0.0,0.0,1.0,0.0,0.0,128.0,524.0
920449.0,0.0,0.0,0.001,0.0,0.0,0.0,1.0,0.0,0.0,128.0,525.0
920489.0,0.0,0.0,0.068,0.0,0.0,0.0,1.0,0.0,0.0,128.0,524.0
920529.0,0.0,0.0,0.068,0.0,0.0,0.0,1.0,0.0,0.0,128.0,530.0
920570.0,0.0,0.0,0.001,0.0,0.0,0.0,1.0,0.0,0.0,128.0,524.0
920610.0,0.0,0.0,0.0,0.0,0.0,0.0,1.0,0.0,0.0,128.0,519.0
920650.0,0.0,-0.0015,-0.34,0.0,0.0,0.0,1.0,0.0,0.0,128.0,524.0
920690.0,0.0,0.0,0.0,0.0,0.0,0.0,1.0,0.0,0.0,128.0,531.0
920730.0,0.0,0.0,0.0,0.0,0.0,0.0,1.0,0.0,0.0,128.0,525.0
920771.0,0.0,0.0,0.049,0.0,0.0,0.0,1.0,0.0,0.0,128.0,519.0
920811.0,0.0,0.0,0.021,0.0,0.0,0.0,1.0,0.0,0.0,128.0,519.0
920851.0,0.0,0.0,0.009,0.0,0.0,0.0,1.0,0.0,0.0,128.0,525.0
920892.0,0.0,0.0,0.049,0.0,0.0,0.0,1.0,0.0,0.0,128.0,524.0
920932.0,0.0,0.0,0.002,0.0,0.0,0.0,1.0,0.0,0.0,128.0,525.0
920972.0,0.0,0.0,0.003,0.0,0.0,0.0,1.0,0.0,0.0,128.0,531.0
921012.0,0.0,0.0,0.0,0.0,0.0,0.0,1.0,0.0,0.0,128.0,518.0
921052.0,0.0,0.0,0.107,0.0,0.0,0.0,1.0,0.0,0.0,128.0,518.0
921092.0,0.0,-0.0015,-0.336,0.0,0.0,0.0,1.0,0.0,0.0,128.0,530.0
921133.0,0.0,0.0,0.0,0.0,0.0,0.0,1.0,0.0,0.0,128.0,524.0
921173.0,0.0,0.0,0.0,0.0,0.0,0.0,1.0,0.0,0.0,128.0,518.0
921213.0,0.0,-0.0015,-0.328,0.0,0.0,0.0,1.0,0.0,0.0,128.0,531.0
921253.0,0.0,0.0,0.075,0.0,0.0,0.0,1.0,0.0,0.0,128.0,525.0
921294.0,0.0,0.0,0.084,0.0,0.0,0.0,1.0,0.0,0.0,128.0,519.0
921334.0,0.0,0.0,0.0,0.0,0.0,0.0,1.0,0.0,0.0,128.0,517.0
921374.0,0.0,0.0,0.002,0.0,0.0,0.0,1.0,0.0,0.0,128.0,531.0
921414.0,0.0,0.0,0.032,0.0,0.0,0.0,1.0,0.0,0.0,128.0,525.0
921455.0,0.0,0.0,0.021,0.0,0.0,0.0,1.0,0.0,0.0,128.0,531.0
921495.0,0.0,0.0,0.085,0.0,0.0,0.0,1.0,0.0,0.0,128.0,525.0
921536.0,0.0,0.0,0.023,0.0,0.0,0.0,1.0,0.0,0.0,128.0,519.0
921576.0,0.0,0.0,-0.02,0.0,0.0,0.0,1.0,0.0,0.0,128.0,530.0
921616.0,0.0,0.0,0.033,0.0,0.0,0.0,1.0,0.0,0.0,128.0,518.0
921656.0,0.0,0.0,0.089,0.0,0.0,0.0,1.0,0.0,0.0,128.0,518.0
921696.0,0.0,0.0,0.0,0.0,0.0,0.0,1.0,0.0,0.0,128.0,523.0
921736.0,0.0,0.0,0.009,0.0,0.0,0.0,1.0,0.0,0.0,128.0,524.0
921776.0,0.0,0.0,0.084,0.0,0.0,0.0,1.0,0.0,0.0,128.0,524.0
921817.0,0.0,0.0,0.049,0.0,0.0,0.0,1.0,0.0,0.0,128.0,519.0
921857.0,0.0,0.0,0.085,0.0,0.0,0.0,1.0,0.0,0.0,128.0,519.0
921897.0,0.0,0.0,0.068,0.0,0.0,0.0,1.0,0.0,0.0,128.0,530.0
921937.0,0.0,0.0,0.029,0.0,0.0,0.0,1.0,0.0,0.0,128.0,532.0
921978.0,0.0,0.0,0.0,0.0,0.0,0.0,1.0,0.0,0.0,128.0,524.0
922018.0,0.0,0.0,0.013,0.0,0.0,0.0,1.0,0.0,0.0,128.0,525.0
922058.0,0.0,0.0,0.0,0.0,0.0,0.0,1.0,0.0,0.0,128.0,518.0
922098.0,0.0,0.0,0.001,0.0,0.0,0.0,1.0,0.0,0.0,128.0,525.0
922138.0,0.0,0.0,0.025,0.0,0.0,0.0,1.0,0.0,0.0,128.0,530.0
922178.0,0.0,0.0,0.0,0.0,0.0,0.0,1.0,0.0,0.0,128.0,530.0
922219.0,0.0,0.0,0.021,0.0,0.0,0.0,1.0,0.0,0.0,128.0,524.0
922259.0,0.0,0.0,0.0,0.0,0.0,0.0,1.0,0.0,0.0,128.0,530.0
922299.0,0.0,0.0,0.001,0.0,0.0,0.0,1.0,0.0,0.0,128.0,530.0
922339.0,0.0,0.0,0.008,0.0,0.0,0.0,1.0,0.0,0.0,128.0,530.0
922380.0,0.0,0.0,0.013,0.0,0.0,0.0,1.0,0.0,0.0,128.0,530.0
922420.0,0.0,0.0,0.001,0.0,0.0,0.0,1.0,0.0,0.0,128.0,525.0
922460.0,0.0,0.0,0.001,0.0,0.0,0.0,1.0,0.0,0.0,128.0,531.0
922501.0,0.0,0.0,0.002,0.0,0.0,0.0,1.0,0.0,0.0,128.0,531.0
922541.0,0.0,0.0,0.002,0.0,0.0,0.0,1.0,0.0,0.0,128.0,531.0
922581.0,0.0,0.0,0.068,0.0,0.0,0.0,1.0,0.0,0.0,128.0,524.0
922621.0,0.0,0.0,0.0,0.0,0.0,0.0,1.0,0.0,0.0,128.0,524.0
922662.0,0.0,0.0,0.0,0.0,0.0,0.0,1.0,0.0,0.0,128.0,524.0
922702.0,0.0,0.0,0.0,0.0,0.0,0.0,1.0,0.0,0.0,128.0,523.0
922742.0,0.0,0.0,0.013,0.0,0.0,0.0,1.0,0.0,0.0,128.0,531.0
922783.0,0.0,0.0,0.032,0.0,0.0,0.0,1.0,0.0,0.0,128.0,525.0
922823.0,0.0,0.0,0.013,0.0,0.0,0.0,1.0,0.0,0.0,128.0,524.0
922864.0,0.0,0.0,0.004,0.0,0.0,0.0,1.0,0.0,0.0,128.0,518.0
922904.0,0.0,-0.0015,-0.288,0.0,0.0,0.0,1.0,0.0,0.0,128.0,525.0
922944.0,0.0,0.0,0.0,0.0,0.0,0.0,1.0,0.0,0.0,128.0,524.0
922984.0,0.0,0.0,0.012,0.0,0.0,0.0,1.0,0.0,0.0,128.0,524.0
923024.0,0.0,0.0,0.0,0.0,0.0,0.0,1.0,0.0,0.0,128.0,531.0
923064.0,0.0,0.0,0.049,0.0,0.0,0.0,1.0,0.0,0.0,128.0,530.0
923105.0,0.0,-0.0015,-0.256,0.0,0.0,0.0,1.0,0.0,0.0,128.0,525.0
923145.0,0.0,0.0,-0.02,0.0,0.0,0.0,1.0,0.0,0.0,128.0,530.0
923185.0,0.0,0.0,0.0,0.0,0.0,0.0,1.0,0.0,0.0,128.0,518.0
923225.0,0.0,0.0,0.006,0.0,0.0,0.0,1.0,0.0,0.0,128.0,530.0
923266.0,0.0,0.0,0.0,0.0,0.0,0.0,1.0,0.0,0.0,128.0,517.0
923306.0,0.0,0.0,0.0,0.0,0.0,0.0,1.0,0.0,0.0,128.0,525.0
923346.0,0.0,0.0,0.001,0.0,0.0,0.0,1.0,0.0,0.0,128.0,524.0
923387.0,0.0,0.0,0.008,0.0,0.0,0.0,1.0,0.0,0.0,128.0,518.0
923427.0,0.0,0.0,0.005,0.0,0.0,0.0,1.0,0.0,0.0,128.0,525.0
923467.0,0.0,0.0,0.0,0.0,0.0,0.0,1.0,0.0,0.0,128.0,524.0
923507.0,0.0,0.0,0.0,0.0,0.0,0.0,1.0,0.0,0.0,128.0,531.0
923547.0,0.0,0.0,0.001,0.0,0.0,0.0,1.0,0.0,0.0,128.0,531.0
923588.0,0.0,0.0,-0.02,0.0,0.0,0.0,1.0,0.0,0.0,128.0,530.0
923628.0,0.0,0.0,0.002,0.0,0.0,0.0,1.0,0.0,0.0,128.0,524.0
923669.0,0.0,0.0,0.049,0.0,0.0,0.0,1.0,0.0,0.0,128.0,530.0
923709.0,0.0,0.0,0.015,0.0,0.0,0.0,1.0,0.0,0.0,128.0,524.0
923750.0,0.0,0.0,0.001,0.0,0.0,0.0,1.0,0.0,0.0,128.0,530.0
923790.0,0.0,0.0,0.0,0.0,0.0,0.0,1.0,0.0,0.0,128.0,531.0
923830.0,0.0,0.0,0.002,0.0,0.0,0.0,1.0,0.0,0.0,128.0,524.0
923871.0,0.0,0.0,0.068,0.0,0.0,0.0,1.0,0.0,0.0,128.0,525.0
923911.0,0.0,0.0,0.008,0.0,0.0,0.0,1.0,0.0,0.0,128.0,519.0
923952.0,0.0,0.0,0.0,0.0,0.0,0.0,1.0,0.0,0.0,128.0,518.0
923992.0,0.0,0.0,0.117,0.0,0.0,0.0,1.0,0.0,0.0,128.0,525.0
924032.0,0.0,0.0,0.068,0.0,0.0,0.0,1.0,0.0,0.0,128.0,531.0
924072.0,0.0,0.0,0.084,0.0,0.0,0.0,1.0,0.0,0.0,128.0,525.0
924112.0,0.0,0.0,0.001,0.0,0.0,0.0,1.0,0.0,0.0,128.0,525.0
924153.0,0.0,0.0,0.0,0.0,0.0,0.0,1.0,0.0,0.0,128.0,517.0
924193.0,0.0,0.0,0.005,0.0,0.0,0.0,1.0,0.0,0.0,128.0,524.0
924233.0,0.0,0.0,-0.02,0.0,0.0,0.0,1.0,0.0,0.0,128.0,531.0
924273.0,0.0,0.0,0.075,0.0,0.0,0.0,1.0,0.0,0.0,128.0,525.0
924314.0,0.0,0.0,0.003,0.0,0.0,0.0,1.0,0.0,0.0,128.0,525.0
924354.0,0.0,0.0,0.002,0.0,0.0,0.0,1.0,0.0,0.0,128.0,524.0
924394.0,0.0,0.0,0.005,0.0,0.0,0.0,1.0,0.0,0.0,128.0,524.0
924434.0,0.0,0.0,0.008,0.0,0.0,0.0,1.0,0.0,0.0,128.0,525.0
924475.0,0.0,0.0,0.011,0.0,0.0,0.0,1.0,0.0,0.0,128.0,518.0
924515.0,0.0,0.0,0.0,0.0,0.0,0.0,1.0,0.0,0.0,128.0,523.0
924555.0,0.0,0.0,0.076,0.0,0.0,0.0,1.0,0.0,0.0,128.0,524.0
924595.0,0.0,0.0,0.0,0.0,0.0,0.0,1.0,0.0,0.0,128.0,530.0
924635.0,0.0,-0.0015,-0.34,0.0,0.0,0.0,1.0,0.0,0.0,128.0,525.0
924675.0,0.0,-0.0015,-0.269,0.0,0.0,0.0,1.0,0.0,0.0,128.0,531.0
924716.0,0.0,0.0,0.032,0.0,0.0,0.0,1.0,0.0,0.0,128.0,530.0
924756.0,0.0,0.0,0.0,0.0,0.0,0.0,1.0,0.0,0.0,128.0,525.0
924796.0,0.0,0.0,0.05,0.0,0.0,0.0,1.0,0.0,0.0,128.0,524.0
924836.0,0.0,0.0,-0.019,0.0,0.0,0.0,1.0,0.0,0.0,128.0,530.0
924877.0,0.0,0.0,0.003,0.0,0.0,0.0,1.0,0.0,0.0,128.0,524.0
924917.0,0.0,0.0,0.003,0.0,0.0,0.0,1.0,0.0,0.0,128.0,519.0
924957.0,0.0,0.0,0.084,0.0,0.0,0.0,1.0,0.0,0.0,128.0,525.0
924997.0,0.0,0.0,0.0,0.0,0.0,0.0,1.0,0.0,0.0,128.0,524.0
925037.0,0.0,0.0,0.023,0.0,0.0,0.0,1.0,0.0,0.0,128.0,524.0
925078.0,0.0,0.0,0.0,0.0,0.0,0.0,1.0,0.0,0.0,128.0,524.0
925118.0,0.0,-0.0015,-0.341,0.0,0.0,0.0,1.0,0.0,0.0,128.0,518.0
925158.0,0.0,0.0,0.0,0.0,0.0,0.0,1.0,0.0,0.0,128.0,530.0
925199.0,0.0,0.0,0.003,0.0,0.0,0.0,1.0,0.0,0.0,128.0,530.0
925239.0,0.0,0.0,0.0,0.0,0.0,0.0,1.0,0.0,0.0,128.0,518.0
925279.0,0.0,0.0,0.056,0.0,0.0,0.0,1.0,0.0,0.0,128.0,519.0
925320.0,0.0,0.0,0.049,0.0,0.0,0.0,1.0,0.0,0.0,128.0,530.0
925360.0,0.0,0.0,0.075,0.0,0.0,0.0,1.0,0.0,0.0,128.0,525.0
925400.0,0.0,0.0,0.005,0.0,0.0,0.0,1.0,0.0,0.0,128.0,518.0
925440.0,0.0,0.0,0.013,0.0,0.0,0.0,1.0,0.0,0.0,128.0,525.0
925480.0,0.0,0.0,0.003,0.0,0.0,0.0,1.0,0.0,0.0,128.0,531.0
925521.0,0.0,0.0,0.084,0.0,0.0,0.0,1.0,0.0,0.0,128.0,524.0
925561.0,0.0,0.0,0.013,0.0,0.0,0.0,1.0,0.0,0.0,128.0,524.0
925602.0,0.0,0.0,0.0,0.0,0.0,0.0,1.0,0.0,0.0,128.0,511.0
925642.0,0.0,0.0,0.068,0.0,0.0,0.0,1.0,0.0,0.0,128.0,518.0
925683.0,0.0,0.0,0.085,0.0,0.0,0.0,1.0,0.0,0.0,128.0,524.0
925723.0,0.0,0.0,0.084,0.0,0.0,0.0,1.0,0.0,0.0,128.0,531.0
925763.0,0.0,0.0,0.003,0.0,0.0,0.0,1.0,0.0,0.0,128.0,531.0
925803.0,0.0,0.0,0.013,0.0,0.0,0.0,1.0,0.0,0.0,128.0,530.0
925844.0,0.0,0.0,0.0,0.0,0.0,0.0,1.0,0.0,0.0,128.0,511.0
925884.0,0.0,0.0,0.0,0.0,0.0,0.0,1.0,0.0,0.0,128.0,524.0
925924.0,0.0,0.0,-0.02,0.0,0.0,0.0,1.0,0.0,0.0,128.0,532.0
925964.0,0.0,0.0,0.0,0.0,0.0,0.0,1.0,0.0,0.0,128.0,524.0
926004.0,0.0,0.0,0.07,0.0,0.0,0.0,1.0,0.0,0.0,128.0,530.0
926045.0,0.0,0.0,0.021,0.0,0.0,0.0,1.0,0.0,0.0,128.0,524.0
926085.0,0.0,0.0,0.013,0.0,0.0,0.0,1.0,0.0,0.0,128.0,530.0
926125.0,0.0,0.0,0.002,0.0,0.0,0.0,1.0,0.0,0.0,128.0,531.0
926165.0,0.0,0.0,0.0,0.0,0.0,0.0,1.0,0.0,0.0,128.0,511.0
926205.0,0.0,-0.0015,-0.315,0.0,0.0,0.0,1.0,0.0,0.0,128.0,519.0
926245.0,0.0,0.0,0.0,0.0,0.0,0.0,1.0,0.0,0.0,128.0,523.0
926285.0,0.0,0.0,0.0,0.0,0.0,0.0,1.0,0.0,0.0,128.0,530.0
926326.0,0.0,0.0,0.068,0.0,0.0,0.0,1.0,0.0,0.0,128.0,525.0
926366.0,0.0,0.0,0.0,0.0,0.0,0.0,1.0,0.0,0.0,128.0,524.0
926406.0,0.0,0.0,0.032,0.0,0.0,0.0,1.0,0.0,0.0,128.0,524.0
926447.0,0.0,0.0,0.014,0.0,0.0,0.0,1.0,0.0,0.0,128.0,518.0
926487.0,0.0,0.0,0.082,0.0,0.0,0.0,1.0,0.0,0.0,128.0,518.0
926527.0,0.0,0.0,0.005,0.0,0.0,0.0,1.0,0.0,0.0,128.0,525.0
926567.0,0.0,0.0,-0.007,0.0,0.0,0.0,1.0,0.0,0.0,128.0,524.0
926607.0,0.0,0.0,0.008,0.0,0.0,0.0,1.0,0.0,0.0,128.0,519.0
926648.0,0.0,0.0,0.0,0.0,0.0,0.0,1.0,0.0,0.0,128.0,524.0
926688.0,0.0,0.0,0.104,0.0,0.0,0.0,1.0,0.0,0.0,128.0,518.0
926729.0,0.0,0.0,0.084,0.0,0.0,0.0,1.0,0.0,0.0,128.0,524.0
926769.0,0.0,-0.0015,-0.29,0.0,0.0,0.0,1.0,0.0,0.0,128.0,524.0
926809.0,0.0,0.0,0.0,0.0,0.0,0.0,1.0,0.0,0.0,128.0,511.0
926849.0,0.0,0.0,0.0,0.0,0.0,0.0,1.0,0.0,0.0,128.0,525.0
926890.0,0.0,0.0,0.0,0.0,0.0,0.0,1.0,0.0,0.0,128.0,518.0
926930.0,0.0,0.0,0.0,0.0,0.0,0.0,1.0,0.0,0.0,128.0,518.0
926970.0,0.0,0.0,0.037,0.0,0.0,0.0,1.0,0.0,0.0,128.0,524.0
927010.0,0.0,0.0,0.001,0.0,0.0,0.0,1.0,0.0,0.0,128.0,525.0
927051.0,0.0,0.0,0.0,0.0,0.0,0.0,1.0,0.0,0.0,128.0,517.0
927091.0,0.0,0.0,0.0,0.0,0.0,0.0,1.0,0.0,0.0,128.0,518.0
927131.0,0.0,0.0,0.0,0.0,0.0,0.0,1.0,0.0,0.0,128.0,519.0
927171.0,0.0,0.0,0.107,0.0,0.0,0.0,1.0,0.0,0.0,128.0,518.0
927212.0,0.0,0.0,0.159,0.0,0.0,0.0,1.0,0.0,0.0,128.0,531.0
927252.0,0.0,0.0,-0.02,0.0,0.0,0.0,1.0,0.0,0.0,128.0,525.0
927293.0,0.0,0.0,0.073,0.0,0.0,0.0,1.0,0.0,0.0,128.0,524.0
927333.0,0.0,0.0,0.0,0.0,0.0,0.0,1.0,0.0,0.0,128.0,524.0
927373.0,0.0,0.0,0.008,0.0,0.0,0.0,1.0,0.0,0.0,128.0,531.0
927414.0,0.0,0.0,0.021,0.0,0.0,0.0,1.0,0.0,0.0,128.0,530.0
927454.0,0.0,0.0,0.049,0.0,0.0,0.0,1.0,0.0,0.0,128.0,524.0
927494.0,0.0,0.0,0.032,0.0,0.0,0.0,1.0,0.0,0.0,128.0,530.0
927535.0,0.0,0.0,0.068,0.0,0.0,0.0,1.0,0.0,0.0,128.0,524.0
927575.0,0.0,0.0,0.0,0.0,0.0,0.0,1.0,0.0,0.0,128.0,512.0
927615.0,0.0,0.0,0.0,0.0,0.0,0.0,1.0,0.0,0.0,128.0,523.0
927655.0,0.0,-0.0015,-0.34,0.0,0.0,0.0,1.0,0.0,0.0,128.0,525.0
927695.0,0.0,0.0,0.0,0.0,0.0,0.0,1.0,0.0,0.0,128.0,523.0
927735.0,0.0,0.0,0.008,0.0,0.0,0.0,1.0,0.0,0.0,128.0,519.0
927775.0,0.0,0.0,0.021,0.0,0.0,0.0,1.0,0.0,0.0,128.0,531.0
927815.0,0.0,0.0,0.0,0.0,0.0,0.0,1.0,0.0,0.0,128.0,525.0
927856.0,0.0,0.0,0.069,0.0,0.0,0.0,1.0,0.0,0.0,128.0,525.0
927896.0,0.0,0.0,0.069,0.0,0.0,0.0,1.0,0.0,0.0,128.0,531.0
927936.0,0.0,0.0,0.0,0.0,0.0,0.0,1.0,0.0,0.0,128.0,530.0
927977.0,0.0,0.0,0.001,0.0,0.0,0.0,1.0,0.0,0.0,128.0,524.0
928017.0,0.0,0.0,0.0,0.0,0.0,0.0,1.0,0.0,0.0,128.0,517.0
928057.0,0.0,0.0,0.075,0.0,0.0,0.0,1.0,0.0,0.0,128.0,518.0
928098.0,0.0,-0.0015,-0.341,0.0,0.0,0.0,1.0,0.0,0.0,128.0,524.0
928138.0,0.0,0.0,0.0,0.0,0.0,0.0,1.0,0.0,0.0,128.0,511.0
928178.0,0.0,0.0,0.107,0.0,0.0,0.0,1.0,0.0,0.0,128.0,524.0
928218.0,0.0,0.0,0.0,0.0,0.0,0.0,1.0,0.0,0.0,128.0,524.0
928258.0,0.0,0.0,0.0,0.0,0.0,0.0,1.0,0.0,0.0,128.0,530.0
928299.0,0.0,0.0,0.0,0.0,0.0,0.0,1.0,0.0,0.0,128.0,512.0
928339.0,0.0,0.0,0.005,0.0,0.0,0.0,1.0,0.0,0.0,128.0,524.0
928379.0,0.0,0.0,0.005,0.0,0.0,0.0,1.0,0.0,0.0,128.0,525.0
928419.0,0.0,0.0,0.0,0.0,0.0,0.0,1.0,0.0,0.0,128.0,525.0
928459.0,0.0,0.0,0.005,0.0,0.0,0.0,1.0,0.0,0.0,128.0,531.0
928499.0,0.0,-0.0015,-0.341,0.0,0.0,0.0,1.0,0.0,0.0,128.0,531.0
928540.0,0.0,0.0,0.0,0.0,0.0,0.0,1.0,0.0,0.0,128.0,517.0
928580.0,0.0,0.0,0.069,0.0,0.0,0.0,1.0,0.0,0.0,128.0,530.0
928620.0,0.0,0.0,0.068,0.0,0.0,0.0,1.0,0.0,0.0,128.0,530.0
928661.0,0.0,0.0,0.025,0.0,0.0,0.0,1.0,0.0,0.0,128.0,531.0
928701.0,0.0,0.0,0.003,0.0,0.0,0.0,1.0,0.0,0.0,128.0,525.0
928741.0,0.0,0.0,0.0,0.0,0.0,0.0,1.0,0.0,0.0,128.0,531.0
928781.0,0.0,0.0,0.117,0.0,0.0,0.0,1.0,0.0,0.0,128.0,518.0
928821.0,0.0,-0.0015,-0.341,0.0,0.0,0.0,1.0,0.0,0.0,128.0,531.0
928862.0,0.0,0.0,0.021,0.0,0.0,0.0,1.0,0.0,0.0,128.0,525.0
928902.0,0.0,0.0,0.032,0.0,0.0,0.0,1.0,0.0,0.0,128.0,530.0
928943.0,0.0,0.0,0.05,0.0,0.0,0.0,1.0,0.0,0.0,128.0,524.0
928983.0,0.0,0.0,0.05,0.0,0.0,0.0,1.0,0.0,0.0,128.0,531.0
929023.0,0.0,0.0,0.0,0.0,0.0,0.0,1.0,0.0,0.0,128.0,511.0
929063.0,0.0,0.0,-0.02,0.0,0.0,0.0,1.0,0.0,0.0,128.0,524.0
929103.0,0.0,0.0,0.0,0.0,0.0,0.0,1.0,0.0,0.0,128.0,525.0
929144.0,0.0,0.0,0.001,0.0,0.0,0.0,1.0,0.0,0.0,128.0,518.0
929184.0,0.0,0.0,0.0,0.0,0.0,0.0,1.0,0.0,0.0,128.0,524.0
929224.0,0.0,0.0,0.164,0.0,0.0,0.0,1.0,0.0,0.0,128.0,518.0
929264.0,0.0,0.0,0.033,0.0,0.0,0.0,1.0,0.0,0.0,128.0,524.0
929304.0,0.0,0.0,-0.018,0.0,0.0,0.0,1.0,0.0,0.0,128.0,525.0
929345.0,0.0,-0.0015,-0.256,0.0,0.0,0.0,1.0,0.0,0.0,128.0,524.0
929385.0,0.0,0.0,0.013,0.0,0.0,0.0,1.0,0.0,0.0,128.0,525.0
929425.0,0.0,0.0,0.009,0.0,0.0,0.0,1.0,0.0,0.0,128.0,524.0
929465.0,0.0,0.0,0.032,0.0,0.0,0.0,1.0,0.0,0.0,128.0,525.0
929506.0,0.0,0.0,0.015,0.0,0.0,0.0,1.0,0.0,0.0,128.0,524.0
929546.0,0.0,0.0,0.075,0.0,0.0,0.0,1.0,0.0,0.0,128.0,530.0
929586.0,0.0,0.0,0.0,0.0,0.0,0.0,1.0,0.0,0.0,128.0,531.0
929626.0,0.0,0.0,0.002,0.0,0.0,0.0,1.0,0.0,0.0,128.0,531.0
929666.0,0.0,-0.0015,-0.341,0.0,0.0,0.0,1.0,0.0,0.0,128.0,518.0
929707.0,0.0,0.0,0.003,0.0,0.0,0.0,1.0,0.0,0.0,128.0,524.0
929747.0,0.0,0.0,0.0,0.0,0.0,0.0,1.0,0.0,0.0,128.0,518.0
929788.0,0.0,0.0,0.084,0.0,0.0,0.0,1.0,0.0,0.0,128.0,524.0
929828.0,0.0,0.0,0.0,0.0,0.0,0.0,1.0,0.0,0.0,128.0,513.0
929868.0,0.0,0.0,0.0,0.0,0.0,0.0,1.0,0.0,0.0,128.0,531.0
929909.0,0.0,0.0,0.0,0.0,0.0,0.0,1.0,0.0,0.0,128.0,517.0
929949.0,0.0,0.0,0.002,0.0,0.0,0.0,1.0,0.0,0.0,128.0,525.0
929989.0,0.0,0.0,0.068,0.0,0.0,0.0,1.0,0.0,0.0,128.0,523.0
930029.0,0.0,0.0,0.002,0.0,0.0,0.0,1.0,0.0,0.0,128.0,525.0
930070.0,0.0,0.0,0.003,0.0,0.0,0.0,1.0,0.0,0.0,128.0,524.0
930110.0,0.0,0.0,0.021,0.0,0.0,0.0,1.0,0.0,0.0,128.0,524.0
930150.0,0.0,0.0,0.055,0.0,0.0,0.0,1.0,0.0,0.0,128.0,526.0
930190.0,0.0,0.0,0.008,0.0,0.0,0.0,1.0,0.0,0.0,128.0,530.0
930231.0,0.0,0.0,0.0,0.0,0.0,0.0,1.0,0.0,0.0,128.0,524.0
930271.0,0.0,0.0,0.008,0.0,0.0,0.0,1.0,0.0,0.0,128.0,530.0
930311.0,0.0,0.0,0.0,0.0,0.0,0.0,1.0,0.0,0.0,128.0,517.0
930351.0,0.0,-0.0015,-0.341,0.0,0.0,0.0,1.0,0.0,0.0,128.0,559.0
930392.0,0.0,0.0,0.079,0.0,0.0,0.0,1.0,0.0,0.0,128.0,517.0
930432.0,0.0,0.0,0.0,0.0,0.0,0.0,1.0,0.0,0.0,128.0,531.0
930472.0,0.0,0.0,0.013,0.0,0.0,0.0,1.0,0.0,0.0,128.0,530.0
930513.0,0.0,0.0,0.089,0.0,0.0,0.0,1.0,0.0,0.0,128.0,518.0
930553.0,0.0,0.0,0.061,0.0,0.0,0.0,1.0,0.0,0.0,128.0,531.0
930593.0,0.0,0.0,0.089,0.0,0.0,0.0,1.0,0.0,0.0,128.0,518.0
930633.0,0.0,0.0,0.001,0.0,0.0,0.0,1.0,0.0,0.0,128.0,524.0
930673.0,0.0,-0.0015,-0.256,0.0,0.0,0.0,1.0,0.0,0.0,128.0,525.0
930714.0,0.0,0.0,0.001,0.0,0.0,0.0,1.0,0.0,0.0,128.0,524.0
930754.0,0.0,0.0,0.101,0.0,0.0,0.0,1.0,0.0,0.0,128.0,525.0
930794.0,0.0,0.0,0.049,0.0,0.0,0.0,1.0,0.0,0.0,128.0,524.0
930835.0,0.0,0.0,0.021,0.0,0.0,0.0,1.0,0.0,0.0,128.0,525.0
930875.0,0.0,0.0,0.0,0.0,0.0,0.0,1.0,0.0,0.0,128.0,524.0
930915.0,0.0,0.0,-0.02,0.0,0.0,0.0,1.0,0.0,0.0,128.0,524.0
930955.0,0.0,0.0,0.053,0.0,0.0,0.0,1.0,0.0,0.0,128.0,530.0
930996.0,0.0,0.0,-0.007,0.0,0.0,0.0,1.0,0.0,0.0,128.0,531.0
931036.0,0.0,0.0,0.123,0.0,0.0,0.0,1.0,0.0,0.0,128.0,525.0
931076.0,0.0,-0.0015,-0.341,0.0,0.0,0.0,1.0,0.0,0.0,128.0,524.0
931116.0,0.0,0.0,0.075,0.0,0.0,0.0,1.0,0.0,0.0,128.0,524.0
931156.0,0.0,0.0,0.0,0.0,0.0,0.0,1.0,0.0,0.0,128.0,524.0
931197.0,0.0,0.0,0.0,0.0,0.0,0.0,1.0,0.0,0.0,128.0,518.0
931237.0,0.0,0.0,0.0,0.0,0.0,0.0,1.0,0.0,0.0,128.0,519.0
931277.0,0.0,0.0,0.107,0.0,0.0,0.0,1.0,0.0,0.0,128.0,518.0
931318.0,0.0,0.0,0.133,0.0,0.0,0.0,1.0,0.0,0.0,128.0,524.0
931358.0,0.0,0.0,0.034,0.0,0.0,0.0,1.0,0.0,0.0,128.0,524.0
931398.0,0.0,0.0,0.005,0.0,0.0,0.0,1.0,0.0,0.0,128.0,531.0
931439.0,0.0,0.0,0.0,0.0,0.0,0.0,1.0,0.0,0.0,128.0,523.0
931479.0,0.0,0.0,0.008,0.0,0.0,0.0,1.0,0.0,0.0,128.0,530.0
931519.0,0.0,0.0,0.007,0.0,0.0,0.0,1.0,0.0,0.0,128.0,525.0
931559.0,0.0,0.0,0.077,0.0,0.0,0.0,1.0,0.0,0.0,128.0,531.0
931599.0,0.0,0.0,-0.02,0.0,0.0,0.0,1.0,0.0,0.0,128.0,531.0
931639.0,0.0,0.0,0.008,0.0,0.0,0.0,1.0,0.0,0.0,128.0,530.0
931679.0,0.0,0.0,0.021,0.0,0.0,0.0,1.0,0.0,0.0,128.0,525.0
931719.0,0.0,0.0,0.0,0.0,0.0,0.0,1.0,0.0,0.0,128.0,531.0
931760.0,0.0,0.0,0.097,0.0,0.0,0.0,1.0,0.0,0.0,128.0,518.0
931800.0,0.0,0.0,0.084,0.0,0.0,0.0,1.0,0.0,0.0,128.0,519.0
931840.0,0.0,0.0,0.075,0.0,0.0,0.0,1.0,0.0,0.0,128.0,518.0
931880.0,0.0,0.0,0.002,0.0,0.0,0.0,1.0,0.0,0.0,128.0,531.0
931920.0,0.0,0.0,0.001,0.0,0.0,0.0,1.0,0.0,0.0,128.0,524.0
931960.0,0.0,0.0,0.021,0.0,0.0,0.0,1.0,0.0,0.0,128.0,519.0
932000.0,0.0,0.0,0.0,0.0,0.0,0.0,1.0,0.0,0.0,128.0,525.0
932041.0,0.0,0.0,0.024,0.0,0.0,0.0,1.0,0.0,0.0,128.0,525.0
932081.0,0.0,0.0,0.05,0.0,0.0,0.0,1.0,0.0,0.0,128.0,518.0
932121.0,0.0,0.0,0.032,0.0,0.0,0.0,1.0,0.0,0.0,128.0,519.0
932161.0,0.0,-0.0015,-0.256,0.0,0.0,0.0,1.0,0.0,0.0,128.0,531.0
932201.0,0.0,0.0,0.003,0.0,0.0,0.0,1.0,0.0,0.0,128.0,525.0
932242.0,0.0,0.0,0.003,0.0,0.0,0.0,1.0,0.0,0.0,128.0,524.0
932282.0,0.0,0.0,0.092,0.0,0.0,0.0,1.0,0.0,0.0,128.0,519.0
932322.0,0.0,0.0,0.0,0.0,0.0,0.0,1.0,0.0,0.0,128.0,531.0
932362.0,0.0,0.0,0.033,0.0,0.0,0.0,1.0,0.0,0.0,128.0,525.0
932402.0,0.0,0.0,0.002,0.0,0.0,0.0,1.0,0.0,0.0,128.0,525.0
932443.0,0.0,0.0,-0.02,0.0,0.0,0.0,1.0,0.0,0.0,128.0,524.0
932483.0,0.0,0.0,0.028,0.0,0.0,0.0,1.0,0.0,0.0,128.0,525.0
932523.0,0.0,0.0,0.0,0.0,0.0,0.0,1.0,0.0,0.0,128.0,524.0
932563.0,0.0,0.0,0.0,0.0,0.0,0.0,1.0,0.0,0.0,128.0,524.0
932603.0,0.0,0.0,0.032,0.0,0.0,0.0,1.0,0.0,0.0,128.0,531.0
932644.0,0.0,0.0,-0.019,0.0,0.0,0.0,1.0,0.0,0.0,128.0,532.0
932684.0,0.0,0.0,0.008,0.0,0.0,0.0,1.0,0.0,0.0,128.0,525.0
932724.0,0.0,0.0,0.003,0.0,0.0,0.0,1.0,0.0,0.0,128.0,530.0
932765.0,0.0,0.0,0.014,0.0,0.0,0.0,1.0,0.0,0.0,128.0,530.0
932805.0,0.0,0.0,0.001,0.0,0.0,0.0,1.0,0.0,0.0,128.0,524.0
932845.0,0.0,0.0,0.001,0.0,0.0,0.0,1.0,0.0,0.0,128.0,524.0
932886.0,0.0,0.0,0.006,0.0,0.0,0.0,1.0,0.0,0.0,128.0,518.0
932926.0,0.0,-0.0015,-0.341,0.0,0.0,0.0,1.0,0.0,0.0,128.0,531.0
932966.0,0.0,0.0,0.015,0.0,0.0,0.0,1.0,0.0,0.0,128.0,524.0
933006.0,0.0,0.0,0.0,0.0,0.0,0.0,1.0,0.0,0.0,128.0,524.0
933046.0,0.0,0.0,0.032,0.0,0.0,0.0,1.0,0.0,0.0,128.0,530.0
933086.0,0.0,-0.0015,-0.36,0.0,0.0,0.0,1.0,0.0,0.0,128.0,531.0
933126.0,0.0,0.0,0.097,0.0,0.0,0.0,1.0,0.0,0.0,128.0,524.0
933167.0,0.0,0.0,0.001,0.0,0.0,0.0,1.0,0.0,0.0,128.0,530.0
933207.0,0.0,0.0,0.068,0.0,0.0,0.0,1.0,0.0,0.0,128.0,530.0
933247.0,0.0,0.0,0.0,0.0,0.0,0.0,1.0,0.0,0.0,128.0,524.0
933287.0,0.0,0.0,0.0,0.0,0.0,0.0,1.0,0.0,0.0,128.0,523.0
933328.0,0.0,0.0,0.069,0.0,0.0,0.0,1.0,0.0,0.0,128.0,531.0
933368.0,0.0,0.0,0.07,0.0,0.0,0.0,1.0,0.0,0.0,128.0,530.0
933409.0,0.0,0.0,0.095,0.0,0.0,0.0,1.0,0.0,0.0,128.0,518.0
933449.0,0.0,0.0,0.075,0.0,0.0,0.0,1.0,0.0,0.0,128.0,524.0
933489.0,0.0,0.0,0.07,0.0,0.0,0.0,1.0,0.0,0.0,128.0,524.0
933529.0,0.0,-0.0015,-0.341,0.0,0.0,0.0,1.0,0.0,0.0,128.0,531.0
933570.0,0.0,0.0,0.049,0.0,0.0,0.0,1.0,0.0,0.0,128.0,524.0
933610.0,0.0,0.0,0.001,0.0,0.0,0.0,1.0,0.0,0.0,128.0,524.0
933650.0,0.0,0.0,0.001,0.0,0.0,0.0,1.0,0.0,0.0,128.0,525.0
933691.0,0.0,0.0,0.0,0.0,0.0,0.0,1.0,0.0,0.0,128.0,523.0
933731.0,0.0,0.0,0.021,0.0,0.0,0.0,1.0,0.0,0.0,128.0,531.0
933771.0,0.0,-0.0015,-0.341,0.0,0.0,0.0,1.0,0.0,0.0,128.0,530.0
933811.0,0.0,0.0,0.156,0.0,0.0,0.0,1.0,0.0,0.0,128.0,518.0
933851.0,0.0,0.0,0.054,0.0,0.0,0.0,1.0,0.0,0.0,128.0,530.0
933892.0,0.0,0.0,0.075,0.0,0.0,0.0,1.0,0.0,0.0,128.0,518.0
933932.0,0.0,0.0,0.075,0.0,0.0,0.0,1.0,0.0,0.0,128.0,517.0
933972.0,0.0,-0.0015,-0.308,0.0,0.0,0.0,1.0,0.0,0.0,128.0,531.0
934012.0,0.0,-0.0015,-0.239,0.0,0.0,0.0,1.0,0.0,0.0,128.0,525.0
934053.0,0.0,0.0,0.102,0.0,0.0,0.0,1.0,0.0,0.0,128.0,524.0
934093.0,0.0,0.0,0.033,0.0,0.0,0.0,1.0,0.0,0.0,128.0,524.0
934134.0,0.0,0.0,0.033,0.0,0.0,0.0,1.0,0.0,0.0,128.0,524.0
934174.0,0.0,0.0,0.049,0.0,0.0,0.0,1.0,0.0,0.0,128.0,524.0
934215.0,0.0,0.0,0.048,0.0,0.0,0.0,1.0,0.0,0.0,128.0,524.0
934255.0,0.0,0.0,0.003,0.0,0.0,0.0,1.0,0.0,0.0,128.0,524.0
934295.0,0.0,-0.0015,-0.224,0.0,0.0,0.0,1.0,0.0,0.0,128.0,525.0
934336.0,0.0,0.0,0.125,0.0,0.0,0.0,1.0,0.0,0.0,128.0,525.0
934376.0,0.0,0.0,0.0,0.0,0.0,0.0,1.0,0.0,0.0,128.0,524.0
934416.0,0.0,0.0,0.049,0.0,0.0,0.0,1.0,0.0,0.0,128.0,525.0
934457.0,0.0,0.0,0.034,0.0,0.0,0.0,1.0,0.0,0.0,128.0,530.0
934497.0,0.0,0.0,0.068,0.0,0.0,0.0,1.0,0.0,0.0,128.0,525.0
934537.0,0.0,0.0,0.002,0.0,0.0,0.0,1.0,0.0,0.0,128.0,531.0
934577.0,0.0,-0.0015,-0.256,0.0,0.0,0.0,1.0,0.0,0.0,128.0,525.0
934617.0,0.0,0.0,0.003,0.0,0.0,0.0,1.0,0.0,0.0,128.0,530.0
934658.0,0.0,0.0,0.0,0.0,0.0,0.0,1.0,0.0,0.0,128.0,525.0
934698.0,0.0,0.0,0.0,0.0,0.0,0.0,1.0,0.0,0.0,128.0,517.0
934739.0,0.0,0.0,0.0,0.0,0.0,0.0,1.0,0.0,0.0,128.0,517.0
934779.0,0.0,0.0,0.037,0.0,0.0,0.0,1.0,0.0,0.0,128.0,525.0
934819.0,0.0,0.0,0.003,0.0,0.0,0.0,1.0,0.0,0.0,128.0,524.0
934859.0,0.0,0.0,0.0,0.0,0.0,0.0,1.0,0.0,0.0,128.0,517.0
934900.0,0.0,0.0,0.11,0.0,0.0,0.0,1.0,0.0,0.0,128.0,518.0
934940.0,0.0,0.0,0.0,0.0,0.0,0.0,1.0,0.0,0.0,128.0,530.0
934980.0,0.0,0.0,0.001,0.0,0.0,0.0,1.0,0.0,0.0,128.0,524.0
935021.0,0.0,0.0,0.013,0.0,0.0,0.0,1.0,0.0,0.0,128.0,518.0
935061.0,0.0,0.0,0.117,0.0,0.0,0.0,1.0,0.0,0.0,128.0,524.0
935101.0,0.0,0.0,0.003,0.0,0.0,0.0,1.0,0.0,0.0,128.0,519.0
935141.0,0.0,-0.0015,-0.261,0.0,0.0,0.0,1.0,0.0,0.0,128.0,519.0
935181.0,0.0,0.0,0.013,0.0,0.0,0.0,1.0,0.0,0.0,128.0,531.0
935222.0,0.0,0.0,0.006,0.0,0.0,0.0,1.0,0.0,0.0,128.0,524.0
935262.0,0.0,0.0,0.021,0.0,0.0,0.0,1.0,0.0,0.0,128.0,531.0
935302.0,0.0,0.0,0.0,0.0,0.0,0.0,1.0,0.0,0.0,128.0,518.0
935342.0,0.0,0.0,0.117,0.0,0.0,0.0,1.0,0.0,0.0,128.0,525.0
935382.0,0.0,0.0,0.084,0.0,0.0,0.0,1.0,0.0,0.0,128.0,519.0
935423.0,0.0,0.0,0.014,0.0,0.0,0.0,1.0,0.0,0.0,128.0,524.0
935463.0,0.0,0.0,0.0,0.0,0.0,0.0,1.0,0.0,0.0,128.0,525.0
935503.0,0.0,0.0,0.033,0.0,0.0,0.0,1.0,0.0,0.0,128.0,524.0
935543.0,0.0,0.0,-0.018,0.0,0.0,0.0,1.0,0.0,0.0,128.0,524.0
935584.0,0.0,0.0,0.0,0.0,0.0,0.0,1.0,0.0,0.0,128.0,524.0
935624.0,0.0,0.0,0.061,0.0,0.0,0.0,1.0,0.0,0.0,128.0,530.0
935664.0,0.0,0.0,0.049,0.0,0.0,0.0,1.0,0.0,0.0,128.0,530.0
935704.0,0.0,0.0,0.0,0.0,0.0,0.0,1.0,0.0,0.0,128.0,518.0
935744.0,0.0,0.0,0.073,0.0,0.0,0.0,1.0,0.0,0.0,128.0,518.0
935784.0,0.0,0.0,0.031,0.0,0.0,0.0,1.0,0.0,0.0,128.0,531.0
935824.0,0.0,0.0,0.001,0.0,0.0,0.0,1.0,0.0,0.0,128.0,531.0
935864.0,0.0,0.0,0.029,0.0,0.0,0.0,1.0,0.0,0.0,128.0,531.0
935904.0,0.0,0.0,0.081,0.0,0.0,0.0,1.0,0.0,0.0,128.0,525.0
935945.0,0.0,0.0,0.101,0.0,0.0,0.0,1.0,0.0,0.0,128.0,524.0
935985.0,0.0,0.0,0.0,0.0,0.0,0.0,1.0,0.0,0.0,128.0,524.0
936025.0,0.0,0.0,0.0,0.0,0.0,0.0,1.0,0.0,0.0,128.0,524.0
936066.0,0.0,0.0,0.0,0.0,0.0,0.0,1.0,0.0,0.0,128.0,523.0
936106.0,0.0,0.0,-0.018,0.0,0.0,0.0,1.0,0.0,0.0,128.0,531.0
936146.0,0.0,0.0,0.085,0.0,0.0,0.0,1.0,0.0,0.0,128.0,513.0
936186.0,0.0,0.0,0.0,0.0,0.0,0.0,1.0,0.0,0.0,128.0,524.0
936227.0,0.0,0.0,0.008,0.0,0.0,0.0,1.0,0.0,0.0,128.0,518.0
936267.0,0.0,0.0,0.005,0.0,0.0,0.0,1.0,0.0,0.0,128.0,524.0
936307.0,0.0,0.0,0.001,0.0,0.0,0.0,1.0,0.0,0.0,128.0,524.0
936348.0,0.0,0.0,0.05,0.0,0.0,0.0,1.0,0.0,0.0,128.0,531.0
936388.0,0.0,0.0,0.069,0.0,0.0,0.0,1.0,0.0,0.0,128.0,518.0
936428.0,0.0,0.0,0.087,0.0,0.0,0.0,1.0,0.0,0.0,128.0,525.0
936469.0,0.0,0.0,0.0,0.0,0.0,0.0,1.0,0.0,0.0,128.0,517.0
936509.0,0.0,-0.0015,-0.18,0.0,0.0,0.0,1.0,0.0,0.0,128.0,519.0
936549.0,0.0,0.0,0.02,0.0,0.0,0.0,1.0,0.0,0.0,128.0,525.0
936589.0,0.0,0.0,0.008,0.0,0.0,0.0,1.0,0.0,0.0,128.0,531.0
936629.0,0.0,0.0,0.084,0.0,0.0,0.0,1.0,0.0,0.0,128.0,524.0
936669.0,0.0,0.0,0.001,0.0,0.0,0.0,1.0,0.0,0.0,128.0,531.0
936710.0,0.0,0.0,0.129,0.0,0.0,0.0,1.0,0.0,0.0,128.0,518.0
936750.0,0.0,0.0,0.085,0.0,0.0,0.0,1.0,0.0,0.0,128.0,524.0
936790.0,0.0,0.0,0.002,0.0,0.0,0.0,1.0,0.0,0.0,128.0,524.0
936831.0,0.0,0.0,0.0,0.0,0.0,0.0,1.0,0.0,0.0,128.0,524.0
936871.0,0.0,0.0,0.021,0.0,0.0,0.0,1.0,0.0,0.0,128.0,530.0
936911.0,0.0,0.0,0.0,0.0,0.0,0.0,1.0,0.0,0.0,128.0,524.0
936951.0,0.0,0.0,0.088,0.0,0.0,0.0,1.0,0.0,0.0,128.0,517.0
936991.0,0.0,0.0,0.021,0.0,0.0,0.0,1.0,0.0,0.0,128.0,525.0
937032.0,0.0,0.0,0.082,0.0,0.0,0.0,1.0,0.0,0.0,128.0,530.0
937072.0,0.0,0.0,0.005,0.0,0.0,0.0,1.0,0.0,0.0,128.0,518.0
937112.0,0.0,0.0,0.0,0.0,0.0,0.0,1.0,0.0,0.0,128.0,524.0
937152.0,0.0,0.0,0.0,0.0,0.0,0.0,1.0,0.0,0.0,128.0,524.0
937193.0,0.0,-0.0015,-0.333,0.0,0.0,0.0,1.0,0.0,0.0,128.0,524.0
937233.0,0.0,0.0,0.0,0.0,0.0,0.0,1.0,0.0,0.0,128.0,523.0
937273.0,0.0,0.0,0.001,0.0,0.0,0.0,1.0,0.0,0.0,128.0,524.0
937313.0,0.0,0.0,0.013,0.0,0.0,0.0,1.0,0.0,0.0,128.0,524.0
937353.0,0.0,-0.0015,-0.341,0.0,0.0,0.0,1.0,0.0,0.0,128.0,525.0
937393.0,0.0,0.0,0.0,0.0,0.0,0.0,1.0,0.0,0.0,128.0,525.0
937433.0,0.0,0.0,0.001,0.0,0.0,0.0,1.0,0.0,0.0,128.0,530.0
937474.0,0.0,0.0,0.123,0.0,0.0,0.0,1.0,0.0,0.0,128.0,518.0
937514.0,0.0,0.0,0.001,0.0,0.0,0.0,1.0,0.0,0.0,128.0,531.0
937554.0,0.0,0.0,0.0,0.0,0.0,0.0,1.0,0.0,0.0,128.0,525.0
937595.0,0.0,0.0,0.032,0.0,0.0,0.0,1.0,0.0,0.0,128.0,524.0
937635.0,0.0,-0.0015,-0.202,0.0,0.0,0.0,1.0,0.0,0.0,128.0,518.0
937675.0,0.0,0.0,0.003,0.0,0.0,0.0,1.0,0.0,0.0,128.0,530.0
937715.0,0.0,0.0,0.124,0.0,0.0,0.0,1.0,0.0,0.0,128.0,524.0
937756.0,0.0,0.0,0.068,0.0,0.0,0.0,1.0,0.0,0.0,128.0,524.0
937796.0,0.0,0.0,0.008,0.0,0.0,0.0,1.0,0.0,0.0,128.0,518.0
937836.0,0.0,0.0,0.0,0.0,0.0,0.0,1.0,0.0,0.0,128.0,524.0
937876.0,0.0,0.0,0.04,0.0,0.0,0.0,1.0,0.0,0.0,128.0,530.0
937916.0,0.0,0.0,0.014,0.0,0.0,0.0,1.0,0.0,0.0,128.0,531.0
937957.0,0.0,0.0,0.0,0.0,0.0,0.0,1.0,0.0,0.0,128.0,511.0
937997.0,0.0,0.0,0.0,0.0,0.0,0.0,1.0,0.0,0.0,128.0,524.0
938037.0,0.0,0.0,0.005,0.0,0.0,0.0,1.0,0.0,0.0,128.0,531.0
938077.0,0.0,0.0,0.0,0.0,0.0,0.0,1.0,0.0,0.0,128.0,525.0
938117.0,0.0,-0.0015,-0.265,0.0,0.0,0.0,1.0,0.0,0.0,128.0,524.0
938157.0,0.0,0.0,-0.007,0.0,0.0,0.0,1.0,0.0,0.0,128.0,532.0
938198.0,0.0,0.0,0.0,0.0,0.0,0.0,1.0,0.0,0.0,128.0,517.0
938238.0,0.0,0.0,0.0,0.0,0.0,0.0,1.0,0.0,0.0,128.0,530.0
938278.0,0.0,-0.0015,-0.266,0.0,0.0,0.0,1.0,0.0,0.0,128.0,525.0
938318.0,0.0,0.0,0.0,0.0,0.0,0.0,1.0,0.0,0.0,128.0,524.0
938358.0,0.0,0.0,0.001,0.0,0.0,0.0,1.0,0.0,0.0,128.0,531.0
938399.0,0.0,0.0,0.068,0.0,0.0,0.0,1.0,0.0,0.0,128.0,531.0
938439.0,0.0,0.0,0.071,0.0,0.0,0.0,1.0,0.0,0.0,128.0,525.0
938479.0,0.0,0.0,0.0,0.0,0.0,0.0,1.0,0.0,0.0,128.0,524.0
938520.0,0.0,-0.0015,-0.34,0.0,0.0,0.0,1.0,0.0,0.0,128.0,524.0
938560.0,0.0,0.0,-0.004,0.0,0.0,0.0,1.0,0.0,0.0,128.0,524.0
938600.0,0.0,0.0,0.076,0.0,0.0,0.0,1.0,0.0,0.0,128.0,525.0
938640.0,0.0,0.0,0.084,0.0,0.0,0.0,1.0,0.0,0.0,128.0,525.0
938681.0,0.0,0.0,0.0,0.0,0.0,0.0,1.0,0.0,0.0,128.0,525.0
938721.0,0.0,0.0,0.0,0.0,0.0,0.0,1.0,0.0,0.0,128.0,524.0
938761.0,0.0,0.0,0.084,0.0,0.0,0.0,1.0,0.0,0.0,128.0,530.0
938802.0,0.0,0.0,0.033,0.0,0.0,0.0,1.0,0.0,0.0,128.0,531.0
938842.0,0.0,0.0,0.032,0.0,0.0,0.0,1.0,0.0,0.0,128.0,518.0
938882.0,0.0,0.0,0.075,0.0,0.0,0.0,1.0,0.0,0.0,128.0,518.0
938923.0,0.0,-0.0015,-0.336,0.0,0.0,0.0,1.0,0.0,0.0,128.0,530.0
938963.0,0.0,0.0,0.0,0.0,0.0,0.0,1.0,0.0,0.0,128.0,524.0
939004.0,0.0,0.0,0.084,0.0,0.0,0.0,1.0,0.0,0.0,128.0,519.0
939044.0,0.0,-0.0015,-0.292,0.0,0.0,0.0,1.0,0.0,0.0,128.0,524.0
939084.0,0.0,0.0,0.013,0.0,0.0,0.0,1.0,0.0,0.0,128.0,531.0
939124.0,0.0,0.0,0.085,0.0,0.0,0.0,1.0,0.0,0.0,128.0,525.0
939165.0,0.0,0.0,0.07,0.0,0.0,0.0,1.0,0.0,0.0,128.0,518.0
939205.0,0.0,0.0,0.032,0.0,0.0,0.0,1.0,0.0,0.0,128.0,525.0
939245.0,0.0,-0.0015,-0.265,0.0,0.0,0.0,1.0,0.0,0.0,128.0,518.0
939285.0,0.0,0.0,-0.02,0.0,0.0,0.0,1.0,0.0,0.0,128.0,530.0
939326.0,0.0,0.0,0.0,0.0,0.0,0.0,1.0,0.0,0.0,128.0,523.0
939366.0,0.0,0.0,0.087,0.0,0.0,0.0,1.0,0.0,0.0,128.0,525.0
939406.0,0.0,0.0,0.008,0.0,0.0,0.0,1.0,0.0,0.0,128.0,531.0
939447.0,0.0,0.0,0.0,0.0,0.0,0.0,1.0,0.0,0.0,128.0,525.0
939487.0,0.0,0.0,0.0,0.0,0.0,0.0,1.0,0.0,0.0,128.0,517.0
939527.0,0.0,0.0,0.053,0.0,0.0,0.0,1.0,0.0,0.0,128.0,531.0
939567.0,0.0,0.0,0.003,0.0,0.0,0.0,1.0,0.0,0.0,128.0,525.0
939608.0,0.0,0.0,0.001,0.0,0.0,0.0,1.0,0.0,0.0,128.0,518.0
939648.0,0.0,0.0,0.003,0.0,0.0,0.0,1.0,0.0,0.0,128.0,519.0
939688.0,0.0,0.0,0.068,0.0,0.0,0.0,1.0,0.0,0.0,128.0,519.0
939728.0,0.0,0.0,0.0,0.0,0.0,0.0,1.0,0.0,0.0,128.0,518.0
939769.0,0.0,0.0,0.023,0.0,0.0,0.0,1.0,0.0,0.0,128.0,518.0
939809.0,0.0,-0.0015,-0.292,0.0,0.0,0.0,1.0,0.0,0.0,128.0,530.0
939849.0,0.0,0.0,0.0,0.0,0.0,0.0,1.0,0.0,0.0,128.0,524.0
939889.0,0.0,-0.0015,-0.317,0.0,0.0,0.0,1.0,0.0,0.0,128.0,525.0
939930.0,0.0,0.0,0.001,0.0,0.0,0.0,1.0,0.0,0.0,128.0,524.0
939970.0,0.0,0.0,0.153,0.0,0.0,0.0,1.0,0.0,0.0,128.0,525.0
940010.0,0.0,0.0,0.055,0.0,0.0,0.0,1.0,0.0,0.0,128.0,531.0
940050.0,0.0,0.0,0.0,0.0,0.0,0.0,1.0,0.0,0.0,128.0,525.0
940091.0,0.0,0.0,0.0,0.0,0.0,0.0,1.0,0.0,0.0,128.0,524.0
940131.0,0.0,0.0,0.056,0.0,0.0,0.0,1.0,0.0,0.0,128.0,531.0
940171.0,0.0,0.0,0.0,0.0,0.0,0.0,1.0,0.0,0.0,128.0,531.0
940211.0,0.0,0.0,0.0,0.0,0.0,0.0,1.0,0.0,0.0,128.0,523.0
940251.0,0.0,0.0,0.022,0.0,0.0,0.0,1.0,0.0,0.0,128.0,518.0
940291.0,0.0,0.0,0.001,0.0,0.0,0.0,1.0,0.0,0.0,128.0,525.0
940332.0,0.0,-0.0015,-0.278,0.0,0.0,0.0,1.0,0.0,0.0,128.0,531.0
940372.0,0.0,0.0,0.05,0.0,0.0,0.0,1.0,0.0,0.0,128.0,518.0
940412.0,0.0,0.0,0.0,0.0,0.0,0.0,1.0,0.0,0.0,128.0,518.0
940452.0,0.0,0.0,0.068,0.0,0.0,0.0,1.0,0.0,0.0,128.0,519.0
940492.0,0.0,0.0,0.075,0.0,0.0,0.0,1.0,0.0,0.0,128.0,524.0
940533.0,0.0,0.0,0.008,0.0,0.0,0.0,1.0,0.0,0.0,128.0,530.0
940573.0,0.0,0.0,-0.017,0.0,0.0,0.0,1.0,0.0,0.0,128.0,531.0
940613.0,0.0,0.0,0.107,0.0,0.0,0.0,1.0,0.0,0.0,128.0,518.0
940653.0,0.0,-0.0015,-0.256,0.0,0.0,0.0,1.0,0.0,0.0,128.0,525.0
940693.0,0.0,0.0,0.068,0.0,0.0,0.0,1.0,0.0,0.0,128.0,524.0
940733.0,0.0,0.0,0.058,0.0,0.0,0.0,1.0,0.0,0.0,128.0,524.0
940773.0,0.0,0.0,0.001,0.0,0.0,0.0,1.0,0.0,0.0,128.0,531.0
940814.0,0.0,0.0,0.037,0.0,0.0,0.0,1.0,0.0,0.0,128.0,524.0
940854.0,0.0,0.0,0.084,0.0,0.0,0.0,1.0,0.0,0.0,128.0,531.0
940894.0,0.0,-0.0015,-0.32,0.0,0.0,0.0,1.0,0.0,0.0,128.0,525.0
940935.0,0.0,0.0,0.0,0.0,0.0,0.0,1.0,0.0,0.0,128.0,518.0
940975.0,0.0,0.0,0.0,0.0,0.0,0.0,1.0,0.0,0.0,128.0,517.0
941015.0,0.0,0.0,0.068,0.0,0.0,0.0,1.0,0.0,0.0,128.0,524.0
941055.0,0.0,0.0,0.049,0.0,0.0,0.0,1.0,0.0,0.0,128.0,518.0
941095.0,0.0,0.0,0.0,0.0,0.0,0.0,1.0,0.0,0.0,128.0,524.0
941135.0,0.0,0.0,0.084,0.0,0.0,0.0,1.0,0.0,0.0,128.0,524.0
941175.0,0.0,0.0,0.013,0.0,0.0,0.0,1.0,0.0,0.0,128.0,530.0
941215.0,0.0,0.0,0.18,0.0,0.0,0.0,1.0,0.0,0.0,128.0,524.0
941256.0,0.0,0.0,-0.02,0.0,0.0,0.0,1.0,0.0,0.0,128.0,530.0
941296.0,0.0,0.0,0.085,0.0,0.0,0.0,1.0,0.0,0.0,128.0,530.0
941336.0,0.0,0.0,0.137,0.0,0.0,0.0,1.0,0.0,0.0,128.0,524.0
941376.0,0.0,-0.0015,-0.34,0.0,0.0,0.0,1.0,0.0,0.0,128.0,531.0
941417.0,0.0,0.0,0.075,0.0,0.0,0.0,1.0,0.0,0.0,128.0,525.0
941457.0,0.0,-0.0015,-0.252,0.0,0.0,0.0,1.0,0.0,0.0,128.0,524.0
941497.0,0.0,0.0,0.068,0.0,0.0,0.0,1.0,0.0,0.0,128.0,524.0
941537.0,0.0,0.0,0.077,0.0,0.0,0.0,1.0,0.0,0.0,128.0,524.0
941578.0,0.0,0.0,0.0,0.0,0.0,0.0,1.0,0.0,0.0,128.0,523.0
941618.0,0.0,0.0,0.001,0.0,0.0,0.0,1.0,0.0,0.0,128.0,530.0
941658.0,0.0,0.0,0.0,0.0,0.0,0.0,1.0,0.0,0.0,128.0,530.0
941699.0,0.0,0.0,-0.02,0.0,0.0,0.0,1.0,0.0,0.0,128.0,524.0
941739.0,0.0,0.0,0.049,0.0,0.0,0.0,1.0,0.0,0.0,128.0,530.0
941779.0,0.0,0.0,0.075,0.0,0.0,0.0,1.0,0.0,0.0,128.0,518.0
941819.0,0.0,0.0,0.015,0.0,0.0,0.0,1.0,0.0,0.0,128.0,524.0
941859.0,0.0,0.0,0.013,0.0,0.0,0.0,1.0,0.0,0.0,128.0,525.0
941900.0,0.0,0.0,0.003,0.0,0.0,0.0,1.0,0.0,0.0,128.0,525.0
941940.0,0.0,0.0,0.0,0.0,0.0,0.0,1.0,0.0,0.0,128.0,524.0
941980.0,0.0,0.0,0.033,0.0,0.0,0.0,1.0,0.0,0.0,128.0,524.0
942020.0,0.0,0.0,0.0,0.0,0.0,0.0,1.0,0.0,0.0,128.0,531.0
942061.0,0.0,0.0,0.001,0.0,0.0,0.0,1.0,0.0,0.0,128.0,524.0
942101.0,0.0,0.0,0.001,0.0,0.0,0.0,1.0,0.0,0.0,128.0,530.0
942141.0,0.0,0.0,0.0,0.0,0.0,0.0,1.0,0.0,0.0,128.0,524.0
942182.0,0.0,0.0,0.008,0.0,0.0,0.0,1.0,0.0,0.0,128.0,525.0
942222.0,0.0,-0.0015,-0.341,0.0,0.0,0.0,1.0,0.0,0.0,128.0,513.0
942262.0,0.0,0.0,0.0,0.0,0.0,0.0,1.0,0.0,0.0,128.0,523.0
942302.0,0.0,0.0,0.0,0.0,0.0,0.0,1.0,0.0,0.0,128.0,519.0
942343.0,0.0,0.0,0.085,0.0,0.0,0.0,1.0,0.0,0.0,128.0,524.0
942383.0,0.0,0.0,0.061,0.0,0.0,0.0,1.0,0.0,0.0,128.0,518.0
942423.0,0.0,0.0,0.001,0.0,0.0,0.0,1.0,0.0,0.0,128.0,531.0
942464.0,0.0,0.0,0.003,0.0,0.0,0.0,1.0,0.0,0.0,128.0,524.0
942504.0,0.0,0.0,0.033,0.0,0.0,0.0,1.0,0.0,0.0,128.0,524.0
942544.0,0.0,0.0,0.0,0.0,0.0,0.0,1.0,0.0,0.0,128.0,524.0
942584.0,0.0,0.0,0.003,0.0,0.0,0.0,1.0,0.0,0.0,128.0,525.0
942624.0,0.0,0.0,0.075,0.0,0.0,0.0,1.0,0.0,0.0,128.0,518.0
942665.0,0.0,-0.0015,-0.251,0.0,0.0,0.0,1.0,0.0,0.0,128.0,524.0
942705.0,0.0,0.0,0.069,0.0,0.0,0.0,1.0,0.0,0.0,128.0,524.0
942745.0,0.0,0.0,0.001,0.0,0.0,0.0,1.0,0.0,0.0,128.0,530.0
942786.0,0.0,0.0,0.069,0.0,0.0,0.0,1.0,0.0,0.0,128.0,530.0
942826.0,0.0,0.0,0.0,0.0,0.0,0.0,1.0,0.0,0.0,128.0,524.0
942867.0,0.0,0.0,0.068,0.0,0.0,0.0,1.0,0.0,0.0,128.0,519.0
942907.0,0.0,0.0,0.136,0.0,0.0,0.0,1.0,0.0,0.0,128.0,519.0
942947.0,0.0,0.0,0.14,0.0,0.0,0.0,1.0,0.0,0.0,128.0,524.0
942987.0,0.0,0.0,0.11,0.0,0.0,0.0,1.0,0.0,0.0,128.0,531.0
943028.0,0.0,0.0,0.082,0.0,0.0,0.0,1.0,0.0,0.0,128.0,530.0
943068.0,0.0,0.0,0.089,0.0,0.0,0.0,1.0,0.0,0.0,128.0,525.0
943108.0,0.0,0.0,0.0,0.0,0.0,0.0,1.0,0.0,0.0,128.0,524.0
943149.0,0.0,0.0,0.0,0.0,0.0,0.0,1.0,0.0,0.0,128.0,517.0
943189.0,0.0,0.0,0.0,0.0,0.0,0.0,1.0,0.0,0.0,128.0,531.0
943229.0,0.0,0.0,0.076,0.0,0.0,0.0,1.0,0.0,0.0,128.0,531.0
943270.0,0.0,0.0,0.084,0.0,0.0,0.0,1.0,0.0,0.0,128.0,524.0
943310.0,0.0,0.0,0.0,0.0,0.0,0.0,1.0,0.0,0.0,128.0,530.0
943350.0,0.0,0.0,0.0,0.0,0.0,0.0,1.0,0.0,0.0,128.0,519.0
943390.0,0.0,0.0,0.057,0.0,0.0,0.0,1.0,0.0,0.0,128.0,524.0
943431.0,0.0,0.0,0.021,0.0,0.0,0.0,1.0,0.0,0.0,128.0,518.0
943471.0,0.0,0.0,0.123,0.0,0.0,0.0,1.0,0.0,0.0,128.0,518.0
943511.0,0.0,0.0,0.085,0.0,0.0,0.0,1.0,0.0,0.0,128.0,530.0
943551.0,0.0,0.0,0.049,0.0,0.0,0.0,1.0,0.0,0.0,128.0,525.0
943591.0,0.0,0.0,0.002,0.0,0.0,0.0,1.0,0.0,0.0,128.0,524.0
943632.0,0.0,0.0,0.0,0.0,0.0,0.0,1.0,0.0,0.0,128.0,518.0
943672.0,0.0,0.0,0.082,0.0,0.0,0.0,1.0,0.0,0.0,128.0,518.0
943712.0,0.0,0.0,0.0,0.0,0.0,0.0,1.0,0.0,0.0,128.0,530.0
943753.0,0.0,0.0,0.063,0.0,0.0,0.0,1.0,0.0,0.0,128.0,518.0
943793.0,0.0,0.0,0.035,0.0,0.0,0.0,1.0,0.0,0.0,128.0,525.0
943833.0,0.0,-0.0015,-0.34,0.0,0.0,0.0,1.0,0.0,0.0,128.0,525.0
943873.0,0.0,0.0,-0.02,0.0,0.0,0.0,1.0,0.0,0.0,128.0,531.0
943914.0,0.0,0.0,0.117,0.0,0.0,0.0,1.0,0.0,0.0,128.0,524.0
943954.0,0.0,-0.0015,-0.328,0.0,0.0,0.0,1.0,0.0,0.0,128.0,531.0
943994.0,0.0,0.0,0.001,0.0,0.0,0.0,1.0,0.0,0.0,128.0,531.0
944034.0,0.0,0.0,0.076,0.0,0.0,0.0,1.0,0.0,0.0,128.0,518.0
944075.0,0.0,0.0,0.077,0.0,0.0,0.0,1.0,0.0,0.0,128.0,524.0
944115.0,0.0,0.0,0.119,0.0,0.0,0.0,1.0,0.0,0.0,128.0,518.0
944155.0,0.0,0.0,0.084,0.0,0.0,0.0,1.0,0.0,0.0,128.0,524.0
944195.0,0.0,0.0,0.072,0.0,0.0,0.0,1.0,0.0,0.0,128.0,524.0
944236.0,0.0,0.0,0.0,0.0,0.0,0.0,1.0,0.0,0.0,128.0,524.0
944276.0,0.0,-0.0015,-0.34,0.0,0.0,0.0,1.0,0.0,0.0,128.0,525.0
944316.0,0.0,0.0,0.003,0.0,0.0,0.0,1.0,0.0,0.0,128.0,524.0
944356.0,0.0,0.0,-0.015,0.0,0.0,0.0,1.0,0.0,0.0,128.0,524.0
944397.0,0.0,0.0,0.003,0.0,0.0,0.0,1.0,0.0,0.0,128.0,530.0
944437.0,0.0,0.0,0.0,0.0,0.0,0.0,1.0,0.0,0.0,128.0,518.0
944477.0,0.0,0.0,0.001,0.0,0.0,0.0,1.0,0.0,0.0,128.0,519.0
944517.0,0.0,0.0,0.021,0.0,0.0,0.0,1.0,0.0,0.0,128.0,524.0
944557.0,0.0,0.0,0.069,0.0,0.0,0.0,1.0,0.0,0.0,128.0,531.0
944598.0,0.0,0.0,0.071,0.0,0.0,0.0,1.0,0.0,0.0,128.0,524.0
944638.0,0.0,0.0,0.097,0.0,0.0,0.0,1.0,0.0,0.0,128.0,525.0
944678.0,0.0,0.0,-0.01,0.0,0.0,0.0,1.0,0.0,0.0,128.0,532.0
944718.0,0.0,0.0,0.001,0.0,0.0,0.0,1.0,0.0,0.0,128.0,531.0
944758.0,0.0,0.0,0.0,0.0,0.0,0.0,1.0,0.0,0.0,128.0,531.0
944798.0,0.0,0.0,0.075,0.0,0.0,0.0,1.0,0.0,0.0,128.0,524.0
944839.0,0.0,0.0,0.0,0.0,0.0,0.0,1.0,0.0,0.0,128.0,523.0
944879.0,0.0,0.0,0.068,0.0,0.0,0.0,1.0,0.0,0.0,128.0,531.0
944919.0,0.0,0.0,0.133,0.0,0.0,0.0,1.0,0.0,0.0,128.0,518.0
944959.0,0.0,0.0,0.118,0.0,0.0,0.0,1.0,0.0,0.0,128.0,519.0
945000.0,0.0,0.0,0.0,0.0,0.0,0.0,1.0,0.0,0.0,128.0,531.0
945040.0,0.0,0.0,0.193,0.0,0.0,0.0,1.0,0.0,0.0,128.0,518.0
945080.0,0.0,0.0,0.001,0.0,0.0,0.0,1.0,0.0,0.0,128.0,524.0
945121.0,0.0,0.0,0.094,0.0,0.0,0.0,1.0,0.0,0.0,128.0,513.0
945161.0,0.0,0.0,0.095,0.0,0.0,0.0,1.0,0.0,0.0,128.0,531.0
945201.0,0.0,0.0,0.013,0.0,0.0,0.0,1.0,0.0,0.0,128.0,519.0
945241.0,0.0,0.0,0.051,0.0,0.0,0.0,1.0,0.0,0.0,128.0,531.0
945282.0,0.0,0.0,0.005,0.0,0.0,0.0,1.0,0.0,0.0,128.0,518.0
945322.0,0.0,0.0,0.12,0.0,0.0,0.0,1.0,0.0,0.0,128.0,531.0
945362.0,0.0,0.0,0.002,0.0,0.0,0.0,1.0,0.0,0.0,128.0,524.0
945402.0,0.0,0.0,0.0,0.0,0.0,0.0,1.0,0.0,0.0,128.0,530.0
945443.0,0.0,0.0,0.0,0.0,0.0,0.0,1.0,0.0,0.0,128.0,517.0
945483.0,0.0,0.0,0.001,0.0,0.0,0.0,1.0,0.0,0.0,128.0,524.0
945523.0,0.0,-0.0015,-0.167,0.0,0.0,0.0,1.0,0.0,0.0,128.0,519.0
945563.0,0.0,0.0,0.055,0.0,0.0,0.0,1.0,0.0,0.0,128.0,524.0
945603.0,0.0,0.0,0.0,0.0,0.0,0.0,1.0,0.0,0.0,128.0,524.0
945643.0,0.0,0.0,0.105,0.0,0.0,0.0,1.0,0.0,0.0,128.0,525.0
945684.0,0.0,0.0,-0.018,0.0,0.0,0.0,1.0,0.0,0.0,128.0,530.0
945724.0,0.0,0.0,0.033,0.0,0.0,0.0,1.0,0.0,0.0,128.0,524.0
945764.0,0.0,0.0,0.085,0.0,0.0,0.0,1.0,0.0,0.0,128.0,525.0
945804.0,0.0,0.0,-0.017,0.0,0.0,0.0,1.0,0.0,0.0,128.0,530.0
945844.0,0.0,0.0,0.0,0.0,0.0,0.0,1.0,0.0,0.0,128.0,525.0
945885.0,0.0,-0.0015,-0.341,0.0,0.0,0.0,1.0,0.0,0.0,128.0,525.0
945925.0,0.0,0.0,0.146,0.0,0.0,0.0,1.0,0.0,0.0,128.0,519.0
945965.0,0.0,0.0,0.107,0.0,0.0,0.0,1.0,0.0,0.0,128.0,524.0
946005.0,0.0,0.0,0.003,0.0,0.0,0.0,1.0,0.0,0.0,128.0,531.0
946046.0,0.0,0.0,0.087,0.0,0.0,0.0,1.0,0.0,0.0,128.0,518.0
946086.0,0.0,0.0,0.032,0.0,0.0,0.0,1.0,0.0,0.0,128.0,518.0
946126.0,0.0,-0.0015,-0.315,0.0,0.0,0.0,1.0,0.0,0.0,128.0,531.0
946167.0,0.0,0.0,0.04,0.0,0.0,0.0,1.0,0.0,0.0,128.0,524.0
946207.0,0.0,0.0,0.001,0.0,0.0,0.0,1.0,0.0,0.0,128.0,525.0
946247.0,0.0,0.0,0.003,0.0,0.0,0.0,1.0,0.0,0.0,128.0,525.0
946287.0,0.0,0.0,0.04,0.0,0.0,0.0,1.0,0.0,0.0,128.0,525.0
946327.0,0.0,0.0,0.005,0.0,0.0,0.0,1.0,0.0,0.0,128.0,531.0
946368.0,0.0,0.0,0.008,0.0,0.0,0.0,1.0,0.0,0.0,128.0,524.0
946408.0,0.0,0.0,0.014,0.0,0.0,0.0,1.0,0.0,0.0,128.0,531.0
946448.0,0.0,0.0,0.0,0.0,0.0,0.0,1.0,0.0,0.0,128.0,524.0
946488.0,0.0,0.0,0.098,0.0,0.0,0.0,1.0,0.0,0.0,128.0,518.0
946529.0,0.0,0.0,0.0,0.0,0.0,0.0,1.0,0.0,0.0,128.0,524.0
946569.0,0.0,0.0,0.072,0.0,0.0,0.0,1.0,0.0,0.0,128.0,519.0
946609.0,0.0,0.0,0.071,0.0,0.0,0.0,1.0,0.0,0.0,128.0,531.0
946650.0,0.0,0.0,0.001,0.0,0.0,0.0,1.0,0.0,0.0,128.0,525.0
946690.0,0.0,0.0,0.0,0.0,0.0,0.0,1.0,0.0,0.0,128.0,524.0
946730.0,0.0,0.0,0.053,0.0,0.0,0.0,1.0,0.0,0.0,128.0,530.0
946771.0,0.0,0.0,0.0,0.0,0.0,0.0,1.0,0.0,0.0,128.0,531.0
946811.0,0.0,0.0,0.0,0.0,0.0,0.0,1.0,0.0,0.0,128.0,524.0
946852.0,0.0,0.0,0.075,0.0,0.0,0.0,1.0,0.0,0.0,128.0,530.0
946892.0,0.0,0.0,0.021,0.0,0.0,0.0,1.0,0.0,0.0,128.0,525.0
946932.0,0.0,-0.0015,-0.34,0.0,0.0,0.0,1.0,0.0,0.0,128.0,519.0
946973.0,0.0,0.0,0.097,0.0,0.0,0.0,1.0,0.0,0.0,128.0,518.0
947013.0,0.0,0.0,0.005,0.0,0.0,0.0,1.0,0.0,0.0,128.0,524.0
947053.0,0.0,0.0,0.016,0.0,0.0,0.0,1.0,0.0,0.0,128.0,524.0
947093.0,0.0,0.0,0.049,0.0,0.0,0.0,1.0,0.0,0.0,128.0,530.0
947134.0,0.0,0.0,0.001,0.0,0.0,0.0,1.0,0.0,0.0,128.0,524.0
947174.0,0.0,0.0,0.0,0.0,0.0,0.0,1.0,0.0,0.0,128.0,518.0
947214.0,0.0,0.0,0.095,0.0,0.0,0.0,1.0,0.0,0.0,128.0,524.0
947255.0,0.0,0.0,0.0,0.0,0.0,0.0,1.0,0.0,0.0,128.0,518.0
947295.0,0.0,0.0,-0.018,0.0,0.0,0.0,1.0,0.0,0.0,128.0,531.0
947335.0,0.0,0.0,0.075,0.0,0.0,0.0,1.0,0.0,0.0,128.0,525.0
947376.0,0.0,0.0,0.0,0.0,0.0,0.0,1.0,0.0,0.0,128.0,524.0
947416.0,0.0,0.0,-0.02,0.0,0.0,0.0,1.0,0.0,0.0,128.0,524.0
947456.0,0.0,0.0,0.057,0.0,0.0,0.0,1.0,0.0,0.0,128.0,525.0
947496.0,0.0,0.0,0.032,0.0,0.0,0.0,1.0,0.0,0.0,128.0,524.0
947537.0,0.0,0.0,0.056,0.0,0.0,0.0,1.0,0.0,0.0,128.0,524.0
947577.0,0.0,0.0,0.107,0.0,0.0,0.0,1.0,0.0,0.0,128.0,519.0
947617.0,0.0,0.0,0.0,0.0,0.0,0.0,1.0,0.0,0.0,128.0,518.0
947657.0,0.0,0.0,0.001,0.0,0.0,0.0,1.0,0.0,0.0,128.0,519.0
947697.0,0.0,0.0,0.0,0.0,0.0,0.0,1.0,0.0,0.0,128.0,516.0
947737.0,0.0,0.0,0.033,0.0,0.0,0.0,1.0,0.0,0.0,128.0,524.0
947778.0,0.0,0.0,0.0,0.0,0.0,0.0,1.0,0.0,0.0,128.0,524.0
947818.0,0.0,0.0,0.0,0.0,0.0,0.0,1.0,0.0,0.0,128.0,523.0
947858.0,0.0,0.0,0.068,0.0,0.0,0.0,1.0,0.0,0.0,128.0,530.0
947899.0,0.0,0.0,0.0,0.0,0.0,0.0,1.0,0.0,0.0,128.0,517.0
947939.0,0.0,0.0,0.059,0.0,0.0,0.0,1.0,0.0,0.0,128.0,531.0
947979.0,0.0,0.0,0.0,0.0,0.0,0.0,1.0,0.0,0.0,128.0,530.0
948019.0,0.0,0.0,0.0,0.0,0.0,0.0,1.0,0.0,0.0,128.0,519.0
948059.0,0.0,-0.0015,-0.341,0.0,0.0,0.0,1.0,0.0,0.0,128.0,524.0
948099.0,0.0,0.0,0.053,0.0,0.0,0.0,1.0,0.0,0.0,128.0,530.0
948139.0,0.0,-0.0015,-0.352,0.0,0.0,0.0,1.0,0.0,0.0,128.0,530.0
948180.0,0.0,0.0,0.032,0.0,0.0,0.0,1.0,0.0,0.0,128.0,530.0
948220.0,0.0,0.0,0.076,0.0,0.0,0.0,1.0,0.0,0.0,128.0,519.0
948260.0,0.0,0.0,0.069,0.0,0.0,0.0,1.0,0.0,0.0,128.0,530.0
948301.0,0.0,0.0,0.005,0.0,0.0,0.0,1.0,0.0,0.0,128.0,524.0
948341.0,0.0,0.0,0.013,0.0,0.0,0.0,1.0,0.0,0.0,128.0,530.0
948381.0,0.0,0.0,0.011,0.0,0.0,0.0,1.0,0.0,0.0,128.0,524.0
948421.0,0.0,0.0,0.013,0.0,0.0,0.0,1.0,0.0,0.0,128.0,530.0
948462.0,0.0,0.0,0.0,0.0,0.0,0.0,1.0,0.0,0.0,128.0,524.0
948502.0,0.0,0.0,0.008,0.0,0.0,0.0,1.0,0.0,0.0,128.0,518.0
948542.0,0.0,0.0,0.0,0.0,0.0,0.0,1.0,0.0,0.0,128.0,524.0
948582.0,0.0,0.0,0.0,0.0,0.0,0.0,1.0,0.0,0.0,128.0,511.0
948622.0,0.0,0.0,0.013,0.0,0.0,0.0,1.0,0.0,0.0,128.0,525.0
948663.0,0.0,0.0,0.081,0.0,0.0,0.0,1.0,0.0,0.0,128.0,525.0
948703.0,0.0,0.0,0.003,0.0,0.0,0.0,1.0,0.0,0.0,128.0,525.0
948743.0,0.0,0.0,0.014,0.0,0.0,0.0,1.0,0.0,0.0,128.0,518.0
948783.0,0.0,0.0,0.005,0.0,0.0,0.0,1.0,0.0,0.0,128.0,524.0
948824.0,0.0,0.0,0.068,0.0,0.0,0.0,1.0,0.0,0.0,128.0,519.0
948864.0,0.0,0.0,0.107,0.0,0.0,0.0,1.0,0.0,0.0,128.0,525.0
948904.0,0.0,0.0,0.0,0.0,0.0,0.0,1.0,0.0,0.0,128.0,519.0
948944.0,0.0,0.0,0.0,0.0,0.0,0.0,1.0,0.0,0.0,128.0,531.0
948984.0,0.0,0.0,0.049,0.0,0.0,0.0,1.0,0.0,0.0,128.0,525.0
949025.0,0.0,0.0,-0.02,0.0,0.0,0.0,1.0,0.0,0.0,128.0,525.0
949065.0,0.0,0.0,0.004,0.0,0.0,0.0,1.0,0.0,0.0,128.0,525.0
949105.0,0.0,0.0,0.107,0.0,0.0,0.0,1.0,0.0,0.0,128.0,525.0
949145.0,0.0,0.0,0.005,0.0,0.0,0.0,1.0,0.0,0.0,128.0,531.0
949186.0,0.0,0.0,0.001,0.0,0.0,0.0,1.0,0.0,0.0,128.0,525.0
949226.0,0.0,0.0,0.117,0.0,0.0,0.0,1.0,0.0,0.0,128.0,525.0
949266.0,0.0,0.0,-0.019,0.0,0.0,0.0,1.0,0.0,0.0,128.0,530.0
949306.0,0.0,0.0,0.031,0.0,0.0,0.0,1.0,0.0,0.0,128.0,530.0
949347.0,0.0,-0.0015,-0.341,0.0,0.0,0.0,1.0,0.0,0.0,128.0,518.0
949387.0,0.0,0.0,0.014,0.0,0.0,0.0,1.0,0.0,0.0,128.0,531.0
949427.0,0.0,0.0,0.032,0.0,0.0,0.0,1.0,0.0,0.0,128.0,530.0
949468.0,0.0,0.0,0.0,0.0,0.0,0.0,1.0,0.0,0.0,128.0,524.0
949508.0,0.0,0.0,0.079,0.0,0.0,0.0,1.0,0.0,0.0,128.0,525.0
949549.0,0.0,-0.0015,-0.341,0.0,0.0,0.0,1.0,0.0,0.0,128.0,525.0
949589.0,0.0,0.0,0.0,0.0,0.0,0.0,1.0,0.0,0.0,128.0,517.0
949629.0,0.0,0.0,0.209,0.0,0.0,0.0,1.0,0.0,0.0,128.0,518.0
949670.0,0.0,0.0,0.022,0.0,0.0,0.0,1.0,0.0,0.0,128.0,518.0
949710.0,0.0,0.0,0.013,0.0,0.0,0.0,1.0,0.0,0.0,128.0,530.0
949750.0,0.0,0.0,0.01,0.0,0.0,0.0,1.0,0.0,0.0,128.0,530.0
949790.0,0.0,0.0,0.008,0.0,0.0,0.0,1.0,0.0,0.0,128.0,524.0
949830.0,0.0,0.0,0.003,0.0,0.0,0.0,1.0,0.0,0.0,128.0,525.0
949871.0,0.0,0.0,0.0,0.0,0.0,0.0,1.0,0.0,0.0,128.0,530.0
949911.0,0.0,-0.0015,-0.315,0.0,0.0,0.0,1.0,0.0,0.0,128.0,524.0
949951.0,0.0,0.0,0.0,0.0,0.0,0.0,1.0,0.0,0.0,128.0,525.0
949992.0,0.0,0.0,0.0,0.0,0.0,0.0,1.0,0.0,0.0,128.0,517.0
950032.0,0.0,-0.0015,-0.341,0.0,0.0,0.0,1.0,0.0,0.0,128.0,518.0
950072.0,0.0,-0.0015,-0.341,0.0,0.0,0.0,1.0,0.0,0.0,128.0,524.0
950113.0,0.0,0.0,0.006,0.0,0.0,0.0,1.0,0.0,0.0,128.0,518.0
950153.0,0.0,-0.0015,-0.36,0.0,0.0,0.0,1.0,0.0,0.0,128.0,531.0
950193.0,0.0,0.0,0.0,0.0,0.0,0.0,1.0,0.0,0.0,128.0,531.0
950233.0,0.0,0.0,0.0,0.0,0.0,0.0,1.0,0.0,0.0,128.0,517.0
950274.0,3.0,0.1181,8.253,0.00015,0.0182,1.267,1.4235,0.0,0.0,128.0,699.0
950315.0,3.0,0.2224,-3.904,0.00398,0.2132,5.867,1.0717,0.0,0.0,128.0,697.0
950355.0,3.0,-0.0966,-7.117,0.01493,0.2962,-1.733,1.3154,0.0,0.0,128.0,733.0
950395.0,3.0,-0.1197,1.783,0.02336,0.1109,-3.733,1.0129,0.0,0.0,128.0,738.0
950436.0,3.0,-0.2439,-10.032,0.02531,-0.0499,-7.133,1.6064,0.0,0.0,128.0,712.0
950476.0,3.0,-0.2592,1.711,0.01598,-0.4673,-10.333,0.9851,0.0,0.0,128.0,727.0
950516.0,3.0,-0.1718,4.435,-0.00881,-0.7626,-3.788,1.1096,0.0,0.0,128.0,741.0
950557.0,3.0,-0.0537,1.679,-0.04058,-0.7997,0.0,1.0164,0.0,0.0,128.0,716.0
950597.0,3.0,0.043,0.77,-0.07178,-0.7849,0.2,1.0028,0.0,0.0,128.0,767.0
950638.0,5.0,0.1074,-1.814,-0.10305,-0.7245,5.2,1.0002,0.0,0.0,128.0,701.0
950678.0,5.0,0.1948,-1.14,-0.12544,-0.3553,11.916,1.0002,0.0,0.0,128.0,673.0
950719.0,5.0,0.0245,-7.711,-0.13238,-0.0424,4.12,1.0002,0.0,0.0,128.0,666.0
950759.0,6.0,-0.1963,-3.377,-0.13256,0.0219,1.5,1.0002,0.0,0.0,128.0,740.0
950800.0,6.0,-0.2792,-2.818,-0.13058,0.0819,1.5,1.0002,0.0,0.0,128.0,713.0
950840.0,2.0,-0.5093,-11.893,-0.12503,0.2491,5.983,1.4574,0.0,0.0,128.0,810.0
950880.0,2.0,-0.6289,-2.65,-0.10905,0.5635,7.583,0.8496,0.0,0.0,128.0,822.0
950921.0,2.0,-1.198,-17.586,-0.08254,0.7424,0.783,2.3008,0.0,0.0,128.0,846.0
950962.0,2.0,-1.7349,-31.902,-0.05186,0.7499,0.0,6.2509,0.0,0.0,128.0,791.0
951002.0,2.0,-2.8271,-12.726,-0.02242,0.7427,-1.6,0.0689,0.0,0.0,128.0,850.0
951043.0,2.0,2.6062,-10.143,0.00742,0.7441,-1.4,-0.2042,0.0,0.0,128.0,853.0
951085.0,2.0,1.9773,-14.597,0.03604,0.6627,-2.013,0.9659,0.0,0.0,128.0,883.0
951127.0,2.0,1.5094,-10.686,0.06049,0.4961,-3.823,0.7936,0.0,0.0,128.0,886.0
951170.0,2.0,1.1229,-8.084,0.07834,0.3219,-5.133,0.8539,0.0,0.0,128.0,845.0
951211.0,2.0,0.8897,-6.085,0.08734,0.1263,-5.404,0.8676,0.0,0.0,128.0,858.0
951251.0,2.0,0.4817,-4.64,0.08633,-0.1992,-6.572,1.0239,0.0,0.0,128.0,808.0
951292.0,2.0,0.6703,5.458,0.07391,-0.4187,-5.621,0.9651,0.0,0.0,128.0,821.0
951333.0,2.0,0.9311,8.374,0.05299,-0.6476,-4.558,1.0328,0.0,0.0,128.0,875.0
951373.0,2.0,1.2809,10.501,0.02441,-0.7496,-0.2,0.9721,0.0,0.0,128.0,807.0
951417.0,2.0,1.7794,13.15,-0.00791,-0.7386,0.999,0.8723,0.0,0.0,128.0,821.0
951461.0,2.0,2.3102,21.901,-0.0369,-0.5614,5.33,2.344,0.0,0.0,128.0,868.0
951506.0,2.0,3.1063,26.369,-0.05749,-0.36,3.494,3.3944,0.0,0.0,128.0,788.0
951546.0,2.0,-2.1767,28.661,-0.0708,-0.3609,-3.476,4.6495,0.0,0.0,128.0,859.0
951588.0,2.0,-1.2885,23.843,-0.08861,-0.4963,-0.676,3.8952,0.0,0.0,128.0,823.0
951632.0,2.0,-0.7609,7.061,-0.10763,-0.3374,7.124,1.0446,0.0,0.0,128.0,847.0
951673.0,2.0,-0.5154,2.053,-0.11678,-0.1171,4.124,0.897,0.0,0.0,128.0,874.0
951714.0,2.0,-0.3666,1.338,-0.11992,-0.0534,0.566,0.9454,0.0,0.0,128.0,842.0
951755.0,2.0,-0.4832,-12.134,-0.1212,0.0176,3.966,1.811,0.0,0.0,128.0,799.0
951795.0,2.0,-0.4372,6.51,-0.11749,0.144,2.166,1.1775,0.0,0.0,128.0,813.0
951840.0,3.0,-0.3574,0.324,-0.10984,0.16,-3.234,0.9375,0.0,0.0,128.0,795.0
951880.0,5.0,-0.6136,-12.629,-0.10849,-0.1452,-8.834,1.3912,0.0,0.0,128.0,673.0
951921.0,5.0,-0.6842,-0.503,-0.11888,-0.3346,-0.834,1.3912,0.0,0.0,128.0,688.0
951961.0,5.0,-0.6872,-0.059,-0.13076,-0.1966,7.366,1.3912,0.0,0.0,128.0,695.0
952002.0,5.0,-0.7378,10.201,-0.13384,-0.004,1.148,1.3912,0.0,0.0,128.0,660.0
952042.0,6.0,-1.5018,-14.922,-0.13328,0.0448,1.5,1.3912,0.0,0.0,128.0,734.0
952083.0,6.0,-2.0693,-23.355,-0.13027,0.1063,1.5,1.3912,0.0,0.0,128.0,741.0
952124.0,2.0,-2.959,-23.295,-0.12353,0.2725,6.3,2.4426,0.0,0.0,128.0,796.0
952165.0,2.0,2.7351,-2.55,-0.10796,0.4869,4.7,-0.876,0.0,0.0,128.0,823.0
952205.0,2.0,2.4114,0.657,-0.08494,0.6909,3.5,-0.7415,0.0,0.0,128.0,855.0
952247.0,2.0,2.1491,-5.174,-0.05573,0.7154,-2.582,-0.3742,0.0,0.0,128.0,871.0
952288.0,2.0,2.0126,0.013,-0.03075,0.496,-5.274,-0.4278,0.0,0.0,128.0,868.0
952328.0,2.0,1.9988,0.854,-0.01455,0.3512,0.126,-0.4116,0.0,0.0,128.0,837.0
952370.0,2.0,2.1138,5.854,0.0015,0.4958,7.126,-0.3046,0.0,0.0,128.0,853.0
952411.0,2.0,2.416,8.049,0.02696,0.7353,2.126,-0.3425,0.0,0.0,128.0,856.0
952456.0,2.0,2.8133,10.877,0.05985,0.7489,0.0,-0.2035,0.0,0.0,128.0,816.0
952497.0,2.0,-2.9698,13.19,0.08985,0.6827,-2.8,0.1167,0.0,0.0,128.0,822.0
952537.0,5.0,-2.4314,23.365,0.11505,0.5607,-6.4,-0.3571,0.0,0.0,128.0,716.0
952578.0,5.0,-2.1982,7.165,0.13046,0.1777,-8.4,-0.3571,0.0,0.0,128.0,702.0
952619.0,5.0,-1.9236,3.079,0.13309,0.0019,-0.853,-0.3571,0.0,0.0,128.0,673.0
952659.0,6.0,-1.9635,-17.387,0.13238,-0.0475,-1.5,-0.3571,0.0,0.0,128.0,742.0
952708.0,2.0,-2.0448,8.295,0.12833,-0.1324,-2.237,-0.0081,0.0,0.0,128.0,826.0
952748.0,2.0,-2.1307,-4.288,0.12139,-0.2669,-6.837,-0.4177,0.0,0.0,128.0,842.0
952789.0,2.0,-2.7504,-12.264,0.10365,-0.6258,-6.908,0.0195,0.0,0.0,128.0,853.0
952830.0,2.0,-3.1278,-5.279,0.0753,-0.7498,0.0,-0.8238,0.0,0.0,128.0,806.0
952870.0,2.0,2.6676,-3.791,0.04661,-0.7338,0.4,-0.7971,0.0,0.0,128.0,901.0
952912.0,2.0,2.4774,0.632,0.01598,-0.7486,-0.6,-0.7837,0.0,0.0,128.0,815.0
952953.0,2.0,2.2457,2.937,-0.01418,-0.7475,0.688,-0.5707,0.0,0.0,128.0,836.0
952998.0,2.0,2.1997,1.691,-0.0462,-0.7035,4.2,-0.5722,0.0,0.0,128.0,869.0
953045.0,2.0,2.3163,3.347,-0.0732,-0.3835,10.6,-0.6104,0.0,0.0,128.0,851.0
953087.0,2.0,2.5848,5.936,-0.07928,0.1043,12.0,-0.6297,0.0,0.0,128.0,841.0
953127.0,2.0,2.91,24.788,-0.06577,0.5633,8.6,2.9041,0.0,0.0,128.0,778.0
953168.0,2.0,-2.597,9.074,-0.03866,0.7473,0.8,-0.3294,0.0,0.0,128.0,815.0
953209.0,2.0,-1.8776,2.315,-0.00926,0.7143,-2.6,-0.2654,0.0,0.0,128.0,881.0
953254.0,2.0,-1.3376,23.247,0.0204,0.6209,0.6,3.6679,0.0,0.0,128.0,848.0
953295.0,2.0,-0.9679,22.894,0.04601,0.6285,-0.4,3.898,0.0,0.0,128.0,839.0
953335.0,2.0,-0.7424,7.732,0.07039,0.5832,-1.604,1.1209,0.0,0.0,128.0,853.0
953376.0,2.0,-0.9587,-2.962,0.09086,0.3987,-4.946,0.6284,0.0,0.0,128.0,858.0
953417.0,2.0,-1.0048,5.242,0.10219,0.1427,-8.134,0.7134,0.0,0.0,128.0,836.0
953458.0,2.0,-1.0339,-0.808,0.10151,-0.1545,-5.538,0.5143,0.0,0.0,128.0,839.0
953502.0,2.0,-1.2456,-4.788,0.09034,-0.361,-3.701,0.4583,0.0,0.0,128.0,838.0
953542.0,2.0,-1.6306,9.125,0.07316,-0.5061,-3.905,0.4665,0.0,0.0,128.0,844.0
953583.0,2.0,-2.2611,-37.999,0.05063,-0.608,-0.905,8.46,0.0,0.0,128.0,782.0
953623.0,2.0,-3.0357,-11.707,0.02708,-0.5714,1.895,-0.1294,0.0,0.0,128.0,853.0
953665.0,2.0,2.7075,3.982,0.00364,-0.5692,0.295,-0.8076,0.0,0.0,128.0,859.0
953707.0,2.0,2.2013,-14.262,-0.01991,-0.6009,-1.382,0.7077,0.0,0.0,128.0,847.0
953748.0,2.0,1.9098,-8.496,-0.04609,-0.7394,-1.746,0.1295,0.0,0.0,128.0,883.0
953793.0,2.0,1.7181,-4.972,-0.07958,-0.7286,1.521,0.0155,0.0,0.0,128.0,900.0
953836.0,2.0,1.626,-11.188,-0.1065,-0.4951,6.755,0.7453,0.0,0.0,128.0,880.0
953876.0,2.0,1.6414,3.198,-0.1194,-0.1218,11.195,-0.0084,0.0,0.0,128.0,842.0
953917.0,2.0,1.8331,7.341,-0.11486,0.3689,12.0,0.0767,0.0,0.0,128.0,823.0
953958.0,2.0,2.0341,6.645,-0.09262,0.7005,4.4,-0.1751,0.0,0.0,128.0,828.0
953999.0,2.0,2.3869,8.427,-0.06281,0.7497,0.0,-0.285,0.0,0.0,128.0,836.0
954041.0,2.0,2.8854,21.903,-0.03206,0.7423,-1.555,2.0588,0.0,0.0,128.0,852.0
954081.0,2.0,-2.8455,24.214,-0.00296,0.749,-0.501,2.7551,0.0,0.0,128.0,818.0
954121.0,2.0,-2.4743,16.466,0.02501,0.6481,-4.101,0.9331,0.0,0.0,128.0,845.0
954162.0,2.0,-1.8669,-11.932,0.0459,0.3582,-7.901,0.5982,0.0,0.0,128.0,807.0
954202.0,2.0,-1.4097,-19.584,0.05456,0.095,-5.501,2.5613,0.0,0.0,128.0,856.0
954243.0,2.0,-1.3775,-7.882,0.0543,-0.1381,-6.136,0.5797,0.0,0.0,128.0,842.0
954283.0,2.0,-1.6061,-2.65,0.04478,-0.3289,-4.373,0.0052,0.0,0.0,128.0,794.0
954324.0,2.0,-1.7426,-1.757,0.02734,-0.5624,-5.098,-0.1531,0.0,0.0,128.0,843.0
954365.0,2.0,-2.146,37.527,0.00139,-0.7159,-2.228,8.3686,0.0,0.0,128.0,853.0
954406.0,2.0,-2.6277,-25.384,-0.02771,-0.7458,0.972,3.1872,0.0,0.0,128.0,815.0
954447.0,2.0,3.071,-3.714,-0.05606,-0.6348,0.172,-0.9101,0.0,0.0,128.0,839.0
954487.0,2.0,2.8195,-8.834,-0.08044,-0.5819,2.172,-0.4525,0.0,0.0,128.0,849.0
954529.0,5.0,2.5357,-6.43,-0.10399,-0.5967,1.172,-0.5629,0.0,0.0,128.0,724.0
954569.0,5.0,2.3071,-6.613,-0.12443,-0.3858,9.172,-0.5629,0.0,0.0,128.0,704.0
954609.0,5.0,2.4222,3.258,-0.13252,-0.0527,4.451,-0.5629,0.0,0.0,128.0,691.0
954649.0,6.0,2.5955,4.33,-0.1329,0.016,1.5,-0.5629,0.0,0.0,128.0,726.0
954690.0,6.0,2.7044,-15.158,-0.13106,0.0775,1.5,-0.5629,0.0,0.0,128.0,736.0
954731.0,2.0,-3.0542,9.621,-0.12649,0.1847,5.1,-0.4102,0.0,0.0,128.0,816.0
954771.0,2.0,-2.4329,18.907,-0.11363,0.4983,6.7,1.5154,0.0,0.0,128.0,859.0
954812.0,2.0,-2.1384,21.088,-0.08843,0.7321,2.382,2.2857,0.0,0.0,128.0,853.0
954852.0,2.0,-1.5938,-1.962,-0.05921,0.7494,0.0,-0.0059,0.0,0.0,128.0,831.0
954892.0,2.0,-0.9633,11.659,-0.02974,0.7498,0.0,1.4441,0.0,0.0,128.0,867.0
954932.0,2.0,-0.9587,3.987,0.00026,0.7372,-1.6,0.6782,0.0,0.0,128.0,842.0
954974.0,2.0,-1.0002,-3.334,0.02989,0.7086,-0.018,0.6082,0.0,0.0,128.0,831.0
955015.0,2.0,-1.1397,-0.688,0.05805,0.6804,-2.199,0.4205,0.0,0.0,128.0,843.0
955057.0,2.0,-1.1996,-4.012,0.08336,0.5348,-3.231,0.4624,0.0,0.0,128.0,841.0
955105.0,2.0,-1.4143,-16.353,0.10402,0.3346,-5.426,1.8309,0.0,0.0,128.0,831.0
955148.0,2.0,-1.8776,-15.348,0.11377,0.1182,-5.826,1.178,0.0,0.0,128.0,813.0
955188.0,2.0,-2.8087,-23.397,0.11561,-0.0324,-4.626,2.5071,0.0,0.0,128.0,761.0
955229.0,2.0,2.6722,-14.419,0.11055,-0.2298,-4.426,0.4301,0.0,0.0,128.0,848.0
955269.0,2.0,2.166,-17.049,0.09742,-0.4677,-6.026,1.2925,0.0,0.0,128.0,827.0
955315.0,2.0,1.6429,-11.091,0.07009,-0.7342,-2.226,0.7185,0.0,0.0,128.0,897.0
955355.0,2.0,1.3284,-6.876,0.04013,-0.7494,0.263,0.5458,0.0,0.0,128.0,849.0
955398.0,2.0,1.0738,-3.462,0.00979,-0.712,2.239,0.5566,0.0,0.0,128.0,870.0
955438.0,2.0,0.5123,-6.153,-0.01826,-0.6695,3.543,1.1139,0.0,0.0,128.0,849.0
955479.0,2.0,0.5292,-2.491,-0.04241,-0.5274,4.975,0.9036,0.0,0.0,128.0,834.0
955534.0,3.0,0.3497,-13.604,-0.06154,-0.1864,4.825,2.1091,0.0,0.0,128.0,751.0
955574.0,3.0,-0.1749,-7.985,-0.06739,-0.1608,-3.375,1.3877,0.0,0.0,128.0,747.0
955615.0,5.0,-0.3267,-3.894,-0.07868,-0.4485,-7.575,1.0012,0.0,0.0,128.0,694.0
955655.0,5.0,-0.5446,-3.45,-0.09998,-0.5875,0.425,1.0012,0.0,0.0,128.0,709.0
955696.0,5.0,-0.675,-2.258,-0.12056,-0.4065,8.425,1.0012,0.0,0.0,128.0,695.0
955737.0,5.0,-0.6167,10.468,-0.12956,-0.0646,4.968,1.0012,0.0,0.0,128.0,674.0
955777.0,6.0,-1.4297,-30.811,-0.13009,0.0129,1.5,1.0012,0.0,0.0,128.0,711.0
955821.0,2.0,-2.1307,-16.842,-0.12623,0.2364,9.3,1.2467,0.0,0.0,128.0,776.0
955862.0,2.0,-2.9176,-10.493,-0.10924,0.615,7.297,-0.2808,0.0,0.0,128.0,815.0
955902.0,2.0,2.6983,-22.623,-0.08239,0.7496,0.297,2.342,0.0,0.0,128.0,829.0
955946.0,2.0,2.3608,-3.931,-0.05119,0.6559,-5.2,-0.611,0.0,0.0,128.0,819.0
955986.0,2.0,2.011,-6.54,-0.0285,0.4597,-5.429,-0.1478,0.0,0.0,128.0,862.0
956026.0,2.0,1.8438,-0.836,-0.01504,0.2079,-5.639,-0.2633,0.0,0.0,128.0,850.0
956070.0,2.0,1.807,-0.114,-0.00983,0.0687,0.275,-0.2338,0.0,0.0,128.0,804.0
956111.0,2.0,1.8975,2.27,-0.00649,0.1191,3.782,-0.2898,0.0,0.0,128.0,826.0
956152.0,2.0,2.1077,7.597,0.00221,0.3638,8.318,-0.1522,0.0,0.0,128.0,818.0
956192.0,2.0,2.4605,8.293,0.02321,0.6775,5.318,-0.3476,0.0,0.0,128.0,825.0
956234.0,2.0,2.8501,24.094,0.05329,0.7482,0.118,2.7053,0.0,0.0,128.0,813.0
956275.0,2.0,-2.7811,10.131,0.08224,0.7109,1.918,-0.283,0.0,0.0,128.0,831.0
956315.0,5.0,-2.2488,-15.774,0.1095,0.6236,-6.082,-0.205,0.0,0.0,128.0,717.0
956355.0,5.0,-1.8116,7.424,0.12728,0.2427,-9.682,-0.205,0.0,0.0,128.0,703.0
956396.0,5.0,-1.5708,7.068,0.13136,0.0113,-2.087,-0.205,0.0,0.0,128.0,690.0
956436.0,6.0,-1.4757,1.946,0.13103,-0.0374,-1.5,-0.205,0.0,0.0,128.0,746.0
956477.0,2.0,-1.5156,1.624,0.12818,-0.1394,-5.5,0.0724,0.0,0.0,128.0,818.0
956518.0,2.0,-1.7549,-7.092,0.11636,-0.4839,-9.7,0.1273,0.0,0.0,128.0,817.0
956559.0,2.0,-2.1384,-24.716,0.09037,-0.7355,-2.1,3.3072,0.0,0.0,128.0,843.0
956601.0,2.0,-2.8256,5.456,0.05993,-0.7239,1.5,-0.7635,0.0,0.0,128.0,853.0
956641.0,2.0,3.0051,-17.445,0.03401,-0.6139,2.3,0.5084,0.0,0.0,128.0,844.0
956683.0,2.0,2.5909,0.852,0.00866,-0.6415,-1.711,-0.8472,0.0,0.0,128.0,845.0
956723.0,2.0,2.4206,-7.169,-0.01796,-0.7187,-3.511,-0.4222,0.0,0.0,128.0,843.0
956764.0,2.0,2.1875,-4.689,-0.04789,-0.7498,0.0,-0.4366,0.0,0.0,128.0,835.0
956804.0,2.0,2.1246,-0.654,-0.07706,-0.74,-0.8,-0.5218,0.0,0.0,128.0,830.0
956847.0,2.0,2.2151,2.786,-0.10646,-0.5852,7.8,-0.5537,0.0,0.0,128.0,866.0
956898.0,2.0,2.6139,5.511,-0.12263,-0.028,12.0,-0.6765,0.0,0.0,128.0,863.0
956938.0,2.0,3.0787,25.252,-0.11434,0.4584,10.6,3.0308,0.0,0.0,128.0,782.0
956979.0,2.0,-2.6952,23.143,-0.09019,0.7264,2.898,2.4927,0.0,0.0,128.0,842.0
957019.0,2.0,-1.7487,25.055,-0.0609,0.704,-1.104,3.8051,0.0,0.0,128.0,857.0
957060.0,2.0,-1.3238,14.284,-0.0321,0.7461,1.122,1.5465,0.0,0.0,128.0,823.0
957100.0,2.0,-0.7348,27.369,-0.0027,0.7427,-0.705,5.4934,0.0,0.0,128.0,847.0
957143.0,2.0,-0.6044,-2.884,0.02648,0.5908,-6.105,0.8752,0.0,0.0,128.0,832.0
957185.0,2.0,-0.7808,7.555,0.04744,0.4197,-4.142,1.0781,0.0,0.0,128.0,848.0
957226.0,2.0,-0.5001,3.328,0.06188,0.3067,-1.521,0.9492,0.0,0.0,128.0,842.0
957266.0,3.0,-0.4617,-0.537,0.07237,0.182,-6.56,0.8971,0.0,0.0,128.0,746.0
957307.0,3.0,-0.5844,-11.095,0.07226,-0.2591,-14.709,1.6121,0.0,0.0,128.0,698.0
957347.0,3.0,-0.6719,6.184,0.05306,-0.6835,-6.709,1.0243,0.0,0.0,128.0,735.0
957387.0,3.0,-0.563,-0.109,0.02321,-0.7997,0.0,0.8457,0.0,0.0,128.0,740.0
957427.0,3.0,-0.6473,-2.168,-0.00814,-0.7997,0.0,0.8274,0.0,0.0,128.0,746.0
957468.0,2.0,-0.8514,-3.211,-0.0402,-0.7841,2.4,0.7202,0.0,0.0,128.0,857.0
957512.0,2.0,-1.1566,-6.112,-0.07009,-0.5913,3.6,0.6276,0.0,0.0,128.0,862.0
957558.0,2.0,-1.8162,-7.35,-0.0918,-0.3557,5.871,0.0908,0.0,0.0,128.0,841.0
957605.0,2.0,-2.5587,-19.905,-0.10391,-0.1494,7.471,1.6588,0.0,0.0,128.0,877.0
957646.0,2.0,-3.1355,-36.255,-0.10556,0.0315,3.271,7.3077,0.0,0.0,128.0,809.0
957687.0,2.0,2.7105,-4.017,-0.10058,0.2094,1.871,-0.8042,0.0,0.0,128.0,841.0
957727.0,2.0,2.3439,-4.715,-0.09191,0.2179,-1.129,-0.5542,0.0,0.0,128.0,837.0
957768.0,2.0,2.2135,-3.732,-0.0846,0.1654,-0.765,-0.5085,0.0,0.0,128.0,823.0
957809.0,2.0,2.1399,-1.284,-0.07942,0.0886,-1.728,-0.5271,0.0,0.0,128.0,829.0
957851.0,2.0,2.1982,6.103,-0.07504,0.19,6.472,-0.3544,0.0,0.0,128.0,845.0
957892.0,2.0,2.4314,2.853,-0.05981,0.58,8.072,-0.7106,0.0,0.0,128.0,836.0
957933.0,2.0,2.7197,9.372,-0.03232,0.7483,0.672,-0.3611,0.0,0.0,128.0,796.0
957974.0,2.0,-3.1309,24.596,-0.00319,0.7392,-0.8,2.8239,0.0,0.0,128.0,804.0
958015.0,2.0,-2.6246,16.781,0.02726,0.749,-0.4,0.9184,0.0,0.0,128.0,866.0
958059.0,2.0,-2.1414,-1.883,0.05749,0.6302,-4.4,-0.5195,0.0,0.0,128.0,832.0
958100.0,2.0,-1.6398,8.925,0.07973,0.4732,-3.434,0.4417,0.0,0.0,128.0,832.0
958140.0,2.0,-1.4987,13.655,0.09394,0.2202,-5.941,1.2649,0.0,0.0,128.0,852.0
958185.0,2.0,-1.58,-3.535,0.09776,-0.0726,-8.174,0.0654,0.0,0.0,128.0,801.0
958226.0,2.0,-1.7733,-2.493,0.08756,-0.4763,-10.449,-0.1655,0.0,0.0,128.0,843.0
958267.0,2.0,-2.1506,-23.381,0.06236,-0.7325,-2.249,2.8854,0.0,0.0,128.0,840.0
958307.0,2.0,-2.6384,7.494,0.03315,-0.7387,1.166,-0.5184,0.0,0.0,128.0,856.0
958348.0,2.0,3.1309,-18.391,0.00356,-0.749,0.4,1.1381,0.0,0.0,128.0,871.0
958391.0,2.0,2.5357,-9.67,-0.02734,-0.7227,-0.701,-0.2228,0.0,0.0,128.0,842.0
958433.0,2.0,2.4268,-5.974,-0.05685,-0.7492,-0.101,-0.5259,0.0,0.0,128.0,850.0
958474.0,2.0,2.2289,-3.53,-0.08768,-0.7498,0.0,-0.5298,0.0,0.0,128.0,848.0
958514.0,5.0,2.1476,0.82,-0.11498,-0.5858,8.0,-0.5185,0.0,0.0,128.0,723.0
958555.0,5.0,2.2979,9.189,-0.1302,-0.178,8.392,-0.5185,0.0,0.0,128.0,674.0
958595.0,5.0,2.5157,4.732,-0.13283,-0.0019,0.826,-0.5185,0.0,0.0,128.0,702.0
958635.0,6.0,2.7351,17.255,-0.13211,0.0475,1.5,-0.5185,0.0,0.0,128.0,726.0
958677.0,2.0,-2.9851,13.429,-0.12885,0.1261,3.9,0.154,0.0,0.0,128.0,970.0
958718.0,2.0,-2.2887,24.13,-0.12079,0.2853,2.7,3.0472,0.0,0.0,128.0,829.0
958758.0,2.0,-1.7012,13.398,-0.1074,0.3454,-1.1,1.0214,0.0,0.0,128.0,856.0
958799.0,2.0,-1.1367,18.09,-0.0927,0.4522,6.1,2.5152,0.0,0.0,128.0,853.0
958840.0,2.0,-1.1842,3.419,-0.06934,0.6934,4.5,0.4515,0.0,0.0,128.0,843.0
958880.0,2.0,-1.0063,-3.409,-0.04046,0.7498,0.0,0.6028,0.0,0.0,128.0,842.0
958920.0,2.0,-1.0216,-0.758,-0.01099,0.7498,0.0,0.5242,0.0,0.0,128.0,845.0
958962.0,2.0,-1.1796,-5.877,0.01924,0.7499,0.0,0.5963,0.0,0.0,128.0,858.0
959002.0,2.0,-1.3714,-8.469,0.0492,0.7434,-0.995,0.6408,0.0,0.0,128.0,856.0
959045.0,2.0,-1.5171,34.883,0.07875,0.6397,-2.397,7.7662,0.0,0.0,128.0,852.0
959085.0,5.0,-2.439,-11.988,0.10339,0.6242,-1.597,3.5633,0.0,0.0,128.0,716.0
959126.0,5.0,-3.0772,-28.784,0.12491,0.3866,-9.797,3.5633,0.0,0.0,128.0,682.0
959167.0,5.0,2.5909,-6.1,0.1329,0.0557,-4.579,3.5633,0.0,0.0,128.0,681.0
959207.0,6.0,2.054,-18.336,0.13331,-0.0174,-1.5,3.5633,0.0,0.0,128.0,744.0
959247.0,6.0,1.6337,-5.285,0.13148,-0.0774,-1.5,3.5633,0.0,0.0,128.0,770.0
959287.0,2.0,1.3223,-6.849,0.12697,-0.1926,-6.1,0.5493,0.0,0.0,128.0,847.0
959328.0,2.0,1.1443,-0.554,0.11411,-0.4532,-6.747,0.4166,0.0,0.0,128.0,831.0
959368.0,2.0,0.9572,-2.384,0.09191,-0.6896,-4.629,0.6119,0.0,0.0,128.0,852.0
959409.0,2.0,1.0094,11.654,0.0624,-0.7498,0.0,1.3822,0.0,0.0,128.0,802.0
959449.0,2.0,1.2885,8.28,0.03338,-0.7481,-0.595,0.7041,0.0,0.0,128.0,823.0
959490.0,2.0,1.6552,10.047,0.00398,-0.7426,1.587,0.5447,0.0,0.0,128.0,880.0
959531.0,2.0,2.0402,4.152,-0.02321,-0.5236,8.388,-0.3478,0.0,0.0,128.0,863.0
959581.0,2.0,2.8302,19.775,-0.03971,-0.1691,6.073,1.5142,0.0,0.0,128.0,858.0
959622.0,2.0,-2.7213,30.956,-0.04177,0.0729,4.972,5.156,0.0,0.0,128.0,760.0
959663.0,2.0,-1.6183,15.952,-0.03679,0.1502,-0.628,1.579,0.0,0.0,128.0,823.0
959703.0,2.0,-0.9035,15.856,-0.02978,0.2323,4.172,2.2243,0.0,0.0,128.0,866.0
959743.0,2.0,-0.4863,13.839,-0.01733,0.3967,2.484,2.1008,0.0,0.0,128.0,828.0
959784.0,2.0,-0.227,5.613,-0.00195,0.3367,-3.808,1.1747,0.0,0.0,128.0,820.0
959824.0,2.0,0.0245,12.167,0.01046,0.3,0.0,1.9349,0.0,0.0,128.0,801.0
959866.0,3.0,0.0982,6.06,0.02216,0.2725,0.464,1.2273,0.0,0.0,128.0,751.0
959906.0,3.0,0.5001,17.176,0.03574,0.4637,8.664,2.7421,0.0,0.0,128.0,732.0
959946.0,2.0,0.9204,6.47,0.06023,0.7607,3.803,0.8627,0.0,0.0,128.0,839.0
959986.0,2.0,1.2395,11.433,0.0909,0.7535,-3.23,1.1389,0.0,0.0,128.0,849.0
960028.0,2.0,1.7073,13.722,0.11689,0.4816,-9.83,1.0401,0.0,0.0,128.0,859.0
960072.0,2.0,2.3301,16.266,0.12998,0.0989,-10.747,0.9709,0.0,0.0,128.0,821.0
960112.0,2.0,2.8563,18.603,0.12765,-0.1839,-5.747,1.2217,0.0,0.0,128.0,827.0
960153.0,2.0,-2.8992,-1.876,0.11513,-0.4525,-6.347,-0.9487,0.0,0.0,128.0,817.0
960194.0,2.0,-1.7978,35.457,0.09199,-0.7053,-4.147,7.7652,0.0,0.0,128.0,823.0
960235.0,2.0,-1.6168,21.77,0.06289,-0.7499,0.0,2.9733,0.0,0.0,128.0,879.0
960275.0,2.0,-1.2701,13.729,0.03353,-0.7359,-0.8,1.5029,0.0,0.0,128.0,796.0
960316.0,2.0,-1.2609,-2.574,0.00353,-0.7468,1.0,0.3423,0.0,0.0,128.0,862.0
960364.0,2.0,-1.2134,3.093,-0.03041,-0.7046,0.4,0.4126,0.0,0.0,128.0,881.0
960410.0,2.0,-1.3468,-7.684,-0.06064,-0.5482,7.0,0.5881,0.0,0.0,128.0,850.0
960456.0,2.0,-1.695,-22.758,-0.07928,-0.269,7.054,3.1178,0.0,0.0,128.0,870.0
960500.0,2.0,-2.2335,-15.853,-0.08591,-0.0331,6.423,0.9601,0.0,0.0,128.0,856.0
960541.0,2.0,-2.6538,-25.641,-0.08411,0.1028,3.423,3.2608,0.0,0.0,128.0,839.0
960581.0,2.0,-3.0051,-7.622,-0.07781,0.1634,-2.377,-0.6245,0.0,0.0,128.0,855.0
960622.0,2.0,2.8839,-7.673,-0.07282,0.085,-3.125,-0.5928,0.0,0.0,128.0,812.0
960663.0,2.0,2.5955,-3.522,-0.07245,-0.1169,-8.317,-0.7743,0.0,0.0,128.0,842.0
960704.0,2.0,2.4176,-1.03,-0.08209,-0.352,-4.804,-0.7419,0.0,0.0,128.0,856.0
960745.0,5.0,2.212,-4.223,-0.10012,-0.5325,-1.941,-0.371,0.0,0.0,128.0,731.0
960785.0,5.0,2.1169,-0.339,-0.12045,-0.4461,6.059,-0.371,0.0,0.0,128.0,719.0
960826.0,5.0,2.3286,4.831,-0.13178,-0.106,6.464,-0.371,0.0,0.0,128.0,666.0
960866.0,6.0,2.5265,4.028,-0.13301,0.0021,0.863,-0.371,0.0,0.0,128.0,786.0
960907.0,6.0,2.6983,14.138,-0.13174,0.0629,1.5,-0.371,0.0,0.0,128.0,756.0
960948.0,2.0,-3.025,13.925,-0.12784,0.1624,5.3,0.234,0.0,0.0,128.0,837.0
960988.0,2.0,-2.3976,39.387,-0.1164,0.4236,5.3,9.0946,0.0,0.0,128.0,790.0
961030.0,2.0,-1.7257,21.512,-0.09548,0.6119,2.3,2.7925,0.0,0.0,128.0,852.0
961071.0,2.0,-1.0861,7.158,-0.06859,0.7398,2.006,0.8103,0.0,0.0,128.0,832.0
961114.0,2.0,-1.0477,6.05,-0.03638,0.7496,0.2,0.7361,0.0,0.0,128.0,809.0
961155.0,2.0,-0.8606,-0.322,-0.00638,0.7455,0.382,0.6516,0.0,0.0,128.0,806.0
961196.0,2.0,-0.8529,0.205,0.02363,0.7313,-0.925,0.657,0.0,0.0,128.0,856.0
961237.0,2.0,-0.9802,-4.233,0.05164,0.6865,-1.785,0.7593,0.0,0.0,128.0,839.0
961279.0,2.0,-1.1505,-4.717,0.07849,0.5729,-3.148,0.5468,0.0,0.0,128.0,844.0
961321.0,2.0,-1.2671,-4.494,0.09919,0.4089,-5.236,0.424,0.0,0.0,128.0,851.0
961366.0,2.0,-1.7196,-59.022,0.11183,0.1583,-5.275,21.828,0.0,0.0,128.0,849.0
961407.0,2.0,-2.7044,-20.883,0.1146,-0.0025,-1.675,1.1628,0.0,0.0,128.0,824.0
961448.0,2.0,3.0634,-11.607,0.11363,-0.0432,-2.475,-0.1445,0.0,0.0,128.0,833.0
961488.0,2.0,2.3317,-15.727,0.10928,-0.1914,-5.203,0.8857,0.0,0.0,128.0,859.0
961528.0,2.0,1.9098,-4.402,0.09563,-0.5262,-9.403,-0.2048,0.0,0.0,128.0,828.0
961569.0,2.0,1.5248,-4.567,0.06986,-0.7411,-1.803,0.1831,0.0,0.0,128.0,840.0
961610.0,2.0,1.3223,-4.44,0.03979,-0.7469,0.915,0.3749,0.0,0.0,128.0,889.0
961656.0,2.0,0.8652,-6.804,0.00626,-0.7469,0.411,0.9454,0.0,0.0,128.0,883.0
961700.0,2.0,1.014,4.431,-0.02603,-0.7148,0.57,0.6488,0.0,0.0,128.0,839.0
961744.0,2.0,1.0677,0.745,-0.05636,-0.6671,2.943,0.4854,0.0,0.0,128.0,861.0
961788.0,2.0,0.9863,5.529,-0.08138,-0.4519,5.425,0.7386,0.0,0.0,128.0,858.0
961832.0,2.0,1.2901,7.371,-0.09608,-0.2241,4.521,0.6138,0.0,0.0,128.0,863.0
961872.0,2.0,1.5463,5.94,-0.10133,-0.0156,7.428,0.2414,0.0,0.0,128.0,826.0
961914.0,2.0,1.8745,8.485,-0.09383,0.4249,11.336,0.15,0.0,0.0,128.0,814.0
961955.0,2.0,2.3577,8.799,-0.06998,0.7183,3.536,-0.225,0.0,0.0,128.0,853.0
961996.0,2.0,2.8394,36.677,-0.04088,0.7489,-0.464,7.5369,0.0,0.0,128.0,790.0
962037.0,2.0,-2.7382,16.852,-0.0108,0.7415,1.736,0.8817,0.0,0.0,128.0,837.0
962080.0,2.0,-2.0341,11.137,0.01946,0.7003,-1.288,0.3496,0.0,0.0,128.0,848.0
962121.0,2.0,-1.4435,-0.435,0.04718,0.6625,-2.288,0.1257,0.0,0.0,128.0,877.0
962164.0,2.0,-1.0201,13.434,0.07282,0.5219,-2.913,1.6867,0.0,0.0,128.0,866.0
962208.0,2.0,-0.9587,0.476,0.09206,0.3375,-5.124,0.576,0.0,0.0,128.0,851.0
962249.0,2.0,-1.0308,1.787,0.10084,0.0882,-8.058,0.5517,0.0,0.0,128.0,826.0
962289.0,2.0,-0.8989,-0.275,0.09705,-0.2999,-8.341,0.6218,0.0,0.0,128.0,824.0
962329.0,2.0,-0.9802,-4.632,0.08036,-0.5285,-3.92,0.6893,0.0,0.0,128.0,825.0
962370.0,2.0,-1.198,-4.093,0.05663,-0.6458,-1.396,0.4653,0.0,0.0,128.0,828.0
962413.0,2.0,-1.2609,-6.882,0.02899,-0.7114,-1.96,0.5967,0.0,0.0,128.0,843.0
962453.0,2.0,-1.5861,4.489,-0.00068,-0.745,0.239,0.1239,0.0,0.0,128.0,849.0
962501.0,2.0,-2.7428,-13.985,-0.0333,-0.563,7.293,0.3086,0.0,0.0,128.0,850.0
962542.0,2.0,-2.979,-8.293,-0.04999,-0.2341,9.093,-0.5529,0.0,0.0,128.0,809.0
962584.0,2.0,2.9084,-9.819,-0.05441,-0.0328,0.693,-0.3611,0.0,0.0,128.0,834.0
962625.0,2.0,2.5111,-0.158,-0.0558,-0.049,-2.307,-0.807,0.0,0.0,128.0,812.0
962671.0,2.0,2.4973,-0.72,-0.05846,-0.0897,-3.507,-0.7956,0.0,0.0,128.0,831.0
962711.0,2.0,2.459,-0.924,-0.06495,-0.2405,-2.734,-0.7698,0.0,0.0,128.0,846.0
962756.0,2.0,2.4943,-0.425,-0.07616,-0.2168,3.666,-0.7958,0.0,0.0,128.0,864.0
962797.0,2.0,2.7059,6.703,-0.07976,0.1057,11.866,-0.6259,0.0,0.0,128.0,840.0
962838.0,2.0,-3.0802,22.461,-0.06619,0.5627,8.4,2.1914,0.0,0.0,128.0,804.0
962879.0,2.0,-2.5694,6.95,-0.03833,0.7481,0.8,-0.5296,0.0,0.0,128.0,850.0
962920.0,2.0,-1.8914,-12.07,-0.00859,0.6944,-2.642,0.5923,0.0,0.0,128.0,888.0
962964.0,2.0,-1.2671,11.322,0.02051,0.693,1.758,1.1199,0.0,0.0,128.0,872.0
963005.0,2.0,-1.0845,5.194,0.0477,0.6169,-5.242,0.6415,0.0,0.0,128.0,815.0
963047.0,2.0,-1.1229,-7.758,0.06806,0.3593,-6.065,0.8045,0.0,0.0,128.0,808.0
963088.0,2.0,-1.2395,-1.067,0.07886,0.192,-4.334,0.3312,0.0,0.0,128.0,816.0
963128.0,2.0,-1.2364,-2.326,0.08194,-0.0492,-4.787,0.3609,0.0,0.0,128.0,830.0
963168.0,2.0,-1.2487,2.443,0.0771,-0.2277,-7.307,0.3571,0.0,0.0,128.0,859.0
963210.0,2.0,-1.623,-16.781,0.06221,-0.4944,-4.907,1.7107,0.0,0.0,128.0,873.0
963250.0,2.0,-2.5418,-7.676,0.04043,-0.5587,-0.572,-0.4577,0.0,0.0,128.0,835.0
963291.0,2.0,3.0603,-21.776,0.01627,-0.6579,-1.572,2.0022,0.0,0.0,128.0,843.0
963332.0,2.0,2.5203,-7.337,-0.01095,-0.7182,-2.572,-0.4664,0.0,0.0,128.0,844.0
963374.0,2.0,2.0939,-9.423,-0.04095,-0.7498,0.0,0.0707,0.0,0.0,128.0,837.0
963415.0,2.0,1.8162,-5.846,-0.07178,-0.7498,0.0,-0.02,0.0,0.0,128.0,843.0
963455.0,2.0,1.6045,-1.145,-0.0996,-0.6503,6.203,-0.0236,0.0,0.0,128.0,892.0
963499.0,2.0,1.3744,-4.679,-0.11996,-0.2602,10.432,0.3381,0.0,0.0,128.0,863.0
963539.0,2.0,1.4343,0.794,-0.12225,0.1428,9.031,0.1391,0.0,0.0,128.0,796.0
963581.0,2.0,1.5018,2.446,-0.10958,0.4831,7.56,0.1045,0.0,0.0,128.0,826.0
963621.0,2.0,1.5002,6.057,-0.08531,0.7281,2.88,0.2957,0.0,0.0,128.0,808.0
963661.0,2.0,1.7779,6.716,-0.05528,0.7498,0.0,0.073,0.0,0.0,128.0,817.0
963701.0,2.0,2.0433,15.289,-0.0258,0.7498,0.0,1.01,0.0,0.0,128.0,822.0
963744.0,2.0,2.597,11.18,0.00581,0.7497,0.0,-0.0714,0.0,0.0,128.0,848.0
963785.0,2.0,3.0787,12.564,0.03585,0.7389,-1.0,-0.0012,0.0,0.0,128.0,838.0
963826.0,2.0,-2.6661,27.08,0.06585,0.7487,-0.6,3.7562,0.0,0.0,128.0,801.0
963866.0,2.0,-1.7058,18.168,0.09345,0.6247,-5.8,1.9756,0.0,0.0,128.0,867.0
963907.0,2.0,-1.3622,23.738,0.11231,0.3173,-6.696,3.7872,0.0,0.0,128.0,837.0
963948.0,2.0,-1.2548,2.438,0.12041,0.0339,-9.496,0.3497,0.0,0.0,128.0,818.0
963989.0,2.0,-1.3392,-6.142,0.11471,-0.3059,-5.967,0.4606,0.0,0.0,128.0,893.0
964030.0,2.0,-1.3714,-2.803,0.09638,-0.6084,-6.347,0.2465,0.0,0.0,128.0,848.0
964070.0,2.0,-1.3852,5.701,0.06904,-0.7492,-0.22,0.3942,0.0,0.0,128.0,836.0
964112.0,2.0,-1.465,11.588,0.039,-0.7261,1.6,0.9917,0.0,0.0,128.0,884.0
964162.0,2.0,-2.416,-5.884,0.00521,-0.5933,3.0,-0.5347,0.0,0.0,128.0,886.0
964203.0,2.0,-3.0143,-20.377,-0.01759,-0.5893,1.0,1.6294,0.0,0.0,128.0,922.0
964244.0,2.0,2.8363,-13.024,-0.04301,-0.6799,-3.0,0.1226,0.0,0.0,128.0,865.0
964287.0,2.0,2.4758,1.035,-0.07346,-0.7459,0.973,-0.7803,0.0,0.0,128.0,850.0
964328.0,5.0,2.2734,-5.177,-0.10226,-0.6838,3.173,-0.4951,0.0,0.0,128.0,718.0
964369.0,5.0,2.123,0.527,-0.12495,-0.3815,11.373,-0.4951,0.0,0.0,128.0,695.0
964409.0,5.0,2.1246,1.294,-0.13264,-0.0515,4.377,-0.4951,0.0,0.0,128.0,689.0
964450.0,6.0,2.2457,3.18,-0.13294,0.0189,1.5,-0.4951,0.0,0.0,128.0,753.0
964490.0,6.0,2.439,13.358,-0.13106,0.0789,1.5,-0.4951,0.0,0.0,128.0,729.0
964531.0,2.0,2.8793,10.501,-0.12619,0.2201,7.1,-0.2716,0.0,0.0,128.0,793.0
964571.0,2.0,-2.8287,6.917,-0.11055,0.5933,7.9,-0.6469,0.0,0.0,128.0,817.0
964611.0,2.0,-2.37,15.356,-0.08269,0.749,0.1,0.7839,0.0,0.0,128.0,848.0
964654.0,2.0,-1.4435,4.529,-0.05216,0.6861,-0.1,0.2579,0.0,0.0,128.0,852.0
964695.0,2.0,-1.0569,15.206,-0.02449,0.7381,1.9,1.9675,0.0,0.0,128.0,851.0
964735.0,2.0,-0.6918,5.915,0.00544,0.7315,-2.6,0.9949,0.0,0.0,128.0,836.0
964777.0,2.0,-0.6826,-6.996,0.03158,0.5411,-4.0,1.0814,0.0,0.0,128.0,852.0
964818.0,2.0,-0.8912,1.261,0.05063,0.3715,-4.081,0.6381,0.0,0.0,128.0,865.0
964860.0,2.0,-0.747,-2.721,0.06154,0.1474,-6.086,0.7793,0.0,0.0,128.0,818.0
964900.0,2.0,-0.8253,-4.385,0.06349,-0.035,-3.457,0.7966,0.0,0.0,128.0,808.0
964942.0,2.0,-1.1029,-4.622,0.05895,-0.1929,-2.64,0.5825,0.0,0.0,128.0,820.0
964983.0,2.0,-1.2149,-3.785,0.0498,-0.2599,-1.916,0.4378,0.0,0.0,128.0,843.0
965023.0,2.0,-1.3944,1.148,0.03728,-0.405,-4.335,0.2013,0.0,0.0,128.0,885.0
965067.0,2.0,-2.2672,-11.592,0.0177,-0.4925,-1.735,0.1994,0.0,0.0,128.0,860.0
965107.0,2.0,3.1094,-15.902,-0.00206,-0.4563,3.265,0.5997,0.0,0.0,128.0,857.0
965147.0,2.0,2.6047,-21.445,-0.01759,-0.3216,5.265,2.0597,0.0,0.0,128.0,875.0
965191.0,2.0,2.2703,-9.761,-0.02813,-0.2076,-0.335,-0.0336,0.0,0.0,128.0,815.0
965232.0,2.0,1.9758,-4.872,-0.03892,-0.3754,-5.812,-0.238,0.0,0.0,128.0,849.0
965272.0,2.0,1.7211,-3.951,-0.05696,-0.5117,-0.23,-0.0465,0.0,0.0,128.0,857.0
965322.0,2.0,1.7948,4.07,-0.07864,-0.2902,9.008,-0.1217,0.0,0.0,128.0,888.0
965364.0,2.0,1.8592,1.498,-0.08231,0.1349,11.8,-0.2728,0.0,0.0,128.0,866.0
965404.0,2.0,2.0739,4.8,-0.06773,0.5841,8.0,-0.3416,0.0,0.0,128.0,822.0
965444.0,2.0,2.4037,3.615,-0.0408,0.7481,0.8,-0.6609,0.0,0.0,128.0,819.0
965486.0,2.0,2.9943,11.697,-0.00994,0.7365,-1.2,-0.1267,0.0,0.0,128.0,815.0
965530.0,2.0,-2.7151,14.64,0.02213,0.7345,-0.8,0.4505,0.0,0.0,128.0,874.0
965573.0,2.0,-1.988,17.24,0.05126,0.6267,-3.523,1.4915,0.0,0.0,128.0,861.0
965614.0,2.0,-1.6828,-1.554,0.07208,0.4209,-6.304,-0.1012,0.0,0.0,128.0,861.0
965654.0,2.0,-1.3146,-3.799,0.08449,0.1905,-5.787,0.3431,0.0,0.0,128.0,831.0
965696.0,2.0,-1.4251,-1.407,0.08846,-0.0078,-5.034,0.1551,0.0,0.0,128.0,818.0
965737.0,2.0,-1.5278,-4.384,0.08366,-0.231,-5.534,0.1604,0.0,0.0,128.0,810.0
965777.0,2.0,-1.6245,-0.991,0.06983,-0.4893,-6.389,-0.0498,0.0,0.0,128.0,819.0
965817.0,2.0,-2.0341,20.617,0.04635,-0.6647,-2.741,2.2418,0.0,0.0,128.0,829.0
965858.0,2.0,-2.7796,-18.203,0.01763,-0.7405,-0.123,1.1517,0.0,0.0,128.0,853.0
965899.0,2.0,2.9437,-31.944,-0.01241,-0.7426,1.6,5.4762,0.0,0.0,128.0,818.0
965939.0,2.0,2.755,-11.312,-0.04043,-0.7486,-0.6,-0.1137,0.0,0.0,128.0,836.0
965985.0,2.0,2.2028,-6.956,-0.07406,-0.718,1.0,-0.2801,0.0,0.0,128.0,888.0
966025.0,5.0,2.1031,-4.884,-0.10283,-0.686,3.6,-0.4853,0.0,0.0,128.0,717.0
966065.0,5.0,2.077,-3.26,-0.12488,-0.378,11.6,-0.4853,0.0,0.0,128.0,701.0
966106.0,5.0,2.0954,1.963,-0.13241,-0.0501,4.305,-0.4853,0.0,0.0,128.0,667.0
966146.0,6.0,2.2718,4.68,-0.13271,0.0189,1.5,-0.4853,0.0,0.0,128.0,742.0
966186.0,6.0,2.5249,13.885,-0.13084,0.0789,1.5,-0.4853,0.0,0.0,128.0,748.0
966228.0,2.0,3.0772,15.062,-0.12533,0.2475,7.9,0.435,0.0,0.0,128.0,821.0
966268.0,2.0,-2.6185,36.812,-0.10875,0.6083,7.1,7.7182,0.0,0.0,128.0,803.0
966309.0,2.0,-1.8791,41.434,-0.08066,0.7465,-0.498,10.5826,0.0,0.0,128.0,852.0
966353.0,2.0,-1.2149,12.002,-0.04853,0.7499,0.0,1.2678,0.0,0.0,128.0,828.0
966394.0,2.0,-0.813,5.832,-0.01901,0.7499,0.0,0.9053,0.0,0.0,128.0,859.0
966434.0,2.0,-0.6535,-8.216,0.00889,0.5801,-7.0,1.2156,0.0,0.0,128.0,842.0
966476.0,2.0,-0.7716,0.495,0.02662,0.2904,-6.657,0.7158,0.0,0.0,128.0,825.0
966516.0,2.0,-0.4403,7.482,0.03476,0.1588,0.596,1.2625,0.0,0.0,128.0,808.0
966556.0,3.0,-0.3405,0.955,0.04245,0.2166,-1.404,0.9483,0.0,0.0,128.0,739.0
966597.0,3.0,-0.359,-5.615,0.04796,0.0183,-8.253,1.1355,0.0,0.0,128.0,696.0
966637.0,3.0,-0.586,3.013,0.04001,-0.4605,-11.635,0.8905,0.0,0.0,128.0,734.0
966677.0,3.0,-0.4541,0.521,0.01523,-0.7619,-3.635,0.9004,0.0,0.0,128.0,754.0
966718.0,3.0,-0.5123,-7.85,-0.01661,-0.7998,0.0,1.261,0.0,0.0,128.0,745.0
966759.0,3.0,-0.6013,-0.847,-0.04868,-0.7998,0.0,0.8291,0.0,0.0,128.0,744.0
966799.0,3.0,-0.5507,-1.709,-0.07999,-0.7998,0.0,0.8706,0.0,0.0,128.0,748.0
966840.0,5.0,-0.7148,-0.341,-0.11044,-0.6592,7.4,0.9488,0.0,0.0,128.0,697.0
966881.0,5.0,-0.813,-6.341,-0.12874,-0.2413,9.796,0.9488,0.0,0.0,128.0,688.0
966921.0,5.0,-1.6153,-32.575,-0.13283,-0.0093,1.796,0.9488,0.0,0.0,128.0,681.0
966961.0,6.0,-2.1936,-9.74,-0.13238,0.0386,1.5,0.9488,0.0,0.0,128.0,743.0
967009.0,2.0,2.9713,-22.936,-0.12889,0.1238,3.7,2.3439,0.0,0.0,128.0,861.0
967051.0,2.0,2.4774,-7.128,-0.12143,0.2548,3.021,-0.4461,0.0,0.0,128.0,824.0
967092.0,2.0,2.0387,-8.36,-0.10894,0.3473,2.926,0.0014,0.0,0.0,128.0,787.0
967132.0,2.0,1.7717,-3.325,-0.09435,0.3955,2.008,-0.1272,0.0,0.0,128.0,852.0
967173.0,2.0,1.626,0.366,-0.07605,0.5612,6.198,-0.0541,0.0,0.0,128.0,819.0
967215.0,2.0,1.4435,-0.237,-0.04935,0.7418,1.601,0.128,0.0,0.0,128.0,817.0
967255.0,2.0,1.5754,3.142,-0.01935,0.7498,0.0,0.0546,0.0,0.0,128.0,820.0
967296.0,2.0,1.7165,5.213,0.01016,0.7498,0.0,0.0216,0.0,0.0,128.0,847.0
967337.0,2.0,2.0295,10.909,0.04024,0.7498,0.0,0.3,0.0,0.0,128.0,864.0
967377.0,2.0,2.4222,9.204,0.07028,0.7498,0.0,-0.223,0.0,0.0,128.0,832.0
967418.0,5.0,2.9437,24.426,0.1002,0.716,-3.2,-0.074,0.0,0.0,128.0,722.0
967459.0,5.0,-2.7796,7.139,0.12375,0.424,-11.2,-0.074,0.0,0.0,128.0,704.0
967499.0,5.0,-2.4007,6.789,0.13268,0.0633,-4.886,-0.074,0.0,0.0,128.0,694.0
967539.0,6.0,-1.8669,20.712,0.13324,-0.0129,-1.5,-0.074,0.0,0.0,128.0,740.0
967579.0,6.0,-1.8515,-6.172,0.13159,-0.0729,-1.5,-0.074,0.0,0.0,128.0,748.0
967621.0,2.0,-1.7457,-0.119,0.12709,-0.1896,-6.1,-0.1741,0.0,0.0,128.0,846.0
967662.0,2.0,-1.873,-2.235,0.11216,-0.5707,-8.191,-0.2677,0.0,0.0,128.0,844.0
967704.0,2.0,-2.0755,-18.679,0.08467,-0.7479,-0.791,1.7047,0.0,0.0,128.0,853.0
967745.0,2.0,-2.6845,-5.882,0.05531,-0.7089,1.409,-0.6852,0.0,0.0,128.0,884.0
967790.0,2.0,-2.9544,-13.072,0.02554,-0.6523,-2.591,0.0949,0.0,0.0,128.0,808.0
967830.0,2.0,2.8593,16.637,-0.00184,-0.7198,-0.112,0.7856,0.0,0.0,128.0,853.0
967872.0,2.0,2.709,-6.323,-0.03019,-0.6626,2.488,-0.5831,0.0,0.0,128.0,887.0
967913.0,2.0,2.5326,-3.742,-0.05768,-0.7255,-3.112,-0.7295,0.0,0.0,128.0,827.0
967955.0,2.0,2.4314,-2.496,-0.08775,-0.7498,0.0,-0.718,0.0,0.0,128.0,868.0
967995.0,5.0,2.4835,3.224,-0.11561,-0.5776,8.2,-0.6364,0.0,0.0,128.0,731.0
968035.0,5.0,2.7336,12.492,-0.13046,-0.1698,8.192,-0.6364,0.0,0.0,128.0,704.0
968075.0,5.0,3.1309,16.293,-0.1329,-0.0013,0.626,-0.6364,0.0,0.0,128.0,703.0
968116.0,6.0,-2.7474,8.669,-0.13211,0.049,1.5,-0.6364,0.0,0.0,128.0,741.0
968162.0,2.0,-2.143,20.394,-0.12848,0.1321,2.1,2.1078,0.0,0.0,128.0,848.0
968204.0,2.0,-1.6521,-0.682,-0.12068,0.2652,5.492,-0.0774,0.0,0.0,128.0,822.0
968244.0,2.0,-1.3407,6.32,-0.10406,0.5962,7.546,0.4879,0.0,0.0,128.0,821.0
968286.0,2.0,-1.0815,-3.834,-0.07609,0.7493,0.146,0.5565,0.0,0.0,128.0,860.0
968327.0,2.0,-1.0861,-4.951,-0.04594,0.7498,0.0,0.6131,0.0,0.0,128.0,844.0
968368.0,2.0,-1.2425,-6.227,-0.01579,0.7498,0.0,0.5634,0.0,0.0,128.0,846.0
968409.0,2.0,-1.3668,0.556,0.01504,0.7465,-0.945,0.2044,0.0,0.0,128.0,835.0
968449.0,2.0,-1.646,-37.009,0.04335,0.6898,-1.58,8.5439,0.0,0.0,128.0,852.0
968496.0,2.0,-2.2841,-6.219,0.0753,0.7291,0.62,-0.4143,0.0,0.0,128.0,828.0
968539.0,5.0,-2.8624,-7.838,0.10489,0.6506,-3.18,-0.7723,0.0,0.0,128.0,809.0
968580.0,5.0,2.6799,-13.223,0.12581,0.3594,-11.18,-0.7723,0.0,0.0,128.0,710.0
968620.0,5.0,2.2457,-17.288,0.1329,0.04,-3.986,-0.7723,0.0,0.0,128.0,682.0
968660.0,6.0,1.8224,-9.504,0.13305,-0.0222,-1.5,-0.7723,0.0,0.0,128.0,740.0
968701.0,6.0,1.5248,-5.627,0.13095,-0.0837,-1.5,-0.7723,0.0,0.0,128.0,740.0
968741.0,2.0,1.3591,-3.647,0.1257,-0.2337,-6.368,0.2978,0.0,0.0,128.0,847.0
968783.0,2.0,1.2471,-2.236,0.11123,-0.5097,-6.284,0.3529,0.0,0.0,128.0,838.0
968824.0,2.0,1.3499,4.308,0.08554,-0.7367,-2.084,0.3322,0.0,0.0,128.0,853.0
968865.0,2.0,1.7273,11.653,0.05486,-0.7499,0.0,0.6885,0.0,0.0,128.0,823.0
968906.0,2.0,2.0801,9.031,0.02573,-0.6779,3.607,0.0196,0.0,0.0,128.0,840.0
968954.0,2.0,2.709,20.957,-0.0018,-0.5048,1.207,1.8592,0.0,0.0,128.0,811.0
968995.0,2.0,-3.0112,13.575,-0.02093,-0.4075,3.807,0.1755,0.0,0.0,128.0,850.0
969039.0,2.0,-2.1783,-1.102,-0.03585,-0.3242,2.007,-0.56,0.0,0.0,128.0,857.0
969086.0,2.0,-1.1873,2.738,-0.04849,-0.1691,4.743,0.4315,0.0,0.0,128.0,855.0
969129.0,2.0,-0.7701,9.354,-0.05141,0.0621,6.373,1.1376,0.0,0.0,128.0,824.0
969169.0,2.0,-0.5354,0.675,-0.0447,0.274,3.104,0.8644,0.0,0.0,128.0,796.0
969217.0,3.0,-0.4326,-4.367,-0.03113,0.2634,-3.724,1.0284,0.0,0.0,128.0,778.0
969258.0,3.0,-0.5875,-3.312,-0.02471,0.0124,-8.124,0.9016,0.0,0.0,128.0,714.0
969299.0,3.0,-0.3497,3.877,-0.02966,-0.2116,-1.524,1.0344,0.0,0.0,128.0,739.0
969340.0,3.0,-0.2577,-0.068,-0.03863,-0.2555,-3.724,0.967,0.0,0.0,128.0,726.0
969381.0,5.0,-0.3728,0.511,-0.05347,-0.5565,-8.924,0.9794,0.0,0.0,128.0,689.0
969421.0,5.0,-0.2255,4.024,-0.08078,-0.7502,-0.724,0.9794,0.0,0.0,128.0,687.0
969461.0,5.0,-0.1411,-1.262,-0.10871,-0.6151,7.276,0.9794,0.0,0.0,128.0,702.0
969502.0,5.0,-0.2884,-4.556,-0.12544,-0.2103,9.138,0.9794,0.0,0.0,128.0,673.0
969542.0,5.0,-0.2684,-2.894,-0.12878,-0.0058,1.346,0.9794,0.0,0.0,128.0,674.0
969582.0,2.0,-0.4985,-9.466,-0.12788,0.099,6.2,1.4405,0.0,0.0,128.0,822.0
969622.0,2.0,-0.6535,15.49,-0.11816,0.3911,6.279,2.3146,0.0,0.0,128.0,802.0
969663.0,2.0,-1.3346,-33.693,-0.09885,0.5851,2.679,7.3769,0.0,0.0,128.0,857.0
969703.0,2.0,-1.9635,-22.122,-0.0738,0.7191,3.135,2.6883,0.0,0.0,128.0,846.0
969743.0,2.0,-3.0097,-31.578,-0.04395,0.7341,-0.6,5.3072,0.0,0.0,128.0,799.0
969785.0,2.0,2.5648,-8.395,-0.01391,0.7243,-0.6,-0.3864,0.0,0.0,128.0,857.0
969826.0,2.0,1.9865,-11.867,0.0147,0.6783,-2.331,0.4988,0.0,0.0,128.0,848.0
969874.0,2.0,1.5125,-8.688,0.042,0.5006,-2.398,0.5453,0.0,0.0,128.0,847.0
969916.0,2.0,1.2471,-4.615,0.06218,0.4593,-1.099,0.4575,0.0,0.0,128.0,828.0
969956.0,2.0,0.905,-19.235,0.07871,0.3481,-5.786,2.9683,0.0,0.0,128.0,863.0
969996.0,2.0,0.7332,4.068,0.08692,0.052,-8.2,0.8442,0.0,0.0,128.0,786.0
970038.0,2.0,1.0155,5.91,0.08377,-0.2372,-8.727,0.743,0.0,0.0,128.0,840.0
970078.0,2.0,1.3376,9.167,0.0678,-0.5724,-7.2,0.7528,0.0,0.0,128.0,848.0
970119.0,2.0,1.7211,12.074,0.04114,-0.7462,-0.882,0.7609,0.0,0.0,128.0,881.0
970159.0,2.0,2.2473,9.714,0.01132,-0.7229,2.633,-0.0383,0.0,0.0,128.0,856.0
970203.0,2.0,2.9913,19.413,-0.01714,-0.598,1.664,1.3906,0.0,0.0,128.0,856.0
970245.0,2.0,-2.3608,10.226,-0.04114,-0.624,-2.536,-0.0401,0.0,0.0,128.0,853.0
970286.0,2.0,-1.376,16.484,-0.06919,-0.7459,-0.936,1.9319,0.0,0.0,128.0,831.0
970330.0,2.0,-0.902,5.189,-0.0996,-0.5963,6.264,0.7948,0.0,0.0,128.0,857.0
970374.0,2.0,-0.5829,4.71,-0.11869,-0.2871,5.869,0.9796,0.0,0.0,128.0,843.0
970414.0,5.0,-0.4602,1.924,-0.12758,-0.2051,-0.131,1.0255,0.0,0.0,128.0,785.0
970455.0,5.0,-0.5538,-8.718,-0.13365,-0.0597,4.871,1.0255,0.0,0.0,128.0,681.0
970495.0,6.0,-0.7378,-0.92,-0.1341,0.0145,1.5,1.0255,0.0,0.0,128.0,739.0
970536.0,6.0,-0.6366,-0.769,-0.13234,0.076,1.5,1.0255,0.0,0.0,128.0,710.0
970577.0,2.0,-0.7716,-2.497,-0.12799,0.1647,4.7,0.7541,0.0,0.0,128.0,812.0
970618.0,2.0,-1.0492,-32.133,-0.11798,0.3635,5.1,6.9952,0.0,0.0,128.0,846.0
970659.0,2.0,-1.649,-10.522,-0.09971,0.5464,5.662,0.6118,0.0,0.0,128.0,853.0
970700.0,2.0,-2.3807,-30.195,-0.07395,0.7345,2.281,5.018,0.0,0.0,128.0,811.0
970742.0,2.0,3.1247,-14.183,-0.04241,0.7499,-0.101,0.2719,0.0,0.0,128.0,846.0
970783.0,2.0,2.5587,-22.77,-0.0126,0.6956,-3.128,2.4523,0.0,0.0,128.0,867.0
970825.0,2.0,2.1399,-7.758,0.01279,0.5325,-6.61,-0.1525,0.0,0.0,128.0,870.0
970865.0,2.0,1.7595,-7.817,0.02839,0.2197,-7.29,0.208,0.0,0.0,128.0,841.0
970908.0,2.0,1.6061,-4.557,0.03221,-0.0069,-3.413,0.0813,0.0,0.0,128.0,850.0
970949.0,2.0,1.5018,-3.707,0.02996,-0.0961,-0.83,0.1586,0.0,0.0,128.0,838.0
970990.0,2.0,1.4926,5.364,0.02501,-0.1551,-1.882,0.2472,0.0,0.0,128.0,850.0
971030.0,2.0,1.7457,6.344,0.01781,-0.1684,3.337,0.0736,0.0,0.0,128.0,840.0
971071.0,2.0,2.0417,5.544,0.0153,0.0739,6.748,-0.2656,0.0,0.0,128.0,822.0
971112.0,2.0,2.4083,13.714,0.02348,0.3473,6.983,0.427,0.0,0.0,128.0,838.0
971152.0,2.0,3.0818,17.651,0.0411,0.5369,3.059,0.9699,0.0,0.0,128.0,828.0
971193.0,2.0,-2.3731,24.212,0.06469,0.6356,-0.779,3.0071,0.0,0.0,128.0,880.0
971235.0,2.0,-1.5447,16.847,0.08921,0.4986,-6.779,1.8311,0.0,0.0,128.0,852.0
971276.0,2.0,-1.0216,8.905,0.10384,0.2074,-5.888,1.0322,0.0,0.0,128.0,850.0
971317.0,2.0,-0.8345,0.956,0.10635,-0.1105,-9.488,0.6784,0.0,0.0,128.0,816.0
971358.0,2.0,-0.9787,-8.615,0.09536,-0.4282,-7.348,1.0228,0.0,0.0,128.0,852.0
971399.0,2.0,-0.7256,5.636,0.07298,-0.6648,-2.748,0.9521,0.0,0.0,128.0,839.0
971442.0,2.0,-0.6381,-0.58,0.04451,-0.6069,2.852,0.8048,0.0,0.0,128.0,836.0
971484.0,2.0,-0.7102,-3.15,0.02126,-0.5751,-0.223,0.8193,0.0,0.0,128.0,839.0
971524.0,2.0,-0.9035,-3.04,-0.00131,-0.5539,2.098,0.6749,0.0,0.0,128.0,853.0
971566.0,2.0,-1.2502,-13.611,-0.02242,-0.4687,-0.04,1.4745,0.0,0.0,128.0,839.0
971607.0,2.0,-1.7825,-36.206,-0.04144,-0.4666,1.76,8.0375,0.0,0.0,128.0,857.0
971650.0,2.0,-2.5433,-25.877,-0.05869,-0.3679,2.218,3.3907,0.0,0.0,128.0,840.0
971696.0,2.0,2.9606,-23.177,-0.0732,-0.2764,4.457,2.4156,0.0,0.0,128.0,786.0
971737.0,2.0,2.6185,-12.925,-0.0816,-0.1537,0.531,0.1962,0.0,0.0,128.0,866.0
971781.0,2.0,2.1982,-3.588,-0.08734,-0.1023,0.846,-0.5039,0.0,0.0,128.0,840.0
971822.0,2.0,2.0126,-4.067,-0.09248,-0.185,-2.487,-0.3193,0.0,0.0,128.0,824.0
971863.0,2.0,1.8868,-1.623,-0.1008,-0.1916,3.021,-0.2931,0.0,0.0,128.0,872.0
971904.0,2.0,1.985,1.253,-0.10402,0.0979,11.06,-0.3954,0.0,0.0,128.0,838.0
971945.0,2.0,2.0939,7.349,-0.09217,0.5168,9.26,-0.1638,0.0,0.0,128.0,846.0
971985.0,2.0,2.3807,8.819,-0.06593,0.7411,1.86,-0.2393,0.0,0.0,128.0,839.0
972025.0,2.0,2.6645,15.223,-0.03668,0.7498,0.0,0.5702,0.0,0.0,128.0,842.0
972066.0,2.0,-2.91,6.746,-0.00668,0.7306,-0.4,-0.6829,0.0,0.0,128.0,853.0
972107.0,2.0,-2.5111,6.347,0.02216,0.7112,1.4,-0.5496,0.0,0.0,128.0,837.0
972149.0,2.0,-1.7426,49.294,0.05246,0.7106,-3.8,15.2804,0.0,0.0,128.0,861.0
972189.0,2.0,-1.3867,2.112,0.07695,0.5033,-7.02,0.217,0.0,0.0,128.0,849.0
972234.0,2.0,-1.4128,1.496,0.09251,0.2195,-7.028,0.1721,0.0,0.0,128.0,833.0
972275.0,2.0,-1.4419,-0.305,0.09529,-0.0832,-7.026,0.1284,0.0,0.0,128.0,813.0
972316.0,2.0,-1.514,-2.445,0.08659,-0.3454,-5.9,0.091,0.0,0.0,128.0,826.0
972356.0,2.0,-1.6536,-4.277,0.06836,-0.607,-7.147,0.0323,0.0,0.0,128.0,821.0
972397.0,2.0,-2.2626,-16.1,0.04016,-0.749,-0.147,0.9807,0.0,0.0,128.0,837.0
972438.0,2.0,-2.9406,-13.059,0.01039,-0.7005,2.6,0.0951,0.0,0.0,128.0,852.0
972478.0,2.0,2.9084,-3.614,-0.01616,-0.6705,-1.8,-0.8892,0.0,0.0,128.0,844.0
972522.0,2.0,2.4375,-13.668,-0.04609,-0.7485,-0.564,0.4283,0.0,0.0,128.0,856.0
972562.0,2.0,2.2074,-0.986,-0.07624,-0.7481,0.4,-0.5881,0.0,0.0,128.0,893.0
972603.0,5.0,2.0586,-5.309,-0.10598,-0.6847,5.0,-0.467,0.0,0.0,128.0,696.0
972643.0,5.0,2.0555,-4.466,-0.1269,-0.3248,11.391,-0.467,0.0,0.0,128.0,683.0
972684.0,5.0,2.1399,3.654,-0.13305,-0.0325,3.596,-0.467,0.0,0.0,128.0,675.0
972724.0,6.0,2.2289,-5.606,-0.13309,0.025,1.5,-0.467,0.0,0.0,128.0,725.0
972764.0,6.0,2.7136,13.702,-0.13099,0.085,1.5,-0.467,0.0,0.0,128.0,741.0
972805.0,2.0,-3.0833,21.778,-0.12566,0.2368,6.7,2.0005,0.0,0.0,128.0,825.0
972845.0,2.0,-2.5602,16.627,-0.11111,0.5007,7.517,0.9204,0.0,0.0,128.0,841.0
972885.0,2.0,-1.896,8.652,-0.08749,0.6977,4.389,0.1587,0.0,0.0,128.0,833.0
972926.0,2.0,-1.3407,8.637,-0.05775,0.7499,0.0,0.7092,0.0,0.0,128.0,803.0
972967.0,2.0,-0.7701,9.178,-0.02827,0.7469,-1.0,1.2573,0.0,0.0,128.0,871.0
973011.0,2.0,-0.5967,-1.055,0.00075,0.4961,-9.2,0.8344,0.0,0.0,128.0,848.0
973053.0,2.0,-0.7409,10.97,0.01526,0.2355,-4.6,1.5047,0.0,0.0,128.0,829.0
973103.0,3.0,-0.4096,1.495,0.02419,0.1879,0.8,0.9314,0.0,0.0,128.0,758.0
973143.0,3.0,-0.4096,-2.32,0.02996,0.0409,-7.6,0.9513,0.0,0.0,128.0,757.0
973184.0,3.0,-0.6765,-9.746,0.02336,-0.4249,-12.2,1.38,0.0,0.0,128.0,732.0
973224.0,3.0,-0.5047,5.863,-0.00045,-0.7489,-4.2,1.0926,0.0,0.0,128.0,753.0
973265.0,3.0,-0.4571,-2.121,-0.0321,-0.7999,0.0,0.9258,0.0,0.0,128.0,740.0
973306.0,3.0,-0.5967,-4.884,-0.06416,-0.7999,0.0,0.978,0.0,0.0,128.0,746.0
973346.0,5.0,-0.8514,-4.031,-0.09533,-0.7727,3.2,0.7418,0.0,0.0,128.0,710.0
973387.0,5.0,-0.8958,-4.746,-0.12158,-0.4693,11.4,0.7418,0.0,0.0,128.0,709.0
973428.0,5.0,-1.2487,-22.69,-0.13181,-0.0874,5.797,0.7418,0.0,0.0,128.0,674.0
973468.0,6.0,-2.0003,-30.592,-0.13275,0.0086,1.5,0.7418,0.0,0.0,128.0,735.0
973509.0,6.0,-2.7305,-14.25,-0.13117,0.0701,1.5,0.7418,0.0,0.0,128.0,735.0
973550.0,2.0,2.778,-8.966,-0.12683,0.1566,1.5,-0.4227,0.0,0.0,128.0,797.0
973591.0,2.0,2.2565,-6.613,-0.11944,0.2361,2.891,-0.3515,0.0,0.0,128.0,837.0
973631.0,2.0,2.0203,-4.964,-0.10898,0.2606,-1.225,-0.2747,0.0,0.0,128.0,836.0
973672.0,2.0,1.7717,-6.376,-0.09885,0.2702,1.557,0.0633,0.0,0.0,128.0,852.0
973712.0,2.0,1.6843,-3.123,-0.08524,0.4554,5.722,-0.0491,0.0,0.0,128.0,825.0
973754.0,2.0,1.6398,3.879,-0.06262,0.6842,5.004,0.023,0.0,0.0,128.0,826.0
973796.0,2.0,1.8224,5.063,-0.0318,0.7497,0.0,-0.0924,0.0,0.0,128.0,810.0
973836.0,2.0,1.985,1.137,-0.00233,0.7497,0.0,-0.3949,0.0,0.0,128.0,816.0
973877.0,2.0,2.4222,11.283,0.02719,0.7498,0.0,0.0461,0.0,0.0,128.0,856.0
973918.0,2.0,2.8057,11.252,0.05798,0.7498,0.0,-0.1474,0.0,0.0,128.0,814.0
973959.0,2.0,-2.8179,16.248,0.0873,0.7028,-1.528,0.7248,0.0,0.0,128.0,851.0
974006.0,5.0,-2.2135,18.886,0.11524,0.5189,-3.746,-0.3389,0.0,0.0,128.0,779.0
974046.0,5.0,-1.5033,6.75,0.13065,0.2142,-9.243,-0.3389,0.0,0.0,128.0,703.0
974086.0,5.0,-1.5785,-2.861,0.13406,0.005,-1.246,-0.3389,0.0,0.0,128.0,696.0
974127.0,6.0,-1.5064,-0.118,0.13346,-0.043,-1.5,-0.3389,0.0,0.0,128.0,747.0
974168.0,6.0,-1.5125,-4.216,0.13054,-0.1045,-1.5,-0.3389,0.0,0.0,128.0,768.0
974209.0,2.0,-1.8423,-7.536,0.12394,-0.2905,-8.5,0.0814,0.0,0.0,128.0,897.0
974249.0,2.0,-2.3562,-13.229,0.10627,-0.5764,-5.5,0.389,0.0,0.0,128.0,842.0
974290.0,2.0,-2.8777,-1.995,0.07897,-0.7477,-0.9,-0.9407,0.0,0.0,128.0,811.0
974331.0,2.0,2.9054,-16.433,0.0489,-0.7499,0.0,0.7383,0.0,0.0,128.0,838.0
974371.0,2.0,2.4037,-3.333,0.01954,-0.7499,0.0,-0.6661,0.0,0.0,128.0,850.0
974413.0,2.0,2.1829,-5.109,-0.01132,-0.7499,0.0,-0.405,0.0,0.0,128.0,813.0
974454.0,2.0,1.9574,-5.061,-0.04084,-0.7499,0.0,-0.2103,0.0,0.0,128.0,857.0
974494.0,2.0,1.8822,0.532,-0.07091,-0.7437,1.4,-0.3054,0.0,0.0,128.0,845.0
974538.0,2.0,2.0034,1.205,-0.09904,-0.4841,10.2,-0.4124,0.0,0.0,128.0,876.0
974580.0,2.0,2.2212,7.727,-0.10965,-0.0095,12.0,-0.2337,0.0,0.0,128.0,844.0
974620.0,2.0,2.5234,18.331,-0.10054,0.4753,10.4,1.2998,0.0,0.0,128.0,853.0
974661.0,2.0,3.0112,16.84,-0.0762,0.7297,2.8,0.799,0.0,0.0,128.0,802.0
974701.0,2.0,-2.4145,42.016,-0.04639,0.7323,-1.0,10.4356,0.0,0.0,128.0,796.0
974742.0,2.0,-1.9313,29.704,-0.01886,0.6679,-1.8,5.2478,0.0,0.0,128.0,886.0
974784.0,2.0,-1.3637,7.704,0.0069,0.5713,-1.6,0.5868,0.0,0.0,128.0,856.0
974826.0,2.0,-1.0554,4.01,0.02929,0.487,-4.895,0.6025,0.0,0.0,128.0,837.0
974866.0,2.0,-0.948,-7.328,0.04534,0.3564,-2.782,0.9169,0.0,0.0,128.0,857.0
974910.0,2.0,-1.1045,-3.05,0.05865,0.2469,-2.005,0.504,0.0,0.0,128.0,842.0
974951.0,2.0,-1.0477,-0.707,0.06563,0.059,-6.536,0.5037,0.0,0.0,128.0,824.0
974991.0,2.0,-1.1397,-2.33,0.06491,-0.0713,-1.894,0.4501,0.0,0.0,128.0,845.0
975031.0,2.0,-1.468,-24.055,0.06023,-0.1957,-5.271,3.7279,0.0,0.0,128.0,836.0
975072.0,2.0,-2.0126,-25.483,0.04886,-0.3489,-1.036,3.654,0.0,0.0,128.0,852.0
975115.0,2.0,-2.7397,-15.581,0.03405,-0.3626,-0.287,0.6079,0.0,0.0,128.0,848.0
975155.0,2.0,2.8563,-15.784,0.01808,-0.4386,-2.487,0.6197,0.0,0.0,128.0,843.0
975195.0,2.0,2.3593,-6.66,-0.00278,-0.6492,-6.087,-0.4229,0.0,0.0,128.0,836.0
975235.0,2.0,1.9313,-10.287,-0.03094,-0.7498,0.0,0.3251,0.0,0.0,128.0,833.0
975276.0,2.0,1.6091,-8.447,-0.0603,-0.7385,2.039,0.4203,0.0,0.0,128.0,879.0
975318.0,2.0,1.4419,-4.204,-0.08678,-0.4853,9.042,0.2434,0.0,0.0,128.0,888.0
975362.0,2.0,1.0753,0.294,-0.10012,-0.1028,8.681,0.4746,0.0,0.0,128.0,844.0
975403.0,2.0,1.1106,-1.099,-0.099,0.1585,7.412,0.4522,0.0,0.0,128.0,864.0
975444.0,2.0,0.8391,-13.873,-0.08535,0.5224,6.554,1.8939,0.0,0.0,128.0,857.0
975485.0,2.0,0.7225,7.01,-0.06101,0.6773,4.754,1.0549,0.0,0.0,128.0,809.0
975525.0,2.0,0.7578,-2.251,-0.03236,0.7428,-1.441,0.76,0.0,0.0,128.0,858.0
975565.0,2.0,0.5231,-6.793,-0.00589,0.512,-9.206,1.161,0.0,0.0,128.0,792.0
975605.0,2.0,0.724,8.239,0.00934,0.3077,-1.206,1.1736,0.0,0.0,128.0,828.0
975648.0,2.0,1.1152,9.734,0.02183,0.3035,-0.596,1.0293,0.0,0.0,128.0,849.0
975690.0,2.0,1.514,9.853,0.03195,0.1729,-3.021,0.6609,0.0,0.0,128.0,868.0
975731.0,2.0,1.8914,9.327,0.03746,0.1342,1.62,0.2294,0.0,0.0,128.0,818.0
975771.0,2.0,2.5173,6.885,0.04309,0.122,-0.58,-0.5159,0.0,0.0,128.0,833.0
975812.0,2.0,-3.0143,22.035,0.04774,0.0754,-4.519,2.0806,0.0,0.0,128.0,815.0
975853.0,2.0,-2.3194,15.95,0.048,-0.069,-3.175,0.9351,0.0,0.0,128.0,849.0
975893.0,2.0,-1.4588,3.308,0.04118,-0.3028,-5.575,0.1824,0.0,0.0,128.0,821.0
975934.0,2.0,-1.0262,13.042,0.02501,-0.4849,-1.753,1.6056,0.0,0.0,128.0,829.0
975974.0,2.0,-0.9879,8.062,0.00529,-0.505,-0.153,0.9695,0.0,0.0,128.0,850.0
976016.0,2.0,-0.9419,-5.301,-0.01545,-0.5143,1.89,0.7627,0.0,0.0,128.0,900.0
976058.0,2.0,-1.0155,-3.35,-0.03424,-0.3433,5.828,0.5947,0.0,0.0,128.0,851.0
976104.0,2.0,-1.0232,-7.318,-0.04474,-0.1555,1.949,0.8555,0.0,0.0,128.0,849.0
976147.0,2.0,-1.2487,-10.795,-0.04965,-0.0666,3.238,1.0473,0.0,0.0,128.0,873.0
976191.0,2.0,-1.8055,-11.076,-0.05033,0.0396,1.102,0.5313,0.0,0.0,128.0,824.0
976232.0,2.0,-2.574,0.802,-0.04609,0.2017,5.264,-0.8423,0.0,0.0,128.0,823.0
976272.0,2.0,-3.1278,-12.805,-0.03326,0.4826,7.96,0.0363,0.0,0.0,128.0,828.0
976313.0,2.0,2.933,6.605,-0.01031,0.6626,3.96,-0.7039,0.0,0.0,128.0,825.0
976354.0,2.0,2.663,-3.965,0.01868,0.6931,-2.84,-0.7864,0.0,0.0,128.0,845.0
976395.0,2.0,2.3746,-2.908,0.04211,0.4045,-11.04,-0.6637,0.0,0.0,128.0,858.0
976440.0,2.0,2.3562,-0.888,0.05145,0.0047,-9.64,-0.7031,0.0,0.0,128.0,853.0
976481.0,2.0,2.235,-1.02,0.04354,-0.4407,-11.0,-0.6082,0.0,0.0,128.0,858.0
976521.0,2.0,2.3409,2.881,0.01939,-0.7195,-2.8,-0.6462,0.0,0.0,128.0,849.0
976561.0,2.0,2.4498,1.803,-0.00893,-0.6675,5.2,-0.7511,0.0,0.0,128.0,861.0
976605.0,2.0,2.7704,9.058,-0.03026,-0.2517,12.0,-0.4165,0.0,0.0,128.0,835.0
976646.0,2.0,-2.9544,17.875,-0.0312,0.2059,8.8,1.0437,0.0,0.0,128.0,839.0
976686.0,2.0,-2.5188,16.668,-0.0171,0.5144,7.465,0.9519,0.0,0.0,128.0,833.0
976727.0,2.0,-1.4696,17.355,0.00739,0.6727,1.665,2.0139,0.0,0.0,128.0,837.0
976768.0,2.0,-0.9097,11.548,0.03551,0.7481,0.465,1.468,0.0,0.0,128.0,859.0
976808.0,2.0,-0.6366,6.098,0.06465,0.6798,-4.165,1.0426,0.0,0.0,128.0,836.0
976849.0,2.0,-0.52,-2.147,0.08659,0.3619,-8.779,0.8961,0.0,0.0,128.0,854.0
976890.0,3.0,-0.5415,4.377,0.09491,0.0125,-8.604,0.978,0.0,0.0,128.0,734.0
976930.0,3.0,-0.0828,12.576,0.09094,-0.1676,-0.604,1.9961,0.0,0.0,128.0,735.0
976971.0,3.0,0.2546,4.611,0.08591,-0.0202,7.596,1.1021,0.0,0.0,128.0,723.0
977012.0,5.0,0.385,-7.882,0.09236,0.3552,7.196,1.2723,0.0,0.0,128.0,687.0
977052.0,5.0,0.1979,1.531,0.11018,0.4781,-1.004,1.2723,0.0,0.0,128.0,682.0
977092.0,5.0,0.3774,1.881,0.12607,0.2739,-9.004,1.2723,0.0,0.0,128.0,680.0
977133.0,5.0,0.7194,15.735,0.13099,0.0188,-2.727,1.2723,0.0,0.0,128.0,675.0
977173.0,6.0,1.0723,18.312,0.13076,-0.033,-1.5,1.2723,0.0,0.0,128.0,755.0
977213.0,2.0,1.5478,11.966,0.12799,-0.1482,-6.1,0.9169,0.0,0.0,128.0,802.0
977255.0,2.0,2.077,21.148,0.11603,-0.4624,-8.512,2.3239,0.0,0.0,128.0,860.0
977295.0,2.0,2.6369,6.143,0.09135,-0.7288,-2.712,-0.6404,0.0,0.0,128.0,837.0
977335.0,2.0,-2.6967,22.756,0.06206,-0.7497,0.0,2.3803,0.0,0.0,128.0,843.0
977375.0,2.0,-2.1384,11.466,0.03285,-0.7479,0.6,0.3,0.0,0.0,128.0,853.0
977418.0,2.0,-1.1597,6.739,0.00184,-0.7061,1.0,0.6955,0.0,0.0,128.0,862.0
977461.0,2.0,-0.7424,2.093,-0.02798,-0.6725,4.193,0.7655,0.0,0.0,128.0,857.0
977505.0,2.0,-0.5384,0.737,-0.05134,-0.3792,5.596,0.872,0.0,0.0,128.0,881.0
977546.0,2.0,-0.4587,-0.693,-0.0642,-0.2977,0.817,0.8988,0.0,0.0,128.0,847.0
977587.0,2.0,-0.7271,-3.803,-0.07463,-0.2288,1.017,0.8329,0.0,0.0,128.0,851.0
977628.0,2.0,-0.6213,4.022,-0.08261,-0.1862,-0.983,0.9167,0.0,0.0,128.0,810.0
977668.0,2.0,-0.7148,-5.466,-0.09127,-0.2247,2.217,0.9411,0.0,0.0,128.0,823.0
977709.0,2.0,-0.8575,-13.824,-0.09679,-0.0187,5.85,1.8517,0.0,0.0,128.0,866.0
977751.0,2.0,-1.1443,-12.68,-0.09278,0.2194,5.022,1.4158,0.0,0.0,128.0,852.0
977792.0,2.0,-1.7886,-10.592,-0.08108,0.3878,4.11,0.4868,0.0,0.0,128.0,810.0
977833.0,2.0,-2.6952,-8.51,-0.06,0.6675,5.71,-0.4489,0.0,0.0,128.0,826.0
977873.0,2.0,2.9345,-13.957,-0.03142,0.7487,-0.6,0.2557,0.0,0.0,128.0,847.0
977913.0,2.0,2.4973,-8.103,-0.00439,0.5931,-5.0,-0.3786,0.0,0.0,128.0,869.0
977955.0,2.0,2.1506,-10.065,0.01455,0.2849,-9.0,0.102,0.0,0.0,128.0,809.0
977998.0,2.0,1.8178,-6.156,0.01905,-0.0931,-8.691,0.0017,0.0,0.0,128.0,841.0
978039.0,2.0,1.7027,-0.711,0.0102,-0.3253,-2.7,-0.1281,0.0,0.0,128.0,853.0
978080.0,2.0,1.6889,1.506,-0.00446,-0.3606,1.537,-0.1054,0.0,0.0,128.0,865.0
978121.0,2.0,1.738,1.893,-0.01729,-0.2955,1.997,-0.1427,0.0,0.0,128.0,859.0
978163.0,2.0,2.0218,7.276,-0.02546,-0.0204,10.597,-0.1069,0.0,0.0,128.0,838.0
978204.0,2.0,2.3899,10.518,-0.01778,0.4183,9.96,-0.0383,0.0,0.0,128.0,842.0
978244.0,2.0,2.8026,23.773,0.0048,0.7072,4.06,2.6204,0.0,0.0,128.0,776.0
978285.0,2.0,-2.7197,9.1,0.0342,0.7146,-2.14,-0.3831,0.0,0.0,128.0,846.0
978329.0,2.0,-2.0034,15.114,0.06266,0.5856,-2.94,1.0387,0.0,0.0,128.0,851.0
978370.0,2.0,-1.3683,-12.261,0.08318,0.4229,-4.654,1.1416,0.0,0.0,128.0,861.0
978410.0,2.0,-1.0078,6.706,0.09581,0.2227,-4.543,0.8282,0.0,0.0,128.0,861.0
978451.0,2.0,-1.0861,-5.662,0.10001,-0.0378,-6.751,0.6635,0.0,0.0,128.0,858.0
978492.0,2.0,-1.1888,0.328,0.09352,-0.2753,-6.191,0.3735,0.0,0.0,128.0,816.0
978537.0,2.0,-1.1505,-2.201,0.07369,-0.6416,-6.167,0.4372,0.0,0.0,128.0,835.0
978578.0,2.0,-1.2333,1.664,0.04519,-0.7455,-1.307,0.3508,0.0,0.0,128.0,849.0
978619.0,2.0,-1.2839,25.928,0.01508,-0.7442,1.4,4.5555,0.0,0.0,128.0,857.0
978665.0,2.0,-2.2442,-10.735,-0.0171,-0.6443,4.333,0.0939,0.0,0.0,128.0,865.0
978706.0,2.0,-2.7872,-6.878,-0.04125,-0.5609,1.333,-0.6444,0.0,0.0,128.0,844.0
978747.0,2.0,2.8808,-16.061,-0.06458,-0.6099,0.338,0.6682,0.0,0.0,128.0,830.0
978796.0,2.0,2.574,-1.021,-0.09169,-0.5197,3.538,-0.8383,0.0,0.0,128.0,884.0
978836.0,5.0,2.2933,-6.159,-0.11175,-0.4988,1.338,-0.4779,0.0,0.0,128.0,718.0
978877.0,5.0,2.1016,1.927,-0.12821,-0.2813,9.338,-0.4779,0.0,0.0,128.0,676.0
978917.0,5.0,2.1583,4.13,-0.13331,-0.0208,2.739,-0.4779,0.0,0.0,128.0,688.0
978957.0,6.0,2.2657,3.002,-0.13309,0.0324,1.5,-0.4779,0.0,0.0,128.0,730.0
978997.0,6.0,2.3792,13.724,-0.13069,0.0924,1.5,-0.4779,0.0,0.0,128.0,749.0
979039.0,2.0,2.8977,13.678,-0.12454,0.2729,8.3,0.209,0.0,0.0,128.0,826.0
979080.0,2.0,-2.7151,22.842,-0.10594,0.645,6.1,2.3984,0.0,0.0,128.0,848.0
979121.0,2.0,-2.37,20.671,-0.07706,0.7493,-0.1,1.9905,0.0,0.0,128.0,894.0
979162.0,2.0,-1.241,38.19,-0.04871,0.6488,-0.766,9.5835,0.0,0.0,128.0,902.0
979202.0,2.0,-1.1812,8.753,-0.02265,0.6784,1.803,0.8734,0.0,0.0,128.0,843.0
979244.0,2.0,-0.8652,6.82,0.00472,0.6788,-0.262,0.9475,0.0,0.0,128.0,854.0
979284.0,2.0,-0.7087,-3.369,0.03034,0.5687,-2.862,0.8287,0.0,0.0,128.0,808.0
979325.0,2.0,-0.9833,-14.661,0.05126,0.4667,-3.7,1.9034,0.0,0.0,128.0,837.0
979370.0,2.0,-0.9526,2.414,0.06818,0.2863,-7.049,0.6192,0.0,0.0,128.0,839.0
979411.0,2.0,-1.037,-3.146,0.07553,0.0962,-3.04,0.5689,0.0,0.0,128.0,838.0
979451.0,2.0,-1.3499,-9.053,0.07654,-0.0582,-4.662,0.7269,0.0,0.0,128.0,859.0
979491.0,2.0,-1.8009,-26.388,0.06979,-0.2868,-4.062,4.1485,0.0,0.0,128.0,840.0
979532.0,2.0,-2.617,-16.282,0.05625,-0.4019,-4.262,0.8006,0.0,0.0,128.0,867.0
979573.0,2.0,2.8532,-12.908,0.03739,-0.5247,-1.403,0.0995,0.0,0.0,128.0,829.0
979617.0,2.0,2.2473,-18.06,0.01219,-0.6628,-3.4,1.4498,0.0,0.0,128.0,859.0
979659.0,2.0,1.8132,-6.659,-0.01684,-0.7498,0.0,0.0465,0.0,0.0,128.0,872.0
979699.0,2.0,1.465,-8.724,-0.04613,-0.6729,5.167,0.5955,0.0,0.0,128.0,864.0
979742.0,2.0,1.1413,-13.762,-0.06776,-0.3592,5.944,1.6259,0.0,0.0,128.0,870.0
979786.0,2.0,0.8268,4.193,-0.07999,-0.1923,4.944,0.7842,0.0,0.0,128.0,847.0
979827.0,2.0,0.6581,-6.194,-0.08325,0.0297,3.496,1.0374,0.0,0.0,128.0,801.0
979868.0,2.0,0.2071,-20.515,-0.08149,0.0008,-4.704,3.6421,0.0,0.0,128.0,849.0
979946.0,3.0,0.1672,-4.262,-0.09656,-0.3192,-2.971,1.1008,0.0,0.0,128.0,759.0
979986.0,5.0,-0.0476,-7.302,-0.1125,-0.4508,0.029,1.2763,0.0,0.0,128.0,681.0
980027.0,5.0,-0.2684,-0.432,-0.12806,-0.2857,8.029,1.2763,0.0,0.0,128.0,667.0
980067.0,5.0,-0.1457,-2.211,-0.13346,-0.0208,2.841,1.2763,0.0,0.0,128.0,652.0
980107.0,6.0,-0.3221,-3.688,-0.13331,0.0294,1.5,1.2763,0.0,0.0,128.0,740.0
980148.0,6.0,-0.7271,-9.089,-0.13095,0.0909,1.5,1.2763,0.0,0.0,128.0,723.0
980189.0,2.0,-1.0999,-14.876,-0.12544,0.2147,3.6,1.8394,0.0,0.0,128.0,846.0
980230.0,2.0,-1.83,-18.252,-0.11396,0.3993,7.8,1.8299,0.0,0.0,128.0,806.0
980270.0,2.0,-2.755,-12.144,-0.0921,0.691,4.8,-0.0,0.0,0.0,128.0,794.0
980311.0,2.0,2.89,-18.354,-0.06262,0.7306,-1.691,1.1646,0.0,0.0,128.0,829.0
980352.0,2.0,2.3393,-6.205,-0.0336,0.7027,-1.891,-0.4465,0.0,0.0,128.0,876.0
980394.0,2.0,1.9267,-11.958,-0.00739,0.5366,-4.858,0.5661,0.0,0.0,128.0,901.0
980439.0,2.0,1.6613,-5.054,0.01076,0.2891,-3.9,0.0759,0.0,0.0,128.0,830.0
980480.0,2.0,1.5524,-1.604,0.02036,0.2111,-1.391,0.0373,0.0,0.0,128.0,845.0
980520.0,2.0,1.4834,0.077,0.02771,0.1623,-1.097,0.0889,0.0,0.0,128.0,858.0
980561.0,2.0,1.6506,10.885,0.03221,0.0648,-0.856,0.6584,0.0,0.0,128.0,858.0
980602.0,2.0,1.9175,7.52,0.036,0.1673,4.93,0.011,0.0,0.0,128.0,852.0
980642.0,2.0,2.169,3.743,0.04676,0.3725,4.397,-0.4755,0.0,0.0,128.0,831.0
980685.0,2.0,2.8164,6.793,0.06581,0.4939,1.197,-0.6585,0.0,0.0,128.0,796.0
980725.0,2.0,-2.8992,27.205,0.08655,0.5601,0.562,3.7141,0.0,0.0,128.0,791.0
980766.0,2.0,-2.1261,19.353,0.10703,0.4478,-4.773,1.8582,0.0,0.0,128.0,886.0
980807.0,2.0,-1.5999,2.735,0.11925,0.1195,-8.954,0.0193,0.0,0.0,128.0,803.0
980848.0,2.0,-1.2379,7.564,0.11745,-0.2383,-10.582,0.7003,0.0,0.0,128.0,846.0
980888.0,2.0,-1.2793,0.822,0.09983,-0.624,-6.782,0.2903,0.0,0.0,128.0,808.0
980928.0,2.0,-1.3008,3.461,0.07211,-0.7493,0.0,0.3444,0.0,0.0,128.0,843.0
980969.0,2.0,-1.2318,-8.663,0.04275,-0.7497,0.0,0.7942,0.0,0.0,128.0,846.0
981009.0,2.0,-1.4281,-7.836,0.01294,-0.7274,0.619,0.5223,0.0,0.0,128.0,835.0
981054.0,2.0,-1.8929,-5.468,-0.01826,-0.6518,2.419,-0.1282,0.0,0.0,128.0,846.0
981102.0,2.0,-2.7336,-11.894,-0.04609,-0.5145,1.619,-0.0288,0.0,0.0,128.0,857.0
981143.0,2.0,3.0388,-27.587,-0.06611,-0.4843,1.419,3.8183,0.0,0.0,128.0,807.0
981183.0,2.0,2.7489,-14.08,-0.08321,-0.3671,3.819,0.3351,0.0,0.0,128.0,866.0
981230.0,2.0,2.4329,-4.26,-0.09851,-0.33,-1.311,-0.641,0.0,0.0,128.0,876.0
981271.0,2.0,2.3685,3.99,-0.11348,-0.4164,-0.648,-0.6186,0.0,0.0,128.0,839.0
981312.0,5.0,2.3792,1.418,-0.1284,-0.2907,6.952,-0.6946,0.0,0.0,128.0,694.0
981352.0,5.0,2.5341,4.477,-0.13414,-0.0251,2.972,-0.6946,0.0,0.0,128.0,697.0
981392.0,6.0,2.7642,5.717,-0.13403,0.0286,1.5,-0.6946,0.0,0.0,128.0,735.0
981433.0,6.0,3.0296,16.445,-0.1317,0.0901,1.5,-0.6946,0.0,0.0,128.0,754.0
981474.0,2.0,-2.709,12.635,-0.12645,0.2116,6.3,0.1115,0.0,0.0,128.0,878.0
981519.0,2.0,-2.0862,32.876,-0.11021,0.551,7.169,6.3569,0.0,0.0,128.0,846.0
981560.0,2.0,-1.6122,18.289,-0.08299,0.7427,1.569,2.0915,0.0,0.0,128.0,843.0
981601.0,2.0,-0.9971,7.888,-0.05344,0.7498,0.0,0.9511,0.0,0.0,128.0,852.0
981642.0,2.0,-0.9695,-1.795,-0.02273,0.7436,-0.29,0.5859,0.0,0.0,128.0,826.0
981683.0,2.0,-0.9802,-3.251,0.00626,0.7146,-0.213,0.621,0.0,0.0,128.0,861.0
981724.0,2.0,-1.1336,-3.245,0.03641,0.7475,0.127,0.4835,0.0,0.0,128.0,824.0
981766.0,2.0,-1.2103,-2.318,0.06653,0.6888,-3.548,0.3864,0.0,0.0,128.0,920.0
981811.0,2.0,-1.3254,-8.169,0.0939,0.5203,-4.956,0.6605,0.0,0.0,128.0,828.0
981853.0,2.0,-1.7917,-8.599,0.11055,0.2887,-5.756,0.2403,0.0,0.0,128.0,856.0
981893.0,2.0,-2.6768,-17.754,0.11843,0.1145,-5.756,1.091,0.0,0.0,128.0,863.0
981935.0,2.0,2.7627,-12.681,0.1182,-0.1328,-5.226,0.0952,0.0,0.0,128.0,844.0
981975.0,2.0,2.1997,-14.861,0.10804,-0.4174,-9.226,0.8176,0.0,0.0,128.0,846.0
982017.0,2.0,1.692,-12.539,0.08445,-0.7159,-3.426,0.8858,0.0,0.0,128.0,871.0
982058.0,2.0,1.3054,-8.614,0.05393,-0.7499,0.0,0.7395,0.0,0.0,128.0,840.0
982100.0,2.0,1.0002,-8.205,0.02306,-0.7493,-0.125,0.9729,0.0,0.0,128.0,849.0
982140.0,2.0,0.3927,-9.179,-0.00593,-0.6898,4.8,1.4606,0.0,0.0,128.0,822.0
982181.0,2.0,0.1779,-0.301,-0.02771,-0.395,6.0,0.9851,0.0,0.0,128.0,837.0
982228.0,3.0,0.0215,-10.813,-0.04245,-0.2731,-1.037,1.7387,0.0,0.0,128.0,732.0
982268.0,3.0,-0.3099,-7.611,-0.05603,-0.4786,-9.037,1.3185,0.0,0.0,128.0,717.0
982309.0,5.0,-0.6581,-9.109,-0.08048,-0.7229,-2.237,1.2289,0.0,0.0,128.0,694.0
982349.0,5.0,-0.9143,-3.193,-0.10909,-0.6424,5.963,1.2289,0.0,0.0,128.0,711.0
982390.0,5.0,-1.3591,-26.664,-0.12769,-0.2598,10.176,1.2289,0.0,0.0,128.0,684.0
982430.0,5.0,-2.1476,20.455,-0.13223,-0.0149,2.377,1.2289,0.0,0.0,128.0,690.0
982470.0,6.0,-3.1032,-34.049,-0.13193,0.034,1.5,1.2289,0.0,0.0,128.0,726.0
982519.0,2.0,2.5418,-11.389,-0.12881,0.0862,-0.495,-0.0008,0.0,0.0,128.0,861.0
982559.0,2.0,2.1031,-7.435,-0.12446,0.1488,1.982,-0.1502,0.0,0.0,128.0,845.0
982600.0,2.0,1.7794,-5.785,-0.11663,0.26,2.786,0.0099,0.0,0.0,128.0,849.0
982641.0,2.0,1.6352,-2.483,-0.102,0.502,7.717,-0.0251,0.0,0.0,128.0,817.0
982681.0,2.0,1.399,-1.199,-0.07736,0.731,2.7,0.1816,0.0,0.0,128.0,816.0
982722.0,2.0,1.5079,0.532,-0.04796,0.7497,0.0,0.0637,0.0,0.0,128.0,820.0
982763.0,2.0,1.6199,4.733,-0.01778,0.7497,0.0,0.0885,0.0,0.0,128.0,832.0
982804.0,2.0,1.8975,8.007,0.01305,0.7497,0.0,0.0767,0.0,0.0,128.0,834.0
982844.0,2.0,2.2841,10.629,0.04241,0.7497,0.0,0.0514,0.0,0.0,128.0,842.0
982885.0,2.0,2.64,15.599,0.07178,0.7393,-1.407,0.6524,0.0,0.0,128.0,870.0
982925.0,2.0,-2.9483,-2.789,0.10005,0.6214,-5.207,-0.9315,0.0,0.0,128.0,816.0
982966.0,2.0,-2.5556,11.072,0.1194,0.3213,-8.373,0.4381,0.0,0.0,128.0,856.0
983006.0,2.0,-2.0678,8.415,0.12589,0.0206,-4.573,-0.0231,0.0,0.0,128.0,838.0
983046.0,2.0,-1.7043,7.454,0.12338,-0.1506,-5.199,0.2263,0.0,0.0,128.0,836.0
983087.0,2.0,-1.715,-10.332,0.11216,-0.4476,-7.896,0.5161,0.0,0.0,128.0,839.0
983128.0,2.0,-1.807,-1.577,0.08809,-0.7204,-3.296,-0.2195,0.0,0.0,128.0,838.0
983169.0,2.0,-2.0203,-14.353,0.05745,-0.7499,0.0,0.8582,0.0,0.0,128.0,850.0
983210.0,2.0,-2.2565,14.488,0.02843,-0.6881,1.0,0.7064,0.0,0.0,128.0,850.0
983251.0,2.0,-2.8916,-7.597,0.0024,-0.5851,1.85,-0.6068,0.0,0.0,128.0,845.0
983291.0,2.0,3.0097,-17.187,-0.02122,-0.6691,-4.15,0.8778,0.0,0.0,128.0,835.0
983332.0,2.0,2.8931,4.851,-0.05036,-0.7366,2.05,-0.822,0.0,0.0,128.0,837.0
983372.0,2.0,2.6523,-7.787,-0.0786,-0.7434,-1.55,-0.4961,0.0,0.0,128.0,828.0
983413.0,5.0,2.4375,-7.012,-0.10796,-0.6628,5.8,-0.7666,0.0,0.0,128.0,741.0
983454.0,5.0,2.5203,3.782,-0.12746,-0.2812,10.592,-0.7666,0.0,0.0,128.0,682.0
983494.0,5.0,2.7796,7.723,-0.13252,-0.0176,2.597,-0.7666,0.0,0.0,128.0,695.0
983534.0,6.0,3.068,10.512,-0.1323,0.031,1.5,-0.7666,0.0,0.0,128.0,747.0
983588.0,2.0,-2.6523,6.857,-0.12859,0.1315,4.3,-0.5822,0.0,0.0,128.0,872.0
983628.0,2.0,-1.9942,5.121,-0.11824,0.3972,5.3,-0.2316,0.0,0.0,128.0,828.0
983672.0,2.0,-1.7487,8.659,-0.09694,0.6315,6.7,0.3034,0.0,0.0,128.0,846.0
983712.0,2.0,-1.4005,2.705,-0.06844,0.7498,0.0,0.2176,0.0,0.0,128.0,845.0
983754.0,2.0,-0.9741,-4.77,-0.03825,0.7498,0.0,0.705,0.0,0.0,128.0,854.0
983795.0,2.0,-1.0937,-2.468,-0.00814,0.7498,0.0,0.4944,0.0,0.0,128.0,844.0
983835.0,2.0,-1.2088,-4.474,0.0219,0.7498,0.0,0.4757,0.0,0.0,128.0,854.0
983875.0,2.0,-1.3729,-1.153,0.05126,0.7414,-1.731,0.2024,0.0,0.0,128.0,852.0
983915.0,2.0,-1.5018,-17.671,0.07778,0.5785,-5.158,2.0294,0.0,0.0,128.0,846.0
983962.0,2.0,-2.0356,-18.337,0.10028,0.4145,-3.758,1.6625,0.0,0.0,128.0,851.0
984002.0,2.0,-2.8839,-22.982,0.11543,0.3753,-0.558,2.3671,0.0,0.0,128.0,809.0
984043.0,5.0,2.798,-22.797,0.1293,0.2583,-6.758,3.9362,0.0,0.0,128.0,698.0
984084.0,5.0,2.2565,-7.828,0.1341,0.0183,-2.56,3.9362,0.0,0.0,128.0,661.0
984124.0,6.0,1.853,-11.728,0.1338,-0.0339,-1.5,3.9362,0.0,0.0,128.0,753.0
984164.0,6.0,1.6076,-5.876,0.13136,-0.0939,-1.5,3.9362,0.0,0.0,128.0,761.0
984205.0,2.0,1.4619,-2.74,0.1257,-0.2366,-7.1,0.1593,0.0,0.0,128.0,845.0
984247.0,2.0,1.4235,3.067,0.11051,-0.5531,-8.845,0.2048,0.0,0.0,128.0,823.0
984287.0,2.0,1.6153,7.515,0.08355,-0.7464,-1.045,0.305,0.0,0.0,128.0,818.0
984328.0,2.0,1.8914,9.573,0.05423,-0.7239,2.423,0.2565,0.0,0.0,128.0,881.0
984370.0,2.0,2.2319,10.329,0.0261,-0.5768,5.089,0.0561,0.0,0.0,128.0,875.0
984413.0,2.0,2.9391,9.743,0.00529,-0.4348,2.089,-0.382,0.0,0.0,128.0,864.0
984454.0,2.0,-2.5909,28.982,-0.00941,-0.2939,2.154,4.4723,0.0,0.0,128.0,802.0
984503.0,2.0,-1.5493,24.653,-0.01988,-0.1437,1.954,3.878,0.0,0.0,128.0,858.0
984548.0,2.0,-0.9097,3.133,-0.02299,0.0181,5.08,0.6832,0.0,0.0,128.0,819.0
984588.0,0.0,-0.6489,6.27,-0.01912,0.0,0.0,0.9895,0.0,0.0,128.0,647.0
984628.0,0.0,-0.4679,3.765,-0.01912,0.0,0.0,0.9895,0.0,0.0,128.0,525.0
984668.0,0.0,-0.5446,-8.793,-0.01912,0.0,0.0,0.9895,0.0,0.0,128.0,519.0
984708.0,0.0,-0.25,8.458,-0.01912,0.0,0.0,0.9895,0.0,0.0,128.0,524.0
984748.0,0.0,0.0015,0.564,-0.01912,0.0,0.0,0.9895,0.0,0.0,128.0,531.0
984789.0,0.0,0.0061,-3.134,-0.01912,0.0,0.0,0.9895,0.0,0.0,128.0,518.0
984829.0,0.0,-0.1933,1.908,-0.01912,0.0,0.0,0.9895,0.0,0.0,128.0,518.0
984869.0,0.0,-0.0997,-3.393,-0.01912,0.0,0.0,0.9895,0.0,0.0,128.0,524.0
984909.0,0.0,-0.2393,-0.459,-0.01912,0.0,0.0,0.9895,0.0,0.0,128.0,518.0
984949.0,0.0,-0.2884,-1.465,-0.01912,0.0,0.0,0.9895,0.0,0.0,128.0,524.0
984989.0,0.0,-0.3666,-2.47,-0.01912,0.0,0.0,0.9895,0.0,0.0,128.0,524.0
985029.0,0.0,-0.4755,-3.067,-0.01912,0.0,0.0,0.9895,0.0,0.0,128.0,524.0
985070.0,0.0,-0.6289,-4.211,-0.01912,0.0,0.0,0.9895,0.0,0.0,128.0,526.0
985110.0,0.0,-0.7854,-4.222,-0.01912,0.0,0.0,0.9895,0.0,0.0,128.0,540.0
985150.0,0.0,-0.8544,1.19,-0.01912,0.0,0.0,0.9895,0.0,0.0,128.0,538.0
985190.0,0.0,-1.1397,4.49,-0.01912,0.0,0.0,0.9895,0.0,0.0,128.0,532.0
985230.0,0.0,-1.9543,8.79,-0.01912,0.0,0.0,0.9895,0.0,0.0,128.0,538.0
985271.0,0.0,-2.9606,-17.822,-0.01912,0.0,0.0,0.9895,0.0,0.0,128.0,527.0
985311.0,0.0,2.7535,-3.18,-0.01912,0.0,0.0,0.9895,0.0,0.0,128.0,539.0
985351.0,0.0,2.1568,-12.281,-0.01912,0.0,0.0,0.9895,0.0,0.0,128.0,532.0
985391.0,0.0,1.7472,-8.487,-0.01912,0.0,0.0,0.9895,0.0,0.0,128.0,538.0
985431.0,0.0,1.4527,-5.968,-0.01912,0.0,0.0,0.9895,0.0,0.0,128.0,526.0
985471.0,0.0,1.3146,-1.814,-0.01912,0.0,0.0,0.9895,0.0,0.0,128.0,532.0
985512.0,0.0,0.902,-6.374,-0.01912,0.0,0.0,0.9895,0.0,0.0,128.0,538.0
985552.0,0.0,1.0538,5.2,-0.01912,0.0,0.0,0.9895,0.0,0.0,128.0,538.0
985593.0,0.0,1.1658,2.325,-0.01912,0.0,0.0,0.9895,0.0,0.0,128.0,532.0
985633.0,0.0,1.287,3.797,-0.01912,0.0,0.0,0.9895,0.0,0.0,128.0,532.0
985673.0,0.0,1.6644,7.795,-0.01912,0.0,0.0,0.9895,0.0,0.0,128.0,538.0
985713.0,0.0,2.0571,4.882,-0.01912,0.0,0.0,0.9895,0.0,0.0,128.0,538.0
985753.0,0.0,2.64,17.075,-0.01912,0.0,0.0,0.9895,0.0,0.0,128.0,539.0
985793.0,0.0,-3.048,10.304,-0.01912,0.0,0.0,0.9895,0.0,0.0,128.0,539.0
985833.0,0.0,-2.5786,13.849,-0.01912,0.0,0.0,0.9895,0.0,0.0,128.0,532.0
985874.0,0.0,-1.4711,20.908,-0.01912,0.0,0.0,0.9895,0.0,0.0,128.0,525.0
985914.0,0.0,-1.0999,20.26,-0.01912,0.0,0.0,0.9895,0.0,0.0,128.0,525.0
985954.0,0.0,-0.8099,2.708,-0.01912,0.0,0.0,0.9895,0.0,0.0,128.0,525.0
985995.0,0.0,-0.6458,7.913,-0.01912,0.0,0.0,0.9895,0.0,0.0,128.0,531.0
986035.0,0.0,-0.7409,-4.676,-0.01912,0.0,0.0,0.9895,0.0,0.0,128.0,532.0
986075.0,0.0,-0.9219,-0.341,-0.01912,0.0,0.0,0.9895,0.0,0.0,128.0,532.0
986115.0,0.0,-0.8452,-2.004,-0.01912,0.0,0.0,0.9895,0.0,0.0,128.0,538.0
986155.0,0.0,-0.9327,-4.115,-0.01912,0.0,0.0,0.9895,0.0,0.0,128.0,538.0
986196.0,0.0,-1.2011,-1.153,-0.01912,0.0,0.0,0.9895,0.0,0.0,128.0,531.0
986236.0,0.0,-1.5984,-27.782,-0.01912,0.0,0.0,0.9895,0.0,0.0,128.0,538.0
986276.0,0.0,-2.6415,-3.378,-0.01912,0.0,0.0,0.9895,0.0,0.0,128.0,539.0
986316.0,0.0,2.9667,-16.947,-0.01912,0.0,0.0,0.9895,0.0,0.0,128.0,539.0
986357.0,0.0,3.0833,-0.813,-0.01912,0.0,0.0,0.9895,0.0,0.0,128.0,539.0
986397.0,0.0,-3.0357,0.493,-0.01912,0.0,0.0,0.9895,0.0,0.0,128.0,533.0
986437.0,0.0,-2.5679,8.518,-0.01912,0.0,0.0,0.9895,0.0,0.0,128.0,539.0
986478.0,0.0,-2.2396,3.382,-0.01912,0.0,0.0,0.9895,0.0,0.0,128.0,537.0
986518.0,0.0,-2.3577,-1.413,-0.01912,0.0,0.0,0.9895,0.0,0.0,128.0,539.0
986558.0,0.0,-2.6062,-5.699,-0.01912,0.0,0.0,0.9895,0.0,0.0,128.0,539.0
986599.0,0.0,3.1094,-18.693,-0.01912,0.0,0.0,0.9895,0.0,0.0,128.0,539.0
986639.0,0.0,3.1355,8.439,-0.01912,0.0,0.0,0.9895,0.0,0.0,128.0,526.0
986679.0,0.0,-2.8363,6.225,-0.01912,0.0,0.0,0.9895,0.0,0.0,128.0,532.0
986720.0,0.0,-2.5725,4.366,-0.01912,0.0,0.0,0.9895,0.0,0.0,128.0,539.0
986760.0,0.0,-2.5663,-1.948,-0.01912,0.0,0.0,0.9895,0.0,0.0,128.0,539.0
986800.0,0.0,-2.6124,-2.029,-0.01912,0.0,0.0,0.9895,0.0,0.0,128.0,539.0
986840.0,0.0,-2.6338,-0.446,-0.01912,0.0,0.0,0.9895,0.0,0.0,128.0,539.0
986880.0,0.0,-2.6369,0.12,-0.01912,0.0,0.0,0.9895,0.0,0.0,128.0,539.0
986920.0,0.0,-2.6415,-0.294,-0.01912,0.0,0.0,0.9895,0.0,0.0,128.0,539.0
986960.0,0.0,-2.6415,0.331,-0.01912,0.0,0.0,0.9895,0.0,0.0,128.0,539.0
987001.0,0.0,-2.6446,-1.176,-0.01912,0.0,0.0,0.9895,0.0,0.0,128.0,539.0
987041.0,0.0,-2.6952,-3.318,-0.01912,0.0,0.0,0.9895,0.0,0.0,128.0,539.0
987081.0,0.0,-2.7642,0.839,-0.01912,0.0,0.0,0.9895,0.0,0.0,128.0,526.0
987121.0,0.0,-2.7627,0.003,-0.01912,0.0,0.0,0.9895,0.0,0.0,128.0,538.0
987161.0,0.0,-2.7627,-0.101,-0.01912,0.0,0.0,0.9895,0.0,0.0,128.0,538.0
987201.0,0.0,-2.7443,1.075,-0.01912,0.0,0.0,0.9895,0.0,0.0,128.0,538.0
987241.0,0.0,-2.6891,0.824,-0.01912,0.0,0.0,0.9895,0.0,0.0,128.0,526.0
987282.0,0.0,-2.7351,-2.775,-0.01912,0.0,0.0,0.9895,0.0,0.0,128.0,538.0
987322.0,0.0,-2.778,0.309,-0.01912,0.0,0.0,0.9895,0.0,0.0,128.0,532.0
987363.0,0.0,-2.7934,-0.674,-0.01912,0.0,0.0,0.9895,0.0,0.0,128.0,526.0
987403.0,0.0,-2.8317,-1.224,-0.01912,0.0,0.0,0.9895,0.0,0.0,128.0,539.0
987443.0,0.0,-2.8762,-1.02,-0.01912,0.0,0.0,0.9895,0.0,0.0,128.0,532.0
987484.0,0.0,-2.913,-0.625,-0.01912,0.0,0.0,0.9895,0.0,0.0,128.0,527.0
987524.0,0.0,-2.9314,-0.137,-0.01912,0.0,0.0,0.9895,0.0,0.0,128.0,539.0
987564.0,0.0,-2.9192,0.439,-0.01912,0.0,0.0,0.9895,0.0,0.0,128.0,532.0
987605.0,0.0,-2.887,0.851,-0.01912,0.0,0.0,0.9895,0.0,0.0,128.0,532.0
987645.0,0.0,-2.8471,1.07,-0.01912,0.0,0.0,0.9895,0.0,0.0,128.0,532.0
987685.0,0.0,-2.8149,0.405,-0.01912,0.0,0.0,0.9895,0.0,0.0,128.0,538.0
987726.0,0.0,-2.8041,0.0,-0.01912,0.0,0.0,0.9895,0.0,0.0,128.0,538.0
987766.0,0.0,-2.8195,-0.622,-0.01912,0.0,0.0,0.9895,0.0,0.0,128.0,526.0
987806.0,0.0,-2.8517,-0.848,-0.01912,0.0,0.0,0.9895,0.0,0.0,128.0,526.0
987846.0,0.0,-2.8854,-1.16,-0.01912,0.0,0.0,0.9895,0.0,0.0,128.0,526.0
987886.0,0.0,-2.9084,-0.55,-0.01912,0.0,0.0,0.9895,0.0,0.0,128.0,538.0
987927.0,0.0,-2.913,0.072,-0.01912,0.0,0.0,0.9895,0.0,0.0,128.0,526.0
987967.0,0.0,-2.8992,0.573,-0.01912,0.0,0.0,0.9895,0.0,0.0,128.0,539.0
988007.0,0.0,-2.8731,0.835,-0.01912,0.0,0.0,0.9895,0.0,0.0,128.0,538.0
988048.0,0.0,-2.8425,0.692,-0.01912,0.0,0.0,0.9895,0.0,0.0,128.0,532.0
988088.0,0.0,-2.8225,0.353,-0.01912,0.0,0.0,0.9895,0.0,0.0,128.0,533.0
988128.0,0.0,-2.8164,0.084,-0.01912,0.0,0.0,0.9895,0.0,0.0,128.0,526.0
988168.0,0.0,-2.8302,-0.566,-0.01912,0.0,0.0,0.9895,0.0,0.0,128.0,526.0
988208.0,0.0,-2.8532,-0.674,-0.01912,0.0,0.0,0.9895,0.0,0.0,128.0,526.0
988248.0,0.0,-2.8793,-0.64,-0.01912,0.0,0.0,0.9895,0.0,0.0,128.0,526.0
988288.0,0.0,-2.8962,-0.227,-0.01912,0.0,0.0,0.9895,0.0,0.0,128.0,532.0
988329.0,0.0,-2.8992,0.119,-0.01912,0.0,0.0,0.9895,0.0,0.0,128.0,526.0
988369.0,0.0,-2.887,0.578,-0.01912,0.0,0.0,0.9895,0.0,0.0,128.0,539.0
988409.0,0.0,-2.867,0.59,-0.01912,0.0,0.0,0.9895,0.0,0.0,128.0,526.0
988449.0,0.0,-2.8455,0.441,-0.01912,0.0,0.0,0.9895,0.0,0.0,128.0,538.0
988490.0,0.0,-2.8317,0.056,-0.01912,0.0,0.0,0.9895,0.0,0.0,128.0,533.0
988530.0,0.0,-2.8302,-0.046,-0.01912,0.0,0.0,0.9895,0.0,0.0,128.0,533.0
988570.0,0.0,-2.8409,-0.25,-0.01912,0.0,0.0,0.9895,0.0,0.0,128.0,532.0
988611.0,0.0,-2.8609,-0.487,-0.01912,0.0,0.0,0.9895,0.0,0.0,128.0,532.0
988651.0,0.0,-2.8793,-0.614,-0.01912,0.0,0.0,0.9895,0.0,0.0,128.0,532.0
988691.0,0.0,-2.8885,-0.024,-0.01912,0.0,0.0,0.9895,0.0,0.0,128.0,539.0
988732.0,0.0,-2.887,0.023,-0.01912,0.0,0.0,0.9895,0.0,0.0,128.0,538.0
988772.0,0.0,-2.8747,0.23,-0.01912,0.0,0.0,0.9895,0.0,0.0,128.0,538.0
988813.0,0.0,-2.8578,0.4,-0.01912,0.0,0.0,0.9895,0.0,0.0,128.0,532.0
988853.0,0.0,-2.844,0.436,-0.01912,0.0,0.0,0.9895,0.0,0.0,128.0,539.0
988894.0,0.0,-2.8409,-0.068,-0.01912,0.0,0.0,0.9895,0.0,0.0,128.0,526.0
988934.0,0.0,-2.844,-0.065,-0.01912,0.0,0.0,0.9895,0.0,0.0,128.0,538.0
988974.0,0.0,-2.8563,-0.353,-0.01912,0.0,0.0,0.9895,0.0,0.0,128.0,539.0
989014.0,0.0,-2.8685,-0.14,-0.01912,0.0,0.0,0.9895,0.0,0.0,128.0,526.0
989055.0,0.0,-2.8793,-0.344,-0.01912,0.0,0.0,0.9895,0.0,0.0,128.0,526.0
989095.0,0.0,-2.8793,0.115,-0.01912,0.0,0.0,0.9895,0.0,0.0,128.0,532.0
989135.0,0.0,-2.8716,0.31,-0.01912,0.0,0.0,0.9895,0.0,0.0,128.0,532.0
989175.0,0.0,-2.8609,0.455,-0.01912,0.0,0.0,0.9895,0.0,0.0,128.0,527.0
989215.0,0.0,-2.8517,0.373,-0.01912,0.0,0.0,0.9895,0.0,0.0,128.0,538.0
989256.0,0.0,-2.8486,0.0,-0.01912,0.0,0.0,0.9895,0.0,0.0,128.0,532.0
989296.0,0.0,-2.8517,-0.236,-0.01912,0.0,0.0,0.9895,0.0,0.0,128.0,526.0
989336.0,0.0,-2.8593,-0.208,-0.01912,0.0,0.0,0.9895,0.0,0.0,128.0,526.0
989376.0,0.0,-2.8685,-0.414,-0.01912,0.0,0.0,0.9895,0.0,0.0,128.0,539.0
989417.0,0.0,-2.8716,0.283,-0.01912,0.0,0.0,0.9895,0.0,0.0,128.0,538.0
989457.0,0.0,-2.8716,0.05,-0.01912,0.0,0.0,0.9895,0.0,0.0,128.0,526.0
989497.0,0.0,-2.867,0.277,-0.01912,0.0,0.0,0.9895,0.0,0.0,128.0,527.0
989537.0,0.0,-2.8593,0.375,-0.01912,0.0,0.0,0.9895,0.0,0.0,128.0,533.0
989577.0,0.0,-2.8547,0.344,-0.01912,0.0,0.0,0.9895,0.0,0.0,128.0,532.0
989618.0,0.0,-2.8547,-0.001,-0.01912,0.0,0.0,0.9895,0.0,0.0,128.0,539.0
989658.0,0.0,-2.8578,-0.007,-0.01912,0.0,0.0,0.9895,0.0,0.0,128.0,526.0
989698.0,0.0,-2.8639,-0.185,-0.01912,0.0,0.0,0.9895,0.0,0.0,128.0,532.0
989739.0,0.0,-2.8685,-0.196,-0.01912,0.0,0.0,0.9895,0.0,0.0,128.0,538.0
989779.0,0.0,-2.8701,-0.272,-0.01912,0.0,0.0,0.9895,0.0,0.0,128.0,533.0
989819.0,0.0,-2.867,0.01,-0.01912,0.0,0.0,0.9895,0.0,0.0,128.0,539.0
989860.0,0.0,-2.8624,0.046,-0.01912,0.0,0.0,0.9895,0.0,0.0,128.0,526.0
989900.0,0.0,-2.8593,0.001,-0.01912,0.0,0.0,0.9895,0.0,0.0,128.0,532.0
989940.0,0.0,-2.8578,0.0,-0.01912,0.0,0.0,0.9895,0.0,0.0,128.0,526.0
989980.0,0.0,-2.8593,-0.0,-0.01912,0.0,0.0,0.9895,0.0,0.0,128.0,526.0
990020.0,0.0,-2.8624,-0.02,-0.01912,0.0,0.0,0.9895,0.0,0.0,128.0,532.0
990061.0,0.0,-2.867,-0.34,-0.01912,0.0,0.0,0.9895,0.0,0.0,128.0,526.0
990101.0,0.0,-2.867,0.032,-0.01912,0.0,0.0,0.9895,0.0,0.0,128.0,538.0
990141.0,0.0,-2.8655,0.001,-0.01912,0.0,0.0,0.9895,0.0,0.0,128.0,526.0
990181.0,0.0,-2.8624,0.049,-0.01912,0.0,0.0,0.9895,0.0,0.0,128.0,532.0
990222.0,0.0,-2.8609,-0.079,-0.01912,0.0,0.0,0.9895,0.0,0.0,128.0,526.0
990262.0,0.0,-2.8593,0.0,-0.01912,0.0,0.0,0.9895,0.0,0.0,128.0,520.0
990302.0,0.0,-2.8609,-0.0,-0.01912,0.0,0.0,0.9895,0.0,0.0,128.0,538.0
990343.0,0.0,-2.8639,-0.128,-0.01912,0.0,0.0,0.9895,0.0,0.0,128.0,526.0
990383.0,0.0,-2.8655,-0.068,-0.01912,0.0,0.0,0.9895,0.0,0.0,128.0,538.0
990423.0,0.0,-2.8655,0.0,-0.01912,0.0,0.0,0.9895,0.0,0.0,128.0,532.0
990464.0,0.0,-2.8639,0.001,-0.01912,0.0,0.0,0.9895,0.0,0.0,128.0,533.0
990504.0,0.0,-2.8624,0.002,-0.01912,0.0,0.0,0.9895,0.0,0.0,128.0,526.0
990544.0,0.0,-2.8609,0.0,-0.01912,0.0,0.0,0.9895,0.0,0.0,128.0,525.0
990584.0,0.0,-2.8609,0.117,-0.01912,0.0,0.0,0.9895,0.0,0.0,128.0,533.0
990625.0,0.0,-2.8624,-0.011,-0.01912,0.0,0.0,0.9895,0.0,0.0,128.0,526.0
990665.0,0.0,-2.8639,-0.0,-0.01912,0.0,0.0,0.9895,0.0,0.0,128.0,526.0
990705.0,0.0,-2.8655,-0.215,-0.01912,0.0,0.0,0.9895,0.0,0.0,128.0,538.0
990745.0,0.0,-2.8639,0.082,-0.01912,0.0,0.0,0.9895,0.0,0.0,128.0,526.0
990785.0,0.0,-2.8624,0.144,-0.01912,0.0,0.0,0.9895,0.0,0.0,128.0,538.0
990825.0,0.0,-2.8624,-0.09,-0.01912,0.0,0.0,0.9895,0.0,0.0,128.0,538.0
990866.0,0.0,-2.8609,0.142,-0.01912,0.0,0.0,0.9895,0.0,0.0,128.0,532.0
990906.0,0.0,-2.8624,-0.005,-0.01912,0.0,0.0,0.9895,0.0,0.0,128.0,538.0
990946.0,0.0,-2.8639,-0.172,-0.01912,0.0,0.0,0.9895,0.0,0.0,128.0,538.0
990986.0,0.0,-2.8639,0.078,-0.01912,0.0,0.0,0.9895,0.0,0.0,128.0,526.0
991027.0,0.0,-2.8639,0.0,-0.01912,0.0,0.0,0.9895,0.0,0.0,128.0,519.0
991067.0,0.0,-2.8624,0.233,-0.01912,0.0,0.0,0.9895,0.0,0.0,128.0,539.0
991107.0,0.0,-2.8624,0.0,-0.01912,0.0,0.0,0.9895,0.0,0.0,128.0,525.0
991148.0,0.0,-2.8624,-0.197,-0.01912,0.0,0.0,0.9895,0.0,0.0,128.0,533.0
991188.0,0.0,-2.8624,-0.0,-0.01912,0.0,0.0,0.9895,0.0,0.0,128.0,526.0
991228.0,0.0,-2.8639,-0.054,-0.01912,0.0,0.0,0.9895,0.0,0.0,128.0,539.0
991268.0,0.0,-2.8639,-0.0,-0.01912,0.0,0.0,0.9895,0.0,0.0,128.0,525.0
991309.0,0.0,-2.8639,-0.0,-0.01912,0.0,0.0,0.9895,0.0,0.0,128.0,531.0
991349.0,0.0,-2.8624,0.155,-0.01912,0.0,0.0,0.9895,0.0,0.0,128.0,533.0
991389.0,0.0,-2.8624,0.0,-0.01912,0.0,0.0,0.9895,0.0,0.0,128.0,526.0
991429.0,0.0,-2.8624,0.0,-0.01912,0.0,0.0,0.9895,0.0,0.0,128.0,525.0
991470.0,0.0,-2.8624,0.004,-0.01912,0.0,0.0,0.9895,0.0,0.0,128.0,538.0
991510.0,0.0,-2.8624,0.275,-0.01912,0.0,0.0,0.9895,0.0,0.0,128.0,526.0
991551.0,0.0,-2.8639,0.012,-0.01912,0.0,0.0,0.9895,0.0,0.0,128.0,538.0
991591.0,0.0,-2.8639,-0.163,-0.01912,0.0,0.0,0.9895,0.0,0.0,128.0,527.0
991631.0,0.0,-2.8639,-0.215,-0.01912,0.0,0.0,0.9895,0.0,0.0,128.0,533.0
991672.0,0.0,-2.8624,0.0,-0.01912,0.0,0.0,0.9895,0.0,0.0,128.0,533.0
991712.0,0.0,-2.8624,0.013,-0.01912,0.0,0.0,0.9895,0.0,0.0,128.0,526.0
991752.0,0.0,-2.8624,0.053,-0.01912,0.0,0.0,0.9895,0.0,0.0,128.0,526.0
991793.0,0.0,-2.8639,-0.05,-0.01912,0.0,0.0,0.9895,0.0,0.0,128.0,526.0
991833.0,0.0,-2.8639,-0.002,-0.01912,0.0,0.0,0.9895,0.0,0.0,128.0,533.0
991873.0,0.0,-2.8639,-0.035,-0.01912,0.0,0.0,0.9895,0.0,0.0,128.0,532.0
991913.0,0.0,-2.8624,0.146,-0.01912,0.0,0.0,0.9895,0.0,0.0,128.0,526.0
991954.0,0.0,-2.8624,0.021,-0.01912,0.0,0.0,0.9895,0.0,0.0,128.0,538.0
991994.0,0.0,-2.8624,0.008,-0.01912,0.0,0.0,0.9895,0.0,0.0,128.0,526.0
992034.0,0.0,-2.8624,0.075,-0.01912,0.0,0.0,0.9895,0.0,0.0,128.0,532.0
992075.0,0.0,-2.8639,-0.112,-0.01912,0.0,0.0,0.9895,0.0,0.0,128.0,539.0
992115.0,0.0,-2.8639,-0.202,-0.01912,0.0,0.0,0.9895,0.0,0.0,128.0,527.0
992155.0,0.0,-2.8639,-0.177,-0.01912,0.0,0.0,0.9895,0.0,0.0,128.0,538.0
992196.0,0.0,-2.8624,0.013,-0.01912,0.0,0.0,0.9895,0.0,0.0,128.0,526.0
992236.0,0.0,-2.8624,0.081,-0.01912,0.0,0.0,0.9895,0.0,0.0,128.0,538.0
992276.0,0.0,-2.8624,0.002,-0.01912,0.0,0.0,0.9895,0.0,0.0,128.0,526.0
992316.0,0.0,-2.8624,-0.012,-0.01912,0.0,0.0,0.9895,0.0,0.0,128.0,532.0
992356.0,0.0,-2.8639,-0.25,-0.01912,0.0,0.0,0.9895,0.0,0.0,128.0,538.0
992397.0,0.0,-2.8624,0.083,-0.01912,0.0,0.0,0.9895,0.0,0.0,128.0,533.0
992437.0,0.0,-2.8639,-0.235,-0.01912,0.0,0.0,0.9895,0.0,0.0,128.0,538.0
992478.0,0.0,-2.8624,0.079,-0.01912,0.0,0.0,0.9895,0.0,0.0,128.0,526.0
992518.0,0.0,-2.8639,-0.34,-0.01912,0.0,0.0,0.9895,0.0,0.0,128.0,526.0
992558.0,0.0,-2.8639,-0.202,-0.01912,0.0,0.0,0.9895,0.0,0.0,128.0,532.0
992598.0,0.0,-2.8639,-0.206,-0.01912,0.0,0.0,0.9895,0.0,0.0,128.0,526.0
992638.0,0.0,-2.8624,0.188,-0.01912,0.0,0.0,0.9895,0.0,0.0,128.0,533.0
992679.0,0.0,-2.8639,-0.148,-0.01912,0.0,0.0,0.9895,0.0,0.0,128.0,527.0
992719.0,0.0,-2.8624,0.141,-0.01912,0.0,0.0,0.9895,0.0,0.0,128.0,527.0
992760.0,0.0,-2.8624,0.043,-0.01912,0.0,0.0,0.9895,0.0,0.0,128.0,526.0
992800.0,0.0,-2.8624,0.075,-0.01912,0.0,0.0,0.9895,0.0,0.0,128.0,527.0
992840.0,0.0,-2.8624,0.226,-0.01912,0.0,0.0,0.9895,0.0,0.0,128.0,526.0
992880.0,0.0,-2.8639,-0.271,-0.01912,0.0,0.0,0.9895,0.0,0.0,128.0,533.0
992921.0,0.0,-2.8639,-0.094,-0.01912,0.0,0.0,0.9895,0.0,0.0,128.0,526.0
992961.0,0.0,-2.8639,-0.174,-0.01912,0.0,0.0,0.9895,0.0,0.0,128.0,539.0
993001.0,0.0,-2.8624,0.194,-0.01912,0.0,0.0,0.9895,0.0,0.0,128.0,539.0
993041.0,0.0,-2.8624,0.033,-0.01912,0.0,0.0,0.9895,0.0,0.0,128.0,526.0
993081.0,0.0,-2.8624,0.216,0.0,0.0,0.0,0.9895,0.0,0.0,128.0,526.0
993122.0,0.0,-2.8624,0.054,0.0,0.0,0.0,0.9895,0.0,0.0,128.0,527.0
993162.0,0.0,-2.8639,0.015,0.0,0.0,0.0,0.9895,0.0,0.0,128.0,532.0
993202.0,0.0,-2.8639,-0.173,0.0,0.0,0.0,0.9895,0.0,0.0,128.0,533.0
993242.0,0.0,-2.8624,0.067,0.0,0.0,0.0,0.9895,0.0,0.0,128.0,538.0
993282.0,0.0,-2.8624,0.127,0.0,0.0,0.0,0.9895,0.0,0.0,128.0,538.0
993322.0,0.0,-2.8639,-0.344,0.0,0.0,0.0,0.9895,0.0,0.0,128.0,532.0
993362.0,0.0,-2.8639,-0.25,0.0,0.0,0.0,0.9895,0.0,0.0,128.0,532.0
993402.0,0.0,-2.8624,0.111,0.0,0.0,0.0,0.9895,0.0,0.0,128.0,538.0
993443.0,0.0,-2.8639,-0.084,0.0,0.0,0.0,0.9895,0.0,0.0,128.0,526.0
993483.0,0.0,-2.8624,0.266,0.0,0.0,0.0,0.9895,0.0,0.0,128.0,526.0
993523.0,0.0,-2.8624,0.182,0.0,0.0,0.0,0.9895,0.0,0.0,128.0,539.0
993564.0,0.0,-2.8624,0.09,0.0,0.0,0.0,0.9895,0.0,0.0,128.0,539.0
993604.0,0.0,-2.8639,-0.25,0.0,0.0,0.0,0.9895,0.0,0.0,128.0,532.0
993645.0,0.0,-2.8624,0.289,0.0,0.0,0.0,0.9895,0.0,0.0,128.0,527.0
993685.0,0.0,-2.8624,0.031,0.0,0.0,0.0,0.9895,0.0,0.0,128.0,527.0
993726.0,0.0,-2.8624,0.087,0.0,0.0,0.0,0.9895,0.0,0.0,128.0,526.0
993766.0,0.0,-2.8624,0.099,0.0,0.0,0.0,0.9895,0.0,0.0,128.0,526.0
993806.0,0.0,-2.8624,0.067,0.0,0.0,0.0,0.9895,0.0,0.0,128.0,539.0
993847.0,0.0,-2.8639,-0.106,0.0,0.0,0.0,0.9895,0.0,0.0,128.0,539.0
993887.0,0.0,-2.8639,-0.188,0.0,0.0,0.0,0.9895,0.0,0.0,128.0,532.0
993927.0,0.0,-2.8624,0.164,0.0,0.0,0.0,0.9895,0.0,0.0,128.0,539.0
993968.0,0.0,-2.8624,0.236,0.0,0.0,0.0,0.9895,0.0,0.0,128.0,526.0
994008.0,0.0,-2.8624,0.206,0.0,0.0,0.0,0.9895,0.0,0.0,128.0,532.0
994048.0,0.0,-2.8639,-0.12,0.0,0.0,0.0,0.9895,0.0,0.0,128.0,532.0
994089.0,0.0,-2.8624,0.185,0.0,0.0,0.0,0.9895,0.0,0.0,128.0,526.0
994129.0,0.0,-2.8624,0.122,0.0,0.0,0.0,0.9895,0.0,0.0,128.0,527.0
994169.0,0.0,-2.8639,-0.16,0.0,0.0,0.0,0.9895,0.0,0.0,128.0,533.0
994209.0,0.0,-2.8624,0.144,0.0,0.0,0.0,0.9895,0.0,0.0,128.0,538.0
994249.0,0.0,-2.8639,-0.265,0.0,0.0,0.0,0.9895,0.0,0.0,128.0,532.0
994290.0,0.0,-2.8624,0.082,0.0,0.0,0.0,0.9895,0.0,0.0,128.0,526.0
994330.0,0.0,-2.8624,0.074,0.0,0.0,0.0,0.9895,0.0,0.0,128.0,532.0
994370.0,0.0,-2.8624,0.153,0.0,0.0,0.0,0.9895,0.0,0.0,128.0,533.0
994411.0,0.0,-2.8639,-0.252,0.0,0.0,0.0,0.9895,0.0,0.0,128.0,526.0
994451.0,0.0,-2.8639,-0.186,0.0,0.0,0.0,0.9895,0.0,0.0,128.0,527.0
994491.0,0.0,-2.8624,0.192,0.0,0.0,0.0,0.9895,0.0,0.0,128.0,526.0
994531.0,0.0,-2.8639,-0.169,0.0,0.0,0.0,0.9895,0.0,0.0,128.0,526.0
994571.0,0.0,-2.8639,-0.288,0.0,0.0,0.0,0.9895,0.0,0.0,128.0,532.0
994612.0,0.0,-2.8624,0.187,0.0,0.0,0.0,0.9895,0.0,0.0,128.0,527.0
994652.0,0.0,-2.8624,0.16,0.0,0.0,0.0,0.9895,0.0,0.0,128.0,539.0
994692.0,0.0,-2.8624,0.063,0.0,0.0,0.0,0.9895,0.0,0.0,128.0,532.0
994732.0,0.0,-2.8639,-0.209,0.0,0.0,0.0,0.9895,0.0,0.0,128.0,532.0
994772.0,0.0,-2.8624,0.141,0.0,0.0,0.0,0.9895,0.0,0.0,128.0,538.0
994813.0,0.0,-2.8624,0.084,0.0,0.0,0.0,0.9895,0.0,0.0,128.0,532.0
994853.0,0.0,-2.8624,0.023,0.0,0.0,0.0,0.9895,0.0,0.0,128.0,526.0
994893.0,0.0,-2.8624,0.215,0.0,0.0,0.0,0.9895,0.0,0.0,128.0,532.0
994933.0,0.0,-2.8624,0.289,0.0,0.0,0.0,0.9895,0.0,0.0,128.0,532.0
994974.0,0.0,-2.8639,-0.057,0.0,0.0,0.0,0.9895,0.0,0.0,128.0,527.0
995014.0,0.0,-2.8624,0.079,0.0,0.0,0.0,0.9895,0.0,0.0,128.0,527.0
995054.0,0.0,-2.8624,0.059,0.0,0.0,0.0,0.9895,0.0,0.0,128.0,526.0
995095.0,0.0,-2.8624,0.035,0.0,0.0,0.0,0.9895,0.0,0.0,128.0,526.0
995135.0,0.0,-2.8639,-0.094,0.0,0.0,0.0,0.9895,0.0,0.0,128.0,526.0
995175.0,0.0,-2.8624,0.193,0.0,0.0,0.0,0.9895,0.0,0.0,128.0,526.0
995215.0,0.0,-2.8639,-0.215,0.0,0.0,0.0,0.9895,0.0,0.0,128.0,539.0
995256.0,0.0,-2.8624,0.21,0.0,0.0,0.0,0.9895,0.0,0.0,128.0,539.0
995296.0,0.0,-2.8624,0.092,0.0,0.0,0.0,0.9895,0.0,0.0,128.0,538.0
995337.0,0.0,-2.8624,0.25,0.0,0.0,0.0,0.9895,0.0,0.0,128.0,532.0
995377.0,0.0,-2.8624,0.063,0.0,0.0,0.0,0.9895,0.0,0.0,128.0,526.0
995417.0,0.0,-2.8624,0.084,0.0,0.0,0.0,0.9895,0.0,0.0,128.0,538.0
995458.0,0.0,-2.8639,-0.143,0.0,0.0,0.0,0.9895,0.0,0.0,128.0,532.0
995498.0,0.0,-2.8624,0.118,0.0,0.0,0.0,0.9895,0.0,0.0,128.0,538.0
995538.0,0.0,-2.8639,-0.114,0.0,0.0,0.0,0.9895,0.0,0.0,128.0,532.0
995579.0,0.0,-2.8624,0.109,0.0,0.0,0.0,0.9895,0.0,0.0,128.0,532.0
995619.0,0.0,-2.8624,0.06,0.0,0.0,0.0,0.9895,0.0,0.0,128.0,526.0
995659.0,0.0,-2.8624,0.206,0.0,0.0,0.0,0.9895,0.0,0.0,128.0,526.0
995699.0,0.0,-2.8639,-0.096,0.0,0.0,0.0,0.9895,0.0,0.0,128.0,526.0
995739.0,0.0,-2.8624,0.248,0.0,0.0,0.0,0.9895,0.0,0.0,128.0,538.0
995780.0,0.0,-2.8624,0.322,0.0,0.0,0.0,0.9895,0.0,0.0,128.0,526.0
995820.0,0.0,-2.8624,0.143,0.0,0.0,0.0,0.9895,0.0,0.0,128.0,526.0
995860.0,0.0,-2.8624,-0.018,0.0,0.0,0.0,0.9895,0.0,0.0,128.0,532.0
995901.0,0.0,-2.8639,-0.291,0.0,0.0,0.0,0.9895,0.0,0.0,128.0,533.0
995941.0,0.0,-2.8624,0.167,0.0,0.0,0.0,0.9895,0.0,0.0,128.0,526.0
995981.0,0.0,-2.8639,-0.314,0.0,0.0,0.0,0.9895,0.0,0.0,128.0,532.0
996021.0,0.0,-2.8624,0.119,0.0,0.0,0.0,0.9895,0.0,0.0,128.0,538.0
996061.0,0.0,-2.8639,-0.163,0.0,0.0,0.0,0.9895,0.0,0.0,128.0,538.0
996101.0,0.0,-2.8624,0.173,0.0,0.0,0.0,0.9895,0.0,0.0,128.0,539.0
996142.0,0.0,-2.8639,-0.211,0.0,0.0,0.0,0.9895,0.0,0.0,128.0,526.0
996182.0,0.0,-2.8624,0.06,0.0,0.0,0.0,0.9895,0.0,0.0,128.0,539.0
996222.0,0.0,-2.8624,0.153,0.0,0.0,0.0,0.9895,0.0,0.0,128.0,538.0
996263.0,0.0,-2.8624,0.092,0.0,0.0,0.0,0.9895,0.0,0.0,128.0,526.0
996303.0,0.0,-2.8624,0.23,0.0,0.0,0.0,0.9895,0.0,0.0,128.0,526.0
996343.0,0.0,-2.8624,0.165,0.0,0.0,0.0,0.9895,0.0,0.0,128.0,532.0
996384.0,0.0,-2.8624,0.176,0.0,0.0,0.0,0.9895,0.0,0.0,128.0,539.0
996424.0,0.0,-2.8639,-0.318,0.0,0.0,0.0,0.9895,0.0,0.0,128.0,527.0
996464.0,0.0,-2.8624,0.168,0.0,0.0,0.0,0.9895,0.0,0.0,128.0,532.0
996504.0,0.0,-2.8639,-0.15,0.0,0.0,0.0,0.9895,0.0,0.0,128.0,533.0
996545.0,0.0,-2.8639,-0.241,0.0,0.0,0.0,0.9895,0.0,0.0,128.0,526.0
996585.0,0.0,-2.8624,0.24,0.0,0.0,0.0,0.9895,0.0,0.0,128.0,532.0
996625.0,0.0,-2.8624,0.186,0.0,0.0,0.0,0.9895,0.0,0.0,128.0,526.0
996665.0,0.0,-2.8624,0.143,0.0,0.0,0.0,0.9895,0.0,0.0,128.0,526.0
996705.0,0.0,-2.8624,-0.011,0.0,0.0,0.0,0.9895,0.0,0.0,128.0,532.0
996745.0,0.0,-2.8624,0.176,0.0,0.0,0.0,0.9895,0.0,0.0,128.0,533.0
996786.0,0.0,-2.8639,-0.177,0.0,0.0,0.0,0.9895,0.0,0.0,128.0,533.0
996826.0,0.0,-2.8624,0.251,0.0,0.0,0.0,0.9895,0.0,0.0,128.0,526.0
996866.0,0.0,-2.8639,-0.216,0.0,0.0,0.0,0.9895,0.0,0.0,128.0,526.0
996906.0,0.0,-2.8624,0.033,0.0,0.0,0.0,0.9895,0.0,0.0,128.0,539.0
996946.0,0.0,-2.8639,-0.356,0.0,0.0,0.0,0.9895,0.0,0.0,128.0,539.0
996987.0,0.0,-2.8624,0.081,0.0,0.0,0.0,0.9895,0.0,0.0,128.0,533.0
997027.0,0.0,-2.8639,-0.144,0.0,0.0,0.0,0.9895,0.0,0.0,128.0,527.0
997068.0,0.0,-2.8639,-0.108,0.0,0.0,0.0,0.9895,0.0,0.0,128.0,527.0
997108.0,0.0,-2.8624,0.275,0.0,0.0,0.0,0.9895,0.0,0.0,128.0,526.0
997148.0,0.0,-2.8639,-0.269,0.0,0.0,0.0,0.9895,0.0,0.0,128.0,532.0
997188.0,0.0,-2.8624,0.05,0.0,0.0,0.0,0.9895,0.0,0.0,128.0,539.0
997228.0,0.0,-2.8624,0.049,0.0,0.0,0.0,0.9895,0.0,0.0,128.0,538.0
997269.0,0.0,-2.8624,0.107,0.0,0.0,0.0,0.9895,0.0,0.0,128.0,532.0
997309.0,0.0,-2.8624,0.335,0.0,0.0,0.0,0.9895,0.0,0.0,128.0,539.0
997349.0,0.0,-2.8639,-0.283,0.0,0.0,0.0,0.9895,0.0,0.0,128.0,538.0
997390.0,0.0,-2.8639,-0.25,0.0,0.0,0.0,0.9895,0.0,0.0,128.0,538.0
997430.0,0.0,-2.8624,0.046,0.0,0.0,0.0,0.9895,0.0,0.0,128.0,527.0
997470.0,0.0,-2.8624,0.18,0.0,0.0,0.0,0.9895,0.0,0.0,128.0,538.0
997511.0,0.0,-2.8624,0.043,0.0,0.0,0.0,0.9895,0.0,0.0,128.0,527.0
997551.0,0.0,-2.8624,0.215,0.0,0.0,0.0,0.9895,0.0,0.0,128.0,532.0
997591.0,0.0,-2.8639,-0.118,0.0,0.0,0.0,0.9895,0.0,0.0,128.0,526.0
997631.0,0.0,-2.8624,0.083,0.0,0.0,0.0,0.9895,0.0,0.0,128.0,539.0
997672.0,0.0,-2.8624,0.06,0.0,0.0,0.0,0.9895,0.0,0.0,128.0,526.0
997712.0,0.0,-2.8624,0.009,0.0,0.0,0.0,0.9895,0.0,0.0,128.0,527.0
997752.0,0.0,-2.8624,0.055,0.0,0.0,0.0,0.9895,0.0,0.0,128.0,532.0
997793.0,0.0,-2.8639,-0.208,0.0,0.0,0.0,0.9895,0.0,0.0,128.0,532.0
997833.0,0.0,-2.8624,0.108,0.0,0.0,0.0,0.9895,0.0,0.0,128.0,538.0
997873.0,0.0,-2.8624,0.069,0.0,0.0,0.0,0.9895,0.0,0.0,128.0,538.0
997914.0,0.0,-2.8624,0.021,0.0,0.0,0.0,0.9895,0.0,0.0,128.0,538.0
997954.0,0.0,-2.8639,-0.282,0.0,0.0,0.0,0.9895,0.0,0.0,128.0,539.0
997994.0,0.0,-2.8624,0.138,0.0,0.0,0.0,0.9895,0.0,0.0,128.0,539.0
998035.0,0.0,-2.8624,0.171,0.0,0.0,0.0,0.9895,0.0,0.0,128.0,526.0
998075.0,0.0,-2.8624,0.063,0.0,0.0,0.0,0.9895,0.0,0.0,128.0,531.0
998115.0,0.0,-2.8624,0.076,0.0,0.0,0.0,0.9895,0.0,0.0,128.0,526.0
998155.0,0.0,-2.8624,0.08,0.0,0.0,0.0,0.9895,0.0,0.0,128.0,538.0
998196.0,0.0,-2.8624,0.217,0.0,0.0,0.0,0.9895,0.0,0.0,128.0,533.0
998236.0,0.0,-2.8639,-0.254,0.0,0.0,0.0,0.9895,0.0,0.0,128.0,526.0
998276.0,0.0,-2.8624,0.153,0.0,0.0,0.0,0.9895,0.0,0.0,128.0,526.0
998316.0,0.0,-2.8624,0.224,0.0,0.0,0.0,0.9895,0.0,0.0,128.0,526.0
998356.0,0.0,-2.8624,0.004,0.0,0.0,0.0,0.9895,0.0,0.0,128.0,538.0
998396.0,0.0,-2.8624,0.193,0.0,0.0,0.0,0.9895,0.0,0.0,128.0,532.0
998437.0,0.0,-2.8639,-0.18,0.0,0.0,0.0,0.9895,0.0,0.0,128.0,533.0
998477.0,0.0,-2.8624,0.075,0.0,0.0,0.0,0.9895,0.0,0.0,128.0,539.0
998518.0,0.0,-2.8624,0.266,0.0,0.0,0.0,0.9895,0.0,0.0,128.0,526.0
998558.0,0.0,-2.8639,-0.163,0.0,0.0,0.0,0.9895,0.0,0.0,128.0,526.0
998598.0,0.0,-2.8624,0.191,0.0,0.0,0.0,0.9895,0.0,0.0,128.0,532.0
998638.0,0.0,-2.8624,0.098,0.0,0.0,0.0,0.9895,0.0,0.0,128.0,538.0
998679.0,0.0,-2.8639,-0.16,0.0,0.0,0.0,0.9895,0.0,0.0,128.0,533.0
998719.0,0.0,-2.8624,0.246,0.0,0.0,0.0,0.9895,0.0,0.0,128.0,538.0
998759.0,0.0,-2.8624,0.05,0.0,0.0,0.0,0.9895,0.0,0.0,128.0,526.0
998800.0,0.0,-2.8639,-0.279,0.0,0.0,0.0,0.9895,0.0,0.0,128.0,526.0
998840.0,0.0,-2.8639,-0.354,0.0,0.0,0.0,0.9895,0.0,0.0,128.0,532.0
998880.0,0.0,-2.8639,-0.181,0.0,0.0,0.0,0.9895,0.0,0.0,128.0,533.0
998920.0,0.0,-2.8624,0.148,0.0,0.0,0.0,0.9895,0.0,0.0,128.0,538.0
998961.0,0.0,-2.8639,-0.221,0.0,0.0,0.0,0.9895,0.0,0.0,128.0,526.0
999001.0,0.0,-2.8639,-0.19,0.0,0.0,0.0,0.9895,0.0,0.0,128.0,538.0
999041.0,0.0,-2.8624,0.039,0.0,0.0,0.0,0.9895,0.0,0.0,128.0,533.0
999082.0,0.0,-2.8639,-0.273,0.0,0.0,0.0,0.9895,0.0,0.0,128.0,533.0
999122.0,0.0,-2.8639,-0.159,0.0,0.0,0.0,0.9895,0.0,0.0,128.0,533.0
999163.0,0.0,-2.8624,0.029,0.0,0.0,0.0,0.9895,0.0,0.0,128.0,538.0
999203.0,0.0,-2.8639,-0.106,0.0,0.0,0.0,0.9895,0.0,0.0,128.0,539.0
999243.0,0.0,-2.8624,0.092,0.0,0.0,0.0,0.9895,0.0,0.0,128.0,538.0
999284.0,0.0,-2.8624,0.107,0.0,0.0,0.0,0.9895,0.0,0.0,128.0,532.0
999324.0,0.0,-2.8624,0.092,0.0,0.0,0.0,0.9895,0.0,0.0,128.0,526.0
999364.0,0.0,-2.8624,0.175,0.0,0.0,0.0,0.9895,0.0,0.0,128.0,539.0
999405.0,0.0,-2.8624,0.105,0.0,0.0,0.0,0.9895,0.0,0.0,128.0,526.0
999445.0,0.0,-2.8624,0.117,0.0,0.0,0.0,0.9895,0.0,0.0,128.0,526.0
999485.0,0.0,-2.8624,0.146,0.0,0.0,0.0,0.9895,0.0,0.0,128.0,532.0
999525.0,0.0,-2.8639,-0.208,0.0,0.0,0.0,0.9895,0.0,0.0,128.0,538.0
999566.0,0.0,-2.8624,0.014,0.0,0.0,0.0,0.9895,0.0,0.0,128.0,532.0
999606.0,0.0,-2.8624,0.289,0.0,0.0,0.0,0.9895,0.0,0.0,128.0,526.0
999646.0,0.0,-2.8624,0.124,0.0,0.0,0.0,0.9895,0.0,0.0,128.0,526.0
999686.0,0.0,-2.8624,0.214,0.0,0.0,0.0,0.9895,0.0,0.0,128.0,538.0
999727.0,0.0,-2.8624,0.1,0.0,0.0,0.0,0.9895,0.0,0.0,128.0,533.0
999767.0,0.0,-2.8639,-0.301,0.0,0.0,0.0,0.9895,0.0,0.0,128.0,532.0
999807.0,0.0,-2.8624,0.001,0.0,0.0,0.0,0.9895,0.0,0.0,128.0,526.0
999847.0,0.0,-2.8639,-0.109,0.0,0.0,0.0,0.9895,0.0,0.0,128.0,527.0
999887.0,0.0,-2.8624,0.146,0.0,0.0,0.0,0.9895,0.0,0.0,128.0,538.0
999928.0,0.0,-2.8639,-0.186,0.0,0.0,0.0,0.9895,0.0,0.0,128.0,532.0
999968.0,0.0,-2.8639,-0.256,0.0,0.0,0.0,0.9895,0.0,0.0,128.0,538.0
1000008.0,0.0,-2.8624,0.241,0.0,0.0,0.0,0.9895,0.0,0.0,128.0,539.0
1000049.0,0.0,-2.8639,-0.159,0.0,0.0,0.0,0.9895,0.0,0.0,128.0,526.0
1000089.0,0.0,-2.8624,0.072,0.0,0.0,0.0,0.9895,0.0,0.0,128.0,526.0
1000129.0,0.0,-2.8624,0.222,0.0,0.0,0.0,0.9895,0.0,0.0,128.0,533.0
1000170.0,0.0,-2.8639,-0.34,0.0,0.0,0.0,0.9895,0.0,0.0,128.0,527.0
1000210.0,0.0,-2.8639,-0.235,0.0,0.0,0.0,0.9895,0.0,0.0,128.0,532.0
1000250.0,0.0,-2.8624,0.022,0.0,0.0,0.0,0.9895,0.0,0.0,128.0,538.0
1000290.0,0.0,-2.8624,0.15,0.0,0.0,0.0,0.9895,0.0,0.0,128.0,526.0
1000330.0,0.0,-2.8639,-0.228,0.0,0.0,0.0,0.9895,0.0,0.0,128.0,527.0
1000370.0,0.0,-2.8639,-0.15,0.0,0.0,0.0,0.9895,0.0,0.0,128.0,538.0
1000410.0,0.0,-2.8639,-0.235,0.0,0.0,0.0,0.9895,0.0,0.0,128.0,533.0
1000451.0,0.0,-2.8624,0.172,0.0,0.0,0.0,0.9895,0.0,0.0,128.0,527.0
1000491.0,0.0,-2.8639,-0.181,0.0,0.0,0.0,0.9895,0.0,0.0,128.0,538.0
1000531.0,0.0,-2.8639,-0.273,0.0,0.0,0.0,0.9895,0.0,0.0,128.0,539.0
1000571.0,0.0,-2.8639,-0.325,0.0,0.0,0.0,0.9895,0.0,0.0,128.0,532.0
1000611.0,0.0,-2.8639,-0.225,0.0,0.0,0.0,0.9895,0.0,0.0,128.0,532.0
1000652.0,0.0,-2.8639,-0.125,0.0,0.0,0.0,0.9895,0.0,0.0,128.0,527.0
1000692.0,0.0,-2.8639,-0.254,0.0,0.0,0.0,0.9895,0.0,0.0,128.0,526.0
1000732.0,0.0,-2.8639,-0.259,0.0,0.0,0.0,0.9895,0.0,0.0,128.0,526.0
1000772.0,0.0,-2.8624,0.181,0.0,0.0,0.0,0.9895,0.0,0.0,128.0,526.0
1000812.0,0.0,-2.8624,0.261,0.0,0.0,0.0,0.9895,0.0,0.0,128.0,539.0
1000853.0,0.0,-2.8639,-0.251,0.0,0.0,0.0,0.9895,0.0,0.0,128.0,533.0
1000893.0,0.0,-2.8624,0.132,0.0,0.0,0.0,0.9895,0.0,0.0,128.0,538.0
1000933.0,0.0,-2.8624,-0.012,0.0,0.0,0.0,0.9895,0.0,0.0,128.0,526.0
1000974.0,0.0,-2.8624,0.071,0.0,0.0,0.0,0.9895,0.0,0.0,128.0,532.0
1001014.0,0.0,-2.8624,0.11,0.0,0.0,0.0,0.9895,0.0,0.0,128.0,526.0
1001054.0,0.0,-2.8624,0.028,0.0,0.0,0.0,0.9895,0.0,0.0,128.0,532.0
1001094.0,0.0,-2.8639,-0.242,0.0,0.0,0.0,0.9895,0.0,0.0,128.0,539.0
1001135.0,0.0,-2.8624,0.005,0.0,0.0,0.0,0.9895,0.0,0.0,128.0,538.0
1001175.0,0.0,-2.8639,-0.204,0.0,0.0,0.0,0.9895,0.0,0.0,128.0,538.0
1001216.0,0.0,-2.8624,0.114,0.0,0.0,0.0,0.9895,0.0,0.0,128.0,527.0
1001256.0,0.0,-2.8624,0.14,0.0,0.0,0.0,0.9895,0.0,0.0,128.0,538.0
1001296.0,0.0,-2.8639,-0.248,0.0,0.0,0.0,0.9895,0.0,0.0,128.0,532.0
1001336.0,0.0,-2.8624,0.049,0.0,0.0,0.0,0.9895,0.0,0.0,128.0,538.0
1001377.0,0.0,-2.8639,-0.098,0.0,0.0,0.0,0.9895,0.0,0.0,128.0,526.0
1001417.0,0.0,-2.8624,0.282,0.0,0.0,0.0,0.9895,0.0,0.0,128.0,538.0
1001457.0,0.0,-2.8639,-0.189,0.0,0.0,0.0,0.9895,0.0,0.0,128.0,526.0
1001497.0,0.0,-2.8624,0.075,0.0,0.0,0.0,0.9895,0.0,0.0,128.0,533.0
1001538.0,0.0,-2.8624,0.184,0.0,0.0,0.0,0.9895,0.0,0.0,128.0,527.0
1001578.0,0.0,-2.8639,-0.176,0.0,0.0,0.0,0.9895,0.0,0.0,128.0,526.0
1001618.0,0.0,-2.8639,-0.194,0.0,0.0,0.0,0.9895,0.0,0.0,128.0,532.0
1001658.0,0.0,-2.8624,0.133,0.0,0.0,0.0,0.9895,0.0,0.0,128.0,539.0
1001699.0,0.0,-2.8639,-0.148,0.0,0.0,0.0,0.9895,0.0,0.0,128.0,538.0
1001739.0,0.0,-2.8624,0.023,0.0,0.0,0.0,0.9895,0.0,0.0,128.0,533.0
1001779.0,0.0,-2.8624,0.104,0.0,0.0,0.0,0.9895,0.0,0.0,128.0,532.0
1001820.0,0.0,-2.8639,-0.059,0.0,0.0,0.0,0.9895,0.0,0.0,128.0,526.0
1001860.0,0.0,-2.8624,0.105,0.0,0.0,0.0,0.9895,0.0,0.0,128.0,532.0
1001900.0,0.0,-2.8639,-0.021,0.0,0.0,0.0,0.9895,0.0,0.0,128.0,527.0
1001941.0,0.0,-2.8624,0.174,0.0,0.0,0.0,0.9895,0.0,0.0,128.0,526.0
1001981.0,0.0,-2.8624,0.124,0.0,0.0,0.0,0.9895,0.0,0.0,128.0,526.0
1002022.0,0.0,-2.8624,0.071,0.0,0.0,0.0,0.9895,0.0,0.0,128.0,526.0
1002062.0,0.0,-2.8639,-0.139,0.0,0.0,0.0,0.9895,0.0,0.0,128.0,533.0
1002102.0,0.0,-2.8624,0.19,0.0,0.0,0.0,0.9895,0.0,0.0,128.0,539.0
1002142.0,0.0,-2.8624,0.223,0.0,0.0,0.0,0.9895,0.0,0.0,128.0,533.0
1002183.0,0.0,-2.8639,-0.127,0.0,0.0,0.0,0.9895,0.0,0.0,128.0,526.0
1002223.0,0.0,-2.8624,0.086,0.0,0.0,0.0,0.9895,0.0,0.0,128.0,539.0
1002263.0,0.0,-2.8624,0.068,0.0,0.0,0.0,0.9895,0.0,0.0,128.0,526.0
1002303.0,0.0,-2.8624,0.079,0.0,0.0,0.0,0.9895,0.0,0.0,128.0,538.0
1002344.0,0.0,-2.8624,0.268,0.0,0.0,0.0,0.9895,0.0,0.0,128.0,532.0
1002384.0,0.0,-2.8639,-0.189,0.0,0.0,0.0,0.9895,0.0,0.0,128.0,539.0
1002424.0,0.0,-2.8639,-0.243,0.0,0.0,0.0,0.9895,0.0,0.0,128.0,538.0
1002464.0,0.0,-2.8624,0.249,0.0,0.0,0.0,0.9895,0.0,0.0,128.0,538.0
1002505.0,0.0,-2.8624,0.267,0.0,0.0,0.0,0.9895,0.0,0.0,128.0,526.0
1002545.0,0.0,-2.8624,0.068,0.0,0.0,0.0,0.9895,0.0,0.0,128.0,526.0
1002586.0,0.0,-2.8639,-0.156,0.0,0.0,0.0,0.9895,0.0,0.0,128.0,538.0
1002626.0,0.0,-2.8624,0.176,0.0,0.0,0.0,0.9895,0.0,0.0,128.0,526.0
1002666.0,0.0,-2.8639,-0.034,0.0,0.0,0.0,0.9895,0.0,0.0,128.0,533.0
1002706.0,0.0,-2.8624,0.144,0.0,0.0,0.0,0.9895,0.0,0.0,128.0,526.0
1002746.0,0.0,-2.8639,-0.335,0.0,0.0,0.0,0.9895,0.0,0.0,128.0,532.0
1002787.0,0.0,-2.8639,-0.143,0.0,0.0,0.0,0.9895,0.0,0.0,128.0,533.0
1002827.0,0.0,-2.8639,-0.256,0.0,0.0,0.0,0.9895,0.0,0.0,128.0,539.0
1002867.0,0.0,-2.8624,0.341,0.0,0.0,0.0,0.9895,0.0,0.0,128.0,526.0
1002907.0,0.0,-2.8624,0.156,0.0,0.0,0.0,0.9895,0.0,0.0,128.0,526.0
1002947.0,0.0,-2.8624,0.27,0.0,0.0,0.0,0.9895,0.0,0.0,128.0,538.0
1002988.0,0.0,-2.8624,-0.004,0.0,0.0,0.0,0.9895,0.0,0.0,128.0,532.0
1003028.0,0.0,-2.8624,0.147,0.0,0.0,0.0,0.9895,0.0,0.0,128.0,532.0
1003069.0,0.0,-2.8639,-0.06,0.0,0.0,0.0,0.9895,0.0,0.0,128.0,527.0
1003109.0,0.0,-2.8624,0.003,0.0,0.0,0.0,0.9895,0.0,0.0,128.0,526.0
1003149.0,0.0,-2.8639,-0.0,0.0,0.0,0.0,0.9895,0.0,0.0,128.0,526.0
1003189.0,0.0,-2.8624,0.0,0.0,0.0,0.0,0.9895,0.0,0.0,128.0,526.0
1003229.0,0.0,-2.8624,0.289,0.0,0.0,0.0,0.9895,0.0,0.0,128.0,539.0
1003269.0,0.0,-2.8639,-0.204,0.0,0.0,0.0,0.9895,0.0,0.0,128.0,539.0
1003310.0,0.0,-2.8624,0.037,0.0,0.0,0.0,0.9895,0.0,0.0,128.0,526.0
1003350.0,0.0,-2.8639,-0.133,0.0,0.0,0.0,0.9895,0.0,0.0,128.0,533.0
1003390.0,0.0,-2.8624,0.062,0.0,0.0,0.0,0.9895,0.0,0.0,128.0,532.0
1003430.0,0.0,-2.8624,0.136,0.0,0.0,0.0,0.9895,0.0,0.0,128.0,532.0
1003470.0,0.0,-2.8624,0.076,0.0,0.0,0.0,0.9895,0.0,0.0,128.0,538.0
1003510.0,0.0,-2.8639,-0.256,0.0,0.0,0.0,0.9895,0.0,0.0,128.0,538.0
1003550.0,0.0,-2.8639,-0.209,0.0,0.0,0.0,0.9895,0.0,0.0,128.0,539.0
1003591.0,0.0,-2.8624,0.274,0.0,0.0,0.0,0.9895,0.0,0.0,128.0,526.0
1003631.0,0.0,-2.8624,0.149,0.0,0.0,0.0,0.9895,0.0,0.0,128.0,532.0
1003671.0,0.0,-2.8639,-0.192,0.0,0.0,0.0,0.9895,0.0,0.0,128.0,526.0
1003711.0,0.0,-2.8624,0.075,0.0,0.0,0.0,0.9895,0.0,0.0,128.0,532.0
1003752.0,0.0,-2.8624,0.196,0.0,0.0,0.0,0.9895,0.0,0.0,128.0,526.0
1003792.0,0.0,-2.8624,0.208,0.0,0.0,0.0,0.9895,0.0,0.0,128.0,526.0
1003832.0,0.0,-2.8639,-0.136,0.0,0.0,0.0,0.9895,0.0,0.0,128.0,533.0
1003872.0,0.0,-2.8624,0.248,0.0,0.0,0.0,0.9895,0.0,0.0,128.0,526.0
1003912.0,0.0,-2.8624,0.095,0.0,0.0,0.0,0.9895,0.0,0.0,128.0,526.0
1003952.0,0.0,-2.8639,-0.304,0.0,0.0,0.0,0.9895,0.0,0.0,128.0,539.0
1003993.0,0.0,-2.8639,-0.166,0.0,0.0,0.0,0.9895,0.0,0.0,128.0,527.0
1004033.0,0.0,-2.8624,0.272,0.0,0.0,0.0,0.9895,0.0,0.0,128.0,532.0
1004073.0,0.0,-2.8624,0.177,0.0,0.0,0.0,0.9895,0.0,0.0,128.0,526.0
1004113.0,0.0,-2.8624,0.141,0.0,0.0,0.0,0.9895,0.0,0.0,128.0,532.0
1004153.0,0.0,-2.8639,-0.019,0.0,0.0,0.0,0.9895,0.0,0.0,128.0,539.0
1004194.0,0.0,-2.8624,0.13,0.0,0.0,0.0,0.9895,0.0,0.0,128.0,538.0
1004234.0,0.0,-2.8624,0.215,0.0,0.0,0.0,0.9895,0.0,0.0,128.0,538.0
1004275.0,0.0,-2.8624,0.0,0.0,0.0,0.0,0.9895,0.0,0.0,128.0,539.0
1004315.0,0.0,-2.8639,-0.105,0.0,0.0,0.0,0.9895,0.0,0.0,128.0,526.0
1004355.0,0.0,-2.8624,0.152,0.0,0.0,0.0,0.9895,0.0,0.0,128.0,532.0
1004396.0,0.0,-2.8639,-0.002,0.0,0.0,0.0,0.9895,0.0,0.0,128.0,526.0
1004436.0,0.0,-2.8624,0.191,0.0,0.0,0.0,0.9895,0.0,0.0,128.0,538.0
1004476.0,0.0,-2.8624,0.271,0.0,0.0,0.0,0.9895,0.0,0.0,128.0,538.0
1004517.0,0.0,-2.8624,0.133,0.0,0.0,0.0,0.9895,0.0,0.0,128.0,532.0
1004557.0,0.0,-2.8639,-0.119,0.0,0.0,0.0,0.9895,0.0,0.0,128.0,538.0
1004597.0,0.0,-2.8639,-0.129,0.0,0.0,0.0,0.9895,0.0,0.0,128.0,538.0
1004638.0,0.0,-2.8624,0.19,0.0,0.0,0.0,0.9895,0.0,0.0,128.0,538.0
1004678.0,0.0,-2.8639,-0.095,0.0,0.0,0.0,0.9895,0.0,0.0,128.0,538.0
1004718.0,0.0,-2.8624,0.078,0.0,0.0,0.0,0.9895,0.0,0.0,128.0,526.0
1004758.0,0.0,-2.8624,0.339,0.0,0.0,0.0,0.9895,0.0,0.0,128.0,527.0
1004798.0,0.0,-2.8624,-0.019,0.0,0.0,0.0,0.9895,0.0,0.0,128.0,538.0
1004839.0,0.0,-2.8639,-0.143,0.0,0.0,0.0,0.9895,0.0,0.0,128.0,538.0
1004879.0,0.0,-2.8639,-0.184,0.0,0.0,0.0,0.9895,0.0,0.0,128.0,533.0
1004920.0,0.0,-2.8624,0.161,0.0,0.0,0.0,0.9895,0.0,0.0,128.0,526.0
1004960.0,0.0,-2.8639,-0.161,0.0,0.0,0.0,0.9895,0.0,0.0,128.0,532.0
1005000.0,0.0,-2.8624,0.09,0.0,0.0,0.0,0.9895,0.0,0.0,128.0,533.0
1005041.0,0.0,-2.8624,0.201,0.0,0.0,0.0,0.9895,0.0,0.0,128.0,526.0
1005081.0,0.0,-2.8624,0.097,0.0,0.0,0.0,0.9895,0.0,0.0,128.0,538.0
1005121.0,0.0,-2.8624,0.026,0.0,0.0,0.0,0.9895,0.0,0.0,128.0,526.0
1005161.0,0.0,-2.8639,-0.21,0.0,0.0,0.0,0.9895,0.0,0.0,128.0,526.0
1005201.0,0.0,-2.8624,0.082,0.0,0.0,0.0,0.9895,0.0,0.0,128.0,526.0
1005241.0,0.0,-2.8624,0.06,0.0,0.0,0.0,0.9895,0.0,0.0,128.0,538.0
1005281.0,0.0,-2.8624,-0.001,0.0,0.0,0.0,0.9895,0.0,0.0,128.0,538.0
1005322.0,0.0,-2.8624,0.064,0.0,0.0,0.0,0.9895,0.0,0.0,128.0,527.0
1005362.0,0.0,-2.8624,0.006,0.0,0.0,0.0,0.9895,0.0,0.0,128.0,526.0
1005402.0,0.0,-2.8624,0.0,0.0,0.0,0.0,0.9895,0.0,0.0,128.0,525.0
1005443.0,0.0,-2.867,0.097,0.0,0.0,0.0,0.9895,0.0,0.0,128.0,526.0
1005483.0,0.0,-2.8685,-0.0,0.0,0.0,0.0,0.9895,0.0,0.0,128.0,525.0
1005523.0,0.0,-2.867,-0.462,0.0,0.0,0.0,0.9895,0.0,0.0,128.0,526.0
1005564.0,0.0,-2.8609,0.349,0.0,0.0,0.0,0.9895,0.0,0.0,128.0,526.0
1005604.0,0.0,-2.8685,0.118,0.0,0.0,0.0,0.9895,0.0,0.0,128.0,539.0
1005644.0,0.0,-2.8685,-0.22,0.0,0.0,0.0,0.9895,0.0,0.0,128.0,526.0
1005684.0,0.0,-2.8655,-0.162,0.0,0.0,0.0,0.9895,0.0,0.0,128.0,527.0
1005724.0,0.0,-2.8685,0.02,0.0,0.0,0.0,0.9895,0.0,0.0,128.0,538.0
1005764.0,0.0,-2.8701,0.084,0.0,0.0,0.0,0.9895,0.0,0.0,128.0,538.0
1005804.0,0.0,-2.8685,0.125,0.0,0.0,0.0,0.9895,0.0,0.0,128.0,538.0
1005845.0,0.0,-2.8685,0.182,0.0,0.0,0.0,0.9895,0.0,0.0,128.0,538.0
1005885.0,0.0,-2.8685,0.0,0.0,0.0,0.0,0.9895,0.0,0.0,128.0,526.0
1005925.0,0.0,-2.8685,-0.159,0.0,0.0,0.0,0.9895,0.0,0.0,128.0,532.0
1005965.0,0.0,-2.8685,-0.0,0.0,0.0,0.0,0.9895,0.0,0.0,128.0,539.0
1006006.0,0.0,-2.8685,-0.0,0.0,0.0,0.0,0.9895,0.0,0.0,128.0,532.0
1006046.0,0.0,-2.8685,0.024,0.0,0.0,0.0,0.9895,0.0,0.0,128.0,526.0
1006087.0,0.0,-2.8685,0.001,0.0,0.0,0.0,0.9895,0.0,0.0,128.0,526.0
1006127.0,0.0,-2.8685,0.001,0.0,0.0,0.0,0.9895,0.0,0.0,128.0,538.0
1006167.0,0.0,-2.8685,0.0,0.0,0.0,0.0,0.9895,0.0,0.0,128.0,525.0
1006208.0,0.0,-2.8685,-0.101,0.0,0.0,0.0,0.9895,0.0,0.0,128.0,526.0
1006248.0,0.0,-2.8685,-0.036,0.0,0.0,0.0,0.9895,0.0,0.0,128.0,539.0
1006288.0,0.0,-2.8685,-0.0,0.0,0.0,0.0,0.9895,0.0,0.0,128.0,519.0
1006328.0,0.0,-2.8685,0.033,0.0,0.0,0.0,0.9895,0.0,0.0,128.0,526.0
1006368.0,0.0,-2.8685,0.202,0.0,0.0,0.0,0.9895,0.0,0.0,128.0,526.0
1006409.0,0.0,-2.8685,0.0,0.0,0.0,0.0,0.9895,0.0,0.0,128.0,532.0
1006449.0,0.0,-2.8685,0.0,0.0,0.0,0.0,0.9895,0.0,0.0,128.0,532.0
1006489.0,0.0,-2.867,0.306,0.0,0.0,0.0,0.9895,0.0,0.0,128.0,532.0
1006530.0,0.0,-2.8685,0.0,0.0,0.0,0.0,0.9895,0.0,0.0,128.0,538.0
1006570.0,0.0,-2.8685,0.021,0.0,0.0,0.0,0.9895,0.0,0.0,128.0,527.0
1006610.0,0.0,-2.8685,0.0,0.0,0.0,0.0,0.9895,0.0,0.0,128.0,531.0
1006650.0,0.0,-2.8685,0.044,0.0,0.0,0.0,0.9895,0.0,0.0,128.0,539.0
1006691.0,0.0,-2.8685,0.0,0.0,0.0,0.0,0.9895,0.0,0.0,128.0,531.0
1006731.0,0.0,-2.8685,0.001,0.0,0.0,0.0,0.9895,0.0,0.0,128.0,527.0
1006771.0,0.0,-2.8685,-0.0,0.0,0.0,0.0,0.9895,0.0,0.0,128.0,532.0
1006812.0,0.0,-2.8685,-0.0,0.0,0.0,0.0,0.9895,0.0,0.0,128.0,519.0
1006852.0,0.0,-2.8685,0.013,0.0,0.0,0.0,0.9895,0.0,0.0,128.0,527.0
1006892.0,0.0,-2.8685,0.0,0.0,0.0,0.0,0.9895,0.0,0.0,128.0,525.0
1006932.0,0.0,-2.8685,0.0,0.0,0.0,0.0,0.9895,0.0,0.0,128.0,527.0
1006972.0,0.0,-2.8685,0.0,0.0,0.0,0.0,0.9895,0.0,0.0,128.0,532.0
1007013.0,0.0,-2.8685,0.0,0.0,0.0,0.0,0.9895,0.0,0.0,128.0,526.0
1007053.0,0.0,-2.8685,-0.0,0.0,0.0,0.0,0.9895,0.0,0.0,128.0,526.0
1007093.0,0.0,-2.8685,-0.0,0.0,0.0,0.0,0.9895,0.0,0.0,128.0,525.0
1007133.0,0.0,-2.8685,-0.0,0.0,0.0,0.0,0.9895,0.0,0.0,128.0,525.0
1007173.0,0.0,-2.8685,-0.02,0.0,0.0,0.0,0.9895,0.0,0.0,128.0,539.0
1007214.0,0.0,-2.8685,0.0,0.0,0.0,0.0,0.9895,0.0,0.0,128.0,525.0
1007254.0,0.0,-2.8685,0.0,0.0,0.0,0.0,0.9895,0.0,0.0,128.0,532.0
1007294.0,0.0,-2.8685,-0.0,0.0,0.0,0.0,0.9895,0.0,0.0,128.0,532.0
1007334.0,0.0,-2.8685,-0.0,0.0,0.0,0.0,0.9895,0.0,0.0,128.0,525.0
1007375.0,0.0,-2.8685,-0.0,0.0,0.0,0.0,0.9895,0.0,0.0,128.0,525.0
1007415.0,0.0,-2.8685,-0.0,0.0,0.0,0.0,0.9895,0.0,0.0,128.0,525.0
1007455.0,0.0,-2.8685,-0.0,0.0,0.0,0.0,0.9895,0.0,0.0,128.0,532.0
1007496.0,0.0,-2.8685,-0.0,0.0,0.0,0.0,0.9895,0.0,0.0,128.0,532.0
1007536.0,0.0,-2.8685,-0.0,0.0,0.0,0.0,0.9895,0.0,0.0,128.0,532.0
1007576.0,0.0,-2.8685,-0.0,0.0,0.0,0.0,0.9895,0.0,0.0,128.0,525.0
1007617.0,0.0,-2.8685,-0.0,0.0,0.0,0.0,0.9895,0.0,0.0,128.0,531.0
1007657.0,0.0,-2.8685,-0.0,0.0,0.0,0.0,0.9895,0.0,0.0,128.0,525.0
1007697.0,0.0,-2.8685,-0.0,0.0,0.0,0.0,0.9895,0.0,0.0,128.0,532.0
1007738.0,0.0,-2.8685,0.0,0.0,0.0,0.0,0.9895,0.0,0.0,128.0,520.0
1007778.0,0.0,-2.8685,0.0,0.0,0.0,0.0,0.9895,0.0,0.0,128.0,532.0
1007818.0,0.0,-2.8685,0.0,0.0,0.0,0.0,0.9895,0.0,0.0,128.0,526.0
1007859.0,0.0,-2.8685,0.0,0.0,0.0,0.0,0.9895,0.0,0.0,128.0,532.0
1007899.0,0.0,-2.8701,-0.341,0.0,0.0,0.0,0.9895,0.0,0.0,128.0,532.0
1007939.0,0.0,-2.8685,0.0,0.0,0.0,0.0,0.9895,0.0,0.0,128.0,531.0
1007980.0,0.0,-2.8685,0.0,0.0,0.0,0.0,0.9895,0.0,0.0,128.0,525.0
1008020.0,0.0,-2.8685,0.0,0.0,0.0,0.0,0.9895,0.0,0.0,128.0,525.0
1008061.0,0.0,-2.8685,0.0,0.0,0.0,0.0,0.9895,0.0,0.0,128.0,520.0
1008101.0,0.0,-2.8685,0.0,0.0,0.0,0.0,0.9895,0.0,0.0,128.0,532.0
1008141.0,0.0,-2.8685,0.021,0.0,0.0,0.0,0.9895,0.0,0.0,128.0,532.0
1008181.0,0.0,-2.8685,0.0,0.0,0.0,0.0,0.9895,0.0,0.0,128.0,524.0
1008221.0,0.0,-2.8685,0.0,0.0,0.0,0.0,0.9895,0.0,0.0,128.0,525.0
1008261.0,0.0,-2.8685,0.0,0.0,0.0,0.0,0.9895,0.0,0.0,128.0,531.0
1008302.0,0.0,-2.8685,0.0,0.0,0.0,0.0,0.9895,0.0,0.0,128.0,526.0
1008342.0,0.0,-2.8685,0.008,0.0,0.0,0.0,0.9895,0.0,0.0,128.0,538.0
1008382.0,0.0,-2.8685,0.0,0.0,0.0,0.0,0.9895,0.0,0.0,128.0,532.0
1008422.0,0.0,-2.8685,0.0,0.0,0.0,0.0,0.9895,0.0,0.0,128.0,533.0
1008463.0,0.0,-2.8685,0.0,0.0,0.0,0.0,0.9895,0.0,0.0,128.0,526.0
1008503.0,0.0,-2.8685,0.0,0.0,0.0,0.0,0.9895,0.0,0.0,128.0,532.0
1008543.0,0.0,-2.8685,0.0,0.0,0.0,0.0,0.9895,0.0,0.0,128.0,525.0
1008584.0,0.0,-2.8685,0.0,0.0,0.0,0.0,0.9895,0.0,0.0,128.0,519.0
1008624.0,0.0,-2.8685,0.0,0.0,0.0,0.0,0.9895,0.0,0.0,128.0,525.0
1008664.0,0.0,-2.8685,0.0,0.0,0.0,0.0,0.9895,0.0,0.0,128.0,520.0
1008704.0,0.0,-2.8685,0.0,0.0,0.0,0.0,0.9895,0.0,0.0,128.0,524.0
1008744.0,0.0,-2.8685,0.001,0.0,0.0,0.0,0.9895,0.0,0.0,128.0,532.0
1008784.0,0.0,-2.8685,0.0,0.0,0.0,0.0,0.9895,0.0,0.0,128.0,525.0
1008825.0,0.0,-2.8685,0.001,0.0,0.0,0.0,0.9895,0.0,0.0,128.0,538.0
1008865.0,0.0,-2.8685,0.0,0.0,0.0,0.0,0.9895,0.0,0.0,128.0,532.0
1008906.0,0.0,-2.8685,0.0,0.0,0.0,0.0,0.9895,0.0,0.0,128.0,531.0
1008946.0,0.0,-2.8685,0.0,0.0,0.0,0.0,0.9895,0.0,0.0,128.0,532.0
1008986.0,0.0,-2.8685,0.0,0.0,0.0,0.0,0.9895,0.0,0.0,128.0,525.0
1009026.0,0.0,-2.8685,0.002,0.0,0.0,0.0,0.9895,0.0,0.0,128.0,532.0
1009067.0,0.0,-2.8701,-0.341,0.0,0.0,0.0,0.9895,0.0,0.0,128.0,532.0
1009107.0,0.0,-2.8685,0.0,0.0,0.0,0.0,0.9895,0.0,0.0,128.0,531.0
1009148.0,0.0,-2.8685,0.0,0.0,0.0,0.0,0.9895,0.0,0.0,128.0,519.0
1009188.0,0.0,-2.8685,0.0,0.0,0.0,0.0,0.9895,0.0,0.0,128.0,525.0
1009228.0,0.0,-2.8685,0.0,0.0,0.0,0.0,0.9895,0.0,0.0,128.0,532.0
1009268.0,0.0,-2.8685,0.003,0.0,0.0,0.0,0.9895,0.0,0.0,128.0,526.0
1009308.0,0.0,-2.8685,0.0,0.0,0.0,0.0,0.9895,0.0,0.0,128.0,526.0
1009348.0,0.0,-2.8685,0.005,0.0,0.0,0.0,0.9895,0.0,0.0,128.0,539.0
1009389.0,0.0,-2.8685,0.0,0.0,0.0,0.0,0.9895,0.0,0.0,128.0,525.0
1009429.0,0.0,-2.8685,0.0,0.0,0.0,0.0,0.9895,0.0,0.0,128.0,531.0
1009469.0,0.0,-2.8685,0.0,0.0,0.0,0.0,0.9895,0.0,0.0,128.0,532.0
1009510.0,0.0,-2.8685,0.0,0.0,0.0,0.0,0.9895,0.0,0.0,128.0,520.0
1009550.0,0.0,-2.8685,0.0,0.0,0.0,0.0,0.9895,0.0,0.0,128.0,525.0
1009590.0,0.0,-2.8685,0.0,0.0,0.0,0.0,0.9895,0.0,0.0,128.0,519.0
1009630.0,0.0,-2.8685,0.0,0.0,0.0,0.0,0.9895,0.0,0.0,128.0,531.0
1009671.0,0.0,-2.8685,0.0,0.0,0.0,0.0,0.9895,0.0,0.0,128.0,531.0
1009711.0,0.0,-2.8685,0.0,0.0,0.0,0.0,0.9895,0.0,0.0,128.0,525.0
1009751.0,0.0,-2.8685,0.0,0.0,0.0,0.0,0.9895,0.0,0.0,128.0,532.0
1009791.0,0.0,-2.8685,0.0,0.0,0.0,0.0,0.9895,0.0,0.0,128.0,532.0
1009832.0,0.0,-2.8685,0.021,0.0,0.0,0.0,0.9895,0.0,0.0,128.0,533.0
1009872.0,0.0,-2.8685,0.0,0.0,0.0,0.0,0.9895,0.0,0.0,128.0,532.0
1009912.0,0.0,-2.8685,0.0,0.0,0.0,0.0,0.9895,0.0,0.0,128.0,532.0
1009952.0,0.0,-2.8685,0.0,0.0,0.0,0.0,0.9895,0.0,0.0,128.0,525.0
1009993.0,0.0,-2.8685,0.0,0.0,0.0,0.0,0.9895,0.0,0.0,128.0,531.0
1010033.0,0.0,-2.8685,0.0,0.0,0.0,0.0,0.9895,0.0,0.0,128.0,531.0
1010073.0,0.0,-2.8685,0.0,0.0,0.0,0.0,0.9895,0.0,0.0,128.0,532.0
1010113.0,0.0,-2.8685,0.0,0.0,0.0,0.0,0.9895,0.0,0.0,128.0,531.0
1010154.0,0.0,-2.8685,0.0,0.0,0.0,0.0,0.9895,0.0,0.0,128.0,531.0
1010194.0,0.0,-2.8685,0.0,0.0,0.0,0.0,0.9895,0.0,0.0,128.0,531.0
1010235.0,0.0,-2.8685,0.0,0.0,0.0,0.0,0.9895,0.0,0.0,128.0,519.0
1010275.0,0.0,-2.8685,0.0,0.0,0.0,0.0,0.9895,0.0,0.0,128.0,531.0
1010315.0,0.0,-2.8685,0.0,0.0,0.0,0.0,0.9895,0.0,0.0,128.0,526.0
1010355.0,0.0,-2.8685,0.0,0.0,0.0,0.0,0.9895,0.0,0.0,128.0,532.0
1010395.0,0.0,-2.8685,0.0,0.0,0.0,0.0,0.9895,0.0,0.0,128.0,531.0
1010435.0,0.0,-2.8685,0.0,0.0,0.0,0.0,0.9895,0.0,0.0,128.0,525.0
1010475.0,0.0,-2.8685,0.0,0.0,0.0,0.0,0.9895,0.0,0.0,128.0,525.0
1010516.0,0.0,-2.8685,0.0,0.0,0.0,0.0,0.9895,0.0,0.0,128.0,531.0
1010556.0,0.0,-2.8685,0.0,0.0,0.0,0.0,0.9895,0.0,0.0,128.0,525.0
1010596.0,0.0,-2.8685,0.0,0.0,0.0,0.0,0.9895,0.0,0.0,128.0,525.0
1010637.0,0.0,-2.8685,0.0,0.0,0.0,0.0,0.9895,0.0,0.0,128.0,520.0
1010677.0,0.0,-2.8685,0.0,0.0,0.0,0.0,0.9895,0.0,0.0,128.0,525.0
1010717.0,0.0,-2.8685,0.0,0.0,0.0,0.0,0.9895,0.0,0.0,128.0,525.0
1010757.0,0.0,-2.8685,-0.02,0.0,0.0,0.0,0.9895,0.0,0.0,128.0,538.0
1010798.0,0.0,-2.8685,0.0,0.0,0.0,0.0,0.9895,0.0,0.0,128.0,531.0
1010838.0,0.0,-2.8685,0.0,0.0,0.0,0.0,0.9895,0.0,0.0,128.0,519.0
1010878.0,0.0,-2.8685,0.0,0.0,0.0,0.0,0.9895,0.0,0.0,128.0,526.0
1010919.0,0.0,-2.8685,0.013,0.0,0.0,0.0,0.9895,0.0,0.0,128.0,526.0
1010959.0,0.0,-2.8685,0.075,0.0,0.0,0.0,0.9895,0.0,0.0,128.0,526.0
1010999.0,0.0,-2.8685,0.0,0.0,0.0,0.0,0.9895,0.0,0.0,128.0,526.0
1011040.0,0.0,-2.8685,0.0,0.0,0.0,0.0,0.9895,0.0,0.0,128.0,519.0
1011080.0,0.0,-2.8685,0.0,0.0,0.0,0.0,0.9895,0.0,0.0,128.0,532.0
1011120.0,0.0,-2.8685,0.0,0.0,0.0,0.0,0.9895,0.0,0.0,128.0,525.0
1011161.0,0.0,-2.8685,0.0,0.0,0.0,0.0,0.9895,0.0,0.0,128.0,532.0
1011201.0,0.0,-2.8685,0.0,0.0,0.0,0.0,0.9895,0.0,0.0,128.0,525.0
1011241.0,0.0,-2.8685,0.0,0.0,0.0,0.0,0.9895,0.0,0.0,128.0,525.0
1011281.0,0.0,-2.8685,0.0,0.0,0.0,0.0,0.9895,0.0,0.0,128.0,525.0
1011321.0,0.0,-2.8685,0.0,0.0,0.0,0.0,0.9895,0.0,0.0,128.0,525.0
1011362.0,0.0,-2.8685,0.0,0.0,0.0,0.0,0.9895,0.0,0.0,128.0,532.0
1011402.0,0.0,-2.8685,0.0,0.0,0.0,0.0,0.9895,0.0,0.0,128.0,525.0
1011442.0,0.0,-2.8685,0.0,0.0,0.0,0.0,0.9895,0.0,0.0,128.0,531.0
1011483.0,0.0,-2.8685,-0.02,0.0,0.0,0.0,0.9895,0.0,0.0,128.0,538.0
1011523.0,0.0,-2.8685,0.0,0.0,0.0,0.0,0.9895,0.0,0.0,128.0,525.0
1011564.0,0.0,-2.8685,0.0,0.0,0.0,0.0,0.9895,0.0,0.0,128.0,526.0
1011604.0,0.0,-2.8685,0.0,0.0,0.0,0.0,0.9895,0.0,0.0,128.0,519.0
1011644.0,0.0,-2.8685,0.0,0.0,0.0,0.0,0.9895,0.0,0.0,128.0,519.0
1011684.0,0.0,-2.8685,0.0,0.0,0.0,0.0,0.9895,0.0,0.0,128.0,525.0
1011724.0,0.0,-2.8685,0.0,0.0,0.0,0.0,0.9895,0.0,0.0,128.0,532.0
1011765.0,0.0,-2.8685,0.002,0.0,0.0,0.0,0.9895,0.0,0.0,128.0,527.0
1011805.0,0.0,-2.8685,0.0,0.0,0.0,0.0,0.9895,0.0,0.0,128.0,526.0
1011845.0,0.0,-2.8685,0.0,0.0,0.0,0.0,0.9895,0.0,0.0,128.0,525.0
1011886.0,0.0,-2.8685,0.0,0.0,0.0,0.0,0.9895,0.0,0.0,128.0,531.0
1011926.0,0.0,-2.8685,0.003,0.0,0.0,0.0,0.9895,0.0,0.0,128.0,527.0
1011966.0,0.0,-2.8685,0.0,0.0,0.0,0.0,0.9895,0.0,0.0,128.0,526.0
1012007.0,0.0,-2.8685,0.0,0.0,0.0,0.0,0.9895,0.0,0.0,128.0,519.0
1012047.0,0.0,-2.8685,0.0,0.0,0.0,0.0,0.9895,0.0,0.0,128.0,525.0
1012087.0,0.0,-2.8685,0.0,0.0,0.0,0.0,0.9895,0.0,0.0,128.0,525.0
1012127.0,0.0,-2.8685,0.0,0.0,0.0,0.0,0.9895,0.0,0.0,128.0,531.0
1012168.0,0.0,-2.8685,0.0,0.0,0.0,0.0,0.9895,0.0,0.0,128.0,526.0
1012208.0,0.0,-2.8685,0.0,0.0,0.0,0.0,0.9895,0.0,0.0,128.0,525.0
1012248.0,0.0,-2.8685,0.0,0.0,0.0,0.0,0.9895,0.0,0.0,128.0,525.0
1012289.0,0.0,-2.8685,0.0,0.0,0.0,0.0,0.9895,0.0,0.0,128.0,531.0
1012329.0,0.0,-2.8685,0.0,0.0,0.0,0.0,0.9895,0.0,0.0,128.0,526.0
1012369.0,0.0,-2.8685,0.0,0.0,0.0,0.0,0.9895,0.0,0.0,128.0,532.0
1012409.0,0.0,-2.8685,0.0,0.0,0.0,0.0,0.9895,0.0,0.0,128.0,526.0
1012450.0,0.0,-2.8685,0.0,0.0,0.0,0.0,0.9895,0.0,0.0,128.0,525.0
1012490.0,0.0,-2.8685,0.0,0.0,0.0,0.0,0.9895,0.0,0.0,128.0,525.0
1012530.0,0.0,-2.8685,0.0,0.0,0.0,0.0,0.9895,0.0,0.0,128.0,519.0
1012570.0,0.0,-2.8685,0.0,0.0,0.0,0.0,0.9895,0.0,0.0,128.0,532.0
1012611.0,0.0,-2.8685,0.0,0.0,0.0,0.0,0.9895,0.0,0.0,128.0,531.0
1012651.0,0.0,-2.8685,0.0,0.0,0.0,0.0,0.9895,0.0,0.0,128.0,531.0
1012691.0,0.0,-2.8685,0.0,0.0,0.0,0.0,0.9895,0.0,0.0,128.0,525.0
1012732.0,0.0,-2.8685,0.013,0.0,0.0,0.0,0.9895,0.0,0.0,128.0,526.0
1012772.0,0.0,-2.8685,0.0,0.0,0.0,0.0,0.9895,0.0,0.0,128.0,525.0
1012812.0,0.0,-2.8685,0.0,0.0,0.0,0.0,0.9895,0.0,0.0,128.0,531.0
1012853.0,0.0,-2.8685,0.0,0.0,0.0,0.0,0.9895,0.0,0.0,128.0,525.0
1012893.0,0.0,-2.8685,0.0,0.0,0.0,0.0,0.9895,0.0,0.0,128.0,525.0
1012933.0,0.0,-2.8685,0.0,0.0,0.0,0.0,0.9895,0.0,0.0,128.0,525.0
1012973.0,0.0,-2.8685,0.0,0.0,0.0,0.0,0.9895,0.0,0.0,128.0,524.0
1013013.0,0.0,-2.8685,0.002,0.0,0.0,0.0,0.9895,0.0,0.0,128.0,533.0
1013054.0,0.0,-2.8685,0.0,0.0,0.0,0.0,0.9895,0.0,0.0,128.0,519.0
1013094.0,0.0,-2.8685,-0.021,0.0,0.0,0.0,0.9895,0.0,0.0,128.0,538.0
1013134.0,0.0,-2.8685,0.0,0.0,0.0,0.0,0.9895,0.0,0.0,128.0,527.0
1013174.0,0.0,-2.8685,0.0,0.0,0.0,0.0,0.9895,0.0,0.0,128.0,531.0
1013215.0,0.0,-2.8685,0.0,0.0,0.0,0.0,0.9895,0.0,0.0,128.0,525.0
1013255.0,0.0,-2.8685,0.0,0.0,0.0,0.0,0.9895,0.0,0.0,128.0,526.0
1013295.0,0.0,-2.8685,0.0,0.0,0.0,0.0,0.9895,0.0,0.0,128.0,525.0
1013335.0,0.0,-2.8685,0.075,0.0,0.0,0.0,0.9895,0.0,0.0,128.0,539.0
1013376.0,0.0,-2.8685,0.0,0.0,0.0,0.0,0.9895,0.0,0.0,128.0,520.0
1013416.0,0.0,-2.8685,0.0,0.0,0.0,0.0,0.9895,0.0,0.0,128.0,525.0
1013456.0,0.0,-2.8685,0.0,0.0,0.0,0.0,0.9895,0.0,0.0,128.0,526.0
1013496.0,0.0,-2.8685,0.0,0.0,0.0,0.0,0.9895,0.0,0.0,128.0,532.0
1013537.0,0.0,-2.8685,-0.02,0.0,0.0,0.0,0.9895,0.0,0.0,128.0,538.0
1013577.0,0.0,-2.8685,0.0,0.0,0.0,0.0,0.9895,0.0,0.0,128.0,520.0
1013617.0,0.0,-2.8685,0.0,0.0,0.0,0.0,0.9895,0.0,0.0,128.0,525.0
1013658.0,0.0,-2.8685,0.0,0.0,0.0,0.0,0.9895,0.0,0.0,128.0,531.0
1013698.0,0.0,-2.8685,0.0,0.0,0.0,0.0,0.9895,0.0,0.0,128.0,526.0
1013739.0,0.0,-2.8685,0.0,0.0,0.0,0.0,0.9895,0.0,0.0,128.0,526.0
1013779.0,0.0,-2.8685,0.0,0.0,0.0,0.0,0.9895,0.0,0.0,128.0,525.0
1013819.0,0.0,-2.8685,0.0,0.0,0.0,0.0,0.9895,0.0,0.0,128.0,525.0
1013859.0,0.0,-2.8685,0.0,0.0,0.0,0.0,0.9895,0.0,0.0,128.0,519.0
1013899.0,0.0,-2.8685,0.0,0.0,0.0,0.0,0.9895,0.0,0.0,128.0,531.0
1013940.0,0.0,-2.8685,0.0,0.0,0.0,0.0,0.9895,0.0,0.0,128.0,531.0
1013980.0,0.0,-2.8685,0.001,0.0,0.0,0.0,0.9895,0.0,0.0,128.0,526.0
1014020.0,0.0,-2.8685,0.0,0.0,0.0,0.0,0.9895,0.0,0.0,128.0,525.0
1014061.0,0.0,-2.8685,0.0,0.0,0.0,0.0,0.9895,0.0,0.0,128.0,519.0
1014101.0,0.0,-2.8685,0.0,0.0,0.0,0.0,0.9895,0.0,0.0,128.0,531.0
1014141.0,0.0,-2.8685,0.0,0.0,0.0,0.0,0.9895,0.0,0.0,128.0,525.0
1014181.0,0.0,-2.8685,0.0,0.0,0.0,0.0,0.9895,0.0,0.0,128.0,526.0
1014221.0,0.0,-2.8685,0.0,0.0,0.0,0.0,0.9895,0.0,0.0,128.0,525.0
1014262.0,0.0,-2.8685,0.0,0.0,0.0,0.0,0.9895,0.0,0.0,128.0,531.0
1014302.0,0.0,-2.8685,0.0,0.0,0.0,0.0,0.9895,0.0,0.0,128.0,531.0
1014342.0,0.0,-2.8685,0.0,0.0,0.0,0.0,0.9895,0.0,0.0,128.0,531.0
1014382.0,0.0,-2.8685,-0.032,0.0,0.0,0.0,0.9895,0.0,0.0,128.0,539.0
1014423.0,0.0,-2.8685,-0.0,0.0,0.0,0.0,0.9895,0.0,0.0,128.0,519.0
1014463.0,0.0,-2.8685,0.0,0.0,0.0,0.0,0.9895,0.0,0.0,128.0,525.0
1014503.0,0.0,-2.8685,0.001,0.0,0.0,0.0,0.9895,0.0,0.0,128.0,527.0
1014543.0,0.0,-2.8685,0.0,0.0,0.0,0.0,0.9895,0.0,0.0,128.0,526.0
1014583.0,0.0,-2.8685,0.049,0.0,0.0,0.0,0.9895,0.0,0.0,128.0,532.0
1014624.0,0.0,-2.8685,0.0,0.0,0.0,0.0,0.9895,0.0,0.0,128.0,525.0
1014664.0,0.0,-2.8685,0.0,0.0,0.0,0.0,0.9895,0.0,0.0,128.0,520.0
1014705.0,0.0,-2.8685,0.0,0.0,0.0,0.0,0.9895,0.0,0.0,128.0,520.0
1014745.0,0.0,-2.8685,0.0,0.0,0.0,0.0,0.9895,0.0,0.0,128.0,519.0
1014785.0,0.0,-2.8685,0.0,0.0,0.0,0.0,0.9895,0.0,0.0,128.0,532.0
1014826.0,0.0,-2.8685,0.0,0.0,0.0,0.0,0.9895,0.0,0.0,128.0,526.0
1014866.0,0.0,-2.8685,0.0,0.0,0.0,0.0,0.9895,0.0,0.0,128.0,526.0
1014906.0,0.0,-2.8685,0.0,0.0,0.0,0.0,0.9895,0.0,0.0,128.0,526.0
1014946.0,0.0,-2.8685,0.0,0.0,0.0,0.0,0.9895,0.0,0.0,128.0,532.0
1014986.0,0.0,-2.8685,0.0,0.0,0.0,0.0,0.9895,0.0,0.0,128.0,525.0
1015027.0,0.0,-2.8685,0.0,0.0,0.0,0.0,0.9895,0.0,0.0,128.0,519.0
1015067.0,0.0,-2.8685,0.0,0.0,0.0,0.0,0.9895,0.0,0.0,128.0,531.0
1015107.0,0.0,-2.8685,0.0,0.0,0.0,0.0,0.9895,0.0,0.0,128.0,520.0
1015148.0,0.0,-2.8685,0.0,0.0,0.0,0.0,0.9895,0.0,0.0,128.0,519.0
1015188.0,0.0,-2.8685,0.0,0.0,0.0,0.0,0.9895,0.0,0.0,128.0,532.0
1015228.0,0.0,-2.8685,0.003,0.0,0.0,0.0,0.9895,0.0,0.0,128.0,526.0
1015268.0,0.0,-2.8685,0.003,0.0,0.0,0.0,0.9895,0.0,0.0,128.0,538.0
1015309.0,0.0,-2.8685,0.0,0.0,0.0,0.0,0.9895,0.0,0.0,128.0,525.0
1015349.0,0.0,-2.8685,0.0,0.0,0.0,0.0,0.9895,0.0,0.0,128.0,531.0
1015389.0,0.0,-2.8685,0.0,0.0,0.0,0.0,0.9895,0.0,0.0,128.0,520.0
1015429.0,0.0,-2.8685,0.0,0.0,0.0,0.0,0.9895,0.0,0.0,128.0,525.0
1015469.0,0.0,-2.8685,0.0,0.0,0.0,0.0,0.9895,0.0,0.0,128.0,532.0
1015510.0,0.0,-2.8685,0.0,0.0,0.0,0.0,0.9895,0.0,0.0,128.0,531.0
1015550.0,0.0,-2.8685,0.0,0.0,0.0,0.0,0.9895,0.0,0.0,128.0,525.0
1015590.0,0.0,-2.8685,0.0,0.0,0.0,0.0,0.9895,0.0,0.0,128.0,526.0
1015631.0,0.0,-2.8685,0.0,0.0,0.0,0.0,0.9895,0.0,0.0,128.0,526.0
1015671.0,0.0,-2.8685,0.0,0.0,0.0,0.0,0.9895,0.0,0.0,128.0,526.0
1015711.0,0.0,-2.8685,-0.02,0.0,0.0,0.0,0.9895,0.0,0.0,128.0,532.0
1015751.0,0.0,-2.8685,0.0,0.0,0.0,0.0,0.9895,0.0,0.0,128.0,525.0
1015792.0,0.0,-2.8685,0.0,0.0,0.0,0.0,0.9895,0.0,0.0,128.0,532.0
1015832.0,0.0,-2.8685,0.0,0.0,0.0,0.0,0.9895,0.0,0.0,128.0,519.0
1015872.0,0.0,-2.8685,0.0,0.0,0.0,0.0,0.9895,0.0,0.0,128.0,525.0
1015913.0,0.0,-2.8685,0.001,0.0,0.0,0.0,0.9895,0.0,0.0,128.0,532.0
1015953.0,0.0,-2.8685,0.0,0.0,0.0,0.0,0.9895,0.0,0.0,128.0,525.0
1015994.0,0.0,-2.8685,0.0,0.0,0.0,0.0,0.9895,0.0,0.0,128.0,525.0
1016034.0,0.0,-2.8685,0.0,0.0,0.0,0.0,0.9895,0.0,0.0,128.0,519.0
1016074.0,0.0,-2.8685,0.0,0.0,0.0,0.0,0.9895,0.0,0.0,128.0,531.0
1016115.0,0.0,-2.8685,0.0,0.0,0.0,0.0,0.9895,0.0,0.0,128.0,532.0
1016155.0,0.0,-2.8685,0.0,0.0,0.0,0.0,0.9895,0.0,0.0,128.0,532.0
1016195.0,0.0,-2.8685,-0.02,0.0,0.0,0.0,0.9895,0.0,0.0,128.0,539.0
1016236.0,0.0,-2.8685,0.0,0.0,0.0,0.0,0.9895,0.0,0.0,128.0,525.0
1016276.0,0.0,-2.8685,0.0,0.0,0.0,0.0,0.9895,0.0,0.0,128.0,531.0
1016316.0,0.0,-2.8685,0.0,0.0,0.0,0.0,0.9895,0.0,0.0,128.0,525.0
1016356.0,0.0,-2.8685,0.008,0.0,0.0,0.0,0.9895,0.0,0.0,128.0,526.0
1016396.0,0.0,-2.8685,0.0,0.0,0.0,0.0,0.9895,0.0,0.0,128.0,527.0
1016436.0,0.0,-2.8685,0.0,0.0,0.0,0.0,0.9895,0.0,0.0,128.0,525.0
1016477.0,0.0,-2.8685,0.0,0.0,0.0,0.0,0.9895,0.0,0.0,128.0,525.0
1016517.0,0.0,-2.8685,0.084,0.0,0.0,0.0,0.9895,0.0,0.0,128.0,526.0
1016557.0,0.0,-2.8685,0.0,0.0,0.0,0.0,0.9895,0.0,0.0,128.0,525.0
1016598.0,0.0,-2.8685,0.0,0.0,0.0,0.0,0.9895,0.0,0.0,128.0,519.0
1016638.0,0.0,-2.8685,0.0,0.0,0.0,0.0,0.9895,0.0,0.0,128.0,531.0
1016678.0,0.0,-2.8685,0.0,0.0,0.0,0.0,0.9895,0.0,0.0,128.0,525.0
1016718.0,0.0,-2.8685,0.0,0.0,0.0,0.0,0.9895,0.0,0.0,128.0,525.0
1016759.0,0.0,-2.8685,0.0,0.0,0.0,0.0,0.9895,0.0,0.0,128.0,519.0
1016799.0,0.0,-2.8685,0.0,0.0,0.0,0.0,0.9895,0.0,0.0,128.0,531.0
1016839.0,0.0,-2.8685,0.0,0.0,0.0,0.0,0.9895,0.0,0.0,128.0,525.0
1016880.0,0.0,-2.8685,0.0,0.0,0.0,0.0,0.9895,0.0,0.0,128.0,526.0
1016920.0,0.0,-2.8685,0.0,0.0,0.0,0.0,0.9895,0.0,0.0,128.0,525.0
1016960.0,0.0,-2.8685,0.0,0.0,0.0,0.0,0.9895,0.0,0.0,128.0,525.0
1017000.0,0.0,-2.8685,0.0,0.0,0.0,0.0,0.9895,0.0,0.0,128.0,525.0
1017041.0,0.0,-2.8685,0.0,0.0,0.0,0.0,0.9895,0.0,0.0,128.0,531.0
1017081.0,0.0,-2.8685,0.0,0.0,0.0,0.0,0.9895,0.0,0.0,128.0,525.0
1017121.0,0.0,-2.8685,0.0,0.0,0.0,0.0,0.9895,0.0,0.0,128.0,525.0
1017162.0,0.0,-2.8685,0.0,0.0,0.0,0.0,0.9895,0.0,0.0,128.0,532.0
1017202.0,0.0,-2.8685,0.0,0.0,0.0,0.0,0.9895,0.0,0.0,128.0,519.0
1017242.0,0.0,-2.8685,0.0,0.0,0.0,0.0,0.9895,0.0,0.0,128.0,531.0
1017282.0,0.0,-2.8685,0.0,0.0,0.0,0.0,0.9895,0.0,0.0,128.0,532.0
