t_ms,mode,theta,theta_dot,x,v,accel,energy,z1,z2,agc,loop_us
64261.0,0.0,3.1401,-0.027,0.10324,0.0,0.0,-1.0,0.0,0.0,103.0,490.0
64271.0,0.0,3.1416,0.024,0.10324,0.0,0.0,-1.0,0.0,0.0,103.0,462.0
64281.0,0.0,3.1416,0.017,0.10324,0.0,0.0,-1.0,0.0,0.0,103.0,490.0
64291.0,0.0,3.1416,-0.012,0.10324,0.0,0.0,-1.0,0.0,0.0,103.0,468.0
64301.0,0.0,3.1416,0.012,0.10324,0.0,0.0,-1.0,0.0,0.0,103.0,490.0
64311.0,0.0,3.1416,0.017,0.10324,0.0,0.0,-1.0,0.0,0.0,103.0,452.0
64322.0,0.0,3.1416,0.004,0.10324,0.0,0.0,-1.0,0.0,0.0,103.0,488.0
64332.0,0.0,3.1416,0.014,0.10324,0.0,0.0,-1.0,0.0,0.0,103.0,457.0
64342.0,0.0,3.1416,0.001,0.10324,0.0,0.0,-1.0,0.0,0.0,103.0,462.0
64352.0,0.0,3.1416,0.009,0.10324,0.0,0.0,-1.0,0.0,0.0,103.0,472.0
64362.0,0.0,3.1401,-0.025,0.10324,0.0,0.0,-1.0,0.0,0.0,103.0,488.0
64373.0,0.0,3.1401,-0.014,0.10324,0.0,0.0,-1.0,0.0,0.0,103.0,462.0
64383.0,0.0,3.1401,-0.002,0.10324,0.0,0.0,-1.0,0.0,0.0,103.0,488.0
64393.0,0.0,3.1416,0.008,0.10324,0.0,0.0,-1.0,0.0,0.0,103.0,464.0
64403.0,0.0,3.1416,0.018,0.10324,0.0,0.0,-1.0,0.0,0.0,103.0,488.0
64413.0,0.0,3.1401,-0.014,0.10324,0.0,0.0,-1.0,0.0,0.0,103.0,480.0
64423.0,0.0,3.1416,-0.007,0.10324,0.0,0.0,-1.0,0.0,0.0,103.0,482.0
64433.0,0.0,3.1416,-0.005,0.10324,0.0,0.0,-1.0,0.0,0.0,103.0,457.0
64444.0,0.0,3.1416,0.009,0.10324,0.0,0.0,-1.0,0.0,0.0,103.0,472.0
64454.0,0.0,3.1401,-0.018,0.10324,0.0,0.0,-1.0,0.0,0.0,103.0,488.0
64464.0,0.0,3.1401,-0.003,0.10324,0.0,0.0,-1.0,0.0,0.0,103.0,488.0
64474.0,0.0,3.1401,-0.02,0.10324,0.0,0.0,-1.0,0.0,0.0,103.0,480.0
64484.0,0.0,3.1416,-0.001,0.10324,0.0,0.0,-1.0,0.0,0.0,103.0,462.0
64494.0,0.0,3.1416,0.018,0.10324,0.0,0.0,-1.0,0.0,0.0,103.0,476.0
64504.0,0.0,3.1416,-0.013,0.10324,0.0,0.0,-1.0,0.0,0.0,103.0,488.0
64514.0,0.0,3.1416,0.003,0.10324,0.0,0.0,-1.0,0.0,0.0,103.0,480.0
64524.0,0.0,3.1416,0.007,0.10324,0.0,0.0,-1.0,0.0,0.0,103.0,476.0
64534.0,0.0,3.1416,0.012,0.10324,0.0,0.0,-1.0,0.0,0.0,103.0,462.0
64545.0,0.0,3.1416,-0.006,0.10324,0.0,0.0,-1.0,0.0,0.0,103.0,462.0
64555.0,0.0,3.1416,0.021,0.10324,0.0,0.0,-1.0,0.0,0.0,103.0,457.0
64565.0,0.0,3.1416,-0.005,0.10324,0.0,0.0,-1.0,0.0,0.0,103.0,462.0
64585.0,0.0,3.1416,-0.005,0.10324,0.0,0.0,-1.0,0.0,0.0,103.0,527.0
64596.0,0.0,3.1401,-0.007,0.10324,0.0,0.0,-1.0,0.0,0.0,103.0,488.0
64606.0,0.0,3.1401,-0.025,0.10324,0.0,0.0,-1.0,0.0,0.0,103.0,480.0
64616.0,0.0,3.1401,0.006,0.10324,0.0,0.0,-1.0,0.0,0.0,103.0,480.0
64626.0,0.0,3.1401,-0.014,0.10324,0.0,0.0,-1.0,0.0,0.0,103.0,490.0
64636.0,0.0,3.1401,-0.037,0.10324,0.0,0.0,-1.0,0.0,0.0,103.0,490.0
64647.0,0.0,3.1416,0.02,0.10324,0.0,0.0,-1.0,0.0,0.0,103.0,488.0
64657.0,0.0,3.1416,-0.0,0.10324,0.0,0.0,-1.0,0.0,0.0,103.0,481.0
64667.0,0.0,3.1416,0.002,0.10324,0.0,0.0,-1.0,0.0,0.0,103.0,482.0
64677.0,0.0,3.1416,0.008,0.10324,0.0,0.0,-1.0,0.0,0.0,103.0,488.0
64687.0,0.0,3.1416,0.02,0.10324,0.0,0.0,-1.0,0.0,0.0,103.0,480.0
64698.0,0.0,3.1401,-0.037,0.10324,0.0,0.0,-1.0,0.0,0.0,103.0,462.0
64708.0,0.0,3.1416,-0.001,0.10324,0.0,0.0,-1.0,0.0,0.0,103.0,476.0
64718.0,0.0,3.1401,-0.025,0.10324,0.0,0.0,-1.0,0.0,0.0,103.0,464.0
64728.0,0.0,3.1416,0.005,0.10324,0.0,0.0,-1.0,0.0,0.0,103.0,480.0
64738.0,0.0,3.1401,0.016,0.10324,0.0,0.0,-1.0,0.0,0.0,103.0,452.0
64748.0,0.0,3.1416,0.021,0.10324,0.0,0.0,-1.0,0.0,0.0,103.0,472.0
64759.0,0.0,3.1416,-0.007,0.10324,0.0,0.0,-1.0,0.0,0.0,103.0,462.0
64769.0,0.0,3.1416,-0.002,0.10324,0.0,0.0,-1.0,0.0,0.0,103.0,462.0
64779.0,0.0,3.1416,-0.011,0.10324,0.0,0.0,-1.0,0.0,0.0,103.0,488.0
64789.0,0.0,3.1416,0.012,0.10324,0.0,0.0,-1.0,0.0,0.0,103.0,472.0
64800.0,0.0,3.1416,0.012,0.10324,0.0,0.0,-1.0,0.0,0.0,103.0,468.0
64810.0,0.0,3.1416,0.017,0.10324,0.0,0.0,-1.0,0.0,0.0,103.0,462.0
64820.0,0.0,3.1416,0.004,0.10324,0.0,0.0,-1.0,0.0,0.0,103.0,456.0
64830.0,0.0,3.1401,0.001,0.10324,0.0,0.0,-1.0,0.0,0.0,103.0,472.0
64840.0,0.0,3.1401,-0.009,0.10324,0.0,0.0,-1.0,0.0,0.0,103.0,464.0
64851.0,0.0,3.1401,-0.002,0.10324,0.0,0.0,-1.0,0.0,0.0,103.0,490.0
64861.0,0.0,3.1416,-0.006,0.10324,0.0,0.0,-1.0,0.0,0.0,103.0,452.0
64871.0,0.0,3.1416,0.024,0.10324,0.0,0.0,-1.0,0.0,0.0,103.0,481.0
64881.0,0.0,3.1416,-0.002,0.10324,0.0,0.0,-1.0,0.0,0.0,103.0,465.0
64891.0,0.0,3.1416,-0.014,0.10324,0.0,0.0,-1.0,0.0,0.0,103.0,480.0
64901.0,0.0,3.1416,0.033,0.10324,0.0,0.0,-1.0,0.0,0.0,103.0,462.0
64912.0,0.0,3.1401,0.005,0.10324,0.0,0.0,-1.0,0.0,0.0,103.0,480.0
64922.0,0.0,3.1416,-0.005,0.10324,0.0,0.0,-1.0,0.0,0.0,103.0,472.0
64932.0,0.0,3.1416,0.006,0.10324,0.0,0.0,-1.0,0.0,0.0,103.0,488.0
64942.0,0.0,3.1401,-0.009,0.10324,0.0,0.0,-1.0,0.0,0.0,103.0,476.0
64952.0,0.0,3.1416,0.012,0.10324,0.0,0.0,-1.0,0.0,0.0,103.0,457.0
64963.0,0.0,3.1416,-0.017,0.10324,0.0,0.0,-1.0,0.0,0.0,103.0,480.0
64973.0,0.0,3.1401,-0.041,0.10324,0.0,0.0,-1.0,0.0,0.0,103.0,465.0
64983.0,0.0,3.1416,0.022,0.10324,0.0,0.0,-1.0,0.0,0.0,103.0,462.0
64993.0,0.0,3.1416,0.031,0.10324,0.0,0.0,-1.0,0.0,0.0,103.0,468.0
65003.0,0.0,3.1416,-0.008,0.10324,0.0,0.0,-1.0,0.0,0.0,103.0,462.0
65013.0,0.0,3.1416,0.016,0.10324,0.0,0.0,-1.0,0.0,0.0,103.0,452.0
65024.0,0.0,3.1416,-0.0,0.10324,0.0,0.0,-1.0,0.0,0.0,103.0,476.0
65034.0,0.0,3.1416,-0.002,0.10324,0.0,0.0,-1.0,0.0,0.0,103.0,490.0
65044.0,0.0,3.1416,0.02,0.10324,0.0,0.0,-1.0,0.0,0.0,103.0,488.0
65054.0,0.0,3.1401,-0.01,0.10324,0.0,0.0,-1.0,0.0,0.0,103.0,481.0
65065.0,0.0,3.1401,-0.024,0.10324,0.0,0.0,-1.0,0.0,0.0,103.0,488.0
65075.0,0.0,3.1416,-0.0,0.10324,0.0,0.0,-1.0,0.0,0.0,103.0,488.0
65085.0,0.0,3.1416,0.018,0.10324,0.0,0.0,-1.0,0.0,0.0,103.0,476.0
65095.0,0.0,3.1401,-0.009,0.10324,0.0,0.0,-1.0,0.0,0.0,103.0,457.0
65105.0,0.0,3.1416,-0.008,0.10324,0.0,0.0,-1.0,0.0,0.0,103.0,464.0
65115.0,0.0,3.1401,-0.018,0.10324,0.0,0.0,-1.0,0.0,0.0,103.0,488.0
65126.0,0.0,3.1401,-0.002,0.10324,0.0,0.0,-1.0,0.0,0.0,103.0,488.0
65136.0,0.0,3.1416,-0.007,0.10324,0.0,0.0,-1.0,0.0,0.0,103.0,490.0
65146.0,0.0,3.1416,-0.013,0.10324,0.0,0.0,-1.0,0.0,0.0,103.0,462.0
65156.0,0.0,3.1401,0.009,0.10324,0.0,0.0,-1.0,0.0,0.0,103.0,488.0
65167.0,0.0,3.1416,0.004,0.10324,0.0,0.0,-1.0,0.0,0.0,103.0,488.0
65177.0,0.0,3.1416,0.01,0.10324,0.0,0.0,-1.0,0.0,0.0,103.0,482.0
65187.0,0.0,3.1416,0.023,0.10324,0.0,0.0,-1.0,0.0,0.0,103.0,462.0
65197.0,0.0,3.1401,-0.031,0.10324,0.0,0.0,-1.0,0.0,0.0,103.0,462.0
65207.0,0.0,3.1416,0.009,0.10324,0.0,0.0,-1.0,0.0,0.0,103.0,456.0
65217.0,0.0,3.1416,0.011,0.10324,0.0,0.0,-1.0,0.0,0.0,103.0,456.0
65227.0,0.0,3.1416,0.018,0.10324,0.0,0.0,-1.0,0.0,0.0,103.0,480.0
65238.0,0.0,3.1401,-0.005,0.10324,0.0,0.0,-1.0,0.0,0.0,103.0,462.0
65248.0,0.0,3.1416,0.004,0.10324,0.0,0.0,-1.0,0.0,0.0,103.0,480.0
65258.0,0.0,3.1416,0.007,0.10324,0.0,0.0,-1.0,0.0,0.0,103.0,465.0
65268.0,0.0,3.1416,-0.011,0.10324,0.0,0.0,-1.0,0.0,0.0,103.0,488.0
65278.0,0.0,3.1416,0.014,0.10324,0.0,0.0,-1.0,0.0,0.0,103.0,488.0
65289.0,0.0,3.1416,0.016,0.10324,0.0,0.0,-1.0,0.0,0.0,103.0,472.0
65299.0,0.0,3.1401,-0.02,0.10324,0.0,0.0,-1.0,0.0,0.0,103.0,462.0
65309.0,0.0,3.1416,0.009,0.10324,0.0,0.0,-1.0,0.0,0.0,103.0,488.0
65320.0,0.0,3.1401,-0.026,0.10324,0.0,0.0,-1.0,0.0,0.0,103.0,468.0
65330.0,0.0,3.1416,0.016,0.10324,0.0,0.0,-1.0,0.0,0.0,103.0,476.0
65340.0,0.0,3.1416,0.001,0.10324,0.0,0.0,-1.0,0.0,0.0,103.0,488.0
65350.0,0.0,3.1416,0.017,0.10324,0.0,0.0,-1.0,0.0,0.0,103.0,480.0
65361.0,0.0,3.1416,-0.018,0.10324,0.0,0.0,-1.0,0.0,0.0,103.0,480.0
65371.0,0.0,3.1401,-0.003,0.10324,0.0,0.0,-1.0,0.0,0.0,103.0,480.0
65381.0,0.0,3.1416,-0.006,0.10324,0.0,0.0,-1.0,0.0,0.0,103.0,462.0
65391.0,0.0,3.1416,0.002,0.10324,0.0,0.0,-1.0,0.0,0.0,103.0,480.0
65402.0,0.0,3.1416,0.013,0.10324,0.0,0.0,-1.0,0.0,0.0,103.0,480.0
65412.0,0.0,3.1416,0.04,0.10324,0.0,0.0,-1.0,0.0,0.0,103.0,480.0
65422.0,0.0,3.1401,-0.021,0.10324,0.0,0.0,-1.0,0.0,0.0,103.0,465.0
65432.0,0.0,3.1416,-0.002,0.10324,0.0,0.0,-1.0,0.0,0.0,103.0,480.0
65442.0,0.0,3.1401,-0.01,0.10324,0.0,0.0,-1.0,0.0,0.0,103.0,471.0
65453.0,0.0,3.1416,0.025,0.10324,0.0,0.0,-1.0,0.0,0.0,103.0,472.0
65463.0,0.0,3.1416,0.024,0.10324,0.0,0.0,-1.0,0.0,0.0,103.0,480.0
65473.0,0.0,3.1416,-0.002,0.10324,0.0,0.0,-1.0,0.0,0.0,103.0,488.0
65483.0,0.0,3.1416,0.027,0.10324,0.0,0.0,-1.0,0.0,0.0,103.0,480.0
65493.0,0.0,3.1416,0.009,0.10324,0.0,0.0,-1.0,0.0,0.0,103.0,465.0
65504.0,0.0,3.1401,-0.014,0.10324,0.0,0.0,-1.0,0.0,0.0,103.0,482.0
65514.0,0.0,3.1416,0.004,0.10324,0.0,0.0,-1.0,0.0,0.0,103.0,488.0
65524.0,0.0,3.1401,-0.015,0.10324,0.0,0.0,-1.0,0.0,0.0,103.0,472.0
65535.0,0.0,3.1401,-0.004,0.10324,0.0,0.0,-1.0,0.0,0.0,103.0,488.0
65545.0,0.0,3.1416,0.001,0.10324,0.0,0.0,-1.0,0.0,0.0,103.0,488.0
65555.0,0.0,3.1416,0.015,0.10324,0.0,0.0,-1.0,0.0,0.0,103.0,462.0
65565.0,0.0,3.1401,-0.033,0.10324,0.0,0.0,-1.0,0.0,0.0,103.0,468.0
65575.0,0.0,3.1416,0.008,0.10324,0.0,0.0,-1.0,0.0,0.0,103.0,476.0
65585.0,0.0,3.1416,0.002,0.10324,0.0,0.0,-1.0,0.0,0.0,103.0,482.0
65595.0,0.0,3.1401,-0.019,0.10324,0.0,0.0,-1.0,0.0,0.0,103.0,476.0
65606.0,0.0,3.1416,0.027,0.10324,0.0,0.0,-1.0,0.0,0.0,103.0,463.0
65616.0,0.0,3.1401,-0.028,0.10324,0.0,0.0,-1.0,0.0,0.0,103.0,462.0
65626.0,0.0,3.1416,0.009,0.10324,0.0,0.0,-1.0,0.0,0.0,103.0,488.0
65636.0,0.0,3.1401,-0.023,0.10324,0.0,0.0,-1.0,0.0,0.0,103.0,456.0
65646.0,0.0,3.1416,0.011,0.10324,0.0,0.0,-1.0,0.0,0.0,103.0,462.0
65656.0,0.0,3.1416,0.005,0.10324,0.0,0.0,-1.0,0.0,0.0,103.0,482.0
65666.0,0.0,3.1416,-0.004,0.10324,0.0,0.0,-1.0,0.0,0.0,103.0,480.0
65677.0,0.0,3.1401,-0.017,0.10324,0.0,0.0,-1.0,0.0,0.0,103.0,480.0
65687.0,0.0,3.1401,0.005,0.10324,0.0,0.0,-1.0,0.0,0.0,103.0,464.0
65697.0,0.0,3.1401,-0.014,0.10324,0.0,0.0,-1.0,0.0,0.0,103.0,468.0
65707.0,0.0,3.1416,-0.001,0.10324,0.0,0.0,-1.0,0.0,0.0,103.0,476.0
65717.0,0.0,3.1416,0.017,0.10324,0.0,0.0,-1.0,0.0,0.0,103.0,462.0
65728.0,0.0,3.1416,-0.014,0.10324,0.0,0.0,-1.0,0.0,0.0,103.0,462.0
65738.0,0.0,3.1416,0.013,0.10324,0.0,0.0,-1.0,0.0,0.0,103.0,482.0
65748.0,0.0,3.1416,-0.008,0.10324,0.0,0.0,-1.0,0.0,0.0,103.0,482.0
65758.0,0.0,3.1401,-0.024,0.10324,0.0,0.0,-1.0,0.0,0.0,103.0,472.0
65768.0,0.0,3.1416,0.029,0.10324,0.0,0.0,-1.0,0.0,0.0,103.0,490.0
65779.0,0.0,3.1416,0.03,0.10324,0.0,0.0,-1.0,0.0,0.0,103.0,480.0
65789.0,0.0,3.1416,0.007,0.10324,0.0,0.0,-1.0,0.0,0.0,103.0,488.0
65799.0,0.0,3.1416,-0.006,0.10324,0.0,0.0,-1.0,0.0,0.0,103.0,488.0
65810.0,0.0,3.1416,0.006,0.10324,0.0,0.0,-1.0,0.0,0.0,103.0,462.0
65820.0,0.0,3.1416,-0.009,0.10324,0.0,0.0,-1.0,0.0,0.0,103.0,456.0
65830.0,0.0,3.1416,-0.009,0.10324,0.0,0.0,-1.0,0.0,0.0,103.0,462.0
65840.0,0.0,3.1416,0.02,0.10324,0.0,0.0,-1.0,0.0,0.0,103.0,488.0
65850.0,0.0,3.1416,0.005,0.10324,0.0,0.0,-1.0,0.0,0.0,103.0,482.0
65861.0,0.0,3.1401,-0.022,0.10324,0.0,0.0,-1.0,0.0,0.0,103.0,472.0
65871.0,0.0,3.1416,-0.013,0.10324,0.0,0.0,-1.0,0.0,0.0,103.0,488.0
65881.0,0.0,3.1416,-0.003,0.10324,0.0,0.0,-1.0,0.0,0.0,103.0,480.0
65891.0,0.0,3.1401,-0.012,0.10324,0.0,0.0,-1.0,0.0,0.0,103.0,472.0
65901.0,0.0,3.1401,-0.01,0.10324,0.0,0.0,-1.0,0.0,0.0,103.0,488.0
65912.0,0.0,3.1416,0.002,0.10324,0.0,0.0,-1.0,0.0,0.0,103.0,462.0
65922.0,0.0,3.1416,0.014,0.10324,0.0,0.0,-1.0,0.0,0.0,103.0,474.0
65932.0,0.0,3.1416,0.037,0.10324,0.0,0.0,-1.0,0.0,0.0,103.0,462.0
65942.0,0.0,3.1416,0.003,0.10324,0.0,0.0,-1.0,0.0,0.0,103.0,488.0
65953.0,0.0,3.1416,-0.003,0.10324,0.0,0.0,-1.0,0.0,0.0,103.0,462.0
65963.0,0.0,3.1416,0.027,0.10324,0.0,0.0,-1.0,0.0,0.0,103.0,482.0
65973.0,0.0,3.1416,0.006,0.10324,0.0,0.0,-1.0,0.0,0.0,103.0,482.0
65983.0,0.0,3.1401,-0.033,0.10324,0.0,0.0,-1.0,0.0,0.0,103.0,457.0
65993.0,0.0,3.1401,-0.001,0.10324,0.0,0.0,-1.0,0.0,0.0,103.0,462.0
66003.0,0.0,3.1401,-0.031,0.10324,0.0,0.0,-1.0,0.0,0.0,103.0,480.0
66013.0,0.0,3.1416,0.022,0.10324,0.0,0.0,-1.0,0.0,0.0,103.0,480.0
66023.0,0.0,3.1416,0.02,0.10324,0.0,0.0,-1.0,0.0,0.0,103.0,490.0
66034.0,0.0,3.1416,0.004,0.10324,0.0,0.0,-1.0,0.0,0.0,103.0,482.0
66044.0,0.0,3.1416,0.01,0.10324,0.0,0.0,-1.0,0.0,0.0,103.0,482.0
66054.0,0.0,3.1401,-0.001,0.10324,0.0,0.0,-1.0,0.0,0.0,103.0,465.0
66064.0,0.0,3.1416,0.028,0.10324,0.0,0.0,-1.0,0.0,0.0,103.0,480.0
66074.0,0.0,3.1401,-0.038,0.10324,0.0,0.0,-1.0,0.0,0.0,103.0,464.0
66085.0,0.0,3.1416,0.02,0.10324,0.0,0.0,-1.0,0.0,0.0,103.0,462.0
66095.0,0.0,3.1416,0.011,0.10324,0.0,0.0,-1.0,0.0,0.0,103.0,462.0
66105.0,0.0,3.1416,-0.004,0.10324,0.0,0.0,-1.0,0.0,0.0,103.0,488.0
66115.0,0.0,3.1401,-0.009,0.10324,0.0,0.0,-1.0,0.0,0.0,103.0,480.0
66126.0,0.0,3.1401,-0.015,0.10324,0.0,0.0,-1.0,0.0,0.0,103.0,474.0
66136.0,0.0,3.1416,0.014,0.10324,0.0,0.0,-1.0,0.0,0.0,103.0,457.0
66146.0,0.0,3.1416,0.021,0.10324,0.0,0.0,-1.0,0.0,0.0,103.0,473.0
66156.0,0.0,3.1401,0.001,0.10324,0.0,0.0,-1.0,0.0,0.0,103.0,456.0
66166.0,0.0,3.1416,-0.008,0.10324,0.0,0.0,-1.0,0.0,0.0,103.0,462.0
66176.0,0.0,3.1416,0.011,0.10324,0.0,0.0,-1.0,0.0,0.0,103.0,458.0
66187.0,0.0,3.1401,-0.018,0.10324,0.0,0.0,-1.0,0.0,0.0,103.0,490.0
66197.0,0.0,3.1416,0.016,0.10324,0.0,0.0,-1.0,0.0,0.0,103.0,480.0
66207.0,0.0,3.1416,-0.004,0.10324,0.0,0.0,-1.0,0.0,0.0,103.0,490.0
66217.0,0.0,3.1416,0.004,0.10324,0.0,0.0,-1.0,0.0,0.0,103.0,464.0
66227.0,0.0,3.1416,0.008,0.10324,0.0,0.0,-1.0,0.0,0.0,103.0,464.0
66238.0,0.0,3.1416,-0.001,0.10324,0.0,0.0,-1.0,0.0,0.0,103.0,476.0
66248.0,0.0,3.1401,-0.043,0.10324,0.0,0.0,-1.0,0.0,0.0,103.0,464.0
66258.0,0.0,3.1416,0.005,0.10324,0.0,0.0,-1.0,0.0,0.0,103.0,476.0
66268.0,0.0,3.1416,0.032,0.10324,0.0,0.0,-1.0,0.0,0.0,103.0,462.0
66279.0,0.0,3.1416,-0.009,0.10324,0.0,0.0,-1.0,0.0,0.0,103.0,462.0
66288.0,0.0,3.1416,0.0,0.10324,0.0,0.0,-1.0,0.0,0.0,103.0,464.0
66299.0,0.0,3.1416,0.011,0.10324,0.0,0.0,-1.0,0.0,0.0,103.0,464.0
66309.0,0.0,3.1401,-0.016,0.10324,0.0,0.0,-1.0,0.0,0.0,103.0,481.0
66319.0,0.0,3.1401,-0.003,0.10324,0.0,0.0,-1.0,0.0,0.0,103.0,452.0
66329.0,0.0,3.1416,0.011,0.10324,0.0,0.0,-1.0,0.0,0.0,103.0,462.0
66340.0,0.0,3.1416,0.017,0.10324,0.0,0.0,-1.0,0.0,0.0,103.0,462.0
66350.0,0.0,3.1416,-0.0,0.10324,0.0,0.0,-1.0,0.0,0.0,103.0,462.0
66360.0,0.0,3.1416,0.017,0.10324,0.0,0.0,-1.0,0.0,0.0,103.0,480.0
66370.0,0.0,3.1401,-0.012,0.10324,0.0,0.0,-1.0,0.0,0.0,103.0,462.0
66380.0,0.0,3.1401,-0.011,0.10324,0.0,0.0,-1.0,0.0,0.0,103.0,462.0
66390.0,0.0,3.1401,-0.046,0.10324,0.0,0.0,-1.0,0.0,0.0,103.0,462.0
66400.0,0.0,3.1416,0.024,0.10324,0.0,0.0,-1.0,0.0,0.0,103.0,463.0
66411.0,0.0,3.1416,0.02,0.10324,0.0,0.0,-1.0,0.0,0.0,103.0,462.0
66421.0,0.0,3.1401,-0.018,0.10324,0.0,0.0,-1.0,0.0,0.0,103.0,462.0
66431.0,0.0,3.1401,-0.03,0.10324,0.0,0.0,-1.0,0.0,0.0,103.0,476.0
66441.0,0.0,3.1416,0.011,0.10324,0.0,0.0,-1.0,0.0,0.0,103.0,457.0
66451.0,0.0,3.1416,0.004,0.10324,0.0,0.0,-1.0,0.0,0.0,103.0,465.0
66461.0,0.0,3.1416,0.008,0.10324,0.0,0.0,-1.0,0.0,0.0,103.0,462.0
66471.0,0.0,3.1401,-0.014,0.10324,0.0,0.0,-1.0,0.0,0.0,103.0,488.0
66481.0,0.0,3.1401,-0.006,0.10324,0.0,0.0,-1.0,0.0,0.0,103.0,462.0
66491.0,0.0,3.1401,-0.007,0.10324,0.0,0.0,-1.0,0.0,0.0,103.0,490.0
66502.0,0.0,3.1401,-0.001,0.10324,0.0,0.0,-1.0,0.0,0.0,103.0,462.0
66512.0,0.0,3.1416,0.011,0.10324,0.0,0.0,-1.0,0.0,0.0,103.0,480.0
66522.0,0.0,3.1416,0.009,0.10324,0.0,0.0,-1.0,0.0,0.0,103.0,462.0
66532.0,0.0,3.1416,-0.032,0.10324,0.0,0.0,-1.0,0.0,0.0,103.0,462.0
66542.0,0.0,3.1416,0.021,0.10324,0.0,0.0,-1.0,0.0,0.0,103.0,462.0
66553.0,0.0,3.1416,0.003,0.10324,0.0,0.0,-1.0,0.0,0.0,103.0,462.0
66563.0,0.0,3.1416,0.019,0.10324,0.0,0.0,-1.0,0.0,0.0,103.0,452.0
66573.0,0.0,3.1416,0.005,0.10324,0.0,0.0,-1.0,0.0,0.0,103.0,488.0
66583.0,0.0,3.1416,-0.035,0.10324,0.0,0.0,-1.0,0.0,0.0,103.0,472.0
66594.0,0.0,3.1416,-0.005,0.10324,0.0,0.0,-1.0,0.0,0.0,103.0,462.0
66604.0,0.0,3.1416,0.029,0.10324,0.0,0.0,-1.0,0.0,0.0,103.0,462.0
66614.0,0.0,3.1416,0.014,0.10324,0.0,0.0,-1.0,0.0,0.0,103.0,462.0
66625.0,0.0,3.1416,0.009,0.10324,0.0,0.0,-1.0,0.0,0.0,103.0,462.0
66635.0,0.0,3.1416,0.0,0.10324,0.0,0.0,-1.0,0.0,0.0,103.0,474.0
66645.0,0.0,3.1416,0.011,0.10324,0.0,0.0,-1.0,0.0,0.0,103.0,462.0
66655.0,0.0,3.1416,0.005,0.10324,0.0,0.0,-1.0,0.0,0.0,103.0,472.0
66665.0,0.0,3.1401,-0.051,0.10324,0.0,0.0,-1.0,0.0,0.0,103.0,480.0
66676.0,0.0,3.1416,-0.007,0.10324,0.0,0.0,-1.0,0.0,0.0,103.0,462.0
66686.0,0.0,3.1401,-0.025,0.10324,0.0,0.0,-1.0,0.0,0.0,103.0,462.0
66696.0,0.0,3.1416,0.015,0.10324,0.0,0.0,-1.0,0.0,0.0,103.0,488.0
66706.0,0.0,3.1416,-0.004,0.10324,0.0,0.0,-1.0,0.0,0.0,103.0,473.0
66717.0,0.0,3.1401,-0.015,0.10324,0.0,0.0,-1.0,0.0,0.0,103.0,474.0
66727.0,0.0,3.1401,-0.009,0.10324,0.0,0.0,-1.0,0.0,0.0,103.0,462.0
66737.0,0.0,3.1416,0.027,0.10324,0.0,0.0,-1.0,0.0,0.0,103.0,488.0
66747.0,0.0,3.1401,-0.018,0.10324,0.0,0.0,-1.0,0.0,0.0,103.0,480.0
66757.0,0.0,3.1401,-0.017,0.10324,0.0,0.0,-1.0,0.0,0.0,103.0,490.0
66767.0,0.0,3.1416,0.007,0.10324,0.0,0.0,-1.0,0.0,0.0,103.0,480.0
66778.0,0.0,3.1416,-0.002,0.10324,0.0,0.0,-1.0,0.0,0.0,103.0,480.0
66788.0,0.0,3.1416,0.025,0.10324,0.0,0.0,-1.0,0.0,0.0,103.0,474.0
66798.0,0.0,3.1416,-0.007,0.10324,0.0,0.0,-1.0,0.0,0.0,103.0,488.0
66809.0,0.0,3.1416,0.001,0.10324,0.0,0.0,-1.0,0.0,0.0,103.0,462.0
66819.0,0.0,3.1401,-0.006,0.10324,0.0,0.0,-1.0,0.0,0.0,103.0,482.0
66829.0,0.0,3.1416,0.004,0.10324,0.0,0.0,-1.0,0.0,0.0,103.0,462.0
66839.0,0.0,3.1416,-0.001,0.10324,0.0,0.0,-1.0,0.0,0.0,103.0,463.0
66850.0,0.0,3.1416,-0.013,0.10324,0.0,0.0,-1.0,0.0,0.0,103.0,462.0
66860.0,0.0,3.1416,0.025,0.10324,0.0,0.0,-1.0,0.0,0.0,103.0,462.0
66870.0,0.0,3.1416,0.006,0.10324,0.0,0.0,-1.0,0.0,0.0,103.0,476.0
66880.0,0.0,3.1416,0.005,0.10324,0.0,0.0,-1.0,0.0,0.0,103.0,474.0
66891.0,0.0,3.1416,-0.002,0.10324,0.0,0.0,-1.0,0.0,0.0,103.0,468.0
66901.0,0.0,3.1416,0.03,0.10324,0.0,0.0,-1.0,0.0,0.0,103.0,480.0
66911.0,0.0,3.1416,0.01,0.10324,0.0,0.0,-1.0,0.0,0.0,103.0,462.0
66921.0,0.0,3.1401,-0.002,0.10324,0.0,0.0,-1.0,0.0,0.0,103.0,482.0
66931.0,0.0,3.1416,-0.008,0.10324,0.0,0.0,-1.0,0.0,0.0,103.0,476.0
66942.0,0.0,3.1416,0.032,0.10324,0.0,0.0,-1.0,0.0,0.0,103.0,480.0
66952.0,0.0,3.1416,-0.003,0.10324,0.0,0.0,-1.0,0.0,0.0,103.0,476.0
66962.0,0.0,3.1416,-0.014,0.10324,0.0,0.0,-1.0,0.0,0.0,103.0,457.0
66972.0,0.0,3.1401,-0.017,0.10324,0.0,0.0,-1.0,0.0,0.0,103.0,464.0
66982.0,0.0,3.1416,0.003,0.10324,0.0,0.0,-1.0,0.0,0.0,103.0,482.0
66992.0,0.0,3.1416,0.016,0.10324,0.0,0.0,-1.0,0.0,0.0,103.0,462.0
67002.0,0.0,3.1416,0.019,0.10324,0.0,0.0,-1.0,0.0,0.0,103.0,490.0
67012.0,0.0,3.1416,0.017,0.10324,0.0,0.0,-1.0,0.0,0.0,103.0,465.0
67023.0,0.0,3.1401,-0.029,0.10324,0.0,0.0,-1.0,0.0,0.0,103.0,476.0
67033.0,0.0,3.1416,-0.001,0.10324,0.0,0.0,-1.0,0.0,0.0,103.0,472.0
67043.0,0.0,3.1416,0.01,0.10324,0.0,0.0,-1.0,0.0,0.0,103.0,480.0
67053.0,0.0,3.1416,0.01,0.10324,0.0,0.0,-1.0,0.0,0.0,103.0,490.0
67064.0,0.0,3.1416,-0.001,0.10324,0.0,0.0,-1.0,0.0,0.0,103.0,480.0
67074.0,0.0,3.1416,-0.007,0.10324,0.0,0.0,-1.0,0.0,0.0,103.0,488.0
67084.0,0.0,3.1416,0.033,0.10324,0.0,0.0,-1.0,0.0,0.0,103.0,480.0
67094.0,0.0,3.1416,0.001,0.10324,0.0,0.0,-1.0,0.0,0.0,103.0,490.0
67104.0,0.0,3.1416,-0.0,0.10324,0.0,0.0,-1.0,0.0,0.0,103.0,457.0
67114.0,0.0,3.1416,-0.004,0.10324,0.0,0.0,-1.0,0.0,0.0,103.0,472.0
67124.0,0.0,3.1416,0.017,0.10324,0.0,0.0,-1.0,0.0,0.0,103.0,476.0
67134.0,0.0,3.1401,-0.012,0.10324,0.0,0.0,-1.0,0.0,0.0,103.0,480.0
67145.0,0.0,3.1416,0.027,0.10324,0.0,0.0,-1.0,0.0,0.0,103.0,480.0
67155.0,0.0,3.1416,0.023,0.10324,0.0,0.0,-1.0,0.0,0.0,103.0,482.0
67165.0,0.0,3.1416,0.011,0.10324,0.0,0.0,-1.0,0.0,0.0,103.0,482.0
67175.0,0.0,3.1416,0.008,0.10324,0.0,0.0,-1.0,0.0,0.0,103.0,462.0
67185.0,0.0,3.1416,0.018,0.10324,0.0,0.0,-1.0,0.0,0.0,103.0,488.0
67195.0,0.0,3.1416,0.012,0.10324,0.0,0.0,-1.0,0.0,0.0,103.0,471.0
67206.0,0.0,3.1416,0.004,0.10324,0.0,0.0,-1.0,0.0,0.0,103.0,480.0
67216.0,0.0,3.1416,0.007,0.10324,0.0,0.0,-1.0,0.0,0.0,103.0,462.0
67226.0,0.0,3.1416,-0.009,0.10324,0.0,0.0,-1.0,0.0,0.0,103.0,462.0
67236.0,0.0,3.1416,0.03,0.10324,0.0,0.0,-1.0,0.0,0.0,103.0,457.0
67247.0,0.0,3.1416,0.009,0.10324,0.0,0.0,-1.0,0.0,0.0,103.0,457.0
67257.0,0.0,3.1416,-0.011,0.10324,0.0,0.0,-1.0,0.0,0.0,103.0,471.0
67267.0,0.0,3.1416,0.008,0.10324,0.0,0.0,-1.0,0.0,0.0,103.0,480.0
67278.0,0.0,3.1416,0.006,0.10324,0.0,0.0,-1.0,0.0,0.0,103.0,472.0
67288.0,0.0,3.1401,-0.023,0.10324,0.0,0.0,-1.0,0.0,0.0,103.0,482.0
67298.0,0.0,3.1416,0.013,0.10324,0.0,0.0,-1.0,0.0,0.0,103.0,462.0
67308.0,0.0,3.1416,0.007,0.10324,0.0,0.0,-1.0,0.0,0.0,103.0,476.0
67318.0,0.0,3.1416,0.012,0.10324,0.0,0.0,-1.0,0.0,0.0,103.0,488.0
67329.0,0.0,3.1416,-0.02,0.10324,0.0,0.0,-1.0,0.0,0.0,103.0,462.0
67339.0,0.0,3.1416,0.022,0.10324,0.0,0.0,-1.0,0.0,0.0,103.0,462.0
67349.0,0.0,3.1401,-0.042,0.10324,0.0,0.0,-1.0,0.0,0.0,103.0,476.0
67359.0,0.0,3.1416,0.001,0.10324,0.0,0.0,-1.0,0.0,0.0,103.0,480.0
67369.0,0.0,3.1401,0.0,0.10324,0.0,0.0,-1.0,0.0,0.0,103.0,480.0
67380.0,0.0,3.1416,0.022,0.10324,0.0,0.0,-1.0,0.0,0.0,103.0,480.0
67390.0,0.0,3.1416,-0.002,0.10324,0.0,0.0,-1.0,0.0,0.0,103.0,480.0
67400.0,0.0,3.1416,-0.01,0.10324,0.0,0.0,-1.0,0.0,0.0,103.0,462.0
67410.0,0.0,3.1416,0.0,0.10324,0.0,0.0,-1.0,0.0,0.0,103.0,457.0
67421.0,0.0,3.1401,-0.022,0.10324,0.0,0.0,-1.0,0.0,0.0,103.0,462.0
67431.0,0.0,3.1416,0.015,0.10324,0.0,0.0,-1.0,0.0,0.0,103.0,462.0
67441.0,0.0,3.1416,0.013,0.10324,0.0,0.0,-1.0,0.0,0.0,103.0,462.0
67451.0,0.0,3.1401,-0.024,0.10324,0.0,0.0,-1.0,0.0,0.0,103.0,462.0
67462.0,0.0,3.1401,-0.006,0.10324,0.0,0.0,-1.0,0.0,0.0,103.0,462.0
67472.0,0.0,3.1416,0.012,0.10324,0.0,0.0,-1.0,0.0,0.0,103.0,480.0
67482.0,0.0,3.1401,-0.03,0.10324,0.0,0.0,-1.0,0.0,0.0,103.0,488.0
67492.0,0.0,3.1401,0.009,0.10324,0.0,0.0,-1.0,0.0,0.0,103.0,480.0
67502.0,0.0,3.1416,0.01,0.10324,0.0,0.0,-1.0,0.0,0.0,103.0,464.0
67513.0,0.0,3.1416,0.01,0.10324,0.0,0.0,-1.0,0.0,0.0,103.0,462.0
67523.0,0.0,3.1416,0.002,0.10324,0.0,0.0,-1.0,0.0,0.0,103.0,488.0
67534.0,0.0,3.1416,-0.012,0.10324,0.0,0.0,-1.0,0.0,0.0,103.0,472.0
67544.0,0.0,3.1401,-0.024,0.10324,0.0,0.0,-1.0,0.0,0.0,103.0,472.0
67554.0,0.0,3.1416,0.02,0.10324,0.0,0.0,-1.0,0.0,0.0,103.0,465.0
67564.0,0.0,3.1416,0.009,0.10324,0.0,0.0,-1.0,0.0,0.0,103.0,488.0
67574.0,0.0,3.1401,-0.029,0.10324,0.0,0.0,-1.0,0.0,0.0,103.0,480.0
67585.0,0.0,3.1401,-0.009,0.10324,0.0,0.0,-1.0,0.0,0.0,103.0,462.0
67595.0,0.0,3.1416,0.031,0.10324,0.0,0.0,-1.0,0.0,0.0,103.0,457.0
67605.0,0.0,3.1416,0.007,0.10324,0.0,0.0,-1.0,0.0,0.0,103.0,490.0
67615.0,0.0,3.1401,-0.021,0.10324,0.0,0.0,-1.0,0.0,0.0,103.0,465.0
67625.0,0.0,3.1416,0.006,0.10324,0.0,0.0,-1.0,0.0,0.0,103.0,468.0
67635.0,0.0,3.1416,0.03,0.10324,0.0,0.0,-1.0,0.0,0.0,103.0,465.0
67646.0,0.0,3.1416,-0.005,0.10324,0.0,0.0,-1.0,0.0,0.0,103.0,482.0
67656.0,0.0,3.1416,0.022,0.10324,0.0,0.0,-1.0,0.0,0.0,103.0,462.0
67666.0,0.0,3.1416,0.005,0.10324,0.0,0.0,-1.0,0.0,0.0,103.0,476.0
67676.0,0.0,3.1416,-0.016,0.10324,0.0,0.0,-1.0,0.0,0.0,103.0,482.0
67686.0,0.0,3.1416,0.01,0.10324,0.0,0.0,-1.0,0.0,0.0,103.0,462.0
67696.0,0.0,3.1416,-0.005,0.10324,0.0,0.0,-1.0,0.0,0.0,103.0,488.0
67706.0,0.0,3.1416,-0.031,0.10324,0.0,0.0,-1.0,0.0,0.0,103.0,490.0
67716.0,0.0,3.1416,0.002,0.10324,0.0,0.0,-1.0,0.0,0.0,103.0,480.0
67727.0,0.0,3.1401,-0.023,0.10324,0.0,0.0,-1.0,0.0,0.0,103.0,480.0
67737.0,0.0,3.1416,0.007,0.10324,0.0,0.0,-1.0,0.0,0.0,103.0,476.0
67747.0,0.0,3.1416,0.018,0.10324,0.0,0.0,-1.0,0.0,0.0,103.0,482.0
67757.0,0.0,3.1401,-0.025,0.10324,0.0,0.0,-1.0,0.0,0.0,103.0,462.0
67767.0,0.0,3.1401,0.002,0.10324,0.0,0.0,-1.0,0.0,0.0,103.0,465.0
67778.0,0.0,3.1401,-0.015,0.10324,0.0,0.0,-1.0,0.0,0.0,103.0,462.0
67788.0,0.0,3.1401,0.002,0.10324,0.0,0.0,-1.0,0.0,0.0,103.0,462.0
67798.0,0.0,3.1401,0.001,0.10324,0.0,0.0,-1.0,0.0,0.0,103.0,462.0
67808.0,0.0,3.1416,0.013,0.10324,0.0,0.0,-1.0,0.0,0.0,103.0,488.0
67818.0,0.0,3.1416,-0.012,0.10324,0.0,0.0,-1.0,0.0,0.0,103.0,472.0
67828.0,0.0,3.1401,-0.013,0.10324,0.0,0.0,-1.0,0.0,0.0,103.0,480.0
67839.0,0.0,3.1416,-0.013,0.10324,0.0,0.0,-1.0,0.0,0.0,103.0,476.0
67849.0,0.0,3.1416,0.016,0.10324,0.0,0.0,-1.0,0.0,0.0,103.0,476.0
67859.0,0.0,3.1416,0.023,0.10324,0.0,0.0,-1.0,0.0,0.0,103.0,488.0
67870.0,0.0,3.1416,0.015,0.10324,0.0,0.0,-1.0,0.0,0.0,103.0,462.0
67880.0,0.0,3.1416,-0.02,0.10324,0.0,0.0,-1.0,0.0,0.0,103.0,462.0
67890.0,0.0,3.1416,0.008,0.10324,0.0,0.0,-1.0,0.0,0.0,103.0,462.0
67900.0,0.0,3.1401,-0.009,0.10324,0.0,0.0,-1.0,0.0,0.0,103.0,462.0
67910.0,0.0,3.1416,0.011,0.10324,0.0,0.0,-1.0,0.0,0.0,103.0,488.0
67920.0,0.0,3.1416,-0.006,0.10324,0.0,0.0,-1.0,0.0,0.0,103.0,480.0
67930.0,0.0,3.1416,0.028,0.10324,0.0,0.0,-1.0,0.0,0.0,103.0,458.0
67941.0,0.0,3.1416,0.018,0.10324,0.0,0.0,-1.0,0.0,0.0,103.0,480.0
67951.0,0.0,3.1416,0.015,0.10324,0.0,0.0,-1.0,0.0,0.0,103.0,462.0
67961.0,0.0,3.1416,0.004,0.10324,0.0,0.0,-1.0,0.0,0.0,103.0,476.0
67971.0,0.0,3.1416,-0.014,0.10324,0.0,0.0,-1.0,0.0,0.0,103.0,462.0
67981.0,0.0,3.1401,-0.016,0.10324,0.0,0.0,-1.0,0.0,0.0,103.0,464.0
67992.0,0.0,3.1401,0.002,0.10324,0.0,0.0,-1.0,0.0,0.0,103.0,488.0
68002.0,0.0,3.1401,-0.015,0.10324,0.0,0.0,-1.0,0.0,0.0,103.0,462.0
68012.0,0.0,3.1416,0.018,0.10324,0.0,0.0,-1.0,0.0,0.0,103.0,462.0
68022.0,0.0,3.1416,0.029,0.10324,0.0,0.0,-1.0,0.0,0.0,103.0,488.0
68032.0,0.0,3.1416,0.017,0.10324,0.0,0.0,-1.0,0.0,0.0,103.0,476.0
68042.0,0.0,3.1416,-0.003,0.10324,0.0,0.0,-1.0,0.0,0.0,103.0,465.0
68053.0,0.0,3.1416,0.026,0.10324,0.0,0.0,-1.0,0.0,0.0,103.0,482.0
68063.0,0.0,3.1401,-0.039,0.10324,0.0,0.0,-1.0,0.0,0.0,103.0,488.0
68073.0,0.0,3.1416,0.003,0.10324,0.0,0.0,-1.0,0.0,0.0,103.0,480.0
68083.0,0.0,3.1401,-0.006,0.10324,0.0,0.0,-1.0,0.0,0.0,103.0,476.0
68094.0,0.0,3.1416,0.004,0.10324,0.0,0.0,-1.0,0.0,0.0,103.0,488.0
68104.0,0.0,3.1401,-0.003,0.10324,0.0,0.0,-1.0,0.0,0.0,103.0,480.0
68114.0,0.0,3.1416,0.012,0.10324,0.0,0.0,-1.0,0.0,0.0,103.0,476.0
68124.0,0.0,3.1401,-0.009,0.10324,0.0,0.0,-1.0,0.0,0.0,103.0,480.0
68135.0,0.0,3.1401,-0.013,0.10324,0.0,0.0,-1.0,0.0,0.0,103.0,490.0
68145.0,0.0,3.1401,-0.019,0.10324,0.0,0.0,-1.0,0.0,0.0,103.0,462.0
68155.0,0.0,3.1416,0.009,0.10324,0.0,0.0,-1.0,0.0,0.0,103.0,462.0
68165.0,0.0,3.1416,0.015,0.10324,0.0,0.0,-1.0,0.0,0.0,103.0,462.0
68175.0,0.0,3.1416,0.007,0.10324,0.0,0.0,-1.0,0.0,0.0,103.0,462.0
68185.0,0.0,3.1401,-0.007,0.10324,0.0,0.0,-1.0,0.0,0.0,103.0,488.0
68196.0,0.0,3.1416,0.032,0.10324,0.0,0.0,-1.0,0.0,0.0,103.0,462.0
68206.0,0.0,3.1401,-0.006,0.10324,0.0,0.0,-1.0,0.0,0.0,103.0,488.0
68216.0,0.0,3.1416,0.003,0.10324,0.0,0.0,-1.0,0.0,0.0,103.0,462.0
68226.0,0.0,3.1416,-0.008,0.10324,0.0,0.0,-1.0,0.0,0.0,103.0,488.0
68237.0,0.0,3.1401,-0.016,0.10324,0.0,0.0,-1.0,0.0,0.0,103.0,462.0
68247.0,0.0,3.1416,-0.004,0.10324,0.0,0.0,-1.0,0.0,0.0,103.0,462.0
68257.0,0.0,3.1416,0.012,0.10324,0.0,0.0,-1.0,0.0,0.0,103.0,480.0
68267.0,0.0,3.1416,0.004,0.10324,0.0,0.0,-1.0,0.0,0.0,103.0,488.0
68277.0,0.0,3.1401,0.003,0.10324,0.0,0.0,-1.0,0.0,0.0,103.0,465.0
68288.0,0.0,3.1401,-0.021,0.10324,0.0,0.0,-1.0,0.0,0.0,103.0,476.0
68298.0,0.0,3.1416,0.017,0.10324,0.0,0.0,-1.0,0.0,0.0,103.0,462.0
68308.0,0.0,3.1416,0.023,0.10324,0.0,0.0,-1.0,0.0,0.0,103.0,462.0
68318.0,0.0,3.1416,-0.014,0.10324,0.0,0.0,-1.0,0.0,0.0,103.0,462.0
68328.0,0.0,3.1416,-0.022,0.10324,0.0,0.0,-1.0,0.0,0.0,103.0,474.0
68338.0,0.0,3.1401,-0.02,0.10324,0.0,0.0,-1.0,0.0,0.0,103.0,480.0
68348.0,0.0,3.1416,0.016,0.10324,0.0,0.0,-1.0,0.0,0.0,103.0,456.0
68359.0,0.0,3.1416,0.013,0.10324,0.0,0.0,-1.0,0.0,0.0,103.0,480.0
68369.0,0.0,3.1416,0.006,0.10324,0.0,0.0,-1.0,0.0,0.0,103.0,488.0
68379.0,0.0,3.1401,-0.026,0.10324,0.0,0.0,-1.0,0.0,0.0,103.0,472.0
68389.0,0.0,3.1416,0.021,0.10324,0.0,0.0,-1.0,0.0,0.0,103.0,480.0
68400.0,0.0,3.1416,0.021,0.10324,0.0,0.0,-1.0,0.0,0.0,103.0,462.0
68410.0,0.0,3.1416,-0.002,0.10324,0.0,0.0,-1.0,0.0,0.0,103.0,462.0
68420.0,0.0,3.1416,-0.006,0.10324,0.0,0.0,-1.0,0.0,0.0,103.0,488.0
68430.0,0.0,3.1416,0.003,0.10324,0.0,0.0,-1.0,0.0,0.0,103.0,480.0
68440.0,0.0,3.1416,0.011,0.10324,0.0,0.0,-1.0,0.0,0.0,103.0,480.0
68450.0,0.0,3.1416,0.032,0.10324,0.0,0.0,-1.0,0.0,0.0,103.0,490.0
68460.0,0.0,3.1401,-0.028,0.10324,0.0,0.0,-1.0,0.0,0.0,103.0,452.0
68471.0,0.0,3.1401,-0.01,0.10324,0.0,0.0,-1.0,0.0,0.0,103.0,476.0
68481.0,0.0,3.1401,0.001,0.10324,0.0,0.0,-1.0,0.0,0.0,103.0,482.0
68491.0,0.0,3.1401,-0.018,0.10324,0.0,0.0,-1.0,0.0,0.0,103.0,462.0
68501.0,0.0,3.1401,-0.014,0.10324,0.0,0.0,-1.0,0.0,0.0,103.0,481.0
68511.0,0.0,3.1416,0.013,0.10324,0.0,0.0,-1.0,0.0,0.0,103.0,457.0
68521.0,0.0,3.1416,0.009,0.10324,0.0,0.0,-1.0,0.0,0.0,103.0,463.0
68531.0,0.0,3.1401,-0.005,0.10324,0.0,0.0,-1.0,0.0,0.0,103.0,482.0
68542.0,0.0,3.1416,0.013,0.10324,0.0,0.0,-1.0,0.0,0.0,103.0,463.0
68552.0,0.0,3.1401,-0.039,0.10324,0.0,0.0,-1.0,0.0,0.0,103.0,490.0
68562.0,0.0,3.1401,-0.021,0.10324,0.0,0.0,-1.0,0.0,0.0,103.0,462.0
68572.0,0.0,3.1416,0.008,0.10324,0.0,0.0,-1.0,0.0,0.0,103.0,488.0
68582.0,0.0,3.1416,-0.012,0.10324,0.0,0.0,-1.0,0.0,0.0,103.0,462.0
68592.0,0.0,3.1416,0.005,0.10324,0.0,0.0,-1.0,0.0,0.0,103.0,462.0
68602.0,0.0,3.1401,-0.02,0.10324,0.0,0.0,-1.0,0.0,0.0,103.0,490.0
68613.0,0.0,3.1416,0.007,0.10324,0.0,0.0,-1.0,0.0,0.0,103.0,462.0
68623.0,0.0,3.1401,0.0,0.10324,0.0,0.0,-1.0,0.0,0.0,103.0,462.0
68633.0,0.0,3.1416,-0.002,0.10324,0.0,0.0,-1.0,0.0,0.0,103.0,462.0
68643.0,0.0,3.1401,-0.0,0.10324,0.0,0.0,-1.0,0.0,0.0,103.0,488.0
68653.0,0.0,3.1416,0.012,0.10324,0.0,0.0,-1.0,0.0,0.0,103.0,468.0
68663.0,0.0,3.1416,0.014,0.10324,0.0,0.0,-1.0,0.0,0.0,103.0,488.0
68674.0,0.0,3.1416,0.017,0.10324,0.0,0.0,-1.0,0.0,0.0,103.0,462.0
68684.0,0.0,3.1401,-0.031,0.10324,0.0,0.0,-1.0,0.0,0.0,103.0,482.0
68694.0,0.0,3.1416,0.012,0.10324,0.0,0.0,-1.0,0.0,0.0,103.0,457.0
68704.0,0.0,3.1416,-0.008,0.10324,0.0,0.0,-1.0,0.0,0.0,103.0,462.0
68714.0,0.0,3.1401,-0.021,0.10324,0.0,0.0,-1.0,0.0,0.0,103.0,480.0
68724.0,0.0,3.1416,-0.004,0.10324,0.0,0.0,-1.0,0.0,0.0,103.0,488.0
68734.0,0.0,3.1416,0.0,0.10324,0.0,0.0,-1.0,0.0,0.0,103.0,465.0
68745.0,0.0,3.1401,-0.001,0.10324,0.0,0.0,-1.0,0.0,0.0,103.0,482.0
68755.0,0.0,3.1416,0.032,0.10324,0.0,0.0,-1.0,0.0,0.0,103.0,462.0
68765.0,0.0,3.1401,-0.003,0.10324,0.0,0.0,-1.0,0.0,0.0,103.0,488.0
68776.0,0.0,3.1416,-0.001,0.10324,0.0,0.0,-1.0,0.0,0.0,103.0,462.0
68786.0,0.0,3.1401,-0.026,0.10324,0.0,0.0,-1.0,0.0,0.0,103.0,474.0
68796.0,0.0,3.1416,-0.013,0.10324,0.0,0.0,-1.0,0.0,0.0,103.0,490.0
68806.0,0.0,3.1401,0.004,0.10324,0.0,0.0,-1.0,0.0,0.0,103.0,476.0
68816.0,0.0,3.1401,0.001,0.10324,0.0,0.0,-1.0,0.0,0.0,103.0,480.0
68827.0,0.0,3.1401,-0.005,0.10324,0.0,0.0,-1.0,0.0,0.0,103.0,480.0
68837.0,0.0,3.1401,-0.018,0.10324,0.0,0.0,-1.0,0.0,0.0,103.0,480.0
68847.0,0.0,3.1416,0.013,0.10324,0.0,0.0,-1.0,0.0,0.0,103.0,490.0
68857.0,0.0,3.1416,0.025,0.10324,0.0,0.0,-1.0,0.0,0.0,103.0,488.0
68867.0,0.0,3.1416,0.001,0.10324,0.0,0.0,-1.0,0.0,0.0,103.0,476.0
68878.0,0.0,3.1416,0.007,0.10324,0.0,0.0,-1.0,0.0,0.0,103.0,463.0
68888.0,0.0,3.1416,0.006,0.10324,0.0,0.0,-1.0,0.0,0.0,103.0,462.0
68898.0,0.0,3.1416,0.011,0.10324,0.0,0.0,-1.0,0.0,0.0,103.0,488.0
68908.0,0.0,3.1416,0.0,0.10324,0.0,0.0,-1.0,0.0,0.0,103.0,472.0
68918.0,0.0,3.1416,0.006,0.10324,0.0,0.0,-1.0,0.0,0.0,103.0,482.0
68928.0,0.0,3.1416,-0.024,0.10324,0.0,0.0,-1.0,0.0,0.0,103.0,464.0
68939.0,0.0,3.1416,0.038,0.10324,0.0,0.0,-1.0,0.0,0.0,103.0,480.0
68949.0,0.0,3.1401,-0.007,0.10324,0.0,0.0,-1.0,0.0,0.0,103.0,462.0
68959.0,0.0,3.1401,-0.007,0.10324,0.0,0.0,-1.0,0.0,0.0,103.0,480.0
68969.0,0.0,3.1401,-0.033,0.10324,0.0,0.0,-1.0,0.0,0.0,103.0,480.0
68979.0,0.0,3.1416,-0.0,0.10324,0.0,0.0,-1.0,0.0,0.0,103.0,457.0
68990.0,0.0,3.1416,0.002,0.10324,0.0,0.0,-1.0,0.0,0.0,103.0,462.0
69000.0,0.0,3.1416,0.035,0.10324,0.0,0.0,-1.0,0.0,0.0,103.0,468.0
69010.0,0.0,3.1401,-0.013,0.10324,0.0,0.0,-1.0,0.0,0.0,103.0,462.0
69020.0,0.0,3.1416,0.023,0.10324,0.0,0.0,-1.0,0.0,0.0,103.0,488.0
69030.0,0.0,3.1416,-0.023,0.10324,0.0,0.0,-1.0,0.0,0.0,103.0,474.0
69040.0,0.0,3.1416,-0.015,0.10324,0.0,0.0,-1.0,0.0,0.0,103.0,480.0
69051.0,0.0,3.1401,-0.01,0.10324,0.0,0.0,-1.0,0.0,0.0,103.0,462.0
69061.0,0.0,3.1401,0.006,0.10324,0.0,0.0,-1.0,0.0,0.0,103.0,462.0
69070.0,0.0,3.1416,0.016,0.10324,0.0,0.0,-1.0,0.0,0.0,103.0,464.0
69081.0,0.0,3.1416,-0.008,0.10324,0.0,0.0,-1.0,0.0,0.0,103.0,488.0
69091.0,0.0,3.1416,0.012,0.10324,0.0,0.0,-1.0,0.0,0.0,103.0,462.0
69101.0,0.0,3.1416,-0.003,0.10324,0.0,0.0,-1.0,0.0,0.0,103.0,468.0
69111.0,0.0,3.1416,0.003,0.10324,0.0,0.0,-1.0,0.0,0.0,103.0,462.0
69121.0,0.0,3.1416,0.023,0.10324,0.0,0.0,-1.0,0.0,0.0,103.0,462.0
69131.0,0.0,3.1416,0.0,0.10324,0.0,0.0,-1.0,0.0,0.0,103.0,480.0
69142.0,0.0,3.1416,-0.006,0.10324,0.0,0.0,-1.0,0.0,0.0,103.0,476.0
69152.0,0.0,3.1401,0.001,0.10324,0.0,0.0,-1.0,0.0,0.0,103.0,488.0
69162.0,0.0,3.1416,-0.004,0.10324,0.0,0.0,-1.0,0.0,0.0,103.0,488.0
69172.0,0.0,3.1416,0.018,0.10324,0.0,0.0,-1.0,0.0,0.0,103.0,468.0
69182.0,0.0,3.1416,-0.002,0.10324,0.0,0.0,-1.0,0.0,0.0,103.0,480.0
69193.0,0.0,3.1416,0.008,0.10324,0.0,0.0,-1.0,0.0,0.0,103.0,488.0
69203.0,0.0,3.1416,-0.012,0.10324,0.0,0.0,-1.0,0.0,0.0,103.0,488.0
69213.0,0.0,3.1401,-0.012,0.10324,0.0,0.0,-1.0,0.0,0.0,103.0,452.0
69223.0,0.0,3.1416,0.02,0.10324,0.0,0.0,-1.0,0.0,0.0,103.0,488.0
69233.0,0.0,3.1416,0.023,0.10324,0.0,0.0,-1.0,0.0,0.0,103.0,457.0
69243.0,0.0,3.1416,-0.004,0.10324,0.0,0.0,-1.0,0.0,0.0,103.0,488.0
69253.0,0.0,3.1416,0.007,0.10324,0.0,0.0,-1.0,0.0,0.0,103.0,490.0
69264.0,0.0,3.1416,-0.01,0.10324,0.0,0.0,-1.0,0.0,0.0,103.0,480.0
69274.0,0.0,3.1416,-0.007,0.10324,0.0,0.0,-1.0,0.0,0.0,103.0,464.0
69284.0,0.0,3.1416,0.013,0.10324,0.0,0.0,-1.0,0.0,0.0,103.0,488.0
69294.0,0.0,3.1416,-0.01,0.10324,0.0,0.0,-1.0,0.0,0.0,103.0,480.0
69305.0,0.0,3.1416,0.006,0.10324,0.0,0.0,-1.0,0.0,0.0,103.0,462.0
69315.0,0.0,3.1416,0.026,0.10324,0.0,0.0,-1.0,0.0,0.0,103.0,457.0
69325.0,0.0,3.1401,-0.025,0.10324,0.0,0.0,-1.0,0.0,0.0,103.0,476.0
69335.0,0.0,3.1401,-0.027,0.10324,0.0,0.0,-1.0,0.0,0.0,103.0,480.0
69345.0,0.0,3.1416,0.012,0.10324,0.0,0.0,-1.0,0.0,0.0,103.0,462.0
69355.0,0.0,3.1416,-0.005,0.10324,0.0,0.0,-1.0,0.0,0.0,103.0,488.0
69365.0,0.0,3.1401,0.003,0.10324,0.0,0.0,-1.0,0.0,0.0,103.0,480.0
69375.0,0.0,3.1416,0.017,0.10324,0.0,0.0,-1.0,0.0,0.0,103.0,465.0
69386.0,0.0,3.1401,-0.034,0.10324,0.0,0.0,-1.0,0.0,0.0,103.0,481.0
69396.0,0.0,3.1401,-0.018,0.10324,0.0,0.0,-1.0,0.0,0.0,103.0,476.0
69406.0,0.0,3.1416,0.002,0.10324,0.0,0.0,-1.0,0.0,0.0,103.0,462.0
69416.0,0.0,3.1401,-0.019,0.10324,0.0,0.0,-1.0,0.0,0.0,103.0,481.0
69427.0,0.0,3.1416,0.023,0.10324,0.0,0.0,-1.0,0.0,0.0,103.0,480.0
69437.0,0.0,3.1416,0.032,0.10324,0.0,0.0,-1.0,0.0,0.0,103.0,490.0
69447.0,0.0,3.1416,-0.009,0.10324,0.0,0.0,-1.0,0.0,0.0,103.0,480.0
69457.0,0.0,3.1401,-0.014,0.10324,0.0,0.0,-1.0,0.0,0.0,103.0,462.0
69467.0,0.0,3.1401,-0.009,0.10324,0.0,0.0,-1.0,0.0,0.0,103.0,465.0
69478.0,0.0,3.1416,0.017,0.10324,0.0,0.0,-1.0,0.0,0.0,103.0,476.0
69488.0,0.0,3.1401,0.0,0.10324,0.0,0.0,-1.0,0.0,0.0,103.0,488.0
69498.0,0.0,3.1416,0.029,0.10324,0.0,0.0,-1.0,0.0,0.0,103.0,488.0
69508.0,0.0,3.1416,0.005,0.10324,0.0,0.0,-1.0,0.0,0.0,103.0,464.0
69519.0,0.0,3.1416,0.015,0.10324,0.0,0.0,-1.0,0.0,0.0,103.0,476.0
69529.0,0.0,3.1401,-0.036,0.10324,0.0,0.0,-1.0,0.0,0.0,103.0,465.0
69539.0,0.0,3.1416,0.005,0.10324,0.0,0.0,-1.0,0.0,0.0,103.0,462.0
69549.0,0.0,3.1416,0.013,0.10324,0.0,0.0,-1.0,0.0,0.0,103.0,488.0
69559.0,0.0,3.1416,0.013,0.10324,0.0,0.0,-1.0,0.0,0.0,103.0,480.0
69570.0,0.0,3.1416,-0.003,0.10324,0.0,0.0,-1.0,0.0,0.0,103.0,480.0
69580.0,0.0,3.1416,-0.001,0.10324,0.0,0.0,-1.0,0.0,0.0,103.0,480.0
69590.0,0.0,3.1416,-0.016,0.10324,0.0,0.0,-1.0,0.0,0.0,103.0,465.0
69600.0,0.0,3.1416,0.02,0.10324,0.0,0.0,-1.0,0.0,0.0,103.0,464.0
69610.0,0.0,3.1416,-0.0,0.10324,0.0,0.0,-1.0,0.0,0.0,103.0,457.0
69621.0,0.0,3.1416,-0.001,0.10324,0.0,0.0,-1.0,0.0,0.0,103.0,480.0
69631.0,0.0,3.1401,-0.009,0.10324,0.0,0.0,-1.0,0.0,0.0,103.0,452.0
69641.0,0.0,3.1416,0.004,0.10324,0.0,0.0,-1.0,0.0,0.0,103.0,462.0
69651.0,0.0,3.1401,-0.015,0.10324,0.0,0.0,-1.0,0.0,0.0,103.0,490.0
69661.0,0.0,3.1416,0.014,0.10324,0.0,0.0,-1.0,0.0,0.0,103.0,465.0
69671.0,0.0,3.1416,-0.002,0.10324,0.0,0.0,-1.0,0.0,0.0,103.0,480.0
69681.0,0.0,3.1416,-0.016,0.10324,0.0,0.0,-1.0,0.0,0.0,103.0,462.0
69692.0,0.0,3.1416,0.019,0.10324,0.0,0.0,-1.0,0.0,0.0,103.0,488.0
69702.0,0.0,3.1416,0.001,0.10324,0.0,0.0,-1.0,0.0,0.0,103.0,462.0
69712.0,0.0,3.1416,0.018,0.10324,0.0,0.0,-1.0,0.0,0.0,103.0,473.0
69722.0,0.0,3.1401,0.006,0.10324,0.0,0.0,-1.0,0.0,0.0,103.0,462.0
69732.0,0.0,3.1416,0.031,0.10324,0.0,0.0,-1.0,0.0,0.0,103.0,468.0
69743.0,0.0,3.1401,-0.013,0.10324,0.0,0.0,-1.0,0.0,0.0,103.0,462.0
69753.0,0.0,3.1401,-0.009,0.10324,0.0,0.0,-1.0,0.0,0.0,103.0,490.0
69763.0,0.0,3.1416,0.009,0.10324,0.0,0.0,-1.0,0.0,0.0,103.0,462.0
69773.0,0.0,3.1416,0.016,0.10324,0.0,0.0,-1.0,0.0,0.0,103.0,488.0
69783.0,0.0,3.1416,0.004,0.10324,0.0,0.0,-1.0,0.0,0.0,103.0,476.0
69793.0,0.0,3.1416,-0.001,0.10324,0.0,0.0,-1.0,0.0,0.0,103.0,452.0
69803.0,0.0,3.1416,0.02,0.10324,0.0,0.0,-1.0,0.0,0.0,103.0,457.0
69813.0,0.0,3.1401,-0.025,0.10324,0.0,0.0,-1.0,0.0,0.0,103.0,464.0
69824.0,0.0,3.1401,-0.035,0.10324,0.0,0.0,-1.0,0.0,0.0,103.0,468.0
69834.0,0.0,3.1416,0.017,0.10324,0.0,0.0,-1.0,0.0,0.0,103.0,480.0
69844.0,0.0,3.1416,-0.005,0.10324,0.0,0.0,-1.0,0.0,0.0,103.0,476.0
69854.0,0.0,3.1416,-0.024,0.10324,0.0,0.0,-1.0,0.0,0.0,103.0,482.0
69865.0,0.0,3.1416,0.026,0.10324,0.0,0.0,-1.0,0.0,0.0,103.0,473.0
69875.0,0.0,3.1416,0.016,0.10324,0.0,0.0,-1.0,0.0,0.0,103.0,462.0
69885.0,0.0,3.1416,-0.013,0.10324,0.0,0.0,-1.0,0.0,0.0,103.0,488.0
69895.0,0.0,3.1401,0.005,0.10324,0.0,0.0,-1.0,0.0,0.0,103.0,465.0
69906.0,0.0,3.1416,0.003,0.10324,0.0,0.0,-1.0,0.0,0.0,103.0,476.0
69916.0,0.0,3.1401,-0.001,0.10324,0.0,0.0,-1.0,0.0,0.0,103.0,462.0
69926.0,0.0,3.1401,0.004,0.10324,0.0,0.0,-1.0,0.0,0.0,103.0,462.0
69936.0,0.0,3.1416,0.009,0.10324,0.0,0.0,-1.0,0.0,0.0,103.0,457.0
69947.0,0.0,3.1416,0.005,0.10324,0.0,0.0,-1.0,0.0,0.0,103.0,462.0
69957.0,0.0,3.1416,0.003,0.10324,0.0,0.0,-1.0,0.0,0.0,103.0,476.0
69967.0,0.0,3.1416,0.012,0.10324,0.0,0.0,-1.0,0.0,0.0,103.0,462.0
69977.0,0.0,3.1416,-0.01,0.10324,0.0,0.0,-1.0,0.0,0.0,103.0,476.0
69987.0,0.0,3.1416,-0.011,0.10324,0.0,0.0,-1.0,0.0,0.0,103.0,472.0
69997.0,0.0,3.1416,0.008,0.10324,0.0,0.0,-1.0,0.0,0.0,103.0,480.0
70007.0,0.0,3.1416,0.031,0.10324,0.0,0.0,-1.0,0.0,0.0,103.0,471.0
70018.0,0.0,3.1416,0.02,0.10324,0.0,0.0,-1.0,0.0,0.0,103.0,471.0
70028.0,0.0,3.1416,0.008,0.10324,0.0,0.0,-1.0,0.0,0.0,103.0,490.0
70038.0,0.0,3.1416,-0.003,0.10324,0.0,0.0,-1.0,0.0,0.0,103.0,488.0
70048.0,0.0,3.1401,-0.003,0.10324,0.0,0.0,-1.0,0.0,0.0,103.0,472.0
70058.0,0.0,3.1416,0.03,0.10324,0.0,0.0,-1.0,0.0,0.0,103.0,476.0
70068.0,0.0,3.1401,0.002,0.10324,0.0,0.0,-1.0,0.0,0.0,103.0,480.0
70079.0,0.0,3.1416,0.011,0.10324,0.0,0.0,-1.0,0.0,0.0,103.0,472.0
70089.0,0.0,3.1416,0.015,0.10324,0.0,0.0,-1.0,0.0,0.0,103.0,462.0
70099.0,0.0,3.1416,0.011,0.10324,0.0,0.0,-1.0,0.0,0.0,103.0,462.0
70109.0,0.0,3.1401,-0.015,0.10324,0.0,0.0,-1.0,0.0,0.0,103.0,474.0
70119.0,0.0,3.1416,-0.03,0.10324,0.0,0.0,-1.0,0.0,0.0,103.0,480.0
70130.0,0.0,3.1416,-0.025,0.10324,0.0,0.0,-1.0,0.0,0.0,103.0,462.0
70140.0,0.0,3.1416,0.012,0.10324,0.0,0.0,-1.0,0.0,0.0,103.0,462.0
70150.0,0.0,3.1401,-0.016,0.10324,0.0,0.0,-1.0,0.0,0.0,103.0,462.0
70160.0,0.0,3.1416,-0.01,0.10324,0.0,0.0,-1.0,0.0,0.0,103.0,464.0
70171.0,0.0,3.1416,0.001,0.10324,0.0,0.0,-1.0,0.0,0.0,103.0,462.0
70181.0,0.0,3.1401,-0.008,0.10324,0.0,0.0,-1.0,0.0,0.0,103.0,488.0
70191.0,0.0,3.1401,0.003,0.10324,0.0,0.0,-1.0,0.0,0.0,103.0,480.0
70202.0,0.0,3.1401,-0.012,0.10324,0.0,0.0,-1.0,0.0,0.0,103.0,462.0
70212.0,0.0,3.1416,0.014,0.10324,0.0,0.0,-1.0,0.0,0.0,103.0,462.0
70222.0,0.0,3.1416,0.012,0.10324,0.0,0.0,-1.0,0.0,0.0,103.0,488.0
70232.0,0.0,3.1416,-0.01,0.10324,0.0,0.0,-1.0,0.0,0.0,103.0,465.0
70242.0,0.0,3.1416,0.027,0.10324,0.0,0.0,-1.0,0.0,0.0,103.0,462.0
70252.0,0.0,3.1416,0.011,0.10324,0.0,0.0,-1.0,0.0,0.0,103.0,476.0
70262.0,0.0,3.1416,0.008,0.10324,0.0,0.0,-1.0,0.0,0.0,103.0,462.0
70272.0,0.0,3.1416,0.022,0.10324,0.0,0.0,-1.0,0.0,0.0,103.0,482.0
70282.0,0.0,3.1416,0.007,0.10324,0.0,0.0,-1.0,0.0,0.0,103.0,464.0
70293.0,0.0,3.1416,-0.008,0.10324,0.0,0.0,-1.0,0.0,0.0,103.0,457.0
70303.0,0.0,3.1416,0.005,0.10324,0.0,0.0,-1.0,0.0,0.0,103.0,462.0
70313.0,0.0,3.1416,0.016,0.10324,0.0,0.0,-1.0,0.0,0.0,103.0,462.0
70323.0,0.0,3.1401,-0.027,0.10324,0.0,0.0,-1.0,0.0,0.0,103.0,457.0
70334.0,0.0,3.1416,0.012,0.10324,0.0,0.0,-1.0,0.0,0.0,103.0,476.0
70344.0,0.0,3.1416,0.017,0.10324,0.0,0.0,-1.0,0.0,0.0,103.0,462.0
70354.0,0.0,3.1416,-0.001,0.10324,0.0,0.0,-1.0,0.0,0.0,103.0,488.0
70365.0,0.0,3.1401,-0.016,0.10324,0.0,0.0,-1.0,0.0,0.0,103.0,488.0
70375.0,0.0,3.1416,0.014,0.10324,0.0,0.0,-1.0,0.0,0.0,103.0,480.0
70385.0,0.0,3.1416,0.024,0.10324,0.0,0.0,-1.0,0.0,0.0,103.0,462.0
70395.0,0.0,3.1401,-0.031,0.10324,0.0,0.0,-1.0,0.0,0.0,103.0,462.0
70405.0,0.0,3.1401,-0.062,0.10324,0.0,0.0,-1.0,0.0,0.0,103.0,488.0
70415.0,0.0,3.1416,0.004,0.10324,0.0,0.0,-1.0,0.0,0.0,103.0,480.0
70426.0,0.0,3.1416,0.042,0.10324,0.0,0.0,-1.0,0.0,0.0,103.0,462.0
70436.0,0.0,3.1416,0.03,0.10324,0.0,0.0,-1.0,0.0,0.0,103.0,488.0
70446.0,0.0,3.1416,0.013,0.10324,0.0,0.0,-1.0,0.0,0.0,103.0,487.0
70456.0,0.0,3.1401,-0.036,0.10324,0.0,0.0,-1.0,0.0,0.0,103.0,474.0
70466.0,0.0,3.1401,-0.029,0.10324,0.0,0.0,-1.0,0.0,0.0,103.0,462.0
70476.0,0.0,3.1401,-0.033,0.10324,0.0,0.0,-1.0,0.0,0.0,103.0,462.0
70486.0,0.0,3.1416,0.023,0.10324,0.0,0.0,-1.0,0.0,0.0,103.0,462.0
70496.0,0.0,3.1401,-0.01,0.10324,0.0,0.0,-1.0,0.0,0.0,103.0,476.0
70506.0,0.0,3.1416,-0.008,0.10324,0.0,0.0,-1.0,0.0,0.0,103.0,480.0
70516.0,0.0,3.1401,-0.037,0.10324,0.0,0.0,-1.0,0.0,0.0,103.0,462.0
70526.0,0.0,3.1401,-0.014,0.10324,0.0,0.0,-1.0,0.0,0.0,103.0,488.0
70536.0,0.0,3.1401,-0.008,0.10324,0.0,0.0,-1.0,0.0,0.0,103.0,457.0
70546.0,0.0,3.1416,0.042,0.10324,0.0,0.0,-1.0,0.0,0.0,103.0,457.0
70557.0,0.0,3.1416,0.034,0.10324,0.0,0.0,-1.0,0.0,0.0,103.0,462.0
70567.0,0.0,3.1401,-0.036,0.10324,0.0,0.0,-1.0,0.0,0.0,103.0,472.0
70577.0,0.0,3.1416,0.009,0.10324,0.0,0.0,-1.0,0.0,0.0,103.0,468.0
70587.0,0.0,3.1401,0.004,0.10324,0.0,0.0,-1.0,0.0,0.0,103.0,476.0
70597.0,0.0,3.1401,-0.006,0.10324,0.0,0.0,-1.0,0.0,0.0,103.0,471.0
70608.0,0.0,3.1416,0.024,0.10324,0.0,0.0,-1.0,0.0,0.0,103.0,480.0
70618.0,0.0,3.1401,-0.029,0.10324,0.0,0.0,-1.0,0.0,0.0,103.0,476.0
70628.0,0.0,3.1401,-0.03,0.10324,0.0,0.0,-1.0,0.0,0.0,103.0,462.0
70638.0,0.0,3.1401,-0.05,0.10324,0.0,0.0,-1.0,0.0,0.0,103.0,462.0
70648.0,0.0,3.1416,0.017,0.10324,0.0,0.0,-1.0,0.0,0.0,103.0,464.0
70658.0,0.0,3.1401,-0.005,0.10324,0.0,0.0,-1.0,0.0,0.0,103.0,488.0
70668.0,0.0,3.1401,-0.016,0.10324,0.0,0.0,-1.0,0.0,0.0,103.0,464.0
70679.0,0.0,3.1401,-0.039,0.10324,0.0,0.0,-1.0,0.0,0.0,103.0,462.0
70689.0,0.0,3.1401,-0.031,0.10324,0.0,0.0,-1.0,0.0,0.0,103.0,462.0
70699.0,0.0,3.1416,0.04,0.10324,0.0,0.0,-1.0,0.0,0.0,103.0,488.0
70709.0,0.0,3.1416,0.051,0.10324,0.0,0.0,-1.0,0.0,0.0,103.0,464.0
70720.0,0.0,3.1416,0.018,0.10324,0.0,0.0,-1.0,0.0,0.0,103.0,476.0
70730.0,0.0,3.1416,-0.008,0.10324,0.0,0.0,-1.0,0.0,0.0,103.0,488.0
70740.0,0.0,3.1416,-0.008,0.10324,0.0,0.0,-1.0,0.0,0.0,103.0,472.0
70751.0,0.0,3.1401,-0.019,0.10324,0.0,0.0,-1.0,0.0,0.0,103.0,488.0
70761.0,0.0,3.1401,-0.033,0.10324,0.0,0.0,-1.0,0.0,0.0,103.0,476.0
70771.0,0.0,3.1401,-0.026,0.10324,0.0,0.0,-1.0,0.0,0.0,103.0,462.0
70781.0,0.0,3.1401,0.005,0.10324,0.0,0.0,-1.0,0.0,0.0,103.0,472.0
70791.0,0.0,3.1401,-0.035,0.10324,0.0,0.0,-1.0,0.0,0.0,103.0,472.0
70802.0,0.0,3.1401,-0.036,0.10324,0.0,0.0,-1.0,0.0,0.0,103.0,462.0
70812.0,0.0,3.1416,0.012,0.10324,0.0,0.0,-1.0,0.0,0.0,103.0,462.0
70822.0,0.0,3.1416,0.056,0.10324,0.0,0.0,-1.0,0.0,0.0,103.0,488.0
70832.0,0.0,3.1401,-0.017,0.10324,0.0,0.0,-1.0,0.0,0.0,103.0,480.0
70842.0,0.0,3.1401,-0.041,0.10324,0.0,0.0,-1.0,0.0,0.0,103.0,468.0
70852.0,0.0,3.1401,-0.019,0.10324,0.0,0.0,-1.0,0.0,0.0,103.0,462.0
70862.0,0.0,3.1416,0.045,0.10324,0.0,0.0,-1.0,0.0,0.0,103.0,480.0
70872.0,0.0,3.1401,-0.009,0.10324,0.0,0.0,-1.0,0.0,0.0,103.0,464.0
70883.0,0.0,3.1416,0.021,0.10324,0.0,0.0,-1.0,0.0,0.0,103.0,482.0
70893.0,0.0,3.1416,0.023,0.10324,0.0,0.0,-1.0,0.0,0.0,103.0,488.0
70903.0,0.0,3.1401,-0.022,0.10324,0.0,0.0,-1.0,0.0,0.0,103.0,480.0
70914.0,0.0,3.1401,-0.036,0.10324,0.0,0.0,-1.0,0.0,0.0,103.0,462.0
70924.0,0.0,3.1401,-0.027,0.10324,0.0,0.0,-1.0,0.0,0.0,103.0,462.0
70934.0,0.0,3.1416,0.045,0.10324,0.0,0.0,-1.0,0.0,0.0,103.0,474.0
70944.0,0.0,3.1401,-0.007,0.10324,0.0,0.0,-1.0,0.0,0.0,103.0,462.0
70954.0,0.0,3.1401,-0.026,0.10324,0.0,0.0,-1.0,0.0,0.0,103.0,488.0
70964.0,0.0,3.1401,-0.043,0.10324,0.0,0.0,-1.0,0.0,0.0,103.0,476.0
70974.0,0.0,3.1416,0.018,0.10324,0.0,0.0,-1.0,0.0,0.0,103.0,468.0
70985.0,0.0,3.1416,0.034,0.10324,0.0,0.0,-1.0,0.0,0.0,103.0,462.0
70995.0,0.0,3.1401,-0.013,0.10324,0.0,0.0,-1.0,0.0,0.0,103.0,468.0
71005.0,0.0,3.1416,0.002,0.10324,0.0,0.0,-1.0,0.0,0.0,103.0,488.0
71015.0,0.0,3.1416,0.019,0.10324,0.0,0.0,-1.0,0.0,0.0,103.0,462.0
71025.0,0.0,3.1401,-0.028,0.10324,0.0,0.0,-1.0,0.0,0.0,103.0,462.0
71035.0,0.0,3.1401,-0.037,0.10324,0.0,0.0,-1.0,0.0,0.0,103.0,480.0
71046.0,0.0,3.1416,0.021,0.10324,0.0,0.0,-1.0,0.0,0.0,103.0,462.0
71056.0,0.0,3.1416,0.04,0.10324,0.0,0.0,-1.0,0.0,0.0,103.0,465.0
71066.0,0.0,3.1401,-0.01,0.10324,0.0,0.0,-1.0,0.0,0.0,103.0,490.0
71076.0,0.0,3.1401,-0.049,0.10324,0.0,0.0,-1.0,0.0,0.0,103.0,480.0
71086.0,0.0,3.1416,-0.019,0.10324,0.0,0.0,-1.0,0.0,0.0,103.0,452.0
71097.0,0.0,3.1401,0.001,0.10324,0.0,0.0,-1.0,0.0,0.0,103.0,462.0
71107.0,0.0,3.1416,0.043,0.10324,0.0,0.0,-1.0,0.0,0.0,103.0,463.0
71117.0,0.0,3.1401,-0.001,0.10324,0.0,0.0,-1.0,0.0,0.0,103.0,462.0
71127.0,0.0,3.1401,-0.003,0.10324,0.0,0.0,-1.0,0.0,0.0,103.0,473.0
71137.0,0.0,3.1401,-0.017,0.10324,0.0,0.0,-1.0,0.0,0.0,103.0,490.0
71147.0,0.0,3.1416,-0.002,0.10324,0.0,0.0,-1.0,0.0,0.0,103.0,462.0
71157.0,0.0,3.1416,0.019,0.10324,0.0,0.0,-1.0,0.0,0.0,103.0,472.0
71168.0,0.0,3.1416,0.014,0.10324,0.0,0.0,-1.0,0.0,0.0,103.0,472.0
71178.0,0.0,3.1401,-0.021,0.10324,0.0,0.0,-1.0,0.0,0.0,103.0,476.0
71188.0,0.0,3.1401,-0.042,0.10324,0.0,0.0,-1.0,0.0,0.0,103.0,462.0
71198.0,0.0,3.1401,-0.022,0.10324,0.0,0.0,-1.0,0.0,0.0,103.0,488.0
71208.0,0.0,3.1401,-0.016,0.10324,0.0,0.0,-1.0,0.0,0.0,103.0,482.0
71219.0,0.0,3.1416,0.042,0.10324,0.0,0.0,-1.0,0.0,0.0,103.0,462.0
71229.0,0.0,3.1401,-0.006,0.10324,0.0,0.0,-1.0,0.0,0.0,103.0,480.0
71239.0,0.0,3.1401,0.001,0.10324,0.0,0.0,-1.0,0.0,0.0,103.0,476.0
71249.0,0.0,3.1416,0.007,0.10324,0.0,0.0,-1.0,0.0,0.0,103.0,471.0
71260.0,0.0,3.1401,-0.022,0.10324,0.0,0.0,-1.0,0.0,0.0,103.0,472.0
71270.0,0.0,3.1416,0.008,0.10324,0.0,0.0,-1.0,0.0,0.0,103.0,465.0
71280.0,0.0,3.1401,-0.008,0.10324,0.0,0.0,-1.0,0.0,0.0,103.0,468.0
71290.0,0.0,3.1416,0.019,0.10324,0.0,0.0,-1.0,0.0,0.0,103.0,462.0
71300.0,0.0,3.1416,-0.0,0.10324,0.0,0.0,-1.0,0.0,0.0,103.0,462.0
71310.0,0.0,3.1401,-0.014,0.10324,0.0,0.0,-1.0,0.0,0.0,103.0,481.0
71321.0,0.0,3.1416,0.011,0.10324,0.0,0.0,-1.0,0.0,0.0,103.0,488.0
71331.0,0.0,3.1401,-0.008,0.10324,0.0,0.0,-1.0,0.0,0.0,103.0,476.0
71341.0,0.0,3.1401,-0.033,0.10324,0.0,0.0,-1.0,0.0,0.0,103.0,488.0
71351.0,0.0,3.1401,-0.012,0.10324,0.0,0.0,-1.0,0.0,0.0,103.0,480.0
71362.0,0.0,3.1416,0.02,0.10324,0.0,0.0,-1.0,0.0,0.0,103.0,488.0
71372.0,0.0,3.1401,-0.021,0.10324,0.0,0.0,-1.0,0.0,0.0,103.0,471.0
71382.0,0.0,3.1416,0.012,0.10324,0.0,0.0,-1.0,0.0,0.0,103.0,462.0
71392.0,0.0,3.1401,-0.013,0.10324,0.0,0.0,-1.0,0.0,0.0,103.0,476.0
71402.0,0.0,3.1401,-0.015,0.10324,0.0,0.0,-1.0,0.0,0.0,103.0,480.0
71412.0,0.0,3.1401,-0.026,0.10324,0.0,0.0,-1.0,0.0,0.0,103.0,482.0
71422.0,0.0,3.1401,-0.028,0.10324,0.0,0.0,-1.0,0.0,0.0,103.0,464.0
71433.0,0.0,3.1401,0.006,0.10324,0.0,0.0,-1.0,0.0,0.0,103.0,488.0
71443.0,0.0,3.1416,0.051,0.10324,0.0,0.0,-1.0,0.0,0.0,103.0,462.0
71453.0,0.0,3.1416,-0.015,0.10324,0.0,0.0,-1.0,0.0,0.0,103.0,462.0
71463.0,0.0,3.1416,-0.004,0.10324,0.0,0.0,-1.0,0.0,0.0,103.0,480.0
71474.0,0.0,3.1416,0.011,0.10324,0.0,0.0,-1.0,0.0,0.0,103.0,472.0
71484.0,0.0,3.1416,0.029,0.10324,0.0,0.0,-1.0,0.0,0.0,103.0,462.0
71494.0,0.0,3.1416,0.001,0.10324,0.0,0.0,-1.0,0.0,0.0,103.0,462.0
71504.0,0.0,3.1401,-0.022,0.10324,0.0,0.0,-1.0,0.0,0.0,103.0,465.0
71515.0,0.0,3.1401,0.001,0.10324,0.0,0.0,-1.0,0.0,0.0,103.0,476.0
71525.0,0.0,3.1416,0.024,0.10324,0.0,0.0,-1.0,0.0,0.0,103.0,468.0
71535.0,0.0,3.1401,-0.016,0.10324,0.0,0.0,-1.0,0.0,0.0,103.0,462.0
71545.0,0.0,3.1401,0.011,0.10324,0.0,0.0,-1.0,0.0,0.0,103.0,462.0
71555.0,0.0,3.1416,0.004,0.10324,0.0,0.0,-1.0,0.0,0.0,103.0,472.0
71566.0,0.0,3.1416,-0.006,0.10324,0.0,0.0,-1.0,0.0,0.0,103.0,462.0
71576.0,0.0,3.1401,-0.021,0.10324,0.0,0.0,-1.0,0.0,0.0,103.0,482.0
71586.0,0.0,3.1416,0.025,0.10324,0.0,0.0,-1.0,0.0,0.0,103.0,462.0
71596.0,0.0,3.1401,0.011,0.10324,0.0,0.0,-1.0,0.0,0.0,103.0,456.0
71606.0,0.0,3.1401,-0.019,0.10324,0.0,0.0,-1.0,0.0,0.0,103.0,462.0
71616.0,0.0,3.1401,-0.014,0.10324,0.0,0.0,-1.0,0.0,0.0,103.0,488.0
71627.0,0.0,3.1416,-0.002,0.10324,0.0,0.0,-1.0,0.0,0.0,103.0,462.0
71637.0,0.0,3.1416,0.005,0.10324,0.0,0.0,-1.0,0.0,0.0,103.0,468.0
71647.0,0.0,3.1416,0.039,0.10324,0.0,0.0,-1.0,0.0,0.0,103.0,480.0
71657.0,0.0,3.1401,-0.02,0.10324,0.0,0.0,-1.0,0.0,0.0,103.0,472.0
71667.0,0.0,3.1416,0.016,0.10324,0.0,0.0,-1.0,0.0,0.0,103.0,480.0
71678.0,0.0,3.1416,0.02,0.10324,0.0,0.0,-1.0,0.0,0.0,103.0,462.0
71688.0,0.0,3.1401,-0.031,0.10324,0.0,0.0,-1.0,0.0,0.0,103.0,462.0
71698.0,0.0,3.1401,-0.001,0.10324,0.0,0.0,-1.0,0.0,0.0,103.0,462.0
71708.0,0.0,3.1416,0.038,0.10324,0.0,0.0,-1.0,0.0,0.0,103.0,488.0
71719.0,0.0,3.1416,0.0,0.10324,0.0,0.0,-1.0,0.0,0.0,103.0,462.0
71729.0,0.0,3.1401,-0.041,0.10324,0.0,0.0,-1.0,0.0,0.0,103.0,488.0
71739.0,0.0,3.1416,0.014,0.10324,0.0,0.0,-1.0,0.0,0.0,103.0,488.0
71749.0,0.0,3.1416,0.011,0.10324,0.0,0.0,-1.0,0.0,0.0,103.0,476.0
71759.0,0.0,3.1401,-0.0,0.10324,0.0,0.0,-1.0,0.0,0.0,103.0,488.0
71769.0,0.0,3.1416,0.011,0.10324,0.0,0.0,-1.0,0.0,0.0,103.0,480.0
71779.0,0.0,3.1416,0.026,0.10324,0.0,0.0,-1.0,0.0,0.0,103.0,472.0
71789.0,0.0,3.1416,0.006,0.10324,0.0,0.0,-1.0,0.0,0.0,103.0,476.0
71800.0,0.0,3.1401,-0.018,0.10324,0.0,0.0,-1.0,0.0,0.0,103.0,480.0
71810.0,0.0,3.1416,0.02,0.10324,0.0,0.0,-1.0,0.0,0.0,103.0,480.0
71820.0,0.0,3.1401,-0.022,0.10324,0.0,0.0,-1.0,0.0,0.0,103.0,465.0
71830.0,0.0,3.1416,0.01,0.10324,0.0,0.0,-1.0,0.0,0.0,103.0,468.0
71841.0,0.0,3.1401,-0.03,0.10324,0.0,0.0,-1.0,0.0,0.0,103.0,488.0
71851.0,0.0,3.1416,0.043,0.10324,0.0,0.0,-1.0,0.0,0.0,103.0,488.0
71861.0,0.0,3.1416,0.03,0.10324,0.0,0.0,-1.0,0.0,0.0,103.0,462.0
71871.0,0.0,3.1416,0.003,0.10324,0.0,0.0,-1.0,0.0,0.0,103.0,462.0
71881.0,0.0,3.1416,0.016,0.10324,0.0,0.0,-1.0,0.0,0.0,103.0,482.0
71891.0,0.0,3.1416,0.012,0.10324,0.0,0.0,-1.0,0.0,0.0,103.0,490.0
71901.0,0.0,3.1416,-0.006,0.10324,0.0,0.0,-1.0,0.0,0.0,103.0,452.0
71912.0,0.0,3.1401,-0.021,0.10324,0.0,0.0,-1.0,0.0,0.0,103.0,462.0
71922.0,0.0,3.1401,-0.017,0.10324,0.0,0.0,-1.0,0.0,0.0,103.0,488.0
71932.0,0.0,3.1401,-0.018,0.10324,0.0,0.0,-1.0,0.0,0.0,103.0,482.0
71942.0,0.0,3.1401,-0.005,0.10324,0.0,0.0,-1.0,0.0,0.0,103.0,462.0
71952.0,0.0,3.1416,0.009,0.10324,0.0,0.0,-1.0,0.0,0.0,103.0,462.0
71962.0,0.0,3.1416,0.026,0.10324,0.0,0.0,-1.0,0.0,0.0,103.0,474.0
71972.0,0.0,3.1416,-0.009,0.10324,0.0,0.0,-1.0,0.0,0.0,103.0,480.0
71983.0,0.0,3.1401,-0.033,0.10324,0.0,0.0,-1.0,0.0,0.0,103.0,462.0
71993.0,0.0,3.1416,0.01,0.10324,0.0,0.0,-1.0,0.0,0.0,103.0,462.0
72003.0,0.0,3.1401,-0.012,0.10324,0.0,0.0,-1.0,0.0,0.0,103.0,480.0
72013.0,0.0,3.1416,0.027,0.10324,0.0,0.0,-1.0,0.0,0.0,103.0,481.0
72023.0,0.0,3.1416,-0.005,0.10324,0.0,0.0,-1.0,0.0,0.0,103.0,488.0
72033.0,0.0,3.1401,-0.003,0.10324,0.0,0.0,-1.0,0.0,0.0,103.0,464.0
72044.0,0.0,3.1401,-0.023,0.10324,0.0,0.0,-1.0,0.0,0.0,103.0,476.0
72054.0,0.0,3.1416,0.006,0.10324,0.0,0.0,-1.0,0.0,0.0,103.0,476.0
72064.0,0.0,3.1416,0.011,0.10324,0.0,0.0,-1.0,0.0,0.0,103.0,474.0
72074.0,0.0,3.1416,0.028,0.10324,0.0,0.0,-1.0,0.0,0.0,103.0,490.0
72085.0,0.0,3.1416,-0.013,0.10324,0.0,0.0,-1.0,0.0,0.0,103.0,476.0
72095.0,0.0,3.1416,0.044,0.10324,0.0,0.0,-1.0,0.0,0.0,103.0,476.0
72105.0,0.0,3.1401,-0.007,0.10324,0.0,0.0,-1.0,0.0,0.0,103.0,488.0
72116.0,0.0,3.1401,-0.043,0.10324,0.0,0.0,-1.0,0.0,0.0,103.0,463.0
72126.0,0.0,3.1416,0.009,0.10324,0.0,0.0,-1.0,0.0,0.0,103.0,480.0
72136.0,0.0,3.1401,0.02,0.10324,0.0,0.0,-1.0,0.0,0.0,103.0,465.0
72146.0,0.0,3.1416,0.013,0.10324,0.0,0.0,-1.0,0.0,0.0,103.0,464.0
72156.0,0.0,3.1416,-0.004,0.10324,0.0,0.0,-1.0,0.0,0.0,103.0,462.0
72166.0,0.0,3.1401,-0.02,0.10324,0.0,0.0,-1.0,0.0,0.0,103.0,476.0
72177.0,0.0,3.1416,0.008,0.10324,0.0,0.0,-1.0,0.0,0.0,103.0,488.0
72187.0,0.0,3.1416,-0.005,0.10324,0.0,0.0,-1.0,0.0,0.0,103.0,488.0
72197.0,0.0,3.1401,-0.011,0.10324,0.0,0.0,-1.0,0.0,0.0,103.0,462.0
72207.0,0.0,3.1401,-0.003,0.10324,0.0,0.0,-1.0,0.0,0.0,103.0,490.0
72217.0,0.0,3.1416,-0.003,0.10324,0.0,0.0,-1.0,0.0,0.0,103.0,462.0
72227.0,0.0,3.1416,0.008,0.10324,0.0,0.0,-1.0,0.0,0.0,103.0,480.0
72237.0,0.0,3.1416,0.002,0.10324,0.0,0.0,-1.0,0.0,0.0,103.0,457.0
72248.0,0.0,3.1416,0.038,0.10324,0.0,0.0,-1.0,0.0,0.0,103.0,474.0
72258.0,0.0,3.1416,0.013,0.10324,0.0,0.0,-1.0,0.0,0.0,103.0,482.0
72268.0,0.0,3.1416,0.003,0.10324,0.0,0.0,-1.0,0.0,0.0,103.0,482.0
72278.0,0.0,3.1416,-0.004,0.10324,0.0,0.0,-1.0,0.0,0.0,103.0,488.0
72288.0,0.0,3.1416,-0.003,0.10324,0.0,0.0,-1.0,0.0,0.0,103.0,464.0
72299.0,0.0,3.1416,-0.006,0.10324,0.0,0.0,-1.0,0.0,0.0,103.0,468.0
72309.0,0.0,3.1401,-0.03,0.10324,0.0,0.0,-1.0,0.0,0.0,103.0,473.0
72319.0,0.0,3.1401,-0.006,0.10324,0.0,0.0,-1.0,0.0,0.0,103.0,464.0
72329.0,0.0,3.1401,-0.021,0.10324,0.0,0.0,-1.0,0.0,0.0,103.0,488.0
72340.0,0.0,3.1401,0.006,0.10324,0.0,0.0,-1.0,0.0,0.0,103.0,488.0
72350.0,0.0,3.1416,0.008,0.10324,0.0,0.0,-1.0,0.0,0.0,103.0,476.0
72360.0,0.0,3.1416,0.011,0.10324,0.0,0.0,-1.0,0.0,0.0,103.0,480.0
72370.0,0.0,3.1401,-0.028,0.10324,0.0,0.0,-1.0,0.0,0.0,103.0,482.0
72380.0,0.0,3.1401,0.019,0.10324,0.0,0.0,-1.0,0.0,0.0,103.0,462.0
72390.0,0.0,3.1416,0.008,0.10324,0.0,0.0,-1.0,0.0,0.0,103.0,490.0
72400.0,0.0,3.1401,0.007,0.10324,0.0,0.0,-1.0,0.0,0.0,103.0,462.0
72410.0,0.0,3.1401,0.014,0.10324,0.0,0.0,-1.0,0.0,0.0,103.0,476.0
72420.0,0.0,3.1401,-0.004,0.10324,0.0,0.0,-1.0,0.0,0.0,103.0,464.0
72431.0,0.0,3.1401,-0.001,0.10324,0.0,0.0,-1.0,0.0,0.0,103.0,457.0
72441.0,0.0,3.1401,-0.003,0.10324,0.0,0.0,-1.0,0.0,0.0,103.0,462.0
72451.0,0.0,3.1416,0.021,0.10324,0.0,0.0,-1.0,0.0,0.0,103.0,488.0
72462.0,0.0,3.1416,-0.009,0.10324,0.0,0.0,-1.0,0.0,0.0,103.0,462.0
72472.0,0.0,3.1416,0.029,0.10324,0.0,0.0,-1.0,0.0,0.0,103.0,462.0
72482.0,0.0,3.1401,-0.023,0.10324,0.0,0.0,-1.0,0.0,0.0,103.0,476.0
72492.0,0.0,3.1416,0.002,0.10324,0.0,0.0,-1.0,0.0,0.0,103.0,480.0
72503.0,0.0,3.1401,-0.021,0.10324,0.0,0.0,-1.0,0.0,0.0,103.0,488.0
72513.0,0.0,3.1416,0.024,0.10324,0.0,0.0,-1.0,0.0,0.0,103.0,471.0
72523.0,0.0,3.1401,0.013,0.10324,0.0,0.0,-1.0,0.0,0.0,103.0,480.0
72533.0,0.0,3.1401,-0.02,0.10324,0.0,0.0,-1.0,0.0,0.0,103.0,480.0
72543.0,0.0,3.1416,-0.009,0.10324,0.0,0.0,-1.0,0.0,0.0,103.0,490.0
72553.0,0.0,3.1416,0.018,0.10324,0.0,0.0,-1.0,0.0,0.0,103.0,480.0
72564.0,0.0,3.1416,0.022,0.10324,0.0,0.0,-1.0,0.0,0.0,103.0,474.0
72574.0,0.0,3.1416,-0.006,0.10324,0.0,0.0,-1.0,0.0,0.0,103.0,476.0
72584.0,0.0,3.1416,-0.009,0.10324,0.0,0.0,-1.0,0.0,0.0,103.0,476.0
72594.0,0.0,3.1416,0.034,0.10324,0.0,0.0,-1.0,0.0,0.0,103.0,482.0
72604.0,0.0,3.1401,-0.038,0.10324,0.0,0.0,-1.0,0.0,0.0,103.0,480.0
72614.0,0.0,3.1401,-0.017,0.10324,0.0,0.0,-1.0,0.0,0.0,103.0,457.0
72625.0,0.0,3.1416,0.027,0.10324,0.0,0.0,-1.0,0.0,0.0,103.0,482.0
72635.0,0.0,3.1401,0.014,0.10324,0.0,0.0,-1.0,0.0,0.0,103.0,462.0
72645.0,0.0,3.1416,-0.004,0.10324,0.0,0.0,-1.0,0.0,0.0,103.0,490.0
72655.0,0.0,3.1416,0.011,0.10324,0.0,0.0,-1.0,0.0,0.0,103.0,472.0
72665.0,0.0,3.1401,-0.034,0.10324,0.0,0.0,-1.0,0.0,0.0,103.0,462.0
72676.0,0.0,3.1401,-0.0,0.10324,0.0,0.0,-1.0,0.0,0.0,103.0,480.0
72686.0,0.0,3.1401,-0.023,0.10324,0.0,0.0,-1.0,0.0,0.0,103.0,462.0
72696.0,0.0,3.1416,0.017,0.10324,0.0,0.0,-1.0,0.0,0.0,103.0,464.0
72706.0,0.0,3.1401,-0.01,0.10324,0.0,0.0,-1.0,0.0,0.0,103.0,488.0
72717.0,0.0,3.1416,-0.004,0.10324,0.0,0.0,-1.0,0.0,0.0,103.0,462.0
72727.0,0.0,3.1416,0.025,0.10324,0.0,0.0,-1.0,0.0,0.0,103.0,464.0
72737.0,0.0,3.1401,-0.028,0.10324,0.0,0.0,-1.0,0.0,0.0,103.0,462.0
72747.0,0.0,3.1416,0.022,0.10324,0.0,0.0,-1.0,0.0,0.0,103.0,474.0
72758.0,0.0,3.1416,0.019,0.10324,0.0,0.0,-1.0,0.0,0.0,103.0,462.0
72768.0,0.0,3.1401,-0.016,0.10324,0.0,0.0,-1.0,0.0,0.0,103.0,462.0
72778.0,0.0,3.1401,-0.043,0.10324,0.0,0.0,-1.0,0.0,0.0,103.0,452.0
72788.0,0.0,3.1416,0.009,0.10324,0.0,0.0,-1.0,0.0,0.0,103.0,472.0
72798.0,0.0,3.1416,0.033,0.10324,0.0,0.0,-1.0,0.0,0.0,103.0,480.0
72808.0,0.0,3.1401,0.006,0.10324,0.0,0.0,-1.0,0.0,0.0,103.0,482.0
72818.0,0.0,3.1416,0.001,0.10324,0.0,0.0,-1.0,0.0,0.0,103.0,464.0
72829.0,0.0,3.1416,0.015,0.10324,0.0,0.0,-1.0,0.0,0.0,103.0,476.0
72839.0,0.0,3.1401,-0.056,0.10324,0.0,0.0,-1.0,0.0,0.0,103.0,488.0
72849.0,0.0,3.1416,-0.002,0.10324,0.0,0.0,-1.0,0.0,0.0,103.0,480.0
72860.0,0.0,3.1416,0.031,0.10324,0.0,0.0,-1.0,0.0,0.0,103.0,488.0
72870.0,0.0,3.1416,-0.004,0.10324,0.0,0.0,-1.0,0.0,0.0,103.0,472.0
72880.0,0.0,3.1416,0.014,0.10324,0.0,0.0,-1.0,0.0,0.0,103.0,476.0
72890.0,0.0,3.1416,0.004,0.10324,0.0,0.0,-1.0,0.0,0.0,103.0,462.0
72900.0,0.0,3.1416,0.017,0.10324,0.0,0.0,-1.0,0.0,0.0,103.0,488.0
72911.0,0.0,3.1401,-0.054,0.10324,0.0,0.0,-1.0,0.0,0.0,103.0,462.0
72921.0,0.0,3.1401,-0.002,0.10324,0.0,0.0,-1.0,0.0,0.0,103.0,488.0
72931.0,0.0,3.1416,0.017,0.10324,0.0,0.0,-1.0,0.0,0.0,103.0,482.0
72941.0,0.0,3.1401,0.0,0.10324,0.0,0.0,-1.0,0.0,0.0,103.0,457.0
72951.0,0.0,3.1401,-0.02,0.10324,0.0,0.0,-1.0,0.0,0.0,103.0,490.0
72961.0,0.0,3.1401,-0.016,0.10324,0.0,0.0,-1.0,0.0,0.0,103.0,462.0
72971.0,0.0,3.1401,-0.006,0.10324,0.0,0.0,-1.0,0.0,0.0,103.0,480.0
72981.0,0.0,3.1416,0.027,0.10324,0.0,0.0,-1.0,0.0,0.0,103.0,457.0
72992.0,0.0,3.1401,-0.004,0.10324,0.0,0.0,-1.0,0.0,0.0,103.0,473.0
73002.0,0.0,3.1416,0.023,0.10324,0.0,0.0,-1.0,0.0,0.0,103.0,462.0
73012.0,0.0,3.1416,-0.024,0.10324,0.0,0.0,-1.0,0.0,0.0,103.0,462.0
73022.0,0.0,3.1401,-0.013,0.10324,0.0,0.0,-1.0,0.0,0.0,103.0,488.0
73032.0,0.0,3.1416,0.034,0.10324,0.0,0.0,-1.0,0.0,0.0,103.0,462.0
73043.0,0.0,3.1401,-0.025,0.10324,0.0,0.0,-1.0,0.0,0.0,103.0,480.0
73053.0,0.0,3.1416,0.001,0.10324,0.0,0.0,-1.0,0.0,0.0,103.0,490.0
73063.0,0.0,3.1401,-0.007,0.10324,0.0,0.0,-1.0,0.0,0.0,103.0,490.0
73073.0,0.0,3.1416,0.016,0.10324,0.0,0.0,-1.0,0.0,0.0,103.0,488.0
73083.0,0.0,3.1416,0.013,0.10324,0.0,0.0,-1.0,0.0,0.0,103.0,456.0
73094.0,0.0,3.1401,0.006,0.10324,0.0,0.0,-1.0,0.0,0.0,103.0,480.0
73104.0,0.0,3.1401,-0.028,0.10324,0.0,0.0,-1.0,0.0,0.0,103.0,488.0
73114.0,0.0,3.1401,0.003,0.10324,0.0,0.0,-1.0,0.0,0.0,103.0,472.0
73124.0,0.0,3.1416,0.021,0.10324,0.0,0.0,-1.0,0.0,0.0,103.0,480.0
73134.0,0.0,3.1401,0.004,0.10324,0.0,0.0,-1.0,0.0,0.0,103.0,464.0
73145.0,0.0,3.1401,0.001,0.10324,0.0,0.0,-1.0,0.0,0.0,103.0,490.0
73155.0,0.0,3.1401,0.016,0.10324,0.0,0.0,-1.0,0.0,0.0,103.0,464.0
73165.0,0.0,3.1416,0.01,0.10324,0.0,0.0,-1.0,0.0,0.0,103.0,473.0
73175.0,0.0,3.1401,0.004,0.10324,0.0,0.0,-1.0,0.0,0.0,103.0,480.0
73185.0,0.0,3.1416,0.028,0.10324,0.0,0.0,-1.0,0.0,0.0,103.0,465.0
73195.0,0.0,3.1401,-0.023,0.10324,0.0,0.0,-1.0,0.0,0.0,103.0,462.0
73205.0,0.0,3.1416,0.011,0.10324,0.0,0.0,-1.0,0.0,0.0,103.0,488.0
73216.0,0.0,3.1416,0.006,0.10324,0.0,0.0,-1.0,0.0,0.0,103.0,472.0
73226.0,0.0,3.1401,-0.022,0.10324,0.0,0.0,-1.0,0.0,0.0,103.0,462.0
73236.0,0.0,3.1416,0.027,0.10324,0.0,0.0,-1.0,0.0,0.0,103.0,462.0
73246.0,0.0,3.1416,0.003,0.10324,0.0,0.0,-1.0,0.0,0.0,103.0,482.0
73257.0,0.0,3.1401,-0.022,0.10324,0.0,0.0,-1.0,0.0,0.0,103.0,476.0
73267.0,0.0,3.1416,0.014,0.10324,0.0,0.0,-1.0,0.0,0.0,103.0,463.0
73277.0,0.0,3.1401,-0.01,0.10324,0.0,0.0,-1.0,0.0,0.0,103.0,488.0
73287.0,0.0,3.1416,0.003,0.10324,0.0,0.0,-1.0,0.0,0.0,103.0,488.0
73297.0,0.0,3.1416,0.04,0.10324,0.0,0.0,-1.0,0.0,0.0,103.0,462.0
73308.0,0.0,3.1416,0.024,0.10324,0.0,0.0,-1.0,0.0,0.0,103.0,480.0
73318.0,0.0,3.1401,-0.032,0.10324,0.0,0.0,-1.0,0.0,0.0,103.0,462.0
73328.0,0.0,3.1401,-0.025,0.10324,0.0,0.0,-1.0,0.0,0.0,103.0,462.0
73338.0,0.0,3.1416,0.002,0.10324,0.0,0.0,-1.0,0.0,0.0,103.0,488.0
73348.0,0.0,3.1401,0.019,0.10324,0.0,0.0,-1.0,0.0,0.0,103.0,488.0
73359.0,0.0,3.1401,-0.017,0.10324,0.0,0.0,-1.0,0.0,0.0,103.0,462.0
73369.0,0.0,3.1416,0.007,0.10324,0.0,0.0,-1.0,0.0,0.0,103.0,462.0
73379.0,0.0,3.1416,-0.005,0.10324,0.0,0.0,-1.0,0.0,0.0,103.0,488.0
73389.0,0.0,3.1416,-0.003,0.10324,0.0,0.0,-1.0,0.0,0.0,103.0,480.0
73400.0,0.0,3.1416,-0.01,0.10324,0.0,0.0,-1.0,0.0,0.0,103.0,463.0
73410.0,0.0,3.1416,0.033,0.10324,0.0,0.0,-1.0,0.0,0.0,103.0,482.0
73420.0,0.0,3.1416,0.022,0.10324,0.0,0.0,-1.0,0.0,0.0,103.0,457.0
73430.0,0.0,3.1401,-0.026,0.10324,0.0,0.0,-1.0,0.0,0.0,103.0,464.0
73440.0,0.0,3.1401,-0.023,0.10324,0.0,0.0,-1.0,0.0,0.0,103.0,463.0
73450.0,0.0,3.1401,-0.005,0.10324,0.0,0.0,-1.0,0.0,0.0,103.0,472.0
73461.0,0.0,3.1416,-0.001,0.10324,0.0,0.0,-1.0,0.0,0.0,103.0,474.0
73471.0,0.0,3.1416,0.006,0.10324,0.0,0.0,-1.0,0.0,0.0,103.0,481.0
73481.0,0.0,3.1416,-0.012,0.10324,0.0,0.0,-1.0,0.0,0.0,103.0,462.0
73491.0,0.0,3.1401,-0.025,0.10324,0.0,0.0,-1.0,0.0,0.0,103.0,473.0
73501.0,0.0,3.1416,0.019,0.10324,0.0,0.0,-1.0,0.0,0.0,103.0,456.0
73511.0,0.0,3.1401,-0.018,0.10324,0.0,0.0,-1.0,0.0,0.0,103.0,462.0
73521.0,0.0,3.1401,0.016,0.10324,0.0,0.0,-1.0,0.0,0.0,103.0,480.0
73532.0,0.0,3.1416,0.024,0.10324,0.0,0.0,-1.0,0.0,0.0,103.0,462.0
73542.0,0.0,3.1416,-0.003,0.10324,0.0,0.0,-1.0,0.0,0.0,103.0,474.0
73552.0,0.0,3.1416,-0.015,0.10324,0.0,0.0,-1.0,0.0,0.0,103.0,462.0
73562.0,0.0,3.1401,-0.034,0.10324,0.0,0.0,-1.0,0.0,0.0,103.0,462.0
73572.0,0.0,3.1401,-0.018,0.10324,0.0,0.0,-1.0,0.0,0.0,103.0,473.0
73582.0,0.0,3.1401,-0.015,0.10324,0.0,0.0,-1.0,0.0,0.0,103.0,480.0
73592.0,0.0,3.1401,0.03,0.10324,0.0,0.0,-1.0,0.0,0.0,103.0,457.0
73603.0,0.0,3.1401,-0.022,0.10324,0.0,0.0,-1.0,0.0,0.0,103.0,488.0
73613.0,0.0,3.1401,-0.021,0.10324,0.0,0.0,-1.0,0.0,0.0,103.0,457.0
73623.0,0.0,3.1401,-0.03,0.10324,0.0,0.0,-1.0,0.0,0.0,103.0,482.0
73633.0,0.0,3.1401,-0.017,0.10324,0.0,0.0,-1.0,0.0,0.0,103.0,488.0
73644.0,0.0,3.1416,0.028,0.10324,0.0,0.0,-1.0,0.0,0.0,103.0,488.0
73654.0,0.0,3.1416,-0.014,0.10324,0.0,0.0,-1.0,0.0,0.0,103.0,465.0
73664.0,0.0,3.1401,-0.004,0.10324,0.0,0.0,-1.0,0.0,0.0,103.0,480.0
73674.0,0.0,3.1416,0.025,0.10324,0.0,0.0,-1.0,0.0,0.0,103.0,480.0
73685.0,0.0,3.1416,0.024,0.10324,0.0,0.0,-1.0,0.0,0.0,103.0,463.0
73695.0,0.0,3.1416,0.012,0.10324,0.0,0.0,-1.0,0.0,0.0,103.0,462.0
73705.0,0.0,3.1416,0.033,0.10324,0.0,0.0,-1.0,0.0,0.0,103.0,463.0
73715.0,0.0,3.1401,-0.04,0.10324,0.0,0.0,-1.0,0.0,0.0,103.0,462.0
73726.0,0.0,3.1401,-0.013,0.10324,0.0,0.0,-1.0,0.0,0.0,103.0,462.0
73736.0,0.0,3.1416,0.013,0.10324,0.0,0.0,-1.0,0.0,0.0,103.0,488.0
73746.0,0.0,3.1401,-0.021,0.10324,0.0,0.0,-1.0,0.0,0.0,103.0,488.0
73756.0,0.0,3.1416,-0.004,0.10324,0.0,0.0,-1.0,0.0,0.0,103.0,452.0
73766.0,0.0,3.1401,-0.024,0.10324,0.0,0.0,-1.0,0.0,0.0,103.0,462.0
73776.0,0.0,3.1416,0.014,0.10324,0.0,0.0,-1.0,0.0,0.0,103.0,464.0
73786.0,0.0,3.1401,-0.003,0.10324,0.0,0.0,-1.0,0.0,0.0,103.0,476.0
73796.0,0.0,3.1416,0.018,0.10324,0.0,0.0,-1.0,0.0,0.0,103.0,482.0
73806.0,0.0,3.1416,0.01,0.10324,0.0,0.0,-1.0,0.0,0.0,103.0,462.0
73816.0,0.0,3.1401,-0.019,0.10324,0.0,0.0,-1.0,0.0,0.0,103.0,488.0
73826.0,0.0,3.1401,-0.004,0.10324,0.0,0.0,-1.0,0.0,0.0,103.0,481.0
73837.0,0.0,3.1416,0.011,0.10324,0.0,0.0,-1.0,0.0,0.0,103.0,482.0
73847.0,0.0,3.1416,0.013,0.10324,0.0,0.0,-1.0,0.0,0.0,103.0,474.0
73857.0,0.0,3.1401,-0.018,0.10324,0.0,0.0,-1.0,0.0,0.0,103.0,456.0
73867.0,0.0,3.1401,-0.01,0.10324,0.0,0.0,-1.0,0.0,0.0,103.0,488.0
73877.0,0.0,3.1401,-0.03,0.10324,0.0,0.0,-1.0,0.0,0.0,103.0,463.0
73888.0,0.0,3.1401,-0.01,0.10324,0.0,0.0,-1.0,0.0,0.0,103.0,476.0
73898.0,0.0,3.1416,0.038,0.10324,0.0,0.0,-1.0,0.0,0.0,103.0,476.0
73908.0,0.0,3.1416,0.017,0.10324,0.0,0.0,-1.0,0.0,0.0,103.0,462.0
73918.0,0.0,3.1401,-0.013,0.10324,0.0,0.0,-1.0,0.0,0.0,103.0,462.0
73928.0,0.0,3.1401,-0.03,0.10324,0.0,0.0,-1.0,0.0,0.0,103.0,465.0
73939.0,0.0,3.1416,0.034,0.10324,0.0,0.0,-1.0,0.0,0.0,103.0,462.0
73949.0,0.0,3.1416,0.009,0.10324,0.0,0.0,-1.0,0.0,0.0,103.0,490.0
73959.0,0.0,3.1416,0.015,0.10324,0.0,0.0,-1.0,0.0,0.0,103.0,488.0
73969.0,0.0,3.1401,-0.03,0.10324,0.0,0.0,-1.0,0.0,0.0,103.0,482.0
73979.0,0.0,3.1416,0.03,0.10324,0.0,0.0,-1.0,0.0,0.0,103.0,482.0
73989.0,0.0,3.1401,-0.019,0.10324,0.0,0.0,-1.0,0.0,0.0,103.0,456.0
73999.0,0.0,3.1416,0.02,0.10324,0.0,0.0,-1.0,0.0,0.0,103.0,457.0
74010.0,0.0,3.1401,-0.029,0.10324,0.0,0.0,-1.0,0.0,0.0,103.0,482.0
74020.0,0.0,3.1416,0.052,0.10324,0.0,0.0,-1.0,0.0,0.0,103.0,488.0
74030.0,0.0,3.1401,0.0,0.10324,0.0,0.0,-1.0,0.0,0.0,103.0,482.0
74041.0,0.0,3.1401,-0.02,0.10324,0.0,0.0,-1.0,0.0,0.0,103.0,476.0
74051.0,0.0,3.1416,0.033,0.10324,0.0,0.0,-1.0,0.0,0.0,103.0,476.0
74061.0,0.0,3.1416,0.013,0.10324,0.0,0.0,-1.0,0.0,0.0,103.0,488.0
74071.0,0.0,3.1416,0.018,0.10324,0.0,0.0,-1.0,0.0,0.0,103.0,472.0
74082.0,0.0,3.1401,-0.013,0.10324,0.0,0.0,-1.0,0.0,0.0,103.0,468.0
74092.0,0.0,3.1401,-0.03,0.10324,0.0,0.0,-1.0,0.0,0.0,103.0,473.0
74102.0,0.0,3.1416,0.011,0.10324,0.0,0.0,-1.0,0.0,0.0,103.0,457.0
74112.0,0.0,3.1416,0.014,0.10324,0.0,0.0,-1.0,0.0,0.0,103.0,476.0
74122.0,0.0,3.1416,0.024,0.10324,0.0,0.0,-1.0,0.0,0.0,103.0,480.0
74132.0,0.0,3.1416,-0.021,0.10324,0.0,0.0,-1.0,0.0,0.0,103.0,464.0
74143.0,0.0,3.1416,0.014,0.10324,0.0,0.0,-1.0,0.0,0.0,103.0,462.0
74153.0,0.0,3.1401,-0.011,0.10324,0.0,0.0,-1.0,0.0,0.0,103.0,462.0
74164.0,0.0,3.1401,-0.032,0.10324,0.0,0.0,-1.0,0.0,0.0,103.0,462.0
74174.0,0.0,3.1416,0.047,0.10324,0.0,0.0,-1.0,0.0,0.0,103.0,480.0
74184.0,0.0,-3.1401,0.125,0.10324,0.0,0.0,-1.0,0.0,0.0,103.0,462.0
74194.0,0.0,3.1416,0.001,0.10324,0.0,0.0,-1.0,0.0,0.0,103.0,488.0
74204.0,0.0,3.1401,-0.097,0.10324,0.0,0.0,-1.0,0.0,0.0,103.0,468.0
74214.0,0.0,3.1401,-0.059,0.10324,0.0,0.0,-1.0,0.0,0.0,103.0,480.0
74225.0,0.0,-3.1401,0.052,0.10324,0.0,0.0,-1.0,0.0,0.0,103.0,480.0
74235.0,0.0,-3.1324,0.427,0.10324,0.0,0.0,-1.0,0.0,0.0,103.0,480.0
74245.0,0.0,-3.1355,0.21,0.10324,0.0,0.0,-1.0,0.0,0.0,103.0,462.0
74255.0,1.0,3.1416,-0.233,0.10324,0.0,0.0,-1.0,0.0,0.0,103.0,468.0
74266.0,1.0,3.1401,-0.313,0.10324,0.0,0.0,-1.0,0.0,0.0,103.0,465.0
74276.0,1.0,3.1401,-0.148,0.10324,0.0,0.0,-1.0,0.0,0.0,103.0,459.0
74286.0,1.0,-3.1355,0.285,0.10324,0.0,0.0,-1.0,0.0,0.0,103.0,487.0
74296.0,1.0,-3.1309,0.454,0.10324,0.0,0.0,-1.0,0.0,0.0,103.0,489.0
74306.0,1.0,-3.1355,0.098,0.10324,0.0,0.0,-1.0,0.0,0.0,103.0,496.0
74316.0,1.0,3.1401,-0.437,0.10324,0.0,0.0,-1.0,0.0,0.0,103.0,463.0
74327.0,1.0,3.1401,-0.327,0.10324,0.0,0.0,-1.0,0.0,0.0,103.0,496.0
74337.0,1.0,-3.1401,-0.062,0.10324,0.0,0.0,-1.0,0.0,0.0,103.0,483.0
74347.0,1.0,-3.1247,0.749,0.10324,0.0,0.0,-1.0,0.0,0.0,103.0,464.0
74357.0,1.0,-3.1201,0.749,0.10324,0.0,0.0,-1.0,0.0,0.0,103.0,496.0
74368.0,1.0,-3.1263,0.145,0.10324,0.0,0.0,-1.0,0.0,0.0,103.0,488.0
74378.0,1.0,-3.1401,-0.702,0.10324,0.0,0.0,-1.0,0.0,0.0,103.0,496.0
74388.0,1.0,3.1385,-0.73,0.10324,0.0,0.0,-1.0,0.0,0.0,103.0,496.0
74398.0,1.0,3.1401,-0.277,0.10324,0.0,0.0,-1.0,0.0,0.0,103.0,464.0
74408.0,1.0,-3.1293,0.537,0.10324,0.0,0.0,-1.0,0.0,0.0,103.0,483.0
74419.0,1.0,-3.114,1.072,0.10324,0.0,0.0,-1.0,0.0,0.0,103.0,488.0
74429.0,1.0,-3.1094,0.927,0.10324,0.0,0.0,-1.0,0.0,0.0,103.0,497.0
74439.0,1.0,-3.1063,0.593,0.10324,0.0,0.0,-1.0,0.0,0.0,103.0,483.0
74449.0,1.0,-3.1094,0.183,0.10324,0.0,0.0,-1.0,0.0,0.0,103.0,483.0
74459.0,1.0,-3.1201,-0.456,0.10324,0.0,0.0,-1.0,0.0,0.0,103.0,497.0
74469.0,1.0,-3.1401,-1.238,0.10324,0.0,0.0,-1.0,0.0,0.0,103.0,496.0
74479.0,1.0,3.1385,-1.044,0.10324,0.0,0.0,-1.0,0.0,0.0,103.0,489.0
74489.0,1.0,3.1416,-0.394,0.10324,0.0,0.0,-1.0,0.0,0.0,103.0,496.0
74500.0,1.0,-3.1201,0.81,0.10324,0.0,0.0,-1.0,0.0,0.0,103.0,466.0
74510.0,1.0,-3.1048,1.407,0.10324,0.0,0.0,-1.0,0.0,0.0,103.0,465.0
74520.0,1.0,-3.0894,1.512,0.10324,0.0,0.0,-1.0,0.0,0.0,103.0,496.0
74530.0,1.0,-3.0818,1.241,0.10324,0.0,0.0,-1.0,0.0,0.0,103.0,496.0
74540.0,1.0,-3.0864,0.375,0.10324,0.0,0.0,-1.0,0.0,0.0,103.0,465.0
74550.0,1.0,-3.1032,-0.623,0.10324,0.0,0.0,-1.0,0.0,0.0,103.0,465.0
74560.0,1.0,-3.1339,-1.891,0.10324,0.0,0.0,-1.0,0.0,0.0,103.0,495.0
74570.0,1.0,3.1385,-1.882,0.10324,0.0,0.0,-1.0,0.0,0.0,103.0,496.0
74581.0,1.0,3.1385,-0.903,0.10324,0.0,0.0,-1.0,0.0,0.0,103.0,496.0
74591.0,1.0,-3.1293,0.335,0.10324,0.0,0.0,-1.0,0.0,0.0,103.0,495.0
74601.0,1.0,-3.1201,0.84,0.10324,0.0,0.0,-1.0,0.0,0.0,103.0,497.0
74611.0,1.0,-3.1247,0.348,0.10324,0.0,0.0,-1.0,0.0,0.0,103.0,496.0
74621.0,1.0,-3.1324,-0.31,0.10324,0.0,0.0,-1.0,0.0,0.0,103.0,464.0
74631.0,1.0,-3.1401,-0.569,0.10324,0.0,0.0,-1.0,0.0,0.0,103.0,475.0
74642.0,1.0,3.1401,-0.518,0.10324,0.0,0.0,-1.0,0.0,0.0,103.0,488.0
74652.0,1.0,3.1401,-0.24,0.10324,0.0,0.0,-1.0,0.0,0.0,103.0,497.0
74662.0,1.0,3.1416,-0.056,0.10324,0.0,0.0,-1.0,0.0,0.0,103.0,496.0
74672.0,1.0,3.1401,-0.03,0.10324,0.0,0.0,-1.0,0.0,0.0,103.0,496.0
74682.0,1.0,3.1416,0.023,0.10324,0.0,0.0,-1.0,0.0,0.0,103.0,496.0
74693.0,1.0,3.1416,0.043,0.10324,0.0,0.0,-1.0,0.0,0.0,103.0,495.0
74703.0,1.0,3.1416,0.021,0.10324,0.0,0.0,-1.0,0.0,0.0,103.0,496.0
74713.0,1.0,3.1401,-0.082,0.10324,0.0,0.0,-1.0,0.0,0.0,103.0,495.0
74723.0,1.0,3.1401,-0.045,0.10324,0.0,0.0,-1.0,0.0,0.0,103.0,465.0
74733.0,1.0,-3.137,0.176,0.10324,0.0,0.0,-1.0,0.0,0.0,103.0,496.0
74743.0,1.0,-3.1324,0.458,0.10324,0.0,0.0,-1.0,0.0,0.0,103.0,496.0
74754.0,1.0,-3.1324,0.272,0.10324,0.0,0.0,-1.0,0.0,0.0,103.0,464.0
74764.0,1.0,-3.1385,-0.095,0.10324,0.0,0.0,-1.0,0.0,0.0,103.0,496.0
74774.0,1.0,3.1401,-0.418,0.10324,0.0,0.0,-1.0,0.0,0.0,103.0,497.0
74784.0,1.0,3.1401,-0.259,0.10324,0.0,0.0,-1.0,0.0,0.0,103.0,496.0
74794.0,1.0,-3.1385,0.054,0.10324,0.0,0.0,-1.0,0.0,0.0,103.0,459.0
74804.0,1.0,-3.1278,0.61,0.10324,0.0,0.0,-1.0,0.0,0.0,103.0,465.0
74814.0,1.0,-3.1232,0.626,0.10324,0.0,0.0,-1.0,0.0,0.0,103.0,465.0
74824.0,1.0,-3.1293,0.116,0.10324,0.0,0.0,-1.0,0.0,0.0,103.0,496.0
74835.0,1.0,-3.1401,-0.557,0.10324,0.0,0.0,-1.0,0.0,0.0,103.0,464.0
74845.0,1.0,3.1401,-0.598,0.10324,0.0,0.0,-1.0,0.0,0.0,103.0,463.0
74855.0,1.0,3.1416,-0.261,0.10324,0.0,0.0,-1.0,0.0,0.0,103.0,495.0
74865.0,1.0,-3.1293,0.492,0.10324,0.0,0.0,-1.0,0.0,0.0,103.0,459.0
74875.0,1.0,-3.1217,0.749,0.10324,0.0,0.0,-1.0,0.0,0.0,103.0,465.0
74885.0,1.0,-3.1232,0.38,0.10324,0.0,0.0,-1.0,0.0,0.0,103.0,464.0
74896.0,1.0,-3.1324,-0.28,0.10324,0.0,0.0,-1.0,0.0,0.0,103.0,465.0
74906.0,1.0,3.1401,-0.779,0.10324,0.0,0.0,-1.0,0.0,0.0,103.0,465.0
74916.0,1.0,3.1401,-0.455,0.10324,0.0,0.0,-1.0,0.0,0.0,103.0,496.0
74926.0,1.0,-3.137,-0.016,0.10324,0.0,0.0,-1.0,0.0,0.0,103.0,489.0
74936.0,1.0,-3.1293,0.541,0.10324,0.0,0.0,-1.0,0.0,0.0,103.0,465.0
74946.0,1.0,-3.1309,0.289,0.10324,0.0,0.0,-1.0,0.0,0.0,103.0,496.0
74957.0,1.0,-3.1401,-0.29,0.10324,0.0,0.0,-1.0,0.0,0.0,103.0,471.0
74967.0,1.0,3.1401,-0.475,0.10324,0.0,0.0,-1.0,0.0,0.0,103.0,495.0
74977.0,1.0,3.1416,-0.228,0.10324,0.0,0.0,-1.0,0.0,0.0,103.0,465.0
74987.0,1.0,-3.137,0.135,0.10324,0.0,0.0,-1.0,0.0,0.0,103.0,496.0
74997.0,1.0,-3.137,0.215,0.10324,0.0,0.0,-1.0,0.0,0.0,103.0,495.0
75007.0,1.0,-3.1401,-0.076,0.10324,0.0,0.0,-1.0,0.0,0.0,103.0,496.0
75018.0,1.0,3.1416,-0.185,0.10324,0.0,0.0,-1.0,0.0,0.0,103.0,495.0
75028.0,1.0,3.1416,-0.073,0.10324,0.0,0.0,-1.0,0.0,0.0,103.0,488.0
75038.0,1.0,-3.137,0.198,0.10324,0.0,0.0,-1.0,0.0,0.0,103.0,496.0
75048.0,1.0,-3.1401,0.016,0.10324,0.0,0.0,-1.0,0.0,0.0,103.0,475.0
75058.0,1.0,3.1401,-0.176,0.10324,0.0,0.0,-1.0,0.0,0.0,103.0,459.0
75069.0,1.0,3.1416,-0.082,0.10324,0.0,0.0,-1.0,0.0,0.0,103.0,465.0
75079.0,1.0,-3.1385,0.1,0.10324,0.0,0.0,-1.0,0.0,0.0,103.0,488.0
75089.0,1.0,-3.137,0.253,0.10324,0.0,0.0,-1.0,0.0,0.0,103.0,496.0
75099.0,1.0,-3.1401,-0.029,0.10324,0.0,0.0,-1.0,0.0,0.0,103.0,496.0
75109.0,1.0,3.1401,-0.241,0.10324,0.0,0.0,-1.0,0.0,0.0,103.0,495.0
75119.0,1.0,3.1416,-0.124,0.10324,0.0,0.0,-1.0,0.0,0.0,103.0,463.0
75129.0,1.0,-3.137,0.14,0.10324,0.0,0.0,-1.0,0.0,0.0,103.0,459.0
75139.0,1.0,-3.1355,0.279,0.10324,0.0,0.0,-1.0,0.0,0.0,103.0,489.0
75149.0,1.0,-3.1401,-0.027,0.10324,0.0,0.0,-1.0,0.0,0.0,103.0,496.0
75160.0,1.0,3.1401,-0.229,0.10324,0.0,0.0,-1.0,0.0,0.0,103.0,465.0
75170.0,1.0,3.1401,-0.169,0.10324,0.0,0.0,-1.0,0.0,0.0,103.0,475.0
75180.0,1.0,-3.1401,0.027,0.10324,0.0,0.0,-1.0,0.0,0.0,103.0,497.0
75190.0,1.0,-3.1355,0.285,0.10324,0.0,0.0,-1.0,0.0,0.0,103.0,465.0
75200.0,1.0,-3.1401,-0.003,0.10324,0.0,0.0,-1.0,0.0,0.0,103.0,465.0
75210.0,1.0,3.1401,-0.22,0.10324,0.0,0.0,-1.0,0.0,0.0,103.0,482.0
75220.0,1.0,3.1401,-0.137,0.10324,0.0,0.0,-1.0,0.0,0.0,103.0,489.0
75230.0,1.0,-3.1401,0.033,0.10324,0.0,0.0,-1.0,0.0,0.0,103.0,459.0
75240.0,1.0,-3.1401,0.128,0.10324,0.0,0.0,-1.0,0.0,0.0,103.0,464.0
75251.0,1.0,3.1416,-0.027,0.10324,0.0,0.0,-1.0,0.0,0.0,103.0,465.0
75261.0,1.0,3.1416,-0.092,0.10324,0.0,0.0,-1.0,0.0,0.0,103.0,481.0
75271.0,1.0,3.1416,-0.014,0.10324,0.0,0.0,-1.0,0.0,0.0,103.0,465.0
75281.0,1.0,3.1416,0.005,0.10324,0.0,0.0,-1.0,0.0,0.0,103.0,496.0
75292.0,1.0,3.1416,-0.003,0.10324,0.0,0.0,-1.0,0.0,0.0,103.0,496.0
75302.0,1.0,3.1416,0.005,0.10324,0.0,0.0,-1.0,0.0,0.0,103.0,465.0
75312.0,1.0,3.1416,0.003,0.10324,0.0,0.0,-1.0,0.0,0.0,103.0,495.0
75322.0,1.0,3.1416,0.001,0.10324,0.0,0.0,-1.0,0.0,0.0,103.0,496.0
75332.0,1.0,3.1401,-0.024,0.10324,0.0,0.0,-1.0,0.0,0.0,103.0,496.0
75343.0,1.0,3.1401,-0.032,0.10324,0.0,0.0,-1.0,0.0,0.0,103.0,489.0
75353.0,1.0,3.1416,0.023,0.10305,-0.09,0.0,-1.0,0.0,0.0,103.0,511.0
75363.0,1.0,3.1416,0.022,0.10164,-0.15,0.0,-1.0,0.0,0.0,103.0,504.0
75373.0,1.0,3.1416,0.005,0.09994,-0.15,0.0,-1.0,0.0,0.0,103.0,482.0
75383.0,1.0,3.1416,-0.018,0.09839,-0.15,0.0,-1.0,0.0,0.0,103.0,504.0
75394.0,1.0,3.1416,0.009,0.09684,-0.15,0.0,-1.0,0.0,0.0,103.0,504.0
75404.0,1.0,3.1416,0.019,0.09529,-0.15,0.0,-1.0,0.0,0.0,103.0,504.0
75414.0,1.0,3.1401,-0.028,0.09375,-0.15,0.0,-1.0,0.0,0.0,103.0,504.0
75424.0,1.0,3.1416,-0.014,0.0922,-0.15,0.0,-1.0,0.0,0.0,103.0,481.0
75434.0,1.0,3.1401,-0.01,0.0905,-0.15,0.0,-1.0,0.0,0.0,103.0,488.0
75445.0,1.0,3.1401,-0.012,0.08895,-0.15,0.0,-1.0,0.0,0.0,103.0,481.0
75455.0,1.0,3.1416,-0.01,0.0874,-0.15,0.0,-1.0,0.0,0.0,103.0,487.0
75465.0,1.0,3.1416,0.011,0.08585,-0.15,0.0,-1.0,0.0,0.0,103.0,476.0
75475.0,1.0,3.1416,0.018,0.08415,-0.15,0.0,-1.0,0.0,0.0,103.0,482.0
75485.0,1.0,3.1416,0.008,0.0826,-0.15,0.0,-1.0,0.0,0.0,103.0,489.0
75496.0,1.0,3.1416,-0.028,0.08105,-0.15,0.0,-1.0,0.0,0.0,103.0,486.0
75506.0,1.0,3.1416,-0.01,0.0795,-0.15,0.0,-1.0,0.0,0.0,103.0,480.0
75516.0,1.0,3.1416,0.009,0.0778,-0.15,0.0,-1.0,0.0,0.0,103.0,475.0
75527.0,1.0,3.1416,0.015,0.07625,-0.15,0.0,-1.0,0.0,0.0,103.0,475.0
75537.0,1.0,3.1416,-0.019,0.0747,-0.15,0.0,-1.0,0.0,0.0,103.0,481.0
75547.0,1.0,3.1416,0.012,0.07315,-0.15,0.0,-1.0,0.0,0.0,103.0,480.0
75557.0,1.0,3.1416,0.011,0.07144,-0.15,0.0,-1.0,0.0,0.0,103.0,504.0
75568.0,1.0,3.1416,0.005,0.06989,-0.15,0.0,-1.0,0.0,0.0,103.0,504.0
75578.0,1.0,3.1416,0.0,0.06835,-0.15,0.0,-1.0,0.0,0.0,103.0,476.0
75588.0,1.0,3.1416,-0.014,0.0668,-0.15,0.0,-1.0,0.0,0.0,103.0,487.0
75598.0,1.0,3.1416,0.006,0.06509,-0.132,0.0,-1.0,0.0,0.0,103.0,482.0
75608.0,1.0,3.1416,-0.029,0.06451,0.0,0.0,-1.0,0.0,0.0,103.0,464.0
75619.0,1.0,3.1416,0.014,0.06453,0.036,0.0,-1.0,0.0,0.0,103.0,504.0
75629.0,1.0,3.1401,-0.008,0.06564,0.15,0.0,-1.0,0.0,0.0,103.0,504.0
75639.0,1.0,3.1416,0.013,0.06719,0.15,0.0,-1.0,0.0,0.0,103.0,504.0
75649.0,1.0,3.1401,-0.036,0.06889,0.15,0.0,-1.0,0.0,0.0,103.0,473.0
75659.0,1.0,3.1416,0.004,0.07044,0.15,0.0,-1.0,0.0,0.0,103.0,480.0
75669.0,1.0,3.1416,0.016,0.07199,0.15,0.0,-1.0,0.0,0.0,103.0,504.0
75680.0,1.0,3.1401,-0.02,0.07354,0.15,0.0,-1.0,0.0,0.0,103.0,504.0
75690.0,1.0,3.1416,0.005,0.07509,0.15,0.0,-1.0,0.0,0.0,103.0,482.0
75700.0,1.0,3.1416,0.011,0.07664,0.15,0.0,-1.0,0.0,0.0,103.0,504.0
75710.0,1.0,3.1416,0.009,0.07819,0.15,0.0,-1.0,0.0,0.0,103.0,504.0
75720.0,1.0,3.1416,-0.012,0.07989,0.15,0.0,-1.0,0.0,0.0,103.0,480.0
75731.0,1.0,3.1416,-0.005,0.08144,0.15,0.0,-1.0,0.0,0.0,103.0,480.0
75741.0,1.0,3.1416,-0.006,0.08299,0.15,0.0,-1.0,0.0,0.0,103.0,504.0
75751.0,1.0,3.1416,0.018,0.08454,0.15,0.0,-1.0,0.0,0.0,103.0,504.0
75761.0,1.0,3.1416,-0.0,0.08624,0.15,0.0,-1.0,0.0,0.0,103.0,479.0
75771.0,1.0,3.1416,-0.019,0.08779,0.15,0.0,-1.0,0.0,0.0,103.0,504.0
75782.0,1.0,3.1416,0.008,0.08934,0.15,0.0,-1.0,0.0,0.0,103.0,504.0
75792.0,1.0,3.1416,0.014,0.09089,0.15,0.0,-1.0,0.0,0.0,103.0,505.0
75802.0,1.0,3.1416,0.007,0.09243,0.15,0.0,-1.0,0.0,0.0,103.0,488.0
75812.0,1.0,3.1416,-0.007,0.09398,0.15,0.0,-1.0,0.0,0.0,103.0,483.0
75822.0,1.0,3.1416,0.006,0.09569,0.15,0.0,-1.0,0.0,0.0,103.0,482.0
75833.0,1.0,3.1416,0.003,0.09723,0.15,0.0,-1.0,0.0,0.0,103.0,479.0
75843.0,1.0,3.1401,-0.023,0.09868,0.078,0.0,-1.0,0.0,0.0,103.0,504.0
75853.0,1.0,3.1416,0.003,0.09864,-0.102,0.0,-1.0,0.0,0.0,103.0,504.0
75863.0,1.0,3.1416,0.01,0.09703,-0.15,0.0,-1.0,0.0,0.0,103.0,504.0
75874.0,1.0,3.1416,-0.006,0.09549,-0.15,0.0,-1.0,0.0,0.0,103.0,488.0
75884.0,1.0,3.1416,0.006,0.09393,-0.15,0.0,-1.0,0.0,0.0,103.0,504.0
75894.0,1.0,3.1416,0.004,0.09239,-0.15,0.0,-1.0,0.0,0.0,103.0,475.0
75904.0,1.0,3.1416,0.019,0.09084,-0.15,0.0,-1.0,0.0,0.0,103.0,489.0
75914.0,1.0,3.1416,0.009,0.08929,-0.15,0.0,-1.0,0.0,0.0,103.0,504.0
75924.0,1.0,3.1416,0.003,0.08759,-0.15,0.0,-1.0,0.0,0.0,103.0,487.0
75934.0,1.0,3.1416,-0.027,0.08603,-0.15,0.0,-1.0,0.0,0.0,103.0,504.0
75945.0,1.0,3.1416,0.011,0.08449,-0.15,0.0,-1.0,0.0,0.0,103.0,487.0
75955.0,1.0,3.1416,0.008,0.08313,-0.06,0.0,-1.0,0.0,0.0,103.0,504.0
75965.0,1.0,3.1416,-0.01,0.08333,0.12,0.0,-1.0,0.0,0.0,103.0,504.0
75975.0,1.0,3.1416,-0.013,0.08483,0.15,0.0,-1.0,0.0,0.0,103.0,504.0
75985.0,1.0,3.1416,0.01,0.08653,0.15,0.0,-1.0,0.0,0.0,103.0,481.0
75995.0,1.0,3.1416,0.002,0.08808,0.15,0.0,-1.0,0.0,0.0,103.0,504.0
76006.0,1.0,3.1416,-0.017,0.08963,0.15,0.0,-1.0,0.0,0.0,103.0,481.0
76016.0,1.0,3.1416,0.014,0.09118,0.15,0.0,-1.0,0.0,0.0,103.0,504.0
76026.0,1.0,3.1416,0.008,0.09271,0.15,0.0,-1.0,0.0,0.0,103.0,475.0
76036.0,1.0,3.1416,0.003,0.09428,0.15,0.0,-1.0,0.0,0.0,103.0,504.0
76046.0,1.0,3.1416,0.001,0.09598,0.15,0.0,-1.0,0.0,0.0,103.0,505.0
76057.0,1.0,3.1416,0.002,0.09753,0.15,0.0,-1.0,0.0,0.0,103.0,504.0
76067.0,1.0,3.1416,0.003,0.09908,0.15,0.0,-1.0,0.0,0.0,103.0,504.0
76077.0,1.0,3.1416,-0.012,0.10078,0.15,0.0,-1.0,0.0,0.0,103.0,480.0
76087.0,1.0,3.1416,0.01,0.10233,0.15,0.0,-1.0,0.0,0.0,103.0,504.0
76098.0,1.0,3.1416,-0.005,0.10388,0.15,0.0,-1.0,0.0,0.0,103.0,482.0
76110.0,1.0,3.1416,-0.011,0.10573,0.15,0.0,-1.0,0.0,0.0,103.0,479.0
76120.0,1.0,3.1416,0.008,0.10645,-0.03,0.0,-1.0,0.0,0.0,103.0,513.0
76130.0,1.0,3.1416,0.002,0.10539,-0.15,0.0,-1.0,0.0,0.0,103.0,473.0
76140.0,1.0,3.1416,0.007,0.10384,-0.15,0.0,-1.0,0.0,0.0,103.0,481.0
76150.0,1.0,3.1416,-0.019,0.10214,-0.15,0.0,-1.0,0.0,0.0,103.0,476.0
76161.0,1.0,3.1416,0.009,0.10059,-0.15,0.0,-1.0,0.0,0.0,103.0,472.0
76171.0,1.0,3.1416,0.013,0.09904,-0.15,0.0,-1.0,0.0,0.0,103.0,475.0
76181.0,1.0,3.1416,0.003,0.09749,-0.15,0.0,-1.0,0.0,0.0,103.0,504.0
76191.0,1.0,3.1416,0.001,0.09579,-0.15,0.0,-1.0,0.0,0.0,103.0,488.0
76201.0,1.0,3.1416,0.012,0.09424,-0.15,0.0,-1.0,0.0,0.0,103.0,504.0
76213.0,1.0,3.1416,-0.005,0.09253,-0.15,0.0,-1.0,0.0,0.0,103.0,540.0
76223.0,1.0,3.1416,0.014,0.09181,0.03,0.0,-1.0,0.0,0.0,103.0,513.0
76233.0,1.0,3.1416,0.007,0.09303,0.15,0.0,-1.0,0.0,0.0,103.0,475.0
76243.0,1.0,3.1416,0.003,0.09458,0.15,0.0,-1.0,0.0,0.0,103.0,489.0
76253.0,1.0,3.1416,0.001,0.09613,0.15,0.0,-1.0,0.0,0.0,103.0,504.0
76264.0,1.0,3.1416,0.0,0.09768,0.15,0.0,-1.0,0.0,0.0,103.0,481.0
76274.0,1.0,3.1416,-0.017,0.09923,0.15,0.0,-1.0,0.0,0.0,103.0,480.0
76284.0,1.0,3.1416,0.007,0.10078,0.15,0.0,-1.0,0.0,0.0,103.0,510.0
76294.0,1.0,3.1416,0.005,0.10248,0.15,0.0,-1.0,0.0,0.0,103.0,475.0
76304.0,1.0,3.1416,0.002,0.10403,0.15,0.0,-1.0,0.0,0.0,103.0,487.0
76314.0,1.0,3.1416,-0.014,0.10558,0.15,0.0,-1.0,0.0,0.0,103.0,504.0
76325.0,1.0,3.1416,0.006,0.10713,0.15,0.0,-1.0,0.0,0.0,103.0,473.0
76335.0,1.0,3.1416,0.004,0.10868,0.15,0.0,-1.0,0.0,0.0,103.0,504.0
76345.0,1.0,3.1416,0.011,0.11023,0.15,0.0,-1.0,0.0,0.0,103.0,504.0
76355.0,1.0,3.1401,-0.019,0.11193,0.15,0.0,-1.0,0.0,0.0,103.0,480.0
76365.0,1.0,3.1416,-0.012,0.11348,0.15,0.0,-1.0,0.0,0.0,103.0,504.0
76376.0,1.0,3.1416,0.007,0.11503,0.15,0.0,-1.0,0.0,0.0,103.0,481.0
76386.0,1.0,3.1416,0.004,0.11658,0.15,0.0,-1.0,0.0,0.0,103.0,482.0
76396.0,1.0,3.1416,0.012,0.11813,0.15,0.0,-1.0,0.0,0.0,103.0,504.0
76406.0,1.0,3.1416,0.006,0.11968,0.15,0.0,-1.0,0.0,0.0,103.0,504.0
76416.0,1.0,3.1416,0.002,0.12123,0.15,0.0,-1.0,0.0,0.0,103.0,504.0
76426.0,1.0,3.1416,-0.012,0.12286,0.096,0.0,-1.0,0.0,0.0,103.0,504.0
76437.0,1.0,3.1416,-0.019,0.12304,-0.084,0.0,-1.0,0.0,0.0,103.0,504.0
76447.0,1.0,3.1416,0.01,0.12165,-0.15,0.0,-1.0,0.0,0.0,103.0,504.0
76457.0,1.0,3.1416,0.007,0.11995,-0.15,0.0,-1.0,0.0,0.0,103.0,476.0
76468.0,1.0,3.1416,0.002,0.1184,-0.15,0.0,-1.0,0.0,0.0,103.0,481.0
76478.0,1.0,3.1416,0.005,0.11685,-0.15,0.0,-1.0,0.0,0.0,103.0,474.0
76488.0,1.0,3.1416,0.009,0.11549,-0.06,0.0,-1.0,0.0,0.0,103.0,504.0
76498.0,1.0,3.1416,-0.013,0.11583,0.138,0.0,-1.0,0.0,0.0,103.0,480.0
76508.0,1.0,3.1416,0.001,0.11736,0.15,0.0,-1.0,0.0,0.0,103.0,504.0
76519.0,1.0,3.1416,0.013,0.11891,0.15,0.0,-1.0,0.0,0.0,103.0,504.0
76529.0,1.0,3.1416,-0.008,0.12046,0.15,0.0,-1.0,0.0,0.0,103.0,504.0
76539.0,1.0,3.1416,0.008,0.12201,0.15,0.0,-1.0,0.0,0.0,103.0,488.0
76549.0,1.0,3.1416,-0.014,0.12371,0.15,0.0,-1.0,0.0,0.0,103.0,481.0
76559.0,1.0,3.1416,0.016,0.12526,0.15,0.0,-1.0,0.0,0.0,103.0,482.0
76570.0,1.0,3.1416,0.013,0.1268,0.15,0.0,-1.0,0.0,0.0,103.0,479.0
76580.0,1.0,3.1416,0.006,0.12836,0.15,0.0,-1.0,0.0,0.0,103.0,504.0
76590.0,1.0,3.1416,-0.016,0.12991,0.15,0.0,-1.0,0.0,0.0,103.0,504.0
76600.0,1.0,3.1416,0.007,0.13161,0.15,0.0,-1.0,0.0,0.0,103.0,504.0
76611.0,1.0,3.1416,0.006,0.13315,0.15,0.0,-1.0,0.0,0.0,103.0,482.0
76621.0,1.0,3.1416,-0.038,0.13471,0.15,0.0,-1.0,0.0,0.0,103.0,504.0
76631.0,1.0,3.1416,0.013,0.13625,0.15,0.0,-1.0,0.0,0.0,103.0,473.0
76641.0,1.0,3.1416,0.012,0.1378,0.15,0.0,-1.0,0.0,0.0,103.0,501.0
76651.0,1.0,3.1416,0.005,0.1385,-0.048,0.0,-1.0,0.0,0.0,103.0,511.0
76662.0,1.0,3.1416,0.002,0.13731,-0.15,0.0,-1.0,0.0,0.0,103.0,481.0
76672.0,1.0,3.1416,0.003,0.13576,-0.15,0.0,-1.0,0.0,0.0,103.0,504.0
76682.0,1.0,3.1416,-0.0,0.13421,-0.15,0.0,-1.0,0.0,0.0,103.0,480.0
76692.0,1.0,3.1416,-0.035,0.13251,-0.15,0.0,-1.0,0.0,0.0,103.0,472.0
76702.0,1.0,3.1416,0.011,0.13096,-0.15,0.0,-1.0,0.0,0.0,103.0,504.0
76712.0,1.0,3.1401,-0.017,0.12941,-0.15,0.0,-1.0,0.0,0.0,103.0,504.0
76723.0,1.0,3.1416,0.012,0.12786,-0.15,0.0,-1.0,0.0,0.0,103.0,481.0
76733.0,1.0,3.1416,0.008,0.12631,-0.15,0.0,-1.0,0.0,0.0,103.0,504.0
76743.0,1.0,3.1416,-0.012,0.12476,-0.15,0.0,-1.0,0.0,0.0,103.0,500.0
76753.0,1.0,3.1416,0.014,0.12313,-0.096,0.0,-1.0,0.0,0.0,103.0,499.0
76763.0,1.0,3.1416,0.009,0.12296,0.084,0.0,-1.0,0.0,0.0,103.0,504.0
76774.0,1.0,3.1416,0.0,0.12434,0.15,0.0,-1.0,0.0,0.0,103.0,472.0
76784.0,1.0,3.1416,0.012,0.12589,0.15,0.0,-1.0,0.0,0.0,103.0,481.0
76794.0,1.0,3.1416,0.011,0.12744,0.15,0.0,-1.0,0.0,0.0,103.0,504.0
76804.0,1.0,3.1401,-0.017,0.12899,0.15,0.0,-1.0,0.0,0.0,103.0,482.0
76814.0,1.0,3.1416,-0.021,0.13054,0.15,0.0,-1.0,0.0,0.0,103.0,504.0
76824.0,1.0,3.1416,0.004,0.13224,0.15,0.0,-1.0,0.0,0.0,103.0,504.0
76834.0,1.0,3.1416,0.002,0.13379,0.15,0.0,-1.0,0.0,0.0,103.0,504.0
76845.0,1.0,3.1416,0.0,0.13534,0.15,0.0,-1.0,0.0,0.0,103.0,481.0
76855.0,1.0,3.1416,-0.005,0.13689,0.15,0.0,-1.0,0.0,0.0,103.0,504.0
76865.0,1.0,3.1416,0.012,0.13844,0.15,0.0,-1.0,0.0,0.0,103.0,484.0
76875.0,1.0,3.1416,0.012,0.14014,0.15,0.0,-1.0,0.0,0.0,103.0,477.0
76886.0,1.0,3.1416,0.007,0.14169,0.15,0.0,-1.0,0.0,0.0,103.0,473.0
76896.0,1.0,3.1416,0.005,0.14324,0.15,0.0,-1.0,0.0,0.0,103.0,473.0
76906.0,1.0,3.1416,0.001,0.14479,0.15,0.0,-1.0,0.0,0.0,103.0,504.0
76916.0,1.0,3.1416,-0.001,0.14634,0.15,0.0,-1.0,0.0,0.0,103.0,504.0
76926.0,1.0,3.1416,-0.005,0.14804,0.15,0.0,-1.0,0.0,0.0,103.0,472.0
76936.0,1.0,3.1416,0.021,0.14959,0.15,0.0,-1.0,0.0,0.0,103.0,504.0
76947.0,1.0,3.1416,0.01,0.15114,0.15,0.0,-1.0,0.0,0.0,103.0,504.0
76957.0,1.0,3.1416,0.006,0.15269,0.15,0.0,-1.0,0.0,0.0,103.0,504.0
76967.0,1.0,3.1416,-0.009,0.15439,0.15,0.0,-1.0,0.0,0.0,103.0,481.0
76978.0,1.0,3.1416,0.009,0.15565,0.042,0.0,-1.0,0.0,0.0,103.0,476.0
76988.0,1.0,3.1416,0.0,0.15526,-0.138,0.0,-1.0,0.0,0.0,103.0,504.0
76998.0,1.0,3.1416,0.0,0.15374,-0.15,0.0,-1.0,0.0,0.0,103.0,480.0
77008.0,1.0,3.1416,0.015,0.15204,-0.15,0.0,-1.0,0.0,0.0,103.0,494.0
77018.0,1.0,3.1416,0.016,0.15049,-0.15,0.0,-1.0,0.0,0.0,103.0,504.0
77028.0,1.0,3.1416,0.01,0.14905,-0.078,0.0,-1.0,0.0,0.0,103.0,504.0
77039.0,1.0,3.1416,0.006,0.14908,0.102,0.0,-1.0,0.0,0.0,103.0,504.0
77049.0,1.0,3.1416,0.004,0.15053,0.15,0.0,-1.0,0.0,0.0,103.0,488.0
77059.0,1.0,3.1401,-0.042,0.15208,0.15,0.0,-1.0,0.0,0.0,103.0,505.0
77069.0,1.0,3.1416,0.012,0.15363,0.15,0.0,-1.0,0.0,0.0,103.0,504.0
77079.0,1.0,3.1401,-0.012,0.15533,0.15,0.0,-1.0,0.0,0.0,103.0,504.0
77090.0,1.0,3.1416,0.006,0.15688,0.15,0.0,-1.0,0.0,0.0,103.0,503.0
77100.0,1.0,3.1416,-0.004,0.15841,0.15,0.0,-1.0,0.0,0.0,103.0,476.0
77110.0,1.0,3.1416,0.006,0.15998,0.15,0.0,-1.0,0.0,0.0,103.0,489.0
77120.0,1.0,3.1416,0.0,0.16168,0.15,0.0,-1.0,0.0,0.0,103.0,475.0
77130.0,1.0,3.1416,0.004,0.16323,0.15,0.0,-1.0,0.0,0.0,103.0,504.0
77141.0,1.0,3.1401,-0.023,0.16478,0.15,0.0,-1.0,0.0,0.0,103.0,505.0
77151.0,1.0,3.1416,0.012,0.16633,0.15,0.0,-1.0,0.0,0.0,103.0,489.0
77161.0,1.0,3.1416,0.003,0.16786,0.15,0.0,-1.0,0.0,0.0,103.0,482.0
77171.0,1.0,3.1416,0.011,0.16943,0.15,0.0,-1.0,0.0,0.0,103.0,504.0
77181.0,1.0,3.1416,0.009,0.17005,0.0,0.0,-1.0,0.0,0.0,103.0,502.0
77191.0,1.0,3.1416,0.004,0.17005,0.0,0.0,-1.0,0.0,0.0,103.0,496.0
77202.0,1.0,3.1416,0.001,0.17005,0.0,0.0,-1.0,0.0,0.0,103.0,482.0
77212.0,1.0,3.1416,0.004,0.17005,0.0,0.0,-1.0,0.0,0.0,103.0,464.0
77222.0,1.0,3.1416,-0.02,0.17005,0.0,0.0,-1.0,0.0,0.0,103.0,497.0
77232.0,1.0,3.1416,0.015,0.17005,0.0,0.0,-1.0,0.0,0.0,103.0,464.0
77243.0,1.0,3.1401,-0.026,0.17005,0.0,0.0,-1.0,0.0,0.0,103.0,488.0
77253.0,1.0,3.1416,0.016,0.17005,0.0,0.0,-1.0,0.0,0.0,103.0,495.0
77263.0,1.0,3.1416,0.004,0.17005,0.0,0.0,-1.0,0.0,0.0,103.0,464.0
77273.0,1.0,3.1401,-0.016,0.17005,0.0,0.0,-1.0,0.0,0.0,103.0,480.0
77283.0,1.0,3.1416,0.009,0.17005,0.0,0.0,-1.0,0.0,0.0,103.0,459.0
77293.0,1.0,3.1416,0.001,0.17005,0.0,0.0,-1.0,0.0,0.0,103.0,465.0
77303.0,1.0,3.1416,0.001,0.17005,0.0,0.0,-1.0,0.0,0.0,103.0,496.0
77314.0,1.0,3.1416,0.013,0.17005,0.0,0.0,-1.0,0.0,0.0,103.0,488.0
77324.0,1.0,3.1416,-0.019,0.17005,0.0,0.0,-1.0,0.0,0.0,103.0,488.0
77334.0,1.0,3.1401,-0.021,0.17005,0.0,0.0,-1.0,0.0,0.0,103.0,489.0
77344.0,1.0,3.1416,0.018,0.17005,0.0,0.0,-1.0,0.0,0.0,103.0,496.0
77354.0,1.0,3.1416,0.011,0.17005,0.0,0.0,-1.0,0.0,0.0,103.0,496.0
77364.0,1.0,3.1416,0.002,0.17005,0.0,0.0,-1.0,0.0,0.0,103.0,464.0
77375.0,1.0,3.1416,0.001,0.17005,0.0,0.0,-1.0,0.0,0.0,103.0,465.0
77385.0,1.0,3.1416,0.013,0.17005,0.0,0.0,-1.0,0.0,0.0,103.0,475.0
77395.0,1.0,3.1401,-0.015,0.17005,0.0,0.0,-1.0,0.0,0.0,103.0,481.0
77405.0,1.0,3.1416,0.006,0.17005,0.0,0.0,-1.0,0.0,0.0,103.0,487.0
77415.0,1.0,3.1416,-0.002,0.16986,-0.09,0.0,-1.0,0.0,0.0,103.0,504.0
77426.0,1.0,3.1416,-0.017,0.16846,-0.15,0.0,-1.0,0.0,0.0,103.0,504.0
77436.0,1.0,3.1416,0.01,0.16691,-0.15,0.0,-1.0,0.0,0.0,103.0,480.0
77446.0,1.0,3.1416,-0.016,0.16536,-0.15,0.0,-1.0,0.0,0.0,103.0,505.0
77456.0,1.0,3.1416,0.01,0.16365,-0.15,0.0,-1.0,0.0,0.0,103.0,504.0
77467.0,1.0,3.1416,-0.007,0.16211,-0.15,0.0,-1.0,0.0,0.0,103.0,487.0
77477.0,1.0,3.1416,0.006,0.16056,-0.15,0.0,-1.0,0.0,0.0,103.0,488.0
77487.0,1.0,3.1416,-0.015,0.15901,-0.15,0.0,-1.0,0.0,0.0,103.0,486.0
77497.0,1.0,3.1416,0.004,0.15731,-0.15,0.0,-1.0,0.0,0.0,103.0,481.0
77508.0,1.0,3.1416,0.001,0.15576,-0.15,0.0,-1.0,0.0,0.0,103.0,475.0
77518.0,1.0,3.1416,0.009,0.15421,-0.15,0.0,-1.0,0.0,0.0,103.0,487.0
77528.0,1.0,3.1416,-0.014,0.15266,-0.15,0.0,-1.0,0.0,0.0,103.0,481.0
77538.0,1.0,3.1416,0.005,0.15095,-0.15,0.0,-1.0,0.0,0.0,103.0,504.0
77549.0,1.0,3.1416,0.005,0.14941,-0.15,0.0,-1.0,0.0,0.0,103.0,479.0
77559.0,1.0,3.1416,0.005,0.14786,-0.15,0.0,-1.0,0.0,0.0,103.0,489.0
77569.0,1.0,3.1416,0.002,0.14631,-0.15,0.0,-1.0,0.0,0.0,103.0,504.0
77579.0,1.0,3.1416,0.006,0.14476,-0.15,0.0,-1.0,0.0,0.0,103.0,481.0
77589.0,1.0,3.1416,-0.0,0.14321,-0.15,0.0,-1.0,0.0,0.0,103.0,481.0
77599.0,1.0,3.1416,0.008,0.14166,-0.15,0.0,-1.0,0.0,0.0,103.0,504.0
77609.0,1.0,3.1416,0.0,0.13996,-0.15,0.0,-1.0,0.0,0.0,103.0,487.0
77620.0,1.0,3.1401,-0.029,0.13841,-0.15,0.0,-1.0,0.0,0.0,103.0,487.0
77630.0,1.0,3.1416,0.02,0.13686,-0.15,0.0,-1.0,0.0,0.0,103.0,481.0
77640.0,1.0,3.1416,0.01,0.13516,-0.15,0.0,-1.0,0.0,0.0,103.0,488.0
77651.0,1.0,3.1416,0.009,0.13361,-0.15,0.0,-1.0,0.0,0.0,103.0,476.0
77661.0,1.0,3.1416,0.004,0.13206,-0.15,0.0,-1.0,0.0,0.0,103.0,488.0
77671.0,1.0,3.1416,0.002,0.13118,0.0,0.0,-1.0,0.0,0.0,103.0,520.0
77681.0,1.0,3.1416,0.001,0.13118,0.0,0.0,-1.0,0.0,0.0,103.0,487.0
77691.0,1.0,3.1401,-0.024,0.13136,0.09,0.0,-1.0,0.0,0.0,103.0,504.0
77701.0,1.0,3.1416,0.003,0.13293,0.15,0.0,-1.0,0.0,0.0,103.0,482.0
77712.0,1.0,3.1416,0.003,0.13448,0.15,0.0,-1.0,0.0,0.0,103.0,484.0
77722.0,1.0,3.1416,-0.0,0.13601,0.15,0.0,-1.0,0.0,0.0,103.0,489.0
77732.0,1.0,3.1416,0.004,0.13756,0.15,0.0,-1.0,0.0,0.0,103.0,489.0
77742.0,1.0,3.1416,-0.011,0.13911,0.15,0.0,-1.0,0.0,0.0,103.0,481.0
77752.0,1.0,3.1416,0.005,0.14066,0.15,0.0,-1.0,0.0,0.0,103.0,481.0
77762.0,1.0,3.1416,0.008,0.14236,0.15,0.0,-1.0,0.0,0.0,103.0,483.0
77772.0,1.0,3.1416,0.004,0.14393,0.15,0.0,-1.0,0.0,0.0,103.0,504.0
77783.0,1.0,3.1416,0.005,0.14546,0.15,0.0,-1.0,0.0,0.0,103.0,480.0
77793.0,1.0,3.1416,0.002,0.14701,0.15,0.0,-1.0,0.0,0.0,103.0,476.0
77803.0,1.0,3.1416,-0.005,0.14873,0.15,0.0,-1.0,0.0,0.0,103.0,504.0
77814.0,1.0,3.1416,0.004,0.15026,0.15,0.0,-1.0,0.0,0.0,103.0,475.0
77824.0,1.0,3.1416,-0.005,0.15181,0.15,0.0,-1.0,0.0,0.0,103.0,488.0
77834.0,1.0,3.1416,0.012,0.15336,0.15,0.0,-1.0,0.0,0.0,103.0,504.0
77844.0,1.0,3.1416,-0.001,0.15491,0.15,0.0,-1.0,0.0,0.0,103.0,482.0
77854.0,1.0,3.1416,0.01,0.1564,0.096,0.0,-1.0,0.0,0.0,103.0,479.0
77864.0,1.0,3.1401,-0.022,0.15656,-0.084,0.0,-1.0,0.0,0.0,103.0,504.0
77874.0,1.0,3.1416,0.001,0.15503,-0.15,0.0,-1.0,0.0,0.0,103.0,481.0
77884.0,1.0,3.1416,-0.003,0.15348,-0.15,0.0,-1.0,0.0,0.0,103.0,504.0
77895.0,1.0,3.1416,0.009,0.15193,-0.15,0.0,-1.0,0.0,0.0,103.0,504.0
77905.0,1.0,3.1416,0.003,0.15038,-0.15,0.0,-1.0,0.0,0.0,103.0,504.0
77915.0,1.0,3.1416,0.002,0.14883,-0.15,0.0,-1.0,0.0,0.0,103.0,504.0
77925.0,1.0,3.1416,0.006,0.14713,-0.15,0.0,-1.0,0.0,0.0,103.0,484.0
77935.0,1.0,3.1416,-0.006,0.14558,-0.15,0.0,-1.0,0.0,0.0,103.0,504.0
77946.0,1.0,3.1416,0.003,0.14404,-0.15,0.0,-1.0,0.0,0.0,103.0,481.0
77956.0,1.0,3.1416,0.007,0.14249,-0.15,0.0,-1.0,0.0,0.0,103.0,504.0
77966.0,1.0,3.1416,0.002,0.14113,-0.06,0.0,-1.0,0.0,0.0,103.0,505.0
77976.0,1.0,3.1416,-0.007,0.14146,0.138,0.0,-1.0,0.0,0.0,103.0,504.0
77987.0,1.0,3.1401,-0.015,0.143,0.15,0.0,-1.0,0.0,0.0,103.0,481.0
77997.0,1.0,3.1416,0.009,0.14455,0.15,0.0,-1.0,0.0,0.0,103.0,504.0
78007.0,1.0,3.1416,-0.0,0.14609,0.15,0.0,-1.0,0.0,0.0,103.0,472.0
78017.0,1.0,3.1416,0.001,0.14765,0.15,0.0,-1.0,0.0,0.0,103.0,480.0
78027.0,1.0,3.1416,0.014,0.14935,0.15,0.0,-1.0,0.0,0.0,103.0,482.0
78037.0,1.0,3.1416,0.015,0.1509,0.15,0.0,-1.0,0.0,0.0,103.0,504.0
78048.0,1.0,3.1416,0.002,0.15245,0.15,0.0,-1.0,0.0,0.0,103.0,480.0
78058.0,1.0,3.1401,-0.018,0.154,0.15,0.0,-1.0,0.0,0.0,103.0,504.0
78068.0,1.0,3.1416,0.011,0.15555,0.15,0.0,-1.0,0.0,0.0,103.0,499.0
78078.0,1.0,3.1416,0.007,0.15698,0.042,0.0,-1.0,0.0,0.0,103.0,504.0
78089.0,1.0,3.1416,0.003,0.15658,-0.138,0.0,-1.0,0.0,0.0,103.0,487.0
78099.0,1.0,3.1401,-0.024,0.15504,-0.15,0.0,-1.0,0.0,0.0,103.0,504.0
78109.0,1.0,3.1416,0.012,0.1535,-0.15,0.0,-1.0,0.0,0.0,103.0,487.0
78119.0,1.0,3.1416,-0.009,0.1518,-0.15,0.0,-1.0,0.0,0.0,103.0,483.0
78129.0,1.0,3.1416,0.01,0.15024,-0.15,0.0,-1.0,0.0,0.0,103.0,504.0
78140.0,1.0,3.1416,-0.024,0.1487,-0.15,0.0,-1.0,0.0,0.0,103.0,475.0
78150.0,1.0,3.1416,-0.01,0.14715,-0.15,0.0,-1.0,0.0,0.0,103.0,480.0
78160.0,1.0,3.1416,0.018,0.1456,-0.15,0.0,-1.0,0.0,0.0,103.0,481.0
78170.0,1.0,3.1416,0.012,0.14389,-0.15,0.0,-1.0,0.0,0.0,103.0,504.0
78181.0,1.0,3.1416,0.007,0.14246,-0.078,0.0,-1.0,0.0,0.0,103.0,504.0
78191.0,1.0,3.1416,-0.005,0.14249,0.102,0.0,-1.0,0.0,0.0,103.0,504.0
78201.0,1.0,3.1416,-0.013,0.14394,0.15,0.0,-1.0,0.0,0.0,103.0,482.0
78211.0,1.0,3.1416,0.014,0.14564,0.15,0.0,-1.0,0.0,0.0,103.0,482.0
78221.0,1.0,3.1416,-0.004,0.14719,0.15,0.0,-1.0,0.0,0.0,103.0,504.0
78232.0,1.0,3.1416,0.008,0.14874,0.15,0.0,-1.0,0.0,0.0,103.0,504.0
78242.0,1.0,3.1401,-0.038,0.15029,0.15,0.0,-1.0,0.0,0.0,103.0,504.0
78252.0,1.0,3.1416,0.002,0.15184,0.15,0.0,-1.0,0.0,0.0,103.0,504.0
78262.0,1.0,3.1416,0.01,0.15338,0.15,0.0,-1.0,0.0,0.0,103.0,482.0
78272.0,1.0,3.1416,-0.002,0.15509,0.15,0.0,-1.0,0.0,0.0,103.0,481.0
78282.0,1.0,3.1416,-0.004,0.15664,0.15,0.0,-1.0,0.0,0.0,103.0,504.0
78293.0,1.0,3.1401,-0.011,0.15819,0.15,0.0,-1.0,0.0,0.0,103.0,504.0
78303.0,1.0,3.1416,0.01,0.15974,0.15,0.0,-1.0,0.0,0.0,103.0,504.0
78313.0,1.0,3.1416,-0.004,0.16144,0.15,0.0,-1.0,0.0,0.0,103.0,480.0
78323.0,1.0,3.1416,0.006,0.16299,0.15,0.0,-1.0,0.0,0.0,103.0,504.0
78334.0,1.0,3.1416,-0.006,0.16454,0.15,0.0,-1.0,0.0,0.0,103.0,504.0
78344.0,1.0,3.1416,0.005,0.16598,0.078,0.0,-1.0,0.0,0.0,103.0,505.0
78354.0,1.0,3.1416,0.003,0.16594,-0.102,0.0,-1.0,0.0,0.0,103.0,505.0
78364.0,1.0,3.1401,-0.02,0.16433,-0.15,0.0,-1.0,0.0,0.0,103.0,479.0
78374.0,1.0,3.1416,-0.013,0.16278,-0.15,0.0,-1.0,0.0,0.0,103.0,504.0
78385.0,1.0,3.1416,0.002,0.16124,-0.15,0.0,-1.0,0.0,0.0,103.0,475.0
78395.0,1.0,3.1416,0.012,0.1597,-0.114,0.0,-1.0,0.0,0.0,103.0,504.0
78405.0,1.0,3.1416,-0.003,0.15935,0.066,0.0,-1.0,0.0,0.0,103.0,504.0
78415.0,1.0,3.1416,0.006,0.1608,0.15,0.0,-1.0,0.0,0.0,103.0,488.0
78426.0,1.0,3.1416,-0.018,0.16235,0.15,0.0,-1.0,0.0,0.0,103.0,481.0
78436.0,1.0,3.1416,-0.019,0.1639,0.15,0.0,-1.0,0.0,0.0,103.0,504.0
78446.0,1.0,3.1416,0.014,0.16545,0.15,0.0,-1.0,0.0,0.0,103.0,504.0
78456.0,1.0,3.1416,0.001,0.16715,0.15,0.0,-1.0,0.0,0.0,103.0,500.0
78467.0,1.0,3.1416,-0.013,0.1687,0.15,0.0,-1.0,0.0,0.0,103.0,481.0
78477.0,1.0,3.1416,0.011,0.17009,0.0,0.0,-1.0,0.0,0.0,103.0,483.0
78487.0,1.0,3.1416,0.007,0.17009,0.0,0.0,-1.0,0.0,0.0,103.0,465.0
78497.0,1.0,3.1416,0.001,0.17009,0.0,0.0,-1.0,0.0,0.0,103.0,489.0
78507.0,1.0,3.1401,-0.02,0.17009,0.0,0.0,-1.0,0.0,0.0,103.0,497.0
78517.0,1.0,3.1416,0.007,0.17009,0.0,0.0,-1.0,0.0,0.0,103.0,488.0
78527.0,1.0,3.1416,0.008,0.17009,0.0,0.0,-1.0,0.0,0.0,103.0,497.0
78538.0,1.0,3.1416,0.007,0.17009,0.0,0.0,-1.0,0.0,0.0,103.0,497.0
78548.0,1.0,3.1416,0.003,0.17009,0.0,0.0,-1.0,0.0,0.0,103.0,465.0
78558.0,1.0,3.1416,-0.012,0.17009,0.0,0.0,-1.0,0.0,0.0,103.0,497.0
78568.0,1.0,3.1416,-0.017,0.17009,0.0,0.0,-1.0,0.0,0.0,103.0,465.0
78578.0,1.0,3.1416,0.011,0.17009,0.0,0.0,-1.0,0.0,0.0,103.0,487.0
78589.0,1.0,3.1416,0.001,0.17009,0.0,0.0,-1.0,0.0,0.0,103.0,465.0
78599.0,1.0,3.1416,0.005,0.17009,0.0,0.0,-1.0,0.0,0.0,103.0,496.0
78609.0,1.0,3.1401,-0.017,0.17009,0.0,0.0,-1.0,0.0,0.0,103.0,464.0
78619.0,1.0,3.1416,0.006,0.17009,0.0,0.0,-1.0,0.0,0.0,103.0,480.0
78629.0,1.0,3.1416,0.013,0.17009,0.0,0.0,-1.0,0.0,0.0,103.0,489.0
78639.0,1.0,3.1416,-0.004,0.17009,0.0,0.0,-1.0,0.0,0.0,103.0,459.0
78649.0,1.0,3.1416,0.007,0.17009,0.0,0.0,-1.0,0.0,0.0,103.0,465.0
78659.0,1.0,3.1416,-0.028,0.17009,0.0,0.0,-1.0,0.0,0.0,103.0,496.0
78669.0,1.0,3.1401,-0.011,0.17009,0.0,0.0,-1.0,0.0,0.0,103.0,496.0
78680.0,1.0,3.1401,-0.007,0.17009,0.0,0.0,-1.0,0.0,0.0,103.0,495.0
78690.0,1.0,3.1416,0.003,0.17009,0.0,0.0,-1.0,0.0,0.0,103.0,465.0
78700.0,1.0,3.1416,-0.003,0.17009,0.0,0.0,-1.0,0.0,0.0,103.0,496.0
78710.0,1.0,3.1416,0.009,0.17009,0.0,0.0,-1.0,0.0,0.0,103.0,496.0
78720.0,1.0,3.1416,0.004,0.17009,0.0,0.0,-1.0,0.0,0.0,103.0,465.0
78731.0,1.0,3.1416,0.002,0.17009,0.0,0.0,-1.0,0.0,0.0,103.0,472.0
78741.0,1.0,3.1416,-0.005,0.17009,0.0,0.0,-1.0,0.0,0.0,103.0,465.0
78751.0,1.0,3.1416,-0.011,0.17009,0.0,0.0,-1.0,0.0,0.0,103.0,465.0
78761.0,1.0,3.1416,0.01,0.17009,0.0,0.0,-1.0,0.0,0.0,103.0,481.0
78771.0,1.0,3.1401,-0.016,0.17009,0.0,0.0,-1.0,0.0,0.0,103.0,465.0
78781.0,1.0,3.1416,0.003,0.17009,0.0,0.0,-1.0,0.0,0.0,103.0,489.0
78792.0,1.0,3.1416,0.012,0.17009,0.0,0.0,-1.0,0.0,0.0,103.0,464.0
78802.0,1.0,3.1416,0.006,0.17009,0.0,0.0,-1.0,0.0,0.0,103.0,464.0
78812.0,1.0,3.1416,0.002,0.17009,0.0,0.0,-1.0,0.0,0.0,103.0,495.0
78822.0,1.0,3.1416,-0.012,0.17009,0.0,0.0,-1.0,0.0,0.0,103.0,496.0
78832.0,1.0,3.1416,0.008,0.17009,0.0,0.0,-1.0,0.0,0.0,103.0,459.0
78842.0,1.0,3.1416,0.005,0.17009,0.0,0.0,-1.0,0.0,0.0,103.0,487.0
78852.0,1.0,3.1416,0.002,0.17009,0.0,0.0,-1.0,0.0,0.0,103.0,465.0
78862.0,1.0,3.1416,0.004,0.17009,0.0,0.0,-1.0,0.0,0.0,103.0,481.0
78873.0,1.0,3.1416,-0.007,0.17009,0.0,0.0,-1.0,0.0,0.0,103.0,465.0
78883.0,1.0,3.1416,0.004,0.17009,0.0,0.0,-1.0,0.0,0.0,103.0,495.0
78893.0,1.0,3.1416,-0.006,0.17009,0.0,0.0,-1.0,0.0,0.0,103.0,496.0
78903.0,1.0,3.1401,-0.019,0.17009,0.0,0.0,-1.0,0.0,0.0,103.0,497.0
78913.0,1.0,3.1416,0.004,0.17009,0.0,0.0,-1.0,0.0,0.0,103.0,496.0
78923.0,1.0,3.1416,0.007,0.17009,0.0,0.0,-1.0,0.0,0.0,103.0,465.0
78933.0,1.0,3.1416,0.01,0.17009,0.0,0.0,-1.0,0.0,0.0,103.0,465.0
78943.0,1.0,3.1416,-0.013,0.17009,0.0,0.0,-1.0,0.0,0.0,103.0,489.0
78953.0,1.0,3.1416,-0.004,0.17009,0.0,0.0,-1.0,0.0,0.0,103.0,497.0
78963.0,1.0,3.1416,0.011,0.17009,0.0,0.0,-1.0,0.0,0.0,103.0,496.0
78974.0,1.0,3.1416,-0.009,0.17009,0.0,0.0,-1.0,0.0,0.0,103.0,465.0
78984.0,1.0,3.1416,0.01,0.17009,0.0,0.0,-1.0,0.0,0.0,103.0,472.0
78994.0,1.0,3.1416,0.004,0.17009,0.0,0.0,-1.0,0.0,0.0,103.0,496.0
79004.0,1.0,3.1416,0.0,0.17009,0.0,0.0,-1.0,0.0,0.0,103.0,495.0
79014.0,1.0,3.1416,-0.009,0.17009,0.0,0.0,-1.0,0.0,0.0,103.0,465.0
79024.0,1.0,3.1416,0.001,0.17009,0.0,0.0,-1.0,0.0,0.0,103.0,465.0
79034.0,1.0,3.1416,0.018,0.17009,0.0,0.0,-1.0,0.0,0.0,103.0,496.0
79045.0,1.0,3.1416,0.004,0.17009,0.0,0.0,-1.0,0.0,0.0,103.0,465.0
79055.0,1.0,3.1416,0.014,0.17009,0.0,0.0,-1.0,0.0,0.0,103.0,465.0
79065.0,1.0,3.1416,0.007,0.17009,0.0,0.0,-1.0,0.0,0.0,103.0,464.0
79075.0,1.0,3.1416,0.003,0.17009,0.0,0.0,-1.0,0.0,0.0,103.0,475.0
79085.0,1.0,3.1416,0.001,0.17009,0.0,0.0,-1.0,0.0,0.0,103.0,480.0
79095.0,1.0,3.1401,-0.017,0.17009,0.0,0.0,-1.0,0.0,0.0,103.0,465.0
79105.0,1.0,3.1416,-0.001,0.17009,0.0,0.0,-1.0,0.0,0.0,103.0,496.0
79116.0,1.0,3.1416,-0.002,0.17009,0.0,0.0,-1.0,0.0,0.0,103.0,495.0
79126.0,1.0,3.1416,0.012,0.17009,0.0,0.0,-1.0,0.0,0.0,103.0,464.0
79136.0,1.0,3.1416,0.008,0.17009,0.0,0.0,-1.0,0.0,0.0,103.0,464.0
79146.0,1.0,3.1416,-0.001,0.17009,0.0,0.0,-1.0,0.0,0.0,103.0,496.0
79156.0,1.0,3.1416,-0.008,0.17009,0.0,0.0,-1.0,0.0,0.0,103.0,496.0
79166.0,1.0,3.1416,-0.004,0.17009,0.0,0.0,-1.0,0.0,0.0,103.0,489.0
79176.0,1.0,3.1416,0.016,0.17009,0.0,0.0,-1.0,0.0,0.0,103.0,465.0
79187.0,1.0,3.1416,0.009,0.17009,0.0,0.0,-1.0,0.0,0.0,103.0,465.0
79197.0,1.0,3.1416,0.003,0.17009,0.0,0.0,-1.0,0.0,0.0,103.0,497.0
79207.0,1.0,3.1416,-0.023,0.17009,0.0,0.0,-1.0,0.0,0.0,103.0,487.0
79217.0,1.0,3.1416,0.008,0.17009,0.0,0.0,-1.0,0.0,0.0,103.0,465.0
79227.0,1.0,3.1416,0.001,0.17009,0.0,0.0,-1.0,0.0,0.0,103.0,465.0
79238.0,1.0,3.1416,0.008,0.17009,0.0,0.0,-1.0,0.0,0.0,103.0,465.0
79248.0,1.0,3.1416,0.01,0.17009,0.0,0.0,-1.0,0.0,0.0,103.0,496.0
79258.0,1.0,3.1416,0.007,0.17009,0.0,0.0,-1.0,0.0,0.0,103.0,496.0
79268.0,1.0,3.1416,0.003,0.17009,0.0,0.0,-1.0,0.0,0.0,103.0,497.0
79278.0,1.0,3.1416,0.005,0.17009,0.0,0.0,-1.0,0.0,0.0,103.0,496.0
79289.0,1.0,3.1416,-0.016,0.17009,0.0,0.0,-1.0,0.0,0.0,103.0,488.0
79299.0,1.0,3.1416,0.008,0.17009,0.0,0.0,-1.0,0.0,0.0,103.0,481.0
79309.0,1.0,3.1416,0.005,0.17009,0.0,0.0,-1.0,0.0,0.0,103.0,459.0
79319.0,1.0,3.1416,-0.004,0.17009,0.0,0.0,-1.0,0.0,0.0,103.0,464.0
79329.0,1.0,3.1416,0.006,0.17009,0.0,0.0,-1.0,0.0,0.0,103.0,481.0
79339.0,1.0,3.1416,0.006,0.17009,0.0,0.0,-1.0,0.0,0.0,103.0,479.0
79350.0,1.0,3.1416,0.005,0.17009,0.0,0.0,-1.0,0.0,0.0,103.0,465.0
79360.0,1.0,3.1416,0.005,0.17009,0.0,0.0,-1.0,0.0,0.0,103.0,502.0
79370.0,1.0,3.1416,0.005,0.17009,0.0,0.0,-1.0,0.0,0.0,103.0,459.0
79380.0,1.0,3.1416,-0.006,0.17009,0.0,0.0,-1.0,0.0,0.0,103.0,464.0
79390.0,1.0,3.1416,0.008,0.17009,0.0,0.0,-1.0,0.0,0.0,103.0,496.0
79401.0,1.0,3.1416,0.006,0.17009,0.0,0.0,-1.0,0.0,0.0,103.0,496.0
79411.0,1.0,3.1416,0.005,0.17009,0.0,0.0,-1.0,0.0,0.0,103.0,495.0
79421.0,1.0,3.1416,0.006,0.17009,0.0,0.0,-1.0,0.0,0.0,103.0,459.0
79431.0,1.0,3.1416,0.008,0.17009,0.0,0.0,-1.0,0.0,0.0,103.0,495.0
79441.0,1.0,3.1416,0.01,0.17009,0.0,0.0,-1.0,0.0,0.0,103.0,496.0
79451.0,1.0,3.1416,-0.009,0.17009,0.0,0.0,-1.0,0.0,0.0,103.0,465.0
79461.0,1.0,3.1416,0.006,0.17009,0.0,0.0,-1.0,0.0,0.0,103.0,465.0
79472.0,1.0,3.1416,0.007,0.17009,0.0,0.0,-1.0,0.0,0.0,103.0,479.0
79482.0,1.0,3.1416,0.003,0.17009,0.0,0.0,-1.0,0.0,0.0,103.0,464.0
79492.0,1.0,3.1416,0.001,0.17009,0.0,0.0,-1.0,0.0,0.0,103.0,495.0
79502.0,1.0,3.1416,-0.006,0.17009,0.0,0.0,-1.0,0.0,0.0,103.0,488.0
79512.0,1.0,3.1416,0.007,0.17009,0.0,0.0,-1.0,0.0,0.0,103.0,495.0
79522.0,1.0,3.1416,-0.001,0.17009,0.0,0.0,-1.0,0.0,0.0,103.0,465.0
79533.0,1.0,3.1416,0.007,0.17009,0.0,0.0,-1.0,0.0,0.0,103.0,465.0
79543.0,1.0,3.1416,-0.015,0.17009,0.0,0.0,-1.0,0.0,0.0,103.0,496.0
79553.0,1.0,3.1416,0.011,0.17009,0.0,0.0,-1.0,0.0,0.0,103.0,496.0
79563.0,1.0,3.1416,0.006,0.17009,0.0,0.0,-1.0,0.0,0.0,103.0,465.0
79573.0,1.0,3.1416,-0.007,0.17009,0.0,0.0,-1.0,0.0,0.0,103.0,496.0
79584.0,1.0,3.1416,0.008,0.17009,0.0,0.0,-1.0,0.0,0.0,103.0,465.0
79594.0,1.0,3.1416,0.005,0.17009,0.0,0.0,-1.0,0.0,0.0,103.0,465.0
79604.0,1.0,3.1416,0.006,0.17009,0.0,0.0,-1.0,0.0,0.0,103.0,483.0
79614.0,1.0,3.1416,-0.011,0.17009,0.0,0.0,-1.0,0.0,0.0,103.0,496.0
79624.0,1.0,3.1416,0.008,0.17009,0.0,0.0,-1.0,0.0,0.0,103.0,496.0
79635.0,1.0,3.1416,-0.001,0.17009,0.0,0.0,-1.0,0.0,0.0,103.0,488.0
79645.0,1.0,3.1416,0.004,0.17009,0.0,0.0,-1.0,0.0,0.0,103.0,495.0
79655.0,1.0,3.1416,0.005,0.17009,0.0,0.0,-1.0,0.0,0.0,103.0,488.0
79665.0,1.0,3.1416,-0.011,0.17009,0.0,0.0,-1.0,0.0,0.0,103.0,489.0
79675.0,1.0,3.1416,0.006,0.17009,0.0,0.0,-1.0,0.0,0.0,103.0,459.0
79685.0,1.0,3.1416,-0.002,0.17009,0.0,0.0,-1.0,0.0,0.0,103.0,465.0
79695.0,1.0,3.1416,0.005,0.17009,0.0,0.0,-1.0,0.0,0.0,103.0,487.0
79705.0,1.0,3.1416,0.003,0.17009,0.0,0.0,-1.0,0.0,0.0,103.0,459.0
79715.0,1.0,3.1416,-0.002,0.17009,0.0,0.0,-1.0,0.0,0.0,103.0,465.0
79726.0,1.0,3.1416,-0.036,0.17009,0.0,0.0,-1.0,0.0,0.0,103.0,495.0
79736.0,1.0,3.1416,0.014,0.17009,0.0,0.0,-1.0,0.0,0.0,103.0,488.0
79746.0,1.0,3.1416,0.015,0.17009,0.0,0.0,-1.0,0.0,0.0,103.0,464.0
79756.0,1.0,3.1416,0.007,0.17009,0.0,0.0,-1.0,0.0,0.0,103.0,463.0
79766.0,1.0,3.1416,-0.018,0.17009,0.0,0.0,-1.0,0.0,0.0,103.0,465.0
79776.0,1.0,3.1416,0.012,0.17009,0.0,0.0,-1.0,0.0,0.0,103.0,496.0
79786.0,1.0,3.1416,0.006,0.17009,0.0,0.0,-1.0,0.0,0.0,103.0,464.0
79797.0,1.0,3.1416,0.007,0.17009,0.0,0.0,-1.0,0.0,0.0,103.0,465.0
79807.0,1.0,3.1416,0.005,0.17009,0.0,0.0,-1.0,0.0,0.0,103.0,496.0
79817.0,1.0,3.1416,0.004,0.17009,0.0,0.0,-1.0,0.0,0.0,103.0,495.0
79827.0,1.0,3.1416,0.002,0.17009,0.0,0.0,-1.0,0.0,0.0,103.0,465.0
79837.0,1.0,3.1416,0.001,0.17009,0.0,0.0,-1.0,0.0,0.0,103.0,489.0
79847.0,1.0,3.1416,-0.018,0.17009,0.0,0.0,-1.0,0.0,0.0,103.0,464.0
79858.0,1.0,3.1416,0.003,0.17009,0.0,0.0,-1.0,0.0,0.0,103.0,465.0
79868.0,1.0,3.1416,0.003,0.17009,0.0,0.0,-1.0,0.0,0.0,103.0,464.0
79878.0,1.0,3.1416,0.005,0.17009,0.0,0.0,-1.0,0.0,0.0,103.0,495.0
79888.0,1.0,3.1416,-0.01,0.17009,0.0,0.0,-1.0,0.0,0.0,103.0,459.0
79898.0,1.0,3.1416,0.01,0.17009,0.0,0.0,-1.0,0.0,0.0,103.0,465.0
79908.0,1.0,3.1416,-0.005,0.17009,0.0,0.0,-1.0,0.0,0.0,103.0,459.0
79919.0,1.0,3.1401,-0.005,0.17009,0.0,0.0,-1.0,0.0,0.0,103.0,496.0
79929.0,1.0,3.1416,0.01,0.17009,0.0,0.0,-1.0,0.0,0.0,103.0,464.0
79939.0,1.0,3.1416,0.018,0.17009,0.0,0.0,-1.0,0.0,0.0,103.0,475.0
79949.0,1.0,3.1416,0.011,0.17009,0.0,0.0,-1.0,0.0,0.0,103.0,465.0
79959.0,1.0,3.1416,0.006,0.17009,0.0,0.0,-1.0,0.0,0.0,103.0,495.0
79969.0,1.0,3.1416,-0.011,0.17009,0.0,0.0,-1.0,0.0,0.0,103.0,496.0
79980.0,1.0,3.1416,-0.0,0.17009,0.0,0.0,-1.0,0.0,0.0,103.0,488.0
79990.0,1.0,3.1416,-0.005,0.17009,0.0,0.0,-1.0,0.0,0.0,103.0,496.0
80000.0,1.0,3.1416,-0.011,0.17009,0.0,0.0,-1.0,0.0,0.0,103.0,495.0
80010.0,1.0,3.1416,0.023,0.17009,0.0,0.0,-1.0,0.0,0.0,103.0,489.0
80020.0,1.0,3.1416,-0.012,0.17009,0.0,0.0,-1.0,0.0,0.0,103.0,465.0
80030.0,1.0,3.1416,0.013,0.17009,0.0,0.0,-1.0,0.0,0.0,103.0,495.0
80040.0,1.0,3.1416,0.013,0.17009,0.0,0.0,-1.0,0.0,0.0,103.0,465.0
80051.0,1.0,3.1416,-0.0,0.17009,0.0,0.0,-1.0,0.0,0.0,103.0,495.0
80061.0,1.0,3.1416,0.006,0.17009,0.0,0.0,-1.0,0.0,0.0,103.0,488.0
80071.0,1.0,3.1416,0.003,0.17009,0.0,0.0,-1.0,0.0,0.0,103.0,489.0
80081.0,1.0,3.1416,0.003,0.17009,0.0,0.0,-1.0,0.0,0.0,103.0,496.0
80092.0,1.0,3.1416,0.004,0.17009,0.0,0.0,-1.0,0.0,0.0,103.0,487.0
80102.0,1.0,3.1416,0.006,0.17009,0.0,0.0,-1.0,0.0,0.0,103.0,464.0
80112.0,1.0,3.1416,0.01,0.17009,0.0,0.0,-1.0,0.0,0.0,103.0,465.0
80122.0,1.0,3.1416,0.004,0.17009,0.0,0.0,-1.0,0.0,0.0,103.0,465.0
80133.0,1.0,3.1416,-0.013,0.17009,0.0,0.0,-1.0,0.0,0.0,103.0,463.0
80143.0,1.0,3.1416,-0.003,0.17009,0.0,0.0,-1.0,0.0,0.0,103.0,489.0
80153.0,1.0,3.1416,0.01,0.17009,0.0,0.0,-1.0,0.0,0.0,103.0,497.0
80163.0,1.0,3.1416,0.005,0.17009,0.0,0.0,-1.0,0.0,0.0,103.0,496.0
80173.0,1.0,3.1401,-0.043,0.17009,0.0,0.0,-1.0,0.0,0.0,103.0,465.0
80183.0,1.0,3.1416,0.018,0.17009,0.0,0.0,-1.0,0.0,0.0,103.0,496.0
80194.0,1.0,3.1416,0.001,0.17009,0.0,0.0,-1.0,0.0,0.0,103.0,464.0
80204.0,1.0,3.1416,-0.006,0.17009,0.0,0.0,-1.0,0.0,0.0,103.0,465.0
80214.0,1.0,3.1416,0.015,0.17009,0.0,0.0,-1.0,0.0,0.0,103.0,488.0
80224.0,1.0,3.1416,0.014,0.17009,0.0,0.0,-1.0,0.0,0.0,103.0,480.0
80234.0,1.0,3.1416,0.012,0.17009,0.0,0.0,-1.0,0.0,0.0,103.0,496.0
80244.0,1.0,3.1416,-0.008,0.17009,0.0,0.0,-1.0,0.0,0.0,103.0,496.0
80255.0,1.0,3.1416,0.013,0.17009,0.0,0.0,-1.0,0.0,0.0,103.0,465.0
80265.0,1.0,3.1416,-0.003,0.17009,0.0,0.0,-1.0,0.0,0.0,103.0,496.0
80275.0,1.0,3.1416,-0.001,0.17009,0.0,0.0,-1.0,0.0,0.0,103.0,464.0
80285.0,1.0,3.1416,-0.021,0.17009,0.0,0.0,-1.0,0.0,0.0,103.0,496.0
80295.0,1.0,3.1416,0.002,0.17009,0.0,0.0,-1.0,0.0,0.0,103.0,487.0
80305.0,1.0,3.1416,0.022,0.17009,0.0,0.0,-1.0,0.0,0.0,103.0,495.0
80316.0,1.0,3.1416,0.011,0.17009,0.0,0.0,-1.0,0.0,0.0,103.0,488.0
80326.0,1.0,3.1401,-0.035,0.17009,0.0,0.0,-1.0,0.0,0.0,103.0,465.0
80336.0,1.0,3.1416,0.012,0.17009,0.0,0.0,-1.0,0.0,0.0,103.0,481.0
80346.0,1.0,3.1416,0.008,0.17009,0.0,0.0,-1.0,0.0,0.0,103.0,488.0
80357.0,1.0,3.1416,-0.005,0.17009,0.0,0.0,-1.0,0.0,0.0,103.0,465.0
80367.0,1.0,3.1416,0.008,0.17009,0.0,0.0,-1.0,0.0,0.0,103.0,464.0
80377.0,1.0,3.1416,-0.007,0.17009,0.0,0.0,-1.0,0.0,0.0,103.0,496.0
80387.0,1.0,3.1416,0.011,0.17009,0.0,0.0,-1.0,0.0,0.0,103.0,488.0
80397.0,1.0,3.1401,-0.024,0.17009,0.0,0.0,-1.0,0.0,0.0,103.0,459.0
80408.0,1.0,3.1416,0.005,0.17009,0.0,0.0,-1.0,0.0,0.0,103.0,464.0
80418.0,1.0,3.1416,0.017,0.17009,0.0,0.0,-1.0,0.0,0.0,103.0,496.0
80428.0,1.0,3.1416,0.009,0.17009,0.0,0.0,-1.0,0.0,0.0,103.0,495.0
80438.0,1.0,3.1416,-0.003,0.17009,0.0,0.0,-1.0,0.0,0.0,103.0,465.0
80449.0,1.0,3.1416,0.005,0.17009,0.0,0.0,-1.0,0.0,0.0,103.0,488.0
80459.0,1.0,3.1401,-0.022,0.17009,0.0,0.0,-1.0,0.0,0.0,103.0,481.0
80469.0,1.0,3.1416,0.004,0.17009,0.0,0.0,-1.0,0.0,0.0,103.0,488.0
80479.0,1.0,3.1416,0.003,0.17009,0.0,0.0,-1.0,0.0,0.0,103.0,489.0
80489.0,1.0,3.1416,0.0,0.17009,0.0,0.0,-1.0,0.0,0.0,103.0,496.0
80499.0,1.0,3.1416,-0.009,0.17009,0.0,0.0,-1.0,0.0,0.0,103.0,496.0
80510.0,1.0,3.1416,0.002,0.17009,0.0,0.0,-1.0,0.0,0.0,103.0,488.0
80520.0,1.0,3.1416,0.007,0.17009,0.0,0.0,-1.0,0.0,0.0,103.0,465.0
80530.0,1.0,3.1416,0.009,0.17009,0.0,0.0,-1.0,0.0,0.0,103.0,465.0
80540.0,1.0,3.1416,-0.011,0.17009,0.0,0.0,-1.0,0.0,0.0,103.0,495.0
80550.0,1.0,3.1416,0.009,0.17009,0.0,0.0,-1.0,0.0,0.0,103.0,489.0
80560.0,1.0,3.1401,-0.019,0.17009,0.0,0.0,-1.0,0.0,0.0,103.0,464.0
80570.0,1.0,3.1416,0.007,0.17009,0.0,0.0,-1.0,0.0,0.0,103.0,472.0
80580.0,1.0,3.1416,-0.01,0.17009,0.0,0.0,-1.0,0.0,0.0,103.0,470.0
80591.0,1.0,3.1416,0.01,0.17009,0.0,0.0,-1.0,0.0,0.0,103.0,459.0
80601.0,1.0,3.1416,-0.003,0.17009,0.0,0.0,-1.0,0.0,0.0,103.0,464.0
80611.0,1.0,3.1416,0.003,0.17009,0.0,0.0,-1.0,0.0,0.0,103.0,496.0
80621.0,1.0,3.1416,0.001,0.17009,0.0,0.0,-1.0,0.0,0.0,103.0,465.0
80631.0,1.0,3.1416,0.007,0.17009,0.0,0.0,-1.0,0.0,0.0,103.0,489.0
80641.0,1.0,3.1401,-0.021,0.17009,0.0,0.0,-1.0,0.0,0.0,103.0,496.0
80652.0,1.0,3.1416,0.006,0.17009,0.0,0.0,-1.0,0.0,0.0,103.0,475.0
80662.0,1.0,3.1416,0.003,0.17009,0.0,0.0,-1.0,0.0,0.0,103.0,481.0
80672.0,1.0,3.1416,-0.024,0.17009,0.0,0.0,-1.0,0.0,0.0,103.0,496.0
80682.0,1.0,3.1416,0.01,0.17009,0.0,0.0,-1.0,0.0,0.0,103.0,464.0
80692.0,1.0,3.1416,-0.006,0.17009,0.0,0.0,-1.0,0.0,0.0,103.0,496.0
80702.0,1.0,3.1416,0.009,0.17009,0.0,0.0,-1.0,0.0,0.0,103.0,465.0
80712.0,1.0,3.1416,0.003,0.17009,0.0,0.0,-1.0,0.0,0.0,103.0,495.0
80722.0,1.0,3.1401,-0.015,0.17009,0.0,0.0,-1.0,0.0,0.0,103.0,459.0
80733.0,1.0,3.1416,0.013,0.17009,0.0,0.0,-1.0,0.0,0.0,103.0,489.0
80743.0,1.0,3.1416,-0.005,0.17009,0.0,0.0,-1.0,0.0,0.0,103.0,479.0
80753.0,1.0,3.1416,0.004,0.17009,0.0,0.0,-1.0,0.0,0.0,103.0,497.0
80763.0,1.0,3.1416,-0.011,0.17009,0.0,0.0,-1.0,0.0,0.0,103.0,496.0
80773.0,1.0,3.1401,-0.011,0.17009,0.0,0.0,-1.0,0.0,0.0,103.0,488.0
80784.0,1.0,3.1416,0.01,0.17009,0.0,0.0,-1.0,0.0,0.0,103.0,465.0
80794.0,1.0,3.1416,0.006,0.17009,0.0,0.0,-1.0,0.0,0.0,103.0,488.0
80804.0,1.0,3.1416,-0.015,0.17009,0.0,0.0,-1.0,0.0,0.0,103.0,480.0
80814.0,1.0,3.1416,0.011,0.17009,0.0,0.0,-1.0,0.0,0.0,103.0,459.0
80824.0,1.0,3.1416,0.006,0.17009,0.0,0.0,-1.0,0.0,0.0,103.0,464.0
80834.0,1.0,3.1416,-0.029,0.17009,0.0,0.0,-1.0,0.0,0.0,103.0,495.0
80845.0,1.0,3.1416,-0.02,0.17009,0.0,0.0,-1.0,0.0,0.0,103.0,464.0
80855.0,1.0,3.1401,-0.011,0.17009,0.0,0.0,-1.0,0.0,0.0,103.0,471.0
80865.0,1.0,3.1416,0.011,0.17009,0.0,0.0,-1.0,0.0,0.0,103.0,465.0
80875.0,1.0,3.1416,-0.007,0.17009,0.0,0.0,-1.0,0.0,0.0,103.0,496.0
80886.0,1.0,3.1416,0.006,0.17009,0.0,0.0,-1.0,0.0,0.0,103.0,464.0
80896.0,1.0,3.1416,0.0,0.17009,0.0,0.0,-1.0,0.0,0.0,103.0,459.0
80906.0,1.0,3.1416,0.004,0.17009,0.0,0.0,-1.0,0.0,0.0,103.0,495.0
80916.0,1.0,3.1416,-0.009,0.17009,0.0,0.0,-1.0,0.0,0.0,103.0,465.0
80927.0,1.0,3.1416,0.004,0.17009,0.0,0.0,-1.0,0.0,0.0,103.0,465.0
80937.0,1.0,3.1416,0.007,0.17009,0.0,0.0,-1.0,0.0,0.0,103.0,495.0
80947.0,1.0,3.1416,-0.009,0.17009,0.0,0.0,-1.0,0.0,0.0,103.0,497.0
80957.0,1.0,3.1416,0.011,0.17009,0.0,0.0,-1.0,0.0,0.0,103.0,489.0
80967.0,1.0,3.1416,0.006,0.17009,0.0,0.0,-1.0,0.0,0.0,103.0,495.0
80978.0,1.0,3.1416,-0.007,0.17009,0.0,0.0,-1.0,0.0,0.0,103.0,465.0
80988.0,1.0,3.1416,-0.012,0.17009,0.0,0.0,-1.0,0.0,0.0,103.0,496.0
80998.0,1.0,3.1416,-0.005,0.17009,0.0,0.0,-1.0,0.0,0.0,103.0,495.0
81008.0,1.0,3.1416,0.014,0.17009,0.0,0.0,-1.0,0.0,0.0,103.0,497.0
81018.0,1.0,3.1416,0.007,0.17009,0.0,0.0,-1.0,0.0,0.0,103.0,496.0
81028.0,1.0,3.1416,0.002,0.17009,0.0,0.0,-1.0,0.0,0.0,103.0,483.0
81038.0,1.0,3.1401,-0.014,0.17009,0.0,0.0,-1.0,0.0,0.0,103.0,496.0
81049.0,1.0,3.1416,-0.026,0.17009,0.0,0.0,-1.0,0.0,0.0,103.0,488.0
81059.0,1.0,3.1401,-0.022,0.17009,0.0,0.0,-1.0,0.0,0.0,103.0,459.0
81069.0,1.0,3.1416,0.013,0.17009,0.0,0.0,-1.0,0.0,0.0,103.0,464.0
81079.0,1.0,3.1416,0.004,0.17009,0.0,0.0,-1.0,0.0,0.0,103.0,489.0
81090.0,1.0,3.1416,-0.009,0.17009,0.0,0.0,-1.0,0.0,0.0,103.0,479.0
81100.0,1.0,3.1416,0.002,0.17009,0.0,0.0,-1.0,0.0,0.0,103.0,495.0
81110.0,1.0,3.1416,0.011,0.17009,0.0,0.0,-1.0,0.0,0.0,103.0,465.0
81120.0,1.0,3.1416,0.001,0.17009,0.0,0.0,-1.0,0.0,0.0,103.0,465.0
81131.0,1.0,3.1416,0.01,0.17009,0.0,0.0,-1.0,0.0,0.0,103.0,465.0
81141.0,1.0,3.1416,-0.002,0.17009,0.0,0.0,-1.0,0.0,0.0,103.0,465.0
81151.0,1.0,3.1416,-0.004,0.17009,0.0,0.0,-1.0,0.0,0.0,103.0,465.0
81161.0,1.0,3.1416,0.007,0.17009,0.0,0.0,-1.0,0.0,0.0,103.0,496.0
81172.0,1.0,3.1401,-0.014,0.17009,0.0,0.0,-1.0,0.0,0.0,103.0,495.0
81182.0,1.0,3.1416,0.012,0.17009,0.0,0.0,-1.0,0.0,0.0,103.0,465.0
81192.0,1.0,3.1401,-0.021,0.17009,0.0,0.0,-1.0,0.0,0.0,103.0,481.0
81202.0,1.0,3.1416,0.011,0.17009,0.0,0.0,-1.0,0.0,0.0,103.0,464.0
81213.0,1.0,3.1416,0.009,0.17009,0.0,0.0,-1.0,0.0,0.0,103.0,464.0
81223.0,1.0,3.1416,0.003,0.17009,0.0,0.0,-1.0,0.0,0.0,103.0,496.0
81233.0,1.0,3.1416,-0.014,0.17009,0.0,0.0,-1.0,0.0,0.0,103.0,480.0
81244.0,1.0,3.1416,0.004,0.17009,0.0,0.0,-1.0,0.0,0.0,103.0,464.0
81254.0,1.0,3.1416,-0.002,0.17009,0.0,0.0,-1.0,0.0,0.0,103.0,495.0
81264.0,1.0,3.1416,0.009,0.17009,0.0,0.0,-1.0,0.0,0.0,103.0,464.0
81274.0,1.0,3.1416,0.008,0.17009,0.0,0.0,-1.0,0.0,0.0,103.0,464.0
81284.0,1.0,3.1416,0.003,0.17009,0.0,0.0,-1.0,0.0,0.0,103.0,496.0
81295.0,1.0,3.1416,-0.017,0.17009,0.0,0.0,-1.0,0.0,0.0,103.0,496.0
81305.0,1.0,3.1416,-0.014,0.17009,0.0,0.0,-1.0,0.0,0.0,103.0,495.0
81315.0,1.0,3.1416,0.008,0.17009,0.0,0.0,-1.0,0.0,0.0,103.0,489.0
81325.0,1.0,3.1401,-0.014,0.17009,0.0,0.0,-1.0,0.0,0.0,103.0,496.0
81335.0,1.0,3.1416,0.007,0.17009,0.0,0.0,-1.0,0.0,0.0,103.0,496.0
81345.0,1.0,3.1401,-0.02,0.17009,0.0,0.0,-1.0,0.0,0.0,103.0,465.0
81355.0,1.0,3.1416,-0.006,0.17009,0.0,0.0,-1.0,0.0,0.0,103.0,465.0
81365.0,1.0,3.1416,-0.004,0.17009,0.0,0.0,-1.0,0.0,0.0,103.0,489.0
81375.0,1.0,3.1416,0.004,0.17009,0.0,0.0,-1.0,0.0,0.0,103.0,463.0
81386.0,1.0,3.1416,-0.013,0.17009,0.0,0.0,-1.0,0.0,0.0,103.0,465.0
81396.0,1.0,3.1416,0.012,0.17009,0.0,0.0,-1.0,0.0,0.0,103.0,488.0
81406.0,1.0,3.1416,0.011,0.17009,0.0,0.0,-1.0,0.0,0.0,103.0,459.0
81416.0,1.0,3.1416,0.004,0.17009,0.0,0.0,-1.0,0.0,0.0,103.0,464.0
81426.0,1.0,3.1416,0.004,0.17009,0.0,0.0,-1.0,0.0,0.0,103.0,496.0
81436.0,1.0,3.1416,0.001,0.17009,0.0,0.0,-1.0,0.0,0.0,103.0,459.0
81447.0,1.0,3.1416,0.001,0.17009,0.0,0.0,-1.0,0.0,0.0,103.0,495.0
81457.0,1.0,3.1416,0.006,0.17009,0.0,0.0,-1.0,0.0,0.0,103.0,464.0
81467.0,1.0,3.1416,-0.024,0.17009,0.0,0.0,-1.0,0.0,0.0,103.0,495.0
81477.0,1.0,3.1416,0.01,0.17009,0.0,0.0,-1.0,0.0,0.0,103.0,465.0
81487.0,1.0,3.1416,-0.013,0.17009,0.0,0.0,-1.0,0.0,0.0,103.0,488.0
81497.0,1.0,3.1401,-0.016,0.17009,0.0,0.0,-1.0,0.0,0.0,103.0,495.0
81507.0,1.0,3.1416,0.016,0.17009,0.0,0.0,-1.0,0.0,0.0,103.0,496.0
81518.0,1.0,3.1416,0.014,0.17009,0.0,0.0,-1.0,0.0,0.0,103.0,496.0
81528.0,1.0,3.1416,-0.013,0.17009,0.0,0.0,-1.0,0.0,0.0,103.0,496.0
81538.0,1.0,3.1416,0.012,0.17009,0.0,0.0,-1.0,0.0,0.0,103.0,465.0
81548.0,0.0,3.1416,0.008,0.17009,0.0,0.0,-1.0,0.0,0.0,103.0,481.0
81559.0,0.0,3.1416,0.004,0.17009,0.0,0.0,-1.0,0.0,0.0,103.0,482.0
81569.0,0.0,3.1416,-0.005,0.17009,0.0,0.0,-1.0,0.0,0.0,103.0,462.0
81579.0,0.0,3.1416,0.003,0.17009,0.0,0.0,-1.0,0.0,0.0,103.0,462.0
81589.0,0.0,3.1416,-0.006,0.17009,0.0,0.0,-1.0,0.0,0.0,103.0,480.0
81599.0,0.0,3.1416,0.007,0.17009,0.0,0.0,-1.0,0.0,0.0,103.0,462.0
81610.0,0.0,3.1401,-0.012,0.17009,0.0,0.0,-1.0,0.0,0.0,103.0,488.0
81620.0,0.0,3.1401,-0.01,0.17009,0.0,0.0,-1.0,0.0,0.0,103.0,488.0
81630.0,0.0,3.1416,0.014,0.17009,0.0,0.0,-1.0,0.0,0.0,103.0,488.0
81640.0,0.0,3.1416,0.008,0.17009,0.0,0.0,-1.0,0.0,0.0,103.0,465.0
81650.0,0.0,3.1416,-0.001,0.17009,0.0,0.0,-1.0,0.0,0.0,103.0,488.0
81660.0,0.0,3.1401,-0.019,0.17009,0.0,0.0,-1.0,0.0,0.0,103.0,471.0
81670.0,0.0,3.1416,0.005,0.17009,0.0,0.0,-1.0,0.0,0.0,103.0,457.0
81680.0,0.0,3.1416,0.004,0.17009,0.0,0.0,-1.0,0.0,0.0,103.0,462.0
81691.0,0.0,3.1416,0.002,0.17009,0.0,0.0,-1.0,0.0,0.0,103.0,462.0
81701.0,0.0,3.1401,-0.037,0.17009,0.0,0.0,-1.0,0.0,0.0,103.0,462.0
