t_ms,mode,theta,theta_dot,x,v,accel,energy,z1,z2,agc,loop_us
1614.0,0.0,3.1401,-0.035,0.0,0.0,0.0,-1.0,0.0,0.0,89.0,603.0
1624.0,0.0,3.1416,-0.012,0.0,0.0,0.0,-1.0,0.0,0.0,89.0,515.0
1634.0,0.0,3.1416,0.005,0.0,0.0,0.0,-1.0,0.0,0.0,89.0,499.0
1645.0,0.0,3.1401,-0.006,0.0,0.0,0.0,-1.0,0.0,0.0,89.0,498.0
1655.0,0.0,3.1416,0.012,0.0,0.0,0.0,-1.0,0.0,0.0,89.0,498.0
1665.0,0.0,3.1401,-0.0,0.0,0.0,0.0,-1.0,0.0,0.0,89.0,520.0
1675.0,0.0,3.1401,-0.01,0.0,0.0,0.0,-1.0,0.0,0.0,89.0,498.0
1685.0,0.0,3.1401,-0.01,0.0,0.0,0.0,-1.0,0.0,0.0,89.0,499.0
1695.0,0.0,3.1416,-0.003,0.0,0.0,0.0,-1.0,0.0,0.0,89.0,498.0
1705.0,0.0,3.1401,0.004,0.0,0.0,0.0,-1.0,0.0,0.0,89.0,520.0
1716.0,0.0,3.1416,0.011,0.0,0.0,0.0,-1.0,0.0,0.0,89.0,498.0
1726.0,0.0,3.1401,0.007,0.0,0.0,0.0,-1.0,0.0,0.0,89.0,499.0
1736.0,0.0,3.1401,-0.007,0.0,0.0,0.0,-1.0,0.0,0.0,89.0,498.0
1746.0,0.0,3.1401,-0.01,0.0,0.0,0.0,-1.0,0.0,0.0,89.0,504.0
1756.0,0.0,3.1401,-0.003,0.0,0.0,0.0,-1.0,0.0,0.0,89.0,504.0
1767.0,0.0,3.1416,0.006,0.0,0.0,0.0,-1.0,0.0,0.0,89.0,498.0
1777.0,0.0,3.1401,0.004,0.0,0.0,0.0,-1.0,0.0,0.0,89.0,499.0
1787.0,0.0,3.1401,0.002,0.0,0.0,0.0,-1.0,0.0,0.0,89.0,512.0
1797.0,0.0,3.1401,-0.009,0.0,0.0,0.0,-1.0,0.0,0.0,89.0,499.0
1807.0,0.0,3.1401,0.0,0.0,0.0,0.0,-1.0,0.0,0.0,89.0,504.0
1817.0,0.0,3.1416,0.011,0.0,0.0,0.0,-1.0,0.0,0.0,89.0,507.0
1827.0,0.0,3.1416,0.005,0.0,0.0,0.0,-1.0,0.0,0.0,89.0,509.0
1838.0,0.0,3.1416,0.0,0.0,0.0,0.0,-1.0,0.0,0.0,89.0,499.0
1848.0,0.0,3.1416,-0.007,0.0,0.0,0.0,-1.0,0.0,0.0,89.0,498.0
1858.0,0.0,3.1416,0.0,0.0,0.0,0.0,-1.0,0.0,0.0,89.0,504.0
1868.0,0.0,3.1401,-0.005,0.0,0.0,0.0,-1.0,0.0,0.0,89.0,499.0
1878.0,0.0,3.1416,-0.007,0.0,0.0,0.0,-1.0,0.0,0.0,89.0,520.0
1889.0,0.0,3.1416,0.006,0.0,0.0,0.0,-1.0,0.0,0.0,89.0,499.0
1899.0,0.0,3.1401,0.006,0.0,0.0,0.0,-1.0,0.0,0.0,89.0,499.0
1909.0,0.0,3.1401,-0.008,0.0,0.0,0.0,-1.0,0.0,0.0,89.0,520.0
1919.0,0.0,3.1401,-0.012,0.0,0.0,0.0,-1.0,0.0,0.0,89.0,504.0
1929.0,0.0,3.1416,-0.006,0.0,0.0,0.0,-1.0,0.0,0.0,89.0,499.0
1939.0,0.0,3.1401,0.001,0.0,0.0,0.0,-1.0,0.0,0.0,89.0,498.0
1949.0,0.0,3.1416,0.002,0.0,0.0,0.0,-1.0,0.0,0.0,89.0,504.0
1960.0,0.0,3.1416,0.006,0.0,0.0,0.0,-1.0,0.0,0.0,89.0,499.0
1970.0,0.0,3.1416,-0.0,0.0,0.0,0.0,-1.0,0.0,0.0,89.0,515.0
1980.0,0.0,3.1416,0.004,0.0,0.0,0.0,-1.0,0.0,0.0,89.0,520.0
1990.0,0.0,3.1416,0.002,0.0,0.0,0.0,-1.0,0.0,0.0,89.0,498.0
2000.0,0.0,3.1416,0.007,0.0,0.0,0.0,-1.0,0.0,0.0,89.0,515.0
2011.0,0.0,3.1416,0.013,0.0,0.0,0.0,-1.0,0.0,0.0,89.0,499.0
2021.0,0.0,3.1401,0.001,0.0,0.0,0.0,-1.0,0.0,0.0,89.0,498.0
2031.0,0.0,3.1416,-0.002,0.0,0.0,0.0,-1.0,0.0,0.0,89.0,504.0
2041.0,0.0,3.1416,-0.006,0.0,0.0,0.0,-1.0,0.0,0.0,89.0,504.0
2052.0,0.0,3.1416,0.0,0.0,0.0,0.0,-1.0,0.0,0.0,89.0,499.0
2062.0,0.0,3.1416,0.01,0.0,0.0,0.0,-1.0,0.0,0.0,89.0,498.0
2072.0,0.0,3.1416,0.01,0.0,0.0,0.0,-1.0,0.0,0.0,89.0,499.0
2082.0,0.0,3.1416,0.003,0.0,0.0,0.0,-1.0,0.0,0.0,89.0,498.0
2092.0,0.0,3.1401,-0.007,0.0,0.0,0.0,-1.0,0.0,0.0,89.0,515.0
2103.0,0.0,3.1416,0.0,0.0,0.0,0.0,-1.0,0.0,0.0,89.0,515.0
2113.0,0.0,3.1401,-0.009,0.0,0.0,0.0,-1.0,0.0,0.0,89.0,512.0
2123.0,0.0,3.1401,-0.004,0.0,0.0,0.0,-1.0,0.0,0.0,89.0,498.0
2133.0,0.0,3.1416,0.01,0.0,0.0,0.0,-1.0,0.0,0.0,89.0,504.0
2143.0,0.0,3.1416,-0.007,0.0,0.0,0.0,-1.0,0.0,0.0,89.0,504.0
2154.0,0.0,3.1416,-0.003,0.0,0.0,0.0,-1.0,0.0,0.0,89.0,499.0
2164.0,0.0,3.1401,-0.01,0.0,0.0,0.0,-1.0,0.0,0.0,89.0,498.0
2174.0,0.0,3.1401,-0.007,0.0,0.0,0.0,-1.0,0.0,0.0,89.0,499.0
2184.0,0.0,3.1416,0.001,0.0,0.0,0.0,-1.0,0.0,0.0,89.0,520.0
2195.0,0.0,3.1401,-0.001,0.0,0.0,0.0,-1.0,0.0,0.0,89.0,499.0
2205.0,0.0,3.1401,0.001,0.0,0.0,0.0,-1.0,0.0,0.0,89.0,498.0
2215.0,0.0,3.1416,0.002,0.0,0.0,0.0,-1.0,0.0,0.0,89.0,498.0
2225.0,0.0,3.1416,-0.0,0.0,0.0,0.0,-1.0,0.0,0.0,89.0,498.0
2236.0,0.0,3.1416,0.008,0.0,0.0,0.0,-1.0,0.0,0.0,89.0,498.0
2246.0,0.0,3.1416,0.002,0.0,0.0,0.0,-1.0,0.0,0.0,89.0,499.0
2256.0,0.0,3.1416,0.001,0.0,0.0,0.0,-1.0,0.0,0.0,89.0,504.0
2266.0,0.0,3.1401,-0.005,0.0,0.0,0.0,-1.0,0.0,0.0,89.0,498.0
2276.0,0.0,3.1416,0.002,0.0,0.0,0.0,-1.0,0.0,0.0,89.0,504.0
2287.0,0.0,3.1416,0.003,0.0,0.0,0.0,-1.0,0.0,0.0,89.0,498.0
2297.0,0.0,3.1416,0.005,0.0,0.0,0.0,-1.0,0.0,0.0,89.0,499.0
2307.0,0.0,3.1416,0.002,0.0,0.0,0.0,-1.0,0.0,0.0,89.0,498.0
2317.0,0.0,3.1416,0.001,0.0,0.0,0.0,-1.0,0.0,0.0,89.0,504.0
2327.0,0.0,3.1416,-0.011,0.0,0.0,0.0,-1.0,0.0,0.0,89.0,504.0
2338.0,0.0,3.1401,-0.01,0.0,0.0,0.0,-1.0,0.0,0.0,89.0,498.0
2348.0,0.0,3.1416,0.007,0.0,0.0,0.0,-1.0,0.0,0.0,89.0,499.0
2358.0,0.0,3.1401,0.007,0.0,0.0,0.0,-1.0,0.0,0.0,89.0,498.0
2368.0,0.0,3.1416,0.006,0.0,0.0,0.0,-1.0,0.0,0.0,89.0,504.0
2378.0,0.0,3.1401,-0.009,0.0,0.0,0.0,-1.0,0.0,0.0,89.0,504.0
2389.0,0.0,3.1416,0.002,0.0,0.0,0.0,-1.0,0.0,0.0,89.0,498.0
2399.0,0.0,3.1401,-0.004,0.0,0.0,0.0,-1.0,0.0,0.0,89.0,499.0
2409.0,0.0,3.1416,-0.005,0.0,0.0,0.0,-1.0,0.0,0.0,89.0,498.0
2419.0,0.0,3.1416,-0.002,0.0,0.0,0.0,-1.0,0.0,0.0,89.0,504.0
2429.0,0.0,3.1416,0.005,0.0,0.0,0.0,-1.0,0.0,0.0,89.0,504.0
2440.0,0.0,3.1401,0.001,0.0,0.0,0.0,-1.0,0.0,0.0,89.0,499.0
2450.0,0.0,3.1416,0.0,0.0,0.0,0.0,-1.0,0.0,0.0,89.0,499.0
2460.0,0.0,3.1416,0.012,0.0,0.0,0.0,-1.0,0.0,0.0,89.0,512.0
2470.0,0.0,3.1401,-0.003,0.0,0.0,0.0,-1.0,0.0,0.0,89.0,520.0
2481.0,0.0,3.1401,-0.001,0.0,0.0,0.0,-1.0,0.0,0.0,89.0,504.0
2491.0,0.0,3.1401,-0.002,0.0,0.0,0.0,-1.0,0.0,0.0,89.0,504.0
2501.0,0.0,3.1416,0.007,0.0,0.0,0.0,-1.0,0.0,0.0,89.0,499.0
2511.0,0.0,3.1416,0.004,0.0,0.0,0.0,-1.0,0.0,0.0,89.0,509.0
2522.0,0.0,3.1401,-0.008,0.0,0.0,0.0,-1.0,0.0,0.0,89.0,499.0
2532.0,0.0,3.1416,-0.005,0.0,0.0,0.0,-1.0,0.0,0.0,89.0,515.0
2542.0,0.0,3.1401,-0.006,0.0,0.0,0.0,-1.0,0.0,0.0,89.0,499.0
2552.0,0.0,3.1401,-0.007,0.0,0.0,0.0,-1.0,0.0,0.0,89.0,512.0
2562.0,0.0,3.1416,0.002,0.0,0.0,0.0,-1.0,0.0,0.0,89.0,499.0
2572.0,0.0,3.1401,-0.011,0.0,0.0,0.0,-1.0,0.0,0.0,89.0,515.0
2583.0,0.0,3.1416,-0.013,0.0,0.0,0.0,-1.0,0.0,0.0,89.0,499.0
2593.0,0.0,3.1416,-0.001,0.0,0.0,0.0,-1.0,0.0,0.0,89.0,498.0
2603.0,0.0,3.1401,0.002,0.0,0.0,0.0,-1.0,0.0,0.0,89.0,475.0
2613.0,0.0,3.1416,0.003,0.0,0.0,0.0,-1.0,0.0,0.0,89.0,515.0
2624.0,0.0,3.1416,0.012,0.0,0.0,0.0,-1.0,0.0,0.0,89.0,499.0
2634.0,0.0,3.1416,-0.001,0.0,0.0,0.0,-1.0,0.0,0.0,89.0,515.0
2644.0,0.0,3.1416,0.003,0.0,0.0,0.0,-1.0,0.0,0.0,89.0,499.0
2654.0,0.0,3.1416,0.014,0.0,0.0,0.0,-1.0,0.0,0.0,89.0,515.0
2665.0,0.0,3.1401,0.007,0.0,0.0,0.0,-1.0,0.0,0.0,89.0,508.0
2675.0,0.0,3.1401,-0.004,0.0,0.0,0.0,-1.0,0.0,0.0,89.0,499.0
2685.0,0.0,3.1401,-0.002,0.0,0.0,0.0,-1.0,0.0,0.0,89.0,502.0
2695.0,0.0,3.1416,0.003,0.0,0.0,0.0,-1.0,0.0,0.0,89.0,515.0
2705.0,0.0,3.1416,-0.003,0.0,0.0,0.0,-1.0,0.0,0.0,89.0,515.0
2715.0,0.0,3.1416,-0.003,0.0,0.0,0.0,-1.0,0.0,0.0,89.0,520.0
2726.0,0.0,3.1416,-0.001,0.0,0.0,0.0,-1.0,0.0,0.0,89.0,515.0
2736.0,0.0,3.1416,0.002,0.0,0.0,0.0,-1.0,0.0,0.0,89.0,515.0
2746.0,0.0,3.1416,0.004,0.0,0.0,0.0,-1.0,0.0,0.0,89.0,499.0
2757.0,0.0,3.1416,-0.001,0.0,0.0,0.0,-1.0,0.0,0.0,89.0,499.0
2767.0,0.0,3.1401,-0.014,0.0,0.0,0.0,-1.0,0.0,0.0,89.0,499.0
2777.0,0.0,3.1401,-0.01,0.0,0.0,0.0,-1.0,0.0,0.0,89.0,504.0
2787.0,0.0,3.1416,-0.003,0.0,0.0,0.0,-1.0,0.0,0.0,89.0,504.0
2797.0,0.0,3.1416,0.0,0.0,0.0,0.0,-1.0,0.0,0.0,89.0,515.0
2807.0,0.0,3.1416,0.009,0.0,0.0,0.0,-1.0,0.0,0.0,89.0,515.0
2818.0,0.0,3.1401,-0.012,0.0,0.0,0.0,-1.0,0.0,0.0,89.0,504.0
2828.0,0.0,3.1416,0.0,0.0,0.0,0.0,-1.0,0.0,0.0,89.0,520.0
2838.0,0.0,3.1416,0.015,0.0,0.0,0.0,-1.0,0.0,0.0,89.0,499.0
2848.0,0.0,3.1401,-0.004,0.0,0.0,0.0,-1.0,0.0,0.0,89.0,499.0
2859.0,0.0,3.1401,0.0,0.0,0.0,0.0,-1.0,0.0,0.0,89.0,499.0
2869.0,0.0,3.1416,-0.001,0.0,0.0,0.0,-1.0,0.0,0.0,89.0,520.0
2879.0,0.0,3.1416,0.007,0.0,0.0,0.0,-1.0,0.0,0.0,89.0,499.0
2889.0,0.0,3.1416,0.005,0.0,0.0,0.0,-1.0,0.0,0.0,89.0,515.0
2899.0,0.0,3.1416,-0.001,0.0,0.0,0.0,-1.0,0.0,0.0,89.0,520.0
2910.0,0.0,3.1416,0.004,0.0,0.0,0.0,-1.0,0.0,0.0,89.0,499.0
2920.0,0.0,3.1416,0.007,0.0,0.0,0.0,-1.0,0.0,0.0,89.0,499.0
2930.0,0.0,3.1401,-0.005,0.0,0.0,0.0,-1.0,0.0,0.0,89.0,520.0
2940.0,0.0,3.1416,-0.001,0.0,0.0,0.0,-1.0,0.0,0.0,89.0,512.0
2951.0,0.0,3.1401,-0.002,0.0,0.0,0.0,-1.0,0.0,0.0,89.0,499.0
2961.0,0.0,3.1416,0.006,0.0,0.0,0.0,-1.0,0.0,0.0,89.0,515.0
2971.0,0.0,3.1401,-0.001,0.0,0.0,0.0,-1.0,0.0,0.0,89.0,515.0
2981.0,0.0,3.1416,0.0,0.0,0.0,0.0,-1.0,0.0,0.0,89.0,499.0
2991.0,0.0,3.1416,-0.007,0.0,0.0,0.0,-1.0,0.0,0.0,89.0,499.0
3001.0,0.0,3.1401,0.0,0.0,0.0,0.0,-1.0,0.0,0.0,89.0,520.0
3011.0,0.0,3.1416,0.008,0.0,0.0,0.0,-1.0,0.0,0.0,89.0,504.0
3021.0,0.0,3.1401,-0.007,0.0,0.0,0.0,-1.0,0.0,0.0,89.0,498.0
3031.0,0.0,3.1401,-0.005,0.0,0.0,0.0,-1.0,0.0,0.0,89.0,504.0
3041.0,0.0,3.1416,0.008,0.0,0.0,0.0,-1.0,0.0,0.0,89.0,515.0
3052.0,0.0,3.1416,-0.003,0.0,0.0,0.0,-1.0,0.0,0.0,89.0,498.0
3062.0,0.0,3.1416,0.004,0.0,0.0,0.0,-1.0,0.0,0.0,89.0,499.0
3072.0,0.0,3.1401,-0.002,0.0,0.0,0.0,-1.0,0.0,0.0,89.0,498.0
3082.0,0.0,3.1416,0.008,0.0,0.0,0.0,-1.0,0.0,0.0,89.0,504.0
3092.0,0.0,3.1416,0.012,0.0,0.0,0.0,-1.0,0.0,0.0,89.0,506.0
3103.0,0.0,3.1416,0.006,0.0,0.0,0.0,-1.0,0.0,0.0,89.0,499.0
3113.0,0.0,3.1401,-0.016,0.0,0.0,0.0,-1.0,0.0,0.0,89.0,499.0
3123.0,0.0,3.1401,-0.002,0.0,0.0,0.0,-1.0,0.0,0.0,89.0,520.0
3134.0,0.0,3.1401,-0.004,0.0,0.0,0.0,-1.0,0.0,0.0,89.0,498.0
3144.0,0.0,3.1401,-0.002,0.0,0.0,0.0,-1.0,0.0,0.0,89.0,499.0
3154.0,0.0,3.1401,-0.002,0.0,0.0,0.0,-1.0,0.0,0.0,89.0,499.0
3164.0,0.0,3.1401,-0.005,0.0,0.0,0.0,-1.0,0.0,0.0,89.0,499.0
3174.0,0.0,3.1416,-0.003,0.0,0.0,0.0,-1.0,0.0,0.0,89.0,498.0
3184.0,0.0,3.1401,-0.014,0.0,0.0,0.0,-1.0,0.0,0.0,89.0,520.0
3195.0,0.0,3.1401,-0.0,0.0,0.0,0.0,-1.0,0.0,0.0,89.0,499.0
3205.0,0.0,3.1401,-0.009,0.0,0.0,0.0,-1.0,0.0,0.0,89.0,520.0
3215.0,0.0,3.1401,0.001,0.0,0.0,0.0,-1.0,0.0,0.0,89.0,498.0
3225.0,0.0,3.1416,0.007,0.0,0.0,0.0,-1.0,0.0,0.0,89.0,504.0
3235.0,0.0,3.1416,0.001,0.0,0.0,0.0,-1.0,0.0,0.0,89.0,504.0
3246.0,0.0,3.1401,-0.006,0.0,0.0,0.0,-1.0,0.0,0.0,89.0,499.0
3256.0,0.0,3.1416,0.004,0.0,0.0,0.0,-1.0,0.0,0.0,89.0,499.0
3266.0,0.0,3.1401,0.004,0.0,0.0,0.0,-1.0,0.0,0.0,89.0,498.0
3277.0,0.0,3.1416,0.012,0.0,0.0,0.0,-1.0,0.0,0.0,89.0,499.0
3287.0,0.0,3.1401,0.001,0.0,0.0,0.0,-1.0,0.0,0.0,89.0,498.0
3297.0,0.0,3.1416,-0.0,0.0,0.0,0.0,-1.0,0.0,0.0,89.0,499.0
3307.0,0.0,3.1401,-0.005,0.0,0.0,0.0,-1.0,0.0,0.0,89.0,504.0
3317.0,0.0,3.1416,-0.0,0.0,0.0,0.0,-1.0,0.0,0.0,89.0,504.0
3327.0,0.0,3.1416,0.007,0.0,0.0,0.0,-1.0,0.0,0.0,89.0,499.0
3338.0,0.0,3.1416,0.001,0.0,0.0,0.0,-1.0,0.0,0.0,89.0,499.0
3348.0,0.0,3.1416,0.002,0.0,0.0,0.0,-1.0,0.0,0.0,89.0,504.0
3358.0,0.0,3.1401,-0.011,0.0,0.0,0.0,-1.0,0.0,0.0,89.0,512.0
3368.0,0.0,3.1416,0.002,0.0,0.0,0.0,-1.0,0.0,0.0,89.0,498.0
3378.0,0.0,3.1416,-0.005,0.0,0.0,0.0,-1.0,0.0,0.0,89.0,504.0
3388.0,0.0,3.1416,-0.004,0.0,0.0,0.0,-1.0,0.0,0.0,89.0,504.0
3399.0,0.0,3.1416,0.001,0.0,0.0,0.0,-1.0,0.0,0.0,89.0,498.0
3409.0,0.0,3.1416,-0.001,0.0,0.0,0.0,-1.0,0.0,0.0,89.0,498.0
3419.0,0.0,3.1401,-0.021,0.0,0.0,0.0,-1.0,0.0,0.0,89.0,512.0
3429.0,0.0,3.1416,0.0,0.0,0.0,0.0,-1.0,0.0,0.0,89.0,498.0
3439.0,0.0,3.1401,0.001,0.0,0.0,0.0,-1.0,0.0,0.0,89.0,498.0
3449.0,0.0,3.1401,-0.005,0.0,0.0,0.0,-1.0,0.0,0.0,89.0,504.0
3459.0,0.0,3.1401,0.001,0.0,0.0,0.0,-1.0,0.0,0.0,89.0,504.0
3470.0,0.0,3.1401,-0.01,0.0,0.0,0.0,-1.0,0.0,0.0,89.0,504.0
3480.0,0.0,3.1416,-0.001,0.0,0.0,0.0,-1.0,0.0,0.0,89.0,498.0
3490.0,0.0,3.1416,0.002,0.0,0.0,0.0,-1.0,0.0,0.0,89.0,512.0
3500.0,0.0,3.1416,0.009,0.0,0.0,0.0,-1.0,0.0,0.0,89.0,499.0
3510.0,0.0,3.1416,0.003,0.0,0.0,0.0,-1.0,0.0,0.0,89.0,504.0
3520.0,0.0,3.1416,0.005,0.0,0.0,0.0,-1.0,0.0,0.0,89.0,504.0
3531.0,0.0,3.1416,0.006,0.0,0.0,0.0,-1.0,0.0,0.0,89.0,498.0
3541.0,0.0,3.1401,-0.001,0.0,0.0,0.0,-1.0,0.0,0.0,89.0,498.0
3551.0,0.0,3.1416,0.009,0.0,0.0,0.0,-1.0,0.0,0.0,89.0,499.0
3561.0,0.0,3.1416,0.007,0.0,0.0,0.0,-1.0,0.0,0.0,89.0,504.0
3571.0,0.0,3.1401,-0.008,0.0,0.0,0.0,-1.0,0.0,0.0,89.0,504.0
3581.0,0.0,3.1416,-0.009,0.0,0.0,0.0,-1.0,0.0,0.0,89.0,512.0
3592.0,0.0,3.1401,-0.007,0.0,0.0,0.0,-1.0,0.0,0.0,89.0,498.0
3602.0,0.0,3.1416,-0.006,0.0,0.0,0.0,-1.0,0.0,0.0,89.0,499.0
3612.0,0.0,3.1416,0.001,0.0,0.0,0.0,-1.0,0.0,0.0,89.0,498.0
3622.0,0.0,3.1416,0.001,0.0,0.0,0.0,-1.0,0.0,0.0,89.0,503.0
3632.0,0.0,3.1416,-0.003,0.0,0.0,0.0,-1.0,0.0,0.0,89.0,499.0
3642.0,0.0,3.1401,-0.001,0.0,0.0,0.0,-1.0,0.0,0.0,89.0,498.0
3653.0,0.0,3.1401,0.007,0.0,0.0,0.0,-1.0,0.0,0.0,89.0,498.0
3663.0,0.0,3.1416,0.011,0.0,0.0,0.0,-1.0,0.0,0.0,89.0,499.0
3673.0,0.0,3.1416,0.001,0.0,0.0,0.0,-1.0,0.0,0.0,89.0,512.0
3683.0,0.0,3.1416,0.005,0.0,0.0,0.0,-1.0,0.0,0.0,89.0,499.0
3693.0,0.0,3.1416,-0.006,0.0,0.0,0.0,-1.0,0.0,0.0,89.0,520.0
3704.0,0.0,3.1416,0.012,0.0,0.0,0.0,-1.0,0.0,0.0,89.0,492.0
3714.0,0.0,3.1416,0.009,0.0,0.0,0.0,-1.0,0.0,0.0,89.0,512.0
3724.0,0.0,3.1401,-0.0,0.0,0.0,0.0,-1.0,0.0,0.0,89.0,498.0
3734.0,0.0,3.1416,0.004,0.0,0.0,0.0,-1.0,0.0,0.0,89.0,499.0
3744.0,0.0,3.1416,-0.002,0.0,0.0,0.0,-1.0,0.0,0.0,89.0,498.0
3754.0,0.0,3.1416,-0.001,0.0,0.0,0.0,-1.0,0.0,0.0,89.0,504.0
3764.0,0.0,3.1416,0.001,0.0,0.0,0.0,-1.0,0.0,0.0,89.0,512.0
3775.0,0.0,3.1416,0.005,0.0,0.0,0.0,-1.0,0.0,0.0,89.0,499.0
3785.0,0.0,3.1401,-0.001,0.0,0.0,0.0,-1.0,0.0,0.0,89.0,498.0
3795.0,0.0,3.1401,0.0,0.0,0.0,0.0,-1.0,0.0,0.0,89.0,499.0
3805.0,0.0,3.1416,0.001,0.0,0.0,0.0,-1.0,0.0,0.0,89.0,504.0
3816.0,0.0,3.1416,-0.004,0.0,0.0,0.0,-1.0,0.0,0.0,89.0,498.0
3826.0,0.0,3.1416,0.004,0.0,0.0,0.0,-1.0,0.0,0.0,89.0,498.0
3836.0,0.0,3.1401,-0.01,0.0,0.0,0.0,-1.0,0.0,0.0,89.0,512.0
3846.0,0.0,3.1416,0.002,0.0,0.0,0.0,-1.0,0.0,0.0,89.0,498.0
3856.0,0.0,3.1416,-0.006,0.0,0.0,0.0,-1.0,0.0,0.0,89.0,498.0
3866.0,0.0,3.1401,-0.0,0.0,0.0,0.0,-1.0,0.0,0.0,89.0,504.0
3876.0,0.0,3.1416,0.011,0.0,0.0,0.0,-1.0,0.0,0.0,89.0,504.0
3887.0,0.0,3.1416,0.003,0.0,0.0,0.0,-1.0,0.0,0.0,89.0,498.0
3897.0,0.0,3.1416,0.001,0.0,0.0,0.0,-1.0,0.0,0.0,89.0,498.0
3907.0,0.0,3.1401,-0.005,0.0,0.0,0.0,-1.0,0.0,0.0,89.0,499.0
3917.0,0.0,3.1416,0.001,0.0,0.0,0.0,-1.0,0.0,0.0,89.0,504.0
3927.0,0.0,3.1416,0.002,0.0,0.0,0.0,-1.0,0.0,0.0,89.0,504.0
3938.0,0.0,3.1416,0.002,0.0,0.0,0.0,-1.0,0.0,0.0,89.0,498.0
3948.0,0.0,3.1416,0.005,0.0,0.0,0.0,-1.0,0.0,0.0,89.0,493.0
3958.0,0.0,3.1416,0.004,0.0,0.0,0.0,-1.0,0.0,0.0,89.0,498.0
3968.0,0.0,3.1416,0.005,0.0,0.0,0.0,-1.0,0.0,0.0,89.0,504.0
3978.0,0.0,3.1416,0.002,0.0,0.0,0.0,-1.0,0.0,0.0,89.0,512.0
3989.0,0.0,3.1416,-0.004,0.0,0.0,0.0,-1.0,0.0,0.0,89.0,515.0
3999.0,0.0,3.1401,-0.009,0.0,0.0,0.0,-1.0,0.0,0.0,89.0,499.0
4009.0,0.0,3.1416,-0.005,0.0,0.0,0.0,-1.0,0.0,0.0,89.0,520.0
4019.0,0.0,3.1416,-0.001,0.0,0.0,0.0,-1.0,0.0,0.0,89.0,520.0
4030.0,0.0,3.1416,-0.0,0.0,0.0,0.0,-1.0,0.0,0.0,89.0,498.0
4040.0,0.0,3.1416,-0.002,0.0,0.0,0.0,-1.0,0.0,0.0,89.0,499.0
4050.0,0.0,3.1401,-0.006,0.0,0.0,0.0,-1.0,0.0,0.0,89.0,512.0
4060.0,0.0,3.1416,-0.005,0.0,0.0,0.0,-1.0,0.0,0.0,89.0,498.0
4070.0,0.0,3.1416,0.005,0.0,0.0,0.0,-1.0,0.0,0.0,89.0,504.0
4080.0,0.0,3.1416,0.01,0.0,0.0,0.0,-1.0,0.0,0.0,89.0,504.0
4091.0,0.0,3.1416,0.01,0.0,0.0,0.0,-1.0,0.0,0.0,89.0,499.0
4101.0,0.0,3.1416,-0.001,0.0,0.0,0.0,-1.0,0.0,0.0,89.0,515.0
4111.0,0.0,3.1416,0.006,0.0,0.0,0.0,-1.0,0.0,0.0,89.0,512.0
4121.0,0.0,3.1401,0.003,0.0,0.0,0.0,-1.0,0.0,0.0,89.0,504.0
4131.0,0.0,3.1416,-0.005,0.0,0.0,0.0,-1.0,0.0,0.0,89.0,499.0
4142.0,0.0,3.1416,0.007,0.0,0.0,0.0,-1.0,0.0,0.0,89.0,493.0
4152.0,0.0,3.1416,0.004,0.0,0.0,0.0,-1.0,0.0,0.0,89.0,515.0
4162.0,0.0,3.1416,-0.007,0.0,0.0,0.0,-1.0,0.0,0.0,89.0,498.0
4172.0,0.0,3.1416,-0.007,0.0,0.0,0.0,-1.0,0.0,0.0,89.0,504.0
4182.0,0.0,3.1416,-0.004,0.0,0.0,0.0,-1.0,0.0,0.0,89.0,504.0
4193.0,0.0,3.1416,0.004,0.0,0.0,0.0,-1.0,0.0,0.0,89.0,499.0
4203.0,0.0,3.1416,0.001,0.0,0.0,0.0,-1.0,0.0,0.0,89.0,498.0
4213.0,0.0,3.1401,-0.001,0.0,0.0,0.0,-1.0,0.0,0.0,89.0,499.0
4223.0,0.0,3.1401,-0.007,0.0,0.0,0.0,-1.0,0.0,0.0,89.0,499.0
4233.0,0.0,3.1401,-0.014,0.0,0.0,0.0,-1.0,0.0,0.0,89.0,498.0
4243.0,0.0,3.1401,0.001,0.0,0.0,0.0,-1.0,0.0,0.0,89.0,515.0
4254.0,0.0,3.1401,-0.001,0.0,0.0,0.0,-1.0,0.0,0.0,89.0,499.0
4264.0,0.0,3.1401,0.003,0.0,0.0,0.0,-1.0,0.0,0.0,89.0,499.0
4274.0,0.0,3.1416,0.003,0.0,0.0,0.0,-1.0,0.0,0.0,89.0,504.0
4284.0,0.0,3.1416,0.007,0.0,0.0,0.0,-1.0,0.0,0.0,89.0,499.0
4295.0,0.0,3.1401,-0.005,0.0,0.0,0.0,-1.0,0.0,0.0,89.0,499.0
4305.0,0.0,3.1401,-0.0,0.0,0.0,0.0,-1.0,0.0,0.0,89.0,520.0
4315.0,0.0,3.1416,0.009,0.0,0.0,0.0,-1.0,0.0,0.0,89.0,499.0
4325.0,0.0,3.1401,0.002,0.0,0.0,0.0,-1.0,0.0,0.0,89.0,515.0
4336.0,0.0,3.1401,0.001,0.0,0.0,0.0,-1.0,0.0,0.0,89.0,515.0
4346.0,0.0,3.1416,0.006,0.0,0.0,0.0,-1.0,0.0,0.0,89.0,500.0
4356.0,0.0,3.1416,-0.008,0.0,0.0,0.0,-1.0,0.0,0.0,89.0,504.0
4366.0,0.0,3.1416,-0.0,0.0,0.0,0.0,-1.0,0.0,0.0,89.0,504.0
4376.0,0.0,3.1401,-0.006,0.0,0.0,0.0,-1.0,0.0,0.0,89.0,512.0
4386.0,0.0,3.1416,0.006,0.0,0.0,0.0,-1.0,0.0,0.0,89.0,520.0
4397.0,0.0,3.1401,0.0,0.0,0.0,0.0,-1.0,0.0,0.0,89.0,499.0
4407.0,0.0,3.1416,0.005,0.0,0.0,0.0,-1.0,0.0,0.0,89.0,520.0
4417.0,0.0,3.1401,-0.007,0.0,0.0,0.0,-1.0,0.0,0.0,89.0,515.0
4427.0,0.0,3.1401,-0.004,0.0,0.0,0.0,-1.0,0.0,0.0,89.0,515.0
4437.0,0.0,3.1401,-0.011,0.0,0.0,0.0,-1.0,0.0,0.0,89.0,520.0
4448.0,0.0,3.1416,-0.001,0.0,0.0,0.0,-1.0,0.0,0.0,89.0,504.0
4458.0,0.0,3.1416,0.001,0.0,0.0,0.0,-1.0,0.0,0.0,89.0,499.0
4468.0,0.0,3.1401,-0.013,0.0,0.0,0.0,-1.0,0.0,0.0,89.0,512.0
4479.0,0.0,3.1416,0.002,0.0,0.0,0.0,-1.0,0.0,0.0,89.0,504.0
4489.0,0.0,3.1401,0.007,0.0,0.0,0.0,-1.0,0.0,0.0,89.0,504.0
4499.0,0.0,3.1401,0.004,0.0,0.0,0.0,-1.0,0.0,0.0,89.0,515.0
4509.0,0.0,3.1416,0.006,0.0,0.0,0.0,-1.0,0.0,0.0,89.0,515.0
4519.0,0.0,3.1416,-0.007,0.0,0.0,0.0,-1.0,0.0,0.0,89.0,515.0
4529.0,0.0,3.1416,0.001,0.0,0.0,0.0,-1.0,0.0,0.0,89.0,499.0
4539.0,0.0,3.1401,-0.017,0.0,0.0,0.0,-1.0,0.0,0.0,89.0,504.0
4549.0,0.0,3.1401,-0.003,0.0,0.0,0.0,-1.0,0.0,0.0,89.0,504.0
4559.0,0.0,3.1401,-0.007,0.0,0.0,0.0,-1.0,0.0,0.0,89.0,520.0
4570.0,0.0,3.1401,-0.0,0.0,0.0,0.0,-1.0,0.0,0.0,89.0,499.0
4580.0,0.0,3.1401,0.002,0.0,0.0,0.0,-1.0,0.0,0.0,89.0,520.0
4590.0,0.0,3.1416,-0.001,0.0,0.0,0.0,-1.0,0.0,0.0,89.0,515.0
4600.0,0.0,3.1401,0.002,0.0,0.0,0.0,-1.0,0.0,0.0,89.0,512.0
4610.0,0.0,3.1416,0.005,0.0,0.0,0.0,-1.0,0.0,0.0,89.0,504.0
4620.0,0.0,3.1416,0.008,0.0,0.0,0.0,-1.0,0.0,0.0,89.0,504.0
4630.0,0.0,3.1416,0.01,0.0,0.0,0.0,-1.0,0.0,0.0,89.0,520.0
4641.0,0.0,3.1416,-0.005,0.0,0.0,0.0,-1.0,0.0,0.0,89.0,507.0
4651.0,0.0,3.1416,-0.007,0.0,0.0,0.0,-1.0,0.0,0.0,89.0,515.0
4661.0,0.0,3.1401,-0.004,0.0,0.0,0.0,-1.0,0.0,0.0,89.0,520.0
4671.0,0.0,3.1416,0.003,0.0,0.0,0.0,-1.0,0.0,0.0,89.0,499.0
4681.0,0.0,3.1416,0.002,0.0,0.0,0.0,-1.0,0.0,0.0,89.0,515.0
4692.0,0.0,3.1416,-0.002,0.0,0.0,0.0,-1.0,0.0,0.0,89.0,499.0
4702.0,0.0,3.1416,0.001,0.0,0.0,0.0,-1.0,0.0,0.0,89.0,475.0
4712.0,0.0,3.1401,-0.009,0.0,0.0,0.0,-1.0,0.0,0.0,89.0,499.0
4722.0,0.0,3.1401,-0.005,0.0,0.0,0.0,-1.0,0.0,0.0,89.0,504.0
4732.0,0.0,3.1416,0.005,0.0,0.0,0.0,-1.0,0.0,0.0,89.0,504.0
4743.0,0.0,3.1416,0.006,0.0,0.0,0.0,-1.0,0.0,0.0,89.0,499.0
4753.0,0.0,3.1416,-0.001,0.0,0.0,0.0,-1.0,0.0,0.0,89.0,499.0
4763.0,0.0,3.1416,0.005,0.0,0.0,0.0,-1.0,0.0,0.0,89.0,498.0
4773.0,0.0,3.1416,0.004,0.0,0.0,0.0,-1.0,0.0,0.0,89.0,512.0
4784.0,0.0,3.1401,-0.002,0.0,0.0,0.0,-1.0,0.0,0.0,89.0,499.0
4794.0,0.0,3.1416,-0.003,0.0,0.0,0.0,-1.0,0.0,0.0,89.0,499.0
4804.0,0.0,3.1416,-0.002,0.0,0.0,0.0,-1.0,0.0,0.0,89.0,499.0
4814.0,0.0,3.1416,0.002,0.0,0.0,0.0,-1.0,0.0,0.0,89.0,515.0
4825.0,0.0,3.1416,-0.002,0.0,0.0,0.0,-1.0,0.0,0.0,89.0,498.0
4835.0,0.0,3.1416,0.005,0.0,0.0,0.0,-1.0,0.0,0.0,89.0,499.0
4845.0,0.0,3.1401,-0.008,0.0,0.0,0.0,-1.0,0.0,0.0,89.0,498.0
4855.0,0.0,3.1401,-0.009,0.0,0.0,0.0,-1.0,0.0,0.0,89.0,499.0
4865.0,0.0,3.1401,-0.002,0.0,0.0,0.0,-1.0,0.0,0.0,89.0,498.0
4875.0,0.0,3.1416,0.001,0.0,0.0,0.0,-1.0,0.0,0.0,89.0,504.0
4885.0,0.0,3.1401,-0.01,0.0,0.0,0.0,-1.0,0.0,0.0,89.0,512.0
4896.0,0.0,3.1401,0.001,0.0,0.0,0.0,-1.0,0.0,0.0,89.0,498.0
4906.0,0.0,3.1401,0.004,0.0,0.0,0.0,-1.0,0.0,0.0,89.0,499.0
4916.0,0.0,3.1416,0.015,0.0,0.0,0.0,-1.0,0.0,0.0,89.0,499.0
4926.0,0.0,3.1401,0.005,0.0,0.0,0.0,-1.0,0.0,0.0,89.0,515.0
4937.0,0.0,3.1401,-0.015,0.0,0.0,0.0,-1.0,0.0,0.0,89.0,498.0
4947.0,0.0,3.1416,-0.004,0.0,0.0,0.0,-1.0,0.0,0.0,89.0,499.0
4957.0,0.0,3.1416,-0.001,0.0,0.0,0.0,-1.0,0.0,0.0,89.0,499.0
4967.0,0.0,3.1416,0.0,0.0,0.0,0.0,-1.0,0.0,0.0,89.0,504.0
4977.0,0.0,3.1416,0.011,0.0,0.0,0.0,-1.0,0.0,0.0,89.0,512.0
4988.0,0.0,3.1401,0.009,0.0,0.0,0.0,-1.0,0.0,0.0,89.0,498.0
4998.0,0.0,3.1401,-0.011,0.0,0.0,0.0,-1.0,0.0,0.0,89.0,499.0
5008.0,0.0,3.1416,-0.004,0.0,0.0,0.0,-1.0,0.0,0.0,89.0,498.0
5018.0,0.0,3.1416,0.006,0.0,0.0,0.0,-1.0,0.0,0.0,89.0,504.0
5028.0,0.0,3.1416,0.003,0.0,0.0,0.0,-1.0,0.0,0.0,89.0,498.0
5038.0,0.0,3.1416,0.001,0.0,0.0,0.0,-1.0,0.0,0.0,89.0,520.0
5049.0,0.0,3.1416,0.004,0.0,0.0,0.0,-1.0,0.0,0.0,89.0,515.0
5059.0,0.0,3.1416,-0.003,0.0,0.0,0.0,-1.0,0.0,0.0,89.0,499.0
5069.0,0.0,3.1416,-0.009,0.0,0.0,0.0,-1.0,0.0,0.0,89.0,504.0
5079.0,0.0,3.1416,0.006,0.0,0.0,0.0,-1.0,0.0,0.0,89.0,504.0
5089.0,0.0,3.1416,0.008,0.0,0.0,0.0,-1.0,0.0,0.0,89.0,520.0
5100.0,0.0,3.1401,-0.004,0.0,0.0,0.0,-1.0,0.0,0.0,89.0,499.0
5110.0,0.0,3.1416,-0.006,0.0,0.0,0.0,-1.0,0.0,0.0,89.0,499.0
5120.0,0.0,3.1416,0.003,0.0,0.0,0.0,-1.0,0.0,0.0,89.0,499.0
5130.0,0.0,3.1416,-0.005,0.0,0.0,0.0,-1.0,0.0,0.0,89.0,515.0
5140.0,0.0,3.1416,0.001,0.0,0.0,0.0,-1.0,0.0,0.0,89.0,520.0
5151.0,0.0,3.1416,0.0,0.0,0.0,0.0,-1.0,0.0,0.0,89.0,499.0
5161.0,0.0,3.1416,0.006,0.0,0.0,0.0,-1.0,0.0,0.0,89.0,515.0
5171.0,0.0,3.1401,-0.007,0.0,0.0,0.0,-1.0,0.0,0.0,89.0,515.0
5181.0,0.0,3.1416,0.007,0.0,0.0,0.0,-1.0,0.0,0.0,89.0,499.0
5191.0,0.0,3.1416,0.009,0.0,0.0,0.0,-1.0,0.0,0.0,89.0,515.0
5201.0,0.0,3.1401,-0.009,0.0,0.0,0.0,-1.0,0.0,0.0,89.0,520.0
5212.0,0.0,3.1416,0.005,0.0,0.0,0.0,-1.0,0.0,0.0,89.0,504.0
5222.0,0.0,3.1416,0.001,0.0,0.0,0.0,-1.0,0.0,0.0,89.0,504.0
5232.0,0.0,3.1401,-0.004,0.0,0.0,0.0,-1.0,0.0,0.0,89.0,504.0
5242.0,0.0,3.1416,-0.002,0.0,0.0,0.0,-1.0,0.0,0.0,89.0,498.0
5252.0,0.0,3.1401,0.005,0.0,0.0,0.0,-1.0,0.0,0.0,89.0,515.0
5263.0,0.0,3.1401,-0.003,0.0,0.0,0.0,-1.0,0.0,0.0,89.0,515.0
5273.0,0.0,3.1401,-0.005,0.0,0.0,0.0,-1.0,0.0,0.0,89.0,499.0
5283.0,0.0,3.1416,0.003,0.0,0.0,0.0,-1.0,0.0,0.0,89.0,512.0
5293.0,0.0,3.1401,-0.005,0.0,0.0,0.0,-1.0,0.0,0.0,89.0,512.0
5303.0,0.0,3.1416,0.007,0.0,0.0,0.0,-1.0,0.0,0.0,89.0,520.0
5314.0,0.0,3.1416,-0.003,0.0,0.0,0.0,-1.0,0.0,0.0,89.0,499.0
5324.0,0.0,3.1416,-0.001,0.0,0.0,0.0,-1.0,0.0,0.0,89.0,499.0
5334.0,0.0,3.1416,0.006,0.0,0.0,0.0,-1.0,0.0,0.0,89.0,499.0
5344.0,0.0,3.1416,0.011,0.0,0.0,0.0,-1.0,0.0,0.0,89.0,499.0
5354.0,0.0,3.1416,0.006,0.0,0.0,0.0,-1.0,0.0,0.0,89.0,509.0
5365.0,0.0,3.1416,0.004,0.0,0.0,0.0,-1.0,0.0,0.0,89.0,504.0
5375.0,0.0,3.1416,-0.004,0.0,0.0,0.0,-1.0,0.0,0.0,89.0,504.0
5385.0,0.0,3.1416,-0.001,0.0,0.0,0.0,-1.0,0.0,0.0,89.0,499.0
5395.0,0.0,3.1416,-0.012,0.0,0.0,0.0,-1.0,0.0,0.0,89.0,520.0
5406.0,0.0,3.1401,-0.011,0.0,0.0,0.0,-1.0,0.0,0.0,89.0,512.0
5416.0,0.0,3.1416,0.003,0.0,0.0,0.0,-1.0,0.0,0.0,89.0,475.0
5426.0,0.0,3.1401,-0.002,0.0,0.0,0.0,-1.0,0.0,0.0,89.0,499.0
5436.0,0.0,3.1401,-0.011,0.0,0.0,0.0,-1.0,0.0,0.0,89.0,499.0
5446.0,0.0,3.1416,0.005,0.0,0.0,0.0,-1.0,0.0,0.0,89.0,515.0
5457.0,0.0,3.1416,0.008,0.0,0.0,0.0,-1.0,0.0,0.0,89.0,515.0
5467.0,0.0,3.1416,0.007,0.0,0.0,0.0,-1.0,0.0,0.0,89.0,515.0
5477.0,0.0,3.1401,-0.004,0.0,0.0,0.0,-1.0,0.0,0.0,89.0,498.0
5487.0,0.0,3.1416,0.007,0.0,0.0,0.0,-1.0,0.0,0.0,89.0,499.0
5497.0,0.0,3.1401,-0.005,0.0,0.0,0.0,-1.0,0.0,0.0,89.0,515.0
5507.0,0.0,3.1401,-0.004,0.0,0.0,0.0,-1.0,0.0,0.0,89.0,515.0
5518.0,0.0,3.1416,0.004,0.0,0.0,0.0,-1.0,0.0,0.0,89.0,499.0
5528.0,0.0,3.1416,-0.006,0.0,0.0,0.0,-1.0,0.0,0.0,89.0,515.0
5538.0,0.0,3.1401,-0.001,0.0,0.0,0.0,-1.0,0.0,0.0,89.0,520.0
5548.0,0.0,3.1416,0.003,0.0,0.0,0.0,-1.0,0.0,0.0,89.0,520.0
5558.0,0.0,3.1401,-0.008,0.0,0.0,0.0,-1.0,0.0,0.0,89.0,499.0
5568.0,0.0,3.1416,-0.009,0.0,0.0,0.0,-1.0,0.0,0.0,89.0,520.0
5579.0,0.0,3.1416,0.012,0.0,0.0,0.0,-1.0,0.0,0.0,89.0,504.0
5589.0,0.0,3.1401,0.0,0.0,0.0,0.0,-1.0,0.0,0.0,89.0,475.0
5599.0,0.0,3.1401,-0.01,0.0,0.0,0.0,-1.0,0.0,0.0,89.0,499.0
5609.0,0.0,3.1416,0.002,0.0,0.0,0.0,-1.0,0.0,0.0,89.0,504.0
5619.0,0.0,3.1416,0.001,0.0,0.0,0.0,-1.0,0.0,0.0,89.0,504.0
5629.0,0.0,3.1416,0.009,0.0,0.0,0.0,-1.0,0.0,0.0,89.0,520.0
5640.0,0.0,3.1416,0.003,0.0,0.0,0.0,-1.0,0.0,0.0,89.0,499.0
5650.0,0.0,3.1416,0.002,0.0,0.0,0.0,-1.0,0.0,0.0,89.0,499.0
5660.0,0.0,3.1401,-0.001,0.0,0.0,0.0,-1.0,0.0,0.0,89.0,515.0
5670.0,0.0,3.1401,-0.006,0.0,0.0,0.0,-1.0,0.0,0.0,89.0,515.0
5680.0,0.0,3.1416,-0.001,0.0,0.0,0.0,-1.0,0.0,0.0,89.0,504.0
5690.0,0.0,3.1401,-0.004,0.0,0.0,0.0,-1.0,0.0,0.0,89.0,504.0
5700.0,0.0,3.1401,-0.014,0.0,0.0,0.0,-1.0,0.0,0.0,89.0,520.0
5710.0,0.0,3.1416,0.001,0.0,0.0,0.0,-1.0,0.0,0.0,89.0,520.0
5721.0,0.0,3.1416,0.002,0.0,0.0,0.0,-1.0,0.0,0.0,89.0,499.0
5731.0,0.0,3.1416,0.006,0.0,0.0,0.0,-1.0,0.0,0.0,89.0,515.0
5741.0,0.0,3.1401,-0.001,0.0,0.0,0.0,-1.0,0.0,0.0,89.0,520.0
5751.0,0.0,3.1401,-0.006,0.0,0.0,0.0,-1.0,0.0,0.0,89.0,515.0
5761.0,0.0,3.1401,-0.009,0.0,0.0,0.0,-1.0,0.0,0.0,89.0,515.0
5771.0,0.0,3.1416,-0.005,0.0,0.0,0.0,-1.0,0.0,0.0,89.0,520.0
5782.0,0.0,3.1416,0.01,0.0,0.0,0.0,-1.0,0.0,0.0,89.0,504.0
5792.0,0.0,3.1416,0.016,0.0,0.0,0.0,-1.0,0.0,0.0,89.0,507.0
5802.0,0.0,3.1416,-0.003,0.0,0.0,0.0,-1.0,0.0,0.0,89.0,499.0
5812.0,0.0,3.1401,-0.004,0.0,0.0,0.0,-1.0,0.0,0.0,89.0,520.0
5822.0,0.0,3.1416,0.005,0.0,0.0,0.0,-1.0,0.0,0.0,89.0,512.0
5832.0,0.0,3.1401,-0.0,0.0,0.0,0.0,-1.0,0.0,0.0,89.0,504.0
5842.0,0.0,3.1401,-0.004,0.0,0.0,0.0,-1.0,0.0,0.0,89.0,499.0
5853.0,0.0,3.1401,0.002,0.0,0.0,0.0,-1.0,0.0,0.0,89.0,499.0
5863.0,0.0,3.1416,0.006,0.0,0.0,0.0,-1.0,0.0,0.0,89.0,520.0
5873.0,0.0,3.1416,0.008,0.0,0.0,0.0,-1.0,0.0,0.0,89.0,509.0
5883.0,0.0,3.1416,0.002,0.0,0.0,0.0,-1.0,0.0,0.0,89.0,520.0
5893.0,0.0,3.1416,0.001,0.0,0.0,0.0,-1.0,0.0,0.0,89.0,520.0
5903.0,0.0,3.1401,-0.009,0.0,0.0,0.0,-1.0,0.0,0.0,89.0,499.0
5913.0,0.0,3.1416,0.001,0.0,0.0,0.0,-1.0,0.0,0.0,89.0,504.0
5924.0,0.0,3.1401,-0.014,0.0,0.0,0.0,-1.0,0.0,0.0,89.0,499.0
5934.0,0.0,3.1401,-0.012,0.0,0.0,0.0,-1.0,0.0,0.0,89.0,515.0
5944.0,0.0,3.1416,-0.001,0.0,0.0,0.0,-1.0,0.0,0.0,89.0,504.0
5954.0,0.0,3.1416,0.005,0.0,0.0,0.0,-1.0,0.0,0.0,89.0,515.0
5965.0,0.0,3.1416,-0.005,0.0,0.0,0.0,-1.0,0.0,0.0,89.0,499.0
5975.0,0.0,3.1401,0.0,0.0,0.0,0.0,-1.0,0.0,0.0,89.0,504.0
5985.0,0.0,3.1401,-0.0,0.0,0.0,0.0,-1.0,0.0,0.0,89.0,499.0
5995.0,0.0,3.1416,0.015,0.0,0.0,0.0,-1.0,0.0,0.0,89.0,499.0
6005.0,0.0,3.1401,0.003,0.0,0.0,0.0,-1.0,0.0,0.0,89.0,499.0
6015.0,0.0,3.1416,0.005,0.0,0.0,0.0,-1.0,0.0,0.0,89.0,520.0
6026.0,0.0,3.1401,-0.003,0.0,0.0,0.0,-1.0,0.0,0.0,89.0,512.0
6036.0,0.0,3.1401,-0.008,0.0,0.0,0.0,-1.0,0.0,0.0,89.0,475.0
6046.0,0.0,3.1416,0.008,0.0,0.0,0.0,-1.0,0.0,0.0,89.0,499.0
6056.0,0.0,3.1416,0.0,0.0,0.0,0.0,-1.0,0.0,0.0,89.0,515.0
6067.0,0.0,3.1416,0.002,0.0,0.0,0.0,-1.0,0.0,0.0,89.0,499.0
6077.0,0.0,3.1401,-0.005,0.0,0.0,0.0,-1.0,0.0,0.0,89.0,499.0
6087.0,0.0,3.1416,0.006,0.0,0.0,0.0,-1.0,0.0,0.0,89.0,515.0
6098.0,0.0,3.1416,-0.002,0.0,0.0,0.0,-1.0,0.0,0.0,89.0,499.0
6108.0,0.0,3.1416,0.008,0.0,0.0,0.0,-1.0,0.0,0.0,89.0,499.0
6118.0,0.0,3.1416,-0.004,0.0,0.0,0.0,-1.0,0.0,0.0,89.0,515.0
6129.0,0.0,3.1401,-0.008,0.0,0.0,0.0,-1.0,0.0,0.0,89.0,504.0
6139.0,0.0,3.1401,-0.004,0.0,0.0,0.0,-1.0,0.0,0.0,89.0,504.0
6149.0,0.0,3.1401,0.0,0.0,0.0,0.0,-1.0,0.0,0.0,89.0,520.0
6159.0,0.0,3.1416,-0.006,0.0,0.0,0.0,-1.0,0.0,0.0,89.0,515.0
6169.0,0.0,3.1401,0.002,0.0,0.0,0.0,-1.0,0.0,0.0,89.0,515.0
6180.0,0.0,3.1416,0.002,0.0,0.0,0.0,-1.0,0.0,0.0,89.0,499.0
6190.0,0.0,3.1416,0.006,0.0,0.0,0.0,-1.0,0.0,0.0,89.0,504.0
6200.0,0.0,3.1416,0.002,0.0,0.0,0.0,-1.0,0.0,0.0,89.0,504.0
6210.0,0.0,3.1416,0.006,0.0,0.0,0.0,-1.0,0.0,0.0,89.0,504.0
6220.0,0.0,3.1416,0.017,0.0,0.0,0.0,-1.0,0.0,0.0,89.0,512.0
6230.0,0.0,3.1416,0.01,0.0,0.0,0.0,-1.0,0.0,0.0,89.0,520.0
6240.0,0.0,3.1416,0.003,0.0,0.0,0.0,-1.0,0.0,0.0,89.0,499.0
6250.0,0.0,3.1416,0.006,0.0,0.0,0.0,-1.0,0.0,0.0,89.0,515.0
6261.0,0.0,3.1401,-0.006,0.0,0.0,0.0,-1.0,0.0,0.0,89.0,515.0
6271.0,0.0,3.1416,0.0,0.0,0.0,0.0,-1.0,0.0,0.0,89.0,515.0
6281.0,0.0,3.1416,0.003,0.0,0.0,0.0,-1.0,0.0,0.0,89.0,498.0
6291.0,0.0,3.1416,0.003,0.0,0.0,0.0,-1.0,0.0,0.0,89.0,504.0
6301.0,0.0,3.1416,0.002,0.0,0.0,0.0,-1.0,0.0,0.0,89.0,499.0
6312.0,0.0,3.1401,-0.003,0.0,0.0,0.0,-1.0,0.0,0.0,89.0,499.0
6322.0,0.0,3.1416,-0.003,0.0,0.0,0.0,-1.0,0.0,0.0,89.0,512.0
6332.0,0.0,3.1401,-0.009,0.0,0.0,0.0,-1.0,0.0,0.0,89.0,498.0
6342.0,0.0,3.1401,-0.01,0.0,0.0,0.0,-1.0,0.0,0.0,89.0,498.0
6352.0,0.0,3.1401,-0.009,0.0,0.0,0.0,-1.0,0.0,0.0,89.0,504.0
6362.0,0.0,3.1416,0.011,0.0,0.0,0.0,-1.0,0.0,0.0,89.0,504.0
6372.0,0.0,3.1401,0.004,0.0,0.0,0.0,-1.0,0.0,0.0,89.0,515.0
6383.0,0.0,3.1401,-0.002,0.0,0.0,0.0,-1.0,0.0,0.0,89.0,498.0
6393.0,0.0,3.1401,0.002,0.0,0.0,0.0,-1.0,0.0,0.0,89.0,499.0
6403.0,0.0,3.1416,-0.003,0.0,0.0,0.0,-1.0,0.0,0.0,89.0,499.0
6413.0,0.0,3.1416,0.007,0.0,0.0,0.0,-1.0,0.0,0.0,89.0,515.0
6424.0,0.0,3.1416,0.008,0.0,0.0,0.0,-1.0,0.0,0.0,89.0,515.0
6434.0,0.0,3.1416,0.013,0.0,0.0,0.0,-1.0,0.0,0.0,89.0,498.0
6444.0,0.0,3.1416,-0.001,0.0,0.0,0.0,-1.0,0.0,0.0,89.0,504.0
6454.0,0.0,3.1401,-0.006,0.0,0.0,0.0,-1.0,0.0,0.0,89.0,504.0
6465.0,0.0,3.1416,0.003,0.0,0.0,0.0,-1.0,0.0,0.0,89.0,499.0
6475.0,0.0,3.1416,-0.008,0.0,0.0,0.0,-1.0,0.0,0.0,89.0,504.0
6485.0,0.0,3.1401,-0.008,0.0,0.0,0.0,-1.0,0.0,0.0,89.0,499.0
6495.0,0.0,3.1416,0.001,0.0,0.0,0.0,-1.0,0.0,0.0,89.0,498.0
6505.0,0.0,3.1401,-0.008,0.0,0.0,0.0,-1.0,0.0,0.0,89.0,499.0
6515.0,0.0,3.1416,0.008,0.0,0.0,0.0,-1.0,0.0,0.0,89.0,504.0
6526.0,0.0,3.1416,0.009,0.0,0.0,0.0,-1.0,0.0,0.0,89.0,499.0
6536.0,0.0,3.1416,0.002,0.0,0.0,0.0,-1.0,0.0,0.0,89.0,498.0
6546.0,0.0,3.1416,-0.002,0.0,0.0,0.0,-1.0,0.0,0.0,89.0,504.0
6556.0,0.0,3.1416,-0.003,0.0,0.0,0.0,-1.0,0.0,0.0,89.0,504.0
6567.0,0.0,3.1416,0.004,0.0,0.0,0.0,-1.0,0.0,0.0,89.0,504.0
6577.0,0.0,3.1416,0.001,0.0,0.0,0.0,-1.0,0.0,0.0,89.0,504.0
6587.0,0.0,3.1401,-0.002,0.0,0.0,0.0,-1.0,0.0,0.0,89.0,498.0
6597.0,0.0,3.1416,0.003,0.0,0.0,0.0,-1.0,0.0,0.0,89.0,504.0
6607.0,0.0,3.1416,0.003,0.0,0.0,0.0,-1.0,0.0,0.0,89.0,504.0
6618.0,0.0,3.1416,-0.006,0.0,0.0,0.0,-1.0,0.0,0.0,89.0,498.0
6628.0,0.0,3.1401,-0.006,0.0,0.0,0.0,-1.0,0.0,0.0,89.0,499.0
6638.0,0.0,3.1416,0.001,0.0,0.0,0.0,-1.0,0.0,0.0,89.0,498.0
6648.0,0.0,3.1401,-0.005,0.0,0.0,0.0,-1.0,0.0,0.0,89.0,499.0
6658.0,0.0,3.1416,-0.001,0.0,0.0,0.0,-1.0,0.0,0.0,89.0,504.0
6668.0,0.0,3.1416,0.001,0.0,0.0,0.0,-1.0,0.0,0.0,89.0,504.0
6679.0,0.0,3.1416,0.013,0.0,0.0,0.0,-1.0,0.0,0.0,89.0,499.0
6689.0,0.0,3.1416,-0.002,0.0,0.0,0.0,-1.0,0.0,0.0,89.0,498.0
6699.0,0.0,3.1416,-0.001,0.0,0.0,0.0,-1.0,0.0,0.0,89.0,504.0
6709.0,0.0,3.1416,0.007,0.0,0.0,0.0,-1.0,0.0,0.0,89.0,520.0
6720.0,0.0,3.1416,0.005,0.0,0.0,0.0,-1.0,0.0,0.0,89.0,512.0
6730.0,0.0,3.1401,-0.011,0.0,0.0,0.0,-1.0,0.0,0.0,89.0,498.0
6740.0,0.0,3.1416,-0.007,0.0,0.0,0.0,-1.0,0.0,0.0,89.0,520.0
6750.0,0.0,3.1416,-0.007,0.0,0.0,0.0,-1.0,0.0,0.0,89.0,504.0
6760.0,0.0,3.1416,0.0,0.0,0.0,0.0,-1.0,0.0,0.0,89.0,498.0
6770.0,0.0,3.1401,-0.005,0.0,0.0,0.0,-1.0,0.0,0.0,89.0,499.0
6781.0,0.0,3.1416,0.007,0.0,0.0,0.0,-1.0,0.0,0.0,89.0,499.0
6791.0,0.0,3.1416,0.004,0.0,0.0,0.0,-1.0,0.0,0.0,89.0,520.0
6801.0,0.0,3.1416,0.002,0.0,0.0,0.0,-1.0,0.0,0.0,89.0,515.0
6811.0,0.0,3.1416,0.004,0.0,0.0,0.0,-1.0,0.0,0.0,89.0,499.0
6821.0,0.0,3.1416,-0.001,0.0,0.0,0.0,-1.0,0.0,0.0,89.0,504.0
6831.0,0.0,3.1401,-0.001,0.0,0.0,0.0,-1.0,0.0,0.0,89.0,499.0
6841.0,0.0,3.1401,0.001,0.0,0.0,0.0,-1.0,0.0,0.0,89.0,499.0
6851.0,0.0,3.1401,0.006,0.0,0.0,0.0,-1.0,0.0,0.0,89.0,515.0
6862.0,0.0,3.1416,0.002,0.0,0.0,0.0,-1.0,0.0,0.0,89.0,499.0
6872.0,0.0,3.1401,-0.004,0.0,0.0,0.0,-1.0,0.0,0.0,89.0,515.0
6882.0,0.0,3.1416,-0.005,0.0,0.0,0.0,-1.0,0.0,0.0,89.0,499.0
6892.0,0.0,3.1416,-0.005,0.0,0.0,0.0,-1.0,0.0,0.0,89.0,499.0
6902.0,0.0,3.1416,0.005,0.0,0.0,0.0,-1.0,0.0,0.0,89.0,515.0
6913.0,0.0,3.1416,0.004,0.0,0.0,0.0,-1.0,0.0,0.0,89.0,499.0
6923.0,0.0,3.1401,0.004,0.0,0.0,0.0,-1.0,0.0,0.0,89.0,520.0
6933.0,0.0,3.1416,0.001,0.0,0.0,0.0,-1.0,0.0,0.0,89.0,515.0
6943.0,0.0,3.1416,-0.003,0.0,0.0,0.0,-1.0,0.0,0.0,89.0,504.0
6953.0,0.0,3.1401,-0.005,0.0,0.0,0.0,-1.0,0.0,0.0,89.0,499.0
6963.0,0.0,3.1401,-0.008,0.0,0.0,0.0,-1.0,0.0,0.0,89.0,515.0
6974.0,0.0,3.1416,0.005,0.0,0.0,0.0,-1.0,0.0,0.0,89.0,499.0
6984.0,0.0,3.1416,0.007,0.0,0.0,0.0,-1.0,0.0,0.0,89.0,504.0
6994.0,0.0,3.1416,0.003,0.0,0.0,0.0,-1.0,0.0,0.0,89.0,520.0
7004.0,0.0,3.1416,0.005,0.0,0.0,0.0,-1.0,0.0,0.0,89.0,515.0
7014.0,0.0,3.1416,0.008,0.0,0.0,0.0,-1.0,0.0,0.0,89.0,504.0
7024.0,0.0,3.1416,0.002,0.0,0.0,0.0,-1.0,0.0,0.0,89.0,475.0
7034.0,0.0,3.1416,0.009,0.0,0.0,0.0,-1.0,0.0,0.0,89.0,512.0
7044.0,0.0,3.1416,0.008,0.0,0.0,0.0,-1.0,0.0,0.0,89.0,520.0
7055.0,0.0,3.1416,-0.008,0.0,0.0,0.0,-1.0,0.0,0.0,89.0,515.0
7065.0,0.0,3.1401,-0.0,0.0,0.0,0.0,-1.0,0.0,0.0,89.0,504.0
7075.0,0.0,3.1416,0.009,0.0,0.0,0.0,-1.0,0.0,0.0,89.0,509.0
7085.0,0.0,3.1401,0.001,0.0,0.0,0.0,-1.0,0.0,0.0,89.0,520.0
7095.0,0.0,3.1401,0.002,0.0,0.0,0.0,-1.0,0.0,0.0,89.0,520.0
7106.0,0.0,3.1416,0.0,0.0,0.0,0.0,-1.0,0.0,0.0,89.0,515.0
7116.0,0.0,3.1416,0.003,0.0,0.0,0.0,-1.0,0.0,0.0,89.0,515.0
7126.0,0.0,3.1401,-0.013,0.0,0.0,0.0,-1.0,0.0,0.0,89.0,520.0
7136.0,0.0,3.1416,-0.007,0.0,0.0,0.0,-1.0,0.0,0.0,89.0,499.0
7146.0,0.0,3.1416,-0.002,0.0,0.0,0.0,-1.0,0.0,0.0,89.0,520.0
7157.0,0.0,3.1416,-0.002,0.0,0.0,0.0,-1.0,0.0,0.0,89.0,504.0
7167.0,0.0,3.1401,-0.005,0.0,0.0,0.0,-1.0,0.0,0.0,89.0,520.0
7177.0,0.0,3.1401,-0.016,0.0,0.0,0.0,-1.0,0.0,0.0,89.0,515.0
7187.0,0.0,3.1401,-0.007,0.0,0.0,0.0,-1.0,0.0,0.0,89.0,520.0
7197.0,0.0,3.1401,-0.0,0.0,0.0,0.0,-1.0,0.0,0.0,89.0,499.0
7208.0,0.0,3.1416,0.005,0.0,0.0,0.0,-1.0,0.0,0.0,89.0,499.0
7218.0,0.0,3.1416,0.002,0.0,0.0,0.0,-1.0,0.0,0.0,89.0,515.0
7228.0,0.0,3.1416,0.009,0.0,0.0,0.0,-1.0,0.0,0.0,89.0,515.0
7238.0,0.0,3.1416,0.003,0.0,0.0,0.0,-1.0,0.0,0.0,89.0,515.0
7248.0,0.0,3.1401,0.001,0.0,0.0,0.0,-1.0,0.0,0.0,89.0,515.0
7258.0,0.0,3.1401,-0.001,0.0,0.0,0.0,-1.0,0.0,0.0,89.0,504.0
7268.0,0.0,3.1416,-0.0,0.0,0.0,0.0,-1.0,0.0,0.0,89.0,475.0
7278.0,0.0,3.1416,0.0,0.0,0.0,0.0,-1.0,0.0,0.0,89.0,515.0
7289.0,0.0,3.1416,0.002,0.0,0.0,0.0,-1.0,0.0,0.0,89.0,499.0
7299.0,0.0,3.1416,-0.002,0.0,0.0,0.0,-1.0,0.0,0.0,89.0,504.0
7309.0,0.0,3.1416,0.004,0.0,0.0,0.0,-1.0,0.0,0.0,89.0,504.0
7319.0,0.0,3.1416,-0.006,0.0,0.0,0.0,-1.0,0.0,0.0,89.0,515.0
7329.0,0.0,3.1401,-0.004,0.0,0.0,0.0,-1.0,0.0,0.0,89.0,499.0
7339.0,0.0,3.1416,-0.002,0.0,0.0,0.0,-1.0,0.0,0.0,89.0,504.0
7349.0,0.0,3.1416,0.006,0.0,0.0,0.0,-1.0,0.0,0.0,89.0,504.0
7359.0,0.0,3.1416,-0.001,0.0,0.0,0.0,-1.0,0.0,0.0,89.0,515.0
7369.0,0.0,3.1416,0.004,0.0,0.0,0.0,-1.0,0.0,0.0,89.0,509.0
7380.0,0.0,3.1416,0.001,0.0,0.0,0.0,-1.0,0.0,0.0,89.0,515.0
7390.0,0.0,3.1416,-0.009,0.0,0.0,0.0,-1.0,0.0,0.0,89.0,498.0
7400.0,0.0,3.1401,-0.001,0.0,0.0,0.0,-1.0,0.0,0.0,89.0,498.0
7411.0,0.0,3.1416,0.006,0.0,0.0,0.0,-1.0,0.0,0.0,89.0,499.0
7421.0,0.0,3.1416,-0.006,0.0,0.0,0.0,-1.0,0.0,0.0,89.0,515.0
7431.0,0.0,3.1401,-0.016,0.0,0.0,0.0,-1.0,0.0,0.0,89.0,520.0
7441.0,0.0,3.1401,-0.007,0.0,0.0,0.0,-1.0,0.0,0.0,89.0,499.0
7451.0,0.0,3.1401,0.001,0.0,0.0,0.0,-1.0,0.0,0.0,89.0,520.0
7461.0,0.0,3.1401,0.003,0.0,0.0,0.0,-1.0,0.0,0.0,89.0,515.0
7472.0,0.0,3.1401,-0.006,0.0,0.0,0.0,-1.0,0.0,0.0,89.0,499.0
7482.0,0.0,3.1416,-0.008,0.0,0.0,0.0,-1.0,0.0,0.0,89.0,499.0
7492.0,0.0,3.1416,-0.003,0.0,0.0,0.0,-1.0,0.0,0.0,89.0,515.0
7503.0,0.0,3.1416,0.009,0.0,0.0,0.0,-1.0,0.0,0.0,89.0,520.0
7513.0,0.0,3.1401,-0.004,0.0,0.0,0.0,-1.0,0.0,0.0,89.0,520.0
7523.0,0.0,3.1416,0.002,0.0,0.0,0.0,-1.0,0.0,0.0,89.0,520.0
7533.0,0.0,3.1401,-0.007,0.0,0.0,0.0,-1.0,0.0,0.0,89.0,515.0
7543.0,0.0,3.1401,-0.004,0.0,0.0,0.0,-1.0,0.0,0.0,89.0,498.0
7553.0,0.0,3.1401,-0.001,0.0,0.0,0.0,-1.0,0.0,0.0,89.0,515.0
7564.0,0.0,3.1416,0.008,0.0,0.0,0.0,-1.0,0.0,0.0,89.0,498.0
7574.0,0.0,3.1416,0.011,0.0,0.0,0.0,-1.0,0.0,0.0,89.0,504.0
7584.0,0.0,3.1416,0.003,0.0,0.0,0.0,-1.0,0.0,0.0,89.0,499.0
7594.0,0.0,3.1416,-0.003,0.0,0.0,0.0,-1.0,0.0,0.0,89.0,499.0
7604.0,0.0,3.1401,-0.01,0.0,0.0,0.0,-1.0,0.0,0.0,89.0,515.0
7615.0,0.0,3.1416,-0.001,0.0,0.0,0.0,-1.0,0.0,0.0,89.0,499.0
7625.0,0.0,3.1416,0.005,0.0,0.0,0.0,-1.0,0.0,0.0,89.0,520.0
7635.0,0.0,3.1401,0.002,0.0,0.0,0.0,-1.0,0.0,0.0,89.0,499.0
7645.0,0.0,3.1416,-0.004,0.0,0.0,0.0,-1.0,0.0,0.0,89.0,499.0
7655.0,0.0,3.1401,0.004,0.0,0.0,0.0,-1.0,0.0,0.0,89.0,515.0
7665.0,0.0,3.1416,0.004,0.0,0.0,0.0,-1.0,0.0,0.0,89.0,515.0
7676.0,0.0,3.1416,-0.006,0.0,0.0,0.0,-1.0,0.0,0.0,89.0,515.0
7686.0,0.0,3.1416,0.005,0.0,0.0,0.0,-1.0,0.0,0.0,89.0,520.0
7696.0,0.0,3.1416,0.009,0.0,0.0,0.0,-1.0,0.0,0.0,89.0,499.0
7706.0,0.0,3.1401,-0.012,0.0,0.0,0.0,-1.0,0.0,0.0,89.0,499.0
7716.0,0.0,3.1416,0.001,0.0,0.0,0.0,-1.0,0.0,0.0,89.0,520.0
7727.0,0.0,3.1401,-0.012,0.0,0.0,0.0,-1.0,0.0,0.0,89.0,504.0
7737.0,0.0,3.1401,-0.007,0.0,0.0,0.0,-1.0,0.0,0.0,89.0,504.0
7747.0,0.0,3.1401,-0.003,0.0,0.0,0.0,-1.0,0.0,0.0,89.0,512.0
7757.0,0.0,3.1401,-0.006,0.0,0.0,0.0,-1.0,0.0,0.0,89.0,499.0
7767.0,0.0,3.1401,0.001,0.0,0.0,0.0,-1.0,0.0,0.0,89.0,504.0
7777.0,0.0,3.1416,0.0,0.0,0.0,0.0,-1.0,0.0,0.0,89.0,499.0
7787.0,0.0,3.1401,-0.006,0.0,0.0,0.0,-1.0,0.0,0.0,89.0,515.0
7797.0,0.0,3.1401,0.001,0.0,0.0,0.0,-1.0,0.0,0.0,89.0,520.0
7808.0,0.0,3.1401,-0.004,0.0,0.0,0.0,-1.0,0.0,0.0,89.0,515.0
7818.0,0.0,3.1416,0.005,0.0,0.0,0.0,-1.0,0.0,0.0,89.0,520.0
7828.0,0.0,3.1416,0.014,0.0,0.0,0.0,-1.0,0.0,0.0,89.0,499.0
7838.0,0.0,3.1416,0.007,0.0,0.0,0.0,-1.0,0.0,0.0,89.0,515.0
7848.0,0.0,3.1401,0.002,0.0,0.0,0.0,-1.0,0.0,0.0,89.0,515.0
7859.0,0.0,3.1416,0.003,0.0,0.0,0.0,-1.0,0.0,0.0,89.0,499.0
7869.0,0.0,3.1401,0.004,0.0,0.0,0.0,-1.0,0.0,0.0,89.0,515.0
7879.0,0.0,3.1401,-0.009,0.0,0.0,0.0,-1.0,0.0,0.0,89.0,520.0
7889.0,0.0,3.1416,-0.003,0.0,0.0,0.0,-1.0,0.0,0.0,89.0,504.0
7899.0,0.0,3.1401,-0.007,0.0,0.0,0.0,-1.0,0.0,0.0,89.0,515.0
7909.0,0.0,3.1416,-0.002,0.0,0.0,0.0,-1.0,0.0,0.0,89.0,520.0
7920.0,0.0,3.1416,0.006,0.0,0.0,0.0,-1.0,0.0,0.0,89.0,499.0
7930.0,0.0,3.1401,-0.005,0.0,0.0,0.0,-1.0,0.0,0.0,89.0,475.0
7940.0,0.0,3.1401,-0.005,0.0,0.0,0.0,-1.0,0.0,0.0,89.0,504.0
7950.0,0.0,3.1416,0.004,0.0,0.0,0.0,-1.0,0.0,0.0,89.0,512.0
7961.0,0.0,3.1401,-0.017,0.0,0.0,0.0,-1.0,0.0,0.0,89.0,515.0
7971.0,0.0,3.1416,0.004,0.0,0.0,0.0,-1.0,0.0,0.0,89.0,499.0
7981.0,0.0,3.1401,-0.013,0.0,0.0,0.0,-1.0,0.0,0.0,89.0,499.0
7991.0,0.0,3.1416,-0.001,0.0,0.0,0.0,-1.0,0.0,0.0,89.0,504.0
8001.0,0.0,3.1401,-0.004,0.0,0.0,0.0,-1.0,0.0,0.0,89.0,504.0
8011.0,0.0,3.1401,-0.0,0.0,0.0,0.0,-1.0,0.0,0.0,89.0,520.0
8022.0,0.0,3.1401,-0.003,0.0,0.0,0.0,-1.0,0.0,0.0,89.0,515.0
8032.0,0.0,3.1416,0.012,0.0,0.0,0.0,-1.0,0.0,0.0,89.0,499.0
8042.0,0.0,3.1416,0.008,0.0,0.0,0.0,-1.0,0.0,0.0,89.0,515.0
8052.0,0.0,3.1416,0.001,0.0,0.0,0.0,-1.0,0.0,0.0,89.0,515.0
8062.0,0.0,3.1401,0.004,0.0,0.0,0.0,-1.0,0.0,0.0,89.0,520.0
8073.0,0.0,3.1416,0.008,0.0,0.0,0.0,-1.0,0.0,0.0,89.0,499.0
8083.0,0.0,3.1401,0.006,0.0,0.0,0.0,-1.0,0.0,0.0,89.0,499.0
8093.0,0.0,3.1416,0.003,0.0,0.0,0.0,-1.0,0.0,0.0,89.0,498.0
8103.0,0.0,3.1416,-0.008,0.0,0.0,0.0,-1.0,0.0,0.0,89.0,499.0
8113.0,0.0,3.1401,-0.01,0.0,0.0,0.0,-1.0,0.0,0.0,89.0,499.0
8123.0,0.0,3.1401,-0.009,0.0,0.0,0.0,-1.0,0.0,0.0,89.0,520.0
8134.0,0.0,3.1401,-0.009,0.0,0.0,0.0,-1.0,0.0,0.0,89.0,515.0
8144.0,0.0,3.1416,-0.0,0.0,0.0,0.0,-1.0,0.0,0.0,89.0,515.0
8154.0,0.0,3.1416,0.004,0.0,0.0,0.0,-1.0,0.0,0.0,89.0,504.0
8164.0,0.0,3.1401,0.005,0.0,0.0,0.0,-1.0,0.0,0.0,89.0,504.0
8175.0,0.0,3.1401,-0.007,0.0,0.0,0.0,-1.0,0.0,0.0,89.0,499.0
8185.0,0.0,3.1416,0.001,0.0,0.0,0.0,-1.0,0.0,0.0,89.0,515.0
8195.0,0.0,3.1401,-0.006,0.0,0.0,0.0,-1.0,0.0,0.0,89.0,498.0
8205.0,0.0,3.1401,-0.008,0.0,0.0,0.0,-1.0,0.0,0.0,89.0,499.0
8215.0,0.0,3.1416,0.01,0.0,0.0,0.0,-1.0,0.0,0.0,89.0,499.0
8225.0,0.0,3.1416,0.009,0.0,0.0,0.0,-1.0,0.0,0.0,89.0,499.0
8235.0,0.0,3.1416,0.017,0.0,0.0,0.0,-1.0,0.0,0.0,89.0,520.0
8246.0,0.0,3.1416,0.011,0.0,0.0,0.0,-1.0,0.0,0.0,89.0,515.0
8256.0,0.0,3.1416,0.006,0.0,0.0,0.0,-1.0,0.0,0.0,89.0,515.0
8266.0,0.0,3.1401,-0.007,0.0,0.0,0.0,-1.0,0.0,0.0,89.0,515.0
8276.0,0.0,3.1416,0.005,0.0,0.0,0.0,-1.0,0.0,0.0,89.0,515.0
8287.0,0.0,3.1401,-0.005,0.0,0.0,0.0,-1.0,0.0,0.0,89.0,520.0
8297.0,0.0,3.1401,-0.01,0.0,0.0,0.0,-1.0,0.0,0.0,89.0,504.0
8307.0,0.0,3.1416,0.007,0.0,0.0,0.0,-1.0,0.0,0.0,89.0,504.0
8318.0,0.0,3.1401,0.002,0.0,0.0,0.0,-1.0,0.0,0.0,89.0,499.0
8328.0,0.0,3.1416,0.005,0.0,0.0,0.0,-1.0,0.0,0.0,89.0,520.0
8338.0,0.0,3.1416,0.002,0.0,0.0,0.0,-1.0,0.0,0.0,89.0,520.0
8348.0,0.0,3.1401,-0.001,0.0,0.0,0.0,-1.0,0.0,0.0,89.0,520.0
8358.0,0.0,3.1416,0.003,0.0,0.0,0.0,-1.0,0.0,0.0,89.0,499.0
8368.0,0.0,3.1416,-0.005,0.0,0.0,0.0,-1.0,0.0,0.0,89.0,520.0
8379.0,0.0,3.1401,-0.007,0.0,0.0,0.0,-1.0,0.0,0.0,89.0,499.0
8389.0,0.0,3.1416,-0.006,0.0,0.0,0.0,-1.0,0.0,0.0,89.0,499.0
8399.0,0.0,3.1401,-0.003,0.0,0.0,0.0,-1.0,0.0,0.0,89.0,515.0
8410.0,0.0,3.1401,0.005,0.0,0.0,0.0,-1.0,0.0,0.0,89.0,504.0
8420.0,0.0,3.1401,0.001,0.0,0.0,0.0,-1.0,0.0,0.0,89.0,499.0
8430.0,0.0,3.1401,-0.016,0.0,0.0,0.0,-1.0,0.0,0.0,89.0,498.0
8440.0,0.0,3.1401,-0.004,0.0,0.0,0.0,-1.0,0.0,0.0,89.0,499.0
8450.0,0.0,3.1416,0.007,0.0,0.0,0.0,-1.0,0.0,0.0,89.0,520.0
8461.0,0.0,3.1401,0.007,0.0,0.0,0.0,-1.0,0.0,0.0,89.0,499.0
8471.0,0.0,3.1416,0.001,0.0,0.0,0.0,-1.0,0.0,0.0,89.0,515.0
8481.0,0.0,3.1401,-0.004,0.0,0.0,0.0,-1.0,0.0,0.0,89.0,512.0
8491.0,0.0,3.1416,0.012,0.0,0.0,0.0,-1.0,0.0,0.0,89.0,504.0
8501.0,0.0,3.1416,0.007,0.0,0.0,0.0,-1.0,0.0,0.0,89.0,515.0
8511.0,0.0,3.1416,0.005,0.0,0.0,0.0,-1.0,0.0,0.0,89.0,515.0
8522.0,0.0,3.1401,-0.002,0.0,0.0,0.0,-1.0,0.0,0.0,89.0,499.0
8532.0,0.0,3.1416,0.009,0.0,0.0,0.0,-1.0,0.0,0.0,89.0,515.0
8542.0,0.0,3.1416,0.007,0.0,0.0,0.0,-1.0,0.0,0.0,89.0,499.0
8552.0,0.0,3.1416,0.006,0.0,0.0,0.0,-1.0,0.0,0.0,89.0,504.0
8562.0,0.0,3.1401,-0.005,0.0,0.0,0.0,-1.0,0.0,0.0,89.0,504.0
8572.0,0.0,3.1416,0.009,0.0,0.0,0.0,-1.0,0.0,0.0,89.0,514.0
8583.0,0.0,3.1416,0.0,0.0,0.0,0.0,-1.0,0.0,0.0,89.0,499.0
8593.0,0.0,3.1401,-0.006,0.0,0.0,0.0,-1.0,0.0,0.0,89.0,515.0
8603.0,0.0,3.1416,-0.008,0.0,0.0,0.0,-1.0,0.0,0.0,89.0,499.0
8613.0,0.0,3.1401,-0.005,0.0,0.0,0.0,-1.0,0.0,0.0,89.0,515.0
8624.0,0.0,3.1416,-0.006,0.0,0.0,0.0,-1.0,0.0,0.0,89.0,515.0
8634.0,0.0,3.1416,0.001,0.0,0.0,0.0,-1.0,0.0,0.0,89.0,515.0
8644.0,0.0,3.1416,0.001,0.0,0.0,0.0,-1.0,0.0,0.0,89.0,520.0
8654.0,0.0,3.1401,-0.007,0.0,0.0,0.0,-1.0,0.0,0.0,89.0,504.0
8664.0,0.0,3.1416,0.002,0.0,0.0,0.0,-1.0,0.0,0.0,89.0,504.0
8675.0,0.0,3.1401,-0.0,0.0,0.0,0.0,-1.0,0.0,0.0,89.0,499.0
8685.0,0.0,3.1416,0.0,0.0,0.0,0.0,-1.0,0.0,0.0,89.0,515.0
8695.0,0.0,3.1416,0.005,0.0,0.0,0.0,-1.0,0.0,0.0,89.0,499.0
8705.0,0.0,3.1416,0.013,0.0,0.0,0.0,-1.0,0.0,0.0,89.0,504.0
8715.0,0.0,3.1416,0.011,0.0,0.0,0.0,-1.0,0.0,0.0,89.0,509.0
8725.0,0.0,3.1416,0.002,0.0,0.0,0.0,-1.0,0.0,0.0,89.0,520.0
8736.0,0.0,3.1416,0.008,0.0,0.0,0.0,-1.0,0.0,0.0,89.0,514.0
8746.0,0.0,3.1416,0.002,0.0,0.0,0.0,-1.0,0.0,0.0,89.0,515.0
8756.0,0.0,3.1416,-0.005,0.0,0.0,0.0,-1.0,0.0,0.0,89.0,512.0
8766.0,0.0,3.1416,-0.0,0.0,0.0,0.0,-1.0,0.0,0.0,89.0,515.0
8776.0,0.0,3.1416,-0.003,0.0,0.0,0.0,-1.0,0.0,0.0,89.0,520.0
8787.0,0.0,3.1416,-0.009,0.0,0.0,0.0,-1.0,0.0,0.0,89.0,520.0
8797.0,0.0,3.1401,-0.014,0.0,0.0,0.0,-1.0,0.0,0.0,89.0,515.0
8807.0,0.0,3.1416,0.003,0.0,0.0,0.0,-1.0,0.0,0.0,89.0,504.0
8817.0,0.0,3.1416,0.0,0.0,0.0,0.0,-1.0,0.0,0.0,89.0,504.0
8827.0,0.0,3.1401,-0.001,0.0,0.0,0.0,-1.0,0.0,0.0,89.0,520.0
8838.0,0.0,3.1416,0.009,0.0,0.0,0.0,-1.0,0.0,0.0,89.0,512.0
8848.0,0.0,3.1416,-0.008,0.0,0.0,0.0,-1.0,0.0,0.0,89.0,504.0
8858.0,0.0,3.1416,-0.001,0.0,0.0,0.0,-1.0,0.0,0.0,89.0,504.0
8869.0,0.0,3.1416,0.0,0.0,0.0,0.0,-1.0,0.0,0.0,89.0,499.0
8879.0,0.0,3.1416,0.015,0.0,0.0,0.0,-1.0,0.0,0.0,89.0,520.0
8889.0,0.0,3.1416,0.008,0.0,0.0,0.0,-1.0,0.0,0.0,89.0,499.0
8899.0,0.0,3.1401,-0.007,0.0,0.0,0.0,-1.0,0.0,0.0,89.0,504.0
8910.0,0.0,3.1416,0.009,0.0,0.0,0.0,-1.0,0.0,0.0,89.0,504.0
8920.0,0.0,3.1416,0.01,0.0,0.0,0.0,-1.0,0.0,0.0,89.0,498.0
8930.0,0.0,3.1416,0.015,0.0,0.0,0.0,-1.0,0.0,0.0,89.0,520.0
8940.0,0.0,3.1416,0.013,0.0,0.0,0.0,-1.0,0.0,0.0,89.0,515.0
8950.0,0.0,3.1416,-0.002,0.0,0.0,0.0,-1.0,0.0,0.0,89.0,515.0
8961.0,0.0,3.1416,0.003,0.0,0.0,0.0,-1.0,0.0,0.0,89.0,498.0
8971.0,0.0,3.1401,0.0,0.0,0.0,0.0,-1.0,0.0,0.0,89.0,506.0
8981.0,0.0,3.1416,-0.008,0.0,0.0,0.0,-1.0,0.0,0.0,89.0,499.0
8991.0,0.0,3.1416,-0.002,0.0,0.0,0.0,-1.0,0.0,0.0,89.0,498.0
9001.0,0.0,3.1401,-0.002,0.0,0.0,0.0,-1.0,0.0,0.0,89.0,520.0
9012.0,0.0,3.1416,0.0,0.0,0.0,0.0,-1.0,0.0,0.0,89.0,512.0
9022.0,0.0,3.1416,-0.004,0.0,0.0,0.0,-1.0,0.0,0.0,89.0,520.0
9032.0,0.0,3.1416,0.003,0.0,0.0,0.0,-1.0,0.0,0.0,89.0,498.0
9042.0,0.0,3.1401,-0.002,0.0,0.0,0.0,-1.0,0.0,0.0,89.0,504.0
9052.0,0.0,3.1416,-0.003,0.0,0.0,0.0,-1.0,0.0,0.0,89.0,504.0
9062.0,0.0,3.1401,-0.015,0.0,0.0,0.0,-1.0,0.0,0.0,89.0,520.0
9073.0,0.0,3.1416,-0.006,0.0,0.0,0.0,-1.0,0.0,0.0,89.0,506.0
9083.0,0.0,3.1416,0.005,0.0,0.0,0.0,-1.0,0.0,0.0,89.0,504.0
9093.0,0.0,3.1416,0.004,0.0,0.0,0.0,-1.0,0.0,0.0,89.0,498.0
9103.0,0.0,3.1416,-0.005,0.0,0.0,0.0,-1.0,0.0,0.0,89.0,504.0
9113.0,0.0,3.1416,0.013,0.0,0.0,0.0,-1.0,0.0,0.0,89.0,504.0
9124.0,0.0,3.1401,0.009,0.0,0.0,0.0,-1.0,0.0,0.0,89.0,499.0
9134.0,0.0,3.1416,0.007,0.0,0.0,0.0,-1.0,0.0,0.0,89.0,512.0
9144.0,0.0,3.1416,-0.002,0.0,0.0,0.0,-1.0,0.0,0.0,89.0,499.0
9154.0,0.0,3.1416,0.005,0.0,0.0,0.0,-1.0,0.0,0.0,89.0,498.0
9164.0,0.0,3.1416,0.004,0.0,0.0,0.0,-1.0,0.0,0.0,89.0,515.0
9175.0,0.0,3.1416,0.004,0.0,0.0,0.0,-1.0,0.0,0.0,89.0,499.0
9185.0,0.0,3.1416,-0.003,0.0,0.0,0.0,-1.0,0.0,0.0,89.0,498.0
9195.0,0.0,3.1416,-0.003,0.0,0.0,0.0,-1.0,0.0,0.0,89.0,520.0
9205.0,0.0,3.1416,-0.003,0.0,0.0,0.0,-1.0,0.0,0.0,89.0,520.0
9215.0,0.0,3.1401,-0.019,0.0,0.0,0.0,-1.0,0.0,0.0,89.0,520.0
9225.0,0.0,3.1416,-0.008,0.0,0.0,0.0,-1.0,0.0,0.0,89.0,504.0
9235.0,0.0,3.1416,0.002,0.0,0.0,0.0,-1.0,0.0,0.0,89.0,504.0
9246.0,0.0,3.1416,0.005,0.0,0.0,0.0,-1.0,0.0,0.0,89.0,499.0
9256.0,0.0,3.1416,-0.006,0.0,0.0,0.0,-1.0,0.0,0.0,89.0,498.0
9266.0,0.0,3.1401,-0.002,0.0,0.0,0.0,-1.0,0.0,0.0,89.0,520.0
9276.0,0.0,3.1416,0.003,0.0,0.0,0.0,-1.0,0.0,0.0,89.0,504.0
9286.0,0.0,3.1401,-0.003,0.0,0.0,0.0,-1.0,0.0,0.0,89.0,504.0
9296.0,0.0,3.1401,0.009,0.0,0.0,0.0,-1.0,0.0,0.0,89.0,520.0
9306.0,0.0,3.1416,0.008,0.0,0.0,0.0,-1.0,0.0,0.0,89.0,520.0
9317.0,0.0,3.1401,-0.0,0.0,0.0,0.0,-1.0,0.0,0.0,89.0,499.0
9327.0,0.0,3.1401,-0.005,0.0,0.0,0.0,-1.0,0.0,0.0,89.0,499.0
9337.0,0.0,3.1416,0.006,0.0,0.0,0.0,-1.0,0.0,0.0,89.0,498.0
9347.0,0.0,3.1401,-0.005,0.0,0.0,0.0,-1.0,0.0,0.0,89.0,515.0
9358.0,0.0,3.1416,0.003,0.0,0.0,0.0,-1.0,0.0,0.0,89.0,515.0
9368.0,0.0,3.1416,0.002,0.0,0.0,0.0,-1.0,0.0,0.0,89.0,499.0
9378.0,0.0,3.1416,-0.004,0.0,0.0,0.0,-1.0,0.0,0.0,89.0,498.0
9388.0,0.0,3.1416,0.003,0.0,0.0,0.0,-1.0,0.0,0.0,89.0,515.0
9399.0,0.0,3.1401,-0.0,0.0,0.0,0.0,-1.0,0.0,0.0,89.0,515.0
9409.0,0.0,3.1416,-0.001,0.0,0.0,0.0,-1.0,0.0,0.0,89.0,499.0
9419.0,0.0,3.1416,-0.0,0.0,0.0,0.0,-1.0,0.0,0.0,89.0,498.0
9429.0,0.0,3.1416,-0.0,0.0,0.0,0.0,-1.0,0.0,0.0,89.0,515.0
9440.0,0.0,3.1416,0.002,0.0,0.0,0.0,-1.0,0.0,0.0,89.0,515.0
9450.0,0.0,3.1416,0.001,0.0,0.0,0.0,-1.0,0.0,0.0,89.0,504.0
9460.0,0.0,3.1401,-0.008,0.0,0.0,0.0,-1.0,0.0,0.0,89.0,499.0
9471.0,0.0,3.1416,-0.007,0.0,0.0,0.0,-1.0,0.0,0.0,89.0,498.0
9481.0,0.0,3.1416,-0.001,0.0,0.0,0.0,-1.0,0.0,0.0,89.0,498.0
9491.0,0.0,3.1416,0.001,0.0,0.0,0.0,-1.0,0.0,0.0,89.0,504.0
9501.0,0.0,3.1416,-0.003,0.0,0.0,0.0,-1.0,0.0,0.0,89.0,504.0
9512.0,0.0,3.1401,-0.003,0.0,0.0,0.0,-1.0,0.0,0.0,89.0,499.0
9522.0,0.0,3.1401,0.001,0.0,0.0,0.0,-1.0,0.0,0.0,89.0,499.0
9532.0,0.0,3.1416,-0.001,0.0,0.0,0.0,-1.0,0.0,0.0,89.0,504.0
9542.0,0.0,3.1416,0.011,0.0,0.0,0.0,-1.0,0.0,0.0,89.0,499.0
9552.0,0.0,3.1416,0.01,0.0,0.0,0.0,-1.0,0.0,0.0,89.0,509.0
9563.0,0.0,3.1416,0.006,0.0,0.0,0.0,-1.0,0.0,0.0,89.0,515.0
9573.0,0.0,3.1416,0.005,0.0,0.0,0.0,-1.0,0.0,0.0,89.0,504.0
9583.0,0.0,3.1401,0.002,0.0,0.0,0.0,-1.0,0.0,0.0,89.0,498.0
9593.0,0.0,3.1416,0.002,0.0,0.0,0.0,-1.0,0.0,0.0,89.0,504.0
9603.0,0.0,3.1416,-0.003,0.0,0.0,0.0,-1.0,0.0,0.0,89.0,515.0
9614.0,0.0,3.1416,-0.012,0.0,0.0,0.0,-1.0,0.0,0.0,89.0,515.0
9624.0,0.0,3.1416,-0.002,0.0,0.0,0.0,-1.0,0.0,0.0,89.0,499.0
9634.0,0.0,3.1401,-0.011,0.0,0.0,0.0,-1.0,0.0,0.0,89.0,504.0
9645.0,0.0,3.1416,0.005,0.0,0.0,0.0,-1.0,0.0,0.0,89.0,499.0
9655.0,0.0,3.1401,-0.001,0.0,0.0,0.0,-1.0,0.0,0.0,89.0,504.0
9665.0,0.0,3.1416,-0.002,0.0,0.0,0.0,-1.0,0.0,0.0,89.0,499.0
9675.0,0.0,3.1401,-0.001,0.0,0.0,0.0,-1.0,0.0,0.0,89.0,515.0
9686.0,0.0,3.1416,0.001,0.0,0.0,0.0,-1.0,0.0,0.0,89.0,504.0
9696.0,0.0,3.1401,-0.006,0.0,0.0,0.0,-1.0,0.0,0.0,89.0,498.0
9706.0,0.0,3.1401,-0.011,0.0,0.0,0.0,-1.0,0.0,0.0,89.0,504.0
9716.0,0.0,3.1416,0.009,0.0,0.0,0.0,-1.0,0.0,0.0,89.0,504.0
9727.0,0.0,3.1416,0.004,0.0,0.0,0.0,-1.0,0.0,0.0,89.0,499.0
9737.0,0.0,3.1416,0.002,0.0,0.0,0.0,-1.0,0.0,0.0,89.0,515.0
9747.0,0.0,3.1401,0.004,0.0,0.0,0.0,-1.0,0.0,0.0,89.0,498.0
9757.0,0.0,3.1416,0.002,0.0,0.0,0.0,-1.0,0.0,0.0,89.0,499.0
9767.0,0.0,3.1416,0.006,0.0,0.0,0.0,-1.0,0.0,0.0,89.0,504.0
9777.0,0.0,3.1416,0.008,0.0,0.0,0.0,-1.0,0.0,0.0,89.0,512.0
9788.0,0.0,3.1416,-0.003,0.0,0.0,0.0,-1.0,0.0,0.0,89.0,499.0
9798.0,0.0,3.1416,-0.008,0.0,0.0,0.0,-1.0,0.0,0.0,89.0,499.0
9808.0,0.0,3.1416,-0.002,0.0,0.0,0.0,-1.0,0.0,0.0,89.0,504.0
9818.0,0.0,3.1416,0.002,0.0,0.0,0.0,-1.0,0.0,0.0,89.0,504.0
9829.0,0.0,3.1416,0.009,0.0,0.0,0.0,-1.0,0.0,0.0,89.0,499.0
9839.0,0.0,3.1401,-0.012,0.0,0.0,0.0,-1.0,0.0,0.0,89.0,504.0
9849.0,0.0,3.1416,-0.009,0.0,0.0,0.0,-1.0,0.0,0.0,89.0,499.0
9859.0,0.0,3.1401,-0.011,0.0,0.0,0.0,-1.0,0.0,0.0,89.0,512.0
9869.0,0.0,3.1401,-0.013,0.0,0.0,0.0,-1.0,0.0,0.0,89.0,520.0
9880.0,0.0,3.1401,-0.004,0.0,0.0,0.0,-1.0,0.0,0.0,89.0,512.0
9890.0,0.0,3.1416,0.008,0.0,0.0,0.0,-1.0,0.0,0.0,89.0,498.0
9900.0,0.0,3.1416,0.003,0.0,0.0,0.0,-1.0,0.0,0.0,89.0,520.0
9910.0,0.0,3.1416,0.005,0.0,0.0,0.0,-1.0,0.0,0.0,89.0,504.0
9920.0,0.0,3.1401,-0.004,0.0,0.0,0.0,-1.0,0.0,0.0,89.0,498.0
9930.0,0.0,3.1416,0.005,0.0,0.0,0.0,-1.0,0.0,0.0,89.0,504.0
9941.0,0.0,3.1401,0.011,0.0,0.0,0.0,-1.0,0.0,0.0,89.0,499.0
9951.0,0.0,3.1401,0.005,0.0,0.0,0.0,-1.0,0.0,0.0,89.0,504.0
9961.0,0.0,3.1401,-0.001,0.0,0.0,0.0,-1.0,0.0,0.0,89.0,498.0
9971.0,0.0,3.1416,-0.004,0.0,0.0,0.0,-1.0,0.0,0.0,89.0,512.0
9981.0,0.0,3.1416,0.006,0.0,0.0,0.0,-1.0,0.0,0.0,89.0,499.0
9991.0,0.0,3.1416,0.008,0.0,0.0,0.0,-1.0,0.0,0.0,89.0,498.0
10001.0,0.0,3.1401,0.0,0.0,0.0,0.0,-1.0,0.0,0.0,89.0,520.0
10012.0,0.0,3.1416,0.001,0.0,0.0,0.0,-1.0,0.0,0.0,89.0,515.0
10022.0,0.0,3.1416,-0.002,0.0,0.0,0.0,-1.0,0.0,0.0,89.0,499.0
10032.0,0.0,3.1401,-0.001,0.0,0.0,0.0,-1.0,0.0,0.0,89.0,498.0
10042.0,0.0,3.1416,0.0,0.0,0.0,0.0,-1.0,0.0,0.0,89.0,504.0
10052.0,0.0,3.1416,-0.005,0.0,0.0,0.0,-1.0,0.0,0.0,89.0,520.0
10063.0,0.0,3.1416,-0.003,0.0,0.0,0.0,-1.0,0.0,0.0,89.0,520.0
10073.0,0.0,3.1416,0.003,0.0,0.0,0.0,-1.0,0.0,0.0,89.0,498.0
10083.0,0.0,3.1416,0.007,0.0,0.0,0.0,-1.0,0.0,0.0,89.0,512.0
10093.0,0.0,3.1416,-0.012,0.0,0.0,0.0,-1.0,0.0,0.0,89.0,504.0
10103.0,0.0,3.1401,-0.002,0.0,0.0,0.0,-1.0,0.0,0.0,89.0,498.0
10113.0,0.0,3.1416,0.005,0.0,0.0,0.0,-1.0,0.0,0.0,89.0,520.0
10124.0,0.0,3.1416,0.007,0.0,0.0,0.0,-1.0,0.0,0.0,89.0,520.0
10134.0,0.0,3.1401,0.003,0.0,0.0,0.0,-1.0,0.0,0.0,89.0,498.0
10144.0,0.0,3.1416,0.004,0.0,0.0,0.0,-1.0,0.0,0.0,89.0,499.0
10154.0,0.0,3.1416,-0.0,0.0,0.0,0.0,-1.0,0.0,0.0,89.0,520.0
10164.0,0.0,3.1416,-0.002,0.0,0.0,0.0,-1.0,0.0,0.0,89.0,498.0
10174.0,0.0,3.1416,0.005,0.0,0.0,0.0,-1.0,0.0,0.0,89.0,509.0
10185.0,0.0,3.1416,0.001,0.0,0.0,0.0,-1.0,0.0,0.0,89.0,499.0
10195.0,0.0,3.1416,-0.006,0.0,0.0,0.0,-1.0,0.0,0.0,89.0,498.0
10205.0,0.0,3.1416,-0.006,0.0,0.0,0.0,-1.0,0.0,0.0,89.0,520.0
10215.0,0.0,3.1416,-0.0,0.0,0.0,0.0,-1.0,0.0,0.0,89.0,504.0
10225.0,0.0,3.1416,0.001,0.0,0.0,0.0,-1.0,0.0,0.0,89.0,504.0
10236.0,0.0,3.1416,0.006,0.0,0.0,0.0,-1.0,0.0,0.0,89.0,499.0
10246.0,0.0,3.1416,0.012,0.0,0.0,0.0,-1.0,0.0,0.0,89.0,498.0
10256.0,0.0,3.1416,0.003,0.0,0.0,0.0,-1.0,0.0,0.0,89.0,504.0
10266.0,0.0,3.1401,-0.021,0.0,0.0,0.0,-1.0,0.0,0.0,89.0,515.0
10277.0,0.0,3.1416,-0.006,0.0,0.0,0.0,-1.0,0.0,0.0,89.0,515.0
10287.0,0.0,3.1401,0.001,0.0,0.0,0.0,-1.0,0.0,0.0,89.0,515.0
10297.0,0.0,3.1416,0.002,0.0,0.0,0.0,-1.0,0.0,0.0,89.0,499.0
10307.0,0.0,3.1416,0.006,0.0,0.0,0.0,-1.0,0.0,0.0,89.0,520.0
10318.0,0.0,3.1416,-0.002,0.0,0.0,0.0,-1.0,0.0,0.0,89.0,499.0
10328.0,0.0,3.1401,-0.02,0.0,0.0,0.0,-1.0,0.0,0.0,89.0,515.0
10338.0,0.0,3.1401,-0.009,0.0,0.0,0.0,-1.0,0.0,0.0,89.0,520.0
10348.0,0.0,3.1416,0.003,0.0,0.0,0.0,-1.0,0.0,0.0,89.0,520.0
10358.0,0.0,3.1416,0.012,0.0,0.0,0.0,-1.0,0.0,0.0,89.0,515.0
10369.0,0.0,3.1401,-0.006,0.0,0.0,0.0,-1.0,0.0,0.0,89.0,499.0
10379.0,0.0,3.1416,0.003,0.0,0.0,0.0,-1.0,0.0,0.0,89.0,499.0
10389.0,0.0,3.1416,-0.01,0.0,0.0,0.0,-1.0,0.0,0.0,89.0,515.0
10399.0,0.0,3.1416,0.011,0.0,0.0,0.0,-1.0,0.0,0.0,89.0,499.0
10409.0,0.0,3.1416,0.006,0.0,0.0,0.0,-1.0,0.0,0.0,89.0,499.0
10419.0,0.0,3.1416,0.005,0.0,0.0,0.0,-1.0,0.0,0.0,89.0,512.0
10429.0,0.0,3.1401,-0.007,0.0,0.0,0.0,-1.0,0.0,0.0,89.0,520.0
10440.0,0.0,3.1416,0.007,0.0,0.0,0.0,-1.0,0.0,0.0,89.0,515.0
10450.0,0.0,3.1416,-0.001,0.0,0.0,0.0,-1.0,0.0,0.0,89.0,520.0
10460.0,0.0,3.1401,-0.013,0.0,0.0,0.0,-1.0,0.0,0.0,89.0,515.0
10470.0,0.0,3.1416,0.004,0.0,0.0,0.0,-1.0,0.0,0.0,89.0,499.0
10480.0,0.0,3.1416,-0.002,0.0,0.0,0.0,-1.0,0.0,0.0,89.0,515.0
10491.0,0.0,3.1416,0.011,0.0,0.0,0.0,-1.0,0.0,0.0,89.0,515.0
10501.0,0.0,3.1401,-0.004,0.0,0.0,0.0,-1.0,0.0,0.0,89.0,520.0
10511.0,0.0,3.1416,0.007,0.0,0.0,0.0,-1.0,0.0,0.0,89.0,515.0
10521.0,0.0,3.1416,-0.001,0.0,0.0,0.0,-1.0,0.0,0.0,89.0,515.0
10532.0,0.0,3.1401,-0.005,0.0,0.0,0.0,-1.0,0.0,0.0,89.0,499.0
10542.0,0.0,3.1416,0.008,0.0,0.0,0.0,-1.0,0.0,0.0,89.0,515.0
10552.0,0.0,3.1416,-0.001,0.0,0.0,0.0,-1.0,0.0,0.0,89.0,499.0
10562.0,0.0,3.1416,-0.003,0.0,0.0,0.0,-1.0,0.0,0.0,89.0,520.0
10572.0,0.0,3.1416,-0.001,0.0,0.0,0.0,-1.0,0.0,0.0,89.0,504.0
10582.0,0.0,3.1401,-0.008,0.0,0.0,0.0,-1.0,0.0,0.0,89.0,499.0
10593.0,0.0,3.1416,-0.005,0.0,0.0,0.0,-1.0,0.0,0.0,89.0,498.0
10603.0,0.0,3.1416,0.015,0.0,0.0,0.0,-1.0,0.0,0.0,89.0,499.0
10613.0,0.0,3.1416,0.008,0.0,0.0,0.0,-1.0,0.0,0.0,89.0,498.0
10623.0,0.0,3.1401,-0.0,0.0,0.0,0.0,-1.0,0.0,0.0,89.0,515.0
10634.0,0.0,3.1416,-0.004,0.0,0.0,0.0,-1.0,0.0,0.0,89.0,498.0
10644.0,0.0,3.1416,0.008,0.0,0.0,0.0,-1.0,0.0,0.0,89.0,499.0
10654.0,0.0,3.1416,0.008,0.0,0.0,0.0,-1.0,0.0,0.0,89.0,498.0
10664.0,0.0,3.1416,0.003,0.0,0.0,0.0,-1.0,0.0,0.0,89.0,504.0
10674.0,0.0,3.1416,-0.002,0.0,0.0,0.0,-1.0,0.0,0.0,89.0,499.0
10685.0,0.0,3.1401,-0.014,0.0,0.0,0.0,-1.0,0.0,0.0,89.0,498.0
10695.0,0.0,3.1416,-0.004,0.0,0.0,0.0,-1.0,0.0,0.0,89.0,499.0
10705.0,0.0,3.1401,0.003,0.0,0.0,0.0,-1.0,0.0,0.0,89.0,498.0
10715.0,0.0,3.1416,0.009,0.0,0.0,0.0,-1.0,0.0,0.0,89.0,498.0
10725.0,0.0,3.1416,0.002,0.0,0.0,0.0,-1.0,0.0,0.0,89.0,512.0
10735.0,0.0,3.1401,0.003,0.0,0.0,0.0,-1.0,0.0,0.0,89.0,504.0
10746.0,0.0,3.1401,-0.009,0.0,0.0,0.0,-1.0,0.0,0.0,89.0,498.0
10756.0,0.0,3.1416,-0.002,0.0,0.0,0.0,-1.0,0.0,0.0,89.0,499.0
10766.0,0.0,3.1416,0.004,0.0,0.0,0.0,-1.0,0.0,0.0,89.0,498.0
10776.0,0.0,3.1416,0.012,0.0,0.0,0.0,-1.0,0.0,0.0,89.0,500.0
10786.0,0.0,3.1416,0.0,0.0,0.0,0.0,-1.0,0.0,0.0,89.0,504.0
10796.0,0.0,3.1401,-0.003,0.0,0.0,0.0,-1.0,0.0,0.0,89.0,504.0
10806.0,0.0,3.1416,-0.001,0.0,0.0,0.0,-1.0,0.0,0.0,89.0,520.0
10817.0,0.0,3.1401,0.002,0.0,0.0,0.0,-1.0,0.0,0.0,89.0,498.0
10827.0,0.0,3.1416,0.003,0.0,0.0,0.0,-1.0,0.0,0.0,89.0,498.0
10837.0,0.0,3.1416,0.001,0.0,0.0,0.0,-1.0,0.0,0.0,89.0,499.0
10847.0,0.0,3.1401,-0.011,0.0,0.0,0.0,-1.0,0.0,0.0,89.0,498.0
10857.0,0.0,3.1416,-0.007,0.0,0.0,0.0,-1.0,0.0,0.0,89.0,520.0
10868.0,0.0,3.1401,-0.003,0.0,0.0,0.0,-1.0,0.0,0.0,89.0,498.0
10878.0,0.0,3.1401,-0.005,0.0,0.0,0.0,-1.0,0.0,0.0,89.0,499.0
10888.0,0.0,3.1416,-0.008,0.0,0.0,0.0,-1.0,0.0,0.0,89.0,498.0
10898.0,0.0,3.1401,0.004,0.0,0.0,0.0,-1.0,0.0,0.0,89.0,504.0
10908.0,0.0,3.1401,-0.0,0.0,0.0,0.0,-1.0,0.0,0.0,89.0,504.0
10919.0,0.0,3.1416,0.004,0.0,0.0,0.0,-1.0,0.0,0.0,89.0,498.0
10929.0,0.0,3.1401,-0.0,0.0,0.0,0.0,-1.0,0.0,0.0,89.0,499.0
10939.0,0.0,3.1416,0.007,0.0,0.0,0.0,-1.0,0.0,0.0,89.0,498.0
10949.0,0.0,3.1401,0.003,0.0,0.0,0.0,-1.0,0.0,0.0,89.0,498.0
10959.0,0.0,3.1416,-0.0,0.0,0.0,0.0,-1.0,0.0,0.0,89.0,504.0
10969.0,0.0,3.1416,0.002,0.0,0.0,0.0,-1.0,0.0,0.0,89.0,504.0
10980.0,0.0,3.1416,0.011,0.0,0.0,0.0,-1.0,0.0,0.0,89.0,498.0
10990.0,0.0,3.1401,-0.005,0.0,0.0,0.0,-1.0,0.0,0.0,89.0,499.0
11000.0,0.0,3.1416,0.004,0.0,0.0,0.0,-1.0,0.0,0.0,89.0,498.0
11010.0,0.0,3.1401,0.0,0.0,0.0,0.0,-1.0,0.0,0.0,89.0,499.0
11020.0,0.0,3.1416,-0.007,0.0,0.0,0.0,-1.0,0.0,0.0,89.0,499.0
11030.0,0.0,3.1416,-0.014,0.0,0.0,0.0,-1.0,0.0,0.0,89.0,498.0
11040.0,0.0,3.1416,-0.004,0.0,0.0,0.0,-1.0,0.0,0.0,89.0,504.0
11051.0,0.0,3.1401,-0.004,0.0,0.0,0.0,-1.0,0.0,0.0,89.0,498.0
11061.0,0.0,3.1416,0.003,0.0,0.0,0.0,-1.0,0.0,0.0,89.0,499.0
11071.0,0.0,3.1401,0.004,0.0,0.0,0.0,-1.0,0.0,0.0,89.0,512.0
11081.0,0.0,3.1416,0.007,0.0,0.0,0.0,-1.0,0.0,0.0,89.0,498.0
11091.0,0.0,3.1401,0.003,0.0,0.0,0.0,-1.0,0.0,0.0,89.0,499.0
11101.0,0.0,3.1401,0.003,0.0,0.0,0.0,-1.0,0.0,0.0,89.0,504.0
11111.0,0.0,3.1416,0.003,0.0,0.0,0.0,-1.0,0.0,0.0,89.0,512.0
11122.0,0.0,3.1416,0.004,0.0,0.0,0.0,-1.0,0.0,0.0,89.0,498.0
11132.0,0.0,3.1401,0.002,0.0,0.0,0.0,-1.0,0.0,0.0,89.0,499.0
11142.0,0.0,3.1401,-0.001,0.0,0.0,0.0,-1.0,0.0,0.0,89.0,504.0
11152.0,0.0,3.1401,-0.011,0.0,0.0,0.0,-1.0,0.0,0.0,89.0,512.0
11162.0,0.0,3.1416,-0.003,0.0,0.0,0.0,-1.0,0.0,0.0,89.0,512.0
11172.0,0.0,3.1401,-0.003,0.0,0.0,0.0,-1.0,0.0,0.0,89.0,499.0
11182.0,0.0,3.1401,-0.005,0.0,0.0,0.0,-1.0,0.0,0.0,89.0,504.0
11192.0,0.0,3.1416,0.003,0.0,0.0,0.0,-1.0,0.0,0.0,89.0,504.0
11203.0,0.0,3.1401,-0.004,0.0,0.0,0.0,-1.0,0.0,0.0,89.0,498.0
11213.0,0.0,3.1401,0.002,0.0,0.0,0.0,-1.0,0.0,0.0,89.0,499.0
11223.0,0.0,3.1416,-0.005,0.0,0.0,0.0,-1.0,0.0,0.0,89.0,499.0
11233.0,0.0,3.1401,0.003,0.0,0.0,0.0,-1.0,0.0,0.0,89.0,515.0
11243.0,0.0,3.1401,-0.0,0.0,0.0,0.0,-1.0,0.0,0.0,89.0,515.0
11254.0,0.0,3.1401,-0.0,0.0,0.0,0.0,-1.0,0.0,0.0,89.0,498.0
11264.0,0.0,3.1416,0.01,0.0,0.0,0.0,-1.0,0.0,0.0,89.0,499.0
11274.0,0.0,3.1416,-0.002,0.0,0.0,0.0,-1.0,0.0,0.0,89.0,503.0
11284.0,0.0,3.1416,0.005,0.0,0.0,0.0,-1.0,0.0,0.0,89.0,499.0
11294.0,0.0,3.1416,0.01,0.0,0.0,0.0,-1.0,0.0,0.0,89.0,499.0
11305.0,0.0,3.1416,0.0,0.0,0.0,0.0,-1.0,0.0,0.0,89.0,498.0
11315.0,0.0,3.1416,0.003,0.0,0.0,0.0,-1.0,0.0,0.0,89.0,498.0
11325.0,0.0,3.1416,-0.004,0.0,0.0,0.0,-1.0,0.0,0.0,89.0,515.0
11335.0,0.0,3.1416,0.001,0.0,0.0,0.0,-1.0,0.0,0.0,89.0,512.0
11345.0,0.0,3.1416,0.002,0.0,0.0,0.0,-1.0,0.0,0.0,89.0,498.0
11355.0,0.0,3.1416,0.002,0.0,0.0,0.0,-1.0,0.0,0.0,89.0,504.0
11365.0,0.0,3.1401,-0.008,0.0,0.0,0.0,-1.0,0.0,0.0,89.0,520.0
11376.0,0.0,3.1416,-0.001,0.0,0.0,0.0,-1.0,0.0,0.0,89.0,504.0
11386.0,0.0,3.1401,-0.009,0.0,0.0,0.0,-1.0,0.0,0.0,89.0,498.0
11396.0,0.0,3.1416,-0.0,0.0,0.0,0.0,-1.0,0.0,0.0,89.0,504.0
11406.0,0.0,3.1416,-0.007,0.0,0.0,0.0,-1.0,0.0,0.0,89.0,504.0
11416.0,0.0,3.1401,0.0,0.0,0.0,0.0,-1.0,0.0,0.0,89.0,512.0
11427.0,0.0,3.1416,0.013,0.0,0.0,0.0,-1.0,0.0,0.0,89.0,498.0
11437.0,0.0,3.1416,0.009,0.0,0.0,0.0,-1.0,0.0,0.0,89.0,499.0
11447.0,0.0,3.1416,0.007,0.0,0.0,0.0,-1.0,0.0,0.0,89.0,504.0
11457.0,0.0,3.1416,-0.001,0.0,0.0,0.0,-1.0,0.0,0.0,89.0,515.0
11467.0,0.0,3.1416,0.004,0.0,0.0,0.0,-1.0,0.0,0.0,89.0,512.0
11477.0,0.0,3.1416,0.004,0.0,0.0,0.0,-1.0,0.0,0.0,89.0,509.0
11487.0,0.0,3.1416,-0.003,0.0,0.0,0.0,-1.0,0.0,0.0,89.0,512.0
11497.0,0.0,3.1401,-0.008,0.0,0.0,0.0,-1.0,0.0,0.0,89.0,515.0
11508.0,0.0,3.1401,-0.005,0.0,0.0,0.0,-1.0,0.0,0.0,89.0,498.0
11518.0,0.0,3.1401,-0.0,0.0,0.0,0.0,-1.0,0.0,0.0,89.0,512.0
11528.0,0.0,3.1416,0.008,0.0,0.0,0.0,-1.0,0.0,0.0,89.0,504.0
11538.0,0.0,3.1416,0.01,0.0,0.0,0.0,-1.0,0.0,0.0,89.0,507.0
11548.0,0.0,3.1401,-0.009,0.0,0.0,0.0,-1.0,0.0,0.0,89.0,515.0
11559.0,0.0,3.1416,-0.001,0.0,0.0,0.0,-1.0,0.0,0.0,89.0,498.0
11569.0,0.0,3.1416,0.004,0.0,0.0,0.0,-1.0,0.0,0.0,89.0,499.0
11579.0,0.0,3.1416,0.0,0.0,0.0,0.0,-1.0,0.0,0.0,89.0,512.0
11589.0,0.0,3.1401,-0.006,0.0,0.0,0.0,-1.0,0.0,0.0,89.0,520.0
11599.0,0.0,3.1416,-0.017,0.0,0.0,0.0,-1.0,0.0,0.0,89.0,498.0
11609.0,0.0,3.1401,-0.0,0.0,0.0,0.0,-1.0,0.0,0.0,89.0,515.0
11620.0,0.0,3.1401,0.005,0.0,0.0,0.0,-1.0,0.0,0.0,89.0,498.0
11630.0,0.0,3.1401,0.005,0.0,0.0,0.0,-1.0,0.0,0.0,89.0,499.0
11640.0,0.0,3.1401,-0.003,0.0,0.0,0.0,-1.0,0.0,0.0,89.0,498.0
11650.0,0.0,3.1416,0.003,0.0,0.0,0.0,-1.0,0.0,0.0,89.0,504.0
11660.0,0.0,3.1416,0.008,0.0,0.0,0.0,-1.0,0.0,0.0,89.0,514.0
11671.0,0.0,3.1416,-0.002,0.0,0.0,0.0,-1.0,0.0,0.0,89.0,498.0
11681.0,0.0,3.1416,-0.002,0.0,0.0,0.0,-1.0,0.0,0.0,89.0,499.0
11691.0,0.0,3.1416,-0.0,0.0,0.0,0.0,-1.0,0.0,0.0,89.0,498.0
11701.0,0.0,3.1416,0.004,0.0,0.0,0.0,-1.0,0.0,0.0,89.0,503.0
11711.0,0.0,3.1401,0.0,0.0,0.0,0.0,-1.0,0.0,0.0,89.0,504.0
11721.0,0.0,3.1401,-0.005,0.0,0.0,0.0,-1.0,0.0,0.0,89.0,504.0
11732.0,0.0,3.1416,0.005,0.0,0.0,0.0,-1.0,0.0,0.0,89.0,498.0
11742.0,0.0,3.1416,-0.003,0.0,0.0,0.0,-1.0,0.0,0.0,89.0,499.0
11752.0,0.0,3.1416,0.003,0.0,0.0,0.0,-1.0,0.0,0.0,89.0,504.0
11762.0,0.0,3.1401,-0.013,0.0,0.0,0.0,-1.0,0.0,0.0,89.0,498.0
11772.0,0.0,3.1416,0.002,0.0,0.0,0.0,-1.0,0.0,0.0,89.0,520.0
11782.0,0.0,3.1416,0.003,0.0,0.0,0.0,-1.0,0.0,0.0,89.0,504.0
11792.0,0.0,3.1416,0.004,0.0,0.0,0.0,-1.0,0.0,0.0,89.0,504.0
11802.0,0.0,3.1401,-0.006,0.0,0.0,0.0,-1.0,0.0,0.0,89.0,515.0
11813.0,0.0,3.1416,-0.003,0.0,0.0,0.0,-1.0,0.0,0.0,89.0,515.0
11823.0,0.0,3.1401,-0.003,0.0,0.0,0.0,-1.0,0.0,0.0,89.0,499.0
11833.0,0.0,3.1416,-0.001,0.0,0.0,0.0,-1.0,0.0,0.0,89.0,504.0
11843.0,0.0,3.1416,0.007,0.0,0.0,0.0,-1.0,0.0,0.0,89.0,520.0
11854.0,0.0,3.1416,-0.0,0.0,0.0,0.0,-1.0,0.0,0.0,89.0,504.0
11864.0,0.0,3.1416,0.004,0.0,0.0,0.0,-1.0,0.0,0.0,89.0,498.0
11874.0,0.0,3.1401,-0.004,0.0,0.0,0.0,-1.0,0.0,0.0,89.0,499.0
11884.0,0.0,3.1416,0.003,0.0,0.0,0.0,-1.0,0.0,0.0,89.0,499.0
11894.0,0.0,3.1401,-0.008,0.0,0.0,0.0,-1.0,0.0,0.0,89.0,504.0
11904.0,0.0,3.1416,-0.005,0.0,0.0,0.0,-1.0,0.0,0.0,89.0,520.0
11915.0,0.0,3.1416,0.002,0.0,0.0,0.0,-1.0,0.0,0.0,89.0,504.0
11925.0,0.0,3.1401,0.003,0.0,0.0,0.0,-1.0,0.0,0.0,89.0,498.0
11935.0,0.0,3.1416,0.008,0.0,0.0,0.0,-1.0,0.0,0.0,89.0,504.0
11945.0,0.0,3.1416,-0.008,0.0,0.0,0.0,-1.0,0.0,0.0,89.0,520.0
11956.0,0.0,3.1401,-0.004,0.0,0.0,0.0,-1.0,0.0,0.0,89.0,515.0
11966.0,0.0,3.1416,0.009,0.0,0.0,0.0,-1.0,0.0,0.0,89.0,499.0
11976.0,0.0,3.1401,-0.002,0.0,0.0,0.0,-1.0,0.0,0.0,89.0,520.0
11987.0,0.0,3.1416,-0.001,0.0,0.0,0.0,-1.0,0.0,0.0,89.0,520.0
11997.0,0.0,3.1416,0.005,0.0,0.0,0.0,-1.0,0.0,0.0,89.0,498.0
12007.0,0.0,3.1416,-0.007,0.0,0.0,0.0,-1.0,0.0,0.0,89.0,520.0
12017.0,0.0,3.1416,0.01,0.0,0.0,0.0,-1.0,0.0,0.0,89.0,498.0
12027.0,0.0,3.1401,0.0,0.0,0.0,0.0,-1.0,0.0,0.0,89.0,520.0
12038.0,0.0,3.1416,-0.005,0.0,0.0,0.0,-1.0,0.0,0.0,89.0,498.0
12048.0,0.0,3.1401,-0.008,0.0,0.0,0.0,-1.0,0.0,0.0,89.0,499.0
12058.0,0.0,3.1416,-0.009,0.0,0.0,0.0,-1.0,0.0,0.0,89.0,498.0
12068.0,0.0,3.1401,-0.003,0.0,0.0,0.0,-1.0,0.0,0.0,89.0,504.0
12078.0,0.0,3.1401,0.006,0.0,0.0,0.0,-1.0,0.0,0.0,89.0,475.0
12088.0,0.0,3.1401,-0.005,0.0,0.0,0.0,-1.0,0.0,0.0,89.0,504.0
12099.0,0.0,3.1401,-0.004,0.0,0.0,0.0,-1.0,0.0,0.0,89.0,498.0
12109.0,0.0,3.1401,-0.006,0.0,0.0,0.0,-1.0,0.0,0.0,89.0,499.0
12119.0,0.0,3.1401,0.001,0.0,0.0,0.0,-1.0,0.0,0.0,89.0,499.0
12129.0,0.0,3.1401,0.001,0.0,0.0,0.0,-1.0,0.0,0.0,89.0,499.0
12139.0,0.0,3.1401,0.001,0.0,0.0,0.0,-1.0,0.0,0.0,89.0,504.0
12149.0,0.0,3.1416,0.012,0.0,0.0,0.0,-1.0,0.0,0.0,89.0,515.0
12159.0,0.0,3.1401,-0.003,0.0,0.0,0.0,-1.0,0.0,0.0,89.0,520.0
12170.0,0.0,3.1401,-0.008,0.0,0.0,0.0,-1.0,0.0,0.0,89.0,512.0
12180.0,0.0,3.1416,0.001,0.0,0.0,0.0,-1.0,0.0,0.0,89.0,498.0
12190.0,0.0,3.1401,-0.006,0.0,0.0,0.0,-1.0,0.0,0.0,89.0,504.0
12200.0,0.0,3.1416,0.0,0.0,0.0,0.0,-1.0,0.0,0.0,89.0,504.0
12210.0,0.0,3.1401,-0.001,0.0,0.0,0.0,-1.0,0.0,0.0,89.0,512.0
12220.0,0.0,3.1416,-0.002,0.0,0.0,0.0,-1.0,0.0,0.0,89.0,520.0
12231.0,0.0,3.1401,-0.014,0.0,0.0,0.0,-1.0,0.0,0.0,89.0,498.0
12241.0,0.0,3.1416,0.006,0.0,0.0,0.0,-1.0,0.0,0.0,89.0,499.0
12251.0,0.0,3.1401,-0.011,0.0,0.0,0.0,-1.0,0.0,0.0,89.0,498.0
12261.0,0.0,3.1416,-0.007,0.0,0.0,0.0,-1.0,0.0,0.0,89.0,499.0
12271.0,0.0,3.1401,0.001,0.0,0.0,0.0,-1.0,0.0,0.0,89.0,498.0
12281.0,0.0,3.1416,0.003,0.0,0.0,0.0,-1.0,0.0,0.0,89.0,499.0
12291.0,0.0,3.1416,0.006,0.0,0.0,0.0,-1.0,0.0,0.0,89.0,515.0
12302.0,0.0,3.1416,-0.001,0.0,0.0,0.0,-1.0,0.0,0.0,89.0,498.0
12312.0,0.0,3.1401,-0.007,0.0,0.0,0.0,-1.0,0.0,0.0,89.0,498.0
12322.0,0.0,3.1416,0.009,0.0,0.0,0.0,-1.0,0.0,0.0,89.0,515.0
12332.0,0.0,3.1416,0.007,0.0,0.0,0.0,-1.0,0.0,0.0,89.0,498.0
12342.0,0.0,3.1416,0.006,0.0,0.0,0.0,-1.0,0.0,0.0,89.0,499.0
12352.0,0.0,3.1401,-0.002,0.0,0.0,0.0,-1.0,0.0,0.0,89.0,520.0
12362.0,0.0,3.1401,0.001,0.0,0.0,0.0,-1.0,0.0,0.0,89.0,499.0
12372.0,0.0,3.1416,0.002,0.0,0.0,0.0,-1.0,0.0,0.0,89.0,498.0
12382.0,0.0,3.1401,-0.018,0.0,0.0,0.0,-1.0,0.0,0.0,89.0,520.0
12393.0,0.0,3.1416,0.008,0.0,0.0,0.0,-1.0,0.0,0.0,89.0,498.0
12403.0,0.0,3.1401,-0.007,0.0,0.0,0.0,-1.0,0.0,0.0,89.0,499.0
12413.0,0.0,3.1401,-0.001,0.0,0.0,0.0,-1.0,0.0,0.0,89.0,498.0
12423.0,0.0,3.1416,-0.001,0.0,0.0,0.0,-1.0,0.0,0.0,89.0,499.0
12433.0,0.0,3.1401,-0.008,0.0,0.0,0.0,-1.0,0.0,0.0,89.0,498.0
12444.0,0.0,3.1416,0.005,0.0,0.0,0.0,-1.0,0.0,0.0,89.0,499.0
12454.0,0.0,3.1416,-0.004,0.0,0.0,0.0,-1.0,0.0,0.0,89.0,498.0
12464.0,0.0,3.1416,-0.001,0.0,0.0,0.0,-1.0,0.0,0.0,89.0,512.0
12474.0,0.0,3.1401,-0.004,0.0,0.0,0.0,-1.0,0.0,0.0,89.0,499.0
12484.0,0.0,3.1416,-0.002,0.0,0.0,0.0,-1.0,0.0,0.0,89.0,498.0
12494.0,0.0,3.1416,0.001,0.0,0.0,0.0,-1.0,0.0,0.0,89.0,504.0
12505.0,0.0,3.1401,0.002,0.0,0.0,0.0,-1.0,0.0,0.0,89.0,498.0
12515.0,0.0,3.1416,0.009,0.0,0.0,0.0,-1.0,0.0,0.0,89.0,499.0
12525.0,0.0,3.1416,0.001,0.0,0.0,0.0,-1.0,0.0,0.0,89.0,512.0
12535.0,0.0,3.1416,0.009,0.0,0.0,0.0,-1.0,0.0,0.0,89.0,498.0
12545.0,0.0,3.1416,0.007,0.0,0.0,0.0,-1.0,0.0,0.0,89.0,504.0
12555.0,0.0,3.1416,0.001,0.0,0.0,0.0,-1.0,0.0,0.0,89.0,498.0
12565.0,0.0,3.1416,-0.004,0.0,0.0,0.0,-1.0,0.0,0.0,89.0,499.0
12575.0,0.0,3.1401,-0.008,0.0,0.0,0.0,-1.0,0.0,0.0,89.0,515.0
12586.0,0.0,3.1416,-0.002,0.0,0.0,0.0,-1.0,0.0,0.0,89.0,515.0
12596.0,0.0,3.1416,0.011,0.0,0.0,0.0,-1.0,0.0,0.0,89.0,499.0
12606.0,0.0,3.1416,0.0,0.0,0.0,0.0,-1.0,0.0,0.0,89.0,520.0
12617.0,0.0,3.1416,-0.002,0.0,0.0,0.0,-1.0,0.0,0.0,89.0,499.0
12627.0,0.0,3.1416,-0.002,0.0,0.0,0.0,-1.0,0.0,0.0,89.0,498.0
12637.0,0.0,3.1401,-0.01,0.0,0.0,0.0,-1.0,0.0,0.0,89.0,515.0
12647.0,0.0,3.1401,-0.001,0.0,0.0,0.0,-1.0,0.0,0.0,89.0,498.0
12657.0,0.0,3.1416,0.001,0.0,0.0,0.0,-1.0,0.0,0.0,89.0,504.0
12667.0,0.0,3.1416,0.01,0.0,0.0,0.0,-1.0,0.0,0.0,89.0,504.0
12678.0,0.0,3.1416,0.003,0.0,0.0,0.0,-1.0,0.0,0.0,89.0,498.0
12688.0,0.0,3.1401,-0.017,0.0,0.0,0.0,-1.0,0.0,0.0,89.0,499.0
12698.0,0.0,3.1401,-0.009,0.0,0.0,0.0,-1.0,0.0,0.0,89.0,498.0
12708.0,0.0,3.1401,-0.005,0.0,0.0,0.0,-1.0,0.0,0.0,89.0,515.0
12718.0,0.0,3.1416,0.008,0.0,0.0,0.0,-1.0,0.0,0.0,89.0,499.0
12728.0,0.0,3.1416,0.007,0.0,0.0,0.0,-1.0,0.0,0.0,89.0,498.0
12739.0,0.0,3.1401,0.001,0.0,0.0,0.0,-1.0,0.0,0.0,89.0,498.0
12749.0,0.0,3.1416,0.003,0.0,0.0,0.0,-1.0,0.0,0.0,89.0,520.0
12759.0,0.0,3.1401,-0.003,0.0,0.0,0.0,-1.0,0.0,0.0,89.0,515.0
12769.0,0.0,3.1401,-0.004,0.0,0.0,0.0,-1.0,0.0,0.0,89.0,504.0
12779.0,0.0,3.1401,-0.014,0.0,0.0,0.0,-1.0,0.0,0.0,89.0,504.0
12790.0,0.0,3.1401,-0.005,0.0,0.0,0.0,-1.0,0.0,0.0,89.0,498.0
12800.0,0.0,3.1401,0.001,0.0,0.0,0.0,-1.0,0.0,0.0,89.0,499.0
12810.0,0.0,3.1416,0.01,0.0,0.0,0.0,-1.0,0.0,0.0,89.0,498.0
12820.0,0.0,3.1401,-0.003,0.0,0.0,0.0,-1.0,0.0,0.0,89.0,512.0
12830.0,0.0,3.1401,-0.006,0.0,0.0,0.0,-1.0,0.0,0.0,89.0,499.0
12840.0,0.0,3.1401,-0.017,0.0,0.0,0.0,-1.0,0.0,0.0,89.0,498.0
12851.0,0.0,3.1401,-0.003,0.0,0.0,0.0,-1.0,0.0,0.0,89.0,498.0
12861.0,0.0,3.1416,0.002,0.0,0.0,0.0,-1.0,0.0,0.0,89.0,499.0
12871.0,0.0,3.1416,0.011,0.0,0.0,0.0,-1.0,0.0,0.0,89.0,498.0
12881.0,0.0,3.1416,0.005,0.0,0.0,0.0,-1.0,0.0,0.0,89.0,499.0
12891.0,0.0,3.1401,-0.005,0.0,0.0,0.0,-1.0,0.0,0.0,89.0,498.0
12901.0,0.0,3.1401,-0.003,0.0,0.0,0.0,-1.0,0.0,0.0,89.0,520.0
12912.0,0.0,3.1401,-0.005,0.0,0.0,0.0,-1.0,0.0,0.0,89.0,498.0
12922.0,0.0,3.1401,-0.002,0.0,0.0,0.0,-1.0,0.0,0.0,89.0,499.0
12932.0,0.0,3.1416,-0.001,0.0,0.0,0.0,-1.0,0.0,0.0,89.0,498.0
12942.0,0.0,3.1401,0.001,0.0,0.0,0.0,-1.0,0.0,0.0,89.0,520.0
12952.0,0.0,3.1416,0.001,0.0,0.0,0.0,-1.0,0.0,0.0,89.0,504.0
12962.0,0.0,3.1416,0.017,0.0,0.0,0.0,-1.0,0.0,0.0,89.0,514.0
12973.0,0.0,3.1401,0.0,0.0,0.0,0.0,-1.0,0.0,0.0,89.0,498.0
12983.0,0.0,3.1401,-0.003,0.0,0.0,0.0,-1.0,0.0,0.0,89.0,520.0
12993.0,0.0,3.1416,0.001,0.0,0.0,0.0,-1.0,0.0,0.0,89.0,512.0
13003.0,0.0,3.1401,-0.008,0.0,0.0,0.0,-1.0,0.0,0.0,89.0,504.0
13013.0,0.0,3.1401,-0.007,0.0,0.0,0.0,-1.0,0.0,0.0,89.0,475.0
13023.0,0.0,3.1416,0.003,0.0,0.0,0.0,-1.0,0.0,0.0,89.0,498.0
13034.0,0.0,3.1416,0.006,0.0,0.0,0.0,-1.0,0.0,0.0,89.0,498.0
13044.0,0.0,3.1401,-0.005,0.0,0.0,0.0,-1.0,0.0,0.0,89.0,499.0
13054.0,0.0,3.1401,0.002,0.0,0.0,0.0,-1.0,0.0,0.0,89.0,504.0
13064.0,0.0,3.1416,0.003,0.0,0.0,0.0,-1.0,0.0,0.0,89.0,512.0
13075.0,0.0,3.1401,-0.007,0.0,0.0,0.0,-1.0,0.0,0.0,89.0,498.0
13085.0,0.0,3.1401,-0.004,0.0,0.0,0.0,-1.0,0.0,0.0,89.0,499.0
13095.0,0.0,3.1416,0.001,0.0,0.0,0.0,-1.0,0.0,0.0,89.0,515.0
13105.0,0.0,3.1401,-0.003,0.0,0.0,0.0,-1.0,0.0,0.0,89.0,498.0
13115.0,0.0,3.1401,-0.01,0.0,0.0,0.0,-1.0,0.0,0.0,89.0,504.0
13125.0,0.0,3.1416,0.007,0.0,0.0,0.0,-1.0,0.0,0.0,89.0,504.0
13136.0,0.0,3.1416,0.004,0.0,0.0,0.0,-1.0,0.0,0.0,89.0,498.0
13146.0,0.0,3.1401,-0.009,0.0,0.0,0.0,-1.0,0.0,0.0,89.0,499.0
13156.0,0.0,3.1416,-0.0,0.0,0.0,0.0,-1.0,0.0,0.0,89.0,498.0
13166.0,0.0,3.1401,0.003,0.0,0.0,0.0,-1.0,0.0,0.0,89.0,515.0
13177.0,0.0,3.1401,-0.003,0.0,0.0,0.0,-1.0,0.0,0.0,89.0,515.0
13187.0,0.0,3.1401,-0.009,0.0,0.0,0.0,-1.0,0.0,0.0,89.0,499.0
13197.0,0.0,3.1416,0.008,0.0,0.0,0.0,-1.0,0.0,0.0,89.0,520.0
13208.0,0.0,3.1416,0.006,0.0,0.0,0.0,-1.0,0.0,0.0,89.0,520.0
13218.0,0.0,3.1416,-0.005,0.0,0.0,0.0,-1.0,0.0,0.0,89.0,499.0
13228.0,0.0,3.1416,-0.0,0.0,0.0,0.0,-1.0,0.0,0.0,89.0,498.0
13238.0,0.0,3.1401,-0.004,0.0,0.0,0.0,-1.0,0.0,0.0,89.0,504.0
13249.0,0.0,3.1416,0.01,0.0,0.0,0.0,-1.0,0.0,0.0,89.0,499.0
13259.0,0.0,3.1416,0.009,0.0,0.0,0.0,-1.0,0.0,0.0,89.0,504.0
13269.0,0.0,3.1416,0.009,0.0,0.0,0.0,-1.0,0.0,0.0,89.0,499.0
13301.0,2.0,3.1401,-0.015,0.0,0.0,0.0,-1.0,0.0,0.0,89.0,521.0
13311.0,2.0,3.1416,-0.006,0.0,-0.0004,-0.023,-1.0,0.0,0.0,89.0,590.0
13321.0,2.0,3.1416,0.004,0.0,-0.0003,0.015,-1.0,0.0,0.0,89.0,602.0
13331.0,2.0,-3.1401,0.013,0.0,0.0001,0.054,-1.0,0.0,0.0,89.0,610.0
13341.0,2.0,3.1416,0.007,0.0,0.0005,0.03,-1.0,0.0,0.0,89.0,617.0
13351.0,2.0,3.1385,-0.018,0.0,0.0003,-0.073,-1.0,0.0,0.0,89.0,602.0
13362.0,2.0,3.1385,-0.037,0.0,-0.0007,-0.147,-1.0,0.0,0.0,89.0,596.0
13372.0,2.0,3.1401,-0.043,0.0,-0.0022,-0.172,-1.0,0.0,0.0,89.0,594.0
13382.0,2.0,3.1385,-0.034,-4e-05,-0.0039,-0.135,-1.0,0.0,0.0,89.0,605.0
13392.0,2.0,3.1385,-0.02,-8e-05,-0.0048,-0.074,-1.0,0.0,0.0,89.0,596.0
13402.0,2.0,3.1401,-0.013,-0.00015,-0.0054,-0.046,-1.0,0.0,0.0,89.0,595.0
13412.0,2.0,3.1401,-0.008,-0.00019,-0.0059,-0.024,-1.0,0.0,0.0,89.0,603.0
13423.0,2.0,3.1401,0.013,-0.00026,-0.0056,0.061,-1.0,0.0,0.0,89.0,595.0
13433.0,2.0,3.1401,0.017,-0.0003,-0.0048,0.078,-1.0,0.0,0.0,89.0,601.0
13443.0,2.0,3.1416,0.027,-0.00034,-0.0039,0.119,-1.0,0.0,0.0,89.0,603.0
13453.0,2.0,-3.1401,0.047,-0.00038,-0.002,0.201,-1.0,0.0,0.0,89.0,625.0
13464.0,2.0,3.1385,0.008,-0.00038,-0.0006,0.043,-1.0,0.0,0.0,89.0,601.0
13474.0,2.0,-3.1401,0.03,-0.00041,0.0002,0.133,-1.0,0.0,0.0,89.0,612.0
13484.0,2.0,3.1401,0.004,-0.00041,0.0013,0.027,-1.0,0.0,0.0,89.0,603.0
13494.0,2.0,3.1401,-0.027,-0.00041,0.0009,-0.098,-1.0,0.0,0.0,89.0,602.0
13504.0,2.0,3.1401,-0.029,-0.00041,-0.0001,-0.104,-1.0,0.0,0.0,89.0,595.0
13514.0,2.0,3.1416,-0.012,-0.00041,-0.0008,-0.035,-1.0,0.0,0.0,89.0,605.0
13525.0,2.0,3.1416,0.002,-0.00045,-0.0011,0.024,-1.0,0.0,0.0,89.0,610.0
13535.0,2.0,-3.1401,0.023,-0.00045,-0.0005,0.104,-1.0,0.0,0.0,89.0,619.0
13545.0,2.0,3.1401,0.009,-0.00045,0.0001,0.048,-1.0,0.0,0.0,89.0,587.0
13555.0,2.0,3.1401,0.009,-0.00045,0.0006,0.05,-1.0,0.0,0.0,89.0,593.0
13565.0,2.0,3.1416,0.007,-0.00045,0.001,0.04,-1.0,0.0,0.0,89.0,590.0
13575.0,2.0,3.1416,0.024,-0.00041,0.0019,0.109,-1.0,0.0,0.0,89.0,603.0
13586.0,2.0,3.1401,0.008,-0.00041,0.0027,0.044,-1.0,0.0,0.0,89.0,594.0
13596.0,2.0,-3.1401,0.016,-0.00038,0.0032,0.073,-1.0,0.0,0.0,89.0,610.0
13606.0,2.0,3.1416,0.013,-0.00034,0.0054,0.628,-1.0,0.0,0.0,89.0,619.0
13616.0,2.0,3.1401,-0.022,-0.00023,0.016,1.0,-1.0,0.0,0.0,89.0,609.0
13626.0,2.0,3.1355,-0.12,-4e-05,0.026,1.0,-0.9999,0.0,0.0,89.0,587.0
13637.0,2.0,3.1247,-0.262,0.00026,0.0326,0.16,-0.9994,0.0,0.0,89.0,588.0
13647.0,2.0,3.117,-0.511,0.00056,0.0276,-1.04,-0.9975,0.0,0.0,89.0,594.0
13657.0,2.0,3.114,-0.51,0.00079,0.0113,-1.906,-0.9974,0.0,0.0,89.0,610.0
13667.0,2.0,3.1201,-0.382,0.00082,-0.0065,-1.48,-0.9984,0.0,0.0,89.0,580.0
13677.0,2.0,3.1416,0.151,0.00071,-0.0147,-0.28,-0.9997,0.0,0.0,89.0,579.0
13687.0,2.0,-3.1309,0.627,0.00056,-0.0099,1.04,-0.9967,0.0,0.0,89.0,617.0
13697.0,2.0,3.1309,0.313,0.00053,0.0054,1.454,-0.9992,0.0,0.0,89.0,602.0
13708.0,2.0,3.1002,-0.497,0.00064,0.0134,0.254,-0.9976,0.0,0.0,89.0,588.0
13718.0,2.0,3.0649,-1.376,0.00075,0.0093,-0.946,-0.9821,0.0,0.0,89.0,578.0
13728.0,2.0,3.0634,-1.658,0.00075,-0.0067,-2.146,-0.973,0.0,0.0,89.0,585.0
13738.0,2.0,3.0818,-0.986,0.00056,-0.0376,-3.018,-0.9886,0.0,0.0,89.0,579.0
13748.0,2.0,3.1155,0.058,8e-05,-0.0612,-1.818,-0.9986,0.0,0.0,89.0,589.0
13759.0,2.0,3.1416,1.149,-0.0006,-0.0728,-0.618,-0.9888,0.0,0.0,89.0,594.0
13769.0,2.0,3.117,1.004,-0.00131,-0.0723,0.582,-0.9915,0.0,0.0,89.0,602.0
13779.0,2.0,3.068,-0.253,-0.00199,-0.0623,0.822,-0.9987,0.0,0.0,89.0,594.0
13789.0,2.0,3.0419,-1.542,-0.00266,-0.0612,-0.498,-0.9758,0.0,0.0,89.0,601.0
13799.0,2.0,3.0572,-1.319,-0.0033,-0.0728,-1.698,-0.9804,0.0,0.0,89.0,586.0
13809.0,2.0,3.0664,-0.729,-0.00412,-0.0955,-2.367,-0.9914,0.0,0.0,89.0,586.0
13819.0,2.0,3.0726,-0.214,-0.00514,-0.1126,-1.167,-0.9965,0.0,0.0,89.0,592.0
13829.0,2.0,3.0787,0.135,-0.0063,-0.1176,0.033,-0.9975,0.0,0.0,89.0,594.0
13840.0,2.0,3.0833,0.323,-0.00742,-0.1107,1.233,-0.9973,0.0,0.0,89.0,584.0
13850.0,2.0,3.0894,0.424,-0.00848,-0.0935,1.9,-0.9971,0.0,0.0,89.0,586.0
13860.0,2.0,3.094,0.479,-0.0093,-0.0731,2.093,-0.997,0.0,0.0,89.0,593.0
13870.0,2.0,3.0986,0.469,-0.00994,-0.0518,2.072,-0.9973,0.0,0.0,89.0,584.0
13880.0,2.0,3.1032,0.423,-0.01039,-0.0298,1.921,-0.9977,0.0,0.0,89.0,595.0
13891.0,2.0,3.1063,0.395,-0.01061,-0.0115,1.826,-0.9981,0.0,0.0,89.0,586.0
13901.0,2.0,3.1032,0.313,-0.01065,0.0052,1.53,-0.9986,0.0,0.0,89.0,588.0
13911.0,2.0,3.0956,0.12,-0.01054,0.0169,0.801,-0.9991,0.0,0.0,89.0,596.0
13921.0,2.0,3.0848,-0.24,-0.01035,0.0183,-0.399,-0.9983,0.0,0.0,89.0,594.0
13931.0,2.0,3.071,-0.583,-0.0102,0.006,-1.719,-0.995,0.0,0.0,89.0,596.0
13942.0,2.0,3.071,-0.681,-0.01024,-0.0142,-2.041,-0.9933,0.0,0.0,89.0,572.0
13952.0,2.0,3.0848,-0.31,-0.01046,-0.0301,-1.084,-0.9968,0.0,0.0,89.0,572.0
13962.0,2.0,3.1155,0.486,-0.01084,-0.0341,0.236,-0.9971,0.0,0.0,89.0,586.0
13973.0,2.0,3.1355,1.15,-0.01114,-0.0251,1.436,-0.9887,0.0,0.0,89.0,593.0
13983.0,2.0,3.1416,1.294,-0.01129,-0.0042,2.636,-0.9858,0.0,0.0,89.0,594.0
13993.0,2.0,3.1324,0.933,-0.01125,0.0276,3.242,-0.9926,0.0,0.0,89.0,580.0
14003.0,2.0,3.1017,0.111,-0.01084,0.0537,2.065,-0.9998,0.0,0.0,89.0,596.0
14013.0,2.0,3.0787,-0.841,-0.0102,0.0685,0.745,-0.9927,0.0,0.0,89.0,594.0
14024.0,2.0,3.0894,-0.902,-0.00949,0.0693,-0.455,-0.9912,0.0,0.0,89.0,580.0
14034.0,2.0,3.1201,-0.158,-0.00885,0.0596,-0.935,-0.9988,0.0,0.0,89.0,580.0
14044.0,2.0,-3.1263,0.951,-0.00821,0.0573,0.385,-0.9923,0.0,0.0,89.0,595.0
14055.0,2.0,-3.117,1.521,-0.00761,0.0677,1.585,-0.9801,0.0,0.0,89.0,580.0
14065.0,2.0,3.1401,0.945,-0.00686,0.0902,2.785,-0.9922,0.0,0.0,89.0,602.0
14075.0,2.0,3.1155,-0.165,-0.00574,0.1155,1.705,-0.9997,0.0,0.0,89.0,593.0
14085.0,2.0,3.0894,-1.013,-0.00454,0.126,0.505,-0.9904,0.0,0.0,89.0,603.0
14096.0,2.0,3.0986,-1.004,-0.0033,0.1244,-0.695,-0.99,0.0,0.0,89.0,586.0
14106.0,2.0,3.1201,-0.336,-0.0021,0.1115,-1.447,-0.9982,0.0,0.0,89.0,580.0
14116.0,2.0,-3.1401,0.464,-0.00105,0.1037,-0.247,-0.9981,0.0,0.0,89.0,610.0
14126.0,2.0,-3.117,1.128,0.0,0.1078,0.953,-0.9891,0.0,0.0,89.0,587.0
14136.0,2.0,-3.0971,1.564,0.00124,0.1262,2.273,-0.9783,0.0,0.0,89.0,593.0
14147.0,2.0,-3.1032,1.271,0.00259,0.1552,3.235,-0.9851,0.0,0.0,89.0,592.0
14157.0,2.0,-3.1063,0.748,0.00446,0.1854,2.302,-0.9943,0.0,0.0,89.0,593.0
14167.0,2.0,-3.1048,0.581,0.00619,0.2036,1.802,-0.9961,0.0,0.0,89.0,586.0
14177.0,2.0,-3.1124,0.178,0.00848,0.2179,0.748,-0.9991,0.0,0.0,89.0,592.0
14187.0,2.0,3.1293,-0.685,0.01065,0.2188,-0.452,-0.996,0.0,0.0,89.0,601.0
14197.0,2.0,3.0833,-1.721,0.01275,0.2077,-1.652,-0.9742,0.0,0.0,89.0,595.0
14208.0,2.0,3.0848,-2.064,0.01474,0.1846,-2.852,-0.9616,0.0,0.0,89.0,586.0
14218.0,2.0,3.1309,-0.968,0.01643,0.1499,-3.683,-0.9908,0.0,0.0,89.0,595.0
14228.0,2.0,-3.1309,0.342,0.01778,0.1197,-2.483,-0.9989,0.0,0.0,89.0,599.0
14238.0,2.0,-3.1278,0.989,0.01894,0.1003,-1.163,-0.9916,0.0,0.0,89.0,581.0
14248.0,2.0,3.1401,0.614,0.01991,0.0953,0.037,-0.9967,0.0,0.0,89.0,587.0
14258.0,2.0,3.1247,-0.03,0.02089,0.0983,-0.024,-1.0,0.0,0.0,89.0,604.0
14269.0,2.0,3.1078,-0.574,0.02183,0.0915,-1.224,-0.9969,0.0,0.0,89.0,586.0
14279.0,2.0,3.0925,-0.985,0.02265,0.0726,-2.424,-0.9908,0.0,0.0,89.0,585.0
14289.0,2.0,3.0741,-1.284,0.02325,0.0418,-3.624,-0.9839,0.0,0.0,89.0,600.0
14299.0,2.0,3.0879,-0.899,0.02351,-0.0006,-3.554,-0.991,0.0,0.0,89.0,609.0
14309.0,2.0,3.117,-0.085,0.02336,-0.0296,-2.364,-0.9989,0.0,0.0,89.0,588.0
14320.0,2.0,3.1385,0.821,0.02299,-0.0467,-1.164,-0.9942,0.0,0.0,89.0,572.0
14330.0,2.0,3.1201,0.733,0.0225,-0.0517,0.036,-0.9954,0.0,0.0,89.0,586.0
14340.0,2.0,3.0833,-0.314,0.02201,-0.0498,-0.204,-0.9985,0.0,0.0,89.0,580.0
14350.0,2.0,3.0357,-1.56,0.02149,-0.0584,-1.404,-0.9757,0.0,0.0,89.0,588.0
14360.0,2.0,3.0373,-1.839,0.02074,-0.0818,-2.724,-0.9647,0.0,0.0,89.0,593.0
14370.0,2.0,3.0879,-0.451,0.0198,-0.1136,-3.048,-0.9947,0.0,0.0,89.0,593.0
14381.0,2.0,3.0971,0.499,0.01856,-0.1374,-1.848,-0.9965,0.0,0.0,89.0,588.0
14391.0,2.0,3.0603,-0.058,0.01699,-0.15,-0.665,-0.9977,0.0,0.0,89.0,609.0
14401.0,2.0,3.0189,-1.052,0.01549,-0.1632,-1.865,-0.9853,0.0,0.0,89.0,585.0
14411.0,2.0,2.9821,-1.944,0.01376,-0.1885,-3.065,-0.9572,0.0,0.0,89.0,593.0
14421.0,2.0,3.0035,-1.615,0.01174,-0.225,-3.863,-0.9658,0.0,0.0,89.0,593.0
14432.0,2.0,3.0281,-0.665,0.00938,-0.2581,-2.783,-0.9868,0.0,0.0,89.0,572.0
14442.0,2.0,3.0496,0.236,0.00671,-0.2794,-1.583,-0.9934,0.0,0.0,89.0,597.0
14452.0,2.0,3.0419,0.549,0.0039,-0.2886,-0.383,-0.9928,0.0,0.0,89.0,570.0
14462.0,2.0,2.9683,-0.673,0.00075,-0.2885,-0.263,-0.9872,0.0,0.0,89.0,588.0
14473.0,2.0,2.9683,-1.582,-0.00214,-0.2977,-1.463,-0.9635,0.0,0.0,89.0,593.0
14483.0,2.0,2.9913,-0.911,-0.00548,-0.3215,-2.537,-0.9788,0.0,0.0,89.0,601.0
14493.0,2.0,3.0081,-0.115,-0.00878,-0.3403,-1.337,-0.9888,0.0,0.0,89.0,593.0
14503.0,2.0,3.0173,0.378,-0.01215,-0.347,-0.137,-0.9901,0.0,0.0,89.0,580.0
14513.0,2.0,3.0189,0.508,-0.01556,-0.3418,1.063,-0.9903,0.0,0.0,89.0,585.0
14524.0,2.0,3.0158,0.404,-0.0189,-0.3246,2.246,-0.9913,0.0,0.0,89.0,570.0
14534.0,2.0,3.0112,0.176,-0.02201,-0.306,1.502,-0.9919,0.0,0.0,89.0,586.0
14544.0,2.0,3.002,-0.116,-0.02501,-0.2967,0.443,-0.9909,0.0,0.0,89.0,602.0
14554.0,2.0,2.9928,-0.378,-0.02794,-0.2976,-0.436,-0.9883,0.0,0.0,89.0,572.0
14564.0,2.0,2.9989,-0.326,-0.0312,-0.3021,-0.151,-0.9882,0.0,0.0,89.0,572.0
14574.0,2.0,3.0035,-0.097,-0.0342,-0.2986,0.794,-0.9897,0.0,0.0,89.0,594.0
14584.0,2.0,3.0051,0.034,-0.03709,-0.2869,1.392,-0.9904,0.0,0.0,89.0,611.0
14594.0,2.0,3.0051,0.066,-0.03986,-0.2717,1.593,-0.9905,0.0,0.0,89.0,610.0
14605.0,2.0,3.0127,0.207,-0.04249,-0.2525,2.206,-0.991,0.0,0.0,89.0,596.0
14615.0,2.0,3.0143,0.302,-0.04485,-0.2277,2.618,-0.9913,0.0,0.0,89.0,586.0
14625.0,2.0,3.0219,0.387,-0.04721,-0.1968,2.977,-0.9916,0.0,0.0,89.0,586.0
14635.0,2.0,3.0388,0.54,-0.04901,-0.1644,3.509,-0.9915,0.0,0.0,89.0,595.0
14646.0,2.0,3.0572,0.835,-0.05048,-0.125,4.289,-0.9897,0.0,0.0,89.0,585.0
14656.0,2.0,3.0833,1.281,-0.05153,-0.078,4.983,-0.9837,0.0,0.0,89.0,586.0
14666.0,2.0,3.1017,1.662,-0.05209,-0.0212,5.252,-0.9758,0.0,0.0,89.0,609.0
14676.0,2.0,3.1186,1.794,-0.05209,0.0316,5.282,-0.9726,0.0,0.0,89.0,580.0
14686.0,2.0,3.114,1.443,-0.05156,0.0835,5.053,-0.9823,0.0,0.0,89.0,595.0
14697.0,2.0,3.0726,0.403,-0.05051,0.1288,4.0,-0.998,0.0,0.0,89.0,579.0
14707.0,2.0,3.0925,-0.152,-0.04909,0.1622,2.8,-0.9983,0.0,0.0,89.0,578.0
14717.0,2.0,-3.137,0.862,-0.04721,0.1901,2.92,-0.9935,0.0,0.0,89.0,602.0
14728.0,2.0,-3.0772,2.182,-0.04519,0.2259,4.12,-0.959,0.0,0.0,89.0,586.0
14738.0,2.0,-3.0634,2.657,-0.04275,0.2731,4.985,-0.9374,0.0,0.0,89.0,594.0
14748.0,2.0,-3.0726,2.255,-0.03982,0.3223,4.855,-0.953,0.0,0.0,89.0,578.0
14758.0,2.0,-3.0726,1.465,-0.03607,0.3737,4.449,-0.9782,0.0,0.0,89.0,579.0
14769.0,2.0,-3.071,0.892,-0.03221,0.4136,3.591,-0.9902,0.0,0.0,89.0,576.0
14779.0,2.0,-3.0603,0.75,-0.02798,0.446,3.142,-0.9919,0.0,0.0,89.0,588.0
14789.0,2.0,-3.0327,1.091,-0.0234,0.4798,3.62,-0.9848,0.0,0.0,89.0,578.0
14799.0,2.0,-3.0066,1.525,-0.01849,0.5178,3.877,-0.9721,0.0,0.0,89.0,578.0
14809.0,2.0,-2.9943,1.688,-0.01268,0.5601,3.761,-0.9644,0.0,0.0,89.0,585.0
14819.0,2.0,-2.9928,1.4,-0.00698,0.5959,3.388,-0.9709,0.0,0.0,89.0,588.0
14830.0,2.0,-2.9882,1.087,-0.00094,0.6268,2.842,-0.9771,0.0,0.0,89.0,585.0
14840.0,2.0,-2.9867,0.82,0.00536,0.6517,2.166,-0.9812,0.0,0.0,89.0,579.0
14850.0,2.0,-2.9867,0.559,0.0126,0.6702,1.279,-0.9844,0.0,0.0,89.0,601.0
14860.0,2.0,-2.9867,0.363,0.01928,0.6786,0.447,-0.9861,0.0,0.0,89.0,578.0
14870.0,2.0,-2.9897,0.167,0.02599,0.6777,-0.47,-0.9876,0.0,0.0,89.0,588.0
14880.0,2.0,-2.9913,0.04,0.03266,0.6692,-1.158,-0.9882,0.0,0.0,89.0,603.0
14890.0,2.0,-2.9959,-0.092,0.03923,0.6537,-1.866,-0.9888,0.0,0.0,89.0,616.0
14901.0,2.0,-3.0005,-0.232,0.0456,0.631,-2.584,-0.9893,0.0,0.0,89.0,593.0
14911.0,2.0,-3.0035,-0.304,0.05175,0.6024,-3.017,-0.9897,0.0,0.0,89.0,596.0
14921.0,2.0,-3.0112,-0.388,0.05813,0.5665,-3.489,-0.9901,0.0,0.0,89.0,586.0
14931.0,2.0,-3.0219,-0.528,0.06356,0.5284,-4.086,-0.9901,0.0,0.0,89.0,596.0
14942.0,2.0,-3.0327,-0.685,0.06863,0.4843,-4.66,-0.9898,0.0,0.0,89.0,593.0
14952.0,2.0,-3.0465,-0.861,0.0732,0.4349,-5.179,-0.9889,0.0,0.0,89.0,585.0
14962.0,2.0,-3.0588,-1.01,0.07729,0.3809,-5.55,-0.9878,0.0,0.0,89.0,611.0
14972.0,2.0,-3.0726,-1.118,0.08111,0.3182,-5.798,-0.987,0.0,0.0,89.0,592.0
14983.0,2.0,-3.0864,-1.201,0.084,0.2592,-5.964,-0.9863,0.0,0.0,89.0,585.0
14993.0,2.0,-3.1017,-1.272,0.08633,0.1992,-6.0,-0.9855,0.0,0.0,89.0,593.0
15003.0,2.0,-3.1124,-1.328,0.08805,0.1392,-6.0,-0.9847,0.0,0.0,89.0,602.0
15013.0,2.0,-3.1324,-1.402,0.08918,0.0792,-6.0,-0.9833,0.0,0.0,89.0,602.0
15023.0,2.0,3.1247,-1.6,0.0897,0.0132,-6.0,-0.9783,0.0,0.0,89.0,601.0
15033.0,2.0,3.1048,-1.794,0.08959,-0.0468,-6.0,-0.9721,0.0,0.0,89.0,572.0
15043.0,2.0,3.117,-1.381,0.08888,-0.1068,-6.0,-0.9831,0.0,0.0,89.0,594.0
15054.0,2.0,3.1017,-1.019,0.08756,-0.1644,-5.61,-0.9904,0.0,0.0,89.0,572.0
15064.0,2.0,3.0342,-1.996,0.08546,-0.2289,-6.0,-0.9626,0.0,0.0,89.0,601.0
15074.0,2.0,2.9836,-3.153,0.08295,-0.2889,-6.0,-0.9049,0.0,0.0,89.0,588.0
15085.0,2.0,3.0158,-2.599,0.07984,-0.3489,-6.0,-0.9298,0.0,0.0,89.0,572.0
15095.0,2.0,3.0281,-1.094,0.07571,-0.4116,-5.217,-0.981,0.0,0.0,89.0,577.0
15105.0,2.0,2.9713,-1.266,0.07144,-0.4616,-5.269,-0.9753,0.0,0.0,89.0,573.0
15115.0,2.0,2.9284,-2.217,0.0666,-0.5164,-5.522,-0.9392,0.0,0.0,89.0,580.0
15126.0,2.0,2.9038,-2.666,0.06128,-0.5707,-5.338,-0.9123,0.0,0.0,89.0,578.0
15136.0,2.0,2.8777,-2.803,0.05539,-0.6228,-5.115,-0.8981,0.0,0.0,89.0,590.0
15146.0,2.0,2.8532,-2.712,0.04901,-0.6727,-4.886,-0.8956,0.0,0.0,89.0,586.0
15156.0,2.0,2.8271,-2.75,0.04215,-0.7202,-4.636,-0.8851,0.0,0.0,89.0,593.0
15166.0,2.0,2.8149,-2.353,0.03409,-0.7695,-4.346,-0.8972,0.0,0.0,89.0,578.0
15176.0,2.0,2.8057,-2.015,0.02629,-0.8112,-4.028,-0.9058,0.0,0.0,89.0,585.0
15187.0,2.0,2.798,-1.625,0.01808,-0.8492,-3.604,-0.9159,0.0,0.0,89.0,578.0
15197.0,2.0,2.7949,-1.275,0.00953,-0.8824,-3.046,-0.9232,0.0,0.0,89.0,580.0
15207.0,2.0,2.7918,-0.959,0.00064,-0.9089,-2.325,-0.9288,0.0,0.0,89.0,594.0
15217.0,2.0,2.7918,-0.649,-0.00844,-0.9271,-1.384,-0.9336,0.0,0.0,89.0,578.0
15227.0,2.0,2.7857,-0.475,-0.0186,-0.937,-0.592,-0.9351,0.0,0.0,89.0,572.0
15237.0,2.0,2.7842,-0.39,-0.0279,-0.94,-0.046,-0.9351,0.0,0.0,89.0,580.0
15247.0,2.0,2.7842,-0.319,-0.0372,-0.9378,0.464,-0.935,0.0,0.0,89.0,596.0
15258.0,2.0,2.7872,-0.188,-0.04642,-0.9291,1.183,-0.9362,0.0,0.0,89.0,593.0
15268.0,2.0,2.7903,-0.045,-0.05558,-0.9123,2.198,-0.9376,0.0,0.0,89.0,565.0
15278.0,2.0,2.7949,0.104,-0.06446,-0.8837,3.398,-0.9392,0.0,0.0,89.0,569.0
15288.0,2.0,2.7995,0.227,-0.07305,-0.8431,4.598,-0.9408,0.0,0.0,89.0,555.0
15298.0,2.0,2.8118,0.397,-0.08198,-0.7846,5.918,-0.9427,0.0,0.0,89.0,564.0
15309.0,2.0,2.8195,0.606,-0.08948,-0.7246,6.0,-0.9447,0.0,0.0,89.0,555.0
15319.0,2.0,2.8317,0.737,-0.09638,-0.6646,6.0,-0.9466,0.0,0.0,89.0,547.0
15329.0,2.0,2.8486,0.984,-0.10331,-0.5986,6.0,-0.9482,0.0,0.0,89.0,555.0
15339.0,2.0,2.8685,1.238,-0.10898,-0.5386,6.0,-0.9488,0.0,0.0,89.0,555.0
15349.0,2.0,2.8885,1.457,-0.11408,-0.4786,6.0,-0.9492,0.0,0.0,89.0,563.0
15360.0,2.0,2.913,1.682,-0.11854,-0.4186,6.0,-0.9487,0.0,0.0,89.0,563.0
15370.0,2.0,2.936,1.955,-0.12244,-0.3586,6.0,-0.9462,0.0,0.0,89.0,571.0
15380.0,2.0,2.9713,2.221,-0.12574,-0.2986,6.0,-0.9424,0.0,0.0,89.0,563.0
15390.0,2.0,3.0204,2.815,-0.12866,-0.2326,6.0,-0.9242,0.0,0.0,89.0,556.0
15400.0,2.0,3.0603,3.266,-0.13069,-0.1726,6.0,-0.9059,0.0,0.0,89.0,555.0
15410.0,2.0,3.0986,3.505,-0.13215,-0.1126,6.0,-0.895,0.0,0.0,89.0,555.0
15420.0,2.0,-3.1355,3.829,-0.13301,-0.0526,6.0,-0.876,0.0,0.0,89.0,565.0
15430.0,2.0,-3.0802,4.295,-0.13328,0.0074,6.0,-0.8424,0.0,0.0,89.0,581.0
15441.0,2.0,-3.0388,4.563,-0.13294,0.0674,6.0,-0.8179,0.0,0.0,89.0,572.0
15451.0,2.0,-3.0189,4.258,-0.13204,0.1274,6.0,-0.8363,0.0,0.0,89.0,578.0
15461.0,2.0,-3.0081,3.353,-0.13031,0.1934,6.0,-0.8925,0.0,0.0,89.0,593.0
15471.0,2.0,-2.9652,2.966,-0.12814,0.2534,6.0,-0.9101,0.0,0.0,89.0,593.0
15482.0,2.0,-2.8946,3.602,-0.1254,0.3134,6.0,-0.8643,0.0,0.0,89.0,577.0
15492.0,2.0,-2.8287,4.603,-0.12203,0.3734,6.0,-0.7758,0.0,0.0,89.0,586.0
15502.0,2.0,-2.8041,4.711,-0.11805,0.4334,6.0,-0.7508,0.0,0.0,89.0,594.0
15512.0,2.0,-2.7857,3.987,-0.11351,0.4934,6.0,-0.7967,0.0,0.0,89.0,578.0
15522.0,2.0,-2.7474,3.639,-0.10838,0.5534,6.0,-0.8091,0.0,0.0,89.0,586.0
15532.0,2.0,-2.7013,3.771,-0.10264,0.6134,6.0,-0.784,0.0,0.0,89.0,594.0
15542.0,2.0,-2.6906,3.358,-0.09566,0.6794,6.0,-0.7971,0.0,0.0,89.0,578.0
15552.0,2.0,-2.6737,2.757,-0.08865,0.7391,5.884,-0.8229,0.0,0.0,89.0,580.0
15562.0,2.0,-2.64,2.681,-0.08111,0.7964,5.602,-0.8148,0.0,0.0,89.0,586.0
15573.0,2.0,-2.6262,2.526,-0.07298,0.8507,5.298,-0.8111,0.0,0.0,89.0,586.0
15583.0,2.0,-2.6185,2.058,-0.06435,0.9017,4.927,-0.825,0.0,0.0,89.0,595.0
15593.0,2.0,-2.6078,1.769,-0.05516,0.9487,4.503,-0.8292,0.0,0.0,89.0,596.0
15603.0,2.0,-2.6078,1.3,-0.04564,0.9903,3.839,-0.841,0.0,0.0,89.0,578.0
15613.0,2.0,-2.5863,1.266,-0.03465,1.0298,3.43,-0.8351,0.0,0.0,89.0,572.0
15623.0,2.0,-2.5863,1.039,-0.0243,1.0608,2.795,-0.8371,0.0,0.0,89.0,586.0
15633.0,2.0,-2.5878,0.716,-0.01365,1.0838,1.865,-0.8426,0.0,0.0,89.0,586.0
15644.0,2.0,-2.5955,0.36,-0.00289,1.0961,0.686,-0.8489,0.0,0.0,89.0,570.0
15654.0,2.0,-2.6047,-0.01,0.00802,1.0963,-0.514,-0.8552,0.0,0.0,89.0,619.0
15664.0,2.0,-2.6185,-0.441,0.01995,1.0827,-1.834,-0.8616,0.0,0.0,89.0,615.0
15674.0,2.0,-2.643,-0.9,0.03056,1.0578,-3.034,-0.8669,0.0,0.0,89.0,593.0
15685.0,2.0,-2.6707,-1.404,0.04088,1.0209,-4.234,-0.87,0.0,0.0,89.0,589.0
15695.0,2.0,-2.7029,-1.926,0.05078,0.9719,-5.434,-0.8701,0.0,0.0,89.0,570.0
15705.0,2.0,-2.7412,-2.437,0.06109,0.9085,-5.941,-0.8678,0.0,0.0,89.0,587.0
15716.0,2.0,-2.7796,-2.86,0.06979,0.8485,-6.0,-0.8639,0.0,0.0,89.0,577.0
15726.0,2.0,-2.8241,-3.28,0.07796,0.7885,-6.0,-0.857,0.0,0.0,89.0,586.0
15736.0,2.0,-2.867,-3.635,0.0855,0.7285,-6.0,-0.8498,0.0,0.0,89.0,564.0
15746.0,2.0,-2.9146,-3.936,0.09315,0.6625,-6.0,-0.8433,0.0,0.0,89.0,588.0
15757.0,2.0,-2.9544,-4.03,0.09945,0.6025,-6.0,-0.8457,0.0,0.0,89.0,580.0
15767.0,2.0,-2.9913,-3.994,0.10515,0.5425,-6.0,-0.8545,0.0,0.0,89.0,586.0
15777.0,2.0,-3.025,-3.873,0.11025,0.4825,-6.0,-0.8671,0.0,0.0,89.0,587.0
15787.0,2.0,-3.0603,-3.735,0.11475,0.4225,-6.0,-0.8791,0.0,0.0,89.0,586.0
15797.0,2.0,-3.094,-3.571,0.11906,0.3565,-6.0,-0.8913,0.0,0.0,89.0,600.0
15808.0,2.0,-3.1217,-3.372,0.12233,0.2965,-6.0,-0.9037,0.0,0.0,89.0,580.0
15818.0,2.0,3.1401,-3.163,0.12499,0.2365,-6.0,-0.9153,0.0,0.0,89.0,587.0
15828.0,2.0,3.114,-2.866,0.12724,0.1705,-6.0,-0.9298,0.0,0.0,89.0,587.0
15838.0,2.0,3.0756,-2.915,0.12866,0.1105,-6.0,-0.9258,0.0,0.0,89.0,580.0
15849.0,2.0,3.048,-2.92,0.12953,0.0505,-6.0,-0.9231,0.0,0.0,89.0,584.0
15859.0,2.0,3.0143,-2.958,0.12975,-0.0095,-6.0,-0.9178,0.0,0.0,89.0,580.0
15869.0,2.0,2.9867,-2.963,0.12937,-0.0695,-6.0,-0.9132,0.0,0.0,89.0,578.0
15879.0,2.0,2.9606,-2.904,0.12833,-0.1355,-6.0,-0.9109,0.0,0.0,89.0,579.0
15890.0,2.0,2.913,-3.111,0.12671,-0.1955,-6.0,-0.8929,0.0,0.0,89.0,570.0
15900.0,2.0,2.844,-3.855,0.12454,-0.2555,-6.0,-0.8345,0.0,0.0,89.0,573.0
15910.0,2.0,2.8271,-4.12,0.12173,-0.3155,-6.0,-0.8015,0.0,0.0,89.0,588.0
15920.0,2.0,2.8348,-2.943,0.11835,-0.3755,-6.0,-0.8723,0.0,0.0,89.0,593.0
15930.0,2.0,2.778,-2.945,0.11396,-0.4415,-6.0,-0.8617,0.0,0.0,89.0,588.0
15941.0,2.0,2.7581,-2.736,0.10931,-0.5015,-6.0,-0.8639,0.0,0.0,89.0,572.0
15951.0,2.0,2.7305,-2.755,0.1041,-0.5615,-6.0,-0.8521,0.0,0.0,89.0,572.0
15961.0,2.0,2.7029,-2.81,0.09765,-0.6275,-6.0,-0.8361,0.0,0.0,89.0,593.0
15971.0,2.0,2.6645,-2.92,0.0912,-0.6875,-5.988,-0.8166,0.0,0.0,89.0,578.0
15981.0,2.0,2.6231,-3.222,0.08415,-0.7458,-5.692,-0.7818,0.0,0.0,89.0,577.0
15992.0,2.0,2.5894,-3.367,0.0765,-0.801,-5.383,-0.7545,0.0,0.0,89.0,578.0
16002.0,2.0,2.5587,-3.37,0.06836,-0.8531,-5.073,-0.7359,0.0,0.0,89.0,570.0
16012.0,2.0,2.5341,-3.199,0.0597,-0.9021,-4.765,-0.7298,0.0,0.0,89.0,582.0
16022.0,2.0,2.5096,-2.968,0.05055,-0.948,-4.442,-0.7279,0.0,0.0,89.0,586.0
16032.0,2.0,2.4927,-2.622,0.03998,-0.9946,-4.06,-0.7322,0.0,0.0,89.0,578.0
16042.0,2.0,2.482,-2.238,0.02996,-1.033,-3.662,-0.7405,0.0,0.0,89.0,593.0
16053.0,2.0,2.4743,-1.81,0.01957,-1.0659,-2.825,-0.7508,0.0,0.0,89.0,564.0
16063.0,2.0,2.4743,-1.334,0.00893,-1.0876,-1.625,-0.7629,0.0,0.0,89.0,557.0
16073.0,2.0,2.4789,-0.831,-0.00188,-1.0973,-0.425,-0.7753,0.0,0.0,89.0,558.0
16083.0,2.0,2.4881,-0.332,-0.01279,-1.0949,0.775,-0.7863,0.0,0.0,89.0,571.0
16093.0,2.0,2.5004,0.136,-0.02355,-1.0806,1.975,-0.7954,0.0,0.0,89.0,563.0
16103.0,2.0,2.5188,0.615,-0.03521,-1.0509,3.295,-0.8038,0.0,0.0,89.0,563.0
16113.0,2.0,2.5403,1.031,-0.04549,-1.0114,4.495,-0.8104,0.0,0.0,89.0,571.0
16124.0,2.0,2.5633,1.435,-0.05528,-0.9598,5.695,-0.816,0.0,0.0,89.0,556.0
16134.0,2.0,2.594,1.86,-0.06454,-0.9001,6.0,-0.8203,0.0,0.0,89.0,563.0
16144.0,2.0,2.6292,2.313,-0.07316,-0.8401,6.0,-0.8223,0.0,0.0,89.0,555.0
16154.0,2.0,2.663,2.695,-0.08123,-0.7801,6.0,-0.8239,0.0,0.0,89.0,556.0
16164.0,2.0,2.6967,2.946,-0.0894,-0.7141,6.0,-0.8295,0.0,0.0,89.0,554.0
16174.0,2.0,2.7382,3.152,-0.09623,-0.6541,6.0,-0.834,0.0,0.0,89.0,571.0
16185.0,2.0,2.775,3.426,-0.10245,-0.5941,6.0,-0.8345,0.0,0.0,89.0,539.0
16195.0,2.0,2.8179,3.609,-0.10808,-0.5341,6.0,-0.8374,0.0,0.0,89.0,555.0
16205.0,2.0,2.8624,3.835,-0.1131,-0.4741,6.0,-0.8364,0.0,0.0,89.0,561.0
16215.0,2.0,2.91,4.05,-0.11753,-0.4141,6.0,-0.8337,0.0,0.0,89.0,565.0
16225.0,2.0,2.9621,4.328,-0.12173,-0.3481,6.0,-0.8254,0.0,0.0,89.0,573.0
16236.0,2.0,3.0143,4.549,-0.12491,-0.2881,6.0,-0.8167,0.0,0.0,89.0,555.0
16246.0,2.0,3.0695,4.814,-0.1275,-0.2281,6.0,-0.8012,0.0,0.0,89.0,554.0
16256.0,2.0,-3.1293,5.417,-0.12968,-0.1621,6.0,-0.7517,0.0,0.0,89.0,579.0
16267.0,2.0,-3.0511,6.212,-0.13099,-0.1021,6.0,-0.67,0.0,0.0,89.0,555.0
16277.0,2.0,-3.0097,6.228,-0.13174,-0.0421,6.0,-0.661,0.0,0.0,89.0,555.0
16287.0,2.0,-2.9452,5.933,-0.13189,0.0239,6.0,-0.6812,0.0,0.0,89.0,595.0
16298.0,2.0,-2.9069,5.49,-0.1314,0.0839,6.0,-0.7144,0.0,0.0,89.0,572.0
16308.0,2.0,-2.8578,5.178,-0.13016,0.1499,6.0,-0.7296,0.0,0.0,89.0,593.0
16318.0,2.0,-2.8317,4.724,-0.12844,0.2099,6.0,-0.7567,0.0,0.0,89.0,577.0
16329.0,2.0,-2.8026,4.131,-0.12607,0.2699,6.0,-0.7925,0.0,0.0,89.0,572.0
16339.0,2.0,-2.7412,4.108,-0.12315,0.3299,6.0,-0.7795,0.0,0.0,89.0,571.0
16349.0,2.0,-2.6707,4.611,-0.11925,0.3959,6.0,-0.7161,0.0,0.0,89.0,576.0
16359.0,2.0,-2.6277,4.934,-0.11509,0.4559,6.0,-0.6625,0.0,0.0,89.0,578.0
16370.0,2.0,-2.5771,4.965,-0.11033,0.5159,6.0,-0.6338,0.0,0.0,89.0,577.0
16380.0,2.0,-2.5096,5.265,-0.10496,0.5759,6.0,-0.5739,0.0,0.0,89.0,574.0
16390.0,2.0,-2.4712,5.272,-0.099,0.6344,5.735,-0.5406,0.0,0.0,89.0,586.0
16400.0,2.0,-2.4498,4.538,-0.0918,0.6963,5.564,-0.5812,0.0,0.0,89.0,585.0
16411.0,2.0,-2.4298,3.757,-0.08467,0.7511,5.393,-0.625,0.0,0.0,89.0,577.0
16421.0,2.0,-2.4099,3.152,-0.07699,0.8037,5.146,-0.6499,0.0,0.0,89.0,578.0
16431.0,2.0,-2.393,2.705,-0.06881,0.8535,4.833,-0.6616,0.0,0.0,89.0,586.0
16441.0,2.0,-2.3869,2.164,-0.06019,0.8997,4.428,-0.6786,0.0,0.0,89.0,585.0
16451.0,2.0,-2.3884,1.534,-0.05111,0.9407,3.789,-0.6992,0.0,0.0,89.0,578.0
16461.0,2.0,-2.3915,0.918,-0.04069,0.9762,2.729,-0.7161,0.0,0.0,89.0,578.0
16471.0,2.0,-2.4068,0.308,-0.03094,0.9969,1.529,-0.7313,0.0,0.0,89.0,586.0
16481.0,2.0,-2.4206,-0.268,-0.021,1.0056,0.329,-0.7436,0.0,0.0,89.0,595.0
16492.0,2.0,-2.4344,-0.67,-0.01103,1.0023,-0.871,-0.7519,0.0,0.0,89.0,586.0
16502.0,2.0,-2.4513,-0.985,-0.0012,0.987,-2.071,-0.7593,0.0,0.0,89.0,586.0
16512.0,2.0,-2.4712,-1.27,0.00851,0.9597,-3.271,-0.7666,0.0,0.0,89.0,590.0
16522.0,2.0,-2.4943,-1.561,0.01875,0.9184,-4.027,-0.7749,0.0,0.0,89.0,586.0
16532.0,2.0,-2.5203,-1.83,0.02764,0.8755,-4.485,-0.7823,0.0,0.0,89.0,586.0
16542.0,2.0,-2.5479,-2.082,0.03611,0.8285,-4.858,-0.7898,0.0,0.0,89.0,594.0
16553.0,2.0,-2.5786,-2.379,0.04406,0.7781,-5.178,-0.7959,0.0,0.0,89.0,578.0
16563.0,2.0,-2.6124,-2.653,0.05153,0.7248,-5.441,-0.8019,0.0,0.0,89.0,578.0
16573.0,2.0,-2.6477,-2.868,0.05914,0.6635,-5.683,-0.8101,0.0,0.0,89.0,587.0
16583.0,2.0,-2.6829,-3.115,0.06548,0.6056,-5.873,-0.8149,0.0,0.0,89.0,597.0
16594.0,2.0,-2.7151,-3.162,0.07121,0.546,-6.0,-0.8264,0.0,0.0,89.0,580.0
16604.0,2.0,-2.752,-3.303,0.07635,0.486,-6.0,-0.8332,0.0,0.0,89.0,594.0
16614.0,2.0,-2.7918,-3.439,0.08093,0.426,-6.0,-0.8391,0.0,0.0,89.0,580.0
16624.0,2.0,-2.8348,-3.657,0.08486,0.366,-6.0,-0.8397,0.0,0.0,89.0,578.0
16634.0,2.0,-2.8839,-3.975,0.0882,0.306,-6.0,-0.8326,0.0,0.0,89.0,601.0
16644.0,2.0,-2.9452,-4.4,0.09124,0.24,-6.0,-0.8161,0.0,0.0,89.0,580.0
16654.0,2.0,-3.002,-4.775,0.09334,0.18,-6.0,-0.7969,0.0,0.0,89.0,600.0
16665.0,2.0,-3.071,-5.275,0.09488,0.12,-6.0,-0.7616,0.0,0.0,89.0,580.0
16675.0,2.0,-3.1278,-5.607,0.09581,0.06,-6.0,-0.7339,0.0,0.0,89.0,601.0
16685.0,2.0,3.1155,-5.343,0.09615,-0.006,-6.0,-0.7577,0.0,0.0,89.0,601.0
16695.0,2.0,3.0496,-5.438,0.09585,-0.066,-6.0,-0.7452,0.0,0.0,89.0,578.0
16706.0,2.0,2.9851,-5.64,0.09495,-0.126,-6.0,-0.7185,0.0,0.0,89.0,572.0
16716.0,2.0,2.9222,-5.879,0.09323,-0.192,-6.0,-0.6816,0.0,0.0,89.0,593.0
16726.0,2.0,2.8241,-6.682,0.09109,-0.2509,-5.755,-0.5726,0.0,0.0,89.0,572.0
16736.0,2.0,2.7412,-7.058,0.08839,-0.307,-5.502,-0.5007,0.0,0.0,89.0,572.0
16747.0,2.0,2.663,-7.334,0.08512,-0.3606,-5.242,-0.4329,0.0,0.0,89.0,578.0
16757.0,2.0,2.6001,-7.317,0.08134,-0.4118,-5.035,-0.3991,0.0,0.0,89.0,572.0
16767.0,2.0,2.5357,-7.168,0.07703,-0.4611,-4.842,-0.38,0.0,0.0,89.0,585.0
16777.0,2.0,2.4728,-6.821,0.07178,-0.5133,-4.661,-0.3809,0.0,0.0,89.0,586.0
16787.0,2.0,2.4191,-6.415,0.06649,-0.559,-4.5,-0.3914,0.0,0.0,89.0,586.0
16798.0,2.0,2.3685,-6.021,0.06075,-0.603,-4.319,-0.3984,0.0,0.0,89.0,572.0
16808.0,2.0,2.3286,-5.54,0.0546,-0.6452,-4.143,-0.4144,0.0,0.0,89.0,586.0
16818.0,2.0,2.2933,-4.98,0.04808,-0.6857,-3.968,-0.4379,0.0,0.0,89.0,585.0
16828.0,2.0,2.2611,-4.358,0.04039,-0.728,-3.749,-0.4625,0.0,0.0,89.0,572.0
16839.0,2.0,2.2365,-3.811,0.03304,-0.7642,-3.515,-0.4815,0.0,0.0,89.0,578.0
16849.0,2.0,2.2212,-3.19,0.02531,-0.7979,-3.239,-0.5058,0.0,0.0,89.0,580.0
16859.0,2.0,2.2135,-2.558,0.01729,-0.8283,-2.872,-0.5292,0.0,0.0,89.0,586.0
16869.0,2.0,2.2181,-1.781,0.00896,-0.8541,-2.276,-0.5598,0.0,0.0,89.0,586.0
16879.0,2.0,2.2166,-1.012,-0.00045,-0.8729,-1.256,-0.5855,0.0,0.0,89.0,585.0
16890.0,2.0,2.2166,-0.689,-0.00911,-0.8814,-0.523,-0.5915,0.0,0.0,89.0,580.0
16900.0,2.0,2.2289,-0.234,-0.01785,-0.881,0.526,-0.6027,0.0,0.0,89.0,588.0
16910.0,2.0,2.2473,0.292,-0.02651,-0.8692,1.723,-0.6157,0.0,0.0,89.0,587.0
16920.0,2.0,2.2718,0.893,-0.03589,-0.8423,3.043,-0.6293,0.0,0.0,89.0,594.0
16930.0,2.0,2.2994,1.454,-0.0441,-0.8054,4.166,-0.6405,0.0,0.0,89.0,594.0
16941.0,2.0,2.3301,1.952,-0.05186,-0.7601,4.809,-0.6503,0.0,0.0,89.0,588.0
16951.0,2.0,2.3639,2.399,-0.05917,-0.7095,5.237,-0.6596,0.0,0.0,89.0,594.0
16961.0,2.0,2.3991,2.767,-0.06596,-0.6554,5.535,-0.6694,0.0,0.0,89.0,585.0
16971.0,2.0,2.4406,3.115,-0.07219,-0.5987,5.767,-0.6787,0.0,0.0,89.0,586.0
16981.0,2.0,2.4835,3.477,-0.07785,-0.54,5.954,-0.6865,0.0,0.0,89.0,586.0
16991.0,2.0,2.5357,3.856,-0.0834,-0.474,6.0,-0.694,0.0,0.0,89.0,602.0
17002.0,2.0,2.5832,4.187,-0.08786,-0.414,6.0,-0.6995,0.0,0.0,89.0,594.0
17012.0,2.0,2.6338,4.453,-0.09169,-0.354,6.0,-0.7062,0.0,0.0,89.0,602.0
17022.0,2.0,2.6829,4.582,-0.09491,-0.294,6.0,-0.7192,0.0,0.0,89.0,580.0
17032.0,2.0,2.7366,4.716,-0.0978,-0.228,6.0,-0.7318,0.0,0.0,89.0,585.0
17042.0,2.0,2.7888,4.872,-0.09979,-0.168,6.0,-0.7386,0.0,0.0,89.0,586.0
17052.0,2.0,2.8563,5.345,-0.10121,-0.108,6.0,-0.7182,0.0,0.0,89.0,586.0
17062.0,2.0,2.9253,5.69,-0.102,-0.048,6.0,-0.7024,0.0,0.0,89.0,602.0
17073.0,2.0,2.9637,5.558,-0.10219,0.012,6.0,-0.725,0.0,0.0,89.0,593.0
17083.0,2.0,3.0311,5.627,-0.10181,0.072,6.0,-0.7263,0.0,0.0,89.0,578.0
17093.0,2.0,3.1002,6.053,-0.10073,0.138,6.0,-0.6895,0.0,0.0,89.0,601.0
17103.0,2.0,-3.114,6.218,-0.09911,0.198,6.0,-0.6723,0.0,0.0,89.0,594.0
17114.0,2.0,-3.0465,6.284,-0.0969,0.258,6.0,-0.6608,0.0,0.0,89.0,578.0
17124.0,2.0,-2.9775,6.537,-0.09409,0.3176,5.913,-0.6233,0.0,0.0,89.0,579.0
17134.0,2.0,-2.9222,6.243,-0.09068,0.3761,5.823,-0.6441,0.0,0.0,89.0,578.0
17144.0,2.0,-2.8333,6.623,-0.0867,0.433,5.553,-0.5826,0.0,0.0,89.0,578.0
17154.0,2.0,-2.7734,6.776,-0.0822,0.487,5.307,-0.5411,0.0,0.0,89.0,580.0
17164.0,2.0,-2.6998,6.74,-0.07717,0.539,5.086,-0.5189,0.0,0.0,89.0,577.0
17174.0,2.0,-2.6231,6.949,-0.07102,0.5929,4.749,-0.4564,0.0,0.0,89.0,585.0
17184.0,2.0,-2.5694,6.656,-0.06499,0.6392,4.55,-0.459,0.0,0.0,89.0,594.0
17195.0,2.0,-2.5111,6.465,-0.05846,0.6833,4.306,-0.4457,0.0,0.0,89.0,586.0
17205.0,2.0,-2.4758,5.772,-0.05078,0.7296,4.138,-0.4891,0.0,0.0,89.0,601.0
17215.0,2.0,-2.4222,5.297,-0.04339,0.77,3.931,-0.5074,0.0,0.0,89.0,578.0
17225.0,2.0,-2.3838,5.005,-0.03559,0.8078,3.668,-0.5038,0.0,0.0,89.0,580.0
17236.0,2.0,-2.3577,4.419,-0.02745,0.8433,3.451,-0.5301,0.0,0.0,89.0,577.0
17246.0,2.0,-2.327,3.936,-0.01894,0.8764,3.191,-0.545,0.0,0.0,89.0,586.0
17256.0,2.0,-2.3117,3.375,-0.01016,0.9067,2.913,-0.5654,0.0,0.0,89.0,578.0
17266.0,2.0,-2.2918,2.766,-0.00015,0.9366,2.541,-0.5861,0.0,0.0,89.0,588.0
17276.0,2.0,-2.2734,2.435,0.00926,0.9599,2.15,-0.5888,0.0,0.0,89.0,585.0
17287.0,2.0,-2.2672,2.002,0.01886,0.9773,1.252,-0.5983,0.0,0.0,89.0,563.0
17297.0,2.0,-2.2642,1.504,0.02854,0.9833,0.052,-0.6116,0.0,0.0,89.0,539.0
17307.0,2.0,-2.2657,1.055,0.03825,0.9772,-1.148,-0.6224,0.0,0.0,89.0,563.0
17317.0,2.0,-2.2749,0.523,0.04882,0.9566,-2.468,-0.6356,0.0,0.0,89.0,562.0
17327.0,2.0,-2.2887,-0.018,0.05816,0.9254,-3.668,-0.649,0.0,0.0,89.0,572.0
17338.0,2.0,-2.3102,-0.601,0.06713,0.8821,-4.868,-0.662,0.0,0.0,89.0,555.0
17348.0,2.0,-2.3363,-1.179,0.07568,0.8269,-6.0,-0.6733,0.0,0.0,89.0,564.0
17358.0,2.0,-2.3654,-1.75,0.08438,0.7609,-6.0,-0.6835,0.0,0.0,89.0,579.0
17368.0,2.0,-2.3991,-2.192,0.09165,0.7009,-6.0,-0.6921,0.0,0.0,89.0,555.0
17379.0,2.0,-2.4344,-2.567,0.09832,0.6409,-6.0,-0.7008,0.0,0.0,89.0,564.0
17389.0,2.0,-2.4682,-2.87,0.10444,0.5809,-6.0,-0.7104,0.0,0.0,89.0,571.0
17399.0,2.0,-2.5081,-3.165,0.10991,0.5209,-6.0,-0.7194,0.0,0.0,89.0,555.0
17409.0,2.0,-2.5556,-3.505,0.11524,0.4549,-6.0,-0.7274,0.0,0.0,89.0,555.0
17419.0,2.0,-2.6001,-3.784,0.11947,0.3949,-6.0,-0.7345,0.0,0.0,89.0,556.0
17430.0,2.0,-2.6492,-4.082,0.12311,0.3349,-6.0,-0.7388,0.0,0.0,89.0,555.0
17440.0,2.0,-2.7059,-4.488,0.12615,0.2749,-6.0,-0.7344,0.0,0.0,89.0,555.0
17450.0,2.0,-2.7627,-4.788,0.12885,0.2089,-6.0,-0.735,0.0,0.0,89.0,555.0
17460.0,2.0,-2.8103,-4.864,0.13065,0.1489,-6.0,-0.7464,0.0,0.0,89.0,561.0
17471.0,2.0,-2.8563,-4.755,0.13185,0.0889,-6.0,-0.7687,0.0,0.0,89.0,555.0
17481.0,2.0,-2.9376,-5.223,0.13245,0.0289,-6.0,-0.7451,0.0,0.0,89.0,557.0
17491.0,2.0,-3.0081,-5.992,0.13249,-0.0371,-6.0,-0.6873,0.0,0.0,89.0,593.0
17502.0,2.0,-3.0097,-5.356,0.13185,-0.0971,-6.0,-0.7527,0.0,0.0,89.0,570.0
17512.0,2.0,-3.0465,-4.259,0.13065,-0.1571,-6.0,-0.8431,0.0,0.0,89.0,572.0
17522.0,2.0,-3.1278,-5.145,0.12859,-0.2231,-6.0,-0.776,0.0,0.0,89.0,572.0
17532.0,2.0,3.091,-4.82,0.12615,-0.2831,-6.0,-0.8028,0.0,0.0,89.0,572.0
17542.0,2.0,3.048,-5.088,0.12308,-0.3431,-6.0,-0.7767,0.0,0.0,89.0,572.0
17552.0,2.0,2.9851,-5.412,0.11944,-0.4031,-6.0,-0.74,0.0,0.0,89.0,578.0
17562.0,2.0,2.9192,-5.831,0.1152,-0.4631,-6.0,-0.6869,0.0,0.0,89.0,588.0
17573.0,2.0,2.8501,-6.019,0.11036,-0.5231,-6.0,-0.6514,0.0,0.0,89.0,578.0
17583.0,2.0,2.7596,-6.611,0.10489,-0.5831,-5.981,-0.5616,0.0,0.0,89.0,578.0
17593.0,2.0,2.6584,-7.462,0.09889,-0.6403,-5.491,-0.4208,0.0,0.0,89.0,584.0
17603.0,2.0,2.5955,-7.823,0.09233,-0.6927,-5.087,-0.3304,0.0,0.0,89.0,573.0
17613.0,2.0,2.5326,-7.506,0.08524,-0.7423,-4.857,-0.3344,0.0,0.0,89.0,594.0
17623.0,2.0,2.4758,-7.059,0.0777,-0.7897,-4.646,-0.3536,0.0,0.0,89.0,580.0
17633.0,2.0,2.4176,-6.678,0.06967,-0.8348,-4.397,-0.3609,0.0,0.0,89.0,577.0
17643.0,2.0,2.3639,-6.173,0.06038,-0.8815,-4.127,-0.3776,0.0,0.0,89.0,557.0
17653.0,2.0,2.3224,-5.612,0.05149,-0.9214,-3.889,-0.4033,0.0,0.0,89.0,572.0
17664.0,2.0,2.2902,-5.003,0.04222,-0.959,-3.645,-0.4323,0.0,0.0,89.0,580.0
17674.0,2.0,2.2626,-4.292,0.03158,-0.9973,-3.354,-0.4659,0.0,0.0,89.0,603.0
17684.0,2.0,2.2427,-3.595,0.0216,-1.0293,-3.057,-0.4985,0.0,0.0,89.0,571.0
17695.0,2.0,2.2289,-2.949,0.01125,-1.057,-2.361,-0.5243,0.0,0.0,89.0,564.0
17705.0,2.0,2.2227,-2.293,0.00068,-1.074,-1.161,-0.5489,0.0,0.0,89.0,563.0
17715.0,2.0,2.2212,-1.667,-0.01001,-1.079,0.039,-0.5697,0.0,0.0,89.0,570.0
17725.0,2.0,2.2243,-1.099,-0.02066,-1.0721,1.239,-0.5863,0.0,0.0,89.0,538.0
17735.0,2.0,2.235,-0.457,-0.03225,-1.0505,2.559,-0.6039,0.0,0.0,89.0,555.0
17745.0,2.0,2.2488,0.117,-0.04249,-1.0183,3.759,-0.6185,0.0,0.0,89.0,575.0
17756.0,2.0,2.2688,0.645,-0.05243,-0.9741,4.959,-0.631,0.0,0.0,89.0,563.0
17766.0,2.0,2.2918,1.129,-0.06184,-0.9182,6.0,-0.6422,0.0,0.0,89.0,555.0
17776.0,2.0,2.3178,1.62,-0.07151,-0.8522,6.0,-0.6537,0.0,0.0,89.0,555.0
17786.0,2.0,2.3516,2.051,-0.07969,-0.7922,6.0,-0.6635,0.0,0.0,89.0,554.0
17796.0,2.0,2.3869,2.472,-0.08726,-0.7322,6.0,-0.6727,0.0,0.0,89.0,555.0
17807.0,2.0,2.4252,2.878,-0.09424,-0.6722,6.0,-0.681,0.0,0.0,89.0,538.0
17817.0,2.0,2.4682,3.263,-0.10069,-0.6122,6.0,-0.6886,0.0,0.0,89.0,571.0
17827.0,2.0,2.5096,3.571,-0.1065,-0.5522,6.0,-0.6975,0.0,0.0,89.0,556.0
17837.0,2.0,2.5571,3.88,-0.11168,-0.4922,6.0,-0.705,0.0,0.0,89.0,555.0
17847.0,2.0,2.6108,4.2,-0.11674,-0.4262,6.0,-0.7121,0.0,0.0,89.0,565.0
17858.0,2.0,2.6599,4.459,-0.12068,-0.3662,6.0,-0.7182,0.0,0.0,89.0,555.0
17868.0,2.0,2.709,4.681,-0.12405,-0.3062,6.0,-0.7242,0.0,0.0,89.0,571.0
17878.0,2.0,2.7658,4.85,-0.12683,-0.2462,6.0,-0.7312,0.0,0.0,89.0,555.0
17888.0,2.0,2.8133,4.969,-0.129,-0.1862,6.0,-0.7394,0.0,0.0,89.0,555.0
17898.0,2.0,2.8823,5.302,-0.13072,-0.1202,6.0,-0.7294,0.0,0.0,89.0,556.0
17908.0,2.0,2.933,5.27,-0.13162,-0.0602,6.0,-0.7443,0.0,0.0,89.0,563.0
17919.0,2.0,3.002,5.458,-0.13196,-0.0002,6.0,-0.7374,0.0,0.0,89.0,563.0
17929.0,2.0,3.0588,5.671,-0.1317,0.0598,6.0,-0.7244,0.0,0.0,89.0,585.0
17939.0,2.0,3.1063,5.709,-0.13084,0.1198,6.0,-0.7239,0.0,0.0,89.0,572.0
17949.0,2.0,-3.0818,6.086,-0.12941,0.1798,6.0,-0.6856,0.0,0.0,89.0,578.0
17959.0,2.0,-3.0327,6.111,-0.12713,0.2458,6.0,-0.6774,0.0,0.0,89.0,578.0
17970.0,2.0,-2.9698,6.26,-0.12443,0.3058,6.0,-0.652,0.0,0.0,89.0,572.0
17980.0,2.0,-2.89,6.464,-0.12116,0.3658,6.0,-0.615,0.0,0.0,89.0,578.0
17990.0,2.0,-2.8241,6.555,-0.11726,0.4258,6.0,-0.5858,0.0,0.0,89.0,578.0
18000.0,2.0,-2.7596,6.605,-0.11231,0.4918,6.0,-0.5545,0.0,0.0,89.0,601.0
18010.0,2.0,-2.6814,6.835,-0.10721,0.5517,5.938,-0.4972,0.0,0.0,89.0,585.0
18021.0,2.0,-2.6323,6.508,-0.10151,0.6101,5.757,-0.507,0.0,0.0,89.0,580.0
18031.0,2.0,-2.5541,6.508,-0.09521,0.6662,5.472,-0.4729,0.0,0.0,89.0,585.0
18041.0,2.0,-2.5219,6.133,-0.08839,0.7195,5.26,-0.4828,0.0,0.0,89.0,578.0
18051.0,2.0,-2.4774,5.371,-0.08029,0.7764,5.087,-0.533,0.0,0.0,89.0,577.0
18062.0,2.0,-2.4206,5.237,-0.07237,0.8257,4.785,-0.5135,0.0,0.0,89.0,562.0
18072.0,2.0,-2.3945,4.778,-0.06397,0.8721,4.535,-0.5279,0.0,0.0,89.0,586.0
18082.0,2.0,-2.3577,4.334,-0.05516,0.916,4.265,-0.54,0.0,0.0,89.0,570.0
18092.0,2.0,-2.3347,3.78,-0.04496,0.961,3.95,-0.558,0.0,0.0,89.0,578.0
18102.0,2.0,-2.3178,3.149,-0.03529,0.9988,3.636,-0.5841,0.0,0.0,89.0,585.0
18112.0,2.0,-2.2933,2.775,-0.02524,1.0331,3.258,-0.5896,0.0,0.0,89.0,593.0
18123.0,2.0,-2.2795,2.458,-0.01489,1.0626,2.533,-0.5911,0.0,0.0,89.0,539.0
18133.0,2.0,-2.2764,1.951,-0.00428,1.0813,1.333,-0.6053,0.0,0.0,89.0,555.0
18143.0,2.0,-2.2703,1.467,0.00649,1.0881,0.133,-0.6178,0.0,0.0,89.0,563.0
18153.0,2.0,-2.2734,0.964,0.01834,1.0816,-1.187,-0.63,0.0,0.0,89.0,555.0
18164.0,2.0,-2.2856,0.429,0.02899,1.0631,-2.387,-0.6438,0.0,0.0,89.0,555.0
18174.0,2.0,-2.304,-0.169,0.03937,1.0327,-3.587,-0.6582,0.0,0.0,89.0,563.0
18184.0,2.0,-2.3255,-0.78,0.04943,0.9902,-4.787,-0.6711,0.0,0.0,89.0,570.0
18194.0,2.0,-2.3547,-1.399,0.05903,0.9357,-5.987,-0.6818,0.0,0.0,89.0,563.0
18204.0,2.0,-2.3899,-1.998,0.06889,0.8697,-6.0,-0.691,0.0,0.0,89.0,556.0
18214.0,2.0,-2.4237,-2.449,0.07725,0.8097,-6.0,-0.6987,0.0,0.0,89.0,562.0
18224.0,2.0,-2.459,-2.786,0.08501,0.7497,-6.0,-0.7076,0.0,0.0,89.0,562.0
18235.0,2.0,-2.4958,-3.068,0.09217,0.6897,-6.0,-0.7172,0.0,0.0,89.0,569.0
18245.0,2.0,-2.5372,-3.346,0.09877,0.6297,-6.0,-0.7261,0.0,0.0,89.0,563.0
18255.0,2.0,-2.5786,-3.624,0.10474,0.5697,-6.0,-0.7338,0.0,0.0,89.0,564.0
18265.0,2.0,-2.6308,-3.915,0.11066,0.5037,-6.0,-0.7412,0.0,0.0,89.0,562.0
18276.0,2.0,-2.6814,-4.226,0.11535,0.4437,-6.0,-0.7434,0.0,0.0,89.0,555.0
18286.0,2.0,-2.7382,-4.64,0.11951,0.3837,-6.0,-0.7365,0.0,0.0,89.0,556.0
18296.0,2.0,-2.7934,-4.899,0.12338,0.3177,-6.0,-0.7379,0.0,0.0,89.0,565.0
18307.0,2.0,-2.8317,-4.827,0.12626,0.2577,-6.0,-0.7587,0.0,0.0,89.0,564.0
18317.0,2.0,-2.8731,-4.602,0.12855,0.1977,-6.0,-0.7876,0.0,0.0,89.0,555.0
18327.0,2.0,-2.9176,-4.482,0.13039,0.1317,-6.0,-0.8076,0.0,0.0,89.0,571.0
18338.0,2.0,-2.9713,-4.55,0.13144,0.0717,-6.0,-0.8113,0.0,0.0,89.0,563.0
18348.0,2.0,-3.0434,-4.892,0.13189,0.0117,-6.0,-0.7917,0.0,0.0,89.0,555.0
18358.0,2.0,-3.0741,-4.835,0.13166,-0.0543,-6.0,-0.8007,0.0,0.0,89.0,579.0
18368.0,2.0,-3.1309,-4.704,0.13088,-0.1143,-6.0,-0.8127,0.0,0.0,89.0,594.0
18379.0,2.0,3.094,-4.998,0.12949,-0.1743,-6.0,-0.7876,0.0,0.0,89.0,571.0
18389.0,2.0,3.0311,-5.383,0.1275,-0.2343,-6.0,-0.7487,0.0,0.0,89.0,572.0
18399.0,2.0,2.9437,-5.788,0.12465,-0.3003,-6.0,-0.6996,0.0,0.0,89.0,572.0
18410.0,2.0,2.844,-6.974,0.12143,-0.3603,-6.0,-0.5482,0.0,0.0,89.0,572.0
18420.0,2.0,2.7535,-7.777,0.1176,-0.4203,-6.0,-0.4152,0.0,0.0,89.0,578.0
18430.0,2.0,2.6599,-8.163,0.11273,-0.4854,-5.784,-0.3211,0.0,0.0,89.0,580.0
18441.0,2.0,2.5878,-8.145,0.10766,-0.5418,-5.527,-0.2828,0.0,0.0,89.0,584.0
18451.0,2.0,2.5219,-7.815,0.10208,-0.596,-5.343,-0.2881,0.0,0.0,89.0,586.0
18461.0,2.0,2.4467,-7.456,0.09529,-0.6534,-5.113,-0.2892,0.0,0.0,89.0,577.0
18472.0,2.0,2.3838,-7.188,0.08861,-0.7032,-4.866,-0.2787,0.0,0.0,89.0,578.0
18482.0,2.0,2.3531,-6.488,0.08145,-0.7509,-4.722,-0.326,0.0,0.0,89.0,580.0
18492.0,2.0,2.3086,-5.53,0.0738,-0.7977,-4.617,-0.4016,0.0,0.0,89.0,593.0
18502.0,2.0,2.2626,-5.2,0.06491,-0.8466,-4.306,-0.394,0.0,0.0,89.0,577.0
18512.0,2.0,2.2304,-4.621,0.05632,-0.8883,-4.06,-0.4175,0.0,0.0,89.0,585.0
18522.0,2.0,2.2059,-3.98,0.04736,-0.9274,-3.794,-0.4457,0.0,0.0,89.0,586.0
18533.0,2.0,2.1982,-3.237,0.03802,-0.9637,-3.476,-0.4804,0.0,0.0,89.0,577.0
18543.0,2.0,2.1905,-2.452,0.02839,-0.9961,-3.03,-0.5152,0.0,0.0,89.0,564.0
18553.0,2.0,2.1875,-1.764,0.0174,-1.0256,-2.349,-0.5384,0.0,0.0,89.0,585.0
18564.0,2.0,2.1921,-1.124,0.00713,-1.0444,-1.453,-0.5586,0.0,0.0,89.0,578.0
18574.0,2.0,2.1997,-0.48,-0.00431,-1.0532,-0.216,-0.5766,0.0,0.0,89.0,585.0
18584.0,2.0,2.2181,0.074,-0.01474,-1.0487,0.984,-0.5909,0.0,0.0,89.0,595.0
18595.0,2.0,2.2411,0.712,-0.02505,-1.0323,2.184,-0.6057,0.0,0.0,89.0,585.0
18605.0,2.0,2.2703,1.36,-0.03517,-1.0038,3.384,-0.6184,0.0,0.0,89.0,588.0
18615.0,2.0,2.304,1.966,-0.04493,-0.9634,4.584,-0.6286,0.0,0.0,89.0,570.0
18625.0,2.0,2.3424,2.54,-0.05426,-0.9139,5.171,-0.6366,0.0,0.0,89.0,570.0
18635.0,2.0,2.3853,3.046,-0.06311,-0.8601,5.534,-0.6437,0.0,0.0,89.0,588.0
18645.0,2.0,2.436,3.538,-0.07215,-0.7973,5.837,-0.6511,0.0,0.0,89.0,586.0
18655.0,2.0,2.4835,3.953,-0.0798,-0.7377,6.0,-0.6568,0.0,0.0,89.0,585.0
18665.0,2.0,2.5326,4.269,-0.08685,-0.6778,6.0,-0.6653,0.0,0.0,89.0,593.0
18676.0,2.0,2.5771,4.412,-0.0933,-0.6178,6.0,-0.6813,0.0,0.0,89.0,586.0
18686.0,2.0,2.6216,4.481,-0.09915,-0.5578,6.0,-0.7,0.0,0.0,89.0,586.0
18696.0,2.0,2.6691,4.489,-0.10489,-0.4918,6.0,-0.7229,0.0,0.0,89.0,593.0
18707.0,2.0,2.7105,4.395,-0.1095,-0.4318,6.0,-0.7478,0.0,0.0,89.0,586.0
18717.0,2.0,2.7566,4.355,-0.11351,-0.3718,6.0,-0.7674,0.0,0.0,89.0,584.0
18727.0,2.0,2.7995,4.312,-0.11726,-0.3058,6.0,-0.7868,0.0,0.0,89.0,580.0
18737.0,2.0,2.8455,4.336,-0.12004,-0.2458,6.0,-0.7987,0.0,0.0,89.0,594.0
18748.0,2.0,2.8885,4.374,-0.12221,-0.1858,6.0,-0.8078,0.0,0.0,89.0,580.0
18758.0,2.0,2.959,4.677,-0.12379,-0.1258,6.0,-0.7964,0.0,0.0,89.0,586.0
18768.0,2.0,3.0342,5.348,-0.12484,-0.0598,6.0,-0.7513,0.0,0.0,89.0,584.0
18778.0,2.0,3.094,5.749,-0.12517,0.0002,6.0,-0.7192,0.0,0.0,89.0,594.0
18788.0,2.0,3.1416,5.833,-0.12491,0.0602,6.0,-0.7121,0.0,0.0,89.0,602.0
18799.0,2.0,-3.1124,5.068,-0.12409,0.1202,6.0,-0.7817,0.0,0.0,89.0,578.0
18809.0,2.0,-2.9882,5.977,-0.12263,0.1802,6.0,-0.6898,0.0,0.0,89.0,572.0
18819.0,2.0,-2.9452,6.591,-0.1206,0.2402,6.0,-0.6106,0.0,0.0,89.0,578.0
18829.0,2.0,-2.8854,6.102,-0.11794,0.3002,6.0,-0.6521,0.0,0.0,89.0,578.0
18839.0,2.0,-2.778,7.091,-0.11438,0.3663,6.0,-0.5103,0.0,0.0,89.0,572.0
18850.0,2.0,-2.7397,6.872,-0.11048,0.4263,6.0,-0.5116,0.0,0.0,89.0,571.0
18860.0,2.0,-2.6492,6.862,-0.10601,0.4861,5.907,-0.4832,0.0,0.0,89.0,585.0
18870.0,2.0,-2.6062,6.657,-0.10095,0.5438,5.711,-0.4756,0.0,0.0,89.0,577.0
18880.0,2.0,-2.5433,6.261,-0.09469,0.6057,5.515,-0.4871,0.0,0.0,89.0,601.0
18890.0,2.0,-2.5111,5.742,-0.08846,0.6598,5.353,-0.5135,0.0,0.0,89.0,586.0
18901.0,2.0,-2.4574,5.204,-0.08171,0.7125,5.176,-0.5401,0.0,0.0,89.0,586.0
18911.0,2.0,-2.4191,4.992,-0.07444,0.7627,4.909,-0.5291,0.0,0.0,89.0,586.0
18921.0,2.0,-2.3991,4.313,-0.06667,0.8107,4.715,-0.5652,0.0,0.0,89.0,584.0
18931.0,2.0,-2.3608,3.846,-0.0576,0.8609,4.424,-0.5765,0.0,0.0,89.0,585.0
18941.0,2.0,-2.3301,3.568,-0.0489,0.9035,4.116,-0.5735,0.0,0.0,89.0,578.0
18951.0,2.0,-2.304,3.297,-0.03979,0.9428,3.785,-0.57,0.0,0.0,89.0,586.0
18961.0,2.0,-2.2872,2.933,-0.0303,0.9788,3.431,-0.5742,0.0,0.0,89.0,586.0
18972.0,2.0,-2.2749,2.438,-0.02048,1.0108,3.016,-0.588,0.0,0.0,89.0,577.0
18982.0,2.0,-2.2642,2.044,-0.01035,1.0384,2.533,-0.5952,0.0,0.0,89.0,577.0
18992.0,2.0,-2.2596,1.614,0.0,1.0577,1.395,-0.6047,0.0,0.0,89.0,540.0
19002.0,2.0,-2.2611,1.084,0.01159,1.0651,0.075,-0.6182,0.0,0.0,89.0,547.0
19012.0,2.0,-2.2734,0.52,0.02213,1.0593,-1.125,-0.6332,0.0,0.0,89.0,565.0
19023.0,2.0,-2.2933,-0.151,0.03255,1.0414,-2.325,-0.65,0.0,0.0,89.0,545.0
19033.0,2.0,-2.3209,-0.83,0.04275,1.0116,-3.525,-0.664,0.0,0.0,89.0,570.0
19043.0,2.0,-2.3501,-1.499,0.05261,0.9697,-4.725,-0.6747,0.0,0.0,89.0,576.0
19053.0,2.0,-2.3853,-2.133,0.06203,0.9159,-5.925,-0.6821,0.0,0.0,89.0,563.0
19063.0,2.0,-2.4268,-2.691,0.07166,0.8499,-6.0,-0.6893,0.0,0.0,89.0,571.0
19074.0,2.0,-2.4651,-3.071,0.07984,0.7899,-6.0,-0.6971,0.0,0.0,89.0,555.0
19084.0,2.0,-2.5035,-3.356,0.08738,0.7299,-6.0,-0.7068,0.0,0.0,89.0,555.0
19094.0,2.0,-2.5495,-3.649,0.09435,0.6699,-6.0,-0.715,0.0,0.0,89.0,555.0
19104.0,2.0,-2.594,-3.929,0.10073,0.6099,-6.0,-0.7224,0.0,0.0,89.0,563.0
19114.0,2.0,-2.6415,-4.172,0.1065,0.5499,-6.0,-0.7299,0.0,0.0,89.0,555.0
19124.0,2.0,-2.6983,-4.443,0.11216,0.4839,-6.0,-0.7355,0.0,0.0,89.0,555.0
19134.0,2.0,-2.7612,-4.844,0.1167,0.4239,-6.0,-0.7278,0.0,0.0,89.0,571.0
19145.0,2.0,-2.8133,-5.171,0.1206,0.3639,-6.0,-0.7212,0.0,0.0,89.0,569.0
19155.0,2.0,-2.8563,-5.129,0.12398,0.3039,-6.0,-0.7398,0.0,0.0,89.0,561.0
19165.0,2.0,-2.8977,-4.782,0.12697,0.2379,-6.0,-0.7798,0.0,0.0,89.0,572.0
19176.0,2.0,-2.9391,-4.555,0.12904,0.1779,-6.0,-0.8061,0.0,0.0,89.0,563.0
19186.0,2.0,-3.0005,-4.603,0.13054,0.1179,-6.0,-0.8103,0.0,0.0,89.0,572.0
19196.0,2.0,-3.0833,-5.286,0.13148,0.0579,-6.0,-0.7608,0.0,0.0,89.0,555.0
19206.0,2.0,-3.1155,-5.655,0.13178,-0.0081,-6.0,-0.7294,0.0,0.0,89.0,609.0
19216.0,2.0,3.1263,-4.632,0.13144,-0.0681,-6.0,-0.8184,0.0,0.0,89.0,592.0
19227.0,2.0,3.0726,-4.698,0.1305,-0.1281,-6.0,-0.8111,0.0,0.0,89.0,572.0
19237.0,2.0,3.0143,-5.073,0.12896,-0.1881,-6.0,-0.7743,0.0,0.0,89.0,572.0
19247.0,2.0,2.933,-5.539,0.12686,-0.2481,-6.0,-0.7217,0.0,0.0,89.0,588.0
19257.0,2.0,2.8256,-6.781,0.12386,-0.3141,-6.0,-0.5663,0.0,0.0,89.0,572.0
19267.0,2.0,2.7351,-7.656,0.12049,-0.3741,-6.0,-0.4253,0.0,0.0,89.0,578.0
19278.0,2.0,2.6584,-8.042,0.11651,-0.4341,-5.951,-0.3348,0.0,0.0,89.0,572.0
19288.0,2.0,2.5832,-8.023,0.11197,-0.4922,-5.71,-0.2968,0.0,0.0,89.0,577.0
19298.0,2.0,2.5157,-7.738,0.10688,-0.5482,-5.525,-0.2949,0.0,0.0,89.0,578.0
19308.0,2.0,2.4375,-7.46,0.10061,-0.6076,-5.285,-0.2838,0.0,0.0,89.0,578.0
19318.0,2.0,2.37,-7.284,0.09439,-0.659,-5.023,-0.2593,0.0,0.0,89.0,578.0
19328.0,2.0,2.3301,-6.719,0.08768,-0.7082,-4.854,-0.2879,0.0,0.0,89.0,586.0
19338.0,2.0,2.304,-5.654,0.08044,-0.7564,-4.79,-0.3779,0.0,0.0,89.0,580.0
19349.0,2.0,2.2611,-4.993,0.07275,-0.8033,-4.597,-0.4126,0.0,0.0,89.0,578.0
19359.0,2.0,2.2212,-4.548,0.06375,-0.8521,-4.299,-0.4182,0.0,0.0,89.0,601.0
19369.0,2.0,2.2059,-3.901,0.05513,-0.8937,-4.037,-0.4464,0.0,0.0,89.0,586.0
19380.0,2.0,2.1875,-3.216,0.04609,-0.9323,-3.717,-0.4761,0.0,0.0,89.0,578.0
19390.0,2.0,2.1767,-2.595,0.03671,-0.9673,-3.299,-0.4986,0.0,0.0,89.0,592.0
19400.0,2.0,2.1721,-1.984,0.02704,-0.9974,-2.742,-0.5192,0.0,0.0,89.0,562.0
19410.0,2.0,2.1752,-1.339,0.01702,-1.0206,-1.947,-0.5403,0.0,0.0,89.0,578.0
19420.0,2.0,2.1829,-0.655,0.00585,-1.0352,-0.764,-0.5605,0.0,0.0,89.0,593.0
19430.0,2.0,2.1951,-0.082,-0.00442,-1.0362,0.436,-0.5758,0.0,0.0,89.0,603.0
19440.0,2.0,2.2197,0.54,-0.01463,-1.0253,1.636,-0.5911,0.0,0.0,89.0,594.0
19450.0,2.0,2.2473,1.177,-0.02471,-1.0023,2.836,-0.6046,0.0,0.0,89.0,594.0
19461.0,2.0,2.2795,1.786,-0.03446,-0.9673,4.036,-0.6157,0.0,0.0,89.0,586.0
19471.0,2.0,2.3178,2.369,-0.04384,-0.9222,4.77,-0.6247,0.0,0.0,89.0,587.0
19481.0,2.0,2.3577,2.884,-0.0528,-0.8722,5.177,-0.6326,0.0,0.0,89.0,594.0
19491.0,2.0,2.4099,3.422,-0.06199,-0.8132,5.507,-0.6396,0.0,0.0,89.0,602.0
19502.0,2.0,2.4559,3.841,-0.06983,-0.7567,5.751,-0.6463,0.0,0.0,89.0,602.0
19512.0,2.0,2.5065,4.222,-0.07706,-0.698,5.962,-0.6526,0.0,0.0,89.0,594.0
19522.0,2.0,2.5617,4.57,-0.0837,-0.638,6.0,-0.6582,0.0,0.0,89.0,580.0
19532.0,2.0,2.617,4.842,-0.09034,-0.572,6.0,-0.6682,0.0,0.0,89.0,586.0
19542.0,2.0,2.6661,4.93,-0.09574,-0.512,6.0,-0.6856,0.0,0.0,89.0,596.0
19553.0,2.0,2.7167,4.945,-0.10054,-0.452,6.0,-0.7058,0.0,0.0,89.0,594.0
19563.0,2.0,2.7642,4.934,-0.10474,-0.392,6.0,-0.7256,0.0,0.0,89.0,586.0
19573.0,2.0,2.8149,4.93,-0.10838,-0.332,6.0,-0.7427,0.0,0.0,89.0,585.0
19583.0,2.0,2.8593,4.828,-0.11168,-0.266,6.0,-0.7661,0.0,0.0,89.0,588.0
19594.0,2.0,2.9038,4.651,-0.11404,-0.206,6.0,-0.7906,0.0,0.0,89.0,579.0
19604.0,2.0,2.959,4.686,-0.1158,-0.146,6.0,-0.7976,0.0,0.0,89.0,586.0
19614.0,2.0,3.0311,5.132,-0.117,-0.086,6.0,-0.7699,0.0,0.0,89.0,586.0
19624.0,2.0,3.0925,5.608,-0.11764,-0.02,6.0,-0.7329,0.0,0.0,89.0,586.0
19634.0,2.0,3.1309,5.516,-0.11756,0.04,6.0,-0.7426,0.0,0.0,89.0,587.0
19645.0,2.0,-3.1032,5.015,-0.11693,0.1,6.0,-0.7862,0.0,0.0,89.0,572.0
19655.0,2.0,-3.0081,5.619,-0.11569,0.16,6.0,-0.7262,0.0,0.0,89.0,578.0
19665.0,2.0,-2.9192,6.682,-0.11363,0.226,6.0,-0.5987,0.0,0.0,89.0,594.0
19676.0,2.0,-2.89,6.359,-0.11111,0.286,6.0,-0.6207,0.0,0.0,89.0,572.0
19686.0,2.0,-2.7857,6.693,-0.10804,0.346,6.0,-0.5609,0.0,0.0,89.0,578.0
19696.0,2.0,-2.7274,7.019,-0.10433,0.4057,5.915,-0.4928,0.0,0.0,89.0,572.0
19706.0,2.0,-2.6523,6.691,-0.09964,0.4699,5.761,-0.5021,0.0,0.0,89.0,586.0
19717.0,2.0,-2.6001,6.601,-0.09473,0.5262,5.541,-0.4801,0.0,0.0,89.0,577.0
19727.0,2.0,-2.5648,6.0,-0.08929,0.5809,5.43,-0.5198,0.0,0.0,89.0,586.0
19737.0,2.0,-2.5065,5.61,-0.08329,0.6344,5.246,-0.5316,0.0,0.0,89.0,586.0
19747.0,2.0,-2.4682,5.123,-0.0768,0.6859,5.066,-0.5521,0.0,0.0,89.0,588.0
19757.0,2.0,-2.416,5.003,-0.06904,0.7398,4.757,-0.5286,0.0,0.0,89.0,607.0
19767.0,2.0,-2.3746,4.744,-0.06154,0.7859,4.492,-0.522,0.0,0.0,89.0,585.0
19778.0,2.0,-2.347,4.349,-0.05359,0.8293,4.237,-0.5286,0.0,0.0,89.0,587.0
19788.0,2.0,-2.3347,3.627,-0.04519,0.8704,4.005,-0.5646,0.0,0.0,89.0,578.0
19798.0,2.0,-2.3163,2.895,-0.03641,0.9089,3.706,-0.5981,0.0,0.0,89.0,579.0
19808.0,2.0,-2.2703,2.966,-0.02636,0.9474,3.322,-0.5691,0.0,0.0,89.0,578.0
19818.0,2.0,-2.2642,2.728,-0.01684,0.9786,2.947,-0.5637,0.0,0.0,89.0,587.0
19829.0,2.0,-2.2596,2.103,-0.00705,1.0054,2.452,-0.5858,0.0,0.0,89.0,578.0
19839.0,2.0,-2.255,1.583,0.003,1.0265,1.767,-0.6003,0.0,0.0,89.0,579.0
19849.0,2.0,-2.2642,0.957,0.01324,1.0376,0.567,-0.6191,0.0,0.0,89.0,539.0
19859.0,2.0,-2.2795,0.184,0.0246,1.0359,-0.753,-0.6405,0.0,0.0,89.0,555.0
19869.0,2.0,-2.3056,-0.53,0.03484,1.0218,-1.953,-0.6567,0.0,0.0,89.0,563.0
19880.0,2.0,-2.3301,-1.168,0.04481,0.9956,-3.153,-0.6688,0.0,0.0,89.0,555.0
19890.0,2.0,-2.3577,-1.687,0.05456,0.9575,-4.353,-0.6784,0.0,0.0,89.0,563.0
19900.0,2.0,-2.3869,-2.092,0.06383,0.9074,-5.553,-0.6876,0.0,0.0,89.0,555.0
19910.0,2.0,-2.4191,-2.421,0.07256,0.848,-6.0,-0.6973,0.0,0.0,89.0,555.0
19920.0,2.0,-2.4605,-2.804,0.08149,0.782,-6.0,-0.7068,0.0,0.0,89.0,571.0
19931.0,2.0,-2.5019,-3.183,0.08895,0.722,-6.0,-0.7135,0.0,0.0,89.0,555.0
19941.0,2.0,-2.5433,-3.509,0.09589,0.662,-6.0,-0.7205,0.0,0.0,89.0,563.0
19951.0,2.0,-2.5802,-3.675,0.10219,0.602,-6.0,-0.7331,0.0,0.0,89.0,563.0
19961.0,2.0,-2.6262,-3.83,0.10789,0.542,-6.0,-0.7449,0.0,0.0,89.0,569.0
19971.0,2.0,-2.6814,-4.248,0.11348,0.476,-6.0,-0.7433,0.0,0.0,89.0,585.0
19981.0,2.0,-2.732,-4.513,0.11794,0.416,-6.0,-0.7457,0.0,0.0,89.0,555.0
19991.0,2.0,-2.7688,-4.529,0.12176,0.356,-6.0,-0.7618,0.0,0.0,89.0,561.0
20002.0,2.0,-2.8072,-4.323,0.12503,0.296,-6.0,-0.7899,0.0,0.0,89.0,555.0
20012.0,2.0,-2.8517,-4.204,0.12773,0.236,-6.0,-0.8101,0.0,0.0,89.0,571.0
20022.0,2.0,-2.9069,-4.329,0.12979,0.176,-6.0,-0.8131,0.0,0.0,89.0,564.0
20032.0,2.0,-2.9698,-4.845,0.1314,0.11,-6.0,-0.7866,0.0,0.0,89.0,571.0
20043.0,2.0,-3.0265,-5.069,0.13223,0.05,-6.0,-0.7759,0.0,0.0,89.0,555.0
20053.0,2.0,-3.071,-4.989,0.13245,-0.01,-6.0,-0.7871,0.0,0.0,89.0,588.0
20063.0,2.0,-3.137,-5.249,0.13207,-0.07,-6.0,-0.7668,0.0,0.0,89.0,572.0
20073.0,2.0,3.0741,-5.655,0.13099,-0.136,-6.0,-0.7274,0.0,0.0,89.0,571.0
20083.0,2.0,2.9882,-6.148,0.12941,-0.196,-6.0,-0.6708,0.0,0.0,89.0,572.0
20093.0,2.0,2.8762,-7.316,0.1272,-0.256,-6.0,-0.5183,0.0,0.0,89.0,572.0
20103.0,2.0,2.8103,-8.026,0.12443,-0.316,-6.0,-0.3975,0.0,0.0,89.0,595.0
20114.0,2.0,2.7336,-8.02,0.12101,-0.376,-6.0,-0.3685,0.0,0.0,89.0,580.0
20124.0,2.0,2.6553,-7.929,0.11704,-0.436,-5.99,-0.3468,0.0,0.0,89.0,577.0
20134.0,2.0,2.5817,-7.791,0.11246,-0.4948,-5.784,-0.3272,0.0,0.0,89.0,586.0
20144.0,2.0,2.5065,-7.534,0.1068,-0.557,-5.562,-0.3167,0.0,0.0,89.0,572.0
20155.0,2.0,2.439,-7.283,0.10106,-0.6114,-5.342,-0.3065,0.0,0.0,89.0,574.0
20165.0,2.0,2.3792,-6.986,0.09476,-0.6636,-5.114,-0.3003,0.0,0.0,89.0,580.0
20175.0,2.0,2.3393,-6.31,0.08726,-0.7187,-4.937,-0.3386,0.0,0.0,89.0,577.0
20185.0,2.0,2.3071,-5.356,0.07995,-0.7675,-4.835,-0.4115,0.0,0.0,89.0,586.0
20195.0,2.0,2.2657,-4.776,0.07215,-0.8147,-4.619,-0.4367,0.0,0.0,89.0,585.0
20206.0,2.0,2.2335,-4.425,0.0639,-0.8593,-4.334,-0.4362,0.0,0.0,89.0,578.0
20216.0,2.0,2.2151,-3.783,0.0552,-0.9012,-4.066,-0.4639,0.0,0.0,89.0,584.0
20226.0,2.0,2.1951,-3.131,0.04519,-0.9438,-3.698,-0.4877,0.0,0.0,89.0,578.0
20237.0,2.0,2.189,-2.466,0.03566,-0.9784,-3.257,-0.5132,0.0,0.0,89.0,562.0
20247.0,2.0,2.189,-1.708,0.02483,-1.0103,-2.542,-0.5406,0.0,0.0,89.0,601.0
20257.0,2.0,2.1921,-1.056,0.01478,-1.0307,-1.612,-0.5614,0.0,0.0,89.0,578.0
20268.0,2.0,2.2013,-0.479,0.0045,-1.0407,-0.469,-0.5774,0.0,0.0,89.0,578.0
20278.0,2.0,2.2197,0.128,-0.00581,-1.0388,0.731,-0.5932,0.0,0.0,89.0,595.0
20288.0,2.0,2.2411,0.791,-0.01706,-1.0228,2.051,-0.6087,0.0,0.0,89.0,585.0
20298.0,2.0,2.2718,1.347,-0.02711,-0.9957,3.251,-0.6206,0.0,0.0,89.0,596.0
20309.0,2.0,2.2994,1.83,-0.03683,-0.9568,4.312,-0.6313,0.0,0.0,89.0,570.0
20319.0,2.0,2.3317,2.272,-0.04609,-0.9106,4.844,-0.6415,0.0,0.0,89.0,594.0
20329.0,2.0,2.37,2.697,-0.0549,-0.8599,5.243,-0.6509,0.0,0.0,89.0,600.0
20339.0,2.0,2.4145,3.112,-0.06397,-0.8001,5.58,-0.6613,0.0,0.0,89.0,587.0
20349.0,2.0,2.4559,3.446,-0.07166,-0.7429,5.834,-0.671,0.0,0.0,89.0,594.0
20359.0,2.0,2.5004,3.739,-0.07879,-0.6834,6.0,-0.6812,0.0,0.0,89.0,594.0
20369.0,2.0,2.5464,4.02,-0.08531,-0.6234,6.0,-0.6904,0.0,0.0,89.0,601.0
20380.0,2.0,2.594,4.267,-0.0912,-0.5634,6.0,-0.6998,0.0,0.0,89.0,594.0
20390.0,2.0,2.6415,4.443,-0.09653,-0.5034,6.0,-0.7113,0.0,0.0,89.0,586.0
20400.0,2.0,2.6983,4.619,-0.1017,-0.4374,6.0,-0.7229,0.0,0.0,89.0,602.0
20411.0,2.0,2.7489,4.761,-0.10575,-0.3774,6.0,-0.7324,0.0,0.0,89.0,587.0
20421.0,2.0,2.8072,5.029,-0.1092,-0.3174,6.0,-0.7305,0.0,0.0,89.0,586.0
20431.0,2.0,2.8501,4.99,-0.11235,-0.2514,6.0,-0.7503,0.0,0.0,89.0,609.0
20441.0,2.0,2.913,5.151,-0.1146,-0.1914,6.0,-0.7503,0.0,0.0,89.0,585.0
20451.0,2.0,2.9698,5.231,-0.11621,-0.1314,6.0,-0.754,0.0,0.0,89.0,586.0
20461.0,2.0,3.0189,5.279,-0.11726,-0.0714,6.0,-0.7575,0.0,0.0,89.0,586.0
20471.0,2.0,3.091,5.608,-0.11771,-0.0114,6.0,-0.7326,0.0,0.0,89.0,594.0
20482.0,2.0,-3.1324,5.889,-0.1176,0.0486,6.0,-0.7064,0.0,0.0,89.0,593.0
20492.0,2.0,-3.0726,5.852,-0.11685,0.1086,6.0,-0.7077,0.0,0.0,89.0,576.0
20502.0,2.0,-3.002,6.112,-0.11535,0.1746,6.0,-0.6733,0.0,0.0,89.0,572.0
20512.0,2.0,-2.9345,6.366,-0.11336,0.2346,6.0,-0.6338,0.0,0.0,89.0,582.0
20523.0,2.0,-2.8731,6.365,-0.11081,0.2946,6.0,-0.6183,0.0,0.0,89.0,572.0
20533.0,2.0,-2.7903,6.712,-0.10763,0.3546,6.0,-0.5559,0.0,0.0,89.0,586.0
20543.0,2.0,-2.7243,6.597,-0.10384,0.4146,6.0,-0.545,0.0,0.0,89.0,586.0
20553.0,2.0,-2.6507,6.88,-0.09904,0.4788,5.686,-0.4758,0.0,0.0,89.0,577.0
20563.0,2.0,-2.5894,6.661,-0.09405,0.5346,5.497,-0.47,0.0,0.0,89.0,578.0
20573.0,2.0,-2.5265,6.565,-0.08854,0.5882,5.255,-0.4453,0.0,0.0,89.0,578.0
20584.0,2.0,-2.4758,6.197,-0.0825,0.6397,5.064,-0.4532,0.0,0.0,89.0,562.0
20594.0,2.0,-2.4314,5.841,-0.07598,0.6891,4.852,-0.4577,0.0,0.0,89.0,577.0
20604.0,2.0,-2.393,5.26,-0.06896,0.7366,4.674,-0.4869,0.0,0.0,89.0,578.0
20614.0,2.0,-2.3531,4.742,-0.06068,0.7866,4.428,-0.5034,0.0,0.0,89.0,586.0
20625.0,2.0,-2.3409,3.997,-0.05269,0.8297,4.228,-0.5434,0.0,0.0,89.0,577.0
20635.0,2.0,-2.3301,3.107,-0.04429,0.8707,3.982,-0.5914,0.0,0.0,89.0,570.0
20645.0,2.0,-2.3132,2.42,-0.03551,0.9086,3.607,-0.6193,0.0,0.0,89.0,585.0
20655.0,2.0,-2.2626,2.663,-0.02636,0.9428,3.292,-0.5845,0.0,0.0,89.0,586.0
20665.0,2.0,-2.2503,2.78,-0.01688,0.9738,2.938,-0.5545,0.0,0.0,89.0,586.0
20675.0,2.0,-2.2503,2.075,-0.00615,1.0031,2.389,-0.5797,0.0,0.0,89.0,578.0
20685.0,2.0,-2.2411,1.586,0.00386,1.0235,1.763,-0.5927,0.0,0.0,89.0,580.0
20696.0,2.0,-2.2411,1.198,0.01402,1.0345,0.563,-0.6004,0.0,0.0,89.0,554.0
20706.0,2.0,-2.2534,0.553,0.02535,1.0328,-0.757,-0.6182,0.0,0.0,89.0,571.0
20716.0,2.0,-2.2749,-0.135,0.03551,1.0186,-1.957,-0.6358,0.0,0.0,89.0,572.0
20726.0,2.0,-2.2994,-0.805,0.04552,0.9925,-3.157,-0.6501,0.0,0.0,89.0,578.0
20737.0,2.0,-2.327,-1.446,0.0552,0.9543,-4.357,-0.6613,0.0,0.0,89.0,547.0
20747.0,2.0,-2.3593,-1.984,0.06446,0.9041,-5.557,-0.6703,0.0,0.0,89.0,570.0
20757.0,2.0,-2.3945,-2.428,0.07316,0.8447,-6.0,-0.6788,0.0,0.0,89.0,563.0
20767.0,2.0,-2.4329,-2.81,0.08201,0.7787,-6.0,-0.6892,0.0,0.0,89.0,565.0
20777.0,2.0,-2.4728,-3.137,0.08948,0.7187,-6.0,-0.6983,0.0,0.0,89.0,563.0
20788.0,2.0,-2.5157,-3.478,0.0963,0.6587,-6.0,-0.7058,0.0,0.0,89.0,554.0
20798.0,2.0,-2.5587,-3.774,0.10256,0.5987,-6.0,-0.7137,0.0,0.0,89.0,555.0
20808.0,2.0,-2.6032,-3.983,0.10826,0.5387,-6.0,-0.7241,0.0,0.0,89.0,563.0
20818.0,2.0,-2.6584,-4.311,0.11332,0.4787,-6.0,-0.7264,0.0,0.0,89.0,571.0
20828.0,2.0,-2.7151,-4.718,0.11783,0.4187,-6.0,-0.7209,0.0,0.0,89.0,555.0
20838.0,2.0,-2.7673,-4.942,0.12173,0.3587,-6.0,-0.7243,0.0,0.0,89.0,571.0
20848.0,2.0,-2.8072,-4.786,0.12529,0.2927,-6.0,-0.7539,0.0,0.0,89.0,555.0
20858.0,2.0,-2.8486,-4.582,0.12795,0.2327,-6.0,-0.7823,0.0,0.0,89.0,572.0
20869.0,2.0,-2.8977,-4.506,0.12998,0.1727,-6.0,-0.7992,0.0,0.0,89.0,564.0
20879.0,2.0,-2.9544,-4.798,0.13144,0.1127,-6.0,-0.788,0.0,0.0,89.0,555.0
20889.0,2.0,-3.0373,-5.333,0.1323,0.0527,-6.0,-0.7523,0.0,0.0,89.0,555.0
20899.0,2.0,-3.0588,-5.278,0.13256,-0.0133,-6.0,-0.7625,0.0,0.0,89.0,577.0
20909.0,2.0,-3.1232,-5.065,0.13219,-0.0733,-6.0,-0.7828,0.0,0.0,89.0,589.0
20920.0,2.0,3.0956,-5.301,0.13117,-0.1333,-6.0,-0.7614,0.0,0.0,89.0,581.0
20930.0,2.0,3.0265,-5.726,0.12941,-0.1993,-6.0,-0.7159,0.0,0.0,89.0,593.0
20940.0,2.0,2.9222,-6.389,0.1272,-0.2593,-6.0,-0.6354,0.0,0.0,89.0,571.0
20950.0,2.0,2.8317,-7.517,0.12439,-0.3193,-6.0,-0.4768,0.0,0.0,89.0,579.0
20960.0,2.0,2.7489,-8.05,0.12098,-0.3793,-6.0,-0.3741,0.0,0.0,89.0,588.0
20971.0,2.0,2.6599,-8.309,0.11696,-0.439,-5.892,-0.2998,0.0,0.0,89.0,578.0
20981.0,2.0,2.5832,-8.315,0.11239,-0.4964,-5.64,-0.2567,0.0,0.0,89.0,562.0
20991.0,2.0,2.5019,-8.055,0.10665,-0.5571,-5.415,-0.2457,0.0,0.0,89.0,586.0
21002.0,2.0,2.4298,-7.807,0.10091,-0.61,-5.192,-0.2335,0.0,0.0,89.0,578.0
21012.0,2.0,2.3593,-7.626,0.09465,-0.6605,-4.927,-0.2078,0.0,0.0,89.0,586.0
21022.0,2.0,2.3148,-7.053,0.0879,-0.7087,-4.761,-0.2382,0.0,0.0,89.0,580.0
21032.0,2.0,2.2964,-5.869,0.0807,-0.7561,-4.735,-0.3464,0.0,0.0,89.0,564.0
21042.0,2.0,2.2427,-5.139,0.07219,-0.8072,-4.525,-0.3856,0.0,0.0,89.0,593.0
21052.0,2.0,2.1951,-4.993,0.06401,-0.8506,-4.2,-0.3606,0.0,0.0,89.0,585.0
21063.0,2.0,2.1813,-4.217,0.05543,-0.8913,-3.973,-0.4028,0.0,0.0,89.0,572.0
21073.0,2.0,2.1675,-3.263,0.04549,-0.9332,-3.646,-0.454,0.0,0.0,89.0,602.0
21083.0,2.0,2.1537,-2.6,0.03615,-0.9674,-3.22,-0.4798,0.0,0.0,89.0,569.0
21094.0,2.0,2.1506,-1.967,0.02644,-0.9965,-2.646,-0.5017,0.0,0.0,89.0,556.0
21104.0,2.0,2.1537,-1.326,0.01643,-1.0188,-1.849,-0.5227,0.0,0.0,89.0,594.0
21114.0,2.0,2.1583,-0.755,0.0063,-1.032,-0.87,-0.5391,0.0,0.0,89.0,578.0
21124.0,2.0,2.1737,-0.148,-0.00499,-1.0343,0.37,-0.5553,0.0,0.0,89.0,611.0
21135.0,2.0,2.1951,0.487,-0.01519,-1.024,1.57,-0.5713,0.0,0.0,89.0,594.0
21145.0,2.0,2.2197,1.076,-0.02524,-1.0017,2.77,-0.5849,0.0,0.0,89.0,586.0
21155.0,2.0,2.2534,1.706,-0.036,-0.9634,4.077,-0.5978,0.0,0.0,89.0,597.0
21166.0,2.0,2.2887,2.248,-0.04534,-0.9189,4.711,-0.6081,0.0,0.0,89.0,594.0
21176.0,2.0,2.3286,2.754,-0.05423,-0.8692,5.15,-0.6172,0.0,0.0,89.0,592.0
21186.0,2.0,2.3715,3.217,-0.06262,-0.8159,5.475,-0.6256,0.0,0.0,89.0,602.0
21196.0,2.0,2.4176,3.628,-0.07046,-0.7596,5.735,-0.634,0.0,0.0,89.0,602.0
21206.0,2.0,2.4666,4.012,-0.0777,-0.701,5.955,-0.6417,0.0,0.0,89.0,593.0
21216.0,2.0,2.5173,4.345,-0.08438,-0.641,6.0,-0.6499,0.0,0.0,89.0,578.0
21226.0,2.0,2.574,4.649,-0.09105,-0.5751,6.0,-0.6601,0.0,0.0,89.0,586.0
21236.0,2.0,2.6262,4.844,-0.09649,-0.5151,6.0,-0.6721,0.0,0.0,89.0,595.0
21247.0,2.0,2.6783,4.978,-0.10133,-0.4551,6.0,-0.6859,0.0,0.0,89.0,585.0
21257.0,2.0,2.729,5.06,-0.10598,-0.3891,6.0,-0.7032,0.0,0.0,89.0,601.0
21267.0,2.0,2.7872,5.092,-0.10958,-0.329,6.0,-0.7195,0.0,0.0,89.0,602.0
21278.0,2.0,2.8317,5.048,-0.11258,-0.269,6.0,-0.7392,0.0,0.0,89.0,602.0
21288.0,2.0,2.8762,4.978,-0.11498,-0.209,6.0,-0.7583,0.0,0.0,89.0,580.0
21298.0,2.0,2.9391,4.987,-0.11693,-0.143,6.0,-0.7698,0.0,0.0,89.0,601.0
21308.0,2.0,3.0035,5.135,-0.11809,-0.083,6.0,-0.7665,0.0,0.0,89.0,602.0
21319.0,2.0,3.048,5.2,-0.11865,-0.023,6.0,-0.7671,0.0,0.0,89.0,586.0
21329.0,2.0,3.1063,5.343,-0.11865,0.037,6.0,-0.7579,0.0,0.0,89.0,586.0
21339.0,2.0,-3.1232,5.344,-0.11801,0.097,6.0,-0.7582,0.0,0.0,89.0,593.0
21349.0,2.0,-3.0357,5.772,-0.11666,0.163,6.0,-0.7137,0.0,0.0,89.0,586.0
21359.0,2.0,-2.959,6.548,-0.11479,0.223,6.0,-0.6212,0.0,0.0,89.0,586.0
21369.0,2.0,-2.8916,6.809,-0.11231,0.283,6.0,-0.5753,0.0,0.0,89.0,592.0
21380.0,2.0,-2.8057,6.996,-0.10924,0.343,6.0,-0.5323,0.0,0.0,89.0,578.0
21390.0,2.0,-2.732,7.319,-0.10519,0.4086,5.876,-0.4607,0.0,0.0,89.0,609.0
21400.0,2.0,-2.6661,7.142,-0.10091,0.4665,5.704,-0.4533,0.0,0.0,89.0,594.0
21411.0,2.0,-2.6124,6.902,-0.09604,0.5223,5.524,-0.4506,0.0,0.0,89.0,578.0
21421.0,2.0,-2.5541,6.522,-0.09008,0.582,5.333,-0.4598,0.0,0.0,89.0,593.0
21431.0,2.0,-2.4989,6.06,-0.08408,0.6344,5.168,-0.4803,0.0,0.0,89.0,572.0
21441.0,2.0,-2.4574,5.539,-0.07759,0.6852,4.997,-0.5053,0.0,0.0,89.0,586.0
21452.0,2.0,-2.4114,5.17,-0.07057,0.7339,4.772,-0.5111,0.0,0.0,89.0,586.0
21462.0,2.0,-2.3761,4.747,-0.06233,0.7848,4.508,-0.5179,0.0,0.0,89.0,601.0
21472.0,2.0,-2.3547,4.114,-0.05438,0.8287,4.294,-0.5478,0.0,0.0,89.0,585.0
21482.0,2.0,-2.3301,3.494,-0.04597,0.8703,4.04,-0.5743,0.0,0.0,89.0,586.0
21493.0,2.0,-2.2933,3.207,-0.0372,0.9089,3.719,-0.5727,0.0,0.0,89.0,585.0
21503.0,2.0,-2.2596,3.34,-0.02809,0.9441,3.357,-0.537,0.0,0.0,89.0,561.0
21513.0,2.0,-2.258,2.732,-0.01759,0.9787,2.949,-0.5566,0.0,0.0,89.0,578.0
21523.0,2.0,-2.2427,2.188,-0.00776,1.0056,2.477,-0.5735,0.0,0.0,89.0,585.0
21534.0,2.0,-2.2289,1.883,0.00229,1.0272,1.773,-0.5755,0.0,0.0,89.0,563.0
21544.0,2.0,-2.2289,1.462,0.01253,1.0384,0.573,-0.5845,0.0,0.0,89.0,557.0
21554.0,2.0,-2.2396,0.834,0.02385,1.0367,-0.747,-0.6023,0.0,0.0,89.0,564.0
21564.0,2.0,-2.258,0.136,0.03405,1.0227,-1.947,-0.6213,0.0,0.0,89.0,579.0
21575.0,2.0,-2.281,-0.585,0.04406,0.9966,-3.147,-0.6379,0.0,0.0,89.0,556.0
21585.0,2.0,-2.3117,-1.28,0.05378,0.9585,-4.347,-0.6505,0.0,0.0,89.0,555.0
21595.0,2.0,-2.3424,-1.873,0.06307,0.9085,-5.547,-0.66,0.0,0.0,89.0,563.0
21605.0,2.0,-2.3761,-2.356,0.07185,0.8491,-6.0,-0.6686,0.0,0.0,89.0,555.0
21615.0,2.0,-2.4114,-2.748,0.07999,0.7891,-6.0,-0.6776,0.0,0.0,89.0,555.0
21625.0,2.0,-2.4559,-3.137,0.08828,0.7231,-6.0,-0.6874,0.0,0.0,89.0,572.0
21635.0,2.0,-2.5004,-3.517,0.09518,0.6631,-6.0,-0.694,0.0,0.0,89.0,571.0
21646.0,2.0,-2.5464,-3.87,0.10144,0.6031,-6.0,-0.6999,0.0,0.0,89.0,555.0
21656.0,2.0,-2.5878,-4.063,0.10718,0.5431,-6.0,-0.7119,0.0,0.0,89.0,555.0
21666.0,2.0,-2.6415,-4.237,0.11276,0.4771,-6.0,-0.7253,0.0,0.0,89.0,551.0
21676.0,2.0,-2.7013,-4.624,0.11723,0.4171,-6.0,-0.7219,0.0,0.0,89.0,555.0
21687.0,2.0,-2.7535,-4.923,0.12109,0.3571,-6.0,-0.7209,0.0,0.0,89.0,555.0
21697.0,2.0,-2.7934,-4.94,0.12439,0.2971,-6.0,-0.7372,0.0,0.0,89.0,571.0
21707.0,2.0,-2.8333,-4.664,0.12705,0.2371,-6.0,-0.7719,0.0,0.0,89.0,557.0
21717.0,2.0,-2.8777,-4.498,0.12915,0.1771,-6.0,-0.7959,0.0,0.0,89.0,555.0
21727.0,2.0,-2.9514,-4.79,0.13076,0.1111,-6.0,-0.7864,0.0,0.0,89.0,572.0
21738.0,2.0,-3.0526,-6.188,0.13159,0.0511,-6.0,-0.6711,0.0,0.0,89.0,555.0
21748.0,2.0,-3.0357,-5.201,0.13185,-0.0089,-6.0,-0.7686,0.0,0.0,89.0,579.0
21758.0,2.0,-3.1063,-4.905,0.13151,-0.0689,-6.0,-0.7959,0.0,0.0,89.0,594.0
21768.0,2.0,3.1124,-5.138,0.13058,-0.1289,-6.0,-0.7763,0.0,0.0,89.0,596.0
21778.0,2.0,3.048,-5.576,0.12904,-0.1889,-6.0,-0.7326,0.0,0.0,89.0,588.0
21788.0,2.0,2.9422,-6.288,0.12664,-0.2549,-6.0,-0.6493,0.0,0.0,89.0,580.0
21799.0,2.0,2.8639,-7.104,0.12386,-0.3149,-6.0,-0.5362,0.0,0.0,89.0,572.0
21809.0,2.0,2.778,-7.697,0.12049,-0.3749,-6.0,-0.4328,0.0,0.0,89.0,572.0
21819.0,2.0,2.6737,-8.21,0.1161,-0.4407,-5.909,-0.3217,0.0,0.0,89.0,573.0
21829.0,2.0,2.594,-8.373,0.11149,-0.498,-5.609,-0.2553,0.0,0.0,89.0,594.0
21840.0,2.0,2.5249,-8.123,0.10635,-0.5529,-5.413,-0.2482,0.0,0.0,89.0,578.0
21850.0,2.0,2.4574,-7.721,0.10061,-0.6061,-5.24,-0.2609,0.0,0.0,89.0,585.0
21860.0,2.0,2.3853,-7.456,0.09443,-0.6573,-5.006,-0.2499,0.0,0.0,89.0,572.0
21870.0,2.0,2.3409,-6.875,0.087,-0.7109,-4.809,-0.2763,0.0,0.0,89.0,585.0
21880.0,2.0,2.3086,-5.822,0.07976,-0.7587,-4.747,-0.3669,0.0,0.0,89.0,580.0
21891.0,2.0,2.258,-5.306,0.07204,-0.805,-4.524,-0.3852,0.0,0.0,89.0,570.0
21901.0,2.0,2.2227,-4.899,0.0639,-0.8488,-4.258,-0.3897,0.0,0.0,89.0,578.0
21911.0,2.0,2.1967,-4.23,0.05441,-0.8939,-3.977,-0.4175,0.0,0.0,89.0,607.0
21921.0,2.0,2.1752,-3.578,0.04541,-0.9321,-3.68,-0.4452,0.0,0.0,89.0,585.0
21932.0,2.0,2.166,-2.865,0.03604,-0.9669,-3.302,-0.4757,0.0,0.0,89.0,562.0
21942.0,2.0,2.1614,-2.098,0.02531,-0.9998,-2.711,-0.5052,0.0,0.0,89.0,601.0
21952.0,2.0,2.1598,-1.502,0.01534,-1.0232,-2.0,-0.524,0.0,0.0,89.0,573.0
21962.0,2.0,2.1675,-0.891,0.00514,-1.0381,-1.035,-0.5423,0.0,0.0,89.0,579.0
21972.0,2.0,2.1813,-0.266,-0.00521,-1.0419,0.155,-0.5599,0.0,0.0,89.0,594.0
21982.0,2.0,2.1997,0.367,-0.01549,-1.0338,1.355,-0.5762,0.0,0.0,89.0,594.0
21993.0,2.0,2.2227,0.95,-0.02565,-1.0136,2.555,-0.5898,0.0,0.0,89.0,594.0
22003.0,2.0,2.2519,1.497,-0.03555,-0.9815,3.755,-0.6018,0.0,0.0,89.0,580.0
22013.0,2.0,2.2826,1.985,-0.04507,-0.9387,4.588,-0.6127,0.0,0.0,89.0,586.0
22023.0,2.0,2.3209,2.481,-0.05505,-0.8848,5.125,-0.6241,0.0,0.0,89.0,595.0
22034.0,2.0,2.3593,2.899,-0.06356,-0.8315,5.486,-0.634,0.0,0.0,89.0,586.0
22044.0,2.0,2.4007,3.275,-0.07155,-0.775,5.772,-0.644,0.0,0.0,89.0,594.0
22054.0,2.0,2.4452,3.625,-0.07897,-0.7159,6.0,-0.6536,0.0,0.0,89.0,594.0
22064.0,2.0,2.4927,3.956,-0.0858,-0.6559,6.0,-0.6627,0.0,0.0,89.0,594.0
22074.0,2.0,2.5403,4.237,-0.09203,-0.5959,6.0,-0.6724,0.0,0.0,89.0,580.0
22084.0,2.0,2.5955,4.495,-0.09821,-0.5299,6.0,-0.6838,0.0,0.0,89.0,586.0
22094.0,2.0,2.6461,4.665,-0.1032,-0.4699,6.0,-0.6961,0.0,0.0,89.0,586.0
22104.0,2.0,2.6983,4.836,-0.10759,-0.4099,6.0,-0.7062,0.0,0.0,89.0,594.0
22115.0,2.0,2.7581,5.051,-0.11138,-0.3499,6.0,-0.7107,0.0,0.0,89.0,594.0
22125.0,2.0,2.8057,5.13,-0.1146,-0.2899,6.0,-0.7227,0.0,0.0,89.0,586.0
22135.0,2.0,2.8701,5.257,-0.11745,-0.2239,6.0,-0.7297,0.0,0.0,89.0,602.0
22146.0,2.0,2.9268,5.294,-0.1194,-0.1639,6.0,-0.7393,0.0,0.0,89.0,586.0
22156.0,2.0,2.9821,5.33,-0.12075,-0.1039,6.0,-0.7464,0.0,0.0,89.0,580.0
22166.0,2.0,3.045,5.498,-0.12154,-0.0439,6.0,-0.7388,0.0,0.0,89.0,601.0
22176.0,2.0,3.1186,6.08,-0.12169,0.0221,6.0,-0.687,0.0,0.0,89.0,586.0
22186.0,2.0,-3.1263,5.721,-0.1212,0.0821,6.0,-0.7227,0.0,0.0,89.0,592.0
22197.0,2.0,-3.0557,5.8,-0.12015,0.1421,6.0,-0.7117,0.0,0.0,89.0,585.0
22207.0,2.0,-2.9606,6.434,-0.1185,0.2021,6.0,-0.636,0.0,0.0,89.0,578.0
22217.0,2.0,-2.9406,6.13,-0.11621,0.2621,6.0,-0.6579,0.0,0.0,89.0,593.0
22227.0,2.0,-2.8103,7.024,-0.11336,0.3221,6.0,-0.5339,0.0,0.0,89.0,585.0
22237.0,2.0,-2.7888,6.744,-0.10954,0.3881,6.0,-0.543,0.0,0.0,89.0,572.0
22247.0,2.0,-2.6691,6.931,-0.10545,0.448,5.927,-0.4922,0.0,0.0,89.0,578.0
22257.0,2.0,-2.6246,7.275,-0.10076,0.5051,5.595,-0.4111,0.0,0.0,89.0,593.0
22268.0,2.0,-2.571,6.592,-0.09551,0.5607,5.52,-0.466,0.0,0.0,89.0,577.0
22278.0,2.0,-2.4943,6.735,-0.08974,0.6142,5.204,-0.4085,0.0,0.0,89.0,579.0
22288.0,2.0,-2.4482,6.286,-0.0828,0.6701,4.994,-0.4214,0.0,0.0,89.0,602.0
22298.0,2.0,-2.4007,5.802,-0.07598,0.719,4.801,-0.4403,0.0,0.0,89.0,578.0
22309.0,2.0,-2.3654,5.178,-0.06866,0.766,4.622,-0.4735,0.0,0.0,89.0,578.0
22319.0,2.0,-2.3439,4.433,-0.06086,0.8112,4.441,-0.5161,0.0,0.0,89.0,578.0
22329.0,2.0,-2.3286,3.569,-0.05265,0.8545,4.234,-0.5652,0.0,0.0,89.0,583.0
22339.0,2.0,-2.2826,3.349,-0.04403,0.8951,3.913,-0.5579,0.0,0.0,89.0,578.0
22349.0,2.0,-2.2626,3.29,-0.03499,0.9323,3.562,-0.5367,0.0,0.0,89.0,578.0
22359.0,2.0,-2.2534,2.634,-0.02468,0.9691,3.147,-0.5601,0.0,0.0,89.0,562.0
22369.0,2.0,-2.2381,2.197,-0.01496,0.9981,2.689,-0.5699,0.0,0.0,89.0,578.0
22379.0,2.0,-2.2243,1.904,-0.00495,1.0223,2.204,-0.571,0.0,0.0,89.0,587.0
22390.0,2.0,-2.2227,1.521,0.00525,1.0399,1.264,-0.5779,0.0,0.0,89.0,563.0
22400.0,2.0,-2.2258,1.024,0.01556,1.046,0.064,-0.5909,0.0,0.0,89.0,554.0
22410.0,2.0,-2.2381,0.39,0.027,1.0387,-1.256,-0.6081,0.0,0.0,89.0,585.0
22420.0,2.0,-2.2596,-0.256,0.0372,1.0196,-2.456,-0.6242,0.0,0.0,89.0,556.0
22431.0,2.0,-2.2856,-0.905,0.04718,0.9884,-3.656,-0.638,0.0,0.0,89.0,555.0
22441.0,2.0,-2.3163,-1.534,0.05677,0.9453,-4.856,-0.6491,0.0,0.0,89.0,570.0
22451.0,2.0,-2.3485,-2.086,0.06593,0.8902,-6.0,-0.6581,0.0,0.0,89.0,555.0
22461.0,2.0,-2.3869,-2.582,0.0753,0.8242,-6.0,-0.6676,0.0,0.0,89.0,562.0
22471.0,2.0,-2.4237,-2.948,0.08321,0.7642,-6.0,-0.6769,0.0,0.0,89.0,564.0
22482.0,2.0,-2.4666,-3.293,0.09053,0.7042,-6.0,-0.6858,0.0,0.0,89.0,555.0
22492.0,2.0,-2.5096,-3.627,0.09724,0.6442,-6.0,-0.6938,0.0,0.0,89.0,555.0
22502.0,2.0,-2.5556,-3.923,0.10335,0.5842,-6.0,-0.7019,0.0,0.0,89.0,563.0
22512.0,2.0,-2.6016,-4.16,0.1089,0.5242,-6.0,-0.7113,0.0,0.0,89.0,563.0
22522.0,2.0,-2.6584,-4.463,0.11381,0.4642,-6.0,-0.715,0.0,0.0,89.0,555.0
22532.0,2.0,-2.7228,-4.924,0.11854,0.3982,-6.0,-0.7074,0.0,0.0,89.0,563.0
22543.0,2.0,-2.7734,-5.137,0.12221,0.3382,-6.0,-0.7111,0.0,0.0,89.0,555.0
22553.0,2.0,-2.8133,-4.981,0.12529,0.2782,-6.0,-0.7399,0.0,0.0,89.0,547.0
22563.0,2.0,-2.8578,-4.755,0.1278,0.2182,-6.0,-0.7708,0.0,0.0,89.0,555.0
22573.0,2.0,-2.9176,-4.725,0.12986,0.1522,-6.0,-0.7858,0.0,0.0,89.0,570.0
22584.0,2.0,-2.9851,-5.178,0.1311,0.0922,-6.0,-0.76,0.0,0.0,89.0,555.0
22594.0,2.0,-3.0572,-5.871,0.13174,0.0322,-6.0,-0.7047,0.0,0.0,89.0,555.0
22604.0,2.0,-3.0772,-5.216,0.13178,-0.0338,-6.0,-0.7689,0.0,0.0,89.0,592.0
22615.0,2.0,-3.1385,-5.027,0.13117,-0.0938,-6.0,-0.7862,0.0,0.0,89.0,572.0
22625.0,2.0,3.0756,-5.32,0.12998,-0.1538,-6.0,-0.7586,0.0,0.0,89.0,588.0
22635.0,2.0,3.0097,-5.744,0.12821,-0.2138,-6.0,-0.7123,0.0,0.0,89.0,572.0
22645.0,2.0,2.9038,-6.611,0.12559,-0.2798,-6.0,-0.6049,0.0,0.0,89.0,572.0
22655.0,2.0,2.8026,-7.673,0.12255,-0.3398,-6.0,-0.4477,0.0,0.0,89.0,571.0
22666.0,2.0,2.7059,-8.353,0.11895,-0.3998,-6.0,-0.3179,0.0,0.0,89.0,577.0
22676.0,2.0,2.6308,-8.534,0.11471,-0.4582,-5.716,-0.2503,0.0,0.0,89.0,588.0
22686.0,2.0,2.5587,-8.276,0.10995,-0.5143,-5.537,-0.2464,0.0,0.0,89.0,578.0
22696.0,2.0,2.482,-8.0,0.10402,-0.5739,-5.309,-0.2363,0.0,0.0,89.0,593.0
22706.0,2.0,2.3991,-7.837,0.09814,-0.6255,-5.053,-0.2094,0.0,0.0,89.0,593.0
22717.0,2.0,2.3455,-7.385,0.09172,-0.6749,-4.864,-0.2237,0.0,0.0,89.0,580.0
22727.0,2.0,2.3163,-6.393,0.08411,-0.7277,-4.772,-0.3056,0.0,0.0,89.0,577.0
22737.0,2.0,2.2657,-5.581,0.07672,-0.7748,-4.635,-0.3617,0.0,0.0,89.0,570.0
22747.0,2.0,2.212,-5.201,0.06881,-0.8198,-4.372,-0.3632,0.0,0.0,89.0,591.0
22758.0,2.0,2.1905,-4.693,0.06053,-0.862,-4.115,-0.378,0.0,0.0,89.0,586.0
22768.0,2.0,2.1721,-3.923,0.05183,-0.9018,-3.867,-0.4184,0.0,0.0,89.0,585.0
22778.0,2.0,2.1537,-3.263,0.04275,-0.9387,-3.537,-0.4458,0.0,0.0,89.0,572.0
22788.0,2.0,2.143,-2.645,0.0333,-0.9718,-3.111,-0.4681,0.0,0.0,89.0,587.0
22798.0,2.0,2.1414,-1.986,0.02359,-0.9999,-2.533,-0.4918,0.0,0.0,89.0,578.0
22808.0,2.0,2.146,-1.243,0.01256,-1.0226,-1.618,-0.5167,0.0,0.0,89.0,564.0
22819.0,2.0,2.1537,-0.604,0.0024,-1.0329,-0.522,-0.5359,0.0,0.0,89.0,558.0
22829.0,2.0,2.169,-0.024,-0.00784,-1.0316,0.669,-0.5516,0.0,0.0,89.0,579.0
22839.0,2.0,2.1921,0.609,-0.01804,-1.0183,1.869,-0.5673,0.0,0.0,89.0,594.0
22849.0,2.0,2.2197,1.232,-0.02801,-0.993,3.069,-0.581,0.0,0.0,89.0,586.0
22859.0,2.0,2.2519,1.833,-0.03769,-0.9558,4.203,-0.5926,0.0,0.0,89.0,572.0
22869.0,2.0,2.2902,2.409,-0.04785,-0.9055,4.834,-0.6039,0.0,0.0,89.0,570.0
22879.0,2.0,2.3317,2.876,-0.05659,-0.8548,5.231,-0.6136,0.0,0.0,89.0,594.0
22889.0,2.0,2.3731,3.314,-0.06484,-0.8008,5.537,-0.6226,0.0,0.0,89.0,594.0
22900.0,2.0,2.4191,3.683,-0.07253,-0.744,5.789,-0.6325,0.0,0.0,89.0,594.0
22910.0,2.0,2.4636,3.962,-0.07965,-0.6848,6.0,-0.6449,0.0,0.0,89.0,586.0
22920.0,2.0,2.5111,4.22,-0.08618,-0.6248,6.0,-0.6569,0.0,0.0,89.0,580.0
22930.0,2.0,2.5617,4.422,-0.09266,-0.5588,6.0,-0.6728,0.0,0.0,89.0,581.0
22940.0,2.0,2.6093,4.515,-0.09795,-0.4988,6.0,-0.6908,0.0,0.0,89.0,588.0
22950.0,2.0,2.6569,4.581,-0.10264,-0.4388,6.0,-0.7088,0.0,0.0,89.0,594.0
22961.0,2.0,2.7075,4.668,-0.10669,-0.3788,6.0,-0.7235,0.0,0.0,89.0,586.0
22971.0,2.0,2.7612,4.881,-0.11051,-0.3128,6.0,-0.7295,0.0,0.0,89.0,608.0
22981.0,2.0,2.8149,4.898,-0.11332,-0.2528,6.0,-0.745,0.0,0.0,89.0,594.0
22992.0,2.0,2.8639,5.033,-0.11558,-0.1928,6.0,-0.7494,0.0,0.0,89.0,594.0
23002.0,2.0,2.9222,5.076,-0.11723,-0.1328,6.0,-0.7582,0.0,0.0,89.0,602.0
23012.0,2.0,2.9913,5.532,-0.11831,-0.0728,6.0,-0.7297,0.0,0.0,89.0,570.0
23022.0,2.0,3.0741,6.052,-0.11876,-0.0068,6.0,-0.6876,0.0,0.0,89.0,595.0
23033.0,2.0,3.1217,6.101,-0.11861,0.0532,6.0,-0.685,0.0,0.0,89.0,580.0
23043.0,2.0,-3.0864,6.276,-0.11771,0.1192,6.0,-0.6647,0.0,0.0,89.0,593.0
23053.0,2.0,-2.9989,6.631,-0.11629,0.1792,6.0,-0.6182,0.0,0.0,89.0,592.0
23064.0,2.0,-2.9452,6.619,-0.11426,0.2392,6.0,-0.608,0.0,0.0,89.0,577.0
23074.0,2.0,-2.8624,6.89,-0.11164,0.2992,6.0,-0.5586,0.0,0.0,89.0,594.0
23084.0,2.0,-2.8057,6.808,-0.10841,0.3592,6.0,-0.5475,0.0,0.0,89.0,556.0
23094.0,2.0,-2.7136,6.926,-0.10418,0.425,5.923,-0.5039,0.0,0.0,89.0,578.0
23104.0,2.0,-2.643,7.138,-0.09971,0.4827,5.641,-0.4439,0.0,0.0,89.0,578.0
23115.0,2.0,-2.5786,6.995,-0.09473,0.5379,5.43,-0.427,0.0,0.0,89.0,578.0
23125.0,2.0,-2.5157,6.899,-0.08914,0.5908,5.182,-0.4004,0.0,0.0,89.0,580.0
23135.0,2.0,-2.4682,6.428,-0.0831,0.6417,5.017,-0.4215,0.0,0.0,89.0,585.0
23145.0,2.0,-2.4114,6.014,-0.07586,0.6955,4.787,-0.4287,0.0,0.0,89.0,577.0
23155.0,2.0,-2.3761,5.435,-0.06874,0.7423,4.606,-0.4575,0.0,0.0,89.0,578.0
23165.0,2.0,-2.3608,4.604,-0.06124,0.7875,4.456,-0.5105,0.0,0.0,89.0,572.0
23175.0,2.0,-2.3485,3.531,-0.05321,0.8312,4.292,-0.5794,0.0,0.0,89.0,586.0
23186.0,2.0,-2.2918,3.344,-0.04485,0.8725,3.979,-0.5702,0.0,0.0,89.0,588.0
23196.0,2.0,-2.2642,3.577,-0.03604,0.9102,3.611,-0.5241,0.0,0.0,89.0,562.0
23206.0,2.0,-2.2596,2.954,-0.02685,0.9445,3.278,-0.548,0.0,0.0,89.0,578.0
23216.0,2.0,-2.2396,2.426,-0.01643,0.9779,2.824,-0.562,0.0,0.0,89.0,586.0
23227.0,2.0,-2.2289,2.058,-0.00664,1.0036,2.35,-0.5672,0.0,0.0,89.0,563.0
23237.0,2.0,-2.2289,1.564,0.00341,1.0238,1.71,-0.5802,0.0,0.0,89.0,568.0
23247.0,2.0,-2.235,0.934,0.01459,1.0355,0.467,-0.5983,0.0,0.0,89.0,539.0
23257.0,2.0,-2.2457,0.373,0.0249,1.0335,-0.733,-0.6132,0.0,0.0,89.0,562.0
23267.0,2.0,-2.2642,-0.231,0.03506,1.0196,-1.933,-0.6282,0.0,0.0,89.0,555.0
23277.0,2.0,-2.2872,-0.832,0.04504,0.9937,-3.133,-0.6414,0.0,0.0,89.0,571.0
23287.0,2.0,-2.3117,-1.348,0.05475,0.9557,-4.333,-0.6523,0.0,0.0,89.0,569.0
23298.0,2.0,-2.3393,-1.791,0.06401,0.9058,-5.533,-0.6623,0.0,0.0,89.0,563.0
23308.0,2.0,-2.37,-2.177,0.07271,0.8465,-6.0,-0.6721,0.0,0.0,89.0,547.0
23318.0,2.0,-2.4037,-2.524,0.08085,0.7865,-6.0,-0.682,0.0,0.0,89.0,555.0
23328.0,2.0,-2.4467,-2.937,0.0891,0.7205,-6.0,-0.6914,0.0,0.0,89.0,557.0
23338.0,2.0,-2.485,-3.271,0.09596,0.6605,-6.0,-0.6999,0.0,0.0,89.0,571.0
23349.0,2.0,-2.5265,-3.529,0.10223,0.6005,-6.0,-0.7102,0.0,0.0,89.0,563.0
23359.0,2.0,-2.5725,-3.808,0.10793,0.5405,-6.0,-0.7183,0.0,0.0,89.0,555.0
23369.0,2.0,-2.6323,-4.205,0.11348,0.4745,-6.0,-0.7205,0.0,0.0,89.0,554.0
23379.0,2.0,-2.6845,-4.584,0.1179,0.4145,-6.0,-0.7184,0.0,0.0,89.0,555.0
23389.0,2.0,-2.732,-4.806,0.12173,0.3545,-6.0,-0.7235,0.0,0.0,89.0,555.0
23399.0,2.0,-2.7704,-4.663,0.12499,0.2945,-6.0,-0.751,0.0,0.0,89.0,573.0
23410.0,2.0,-2.8164,-4.544,0.12765,0.2345,-6.0,-0.7744,0.0,0.0,89.0,555.0
23420.0,2.0,-2.8624,-4.531,0.12971,0.1745,-6.0,-0.7885,0.0,0.0,89.0,570.0
23430.0,2.0,-2.9483,-4.938,0.13117,0.1145,-6.0,-0.7704,0.0,0.0,89.0,555.0
23440.0,2.0,-3.0066,-5.563,0.13204,0.0545,-6.0,-0.7278,0.0,0.0,89.0,563.0
23450.0,2.0,-3.0311,-5.383,0.13234,-0.0115,-6.0,-0.751,0.0,0.0,89.0,595.0
23461.0,2.0,-3.0986,-5.239,0.13196,-0.0715,-6.0,-0.767,0.0,0.0,89.0,572.0
23471.0,2.0,3.1186,-5.48,0.13099,-0.1315,-6.0,-0.7457,0.0,0.0,89.0,588.0
23481.0,2.0,3.0511,-5.852,0.12945,-0.1915,-6.0,-0.7063,0.0,0.0,89.0,574.0
23491.0,2.0,2.9637,-6.382,0.12728,-0.2515,-6.0,-0.6416,0.0,0.0,89.0,572.0
23501.0,2.0,2.8639,-7.308,0.12424,-0.3175,-6.0,-0.5117,0.0,0.0,89.0,572.0
23511.0,2.0,2.7688,-7.972,0.12083,-0.3775,-6.0,-0.3953,0.0,0.0,89.0,582.0
23522.0,2.0,2.6814,-8.392,0.11685,-0.4373,-5.887,-0.2987,0.0,0.0,89.0,575.0
23532.0,2.0,2.6032,-8.465,0.11228,-0.4945,-5.616,-0.2461,0.0,0.0,89.0,570.0
23542.0,2.0,2.5341,-8.15,0.10714,-0.5497,-5.441,-0.2497,0.0,0.0,89.0,578.0
23552.0,2.0,2.459,-7.864,0.10148,-0.603,-5.235,-0.245,0.0,0.0,89.0,578.0
23562.0,2.0,2.3899,-7.656,0.09529,-0.6539,-4.983,-0.2247,0.0,0.0,89.0,577.0
23572.0,2.0,2.3393,-7.034,0.0879,-0.7075,-4.801,-0.2579,0.0,0.0,89.0,577.0
23582.0,2.0,2.3086,-5.983,0.0807,-0.7552,-4.743,-0.3496,0.0,0.0,89.0,577.0
23592.0,2.0,2.2642,-5.292,0.07301,-0.8017,-4.563,-0.3891,0.0,0.0,89.0,587.0
23602.0,2.0,2.2227,-4.903,0.06487,-0.8459,-4.294,-0.3922,0.0,0.0,89.0,586.0
23612.0,2.0,2.2028,-4.303,0.05632,-0.8875,-4.041,-0.4166,0.0,0.0,89.0,593.0
23623.0,2.0,2.1783,-3.666,0.0474,-0.9263,-3.751,-0.4432,0.0,0.0,89.0,578.0
23633.0,2.0,2.166,-3.04,0.03806,-0.9619,-3.391,-0.467,0.0,0.0,89.0,586.0
23643.0,2.0,2.1598,-2.357,0.02843,-0.9933,-2.911,-0.4935,0.0,0.0,89.0,568.0
23653.0,2.0,2.1598,-1.678,0.01849,-1.0189,-2.233,-0.5176,0.0,0.0,89.0,584.0
23663.0,2.0,2.1644,-0.978,0.00728,-1.0375,-1.207,-0.5395,0.0,0.0,89.0,594.0
23673.0,2.0,2.1783,-0.339,-0.003,-1.0432,-0.022,-0.5578,0.0,0.0,89.0,562.0
23683.0,2.0,2.1967,0.305,-0.01335,-1.0368,1.178,-0.5745,0.0,0.0,89.0,587.0
23693.0,2.0,2.2212,0.916,-0.02355,-1.0184,2.378,-0.5887,0.0,0.0,89.0,603.0
23704.0,2.0,2.2488,1.454,-0.03349,-0.988,3.578,-0.6007,0.0,0.0,89.0,586.0
23714.0,2.0,2.2764,1.928,-0.04312,-0.9465,4.495,-0.6118,0.0,0.0,89.0,594.0
23724.0,2.0,2.3102,2.351,-0.05228,-0.8986,4.998,-0.6227,0.0,0.0,89.0,594.0
23734.0,2.0,2.3485,2.73,-0.06176,-0.841,5.406,-0.6355,0.0,0.0,89.0,586.0
23744.0,2.0,2.3853,3.027,-0.0699,-0.7853,5.707,-0.6478,0.0,0.0,89.0,602.0
23755.0,2.0,2.4252,3.31,-0.0774,-0.7267,5.963,-0.66,0.0,0.0,89.0,601.0
23765.0,2.0,2.4651,3.539,-0.08434,-0.6668,6.0,-0.6733,0.0,0.0,89.0,601.0
23775.0,2.0,2.5081,3.73,-0.09068,-0.6068,6.0,-0.6874,0.0,0.0,89.0,602.0
23785.0,2.0,2.5525,3.928,-0.09641,-0.5468,6.0,-0.7001,0.0,0.0,89.0,602.0
23795.0,2.0,2.597,4.123,-0.10155,-0.4868,6.0,-0.7118,0.0,0.0,89.0,594.0
23805.0,2.0,2.6507,4.341,-0.10654,-0.4208,6.0,-0.7226,0.0,0.0,89.0,594.0
23815.0,2.0,2.7044,4.546,-0.11044,-0.3608,6.0,-0.73,0.0,0.0,89.0,602.0
23826.0,2.0,2.7504,4.738,-0.11374,-0.3008,6.0,-0.7361,0.0,0.0,89.0,586.0
23836.0,2.0,2.8103,4.895,-0.11648,-0.2408,6.0,-0.7418,0.0,0.0,89.0,594.0
23846.0,2.0,2.867,5.306,-0.11857,-0.1808,6.0,-0.7255,0.0,0.0,89.0,586.0
23856.0,2.0,2.9253,5.271,-0.12023,-0.1148,6.0,-0.7423,0.0,0.0,89.0,586.0
23866.0,2.0,2.9913,5.368,-0.12113,-0.0548,6.0,-0.7439,0.0,0.0,89.0,586.0
23876.0,2.0,3.0894,6.237,-0.12139,0.0052,6.0,-0.6683,0.0,0.0,89.0,596.0
23887.0,2.0,3.1247,6.481,-0.12105,0.0652,6.0,-0.6446,0.0,0.0,89.0,578.0
23897.0,2.0,-3.0879,6.327,-0.12015,0.1252,6.0,-0.6596,0.0,0.0,89.0,594.0
23907.0,2.0,-2.9989,6.909,-0.11865,0.1852,6.0,-0.5859,0.0,0.0,89.0,578.0
23917.0,2.0,-2.9253,6.944,-0.11633,0.2512,6.0,-0.5677,0.0,0.0,89.0,576.0
23927.0,2.0,-2.8685,7.005,-0.11359,0.3112,6.0,-0.5423,0.0,0.0,89.0,578.0
23938.0,2.0,-2.7888,6.967,-0.11025,0.3712,6.0,-0.5247,0.0,0.0,89.0,572.0
23948.0,2.0,-2.7075,7.188,-0.10631,0.431,5.913,-0.4679,0.0,0.0,89.0,587.0
23958.0,2.0,-2.6415,7.104,-0.10181,0.489,5.706,-0.4466,0.0,0.0,89.0,577.0
23968.0,2.0,-2.5633,7.101,-0.09619,0.5501,5.426,-0.4064,0.0,0.0,89.0,585.0
23979.0,2.0,-2.5111,6.853,-0.09053,0.6031,5.216,-0.3996,0.0,0.0,89.0,578.0
23989.0,2.0,-2.4544,6.446,-0.0843,0.6542,5.028,-0.4118,0.0,0.0,89.0,592.0
23999.0,2.0,-2.4099,5.93,-0.07691,0.7082,4.817,-0.4311,0.0,0.0,89.0,578.0
24009.0,2.0,-2.3731,5.262,-0.06971,0.7555,4.652,-0.4699,0.0,0.0,89.0,577.0
24019.0,2.0,-2.3485,4.512,-0.06206,0.801,4.478,-0.5136,0.0,0.0,89.0,576.0
24029.0,2.0,-2.3056,4.072,-0.05393,0.8445,4.219,-0.5244,0.0,0.0,89.0,576.0
24039.0,2.0,-2.2841,3.792,-0.04541,0.8849,3.914,-0.5196,0.0,0.0,89.0,578.0
24049.0,2.0,-2.2672,3.165,-0.03649,0.9225,3.612,-0.5449,0.0,0.0,89.0,578.0
24059.0,2.0,-2.2488,2.717,-0.02719,0.9566,3.24,-0.5552,0.0,0.0,89.0,586.0
24069.0,2.0,-2.2396,2.258,-0.01759,0.9866,2.792,-0.5661,0.0,0.0,89.0,586.0
24080.0,2.0,-2.2381,1.682,-0.00773,1.0112,2.17,-0.584,0.0,0.0,89.0,569.0
24090.0,2.0,-2.235,1.209,0.00236,1.0288,1.415,-0.596,0.0,0.0,89.0,572.0
24100.0,2.0,-2.2396,0.759,0.0126,1.0382,0.496,-0.6068,0.0,0.0,89.0,586.0
24110.0,2.0,-2.2519,0.248,0.02287,1.0369,-0.665,-0.6198,0.0,0.0,89.0,578.0
24120.0,2.0,-2.2718,-0.367,0.03409,1.0216,-1.985,-0.6346,0.0,0.0,89.0,587.0
24131.0,2.0,-2.2918,-0.878,0.04414,0.9952,-3.185,-0.6463,0.0,0.0,89.0,578.0
24141.0,2.0,-2.3163,-1.345,0.05381,0.9567,-4.385,-0.6568,0.0,0.0,89.0,586.0
24151.0,2.0,-2.3424,-1.786,0.06401,0.903,-5.196,-0.6678,0.0,0.0,89.0,611.0
24161.0,2.0,-2.3746,-2.129,0.07271,0.8483,-5.661,-0.678,0.0,0.0,89.0,603.0
24172.0,2.0,-2.4099,-2.486,0.08085,0.7896,-6.0,-0.6875,0.0,0.0,89.0,603.0
24182.0,2.0,-2.4467,-2.842,0.08839,0.7296,-6.0,-0.6964,0.0,0.0,89.0,586.0
24192.0,2.0,-2.4897,-3.197,0.09604,0.6636,-6.0,-0.7061,0.0,0.0,89.0,588.0
24203.0,2.0,-2.5326,-3.495,0.10234,0.6036,-6.0,-0.7146,0.0,0.0,89.0,585.0
24213.0,2.0,-2.5786,-3.809,0.10804,0.5436,-6.0,-0.7209,0.0,0.0,89.0,586.0
24223.0,2.0,-2.6384,-4.259,0.11366,0.4776,-6.0,-0.7201,0.0,0.0,89.0,589.0
24234.0,2.0,-2.6875,-4.554,0.11813,0.4176,-6.0,-0.7229,0.0,0.0,89.0,580.0
24244.0,2.0,-2.7259,-4.583,0.12199,0.3576,-6.0,-0.7403,0.0,0.0,89.0,585.0
24254.0,2.0,-2.7688,-4.467,0.12529,0.2976,-6.0,-0.7649,0.0,0.0,89.0,580.0
24264.0,2.0,-2.8195,-4.442,0.12821,0.2316,-6.0,-0.7829,0.0,0.0,89.0,586.0
24275.0,2.0,-2.8701,-4.579,0.13024,0.1716,-6.0,-0.7868,0.0,0.0,89.0,587.0
24285.0,2.0,-2.9713,-5.215,0.13166,0.1116,-6.0,-0.7499,0.0,0.0,89.0,562.0
24295.0,2.0,-3.0265,-6.186,0.13256,0.0456,-6.0,-0.6707,0.0,0.0,89.0,586.0
24306.0,2.0,-3.048,-5.275,0.13279,-0.0144,-6.0,-0.7616,0.0,0.0,89.0,577.0
24316.0,2.0,-3.1124,-5.223,0.13238,-0.0744,-6.0,-0.7688,0.0,0.0,89.0,572.0
24326.0,2.0,3.094,-5.56,0.13125,-0.1404,-6.0,-0.7375,0.0,0.0,89.0,572.0
24336.0,2.0,3.0189,-5.967,0.1296,-0.2004,-6.0,-0.6923,0.0,0.0,89.0,572.0
24346.0,2.0,2.9222,-6.808,0.12739,-0.2604,-6.0,-0.5872,0.0,0.0,89.0,580.0
24357.0,2.0,2.8302,-7.668,0.12454,-0.3204,-6.0,-0.457,0.0,0.0,89.0,572.0
24367.0,2.0,2.7504,-8.074,0.12109,-0.3804,-6.0,-0.3716,0.0,0.0,89.0,577.0
24377.0,2.0,2.6645,-8.296,0.11708,-0.4401,-5.901,-0.303,0.0,0.0,89.0,580.0
24387.0,2.0,2.5894,-8.119,0.11197,-0.5036,-5.68,-0.2848,0.0,0.0,89.0,572.0
24397.0,2.0,2.5234,-7.693,0.10676,-0.5596,-5.535,-0.3046,0.0,0.0,89.0,578.0
24407.0,2.0,2.4544,-7.374,0.10099,-0.6138,-5.335,-0.3049,0.0,0.0,89.0,587.0
24418.0,2.0,2.393,-7.104,0.09469,-0.6659,-5.1,-0.2951,0.0,0.0,89.0,584.0
24428.0,2.0,2.347,-6.485,0.08719,-0.7207,-4.91,-0.3266,0.0,0.0,89.0,585.0
24438.0,2.0,2.3071,-5.713,0.07984,-0.7691,-4.768,-0.3791,0.0,0.0,89.0,586.0
24449.0,2.0,2.2672,-5.099,0.072,-0.8157,-4.563,-0.4087,0.0,0.0,89.0,578.0
24459.0,2.0,2.2243,-4.774,0.06285,-0.8639,-4.238,-0.4008,0.0,0.0,89.0,601.0
24469.0,2.0,2.1997,-4.12,0.05415,-0.9049,-3.985,-0.4305,0.0,0.0,89.0,571.0
24479.0,2.0,2.1798,-3.518,0.045,-0.9431,-3.675,-0.4535,0.0,0.0,89.0,572.0
24489.0,2.0,2.1675,-2.883,0.03551,-0.9778,-3.293,-0.4777,0.0,0.0,89.0,585.0
24500.0,2.0,2.1629,-2.217,0.02573,-1.008,-2.78,-0.5026,0.0,0.0,89.0,578.0
24510.0,2.0,2.1629,-1.578,0.0156,-1.0321,-2.076,-0.5241,0.0,0.0,89.0,580.0
24520.0,2.0,2.169,-0.953,0.00533,-1.0478,-1.122,-0.5433,0.0,0.0,89.0,556.0
24530.0,2.0,2.1829,-0.285,-0.00611,-1.0525,0.166,-0.562,0.0,0.0,89.0,594.0
24541.0,2.0,2.1997,0.317,-0.0165,-1.0443,1.366,-0.5775,0.0,0.0,89.0,594.0
24551.0,2.0,2.2227,0.878,-0.02678,-1.024,2.566,-0.5909,0.0,0.0,89.0,604.0
24561.0,2.0,2.2488,1.384,-0.03679,-0.9917,3.766,-0.6027,0.0,0.0,89.0,580.0
24571.0,2.0,2.2795,1.88,-0.04736,-0.9447,4.601,-0.615,0.0,0.0,89.0,586.0
24581.0,2.0,2.3148,2.324,-0.05648,-0.8957,5.121,-0.6255,0.0,0.0,89.0,586.0
24592.0,2.0,2.3501,2.728,-0.0651,-0.8423,5.507,-0.6359,0.0,0.0,89.0,586.0
24602.0,2.0,2.3899,3.087,-0.07324,-0.7855,5.813,-0.6465,0.0,0.0,89.0,594.0
24612.0,2.0,2.4314,3.438,-0.08149,-0.72,6.0,-0.6586,0.0,0.0,89.0,587.0
24622.0,2.0,2.4804,3.741,-0.08831,-0.66,6.0,-0.669,0.0,0.0,89.0,586.0
24632.0,2.0,2.5265,4.017,-0.09461,-0.6,6.0,-0.6792,0.0,0.0,89.0,594.0
24643.0,2.0,2.5756,4.277,-0.10028,-0.54,6.0,-0.6886,0.0,0.0,89.0,586.0
24653.0,2.0,2.6262,4.497,-0.10537,-0.48,6.0,-0.6984,0.0,0.0,89.0,586.0
24663.0,2.0,2.6768,4.683,-0.10984,-0.42,6.0,-0.7084,0.0,0.0,89.0,594.0
24673.0,2.0,2.729,4.869,-0.11374,-0.36,6.0,-0.7161,0.0,0.0,89.0,601.0
24683.0,2.0,2.7796,5.053,-0.11704,-0.3,6.0,-0.7213,0.0,0.0,89.0,587.0
24693.0,2.0,2.8409,5.179,-0.11978,-0.24,6.0,-0.7282,0.0,0.0,89.0,586.0
24703.0,2.0,2.9038,5.393,-0.12206,-0.174,6.0,-0.7263,0.0,0.0,89.0,584.0
24713.0,2.0,2.9836,5.912,-0.12353,-0.114,6.0,-0.691,0.0,0.0,89.0,586.0
24723.0,2.0,3.0357,5.999,-0.12439,-0.054,6.0,-0.6905,0.0,0.0,89.0,586.0
24733.0,2.0,3.1048,6.042,-0.12469,0.006,6.0,-0.6903,0.0,0.0,89.0,589.0
24743.0,2.0,-3.1002,6.515,-0.12439,0.066,6.0,-0.6402,0.0,0.0,89.0,593.0
24754.0,2.0,-3.0373,6.625,-0.12349,0.126,6.0,-0.6228,0.0,0.0,89.0,578.0
24764.0,2.0,-2.979,6.754,-0.12176,0.192,6.0,-0.5967,0.0,0.0,89.0,601.0
24774.0,2.0,-2.9176,6.56,-0.11963,0.252,6.0,-0.6055,0.0,0.0,89.0,593.0
24785.0,2.0,-2.8133,6.72,-0.11689,0.312,6.0,-0.5677,0.0,0.0,89.0,571.0
24795.0,2.0,-2.7688,6.693,-0.11351,0.372,6.0,-0.5476,0.0,0.0,89.0,593.0
24805.0,2.0,-2.6829,6.714,-0.10958,0.432,6.0,-0.518,0.0,0.0,89.0,593.0
24815.0,2.0,-2.5986,7.336,-0.10455,0.4965,5.686,-0.3975,0.0,0.0,89.0,601.0
24825.0,2.0,-2.5387,7.184,-0.09941,0.552,5.466,-0.3786,0.0,0.0,89.0,586.0
24836.0,2.0,-2.4789,6.869,-0.09371,0.6056,5.27,-0.3796,0.0,0.0,89.0,577.0
24846.0,2.0,-2.4298,6.426,-0.08749,0.6573,5.089,-0.3952,0.0,0.0,89.0,593.0
24856.0,2.0,-2.3899,5.808,-0.08078,0.7073,4.932,-0.4305,0.0,0.0,89.0,580.0
24866.0,2.0,-2.3531,5.048,-0.07282,0.7604,4.751,-0.4748,0.0,0.0,89.0,585.0
24876.0,2.0,-2.3209,4.427,-0.0651,0.8068,4.544,-0.5041,0.0,0.0,89.0,585.0
24887.0,2.0,-2.2933,3.945,-0.05693,0.8509,4.285,-0.5182,0.0,0.0,89.0,577.0
24897.0,2.0,-2.2749,3.395,-0.04834,0.8921,3.999,-0.5373,0.0,0.0,89.0,578.0
24907.0,2.0,-2.2611,2.747,-0.03836,0.9339,3.611,-0.5606,0.0,0.0,89.0,601.0
24917.0,2.0,-2.2473,2.28,-0.02903,0.9677,3.176,-0.5723,0.0,0.0,89.0,579.0
24928.0,2.0,-2.2411,1.816,-0.01931,0.9965,2.63,-0.5837,0.0,0.0,89.0,570.0
24938.0,2.0,-2.2396,1.342,-0.00934,1.019,1.925,-0.5956,0.0,0.0,89.0,570.0
24948.0,2.0,-2.2442,0.813,0.00184,1.0344,0.915,-0.609,0.0,0.0,89.0,586.0
24959.0,2.0,-2.2534,0.328,0.01211,1.0375,-0.214,-0.6211,0.0,0.0,89.0,586.0
24969.0,2.0,-2.2672,-0.172,0.02235,1.0287,-1.414,-0.6334,0.0,0.0,89.0,579.0
24979.0,2.0,-2.2872,-0.692,0.03345,1.0053,-2.734,-0.6457,0.0,0.0,89.0,596.0
24990.0,2.0,-2.3071,-1.107,0.04328,0.9714,-3.865,-0.656,0.0,0.0,89.0,569.0
25000.0,2.0,-2.3317,-1.488,0.05273,0.9284,-4.612,-0.6661,0.0,0.0,89.0,603.0
25010.0,2.0,-2.3593,-1.845,0.06169,0.8791,-5.181,-0.676,0.0,0.0,89.0,585.0
25020.0,2.0,-2.393,-2.229,0.07099,0.819,-5.663,-0.6868,0.0,0.0,89.0,586.0
25030.0,2.0,-2.4283,-2.586,0.07886,0.7604,-6.0,-0.6959,0.0,0.0,89.0,594.0
25040.0,2.0,-2.4666,-2.936,0.08614,0.7005,-6.0,-0.7044,0.0,0.0,89.0,595.0
25050.0,2.0,-2.5065,-3.259,0.09285,0.6405,-6.0,-0.7126,0.0,0.0,89.0,602.0
25061.0,2.0,-2.5525,-3.616,0.09893,0.5805,-6.0,-0.7182,0.0,0.0,89.0,588.0
25071.0,2.0,-2.6001,-3.96,0.1044,0.5205,-6.0,-0.7224,0.0,0.0,89.0,586.0
25081.0,2.0,-2.6492,-4.263,0.10976,0.4545,-6.0,-0.7285,0.0,0.0,89.0,588.0
25092.0,2.0,-2.6906,-4.293,0.114,0.3945,-6.0,-0.7461,0.0,0.0,89.0,586.0
25102.0,2.0,-2.7366,-4.322,0.11764,0.3345,-6.0,-0.7621,0.0,0.0,89.0,565.0
25112.0,2.0,-2.7842,-4.359,0.12098,0.2685,-6.0,-0.7774,0.0,0.0,89.0,588.0
25122.0,2.0,-2.8394,-4.522,0.12338,0.2085,-6.0,-0.7811,0.0,0.0,89.0,600.0
25132.0,2.0,-2.8977,-4.906,0.12517,0.1485,-6.0,-0.7665,0.0,0.0,89.0,602.0
25143.0,2.0,-2.9913,-5.767,0.12638,0.0885,-6.0,-0.705,0.0,0.0,89.0,580.0
25153.0,2.0,-3.0112,-5.759,0.12701,0.0285,-6.0,-0.7138,0.0,0.0,89.0,585.0
25163.0,2.0,-3.0833,-5.495,0.12701,-0.0375,-6.0,-0.7431,0.0,0.0,89.0,571.0
25174.0,2.0,3.1355,-5.69,0.12638,-0.0975,-6.0,-0.726,0.0,0.0,89.0,574.0
25184.0,2.0,3.0649,-5.999,0.12514,-0.1575,-6.0,-0.6926,0.0,0.0,89.0,572.0
25194.0,2.0,2.9729,-6.569,0.12334,-0.2175,-6.0,-0.6226,0.0,0.0,89.0,572.0
25204.0,2.0,2.8685,-7.613,0.12064,-0.2835,-6.0,-0.4739,0.0,0.0,89.0,580.0
25215.0,2.0,2.7857,-8.106,0.1176,-0.3435,-6.0,-0.379,0.0,0.0,89.0,573.0
25225.0,2.0,2.7013,-8.178,0.11393,-0.4032,-5.891,-0.3361,0.0,0.0,89.0,594.0
25235.0,2.0,2.6216,-8.183,0.10969,-0.4609,-5.657,-0.297,0.0,0.0,89.0,572.0
25245.0,2.0,2.5449,-7.994,0.10436,-0.5216,-5.429,-0.2779,0.0,0.0,89.0,577.0
25256.0,2.0,2.4804,-7.597,0.099,-0.575,-5.267,-0.2908,0.0,0.0,89.0,578.0
25266.0,2.0,2.4176,-7.203,0.09307,-0.6267,-5.081,-0.3001,0.0,0.0,89.0,579.0
25276.0,2.0,2.37,-6.709,0.08666,-0.6765,-4.905,-0.3206,0.0,0.0,89.0,582.0
25286.0,2.0,2.3347,-5.837,0.07976,-0.725,-4.805,-0.3874,0.0,0.0,89.0,578.0
25296.0,2.0,2.2749,-5.486,0.07241,-0.7718,-4.558,-0.3873,0.0,0.0,89.0,577.0
25306.0,2.0,2.2473,-5.068,0.06458,-0.8159,-4.306,-0.3931,0.0,0.0,89.0,578.0
25316.0,2.0,2.212,-4.416,0.05546,-0.8617,-4.043,-0.42,0.0,0.0,89.0,592.0
25327.0,2.0,2.1921,-3.799,0.04676,-0.9006,-3.768,-0.445,0.0,0.0,89.0,570.0
25337.0,2.0,2.1783,-3.128,0.03773,-0.9365,-3.435,-0.4731,0.0,0.0,89.0,578.0
25347.0,2.0,2.169,-2.428,0.0273,-0.9715,-2.942,-0.4989,0.0,0.0,89.0,601.0
25357.0,2.0,2.166,-1.807,0.01759,-0.9977,-2.33,-0.5197,0.0,0.0,89.0,585.0
25368.0,2.0,2.1706,-1.144,0.00761,-1.0163,-1.445,-0.5413,0.0,0.0,89.0,581.0
25378.0,2.0,2.1783,-0.559,-0.00251,-1.0248,-0.358,-0.558,0.0,0.0,89.0,578.0
25388.0,2.0,2.1951,0.069,-0.01365,-1.021,0.951,-0.5746,0.0,0.0,89.0,579.0
25399.0,2.0,2.2135,0.611,-0.02374,-1.0049,2.151,-0.5881,0.0,0.0,89.0,586.0
25409.0,2.0,2.235,1.104,-0.0336,-0.9767,3.351,-0.6002,0.0,0.0,89.0,586.0
25419.0,2.0,2.2626,1.539,-0.04309,-0.9384,4.18,-0.6115,0.0,0.0,89.0,580.0
25429.0,2.0,2.2948,1.976,-0.0531,-0.8883,4.837,-0.6238,0.0,0.0,89.0,586.0
25439.0,2.0,2.327,2.342,-0.06165,-0.8374,5.282,-0.635,0.0,0.0,89.0,595.0
25450.0,2.0,2.3608,2.694,-0.06975,-0.7825,5.636,-0.646,0.0,0.0,89.0,595.0
25460.0,2.0,2.4007,3.031,-0.07725,-0.7246,5.92,-0.6569,0.0,0.0,89.0,580.0
25470.0,2.0,2.4406,3.352,-0.08415,-0.6646,6.0,-0.6674,0.0,0.0,89.0,586.0
25480.0,2.0,2.4897,3.688,-0.09105,-0.5986,6.0,-0.6784,0.0,0.0,89.0,586.0
25491.0,2.0,2.5372,3.973,-0.09675,-0.5386,6.0,-0.6878,0.0,0.0,89.0,586.0
25501.0,2.0,2.5848,4.228,-0.10181,-0.4786,6.0,-0.697,0.0,0.0,89.0,586.0
25511.0,2.0,2.6369,4.476,-0.10627,-0.4186,6.0,-0.7047,0.0,0.0,89.0,586.0
25521.0,2.0,2.6983,4.745,-0.11051,-0.3526,6.0,-0.7107,0.0,0.0,89.0,585.0
25531.0,2.0,2.7535,5.085,-0.11374,-0.2926,6.0,-0.7069,0.0,0.0,89.0,602.0
25542.0,2.0,2.7964,5.002,-0.1164,-0.2326,6.0,-0.7311,0.0,0.0,89.0,586.0
25552.0,2.0,2.8624,5.281,-0.11861,-0.1666,6.0,-0.7265,0.0,0.0,89.0,585.0
25562.0,2.0,2.9345,5.532,-0.12,-0.1066,6.0,-0.7185,0.0,0.0,89.0,602.0
25573.0,2.0,3.0035,5.885,-0.12079,-0.0466,6.0,-0.6965,0.0,0.0,89.0,586.0
25583.0,2.0,3.0618,6.083,-0.12101,0.0134,6.0,-0.6838,0.0,0.0,89.0,576.0
25593.0,2.0,-3.1324,6.417,-0.12053,0.0794,6.0,-0.6516,0.0,0.0,89.0,602.0
25604.0,2.0,-3.0588,6.938,-0.11951,0.1394,6.0,-0.5893,0.0,0.0,89.0,578.0
25614.0,2.0,-2.9805,7.233,-0.11786,0.1994,6.0,-0.544,0.0,0.0,89.0,578.0
25624.0,2.0,-2.913,7.067,-0.11539,0.2654,6.0,-0.5495,0.0,0.0,89.0,593.0
25634.0,2.0,-2.8394,7.105,-0.1125,0.3254,6.0,-0.5254,0.0,0.0,89.0,580.0
25645.0,2.0,-2.7796,7.005,-0.10901,0.3854,6.0,-0.5147,0.0,0.0,89.0,571.0
25655.0,2.0,-2.6906,7.118,-0.10492,0.445,5.871,-0.4715,0.0,0.0,89.0,586.0
25665.0,2.0,-2.6246,7.288,-0.09979,0.5075,5.563,-0.4104,0.0,0.0,89.0,601.0
25675.0,2.0,-2.5464,7.126,-0.0945,0.5621,5.345,-0.3944,0.0,0.0,89.0,594.0
25686.0,2.0,-2.4897,6.939,-0.08873,0.6141,5.113,-0.378,0.0,0.0,89.0,586.0
25696.0,2.0,-2.4344,6.557,-0.08243,0.6642,4.915,-0.3861,0.0,0.0,89.0,572.0
25706.0,2.0,-2.3899,5.936,-0.07493,0.7171,4.727,-0.4182,0.0,0.0,89.0,586.0
25717.0,2.0,-2.3531,5.302,-0.06765,0.7634,4.551,-0.4526,0.0,0.0,89.0,577.0
25727.0,2.0,-2.327,4.598,-0.05993,0.8079,4.366,-0.4914,0.0,0.0,89.0,577.0
25737.0,2.0,-2.3056,3.756,-0.05093,0.8546,4.131,-0.5364,0.0,0.0,89.0,576.0
25747.0,2.0,-2.2703,3.365,-0.04226,0.8942,3.825,-0.5425,0.0,0.0,89.0,578.0
25757.0,2.0,-2.2519,3.11,-0.03322,0.9306,3.48,-0.5372,0.0,0.0,89.0,585.0
25768.0,2.0,-2.2442,2.523,-0.02389,0.9633,3.079,-0.5573,0.0,0.0,89.0,562.0
25778.0,2.0,-2.2335,2.01,-0.01421,0.9913,2.57,-0.5719,0.0,0.0,89.0,587.0
25788.0,2.0,-2.2273,1.601,-0.00428,1.0138,1.98,-0.5802,0.0,0.0,89.0,586.0
25798.0,2.0,-2.2304,1.086,0.00683,1.0306,1.112,-0.593,0.0,0.0,89.0,578.0
25809.0,2.0,-2.2381,0.566,0.01706,1.0361,0.036,-0.6066,0.0,0.0,89.0,555.0
25819.0,2.0,-2.2503,0.038,0.0273,1.0298,-1.164,-0.62,0.0,0.0,89.0,585.0
25829.0,2.0,-2.2688,-0.49,0.03743,1.0116,-2.364,-0.6326,0.0,0.0,89.0,587.0
25839.0,2.0,-2.2902,-0.972,0.04733,0.9813,-3.564,-0.6438,0.0,0.0,89.0,586.0
25849.0,2.0,-2.3163,-1.445,0.05783,0.9348,-4.687,-0.6552,0.0,0.0,89.0,587.0
25859.0,2.0,-2.3439,-1.829,0.06686,0.8844,-5.293,-0.6653,0.0,0.0,89.0,586.0
25869.0,2.0,-2.3746,-2.191,0.07537,0.8288,-5.75,-0.6753,0.0,0.0,89.0,594.0
25880.0,2.0,-2.4083,-2.544,0.08332,0.7695,-6.0,-0.685,0.0,0.0,89.0,580.0
25890.0,2.0,-2.4467,-2.887,0.09068,0.7095,-6.0,-0.6942,0.0,0.0,89.0,594.0
25900.0,2.0,-2.4866,-3.228,0.09746,0.6495,-6.0,-0.7025,0.0,0.0,89.0,602.0
25910.0,2.0,-2.5311,-3.544,0.10361,0.5895,-6.0,-0.7104,0.0,0.0,89.0,585.0
25920.0,2.0,-2.5786,-3.903,0.1092,0.5295,-6.0,-0.7148,0.0,0.0,89.0,602.0
25930.0,2.0,-2.6354,-4.3,0.11464,0.4635,-6.0,-0.7167,0.0,0.0,89.0,588.0
25941.0,2.0,-2.6814,-4.55,0.11895,0.4035,-6.0,-0.7223,0.0,0.0,89.0,587.0
25951.0,2.0,-2.7228,-4.501,0.1227,0.3435,-6.0,-0.7446,0.0,0.0,89.0,602.0
25961.0,2.0,-2.7658,-4.475,0.12585,0.2835,-6.0,-0.7633,0.0,0.0,89.0,601.0
25971.0,2.0,-2.8195,-4.512,0.12863,0.2175,-6.0,-0.7775,0.0,0.0,89.0,580.0
25981.0,2.0,-2.8839,-4.753,0.1305,0.1575,-6.0,-0.7739,0.0,0.0,89.0,580.0
25991.0,2.0,-2.9744,-5.576,0.13181,0.0975,-6.0,-0.7193,0.0,0.0,89.0,596.0
26002.0,2.0,-3.0204,-6.275,0.13252,0.0375,-6.0,-0.6613,0.0,0.0,89.0,587.0
26012.0,2.0,-3.0542,-5.377,0.13268,-0.0225,-6.0,-0.7525,0.0,0.0,89.0,586.0
26022.0,2.0,-3.1263,-5.412,0.13211,-0.0885,-6.0,-0.7521,0.0,0.0,89.0,580.0
26032.0,2.0,3.0864,-5.768,0.13095,-0.1485,-6.0,-0.7172,0.0,0.0,89.0,594.0
26043.0,2.0,3.0235,-6.12,0.12923,-0.2085,-6.0,-0.6758,0.0,0.0,89.0,587.0
26053.0,2.0,2.9238,-6.856,0.1269,-0.2685,-6.0,-0.5806,0.0,0.0,89.0,573.0
26063.0,2.0,2.8363,-7.506,0.12401,-0.3285,-6.0,-0.4782,0.0,0.0,89.0,588.0
26073.0,2.0,2.7428,-8.038,0.12049,-0.3885,-6.0,-0.3759,0.0,0.0,89.0,572.0
26083.0,2.0,2.6446,-8.449,0.11595,-0.4538,-5.802,-0.2737,0.0,0.0,89.0,588.0
26094.0,2.0,2.5756,-8.368,0.11119,-0.5104,-5.569,-0.2429,0.0,0.0,89.0,586.0
26104.0,2.0,2.5096,-7.932,0.1059,-0.5653,-5.425,-0.2638,0.0,0.0,89.0,586.0
26114.0,2.0,2.4375,-7.6,0.10009,-0.6185,-5.226,-0.265,0.0,0.0,89.0,577.0
26124.0,2.0,2.3715,-7.261,0.09307,-0.6744,-4.975,-0.2589,0.0,0.0,89.0,586.0
26135.0,2.0,2.3347,-6.529,0.08621,-0.7233,-4.848,-0.3107,0.0,0.0,89.0,578.0
26145.0,2.0,2.2948,-5.699,0.07883,-0.7712,-4.719,-0.3703,0.0,0.0,89.0,578.0
26155.0,2.0,2.2457,-5.168,0.07099,-0.8172,-4.494,-0.3901,0.0,0.0,89.0,577.0
26165.0,2.0,2.2059,-4.814,0.06188,-0.8646,-4.174,-0.3845,0.0,0.0,89.0,577.0
26176.0,2.0,2.1875,-4.129,0.05314,-0.905,-3.923,-0.4172,0.0,0.0,89.0,556.0
26186.0,2.0,2.166,-3.419,0.04309,-0.9462,-3.579,-0.4465,0.0,0.0,89.0,577.0
26196.0,2.0,2.1583,-2.724,0.03356,-0.9798,-3.17,-0.475,0.0,0.0,89.0,578.0
26207.0,2.0,2.1522,-2.056,0.02374,-1.0085,-2.611,-0.4996,0.0,0.0,89.0,578.0
26217.0,2.0,2.1522,-1.463,0.01365,-1.0308,-1.885,-0.5181,0.0,0.0,89.0,580.0
26227.0,2.0,2.1583,-0.867,0.00341,-1.0446,-0.927,-0.5358,0.0,0.0,89.0,580.0
26237.0,2.0,2.1706,-0.275,-0.00694,-1.0475,0.236,-0.5522,0.0,0.0,89.0,586.0
26247.0,2.0,2.1875,0.313,-0.01729,-1.0386,1.436,-0.5675,0.0,0.0,89.0,587.0
26257.0,2.0,2.2089,0.866,-0.02749,-1.0176,2.636,-0.5809,0.0,0.0,89.0,594.0
26267.0,2.0,2.235,1.376,-0.03746,-0.9847,3.8,-0.5931,0.0,0.0,89.0,594.0
26277.0,2.0,2.2672,1.875,-0.04796,-0.938,4.578,-0.6056,0.0,0.0,89.0,578.0
26287.0,2.0,2.2994,2.277,-0.05704,-0.8893,5.088,-0.6168,0.0,0.0,89.0,578.0
26298.0,2.0,2.3347,2.649,-0.06559,-0.8362,5.478,-0.6281,0.0,0.0,89.0,578.0
26308.0,2.0,2.3731,3.001,-0.07365,-0.7796,5.793,-0.6393,0.0,0.0,89.0,586.0
26318.0,2.0,2.416,3.35,-0.08111,-0.7203,6.0,-0.6497,0.0,0.0,89.0,586.0
26328.0,2.0,2.4636,3.707,-0.08865,-0.6543,6.0,-0.6608,0.0,0.0,89.0,593.0
26338.0,2.0,2.5111,3.993,-0.09488,-0.5943,6.0,-0.6712,0.0,0.0,89.0,594.0
26349.0,2.0,2.5587,4.235,-0.10046,-0.5343,6.0,-0.6823,0.0,0.0,89.0,581.0
26359.0,2.0,2.6078,4.454,-0.10549,-0.4743,6.0,-0.6929,0.0,0.0,89.0,602.0
26369.0,2.0,2.6584,4.663,-0.10995,-0.4143,6.0,-0.7022,0.0,0.0,89.0,586.0
26379.0,2.0,2.7121,4.871,-0.11377,-0.3543,6.0,-0.7093,0.0,0.0,89.0,586.0
26389.0,2.0,2.7719,5.04,-0.1173,-0.2883,6.0,-0.7183,0.0,0.0,89.0,586.0
26400.0,2.0,2.8241,5.135,-0.11992,-0.2283,6.0,-0.728,0.0,0.0,89.0,586.0
26410.0,2.0,2.8885,5.325,-0.12191,-0.1683,6.0,-0.7276,0.0,0.0,89.0,585.0
26420.0,2.0,2.956,5.716,-0.1233,-0.1083,6.0,-0.7058,0.0,0.0,89.0,586.0
26430.0,2.0,3.048,6.407,-0.12413,-0.0483,6.0,-0.647,0.0,0.0,89.0,602.0
26440.0,2.0,3.0986,6.571,-0.12431,0.0177,6.0,-0.6343,0.0,0.0,89.0,594.0
26451.0,2.0,-3.1048,6.518,-0.1239,0.0777,6.0,-0.64,0.0,0.0,89.0,585.0
26461.0,2.0,-3.0311,6.92,-0.12285,0.1377,6.0,-0.5883,0.0,0.0,89.0,578.0
26471.0,2.0,-2.9452,6.998,-0.12105,0.2037,6.0,-0.5669,0.0,0.0,89.0,578.0
26481.0,2.0,-2.8916,6.808,-0.11876,0.2637,6.0,-0.5751,0.0,0.0,89.0,578.0
26492.0,2.0,-2.8103,7.179,-0.11591,0.3237,6.0,-0.5072,0.0,0.0,89.0,576.0
26502.0,2.0,-2.7627,6.789,-0.11242,0.3837,6.0,-0.5324,0.0,0.0,89.0,592.0
26512.0,2.0,-2.663,6.985,-0.10841,0.4437,5.99,-0.4784,0.0,0.0,89.0,578.0
26522.0,2.0,-2.5924,7.349,-0.10324,0.5071,5.625,-0.3893,0.0,0.0,89.0,578.0
26533.0,2.0,-2.5265,7.018,-0.09799,0.5626,5.452,-0.3953,0.0,0.0,89.0,578.0
26543.0,2.0,-2.4682,6.902,-0.09221,0.6156,5.198,-0.3685,0.0,0.0,89.0,572.0
26553.0,2.0,-2.4206,6.222,-0.08524,0.6718,5.044,-0.4106,0.0,0.0,89.0,577.0
26563.0,2.0,-2.3731,5.721,-0.07838,0.7212,4.853,-0.4308,0.0,0.0,89.0,572.0
26573.0,2.0,-2.3485,5.039,-0.07102,0.7687,4.682,-0.4694,0.0,0.0,89.0,588.0
26584.0,2.0,-2.3178,4.27,-0.06323,0.8146,4.499,-0.5136,0.0,0.0,89.0,578.0
26594.0,2.0,-2.281,3.969,-0.05411,0.8622,4.172,-0.5075,0.0,0.0,89.0,601.0
26604.0,2.0,-2.2672,3.368,-0.04541,0.9023,3.886,-0.5308,0.0,0.0,89.0,576.0
26614.0,2.0,-2.2457,2.845,-0.0363,0.9393,3.534,-0.5469,0.0,0.0,89.0,592.0
26625.0,2.0,-2.235,2.405,-0.02689,0.9724,3.114,-0.5566,0.0,0.0,89.0,585.0
26635.0,2.0,-2.2289,1.913,-0.01718,1.0007,2.582,-0.5695,0.0,0.0,89.0,578.0
26645.0,2.0,-2.2273,1.392,-0.00716,1.0228,1.869,-0.584,0.0,0.0,89.0,579.0
26655.0,2.0,-2.2289,0.88,0.00405,1.0378,0.912,-0.5966,0.0,0.0,89.0,577.0
26665.0,2.0,-2.2381,0.404,0.01436,1.0411,-0.175,-0.6085,0.0,0.0,89.0,595.0
26675.0,2.0,-2.255,-0.129,0.02464,1.0328,-1.375,-0.6218,0.0,0.0,89.0,603.0
26686.0,2.0,-2.2718,-0.655,0.0348,1.0124,-2.575,-0.6342,0.0,0.0,89.0,594.0
26696.0,2.0,-2.2964,-1.188,0.04564,0.9762,-3.895,-0.6464,0.0,0.0,89.0,585.0
26706.0,2.0,-2.3224,-1.583,0.05423,0.9365,-4.713,-0.6556,0.0,0.0,89.0,594.0
26716.0,2.0,-2.3501,-1.987,0.06416,0.8809,-5.313,-0.6669,0.0,0.0,89.0,585.0
26726.0,2.0,-2.3838,-2.338,0.07268,0.8254,-5.729,-0.6769,0.0,0.0,89.0,601.0
26737.0,2.0,-2.4222,-2.716,0.08055,0.7663,-6.0,-0.6859,0.0,0.0,89.0,586.0
26747.0,2.0,-2.459,-3.053,0.0879,0.7063,-6.0,-0.695,0.0,0.0,89.0,602.0
26757.0,2.0,-2.5004,-3.351,0.09461,0.6463,-6.0,-0.7044,0.0,0.0,89.0,586.0
26767.0,2.0,-2.551,-3.693,0.10133,0.5803,-6.0,-0.7128,0.0,0.0,89.0,580.0
26777.0,2.0,-2.6016,-4.075,0.1068,0.5203,-6.0,-0.7151,0.0,0.0,89.0,593.0
26787.0,2.0,-2.6523,-4.422,0.11171,0.4603,-6.0,-0.7165,0.0,0.0,89.0,590.0
26798.0,2.0,-2.6983,-4.648,0.11599,0.4003,-6.0,-0.7228,0.0,0.0,89.0,588.0
26808.0,2.0,-2.7382,-4.549,0.1197,0.3403,-6.0,-0.7478,0.0,0.0,89.0,586.0
26818.0,2.0,-2.7888,-4.485,0.12308,0.2743,-6.0,-0.77,0.0,0.0,89.0,601.0
26829.0,2.0,-2.8394,-4.529,0.12555,0.2143,-6.0,-0.7813,0.0,0.0,89.0,588.0
26839.0,2.0,-2.9054,-4.813,0.12743,0.1543,-6.0,-0.7739,0.0,0.0,89.0,580.0
26849.0,2.0,-3.0081,-5.812,0.1287,0.0943,-6.0,-0.701,0.0,0.0,89.0,602.0
26859.0,2.0,-3.0066,-5.928,0.12937,0.0343,-6.0,-0.6979,0.0,0.0,89.0,580.0
26869.0,2.0,-3.0802,-5.365,0.12941,-0.0317,-6.0,-0.755,0.0,0.0,89.0,580.0
26879.0,2.0,3.1355,-5.523,0.12885,-0.0917,-6.0,-0.7419,0.0,0.0,89.0,602.0
26890.0,2.0,3.068,-5.855,0.12769,-0.1517,-6.0,-0.7074,0.0,0.0,89.0,589.0
26900.0,2.0,2.9897,-6.26,0.12593,-0.2117,-6.0,-0.658,0.0,0.0,89.0,592.0
26910.0,2.0,2.8808,-7.385,0.1236,-0.2717,-6.0,-0.5079,0.0,0.0,89.0,572.0
26920.0,2.0,2.7934,-7.945,0.1203,-0.3377,-6.0,-0.4051,0.0,0.0,89.0,588.0
26931.0,2.0,2.7136,-8.024,0.1167,-0.3977,-6.0,-0.3628,0.0,0.0,89.0,572.0
26941.0,2.0,2.6323,-8.079,0.11254,-0.4567,-5.786,-0.3179,0.0,0.0,89.0,586.0
26951.0,2.0,2.5602,-8.016,0.10774,-0.5132,-5.548,-0.285,0.0,0.0,89.0,594.0
26961.0,2.0,2.4943,-7.71,0.10245,-0.5676,-5.362,-0.285,0.0,0.0,89.0,578.0
26971.0,2.0,2.4329,-7.295,0.0966,-0.6203,-5.186,-0.298,0.0,0.0,89.0,578.0
26981.0,2.0,2.3715,-6.838,0.08959,-0.676,-4.97,-0.309,0.0,0.0,89.0,578.0
26991.0,2.0,2.3378,-6.004,0.08269,-0.725,-4.863,-0.3719,0.0,0.0,89.0,580.0
27001.0,2.0,2.2902,-5.454,0.0753,-0.7726,-4.661,-0.3954,0.0,0.0,89.0,586.0
27012.0,2.0,2.2457,-5.145,0.06746,-0.8177,-4.386,-0.3895,0.0,0.0,89.0,572.0
27022.0,2.0,2.2135,-4.643,0.05921,-0.8602,-4.133,-0.4044,0.0,0.0,89.0,578.0
27032.0,2.0,2.1921,-3.951,0.04961,-0.9039,-3.841,-0.4337,0.0,0.0,89.0,594.0
27042.0,2.0,2.1752,-3.259,0.0405,-0.9406,-3.52,-0.4641,0.0,0.0,89.0,580.0
27053.0,2.0,2.1644,-2.665,0.03105,-0.9736,-3.107,-0.4847,0.0,0.0,89.0,578.0
27063.0,2.0,2.1629,-1.993,0.0213,-1.0017,-2.535,-0.5092,0.0,0.0,89.0,578.0
27073.0,2.0,2.166,-1.244,0.01028,-1.0243,-1.615,-0.5345,0.0,0.0,89.0,556.0
27083.0,2.0,2.1706,-0.675,8e-05,-1.0349,-0.594,-0.5507,0.0,0.0,89.0,580.0
27093.0,2.0,2.1829,-0.144,-0.0102,-1.0346,0.566,-0.5647,0.0,0.0,89.0,602.0
27104.0,2.0,2.2013,0.402,-0.0204,-1.0224,1.766,-0.5787,0.0,0.0,89.0,586.0
27114.0,2.0,2.2212,0.9,-0.03041,-0.9981,2.966,-0.5912,0.0,0.0,89.0,594.0
27124.0,2.0,2.2457,1.357,-0.04013,-0.9631,3.885,-0.6028,0.0,0.0,89.0,586.0
27134.0,2.0,2.2749,1.81,-0.05044,-0.9156,4.63,-0.6153,0.0,0.0,89.0,595.0
27145.0,2.0,2.3086,2.205,-0.05929,-0.8664,5.141,-0.6264,0.0,0.0,89.0,586.0
27155.0,2.0,2.3424,2.572,-0.06765,-0.8127,5.534,-0.6375,0.0,0.0,89.0,593.0
27165.0,2.0,2.3792,2.923,-0.07545,-0.7556,5.845,-0.6484,0.0,0.0,89.0,586.0
27175.0,2.0,2.4252,3.297,-0.08336,-0.69,6.0,-0.6598,0.0,0.0,89.0,586.0
27186.0,2.0,2.4712,3.644,-0.08992,-0.63,6.0,-0.6687,0.0,0.0,89.0,594.0
27196.0,2.0,2.5173,3.946,-0.09593,-0.57,6.0,-0.678,0.0,0.0,89.0,594.0
27206.0,2.0,2.5663,4.221,-0.10133,-0.51,6.0,-0.6869,0.0,0.0,89.0,602.0
27216.0,2.0,2.617,4.46,-0.10609,-0.45,6.0,-0.6961,0.0,0.0,89.0,587.0
27226.0,2.0,2.6676,4.673,-0.11029,-0.39,6.0,-0.7048,0.0,0.0,89.0,586.0
27236.0,2.0,2.7243,4.94,-0.11419,-0.324,6.0,-0.7094,0.0,0.0,89.0,594.0
27246.0,2.0,2.7811,5.112,-0.11715,-0.264,6.0,-0.7157,0.0,0.0,89.0,608.0
27257.0,2.0,2.8333,5.194,-0.11951,-0.204,6.0,-0.7261,0.0,0.0,89.0,586.0
27267.0,2.0,2.8992,5.418,-0.12128,-0.144,6.0,-0.7222,0.0,0.0,89.0,602.0
27277.0,2.0,2.9729,5.937,-0.12244,-0.084,6.0,-0.6873,0.0,0.0,89.0,586.0
27287.0,2.0,3.0557,6.525,-0.123,-0.024,6.0,-0.6358,0.0,0.0,89.0,586.0
27297.0,2.0,3.1278,6.867,-0.12296,0.042,6.0,-0.601,0.0,0.0,89.0,572.0
27308.0,2.0,-3.0772,6.813,-0.12229,0.102,6.0,-0.6054,0.0,0.0,89.0,586.0
27318.0,2.0,-3.0035,7.164,-0.12101,0.162,6.0,-0.5556,0.0,0.0,89.0,593.0
27328.0,2.0,-2.9284,7.094,-0.11914,0.222,6.0,-0.552,0.0,0.0,89.0,572.0
27338.0,2.0,-2.8593,6.899,-0.1164,0.288,6.0,-0.5578,0.0,0.0,89.0,586.0
27349.0,2.0,-2.8041,6.89,-0.11332,0.348,6.0,-0.5372,0.0,0.0,89.0,577.0
27359.0,2.0,-2.7336,6.693,-0.10961,0.408,6.0,-0.5369,0.0,0.0,89.0,586.0
27369.0,2.0,-2.6461,7.083,-0.10534,0.4676,5.841,-0.4559,0.0,0.0,89.0,562.0
27379.0,2.0,-2.5617,7.445,-0.09994,0.5295,5.465,-0.3643,0.0,0.0,89.0,577.0
27389.0,2.0,-2.5035,7.219,-0.09446,0.5829,5.252,-0.3537,0.0,0.0,89.0,578.0
27399.0,2.0,-2.4528,6.766,-0.08846,0.6344,5.083,-0.3721,0.0,0.0,89.0,585.0
27409.0,2.0,-2.4083,6.165,-0.08198,0.6844,4.933,-0.4072,0.0,0.0,89.0,586.0
27419.0,2.0,-2.3685,5.546,-0.07496,0.7328,4.765,-0.4411,0.0,0.0,89.0,586.0
27430.0,2.0,-2.3363,4.902,-0.06754,0.7794,4.581,-0.4748,0.0,0.0,89.0,577.0
27440.0,2.0,-2.3117,4.189,-0.05966,0.8242,4.381,-0.5125,0.0,0.0,89.0,572.0
27450.0,2.0,-2.2856,3.535,-0.05044,0.8707,4.093,-0.5387,0.0,0.0,89.0,578.0
27460.0,2.0,-2.2626,3.134,-0.04166,0.9099,3.77,-0.5454,0.0,0.0,89.0,578.0
27471.0,2.0,-2.2503,2.647,-0.03248,0.9455,3.392,-0.5585,0.0,0.0,89.0,588.0
27481.0,2.0,-2.2411,2.122,-0.02295,0.9769,2.913,-0.5739,0.0,0.0,89.0,585.0
27491.0,2.0,-2.2365,1.664,-0.0132,1.0029,2.326,-0.585,0.0,0.0,89.0,570.0
27501.0,2.0,-2.2381,1.148,-0.00214,1.0236,1.482,-0.5978,0.0,0.0,89.0,586.0
27512.0,2.0,-2.2427,0.675,0.00799,1.0332,0.506,-0.6096,0.0,0.0,89.0,578.0
27522.0,2.0,-2.2519,0.203,0.01823,1.0319,-0.656,-0.6213,0.0,0.0,89.0,572.0
27532.0,2.0,-2.2672,-0.31,0.0294,1.0168,-1.974,-0.6339,0.0,0.0,89.0,571.0
27542.0,2.0,-2.2841,-0.718,0.03937,0.9906,-3.107,-0.644,0.0,0.0,89.0,586.0
27552.0,2.0,-2.304,-1.084,0.04905,0.9545,-3.991,-0.6539,0.0,0.0,89.0,594.0
27563.0,2.0,-2.327,-1.432,0.05831,0.9105,-4.706,-0.6639,0.0,0.0,89.0,587.0
27573.0,2.0,-2.3547,-1.803,0.06709,0.8601,-5.298,-0.6738,0.0,0.0,89.0,568.0
27583.0,2.0,-2.3853,-2.18,0.07541,0.8045,-5.759,-0.6834,0.0,0.0,89.0,584.0
27593.0,2.0,-2.4191,-2.575,0.08389,0.7391,-6.0,-0.6935,0.0,0.0,89.0,587.0
27603.0,2.0,-2.4605,-2.917,0.09094,0.6791,-6.0,-0.7024,0.0,0.0,89.0,594.0
27614.0,2.0,-2.5035,-3.276,0.09739,0.6191,-6.0,-0.7096,0.0,0.0,89.0,578.0
27624.0,2.0,-2.5479,-3.626,0.10328,0.5591,-6.0,-0.7156,0.0,0.0,89.0,580.0
27634.0,2.0,-2.5955,-3.952,0.10853,0.4991,-6.0,-0.7208,0.0,0.0,89.0,594.0
27644.0,2.0,-2.6354,-4.094,0.11321,0.4391,-6.0,-0.7337,0.0,0.0,89.0,586.0
27654.0,2.0,-2.6768,-4.17,0.1173,0.3791,-6.0,-0.7486,0.0,0.0,89.0,586.0
27664.0,2.0,-2.7259,-4.219,0.12113,0.3131,-6.0,-0.7653,0.0,0.0,89.0,580.0
27674.0,2.0,-2.778,-4.384,0.12394,0.2531,-6.0,-0.7715,0.0,0.0,89.0,586.0
27685.0,2.0,-2.8333,-4.696,0.12619,0.1931,-6.0,-0.7658,0.0,0.0,89.0,587.0
27695.0,2.0,-2.933,-5.41,0.12784,0.1331,-6.0,-0.7242,0.0,0.0,89.0,602.0
27705.0,2.0,-2.9882,-6.361,0.12893,0.0731,-6.0,-0.6466,0.0,0.0,89.0,594.0
27715.0,2.0,-3.0281,-5.636,0.12937,0.0071,-6.0,-0.7256,0.0,0.0,89.0,586.0
27726.0,2.0,-3.0879,-5.613,0.12923,-0.0529,-6.0,-0.7321,0.0,0.0,89.0,578.0
27736.0,2.0,3.1263,-5.89,0.12844,-0.1129,-6.0,-0.7063,0.0,0.0,89.0,594.0
27746.0,2.0,3.0542,-6.233,0.12709,-0.1729,-6.0,-0.6675,0.0,0.0,89.0,578.0
27756.0,2.0,2.9468,-7.098,0.1251,-0.2329,-6.0,-0.5575,0.0,0.0,89.0,572.0
27766.0,2.0,2.8609,-7.763,0.12225,-0.2989,-6.0,-0.4501,0.0,0.0,89.0,584.0
27776.0,2.0,2.7719,-8.121,0.11906,-0.3589,-6.0,-0.3724,0.0,0.0,89.0,571.0
27786.0,2.0,2.6829,-8.289,0.11524,-0.4185,-5.878,-0.3135,0.0,0.0,89.0,580.0
27797.0,2.0,2.6108,-8.23,0.11085,-0.476,-5.656,-0.2827,0.0,0.0,89.0,577.0
27807.0,2.0,2.5479,-7.81,0.1059,-0.5318,-5.52,-0.303,0.0,0.0,89.0,580.0
27817.0,2.0,2.4804,-7.437,0.10039,-0.5861,-5.347,-0.3127,0.0,0.0,89.0,586.0
27827.0,2.0,2.4222,-7.078,0.09439,-0.6385,-5.149,-0.3169,0.0,0.0,89.0,578.0
27837.0,2.0,2.3715,-6.497,0.08719,-0.6939,-4.959,-0.3444,0.0,0.0,89.0,578.0
27847.0,2.0,2.327,-5.847,0.0801,-0.7426,-4.796,-0.3821,0.0,0.0,89.0,580.0
27858.0,2.0,2.2718,-5.39,0.07253,-0.7894,-4.566,-0.3943,0.0,0.0,89.0,571.0
27868.0,2.0,2.2427,-5.037,0.06454,-0.8334,-4.295,-0.3929,0.0,0.0,89.0,578.0
27878.0,2.0,2.2135,-4.313,0.05524,-0.8792,-4.037,-0.4272,0.0,0.0,89.0,573.0
27888.0,2.0,2.1921,-3.709,0.04639,-0.918,-3.751,-0.4509,0.0,0.0,89.0,580.0
27899.0,2.0,2.1783,-3.075,0.03713,-0.9537,-3.402,-0.4756,0.0,0.0,89.0,572.0
27909.0,2.0,2.169,-2.447,0.02756,-0.9853,-2.95,-0.4983,0.0,0.0,89.0,578.0
27919.0,2.0,2.169,-1.78,0.0177,-1.0115,-2.315,-0.522,0.0,0.0,89.0,587.0
27929.0,2.0,2.1706,-1.166,0.00761,-1.0301,-1.464,-0.5411,0.0,0.0,89.0,572.0
27939.0,2.0,2.1767,-0.572,-0.00364,-1.0395,-0.337,-0.5574,0.0,0.0,89.0,572.0
27949.0,2.0,2.1905,-0.038,-0.01391,-1.0367,0.819,-0.5714,0.0,0.0,89.0,595.0
27960.0,2.0,2.2074,0.464,-0.02411,-1.0219,2.019,-0.5842,0.0,0.0,89.0,570.0
27970.0,2.0,2.2273,0.92,-0.03416,-0.9953,3.134,-0.5959,0.0,0.0,89.0,600.0
27980.0,2.0,2.2488,1.322,-0.04388,-0.9591,3.971,-0.6072,0.0,0.0,89.0,594.0
27990.0,2.0,2.278,1.725,-0.05411,-0.9109,4.688,-0.6195,0.0,0.0,89.0,586.0
28000.0,2.0,2.3071,2.091,-0.06293,-0.8611,5.206,-0.6308,0.0,0.0,89.0,594.0
28011.0,2.0,2.3409,2.432,-0.07118,-0.8067,5.607,-0.6422,0.0,0.0,89.0,586.0
28021.0,2.0,2.3761,2.775,-0.07894,-0.7488,5.931,-0.6532,0.0,0.0,89.0,594.0
28031.0,2.0,2.4176,3.151,-0.0861,-0.6888,6.0,-0.6625,0.0,0.0,89.0,603.0
28041.0,2.0,2.462,3.507,-0.09266,-0.6288,6.0,-0.6713,0.0,0.0,89.0,587.0
28051.0,2.0,2.5111,3.851,-0.09919,-0.5628,6.0,-0.6812,0.0,0.0,89.0,594.0
28062.0,2.0,2.5587,4.143,-0.10447,-0.5028,6.0,-0.6896,0.0,0.0,89.0,586.0
28072.0,2.0,2.6124,4.414,-0.1092,-0.4428,6.0,-0.697,0.0,0.0,89.0,594.0
28082.0,2.0,2.6645,4.653,-0.11332,-0.3828,6.0,-0.7043,0.0,0.0,89.0,587.0
28092.0,2.0,2.7213,4.91,-0.11719,-0.3168,6.0,-0.7099,0.0,0.0,89.0,602.0
28103.0,2.0,2.778,5.123,-0.12008,-0.2568,6.0,-0.7134,0.0,0.0,89.0,586.0
28113.0,2.0,2.8287,5.218,-0.12233,-0.1968,6.0,-0.7231,0.0,0.0,89.0,585.0
28123.0,2.0,2.9069,5.551,-0.12416,-0.1308,6.0,-0.7113,0.0,0.0,89.0,585.0
28133.0,2.0,2.9805,6.094,-0.12521,-0.0708,6.0,-0.6727,0.0,0.0,89.0,602.0
28144.0,2.0,3.0634,6.672,-0.12562,-0.0108,6.0,-0.6202,0.0,0.0,89.0,594.0
28154.0,2.0,3.1278,6.923,-0.12551,0.0492,6.0,-0.5945,0.0,0.0,89.0,577.0
28164.0,2.0,-3.0649,6.838,-0.12465,0.1152,6.0,-0.602,0.0,0.0,89.0,578.0
28174.0,2.0,-2.9974,7.345,-0.12326,0.1752,6.0,-0.5313,0.0,0.0,89.0,594.0
28185.0,2.0,-2.9207,7.285,-0.12124,0.2352,6.0,-0.5252,0.0,0.0,89.0,577.0
28195.0,2.0,-2.8471,7.237,-0.11865,0.2952,6.0,-0.5127,0.0,0.0,89.0,584.0
28205.0,2.0,-2.7934,7.163,-0.1155,0.3552,6.0,-0.4988,0.0,0.0,89.0,577.0
28215.0,2.0,-2.7075,6.871,-0.1113,0.4212,6.0,-0.5071,0.0,0.0,89.0,578.0
28225.0,2.0,-2.6139,7.411,-0.10688,0.4804,5.771,-0.4011,0.0,0.0,89.0,587.0
28236.0,2.0,-2.5617,7.352,-0.10189,0.5366,5.531,-0.3698,0.0,0.0,89.0,578.0
28246.0,2.0,-2.5035,6.881,-0.09634,0.5911,5.384,-0.3936,0.0,0.0,89.0,577.0
28256.0,2.0,-2.4498,6.462,-0.09026,0.6439,5.203,-0.4072,0.0,0.0,89.0,577.0
28266.0,2.0,-2.3945,6.047,-0.08295,0.6998,4.968,-0.4137,0.0,0.0,89.0,580.0
28277.0,2.0,-2.3623,5.443,-0.07582,0.7484,4.79,-0.4451,0.0,0.0,89.0,570.0
28287.0,2.0,-2.3317,4.731,-0.06821,0.7954,4.612,-0.4857,0.0,0.0,89.0,587.0
28297.0,2.0,-2.3071,4.084,-0.06015,0.8403,4.391,-0.5162,0.0,0.0,89.0,578.0
28307.0,2.0,-2.2872,3.473,-0.05164,0.8828,4.122,-0.5411,0.0,0.0,89.0,578.0
28317.0,2.0,-2.2672,2.87,-0.04185,0.926,3.754,-0.5612,0.0,0.0,89.0,561.0
28327.0,2.0,-2.255,2.381,-0.03255,0.9613,3.337,-0.5744,0.0,0.0,89.0,578.0
28337.0,2.0,-2.2488,1.917,-0.02287,0.9919,2.819,-0.5858,0.0,0.0,89.0,586.0
28347.0,2.0,-2.2442,1.46,-0.01294,1.0166,2.165,-0.5968,0.0,0.0,89.0,586.0
28358.0,2.0,-2.2457,1.009,-0.00281,1.0339,1.344,-0.6077,0.0,0.0,89.0,584.0
28368.0,2.0,-2.2534,0.542,0.0075,1.0418,0.307,-0.6192,0.0,0.0,89.0,586.0
28378.0,2.0,-2.2626,0.028,0.01886,1.0373,-1.008,-0.6318,0.0,0.0,89.0,625.0
28388.0,2.0,-2.278,-0.399,0.02906,1.0206,-2.208,-0.6423,0.0,0.0,89.0,595.0
28399.0,2.0,-2.2948,-0.784,0.03904,0.9927,-3.236,-0.6521,0.0,0.0,89.0,578.0
28409.0,2.0,-2.3163,-1.14,0.04868,0.9556,-4.085,-0.6618,0.0,0.0,89.0,569.0
28419.0,2.0,-2.3393,-1.494,0.05798,0.9107,-4.787,-0.6717,0.0,0.0,89.0,573.0
28429.0,2.0,-2.37,-1.882,0.06761,0.8543,-5.392,-0.6825,0.0,0.0,89.0,585.0
28440.0,2.0,-2.4022,-2.26,0.07586,0.7979,-5.825,-0.6917,0.0,0.0,89.0,596.0
28450.0,2.0,-2.4375,-2.611,0.08351,0.7382,-6.0,-0.7007,0.0,0.0,89.0,594.0
28460.0,2.0,-2.4743,-2.95,0.09056,0.6782,-6.0,-0.7093,0.0,0.0,89.0,580.0
28470.0,2.0,-2.5203,-3.332,0.09765,0.6122,-6.0,-0.717,0.0,0.0,89.0,587.0
28480.0,2.0,-2.5648,-3.667,0.10343,0.5522,-6.0,-0.723,0.0,0.0,89.0,595.0
28491.0,2.0,-2.6062,-3.93,0.10864,0.4922,-6.0,-0.7306,0.0,0.0,89.0,577.0
28501.0,2.0,-2.6492,-4.027,0.11325,0.4322,-6.0,-0.745,0.0,0.0,89.0,586.0
28511.0,2.0,-2.6921,-4.069,0.11726,0.3722,-6.0,-0.761,0.0,0.0,89.0,586.0
28521.0,2.0,-2.7366,-4.181,0.12071,0.3122,-6.0,-0.7717,0.0,0.0,89.0,604.0
28531.0,2.0,-2.7872,-4.386,0.12353,0.2522,-6.0,-0.775,0.0,0.0,89.0,602.0
28541.0,2.0,-2.8517,-4.741,0.12578,0.1922,-6.0,-0.7657,0.0,0.0,89.0,602.0
28551.0,2.0,-2.9314,-5.52,0.12743,0.1322,-6.0,-0.7175,0.0,0.0,89.0,586.0
28561.0,2.0,-2.9836,-5.954,0.12855,0.0662,-6.0,-0.6897,0.0,0.0,89.0,586.0
28572.0,2.0,-3.045,-5.633,0.12893,0.0062,-6.0,-0.7268,0.0,0.0,89.0,579.0
28582.0,2.0,-3.1048,-5.722,0.1287,-0.0538,-6.0,-0.7223,0.0,0.0,89.0,588.0
28592.0,2.0,3.1109,-5.993,0.12791,-0.1138,-6.0,-0.6957,0.0,0.0,89.0,589.0
28602.0,2.0,3.025,-6.386,0.12638,-0.1798,-6.0,-0.649,0.0,0.0,89.0,571.0
28612.0,2.0,2.9146,-7.46,0.12431,-0.2398,-6.0,-0.5069,0.0,0.0,89.0,573.0
28622.0,2.0,2.8624,-7.794,0.12169,-0.2998,-6.0,-0.4416,0.0,0.0,89.0,578.0
28633.0,2.0,2.7857,-7.559,0.11846,-0.3598,-6.0,-0.4493,0.0,0.0,89.0,573.0
28643.0,2.0,2.7059,-7.487,0.11464,-0.4198,-6.0,-0.4298,0.0,0.0,89.0,573.0
28653.0,2.0,2.6277,-7.574,0.11021,-0.4792,-5.835,-0.3827,0.0,0.0,89.0,586.0
28663.0,2.0,2.5464,-7.602,0.1047,-0.5416,-5.541,-0.334,0.0,0.0,89.0,586.0
28673.0,2.0,2.4835,-7.405,0.09911,-0.5957,-5.314,-0.3179,0.0,0.0,89.0,586.0
28684.0,2.0,2.4283,-6.955,0.093,-0.6479,-5.139,-0.3352,0.0,0.0,89.0,578.0
28694.0,2.0,2.3869,-6.351,0.08636,-0.6984,-4.985,-0.3705,0.0,0.0,89.0,594.0
28704.0,2.0,2.3501,-5.566,0.07924,-0.7475,-4.853,-0.4247,0.0,0.0,89.0,586.0
28714.0,2.0,2.2979,-5.101,0.07084,-0.7995,-4.589,-0.4344,0.0,0.0,89.0,585.0
28724.0,2.0,2.2672,-4.617,0.06274,-0.844,-4.342,-0.4485,0.0,0.0,89.0,578.0
28734.0,2.0,2.2442,-4.021,0.05423,-0.886,-4.088,-0.4727,0.0,0.0,89.0,586.0
28744.0,2.0,2.2258,-3.424,0.04526,-0.9253,-3.788,-0.4955,0.0,0.0,89.0,592.0
28755.0,2.0,2.2135,-2.79,0.03596,-0.9612,-3.417,-0.5198,0.0,0.0,89.0,577.0
28765.0,2.0,2.2074,-2.169,0.02633,-0.9927,-2.919,-0.5415,0.0,0.0,89.0,578.0
28775.0,2.0,2.2074,-1.477,0.01538,-1.0203,-2.131,-0.5643,0.0,0.0,89.0,582.0
28786.0,2.0,2.212,-0.903,0.00521,-1.0366,-1.175,-0.5807,0.0,0.0,89.0,578.0
28796.0,2.0,2.2181,-0.42,-0.0051,-1.0424,-0.105,-0.5931,0.0,0.0,89.0,584.0
28806.0,2.0,2.2304,0.039,-0.01541,-1.0372,1.054,-0.6045,0.0,0.0,89.0,597.0
28816.0,2.0,2.2442,0.472,-0.02662,-1.0184,2.226,-0.6157,0.0,0.0,89.0,599.0
28827.0,2.0,2.2596,0.814,-0.0366,-0.9911,3.132,-0.6253,0.0,0.0,89.0,563.0
28837.0,2.0,2.278,1.159,-0.04725,-0.9514,3.975,-0.6363,0.0,0.0,89.0,611.0
28847.0,2.0,2.3025,1.458,-0.05648,-0.908,4.615,-0.6466,0.0,0.0,89.0,586.0
28857.0,2.0,2.3286,1.764,-0.06529,-0.8587,5.16,-0.6573,0.0,0.0,89.0,594.0
28867.0,2.0,2.3577,2.094,-0.07354,-0.8045,5.616,-0.6678,0.0,0.0,89.0,594.0
28878.0,2.0,2.3915,2.438,-0.08126,-0.7462,5.983,-0.678,0.0,0.0,89.0,594.0
28888.0,2.0,2.4314,2.801,-0.08839,-0.6862,6.0,-0.6871,0.0,0.0,89.0,594.0
28898.0,2.0,2.4712,3.174,-0.09491,-0.6262,6.0,-0.6949,0.0,0.0,89.0,580.0
28908.0,2.0,2.5142,3.523,-0.10088,-0.5662,6.0,-0.7021,0.0,0.0,89.0,588.0
28918.0,2.0,2.5587,3.83,-0.10624,-0.5062,6.0,-0.7095,0.0,0.0,89.0,593.0
28928.0,2.0,2.6078,4.127,-0.11096,-0.4462,6.0,-0.7156,0.0,0.0,89.0,585.0
28938.0,2.0,2.663,4.435,-0.11554,-0.3802,6.0,-0.7209,0.0,0.0,89.0,587.0
28948.0,2.0,2.7197,4.728,-0.11902,-0.3202,6.0,-0.7221,0.0,0.0,89.0,601.0
28959.0,2.0,2.7673,4.889,-0.12195,-0.2602,6.0,-0.7297,0.0,0.0,89.0,586.0
28969.0,2.0,2.8256,5.089,-0.12446,-0.1942,6.0,-0.7332,0.0,0.0,89.0,609.0
28979.0,2.0,2.89,5.344,-0.12611,-0.1342,6.0,-0.7273,0.0,0.0,89.0,587.0
28989.0,2.0,2.9683,5.859,-0.1272,-0.0742,6.0,-0.6938,0.0,0.0,89.0,603.0
29000.0,2.0,3.048,6.435,-0.12765,-0.0142,6.0,-0.6448,0.0,0.0,89.0,586.0
29010.0,2.0,3.1155,6.879,-0.12754,0.0458,6.0,-0.5995,0.0,0.0,89.0,572.0
29020.0,2.0,-3.1078,6.616,-0.12683,0.1058,6.0,-0.6288,0.0,0.0,89.0,594.0
29030.0,2.0,-2.9713,7.789,-0.12536,0.1718,6.0,-0.4744,0.0,0.0,89.0,585.0
29041.0,2.0,-2.9268,7.554,-0.12341,0.2318,6.0,-0.4915,0.0,0.0,89.0,577.0
29051.0,2.0,-2.8363,7.66,-0.12056,0.2978,6.0,-0.4544,0.0,0.0,89.0,593.0
29061.0,2.0,-2.7566,7.637,-0.11734,0.3578,6.0,-0.4314,0.0,0.0,89.0,578.0
29072.0,2.0,-2.7121,7.08,-0.11355,0.4178,6.0,-0.4779,0.0,0.0,89.0,572.0
29082.0,2.0,-2.617,7.315,-0.10916,0.4774,5.864,-0.4123,0.0,0.0,89.0,578.0
29092.0,2.0,-2.5694,7.07,-0.10421,0.5348,5.677,-0.4077,0.0,0.0,89.0,578.0
29102.0,2.0,-2.5111,6.483,-0.09806,0.5965,5.531,-0.4425,0.0,0.0,89.0,572.0
29112.0,2.0,-2.4436,6.302,-0.09191,0.6506,5.286,-0.426,0.0,0.0,89.0,593.0
29123.0,2.0,-2.4068,5.97,-0.08524,0.702,5.06,-0.426,0.0,0.0,89.0,594.0
29133.0,2.0,-2.3685,5.284,-0.07811,0.7518,4.901,-0.4671,0.0,0.0,89.0,585.0
29143.0,2.0,-2.3347,4.77,-0.07046,0.7996,4.68,-0.4862,0.0,0.0,89.0,584.0
29153.0,2.0,-2.3132,4.013,-0.06154,0.8496,4.441,-0.524,0.0,0.0,89.0,578.0
29164.0,2.0,-2.2918,3.356,-0.05295,0.8926,4.171,-0.5528,0.0,0.0,89.0,569.0
29174.0,2.0,-2.2749,2.79,-0.04298,0.9362,3.787,-0.57,0.0,0.0,89.0,601.0
29184.0,2.0,-2.2642,2.295,-0.03356,0.9718,3.354,-0.5835,0.0,0.0,89.0,577.0
29194.0,2.0,-2.258,1.789,-0.02378,1.0023,2.791,-0.5975,0.0,0.0,89.0,595.0
29205.0,2.0,-2.2565,1.325,-0.01373,1.0264,2.084,-0.6089,0.0,0.0,89.0,570.0
29215.0,2.0,-2.2611,0.845,-0.00353,1.0423,1.158,-0.621,0.0,0.0,89.0,578.0
29225.0,2.0,-2.2718,0.295,0.00788,1.0476,-0.113,-0.6348,0.0,0.0,89.0,586.0
29235.0,2.0,-2.2841,-0.179,0.01819,1.0399,-1.313,-0.6462,0.0,0.0,89.0,586.0
29246.0,2.0,-2.2979,-0.59,0.02843,1.0201,-2.513,-0.6562,0.0,0.0,89.0,578.0
29256.0,2.0,-2.3163,-0.969,0.03836,0.9888,-3.558,-0.666,0.0,0.0,89.0,586.0
29266.0,2.0,-2.3378,-1.308,0.048,0.9489,-4.321,-0.6755,0.0,0.0,89.0,586.0
29276.0,2.0,-2.3639,-1.643,0.05719,0.9021,-4.94,-0.6852,0.0,0.0,89.0,586.0
29286.0,2.0,-2.3915,-2.015,0.06675,0.8444,-5.479,-0.6958,0.0,0.0,89.0,595.0
29296.0,2.0,-2.4268,-2.366,0.07489,0.7874,-5.864,-0.7049,0.0,0.0,89.0,587.0
29307.0,2.0,-2.462,-2.697,0.08239,0.7276,-6.0,-0.7138,0.0,0.0,89.0,586.0
29317.0,2.0,-2.5019,-3.029,0.08933,0.6676,-6.0,-0.7217,0.0,0.0,89.0,586.0
29327.0,2.0,-2.5433,-3.373,0.0957,0.6076,-6.0,-0.728,0.0,0.0,89.0,580.0
29337.0,2.0,-2.5878,-3.698,0.10144,0.5476,-6.0,-0.7335,0.0,0.0,89.0,588.0
29347.0,2.0,-2.6323,-3.923,0.1071,0.4816,-6.0,-0.744,0.0,0.0,89.0,580.0
29357.0,2.0,-2.6722,-3.977,0.1116,0.4216,-6.0,-0.7597,0.0,0.0,89.0,586.0
29368.0,2.0,-2.7121,-3.973,0.1155,0.3616,-6.0,-0.777,0.0,0.0,89.0,584.0
29378.0,2.0,-2.7566,-4.052,0.11884,0.3016,-6.0,-0.7884,0.0,0.0,89.0,602.0
29388.0,2.0,-2.8087,-4.283,0.12154,0.2416,-6.0,-0.7893,0.0,0.0,89.0,586.0
29398.0,2.0,-2.8885,-4.815,0.12386,0.1756,-6.0,-0.768,0.0,0.0,89.0,580.0
29409.0,2.0,-2.9637,-5.696,0.12533,0.1156,-6.0,-0.7077,0.0,0.0,89.0,580.0
29419.0,2.0,-2.9897,-5.443,0.12626,0.0496,-6.0,-0.7403,0.0,0.0,89.0,609.0
29429.0,2.0,-3.0588,-5.516,0.12652,-0.0104,-6.0,-0.7396,0.0,0.0,89.0,572.0
29439.0,2.0,-3.1309,-5.76,0.12615,-0.0704,-6.0,-0.7192,0.0,0.0,89.0,594.0
29450.0,2.0,3.0864,-6.049,0.12521,-0.1304,-6.0,-0.6889,0.0,0.0,89.0,579.0
29460.0,2.0,2.9805,-6.878,0.12368,-0.1904,-6.0,-0.5893,0.0,0.0,89.0,572.0
29470.0,2.0,2.8931,-7.819,0.12154,-0.2504,-6.0,-0.452,0.0,0.0,89.0,594.0
29480.0,2.0,2.8225,-7.769,0.1185,-0.3164,-6.0,-0.4344,0.0,0.0,89.0,572.0
29490.0,2.0,2.755,-7.478,0.11509,-0.3764,-6.0,-0.4479,0.0,0.0,89.0,572.0
29500.0,2.0,2.6783,-7.391,0.11111,-0.4364,-5.976,-0.4287,0.0,0.0,89.0,585.0
29511.0,2.0,2.6032,-7.406,0.10654,-0.4948,-5.733,-0.3906,0.0,0.0,89.0,573.0
29521.0,2.0,2.5372,-7.294,0.10084,-0.5563,-5.473,-0.3617,0.0,0.0,89.0,579.0
29531.0,2.0,2.4743,-6.958,0.0951,-0.6099,-5.281,-0.3652,0.0,0.0,89.0,580.0
29542.0,2.0,2.4222,-6.472,0.08888,-0.6618,-5.11,-0.3865,0.0,0.0,89.0,580.0
29552.0,2.0,2.3884,-5.71,0.08138,-0.717,-4.954,-0.4351,0.0,0.0,89.0,577.0
29562.0,2.0,2.3455,-5.029,0.07406,-0.7656,-4.784,-0.4739,0.0,0.0,89.0,585.0
29573.0,2.0,2.3025,-4.719,0.06626,-0.812,-4.514,-0.4707,0.0,0.0,89.0,572.0
29583.0,2.0,2.2795,-4.205,0.05805,-0.8557,-4.263,-0.4878,0.0,0.0,89.0,578.0
29593.0,2.0,2.258,-3.512,0.04849,-0.9009,-3.964,-0.5169,0.0,0.0,89.0,578.0
29604.0,2.0,2.2427,-2.944,0.03941,-0.9387,-3.623,-0.5365,0.0,0.0,89.0,556.0
29614.0,2.0,2.2396,-2.283,0.02996,-0.9725,-3.167,-0.5614,0.0,0.0,89.0,562.0
29624.0,2.0,2.2335,-1.704,0.02018,-1.0009,-2.55,-0.5796,0.0,0.0,89.0,578.0
29634.0,2.0,2.2396,-1.109,0.01016,-1.0218,-1.673,-0.5974,0.0,0.0,89.0,601.0
29644.0,2.0,2.2442,-0.574,4e-05,-1.0326,-0.577,-0.6117,0.0,0.0,89.0,556.0
29654.0,2.0,2.2534,-0.102,-0.01129,-1.0316,0.649,-0.6231,0.0,0.0,89.0,613.0
29665.0,2.0,2.2626,0.246,-0.02141,-1.0194,1.656,-0.6318,0.0,0.0,89.0,575.0
29675.0,2.0,2.2749,0.551,-0.03146,-0.9978,2.56,-0.6402,0.0,0.0,89.0,594.0
29685.0,2.0,2.2872,0.816,-0.04118,-0.9677,3.331,-0.6487,0.0,0.0,89.0,586.0
29695.0,2.0,2.3056,1.044,-0.05156,-0.927,4.01,-0.6581,0.0,0.0,89.0,594.0
29706.0,2.0,2.3255,1.297,-0.06056,-0.8835,4.624,-0.6676,0.0,0.0,89.0,586.0
29716.0,2.0,2.3501,1.581,-0.06911,-0.8341,5.185,-0.6775,0.0,0.0,89.0,594.0
29726.0,2.0,2.3777,1.939,-0.07793,-0.7738,5.714,-0.6884,0.0,0.0,89.0,611.0
29736.0,2.0,2.413,2.309,-0.08531,-0.7146,6.0,-0.6975,0.0,0.0,89.0,564.0
29746.0,2.0,2.4513,2.706,-0.09214,-0.6546,6.0,-0.7053,0.0,0.0,89.0,594.0
29757.0,2.0,2.4912,3.087,-0.09836,-0.5946,6.0,-0.7122,0.0,0.0,89.0,585.0
29767.0,2.0,2.5341,3.438,-0.10399,-0.5346,6.0,-0.7186,0.0,0.0,89.0,593.0
29777.0,2.0,2.5817,3.8,-0.10901,-0.4746,6.0,-0.7228,0.0,0.0,89.0,586.0
29787.0,2.0,2.6354,4.161,-0.11385,-0.4086,6.0,-0.7266,0.0,0.0,89.0,587.0
29797.0,2.0,2.686,4.448,-0.11764,-0.3486,6.0,-0.7299,0.0,0.0,89.0,586.0
29807.0,2.0,2.7397,4.748,-0.12086,-0.2886,6.0,-0.7297,0.0,0.0,89.0,594.0
29818.0,2.0,2.7964,4.969,-0.12345,-0.2286,6.0,-0.7317,0.0,0.0,89.0,586.0
29828.0,2.0,2.8563,5.19,-0.12544,-0.1686,6.0,-0.7307,0.0,0.0,89.0,595.0
29838.0,2.0,2.9284,5.601,-0.12686,-0.1086,6.0,-0.7099,0.0,0.0,89.0,586.0
29848.0,2.0,3.0526,6.815,-0.12773,-0.0426,6.0,-0.6003,0.0,0.0,89.0,586.0
29858.0,2.0,3.1324,7.777,-0.12791,0.0174,6.0,-0.4882,0.0,0.0,89.0,592.0
29868.0,2.0,3.1309,6.998,-0.1275,0.0774,6.0,-0.5849,0.0,0.0,89.0,600.0
29879.0,2.0,-3.0434,6.271,-0.12645,0.1374,6.0,-0.6641,0.0,0.0,89.0,577.0
29889.0,2.0,-2.956,7.574,-0.12484,0.1974,6.0,-0.4964,0.0,0.0,89.0,578.0
29899.0,2.0,-2.9038,7.06,-0.12263,0.2574,6.0,-0.5477,0.0,0.0,89.0,593.0
29909.0,2.0,-2.8302,7.297,-0.11951,0.3234,6.0,-0.4932,0.0,0.0,89.0,580.0
29919.0,2.0,-2.7351,7.374,-0.11606,0.3834,6.0,-0.4564,0.0,0.0,89.0,593.0
29930.0,2.0,-2.6829,7.002,-0.11201,0.4434,6.0,-0.4757,0.0,0.0,89.0,571.0
29940.0,2.0,-2.5986,7.098,-0.10736,0.5028,5.829,-0.4284,0.0,0.0,89.0,585.0
29950.0,2.0,-2.5418,6.989,-0.10215,0.5597,5.596,-0.4045,0.0,0.0,89.0,586.0
29960.0,2.0,-2.5035,6.398,-0.09638,0.6149,5.471,-0.4423,0.0,0.0,89.0,567.0
29970.0,2.0,-2.4406,5.79,-0.08936,0.6743,5.296,-0.4754,0.0,0.0,89.0,561.0
29980.0,2.0,-2.3915,5.675,-0.08246,0.7256,5.013,-0.4503,0.0,0.0,89.0,578.0
29990.0,2.0,-2.3623,5.09,-0.07504,0.7746,4.818,-0.4785,0.0,0.0,89.0,586.0
30001.0,2.0,-2.3317,4.471,-0.0672,0.8217,4.609,-0.508,0.0,0.0,89.0,578.0
30011.0,2.0,-2.3117,3.767,-0.05798,0.8708,4.343,-0.5396,0.0,0.0,89.0,601.0
30021.0,2.0,-2.2964,3.084,-0.0492,0.9127,4.049,-0.5695,0.0,0.0,89.0,585.0
30032.0,2.0,-2.2826,2.522,-0.04001,0.9511,3.663,-0.5883,0.0,0.0,89.0,562.0
30042.0,2.0,-2.2718,2.051,-0.03041,0.9852,3.183,-0.6003,0.0,0.0,89.0,563.0
30052.0,2.0,-2.2703,1.496,-0.01954,1.0161,2.467,-0.6153,0.0,0.0,89.0,577.0
30062.0,2.0,-2.2718,1.009,-0.00938,1.0362,1.608,-0.6277,0.0,0.0,89.0,580.0
30073.0,2.0,-2.2795,0.524,0.00094,1.0465,0.518,-0.6398,0.0,0.0,89.0,586.0
30083.0,2.0,-2.2918,0.018,0.01129,1.0451,-0.682,-0.6521,0.0,0.0,89.0,602.0
30093.0,2.0,-2.3071,-0.477,0.02269,1.0297,-2.002,-0.6637,0.0,0.0,89.0,611.0
30103.0,2.0,-2.3255,-0.868,0.03274,1.0031,-3.202,-0.6733,0.0,0.0,89.0,586.0
30113.0,2.0,-2.3455,-1.211,0.04253,0.9658,-4.071,-0.6827,0.0,0.0,89.0,594.0
30123.0,2.0,-2.3685,-1.532,0.0519,0.9214,-4.718,-0.6922,0.0,0.0,89.0,602.0
30134.0,2.0,-2.3945,-1.846,0.06079,0.8713,-5.236,-0.7017,0.0,0.0,89.0,587.0
30144.0,2.0,-2.4252,-2.177,0.06922,0.8165,-5.659,-0.7109,0.0,0.0,89.0,594.0
30154.0,2.0,-2.459,-2.511,0.07703,0.758,-5.993,-0.7196,0.0,0.0,89.0,586.0
30164.0,2.0,-2.5004,-2.872,0.08498,0.692,-6.0,-0.7285,0.0,0.0,89.0,580.0
30174.0,2.0,-2.5403,-3.207,0.09158,0.632,-6.0,-0.7352,0.0,0.0,89.0,602.0
30185.0,2.0,-2.5832,-3.552,0.09754,0.572,-6.0,-0.7401,0.0,0.0,89.0,586.0
30195.0,2.0,-2.6292,-3.848,0.10294,0.512,-6.0,-0.7453,0.0,0.0,89.0,580.0
30205.0,2.0,-2.6661,-3.93,0.10774,0.452,-6.0,-0.7596,0.0,0.0,89.0,582.0
30215.0,2.0,-2.7075,-3.932,0.11235,0.386,-6.0,-0.7783,0.0,0.0,89.0,586.0
30226.0,2.0,-2.752,-3.997,0.11591,0.326,-6.0,-0.7905,0.0,0.0,89.0,586.0
30236.0,2.0,-2.7964,-4.138,0.11918,0.26,-6.0,-0.7983,0.0,0.0,89.0,609.0
30246.0,2.0,-2.8593,-4.447,0.12146,0.2,-6.0,-0.7919,0.0,0.0,89.0,580.0
30256.0,2.0,-2.9437,-5.15,0.12319,0.14,-6.0,-0.7522,0.0,0.0,89.0,585.0
30267.0,2.0,-2.9867,-5.705,0.12431,0.08,-6.0,-0.7142,0.0,0.0,89.0,586.0
30277.0,2.0,-3.0342,-5.366,0.12488,0.014,-6.0,-0.7519,0.0,0.0,89.0,609.0
30287.0,2.0,-3.1063,-5.495,0.12476,-0.046,-6.0,-0.7438,0.0,0.0,89.0,578.0
30297.0,2.0,3.1109,-5.772,0.12405,-0.106,-6.0,-0.7177,0.0,0.0,89.0,588.0
30308.0,2.0,3.0296,-6.175,0.12274,-0.166,-6.0,-0.6723,0.0,0.0,89.0,572.0
30318.0,2.0,2.9222,-7.257,0.12086,-0.226,-6.0,-0.5343,0.0,0.0,89.0,584.0
30328.0,2.0,2.8532,-7.704,0.11809,-0.292,-6.0,-0.4537,0.0,0.0,89.0,600.0
30339.0,2.0,2.7888,-7.527,0.11494,-0.352,-6.0,-0.4532,0.0,0.0,89.0,580.0
30349.0,2.0,2.709,-7.4,0.11119,-0.412,-6.0,-0.4414,0.0,0.0,89.0,572.0
30359.0,2.0,2.6231,-7.458,0.10639,-0.4766,-5.747,-0.3953,0.0,0.0,89.0,572.0
30369.0,2.0,2.5525,-7.434,0.10144,-0.5327,-5.498,-0.3591,0.0,0.0,89.0,579.0
30379.0,2.0,2.4973,-7.125,0.09593,-0.5866,-5.307,-0.3601,0.0,0.0,89.0,578.0
30389.0,2.0,2.4467,-6.617,0.08992,-0.6388,-5.152,-0.3855,0.0,0.0,89.0,584.0
30400.0,2.0,2.4099,-5.964,0.08336,-0.6895,-5.011,-0.4266,0.0,0.0,89.0,572.0
30410.0,2.0,2.3669,-5.267,0.07635,-0.7389,-4.858,-0.469,0.0,0.0,89.0,578.0
30420.0,2.0,2.3224,-4.933,0.06803,-0.7905,-4.569,-0.4644,0.0,0.0,89.0,585.0
30431.0,2.0,2.2948,-4.354,0.06,-0.8349,-4.341,-0.4886,0.0,0.0,89.0,572.0
30441.0,2.0,2.2734,-3.754,0.05156,-0.8769,-4.085,-0.5131,0.0,0.0,89.0,563.0
30451.0,2.0,2.2565,-3.118,0.04271,-0.9161,-3.777,-0.5389,0.0,0.0,89.0,578.0
30461.0,2.0,2.2457,-2.504,0.03255,-0.9552,-3.34,-0.5588,0.0,0.0,89.0,578.0
30472.0,2.0,2.2411,-1.911,0.02295,-0.9857,-2.792,-0.5782,0.0,0.0,89.0,572.0
30482.0,2.0,2.2427,-1.312,0.01309,-1.0095,-2.013,-0.5966,0.0,0.0,89.0,572.0
30492.0,2.0,2.2473,-0.728,0.00203,-1.0252,-0.907,-0.6123,0.0,0.0,89.0,585.0
30502.0,2.0,2.2565,-0.251,-0.00814,-1.0279,0.249,-0.6242,0.0,0.0,89.0,587.0
30512.0,2.0,2.2703,0.235,-0.0183,-1.0188,1.449,-0.6361,0.0,0.0,89.0,586.0
30523.0,2.0,2.2856,0.644,-0.02827,-0.9978,2.649,-0.6463,0.0,0.0,89.0,584.0
30533.0,2.0,2.3025,0.99,-0.03802,-0.9661,3.535,-0.6559,0.0,0.0,89.0,585.0
30543.0,2.0,2.324,1.309,-0.04834,-0.9225,4.286,-0.6665,0.0,0.0,89.0,588.0
30553.0,2.0,2.3501,1.619,-0.0573,-0.8763,4.88,-0.6764,0.0,0.0,89.0,594.0
30563.0,2.0,2.3777,1.935,-0.06577,-0.8247,5.367,-0.6864,0.0,0.0,89.0,609.0
30574.0,2.0,2.4068,2.24,-0.07369,-0.7688,5.752,-0.6965,0.0,0.0,89.0,586.0
30584.0,2.0,2.4406,2.556,-0.08108,-0.7096,6.0,-0.7061,0.0,0.0,89.0,601.0
30594.0,2.0,2.4789,2.918,-0.0885,-0.6436,6.0,-0.7155,0.0,0.0,89.0,609.0
30604.0,2.0,2.5203,3.217,-0.09458,-0.5836,6.0,-0.724,0.0,0.0,89.0,595.0
30615.0,2.0,2.5617,3.502,-0.10009,-0.5236,6.0,-0.732,0.0,0.0,89.0,586.0
30625.0,2.0,2.6078,3.783,-0.10504,-0.4636,6.0,-0.7386,0.0,0.0,89.0,602.0
30635.0,2.0,2.6523,4.037,-0.10939,-0.4036,6.0,-0.7449,0.0,0.0,89.0,603.0
30645.0,2.0,2.7059,4.333,-0.1131,-0.3436,6.0,-0.7467,0.0,0.0,89.0,586.0
30655.0,2.0,2.7581,4.55,-0.11651,-0.2776,6.0,-0.7527,0.0,0.0,89.0,601.0
30666.0,2.0,2.8087,4.691,-0.11902,-0.2176,6.0,-0.7593,0.0,0.0,89.0,586.0
30676.0,2.0,2.8609,4.838,-0.1209,-0.1576,6.0,-0.7631,0.0,0.0,89.0,587.0
30686.0,2.0,2.9468,5.436,-0.12229,-0.0916,6.0,-0.7292,0.0,0.0,89.0,595.0
30697.0,2.0,3.0097,5.845,-0.12296,-0.0316,6.0,-0.7018,0.0,0.0,89.0,586.0
30707.0,2.0,3.0572,5.949,-0.12296,0.0284,6.0,-0.6979,0.0,0.0,89.0,572.0
30717.0,2.0,-3.1339,6.054,-0.12236,0.0944,6.0,-0.6899,0.0,0.0,89.0,584.0
30727.0,2.0,-3.0557,6.808,-0.12116,0.1544,6.0,-0.6044,0.0,0.0,89.0,594.0
30738.0,2.0,-2.9652,7.369,-0.11936,0.2144,6.0,-0.5259,0.0,0.0,89.0,586.0
30748.0,2.0,-2.8962,7.608,-0.11696,0.2744,6.0,-0.4779,0.0,0.0,89.0,580.0
30758.0,2.0,-2.8241,7.65,-0.114,0.3344,6.0,-0.4501,0.0,0.0,89.0,572.0
30768.0,2.0,-2.7428,7.402,-0.11006,0.4004,6.0,-0.4547,0.0,0.0,89.0,578.0
30778.0,2.0,-2.6952,7.016,-0.10582,0.4597,5.9,-0.476,0.0,0.0,89.0,578.0
30788.0,2.0,-2.62,6.702,-0.10103,0.5181,5.744,-0.485,0.0,0.0,89.0,578.0
30798.0,2.0,-2.5479,6.951,-0.0957,0.5737,5.417,-0.4152,0.0,0.0,89.0,577.0
30808.0,2.0,-2.5019,6.542,-0.08978,0.6268,5.241,-0.4296,0.0,0.0,89.0,585.0
30818.0,2.0,-2.4498,6.084,-0.08336,0.6783,5.059,-0.4479,0.0,0.0,89.0,586.0
30829.0,2.0,-2.4083,5.618,-0.07643,0.7277,4.859,-0.4647,0.0,0.0,89.0,578.0
30839.0,2.0,-2.3715,5.065,-0.069,0.7752,4.659,-0.4897,0.0,0.0,89.0,578.0
30849.0,2.0,-2.3424,4.436,-0.06034,0.825,4.419,-0.5167,0.0,0.0,89.0,577.0
30859.0,2.0,-2.3224,3.744,-0.05198,0.8679,4.187,-0.5504,0.0,0.0,89.0,578.0
30870.0,2.0,-2.304,3.109,-0.0432,0.9083,3.894,-0.5766,0.0,0.0,89.0,580.0
30880.0,2.0,-2.2933,2.57,-0.03405,0.9452,3.52,-0.5938,0.0,0.0,89.0,586.0
30890.0,2.0,-2.2841,2.065,-0.02456,0.9779,3.045,-0.608,0.0,0.0,89.0,601.0
30900.0,2.0,-2.281,1.564,-0.01478,1.005,2.418,-0.6215,0.0,0.0,89.0,586.0
30910.0,2.0,-2.2826,1.024,-0.00371,1.0263,1.49,-0.6354,0.0,0.0,89.0,574.0
30920.0,2.0,-2.2902,0.535,0.00649,1.0352,0.395,-0.6476,0.0,0.0,89.0,585.0
30931.0,2.0,-2.3025,0.029,0.01672,1.0326,-0.805,-0.6599,0.0,0.0,89.0,589.0
30941.0,2.0,-2.3178,-0.436,0.02689,1.0179,-2.005,-0.6707,0.0,0.0,89.0,586.0
30951.0,2.0,-2.3332,-0.814,0.03686,0.9913,-3.205,-0.68,0.0,0.0,89.0,586.0
30961.0,2.0,-2.3531,-1.186,0.04751,0.9494,-4.207,-0.6901,0.0,0.0,89.0,609.0
30971.0,2.0,-2.3777,-1.485,0.0567,0.9038,-4.833,-0.6993,0.0,0.0,89.0,594.0
30982.0,2.0,-2.4037,-1.81,0.06544,0.8524,-5.364,-0.7085,0.0,0.0,89.0,577.0
30992.0,2.0,-2.4329,-2.143,0.07361,0.7964,-5.786,-0.7175,0.0,0.0,89.0,593.0
31002.0,2.0,-2.4666,-2.453,0.08126,0.7369,-6.0,-0.7264,0.0,0.0,89.0,596.0
31012.0,2.0,-2.505,-2.797,0.08895,0.6709,-6.0,-0.7354,0.0,0.0,89.0,593.0
31023.0,2.0,-2.5464,-3.149,0.09533,0.6109,-6.0,-0.7414,0.0,0.0,89.0,586.0
31033.0,2.0,-2.5878,-3.48,0.10114,0.5509,-6.0,-0.7466,0.0,0.0,89.0,588.0
31043.0,2.0,-2.6323,-3.807,0.10684,0.4849,-6.0,-0.752,0.0,0.0,89.0,609.0
31053.0,2.0,-2.6722,-3.861,0.11138,0.4249,-6.0,-0.7673,0.0,0.0,89.0,580.0
31064.0,2.0,-2.709,-3.874,0.11531,0.3649,-6.0,-0.7833,0.0,0.0,89.0,586.0
31074.0,2.0,-2.752,-3.922,0.11869,0.3049,-6.0,-0.7961,0.0,0.0,89.0,602.0
31084.0,2.0,-2.7995,-4.08,0.12169,0.2389,-6.0,-0.8027,0.0,0.0,89.0,601.0
31094.0,2.0,-2.8624,-4.413,0.12379,0.1789,-6.0,-0.7949,0.0,0.0,89.0,602.0
31105.0,2.0,-2.9452,-5.082,0.12529,0.1189,-6.0,-0.7581,0.0,0.0,89.0,586.0
31115.0,2.0,-2.9943,-5.608,0.12623,0.0589,-6.0,-0.7233,0.0,0.0,89.0,580.0
31125.0,2.0,-3.0373,-5.282,0.12652,-0.0071,-6.0,-0.7593,0.0,0.0,89.0,572.0
31135.0,2.0,-3.1002,-5.371,0.12619,-0.0671,-6.0,-0.7551,0.0,0.0,89.0,572.0
31145.0,2.0,3.1155,-5.673,0.12525,-0.1271,-6.0,-0.7274,0.0,0.0,89.0,590.0
31156.0,2.0,3.0388,-6.033,0.12375,-0.1871,-6.0,-0.6877,0.0,0.0,89.0,572.0
31166.0,2.0,2.9376,-6.993,0.12161,-0.2471,-6.0,-0.5685,0.0,0.0,89.0,580.0
31176.0,2.0,2.8394,-7.828,0.11891,-0.3071,-6.0,-0.4401,0.0,0.0,89.0,588.0
31186.0,2.0,2.7688,-8.1,0.11565,-0.3671,-6.0,-0.3746,0.0,0.0,89.0,572.0
31196.0,2.0,2.6891,-8.047,0.1113,-0.4322,-5.818,-0.3461,0.0,0.0,89.0,585.0
31206.0,2.0,2.6262,-7.717,0.1068,-0.4895,-5.677,-0.3573,0.0,0.0,89.0,580.0
31217.0,2.0,2.5663,-7.265,0.1017,-0.5455,-5.545,-0.3821,0.0,0.0,89.0,578.0
31227.0,2.0,2.5065,-6.83,0.09608,-0.6001,-5.386,-0.4008,0.0,0.0,89.0,578.0
31237.0,2.0,2.4528,-6.427,0.08992,-0.653,-5.198,-0.4123,0.0,0.0,89.0,586.0
31247.0,2.0,2.4099,-5.785,0.08254,-0.709,-5.017,-0.4471,0.0,0.0,89.0,580.0
31257.0,2.0,2.3593,-5.299,0.0753,-0.7581,-4.809,-0.465,0.0,0.0,89.0,586.0
31268.0,2.0,2.3286,-4.948,0.06761,-0.8047,-4.553,-0.4659,0.0,0.0,89.0,585.0
31278.0,2.0,2.2964,-4.392,0.05948,-0.849,-4.318,-0.4879,0.0,0.0,89.0,561.0
31288.0,2.0,2.2703,-3.791,0.04999,-0.8947,-4.023,-0.5093,0.0,0.0,89.0,577.0
31299.0,2.0,2.2565,-3.161,0.04099,-0.9333,-3.714,-0.5346,0.0,0.0,89.0,569.0
31309.0,2.0,2.2427,-2.61,0.03158,-0.9683,-3.323,-0.5524,0.0,0.0,89.0,578.0
31319.0,2.0,2.2411,-1.97,0.02186,-0.9987,-2.781,-0.5749,0.0,0.0,89.0,578.0
31329.0,2.0,2.2396,-1.348,0.01084,-1.0246,-1.966,-0.5934,0.0,0.0,89.0,585.0
31340.0,2.0,2.2442,-0.823,0.00064,-1.0392,-0.997,-0.6075,0.0,0.0,89.0,586.0
31350.0,2.0,2.2503,-0.352,-0.00964,-1.043,0.114,-0.6192,0.0,0.0,89.0,580.0
31360.0,2.0,2.2657,0.209,-0.02096,-1.0339,1.434,-0.633,0.0,0.0,89.0,585.0
31370.0,2.0,2.2841,0.663,-0.03113,-1.0129,2.634,-0.644,0.0,0.0,89.0,572.0
31380.0,2.0,2.3025,1.035,-0.04106,-0.9803,3.694,-0.6539,0.0,0.0,89.0,593.0
31391.0,2.0,2.3224,1.368,-0.05055,-0.9392,4.419,-0.6638,0.0,0.0,89.0,584.0
31401.0,2.0,2.3501,1.699,-0.05962,-0.8917,5.014,-0.6738,0.0,0.0,89.0,586.0
31411.0,2.0,2.3807,2.035,-0.06908,-0.8334,5.521,-0.6851,0.0,0.0,89.0,586.0
31421.0,2.0,2.4114,2.351,-0.0771,-0.7761,5.893,-0.695,0.0,0.0,89.0,594.0
31432.0,2.0,2.4467,2.68,-0.08453,-0.7162,6.0,-0.7043,0.0,0.0,89.0,586.0
31442.0,2.0,2.485,3.009,-0.09135,-0.6562,6.0,-0.7129,0.0,0.0,89.0,580.0
31452.0,2.0,2.5295,3.34,-0.09821,-0.5902,6.0,-0.7222,0.0,0.0,89.0,594.0
31462.0,2.0,2.571,3.602,-0.1038,-0.5302,6.0,-0.7308,0.0,0.0,89.0,594.0
31473.0,2.0,2.6154,3.864,-0.10879,-0.4702,6.0,-0.7381,0.0,0.0,89.0,586.0
31483.0,2.0,2.663,4.13,-0.11318,-0.4102,6.0,-0.7433,0.0,0.0,89.0,602.0
31493.0,2.0,2.7167,4.399,-0.11696,-0.3502,6.0,-0.7463,0.0,0.0,89.0,580.0
31503.0,2.0,2.7658,4.594,-0.12049,-0.2842,6.0,-0.7531,0.0,0.0,89.0,586.0
31513.0,2.0,2.8179,4.735,-0.12304,-0.2242,6.0,-0.7594,0.0,0.0,89.0,586.0
31524.0,2.0,2.8777,4.925,-0.12499,-0.1642,6.0,-0.7595,0.0,0.0,89.0,586.0
31534.0,2.0,2.9575,5.483,-0.12634,-0.1042,6.0,-0.7262,0.0,0.0,89.0,594.0
31544.0,2.0,3.0373,6.29,-0.12713,-0.0442,6.0,-0.6588,0.0,0.0,89.0,602.0
31554.0,2.0,3.1232,6.998,-0.12731,0.0158,6.0,-0.5853,0.0,0.0,89.0,586.0
31564.0,2.0,-3.1278,6.87,-0.1269,0.0758,6.0,-0.5998,0.0,0.0,89.0,588.0
31574.0,2.0,-3.0557,6.101,-0.12589,0.1358,6.0,-0.6817,0.0,0.0,89.0,577.0
31584.0,2.0,-2.9698,6.981,-0.12409,0.2018,6.0,-0.5711,0.0,0.0,89.0,572.0
31594.0,2.0,-2.887,6.854,-0.12184,0.2618,6.0,-0.5723,0.0,0.0,89.0,578.0
31604.0,2.0,-2.8287,6.916,-0.11899,0.3218,6.0,-0.5449,0.0,0.0,89.0,592.0
31614.0,2.0,-2.7566,6.962,-0.11554,0.3818,6.0,-0.5152,0.0,0.0,89.0,594.0
31624.0,2.0,-2.6952,6.894,-0.11149,0.4418,6.0,-0.4955,0.0,0.0,89.0,601.0
31635.0,2.0,-2.6246,6.838,-0.10688,0.5015,5.9,-0.4706,0.0,0.0,89.0,586.0
31645.0,2.0,-2.5602,6.875,-0.10166,0.559,5.632,-0.4292,0.0,0.0,89.0,578.0
31655.0,2.0,-2.5173,6.42,-0.09589,0.6143,5.472,-0.4498,0.0,0.0,89.0,586.0
31665.0,2.0,-2.482,5.492,-0.08895,0.6739,5.375,-0.5209,0.0,0.0,89.0,579.0
31676.0,2.0,-2.4083,5.438,-0.08205,0.7261,5.082,-0.4917,0.0,0.0,89.0,569.0
31686.0,2.0,-2.3777,5.17,-0.07463,0.7754,4.819,-0.4846,0.0,0.0,89.0,594.0
31696.0,2.0,-2.3485,4.59,-0.06679,0.8224,4.605,-0.5106,0.0,0.0,89.0,586.0
31706.0,2.0,-2.3224,3.909,-0.05756,0.8715,4.343,-0.541,0.0,0.0,89.0,586.0
31717.0,2.0,-2.3071,3.286,-0.04875,0.9134,4.059,-0.5666,0.0,0.0,89.0,562.0
31727.0,2.0,-2.2933,2.67,-0.03953,0.9521,3.7,-0.5898,0.0,0.0,89.0,577.0
31737.0,2.0,-2.2826,2.116,-0.02895,0.9898,3.19,-0.6055,0.0,0.0,89.0,601.0
31747.0,2.0,-2.278,1.638,-0.01901,1.0185,2.591,-0.6178,0.0,0.0,89.0,586.0
31758.0,2.0,-2.281,1.119,-0.00885,1.04,1.758,-0.6319,0.0,0.0,89.0,578.0
31768.0,2.0,-2.2872,0.62,0.0015,1.0519,0.685,-0.6445,0.0,0.0,89.0,568.0
31778.0,2.0,-2.2994,0.107,0.01196,1.0521,-0.515,-0.6571,0.0,0.0,89.0,611.0
31788.0,2.0,-2.3163,-0.458,0.02336,1.0385,-1.835,-0.6702,0.0,0.0,89.0,594.0
31799.0,2.0,-2.3363,-0.906,0.03356,1.0136,-3.035,-0.6804,0.0,0.0,89.0,595.0
31809.0,2.0,-2.3577,-1.278,0.04343,0.9766,-4.212,-0.6897,0.0,0.0,89.0,594.0
31819.0,2.0,-2.3807,-1.607,0.05291,0.9309,-4.844,-0.6991,0.0,0.0,89.0,594.0
31829.0,2.0,-2.4083,-1.92,0.06188,0.8796,-5.339,-0.7085,0.0,0.0,89.0,586.0
31839.0,2.0,-2.4421,-2.268,0.07118,0.8182,-5.774,-0.7186,0.0,0.0,89.0,594.0
31850.0,2.0,-2.4758,-2.582,0.07901,0.7588,-6.0,-0.7273,0.0,0.0,89.0,586.0
31860.0,2.0,-2.5111,-2.886,0.08625,0.6988,-6.0,-0.7357,0.0,0.0,89.0,580.0
31870.0,2.0,-2.5525,-3.199,0.09293,0.6388,-6.0,-0.7427,0.0,0.0,89.0,596.0
31880.0,2.0,-2.6032,-3.601,0.09956,0.5728,-6.0,-0.7465,0.0,0.0,89.0,601.0
31891.0,2.0,-2.6477,-3.911,0.10496,0.5128,-6.0,-0.7503,0.0,0.0,89.0,592.0
31901.0,2.0,-2.6875,-4.113,0.1098,0.4528,-6.0,-0.7578,0.0,0.0,89.0,586.0
31911.0,2.0,-2.7274,-4.065,0.114,0.3928,-6.0,-0.7775,0.0,0.0,89.0,585.0
31921.0,2.0,-2.7704,-4.055,0.11798,0.3268,-6.0,-0.7949,0.0,0.0,89.0,586.0
31931.0,2.0,-2.8164,-4.11,0.12094,0.2668,-6.0,-0.8054,0.0,0.0,89.0,580.0
31942.0,2.0,-2.8655,-4.26,0.12334,0.2068,-6.0,-0.8085,0.0,0.0,89.0,580.0
31952.0,2.0,-2.9391,-4.797,0.1251,0.1468,-6.0,-0.7823,0.0,0.0,89.0,601.0
31962.0,2.0,-2.9989,-5.334,0.1263,0.0868,-6.0,-0.7485,0.0,0.0,89.0,580.0
31972.0,2.0,-3.0373,-5.167,0.12694,0.0208,-6.0,-0.7697,0.0,0.0,89.0,594.0
31983.0,2.0,-3.0986,-5.219,0.12686,-0.0392,-6.0,-0.7687,0.0,0.0,89.0,580.0
31993.0,2.0,3.1201,-5.495,0.12623,-0.0992,-6.0,-0.7443,0.0,0.0,89.0,572.0
32003.0,2.0,3.0526,-5.808,0.12499,-0.1592,-6.0,-0.7107,0.0,0.0,89.0,572.0
32013.0,2.0,2.9483,-6.724,0.12293,-0.2252,-6.0,-0.6005,0.0,0.0,89.0,601.0
32023.0,2.0,2.8471,-7.684,0.12045,-0.2852,-6.0,-0.4594,0.0,0.0,89.0,581.0
32033.0,2.0,2.7796,-7.842,0.11738,-0.3452,-6.0,-0.4119,0.0,0.0,89.0,578.0
32043.0,2.0,2.7044,-7.793,0.1137,-0.4052,-5.987,-0.3878,0.0,0.0,89.0,572.0
32053.0,2.0,2.6354,-7.634,0.10943,-0.464,-5.804,-0.3749,0.0,0.0,89.0,594.0
32064.0,2.0,2.571,-7.332,0.10459,-0.5211,-5.638,-0.3789,0.0,0.0,89.0,577.0
32074.0,2.0,2.5111,-6.961,0.09922,-0.5766,-5.47,-0.3892,0.0,0.0,89.0,578.0
32084.0,2.0,2.4528,-6.628,0.0933,-0.6302,-5.27,-0.3916,0.0,0.0,89.0,578.0
32094.0,2.0,2.4053,-6.115,0.08614,-0.6869,-5.064,-0.4107,0.0,0.0,89.0,593.0
32105.0,2.0,2.37,-5.379,0.07916,-0.7368,-4.923,-0.4583,0.0,0.0,89.0,586.0
32115.0,2.0,2.3194,-5.051,0.07166,-0.7847,-4.668,-0.4573,0.0,0.0,89.0,564.0
32125.0,2.0,2.2918,-4.615,0.06368,-0.8299,-4.416,-0.4667,0.0,0.0,89.0,586.0
32135.0,2.0,2.2657,-3.957,0.05441,-0.8768,-4.142,-0.4937,0.0,0.0,89.0,572.0
32146.0,2.0,2.2473,-3.321,0.0456,-0.9167,-3.85,-0.52,0.0,0.0,89.0,578.0
32156.0,2.0,2.2411,-2.57,0.03536,-0.9566,-3.422,-0.5504,0.0,0.0,89.0,601.0
32166.0,2.0,2.2335,-1.953,0.02576,-0.9879,-2.88,-0.5715,0.0,0.0,89.0,584.0
32177.0,2.0,2.2381,-1.325,0.0159,-1.0127,-2.091,-0.5914,0.0,0.0,89.0,555.0
32187.0,2.0,2.2457,-0.704,0.00577,-1.0276,-0.978,-0.6095,0.0,0.0,89.0,586.0
32197.0,2.0,2.2565,-0.163,-0.00442,-1.0308,0.222,-0.6234,0.0,0.0,89.0,582.0
32207.0,2.0,2.2764,0.449,-0.0156,-1.0205,1.542,-0.6381,0.0,0.0,89.0,586.0
32217.0,2.0,2.2964,0.933,-0.02565,-0.9984,2.742,-0.6493,0.0,0.0,89.0,594.0
32227.0,2.0,2.3194,1.355,-0.03536,-0.9644,3.942,-0.6596,0.0,0.0,89.0,594.0
32238.0,2.0,2.3455,1.724,-0.04474,-0.9212,4.587,-0.6697,0.0,0.0,89.0,594.0
32248.0,2.0,2.3746,2.053,-0.05366,-0.8726,5.07,-0.6799,0.0,0.0,89.0,593.0
32258.0,2.0,2.4037,2.371,-0.06206,-0.8197,5.456,-0.6901,0.0,0.0,89.0,586.0
32268.0,2.0,2.4375,2.662,-0.06994,-0.7633,5.767,-0.7004,0.0,0.0,89.0,586.0
32278.0,2.0,2.4758,2.946,-0.07793,-0.6982,6.0,-0.7122,0.0,0.0,89.0,602.0
32289.0,2.0,2.5142,3.194,-0.0846,-0.6382,6.0,-0.7225,0.0,0.0,89.0,594.0
32299.0,2.0,2.5556,3.432,-0.09064,-0.5782,6.0,-0.7322,0.0,0.0,89.0,586.0
32309.0,2.0,2.5955,3.647,-0.09611,-0.5182,6.0,-0.7421,0.0,0.0,89.0,594.0
32319.0,2.0,2.64,3.846,-0.10099,-0.4582,6.0,-0.7513,0.0,0.0,89.0,585.0
32329.0,2.0,2.6906,4.045,-0.10568,-0.3922,6.0,-0.7608,0.0,0.0,89.0,585.0
32339.0,2.0,2.7428,4.341,-0.10928,-0.3322,6.0,-0.7609,0.0,0.0,89.0,602.0
32350.0,2.0,2.7857,4.539,-0.11231,-0.2722,6.0,-0.7648,0.0,0.0,89.0,580.0
32360.0,2.0,2.8363,4.525,-0.11475,-0.2122,6.0,-0.7803,0.0,0.0,89.0,586.0
32370.0,2.0,2.8839,4.68,-0.11659,-0.1522,6.0,-0.7824,0.0,0.0,89.0,602.0
32380.0,2.0,2.959,5.179,-0.11783,-0.0922,6.0,-0.7551,0.0,0.0,89.0,586.0
32390.0,2.0,3.048,5.971,-0.11854,-0.0262,6.0,-0.693,0.0,0.0,89.0,587.0
32401.0,2.0,3.1217,6.505,-0.11854,0.0338,6.0,-0.6417,0.0,0.0,89.0,576.0
32411.0,2.0,3.1416,6.113,-0.11798,0.0938,6.0,-0.6834,0.0,0.0,89.0,593.0
32421.0,2.0,-3.0357,6.158,-0.11678,0.1538,6.0,-0.6753,0.0,0.0,89.0,586.0
32431.0,2.0,-2.9867,6.623,-0.11479,0.2198,6.0,-0.6135,0.0,0.0,89.0,572.0
32441.0,2.0,-2.8962,6.55,-0.11235,0.2798,6.0,-0.609,0.0,0.0,89.0,600.0
32452.0,2.0,-2.8762,6.552,-0.10931,0.3398,6.0,-0.5906,0.0,0.0,89.0,572.0
32462.0,2.0,-2.752,6.674,-0.10571,0.3998,6.0,-0.5544,0.0,0.0,89.0,594.0
32472.0,2.0,-2.7243,6.699,-0.10151,0.459,5.867,-0.5241,0.0,0.0,89.0,580.0
32482.0,2.0,-2.663,5.892,-0.09619,0.5234,5.808,-0.5908,0.0,0.0,89.0,572.0
32493.0,2.0,-2.5602,6.642,-0.09079,0.5792,5.373,-0.468,0.0,0.0,89.0,579.0
32503.0,2.0,-2.5203,6.657,-0.08483,0.6311,5.087,-0.4276,0.0,0.0,89.0,586.0
32513.0,2.0,-2.4835,5.88,-0.07766,0.6863,4.954,-0.4827,0.0,0.0,89.0,593.0
32523.0,2.0,-2.4268,5.477,-0.07069,0.7347,4.74,-0.493,0.0,0.0,89.0,578.0
32533.0,2.0,-2.3838,5.194,-0.06323,0.7806,4.481,-0.488,0.0,0.0,89.0,586.0
32544.0,2.0,-2.3593,4.557,-0.05531,0.8243,4.279,-0.5201,0.0,0.0,89.0,578.0
32554.0,2.0,-2.3347,3.926,-0.04699,0.8658,4.047,-0.549,0.0,0.0,89.0,584.0
32564.0,2.0,-2.3163,3.348,-0.03825,0.9048,3.767,-0.571,0.0,0.0,89.0,578.0
32574.0,2.0,-2.3025,2.679,-0.0282,0.944,3.384,-0.596,0.0,0.0,89.0,586.0
32585.0,2.0,-2.2918,2.161,-0.01871,0.9754,2.933,-0.6112,0.0,0.0,89.0,561.0
32595.0,2.0,-2.2887,1.645,-0.00893,1.0015,2.331,-0.6257,0.0,0.0,89.0,586.0
32605.0,2.0,-2.2887,1.172,0.00105,1.0207,1.56,-0.6375,0.0,0.0,89.0,576.0
32615.0,2.0,-2.2933,0.693,0.01121,1.031,0.547,-0.6494,0.0,0.0,89.0,586.0
32625.0,2.0,-2.3071,0.12,0.0225,1.0292,-0.763,-0.6635,0.0,0.0,89.0,627.0
32635.0,2.0,-2.327,-0.408,0.03259,1.0149,-1.963,-0.6755,0.0,0.0,89.0,586.0
32645.0,2.0,-2.3455,-0.868,0.04253,0.9887,-3.163,-0.6857,0.0,0.0,89.0,585.0
32656.0,2.0,-2.3654,-1.27,0.05216,0.9504,-4.363,-0.6951,0.0,0.0,89.0,586.0
32666.0,2.0,-2.3899,-1.626,0.06139,0.902,-5.117,-0.7043,0.0,0.0,89.0,592.0
32676.0,2.0,-2.416,-1.935,0.07009,0.8481,-5.594,-0.7136,0.0,0.0,89.0,602.0
32686.0,2.0,-2.4467,-2.248,0.07823,0.79,-5.976,-0.7226,0.0,0.0,89.0,586.0
32696.0,2.0,-2.4835,-2.584,0.08655,0.724,-6.0,-0.7322,0.0,0.0,89.0,579.0
32706.0,2.0,-2.5219,-2.906,0.09345,0.664,-6.0,-0.7398,0.0,0.0,89.0,602.0
32717.0,2.0,-2.5617,-3.218,0.09975,0.604,-6.0,-0.7466,0.0,0.0,89.0,580.0
32727.0,2.0,-2.6078,-3.584,0.10545,0.544,-6.0,-0.7497,0.0,0.0,89.0,586.0
32737.0,2.0,-2.6553,-3.943,0.11059,0.484,-6.0,-0.7509,0.0,0.0,89.0,580.0
32747.0,2.0,-2.7059,-4.228,0.11554,0.418,-6.0,-0.7553,0.0,0.0,89.0,586.0
32758.0,2.0,-2.7412,-4.203,0.11944,0.358,-6.0,-0.7738,0.0,0.0,89.0,584.0
32768.0,2.0,-2.7826,-4.174,0.1227,0.298,-6.0,-0.7908,0.0,0.0,89.0,586.0
32778.0,2.0,-2.8287,-4.138,0.12562,0.232,-6.0,-0.8078,0.0,0.0,89.0,592.0
32789.0,2.0,-2.8777,-4.243,0.12769,0.172,-6.0,-0.8131,0.0,0.0,89.0,580.0
32799.0,2.0,-2.9406,-4.675,0.12911,0.112,-6.0,-0.7939,0.0,0.0,89.0,580.0
32809.0,2.0,-3.0158,-5.334,0.13001,0.046,-6.0,-0.7508,0.0,0.0,89.0,609.0
32819.0,2.0,-3.0419,-4.989,0.13024,-0.014,-6.0,-0.7855,0.0,0.0,89.0,586.0
32830.0,2.0,-3.1017,-5.007,0.12982,-0.074,-6.0,-0.7872,0.0,0.0,89.0,570.0
32840.0,2.0,3.1201,-5.263,0.12885,-0.134,-6.0,-0.7655,0.0,0.0,89.0,593.0
32850.0,2.0,3.0542,-5.601,0.12728,-0.194,-6.0,-0.731,0.0,0.0,89.0,580.0
32860.0,2.0,2.9683,-6.09,0.12484,-0.26,-6.0,-0.6727,0.0,0.0,89.0,572.0
32870.0,2.0,2.887,-6.745,0.12203,-0.32,-6.0,-0.5844,0.0,0.0,89.0,589.0
32881.0,2.0,2.8026,-7.311,0.11857,-0.38,-6.0,-0.4916,0.0,0.0,89.0,572.0
32891.0,2.0,2.7167,-7.794,0.11456,-0.44,-6.0,-0.3961,0.0,0.0,89.0,594.0
32901.0,2.0,2.6338,-8.036,0.10995,-0.4983,-5.701,-0.3242,0.0,0.0,89.0,578.0
32911.0,2.0,2.5602,-7.855,0.10425,-0.5595,-5.461,-0.3051,0.0,0.0,89.0,572.0
32921.0,2.0,2.4973,-7.449,0.09851,-0.6132,-5.292,-0.3203,0.0,0.0,89.0,578.0
32931.0,2.0,2.436,-7.07,0.09221,-0.665,-5.093,-0.3281,0.0,0.0,89.0,578.0
32942.0,2.0,2.3869,-6.619,0.08539,-0.7148,-4.893,-0.3432,0.0,0.0,89.0,577.0
32952.0,2.0,2.3639,-5.62,0.07811,-0.7632,-4.812,-0.4253,0.0,0.0,89.0,580.0
32962.0,2.0,2.3071,-5.204,0.06956,-0.8146,-4.535,-0.4294,0.0,0.0,89.0,577.0
32972.0,2.0,2.2734,-4.679,0.06131,-0.8586,-4.293,-0.4482,0.0,0.0,89.0,578.0
32983.0,2.0,2.2503,-4.084,0.05261,-0.9001,-4.036,-0.4725,0.0,0.0,89.0,562.0
32993.0,2.0,2.235,-3.402,0.04354,-0.9389,-3.745,-0.5028,0.0,0.0,89.0,562.0
33003.0,2.0,2.2243,-2.614,0.03311,-0.9776,-3.315,-0.5362,0.0,0.0,89.0,586.0
33014.0,2.0,2.2197,-1.966,0.02329,-1.0078,-2.761,-0.5594,0.0,0.0,89.0,570.0
33024.0,2.0,2.2243,-1.327,0.0132,-1.0313,-1.961,-0.58,0.0,0.0,89.0,579.0
33034.0,2.0,2.2335,-0.684,0.00293,-1.0449,-0.833,-0.599,0.0,0.0,89.0,576.0
33044.0,2.0,2.2488,0.011,-0.00844,-1.0462,0.487,-0.6172,0.0,0.0,89.0,595.0
33054.0,2.0,2.2734,0.646,-0.01879,-1.0347,1.687,-0.6318,0.0,0.0,89.0,585.0
33065.0,2.0,2.2979,1.229,-0.02891,-1.0112,2.887,-0.6437,0.0,0.0,89.0,570.0
33075.0,2.0,2.3255,1.724,-0.03881,-0.9757,4.087,-0.6539,0.0,0.0,89.0,586.0
33085.0,2.0,2.3593,2.173,-0.04826,-0.9293,4.942,-0.6633,0.0,0.0,89.0,570.0
33095.0,2.0,2.3976,2.623,-0.05813,-0.8721,5.388,-0.6732,0.0,0.0,89.0,578.0
33105.0,2.0,2.4329,2.981,-0.06653,-0.8165,5.699,-0.6824,0.0,0.0,89.0,586.0
33115.0,2.0,2.4712,3.224,-0.07436,-0.758,5.958,-0.6944,0.0,0.0,89.0,594.0
33126.0,2.0,2.5081,3.425,-0.0816,-0.698,6.0,-0.7071,0.0,0.0,89.0,580.0
33136.0,2.0,2.5495,3.623,-0.08891,-0.632,6.0,-0.7212,0.0,0.0,89.0,609.0
33146.0,2.0,2.5894,3.686,-0.09488,-0.572,6.0,-0.738,0.0,0.0,89.0,586.0
33156.0,2.0,2.6292,3.759,-0.10028,-0.512,6.0,-0.7534,0.0,0.0,89.0,602.0
33167.0,2.0,2.6707,3.834,-0.10508,-0.452,6.0,-0.7675,0.0,0.0,89.0,586.0
33177.0,2.0,2.7136,3.931,-0.10928,-0.392,6.0,-0.7793,0.0,0.0,89.0,586.0
33187.0,2.0,2.7673,4.184,-0.11325,-0.326,6.0,-0.7824,0.0,0.0,89.0,586.0
33198.0,2.0,2.8041,4.176,-0.11621,-0.266,6.0,-0.7974,0.0,0.0,89.0,584.0
33208.0,2.0,2.8471,4.2,-0.11857,-0.206,6.0,-0.8088,0.0,0.0,89.0,586.0
33218.0,2.0,2.9054,4.46,-0.12037,-0.146,6.0,-0.8031,0.0,0.0,89.0,586.0
33228.0,2.0,2.9805,5.024,-0.12154,-0.086,6.0,-0.7712,0.0,0.0,89.0,587.0
33238.0,2.0,3.0357,5.448,-0.12218,-0.02,6.0,-0.7435,0.0,0.0,89.0,586.0
33248.0,2.0,3.0848,5.534,-0.1221,0.04,6.0,-0.7398,0.0,0.0,89.0,593.0
33259.0,2.0,3.1324,5.203,-0.12146,0.1,6.0,-0.7709,0.0,0.0,89.0,593.0
33269.0,2.0,-3.0542,5.792,-0.12019,0.16,6.0,-0.7137,0.0,0.0,89.0,578.0
33279.0,2.0,-2.9744,6.612,-0.11835,0.22,6.0,-0.6176,0.0,0.0,89.0,578.0
33289.0,2.0,-2.9284,6.601,-0.11565,0.286,6.0,-0.6046,0.0,0.0,89.0,594.0
33299.0,2.0,-2.8241,7.184,-0.11254,0.346,6.0,-0.5129,0.0,0.0,89.0,594.0
33310.0,2.0,-2.775,6.89,-0.10886,0.406,6.0,-0.5269,0.0,0.0,89.0,578.0
33320.0,2.0,-2.7029,6.989,-0.10463,0.4656,5.881,-0.4858,0.0,0.0,89.0,578.0
33330.0,2.0,-2.6523,6.452,-0.09975,0.5238,5.781,-0.5237,0.0,0.0,89.0,577.0
33340.0,2.0,-2.5771,6.435,-0.09375,0.5858,5.502,-0.4897,0.0,0.0,89.0,594.0
33351.0,2.0,-2.5403,5.949,-0.08771,0.6399,5.342,-0.5141,0.0,0.0,89.0,556.0
33361.0,2.0,-2.4758,5.734,-0.08115,0.6921,5.099,-0.5046,0.0,0.0,89.0,578.0
33371.0,2.0,-2.4452,5.355,-0.0741,0.7417,4.877,-0.512,0.0,0.0,89.0,577.0
33381.0,2.0,-2.4007,4.904,-0.06653,0.7893,4.651,-0.5264,0.0,0.0,89.0,594.0
33391.0,2.0,-2.3715,4.372,-0.05771,0.8389,4.389,-0.5441,0.0,0.0,89.0,561.0
33401.0,2.0,-2.3439,3.873,-0.0492,0.8814,4.128,-0.5605,0.0,0.0,89.0,585.0
33411.0,2.0,-2.3224,3.385,-0.04031,0.921,3.835,-0.5751,0.0,0.0,89.0,586.0
33421.0,2.0,-2.3102,2.81,-0.03098,0.9575,3.493,-0.5956,0.0,0.0,89.0,588.0
33432.0,2.0,-2.2964,2.322,-0.02138,0.9902,3.072,-0.609,0.0,0.0,89.0,578.0
33442.0,2.0,-2.2933,1.824,-0.01144,1.0181,2.527,-0.6225,0.0,0.0,89.0,584.0
33452.0,2.0,-2.2933,1.298,-0.00124,1.0394,1.773,-0.6371,0.0,0.0,89.0,586.0
33462.0,2.0,-2.2994,0.73,0.01009,1.0522,0.595,-0.6518,0.0,0.0,89.0,539.0
33472.0,2.0,-2.3117,0.185,0.02055,1.0516,-0.605,-0.6654,0.0,0.0,89.0,564.0
33483.0,2.0,-2.3317,-0.4,0.03098,1.0389,-1.805,-0.6787,0.0,0.0,89.0,563.0
33493.0,2.0,-2.3547,-0.97,0.04114,1.0143,-3.005,-0.69,0.0,0.0,89.0,555.0
33503.0,2.0,-2.3823,-1.497,0.05205,0.9733,-4.325,-0.7003,0.0,0.0,89.0,571.0
33513.0,2.0,-2.4083,-1.891,0.06146,0.9235,-5.525,-0.7091,0.0,0.0,89.0,571.0
33524.0,2.0,-2.4375,-2.218,0.07035,0.8642,-6.0,-0.7182,0.0,0.0,89.0,563.0
33534.0,2.0,-2.4697,-2.506,0.07868,0.8042,-6.0,-0.7275,0.0,0.0,89.0,571.0
33544.0,2.0,-2.5065,-2.807,0.08636,0.7442,-6.0,-0.736,0.0,0.0,89.0,555.0
33554.0,2.0,-2.5433,-3.112,0.09416,0.6782,-6.0,-0.7451,0.0,0.0,89.0,571.0
33564.0,2.0,-2.5878,-3.368,0.10061,0.6182,-6.0,-0.7531,0.0,0.0,89.0,569.0
33574.0,2.0,-2.6338,-3.672,0.10646,0.5582,-6.0,-0.7577,0.0,0.0,89.0,571.0
33585.0,2.0,-2.6845,-4.061,0.11171,0.4982,-6.0,-0.756,0.0,0.0,89.0,555.0
33595.0,2.0,-2.7336,-4.407,0.11681,0.4322,-6.0,-0.7554,0.0,0.0,89.0,554.0
33605.0,2.0,-2.7811,-4.526,0.12086,0.3722,-6.0,-0.7644,0.0,0.0,89.0,555.0
33615.0,2.0,-2.8179,-4.336,0.12428,0.3122,-6.0,-0.7913,0.0,0.0,89.0,563.0
33625.0,2.0,-2.8578,-4.196,0.12713,0.2522,-6.0,-0.8125,0.0,0.0,89.0,572.0
33636.0,2.0,-2.9054,-4.178,0.12934,0.1922,-6.0,-0.8243,0.0,0.0,89.0,556.0
33646.0,2.0,-2.9544,-4.417,0.13099,0.1322,-6.0,-0.8175,0.0,0.0,89.0,570.0
33656.0,2.0,-3.0097,-4.704,0.13204,0.0722,-6.0,-0.8041,0.0,0.0,89.0,555.0
33666.0,2.0,-3.0634,-4.816,0.13249,0.0062,-6.0,-0.8009,0.0,0.0,89.0,555.0
33676.0,2.0,-3.1063,-4.77,0.13234,-0.0538,-6.0,-0.8071,0.0,0.0,89.0,570.0
33686.0,2.0,3.117,-4.998,0.13155,-0.1138,-6.0,-0.7883,0.0,0.0,89.0,574.0
33696.0,2.0,3.0557,-5.302,0.13016,-0.1738,-6.0,-0.7584,0.0,0.0,89.0,580.0
33707.0,2.0,2.9805,-5.625,0.12818,-0.2338,-6.0,-0.7208,0.0,0.0,89.0,573.0
33717.0,2.0,2.8931,-6.436,0.12533,-0.2998,-6.0,-0.62,0.0,0.0,89.0,578.0
33727.0,2.0,2.7995,-7.173,0.1221,-0.3598,-6.0,-0.5092,0.0,0.0,89.0,579.0
33738.0,2.0,2.7136,-7.691,0.11828,-0.4198,-6.0,-0.4104,0.0,0.0,89.0,573.0
33748.0,2.0,2.6415,-7.849,0.11389,-0.4795,-5.884,-0.3522,0.0,0.0,89.0,577.0
33758.0,2.0,2.5756,-7.518,0.10834,-0.543,-5.695,-0.3567,0.0,0.0,89.0,572.0
33768.0,2.0,2.5127,-7.129,0.10271,-0.5991,-5.524,-0.3698,0.0,0.0,89.0,578.0
33778.0,2.0,2.4436,-6.942,0.09656,-0.653,-5.277,-0.3518,0.0,0.0,89.0,594.0
33789.0,2.0,2.3945,-6.582,0.08989,-0.7044,-5.056,-0.355,0.0,0.0,89.0,578.0
33799.0,2.0,2.37,-5.77,0.08273,-0.7542,-4.933,-0.4138,0.0,0.0,89.0,572.0
33809.0,2.0,2.327,-4.946,0.07504,-0.8029,-4.782,-0.4688,0.0,0.0,89.0,577.0
33819.0,2.0,2.2749,-4.788,0.06608,-0.8534,-4.436,-0.4452,0.0,0.0,89.0,578.0
33829.0,2.0,2.2503,-4.336,0.05741,-0.8962,-4.159,-0.4554,0.0,0.0,89.0,586.0
33839.0,2.0,2.2381,-3.575,0.04838,-0.9363,-3.893,-0.4937,0.0,0.0,89.0,586.0
33850.0,2.0,2.2319,-2.754,0.03896,-0.9734,-3.529,-0.533,0.0,0.0,89.0,562.0
33860.0,2.0,2.2273,-1.942,0.02813,-1.0087,-2.91,-0.5651,0.0,0.0,89.0,601.0
33870.0,2.0,2.2258,-1.366,0.018,-1.0338,-2.155,-0.5825,0.0,0.0,89.0,586.0
33881.0,2.0,2.2335,-0.769,0.00773,-1.0497,-1.096,-0.5997,0.0,0.0,89.0,578.0
33891.0,2.0,2.2442,-0.214,-0.0027,-1.0541,0.104,-0.6142,0.0,0.0,89.0,570.0
33901.0,2.0,2.2672,0.425,-0.01418,-1.045,1.424,-0.6296,0.0,0.0,89.0,593.0
33912.0,2.0,2.2902,0.99,-0.02445,-1.0242,2.624,-0.6418,0.0,0.0,89.0,586.0
33922.0,2.0,2.3178,1.526,-0.03443,-0.9913,3.824,-0.6525,0.0,0.0,89.0,596.0
33932.0,2.0,2.3501,2.021,-0.04406,-0.9473,4.746,-0.6619,0.0,0.0,89.0,584.0
33942.0,2.0,2.3853,2.52,-0.05415,-0.8919,5.247,-0.6713,0.0,0.0,89.0,611.0
33952.0,2.0,2.4298,2.934,-0.0627,-0.8375,5.581,-0.6793,0.0,0.0,89.0,586.0
33963.0,2.0,2.4697,3.302,-0.07076,-0.7801,5.852,-0.6875,0.0,0.0,89.0,585.0
33973.0,2.0,2.5142,3.629,-0.07826,-0.7205,6.0,-0.6956,0.0,0.0,89.0,586.0
33983.0,2.0,2.5633,3.944,-0.0858,-0.6545,6.0,-0.7048,0.0,0.0,89.0,594.0
33994.0,2.0,2.6093,4.181,-0.09199,-0.5945,6.0,-0.714,0.0,0.0,89.0,586.0
34004.0,2.0,2.6569,4.362,-0.09761,-0.5345,6.0,-0.7244,0.0,0.0,89.0,586.0
34014.0,2.0,2.7044,4.485,-0.10264,-0.4745,6.0,-0.7365,0.0,0.0,89.0,602.0
34024.0,2.0,2.7504,4.586,-0.10751,-0.4085,6.0,-0.7499,0.0,0.0,89.0,609.0
34034.0,2.0,2.8087,4.743,-0.11126,-0.3485,6.0,-0.7554,0.0,0.0,89.0,593.0
34045.0,2.0,2.8517,4.724,-0.11445,-0.2885,6.0,-0.7712,0.0,0.0,89.0,586.0
34055.0,2.0,2.9054,4.83,-0.11708,-0.2285,6.0,-0.7756,0.0,0.0,89.0,594.0
34065.0,2.0,2.9529,4.84,-0.11906,-0.1685,6.0,-0.7849,0.0,0.0,89.0,586.0
34075.0,2.0,3.0143,4.931,-0.1206,-0.1025,6.0,-0.7862,0.0,0.0,89.0,587.0
34085.0,2.0,3.0603,4.941,-0.12135,-0.0425,6.0,-0.7904,0.0,0.0,89.0,594.0
34096.0,2.0,3.1124,5.183,-0.12146,0.0175,6.0,-0.7725,0.0,0.0,89.0,580.0
34106.0,2.0,-3.0971,5.549,-0.12105,0.0775,6.0,-0.7384,0.0,0.0,89.0,594.0
34116.0,2.0,-3.0664,5.202,-0.12,0.1375,6.0,-0.7671,0.0,0.0,89.0,594.0
34126.0,2.0,-2.959,5.947,-0.1182,0.2035,6.0,-0.686,0.0,0.0,89.0,578.0
34136.0,2.0,-2.933,6.009,-0.11591,0.2635,6.0,-0.6669,0.0,0.0,89.0,593.0
34147.0,2.0,-2.8348,5.984,-0.11306,0.3235,6.0,-0.6544,0.0,0.0,89.0,579.0
34157.0,2.0,-2.7688,6.631,-0.10961,0.3835,6.0,-0.5578,0.0,0.0,89.0,578.0
34167.0,2.0,-2.7167,6.403,-0.10556,0.4435,6.0,-0.5602,0.0,0.0,89.0,572.0
34177.0,2.0,-2.6415,6.585,-0.10039,0.5085,5.771,-0.5052,0.0,0.0,89.0,601.0
34187.0,2.0,-2.5878,6.407,-0.09514,0.5649,5.562,-0.4938,0.0,0.0,89.0,587.0
34197.0,2.0,-2.5403,5.858,-0.08933,0.6198,5.424,-0.5262,0.0,0.0,89.0,578.0
34208.0,2.0,-2.4927,5.601,-0.08295,0.6728,5.197,-0.5215,0.0,0.0,89.0,577.0
34218.0,2.0,-2.4559,5.017,-0.07534,0.7287,4.993,-0.5487,0.0,0.0,89.0,577.0
34228.0,2.0,-2.4176,4.579,-0.06791,0.7774,4.767,-0.5616,0.0,0.0,89.0,578.0
34239.0,2.0,-2.393,4.025,-0.06,0.8239,4.54,-0.5844,0.0,0.0,89.0,578.0
34249.0,2.0,-2.3623,3.659,-0.05164,0.8677,4.259,-0.5893,0.0,0.0,89.0,588.0
34259.0,2.0,-2.347,3.162,-0.0429,0.9087,3.963,-0.6046,0.0,0.0,89.0,583.0
34269.0,2.0,-2.327,2.729,-0.03375,0.9464,3.614,-0.6147,0.0,0.0,89.0,578.0
34279.0,2.0,-2.3086,2.377,-0.02325,0.9836,3.179,-0.6173,0.0,0.0,89.0,578.0
34290.0,2.0,-2.3025,1.945,-0.01339,1.0128,2.685,-0.6269,0.0,0.0,89.0,562.0
34300.0,2.0,-2.2979,1.49,-0.00323,1.0362,2.045,-0.638,0.0,0.0,89.0,593.0
34310.0,2.0,-2.2964,1.103,0.00713,1.0505,0.893,-0.6459,0.0,0.0,89.0,539.0
34320.0,2.0,-2.304,0.607,0.0186,1.0524,-0.427,-0.6575,0.0,0.0,89.0,564.0
34330.0,2.0,-2.3224,0.03,0.02899,1.0415,-1.627,-0.6717,0.0,0.0,89.0,577.0
34341.0,2.0,-2.3439,-0.6,0.03923,1.0187,-2.827,-0.6852,0.0,0.0,89.0,563.0
34351.0,2.0,-2.3715,-1.247,0.04913,0.9838,-4.027,-0.6962,0.0,0.0,89.0,556.0
34361.0,2.0,-2.4068,-1.878,0.05869,0.9369,-5.227,-0.704,0.0,0.0,89.0,555.0
34371.0,2.0,-2.4436,-2.468,0.06773,0.879,-6.0,-0.7091,0.0,0.0,89.0,563.0
34381.0,2.0,-2.485,-2.969,0.07703,0.813,-6.0,-0.715,0.0,0.0,89.0,555.0
34391.0,2.0,-2.5249,-3.289,0.08479,0.753,-6.0,-0.7228,0.0,0.0,89.0,563.0
34401.0,2.0,-2.5663,-3.531,0.09199,0.693,-6.0,-0.7323,0.0,0.0,89.0,569.0
34411.0,2.0,-2.6078,-3.74,0.09859,0.633,-6.0,-0.7421,0.0,0.0,89.0,563.0
34422.0,2.0,-2.6538,-3.975,0.10459,0.573,-6.0,-0.7492,0.0,0.0,89.0,555.0
34432.0,2.0,-2.7044,-4.249,0.11003,0.513,-6.0,-0.7524,0.0,0.0,89.0,563.0
34442.0,2.0,-2.7673,-4.63,0.11528,0.447,-6.0,-0.7479,0.0,0.0,89.0,573.0
34452.0,2.0,-2.8241,-5.011,0.11944,0.387,-6.0,-0.7374,0.0,0.0,89.0,571.0
34463.0,2.0,-2.8731,-5.143,0.123,0.327,-6.0,-0.7418,0.0,0.0,89.0,571.0
34473.0,2.0,-2.91,-4.924,0.126,0.267,-6.0,-0.771,0.0,0.0,89.0,573.0
34483.0,2.0,-2.9544,-4.593,0.12859,0.201,-6.0,-0.8059,0.0,0.0,89.0,561.0
34493.0,2.0,-3.0097,-4.497,0.13031,0.141,-6.0,-0.8198,0.0,0.0,89.0,564.0
34503.0,2.0,-3.071,-4.8,0.13144,0.081,-6.0,-0.8019,0.0,0.0,89.0,573.0
34514.0,2.0,3.1324,-5.667,0.132,0.021,-6.0,-0.7282,0.0,0.0,89.0,571.0
34524.0,2.0,3.1309,-5.433,0.13193,-0.039,-6.0,-0.7491,0.0,0.0,89.0,572.0
34534.0,2.0,3.1048,-4.017,0.13129,-0.099,-6.0,-0.8621,0.0,0.0,89.0,594.0
34544.0,2.0,3.048,-4.054,0.13005,-0.159,-6.0,-0.8566,0.0,0.0,89.0,580.0
34554.0,2.0,2.9913,-4.414,0.12821,-0.219,-6.0,-0.8244,0.0,0.0,89.0,580.0
34564.0,2.0,2.9284,-4.891,0.12551,-0.285,-6.0,-0.7751,0.0,0.0,89.0,588.0
34575.0,2.0,2.8363,-5.913,0.12244,-0.345,-6.0,-0.6597,0.0,0.0,89.0,572.0
34585.0,2.0,2.7765,-6.086,0.11876,-0.405,-6.0,-0.6209,0.0,0.0,89.0,587.0
34595.0,2.0,2.6891,-6.661,0.11404,-0.471,-6.0,-0.524,0.0,0.0,89.0,577.0
34605.0,2.0,2.5955,-7.289,0.10913,-0.5305,-5.826,-0.4071,0.0,0.0,89.0,585.0
34616.0,2.0,2.5249,-7.54,0.10361,-0.5867,-5.478,-0.3303,0.0,0.0,89.0,577.0
34626.0,2.0,2.4636,-7.336,0.09758,-0.6401,-5.238,-0.3141,0.0,0.0,89.0,578.0
34636.0,2.0,2.4037,-6.845,0.09034,-0.6964,-5.027,-0.3313,0.0,0.0,89.0,578.0
34646.0,2.0,2.3608,-6.244,0.08325,-0.7457,-4.856,-0.365,0.0,0.0,89.0,584.0
34657.0,2.0,2.3209,-5.538,0.07564,-0.7934,-4.689,-0.4088,0.0,0.0,89.0,577.0
34667.0,2.0,2.2519,-5.444,0.06761,-0.8386,-4.362,-0.3784,0.0,0.0,89.0,588.0
34677.0,2.0,2.2243,-5.212,0.05914,-0.8803,-4.049,-0.3621,0.0,0.0,89.0,572.0
34687.0,2.0,2.2135,-4.157,0.04935,-0.9236,-3.835,-0.4305,0.0,0.0,89.0,588.0
34698.0,2.0,2.2166,-2.99,0.04005,-0.9604,-3.542,-0.5017,0.0,0.0,89.0,584.0
34708.0,2.0,2.2166,-1.932,0.03041,-0.9928,-2.936,-0.5529,0.0,0.0,89.0,561.0
34718.0,2.0,2.2105,-1.332,0.02048,-1.0179,-2.161,-0.5717,0.0,0.0,89.0,578.0
34728.0,2.0,2.212,-0.871,0.01031,-1.0349,-1.29,-0.5831,0.0,0.0,89.0,587.0
34738.0,2.0,2.2227,-0.325,-0.00101,-1.0419,-0.064,-0.5971,0.0,0.0,89.0,588.0
34749.0,2.0,2.2411,0.207,-0.01129,-1.036,1.136,-0.6104,0.0,0.0,89.0,570.0
34759.0,2.0,2.2642,0.801,-0.02149,-1.018,2.336,-0.6239,0.0,0.0,89.0,594.0
34769.0,2.0,2.2948,1.406,-0.03146,-0.988,3.536,-0.6356,0.0,0.0,89.0,586.0
34779.0,2.0,2.3332,2.086,-0.042,-0.9416,4.664,-0.6457,0.0,0.0,89.0,588.0
34789.0,2.0,2.3746,2.668,-0.05111,-0.8922,5.142,-0.6523,0.0,0.0,89.0,594.0
34799.0,2.0,2.4176,3.187,-0.0597,-0.8389,5.471,-0.6578,0.0,0.0,89.0,602.0
34810.0,2.0,2.4666,3.697,-0.06776,-0.7827,5.728,-0.661,0.0,0.0,89.0,586.0
34820.0,2.0,2.5188,4.155,-0.07523,-0.7242,5.94,-0.6632,0.0,0.0,89.0,586.0
34830.0,2.0,2.5725,4.538,-0.08216,-0.6643,6.0,-0.6664,0.0,0.0,89.0,586.0
34840.0,2.0,2.6277,4.864,-0.08846,-0.6043,6.0,-0.67,0.0,0.0,89.0,580.0
34850.0,2.0,2.6906,5.171,-0.09476,-0.5383,6.0,-0.6741,0.0,0.0,89.0,594.0
34861.0,2.0,2.7351,5.154,-0.09983,-0.4783,6.0,-0.6967,0.0,0.0,89.0,580.0
34871.0,2.0,2.7796,5.013,-0.10429,-0.4183,6.0,-0.7258,0.0,0.0,89.0,586.0
34881.0,2.0,2.8241,4.855,-0.10815,-0.3583,6.0,-0.7534,0.0,0.0,89.0,580.0
34891.0,2.0,2.8593,4.605,-0.11145,-0.2983,6.0,-0.7848,0.0,0.0,89.0,580.0
34901.0,2.0,2.8946,4.211,-0.11415,-0.2383,6.0,-0.8221,0.0,0.0,89.0,580.0
34911.0,2.0,2.9299,3.848,-0.1164,-0.1723,6.0,-0.854,0.0,0.0,89.0,586.0
34921.0,2.0,2.9913,3.981,-0.11786,-0.1123,6.0,-0.8529,0.0,0.0,89.0,586.0
34931.0,2.0,3.0511,4.55,-0.11873,-0.0523,6.0,-0.8198,0.0,0.0,89.0,586.0
34941.0,2.0,3.1155,5.148,-0.11899,0.0077,6.0,-0.7752,0.0,0.0,89.0,593.0
34952.0,2.0,-3.1201,5.4,-0.11865,0.0677,6.0,-0.7528,0.0,0.0,89.0,573.0
34962.0,2.0,-3.1201,4.643,-0.11775,0.1277,6.0,-0.816,0.0,0.0,89.0,586.0
34972.0,2.0,-3.0342,4.428,-0.11621,0.1877,6.0,-0.8298,0.0,0.0,89.0,578.0
34982.0,2.0,-2.8962,6.419,-0.11385,0.2537,6.0,-0.6284,0.0,0.0,89.0,578.0
34993.0,2.0,-2.8409,7.138,-0.11108,0.3137,6.0,-0.5223,0.0,0.0,89.0,572.0
35003.0,2.0,-2.8041,6.605,-0.10774,0.3737,6.0,-0.5673,0.0,0.0,89.0,580.0
35013.0,2.0,-2.732,6.243,-0.10335,0.4397,6.0,-0.5844,0.0,0.0,89.0,586.0
35024.0,2.0,-2.6292,6.882,-0.09874,0.4982,5.667,-0.4756,0.0,0.0,89.0,578.0
35034.0,2.0,-2.5725,7.153,-0.09356,0.5528,5.338,-0.4023,0.0,0.0,89.0,586.0
35044.0,2.0,-2.5357,6.493,-0.08786,0.6056,5.238,-0.4512,0.0,0.0,89.0,568.0
35054.0,2.0,-2.4912,5.641,-0.081,0.6626,5.13,-0.5146,0.0,0.0,89.0,584.0
35065.0,2.0,-2.4528,5.083,-0.07425,0.713,4.955,-0.5422,0.0,0.0,89.0,576.0
35075.0,2.0,-2.4206,4.596,-0.06694,0.7613,4.743,-0.5602,0.0,0.0,89.0,594.0
35085.0,2.0,-2.4022,3.79,-0.05839,0.8123,4.528,-0.6032,0.0,0.0,89.0,601.0
35095.0,2.0,-2.3746,3.324,-0.05014,0.8561,4.254,-0.6166,0.0,0.0,89.0,591.0
35106.0,2.0,-2.3608,2.779,-0.04151,0.8969,3.939,-0.6353,0.0,0.0,89.0,587.0
35116.0,2.0,-2.3424,2.389,-0.0315,0.9378,3.524,-0.6408,0.0,0.0,89.0,601.0
35126.0,2.0,-2.3317,2.016,-0.02209,0.9706,3.076,-0.6472,0.0,0.0,89.0,585.0
35137.0,2.0,-2.324,1.639,-0.01237,0.9985,2.533,-0.654,0.0,0.0,89.0,577.0
35147.0,2.0,-2.3132,1.383,-0.00236,1.0207,1.978,-0.6555,0.0,0.0,89.0,585.0
35157.0,2.0,-2.304,1.208,0.0078,1.0366,1.116,-0.6537,0.0,0.0,89.0,545.0
35167.0,2.0,-2.304,0.947,0.01916,1.0409,-0.204,-0.6555,0.0,0.0,89.0,562.0
35177.0,2.0,-2.3148,0.486,0.02944,1.0323,-1.404,-0.6665,0.0,0.0,89.0,563.0
35187.0,2.0,-2.3332,-0.09,0.0396,1.0116,-2.604,-0.6802,0.0,0.0,89.0,581.0
35198.0,2.0,-2.3577,-0.736,0.04946,0.979,-3.804,-0.6933,0.0,0.0,89.0,555.0
35208.0,2.0,-2.3915,-1.447,0.05899,0.9344,-5.004,-0.7036,0.0,0.0,89.0,572.0
35218.0,2.0,-2.4314,-2.159,0.06799,0.878,-6.0,-0.7091,0.0,0.0,89.0,539.0
35228.0,2.0,-2.4758,-2.852,0.07643,0.818,-6.0,-0.71,0.0,0.0,89.0,555.0
35238.0,2.0,-2.5341,-3.613,0.08505,0.752,-6.0,-0.7042,0.0,0.0,89.0,577.0
35249.0,2.0,-2.5832,-4.116,0.09221,0.692,-6.0,-0.7018,0.0,0.0,89.0,559.0
35259.0,2.0,-2.6323,-4.432,0.09881,0.632,-6.0,-0.7059,0.0,0.0,89.0,555.0
35269.0,2.0,-2.6845,-4.637,0.10537,0.566,-6.0,-0.7164,0.0,0.0,89.0,558.0
35280.0,2.0,-2.7366,-4.779,0.1107,0.506,-6.0,-0.7265,0.0,0.0,89.0,556.0
35290.0,2.0,-2.7903,-4.935,0.11546,0.446,-6.0,-0.7333,0.0,0.0,89.0,555.0
35300.0,2.0,-2.8547,-5.183,0.12,0.38,-6.0,-0.732,0.0,0.0,89.0,563.0
35311.0,2.0,-2.9176,-5.476,0.12349,0.32,-6.0,-0.7213,0.0,0.0,89.0,557.0
35321.0,2.0,-2.9759,-5.672,0.12641,0.26,-6.0,-0.7148,0.0,0.0,89.0,563.0
35331.0,2.0,-3.0189,-5.475,0.12893,0.194,-6.0,-0.7407,0.0,0.0,89.0,571.0
35341.0,2.0,-3.0634,-5.133,0.13058,0.134,-6.0,-0.775,0.0,0.0,89.0,565.0
35352.0,2.0,-3.1109,-4.842,0.13162,0.074,-6.0,-0.8014,0.0,0.0,89.0,564.0
35362.0,2.0,3.1109,-4.95,0.13211,0.014,-6.0,-0.7923,0.0,0.0,89.0,563.0
35372.0,2.0,3.0496,-5.329,0.132,-0.046,-6.0,-0.7555,0.0,0.0,89.0,580.0
35382.0,2.0,3.0403,-4.941,0.13129,-0.106,-6.0,-0.7847,0.0,0.0,89.0,572.0
35392.0,2.0,3.0173,-3.686,0.12982,-0.172,-6.0,-0.8754,0.0,0.0,89.0,573.0
35402.0,2.0,2.9637,-3.8,0.12788,-0.232,-6.0,-0.8617,0.0,0.0,89.0,572.0
35412.0,2.0,2.9069,-4.165,0.12533,-0.292,-6.0,-0.8266,0.0,0.0,89.0,592.0
35423.0,2.0,2.8501,-4.514,0.12218,-0.352,-6.0,-0.7871,0.0,0.0,89.0,572.0
35433.0,2.0,2.7734,-5.065,0.11843,-0.412,-6.0,-0.7224,0.0,0.0,89.0,571.0
35443.0,2.0,2.6906,-6.119,0.11363,-0.478,-6.0,-0.586,0.0,0.0,89.0,593.0
35453.0,2.0,2.6062,-6.818,0.10864,-0.5379,-5.931,-0.4688,0.0,0.0,89.0,586.0
35463.0,2.0,2.5387,-7.073,0.10305,-0.5953,-5.59,-0.3969,0.0,0.0,89.0,594.0
35474.0,2.0,2.4743,-7.031,0.09694,-0.6496,-5.307,-0.3603,0.0,0.0,89.0,578.0
35484.0,2.0,2.4191,-6.724,0.0903,-0.7014,-5.075,-0.3574,0.0,0.0,89.0,580.0
35494.0,2.0,2.3777,-6.137,0.08239,-0.7558,-4.865,-0.3848,0.0,0.0,89.0,595.0
35504.0,2.0,2.3255,-5.504,0.0747,-0.8035,-4.678,-0.4196,0.0,0.0,89.0,572.0
35514.0,2.0,2.2672,-5.47,0.06653,-0.8485,-4.333,-0.3823,0.0,0.0,89.0,585.0
35525.0,2.0,2.2457,-4.922,0.05798,-0.8903,-4.088,-0.403,0.0,0.0,89.0,578.0
35535.0,2.0,2.2335,-3.924,0.04804,-0.9339,-3.848,-0.4636,0.0,0.0,89.0,585.0
35545.0,2.0,2.2243,-2.992,0.03863,-0.9707,-3.53,-0.5138,0.0,0.0,89.0,557.0
35555.0,2.0,2.2166,-2.198,0.02888,-1.0034,-3.03,-0.548,0.0,0.0,89.0,577.0
35565.0,2.0,2.2105,-1.666,0.01883,-1.0304,-2.402,-0.5633,0.0,0.0,89.0,579.0
35576.0,2.0,2.2105,-1.185,0.00851,-1.0503,-1.627,-0.5755,0.0,0.0,89.0,569.0
35586.0,2.0,2.2197,-0.649,-0.00195,-1.0611,-0.582,-0.59,0.0,0.0,89.0,578.0
35596.0,2.0,2.2365,0.004,-0.01354,-1.0595,0.738,-0.607,0.0,0.0,89.0,603.0
35607.0,2.0,2.2565,0.573,-0.024,-1.0456,1.938,-0.6206,0.0,0.0,89.0,594.0
35617.0,2.0,2.2795,1.109,-0.03424,-1.0196,3.138,-0.6325,0.0,0.0,89.0,593.0
35627.0,2.0,2.3209,1.802,-0.04515,-0.9771,4.458,-0.6438,0.0,0.0,89.0,586.0
35638.0,2.0,2.3639,2.508,-0.05464,-0.9276,5.216,-0.6497,0.0,0.0,89.0,578.0
35648.0,2.0,2.4053,3.085,-0.06364,-0.8733,5.587,-0.6545,0.0,0.0,89.0,602.0
35658.0,2.0,2.4528,3.597,-0.07204,-0.8159,5.862,-0.6581,0.0,0.0,89.0,594.0
35668.0,2.0,2.5081,4.083,-0.08059,-0.7502,6.0,-0.6622,0.0,0.0,89.0,586.0
35678.0,2.0,2.5633,4.483,-0.08779,-0.6902,6.0,-0.6649,0.0,0.0,89.0,602.0
35689.0,2.0,2.6185,4.847,-0.09435,-0.6302,6.0,-0.6667,0.0,0.0,89.0,602.0
35699.0,2.0,2.6768,5.163,-0.10088,-0.5642,6.0,-0.6707,0.0,0.0,89.0,585.0
35709.0,2.0,2.7412,5.409,-0.10624,-0.5042,6.0,-0.6739,0.0,0.0,89.0,594.0
35720.0,2.0,2.8103,5.706,-0.11096,-0.4442,6.0,-0.6691,0.0,0.0,89.0,594.0
35730.0,2.0,2.8609,5.831,-0.11509,-0.3842,6.0,-0.6754,0.0,0.0,89.0,602.0
35740.0,2.0,2.9084,5.668,-0.11865,-0.3242,6.0,-0.7041,0.0,0.0,89.0,580.0
35750.0,2.0,2.9606,5.44,-0.12158,-0.2642,6.0,-0.7349,0.0,0.0,89.0,588.0
35760.0,2.0,3.0066,5.192,-0.12416,-0.1982,6.0,-0.7646,0.0,0.0,89.0,601.0
35771.0,2.0,3.0664,4.991,-0.12585,-0.1382,6.0,-0.7863,0.0,0.0,89.0,594.0
35781.0,2.0,3.1094,5.132,-0.12705,-0.0722,6.0,-0.777,0.0,0.0,89.0,601.0
35791.0,2.0,-3.1155,5.031,-0.1275,-0.0122,6.0,-0.7854,0.0,0.0,89.0,586.0
35802.0,2.0,-3.0695,4.947,-0.12739,0.0478,6.0,-0.7898,0.0,0.0,89.0,572.0
35812.0,2.0,-3.0603,4.211,-0.12668,0.1078,6.0,-0.8447,0.0,0.0,89.0,577.0
35822.0,2.0,-2.9775,4.207,-0.12517,0.1738,6.0,-0.8395,0.0,0.0,89.0,593.0
35833.0,2.0,-2.867,5.845,-0.12319,0.2338,6.0,-0.6804,0.0,0.0,89.0,578.0
35843.0,2.0,-2.7934,6.851,-0.1206,0.2938,6.0,-0.5443,0.0,0.0,89.0,586.0
35853.0,2.0,-2.755,6.539,-0.11745,0.3538,6.0,-0.5588,0.0,0.0,89.0,584.0
35863.0,2.0,-2.7029,6.041,-0.1137,0.4138,6.0,-0.5924,0.0,0.0,89.0,571.0
35873.0,2.0,-2.6154,6.447,-0.10935,0.4738,6.0,-0.5146,0.0,0.0,89.0,586.0
35883.0,2.0,-2.5433,6.767,-0.10384,0.5383,5.717,-0.4341,0.0,0.0,89.0,593.0
35894.0,2.0,-2.5219,6.1,-0.09829,0.5947,5.615,-0.4809,0.0,0.0,89.0,577.0
35904.0,2.0,-2.5065,4.797,-0.09217,0.6509,5.624,-0.5926,0.0,0.0,89.0,577.0
35914.0,2.0,-2.4329,4.703,-0.0855,0.7059,5.355,-0.5724,0.0,0.0,89.0,578.0
35924.0,2.0,-2.3945,4.686,-0.07751,0.7626,5.018,-0.5391,0.0,0.0,89.0,572.0
35934.0,2.0,-2.3807,4.001,-0.06979,0.8116,4.816,-0.5738,0.0,0.0,89.0,580.0
35944.0,2.0,-2.3547,3.392,-0.06154,0.8585,4.562,-0.5995,0.0,0.0,89.0,588.0
35955.0,2.0,-2.3363,2.971,-0.05284,0.9023,4.244,-0.6086,0.0,0.0,89.0,579.0
35965.0,2.0,-2.3332,2.326,-0.04373,0.9427,3.841,-0.6328,0.0,0.0,89.0,588.0
35975.0,2.0,-2.327,1.711,-0.03326,0.9813,3.219,-0.6518,0.0,0.0,89.0,603.0
35985.0,2.0,-2.3132,1.445,-0.02344,1.0104,2.675,-0.6535,0.0,0.0,89.0,580.0
35995.0,2.0,-2.3132,1.122,-0.01331,1.0336,1.992,-0.6584,0.0,0.0,89.0,580.0
36006.0,2.0,-2.3194,0.679,-0.003,1.0483,0.992,-0.6687,0.0,0.0,89.0,578.0
36016.0,2.0,-2.3332,0.164,0.00739,1.0516,-0.207,-0.6811,0.0,0.0,89.0,587.0
36026.0,2.0,-2.3501,-0.387,0.01778,1.043,-1.407,-0.6934,0.0,0.0,89.0,570.0
36036.0,2.0,-2.3777,-1.018,0.02906,1.0196,-2.727,-0.7055,0.0,0.0,89.0,596.0
36047.0,2.0,-2.4083,-1.601,0.03904,0.9857,-3.927,-0.7141,0.0,0.0,89.0,586.0
36057.0,2.0,-2.4452,-2.181,0.0486,0.9398,-5.127,-0.7202,0.0,0.0,89.0,586.0
36067.0,2.0,-2.4881,-2.754,0.05768,0.8862,-5.534,-0.7232,0.0,0.0,89.0,603.0
36077.0,2.0,-2.5311,-3.269,0.06622,0.8292,-5.82,-0.7247,0.0,0.0,89.0,594.0
36087.0,2.0,-2.5786,-3.688,0.07493,0.7637,-6.0,-0.7288,0.0,0.0,89.0,580.0
36097.0,2.0,-2.6246,-3.971,0.08224,0.7037,-6.0,-0.7348,0.0,0.0,89.0,592.0
36108.0,2.0,-2.6707,-4.193,0.08895,0.6437,-6.0,-0.7423,0.0,0.0,89.0,586.0
36118.0,2.0,-2.7197,-4.399,0.09506,0.5837,-6.0,-0.7486,0.0,0.0,89.0,585.0
36128.0,2.0,-2.7734,-4.665,0.1011,0.5177,-6.0,-0.7504,0.0,0.0,89.0,609.0
36138.0,2.0,-2.8363,-4.949,0.10598,0.4577,-6.0,-0.7461,0.0,0.0,89.0,593.0
36148.0,2.0,-2.8946,-5.245,0.11025,0.3977,-6.0,-0.737,0.0,0.0,89.0,585.0
36158.0,2.0,-2.9406,-5.287,0.11393,0.3377,-6.0,-0.7451,0.0,0.0,89.0,595.0
36168.0,2.0,-2.9836,-5.065,0.117,0.2777,-6.0,-0.7721,0.0,0.0,89.0,602.0
36179.0,2.0,-3.025,-4.802,0.11951,0.2177,-6.0,-0.7993,0.0,0.0,89.0,580.0
36189.0,2.0,-3.071,-4.579,0.12139,0.1577,-6.0,-0.8204,0.0,0.0,89.0,580.0
36199.0,2.0,-3.1186,-4.53,0.12281,0.0917,-6.0,-0.8262,0.0,0.0,89.0,594.0
36209.0,2.0,3.0956,-4.846,0.12345,0.0317,-6.0,-0.8006,0.0,0.0,89.0,587.0
36220.0,2.0,3.0388,-5.263,0.12353,-0.0283,-6.0,-0.7604,0.0,0.0,89.0,580.0
36230.0,2.0,3.0526,-4.527,0.123,-0.0883,-6.0,-0.8182,0.0,0.0,89.0,578.0
36240.0,2.0,2.9959,-3.936,0.12184,-0.1483,-6.0,-0.8573,0.0,0.0,89.0,579.0
36250.0,2.0,2.9345,-4.153,0.11992,-0.2143,-6.0,-0.8335,0.0,0.0,89.0,572.0
36260.0,2.0,2.8839,-4.497,0.11756,-0.2743,-6.0,-0.796,0.0,0.0,89.0,578.0
36270.0,2.0,2.801,-5.152,0.11456,-0.3343,-6.0,-0.723,0.0,0.0,89.0,572.0
36280.0,2.0,2.7167,-6.13,0.111,-0.3943,-6.0,-0.5981,0.0,0.0,89.0,596.0
36291.0,2.0,2.6292,-6.96,0.10684,-0.4541,-5.912,-0.4654,0.0,0.0,89.0,595.0
36301.0,2.0,2.5571,-7.327,0.10159,-0.5167,-5.539,-0.3737,0.0,0.0,89.0,601.0
36311.0,2.0,2.485,-7.263,0.09626,-0.5707,-5.284,-0.3396,0.0,0.0,89.0,570.0
36321.0,2.0,2.4268,-6.979,0.09037,-0.6224,-5.07,-0.3339,0.0,0.0,89.0,586.0
36332.0,2.0,2.3884,-6.386,0.084,-0.6722,-4.921,-0.3676,0.0,0.0,89.0,578.0
36342.0,2.0,2.3332,-5.83,0.07714,-0.7206,-4.743,-0.3942,0.0,0.0,89.0,586.0
36352.0,2.0,2.278,-5.78,0.06983,-0.7662,-4.424,-0.3566,0.0,0.0,89.0,585.0
36362.0,2.0,2.2534,-5.02,0.06124,-0.8135,-4.216,-0.3978,0.0,0.0,89.0,572.0
36372.0,2.0,2.2396,-4.042,0.05299,-0.8547,-4.041,-0.461,0.0,0.0,89.0,580.0
36382.0,2.0,2.2304,-3.077,0.04436,-0.8937,-3.764,-0.5149,0.0,0.0,89.0,585.0
36393.0,2.0,2.212,-2.502,0.03536,-0.9292,-3.358,-0.5342,0.0,0.0,89.0,562.0
36403.0,2.0,2.212,-1.9,0.02599,-0.9599,-2.801,-0.554,0.0,0.0,89.0,586.0
36413.0,2.0,2.2151,-1.261,0.01639,-0.9836,-1.985,-0.5745,0.0,0.0,89.0,586.0
36423.0,2.0,2.2212,-0.637,0.00563,-0.9986,-0.823,-0.5919,0.0,0.0,89.0,564.0
36433.0,2.0,2.2335,-0.132,-0.00428,-1.0005,0.346,-0.6048,0.0,0.0,89.0,617.0
36444.0,2.0,2.2503,0.408,-0.01414,-0.9904,1.546,-0.618,0.0,0.0,89.0,587.0
36454.0,2.0,2.2734,0.937,-0.02389,-0.9684,2.746,-0.6301,0.0,0.0,89.0,570.0
36464.0,2.0,2.3148,1.674,-0.03424,-0.9302,4.066,-0.6421,0.0,0.0,89.0,586.0
36474.0,2.0,2.3608,2.501,-0.04328,-0.8846,4.844,-0.6471,0.0,0.0,89.0,586.0
36484.0,2.0,2.4068,3.147,-0.05183,-0.834,5.21,-0.65,0.0,0.0,89.0,602.0
36495.0,2.0,2.4574,3.753,-0.05985,-0.7804,5.468,-0.65,0.0,0.0,89.0,586.0
36505.0,2.0,2.5096,4.213,-0.06731,-0.7245,5.682,-0.6525,0.0,0.0,89.0,586.0
36515.0,2.0,2.5648,4.643,-0.07425,-0.6666,5.868,-0.6535,0.0,0.0,89.0,594.0
36525.0,2.0,2.6231,5.057,-0.08059,-0.6071,6.0,-0.6517,0.0,0.0,89.0,601.0
36535.0,2.0,2.6829,5.369,-0.08636,-0.5471,6.0,-0.6533,0.0,0.0,89.0,586.0
36545.0,2.0,2.7428,5.637,-0.0915,-0.4871,6.0,-0.6546,0.0,0.0,89.0,586.0
36555.0,2.0,2.7934,5.477,-0.09649,-0.4211,6.0,-0.6898,0.0,0.0,89.0,580.0
36565.0,2.0,2.8394,5.213,-0.10039,-0.3611,6.0,-0.7277,0.0,0.0,89.0,602.0
36576.0,2.0,2.8823,4.943,-0.10373,-0.3011,6.0,-0.7622,0.0,0.0,89.0,580.0
36586.0,2.0,2.91,4.534,-0.10643,-0.2411,6.0,-0.803,0.0,0.0,89.0,600.0
36596.0,2.0,2.933,3.88,-0.10875,-0.1751,6.0,-0.8547,0.0,0.0,89.0,586.0
36606.0,2.0,2.9974,3.855,-0.11021,-0.1151,6.0,-0.8627,0.0,0.0,89.0,586.0
36616.0,2.0,3.0741,4.764,-0.11108,-0.0551,6.0,-0.8047,0.0,0.0,89.0,586.0
36626.0,2.0,3.1309,5.387,-0.11138,0.0049,6.0,-0.7544,0.0,0.0,89.0,604.0
36637.0,2.0,-3.1263,5.079,-0.11108,0.0649,6.0,-0.7812,0.0,0.0,89.0,580.0
36647.0,2.0,-3.137,3.922,-0.11018,0.1249,6.0,-0.869,0.0,0.0,89.0,594.0
36657.0,2.0,-3.0603,3.628,-0.10868,0.1849,6.0,-0.8863,0.0,0.0,89.0,594.0
36667.0,2.0,-2.9207,5.618,-0.10658,0.2449,6.0,-0.7175,0.0,0.0,89.0,578.0
36677.0,2.0,-2.8486,7.207,-0.10361,0.3109,5.989,-0.5163,0.0,0.0,89.0,583.0
36687.0,2.0,-2.8133,6.761,-0.10028,0.37,5.927,-0.5506,0.0,0.0,89.0,594.0
36698.0,2.0,-2.7688,5.968,-0.09638,0.4294,5.923,-0.6219,0.0,0.0,89.0,578.0
36708.0,2.0,-2.6967,5.653,-0.09188,0.4881,5.782,-0.6337,0.0,0.0,89.0,578.0
36718.0,2.0,-2.5955,6.472,-0.08625,0.5492,5.329,-0.5069,0.0,0.0,89.0,586.0
36729.0,2.0,-2.5341,6.976,-0.08059,0.6001,4.928,-0.4039,0.0,0.0,89.0,586.0
36739.0,2.0,-2.5065,6.35,-0.07444,0.6484,4.803,-0.4459,0.0,0.0,89.0,577.0
36749.0,2.0,-2.482,5.212,-0.06784,0.6964,4.774,-0.5433,0.0,0.0,89.0,572.0
36759.0,2.0,-2.4145,4.856,-0.06,0.7476,4.515,-0.5457,0.0,0.0,89.0,578.0
36769.0,2.0,-2.4022,4.409,-0.05243,0.7913,4.285,-0.5583,0.0,0.0,89.0,577.0
36779.0,2.0,-2.3915,3.458,-0.0444,0.8332,4.102,-0.615,0.0,0.0,89.0,594.0
36790.0,2.0,-2.3516,3.19,-0.036,0.8726,3.798,-0.6129,0.0,0.0,89.0,570.0
36800.0,2.0,-2.3439,2.78,-0.02723,0.9088,3.466,-0.621,0.0,0.0,89.0,586.0
36810.0,2.0,-2.347,2.016,-0.01808,0.941,2.986,-0.6519,0.0,0.0,89.0,561.0
36820.0,2.0,-2.3317,1.484,-0.00769,0.9696,2.308,-0.6662,0.0,0.0,89.0,578.0
36830.0,2.0,-2.3163,1.433,0.00203,0.9905,1.924,-0.658,0.0,0.0,89.0,572.0
36840.0,2.0,-2.3163,1.172,0.01193,1.0066,1.321,-0.66,0.0,0.0,89.0,585.0
36851.0,2.0,-2.3194,0.79,0.02194,1.0137,0.162,-0.6679,0.0,0.0,89.0,547.0
36861.0,2.0,-2.3301,0.315,0.03199,1.0087,-1.038,-0.6792,0.0,0.0,89.0,555.0
36871.0,2.0,-2.347,-0.222,0.04189,0.9917,-2.238,-0.6915,0.0,0.0,89.0,554.0
36881.0,2.0,-2.37,-0.79,0.0516,0.9627,-3.438,-0.7029,0.0,0.0,89.0,578.0
36891.0,2.0,-2.3991,-1.384,0.06098,0.9217,-4.638,-0.7125,0.0,0.0,89.0,548.0
36901.0,2.0,-2.4344,-1.993,0.0699,0.8688,-5.838,-0.7192,0.0,0.0,89.0,555.0
36911.0,2.0,-2.482,-2.691,0.07905,0.8028,-6.0,-0.7221,0.0,0.0,89.0,564.0
36922.0,2.0,-2.5326,-3.344,0.08674,0.7428,-6.0,-0.7191,0.0,0.0,89.0,555.0
36932.0,2.0,-2.5863,-3.942,0.09383,0.6828,-6.0,-0.7131,0.0,0.0,89.0,555.0
36942.0,2.0,-2.6384,-4.419,0.10035,0.6228,-6.0,-0.7085,0.0,0.0,89.0,555.0
36952.0,2.0,-2.6891,-4.727,0.10627,0.5628,-6.0,-0.7103,0.0,0.0,89.0,571.0
36962.0,2.0,-2.7474,-4.949,0.11205,0.4968,-6.0,-0.7168,0.0,0.0,89.0,564.0
36973.0,2.0,-2.8026,-5.117,0.1167,0.4368,-6.0,-0.7223,0.0,0.0,89.0,555.0
36983.0,2.0,-2.8593,-5.257,0.12079,0.3768,-6.0,-0.7271,0.0,0.0,89.0,555.0
36993.0,2.0,-2.9238,-5.443,0.12458,0.3108,-6.0,-0.7262,0.0,0.0,89.0,555.0
37004.0,2.0,-2.9836,-5.628,0.12739,0.2508,-6.0,-0.7201,0.0,0.0,89.0,557.0
37014.0,2.0,-3.0373,-5.669,0.1296,0.1908,-6.0,-0.7234,0.0,0.0,89.0,561.0
37024.0,2.0,-3.0848,-5.499,0.13121,0.1308,-6.0,-0.7431,0.0,0.0,89.0,555.0
37034.0,2.0,-3.1324,-5.129,0.13234,0.0648,-6.0,-0.7774,0.0,0.0,89.0,557.0
37044.0,2.0,3.0879,-5.156,0.13271,0.0048,-6.0,-0.7737,0.0,0.0,89.0,572.0
37054.0,2.0,3.025,-5.479,0.13249,-0.0552,-6.0,-0.7393,0.0,0.0,89.0,572.0
37064.0,2.0,2.979,-5.529,0.1317,-0.1152,-6.0,-0.7264,0.0,0.0,89.0,586.0
37074.0,2.0,2.9498,-5.015,0.13027,-0.1752,-6.0,-0.7653,0.0,0.0,89.0,588.0
37085.0,2.0,2.9406,-4.267,0.12829,-0.2352,-6.0,-0.8189,0.0,0.0,89.0,572.0
37095.0,2.0,2.9038,-3.24,0.1257,-0.2952,-6.0,-0.8831,0.0,0.0,89.0,572.0
37105.0,2.0,2.8762,-3.155,0.12251,-0.3552,-6.0,-0.8805,0.0,0.0,89.0,588.0
37115.0,2.0,2.8256,-3.492,0.11876,-0.4152,-6.0,-0.8491,0.0,0.0,89.0,572.0
37125.0,2.0,2.7658,-4.005,0.11393,-0.4812,-6.0,-0.7974,0.0,0.0,89.0,570.0
37135.0,2.0,2.6829,-4.953,0.1089,-0.5412,-6.0,-0.6964,0.0,0.0,89.0,571.0
37145.0,2.0,2.6108,-5.792,0.10328,-0.6012,-5.966,-0.5831,0.0,0.0,89.0,600.0
37156.0,2.0,2.5433,-6.296,0.09709,-0.6586,-5.568,-0.4908,0.0,0.0,89.0,594.0
37166.0,2.0,2.4804,-6.49,0.08963,-0.7174,-5.18,-0.424,0.0,0.0,89.0,593.0
37176.0,2.0,2.4176,-6.351,0.08231,-0.7675,-4.888,-0.4001,0.0,0.0,89.0,572.0
37187.0,2.0,2.3731,-5.945,0.07451,-0.815,-4.646,-0.4087,0.0,0.0,89.0,572.0
37197.0,2.0,2.3363,-5.397,0.06626,-0.8602,-4.422,-0.4328,0.0,0.0,89.0,586.0
37207.0,2.0,2.3056,-4.756,0.05756,-0.9032,-4.196,-0.465,0.0,0.0,89.0,593.0
37217.0,2.0,2.2718,-4.153,0.04751,-0.9476,-3.898,-0.4877,0.0,0.0,89.0,572.0
37228.0,2.0,2.255,-3.586,0.03799,-0.9849,-3.594,-0.5082,0.0,0.0,89.0,578.0
37238.0,2.0,2.2457,-2.849,0.02805,-1.019,-3.231,-0.5412,0.0,0.0,89.0,580.0
37248.0,2.0,2.2427,-2.12,0.01785,-1.0486,-2.71,-0.5702,0.0,0.0,89.0,594.0
37258.0,2.0,2.2427,-1.407,0.00634,-1.0731,-1.697,-0.5939,0.0,0.0,89.0,561.0
37268.0,2.0,2.2473,-0.835,-0.00435,-1.0835,-0.497,-0.6101,0.0,0.0,89.0,547.0
37279.0,2.0,2.258,-0.287,-0.01511,-1.0818,0.703,-0.6244,0.0,0.0,89.0,545.0
37289.0,2.0,2.2734,0.249,-0.0258,-1.0682,1.903,-0.6374,0.0,0.0,89.0,562.0
37299.0,2.0,2.2918,0.777,-0.03735,-1.0394,3.223,-0.6498,0.0,0.0,89.0,579.0
37309.0,2.0,2.324,1.311,-0.04748,-1.0005,4.423,-0.6606,0.0,0.0,89.0,563.0
37320.0,2.0,2.3654,2.021,-0.05715,-0.9497,5.623,-0.6687,0.0,0.0,89.0,539.0
37330.0,2.0,2.4068,2.715,-0.0663,-0.8901,6.0,-0.6725,0.0,0.0,89.0,555.0
37340.0,2.0,2.4498,3.237,-0.07489,-0.8301,6.0,-0.6768,0.0,0.0,89.0,555.0
37350.0,2.0,2.505,3.786,-0.08363,-0.7641,6.0,-0.679,0.0,0.0,89.0,555.0
37360.0,2.0,2.551,4.157,-0.09094,-0.7041,6.0,-0.6838,0.0,0.0,89.0,563.0
37370.0,2.0,2.6093,4.544,-0.09761,-0.6441,6.0,-0.685,0.0,0.0,89.0,555.0
37381.0,2.0,2.6615,4.83,-0.10373,-0.5841,6.0,-0.6896,0.0,0.0,89.0,564.0
37391.0,2.0,2.7228,5.164,-0.10924,-0.5241,6.0,-0.6876,0.0,0.0,89.0,563.0
37401.0,2.0,2.778,5.338,-0.11464,-0.4581,6.0,-0.6961,0.0,0.0,89.0,581.0
37411.0,2.0,2.8455,5.589,-0.11891,-0.3981,6.0,-0.6929,0.0,0.0,89.0,556.0
37421.0,2.0,2.9146,5.885,-0.12259,-0.3381,6.0,-0.6813,0.0,0.0,89.0,573.0
37432.0,2.0,2.956,5.719,-0.12566,-0.2781,6.0,-0.7082,0.0,0.0,89.0,555.0
37442.0,2.0,3.0035,5.553,-0.12818,-0.2181,6.0,-0.7316,0.0,0.0,89.0,555.0
37452.0,2.0,3.0649,5.267,-0.13009,-0.1581,6.0,-0.7623,0.0,0.0,89.0,565.0
37462.0,2.0,3.0864,4.909,-0.13148,-0.0921,6.0,-0.7956,0.0,0.0,89.0,555.0
37472.0,2.0,3.1401,4.57,-0.13211,-0.0321,6.0,-0.8233,0.0,0.0,89.0,570.0
37482.0,2.0,-3.0772,4.894,-0.13219,0.0279,6.0,-0.7955,0.0,0.0,89.0,586.0
37492.0,2.0,-3.0511,4.832,-0.13162,0.0879,6.0,-0.7966,0.0,0.0,89.0,578.0
37502.0,2.0,-3.0465,3.9,-0.1305,0.1479,6.0,-0.8637,0.0,0.0,89.0,594.0
37513.0,2.0,-2.9928,3.487,-0.12881,0.2079,6.0,-0.8864,0.0,0.0,89.0,577.0
37523.0,2.0,-2.8731,4.891,-0.12649,0.2679,6.0,-0.7711,0.0,0.0,89.0,578.0
37533.0,2.0,-2.7658,6.814,-0.12326,0.3339,6.0,-0.5446,0.0,0.0,89.0,577.0
37543.0,2.0,-2.6983,7.46,-0.1197,0.3939,6.0,-0.4302,0.0,0.0,89.0,577.0
37553.0,2.0,-2.6446,7.209,-0.11554,0.4539,6.0,-0.4309,0.0,0.0,89.0,571.0
37564.0,2.0,-2.5986,6.576,-0.11078,0.5139,6.0,-0.4794,0.0,0.0,89.0,572.0
37574.0,2.0,-2.5587,5.866,-0.10545,0.5737,5.944,-0.5322,0.0,0.0,89.0,586.0
37584.0,2.0,-2.5295,5.133,-0.09953,0.6325,5.834,-0.5817,0.0,0.0,89.0,578.0
37594.0,2.0,-2.4697,4.791,-0.09236,0.6954,5.591,-0.5841,0.0,0.0,89.0,562.0
37604.0,2.0,-2.436,4.539,-0.0852,0.7498,5.335,-0.579,0.0,0.0,89.0,578.0
37614.0,2.0,-2.413,4.058,-0.07759,0.8019,5.103,-0.5951,0.0,0.0,89.0,577.0
37625.0,2.0,-2.3961,3.416,-0.06945,0.8516,4.862,-0.6239,0.0,0.0,89.0,577.0
37635.0,2.0,-2.3761,2.883,-0.06079,0.8986,4.555,-0.6421,0.0,0.0,89.0,593.0
37645.0,2.0,-2.3623,2.46,-0.05175,0.9421,4.185,-0.6517,0.0,0.0,89.0,578.0
37655.0,2.0,-2.3562,1.984,-0.04226,0.9815,3.714,-0.6643,0.0,0.0,89.0,587.0
37665.0,2.0,-2.3531,1.426,-0.03135,1.0182,2.982,-0.6795,0.0,0.0,89.0,587.0
37676.0,2.0,-2.3531,1.004,-0.02119,1.0436,2.157,-0.689,0.0,0.0,89.0,578.0
37686.0,2.0,-2.3593,0.578,-0.0108,1.0597,1.106,-0.6985,0.0,0.0,89.0,578.0
37696.0,2.0,-2.3685,0.112,-0.00023,1.0642,-0.094,-0.7091,0.0,0.0,89.0,618.0
37706.0,2.0,-2.3884,-0.438,0.01136,1.0552,-1.414,-0.7209,0.0,0.0,89.0,603.0
37717.0,2.0,-2.4114,-0.936,0.02171,1.0345,-2.614,-0.7304,0.0,0.0,89.0,586.0
37727.0,2.0,-2.439,-1.445,0.0318,1.0018,-3.814,-0.7387,0.0,0.0,89.0,602.0
37737.0,2.0,-2.4712,-1.962,0.04151,0.9572,-4.901,-0.7451,0.0,0.0,89.0,587.0
37747.0,2.0,-2.5065,-2.421,0.05168,0.9003,-5.365,-0.7517,0.0,0.0,89.0,578.0
37757.0,2.0,-2.5433,-2.799,0.06034,0.8448,-5.68,-0.7572,0.0,0.0,89.0,586.0
37768.0,2.0,-2.5832,-3.143,0.06848,0.7866,-5.94,-0.7622,0.0,0.0,89.0,585.0
37778.0,2.0,-2.6246,-3.466,0.07601,0.7266,-6.0,-0.7664,0.0,0.0,89.0,588.0
37788.0,2.0,-2.6707,-3.804,0.08363,0.6606,-6.0,-0.7696,0.0,0.0,89.0,601.0
37798.0,2.0,-2.7243,-4.115,0.08989,0.6006,-6.0,-0.77,0.0,0.0,89.0,586.0
37808.0,2.0,-2.7765,-4.417,0.09559,0.5406,-6.0,-0.7681,0.0,0.0,89.0,594.0
37819.0,2.0,-2.8271,-4.68,0.10069,0.4806,-6.0,-0.7659,0.0,0.0,89.0,580.0
37829.0,2.0,-2.8793,-4.841,0.10519,0.4206,-6.0,-0.7678,0.0,0.0,89.0,586.0
37839.0,2.0,-2.9222,-4.813,0.10946,0.3546,-6.0,-0.7823,0.0,0.0,89.0,601.0
37849.0,2.0,-2.9713,-4.725,0.11269,0.2946,-6.0,-0.7977,0.0,0.0,89.0,586.0
37859.0,2.0,-3.0112,-4.586,0.11535,0.2346,-6.0,-0.8147,0.0,0.0,89.0,586.0
37869.0,2.0,-3.0557,-4.476,0.11741,0.1746,-6.0,-0.8273,0.0,0.0,89.0,580.0
37879.0,2.0,-3.0971,-4.473,0.11888,0.1146,-6.0,-0.8301,0.0,0.0,89.0,586.0
37890.0,2.0,3.1124,-4.719,0.11978,0.0546,-6.0,-0.8114,0.0,0.0,89.0,580.0
37900.0,2.0,3.0557,-5.164,0.12004,-0.0054,-6.0,-0.771,0.0,0.0,89.0,586.0
37910.0,2.0,3.0373,-4.997,0.11974,-0.0654,-6.0,-0.7805,0.0,0.0,89.0,594.0
37920.0,2.0,3.0097,-4.036,0.1188,-0.1254,-6.0,-0.852,0.0,0.0,89.0,580.0
37930.0,2.0,2.9575,-4.035,0.1173,-0.1854,-6.0,-0.8456,0.0,0.0,89.0,571.0
37940.0,2.0,2.8916,-4.381,0.11498,-0.2514,-6.0,-0.8091,0.0,0.0,89.0,572.0
37950.0,2.0,2.8302,-4.806,0.11224,-0.3114,-6.0,-0.7603,0.0,0.0,89.0,580.0
37961.0,2.0,2.7443,-5.712,0.1089,-0.3714,-6.0,-0.653,0.0,0.0,89.0,572.0
37971.0,2.0,2.6691,-6.545,0.10496,-0.4314,-5.997,-0.5307,0.0,0.0,89.0,578.0
37981.0,2.0,2.5924,-7.017,0.10046,-0.4894,-5.644,-0.4361,0.0,0.0,89.0,586.0
37991.0,2.0,2.5311,-7.046,0.09536,-0.5443,-5.378,-0.3932,0.0,0.0,89.0,578.0
38001.0,2.0,2.4651,-6.785,0.08914,-0.602,-5.14,-0.3823,0.0,0.0,89.0,580.0
38012.0,2.0,2.4145,-6.426,0.08299,-0.6522,-4.938,-0.3863,0.0,0.0,89.0,572.0
38022.0,2.0,2.3777,-5.745,0.07631,-0.7008,-4.798,-0.429,0.0,0.0,89.0,584.0
38032.0,2.0,2.3224,-5.383,0.06919,-0.7476,-4.563,-0.4315,0.0,0.0,89.0,586.0
38042.0,2.0,2.2902,-4.961,0.06079,-0.796,-4.288,-0.4352,0.0,0.0,89.0,601.0
38052.0,2.0,2.2718,-4.169,0.05276,-0.8379,-4.095,-0.4802,0.0,0.0,89.0,562.0
38062.0,2.0,2.258,-3.353,0.04429,-0.8775,-3.842,-0.5227,0.0,0.0,89.0,570.0
38072.0,2.0,2.2488,-2.604,0.0354,-0.914,-3.472,-0.5556,0.0,0.0,89.0,580.0
38083.0,2.0,2.2427,-1.977,0.02625,-0.946,-2.952,-0.5774,0.0,0.0,89.0,586.0
38093.0,2.0,2.2411,-1.423,0.01676,-0.9718,-2.252,-0.5936,0.0,0.0,89.0,580.0
38103.0,2.0,2.2457,-0.888,0.00705,-0.9894,-1.317,-0.6082,0.0,0.0,89.0,564.0
38113.0,2.0,2.2565,-0.336,-0.00274,-0.9962,-0.143,-0.6226,0.0,0.0,89.0,556.0
38123.0,2.0,2.2764,0.253,-0.0126,-0.991,1.057,-0.637,0.0,0.0,89.0,579.0
38133.0,2.0,2.2994,0.86,-0.02235,-0.9739,2.257,-0.65,0.0,0.0,89.0,586.0
38143.0,2.0,2.3317,1.524,-0.03285,-0.9411,3.577,-0.6618,0.0,0.0,89.0,595.0
38154.0,2.0,2.3715,2.167,-0.04196,-0.8988,4.754,-0.6694,0.0,0.0,89.0,586.0
38164.0,2.0,2.4114,2.773,-0.05066,-0.8486,5.186,-0.6743,0.0,0.0,89.0,596.0
38174.0,2.0,2.459,3.332,-0.05884,-0.7951,5.48,-0.6768,0.0,0.0,89.0,594.0
38184.0,2.0,2.505,3.78,-0.06645,-0.739,5.711,-0.6806,0.0,0.0,89.0,594.0
38194.0,2.0,2.5602,4.258,-0.0735,-0.6808,5.903,-0.6799,0.0,0.0,89.0,586.0
38204.0,2.0,2.6246,4.708,-0.08063,-0.615,6.0,-0.6791,0.0,0.0,89.0,594.0
38215.0,2.0,2.6768,5.002,-0.08644,-0.555,6.0,-0.6823,0.0,0.0,89.0,594.0
38225.0,2.0,2.7382,5.299,-0.09169,-0.495,6.0,-0.682,0.0,0.0,89.0,586.0
38235.0,2.0,2.7888,5.426,-0.09634,-0.435,6.0,-0.6917,0.0,0.0,89.0,588.0
38245.0,2.0,2.8363,5.232,-0.10073,-0.369,6.0,-0.7258,0.0,0.0,89.0,580.0
38255.0,2.0,2.8808,4.999,-0.10414,-0.309,6.0,-0.7577,0.0,0.0,89.0,608.0
38266.0,2.0,2.9222,4.746,-0.10691,-0.249,6.0,-0.7878,0.0,0.0,89.0,602.0
38276.0,2.0,2.9483,4.334,-0.10913,-0.189,6.0,-0.8257,0.0,0.0,89.0,580.0
38286.0,2.0,2.9913,3.9,-0.11074,-0.129,6.0,-0.8603,0.0,0.0,89.0,587.0
38296.0,2.0,3.0419,4.12,-0.11175,-0.069,6.0,-0.8512,0.0,0.0,89.0,586.0
38306.0,2.0,3.1155,4.7,-0.1122,-0.003,6.0,-0.8125,0.0,0.0,89.0,602.0
38317.0,2.0,-3.1201,5.05,-0.11197,0.057,6.0,-0.7839,0.0,0.0,89.0,593.0
38327.0,2.0,-3.1078,4.613,-0.11115,0.117,6.0,-0.8181,0.0,0.0,89.0,588.0
38337.0,2.0,-3.0833,3.666,-0.10973,0.177,6.0,-0.8837,0.0,0.0,89.0,571.0
38347.0,2.0,-2.9544,4.788,-0.10774,0.237,6.0,-0.7953,0.0,0.0,89.0,577.0
38357.0,2.0,-2.8501,6.876,-0.10485,0.303,6.0,-0.5616,0.0,0.0,89.0,579.0
38367.0,2.0,-2.8087,7.03,-0.10159,0.3626,5.909,-0.5199,0.0,0.0,89.0,578.0
38377.0,2.0,-2.7765,6.089,-0.09773,0.4218,5.946,-0.6111,0.0,0.0,89.0,593.0
38388.0,2.0,-2.7228,5.509,-0.0933,0.481,5.866,-0.6524,0.0,0.0,89.0,578.0
38398.0,2.0,-2.6262,5.983,-0.08828,0.5381,5.53,-0.5743,0.0,0.0,89.0,586.0
38408.0,2.0,-2.5464,6.845,-0.08273,0.5906,5.055,-0.433,0.0,0.0,89.0,585.0
38418.0,2.0,-2.5249,6.43,-0.07665,0.6399,4.878,-0.448,0.0,0.0,89.0,594.0
38428.0,2.0,-2.5157,4.883,-0.06945,0.6938,4.911,-0.5875,0.0,0.0,89.0,578.0
38438.0,2.0,-2.482,3.86,-0.06233,0.7425,4.798,-0.6566,0.0,0.0,89.0,593.0
38449.0,2.0,-2.4037,4.453,-0.05483,0.7883,4.397,-0.5761,0.0,0.0,89.0,570.0
38459.0,2.0,-2.393,4.184,-0.04684,0.8305,4.12,-0.5714,0.0,0.0,89.0,578.0
38469.0,2.0,-2.3792,3.415,-0.0384,0.8705,3.891,-0.6113,0.0,0.0,89.0,593.0
38479.0,2.0,-2.3485,3.036,-0.02963,0.9078,3.579,-0.6177,0.0,0.0,89.0,571.0
38489.0,2.0,-2.347,2.465,-0.01957,0.9448,3.172,-0.6349,0.0,0.0,89.0,578.0
38499.0,2.0,-2.3455,1.699,-0.01013,0.9734,2.562,-0.6643,0.0,0.0,89.0,578.0
38510.0,2.0,-2.3317,1.367,-0.00038,0.9955,1.965,-0.6696,0.0,0.0,89.0,580.0
38520.0,2.0,-2.327,1.165,0.00956,1.0123,1.411,-0.6692,0.0,0.0,89.0,563.0
38530.0,2.0,-2.3332,0.765,0.01965,1.0202,0.253,-0.6777,0.0,0.0,89.0,555.0
38540.0,2.0,-2.3455,0.248,0.02974,1.0161,-0.947,-0.6902,0.0,0.0,89.0,556.0
38550.0,2.0,-2.3654,-0.365,0.04073,0.9978,-2.267,-0.7038,0.0,0.0,89.0,548.0
38561.0,2.0,-2.3915,-0.973,0.05048,0.9685,-3.467,-0.715,0.0,0.0,89.0,539.0
38571.0,2.0,-2.4222,-1.569,0.05993,0.9273,-4.667,-0.7235,0.0,0.0,89.0,554.0
38581.0,2.0,-2.459,-2.16,0.06893,0.874,-5.867,-0.7291,0.0,0.0,89.0,563.0
38591.0,2.0,-2.5004,-2.746,0.07729,0.814,-6.0,-0.7315,0.0,0.0,89.0,556.0
38601.0,2.0,-2.5495,-3.336,0.08509,0.754,-6.0,-0.7298,0.0,0.0,89.0,563.0
38611.0,2.0,-2.6001,-3.889,0.093,0.688,-6.0,-0.7272,0.0,0.0,89.0,555.0
38622.0,2.0,-2.6507,-4.233,0.09953,0.628,-6.0,-0.7291,0.0,0.0,89.0,555.0
38632.0,2.0,-2.6998,-4.481,0.10549,0.568,-6.0,-0.734,0.0,0.0,89.0,555.0
38642.0,2.0,-2.7489,-4.656,0.11089,0.508,-6.0,-0.7412,0.0,0.0,89.0,557.0
38652.0,2.0,-2.801,-4.811,0.11565,0.448,-6.0,-0.7474,0.0,0.0,89.0,562.0
38662.0,2.0,-2.8624,-5.013,0.12019,0.382,-6.0,-0.7489,0.0,0.0,89.0,555.0
38672.0,2.0,-2.9222,-5.243,0.12371,0.322,-6.0,-0.7433,0.0,0.0,89.0,564.0
38683.0,2.0,-2.9775,-5.43,0.12664,0.262,-6.0,-0.7377,0.0,0.0,89.0,557.0
38693.0,2.0,-3.0219,-5.36,0.12896,0.202,-6.0,-0.7511,0.0,0.0,89.0,563.0
38703.0,2.0,-3.068,-5.097,0.13072,0.142,-6.0,-0.7781,0.0,0.0,89.0,555.0
38713.0,2.0,-3.1124,-4.803,0.13196,0.076,-6.0,-0.8046,0.0,0.0,89.0,563.0
38724.0,2.0,3.1109,-4.832,0.13245,0.016,-6.0,-0.802,0.0,0.0,89.0,557.0
38734.0,2.0,3.0434,-5.271,0.13238,-0.044,-6.0,-0.7606,0.0,0.0,89.0,571.0
38744.0,2.0,2.9974,-5.451,0.13166,-0.104,-6.0,-0.7369,0.0,0.0,89.0,570.0
38754.0,2.0,2.9959,-4.488,0.13024,-0.17,-6.0,-0.8136,0.0,0.0,89.0,573.0
38765.0,2.0,2.9667,-3.354,0.12829,-0.23,-6.0,-0.8884,0.0,0.0,89.0,570.0
38775.0,2.0,2.9345,-3.329,0.12578,-0.29,-6.0,-0.8834,0.0,0.0,89.0,572.0
38785.0,2.0,2.8793,-3.728,0.12229,-0.356,-6.0,-0.8474,0.0,0.0,89.0,601.0
38795.0,2.0,2.8195,-4.156,0.1185,-0.416,-6.0,-0.8036,0.0,0.0,89.0,577.0
38805.0,2.0,2.7351,-4.978,0.11411,-0.476,-6.0,-0.7157,0.0,0.0,89.0,590.0
38816.0,2.0,2.6569,-5.944,0.10916,-0.536,-6.0,-0.5908,0.0,0.0,89.0,572.0
38826.0,2.0,2.5848,-6.524,0.10358,-0.5953,-5.792,-0.4898,0.0,0.0,89.0,588.0
38836.0,2.0,2.5203,-6.739,0.09746,-0.6513,-5.45,-0.4248,0.0,0.0,89.0,580.0
38846.0,2.0,2.462,-6.618,0.09079,-0.7042,-5.173,-0.3996,0.0,0.0,89.0,578.0
38856.0,2.0,2.4099,-6.199,0.08287,-0.7595,-4.922,-0.4069,0.0,0.0,89.0,585.0
38867.0,2.0,2.3715,-5.568,0.07515,-0.8076,-4.736,-0.4426,0.0,0.0,89.0,586.0
38877.0,2.0,2.3056,-5.39,0.06611,-0.8579,-4.392,-0.4198,0.0,0.0,89.0,577.0
38887.0,2.0,2.2795,-4.991,0.05741,-0.9002,-4.114,-0.4246,0.0,0.0,89.0,565.0
38898.0,2.0,2.2626,-4.203,0.04834,-0.94,-3.888,-0.4692,0.0,0.0,89.0,562.0
38908.0,2.0,2.255,-3.27,0.03885,-0.9775,-3.613,-0.5218,0.0,0.0,89.0,587.0
38918.0,2.0,2.2488,-2.329,0.02801,-1.0145,-3.122,-0.5654,0.0,0.0,89.0,601.0
38928.0,2.0,2.2442,-1.684,0.01785,-1.0423,-2.472,-0.5875,0.0,0.0,89.0,571.0
38938.0,2.0,2.2442,-1.137,0.00746,-1.0625,-1.627,-0.6029,0.0,0.0,89.0,573.0
38948.0,2.0,2.2488,-0.655,-0.00315,-1.0734,-0.611,-0.6151,0.0,0.0,89.0,586.0
38959.0,2.0,2.2611,-0.167,-0.01376,-1.0732,0.547,-0.6271,0.0,0.0,89.0,569.0
38969.0,2.0,2.2749,0.335,-0.02434,-1.0612,1.747,-0.6393,0.0,0.0,89.0,588.0
38979.0,2.0,2.2948,0.837,-0.03578,-1.034,3.067,-0.6512,0.0,0.0,89.0,626.0
38989.0,2.0,2.3347,1.487,-0.04583,-0.9967,4.267,-0.662,0.0,0.0,89.0,596.0
39000.0,2.0,2.3777,2.281,-0.0555,-0.9481,5.228,-0.6681,0.0,0.0,89.0,586.0
39010.0,2.0,2.4206,2.955,-0.06465,-0.8933,5.649,-0.6707,0.0,0.0,89.0,586.0
39020.0,2.0,2.4666,3.472,-0.07324,-0.8351,5.935,-0.674,0.0,0.0,89.0,570.0
39030.0,2.0,2.5203,3.953,-0.08205,-0.7692,6.0,-0.6779,0.0,0.0,89.0,586.0
39040.0,2.0,2.574,4.376,-0.08944,-0.7092,6.0,-0.679,0.0,0.0,89.0,594.0
39051.0,2.0,2.6308,4.76,-0.09619,-0.6492,6.0,-0.6792,0.0,0.0,89.0,594.0
39061.0,2.0,2.6891,5.079,-0.10238,-0.5892,6.0,-0.6802,0.0,0.0,89.0,594.0
39071.0,2.0,2.7489,5.366,-0.10793,-0.5292,6.0,-0.68,0.0,0.0,89.0,602.0
39081.0,2.0,2.8149,5.666,-0.11291,-0.4692,6.0,-0.6748,0.0,0.0,89.0,586.0
39091.0,2.0,2.8716,5.829,-0.11771,-0.4032,6.0,-0.679,0.0,0.0,89.0,591.0
39102.0,2.0,2.9222,5.638,-0.12143,-0.3432,6.0,-0.7094,0.0,0.0,89.0,586.0
39112.0,2.0,2.9698,5.341,-0.12458,-0.2832,6.0,-0.7454,0.0,0.0,89.0,602.0
39122.0,2.0,3.0097,5.071,-0.12713,-0.2232,6.0,-0.7753,0.0,0.0,89.0,602.0
39132.0,2.0,3.0403,4.464,-0.12923,-0.1572,6.0,-0.8277,0.0,0.0,89.0,586.0
39143.0,2.0,3.0986,4.42,-0.13054,-0.0972,6.0,-0.8338,0.0,0.0,89.0,587.0
39153.0,2.0,-3.1048,5.083,-0.13121,-0.0372,6.0,-0.7811,0.0,0.0,89.0,594.0
39163.0,2.0,-3.0802,5.12,-0.13129,0.0288,6.0,-0.7747,0.0,0.0,89.0,601.0
39173.0,2.0,-3.0864,3.767,-0.13076,0.0888,6.0,-0.8762,0.0,0.0,89.0,584.0
39183.0,2.0,-3.0051,3.532,-0.12964,0.1488,6.0,-0.8881,0.0,0.0,89.0,586.0
39193.0,2.0,-2.8885,5.395,-0.12791,0.2088,6.0,-0.7305,0.0,0.0,89.0,594.0
39204.0,2.0,-2.8179,6.771,-0.12559,0.2688,6.0,-0.5611,0.0,0.0,89.0,578.0
39214.0,2.0,-2.778,6.583,-0.12266,0.3288,6.0,-0.561,0.0,0.0,89.0,595.0
39224.0,2.0,-2.7305,5.991,-0.11914,0.3888,6.0,-0.6066,0.0,0.0,89.0,579.0
39234.0,2.0,-2.643,6.014,-0.1146,0.4548,6.0,-0.5751,0.0,0.0,89.0,587.0
39245.0,2.0,-2.5771,6.398,-0.10984,0.5148,6.0,-0.4972,0.0,0.0,89.0,578.0
39255.0,2.0,-2.5341,6.231,-0.10447,0.5738,5.814,-0.4822,0.0,0.0,89.0,586.0
39265.0,2.0,-2.5265,5.251,-0.09855,0.6316,5.764,-0.5611,0.0,0.0,89.0,578.0
39275.0,2.0,-2.4835,4.233,-0.09206,0.689,5.68,-0.634,0.0,0.0,89.0,584.0
39285.0,2.0,-2.4268,4.331,-0.08426,0.7495,5.337,-0.5951,0.0,0.0,89.0,586.0
39295.0,2.0,-2.3961,4.256,-0.07665,0.8011,5.034,-0.5728,0.0,0.0,89.0,580.0
39306.0,2.0,-2.3884,3.514,-0.06848,0.8502,4.811,-0.6106,0.0,0.0,89.0,585.0
39316.0,2.0,-2.3669,2.917,-0.05993,0.8967,4.515,-0.6339,0.0,0.0,89.0,564.0
39326.0,2.0,-2.3501,2.551,-0.05085,0.9399,4.152,-0.6394,0.0,0.0,89.0,562.0
39336.0,2.0,-2.3485,2.007,-0.04136,0.979,3.675,-0.6561,0.0,0.0,89.0,578.0
39346.0,2.0,-2.347,1.348,-0.03053,1.0147,2.863,-0.6766,0.0,0.0,89.0,561.0
39356.0,2.0,-2.3455,0.963,-0.02033,1.039,2.055,-0.6844,0.0,0.0,89.0,585.0
39367.0,2.0,-2.3516,0.563,-0.00998,1.0543,1.041,-0.6931,0.0,0.0,89.0,578.0
39377.0,2.0,-2.3623,0.085,0.00053,1.0581,-0.159,-0.7041,0.0,0.0,89.0,611.0
39387.0,2.0,-2.3807,-0.499,0.01204,1.0484,-1.479,-0.7165,0.0,0.0,89.0,611.0
39397.0,2.0,-2.4099,-1.056,0.02235,1.027,-2.679,-0.7265,0.0,0.0,89.0,602.0
39408.0,2.0,-2.439,-1.609,0.03236,0.9937,-3.879,-0.7344,0.0,0.0,89.0,594.0
39418.0,2.0,-2.4743,-2.154,0.042,0.9484,-4.983,-0.7401,0.0,0.0,89.0,586.0
39428.0,2.0,-2.5142,-2.694,0.05119,0.8962,-5.382,-0.7431,0.0,0.0,89.0,594.0
39438.0,2.0,-2.5602,-3.195,0.06064,0.8351,-5.697,-0.7458,0.0,0.0,89.0,602.0
39449.0,2.0,-2.6016,-3.54,0.06866,0.7767,-5.935,-0.75,0.0,0.0,89.0,587.0
39459.0,2.0,-2.6461,-3.826,0.07609,0.7168,-6.0,-0.755,0.0,0.0,89.0,588.0
39469.0,2.0,-2.6937,-4.073,0.08291,0.6568,-6.0,-0.76,0.0,0.0,89.0,587.0
39479.0,2.0,-2.7412,-4.305,0.08918,0.5968,-6.0,-0.7639,0.0,0.0,89.0,602.0
39489.0,2.0,-2.798,-4.562,0.09536,0.5308,-6.0,-0.7653,0.0,0.0,89.0,581.0
39499.0,2.0,-2.8517,-4.817,0.10035,0.4708,-6.0,-0.7622,0.0,0.0,89.0,594.0
39509.0,2.0,-2.9054,-5.022,0.10474,0.4108,-6.0,-0.7595,0.0,0.0,89.0,604.0
39520.0,2.0,-2.9514,-5.03,0.10856,0.3508,-6.0,-0.7693,0.0,0.0,89.0,586.0
39530.0,2.0,-2.9928,-4.827,0.11175,0.2908,-6.0,-0.7931,0.0,0.0,89.0,585.0
39540.0,2.0,-3.0327,-4.612,0.11438,0.2308,-6.0,-0.8151,0.0,0.0,89.0,586.0
39550.0,2.0,-3.0802,-4.407,0.11659,0.1648,-6.0,-0.8341,0.0,0.0,89.0,579.0
39560.0,2.0,-3.1293,-4.368,0.11794,0.1048,-6.0,-0.8385,0.0,0.0,89.0,588.0
39570.0,2.0,3.0971,-4.653,0.11873,0.0448,-6.0,-0.816,0.0,0.0,89.0,588.0
39581.0,2.0,3.0388,-5.029,0.11888,-0.0152,-6.0,-0.781,0.0,0.0,89.0,572.0
39591.0,2.0,3.0357,-4.455,0.11839,-0.0812,-6.0,-0.8228,0.0,0.0,89.0,601.0
39601.0,2.0,2.9928,-3.817,0.11734,-0.1412,-6.0,-0.8646,0.0,0.0,89.0,577.0
39611.0,2.0,2.9422,-3.963,0.11569,-0.2012,-6.0,-0.8473,0.0,0.0,89.0,572.0
39621.0,2.0,2.8916,-4.313,0.11344,-0.2612,-6.0,-0.8112,0.0,0.0,89.0,594.0
39632.0,2.0,2.821,-4.805,0.11059,-0.3212,-6.0,-0.7564,0.0,0.0,89.0,580.0
39642.0,2.0,2.7228,-5.898,0.10718,-0.3812,-6.0,-0.6269,0.0,0.0,89.0,579.0
39652.0,2.0,2.6354,-6.799,0.10271,-0.4468,-5.835,-0.4873,0.0,0.0,89.0,573.0
39662.0,2.0,2.5663,-7.13,0.09803,-0.5032,-5.506,-0.4071,0.0,0.0,89.0,586.0
39672.0,2.0,2.5065,-7.04,0.09281,-0.5569,-5.266,-0.3786,0.0,0.0,89.0,586.0
39683.0,2.0,2.4498,-6.744,0.08711,-0.6084,-5.063,-0.3756,0.0,0.0,89.0,578.0
39693.0,2.0,2.4099,-6.2,0.08089,-0.6581,-4.906,-0.4032,0.0,0.0,89.0,580.0
39703.0,2.0,2.3562,-5.658,0.07414,-0.7064,-4.728,-0.4285,0.0,0.0,89.0,578.0
39713.0,2.0,2.301,-5.504,0.06622,-0.7564,-4.409,-0.4011,0.0,0.0,89.0,578.0
39723.0,2.0,2.278,-4.867,0.05854,-0.7993,-4.211,-0.4323,0.0,0.0,89.0,588.0
39734.0,2.0,2.2626,-4.007,0.05044,-0.8403,-4.02,-0.4832,0.0,0.0,89.0,562.0
39744.0,2.0,2.2565,-2.96,0.04106,-0.8829,-3.716,-0.5406,0.0,0.0,89.0,593.0
39754.0,2.0,2.2442,-2.262,0.03218,-0.9177,-3.274,-0.5684,0.0,0.0,89.0,564.0
39764.0,2.0,2.2396,-1.732,0.02299,-0.9474,-2.7,-0.5836,0.0,0.0,89.0,579.0
39774.0,2.0,2.2427,-1.188,0.01346,-0.9702,-1.904,-0.599,0.0,0.0,89.0,579.0
39784.0,2.0,2.2488,-0.65,0.00379,-0.9836,-0.853,-0.6135,0.0,0.0,89.0,580.0
39794.0,2.0,2.2642,-0.082,-0.00596,-0.9856,0.347,-0.628,0.0,0.0,89.0,601.0
39805.0,2.0,2.281,0.473,-0.01568,-0.9755,1.547,-0.6411,0.0,0.0,89.0,585.0
39815.0,2.0,2.3056,1.007,-0.02528,-0.9534,2.747,-0.6526,0.0,0.0,89.0,587.0
39825.0,2.0,2.347,1.746,-0.03458,-0.9194,3.947,-0.6626,0.0,0.0,89.0,594.0
39835.0,2.0,2.3869,2.511,-0.0435,-0.8738,4.905,-0.6672,0.0,0.0,89.0,586.0
39845.0,2.0,2.4375,3.142,-0.05276,-0.8175,5.279,-0.6714,0.0,0.0,89.0,594.0
39856.0,2.0,2.4835,3.665,-0.0606,-0.7632,5.528,-0.6733,0.0,0.0,89.0,586.0
39866.0,2.0,2.5372,4.1,-0.06791,-0.7068,5.737,-0.676,0.0,0.0,89.0,586.0
39876.0,2.0,2.594,4.552,-0.0753,-0.6424,5.934,-0.6769,0.0,0.0,89.0,586.0
39886.0,2.0,2.6523,4.944,-0.08141,-0.5826,6.0,-0.6752,0.0,0.0,89.0,602.0
39897.0,2.0,2.7151,5.279,-0.08692,-0.5226,6.0,-0.6735,0.0,0.0,89.0,594.0
39907.0,2.0,2.7704,5.486,-0.09184,-0.4626,6.0,-0.6781,0.0,0.0,89.0,588.0
39917.0,2.0,2.8133,5.367,-0.09615,-0.4026,6.0,-0.7061,0.0,0.0,89.0,593.0
39927.0,2.0,2.8624,5.102,-0.10024,-0.3366,6.0,-0.7439,0.0,0.0,89.0,580.0
39937.0,2.0,2.9023,4.821,-0.10331,-0.2766,6.0,-0.7775,0.0,0.0,89.0,602.0
39948.0,2.0,2.9345,4.472,-0.10579,-0.2166,6.0,-0.8124,0.0,0.0,89.0,586.0
39958.0,2.0,2.9529,3.887,-0.10766,-0.1566,6.0,-0.858,0.0,0.0,89.0,580.0
39968.0,2.0,3.0219,3.864,-0.10905,-0.0906,6.0,-0.8655,0.0,0.0,89.0,586.0
39978.0,2.0,3.0818,4.389,-0.10969,-0.0306,6.0,-0.8346,0.0,0.0,89.0,602.0
39989.0,2.0,3.1339,4.895,-0.10976,0.0294,6.0,-0.7972,0.0,0.0,89.0,594.0
39999.0,2.0,-3.1109,4.903,-0.1092,0.0894,6.0,-0.7957,0.0,0.0,89.0,578.0
40009.0,2.0,-3.114,3.877,-0.10793,0.1554,6.0,-0.8711,0.0,0.0,89.0,593.0
40019.0,2.0,-3.0311,3.803,-0.10613,0.2154,6.0,-0.8733,0.0,0.0,89.0,577.0
40029.0,2.0,-2.9115,5.616,-0.10373,0.2754,6.0,-0.7139,0.0,0.0,89.0,578.0
40039.0,2.0,-2.8179,7.167,-0.10076,0.3353,5.894,-0.5179,0.0,0.0,89.0,585.0
40050.0,2.0,-2.7658,7.362,-0.0972,0.3927,5.656,-0.4667,0.0,0.0,89.0,572.0
40060.0,2.0,-2.7044,6.992,-0.09307,0.4487,5.545,-0.4871,0.0,0.0,89.0,578.0
40070.0,2.0,-2.6369,6.758,-0.0879,0.5085,5.351,-0.4827,0.0,0.0,89.0,585.0
40081.0,2.0,-2.594,6.329,-0.08265,0.5612,5.207,-0.503,0.0,0.0,89.0,596.0
40091.0,2.0,-2.5571,5.598,-0.07688,0.6127,5.114,-0.5563,0.0,0.0,89.0,577.0
40101.0,2.0,-2.5142,5.017,-0.07057,0.6631,4.963,-0.5882,0.0,0.0,89.0,594.0
40111.0,2.0,-2.4559,5.001,-0.06307,0.7157,4.645,-0.5557,0.0,0.0,89.0,586.0
40121.0,2.0,-2.4436,4.303,-0.0558,0.7612,4.474,-0.5943,0.0,0.0,89.0,586.0
40132.0,2.0,-2.4114,3.691,-0.04808,0.8048,4.258,-0.6221,0.0,0.0,89.0,578.0
40142.0,2.0,-2.3899,3.355,-0.03994,0.8458,3.976,-0.6251,0.0,0.0,89.0,570.0
40152.0,2.0,-2.3761,2.697,-0.03053,0.8876,3.634,-0.6499,0.0,0.0,89.0,574.0
40162.0,2.0,-2.3577,2.346,-0.0216,0.9219,3.261,-0.655,0.0,0.0,89.0,584.0
40173.0,2.0,-2.3531,1.918,-0.01234,0.952,2.793,-0.6647,0.0,0.0,89.0,561.0
40183.0,2.0,-2.3485,1.417,-0.0018,0.9787,2.096,-0.677,0.0,0.0,89.0,601.0
40193.0,2.0,-2.3455,1.062,0.00799,0.9957,1.373,-0.6835,0.0,0.0,89.0,580.0
40204.0,2.0,-2.3409,0.84,0.01789,1.0058,0.724,-0.6853,0.0,0.0,89.0,570.0
40214.0,2.0,-2.3485,0.489,0.02786,1.0069,-0.434,-0.6923,0.0,0.0,89.0,554.0
40224.0,2.0,-2.3608,0.01,0.03881,0.9942,-1.754,-0.703,0.0,0.0,89.0,580.0
40235.0,2.0,-2.3792,-0.495,0.04856,0.9701,-2.954,-0.7138,0.0,0.0,89.0,555.0
40245.0,2.0,-2.4037,-1.03,0.05801,0.9339,-4.154,-0.7237,0.0,0.0,89.0,555.0
40255.0,2.0,-2.439,-1.654,0.06795,0.8803,-5.474,-0.7324,0.0,0.0,89.0,555.0
40265.0,2.0,-2.4774,-2.276,0.07639,0.8212,-6.0,-0.7368,0.0,0.0,89.0,555.0
40275.0,2.0,-2.5219,-2.894,0.08426,0.7612,-6.0,-0.7372,0.0,0.0,89.0,555.0
40285.0,2.0,-2.5725,-3.505,0.09154,0.7012,-6.0,-0.7331,0.0,0.0,89.0,561.0
40296.0,2.0,-2.6246,-4.072,0.09818,0.6412,-6.0,-0.726,0.0,0.0,89.0,555.0
40306.0,2.0,-2.6829,-4.557,0.10429,0.5812,-6.0,-0.7183,0.0,0.0,89.0,569.0
40316.0,2.0,-2.7382,-4.944,0.10976,0.5212,-6.0,-0.7123,0.0,0.0,89.0,565.0
40326.0,2.0,-2.7995,-5.202,0.11513,0.4552,-6.0,-0.7135,0.0,0.0,89.0,557.0
40336.0,2.0,-2.8563,-5.371,0.11936,0.3952,-6.0,-0.7162,0.0,0.0,89.0,571.0
40347.0,2.0,-2.9146,-5.498,0.12304,0.3352,-6.0,-0.7192,0.0,0.0,89.0,573.0
40357.0,2.0,-2.9713,-5.602,0.12638,0.2692,-6.0,-0.7217,0.0,0.0,89.0,561.0
40367.0,2.0,-3.0342,-5.657,0.12878,0.2092,-6.0,-0.7241,0.0,0.0,89.0,574.0
40377.0,2.0,-3.0864,-5.636,0.13058,0.1492,-6.0,-0.7302,0.0,0.0,89.0,571.0
40388.0,2.0,-3.1324,-5.446,0.13178,0.0892,-6.0,-0.749,0.0,0.0,89.0,555.0
40398.0,2.0,3.1048,-5.131,0.13241,0.0292,-6.0,-0.7762,0.0,0.0,89.0,563.0
40408.0,2.0,3.0526,-5.002,0.13249,-0.0308,-6.0,-0.7839,0.0,0.0,89.0,580.0
40418.0,2.0,3.0051,-4.981,0.13193,-0.0908,-6.0,-0.7799,0.0,0.0,89.0,578.0
40428.0,2.0,2.9544,-4.895,0.13061,-0.1568,-6.0,-0.7785,0.0,0.0,89.0,570.0
40438.0,2.0,2.9084,-4.766,0.12881,-0.2168,-6.0,-0.7795,0.0,0.0,89.0,578.0
40448.0,2.0,2.8793,-4.57,0.12641,-0.2768,-6.0,-0.7845,0.0,0.0,89.0,585.0
40459.0,2.0,2.8962,-3.396,0.12341,-0.3368,-6.0,-0.8625,0.0,0.0,89.0,573.0
40469.0,2.0,2.8517,-2.808,0.11981,-0.3968,-6.0,-0.8902,0.0,0.0,89.0,577.0
40479.0,2.0,2.8041,-3.082,0.11516,-0.4628,-6.0,-0.864,0.0,0.0,89.0,577.0
40489.0,2.0,2.752,-3.53,0.11033,-0.5228,-6.0,-0.8224,0.0,0.0,89.0,578.0
40499.0,2.0,2.6967,-4.015,0.10489,-0.5828,-6.0,-0.7706,0.0,0.0,89.0,600.0
40510.0,2.0,2.62,-4.921,0.09885,-0.6428,-5.984,-0.6689,0.0,0.0,89.0,594.0
40520.0,2.0,2.5479,-5.699,0.09225,-0.7001,-5.537,-0.5585,0.0,0.0,89.0,585.0
40530.0,2.0,2.4774,-6.159,0.08434,-0.7582,-5.084,-0.4654,0.0,0.0,89.0,580.0
40541.0,2.0,2.4298,-6.058,0.07661,-0.8073,-4.774,-0.4386,0.0,0.0,89.0,585.0
40551.0,2.0,2.3838,-5.734,0.06844,-0.8535,-4.502,-0.4376,0.0,0.0,89.0,580.0
40561.0,2.0,2.347,-5.248,0.05981,-0.8971,-4.253,-0.4545,0.0,0.0,89.0,578.0
40571.0,2.0,2.3086,-4.663,0.0498,-0.9422,-3.966,-0.4769,0.0,0.0,89.0,586.0
40582.0,2.0,2.2902,-4.023,0.04035,-0.9804,-3.7,-0.506,0.0,0.0,89.0,579.0
40592.0,2.0,2.2749,-3.21,0.02948,-1.0191,-3.361,-0.5448,0.0,0.0,89.0,587.0
40602.0,2.0,2.2642,-2.545,0.01928,-1.0505,-2.947,-0.571,0.0,0.0,89.0,579.0
40613.0,2.0,2.2596,-1.924,0.00878,-1.0741,-1.816,-0.5922,0.0,0.0,89.0,540.0
40623.0,2.0,2.2611,-1.335,-0.00195,-1.0856,-0.616,-0.6102,0.0,0.0,89.0,563.0
40633.0,2.0,2.2657,-0.726,-0.01384,-1.0845,0.704,-0.6269,0.0,0.0,89.0,571.0
40643.0,2.0,2.2764,-0.213,-0.02449,-1.0708,1.904,-0.6397,0.0,0.0,89.0,539.0
40653.0,2.0,2.2856,0.189,-0.03503,-1.0452,3.104,-0.6493,0.0,0.0,89.0,555.0
40663.0,2.0,2.3102,0.702,-0.04523,-1.0076,4.304,-0.6608,0.0,0.0,89.0,555.0
40673.0,2.0,2.3577,1.582,-0.05501,-0.9579,5.504,-0.6722,0.0,0.0,89.0,570.0
40684.0,2.0,2.4022,2.508,-0.06424,-0.8987,6.0,-0.6751,0.0,0.0,89.0,555.0
40694.0,2.0,2.4452,3.182,-0.07286,-0.8387,6.0,-0.6758,0.0,0.0,89.0,540.0
40704.0,2.0,2.4973,3.723,-0.08171,-0.7727,6.0,-0.6788,0.0,0.0,89.0,571.0
40715.0,2.0,2.5449,4.099,-0.0891,-0.7127,6.0,-0.6837,0.0,0.0,89.0,563.0
40725.0,2.0,2.5924,4.346,-0.09589,-0.6527,6.0,-0.6932,0.0,0.0,89.0,563.0
40735.0,2.0,2.6553,4.714,-0.10271,-0.5867,6.0,-0.6954,0.0,0.0,89.0,564.0
40746.0,2.0,2.7167,5.027,-0.10823,-0.5267,6.0,-0.6955,0.0,0.0,89.0,556.0
40756.0,2.0,2.7734,5.308,-0.11321,-0.4667,6.0,-0.6945,0.0,0.0,89.0,564.0
40766.0,2.0,2.8348,5.57,-0.11756,-0.4067,6.0,-0.6911,0.0,0.0,89.0,557.0
40776.0,2.0,2.9176,6.039,-0.12169,-0.3407,6.0,-0.6656,0.0,0.0,89.0,563.0
40786.0,2.0,2.9606,6.021,-0.1248,-0.2807,6.0,-0.6793,0.0,0.0,89.0,571.0
40797.0,2.0,3.0173,5.805,-0.12731,-0.2207,6.0,-0.7082,0.0,0.0,89.0,555.0
40807.0,2.0,3.0465,5.408,-0.12941,-0.1547,6.0,-0.7503,0.0,0.0,89.0,571.0
40817.0,2.0,3.0848,4.863,-0.13069,-0.0947,6.0,-0.7994,0.0,0.0,89.0,571.0
40828.0,2.0,3.117,4.241,-0.13136,-0.0347,6.0,-0.8478,0.0,0.0,89.0,555.0
40838.0,2.0,-3.1278,3.865,-0.13144,0.0253,6.0,-0.8733,0.0,0.0,89.0,579.0
40848.0,2.0,-3.1217,3.213,-0.13095,0.0853,6.0,-0.9119,0.0,0.0,89.0,587.0
40858.0,2.0,-3.0588,3.159,-0.12982,0.1453,6.0,-0.9133,0.0,0.0,89.0,585.0
40868.0,2.0,-2.9544,4.657,-0.12814,0.2053,6.0,-0.8049,0.0,0.0,89.0,578.0
40878.0,2.0,-2.8578,6.357,-0.12559,0.2713,6.0,-0.6227,0.0,0.0,89.0,588.0
40888.0,2.0,-2.7995,6.745,-0.12263,0.3313,6.0,-0.5561,0.0,0.0,89.0,586.0
40899.0,2.0,-2.7474,6.56,-0.11914,0.3913,6.0,-0.5545,0.0,0.0,89.0,577.0
40909.0,2.0,-2.6921,6.264,-0.11498,0.4513,6.0,-0.5637,0.0,0.0,89.0,582.0
40919.0,2.0,-2.6446,5.916,-0.11029,0.5113,6.0,-0.5761,0.0,0.0,89.0,578.0
40929.0,2.0,-2.5986,5.456,-0.1044,0.5773,6.0,-0.5959,0.0,0.0,89.0,578.0
40940.0,2.0,-2.571,4.846,-0.09844,0.6368,5.898,-0.6312,0.0,0.0,89.0,578.0
40950.0,2.0,-2.5295,4.436,-0.09188,0.6947,5.695,-0.6443,0.0,0.0,89.0,586.0
40960.0,2.0,-2.5035,4.033,-0.08475,0.7504,5.47,-0.6553,0.0,0.0,89.0,578.0
40970.0,2.0,-2.4697,3.575,-0.07631,0.809,5.197,-0.6679,0.0,0.0,89.0,587.0
40981.0,2.0,-2.4482,3.219,-0.0681,0.8594,4.914,-0.6737,0.0,0.0,89.0,578.0
40991.0,2.0,-2.4314,2.812,-0.05936,0.9068,4.598,-0.6831,0.0,0.0,89.0,570.0
41001.0,2.0,-2.4176,2.322,-0.04927,0.955,4.184,-0.6957,0.0,0.0,89.0,579.0
41011.0,2.0,-2.4083,1.906,-0.03964,0.9943,3.715,-0.7052,0.0,0.0,89.0,586.0
41022.0,2.0,-2.4022,1.522,-0.02966,1.0284,3.137,-0.7128,0.0,0.0,89.0,578.0
41032.0,2.0,-2.4053,1.064,-0.01935,1.0554,2.305,-0.7238,0.0,0.0,89.0,578.0
41042.0,2.0,-2.4114,0.564,-0.00776,1.0739,1.093,-0.7351,0.0,0.0,89.0,574.0
41052.0,2.0,-2.4206,0.121,0.00289,1.0782,-0.107,-0.7448,0.0,0.0,89.0,604.0
41063.0,2.0,-2.436,-0.336,0.01358,1.0705,-1.307,-0.7541,0.0,0.0,89.0,600.0
41073.0,2.0,-2.4559,-0.801,0.02411,1.0508,-2.507,-0.7628,0.0,0.0,89.0,594.0
41083.0,2.0,-2.482,-1.284,0.0354,1.0153,-3.827,-0.771,0.0,0.0,89.0,603.0
41094.0,2.0,-2.5081,-1.686,0.0453,0.9706,-4.956,-0.7777,0.0,0.0,89.0,601.0
41104.0,2.0,-2.5387,-2.087,0.05468,0.9181,-5.443,-0.7833,0.0,0.0,89.0,595.0
41114.0,2.0,-2.5771,-2.501,0.06435,0.8558,-5.833,-0.7884,0.0,0.0,89.0,570.0
41124.0,2.0,-2.6139,-2.872,0.0726,0.7962,-6.0,-0.7918,0.0,0.0,89.0,577.0
41134.0,2.0,-2.6553,-3.22,0.08025,0.7362,-6.0,-0.7941,0.0,0.0,89.0,594.0
41144.0,2.0,-2.6983,-3.555,0.08726,0.6762,-6.0,-0.795,0.0,0.0,89.0,580.0
41155.0,2.0,-2.7412,-3.818,0.09371,0.6162,-6.0,-0.7972,0.0,0.0,89.0,593.0
41165.0,2.0,-2.7842,-4.019,0.09956,0.5562,-6.0,-0.8007,0.0,0.0,89.0,588.0
41175.0,2.0,-2.8302,-4.162,0.10481,0.4962,-6.0,-0.8056,0.0,0.0,89.0,580.0
41185.0,2.0,-2.8747,-4.271,0.10946,0.4362,-6.0,-0.8108,0.0,0.0,89.0,586.0
41195.0,2.0,-2.9222,-4.347,0.11389,0.3702,-6.0,-0.8171,0.0,0.0,89.0,602.0
41206.0,2.0,-2.9652,-4.353,0.1173,0.3102,-6.0,-0.825,0.0,0.0,89.0,586.0
41216.0,2.0,-3.0097,-4.333,0.12011,0.2502,-6.0,-0.8329,0.0,0.0,89.0,585.0
41226.0,2.0,-3.0572,-4.351,0.12233,0.1902,-6.0,-0.8362,0.0,0.0,89.0,580.0
41236.0,2.0,-3.1094,-4.489,0.12409,0.1242,-6.0,-0.829,0.0,0.0,89.0,580.0
41246.0,2.0,3.1232,-4.69,0.12506,0.0642,-6.0,-0.8137,0.0,0.0,89.0,602.0
41256.0,2.0,3.0787,-4.879,0.12544,0.0042,-6.0,-0.7959,0.0,0.0,89.0,601.0
41267.0,2.0,3.0496,-4.323,0.12521,-0.0558,-6.0,-0.8366,0.0,0.0,89.0,572.0
41277.0,2.0,3.0035,-4.201,0.12443,-0.1158,-6.0,-0.8407,0.0,0.0,89.0,571.0
41287.0,2.0,2.9514,-4.364,0.123,-0.1758,-6.0,-0.8211,0.0,0.0,89.0,572.0
41297.0,2.0,2.8946,-4.626,0.12079,-0.2418,-6.0,-0.7887,0.0,0.0,89.0,588.0
41308.0,2.0,2.8118,-5.307,0.11813,-0.3018,-6.0,-0.7117,0.0,0.0,89.0,572.0
41318.0,2.0,2.7382,-5.973,0.1149,-0.3618,-6.0,-0.6211,0.0,0.0,89.0,588.0
41328.0,2.0,2.6553,-6.555,0.11104,-0.4218,-6.0,-0.5252,0.0,0.0,89.0,571.0
41338.0,2.0,2.594,-6.765,0.10613,-0.4874,-5.867,-0.4619,0.0,0.0,89.0,593.0
41349.0,2.0,2.5387,-6.557,0.10106,-0.5449,-5.666,-0.4519,0.0,0.0,89.0,586.0
41359.0,2.0,2.485,-6.251,0.0954,-0.6005,-5.469,-0.4525,0.0,0.0,89.0,578.0
41369.0,2.0,2.436,-5.91,0.08921,-0.654,-5.262,-0.4553,0.0,0.0,89.0,593.0
41379.0,2.0,2.3945,-5.393,0.08183,-0.7105,-5.046,-0.4734,0.0,0.0,89.0,586.0
41390.0,2.0,2.3669,-4.606,0.07459,-0.7602,-4.895,-0.5222,0.0,0.0,89.0,586.0
41400.0,2.0,2.3317,-4.103,0.06604,-0.8125,-4.626,-0.5362,0.0,0.0,89.0,601.0
41410.0,2.0,2.3071,-3.691,0.05783,-0.8572,-4.349,-0.5438,0.0,0.0,89.0,577.0
41421.0,2.0,2.2948,-3.05,0.04916,-0.8991,-4.05,-0.5701,0.0,0.0,89.0,579.0
41431.0,2.0,2.2887,-2.362,0.04013,-0.9375,-3.641,-0.5974,0.0,0.0,89.0,585.0
41441.0,2.0,2.2872,-1.709,0.03068,-0.9707,-3.032,-0.62,0.0,0.0,89.0,555.0
41451.0,2.0,2.2902,-1.118,0.02096,-0.9965,-2.161,-0.6375,0.0,0.0,89.0,572.0
41461.0,2.0,2.2979,-0.502,0.01001,-1.0128,-0.894,-0.6538,0.0,0.0,89.0,585.0
41471.0,2.0,2.3148,0.08,-4e-05,-1.0152,0.306,-0.668,0.0,0.0,89.0,595.0
41482.0,2.0,2.3363,0.655,-0.01005,-1.0055,1.506,-0.6803,0.0,0.0,89.0,591.0
41492.0,2.0,2.3639,1.314,-0.02093,-0.981,2.826,-0.692,0.0,0.0,89.0,585.0
41502.0,2.0,2.3976,1.876,-0.03053,-0.9462,4.026,-0.7002,0.0,0.0,89.0,586.0
41512.0,2.0,2.436,2.41,-0.03971,-0.9003,4.882,-0.7064,0.0,0.0,89.0,594.0
41523.0,2.0,2.4743,2.873,-0.04838,-0.8494,5.227,-0.7119,0.0,0.0,89.0,592.0
41533.0,2.0,2.5188,3.336,-0.05655,-0.7956,5.497,-0.7152,0.0,0.0,89.0,594.0
41543.0,2.0,2.5679,3.714,-0.0642,-0.7394,5.723,-0.7193,0.0,0.0,89.0,592.0
41553.0,2.0,2.62,4.082,-0.07192,-0.6751,5.94,-0.7237,0.0,0.0,89.0,594.0
41564.0,2.0,2.6676,4.363,-0.07838,-0.6151,6.0,-0.7282,0.0,0.0,89.0,586.0
41574.0,2.0,2.7197,4.61,-0.08419,-0.5551,6.0,-0.7323,0.0,0.0,89.0,586.0
41584.0,2.0,2.7796,4.892,-0.08992,-0.4891,6.0,-0.733,0.0,0.0,89.0,592.0
41595.0,2.0,2.8302,5.023,-0.0945,-0.4291,6.0,-0.7397,0.0,0.0,89.0,586.0
41605.0,2.0,2.8716,4.926,-0.09848,-0.3691,6.0,-0.761,0.0,0.0,89.0,593.0
41615.0,2.0,2.9146,4.765,-0.10189,-0.3091,6.0,-0.7844,0.0,0.0,89.0,580.0
41625.0,2.0,2.9652,4.613,-0.10492,-0.2431,6.0,-0.8055,0.0,0.0,89.0,600.0
41636.0,2.0,2.9989,4.366,-0.10706,-0.1831,6.0,-0.8299,0.0,0.0,89.0,586.0
41646.0,2.0,3.0373,4.175,-0.10864,-0.1231,6.0,-0.8479,0.0,0.0,89.0,580.0
41656.0,2.0,3.117,4.675,-0.10965,-0.0571,6.0,-0.8145,0.0,0.0,89.0,587.0
41666.0,2.0,-3.1109,5.083,-0.10995,0.0029,6.0,-0.781,0.0,0.0,89.0,588.0
41677.0,2.0,-3.0864,4.89,-0.10965,0.0629,6.0,-0.795,0.0,0.0,89.0,570.0
41687.0,2.0,-3.0894,3.755,-0.10879,0.1229,6.0,-0.8774,0.0,0.0,89.0,572.0
41697.0,2.0,-2.9821,4.165,-0.10729,0.1829,6.0,-0.8445,0.0,0.0,89.0,594.0
41707.0,2.0,-2.8685,6.08,-0.105,0.2489,6.0,-0.6564,0.0,0.0,89.0,588.0
41717.0,2.0,-2.8348,6.396,-0.10226,0.3089,6.0,-0.6023,0.0,0.0,89.0,594.0
41727.0,2.0,-2.7811,6.015,-0.09893,0.3689,6.0,-0.6253,0.0,0.0,89.0,600.0
41738.0,2.0,-2.7105,5.967,-0.09506,0.4283,5.856,-0.6075,0.0,0.0,89.0,578.0
41748.0,2.0,-2.6415,6.296,-0.09056,0.4852,5.559,-0.541,0.0,0.0,89.0,580.0
41758.0,2.0,-2.5955,6.073,-0.08498,0.5449,5.345,-0.5328,0.0,0.0,89.0,586.0
41769.0,2.0,-2.5633,5.338,-0.07939,0.5979,5.255,-0.5851,0.0,0.0,89.0,579.0
41779.0,2.0,-2.5203,4.85,-0.07324,0.6496,5.086,-0.6068,0.0,0.0,89.0,577.0
41789.0,2.0,-2.4682,4.85,-0.0666,0.6988,4.802,-0.5772,0.0,0.0,89.0,593.0
41799.0,2.0,-2.4498,4.221,-0.05873,0.7503,4.589,-0.6056,0.0,0.0,89.0,584.0
41810.0,2.0,-2.4191,3.677,-0.05111,0.795,4.365,-0.6274,0.0,0.0,89.0,578.0
41820.0,2.0,-2.3976,3.285,-0.04309,0.8372,4.091,-0.6351,0.0,0.0,89.0,578.0
41830.0,2.0,-2.3869,2.65,-0.03375,0.8802,3.746,-0.6581,0.0,0.0,89.0,578.0
41840.0,2.0,-2.3669,2.266,-0.0249,0.9155,3.364,-0.6654,0.0,0.0,89.0,578.0
41850.0,2.0,-2.3639,1.878,-0.01568,0.9467,2.898,-0.6728,0.0,0.0,89.0,586.0
41861.0,2.0,-2.3623,1.357,-0.00623,0.972,2.204,-0.6873,0.0,0.0,89.0,580.0
41871.0,2.0,-2.3608,0.945,0.00349,0.9895,1.376,-0.6963,0.0,0.0,89.0,570.0
41881.0,2.0,-2.3654,0.556,0.01433,0.9987,0.346,-0.704,0.0,0.0,89.0,586.0
41891.0,2.0,-2.3792,0.092,0.02423,0.9956,-0.854,-0.7145,0.0,0.0,89.0,612.0
41902.0,2.0,-2.3976,-0.449,0.03405,0.9805,-2.054,-0.7258,0.0,0.0,89.0,592.0
41912.0,2.0,-2.4237,-1.029,0.04361,0.9533,-3.254,-0.7358,0.0,0.0,89.0,578.0
41922.0,2.0,-2.4559,-1.65,0.05381,0.9096,-4.574,-0.7441,0.0,0.0,89.0,593.0
41933.0,2.0,-2.4912,-2.203,0.06259,0.8576,-5.598,-0.7491,0.0,0.0,89.0,588.0
41943.0,2.0,-2.5326,-2.756,0.07084,0.7995,-5.952,-0.751,0.0,0.0,89.0,602.0
41953.0,2.0,-2.5786,-3.323,0.07924,0.7335,-6.0,-0.7504,0.0,0.0,89.0,609.0
41963.0,2.0,-2.6292,-3.739,0.08625,0.6735,-6.0,-0.7505,0.0,0.0,89.0,588.0
41974.0,2.0,-2.6737,-4.03,0.09262,0.6135,-6.0,-0.7542,0.0,0.0,89.0,593.0
41984.0,2.0,-2.7197,-4.231,0.09844,0.5535,-6.0,-0.7607,0.0,0.0,89.0,580.0
41994.0,2.0,-2.7719,-4.423,0.10418,0.4875,-6.0,-0.7673,0.0,0.0,89.0,596.0
42005.0,2.0,-2.8241,-4.611,0.10875,0.4275,-6.0,-0.7701,0.0,0.0,89.0,580.0
42015.0,2.0,-2.8762,-4.808,0.11273,0.3675,-6.0,-0.7697,0.0,0.0,89.0,602.0
42025.0,2.0,-2.9314,-5.009,0.1161,0.3075,-6.0,-0.766,0.0,0.0,89.0,588.0
42035.0,2.0,-2.9867,-5.112,0.11914,0.2415,-6.0,-0.7677,0.0,0.0,89.0,586.0
42046.0,2.0,-3.025,-4.928,0.12128,0.1815,-6.0,-0.789,0.0,0.0,89.0,588.0
42056.0,2.0,-3.0726,-4.72,0.12281,0.1215,-6.0,-0.8095,0.0,0.0,89.0,586.0
42066.0,2.0,-3.1094,-4.47,0.12375,0.0615,-6.0,-0.8306,0.0,0.0,89.0,587.0
42076.0,2.0,3.1232,-4.443,0.12409,-0.0045,-6.0,-0.8327,0.0,0.0,89.0,584.0
42086.0,2.0,3.071,-4.616,0.12379,-0.0645,-6.0,-0.8171,0.0,0.0,89.0,579.0
42096.0,2.0,3.0496,-4.376,0.12289,-0.1245,-6.0,-0.8318,0.0,0.0,89.0,595.0
42107.0,2.0,3.0357,-3.462,0.12139,-0.1845,-6.0,-0.8912,0.0,0.0,89.0,572.0
42117.0,2.0,2.9729,-3.588,0.11933,-0.2445,-6.0,-0.8784,0.0,0.0,89.0,577.0
42127.0,2.0,2.936,-3.881,0.11663,-0.3045,-6.0,-0.8513,0.0,0.0,89.0,580.0
42137.0,2.0,2.8793,-4.15,0.11299,-0.3705,-6.0,-0.8209,0.0,0.0,89.0,580.0
42148.0,2.0,2.8256,-4.433,0.10909,-0.4305,-6.0,-0.7858,0.0,0.0,89.0,578.0
42158.0,2.0,2.755,-5.018,0.10455,-0.4905,-6.0,-0.717,0.0,0.0,89.0,594.0
42168.0,2.0,2.6707,-5.906,0.09945,-0.5503,-5.914,-0.6015,0.0,0.0,89.0,578.0
42178.0,2.0,2.6016,-6.356,0.09315,-0.613,-5.522,-0.5155,0.0,0.0,89.0,578.0
42188.0,2.0,2.5403,-6.48,0.08685,-0.6664,-5.205,-0.465,0.0,0.0,89.0,586.0
42199.0,2.0,2.4943,-6.184,0.08006,-0.7171,-4.974,-0.4643,0.0,0.0,89.0,570.0
42209.0,2.0,2.4436,-5.741,0.07271,-0.7657,-4.76,-0.4802,0.0,0.0,89.0,584.0
42219.0,2.0,2.393,-5.611,0.06495,-0.8116,-4.458,-0.4572,0.0,0.0,89.0,577.0
42229.0,2.0,2.3562,-5.195,0.05674,-0.8547,-4.205,-0.4663,0.0,0.0,89.0,572.0
42239.0,2.0,2.327,-4.501,0.04721,-0.8995,-3.954,-0.4999,0.0,0.0,89.0,572.0
42249.0,2.0,2.3086,-3.782,0.03814,-0.9377,-3.707,-0.5362,0.0,0.0,89.0,578.0
42260.0,2.0,2.2948,-3.068,0.02873,-0.9731,-3.399,-0.5685,0.0,0.0,89.0,578.0
42270.0,2.0,2.2902,-2.276,0.01792,-1.0077,-2.914,-0.6008,0.0,0.0,89.0,601.0
42280.0,2.0,2.2872,-1.62,0.00788,-1.0334,-2.254,-0.6233,0.0,0.0,89.0,578.0
42291.0,2.0,2.2902,-1.058,-0.00247,-1.0512,-1.354,-0.6393,0.0,0.0,89.0,578.0
42301.0,2.0,2.2964,-0.566,-0.01286,-1.0582,-0.154,-0.6516,0.0,0.0,89.0,538.0
42311.0,2.0,2.3102,0.02,-0.02445,-1.0519,1.166,-0.6658,0.0,0.0,89.0,577.0
42321.0,2.0,2.327,0.512,-0.0348,-1.0337,2.366,-0.677,0.0,0.0,89.0,563.0
42332.0,2.0,2.3547,1.048,-0.04489,-1.0034,3.566,-0.6877,0.0,0.0,89.0,555.0
42342.0,2.0,2.3915,1.735,-0.05468,-0.9611,4.766,-0.6965,0.0,0.0,89.0,548.0
42352.0,2.0,2.4283,2.36,-0.06397,-0.9069,5.966,-0.702,0.0,0.0,89.0,555.0
42362.0,2.0,2.4697,2.878,-0.07354,-0.8409,6.0,-0.7082,0.0,0.0,89.0,571.0
42373.0,2.0,2.5157,3.352,-0.08156,-0.7809,6.0,-0.7113,0.0,0.0,89.0,555.0
42383.0,2.0,2.5633,3.775,-0.08903,-0.7209,6.0,-0.7137,0.0,0.0,89.0,555.0
42393.0,2.0,2.6124,4.165,-0.09589,-0.6609,6.0,-0.715,0.0,0.0,89.0,555.0
42403.0,2.0,2.6707,4.524,-0.10279,-0.5949,6.0,-0.7172,0.0,0.0,89.0,556.0
42413.0,2.0,2.7243,4.827,-0.10841,-0.5349,6.0,-0.7174,0.0,0.0,89.0,571.0
42424.0,2.0,2.7842,5.061,-0.11344,-0.4749,6.0,-0.7193,0.0,0.0,89.0,555.0
42434.0,2.0,2.8471,5.384,-0.11786,-0.4149,6.0,-0.7109,0.0,0.0,89.0,556.0
42444.0,2.0,2.8977,5.44,-0.12206,-0.3489,6.0,-0.722,0.0,0.0,89.0,571.0
42455.0,2.0,2.9437,5.223,-0.12525,-0.2889,6.0,-0.7514,0.0,0.0,89.0,557.0
42465.0,2.0,2.9851,4.97,-0.12784,-0.2289,6.0,-0.7804,0.0,0.0,89.0,564.0
42475.0,2.0,3.0204,4.634,-0.13001,-0.1629,6.0,-0.8129,0.0,0.0,89.0,577.0
42485.0,2.0,3.1002,4.782,-0.13136,-0.1029,6.0,-0.8052,0.0,0.0,89.0,555.0
42495.0,2.0,3.1401,4.905,-0.13211,-0.0429,6.0,-0.7965,0.0,0.0,89.0,565.0
42505.0,2.0,-3.1063,4.816,-0.13226,0.0171,6.0,-0.8027,0.0,0.0,89.0,594.0
42516.0,2.0,-3.0894,4.33,-0.13185,0.0771,6.0,-0.8384,0.0,0.0,89.0,572.0
42526.0,2.0,-3.0864,3.087,-0.13084,0.1371,6.0,-0.9166,0.0,0.0,89.0,573.0
42536.0,2.0,-2.9498,4.227,-0.12904,0.2031,6.0,-0.838,0.0,0.0,89.0,578.0
42546.0,2.0,-2.8486,6.244,-0.12675,0.2631,6.0,-0.6355,0.0,0.0,89.0,578.0
42557.0,2.0,-2.8333,6.412,-0.1239,0.3231,6.0,-0.5968,0.0,0.0,89.0,574.0
42567.0,2.0,-2.8271,5.01,-0.12004,0.3891,6.0,-0.7256,0.0,0.0,89.0,601.0
42577.0,2.0,-2.7765,4.173,-0.11595,0.4491,6.0,-0.7842,0.0,0.0,89.0,571.0
42587.0,2.0,-2.6538,5.247,-0.11126,0.5091,6.0,-0.6669,0.0,0.0,89.0,578.0
42597.0,2.0,-2.5694,6.739,-0.10598,0.5687,5.825,-0.4634,0.0,0.0,89.0,578.0
42607.0,2.0,-2.5326,6.805,-0.10009,0.625,5.525,-0.4162,0.0,0.0,89.0,585.0
42618.0,2.0,-2.528,5.586,-0.09368,0.6801,5.531,-0.5292,0.0,0.0,89.0,578.0
42628.0,2.0,-2.4835,4.539,-0.08674,0.7352,5.449,-0.6087,0.0,0.0,89.0,578.0
42638.0,2.0,-2.4298,4.471,-0.07841,0.7932,5.118,-0.5836,0.0,0.0,89.0,585.0
42648.0,2.0,-2.4114,4.058,-0.07035,0.8429,4.861,-0.5931,0.0,0.0,89.0,594.0
42658.0,2.0,-2.4007,3.271,-0.0618,0.8903,4.622,-0.6338,0.0,0.0,89.0,594.0
42669.0,2.0,-2.3823,2.699,-0.0528,0.9347,4.292,-0.6546,0.0,0.0,89.0,584.0
42679.0,2.0,-2.3715,2.239,-0.04339,0.9755,3.882,-0.6666,0.0,0.0,89.0,578.0
42689.0,2.0,-2.3715,1.619,-0.03255,1.0145,3.223,-0.6855,0.0,0.0,89.0,578.0
42699.0,2.0,-2.3715,1.102,-0.02239,1.0422,2.374,-0.6993,0.0,0.0,89.0,585.0
42710.0,2.0,-2.3731,0.708,-0.01196,1.0608,1.418,-0.7077,0.0,0.0,89.0,579.0
42720.0,2.0,-2.3838,0.251,-0.00143,1.0685,0.238,-0.718,0.0,0.0,89.0,578.0
42730.0,2.0,-2.3991,-0.249,0.00915,1.0643,-0.962,-0.7287,0.0,0.0,89.0,579.0
42740.0,2.0,-2.4237,-0.823,0.02066,1.0458,-2.282,-0.7397,0.0,0.0,89.0,594.0
42750.0,2.0,-2.4482,-1.345,0.0309,1.0164,-3.482,-0.748,0.0,0.0,89.0,604.0
42761.0,2.0,-2.482,-1.87,0.0408,0.975,-4.682,-0.7543,0.0,0.0,89.0,593.0
42771.0,2.0,-2.5173,-2.375,0.05025,0.9237,-5.34,-0.7586,0.0,0.0,89.0,602.0
42781.0,2.0,-2.5587,-2.869,0.05914,0.8684,-5.673,-0.7607,0.0,0.0,89.0,585.0
42791.0,2.0,-2.6032,-3.324,0.06829,0.8042,-5.956,-0.7629,0.0,0.0,89.0,586.0
42802.0,2.0,-2.6477,-3.662,0.07601,0.7442,-6.0,-0.7656,0.0,0.0,89.0,596.0
42812.0,2.0,-2.6921,-3.921,0.08314,0.6842,-6.0,-0.7699,0.0,0.0,89.0,601.0
42822.0,2.0,-2.7397,-4.161,0.08963,0.6242,-6.0,-0.7734,0.0,0.0,89.0,586.0
42832.0,2.0,-2.7949,-4.408,0.09611,0.5582,-6.0,-0.7756,0.0,0.0,89.0,602.0
42843.0,2.0,-2.8471,-4.663,0.1014,0.4982,-6.0,-0.7729,0.0,0.0,89.0,580.0
42853.0,2.0,-2.8992,-4.85,0.10605,0.4382,-6.0,-0.772,0.0,0.0,89.0,594.0
42863.0,2.0,-2.9529,-4.949,0.11051,0.3722,-6.0,-0.7759,0.0,0.0,89.0,580.0
42874.0,2.0,-2.9959,-4.868,0.11393,0.3122,-6.0,-0.7901,0.0,0.0,89.0,585.0
42884.0,2.0,-3.0357,-4.66,0.11678,0.2522,-6.0,-0.8116,0.0,0.0,89.0,585.0
42894.0,2.0,-3.0741,-4.445,0.11899,0.1922,-6.0,-0.8312,0.0,0.0,89.0,586.0
42904.0,2.0,-3.1232,-4.33,0.12079,0.1262,-6.0,-0.8413,0.0,0.0,89.0,586.0
42914.0,2.0,3.0986,-4.534,0.12176,0.0662,-6.0,-0.8254,0.0,0.0,89.0,588.0
42924.0,2.0,3.0189,-5.242,0.12218,0.0062,-6.0,-0.7617,0.0,0.0,89.0,588.0
42935.0,2.0,3.0066,-5.196,0.12195,-0.0538,-6.0,-0.7587,0.0,0.0,89.0,578.0
42945.0,2.0,3.0219,-3.502,0.12116,-0.1138,-6.0,-0.8849,0.0,0.0,89.0,594.0
42955.0,2.0,2.9621,-3.374,0.11978,-0.1738,-6.0,-0.8876,0.0,0.0,89.0,571.0
42965.0,2.0,2.9054,-3.69,0.1176,-0.2398,-6.0,-0.859,0.0,0.0,89.0,572.0
42975.0,2.0,2.8486,-4.125,0.11498,-0.2998,-6.0,-0.817,0.0,0.0,89.0,578.0
42985.0,2.0,2.7964,-4.529,0.11175,-0.3598,-6.0,-0.7705,0.0,0.0,89.0,579.0
42995.0,2.0,2.7075,-5.491,0.10793,-0.4198,-6.0,-0.6596,0.0,0.0,89.0,586.0
43006.0,2.0,2.6384,-6.247,0.10354,-0.4797,-5.965,-0.5479,0.0,0.0,89.0,572.0
43016.0,2.0,2.571,-6.568,0.09799,-0.5432,-5.614,-0.4718,0.0,0.0,89.0,601.0
43026.0,2.0,2.5096,-6.553,0.09236,-0.5978,-5.346,-0.4358,0.0,0.0,89.0,587.0
43036.0,2.0,2.4574,-6.262,0.08621,-0.6501,-5.13,-0.433,0.0,0.0,89.0,587.0
43047.0,2.0,2.4206,-5.717,0.07954,-0.7003,-4.957,-0.4598,0.0,0.0,89.0,585.0
43057.0,2.0,2.3623,-5.338,0.07245,-0.7488,-4.73,-0.4656,0.0,0.0,89.0,578.0
43067.0,2.0,2.3224,-5.097,0.06401,-0.7988,-4.417,-0.4501,0.0,0.0,89.0,586.0
43078.0,2.0,2.2994,-4.403,0.05595,-0.8418,-4.213,-0.4865,0.0,0.0,89.0,561.0
43088.0,2.0,2.2887,-3.569,0.04744,-0.8827,-3.985,-0.5322,0.0,0.0,89.0,578.0
43098.0,2.0,2.2795,-2.755,0.03851,-0.9209,-3.655,-0.5711,0.0,0.0,89.0,586.0
43108.0,2.0,2.2764,-2.023,0.02929,-0.9548,-3.147,-0.6,0.0,0.0,89.0,578.0
43118.0,2.0,2.2764,-1.325,0.01875,-0.9846,-2.305,-0.6226,0.0,0.0,89.0,572.0
43128.0,2.0,2.2795,-0.809,0.00889,-1.0024,-1.327,-0.6362,0.0,0.0,89.0,587.0
43139.0,2.0,2.2887,-0.332,-0.00105,-1.0096,-0.191,-0.6478,0.0,0.0,89.0,578.0
43149.0,2.0,2.2994,0.118,-0.01106,-1.0049,1.009,-0.6585,0.0,0.0,89.0,603.0
43159.0,2.0,2.3148,0.512,-0.02096,-0.9882,2.209,-0.668,0.0,0.0,89.0,586.0
43169.0,2.0,2.3501,1.219,-0.03158,-0.956,3.529,-0.6805,0.0,0.0,89.0,585.0
43179.0,2.0,2.3915,2.009,-0.04088,-0.9141,4.71,-0.6879,0.0,0.0,89.0,578.0
43189.0,2.0,2.4283,2.612,-0.04972,-0.8642,5.181,-0.6929,0.0,0.0,89.0,580.0
43200.0,2.0,2.4728,3.096,-0.05809,-0.8106,5.492,-0.6976,0.0,0.0,89.0,593.0
43210.0,2.0,2.5173,3.555,-0.06585,-0.7542,5.735,-0.7008,0.0,0.0,89.0,586.0
43220.0,2.0,2.5679,3.964,-0.07305,-0.6957,5.94,-0.7034,0.0,0.0,89.0,593.0
43230.0,2.0,2.6246,4.406,-0.08032,-0.6298,6.0,-0.7035,0.0,0.0,89.0,588.0
43241.0,2.0,2.6799,4.76,-0.08629,-0.5698,6.0,-0.703,0.0,0.0,89.0,580.0
43251.0,2.0,2.7366,5.049,-0.09169,-0.5098,6.0,-0.7035,0.0,0.0,89.0,578.0
43261.0,2.0,2.8057,5.335,-0.0969,-0.4438,6.0,-0.7023,0.0,0.0,89.0,586.0
43272.0,2.0,2.8639,5.645,-0.10103,-0.3838,6.0,-0.6931,0.0,0.0,89.0,587.0
43282.0,2.0,2.91,5.543,-0.10459,-0.3238,6.0,-0.7156,0.0,0.0,89.0,580.0
43292.0,2.0,2.9544,5.283,-0.10781,-0.2578,6.0,-0.7495,0.0,0.0,89.0,609.0
43302.0,2.0,3.0066,5.044,-0.1101,-0.1978,6.0,-0.7769,0.0,0.0,89.0,587.0
43312.0,2.0,3.0357,4.63,-0.11179,-0.1378,6.0,-0.8146,0.0,0.0,89.0,600.0
43323.0,2.0,3.091,4.595,-0.11287,-0.0778,6.0,-0.8203,0.0,0.0,89.0,581.0
43333.0,2.0,-3.1309,4.871,-0.1134,-0.0178,6.0,-0.7992,0.0,0.0,89.0,586.0
43343.0,2.0,-3.0864,4.973,-0.11332,0.0422,6.0,-0.7888,0.0,0.0,89.0,580.0
43353.0,2.0,-3.068,4.49,-0.11265,0.1022,6.0,-0.8248,0.0,0.0,89.0,572.0
43363.0,2.0,-3.0603,3.38,-0.11138,0.1622,6.0,-0.8983,0.0,0.0,89.0,578.0
43373.0,2.0,-2.9606,3.821,-0.10931,0.2282,6.0,-0.8651,0.0,0.0,89.0,579.0
43384.0,2.0,-2.844,5.869,-0.1068,0.2882,6.0,-0.6739,0.0,0.0,89.0,576.0
43394.0,2.0,-2.7949,6.695,-0.10369,0.3482,6.0,-0.5588,0.0,0.0,89.0,577.0
43404.0,2.0,-2.7566,6.19,-0.09998,0.4082,5.99,-0.5958,0.0,0.0,89.0,577.0
43414.0,2.0,-2.7182,5.73,-0.09566,0.4674,5.885,-0.6233,0.0,0.0,89.0,578.0
43424.0,2.0,-2.6615,5.338,-0.09026,0.5313,5.72,-0.638,0.0,0.0,89.0,586.0
43435.0,2.0,-2.574,5.754,-0.08479,0.5867,5.381,-0.5644,0.0,0.0,89.0,572.0
43445.0,2.0,-2.5357,5.697,-0.07875,0.6389,5.122,-0.5384,0.0,0.0,89.0,578.0
43455.0,2.0,-2.5265,4.771,-0.07223,0.6895,5.034,-0.6064,0.0,0.0,89.0,578.0
43465.0,2.0,-2.4881,3.921,-0.06446,0.744,4.863,-0.6564,0.0,0.0,89.0,570.0
43475.0,2.0,-2.436,3.939,-0.05689,0.791,4.558,-0.6302,0.0,0.0,89.0,585.0
43486.0,2.0,-2.4083,3.859,-0.04886,0.8348,4.251,-0.611,0.0,0.0,89.0,570.0
43496.0,2.0,-2.3976,3.329,-0.04039,0.8759,3.983,-0.6299,0.0,0.0,89.0,594.0
43506.0,2.0,-2.3945,2.56,-0.03158,0.914,3.658,-0.6645,0.0,0.0,89.0,578.0
43516.0,2.0,-2.3899,1.835,-0.02235,0.9479,3.133,-0.692,0.0,0.0,89.0,593.0
43526.0,2.0,-2.3853,1.324,-0.01286,0.9753,2.43,-0.7061,0.0,0.0,89.0,577.0
43536.0,2.0,-2.3654,1.237,-0.00214,0.9988,1.971,-0.7003,0.0,0.0,89.0,570.0
43546.0,2.0,-2.3685,1.029,0.0078,1.0157,1.379,-0.7007,0.0,0.0,89.0,578.0
43556.0,2.0,-2.3777,0.519,0.01792,1.0231,0.209,-0.7133,0.0,0.0,89.0,582.0
43566.0,2.0,-2.3945,-0.036,0.02805,1.0186,-0.991,-0.726,0.0,0.0,89.0,610.0
43577.0,2.0,-2.4176,-0.616,0.03806,1.0021,-2.191,-0.7373,0.0,0.0,89.0,596.0
43587.0,2.0,-2.4421,-1.177,0.04785,0.9736,-3.391,-0.7465,0.0,0.0,89.0,588.0
43597.0,2.0,-2.4758,-1.798,0.05824,0.9284,-4.711,-0.7538,0.0,0.0,89.0,585.0
43607.0,2.0,-2.5142,-2.325,0.06724,0.8748,-5.81,-0.758,0.0,0.0,89.0,600.0
43617.0,2.0,-2.5541,-2.833,0.07564,0.8152,-6.0,-0.76,0.0,0.0,89.0,594.0
43628.0,2.0,-2.597,-3.309,0.08344,0.7552,-6.0,-0.76,0.0,0.0,89.0,586.0
43638.0,2.0,-2.6415,-3.673,0.09068,0.6952,-6.0,-0.7618,0.0,0.0,89.0,602.0
43648.0,2.0,-2.6875,-3.97,0.09731,0.6352,-6.0,-0.7646,0.0,0.0,89.0,594.0
43658.0,2.0,-2.7412,-4.247,0.10391,0.5692,-6.0,-0.7677,0.0,0.0,89.0,578.0
43668.0,2.0,-2.7918,-4.487,0.10931,0.5092,-6.0,-0.7688,0.0,0.0,89.0,580.0
43678.0,2.0,-2.8425,-4.7,0.11408,0.4492,-6.0,-0.769,0.0,0.0,89.0,594.0
43689.0,2.0,-2.8962,-4.887,0.11828,0.3892,-6.0,-0.7683,0.0,0.0,89.0,580.0
43699.0,2.0,-2.9452,-4.998,0.12188,0.3292,-6.0,-0.7705,0.0,0.0,89.0,586.0
43709.0,2.0,-2.9913,-4.927,0.12488,0.2692,-6.0,-0.7843,0.0,0.0,89.0,586.0
43719.0,2.0,-3.0311,-4.763,0.12728,0.2092,-6.0,-0.8031,0.0,0.0,89.0,601.0
43729.0,2.0,-3.0802,-4.603,0.12923,0.1432,-6.0,-0.8192,0.0,0.0,89.0,585.0
43739.0,2.0,-3.1186,-4.449,0.13039,0.0832,-6.0,-0.8324,0.0,0.0,89.0,580.0
43749.0,2.0,3.1048,-4.528,0.13095,0.0232,-6.0,-0.826,0.0,0.0,89.0,580.0
43760.0,2.0,3.0526,-4.816,0.13095,-0.0368,-6.0,-0.7998,0.0,0.0,89.0,574.0
43770.0,2.0,3.0327,-4.476,0.1302,-0.1028,-6.0,-0.8219,0.0,0.0,89.0,593.0
43780.0,2.0,3.0189,-3.489,0.12893,-0.1628,-6.0,-0.8873,0.0,0.0,89.0,572.0
43790.0,2.0,2.9544,-3.753,0.12709,-0.2228,-6.0,-0.8642,0.0,0.0,89.0,584.0
43801.0,2.0,2.9146,-3.973,0.12461,-0.2828,-6.0,-0.8406,0.0,0.0,89.0,571.0
43811.0,2.0,2.8578,-4.291,0.12158,-0.3428,-6.0,-0.8055,0.0,0.0,89.0,576.0
43821.0,2.0,2.798,-4.58,0.11794,-0.4028,-6.0,-0.7677,0.0,0.0,89.0,572.0
43831.0,2.0,2.7197,-5.362,0.11321,-0.4688,-6.0,-0.6732,0.0,0.0,89.0,580.0
43842.0,2.0,2.6446,-6.059,0.1083,-0.5288,-6.0,-0.5715,0.0,0.0,89.0,572.0
43852.0,2.0,2.5817,-6.357,0.10283,-0.5881,-5.802,-0.5041,0.0,0.0,89.0,594.0
43862.0,2.0,2.5234,-6.383,0.09675,-0.6445,-5.513,-0.4649,0.0,0.0,89.0,580.0
43872.0,2.0,2.4697,-6.08,0.08944,-0.7035,-5.255,-0.4608,0.0,0.0,89.0,570.0
43882.0,2.0,2.4252,-5.657,0.08224,-0.7549,-5.037,-0.4731,0.0,0.0,89.0,586.0
43892.0,2.0,2.3884,-5.155,0.07455,-0.804,-4.819,-0.4928,0.0,0.0,89.0,586.0
43903.0,2.0,2.3562,-4.612,0.06641,-0.8509,-4.59,-0.5152,0.0,0.0,89.0,572.0
43913.0,2.0,2.3301,-4.053,0.05779,-0.8955,-4.337,-0.5373,0.0,0.0,89.0,579.0
43923.0,2.0,2.3102,-3.482,0.04875,-0.9373,-4.052,-0.559,0.0,0.0,89.0,584.0
43933.0,2.0,2.2994,-2.858,0.0393,-0.976,-3.711,-0.5833,0.0,0.0,89.0,577.0
43943.0,2.0,2.2948,-2.109,0.02846,-1.0138,-3.181,-0.6119,0.0,0.0,89.0,586.0
43954.0,2.0,2.2948,-1.464,0.01826,-1.0418,-2.45,-0.6332,0.0,0.0,89.0,586.0
43964.0,2.0,2.2994,-0.887,0.00791,-1.0609,-1.436,-0.6496,0.0,0.0,89.0,586.0
43974.0,2.0,2.3117,-0.29,-0.00371,-1.0688,-0.116,-0.6647,0.0,0.0,89.0,586.0
43985.0,2.0,2.3301,0.298,-0.01429,-1.0634,1.084,-0.6783,0.0,0.0,89.0,586.0
43995.0,2.0,2.3531,0.893,-0.02475,-1.0459,2.284,-0.6901,0.0,0.0,89.0,587.0
44005.0,2.0,2.3823,1.47,-0.03499,-1.0165,3.484,-0.6997,0.0,0.0,89.0,589.0
44015.0,2.0,2.4176,2.027,-0.04583,-0.9703,4.804,-0.7083,0.0,0.0,89.0,578.0
44025.0,2.0,2.4513,2.462,-0.05524,-0.9182,5.396,-0.7155,0.0,0.0,89.0,602.0
44036.0,2.0,2.4912,2.897,-0.06405,-0.8624,5.728,-0.721,0.0,0.0,89.0,586.0
44046.0,2.0,2.5357,3.316,-0.07237,-0.8036,5.996,-0.7252,0.0,0.0,89.0,594.0
44056.0,2.0,2.5802,3.716,-0.08006,-0.7436,6.0,-0.7279,0.0,0.0,89.0,594.0
44066.0,2.0,2.6292,4.063,-0.08719,-0.6836,6.0,-0.7307,0.0,0.0,89.0,594.0
44076.0,2.0,2.6829,4.376,-0.09431,-0.6176,6.0,-0.7347,0.0,0.0,89.0,586.0
44086.0,2.0,2.7382,4.638,-0.10016,-0.5576,6.0,-0.737,0.0,0.0,89.0,594.0
44097.0,2.0,2.7918,4.856,-0.10545,-0.4976,6.0,-0.7395,0.0,0.0,89.0,586.0
44107.0,2.0,2.8517,5.165,-0.1101,-0.4376,6.0,-0.7321,0.0,0.0,89.0,602.0
44117.0,2.0,2.9054,5.372,-0.11419,-0.3776,6.0,-0.729,0.0,0.0,89.0,602.0
44127.0,2.0,2.9544,5.242,-0.11798,-0.3116,6.0,-0.7518,0.0,0.0,89.0,585.0
44137.0,2.0,3.002,5.062,-0.12079,-0.2516,6.0,-0.7745,0.0,0.0,89.0,586.0
44147.0,2.0,3.0388,4.819,-0.12304,-0.1916,6.0,-0.7995,0.0,0.0,89.0,588.0
44158.0,2.0,3.0986,4.833,-0.12465,-0.1316,6.0,-0.8015,0.0,0.0,89.0,586.0
44168.0,2.0,3.1247,4.746,-0.1257,-0.0716,6.0,-0.8094,0.0,0.0,89.0,588.0
44178.0,2.0,-3.1324,4.143,-0.12615,-0.0116,6.0,-0.8544,0.0,0.0,89.0,602.0
44188.0,2.0,-3.1017,3.596,-0.126,0.0544,6.0,-0.8891,0.0,0.0,89.0,585.0
44198.0,2.0,-3.0419,3.59,-0.12521,0.1144,6.0,-0.8869,0.0,0.0,89.0,578.0
44208.0,2.0,-2.9821,4.244,-0.12383,0.1744,6.0,-0.8364,0.0,0.0,89.0,577.0
44219.0,2.0,-2.8731,5.496,-0.12184,0.2344,6.0,-0.7165,0.0,0.0,89.0,578.0
44229.0,2.0,-2.7918,6.853,-0.11925,0.2944,6.0,-0.5448,0.0,0.0,89.0,586.0
44239.0,2.0,-2.7627,6.601,-0.11573,0.3604,6.0,-0.5487,0.0,0.0,89.0,593.0
44250.0,2.0,-2.7243,5.615,-0.1119,0.4204,6.0,-0.6381,0.0,0.0,89.0,580.0
44260.0,2.0,-2.6446,5.628,-0.10748,0.4804,6.0,-0.6118,0.0,0.0,89.0,593.0
44270.0,2.0,-2.5786,5.981,-0.10245,0.5402,5.89,-0.5421,0.0,0.0,89.0,588.0
44280.0,2.0,-2.5357,5.767,-0.0963,0.6033,5.65,-0.5304,0.0,0.0,89.0,586.0
44291.0,2.0,-2.5096,4.926,-0.09008,0.6593,5.553,-0.5903,0.0,0.0,89.0,578.0
44301.0,2.0,-2.4651,4.567,-0.08332,0.7137,5.334,-0.5967,0.0,0.0,89.0,586.0
44311.0,2.0,-2.4375,4.208,-0.07605,0.7656,5.094,-0.6021,0.0,0.0,89.0,577.0
44321.0,2.0,-2.4222,3.539,-0.06825,0.8153,4.876,-0.634,0.0,0.0,89.0,578.0
44331.0,2.0,-2.4022,2.889,-0.05914,0.8672,4.565,-0.6594,0.0,0.0,89.0,586.0
44342.0,2.0,-2.3869,2.489,-0.05036,0.9109,4.213,-0.6677,0.0,0.0,89.0,578.0
44352.0,2.0,-2.3838,1.967,-0.04118,0.9507,3.748,-0.6832,0.0,0.0,89.0,578.0
44362.0,2.0,-2.3807,1.376,-0.03064,0.9876,2.995,-0.7001,0.0,0.0,89.0,581.0
44372.0,2.0,-2.3792,0.964,-0.02074,1.013,2.163,-0.7092,0.0,0.0,89.0,594.0
44383.0,2.0,-2.3838,0.586,-0.01065,1.0292,1.174,-0.717,0.0,0.0,89.0,578.0
44393.0,2.0,-2.3945,0.149,-0.00041,1.0347,0.006,-0.7265,0.0,0.0,89.0,609.0
44403.0,2.0,-2.4114,-0.328,0.00979,1.0281,-1.194,-0.7365,0.0,0.0,89.0,586.0
44413.0,2.0,-2.436,-0.896,0.02093,1.0071,-2.514,-0.747,0.0,0.0,89.0,569.0
44423.0,2.0,-2.462,-1.424,0.03079,0.9753,-3.714,-0.7549,0.0,0.0,89.0,602.0
44434.0,2.0,-2.4958,-1.952,0.04028,0.9316,-4.892,-0.7606,0.0,0.0,89.0,594.0
44444.0,2.0,-2.5341,-2.468,0.04927,0.8802,-5.325,-0.764,0.0,0.0,89.0,595.0
44454.0,2.0,-2.5786,-3.011,0.05854,0.8195,-5.655,-0.7652,0.0,0.0,89.0,586.0
44464.0,2.0,-2.62,-3.398,0.06641,0.7616,-5.891,-0.7673,0.0,0.0,89.0,586.0
44475.0,2.0,-2.663,-3.691,0.07369,0.7018,-6.0,-0.7713,0.0,0.0,89.0,586.0
44485.0,2.0,-2.709,-3.942,0.0804,0.6418,-6.0,-0.7754,0.0,0.0,89.0,594.0
44495.0,2.0,-2.7596,-4.19,0.08708,0.5758,-6.0,-0.7792,0.0,0.0,89.0,588.0
44505.0,2.0,-2.8103,-4.414,0.09251,0.5158,-6.0,-0.7805,0.0,0.0,89.0,588.0
44516.0,2.0,-2.8624,-4.648,0.09731,0.4558,-6.0,-0.7784,0.0,0.0,89.0,592.0
44526.0,2.0,-2.913,-4.813,0.10159,0.3958,-6.0,-0.7783,0.0,0.0,89.0,586.0
44536.0,2.0,-2.9652,-4.878,0.10556,0.3298,-6.0,-0.784,0.0,0.0,89.0,594.0
44547.0,2.0,-3.0051,-4.748,0.1086,0.2698,-6.0,-0.8012,0.0,0.0,89.0,585.0
44557.0,2.0,-3.045,-4.542,0.111,0.2098,-6.0,-0.8217,0.0,0.0,89.0,601.0
44567.0,2.0,-3.0864,-4.364,0.1128,0.1498,-6.0,-0.8377,0.0,0.0,89.0,592.0
44577.0,2.0,-3.1355,-4.286,0.11404,0.0898,-6.0,-0.8445,0.0,0.0,89.0,580.0
44587.0,2.0,3.0802,-4.613,0.11471,0.0238,-6.0,-0.8187,0.0,0.0,89.0,587.0
44597.0,2.0,3.0204,-5.175,0.11464,-0.0362,-6.0,-0.7665,0.0,0.0,89.0,580.0
44607.0,2.0,3.0005,-5.031,0.11404,-0.0962,-6.0,-0.7723,0.0,0.0,89.0,580.0
44618.0,2.0,3.0173,-3.48,0.11284,-0.1562,-6.0,-0.8849,0.0,0.0,89.0,578.0
44628.0,2.0,2.9667,-3.104,0.11104,-0.2162,-6.0,-0.9025,0.0,0.0,89.0,587.0
44638.0,2.0,2.9192,-3.352,0.10864,-0.2762,-6.0,-0.8811,0.0,0.0,89.0,586.0
44648.0,2.0,2.8716,-3.703,0.10564,-0.3362,-6.0,-0.8491,0.0,0.0,89.0,572.0
44658.0,2.0,2.7964,-4.284,0.10166,-0.4022,-6.0,-0.792,0.0,0.0,89.0,578.0
44668.0,2.0,2.7182,-5.282,0.09742,-0.4622,-6.0,-0.6829,0.0,0.0,89.0,572.0
44679.0,2.0,2.6615,-5.887,0.09259,-0.5207,-5.707,-0.5934,0.0,0.0,89.0,578.0
44689.0,2.0,2.6032,-5.893,0.08663,-0.5819,-5.432,-0.561,0.0,0.0,89.0,577.0
44699.0,2.0,2.5418,-5.988,0.08063,-0.6346,-5.139,-0.5175,0.0,0.0,89.0,594.0
44710.0,2.0,2.4897,-5.893,0.0741,-0.6845,-4.869,-0.4933,0.0,0.0,89.0,580.0
44720.0,2.0,2.4467,-5.561,0.06713,-0.7318,-4.64,-0.4956,0.0,0.0,89.0,578.0
44730.0,2.0,2.4099,-5.066,0.0597,-0.7771,-4.431,-0.5148,0.0,0.0,89.0,572.0
44740.0,2.0,2.3654,-4.597,0.05104,-0.8242,-4.165,-0.5265,0.0,0.0,89.0,572.0
44750.0,2.0,2.327,-4.302,0.04271,-0.8643,-3.88,-0.5234,0.0,0.0,89.0,578.0
44761.0,2.0,2.3056,-3.884,0.03398,-0.9015,-3.597,-0.5315,0.0,0.0,89.0,571.0
44771.0,2.0,2.301,-3.066,0.02396,-0.9392,-3.276,-0.5699,0.0,0.0,89.0,579.0
44781.0,2.0,2.304,-2.157,0.01455,-0.9696,-2.81,-0.6119,0.0,0.0,89.0,572.0
44791.0,2.0,2.3086,-1.304,0.00488,-0.9933,-1.937,-0.6441,0.0,0.0,89.0,578.0
44802.0,2.0,2.3132,-0.652,-0.00503,-1.0061,-0.737,-0.663,0.0,0.0,89.0,572.0
44812.0,2.0,2.3224,-0.153,-0.015,-1.0069,0.463,-0.675,0.0,0.0,89.0,586.0
44822.0,2.0,2.3347,0.262,-0.02494,-0.9956,1.663,-0.6846,0.0,0.0,89.0,593.0
44832.0,2.0,2.3562,0.73,-0.03469,-0.9724,2.863,-0.6948,0.0,0.0,89.0,570.0
44842.0,2.0,2.3915,1.419,-0.04511,-0.933,4.183,-0.7057,0.0,0.0,89.0,594.0
44853.0,2.0,2.4237,2.01,-0.05415,-0.885,5.171,-0.7128,0.0,0.0,89.0,586.0
44863.0,2.0,2.4605,2.501,-0.06266,-0.8308,5.594,-0.7187,0.0,0.0,89.0,592.0
44873.0,2.0,2.5004,2.944,-0.07065,-0.7732,5.894,-0.7238,0.0,0.0,89.0,602.0
44883.0,2.0,2.5418,3.316,-0.07804,-0.7133,6.0,-0.7294,0.0,0.0,89.0,578.0
44893.0,2.0,2.5924,3.747,-0.0855,-0.6473,6.0,-0.7323,0.0,0.0,89.0,586.0
44904.0,2.0,2.64,4.085,-0.09165,-0.5873,6.0,-0.735,0.0,0.0,89.0,586.0
44914.0,2.0,2.6921,4.395,-0.0972,-0.5273,6.0,-0.7366,0.0,0.0,89.0,594.0
44924.0,2.0,2.7489,4.692,-0.10215,-0.4673,6.0,-0.7362,0.0,0.0,89.0,586.0
44934.0,2.0,2.8041,4.971,-0.1065,-0.4073,6.0,-0.734,0.0,0.0,89.0,586.0
44944.0,2.0,2.8685,5.336,-0.11063,-0.3413,6.0,-0.7227,0.0,0.0,89.0,586.0
44954.0,2.0,2.913,5.149,-0.11374,-0.2813,6.0,-0.7507,0.0,0.0,89.0,602.0
44965.0,2.0,2.9437,4.899,-0.11629,-0.2213,6.0,-0.7806,0.0,0.0,89.0,604.0
44975.0,2.0,3.002,4.714,-0.1182,-0.1613,6.0,-0.8023,0.0,0.0,89.0,601.0
44985.0,2.0,3.0265,4.386,-0.11966,-0.0953,6.0,-0.8323,0.0,0.0,89.0,594.0
44996.0,2.0,3.0557,3.839,-0.12034,-0.0353,6.0,-0.8724,0.0,0.0,89.0,587.0
45006.0,2.0,3.0956,3.716,-0.12041,0.0247,6.0,-0.8823,0.0,0.0,89.0,572.0
45016.0,2.0,3.1109,3.426,-0.11989,0.0847,6.0,-0.9006,0.0,0.0,89.0,572.0
45026.0,2.0,-3.1155,3.463,-0.1188,0.1447,6.0,-0.8983,0.0,0.0,89.0,594.0
45036.0,2.0,-3.0265,4.445,-0.11693,0.2107,6.0,-0.8284,0.0,0.0,89.0,578.0
45046.0,2.0,-2.9253,5.857,-0.11456,0.2707,6.0,-0.6919,0.0,0.0,89.0,572.0
45056.0,2.0,-2.8486,6.873,-0.11164,0.3307,6.0,-0.5598,0.0,0.0,89.0,585.0
45067.0,2.0,-2.8271,6.459,-0.10811,0.3907,6.0,-0.5896,0.0,0.0,89.0,580.0
45077.0,2.0,-2.7811,5.702,-0.10399,0.4507,6.0,-0.6546,0.0,0.0,89.0,573.0
45087.0,2.0,-2.6921,5.86,-0.09877,0.5166,5.932,-0.6121,0.0,0.0,89.0,578.0
45097.0,2.0,-2.6262,6.244,-0.09341,0.574,5.596,-0.5391,0.0,0.0,89.0,586.0
45108.0,2.0,-2.5909,5.994,-0.08753,0.6286,5.388,-0.5369,0.0,0.0,89.0,572.0
45118.0,2.0,-2.5663,5.101,-0.08108,0.682,5.304,-0.6055,0.0,0.0,89.0,562.0
45128.0,2.0,-2.5157,4.687,-0.0741,0.734,5.094,-0.6193,0.0,0.0,89.0,577.0
45138.0,2.0,-2.4743,4.473,-0.06585,0.7882,4.796,-0.6091,0.0,0.0,89.0,585.0
45149.0,2.0,-2.459,3.88,-0.05783,0.8349,4.574,-0.6359,0.0,0.0,89.0,587.0
45159.0,2.0,-2.439,3.227,-0.04939,0.8793,4.324,-0.6655,0.0,0.0,89.0,585.0
45169.0,2.0,-2.4145,2.875,-0.04046,0.9208,4.004,-0.6708,0.0,0.0,89.0,578.0
45179.0,2.0,-2.4007,2.469,-0.03023,0.9625,3.604,-0.6777,0.0,0.0,89.0,594.0
45190.0,2.0,-2.3991,1.888,-0.02055,0.996,3.104,-0.6966,0.0,0.0,89.0,586.0
45200.0,2.0,-2.3869,1.5,-0.01058,1.0237,2.518,-0.7047,0.0,0.0,89.0,578.0
45210.0,2.0,-2.3838,1.178,0.00071,1.0466,1.564,-0.7087,0.0,0.0,89.0,556.0
45221.0,2.0,-2.3869,0.797,0.0111,1.0556,0.364,-0.7164,0.0,0.0,89.0,556.0
45231.0,2.0,-2.3961,0.346,0.0216,1.0527,-0.836,-0.7266,0.0,0.0,89.0,563.0
45241.0,2.0,-2.4099,-0.138,0.03195,1.0377,-2.036,-0.7371,0.0,0.0,89.0,572.0
45251.0,2.0,-2.4298,-0.637,0.04211,1.0108,-3.236,-0.7469,0.0,0.0,89.0,555.0
45261.0,2.0,-2.4574,-1.197,0.05291,0.9672,-4.556,-0.7561,0.0,0.0,89.0,556.0
45271.0,2.0,-2.4881,-1.724,0.06229,0.9151,-5.756,-0.7627,0.0,0.0,89.0,574.0
45281.0,2.0,-2.5234,-2.25,0.0711,0.8552,-6.0,-0.7669,0.0,0.0,89.0,571.0
45292.0,2.0,-2.5648,-2.774,0.07931,0.7952,-6.0,-0.7682,0.0,0.0,89.0,563.0
45302.0,2.0,-2.6078,-3.249,0.08692,0.7352,-6.0,-0.7681,0.0,0.0,89.0,555.0
45312.0,2.0,-2.6599,-3.747,0.09461,0.6692,-6.0,-0.7652,0.0,0.0,89.0,554.0
45322.0,2.0,-2.7121,-4.154,0.10099,0.6092,-6.0,-0.7612,0.0,0.0,89.0,555.0
45332.0,2.0,-2.7627,-4.47,0.10676,0.5492,-6.0,-0.7592,0.0,0.0,89.0,561.0
45343.0,2.0,-2.8133,-4.705,0.11194,0.4892,-6.0,-0.7595,0.0,0.0,89.0,555.0
45353.0,2.0,-2.867,-4.908,0.11651,0.4292,-6.0,-0.759,0.0,0.0,89.0,563.0
45363.0,2.0,-2.9207,-5.083,0.12049,0.3692,-6.0,-0.7578,0.0,0.0,89.0,555.0
45373.0,2.0,-2.9759,-5.138,0.1242,0.3032,-6.0,-0.7639,0.0,0.0,89.0,556.0
45383.0,2.0,-3.0265,-5.125,0.12694,0.2432,-6.0,-0.7718,0.0,0.0,89.0,557.0
45393.0,2.0,-3.0741,-5.077,0.12908,0.1832,-6.0,-0.7801,0.0,0.0,89.0,561.0
45403.0,2.0,-3.1247,-4.963,0.13061,0.1232,-6.0,-0.7916,0.0,0.0,89.0,565.0
45413.0,2.0,3.1232,-4.709,0.13159,0.0632,-6.0,-0.812,0.0,0.0,89.0,577.0
45424.0,2.0,3.0726,-4.674,0.13193,0.0032,-6.0,-0.8124,0.0,0.0,89.0,571.0
45434.0,2.0,3.0127,-4.87,0.13174,-0.0568,-6.0,-0.7912,0.0,0.0,89.0,586.0
45444.0,2.0,2.9821,-4.769,0.1308,-0.1228,-6.0,-0.7918,0.0,0.0,89.0,601.0
45454.0,2.0,2.9652,-4.08,0.12934,-0.1828,-6.0,-0.8391,0.0,0.0,89.0,578.0
45465.0,2.0,2.9391,-3.39,0.12728,-0.2428,-6.0,-0.8795,0.0,0.0,89.0,570.0
45475.0,2.0,2.9038,-3.195,0.12461,-0.3028,-6.0,-0.8843,0.0,0.0,89.0,595.0
45485.0,2.0,2.8716,-3.058,0.12135,-0.3628,-6.0,-0.8847,0.0,0.0,89.0,580.0
45495.0,2.0,2.8271,-3.261,0.11708,-0.4288,-6.0,-0.8621,0.0,0.0,89.0,577.0
45505.0,2.0,2.7842,-3.555,0.11258,-0.4888,-6.0,-0.831,0.0,0.0,89.0,572.0
45516.0,2.0,2.7336,-3.881,0.10751,-0.5488,-6.0,-0.793,0.0,0.0,89.0,574.0
45526.0,2.0,2.6814,-4.389,0.10181,-0.6088,-6.0,-0.7335,0.0,0.0,89.0,580.0
45536.0,2.0,2.6154,-4.868,0.09551,-0.6685,-5.867,-0.6674,0.0,0.0,89.0,580.0
45546.0,2.0,2.5387,-5.528,0.08794,-0.7302,-5.411,-0.5678,0.0,0.0,89.0,581.0
45557.0,2.0,2.4835,-5.768,0.08048,-0.7822,-5.039,-0.5068,0.0,0.0,89.0,571.0
45567.0,2.0,2.4436,-5.483,0.07253,-0.831,-4.769,-0.5037,0.0,0.0,89.0,585.0
45577.0,2.0,2.4007,-5.064,0.06413,-0.8773,-4.513,-0.5149,0.0,0.0,89.0,578.0
45587.0,2.0,2.3608,-4.71,0.05434,-0.9251,-4.191,-0.5145,0.0,0.0,89.0,585.0
45597.0,2.0,2.3378,-4.268,0.04496,-0.9654,-3.901,-0.5256,0.0,0.0,89.0,588.0
45608.0,2.0,2.3363,-3.356,0.03529,-1.003,-3.645,-0.5771,0.0,0.0,89.0,570.0
45618.0,2.0,2.3301,-2.424,0.0252,-1.0374,-3.245,-0.623,0.0,0.0,89.0,572.0
45628.0,2.0,2.3255,-1.755,0.01481,-1.0664,-2.489,-0.6468,0.0,0.0,89.0,555.0
45638.0,2.0,2.324,-1.186,0.00416,-1.0847,-1.289,-0.6633,0.0,0.0,89.0,563.0
45648.0,2.0,2.324,-0.706,-0.00773,-1.091,0.031,-0.6745,0.0,0.0,89.0,563.0
45659.0,2.0,2.3224,-0.454,-0.01849,-1.084,1.231,-0.6787,0.0,0.0,89.0,545.0
45669.0,2.0,2.3301,-0.238,-0.02918,-1.0651,2.431,-0.6823,0.0,0.0,89.0,563.0
45679.0,2.0,2.3562,0.306,-0.0396,-1.0342,3.631,-0.6944,0.0,0.0,89.0,561.0
45689.0,2.0,2.4007,1.278,-0.04965,-0.9913,4.831,-0.7083,0.0,0.0,89.0,555.0
45699.0,2.0,2.4421,2.233,-0.06019,-0.9304,6.0,-0.7133,0.0,0.0,89.0,572.0
45710.0,2.0,2.4774,2.795,-0.06915,-0.8704,6.0,-0.7168,0.0,0.0,89.0,556.0
45720.0,2.0,2.5203,3.243,-0.07751,-0.8104,6.0,-0.7206,0.0,0.0,89.0,555.0
45730.0,2.0,2.5633,3.624,-0.08528,-0.7504,6.0,-0.7248,0.0,0.0,89.0,571.0
45740.0,2.0,2.6032,3.839,-0.09248,-0.6904,6.0,-0.7347,0.0,0.0,89.0,563.0
45750.0,2.0,2.6553,4.087,-0.09904,-0.6304,6.0,-0.7413,0.0,0.0,89.0,555.0
45760.0,2.0,2.7059,4.335,-0.1056,-0.5644,6.0,-0.7478,0.0,0.0,89.0,565.0
45771.0,2.0,2.7612,4.585,-0.11089,-0.5044,6.0,-0.7497,0.0,0.0,89.0,555.0
45781.0,2.0,2.8133,4.788,-0.11565,-0.4444,6.0,-0.7521,0.0,0.0,89.0,571.0
45791.0,2.0,2.8762,5.131,-0.11978,-0.3844,6.0,-0.7412,0.0,0.0,89.0,556.0
45801.0,2.0,2.9606,5.753,-0.12364,-0.3184,6.0,-0.7019,0.0,0.0,89.0,555.0
45811.0,2.0,3.0051,5.958,-0.12652,-0.2584,6.0,-0.6919,0.0,0.0,89.0,577.0
45822.0,2.0,3.0526,5.653,-0.12881,-0.1984,6.0,-0.7267,0.0,0.0,89.0,563.0
45832.0,2.0,3.1155,5.441,-0.13054,-0.1384,6.0,-0.7492,0.0,0.0,89.0,556.0
45842.0,2.0,3.137,4.952,-0.13162,-0.0784,6.0,-0.7924,0.0,0.0,89.0,563.0
45852.0,2.0,-3.0894,4.835,-0.13219,-0.0124,6.0,-0.8005,0.0,0.0,89.0,571.0
45862.0,2.0,-3.0403,4.834,-0.13204,0.0476,6.0,-0.7965,0.0,0.0,89.0,580.0
45872.0,2.0,-3.0327,4.151,-0.13129,0.1076,6.0,-0.8456,0.0,0.0,89.0,594.0
45882.0,2.0,-3.0357,2.94,-0.12998,0.1676,6.0,-0.9185,0.0,0.0,89.0,594.0
45893.0,2.0,-2.9744,2.828,-0.12806,0.2276,6.0,-0.9206,0.0,0.0,89.0,578.0
45903.0,2.0,-2.8731,4.34,-0.12555,0.2876,6.0,-0.813,0.0,0.0,89.0,594.0
45913.0,2.0,-2.7903,5.828,-0.12244,0.3476,6.0,-0.6576,0.0,0.0,89.0,578.0
45923.0,2.0,-2.732,6.438,-0.11873,0.4076,6.0,-0.5644,0.0,0.0,89.0,586.0
45933.0,2.0,-2.6799,6.204,-0.114,0.4736,6.0,-0.5624,0.0,0.0,89.0,594.0
45944.0,2.0,-2.6369,5.703,-0.10905,0.5336,6.0,-0.5919,0.0,0.0,89.0,571.0
45954.0,2.0,-2.6001,5.18,-0.1035,0.5936,6.0,-0.6204,0.0,0.0,89.0,593.0
45964.0,2.0,-2.5663,4.638,-0.09739,0.6532,5.891,-0.648,0.0,0.0,89.0,585.0
45974.0,2.0,-2.5357,4.067,-0.08996,0.7167,5.68,-0.6729,0.0,0.0,89.0,586.0
45985.0,2.0,-2.5142,3.536,-0.08261,0.7723,5.46,-0.6945,0.0,0.0,89.0,577.0
45995.0,2.0,-2.4958,3.038,-0.07474,0.8255,5.2,-0.7118,0.0,0.0,89.0,578.0
46005.0,2.0,-2.4789,2.603,-0.06638,0.8758,4.887,-0.7236,0.0,0.0,89.0,577.0
46015.0,2.0,-2.4651,2.24,-0.05749,0.9227,4.516,-0.7304,0.0,0.0,89.0,580.0
46025.0,2.0,-2.459,1.843,-0.04815,0.9654,4.054,-0.739,0.0,0.0,89.0,578.0
46035.0,2.0,-2.4574,1.378,-0.03844,1.0025,3.399,-0.7507,0.0,0.0,89.0,578.0
46045.0,2.0,-2.4559,0.921,-0.0273,1.0343,2.448,-0.7607,0.0,0.0,89.0,603.0
46055.0,2.0,-2.462,0.514,-0.01699,1.0529,1.331,-0.7692,0.0,0.0,89.0,570.0
46065.0,2.0,-2.4712,0.068,-0.00649,1.0596,0.131,-0.7784,0.0,0.0,89.0,610.0
46076.0,2.0,-2.4835,-0.307,0.00398,1.0543,-1.069,-0.7858,0.0,0.0,89.0,602.0
46086.0,2.0,-2.5004,-0.677,0.01436,1.037,-2.269,-0.7928,0.0,0.0,89.0,611.0
46096.0,2.0,-2.5188,-1.059,0.02546,1.0042,-3.589,-0.8,0.0,0.0,89.0,585.0
46106.0,2.0,-2.5433,-1.404,0.03525,0.9626,-4.501,-0.8061,0.0,0.0,89.0,609.0
46117.0,2.0,-2.5679,-1.723,0.04459,0.9146,-5.038,-0.812,0.0,0.0,89.0,601.0
46127.0,2.0,-2.5986,-2.065,0.0534,0.8617,-5.461,-0.8169,0.0,0.0,89.0,608.0
46137.0,2.0,-2.6292,-2.387,0.06165,0.8053,-5.784,-0.8212,0.0,0.0,89.0,586.0
46147.0,2.0,-2.6676,-2.719,0.07012,0.74,-6.0,-0.8252,0.0,0.0,89.0,588.0
46157.0,2.0,-2.7029,-2.976,0.07721,0.68,-6.0,-0.8291,0.0,0.0,89.0,588.0
46168.0,2.0,-2.7397,-3.21,0.08366,0.62,-6.0,-0.8325,0.0,0.0,89.0,587.0
46178.0,2.0,-2.778,-3.414,0.08955,0.56,-6.0,-0.8359,0.0,0.0,89.0,580.0
46188.0,2.0,-2.8179,-3.587,0.09484,0.5,-6.0,-0.8393,0.0,0.0,89.0,603.0
46198.0,2.0,-2.8609,-3.751,0.09949,0.44,-6.0,-0.8416,0.0,0.0,89.0,586.0
46208.0,2.0,-2.9069,-3.918,0.10399,0.374,-6.0,-0.8428,0.0,0.0,89.0,603.0
46219.0,2.0,-2.9483,-4.026,0.1074,0.314,-6.0,-0.8446,0.0,0.0,89.0,586.0
46229.0,2.0,-2.9913,-4.097,0.11051,0.248,-6.0,-0.8476,0.0,0.0,89.0,585.0
46239.0,2.0,-3.0419,-4.185,0.11269,0.188,-6.0,-0.8468,0.0,0.0,89.0,586.0
46249.0,2.0,-3.094,-4.487,0.1143,0.128,-6.0,-0.8285,0.0,0.0,89.0,586.0
46260.0,2.0,3.1355,-4.76,0.11531,0.068,-6.0,-0.8083,0.0,0.0,89.0,588.0
46270.0,2.0,3.0925,-4.924,0.11573,0.008,-6.0,-0.793,0.0,0.0,89.0,602.0
46280.0,2.0,3.0726,-4.163,0.11558,-0.052,-6.0,-0.8501,0.0,0.0,89.0,572.0
46290.0,2.0,3.0219,-4.142,0.11483,-0.112,-6.0,-0.8473,0.0,0.0,89.0,572.0
46300.0,2.0,2.9698,-4.344,0.11344,-0.172,-6.0,-0.8257,0.0,0.0,89.0,588.0
46310.0,2.0,2.9146,-4.588,0.11126,-0.238,-6.0,-0.796,0.0,0.0,89.0,581.0
46321.0,2.0,2.8302,-5.17,0.10864,-0.298,-6.0,-0.7307,0.0,0.0,89.0,573.0
46331.0,2.0,2.7535,-6.004,0.10545,-0.358,-6.0,-0.6248,0.0,0.0,89.0,571.0
46341.0,2.0,2.6891,-6.455,0.10166,-0.4179,-5.936,-0.5463,0.0,0.0,89.0,578.0
46351.0,2.0,2.6231,-6.52,0.09679,-0.4816,-5.674,-0.5044,0.0,0.0,89.0,579.0
46361.0,2.0,2.5725,-6.274,0.0918,-0.5373,-5.49,-0.5013,0.0,0.0,89.0,579.0
46371.0,2.0,2.5265,-5.881,0.08625,-0.5912,-5.322,-0.5139,0.0,0.0,89.0,587.0
46382.0,2.0,2.4835,-5.42,0.08018,-0.6435,-5.15,-0.5324,0.0,0.0,89.0,572.0
46392.0,2.0,2.4482,-4.902,0.07358,-0.694,-4.969,-0.555,0.0,0.0,89.0,578.0
46402.0,2.0,2.4114,-4.361,0.06577,-0.7473,-4.742,-0.5749,0.0,0.0,89.0,572.0
46412.0,2.0,2.3792,-3.976,0.05816,-0.7934,-4.493,-0.5817,0.0,0.0,89.0,586.0
46423.0,2.0,2.3654,-3.466,0.05014,-0.8368,-4.236,-0.5986,0.0,0.0,89.0,586.0
46433.0,2.0,2.3669,-2.602,0.04166,-0.8776,-3.925,-0.6405,0.0,0.0,89.0,577.0
46443.0,2.0,2.3531,-1.925,0.03281,-0.9142,-3.435,-0.6658,0.0,0.0,89.0,562.0
46453.0,2.0,2.347,-1.539,0.02265,-0.9487,-2.84,-0.6719,0.0,0.0,89.0,601.0
46463.0,2.0,2.3501,-1.027,0.01316,-0.9725,-1.974,-0.6854,0.0,0.0,89.0,570.0
46474.0,2.0,2.3593,-0.516,0.00349,-0.9861,-0.828,-0.6979,0.0,0.0,89.0,561.0
46484.0,2.0,2.3715,0.0,-0.0063,-0.9878,0.372,-0.7098,0.0,0.0,89.0,586.0
46494.0,2.0,2.3915,0.534,-0.01605,-0.9775,1.572,-0.7209,0.0,0.0,89.0,578.0
46504.0,2.0,2.413,1.078,-0.02659,-0.9523,2.892,-0.7312,0.0,0.0,89.0,593.0
46514.0,2.0,2.4406,1.529,-0.03589,-0.9168,4.092,-0.7392,0.0,0.0,89.0,586.0
46525.0,2.0,2.4697,1.929,-0.04474,-0.8703,4.942,-0.7466,0.0,0.0,89.0,586.0
46535.0,2.0,2.5004,2.301,-0.05314,-0.8185,5.339,-0.7535,0.0,0.0,89.0,588.0
46545.0,2.0,2.5357,2.67,-0.06101,-0.7634,5.646,-0.7594,0.0,0.0,89.0,594.0
46555.0,2.0,2.5771,3.053,-0.06836,-0.7055,5.893,-0.7634,0.0,0.0,89.0,586.0
46565.0,2.0,2.6216,3.415,-0.07571,-0.6397,6.0,-0.768,0.0,0.0,89.0,586.0
46575.0,2.0,2.6661,3.702,-0.08179,-0.5797,6.0,-0.7722,0.0,0.0,89.0,588.0
46586.0,2.0,2.709,3.93,-0.08726,-0.5197,6.0,-0.7774,0.0,0.0,89.0,586.0
46596.0,2.0,2.7535,4.1,-0.09214,-0.4597,6.0,-0.784,0.0,0.0,89.0,596.0
46606.0,2.0,2.798,4.226,-0.09641,-0.3997,6.0,-0.7913,0.0,0.0,89.0,586.0
46616.0,2.0,2.8578,4.468,-0.10046,-0.3337,6.0,-0.7905,0.0,0.0,89.0,586.0
46626.0,2.0,2.9115,4.76,-0.1035,-0.2737,6.0,-0.7819,0.0,0.0,89.0,585.0
46637.0,2.0,2.9683,5.015,-0.10594,-0.2137,6.0,-0.7722,0.0,0.0,89.0,585.0
46647.0,2.0,3.0189,5.037,-0.10781,-0.1537,6.0,-0.7778,0.0,0.0,89.0,602.0
46657.0,2.0,3.0618,4.889,-0.10916,-0.0877,6.0,-0.7951,0.0,0.0,89.0,609.0
46667.0,2.0,3.1263,5.012,-0.10976,-0.0277,6.0,-0.7872,0.0,0.0,89.0,594.0
46678.0,2.0,-3.1247,5.093,-0.10984,0.0323,6.0,-0.78,0.0,0.0,89.0,571.0
46688.0,2.0,-3.091,4.339,-0.10924,0.0923,6.0,-0.8391,0.0,0.0,89.0,572.0
46698.0,2.0,-3.0066,4.754,-0.10793,0.1583,6.0,-0.8017,0.0,0.0,89.0,586.0
46708.0,2.0,-2.9529,5.429,-0.10609,0.2183,6.0,-0.7323,0.0,0.0,89.0,594.0
46719.0,2.0,-2.9529,4.623,-0.10369,0.2783,6.0,-0.7955,0.0,0.0,89.0,594.0
46729.0,2.0,-2.9345,3.607,-0.10065,0.3383,6.0,-0.8643,0.0,0.0,89.0,572.0
46739.0,2.0,-2.8685,3.525,-0.09705,0.3983,6.0,-0.8615,0.0,0.0,89.0,579.0
46749.0,2.0,-2.7734,4.981,-0.0924,0.4643,6.0,-0.7287,0.0,0.0,89.0,588.0
46759.0,2.0,-2.7274,5.329,-0.0876,0.5226,5.718,-0.6746,0.0,0.0,89.0,586.0
46769.0,2.0,-2.6845,5.251,-0.08216,0.5785,5.498,-0.66,0.0,0.0,89.0,586.0
46780.0,2.0,-2.6047,5.554,-0.07624,0.6319,5.178,-0.6023,0.0,0.0,89.0,572.0
46790.0,2.0,-2.5479,5.92,-0.06975,0.6816,4.814,-0.53,0.0,0.0,89.0,585.0
46800.0,2.0,-2.5265,5.449,-0.06281,0.7285,4.622,-0.5502,0.0,0.0,89.0,572.0
46810.0,2.0,-2.5035,4.524,-0.05543,0.7741,4.504,-0.6157,0.0,0.0,89.0,562.0
46820.0,2.0,-2.4682,3.963,-0.04755,0.818,4.287,-0.6407,0.0,0.0,89.0,578.0
46830.0,2.0,-2.439,3.553,-0.03844,0.8634,3.989,-0.6483,0.0,0.0,89.0,594.0
46841.0,2.0,-2.4252,3.025,-0.02974,0.9017,3.704,-0.6669,0.0,0.0,89.0,580.0
46851.0,2.0,-2.4083,2.589,-0.02066,0.9369,3.363,-0.678,0.0,0.0,89.0,584.0
46861.0,2.0,-2.4007,2.077,-0.01031,0.9712,2.895,-0.6915,0.0,0.0,89.0,585.0
46872.0,2.0,-2.4022,1.494,-0.00056,0.9968,2.242,-0.7094,0.0,0.0,89.0,585.0
46882.0,2.0,-2.4037,0.947,0.00938,1.0142,1.281,-0.7241,0.0,0.0,89.0,595.0
46892.0,2.0,-2.4083,0.494,0.0195,1.0208,0.133,-0.7344,0.0,0.0,89.0,593.0
46902.0,2.0,-2.4252,-0.013,0.02959,1.0156,-1.067,-0.7454,0.0,0.0,89.0,614.0
46912.0,2.0,-2.4452,-0.579,0.04054,0.9959,-2.387,-0.7563,0.0,0.0,89.0,593.0
46922.0,2.0,-2.4682,-1.106,0.05029,0.9654,-3.587,-0.7649,0.0,0.0,89.0,596.0
46933.0,2.0,-2.4973,-1.63,0.05966,0.923,-4.787,-0.7714,0.0,0.0,89.0,578.0
46943.0,2.0,-2.5326,-2.143,0.06859,0.8687,-5.836,-0.7758,0.0,0.0,89.0,594.0
46953.0,2.0,-2.5679,-2.586,0.07695,0.809,-6.0,-0.7792,0.0,0.0,89.0,604.0
46963.0,2.0,-2.6047,-2.958,0.08467,0.749,-6.0,-0.7828,0.0,0.0,89.0,602.0
46973.0,2.0,-2.6477,-3.289,0.09251,0.683,-6.0,-0.7875,0.0,0.0,89.0,593.0
46984.0,2.0,-2.6875,-3.532,0.09904,0.623,-6.0,-0.7926,0.0,0.0,89.0,594.0
46994.0,2.0,-2.7305,-3.745,0.10496,0.563,-6.0,-0.7976,0.0,0.0,89.0,580.0
47004.0,2.0,-2.775,-3.954,0.11025,0.503,-6.0,-0.8011,0.0,0.0,89.0,586.0
47014.0,2.0,-2.8241,-4.193,0.11498,0.443,-6.0,-0.8008,0.0,0.0,89.0,586.0
47024.0,2.0,-2.8777,-4.447,0.11947,0.377,-6.0,-0.7982,0.0,0.0,89.0,602.0
47035.0,2.0,-2.9238,-4.578,0.12296,0.317,-6.0,-0.7999,0.0,0.0,89.0,587.0
47045.0,2.0,-2.9637,-4.508,0.12585,0.257,-6.0,-0.8135,0.0,0.0,89.0,580.0
47055.0,2.0,-3.0035,-4.347,0.12814,0.197,-6.0,-0.8315,0.0,0.0,89.0,580.0
47065.0,2.0,-3.045,-4.196,0.12994,0.131,-6.0,-0.8471,0.0,0.0,89.0,588.0
47075.0,2.0,-3.091,-4.155,0.13099,0.071,-6.0,-0.8528,0.0,0.0,89.0,580.0
47085.0,2.0,3.1339,-4.435,0.13144,0.011,-6.0,-0.8336,0.0,0.0,89.0,610.0
47096.0,2.0,3.0833,-4.759,0.13125,-0.049,-6.0,-0.8066,0.0,0.0,89.0,571.0
47106.0,2.0,3.0787,-4.306,0.1305,-0.109,-6.0,-0.839,0.0,0.0,89.0,571.0
47116.0,2.0,3.0603,-3.235,0.12919,-0.169,-6.0,-0.907,0.0,0.0,89.0,586.0
47126.0,2.0,3.0066,-3.533,0.12724,-0.229,-6.0,-0.885,0.0,0.0,89.0,572.0
47136.0,2.0,2.956,-3.813,0.12443,-0.295,-6.0,-0.8598,0.0,0.0,89.0,585.0
47147.0,2.0,2.9069,-4.09,0.12124,-0.355,-6.0,-0.8313,0.0,0.0,89.0,581.0
47157.0,2.0,2.8486,-4.381,0.11749,-0.415,-6.0,-0.7972,0.0,0.0,89.0,572.0
47167.0,2.0,2.7734,-5.04,0.11265,-0.481,-6.0,-0.7219,0.0,0.0,89.0,572.0
47177.0,2.0,2.6983,-5.81,0.10763,-0.541,-6.0,-0.6209,0.0,0.0,89.0,572.0
47187.0,2.0,2.643,-6.022,0.102,-0.6008,-5.902,-0.5698,0.0,0.0,89.0,592.0
47197.0,2.0,2.5802,-6.14,0.09581,-0.6581,-5.597,-0.5248,0.0,0.0,89.0,580.0
47207.0,2.0,2.5357,-5.924,0.08903,-0.7127,-5.35,-0.5167,0.0,0.0,89.0,592.0
47218.0,2.0,2.4881,-5.569,0.08175,-0.7649,-5.118,-0.5234,0.0,0.0,89.0,584.0
47228.0,2.0,2.4482,-5.171,0.07399,-0.8148,-4.879,-0.5334,0.0,0.0,89.0,578.0
47238.0,2.0,2.4114,-4.731,0.0657,-0.8622,-4.629,-0.5465,0.0,0.0,89.0,581.0
47248.0,2.0,2.3853,-4.168,0.05606,-0.9114,-4.347,-0.5673,0.0,0.0,89.0,593.0
47258.0,2.0,2.3623,-3.603,0.04688,-0.9534,-4.07,-0.5895,0.0,0.0,89.0,580.0
47268.0,2.0,2.3485,-3.008,0.03728,-0.9923,-3.748,-0.6124,0.0,0.0,89.0,586.0
47279.0,2.0,2.3409,-2.379,0.0273,-1.0276,-3.335,-0.6357,0.0,0.0,89.0,562.0
47289.0,2.0,2.3378,-1.756,0.01699,-1.0579,-2.743,-0.6567,0.0,0.0,89.0,569.0
47299.0,2.0,2.3409,-1.098,0.00533,-1.0806,-1.469,-0.6763,0.0,0.0,89.0,571.0
47309.0,2.0,2.3485,-0.551,-0.00544,-1.0887,-0.269,-0.6903,0.0,0.0,89.0,563.0
47319.0,2.0,2.3639,0.015,-0.0162,-1.0848,0.931,-0.7036,0.0,0.0,89.0,572.0
47330.0,2.0,2.3838,0.581,-0.02689,-1.0689,2.131,-0.7153,0.0,0.0,89.0,555.0
47340.0,2.0,2.4083,1.128,-0.03739,-1.041,3.331,-0.7251,0.0,0.0,89.0,577.0
47350.0,2.0,2.4344,1.592,-0.04751,-1.0011,4.531,-0.7332,0.0,0.0,89.0,555.0
47360.0,2.0,2.4666,2.05,-0.05816,-0.9433,5.851,-0.7412,0.0,0.0,89.0,562.0
47371.0,2.0,2.5004,2.424,-0.06724,-0.8834,6.0,-0.7481,0.0,0.0,89.0,561.0
47381.0,2.0,2.5387,2.837,-0.07571,-0.8234,6.0,-0.7527,0.0,0.0,89.0,555.0
47391.0,2.0,2.5832,3.242,-0.08359,-0.7634,6.0,-0.7558,0.0,0.0,89.0,555.0
47401.0,2.0,2.6308,3.638,-0.09161,-0.6974,6.0,-0.7586,0.0,0.0,89.0,563.0
47411.0,2.0,2.6753,3.921,-0.09825,-0.6374,6.0,-0.7625,0.0,0.0,89.0,564.0
47422.0,2.0,2.7228,4.143,-0.10433,-0.5774,6.0,-0.7677,0.0,0.0,89.0,555.0
47432.0,2.0,2.7704,4.358,-0.10976,-0.5174,6.0,-0.7712,0.0,0.0,89.0,555.0
47442.0,2.0,2.8287,4.612,-0.11505,-0.4514,6.0,-0.7712,0.0,0.0,89.0,562.0
47453.0,2.0,2.89,4.946,-0.11929,-0.3914,6.0,-0.7605,0.0,0.0,89.0,555.0
47463.0,2.0,2.936,5.18,-0.12289,-0.3314,6.0,-0.7536,0.0,0.0,89.0,565.0
47473.0,2.0,2.9882,4.978,-0.12619,-0.2654,6.0,-0.7794,0.0,0.0,89.0,563.0
47483.0,2.0,3.0342,4.908,-0.12855,-0.2054,6.0,-0.7911,0.0,0.0,89.0,563.0
47494.0,2.0,3.0634,4.589,-0.13031,-0.1454,6.0,-0.8198,0.0,0.0,89.0,555.0
47504.0,2.0,3.0986,4.489,-0.13151,-0.0854,6.0,-0.8293,0.0,0.0,89.0,555.0
47514.0,2.0,3.1324,3.915,-0.13207,-0.0254,6.0,-0.8703,0.0,0.0,89.0,563.0
47524.0,2.0,-3.0971,3.843,-0.13204,0.0406,6.0,-0.8741,0.0,0.0,89.0,578.0
47534.0,2.0,-3.0894,3.459,-0.13136,0.1006,6.0,-0.8964,0.0,0.0,89.0,572.0
47545.0,2.0,-3.0143,3.628,-0.13013,0.1606,6.0,-0.8828,0.0,0.0,89.0,578.0
47555.0,2.0,-2.9023,5.364,-0.12829,0.2206,6.0,-0.7354,0.0,0.0,89.0,579.0
47565.0,2.0,-2.8471,6.416,-0.12585,0.2806,6.0,-0.6072,0.0,0.0,89.0,579.0
47575.0,2.0,-2.8118,6.114,-0.12281,0.3406,6.0,-0.6217,0.0,0.0,89.0,580.0
47585.0,2.0,-2.7658,5.472,-0.11918,0.4006,6.0,-0.671,0.0,0.0,89.0,588.0
47595.0,2.0,-2.7121,5.311,-0.11494,0.4606,6.0,-0.6661,0.0,0.0,89.0,572.0
47605.0,2.0,-2.6845,4.759,-0.11014,0.5206,6.0,-0.6984,0.0,0.0,89.0,593.0
47615.0,2.0,-2.6384,4.133,-0.10414,0.5866,6.0,-0.7323,0.0,0.0,89.0,586.0
47626.0,2.0,-2.5725,4.549,-0.09806,0.6466,5.965,-0.6734,0.0,0.0,89.0,578.0
47636.0,2.0,-2.5265,4.972,-0.09139,0.7041,5.601,-0.6052,0.0,0.0,89.0,586.0
47646.0,2.0,-2.5142,4.471,-0.08422,0.7589,5.397,-0.6263,0.0,0.0,89.0,578.0
47656.0,2.0,-2.4897,3.625,-0.07646,0.812,5.22,-0.6759,0.0,0.0,89.0,569.0
47666.0,2.0,-2.4636,3.191,-0.06735,0.8677,4.913,-0.6864,0.0,0.0,89.0,585.0
47677.0,2.0,-2.4467,2.894,-0.05858,0.9151,4.596,-0.688,0.0,0.0,89.0,578.0
47687.0,2.0,-2.4375,2.389,-0.04931,0.9591,4.227,-0.7035,0.0,0.0,89.0,586.0
47697.0,2.0,-2.4344,1.824,-0.03964,0.9987,3.715,-0.7215,0.0,0.0,89.0,586.0
47707.0,2.0,-2.4314,1.29,-0.02963,1.032,2.971,-0.7363,0.0,0.0,89.0,571.0
47717.0,2.0,-2.4314,0.841,-0.01823,1.0589,1.973,-0.7459,0.0,0.0,89.0,564.0
47727.0,2.0,-2.4421,0.367,-0.00765,1.0722,0.788,-0.7565,0.0,0.0,89.0,572.0
47737.0,2.0,-2.4559,-0.144,0.00296,1.0735,-0.412,-0.7671,0.0,0.0,89.0,594.0
47748.0,2.0,-2.4743,-0.625,0.01361,1.0628,-1.612,-0.7759,0.0,0.0,89.0,594.0
47758.0,2.0,-2.4989,-1.134,0.024,1.0401,-2.812,-0.7836,0.0,0.0,89.0,586.0
47768.0,2.0,-2.5265,-1.605,0.03416,1.0053,-4.012,-0.7897,0.0,0.0,89.0,594.0
47778.0,2.0,-2.5587,-2.115,0.04489,0.9535,-5.208,-0.7944,0.0,0.0,89.0,611.0
47788.0,2.0,-2.5955,-2.506,0.05411,0.8993,-5.573,-0.7982,0.0,0.0,89.0,592.0
47798.0,2.0,-2.6308,-2.831,0.06278,0.8419,-5.86,-0.8023,0.0,0.0,89.0,595.0
47809.0,2.0,-2.6676,-3.122,0.07088,0.7822,-6.0,-0.8062,0.0,0.0,89.0,588.0
47819.0,2.0,-2.7075,-3.386,0.07834,0.7222,-6.0,-0.8096,0.0,0.0,89.0,586.0
47829.0,2.0,-2.7504,-3.645,0.0852,0.6622,-6.0,-0.8116,0.0,0.0,89.0,586.0
47839.0,2.0,-2.801,-3.918,0.0921,0.5962,-6.0,-0.8122,0.0,0.0,89.0,580.0
47849.0,2.0,-2.8471,-4.157,0.09773,0.5362,-6.0,-0.8108,0.0,0.0,89.0,601.0
47860.0,2.0,-2.8946,-4.33,0.10275,0.4762,-6.0,-0.8112,0.0,0.0,89.0,586.0
47870.0,2.0,-2.9345,-4.36,0.10721,0.4162,-6.0,-0.8189,0.0,0.0,89.0,587.0
47880.0,2.0,-2.979,-4.27,0.11141,0.3502,-6.0,-0.8334,0.0,0.0,89.0,586.0
47890.0,2.0,-3.0158,-4.151,0.11464,0.2902,-6.0,-0.8472,0.0,0.0,89.0,580.0
47900.0,2.0,-3.0511,-4.005,0.11723,0.2302,-6.0,-0.8609,0.0,0.0,89.0,586.0
47911.0,2.0,-3.0894,-3.877,0.11925,0.1702,-6.0,-0.8717,0.0,0.0,89.0,586.0
47921.0,2.0,-3.1217,-3.834,0.12068,0.1102,-6.0,-0.8756,0.0,0.0,89.0,586.0
47931.0,2.0,3.0925,-4.082,0.12158,0.0442,-6.0,-0.8581,0.0,0.0,89.0,578.0
47942.0,2.0,3.0419,-4.485,0.12176,-0.0158,-6.0,-0.8251,0.0,0.0,89.0,572.0
47952.0,2.0,3.0311,-4.322,0.12135,-0.0758,-6.0,-0.8326,0.0,0.0,89.0,577.0
47962.0,2.0,2.9989,-3.532,0.12034,-0.1358,-6.0,-0.8832,0.0,0.0,89.0,577.0
47972.0,2.0,2.9544,-3.597,0.11873,-0.1958,-6.0,-0.873,0.0,0.0,89.0,571.0
47982.0,2.0,2.9023,-3.917,0.11629,-0.2618,-6.0,-0.8418,0.0,0.0,89.0,572.0
47992.0,2.0,2.8348,-4.4,0.11344,-0.3218,-6.0,-0.7929,0.0,0.0,89.0,572.0
48002.0,2.0,2.7704,-5.199,0.10999,-0.3818,-6.0,-0.7042,0.0,0.0,89.0,577.0
48013.0,2.0,2.6906,-5.838,0.10598,-0.4418,-6.0,-0.6148,0.0,0.0,89.0,571.0
48023.0,2.0,2.6185,-6.425,0.10133,-0.5012,-5.825,-0.5166,0.0,0.0,89.0,573.0
48033.0,2.0,2.5587,-6.473,0.09615,-0.5579,-5.561,-0.4762,0.0,0.0,89.0,578.0
48043.0,2.0,2.5065,-6.242,0.09037,-0.6123,-5.344,-0.4684,0.0,0.0,89.0,586.0
48053.0,2.0,2.462,-5.759,0.0834,-0.6698,-5.14,-0.4856,0.0,0.0,89.0,586.0
48064.0,2.0,2.4314,-5.077,0.07658,-0.7204,-4.99,-0.5266,0.0,0.0,89.0,578.0
48074.0,2.0,2.3807,-4.68,0.06922,-0.7692,-4.758,-0.5352,0.0,0.0,89.0,580.0
48084.0,2.0,2.3439,-4.557,0.06143,-0.815,-4.455,-0.5144,0.0,0.0,89.0,578.0
48094.0,2.0,2.3255,-3.902,0.05231,-0.8624,-4.191,-0.5419,0.0,0.0,89.0,577.0
48105.0,2.0,2.3178,-3.087,0.04361,-0.9028,-3.921,-0.583,0.0,0.0,89.0,579.0
48115.0,2.0,2.3148,-2.275,0.0345,-0.9399,-3.502,-0.6188,0.0,0.0,89.0,577.0
48125.0,2.0,2.3132,-1.506,0.02408,-0.9741,-2.747,-0.646,0.0,0.0,89.0,587.0
48136.0,2.0,2.3148,-0.955,0.01436,-0.9965,-1.808,-0.6613,0.0,0.0,89.0,556.0
48146.0,2.0,2.3209,-0.499,0.00439,-1.0087,-0.713,-0.6721,0.0,0.0,89.0,564.0
48156.0,2.0,2.3332,0.011,-0.00664,-1.0086,0.607,-0.6839,0.0,0.0,89.0,609.0
48166.0,2.0,2.3685,0.754,-0.01654,-0.9959,1.807,-0.6985,0.0,0.0,89.0,595.0
48176.0,2.0,2.3991,1.507,-0.02633,-0.9712,3.007,-0.7086,0.0,0.0,89.0,606.0
48187.0,2.0,2.4329,2.114,-0.03581,-0.9346,4.207,-0.715,0.0,0.0,89.0,593.0
48197.0,2.0,2.4697,2.608,-0.04485,-0.8866,5.115,-0.7205,0.0,0.0,89.0,586.0
48207.0,2.0,2.5065,2.988,-0.0534,-0.8337,5.419,-0.727,0.0,0.0,89.0,586.0
48217.0,2.0,2.5541,3.344,-0.06221,-0.7723,5.697,-0.7344,0.0,0.0,89.0,588.0
48228.0,2.0,2.597,3.681,-0.0696,-0.7141,5.913,-0.7391,0.0,0.0,89.0,570.0
48238.0,2.0,2.6461,4.032,-0.07643,-0.6543,6.0,-0.7409,0.0,0.0,89.0,594.0
48248.0,2.0,2.6998,4.385,-0.08265,-0.5943,6.0,-0.7399,0.0,0.0,89.0,594.0
48258.0,2.0,2.752,4.688,-0.0888,-0.5283,6.0,-0.7406,0.0,0.0,89.0,611.0
48268.0,2.0,2.8118,4.9,-0.09375,-0.4683,6.0,-0.7426,0.0,0.0,89.0,586.0
48279.0,2.0,2.8685,5.216,-0.09814,-0.4083,6.0,-0.7335,0.0,0.0,89.0,586.0
48289.0,2.0,2.9146,5.149,-0.10193,-0.3483,6.0,-0.7515,0.0,0.0,89.0,580.0
48299.0,2.0,2.9514,4.87,-0.10511,-0.2883,6.0,-0.7833,0.0,0.0,89.0,580.0
48309.0,2.0,2.9959,4.688,-0.10793,-0.2223,6.0,-0.8054,0.0,0.0,89.0,580.0
48319.0,2.0,3.0327,4.286,-0.10988,-0.1623,6.0,-0.8397,0.0,0.0,89.0,585.0
48330.0,2.0,3.0818,4.156,-0.11123,-0.1023,6.0,-0.8519,0.0,0.0,89.0,586.0
48340.0,2.0,3.117,4.15,-0.11201,-0.0363,6.0,-0.8542,0.0,0.0,89.0,593.0
48350.0,2.0,-3.1278,4.023,-0.11213,0.0237,6.0,-0.8629,0.0,0.0,89.0,580.0
48361.0,2.0,-3.1155,3.591,-0.11164,0.0837,6.0,-0.8898,0.0,0.0,89.0,581.0
48371.0,2.0,-3.0802,3.16,-0.11055,0.1437,6.0,-0.9134,0.0,0.0,89.0,572.0
48381.0,2.0,-2.9606,4.378,-0.10868,0.2097,6.0,-0.8276,0.0,0.0,89.0,578.0
48391.0,2.0,-2.8716,6.023,-0.10635,0.2697,6.0,-0.6626,0.0,0.0,89.0,586.0
48401.0,2.0,-2.8241,6.512,-0.10343,0.3297,6.0,-0.5883,0.0,0.0,89.0,594.0
48412.0,2.0,-2.8164,5.743,-0.0999,0.3897,6.0,-0.6552,0.0,0.0,89.0,577.0
48422.0,2.0,-2.8057,4.195,-0.09578,0.4497,6.0,-0.7849,0.0,0.0,89.0,578.0
48432.0,2.0,-2.7458,3.947,-0.09105,0.5097,6.0,-0.7901,0.0,0.0,89.0,578.0
48442.0,2.0,-2.6584,4.753,-0.08576,0.5684,5.694,-0.7022,0.0,0.0,89.0,578.0
48452.0,2.0,-2.5909,5.604,-0.07928,0.6282,5.239,-0.5865,0.0,0.0,89.0,578.0
48463.0,2.0,-2.5663,5.302,-0.07286,0.6792,5.027,-0.5894,0.0,0.0,89.0,578.0
48473.0,2.0,-2.5479,4.444,-0.06593,0.7288,4.907,-0.6478,0.0,0.0,89.0,586.0
48483.0,2.0,-2.5065,3.953,-0.0585,0.7768,4.691,-0.6671,0.0,0.0,89.0,578.0
48493.0,2.0,-2.4636,3.902,-0.0498,0.8264,4.357,-0.6448,0.0,0.0,89.0,570.0
48503.0,2.0,-2.4498,3.465,-0.0414,0.8684,4.089,-0.6569,0.0,0.0,89.0,594.0
48514.0,2.0,-2.4467,2.687,-0.03266,0.9078,3.798,-0.6931,0.0,0.0,89.0,578.0
48524.0,2.0,-2.436,2.055,-0.02348,0.9435,3.367,-0.716,0.0,0.0,89.0,586.0
48534.0,2.0,-2.4283,1.581,-0.01402,0.9742,2.801,-0.7284,0.0,0.0,89.0,593.0
48544.0,2.0,-2.4176,1.276,-0.00431,0.9988,2.199,-0.7328,0.0,0.0,89.0,571.0
48554.0,2.0,-2.4145,1.072,0.00671,1.0198,1.58,-0.7322,0.0,0.0,89.0,601.0
48564.0,2.0,-2.4237,0.592,0.0168,1.029,0.38,-0.7434,0.0,0.0,89.0,563.0
48574.0,2.0,-2.439,0.059,0.02696,1.0262,-0.82,-0.7552,0.0,0.0,89.0,587.0
48585.0,2.0,-2.459,-0.509,0.03705,1.0114,-2.02,-0.766,0.0,0.0,89.0,555.0
48595.0,2.0,-2.4835,-1.065,0.04699,0.9846,-3.22,-0.7746,0.0,0.0,89.0,556.0
48605.0,2.0,-2.5127,-1.605,0.05659,0.9458,-4.42,-0.7809,0.0,0.0,89.0,555.0
48615.0,2.0,-2.5464,-2.115,0.06574,0.895,-5.62,-0.7849,0.0,0.0,89.0,547.0
48625.0,2.0,-2.5863,-2.624,0.07519,0.8294,-6.0,-0.7877,0.0,0.0,89.0,555.0
48636.0,2.0,-2.6292,-3.082,0.08314,0.7694,-6.0,-0.7877,0.0,0.0,89.0,555.0
48646.0,2.0,-2.6737,-3.508,0.09049,0.7094,-6.0,-0.786,0.0,0.0,89.0,555.0
48656.0,2.0,-2.7182,-3.846,0.09728,0.6494,-6.0,-0.7856,0.0,0.0,89.0,563.0
48666.0,2.0,-2.7658,-4.11,0.10343,0.5894,-6.0,-0.7866,0.0,0.0,89.0,555.0
48676.0,2.0,-2.8133,-4.335,0.10901,0.5294,-6.0,-0.7876,0.0,0.0,89.0,563.0
48686.0,2.0,-2.8624,-4.51,0.114,0.4694,-6.0,-0.7894,0.0,0.0,89.0,555.0
48696.0,2.0,-2.913,-4.668,0.11843,0.4094,-6.0,-0.7898,0.0,0.0,89.0,571.0
48706.0,2.0,-2.9575,-4.724,0.12218,0.3494,-6.0,-0.7952,0.0,0.0,89.0,564.0
48716.0,2.0,-3.0097,-4.709,0.12566,0.2834,-6.0,-0.8043,0.0,0.0,89.0,572.0
48727.0,2.0,-3.0526,-4.689,0.12821,0.2234,-6.0,-0.8107,0.0,0.0,89.0,555.0
48737.0,2.0,-3.0894,-4.507,0.13016,0.1634,-6.0,-0.8273,0.0,0.0,89.0,557.0
48747.0,2.0,-3.1293,-4.376,0.13155,0.1034,-6.0,-0.838,0.0,0.0,89.0,555.0
48757.0,2.0,3.1078,-4.209,0.13234,0.0374,-6.0,-0.8493,0.0,0.0,89.0,579.0
48767.0,2.0,3.0511,-4.325,0.13245,-0.0226,-6.0,-0.8379,0.0,0.0,89.0,572.0
48777.0,2.0,3.0143,-4.431,0.13196,-0.0826,-6.0,-0.8247,0.0,0.0,89.0,588.0
48788.0,2.0,3.0158,-3.712,0.13091,-0.1426,-6.0,-0.8715,0.0,0.0,89.0,584.0
48798.0,2.0,2.9805,-3.068,0.12923,-0.2026,-6.0,-0.9065,0.0,0.0,89.0,580.0
48808.0,2.0,2.9268,-3.663,0.12697,-0.2626,-6.0,-0.8624,0.0,0.0,89.0,578.0
48818.0,2.0,2.8823,-3.706,0.12413,-0.3226,-6.0,-0.8508,0.0,0.0,89.0,586.0
48828.0,2.0,2.8409,-3.878,0.12068,-0.3826,-6.0,-0.8279,0.0,0.0,89.0,572.0
48838.0,2.0,2.7934,-4.099,0.11663,-0.4426,-6.0,-0.798,0.0,0.0,89.0,572.0
48848.0,2.0,2.7197,-4.654,0.11149,-0.5086,-6.0,-0.7326,0.0,0.0,89.0,590.0
48859.0,2.0,2.6446,-5.386,0.1062,-0.5686,-6.0,-0.6387,0.0,0.0,89.0,572.0
48869.0,2.0,2.5909,-5.73,0.10031,-0.6281,-5.844,-0.5732,0.0,0.0,89.0,585.0
48879.0,2.0,2.5326,-5.703,0.09315,-0.6905,-5.534,-0.5415,0.0,0.0,89.0,588.0
48890.0,2.0,2.4835,-5.562,0.0861,-0.7444,-5.26,-0.524,0.0,0.0,89.0,578.0
48900.0,2.0,2.4436,-5.26,0.07852,-0.7955,-5.004,-0.523,0.0,0.0,89.0,586.0
48910.0,2.0,2.4099,-4.722,0.0696,-0.849,-4.746,-0.543,0.0,0.0,89.0,601.0
48920.0,2.0,2.3792,-4.2,0.06098,-0.8951,-4.494,-0.5628,0.0,0.0,89.0,586.0
48931.0,2.0,2.3577,-3.648,0.05194,-0.9385,-4.22,-0.5839,0.0,0.0,89.0,572.0
48941.0,2.0,2.3439,-3.045,0.04249,-0.979,-3.905,-0.6075,0.0,0.0,89.0,578.0
48951.0,2.0,2.3378,-2.393,0.03263,-1.0159,-3.496,-0.6325,0.0,0.0,89.0,578.0
48961.0,2.0,2.3347,-1.692,0.02141,-1.0506,-2.83,-0.6564,0.0,0.0,89.0,584.0
48971.0,2.0,2.3378,-1.115,0.01088,-1.0742,-1.94,-0.6731,0.0,0.0,89.0,580.0
48982.0,2.0,2.3455,-0.577,0.00019,-1.0873,-0.777,-0.6869,0.0,0.0,89.0,556.0
48992.0,2.0,2.3593,-0.018,-0.01061,-1.0885,0.423,-0.7002,0.0,0.0,89.0,586.0
49002.0,2.0,2.3807,0.567,-0.02138,-1.0777,1.623,-0.7123,0.0,0.0,89.0,586.0
49012.0,2.0,2.4068,1.179,-0.03199,-1.0548,2.823,-0.7225,0.0,0.0,89.0,594.0
49022.0,2.0,2.4375,1.739,-0.04226,-1.02,4.023,-0.7301,0.0,0.0,89.0,596.0
49032.0,2.0,2.4697,2.211,-0.0522,-0.9732,5.223,-0.7366,0.0,0.0,89.0,602.0
49042.0,2.0,2.5096,2.664,-0.06248,-0.9121,5.724,-0.7431,0.0,0.0,89.0,586.0
49052.0,2.0,2.5479,3.021,-0.07129,-0.8532,6.0,-0.7489,0.0,0.0,89.0,608.0
49063.0,2.0,2.5878,3.313,-0.07946,-0.7932,6.0,-0.7555,0.0,0.0,89.0,595.0
49073.0,2.0,2.6338,3.692,-0.08704,-0.7332,6.0,-0.757,0.0,0.0,89.0,586.0
49083.0,2.0,2.6799,3.959,-0.09405,-0.6732,6.0,-0.7615,0.0,0.0,89.0,587.0
49093.0,2.0,2.7274,4.212,-0.10046,-0.6132,6.0,-0.7648,0.0,0.0,89.0,594.0
49103.0,2.0,2.7765,4.429,-0.10627,-0.5532,6.0,-0.768,0.0,0.0,89.0,586.0
49113.0,2.0,2.8333,4.651,-0.11197,-0.4872,6.0,-0.7697,0.0,0.0,89.0,586.0
49123.0,2.0,2.8931,4.965,-0.11651,-0.4272,6.0,-0.7601,0.0,0.0,89.0,602.0
49134.0,2.0,2.9621,5.381,-0.12049,-0.3672,6.0,-0.7377,0.0,0.0,89.0,586.0
49144.0,2.0,3.0143,5.668,-0.12386,-0.3072,6.0,-0.7208,0.0,0.0,89.0,601.0
49154.0,2.0,3.0526,5.385,-0.1269,-0.2412,6.0,-0.7523,0.0,0.0,89.0,601.0
49164.0,2.0,3.1002,5.233,-0.12904,-0.1812,6.0,-0.7681,0.0,0.0,89.0,601.0
49174.0,2.0,-3.137,4.883,-0.13058,-0.1212,6.0,-0.7981,0.0,0.0,89.0,602.0
49185.0,2.0,-3.117,4.296,-0.13151,-0.0612,6.0,-0.8428,0.0,0.0,89.0,586.0
49195.0,2.0,-3.0756,3.832,-0.13185,0.0048,6.0,-0.8729,0.0,0.0,89.0,617.0
49205.0,2.0,-3.0403,3.673,-0.13155,0.0648,6.0,-0.88,0.0,0.0,89.0,584.0
49216.0,2.0,-3.0265,3.249,-0.13065,0.1248,6.0,-0.9022,0.0,0.0,89.0,572.0
49226.0,2.0,-2.9483,3.656,-0.12915,0.1848,6.0,-0.8714,0.0,0.0,89.0,594.0
49236.0,2.0,-2.8317,5.317,-0.12705,0.2448,6.0,-0.724,0.0,0.0,89.0,595.0
49246.0,2.0,-2.7673,6.565,-0.12439,0.3048,6.0,-0.567,0.0,0.0,89.0,577.0
49256.0,2.0,-2.7489,5.99,-0.12075,0.3708,6.0,-0.6074,0.0,0.0,89.0,577.0
49266.0,2.0,-2.7075,4.932,-0.11681,0.4308,6.0,-0.6964,0.0,0.0,89.0,580.0
49276.0,2.0,-2.7013,4.315,-0.11228,0.4908,6.0,-0.7322,0.0,0.0,89.0,594.0
49287.0,2.0,-2.6921,2.813,-0.10718,0.5508,6.0,-0.8285,0.0,0.0,89.0,577.0
49297.0,2.0,-2.6001,3.575,-0.10148,0.6108,6.0,-0.7617,0.0,0.0,89.0,561.0
49307.0,2.0,-2.5433,4.692,-0.09446,0.6759,5.777,-0.6404,0.0,0.0,89.0,585.0
49318.0,2.0,-2.5173,4.513,-0.08756,0.7322,5.52,-0.6304,0.0,0.0,89.0,578.0
49328.0,2.0,-2.5035,3.79,-0.0801,0.7863,5.335,-0.6697,0.0,0.0,89.0,586.0
49338.0,2.0,-2.485,3.109,-0.07208,0.8384,5.097,-0.7015,0.0,0.0,89.0,585.0
49348.0,2.0,-2.4774,2.507,-0.06356,0.8877,4.777,-0.7243,0.0,0.0,89.0,578.0
49358.0,2.0,-2.4712,1.872,-0.05453,0.933,4.303,-0.7467,0.0,0.0,89.0,580.0
49368.0,2.0,-2.4682,1.401,-0.04515,0.9726,3.668,-0.7588,0.0,0.0,89.0,578.0
49378.0,2.0,-2.4728,0.888,-0.03439,1.0072,2.648,-0.7709,0.0,0.0,89.0,578.0
49388.0,2.0,-2.482,0.399,-0.0243,1.0272,1.457,-0.7818,0.0,0.0,89.0,577.0
49398.0,2.0,-2.4943,-0.105,-0.01406,1.0351,0.257,-0.7919,0.0,0.0,89.0,604.0
49409.0,2.0,-2.5065,-0.496,-0.00386,1.0311,-0.943,-0.7992,0.0,0.0,89.0,580.0
49419.0,2.0,-2.5234,-0.831,0.0063,1.0151,-2.143,-0.8056,0.0,0.0,89.0,586.0
49429.0,2.0,-2.5433,-1.145,0.01624,0.987,-3.343,-0.8117,0.0,0.0,89.0,585.0
49439.0,2.0,-2.5648,-1.445,0.0258,0.9476,-4.288,-0.8176,0.0,0.0,89.0,586.0
49449.0,2.0,-2.5894,-1.779,0.03589,0.897,-4.838,-0.8237,0.0,0.0,89.0,588.0
49459.0,2.0,-2.6231,-2.109,0.04455,0.8463,-5.234,-0.8281,0.0,0.0,89.0,587.0
49469.0,2.0,-2.6569,-2.448,0.05273,0.7922,-5.547,-0.8313,0.0,0.0,89.0,594.0
49480.0,2.0,-2.6906,-2.754,0.0603,0.7353,-5.796,-0.834,0.0,0.0,89.0,586.0
49490.0,2.0,-2.7228,-3.012,0.06803,0.6702,-6.0,-0.8383,0.0,0.0,89.0,609.0
49500.0,2.0,-2.7658,-3.204,0.0744,0.6102,-6.0,-0.8425,0.0,0.0,89.0,582.0
49510.0,2.0,-2.7995,-3.343,0.08018,0.5502,-6.0,-0.8479,0.0,0.0,89.0,586.0
49521.0,2.0,-2.8394,-3.508,0.08535,0.4902,-6.0,-0.8508,0.0,0.0,89.0,580.0
49531.0,2.0,-2.8793,-3.625,0.08992,0.4302,-6.0,-0.8547,0.0,0.0,89.0,604.0
49541.0,2.0,-2.9161,-3.718,0.09394,0.3702,-6.0,-0.8584,0.0,0.0,89.0,579.0
49551.0,2.0,-2.959,-3.775,0.09765,0.3042,-6.0,-0.8633,0.0,0.0,89.0,588.0
49562.0,2.0,-2.9974,-3.809,0.10039,0.2442,-6.0,-0.8674,0.0,0.0,89.0,586.0
49572.0,2.0,-3.0419,-3.912,0.10256,0.1842,-6.0,-0.8656,0.0,0.0,89.0,602.0
49582.0,2.0,-3.0971,-4.174,0.10414,0.1242,-6.0,-0.8513,0.0,0.0,89.0,586.0
49592.0,2.0,3.1247,-4.569,0.10515,0.0582,-6.0,-0.8233,0.0,0.0,89.0,580.0
49602.0,2.0,3.094,-4.717,0.10549,-0.0018,-6.0,-0.8098,0.0,0.0,89.0,593.0
49613.0,2.0,3.0695,-3.977,0.10523,-0.0618,-6.0,-0.8628,0.0,0.0,89.0,578.0
49623.0,2.0,3.0235,-3.932,0.10436,-0.1218,-6.0,-0.8621,0.0,0.0,89.0,578.0
49633.0,2.0,2.9698,-4.136,0.1029,-0.1818,-6.0,-0.8415,0.0,0.0,89.0,594.0
49643.0,2.0,2.9284,-4.371,0.10084,-0.2418,-6.0,-0.815,0.0,0.0,89.0,578.0
49653.0,2.0,2.8256,-5.266,0.09787,-0.3078,-6.0,-0.7216,0.0,0.0,89.0,572.0
49663.0,2.0,2.7673,-5.837,0.09458,-0.3677,-5.944,-0.6439,0.0,0.0,89.0,572.0
49673.0,2.0,2.7013,-6.161,0.09068,-0.4257,-5.677,-0.5833,0.0,0.0,89.0,585.0
49684.0,2.0,2.6507,-6.166,0.08621,-0.4813,-5.458,-0.5547,0.0,0.0,89.0,577.0
49694.0,2.0,2.5955,-5.981,0.08123,-0.5347,-5.263,-0.5458,0.0,0.0,89.0,586.0
49704.0,2.0,2.5525,-5.596,0.07515,-0.5915,-5.071,-0.555,0.0,0.0,89.0,577.0
49714.0,2.0,2.505,-5.191,0.06904,-0.6411,-4.887,-0.5676,0.0,0.0,89.0,594.0
49725.0,2.0,2.4743,-4.682,0.06248,-0.689,-4.706,-0.5893,0.0,0.0,89.0,586.0
49735.0,2.0,2.4452,-4.096,0.05546,-0.7351,-4.519,-0.6166,0.0,0.0,89.0,592.0
49745.0,2.0,2.413,-3.769,0.048,-0.7789,-4.266,-0.6191,0.0,0.0,89.0,578.0
49755.0,2.0,2.3915,-3.311,0.03934,-0.8241,-3.975,-0.6296,0.0,0.0,89.0,578.0
49766.0,2.0,2.3807,-2.766,0.03098,-0.8622,-3.672,-0.6484,0.0,0.0,89.0,570.0
49776.0,2.0,2.3777,-2.106,0.02228,-0.8967,-3.248,-0.673,0.0,0.0,89.0,594.0
49786.0,2.0,2.3777,-1.478,0.01328,-0.9258,-2.587,-0.6933,0.0,0.0,89.0,586.0
49796.0,2.0,2.3823,-0.894,0.00405,-0.9464,-1.582,-0.7095,0.0,0.0,89.0,564.0
49806.0,2.0,2.3915,-0.343,-0.00634,-0.956,-0.272,-0.7225,0.0,0.0,89.0,580.0
49817.0,2.0,2.4053,0.155,-0.01579,-0.9521,0.928,-0.7334,0.0,0.0,89.0,586.0
49827.0,2.0,2.4222,0.615,-0.0252,-0.9362,2.128,-0.7427,0.0,0.0,89.0,594.0
49837.0,2.0,2.4421,1.026,-0.03435,-0.9083,3.328,-0.7509,0.0,0.0,89.0,592.0
49847.0,2.0,2.4697,1.458,-0.04403,-0.8639,4.612,-0.7592,0.0,0.0,89.0,586.0
49857.0,2.0,2.4943,1.843,-0.05239,-0.8145,5.156,-0.7661,0.0,0.0,89.0,595.0
49868.0,2.0,2.528,2.21,-0.06023,-0.7608,5.545,-0.7723,0.0,0.0,89.0,586.0
49878.0,2.0,2.5602,2.555,-0.06754,-0.7036,5.838,-0.7781,0.0,0.0,89.0,594.0
49888.0,2.0,2.597,2.87,-0.07425,-0.6441,6.0,-0.7835,0.0,0.0,89.0,585.0
49898.0,2.0,2.64,3.189,-0.08096,-0.5781,6.0,-0.7889,0.0,0.0,89.0,594.0
49909.0,2.0,2.6799,3.446,-0.0864,-0.5181,6.0,-0.7937,0.0,0.0,89.0,594.0
49919.0,2.0,2.7228,3.7,-0.09172,-0.4521,6.0,-0.7985,0.0,0.0,89.0,592.0
49929.0,2.0,2.7673,3.863,-0.09596,-0.3921,6.0,-0.8046,0.0,0.0,89.0,594.0
49939.0,2.0,2.8164,4.098,-0.09956,-0.3321,6.0,-0.8049,0.0,0.0,89.0,596.0
49950.0,2.0,2.8624,4.242,-0.1026,-0.2721,6.0,-0.8086,0.0,0.0,89.0,586.0
49960.0,2.0,2.913,4.439,-0.10504,-0.2121,6.0,-0.8067,0.0,0.0,89.0,602.0
49970.0,2.0,2.9621,4.647,-0.10688,-0.1521,6.0,-0.8013,0.0,0.0,89.0,592.0
49980.0,2.0,3.0173,4.995,-0.10811,-0.0921,6.0,-0.7816,0.0,0.0,89.0,586.0
49990.0,2.0,3.0664,4.995,-0.10875,-0.0321,6.0,-0.7865,0.0,0.0,89.0,594.0
50000.0,2.0,3.1247,5.127,-0.10879,0.0339,6.0,-0.7776,0.0,0.0,89.0,573.0
50010.0,2.0,-3.1048,5.135,-0.10819,0.0939,6.0,-0.7761,0.0,0.0,89.0,572.0
50020.0,2.0,-3.0496,5.245,-0.10699,0.1539,6.0,-0.7626,0.0,0.0,89.0,577.0
50031.0,2.0,-3.0173,4.928,-0.10523,0.2139,6.0,-0.785,0.0,0.0,89.0,571.0
50041.0,2.0,-2.956,5.004,-0.10286,0.2739,6.0,-0.7702,0.0,0.0,89.0,578.0
50051.0,2.0,-2.9222,4.827,-0.09986,0.3339,6.0,-0.7757,0.0,0.0,89.0,594.0
50061.0,2.0,-2.8731,4.58,-0.0963,0.3939,6.0,-0.7856,0.0,0.0,89.0,578.0
50071.0,2.0,-2.8149,4.794,-0.09214,0.4539,6.0,-0.7528,0.0,0.0,89.0,596.0
50081.0,2.0,-2.778,4.791,-0.08741,0.5131,5.841,-0.7364,0.0,0.0,89.0,586.0
50091.0,2.0,-2.7458,4.102,-0.08153,0.5767,5.713,-0.7781,0.0,0.0,89.0,578.0
50101.0,2.0,-2.7044,3.957,-0.07556,0.6327,5.495,-0.7737,0.0,0.0,89.0,584.0
50112.0,2.0,-2.64,4.322,-0.06908,0.6861,5.178,-0.7247,0.0,0.0,89.0,577.0
50122.0,2.0,-2.571,5.183,-0.06206,0.7354,4.731,-0.6179,0.0,0.0,89.0,580.0
50132.0,2.0,-2.5449,5.107,-0.05456,0.7809,4.441,-0.5968,0.0,0.0,89.0,585.0
50142.0,2.0,-2.5234,4.433,-0.04665,0.8242,4.255,-0.6354,0.0,0.0,89.0,585.0
50152.0,2.0,-2.5157,3.407,-0.03746,0.8698,4.054,-0.6967,0.0,0.0,89.0,578.0
50162.0,2.0,-2.5035,2.551,-0.02865,0.9089,3.764,-0.7383,0.0,0.0,89.0,578.0
50172.0,2.0,-2.4743,2.194,-0.01946,0.9444,3.389,-0.7452,0.0,0.0,89.0,594.0
50183.0,2.0,-2.4375,2.543,-0.00998,0.9768,3.093,-0.7092,0.0,0.0,89.0,586.0
50193.0,2.0,-2.439,2.231,-0.00019,1.0048,2.389,-0.7122,0.0,0.0,89.0,556.0
50203.0,2.0,-2.4467,1.475,0.01088,1.0232,1.069,-0.738,0.0,0.0,89.0,571.0
50214.0,2.0,-2.4544,0.779,0.02104,1.0273,-0.131,-0.7582,0.0,0.0,89.0,571.0
50224.0,2.0,-2.4697,0.143,0.0312,1.0194,-1.331,-0.773,0.0,0.0,89.0,589.0
50234.0,2.0,-2.4897,-0.514,0.04121,0.9995,-2.531,-0.7849,0.0,0.0,89.0,554.0
50244.0,2.0,-2.5127,-1.055,0.051,0.9676,-3.731,-0.7928,0.0,0.0,89.0,547.0
50254.0,2.0,-2.5341,-1.466,0.06038,0.9237,-4.931,-0.7991,0.0,0.0,89.0,571.0
50264.0,2.0,-2.5587,-1.773,0.07012,0.8619,-6.0,-0.8062,0.0,0.0,89.0,555.0
50274.0,2.0,-2.5848,-1.998,0.07841,0.8019,-6.0,-0.8131,0.0,0.0,89.0,571.0
50285.0,2.0,-2.6108,-2.214,0.08606,0.7419,-6.0,-0.8199,0.0,0.0,89.0,556.0
50295.0,2.0,-2.6415,-2.424,0.09319,0.6819,-6.0,-0.8264,0.0,0.0,89.0,563.0
50305.0,2.0,-2.6737,-2.649,0.09967,0.6219,-6.0,-0.8319,0.0,0.0,89.0,564.0
50315.0,2.0,-2.7167,-2.973,0.10613,0.5559,-6.0,-0.8343,0.0,0.0,89.0,557.0
50326.0,2.0,-2.7581,-3.317,0.11138,0.4959,-6.0,-0.8327,0.0,0.0,89.0,555.0
50336.0,2.0,-2.798,-3.575,0.11599,0.4359,-6.0,-0.833,0.0,0.0,89.0,555.0
50346.0,2.0,-2.8379,-3.704,0.12045,0.3699,-6.0,-0.8391,0.0,0.0,89.0,563.0
50356.0,2.0,-2.8701,-3.617,0.12383,0.3099,-6.0,-0.8539,0.0,0.0,89.0,571.0
50367.0,2.0,-2.9038,-3.552,0.12664,0.2499,-6.0,-0.8662,0.0,0.0,89.0,556.0
50377.0,2.0,-2.9376,-3.476,0.12885,0.1899,-6.0,-0.8778,0.0,0.0,89.0,555.0
50387.0,2.0,-2.9713,-3.486,0.1305,0.1299,-6.0,-0.8836,0.0,0.0,89.0,555.0
50397.0,2.0,-3.0388,-3.842,0.13159,0.0639,-6.0,-0.8686,0.0,0.0,89.0,557.0
50407.0,2.0,-3.1017,-4.517,0.13196,0.0039,-6.0,-0.8261,0.0,0.0,89.0,563.0
50417.0,2.0,3.1416,-4.837,0.13174,-0.0561,-6.0,-0.802,0.0,0.0,89.0,572.0
50427.0,2.0,-3.1263,-3.854,0.13091,-0.1161,-6.0,-0.8742,0.0,0.0,89.0,602.0
50438.0,2.0,3.1032,-3.404,0.12953,-0.1761,-6.0,-0.9012,0.0,0.0,89.0,594.0
50448.0,2.0,3.0526,-3.66,0.12754,-0.2361,-6.0,-0.8832,0.0,0.0,89.0,580.0
50458.0,2.0,3.0035,-3.991,0.12491,-0.2961,-6.0,-0.8565,0.0,0.0,89.0,579.0
50468.0,2.0,2.9529,-4.368,0.12139,-0.3621,-6.0,-0.8206,0.0,0.0,89.0,593.0
50478.0,2.0,2.8624,-5.292,0.11756,-0.4221,-6.0,-0.7275,0.0,0.0,89.0,572.0
50488.0,2.0,2.7872,-6.041,0.1131,-0.4821,-6.0,-0.6314,0.0,0.0,89.0,580.0
50499.0,2.0,2.7474,-6.071,0.10811,-0.5421,-6.0,-0.6051,0.0,0.0,89.0,578.0
50509.0,2.0,2.6952,-5.6,0.10249,-0.6021,-6.0,-0.6337,0.0,0.0,89.0,572.0
50519.0,2.0,2.6338,-5.605,0.09563,-0.6668,-5.747,-0.6046,0.0,0.0,89.0,578.0
50530.0,2.0,2.5817,-5.577,0.0888,-0.7227,-5.462,-0.5787,0.0,0.0,89.0,572.0
50540.0,2.0,2.5341,-5.384,0.08141,-0.7758,-5.194,-0.5691,0.0,0.0,89.0,578.0
50550.0,2.0,2.4973,-4.994,0.0735,-0.8263,-4.951,-0.5795,0.0,0.0,89.0,593.0
50560.0,2.0,2.4559,-4.567,0.06424,-0.8792,-4.664,-0.5898,0.0,0.0,89.0,593.0
50570.0,2.0,2.3731,-4.913,0.05535,-0.9237,-4.244,-0.5239,0.0,0.0,89.0,588.0
50581.0,2.0,2.3455,-5.135,0.04605,-0.9634,-3.823,-0.4634,0.0,0.0,89.0,578.0
50591.0,2.0,2.3731,-3.687,0.03638,-1.0009,-3.697,-0.5717,0.0,0.0,89.0,578.0
50601.0,2.0,2.3807,-1.956,0.02528,-1.0391,-3.182,-0.6714,0.0,0.0,89.0,571.0
50611.0,2.0,2.3731,-1.179,0.01481,-1.0658,-2.238,-0.6985,0.0,0.0,89.0,586.0
50621.0,2.0,2.3731,-0.762,0.00416,-1.083,-1.276,-0.7078,0.0,0.0,89.0,588.0
50632.0,2.0,2.3777,-0.397,-0.0066,-1.0899,-0.164,-0.7153,0.0,0.0,89.0,563.0
50642.0,2.0,2.3869,-0.006,-0.01736,-1.0849,1.036,-0.7237,0.0,0.0,89.0,570.0
50652.0,2.0,2.4053,0.51,-0.02914,-1.0656,2.356,-0.7345,0.0,0.0,89.0,579.0
50662.0,2.0,2.436,1.062,-0.03956,-1.0355,3.556,-0.7439,0.0,0.0,89.0,562.0
50672.0,2.0,2.4651,1.606,-0.04965,-0.9933,4.756,-0.7513,0.0,0.0,89.0,570.0
50683.0,2.0,2.4943,2.036,-0.05925,-0.9391,5.956,-0.7578,0.0,0.0,89.0,556.0
50693.0,2.0,2.5326,2.526,-0.06832,-0.8791,6.0,-0.7616,0.0,0.0,89.0,571.0
50703.0,2.0,2.5725,2.944,-0.07676,-0.8191,6.0,-0.765,0.0,0.0,89.0,555.0
50713.0,2.0,2.6124,3.334,-0.0846,-0.7591,6.0,-0.7674,0.0,0.0,89.0,563.0
50723.0,2.0,2.6599,3.677,-0.09255,-0.6931,6.0,-0.771,0.0,0.0,89.0,555.0
50733.0,2.0,2.7059,3.923,-0.09919,-0.6331,6.0,-0.7755,0.0,0.0,89.0,563.0
50744.0,2.0,2.7566,4.234,-0.10519,-0.5731,6.0,-0.7743,0.0,0.0,89.0,540.0
50754.0,2.0,2.798,4.388,-0.11059,-0.5131,6.0,-0.7802,0.0,0.0,89.0,555.0
50764.0,2.0,2.8333,4.256,-0.11539,-0.4531,6.0,-0.8022,0.0,0.0,89.0,562.0
50774.0,2.0,2.8701,4.085,-0.11963,-0.3931,6.0,-0.8243,0.0,0.0,89.0,571.0
50784.0,2.0,2.9038,3.956,-0.12326,-0.3331,6.0,-0.8419,0.0,0.0,89.0,571.0
50794.0,2.0,2.9299,3.655,-0.1263,-0.2731,6.0,-0.8674,0.0,0.0,89.0,571.0
50804.0,2.0,2.9437,2.949,-0.12896,-0.2071,6.0,-0.9096,0.0,0.0,89.0,555.0
50814.0,2.0,2.979,2.727,-0.13076,-0.1471,6.0,-0.9238,0.0,0.0,89.0,557.0
50824.0,2.0,3.0189,2.947,-0.13196,-0.0871,6.0,-0.9183,0.0,0.0,89.0,572.0
50834.0,2.0,3.0741,3.534,-0.13256,-0.0271,6.0,-0.8913,0.0,0.0,89.0,571.0
50845.0,2.0,3.1293,4.137,-0.13256,0.0329,6.0,-0.855,0.0,0.0,89.0,561.0
50855.0,2.0,-3.1063,4.524,-0.132,0.0929,6.0,-0.8262,0.0,0.0,89.0,585.0
50865.0,2.0,-3.0741,4.421,-0.1308,0.1529,6.0,-0.8316,0.0,0.0,89.0,572.0
50875.0,2.0,-3.0542,3.811,-0.12885,0.2189,6.0,-0.8717,0.0,0.0,89.0,594.0
50885.0,2.0,-3.0081,3.635,-0.12641,0.2789,6.0,-0.8791,0.0,0.0,89.0,593.0
50896.0,2.0,-2.9253,4.428,-0.12341,0.3389,6.0,-0.8142,0.0,0.0,89.0,577.0
50906.0,2.0,-2.8348,5.726,-0.1194,0.4049,6.0,-0.6789,0.0,0.0,89.0,577.0
50916.0,2.0,-2.7458,6.74,-0.11513,0.4649,6.0,-0.5403,0.0,0.0,89.0,577.0
50926.0,2.0,-2.686,6.961,-0.11025,0.5249,6.0,-0.483,0.0,0.0,89.0,593.0
50937.0,2.0,-2.6737,6.118,-0.10481,0.5845,5.97,-0.5575,0.0,0.0,89.0,578.0
50947.0,2.0,-2.7382,3.489,-0.09877,0.6445,6.0,-0.7864,0.0,0.0,89.0,578.0
50957.0,2.0,-2.6016,3.43,-0.09214,0.7044,5.95,-0.7762,0.0,0.0,89.0,586.0
50967.0,2.0,-2.5326,5.013,-0.08415,0.7662,5.366,-0.6119,0.0,0.0,89.0,584.0
50977.0,2.0,-2.5173,4.84,-0.07631,0.8181,5.08,-0.6,0.0,0.0,89.0,594.0
50988.0,2.0,-2.5065,3.905,-0.06806,0.8679,4.917,-0.6601,0.0,0.0,89.0,578.0
50998.0,2.0,-2.4666,3.369,-0.05921,0.9157,4.648,-0.6814,0.0,0.0,89.0,585.0
51008.0,2.0,-2.4559,2.945,-0.04901,0.9647,4.296,-0.6902,0.0,0.0,89.0,601.0
51018.0,2.0,-2.4482,2.314,-0.0393,1.0057,3.908,-0.714,0.0,0.0,89.0,591.0
51028.0,2.0,-2.4421,1.778,-0.02918,1.0419,3.377,-0.7303,0.0,0.0,89.0,578.0
51038.0,2.0,-2.4406,1.303,-0.01871,1.0719,2.66,-0.7423,0.0,0.0,89.0,595.0
51049.0,2.0,-2.4436,0.85,-0.00802,1.0922,1.487,-0.7529,0.0,0.0,89.0,556.0
51059.0,2.0,-2.4498,0.422,0.00285,1.1004,0.287,-0.762,0.0,0.0,89.0,562.0
51069.0,2.0,-2.4636,-0.046,0.01376,1.0967,-0.913,-0.7716,0.0,0.0,89.0,587.0
51079.0,2.0,-2.482,-0.591,0.02565,1.0787,-2.233,-0.7816,0.0,0.0,89.0,581.0
51089.0,2.0,-2.5065,-1.095,0.03623,1.0498,-3.433,-0.7893,0.0,0.0,89.0,571.0
51100.0,2.0,-2.5341,-1.595,0.04646,1.0089,-4.633,-0.7951,0.0,0.0,89.0,572.0
51110.0,2.0,-2.5694,-2.084,0.05625,0.9559,-5.833,-0.7988,0.0,0.0,89.0,571.0
51120.0,2.0,-2.6062,-2.553,0.06544,0.896,-6.0,-0.8006,0.0,0.0,89.0,555.0
51130.0,2.0,-2.6477,-3.026,0.07406,0.836,-6.0,-0.7996,0.0,0.0,89.0,555.0
51140.0,2.0,-2.6967,-3.495,0.08284,0.77,-6.0,-0.7969,0.0,0.0,89.0,555.0
51150.0,2.0,-2.7428,-3.862,0.09023,0.71,-6.0,-0.7941,0.0,0.0,89.0,555.0
51161.0,2.0,-2.7888,-4.148,0.09697,0.65,-6.0,-0.7928,0.0,0.0,89.0,556.0
51171.0,2.0,-2.8363,-4.337,0.10316,0.59,-6.0,-0.7949,0.0,0.0,89.0,555.0
51181.0,2.0,-2.887,-4.529,0.10875,0.53,-6.0,-0.7943,0.0,0.0,89.0,554.0
51191.0,2.0,-2.9391,-4.65,0.11419,0.464,-6.0,-0.7971,0.0,0.0,89.0,555.0
51202.0,2.0,-2.9882,-4.741,0.1185,0.404,-6.0,-0.7986,0.0,0.0,89.0,556.0
51212.0,2.0,-3.0373,-4.808,0.12225,0.344,-6.0,-0.7994,0.0,0.0,89.0,556.0
51222.0,2.0,-3.0802,-4.786,0.1254,0.284,-6.0,-0.8048,0.0,0.0,89.0,557.0
51232.0,2.0,-3.1232,-4.561,0.12818,0.218,-6.0,-0.824,0.0,0.0,89.0,555.0
51242.0,2.0,3.1247,-4.34,0.13009,0.158,-6.0,-0.8402,0.0,0.0,89.0,562.0
51252.0,2.0,3.0879,-4.113,0.13136,0.098,-6.0,-0.8548,0.0,0.0,89.0,561.0
51262.0,2.0,3.0465,-3.947,0.13207,0.038,-6.0,-0.8632,0.0,0.0,89.0,563.0
51272.0,2.0,3.0005,-3.997,0.13219,-0.022,-6.0,-0.8549,0.0,0.0,89.0,574.0
51282.0,2.0,2.9637,-4.014,0.13174,-0.082,-6.0,-0.8471,0.0,0.0,89.0,578.0
51293.0,2.0,2.959,-3.448,0.13065,-0.142,-6.0,-0.879,0.0,0.0,89.0,570.0
51303.0,2.0,2.9437,-2.669,0.129,-0.202,-6.0,-0.9182,0.0,0.0,89.0,572.0
51313.0,2.0,2.8839,-2.902,0.12671,-0.262,-6.0,-0.8995,0.0,0.0,89.0,578.0
51323.0,2.0,2.8609,-3.103,0.12356,-0.328,-6.0,-0.879,0.0,0.0,89.0,602.0
51333.0,2.0,2.8241,-3.284,0.12004,-0.388,-6.0,-0.8581,0.0,0.0,89.0,572.0
51344.0,2.0,2.7811,-3.516,0.11595,-0.448,-6.0,-0.8309,0.0,0.0,89.0,570.0
51354.0,2.0,2.7197,-3.975,0.11126,-0.508,-6.0,-0.7824,0.0,0.0,89.0,585.0
51364.0,2.0,2.6538,-4.694,0.10598,-0.568,-6.0,-0.7012,0.0,0.0,89.0,572.0
51374.0,2.0,2.5924,-5.154,0.09945,-0.6339,-5.927,-0.6293,0.0,0.0,89.0,586.0
51385.0,2.0,2.5433,-5.277,0.09296,-0.6914,-5.62,-0.5878,0.0,0.0,89.0,579.0
51395.0,2.0,2.4973,-5.184,0.08588,-0.746,-5.338,-0.5669,0.0,0.0,89.0,579.0
51405.0,2.0,2.4605,-4.797,0.07748,-0.8031,-5.067,-0.5727,0.0,0.0,89.0,594.0
51416.0,2.0,2.4329,-4.257,0.0693,-0.8525,-4.835,-0.5955,0.0,0.0,89.0,578.0
51426.0,2.0,2.4099,-3.713,0.06068,-0.8994,-4.579,-0.6169,0.0,0.0,89.0,572.0
51436.0,2.0,2.3915,-3.183,0.0516,-0.9436,-4.284,-0.6355,0.0,0.0,89.0,556.0
51446.0,2.0,2.3792,-2.571,0.04106,-0.9884,-3.887,-0.6566,0.0,0.0,89.0,601.0
51456.0,2.0,2.3761,-1.968,0.03113,-1.0247,-3.391,-0.6771,0.0,0.0,89.0,578.0
51466.0,2.0,2.3761,-1.375,0.02081,-1.0547,-2.649,-0.6952,0.0,0.0,89.0,587.0
51477.0,2.0,2.3823,-0.812,0.01031,-1.0756,-1.572,-0.7103,0.0,0.0,89.0,578.0
51487.0,2.0,2.3915,-0.304,-0.00041,-1.0847,-0.372,-0.7223,0.0,0.0,89.0,586.0
51497.0,2.0,2.4083,0.243,-0.01118,-1.0818,0.828,-0.7341,0.0,0.0,89.0,603.0
51507.0,2.0,2.4314,0.83,-0.02175,-1.0669,2.028,-0.7446,0.0,0.0,89.0,578.0
51517.0,2.0,2.462,1.458,-0.03322,-1.0367,3.348,-0.7535,0.0,0.0,89.0,577.0
51527.0,2.0,2.4927,1.964,-0.04335,-0.9966,4.548,-0.7594,0.0,0.0,89.0,594.0
51538.0,2.0,2.5265,2.409,-0.05302,-0.9452,5.457,-0.7643,0.0,0.0,89.0,586.0
51548.0,2.0,2.5633,2.781,-0.06214,-0.8888,5.783,-0.7693,0.0,0.0,89.0,586.0
51558.0,2.0,2.6032,3.098,-0.07147,-0.8235,6.0,-0.7761,0.0,0.0,89.0,580.0
51569.0,2.0,2.6415,3.31,-0.07939,-0.7635,6.0,-0.7839,0.0,0.0,89.0,585.0
51579.0,2.0,2.6845,3.591,-0.08666,-0.7035,6.0,-0.7875,0.0,0.0,89.0,586.0
51589.0,2.0,2.7305,3.869,-0.09338,-0.6435,6.0,-0.7894,0.0,0.0,89.0,586.0
51599.0,2.0,2.778,4.134,-0.09953,-0.5835,6.0,-0.7898,0.0,0.0,89.0,586.0
51609.0,2.0,2.8333,4.393,-0.10556,-0.5175,6.0,-0.7892,0.0,0.0,89.0,603.0
51620.0,2.0,2.8839,4.63,-0.1104,-0.4575,6.0,-0.7858,0.0,0.0,89.0,586.0
51630.0,2.0,2.9498,4.97,-0.11468,-0.3975,6.0,-0.7714,0.0,0.0,89.0,570.0
51640.0,2.0,3.0235,5.577,-0.11835,-0.3375,6.0,-0.7288,0.0,0.0,89.0,594.0
51650.0,2.0,3.071,5.769,-0.12173,-0.2715,6.0,-0.7167,0.0,0.0,89.0,581.0
51660.0,2.0,3.1309,5.584,-0.12416,-0.2115,6.0,-0.7362,0.0,0.0,89.0,586.0
51671.0,2.0,-3.1339,5.179,-0.126,-0.1515,6.0,-0.7724,0.0,0.0,89.0,580.0
51681.0,2.0,-3.071,4.734,-0.12724,-0.0915,6.0,-0.8079,0.0,0.0,89.0,586.0
51691.0,2.0,-3.0327,4.377,-0.12791,-0.0255,6.0,-0.8321,0.0,0.0,89.0,586.0
51702.0,2.0,-2.9836,4.603,-0.12791,0.0345,6.0,-0.808,0.0,0.0,89.0,579.0
51712.0,2.0,-2.9529,4.507,-0.12724,0.1005,6.0,-0.8066,0.0,0.0,89.0,601.0
51722.0,2.0,-2.9376,3.781,-0.12596,0.1605,6.0,-0.8534,0.0,0.0,89.0,593.0
51733.0,2.0,-2.9008,3.268,-0.12413,0.2205,6.0,-0.8796,0.0,0.0,89.0,573.0
51743.0,2.0,-2.8348,3.797,-0.12169,0.2805,6.0,-0.8342,0.0,0.0,89.0,594.0
51753.0,2.0,-2.7489,4.87,-0.11865,0.3405,6.0,-0.7302,0.0,0.0,89.0,585.0
51763.0,2.0,-2.6967,5.333,-0.11464,0.4065,6.0,-0.6618,0.0,0.0,89.0,579.0
51773.0,2.0,-2.6722,4.957,-0.11036,0.4665,6.0,-0.6765,0.0,0.0,89.0,580.0
51784.0,2.0,-2.6553,4.081,-0.10549,0.5265,6.0,-0.7352,0.0,0.0,89.0,577.0
51794.0,2.0,-2.62,3.729,-0.10001,0.5865,6.0,-0.745,0.0,0.0,89.0,594.0
51804.0,2.0,-2.6001,3.453,-0.09398,0.6465,5.974,-0.7476,0.0,0.0,89.0,578.0
51814.0,2.0,-2.5756,2.912,-0.08659,0.7107,5.726,-0.7671,0.0,0.0,89.0,585.0
51825.0,2.0,-2.5587,2.573,-0.07935,0.7665,5.449,-0.7736,0.0,0.0,89.0,571.0
51835.0,2.0,-2.5372,2.318,-0.07147,0.8192,5.132,-0.7748,0.0,0.0,89.0,587.0
51845.0,2.0,-2.5311,2.012,-0.06315,0.8686,4.761,-0.7791,0.0,0.0,89.0,577.0
51855.0,2.0,-2.5295,1.48,-0.05347,0.9174,4.139,-0.7934,0.0,0.0,89.0,596.0
51866.0,2.0,-2.5265,1.107,-0.04421,0.955,3.427,-0.8008,0.0,0.0,89.0,588.0
51876.0,2.0,-2.5249,0.778,-0.03364,0.9877,2.535,-0.8059,0.0,0.0,89.0,601.0
51886.0,2.0,-2.5311,0.427,-0.02381,1.0072,1.436,-0.8124,0.0,0.0,89.0,571.0
51896.0,2.0,-2.5372,0.082,-0.01376,1.0149,0.236,-0.8187,0.0,0.0,89.0,609.0
51907.0,2.0,-2.5479,-0.234,-0.00375,1.0107,-0.964,-0.8244,0.0,0.0,89.0,601.0
51917.0,2.0,-2.5602,-0.539,0.00619,0.9944,-2.164,-0.8299,0.0,0.0,89.0,586.0
51927.0,2.0,-2.5817,-0.913,0.01688,0.9631,-3.364,-0.8361,0.0,0.0,89.0,586.0
51937.0,2.0,-2.5986,-1.215,0.02625,0.925,-4.112,-0.8413,0.0,0.0,89.0,595.0
51948.0,2.0,-2.6216,-1.514,0.03521,0.8806,-4.69,-0.8461,0.0,0.0,89.0,593.0
51958.0,2.0,-2.6492,-1.821,0.04373,0.8311,-5.14,-0.8503,0.0,0.0,89.0,569.0
51968.0,2.0,-2.6799,-2.154,0.05254,0.7722,-5.518,-0.8541,0.0,0.0,89.0,586.0
51979.0,2.0,-2.7105,-2.425,0.05993,0.7155,-5.783,-0.8573,0.0,0.0,89.0,586.0
51989.0,2.0,-2.7443,-2.697,0.06675,0.6564,-6.0,-0.8594,0.0,0.0,89.0,593.0
51999.0,2.0,-2.778,-2.93,0.07298,0.5964,-6.0,-0.8615,0.0,0.0,89.0,586.0
52009.0,2.0,-2.8195,-3.185,0.07916,0.5304,-6.0,-0.8624,0.0,0.0,89.0,580.0
52019.0,2.0,-2.8578,-3.39,0.08415,0.4704,-6.0,-0.8628,0.0,0.0,89.0,587.0
52029.0,2.0,-2.8962,-3.54,0.08858,0.4104,-6.0,-0.8643,0.0,0.0,89.0,580.0
52039.0,2.0,-2.936,-3.664,0.09236,0.3504,-6.0,-0.8656,0.0,0.0,89.0,603.0
52049.0,2.0,-2.9775,-3.788,0.09559,0.2904,-6.0,-0.8653,0.0,0.0,89.0,602.0
52060.0,2.0,-3.0189,-3.886,0.09818,0.2304,-6.0,-0.8648,0.0,0.0,89.0,585.0
52070.0,2.0,-3.0603,-4.018,0.1002,0.1704,-6.0,-0.8603,0.0,0.0,89.0,604.0
52080.0,2.0,-3.114,-4.243,0.10174,0.1044,-6.0,-0.8474,0.0,0.0,89.0,585.0
52090.0,2.0,3.1186,-4.496,0.10253,0.0444,-6.0,-0.8286,0.0,0.0,89.0,580.0
52101.0,2.0,3.1002,-4.252,0.10268,-0.0156,-6.0,-0.845,0.0,0.0,89.0,578.0
52111.0,2.0,3.0572,-3.909,0.10226,-0.0756,-6.0,-0.8664,0.0,0.0,89.0,572.0
52121.0,2.0,3.0097,-3.957,0.10129,-0.1356,-6.0,-0.8587,0.0,0.0,89.0,572.0
52131.0,2.0,2.9606,-4.165,0.09949,-0.2016,-6.0,-0.8363,0.0,0.0,89.0,574.0
52141.0,2.0,2.9023,-4.414,0.09724,-0.2616,-6.0,-0.8077,0.0,0.0,89.0,579.0
52152.0,2.0,2.8501,-4.86,0.09439,-0.3216,-6.0,-0.757,0.0,0.0,89.0,572.0
52162.0,2.0,2.7688,-5.478,0.09094,-0.3814,-5.9,-0.6799,0.0,0.0,89.0,580.0
52172.0,2.0,2.7167,-5.735,0.08647,-0.4446,-5.631,-0.6281,0.0,0.0,89.0,601.0
52182.0,2.0,2.6645,-5.579,0.08186,-0.4998,-5.448,-0.6198,0.0,0.0,89.0,577.0
52192.0,2.0,2.6231,-5.245,0.07665,-0.5534,-5.283,-0.6291,0.0,0.0,89.0,586.0
52203.0,2.0,2.5771,-4.995,0.07099,-0.6051,-5.084,-0.6281,0.0,0.0,89.0,577.0
52213.0,2.0,2.5387,-4.7,0.06476,-0.6548,-4.875,-0.6302,0.0,0.0,89.0,577.0
52223.0,2.0,2.5096,-4.301,0.05809,-0.7025,-4.67,-0.6414,0.0,0.0,89.0,588.0
52233.0,2.0,2.4866,-3.783,0.05017,-0.7524,-4.432,-0.6594,0.0,0.0,89.0,586.0
52244.0,2.0,2.4513,-3.437,0.04256,-0.7953,-4.176,-0.6645,0.0,0.0,89.0,586.0
52254.0,2.0,2.4252,-3.187,0.03454,-0.8355,-3.888,-0.6619,0.0,0.0,89.0,578.0
52264.0,2.0,2.4191,-2.626,0.02528,-0.8762,-3.544,-0.6795,0.0,0.0,89.0,578.0
52274.0,2.0,2.4237,-1.808,0.01643,-0.9091,-3.024,-0.7126,0.0,0.0,89.0,580.0
52285.0,2.0,2.416,-1.287,0.00735,-0.9354,-2.315,-0.727,0.0,0.0,89.0,577.0
52295.0,2.0,2.4176,-0.863,-0.00199,-0.9539,-1.428,-0.7364,0.0,0.0,89.0,572.0
52305.0,2.0,2.4268,-0.366,-0.01245,-0.9622,-0.161,-0.7474,0.0,0.0,89.0,601.0
52315.0,2.0,2.4406,0.104,-0.02194,-0.9572,1.039,-0.7572,0.0,0.0,89.0,595.0
52325.0,2.0,2.459,0.585,-0.03135,-0.9402,2.239,-0.7664,0.0,0.0,89.0,602.0
52336.0,2.0,2.4804,1.054,-0.04054,-0.9112,3.439,-0.7743,0.0,0.0,89.0,585.0
52346.0,2.0,2.505,1.453,-0.04939,-0.8703,4.639,-0.7811,0.0,0.0,89.0,586.0
52356.0,2.0,2.5372,1.929,-0.05858,-0.8134,5.45,-0.7872,0.0,0.0,89.0,579.0
52366.0,2.0,2.5694,2.295,-0.06641,-0.7568,5.808,-0.7924,0.0,0.0,89.0,594.0
52377.0,2.0,2.6032,2.635,-0.07365,-0.6973,6.0,-0.7971,0.0,0.0,89.0,593.0
52387.0,2.0,2.64,2.979,-0.08029,-0.6373,6.0,-0.8002,0.0,0.0,89.0,586.0
52397.0,2.0,2.6845,3.284,-0.08692,-0.5713,6.0,-0.8044,0.0,0.0,89.0,602.0
52408.0,2.0,2.7243,3.525,-0.09229,-0.5113,6.0,-0.8082,0.0,0.0,89.0,586.0
52418.0,2.0,2.7642,3.718,-0.09709,-0.4513,6.0,-0.8128,0.0,0.0,89.0,586.0
52428.0,2.0,2.8072,3.905,-0.1017,-0.3853,6.0,-0.8173,0.0,0.0,89.0,593.0
52438.0,2.0,2.8609,4.072,-0.10526,-0.3253,6.0,-0.8196,0.0,0.0,89.0,586.0
52448.0,2.0,2.9038,4.303,-0.10823,-0.2653,6.0,-0.8158,0.0,0.0,89.0,586.0
52458.0,2.0,2.9652,4.593,-0.11059,-0.2053,6.0,-0.805,0.0,0.0,89.0,602.0
52469.0,2.0,2.9959,4.739,-0.11235,-0.1453,6.0,-0.8015,0.0,0.0,89.0,586.0
52479.0,2.0,3.0373,4.545,-0.11355,-0.0853,6.0,-0.8213,0.0,0.0,89.0,579.0
52489.0,2.0,3.1032,4.775,-0.11415,-0.0193,6.0,-0.8066,0.0,0.0,89.0,580.0
52500.0,2.0,3.1232,4.359,-0.11408,0.0407,6.0,-0.8392,0.0,0.0,89.0,580.0
52510.0,2.0,-3.1109,3.959,-0.1134,0.1007,6.0,-0.8669,0.0,0.0,89.0,578.0
52520.0,2.0,-3.0695,4.111,-0.11201,0.1667,6.0,-0.8537,0.0,0.0,89.0,601.0
52530.0,2.0,-3.0127,4.298,-0.1101,0.2267,6.0,-0.8355,0.0,0.0,89.0,577.0
52540.0,2.0,-2.9222,5.095,-0.10759,0.2867,6.0,-0.7605,0.0,0.0,89.0,586.0
52551.0,2.0,-2.8977,5.193,-0.10451,0.3467,6.0,-0.7395,0.0,0.0,89.0,572.0
52561.0,2.0,-2.8747,4.565,-0.1008,0.4067,6.0,-0.7836,0.0,0.0,89.0,572.0
52571.0,2.0,-2.801,4.698,-0.09608,0.4727,6.0,-0.7565,0.0,0.0,89.0,578.0
52582.0,2.0,-2.7382,4.944,-0.09116,0.5325,5.904,-0.7166,0.0,0.0,89.0,572.0
52592.0,2.0,-2.6891,5.299,-0.08561,0.5897,5.596,-0.66,0.0,0.0,89.0,586.0
52602.0,2.0,-2.6676,4.841,-0.07958,0.6447,5.431,-0.6824,0.0,0.0,89.0,584.0
52612.0,2.0,-2.6369,4.174,-0.07298,0.6982,5.281,-0.7216,0.0,0.0,89.0,578.0
52622.0,2.0,-2.5909,3.919,-0.06581,0.7497,5.039,-0.7226,0.0,0.0,89.0,585.0
52632.0,2.0,-2.5587,3.716,-0.05741,0.8035,4.743,-0.7169,0.0,0.0,89.0,578.0
52643.0,2.0,-2.5311,3.607,-0.04927,0.8493,4.447,-0.7049,0.0,0.0,89.0,577.0
52653.0,2.0,-2.5127,3.255,-0.04069,0.8922,4.163,-0.7115,0.0,0.0,89.0,577.0
52663.0,2.0,-2.4989,2.724,-0.03079,0.9359,3.823,-0.7286,0.0,0.0,89.0,561.0
52673.0,2.0,-2.4881,2.248,-0.02134,0.9721,3.442,-0.7424,0.0,0.0,89.0,586.0
52684.0,2.0,-2.482,1.766,-0.01159,1.0039,2.941,-0.7557,0.0,0.0,89.0,578.0
52694.0,2.0,-2.4758,1.372,-0.00158,1.0291,2.044,-0.7641,0.0,0.0,89.0,555.0
52704.0,2.0,-2.4758,0.993,0.0087,1.043,0.844,-0.7717,0.0,0.0,89.0,547.0
52714.0,2.0,-2.4804,0.534,0.0201,1.0444,-0.476,-0.7814,0.0,0.0,89.0,547.0
52724.0,2.0,-2.4943,0.047,0.03041,1.033,-1.676,-0.7914,0.0,0.0,89.0,580.0
52735.0,2.0,-2.5142,-0.482,0.04054,1.0096,-2.876,-0.8007,0.0,0.0,89.0,555.0
52745.0,2.0,-2.5372,-0.993,0.0504,0.9743,-4.076,-0.808,0.0,0.0,89.0,555.0
52755.0,2.0,-2.5633,-1.474,0.05989,0.9269,-5.276,-0.8135,0.0,0.0,89.0,563.0
52765.0,2.0,-2.597,-1.984,0.06964,0.8627,-6.0,-0.8176,0.0,0.0,89.0,555.0
52775.0,2.0,-2.6308,-2.421,0.07793,0.8027,-6.0,-0.8195,0.0,0.0,89.0,571.0
52786.0,2.0,-2.6691,-2.806,0.08561,0.7427,-6.0,-0.8207,0.0,0.0,89.0,563.0
52796.0,2.0,-2.7059,-3.157,0.0927,0.6827,-6.0,-0.8211,0.0,0.0,89.0,563.0
52806.0,2.0,-2.7458,-3.412,0.09922,0.6227,-6.0,-0.8236,0.0,0.0,89.0,571.0
52816.0,2.0,-2.7872,-3.624,0.10515,0.5627,-6.0,-0.8264,0.0,0.0,89.0,563.0
52826.0,2.0,-2.8333,-3.831,0.11096,0.4967,-6.0,-0.8287,0.0,0.0,89.0,563.0
52836.0,2.0,-2.8777,-3.996,0.11561,0.4367,-6.0,-0.8303,0.0,0.0,89.0,571.0
52847.0,2.0,-2.9207,-4.124,0.11966,0.3767,-6.0,-0.8322,0.0,0.0,89.0,561.0
52857.0,2.0,-2.9652,-4.223,0.12311,0.3167,-6.0,-0.834,0.0,0.0,89.0,555.0
52867.0,2.0,-3.0127,-4.285,0.12623,0.2507,-6.0,-0.8368,0.0,0.0,89.0,563.0
52878.0,2.0,-3.0511,-4.265,0.12848,0.1907,-6.0,-0.8427,0.0,0.0,89.0,557.0
52888.0,2.0,-3.0925,-4.156,0.13009,0.1307,-6.0,-0.8529,0.0,0.0,89.0,564.0
52898.0,2.0,-3.1293,-3.972,0.13114,0.0707,-6.0,-0.8665,0.0,0.0,89.0,557.0
52908.0,2.0,3.0986,-4.138,0.13159,0.0047,-6.0,-0.8543,0.0,0.0,89.0,555.0
52918.0,2.0,3.045,-4.539,0.13136,-0.0553,-6.0,-0.8212,0.0,0.0,89.0,569.0
52928.0,2.0,3.0311,-4.307,0.13058,-0.1153,-6.0,-0.8342,0.0,0.0,89.0,572.0
52939.0,2.0,3.0327,-3.191,0.12919,-0.1753,-6.0,-0.9046,0.0,0.0,89.0,576.0
52949.0,2.0,2.9897,-2.713,0.1272,-0.2353,-6.0,-0.9266,0.0,0.0,89.0,572.0
52959.0,2.0,2.9146,-3.694,0.12461,-0.2953,-6.0,-0.8622,0.0,0.0,89.0,590.0
52969.0,2.0,2.9222,-3.059,0.12109,-0.3613,-6.0,-0.8946,0.0,0.0,89.0,573.0
52980.0,2.0,2.8823,-3.098,0.11726,-0.4213,-6.0,-0.8848,0.0,0.0,89.0,560.0
52990.0,2.0,2.8409,-3.329,0.11284,-0.4813,-6.0,-0.8613,0.0,0.0,89.0,580.0
53000.0,2.0,2.8026,-3.582,0.10725,-0.5473,-6.0,-0.8318,0.0,0.0,89.0,577.0
53010.0,2.0,2.7458,-3.747,0.10159,-0.6073,-6.0,-0.8067,0.0,0.0,89.0,572.0
53020.0,2.0,2.6768,-4.6,0.09533,-0.6672,-5.964,-0.7182,0.0,0.0,89.0,572.0
53030.0,2.0,2.6246,-4.956,0.08846,-0.7249,-5.617,-0.6617,0.0,0.0,89.0,572.0
53041.0,2.0,2.5756,-5.087,0.08104,-0.7792,-5.288,-0.6224,0.0,0.0,89.0,587.0
53051.0,2.0,2.5372,-4.903,0.07313,-0.8305,-5.005,-0.6131,0.0,0.0,89.0,572.0
53061.0,2.0,2.5096,-4.541,0.06469,-0.879,-4.74,-0.6207,0.0,0.0,89.0,580.0
53071.0,2.0,2.4789,-4.07,0.0558,-0.925,-4.477,-0.6374,0.0,0.0,89.0,578.0
53081.0,2.0,2.4528,-3.506,0.04549,-0.9724,-4.166,-0.6583,0.0,0.0,89.0,578.0
53092.0,2.0,2.4344,-3.032,0.0357,-1.0123,-3.842,-0.6728,0.0,0.0,89.0,586.0
53102.0,2.0,2.4222,-2.533,0.02554,-1.0487,-3.466,-0.6881,0.0,0.0,89.0,578.0
53112.0,2.0,2.4176,-1.992,0.015,-1.0767,-2.266,-0.7049,0.0,0.0,89.0,571.0
53122.0,2.0,2.4145,-1.382,0.00315,-1.0937,-0.946,-0.7227,0.0,0.0,89.0,571.0
53132.0,2.0,2.4206,-0.838,-0.00769,-1.0966,0.254,-0.7369,0.0,0.0,89.0,539.0
53142.0,2.0,2.4314,-0.299,-0.01849,-1.0875,1.454,-0.7496,0.0,0.0,89.0,561.0
53152.0,2.0,2.4482,0.243,-0.02921,-1.0663,2.654,-0.7608,0.0,0.0,89.0,571.0
53163.0,2.0,2.4697,0.765,-0.03964,-1.0332,3.854,-0.7701,0.0,0.0,89.0,571.0
53173.0,2.0,2.4927,1.251,-0.04965,-0.988,5.054,-0.7776,0.0,0.0,89.0,555.0
53183.0,2.0,2.5188,1.674,-0.05921,-0.9313,6.0,-0.7839,0.0,0.0,89.0,556.0
53193.0,2.0,2.5479,2.066,-0.06814,-0.8713,6.0,-0.7894,0.0,0.0,89.0,556.0
53203.0,2.0,2.5848,2.445,-0.07733,-0.8053,6.0,-0.795,0.0,0.0,89.0,556.0
53213.0,2.0,2.6154,2.709,-0.08505,-0.7453,6.0,-0.8012,0.0,0.0,89.0,555.0
53223.0,2.0,2.6538,2.994,-0.09214,-0.6853,6.0,-0.8057,0.0,0.0,89.0,563.0
53234.0,2.0,2.6921,3.267,-0.09866,-0.6253,6.0,-0.8094,0.0,0.0,89.0,563.0
53244.0,2.0,2.7336,3.532,-0.10463,-0.5653,6.0,-0.8118,0.0,0.0,89.0,564.0
53254.0,2.0,2.7826,3.828,-0.11044,-0.4993,6.0,-0.8121,0.0,0.0,89.0,573.0
53264.0,2.0,2.8317,4.049,-0.11513,-0.4393,6.0,-0.8126,0.0,0.0,89.0,571.0
53274.0,2.0,2.8793,4.313,-0.11921,-0.3793,6.0,-0.8082,0.0,0.0,89.0,571.0
53285.0,2.0,2.9376,4.625,-0.1227,-0.3193,6.0,-0.7973,0.0,0.0,89.0,571.0
53295.0,2.0,2.9989,5.075,-0.12559,-0.2593,6.0,-0.7714,0.0,0.0,89.0,555.0
53305.0,2.0,3.0588,5.321,-0.1281,-0.1933,6.0,-0.7572,0.0,0.0,89.0,555.0
53315.0,2.0,3.114,5.325,-0.12975,-0.1333,6.0,-0.7597,0.0,0.0,89.0,561.0
53325.0,2.0,-3.1309,4.906,-0.1308,-0.0733,6.0,-0.7963,0.0,0.0,89.0,565.0
53336.0,2.0,-3.091,5.044,-0.13125,-0.0133,6.0,-0.7826,0.0,0.0,89.0,555.0
53346.0,2.0,-3.0833,4.022,-0.13114,0.0467,6.0,-0.8601,0.0,0.0,89.0,580.0
53356.0,2.0,-3.0311,3.931,-0.13043,0.1067,6.0,-0.8628,0.0,0.0,89.0,594.0
53366.0,2.0,-2.9882,3.969,-0.12911,0.1667,6.0,-0.8548,0.0,0.0,89.0,577.0
53376.0,2.0,-2.9299,4.31,-0.12697,0.2327,6.0,-0.8209,0.0,0.0,89.0,578.0
53386.0,2.0,-2.8547,4.938,-0.12439,0.2927,6.0,-0.7559,0.0,0.0,89.0,580.0
53396.0,2.0,-2.8026,5.372,-0.12124,0.3527,6.0,-0.6981,0.0,0.0,89.0,600.0
53407.0,2.0,-2.7658,5.204,-0.11749,0.4127,6.0,-0.6959,0.0,0.0,89.0,578.0
53417.0,2.0,-2.7274,4.84,-0.11318,0.4727,6.0,-0.7113,0.0,0.0,89.0,578.0
53427.0,2.0,-2.6952,4.385,-0.10823,0.5327,6.0,-0.7332,0.0,0.0,89.0,576.0
53437.0,2.0,-2.6615,3.97,-0.10211,0.5987,6.0,-0.7474,0.0,0.0,89.0,587.0
53448.0,2.0,-2.6277,3.692,-0.09593,0.6587,6.0,-0.7512,0.0,0.0,89.0,578.0
53458.0,2.0,-2.6032,3.446,-0.08914,0.7178,5.802,-0.7516,0.0,0.0,89.0,578.0
53468.0,2.0,-2.5848,3.056,-0.08179,0.7744,5.553,-0.7623,0.0,0.0,89.0,594.0
53478.0,2.0,-2.5663,2.585,-0.07309,0.8336,5.235,-0.7758,0.0,0.0,89.0,594.0
53489.0,2.0,-2.5602,2.056,-0.06461,0.884,4.854,-0.7928,0.0,0.0,89.0,578.0
53499.0,2.0,-2.5541,1.641,-0.05565,0.9298,4.363,-0.8028,0.0,0.0,89.0,585.0
53509.0,2.0,-2.5418,1.422,-0.04624,0.9709,3.874,-0.8036,0.0,0.0,89.0,585.0
53519.0,2.0,-2.5449,0.988,-0.03548,1.0087,2.99,-0.8126,0.0,0.0,89.0,585.0
53529.0,2.0,-2.5433,0.641,-0.02539,1.0334,2.005,-0.8189,0.0,0.0,89.0,594.0
53539.0,2.0,-2.5556,0.22,-0.01508,1.0469,0.813,-0.8269,0.0,0.0,89.0,594.0
53550.0,2.0,-2.5663,-0.17,-0.00469,1.0485,-0.387,-0.8338,0.0,0.0,89.0,594.0
53560.0,2.0,-2.5786,-0.547,0.00563,1.038,-1.587,-0.84,0.0,0.0,89.0,586.0
53570.0,2.0,-2.597,-0.892,0.01684,1.0126,-2.907,-0.8457,0.0,0.0,89.0,586.0
53580.0,2.0,-2.6154,-1.182,0.02674,0.9769,-4.107,-0.8507,0.0,0.0,89.0,595.0
53591.0,2.0,-2.6384,-1.474,0.03623,0.9321,-4.74,-0.8552,0.0,0.0,89.0,601.0
53601.0,2.0,-2.663,-1.759,0.04519,0.882,-5.202,-0.8594,0.0,0.0,89.0,586.0
53611.0,2.0,-2.6937,-2.077,0.05449,0.8223,-5.601,-0.8631,0.0,0.0,89.0,579.0
53621.0,2.0,-2.7243,-2.355,0.0624,0.7646,-5.889,-0.8657,0.0,0.0,89.0,586.0
53632.0,2.0,-2.7581,-2.638,0.06971,0.7048,-6.0,-0.867,0.0,0.0,89.0,593.0
53642.0,2.0,-2.7903,-2.866,0.07646,0.6448,-6.0,-0.869,0.0,0.0,89.0,603.0
53652.0,2.0,-2.8241,-3.03,0.08258,0.5848,-6.0,-0.8722,0.0,0.0,89.0,564.0
53662.0,2.0,-2.8563,-3.123,0.08809,0.5248,-6.0,-0.8774,0.0,0.0,89.0,586.0
53672.0,2.0,-2.8931,-3.218,0.09349,0.4588,-6.0,-0.8822,0.0,0.0,89.0,576.0
53682.0,2.0,-2.9268,-3.263,0.0978,0.3988,-6.0,-0.8874,0.0,0.0,89.0,587.0
53693.0,2.0,-2.9606,-3.312,0.10148,0.3388,-6.0,-0.8914,0.0,0.0,89.0,582.0
53703.0,2.0,-2.9959,-3.342,0.10459,0.2788,-6.0,-0.8952,0.0,0.0,89.0,580.0
53713.0,2.0,-3.0281,-3.344,0.10706,0.2188,-6.0,-0.8993,0.0,0.0,89.0,586.0
53723.0,2.0,-3.068,-3.415,0.10898,0.1588,-6.0,-0.8986,0.0,0.0,89.0,586.0
53733.0,2.0,-3.117,-3.698,0.11029,0.0988,-6.0,-0.8839,0.0,0.0,89.0,580.0
53743.0,2.0,3.1017,-4.3,0.11108,0.0328,-6.0,-0.843,0.0,0.0,89.0,600.0
53754.0,2.0,3.071,-4.492,0.11115,-0.0272,-6.0,-0.8258,0.0,0.0,89.0,578.0
53764.0,2.0,3.0787,-3.344,0.11063,-0.0872,-6.0,-0.9016,0.0,0.0,89.0,572.0
53774.0,2.0,3.0265,-3.207,0.10935,-0.1532,-6.0,-0.906,0.0,0.0,89.0,570.0
53784.0,2.0,2.9836,-3.428,0.10759,-0.2132,-6.0,-0.8882,0.0,0.0,89.0,600.0
53795.0,2.0,2.9299,-3.765,0.10523,-0.2732,-6.0,-0.8593,0.0,0.0,89.0,571.0
53805.0,2.0,2.8701,-4.33,0.10226,-0.3332,-6.0,-0.8072,0.0,0.0,89.0,572.0
53815.0,2.0,2.8026,-4.964,0.0987,-0.3932,-6.0,-0.7381,0.0,0.0,89.0,572.0
53825.0,2.0,2.7412,-5.53,0.09458,-0.4531,-5.939,-0.6627,0.0,0.0,89.0,583.0
53835.0,2.0,2.6829,-5.626,0.08933,-0.5168,-5.677,-0.6266,0.0,0.0,89.0,600.0
53846.0,2.0,2.6461,-5.32,0.08396,-0.5726,-5.502,-0.6337,0.0,0.0,89.0,578.0
53856.0,2.0,2.6047,-4.951,0.07807,-0.6266,-5.322,-0.6458,0.0,0.0,89.0,572.0
53866.0,2.0,2.5633,-4.603,0.07099,-0.6838,-5.09,-0.6515,0.0,0.0,89.0,572.0
53876.0,2.0,2.5295,-4.27,0.06397,-0.7334,-4.863,-0.657,0.0,0.0,89.0,594.0
53887.0,2.0,2.5004,-3.894,0.05655,-0.7808,-4.626,-0.6657,0.0,0.0,89.0,577.0
53897.0,2.0,2.4728,-3.479,0.04864,-0.8256,-4.373,-0.6769,0.0,0.0,89.0,585.0
53907.0,2.0,2.4559,-3.101,0.03941,-0.8719,-4.055,-0.6826,0.0,0.0,89.0,601.0
53917.0,2.0,2.4268,-2.893,0.0306,-0.9106,-3.733,-0.6777,0.0,0.0,89.0,584.0
53928.0,2.0,2.4252,-2.356,0.02145,-0.946,-3.363,-0.695,0.0,0.0,89.0,572.0
53938.0,2.0,2.4329,-1.527,0.01196,-0.9764,-2.684,-0.7265,0.0,0.0,89.0,586.0
53948.0,2.0,2.4375,-0.819,0.00221,-0.9974,-1.57,-0.7475,0.0,0.0,89.0,573.0
53958.0,2.0,2.4436,-0.264,-0.00878,-1.0067,-0.25,-0.7601,0.0,0.0,89.0,601.0
53968.0,2.0,2.4574,0.16,-0.01871,-1.0026,0.95,-0.7688,0.0,0.0,89.0,578.0
53978.0,2.0,2.4743,0.586,-0.02858,-0.9865,2.15,-0.7769,0.0,0.0,89.0,592.0
53988.0,2.0,2.4973,1.048,-0.03825,-0.9584,3.35,-0.7845,0.0,0.0,89.0,586.0
53998.0,2.0,2.5203,1.468,-0.04755,-0.9183,4.55,-0.791,0.0,0.0,89.0,594.0
54009.0,2.0,2.5464,1.812,-0.05644,-0.8673,5.38,-0.7971,0.0,0.0,89.0,586.0
54019.0,2.0,2.5756,2.129,-0.0648,-0.8113,5.763,-0.8029,0.0,0.0,89.0,595.0
54029.0,2.0,2.6108,2.488,-0.07256,-0.752,6.0,-0.807,0.0,0.0,89.0,586.0
54039.0,2.0,2.6507,2.858,-0.08048,-0.686,6.0,-0.8105,0.0,0.0,89.0,594.0
54050.0,2.0,2.6891,3.165,-0.08696,-0.626,6.0,-0.8131,0.0,0.0,89.0,571.0
54060.0,2.0,2.7305,3.455,-0.09293,-0.566,6.0,-0.8147,0.0,0.0,89.0,602.0
54070.0,2.0,2.7719,3.676,-0.09829,-0.506,6.0,-0.8176,0.0,0.0,89.0,594.0
54080.0,2.0,2.8195,3.871,-0.1035,-0.44,6.0,-0.8214,0.0,0.0,89.0,588.0
54090.0,2.0,2.8685,4.1,-0.10759,-0.38,6.0,-0.8198,0.0,0.0,89.0,595.0
54101.0,2.0,2.9299,4.605,-0.11108,-0.32,6.0,-0.7971,0.0,0.0,89.0,586.0
54111.0,2.0,2.9621,4.66,-0.114,-0.26,6.0,-0.8021,0.0,0.0,89.0,604.0
54121.0,2.0,3.0081,4.612,-0.11633,-0.2,6.0,-0.8124,0.0,0.0,89.0,580.0
54131.0,2.0,3.0327,4.213,-0.11816,-0.134,6.0,-0.8461,0.0,0.0,89.0,602.0
54142.0,2.0,3.0848,4.161,-0.11925,-0.074,6.0,-0.8524,0.0,0.0,89.0,581.0
54152.0,2.0,3.1201,3.962,-0.11974,-0.014,6.0,-0.8671,0.0,0.0,89.0,580.0
54162.0,2.0,3.137,3.433,-0.11955,0.052,6.0,-0.9002,0.0,0.0,89.0,585.0
54172.0,2.0,-3.1293,2.735,-0.11876,0.112,6.0,-0.9365,0.0,0.0,89.0,556.0
54182.0,2.0,-3.0894,2.752,-0.11741,0.172,6.0,-0.9348,0.0,0.0,89.0,577.0
54192.0,2.0,-3.0051,3.742,-0.11543,0.232,6.0,-0.8754,0.0,0.0,89.0,578.0
54203.0,2.0,-2.9115,5.296,-0.11287,0.292,6.0,-0.7418,0.0,0.0,89.0,578.0
54213.0,2.0,-2.8777,5.682,-0.10973,0.352,6.0,-0.6899,0.0,0.0,89.0,578.0
54223.0,2.0,-2.8655,4.948,-0.10601,0.412,6.0,-0.7472,0.0,0.0,89.0,577.0
54233.0,2.0,-2.8164,4.529,-0.10166,0.472,6.0,-0.7701,0.0,0.0,89.0,594.0
54243.0,2.0,-2.7811,4.015,-0.09623,0.538,6.0,-0.7966,0.0,0.0,89.0,578.0
54253.0,2.0,-2.7305,4.109,-0.09064,0.5979,5.967,-0.7737,0.0,0.0,89.0,578.0
54264.0,2.0,-2.686,4.312,-0.08445,0.656,5.683,-0.7387,0.0,0.0,89.0,579.0
54274.0,2.0,-2.6553,4.148,-0.0777,0.7115,5.44,-0.7333,0.0,0.0,89.0,586.0
54284.0,2.0,-2.6369,3.698,-0.07043,0.7646,5.223,-0.7507,0.0,0.0,89.0,594.0
54294.0,2.0,-2.6216,3.08,-0.06266,0.8156,4.996,-0.7787,0.0,0.0,89.0,587.0
54304.0,2.0,-2.5894,2.676,-0.05351,0.8687,4.675,-0.7886,0.0,0.0,89.0,586.0
54315.0,2.0,-2.5587,2.68,-0.04474,0.9137,4.356,-0.774,0.0,0.0,89.0,578.0
54325.0,2.0,-2.5479,2.463,-0.03548,0.9554,4.014,-0.7728,0.0,0.0,89.0,586.0
54335.0,2.0,-2.5403,2.083,-0.02588,0.9934,3.615,-0.7812,0.0,0.0,89.0,570.0
54345.0,2.0,-2.5418,1.533,-0.0159,1.0265,3.018,-0.7975,0.0,0.0,89.0,571.0
54355.0,2.0,-2.5372,1.084,-0.00458,1.0535,1.9,-0.8074,0.0,0.0,89.0,555.0
54366.0,2.0,-2.5433,0.669,0.00593,1.0659,0.7,-0.8159,0.0,0.0,89.0,555.0
54376.0,2.0,-2.5495,0.251,0.01654,1.0663,-0.5,-0.8239,0.0,0.0,89.0,571.0
54386.0,2.0,-2.5633,-0.184,0.02704,1.0547,-1.7,-0.8316,0.0,0.0,89.0,571.0
54396.0,2.0,-2.5817,-0.675,0.0384,1.0281,-3.02,-0.8391,0.0,0.0,89.0,555.0
54407.0,2.0,-2.6016,-1.086,0.04841,0.9913,-4.22,-0.8444,0.0,0.0,89.0,562.0
54417.0,2.0,-2.6277,-1.473,0.05805,0.9425,-5.42,-0.8487,0.0,0.0,89.0,562.0
54427.0,2.0,-2.6538,-1.85,0.06713,0.8837,-6.0,-0.852,0.0,0.0,89.0,551.0
54437.0,2.0,-2.6891,-2.245,0.07643,0.8177,-6.0,-0.8543,0.0,0.0,89.0,561.0
54448.0,2.0,-2.7228,-2.589,0.08426,0.7577,-6.0,-0.8551,0.0,0.0,89.0,555.0
54458.0,2.0,-2.7596,-2.901,0.0915,0.6977,-6.0,-0.8553,0.0,0.0,89.0,555.0
54468.0,2.0,-2.7995,-3.19,0.09877,0.6317,-6.0,-0.8556,0.0,0.0,89.0,557.0
54478.0,2.0,-2.8394,-3.408,0.10478,0.5717,-6.0,-0.856,0.0,0.0,89.0,555.0
54488.0,2.0,-2.8793,-3.622,0.11018,0.5117,-6.0,-0.855,0.0,0.0,89.0,574.0
54498.0,2.0,-2.9192,-3.742,0.11498,0.4517,-6.0,-0.8572,0.0,0.0,89.0,571.0
54509.0,2.0,-2.959,-3.832,0.11918,0.3917,-6.0,-0.8596,0.0,0.0,89.0,563.0
54519.0,2.0,-2.9974,-3.887,0.12281,0.3317,-6.0,-0.8624,0.0,0.0,89.0,565.0
54529.0,2.0,-3.0342,-3.864,0.12581,0.2717,-6.0,-0.8685,0.0,0.0,89.0,555.0
54539.0,2.0,-3.0741,-3.792,0.12848,0.2057,-6.0,-0.8764,0.0,0.0,89.0,564.0
54550.0,2.0,-3.1109,-3.722,0.13024,0.1457,-6.0,-0.8825,0.0,0.0,89.0,556.0
54560.0,2.0,3.1324,-3.72,0.13144,0.0857,-6.0,-0.8829,0.0,0.0,89.0,573.0
54570.0,2.0,3.0726,-4.056,0.132,0.0257,-6.0,-0.859,0.0,0.0,89.0,571.0
54580.0,2.0,3.0051,-4.782,0.13196,-0.0403,-6.0,-0.7979,0.0,0.0,89.0,574.0
54590.0,2.0,2.979,-4.756,0.13129,-0.1003,-6.0,-0.7926,0.0,0.0,89.0,578.0
54600.0,2.0,2.9928,-3.58,0.13005,-0.1603,-6.0,-0.8746,0.0,0.0,89.0,572.0
54610.0,2.0,2.9867,-2.197,0.12821,-0.2203,-6.0,-0.9449,0.0,0.0,89.0,593.0
54621.0,2.0,2.9299,-2.478,0.12578,-0.2803,-6.0,-0.9281,0.0,0.0,89.0,580.0
54631.0,2.0,2.8992,-2.677,0.12274,-0.3403,-6.0,-0.9125,0.0,0.0,89.0,580.0
54641.0,2.0,2.8716,-2.923,0.1191,-0.4003,-6.0,-0.892,0.0,0.0,89.0,572.0
54651.0,2.0,2.8348,-3.212,0.11441,-0.4663,-6.0,-0.8647,0.0,0.0,89.0,601.0
54661.0,2.0,2.7642,-3.87,0.10958,-0.5263,-6.0,-0.8068,0.0,0.0,89.0,592.0
54671.0,2.0,2.7428,-4.055,0.1041,-0.5863,-6.0,-0.7768,0.0,0.0,89.0,590.0
54682.0,2.0,2.6829,-4.139,0.09803,-0.6463,-6.0,-0.7529,0.0,0.0,89.0,580.0
54692.0,2.0,2.6277,-4.498,0.09135,-0.7055,-5.79,-0.7012,0.0,0.0,89.0,588.0
54702.0,2.0,2.5817,-4.741,0.08411,-0.7615,-5.452,-0.6544,0.0,0.0,89.0,578.0
54712.0,2.0,2.5495,-4.458,0.07635,-0.8145,-5.193,-0.6558,0.0,0.0,89.0,586.0
54722.0,2.0,2.5188,-4.012,0.0672,-0.87,-4.911,-0.6687,0.0,0.0,89.0,572.0
54733.0,2.0,2.4958,-3.61,0.05839,-0.9175,-4.632,-0.6794,0.0,0.0,89.0,572.0
54743.0,2.0,2.459,-3.242,0.04913,-0.9622,-4.325,-0.687,0.0,0.0,89.0,578.0
54753.0,2.0,2.4544,-2.881,0.03945,-1.0036,-3.988,-0.6932,0.0,0.0,89.0,577.0
54763.0,2.0,2.4436,-2.368,0.02933,-1.0414,-3.595,-0.7093,0.0,0.0,89.0,577.0
54773.0,2.0,2.4406,-1.736,0.01781,-1.0752,-2.488,-0.7294,0.0,0.0,89.0,548.0
54783.0,2.0,2.439,-1.226,0.00705,-1.0934,-1.288,-0.743,0.0,0.0,89.0,577.0
54794.0,2.0,2.4406,-0.798,-0.00379,-1.0997,-0.088,-0.7525,0.0,0.0,89.0,555.0
54804.0,2.0,2.4406,-0.47,-0.0147,-1.094,1.112,-0.7587,0.0,0.0,89.0,572.0
54814.0,2.0,2.4528,-0.12,-0.02543,-1.0763,2.312,-0.7656,0.0,0.0,89.0,562.0
54824.0,2.0,2.482,0.56,-0.03701,-1.0429,3.632,-0.7779,0.0,0.0,89.0,549.0
54834.0,2.0,2.5111,1.268,-0.04718,-1.0,4.832,-0.7862,0.0,0.0,89.0,577.0
54845.0,2.0,2.5387,1.819,-0.05685,-0.9451,6.0,-0.7911,0.0,0.0,89.0,547.0
54855.0,2.0,2.5694,2.202,-0.06593,-0.8851,6.0,-0.7961,0.0,0.0,89.0,555.0
54865.0,2.0,2.6032,2.563,-0.07448,-0.8251,6.0,-0.8002,0.0,0.0,89.0,563.0
54875.0,2.0,2.64,2.909,-0.08239,-0.7651,6.0,-0.8034,0.0,0.0,89.0,571.0
54885.0,2.0,2.6768,3.156,-0.09041,-0.6991,6.0,-0.81,0.0,0.0,89.0,565.0
54896.0,2.0,2.709,3.203,-0.09705,-0.6391,6.0,-0.8219,0.0,0.0,89.0,555.0
54906.0,2.0,2.7504,3.368,-0.10313,-0.5791,6.0,-0.8279,0.0,0.0,89.0,555.0
54916.0,2.0,2.7888,3.55,-0.1086,-0.5191,6.0,-0.8319,0.0,0.0,89.0,555.0
54926.0,2.0,2.8348,3.798,-0.11348,-0.4591,6.0,-0.8309,0.0,0.0,89.0,577.0
54936.0,2.0,2.8839,4.045,-0.11775,-0.3991,6.0,-0.8276,0.0,0.0,89.0,565.0
54946.0,2.0,2.9529,4.578,-0.12176,-0.3331,6.0,-0.8033,0.0,0.0,89.0,555.0
54956.0,2.0,3.0097,5.056,-0.12484,-0.2731,6.0,-0.7748,0.0,0.0,89.0,577.0
54966.0,2.0,3.0618,5.278,-0.12724,-0.2131,6.0,-0.7615,0.0,0.0,89.0,577.0
54977.0,2.0,3.1293,5.556,-0.12911,-0.1531,6.0,-0.7387,0.0,0.0,89.0,571.0
54987.0,2.0,-3.1155,5.636,-0.13035,-0.0931,6.0,-0.7302,0.0,0.0,89.0,555.0
54997.0,2.0,-3.045,5.527,-0.13106,-0.0271,6.0,-0.7362,0.0,0.0,89.0,563.0
55007.0,2.0,-3.0127,5.064,-0.13106,0.0329,6.0,-0.7729,0.0,0.0,89.0,586.0
55017.0,2.0,-2.9637,4.986,-0.1305,0.0929,6.0,-0.7716,0.0,0.0,89.0,594.0
55028.0,2.0,-2.9529,4.244,-0.1293,0.1529,6.0,-0.8248,0.0,0.0,89.0,572.0
55038.0,2.0,-2.9146,3.63,-0.12754,0.2129,6.0,-0.8614,0.0,0.0,89.0,572.0
55048.0,2.0,-2.8317,4.257,-0.12517,0.2729,6.0,-0.8044,0.0,0.0,89.0,578.0
55058.0,2.0,-2.7872,4.758,-0.12221,0.3329,6.0,-0.7468,0.0,0.0,89.0,586.0
55068.0,2.0,-2.7796,4.137,-0.11828,0.3989,6.0,-0.7828,0.0,0.0,89.0,601.0
55078.0,2.0,-2.7474,3.622,-0.11408,0.4589,6.0,-0.808,0.0,0.0,89.0,572.0
55088.0,2.0,-2.6937,3.738,-0.10928,0.5189,6.0,-0.7842,0.0,0.0,89.0,578.0
55098.0,2.0,-2.686,3.382,-0.10388,0.5789,6.0,-0.7947,0.0,0.0,89.0,581.0
55109.0,2.0,-2.6477,3.058,-0.09787,0.6389,6.0,-0.8024,0.0,0.0,89.0,576.0
55119.0,2.0,-2.6108,3.3,-0.09064,0.7046,5.882,-0.7684,0.0,0.0,89.0,577.0
55129.0,2.0,-2.5924,3.098,-0.0834,0.7619,5.618,-0.7658,0.0,0.0,89.0,576.0
55139.0,2.0,-2.5909,2.54,-0.0756,0.8166,5.337,-0.7864,0.0,0.0,89.0,586.0
55150.0,2.0,-2.5786,1.938,-0.06731,0.8679,4.933,-0.8073,0.0,0.0,89.0,578.0
55160.0,2.0,-2.574,1.457,-0.0585,0.9141,4.358,-0.8202,0.0,0.0,89.0,570.0
55170.0,2.0,-2.5771,1.012,-0.04834,0.9572,3.499,-0.8297,0.0,0.0,89.0,578.0
55180.0,2.0,-2.5786,0.612,-0.0387,0.9862,2.409,-0.8376,0.0,0.0,89.0,601.0
55191.0,2.0,-2.5878,0.211,-0.02888,1.0038,1.218,-0.8449,0.0,0.0,89.0,578.0
55201.0,2.0,-2.6032,-0.282,-0.01894,1.0093,0.018,-0.853,0.0,0.0,89.0,567.0
55211.0,2.0,-2.6139,-0.644,-0.00791,1.0016,-1.302,-0.8587,0.0,0.0,89.0,611.0
55221.0,2.0,-2.6308,-0.903,0.00188,0.982,-2.502,-0.8632,0.0,0.0,89.0,584.0
55231.0,2.0,-2.6477,-1.146,0.01148,0.9504,-3.678,-0.8677,0.0,0.0,89.0,612.0
55242.0,2.0,-2.6676,-1.379,0.02074,0.9104,-4.229,-0.872,0.0,0.0,89.0,594.0
55252.0,2.0,-2.6906,-1.625,0.02955,0.8655,-4.689,-0.876,0.0,0.0,89.0,593.0
55262.0,2.0,-2.7151,-1.871,0.03791,0.8165,-5.065,-0.8795,0.0,0.0,89.0,586.0
55272.0,2.0,-2.7458,-2.149,0.04654,0.7587,-5.402,-0.8824,0.0,0.0,89.0,594.0
55283.0,2.0,-2.775,-2.385,0.05381,0.7032,-5.651,-0.8847,0.0,0.0,89.0,601.0
55293.0,2.0,-2.8087,-2.63,0.06053,0.6455,-5.86,-0.8856,0.0,0.0,89.0,602.0
55303.0,2.0,-2.8394,-2.799,0.06664,0.586,-6.0,-0.888,0.0,0.0,89.0,586.0
55313.0,2.0,-2.867,-2.865,0.07219,0.526,-6.0,-0.8935,0.0,0.0,89.0,586.0
55323.0,2.0,-2.8992,-2.904,0.07762,0.46,-6.0,-0.9,0.0,0.0,89.0,580.0
55333.0,2.0,-2.9268,-2.896,0.0819,0.4,-6.0,-0.9068,0.0,0.0,89.0,586.0
55343.0,2.0,-2.9575,-2.923,0.08557,0.34,-6.0,-0.9113,0.0,0.0,89.0,586.0
55354.0,2.0,-2.9882,-2.947,0.08869,0.28,-6.0,-0.9151,0.0,0.0,89.0,586.0
55364.0,2.0,-3.0189,-2.991,0.0912,0.22,-6.0,-0.9171,0.0,0.0,89.0,594.0
55374.0,2.0,-3.0603,-3.141,0.0933,0.154,-6.0,-0.9132,0.0,0.0,89.0,593.0
55384.0,2.0,-3.1048,-3.484,0.09458,0.094,-6.0,-0.8965,0.0,0.0,89.0,602.0
55395.0,2.0,3.1309,-3.898,0.09521,0.034,-6.0,-0.8714,0.0,0.0,89.0,595.0
55405.0,2.0,3.091,-4.056,0.09533,-0.026,-6.0,-0.8592,0.0,0.0,89.0,580.0
55415.0,2.0,3.0833,-3.256,0.09473,-0.092,-6.0,-0.9077,0.0,0.0,89.0,573.0
55425.0,2.0,3.0465,-3.106,0.09356,-0.152,-6.0,-0.9135,0.0,0.0,89.0,588.0
55435.0,2.0,2.9974,-3.37,0.0918,-0.212,-6.0,-0.8942,0.0,0.0,89.0,594.0
55446.0,2.0,2.9437,-3.722,0.08944,-0.272,-6.0,-0.8656,0.0,0.0,89.0,594.0
55456.0,2.0,2.887,-4.348,0.08647,-0.332,-6.0,-0.8101,0.0,0.0,89.0,594.0
55466.0,2.0,2.821,-4.934,0.08295,-0.3911,-5.788,-0.7462,0.0,0.0,89.0,581.0
55476.0,2.0,2.7612,-5.476,0.07841,-0.4528,-5.474,-0.673,0.0,0.0,89.0,579.0
55486.0,2.0,2.7228,-5.165,0.07369,-0.5067,-5.327,-0.6838,0.0,0.0,89.0,586.0
55497.0,2.0,2.6722,-5.036,0.06844,-0.5589,-5.124,-0.6745,0.0,0.0,89.0,577.0
55507.0,2.0,2.6262,-4.97,0.0627,-0.6089,-4.892,-0.6571,0.0,0.0,89.0,572.0
55517.0,2.0,2.5832,-4.736,0.0558,-0.6612,-4.648,-0.6523,0.0,0.0,89.0,580.0
55527.0,2.0,2.5525,-4.366,0.04905,-0.7065,-4.439,-0.662,0.0,0.0,89.0,594.0
55538.0,2.0,2.5249,-3.946,0.04189,-0.7497,-4.222,-0.675,0.0,0.0,89.0,578.0
55548.0,2.0,2.4943,-3.531,0.03349,-0.7946,-3.953,-0.6844,0.0,0.0,89.0,601.0
55558.0,2.0,2.4636,-3.306,0.0255,-0.8326,-3.671,-0.6806,0.0,0.0,89.0,578.0
55568.0,2.0,2.4513,-2.919,0.0171,-0.8677,-3.379,-0.6886,0.0,0.0,89.0,578.0
55578.0,2.0,2.4498,-2.274,0.00836,-0.8996,-3.016,-0.7131,0.0,0.0,89.0,580.0
55588.0,2.0,2.4574,-1.433,-0.00068,-0.9263,-2.301,-0.7445,0.0,0.0,89.0,594.0
55599.0,2.0,2.4636,-0.7,-0.0099,-0.9429,-1.118,-0.7658,0.0,0.0,89.0,586.0
55609.0,2.0,2.4728,-0.172,-0.01928,-0.9474,0.082,-0.7774,0.0,0.0,89.0,594.0
55619.0,2.0,2.4835,0.261,-0.02861,-0.94,1.282,-0.7858,0.0,0.0,89.0,585.0
55629.0,2.0,2.5019,0.725,-0.03878,-0.918,2.602,-0.7941,0.0,0.0,89.0,601.0
55639.0,2.0,2.5295,1.194,-0.04778,-0.8854,3.802,-0.8009,0.0,0.0,89.0,594.0
55650.0,2.0,2.5525,1.596,-0.05636,-0.8407,5.002,-0.8066,0.0,0.0,89.0,594.0
55660.0,2.0,2.5756,1.856,-0.06442,-0.7862,5.65,-0.8131,0.0,0.0,89.0,576.0
55670.0,2.0,2.6108,2.22,-0.07271,-0.7218,6.0,-0.8182,0.0,0.0,89.0,586.0
55680.0,2.0,2.6415,2.481,-0.07961,-0.6618,6.0,-0.8236,0.0,0.0,89.0,594.0
55691.0,2.0,2.6753,2.763,-0.08588,-0.6018,6.0,-0.8275,0.0,0.0,89.0,585.0
55701.0,2.0,2.7136,3.065,-0.09158,-0.5418,6.0,-0.8294,0.0,0.0,89.0,578.0
55711.0,2.0,2.7535,3.296,-0.09671,-0.4818,6.0,-0.8325,0.0,0.0,89.0,586.0
55721.0,2.0,2.798,3.537,-0.10163,-0.4158,6.0,-0.8349,0.0,0.0,89.0,586.0
55731.0,2.0,2.8409,3.769,-0.10549,-0.3558,6.0,-0.8345,0.0,0.0,89.0,586.0
55741.0,2.0,2.887,4.021,-0.10875,-0.2958,6.0,-0.8308,0.0,0.0,89.0,586.0
55751.0,2.0,2.936,4.273,-0.11141,-0.2358,6.0,-0.8244,0.0,0.0,89.0,603.0
55762.0,2.0,2.9821,4.386,-0.11348,-0.1758,6.0,-0.8247,0.0,0.0,89.0,586.0
55772.0,2.0,2.9897,4.137,-0.11498,-0.1158,6.0,-0.8476,0.0,0.0,89.0,602.0
55782.0,2.0,3.0526,4.02,-0.11584,-0.0558,6.0,-0.8595,0.0,0.0,89.0,601.0
55792.0,2.0,3.0956,4.094,-0.11614,0.0102,6.0,-0.8574,0.0,0.0,89.0,572.0
55802.0,2.0,3.1048,3.537,-0.11576,0.0702,6.0,-0.894,0.0,0.0,89.0,593.0
55812.0,2.0,3.1247,2.841,-0.11483,0.1302,6.0,-0.9317,0.0,0.0,89.0,593.0
55823.0,2.0,-3.1278,2.774,-0.11325,0.1902,6.0,-0.9347,0.0,0.0,89.0,595.0
55833.0,2.0,-3.0756,3.106,-0.11111,0.2502,6.0,-0.9168,0.0,0.0,89.0,572.0
55843.0,2.0,-2.9974,4.026,-0.10808,0.3162,6.0,-0.8552,0.0,0.0,89.0,585.0
55854.0,2.0,-2.9437,4.9,-0.1047,0.3762,6.0,-0.7775,0.0,0.0,89.0,577.0
55864.0,2.0,-2.9069,4.88,-0.10073,0.4362,6.0,-0.7685,0.0,0.0,89.0,587.0
55874.0,2.0,-2.8563,4.526,-0.09611,0.4962,6.0,-0.7873,0.0,0.0,89.0,578.0
55884.0,2.0,-2.8026,4.823,-0.09098,0.5562,5.947,-0.7467,0.0,0.0,89.0,586.0
55894.0,2.0,-2.7596,4.843,-0.0846,0.6199,5.681,-0.7257,0.0,0.0,89.0,576.0
55904.0,2.0,-2.7351,4.385,-0.07823,0.6757,5.507,-0.7488,0.0,0.0,89.0,578.0
55914.0,2.0,-2.7182,3.609,-0.07129,0.73,5.356,-0.7948,0.0,0.0,89.0,582.0
55925.0,2.0,-2.6845,3.28,-0.06386,0.7823,5.114,-0.8037,0.0,0.0,89.0,578.0
55935.0,2.0,-2.6461,3.386,-0.05591,0.8318,4.807,-0.7808,0.0,0.0,89.0,578.0
55945.0,2.0,-2.617,3.323,-0.04744,0.8781,4.501,-0.7685,0.0,0.0,89.0,594.0
55955.0,2.0,-2.6016,2.966,-0.03859,0.9215,4.208,-0.777,0.0,0.0,89.0,570.0
55965.0,2.0,-2.5878,2.436,-0.02831,0.9656,3.842,-0.7943,0.0,0.0,89.0,586.0
55976.0,2.0,-2.5756,2.07,-0.01856,1.0019,3.445,-0.8023,0.0,0.0,89.0,586.0
55986.0,2.0,-2.5694,1.688,-0.00855,1.0323,2.544,-0.8107,0.0,0.0,89.0,556.0
55996.0,2.0,-2.5663,1.274,0.00173,1.0511,1.344,-0.82,0.0,0.0,89.0,555.0
56006.0,2.0,-2.5694,0.824,0.01324,1.058,0.024,-0.8295,0.0,0.0,89.0,555.0
56016.0,2.0,-2.574,0.435,0.0237,1.0516,-1.176,-0.8368,0.0,0.0,89.0,577.0
56027.0,2.0,-2.5863,0.026,0.03401,1.0333,-2.376,-0.8441,0.0,0.0,89.0,571.0
56037.0,2.0,-2.5986,-0.374,0.0441,1.0029,-3.576,-0.8506,0.0,0.0,89.0,557.0
56047.0,2.0,-2.6154,-0.769,0.05389,0.9606,-4.776,-0.8561,0.0,0.0,89.0,563.0
56057.0,2.0,-2.6415,-1.202,0.06405,0.9002,-6.0,-0.861,0.0,0.0,89.0,557.0
56067.0,2.0,-2.6661,-1.588,0.07271,0.8402,-6.0,-0.8643,0.0,0.0,89.0,563.0
56077.0,2.0,-2.6921,-1.949,0.08081,0.7802,-6.0,-0.8666,0.0,0.0,89.0,572.0
56088.0,2.0,-2.7228,-2.267,0.08824,0.7202,-6.0,-0.8684,0.0,0.0,89.0,569.0
56098.0,2.0,-2.7581,-2.583,0.0951,0.6602,-6.0,-0.8689,0.0,0.0,89.0,563.0
56108.0,2.0,-2.7934,-2.877,0.102,0.5942,-6.0,-0.8695,0.0,0.0,89.0,555.0
56118.0,2.0,-2.8317,-3.118,0.10759,0.5342,-6.0,-0.8695,0.0,0.0,89.0,561.0
56129.0,2.0,-2.8701,-3.359,0.11261,0.4742,-6.0,-0.8678,0.0,0.0,89.0,555.0
56139.0,2.0,-2.9069,-3.498,0.11708,0.4142,-6.0,-0.8694,0.0,0.0,89.0,563.0
56149.0,2.0,-2.9452,-3.593,0.1209,0.3542,-6.0,-0.8719,0.0,0.0,89.0,555.0
56159.0,2.0,-2.9867,-3.659,0.12443,0.2882,-6.0,-0.8751,0.0,0.0,89.0,555.0
56169.0,2.0,-3.0219,-3.679,0.12705,0.2282,-6.0,-0.8788,0.0,0.0,89.0,564.0
56179.0,2.0,-3.0557,-3.662,0.12904,0.1682,-6.0,-0.8834,0.0,0.0,89.0,571.0
56190.0,2.0,-3.0956,-3.679,0.13043,0.1082,-6.0,-0.8846,0.0,0.0,89.0,557.0
56200.0,2.0,-3.1309,-3.635,0.13125,0.0482,-6.0,-0.8882,0.0,0.0,89.0,557.0
56210.0,2.0,3.1017,-3.801,0.13148,-0.0178,-6.0,-0.877,0.0,0.0,89.0,573.0
56220.0,2.0,3.0634,-3.95,0.13103,-0.0778,-6.0,-0.8646,0.0,0.0,89.0,594.0
56231.0,2.0,3.0434,-3.704,0.13001,-0.1378,-6.0,-0.8775,0.0,0.0,89.0,578.0
56241.0,2.0,3.0296,-3.093,0.1284,-0.1978,-6.0,-0.9108,0.0,0.0,89.0,578.0
56251.0,2.0,3.002,-2.703,0.12593,-0.2638,-6.0,-0.9273,0.0,0.0,89.0,601.0
56261.0,2.0,2.9744,-2.711,0.12304,-0.3238,-6.0,-0.9225,0.0,0.0,89.0,572.0
56272.0,2.0,2.9391,-2.702,0.11959,-0.3838,-6.0,-0.9179,0.0,0.0,89.0,572.0
56282.0,2.0,2.9084,-2.846,0.11554,-0.4438,-6.0,-0.9041,0.0,0.0,89.0,581.0
56292.0,2.0,2.8762,-2.946,0.11089,-0.5038,-6.0,-0.8913,0.0,0.0,89.0,577.0
56302.0,2.0,2.8425,-3.044,0.10508,-0.5698,-6.0,-0.8762,0.0,0.0,89.0,585.0
56312.0,2.0,2.8026,-3.146,0.09919,-0.6298,-6.0,-0.8602,0.0,0.0,89.0,586.0
56323.0,2.0,2.7504,-3.519,0.09266,-0.6898,-6.0,-0.8235,0.0,0.0,89.0,580.0
56333.0,2.0,2.7029,-4.034,0.08557,-0.7486,-5.729,-0.769,0.0,0.0,89.0,580.0
56343.0,2.0,2.6584,-4.196,0.0771,-0.8094,-5.377,-0.7353,0.0,0.0,89.0,580.0
56354.0,2.0,2.6277,-4.14,0.06889,-0.8615,-5.073,-0.7197,0.0,0.0,89.0,578.0
56364.0,2.0,2.5894,-3.957,0.06015,-0.9105,-4.772,-0.7143,0.0,0.0,89.0,564.0
56374.0,2.0,2.5571,-3.624,0.04999,-0.9611,-4.442,-0.7187,0.0,0.0,89.0,578.0
56385.0,2.0,2.5341,-3.35,0.04028,-1.0037,-4.119,-0.7199,0.0,0.0,89.0,577.0
56395.0,2.0,2.5157,-2.988,0.03019,-1.0431,-3.784,-0.7272,0.0,0.0,89.0,570.0
56405.0,2.0,2.5081,-2.385,0.01864,-1.0777,-2.548,-0.7481,0.0,0.0,89.0,555.0
56415.0,2.0,2.5004,-1.85,0.00784,-1.0966,-1.348,-0.7647,0.0,0.0,89.0,571.0
56425.0,2.0,2.4989,-1.368,-0.00308,-1.1034,-0.148,-0.7772,0.0,0.0,89.0,571.0
56436.0,2.0,2.5019,-0.881,-0.01399,-1.0983,1.052,-0.7889,0.0,0.0,89.0,572.0
56446.0,2.0,2.5111,-0.39,-0.02483,-1.0812,2.252,-0.7997,0.0,0.0,89.0,571.0
56456.0,2.0,2.5249,0.114,-0.0354,-1.0521,3.452,-0.8094,0.0,0.0,89.0,569.0
56466.0,2.0,2.5433,0.632,-0.04665,-1.0062,4.772,-0.8179,0.0,0.0,89.0,555.0
56476.0,2.0,2.5633,1.032,-0.05636,-0.9518,5.972,-0.824,0.0,0.0,89.0,555.0
56486.0,2.0,2.5863,1.408,-0.06555,-0.8918,6.0,-0.8293,0.0,0.0,89.0,572.0
56497.0,2.0,2.6124,1.761,-0.0741,-0.8318,6.0,-0.8338,0.0,0.0,89.0,570.0
56507.0,2.0,2.6384,2.052,-0.08209,-0.7718,6.0,-0.8385,0.0,0.0,89.0,555.0
56517.0,2.0,2.6661,2.275,-0.09019,-0.7058,6.0,-0.8449,0.0,0.0,89.0,555.0
56527.0,2.0,2.6998,2.495,-0.0969,-0.6458,6.0,-0.8497,0.0,0.0,89.0,555.0
56537.0,2.0,2.732,2.755,-0.10301,-0.5858,6.0,-0.8524,0.0,0.0,89.0,563.0
56548.0,2.0,2.7688,2.989,-0.10856,-0.5258,6.0,-0.8549,0.0,0.0,89.0,555.0
56558.0,2.0,2.8057,3.207,-0.11351,-0.4658,6.0,-0.8566,0.0,0.0,89.0,554.0
56568.0,2.0,2.8471,3.46,-0.11786,-0.4058,6.0,-0.8552,0.0,0.0,89.0,563.0
56578.0,2.0,2.8916,3.725,-0.12161,-0.3458,6.0,-0.851,0.0,0.0,89.0,564.0
56588.0,2.0,2.9452,4.087,-0.12506,-0.2798,6.0,-0.8392,0.0,0.0,89.0,555.0
56598.0,2.0,2.9882,4.249,-0.12758,-0.2198,6.0,-0.836,0.0,0.0,89.0,565.0
56608.0,2.0,3.048,4.333,-0.12949,-0.1598,6.0,-0.8356,0.0,0.0,89.0,571.0
56619.0,2.0,3.1217,5.156,-0.1308,-0.0998,6.0,-0.7745,0.0,0.0,89.0,572.0
56629.0,2.0,-3.1309,5.213,-0.13155,-0.0398,6.0,-0.7698,0.0,0.0,89.0,555.0
56639.0,2.0,-3.0634,5.225,-0.13166,0.0262,6.0,-0.7658,0.0,0.0,89.0,576.0
56649.0,2.0,-3.0296,4.9,-0.13114,0.0862,6.0,-0.7896,0.0,0.0,89.0,594.0
56660.0,2.0,-2.9943,4.741,-0.13005,0.1462,6.0,-0.7964,0.0,0.0,89.0,578.0
56670.0,2.0,-2.956,4.402,-0.12814,0.2122,6.0,-0.8154,0.0,0.0,89.0,593.0
56680.0,2.0,-2.9192,3.927,-0.12578,0.2722,6.0,-0.8432,0.0,0.0,89.0,572.0
56690.0,2.0,-2.8655,4.072,-0.12281,0.3322,6.0,-0.8224,0.0,0.0,89.0,595.0
56701.0,2.0,-2.8225,4.213,-0.11929,0.3922,6.0,-0.799,0.0,0.0,89.0,578.0
56711.0,2.0,-2.7765,4.292,-0.11513,0.4522,6.0,-0.7782,0.0,0.0,89.0,577.0
56721.0,2.0,-2.755,4.126,-0.10991,0.5182,6.0,-0.7743,0.0,0.0,89.0,572.0
56731.0,2.0,-2.8087,2.383,-0.10451,0.5782,6.0,-0.8783,0.0,0.0,89.0,594.0
56742.0,2.0,-2.7596,1.223,-0.09855,0.637,5.774,-0.9215,0.0,0.0,89.0,578.0
56752.0,2.0,-2.6538,3.249,-0.09199,0.6969,6.0,-0.8109,0.0,0.0,89.0,594.0
56762.0,2.0,-2.6308,4.04,-0.08486,0.7548,5.631,-0.733,0.0,0.0,89.0,578.0
56772.0,2.0,-2.6323,3.398,-0.07635,0.8151,5.39,-0.7625,0.0,0.0,89.0,594.0
56783.0,2.0,-2.6246,2.462,-0.06806,0.8677,5.126,-0.8091,0.0,0.0,89.0,578.0
56793.0,2.0,-2.62,1.755,-0.05925,0.9166,4.65,-0.8349,0.0,0.0,89.0,577.0
56803.0,2.0,-2.6154,1.341,-0.04999,0.9598,4.042,-0.8445,0.0,0.0,89.0,594.0
56813.0,2.0,-2.6154,0.971,-0.03934,0.9999,3.209,-0.851,0.0,0.0,89.0,577.0
56823.0,2.0,-2.6216,0.464,-0.02933,1.026,2.068,-0.8616,0.0,0.0,89.0,564.0
56833.0,2.0,-2.6323,0.023,-0.01905,1.04,0.868,-0.8691,0.0,0.0,89.0,616.0
56844.0,2.0,-2.6461,-0.42,-0.00874,1.0421,-0.332,-0.8754,0.0,0.0,89.0,586.0
56854.0,2.0,-2.6599,-0.701,0.00158,1.0322,-1.532,-0.8796,0.0,0.0,89.0,608.0
56864.0,2.0,-2.6722,-0.911,0.0117,1.0103,-2.732,-0.8835,0.0,0.0,89.0,596.0
56874.0,2.0,-2.686,-1.083,0.0216,0.9764,-3.932,-0.8875,0.0,0.0,89.0,603.0
56884.0,2.0,-2.7044,-1.258,0.03101,0.9338,-4.478,-0.8915,0.0,0.0,89.0,571.0
56894.0,2.0,-2.7274,-1.473,0.04095,0.8814,-4.982,-0.8956,0.0,0.0,89.0,588.0
56904.0,2.0,-2.7504,-1.702,0.04946,0.8293,-5.384,-0.8985,0.0,0.0,89.0,595.0
56915.0,2.0,-2.778,-1.974,0.05741,0.7735,-5.726,-0.9001,0.0,0.0,89.0,586.0
56925.0,2.0,-2.8057,-2.225,0.06484,0.7147,-5.995,-0.9012,0.0,0.0,89.0,587.0
56935.0,2.0,-2.8348,-2.431,0.0723,0.6487,-6.0,-0.9033,0.0,0.0,89.0,585.0
56945.0,2.0,-2.8624,-2.577,0.07845,0.5887,-6.0,-0.9056,0.0,0.0,89.0,581.0
56955.0,2.0,-2.8885,-2.585,0.08404,0.5287,-6.0,-0.9121,0.0,0.0,89.0,594.0
56966.0,2.0,-2.913,-2.594,0.08903,0.4687,-6.0,-0.9179,0.0,0.0,89.0,586.0
56976.0,2.0,-2.9406,-2.609,0.09383,0.4027,-6.0,-0.9233,0.0,0.0,89.0,609.0
56986.0,2.0,-2.9713,-2.646,0.09754,0.3427,-6.0,-0.9266,0.0,0.0,89.0,586.0
56996.0,2.0,-2.9974,-2.674,0.10065,0.2827,-6.0,-0.9296,0.0,0.0,89.0,601.0
57007.0,2.0,-3.0265,-2.712,0.1032,0.2227,-6.0,-0.9314,0.0,0.0,89.0,602.0
57017.0,2.0,-3.0634,-2.829,0.10515,0.1627,-6.0,-0.929,0.0,0.0,89.0,600.0
57027.0,2.0,-3.1078,-3.173,0.10661,0.0967,-6.0,-0.9141,0.0,0.0,89.0,609.0
57037.0,2.0,3.1278,-3.633,0.10729,0.0367,-6.0,-0.8883,0.0,0.0,89.0,580.0
57047.0,2.0,3.091,-3.898,0.1074,-0.0233,-6.0,-0.8698,0.0,0.0,89.0,588.0
57058.0,2.0,3.1017,-3.097,0.10691,-0.0833,-6.0,-0.9166,0.0,0.0,89.0,589.0
57068.0,2.0,3.0572,-2.813,0.10582,-0.1433,-6.0,-0.9293,0.0,0.0,89.0,580.0
57078.0,2.0,3.0097,-3.05,0.10395,-0.2093,-6.0,-0.9133,0.0,0.0,89.0,582.0
57089.0,2.0,2.9621,-3.381,0.10163,-0.2693,-6.0,-0.8891,0.0,0.0,89.0,574.0
57099.0,2.0,2.9161,-3.793,0.0987,-0.3293,-6.0,-0.8547,0.0,0.0,89.0,578.0
57109.0,2.0,2.8425,-4.507,0.0948,-0.3953,-6.0,-0.7878,0.0,0.0,89.0,578.0
57120.0,2.0,2.7796,-5.21,0.09064,-0.4551,-5.909,-0.7076,0.0,0.0,89.0,573.0
57130.0,2.0,2.7612,-4.979,0.08591,-0.5131,-5.745,-0.711,0.0,0.0,89.0,571.0
57140.0,2.0,2.7151,-4.59,0.08059,-0.5698,-5.59,-0.7283,0.0,0.0,89.0,586.0
57150.0,2.0,2.6691,-4.509,0.0747,-0.6245,-5.36,-0.7156,0.0,0.0,89.0,584.0
57160.0,2.0,2.6277,-4.425,0.06829,-0.6767,-5.113,-0.7017,0.0,0.0,89.0,595.0
57170.0,2.0,2.5924,-4.254,0.06139,-0.7265,-4.865,-0.6946,0.0,0.0,89.0,584.0
57180.0,2.0,2.5633,-3.918,0.054,-0.7738,-4.628,-0.7013,0.0,0.0,89.0,572.0
57190.0,2.0,2.5403,-3.418,0.04534,-0.8231,-4.362,-0.7183,0.0,0.0,89.0,578.0
57200.0,2.0,2.5188,-3.001,0.03701,-0.8652,-4.085,-0.73,0.0,0.0,89.0,584.0
57211.0,2.0,2.505,-2.624,0.02831,-0.9044,-3.771,-0.7381,0.0,0.0,89.0,572.0
57221.0,2.0,2.5004,-2.105,0.01916,-0.94,-3.374,-0.7544,0.0,0.0,89.0,593.0
57231.0,2.0,2.5019,-1.435,0.00878,-0.9732,-2.667,-0.7753,0.0,0.0,89.0,601.0
57241.0,2.0,2.505,-0.857,-0.00098,-0.9944,-1.599,-0.7906,0.0,0.0,89.0,578.0
57252.0,2.0,2.5142,-0.332,-0.01084,-1.0038,-0.399,-0.8022,0.0,0.0,89.0,563.0
57262.0,2.0,2.528,0.16,-0.02081,-1.0012,0.801,-0.8115,0.0,0.0,89.0,586.0
57272.0,2.0,2.5464,0.641,-0.03064,-0.9865,2.001,-0.8193,0.0,0.0,89.0,587.0
57282.0,2.0,2.5648,1.045,-0.04035,-0.9599,3.201,-0.8254,0.0,0.0,89.0,601.0
57292.0,2.0,2.5832,1.333,-0.04969,-0.9213,4.401,-0.8309,0.0,0.0,89.0,586.0
57302.0,2.0,2.6062,1.574,-0.05944,-0.8657,5.432,-0.8373,0.0,0.0,89.0,586.0
57312.0,2.0,2.6338,1.848,-0.06776,-0.8091,5.842,-0.8422,0.0,0.0,89.0,594.0
57323.0,2.0,2.6615,2.14,-0.07553,-0.7494,6.0,-0.8463,0.0,0.0,89.0,594.0
57333.0,2.0,2.6952,2.469,-0.08265,-0.6894,6.0,-0.8485,0.0,0.0,89.0,593.0
57343.0,2.0,2.729,2.741,-0.08925,-0.6294,6.0,-0.8511,0.0,0.0,89.0,594.0
57353.0,2.0,2.7642,2.967,-0.09521,-0.5694,6.0,-0.854,0.0,0.0,89.0,593.0
57363.0,2.0,2.7995,3.141,-0.1011,-0.5034,6.0,-0.8588,0.0,0.0,89.0,603.0
57374.0,2.0,2.8379,3.317,-0.10582,-0.4434,6.0,-0.8612,0.0,0.0,89.0,586.0
57384.0,2.0,2.8808,3.502,-0.10995,-0.3834,6.0,-0.8617,0.0,0.0,89.0,586.0
57394.0,2.0,2.9299,3.873,-0.11381,-0.3174,6.0,-0.8507,0.0,0.0,89.0,609.0
57404.0,2.0,2.9821,4.169,-0.1167,-0.2574,6.0,-0.8398,0.0,0.0,89.0,586.0
57414.0,2.0,3.0265,4.354,-0.11899,-0.1974,6.0,-0.8331,0.0,0.0,89.0,586.0
57425.0,2.0,3.0511,4.346,-0.12068,-0.1374,6.0,-0.8377,0.0,0.0,89.0,580.0
57435.0,2.0,3.091,4.012,-0.12188,-0.0714,6.0,-0.8632,0.0,0.0,89.0,601.0
57445.0,2.0,-3.1355,4.211,-0.12229,-0.0114,6.0,-0.8499,0.0,0.0,89.0,586.0
57455.0,2.0,-3.1355,3.55,-0.12218,0.0486,6.0,-0.8929,0.0,0.0,89.0,580.0
57466.0,2.0,-3.0833,3.406,-0.12143,0.1086,6.0,-0.9,0.0,0.0,89.0,578.0
57476.0,2.0,-3.0465,3.464,-0.12008,0.1686,6.0,-0.8937,0.0,0.0,89.0,572.0
57486.0,2.0,-3.002,3.51,-0.11794,0.2346,6.0,-0.8864,0.0,0.0,89.0,578.0
57496.0,2.0,-2.9222,4.273,-0.11535,0.2946,6.0,-0.8257,0.0,0.0,89.0,578.0
57506.0,2.0,-2.8808,4.781,-0.11216,0.3546,6.0,-0.7726,0.0,0.0,89.0,593.0
57517.0,2.0,-2.8655,4.435,-0.10841,0.4146,6.0,-0.7898,0.0,0.0,89.0,581.0
57527.0,2.0,-2.887,3.156,-0.10406,0.4746,6.0,-0.8723,0.0,0.0,89.0,578.0
57537.0,2.0,-2.8317,2.267,-0.09911,0.5346,6.0,-0.914,0.0,0.0,89.0,578.0
57547.0,2.0,-2.7382,3.921,-0.093,0.6006,6.0,-0.7992,0.0,0.0,89.0,578.0
57557.0,2.0,-2.7121,4.386,-0.08678,0.6595,5.762,-0.7438,0.0,0.0,89.0,586.0
57567.0,2.0,-2.7075,3.831,-0.08003,0.7161,5.582,-0.7719,0.0,0.0,89.0,593.0
57578.0,2.0,-2.709,2.734,-0.07271,0.771,5.412,-0.8335,0.0,0.0,89.0,580.0
57588.0,2.0,-2.6829,2.216,-0.06487,0.8235,5.102,-0.8517,0.0,0.0,89.0,577.0
57598.0,2.0,-2.6461,2.235,-0.05565,0.8775,4.772,-0.8396,0.0,0.0,89.0,585.0
57609.0,2.0,-2.6323,2.266,-0.04676,0.9236,4.458,-0.827,0.0,0.0,89.0,578.0
57619.0,2.0,-2.6277,1.88,-0.03743,0.9659,4.042,-0.8362,0.0,0.0,89.0,585.0
57629.0,2.0,-2.6277,1.408,-0.02768,1.0031,3.433,-0.8485,0.0,0.0,89.0,593.0
57639.0,2.0,-2.6308,0.92,-0.01763,1.0324,2.48,-0.86,0.0,0.0,89.0,594.0
57649.0,2.0,-2.6384,0.446,-0.00731,1.0506,1.28,-0.8695,0.0,0.0,89.0,579.0
57659.0,2.0,-2.6523,-0.057,0.0042,1.0568,-0.04,-0.8777,0.0,0.0,89.0,602.0
57670.0,2.0,-2.6661,-0.474,0.01463,1.0498,-1.24,-0.8833,0.0,0.0,89.0,592.0
57680.0,2.0,-2.6814,-0.825,0.02497,1.0308,-2.44,-0.8875,0.0,0.0,89.0,578.0
57690.0,2.0,-2.6983,-1.093,0.03604,0.996,-3.76,-0.8915,0.0,0.0,89.0,600.0
57701.0,2.0,-2.7167,-1.301,0.04571,0.9518,-4.96,-0.8952,0.0,0.0,89.0,594.0
57711.0,2.0,-2.7366,-1.505,0.0549,0.8993,-5.446,-0.8986,0.0,0.0,89.0,587.0
57721.0,2.0,-2.7596,-1.729,0.0636,0.8426,-5.839,-0.9015,0.0,0.0,89.0,586.0
57731.0,2.0,-2.7872,-1.988,0.07245,0.7769,-6.0,-0.9037,0.0,0.0,89.0,594.0
57741.0,2.0,-2.8164,-2.213,0.07991,0.7169,-6.0,-0.9051,0.0,0.0,89.0,602.0
57752.0,2.0,-2.8455,-2.431,0.08674,0.6569,-6.0,-0.9058,0.0,0.0,89.0,594.0
57762.0,2.0,-2.8747,-2.597,0.09296,0.5969,-6.0,-0.9072,0.0,0.0,89.0,588.0
57772.0,2.0,-2.9054,-2.741,0.09863,0.5369,-6.0,-0.9085,0.0,0.0,89.0,588.0
57782.0,2.0,-2.9391,-2.865,0.10414,0.4709,-6.0,-0.9102,0.0,0.0,89.0,586.0
57793.0,2.0,-2.9652,-2.867,0.10856,0.4109,-6.0,-0.9155,0.0,0.0,89.0,586.0
57803.0,2.0,-2.9943,-2.872,0.11235,0.3509,-6.0,-0.9198,0.0,0.0,89.0,585.0
57813.0,2.0,-3.0204,-2.839,0.11558,0.2909,-6.0,-0.925,0.0,0.0,89.0,580.0
57823.0,2.0,-3.0496,-2.78,0.11843,0.2249,-6.0,-0.9308,0.0,0.0,89.0,587.0
57833.0,2.0,-3.0833,-2.78,0.12037,0.1649,-6.0,-0.9328,0.0,0.0,89.0,586.0
57843.0,2.0,-3.1124,-2.899,0.12176,0.1049,-6.0,-0.9285,0.0,0.0,89.0,595.0
57854.0,2.0,3.1186,-3.291,0.12255,0.0449,-6.0,-0.9083,0.0,0.0,89.0,580.0
57864.0,2.0,3.0649,-3.884,0.1227,-0.0211,-6.0,-0.8697,0.0,0.0,89.0,593.0
57874.0,2.0,3.0557,-3.744,0.12225,-0.0811,-6.0,-0.8756,0.0,0.0,89.0,586.0
57884.0,2.0,3.0741,-2.394,0.1212,-0.1411,-6.0,-0.9469,0.0,0.0,89.0,594.0
57895.0,2.0,3.0143,-2.344,0.11951,-0.2011,-6.0,-0.9467,0.0,0.0,89.0,586.0
57905.0,2.0,2.9821,-2.611,0.1173,-0.2611,-6.0,-0.931,0.0,0.0,89.0,572.0
57915.0,2.0,2.9621,-2.95,0.11445,-0.3211,-6.0,-0.9085,0.0,0.0,89.0,578.0
57925.0,2.0,2.9115,-3.231,0.111,-0.3811,-6.0,-0.8856,0.0,0.0,89.0,572.0
57935.0,2.0,2.8655,-3.476,0.10699,-0.4411,-6.0,-0.8617,0.0,0.0,89.0,577.0
57945.0,2.0,2.8164,-3.997,0.10189,-0.5071,-6.0,-0.8115,0.0,0.0,89.0,578.0
57955.0,2.0,2.7872,-3.751,0.0966,-0.5671,-6.0,-0.8173,0.0,0.0,89.0,596.0
57966.0,2.0,2.7428,-3.849,0.09071,-0.6271,-5.997,-0.7959,0.0,0.0,89.0,572.0
57976.0,2.0,2.6906,-4.139,0.08426,-0.6854,-5.696,-0.7562,0.0,0.0,89.0,556.0
57986.0,2.0,2.64,-4.443,0.0765,-0.7459,-5.338,-0.7079,0.0,0.0,89.0,588.0
57997.0,2.0,2.62,-4.091,0.06893,-0.7979,-5.1,-0.7173,0.0,0.0,89.0,578.0
58007.0,2.0,2.597,-3.554,0.06079,-0.8476,-4.867,-0.7409,0.0,0.0,89.0,590.0
58017.0,2.0,2.5679,-3.187,0.0522,-0.8948,-4.587,-0.75,0.0,0.0,89.0,570.0
58027.0,2.0,2.5587,-2.761,0.04312,-0.939,-4.279,-0.7624,0.0,0.0,89.0,579.0
58037.0,2.0,2.5464,-2.275,0.0327,-0.9837,-3.877,-0.7761,0.0,0.0,89.0,577.0
58047.0,2.0,2.5387,-1.831,0.0228,-1.02,-3.408,-0.7877,0.0,0.0,89.0,585.0
58058.0,2.0,2.5372,-1.368,0.01256,-1.0502,-2.571,-0.7993,0.0,0.0,89.0,557.0
58068.0,2.0,2.5387,-0.893,0.00206,-1.0694,-1.371,-0.8104,0.0,0.0,89.0,563.0
58078.0,2.0,2.5464,-0.414,-0.00859,-1.0765,-0.171,-0.8206,0.0,0.0,89.0,539.0
58088.0,2.0,2.5587,0.083,-0.02033,-1.0704,1.149,-0.8297,0.0,0.0,89.0,571.0
58099.0,2.0,2.574,0.498,-0.03086,-1.0523,2.349,-0.8365,0.0,0.0,89.0,563.0
58109.0,2.0,2.5909,0.872,-0.04118,-1.0222,3.549,-0.8421,0.0,0.0,89.0,563.0
58119.0,2.0,2.6108,1.199,-0.05115,-0.9802,4.749,-0.8471,0.0,0.0,89.0,585.0
58129.0,2.0,2.6323,1.481,-0.06154,-0.9201,6.0,-0.8526,0.0,0.0,89.0,563.0
58140.0,2.0,2.6538,1.699,-0.07039,-0.8601,6.0,-0.8576,0.0,0.0,89.0,561.0
58150.0,2.0,2.6829,1.991,-0.07868,-0.8001,6.0,-0.8612,0.0,0.0,89.0,572.0
58160.0,2.0,2.7121,2.26,-0.08633,-0.7401,6.0,-0.8644,0.0,0.0,89.0,563.0
58170.0,2.0,2.7458,2.543,-0.09409,-0.6741,6.0,-0.8672,0.0,0.0,89.0,554.0
58180.0,2.0,2.7796,2.773,-0.1005,-0.6141,6.0,-0.8694,0.0,0.0,89.0,561.0
58191.0,2.0,2.8164,3.011,-0.10631,-0.5541,6.0,-0.8701,0.0,0.0,89.0,555.0
58201.0,2.0,2.8517,3.189,-0.11152,-0.4941,6.0,-0.8719,0.0,0.0,89.0,555.0
58211.0,2.0,2.8946,3.392,-0.11659,-0.4281,6.0,-0.8719,0.0,0.0,89.0,555.0
58222.0,2.0,2.936,3.577,-0.12056,-0.3681,6.0,-0.8702,0.0,0.0,89.0,557.0
58232.0,2.0,2.9882,3.913,-0.12394,-0.3081,6.0,-0.8576,0.0,0.0,89.0,555.0
58242.0,2.0,3.0357,4.293,-0.12675,-0.2481,6.0,-0.8383,0.0,0.0,89.0,563.0
58252.0,2.0,3.0894,4.446,-0.12911,-0.1821,6.0,-0.8313,0.0,0.0,89.0,571.0
58263.0,2.0,3.1355,4.761,-0.13065,-0.1221,6.0,-0.8082,0.0,0.0,89.0,555.0
58273.0,2.0,-3.1155,4.46,-0.13162,-0.0621,6.0,-0.8309,0.0,0.0,89.0,555.0
58283.0,2.0,-3.0572,4.651,-0.13196,0.0039,6.0,-0.8124,0.0,0.0,89.0,588.0
58294.0,2.0,-3.0112,4.255,-0.13166,0.0639,6.0,-0.8388,0.0,0.0,89.0,578.0
58304.0,2.0,-2.979,4.283,-0.13076,0.1239,6.0,-0.8302,0.0,0.0,89.0,595.0
58314.0,2.0,-2.959,3.59,-0.1293,0.1839,6.0,-0.8733,0.0,0.0,89.0,577.0
58324.0,2.0,-2.9054,3.836,-0.1272,0.2439,6.0,-0.8486,0.0,0.0,89.0,577.0
58334.0,2.0,-2.8793,3.834,-0.12424,0.3099,6.0,-0.838,0.0,0.0,89.0,585.0
58344.0,2.0,-2.8471,3.564,-0.1209,0.3699,6.0,-0.8468,0.0,0.0,89.0,576.0
58354.0,2.0,-2.7857,3.654,-0.117,0.4299,6.0,-0.8292,0.0,0.0,89.0,587.0
58364.0,2.0,-2.7964,3.311,-0.1125,0.4899,6.0,-0.8407,0.0,0.0,89.0,586.0
58375.0,2.0,-2.798,2.522,-0.1074,0.5499,6.0,-0.878,0.0,0.0,89.0,578.0
58385.0,2.0,-2.7259,2.765,-0.10166,0.6099,6.0,-0.8548,0.0,0.0,89.0,577.0
58395.0,2.0,-2.6645,3.657,-0.09473,0.6759,6.0,-0.7794,0.0,0.0,89.0,578.0
58405.0,2.0,-2.6492,3.669,-0.08779,0.7348,5.78,-0.761,0.0,0.0,89.0,596.0
58416.0,2.0,-2.6507,2.903,-0.08025,0.7914,5.567,-0.799,0.0,0.0,89.0,586.0
58426.0,2.0,-2.6461,1.979,-0.07219,0.8453,5.199,-0.8397,0.0,0.0,89.0,585.0
58436.0,2.0,-2.6292,1.599,-0.0627,0.8993,4.697,-0.8476,0.0,0.0,89.0,594.0
58447.0,2.0,-2.6277,1.371,-0.05363,0.9437,4.208,-0.8494,0.0,0.0,89.0,585.0
58457.0,2.0,-2.6323,0.941,-0.0441,0.9815,3.345,-0.8587,0.0,0.0,89.0,593.0
58467.0,2.0,-2.6384,0.397,-0.03322,1.0104,2.025,-0.8697,0.0,0.0,89.0,601.0
58477.0,2.0,-2.6538,-0.115,-0.02318,1.024,0.825,-0.878,0.0,0.0,89.0,603.0
58487.0,2.0,-2.6691,-0.561,-0.01301,1.0257,-0.375,-0.8836,0.0,0.0,89.0,594.0
58497.0,2.0,-2.6845,-0.917,-0.00289,1.0153,-1.575,-0.8877,0.0,0.0,89.0,603.0
58508.0,2.0,-2.7029,-1.199,0.00709,0.993,-2.775,-0.8911,0.0,0.0,89.0,595.0
58518.0,2.0,-2.7228,-1.437,0.01676,0.9586,-3.975,-0.8945,0.0,0.0,89.0,594.0
58528.0,2.0,-2.7428,-1.635,0.02606,0.914,-4.681,-0.898,0.0,0.0,89.0,586.0
58538.0,2.0,-2.7673,-1.828,0.03581,0.8601,-5.065,-0.9019,0.0,0.0,89.0,602.0
58548.0,2.0,-2.7918,-2.0,0.0441,0.8078,-5.365,-0.905,0.0,0.0,89.0,602.0
58559.0,2.0,-2.8195,-2.182,0.05186,0.7527,-5.63,-0.9074,0.0,0.0,89.0,594.0
58569.0,2.0,-2.8486,-2.396,0.05906,0.695,-5.861,-0.9081,0.0,0.0,89.0,594.0
58579.0,2.0,-2.8777,-2.601,0.06634,0.6294,-6.0,-0.9088,0.0,0.0,89.0,617.0
58589.0,2.0,-2.91,-2.723,0.0723,0.5694,-6.0,-0.9108,0.0,0.0,89.0,586.0
58599.0,2.0,-2.9406,-2.819,0.07766,0.5094,-6.0,-0.9128,0.0,0.0,89.0,594.0
58610.0,2.0,-2.9667,-2.838,0.08243,0.4494,-6.0,-0.9173,0.0,0.0,89.0,586.0
58620.0,2.0,-2.9897,-2.735,0.08663,0.3894,-6.0,-0.926,0.0,0.0,89.0,586.0
58630.0,2.0,-3.0158,-2.663,0.09023,0.3294,-6.0,-0.9326,0.0,0.0,89.0,592.0
58640.0,2.0,-3.0419,-2.563,0.09349,0.2634,-6.0,-0.9398,0.0,0.0,89.0,600.0
58651.0,2.0,-3.0664,-2.501,0.09585,0.2034,-6.0,-0.9444,0.0,0.0,89.0,586.0
58661.0,2.0,-3.091,-2.552,0.09761,0.1434,-6.0,-0.9439,0.0,0.0,89.0,602.0
58671.0,2.0,3.1401,-2.984,0.09885,0.0774,-6.0,-0.9247,0.0,0.0,89.0,593.0
58681.0,2.0,3.0726,-3.767,0.09938,0.0174,-6.0,-0.8784,0.0,0.0,89.0,580.0
58692.0,2.0,3.071,-3.826,0.0993,-0.0426,-6.0,-0.8715,0.0,0.0,89.0,578.0
58702.0,2.0,3.0818,-2.408,0.09863,-0.1026,-6.0,-0.9474,0.0,0.0,89.0,572.0
58712.0,2.0,3.0373,-2.389,0.09735,-0.1626,-6.0,-0.9461,0.0,0.0,89.0,572.0
58722.0,2.0,2.9943,-2.662,0.09548,-0.2226,-6.0,-0.9303,0.0,0.0,89.0,588.0
58732.0,2.0,2.9514,-3.106,0.09274,-0.2886,-6.0,-0.9014,0.0,0.0,89.0,593.0
58743.0,2.0,2.9008,-3.46,0.08963,-0.3486,-6.0,-0.8726,0.0,0.0,89.0,572.0
58753.0,2.0,2.8409,-4.027,0.08595,-0.4086,-6.0,-0.8228,0.0,0.0,89.0,588.0
58763.0,2.0,2.8179,-4.338,0.08164,-0.4673,-5.786,-0.7846,0.0,0.0,89.0,578.0
58773.0,2.0,2.7842,-3.91,0.0768,-0.5245,-5.65,-0.8051,0.0,0.0,89.0,578.0
58783.0,2.0,2.7443,-3.895,0.07136,-0.5799,-5.432,-0.7919,0.0,0.0,89.0,585.0
58793.0,2.0,2.6937,-4.054,0.06473,-0.6379,-5.143,-0.761,0.0,0.0,89.0,594.0
58804.0,2.0,2.6461,-4.223,0.05824,-0.6877,-4.857,-0.7277,0.0,0.0,89.0,586.0
58814.0,2.0,2.6078,-4.227,0.05123,-0.7347,-4.579,-0.7062,0.0,0.0,89.0,578.0
58824.0,2.0,2.5924,-3.72,0.04376,-0.7793,-4.368,-0.7277,0.0,0.0,89.0,578.0
58834.0,2.0,2.574,-3.176,0.03581,-0.8217,-4.131,-0.75,0.0,0.0,89.0,586.0
58844.0,2.0,2.5587,-2.639,0.02666,-0.8653,-3.816,-0.7681,0.0,0.0,89.0,577.0
58854.0,2.0,2.5464,-2.199,0.01792,-0.9015,-3.462,-0.7802,0.0,0.0,89.0,587.0
58864.0,2.0,2.5403,-1.749,0.00889,-0.9337,-2.998,-0.792,0.0,0.0,89.0,586.0
58874.0,2.0,2.5403,-1.276,-0.00049,-0.9602,-2.318,-0.804,0.0,0.0,89.0,593.0
58885.0,2.0,2.5418,-0.827,-0.01009,-0.9782,-1.349,-0.814,0.0,0.0,89.0,580.0
58895.0,2.0,2.5495,-0.395,-0.0198,-0.9853,-0.172,-0.8227,0.0,0.0,89.0,572.0
58905.0,2.0,2.5617,0.086,-0.03056,-0.9793,1.148,-0.8315,0.0,0.0,89.0,616.0
58916.0,2.0,2.5771,0.5,-0.0402,-0.9612,2.348,-0.8381,0.0,0.0,89.0,594.0
58926.0,2.0,2.594,0.879,-0.04961,-0.9311,3.548,-0.8438,0.0,0.0,89.0,602.0
58936.0,2.0,2.6124,1.189,-0.05865,-0.889,4.748,-0.8488,0.0,0.0,89.0,595.0
58946.0,2.0,2.6338,1.44,-0.06806,-0.8305,5.611,-0.8544,0.0,0.0,89.0,586.0
58956.0,2.0,2.6615,1.744,-0.07605,-0.7719,6.0,-0.8583,0.0,0.0,89.0,594.0
58967.0,2.0,2.6906,2.065,-0.0834,-0.7119,6.0,-0.8612,0.0,0.0,89.0,578.0
58977.0,2.0,2.7182,2.344,-0.09023,-0.6519,6.0,-0.864,0.0,0.0,89.0,586.0
58987.0,2.0,2.7489,2.594,-0.09638,-0.5919,6.0,-0.8665,0.0,0.0,89.0,588.0
58997.0,2.0,2.7826,2.788,-0.102,-0.5319,6.0,-0.8698,0.0,0.0,89.0,586.0
59007.0,2.0,2.8179,3.014,-0.10748,-0.4659,6.0,-0.8718,0.0,0.0,89.0,601.0
59017.0,2.0,2.8578,3.212,-0.11183,-0.4059,6.0,-0.8725,0.0,0.0,89.0,586.0
59028.0,2.0,2.8977,3.404,-0.11558,-0.3459,6.0,-0.872,0.0,0.0,89.0,585.0
59038.0,2.0,2.9391,3.63,-0.11873,-0.2859,6.0,-0.8679,0.0,0.0,89.0,604.0
59048.0,2.0,2.9851,3.888,-0.12154,-0.2199,6.0,-0.8603,0.0,0.0,89.0,601.0
59058.0,2.0,3.0434,4.197,-0.12345,-0.1599,6.0,-0.8456,0.0,0.0,89.0,586.0
59069.0,2.0,3.0971,4.691,-0.12476,-0.0999,6.0,-0.8128,0.0,0.0,89.0,586.0
59079.0,2.0,3.1201,4.326,-0.12551,-0.0399,6.0,-0.8416,0.0,0.0,89.0,586.0
59089.0,2.0,-3.0971,4.596,-0.12562,0.0261,6.0,-0.8202,0.0,0.0,89.0,577.0
59099.0,2.0,-3.0603,4.24,-0.1251,0.0861,6.0,-0.8447,0.0,0.0,89.0,593.0
59110.0,2.0,-3.0327,4.332,-0.12401,0.1461,6.0,-0.8332,0.0,0.0,89.0,561.0
59120.0,2.0,-3.002,3.775,-0.12229,0.2061,6.0,-0.8683,0.0,0.0,89.0,572.0
59130.0,2.0,-2.9468,4.072,-0.12,0.2661,6.0,-0.8403,0.0,0.0,89.0,594.0
59140.0,2.0,-2.9161,3.902,-0.11711,0.3261,6.0,-0.8443,0.0,0.0,89.0,572.0
59150.0,2.0,-2.8885,3.669,-0.11325,0.3921,6.0,-0.8507,0.0,0.0,89.0,578.0
59161.0,2.0,-2.8808,2.913,-0.10913,0.4521,6.0,-0.8903,0.0,0.0,89.0,579.0
59171.0,2.0,-2.8057,3.11,-0.10436,0.5121,6.0,-0.8705,0.0,0.0,89.0,577.0
59181.0,2.0,-2.7535,4.21,-0.09908,0.5721,6.0,-0.778,0.0,0.0,89.0,578.0
59191.0,2.0,-2.7397,3.903,-0.09251,0.6381,6.0,-0.785,0.0,0.0,89.0,593.0
59202.0,2.0,-2.7197,3.347,-0.08595,0.6973,5.839,-0.8113,0.0,0.0,89.0,586.0
59212.0,2.0,-2.6906,3.065,-0.078,0.7599,5.564,-0.8153,0.0,0.0,89.0,601.0
59222.0,2.0,-2.6584,2.891,-0.07028,0.814,5.286,-0.813,0.0,0.0,89.0,577.0
59232.0,2.0,-2.6461,2.62,-0.06199,0.8653,4.989,-0.8165,0.0,0.0,89.0,586.0
59243.0,2.0,-2.6415,2.167,-0.05321,0.9133,4.637,-0.8299,0.0,0.0,89.0,577.0
59253.0,2.0,-2.6323,1.665,-0.04399,0.9571,4.144,-0.8445,0.0,0.0,89.0,586.0
59263.0,2.0,-2.6277,1.257,-0.03431,0.9951,3.488,-0.8537,0.0,0.0,89.0,578.0
59273.0,2.0,-2.6323,0.809,-0.0243,1.0248,2.477,-0.8633,0.0,0.0,89.0,586.0
59283.0,2.0,-2.64,0.388,-0.01414,1.0432,1.298,-0.8711,0.0,0.0,89.0,572.0
59293.0,2.0,-2.6538,-0.086,-0.0027,1.0495,-0.022,-0.8787,0.0,0.0,89.0,611.0
59304.0,2.0,-2.6691,-0.528,0.00765,1.0427,-1.222,-0.8844,0.0,0.0,89.0,586.0
59314.0,2.0,-2.686,-0.891,0.01792,1.0239,-2.422,-0.8884,0.0,0.0,89.0,586.0
59324.0,2.0,-2.7044,-1.185,0.02794,0.9931,-3.622,-0.8918,0.0,0.0,89.0,586.0
59334.0,2.0,-2.7228,-1.444,0.03855,0.9454,-4.916,-0.8955,0.0,0.0,89.0,609.0
59344.0,2.0,-2.7458,-1.647,0.0477,0.8939,-5.33,-0.8989,0.0,0.0,89.0,594.0
59355.0,2.0,-2.7704,-1.848,0.05632,0.8386,-5.679,-0.9019,0.0,0.0,89.0,571.0
59365.0,2.0,-2.7949,-2.046,0.06439,0.7801,-5.974,-0.9044,0.0,0.0,89.0,586.0
59375.0,2.0,-2.8225,-2.236,0.07185,0.7201,-6.0,-0.9066,0.0,0.0,89.0,586.0
59385.0,2.0,-2.8517,-2.427,0.07868,0.6601,-6.0,-0.9079,0.0,0.0,89.0,585.0
59395.0,2.0,-2.8808,-2.585,0.08498,0.6001,-6.0,-0.9094,0.0,0.0,89.0,586.0
59405.0,2.0,-2.9146,-2.752,0.0912,0.5341,-6.0,-0.9102,0.0,0.0,89.0,584.0
59415.0,2.0,-2.9452,-2.869,0.09623,0.4741,-6.0,-0.9113,0.0,0.0,89.0,586.0
59425.0,2.0,-2.9759,-2.943,0.10065,0.4141,-6.0,-0.9133,0.0,0.0,89.0,594.0
59435.0,2.0,-3.002,-2.948,0.10451,0.3541,-6.0,-0.9175,0.0,0.0,89.0,602.0
59446.0,2.0,-3.0281,-2.843,0.10774,0.2941,-6.0,-0.9257,0.0,0.0,89.0,586.0
59456.0,2.0,-3.0526,-2.743,0.1104,0.2341,-6.0,-0.9328,0.0,0.0,89.0,586.0
59466.0,2.0,-3.0818,-2.665,0.11246,0.1741,-6.0,-0.9381,0.0,0.0,89.0,588.0
59476.0,2.0,-3.1094,-2.695,0.11393,0.1141,-6.0,-0.938,0.0,0.0,89.0,581.0
59486.0,2.0,3.1278,-3.028,0.11479,0.0541,-6.0,-0.9224,0.0,0.0,89.0,580.0
59496.0,2.0,3.0603,-3.792,0.11501,-0.0119,-6.0,-0.876,0.0,0.0,89.0,594.0
59507.0,2.0,3.0327,-4.077,0.11464,-0.0719,-6.0,-0.8524,0.0,0.0,89.0,572.0
59517.0,2.0,3.0649,-2.96,0.1137,-0.1319,-6.0,-0.9188,0.0,0.0,89.0,588.0
59527.0,2.0,3.0511,-1.689,0.11213,-0.1919,-6.0,-0.9708,0.0,0.0,89.0,572.0
59537.0,2.0,3.0158,-2.152,0.10973,-0.2579,-6.0,-0.9515,0.0,0.0,89.0,579.0
59548.0,2.0,2.9529,-2.664,0.10691,-0.3179,-6.0,-0.9245,0.0,0.0,89.0,570.0
59558.0,2.0,2.9207,-2.831,0.1035,-0.3779,-6.0,-0.9106,0.0,0.0,89.0,572.0
59568.0,2.0,2.9008,-2.995,0.09953,-0.4379,-6.0,-0.8948,0.0,0.0,89.0,573.0
59578.0,2.0,2.8532,-3.127,0.09446,-0.5039,-6.0,-0.8782,0.0,0.0,89.0,572.0
59588.0,2.0,2.7888,-3.828,0.08921,-0.5639,-6.0,-0.8197,0.0,0.0,89.0,588.0
59599.0,2.0,2.7366,-4.478,0.08336,-0.6223,-5.694,-0.7516,0.0,0.0,89.0,580.0
59609.0,2.0,2.7044,-4.444,0.07631,-0.6833,-5.417,-0.7344,0.0,0.0,89.0,577.0
59619.0,2.0,2.6676,-4.254,0.0693,-0.7361,-5.173,-0.7315,0.0,0.0,89.0,578.0
59629.0,2.0,2.6538,-3.827,0.06176,-0.7865,-4.948,-0.7475,0.0,0.0,89.0,594.0
59640.0,2.0,2.6139,-3.355,0.05381,-0.8347,-4.709,-0.7658,0.0,0.0,89.0,577.0
59650.0,2.0,2.5986,-2.935,0.04534,-0.8803,-4.432,-0.7787,0.0,0.0,89.0,578.0
59660.0,2.0,2.5771,-2.639,0.03645,-0.9229,-4.117,-0.7827,0.0,0.0,89.0,572.0
59670.0,2.0,2.5617,-2.332,0.02621,-0.9659,-3.733,-0.786,0.0,0.0,89.0,580.0
59681.0,2.0,2.5556,-1.967,0.0165,-1.001,-3.316,-0.7937,0.0,0.0,89.0,561.0
59691.0,2.0,2.5525,-1.525,0.00641,-1.0302,-2.446,-0.8047,0.0,0.0,89.0,572.0
59701.0,2.0,2.5541,-1.059,-0.00383,-1.048,-1.246,-0.8158,0.0,0.0,89.0,547.0
59711.0,2.0,2.5587,-0.595,-0.01429,-1.0539,-0.046,-0.8259,0.0,0.0,89.0,580.0
59721.0,2.0,2.5679,-0.144,-0.02471,-1.0477,1.154,-0.8344,0.0,0.0,89.0,571.0
59731.0,2.0,2.5802,0.311,-0.03607,-1.0271,2.474,-0.8421,0.0,0.0,89.0,579.0
59741.0,2.0,2.5986,0.7,-0.04609,-0.9958,3.674,-0.8479,0.0,0.0,89.0,570.0
59752.0,2.0,2.6154,1.022,-0.05576,-0.9525,4.874,-0.8529,0.0,0.0,89.0,555.0
59762.0,2.0,2.6338,1.288,-0.06499,-0.8972,6.0,-0.8577,0.0,0.0,89.0,563.0
59772.0,2.0,2.6538,1.523,-0.07361,-0.8372,6.0,-0.8624,0.0,0.0,89.0,568.0
59782.0,2.0,2.6783,1.764,-0.08164,-0.7772,6.0,-0.8667,0.0,0.0,89.0,562.0
59792.0,2.0,2.709,2.064,-0.08978,-0.7112,6.0,-0.8703,0.0,0.0,89.0,557.0
59802.0,2.0,2.7397,2.346,-0.0966,-0.6512,6.0,-0.8724,0.0,0.0,89.0,571.0
59813.0,2.0,2.7704,2.591,-0.10279,-0.5912,6.0,-0.8745,0.0,0.0,89.0,563.0
59823.0,2.0,2.8057,2.817,-0.10838,-0.5312,6.0,-0.876,0.0,0.0,89.0,555.0
59833.0,2.0,2.8394,3.025,-0.11336,-0.4712,6.0,-0.877,0.0,0.0,89.0,552.0
59843.0,2.0,2.8823,3.236,-0.11816,-0.4052,6.0,-0.8773,0.0,0.0,89.0,555.0
59853.0,2.0,2.9192,3.459,-0.12191,-0.3452,6.0,-0.8743,0.0,0.0,89.0,564.0
59863.0,2.0,2.959,3.565,-0.12506,-0.2852,6.0,-0.8757,0.0,0.0,89.0,571.0
59874.0,2.0,3.0127,3.937,-0.12765,-0.2252,6.0,-0.8599,0.0,0.0,89.0,555.0
59884.0,2.0,3.0649,4.245,-0.1296,-0.1652,6.0,-0.8441,0.0,0.0,89.0,561.0
59894.0,2.0,3.1324,4.765,-0.13099,-0.1052,6.0,-0.8076,0.0,0.0,89.0,555.0
59904.0,2.0,-3.1355,4.587,-0.13181,-0.0392,6.0,-0.8217,0.0,0.0,89.0,571.0
59914.0,2.0,-3.0695,4.68,-0.13193,0.0208,6.0,-0.812,0.0,0.0,89.0,577.0
59924.0,2.0,-3.0342,4.374,-0.13148,0.0808,6.0,-0.8321,0.0,0.0,89.0,578.0
59934.0,2.0,-3.0097,4.181,-0.13043,0.1408,6.0,-0.8414,0.0,0.0,89.0,594.0
59945.0,2.0,-2.956,4.056,-0.12878,0.2008,6.0,-0.8441,0.0,0.0,89.0,592.0
59955.0,2.0,-2.9514,3.705,-0.12652,0.2608,6.0,-0.8615,0.0,0.0,89.0,578.0
59965.0,2.0,-2.8977,3.454,-0.12368,0.3208,6.0,-0.8707,0.0,0.0,89.0,578.0
59975.0,2.0,-2.8363,4.067,-0.11989,0.3868,6.0,-0.8155,0.0,0.0,89.0,578.0
59985.0,2.0,-2.8532,3.407,-0.1158,0.4468,6.0,-0.8517,0.0,0.0,89.0,594.0
59996.0,2.0,-2.8808,1.962,-0.11111,0.5068,6.0,-0.923,0.0,0.0,89.0,584.0
60006.0,2.0,-2.7688,2.646,-0.10582,0.5668,6.0,-0.8832,0.0,0.0,89.0,578.0
60016.0,2.0,-2.7151,4.051,-0.09938,0.6328,6.0,-0.7727,0.0,0.0,89.0,586.0
60027.0,2.0,-2.7029,3.73,-0.09285,0.6928,5.996,-0.7812,0.0,0.0,89.0,572.0
60037.0,2.0,-2.7013,2.842,-0.08573,0.7518,5.811,-0.8282,0.0,0.0,89.0,572.0
60047.0,2.0,-2.686,2.184,-0.078,0.8082,5.502,-0.8545,0.0,0.0,89.0,595.0
60057.0,2.0,-2.663,2.048,-0.06979,0.8614,5.179,-0.8519,0.0,0.0,89.0,577.0
60067.0,2.0,-2.6569,1.862,-0.06011,0.9161,4.78,-0.8506,0.0,0.0,89.0,593.0
60077.0,2.0,-2.6584,1.394,-0.05085,0.9608,4.181,-0.8627,0.0,0.0,89.0,588.0
60088.0,2.0,-2.6599,0.911,-0.04121,0.9977,3.233,-0.8738,0.0,0.0,89.0,578.0
60098.0,2.0,-2.6691,0.409,-0.03116,1.0234,2.033,-0.8837,0.0,0.0,89.0,594.0
60108.0,2.0,-2.6799,-0.064,-0.021,1.0372,0.833,-0.8912,0.0,0.0,89.0,594.0
60118.0,2.0,-2.6937,-0.465,-0.01069,1.0389,-0.367,-0.8962,0.0,0.0,89.0,595.0
60128.0,2.0,-2.7075,-0.778,-0.00045,1.0286,-1.567,-0.8999,0.0,0.0,89.0,587.0
60138.0,2.0,-2.7213,-1.002,0.00964,1.0063,-2.767,-0.9032,0.0,0.0,89.0,570.0
60148.0,2.0,-2.7366,-1.168,0.01946,0.9721,-3.967,-0.9066,0.0,0.0,89.0,596.0
60158.0,2.0,-2.755,-1.317,0.02985,0.9242,-4.567,-0.9106,0.0,0.0,89.0,601.0
60169.0,2.0,-2.7734,-1.46,0.03878,0.8763,-4.96,-0.9141,0.0,0.0,89.0,585.0
60179.0,2.0,-2.7949,-1.646,0.04721,0.8246,-5.332,-0.9167,0.0,0.0,89.0,586.0
60189.0,2.0,-2.8241,-1.912,0.05591,0.7637,-5.699,-0.9179,0.0,0.0,89.0,585.0
60199.0,2.0,-2.8486,-2.124,0.06323,0.7052,-5.96,-0.9188,0.0,0.0,89.0,594.0
60210.0,2.0,-2.8731,-2.248,0.06994,0.6452,-6.0,-0.9213,0.0,0.0,89.0,578.0
60220.0,2.0,-2.8992,-2.365,0.07609,0.5852,-6.0,-0.9235,0.0,0.0,89.0,580.0
60230.0,2.0,-2.9207,-2.421,0.0816,0.5252,-6.0,-0.9272,0.0,0.0,89.0,594.0
60240.0,2.0,-2.9422,-2.338,0.08655,0.4652,-6.0,-0.9348,0.0,0.0,89.0,588.0
60250.0,2.0,-2.9683,-2.316,0.09131,0.3992,-6.0,-0.9402,0.0,0.0,89.0,586.0
60260.0,2.0,-2.9913,-2.29,0.09503,0.3392,-6.0,-0.9447,0.0,0.0,89.0,596.0
60271.0,2.0,-3.0143,-2.285,0.0981,0.2792,-6.0,-0.948,0.0,0.0,89.0,586.0
60281.0,2.0,-3.0388,-2.301,0.10061,0.2192,-6.0,-0.95,0.0,0.0,89.0,580.0
60291.0,2.0,-3.0741,-2.481,0.10268,0.1532,-6.0,-0.9455,0.0,0.0,89.0,585.0
60301.0,2.0,-3.1201,-2.844,0.10395,0.0932,-6.0,-0.9311,0.0,0.0,89.0,602.0
60311.0,2.0,3.1201,-3.361,0.10459,0.0332,-6.0,-0.9043,0.0,0.0,89.0,602.0
60322.0,2.0,3.1109,-3.395,0.10463,-0.0268,-6.0,-0.9012,0.0,0.0,89.0,572.0
60332.0,2.0,3.1002,-2.551,0.1041,-0.0868,-6.0,-0.9435,0.0,0.0,89.0,580.0
60342.0,2.0,3.0572,-2.63,0.10301,-0.1468,-6.0,-0.9381,0.0,0.0,89.0,587.0
60352.0,2.0,3.0189,-2.93,0.10129,-0.2068,-6.0,-0.9203,0.0,0.0,89.0,578.0
60362.0,2.0,2.9683,-3.325,0.099,-0.2668,-6.0,-0.8933,0.0,0.0,89.0,572.0
60372.0,2.0,2.9084,-3.991,0.09578,-0.3328,-6.0,-0.8404,0.0,0.0,89.0,572.0
60382.0,2.0,2.8501,-4.503,0.09221,-0.3928,-6.0,-0.789,0.0,0.0,89.0,572.0
60392.0,2.0,2.8026,-4.931,0.08809,-0.4525,-5.891,-0.7362,0.0,0.0,89.0,593.0
60403.0,2.0,2.7811,-4.442,0.08336,-0.5107,-5.774,-0.7638,0.0,0.0,89.0,578.0
60413.0,2.0,2.7305,-4.413,0.07804,-0.5673,-5.557,-0.7494,0.0,0.0,89.0,594.0
60423.0,2.0,2.686,-4.419,0.07219,-0.6216,-5.315,-0.73,0.0,0.0,89.0,584.0
60433.0,2.0,2.6461,-4.349,0.06585,-0.6734,-5.07,-0.7158,0.0,0.0,89.0,577.0
60443.0,2.0,2.6139,-4.048,0.05824,-0.7276,-4.817,-0.7188,0.0,0.0,89.0,578.0
60454.0,2.0,2.5863,-3.646,0.05081,-0.7745,-4.587,-0.7314,0.0,0.0,89.0,572.0
60464.0,2.0,2.5694,-3.186,0.04294,-0.819,-4.341,-0.7471,0.0,0.0,89.0,584.0
60474.0,2.0,2.5495,-2.733,0.03379,-0.8649,-4.025,-0.7596,0.0,0.0,89.0,607.0
60484.0,2.0,2.5387,-2.286,0.02505,-0.9033,-3.681,-0.7722,0.0,0.0,89.0,593.0
60494.0,2.0,2.5341,-1.808,0.01598,-0.9377,-3.225,-0.7856,0.0,0.0,89.0,596.0
60504.0,2.0,2.5372,-1.235,0.00656,-0.9661,-2.469,-0.8019,0.0,0.0,89.0,594.0
60515.0,2.0,2.5418,-0.709,-0.00308,-0.9849,-1.347,-0.8145,0.0,0.0,89.0,578.0
60525.0,2.0,2.551,-0.231,-0.01286,-0.9917,-0.147,-0.8242,0.0,0.0,89.0,580.0
60535.0,2.0,2.5648,0.247,-0.02265,-0.9866,1.053,-0.8325,0.0,0.0,89.0,587.0
60545.0,2.0,2.5817,0.696,-0.0324,-0.9695,2.253,-0.8392,0.0,0.0,89.0,602.0
60555.0,2.0,2.6032,1.087,-0.04185,-0.9403,3.453,-0.8445,0.0,0.0,89.0,586.0
60565.0,2.0,2.6216,1.391,-0.05104,-0.8992,4.653,-0.8494,0.0,0.0,89.0,594.0
60575.0,2.0,2.6446,1.635,-0.06056,-0.8414,5.552,-0.855,0.0,0.0,89.0,578.0
60585.0,2.0,2.6737,1.934,-0.06866,-0.7837,5.942,-0.8587,0.0,0.0,89.0,585.0
60595.0,2.0,2.7059,2.261,-0.07616,-0.7237,6.0,-0.8609,0.0,0.0,89.0,594.0
60605.0,2.0,2.7382,2.549,-0.08306,-0.6637,6.0,-0.8627,0.0,0.0,89.0,608.0
60616.0,2.0,2.7688,2.796,-0.08936,-0.6037,6.0,-0.8648,0.0,0.0,89.0,586.0
60626.0,2.0,2.8057,3.015,-0.0951,-0.5437,6.0,-0.8665,0.0,0.0,89.0,596.0
60636.0,2.0,2.844,3.233,-0.1002,-0.4837,6.0,-0.8669,0.0,0.0,89.0,584.0
60646.0,2.0,2.89,3.489,-0.10515,-0.4177,6.0,-0.8647,0.0,0.0,89.0,586.0
60656.0,2.0,2.9391,3.857,-0.10901,-0.3577,6.0,-0.8528,0.0,0.0,89.0,586.0
60667.0,2.0,2.9821,4.137,-0.11231,-0.2977,6.0,-0.8427,0.0,0.0,89.0,587.0
60677.0,2.0,3.0097,3.986,-0.11501,-0.2377,6.0,-0.8582,0.0,0.0,89.0,580.0
60687.0,2.0,3.048,3.8,-0.11708,-0.1777,6.0,-0.8739,0.0,0.0,89.0,564.0
60697.0,2.0,3.0603,3.469,-0.11861,-0.1177,6.0,-0.8962,0.0,0.0,89.0,588.0
60707.0,2.0,3.0925,3.179,-0.11951,-0.0577,6.0,-0.9138,0.0,0.0,89.0,593.0
60717.0,2.0,3.1017,2.589,-0.11981,0.0083,6.0,-0.943,0.0,0.0,89.0,593.0
60728.0,2.0,3.1048,1.955,-0.11947,0.0683,6.0,-0.9674,0.0,0.0,89.0,578.0
60738.0,2.0,-3.1385,1.864,-0.11854,0.1283,6.0,-0.9706,0.0,0.0,89.0,601.0
60748.0,2.0,-3.0833,2.688,-0.117,0.1883,6.0,-0.938,0.0,0.0,89.0,578.0
60758.0,2.0,-3.0112,3.798,-0.1149,0.2483,6.0,-0.8721,0.0,0.0,89.0,577.0
60768.0,2.0,-2.9498,4.744,-0.11186,0.3143,6.0,-0.7925,0.0,0.0,89.0,575.0
60778.0,2.0,-2.9284,4.618,-0.10853,0.3743,6.0,-0.7935,0.0,0.0,89.0,574.0
60788.0,2.0,-2.9268,3.66,-0.10455,0.4343,6.0,-0.858,0.0,0.0,89.0,577.0
60798.0,2.0,-2.9084,2.718,-0.10001,0.4943,6.0,-0.9085,0.0,0.0,89.0,585.0
60808.0,2.0,-2.8624,2.873,-0.09484,0.5543,6.0,-0.8929,0.0,0.0,89.0,580.0
60818.0,2.0,-2.821,3.332,-0.0891,0.6143,6.0,-0.8554,0.0,0.0,89.0,594.0
60829.0,2.0,-2.7964,3.354,-0.08276,0.6735,5.821,-0.8428,0.0,0.0,89.0,578.0
60839.0,2.0,-2.7719,3.085,-0.07582,0.7304,5.586,-0.8488,0.0,0.0,89.0,586.0
60849.0,2.0,-2.7504,2.792,-0.06758,0.7902,5.301,-0.8546,0.0,0.0,89.0,577.0
60859.0,2.0,-2.732,2.545,-0.06034,0.8366,5.043,-0.8592,0.0,0.0,89.0,587.0
60869.0,2.0,-2.7197,2.179,-0.051,0.8899,4.683,-0.8679,0.0,0.0,89.0,570.0
60879.0,2.0,-2.7044,1.917,-0.042,0.9347,4.311,-0.8718,0.0,0.0,89.0,578.0
60890.0,2.0,-2.6952,1.682,-0.03251,0.9756,3.89,-0.8743,0.0,0.0,89.0,586.0
60900.0,2.0,-2.6891,1.382,-0.02273,1.0116,3.353,-0.8795,0.0,0.0,89.0,570.0
60910.0,2.0,-2.686,1.046,-0.01151,1.0441,2.588,-0.8851,0.0,0.0,89.0,586.0
60921.0,2.0,-2.686,0.739,-0.00109,1.0634,1.388,-0.89,0.0,0.0,89.0,563.0
60931.0,2.0,-2.6952,0.349,0.00945,1.0707,0.188,-0.8966,0.0,0.0,89.0,555.0
60941.0,2.0,-2.7013,-0.05,0.02115,1.0648,-1.132,-0.9024,0.0,0.0,89.0,587.0
60952.0,2.0,-2.7136,-0.339,0.03161,1.0469,-2.332,-0.9062,0.0,0.0,89.0,577.0
60962.0,2.0,-2.7259,-0.61,0.04185,1.017,-3.532,-0.9095,0.0,0.0,89.0,557.0
60972.0,2.0,-2.7428,-0.884,0.05273,0.9702,-4.852,-0.9128,0.0,0.0,89.0,555.0
60983.0,2.0,-2.7596,-1.145,0.0621,0.9151,-6.0,-0.9154,0.0,0.0,89.0,556.0
60993.0,2.0,-2.7796,-1.389,0.07091,0.8551,-6.0,-0.9176,0.0,0.0,89.0,555.0
61003.0,2.0,-2.7995,-1.601,0.07913,0.7951,-6.0,-0.9197,0.0,0.0,89.0,563.0
61013.0,2.0,-2.8241,-1.8,0.08674,0.7351,-6.0,-0.9216,0.0,0.0,89.0,577.0
61023.0,2.0,-2.8486,-2.002,0.09375,0.6751,-6.0,-0.9228,0.0,0.0,89.0,555.0
61033.0,2.0,-2.8747,-2.192,0.1002,0.6151,-6.0,-0.9235,0.0,0.0,89.0,565.0
61043.0,2.0,-2.9054,-2.373,0.10658,0.5491,-6.0,-0.9243,0.0,0.0,89.0,556.0
61053.0,2.0,-2.9314,-2.495,0.11175,0.4891,-6.0,-0.9255,0.0,0.0,89.0,555.0
61063.0,2.0,-2.9606,-2.586,0.11633,0.4291,-6.0,-0.9271,0.0,0.0,89.0,572.0
61074.0,2.0,-2.9867,-2.65,0.1203,0.3691,-6.0,-0.9289,0.0,0.0,89.0,564.0
61084.0,2.0,-3.0173,-2.73,0.12371,0.3091,-6.0,-0.9293,0.0,0.0,89.0,555.0
61094.0,2.0,-3.045,-2.756,0.12675,0.2431,-6.0,-0.9315,0.0,0.0,89.0,571.0
61105.0,2.0,-3.0756,-2.757,0.12889,0.1831,-6.0,-0.9336,0.0,0.0,89.0,555.0
61115.0,2.0,-3.1063,-2.862,0.13046,0.1231,-6.0,-0.9301,0.0,0.0,89.0,555.0
61125.0,2.0,3.1078,-3.54,0.1314,0.0631,-6.0,-0.8938,0.0,0.0,89.0,563.0
61135.0,2.0,3.0434,-4.453,0.13178,0.0031,-6.0,-0.8284,0.0,0.0,89.0,555.0
61145.0,2.0,3.0726,-3.803,0.13155,-0.0569,-6.0,-0.8715,0.0,0.0,89.0,580.0
61155.0,2.0,3.0741,-2.136,0.13072,-0.1169,-6.0,-0.9576,0.0,0.0,89.0,594.0
61165.0,2.0,3.0035,-2.483,0.1293,-0.1769,-6.0,-0.9407,0.0,0.0,89.0,574.0
61175.0,2.0,3.0035,-2.44,0.12731,-0.2369,-6.0,-0.9394,0.0,0.0,89.0,588.0
61185.0,2.0,2.9498,-2.896,0.12439,-0.3029,-6.0,-0.9116,0.0,0.0,89.0,576.0
61196.0,2.0,2.9299,-3.007,0.12116,-0.3629,-6.0,-0.8995,0.0,0.0,89.0,568.0
61206.0,2.0,2.8823,-3.137,0.1173,-0.4229,-6.0,-0.8846,0.0,0.0,89.0,577.0
61216.0,2.0,2.8394,-3.513,0.11239,-0.4889,-6.0,-0.8501,0.0,0.0,89.0,578.0
61227.0,2.0,2.7934,-3.768,0.10729,-0.5489,-6.0,-0.8202,0.0,0.0,89.0,573.0
61237.0,2.0,2.7627,-3.791,0.10159,-0.6089,-6.0,-0.8048,0.0,0.0,89.0,578.0
61247.0,2.0,2.7305,-3.64,0.09529,-0.6689,-6.0,-0.8016,0.0,0.0,89.0,586.0
61257.0,2.0,2.7029,-3.39,0.08768,-0.7344,-5.857,-0.8035,0.0,0.0,89.0,601.0
61267.0,2.0,2.6737,-3.118,0.08018,-0.7915,-5.6,-0.8078,0.0,0.0,89.0,586.0
61278.0,2.0,2.6661,-2.71,0.07211,-0.846,-5.323,-0.8202,0.0,0.0,89.0,586.0
61288.0,2.0,2.6338,-2.458,0.06352,-0.8975,-5.007,-0.8228,0.0,0.0,89.0,594.0
61298.0,2.0,2.6246,-2.24,0.05441,-0.9457,-4.661,-0.8234,0.0,0.0,89.0,586.0
61308.0,2.0,2.6016,-2.168,0.04489,-0.9903,-4.313,-0.8162,0.0,0.0,89.0,573.0
61318.0,2.0,2.5986,-1.933,0.03488,-1.0312,-3.904,-0.8174,0.0,0.0,89.0,570.0
61328.0,2.0,2.594,-1.506,0.02449,-1.0667,-3.112,-0.8277,0.0,0.0,89.0,563.0
61338.0,2.0,2.5894,-1.064,0.01275,-1.093,-1.792,-0.8372,0.0,0.0,89.0,564.0
61348.0,2.0,2.5909,-0.698,0.00184,-1.1044,-0.592,-0.8441,0.0,0.0,89.0,573.0
61359.0,2.0,2.6016,-0.277,-0.00907,-1.1037,0.608,-0.8519,0.0,0.0,89.0,556.0
61369.0,2.0,2.6139,0.161,-0.01995,-1.091,1.808,-0.8592,0.0,0.0,89.0,547.0
61379.0,2.0,2.6262,0.534,-0.03173,-1.0632,3.128,-0.8649,0.0,0.0,89.0,547.0
61389.0,2.0,2.6446,0.825,-0.04211,-1.0253,4.328,-0.8693,0.0,0.0,89.0,557.0
61399.0,2.0,2.6615,1.128,-0.05201,-0.9754,5.528,-0.8735,0.0,0.0,89.0,555.0
61410.0,2.0,2.6814,1.415,-0.06143,-0.9161,6.0,-0.8772,0.0,0.0,89.0,547.0
61420.0,2.0,2.7044,1.67,-0.07024,-0.8561,6.0,-0.8808,0.0,0.0,89.0,546.0
61430.0,2.0,2.732,1.948,-0.07928,-0.7901,6.0,-0.8842,0.0,0.0,89.0,563.0
61440.0,2.0,2.7596,2.194,-0.08681,-0.7301,6.0,-0.8866,0.0,0.0,89.0,569.0
61450.0,2.0,2.7903,2.411,-0.09379,-0.6701,6.0,-0.8889,0.0,0.0,89.0,569.0
61460.0,2.0,2.821,2.624,-0.10016,-0.6101,6.0,-0.8904,0.0,0.0,89.0,569.0
61471.0,2.0,2.8532,2.781,-0.10594,-0.5501,6.0,-0.8929,0.0,0.0,89.0,555.0
61481.0,2.0,2.8854,2.95,-0.11115,-0.4901,6.0,-0.8938,0.0,0.0,89.0,564.0
61491.0,2.0,2.9268,3.128,-0.11618,-0.4241,6.0,-0.8938,0.0,0.0,89.0,573.0
61502.0,2.0,2.9621,3.32,-0.12011,-0.3641,6.0,-0.8908,0.0,0.0,89.0,555.0
61512.0,2.0,3.0066,3.54,-0.12345,-0.3041,6.0,-0.8846,0.0,0.0,89.0,555.0
61522.0,2.0,3.0634,3.961,-0.12645,-0.2381,6.0,-0.8638,0.0,0.0,89.0,563.0
61533.0,2.0,3.117,4.333,-0.12851,-0.1781,6.0,-0.8407,0.0,0.0,89.0,564.0
61543.0,2.0,-3.1201,4.621,-0.13005,-0.1181,6.0,-0.819,0.0,0.0,89.0,563.0
61553.0,2.0,-3.0649,4.749,-0.13099,-0.0521,6.0,-0.806,0.0,0.0,89.0,556.0
61563.0,2.0,-3.0419,4.409,-0.13125,0.0079,6.0,-0.8289,0.0,0.0,89.0,596.0
61574.0,2.0,-2.979,4.454,-0.13091,0.0679,6.0,-0.8193,0.0,0.0,89.0,578.0
61584.0,2.0,-2.956,4.125,-0.12998,0.1279,6.0,-0.8374,0.0,0.0,89.0,593.0
61594.0,2.0,-2.9284,4.087,-0.12844,0.1879,6.0,-0.8316,0.0,0.0,89.0,571.0
61604.0,2.0,-2.9069,3.581,-0.12634,0.2479,6.0,-0.859,0.0,0.0,89.0,594.0
61614.0,2.0,-2.8471,3.78,-0.12334,0.3139,6.0,-0.8339,0.0,0.0,89.0,585.0
61624.0,2.0,-2.8041,3.768,-0.11996,0.3739,6.0,-0.8227,0.0,0.0,89.0,578.0
61634.0,2.0,-2.7903,3.501,-0.11599,0.4339,6.0,-0.8293,0.0,0.0,89.0,580.0
61645.0,2.0,-2.8348,2.163,-0.11145,0.4939,6.0,-0.8978,0.0,0.0,89.0,572.0
61655.0,2.0,-2.7688,1.333,-0.10631,0.5539,6.0,-0.9264,0.0,0.0,89.0,578.0
61665.0,2.0,-2.6921,3.1,-0.10058,0.6139,6.0,-0.8312,0.0,0.0,89.0,578.0
61675.0,2.0,-2.6814,3.521,-0.09356,0.6799,6.0,-0.7853,0.0,0.0,89.0,572.0
61685.0,2.0,-2.6753,2.905,-0.08659,0.739,5.814,-0.8128,0.0,0.0,89.0,594.0
61696.0,2.0,-2.6753,2.052,-0.07905,0.7955,5.485,-0.8496,0.0,0.0,89.0,596.0
61706.0,2.0,-2.6645,1.426,-0.07095,0.8471,4.893,-0.8692,0.0,0.0,89.0,577.0
61716.0,2.0,-2.6814,0.811,-0.06146,0.8943,3.76,-0.8842,0.0,0.0,89.0,577.0
61726.0,2.0,-2.6814,0.471,-0.05246,0.9255,2.635,-0.8899,0.0,0.0,89.0,585.0
61736.0,2.0,-2.6967,-0.026,-0.0432,0.9453,1.435,-0.8977,0.0,0.0,89.0,610.0
61747.0,2.0,-2.7059,-0.402,-0.03379,0.953,0.235,-0.9024,0.0,0.0,89.0,585.0
61757.0,2.0,-2.7167,-0.667,-0.02434,0.9488,-0.965,-0.9058,0.0,0.0,89.0,600.0
61767.0,2.0,-2.729,-0.845,-0.015,0.9325,-2.165,-0.9089,0.0,0.0,89.0,594.0
61777.0,2.0,-2.7412,-0.962,-0.00589,0.9054,-2.99,-0.9122,0.0,0.0,89.0,586.0
61787.0,2.0,-2.7566,-1.093,0.00379,0.8695,-3.488,-0.9158,0.0,0.0,89.0,597.0
61798.0,2.0,-2.7719,-1.215,0.01223,0.8324,-3.901,-0.9191,0.0,0.0,89.0,594.0
61808.0,2.0,-2.7918,-1.4,0.02033,0.791,-4.333,-0.9217,0.0,0.0,89.0,594.0
61818.0,2.0,-2.8149,-1.644,0.02794,0.7454,-4.731,-0.923,0.0,0.0,89.0,602.0
61828.0,2.0,-2.8394,-1.882,0.0351,0.6963,-5.045,-0.9238,0.0,0.0,89.0,593.0
61838.0,2.0,-2.8639,-2.04,0.04241,0.6392,-5.298,-0.9262,0.0,0.0,89.0,586.0
61848.0,2.0,-2.8885,-2.152,0.04849,0.5852,-5.489,-0.9287,0.0,0.0,89.0,587.0
61858.0,2.0,-2.9038,-2.11,0.05404,0.5294,-5.633,-0.935,0.0,0.0,89.0,594.0
61869.0,2.0,-2.9268,-2.09,0.05906,0.4724,-5.763,-0.9403,0.0,0.0,89.0,586.0
61879.0,2.0,-2.9468,-2.114,0.06349,0.4141,-5.882,-0.9438,0.0,0.0,89.0,602.0
61889.0,2.0,-2.9683,-2.127,0.06731,0.3547,-5.978,-0.9472,0.0,0.0,89.0,602.0
61899.0,2.0,-2.9913,-2.169,0.07088,0.2887,-6.0,-0.9496,0.0,0.0,89.0,585.0
61909.0,2.0,-3.0189,-2.23,0.07346,0.2287,-6.0,-0.9505,0.0,0.0,89.0,602.0
61920.0,2.0,-3.0526,-2.398,0.07549,0.1687,-6.0,-0.947,0.0,0.0,89.0,579.0
61930.0,2.0,-3.0864,-2.73,0.07688,0.1087,-6.0,-0.9353,0.0,0.0,89.0,602.0
61940.0,2.0,-3.1385,-3.235,0.0777,0.0487,-6.0,-0.9114,0.0,0.0,89.0,580.0
61950.0,2.0,3.1217,-3.461,0.07789,-0.0113,-6.0,-0.8982,0.0,0.0,89.0,580.0
61960.0,2.0,3.1201,-2.659,0.07748,-0.0773,-6.0,-0.9394,0.0,0.0,89.0,580.0
61971.0,2.0,3.0833,-2.532,0.07643,-0.1373,-6.0,-0.944,0.0,0.0,89.0,572.0
61981.0,2.0,3.0496,-2.749,0.07481,-0.1973,-5.98,-0.9318,0.0,0.0,89.0,594.0
61991.0,2.0,3.0097,-3.124,0.07234,-0.2623,-5.843,-0.9081,0.0,0.0,89.0,601.0
62001.0,2.0,2.9452,-3.559,0.06953,-0.3198,-5.674,-0.8761,0.0,0.0,89.0,572.0
62011.0,2.0,2.8762,-4.482,0.06611,-0.3751,-5.394,-0.7984,0.0,0.0,89.0,572.0
62021.0,2.0,2.8348,-4.8,0.06218,-0.4277,-5.169,-0.7577,0.0,0.0,89.0,572.0
62032.0,2.0,2.7872,-4.866,0.05771,-0.4783,-4.966,-0.7358,0.0,0.0,89.0,578.0
62042.0,2.0,2.7489,-4.752,0.0528,-0.5269,-4.779,-0.7284,0.0,0.0,89.0,578.0
62052.0,2.0,2.7167,-4.389,0.04736,-0.5738,-4.618,-0.7423,0.0,0.0,89.0,578.0
62062.0,2.0,2.6891,-3.87,0.04088,-0.6235,-4.441,-0.7658,0.0,0.0,89.0,582.0
62073.0,2.0,2.6615,-3.449,0.0345,-0.6669,-4.25,-0.7811,0.0,0.0,89.0,578.0
62083.0,2.0,2.6338,-3.167,0.02775,-0.7081,-4.022,-0.7852,0.0,0.0,89.0,573.0
62093.0,2.0,2.6108,-2.94,0.02055,-0.7469,-3.77,-0.7851,0.0,0.0,89.0,588.0
62103.0,2.0,2.597,-2.609,0.01301,-0.7832,-3.499,-0.7916,0.0,0.0,89.0,578.0
62113.0,2.0,2.5832,-2.172,0.00431,-0.8196,-3.145,-0.8026,0.0,0.0,89.0,579.0
62123.0,2.0,2.5786,-1.74,-0.0039,-0.8488,-2.716,-0.8135,0.0,0.0,89.0,578.0
62134.0,2.0,2.5771,-1.284,-0.01241,-0.8727,-2.083,-0.8248,0.0,0.0,89.0,578.0
62144.0,2.0,2.5802,-0.824,-0.02111,-0.8885,-1.124,-0.8351,0.0,0.0,89.0,572.0
62154.0,2.0,2.5848,-0.401,-0.03086,-0.8934,0.142,-0.843,0.0,0.0,89.0,618.0
62164.0,2.0,2.5955,0.001,-0.03968,-0.8854,1.342,-0.85,0.0,0.0,89.0,602.0
62175.0,2.0,2.6047,0.327,-0.04838,-0.8654,2.542,-0.8554,0.0,0.0,89.0,586.0
62185.0,2.0,2.6154,0.57,-0.05685,-0.8334,3.742,-0.8597,0.0,0.0,89.0,602.0
62195.0,2.0,2.6262,0.76,-0.06487,-0.7913,4.502,-0.8639,0.0,0.0,89.0,585.0
62205.0,2.0,2.64,0.943,-0.07327,-0.738,5.105,-0.8687,0.0,0.0,89.0,601.0
62215.0,2.0,2.6599,1.14,-0.08032,-0.6842,5.62,-0.873,0.0,0.0,89.0,603.0
62226.0,2.0,2.6814,1.417,-0.08685,-0.6253,6.0,-0.8769,0.0,0.0,89.0,586.0
62236.0,2.0,2.7059,1.707,-0.09278,-0.5653,6.0,-0.88,0.0,0.0,89.0,587.0
62246.0,2.0,2.732,1.981,-0.09814,-0.5053,6.0,-0.8826,0.0,0.0,89.0,594.0
62256.0,2.0,2.7627,2.254,-0.10328,-0.4393,6.0,-0.8852,0.0,0.0,89.0,586.0
62267.0,2.0,2.7949,2.478,-0.10736,-0.3793,6.0,-0.8872,0.0,0.0,89.0,586.0
62277.0,2.0,2.8256,2.689,-0.11089,-0.3193,6.0,-0.8886,0.0,0.0,89.0,586.0
62287.0,2.0,2.8547,2.858,-0.11377,-0.2593,6.0,-0.8905,0.0,0.0,89.0,586.0
62297.0,2.0,2.8931,3.034,-0.1161,-0.1993,6.0,-0.891,0.0,0.0,89.0,586.0
62307.0,2.0,2.9437,3.261,-0.11794,-0.1333,6.0,-0.8884,0.0,0.0,89.0,585.0
62317.0,2.0,2.9867,3.815,-0.11899,-0.0733,6.0,-0.8647,0.0,0.0,89.0,586.0
62327.0,2.0,3.0434,4.267,-0.11947,-0.0133,6.0,-0.8408,0.0,0.0,89.0,586.0
62338.0,2.0,3.0802,4.363,-0.11933,0.0467,6.0,-0.8374,0.0,0.0,89.0,571.0
62348.0,2.0,3.1017,3.902,-0.11857,0.1067,6.0,-0.8708,0.0,0.0,89.0,572.0
62358.0,2.0,-3.1094,4.002,-0.11711,0.1727,6.0,-0.8644,0.0,0.0,89.0,594.0
62369.0,2.0,-3.0726,4.455,-0.11513,0.2327,6.0,-0.8293,0.0,0.0,89.0,580.0
62379.0,2.0,-3.0357,4.142,-0.11258,0.2927,6.0,-0.8491,0.0,0.0,89.0,579.0
62389.0,2.0,-2.9943,4.084,-0.10909,0.3587,6.0,-0.8475,0.0,0.0,89.0,579.0
62399.0,2.0,-2.9683,3.912,-0.10526,0.4187,6.0,-0.8533,0.0,0.0,89.0,578.0
62410.0,2.0,-2.9406,3.555,-0.10088,0.4787,6.0,-0.8707,0.0,0.0,89.0,571.0
62420.0,2.0,-2.8823,3.806,-0.09585,0.5387,6.0,-0.8448,0.0,0.0,89.0,585.0
62430.0,2.0,-2.8609,3.704,-0.0903,0.5987,6.0,-0.842,0.0,0.0,89.0,572.0
62440.0,2.0,-2.8149,3.713,-0.08344,0.664,5.825,-0.8289,0.0,0.0,89.0,593.0
62450.0,2.0,-2.7857,3.654,-0.07661,0.7208,5.574,-0.8205,0.0,0.0,89.0,580.0
62460.0,2.0,-2.7612,3.36,-0.06922,0.7752,5.334,-0.8284,0.0,0.0,89.0,594.0
62471.0,2.0,-2.7458,2.962,-0.06135,0.8272,5.081,-0.8421,0.0,0.0,89.0,578.0
62481.0,2.0,-2.7013,2.979,-0.05209,0.8811,4.746,-0.8277,0.0,0.0,89.0,577.0
62491.0,2.0,-2.6753,2.964,-0.04316,0.9268,4.427,-0.8153,0.0,0.0,89.0,578.0
62501.0,2.0,-2.6661,2.55,-0.03379,0.9693,4.106,-0.8277,0.0,0.0,89.0,593.0
62512.0,2.0,-2.6615,1.995,-0.024,1.0082,3.697,-0.8465,0.0,0.0,89.0,586.0
62522.0,2.0,-2.6569,1.51,-0.01391,1.0409,2.776,-0.8598,0.0,0.0,89.0,555.0
62532.0,2.0,-2.6569,0.993,-0.00244,1.0636,1.456,-0.8719,0.0,0.0,89.0,555.0
62542.0,2.0,-2.663,0.541,0.00814,1.0715,0.256,-0.8808,0.0,0.0,89.0,571.0
62552.0,2.0,-2.6722,0.108,0.01875,1.0675,-0.944,-0.888,0.0,0.0,89.0,580.0
62563.0,2.0,-2.6875,-0.321,0.02929,1.0515,-2.144,-0.8938,0.0,0.0,89.0,564.0
62573.0,2.0,-2.7059,-0.756,0.03956,1.0234,-3.344,-0.8982,0.0,0.0,89.0,571.0
62583.0,2.0,-2.7228,-1.085,0.04954,0.9834,-4.544,-0.9013,0.0,0.0,89.0,556.0
62593.0,2.0,-2.7412,-1.336,0.06,0.9255,-5.864,-0.9047,0.0,0.0,89.0,566.0
62603.0,2.0,-2.7612,-1.515,0.06889,0.8655,-6.0,-0.908,0.0,0.0,89.0,571.0
62614.0,2.0,-2.7811,-1.678,0.07721,0.8055,-6.0,-0.9113,0.0,0.0,89.0,555.0
62624.0,2.0,-2.8026,-1.823,0.0849,0.7455,-6.0,-0.9146,0.0,0.0,89.0,555.0
62634.0,2.0,-2.8271,-1.961,0.0927,0.6795,-6.0,-0.9183,0.0,0.0,89.0,569.0
62644.0,2.0,-2.8532,-2.11,0.09915,0.6195,-6.0,-0.9206,0.0,0.0,89.0,571.0
62654.0,2.0,-2.8793,-2.286,0.10504,0.5595,-6.0,-0.9215,0.0,0.0,89.0,572.0
62665.0,2.0,-2.9084,-2.464,0.11033,0.4995,-6.0,-0.9216,0.0,0.0,89.0,555.0
62675.0,2.0,-2.936,-2.573,0.11501,0.4395,-6.0,-0.9232,0.0,0.0,89.0,557.0
62685.0,2.0,-2.9621,-2.614,0.11947,0.3735,-6.0,-0.927,0.0,0.0,89.0,579.0
62695.0,2.0,-2.9897,-2.614,0.12293,0.3135,-6.0,-0.9312,0.0,0.0,89.0,555.0
62705.0,2.0,-3.0112,-2.515,0.12574,0.2535,-6.0,-0.9386,0.0,0.0,89.0,572.0
62716.0,2.0,-3.0357,-2.445,0.12799,0.1935,-6.0,-0.9441,0.0,0.0,89.0,557.0
62726.0,2.0,-3.0618,-2.412,0.12964,0.1335,-6.0,-0.9476,0.0,0.0,89.0,571.0
62736.0,2.0,-3.0925,-2.55,0.13072,0.0735,-6.0,-0.9437,0.0,0.0,89.0,555.0
62746.0,2.0,-3.137,-2.907,0.13117,0.0075,-6.0,-0.9284,0.0,0.0,89.0,555.0
62756.0,2.0,3.1078,-3.311,0.13103,-0.0525,-6.0,-0.9067,0.0,0.0,89.0,580.0
62767.0,2.0,3.1094,-2.991,0.13024,-0.1125,-6.0,-0.9227,0.0,0.0,89.0,572.0
62777.0,2.0,3.1124,-1.93,0.12889,-0.1725,-6.0,-0.9674,0.0,0.0,89.0,577.0
62787.0,2.0,3.0219,-2.587,0.1269,-0.2325,-6.0,-0.9395,0.0,0.0,89.0,572.0
62797.0,2.0,3.0219,-2.588,0.12405,-0.2985,-6.0,-0.9364,0.0,0.0,89.0,571.0
62807.0,2.0,3.0035,-2.575,0.12086,-0.3585,-6.0,-0.9337,0.0,0.0,89.0,588.0
62818.0,2.0,2.9698,-2.662,0.11704,-0.4185,-6.0,-0.9253,0.0,0.0,89.0,572.0
62828.0,2.0,2.9345,-2.834,0.11216,-0.4845,-6.0,-0.9106,0.0,0.0,89.0,601.0
62838.0,2.0,2.8777,-3.328,0.1071,-0.5445,-6.0,-0.8743,0.0,0.0,89.0,578.0
62849.0,2.0,2.8379,-3.705,0.10148,-0.6045,-6.0,-0.8389,0.0,0.0,89.0,578.0
62859.0,2.0,2.8087,-3.705,0.09521,-0.6645,-6.0,-0.8272,0.0,0.0,89.0,586.0
62869.0,2.0,2.7842,-3.31,0.08843,-0.7245,-5.965,-0.843,0.0,0.0,89.0,578.0
62879.0,2.0,2.7658,-2.993,0.08025,-0.7884,-5.689,-0.851,0.0,0.0,89.0,578.0
62889.0,2.0,2.7182,-3.106,0.07219,-0.8437,-5.385,-0.8319,0.0,0.0,89.0,572.0
62900.0,2.0,2.6676,-3.57,0.0636,-0.8956,-5.021,-0.7852,0.0,0.0,89.0,572.0
62910.0,2.0,2.6523,-3.517,0.05453,-0.9439,-4.696,-0.7723,0.0,0.0,89.0,592.0
62920.0,2.0,2.6354,-3.05,0.045,-0.9892,-4.401,-0.7893,0.0,0.0,89.0,578.0
62930.0,2.0,2.6154,-2.598,0.03398,-1.0354,-4.027,-0.8025,0.0,0.0,89.0,570.0
62940.0,2.0,2.6016,-2.255,0.02355,-1.0706,-2.99,-0.8096,0.0,0.0,89.0,563.0
62950.0,2.0,2.594,-1.877,0.01283,-1.0939,-1.79,-0.8182,0.0,0.0,89.0,564.0
62960.0,2.0,2.594,-1.426,0.00191,-1.1052,-0.59,-0.8295,0.0,0.0,89.0,571.0
62971.0,2.0,2.5986,-0.895,-0.00904,-1.1045,0.61,-0.8425,0.0,0.0,89.0,563.0
62981.0,2.0,2.6062,-0.38,-0.01995,-1.0918,1.81,-0.8532,0.0,0.0,89.0,563.0
62991.0,2.0,2.6139,0.054,-0.03173,-1.064,3.13,-0.8606,0.0,0.0,89.0,579.0
63002.0,2.0,2.6246,0.362,-0.04211,-1.0261,4.33,-0.8654,0.0,0.0,89.0,563.0
63012.0,2.0,2.64,0.673,-0.05205,-0.9762,5.53,-0.8701,0.0,0.0,89.0,561.0
63022.0,2.0,2.6584,0.981,-0.0615,-0.9169,6.0,-0.8744,0.0,0.0,89.0,546.0
63032.0,2.0,2.6783,1.297,-0.07031,-0.8569,6.0,-0.8781,0.0,0.0,89.0,556.0
63042.0,2.0,2.7029,1.612,-0.07931,-0.7909,6.0,-0.8817,0.0,0.0,89.0,562.0
63052.0,2.0,2.729,1.87,-0.08692,-0.7309,6.0,-0.8848,0.0,0.0,89.0,571.0
63063.0,2.0,2.755,2.103,-0.09386,-0.6709,6.0,-0.8876,0.0,0.0,89.0,555.0
63073.0,2.0,2.7811,2.301,-0.10024,-0.6109,6.0,-0.8906,0.0,0.0,89.0,555.0
63083.0,2.0,2.8133,2.493,-0.10605,-0.5509,6.0,-0.893,0.0,0.0,89.0,555.0
63093.0,2.0,2.844,2.675,-0.11171,-0.4849,6.0,-0.8956,0.0,0.0,89.0,571.0
63104.0,2.0,2.8793,2.854,-0.11625,-0.4249,6.0,-0.8964,0.0,0.0,89.0,561.0
63114.0,2.0,2.9176,3.118,-0.12019,-0.3649,6.0,-0.8923,0.0,0.0,89.0,557.0
63124.0,2.0,2.9575,3.356,-0.12386,-0.2989,6.0,-0.8881,0.0,0.0,89.0,555.0
63134.0,2.0,2.9913,3.399,-0.12656,-0.2389,6.0,-0.8914,0.0,0.0,89.0,569.0
63145.0,2.0,3.0373,3.619,-0.12866,-0.1789,6.0,-0.8836,0.0,0.0,89.0,555.0
63155.0,2.0,3.094,4.132,-0.13016,-0.1189,6.0,-0.8542,0.0,0.0,89.0,555.0
63165.0,2.0,-3.1339,4.583,-0.13106,-0.0589,6.0,-0.8223,0.0,0.0,89.0,555.0
63175.0,2.0,-3.114,4.12,-0.1314,0.0071,6.0,-0.8556,0.0,0.0,89.0,580.0
63186.0,2.0,-3.0557,4.203,-0.13106,0.0671,6.0,-0.847,0.0,0.0,89.0,578.0
63196.0,2.0,-3.0388,3.876,-0.13016,0.1271,6.0,-0.8662,0.0,0.0,89.0,572.0
63206.0,2.0,-2.9913,3.955,-0.12844,0.1931,6.0,-0.8547,0.0,0.0,89.0,571.0
63216.0,2.0,-2.9775,3.577,-0.1263,0.2531,6.0,-0.8744,0.0,0.0,89.0,594.0
63227.0,2.0,-2.9222,3.635,-0.12353,0.3131,6.0,-0.8631,0.0,0.0,89.0,578.0
63237.0,2.0,-2.8931,3.423,-0.12019,0.3731,6.0,-0.8689,0.0,0.0,89.0,571.0
63247.0,2.0,-2.9084,2.606,-0.11621,0.4331,6.0,-0.9092,0.0,0.0,89.0,573.0
63257.0,2.0,-2.8394,2.518,-0.11168,0.4931,6.0,-0.9075,0.0,0.0,89.0,578.0
63267.0,2.0,-2.7796,3.876,-0.10601,0.5591,6.0,-0.8091,0.0,0.0,89.0,578.0
63277.0,2.0,-2.7888,3.236,-0.1002,0.6191,6.0,-0.8416,0.0,0.0,89.0,578.0
63288.0,2.0,-2.7704,2.456,-0.09383,0.6791,6.0,-0.8779,0.0,0.0,89.0,572.0
63298.0,2.0,-2.7412,2.375,-0.08685,0.7388,5.892,-0.8731,0.0,0.0,89.0,586.0
63308.0,2.0,-2.7013,2.697,-0.07928,0.7963,5.617,-0.8448,0.0,0.0,89.0,586.0
63318.0,2.0,-2.6983,2.478,-0.07035,0.8561,5.289,-0.8449,0.0,0.0,89.0,562.0
63328.0,2.0,-2.6906,1.958,-0.06161,0.907,4.903,-0.8617,0.0,0.0,89.0,586.0
63339.0,2.0,-2.6906,1.433,-0.05243,0.953,4.314,-0.8766,0.0,0.0,89.0,585.0
63349.0,2.0,-2.6937,0.914,-0.04283,0.9911,3.34,-0.8889,0.0,0.0,89.0,594.0
63359.0,2.0,-2.7013,0.421,-0.03293,1.0179,2.14,-0.8984,0.0,0.0,89.0,579.0
63369.0,2.0,-2.7121,-0.016,-0.02276,1.0327,0.94,-0.9049,0.0,0.0,89.0,594.0
63379.0,2.0,-2.7274,-0.473,-0.01148,1.0351,-0.38,-0.9101,0.0,0.0,89.0,602.0
63390.0,2.0,-2.7397,-0.782,-0.00128,1.0247,-1.58,-0.9133,0.0,0.0,89.0,602.0
63400.0,2.0,-2.755,-0.989,0.00878,1.0023,-2.78,-0.9162,0.0,0.0,89.0,587.0
63410.0,2.0,-2.7704,-1.171,0.0195,0.9638,-4.1,-0.9194,0.0,0.0,89.0,586.0
63420.0,2.0,-2.7842,-1.276,0.02884,0.9203,-4.528,-0.9228,0.0,0.0,89.0,594.0
63431.0,2.0,-2.801,-1.376,0.03776,0.8729,-4.888,-0.9262,0.0,0.0,89.0,596.0
63441.0,2.0,-2.821,-1.506,0.04616,0.8221,-5.237,-0.929,0.0,0.0,89.0,589.0
63451.0,2.0,-2.8455,-1.705,0.05483,0.7623,-5.604,-0.9309,0.0,0.0,89.0,578.0
63461.0,2.0,-2.8701,-1.926,0.0621,0.7046,-5.896,-0.9312,0.0,0.0,89.0,586.0
63472.0,2.0,-2.8946,-2.117,0.06881,0.6447,-6.0,-0.9315,0.0,0.0,89.0,586.0
63482.0,2.0,-2.9192,-2.235,0.07493,0.5847,-6.0,-0.9331,0.0,0.0,89.0,587.0
63492.0,2.0,-2.9376,-2.244,0.08048,0.5247,-6.0,-0.9376,0.0,0.0,89.0,586.0
63502.0,2.0,-2.9606,-2.17,0.08584,0.4587,-6.0,-0.9444,0.0,0.0,89.0,585.0
63512.0,2.0,-2.979,-2.107,0.09015,0.3987,-6.0,-0.9499,0.0,0.0,89.0,586.0
63523.0,2.0,-3.0005,-2.068,0.09383,0.3387,-6.0,-0.9542,0.0,0.0,89.0,570.0
63533.0,2.0,-3.0204,-2.051,0.09694,0.2787,-6.0,-0.9574,0.0,0.0,89.0,585.0
63543.0,2.0,-3.0419,-2.054,0.09941,0.2187,-6.0,-0.9595,0.0,0.0,89.0,593.0
63553.0,2.0,-3.0649,-2.166,0.10133,0.1587,-6.0,-0.9576,0.0,0.0,89.0,602.0
63563.0,2.0,-3.0986,-2.384,0.10264,0.0987,-6.0,-0.951,0.0,0.0,89.0,580.0
63573.0,2.0,-3.1401,-2.699,0.10339,0.0327,-6.0,-0.9383,0.0,0.0,89.0,580.0
63583.0,2.0,3.117,-2.865,0.10346,-0.0273,-6.0,-0.9302,0.0,0.0,89.0,580.0
63594.0,2.0,3.1032,-2.747,0.10294,-0.0873,-6.0,-0.9348,0.0,0.0,89.0,578.0
63604.0,2.0,3.0818,-2.331,0.10181,-0.1473,-6.0,-0.952,0.0,0.0,89.0,577.0
63614.0,2.0,3.0496,-2.41,0.10009,-0.2073,-6.0,-0.9468,0.0,0.0,89.0,593.0
63624.0,2.0,3.0189,-2.699,0.0975,-0.2733,-6.0,-0.9303,0.0,0.0,89.0,593.0
63634.0,2.0,2.9744,-3.072,0.09454,-0.3333,-6.0,-0.906,0.0,0.0,89.0,572.0
63644.0,2.0,2.913,-3.706,0.09098,-0.3933,-6.0,-0.8593,0.0,0.0,89.0,580.0
63655.0,2.0,2.8547,-4.231,0.08685,-0.4533,-6.0,-0.8102,0.0,0.0,89.0,580.0
63665.0,2.0,2.798,-4.798,0.08209,-0.5116,-5.704,-0.7476,0.0,0.0,89.0,586.0
63675.0,2.0,2.7627,-4.775,0.07624,-0.5728,-5.464,-0.7306,0.0,0.0,89.0,577.0
63685.0,2.0,2.7274,-4.425,0.07031,-0.6264,-5.284,-0.7438,0.0,0.0,89.0,578.0
63695.0,2.0,2.6967,-4.021,0.0639,-0.6782,-5.095,-0.7599,0.0,0.0,89.0,588.0
63706.0,2.0,2.6722,-3.557,0.057,-0.7281,-4.894,-0.7791,0.0,0.0,89.0,576.0
63716.0,2.0,2.6523,-3.112,0.04958,-0.7758,-4.661,-0.7951,0.0,0.0,89.0,572.0
63726.0,2.0,2.6277,-2.826,0.0417,-0.8209,-4.388,-0.7993,0.0,0.0,89.0,579.0
63736.0,2.0,2.6078,-2.546,0.03251,-0.8672,-4.056,-0.8015,0.0,0.0,89.0,579.0
63746.0,2.0,2.597,-2.198,0.02378,-0.9059,-3.711,-0.8088,0.0,0.0,89.0,578.0
63756.0,2.0,2.5909,-1.785,0.01463,-0.9407,-3.269,-0.819,0.0,0.0,89.0,586.0
63767.0,2.0,2.5894,-1.327,0.00521,-0.97,-2.631,-0.8304,0.0,0.0,89.0,578.0
63777.0,2.0,2.5924,-0.855,-0.00446,-0.9913,-1.653,-0.8412,0.0,0.0,89.0,578.0
63787.0,2.0,2.6001,-0.413,-0.01436,-1.0013,-0.467,-0.8498,0.0,0.0,89.0,585.0
63797.0,2.0,2.6093,0.012,-0.02426,-0.9994,0.733,-0.8572,0.0,0.0,89.0,594.0
63807.0,2.0,2.6231,0.423,-0.0351,-0.9834,2.053,-0.8634,0.0,0.0,89.0,586.0
63817.0,2.0,2.6369,0.735,-0.04478,-0.9563,3.253,-0.8681,0.0,0.0,89.0,594.0
63828.0,2.0,2.6477,0.925,-0.05408,-0.9171,4.453,-0.8724,0.0,0.0,89.0,586.0
63838.0,2.0,2.6645,1.074,-0.06296,-0.8687,5.105,-0.8767,0.0,0.0,89.0,595.0
63848.0,2.0,2.6906,1.455,-0.07211,-0.8078,5.817,-0.8802,0.0,0.0,89.0,586.0
63859.0,2.0,2.7121,1.655,-0.07984,-0.7482,6.0,-0.8843,0.0,0.0,89.0,586.0
63869.0,2.0,2.7366,1.921,-0.087,-0.6882,6.0,-0.887,0.0,0.0,89.0,594.0
63879.0,2.0,2.7658,2.15,-0.09356,-0.6282,6.0,-0.8896,0.0,0.0,89.0,602.0
63889.0,2.0,2.7934,2.366,-0.09953,-0.5682,6.0,-0.8919,0.0,0.0,89.0,594.0
63899.0,2.0,2.8302,2.661,-0.10537,-0.5022,6.0,-0.8914,0.0,0.0,89.0,585.0
63909.0,2.0,2.8624,2.836,-0.11006,-0.4422,6.0,-0.8929,0.0,0.0,89.0,586.0
63919.0,2.0,2.8992,3.071,-0.11419,-0.3822,6.0,-0.8907,0.0,0.0,89.0,586.0
63930.0,2.0,2.9483,3.449,-0.11771,-0.3222,6.0,-0.8795,0.0,0.0,89.0,586.0
63940.0,2.0,2.9928,3.844,-0.12064,-0.2622,6.0,-0.8637,0.0,0.0,89.0,585.0
63950.0,2.0,3.0235,3.808,-0.12319,-0.1962,6.0,-0.8714,0.0,0.0,89.0,609.0
63960.0,2.0,3.0726,3.929,-0.12488,-0.1362,6.0,-0.8671,0.0,0.0,89.0,586.0
63970.0,2.0,3.0894,3.735,-0.12596,-0.0762,6.0,-0.8814,0.0,0.0,89.0,602.0
63981.0,2.0,-3.1355,3.827,-0.12645,-0.0162,6.0,-0.876,0.0,0.0,89.0,594.0
63991.0,2.0,-3.1293,3.511,-0.12634,0.0438,6.0,-0.8952,0.0,0.0,89.0,572.0
64001.0,2.0,-3.0925,3.145,-0.12555,0.1098,6.0,-0.9146,0.0,0.0,89.0,601.0
64011.0,2.0,-3.0649,2.975,-0.1242,0.1698,6.0,-0.9216,0.0,0.0,89.0,584.0
64022.0,2.0,-3.0311,2.885,-0.12229,0.2298,6.0,-0.9236,0.0,0.0,89.0,572.0
64032.0,2.0,-2.9652,3.585,-0.11974,0.2898,6.0,-0.878,0.0,0.0,89.0,592.0
64042.0,2.0,-2.9483,3.73,-0.11663,0.3498,6.0,-0.8613,0.0,0.0,89.0,594.0
64052.0,2.0,-2.9299,3.219,-0.11291,0.4098,6.0,-0.8873,0.0,0.0,89.0,594.0
64062.0,2.0,-2.8777,3.234,-0.10811,0.4758,6.0,-0.878,0.0,0.0,89.0,579.0
64072.0,2.0,-2.8317,3.647,-0.10316,0.5358,6.0,-0.8406,0.0,0.0,89.0,577.0
64082.0,2.0,-2.8087,3.627,-0.09761,0.5958,6.0,-0.8303,0.0,0.0,89.0,585.0
64093.0,2.0,-2.8164,2.748,-0.09143,0.6558,6.0,-0.876,0.0,0.0,89.0,582.0
64103.0,2.0,-2.8149,1.84,-0.08467,0.7152,5.78,-0.9132,0.0,0.0,89.0,591.0
64113.0,2.0,-2.7964,1.419,-0.07736,0.7701,5.288,-0.924,0.0,0.0,89.0,594.0
64123.0,2.0,-2.7336,2.147,-0.06874,0.8281,5.286,-0.8872,0.0,0.0,89.0,578.0
64133.0,2.0,-2.6967,2.924,-0.0603,0.8796,5.003,-0.8338,0.0,0.0,89.0,578.0
64143.0,2.0,-2.6906,2.837,-0.05138,0.9278,4.687,-0.8266,0.0,0.0,89.0,594.0
64154.0,2.0,-2.6937,2.189,-0.042,0.9729,4.333,-0.8518,0.0,0.0,89.0,595.0
64164.0,2.0,-2.686,1.581,-0.03221,1.0133,3.784,-0.8714,0.0,0.0,89.0,588.0
64174.0,2.0,-2.6891,1.055,-0.021,1.05,2.881,-0.884,0.0,0.0,89.0,577.0
64184.0,2.0,-2.6952,0.559,-0.01046,1.0724,1.704,-0.8941,0.0,0.0,89.0,596.0
64195.0,2.0,-2.7029,0.12,0.00015,1.0828,0.504,-0.9012,0.0,0.0,89.0,586.0
64205.0,2.0,-2.7167,-0.329,0.012,1.0804,-0.816,-0.9069,0.0,0.0,89.0,612.0
64215.0,2.0,-2.732,-0.702,0.02261,1.0657,-2.016,-0.9106,0.0,0.0,89.0,586.0
64225.0,2.0,-2.7504,-1.04,0.03304,1.0389,-3.216,-0.9132,0.0,0.0,89.0,609.0
64236.0,2.0,-2.7719,-1.357,0.04316,1.0001,-4.416,-0.9151,0.0,0.0,89.0,585.0
64246.0,2.0,-2.7934,-1.614,0.05288,0.9495,-5.544,-0.9168,0.0,0.0,89.0,585.0
64256.0,2.0,-2.8195,-1.869,0.06289,0.8859,-5.954,-0.9183,0.0,0.0,89.0,592.0
64267.0,2.0,-2.8455,-2.072,0.0714,0.8259,-6.0,-0.9195,0.0,0.0,89.0,594.0
64277.0,2.0,-2.8716,-2.246,0.07935,0.7659,-6.0,-0.9208,0.0,0.0,89.0,580.0
64287.0,2.0,-2.9008,-2.414,0.08666,0.7059,-6.0,-0.9214,0.0,0.0,89.0,596.0
64297.0,2.0,-2.9299,-2.56,0.09341,0.6459,-6.0,-0.9219,0.0,0.0,89.0,602.0
64307.0,2.0,-2.9575,-2.665,0.09953,0.5859,-6.0,-0.9231,0.0,0.0,89.0,586.0
64317.0,2.0,-2.9867,-2.745,0.10508,0.5259,-6.0,-0.9244,0.0,0.0,89.0,586.0
64327.0,2.0,-3.0173,-2.826,0.11003,0.4659,-6.0,-0.9248,0.0,0.0,89.0,580.0
64337.0,2.0,-3.045,-2.807,0.11479,0.3999,-6.0,-0.929,0.0,0.0,89.0,583.0
64347.0,2.0,-3.071,-2.748,0.11846,0.3399,-6.0,-0.9338,0.0,0.0,89.0,594.0
64358.0,2.0,-3.094,-2.686,0.12158,0.2799,-6.0,-0.9381,0.0,0.0,89.0,586.0
64368.0,2.0,-3.1201,-2.62,0.12409,0.2199,-6.0,-0.9418,0.0,0.0,89.0,603.0
64378.0,2.0,-3.1385,-2.508,0.12615,0.1539,-6.0,-0.9468,0.0,0.0,89.0,601.0
64388.0,2.0,3.114,-2.471,0.12743,0.0939,-6.0,-0.9479,0.0,0.0,89.0,586.0
64398.0,2.0,3.0787,-2.621,0.1281,0.0339,-6.0,-0.94,0.0,0.0,89.0,580.0
64409.0,2.0,3.0327,-3.013,0.12818,-0.0261,-6.0,-0.9181,0.0,0.0,89.0,572.0
64419.0,2.0,3.0127,-3.206,0.12765,-0.0861,-6.0,-0.9035,0.0,0.0,89.0,572.0
64429.0,2.0,3.0311,-2.298,0.12641,-0.1521,-6.0,-0.9453,0.0,0.0,89.0,593.0
64439.0,2.0,3.0158,-1.416,0.12465,-0.2121,-6.0,-0.9745,0.0,0.0,89.0,572.0
64450.0,2.0,2.9575,-2.17,0.12229,-0.2721,-6.0,-0.9454,0.0,0.0,89.0,571.0
64460.0,2.0,2.9468,-2.112,0.11933,-0.3321,-6.0,-0.9439,0.0,0.0,89.0,556.0
64470.0,2.0,2.9207,-2.289,0.11539,-0.3981,-6.0,-0.9312,0.0,0.0,89.0,572.0
64481.0,2.0,2.8946,-2.398,0.11123,-0.4581,-6.0,-0.9205,0.0,0.0,89.0,572.0
64491.0,2.0,2.8394,-2.765,0.10643,-0.5181,-6.0,-0.8948,0.0,0.0,89.0,571.0
64501.0,2.0,2.8072,-3.203,0.10103,-0.5781,-6.0,-0.8595,0.0,0.0,89.0,572.0
64511.0,2.0,2.7673,-3.536,0.09443,-0.6441,-6.0,-0.8241,0.0,0.0,89.0,572.0
64521.0,2.0,2.7366,-3.544,0.08783,-0.7038,-5.895,-0.8099,0.0,0.0,89.0,586.0
64532.0,2.0,2.709,-3.44,0.08059,-0.7613,-5.631,-0.8027,0.0,0.0,89.0,580.0
64542.0,2.0,2.6937,-2.973,0.072,-0.8216,-5.354,-0.8189,0.0,0.0,89.0,600.0
64552.0,2.0,2.6615,-2.72,0.06364,-0.8735,-5.06,-0.8218,0.0,0.0,89.0,578.0
64562.0,2.0,2.6323,-2.684,0.05479,-0.9224,-4.741,-0.8111,0.0,0.0,89.0,578.0
64573.0,2.0,2.62,-2.49,0.04545,-0.9679,-4.403,-0.8095,0.0,0.0,89.0,571.0
64583.0,2.0,2.6154,-2.001,0.0357,-1.0097,-3.989,-0.8245,0.0,0.0,89.0,572.0
64593.0,2.0,2.6124,-1.448,0.02452,-1.0498,-3.326,-0.8398,0.0,0.0,89.0,587.0
64604.0,2.0,2.6124,-1.031,0.01402,-1.0773,-2.217,-0.849,0.0,0.0,89.0,555.0
64614.0,2.0,2.6154,-0.646,0.00326,-1.0929,-1.017,-0.8563,0.0,0.0,89.0,555.0
64624.0,2.0,2.6231,-0.261,-0.00758,-1.0965,0.183,-0.863,0.0,0.0,89.0,555.0
64634.0,2.0,2.6338,0.15,-0.0195,-1.0866,1.503,-0.8695,0.0,0.0,89.0,563.0
64644.0,2.0,2.6461,0.502,-0.03023,-1.0649,2.703,-0.8746,0.0,0.0,89.0,571.0
64654.0,2.0,2.6615,0.821,-0.04061,-1.0313,3.903,-0.8789,0.0,0.0,89.0,571.0
64665.0,2.0,2.6768,1.053,-0.05059,-0.9857,5.103,-0.8829,0.0,0.0,89.0,562.0
64675.0,2.0,2.6983,1.299,-0.06011,-0.9286,6.0,-0.8866,0.0,0.0,89.0,547.0
64685.0,2.0,2.7197,1.579,-0.06904,-0.8686,6.0,-0.8896,0.0,0.0,89.0,548.0
64695.0,2.0,2.7412,1.783,-0.07819,-0.8026,6.0,-0.8939,0.0,0.0,89.0,563.0
64705.0,2.0,2.7688,1.966,-0.08588,-0.7426,6.0,-0.8973,0.0,0.0,89.0,563.0
64715.0,2.0,2.7949,2.193,-0.093,-0.6826,6.0,-0.8992,0.0,0.0,89.0,573.0
64726.0,2.0,2.8256,2.403,-0.09949,-0.6226,6.0,-0.9007,0.0,0.0,89.0,563.0
64736.0,2.0,2.8563,2.624,-0.10537,-0.5626,6.0,-0.9009,0.0,0.0,89.0,556.0
64746.0,2.0,2.8931,2.831,-0.11119,-0.4966,6.0,-0.901,0.0,0.0,89.0,555.0
64757.0,2.0,2.9284,3.079,-0.11584,-0.4366,6.0,-0.8972,0.0,0.0,89.0,557.0
64767.0,2.0,2.9713,3.321,-0.11989,-0.3766,6.0,-0.8917,0.0,0.0,89.0,563.0
64777.0,2.0,3.0235,3.719,-0.12338,-0.3166,6.0,-0.875,0.0,0.0,89.0,563.0
64787.0,2.0,3.0695,4.08,-0.12649,-0.2506,6.0,-0.8566,0.0,0.0,89.0,556.0
64797.0,2.0,3.114,4.234,-0.1287,-0.1906,6.0,-0.848,0.0,0.0,89.0,565.0
64807.0,2.0,-3.117,4.442,-0.13035,-0.1306,6.0,-0.8328,0.0,0.0,89.0,572.0
64817.0,2.0,-3.0695,4.717,-0.13136,-0.0706,6.0,-0.8085,0.0,0.0,89.0,571.0
64828.0,2.0,-3.0265,4.497,-0.13181,-0.0106,6.0,-0.8219,0.0,0.0,89.0,571.0
64838.0,2.0,-3.0066,4.156,-0.13162,0.0494,6.0,-0.8424,0.0,0.0,89.0,572.0
64848.0,2.0,-2.9621,4.078,-0.13088,0.1094,6.0,-0.8413,0.0,0.0,89.0,593.0
64858.0,2.0,-2.9529,3.46,-0.12953,0.1694,6.0,-0.8769,0.0,0.0,89.0,581.0
64868.0,2.0,-2.9008,3.306,-0.12739,0.2354,6.0,-0.8785,0.0,0.0,89.0,578.0
64878.0,2.0,-2.9038,2.685,-0.1248,0.2954,6.0,-0.9076,0.0,0.0,89.0,594.0
64889.0,2.0,-2.8532,2.792,-0.12161,0.3554,6.0,-0.8949,0.0,0.0,89.0,594.0
64899.0,2.0,-2.8118,3.431,-0.11783,0.4154,6.0,-0.8456,0.0,0.0,89.0,577.0
64909.0,2.0,-2.8471,2.329,-0.11299,0.4814,6.0,-0.8996,0.0,0.0,89.0,592.0
64920.0,2.0,-2.844,1.122,-0.10796,0.5414,6.0,-0.9417,0.0,0.0,89.0,578.0
64930.0,2.0,-2.7949,1.347,-0.10234,0.6008,6.0,-0.9312,0.0,0.0,89.0,591.0
64940.0,2.0,-2.7428,2.276,-0.09615,0.6608,6.0,-0.8866,0.0,0.0,89.0,586.0
64950.0,2.0,-2.7182,2.937,-0.08936,0.7207,5.967,-0.839,0.0,0.0,89.0,584.0
64960.0,2.0,-2.7167,2.604,-0.08198,0.7789,5.701,-0.8472,0.0,0.0,89.0,578.0
64970.0,2.0,-2.7167,1.867,-0.07316,0.8393,5.279,-0.8744,0.0,0.0,89.0,593.0
64980.0,2.0,-2.7182,1.228,-0.06465,0.8885,4.545,-0.8931,0.0,0.0,89.0,594.0
64990.0,2.0,-2.7259,0.638,-0.05569,0.9276,3.375,-0.9063,0.0,0.0,89.0,594.0
65000.0,2.0,-2.7366,0.125,-0.04635,0.9548,2.175,-0.9147,0.0,0.0,89.0,610.0
65011.0,2.0,-2.752,-0.365,-0.03683,0.9699,0.975,-0.9202,0.0,0.0,89.0,586.0
65021.0,2.0,-2.7673,-0.772,-0.02723,0.9731,-0.225,-0.9234,0.0,0.0,89.0,585.0
65031.0,2.0,-2.7796,-1.005,-0.01661,0.9627,-1.545,-0.9262,0.0,0.0,89.0,616.0
65041.0,2.0,-2.7934,-1.127,-0.0072,0.9407,-2.745,-0.929,0.0,0.0,89.0,586.0
65052.0,2.0,-2.8072,-1.202,0.00199,0.9072,-3.657,-0.9322,0.0,0.0,89.0,577.0
65062.0,2.0,-2.8241,-1.303,0.01084,0.8686,-4.031,-0.9351,0.0,0.0,89.0,578.0
65072.0,2.0,-2.8409,-1.422,0.01928,0.8263,-4.388,-0.9377,0.0,0.0,89.0,588.0
65082.0,2.0,-2.8624,-1.581,0.02723,0.7805,-4.733,-0.9394,0.0,0.0,89.0,586.0
65092.0,2.0,-2.8885,-1.808,0.03548,0.7263,-5.081,-0.9397,0.0,0.0,89.0,587.0
65102.0,2.0,-2.913,-2.004,0.04245,0.674,-5.338,-0.9395,0.0,0.0,89.0,595.0
65113.0,2.0,-2.9314,-2.081,0.04886,0.6195,-5.532,-0.9418,0.0,0.0,89.0,586.0
65123.0,2.0,-2.9498,-2.024,0.05475,0.5633,-5.679,-0.9475,0.0,0.0,89.0,585.0
65133.0,2.0,-2.9698,-1.974,0.0606,0.5,-5.82,-0.9528,0.0,0.0,89.0,594.0
65144.0,2.0,-2.9897,-1.937,0.06529,0.4411,-5.93,-0.957,0.0,0.0,89.0,594.0
65154.0,2.0,-3.0081,-1.93,0.06941,0.3813,-6.0,-0.9599,0.0,0.0,89.0,602.0
65164.0,2.0,-3.0281,-1.921,0.07294,0.3213,-6.0,-0.9625,0.0,0.0,89.0,602.0
65174.0,2.0,-3.045,-1.912,0.07609,0.2553,-6.0,-0.9649,0.0,0.0,89.0,610.0
65184.0,2.0,-3.0726,-1.954,0.07838,0.1953,-6.0,-0.9652,0.0,0.0,89.0,596.0
65195.0,2.0,-3.094,-2.146,0.08006,0.1353,-6.0,-0.9601,0.0,0.0,89.0,593.0
65205.0,2.0,-3.1401,-2.628,0.08119,0.0693,-6.0,-0.9416,0.0,0.0,89.0,609.0
65215.0,2.0,3.0879,-3.209,0.08164,0.0093,-6.0,-0.9119,0.0,0.0,89.0,580.0
65226.0,2.0,3.1155,-2.635,0.08145,-0.0507,-6.0,-0.9396,0.0,0.0,89.0,571.0
65236.0,2.0,3.0787,-2.087,0.0807,-0.1107,-6.0,-0.9612,0.0,0.0,89.0,572.0
65246.0,2.0,3.048,-2.247,0.07935,-0.1707,-6.0,-0.9533,0.0,0.0,89.0,572.0
65256.0,2.0,3.0097,-2.572,0.07717,-0.2367,-6.0,-0.9361,0.0,0.0,89.0,594.0
65267.0,2.0,2.9667,-3.021,0.07455,-0.2962,-5.889,-0.9088,0.0,0.0,89.0,580.0
65277.0,2.0,2.936,-3.34,0.0714,-0.3541,-5.724,-0.8836,0.0,0.0,89.0,578.0
65287.0,2.0,2.8685,-3.777,0.06765,-0.4103,-5.514,-0.8459,0.0,0.0,89.0,571.0
65297.0,2.0,2.8057,-4.534,0.06289,-0.469,-5.198,-0.7725,0.0,0.0,89.0,572.0
65307.0,2.0,2.778,-4.506,0.05805,-0.5198,-5.001,-0.7592,0.0,0.0,89.0,578.0
65318.0,2.0,2.7474,-4.149,0.05269,-0.569,-4.841,-0.7731,0.0,0.0,89.0,578.0
65328.0,2.0,2.7182,-3.81,0.04684,-0.6164,-4.66,-0.7841,0.0,0.0,89.0,578.0
65338.0,2.0,2.6937,-3.466,0.04054,-0.6619,-4.461,-0.7942,0.0,0.0,89.0,562.0
65348.0,2.0,2.6753,-3.028,0.03383,-0.7054,-4.251,-0.8099,0.0,0.0,89.0,556.0
65358.0,2.0,2.6569,-2.708,0.02662,-0.7466,-3.999,-0.8168,0.0,0.0,89.0,594.0
65368.0,2.0,2.6292,-2.498,0.0183,-0.7887,-3.693,-0.8153,0.0,0.0,89.0,570.0
65379.0,2.0,2.617,-2.207,0.01035,-0.824,-3.38,-0.8196,0.0,0.0,89.0,556.0
65389.0,2.0,2.6108,-1.792,0.00203,-0.8556,-2.97,-0.83,0.0,0.0,89.0,586.0
65399.0,2.0,2.6078,-1.327,-0.00746,-0.8846,-2.328,-0.8409,0.0,0.0,89.0,601.0
65409.0,2.0,2.6093,-0.936,-0.01627,-0.9036,-1.519,-0.8489,0.0,0.0,89.0,577.0
65419.0,2.0,2.6154,-0.51,-0.02528,-0.9128,-0.386,-0.8572,0.0,0.0,89.0,588.0
65430.0,2.0,2.6246,-0.077,-0.03431,-0.91,0.814,-0.8648,0.0,0.0,89.0,587.0
65440.0,2.0,2.64,0.357,-0.04324,-0.8953,2.014,-0.8711,0.0,0.0,89.0,586.0
65450.0,2.0,2.6523,0.72,-0.05205,-0.8685,3.214,-0.8759,0.0,0.0,89.0,602.0
65460.0,2.0,2.663,0.918,-0.06131,-0.8253,4.534,-0.8803,0.0,0.0,89.0,610.0
65470.0,2.0,2.6845,1.115,-0.06926,-0.7748,5.334,-0.8843,0.0,0.0,89.0,601.0
65481.0,2.0,2.7059,1.412,-0.07669,-0.7181,5.893,-0.8876,0.0,0.0,89.0,594.0
65491.0,2.0,2.7305,1.741,-0.08419,-0.6522,6.0,-0.8903,0.0,0.0,89.0,585.0
65501.0,2.0,2.7581,2.0,-0.09037,-0.5922,6.0,-0.8925,0.0,0.0,89.0,586.0
65511.0,2.0,2.7872,2.245,-0.096,-0.5322,6.0,-0.8942,0.0,0.0,89.0,608.0
65522.0,2.0,2.8195,2.514,-0.10099,-0.4722,6.0,-0.8942,0.0,0.0,89.0,588.0
65532.0,2.0,2.8517,2.74,-0.10541,-0.4122,6.0,-0.8943,0.0,0.0,89.0,586.0
65542.0,2.0,2.8931,3.02,-0.1092,-0.3522,6.0,-0.8907,0.0,0.0,89.0,588.0
65552.0,2.0,2.9391,3.397,-0.11273,-0.2862,6.0,-0.881,0.0,0.0,89.0,602.0
65563.0,2.0,2.9652,3.393,-0.11531,-0.2262,6.0,-0.8877,0.0,0.0,89.0,586.0
65573.0,2.0,3.0127,3.595,-0.11726,-0.1662,6.0,-0.882,0.0,0.0,89.0,586.0
65583.0,2.0,3.045,3.816,-0.11865,-0.1062,6.0,-0.873,0.0,0.0,89.0,580.0
65593.0,2.0,3.0894,3.694,-0.11947,-0.0462,6.0,-0.8831,0.0,0.0,89.0,586.0
65603.0,2.0,3.1094,3.693,-0.11963,0.0198,6.0,-0.8845,0.0,0.0,89.0,601.0
65613.0,2.0,-3.1201,3.433,-0.11918,0.0798,6.0,-0.9002,0.0,0.0,89.0,587.0
65623.0,2.0,-3.1109,3.417,-0.11813,0.1398,6.0,-0.9,0.0,0.0,89.0,594.0
65634.0,2.0,-3.1124,2.486,-0.11648,0.1998,6.0,-0.9465,0.0,0.0,89.0,593.0
65644.0,2.0,-3.0357,2.929,-0.11426,0.2598,6.0,-0.9235,0.0,0.0,89.0,577.0
65654.0,2.0,-3.0112,3.448,-0.11141,0.3198,6.0,-0.89,0.0,0.0,89.0,600.0
65664.0,2.0,-2.9974,2.971,-0.10763,0.3858,6.0,-0.9128,0.0,0.0,89.0,593.0
65675.0,2.0,-2.9652,2.685,-0.10354,0.4458,6.0,-0.9234,0.0,0.0,89.0,593.0
65685.0,2.0,-2.9452,2.5,-0.09889,0.5058,6.0,-0.9278,0.0,0.0,89.0,579.0
65695.0,2.0,-2.9345,2.37,-0.09307,0.5718,6.0,-0.9283,0.0,0.0,89.0,593.0
65706.0,2.0,-2.913,2.104,-0.08715,0.6318,6.0,-0.9352,0.0,0.0,89.0,574.0
65716.0,2.0,-2.8808,2.12,-0.08063,0.6908,5.81,-0.9296,0.0,0.0,89.0,593.0
65726.0,2.0,-2.8363,2.638,-0.07354,0.7477,5.583,-0.898,0.0,0.0,89.0,594.0
65736.0,0.0,-2.778,3.485,-0.0669,0.0,0.0,-0.8479,0.0,0.0,89.0,539.0
65746.0,0.0,-2.7765,3.346,-0.0669,0.0,0.0,-0.8479,0.0,0.0,89.0,499.0
65756.0,0.0,-2.7642,2.585,-0.0669,0.0,0.0,-0.8479,0.0,0.0,89.0,514.0
65766.0,0.0,-2.7366,2.35,-0.0669,0.0,0.0,-0.8479,0.0,0.0,89.0,514.0
65777.0,0.0,-2.7167,2.292,-0.0669,0.0,0.0,-0.8479,0.0,0.0,89.0,498.0
65787.0,0.0,-2.7136,1.89,-0.0669,0.0,0.0,-0.8479,0.0,0.0,89.0,504.0
65797.0,0.0,-2.7151,1.365,-0.0669,0.0,0.0,-0.8479,0.0,0.0,89.0,515.0
65807.0,0.0,-2.7167,0.877,-0.0669,0.0,0.0,-0.8479,0.0,0.0,89.0,515.0
65817.0,0.0,-2.7259,0.401,-0.0669,0.0,0.0,-0.8479,0.0,0.0,89.0,520.0
65827.0,0.0,-2.7351,-0.023,-0.0669,0.0,0.0,-0.8479,0.0,0.0,89.0,498.0
65837.0,0.0,-2.7504,-0.436,-0.0669,0.0,0.0,-0.8479,0.0,0.0,89.0,513.0
65848.0,0.0,-2.7627,-0.737,-0.0669,0.0,0.0,-0.8479,0.0,0.0,89.0,497.0
65858.0,0.0,-2.7796,-1.021,-0.0669,0.0,0.0,-0.8479,0.0,0.0,89.0,512.0
65868.0,0.0,-2.798,-1.281,-0.0669,0.0,0.0,-0.8479,0.0,0.0,89.0,514.0
65878.0,0.0,-2.8225,-1.539,-0.0669,0.0,0.0,-0.8479,0.0,0.0,89.0,497.0
65888.0,0.0,-2.844,-1.762,-0.0669,0.0,0.0,-0.8479,0.0,0.0,89.0,499.0
65899.0,0.0,-2.867,-1.936,-0.0669,0.0,0.0,-0.8479,0.0,0.0,89.0,499.0
65909.0,0.0,-2.8916,-2.083,-0.0669,0.0,0.0,-0.8479,0.0,0.0,89.0,498.0
65919.0,0.0,-2.9161,-2.206,-0.0669,0.0,0.0,-0.8479,0.0,0.0,89.0,520.0
65929.0,0.0,-2.9452,-2.326,-0.0669,0.0,0.0,-0.8479,0.0,0.0,89.0,520.0
65940.0,0.0,-2.9713,-2.418,-0.0669,0.0,0.0,-0.8479,0.0,0.0,89.0,512.0
65950.0,0.0,-2.9974,-2.5,-0.0669,0.0,0.0,-0.8479,0.0,0.0,89.0,515.0
65960.0,0.0,-3.0204,-2.498,-0.0669,0.0,0.0,-0.8479,0.0,0.0,89.0,498.0
65970.0,0.0,-3.045,-2.468,-0.0669,0.0,0.0,-0.8479,0.0,0.0,89.0,520.0
65980.0,0.0,-3.0695,-2.447,-0.0669,0.0,0.0,-0.8479,0.0,0.0,89.0,498.0
65991.0,0.0,-3.0925,-2.383,-0.0669,0.0,0.0,-0.8479,0.0,0.0,89.0,498.0
66001.0,0.0,-3.1124,-2.301,-0.0669,0.0,0.0,-0.8479,0.0,0.0,89.0,515.0
66011.0,0.0,-3.1324,-2.211,-0.0669,0.0,0.0,-0.8479,0.0,0.0,89.0,498.0
66021.0,0.0,3.1309,-2.104,-0.0669,0.0,0.0,-0.8479,0.0,0.0,89.0,499.0
66031.0,0.0,3.1063,-2.086,-0.0669,0.0,0.0,-0.8479,0.0,0.0,89.0,512.0
66041.0,0.0,3.0772,-2.237,-0.0669,0.0,0.0,-0.8479,0.0,0.0,89.0,520.0
66052.0,0.0,3.0419,-2.552,-0.0669,0.0,0.0,-0.8479,0.0,0.0,89.0,520.0
66062.0,0.0,3.0127,-2.752,-0.0669,0.0,0.0,-0.8479,0.0,0.0,89.0,515.0
66072.0,0.0,3.0265,-2.262,-0.0669,0.0,0.0,-0.8479,0.0,0.0,89.0,512.0
66083.0,0.0,2.9959,-1.876,-0.0669,0.0,0.0,-0.8479,0.0,0.0,89.0,498.0
66093.0,0.0,2.9698,-1.925,-0.0669,0.0,0.0,-0.8479,0.0,0.0,89.0,499.0
66103.0,0.0,2.9422,-2.102,-0.0669,0.0,0.0,-0.8479,0.0,0.0,89.0,512.0
66113.0,0.0,2.9038,-2.369,-0.0669,0.0,0.0,-0.8479,0.0,0.0,89.0,499.0
66123.0,0.0,2.8501,-3.161,-0.0669,0.0,0.0,-0.8479,0.0,0.0,89.0,520.0
66133.0,0.0,2.8149,-3.558,-0.0669,0.0,0.0,-0.8479,0.0,0.0,89.0,498.0
66143.0,0.0,2.775,-3.635,-0.0669,0.0,0.0,-0.8479,0.0,0.0,89.0,512.0
66154.0,0.0,2.7474,-3.622,-0.0669,0.0,0.0,-0.8479,0.0,0.0,89.0,514.0
66164.0,0.0,2.7213,-3.379,-0.0669,0.0,0.0,-0.8479,0.0,0.0,89.0,498.0
66174.0,0.0,2.6921,-3.171,-0.0669,0.0,0.0,-0.8479,0.0,0.0,89.0,498.0
66184.0,0.0,2.6768,-2.84,-0.0669,0.0,0.0,-0.8479,0.0,0.0,89.0,512.0
66194.0,0.0,2.6645,-2.345,-0.0669,0.0,0.0,-0.8479,0.0,0.0,89.0,514.0
66204.0,0.0,2.6584,-1.851,-0.0669,0.0,0.0,-0.8479,0.0,0.0,89.0,520.0
66215.0,0.0,2.6553,-1.387,-0.0669,0.0,0.0,-0.8479,0.0,0.0,89.0,515.0
66225.0,0.0,2.6569,-0.957,-0.0669,0.0,0.0,-0.8479,0.0,0.0,89.0,520.0
66235.0,0.0,2.6569,-0.615,-0.0669,0.0,0.0,-0.8479,0.0,0.0,89.0,498.0
66245.0,0.0,2.6584,-0.316,-0.0669,0.0,0.0,-0.8479,0.0,0.0,89.0,498.0
66255.0,0.0,2.6615,-0.14,-0.0669,0.0,0.0,-0.8479,0.0,0.0,89.0,520.0
66266.0,0.0,2.6768,0.198,-0.0669,0.0,0.0,-0.8479,0.0,0.0,89.0,515.0
66276.0,0.0,2.6906,0.594,-0.0669,0.0,0.0,-0.8479,0.0,0.0,89.0,504.0
66286.0,0.0,2.7059,0.856,-0.0669,0.0,0.0,-0.8479,0.0,0.0,89.0,520.0
66297.0,0.0,2.7228,1.126,-0.0669,0.0,0.0,-0.8479,0.0,0.0,89.0,515.0
66307.0,0.0,2.7428,1.361,-0.0669,0.0,0.0,-0.8479,0.0,0.0,89.0,520.0
66317.0,0.0,2.7642,1.59,-0.0669,0.0,0.0,-0.8479,0.0,0.0,89.0,498.0
66327.0,0.0,2.7872,1.815,-0.0669,0.0,0.0,-0.8479,0.0,0.0,89.0,512.0
66337.0,0.0,2.821,2.133,-0.0669,0.0,0.0,-0.8479,0.0,0.0,89.0,520.0
66348.0,0.0,2.844,2.357,-0.0669,0.0,0.0,-0.8479,0.0,0.0,89.0,512.0
66358.0,0.0,2.8701,2.372,-0.0669,0.0,0.0,-0.8479,0.0,0.0,89.0,514.0
66368.0,0.0,2.9008,2.522,-0.0669,0.0,0.0,-0.8479,0.0,0.0,89.0,515.0
66378.0,0.0,2.9314,2.635,-0.0669,0.0,0.0,-0.8479,0.0,0.0,89.0,520.0
66389.0,0.0,2.9652,2.83,-0.0669,0.0,0.0,-0.8479,0.0,0.0,89.0,515.0
66399.0,0.0,3.0005,3.016,-0.0669,0.0,0.0,-0.8479,0.0,0.0,89.0,498.0
66409.0,0.0,3.0434,3.294,-0.0669,0.0,0.0,-0.8479,0.0,0.0,89.0,499.0
66420.0,0.0,3.0802,3.44,-0.0669,0.0,0.0,-0.8479,0.0,0.0,89.0,499.0
66430.0,0.0,3.1232,3.643,-0.0669,0.0,0.0,-0.8479,0.0,0.0,89.0,514.0
66440.0,0.0,-3.1155,3.861,-0.0669,0.0,0.0,-0.8479,0.0,0.0,89.0,498.0
66450.0,0.0,-3.0726,4.036,-0.0669,0.0,0.0,-0.8479,0.0,0.0,89.0,515.0
66460.0,0.0,-3.0526,3.838,-0.0669,0.0,0.0,-0.8479,0.0,0.0,89.0,520.0
66470.0,0.0,-3.0112,3.624,-0.0669,0.0,0.0,-0.8479,0.0,0.0,89.0,520.0
66481.0,0.0,-2.9851,3.35,-0.0669,0.0,0.0,-0.8479,0.0,0.0,89.0,499.0
66491.0,0.0,-2.9606,3.105,-0.0669,0.0,0.0,-0.8479,0.0,0.0,89.0,504.0
66501.0,0.0,-2.933,2.932,-0.0669,0.0,0.0,-0.8479,0.0,0.0,89.0,498.0
66511.0,0.0,-2.9069,2.776,-0.0669,0.0,0.0,-0.8479,0.0,0.0,89.0,498.0
66522.0,0.0,-2.8839,2.665,-0.0669,0.0,0.0,-0.8479,0.0,0.0,89.0,498.0
66532.0,0.0,-2.8609,2.555,-0.0669,0.0,0.0,-0.8479,0.0,0.0,89.0,520.0
66542.0,0.0,-2.8379,2.454,-0.0669,0.0,0.0,-0.8479,0.0,0.0,89.0,519.0
66552.0,0.0,-2.8103,2.398,-0.0669,0.0,0.0,-0.8479,0.0,0.0,89.0,519.0
66563.0,0.0,-2.7872,2.405,-0.0669,0.0,0.0,-0.8479,0.0,0.0,89.0,512.0
66573.0,0.0,-2.7719,2.253,-0.0669,0.0,0.0,-0.8479,0.0,0.0,89.0,507.0
66583.0,0.0,-2.7612,1.98,-0.0669,0.0,0.0,-0.8479,0.0,0.0,89.0,498.0
66593.0,0.0,-2.7535,1.617,-0.0669,0.0,0.0,-0.8479,0.0,0.0,89.0,519.0
66604.0,0.0,-2.7458,1.343,-0.0669,0.0,0.0,-0.8479,0.0,0.0,89.0,499.0
66614.0,0.0,-2.7412,1.089,-0.0669,0.0,0.0,-0.8479,0.0,0.0,89.0,519.0
66624.0,0.0,-2.7397,0.832,-0.0669,0.0,0.0,-0.8479,0.0,0.0,89.0,498.0
66634.0,0.0,-2.7428,0.535,-0.0669,0.0,0.0,-0.8479,0.0,0.0,89.0,519.0
66644.0,0.0,-2.7489,0.187,-0.0669,0.0,0.0,-0.8479,0.0,0.0,89.0,514.0
66655.0,0.0,-2.7612,-0.153,-0.0669,0.0,0.0,-0.8479,0.0,0.0,89.0,497.0
66665.0,0.0,-2.7734,-0.503,-0.0669,0.0,0.0,-0.8479,0.0,0.0,89.0,519.0
66675.0,0.0,-2.7918,-0.855,-0.0669,0.0,0.0,-0.8479,0.0,0.0,89.0,519.0
66685.0,0.0,-2.8118,-1.194,-0.0669,0.0,0.0,-0.8479,0.0,0.0,89.0,497.0
66695.0,0.0,-2.8333,-1.491,-0.0669,0.0,0.0,-0.8479,0.0,0.0,89.0,519.0
66705.0,0.0,-2.8578,-1.76,-0.0669,0.0,0.0,-0.8479,0.0,0.0,89.0,520.0
66716.0,0.0,-2.8823,-1.995,-0.0669,0.0,0.0,-0.8479,0.0,0.0,89.0,520.0
66726.0,0.0,-2.9084,-2.194,-0.0669,0.0,0.0,-0.8479,0.0,0.0,89.0,515.0
66736.0,0.0,-2.9391,-2.384,-0.0669,0.0,0.0,-0.8479,0.0,0.0,89.0,498.0
66746.0,0.0,-2.9652,-2.493,-0.0669,0.0,0.0,-0.8479,0.0,0.0,89.0,515.0
66757.0,0.0,-2.9974,-2.625,-0.0669,0.0,0.0,-0.8479,0.0,0.0,89.0,498.0
66767.0,0.0,-3.0235,-2.701,-0.0669,0.0,0.0,-0.8479,0.0,0.0,89.0,520.0
66777.0,0.0,-3.0511,-2.721,-0.0669,0.0,0.0,-0.8479,0.0,0.0,89.0,499.0
66787.0,0.0,-3.0772,-2.726,-0.0669,0.0,0.0,-0.8479,0.0,0.0,89.0,499.0
66797.0,0.0,-3.1063,-2.708,-0.0669,0.0,0.0,-0.8479,0.0,0.0,89.0,498.0
66807.0,0.0,-3.1293,-2.628,-0.0669,0.0,0.0,-0.8479,0.0,0.0,89.0,512.0
66818.0,0.0,3.1324,-2.517,-0.0669,0.0,0.0,-0.8479,0.0,0.0,89.0,499.0
66828.0,0.0,3.1109,-2.406,-0.0669,0.0,0.0,-0.8479,0.0,0.0,89.0,520.0
66838.0,0.0,3.0925,-2.264,-0.0669,0.0,0.0,-0.8479,0.0,0.0,89.0,499.0
66848.0,0.0,3.0772,-2.104,-0.0669,0.0,0.0,-0.8479,0.0,0.0,89.0,512.0
66858.0,0.0,3.0588,-1.93,-0.0669,0.0,0.0,-0.8479,0.0,0.0,89.0,520.0
66868.0,0.0,3.0403,-1.848,-0.0669,0.0,0.0,-0.8479,0.0,0.0,89.0,520.0
66879.0,0.0,3.0127,-1.935,-0.0669,0.0,0.0,-0.8479,0.0,0.0,89.0,515.0
66889.0,0.0,2.9805,-2.224,-0.0669,0.0,0.0,-0.8479,0.0,0.0,89.0,515.0
66899.0,0.0,2.9437,-2.61,-0.0669,0.0,0.0,-0.8479,0.0,0.0,89.0,512.0
66909.0,0.0,2.9468,-2.404,-0.0669,0.0,0.0,-0.8479,0.0,0.0,89.0,520.0
66920.0,0.0,2.9729,-1.262,-0.0669,0.0,0.0,-0.8479,0.0,0.0,89.0,499.0
66930.0,0.0,2.959,-0.612,-0.0669,0.0,0.0,-0.8479,0.0,0.0,89.0,504.0
66940.0,0.0,2.9422,-0.787,-0.0669,0.0,0.0,-0.8479,0.0,0.0,89.0,520.0
66950.0,0.0,2.9238,-1.043,-0.0669,0.0,0.0,-0.8479,0.0,0.0,89.0,520.0
66960.0,0.0,2.9038,-1.3,-0.0669,0.0,0.0,-0.8479,0.0,0.0,89.0,515.0
66970.0,0.0,2.8624,-1.762,-0.0669,0.0,0.0,-0.8479,0.0,0.0,89.0,512.0
66981.0,0.0,2.8287,-2.388,-0.0669,0.0,0.0,-0.8479,0.0,0.0,89.0,498.0
66991.0,0.0,2.801,-2.685,-0.0669,0.0,0.0,-0.8479,0.0,0.0,89.0,520.0
67001.0,0.0,2.775,-2.766,-0.0669,0.0,0.0,-0.8479,0.0,0.0,89.0,504.0
67011.0,0.0,2.752,-2.636,-0.0669,0.0,0.0,-0.8479,0.0,0.0,89.0,512.0
67021.0,0.0,2.7336,-2.431,-0.0669,0.0,0.0,-0.8479,0.0,0.0,89.0,515.0
67032.0,0.0,2.7197,-2.164,-0.0669,0.0,0.0,-0.8479,0.0,0.0,89.0,504.0
67042.0,0.0,2.7121,-1.83,-0.0669,0.0,0.0,-0.8479,0.0,0.0,89.0,520.0
67052.0,0.0,2.709,-1.428,-0.0669,0.0,0.0,-0.8479,0.0,0.0,89.0,499.0
67062.0,0.0,2.7075,-1.008,-0.0669,0.0,0.0,-0.8479,0.0,0.0,89.0,498.0
67072.0,0.0,2.709,-0.663,-0.0669,0.0,0.0,-0.8479,0.0,0.0,89.0,515.0
67082.0,0.0,2.7136,-0.333,-0.0669,0.0,0.0,-0.8479,0.0,0.0,89.0,520.0
67093.0,0.0,2.7228,0.009,-0.0669,0.0,0.0,-0.8479,0.0,0.0,89.0,515.0
67103.0,0.0,2.732,0.294,-0.0669,0.0,0.0,-0.8479,0.0,0.0,89.0,498.0
67113.0,0.0,2.7428,0.568,-0.0669,0.0,0.0,-0.8479,0.0,0.0,89.0,520.0
67123.0,0.0,2.7596,0.844,-0.0669,0.0,0.0,-0.8479,0.0,0.0,89.0,504.0
67133.0,0.0,2.778,1.11,-0.0669,0.0,0.0,-0.8479,0.0,0.0,89.0,515.0
67144.0,0.0,2.7964,1.376,-0.0669,0.0,0.0,-0.8479,0.0,0.0,89.0,514.0
67154.0,0.0,2.8103,1.449,-0.0669,0.0,0.0,-0.8479,0.0,0.0,89.0,504.0
67164.0,0.0,2.8379,1.657,-0.0669,0.0,0.0,-0.8479,0.0,0.0,89.0,512.0
67174.0,0.0,2.8563,1.821,-0.0669,0.0,0.0,-0.8479,0.0,0.0,89.0,514.0
67185.0,0.0,2.8839,1.981,-0.0669,0.0,0.0,-0.8479,0.0,0.0,89.0,498.0
67195.0,0.0,2.9084,2.177,-0.0669,0.0,0.0,-0.8479,0.0,0.0,89.0,504.0
67205.0,0.0,2.9345,2.293,-0.0669,0.0,0.0,-0.8479,0.0,0.0,89.0,504.0
67215.0,0.0,2.9667,2.536,-0.0669,0.0,0.0,-0.8479,0.0,0.0,89.0,515.0
67225.0,0.0,2.9913,2.623,-0.0669,0.0,0.0,-0.8479,0.0,0.0,89.0,499.0
67235.0,0.0,3.025,2.701,-0.0669,0.0,0.0,-0.8479,0.0,0.0,89.0,520.0
67246.0,0.0,3.0588,2.88,-0.0669,0.0,0.0,-0.8479,0.0,0.0,89.0,514.0
67256.0,0.0,3.0925,3.044,-0.0669,0.0,0.0,-0.8479,0.0,0.0,89.0,507.0
67266.0,0.0,-3.1309,3.507,-0.0669,0.0,0.0,-0.8479,0.0,0.0,89.0,499.0
67276.0,0.0,-3.0741,4.099,-0.0669,0.0,0.0,-0.8479,0.0,0.0,89.0,520.0
67287.0,0.0,-3.0388,4.395,-0.0669,0.0,0.0,-0.8479,0.0,0.0,89.0,498.0
67297.0,0.0,-3.0311,3.735,-0.0669,0.0,0.0,-0.8479,0.0,0.0,89.0,514.0
67307.0,0.0,-3.0127,3.022,-0.0669,0.0,0.0,-0.8479,0.0,0.0,89.0,520.0
67317.0,0.0,-2.9729,2.905,-0.0669,0.0,0.0,-0.8479,0.0,0.0,89.0,504.0
67327.0,0.0,-2.9483,2.99,-0.0669,0.0,0.0,-0.8479,0.0,0.0,89.0,515.0
67337.0,0.0,-2.9253,2.631,-0.0669,0.0,0.0,-0.8479,0.0,0.0,89.0,520.0
67347.0,0.0,-2.9038,2.585,-0.0669,0.0,0.0,-0.8479,0.0,0.0,89.0,520.0
67358.0,0.0,-2.887,2.262,-0.0669,0.0,0.0,-0.8479,0.0,0.0,89.0,502.0
67368.0,0.0,-2.8655,2.229,-0.0669,0.0,0.0,-0.8479,0.0,0.0,89.0,520.0
67378.0,0.0,-2.8532,2.009,-0.0669,0.0,0.0,-0.8479,0.0,0.0,89.0,498.0
67388.0,0.0,-2.8287,1.953,-0.0669,0.0,0.0,-0.8479,0.0,0.0,89.0,515.0
67398.0,0.0,-2.8179,1.841,-0.0669,0.0,0.0,-0.8479,0.0,0.0,89.0,519.0
67409.0,0.0,-2.8087,1.572,-0.0669,0.0,0.0,-0.8479,0.0,0.0,89.0,519.0
67419.0,0.0,-2.7934,1.458,-0.0669,0.0,0.0,-0.8479,0.0,0.0,89.0,504.0
67429.0,0.0,-2.7811,1.415,-0.0669,0.0,0.0,-0.8479,0.0,0.0,89.0,497.0
67439.0,0.0,-2.778,1.22,-0.0669,0.0,0.0,-0.8479,0.0,0.0,89.0,499.0
67449.0,0.0,-2.7796,0.84,-0.0669,0.0,0.0,-0.8479,0.0,0.0,89.0,514.0
67459.0,0.0,-2.778,0.542,-0.0669,0.0,0.0,-0.8479,0.0,0.0,89.0,514.0
67469.0,0.0,-2.7811,0.364,-0.0669,0.0,0.0,-0.8479,0.0,0.0,89.0,519.0
67480.0,0.0,-2.7888,0.078,-0.0669,0.0,0.0,-0.8479,0.0,0.0,89.0,519.0
67490.0,0.0,-2.801,-0.281,-0.0669,0.0,0.0,-0.8479,0.0,0.0,89.0,514.0
67500.0,0.0,-2.8195,-0.695,-0.0669,0.0,0.0,-0.8479,0.0,0.0,89.0,499.0
67510.0,0.0,-2.8379,-1.058,-0.0669,0.0,0.0,-0.8479,0.0,0.0,89.0,519.0
67521.0,0.0,-2.8593,-1.375,-0.0669,0.0,0.0,-0.8479,0.0,0.0,89.0,498.0
67531.0,0.0,-2.8839,-1.686,-0.0669,0.0,0.0,-0.8479,0.0,0.0,89.0,506.0
