t_ms,mode,theta,theta_dot,x,v,accel,energy,z1,z2,agc,loop_us
315485.0,0.0,3.1278,-0.0,0.07978,0.0,0.0,-1.0,0.0,0.0,103.0,338.0
315496.0,0.0,3.1278,-0.0,0.07978,0.0,0.0,-1.0,0.0,0.0,103.0,337.0
315506.0,0.0,3.1278,-0.0,0.07978,0.0,0.0,-1.0,0.0,0.0,103.0,346.0
315516.0,0.0,3.1278,-0.0,0.07978,0.0,0.0,-1.0,0.0,0.0,103.0,343.0
315526.0,0.0,3.1278,-0.018,0.07978,0.0,0.0,-1.0,0.0,0.0,103.0,344.0
315536.0,0.0,3.1278,0.003,0.07978,0.0,0.0,-1.0,0.0,0.0,103.0,348.0
315547.0,0.0,3.1278,0.003,0.07978,0.0,0.0,-1.0,0.0,0.0,103.0,338.0
315557.0,0.0,3.1278,0.001,0.07978,0.0,0.0,-1.0,0.0,0.0,103.0,348.0
315567.0,0.0,3.1278,0.0,0.07978,0.0,0.0,-1.0,0.0,0.0,103.0,347.0
315577.0,0.0,3.1278,0.0,0.07978,0.0,0.0,-1.0,0.0,0.0,103.0,337.0
315587.0,0.0,3.1278,0.0,0.07978,0.0,0.0,-1.0,0.0,0.0,103.0,345.0
315597.0,0.0,3.1278,-0.0,0.07978,0.0,0.0,-1.0,0.0,0.0,103.0,336.0
315607.0,0.0,3.1278,-0.0,0.07978,0.0,0.0,-1.0,0.0,0.0,103.0,345.0
315618.0,0.0,3.1278,-0.0,0.07978,0.0,0.0,-1.0,0.0,0.0,103.0,344.0
315628.0,0.0,3.1278,-0.0,0.07978,0.0,0.0,-1.0,0.0,0.0,103.0,343.0
315638.0,0.0,3.1278,-0.0,0.07978,0.0,0.0,-1.0,0.0,0.0,103.0,346.0
315648.0,0.0,3.1278,-0.0,0.07978,0.0,0.0,-1.0,0.0,0.0,103.0,345.0
315658.0,0.0,3.1278,-0.0,0.07978,0.0,0.0,-1.0,0.0,0.0,103.0,336.0
315668.0,0.0,3.1278,-0.0,0.07978,0.0,0.0,-1.0,0.0,0.0,103.0,345.0
315679.0,0.0,3.1278,0.0,0.07978,0.0,0.0,-1.0,0.0,0.0,103.0,344.0
315689.0,0.0,3.1278,0.004,0.07978,0.0,0.0,-1.0,0.0,0.0,103.0,343.0
315699.0,0.0,3.1278,0.002,0.07978,0.0,0.0,-1.0,0.0,0.0,103.0,346.0
315709.0,0.0,3.1278,0.001,0.07978,0.0,0.0,-1.0,0.0,0.0,103.0,345.0
315719.0,0.0,3.1278,0.0,0.07978,0.0,0.0,-1.0,0.0,0.0,103.0,346.0
315729.0,0.0,3.1278,0.0,0.07978,0.0,0.0,-1.0,0.0,0.0,103.0,345.0
315740.0,0.0,3.1278,-0.0,0.07978,0.0,0.0,-1.0,0.0,0.0,103.0,344.0
315750.0,0.0,3.1278,-0.0,0.07978,0.0,0.0,-1.0,0.0,0.0,103.0,343.0
315760.0,0.0,3.1278,-0.0,0.07978,0.0,0.0,-1.0,0.0,0.0,103.0,346.0
315770.0,0.0,3.1263,-0.024,0.07978,0.0,0.0,-1.0,0.0,0.0,103.0,345.0
315780.0,0.0,3.1278,0.003,0.07978,0.0,0.0,-1.0,0.0,0.0,103.0,336.0
315790.0,0.0,3.1278,0.003,0.07978,0.0,0.0,-1.0,0.0,0.0,103.0,345.0
315801.0,0.0,3.1278,0.001,0.07978,0.0,0.0,-1.0,0.0,0.0,103.0,344.0
315811.0,0.0,3.1278,0.001,0.07978,0.0,0.0,-1.0,0.0,0.0,103.0,345.0
315821.0,0.0,3.1263,-0.024,0.07978,0.0,0.0,-1.0,0.0,0.0,103.0,336.0
315831.0,0.0,3.1278,0.003,0.07978,0.0,0.0,-1.0,0.0,0.0,103.0,343.0
315841.0,0.0,3.1278,0.003,0.07978,0.0,0.0,-1.0,0.0,0.0,103.0,344.0
315851.0,0.0,3.1278,0.001,0.07978,0.0,0.0,-1.0,0.0,0.0,103.0,345.0
315861.0,0.0,3.1278,0.0,0.07978,0.0,0.0,-1.0,0.0,0.0,103.0,336.0
315871.0,0.0,3.1278,0.0,0.07978,0.0,0.0,-1.0,0.0,0.0,103.0,347.0
315882.0,0.0,3.1278,0.0,0.07978,0.0,0.0,-1.0,0.0,0.0,103.0,337.0
315892.0,0.0,3.1278,-0.0,0.07978,0.0,0.0,-1.0,0.0,0.0,103.0,345.0
315902.0,0.0,3.1263,-0.024,0.07978,0.0,0.0,-1.0,0.0,0.0,103.0,344.0
315912.0,0.0,3.1278,0.003,0.07978,0.0,0.0,-1.0,0.0,0.0,103.0,337.0
315922.0,0.0,3.1278,0.003,0.07978,0.0,0.0,-1.0,0.0,0.0,103.0,346.0
315932.0,0.0,3.1278,0.001,0.07978,0.0,0.0,-1.0,0.0,0.0,103.0,337.0
315942.0,0.0,3.1278,0.0,0.07978,0.0,0.0,-1.0,0.0,0.0,103.0,338.0
315952.0,0.0,3.1278,0.0,0.07978,0.0,0.0,-1.0,0.0,0.0,103.0,337.0
315963.0,0.0,3.1278,-0.018,0.07978,0.0,0.0,-1.0,0.0,0.0,103.0,338.0
315973.0,0.0,3.1278,0.003,0.07978,0.0,0.0,-1.0,0.0,0.0,103.0,337.0
315983.0,0.0,3.1278,0.003,0.07978,0.0,0.0,-1.0,0.0,0.0,103.0,338.0
315993.0,0.0,3.1278,0.001,0.07978,0.0,0.0,-1.0,0.0,0.0,103.0,337.0
316003.0,0.0,3.1278,0.0,0.07978,0.0,0.0,-1.0,0.0,0.0,103.0,346.0
316013.0,0.0,3.1278,0.0,0.07978,0.0,0.0,-1.0,0.0,0.0,103.0,345.0
316023.0,0.0,3.1278,0.0,0.07978,0.0,0.0,-1.0,0.0,0.0,103.0,336.0
316033.0,0.0,3.1278,-0.0,0.07978,0.0,0.0,-1.0,0.0,0.0,103.0,346.0
316044.0,0.0,3.1278,-0.0,0.07978,0.0,0.0,-1.0,0.0,0.0,103.0,338.0
316054.0,0.0,3.1278,-0.0,0.07978,0.0,0.0,-1.0,0.0,0.0,103.0,347.0
316064.0,0.0,3.1278,-0.0,0.07978,0.0,0.0,-1.0,0.0,0.0,103.0,345.0
316074.0,0.0,3.1278,-0.0,0.07978,0.0,0.0,-1.0,0.0,0.0,103.0,344.0
316084.0,0.0,3.1278,-0.0,0.07978,0.0,0.0,-1.0,0.0,0.0,103.0,346.0
316094.0,0.0,3.1278,-0.0,0.07978,0.0,0.0,-1.0,0.0,0.0,103.0,345.0
316104.0,0.0,3.1278,-0.0,0.07978,0.0,0.0,-1.0,0.0,0.0,103.0,345.0
316115.0,0.0,3.1278,0.001,0.07978,0.0,0.0,-1.0,0.0,0.0,103.0,344.0
316125.0,0.0,3.1278,0.003,0.07978,0.0,0.0,-1.0,0.0,0.0,103.0,339.0
316135.0,0.0,3.1278,0.002,0.07978,0.0,0.0,-1.0,0.0,0.0,103.0,338.0
316145.0,0.0,3.1278,0.001,0.07978,0.0,0.0,-1.0,0.0,0.0,103.0,346.0
316155.0,0.0,3.1278,0.0,0.07978,0.0,0.0,-1.0,0.0,0.0,103.0,345.0
316165.0,0.0,3.1278,0.0,0.07978,0.0,0.0,-1.0,0.0,0.0,103.0,344.0
316176.0,0.0,3.1278,-0.0,0.07978,0.0,0.0,-1.0,0.0,0.0,103.0,343.0
316186.0,0.0,3.1278,-0.0,0.07978,0.0,0.0,-1.0,0.0,0.0,103.0,338.0
316196.0,0.0,3.1278,-0.0,0.07978,0.0,0.0,-1.0,0.0,0.0,103.0,337.0
316206.0,0.0,3.1278,-0.0,0.07978,0.0,0.0,-1.0,0.0,0.0,103.0,346.0
316216.0,0.0,3.1278,-0.0,0.07978,0.0,0.0,-1.0,0.0,0.0,103.0,343.0
316226.0,0.0,3.1278,-0.0,0.07978,0.0,0.0,-1.0,0.0,0.0,103.0,344.0
316236.0,0.0,3.1278,-0.0,0.07978,0.0,0.0,-1.0,0.0,0.0,103.0,343.0
316246.0,0.0,3.1278,-0.0,0.07978,0.0,0.0,-1.0,0.0,0.0,103.0,339.0
316257.0,0.0,3.1278,-0.0,0.07978,0.0,0.0,-1.0,0.0,0.0,103.0,344.0
316267.0,0.0,3.1278,-0.0,0.07978,0.0,0.0,-1.0,0.0,0.0,103.0,343.0
316277.0,0.0,3.1278,-0.0,0.07978,0.0,0.0,-1.0,0.0,0.0,103.0,337.0
316287.0,0.0,3.1278,-0.0,0.07978,0.0,0.0,-1.0,0.0,0.0,103.0,346.0
316297.0,0.0,3.1263,-0.024,0.07978,0.0,0.0,-1.0,0.0,0.0,103.0,347.0
316308.0,0.0,3.1278,0.003,0.07978,0.0,0.0,-1.0,0.0,0.0,103.0,346.0
316318.0,0.0,3.1263,0.009,0.07978,0.0,0.0,-1.0,0.0,0.0,103.0,345.0
316328.0,0.0,3.1278,0.003,0.07978,0.0,0.0,-1.0,0.0,0.0,103.0,337.0
316338.0,0.0,3.1278,-0.007,0.07978,0.0,0.0,-1.0,0.0,0.0,103.0,347.0
316348.0,0.0,3.1278,-0.004,0.07978,0.0,0.0,-1.0,0.0,0.0,103.0,338.0
316359.0,0.0,3.1278,-0.001,0.07978,0.0,0.0,-1.0,0.0,0.0,103.0,337.0
316369.0,0.0,3.1278,-0.001,0.07978,0.0,0.0,-1.0,0.0,0.0,103.0,346.0
316379.0,0.0,3.1278,0.001,0.07978,0.0,0.0,-1.0,0.0,0.0,103.0,343.0
316389.0,0.0,3.1278,-0.007,0.07978,0.0,0.0,-1.0,0.0,0.0,103.0,338.0
316399.0,0.0,3.1278,-0.004,0.07978,0.0,0.0,-1.0,0.0,0.0,103.0,348.0
316409.0,0.0,3.1278,-0.002,0.07978,0.0,0.0,-1.0,0.0,0.0,103.0,346.0
316419.0,0.0,3.1278,-0.001,0.07978,0.0,0.0,-1.0,0.0,0.0,103.0,348.0
316430.0,0.0,3.1278,-0.0,0.07978,0.0,0.0,-1.0,0.0,0.0,103.0,338.0
316440.0,0.0,3.1278,-0.001,0.07978,0.0,0.0,-1.0,0.0,0.0,103.0,348.0
316450.0,0.0,3.1263,0.004,0.07978,0.0,0.0,-1.0,0.0,0.0,103.0,338.0
316460.0,0.0,3.1278,-0.028,0.07978,0.0,0.0,-1.0,0.0,0.0,103.0,337.0
316470.0,0.0,3.1293,0.019,0.07978,0.0,0.0,-1.0,0.0,0.0,103.0,337.0
316480.0,0.0,3.1278,0.032,0.07978,0.0,0.0,-1.0,0.0,0.0,103.0,347.0
316491.0,0.0,3.1278,-0.006,0.07978,0.0,0.0,-1.0,0.0,0.0,103.0,337.0
316501.0,0.0,3.1278,-0.006,0.07978,0.0,0.0,-1.0,0.0,0.0,103.0,347.0
316511.0,0.0,3.1278,-0.002,0.07978,0.0,0.0,-1.0,0.0,0.0,103.0,346.0
316521.0,0.0,3.1278,-0.001,0.07978,0.0,0.0,-1.0,0.0,0.0,103.0,338.0
316531.0,0.0,3.1278,-0.0,0.07978,0.0,0.0,-1.0,0.0,0.0,103.0,337.0
316541.0,0.0,3.1278,0.003,0.07978,0.0,0.0,-1.0,0.0,0.0,103.0,348.0
316552.0,0.0,3.1278,-0.0,0.07978,0.0,0.0,-1.0,0.0,0.0,103.0,337.0
316562.0,0.0,3.1278,-0.006,0.07978,0.0,0.0,-1.0,0.0,0.0,103.0,347.0
316572.0,0.0,3.1278,-0.003,0.07978,0.0,0.0,-1.0,0.0,0.0,103.0,337.0
316582.0,0.0,3.1278,-0.001,0.07978,0.0,0.0,-1.0,0.0,0.0,103.0,347.0
316592.0,0.0,3.1278,-0.0,0.07978,0.0,0.0,-1.0,0.0,0.0,103.0,343.0
316602.0,0.0,3.1278,-0.0,0.07978,0.0,0.0,-1.0,0.0,0.0,103.0,344.0
316612.0,0.0,3.1278,-0.0,0.07978,0.0,0.0,-1.0,0.0,0.0,103.0,338.0
316623.0,0.0,3.1278,0.0,0.07978,0.0,0.0,-1.0,0.0,0.0,103.0,337.0
316633.0,0.0,3.1278,0.0,0.07978,0.0,0.0,-1.0,0.0,0.0,103.0,338.0
316643.0,0.0,3.1278,0.0,0.07978,0.0,0.0,-1.0,0.0,0.0,103.0,337.0
316653.0,0.0,3.1278,0.0,0.07978,0.0,0.0,-1.0,0.0,0.0,103.0,338.0
316663.0,0.0,3.1278,0.0,0.07978,0.0,0.0,-1.0,0.0,0.0,103.0,343.0
316674.0,0.0,3.1278,0.0,0.07978,0.0,0.0,-1.0,0.0,0.0,103.0,338.0
316684.0,0.0,3.1278,0.0,0.07978,0.0,0.0,-1.0,0.0,0.0,103.0,348.0
316694.0,0.0,3.1278,0.0,0.07978,0.0,0.0,-1.0,0.0,0.0,103.0,337.0
316704.0,0.0,3.1278,0.0,0.07978,0.0,0.0,-1.0,0.0,0.0,103.0,343.0
316714.0,0.0,3.1278,0.0,0.07978,0.0,0.0,-1.0,0.0,0.0,103.0,338.0
316724.0,0.0,3.1278,0.0,0.07978,0.0,0.0,-1.0,0.0,0.0,103.0,348.0
316734.0,0.0,3.1278,0.018,0.07978,0.0,0.0,-1.0,0.0,0.0,103.0,346.0
316744.0,0.0,3.1278,-0.003,0.07978,0.0,0.0,-1.0,0.0,0.0,103.0,347.0
316755.0,0.0,3.1278,-0.003,0.07978,0.0,0.0,-1.0,0.0,0.0,103.0,338.0
316765.0,0.0,3.1278,0.002,0.07978,0.0,0.0,-1.0,0.0,0.0,103.0,347.0
316775.0,0.0,3.1278,-0.004,0.07978,0.0,0.0,-1.0,0.0,0.0,103.0,337.0
316785.0,0.0,3.1278,-0.002,0.07978,0.0,0.0,-1.0,0.0,0.0,103.0,345.0
316795.0,0.0,3.1278,-0.001,0.07978,0.0,0.0,-1.0,0.0,0.0,103.0,338.0
316805.0,0.0,3.1293,0.024,0.07978,0.0,0.0,-1.0,0.0,0.0,103.0,344.0
316816.0,0.0,3.1278,-0.003,0.07978,0.0,0.0,-1.0,0.0,0.0,103.0,344.0
316826.0,0.0,3.1278,-0.003,0.07978,0.0,0.0,-1.0,0.0,0.0,103.0,338.0
316836.0,0.0,3.1278,-0.005,0.07978,0.0,0.0,-1.0,0.0,0.0,103.0,346.0
316846.0,0.0,3.1278,0.003,0.07978,0.0,0.0,-1.0,0.0,0.0,103.0,345.0
316856.0,0.0,3.1278,0.002,0.07978,0.0,0.0,-1.0,0.0,0.0,103.0,344.0
316867.0,0.0,3.1278,0.001,0.07978,0.0,0.0,-1.0,0.0,0.0,103.0,345.0
316877.0,0.0,3.1278,0.0,0.07978,0.0,0.0,-1.0,0.0,0.0,103.0,344.0
316887.0,0.0,3.1278,0.0,0.07978,0.0,0.0,-1.0,0.0,0.0,103.0,345.0
316897.0,0.0,3.1278,-0.0,0.07978,0.0,0.0,-1.0,0.0,0.0,103.0,336.0
316907.0,0.0,3.1278,-0.0,0.07978,0.0,0.0,-1.0,0.0,0.0,103.0,343.0
316917.0,0.0,3.1278,-0.0,0.07978,0.0,0.0,-1.0,0.0,0.0,103.0,343.0
316927.0,0.0,3.1278,0.009,0.07978,0.0,0.0,-1.0,0.0,0.0,103.0,338.0
316938.0,0.0,3.1278,-0.004,0.07978,0.0,0.0,-1.0,0.0,0.0,103.0,338.0
316948.0,0.0,3.1278,-0.003,0.07978,0.0,0.0,-1.0,0.0,0.0,103.0,348.0
316958.0,0.0,3.1278,-0.001,0.07978,0.0,0.0,-1.0,0.0,0.0,103.0,338.0
316968.0,0.0,3.1278,-0.0,0.07978,0.0,0.0,-1.0,0.0,0.0,103.0,337.0
316978.0,0.0,3.1278,-0.0,0.07978,0.0,0.0,-1.0,0.0,0.0,103.0,346.0
316988.0,0.0,3.1278,-0.0,0.07978,0.0,0.0,-1.0,0.0,0.0,103.0,345.0
316998.0,0.0,3.1278,0.0,0.07978,0.0,0.0,-1.0,0.0,0.0,103.0,336.0
317008.0,0.0,3.1278,0.0,0.07978,0.0,0.0,-1.0,0.0,0.0,103.0,337.0
317018.0,0.0,3.1278,0.0,0.07978,0.0,0.0,-1.0,0.0,0.0,103.0,346.0
317029.0,0.0,3.1278,0.0,0.07978,0.0,0.0,-1.0,0.0,0.0,103.0,337.0
317039.0,0.0,3.1278,0.0,0.07978,0.0,0.0,-1.0,0.0,0.0,103.0,346.0
317049.0,0.0,3.1278,0.0,0.07978,0.0,0.0,-1.0,0.0,0.0,103.0,343.0
317059.0,0.0,3.1278,0.0,0.07978,0.0,0.0,-1.0,0.0,0.0,103.0,338.0
317069.0,0.0,3.1278,0.0,0.07978,0.0,0.0,-1.0,0.0,0.0,103.0,348.0
317079.0,0.0,3.1278,0.0,0.07978,0.0,0.0,-1.0,0.0,0.0,103.0,337.0
317089.0,0.0,3.1278,0.0,0.07978,0.0,0.0,-1.0,0.0,0.0,103.0,348.0
317100.0,0.0,3.1278,0.0,0.07978,0.0,0.0,-1.0,0.0,0.0,103.0,338.0
317110.0,0.0,3.1278,0.0,0.07978,0.0,0.0,-1.0,0.0,0.0,103.0,348.0
317120.0,0.0,3.1278,0.0,0.07978,0.0,0.0,-1.0,0.0,0.0,103.0,338.0
317130.0,0.0,3.1278,0.006,0.07978,0.0,0.0,-1.0,0.0,0.0,103.0,347.0
317140.0,0.0,3.1278,-0.004,0.07978,0.0,0.0,-1.0,0.0,0.0,103.0,338.0
317151.0,0.0,3.1278,-0.002,0.07978,0.0,0.0,-1.0,0.0,0.0,103.0,337.0
317161.0,0.0,3.1278,-0.001,0.07978,0.0,0.0,-1.0,0.0,0.0,103.0,338.0
317171.0,0.0,3.1278,-0.0,0.07978,0.0,0.0,-1.0,0.0,0.0,103.0,338.0
317181.0,0.0,3.1278,0.009,0.07978,0.0,0.0,-1.0,0.0,0.0,103.0,337.0
317191.0,0.0,3.1278,-0.01,0.07978,0.0,0.0,-1.0,0.0,0.0,103.0,345.0
317201.0,0.0,3.1278,0.001,0.07978,0.0,0.0,-1.0,0.0,0.0,103.0,344.0
317212.0,0.0,3.1278,0.001,0.07978,0.0,0.0,-1.0,0.0,0.0,103.0,345.0
317222.0,0.0,3.1278,0.01,0.07978,0.0,0.0,-1.0,0.0,0.0,103.0,344.0
317232.0,0.0,3.1278,-0.004,0.07978,0.0,0.0,-1.0,0.0,0.0,103.0,338.0
317242.0,0.0,3.1278,-0.002,0.07978,0.0,0.0,-1.0,0.0,0.0,103.0,338.0
317253.0,0.0,3.1278,-0.001,0.07978,0.0,0.0,-1.0,0.0,0.0,103.0,337.0
317263.0,0.0,3.1278,-0.0,0.07978,0.0,0.0,-1.0,0.0,0.0,103.0,337.0
317273.0,0.0,3.1278,-0.0,0.07978,0.0,0.0,-1.0,0.0,0.0,103.0,345.0
317283.0,0.0,3.1278,0.001,0.07978,0.0,0.0,-1.0,0.0,0.0,103.0,344.0
317293.0,0.0,3.1278,-0.004,0.07978,0.0,0.0,-1.0,0.0,0.0,103.0,344.0
317304.0,0.0,3.1278,-0.002,0.07978,0.0,0.0,-1.0,0.0,0.0,103.0,337.0
317314.0,0.0,3.1278,-0.001,0.07978,0.0,0.0,-1.0,0.0,0.0,103.0,347.0
317324.0,0.0,3.1278,-0.0,0.07978,0.0,0.0,-1.0,0.0,0.0,103.0,346.0
317334.0,0.0,3.1278,-0.0,0.07978,0.0,0.0,-1.0,0.0,0.0,103.0,343.0
317344.0,0.0,3.1278,0.0,0.07978,0.0,0.0,-1.0,0.0,0.0,103.0,344.0
317355.0,0.0,3.1278,0.0,0.07978,0.0,0.0,-1.0,0.0,0.0,103.0,343.0
317365.0,0.0,3.1278,0.0,0.07978,0.0,0.0,-1.0,0.0,0.0,103.0,344.0
317375.0,0.0,3.1278,0.0,0.07978,0.0,0.0,-1.0,0.0,0.0,103.0,337.0
317385.0,0.0,3.1278,0.0,0.07978,0.0,0.0,-1.0,0.0,0.0,103.0,337.0
317395.0,0.0,3.1278,0.0,0.07978,0.0,0.0,-1.0,0.0,0.0,103.0,348.0
317406.0,0.0,3.1278,0.0,0.07978,0.0,0.0,-1.0,0.0,0.0,103.0,338.0
317416.0,0.0,3.1278,0.0,0.07978,0.0,0.0,-1.0,0.0,0.0,103.0,348.0
317426.0,0.0,3.1278,0.03,0.07978,0.0,0.0,-1.0,0.0,0.0,103.0,338.0
317436.0,0.0,3.1278,0.011,0.07978,0.0,0.0,-1.0,0.0,0.0,103.0,338.0
317446.0,0.0,3.1278,-0.016,0.07978,0.0,0.0,-1.0,0.0,0.0,103.0,346.0
317456.0,0.0,3.1278,-0.022,0.07978,0.0,0.0,-1.0,0.0,0.0,103.0,337.0
317466.0,0.0,3.1278,-0.01,0.07978,0.0,0.0,-1.0,0.0,0.0,103.0,346.0
317476.0,0.0,3.1278,-0.004,0.07978,0.0,0.0,-1.0,0.0,0.0,103.0,346.0
317487.0,0.0,3.1278,-0.001,0.07978,0.0,0.0,-1.0,0.0,0.0,103.0,346.0
317497.0,0.0,3.1278,-0.0,0.07978,0.0,0.0,-1.0,0.0,0.0,103.0,344.0
317507.0,0.0,3.1278,-0.0,0.07978,0.0,0.0,-1.0,0.0,0.0,103.0,345.0
317517.0,0.0,3.1278,-0.0,0.07978,0.0,0.0,-1.0,0.0,0.0,103.0,345.0
317527.0,0.0,3.1278,0.0,0.07978,0.0,0.0,-1.0,0.0,0.0,103.0,346.0
317537.0,0.0,3.1278,0.0,0.07978,0.0,0.0,-1.0,0.0,0.0,103.0,345.0
317547.0,0.0,3.1293,0.042,0.07978,0.0,0.0,-1.0,0.0,0.0,103.0,344.0
317558.0,0.0,3.1293,0.034,0.07978,0.0,0.0,-1.0,0.0,0.0,103.0,343.0
317568.0,0.0,3.1247,-0.04,0.07978,0.0,0.0,-1.0,0.0,0.0,103.0,338.0
317578.0,0.0,3.1293,0.002,0.07978,0.0,0.0,-1.0,0.0,0.0,103.0,337.0
317588.0,0.0,3.1278,-0.001,0.07978,0.0,0.0,-1.0,0.0,0.0,103.0,338.0
317598.0,0.0,3.1278,-0.01,0.07978,0.0,0.0,-1.0,0.0,0.0,103.0,337.0
317609.0,0.0,3.1278,-0.005,0.07978,0.0,0.0,-1.0,0.0,0.0,103.0,338.0
317619.0,0.0,3.1278,-0.002,0.07978,0.0,0.0,-1.0,0.0,0.0,103.0,348.0
317629.0,0.0,3.1278,0.017,0.07978,0.0,0.0,-1.0,0.0,0.0,103.0,338.0
317639.0,0.0,3.1278,-0.003,0.07978,0.0,0.0,-1.0,0.0,0.0,103.0,347.0
317649.0,0.0,3.1278,-0.003,0.07978,0.0,0.0,-1.0,0.0,0.0,103.0,346.0
317659.0,0.0,3.1278,-0.001,0.07978,0.0,0.0,-1.0,0.0,0.0,103.0,345.0
317669.0,0.0,3.1278,-0.0,0.07978,0.0,0.0,-1.0,0.0,0.0,103.0,346.0
317680.0,0.0,3.1278,-0.0,0.07978,0.0,0.0,-1.0,0.0,0.0,103.0,337.0
317690.0,0.0,3.1278,-0.0,0.07978,0.0,0.0,-1.0,0.0,0.0,103.0,346.0
317700.0,0.0,3.1278,0.002,0.07978,0.0,0.0,-1.0,0.0,0.0,103.0,343.0
317710.0,0.0,3.1278,-0.002,0.07978,0.0,0.0,-1.0,0.0,0.0,103.0,338.0
317720.0,0.0,3.1278,-0.006,0.07978,0.0,0.0,-1.0,0.0,0.0,103.0,337.0
317730.0,0.0,3.1278,-0.003,0.07978,0.0,0.0,-1.0,0.0,0.0,103.0,338.0
317740.0,0.0,3.1278,0.005,0.07978,0.0,0.0,-1.0,0.0,0.0,103.0,348.0
317751.0,0.0,3.1278,-0.001,0.07978,0.0,0.0,-1.0,0.0,0.0,103.0,337.0
317761.0,0.0,3.1278,-0.006,0.07978,0.0,0.0,-1.0,0.0,0.0,103.0,345.0
317771.0,0.0,3.1278,-0.002,0.07978,0.0,0.0,-1.0,0.0,0.0,103.0,336.0
317781.0,0.0,3.1278,-0.005,0.07978,0.0,0.0,-1.0,0.0,0.0,103.0,343.0
317791.0,0.0,3.1278,-0.002,0.07978,0.0,0.0,-1.0,0.0,0.0,103.0,338.0
317801.0,0.0,3.1278,0.017,0.07978,0.0,0.0,-1.0,0.0,0.0,103.0,347.0
317811.0,0.0,3.1293,0.021,0.07978,0.0,0.0,-1.0,0.0,0.0,103.0,336.0
317821.0,0.0,3.1278,-0.006,0.07978,0.0,0.0,-1.0,0.0,0.0,103.0,347.0
317832.0,0.0,3.1278,0.001,0.07978,0.0,0.0,-1.0,0.0,0.0,103.0,346.0
317842.0,0.0,3.1278,-0.013,0.07978,0.0,0.0,-1.0,0.0,0.0,103.0,345.0
317852.0,0.0,3.1278,-0.005,0.07978,0.0,0.0,-1.0,0.0,0.0,103.0,343.0
317862.0,0.0,3.1278,-0.009,0.07978,0.0,0.0,-1.0,0.0,0.0,103.0,347.0
317872.0,0.0,3.1278,0.013,0.07978,0.0,0.0,-1.0,0.0,0.0,103.0,343.0
317882.0,0.0,3.1278,-0.008,0.07978,0.0,0.0,-1.0,0.0,0.0,103.0,338.0
317893.0,0.0,3.1278,-0.005,0.07978,0.0,0.0,-1.0,0.0,0.0,103.0,338.0
317903.0,0.0,3.1278,0.015,0.07978,0.0,0.0,-1.0,0.0,0.0,103.0,348.0
317913.0,0.0,3.1278,-0.014,0.07978,0.0,0.0,-1.0,0.0,0.0,103.0,345.0
317923.0,0.0,3.1278,-0.008,0.07978,0.0,0.0,-1.0,0.0,0.0,103.0,344.0
317933.0,0.0,3.1278,-0.003,0.07978,0.0,0.0,-1.0,0.0,0.0,103.0,348.0
317943.0,0.0,3.1278,-0.001,0.07978,0.0,0.0,-1.0,0.0,0.0,103.0,346.0
317953.0,0.0,3.1278,0.003,0.07978,0.0,0.0,-1.0,0.0,0.0,103.0,347.0
317964.0,0.0,3.1278,-0.005,0.07978,0.0,0.0,-1.0,0.0,0.0,103.0,346.0
317974.0,0.0,3.1278,-0.006,0.07978,0.0,0.0,-1.0,0.0,0.0,103.0,346.0
317984.0,0.0,3.1278,-0.003,0.07978,0.0,0.0,-1.0,0.0,0.0,103.0,337.0
317994.0,0.0,3.1278,-0.001,0.07978,0.0,0.0,-1.0,0.0,0.0,103.0,344.0
318004.0,0.0,3.1278,-0.0,0.07978,0.0,0.0,-1.0,0.0,0.0,103.0,339.0
318014.0,0.0,3.1278,-0.0,0.07978,0.0,0.0,-1.0,0.0,0.0,103.0,344.0
318024.0,0.0,3.1278,0.015,0.07978,0.0,0.0,-1.0,0.0,0.0,103.0,339.0
318035.0,0.0,3.1278,-0.007,0.07978,0.0,0.0,-1.0,0.0,0.0,103.0,343.0
318045.0,0.0,3.1278,-0.005,0.07978,0.0,0.0,-1.0,0.0,0.0,103.0,338.0
318055.0,0.0,3.1278,-0.002,0.07978,0.0,0.0,-1.0,0.0,0.0,103.0,337.0
318065.0,0.0,3.1278,-0.001,0.07978,0.0,0.0,-1.0,0.0,0.0,103.0,346.0
318075.0,0.0,3.1278,-0.0,0.07978,0.0,0.0,-1.0,0.0,0.0,103.0,345.0
318085.0,0.0,3.1278,-0.004,0.07978,0.0,0.0,-1.0,0.0,0.0,103.0,344.0
318096.0,0.0,3.1278,0.007,0.07978,0.0,0.0,-1.0,0.0,0.0,103.0,343.0
318106.0,0.0,3.1278,-0.004,0.07978,0.0,0.0,-1.0,0.0,0.0,103.0,338.0
318116.0,0.0,3.1278,-0.003,0.07978,0.0,0.0,-1.0,0.0,0.0,103.0,338.0
318126.0,0.0,3.1278,-0.002,0.07978,0.0,0.0,-1.0,0.0,0.0,103.0,346.0
318136.0,0.0,3.1278,-0.004,0.07978,0.0,0.0,-1.0,0.0,0.0,103.0,348.0
318146.0,0.0,3.1278,-0.002,0.07978,0.0,0.0,-1.0,0.0,0.0,103.0,338.0
318156.0,0.0,3.1278,-0.001,0.07978,0.0,0.0,-1.0,0.0,0.0,103.0,343.0
318167.0,0.0,3.1278,-0.0,0.07978,0.0,0.0,-1.0,0.0,0.0,103.0,338.0
318177.0,0.0,3.1278,0.003,0.07978,0.0,0.0,-1.0,0.0,0.0,103.0,347.0
318187.0,0.0,3.1278,-0.004,0.07978,0.0,0.0,-1.0,0.0,0.0,103.0,337.0
318197.0,0.0,3.1278,-0.002,0.07978,0.0,0.0,-1.0,0.0,0.0,103.0,343.0
318207.0,0.0,3.1278,-0.002,0.07978,0.0,0.0,-1.0,0.0,0.0,103.0,344.0
318218.0,0.0,3.1278,-0.004,0.07978,0.0,0.0,-1.0,0.0,0.0,103.0,344.0
318228.0,0.0,3.1278,-0.002,0.07978,0.0,0.0,-1.0,0.0,0.0,103.0,344.0
318238.0,0.0,3.1278,-0.004,0.07978,0.0,0.0,-1.0,0.0,0.0,103.0,347.0
318248.0,0.0,3.1278,-0.002,0.07978,0.0,0.0,-1.0,0.0,0.0,103.0,338.0
318259.0,0.0,3.1278,-0.004,0.07978,0.0,0.0,-1.0,0.0,0.0,103.0,338.0
318269.0,0.0,3.1278,0.011,0.07978,0.0,0.0,-1.0,0.0,0.0,103.0,338.0
318279.0,0.0,3.1278,-0.004,0.07978,0.0,0.0,-1.0,0.0,0.0,103.0,337.0
318289.0,0.0,3.1278,-0.003,0.07978,0.0,0.0,-1.0,0.0,0.0,103.0,346.0
318299.0,0.0,3.1278,-0.001,0.07978,0.0,0.0,-1.0,0.0,0.0,103.0,345.0
318309.0,0.0,3.1278,0.009,0.07978,0.0,0.0,-1.0,0.0,0.0,103.0,344.0
318320.0,0.0,3.1278,-0.004,0.07978,0.0,0.0,-1.0,0.0,0.0,103.0,343.0
318330.0,0.0,3.1278,-0.003,0.07978,0.0,0.0,-1.0,0.0,0.0,103.0,338.0
318340.0,0.0,3.1278,-0.001,0.07978,0.0,0.0,-1.0,0.0,0.0,103.0,337.0
318350.0,0.0,3.1278,-0.0,0.07978,0.0,0.0,-1.0,0.0,0.0,103.0,337.0
318360.0,0.0,3.1278,-0.0,0.07978,0.0,0.0,-1.0,0.0,0.0,103.0,337.0
318371.0,0.0,3.1278,-0.0,0.07978,0.0,0.0,-1.0,0.0,0.0,103.0,338.0
318381.0,0.0,3.1278,0.004,0.07978,0.0,0.0,-1.0,0.0,0.0,103.0,348.0
318391.0,0.0,3.1278,-0.004,0.07978,0.0,0.0,-1.0,0.0,0.0,103.0,338.0
318401.0,0.0,3.1278,0.007,0.07978,0.0,0.0,-1.0,0.0,0.0,103.0,338.0
318411.0,0.0,3.1278,-0.008,0.07978,0.0,0.0,-1.0,0.0,0.0,103.0,344.0
318421.0,0.0,3.1278,-0.004,0.07978,0.0,0.0,-1.0,0.0,0.0,103.0,348.0
318431.0,0.0,3.1278,-0.002,0.07978,0.0,0.0,-1.0,0.0,0.0,103.0,337.0
318441.0,0.0,3.1278,-0.001,0.07978,0.0,0.0,-1.0,0.0,0.0,103.0,347.0
318452.0,0.0,3.1278,-0.0,0.07978,0.0,0.0,-1.0,0.0,0.0,103.0,346.0
318462.0,0.0,3.1278,-0.0,0.07978,0.0,0.0,-1.0,0.0,0.0,103.0,346.0
318472.0,0.0,3.1278,0.006,0.07978,0.0,0.0,-1.0,0.0,0.0,103.0,336.0
318482.0,0.0,3.1278,-0.004,0.07978,0.0,0.0,-1.0,0.0,0.0,103.0,343.0
318492.0,0.0,3.1278,0.004,0.07978,0.0,0.0,-1.0,0.0,0.0,103.0,338.0
318502.0,0.0,3.1293,0.02,0.07978,0.0,0.0,-1.0,0.0,0.0,103.0,348.0
318512.0,0.0,3.1278,0.004,0.07978,0.0,0.0,-1.0,0.0,0.0,103.0,343.0
318522.0,0.0,3.1278,0.033,0.07978,0.0,0.0,-1.0,0.0,0.0,103.0,343.0
318533.0,0.0,3.1278,0.006,0.07978,0.0,0.0,-1.0,0.0,0.0,103.0,338.0
318543.0,0.0,3.1278,0.007,0.07978,0.0,0.0,-1.0,0.0,0.0,103.0,337.0
318553.0,0.0,3.1293,0.019,0.07978,0.0,0.0,-1.0,0.0,0.0,103.0,336.0
318563.0,0.0,3.1278,-0.018,0.07978,0.0,0.0,-1.0,0.0,0.0,103.0,343.0
318573.0,0.0,3.1278,-0.01,0.07978,0.0,0.0,-1.0,0.0,0.0,103.0,344.0
318584.0,0.0,3.1278,-0.0,0.07978,0.0,0.0,-1.0,0.0,0.0,103.0,343.0
318594.0,0.0,3.1293,0.024,0.07978,0.0,0.0,-1.0,0.0,0.0,103.0,344.0
318604.0,0.0,3.1293,0.013,0.07978,0.0,0.0,-1.0,0.0,0.0,103.0,347.0
318614.0,0.0,3.1278,-0.017,0.07978,0.0,0.0,-1.0,0.0,0.0,103.0,338.0
318625.0,0.0,3.1278,-0.014,0.07978,0.0,0.0,-1.0,0.0,0.0,103.0,338.0
318635.0,0.0,3.1278,0.008,0.07978,0.0,0.0,-1.0,0.0,0.0,103.0,338.0
318645.0,0.0,3.1278,-0.001,0.07978,0.0,0.0,-1.0,0.0,0.0,103.0,337.0
318655.0,0.0,3.1278,-0.003,0.07978,0.0,0.0,-1.0,0.0,0.0,103.0,346.0
318665.0,0.0,3.1278,0.013,0.07978,0.0,0.0,-1.0,0.0,0.0,103.0,348.0
318676.0,0.0,3.1293,-0.008,0.07978,0.0,0.0,-1.0,0.0,0.0,103.0,338.0
318686.0,0.0,3.1278,-0.005,0.07978,0.0,0.0,-1.0,0.0,0.0,103.0,338.0
318696.0,0.0,3.1278,-0.038,0.07978,0.0,0.0,-1.0,0.0,0.0,103.0,346.0
318706.0,0.0,3.1293,0.014,0.07978,0.0,0.0,-1.0,0.0,0.0,103.0,337.0
318716.0,0.0,3.1278,-0.008,0.07978,0.0,0.0,-1.0,0.0,0.0,103.0,338.0
318726.0,0.0,3.1278,0.007,0.07978,0.0,0.0,-1.0,0.0,0.0,103.0,343.0
318737.0,0.0,3.1278,-0.011,0.07978,0.0,0.0,-1.0,0.0,0.0,103.0,338.0
318747.0,0.0,3.1278,-0.006,0.07978,0.0,0.0,-1.0,0.0,0.0,103.0,348.0
318757.0,0.0,3.1278,-0.003,0.07978,0.0,0.0,-1.0,0.0,0.0,103.0,338.0
318767.0,0.0,3.1278,-0.003,0.07978,0.0,0.0,-1.0,0.0,0.0,103.0,347.0
318777.0,0.0,3.1278,0.001,0.07978,0.0,0.0,-1.0,0.0,0.0,103.0,336.0
318787.0,0.0,3.1278,-0.009,0.07978,0.0,0.0,-1.0,0.0,0.0,103.0,345.0
318797.0,0.0,3.1278,-0.005,0.07978,0.0,0.0,-1.0,0.0,0.0,103.0,338.0
318807.0,0.0,3.1278,-0.002,0.07978,0.0,0.0,-1.0,0.0,0.0,103.0,344.0
318818.0,0.0,3.1278,0.003,0.07978,0.0,0.0,-1.0,0.0,0.0,103.0,343.0
318828.0,0.0,3.1278,-0.004,0.07978,0.0,0.0,-1.0,0.0,0.0,103.0,348.0
318838.0,0.0,3.1278,-0.002,0.07978,0.0,0.0,-1.0,0.0,0.0,103.0,338.0
318848.0,0.0,3.1278,-0.001,0.07978,0.0,0.0,-1.0,0.0,0.0,103.0,337.0
318858.0,0.0,3.1278,-0.0,0.07978,0.0,0.0,-1.0,0.0,0.0,103.0,346.0
318868.0,0.0,3.1278,-0.001,0.07978,0.0,0.0,-1.0,0.0,0.0,103.0,344.0
318878.0,0.0,3.1278,-0.003,0.07978,0.0,0.0,-1.0,0.0,0.0,103.0,344.0
318889.0,0.0,3.1278,-0.002,0.07978,0.0,0.0,-1.0,0.0,0.0,103.0,345.0
318899.0,0.0,3.1278,-0.001,0.07978,0.0,0.0,-1.0,0.0,0.0,103.0,344.0
318909.0,0.0,3.1278,0.013,0.07978,0.0,0.0,-1.0,0.0,0.0,103.0,337.0
318919.0,0.0,3.1278,0.006,0.07978,0.0,0.0,-1.0,0.0,0.0,103.0,337.0
318929.0,0.0,3.1278,-0.006,0.07978,0.0,0.0,-1.0,0.0,0.0,103.0,348.0
318940.0,0.0,3.1278,-0.007,0.07978,0.0,0.0,-1.0,0.0,0.0,103.0,338.0
318950.0,0.0,3.1278,-0.005,0.07978,0.0,0.0,-1.0,0.0,0.0,103.0,347.0
318960.0,0.0,3.1278,-0.008,0.07978,0.0,0.0,-1.0,0.0,0.0,103.0,346.0
318970.0,0.0,3.1278,0.002,0.07978,0.0,0.0,-1.0,0.0,0.0,103.0,343.0
318980.0,0.0,3.1278,0.015,0.07978,0.0,0.0,-1.0,0.0,0.0,103.0,344.0
318990.0,0.0,3.1278,-0.002,0.07978,0.0,0.0,-1.0,0.0,0.0,103.0,343.0
319001.0,0.0,3.1278,-0.016,0.07978,0.0,0.0,-1.0,0.0,0.0,103.0,344.0
319011.0,0.0,3.1278,-0.011,0.07978,0.0,0.0,-1.0,0.0,0.0,103.0,348.0
319021.0,0.0,3.1293,0.029,0.07978,0.0,0.0,-1.0,0.0,0.0,103.0,346.0
319031.0,0.0,3.1278,-0.008,0.07978,0.0,0.0,-1.0,0.0,0.0,103.0,343.0
319041.0,0.0,3.1278,-0.006,0.07978,0.0,0.0,-1.0,0.0,0.0,103.0,345.0
319052.0,0.0,3.1278,-0.002,0.07978,0.0,0.0,-1.0,0.0,0.0,103.0,343.0
319062.0,0.0,3.1293,0.023,0.07978,0.0,0.0,-1.0,0.0,0.0,103.0,344.0
319072.0,0.0,3.1278,-0.002,0.07978,0.0,0.0,-1.0,0.0,0.0,103.0,347.0
319082.0,0.0,3.1278,-0.007,0.07978,0.0,0.0,-1.0,0.0,0.0,103.0,346.0
319092.0,0.0,3.1278,-0.003,0.07978,0.0,0.0,-1.0,0.0,0.0,103.0,348.0
319103.0,0.0,3.1278,-0.001,0.07978,0.0,0.0,-1.0,0.0,0.0,103.0,338.0
319113.0,0.0,3.1278,-0.0,0.07978,0.0,0.0,-1.0,0.0,0.0,103.0,348.0
319123.0,0.0,3.1278,0.005,0.07978,0.0,0.0,-1.0,0.0,0.0,103.0,338.0
319133.0,0.0,3.1278,0.002,0.07978,0.0,0.0,-1.0,0.0,0.0,103.0,337.0
319143.0,0.0,3.1278,-0.006,0.07978,0.0,0.0,-1.0,0.0,0.0,103.0,337.0
319153.0,0.0,3.1278,0.002,0.07978,0.0,0.0,-1.0,0.0,0.0,103.0,348.0
319164.0,0.0,3.1293,0.015,0.07978,0.0,0.0,-1.0,0.0,0.0,103.0,338.0
319174.0,0.0,3.1278,-0.008,0.07978,0.0,0.0,-1.0,0.0,0.0,103.0,347.0
319184.0,0.0,3.1278,-0.007,0.07978,0.0,0.0,-1.0,0.0,0.0,103.0,346.0
319194.0,0.0,3.1278,0.002,0.07978,0.0,0.0,-1.0,0.0,0.0,103.0,344.0
319204.0,0.0,3.1278,-0.007,0.07978,0.0,0.0,-1.0,0.0,0.0,103.0,346.0
319214.0,0.0,3.1278,-0.007,0.07978,0.0,0.0,-1.0,0.0,0.0,103.0,347.0
319225.0,0.0,3.1278,-0.003,0.07978,0.0,0.0,-1.0,0.0,0.0,103.0,346.0
319235.0,0.0,3.1278,0.008,0.07978,0.0,0.0,-1.0,0.0,0.0,103.0,345.0
319245.0,0.0,3.1278,-0.006,0.07978,0.0,0.0,-1.0,0.0,0.0,103.0,336.0
319255.0,0.0,3.1278,0.013,0.07978,0.0,0.0,-1.0,0.0,0.0,103.0,344.0
319265.0,0.0,3.1278,-0.009,0.07978,0.0,0.0,-1.0,0.0,0.0,103.0,344.0
319275.0,0.0,3.1278,0.007,0.07978,0.0,0.0,-1.0,0.0,0.0,103.0,345.0
319286.0,0.0,3.1278,0.01,0.07978,0.0,0.0,-1.0,0.0,0.0,103.0,346.0
319296.0,0.0,3.1278,-0.008,0.07978,0.0,0.0,-1.0,0.0,0.0,103.0,345.0
319306.0,0.0,3.1278,-0.008,0.07978,0.0,0.0,-1.0,0.0,0.0,103.0,336.0
319316.0,0.0,3.1278,0.01,0.07978,0.0,0.0,-1.0,0.0,0.0,103.0,345.0
319326.0,0.0,3.1278,0.012,0.07978,0.0,0.0,-1.0,0.0,0.0,103.0,344.0
319337.0,0.0,3.1278,0.006,0.07978,0.0,0.0,-1.0,0.0,0.0,103.0,343.0
319347.0,0.0,3.1278,-0.013,0.07978,0.0,0.0,-1.0,0.0,0.0,103.0,338.0
319357.0,0.0,3.1278,0.003,0.07978,0.0,0.0,-1.0,0.0,0.0,103.0,348.0
319367.0,0.0,3.1278,-0.01,0.07978,0.0,0.0,-1.0,0.0,0.0,103.0,346.0
319377.0,0.0,3.1278,-0.004,0.07978,0.0,0.0,-1.0,0.0,0.0,103.0,337.0
319388.0,0.0,3.1278,-0.008,0.07978,0.0,0.0,-1.0,0.0,0.0,103.0,346.0
319398.0,0.0,3.1278,-0.004,0.07978,0.0,0.0,-1.0,0.0,0.0,103.0,344.0
319408.0,0.0,3.1278,-0.006,0.07978,0.0,0.0,-1.0,0.0,0.0,103.0,344.0
319418.0,0.0,3.1278,0.001,0.07978,0.0,0.0,-1.0,0.0,0.0,103.0,348.0
319428.0,0.0,3.1278,-0.005,0.07978,0.0,0.0,-1.0,0.0,0.0,103.0,337.0
319438.0,0.0,3.1278,-0.001,0.07978,0.0,0.0,-1.0,0.0,0.0,103.0,348.0
319449.0,0.0,3.1278,0.001,0.07978,0.0,0.0,-1.0,0.0,0.0,103.0,338.0
319459.0,0.0,3.1293,0.018,0.07978,0.0,0.0,-1.0,0.0,0.0,103.0,348.0
319469.0,0.0,3.1278,-0.006,0.07978,0.0,0.0,-1.0,0.0,0.0,103.0,345.0
319479.0,0.0,3.1278,-0.004,0.07978,0.0,0.0,-1.0,0.0,0.0,103.0,336.0
319489.0,0.0,3.1278,0.005,0.07978,0.0,0.0,-1.0,0.0,0.0,103.0,343.0
319499.0,0.0,3.1278,0.006,0.07978,0.0,0.0,-1.0,0.0,0.0,103.0,343.0
319510.0,0.0,3.1278,-0.008,0.07978,0.0,0.0,-1.0,0.0,0.0,103.0,343.0
319520.0,0.0,3.1293,0.02,0.07978,0.0,0.0,-1.0,0.0,0.0,103.0,338.0
319530.0,0.0,3.1278,-0.005,0.07978,0.0,0.0,-1.0,0.0,0.0,103.0,348.0
319540.0,0.0,3.1278,-0.007,0.07978,0.0,0.0,-1.0,0.0,0.0,103.0,346.0
319550.0,0.0,3.1278,0.006,0.07978,0.0,0.0,-1.0,0.0,0.0,103.0,344.0
319560.0,0.0,3.1278,0.004,0.07978,0.0,0.0,-1.0,0.0,0.0,103.0,339.0
319570.0,0.0,3.1278,0.007,0.07978,0.0,0.0,-1.0,0.0,0.0,103.0,345.0
319580.0,0.0,3.1278,-0.007,0.07978,0.0,0.0,-1.0,0.0,0.0,103.0,344.0
319591.0,0.0,3.1278,-0.001,0.07978,0.0,0.0,-1.0,0.0,0.0,103.0,345.0
319601.0,0.0,3.1278,0.026,0.07978,0.0,0.0,-1.0,0.0,0.0,103.0,344.0
319611.0,0.0,3.1293,0.015,0.07978,0.0,0.0,-1.0,0.0,0.0,103.0,337.0
319621.0,0.0,3.1278,0.007,0.07978,0.0,0.0,-1.0,0.0,0.0,103.0,346.0
319631.0,0.0,3.1278,-0.009,0.07978,0.0,0.0,-1.0,0.0,0.0,103.0,337.0
319641.0,0.0,3.1278,-0.016,0.07978,0.0,0.0,-1.0,0.0,0.0,103.0,338.0
319652.0,0.0,3.1278,-0.0,0.07978,0.0,0.0,-1.0,0.0,0.0,103.0,337.0
319662.0,0.0,3.1278,0.006,0.07978,0.0,0.0,-1.0,0.0,0.0,103.0,338.0
319672.0,0.0,3.1278,0.002,0.07978,0.0,0.0,-1.0,0.0,0.0,103.0,338.0
319682.0,0.0,3.1278,-0.009,0.07978,0.0,0.0,-1.0,0.0,0.0,103.0,337.0
319692.0,0.0,3.1278,-0.024,0.07978,0.0,0.0,-1.0,0.0,0.0,103.0,345.0
319702.0,0.0,3.1293,0.016,0.07978,0.0,0.0,-1.0,0.0,0.0,103.0,336.0
319712.0,0.0,3.1293,0.012,0.07978,0.0,0.0,-1.0,0.0,0.0,103.0,337.0
319722.0,0.0,3.1278,-0.005,0.07978,0.0,0.0,-1.0,0.0,0.0,103.0,338.0
319732.0,0.0,3.1278,-0.007,0.07978,0.0,0.0,-1.0,0.0,0.0,103.0,338.0
319743.0,0.0,3.1278,-0.017,0.07978,0.0,0.0,-1.0,0.0,0.0,103.0,338.0
319753.0,0.0,3.1309,0.008,0.07978,0.0,0.0,-1.0,0.0,0.0,103.0,347.0
319763.0,0.0,3.1293,0.035,0.07978,0.0,0.0,-1.0,0.0,0.0,103.0,346.0
319773.0,0.0,3.1293,0.003,0.07978,0.0,0.0,-1.0,0.0,0.0,103.0,343.0
319783.0,0.0,3.1278,-0.037,0.07978,0.0,0.0,-1.0,0.0,0.0,103.0,344.0
319793.0,0.0,3.1278,-0.014,0.07978,0.0,0.0,-1.0,0.0,0.0,103.0,343.0
319803.0,0.0,3.1278,0.016,0.07978,0.0,0.0,-1.0,0.0,0.0,103.0,339.0
319814.0,0.0,3.1278,-0.005,0.07978,0.0,0.0,-1.0,0.0,0.0,103.0,343.0
319824.0,0.0,3.1278,-0.015,0.07978,0.0,0.0,-1.0,0.0,0.0,103.0,343.0
319834.0,0.0,3.1293,0.025,0.07978,0.0,0.0,-1.0,0.0,0.0,103.0,337.0
319844.0,0.0,3.1278,0.029,0.07978,0.0,0.0,-1.0,0.0,0.0,103.0,337.0
319854.0,0.0,3.1278,-0.011,0.07978,0.0,0.0,-1.0,0.0,0.0,103.0,348.0
319865.0,0.0,3.1278,-0.019,0.07978,0.0,0.0,-1.0,0.0,0.0,103.0,338.0
319875.0,0.0,3.1278,0.011,0.07978,0.0,0.0,-1.0,0.0,0.0,103.0,348.0
319885.0,0.0,3.1278,-0.006,0.07978,0.0,0.0,-1.0,0.0,0.0,103.0,337.0
319895.0,0.0,3.1278,-0.005,0.07978,0.0,0.0,-1.0,0.0,0.0,103.0,345.0
319905.0,0.0,3.1278,-0.022,0.07978,0.0,0.0,-1.0,0.0,0.0,103.0,343.0
319916.0,0.0,3.1278,-0.011,0.07978,0.0,0.0,-1.0,0.0,0.0,103.0,343.0
319926.0,0.0,3.1278,-0.013,0.07978,0.0,0.0,-1.0,0.0,0.0,103.0,338.0
319936.0,0.0,3.1293,0.013,0.07978,0.0,0.0,-1.0,0.0,0.0,103.0,347.0
319946.0,0.0,3.1278,0.011,0.07978,0.0,0.0,-1.0,0.0,0.0,103.0,346.0
319956.0,0.0,3.1278,0.007,0.07978,0.0,0.0,-1.0,0.0,0.0,103.0,343.0
319966.0,0.0,3.1293,0.003,0.07978,0.0,0.0,-1.0,0.0,0.0,103.0,338.0
319976.0,0.0,3.1278,-0.026,0.07978,0.0,0.0,-1.0,0.0,0.0,103.0,348.0
319986.0,0.0,3.1278,-0.002,0.07978,0.0,0.0,-1.0,0.0,0.0,103.0,346.0
319996.0,0.0,3.1293,0.024,0.07978,0.0,0.0,-1.0,0.0,0.0,103.0,337.0
320006.0,0.0,3.1278,0.002,0.07978,0.0,0.0,-1.0,0.0,0.0,103.0,338.0
320017.0,0.0,3.1278,-0.016,0.07978,0.0,0.0,-1.0,0.0,0.0,103.0,337.0
320027.0,0.0,3.1278,-0.015,0.07978,0.0,0.0,-1.0,0.0,0.0,103.0,338.0
320037.0,0.0,3.1278,-0.014,0.07978,0.0,0.0,-1.0,0.0,0.0,103.0,337.0
320047.0,0.0,3.1278,0.007,0.07978,0.0,0.0,-1.0,0.0,0.0,103.0,337.0
320057.0,0.0,3.1278,-0.013,0.07978,0.0,0.0,-1.0,0.0,0.0,103.0,348.0
320068.0,0.0,3.1293,0.031,0.07978,0.0,0.0,-1.0,0.0,0.0,103.0,338.0
320078.0,0.0,3.1278,-0.001,0.07978,0.0,0.0,-1.0,0.0,0.0,103.0,347.0
320088.0,0.0,3.1293,0.009,0.07978,0.0,0.0,-1.0,0.0,0.0,103.0,346.0
320098.0,0.0,3.1278,-0.022,0.07978,0.0,0.0,-1.0,0.0,0.0,103.0,343.0
320108.0,0.0,3.1278,-0.005,0.07978,0.0,0.0,-1.0,0.0,0.0,103.0,338.0
320118.0,0.0,3.1278,-0.01,0.07978,0.0,0.0,-1.0,0.0,0.0,103.0,347.0
320128.0,0.0,3.1293,0.015,0.07978,0.0,0.0,-1.0,0.0,0.0,103.0,336.0
320138.0,0.0,3.1278,0.003,0.07978,0.0,0.0,-1.0,0.0,0.0,103.0,347.0
320149.0,0.0,3.1278,-0.002,0.07978,0.0,0.0,-1.0,0.0,0.0,103.0,346.0
320159.0,0.0,3.1278,-0.011,0.07978,0.0,0.0,-1.0,0.0,0.0,103.0,347.0
320169.0,0.0,3.1278,-0.02,0.07978,0.0,0.0,-1.0,0.0,0.0,103.0,336.0
320179.0,0.0,3.1278,0.008,0.07978,0.0,0.0,-1.0,0.0,0.0,103.0,343.0
320189.0,0.0,3.1278,-0.017,0.07978,0.0,0.0,-1.0,0.0,0.0,103.0,344.0
320199.0,0.0,3.1278,-0.009,0.07978,0.0,0.0,-1.0,0.0,0.0,103.0,343.0
320210.0,0.0,3.1278,0.011,0.07978,0.0,0.0,-1.0,0.0,0.0,103.0,343.0
320220.0,0.0,3.1278,0.006,0.07978,0.0,0.0,-1.0,0.0,0.0,103.0,348.0
320230.0,0.0,3.1278,-0.001,0.07978,0.0,0.0,-1.0,0.0,0.0,103.0,338.0
320240.0,0.0,3.1278,-0.023,0.07978,0.0,0.0,-1.0,0.0,0.0,103.0,347.0
320250.0,0.0,3.1293,0.013,0.07978,0.0,0.0,-1.0,0.0,0.0,103.0,338.0
320260.0,0.0,3.1278,-0.01,0.07978,0.0,0.0,-1.0,0.0,0.0,103.0,348.0
320270.0,0.0,3.1278,-0.0,0.07978,0.0,0.0,-1.0,0.0,0.0,103.0,337.0
320280.0,0.0,3.1278,-0.023,0.07978,0.0,0.0,-1.0,0.0,0.0,103.0,348.0
320291.0,0.0,3.1278,0.005,0.07978,0.0,0.0,-1.0,0.0,0.0,103.0,338.0
320301.0,0.0,3.1278,0.005,0.07978,0.0,0.0,-1.0,0.0,0.0,103.0,348.0
320311.0,0.0,3.1278,-0.015,0.07978,0.0,0.0,-1.0,0.0,0.0,103.0,338.0
320321.0,0.0,3.1278,-0.011,0.07978,0.0,0.0,-1.0,0.0,0.0,103.0,338.0
320331.0,0.0,3.1293,0.066,0.07978,0.0,0.0,-1.0,0.0,0.0,103.0,346.0
320341.0,0.0,3.1278,-0.014,0.07978,0.0,0.0,-1.0,0.0,0.0,103.0,343.0
320351.0,0.0,3.1278,-0.015,0.07978,0.0,0.0,-1.0,0.0,0.0,103.0,344.0
320361.0,0.0,3.1278,-0.005,0.07978,0.0,0.0,-1.0,0.0,0.0,103.0,343.0
320372.0,0.0,3.1293,0.019,0.07978,0.0,0.0,-1.0,0.0,0.0,103.0,344.0
320382.0,0.0,3.1293,0.043,0.07978,0.0,0.0,-1.0,0.0,0.0,103.0,348.0
320392.0,0.0,3.1278,-0.025,0.07978,0.0,0.0,-1.0,0.0,0.0,103.0,345.0
320402.0,0.0,3.1293,0.013,0.07978,0.0,0.0,-1.0,0.0,0.0,103.0,344.0
320412.0,0.0,3.1278,0.006,0.07978,0.0,0.0,-1.0,0.0,0.0,103.0,347.0
320422.0,0.0,3.1278,-0.02,0.07978,0.0,0.0,-1.0,0.0,0.0,103.0,346.0
320432.0,0.0,3.1278,0.005,0.07978,0.0,0.0,-1.0,0.0,0.0,103.0,348.0
320443.0,0.0,3.1278,-0.002,0.07978,0.0,0.0,-1.0,0.0,0.0,103.0,346.0
320453.0,0.0,3.1278,-0.023,0.07978,0.0,0.0,-1.0,0.0,0.0,103.0,337.0
320463.0,0.0,3.1278,-0.007,0.07978,0.0,0.0,-1.0,0.0,0.0,103.0,337.0
320473.0,0.0,3.1278,0.002,0.07978,0.0,0.0,-1.0,0.0,0.0,103.0,344.0
320483.0,0.0,3.1278,-0.008,0.07978,0.0,0.0,-1.0,0.0,0.0,103.0,344.0
320494.0,0.0,3.1293,0.016,0.07978,0.0,0.0,-1.0,0.0,0.0,103.0,343.0
320504.0,0.0,3.1278,-0.004,0.07978,0.0,0.0,-1.0,0.0,0.0,103.0,338.0
320514.0,0.0,3.1278,-0.018,0.07978,0.0,0.0,-1.0,0.0,0.0,103.0,347.0
320524.0,0.0,3.1293,0.024,0.07978,0.0,0.0,-1.0,0.0,0.0,103.0,338.0
320534.0,0.0,3.1278,-0.009,0.07978,0.0,0.0,-1.0,0.0,0.0,103.0,337.0
320544.0,0.0,3.1293,0.027,0.07978,0.0,0.0,-1.0,0.0,0.0,103.0,338.0
320554.0,0.0,3.1278,-0.008,0.07978,0.0,0.0,-1.0,0.0,0.0,103.0,337.0
320564.0,0.0,3.1278,-0.018,0.07978,0.0,0.0,-1.0,0.0,0.0,103.0,344.0
320575.0,0.0,3.1278,-0.017,0.07978,0.0,0.0,-1.0,0.0,0.0,103.0,338.0
320585.0,0.0,3.1278,-0.008,0.07978,0.0,0.0,-1.0,0.0,0.0,103.0,346.0
320595.0,0.0,3.1278,0.004,0.07978,0.0,0.0,-1.0,0.0,0.0,103.0,343.0
320605.0,0.0,3.1278,-0.008,0.07978,0.0,0.0,-1.0,0.0,0.0,103.0,344.0
320615.0,0.0,3.1278,0.014,0.07978,0.0,0.0,-1.0,0.0,0.0,103.0,343.0
320625.0,0.0,3.1278,-0.019,0.07978,0.0,0.0,-1.0,0.0,0.0,103.0,339.0
320636.0,0.0,3.1293,0.031,0.07978,0.0,0.0,-1.0,0.0,0.0,103.0,343.0
320646.0,0.0,3.1278,-0.013,0.07978,0.0,0.0,-1.0,0.0,0.0,103.0,338.0
320656.0,0.0,3.1278,0.001,0.07978,0.0,0.0,-1.0,0.0,0.0,103.0,347.0
320666.0,0.0,3.1293,0.05,0.07978,0.0,0.0,-1.0,0.0,0.0,103.0,343.0
320676.0,0.0,3.1278,0.015,0.07978,0.0,0.0,-1.0,0.0,0.0,103.0,348.0
320686.0,0.0,3.1293,0.02,0.07978,0.0,0.0,-1.0,0.0,0.0,103.0,338.0
320696.0,0.0,3.1293,0.02,0.07978,0.0,0.0,-1.0,0.0,0.0,103.0,338.0
320707.0,0.0,3.1278,-0.022,0.07978,0.0,0.0,-1.0,0.0,0.0,103.0,338.0
320717.0,0.0,3.1278,-0.011,0.07978,0.0,0.0,-1.0,0.0,0.0,103.0,348.0
320727.0,0.0,3.1278,-0.031,0.07978,0.0,0.0,-1.0,0.0,0.0,103.0,346.0
320737.0,0.0,3.1293,0.012,0.07978,0.0,0.0,-1.0,0.0,0.0,103.0,338.0
320747.0,0.0,3.1278,0.009,0.07978,0.0,0.0,-1.0,0.0,0.0,103.0,339.0
320757.0,0.0,3.1278,0.008,0.07978,0.0,0.0,-1.0,0.0,0.0,103.0,344.0
320768.0,0.0,3.1278,-0.024,0.07978,0.0,0.0,-1.0,0.0,0.0,103.0,343.0
320778.0,0.0,3.1293,0.016,0.07978,0.0,0.0,-1.0,0.0,0.0,103.0,348.0
320788.0,0.0,3.1278,0.004,0.07978,0.0,0.0,-1.0,0.0,0.0,103.0,345.0
320798.0,0.0,3.1293,0.01,0.07978,0.0,0.0,-1.0,0.0,0.0,103.0,344.0
320808.0,0.0,3.1263,-0.015,0.07978,0.0,0.0,-1.0,0.0,0.0,103.0,348.0
320818.0,0.0,3.1278,-0.019,0.07978,0.0,0.0,-1.0,0.0,0.0,103.0,346.0
320828.0,0.0,3.1278,0.003,0.07978,0.0,0.0,-1.0,0.0,0.0,103.0,345.0
320839.0,0.0,3.1293,0.004,0.07978,0.0,0.0,-1.0,0.0,0.0,103.0,346.0
320849.0,0.0,3.1293,-0.007,0.07978,0.0,0.0,-1.0,0.0,0.0,103.0,345.0
320859.0,0.0,3.1278,-0.021,0.07978,0.0,0.0,-1.0,0.0,0.0,103.0,344.0
320869.0,0.0,3.1293,-0.001,0.07978,0.0,0.0,-1.0,0.0,0.0,103.0,347.0
320879.0,0.0,3.1278,0.016,0.07978,0.0,0.0,-1.0,0.0,0.0,103.0,337.0
320889.0,0.0,3.1278,-0.016,0.07978,0.0,0.0,-1.0,0.0,0.0,103.0,348.0
320900.0,0.0,3.1278,-0.014,0.07978,0.0,0.0,-1.0,0.0,0.0,103.0,338.0
320910.0,0.0,3.1278,0.007,0.07978,0.0,0.0,-1.0,0.0,0.0,103.0,347.0
320920.0,0.0,3.1293,0.008,0.07978,0.0,0.0,-1.0,0.0,0.0,103.0,337.0
320930.0,0.0,3.1278,0.019,0.07978,0.0,0.0,-1.0,0.0,0.0,103.0,344.0
320940.0,0.0,3.1278,-0.014,0.07978,0.0,0.0,-1.0,0.0,0.0,103.0,346.0
320950.0,0.0,3.1278,-0.021,0.07978,0.0,0.0,-1.0,0.0,0.0,103.0,347.0
320961.0,0.0,3.1293,0.025,0.07978,0.0,0.0,-1.0,0.0,0.0,103.0,346.0
320971.0,0.0,3.1278,-0.007,0.07978,0.0,0.0,-1.0,0.0,0.0,103.0,345.0
320981.0,0.0,3.1278,0.013,0.07978,0.0,0.0,-1.0,0.0,0.0,103.0,336.0
320991.0,0.0,3.1278,-0.013,0.07978,0.0,0.0,-1.0,0.0,0.0,103.0,343.0
321001.0,0.0,3.1278,0.01,0.07978,0.0,0.0,-1.0,0.0,0.0,103.0,344.0
321011.0,0.0,3.1293,0.004,0.07978,0.0,0.0,-1.0,0.0,0.0,103.0,345.0
321021.0,0.0,3.1278,-0.017,0.07978,0.0,0.0,-1.0,0.0,0.0,103.0,337.0
321031.0,0.0,3.1278,-0.013,0.07978,0.0,0.0,-1.0,0.0,0.0,103.0,348.0
321042.0,0.0,3.1278,0.022,0.07978,0.0,0.0,-1.0,0.0,0.0,103.0,338.0
321052.0,0.0,3.1278,0.001,0.07978,0.0,0.0,-1.0,0.0,0.0,103.0,348.0
321062.0,0.0,3.1278,-0.01,0.07978,0.0,0.0,-1.0,0.0,0.0,103.0,338.0
321072.0,0.0,3.1293,0.008,0.07978,0.0,0.0,-1.0,0.0,0.0,103.0,337.0
321082.0,0.0,3.1293,0.016,0.07978,0.0,0.0,-1.0,0.0,0.0,103.0,346.0
321092.0,0.0,3.1278,0.023,0.07978,0.0,0.0,-1.0,0.0,0.0,103.0,348.0
321102.0,0.0,3.1278,-0.017,0.07978,0.0,0.0,-1.0,0.0,0.0,103.0,346.0
321113.0,0.0,3.1293,-0.001,0.07978,0.0,0.0,-1.0,0.0,0.0,103.0,337.0
321123.0,0.0,3.1293,0.0,0.07978,0.0,0.0,-1.0,0.0,0.0,103.0,346.0
321133.0,0.0,3.1293,0.017,0.07978,0.0,0.0,-1.0,0.0,0.0,103.0,345.0
321143.0,0.0,3.1278,0.018,0.07978,0.0,0.0,-1.0,0.0,0.0,103.0,338.0
321153.0,0.0,3.1278,-0.026,0.07978,0.0,0.0,-1.0,0.0,0.0,103.0,338.0
321164.0,0.0,3.1278,-0.031,0.07978,0.0,0.0,-1.0,0.0,0.0,103.0,338.0
321174.0,0.0,3.1293,0.023,0.07978,0.0,0.0,-1.0,0.0,0.0,103.0,348.0
321184.0,0.0,3.1278,0.009,0.07978,0.0,0.0,-1.0,0.0,0.0,103.0,345.0
321194.0,0.0,3.1278,-0.025,0.07978,0.0,0.0,-1.0,0.0,0.0,103.0,337.0
321204.0,0.0,3.1278,-0.021,0.07978,0.0,0.0,-1.0,0.0,0.0,103.0,345.0
321214.0,0.0,3.1278,-0.007,0.07978,0.0,0.0,-1.0,0.0,0.0,103.0,346.0
321224.0,0.0,3.1278,0.006,0.07978,0.0,0.0,-1.0,0.0,0.0,103.0,348.0
321235.0,0.0,3.1278,-0.002,0.07978,0.0,0.0,-1.0,0.0,0.0,103.0,337.0
321245.0,0.0,3.1278,-0.006,0.07978,0.0,0.0,-1.0,0.0,0.0,103.0,337.0
321255.0,0.0,3.1278,-0.017,0.07978,0.0,0.0,-1.0,0.0,0.0,103.0,338.0
321265.0,0.0,3.1278,0.002,0.07978,0.0,0.0,-1.0,0.0,0.0,103.0,337.0
321275.0,0.0,3.1278,-0.014,0.07978,0.0,0.0,-1.0,0.0,0.0,103.0,346.0
321285.0,0.0,3.1293,0.02,0.07978,0.0,0.0,-1.0,0.0,0.0,103.0,348.0
321296.0,0.0,3.1278,-0.009,0.07978,0.0,0.0,-1.0,0.0,0.0,103.0,338.0
321306.0,0.0,3.1278,-0.007,0.07978,0.0,0.0,-1.0,0.0,0.0,103.0,348.0
321316.0,0.0,3.1278,-0.004,0.07978,0.0,0.0,-1.0,0.0,0.0,103.0,338.0
321326.0,0.0,3.1278,-0.014,0.07978,0.0,0.0,-1.0,0.0,0.0,103.0,347.0
321336.0,0.0,3.1293,0.021,0.07978,0.0,0.0,-1.0,0.0,0.0,103.0,338.0
321346.0,0.0,3.1278,0.005,0.07978,0.0,0.0,-1.0,0.0,0.0,103.0,346.0
321356.0,0.0,3.1293,0.013,0.07978,0.0,0.0,-1.0,0.0,0.0,103.0,336.0
321366.0,0.0,3.1278,-0.01,0.07978,0.0,0.0,-1.0,0.0,0.0,103.0,347.0
321377.0,0.0,3.1278,0.001,0.07978,0.0,0.0,-1.0,0.0,0.0,103.0,337.0
321387.0,0.0,3.1278,-0.022,0.07978,0.0,0.0,-1.0,0.0,0.0,103.0,337.0
321397.0,0.0,3.1278,-0.002,0.07978,0.0,0.0,-1.0,0.0,0.0,103.0,337.0
321407.0,0.0,3.1293,0.012,0.07978,0.0,0.0,-1.0,0.0,0.0,103.0,347.0
321417.0,0.0,3.1278,-0.012,0.07978,0.0,0.0,-1.0,0.0,0.0,103.0,336.0
321427.0,0.0,3.1278,-0.015,0.07978,0.0,0.0,-1.0,0.0,0.0,103.0,344.0
321437.0,0.0,3.1278,0.003,0.07978,0.0,0.0,-1.0,0.0,0.0,103.0,344.0
321448.0,0.0,3.1278,-0.005,0.07978,0.0,0.0,-1.0,0.0,0.0,103.0,343.0
321458.0,0.0,3.1278,-0.005,0.07978,0.0,0.0,-1.0,0.0,0.0,103.0,338.0
321468.0,0.0,3.1293,0.035,0.07978,0.0,0.0,-1.0,0.0,0.0,103.0,338.0
321478.0,0.0,3.1293,0.033,0.07978,0.0,0.0,-1.0,0.0,0.0,103.0,337.0
321488.0,0.0,3.1293,0.025,0.07978,0.0,0.0,-1.0,0.0,0.0,103.0,344.0
321498.0,0.0,3.1278,-0.028,0.07978,0.0,0.0,-1.0,0.0,0.0,103.0,337.0
321508.0,0.0,3.1278,-0.035,0.07978,0.0,0.0,-1.0,0.0,0.0,103.0,348.0
321519.0,0.0,3.1293,0.021,0.07978,0.0,0.0,-1.0,0.0,0.0,103.0,338.0
321529.0,0.0,3.1278,-0.012,0.07978,0.0,0.0,-1.0,0.0,0.0,103.0,347.0
321539.0,0.0,3.1293,0.013,0.07978,0.0,0.0,-1.0,0.0,0.0,103.0,344.0
321549.0,0.0,3.1278,-0.003,0.07978,0.0,0.0,-1.0,0.0,0.0,103.0,337.0
321559.0,0.0,3.1293,0.032,0.07978,0.0,0.0,-1.0,0.0,0.0,103.0,346.0
321569.0,0.0,3.1293,-0.0,0.07978,0.0,0.0,-1.0,0.0,0.0,103.0,347.0
321580.0,0.0,3.1278,-0.008,0.07978,0.0,0.0,-1.0,0.0,0.0,103.0,346.0
321590.0,0.0,3.1278,-0.026,0.07978,0.0,0.0,-1.0,0.0,0.0,103.0,347.0
321600.0,0.0,3.1278,-0.02,0.07978,0.0,0.0,-1.0,0.0,0.0,103.0,345.0
321610.0,0.0,3.1278,-0.01,0.07978,0.0,0.0,-1.0,0.0,0.0,103.0,344.0
321620.0,0.0,3.1278,0.003,0.07978,0.0,0.0,-1.0,0.0,0.0,103.0,346.0
321630.0,0.0,3.1278,-0.011,0.07978,0.0,0.0,-1.0,0.0,0.0,103.0,345.0
321640.0,0.0,3.1278,-0.003,0.07978,0.0,0.0,-1.0,0.0,0.0,103.0,344.0
321650.0,0.0,3.1278,0.0,0.07978,0.0,0.0,-1.0,0.0,0.0,103.0,345.0
321661.0,0.0,3.1293,0.025,0.07978,0.0,0.0,-1.0,0.0,0.0,103.0,339.0
321671.0,0.0,3.1278,-0.014,0.07978,0.0,0.0,-1.0,0.0,0.0,103.0,338.0
321681.0,0.0,3.1278,-0.018,0.07978,0.0,0.0,-1.0,0.0,0.0,103.0,337.0
321691.0,0.0,3.1293,0.023,0.07978,0.0,0.0,-1.0,0.0,0.0,103.0,345.0
321701.0,0.0,3.1278,-0.017,0.07978,0.0,0.0,-1.0,0.0,0.0,103.0,338.0
321711.0,0.0,3.1278,-0.019,0.07978,0.0,0.0,-1.0,0.0,0.0,103.0,348.0
321722.0,0.0,3.1278,0.027,0.07978,0.0,0.0,-1.0,0.0,0.0,103.0,338.0
321732.0,0.0,3.1293,0.015,0.07978,0.0,0.0,-1.0,0.0,0.0,103.0,348.0
321742.0,0.0,3.1278,0.002,0.07978,0.0,0.0,-1.0,0.0,0.0,103.0,345.0
321752.0,0.0,3.1293,0.02,0.07978,0.0,0.0,-1.0,0.0,0.0,103.0,346.0
321762.0,0.0,3.1278,-0.027,0.07978,0.0,0.0,-1.0,0.0,0.0,103.0,343.0
321772.0,0.0,3.1293,0.012,0.07978,0.0,0.0,-1.0,0.0,0.0,103.0,344.0
321782.0,0.0,3.1293,0.033,0.07978,0.0,0.0,-1.0,0.0,0.0,103.0,345.0
321793.0,0.0,3.1293,0.002,0.07978,0.0,0.0,-1.0,0.0,0.0,103.0,344.0
321803.0,0.0,3.1278,-0.011,0.07978,0.0,0.0,-1.0,0.0,0.0,103.0,343.0
321813.0,0.0,3.1278,-0.017,0.07978,0.0,0.0,-1.0,0.0,0.0,103.0,337.0
321823.0,0.0,3.1278,0.007,0.07978,0.0,0.0,-1.0,0.0,0.0,103.0,345.0
321833.0,0.0,3.1293,0.007,0.07978,0.0,0.0,-1.0,0.0,0.0,103.0,344.0
321844.0,0.0,3.1293,0.017,0.07978,0.0,0.0,-1.0,0.0,0.0,103.0,345.0
321854.0,0.0,3.1278,-0.003,0.07978,0.0,0.0,-1.0,0.0,0.0,103.0,338.0
321864.0,0.0,3.1293,-0.024,0.07978,0.0,0.0,-1.0,0.0,0.0,103.0,347.0
321874.0,0.0,3.1309,0.025,0.07978,0.0,0.0,-1.0,0.0,0.0,103.0,338.0
321884.0,0.0,3.1293,0.028,0.07978,0.0,0.0,-1.0,0.0,0.0,103.0,348.0
321894.0,0.0,3.1278,-0.02,0.07978,0.0,0.0,-1.0,0.0,0.0,103.0,343.0
321905.0,0.0,3.1278,-0.039,0.07978,0.0,0.0,-1.0,0.0,0.0,103.0,338.0
321915.0,0.0,3.1293,0.021,0.07978,0.0,0.0,-1.0,0.0,0.0,103.0,346.0
321925.0,0.0,3.1293,0.024,0.07978,0.0,0.0,-1.0,0.0,0.0,103.0,343.0
321935.0,0.0,3.1278,-0.027,0.07978,0.0,0.0,-1.0,0.0,0.0,103.0,344.0
321946.0,0.0,3.1293,-0.003,0.07978,0.0,0.0,-1.0,0.0,0.0,103.0,343.0
321956.0,0.0,3.1278,-0.013,0.07978,0.0,0.0,-1.0,0.0,0.0,103.0,338.0
321966.0,0.0,3.1293,0.035,0.07978,0.0,0.0,-1.0,0.0,0.0,103.0,347.0
321976.0,0.0,3.1278,-0.018,0.07978,0.0,0.0,-1.0,0.0,0.0,103.0,346.0
321986.0,0.0,3.1278,-0.019,0.07978,0.0,0.0,-1.0,0.0,0.0,103.0,343.0
321996.0,0.0,3.1293,0.032,0.07978,0.0,0.0,-1.0,0.0,0.0,103.0,344.0
322006.0,0.0,3.1293,0.035,0.07978,0.0,0.0,-1.0,0.0,0.0,103.0,343.0
322017.0,0.0,3.1293,0.033,0.07978,0.0,0.0,-1.0,0.0,0.0,103.0,338.0
322027.0,0.0,3.1293,0.011,0.07978,0.0,0.0,-1.0,0.0,0.0,103.0,347.0
322037.0,0.0,3.1293,0.014,0.07978,0.0,0.0,-1.0,0.0,0.0,103.0,346.0
322047.0,0.0,3.1293,-0.004,0.07978,0.0,0.0,-1.0,0.0,0.0,103.0,343.0
322057.0,0.0,3.1278,-0.03,0.07978,0.0,0.0,-1.0,0.0,0.0,103.0,344.0
322068.0,0.0,3.1293,0.009,0.07978,0.0,0.0,-1.0,0.0,0.0,103.0,343.0
322078.0,0.0,3.1293,0.032,0.07978,0.0,0.0,-1.0,0.0,0.0,103.0,343.0
322088.0,0.0,3.1293,0.011,0.07978,0.0,0.0,-1.0,0.0,0.0,103.0,347.0
322098.0,0.0,3.1278,-0.015,0.07978,0.0,0.0,-1.0,0.0,0.0,103.0,346.0
322108.0,0.0,3.1293,-0.003,0.07978,0.0,0.0,-1.0,0.0,0.0,103.0,337.0
322118.0,0.0,3.1293,0.021,0.07978,0.0,0.0,-1.0,0.0,0.0,103.0,338.0
322129.0,0.0,3.1278,-0.026,0.07978,0.0,0.0,-1.0,0.0,0.0,103.0,338.0
322139.0,0.0,3.1278,-0.025,0.07978,0.0,0.0,-1.0,0.0,0.0,103.0,346.0
322149.0,0.0,3.1278,-0.032,0.07978,0.0,0.0,-1.0,0.0,0.0,103.0,339.0
322159.0,0.0,3.1278,0.005,0.07978,0.0,0.0,-1.0,0.0,0.0,103.0,339.0
322170.0,0.0,3.1293,0.01,0.07978,0.0,0.0,-1.0,0.0,0.0,103.0,343.0
322180.0,0.0,3.1293,0.027,0.07978,0.0,0.0,-1.0,0.0,0.0,103.0,343.0
322190.0,0.0,3.1278,-0.009,0.07978,0.0,0.0,-1.0,0.0,0.0,103.0,347.0
322200.0,0.0,3.1293,0.008,0.07978,0.0,0.0,-1.0,0.0,0.0,103.0,338.0
322211.0,0.0,3.1293,0.008,0.07978,0.0,0.0,-1.0,0.0,0.0,103.0,338.0
322221.0,0.0,3.1293,-0.002,0.07978,0.0,0.0,-1.0,0.0,0.0,103.0,338.0
322231.0,0.0,3.1293,-0.004,0.07978,0.0,0.0,-1.0,0.0,0.0,103.0,337.0
322241.0,0.0,3.1278,-0.035,0.07978,0.0,0.0,-1.0,0.0,0.0,103.0,346.0
322251.0,0.0,3.1278,0.011,0.07978,0.0,0.0,-1.0,0.0,0.0,103.0,345.0
322261.0,0.0,3.1278,-0.029,0.07978,0.0,0.0,-1.0,0.0,0.0,103.0,344.0
322272.0,0.0,3.1293,0.015,0.07978,0.0,0.0,-1.0,0.0,0.0,103.0,343.0
322282.0,0.0,3.1293,0.029,0.07978,0.0,0.0,-1.0,0.0,0.0,103.0,338.0
322292.0,0.0,3.1293,-0.01,0.07978,0.0,0.0,-1.0,0.0,0.0,103.0,337.0
322302.0,0.0,3.1278,-0.009,0.07978,0.0,0.0,-1.0,0.0,0.0,103.0,344.0
322313.0,0.0,3.1278,0.003,0.07978,0.0,0.0,-1.0,0.0,0.0,103.0,338.0
322323.0,0.0,3.1293,-0.005,0.07978,0.0,0.0,-1.0,0.0,0.0,103.0,338.0
322333.0,0.0,3.1278,-0.01,0.07978,0.0,0.0,-1.0,0.0,0.0,103.0,338.0
322343.0,0.0,3.1293,0.008,0.07978,0.0,0.0,-1.0,0.0,0.0,103.0,346.0
322353.0,0.0,3.1278,-0.02,0.07978,0.0,0.0,-1.0,0.0,0.0,103.0,348.0
322363.0,0.0,3.1278,-0.036,0.07978,0.0,0.0,-1.0,0.0,0.0,103.0,338.0
322373.0,0.0,3.1278,0.008,0.07978,0.0,0.0,-1.0,0.0,0.0,103.0,338.0
322384.0,0.0,3.1278,-0.001,0.07978,0.0,0.0,-1.0,0.0,0.0,103.0,338.0
322394.0,0.0,3.1293,0.007,0.07978,0.0,0.0,-1.0,0.0,0.0,103.0,348.0
322404.0,0.0,3.1293,0.038,0.07978,0.0,0.0,-1.0,0.0,0.0,103.0,338.0
322414.0,0.0,3.1278,-0.01,0.07978,0.0,0.0,-1.0,0.0,0.0,103.0,338.0
322424.0,0.0,3.1293,0.026,0.07978,0.0,0.0,-1.0,0.0,0.0,103.0,343.0
322434.0,0.0,3.1293,0.022,0.07978,0.0,0.0,-1.0,0.0,0.0,103.0,347.0
322444.0,0.0,3.1278,-0.004,0.07978,0.0,0.0,-1.0,0.0,0.0,103.0,337.0
322454.0,0.0,3.1278,-0.036,0.07978,0.0,0.0,-1.0,0.0,0.0,103.0,348.0
322465.0,0.0,3.1293,0.029,0.07978,0.0,0.0,-1.0,0.0,0.0,103.0,338.0
322475.0,0.0,3.1293,0.021,0.07978,0.0,0.0,-1.0,0.0,0.0,103.0,346.0
322485.0,0.0,3.1293,0.007,0.07978,0.0,0.0,-1.0,0.0,0.0,103.0,346.0
322495.0,0.0,3.1293,-0.003,0.07978,0.0,0.0,-1.0,0.0,0.0,103.0,338.0
322505.0,0.0,3.1293,-0.002,0.07978,0.0,0.0,-1.0,0.0,0.0,103.0,339.0
322515.0,0.0,3.1278,-0.016,0.07978,0.0,0.0,-1.0,0.0,0.0,103.0,338.0
322526.0,0.0,3.1278,-0.022,0.07978,0.0,0.0,-1.0,0.0,0.0,103.0,338.0
322536.0,0.0,3.1293,0.025,0.07978,0.0,0.0,-1.0,0.0,0.0,103.0,337.0
322546.0,0.0,3.1278,-0.014,0.07978,0.0,0.0,-1.0,0.0,0.0,103.0,346.0
322556.0,0.0,3.1293,0.002,0.07978,0.0,0.0,-1.0,0.0,0.0,103.0,343.0
322566.0,0.0,3.1293,0.02,0.07978,0.0,0.0,-1.0,0.0,0.0,103.0,344.0
322576.0,0.0,3.1293,0.033,0.07978,0.0,0.0,-1.0,0.0,0.0,103.0,343.0
322587.0,0.0,3.1293,0.012,0.07978,0.0,0.0,-1.0,0.0,0.0,103.0,344.0
322597.0,0.0,3.1278,-0.02,0.07978,0.0,0.0,-1.0,0.0,0.0,103.0,348.0
322607.0,0.0,3.1293,0.018,0.07978,0.0,0.0,-1.0,0.0,0.0,103.0,347.0
322617.0,0.0,3.1278,0.013,0.07978,0.0,0.0,-1.0,0.0,0.0,103.0,336.0
322627.0,0.0,3.1278,-0.016,0.07978,0.0,0.0,-1.0,0.0,0.0,103.0,343.0
322637.0,0.0,3.1278,-0.023,0.07978,0.0,0.0,-1.0,0.0,0.0,103.0,344.0
322648.0,0.0,3.1293,0.036,0.07978,0.0,0.0,-1.0,0.0,0.0,103.0,343.0
322658.0,0.0,3.1278,-0.013,0.07978,0.0,0.0,-1.0,0.0,0.0,103.0,338.0
322668.0,0.0,3.1278,-0.008,0.07978,0.0,0.0,-1.0,0.0,0.0,103.0,347.0
322678.0,0.0,3.1293,0.019,0.07978,0.0,0.0,-1.0,0.0,0.0,103.0,346.0
322688.0,0.0,3.1293,0.005,0.07978,0.0,0.0,-1.0,0.0,0.0,103.0,343.0
322698.0,0.0,3.1278,-0.021,0.07978,0.0,0.0,-1.0,0.0,0.0,103.0,344.0
322709.0,0.0,3.1278,-0.029,0.07978,0.0,0.0,-1.0,0.0,0.0,103.0,345.0
322719.0,0.0,3.1293,0.02,0.07978,0.0,0.0,-1.0,0.0,0.0,103.0,343.0
322729.0,0.0,3.1293,0.024,0.07978,0.0,0.0,-1.0,0.0,0.0,103.0,347.0
322739.0,0.0,3.1293,0.009,0.07978,0.0,0.0,-1.0,0.0,0.0,103.0,337.0
322749.0,0.0,3.1293,0.004,0.07978,0.0,0.0,-1.0,0.0,0.0,103.0,347.0
322760.0,0.0,3.1278,-0.006,0.07978,0.0,0.0,-1.0,0.0,0.0,103.0,337.0
322770.0,0.0,3.1293,0.041,0.07978,0.0,0.0,-1.0,0.0,0.0,103.0,345.0
322780.0,0.0,3.1278,0.006,0.07978,0.0,0.0,-1.0,0.0,0.0,103.0,336.0
322790.0,0.0,3.1293,0.018,0.07978,0.0,0.0,-1.0,0.0,0.0,103.0,343.0
322800.0,0.0,3.1293,0.016,0.07978,0.0,0.0,-1.0,0.0,0.0,103.0,344.0
322811.0,0.0,3.1293,0.011,0.07978,0.0,0.0,-1.0,0.0,0.0,103.0,343.0
322821.0,0.0,3.1278,-0.008,0.07978,0.0,0.0,-1.0,0.0,0.0,103.0,338.0
322831.0,0.0,3.1293,-0.0,0.07978,0.0,0.0,-1.0,0.0,0.0,103.0,344.0
322841.0,0.0,3.1293,0.005,0.07978,0.0,0.0,-1.0,0.0,0.0,103.0,338.0
322852.0,0.0,3.1293,0.009,0.07978,0.0,0.0,-1.0,0.0,0.0,103.0,338.0
322862.0,0.0,3.1293,-0.007,0.07978,0.0,0.0,-1.0,0.0,0.0,103.0,338.0
322872.0,0.0,3.1278,-0.033,0.07978,0.0,0.0,-1.0,0.0,0.0,103.0,337.0
322882.0,0.0,3.1293,0.02,0.07978,0.0,0.0,-1.0,0.0,0.0,103.0,346.0
322893.0,0.0,3.1293,-0.001,0.07978,0.0,0.0,-1.0,0.0,0.0,103.0,337.0
322903.0,0.0,3.1278,-0.019,0.07978,0.0,0.0,-1.0,0.0,0.0,103.0,346.0
322913.0,0.0,3.1293,-0.012,0.07978,0.0,0.0,-1.0,0.0,0.0,103.0,343.0
322923.0,0.0,3.1293,-0.013,0.07978,0.0,0.0,-1.0,0.0,0.0,103.0,344.0
322934.0,0.0,3.1293,0.04,0.07978,0.0,0.0,-1.0,0.0,0.0,103.0,344.0
322944.0,0.0,3.1278,-0.019,0.07978,0.0,0.0,-1.0,0.0,0.0,103.0,338.0
322954.0,0.0,3.1278,-0.046,0.07978,0.0,0.0,-1.0,0.0,0.0,103.0,338.0
322964.0,0.0,3.1293,0.007,0.07978,0.0,0.0,-1.0,0.0,0.0,103.0,346.0
322974.0,0.0,3.1293,0.029,0.07978,0.0,0.0,-1.0,0.0,0.0,103.0,343.0
322984.0,0.0,3.1278,0.005,0.07978,0.0,0.0,-1.0,0.0,0.0,103.0,344.0
322995.0,0.0,3.1278,-0.039,0.07978,0.0,0.0,-1.0,0.0,0.0,103.0,343.0
323005.0,0.0,3.1293,0.023,0.07978,0.0,0.0,-1.0,0.0,0.0,103.0,338.0
323015.0,0.0,3.1293,0.034,0.07978,0.0,0.0,-1.0,0.0,0.0,103.0,337.0
323025.0,0.0,3.1278,-0.023,0.07978,0.0,0.0,-1.0,0.0,0.0,103.0,346.0
323035.0,0.0,3.1278,-0.016,0.07978,0.0,0.0,-1.0,0.0,0.0,103.0,348.0
323046.0,0.0,3.1293,0.011,0.07978,0.0,0.0,-1.0,0.0,0.0,103.0,338.0
323056.0,0.0,3.1278,0.004,0.07978,0.0,0.0,-1.0,0.0,0.0,103.0,338.0
323066.0,0.0,3.1293,0.011,0.07978,0.0,0.0,-1.0,0.0,0.0,103.0,346.0
323076.0,0.0,3.1278,-0.048,0.07978,0.0,0.0,-1.0,0.0,0.0,103.0,345.0
323086.0,0.0,3.1293,0.019,0.07978,0.0,0.0,-1.0,0.0,0.0,103.0,344.0
323096.0,0.0,3.1293,0.022,0.07978,0.0,0.0,-1.0,0.0,0.0,103.0,344.0
323107.0,0.0,3.1293,0.013,0.07978,0.0,0.0,-1.0,0.0,0.0,103.0,337.0
323117.0,0.0,3.1278,-0.012,0.07978,0.0,0.0,-1.0,0.0,0.0,103.0,345.0
323127.0,0.0,3.1293,0.019,0.07978,0.0,0.0,-1.0,0.0,0.0,103.0,344.0
323137.0,0.0,3.1278,-0.029,0.07978,0.0,0.0,-1.0,0.0,0.0,103.0,337.0
323147.0,0.0,3.1278,-0.024,0.07978,0.0,0.0,-1.0,0.0,0.0,103.0,346.0
323157.0,0.0,3.1278,0.013,0.07978,0.0,0.0,-1.0,0.0,0.0,103.0,337.0
323167.0,0.0,3.1278,0.007,0.07978,0.0,0.0,-1.0,0.0,0.0,103.0,338.0
323178.0,0.0,3.1293,0.009,0.07978,0.0,0.0,-1.0,0.0,0.0,103.0,338.0
323188.0,0.0,3.1278,-0.029,0.07978,0.0,0.0,-1.0,0.0,0.0,103.0,338.0
323198.0,0.0,3.1293,0.029,0.07978,0.0,0.0,-1.0,0.0,0.0,103.0,337.0
323208.0,0.0,3.1293,0.008,0.07978,0.0,0.0,-1.0,0.0,0.0,103.0,338.0
323218.0,0.0,3.1293,-0.006,0.07978,0.0,0.0,-1.0,0.0,0.0,103.0,347.0
323228.0,0.0,3.1293,0.023,0.07978,0.0,0.0,-1.0,0.0,0.0,103.0,345.0
323239.0,0.0,3.1293,0.001,0.07978,0.0,0.0,-1.0,0.0,0.0,103.0,337.0
323249.0,0.0,3.1278,-0.003,0.07978,0.0,0.0,-1.0,0.0,0.0,103.0,346.0
323259.0,0.0,3.1278,-0.01,0.07978,0.0,0.0,-1.0,0.0,0.0,103.0,345.0
323269.0,0.0,3.1293,-0.001,0.07978,0.0,0.0,-1.0,0.0,0.0,103.0,339.0
323280.0,0.0,3.1278,-0.007,0.07978,0.0,0.0,-1.0,0.0,0.0,103.0,344.0
323290.0,0.0,3.1278,0.002,0.07978,0.0,0.0,-1.0,0.0,0.0,103.0,338.0
323300.0,0.0,3.1278,-0.006,0.07978,0.0,0.0,-1.0,0.0,0.0,103.0,338.0
323310.0,0.0,3.1278,-0.003,0.07978,0.0,0.0,-1.0,0.0,0.0,103.0,337.0
323320.0,0.0,3.1293,0.038,0.07978,0.0,0.0,-1.0,0.0,0.0,103.0,345.0
323330.0,0.0,3.1293,-0.001,0.07978,0.0,0.0,-1.0,0.0,0.0,103.0,336.0
323340.0,0.0,3.1293,-0.011,0.07978,0.0,0.0,-1.0,0.0,0.0,103.0,348.0
323351.0,0.0,3.1293,0.002,0.07978,0.0,0.0,-1.0,0.0,0.0,103.0,338.0
323361.0,0.0,3.1278,-0.017,0.07978,0.0,0.0,-1.0,0.0,0.0,103.0,348.0
323371.0,0.0,3.1278,-0.018,0.07978,0.0,0.0,-1.0,0.0,0.0,103.0,337.0
323381.0,0.0,3.1293,0.02,0.07978,0.0,0.0,-1.0,0.0,0.0,103.0,343.0
323391.0,0.0,3.1293,-0.004,0.07978,0.0,0.0,-1.0,0.0,0.0,103.0,344.0
323402.0,0.0,3.1293,0.014,0.07978,0.0,0.0,-1.0,0.0,0.0,103.0,345.0
323412.0,0.0,3.1278,-0.008,0.07978,0.0,0.0,-1.0,0.0,0.0,103.0,344.0
323422.0,0.0,3.1293,-0.019,0.07978,0.0,0.0,-1.0,0.0,0.0,103.0,348.0
323432.0,0.0,3.1293,-0.001,0.07978,0.0,0.0,-1.0,0.0,0.0,103.0,337.0
323442.0,0.0,3.1293,0.008,0.07978,0.0,0.0,-1.0,0.0,0.0,103.0,348.0
323453.0,0.0,3.1278,0.001,0.07978,0.0,0.0,-1.0,0.0,0.0,103.0,338.0
323463.0,0.0,3.1293,0.026,0.07978,0.0,0.0,-1.0,0.0,0.0,103.0,348.0
323473.0,0.0,3.1293,0.04,0.07978,0.0,0.0,-1.0,0.0,0.0,103.0,345.0
323483.0,0.0,3.1278,-0.027,0.07978,0.0,0.0,-1.0,0.0,0.0,103.0,344.0
323493.0,0.0,3.1278,-0.024,0.07978,0.0,0.0,-1.0,0.0,0.0,103.0,337.0
323503.0,0.0,3.1293,0.031,0.07978,0.0,0.0,-1.0,0.0,0.0,103.0,337.0
323513.0,0.0,3.1278,0.005,0.07978,0.0,0.0,-1.0,0.0,0.0,103.0,337.0
323524.0,0.0,3.1293,0.026,0.07978,0.0,0.0,-1.0,0.0,0.0,103.0,346.0
323534.0,0.0,3.1278,-0.013,0.07978,0.0,0.0,-1.0,0.0,0.0,103.0,345.0
323544.0,0.0,3.1293,-0.004,0.07978,0.0,0.0,-1.0,0.0,0.0,103.0,344.0
323554.0,0.0,3.1293,0.026,0.07978,0.0,0.0,-1.0,0.0,0.0,103.0,338.0
323564.0,0.0,3.1278,0.017,0.07978,0.0,0.0,-1.0,0.0,0.0,103.0,339.0
323574.0,0.0,3.1293,0.007,0.07978,0.0,0.0,-1.0,0.0,0.0,103.0,344.0
323585.0,0.0,3.1278,-0.023,0.07978,0.0,0.0,-1.0,0.0,0.0,103.0,343.0
323595.0,0.0,3.1293,0.028,0.07978,0.0,0.0,-1.0,0.0,0.0,103.0,348.0
323605.0,0.0,3.1293,0.016,0.07978,0.0,0.0,-1.0,0.0,0.0,103.0,345.0
323615.0,0.0,3.1293,0.017,0.07978,0.0,0.0,-1.0,0.0,0.0,103.0,345.0
323625.0,0.0,3.1278,-0.011,0.07978,0.0,0.0,-1.0,0.0,0.0,103.0,337.0
323635.0,0.0,3.1278,-0.013,0.07978,0.0,0.0,-1.0,0.0,0.0,103.0,346.0
323645.0,0.0,3.1293,0.011,0.07978,0.0,0.0,-1.0,0.0,0.0,103.0,347.0
323656.0,0.0,3.1293,0.029,0.07978,0.0,0.0,-1.0,0.0,0.0,103.0,346.0
323666.0,0.0,3.1293,0.003,0.07978,0.0,0.0,-1.0,0.0,0.0,103.0,345.0
323676.0,0.0,3.1278,-0.013,0.07978,0.0,0.0,-1.0,0.0,0.0,103.0,336.0
323686.0,0.0,3.1278,-0.013,0.07978,0.0,0.0,-1.0,0.0,0.0,103.0,343.0
323696.0,0.0,3.1278,0.013,0.07978,0.0,0.0,-1.0,0.0,0.0,103.0,344.0
323707.0,0.0,3.1278,-0.03,0.07978,0.0,0.0,-1.0,0.0,0.0,103.0,345.0
323717.0,0.0,3.1293,-0.008,0.07978,0.0,0.0,-1.0,0.0,0.0,103.0,344.0
323727.0,0.0,3.1293,0.015,0.07978,0.0,0.0,-1.0,0.0,0.0,103.0,347.0
323737.0,0.0,3.1293,0.025,0.07978,0.0,0.0,-1.0,0.0,0.0,103.0,346.0
323747.0,0.0,3.1293,0.042,0.07978,0.0,0.0,-1.0,0.0,0.0,103.0,347.0
323758.0,0.0,3.1293,-0.007,0.07978,0.0,0.0,-1.0,0.0,0.0,103.0,338.0
323768.0,0.0,3.1278,-0.031,0.07978,0.0,0.0,-1.0,0.0,0.0,103.0,348.0
323778.0,0.0,3.1278,0.009,0.07978,0.0,0.0,-1.0,0.0,0.0,103.0,347.0
323788.0,0.0,3.1278,0.014,0.07978,0.0,0.0,-1.0,0.0,0.0,103.0,346.0
323798.0,0.0,3.1278,-0.013,0.07978,0.0,0.0,-1.0,0.0,0.0,103.0,343.0
323808.0,0.0,3.1278,-0.026,0.07978,0.0,0.0,-1.0,0.0,0.0,103.0,344.0
323819.0,0.0,3.1278,-0.011,0.07978,0.0,0.0,-1.0,0.0,0.0,103.0,343.0
323829.0,0.0,3.1278,-0.025,0.07978,0.0,0.0,-1.0,0.0,0.0,103.0,338.0
323839.0,0.0,3.1293,0.016,0.07978,0.0,0.0,-1.0,0.0,0.0,103.0,344.0
323849.0,0.0,3.1293,0.018,0.07978,0.0,0.0,-1.0,0.0,0.0,103.0,337.0
323859.0,0.0,3.1278,0.007,0.07978,0.0,0.0,-1.0,0.0,0.0,103.0,348.0
323870.0,0.0,3.1278,-0.02,0.07978,0.0,0.0,-1.0,0.0,0.0,103.0,346.0
323880.0,0.0,3.1293,0.012,0.07978,0.0,0.0,-1.0,0.0,0.0,103.0,344.0
323890.0,0.0,3.1293,0.008,0.07978,0.0,0.0,-1.0,0.0,0.0,103.0,339.0
323900.0,0.0,3.1293,0.018,0.07978,0.0,0.0,-1.0,0.0,0.0,103.0,348.0
323910.0,0.0,3.1293,0.007,0.07978,0.0,0.0,-1.0,0.0,0.0,103.0,343.0
323921.0,0.0,3.1293,0.006,0.07978,0.0,0.0,-1.0,0.0,0.0,103.0,338.0
323931.0,0.0,3.1293,-0.01,0.07978,0.0,0.0,-1.0,0.0,0.0,103.0,343.0
323941.0,0.0,3.1293,-0.0,0.07978,0.0,0.0,-1.0,0.0,0.0,103.0,338.0
323951.0,0.0,3.1278,-0.02,0.07978,0.0,0.0,-1.0,0.0,0.0,103.0,337.0
323961.0,0.0,3.1278,-0.041,0.07978,0.0,0.0,-1.0,0.0,0.0,103.0,345.0
323971.0,0.0,3.1293,0.007,0.07978,0.0,0.0,-1.0,0.0,0.0,103.0,344.0
323981.0,0.0,3.1293,0.006,0.07978,0.0,0.0,-1.0,0.0,0.0,103.0,345.0
323992.0,0.0,3.1278,-0.023,0.07978,0.0,0.0,-1.0,0.0,0.0,103.0,346.0
324002.0,0.0,3.1293,-0.028,0.07978,0.0,0.0,-1.0,0.0,0.0,103.0,345.0
324012.0,0.0,3.1278,-0.022,0.07978,0.0,0.0,-1.0,0.0,0.0,103.0,344.0
324022.0,0.0,3.1278,-0.011,0.07978,0.0,0.0,-1.0,0.0,0.0,103.0,348.0
324032.0,0.0,3.1293,-0.005,0.07978,0.0,0.0,-1.0,0.0,0.0,103.0,338.0
324042.0,0.0,3.1293,0.032,0.07978,0.0,0.0,-1.0,0.0,0.0,103.0,338.0
324053.0,0.0,3.1278,0.01,0.07978,0.0,0.0,-1.0,0.0,0.0,103.0,338.0
324063.0,0.0,3.1293,-0.003,0.07978,0.0,0.0,-1.0,0.0,0.0,103.0,348.0
324073.0,0.0,3.1293,-0.028,0.07978,0.0,0.0,-1.0,0.0,0.0,103.0,338.0
324083.0,0.0,3.1293,0.018,0.07978,0.0,0.0,-1.0,0.0,0.0,103.0,338.0
324093.0,0.0,3.1293,0.004,0.07978,0.0,0.0,-1.0,0.0,0.0,103.0,336.0
324103.0,0.0,3.1278,-0.016,0.07978,0.0,0.0,-1.0,0.0,0.0,103.0,345.0
324113.0,0.0,3.1278,0.008,0.07978,0.0,0.0,-1.0,0.0,0.0,103.0,344.0
324123.0,0.0,3.1278,-0.026,0.07978,0.0,0.0,-1.0,0.0,0.0,103.0,345.0
324134.0,0.0,3.1278,0.011,0.07978,0.0,0.0,-1.0,0.0,0.0,103.0,337.0
324144.0,0.0,3.1293,0.002,0.07978,0.0,0.0,-1.0,0.0,0.0,103.0,347.0
324154.0,0.0,3.1278,-0.016,0.07978,0.0,0.0,-1.0,0.0,0.0,103.0,346.0
324164.0,0.0,3.1293,0.013,0.07978,0.0,0.0,-1.0,0.0,0.0,103.0,343.0
324174.0,0.0,3.1293,0.006,0.07978,0.0,0.0,-1.0,0.0,0.0,103.0,344.0
324185.0,0.0,3.1293,-0.008,0.07978,0.0,0.0,-1.0,0.0,0.0,103.0,345.0
324195.0,0.0,3.1278,-0.02,0.07978,0.0,0.0,-1.0,0.0,0.0,103.0,343.0
324205.0,0.0,3.1293,0.02,0.07978,0.0,0.0,-1.0,0.0,0.0,103.0,347.0
324215.0,0.0,3.1293,0.024,0.07978,0.0,0.0,-1.0,0.0,0.0,103.0,338.0
324226.0,0.0,3.1293,-0.013,0.07978,0.0,0.0,-1.0,0.0,0.0,103.0,338.0
324236.0,0.0,3.1293,0.001,0.07978,0.0,0.0,-1.0,0.0,0.0,103.0,346.0
324246.0,0.0,3.1278,-0.025,0.07978,0.0,0.0,-1.0,0.0,0.0,103.0,343.0
324256.0,0.0,3.1293,-0.005,0.07978,0.0,0.0,-1.0,0.0,0.0,103.0,345.0
324266.0,0.0,3.1293,0.024,0.07978,0.0,0.0,-1.0,0.0,0.0,103.0,338.0
324277.0,0.0,3.1293,0.011,0.07978,0.0,0.0,-1.0,0.0,0.0,103.0,338.0
324287.0,0.0,3.1278,-0.007,0.07978,0.0,0.0,-1.0,0.0,0.0,103.0,347.0
324297.0,0.0,3.1278,-0.039,0.07978,0.0,0.0,-1.0,0.0,0.0,103.0,346.0
324307.0,0.0,3.1278,-0.032,0.07978,0.0,0.0,-1.0,0.0,0.0,103.0,343.0
324317.0,0.0,3.1278,-0.011,0.07978,0.0,0.0,-1.0,0.0,0.0,103.0,344.0
324328.0,0.0,3.1293,-0.016,0.07978,0.0,0.0,-1.0,0.0,0.0,103.0,345.0
324338.0,0.0,3.1293,-0.018,0.07978,0.0,0.0,-1.0,0.0,0.0,103.0,338.0
324348.0,0.0,3.1293,0.027,0.07978,0.0,0.0,-1.0,0.0,0.0,103.0,348.0
324358.0,0.0,3.1293,0.033,0.07978,0.0,0.0,-1.0,0.0,0.0,103.0,346.0
324368.0,0.0,3.1293,0.014,0.07978,0.0,0.0,-1.0,0.0,0.0,103.0,343.0
324378.0,0.0,3.1278,-0.011,0.07978,0.0,0.0,-1.0,0.0,0.0,103.0,344.0
324388.0,0.0,3.1293,-0.002,0.07978,0.0,0.0,-1.0,0.0,0.0,103.0,344.0
324398.0,0.0,3.1293,0.017,0.07978,0.0,0.0,-1.0,0.0,0.0,103.0,344.0
324409.0,0.0,3.1278,-0.008,0.07978,0.0,0.0,-1.0,0.0,0.0,103.0,343.0
324419.0,0.0,3.1293,-0.005,0.07978,0.0,0.0,-1.0,0.0,0.0,103.0,343.0
324429.0,0.0,3.1278,-0.027,0.07978,0.0,0.0,-1.0,0.0,0.0,103.0,347.0
324439.0,0.0,3.1278,-0.019,0.07978,0.0,0.0,-1.0,0.0,0.0,103.0,338.0
324450.0,0.0,3.1293,-0.009,0.07978,0.0,0.0,-1.0,0.0,0.0,103.0,338.0
324460.0,0.0,3.1278,-0.022,0.07978,0.0,0.0,-1.0,0.0,0.0,103.0,338.0
324470.0,0.0,3.1293,-0.005,0.07978,0.0,0.0,-1.0,0.0,0.0,103.0,337.0
324480.0,0.0,3.1293,0.022,0.07978,0.0,0.0,-1.0,0.0,0.0,103.0,346.0
324490.0,0.0,3.1293,0.023,0.07978,0.0,0.0,-1.0,0.0,0.0,103.0,347.0
324500.0,0.0,3.1278,-0.016,0.07978,0.0,0.0,-1.0,0.0,0.0,103.0,346.0
324510.0,0.0,3.1293,-0.005,0.07978,0.0,0.0,-1.0,0.0,0.0,103.0,347.0
324521.0,0.0,3.1293,-0.005,0.07978,0.0,0.0,-1.0,0.0,0.0,103.0,346.0
324531.0,0.0,3.1293,0.029,0.07978,0.0,0.0,-1.0,0.0,0.0,103.0,345.0
324541.0,0.0,3.1293,-0.005,0.07978,0.0,0.0,-1.0,0.0,0.0,103.0,338.0
324551.0,0.0,3.1293,0.019,0.07978,0.0,0.0,-1.0,0.0,0.0,103.0,338.0
324561.0,0.0,3.1293,0.024,0.07978,0.0,0.0,-1.0,0.0,0.0,103.0,337.0
324571.0,0.0,3.1278,-0.027,0.07978,0.0,0.0,-1.0,0.0,0.0,103.0,343.0
324581.0,0.0,3.1293,0.017,0.07978,0.0,0.0,-1.0,0.0,0.0,103.0,344.0
324592.0,0.0,3.1293,0.013,0.07978,0.0,0.0,-1.0,0.0,0.0,103.0,343.0
324602.0,0.0,3.1293,0.015,0.07978,0.0,0.0,-1.0,0.0,0.0,103.0,338.0
324612.0,0.0,3.1293,0.012,0.07978,0.0,0.0,-1.0,0.0,0.0,103.0,338.0
324622.0,0.0,3.1293,0.008,0.07978,0.0,0.0,-1.0,0.0,0.0,103.0,346.0
324632.0,0.0,3.1293,-0.004,0.07978,0.0,0.0,-1.0,0.0,0.0,103.0,345.0
324642.0,0.0,3.1293,-0.01,0.07978,0.0,0.0,-1.0,0.0,0.0,103.0,344.0
324652.0,0.0,3.1293,-0.018,0.07978,0.0,0.0,-1.0,0.0,0.0,103.0,347.0
324663.0,0.0,3.1278,-0.014,0.07978,0.0,0.0,-1.0,0.0,0.0,103.0,337.0
324673.0,0.0,3.1278,0.001,0.07978,0.0,0.0,-1.0,0.0,0.0,103.0,345.0
324683.0,0.0,3.1278,0.003,0.07978,0.0,0.0,-1.0,0.0,0.0,103.0,336.0
324693.0,0.0,3.1278,0.006,0.07978,0.0,0.0,-1.0,0.0,0.0,103.0,345.0
324703.0,0.0,3.1278,-0.005,0.07978,0.0,0.0,-1.0,0.0,0.0,103.0,336.0
324713.0,0.0,3.1293,0.002,0.07978,0.0,0.0,-1.0,0.0,0.0,103.0,347.0
324724.0,0.0,3.1293,0.004,0.07978,0.0,0.0,-1.0,0.0,0.0,103.0,337.0
324734.0,0.0,3.1293,-0.015,0.07978,0.0,0.0,-1.0,0.0,0.0,103.0,345.0
324744.0,0.0,3.1278,0.008,0.07978,0.0,0.0,-1.0,0.0,0.0,103.0,344.0
324754.0,0.0,3.1293,0.005,0.07978,0.0,0.0,-1.0,0.0,0.0,103.0,348.0
324764.0,0.0,3.1293,-0.014,0.07978,0.0,0.0,-1.0,0.0,0.0,103.0,338.0
324774.0,0.0,3.1278,-0.011,0.07978,0.0,0.0,-1.0,0.0,0.0,103.0,337.0
324785.0,0.0,3.1278,0.011,0.07978,0.0,0.0,-1.0,0.0,0.0,103.0,338.0
324795.0,0.0,3.1278,-0.022,0.07978,0.0,0.0,-1.0,0.0,0.0,103.0,347.0
324805.0,0.0,3.1293,0.007,0.07978,0.0,0.0,-1.0,0.0,0.0,103.0,344.0
324815.0,0.0,3.1293,0.036,0.07978,0.0,0.0,-1.0,0.0,0.0,103.0,338.0
324825.0,0.0,3.1293,0.026,0.07978,0.0,0.0,-1.0,0.0,0.0,103.0,339.0
324835.0,0.0,3.1293,-0.01,0.07978,0.0,0.0,-1.0,0.0,0.0,103.0,347.0
324845.0,0.0,3.1293,0.008,0.07978,0.0,0.0,-1.0,0.0,0.0,103.0,344.0
324856.0,0.0,3.1293,0.001,0.07978,0.0,0.0,-1.0,0.0,0.0,103.0,343.0
324866.0,0.0,3.1293,0.033,0.07978,0.0,0.0,-1.0,0.0,0.0,103.0,338.0
324876.0,0.0,3.1293,-0.007,0.07978,0.0,0.0,-1.0,0.0,0.0,103.0,337.0
324886.0,0.0,3.1293,0.019,0.07978,0.0,0.0,-1.0,0.0,0.0,103.0,346.0
324896.0,0.0,3.1293,0.012,0.07978,0.0,0.0,-1.0,0.0,0.0,103.0,347.0
324907.0,0.0,3.1293,0.013,0.07978,0.0,0.0,-1.0,0.0,0.0,103.0,337.0
324917.0,0.0,3.1278,-0.033,0.07978,0.0,0.0,-1.0,0.0,0.0,103.0,347.0
324927.0,0.0,3.1278,-0.024,0.07978,0.0,0.0,-1.0,0.0,0.0,103.0,344.0
324937.0,0.0,3.1293,0.016,0.07978,0.0,0.0,-1.0,0.0,0.0,103.0,347.0
324947.0,0.0,3.1278,-0.015,0.07978,0.0,0.0,-1.0,0.0,0.0,103.0,346.0
324957.0,0.0,3.1293,-0.012,0.07978,0.0,0.0,-1.0,0.0,0.0,103.0,347.0
324968.0,0.0,3.1293,0.02,0.07978,0.0,0.0,-1.0,0.0,0.0,103.0,337.0
324978.0,0.0,3.1293,0.01,0.07978,0.0,0.0,-1.0,0.0,0.0,103.0,337.0
324988.0,0.0,3.1278,-0.049,0.07978,0.0,0.0,-1.0,0.0,0.0,103.0,337.0
324998.0,0.0,3.1278,-0.007,0.07978,0.0,0.0,-1.0,0.0,0.0,103.0,344.0
325008.0,0.0,3.1278,0.006,0.07978,0.0,0.0,-1.0,0.0,0.0,103.0,344.0
325018.0,0.0,3.1278,-0.015,0.07978,0.0,0.0,-1.0,0.0,0.0,103.0,343.0
325029.0,0.0,3.1293,0.016,0.07978,0.0,0.0,-1.0,0.0,0.0,103.0,338.0
325039.0,0.0,3.1293,0.03,0.07978,0.0,0.0,-1.0,0.0,0.0,103.0,347.0
325049.0,0.0,3.1278,-0.012,0.07978,0.0,0.0,-1.0,0.0,0.0,103.0,345.0
325059.0,0.0,3.1278,0.003,0.07978,0.0,0.0,-1.0,0.0,0.0,103.0,343.0
325069.0,0.0,3.1293,0.005,0.07978,0.0,0.0,-1.0,0.0,0.0,103.0,337.0
325079.0,0.0,3.1278,-0.003,0.07978,0.0,0.0,-1.0,0.0,0.0,103.0,345.0
325089.0,0.0,3.1278,-0.006,0.07978,0.0,0.0,-1.0,0.0,0.0,103.0,344.0
325099.0,0.0,3.1278,-0.005,0.07978,0.0,0.0,-1.0,0.0,0.0,103.0,344.0
325110.0,0.0,3.1293,0.004,0.07978,0.0,0.0,-1.0,0.0,0.0,103.0,346.0
325120.0,0.0,3.1293,0.018,0.07978,0.0,0.0,-1.0,0.0,0.0,103.0,345.0
325130.0,0.0,3.1293,0.001,0.07978,0.0,0.0,-1.0,0.0,0.0,103.0,344.0
325140.0,0.0,3.1293,-0.024,0.07978,0.0,0.0,-1.0,0.0,0.0,103.0,348.0
325150.0,0.0,3.1293,-0.012,0.07978,0.0,0.0,-1.0,0.0,0.0,103.0,337.0
325160.0,0.0,3.1293,0.018,0.07978,0.0,0.0,-1.0,0.0,0.0,103.0,338.0
325171.0,0.0,3.1293,-0.011,0.07978,0.0,0.0,-1.0,0.0,0.0,103.0,338.0
325181.0,0.0,3.1293,0.028,0.07978,0.0,0.0,-1.0,0.0,0.0,103.0,347.0
325191.0,0.0,3.1278,-0.012,0.07978,0.0,0.0,-1.0,0.0,0.0,103.0,345.0
325201.0,0.0,3.1293,0.011,0.07978,0.0,0.0,-1.0,0.0,0.0,103.0,344.0
325211.0,0.0,3.1293,-0.012,0.07978,0.0,0.0,-1.0,0.0,0.0,103.0,337.0
325221.0,0.0,3.1293,-0.008,0.07978,0.0,0.0,-1.0,0.0,0.0,103.0,345.0
325231.0,0.0,3.1278,0.003,0.07978,0.0,0.0,-1.0,0.0,0.0,103.0,344.0
325242.0,0.0,3.1293,0.007,0.07978,0.0,0.0,-1.0,0.0,0.0,103.0,343.0
325252.0,0.0,3.1293,0.019,0.07978,0.0,0.0,-1.0,0.0,0.0,103.0,343.0
325262.0,0.0,3.1278,-0.037,0.07978,0.0,0.0,-1.0,0.0,0.0,103.0,347.0
325272.0,0.0,3.1293,-0.006,0.07978,0.0,0.0,-1.0,0.0,0.0,103.0,344.0
325283.0,0.0,3.1278,-0.012,0.07978,0.0,0.0,-1.0,0.0,0.0,103.0,345.0
325293.0,0.0,3.1293,0.003,0.07978,0.0,0.0,-1.0,0.0,0.0,103.0,338.0
325303.0,0.0,3.1278,-0.015,0.07978,0.0,0.0,-1.0,0.0,0.0,103.0,337.0
325313.0,0.0,3.1293,0.022,0.07978,0.0,0.0,-1.0,0.0,0.0,103.0,346.0
325323.0,0.0,3.1278,-0.015,0.07978,0.0,0.0,-1.0,0.0,0.0,103.0,345.0
325333.0,0.0,3.1293,0.02,0.07978,0.0,0.0,-1.0,0.0,0.0,103.0,336.0
325343.0,0.0,3.1293,0.009,0.07978,0.0,0.0,-1.0,0.0,0.0,103.0,346.0
325354.0,0.0,3.1293,0.025,0.07978,0.0,0.0,-1.0,0.0,0.0,103.0,346.0
325364.0,0.0,3.1278,-0.022,0.07978,0.0,0.0,-1.0,0.0,0.0,103.0,345.0
325374.0,0.0,3.1293,0.001,0.07978,0.0,0.0,-1.0,0.0,0.0,103.0,344.0
325384.0,0.0,3.1293,0.024,0.07978,0.0,0.0,-1.0,0.0,0.0,103.0,348.0
325394.0,0.0,3.1293,0.013,0.07978,0.0,0.0,-1.0,0.0,0.0,103.0,337.0
325404.0,0.0,3.1293,0.03,0.07978,0.0,0.0,-1.0,0.0,0.0,103.0,338.0
325415.0,0.0,3.1293,0.026,0.07978,0.0,0.0,-1.0,0.0,0.0,103.0,338.0
325425.0,0.0,3.1278,-0.042,0.07978,0.0,0.0,-1.0,0.0,0.0,103.0,337.0
325435.0,0.0,3.1278,-0.002,0.07978,0.0,0.0,-1.0,0.0,0.0,103.0,346.0
325445.0,0.0,3.1293,-0.005,0.07978,0.0,0.0,-1.0,0.0,0.0,103.0,343.0
325455.0,0.0,3.1293,-0.014,0.07978,0.0,0.0,-1.0,0.0,0.0,103.0,343.0
325465.0,0.0,3.1293,-0.011,0.07978,0.0,0.0,-1.0,0.0,0.0,103.0,343.0
325476.0,0.0,3.1293,0.023,0.07978,0.0,0.0,-1.0,0.0,0.0,103.0,343.0
325486.0,0.0,3.1293,0.019,0.07978,0.0,0.0,-1.0,0.0,0.0,103.0,348.0
325496.0,0.0,3.1293,0.005,0.07978,0.0,0.0,-1.0,0.0,0.0,103.0,345.0
325506.0,0.0,3.1293,0.004,0.07978,0.0,0.0,-1.0,0.0,0.0,103.0,344.0
325516.0,0.0,3.1293,0.007,0.07978,0.0,0.0,-1.0,0.0,0.0,103.0,348.0
325526.0,0.0,3.1293,0.033,0.07978,0.0,0.0,-1.0,0.0,0.0,103.0,337.0
325536.0,0.0,3.1293,0.018,0.07978,0.0,0.0,-1.0,0.0,0.0,103.0,344.0
325546.0,0.0,3.1293,0.017,0.07978,0.0,0.0,-1.0,0.0,0.0,103.0,348.0
325557.0,0.0,3.1293,-0.024,0.07978,0.0,0.0,-1.0,0.0,0.0,103.0,338.0
325567.0,0.0,3.1278,-0.002,0.07978,0.0,0.0,-1.0,0.0,0.0,103.0,338.0
325577.0,0.0,3.1293,0.019,0.07978,0.0,0.0,-1.0,0.0,0.0,103.0,346.0
325587.0,0.0,3.1293,-0.003,0.07978,0.0,0.0,-1.0,0.0,0.0,103.0,345.0
325597.0,0.0,3.1293,0.014,0.07978,0.0,0.0,-1.0,0.0,0.0,103.0,345.0
325608.0,0.0,3.1293,-0.036,0.07978,0.0,0.0,-1.0,0.0,0.0,103.0,345.0
325618.0,0.0,3.1293,0.002,0.07978,0.0,0.0,-1.0,0.0,0.0,103.0,344.0
325628.0,0.0,3.1293,0.026,0.07978,0.0,0.0,-1.0,0.0,0.0,103.0,348.0
325638.0,0.0,3.1278,-0.01,0.07978,0.0,0.0,-1.0,0.0,0.0,103.0,346.0
325648.0,0.0,3.1293,-0.014,0.07978,0.0,0.0,-1.0,0.0,0.0,103.0,347.0
325659.0,0.0,3.1293,0.023,0.07978,0.0,0.0,-1.0,0.0,0.0,103.0,345.0
325669.0,0.0,3.1293,-0.008,0.07978,0.0,0.0,-1.0,0.0,0.0,103.0,345.0
325679.0,0.0,3.1293,0.028,0.07978,0.0,0.0,-1.0,0.0,0.0,103.0,344.0
325689.0,0.0,3.1293,-0.019,0.07978,0.0,0.0,-1.0,0.0,0.0,103.0,348.0
325699.0,0.0,3.1293,0.026,0.07978,0.0,0.0,-1.0,0.0,0.0,103.0,338.0
325710.0,0.0,3.1278,-0.027,0.07978,0.0,0.0,-1.0,0.0,0.0,103.0,337.0
325720.0,0.0,3.1293,0.017,0.07978,0.0,0.0,-1.0,0.0,0.0,103.0,338.0
325730.0,0.0,3.1293,0.024,0.07978,0.0,0.0,-1.0,0.0,0.0,103.0,348.0
325740.0,0.0,3.1293,0.032,0.07978,0.0,0.0,-1.0,0.0,0.0,103.0,346.0
325750.0,0.0,3.1293,0.019,0.07978,0.0,0.0,-1.0,0.0,0.0,103.0,343.0
325760.0,0.0,3.1293,-0.014,0.07978,0.0,0.0,-1.0,0.0,0.0,103.0,338.0
325770.0,0.0,3.1293,0.013,0.07978,0.0,0.0,-1.0,0.0,0.0,103.0,347.0
325780.0,0.0,3.1293,0.001,0.07978,0.0,0.0,-1.0,0.0,0.0,103.0,346.0
325790.0,0.0,3.1278,-0.028,0.07978,0.0,0.0,-1.0,0.0,0.0,103.0,337.0
325800.0,0.0,3.1293,0.022,0.07978,0.0,0.0,-1.0,0.0,0.0,103.0,338.0
325810.0,0.0,3.1293,0.021,0.07978,0.0,0.0,-1.0,0.0,0.0,103.0,348.0
325821.0,0.0,3.1293,0.006,0.07978,0.0,0.0,-1.0,0.0,0.0,103.0,338.0
325831.0,0.0,3.1293,-0.019,0.07978,0.0,0.0,-1.0,0.0,0.0,103.0,348.0
325841.0,0.0,3.1278,-0.003,0.07978,0.0,0.0,-1.0,0.0,0.0,103.0,337.0
325851.0,0.0,3.1293,0.002,0.07978,0.0,0.0,-1.0,0.0,0.0,103.0,343.0
325861.0,0.0,3.1278,-0.03,0.07978,0.0,0.0,-1.0,0.0,0.0,103.0,338.0
325871.0,0.0,3.1278,-0.04,0.07978,0.0,0.0,-1.0,0.0,0.0,103.0,348.0
325881.0,0.0,3.1293,0.003,0.07978,0.0,0.0,-1.0,0.0,0.0,103.0,346.0
325891.0,0.0,3.1293,0.004,0.07978,0.0,0.0,-1.0,0.0,0.0,103.0,347.0
325902.0,0.0,3.1293,0.025,0.07978,0.0,0.0,-1.0,0.0,0.0,103.0,338.0
325912.0,0.0,3.1293,0.024,0.07978,0.0,0.0,-1.0,0.0,0.0,103.0,348.0
325922.0,0.0,3.1278,-0.035,0.07978,0.0,0.0,-1.0,0.0,0.0,103.0,346.0
325932.0,0.0,3.1293,-0.005,0.07978,0.0,0.0,-1.0,0.0,0.0,103.0,338.0
325942.0,0.0,3.1293,0.018,0.07978,0.0,0.0,-1.0,0.0,0.0,103.0,338.0
325952.0,0.0,3.1293,0.021,0.07978,0.0,0.0,-1.0,0.0,0.0,103.0,348.0
325963.0,0.0,3.1293,0.018,0.07978,0.0,0.0,-1.0,0.0,0.0,103.0,338.0
325973.0,0.0,3.1293,0.008,0.07978,0.0,0.0,-1.0,0.0,0.0,103.0,338.0
325983.0,0.0,3.1293,-0.007,0.07978,0.0,0.0,-1.0,0.0,0.0,103.0,346.0
325993.0,0.0,3.1293,0.003,0.07978,0.0,0.0,-1.0,0.0,0.0,103.0,345.0
326003.0,0.0,3.1293,-0.011,0.07978,0.0,0.0,-1.0,0.0,0.0,103.0,344.0
326014.0,0.0,3.1293,0.013,0.07978,0.0,0.0,-1.0,0.0,0.0,103.0,343.0
326024.0,0.0,3.1263,-0.063,0.07978,0.0,0.0,-1.0,0.0,0.0,103.0,344.0
326034.0,0.0,3.1278,0.006,0.07978,0.0,0.0,-1.0,0.0,0.0,103.0,337.0
326044.0,0.0,3.1293,0.018,0.07978,0.0,0.0,-1.0,0.0,0.0,103.0,337.0
326054.0,0.0,3.1293,-0.01,0.07978,0.0,0.0,-1.0,0.0,0.0,103.0,347.0
326065.0,0.0,3.1293,-0.0,0.07978,0.0,0.0,-1.0,0.0,0.0,103.0,345.0
326075.0,0.0,3.1293,0.017,0.07978,0.0,0.0,-1.0,0.0,0.0,103.0,343.0
326085.0,0.0,3.1293,0.012,0.07978,0.0,0.0,-1.0,0.0,0.0,103.0,346.0
326095.0,0.0,3.1293,0.015,0.07978,0.0,0.0,-1.0,0.0,0.0,103.0,345.0
326105.0,0.0,3.1293,-0.012,0.07978,0.0,0.0,-1.0,0.0,0.0,103.0,344.0
326116.0,0.0,3.1278,-0.005,0.07978,0.0,0.0,-1.0,0.0,0.0,103.0,343.0
326126.0,0.0,3.1278,0.001,0.07978,0.0,0.0,-1.0,0.0,0.0,103.0,343.0
326136.0,0.0,3.1293,0.009,0.07978,0.0,0.0,-1.0,0.0,0.0,103.0,347.0
326146.0,0.0,3.1293,-0.007,0.07978,0.0,0.0,-1.0,0.0,0.0,103.0,346.0
326156.0,0.0,3.1293,0.022,0.07978,0.0,0.0,-1.0,0.0,0.0,103.0,347.0
326167.0,0.0,3.1278,-0.013,0.07978,0.0,0.0,-1.0,0.0,0.0,103.0,338.0
326177.0,0.0,3.1293,0.014,0.07978,0.0,0.0,-1.0,0.0,0.0,103.0,346.0
326187.0,0.0,3.1293,0.022,0.07978,0.0,0.0,-1.0,0.0,0.0,103.0,336.0
326197.0,0.0,3.1293,-0.007,0.07978,0.0,0.0,-1.0,0.0,0.0,103.0,338.0
326207.0,0.0,3.1293,0.015,0.07978,0.0,0.0,-1.0,0.0,0.0,103.0,338.0
326217.0,0.0,3.1293,0.01,0.07978,0.0,0.0,-1.0,0.0,0.0,103.0,347.0
326228.0,0.0,3.1278,-0.029,0.07978,0.0,0.0,-1.0,0.0,0.0,103.0,338.0
326238.0,0.0,3.1293,0.015,0.07978,0.0,0.0,-1.0,0.0,0.0,103.0,348.0
326248.0,0.0,3.1293,0.01,0.07978,0.0,0.0,-1.0,0.0,0.0,103.0,346.0
326258.0,0.0,3.1293,0.012,0.07978,0.0,0.0,-1.0,0.0,0.0,103.0,338.0
326268.0,0.0,3.1293,0.011,0.07978,0.0,0.0,-1.0,0.0,0.0,103.0,338.0
326278.0,0.0,3.1278,-0.022,0.07978,0.0,0.0,-1.0,0.0,0.0,103.0,348.0
326289.0,0.0,3.1293,0.021,0.07978,0.0,0.0,-1.0,0.0,0.0,103.0,343.0
326299.0,0.0,3.1293,-0.017,0.07978,0.0,0.0,-1.0,0.0,0.0,103.0,338.0
326309.0,0.0,3.1293,0.014,0.07978,0.0,0.0,-1.0,0.0,0.0,103.0,337.0
326319.0,0.0,3.1293,0.01,0.07978,0.0,0.0,-1.0,0.0,0.0,103.0,345.0
326329.0,0.0,3.1278,-0.02,0.07978,0.0,0.0,-1.0,0.0,0.0,103.0,344.0
326340.0,0.0,3.1293,0.009,0.07978,0.0,0.0,-1.0,0.0,0.0,103.0,343.0
326350.0,0.0,3.1293,0.025,0.07978,0.0,0.0,-1.0,0.0,0.0,103.0,338.0
326360.0,0.0,3.1293,-0.007,0.07978,0.0,0.0,-1.0,0.0,0.0,103.0,337.0
326370.0,0.0,3.1278,-0.027,0.07978,0.0,0.0,-1.0,0.0,0.0,103.0,338.0
326380.0,0.0,3.1293,0.033,0.07978,0.0,0.0,-1.0,0.0,0.0,103.0,348.0
326390.0,0.0,3.1293,0.01,0.07978,0.0,0.0,-1.0,0.0,0.0,103.0,338.0
326400.0,0.0,3.1293,0.002,0.07978,0.0,0.0,-1.0,0.0,0.0,103.0,347.0
326411.0,0.0,3.1293,-0.007,0.07978,0.0,0.0,-1.0,0.0,0.0,103.0,338.0
326421.0,0.0,3.1293,-0.018,0.07978,0.0,0.0,-1.0,0.0,0.0,103.0,348.0
326431.0,0.0,3.1293,0.007,0.07978,0.0,0.0,-1.0,0.0,0.0,103.0,346.0
326441.0,0.0,3.1293,0.022,0.07978,0.0,0.0,-1.0,0.0,0.0,103.0,338.0
326451.0,0.0,3.1293,0.006,0.07978,0.0,0.0,-1.0,0.0,0.0,103.0,344.0
326461.0,0.0,3.1293,0.001,0.07978,0.0,0.0,-1.0,0.0,0.0,103.0,343.0
326472.0,0.0,3.1278,-0.009,0.07978,0.0,0.0,-1.0,0.0,0.0,103.0,344.0
326482.0,0.0,3.1293,-0.015,0.07978,0.0,0.0,-1.0,0.0,0.0,103.0,348.0
326492.0,0.0,3.1293,0.028,0.07978,0.0,0.0,-1.0,0.0,0.0,103.0,346.0
326502.0,0.0,3.1293,0.001,0.07978,0.0,0.0,-1.0,0.0,0.0,103.0,338.0
326512.0,0.0,3.1293,-0.001,0.07978,0.0,0.0,-1.0,0.0,0.0,103.0,338.0
326522.0,0.0,3.1293,0.007,0.07978,0.0,0.0,-1.0,0.0,0.0,103.0,343.0
326533.0,0.0,3.1293,-0.01,0.07978,0.0,0.0,-1.0,0.0,0.0,103.0,343.0
326543.0,0.0,3.1293,0.013,0.07978,0.0,0.0,-1.0,0.0,0.0,103.0,348.0
326553.0,0.0,3.1293,-0.004,0.07978,0.0,0.0,-1.0,0.0,0.0,103.0,337.0
326563.0,0.0,3.1293,0.002,0.07978,0.0,0.0,-1.0,0.0,0.0,103.0,343.0
326573.0,0.0,3.1278,-0.018,0.07978,0.0,0.0,-1.0,0.0,0.0,103.0,338.0
326583.0,0.0,3.1293,-0.015,0.07978,0.0,0.0,-1.0,0.0,0.0,103.0,347.0
326593.0,0.0,3.1293,0.002,0.07978,0.0,0.0,-1.0,0.0,0.0,103.0,346.0
326603.0,0.0,3.1278,-0.04,0.07978,0.0,0.0,-1.0,0.0,0.0,103.0,345.0
326614.0,0.0,3.1293,0.005,0.07978,0.0,0.0,-1.0,0.0,0.0,103.0,339.0
326624.0,0.0,3.1278,-0.001,0.07978,0.0,0.0,-1.0,0.0,0.0,103.0,338.0
326634.0,0.0,3.1293,0.014,0.07978,0.0,0.0,-1.0,0.0,0.0,103.0,346.0
326644.0,0.0,3.1293,-0.006,0.07978,0.0,0.0,-1.0,0.0,0.0,103.0,345.0
326654.0,0.0,3.1278,-0.049,0.07978,0.0,0.0,-1.0,0.0,0.0,103.0,344.0
326665.0,0.0,3.1278,0.005,0.07978,0.0,0.0,-1.0,0.0,0.0,103.0,343.0
326675.0,0.0,3.1293,-0.01,0.07978,0.0,0.0,-1.0,0.0,0.0,103.0,338.0
326685.0,0.0,3.1278,-0.008,0.07978,0.0,0.0,-1.0,0.0,0.0,103.0,348.0
326695.0,0.0,3.1278,-0.008,0.07978,0.0,0.0,-1.0,0.0,0.0,103.0,346.0
326705.0,0.0,3.1293,0.002,0.07978,0.0,0.0,-1.0,0.0,0.0,103.0,337.0
326715.0,0.0,3.1293,0.016,0.07978,0.0,0.0,-1.0,0.0,0.0,103.0,338.0
326725.0,0.0,3.1293,-0.016,0.07978,0.0,0.0,-1.0,0.0,0.0,103.0,337.0
326735.0,0.0,3.1293,-0.001,0.07978,0.0,0.0,-1.0,0.0,0.0,103.0,338.0
326745.0,0.0,3.1293,0.006,0.07978,0.0,0.0,-1.0,0.0,0.0,103.0,348.0
326756.0,0.0,3.1293,0.005,0.07978,0.0,0.0,-1.0,0.0,0.0,103.0,338.0
326766.0,0.0,3.1293,0.012,0.07978,0.0,0.0,-1.0,0.0,0.0,103.0,348.0
326776.0,0.0,3.1293,0.001,0.07978,0.0,0.0,-1.0,0.0,0.0,103.0,337.0
326786.0,0.0,3.1293,0.015,0.07978,0.0,0.0,-1.0,0.0,0.0,103.0,344.0
326796.0,0.0,3.1293,-0.011,0.07978,0.0,0.0,-1.0,0.0,0.0,103.0,338.0
326806.0,0.0,3.1278,-0.023,0.07978,0.0,0.0,-1.0,0.0,0.0,103.0,348.0
326817.0,0.0,3.1278,-0.02,0.07978,0.0,0.0,-1.0,0.0,0.0,103.0,338.0
326827.0,0.0,3.1293,0.015,0.07978,0.0,0.0,-1.0,0.0,0.0,103.0,348.0
326837.0,0.0,3.1293,-0.026,0.07978,0.0,0.0,-1.0,0.0,0.0,103.0,346.0
326847.0,0.0,3.1293,0.017,0.07978,0.0,0.0,-1.0,0.0,0.0,103.0,343.0
326857.0,0.0,3.1293,0.002,0.07978,0.0,0.0,-1.0,0.0,0.0,103.0,338.0
326867.0,0.0,3.1293,-0.001,0.07978,0.0,0.0,-1.0,0.0,0.0,103.0,347.0
326877.0,0.0,3.1293,-0.005,0.07978,0.0,0.0,-1.0,0.0,0.0,103.0,336.0
326887.0,0.0,3.1293,0.003,0.07978,0.0,0.0,-1.0,0.0,0.0,103.0,347.0
326898.0,0.0,3.1293,0.015,0.07978,0.0,0.0,-1.0,0.0,0.0,103.0,338.0
326908.0,0.0,3.1293,-0.009,0.07978,0.0,0.0,-1.0,0.0,0.0,103.0,348.0
326918.0,0.0,3.1278,-0.038,0.07978,0.0,0.0,-1.0,0.0,0.0,103.0,346.0
326928.0,0.0,3.1278,-0.023,0.07978,0.0,0.0,-1.0,0.0,0.0,103.0,338.0
326938.0,0.0,3.1293,0.004,0.07978,0.0,0.0,-1.0,0.0,0.0,103.0,344.0
326948.0,0.0,3.1293,0.008,0.07978,0.0,0.0,-1.0,0.0,0.0,103.0,343.0
326959.0,0.0,3.1293,0.009,0.07978,0.0,0.0,-1.0,0.0,0.0,103.0,338.0
326969.0,0.0,3.1293,0.009,0.07978,0.0,0.0,-1.0,0.0,0.0,103.0,348.0
326979.0,0.0,3.1293,0.012,0.07978,0.0,0.0,-1.0,0.0,0.0,103.0,346.0
326989.0,0.0,3.1293,0.009,0.07978,0.0,0.0,-1.0,0.0,0.0,103.0,343.0
326999.0,0.0,3.1293,0.005,0.07978,0.0,0.0,-1.0,0.0,0.0,103.0,338.0
327009.0,0.0,3.1293,0.007,0.07978,0.0,0.0,-1.0,0.0,0.0,103.0,347.0
327019.0,0.0,3.1293,0.005,0.07978,0.0,0.0,-1.0,0.0,0.0,103.0,346.0
327029.0,0.0,3.1293,-0.003,0.07978,0.0,0.0,-1.0,0.0,0.0,103.0,346.0
327040.0,0.0,3.1293,0.005,0.07978,0.0,0.0,-1.0,0.0,0.0,103.0,338.0
327050.0,0.0,3.1293,0.005,0.07978,0.0,0.0,-1.0,0.0,0.0,103.0,348.0
327060.0,0.0,3.1293,0.021,0.07978,0.0,0.0,-1.0,0.0,0.0,103.0,337.0
327070.0,0.0,3.1278,-0.01,0.07978,0.0,0.0,-1.0,0.0,0.0,103.0,343.0
327080.0,0.0,3.1293,0.009,0.07978,0.0,0.0,-1.0,0.0,0.0,103.0,338.0
327090.0,0.0,3.1293,-0.003,0.07978,0.0,0.0,-1.0,0.0,0.0,103.0,347.0
327100.0,0.0,3.1293,-0.02,0.07978,0.0,0.0,-1.0,0.0,0.0,103.0,346.0
327110.0,0.0,3.1293,-0.012,0.07978,0.0,0.0,-1.0,0.0,0.0,103.0,345.0
327121.0,0.0,3.1293,0.007,0.07978,0.0,0.0,-1.0,0.0,0.0,103.0,344.0
327131.0,0.0,3.1293,0.005,0.07978,0.0,0.0,-1.0,0.0,0.0,103.0,338.0
327141.0,0.0,3.1278,-0.023,0.07978,0.0,0.0,-1.0,0.0,0.0,103.0,346.0
327151.0,0.0,3.1278,0.001,0.07978,0.0,0.0,-1.0,0.0,0.0,103.0,345.0
327161.0,0.0,3.1278,-0.019,0.07978,0.0,0.0,-1.0,0.0,0.0,103.0,344.0
327172.0,0.0,3.1293,0.019,0.07978,0.0,0.0,-1.0,0.0,0.0,103.0,344.0
327182.0,0.0,3.1293,0.006,0.07978,0.0,0.0,-1.0,0.0,0.0,103.0,338.0
327192.0,0.0,3.1293,0.016,0.07978,0.0,0.0,-1.0,0.0,0.0,103.0,348.0
327202.0,0.0,3.1293,-0.002,0.07978,0.0,0.0,-1.0,0.0,0.0,103.0,337.0
327212.0,0.0,3.1278,-0.014,0.07978,0.0,0.0,-1.0,0.0,0.0,103.0,343.0
327222.0,0.0,3.1293,0.013,0.07978,0.0,0.0,-1.0,0.0,0.0,103.0,338.0
327232.0,0.0,3.1293,-0.004,0.07978,0.0,0.0,-1.0,0.0,0.0,103.0,348.0
327242.0,0.0,3.1293,-0.008,0.07978,0.0,0.0,-1.0,0.0,0.0,103.0,338.0
327253.0,0.0,3.1293,-0.016,0.07978,0.0,0.0,-1.0,0.0,0.0,103.0,337.0
327263.0,0.0,3.1278,-0.03,0.07978,0.0,0.0,-1.0,0.0,0.0,103.0,346.0
327273.0,0.0,3.1293,0.024,0.07978,0.0,0.0,-1.0,0.0,0.0,103.0,338.0
327283.0,0.0,3.1278,-0.009,0.07978,0.0,0.0,-1.0,0.0,0.0,103.0,338.0
327293.0,0.0,3.1293,0.014,0.07978,0.0,0.0,-1.0,0.0,0.0,103.0,343.0
327304.0,0.0,3.1293,0.016,0.07978,0.0,0.0,-1.0,0.0,0.0,103.0,343.0
327314.0,0.0,3.1293,-0.001,0.07978,0.0,0.0,-1.0,0.0,0.0,103.0,337.0
327324.0,0.0,3.1278,-0.012,0.07978,0.0,0.0,-1.0,0.0,0.0,103.0,338.0
327334.0,0.0,3.1293,-0.02,0.07978,0.0,0.0,-1.0,0.0,0.0,103.0,338.0
327344.0,0.0,3.1293,0.021,0.07978,0.0,0.0,-1.0,0.0,0.0,103.0,346.0
327354.0,0.0,3.1293,-0.005,0.07978,0.0,0.0,-1.0,0.0,0.0,103.0,345.0
327364.0,0.0,3.1293,0.019,0.07978,0.0,0.0,-1.0,0.0,0.0,103.0,344.0
327375.0,0.0,3.1293,0.008,0.07978,0.0,0.0,-1.0,0.0,0.0,103.0,343.0
327385.0,0.0,3.1293,0.003,0.07978,0.0,0.0,-1.0,0.0,0.0,103.0,338.0
327395.0,0.0,3.1293,0.02,0.07978,0.0,0.0,-1.0,0.0,0.0,103.0,348.0
327405.0,0.0,3.1278,-0.009,0.07978,0.0,0.0,-1.0,0.0,0.0,103.0,337.0
327415.0,0.0,3.1293,-0.006,0.07978,0.0,0.0,-1.0,0.0,0.0,103.0,344.0
327425.0,0.0,3.1293,-0.017,0.07978,0.0,0.0,-1.0,0.0,0.0,103.0,343.0
327435.0,0.0,3.1293,0.018,0.07978,0.0,0.0,-1.0,0.0,0.0,103.0,343.0
327446.0,0.0,3.1293,-0.02,0.07978,0.0,0.0,-1.0,0.0,0.0,103.0,338.0
327456.0,0.0,3.1293,0.018,0.07978,0.0,0.0,-1.0,0.0,0.0,103.0,348.0
327466.0,0.0,3.1278,-0.021,0.07978,0.0,0.0,-1.0,0.0,0.0,103.0,346.0
327476.0,0.0,3.1293,0.005,0.07978,0.0,0.0,-1.0,0.0,0.0,103.0,338.0
327486.0,0.0,3.1293,0.021,0.07978,0.0,0.0,-1.0,0.0,0.0,103.0,338.0
327497.0,0.0,3.1293,0.015,0.07978,0.0,0.0,-1.0,0.0,0.0,103.0,337.0
327507.0,0.0,3.1293,-0.016,0.07978,0.0,0.0,-1.0,0.0,0.0,103.0,338.0
327517.0,0.0,3.1293,-0.002,0.07978,0.0,0.0,-1.0,0.0,0.0,103.0,338.0
327527.0,0.0,3.1293,-0.003,0.07978,0.0,0.0,-1.0,0.0,0.0,103.0,346.0
327537.0,0.0,3.1293,0.021,0.07978,0.0,0.0,-1.0,0.0,0.0,103.0,345.0
327547.0,0.0,3.1278,-0.019,0.07978,0.0,0.0,-1.0,0.0,0.0,103.0,345.0
327558.0,0.0,3.1293,-0.019,0.07978,0.0,0.0,-1.0,0.0,0.0,103.0,345.0
327568.0,0.0,3.1293,0.036,0.07978,0.0,0.0,-1.0,0.0,0.0,103.0,336.0
327578.0,0.0,3.1293,0.018,0.07978,0.0,0.0,-1.0,0.0,0.0,103.0,338.0
327588.0,0.0,3.1278,-0.019,0.07978,0.0,0.0,-1.0,0.0,0.0,103.0,338.0
327598.0,0.0,3.1293,0.009,0.07978,0.0,0.0,-1.0,0.0,0.0,103.0,348.0
327609.0,0.0,3.1278,-0.026,0.07978,0.0,0.0,-1.0,0.0,0.0,103.0,338.0
327619.0,0.0,3.1293,0.011,0.07978,0.0,0.0,-1.0,0.0,0.0,103.0,338.0
327629.0,0.0,3.1293,0.011,0.07978,0.0,0.0,-1.0,0.0,0.0,103.0,346.0
327639.0,0.0,3.1293,-0.008,0.07978,0.0,0.0,-1.0,0.0,0.0,103.0,345.0
327649.0,0.0,3.1278,-0.035,0.07978,0.0,0.0,-1.0,0.0,0.0,103.0,344.0
327660.0,0.0,3.1293,0.011,0.07978,0.0,0.0,-1.0,0.0,0.0,103.0,343.0
327670.0,0.0,3.1293,0.009,0.07978,0.0,0.0,-1.0,0.0,0.0,103.0,338.0
327680.0,0.0,3.1293,0.003,0.07978,0.0,0.0,-1.0,0.0,0.0,103.0,348.0
327690.0,0.0,3.1293,0.011,0.07978,0.0,0.0,-1.0,0.0,0.0,103.0,346.0
327700.0,0.0,3.1293,-0.027,0.07978,0.0,0.0,-1.0,0.0,0.0,103.0,338.0
327710.0,0.0,3.1293,-0.01,0.07978,0.0,0.0,-1.0,0.0,0.0,103.0,338.0
327720.0,0.0,3.1293,0.016,0.07978,0.0,0.0,-1.0,0.0,0.0,103.0,348.0
327731.0,0.0,3.1293,-0.009,0.07978,0.0,0.0,-1.0,0.0,0.0,103.0,344.0
327741.0,0.0,3.1293,0.005,0.07978,0.0,0.0,-1.0,0.0,0.0,103.0,348.0
327751.0,0.0,3.1293,0.009,0.07978,0.0,0.0,-1.0,0.0,0.0,103.0,337.0
327761.0,0.0,3.1278,-0.024,0.07978,0.0,0.0,-1.0,0.0,0.0,103.0,343.0
327771.0,0.0,3.1293,0.002,0.07978,0.0,0.0,-1.0,0.0,0.0,103.0,338.0
327781.0,0.0,3.1278,-0.041,0.07978,0.0,0.0,-1.0,0.0,0.0,103.0,337.0
327791.0,0.0,3.1293,0.005,0.07978,0.0,0.0,-1.0,0.0,0.0,103.0,338.0
327801.0,0.0,3.1293,0.018,0.07978,0.0,0.0,-1.0,0.0,0.0,103.0,343.0
327812.0,0.0,3.1293,-0.004,0.07978,0.0,0.0,-1.0,0.0,0.0,103.0,338.0
327822.0,0.0,3.1293,-0.015,0.07978,0.0,0.0,-1.0,0.0,0.0,103.0,337.0
327832.0,0.0,3.1278,-0.012,0.07978,0.0,0.0,-1.0,0.0,0.0,103.0,336.0
327842.0,0.0,3.1293,0.015,0.07978,0.0,0.0,-1.0,0.0,0.0,103.0,338.0
327852.0,0.0,3.1293,0.011,0.07978,0.0,0.0,-1.0,0.0,0.0,103.0,338.0
327862.0,0.0,3.1278,-0.028,0.07978,0.0,0.0,-1.0,0.0,0.0,103.0,346.0
327873.0,0.0,3.1293,0.01,0.07978,0.0,0.0,-1.0,0.0,0.0,103.0,336.0
327883.0,0.0,3.1278,-0.023,0.07978,0.0,0.0,-1.0,0.0,0.0,103.0,345.0
327893.0,0.0,3.1293,0.01,0.07978,0.0,0.0,-1.0,0.0,0.0,103.0,344.0
327903.0,0.0,3.1293,-0.005,0.07978,0.0,0.0,-1.0,0.0,0.0,103.0,348.0
327913.0,0.0,3.1293,-0.01,0.07978,0.0,0.0,-1.0,0.0,0.0,103.0,337.0
327923.0,0.0,3.1293,0.01,0.07978,0.0,0.0,-1.0,0.0,0.0,103.0,347.0
327934.0,0.0,3.1278,0.001,0.07978,0.0,0.0,-1.0,0.0,0.0,103.0,338.0
327944.0,0.0,3.1293,0.002,0.07978,0.0,0.0,-1.0,0.0,0.0,103.0,348.0
327954.0,0.0,3.1293,0.009,0.07978,0.0,0.0,-1.0,0.0,0.0,103.0,346.0
327964.0,0.0,3.1293,0.007,0.07978,0.0,0.0,-1.0,0.0,0.0,103.0,338.0
327974.0,0.0,3.1293,0.008,0.07978,0.0,0.0,-1.0,0.0,0.0,103.0,338.0
327984.0,0.0,3.1293,0.006,0.07978,0.0,0.0,-1.0,0.0,0.0,103.0,348.0
327995.0,0.0,3.1293,0.002,0.07978,0.0,0.0,-1.0,0.0,0.0,103.0,338.0
328005.0,0.0,3.1293,0.001,0.07978,0.0,0.0,-1.0,0.0,0.0,103.0,348.0
328015.0,0.0,3.1293,0.0,0.07978,0.0,0.0,-1.0,0.0,0.0,103.0,346.0
328025.0,0.0,3.1293,-0.006,0.07978,0.0,0.0,-1.0,0.0,0.0,103.0,338.0
328035.0,0.0,3.1293,0.004,0.07978,0.0,0.0,-1.0,0.0,0.0,103.0,338.0
328045.0,0.0,3.1293,0.001,0.07978,0.0,0.0,-1.0,0.0,0.0,103.0,347.0
328056.0,0.0,3.1293,0.005,0.07978,0.0,0.0,-1.0,0.0,0.0,103.0,338.0
328066.0,0.0,3.1293,0.002,0.07978,0.0,0.0,-1.0,0.0,0.0,103.0,348.0
328076.0,0.0,3.1293,0.001,0.07978,0.0,0.0,-1.0,0.0,0.0,103.0,346.0
328086.0,0.0,3.1278,-0.075,0.07978,0.0,0.0,-1.0,0.0,0.0,103.0,337.0
328096.0,0.0,3.1293,0.025,0.07978,0.0,0.0,-1.0,0.0,0.0,103.0,338.0
328106.0,0.0,3.1293,0.029,0.07978,0.0,0.0,-1.0,0.0,0.0,103.0,347.0
328116.0,0.0,3.1293,-0.019,0.07978,0.0,0.0,-1.0,0.0,0.0,103.0,346.0
328126.0,0.0,3.1293,-0.02,0.07978,0.0,0.0,-1.0,0.0,0.0,103.0,345.0
328137.0,0.0,3.1293,0.02,0.07978,0.0,0.0,-1.0,0.0,0.0,103.0,344.0
328147.0,0.0,3.1293,0.025,0.07978,0.0,0.0,-1.0,0.0,0.0,103.0,337.0
328157.0,0.0,3.1293,-0.001,0.07978,0.0,0.0,-1.0,0.0,0.0,103.0,338.0
328167.0,0.0,3.1293,-0.009,0.07978,0.0,0.0,-1.0,0.0,0.0,103.0,347.0
328177.0,0.0,3.1293,0.016,0.07978,0.0,0.0,-1.0,0.0,0.0,103.0,343.0
328187.0,0.0,3.1293,0.025,0.07978,0.0,0.0,-1.0,0.0,0.0,103.0,348.0
328197.0,0.0,3.1293,0.002,0.07978,0.0,0.0,-1.0,0.0,0.0,103.0,346.0
328207.0,0.0,3.1293,-0.024,0.07978,0.0,0.0,-1.0,0.0,0.0,103.0,345.0
328218.0,0.0,3.1293,0.009,0.07978,0.0,0.0,-1.0,0.0,0.0,103.0,344.0
328228.0,0.0,3.1278,-0.006,0.07978,0.0,0.0,-1.0,0.0,0.0,103.0,337.0
328238.0,0.0,3.1293,0.008,0.07978,0.0,0.0,-1.0,0.0,0.0,103.0,337.0
328248.0,0.0,3.1278,-0.028,0.07978,0.0,0.0,-1.0,0.0,0.0,103.0,345.0
328258.0,1.0,3.1278,-0.005,0.07978,0.0,0.0,-1.0,0.0,0.0,103.0,337.0
328268.0,1.0,3.1293,0.002,0.07978,0.0,0.0,-1.0,0.0,0.0,103.0,339.0
328278.0,1.0,3.1293,0.02,0.07978,0.0,0.0,-1.0,0.0,0.0,103.0,344.0
328289.0,1.0,3.1293,0.014,0.07978,0.0,0.0,-1.0,0.0,0.0,103.0,345.0
328299.0,1.0,3.1293,-0.006,0.07978,0.0,0.0,-1.0,0.0,0.0,103.0,350.0
328309.0,1.0,3.1278,-0.031,0.07978,0.0,0.0,-1.0,0.0,0.0,103.0,338.0
328319.0,1.0,3.1293,0.021,0.07978,0.0,0.0,-1.0,0.0,0.0,103.0,344.0
328329.0,1.0,3.1293,0.015,0.07978,0.0,0.0,-1.0,0.0,0.0,103.0,338.0
328339.0,1.0,3.1278,-0.024,0.07978,0.0,0.0,-1.0,0.0,0.0,103.0,350.0
328350.0,1.0,3.1293,0.009,0.07978,0.0,0.0,-1.0,0.0,0.0,103.0,344.0
328360.0,1.0,3.1293,0.006,0.07978,0.0,0.0,-1.0,0.0,0.0,103.0,344.0
328370.0,1.0,3.1293,0.015,0.07978,0.0,0.0,-1.0,0.0,0.0,103.0,346.0
328380.0,1.0,3.1293,0.005,0.07978,0.0,0.0,-1.0,0.0,0.0,103.0,346.0
328390.0,1.0,3.1293,-0.016,0.07978,0.0,0.0,-1.0,0.0,0.0,103.0,339.0
328400.0,1.0,3.1293,0.016,0.07978,0.0,0.0,-1.0,0.0,0.0,103.0,346.0
328410.0,1.0,3.1293,0.01,0.07978,0.0,0.0,-1.0,0.0,0.0,103.0,339.0
328420.0,1.0,3.1278,-0.017,0.07978,0.0,0.0,-1.0,0.0,0.0,103.0,349.0
328431.0,1.0,3.1293,0.012,0.07978,0.0,0.0,-1.0,0.0,0.0,103.0,344.0
328441.0,1.0,3.1293,-0.007,0.07978,0.0,0.0,-1.0,0.0,0.0,103.0,339.0
328451.0,1.0,3.1293,0.022,0.07978,0.0,0.0,-1.0,0.0,0.0,103.0,338.0
328461.0,1.0,3.1293,0.013,0.07978,0.0,0.0,-1.0,0.0,0.0,103.0,346.0
328471.0,1.0,3.1293,-0.001,0.07978,0.0,0.0,-1.0,0.0,0.0,103.0,346.0
328481.0,1.0,3.1293,0.006,0.07978,0.0,0.0,-1.0,0.0,0.0,103.0,346.0
328492.0,1.0,3.1278,-0.034,0.07978,0.0,0.0,-1.0,0.0,0.0,103.0,337.0
328502.0,1.0,3.1293,-0.008,0.07978,0.0,0.0,-1.0,0.0,0.0,103.0,347.0
328512.0,1.0,3.1293,-0.011,0.07978,0.0,0.0,-1.0,0.0,0.0,103.0,346.0
328522.0,1.0,3.1293,0.021,0.07978,0.0,0.0,-1.0,0.0,0.0,103.0,350.0
328532.0,1.0,3.1278,-0.011,0.07978,0.0,0.0,-1.0,0.0,0.0,103.0,338.0
328542.0,1.0,3.1293,-0.01,0.07978,0.0,0.0,-1.0,0.0,0.0,103.0,339.0
328552.0,1.0,3.1293,-0.001,0.07978,0.0,0.0,-1.0,0.0,0.0,103.0,345.0
328563.0,1.0,3.1293,0.009,0.07978,0.0,0.0,-1.0,0.0,0.0,103.0,344.0
328573.0,1.0,3.1293,-0.016,0.07978,0.0,0.0,-1.0,0.0,0.0,103.0,346.0
328583.0,1.0,3.1278,-0.012,0.07978,0.0,0.0,-1.0,0.0,0.0,103.0,339.0
328593.0,1.0,3.1293,-0.005,0.07978,0.0,0.0,-1.0,0.0,0.0,103.0,337.0
328603.0,1.0,3.1293,-0.005,0.07978,0.0,0.0,-1.0,0.0,0.0,103.0,347.0
328614.0,1.0,3.1293,-0.008,0.07978,0.0,0.0,-1.0,0.0,0.0,103.0,337.0
328624.0,1.0,3.1293,-0.009,0.07978,0.0,0.0,-1.0,0.0,0.0,103.0,347.0
328634.0,1.0,3.1293,0.012,0.07978,0.0,0.0,-1.0,0.0,0.0,103.0,346.0
328644.0,1.0,3.1293,0.0,0.07978,0.0,0.0,-1.0,0.0,0.0,103.0,339.0
328654.0,1.0,3.1278,-0.018,0.07978,0.0,0.0,-1.0,0.0,0.0,103.0,344.0
328664.0,1.0,3.1293,0.006,0.07978,0.0,0.0,-1.0,0.0,0.0,103.0,344.0
328674.0,1.0,3.1293,0.003,0.07978,0.0,0.0,-1.0,0.0,0.0,103.0,346.0
328685.0,1.0,3.1293,0.001,0.07978,0.0,0.0,-1.0,0.0,0.0,103.0,344.0
328695.0,1.0,3.1293,-0.007,0.07978,0.0,0.0,-1.0,0.0,0.0,103.0,344.0
328705.0,1.0,3.1278,-0.015,0.07978,0.0,0.0,-1.0,0.0,0.0,103.0,344.0
328715.0,1.0,3.1293,0.008,0.07978,0.0,0.0,-1.0,0.0,0.0,103.0,338.0
328725.0,1.0,3.1293,-0.021,0.07978,0.0,0.0,-1.0,0.0,0.0,103.0,339.0
328735.0,1.0,3.1293,0.011,0.07978,0.0,0.0,-1.0,0.0,0.0,103.0,345.0
328745.0,1.0,3.1293,0.003,0.07978,0.0,0.0,-1.0,0.0,0.0,103.0,339.0
328755.0,1.0,3.1293,-0.014,0.07978,0.0,0.0,-1.0,0.0,0.0,103.0,344.0
328765.0,1.0,3.1293,0.016,0.07978,0.0,0.0,-1.0,0.0,0.0,103.0,346.0
328776.0,1.0,3.1293,0.005,0.07978,0.0,0.0,-1.0,0.0,0.0,103.0,345.0
328786.0,1.0,3.1293,0.011,0.07978,0.0,0.0,-1.0,0.0,0.0,103.0,339.0
328796.0,1.0,3.1293,0.007,0.07978,0.0,0.0,-1.0,0.0,0.0,103.0,338.0
328806.0,1.0,3.1293,0.001,0.07978,0.0,0.0,-1.0,0.0,0.0,103.0,346.0
328816.0,1.0,3.1278,-0.044,0.07978,0.0,0.0,-1.0,0.0,0.0,103.0,346.0
328827.0,1.0,3.1293,0.009,0.07978,0.0,0.0,-1.0,0.0,0.0,103.0,346.0
328837.0,1.0,3.1293,0.013,0.07978,0.0,0.0,-1.0,0.0,0.0,103.0,346.0
328847.0,1.0,3.1293,-0.0,0.07978,0.0,0.0,-1.0,0.0,0.0,103.0,346.0
328857.0,1.0,3.1293,-0.001,0.07978,0.0,0.0,-1.0,0.0,0.0,103.0,338.0
328867.0,1.0,3.1293,-0.005,0.07978,0.0,0.0,-1.0,0.0,0.0,103.0,350.0
328877.0,1.0,3.1278,-0.002,0.07978,0.0,0.0,-1.0,0.0,0.0,103.0,337.0
328887.0,1.0,3.1278,-0.01,0.07978,0.0,0.0,-1.0,0.0,0.0,103.0,346.0
328898.0,1.0,3.1293,0.001,0.07978,0.0,0.0,-1.0,0.0,0.0,103.0,346.0
328908.0,1.0,3.1278,-0.013,0.07978,0.0,0.0,-1.0,0.0,0.0,103.0,337.0
328918.0,1.0,3.1293,-0.007,0.07978,0.0,0.0,-1.0,0.0,0.0,103.0,344.0
328928.0,1.0,3.1293,-0.007,0.07978,0.0,0.0,-1.0,0.0,0.0,103.0,344.0
328938.0,1.0,3.1293,0.023,0.07978,0.0,0.0,-1.0,0.0,0.0,103.0,338.0
328948.0,1.0,3.1293,0.02,0.07978,0.0,0.0,-1.0,0.0,0.0,103.0,350.0
328959.0,1.0,3.1293,-0.01,0.07978,0.0,0.0,-1.0,0.0,0.0,103.0,346.0
328969.0,1.0,3.1293,0.01,0.07978,0.0,0.0,-1.0,0.0,0.0,103.0,346.0
328979.0,1.0,3.1278,-0.015,0.07978,0.0,0.0,-1.0,0.0,0.0,103.0,344.0
328989.0,1.0,3.1293,0.011,0.07978,0.0,0.0,-1.0,0.0,0.0,103.0,339.0
328999.0,1.0,3.1293,0.006,0.07978,0.0,0.0,-1.0,0.0,0.0,103.0,346.0
329009.0,1.0,3.1293,0.001,0.07978,0.0,0.0,-1.0,0.0,0.0,103.0,349.0
329019.0,1.0,3.1293,-0.0,0.07978,0.0,0.0,-1.0,0.0,0.0,103.0,338.0
329029.0,1.0,3.1293,-0.008,0.07978,0.0,0.0,-1.0,0.0,0.0,103.0,350.0
329040.0,1.0,3.1293,0.008,0.07978,0.0,0.0,-1.0,0.0,0.0,103.0,346.0
329050.0,1.0,3.1293,0.005,0.07978,0.0,0.0,-1.0,0.0,0.0,103.0,344.0
329060.0,1.0,3.1293,0.002,0.07978,0.0,0.0,-1.0,0.0,0.0,103.0,345.0
329070.0,1.0,3.1278,-0.025,0.07978,0.0,0.0,-1.0,0.0,0.0,103.0,338.0
329080.0,1.0,3.1293,0.012,0.07978,0.0,0.0,-1.0,0.0,0.0,103.0,345.0
329090.0,1.0,3.1263,-0.052,0.07978,0.0,0.0,-1.0,0.0,0.0,103.0,349.0
329100.0,1.0,3.1278,-0.023,0.07978,0.0,0.0,-1.0,0.0,0.0,103.0,339.0
329110.0,1.0,3.1293,0.036,0.07978,0.0,0.0,-1.0,0.0,0.0,103.0,350.0
329121.0,1.0,3.1293,0.019,0.07978,0.0,0.0,-1.0,0.0,0.0,103.0,345.0
329131.0,1.0,3.1278,-0.046,0.07978,0.0,0.0,-1.0,0.0,0.0,103.0,339.0
329141.0,1.0,3.1293,-0.009,0.07978,0.0,0.0,-1.0,0.0,0.0,103.0,339.0
329151.0,1.0,3.1293,0.023,0.07978,0.0,0.0,-1.0,0.0,0.0,103.0,338.0
329161.0,1.0,3.1293,-0.008,0.07978,0.0,0.0,-1.0,0.0,0.0,103.0,339.0
329171.0,1.0,3.1278,-0.011,0.07978,0.0,0.0,-1.0,0.0,0.0,103.0,350.0
329182.0,1.0,3.1293,0.001,0.07978,0.0,0.0,-1.0,0.0,0.0,103.0,346.0
329192.0,1.0,3.1293,0.012,0.07978,0.0,0.0,-1.0,0.0,0.0,103.0,346.0
329202.0,1.0,3.1293,-0.008,0.07978,0.0,0.0,-1.0,0.0,0.0,103.0,346.0
329212.0,1.0,3.1278,-0.01,0.07978,0.0,0.0,-1.0,0.0,0.0,103.0,338.0
329222.0,1.0,3.1293,-0.01,0.07978,0.0,0.0,-1.0,0.0,0.0,103.0,344.0
329232.0,1.0,3.1293,0.017,0.07978,0.0,0.0,-1.0,0.0,0.0,103.0,346.0
329243.0,1.0,3.1293,0.001,0.07978,0.0,0.0,-1.0,0.0,0.0,103.0,345.0
329253.0,1.0,3.1293,0.008,0.07978,0.0,0.0,-1.0,0.0,0.0,103.0,344.0
329263.0,1.0,3.1293,-0.011,0.07978,0.0,0.0,-1.0,0.0,0.0,103.0,339.0
329273.0,1.0,3.1293,0.01,0.07978,0.0,0.0,-1.0,0.0,0.0,103.0,346.0
329283.0,1.0,3.1278,-0.032,0.07978,0.0,0.0,-1.0,0.0,0.0,103.0,338.0
329293.0,1.0,3.1278,-0.008,0.07978,0.0,0.0,-1.0,0.0,0.0,103.0,350.0
329304.0,1.0,3.1278,-0.008,0.07978,0.0,0.0,-1.0,0.0,0.0,103.0,345.0
329314.0,1.0,3.1293,-0.001,0.07978,0.0,0.0,-1.0,0.0,0.0,103.0,346.0
329324.0,1.0,3.1293,0.006,0.07978,0.0,0.0,-1.0,0.0,0.0,103.0,339.0
329334.0,1.0,3.1293,0.0,0.07978,0.0,0.0,-1.0,0.0,0.0,103.0,350.0
329344.0,1.0,3.1293,0.013,0.07978,0.0,0.0,-1.0,0.0,0.0,103.0,346.0
329354.0,1.0,3.1293,0.007,0.07978,0.0,0.0,-1.0,0.0,0.0,103.0,346.0
329365.0,1.0,3.1278,-0.022,0.07978,0.0,0.0,-1.0,0.0,0.0,103.0,346.0
329375.0,1.0,3.1293,0.004,0.07978,0.0,0.0,-1.0,0.0,0.0,103.0,339.0
329385.0,1.0,3.1293,-0.0,0.07978,0.0,0.0,-1.0,0.0,0.0,103.0,338.0
329395.0,1.0,3.1293,0.002,0.07978,0.0,0.0,-1.0,0.0,0.0,103.0,346.0
329405.0,1.0,3.1293,-0.003,0.07978,0.0,0.0,-1.0,0.0,0.0,103.0,345.0
329415.0,1.0,3.1293,0.007,0.07978,0.0,0.0,-1.0,0.0,0.0,103.0,345.0
329426.0,1.0,3.1293,0.012,0.07978,0.0,0.0,-1.0,0.0,0.0,103.0,346.0
329436.0,1.0,3.1293,0.01,0.07978,0.0,0.0,-1.0,0.0,0.0,103.0,350.0
329446.0,1.0,3.1293,0.006,0.07978,0.0,0.0,-1.0,0.0,0.0,103.0,338.0
329456.0,1.0,3.1293,-0.007,0.07978,0.0,0.0,-1.0,0.0,0.0,103.0,347.0
329466.0,1.0,3.1293,0.0,0.07978,0.0,0.0,-1.0,0.0,0.0,103.0,346.0
329476.0,1.0,3.1293,0.008,0.07978,0.0,0.0,-1.0,0.0,0.0,103.0,346.0
329487.0,1.0,3.1293,0.004,0.07978,0.0,0.0,-1.0,0.0,0.0,103.0,337.0
329497.0,1.0,3.1278,-0.029,0.07978,0.0,0.0,-1.0,0.0,0.0,103.0,347.0
329507.0,1.0,3.1293,0.013,0.07978,0.0,0.0,-1.0,0.0,0.0,103.0,346.0
329517.0,1.0,3.1293,0.012,0.07978,0.0,0.0,-1.0,0.0,0.0,103.0,345.0
329527.0,1.0,3.1293,0.01,0.07978,0.0,0.0,-1.0,0.0,0.0,103.0,346.0
329537.0,1.0,3.1293,-0.003,0.07978,0.0,0.0,-1.0,0.0,0.0,103.0,345.0
329548.0,1.0,3.1293,0.008,0.07978,0.0,0.0,-1.0,0.0,0.0,103.0,346.0
329558.0,1.0,3.1293,-0.019,0.07978,0.0,0.0,-1.0,0.0,0.0,103.0,347.0
329568.0,1.0,3.1293,0.01,0.07978,0.0,0.0,-1.0,0.0,0.0,103.0,346.0
329578.0,1.0,3.1293,0.006,0.07978,0.0,0.0,-1.0,0.0,0.0,103.0,345.0
329588.0,1.0,3.1293,-0.007,0.07978,0.0,0.0,-1.0,0.0,0.0,103.0,339.0
329599.0,1.0,3.1293,0.015,0.07978,0.0,0.0,-1.0,0.0,0.0,103.0,339.0
329609.0,1.0,3.1293,0.014,0.07978,0.0,0.0,-1.0,0.0,0.0,103.0,339.0
329619.0,1.0,3.1293,0.009,0.07978,0.0,0.0,-1.0,0.0,0.0,103.0,348.0
329629.0,1.0,3.1278,-0.022,0.07978,0.0,0.0,-1.0,0.0,0.0,103.0,345.0
329639.0,1.0,3.1293,0.013,0.07978,0.0,0.0,-1.0,0.0,0.0,103.0,346.0
329649.0,1.0,3.1293,0.005,0.07978,0.0,0.0,-1.0,0.0,0.0,103.0,339.0
329660.0,1.0,3.1278,-0.026,0.07978,0.0,0.0,-1.0,0.0,0.0,103.0,338.0
329670.0,1.0,3.1293,0.006,0.07978,0.0,0.0,-1.0,0.0,0.0,103.0,338.0
329680.0,1.0,3.1293,0.014,0.07978,0.0,0.0,-1.0,0.0,0.0,103.0,346.0
329690.0,1.0,3.1293,0.01,0.07978,0.0,0.0,-1.0,0.0,0.0,103.0,346.0
329701.0,1.0,3.1293,0.004,0.07978,0.0,0.0,-1.0,0.0,0.0,103.0,344.0
329711.0,1.0,3.1293,0.004,0.07978,0.0,0.0,-1.0,0.0,0.0,103.0,345.0
329721.0,1.0,3.1293,0.004,0.07978,0.0,0.0,-1.0,0.0,0.0,103.0,346.0
329731.0,1.0,3.1293,0.002,0.07978,0.0,0.0,-1.0,0.0,0.0,103.0,338.0
329741.0,1.0,3.1293,0.001,0.07978,0.0,0.0,-1.0,0.0,0.0,103.0,349.0
329751.0,1.0,3.1293,-0.027,0.07978,0.0,0.0,-1.0,0.0,0.0,103.0,338.0
329761.0,1.0,3.1293,-0.006,0.07978,0.0,0.0,-1.0,0.0,0.0,103.0,349.0
329772.0,1.0,3.1293,0.009,0.07978,0.0,0.0,-1.0,0.0,0.0,103.0,344.0
329782.0,1.0,3.1293,0.007,0.07978,0.0,0.0,-1.0,0.0,0.0,103.0,344.0
329792.0,1.0,3.1293,0.005,0.07978,0.0,0.0,-1.0,0.0,0.0,103.0,345.0
329802.0,1.0,3.1293,0.003,0.07978,0.0,0.0,-1.0,0.0,0.0,103.0,338.0
329812.0,1.0,3.1293,0.001,0.07978,0.0,0.0,-1.0,0.0,0.0,103.0,339.0
329822.0,1.0,3.1293,0.006,0.07978,0.0,0.0,-1.0,0.0,0.0,103.0,350.0
329832.0,1.0,3.1293,0.004,0.07978,0.0,0.0,-1.0,0.0,0.0,103.0,337.0
329842.0,1.0,3.1293,0.005,0.07978,0.0,0.0,-1.0,0.0,0.0,103.0,346.0
329852.0,1.0,3.1293,0.002,0.07978,0.0,0.0,-1.0,0.0,0.0,103.0,346.0
329862.0,1.0,3.1293,0.004,0.07978,0.0,0.0,-1.0,0.0,0.0,103.0,347.0
329873.0,1.0,3.1293,0.002,0.07978,0.0,0.0,-1.0,0.0,0.0,103.0,337.0
329883.0,1.0,3.1293,0.001,0.07978,0.0,0.0,-1.0,0.0,0.0,103.0,346.0
329893.0,1.0,3.1293,0.0,0.07978,0.0,0.0,-1.0,0.0,0.0,103.0,338.0
329903.0,1.0,3.1293,0.0,0.07978,0.0,0.0,-1.0,0.0,0.0,103.0,338.0
329913.0,1.0,3.1293,-0.0,0.07978,0.0,0.0,-1.0,0.0,0.0,103.0,338.0
329923.0,1.0,3.1293,-0.006,0.07978,0.0,0.0,-1.0,0.0,0.0,103.0,344.0
329933.0,1.0,3.1293,-0.021,0.07978,0.0,0.0,-1.0,0.0,0.0,103.0,346.0
329943.0,1.0,3.1293,0.005,0.07978,0.0,0.0,-1.0,0.0,0.0,103.0,339.0
329953.0,1.0,3.1293,0.014,0.07978,0.0,0.0,-1.0,0.0,0.0,103.0,345.0
329964.0,1.0,3.1293,-0.002,0.07978,0.0,0.0,-1.0,0.0,0.0,103.0,344.0
329974.0,1.0,3.1293,0.018,0.07978,0.0,0.0,-1.0,0.0,0.0,103.0,345.0
329984.0,1.0,3.1293,-0.006,0.07978,0.0,0.0,-1.0,0.0,0.0,103.0,338.0
329994.0,1.0,3.1278,-0.016,0.07978,0.0,0.0,-1.0,0.0,0.0,103.0,339.0
330004.0,1.0,3.1293,0.008,0.07978,0.0,0.0,-1.0,0.0,0.0,103.0,338.0
330014.0,1.0,3.1293,0.007,0.07978,0.0,0.0,-1.0,0.0,0.0,103.0,344.0
330024.0,1.0,3.1293,0.008,0.07978,0.0,0.0,-1.0,0.0,0.0,103.0,344.0
330035.0,1.0,3.1293,-0.01,0.07978,0.0,0.0,-1.0,0.0,0.0,103.0,344.0
330045.0,1.0,3.1293,0.005,0.07978,0.0,0.0,-1.0,0.0,0.0,103.0,346.0
330055.0,1.0,3.1293,0.005,0.07978,0.0,0.0,-1.0,0.0,0.0,103.0,345.0
330065.0,1.0,3.1293,0.005,0.07978,0.0,0.0,-1.0,0.0,0.0,103.0,346.0
330075.0,1.0,3.1293,0.005,0.07978,0.0,0.0,-1.0,0.0,0.0,103.0,338.0
330085.0,1.0,3.1293,0.001,0.07978,0.0,0.0,-1.0,0.0,0.0,103.0,338.0
330095.0,1.0,3.1293,0.024,0.07978,0.0,0.0,-1.0,0.0,0.0,103.0,338.0
330105.0,1.0,3.1263,-0.048,0.07978,0.0,0.0,-1.0,0.0,0.0,103.0,339.0
330115.0,1.0,3.1278,-0.0,0.07978,0.0,0.0,-1.0,0.0,0.0,103.0,346.0
330126.0,1.0,3.1293,0.002,0.07978,0.0,0.0,-1.0,0.0,0.0,103.0,344.0
330136.0,1.0,3.1293,-0.032,0.07978,0.0,0.0,-1.0,0.0,0.0,103.0,346.0
330146.0,1.0,3.1293,0.002,0.07978,0.0,0.0,-1.0,0.0,0.0,103.0,338.0
330156.0,1.0,3.1293,0.028,0.07978,0.0,0.0,-1.0,0.0,0.0,103.0,339.0
330166.0,1.0,3.1293,0.008,0.07978,0.0,0.0,-1.0,0.0,0.0,103.0,350.0
330176.0,1.0,3.1293,-0.0,0.07978,0.0,0.0,-1.0,0.0,0.0,103.0,337.0
330186.0,1.0,3.1293,0.017,0.07978,0.0,0.0,-1.0,0.0,0.0,103.0,347.0
330197.0,1.0,3.1293,0.006,0.07978,0.0,0.0,-1.0,0.0,0.0,103.0,346.0
330207.0,1.0,3.1293,0.009,0.07978,0.0,0.0,-1.0,0.0,0.0,103.0,346.0
330217.0,1.0,3.1293,-0.014,0.07978,0.0,0.0,-1.0,0.0,0.0,103.0,346.0
330227.0,1.0,3.1293,-0.006,0.07978,0.0,0.0,-1.0,0.0,0.0,103.0,350.0
330237.0,1.0,3.1293,-0.005,0.07978,0.0,0.0,-1.0,0.0,0.0,103.0,338.0
330247.0,1.0,3.1293,0.012,0.07978,0.0,0.0,-1.0,0.0,0.0,103.0,349.0
330258.0,1.0,3.1293,0.012,0.07978,0.0,0.0,-1.0,0.0,0.0,103.0,345.0
330268.0,1.0,3.1293,0.006,0.07978,0.0,0.0,-1.0,0.0,0.0,103.0,350.0
330278.0,1.0,3.1293,0.002,0.07978,0.0,0.0,-1.0,0.0,0.0,103.0,339.0
330288.0,1.0,3.1293,0.001,0.07978,0.0,0.0,-1.0,0.0,0.0,103.0,338.0
330298.0,1.0,3.1293,-0.013,0.07978,0.0,0.0,-1.0,0.0,0.0,103.0,338.0
330308.0,1.0,3.1293,0.0,0.07978,0.0,0.0,-1.0,0.0,0.0,103.0,344.0
330318.0,1.0,3.1293,0.009,0.07978,0.0,0.0,-1.0,0.0,0.0,103.0,345.0
330328.0,1.0,3.1278,-0.037,0.07978,0.0,0.0,-1.0,0.0,0.0,103.0,345.0
330338.0,1.0,3.1293,-0.014,0.07978,0.0,0.0,-1.0,0.0,0.0,103.0,344.0
330349.0,1.0,3.1293,0.014,0.07978,0.0,0.0,-1.0,0.0,0.0,103.0,344.0
330359.0,1.0,3.1293,-0.003,0.07978,0.0,0.0,-1.0,0.0,0.0,103.0,344.0
330369.0,1.0,3.1293,0.011,0.07978,0.0,0.0,-1.0,0.0,0.0,103.0,347.0
330379.0,1.0,3.1293,0.011,0.07978,0.0,0.0,-1.0,0.0,0.0,103.0,346.0
330389.0,1.0,3.1293,0.013,0.07978,0.0,0.0,-1.0,0.0,0.0,103.0,346.0
330400.0,1.0,3.1293,0.008,0.07978,0.0,0.0,-1.0,0.0,0.0,103.0,345.0
330410.0,1.0,3.1293,0.002,0.07978,0.0,0.0,-1.0,0.0,0.0,103.0,350.0
330420.0,1.0,3.1293,0.006,0.07978,0.0,0.0,-1.0,0.0,0.0,103.0,339.0
330430.0,1.0,3.1293,0.006,0.07978,0.0,0.0,-1.0,0.0,0.0,103.0,347.0
330440.0,1.0,3.1278,-0.024,0.07978,0.0,0.0,-1.0,0.0,0.0,103.0,346.0
330451.0,1.0,3.1278,-0.016,0.07978,0.0,0.0,-1.0,0.0,0.0,103.0,344.0
330461.0,1.0,3.1278,-0.011,0.07978,0.0,0.0,-1.0,0.0,0.0,103.0,344.0
330471.0,1.0,3.1293,0.014,0.07978,0.0,0.0,-1.0,0.0,0.0,103.0,350.0
330481.0,1.0,3.1293,0.008,0.07978,0.0,0.0,-1.0,0.0,0.0,103.0,338.0
330491.0,1.0,3.1293,-0.006,0.07978,0.0,0.0,-1.0,0.0,0.0,103.0,350.0
330502.0,1.0,3.1293,0.015,0.07978,0.0,0.0,-1.0,0.0,0.0,103.0,339.0
330512.0,1.0,3.1293,0.01,0.07978,0.0,0.0,-1.0,0.0,0.0,103.0,338.0
330522.0,1.0,3.1293,-0.008,0.07978,0.0,0.0,-1.0,0.0,0.0,103.0,338.0
330532.0,1.0,3.1293,0.011,0.07978,0.0,0.0,-1.0,0.0,0.0,103.0,346.0
330542.0,1.0,3.1293,0.006,0.07978,0.0,0.0,-1.0,0.0,0.0,103.0,346.0
330553.0,1.0,3.1293,-0.007,0.07978,0.0,0.0,-1.0,0.0,0.0,103.0,346.0
330563.0,1.0,3.1278,-0.02,0.07978,0.0,0.0,-1.0,0.0,0.0,103.0,346.0
330573.0,1.0,3.1293,0.007,0.07978,0.0,0.0,-1.0,0.0,0.0,103.0,338.0
330583.0,1.0,3.1293,0.009,0.07978,0.0,0.0,-1.0,0.0,0.0,103.0,339.0
330593.0,1.0,3.1293,0.006,0.07978,0.0,0.0,-1.0,0.0,0.0,103.0,350.0
330604.0,1.0,3.1293,-0.006,0.07978,0.0,0.0,-1.0,0.0,0.0,103.0,345.0
330614.0,1.0,3.1293,0.014,0.07978,0.0,0.0,-1.0,0.0,0.0,103.0,346.0
330624.0,1.0,3.1293,-0.005,0.07978,0.0,0.0,-1.0,0.0,0.0,103.0,344.0
330634.0,1.0,3.1293,0.006,0.07978,0.0,0.0,-1.0,0.0,0.0,103.0,338.0
330644.0,1.0,3.1293,0.013,0.07978,0.0,0.0,-1.0,0.0,0.0,103.0,339.0
330654.0,1.0,3.1293,0.004,0.07978,0.0,0.0,-1.0,0.0,0.0,103.0,350.0
330665.0,1.0,3.1293,0.008,0.07978,0.0,0.0,-1.0,0.0,0.0,103.0,339.0
330675.0,1.0,3.1293,0.004,0.07978,0.0,0.0,-1.0,0.0,0.0,103.0,339.0
330685.0,1.0,3.1293,-0.027,0.07978,0.0,0.0,-1.0,0.0,0.0,103.0,339.0
330695.0,1.0,3.1293,-0.003,0.07978,0.0,0.0,-1.0,0.0,0.0,103.0,338.0
330705.0,1.0,3.1293,-0.005,0.07978,0.0,0.0,-1.0,0.0,0.0,103.0,338.0
330715.0,1.0,3.1278,-0.017,0.07978,0.0,0.0,-1.0,0.0,0.0,103.0,346.0
330725.0,1.0,3.1293,0.013,0.07978,0.0,0.0,-1.0,0.0,0.0,103.0,344.0
330735.0,1.0,3.1293,0.008,0.07978,0.0,0.0,-1.0,0.0,0.0,103.0,344.0
330746.0,1.0,3.1293,-0.006,0.07978,0.0,0.0,-1.0,0.0,0.0,103.0,345.0
330756.0,1.0,3.1293,0.008,0.07978,0.0,0.0,-1.0,0.0,0.0,103.0,344.0
330766.0,1.0,3.1293,0.005,0.07978,0.0,0.0,-1.0,0.0,0.0,103.0,345.0
330776.0,1.0,3.1293,0.005,0.07978,0.0,0.0,-1.0,0.0,0.0,103.0,338.0
330786.0,1.0,3.1293,-0.001,0.07978,0.0,0.0,-1.0,0.0,0.0,103.0,339.0
330796.0,1.0,3.1293,-0.015,0.07978,0.0,0.0,-1.0,0.0,0.0,103.0,350.0
330806.0,1.0,3.1293,0.014,0.07978,0.0,0.0,-1.0,0.0,0.0,103.0,338.0
330816.0,1.0,3.1278,-0.032,0.07978,0.0,0.0,-1.0,0.0,0.0,103.0,349.0
330827.0,1.0,3.1293,0.007,0.07978,0.0,0.0,-1.0,0.0,0.0,103.0,345.0
330837.0,1.0,3.1293,0.015,0.07978,0.0,0.0,-1.0,0.0,0.0,103.0,339.0
330847.0,1.0,3.1293,-0.0,0.07978,0.0,0.0,-1.0,0.0,0.0,103.0,339.0
330857.0,1.0,3.1278,-0.024,0.07978,0.0,0.0,-1.0,0.0,0.0,103.0,338.0
330867.0,1.0,3.1293,-0.002,0.07978,0.0,0.0,-1.0,0.0,0.0,103.0,338.0
330877.0,1.0,3.1293,0.011,0.07978,0.0,0.0,-1.0,0.0,0.0,103.0,347.0
330887.0,1.0,3.1293,0.019,0.07978,0.0,0.0,-1.0,0.0,0.0,103.0,346.0
330898.0,1.0,3.1293,0.009,0.07978,0.0,0.0,-1.0,0.0,0.0,103.0,346.0
330908.0,1.0,3.1293,-0.01,0.07978,0.0,0.0,-1.0,0.0,0.0,103.0,345.0
330918.0,1.0,3.1293,0.005,0.07978,0.0,0.0,-1.0,0.0,0.0,103.0,346.0
330928.0,1.0,3.1293,0.003,0.07978,0.0,0.0,-1.0,0.0,0.0,103.0,344.0
330938.0,1.0,3.1293,-0.017,0.07978,0.0,0.0,-1.0,0.0,0.0,103.0,346.0
330949.0,1.0,3.1293,-0.007,0.07978,0.0,0.0,-1.0,0.0,0.0,103.0,346.0
330959.0,1.0,3.1293,-0.001,0.07978,0.0,0.0,-1.0,0.0,0.0,103.0,339.0
330969.0,1.0,3.1293,0.016,0.07978,0.0,0.0,-1.0,0.0,0.0,103.0,338.0
330979.0,1.0,3.1278,-0.017,0.07978,0.0,0.0,-1.0,0.0,0.0,103.0,346.0
330989.0,1.0,3.1293,0.013,0.07978,0.0,0.0,-1.0,0.0,0.0,103.0,346.0
331000.0,1.0,3.1293,-0.0,0.07978,0.0,0.0,-1.0,0.0,0.0,103.0,344.0
331010.0,1.0,3.1293,0.01,0.07978,0.0,0.0,-1.0,0.0,0.0,103.0,345.0
331020.0,1.0,3.1293,0.007,0.07978,0.0,0.0,-1.0,0.0,0.0,103.0,346.0
331030.0,1.0,3.1293,0.006,0.07978,0.0,0.0,-1.0,0.0,0.0,103.0,339.0
331040.0,1.0,3.1293,0.004,0.07978,0.0,0.0,-1.0,0.0,0.0,103.0,350.0
331050.0,1.0,3.1293,0.006,0.07978,0.0,0.0,-1.0,0.0,0.0,103.0,337.0
331060.0,1.0,3.1293,0.003,0.07978,0.0,0.0,-1.0,0.0,0.0,103.0,347.0
331071.0,1.0,3.1293,0.001,0.07978,0.0,0.0,-1.0,0.0,0.0,103.0,337.0
331081.0,1.0,3.1293,-0.013,0.07978,0.0,0.0,-1.0,0.0,0.0,103.0,347.0
331091.0,1.0,3.1293,0.004,0.07978,0.0,0.0,-1.0,0.0,0.0,103.0,344.0
331101.0,1.0,3.1293,0.003,0.07978,0.0,0.0,-1.0,0.0,0.0,103.0,338.0
331111.0,1.0,3.1324,0.004,0.07978,0.0,0.0,-1.0,0.0,0.0,103.0,338.0
331121.0,1.0,3.1278,0.005,0.07978,0.0,0.0,-1.0,0.0,0.0,103.0,338.0
331131.0,1.0,3.1293,0.021,0.07978,0.0,0.0,-1.0,0.0,0.0,103.0,349.0
331142.0,1.0,3.1293,-0.0,0.07978,0.0,0.0,-1.0,0.0,0.0,103.0,345.0
331152.0,1.0,3.1293,0.008,0.07978,0.0,0.0,-1.0,0.0,0.0,103.0,344.0
331162.0,1.0,3.1293,-0.008,0.07978,0.0,0.0,-1.0,0.0,0.0,103.0,359.0
331173.0,1.0,-3.114,1.836,0.07864,-0.15,0.0,-1.0,0.0,0.0,103.0,354.0
331183.0,1.0,-3.0864,2.38,0.07708,-0.15,0.0,-1.0,0.0,0.0,103.0,347.0
331193.0,1.0,-2.9943,5.391,0.07551,-0.15,0.0,-1.0,0.0,0.0,103.0,354.0
331203.0,1.0,-2.9606,5.129,0.07379,-0.15,0.0,-1.0,0.0,0.0,103.0,357.0
331213.0,1.0,-2.9038,4.997,0.07223,-0.15,0.0,-1.0,0.0,0.0,103.0,354.0
331224.0,1.0,-2.8716,4.471,0.07066,-0.15,0.0,-1.0,0.0,0.0,103.0,354.0
331234.0,1.0,-2.8486,3.211,0.0691,-0.15,0.0,-1.0,0.0,0.0,103.0,350.0
331244.0,1.0,-2.8471,1.843,0.06754,-0.15,0.0,-1.0,0.0,0.0,103.0,356.0
331254.0,1.0,-2.8302,1.339,0.06583,-0.15,0.0,-1.0,0.0,0.0,103.0,354.0
331264.0,1.0,-2.8225,1.11,0.06426,-0.15,0.0,-1.0,0.0,0.0,103.0,358.0
331274.0,1.0,-2.8225,0.577,0.0627,-0.15,0.0,-1.0,0.0,0.0,103.0,351.0
331285.0,1.0,-2.8241,0.172,0.06114,-0.15,0.0,-1.0,0.0,0.0,103.0,348.0
331295.0,1.0,-2.8348,-0.37,0.05958,-0.15,0.0,-1.0,0.0,0.0,103.0,354.0
331305.0,1.0,-2.8547,-1.209,0.05801,-0.15,0.0,-1.0,0.0,0.0,103.0,354.0
331315.0,1.0,-2.8839,-2.004,0.05629,-0.15,0.0,-1.0,0.0,0.0,103.0,357.0
331325.0,1.0,-2.9192,-2.748,0.05474,-0.15,0.0,-1.0,0.0,0.0,103.0,348.0
331335.0,1.0,-2.956,-3.281,0.05318,-0.15,0.0,-1.0,0.0,0.0,103.0,354.0
331345.0,1.0,-2.9959,-3.731,0.05161,-0.15,0.0,-1.0,0.0,0.0,103.0,358.0
331356.0,1.0,-3.0189,-3.333,0.05005,-0.15,0.0,-1.0,0.0,0.0,103.0,358.0
331366.0,1.0,-3.0204,-1.747,0.04849,-0.15,0.0,-1.0,0.0,0.0,103.0,346.0
331376.0,1.0,-2.9943,0.458,0.04676,-0.15,0.0,-1.0,0.0,0.0,103.0,354.0
331386.0,1.0,-2.9652,2.023,0.0452,-0.15,0.0,-1.0,0.0,0.0,103.0,348.0
331396.0,1.0,-2.9452,2.173,0.04364,-0.15,0.0,-1.0,0.0,0.0,103.0,358.0
331406.0,1.0,-2.933,1.824,0.04208,-0.15,0.0,-1.0,0.0,0.0,103.0,357.0
331417.0,1.0,-2.9238,1.329,0.04074,-0.006,0.0,-1.0,0.0,0.0,103.0,348.0
331427.0,1.0,-2.9422,0.472,0.04074,0.0,0.0,-1.0,0.0,0.0,103.0,346.0
331437.0,1.0,-2.9621,-0.79,0.04074,0.0,0.0,-1.0,0.0,0.0,103.0,349.0
331447.0,1.0,-2.959,-1.172,0.04074,0.0,0.0,-1.0,0.0,0.0,103.0,338.0
331457.0,1.0,-2.9989,-1.603,0.04074,0.0,0.0,-1.0,0.0,0.0,103.0,349.0
331468.0,1.0,-3.0204,-2.565,0.04074,0.0,0.0,-1.0,0.0,0.0,103.0,345.0
331478.0,1.0,-3.0772,-3.524,0.04074,0.0,0.0,-1.0,0.0,0.0,103.0,349.0
331488.0,1.0,-3.1201,-4.418,0.04078,0.072,0.0,-1.0,0.0,0.0,103.0,348.0
331498.0,1.0,3.1032,-5.354,0.04236,0.15,0.0,-1.0,0.0,0.0,103.0,357.0
331508.0,1.0,3.0511,-4.724,0.04393,0.15,0.0,-1.0,0.0,0.0,103.0,354.0
331518.0,1.0,3.0265,-4.258,0.04549,0.15,0.0,-1.0,0.0,0.0,103.0,347.0
331528.0,1.0,3.0035,-2.777,0.04705,0.15,0.0,-1.0,0.0,0.0,103.0,357.0
331539.0,1.0,2.9698,-2.727,0.04861,0.15,0.0,-1.0,0.0,0.0,103.0,354.0
331549.0,1.0,2.9422,-2.71,0.05018,0.15,0.0,-1.0,0.0,0.0,103.0,354.0
331559.0,1.0,2.9284,-2.103,0.05189,0.15,0.0,-1.0,0.0,0.0,103.0,356.0
331569.0,1.0,2.91,-1.693,0.05345,0.15,0.0,-1.0,0.0,0.0,103.0,357.0
331580.0,1.0,2.9084,-1.162,0.05501,0.15,0.0,-1.0,0.0,0.0,103.0,349.0
331590.0,1.0,2.8823,-1.606,0.05658,0.15,0.0,-1.0,0.0,0.0,103.0,350.0
331600.0,1.0,2.8731,-1.321,0.0583,0.15,0.0,-1.0,0.0,0.0,103.0,354.0
331610.0,1.0,2.8563,-1.409,0.05986,0.15,0.0,-1.0,0.0,0.0,103.0,358.0
331620.0,1.0,2.8563,-0.992,0.06143,0.15,0.0,-1.0,0.0,0.0,103.0,356.0
331631.0,1.0,2.8409,-0.931,0.06299,0.15,0.0,-1.0,0.0,0.0,103.0,354.0
331641.0,1.0,2.8302,-0.993,0.06455,0.15,0.0,-1.0,0.0,0.0,103.0,356.0
331651.0,1.0,2.8287,-0.671,0.06611,0.15,0.0,-1.0,0.0,0.0,103.0,354.0
331661.0,1.0,2.8363,-0.031,0.06768,0.15,0.0,-1.0,0.0,0.0,103.0,354.0
331671.0,1.0,2.8563,0.973,0.06939,0.15,0.0,-1.0,0.0,0.0,103.0,354.0
331681.0,1.0,2.8762,1.631,0.07095,0.15,0.0,-1.0,0.0,0.0,103.0,358.0
331691.0,1.0,2.9008,2.08,0.07251,0.15,0.0,-1.0,0.0,0.0,103.0,357.0
331702.0,1.0,2.9207,2.157,0.07408,0.15,0.0,-1.0,0.0,0.0,103.0,354.0
331712.0,1.0,2.9391,2.09,0.07564,0.15,0.0,-1.0,0.0,0.0,103.0,354.0
331722.0,1.0,2.9667,2.163,0.0772,0.15,0.0,-1.0,0.0,0.0,103.0,357.0
331732.0,1.0,2.9851,2.102,0.07891,0.15,0.0,-1.0,0.0,0.0,103.0,354.0
331742.0,1.0,3.0265,2.307,0.0798,0.0,0.0,-1.0,0.0,0.0,103.0,345.0
331752.0,1.0,3.0772,3.834,0.0798,0.0,0.0,-1.0,0.0,0.0,103.0,345.0
331763.0,1.0,3.1063,4.41,0.0798,0.0,0.0,-1.0,0.0,0.0,103.0,346.0
331773.0,1.0,-3.1109,5.009,0.0798,0.0,0.0,-1.0,0.0,0.0,103.0,339.0
331783.0,1.0,-3.0787,4.137,0.0798,0.0,0.0,-1.0,0.0,0.0,103.0,346.0
331793.0,1.0,-3.025,4.565,0.0798,0.0,0.0,-1.0,0.0,0.0,103.0,345.0
331804.0,1.0,-3.0097,3.598,0.0798,0.0,0.0,-1.0,0.0,0.0,103.0,345.0
331814.0,1.0,-2.9744,2.919,0.07959,-0.144,0.0,-1.0,0.0,0.0,103.0,354.0
331824.0,1.0,-2.9575,2.492,0.07803,-0.15,0.0,-1.0,0.0,0.0,103.0,354.0
331834.0,1.0,-2.9299,2.846,0.07631,-0.15,0.0,-1.0,0.0,0.0,103.0,351.0
331844.0,1.0,-2.9115,2.359,0.07475,-0.15,0.0,-1.0,0.0,0.0,103.0,351.0
331855.0,1.0,-2.9069,1.857,0.07319,-0.15,0.0,-1.0,0.0,0.0,103.0,346.0
331865.0,1.0,-2.8455,2.867,0.07163,-0.15,0.0,-1.0,0.0,0.0,103.0,354.0
331875.0,1.0,-2.7949,4.161,0.06991,-0.15,0.0,-1.0,0.0,0.0,103.0,354.0
331885.0,1.0,-2.7105,5.613,0.06834,-0.15,0.0,-1.0,0.0,0.0,103.0,357.0
331895.0,1.0,-2.6722,5.833,0.06678,-0.15,0.0,-1.0,0.0,0.0,103.0,354.0
331905.0,1.0,-2.6108,5.452,0.06523,-0.15,0.0,-1.0,0.0,0.0,103.0,348.0
331915.0,1.0,-2.5725,4.476,0.06366,-0.15,0.0,-1.0,0.0,0.0,103.0,348.0
331926.0,1.0,-2.5587,3.231,0.0621,-0.15,0.0,-1.0,0.0,0.0,103.0,354.0
331936.0,1.0,-2.5341,2.546,0.06054,-0.15,0.0,-1.0,0.0,0.0,103.0,354.0
331946.0,1.0,-2.5372,1.221,0.05881,-0.15,0.0,-1.0,0.0,0.0,103.0,357.0
331956.0,1.0,-2.5403,0.283,0.05725,-0.15,0.0,-1.0,0.0,0.0,103.0,354.0
331967.0,1.0,-2.5372,0.044,0.05569,-0.15,0.0,-1.0,0.0,0.0,103.0,354.0
331977.0,1.0,-2.5295,0.357,0.05413,-0.15,0.0,-1.0,0.0,0.0,103.0,348.0
331987.0,1.0,-2.5249,0.515,0.05241,-0.15,0.0,-1.0,0.0,0.0,103.0,354.0
331997.0,1.0,-2.5249,0.343,0.05085,-0.15,0.0,-1.0,0.0,0.0,103.0,352.0
332007.0,1.0,-2.528,-0.07,0.04929,-0.15,0.0,-1.0,0.0,0.0,103.0,350.0
332018.0,1.0,-2.5464,-0.894,0.04773,-0.15,0.0,-1.0,0.0,0.0,103.0,346.0
332028.0,1.0,-2.5694,-1.666,0.04616,-0.15,0.0,-1.0,0.0,0.0,103.0,356.0
332038.0,1.0,-2.6047,-2.494,0.0446,-0.15,0.0,-1.0,0.0,0.0,103.0,351.0
332048.0,1.0,-2.6384,-3.107,0.04304,-0.15,0.0,-1.0,0.0,0.0,103.0,351.0
332058.0,1.0,-2.6845,-3.683,0.04133,-0.15,0.0,-1.0,0.0,0.0,103.0,348.0
332068.0,1.0,-2.6753,-2.612,0.0406,0.0,0.0,-1.0,0.0,0.0,103.0,339.0
332079.0,1.0,-2.7259,-2.2,0.0406,0.0,0.0,-1.0,0.0,0.0,103.0,339.0
332089.0,1.0,-2.6845,-0.415,0.0406,0.0,0.0,-1.0,0.0,0.0,103.0,338.0
332099.0,1.0,-2.7259,-0.772,0.0406,0.0,0.0,-1.0,0.0,0.0,103.0,338.0
332109.0,1.0,-2.7504,-2.279,0.0406,0.0,0.0,-1.0,0.0,0.0,103.0,348.0
332119.0,1.0,-2.7857,-2.71,0.0406,0.0,0.0,-1.0,0.0,0.0,103.0,337.0
332129.0,1.0,-2.8195,-3.181,0.0406,0.0,0.0,-1.0,0.0,0.0,103.0,338.0
332140.0,1.0,-2.8808,-4.348,0.0406,0.0,0.0,-1.0,0.0,0.0,103.0,338.0
332150.0,1.0,-2.9437,-5.578,0.0406,0.0,0.0,-1.0,0.0,0.0,103.0,350.0
332160.0,1.0,-3.0235,-6.641,0.0406,0.0,0.0,-1.0,0.0,0.0,103.0,338.0
332170.0,1.0,-3.1048,-7.29,0.0406,0.0,0.0,-1.0,0.0,0.0,103.0,346.0
332180.0,1.0,3.0864,-8.006,0.0406,0.0,0.0,-1.0,0.0,0.0,103.0,346.0
332190.0,1.0,3.0005,-9.003,0.04144,0.15,0.0,-1.0,0.0,0.0,103.0,346.0
332200.0,1.0,2.9069,-7.579,0.043,0.15,0.0,-1.0,0.0,0.0,103.0,350.0
332211.0,1.0,2.8225,-9.408,0.04456,0.15,0.0,-1.0,0.0,0.0,103.0,348.0
332221.0,1.0,2.775,-6.855,0.04613,0.15,0.0,-1.0,0.0,0.0,103.0,354.0
332231.0,1.0,2.7443,-4.912,0.04785,0.15,0.0,-1.0,0.0,0.0,103.0,346.0
332241.0,1.0,2.6875,-4.367,0.04941,0.15,0.0,-1.0,0.0,0.0,103.0,354.0
332251.0,1.0,2.6737,-3.521,0.05098,0.15,0.0,-1.0,0.0,0.0,103.0,354.0
332262.0,1.0,2.6323,-3.326,0.05254,0.15,0.0,-1.0,0.0,0.0,103.0,354.0
332272.0,1.0,2.5894,-4.012,0.0541,0.15,0.0,-1.0,0.0,0.0,103.0,354.0
332282.0,1.0,2.5602,-3.451,0.05566,0.15,0.0,-1.0,0.0,0.0,103.0,357.0
332292.0,1.0,2.5357,-2.871,0.05723,0.15,0.0,-1.0,0.0,0.0,103.0,354.0
332302.0,1.0,2.5111,-2.653,0.05879,0.15,0.0,-1.0,0.0,0.0,103.0,357.0
332312.0,1.0,2.4973,-1.999,0.0605,0.15,0.0,-1.0,0.0,0.0,103.0,354.0
332322.0,1.0,2.4927,-1.237,0.06206,0.15,0.0,-1.0,0.0,0.0,103.0,354.0
332333.0,1.0,2.4973,-0.405,0.06363,0.15,0.0,-1.0,0.0,0.0,103.0,347.0
332343.0,1.0,2.5081,0.407,0.06519,0.15,0.0,-1.0,0.0,0.0,103.0,354.0
332353.0,1.0,2.5341,1.466,0.0669,0.15,0.0,-1.0,0.0,0.0,103.0,354.0
332363.0,1.0,2.5663,2.375,0.06846,0.15,0.0,-1.0,0.0,0.0,103.0,351.0
332373.0,1.0,2.594,2.733,0.07003,0.15,0.0,-1.0,0.0,0.0,103.0,348.0
332384.0,1.0,2.6323,3.236,0.07159,0.15,0.0,-1.0,0.0,0.0,103.0,354.0
332394.0,1.0,2.6722,3.65,0.07315,0.15,0.0,-1.0,0.0,0.0,103.0,354.0
332404.0,1.0,2.7197,4.049,0.07488,0.15,0.0,-1.0,0.0,0.0,103.0,355.0
332414.0,1.0,2.7673,4.294,0.07644,0.15,0.0,-1.0,0.0,0.0,103.0,354.0
332424.0,1.0,2.8133,4.538,0.078,0.15,0.0,-1.0,0.0,0.0,103.0,354.0
332434.0,1.0,2.8639,4.757,0.07953,0.078,0.0,-1.0,0.0,0.0,103.0,351.0
332445.0,1.0,3.0066,7.386,0.07966,0.0,0.0,-1.0,0.0,0.0,103.0,346.0
332455.0,1.0,2.9913,5.744,0.07966,-0.036,0.0,-1.0,0.0,0.0,103.0,398.0
332465.0,1.0,3.0496,5.795,0.07836,-0.15,0.0,-1.0,0.0,0.0,103.0,355.0
332475.0,1.0,3.1201,6.057,0.0768,-0.15,0.0,-1.0,0.0,0.0,103.0,354.0
332485.0,1.0,-3.1416,4.057,0.07509,-0.15,0.0,-1.0,0.0,0.0,103.0,357.0
332495.0,1.0,3.1263,1.453,0.07353,-0.15,0.0,-1.0,0.0,0.0,103.0,357.0
332506.0,1.0,-3.0956,2.817,0.07196,-0.15,0.0,-1.0,0.0,0.0,103.0,349.0
332516.0,1.0,-2.9989,6.156,0.0704,-0.15,0.0,-1.0,0.0,0.0,103.0,348.0
332526.0,1.0,-2.8471,11.351,0.06884,-0.15,0.0,-1.0,0.0,0.0,103.0,354.0
332536.0,1.0,-2.6921,13.452,0.06711,-0.15,0.0,-1.0,0.0,0.0,103.0,352.0
332546.0,1.0,-2.5832,12.35,0.06555,-0.15,0.0,-1.0,0.0,0.0,103.0,357.0
332557.0,1.0,-2.4743,11.271,0.06399,-0.15,0.0,-1.0,0.0,0.0,103.0,354.0
332567.0,1.0,-2.4007,9.491,0.06243,-0.15,0.0,-1.0,0.0,0.0,103.0,354.0
332577.0,1.0,-2.3071,8.538,0.06071,-0.15,0.0,-1.0,0.0,0.0,103.0,357.0
332587.0,1.0,-2.2672,6.439,0.05915,-0.15,0.0,-1.0,0.0,0.0,103.0,357.0
332597.0,1.0,-2.2411,4.556,0.05759,-0.15,0.0,-1.0,0.0,0.0,103.0,346.0
332607.0,1.0,-2.2227,2.997,0.05603,-0.15,0.0,-1.0,0.0,0.0,103.0,348.0
332618.0,1.0,-2.235,1.016,0.05446,-0.15,0.0,-1.0,0.0,0.0,103.0,354.0
332628.0,1.0,-2.1921,1.748,0.0529,-0.15,0.0,-1.0,0.0,0.0,103.0,357.0
332638.0,1.0,-2.1506,3.196,0.05134,-0.15,0.0,-1.0,0.0,0.0,103.0,356.0
332648.0,1.0,-2.0586,5.708,0.04963,-0.15,0.0,-1.0,0.0,0.0,103.0,354.0
332658.0,1.0,-2.0034,6.375,0.04806,-0.15,0.0,-1.0,0.0,0.0,103.0,348.0
332668.0,1.0,-1.9589,5.486,0.0465,-0.15,0.0,-1.0,0.0,0.0,103.0,348.0
332679.0,1.0,-1.9251,4.298,0.04494,-0.15,0.0,-1.0,0.0,0.0,103.0,347.0
332689.0,1.0,-1.9129,2.755,0.04338,-0.15,0.0,-1.0,0.0,0.0,103.0,347.0
332699.0,1.0,-1.9098,1.493,0.04181,-0.15,0.0,-1.0,0.0,0.0,103.0,357.0
332709.0,1.0,-1.9297,0.048,0.04046,0.0,0.0,-1.0,0.0,0.0,103.0,355.0
332719.0,1.0,-1.9175,-0.759,0.04046,0.0,0.0,-1.0,0.0,0.0,103.0,345.0
332730.0,1.0,-1.9098,1.272,0.04046,0.0,0.0,-1.0,0.0,0.0,103.0,346.0
332740.0,1.0,-2.0371,-4.869,0.04046,0.0,0.0,-1.0,0.0,0.0,103.0,344.0
332750.0,1.0,-2.0617,-5.653,0.04046,0.0,0.0,-1.0,0.0,0.0,103.0,338.0
332760.0,1.0,-2.1138,-4.263,0.04046,0.0,0.0,-1.0,0.0,0.0,103.0,339.0
332770.0,1.0,-2.2427,-8.073,0.04046,0.0,0.0,-1.0,0.0,0.0,103.0,346.0
332781.0,1.0,-2.3393,-9.795,0.04046,0.0,0.0,-1.0,0.0,0.0,103.0,339.0
332791.0,1.0,-2.4467,-10.183,0.04046,0.0,0.0,-1.0,0.0,0.0,103.0,338.0
332801.0,1.0,-2.594,-12.182,0.04046,0.0,0.0,-1.0,0.0,0.0,103.0,344.0
332811.0,1.0,-2.7658,-14.18,0.04046,0.0,0.0,-1.0,0.0,0.0,103.0,346.0
332821.0,1.0,-2.8685,-13.182,0.04046,0.0,0.0,-1.0,0.0,0.0,103.0,344.0
332831.0,1.0,-2.9376,-9.881,0.04046,0.0,0.0,-1.0,0.0,0.0,103.0,346.0
332842.0,1.0,-2.9606,-5.964,0.04046,0.0,0.0,-1.0,0.0,0.0,103.0,346.0
332852.0,1.0,-2.9759,-3.481,0.04046,0.0,0.0,-1.0,0.0,0.0,103.0,350.0
332862.0,1.0,-3.025,-3.561,0.04046,0.0,0.0,-1.0,0.0,0.0,103.0,338.0
332872.0,1.0,-3.0833,-4.62,0.04046,0.0,0.0,-1.0,0.0,0.0,103.0,346.0
332882.0,1.0,3.1278,-5.851,0.04046,0.0,0.0,-1.0,0.0,0.0,103.0,345.0
332893.0,1.0,3.0542,-6.771,0.04046,0.0,0.0,-1.0,0.0,0.0,103.0,344.0
332903.0,1.0,2.9606,-7.965,0.04046,0.0,0.0,-1.0,0.0,0.0,103.0,345.0
332913.0,1.0,2.8547,-8.889,0.04046,0.0,0.0,-1.0,0.0,0.0,103.0,338.0
332923.0,1.0,2.7489,-9.744,0.04046,0.0,0.0,-1.0,0.0,0.0,103.0,339.0
332933.0,1.0,2.6615,-9.878,0.04046,0.0,0.0,-1.0,0.0,0.0,103.0,350.0
332943.0,1.0,2.62,-6.988,0.04046,0.0,0.0,-1.0,0.0,0.0,103.0,338.0
332953.0,1.0,2.5817,-5.292,0.04046,0.0,0.0,-1.0,0.0,0.0,103.0,346.0
332964.0,1.0,2.5541,-4.008,0.04046,0.0,0.0,-1.0,0.0,0.0,103.0,345.0
332974.0,1.0,2.5295,-3.029,0.04046,0.0,0.0,-1.0,0.0,0.0,103.0,349.0
332984.0,1.0,2.5142,-2.272,0.04046,0.0,0.0,-1.0,0.0,0.0,103.0,338.0
332994.0,1.0,2.4897,-2.077,0.04046,0.0,0.0,-1.0,0.0,0.0,103.0,346.0
333004.0,1.0,2.4666,-2.2,0.04046,0.0,0.0,-1.0,0.0,0.0,103.0,346.0
333015.0,1.0,2.4452,-2.216,0.04046,0.0,0.0,-1.0,0.0,0.0,103.0,346.0
333025.0,1.0,2.4314,-1.875,0.04046,0.0,0.0,-1.0,0.0,0.0,103.0,345.0
333035.0,1.0,2.4222,-1.283,0.04046,0.0,0.0,-1.0,0.0,0.0,103.0,349.0
333045.0,1.0,2.4237,-0.584,0.04046,0.0,0.0,-1.0,0.0,0.0,103.0,338.0
333055.0,1.0,2.4344,0.233,0.04046,0.0,0.0,-1.0,0.0,0.0,103.0,350.0
333066.0,1.0,2.4498,0.975,0.04046,0.0,0.0,-1.0,0.0,0.0,103.0,339.0
333076.0,1.0,2.4712,1.569,0.04046,0.0,0.0,-1.0,0.0,0.0,103.0,349.0
333086.0,1.0,2.5019,2.333,0.04046,0.0,0.0,-1.0,0.0,0.0,103.0,338.0
333096.0,1.0,2.5387,2.92,0.04046,0.0,0.0,-1.0,0.0,0.0,103.0,347.0
333106.0,1.0,2.574,3.262,0.04046,0.0,0.0,-1.0,0.0,0.0,103.0,346.0
333116.0,1.0,2.6078,3.362,0.04046,0.0,0.0,-1.0,0.0,0.0,103.0,349.0
333127.0,1.0,2.6415,3.4,0.04046,0.0,0.0,-1.0,0.0,0.0,103.0,339.0
333137.0,1.0,2.6753,3.442,0.04046,0.0,0.0,-1.0,0.0,0.0,103.0,349.0
333147.0,1.0,2.7029,3.119,0.04046,0.0,0.0,-1.0,0.0,0.0,103.0,339.0
333157.0,1.0,2.7366,2.778,0.04046,0.0,0.0,-1.0,0.0,0.0,103.0,346.0
333167.0,1.0,2.775,3.375,0.04046,0.0,0.0,-1.0,0.0,0.0,103.0,346.0
333178.0,1.0,2.8409,4.672,0.04046,0.0,0.0,-1.0,0.0,0.0,103.0,338.0
333188.0,1.0,2.9192,6.671,0.04046,0.0,0.0,-1.0,0.0,0.0,103.0,339.0
333198.0,1.0,3.0066,7.761,0.04046,0.0,0.0,-1.0,0.0,0.0,103.0,350.0
333208.0,1.0,3.0864,8.01,0.04046,0.0,0.0,-1.0,0.0,0.0,103.0,339.0
333218.0,1.0,-3.1201,7.675,0.04046,0.0,0.0,-1.0,0.0,0.0,103.0,347.0
333228.0,1.0,-3.0649,6.681,0.04046,0.0,0.0,-1.0,0.0,0.0,103.0,346.0
333238.0,1.0,-3.0281,5.191,0.04046,0.0,0.0,-1.0,0.0,0.0,103.0,346.0
333249.0,1.0,-2.9867,4.212,0.04046,0.0,0.0,-1.0,0.0,0.0,103.0,338.0
333259.0,1.0,-2.9084,5.772,0.04046,0.0,0.0,-1.0,0.0,0.0,103.0,347.0
333269.0,1.0,-2.8164,7.512,0.04046,0.0,0.0,-1.0,0.0,0.0,103.0,346.0
333279.0,1.0,-2.7059,9.194,0.04046,0.0,0.0,-1.0,0.0,0.0,103.0,346.0
333289.0,1.0,-2.617,9.142,0.04046,0.0,0.0,-1.0,0.0,0.0,103.0,345.0
333299.0,1.0,-2.5464,8.296,0.04046,0.0,0.0,-1.0,0.0,0.0,103.0,346.0
333310.0,1.0,-2.4927,6.956,0.04046,0.0,0.0,-1.0,0.0,0.0,103.0,344.0
333320.0,1.0,-2.4436,5.721,0.04046,0.0,0.0,-1.0,0.0,0.0,103.0,344.0
333330.0,1.0,-2.413,4.136,0.04046,0.0,0.0,-1.0,0.0,0.0,103.0,339.0
333340.0,1.0,-2.3715,3.805,0.04046,0.0,0.0,-1.0,0.0,0.0,103.0,345.0
333350.0,1.0,-2.3163,4.536,0.04046,0.0,0.0,-1.0,0.0,0.0,103.0,346.0
333360.0,1.0,-2.2749,4.533,0.04046,0.0,0.0,-1.0,0.0,0.0,103.0,345.0
333371.0,1.0,-2.2197,4.936,0.04046,0.0,0.0,-1.0,0.0,0.0,103.0,346.0
333381.0,1.0,-2.1798,4.567,0.04046,0.0,0.0,-1.0,0.0,0.0,103.0,345.0
333391.0,1.0,-2.1522,3.553,0.0405,0.072,0.0,-1.0,0.0,0.0,103.0,348.0
333401.0,1.0,-2.0893,4.637,0.04193,0.15,0.0,-1.0,0.0,0.0,103.0,347.0
333411.0,1.0,-2.0617,2.892,0.04349,0.15,0.0,-1.0,0.0,0.0,103.0,357.0
333422.0,1.0,-1.9681,6.643,0.04505,0.15,0.0,-1.0,0.0,0.0,103.0,351.0
333432.0,1.0,-2.0187,2.462,0.04661,0.15,0.0,-1.0,0.0,0.0,103.0,354.0
333442.0,1.0,-2.0417,-1.528,0.04818,0.15,0.0,-1.0,0.0,0.0,103.0,354.0
333452.0,1.0,-2.0371,-0.207,0.04989,0.15,0.0,-1.0,0.0,0.0,103.0,354.0
333462.0,1.0,-2.1108,-3.336,0.05145,0.15,0.0,-1.0,0.0,0.0,103.0,347.0
333472.0,1.0,-2.1522,-4.244,0.05301,0.15,0.0,-1.0,0.0,0.0,103.0,351.0
333483.0,1.0,-2.278,-7.771,0.05458,0.15,0.0,-1.0,0.0,0.0,103.0,346.0
333493.0,1.0,-2.3746,-9.591,0.05614,0.15,0.0,-1.0,0.0,0.0,103.0,354.0
333503.0,1.0,-2.5035,-10.849,0.0577,0.15,0.0,-1.0,0.0,0.0,103.0,348.0
333513.0,1.0,-2.6829,-14.283,0.05926,0.15,0.0,-1.0,0.0,0.0,103.0,354.0
333523.0,1.0,-2.7765,-13.246,0.06083,0.15,0.0,-1.0,0.0,0.0,103.0,354.0
333533.0,1.0,-2.8409,-9.152,0.06254,0.15,0.0,-1.0,0.0,0.0,103.0,357.0
333543.0,1.0,-2.8103,-3.422,0.0641,0.15,0.0,-1.0,0.0,0.0,103.0,357.0
333553.0,1.0,-2.7918,0.012,0.0653,-0.03,0.0,-1.0,0.0,0.0,103.0,360.0
333564.0,1.0,-2.801,0.191,0.06403,-0.15,0.0,-1.0,0.0,0.0,103.0,351.0
333574.0,1.0,-2.8578,-2.367,0.06246,-0.15,0.0,-1.0,0.0,0.0,103.0,350.0
333584.0,1.0,-2.8839,-2.888,0.06075,-0.15,0.0,-1.0,0.0,0.0,103.0,354.0
333594.0,1.0,-2.9238,-3.441,0.05919,-0.15,0.0,-1.0,0.0,0.0,103.0,357.0
333604.0,1.0,-2.9913,-4.861,0.05763,-0.15,0.0,-1.0,0.0,0.0,103.0,348.0
333615.0,1.0,-3.0404,-5.223,0.05606,-0.15,0.0,-1.0,0.0,0.0,103.0,348.0
333625.0,1.0,-3.1002,-5.414,0.0545,-0.15,0.0,-1.0,0.0,0.0,103.0,348.0
333635.0,1.0,3.1263,-5.762,0.05294,-0.15,0.0,-1.0,0.0,0.0,103.0,354.0
333645.0,1.0,3.0005,-8.358,0.05121,-0.15,0.0,-1.0,0.0,0.0,103.0,357.0
333655.0,1.0,2.8916,-9.963,0.04965,-0.15,0.0,-1.0,0.0,0.0,103.0,356.0
333665.0,1.0,2.8624,-6.888,0.04809,-0.15,0.0,-1.0,0.0,0.0,103.0,354.0
333676.0,1.0,2.8517,-4.506,0.04653,-0.15,0.0,-1.0,0.0,0.0,103.0,354.0
333686.0,1.0,2.8777,-0.117,0.04496,-0.15,0.0,-1.0,0.0,0.0,103.0,357.0
333696.0,1.0,2.8977,1.162,0.0434,-0.15,0.0,-1.0,0.0,0.0,103.0,355.0
333706.0,1.0,2.8839,0.163,0.04184,-0.15,0.0,-1.0,0.0,0.0,103.0,348.0
333716.0,1.0,2.8793,-0.322,0.04013,-0.15,0.0,-1.0,0.0,0.0,103.0,352.0
333726.0,1.0,2.8747,-0.428,0.03856,-0.15,0.0,-1.0,0.0,0.0,103.0,357.0
333737.0,1.0,2.867,-0.577,0.037,-0.15,0.0,-1.0,0.0,0.0,103.0,346.0
333747.0,1.0,2.8593,-0.72,0.03544,-0.15,0.0,-1.0,0.0,0.0,103.0,354.0
333757.0,1.0,2.8547,-0.632,0.03388,-0.15,0.0,-1.0,0.0,0.0,103.0,354.0
333767.0,1.0,2.8547,-0.323,0.03215,-0.15,0.0,-1.0,0.0,0.0,103.0,354.0
333777.0,1.0,2.8578,0.005,0.03059,-0.15,0.0,-1.0,0.0,0.0,103.0,354.0
333788.0,1.0,2.8655,0.394,0.02904,-0.15,0.0,-1.0,0.0,0.0,103.0,354.0
333798.0,1.0,2.8747,0.724,0.02748,-0.15,0.0,-1.0,0.0,0.0,103.0,355.0
333808.0,1.0,2.8885,1.082,0.02675,0.0,0.0,-1.0,0.0,0.0,103.0,346.0
333818.0,1.0,2.8885,0.769,0.02675,0.0,0.0,-1.0,0.0,0.0,103.0,346.0
333828.0,1.0,2.887,-0.025,0.02675,0.0,0.0,-1.0,0.0,0.0,103.0,347.0
333838.0,1.0,2.8931,0.684,0.02675,0.0,0.0,-1.0,0.0,0.0,103.0,344.0
333848.0,1.0,2.867,-0.919,0.02675,0.0,0.0,-1.0,0.0,0.0,103.0,338.0
333858.0,1.0,2.8517,-1.76,0.02675,0.0,0.0,-1.0,0.0,0.0,103.0,339.0
333868.0,1.0,2.8195,-2.129,0.02675,0.0,0.0,-1.0,0.0,0.0,103.0,346.0
333878.0,1.0,2.8333,-0.766,0.02675,0.0,0.0,-1.0,0.0,0.0,103.0,346.0
333888.0,1.0,2.867,1.151,0.02744,0.15,0.0,-1.0,0.0,0.0,103.0,357.0
333898.0,1.0,2.8977,2.961,0.029,0.15,0.0,-1.0,0.0,0.0,103.0,356.0
333909.0,1.0,3.0051,5.315,0.03056,0.15,0.0,-1.0,0.0,0.0,103.0,354.0
333919.0,1.0,3.0511,6.622,0.03213,0.15,0.0,-1.0,0.0,0.0,103.0,354.0
333929.0,1.0,3.114,5.55,0.03384,0.15,0.0,-1.0,0.0,0.0,103.0,351.0
333939.0,1.0,-3.137,4.867,0.0354,0.15,0.0,-1.0,0.0,0.0,103.0,351.0
333950.0,1.0,-3.0956,4.177,0.03696,0.15,0.0,-1.0,0.0,0.0,103.0,350.0
333960.0,1.0,-3.0634,3.772,0.03853,0.15,0.0,-1.0,0.0,0.0,103.0,358.0
333970.0,1.0,-3.0265,3.62,0.04009,0.15,0.0,-1.0,0.0,0.0,103.0,346.0
333980.0,1.0,-2.9959,3.4,0.04165,0.15,0.0,-1.0,0.0,0.0,103.0,349.0
333990.0,1.0,-2.9575,3.327,0.04336,0.15,0.0,-1.0,0.0,0.0,103.0,354.0
334000.0,1.0,-2.9222,3.398,0.04493,0.15,0.0,-1.0,0.0,0.0,103.0,348.0
334011.0,1.0,-2.8977,3.055,0.04649,0.15,0.0,-1.0,0.0,0.0,103.0,348.0
334021.0,1.0,-2.8916,2.14,0.04805,0.15,0.0,-1.0,0.0,0.0,103.0,357.0
334031.0,1.0,-2.8808,1.218,0.04961,0.15,0.0,-1.0,0.0,0.0,103.0,348.0
334041.0,1.0,-2.8962,0.144,0.05118,0.15,0.0,-1.0,0.0,0.0,103.0,351.0
334051.0,1.0,-2.9222,-1.603,0.0529,0.15,0.0,-1.0,0.0,0.0,103.0,354.0
334061.0,1.0,-2.9683,-3.043,0.05446,0.15,0.0,-1.0,0.0,0.0,103.0,348.0
334071.0,1.0,-2.9406,-0.838,0.05603,0.15,0.0,-1.0,0.0,0.0,103.0,352.0
334082.0,1.0,-2.9054,1.598,0.05759,0.15,0.0,-1.0,0.0,0.0,103.0,357.0
334092.0,1.0,-2.8118,5.526,0.05915,0.15,0.0,-1.0,0.0,0.0,103.0,359.0
334102.0,1.0,-2.7259,7.35,0.06071,0.15,0.0,-1.0,0.0,0.0,103.0,357.0
334112.0,1.0,-2.6599,7.344,0.06228,0.15,0.0,-1.0,0.0,0.0,103.0,356.0
334122.0,1.0,-2.6231,5.297,0.06399,0.15,0.0,-1.0,0.0,0.0,103.0,351.0
334132.0,1.0,-2.5894,4.19,0.06555,0.114,0.0,-1.0,0.0,0.0,103.0,352.0
334143.0,1.0,-2.5295,5.004,0.0658,0.0,0.0,-1.0,0.0,0.0,103.0,338.0
334153.0,1.0,-2.5311,3.019,0.0658,0.0,0.0,-1.0,0.0,0.0,103.0,339.0
334163.0,1.0,-2.4912,3.393,0.06511,-0.15,0.0,-1.0,0.0,0.0,103.0,354.0
334173.0,1.0,-2.4728,1.808,0.06355,-0.15,0.0,-1.0,0.0,0.0,103.0,351.0
334183.0,1.0,-2.485,2.235,0.06199,-0.15,0.0,-1.0,0.0,0.0,103.0,346.0
334193.0,1.0,-2.4958,-0.929,0.06026,-0.15,0.0,-1.0,0.0,0.0,103.0,354.0
334203.0,1.0,-2.5173,-1.201,0.0587,-0.15,0.0,-1.0,0.0,0.0,103.0,354.0
334214.0,1.0,-2.551,-2.782,0.05715,-0.15,0.0,-1.0,0.0,0.0,103.0,354.0
334224.0,1.0,-2.6354,-4.86,0.05558,-0.15,0.0,-1.0,0.0,0.0,103.0,357.0
334234.0,1.0,-2.6538,-4.416,0.05401,-0.15,0.0,-1.0,0.0,0.0,103.0,357.0
334244.0,1.0,-2.6553,-2.225,0.05246,-0.15,0.0,-1.0,0.0,0.0,103.0,355.0
334254.0,1.0,-2.6139,0.949,0.05074,-0.15,0.0,-1.0,0.0,0.0,103.0,354.0
334264.0,1.0,-2.5725,2.943,0.04918,-0.15,0.0,-1.0,0.0,0.0,103.0,347.0
334274.0,1.0,-2.5418,3.254,0.04761,-0.15,0.0,-1.0,0.0,0.0,103.0,352.0
334285.0,1.0,-2.5311,2.393,0.04605,-0.15,0.0,-1.0,0.0,0.0,103.0,357.0
334295.0,1.0,-2.5173,1.7,0.04449,-0.15,0.0,-1.0,0.0,0.0,103.0,351.0
334305.0,1.0,-2.5295,0.252,0.04278,-0.15,0.0,-1.0,0.0,0.0,103.0,354.0
334315.0,1.0,-2.5571,-1.257,0.04121,-0.15,0.0,-1.0,0.0,0.0,103.0,357.0
334325.0,1.0,-2.594,-2.563,0.03965,-0.15,0.0,-1.0,0.0,0.0,103.0,351.0
334335.0,1.0,-2.6093,-2.304,0.03809,-0.15,0.0,-1.0,0.0,0.0,103.0,357.0
334345.0,1.0,-2.6492,-2.932,0.03653,-0.15,0.0,-1.0,0.0,0.0,103.0,357.0
334355.0,1.0,-2.6983,-3.895,0.03496,-0.15,0.0,-1.0,0.0,0.0,103.0,351.0
334366.0,1.0,-2.7688,-5.357,0.0334,-0.15,0.0,-1.0,0.0,0.0,103.0,354.0
334376.0,1.0,-2.8425,-6.561,0.03184,-0.15,0.0,-1.0,0.0,0.0,103.0,354.0
334386.0,1.0,-2.9238,-7.095,0.03011,-0.15,0.0,-1.0,0.0,0.0,103.0,357.0
334396.0,1.0,-3.0127,-7.947,0.02855,-0.15,0.0,-1.0,0.0,0.0,103.0,357.0
334407.0,1.0,-3.0971,-8.647,0.027,-0.114,0.0,-1.0,0.0,0.0,103.0,346.0
334417.0,1.0,3.137,-7.186,0.02674,0.0,0.0,-1.0,0.0,0.0,103.0,346.0
334427.0,1.0,3.1186,-4.354,0.02674,0.0,0.0,-1.0,0.0,0.0,103.0,338.0
334437.0,1.0,3.1355,-1.556,0.02758,0.15,0.0,-1.0,0.0,0.0,103.0,353.0
334447.0,1.0,3.1032,-1.398,0.02914,0.15,0.0,-1.0,0.0,0.0,103.0,357.0
334457.0,1.0,3.0772,-1.889,0.0307,0.15,0.0,-1.0,0.0,0.0,103.0,357.0
334467.0,1.0,3.0219,-3.504,0.03226,0.15,0.0,-1.0,0.0,0.0,103.0,357.0
334478.0,1.0,2.9652,-4.874,0.03383,0.15,0.0,-1.0,0.0,0.0,103.0,354.0
334488.0,1.0,2.913,-5.057,0.03539,0.15,0.0,-1.0,0.0,0.0,103.0,357.0
334498.0,1.0,2.8517,-5.609,0.03695,0.15,0.0,-1.0,0.0,0.0,103.0,354.0
334508.0,1.0,2.8164,-4.816,0.03851,0.15,0.0,-1.0,0.0,0.0,103.0,354.0
334518.0,1.0,2.752,-5.15,0.04023,0.15,0.0,-1.0,0.0,0.0,103.0,354.0
334528.0,1.0,2.686,-5.924,0.04179,0.15,0.0,-1.0,0.0,0.0,103.0,348.0
334538.0,1.0,2.6231,-6.117,0.04335,0.15,0.0,-1.0,0.0,0.0,103.0,353.0
334549.0,1.0,2.5848,-4.859,0.04491,0.15,0.0,-1.0,0.0,0.0,103.0,351.0
334559.0,1.0,2.571,-3.562,0.04648,0.15,0.0,-1.0,0.0,0.0,103.0,355.0
334569.0,1.0,2.5602,-2.417,0.04804,0.15,0.0,-1.0,0.0,0.0,103.0,354.0
334579.0,1.0,2.5433,-1.636,0.04976,0.15,0.0,-1.0,0.0,0.0,103.0,357.0
334589.0,1.0,2.551,-0.224,0.05133,0.15,0.0,-1.0,0.0,0.0,103.0,357.0
334599.0,1.0,2.5679,0.781,0.05289,0.15,0.0,-1.0,0.0,0.0,103.0,357.0
334609.0,1.0,2.5894,1.559,0.05445,0.15,0.0,-1.0,0.0,0.0,103.0,354.0
334620.0,1.0,2.6154,2.066,0.056,0.15,0.0,-1.0,0.0,0.0,103.0,354.0
334630.0,1.0,2.6384,2.306,0.05756,0.15,0.0,-1.0,0.0,0.0,103.0,354.0
334640.0,1.0,2.6645,2.455,0.05914,0.15,0.0,-1.0,0.0,0.0,103.0,357.0
334650.0,1.0,2.6967,2.7,0.06085,0.15,0.0,-1.0,0.0,0.0,103.0,354.0
334660.0,1.0,2.729,3.011,0.06241,0.15,0.0,-1.0,0.0,0.0,103.0,357.0
334670.0,1.0,2.7658,3.357,0.06398,0.15,0.0,-1.0,0.0,0.0,103.0,354.0
334681.0,1.0,2.8072,3.71,0.06554,0.114,0.0,-1.0,0.0,0.0,103.0,354.0
334691.0,1.0,2.9222,6.089,0.06579,0.0,0.0,-1.0,0.0,0.0,103.0,346.0
334701.0,1.0,2.9268,4.725,0.06579,0.0,0.0,-1.0,0.0,0.0,103.0,350.0
334711.0,1.0,2.9698,4.988,0.06579,0.0,0.0,-1.0,0.0,0.0,103.0,338.0
334721.0,1.0,3.0281,4.548,0.06579,0.0,0.0,-1.0,0.0,0.0,103.0,344.0
334732.0,1.0,3.0219,3.234,0.06579,0.0,0.0,-1.0,0.0,0.0,103.0,344.0
334742.0,1.0,3.0143,0.153,0.06579,0.0,0.0,-1.0,0.0,0.0,103.0,349.0
334752.0,1.0,3.0281,0.217,0.06579,0.0,0.0,-1.0,0.0,0.0,103.0,338.0
334762.0,1.0,3.1048,3.838,0.06579,0.0,0.0,-1.0,0.0,0.0,103.0,344.0
334772.0,1.0,-3.0311,9.435,0.06579,0.0,0.0,-1.0,0.0,0.0,103.0,345.0
334782.0,1.0,-2.8885,12.299,0.06579,0.0,0.0,-1.0,0.0,0.0,103.0,346.0
334792.0,1.0,-2.801,11.29,0.06579,0.0,0.0,-1.0,0.0,0.0,103.0,346.0
334802.0,1.0,-2.7013,10.208,0.06579,0.0,0.0,-1.0,0.0,0.0,103.0,346.0
334812.0,1.0,-2.6216,9.217,0.06579,0.0,0.0,-1.0,0.0,0.0,103.0,346.0
334823.0,1.0,-2.5571,7.795,0.06579,0.0,0.0,-1.0,0.0,0.0,103.0,338.0
334833.0,1.0,-2.5019,6.552,0.06579,0.0,0.0,-1.0,0.0,0.0,103.0,338.0
334843.0,1.0,-2.4651,4.878,0.06579,0.0,0.0,-1.0,0.0,0.0,103.0,347.0
334853.0,1.0,-2.4436,3.451,0.06579,0.0,0.0,-1.0,0.0,0.0,103.0,346.0
334864.0,1.0,-2.4406,1.95,0.06579,0.0,0.0,-1.0,0.0,0.0,103.0,346.0
334874.0,1.0,-2.4574,0.155,0.06579,0.0,0.0,-1.0,0.0,0.0,103.0,345.0
334884.0,1.0,-2.4329,0.425,0.06579,0.0,0.0,-1.0,0.0,0.0,103.0,337.0
334894.0,1.0,-2.393,2.483,0.06579,0.0,0.0,-1.0,0.0,0.0,103.0,338.0
334904.0,1.0,-2.3102,4.848,0.06579,0.0,0.0,-1.0,0.0,0.0,103.0,346.0
334914.0,1.0,-2.2365,6.856,0.06579,0.0,0.0,-1.0,0.0,0.0,103.0,345.0
334924.0,1.0,-2.1829,6.455,0.06579,0.0,0.0,-1.0,0.0,0.0,103.0,346.0
334935.0,1.0,-2.146,5.123,0.06579,0.0,0.0,-1.0,0.0,0.0,103.0,345.0
334945.0,1.0,-2.1215,3.761,0.06579,0.0,0.0,-1.0,0.0,0.0,103.0,350.0
334955.0,1.0,-2.1123,2.319,0.06579,0.0,0.0,-1.0,0.0,0.0,103.0,338.0
334965.0,1.0,-2.1123,0.91,0.06579,0.0,0.0,-1.0,0.0,0.0,103.0,337.0
334975.0,1.0,-2.1246,-0.181,0.06579,0.0,0.0,-1.0,0.0,0.0,103.0,338.0
334985.0,1.0,-2.1445,-1.134,0.06579,0.0,0.0,-1.0,0.0,0.0,103.0,346.0
334995.0,1.0,-2.1737,-2.045,0.06579,0.0,0.0,-1.0,0.0,0.0,103.0,346.0
335005.0,1.0,-2.2135,-3.04,0.06579,0.0,0.0,-1.0,0.0,0.0,103.0,349.0
335016.0,1.0,-2.2611,-3.925,0.06579,0.0,0.0,-1.0,0.0,0.0,103.0,339.0
335026.0,1.0,-2.324,-5.113,0.06579,0.0,0.0,-1.0,0.0,0.0,103.0,338.0
335036.0,1.0,-2.4007,-6.188,0.06579,0.0,0.0,-1.0,0.0,0.0,103.0,338.0
335046.0,1.0,-2.4897,-7.456,0.06579,0.0,0.0,-1.0,0.0,0.0,103.0,346.0
335056.0,1.0,-2.5909,-8.806,0.06579,0.0,0.0,-1.0,0.0,0.0,103.0,345.0
335067.0,1.0,-2.7105,-10.379,0.06579,0.0,0.0,-1.0,0.0,0.0,103.0,340.0
335077.0,1.0,-2.8256,-11.422,0.06579,0.0,0.0,-1.0,0.0,0.0,103.0,346.0
335087.0,1.0,-2.8916,-8.942,0.06579,0.0,0.0,-1.0,0.0,0.0,103.0,339.0
335097.0,1.0,-2.9284,-6.411,0.06579,0.0,0.0,-1.0,0.0,0.0,103.0,344.0
335107.0,1.0,-2.9376,-3.224,0.06579,0.0,0.0,-1.0,0.0,0.0,103.0,345.0
335117.0,1.0,-2.9652,-2.545,0.06579,0.0,0.0,-1.0,0.0,0.0,103.0,346.0
335127.0,1.0,-3.0051,-3.102,0.06579,0.0,0.0,-1.0,0.0,0.0,103.0,346.0
335137.0,1.0,-3.0542,-3.994,0.06579,0.0,0.0,-1.0,0.0,0.0,103.0,346.0
335148.0,1.0,-3.1063,-4.726,0.06579,0.0,0.0,-1.0,0.0,0.0,103.0,346.0
335158.0,1.0,3.1109,-5.605,0.06579,0.0,0.0,-1.0,0.0,0.0,103.0,339.0
335168.0,1.0,3.0434,-6.324,0.06579,0.0,0.0,-1.0,0.0,0.0,103.0,338.0
335178.0,1.0,2.9468,-7.611,0.06579,0.0,0.0,-1.0,0.0,0.0,103.0,347.0
335188.0,1.0,2.8501,-8.606,0.06579,0.0,0.0,-1.0,0.0,0.0,103.0,347.0
335198.0,1.0,2.778,-8.473,0.06579,0.0,0.0,-1.0,0.0,0.0,103.0,349.0
335209.0,1.0,2.7443,-5.872,0.06579,0.0,0.0,-1.0,0.0,0.0,103.0,339.0
335219.0,1.0,2.732,-3.561,0.06579,0.0,0.0,-1.0,0.0,0.0,103.0,338.0
335229.0,1.0,2.7136,-2.302,0.06579,0.0,0.0,-1.0,0.0,0.0,103.0,337.0
335239.0,1.0,2.6829,-2.46,0.06579,0.0,0.0,-1.0,0.0,0.0,103.0,345.0
335249.0,1.0,2.6737,-1.992,0.06579,0.0,0.0,-1.0,0.0,0.0,103.0,345.0
335259.0,1.0,2.6569,-1.586,0.06579,0.0,0.0,-1.0,0.0,0.0,103.0,344.0
335270.0,1.0,2.6492,-1.277,0.06579,0.0,0.0,-1.0,0.0,0.0,103.0,345.0
335280.0,1.0,2.6415,-0.992,0.06579,0.0,0.0,-1.0,0.0,0.0,103.0,339.0
335290.0,1.0,2.6338,-0.845,0.06579,0.0,0.0,-1.0,0.0,0.0,103.0,338.0
335300.0,1.0,2.6292,-0.587,0.06579,0.0,0.0,-1.0,0.0,0.0,103.0,350.0
335310.0,1.0,2.6308,-0.265,0.06579,0.0,0.0,-1.0,0.0,0.0,103.0,338.0
335320.0,1.0,2.6384,0.223,0.06579,0.0,0.0,-1.0,0.0,0.0,103.0,344.0
335330.0,1.0,2.6523,0.78,0.06579,0.0,0.0,-1.0,0.0,0.0,103.0,345.0
335341.0,1.0,2.6676,1.223,0.06579,0.0,0.0,-1.0,0.0,0.0,103.0,344.0
335351.0,1.0,2.6875,1.663,0.06579,0.0,0.0,-1.0,0.0,0.0,103.0,345.0
335361.0,1.0,2.7136,2.089,0.06579,0.0,0.0,-1.0,0.0,0.0,103.0,338.0
335371.0,1.0,2.7443,2.529,0.06579,0.0,0.0,-1.0,0.0,0.0,103.0,338.0
335381.0,1.0,2.775,2.88,0.06579,0.0,0.0,-1.0,0.0,0.0,103.0,346.0
335392.0,1.0,2.8087,3.132,0.06579,0.0,0.0,-1.0,0.0,0.0,103.0,344.0
335402.0,1.0,2.8425,3.237,0.06579,0.0,0.0,-1.0,0.0,0.0,103.0,350.0
335412.0,1.0,2.867,2.998,0.06579,0.0,0.0,-1.0,0.0,0.0,103.0,338.0
335422.0,1.0,2.8854,2.324,0.06579,0.0,0.0,-1.0,0.0,0.0,103.0,345.0
335432.0,1.0,2.89,1.388,0.06579,0.0,0.0,-1.0,0.0,0.0,103.0,346.0
335443.0,1.0,2.8916,0.487,0.06579,0.0,0.0,-1.0,0.0,0.0,103.0,346.0
335453.0,1.0,2.9345,2.094,0.06579,0.0,0.0,-1.0,0.0,0.0,103.0,345.0
335463.0,1.0,3.0097,4.428,0.06579,0.0,0.0,-1.0,0.0,0.0,103.0,338.0
335473.0,1.0,3.1094,7.505,0.06579,0.0,0.0,-1.0,0.0,0.0,103.0,338.0
335483.0,1.0,-3.0879,8.428,0.06579,0.0,0.0,-1.0,0.0,0.0,103.0,339.0
335493.0,1.0,-3.0035,8.518,0.06579,0.0,0.0,-1.0,0.0,0.0,103.0,345.0
335504.0,1.0,-2.936,7.803,0.06579,0.0,0.0,-1.0,0.0,0.0,103.0,344.0
335514.0,1.0,-2.8839,6.524,0.06579,0.0,0.0,-1.0,0.0,0.0,103.0,339.0
335524.0,1.0,-2.8409,4.958,0.06579,0.0,0.0,-1.0,0.0,0.0,103.0,347.0
335534.0,1.0,-2.8072,4.143,0.06579,0.0,0.0,-1.0,0.0,0.0,103.0,340.0
335545.0,1.0,-2.7872,3.1,0.06579,0.0,0.0,-1.0,0.0,0.0,103.0,346.0
335555.0,1.0,-2.7688,2.246,0.06579,0.0,0.0,-1.0,0.0,0.0,103.0,344.0
335565.0,1.0,-2.7059,3.767,0.06579,0.0,0.0,-1.0,0.0,0.0,103.0,338.0
335575.0,1.0,-2.6538,4.807,0.06579,0.0,0.0,-1.0,0.0,0.0,103.0,339.0
335585.0,1.0,-2.574,6.35,0.06579,0.0,0.0,-1.0,0.0,0.0,103.0,349.0
335595.0,1.0,-2.5065,6.776,0.06579,0.0,0.0,-1.0,0.0,0.0,103.0,338.0
335605.0,1.0,-2.4559,6.1,0.06579,0.0,0.0,-1.0,0.0,0.0,103.0,344.0
335616.0,1.0,-2.413,5.12,0.06579,0.0,0.0,-1.0,0.0,0.0,103.0,345.0
335626.0,1.0,-2.3838,4.022,0.06579,0.0,0.0,-1.0,0.0,0.0,103.0,350.0
335636.0,1.0,-2.3654,2.897,0.06579,0.0,0.0,-1.0,0.0,0.0,103.0,339.0
335646.0,1.0,-2.3608,1.653,0.06579,0.0,0.0,-1.0,0.0,0.0,103.0,349.0
335656.0,1.0,-2.3639,0.564,0.06579,0.0,0.0,-1.0,0.0,0.0,103.0,338.0
335666.0,1.0,-2.3761,-0.409,0.06579,0.0,0.0,-1.0,0.0,0.0,103.0,344.0
335676.0,1.0,-2.393,-1.099,0.06579,0.0,0.0,-1.0,0.0,0.0,103.0,346.0
335686.0,1.0,-2.416,-1.723,0.06579,0.0,0.0,-1.0,0.0,0.0,103.0,349.0
335696.0,1.0,-2.4452,-2.305,0.06579,0.0,0.0,-1.0,0.0,0.0,103.0,338.0
335706.0,1.0,-2.4835,-3.059,0.06579,0.0,0.0,-1.0,0.0,0.0,103.0,346.0
335717.0,1.0,-2.5173,-3.365,0.06579,0.0,0.0,-1.0,0.0,0.0,103.0,345.0
335727.0,1.0,-2.5479,-3.222,0.06579,0.0,0.0,-1.0,0.0,0.0,103.0,350.0
335737.0,1.0,-2.574,-2.967,0.06579,0.0,0.0,-1.0,0.0,0.0,103.0,339.0
335747.0,1.0,-2.6108,-3.1,0.06579,0.0,0.0,-1.0,0.0,0.0,103.0,338.0
335757.0,1.0,-2.6523,-3.623,0.06579,0.0,0.0,-1.0,0.0,0.0,103.0,338.0
335767.0,1.0,-2.7105,-4.485,0.06579,0.0,0.0,-1.0,0.0,0.0,103.0,345.0
335777.0,1.0,-2.7673,-5.186,0.06579,0.0,0.0,-1.0,0.0,0.0,103.0,346.0
335787.0,1.0,-2.8256,-5.643,0.06579,0.0,0.0,-1.0,0.0,0.0,103.0,346.0
335798.0,1.0,-2.8731,-5.283,0.06579,0.0,0.0,-1.0,0.0,0.0,103.0,346.0
335808.0,1.0,-2.9222,-5.041,0.06579,0.0,0.0,-1.0,0.0,0.0,103.0,350.0
335818.0,1.0,-2.9683,-4.772,0.06579,0.0,0.0,-1.0,0.0,0.0,103.0,338.0
335828.0,1.0,-3.0311,-5.191,0.06579,0.0,0.0,-1.0,0.0,0.0,103.0,346.0
335838.0,1.0,-3.0864,-5.394,0.06579,0.0,0.0,-1.0,0.0,0.0,103.0,346.0
335848.0,1.0,3.1385,-5.64,0.06579,0.0,0.0,-1.0,0.0,0.0,103.0,345.0
335859.0,1.0,3.0833,-5.666,0.06579,0.0,0.0,-1.0,0.0,0.0,103.0,338.0
335869.0,1.0,3.0311,-5.405,0.06579,0.0,0.0,-1.0,0.0,0.0,103.0,347.0
335879.0,1.0,2.9851,-5.042,0.06579,0.0,0.0,-1.0,0.0,0.0,103.0,346.0
335889.0,1.0,2.9422,-4.44,0.06579,0.0,0.0,-1.0,0.0,0.0,103.0,345.0
335899.0,1.0,2.9054,-3.957,0.06579,0.0,0.0,-1.0,0.0,0.0,103.0,346.0
335909.0,1.0,2.8609,-4.103,0.06579,0.0,0.0,-1.0,0.0,0.0,103.0,345.0
335919.0,1.0,2.8195,-4.173,0.06579,0.0,0.0,-1.0,0.0,0.0,103.0,346.0
335930.0,1.0,2.7888,-3.742,0.06579,0.0,0.0,-1.0,0.0,0.0,103.0,345.0
335940.0,1.0,2.755,-3.45,0.06579,0.0,0.0,-1.0,0.0,0.0,103.0,346.0
335950.0,1.0,2.7243,-3.083,0.06579,0.0,0.0,-1.0,0.0,0.0,103.0,347.0
335960.0,1.0,2.6983,-2.914,0.06579,0.0,0.0,-1.0,0.0,0.0,103.0,346.0
335971.0,1.0,2.6753,-2.622,0.06579,0.0,0.0,-1.0,0.0,0.0,103.0,338.0
335981.0,1.0,2.6553,-2.287,0.06579,0.0,0.0,-1.0,0.0,0.0,103.0,338.0
335991.0,1.0,2.6384,-1.864,0.06579,0.0,0.0,-1.0,0.0,0.0,103.0,346.0
336001.0,1.0,2.6292,-1.388,0.06579,0.0,0.0,-1.0,0.0,0.0,103.0,344.0
336011.0,1.0,2.6231,-0.988,0.06579,0.0,0.0,-1.0,0.0,0.0,103.0,345.0
336022.0,1.0,2.6216,-0.579,0.06579,0.0,0.0,-1.0,0.0,0.0,103.0,345.0
336032.0,1.0,2.6277,-0.011,0.06579,0.0,0.0,-1.0,0.0,0.0,103.0,350.0
336042.0,1.0,2.6446,0.863,0.06579,0.0,0.0,-1.0,0.0,0.0,103.0,338.0
336052.0,1.0,2.6737,1.912,0.06579,0.0,0.0,-1.0,0.0,0.0,103.0,347.0
336062.0,1.0,2.6952,2.101,0.06579,0.0,0.0,-1.0,0.0,0.0,103.0,346.0
336073.0,1.0,2.7213,2.331,0.06579,0.0,0.0,-1.0,0.0,0.0,103.0,346.0
336083.0,1.0,2.7504,2.656,0.06579,0.0,0.0,-1.0,0.0,0.0,103.0,345.0
336093.0,1.0,2.7857,2.991,0.06579,0.0,0.0,-1.0,0.0,0.0,103.0,346.0
336103.0,1.0,2.8225,3.31,0.06579,0.0,0.0,-1.0,0.0,0.0,103.0,346.0
336113.0,1.0,2.8593,3.536,0.06579,0.0,0.0,-1.0,0.0,0.0,103.0,346.0
336124.0,1.0,2.8977,3.716,0.06579,0.0,0.0,-1.0,0.0,0.0,103.0,346.0
336134.0,1.0,2.9376,3.788,0.06579,0.0,0.0,-1.0,0.0,0.0,103.0,349.0
336144.0,1.0,2.9744,3.785,0.06579,0.0,0.0,-1.0,0.0,0.0,103.0,338.0
336154.0,1.0,3.0066,3.453,0.06579,0.0,0.0,-1.0,0.0,0.0,103.0,346.0
336164.0,1.0,3.0357,3.133,0.06579,0.0,0.0,-1.0,0.0,0.0,103.0,346.0
336175.0,1.0,3.0542,2.498,0.06579,0.0,0.0,-1.0,0.0,0.0,103.0,346.0
336185.0,1.0,3.0618,1.669,0.06579,0.0,0.0,-1.0,0.0,0.0,103.0,346.0
336195.0,1.0,3.0787,1.333,0.06579,0.0,0.0,-1.0,0.0,0.0,103.0,350.0
336205.0,1.0,3.1278,2.893,0.06579,0.0,0.0,-1.0,0.0,0.0,103.0,338.0
336215.0,1.0,-3.0925,4.568,0.06579,0.0,0.0,-1.0,0.0,0.0,103.0,346.0
336226.0,1.0,-3.0005,6.997,0.06579,0.0,0.0,-1.0,0.0,0.0,103.0,345.0
336236.0,1.0,-2.9345,7.295,0.06579,0.0,0.0,-1.0,0.0,0.0,103.0,346.0
336246.0,1.0,-2.8701,6.608,0.06579,0.0,0.0,-1.0,0.0,0.0,103.0,346.0
336256.0,1.0,-2.8225,5.649,0.06579,0.0,0.0,-1.0,0.0,0.0,103.0,345.0
336267.0,1.0,-2.7811,4.818,0.06579,0.0,0.0,-1.0,0.0,0.0,103.0,345.0
336277.0,1.0,-2.755,3.798,0.06579,0.0,0.0,-1.0,0.0,0.0,103.0,350.0
336287.0,1.0,-2.7366,2.751,0.06579,0.0,0.0,-1.0,0.0,0.0,103.0,339.0
336297.0,1.0,-2.7213,2.021,0.06579,0.0,0.0,-1.0,0.0,0.0,103.0,338.0
336307.0,1.0,-2.6829,2.689,0.06579,0.0,0.0,-1.0,0.0,0.0,103.0,338.0
336317.0,1.0,-2.6384,3.343,0.06579,0.0,0.0,-1.0,0.0,0.0,103.0,346.0
336327.0,1.0,-2.5909,4.267,0.06579,0.0,0.0,-1.0,0.0,0.0,103.0,345.0
336337.0,1.0,-2.551,4.27,0.06579,0.0,0.0,-1.0,0.0,0.0,103.0,344.0
336348.0,1.0,-2.5203,3.653,0.06579,0.0,0.0,-1.0,0.0,0.0,103.0,345.0
336358.0,1.0,-2.5081,2.622,0.06579,0.0,0.0,-1.0,0.0,0.0,103.0,350.0
336368.0,1.0,-2.5004,1.539,0.06579,0.0,0.0,-1.0,0.0,0.0,103.0,338.0
336378.0,1.0,-2.5065,0.406,0.06579,0.0,0.0,-1.0,0.0,0.0,103.0,347.0
336388.0,1.0,-2.5142,-0.313,0.06579,0.0,0.0,-1.0,0.0,0.0,103.0,346.0
336399.0,1.0,-2.5265,-0.793,0.06579,0.0,0.0,-1.0,0.0,0.0,103.0,344.0
336409.0,1.0,-2.5449,-1.3,0.06579,0.0,0.0,-1.0,0.0,0.0,103.0,345.0
336419.0,1.0,-2.5694,-1.866,0.06579,0.0,0.0,-1.0,0.0,0.0,103.0,338.0
336429.0,1.0,-2.6032,-2.548,0.06579,0.0,0.0,-1.0,0.0,0.0,103.0,338.0
336439.0,1.0,-2.6354,-3.026,0.06579,0.0,0.0,-1.0,0.0,0.0,103.0,345.0
336450.0,1.0,-2.6676,-3.133,0.06579,0.0,0.0,-1.0,0.0,0.0,103.0,345.0
336460.0,1.0,-2.6967,-3.089,0.06579,0.0,0.0,-1.0,0.0,0.0,103.0,349.0
336470.0,1.0,-2.7305,-3.166,0.06579,0.0,0.0,-1.0,0.0,0.0,103.0,338.0
336480.0,1.0,-2.775,-3.506,0.06579,0.0,0.0,-1.0,0.0,0.0,103.0,340.0
336490.0,1.0,-2.8195,-4.057,0.06579,0.0,0.0,-1.0,0.0,0.0,103.0,346.0
336500.0,1.0,-2.867,-4.487,0.06579,0.0,0.0,-1.0,0.0,0.0,103.0,346.0
336511.0,1.0,-2.9069,-4.327,0.06579,0.0,0.0,-1.0,0.0,0.0,103.0,346.0
336521.0,1.0,-2.9483,-4.221,0.06579,0.0,0.0,-1.0,0.0,0.0,103.0,349.0
336531.0,1.0,-2.9867,-4.041,0.06579,0.0,0.0,-1.0,0.0,0.0,103.0,338.0
336541.0,1.0,-3.0373,-4.252,0.06579,0.0,0.0,-1.0,0.0,0.0,103.0,346.0
336551.0,1.0,-3.0848,-4.544,0.06579,0.0,0.0,-1.0,0.0,0.0,103.0,339.0
336561.0,1.0,-3.1416,-5.05,0.06579,0.0,0.0,-1.0,0.0,0.0,103.0,344.0
336571.0,1.0,3.091,-5.179,0.06579,0.0,0.0,-1.0,0.0,0.0,103.0,345.0
336582.0,1.0,3.0465,-4.848,0.06579,0.0,0.0,-1.0,0.0,0.0,103.0,339.0
336592.0,1.0,3.0066,-4.406,0.06579,0.0,0.0,-1.0,0.0,0.0,103.0,339.0
336602.0,1.0,2.9698,-3.832,0.06579,0.0,0.0,-1.0,0.0,0.0,103.0,346.0
336612.0,1.0,2.9376,-3.461,0.06579,0.0,0.0,-1.0,0.0,0.0,103.0,346.0
336622.0,1.0,2.9008,-3.446,0.06579,0.0,0.0,-1.0,0.0,0.0,103.0,349.0
336633.0,1.0,2.8655,-3.542,0.06579,0.0,0.0,-1.0,0.0,0.0,103.0,339.0
336643.0,1.0,2.8379,-3.224,0.06579,0.0,0.0,-1.0,0.0,0.0,103.0,338.0
336653.0,1.0,2.8087,-3.003,0.06579,0.0,0.0,-1.0,0.0,0.0,103.0,338.0
336663.0,1.0,2.7872,-2.594,0.06579,0.0,0.0,-1.0,0.0,0.0,103.0,346.0
336673.0,1.0,2.7642,-2.311,0.06579,0.0,0.0,-1.0,0.0,0.0,103.0,338.0
336683.0,1.0,2.7474,-2.016,0.06579,0.0,0.0,-1.0,0.0,0.0,103.0,337.0
336693.0,1.0,2.7305,-1.874,0.06579,0.0,0.0,-1.0,0.0,0.0,103.0,339.0
336703.0,1.0,2.7167,-1.61,0.06579,0.0,0.0,-1.0,0.0,0.0,103.0,339.0
336713.0,1.0,2.7059,-1.334,0.06579,0.0,0.0,-1.0,0.0,0.0,103.0,346.0
336723.0,1.0,2.6983,-1.052,0.06579,0.0,0.0,-1.0,0.0,0.0,103.0,346.0
336734.0,1.0,2.6952,-0.668,0.06579,0.0,0.0,-1.0,0.0,0.0,103.0,344.0
336744.0,1.0,2.6998,-0.123,0.06579,0.0,0.0,-1.0,0.0,0.0,103.0,339.0
336754.0,1.0,2.7167,0.733,0.06579,0.0,0.0,-1.0,0.0,0.0,103.0,338.0
336764.0,1.0,2.7382,1.522,0.06579,0.0,0.0,-1.0,0.0,0.0,103.0,337.0
336774.0,1.0,2.755,1.683,0.06579,0.0,0.0,-1.0,0.0,0.0,103.0,338.0
336784.0,1.0,2.775,1.835,0.06579,0.0,0.0,-1.0,0.0,0.0,103.0,339.0
336795.0,1.0,2.798,2.098,0.06579,0.0,0.0,-1.0,0.0,0.0,103.0,345.0
336805.0,1.0,2.8256,2.432,0.06579,0.0,0.0,-1.0,0.0,0.0,103.0,339.0
336815.0,1.0,2.8563,2.753,0.06579,0.0,0.0,-1.0,0.0,0.0,103.0,338.0
336825.0,1.0,2.89,2.948,0.06579,0.0,0.0,-1.0,0.0,0.0,103.0,346.0
336835.0,1.0,2.9222,3.081,0.06579,0.0,0.0,-1.0,0.0,0.0,103.0,337.0
336845.0,1.0,2.9514,3.062,0.06579,0.0,0.0,-1.0,0.0,0.0,103.0,350.0
336856.0,1.0,2.9805,3.017,0.06579,0.0,0.0,-1.0,0.0,0.0,103.0,338.0
336866.0,1.0,3.0066,2.808,0.06579,0.0,0.0,-1.0,0.0,0.0,103.0,338.0
336876.0,1.0,3.0265,2.48,0.06579,0.0,0.0,-1.0,0.0,0.0,103.0,337.0
336886.0,1.0,3.045,1.995,0.06579,0.0,0.0,-1.0,0.0,0.0,103.0,346.0
336896.0,1.0,3.0542,1.434,0.06579,0.0,0.0,-1.0,0.0,0.0,103.0,346.0
336906.0,1.0,3.0848,1.913,0.06579,0.0,0.0,-1.0,0.0,0.0,103.0,344.0
336917.0,1.0,3.1278,3.116,0.06579,0.0,0.0,-1.0,0.0,0.0,103.0,344.0
336927.0,1.0,-3.0956,4.39,0.06579,0.0,0.0,-1.0,0.0,0.0,103.0,349.0
336937.0,1.0,-3.0342,5.659,0.06579,0.0,0.0,-1.0,0.0,0.0,103.0,338.0
336947.0,1.0,-2.9744,5.639,0.06579,0.0,0.0,-1.0,0.0,0.0,103.0,337.0
336957.0,1.0,-2.936,4.899,0.06579,0.0,0.0,-1.0,0.0,0.0,103.0,338.0
336967.0,1.0,-2.9038,4.056,0.06579,0.0,0.0,-1.0,0.0,0.0,103.0,349.0
336977.0,1.0,-2.8793,3.228,0.06579,0.0,0.0,-1.0,0.0,0.0,103.0,338.0
336987.0,1.0,-2.8547,2.606,0.06579,0.0,0.0,-1.0,0.0,0.0,103.0,344.0
336998.0,1.0,-2.8149,3.141,0.06579,0.0,0.0,-1.0,0.0,0.0,103.0,345.0
337008.0,1.0,-2.778,3.462,0.06579,0.0,0.0,-1.0,0.0,0.0,103.0,349.0
337018.0,1.0,-2.7305,4.077,0.06579,0.0,0.0,-1.0,0.0,0.0,103.0,339.0
337028.0,1.0,-2.6998,3.879,0.06579,0.0,0.0,-1.0,0.0,0.0,103.0,338.0
337038.0,1.0,-2.6707,3.282,0.06579,0.0,0.0,-1.0,0.0,0.0,103.0,338.0
337048.0,1.0,-2.6553,2.362,0.06579,0.0,0.0,-1.0,0.0,0.0,103.0,346.0
337058.0,1.0,-2.6507,1.355,0.06579,0.0,0.0,-1.0,0.0,0.0,103.0,339.0
337068.0,1.0,-2.6507,0.59,0.06579,0.0,0.0,-1.0,0.0,0.0,103.0,346.0
337079.0,1.0,-2.6477,0.297,0.06579,0.0,0.0,-1.0,0.0,0.0,103.0,345.0
337089.0,1.0,-2.6461,0.276,0.06579,0.0,0.0,-1.0,0.0,0.0,103.0,349.0
337099.0,1.0,-2.643,0.279,0.06579,0.0,0.0,-1.0,0.0,0.0,103.0,338.0
337109.0,1.0,-2.6415,0.236,0.06579,0.0,0.0,-1.0,0.0,0.0,103.0,346.0
337119.0,1.0,-2.6477,-0.166,0.06579,0.0,0.0,-1.0,0.0,0.0,103.0,345.0
337130.0,1.0,-2.663,-0.8,0.06579,0.0,0.0,-1.0,0.0,0.0,103.0,346.0
337140.0,1.0,-2.6829,-1.475,0.06579,0.0,0.0,-1.0,0.0,0.0,103.0,344.0
337150.0,1.0,-2.7167,-2.302,0.06579,0.0,0.0,-1.0,0.0,0.0,103.0,338.0
337160.0,1.0,-2.7474,-2.806,0.06579,0.0,0.0,-1.0,0.0,0.0,103.0,338.0
337170.0,1.0,-2.7826,-3.216,0.06579,0.0,0.0,-1.0,0.0,0.0,103.0,346.0
337181.0,1.0,-2.8133,-3.213,0.06579,0.0,0.0,-1.0,0.0,0.0,103.0,345.0
337191.0,1.0,-2.844,-3.125,0.06579,0.0,0.0,-1.0,0.0,0.0,103.0,339.0
337201.0,1.0,-2.8731,-3.015,0.06579,0.0,0.0,-1.0,0.0,0.0,103.0,345.0
337211.0,1.0,-2.913,-3.254,0.06579,0.0,0.0,-1.0,0.0,0.0,103.0,338.0
337221.0,1.0,-2.9498,-3.472,0.06579,0.0,0.0,-1.0,0.0,0.0,103.0,338.0
337231.0,1.0,-2.9959,-3.947,0.06579,0.0,0.0,-1.0,0.0,0.0,103.0,349.0
337242.0,1.0,-3.0357,-4.183,0.06579,0.0,0.0,-1.0,0.0,0.0,103.0,338.0
337252.0,1.0,-3.0649,-3.702,0.06579,0.0,0.0,-1.0,0.0,0.0,103.0,349.0
337262.0,1.0,-3.0956,-3.163,0.06579,0.0,0.0,-1.0,0.0,0.0,103.0,338.0
337272.0,1.0,-3.1293,-3.118,0.06579,0.0,0.0,-1.0,0.0,0.0,103.0,346.0
337282.0,1.0,3.1186,-3.323,0.06579,0.0,0.0,-1.0,0.0,0.0,103.0,339.0
337292.0,1.0,3.0787,-3.592,0.06579,0.0,0.0,-1.0,0.0,0.0,103.0,344.0
337303.0,1.0,3.0357,-3.989,0.06579,0.0,0.0,-1.0,0.0,0.0,103.0,346.0
337313.0,1.0,2.9867,-4.462,0.06579,0.0,0.0,-1.0,0.0,0.0,103.0,349.0
337323.0,1.0,2.956,-4.023,0.06579,0.0,0.0,-1.0,0.0,0.0,103.0,338.0
337333.0,1.0,2.9299,-2.975,0.06579,0.0,0.0,-1.0,0.0,0.0,103.0,337.0
337343.0,1.0,2.9023,-2.811,0.06579,0.0,0.0,-1.0,0.0,0.0,103.0,337.0
337353.0,1.0,2.8839,-2.358,0.06579,0.0,0.0,-1.0,0.0,0.0,103.0,339.0
337364.0,1.0,2.8839,-1.443,0.06579,0.0,0.0,-1.0,0.0,0.0,103.0,339.0
337374.0,1.0,2.8563,-1.505,0.06579,0.0,0.0,-1.0,0.0,0.0,103.0,349.0
337384.0,1.0,2.8471,-1.553,0.06579,0.0,0.0,-1.0,0.0,0.0,103.0,338.0
337394.0,1.0,2.8256,-1.602,0.06579,0.0,0.0,-1.0,0.0,0.0,103.0,347.0
337404.0,1.0,2.8087,-1.702,0.06579,0.0,0.0,-1.0,0.0,0.0,103.0,337.0
337414.0,1.0,2.7934,-1.589,0.06579,0.0,0.0,-1.0,0.0,0.0,103.0,349.0
337425.0,1.0,2.7811,-1.472,0.06579,0.0,0.0,-1.0,0.0,0.0,103.0,339.0
337435.0,1.0,2.7734,-1.185,0.06579,0.0,0.0,-1.0,0.0,0.0,103.0,338.0
337445.0,1.0,2.7688,-0.756,0.06579,0.0,0.0,-1.0,0.0,0.0,103.0,338.0
337455.0,1.0,2.778,-0.007,0.06579,0.0,0.0,-1.0,0.0,0.0,103.0,337.0
337465.0,1.0,2.7964,0.979,0.06579,0.0,0.0,-1.0,0.0,0.0,103.0,338.0
337475.0,1.0,2.8179,1.675,0.06579,0.0,0.0,-1.0,0.0,0.0,103.0,338.0
337485.0,1.0,2.8363,1.809,0.06579,0.0,0.0,-1.0,0.0,0.0,103.0,338.0
337495.0,1.0,2.8547,1.827,0.06579,0.0,0.0,-1.0,0.0,0.0,103.0,344.0
337506.0,1.0,2.8762,1.949,0.06579,0.0,0.0,-1.0,0.0,0.0,103.0,346.0
337516.0,1.0,2.8992,2.132,0.06579,0.0,0.0,-1.0,0.0,0.0,103.0,339.0
337526.0,1.0,2.9238,2.312,0.06579,0.0,0.0,-1.0,0.0,0.0,103.0,338.0
337536.0,1.0,2.9514,2.464,0.06579,0.0,0.0,-1.0,0.0,0.0,103.0,346.0
337546.0,1.0,2.9759,2.49,0.06579,0.0,0.0,-1.0,0.0,0.0,103.0,346.0
337556.0,1.0,2.9959,2.295,0.06579,0.0,0.0,-1.0,0.0,0.0,103.0,346.0
337567.0,1.0,3.0158,2.111,0.06579,0.0,0.0,-1.0,0.0,0.0,103.0,338.0
337577.0,1.0,3.0327,1.873,0.06579,0.0,0.0,-1.0,0.0,0.0,103.0,348.0
337587.0,1.0,3.0434,1.541,0.06579,0.0,0.0,-1.0,0.0,0.0,103.0,346.0
337597.0,1.0,3.0511,1.055,0.06579,0.0,0.0,-1.0,0.0,0.0,103.0,346.0
337607.0,1.0,3.0726,1.384,0.06579,0.0,0.0,-1.0,0.0,0.0,103.0,344.0
337617.0,1.0,3.1063,2.384,0.06579,0.0,0.0,-1.0,0.0,0.0,103.0,344.0
337628.0,1.0,-3.1309,3.398,0.06579,0.0,0.0,-1.0,0.0,0.0,103.0,346.0
337638.0,1.0,-3.0695,4.851,0.06579,0.0,0.0,-1.0,0.0,0.0,103.0,350.0
337648.0,1.0,-3.0235,5.015,0.06579,0.0,0.0,-1.0,0.0,0.0,103.0,338.0
337658.0,1.0,-2.979,4.531,0.06579,0.0,0.0,-1.0,0.0,0.0,103.0,346.0
337668.0,1.0,-2.9498,3.694,0.06579,0.0,0.0,-1.0,0.0,0.0,103.0,345.0
337679.0,1.0,-2.9284,2.878,0.06579,0.0,0.0,-1.0,0.0,0.0,103.0,345.0
337689.0,1.0,-2.9161,2.093,0.06579,0.0,0.0,-1.0,0.0,0.0,103.0,344.0
337699.0,1.0,-2.8885,2.084,0.06579,0.0,0.0,-1.0,0.0,0.0,103.0,347.0
337709.0,1.0,-2.844,3.163,0.06579,0.0,0.0,-1.0,0.0,0.0,103.0,346.0
337720.0,1.0,-2.8026,3.837,0.06579,0.0,0.0,-1.0,0.0,0.0,103.0,346.0
337730.0,1.0,-2.7642,3.855,0.06579,0.0,0.0,-1.0,0.0,0.0,103.0,346.0
337740.0,1.0,-2.7305,3.589,0.06579,0.0,0.0,-1.0,0.0,0.0,103.0,338.0
337750.0,1.0,-2.7075,2.87,0.06579,0.0,0.0,-1.0,0.0,0.0,103.0,339.0
337760.0,1.0,-2.6983,1.943,0.06579,0.0,0.0,-1.0,0.0,0.0,103.0,349.0
337770.0,1.0,-2.6998,0.982,0.06579,0.0,0.0,-1.0,0.0,0.0,103.0,338.0
337780.0,1.0,-2.7044,0.081,0.06579,0.0,0.0,-1.0,0.0,0.0,103.0,346.0
337791.0,1.0,-2.7213,-0.781,0.06579,0.0,0.0,-1.0,0.0,0.0,103.0,345.0
337801.0,1.0,-2.7366,-1.302,0.06579,0.0,0.0,-1.0,0.0,0.0,103.0,349.0
337811.0,1.0,-2.7458,-1.196,0.06579,0.0,0.0,-1.0,0.0,0.0,103.0,338.0
337821.0,1.0,-2.752,-0.894,0.06579,0.0,0.0,-1.0,0.0,0.0,103.0,346.0
337831.0,1.0,-2.7566,-0.572,0.06579,0.0,0.0,-1.0,0.0,0.0,103.0,345.0
337842.0,1.0,-2.7658,-0.684,0.06579,0.0,0.0,-1.0,0.0,0.0,103.0,346.0
337852.0,1.0,-2.7811,-1.078,0.06579,0.0,0.0,-1.0,0.0,0.0,103.0,346.0
337862.0,1.0,-2.8041,-1.6,0.06579,0.0,0.0,-1.0,0.0,0.0,103.0,338.0
337872.0,1.0,-2.8317,-2.183,0.06579,0.0,0.0,-1.0,0.0,0.0,103.0,338.0
337882.0,1.0,-2.8609,-2.613,0.06579,0.0,0.0,-1.0,0.0,0.0,103.0,346.0
337893.0,1.0,-2.8854,-2.647,0.06579,0.0,0.0,-1.0,0.0,0.0,103.0,345.0
337903.0,1.0,-2.91,-2.524,0.06579,0.0,0.0,-1.0,0.0,0.0,103.0,339.0
337913.0,1.0,-2.9314,-2.377,0.06579,0.0,0.0,-1.0,0.0,0.0,103.0,338.0
337923.0,1.0,-2.9606,-2.447,0.06579,0.0,0.0,-1.0,0.0,0.0,103.0,346.0
337933.0,1.0,-2.9959,-2.931,0.06579,0.0,0.0,-1.0,0.0,0.0,103.0,345.0
337944.0,1.0,-3.0281,-3.187,0.06579,0.0,0.0,-1.0,0.0,0.0,103.0,346.0
337954.0,1.0,-3.0649,-3.413,0.06579,0.0,0.0,-1.0,0.0,0.0,103.0,344.0
337964.0,1.0,-3.1048,-3.59,0.06579,0.0,0.0,-1.0,0.0,0.0,103.0,346.0
337974.0,1.0,-3.1385,-3.485,0.06579,0.0,0.0,-1.0,0.0,0.0,103.0,346.0
337984.0,1.0,3.117,-3.138,0.06579,0.0,0.0,-1.0,0.0,0.0,103.0,347.0
337995.0,1.0,3.0818,-3.229,0.06579,0.0,0.0,-1.0,0.0,0.0,103.0,338.0
338005.0,1.0,3.048,-3.318,0.06579,0.0,0.0,-1.0,0.0,0.0,103.0,338.0
338015.0,1.0,3.0173,-3.296,0.06579,0.0,0.0,-1.0,0.0,0.0,103.0,337.0
338025.0,1.0,2.9913,-2.852,0.06579,0.0,0.0,-1.0,0.0,0.0,103.0,344.0
338035.0,1.0,2.9698,-2.411,0.06579,0.0,0.0,-1.0,0.0,0.0,103.0,345.0
338046.0,1.0,2.9468,-2.336,0.06579,0.0,0.0,-1.0,0.0,0.0,103.0,339.0
338056.0,1.0,2.9253,-2.224,0.06579,0.0,0.0,-1.0,0.0,0.0,103.0,339.0
338066.0,1.0,2.9054,-2.056,0.06579,0.0,0.0,-1.0,0.0,0.0,103.0,338.0
338076.0,1.0,2.8931,-1.691,0.06579,0.0,0.0,-1.0,0.0,0.0,103.0,339.0
338086.0,1.0,2.8808,-1.367,0.06579,0.0,0.0,-1.0,0.0,0.0,103.0,338.0
338097.0,1.0,2.8701,-1.201,0.06579,0.0,0.0,-1.0,0.0,0.0,103.0,339.0
338107.0,1.0,2.8593,-1.107,0.06579,0.0,0.0,-1.0,0.0,0.0,103.0,338.0
338117.0,1.0,2.8486,-1.041,0.06579,0.0,0.0,-1.0,0.0,0.0,103.0,339.0
338127.0,1.0,2.8409,-0.964,0.06579,0.0,0.0,-1.0,0.0,0.0,103.0,350.0
338137.0,1.0,2.8348,-0.776,0.06579,0.0,0.0,-1.0,0.0,0.0,103.0,338.0
338147.0,1.0,2.8317,-0.525,0.06579,0.0,0.0,-1.0,0.0,0.0,103.0,346.0
338158.0,1.0,2.8379,-0.051,0.06579,0.0,0.0,-1.0,0.0,0.0,103.0,346.0
338168.0,1.0,2.8486,0.531,0.06579,0.0,0.0,-1.0,0.0,0.0,103.0,349.0
338178.0,1.0,2.8609,0.97,0.06579,0.0,0.0,-1.0,0.0,0.0,103.0,338.0
338188.0,1.0,2.8762,1.196,0.06579,0.0,0.0,-1.0,0.0,0.0,103.0,345.0
338198.0,1.0,2.89,1.334,0.06579,0.0,0.0,-1.0,0.0,0.0,103.0,345.0
338208.0,1.0,2.9069,1.484,0.06579,0.0,0.0,-1.0,0.0,0.0,103.0,346.0
338219.0,1.0,2.9238,1.632,0.06579,0.0,0.0,-1.0,0.0,0.0,103.0,345.0
338229.0,1.0,2.9406,1.665,0.06579,0.0,0.0,-1.0,0.0,0.0,103.0,349.0
338239.0,1.0,2.9575,1.682,0.06579,0.0,0.0,-1.0,0.0,0.0,103.0,338.0
338249.0,1.0,2.9744,1.639,0.06579,0.0,0.0,-1.0,0.0,0.0,103.0,346.0
338259.0,1.0,2.9897,1.575,0.06579,0.0,0.0,-1.0,0.0,0.0,103.0,337.0
338269.0,1.0,3.0035,1.479,0.06579,0.0,0.0,-1.0,0.0,0.0,103.0,350.0
338280.0,1.0,3.0143,1.249,0.06579,0.0,0.0,-1.0,0.0,0.0,103.0,339.0
338290.0,1.0,3.0281,1.258,0.06579,0.0,0.0,-1.0,0.0,0.0,103.0,350.0
338300.0,1.0,3.0496,1.683,0.06579,0.0,0.0,-1.0,0.0,0.0,103.0,338.0
338310.0,1.0,3.0802,2.281,0.06579,0.0,0.0,-1.0,0.0,0.0,103.0,346.0
338320.0,1.0,3.1124,2.772,0.06579,0.0,0.0,-1.0,0.0,0.0,103.0,346.0
338330.0,1.0,-3.1324,3.258,0.06579,0.0,0.0,-1.0,0.0,0.0,103.0,346.0
338341.0,1.0,-3.0986,3.452,0.06579,0.0,0.0,-1.0,0.0,0.0,103.0,345.0
338351.0,1.0,-3.0726,3.13,0.06579,0.0,0.0,-1.0,0.0,0.0,103.0,349.0
338361.0,1.0,-3.0511,2.634,0.06579,0.0,0.0,-1.0,0.0,0.0,103.0,338.0
338371.0,1.0,-3.0219,2.579,0.06579,0.0,0.0,-1.0,0.0,0.0,103.0,346.0
338381.0,1.0,-2.9882,2.784,0.06579,0.0,0.0,-1.0,0.0,0.0,103.0,345.0
338391.0,1.0,-2.9498,3.377,0.06579,0.0,0.0,-1.0,0.0,0.0,103.0,345.0
338402.0,1.0,-2.9115,3.659,0.06579,0.0,0.0,-1.0,0.0,0.0,103.0,345.0
338412.0,1.0,-2.89,3.132,0.06579,0.0,0.0,-1.0,0.0,0.0,103.0,350.0
338422.0,1.0,-2.8624,2.532,0.06579,0.0,0.0,-1.0,0.0,0.0,103.0,339.0
338432.0,1.0,-2.8517,2.171,0.06579,0.0,0.0,-1.0,0.0,0.0,103.0,350.0
338442.0,1.0,-2.8455,1.351,0.06579,0.0,0.0,-1.0,0.0,0.0,103.0,338.0
338452.0,1.0,-2.8455,0.319,0.06579,0.0,0.0,-1.0,0.0,0.0,103.0,344.0
338462.0,1.0,-2.8379,0.533,0.06579,0.0,0.0,-1.0,0.0,0.0,103.0,345.0
338472.0,1.0,-2.8241,1.031,0.06579,0.0,0.0,-1.0,0.0,0.0,103.0,347.0
338482.0,1.0,-2.801,1.57,0.06579,0.0,0.0,-1.0,0.0,0.0,103.0,337.0
338492.0,1.0,-2.7888,1.582,0.06579,0.0,0.0,-1.0,0.0,0.0,103.0,339.0
338503.0,1.0,-2.7842,1.071,0.06579,0.0,0.0,-1.0,0.0,0.0,103.0,339.0
338513.0,1.0,-2.7903,0.294,0.06579,0.0,0.0,-1.0,0.0,0.0,103.0,349.0
338523.0,1.0,-2.8026,-0.506,0.06579,0.0,0.0,-1.0,0.0,0.0,103.0,339.0
338533.0,1.0,-2.8241,-1.285,0.06579,0.0,0.0,-1.0,0.0,0.0,103.0,346.0
338543.0,1.0,-2.844,-1.805,0.06579,0.0,0.0,-1.0,0.0,0.0,103.0,346.0
338554.0,1.0,-2.8639,-1.944,0.06579,0.0,0.0,-1.0,0.0,0.0,103.0,347.0
338564.0,1.0,-2.8762,-1.598,0.06579,0.0,0.0,-1.0,0.0,0.0,103.0,346.0
338574.0,1.0,-2.8824,-1.146,0.06579,0.0,0.0,-1.0,0.0,0.0,103.0,346.0
338584.0,1.0,-2.8946,-1.032,0.06579,0.0,0.0,-1.0,0.0,0.0,103.0,339.0
338594.0,1.0,-2.9115,-1.298,0.06579,0.0,0.0,-1.0,0.0,0.0,103.0,350.0
338604.0,1.0,-2.9345,-1.754,0.06579,0.0,0.0,-1.0,0.0,0.0,103.0,338.0
338614.0,1.0,-2.9621,-2.281,0.06579,0.0,0.0,-1.0,0.0,0.0,103.0,345.0
338625.0,1.0,-2.9943,-2.82,0.06579,0.0,0.0,-1.0,0.0,0.0,103.0,345.0
338635.0,1.0,-3.0219,-2.833,0.06579,0.0,0.0,-1.0,0.0,0.0,103.0,350.0
338645.0,1.0,-3.0511,-2.879,0.06579,0.0,0.0,-1.0,0.0,0.0,103.0,338.0
338655.0,1.0,-3.0726,-2.492,0.06579,0.0,0.0,-1.0,0.0,0.0,103.0,347.0
338665.0,1.0,-3.0971,-2.352,0.06579,0.0,0.0,-1.0,0.0,0.0,103.0,345.0
338676.0,1.0,-3.1217,-2.396,0.06579,0.0,0.0,-1.0,0.0,0.0,103.0,346.0
338686.0,1.0,3.1263,-2.867,0.06579,0.0,0.0,-1.0,0.0,0.0,103.0,339.0
338696.0,1.0,3.0925,-3.127,0.06579,0.0,0.0,-1.0,0.0,0.0,103.0,347.0
338706.0,1.0,3.0664,-2.869,0.06579,0.0,0.0,-1.0,0.0,0.0,103.0,346.0
338717.0,1.0,3.0419,-2.697,0.06579,0.0,0.0,-1.0,0.0,0.0,103.0,338.0
338727.0,1.0,3.0219,-2.331,0.06579,0.0,0.0,-1.0,0.0,0.0,103.0,339.0
338737.0,1.0,3.002,-2.111,0.06579,0.0,0.0,-1.0,0.0,0.0,103.0,350.0
338747.0,1.0,2.9836,-1.928,0.06579,0.0,0.0,-1.0,0.0,0.0,103.0,338.0
338757.0,1.0,2.9683,-1.716,0.06579,0.0,0.0,-1.0,0.0,0.0,103.0,346.0
338767.0,1.0,2.9529,-1.554,0.06579,0.0,0.0,-1.0,0.0,0.0,103.0,346.0
338777.0,1.0,2.9391,-1.461,0.06579,0.0,0.0,-1.0,0.0,0.0,103.0,346.0
338788.0,1.0,2.9238,-1.511,0.06579,0.0,0.0,-1.0,0.0,0.0,103.0,338.0
338798.0,1.0,2.913,-1.31,0.06579,0.0,0.0,-1.0,0.0,0.0,103.0,346.0
338808.0,1.0,2.91,-0.845,0.06579,0.0,0.0,-1.0,0.0,0.0,103.0,345.0
338818.0,1.0,2.9054,-0.532,0.06579,0.0,0.0,-1.0,0.0,0.0,103.0,349.0
338828.0,1.0,2.9038,-0.341,0.06579,0.0,0.0,-1.0,0.0,0.0,103.0,338.0
338838.0,1.0,2.9023,-0.238,0.06579,0.0,0.0,-1.0,0.0,0.0,103.0,344.0
338849.0,1.0,2.9008,-0.184,0.06579,0.0,0.0,-1.0,0.0,0.0,103.0,345.0
338859.0,1.0,2.9023,-0.033,0.06579,0.0,0.0,-1.0,0.0,0.0,103.0,350.0
338869.0,1.0,2.9084,0.286,0.06579,0.0,0.0,-1.0,0.0,0.0,103.0,338.0
338879.0,1.0,2.9192,0.649,0.06579,0.0,0.0,-1.0,0.0,0.0,103.0,346.0
338889.0,1.0,2.9268,0.787,0.06579,0.0,0.0,-1.0,0.0,0.0,103.0,345.0
338900.0,1.0,2.9345,0.779,0.06579,0.0,0.0,-1.0,0.0,0.0,103.0,338.0
338910.0,1.0,2.9437,0.822,0.06579,0.0,0.0,-1.0,0.0,0.0,103.0,338.0
338920.0,1.0,2.9514,0.824,0.06579,0.0,0.0,-1.0,0.0,0.0,103.0,346.0
338930.0,1.0,2.9606,0.886,0.06579,0.0,0.0,-1.0,0.0,0.0,103.0,346.0
338940.0,1.0,2.9698,0.897,0.06579,0.0,0.0,-1.0,0.0,0.0,103.0,345.0
338950.0,1.0,2.979,0.865,0.06579,0.0,0.0,-1.0,0.0,0.0,103.0,346.0
338960.0,1.0,2.9897,0.948,0.06579,0.0,0.0,-1.0,0.0,0.0,103.0,346.0
338970.0,1.0,3.0051,1.204,0.06579,0.0,0.0,-1.0,0.0,0.0,103.0,345.0
338980.0,1.0,3.0235,1.535,0.06579,0.0,0.0,-1.0,0.0,0.0,103.0,345.0
338991.0,1.0,3.0434,1.795,0.06579,0.0,0.0,-1.0,0.0,0.0,103.0,345.0
339001.0,1.0,3.0664,2.074,0.06579,0.0,0.0,-1.0,0.0,0.0,103.0,346.0
339011.0,1.0,3.0971,2.414,0.06579,0.0,0.0,-1.0,0.0,0.0,103.0,338.0
339021.0,1.0,3.1217,2.551,0.06579,0.0,0.0,-1.0,0.0,0.0,103.0,339.0
339031.0,1.0,-3.1401,2.388,0.06579,0.0,0.0,-1.0,0.0,0.0,103.0,339.0
339041.0,1.0,-3.1232,2.038,0.06579,0.0,0.0,-1.0,0.0,0.0,103.0,345.0
339051.0,1.0,-3.1032,1.906,0.06579,0.0,0.0,-1.0,0.0,0.0,103.0,338.0
339061.0,1.0,-3.0787,2.11,0.06579,0.0,0.0,-1.0,0.0,0.0,103.0,346.0
339072.0,1.0,-3.0542,2.377,0.06579,0.0,0.0,-1.0,0.0,0.0,103.0,345.0
339082.0,1.0,-3.0204,2.803,0.06579,0.0,0.0,-1.0,0.0,0.0,103.0,349.0
339092.0,1.0,-2.9943,2.822,0.06579,0.0,0.0,-1.0,0.0,0.0,103.0,339.0
339102.0,1.0,-2.9805,2.187,0.06579,0.0,0.0,-1.0,0.0,0.0,103.0,338.0
339112.0,1.0,-2.9698,1.502,0.06579,0.0,0.0,-1.0,0.0,0.0,103.0,338.0
339122.0,1.0,-2.9544,1.338,0.06579,0.0,0.0,-1.0,0.0,0.0,103.0,344.0
339132.0,1.0,-2.9345,1.654,0.06579,0.0,0.0,-1.0,0.0,0.0,103.0,346.0
339142.0,1.0,-2.9146,1.894,0.06579,0.0,0.0,-1.0,0.0,0.0,103.0,344.0
339153.0,1.0,-2.8977,1.839,0.06579,0.0,0.0,-1.0,0.0,0.0,103.0,344.0
339163.0,1.0,-2.89,1.336,0.06579,0.0,0.0,-1.0,0.0,0.0,103.0,349.0
339173.0,1.0,-2.8946,0.526,0.06579,0.0,0.0,-1.0,0.0,0.0,103.0,339.0
339183.0,1.0,-2.8931,0.116,0.06579,0.0,0.0,-1.0,0.0,0.0,103.0,338.0
339193.0,1.0,-2.8931,0.06,0.06579,0.0,0.0,-1.0,0.0,0.0,103.0,338.0
339203.0,1.0,-2.8885,0.184,0.06579,0.0,0.0,-1.0,0.0,0.0,103.0,346.0
339213.0,1.0,-2.8824,0.494,0.06579,0.0,0.0,-1.0,0.0,0.0,103.0,346.0
339223.0,1.0,-2.8824,0.287,0.06579,0.0,0.0,-1.0,0.0,0.0,103.0,344.0
339234.0,1.0,-2.8916,-0.22,0.06579,0.0,0.0,-1.0,0.0,0.0,103.0,345.0
339244.0,1.0,-2.9023,-0.747,0.06579,0.0,0.0,-1.0,0.0,0.0,103.0,349.0
339254.0,1.0,-2.9207,-1.262,0.06579,0.0,0.0,-1.0,0.0,0.0,103.0,338.0
339264.0,1.0,-2.936,-1.466,0.06579,0.0,0.0,-1.0,0.0,0.0,103.0,346.0
339274.0,1.0,-2.9468,-1.307,0.06579,0.0,0.0,-1.0,0.0,0.0,103.0,344.0
339284.0,1.0,-2.956,-1.116,0.06579,0.0,0.0,-1.0,0.0,0.0,103.0,346.0
339295.0,1.0,-2.9713,-1.243,0.06579,0.0,0.0,-1.0,0.0,0.0,103.0,345.0
339305.0,1.0,-2.9897,-1.486,0.06579,0.0,0.0,-1.0,0.0,0.0,103.0,345.0
339315.0,1.0,-3.0081,-1.741,0.06579,0.0,0.0,-1.0,0.0,0.0,103.0,345.0
339325.0,1.0,-3.0327,-1.988,0.06579,0.0,0.0,-1.0,0.0,0.0,103.0,346.0
339335.0,1.0,-3.0526,-2.029,0.06579,0.0,0.0,-1.0,0.0,0.0,103.0,345.0
339345.0,1.0,-3.0741,-2.092,0.06579,0.0,0.0,-1.0,0.0,0.0,103.0,345.0
339356.0,1.0,-3.091,-1.93,0.06579,0.0,0.0,-1.0,0.0,0.0,103.0,337.0
339366.0,1.0,-3.1094,-1.85,0.06579,0.0,0.0,-1.0,0.0,0.0,103.0,346.0
339376.0,1.0,-3.1263,-1.745,0.06579,0.0,0.0,-1.0,0.0,0.0,103.0,345.0
339386.0,1.0,3.1293,-2.179,0.06579,0.0,0.0,-1.0,0.0,0.0,103.0,346.0
339396.0,1.0,3.1017,-2.438,0.06579,0.0,0.0,-1.0,0.0,0.0,103.0,339.0
339406.0,1.0,3.0818,-2.308,0.06579,0.0,0.0,-1.0,0.0,0.0,103.0,350.0
339416.0,1.0,3.0618,-2.086,0.06579,0.0,0.0,-1.0,0.0,0.0,103.0,338.0
339426.0,1.0,3.048,-1.747,0.06579,0.0,0.0,-1.0,0.0,0.0,103.0,339.0
339436.0,1.0,3.0342,-1.555,0.06579,0.0,0.0,-1.0,0.0,0.0,103.0,346.0
339446.0,1.0,3.0173,-1.514,0.06579,0.0,0.0,-1.0,0.0,0.0,103.0,346.0
339457.0,1.0,3.0005,-1.626,0.06579,0.0,0.0,-1.0,0.0,0.0,103.0,345.0
339467.0,1.0,2.9897,-1.415,0.06579,0.0,0.0,-1.0,0.0,0.0,103.0,350.0
339477.0,1.0,2.9805,-1.169,0.06579,0.0,0.0,-1.0,0.0,0.0,103.0,338.0
339487.0,1.0,2.9713,-0.949,0.06579,0.0,0.0,-1.0,0.0,0.0,103.0,347.0
339497.0,1.0,2.9637,-0.849,0.06579,0.0,0.0,-1.0,0.0,0.0,103.0,345.0
339508.0,1.0,2.959,-0.702,0.06579,0.0,0.0,-1.0,0.0,0.0,103.0,346.0
339518.0,1.0,2.9544,-0.555,0.06579,0.0,0.0,-1.0,0.0,0.0,103.0,346.0
339528.0,1.0,2.9498,-0.456,0.06579,0.0,0.0,-1.0,0.0,0.0,103.0,346.0
339538.0,1.0,2.9483,-0.304,0.06579,0.0,0.0,-1.0,0.0,0.0,103.0,346.0
339548.0,1.0,2.9498,-0.097,0.06579,0.0,0.0,-1.0,0.0,0.0,103.0,344.0
339559.0,1.0,2.9514,0.064,0.06579,0.0,0.0,-1.0,0.0,0.0,103.0,345.0
339569.0,1.0,2.9575,0.316,0.06579,0.0,0.0,-1.0,0.0,0.0,103.0,339.0
339579.0,1.0,2.9683,0.744,0.06579,0.0,0.0,-1.0,0.0,0.0,103.0,338.0
339589.0,1.0,2.9851,1.128,0.06579,0.0,0.0,-1.0,0.0,0.0,103.0,346.0
339599.0,1.0,2.9959,1.168,0.06579,0.0,0.0,-1.0,0.0,0.0,103.0,346.0
339609.0,1.0,3.0051,1.101,0.06579,0.0,0.0,-1.0,0.0,0.0,103.0,345.0
339620.0,1.0,3.0143,0.995,0.06579,0.0,0.0,-1.0,0.0,0.0,103.0,345.0
339630.0,1.0,3.0219,0.852,0.06579,0.0,0.0,-1.0,0.0,0.0,103.0,339.0
339640.0,1.0,3.0281,0.692,0.06579,0.0,0.0,-1.0,0.0,0.0,103.0,338.0
339650.0,1.0,3.0327,0.553,0.06579,0.0,0.0,-1.0,0.0,0.0,103.0,348.0
339660.0,1.0,3.0327,0.328,0.06579,0.0,0.0,-1.0,0.0,0.0,103.0,337.0
339670.0,1.0,3.0388,0.363,0.06579,0.0,0.0,-1.0,0.0,0.0,103.0,350.0
339681.0,1.0,3.0511,0.749,0.06579,0.0,0.0,-1.0,0.0,0.0,103.0,339.0
339691.0,1.0,3.0664,1.197,0.06579,0.0,0.0,-1.0,0.0,0.0,103.0,350.0
339701.0,1.0,3.0864,1.616,0.06579,0.0,0.0,-1.0,0.0,0.0,103.0,338.0
339711.0,1.0,3.1124,2.045,0.06579,0.0,0.0,-1.0,0.0,0.0,103.0,346.0
339721.0,1.0,3.137,2.298,0.06579,0.0,0.0,-1.0,0.0,0.0,103.0,346.0
339731.0,1.0,-3.1278,2.12,0.06579,0.0,0.0,-1.0,0.0,0.0,103.0,346.0
339742.0,1.0,-3.1155,1.716,0.06579,0.0,0.0,-1.0,0.0,0.0,103.0,345.0
339752.0,1.0,-3.1078,1.225,0.06579,0.0,0.0,-1.0,0.0,0.0,103.0,339.0
339762.0,1.0,-3.0956,1.11,0.06579,0.0,0.0,-1.0,0.0,0.0,103.0,338.0
339772.0,1.0,-3.0741,1.515,0.06579,0.0,0.0,-1.0,0.0,0.0,103.0,347.0
339782.0,1.0,-3.0434,2.144,0.06579,0.0,0.0,-1.0,0.0,0.0,103.0,345.0
339793.0,1.0,-3.0143,2.802,0.06579,0.0,0.0,-1.0,0.0,0.0,103.0,345.0
339803.0,1.0,-2.9882,2.758,0.06579,0.0,0.0,-1.0,0.0,0.0,103.0,339.0
339813.0,1.0,-2.9759,2.113,0.06579,0.0,0.0,-1.0,0.0,0.0,103.0,350.0
339823.0,1.0,-2.9698,1.316,0.06579,0.0,0.0,-1.0,0.0,0.0,103.0,338.0
339833.0,1.0,-2.9667,0.687,0.06579,0.0,0.0,-1.0,0.0,0.0,103.0,346.0
339843.0,1.0,-2.9759,-0.089,0.06579,0.0,0.0,-1.0,0.0,0.0,103.0,345.0
339854.0,1.0,-2.9775,-0.265,0.06579,0.0,0.0,-1.0,0.0,0.0,103.0,339.0
339864.0,1.0,-2.9744,-0.049,0.06579,0.0,0.0,-1.0,0.0,0.0,103.0,339.0
339874.0,1.0,-2.9606,0.598,0.06579,0.0,0.0,-1.0,0.0,0.0,103.0,346.0
339884.0,1.0,-2.9498,0.996,0.06579,0.0,0.0,-1.0,0.0,0.0,103.0,337.0
339894.0,1.0,-2.9468,0.744,0.06579,0.0,0.0,-1.0,0.0,0.0,103.0,350.0
339905.0,1.0,-2.9498,0.179,0.06579,0.0,0.0,-1.0,0.0,0.0,103.0,339.0
339915.0,1.0,-2.9606,-0.429,0.06579,0.0,0.0,-1.0,0.0,0.0,103.0,349.0
339925.0,1.0,-2.9637,-0.503,0.06579,0.0,0.0,-1.0,0.0,0.0,103.0,338.0
339935.0,1.0,-2.9667,-0.397,0.06579,0.0,0.0,-1.0,0.0,0.0,103.0,346.0
339945.0,1.0,-2.9652,-0.156,0.06579,0.0,0.0,-1.0,0.0,0.0,103.0,345.0
339956.0,1.0,-2.9667,-0.094,0.06579,0.0,0.0,-1.0,0.0,0.0,103.0,346.0
339966.0,1.0,-2.9744,-0.349,0.06579,0.0,0.0,-1.0,0.0,0.0,103.0,345.0
339976.0,1.0,-2.9882,-0.833,0.06579,0.0,0.0,-1.0,0.0,0.0,103.0,338.0
339986.0,1.0,-3.0051,-1.303,0.06579,0.0,0.0,-1.0,0.0,0.0,103.0,345.0
339996.0,1.0,-3.0219,-1.589,0.06579,0.0,0.0,-1.0,0.0,0.0,103.0,346.0
340006.0,1.0,-3.0388,-1.598,0.06579,0.0,0.0,-1.0,0.0,0.0,103.0,346.0
340017.0,1.0,-3.0511,-1.511,0.06579,0.0,0.0,-1.0,0.0,0.0,103.0,346.0
340027.0,1.0,-3.0603,-1.18,0.06579,0.0,0.0,-1.0,0.0,0.0,103.0,339.0
340037.0,1.0,-3.0695,-1.004,0.06579,0.0,0.0,-1.0,0.0,0.0,103.0,349.0
340047.0,1.0,-3.0864,-1.271,0.06579,0.0,0.0,-1.0,0.0,0.0,103.0,338.0
340057.0,1.0,-3.1032,-1.481,0.06579,0.0,0.0,-1.0,0.0,0.0,103.0,346.0
340067.0,1.0,-3.1201,-1.617,0.06579,0.0,0.0,-1.0,0.0,0.0,103.0,346.0
340077.0,1.0,-3.1401,-1.782,0.06579,0.0,0.0,-1.0,0.0,0.0,103.0,345.0
340088.0,1.0,3.1278,-1.691,0.06579,0.0,0.0,-1.0,0.0,0.0,103.0,338.0
340098.0,1.0,3.114,-1.498,0.06579,0.0,0.0,-1.0,0.0,0.0,103.0,337.0
340108.0,1.0,3.0986,-1.46,0.06579,0.0,0.0,-1.0,0.0,0.0,103.0,345.0
340118.0,1.0,3.0864,-1.375,0.06579,0.0,0.0,-1.0,0.0,0.0,103.0,346.0
340128.0,1.0,3.0695,-1.437,0.06579,0.0,0.0,-1.0,0.0,0.0,103.0,344.0
340138.0,1.0,3.0542,-1.53,0.06579,0.0,0.0,-1.0,0.0,0.0,103.0,346.0
340149.0,1.0,3.0434,-1.338,0.06579,0.0,0.0,-1.0,0.0,0.0,103.0,344.0
340159.0,1.0,3.0342,-1.101,0.06579,0.0,0.0,-1.0,0.0,0.0,103.0,350.0
340169.0,1.0,3.0265,-0.941,0.06579,0.0,0.0,-1.0,0.0,0.0,103.0,338.0
340179.0,1.0,3.0204,-0.745,0.06579,0.0,0.0,-1.0,0.0,0.0,103.0,347.0
340189.0,1.0,3.0127,-0.711,0.06579,0.0,0.0,-1.0,0.0,0.0,103.0,345.0
340200.0,1.0,3.0081,-0.62,0.06579,0.0,0.0,-1.0,0.0,0.0,103.0,344.0
340210.0,1.0,3.0051,-0.466,0.06579,0.0,0.0,-1.0,0.0,0.0,103.0,344.0
340220.0,1.0,3.0035,-0.296,0.06579,0.0,0.0,-1.0,0.0,0.0,103.0,338.0
340230.0,1.0,3.002,-0.199,0.06579,0.0,0.0,-1.0,0.0,0.0,103.0,345.0
340240.0,1.0,2.9989,-0.248,0.06579,0.0,0.0,-1.0,0.0,0.0,103.0,345.0
340250.0,1.0,2.9974,-0.186,0.06579,0.0,0.0,-1.0,0.0,0.0,103.0,346.0
340261.0,1.0,2.9989,-0.023,0.06579,0.0,0.0,-1.0,0.0,0.0,103.0,346.0
340271.0,1.0,3.0035,0.198,0.06579,0.0,0.0,-1.0,0.0,0.0,103.0,344.0
340281.0,1.0,3.0112,0.449,0.06579,0.0,0.0,-1.0,0.0,0.0,103.0,349.0
340291.0,1.0,3.0189,0.637,0.06579,0.0,0.0,-1.0,0.0,0.0,103.0,338.0
340301.0,1.0,3.0265,0.741,0.06579,0.0,0.0,-1.0,0.0,0.0,103.0,344.0
340312.0,1.0,3.0342,0.75,0.06579,0.0,0.0,-1.0,0.0,0.0,103.0,346.0
340322.0,1.0,3.0373,0.588,0.06579,0.0,0.0,-1.0,0.0,0.0,103.0,349.0
340332.0,1.0,3.0403,0.444,0.06579,0.0,0.0,-1.0,0.0,0.0,103.0,338.0
340342.0,1.0,3.0419,0.264,0.06579,0.0,0.0,-1.0,0.0,0.0,103.0,347.0
340352.0,1.0,3.0465,0.31,0.06579,0.0,0.0,-1.0,0.0,0.0,103.0,345.0
340363.0,1.0,3.0572,0.585,0.06579,0.0,0.0,-1.0,0.0,0.0,103.0,338.0
340373.0,1.0,3.0634,0.812,0.06579,0.0,0.0,-1.0,0.0,0.0,103.0,338.0
340383.0,1.0,3.0772,0.947,0.06579,0.0,0.0,-1.0,0.0,0.0,103.0,346.0
340393.0,1.0,3.091,1.184,0.06579,0.0,0.0,-1.0,0.0,0.0,103.0,344.0
340403.0,1.0,3.1063,1.368,0.06579,0.0,0.0,-1.0,0.0,0.0,103.0,344.0
340414.0,1.0,3.1217,1.466,0.06579,0.0,0.0,-1.0,0.0,0.0,103.0,345.0
340424.0,1.0,3.1309,1.236,0.06579,0.0,0.0,-1.0,0.0,0.0,103.0,350.0
340434.0,1.0,3.137,0.923,0.06579,0.0,0.0,-1.0,0.0,0.0,103.0,338.0
340444.0,1.0,-3.137,0.847,0.06579,0.0,0.0,-1.0,0.0,0.0,103.0,346.0
340454.0,1.0,-3.1247,0.978,0.06579,0.0,0.0,-1.0,0.0,0.0,103.0,345.0
340465.0,1.0,-3.1109,1.17,0.06579,0.0,0.0,-1.0,0.0,0.0,103.0,346.0
340475.0,1.0,-3.0956,1.378,0.06579,0.0,0.0,-1.0,0.0,0.0,103.0,345.0
340485.0,1.0,-3.0833,1.28,0.06579,0.0,0.0,-1.0,0.0,0.0,103.0,346.0
340495.0,1.0,-3.071,1.188,0.06579,0.0,0.0,-1.0,0.0,0.0,103.0,346.0
340505.0,1.0,-3.068,0.851,0.06579,0.0,0.0,-1.0,0.0,0.0,103.0,350.0
340516.0,1.0,-3.0634,0.544,0.06579,0.0,0.0,-1.0,0.0,0.0,103.0,338.0
340526.0,1.0,-3.0557,0.618,0.06579,0.0,0.0,-1.0,0.0,0.0,103.0,346.0
340536.0,1.0,-3.0496,0.641,0.06579,0.0,0.0,-1.0,0.0,0.0,103.0,346.0
340546.0,1.0,-3.045,0.589,0.06579,0.0,0.0,-1.0,0.0,0.0,103.0,346.0
340556.0,1.0,-3.0388,0.556,0.06579,0.0,0.0,-1.0,0.0,0.0,103.0,338.0
340566.0,1.0,-3.0357,0.47,0.06579,0.0,0.0,-1.0,0.0,0.0,103.0,346.0
340576.0,1.0,-3.0311,0.41,0.06579,0.0,0.0,-1.0,0.0,0.0,103.0,346.0
340586.0,1.0,-3.0296,0.321,0.06579,0.0,0.0,-1.0,0.0,0.0,103.0,346.0
340597.0,1.0,-3.0281,0.166,0.06579,0.0,0.0,-1.0,0.0,0.0,103.0,338.0
340607.0,1.0,-3.0265,0.179,0.06579,0.0,0.0,-1.0,0.0,0.0,103.0,346.0
340617.0,1.0,-3.0235,0.252,0.06579,0.0,0.0,-1.0,0.0,0.0,103.0,346.0
340627.0,1.0,-3.0219,0.192,0.06579,0.0,0.0,-1.0,0.0,0.0,103.0,339.0
340637.0,1.0,-3.0204,0.181,0.06579,0.0,0.0,-1.0,0.0,0.0,103.0,337.0
340647.0,1.0,-3.0235,-0.036,0.06579,0.0,0.0,-1.0,0.0,0.0,103.0,350.0
340658.0,1.0,-3.0327,-0.445,0.06579,0.0,0.0,-1.0,0.0,0.0,103.0,338.0
340668.0,1.0,-3.0388,-0.644,0.06579,0.0,0.0,-1.0,0.0,0.0,103.0,348.0
340678.0,1.0,-3.0496,-0.802,0.06579,0.0,0.0,-1.0,0.0,0.0,103.0,338.0
340688.0,1.0,-3.0588,-0.909,0.06579,0.0,0.0,-1.0,0.0,0.0,103.0,345.0
340698.0,1.0,-3.0634,-0.715,0.06579,0.0,0.0,-1.0,0.0,0.0,103.0,345.0
340708.0,1.0,-3.0695,-0.561,0.06579,0.0,0.0,-1.0,0.0,0.0,103.0,344.0
340718.0,1.0,-3.0772,-0.697,0.06579,0.0,0.0,-1.0,0.0,0.0,103.0,346.0
340729.0,1.0,-3.0848,-0.701,0.06579,0.0,0.0,-1.0,0.0,0.0,103.0,338.0
340739.0,1.0,-3.0956,-0.882,0.06579,0.0,0.0,-1.0,0.0,0.0,103.0,339.0
340749.0,1.0,-3.1094,-1.143,0.06579,0.0,0.0,-1.0,0.0,0.0,103.0,338.0
340759.0,1.0,-3.1232,-1.281,0.06579,0.0,0.0,-1.0,0.0,0.0,103.0,338.0
340769.0,1.0,-3.1355,-1.249,0.06579,0.0,0.0,-1.0,0.0,0.0,103.0,346.0
340779.0,1.0,-3.1416,-0.957,0.06579,0.0,0.0,-1.0,0.0,0.0,103.0,346.0
340790.0,1.0,3.1355,-0.758,0.06579,0.0,0.0,-1.0,0.0,0.0,103.0,344.0
340800.0,1.0,3.1278,-0.701,0.06579,0.0,0.0,-1.0,0.0,0.0,103.0,344.0
340810.0,1.0,3.117,-0.841,0.06579,0.0,0.0,-1.0,0.0,0.0,103.0,338.0
340820.0,1.0,3.1063,-1.007,0.06579,0.0,0.0,-1.0,0.0,0.0,103.0,339.0
340830.0,1.0,3.0971,-0.963,0.06579,0.0,0.0,-1.0,0.0,0.0,103.0,350.0
340840.0,1.0,3.0894,-0.874,0.06579,0.0,0.0,-1.0,0.0,0.0,103.0,338.0
340850.0,1.0,3.0818,-0.788,0.06579,0.0,0.0,-1.0,0.0,0.0,103.0,344.0
340861.0,1.0,3.0741,-0.785,0.06579,0.0,0.0,-1.0,0.0,0.0,103.0,345.0
340871.0,1.0,3.068,-0.716,0.06579,0.0,0.0,-1.0,0.0,0.0,103.0,339.0
340881.0,1.0,3.0634,-0.581,0.06579,0.0,0.0,-1.0,0.0,0.0,103.0,338.0
340891.0,1.0,3.0588,-0.502,0.06579,0.0,0.0,-1.0,0.0,0.0,103.0,338.0
340901.0,1.0,3.0557,-0.368,0.06579,0.0,0.0,-1.0,0.0,0.0,103.0,339.0
340911.0,1.0,3.0542,-0.279,0.06579,0.0,0.0,-1.0,0.0,0.0,103.0,350.0
340921.0,1.0,3.0526,-0.19,0.06579,0.0,0.0,-1.0,0.0,0.0,103.0,338.0
340931.0,1.0,3.0526,-0.124,0.06579,0.0,0.0,-1.0,0.0,0.0,103.0,344.0
340942.0,1.0,3.0526,-0.056,0.06579,0.0,0.0,-1.0,0.0,0.0,103.0,345.0
340952.0,1.0,3.0542,0.031,0.06579,0.0,0.0,-1.0,0.0,0.0,103.0,349.0
340962.0,1.0,3.0588,0.198,0.06579,0.0,0.0,-1.0,0.0,0.0,103.0,338.0
340972.0,1.0,3.0664,0.499,0.06579,0.0,0.0,-1.0,0.0,0.0,103.0,346.0
340982.0,1.0,3.0741,0.708,0.06579,0.0,0.0,-1.0,0.0,0.0,103.0,345.0
340992.0,1.0,3.0833,0.786,0.06579,0.0,0.0,-1.0,0.0,0.0,103.0,344.0
341003.0,1.0,3.0894,0.745,0.06579,0.0,0.0,-1.0,0.0,0.0,103.0,345.0
341013.0,1.0,3.094,0.576,0.06579,0.0,0.0,-1.0,0.0,0.0,103.0,339.0
341023.0,1.0,3.094,0.33,0.06579,0.0,0.0,-1.0,0.0,0.0,103.0,338.0
341033.0,1.0,3.0925,0.065,0.06579,0.0,0.0,-1.0,0.0,0.0,103.0,347.0
341043.0,1.0,3.0879,-0.225,0.06579,0.0,0.0,-1.0,0.0,0.0,103.0,345.0
341054.0,1.0,3.0848,-0.292,0.06579,0.0,0.0,-1.0,0.0,0.0,103.0,346.0
341064.0,1.0,3.0894,0.026,0.06579,0.0,0.0,-1.0,0.0,0.0,103.0,346.0
341074.0,1.0,3.0971,0.401,0.06579,0.0,0.0,-1.0,0.0,0.0,103.0,338.0
341084.0,1.0,3.1078,0.743,0.06579,0.0,0.0,-1.0,0.0,0.0,103.0,339.0
341094.0,1.0,3.1186,0.941,0.06579,0.0,0.0,-1.0,0.0,0.0,103.0,350.0
341105.0,1.0,3.1278,0.965,0.06579,0.0,0.0,-1.0,0.0,0.0,103.0,339.0
341115.0,1.0,3.1309,0.683,0.06579,0.0,0.0,-1.0,0.0,0.0,103.0,338.0
341125.0,1.0,3.1324,0.4,0.06579,0.0,0.0,-1.0,0.0,0.0,103.0,338.0
341135.0,1.0,3.1355,0.279,0.06579,0.0,0.0,-1.0,0.0,0.0,103.0,346.0
341145.0,1.0,-3.1416,0.425,0.06579,0.0,0.0,-1.0,0.0,0.0,103.0,344.0
341155.0,1.0,-3.1339,0.625,0.06579,0.0,0.0,-1.0,0.0,0.0,103.0,345.0
341166.0,1.0,-3.1232,0.876,0.06579,0.0,0.0,-1.0,0.0,0.0,103.0,345.0
341176.0,1.0,-3.1155,0.887,0.06579,0.0,0.0,-1.0,0.0,0.0,103.0,349.0
341186.0,1.0,-3.1124,0.627,0.06579,0.0,0.0,-1.0,0.0,0.0,103.0,338.0
341196.0,1.0,-3.1078,0.379,0.06579,0.0,0.0,-1.0,0.0,0.0,103.0,346.0
341206.0,1.0,-3.1094,0.186,0.06579,0.0,0.0,-1.0,0.0,0.0,103.0,345.0
341217.0,1.0,-3.1078,0.116,0.06579,0.0,0.0,-1.0,0.0,0.0,103.0,345.0
341227.0,1.0,-3.1017,0.349,0.06579,0.0,0.0,-1.0,0.0,0.0,103.0,346.0
341237.0,1.0,-3.0986,0.32,0.06579,0.0,0.0,-1.0,0.0,0.0,103.0,347.0
341247.0,1.0,-3.0971,0.202,0.06579,0.0,0.0,-1.0,0.0,0.0,103.0,346.0
341257.0,1.0,-3.0971,0.106,0.06579,0.0,0.0,-1.0,0.0,0.0,103.0,346.0
341268.0,1.0,-3.0971,0.119,0.06579,0.0,0.0,-1.0,0.0,0.0,103.0,338.0
341278.0,1.0,-3.094,0.168,0.06579,0.0,0.0,-1.0,0.0,0.0,103.0,338.0
341288.0,1.0,-3.094,0.121,0.06579,0.0,0.0,-1.0,0.0,0.0,103.0,338.0
341298.0,1.0,-3.0971,0.004,0.06579,0.0,0.0,-1.0,0.0,0.0,103.0,346.0
341308.0,1.0,-3.094,-0.001,0.06579,0.0,0.0,-1.0,0.0,0.0,103.0,345.0
341319.0,1.0,-3.0894,0.146,0.06579,0.0,0.0,-1.0,0.0,0.0,103.0,346.0
341329.0,1.0,-3.091,0.132,0.06579,0.0,0.0,-1.0,0.0,0.0,103.0,339.0
341339.0,1.0,-3.0879,0.187,0.06579,0.0,0.0,-1.0,0.0,0.0,103.0,338.0
341349.0,1.0,-3.0879,0.104,0.06579,0.0,0.0,-1.0,0.0,0.0,103.0,339.0
341359.0,1.0,-3.0864,0.167,0.06579,0.0,0.0,-1.0,0.0,0.0,103.0,339.0
341369.0,1.0,-3.0864,0.124,0.06579,0.0,0.0,-1.0,0.0,0.0,103.0,345.0
341379.0,1.0,-3.091,-0.131,0.06579,0.0,0.0,-1.0,0.0,0.0,103.0,345.0
341390.0,1.0,-3.0971,-0.437,0.06579,0.0,0.0,-1.0,0.0,0.0,103.0,345.0
341400.0,1.0,-3.1048,-0.619,0.06579,0.0,0.0,-1.0,0.0,0.0,103.0,349.0
341410.0,1.0,-3.114,-0.791,0.06579,0.0,0.0,-1.0,0.0,0.0,103.0,338.0
341420.0,1.0,-3.1201,-0.709,0.06579,0.0,0.0,-1.0,0.0,0.0,103.0,345.0
341430.0,1.0,-3.1217,-0.408,0.06579,0.0,0.0,-1.0,0.0,0.0,103.0,346.0
341440.0,1.0,-3.1232,-0.259,0.06579,0.0,0.0,-1.0,0.0,0.0,103.0,344.0
341451.0,1.0,-3.1263,-0.241,0.06579,0.0,0.0,-1.0,0.0,0.0,103.0,345.0
341461.0,1.0,-3.1324,-0.399,0.06579,0.0,0.0,-1.0,0.0,0.0,103.0,349.0
341471.0,1.0,-3.1401,-0.661,0.06579,0.0,0.0,-1.0,0.0,0.0,103.0,338.0
341481.0,1.0,3.1355,-0.704,0.06579,0.0,0.0,-1.0,0.0,0.0,103.0,346.0
341491.0,1.0,3.1324,-0.527,0.06579,0.0,0.0,-1.0,0.0,0.0,103.0,345.0
341501.0,1.0,3.1339,-0.168,0.06579,0.0,0.0,-1.0,0.0,0.0,103.0,345.0
341512.0,1.0,3.137,0.107,0.06579,0.0,0.0,-1.0,0.0,0.0,103.0,345.0
341522.0,1.0,3.137,0.13,0.06579,0.0,0.0,-1.0,0.0,0.0,103.0,349.0
341532.0,1.0,3.1324,-0.139,0.06579,0.0,0.0,-1.0,0.0,0.0,103.0,338.0
341542.0,1.0,3.1217,-0.574,0.06579,0.0,0.0,-1.0,0.0,0.0,103.0,345.0
341552.0,1.0,3.117,-0.664,0.06579,0.0,0.0,-1.0,0.0,0.0,103.0,346.0
341563.0,1.0,3.117,-0.335,0.06579,0.0,0.0,-1.0,0.0,0.0,103.0,346.0
341573.0,1.0,3.1201,-0.009,0.06579,0.0,0.0,-1.0,0.0,0.0,103.0,346.0
341583.0,1.0,3.1217,0.139,0.06579,0.0,0.0,-1.0,0.0,0.0,103.0,344.0
341593.0,1.0,3.117,-0.1,0.06579,0.0,0.0,-1.0,0.0,0.0,103.0,346.0
341603.0,1.0,3.1109,-0.424,0.06579,0.0,0.0,-1.0,0.0,0.0,103.0,345.0
341613.0,1.0,3.1078,-0.36,0.06579,0.0,0.0,-1.0,0.0,0.0,103.0,346.0
341624.0,1.0,3.1094,-0.159,0.06579,0.0,0.0,-1.0,0.0,0.0,103.0,346.0
341634.0,1.0,3.1124,0.086,0.06579,0.0,0.0,-1.0,0.0,0.0,103.0,344.0
341644.0,1.0,3.117,0.313,0.06579,0.0,0.0,-1.0,0.0,0.0,103.0,338.0
341654.0,1.0,3.1217,0.403,0.06579,0.0,0.0,-1.0,0.0,0.0,103.0,344.0
341664.0,1.0,3.1293,0.523,0.06579,0.0,0.0,-1.0,0.0,0.0,103.0,346.0
341675.0,1.0,3.1355,0.608,0.06579,0.0,0.0,-1.0,0.0,0.0,103.0,346.0
341685.0,1.0,-3.1416,0.659,0.06579,0.0,0.0,-1.0,0.0,0.0,103.0,350.0
341695.0,1.0,-3.137,0.563,0.06579,0.0,0.0,-1.0,0.0,0.0,103.0,338.0
341705.0,1.0,-3.1355,0.309,0.06579,0.0,0.0,-1.0,0.0,0.0,103.0,337.0
341715.0,1.0,-3.1401,-0.031,0.06579,0.0,0.0,-1.0,0.0,0.0,103.0,338.0
341725.0,1.0,3.1339,-0.434,0.06579,0.0,0.0,-1.0,0.0,0.0,103.0,350.0
341735.0,1.0,3.1232,-0.786,0.06579,0.0,0.0,-1.0,0.0,0.0,103.0,338.0
341745.0,1.0,3.1201,-0.653,0.06579,0.0,0.0,-1.0,0.0,0.0,103.0,344.0
341755.0,1.0,3.1217,-0.332,0.06579,0.0,0.0,-1.0,0.0,0.0,103.0,346.0
341766.0,1.0,3.1309,0.291,0.06579,0.0,0.0,-1.0,0.0,0.0,103.0,345.0
341776.0,1.0,3.1401,0.718,0.06579,0.0,0.0,-1.0,0.0,0.0,103.0,346.0
341786.0,1.0,-3.1401,0.568,0.06579,0.0,0.0,-1.0,0.0,0.0,103.0,338.0
341796.0,1.0,-3.1416,0.226,0.06579,0.0,0.0,-1.0,0.0,0.0,103.0,338.0
341806.0,1.0,3.137,-0.198,0.06579,0.0,0.0,-1.0,0.0,0.0,103.0,344.0
341817.0,1.0,3.1339,-0.266,0.06579,0.0,0.0,-1.0,0.0,0.0,103.0,345.0
341827.0,1.0,3.1339,-0.172,0.06579,0.0,0.0,-1.0,0.0,0.0,103.0,350.0
341837.0,1.0,3.1385,0.138,0.06579,0.0,0.0,-1.0,0.0,0.0,103.0,338.0
341847.0,1.0,-3.1401,0.315,0.06579,0.0,0.0,-1.0,0.0,0.0,103.0,338.0
341857.0,1.0,3.1401,0.123,0.06579,0.0,0.0,-1.0,0.0,0.0,103.0,338.0
341867.0,1.0,3.1385,-0.093,0.06579,0.0,0.0,-1.0,0.0,0.0,103.0,346.0
341877.0,1.0,3.1385,-0.066,0.06579,0.0,0.0,-1.0,0.0,0.0,103.0,345.0
341887.0,1.0,3.1385,-0.022,0.06579,0.0,0.0,-1.0,0.0,0.0,103.0,346.0
341898.0,1.0,-3.1401,0.183,0.06579,0.0,0.0,-1.0,0.0,0.0,103.0,345.0
341908.0,1.0,-3.1416,0.072,0.06579,0.0,0.0,-1.0,0.0,0.0,103.0,345.0
341918.0,1.0,3.1401,-0.055,0.06579,0.0,0.0,-1.0,0.0,0.0,103.0,338.0
341928.0,1.0,-3.1416,0.027,0.06579,0.0,0.0,-1.0,0.0,0.0,103.0,347.0
341938.0,1.0,-3.1401,0.086,0.06579,0.0,0.0,-1.0,0.0,0.0,103.0,345.0
341949.0,1.0,-3.1401,0.081,0.06579,0.0,0.0,-1.0,0.0,0.0,103.0,346.0
341959.0,1.0,-3.1416,0.012,0.06579,0.0,0.0,-1.0,0.0,0.0,103.0,345.0
341969.0,1.0,-3.1401,0.02,0.06579,0.0,0.0,-1.0,0.0,0.0,103.0,346.0
341979.0,1.0,-3.1385,0.082,0.06579,0.0,0.0,-1.0,0.0,0.0,103.0,339.0
341989.0,1.0,-3.1385,0.076,0.06579,0.0,0.0,-1.0,0.0,0.0,103.0,349.0
341999.0,1.0,-3.1401,-0.047,0.06579,0.0,0.0,-1.0,0.0,0.0,103.0,338.0
342009.0,1.0,-3.1416,-0.122,0.06579,0.0,0.0,-1.0,0.0,0.0,103.0,339.0
342020.0,1.0,-3.1416,-0.042,0.06579,0.0,0.0,-1.0,0.0,0.0,103.0,339.0
342030.0,1.0,-3.1401,0.042,0.06579,0.0,0.0,-1.0,0.0,0.0,103.0,349.0
342040.0,1.0,-3.1401,0.034,0.06579,0.0,0.0,-1.0,0.0,0.0,103.0,339.0
342050.0,1.0,-3.1401,0.013,0.06579,0.0,0.0,-1.0,0.0,0.0,103.0,337.0
342060.0,1.0,-3.1416,-0.029,0.06579,0.0,0.0,-1.0,0.0,0.0,103.0,338.0
342070.0,1.0,-3.1416,-0.052,0.06579,0.0,0.0,-1.0,0.0,0.0,103.0,338.0
342080.0,1.0,-3.1416,-0.031,0.06579,0.0,0.0,-1.0,0.0,0.0,103.0,345.0
342090.0,1.0,3.1385,-0.113,0.06579,0.0,0.0,-1.0,0.0,0.0,103.0,350.0
342100.0,1.0,3.137,-0.185,0.06579,0.0,0.0,-1.0,0.0,0.0,103.0,338.0
342110.0,1.0,3.1355,-0.17,0.06579,0.0,0.0,-1.0,0.0,0.0,103.0,344.0
342121.0,1.0,3.1355,-0.104,0.06579,0.0,0.0,-1.0,0.0,0.0,103.0,345.0
342131.0,1.0,3.1339,-0.1,0.06579,0.0,0.0,-1.0,0.0,0.0,103.0,350.0
342141.0,1.0,3.1324,-0.08,0.06579,0.0,0.0,-1.0,0.0,0.0,103.0,338.0
342151.0,1.0,3.1339,-0.036,0.06579,0.0,0.0,-1.0,0.0,0.0,103.0,346.0
342161.0,1.0,3.1324,-0.063,0.06579,0.0,0.0,-1.0,0.0,0.0,103.0,346.0
342172.0,1.0,3.1324,-0.037,0.06579,0.0,0.0,-1.0,0.0,0.0,103.0,344.0
342182.0,1.0,3.1324,-0.015,0.06579,0.0,0.0,-1.0,0.0,0.0,103.0,345.0
342192.0,1.0,3.1324,-0.005,0.06579,0.0,0.0,-1.0,0.0,0.0,103.0,345.0
342202.0,1.0,3.1324,-0.002,0.06579,0.0,0.0,-1.0,0.0,0.0,103.0,346.0
342212.0,1.0,3.1324,-0.001,0.06579,0.0,0.0,-1.0,0.0,0.0,103.0,338.0
342222.0,1.0,3.1324,0.0,0.06579,0.0,0.0,-1.0,0.0,0.0,103.0,339.0
342232.0,1.0,3.1309,-0.092,0.06579,0.0,0.0,-1.0,0.0,0.0,103.0,346.0
342243.0,1.0,3.1309,-0.094,0.06579,0.0,0.0,-1.0,0.0,0.0,103.0,339.0
342253.0,1.0,3.1293,-0.061,0.06579,0.0,0.0,-1.0,0.0,0.0,103.0,349.0
342263.0,1.0,3.1293,-0.017,0.06579,0.0,0.0,-1.0,0.0,0.0,103.0,338.0
342273.0,1.0,3.1293,0.002,0.06579,0.0,0.0,-1.0,0.0,0.0,103.0,346.0
342283.0,1.0,3.1293,0.002,0.06579,0.0,0.0,-1.0,0.0,0.0,103.0,346.0
342293.0,1.0,3.1293,-0.004,0.06579,0.0,0.0,-1.0,0.0,0.0,103.0,347.0
342303.0,1.0,3.1293,0.008,0.06579,0.0,0.0,-1.0,0.0,0.0,103.0,346.0
342313.0,1.0,3.1293,0.004,0.06579,0.0,0.0,-1.0,0.0,0.0,103.0,349.0
342324.0,1.0,3.1278,-0.029,0.06579,0.0,0.0,-1.0,0.0,0.0,103.0,338.0
342334.0,1.0,3.1293,-0.007,0.06579,0.0,0.0,-1.0,0.0,0.0,103.0,339.0
342344.0,1.0,3.1293,0.013,0.06579,0.0,0.0,-1.0,0.0,0.0,103.0,339.0
342354.0,1.0,3.1293,0.013,0.06579,0.0,0.0,-1.0,0.0,0.0,103.0,339.0
342364.0,1.0,3.1293,-0.007,0.06579,0.0,0.0,-1.0,0.0,0.0,103.0,338.0
342374.0,1.0,3.1293,0.01,0.06579,0.0,0.0,-1.0,0.0,0.0,103.0,346.0
342384.0,1.0,3.1293,0.005,0.06579,0.0,0.0,-1.0,0.0,0.0,103.0,346.0
342394.0,1.0,3.1293,0.002,0.06579,0.0,0.0,-1.0,0.0,0.0,103.0,349.0
342405.0,1.0,3.1293,0.001,0.06579,0.0,0.0,-1.0,0.0,0.0,103.0,339.0
342415.0,1.0,3.1293,0.0,0.06579,0.0,0.0,-1.0,0.0,0.0,103.0,349.0
342425.0,1.0,3.1293,0.0,0.06579,0.0,0.0,-1.0,0.0,0.0,103.0,338.0
342435.0,1.0,3.1293,-0.006,0.06579,0.0,0.0,-1.0,0.0,0.0,103.0,347.0
342445.0,1.0,3.1278,-0.021,0.06579,0.0,0.0,-1.0,0.0,0.0,103.0,346.0
342456.0,1.0,3.1293,-0.002,0.06579,0.0,0.0,-1.0,0.0,0.0,103.0,344.0
342466.0,1.0,3.1293,0.015,0.06579,0.0,0.0,-1.0,0.0,0.0,103.0,345.0
342476.0,1.0,3.1278,-0.017,0.06579,0.0,0.0,-1.0,0.0,0.0,103.0,346.0
342486.0,1.0,3.1293,-0.018,0.06579,0.0,0.0,-1.0,0.0,0.0,103.0,339.0
342496.0,1.0,3.1293,0.015,0.06579,0.0,0.0,-1.0,0.0,0.0,103.0,346.0
342506.0,1.0,3.1293,0.005,0.06579,0.0,0.0,-1.0,0.0,0.0,103.0,344.0
342516.0,1.0,3.1293,0.005,0.06579,0.0,0.0,-1.0,0.0,0.0,103.0,345.0
342527.0,1.0,3.1293,0.015,0.06579,0.0,0.0,-1.0,0.0,0.0,103.0,345.0
342537.0,1.0,3.1293,-0.002,0.06579,0.0,0.0,-1.0,0.0,0.0,103.0,350.0
342547.0,1.0,3.1293,0.014,0.06579,0.0,0.0,-1.0,0.0,0.0,103.0,339.0
342557.0,1.0,3.1293,0.001,0.06579,0.0,0.0,-1.0,0.0,0.0,103.0,337.0
342567.0,1.0,3.1293,-0.003,0.06579,0.0,0.0,-1.0,0.0,0.0,103.0,338.0
342577.0,1.0,3.1293,0.008,0.06579,0.0,0.0,-1.0,0.0,0.0,103.0,349.0
342588.0,1.0,3.1278,-0.012,0.06579,0.0,0.0,-1.0,0.0,0.0,103.0,339.0
342598.0,1.0,3.1278,-0.017,0.06579,0.0,0.0,-1.0,0.0,0.0,103.0,350.0
342608.0,1.0,3.1278,-0.007,0.06579,0.0,0.0,-1.0,0.0,0.0,103.0,338.0
342618.0,1.0,3.1293,0.013,0.06579,0.0,0.0,-1.0,0.0,0.0,103.0,337.0
342628.0,1.0,3.1293,0.017,0.06579,0.0,0.0,-1.0,0.0,0.0,103.0,338.0
342638.0,1.0,3.1293,0.002,0.06579,0.0,0.0,-1.0,0.0,0.0,103.0,350.0
342648.0,1.0,3.1293,0.003,0.06579,0.0,0.0,-1.0,0.0,0.0,103.0,338.0
342658.0,1.0,3.1278,-0.021,0.06579,0.0,0.0,-1.0,0.0,0.0,103.0,344.0
342669.0,1.0,3.1293,0.007,0.06579,0.0,0.0,-1.0,0.0,0.0,103.0,344.0
342679.0,1.0,3.1293,0.003,0.06579,0.0,0.0,-1.0,0.0,0.0,103.0,350.0
342689.0,1.0,3.1278,-0.012,0.06579,0.0,0.0,-1.0,0.0,0.0,103.0,338.0
342699.0,1.0,3.1293,0.011,0.06579,0.0,0.0,-1.0,0.0,0.0,103.0,346.0
342709.0,1.0,3.1278,-0.016,0.06579,0.0,0.0,-1.0,0.0,0.0,103.0,346.0
342720.0,1.0,3.1278,-0.018,0.06579,0.0,0.0,-1.0,0.0,0.0,103.0,346.0
342730.0,1.0,3.1293,-0.026,0.06579,0.0,0.0,-1.0,0.0,0.0,103.0,345.0
342740.0,1.0,3.1293,0.019,0.06579,0.0,0.0,-1.0,0.0,0.0,103.0,344.0
342750.0,1.0,3.1293,0.009,0.06579,0.0,0.0,-1.0,0.0,0.0,103.0,338.0
342760.0,1.0,3.1293,-0.007,0.06579,0.0,0.0,-1.0,0.0,0.0,103.0,350.0
342770.0,1.0,3.1293,0.003,0.06579,0.0,0.0,-1.0,0.0,0.0,103.0,338.0
342780.0,1.0,3.1293,0.015,0.06579,0.0,0.0,-1.0,0.0,0.0,103.0,350.0
342791.0,1.0,3.1293,0.003,0.06579,0.0,0.0,-1.0,0.0,0.0,103.0,339.0
342801.0,1.0,3.1293,0.014,0.06579,0.0,0.0,-1.0,0.0,0.0,103.0,346.0
342811.0,1.0,3.1278,-0.03,0.06579,0.0,0.0,-1.0,0.0,0.0,103.0,339.0
342821.0,1.0,3.1293,0.016,0.06579,0.0,0.0,-1.0,0.0,0.0,103.0,347.0
342831.0,1.0,3.1293,0.008,0.06579,0.0,0.0,-1.0,0.0,0.0,103.0,346.0
342841.0,1.0,3.1293,0.007,0.06579,0.0,0.0,-1.0,0.0,0.0,103.0,347.0
342852.0,1.0,3.1278,-0.012,0.06579,0.0,0.0,-1.0,0.0,0.0,103.0,338.0
342862.0,1.0,3.1293,0.009,0.06579,0.0,0.0,-1.0,0.0,0.0,103.0,347.0
342872.0,1.0,3.1293,0.004,0.06579,0.0,0.0,-1.0,0.0,0.0,103.0,346.0
342882.0,1.0,3.1293,0.006,0.06579,0.0,0.0,-1.0,0.0,0.0,103.0,346.0
342892.0,1.0,3.1293,0.004,0.06579,0.0,0.0,-1.0,0.0,0.0,103.0,346.0
342903.0,1.0,3.1293,-0.015,0.06579,0.0,0.0,-1.0,0.0,0.0,103.0,344.0
342913.0,1.0,3.1293,0.002,0.06579,0.0,0.0,-1.0,0.0,0.0,103.0,339.0
342923.0,1.0,3.1293,0.015,0.06579,0.0,0.0,-1.0,0.0,0.0,103.0,350.0
342933.0,1.0,3.1293,0.016,0.06579,0.0,0.0,-1.0,0.0,0.0,103.0,338.0
342943.0,1.0,3.1293,-0.007,0.06579,0.0,0.0,-1.0,0.0,0.0,103.0,344.0
342953.0,1.0,3.1293,0.011,0.06579,0.0,0.0,-1.0,0.0,0.0,103.0,344.0
342963.0,1.0,3.1293,0.014,0.06579,0.0,0.0,-1.0,0.0,0.0,103.0,346.0
342974.0,1.0,3.1293,0.009,0.06579,0.0,0.0,-1.0,0.0,0.0,103.0,346.0
342984.0,1.0,3.1293,0.005,0.06579,0.0,0.0,-1.0,0.0,0.0,103.0,350.0
342994.0,1.0,3.1278,-0.026,0.06579,0.0,0.0,-1.0,0.0,0.0,103.0,338.0
343004.0,1.0,3.1278,-0.022,0.06579,0.0,0.0,-1.0,0.0,0.0,103.0,347.0
343014.0,1.0,3.1293,0.002,0.06579,0.0,0.0,-1.0,0.0,0.0,103.0,346.0
343024.0,1.0,3.1278,-0.02,0.06579,0.0,0.0,-1.0,0.0,0.0,103.0,346.0
343035.0,1.0,3.1293,0.001,0.06579,0.0,0.0,-1.0,0.0,0.0,103.0,344.0
343045.0,1.0,3.1293,0.017,0.06579,0.0,0.0,-1.0,0.0,0.0,103.0,346.0
343055.0,1.0,3.1293,-0.01,0.06579,0.0,0.0,-1.0,0.0,0.0,103.0,344.0
343065.0,1.0,3.1293,-0.009,0.06579,0.0,0.0,-1.0,0.0,0.0,103.0,350.0
343075.0,1.0,3.1293,0.011,0.06579,0.0,0.0,-1.0,0.0,0.0,103.0,338.0
343085.0,1.0,3.1293,0.009,0.06579,0.0,0.0,-1.0,0.0,0.0,103.0,346.0
343096.0,1.0,3.1293,0.004,0.06579,0.0,0.0,-1.0,0.0,0.0,103.0,345.0
343106.0,1.0,3.1293,-0.002,0.06579,0.0,0.0,-1.0,0.0,0.0,103.0,339.0
343116.0,1.0,3.1309,0.042,0.06579,0.0,0.0,-1.0,0.0,0.0,103.0,338.0
343126.0,1.0,3.1293,-0.006,0.06579,0.0,0.0,-1.0,0.0,0.0,103.0,350.0
343136.0,1.0,3.1309,0.025,0.06579,0.0,0.0,-1.0,0.0,0.0,103.0,338.0
343146.0,1.0,3.1293,-0.014,0.06579,0.0,0.0,-1.0,0.0,0.0,103.0,344.0
343157.0,1.0,3.1293,-0.009,0.06579,0.0,0.0,-1.0,0.0,0.0,103.0,346.0
343167.0,1.0,3.1293,-0.004,0.06579,0.0,0.0,-1.0,0.0,0.0,103.0,350.0
343177.0,1.0,3.1293,-0.001,0.06579,0.0,0.0,-1.0,0.0,0.0,103.0,339.0
343187.0,1.0,3.1293,-0.0,0.06579,0.0,0.0,-1.0,0.0,0.0,103.0,337.0
343197.0,1.0,3.1293,-0.0,0.06579,0.0,0.0,-1.0,0.0,0.0,103.0,338.0
343207.0,1.0,3.1293,-0.0,0.06579,0.0,0.0,-1.0,0.0,0.0,103.0,339.0
343217.0,1.0,3.1293,0.0,0.06579,0.0,0.0,-1.0,0.0,0.0,103.0,344.0
343227.0,1.0,3.1293,0.0,0.06579,0.0,0.0,-1.0,0.0,0.0,103.0,344.0
343238.0,1.0,3.1293,0.0,0.06579,0.0,0.0,-1.0,0.0,0.0,103.0,346.0
343248.0,1.0,3.1293,0.0,0.06579,0.0,0.0,-1.0,0.0,0.0,103.0,350.0
343258.0,1.0,3.1293,0.0,0.06579,0.0,0.0,-1.0,0.0,0.0,103.0,338.0
343268.0,1.0,3.1293,0.0,0.06579,0.0,0.0,-1.0,0.0,0.0,103.0,346.0
343278.0,1.0,3.1293,0.0,0.06579,0.0,0.0,-1.0,0.0,0.0,103.0,346.0
343288.0,1.0,3.1293,0.0,0.06579,0.0,0.0,-1.0,0.0,0.0,103.0,349.0
343299.0,1.0,3.1293,0.0,0.06579,0.0,0.0,-1.0,0.0,0.0,103.0,339.0
343309.0,1.0,3.1293,0.0,0.06579,0.0,0.0,-1.0,0.0,0.0,103.0,338.0
343319.0,1.0,3.1293,0.0,0.06579,0.0,0.0,-1.0,0.0,0.0,103.0,338.0
343329.0,1.0,3.1293,0.0,0.06579,0.0,0.0,-1.0,0.0,0.0,103.0,344.0
343339.0,1.0,3.1293,0.0,0.06579,0.0,0.0,-1.0,0.0,0.0,103.0,344.0
343349.0,1.0,3.1293,0.0,0.06579,0.0,0.0,-1.0,0.0,0.0,103.0,346.0
343360.0,1.0,3.1293,0.0,0.06579,0.0,0.0,-1.0,0.0,0.0,103.0,344.0
343370.0,1.0,3.1293,0.0,0.06579,0.0,0.0,-1.0,0.0,0.0,103.0,350.0
343380.0,1.0,3.1293,0.0,0.06579,0.0,0.0,-1.0,0.0,0.0,103.0,338.0
343390.0,1.0,3.1293,0.0,0.06579,0.0,0.0,-1.0,0.0,0.0,103.0,346.0
343400.0,1.0,3.1293,0.0,0.06579,0.0,0.0,-1.0,0.0,0.0,103.0,346.0
343410.0,1.0,3.1293,0.0,0.06579,0.0,0.0,-1.0,0.0,0.0,103.0,347.0
343420.0,1.0,3.1293,0.0,0.06579,0.0,0.0,-1.0,0.0,0.0,103.0,337.0
343430.0,1.0,3.1293,0.0,0.06579,0.0,0.0,-1.0,0.0,0.0,103.0,350.0
343441.0,1.0,3.1293,0.0,0.06579,0.0,0.0,-1.0,0.0,0.0,103.0,339.0
343451.0,1.0,3.1293,0.0,0.06579,0.0,0.0,-1.0,0.0,0.0,103.0,350.0
343461.0,1.0,3.1293,0.0,0.06579,0.0,0.0,-1.0,0.0,0.0,103.0,338.0
343471.0,1.0,3.1293,0.0,0.06579,0.0,0.0,-1.0,0.0,0.0,103.0,346.0
343481.0,1.0,3.1293,0.0,0.06579,0.0,0.0,-1.0,0.0,0.0,103.0,346.0
343491.0,1.0,3.1293,0.0,0.06579,0.0,0.0,-1.0,0.0,0.0,103.0,344.0
343502.0,1.0,3.1293,0.0,0.06579,0.0,0.0,-1.0,0.0,0.0,103.0,346.0
343512.0,1.0,3.1293,0.0,0.06579,0.0,0.0,-1.0,0.0,0.0,103.0,349.0
343522.0,1.0,3.1293,0.0,0.06579,0.0,0.0,-1.0,0.0,0.0,103.0,338.0
343532.0,1.0,3.1293,0.0,0.06579,0.0,0.0,-1.0,0.0,0.0,103.0,344.0
343542.0,1.0,3.1293,0.0,0.06579,0.0,0.0,-1.0,0.0,0.0,103.0,346.0
343552.0,1.0,3.1293,0.0,0.06579,0.0,0.0,-1.0,0.0,0.0,103.0,339.0
343562.0,1.0,3.1293,0.0,0.06579,0.0,0.0,-1.0,0.0,0.0,103.0,339.0
343572.0,1.0,3.1293,0.0,0.06579,0.0,0.0,-1.0,0.0,0.0,103.0,349.0
343583.0,1.0,3.1293,0.0,0.06579,0.0,0.0,-1.0,0.0,0.0,103.0,339.0
343593.0,1.0,3.1293,0.0,0.06579,0.0,0.0,-1.0,0.0,0.0,103.0,338.0
343603.0,1.0,3.1293,0.0,0.06579,0.0,0.0,-1.0,0.0,0.0,103.0,338.0
343613.0,1.0,3.1293,0.0,0.06579,0.0,0.0,-1.0,0.0,0.0,103.0,346.0
343623.0,1.0,3.1293,0.0,0.06579,0.0,0.0,-1.0,0.0,0.0,103.0,346.0
343634.0,1.0,3.1293,0.0,0.06579,0.0,0.0,-1.0,0.0,0.0,103.0,338.0
343644.0,1.0,3.1293,0.0,0.06579,0.0,0.0,-1.0,0.0,0.0,103.0,339.0
343654.0,1.0,3.1293,0.0,0.06579,0.0,0.0,-1.0,0.0,0.0,103.0,350.0
343664.0,1.0,3.1293,0.0,0.06579,0.0,0.0,-1.0,0.0,0.0,103.0,338.0
343674.0,1.0,3.1293,0.0,0.06579,0.0,0.0,-1.0,0.0,0.0,103.0,346.0
343684.0,1.0,3.1293,0.0,0.06579,0.0,0.0,-1.0,0.0,0.0,103.0,339.0
343694.0,1.0,3.1293,0.0,0.06579,0.0,0.0,-1.0,0.0,0.0,103.0,346.0
343705.0,1.0,3.1293,0.0,0.06579,0.0,0.0,-1.0,0.0,0.0,103.0,344.0
343715.0,1.0,3.1293,0.0,0.06579,0.0,0.0,-1.0,0.0,0.0,103.0,350.0
343725.0,1.0,3.1293,0.0,0.06579,0.0,0.0,-1.0,0.0,0.0,103.0,338.0
343735.0,1.0,3.1293,0.0,0.06579,0.0,0.0,-1.0,0.0,0.0,103.0,346.0
343745.0,1.0,3.1293,0.0,0.06579,0.0,0.0,-1.0,0.0,0.0,103.0,344.0
343756.0,1.0,3.1293,0.0,0.06579,0.0,0.0,-1.0,0.0,0.0,103.0,339.0
343766.0,1.0,3.1293,0.0,0.06579,0.0,0.0,-1.0,0.0,0.0,103.0,339.0
343776.0,1.0,3.1293,0.0,0.06579,0.0,0.0,-1.0,0.0,0.0,103.0,350.0
343786.0,1.0,3.1293,0.0,0.06579,0.0,0.0,-1.0,0.0,0.0,103.0,338.0
343796.0,1.0,3.1293,0.0,0.06579,0.0,0.0,-1.0,0.0,0.0,103.0,344.0
343806.0,1.0,3.1293,0.0,0.06579,0.0,0.0,-1.0,0.0,0.0,103.0,345.0
343816.0,1.0,3.1293,0.0,0.06579,0.0,0.0,-1.0,0.0,0.0,103.0,347.0
343826.0,1.0,3.1293,0.0,0.06579,0.0,0.0,-1.0,0.0,0.0,103.0,337.0
343836.0,1.0,3.1293,0.0,0.06579,0.0,0.0,-1.0,0.0,0.0,103.0,339.0
343846.0,1.0,3.1293,0.0,0.06579,0.0,0.0,-1.0,0.0,0.0,103.0,344.0
343856.0,1.0,3.1293,0.0,0.06579,0.0,0.0,-1.0,0.0,0.0,103.0,346.0
343867.0,1.0,3.1293,0.0,0.06579,0.0,0.0,-1.0,0.0,0.0,103.0,344.0
343877.0,1.0,3.1293,0.0,0.06579,0.0,0.0,-1.0,0.0,0.0,103.0,339.0
343887.0,1.0,3.1293,0.0,0.06579,0.0,0.0,-1.0,0.0,0.0,103.0,338.0
343897.0,1.0,3.1293,0.0,0.06579,0.0,0.0,-1.0,0.0,0.0,103.0,344.0
343907.0,1.0,3.1293,0.006,0.06579,0.0,0.0,-1.0,0.0,0.0,103.0,345.0
343917.0,1.0,3.1293,-0.004,0.06579,0.0,0.0,-1.0,0.0,0.0,103.0,346.0
343927.0,1.0,3.1293,-0.002,0.06579,0.0,0.0,-1.0,0.0,0.0,103.0,346.0
343937.0,1.0,3.1293,-0.001,0.06579,0.0,0.0,-1.0,0.0,0.0,103.0,346.0
343947.0,1.0,3.1293,-0.0,0.06579,0.0,0.0,-1.0,0.0,0.0,103.0,346.0
343958.0,1.0,3.1293,-0.0,0.06579,0.0,0.0,-1.0,0.0,0.0,103.0,344.0
343968.0,1.0,3.1293,-0.0,0.06579,0.0,0.0,-1.0,0.0,0.0,103.0,344.0
343978.0,1.0,3.1293,0.0,0.06579,0.0,0.0,-1.0,0.0,0.0,103.0,338.0
343988.0,1.0,3.1293,0.0,0.06579,0.0,0.0,-1.0,0.0,0.0,103.0,345.0
343998.0,1.0,3.1293,0.0,0.06579,0.0,0.0,-1.0,0.0,0.0,103.0,346.0
344008.0,1.0,3.1293,0.0,0.06579,0.0,0.0,-1.0,0.0,0.0,103.0,346.0
344018.0,1.0,3.1293,0.018,0.06579,0.0,0.0,-1.0,0.0,0.0,103.0,347.0
344028.0,1.0,3.1278,-0.004,0.06579,0.0,0.0,-1.0,0.0,0.0,103.0,346.0
344039.0,1.0,3.1293,0.004,0.06579,0.0,0.0,-1.0,0.0,0.0,103.0,338.0
344049.0,1.0,3.1309,0.021,0.06579,0.0,0.0,-1.0,0.0,0.0,103.0,338.0
344059.0,1.0,3.1293,-0.01,0.06579,0.0,0.0,-1.0,0.0,0.0,103.0,340.0
344069.0,1.0,3.1293,-0.006,0.06579,0.0,0.0,-1.0,0.0,0.0,103.0,345.0
344079.0,1.0,3.1293,-0.002,0.06579,0.0,0.0,-1.0,0.0,0.0,103.0,346.0
344090.0,1.0,3.1293,-0.001,0.06579,0.0,0.0,-1.0,0.0,0.0,103.0,345.0
344100.0,1.0,3.1293,-0.0,0.06579,0.0,0.0,-1.0,0.0,0.0,103.0,346.0
344110.0,1.0,3.1293,-0.0,0.06579,0.0,0.0,-1.0,0.0,0.0,103.0,337.0
344120.0,1.0,3.1293,0.0,0.06579,0.0,0.0,-1.0,0.0,0.0,103.0,346.0
344130.0,1.0,3.1293,0.0,0.06579,0.0,0.0,-1.0,0.0,0.0,103.0,337.0
344140.0,1.0,3.1293,0.0,0.06579,0.0,0.0,-1.0,0.0,0.0,103.0,350.0
344151.0,1.0,3.1293,0.0,0.06579,0.0,0.0,-1.0,0.0,0.0,103.0,339.0
344161.0,1.0,3.1293,0.0,0.06579,0.0,0.0,-1.0,0.0,0.0,103.0,349.0
344171.0,1.0,3.1293,0.0,0.06579,0.0,0.0,-1.0,0.0,0.0,103.0,338.0
344181.0,1.0,3.1293,0.0,0.06579,0.0,0.0,-1.0,0.0,0.0,103.0,340.0
344191.0,1.0,3.1293,0.0,0.06579,0.0,0.0,-1.0,0.0,0.0,103.0,346.0
344202.0,1.0,3.1293,0.0,0.06579,0.0,0.0,-1.0,0.0,0.0,103.0,344.0
344212.0,1.0,3.1293,0.0,0.06579,0.0,0.0,-1.0,0.0,0.0,103.0,339.0
344222.0,1.0,3.1293,0.0,0.06579,0.0,0.0,-1.0,0.0,0.0,103.0,347.0
344232.0,1.0,3.1293,0.0,0.06579,0.0,0.0,-1.0,0.0,0.0,103.0,345.0
344243.0,1.0,3.1293,0.0,0.06579,0.0,0.0,-1.0,0.0,0.0,103.0,338.0
344253.0,1.0,3.1293,0.0,0.06579,0.0,0.0,-1.0,0.0,0.0,103.0,339.0
344263.0,1.0,3.1293,0.0,0.06579,0.0,0.0,-1.0,0.0,0.0,103.0,349.0
344273.0,1.0,3.1293,0.0,0.06579,0.0,0.0,-1.0,0.0,0.0,103.0,338.0
344283.0,1.0,3.1293,0.0,0.06579,0.0,0.0,-1.0,0.0,0.0,103.0,345.0
344293.0,1.0,3.1293,0.0,0.06579,0.0,0.0,-1.0,0.0,0.0,103.0,346.0
344303.0,1.0,3.1293,0.0,0.06579,0.0,0.0,-1.0,0.0,0.0,103.0,347.0
344313.0,1.0,3.1293,0.0,0.06579,0.0,0.0,-1.0,0.0,0.0,103.0,337.0
344323.0,1.0,3.1293,0.0,0.06579,0.0,0.0,-1.0,0.0,0.0,103.0,350.0
344334.0,1.0,3.1293,0.0,0.06579,0.0,0.0,-1.0,0.0,0.0,103.0,339.0
344344.0,1.0,3.1293,0.0,0.06579,0.0,0.0,-1.0,0.0,0.0,103.0,350.0
344354.0,1.0,3.1293,0.0,0.06579,0.0,0.0,-1.0,0.0,0.0,103.0,338.0
344364.0,1.0,3.1293,0.0,0.06579,0.0,0.0,-1.0,0.0,0.0,103.0,338.0
344374.0,1.0,3.1293,0.0,0.06579,0.0,0.0,-1.0,0.0,0.0,103.0,338.0
344384.0,1.0,3.1293,0.0,0.06579,0.0,0.0,-1.0,0.0,0.0,103.0,344.0
344394.0,1.0,3.1293,0.0,0.06579,0.0,0.0,-1.0,0.0,0.0,103.0,344.0
344405.0,1.0,3.1293,0.0,0.06579,0.0,0.0,-1.0,0.0,0.0,103.0,339.0
344415.0,1.0,3.1293,0.0,0.06579,0.0,0.0,-1.0,0.0,0.0,103.0,338.0
344425.0,1.0,3.1293,0.0,0.06579,0.0,0.0,-1.0,0.0,0.0,103.0,346.0
344435.0,1.0,3.1293,0.0,0.06579,0.0,0.0,-1.0,0.0,0.0,103.0,344.0
344445.0,1.0,3.1293,0.0,0.06579,0.0,0.0,-1.0,0.0,0.0,103.0,345.0
344456.0,1.0,3.1293,0.0,0.06579,0.0,0.0,-1.0,0.0,0.0,103.0,344.0
344466.0,1.0,3.1293,0.0,0.06579,0.0,0.0,-1.0,0.0,0.0,103.0,349.0
344476.0,1.0,3.1293,0.0,0.06579,0.0,0.0,-1.0,0.0,0.0,103.0,338.0
344486.0,1.0,3.1293,0.0,0.06579,0.0,0.0,-1.0,0.0,0.0,103.0,346.0
344496.0,1.0,3.1293,0.0,0.06579,0.0,0.0,-1.0,0.0,0.0,103.0,346.0
344506.0,1.0,3.1293,0.0,0.06579,0.0,0.0,-1.0,0.0,0.0,103.0,349.0
344517.0,1.0,3.1293,0.0,0.06579,0.0,0.0,-1.0,0.0,0.0,103.0,339.0
344527.0,1.0,3.1293,0.0,0.06579,0.0,0.0,-1.0,0.0,0.0,103.0,349.0
344537.0,1.0,3.1293,0.0,0.06579,0.0,0.0,-1.0,0.0,0.0,103.0,338.0
344547.0,1.0,3.1293,0.0,0.06579,0.0,0.0,-1.0,0.0,0.0,103.0,344.0
344557.0,1.0,3.1293,0.0,0.06579,0.0,0.0,-1.0,0.0,0.0,103.0,346.0
344567.0,1.0,3.1293,0.0,0.06579,0.0,0.0,-1.0,0.0,0.0,103.0,339.0
344577.0,1.0,3.1293,0.0,0.06579,0.0,0.0,-1.0,0.0,0.0,103.0,338.0
344587.0,1.0,3.1293,0.0,0.06579,0.0,0.0,-1.0,0.0,0.0,103.0,346.0
344598.0,1.0,3.1293,0.0,0.06579,0.0,0.0,-1.0,0.0,0.0,103.0,346.0
344608.0,1.0,3.1293,0.0,0.06579,0.0,0.0,-1.0,0.0,0.0,103.0,339.0
344618.0,1.0,3.1293,0.0,0.06579,0.0,0.0,-1.0,0.0,0.0,103.0,338.0
344628.0,1.0,3.1293,0.0,0.06579,0.0,0.0,-1.0,0.0,0.0,103.0,350.0
344638.0,1.0,3.1293,0.0,0.06579,0.0,0.0,-1.0,0.0,0.0,103.0,345.0
344649.0,1.0,3.1293,0.0,0.06579,0.0,0.0,-1.0,0.0,0.0,103.0,344.0
344659.0,1.0,3.1293,0.0,0.06579,0.0,0.0,-1.0,0.0,0.0,103.0,346.0
344669.0,1.0,3.1293,0.0,0.06579,0.0,0.0,-1.0,0.0,0.0,103.0,339.0
344679.0,1.0,3.1293,0.0,0.06579,0.0,0.0,-1.0,0.0,0.0,103.0,339.0
344689.0,1.0,3.1293,0.0,0.06579,0.0,0.0,-1.0,0.0,0.0,103.0,346.0
344700.0,1.0,3.1293,0.0,0.06579,0.0,0.0,-1.0,0.0,0.0,103.0,346.0
344710.0,1.0,3.1293,0.0,0.06579,0.0,0.0,-1.0,0.0,0.0,103.0,339.0
344720.0,1.0,3.1293,0.0,0.06579,0.0,0.0,-1.0,0.0,0.0,103.0,338.0
344730.0,1.0,3.1293,0.0,0.06579,0.0,0.0,-1.0,0.0,0.0,103.0,346.0
344740.0,1.0,3.1293,0.0,0.06579,0.0,0.0,-1.0,0.0,0.0,103.0,346.0
344750.0,1.0,3.1293,0.0,0.06579,0.0,0.0,-1.0,0.0,0.0,103.0,346.0
344761.0,1.0,3.1293,0.0,0.06579,0.0,0.0,-1.0,0.0,0.0,103.0,344.0
344771.0,1.0,3.1293,0.0,0.06579,0.0,0.0,-1.0,0.0,0.0,103.0,339.0
344781.0,1.0,3.1293,0.0,0.06579,0.0,0.0,-1.0,0.0,0.0,103.0,338.0
344791.0,1.0,3.1309,0.026,0.06579,0.0,0.0,-1.0,0.0,0.0,103.0,346.0
344801.0,1.0,3.1293,-0.006,0.06579,0.0,0.0,-1.0,0.0,0.0,103.0,345.0
344811.0,1.0,3.1293,-0.005,0.06579,0.0,0.0,-1.0,0.0,0.0,103.0,346.0
344822.0,1.0,3.1293,-0.002,0.06579,0.0,0.0,-1.0,0.0,0.0,103.0,345.0
344832.0,1.0,3.1293,-0.001,0.06579,0.0,0.0,-1.0,0.0,0.0,103.0,339.0
344842.0,1.0,3.1293,-0.0,0.06579,0.0,0.0,-1.0,0.0,0.0,103.0,339.0
344852.0,1.0,3.1293,-0.0,0.06579,0.0,0.0,-1.0,0.0,0.0,103.0,350.0
344862.0,1.0,3.1293,0.0,0.06579,0.0,0.0,-1.0,0.0,0.0,103.0,338.0
344872.0,1.0,3.1293,0.0,0.06579,0.0,0.0,-1.0,0.0,0.0,103.0,346.0
344883.0,1.0,3.1293,0.0,0.06579,0.0,0.0,-1.0,0.0,0.0,103.0,344.0
344893.0,1.0,3.1293,0.0,0.06579,0.0,0.0,-1.0,0.0,0.0,103.0,350.0
344903.0,1.0,3.1293,0.0,0.06579,0.0,0.0,-1.0,0.0,0.0,103.0,338.0
344913.0,1.0,3.1293,0.0,0.06579,0.0,0.0,-1.0,0.0,0.0,103.0,344.0
344923.0,1.0,3.1309,-0.001,0.06579,0.0,0.0,-1.0,0.0,0.0,103.0,346.0
344933.0,1.0,3.1293,0.031,0.06579,0.0,0.0,-1.0,0.0,0.0,103.0,349.0
344943.0,1.0,3.1293,0.002,0.06579,0.0,0.0,-1.0,0.0,0.0,103.0,338.0
344953.0,1.0,3.1293,-0.011,0.06579,0.0,0.0,-1.0,0.0,0.0,103.0,350.0
344964.0,1.0,3.1293,-0.006,0.06579,0.0,0.0,-1.0,0.0,0.0,103.0,338.0
344974.0,1.0,3.1293,-0.002,0.06579,0.0,0.0,-1.0,0.0,0.0,103.0,347.0
344984.0,1.0,3.1293,-0.001,0.06579,0.0,0.0,-1.0,0.0,0.0,103.0,346.0
344994.0,1.0,3.1293,-0.0,0.06579,0.0,0.0,-1.0,0.0,0.0,103.0,344.0
345004.0,1.0,3.1293,-0.0,0.06579,0.0,0.0,-1.0,0.0,0.0,103.0,344.0
345014.0,1.0,3.1293,0.0,0.06579,0.0,0.0,-1.0,0.0,0.0,103.0,346.0
345025.0,1.0,3.1293,0.0,0.06579,0.0,0.0,-1.0,0.0,0.0,103.0,339.0
345035.0,1.0,3.1293,0.0,0.06579,0.0,0.0,-1.0,0.0,0.0,103.0,338.0
345045.0,1.0,3.1293,0.0,0.06579,0.0,0.0,-1.0,0.0,0.0,103.0,338.0
345055.0,1.0,3.1293,0.0,0.06579,0.0,0.0,-1.0,0.0,0.0,103.0,346.0
345065.0,1.0,3.1293,0.0,0.06579,0.0,0.0,-1.0,0.0,0.0,103.0,344.0
345076.0,1.0,3.1293,0.0,0.06579,0.0,0.0,-1.0,0.0,0.0,103.0,339.0
345086.0,1.0,3.1293,0.0,0.06579,0.0,0.0,-1.0,0.0,0.0,103.0,339.0
345096.0,1.0,3.1293,0.0,0.06579,0.0,0.0,-1.0,0.0,0.0,103.0,347.0
345106.0,1.0,3.1293,0.0,0.06579,0.0,0.0,-1.0,0.0,0.0,103.0,346.0
345117.0,1.0,3.1293,0.0,0.06579,0.0,0.0,-1.0,0.0,0.0,103.0,338.0
345127.0,1.0,3.1293,0.0,0.06579,0.0,0.0,-1.0,0.0,0.0,103.0,339.0
345137.0,1.0,3.1293,0.0,0.06579,0.0,0.0,-1.0,0.0,0.0,103.0,338.0
345147.0,1.0,3.1293,0.0,0.06579,0.0,0.0,-1.0,0.0,0.0,103.0,338.0
345157.0,1.0,3.1293,0.0,0.06579,0.0,0.0,-1.0,0.0,0.0,103.0,338.0
345167.0,1.0,3.1293,0.0,0.06579,0.0,0.0,-1.0,0.0,0.0,103.0,338.0
345177.0,1.0,3.1293,0.0,0.06579,0.0,0.0,-1.0,0.0,0.0,103.0,344.0
345187.0,1.0,3.1293,0.0,0.06579,0.0,0.0,-1.0,0.0,0.0,103.0,346.0
345197.0,1.0,3.1293,0.0,0.06579,0.0,0.0,-1.0,0.0,0.0,103.0,350.0
345207.0,1.0,3.1293,0.0,0.06579,0.0,0.0,-1.0,0.0,0.0,103.0,346.0
345217.0,1.0,3.1293,0.0,0.06579,0.0,0.0,-1.0,0.0,0.0,103.0,344.0
345228.0,1.0,3.1293,0.0,0.06579,0.0,0.0,-1.0,0.0,0.0,103.0,346.0
345238.0,1.0,3.1293,0.0,0.06579,0.0,0.0,-1.0,0.0,0.0,103.0,349.0
345248.0,1.0,3.1293,0.0,0.06579,0.0,0.0,-1.0,0.0,0.0,103.0,338.0
345258.0,1.0,3.1293,0.0,0.06579,0.0,0.0,-1.0,0.0,0.0,103.0,346.0
345268.0,1.0,3.1293,0.0,0.06579,0.0,0.0,-1.0,0.0,0.0,103.0,346.0
345278.0,1.0,3.1293,0.0,0.06579,0.0,0.0,-1.0,0.0,0.0,103.0,350.0
345289.0,1.0,3.1293,0.0,0.06579,0.0,0.0,-1.0,0.0,0.0,103.0,339.0
345299.0,1.0,3.1293,0.0,0.06579,0.0,0.0,-1.0,0.0,0.0,103.0,350.0
345309.0,1.0,3.1293,0.0,0.06579,0.0,0.0,-1.0,0.0,0.0,103.0,338.0
345319.0,1.0,3.1293,0.0,0.06579,0.0,0.0,-1.0,0.0,0.0,103.0,344.0
345329.0,1.0,3.1293,0.0,0.06579,0.0,0.0,-1.0,0.0,0.0,103.0,346.0
345339.0,1.0,3.1293,0.0,0.06579,0.0,0.0,-1.0,0.0,0.0,103.0,347.0
345349.0,1.0,3.1293,0.0,0.06579,0.0,0.0,-1.0,0.0,0.0,103.0,337.0
345359.0,1.0,3.1293,0.0,0.06579,0.0,0.0,-1.0,0.0,0.0,103.0,350.0
345370.0,1.0,3.1293,0.0,0.06579,0.0,0.0,-1.0,0.0,0.0,103.0,339.0
345380.0,1.0,3.1293,0.0,0.06579,0.0,0.0,-1.0,0.0,0.0,103.0,350.0
345390.0,1.0,3.1293,0.0,0.06579,0.0,0.0,-1.0,0.0,0.0,103.0,338.0
345400.0,1.0,3.1293,0.0,0.06579,0.0,0.0,-1.0,0.0,0.0,103.0,346.0
345410.0,1.0,3.1293,0.0,0.06579,0.0,0.0,-1.0,0.0,0.0,103.0,345.0
345421.0,1.0,3.1293,0.0,0.06579,0.0,0.0,-1.0,0.0,0.0,103.0,344.0
345431.0,1.0,3.1293,0.0,0.06579,0.0,0.0,-1.0,0.0,0.0,103.0,339.0
345441.0,1.0,3.1293,0.0,0.06579,0.0,0.0,-1.0,0.0,0.0,103.0,347.0
345451.0,1.0,3.1293,0.0,0.06579,0.0,0.0,-1.0,0.0,0.0,103.0,346.0
345462.0,1.0,3.1293,0.0,0.06579,0.0,0.0,-1.0,0.0,0.0,103.0,338.0
345472.0,1.0,3.1293,0.0,0.06579,0.0,0.0,-1.0,0.0,0.0,103.0,339.0
345482.0,1.0,3.1293,0.0,0.06579,0.0,0.0,-1.0,0.0,0.0,103.0,350.0
345492.0,1.0,3.1293,0.0,0.06579,0.0,0.0,-1.0,0.0,0.0,103.0,338.0
345502.0,1.0,3.1293,0.0,0.06579,0.0,0.0,-1.0,0.0,0.0,103.0,346.0
345512.0,1.0,3.1293,0.0,0.06579,0.0,0.0,-1.0,0.0,0.0,103.0,346.0
345522.0,1.0,3.1293,0.0,0.06579,0.0,0.0,-1.0,0.0,0.0,103.0,349.0
345533.0,1.0,3.1293,0.0,0.06579,0.0,0.0,-1.0,0.0,0.0,103.0,339.0
345543.0,1.0,3.1293,0.0,0.06579,0.0,0.0,-1.0,0.0,0.0,103.0,350.0
345553.0,1.0,3.1293,0.0,0.06579,0.0,0.0,-1.0,0.0,0.0,103.0,338.0
345563.0,1.0,3.1293,0.0,0.06579,0.0,0.0,-1.0,0.0,0.0,103.0,346.0
345573.0,1.0,3.1293,0.0,0.06579,0.0,0.0,-1.0,0.0,0.0,103.0,346.0
345584.0,1.0,3.1293,0.0,0.06579,0.0,0.0,-1.0,0.0,0.0,103.0,338.0
345594.0,1.0,3.1293,0.0,0.06579,0.0,0.0,-1.0,0.0,0.0,103.0,339.0
345604.0,1.0,3.1293,0.0,0.06579,0.0,0.0,-1.0,0.0,0.0,103.0,338.0
345614.0,1.0,3.1293,0.0,0.06579,0.0,0.0,-1.0,0.0,0.0,103.0,338.0
345624.0,1.0,3.1293,0.0,0.06579,0.0,0.0,-1.0,0.0,0.0,103.0,346.0
345634.0,1.0,3.1293,0.0,0.06579,0.0,0.0,-1.0,0.0,0.0,103.0,344.0
345644.0,1.0,3.1293,0.0,0.06579,0.0,0.0,-1.0,0.0,0.0,103.0,345.0
345655.0,1.0,3.1293,0.0,0.06579,0.0,0.0,-1.0,0.0,0.0,103.0,345.0
345665.0,1.0,3.1293,0.0,0.06579,0.0,0.0,-1.0,0.0,0.0,103.0,350.0
345675.0,1.0,3.1293,0.0,0.06579,0.0,0.0,-1.0,0.0,0.0,103.0,338.0
345685.0,1.0,3.1293,-0.0,0.06579,0.0,0.0,-1.0,0.0,0.0,103.0,344.0
345695.0,1.0,3.1293,-0.004,0.06579,0.0,0.0,-1.0,0.0,0.0,103.0,346.0
345705.0,1.0,3.1293,-0.005,0.06579,0.0,0.0,-1.0,0.0,0.0,103.0,344.0
345715.0,1.0,3.1293,-0.003,0.06579,0.0,0.0,-1.0,0.0,0.0,103.0,345.0
345725.0,1.0,3.1293,-0.001,0.06579,0.0,0.0,-1.0,0.0,0.0,103.0,346.0
345736.0,1.0,3.1293,-0.0,0.06579,0.0,0.0,-1.0,0.0,0.0,103.0,346.0
345746.0,1.0,3.1293,0.018,0.06579,0.0,0.0,-1.0,0.0,0.0,103.0,346.0
345756.0,1.0,3.1293,-0.003,0.06579,0.0,0.0,-1.0,0.0,0.0,103.0,344.0
345766.0,1.0,3.1293,-0.003,0.06579,0.0,0.0,-1.0,0.0,0.0,103.0,350.0
345776.0,1.0,3.1293,-0.001,0.06579,0.0,0.0,-1.0,0.0,0.0,103.0,338.0
345786.0,1.0,3.1293,-0.0,0.06579,0.0,0.0,-1.0,0.0,0.0,103.0,346.0
345797.0,1.0,3.1293,-0.0,0.06579,0.0,0.0,-1.0,0.0,0.0,103.0,345.0
345807.0,1.0,3.1278,-0.0,0.06579,0.0,0.0,-1.0,0.0,0.0,103.0,350.0
345817.0,1.0,3.1293,-0.004,0.06579,0.0,0.0,-1.0,0.0,0.0,103.0,339.0
345827.0,1.0,3.1293,0.016,0.06579,0.0,0.0,-1.0,0.0,0.0,103.0,347.0
345837.0,1.0,3.1293,-0.015,0.06579,0.0,0.0,-1.0,0.0,0.0,103.0,346.0
345848.0,1.0,3.1293,-0.012,0.06579,0.0,0.0,-1.0,0.0,0.0,103.0,346.0
345858.0,1.0,3.1293,-0.005,0.06579,0.0,0.0,-1.0,0.0,0.0,103.0,345.0
345868.0,1.0,3.1293,-0.002,0.06579,0.0,0.0,-1.0,0.0,0.0,103.0,346.0
345878.0,1.0,3.1293,-0.001,0.06579,0.0,0.0,-1.0,0.0,0.0,103.0,339.0
345888.0,1.0,3.1293,-0.0,0.06579,0.0,0.0,-1.0,0.0,0.0,103.0,338.0
345898.0,1.0,3.1293,-0.0,0.06579,0.0,0.0,-1.0,0.0,0.0,103.0,339.0
345908.0,1.0,3.1293,0.0,0.06579,0.0,0.0,-1.0,0.0,0.0,103.0,349.0
345919.0,1.0,3.1293,0.0,0.06579,0.0,0.0,-1.0,0.0,0.0,103.0,338.0
345929.0,1.0,3.1293,0.0,0.06579,0.0,0.0,-1.0,0.0,0.0,103.0,338.0
345939.0,1.0,3.1293,0.0,0.06579,0.0,0.0,-1.0,0.0,0.0,103.0,338.0
345949.0,1.0,3.1293,0.0,0.06579,0.0,0.0,-1.0,0.0,0.0,103.0,346.0
345959.0,1.0,3.1293,0.0,0.06579,0.0,0.0,-1.0,0.0,0.0,103.0,346.0
345969.0,1.0,3.1293,0.0,0.06579,0.0,0.0,-1.0,0.0,0.0,103.0,350.0
345980.0,1.0,3.1293,0.0,0.06579,0.0,0.0,-1.0,0.0,0.0,103.0,339.0
345990.0,1.0,3.1293,0.0,0.06579,0.0,0.0,-1.0,0.0,0.0,103.0,349.0
346000.0,1.0,3.1293,0.0,0.06579,0.0,0.0,-1.0,0.0,0.0,103.0,338.0
346010.0,1.0,3.1293,0.0,0.06579,0.0,0.0,-1.0,0.0,0.0,103.0,346.0
346020.0,1.0,3.1293,0.0,0.06579,0.0,0.0,-1.0,0.0,0.0,103.0,339.0
346030.0,1.0,3.1293,0.0,0.06579,0.0,0.0,-1.0,0.0,0.0,103.0,346.0
346041.0,1.0,3.1293,0.0,0.06579,0.0,0.0,-1.0,0.0,0.0,103.0,345.0
346051.0,1.0,3.1293,0.0,0.06579,0.0,0.0,-1.0,0.0,0.0,103.0,350.0
346061.0,1.0,3.1293,0.0,0.06579,0.0,0.0,-1.0,0.0,0.0,103.0,338.0
346071.0,1.0,3.1293,0.0,0.06579,0.0,0.0,-1.0,0.0,0.0,103.0,344.0
346081.0,1.0,3.1293,0.0,0.06579,0.0,0.0,-1.0,0.0,0.0,103.0,346.0
346091.0,1.0,3.1293,0.0,0.06579,0.0,0.0,-1.0,0.0,0.0,103.0,347.0
346101.0,1.0,3.1293,0.0,0.06579,0.0,0.0,-1.0,0.0,0.0,103.0,337.0
346111.0,1.0,3.1293,0.0,0.06579,0.0,0.0,-1.0,0.0,0.0,103.0,349.0
346122.0,1.0,3.1293,0.0,0.06579,0.0,0.0,-1.0,0.0,0.0,103.0,339.0
346132.0,1.0,3.1293,0.0,0.06579,0.0,0.0,-1.0,0.0,0.0,103.0,338.0
346142.0,1.0,3.1293,0.0,0.06579,0.0,0.0,-1.0,0.0,0.0,103.0,338.0
346152.0,1.0,3.1293,0.0,0.06579,0.0,0.0,-1.0,0.0,0.0,103.0,344.0
346162.0,1.0,3.1293,0.0,0.06579,0.0,0.0,-1.0,0.0,0.0,103.0,346.0
346172.0,1.0,3.1293,0.0,0.06579,0.0,0.0,-1.0,0.0,0.0,103.0,347.0
346182.0,1.0,3.1293,0.0,0.06579,0.0,0.0,-1.0,0.0,0.0,103.0,337.0
346192.0,1.0,3.1293,0.0,0.06579,0.0,0.0,-1.0,0.0,0.0,103.0,350.0
346203.0,1.0,3.1293,0.0,0.06579,0.0,0.0,-1.0,0.0,0.0,103.0,339.0
346213.0,1.0,3.1293,-0.0,0.06579,0.0,0.0,-1.0,0.0,0.0,103.0,339.0
346223.0,1.0,3.1293,-0.004,0.06579,0.0,0.0,-1.0,0.0,0.0,103.0,338.0
346233.0,1.0,3.1293,-0.002,0.06579,0.0,0.0,-1.0,0.0,0.0,103.0,347.0
346243.0,1.0,3.1293,-0.001,0.06579,0.0,0.0,-1.0,0.0,0.0,103.0,346.0
346253.0,1.0,3.1293,-0.0,0.06579,0.0,0.0,-1.0,0.0,0.0,103.0,346.0
346264.0,1.0,3.1293,-0.0,0.06579,0.0,0.0,-1.0,0.0,0.0,103.0,338.0
346274.0,1.0,3.1293,0.0,0.06579,0.0,0.0,-1.0,0.0,0.0,103.0,338.0
346284.0,1.0,3.1293,0.0,0.06579,0.0,0.0,-1.0,0.0,0.0,103.0,338.0
346294.0,1.0,3.1293,0.0,0.06579,0.0,0.0,-1.0,0.0,0.0,103.0,346.0
346304.0,1.0,3.1293,0.0,0.06579,0.0,0.0,-1.0,0.0,0.0,103.0,345.0
346315.0,1.0,3.1293,0.0,0.06579,0.0,0.0,-1.0,0.0,0.0,103.0,346.0
346325.0,1.0,3.1293,0.0,0.06579,0.0,0.0,-1.0,0.0,0.0,103.0,344.0
346335.0,1.0,3.1293,0.0,0.06579,0.0,0.0,-1.0,0.0,0.0,103.0,350.0
346345.0,1.0,3.1293,0.0,0.06579,0.0,0.0,-1.0,0.0,0.0,103.0,338.0
346355.0,1.0,3.1293,0.0,0.06579,0.0,0.0,-1.0,0.0,0.0,103.0,346.0
346366.0,1.0,3.1293,0.0,0.06579,0.0,0.0,-1.0,0.0,0.0,103.0,344.0
346376.0,1.0,3.1293,0.0,0.06579,0.0,0.0,-1.0,0.0,0.0,103.0,350.0
346386.0,1.0,3.1293,0.0,0.06579,0.0,0.0,-1.0,0.0,0.0,103.0,338.0
346396.0,1.0,3.1293,0.0,0.06579,0.0,0.0,-1.0,0.0,0.0,103.0,346.0
346406.0,0.0,3.1293,0.0,0.06579,0.0,0.0,-1.0,0.0,0.0,103.0,346.0
346416.0,0.0,3.1293,0.0,0.06579,0.0,0.0,-1.0,0.0,0.0,103.0,344.0
346427.0,0.0,3.1293,0.0,0.06579,0.0,0.0,-1.0,0.0,0.0,103.0,343.0
346437.0,0.0,3.1293,0.0,0.06579,0.0,0.0,-1.0,0.0,0.0,103.0,338.0
346447.0,0.0,3.1293,0.0,0.06579,0.0,0.0,-1.0,0.0,0.0,103.0,338.0
346457.0,0.0,3.1293,0.0,0.06579,0.0,0.0,-1.0,0.0,0.0,103.0,346.0
346467.0,0.0,3.1293,0.0,0.06579,0.0,0.0,-1.0,0.0,0.0,103.0,345.0
346477.0,0.0,3.1293,0.0,0.06579,0.0,0.0,-1.0,0.0,0.0,103.0,336.0
346487.0,0.0,3.1293,0.0,0.06579,0.0,0.0,-1.0,0.0,0.0,103.0,347.0
346498.0,0.0,3.1293,0.0,0.06579,0.0,0.0,-1.0,0.0,0.0,103.0,346.0
346508.0,0.0,3.1293,0.0,0.06579,0.0,0.0,-1.0,0.0,0.0,103.0,345.0
346518.0,0.0,3.1293,0.0,0.06579,0.0,0.0,-1.0,0.0,0.0,103.0,343.0
346528.0,0.0,3.1293,0.0,0.06579,0.0,0.0,-1.0,0.0,0.0,103.0,343.0
346538.0,0.0,3.1293,0.0,0.06579,0.0,0.0,-1.0,0.0,0.0,103.0,337.0
346548.0,0.0,3.1293,0.0,0.06579,0.0,0.0,-1.0,0.0,0.0,103.0,337.0
346558.0,0.0,3.1293,0.018,0.06579,0.0,0.0,-1.0,0.0,0.0,103.0,338.0
346568.0,0.0,3.1293,0.0,0.06579,0.0,0.0,-1.0,0.0,0.0,103.0,338.0
