seq,t_us,dt_us,raw,ticks,theta,omega,status,agc,magnitude,i2c_errors,missed_slots,tx_drops,read_us,valid,continuous,cart_steps,x_command_m,v_command_m_s,a_command_m_s2,motion_id,moving,enabled,homed,host_monotonic_ns
0,3771027339,0,1546,1546,2.3715343,0.00000,-1,-1,-1,0,0,0,136,1,1,0,0.0000000,0.0000000,0.0000000,0,0,0,0,758359208348500
1,3771028339,1000,1546,1546,2.3715343,0.00000,-1,-1,-1,0,0,0,136,1,1,0,0.0000000,0.0000000,0.0000000,0,0,0,0,758359208977708
2,3771029339,1000,1546,1546,2.3715343,0.00000,-1,-1,-1,0,0,0,136,1,1,0,0.0000000,0.0000000,0.0000000,0,0,0,0,758359209709958
3,3771030339,1000,1546,1546,2.3715343,0.00000,-1,-1,-1,0,0,0,136,1,1,0,0.0000000,0.0000000,0.0000000,0,0,0,0,758359210794916
4,3771031339,1000,1546,1546,2.3715343,0.00000,-1,-1,-1,0,0,0,136,1,1,0,0.0000000,0.0000000,0.0000000,0,0,0,0,758359211709916
5,3771032339,1000,1546,1546,2.3715343,0.00000,-1,-1,-1,0,0,0,136,1,1,0,0.0000000,0.0000000,0.0000000,0,0,0,0,758359212754958
6,3771033339,1000,1546,1546,2.3715343,0.00000,-1,-1,-1,0,0,0,136,1,1,0,0.0000000,0.0000000,0.0000000,0,0,0,0,758359213733875
7,3771034339,1000,1547,1547,2.3730683,0.06015,-1,-1,-1,0,0,0,136,1,1,0,0.0000000,0.0000000,0.0000000,0,0,0,0,758359214820250
8,3771035339,1000,1546,1546,2.3715343,-0.00236,-1,-1,-1,0,0,0,136,1,1,0,0.0000000,0.0000000,0.0000000,0,0,0,0,758359215744750
9,3771036339,1000,1546,1546,2.3715343,-0.00227,-1,-1,-1,0,0,0,136,1,1,0,0.0000000,0.0000000,0.0000000,0,0,0,0,758359216616333
10,3771037339,1000,1546,1546,2.3715343,-0.00218,-1,-1,-1,0,0,0,136,1,1,0,0.0000000,0.0000000,0.0000000,0,0,0,0,758359217692958
11,3771038339,1000,1546,1546,2.3715343,-0.00209,-1,-1,-1,0,0,0,136,1,1,0,0.0000000,0.0000000,0.0000000,0,0,0,0,758359218582333
12,3771039339,1000,1546,1546,2.3715343,-0.00201,-1,-1,-1,0,0,0,136,1,1,0,0.0000000,0.0000000,0.0000000,0,0,0,0,758359219599916
13,3771040339,1000,1546,1546,2.3715343,-0.00193,-1,-1,-1,0,0,0,136,1,1,0,0.0000000,0.0000000,0.0000000,0,0,0,0,758359220433875
14,3771041339,1000,1546,1546,2.3715343,-0.00186,-1,-1,-1,0,0,0,136,1,1,0,0.0000000,0.0000000,0.0000000,0,0,0,0,758359221575791
15,3771042339,1000,1546,1546,2.3715343,-0.00178,-1,-1,-1,0,0,0,136,1,1,0,0.0000000,0.0000000,0.0000000,0,0,0,0,758359222607916
16,3771043339,1000,1546,1546,2.3715343,-0.00171,-1,-1,-1,0,0,0,136,1,1,0,0.0000000,0.0000000,0.0000000,0,0,0,0,758359223568916
17,3771044339,1000,1546,1546,2.3715343,-0.00165,-1,-1,-1,0,0,0,136,1,1,0,0.0000000,0.0000000,0.0000000,0,0,0,0,758359224568500
18,3771045339,1000,1547,1547,2.3730683,0.05857,-1,-1,-1,0,0,0,136,1,1,0,0.0000000,0.0000000,0.0000000,0,0,0,0,758359225428041
19,3771046339,1000,1546,1546,2.3715343,-0.00388,-1,-1,-1,0,0,0,136,1,1,0,0.0000000,0.0000000,0.0000000,0,0,0,0,758359226581416
20,3771047339,1000,1546,1546,2.3715343,-0.00373,-1,-1,-1,0,0,0,136,1,1,0,0.0000000,0.0000000,0.0000000,0,0,0,0,758359227560583
21,3771048339,1000,1546,1546,2.3715343,-0.00358,-1,-1,-1,0,0,0,136,1,1,0,0.0000000,0.0000000,0.0000000,0,0,0,0,758359228552916
22,3771049339,1000,1546,1546,2.3715343,-0.00344,-1,-1,-1,0,0,0,136,1,1,0,0.0000000,0.0000000,0.0000000,0,0,0,0,758359229558083
23,3771050339,1000,1546,1546,2.3715343,-0.00330,-1,-1,-1,0,0,0,136,1,1,0,0.0000000,0.0000000,0.0000000,0,0,0,0,758359230529333
24,3771051339,1000,1546,1546,2.3715343,-0.00317,-1,-1,-1,0,0,0,136,1,1,0,0.0000000,0.0000000,0.0000000,0,0,0,0,758359231517208
25,3771052339,1000,1546,1546,2.3715343,-0.00305,39,126,2095,0,0,0,136,1,1,0,0.0000000,0.0000000,0.0000000,0,0,0,0,758359232956041
26,3771053339,1000,1546,1546,2.3715343,-0.00293,-1,-1,-1,0,0,0,136,1,1,0,0.0000000,0.0000000,0.0000000,0,0,0,0,758359233540208
27,3771054339,1000,1546,1546,2.3715343,-0.00282,-1,-1,-1,0,0,0,136,1,1,0,0.0000000,0.0000000,0.0000000,0,0,0,0,758359234551583
28,3771055339,1000,1546,1546,2.3715343,-0.00271,-1,-1,-1,0,0,0,136,1,1,0,0.0000000,0.0000000,0.0000000,0,0,0,0,758359235556083
29,3771056339,1000,1546,1546,2.3715343,-0.00260,-1,-1,-1,0,0,0,136,1,1,0,0.0000000,0.0000000,0.0000000,0,0,0,0,758359236396041
30,3771057339,1000,1546,1546,2.3715343,-0.00250,-1,-1,-1,0,0,0,136,1,1,0,0.0000000,0.0000000,0.0000000,0,0,0,0,758359237548791
31,3771058339,1000,1547,1547,2.3730683,0.05775,-1,-1,-1,0,0,0,136,1,1,0,0.0000000,0.0000000,0.0000000,0,0,0,0,758359238551875
32,3771059339,1000,1546,1546,2.3715343,-0.00466,-1,-1,-1,0,0,0,136,1,1,0,0.0000000,0.0000000,0.0000000,0,0,0,0,758359239578791
33,3771060339,1000,1546,1546,2.3715343,-0.00448,-1,-1,-1,0,0,0,136,1,1,0,0.0000000,0.0000000,0.0000000,0,0,0,0,758359240568625
34,3771061339,1000,1546,1546,2.3715343,-0.00431,-1,-1,-1,0,0,0,136,1,1,0,0.0000000,0.0000000,0.0000000,0,0,0,0,758359241348666
35,3771062339,1000,1546,1546,2.3715343,-0.00414,-1,-1,-1,0,0,0,136,1,1,0,0.0000000,0.0000000,0.0000000,0,0,0,0,758359242291000
36,3771063339,1000,1546,1546,2.3715343,-0.00397,-1,-1,-1,0,0,0,136,1,1,0,0.0000000,0.0000000,0.0000000,0,0,0,0,758359243282416
37,3771064339,1000,1546,1546,2.3715343,-0.00382,-1,-1,-1,0,0,0,136,1,1,0,0.0000000,0.0000000,0.0000000,0,0,0,0,758359244278541
38,3771065339,1000,1546,1546,2.3715343,-0.00367,-1,-1,-1,0,0,0,136,1,1,0,0.0000000,0.0000000,0.0000000,0,0,0,0,758359245285416
39,3771066339,1000,1546,1546,2.3715343,-0.00352,-1,-1,-1,0,0,0,136,1,1,0,0.0000000,0.0000000,0.0000000,0,0,0,0,758359246281916
40,3771067339,1000,1546,1546,2.3715343,-0.00339,-1,-1,-1,0,0,0,136,1,1,0,0.0000000,0.0000000,0.0000000,0,0,0,0,758359247283875
41,3771068339,1000,1546,1546,2.3715343,-0.00325,-1,-1,-1,0,0,0,136,1,1,0,0.0000000,0.0000000,0.0000000,0,0,0,0,758359248273500
42,3771069339,1000,1547,1547,2.3730683,0.05702,-1,-1,-1,0,0,0,136,1,1,0,0.0000000,0.0000000,0.0000000,0,0,0,0,758359249277958
43,3771070339,1000,1546,1546,2.3715343,-0.00536,-1,-1,-1,0,0,0,136,1,1,0,0.0000000,0.0000000,0.0000000,0,0,0,0,758359250284166
44,3771071339,1000,1546,1546,2.3715343,-0.00515,-1,-1,-1,0,0,0,136,1,1,0,0.0000000,0.0000000,0.0000000,0,0,0,0,758359251277208
45,3771072339,1000,1546,1546,2.3715343,-0.00495,-1,-1,-1,0,0,0,136,1,1,0,0.0000000,0.0000000,0.0000000,0,0,0,0,758359252267750
46,3771073339,1000,1546,1546,2.3715343,-0.00476,-1,-1,-1,0,0,0,136,1,1,0,0.0000000,0.0000000,0.0000000,0,0,0,0,758359253302708
47,3771074339,1000,1546,1546,2.3715343,-0.00457,-1,-1,-1,0,0,0,136,1,1,0,0.0000000,0.0000000,0.0000000,0,0,0,0,758359254249708
48,3771075339,1000,1546,1546,2.3715343,-0.00439,-1,-1,-1,0,0,0,136,1,1,0,0.0000000,0.0000000,0.0000000,0,0,0,0,758359255578916
49,3771076339,1000,1546,1546,2.3715343,-0.00422,-1,-1,-1,0,0,0,136,1,1,0,0.0000000,0.0000000,0.0000000,0,0,0,0,758359256577916
50,3771077339,1000,1546,1546,2.3715343,-0.00405,-1,-1,-1,0,0,0,136,1,1,0,0.0000000,0.0000000,0.0000000,0,0,0,0,758359257498916
51,3771078339,1000,1546,1546,2.3715343,-0.00389,-1,-1,-1,0,0,0,136,1,1,0,0.0000000,0.0000000,0.0000000,0,0,0,0,758359258394541
52,3771079339,1000,1546,1546,2.3715343,-0.00374,-1,-1,-1,0,0,0,136,1,1,0,0.0000000,0.0000000,0.0000000,0,0,0,0,758359259377916
53,3771080339,1000,1546,1546,2.3715343,-0.00359,-1,-1,-1,0,0,0,136,1,1,0,0.0000000,0.0000000,0.0000000,0,0,0,0,758359260487000
54,3771081339,1000,1546,1546,2.3715343,-0.00345,-1,-1,-1,0,0,0,136,1,1,0,0.0000000,0.0000000,0.0000000,0,0,0,0,758359261393708
55,3771082339,1000,1546,1546,2.3715343,-0.00332,-1,-1,-1,0,0,0,136,1,1,0,0.0000000,0.0000000,0.0000000,0,0,0,0,758359262411208
56,3771083339,1000,1546,1546,2.3715343,-0.00319,-1,-1,-1,0,0,0,136,1,1,0,0.0000000,0.0000000,0.0000000,0,0,0,0,758359263409166
57,3771084339,1000,1546,1546,2.3715343,-0.00306,-1,-1,-1,0,0,0,136,1,1,0,0.0000000,0.0000000,0.0000000,0,0,0,0,758359264404958
58,3771085339,1000,1546,1546,2.3715343,-0.00294,-1,-1,-1,0,0,0,136,1,1,0,0.0000000,0.0000000,0.0000000,0,0,0,0,758359265422166
59,3771086339,1000,1546,1546,2.3715343,-0.00283,-1,-1,-1,0,0,0,136,1,1,0,0.0000000,0.0000000,0.0000000,0,0,0,0,758359266402708
60,3771087339,1000,1546,1546,2.3715343,-0.00272,-1,-1,-1,0,0,0,136,1,1,0,0.0000000,0.0000000,0.0000000,0,0,0,0,758359267404458
61,3771088339,1000,1546,1546,2.3715343,-0.00261,-1,-1,-1,0,0,0,136,1,1,0,0.0000000,0.0000000,0.0000000,0,0,0,0,758359268402875
62,3771089339,1000,1546,1546,2.3715343,-0.00251,-1,-1,-1,0,0,0,136,1,1,0,0.0000000,0.0000000,0.0000000,0,0,0,0,758359269411750
63,3771090339,1000,1546,1546,2.3715343,-0.00241,-1,-1,-1,0,0,0,136,1,1,0,0.0000000,0.0000000,0.0000000,0,0,0,0,758359270394208
64,3771091339,1000,1546,1546,2.3715343,-0.00231,-1,-1,-1,0,0,0,136,1,1,0,0.0000000,0.0000000,0.0000000,0,0,0,0,758359271400583
65,3771092339,1000,1546,1546,2.3715343,-0.00222,-1,-1,-1,0,0,0,136,1,1,0,0.0000000,0.0000000,0.0000000,0,0,0,0,758359272510291
66,3771093339,1000,1546,1546,2.3715343,-0.00214,-1,-1,-1,0,0,0,136,1,1,0,0.0000000,0.0000000,0.0000000,0,0,0,0,758359273454166
67,3771094339,1000,1546,1546,2.3715343,-0.00205,-1,-1,-1,0,0,0,136,1,1,0,0.0000000,0.0000000,0.0000000,0,0,0,0,758359274441083
68,3771095339,1000,1546,1546,2.3715343,-0.00197,-1,-1,-1,0,0,0,136,1,1,0,0.0000000,0.0000000,0.0000000,0,0,0,0,758359275444291
69,3771096339,1000,1547,1547,2.3730683,0.05825,-1,-1,-1,0,0,0,136,1,1,0,0.0000000,0.0000000,0.0000000,0,0,0,0,758359276437416
70,3771097339,1000,1546,1546,2.3715343,-0.00418,-1,-1,-1,0,0,0,136,1,1,0,0.0000000,0.0000000,0.0000000,0,0,0,0,758359277432166
71,3771098339,1000,1546,1546,2.3715343,-0.00402,-1,-1,-1,0,0,0,136,1,1,0,0.0000000,0.0000000,0.0000000,0,0,0,0,758359278433625
72,3771099339,1000,1546,1546,2.3715343,-0.00386,-1,-1,-1,0,0,0,136,1,1,0,0.0000000,0.0000000,0.0000000,0,0,0,0,758359279460375
73,3771100339,1000,1546,1546,2.3715343,-0.00371,-1,-1,-1,0,0,0,136,1,1,0,0.0000000,0.0000000,0.0000000,0,0,0,0,758359280463416
74,3771101339,1000,1546,1546,2.3715343,-0.00356,-1,-1,-1,0,0,0,136,1,1,0,0.0000000,0.0000000,0.0000000,0,0,0,0,758359281456416
75,3771102339,1000,1547,1547,2.3730683,0.05673,39,126,2094,0,0,0,136,1,1,0,0.0000000,0.0000000,0.0000000,0,0,0,0,758359282895791
76,3771103339,1000,1546,1546,2.3715343,-0.00565,-1,-1,-1,0,0,0,136,1,1,0,0.0000000,0.0000000,0.0000000,0,0,0,0,758359283448208
77,3771104339,1000,1546,1546,2.3715343,-0.00542,-1,-1,-1,0,0,0,136,1,1,0,0.0000000,0.0000000,0.0000000,0,0,0,0,758359284528208
78,3771105339,1000,1546,1546,2.3715343,-0.00521,-1,-1,-1,0,0,0,136,1,1,0,0.0000000,0.0000000,0.0000000,0,0,0,0,758359285478833
79,3771106339,1000,1546,1546,2.3715343,-0.00501,-1,-1,-1,0,0,0,136,1,1,0,0.0000000,0.0000000,0.0000000,0,0,0,0,758359286478791
80,3771107339,1000,1546,1546,2.3715343,-0.00481,-1,-1,-1,0,0,0,136,1,1,0,0.0000000,0.0000000,0.0000000,0,0,0,0,758359287478166
81,3771108339,1000,1546,1546,2.3715343,-0.00462,-1,-1,-1,0,0,0,136,1,1,0,0.0000000,0.0000000,0.0000000,0,0,0,0,758359288476791
82,3771109339,1000,1546,1546,2.3715343,-0.00444,-1,-1,-1,0,0,0,136,1,1,0,0.0000000,0.0000000,0.0000000,0,0,0,0,758359289518958
83,3771110339,1000,1546,1546,2.3715343,-0.00427,-1,-1,-1,0,0,0,136,1,1,0,0.0000000,0.0000000,0.0000000,0,0,0,0,758359290528166
84,3771111339,1000,1547,1547,2.3730683,0.05605,-1,-1,-1,0,0,0,136,1,1,0,0.0000000,0.0000000,0.0000000,0,0,0,0,758359291482000
85,3771112339,1000,1546,1546,2.3715343,-0.00630,-1,-1,-1,0,0,0,136,1,1,0,0.0000000,0.0000000,0.0000000,0,0,0,0,758359292474000
86,3771113339,1000,1546,1546,2.3715343,-0.00605,-1,-1,-1,0,0,0,136,1,1,0,0.0000000,0.0000000,0.0000000,0,0,0,0,758359293504458
87,3771114339,1000,1546,1546,2.3715343,-0.00581,-1,-1,-1,0,0,0,136,1,1,0,0.0000000,0.0000000,0.0000000,0,0,0,0,758359294559750
88,3771115339,1000,1546,1546,2.3715343,-0.00559,-1,-1,-1,0,0,0,135,1,1,0,0.0000000,0.0000000,0.0000000,0,0,0,0,758359295566375
89,3771116339,1000,1546,1546,2.3715343,-0.00537,-1,-1,-1,0,0,0,136,1,1,0,0.0000000,0.0000000,0.0000000,0,0,0,0,758359296597666
90,3771117339,1000,1546,1546,2.3715343,-0.00516,-1,-1,-1,0,0,0,136,1,1,0,0.0000000,0.0000000,0.0000000,0,0,0,0,758359297548916
91,3771118339,1000,1546,1546,2.3715343,-0.00495,-1,-1,-1,0,0,0,136,1,1,0,0.0000000,0.0000000,0.0000000,0,0,0,0,758359298512666
92,3771119339,1000,1546,1546,2.3715343,-0.00476,-1,-1,-1,0,0,0,136,1,1,0,0.0000000,0.0000000,0.0000000,0,0,0,0,758359299505791
93,3771120339,1000,1546,1546,2.3715343,-0.00457,-1,-1,-1,0,0,0,136,1,1,0,0.0000000,0.0000000,0.0000000,0,0,0,0,758359300530333
94,3771121339,1000,1546,1546,2.3715343,-0.00439,-1,-1,-1,0,0,0,136,1,1,0,0.0000000,0.0000000,0.0000000,0,0,0,0,758359301500791
95,3771122339,1000,1546,1546,2.3715343,-0.00422,-1,-1,-1,0,0,0,136,1,1,0,0.0000000,0.0000000,0.0000000,0,0,0,0,758359302534000
96,3771123339,1000,1546,1546,2.3715343,-0.00406,-1,-1,-1,0,0,0,136,1,1,0,0.0000000,0.0000000,0.0000000,0,0,0,0,758359303500541
97,3771124339,1000,1546,1546,2.3715343,-0.00390,-1,-1,-1,0,0,0,136,1,1,0,0.0000000,0.0000000,0.0000000,0,0,0,0,758359304506208
98,3771125339,1000,1546,1546,2.3715343,-0.00374,-1,-1,-1,0,0,0,136,1,1,0,0.0000000,0.0000000,0.0000000,0,0,0,0,758359305656333
99,3771126339,1000,1546,1546,2.3715343,-0.00360,-1,-1,-1,0,0,0,136,1,1,0,0.0000000,0.0000000,0.0000000,0,0,0,0,758359306605708
100,3771127339,1000,1546,1546,2.3715343,-0.00346,-1,-1,-1,0,0,0,136,1,1,0,0.0000000,0.0000000,0.0000000,0,0,0,0,758359307627708
101,3771128339,1000,1547,1547,2.3730683,0.05683,-1,-1,-1,0,0,0,136,1,1,0,0.0000000,0.0000000,0.0000000,0,0,0,0,758359308609916
102,3771129339,1000,1546,1546,2.3715343,-0.00555,-1,-1,-1,0,0,0,136,1,1,0,0.0000000,0.0000000,0.0000000,0,0,0,0,758359309582458
103,3771130339,1000,1546,1546,2.3715343,-0.00533,-1,-1,-1,0,0,0,136,1,1,0,0.0000000,0.0000000,0.0000000,0,0,0,0,758359311304416
104,3771131339,1000,1546,1546,2.3715343,-0.00512,-1,-1,-1,0,0,0,136,1,1,0,0.0000000,0.0000000,0.0000000,0,0,0,0,758359312011541
105,3771132339,1000,1546,1546,2.3715343,-0.00492,-1,-1,-1,0,0,0,136,1,1,0,0.0000000,0.0000000,0.0000000,0,0,0,0,758359312726916
106,3771133339,1000,1546,1546,2.3715343,-0.00473,-1,-1,-1,0,0,0,136,1,1,0,0.0000000,0.0000000,0.0000000,0,0,0,0,758359313586500
107,3771134339,1000,1546,1546,2.3715343,-0.00454,-1,-1,-1,0,0,0,136,1,1,0,0.0000000,0.0000000,0.0000000,0,0,0,0,758359314557500
108,3771135339,1000,1546,1546,2.3715343,-0.00436,-1,-1,-1,0,0,0,136,1,1,0,0.0000000,0.0000000,0.0000000,0,0,0,0,758359315570291
109,3771136339,1000,1546,1546,2.3715343,-0.00419,-1,-1,-1,0,0,0,136,1,1,0,0.0000000,0.0000000,0.0000000,0,0,0,0,758359316557583
110,3771137339,1000,1546,1546,2.3715343,-0.00403,-1,-1,-1,0,0,0,136,1,1,0,0.0000000,0.0000000,0.0000000,0,0,0,0,758359317542916
111,3771138339,1000,1546,1546,2.3715343,-0.00387,-1,-1,-1,0,0,0,136,1,1,0,0.0000000,0.0000000,0.0000000,0,0,0,0,758359318524000
112,3771139339,1000,1546,1546,2.3715343,-0.00372,-1,-1,-1,0,0,0,136,1,1,0,0.0000000,0.0000000,0.0000000,0,0,0,0,758359319526083
113,3771140339,1000,1546,1546,2.3715343,-0.00357,-1,-1,-1,0,0,0,136,1,1,0,0.0000000,0.0000000,0.0000000,0,0,0,0,758359320515791
114,3771141339,1000,1546,1546,2.3715343,-0.00343,-1,-1,-1,0,0,0,136,1,1,0,0.0000000,0.0000000,0.0000000,0,0,0,0,758359321519291
115,3771142339,1000,1546,1546,2.3715343,-0.00330,-1,-1,-1,0,0,0,136,1,1,0,0.0000000,0.0000000,0.0000000,0,0,0,0,758359322541416
116,3771143339,1000,1546,1546,2.3715343,-0.00317,-1,-1,-1,0,0,0,136,1,1,0,0.0000000,0.0000000,0.0000000,0,0,0,0,758359323518750
117,3771144339,1000,1546,1546,2.3715343,-0.00305,-1,-1,-1,0,0,0,136,1,1,0,0.0000000,0.0000000,0.0000000,0,0,0,0,758359324525333
118,3771145339,1000,1546,1546,2.3715343,-0.00293,-1,-1,-1,0,0,0,136,1,1,0,0.0000000,0.0000000,0.0000000,0,0,0,0,758359325514500
119,3771146339,1000,1546,1546,2.3715343,-0.00281,-1,-1,-1,0,0,0,136,1,1,0,0.0000000,0.0000000,0.0000000,0,0,0,0,758359326506375
120,3771147339,1000,1546,1546,2.3715343,-0.00270,-1,-1,-1,0,0,0,136,1,1,0,0.0000000,0.0000000,0.0000000,0,0,0,0,758359327591083
121,3771148339,1000,1546,1546,2.3715343,-0.00260,-1,-1,-1,0,0,0,136,1,1,0,0.0000000,0.0000000,0.0000000,0,0,0,0,758359328554291
122,3771149339,1000,1546,1546,2.3715343,-0.00249,-1,-1,-1,0,0,0,136,1,1,0,0.0000000,0.0000000,0.0000000,0,0,0,0,758359329531791
123,3771150339,1000,1546,1546,2.3715343,-0.00240,-1,-1,-1,0,0,0,136,1,1,0,0.0000000,0.0000000,0.0000000,0,0,0,0,758359330525583
124,3771151339,1000,1546,1546,2.3715343,-0.00230,-1,-1,-1,0,0,0,136,1,1,0,0.0000000,0.0000000,0.0000000,0,0,0,0,758359331515875
125,3771152339,1000,1546,1546,2.3715343,-0.00221,39,126,2095,0,0,0,136,1,1,0,0.0000000,0.0000000,0.0000000,0,0,0,0,758359332931833
126,3771153339,1000,1546,1546,2.3715343,-0.00212,-1,-1,-1,0,0,0,136,1,1,0,0.0000000,0.0000000,0.0000000,0,0,0,0,758359333588291
127,3771154339,1000,1547,1547,2.3730683,0.05811,-1,-1,-1,0,0,0,136,1,1,0,0.0000000,0.0000000,0.0000000,0,0,0,0,758359334515958
128,3771155339,1000,1546,1546,2.3715343,-0.00432,-1,-1,-1,0,0,0,136,1,1,0,0.0000000,0.0000000,0.0000000,0,0,0,0,758359335519791
129,3771156339,1000,1546,1546,2.3715343,-0.00415,-1,-1,-1,0,0,0,136,1,1,0,0.0000000,0.0000000,0.0000000,0,0,0,0,758359336517708
130,3771157339,1000,1546,1546,2.3715343,-0.00399,-1,-1,-1,0,0,0,136,1,1,0,0.0000000,0.0000000,0.0000000,0,0,0,0,758359337591875
131,3771158339,1000,1546,1546,2.3715343,-0.00383,-1,-1,-1,0,0,0,136,1,1,0,0.0000000,0.0000000,0.0000000,0,0,0,0,758359338595541
132,3771159339,1000,1546,1546,2.3715343,-0.00368,-1,-1,-1,0,0,0,136,1,1,0,0.0000000,0.0000000,0.0000000,0,0,0,0,758359339585916
133,3771160339,1000,1546,1546,2.3715343,-0.00354,-1,-1,-1,0,0,0,136,1,1,0,0.0000000,0.0000000,0.0000000,0,0,0,0,758359340582500
134,3771161339,1000,1546,1546,2.3715343,-0.00340,-1,-1,-1,0,0,0,136,1,1,0,0.0000000,0.0000000,0.0000000,0,0,0,0,758359341589625
135,3771162339,1000,1546,1546,2.3715343,-0.00326,-1,-1,-1,0,0,0,136,1,1,0,0.0000000,0.0000000,0.0000000,0,0,0,0,758359342644708
136,3771163339,1000,1546,1546,2.3715343,-0.00314,-1,-1,-1,0,0,0,136,1,1,0,0.0000000,0.0000000,0.0000000,0,0,0,0,758359343631208
137,3771164339,1000,1546,1546,2.3715343,-0.00301,-1,-1,-1,0,0,0,136,1,1,0,0.0000000,0.0000000,0.0000000,0,0,0,0,758359344660875
138,3771165339,1000,1546,1546,2.3715343,-0.00290,-1,-1,-1,0,0,0,136,1,1,0,0.0000000,0.0000000,0.0000000,0,0,0,0,758359345659125
139,3771166339,1000,1546,1546,2.3715343,-0.00278,-1,-1,-1,0,0,0,136,1,1,0,0.0000000,0.0000000,0.0000000,0,0,0,0,758359346587333
140,3771167339,1000,1546,1546,2.3715343,-0.00267,-1,-1,-1,0,0,0,136,1,1,0,0.0000000,0.0000000,0.0000000,0,0,0,0,758359347608541
141,3771168339,1000,1547,1547,2.3730683,0.05758,-1,-1,-1,0,0,0,136,1,1,0,0.0000000,0.0000000,0.0000000,0,0,0,0,758359348613875
142,3771169339,1000,1547,1547,2.3730683,0.05532,-1,-1,-1,0,0,0,136,1,1,0,0.0000000,0.0000000,0.0000000,0,0,0,0,758359349606250
143,3771170339,1000,1546,1546,2.3715343,-0.00700,-1,-1,-1,0,0,0,136,1,1,0,0.0000000,0.0000000,0.0000000,0,0,0,0,758359350584583
144,3771171339,1000,1546,1546,2.3715343,-0.00672,-1,-1,-1,0,0,0,135,1,1,0,0.0000000,0.0000000,0.0000000,0,0,0,0,758359351586750
145,3771172339,1000,1546,1546,2.3715343,-0.00646,-1,-1,-1,0,0,0,136,1,1,0,0.0000000,0.0000000,0.0000000,0,0,0,0,758359352605166
146,3771173339,1000,1546,1546,2.3715343,-0.00620,-1,-1,-1,0,0,0,136,1,1,0,0.0000000,0.0000000,0.0000000,0,0,0,0,758359353618625
147,3771174339,1000,1546,1546,2.3715343,-0.00596,-1,-1,-1,0,0,0,136,1,1,0,0.0000000,0.0000000,0.0000000,0,0,0,0,758359354631291
148,3771175339,1000,1546,1546,2.3715343,-0.00573,-1,-1,-1,0,0,0,136,1,1,0,0.0000000,0.0000000,0.0000000,0,0,0,0,758359355619625
149,3771176339,1000,1546,1546,2.3715343,-0.00550,-1,-1,-1,0,0,0,136,1,1,0,0.0000000,0.0000000,0.0000000,0,0,0,0,758359356625666
150,3771177339,1000,1546,1546,2.3715343,-0.00529,-1,-1,-1,0,0,0,136,1,1,0,0.0000000,0.0000000,0.0000000,0,0,0,0,758359357598541
151,3771178339,1000,1546,1546,2.3715343,-0.00508,-1,-1,-1,0,0,0,136,1,1,0,0.0000000,0.0000000,0.0000000,0,0,0,0,758359358614375
152,3771179339,1000,1546,1546,2.3715343,-0.00488,-1,-1,-1,0,0,0,136,1,1,0,0.0000000,0.0000000,0.0000000,0,0,0,0,758359359613208
153,3771180339,1000,1546,1546,2.3715343,-0.00469,-1,-1,-1,0,0,0,136,1,1,0,0.0000000,0.0000000,0.0000000,0,0,0,0,758359360582291
154,3771181339,1000,1546,1546,2.3715343,-0.00451,-1,-1,-1,0,0,0,136,1,1,0,0.0000000,0.0000000,0.0000000,0,0,0,0,758359361585125
155,3771182339,1000,1546,1546,2.3715343,-0.00433,-1,-1,-1,0,0,0,136,1,1,0,0.0000000,0.0000000,0.0000000,0,0,0,0,758359362582625
156,3771183339,1000,1546,1546,2.3715343,-0.00416,-1,-1,-1,0,0,0,136,1,1,0,0.0000000,0.0000000,0.0000000,0,0,0,0,758359363622625
157,3771184339,1000,1546,1546,2.3715343,-0.00400,-1,-1,-1,0,0,0,136,1,1,0,0.0000000,0.0000000,0.0000000,0,0,0,0,758359364577791
158,3771185339,1000,1546,1546,2.3715343,-0.00384,-1,-1,-1,0,0,0,136,1,1,0,0.0000000,0.0000000,0.0000000,0,0,0,0,758359365584000
159,3771186339,1000,1546,1546,2.3715343,-0.00369,-1,-1,-1,0,0,0,136,1,1,0,0.0000000,0.0000000,0.0000000,0,0,0,0,758359366573250
160,3771187339,1000,1546,1546,2.3715343,-0.00354,-1,-1,-1,0,0,0,136,1,1,0,0.0000000,0.0000000,0.0000000,0,0,0,0,758359367573875
161,3771188339,1000,1546,1546,2.3715343,-0.00340,-1,-1,-1,0,0,0,136,1,1,0,0.0000000,0.0000000,0.0000000,0,0,0,0,758359368578375
162,3771189339,1000,1546,1546,2.3715343,-0.00327,-1,-1,-1,0,0,0,136,1,1,0,0.0000000,0.0000000,0.0000000,0,0,0,0,758359369576125
163,3771190339,1000,1546,1546,2.3715343,-0.00314,-1,-1,-1,0,0,0,136,1,1,0,0.0000000,0.0000000,0.0000000,0,0,0,0,758359370605625
164,3771191339,1000,1546,1546,2.3715343,-0.00302,-1,-1,-1,0,0,0,136,1,1,0,0.0000000,0.0000000,0.0000000,0,0,0,0,758359371605083
165,3771192339,1000,1546,1546,2.3715343,-0.00290,-1,-1,-1,0,0,0,136,1,1,0,0.0000000,0.0000000,0.0000000,0,0,0,0,758359372637458
166,3771193339,1000,1546,1546,2.3715343,-0.00279,-1,-1,-1,0,0,0,136,1,1,0,0.0000000,0.0000000,0.0000000,0,0,0,0,758359373706000
167,3771194339,1000,1546,1546,2.3715343,-0.00268,-1,-1,-1,0,0,0,136,1,1,0,0.0000000,0.0000000,0.0000000,0,0,0,0,758359374680875
168,3771195339,1000,1546,1546,2.3715343,-0.00257,-1,-1,-1,0,0,0,136,1,1,0,0.0000000,0.0000000,0.0000000,0,0,0,0,758359375669916
169,3771196339,1000,1546,1546,2.3715343,-0.00247,-1,-1,-1,0,0,0,136,1,1,0,0.0000000,0.0000000,0.0000000,0,0,0,0,758359376648166
170,3771197339,1000,1546,1546,2.3715343,-0.00238,-1,-1,-1,0,0,0,136,1,1,0,0.0000000,0.0000000,0.0000000,0,0,0,0,758359377643958
171,3771198339,1000,1546,1546,2.3715343,-0.00228,-1,-1,-1,0,0,0,136,1,1,0,0.0000000,0.0000000,0.0000000,0,0,0,0,758359378640166
172,3771199339,1000,1546,1546,2.3715343,-0.00219,-1,-1,-1,0,0,0,136,1,1,0,0.0000000,0.0000000,0.0000000,0,0,0,0,758359379629083
173,3771200339,1000,1546,1546,2.3715343,-0.00211,-1,-1,-1,0,0,0,136,1,1,0,0.0000000,0.0000000,0.0000000,0,0,0,0,758359380620083
174,3771201339,1000,1546,1546,2.3715343,-0.00202,-1,-1,-1,0,0,0,136,1,1,0,0.0000000,0.0000000,0.0000000,0,0,0,0,758359381631958
175,3771202339,1000,1546,1546,2.3715343,-0.00194,39,126,2094,0,0,0,136,1,1,0,0.0000000,0.0000000,0.0000000,0,0,0,0,758359383001000
176,3771203339,1000,1546,1546,2.3715343,-0.00187,-1,-1,-1,0,0,0,136,1,1,0,0.0000000,0.0000000,0.0000000,0,0,0,0,758359383647958
177,3771204339,1000,1546,1546,2.3715343,-0.00180,-1,-1,-1,0,0,0,136,1,1,0,0.0000000,0.0000000,0.0000000,0,0,0,0,758359384637583
178,3771205339,1000,1546,1546,2.3715343,-0.00172,-1,-1,-1,0,0,0,136,1,1,0,0.0000000,0.0000000,0.0000000,0,0,0,0,758359385640583
179,3771206339,1000,1546,1546,2.3715343,-0.00166,-1,-1,-1,0,0,0,136,1,1,0,0.0000000,0.0000000,0.0000000,0,0,0,0,758359386612458
180,3771207339,1000,1546,1546,2.3715343,-0.00159,-1,-1,-1,0,0,0,136,1,1,0,0.0000000,0.0000000,0.0000000,0,0,0,0,758359387635625
181,3771208339,1000,1546,1546,2.3715343,-0.00153,-1,-1,-1,0,0,0,136,1,1,0,0.0000000,0.0000000,0.0000000,0,0,0,0,758359388592541
182,3771209339,1000,1546,1546,2.3715343,-0.00147,-1,-1,-1,0,0,0,136,1,1,0,0.0000000,0.0000000,0.0000000,0,0,0,0,758359389677083
183,3771210339,1000,1546,1546,2.3715343,-0.00141,-1,-1,-1,0,0,0,136,1,1,0,0.0000000,0.0000000,0.0000000,0,0,0,0,758359390887583
184,3771211339,1000,1546,1546,2.3715343,-0.00136,-1,-1,-1,0,0,0,136,1,1,0,0.0000000,0.0000000,0.0000000,0,0,0,0,758359391727375
185,3771212339,1000,1546,1546,2.3715343,-0.00130,-1,-1,-1,0,0,0,136,1,1,0,0.0000000,0.0000000,0.0000000,0,0,0,0,758359392675083
186,3771213339,1000,1546,1546,2.3715343,-0.00125,-1,-1,-1,0,0,0,136,1,1,0,0.0000000,0.0000000,0.0000000,0,0,0,0,758359393657958
187,3771214339,1000,1546,1546,2.3715343,-0.00120,-1,-1,-1,0,0,0,136,1,1,0,0.0000000,0.0000000,0.0000000,0,0,0,0,758359394654958
188,3771215339,1000,1546,1546,2.3715343,-0.00116,-1,-1,-1,0,0,0,136,1,1,0,0.0000000,0.0000000,0.0000000,0,0,0,0,758359395613375
189,3771216339,1000,1546,1546,2.3715343,-0.00111,-1,-1,-1,0,0,0,136,1,1,0,0.0000000,0.0000000,0.0000000,0,0,0,0,758359396630500
190,3771217339,1000,1546,1546,2.3715343,-0.00107,-1,-1,-1,0,0,0,136,1,1,0,0.0000000,0.0000000,0.0000000,0,0,0,0,758359397665333
191,3771218339,1000,1546,1546,2.3715343,-0.00103,-1,-1,-1,0,0,0,136,1,1,0,0.0000000,0.0000000,0.0000000,0,0,0,0,758359398646625
192,3771219339,1000,1546,1546,2.3715343,-0.00099,-1,-1,-1,0,0,0,136,1,1,0,0.0000000,0.0000000,0.0000000,0,0,0,0,758359399667583
193,3771220339,1000,1546,1546,2.3715343,-0.00095,-1,-1,-1,0,0,0,136,1,1,0,0.0000000,0.0000000,0.0000000,0,0,0,0,758359400622916
194,3771221339,1000,1546,1546,2.3715343,-0.00091,-1,-1,-1,0,0,0,136,1,1,0,0.0000000,0.0000000,0.0000000,0,0,0,0,758359401701416
195,3771222339,1000,1546,1546,2.3715343,-0.00087,-1,-1,-1,0,0,0,136,1,1,0,0.0000000,0.0000000,0.0000000,0,0,0,0,758359402931833
196,3771223339,1000,1546,1546,2.3715343,-0.00084,-1,-1,-1,0,0,0,136,1,1,0,0.0000000,0.0000000,0.0000000,0,0,0,0,758359403938125
197,3771224339,1000,1546,1546,2.3715343,-0.00081,-1,-1,-1,0,0,0,136,1,1,0,0.0000000,0.0000000,0.0000000,0,0,0,0,758359404975208
198,3771225339,1000,1546,1546,2.3715343,-0.00078,-1,-1,-1,0,0,0,136,1,1,0,0.0000000,0.0000000,0.0000000,0,0,0,0,758359405766000
199,3771226339,1000,1546,1546,2.3715343,-0.00074,-1,-1,-1,0,0,0,136,1,1,0,0.0000000,0.0000000,0.0000000,0,0,0,0,758359406681041
200,3771227339,1000,1546,1546,2.3715343,-0.00072,-1,-1,-1,0,0,0,136,1,1,0,0.0000000,0.0000000,0.0000000,0,0,0,0,758359407712333
201,3771228339,1000,1546,1546,2.3715343,-0.00069,-1,-1,-1,0,0,0,136,1,1,0,0.0000000,0.0000000,0.0000000,0,0,0,0,758359408726541
202,3771229339,1000,1546,1546,2.3715343,-0.00066,-1,-1,-1,0,0,0,136,1,1,0,0.0000000,0.0000000,0.0000000,0,0,0,0,758359410127916
203,3771230339,1000,1547,1547,2.3730683,0.05951,-1,-1,-1,0,0,0,136,1,1,0,0.0000000,0.0000000,0.0000000,0,0,0,0,758359410792458
204,3771231339,1000,1546,1546,2.3715343,-0.00297,-1,-1,-1,0,0,0,136,1,1,0,0.0000000,0.0000000,0.0000000,0,0,0,0,758359411716625
205,3771232339,1000,1546,1546,2.3715343,-0.00285,-1,-1,-1,0,0,0,136,1,1,0,0.0000000,0.0000000,0.0000000,0,0,0,0,758359412629000
206,3771233339,1000,1546,1546,2.3715343,-0.00274,-1,-1,-1,0,0,0,136,1,1,0,0.0000000,0.0000000,0.0000000,0,0,0,0,758359413658208
207,3771234339,1000,1547,1547,2.3730683,0.05752,-1,-1,-1,0,0,0,136,1,1,0,0.0000000,0.0000000,0.0000000,0,0,0,0,758359414584500
208,3771235339,1000,1546,1546,2.3715343,-0.00489,-1,-1,-1,0,0,0,136,1,1,0,0.0000000,0.0000000,0.0000000,0,0,0,0,758359415596583
209,3771236339,1000,1546,1546,2.3715343,-0.00470,-1,-1,-1,0,0,0,136,1,1,0,0.0000000,0.0000000,0.0000000,0,0,0,0,758359416585333
210,3771237339,1000,1546,1546,2.3715343,-0.00451,-1,-1,-1,0,0,0,136,1,1,0,0.0000000,0.0000000,0.0000000,0,0,0,0,758359417633541
211,3771238339,1000,1546,1546,2.3715343,-0.00434,-1,-1,-1,0,0,0,136,1,1,0,0.0000000,0.0000000,0.0000000,0,0,0,0,758359418597916
212,3771239339,1000,1546,1546,2.3715343,-0.00417,-1,-1,-1,0,0,0,136,1,1,0,0.0000000,0.0000000,0.0000000,0,0,0,0,758359419598458
213,3771240339,1000,1546,1546,2.3715343,-0.00400,-1,-1,-1,0,0,0,136,1,1,0,0.0000000,0.0000000,0.0000000,0,0,0,0,758359420608750
214,3771241339,1000,1547,1547,2.3730683,0.05630,-1,-1,-1,0,0,0,135,1,1,0,0.0000000,0.0000000,0.0000000,0,0,0,0,758359421662583
215,3771242339,1000,1546,1546,2.3715343,-0.00605,-1,-1,-1,0,0,0,136,1,1,0,0.0000000,0.0000000,0.0000000,0,0,0,0,758359422624458
216,3771243339,1000,1546,1546,2.3715343,-0.00582,-1,-1,-1,0,0,0,136,1,1,0,0.0000000,0.0000000,0.0000000,0,0,0,0,758359423620000
217,3771244339,1000,1546,1546,2.3715343,-0.00559,-1,-1,-1,0,0,0,136,1,1,0,0.0000000,0.0000000,0.0000000,0,0,0,0,758359424595041
218,3771245339,1000,1546,1546,2.3715343,-0.00537,-1,-1,-1,0,0,0,136,1,1,0,0.0000000,0.0000000,0.0000000,0,0,0,0,758359425599000
219,3771246339,1000,1546,1546,2.3715343,-0.00516,-1,-1,-1,0,0,0,136,1,1,0,0.0000000,0.0000000,0.0000000,0,0,0,0,758359426592625
220,3771247339,1000,1546,1546,2.3715343,-0.00496,-1,-1,-1,0,0,0,136,1,1,0,0.0000000,0.0000000,0.0000000,0,0,0,0,758359427592000
221,3771248339,1000,1546,1546,2.3715343,-0.00476,-1,-1,-1,0,0,0,136,1,1,0,0.0000000,0.0000000,0.0000000,0,0,0,0,758359428638791
222,3771249339,1000,1546,1546,2.3715343,-0.00457,-1,-1,-1,0,0,0,136,1,1,0,0.0000000,0.0000000,0.0000000,0,0,0,0,758359429603291
223,3771250339,1000,1546,1546,2.3715343,-0.00440,-1,-1,-1,0,0,0,136,1,1,0,0.0000000,0.0000000,0.0000000,0,0,0,0,758359430593458
224,3771251339,1000,1546,1546,2.3715343,-0.00422,-1,-1,-1,0,0,0,136,1,1,0,0.0000000,0.0000000,0.0000000,0,0,0,0,758359431589958
225,3771252339,1000,1546,1546,2.3715343,-0.00406,39,126,2095,0,0,0,136,1,1,0,0.0000000,0.0000000,0.0000000,0,0,0,0,758359433012375
226,3771253339,1000,1546,1546,2.3715343,-0.00390,-1,-1,-1,0,0,0,136,1,1,0,0.0000000,0.0000000,0.0000000,0,0,0,0,758359433685833
227,3771254339,1000,1546,1546,2.3715343,-0.00375,-1,-1,-1,0,0,0,136,1,1,0,0.0000000,0.0000000,0.0000000,0,0,0,0,758359434612791
228,3771255339,1000,1546,1546,2.3715343,-0.00360,-1,-1,-1,0,0,0,136,1,1,0,0.0000000,0.0000000,0.0000000,0,0,0,0,758359435592083
229,3771256339,1000,1546,1546,2.3715343,-0.00346,-1,-1,-1,0,0,0,136,1,1,0,0.0000000,0.0000000,0.0000000,0,0,0,0,758359436926500
230,3771257339,1000,1546,1546,2.3715343,-0.00332,-1,-1,-1,0,0,0,136,1,1,0,0.0000000,0.0000000,0.0000000,0,0,0,0,758359437871125
231,3771258339,1000,1546,1546,2.3715343,-0.00319,-1,-1,-1,0,0,0,136,1,1,0,0.0000000,0.0000000,0.0000000,0,0,0,0,758359438809166
232,3771259339,1000,1546,1546,2.3715343,-0.00307,-1,-1,-1,0,0,0,136,1,1,0,0.0000000,0.0000000,0.0000000,0,0,0,0,758359439629500
233,3771260339,1000,1546,1546,2.3715343,-0.00295,-1,-1,-1,0,0,0,136,1,1,0,0.0000000,0.0000000,0.0000000,0,0,0,0,758359440633375
234,3771261339,1000,1546,1546,2.3715343,-0.00283,-1,-1,-1,0,0,0,136,1,1,0,0.0000000,0.0000000,0.0000000,0,0,0,0,758359441691208
235,3771262339,1000,1546,1546,2.3715343,-0.00272,-1,-1,-1,0,0,0,136,1,1,0,0.0000000,0.0000000,0.0000000,0,0,0,0,758359442647833
236,3771263339,1000,1546,1546,2.3715343,-0.00261,-1,-1,-1,0,0,0,136,1,1,0,0.0000000,0.0000000,0.0000000,0,0,0,0,758359443580000
237,3771264339,1000,1546,1546,2.3715343,-0.00251,-1,-1,-1,0,0,0,136,1,1,0,0.0000000,0.0000000,0.0000000,0,0,0,0,758359444612958
238,3771265339,1000,1546,1546,2.3715343,-0.00241,-1,-1,-1,0,0,0,136,1,1,0,0.0000000,0.0000000,0.0000000,0,0,0,0,758359445581958
239,3771266339,1000,1546,1546,2.3715343,-0.00232,-1,-1,-1,0,0,0,136,1,1,0,0.0000000,0.0000000,0.0000000,0,0,0,0,758359446596500
240,3771267339,1000,1546,1546,2.3715343,-0.00223,-1,-1,-1,0,0,0,136,1,1,0,0.0000000,0.0000000,0.0000000,0,0,0,0,758359447650583
241,3771268339,1000,1546,1546,2.3715343,-0.00214,-1,-1,-1,0,0,0,136,1,1,0,0.0000000,0.0000000,0.0000000,0,0,0,0,758359448602208
242,3771269339,1000,1546,1546,2.3715343,-0.00206,-1,-1,-1,0,0,0,136,1,1,0,0.0000000,0.0000000,0.0000000,0,0,0,0,758359449621833
243,3771270339,1000,1546,1546,2.3715343,-0.00197,-1,-1,-1,0,0,0,136,1,1,0,0.0000000,0.0000000,0.0000000,0,0,0,0,758359450612875
244,3771271339,1000,1546,1546,2.3715343,-0.00190,-1,-1,-1,0,0,0,136,1,1,0,0.0000000,0.0000000,0.0000000,0,0,0,0,758359451618083
245,3771272339,1000,1546,1546,2.3715343,-0.00182,-1,-1,-1,0,0,0,136,1,1,0,0.0000000,0.0000000,0.0000000,0,0,0,0,758359452727416
246,3771273339,1000,1546,1546,2.3715343,-0.00175,-1,-1,-1,0,0,0,136,1,1,0,0.0000000,0.0000000,0.0000000,0,0,0,0,758359453607875
247,3771274339,1000,1546,1546,2.3715343,-0.00168,-1,-1,-1,0,0,0,136,1,1,0,0.0000000,0.0000000,0.0000000,0,0,0,0,758359454585750
248,3771275339,1000,1546,1546,2.3715343,-0.00162,-1,-1,-1,0,0,0,136,1,1,0,0.0000000,0.0000000,0.0000000,0,0,0,0,758359455694791
249,3771276339,1000,1546,1546,2.3715343,-0.00155,-1,-1,-1,0,0,0,136,1,1,0,0.0000000,0.0000000,0.0000000,0,0,0,0,758359456636583
250,3771277339,1000,1546,1546,2.3715343,-0.00149,-1,-1,-1,0,0,0,136,1,1,0,0.0000000,0.0000000,0.0000000,0,0,0,0,758359457611916
251,3771278339,1000,1546,1546,2.3715343,-0.00143,-1,-1,-1,0,0,0,136,1,1,0,0.0000000,0.0000000,0.0000000,0,0,0,0,758359458614083
252,3771279339,1000,1546,1546,2.3715343,-0.00138,-1,-1,-1,0,0,0,136,1,1,0,0.0000000,0.0000000,0.0000000,0,0,0,0,758359459617291
253,3771280339,1000,1546,1546,2.3715343,-0.00132,-1,-1,-1,0,0,0,136,1,1,0,0.0000000,0.0000000,0.0000000,0,0,0,0,758359460598625
254,3771281339,1000,1546,1546,2.3715343,-0.00127,-1,-1,-1,0,0,0,136,1,1,0,0.0000000,0.0000000,0.0000000,0,0,0,0,758359461613041
255,3771282339,1000,1546,1546,2.3715343,-0.00122,-1,-1,-1,0,0,0,136,1,1,0,0.0000000,0.0000000,0.0000000,0,0,0,0,758359462581916
256,3771283339,1000,1546,1546,2.3715343,-0.00117,-1,-1,-1,0,0,0,136,1,1,0,0.0000000,0.0000000,0.0000000,0,0,0,0,758359463620458
257,3771284339,1000,1546,1546,2.3715343,-0.00113,-1,-1,-1,0,0,0,136,1,1,0,0.0000000,0.0000000,0.0000000,0,0,0,0,758359464730083
258,3771285339,1000,1546,1546,2.3715343,-0.00108,-1,-1,-1,0,0,0,136,1,1,0,0.0000000,0.0000000,0.0000000,0,0,0,0,758359465734083
259,3771286339,1000,1546,1546,2.3715343,-0.00104,-1,-1,-1,0,0,0,136,1,1,0,0.0000000,0.0000000,0.0000000,0,0,0,0,758359466688250
260,3771287339,1000,1546,1546,2.3715343,-0.00100,-1,-1,-1,0,0,0,136,1,1,0,0.0000000,0.0000000,0.0000000,0,0,0,0,758359467627541
261,3771288339,1000,1546,1546,2.3715343,-0.00096,-1,-1,-1,0,0,0,136,1,1,0,0.0000000,0.0000000,0.0000000,0,0,0,0,758359468628166
262,3771289339,1000,1546,1546,2.3715343,-0.00092,-1,-1,-1,0,0,0,136,1,1,0,0.0000000,0.0000000,0.0000000,0,0,0,0,758359469603166
263,3771290339,1000,1546,1546,2.3715343,-0.00089,-1,-1,-1,0,0,0,136,1,1,0,0.0000000,0.0000000,0.0000000,0,0,0,0,758359470633500
264,3771291339,1000,1546,1546,2.3715343,-0.00085,-1,-1,-1,0,0,0,136,1,1,0,0.0000000,0.0000000,0.0000000,0,0,0,0,758359471614208
265,3771292339,1000,1546,1546,2.3715343,-0.00082,-1,-1,-1,0,0,0,136,1,1,0,0.0000000,0.0000000,0.0000000,0,0,0,0,758359472604041
266,3771293339,1000,1546,1546,2.3715343,-0.00079,-1,-1,-1,0,0,0,136,1,1,0,0.0000000,0.0000000,0.0000000,0,0,0,0,758359473599791
267,3771294339,1000,1546,1546,2.3715343,-0.00076,-1,-1,-1,0,0,0,136,1,1,0,0.0000000,0.0000000,0.0000000,0,0,0,0,758359474589666
268,3771295339,1000,1546,1546,2.3715343,-0.00073,-1,-1,-1,0,0,0,136,1,1,0,0.0000000,0.0000000,0.0000000,0,0,0,0,758359475596541
269,3771296339,1000,1546,1546,2.3715343,-0.00070,-1,-1,-1,0,0,0,136,1,1,0,0.0000000,0.0000000,0.0000000,0,0,0,0,758359476832333
270,3771297339,1000,1546,1546,2.3715343,-0.00067,-1,-1,-1,0,0,0,136,1,1,0,0.0000000,0.0000000,0.0000000,0,0,0,0,758359477805041
271,3771298339,1000,1546,1546,2.3715343,-0.00064,-1,-1,-1,0,0,0,136,1,1,0,0.0000000,0.0000000,0.0000000,0,0,0,0,758359478751750
272,3771299339,1000,1546,1546,2.3715343,-0.00062,-1,-1,-1,0,0,0,136,1,1,0,0.0000000,0.0000000,0.0000000,0,0,0,0,758359479592208
273,3771300339,1000,1546,1546,2.3715343,-0.00059,-1,-1,-1,0,0,0,136,1,1,0,0.0000000,0.0000000,0.0000000,0,0,0,0,758359480598833
274,3771301339,1000,1546,1546,2.3715343,-0.00057,-1,-1,-1,0,0,0,136,1,1,0,0.0000000,0.0000000,0.0000000,0,0,0,0,758359481588875
275,3771302339,1000,1546,1546,2.3715343,-0.00055,39,126,2094,0,0,0,136,1,1,0,0.0000000,0.0000000,0.0000000,0,0,0,0,758359482992291
276,3771303339,1000,1546,1546,2.3715343,-0.00053,-1,-1,-1,0,0,0,136,1,1,0,0.0000000,0.0000000,0.0000000,0,0,0,0,758359483631041
277,3771304339,1000,1546,1546,2.3715343,-0.00051,-1,-1,-1,0,0,0,136,1,1,0,0.0000000,0.0000000,0.0000000,0,0,0,0,758359484622375
278,3771305339,1000,1546,1546,2.3715343,-0.00049,-1,-1,-1,0,0,0,136,1,1,0,0.0000000,0.0000000,0.0000000,0,0,0,0,758359485661916
279,3771306339,1000,1546,1546,2.3715343,-0.00047,-1,-1,-1,0,0,0,136,1,1,0,0.0000000,0.0000000,0.0000000,0,0,0,0,758359486692416
280,3771307339,1000,1546,1546,2.3715343,-0.00045,-1,-1,-1,0,0,0,136,1,1,0,0.0000000,0.0000000,0.0000000,0,0,0,0,758359487617875
281,3771308339,1000,1546,1546,2.3715343,-0.00043,-1,-1,-1,0,0,0,136,1,1,0,0.0000000,0.0000000,0.0000000,0,0,0,0,758359488616208
282,3771309339,1000,1546,1546,2.3715343,-0.00041,-1,-1,-1,0,0,0,136,1,1,0,0.0000000,0.0000000,0.0000000,0,0,0,0,758359489590333
283,3771310339,1000,1546,1546,2.3715343,-0.00040,-1,-1,-1,0,0,0,136,1,1,0,0.0000000,0.0000000,0.0000000,0,0,0,0,758359490659833
284,3771311339,1000,1546,1546,2.3715343,-0.00038,-1,-1,-1,0,0,0,136,1,1,0,0.0000000,0.0000000,0.0000000,0,0,0,0,758359491775708
285,3771312339,1000,1546,1546,2.3715343,-0.00037,-1,-1,-1,0,0,0,136,1,1,0,0.0000000,0.0000000,0.0000000,0,0,0,0,758359492692541
286,3771313339,1000,1546,1546,2.3715343,-0.00035,-1,-1,-1,0,0,0,136,1,1,0,0.0000000,0.0000000,0.0000000,0,0,0,0,758359493667625
287,3771314339,1000,1546,1546,2.3715343,-0.00034,-1,-1,-1,0,0,0,136,1,1,0,0.0000000,0.0000000,0.0000000,0,0,0,0,758359494682041
288,3771315339,1000,1546,1546,2.3715343,-0.00033,-1,-1,-1,0,0,0,136,1,1,0,0.0000000,0.0000000,0.0000000,0,0,0,0,758359495622708
289,3771316339,1000,1546,1546,2.3715343,-0.00031,-1,-1,-1,0,0,0,136,1,1,0,0.0000000,0.0000000,0.0000000,0,0,0,0,758359496687250
290,3771317339,1000,1546,1546,2.3715343,-0.00030,-1,-1,-1,0,0,0,136,1,1,0,0.0000000,0.0000000,0.0000000,0,0,0,0,758359497675541
291,3771318339,1000,1546,1546,2.3715343,-0.00029,-1,-1,-1,0,0,0,136,1,1,0,0.0000000,0.0000000,0.0000000,0,0,0,0,758359498638791
292,3771319339,1000,1546,1546,2.3715343,-0.00028,-1,-1,-1,0,0,0,136,1,1,0,0.0000000,0.0000000,0.0000000,0,0,0,0,758359499649875
293,3771320339,1000,1546,1546,2.3715343,-0.00027,-1,-1,-1,0,0,0,136,1,1,0,0.0000000,0.0000000,0.0000000,0,0,0,0,758359500612708
294,3771321339,1000,1546,1546,2.3715343,-0.00026,-1,-1,-1,0,0,0,136,1,1,0,0.0000000,0.0000000,0.0000000,0,0,0,0,758359501602708
295,3771322339,1000,1546,1546,2.3715343,-0.00025,-1,-1,-1,0,0,0,136,1,1,0,0.0000000,0.0000000,0.0000000,0,0,0,0,758359502628875
296,3771323339,1000,1546,1546,2.3715343,-0.00024,-1,-1,-1,0,0,0,136,1,1,0,0.0000000,0.0000000,0.0000000,0,0,0,0,758359503623666
297,3771324339,1000,1546,1546,2.3715343,-0.00023,-1,-1,-1,0,0,0,136,1,1,0,0.0000000,0.0000000,0.0000000,0,0,0,0,758359504615208
298,3771325339,1000,1546,1546,2.3715343,-0.00022,-1,-1,-1,0,0,0,136,1,1,0,0.0000000,0.0000000,0.0000000,0,0,0,0,758359505597666
299,3771326339,1000,1546,1546,2.3715343,-0.00021,-1,-1,-1,0,0,0,136,1,1,0,0.0000000,0.0000000,0.0000000,0,0,0,0,758359506593041
300,3771327339,1000,1546,1546,2.3715343,-0.00020,-1,-1,-1,0,0,0,136,1,1,0,0.0000000,0.0000000,0.0000000,0,0,0,0,758359507571125
301,3771328339,1000,1546,1546,2.3715343,-0.00019,-1,-1,-1,0,0,0,136,1,1,0,0.0000000,0.0000000,0.0000000,0,0,0,0,758359508582875
302,3771329339,1000,1546,1546,2.3715343,-0.00019,-1,-1,-1,0,0,0,136,1,1,0,0.0000000,0.0000000,0.0000000,0,0,0,0,758359509828166
303,3771330339,1000,1546,1546,2.3715343,-0.00018,-1,-1,-1,0,0,0,136,1,1,0,0.0000000,0.0000000,0.0000000,0,0,0,0,758359510808125
304,3771331339,1000,1546,1546,2.3715343,-0.00017,-1,-1,-1,0,0,0,136,1,1,0,0.0000000,0.0000000,0.0000000,0,0,0,0,758359511816000
305,3771332339,1000,1546,1546,2.3715343,-0.00017,-1,-1,-1,0,0,0,136,1,1,0,0.0000000,0.0000000,0.0000000,0,0,0,0,758359512663916
306,3771333339,1000,1546,1546,2.3715343,-0.00016,-1,-1,-1,0,0,0,136,1,1,0,0.0000000,0.0000000,0.0000000,0,0,0,0,758359513697708
307,3771334339,1000,1546,1546,2.3715343,-0.00015,-1,-1,-1,0,0,0,136,1,1,0,0.0000000,0.0000000,0.0000000,0,0,0,0,758359514635958
308,3771335339,1000,1546,1546,2.3715343,-0.00015,-1,-1,-1,0,0,0,136,1,1,0,0.0000000,0.0000000,0.0000000,0,0,0,0,758359515609166
309,3771336339,1000,1546,1546,2.3715343,-0.00014,-1,-1,-1,0,0,0,136,1,1,0,0.0000000,0.0000000,0.0000000,0,0,0,0,758359516628125
310,3771337339,1000,1546,1546,2.3715343,-0.00014,-1,-1,-1,0,0,0,136,1,1,0,0.0000000,0.0000000,0.0000000,0,0,0,0,758359517603625
311,3771338339,1000,1546,1546,2.3715343,-0.00013,-1,-1,-1,0,0,0,136,1,1,0,0.0000000,0.0000000,0.0000000,0,0,0,0,758359518627208
312,3771339339,1000,1546,1546,2.3715343,-0.00012,-1,-1,-1,0,0,0,136,1,1,0,0.0000000,0.0000000,0.0000000,0,0,0,0,758359519602791
313,3771340339,1000,1547,1547,2.3730683,0.06003,-1,-1,-1,0,0,0,136,1,1,0,0.0000000,0.0000000,0.0000000,0,0,0,0,758359520600333
314,3771341339,1000,1546,1546,2.3715343,-0.00247,-1,-1,-1,0,0,0,136,1,1,0,0.0000000,0.0000000,0.0000000,0,0,0,0,758359521655166
315,3771342339,1000,1546,1546,2.3715343,-0.00238,-1,-1,-1,0,0,0,136,1,1,0,0.0000000,0.0000000,0.0000000,0,0,0,0,758359522627583
316,3771343339,1000,1546,1546,2.3715343,-0.00228,-1,-1,-1,0,0,0,136,1,1,0,0.0000000,0.0000000,0.0000000,0,0,0,0,758359523596125
317,3771344339,1000,1546,1546,2.3715343,-0.00219,-1,-1,-1,0,0,0,136,1,1,0,0.0000000,0.0000000,0.0000000,0,0,0,0,758359524601375
318,3771345339,1000,1546,1546,2.3715343,-0.00211,-1,-1,-1,0,0,0,136,1,1,0,0.0000000,0.0000000,0.0000000,0,0,0,0,758359525614291
319,3771346339,1000,1546,1546,2.3715343,-0.00203,-1,-1,-1,0,0,0,136,1,1,0,0.0000000,0.0000000,0.0000000,0,0,0,0,758359526630791
320,3771347339,1000,1546,1546,2.3715343,-0.00195,-1,-1,-1,0,0,0,136,1,1,0,0.0000000,0.0000000,0.0000000,0,0,0,0,758359527587958
321,3771348339,1000,1546,1546,2.3715343,-0.00187,-1,-1,-1,0,0,0,136,1,1,0,0.0000000,0.0000000,0.0000000,0,0,0,0,758359528606750
322,3771349339,1000,1546,1546,2.3715343,-0.00180,-1,-1,-1,0,0,0,136,1,1,0,0.0000000,0.0000000,0.0000000,0,0,0,0,758359529658750
323,3771350339,1000,1546,1546,2.3715343,-0.00173,-1,-1,-1,0,0,0,136,1,1,0,0.0000000,0.0000000,0.0000000,0,0,0,0,758359530647125
324,3771351339,1000,1546,1546,2.3715343,-0.00166,-1,-1,-1,0,0,0,136,1,1,0,0.0000000,0.0000000,0.0000000,0,0,0,0,758359531601500
325,3771352339,1000,1546,1546,2.3715343,-0.00159,39,126,2093,0,0,0,136,1,1,0,0.0000000,0.0000000,0.0000000,0,0,0,0,758359532991041
326,3771353339,1000,1546,1546,2.3715343,-0.00153,-1,-1,-1,0,0,0,136,1,1,0,0.0000000,0.0000000,0.0000000,0,0,0,0,758359533620750
327,3771354339,1000,1546,1546,2.3715343,-0.00147,-1,-1,-1,0,0,0,136,1,1,0,0.0000000,0.0000000,0.0000000,0,0,0,0,758359534679583
328,3771355339,1000,1546,1546,2.3715343,-0.00141,-1,-1,-1,0,0,0,136,1,1,0,0.0000000,0.0000000,0.0000000,0,0,0,0,758359535849125
329,3771356339,1000,1546,1546,2.3715343,-0.00136,-1,-1,-1,0,0,0,136,1,1,0,0.0000000,0.0000000,0.0000000,0,0,0,0,758359536806041
330,3771357339,1000,1546,1546,2.3715343,-0.00130,-1,-1,-1,0,0,0,136,1,1,0,0.0000000,0.0000000,0.0000000,0,0,0,0,758359537809375
331,3771358339,1000,1546,1546,2.3715343,-0.00125,-1,-1,-1,0,0,0,136,1,1,0,0.0000000,0.0000000,0.0000000,0,0,0,0,758359538598250
332,3771359339,1000,1546,1546,2.3715343,-0.00120,-1,-1,-1,0,0,0,136,1,1,0,0.0000000,0.0000000,0.0000000,0,0,0,0,758359539577916
333,3771360339,1000,1546,1546,2.3715343,-0.00116,-1,-1,-1,0,0,0,135,1,1,0,0.0000000,0.0000000,0.0000000,0,0,0,0,758359540593958
334,3771361339,1000,1546,1546,2.3715343,-0.00111,-1,-1,-1,0,0,0,136,1,1,0,0.0000000,0.0000000,0.0000000,0,0,0,0,758359541588541
335,3771362339,1000,1546,1546,2.3715343,-0.00107,-1,-1,-1,0,0,0,136,1,1,0,0.0000000,0.0000000,0.0000000,0,0,0,0,758359542578250
336,3771363339,1000,1546,1546,2.3715343,-0.00103,-1,-1,-1,0,0,0,136,1,1,0,0.0000000,0.0000000,0.0000000,0,0,0,0,758359543583000
337,3771364339,1000,1546,1546,2.3715343,-0.00099,-1,-1,-1,0,0,0,136,1,1,0,0.0000000,0.0000000,0.0000000,0,0,0,0,758359544577333
338,3771365339,1000,1546,1546,2.3715343,-0.00095,-1,-1,-1,0,0,0,136,1,1,0,0.0000000,0.0000000,0.0000000,0,0,0,0,758359545618166
339,3771366339,1000,1546,1546,2.3715343,-0.00091,-1,-1,-1,0,0,0,136,1,1,0,0.0000000,0.0000000,0.0000000,0,0,0,0,758359546669208
340,3771367339,1000,1546,1546,2.3715343,-0.00087,-1,-1,-1,0,0,0,136,1,1,0,0.0000000,0.0000000,0.0000000,0,0,0,0,758359547656166
341,3771368339,1000,1546,1546,2.3715343,-0.00084,-1,-1,-1,0,0,0,136,1,1,0,0.0000000,0.0000000,0.0000000,0,0,0,0,758359548656000
342,3771369339,1000,1546,1546,2.3715343,-0.00081,-1,-1,-1,0,0,0,136,1,1,0,0.0000000,0.0000000,0.0000000,0,0,0,0,758359549607791
343,3771370339,1000,1546,1546,2.3715343,-0.00078,-1,-1,-1,0,0,0,136,1,1,0,0.0000000,0.0000000,0.0000000,0,0,0,0,758359550615291
344,3771371339,1000,1546,1546,2.3715343,-0.00075,-1,-1,-1,0,0,0,136,1,1,0,0.0000000,0.0000000,0.0000000,0,0,0,0,758359551623416
345,3771372339,1000,1546,1546,2.3715343,-0.00072,-1,-1,-1,0,0,0,136,1,1,0,0.0000000,0.0000000,0.0000000,0,0,0,0,758359552590000
346,3771373339,1000,1546,1546,2.3715343,-0.00069,-1,-1,-1,0,0,0,136,1,1,0,0.0000000,0.0000000,0.0000000,0,0,0,0,758359553581125
347,3771374339,1000,1546,1546,2.3715343,-0.00066,-1,-1,-1,0,0,0,136,1,1,0,0.0000000,0.0000000,0.0000000,0,0,0,0,758359554607333
348,3771375339,1000,1546,1546,2.3715343,-0.00063,-1,-1,-1,0,0,0,136,1,1,0,0.0000000,0.0000000,0.0000000,0,0,0,0,758359555581083
349,3771376339,1000,1547,1547,2.3730683,0.05954,-1,-1,-1,0,0,0,136,1,1,0,0.0000000,0.0000000,0.0000000,0,0,0,0,758359556585208
350,3771377339,1000,1546,1546,2.3715343,-0.00294,-1,-1,-1,0,0,0,136,1,1,0,0.0000000,0.0000000,0.0000000,0,0,0,0,758359557608166
351,3771378339,1000,1546,1546,2.3715343,-0.00283,-1,-1,-1,0,0,0,136,1,1,0,0.0000000,0.0000000,0.0000000,0,0,0,0,758359558580000
352,3771379339,1000,1546,1546,2.3715343,-0.00272,-1,-1,-1,0,0,0,136,1,1,0,0.0000000,0.0000000,0.0000000,0,0,0,0,758359559582583
353,3771380339,1000,1546,1546,2.3715343,-0.00261,-1,-1,-1,0,0,0,136,1,1,0,0.0000000,0.0000000,0.0000000,0,0,0,0,758359560577666
354,3771381339,1000,1546,1546,2.3715343,-0.00251,-1,-1,-1,0,0,0,136,1,1,0,0.0000000,0.0000000,0.0000000,0,0,0,0,758359561638333
355,3771382339,1000,1546,1546,2.3715343,-0.00241,-1,-1,-1,0,0,0,136,1,1,0,0.0000000,0.0000000,0.0000000,0,0,0,0,758359562622000
356,3771383339,1000,1546,1546,2.3715343,-0.00232,-1,-1,-1,0,0,0,136,1,1,0,0.0000000,0.0000000,0.0000000,0,0,0,0,758359563592666
357,3771384339,1000,1546,1546,2.3715343,-0.00223,-1,-1,-1,0,0,0,136,1,1,0,0.0000000,0.0000000,0.0000000,0,0,0,0,758359564612041
358,3771385339,1000,1546,1546,2.3715343,-0.00214,-1,-1,-1,0,0,0,136,1,1,0,0.0000000,0.0000000,0.0000000,0,0,0,0,758359565616958
359,3771386339,1000,1546,1546,2.3715343,-0.00205,-1,-1,-1,0,0,0,136,1,1,0,0.0000000,0.0000000,0.0000000,0,0,0,0,758359566698916
360,3771387339,1000,1546,1546,2.3715343,-0.00197,-1,-1,-1,0,0,0,136,1,1,0,0.0000000,0.0000000,0.0000000,0,0,0,0,758359567901500
361,3771388339,1000,1546,1546,2.3715343,-0.00190,-1,-1,-1,0,0,0,136,1,1,0,0.0000000,0.0000000,0.0000000,0,0,0,0,758359568799458
362,3771389339,1000,1546,1546,2.3715343,-0.00182,-1,-1,-1,0,0,0,136,1,1,0,0.0000000,0.0000000,0.0000000,0,0,0,0,758359569775000
363,3771390339,1000,1546,1546,2.3715343,-0.00175,-1,-1,-1,0,0,0,136,1,1,0,0.0000000,0.0000000,0.0000000,0,0,0,0,758359570631375
364,3771391339,1000,1546,1546,2.3715343,-0.00168,-1,-1,-1,0,0,0,136,1,1,0,0.0000000,0.0000000,0.0000000,0,0,0,0,758359571594291
365,3771392339,1000,1546,1546,2.3715343,-0.00162,-1,-1,-1,0,0,0,136,1,1,0,0.0000000,0.0000000,0.0000000,0,0,0,0,758359572591916
366,3771393339,1000,1546,1546,2.3715343,-0.00155,-1,-1,-1,0,0,0,136,1,1,0,0.0000000,0.0000000,0.0000000,0,0,0,0,758359573719708
367,3771394339,1000,1546,1546,2.3715343,-0.00149,-1,-1,-1,0,0,0,136,1,1,0,0.0000000,0.0000000,0.0000000,0,0,0,0,758359574715708
368,3771395339,1000,1546,1546,2.3715343,-0.00143,-1,-1,-1,0,0,0,136,1,1,0,0.0000000,0.0000000,0.0000000,0,0,0,0,758359575686250
369,3771396339,1000,1546,1546,2.3715343,-0.00138,-1,-1,-1,0,0,0,136,1,1,0,0.0000000,0.0000000,0.0000000,0,0,0,0,758359576589458
370,3771397339,1000,1546,1546,2.3715343,-0.00132,-1,-1,-1,0,0,0,136,1,1,0,0.0000000,0.0000000,0.0000000,0,0,0,0,758359577620250
371,3771398339,1000,1546,1546,2.3715343,-0.00127,-1,-1,-1,0,0,0,136,1,1,0,0.0000000,0.0000000,0.0000000,0,0,0,0,758359578632583
372,3771399339,1000,1546,1546,2.3715343,-0.00122,-1,-1,-1,0,0,0,136,1,1,0,0.0000000,0.0000000,0.0000000,0,0,0,0,758359579611416
373,3771400339,1000,1546,1546,2.3715343,-0.00117,-1,-1,-1,0,0,0,136,1,1,0,0.0000000,0.0000000,0.0000000,0,0,0,0,758359580589791
374,3771401339,1000,1546,1546,2.3715343,-0.00113,-1,-1,-1,0,0,0,136,1,1,0,0.0000000,0.0000000,0.0000000,0,0,0,0,758359581591833
375,3771402339,1000,1546,1546,2.3715343,-0.00108,39,126,2095,0,0,0,136,1,1,0,0.0000000,0.0000000,0.0000000,0,0,0,0,758359583038916
376,3771403339,1000,1546,1546,2.3715343,-0.00104,-1,-1,-1,0,0,0,136,1,1,0,0.0000000,0.0000000,0.0000000,0,0,0,0,758359583806625
377,3771404339,1000,1546,1546,2.3715343,-0.00100,-1,-1,-1,0,0,0,136,1,1,0,0.0000000,0.0000000,0.0000000,0,0,0,0,758359584611791
378,3771405339,1000,1546,1546,2.3715343,-0.00096,-1,-1,-1,0,0,0,136,1,1,0,0.0000000,0.0000000,0.0000000,0,0,0,0,758359585604208
379,3771406339,1000,1546,1546,2.3715343,-0.00092,-1,-1,-1,0,0,0,136,1,1,0,0.0000000,0.0000000,0.0000000,0,0,0,0,758359586595708
380,3771407339,1000,1546,1546,2.3715343,-0.00089,-1,-1,-1,0,0,0,136,1,1,0,0.0000000,0.0000000,0.0000000,0,0,0,0,758359587604875
381,3771408339,1000,1546,1546,2.3715343,-0.00085,-1,-1,-1,0,0,0,136,1,1,0,0.0000000,0.0000000,0.0000000,0,0,0,0,758359588830791
382,3771409339,1000,1546,1546,2.3715343,-0.00082,-1,-1,-1,0,0,0,136,1,1,0,0.0000000,0.0000000,0.0000000,0,0,0,0,758359589831708
383,3771410339,1000,1546,1546,2.3715343,-0.00079,-1,-1,-1,0,0,0,136,1,1,0,0.0000000,0.0000000,0.0000000,0,0,0,0,758359590815250
384,3771411339,1000,1546,1546,2.3715343,-0.00076,-1,-1,-1,0,0,0,136,1,1,0,0.0000000,0.0000000,0.0000000,0,0,0,0,758359592051750
385,3771412339,1000,1546,1546,2.3715343,-0.00073,-1,-1,-1,0,0,0,136,1,1,0,0.0000000,0.0000000,0.0000000,0,0,0,0,758359593005041
386,3771413339,1000,1546,1546,2.3715343,-0.00070,-1,-1,-1,0,0,0,136,1,1,0,0.0000000,0.0000000,0.0000000,0,0,0,0,758359593734125
387,3771414339,1000,1546,1546,2.3715343,-0.00067,-1,-1,-1,0,0,0,136,1,1,0,0.0000000,0.0000000,0.0000000,0,0,0,0,758359594670000
388,3771415339,1000,1546,1546,2.3715343,-0.00064,-1,-1,-1,0,0,0,136,1,1,0,0.0000000,0.0000000,0.0000000,0,0,0,0,758359595633958
389,3771416339,1000,1547,1547,2.3730683,0.05953,-1,-1,-1,0,0,0,136,1,1,0,0.0000000,0.0000000,0.0000000,0,0,0,0,758359596613333
390,3771417339,1000,1546,1546,2.3715343,-0.00295,-1,-1,-1,0,0,0,136,1,1,0,0.0000000,0.0000000,0.0000000,0,0,0,0,758359597611125
391,3771418339,1000,1546,1546,2.3715343,-0.00284,-1,-1,-1,0,0,0,136,1,1,0,0.0000000,0.0000000,0.0000000,0,0,0,0,758359598651666
392,3771419339,1000,1547,1547,2.3730683,0.05742,-1,-1,-1,0,0,0,136,1,1,0,0.0000000,0.0000000,0.0000000,0,0,0,0,758359599643083
393,3771420339,1000,1546,1546,2.3715343,-0.00498,-1,-1,-1,0,0,0,136,1,1,0,0.0000000,0.0000000,0.0000000,0,0,0,0,758359600612916
394,3771421339,1000,1546,1546,2.3715343,-0.00478,-1,-1,-1,0,0,0,136,1,1,0,0.0000000,0.0000000,0.0000000,0,0,0,0,758359601624791
395,3771422339,1000,1546,1546,2.3715343,-0.00459,-1,-1,-1,0,0,0,136,1,1,0,0.0000000,0.0000000,0.0000000,0,0,0,0,758359602604333
396,3771423339,1000,1546,1546,2.3715343,-0.00441,-1,-1,-1,0,0,0,136,1,1,0,0.0000000,0.0000000,0.0000000,0,0,0,0,758359603598333
397,3771424339,1000,1546,1546,2.3715343,-0.00424,-1,-1,-1,0,0,0,136,1,1,0,0.0000000,0.0000000,0.0000000,0,0,0,0,758359604615500
398,3771425339,1000,1546,1546,2.3715343,-0.00408,-1,-1,-1,0,0,0,136,1,1,0,0.0000000,0.0000000,0.0000000,0,0,0,0,758359605678041
399,3771426339,1000,1546,1546,2.3715343,-0.00392,-1,-1,-1,0,0,0,136,1,1,0,0.0000000,0.0000000,0.0000000,0,0,0,0,758359606595833
400,3771427339,1000,1546,1546,2.3715343,-0.00376,-1,-1,-1,0,0,0,136,1,1,0,0.0000000,0.0000000,0.0000000,0,0,0,0,758359607621208
401,3771428339,1000,1546,1546,2.3715343,-0.00361,-1,-1,-1,0,0,0,136,1,1,0,0.0000000,0.0000000,0.0000000,0,0,0,0,758359608623875
402,3771429339,1000,1546,1546,2.3715343,-0.00347,-1,-1,-1,0,0,0,136,1,1,0,0.0000000,0.0000000,0.0000000,0,0,0,0,758359609710750
403,3771430339,1000,1546,1546,2.3715343,-0.00334,-1,-1,-1,0,0,0,136,1,1,0,0.0000000,0.0000000,0.0000000,0,0,0,0,758359610633416
404,3771431339,1000,1546,1546,2.3715343,-0.00321,-1,-1,-1,0,0,0,136,1,1,0,0.0000000,0.0000000,0.0000000,0,0,0,0,758359611604666
405,3771432339,1000,1547,1547,2.3730683,0.05707,-1,-1,-1,0,0,0,136,1,1,0,0.0000000,0.0000000,0.0000000,0,0,0,0,758359612608458
406,3771433339,1000,1546,1546,2.3715343,-0.00532,-1,-1,-1,0,0,0,136,1,1,0,0.0000000,0.0000000,0.0000000,0,0,0,0,758359613702375
407,3771434339,1000,1546,1546,2.3715343,-0.00511,-1,-1,-1,0,0,0,136,1,1,0,0.0000000,0.0000000,0.0000000,0,0,0,0,758359614688416
408,3771435339,1000,1546,1546,2.3715343,-0.00491,-1,-1,-1,0,0,0,136,1,1,0,0.0000000,0.0000000,0.0000000,0,0,0,0,758359615661583
409,3771436339,1000,1546,1546,2.3715343,-0.00472,-1,-1,-1,0,0,0,136,1,1,0,0.0000000,0.0000000,0.0000000,0,0,0,0,758359616632958
410,3771437339,1000,1546,1546,2.3715343,-0.00453,-1,-1,-1,0,0,0,135,1,1,0,0.0000000,0.0000000,0.0000000,0,0,0,0,758359617611833
411,3771438339,1000,1546,1546,2.3715343,-0.00435,-1,-1,-1,0,0,0,136,1,1,0,0.0000000,0.0000000,0.0000000,0,0,0,0,758359618604500
412,3771439339,1000,1546,1546,2.3715343,-0.00418,-1,-1,-1,0,0,0,136,1,1,0,0.0000000,0.0000000,0.0000000,0,0,0,0,758359619599750
413,3771440339,1000,1546,1546,2.3715343,-0.00402,-1,-1,-1,0,0,0,136,1,1,0,0.0000000,0.0000000,0.0000000,0,0,0,0,758359620600208
414,3771441339,1000,1546,1546,2.3715343,-0.00386,-1,-1,-1,0,0,0,136,1,1,0,0.0000000,0.0000000,0.0000000,0,0,0,0,758359621603833
415,3771442339,1000,1546,1546,2.3715343,-0.00371,-1,-1,-1,0,0,0,136,1,1,0,0.0000000,0.0000000,0.0000000,0,0,0,0,758359622591875
416,3771443339,1000,1546,1546,2.3715343,-0.00356,-1,-1,-1,0,0,0,136,1,1,0,0.0000000,0.0000000,0.0000000,0,0,0,0,758359623606041
417,3771444339,1000,1546,1546,2.3715343,-0.00342,-1,-1,-1,0,0,0,136,1,1,0,0.0000000,0.0000000,0.0000000,0,0,0,0,758359624883500
418,3771445339,1000,1546,1546,2.3715343,-0.00329,-1,-1,-1,0,0,0,136,1,1,0,0.0000000,0.0000000,0.0000000,0,0,0,0,758359625888958
419,3771446339,1000,1546,1546,2.3715343,-0.00316,-1,-1,-1,0,0,0,136,1,1,0,0.0000000,0.0000000,0.0000000,0,0,0,0,758359626835583
420,3771447339,1000,1546,1546,2.3715343,-0.00304,-1,-1,-1,0,0,0,136,1,1,0,0.0000000,0.0000000,0.0000000,0,0,0,0,758359627618500
421,3771448339,1000,1546,1546,2.3715343,-0.00292,-1,-1,-1,0,0,0,136,1,1,0,0.0000000,0.0000000,0.0000000,0,0,0,0,758359628595125
422,3771449339,1000,1546,1546,2.3715343,-0.00280,-1,-1,-1,0,0,0,136,1,1,0,0.0000000,0.0000000,0.0000000,0,0,0,0,758359629591458
423,3771450339,1000,1546,1546,2.3715343,-0.00269,-1,-1,-1,0,0,0,136,1,1,0,0.0000000,0.0000000,0.0000000,0,0,0,0,758359630627166
424,3771451339,1000,1546,1546,2.3715343,-0.00259,-1,-1,-1,0,0,0,136,1,1,0,0.0000000,0.0000000,0.0000000,0,0,0,0,758359631731708
425,3771452339,1000,1546,1546,2.3715343,-0.00249,39,126,2093,0,0,0,136,1,1,0,0.0000000,0.0000000,0.0000000,0,0,0,0,758359633011125
426,3771453339,1000,1546,1546,2.3715343,-0.00239,-1,-1,-1,0,0,0,136,1,1,0,0.0000000,0.0000000,0.0000000,0,0,0,0,758359633642458
427,3771454339,1000,1546,1546,2.3715343,-0.00230,-1,-1,-1,0,0,0,136,1,1,0,0.0000000,0.0000000,0.0000000,0,0,0,0,758359634633791
428,3771455339,1000,1546,1546,2.3715343,-0.00221,-1,-1,-1,0,0,0,136,1,1,0,0.0000000,0.0000000,0.0000000,0,0,0,0,758359635622500
429,3771456339,1000,1546,1546,2.3715343,-0.00212,-1,-1,-1,0,0,0,136,1,1,0,0.0000000,0.0000000,0.0000000,0,0,0,0,758359636627541
430,3771457339,1000,1546,1546,2.3715343,-0.00204,-1,-1,-1,0,0,0,136,1,1,0,0.0000000,0.0000000,0.0000000,0,0,0,0,758359637647666
431,3771458339,1000,1546,1546,2.3715343,-0.00196,-1,-1,-1,0,0,0,136,1,1,0,0.0000000,0.0000000,0.0000000,0,0,0,0,758359638671750
432,3771459339,1000,1546,1546,2.3715343,-0.00188,-1,-1,-1,0,0,0,136,1,1,0,0.0000000,0.0000000,0.0000000,0,0,0,0,758359639705166
433,3771460339,1000,1546,1546,2.3715343,-0.00181,-1,-1,-1,0,0,0,136,1,1,0,0.0000000,0.0000000,0.0000000,0,0,0,0,758359640652041
434,3771461339,1000,1546,1546,2.3715343,-0.00174,-1,-1,-1,0,0,0,136,1,1,0,0.0000000,0.0000000,0.0000000,0,0,0,0,758359641659583
435,3771462339,1000,1546,1546,2.3715343,-0.00167,-1,-1,-1,0,0,0,136,1,1,0,0.0000000,0.0000000,0.0000000,0,0,0,0,758359642617125
436,3771463339,1000,1546,1546,2.3715343,-0.00160,-1,-1,-1,0,0,0,136,1,1,0,0.0000000,0.0000000,0.0000000,0,0,0,0,758359643805291
437,3771464339,1000,1546,1546,2.3715343,-0.00154,-1,-1,-1,0,0,0,136,1,1,0,0.0000000,0.0000000,0.0000000,0,0,0,0,758359644781750
438,3771465339,1000,1546,1546,2.3715343,-0.00148,-1,-1,-1,0,0,0,136,1,1,0,0.0000000,0.0000000,0.0000000,0,0,0,0,758359645646875
439,3771466339,1000,1546,1546,2.3715343,-0.00142,-1,-1,-1,0,0,0,136,1,1,0,0.0000000,0.0000000,0.0000000,0,0,0,0,758359646701958
440,3771467339,1000,1546,1546,2.3715343,-0.00136,-1,-1,-1,0,0,0,136,1,1,0,0.0000000,0.0000000,0.0000000,0,0,0,0,758359647613708
441,3771468339,1000,1546,1546,2.3715343,-0.00131,-1,-1,-1,0,0,0,136,1,1,0,0.0000000,0.0000000,0.0000000,0,0,0,0,758359648666041
442,3771469339,1000,1546,1546,2.3715343,-0.00126,-1,-1,-1,0,0,0,136,1,1,0,0.0000000,0.0000000,0.0000000,0,0,0,0,758359649674125
443,3771470339,1000,1546,1546,2.3715343,-0.00121,-1,-1,-1,0,0,0,136,1,1,0,0.0000000,0.0000000,0.0000000,0,0,0,0,758359650656500
444,3771471339,1000,1546,1546,2.3715343,-0.00116,-1,-1,-1,0,0,0,136,1,1,0,0.0000000,0.0000000,0.0000000,0,0,0,0,758359651616000
445,3771472339,1000,1546,1546,2.3715343,-0.00112,-1,-1,-1,0,0,0,135,1,1,0,0.0000000,0.0000000,0.0000000,0,0,0,0,758359652648291
446,3771473339,1000,1546,1546,2.3715343,-0.00107,-1,-1,-1,0,0,0,136,1,1,0,0.0000000,0.0000000,0.0000000,0,0,0,0,758359653674583
447,3771474339,1000,1546,1546,2.3715343,-0.00103,-1,-1,-1,0,0,0,136,1,1,0,0.0000000,0.0000000,0.0000000,0,0,0,0,758359654632541
448,3771475339,1000,1546,1546,2.3715343,-0.00099,-1,-1,-1,0,0,0,136,1,1,0,0.0000000,0.0000000,0.0000000,0,0,0,0,758359655666458
449,3771476339,1000,1546,1546,2.3715343,-0.00095,-1,-1,-1,0,0,0,136,1,1,0,0.0000000,0.0000000,0.0000000,0,0,0,0,758359656670000
450,3771477339,1000,1546,1546,2.3715343,-0.00091,-1,-1,-1,0,0,0,136,1,1,0,0.0000000,0.0000000,0.0000000,0,0,0,0,758359657677291
451,3771478339,1000,1546,1546,2.3715343,-0.00088,-1,-1,-1,0,0,0,136,1,1,0,0.0000000,0.0000000,0.0000000,0,0,0,0,758359658635583
452,3771479339,1000,1546,1546,2.3715343,-0.00084,-1,-1,-1,0,0,0,136,1,1,0,0.0000000,0.0000000,0.0000000,0,0,0,0,758359659635041
453,3771480339,1000,1546,1546,2.3715343,-0.00081,-1,-1,-1,0,0,0,136,1,1,0,0.0000000,0.0000000,0.0000000,0,0,0,0,758359660627000
454,3771481339,1000,1546,1546,2.3715343,-0.00078,-1,-1,-1,0,0,0,136,1,1,0,0.0000000,0.0000000,0.0000000,0,0,0,0,758359661608166
455,3771482339,1000,1546,1546,2.3715343,-0.00075,-1,-1,-1,0,0,0,136,1,1,0,0.0000000,0.0000000,0.0000000,0,0,0,0,758359662630041
456,3771483339,1000,1546,1546,2.3715343,-0.00072,-1,-1,-1,0,0,0,136,1,1,0,0.0000000,0.0000000,0.0000000,0,0,0,0,758359663619625
457,3771484339,1000,1546,1546,2.3715343,-0.00069,-1,-1,-1,0,0,0,136,1,1,0,0.0000000,0.0000000,0.0000000,0,0,0,0,758359664840916
458,3771485339,1000,1546,1546,2.3715343,-0.00066,-1,-1,-1,0,0,0,136,1,1,0,0.0000000,0.0000000,0.0000000,0,0,0,0,758359665811958
459,3771486339,1000,1546,1546,2.3715343,-0.00064,-1,-1,-1,0,0,0,136,1,1,0,0.0000000,0.0000000,0.0000000,0,0,0,0,758359666740291
460,3771487339,1000,1546,1546,2.3715343,-0.00061,-1,-1,-1,0,0,0,136,1,1,0,0.0000000,0.0000000,0.0000000,0,0,0,0,758359667840708
461,3771488339,1000,1546,1546,2.3715343,-0.00059,-1,-1,-1,0,0,0,136,1,1,0,0.0000000,0.0000000,0.0000000,0,0,0,0,758359668702333
462,3771489339,1000,1546,1546,2.3715343,-0.00057,-1,-1,-1,0,0,0,136,1,1,0,0.0000000,0.0000000,0.0000000,0,0,0,0,758359669699625
463,3771490339,1000,1546,1546,2.3715343,-0.00054,-1,-1,-1,0,0,0,136,1,1,0,0.0000000,0.0000000,0.0000000,0,0,0,0,758359670669250
464,3771491339,1000,1546,1546,2.3715343,-0.00052,-1,-1,-1,0,0,0,136,1,1,0,0.0000000,0.0000000,0.0000000,0,0,0,0,758359671772500
465,3771492339,1000,1546,1546,2.3715343,-0.00050,-1,-1,-1,0,0,0,136,1,1,0,0.0000000,0.0000000,0.0000000,0,0,0,0,758359672743250
466,3771493339,1000,1546,1546,2.3715343,-0.00048,-1,-1,-1,0,0,0,136,1,1,0,0.0000000,0.0000000,0.0000000,0,0,0,0,758359673682041
467,3771494339,1000,1546,1546,2.3715343,-0.00046,-1,-1,-1,0,0,0,136,1,1,0,0.0000000,0.0000000,0.0000000,0,0,0,0,758359674712375
468,3771495339,1000,1546,1546,2.3715343,-0.00045,-1,-1,-1,0,0,0,136,1,1,0,0.0000000,0.0000000,0.0000000,0,0,0,0,758359675644125
469,3771496339,1000,1546,1546,2.3715343,-0.00043,-1,-1,-1,0,0,0,136,1,1,0,0.0000000,0.0000000,0.0000000,0,0,0,0,758359676649416
470,3771497339,1000,1546,1546,2.3715343,-0.00041,-1,-1,-1,0,0,0,136,1,1,0,0.0000000,0.0000000,0.0000000,0,0,0,0,758359677642791
471,3771498339,1000,1546,1546,2.3715343,-0.00039,-1,-1,-1,0,0,0,136,1,1,0,0.0000000,0.0000000,0.0000000,0,0,0,0,758359678747708
472,3771499339,1000,1546,1546,2.3715343,-0.00038,-1,-1,-1,0,0,0,136,1,1,0,0.0000000,0.0000000,0.0000000,0,0,0,0,758359679798000
473,3771500339,1000,1546,1546,2.3715343,-0.00036,-1,-1,-1,0,0,0,136,1,1,0,0.0000000,0.0000000,0.0000000,0,0,0,0,758359680655708
474,3771501339,1000,1546,1546,2.3715343,-0.00035,-1,-1,-1,0,0,0,136,1,1,0,0.0000000,0.0000000,0.0000000,0,0,0,0,758359681655625
475,3771502339,1000,1546,1546,2.3715343,-0.00034,39,126,2095,0,0,0,136,1,1,0,0.0000000,0.0000000,0.0000000,0,0,0,0,758359683813083
476,3771503339,1000,1546,1546,2.3715343,-0.00032,-1,-1,-1,0,0,0,136,1,1,0,0.0000000,0.0000000,0.0000000,0,0,0,0,758359684501416
477,3771504339,1000,1546,1546,2.3715343,-0.00031,-1,-1,-1,0,0,0,136,1,1,0,0.0000000,0.0000000,0.0000000,0,0,0,0,758359685147708
478,3771505339,1000,1546,1546,2.3715343,-0.00030,-1,-1,-1,0,0,0,136,1,1,0,0.0000000,0.0000000,0.0000000,0,0,0,0,758359685762666
479,3771506339,1000,1546,1546,2.3715343,-0.00029,-1,-1,-1,0,0,0,136,1,1,0,0.0000000,0.0000000,0.0000000,0,0,0,0,758359686676416
480,3771507339,1000,1546,1546,2.3715343,-0.00028,-1,-1,-1,0,0,0,136,1,1,0,0.0000000,0.0000000,0.0000000,0,0,0,0,758359687622958
481,3771508339,1000,1546,1546,2.3715343,-0.00026,-1,-1,-1,0,0,0,136,1,1,0,0.0000000,0.0000000,0.0000000,0,0,0,0,758359688645791
482,3771509339,1000,1546,1546,2.3715343,-0.00025,-1,-1,-1,0,0,0,136,1,1,0,0.0000000,0.0000000,0.0000000,0,0,0,0,758359689627625
483,3771510339,1000,1546,1546,2.3715343,-0.00024,-1,-1,-1,0,0,0,136,1,1,0,0.0000000,0.0000000,0.0000000,0,0,0,0,758359690631458
484,3771511339,1000,1546,1546,2.3715343,-0.00023,-1,-1,-1,0,0,0,136,1,1,0,0.0000000,0.0000000,0.0000000,0,0,0,0,758359691594625
485,3771512339,1000,1546,1546,2.3715343,-0.00023,-1,-1,-1,0,0,0,136,1,1,0,0.0000000,0.0000000,0.0000000,0,0,0,0,758359692892958
486,3771513339,1000,1546,1546,2.3715343,-0.00022,-1,-1,-1,0,0,0,136,1,1,0,0.0000000,0.0000000,0.0000000,0,0,0,0,758359693886375
487,3771514339,1000,1546,1546,2.3715343,-0.00021,-1,-1,-1,0,0,0,136,1,1,0,0.0000000,0.0000000,0.0000000,0,0,0,0,758359694681333
488,3771515339,1000,1546,1546,2.3715343,-0.00020,-1,-1,-1,0,0,0,136,1,1,0,0.0000000,0.0000000,0.0000000,0,0,0,0,758359695630875
489,3771516339,1000,1546,1546,2.3715343,-0.00019,-1,-1,-1,0,0,0,136,1,1,0,0.0000000,0.0000000,0.0000000,0,0,0,0,758359696555125
490,3771517339,1000,1546,1546,2.3715343,-0.00018,-1,-1,-1,0,0,0,136,1,1,0,0.0000000,0.0000000,0.0000000,0,0,0,0,758359697658041
491,3771518339,1000,1546,1546,2.3715343,-0.00018,-1,-1,-1,0,0,0,136,1,1,0,0.0000000,0.0000000,0.0000000,0,0,0,0,758359698646083
492,3771519339,1000,1546,1546,2.3715343,-0.00017,-1,-1,-1,0,0,0,136,1,1,0,0.0000000,0.0000000,0.0000000,0,0,0,0,758359699589166
493,3771520339,1000,1546,1546,2.3715343,-0.00016,-1,-1,-1,0,0,0,136,1,1,0,0.0000000,0.0000000,0.0000000,0,0,0,0,758359700607666
494,3771521339,1000,1546,1546,2.3715343,-0.00016,-1,-1,-1,0,0,0,136,1,1,0,0.0000000,0.0000000,0.0000000,0,0,0,0,758359701568166
495,3771522339,1000,1546,1546,2.3715343,-0.00015,-1,-1,-1,0,0,0,136,1,1,0,0.0000000,0.0000000,0.0000000,0,0,0,0,758359702571125
496,3771523339,1000,1546,1546,2.3715343,-0.00015,-1,-1,-1,0,0,0,136,1,1,0,0.0000000,0.0000000,0.0000000,0,0,0,0,758359703585416
497,3771524339,1000,1546,1546,2.3715343,-0.00014,-1,-1,-1,0,0,0,136,1,1,0,0.0000000,0.0000000,0.0000000,0,0,0,0,758359704591916
498,3771525339,1000,1546,1546,2.3715343,-0.00013,-1,-1,-1,0,0,0,136,1,1,0,0.0000000,0.0000000,0.0000000,0,0,0,0,758359705622250
499,3771526339,1000,1546,1546,2.3715343,-0.00013,-1,-1,-1,0,0,0,136,1,1,0,0.0000000,0.0000000,0.0000000,0,0,0,0,758359706582375
500,3771527339,1000,1546,1546,2.3715343,-0.00012,-1,-1,-1,0,0,0,136,1,1,0,0.0000000,0.0000000,0.0000000,0,0,0,0,758359707539041
501,3771528339,1000,1546,1546,2.3715343,-0.00012,-1,-1,-1,0,0,0,136,1,1,0,0.0000000,0.0000000,0.0000000,0,0,0,0,758359708599791
502,3771529339,1000,1546,1546,2.3715343,-0.00011,-1,-1,-1,0,0,0,136,1,1,0,0.0000000,0.0000000,0.0000000,0,0,0,0,758359709554708
503,3771530339,1000,1546,1546,2.3715343,-0.00011,-1,-1,-1,0,0,0,136,1,1,0,0.0000000,0.0000000,0.0000000,0,0,0,0,758359710592583
504,3771531339,1000,1546,1546,2.3715343,-0.00011,-1,-1,-1,0,0,0,136,1,1,0,0.0000000,0.0000000,0.0000000,0,0,0,0,758359711656791
505,3771532339,1000,1546,1546,2.3715343,-0.00010,-1,-1,-1,0,0,0,136,1,1,0,0.0000000,0.0000000,0.0000000,0,0,0,0,758359712627375
506,3771533339,1000,1546,1546,2.3715343,-0.00010,-1,-1,-1,0,0,0,136,1,1,0,0.0000000,0.0000000,0.0000000,0,0,0,0,758359713635041
507,3771534339,1000,1546,1546,2.3715343,-0.00009,-1,-1,-1,0,0,0,136,1,1,0,0.0000000,0.0000000,0.0000000,0,0,0,0,758359714666250
508,3771535339,1000,1546,1546,2.3715343,-0.00009,-1,-1,-1,0,0,0,136,1,1,0,0.0000000,0.0000000,0.0000000,0,0,0,0,758359715715666
509,3771536339,1000,1546,1546,2.3715343,-0.00009,-1,-1,-1,0,0,0,136,1,1,0,0.0000000,0.0000000,0.0000000,0,0,0,0,758359716722541
510,3771537339,1000,1546,1546,2.3715343,-0.00008,-1,-1,-1,0,0,0,136,1,1,0,0.0000000,0.0000000,0.0000000,0,0,0,0,758359717704416
511,3771538339,1000,1546,1546,2.3715343,-0.00008,-1,-1,-1,0,0,0,136,1,1,0,0.0000000,0.0000000,0.0000000,0,0,0,0,758359718672750
512,3771539339,1000,1547,1547,2.3730683,0.06007,-1,-1,-1,0,0,0,136,1,1,0,0.0000000,0.0000000,0.0000000,0,0,0,0,758359719654625
513,3771540339,1000,1546,1546,2.3715343,-0.00243,-1,-1,-1,0,0,0,136,1,1,0,0.0000000,0.0000000,0.0000000,0,0,0,0,758359720687791
514,3771541339,1000,1546,1546,2.3715343,-0.00234,-1,-1,-1,0,0,0,136,1,1,0,0.0000000,0.0000000,0.0000000,0,0,0,0,758359721761291
515,3771542339,1000,1546,1546,2.3715343,-0.00225,-1,-1,-1,0,0,0,136,1,1,0,0.0000000,0.0000000,0.0000000,0,0,0,0,758359722718375
516,3771543339,1000,1546,1546,2.3715343,-0.00216,-1,-1,-1,0,0,0,136,1,1,0,0.0000000,0.0000000,0.0000000,0,0,0,0,758359723680541
517,3771544339,1000,1546,1546,2.3715343,-0.00207,-1,-1,-1,0,0,0,136,1,1,0,0.0000000,0.0000000,0.0000000,0,0,0,0,758359724683958
518,3771545339,1000,1546,1546,2.3715343,-0.00199,-1,-1,-1,0,0,0,136,1,1,0,0.0000000,0.0000000,0.0000000,0,0,0,0,758359725702291
519,3771546339,1000,1547,1547,2.3730683,0.05824,-1,-1,-1,0,0,0,136,1,1,0,0.0000000,0.0000000,0.0000000,0,0,0,0,758359726642958
520,3771547339,1000,1546,1546,2.3715343,-0.00420,-1,-1,-1,0,0,0,136,1,1,0,0.0000000,0.0000000,0.0000000,0,0,0,0,758359727650458
521,3771548339,1000,1546,1546,2.3715343,-0.00403,-1,-1,-1,0,0,0,136,1,1,0,0.0000000,0.0000000,0.0000000,0,0,0,0,758359728633416
522,3771549339,1000,1546,1546,2.3715343,-0.00387,-1,-1,-1,0,0,0,136,1,1,0,0.0000000,0.0000000,0.0000000,0,0,0,0,758359729635458
523,3771550339,1000,1546,1546,2.3715343,-0.00372,-1,-1,-1,0,0,0,136,1,1,0,0.0000000,0.0000000,0.0000000,0,0,0,0,758359730735916
524,3771551339,1000,1546,1546,2.3715343,-0.00358,-1,-1,-1,0,0,0,136,1,1,0,0.0000000,0.0000000,0.0000000,0,0,0,0,758359731659958
525,3771552339,1000,1546,1546,2.3715343,-0.00344,39,126,2095,0,0,0,136,1,1,0,0.0000000,0.0000000,0.0000000,0,0,0,0,758359733126625
526,3771553339,1000,1546,1546,2.3715343,-0.00330,-1,-1,-1,0,0,0,136,1,1,0,0.0000000,0.0000000,0.0000000,0,0,0,0,758359733756083
527,3771554339,1000,1546,1546,2.3715343,-0.00317,-1,-1,-1,0,0,0,136,1,1,0,0.0000000,0.0000000,0.0000000,0,0,0,0,758359734653166
528,3771555339,1000,1546,1546,2.3715343,-0.00305,-1,-1,-1,0,0,0,136,1,1,0,0.0000000,0.0000000,0.0000000,0,0,0,0,758359735639708
529,3771556339,1000,1546,1546,2.3715343,-0.00293,-1,-1,-1,0,0,0,136,1,1,0,0.0000000,0.0000000,0.0000000,0,0,0,0,758359736594250
530,3771557339,1000,1546,1546,2.3715343,-0.00281,-1,-1,-1,0,0,0,136,1,1,0,0.0000000,0.0000000,0.0000000,0,0,0,0,758359737688125
531,3771558339,1000,1546,1546,2.3715343,-0.00270,-1,-1,-1,0,0,0,136,1,1,0,0.0000000,0.0000000,0.0000000,0,0,0,0,758359738660000
532,3771559339,1000,1546,1546,2.3715343,-0.00260,-1,-1,-1,0,0,0,136,1,1,0,0.0000000,0.0000000,0.0000000,0,0,0,0,758359739618416
533,3771560339,1000,1546,1546,2.3715343,-0.00249,-1,-1,-1,0,0,0,136,1,1,0,0.0000000,0.0000000,0.0000000,0,0,0,0,758359740603833
534,3771561339,1000,1546,1546,2.3715343,-0.00240,-1,-1,-1,0,0,0,136,1,1,0,0.0000000,0.0000000,0.0000000,0,0,0,0,758359741614083
535,3771562339,1000,1547,1547,2.3730683,0.05785,-1,-1,-1,0,0,0,136,1,1,0,0.0000000,0.0000000,0.0000000,0,0,0,0,758359742687916
536,3771563339,1000,1546,1546,2.3715343,-0.00457,-1,-1,-1,0,0,0,136,1,1,0,0.0000000,0.0000000,0.0000000,0,0,0,0,758359743639416
537,3771564339,1000,1546,1546,2.3715343,-0.00439,-1,-1,-1,0,0,0,136,1,1,0,0.0000000,0.0000000,0.0000000,0,0,0,0,758359744602791
538,3771565339,1000,1546,1546,2.3715343,-0.00422,-1,-1,-1,0,0,0,136,1,1,0,0.0000000,0.0000000,0.0000000,0,0,0,0,758359745633375
539,3771566339,1000,1547,1547,2.3730683,0.05609,-1,-1,-1,0,0,0,136,1,1,0,0.0000000,0.0000000,0.0000000,0,0,0,0,758359746665833
540,3771567339,1000,1546,1546,2.3715343,-0.00625,-1,-1,-1,0,0,0,136,1,1,0,0.0000000,0.0000000,0.0000000,0,0,0,0,758359747615791
541,3771568339,1000,1546,1546,2.3715343,-0.00601,-1,-1,-1,0,0,0,136,1,1,0,0.0000000,0.0000000,0.0000000,0,0,0,0,758359748763875
542,3771569339,1000,1546,1546,2.3715343,-0.00577,-1,-1,-1,0,0,0,136,1,1,0,0.0000000,0.0000000,0.0000000,0,0,0,0,758359749744833
543,3771570339,1000,1546,1546,2.3715343,-0.00555,-1,-1,-1,0,0,0,136,1,1,0,0.0000000,0.0000000,0.0000000,0,0,0,0,758359750746541
544,3771571339,1000,1546,1546,2.3715343,-0.00533,-1,-1,-1,0,0,0,136,1,1,0,0.0000000,0.0000000,0.0000000,0,0,0,0,758359751684833
545,3771572339,1000,1546,1546,2.3715343,-0.00512,-1,-1,-1,0,0,0,136,1,1,0,0.0000000,0.0000000,0.0000000,0,0,0,0,758359752651625
546,3771573339,1000,1546,1546,2.3715343,-0.00492,-1,-1,-1,0,0,0,136,1,1,0,0.0000000,0.0000000,0.0000000,0,0,0,0,758359753670083
547,3771574339,1000,1546,1546,2.3715343,-0.00473,-1,-1,-1,0,0,0,136,1,1,0,0.0000000,0.0000000,0.0000000,0,0,0,0,758359754626750
548,3771575339,1000,1546,1546,2.3715343,-0.00454,-1,-1,-1,0,0,0,136,1,1,0,0.0000000,0.0000000,0.0000000,0,0,0,0,758359755615333
549,3771576339,1000,1546,1546,2.3715343,-0.00436,-1,-1,-1,0,0,0,136,1,1,0,0.0000000,0.0000000,0.0000000,0,0,0,0,758359756602916
550,3771577339,1000,1546,1546,2.3715343,-0.00419,-1,-1,-1,0,0,0,136,1,1,0,0.0000000,0.0000000,0.0000000,0,0,0,0,758359757606083
551,3771578339,1000,1546,1546,2.3715343,-0.00403,-1,-1,-1,0,0,0,136,1,1,0,0.0000000,0.0000000,0.0000000,0,0,0,0,758359758661500
552,3771579339,1000,1546,1546,2.3715343,-0.00387,-1,-1,-1,0,0,0,136,1,1,0,0.0000000,0.0000000,0.0000000,0,0,0,0,758359759678083
553,3771580339,1000,1546,1546,2.3715343,-0.00372,-1,-1,-1,0,0,0,136,1,1,0,0.0000000,0.0000000,0.0000000,0,0,0,0,758359760620750
554,3771581339,1000,1546,1546,2.3715343,-0.00357,-1,-1,-1,0,0,0,136,1,1,0,0.0000000,0.0000000,0.0000000,0,0,0,0,758359761717583
555,3771582339,1000,1546,1546,2.3715343,-0.00343,-1,-1,-1,0,0,0,136,1,1,0,0.0000000,0.0000000,0.0000000,0,0,0,0,758359762604791
556,3771583339,1000,1546,1546,2.3715343,-0.00330,-1,-1,-1,0,0,0,136,1,1,0,0.0000000,0.0000000,0.0000000,0,0,0,0,758359763619458
557,3771584339,1000,1546,1546,2.3715343,-0.00317,-1,-1,-1,0,0,0,136,1,1,0,0.0000000,0.0000000,0.0000000,0,0,0,0,758359764662583
558,3771585339,1000,1547,1547,2.3730683,0.05710,-1,-1,-1,0,0,0,136,1,1,0,0.0000000,0.0000000,0.0000000,0,0,0,0,758359765642250
559,3771586339,1000,1546,1546,2.3715343,-0.00528,-1,-1,-1,0,0,0,136,1,1,0,0.0000000,0.0000000,0.0000000,0,0,0,0,758359766658291
560,3771587339,1000,1546,1546,2.3715343,-0.00508,-1,-1,-1,0,0,0,136,1,1,0,0.0000000,0.0000000,0.0000000,0,0,0,0,758359767667500
561,3771588339,1000,1546,1546,2.3715343,-0.00488,-1,-1,-1,0,0,0,136,1,1,0,0.0000000,0.0000000,0.0000000,0,0,0,0,758359768612416
562,3771589339,1000,1546,1546,2.3715343,-0.00469,-1,-1,-1,0,0,0,136,1,1,0,0.0000000,0.0000000,0.0000000,0,0,0,0,758359769616416
563,3771590339,1000,1547,1547,2.3730683,0.05565,-1,-1,-1,0,0,0,136,1,1,0,0.0000000,0.0000000,0.0000000,0,0,0,0,758359770729500
564,3771591339,1000,1546,1546,2.3715343,-0.00668,-1,-1,-1,0,0,0,136,1,1,0,0.0000000,0.0000000,0.0000000,0,0,0,0,758359771747916
565,3771592339,1000,1546,1546,2.3715343,-0.00642,-1,-1,-1,0,0,0,136,1,1,0,0.0000000,0.0000000,0.0000000,0,0,0,0,758359772686916
566,3771593339,1000,1546,1546,2.3715343,-0.00617,-1,-1,-1,0,0,0,136,1,1,0,0.0000000,0.0000000,0.0000000,0,0,0,0,758359773779083
567,3771594339,1000,1546,1546,2.3715343,-0.00593,-1,-1,-1,0,0,0,136,1,1,0,0.0000000,0.0000000,0.0000000,0,0,0,0,758359774741958
568,3771595339,1000,1546,1546,2.3715343,-0.00570,-1,-1,-1,0,0,0,136,1,1,0,0.0000000,0.0000000,0.0000000,0,0,0,0,758359775672958
569,3771596339,1000,1546,1546,2.3715343,-0.00547,-1,-1,-1,0,0,0,136,1,1,0,0.0000000,0.0000000,0.0000000,0,0,0,0,758359776667333
570,3771597339,1000,1546,1546,2.3715343,-0.00526,-1,-1,-1,0,0,0,136,1,1,0,0.0000000,0.0000000,0.0000000,0,0,0,0,758359777675625
571,3771598339,1000,1546,1546,2.3715343,-0.00505,-1,-1,-1,0,0,0,136,1,1,0,0.0000000,0.0000000,0.0000000,0,0,0,0,758359778634166
572,3771599339,1000,1546,1546,2.3715343,-0.00485,-1,-1,-1,0,0,0,136,1,1,0,0.0000000,0.0000000,0.0000000,0,0,0,0,758359779618041
573,3771600339,1000,1546,1546,2.3715343,-0.00466,-1,-1,-1,0,0,0,136,1,1,0,0.0000000,0.0000000,0.0000000,0,0,0,0,758359780668125
574,3771601339,1000,1546,1546,2.3715343,-0.00448,-1,-1,-1,0,0,0,136,1,1,0,0.0000000,0.0000000,0.0000000,0,0,0,0,758359781690583
575,3771602339,1000,1546,1546,2.3715343,-0.00430,39,126,2095,0,0,0,136,1,1,0,0.0000000,0.0000000,0.0000000,0,0,0,0,758359783026041
576,3771603339,1000,1546,1546,2.3715343,-0.00414,-1,-1,-1,0,0,0,136,1,1,0,0.0000000,0.0000000,0.0000000,0,0,0,0,758359783681083
577,3771604339,1000,1547,1547,2.3730683,0.05617,-1,-1,-1,0,0,0,136,1,1,0,0.0000000,0.0000000,0.0000000,0,0,0,0,758359784663166
578,3771605339,1000,1546,1546,2.3715343,-0.00618,-1,-1,-1,0,0,0,136,1,1,0,0.0000000,0.0000000,0.0000000,0,0,0,0,758359785952500
579,3771606339,1000,1546,1546,2.3715343,-0.00593,-1,-1,-1,0,0,0,136,1,1,0,0.0000000,0.0000000,0.0000000,0,0,0,0,758359786934125
580,3771607339,1000,1546,1546,2.3715343,-0.00570,-1,-1,-1,0,0,0,136,1,1,0,0.0000000,0.0000000,0.0000000,0,0,0,0,758359787804083
581,3771608339,1000,1546,1546,2.3715343,-0.00548,-1,-1,-1,0,0,0,136,1,1,0,0.0000000,0.0000000,0.0000000,0,0,0,0,758359788615333
582,3771609339,1000,1546,1546,2.3715343,-0.00526,-1,-1,-1,0,0,0,136,1,1,0,0.0000000,0.0000000,0.0000000,0,0,0,0,758359789666041
583,3771610339,1000,1546,1546,2.3715343,-0.00506,-1,-1,-1,0,0,0,136,1,1,0,0.0000000,0.0000000,0.0000000,0,0,0,0,758359790669500
584,3771611339,1000,1546,1546,2.3715343,-0.00486,-1,-1,-1,0,0,0,136,1,1,0,0.0000000,0.0000000,0.0000000,0,0,0,0,758359791663375
585,3771612339,1000,1546,1546,2.3715343,-0.00467,-1,-1,-1,0,0,0,136,1,1,0,0.0000000,0.0000000,0.0000000,0,0,0,0,758359792663458
586,3771613339,1000,1546,1546,2.3715343,-0.00448,-1,-1,-1,0,0,0,136,1,1,0,0.0000000,0.0000000,0.0000000,0,0,0,0,758359793927583
587,3771614339,1000,1546,1546,2.3715343,-0.00431,-1,-1,-1,0,0,0,136,1,1,0,0.0000000,0.0000000,0.0000000,0,0,0,0,758359794927541
588,3771615339,1000,1546,1546,2.3715343,-0.00414,-1,-1,-1,0,0,0,136,1,1,0,0.0000000,0.0000000,0.0000000,0,0,0,0,758359795778416
589,3771616339,1000,1546,1546,2.3715343,-0.00398,-1,-1,-1,0,0,0,136,1,1,0,0.0000000,0.0000000,0.0000000,0,0,0,0,758359796794625
590,3771617339,1000,1546,1546,2.3715343,-0.00382,-1,-1,-1,0,0,0,136,1,1,0,0.0000000,0.0000000,0.0000000,0,0,0,0,758359797733583
591,3771618339,1000,1546,1546,2.3715343,-0.00367,-1,-1,-1,0,0,0,136,1,1,0,0.0000000,0.0000000,0.0000000,0,0,0,0,758359798657000
592,3771619339,1000,1546,1546,2.3715343,-0.00353,-1,-1,-1,0,0,0,136,1,1,0,0.0000000,0.0000000,0.0000000,0,0,0,0,758359799716583
593,3771620339,1000,1546,1546,2.3715343,-0.00339,-1,-1,-1,0,0,0,136,1,1,0,0.0000000,0.0000000,0.0000000,0,0,0,0,758359800629541
594,3771621339,1000,1546,1546,2.3715343,-0.00326,-1,-1,-1,0,0,0,136,1,1,0,0.0000000,0.0000000,0.0000000,0,0,0,0,758359801681583
595,3771622339,1000,1546,1546,2.3715343,-0.00313,-1,-1,-1,0,0,0,136,1,1,0,0.0000000,0.0000000,0.0000000,0,0,0,0,758359802629125
596,3771623339,1000,1546,1546,2.3715343,-0.00301,-1,-1,-1,0,0,0,136,1,1,0,0.0000000,0.0000000,0.0000000,0,0,0,0,758359803623541
597,3771624339,1000,1546,1546,2.3715343,-0.00289,-1,-1,-1,0,0,0,136,1,1,0,0.0000000,0.0000000,0.0000000,0,0,0,0,758359804618041
598,3771625339,1000,1546,1546,2.3715343,-0.00278,-1,-1,-1,0,0,0,136,1,1,0,0.0000000,0.0000000,0.0000000,0,0,0,0,758359805623541
599,3771626339,1000,1546,1546,2.3715343,-0.00267,-1,-1,-1,0,0,0,136,1,1,0,0.0000000,0.0000000,0.0000000,0,0,0,0,758359806638833
600,3771627339,1000,1546,1546,2.3715343,-0.00256,-1,-1,-1,0,0,0,136,1,1,0,0.0000000,0.0000000,0.0000000,0,0,0,0,758359807671125
601,3771628339,1000,1546,1546,2.3715343,-0.00246,-1,-1,-1,0,0,0,136,1,1,0,0.0000000,0.0000000,0.0000000,0,0,0,0,758359808591125
602,3771629339,1000,1546,1546,2.3715343,-0.00236,-1,-1,-1,0,0,0,136,1,1,0,0.0000000,0.0000000,0.0000000,0,0,0,0,758359809644708
603,3771630339,1000,1546,1546,2.3715343,-0.00227,-1,-1,-1,0,0,0,136,1,1,0,0.0000000,0.0000000,0.0000000,0,0,0,0,758359810964791
604,3771631339,1000,1546,1546,2.3715343,-0.00218,-1,-1,-1,0,0,0,136,1,1,0,0.0000000,0.0000000,0.0000000,0,0,0,0,758359811739250
605,3771632339,1000,1546,1546,2.3715343,-0.00210,-1,-1,-1,0,0,0,136,1,1,0,0.0000000,0.0000000,0.0000000,0,0,0,0,758359812649000
606,3771633339,1000,1546,1546,2.3715343,-0.00202,-1,-1,-1,0,0,0,136,1,1,0,0.0000000,0.0000000,0.0000000,0,0,0,0,758359813602416
607,3771634339,1000,1546,1546,2.3715343,-0.00194,-1,-1,-1,0,0,0,136,1,1,0,0.0000000,0.0000000,0.0000000,0,0,0,0,758359814609958
608,3771635339,1000,1546,1546,2.3715343,-0.00186,-1,-1,-1,0,0,0,136,1,1,0,0.0000000,0.0000000,0.0000000,0,0,0,0,758359815600041
609,3771636339,1000,1546,1546,2.3715343,-0.00179,-1,-1,-1,0,0,0,136,1,1,0,0.0000000,0.0000000,0.0000000,0,0,0,0,758359816621458
610,3771637339,1000,1546,1546,2.3715343,-0.00172,-1,-1,-1,0,0,0,136,1,1,0,0.0000000,0.0000000,0.0000000,0,0,0,0,758359817696625
611,3771638339,1000,1546,1546,2.3715343,-0.00165,-1,-1,-1,0,0,0,136,1,1,0,0.0000000,0.0000000,0.0000000,0,0,0,0,758359818627041
612,3771639339,1000,1546,1546,2.3715343,-0.00159,-1,-1,-1,0,0,0,136,1,1,0,0.0000000,0.0000000,0.0000000,0,0,0,0,758359819633166
613,3771640339,1000,1546,1546,2.3715343,-0.00152,-1,-1,-1,0,0,0,136,1,1,0,0.0000000,0.0000000,0.0000000,0,0,0,0,758359820705791
614,3771641339,1000,1546,1546,2.3715343,-0.00146,-1,-1,-1,0,0,0,136,1,1,0,0.0000000,0.0000000,0.0000000,0,0,0,0,758359821600750
615,3771642339,1000,1546,1546,2.3715343,-0.00141,-1,-1,-1,0,0,0,136,1,1,0,0.0000000,0.0000000,0.0000000,0,0,0,0,758359822638000
616,3771643339,1000,1546,1546,2.3715343,-0.00135,-1,-1,-1,0,0,0,136,1,1,0,0.0000000,0.0000000,0.0000000,0,0,0,0,758359823654291
617,3771644339,1000,1546,1546,2.3715343,-0.00130,-1,-1,-1,0,0,0,136,1,1,0,0.0000000,0.0000000,0.0000000,0,0,0,0,758359824625291
618,3771645339,1000,1546,1546,2.3715343,-0.00125,-1,-1,-1,0,0,0,136,1,1,0,0.0000000,0.0000000,0.0000000,0,0,0,0,758359825680000
619,3771646339,1000,1547,1547,2.3730683,0.05895,-1,-1,-1,0,0,0,136,1,1,0,0.0000000,0.0000000,0.0000000,0,0,0,0,758359826625833
620,3771647339,1000,1546,1546,2.3715343,-0.00351,-1,-1,-1,0,0,0,136,1,1,0,0.0000000,0.0000000,0.0000000,0,0,0,0,758359827603500
621,3771648339,1000,1546,1546,2.3715343,-0.00337,-1,-1,-1,0,0,0,136,1,1,0,0.0000000,0.0000000,0.0000000,0,0,0,0,758359828649666
622,3771649339,1000,1546,1546,2.3715343,-0.00324,-1,-1,-1,0,0,0,136,1,1,0,0.0000000,0.0000000,0.0000000,0,0,0,0,758359829650291
623,3771650339,1000,1546,1546,2.3715343,-0.00311,-1,-1,-1,0,0,0,136,1,1,0,0.0000000,0.0000000,0.0000000,0,0,0,0,758359830613750
624,3771651339,1000,1546,1546,2.3715343,-0.00299,-1,-1,-1,0,0,0,136,1,1,0,0.0000000,0.0000000,0.0000000,0,0,0,0,758359831611500
625,3771652339,1000,1546,1546,2.3715343,-0.00287,39,126,2095,0,0,0,136,1,1,0,0.0000000,0.0000000,0.0000000,0,0,0,0,758359833047916
626,3771653339,1000,1546,1546,2.3715343,-0.00276,-1,-1,-1,0,0,0,136,1,1,0,0.0000000,0.0000000,0.0000000,0,0,0,0,758359833830083
627,3771654339,1000,1546,1546,2.3715343,-0.00265,-1,-1,-1,0,0,0,136,1,1,0,0.0000000,0.0000000,0.0000000,0,0,0,0,758359834620125
628,3771655339,1000,1546,1546,2.3715343,-0.00255,-1,-1,-1,0,0,0,136,1,1,0,0.0000000,0.0000000,0.0000000,0,0,0,0,758359835594458
629,3771656339,1000,1546,1546,2.3715343,-0.00245,-1,-1,-1,0,0,0,136,1,1,0,0.0000000,0.0000000,0.0000000,0,0,0,0,758359836604000
630,3771657339,1000,1547,1547,2.3730683,0.05780,-1,-1,-1,0,0,0,136,1,1,0,0.0000000,0.0000000,0.0000000,0,0,0,0,758359837593500
631,3771658339,1000,1546,1546,2.3715343,-0.00462,-1,-1,-1,0,0,0,136,1,1,0,0.0000000,0.0000000,0.0000000,0,0,0,0,758359838680416
632,3771659339,1000,1547,1547,2.3730683,0.05571,-1,-1,-1,0,0,0,136,1,1,0,0.0000000,0.0000000,0.0000000,0,0,0,0,758359839713666
633,3771660339,1000,1546,1546,2.3715343,-0.00662,-1,-1,-1,0,0,0,136,1,1,0,0.0000000,0.0000000,0.0000000,0,0,0,0,758359840629791
634,3771661339,1000,1546,1546,2.3715343,-0.00636,-1,-1,-1,0,0,0,136,1,1,0,0.0000000,0.0000000,0.0000000,0,0,0,0,758359841641291
635,3771662339,1000,1546,1546,2.3715343,-0.00611,-1,-1,-1,0,0,0,136,1,1,0,0.0000000,0.0000000,0.0000000,0,0,0,0,758359842647916
636,3771663339,1000,1546,1546,2.3715343,-0.00587,-1,-1,-1,0,0,0,136,1,1,0,0.0000000,0.0000000,0.0000000,0,0,0,0,758359843647291
637,3771664339,1000,1546,1546,2.3715343,-0.00564,-1,-1,-1,0,0,0,136,1,1,0,0.0000000,0.0000000,0.0000000,0,0,0,0,758359844653208
638,3771665339,1000,1546,1546,2.3715343,-0.00542,-1,-1,-1,0,0,0,136,1,1,0,0.0000000,0.0000000,0.0000000,0,0,0,0,758359845696791
639,3771666339,1000,1546,1546,2.3715343,-0.00521,-1,-1,-1,0,0,0,136,1,1,0,0.0000000,0.0000000,0.0000000,0,0,0,0,758359846754583
640,3771667339,1000,1546,1546,2.3715343,-0.00500,-1,-1,-1,0,0,0,136,1,1,0,0.0000000,0.0000000,0.0000000,0,0,0,0,758359847670125
641,3771668339,1000,1546,1546,2.3715343,-0.00481,-1,-1,-1,0,0,0,136,1,1,0,0.0000000,0.0000000,0.0000000,0,0,0,0,758359848631250
642,3771669339,1000,1546,1546,2.3715343,-0.00462,-1,-1,-1,0,0,0,136,1,1,0,0.0000000,0.0000000,0.0000000,0,0,0,0,758359849655083
643,3771670339,1000,1546,1546,2.3715343,-0.00444,-1,-1,-1,0,0,0,136,1,1,0,0.0000000,0.0000000,0.0000000,0,0,0,0,758359850649375
644,3771671339,1000,1546,1546,2.3715343,-0.00426,-1,-1,-1,0,0,0,136,1,1,0,0.0000000,0.0000000,0.0000000,0,0,0,0,758359851613458
645,3771672339,1000,1546,1546,2.3715343,-0.00410,-1,-1,-1,0,0,0,136,1,1,0,0.0000000,0.0000000,0.0000000,0,0,0,0,758359852605791
646,3771673339,1000,1546,1546,2.3715343,-0.00394,-1,-1,-1,0,0,0,136,1,1,0,0.0000000,0.0000000,0.0000000,0,0,0,0,758359853605500
647,3771674339,1000,1546,1546,2.3715343,-0.00378,-1,-1,-1,0,0,0,136,1,1,0,0.0000000,0.0000000,0.0000000,0,0,0,0,758359854663458
648,3771675339,1000,1546,1546,2.3715343,-0.00363,-1,-1,-1,0,0,0,136,1,1,0,0.0000000,0.0000000,0.0000000,0,0,0,0,758359855654041
649,3771676339,1000,1546,1546,2.3715343,-0.00349,-1,-1,-1,0,0,0,136,1,1,0,0.0000000,0.0000000,0.0000000,0,0,0,0,758359856816416
650,3771677339,1000,1546,1546,2.3715343,-0.00335,-1,-1,-1,0,0,0,136,1,1,0,0.0000000,0.0000000,0.0000000,0,0,0,0,758359857830375
651,3771678339,1000,1546,1546,2.3715343,-0.00322,-1,-1,-1,0,0,0,136,1,1,0,0.0000000,0.0000000,0.0000000,0,0,0,0,758359858697500
652,3771679339,1000,1547,1547,2.3730683,0.05705,-1,-1,-1,0,0,0,136,1,1,0,0.0000000,0.0000000,0.0000000,0,0,0,0,758359859697583
653,3771680339,1000,1546,1546,2.3715343,-0.00533,-1,-1,-1,0,0,0,136,1,1,0,0.0000000,0.0000000,0.0000000,0,0,0,0,758359860715666
654,3771681339,1000,1546,1546,2.3715343,-0.00512,-1,-1,-1,0,0,0,136,1,1,0,0.0000000,0.0000000,0.0000000,0,0,0,0,758359861619208
655,3771682339,1000,1546,1546,2.3715343,-0.00492,-1,-1,-1,0,0,0,136,1,1,0,0.0000000,0.0000000,0.0000000,0,0,0,0,758359862608208
656,3771683339,1000,1546,1546,2.3715343,-0.00473,-1,-1,-1,0,0,0,136,1,1,0,0.0000000,0.0000000,0.0000000,0,0,0,0,758359863697083
657,3771684339,1000,1546,1546,2.3715343,-0.00455,-1,-1,-1,0,0,0,136,1,1,0,0.0000000,0.0000000,0.0000000,0,0,0,0,758359864677333
658,3771685339,1000,1546,1546,2.3715343,-0.00437,-1,-1,-1,0,0,0,136,1,1,0,0.0000000,0.0000000,0.0000000,0,0,0,0,758359865701500
659,3771686339,1000,1546,1546,2.3715343,-0.00420,-1,-1,-1,0,0,0,136,1,1,0,0.0000000,0.0000000,0.0000000,0,0,0,0,758359866840791
660,3771687339,1000,1546,1546,2.3715343,-0.00403,-1,-1,-1,0,0,0,136,1,1,0,0.0000000,0.0000000,0.0000000,0,0,0,0,758359867827166
661,3771688339,1000,1546,1546,2.3715343,-0.00387,-1,-1,-1,0,0,0,136,1,1,0,0.0000000,0.0000000,0.0000000,0,0,0,0,758359868796708
662,3771689339,1000,1546,1546,2.3715343,-0.00372,-1,-1,-1,0,0,0,136,1,1,0,0.0000000,0.0000000,0.0000000,0,0,0,0,758359869631208
663,3771690339,1000,1546,1546,2.3715343,-0.00358,-1,-1,-1,0,0,0,136,1,1,0,0.0000000,0.0000000,0.0000000,0,0,0,0,758359870703500
664,3771691339,1000,1546,1546,2.3715343,-0.00344,-1,-1,-1,0,0,0,136,1,1,0,0.0000000,0.0000000,0.0000000,0,0,0,0,758359871660583
665,3771692339,1000,1546,1546,2.3715343,-0.00330,-1,-1,-1,0,0,0,136,1,1,0,0.0000000,0.0000000,0.0000000,0,0,0,0,758359872934250
666,3771693339,1000,1546,1546,2.3715343,-0.00317,-1,-1,-1,0,0,0,136,1,1,0,0.0000000,0.0000000,0.0000000,0,0,0,0,758359873838458
667,3771694339,1000,1546,1546,2.3715343,-0.00305,-1,-1,-1,0,0,0,136,1,1,0,0.0000000,0.0000000,0.0000000,0,0,0,0,758359874745083
668,3771695339,1000,1547,1547,2.3730683,0.05722,-1,-1,-1,0,0,0,136,1,1,0,0.0000000,0.0000000,0.0000000,0,0,0,0,758359875646375
669,3771696339,1000,1546,1546,2.3715343,-0.00517,-1,-1,-1,0,0,0,136,1,1,0,0.0000000,0.0000000,0.0000000,0,0,0,0,758359876667125
670,3771697339,1000,1546,1546,2.3715343,-0.00497,-1,-1,-1,0,0,0,136,1,1,0,0.0000000,0.0000000,0.0000000,0,0,0,0,758359877697125
671,3771698339,1000,1546,1546,2.3715343,-0.00477,-1,-1,-1,0,0,0,136,1,1,0,0.0000000,0.0000000,0.0000000,0,0,0,0,758359878667166
672,3771699339,1000,1546,1546,2.3715343,-0.00459,-1,-1,-1,0,0,0,136,1,1,0,0.0000000,0.0000000,0.0000000,0,0,0,0,758359879627833
673,3771700339,1000,1546,1546,2.3715343,-0.00441,-1,-1,-1,0,0,0,136,1,1,0,0.0000000,0.0000000,0.0000000,0,0,0,0,758359880605125
674,3771701339,1000,1546,1546,2.3715343,-0.00423,-1,-1,-1,0,0,0,136,1,1,0,0.0000000,0.0000000,0.0000000,0,0,0,0,758359881636916
675,3771702339,1000,1546,1546,2.3715343,-0.00407,39,126,2095,0,0,0,136,1,1,0,0.0000000,0.0000000,0.0000000,0,0,0,0,758359883081708
676,3771703339,1000,1546,1546,2.3715343,-0.00391,-1,-1,-1,0,0,0,136,1,1,0,0.0000000,0.0000000,0.0000000,0,0,0,0,758359883736791
677,3771704339,1000,1546,1546,2.3715343,-0.00375,-1,-1,-1,0,0,0,136,1,1,0,0.0000000,0.0000000,0.0000000,0,0,0,0,758359884681666
678,3771705339,1000,1546,1546,2.3715343,-0.00361,-1,-1,-1,0,0,0,136,1,1,0,0.0000000,0.0000000,0.0000000,0,0,0,0,758359885634458
679,3771706339,1000,1546,1546,2.3715343,-0.00347,-1,-1,-1,0,0,0,136,1,1,0,0.0000000,0.0000000,0.0000000,0,0,0,0,758359886648333
680,3771707339,1000,1546,1546,2.3715343,-0.00333,-1,-1,-1,0,0,0,136,1,1,0,0.0000000,0.0000000,0.0000000,0,0,0,0,758359887764291
681,3771708339,1000,1546,1546,2.3715343,-0.00320,-1,-1,-1,0,0,0,136,1,1,0,0.0000000,0.0000000,0.0000000,0,0,0,0,758359888652583
682,3771709339,1000,1546,1546,2.3715343,-0.00307,-1,-1,-1,0,0,0,136,1,1,0,0.0000000,0.0000000,0.0000000,0,0,0,0,758359889612500
683,3771710339,1000,1546,1546,2.3715343,-0.00295,-1,-1,-1,0,0,0,136,1,1,0,0.0000000,0.0000000,0.0000000,0,0,0,0,758359890616833
684,3771711339,1000,1546,1546,2.3715343,-0.00284,-1,-1,-1,0,0,0,136,1,1,0,0.0000000,0.0000000,0.0000000,0,0,0,0,758359891702250
685,3771712339,1000,1546,1546,2.3715343,-0.00273,-1,-1,-1,0,0,0,136,1,1,0,0.0000000,0.0000000,0.0000000,0,0,0,0,758359892657000
686,3771713339,1000,1546,1546,2.3715343,-0.00262,-1,-1,-1,0,0,0,136,1,1,0,0.0000000,0.0000000,0.0000000,0,0,0,0,758359893618208
687,3771714339,1000,1546,1546,2.3715343,-0.00252,-1,-1,-1,0,0,0,136,1,1,0,0.0000000,0.0000000,0.0000000,0,0,0,0,758359894847958
688,3771715339,1000,1546,1546,2.3715343,-0.00242,-1,-1,-1,0,0,0,136,1,1,0,0.0000000,0.0000000,0.0000000,0,0,0,0,758359895754208
689,3771716339,1000,1546,1546,2.3715343,-0.00232,-1,-1,-1,0,0,0,136,1,1,0,0.0000000,0.0000000,0.0000000,0,0,0,0,758359896735666
690,3771717339,1000,1546,1546,2.3715343,-0.00223,-1,-1,-1,0,0,0,136,1,1,0,0.0000000,0.0000000,0.0000000,0,0,0,0,758359897713833
691,3771718339,1000,1546,1546,2.3715343,-0.00214,-1,-1,-1,0,0,0,136,1,1,0,0.0000000,0.0000000,0.0000000,0,0,0,0,758359898721875
692,3771719339,1000,1546,1546,2.3715343,-0.00206,-1,-1,-1,0,0,0,136,1,1,0,0.0000000,0.0000000,0.0000000,0,0,0,0,758359899663750
693,3771720339,1000,1546,1546,2.3715343,-0.00198,-1,-1,-1,0,0,0,136,1,1,0,0.0000000,0.0000000,0.0000000,0,0,0,0,758359900650958
694,3771721339,1000,1546,1546,2.3715343,-0.00190,-1,-1,-1,0,0,0,136,1,1,0,0.0000000,0.0000000,0.0000000,0,0,0,0,758359901664208
695,3771722339,1000,1546,1546,2.3715343,-0.00183,-1,-1,-1,0,0,0,136,1,1,0,0.0000000,0.0000000,0.0000000,0,0,0,0,758359902694958
696,3771723339,1000,1546,1546,2.3715343,-0.00176,-1,-1,-1,0,0,0,136,1,1,0,0.0000000,0.0000000,0.0000000,0,0,0,0,758359903726541
697,3771724339,1000,1546,1546,2.3715343,-0.00169,-1,-1,-1,0,0,0,136,1,1,0,0.0000000,0.0000000,0.0000000,0,0,0,0,758359904687291
698,3771725339,1000,1546,1546,2.3715343,-0.00162,-1,-1,-1,0,0,0,136,1,1,0,0.0000000,0.0000000,0.0000000,0,0,0,0,758359905691041
699,3771726339,1000,1546,1546,2.3715343,-0.00156,-1,-1,-1,0,0,0,136,1,1,0,0.0000000,0.0000000,0.0000000,0,0,0,0,758359906901333
700,3771727339,1000,1546,1546,2.3715343,-0.00150,-1,-1,-1,0,0,0,136,1,1,0,0.0000000,0.0000000,0.0000000,0,0,0,0,758359907769333
701,3771728339,1000,1547,1547,2.3730683,0.05871,-1,-1,-1,0,0,0,136,1,1,0,0.0000000,0.0000000,0.0000000,0,0,0,0,758359908696458
702,3771729339,1000,1546,1546,2.3715343,-0.00374,-1,-1,-1,0,0,0,136,1,1,0,0.0000000,0.0000000,0.0000000,0,0,0,0,758359909645500
703,3771730339,1000,1546,1546,2.3715343,-0.00359,-1,-1,-1,0,0,0,136,1,1,0,0.0000000,0.0000000,0.0000000,0,0,0,0,758359910601083
704,3771731339,1000,1546,1546,2.3715343,-0.00345,-1,-1,-1,0,0,0,136,1,1,0,0.0000000,0.0000000,0.0000000,0,0,0,0,758359911639333
705,3771732339,1000,1546,1546,2.3715343,-0.00332,-1,-1,-1,0,0,0,136,1,1,0,0.0000000,0.0000000,0.0000000,0,0,0,0,758359912596541
706,3771733339,1000,1546,1546,2.3715343,-0.00319,-1,-1,-1,0,0,0,136,1,1,0,0.0000000,0.0000000,0.0000000,0,0,0,0,758359913603791
707,3771734339,1000,1546,1546,2.3715343,-0.00306,-1,-1,-1,0,0,0,136,1,1,0,0.0000000,0.0000000,0.0000000,0,0,0,0,758359914644666
708,3771735339,1000,1546,1546,2.3715343,-0.00294,-1,-1,-1,0,0,0,136,1,1,0,0.0000000,0.0000000,0.0000000,0,0,0,0,758359915633875
709,3771736339,1000,1546,1546,2.3715343,-0.00283,-1,-1,-1,0,0,0,136,1,1,0,0.0000000,0.0000000,0.0000000,0,0,0,0,758359916618583
710,3771737339,1000,1546,1546,2.3715343,-0.00272,-1,-1,-1,0,0,0,136,1,1,0,0.0000000,0.0000000,0.0000000,0,0,0,0,758359917682250
711,3771738339,1000,1547,1547,2.3730683,0.05754,-1,-1,-1,0,0,0,136,1,1,0,0.0000000,0.0000000,0.0000000,0,0,0,0,758359918698708
712,3771739339,1000,1546,1546,2.3715343,-0.00487,-1,-1,-1,0,0,0,136,1,1,0,0.0000000,0.0000000,0.0000000,0,0,0,0,758359919660458
713,3771740339,1000,1546,1546,2.3715343,-0.00467,-1,-1,-1,0,0,0,136,1,1,0,0.0000000,0.0000000,0.0000000,0,0,0,0,758359920634541
714,3771741339,1000,1546,1546,2.3715343,-0.00449,-1,-1,-1,0,0,0,136,1,1,0,0.0000000,0.0000000,0.0000000,0,0,0,0,758359921671291
715,3771742339,1000,1546,1546,2.3715343,-0.00432,-1,-1,-1,0,0,0,136,1,1,0,0.0000000,0.0000000,0.0000000,0,0,0,0,758359922719291
716,3771743339,1000,1546,1546,2.3715343,-0.00415,-1,-1,-1,0,0,0,136,1,1,0,0.0000000,0.0000000,0.0000000,0,0,0,0,758359923719125
717,3771744339,1000,1546,1546,2.3715343,-0.00398,-1,-1,-1,0,0,0,136,1,1,0,0.0000000,0.0000000,0.0000000,0,0,0,0,758359924707125
718,3771745339,1000,1546,1546,2.3715343,-0.00383,-1,-1,-1,0,0,0,136,1,1,0,0.0000000,0.0000000,0.0000000,0,0,0,0,758359925666458
719,3771746339,1000,1546,1546,2.3715343,-0.00368,-1,-1,-1,0,0,0,136,1,1,0,0.0000000,0.0000000,0.0000000,0,0,0,0,758359926640916
720,3771747339,1000,1546,1546,2.3715343,-0.00353,-1,-1,-1,0,0,0,136,1,1,0,0.0000000,0.0000000,0.0000000,0,0,0,0,758359927665208
721,3771748339,1000,1546,1546,2.3715343,-0.00339,-1,-1,-1,0,0,0,136,1,1,0,0.0000000,0.0000000,0.0000000,0,0,0,0,758359928649625
722,3771749339,1000,1546,1546,2.3715343,-0.00326,-1,-1,-1,0,0,0,136,1,1,0,0.0000000,0.0000000,0.0000000,0,0,0,0,758359929795958
723,3771750339,1000,1546,1546,2.3715343,-0.00313,-1,-1,-1,0,0,0,136,1,1,0,0.0000000,0.0000000,0.0000000,0,0,0,0,758359930636166
724,3771751339,1000,1547,1547,2.3730683,0.05714,-1,-1,-1,0,0,0,136,1,1,0,0.0000000,0.0000000,0.0000000,0,0,0,0,758359931683000
725,3771752339,1000,1546,1546,2.3715343,-0.00525,39,126,2093,0,0,0,136,1,1,0,0.0000000,0.0000000,0.0000000,0,0,0,0,758359933171208
726,3771753339,1000,1546,1546,2.3715343,-0.00505,-1,-1,-1,0,0,0,136,1,1,0,0.0000000,0.0000000,0.0000000,0,0,0,0,758359933894208
727,3771754339,1000,1546,1546,2.3715343,-0.00485,-1,-1,-1,0,0,0,136,1,1,0,0.0000000,0.0000000,0.0000000,0,0,0,0,758359934730208
728,3771755339,1000,1546,1546,2.3715343,-0.00466,-1,-1,-1,0,0,0,136,1,1,0,0.0000000,0.0000000,0.0000000,0,0,0,0,758359935764250
729,3771756339,1000,1546,1546,2.3715343,-0.00447,-1,-1,-1,0,0,0,136,1,1,0,0.0000000,0.0000000,0.0000000,0,0,0,0,758359936822250
730,3771757339,1000,1546,1546,2.3715343,-0.00430,-1,-1,-1,0,0,0,136,1,1,0,0.0000000,0.0000000,0.0000000,0,0,0,0,758359937826500
731,3771758339,1000,1546,1546,2.3715343,-0.00413,-1,-1,-1,0,0,0,136,1,1,0,0.0000000,0.0000000,0.0000000,0,0,0,0,758359938723875
732,3771759339,1000,1546,1546,2.3715343,-0.00397,-1,-1,-1,0,0,0,136,1,1,0,0.0000000,0.0000000,0.0000000,0,0,0,0,758359939723708
733,3771760339,1000,1546,1546,2.3715343,-0.00381,-1,-1,-1,0,0,0,136,1,1,0,0.0000000,0.0000000,0.0000000,0,0,0,0,758359940778458
734,3771761339,1000,1546,1546,2.3715343,-0.00366,-1,-1,-1,0,0,0,136,1,1,0,0.0000000,0.0000000,0.0000000,0,0,0,0,758359941764083
735,3771762339,1000,1546,1546,2.3715343,-0.00352,-1,-1,-1,0,0,0,136,1,1,0,0.0000000,0.0000000,0.0000000,0,0,0,0,758359943114208
736,3771763339,1000,1546,1546,2.3715343,-0.00338,-1,-1,-1,0,0,0,136,1,1,0,0.0000000,0.0000000,0.0000000,0,0,0,0,758359944346583
737,3771764339,1000,1546,1546,2.3715343,-0.00325,-1,-1,-1,0,0,0,136,1,1,0,0.0000000,0.0000000,0.0000000,0,0,0,0,758359945058375
738,3771765339,1000,1546,1546,2.3715343,-0.00312,-1,-1,-1,0,0,0,136,1,1,0,0.0000000,0.0000000,0.0000000,0,0,0,0,758359945787583
739,3771766339,1000,1546,1546,2.3715343,-0.00300,-1,-1,-1,0,0,0,136,1,1,0,0.0000000,0.0000000,0.0000000,0,0,0,0,758359946667916
740,3771767339,1000,1546,1546,2.3715343,-0.00288,-1,-1,-1,0,0,0,136,1,1,0,0.0000000,0.0000000,0.0000000,0,0,0,0,758359947628583
741,3771768339,1000,1546,1546,2.3715343,-0.00277,-1,-1,-1,0,0,0,136,1,1,0,0.0000000,0.0000000,0.0000000,0,0,0,0,758359948648958
742,3771769339,1000,1546,1546,2.3715343,-0.00266,-1,-1,-1,0,0,0,136,1,1,0,0.0000000,0.0000000,0.0000000,0,0,0,0,758359949699750
743,3771770339,1000,1546,1546,2.3715343,-0.00256,-1,-1,-1,0,0,0,136,1,1,0,0.0000000,0.0000000,0.0000000,0,0,0,0,758359950660166
744,3771771339,1000,1546,1546,2.3715343,-0.00246,-1,-1,-1,0,0,0,136,1,1,0,0.0000000,0.0000000,0.0000000,0,0,0,0,758359951708291
745,3771772339,1000,1546,1546,2.3715343,-0.00236,-1,-1,-1,0,0,0,136,1,1,0,0.0000000,0.0000000,0.0000000,0,0,0,0,758359952665458
746,3771773339,1000,1546,1546,2.3715343,-0.00227,-1,-1,-1,0,0,0,136,1,1,0,0.0000000,0.0000000,0.0000000,0,0,0,0,758359953804166
747,3771774339,1000,1546,1546,2.3715343,-0.00218,-1,-1,-1,0,0,0,136,1,1,0,0.0000000,0.0000000,0.0000000,0,0,0,0,758359954782291
748,3771775339,1000,1546,1546,2.3715343,-0.00209,-1,-1,-1,0,0,0,136,1,1,0,0.0000000,0.0000000,0.0000000,0,0,0,0,758359955867625
749,3771776339,1000,1546,1546,2.3715343,-0.00201,-1,-1,-1,0,0,0,136,1,1,0,0.0000000,0.0000000,0.0000000,0,0,0,0,758359956737958
750,3771777339,1000,1546,1546,2.3715343,-0.00193,-1,-1,-1,0,0,0,136,1,1,0,0.0000000,0.0000000,0.0000000,0,0,0,0,758359957717500
751,3771778339,1000,1546,1546,2.3715343,-0.00186,-1,-1,-1,0,0,0,136,1,1,0,0.0000000,0.0000000,0.0000000,0,0,0,0,758359958619583
752,3771779339,1000,1546,1546,2.3715343,-0.00178,-1,-1,-1,0,0,0,136,1,1,0,0.0000000,0.0000000,0.0000000,0,0,0,0,758359959626375
753,3771780339,1000,1546,1546,2.3715343,-0.00171,-1,-1,-1,0,0,0,136,1,1,0,0.0000000,0.0000000,0.0000000,0,0,0,0,758359960572583
754,3771781339,1000,1546,1546,2.3715343,-0.00165,-1,-1,-1,0,0,0,136,1,1,0,0.0000000,0.0000000,0.0000000,0,0,0,0,758359961638625
755,3771782339,1000,1546,1546,2.3715343,-0.00158,-1,-1,-1,0,0,0,136,1,1,0,0.0000000,0.0000000,0.0000000,0,0,0,0,758359962751958
756,3771783339,1000,1546,1546,2.3715343,-0.00152,-1,-1,-1,0,0,0,136,1,1,0,0.0000000,0.0000000,0.0000000,0,0,0,0,758359963698208
757,3771784339,1000,1546,1546,2.3715343,-0.00146,-1,-1,-1,0,0,0,136,1,1,0,0.0000000,0.0000000,0.0000000,0,0,0,0,758359964643625
758,3771785339,1000,1546,1546,2.3715343,-0.00140,-1,-1,-1,0,0,0,136,1,1,0,0.0000000,0.0000000,0.0000000,0,0,0,0,758359965716625
759,3771786339,1000,1546,1546,2.3715343,-0.00135,-1,-1,-1,0,0,0,136,1,1,0,0.0000000,0.0000000,0.0000000,0,0,0,0,758359966655041
760,3771787339,1000,1546,1546,2.3715343,-0.00129,-1,-1,-1,0,0,0,136,1,1,0,0.0000000,0.0000000,0.0000000,0,0,0,0,758359967633708
761,3771788339,1000,1546,1546,2.3715343,-0.00124,-1,-1,-1,0,0,0,136,1,1,0,0.0000000,0.0000000,0.0000000,0,0,0,0,758359968526625
762,3771789339,1000,1546,1546,2.3715343,-0.00120,-1,-1,-1,0,0,0,136,1,1,0,0.0000000,0.0000000,0.0000000,0,0,0,0,758359969660708
763,3771790339,1000,1546,1546,2.3715343,-0.00115,-1,-1,-1,0,0,0,136,1,1,0,0.0000000,0.0000000,0.0000000,0,0,0,0,758359970618708
764,3771791339,1000,1546,1546,2.3715343,-0.00110,-1,-1,-1,0,0,0,136,1,1,0,0.0000000,0.0000000,0.0000000,0,0,0,0,758359971595625
765,3771792339,1000,1546,1546,2.3715343,-0.00106,-1,-1,-1,0,0,0,136,1,1,0,0.0000000,0.0000000,0.0000000,0,0,0,0,758359972558833
766,3771793339,1000,1546,1546,2.3715343,-0.00102,-1,-1,-1,0,0,0,136,1,1,0,0.0000000,0.0000000,0.0000000,0,0,0,0,758359974380875
767,3771794339,1000,1546,1546,2.3715343,-0.00098,-1,-1,-1,0,0,0,136,1,1,0,0.0000000,0.0000000,0.0000000,0,0,0,0,758359975016666
768,3771795339,1000,1546,1546,2.3715343,-0.00094,-1,-1,-1,0,0,0,136,1,1,0,0.0000000,0.0000000,0.0000000,0,0,0,0,758359975519000
769,3771796339,1000,1546,1546,2.3715343,-0.00090,-1,-1,-1,0,0,0,136,1,1,0,0.0000000,0.0000000,0.0000000,0,0,0,0,758359976457000
770,3771797339,1000,1546,1546,2.3715343,-0.00087,-1,-1,-1,0,0,0,136,1,1,0,0.0000000,0.0000000,0.0000000,0,0,0,0,758359977448000
771,3771798339,1000,1546,1546,2.3715343,-0.00083,-1,-1,-1,0,0,0,136,1,1,0,0.0000000,0.0000000,0.0000000,0,0,0,0,758359978452625
772,3771799339,1000,1546,1546,2.3715343,-0.00080,-1,-1,-1,0,0,0,136,1,1,0,0.0000000,0.0000000,0.0000000,0,0,0,0,758359979445458
773,3771800339,1000,1546,1546,2.3715343,-0.00077,-1,-1,-1,0,0,0,136,1,1,0,0.0000000,0.0000000,0.0000000,0,0,0,0,758359980495041
774,3771801339,1000,1546,1546,2.3715343,-0.00074,-1,-1,-1,0,0,0,136,1,1,0,0.0000000,0.0000000,0.0000000,0,0,0,0,758359981484791
775,3771802339,1000,1546,1546,2.3715343,-0.00071,39,126,2096,0,0,0,136,1,1,0,0.0000000,0.0000000,0.0000000,0,0,0,0,758359982930291
776,3771803339,1000,1546,1546,2.3715343,-0.00068,-1,-1,-1,0,0,0,136,1,1,0,0.0000000,0.0000000,0.0000000,0,0,0,0,758359983473416
777,3771804339,1000,1546,1546,2.3715343,-0.00066,-1,-1,-1,0,0,0,136,1,1,0,0.0000000,0.0000000,0.0000000,0,0,0,0,758359984530500
778,3771805339,1000,1546,1546,2.3715343,-0.00063,-1,-1,-1,0,0,0,136,1,1,0,0.0000000,0.0000000,0.0000000,0,0,0,0,758359985516750
779,3771806339,1000,1546,1546,2.3715343,-0.00061,-1,-1,-1,0,0,0,136,1,1,0,0.0000000,0.0000000,0.0000000,0,0,0,0,758359986574208
780,3771807339,1000,1546,1546,2.3715343,-0.00058,-1,-1,-1,0,0,0,136,1,1,0,0.0000000,0.0000000,0.0000000,0,0,0,0,758359987507750
781,3771808339,1000,1546,1546,2.3715343,-0.00056,-1,-1,-1,0,0,0,136,1,1,0,0.0000000,0.0000000,0.0000000,0,0,0,0,758359988509875
782,3771809339,1000,1546,1546,2.3715343,-0.00054,-1,-1,-1,0,0,0,136,1,1,0,0.0000000,0.0000000,0.0000000,0,0,0,0,758359989477625
783,3771810339,1000,1546,1546,2.3715343,-0.00052,-1,-1,-1,0,0,0,136,1,1,0,0.0000000,0.0000000,0.0000000,0,0,0,0,758359990494083
784,3771811339,1000,1546,1546,2.3715343,-0.00050,-1,-1,-1,0,0,0,136,1,1,0,0.0000000,0.0000000,0.0000000,0,0,0,0,758359991496083
785,3771812339,1000,1546,1546,2.3715343,-0.00048,-1,-1,-1,0,0,0,136,1,1,0,0.0000000,0.0000000,0.0000000,0,0,0,0,758359992492125
786,3771813339,1000,1546,1546,2.3715343,-0.00046,-1,-1,-1,0,0,0,136,1,1,0,0.0000000,0.0000000,0.0000000,0,0,0,0,758359993484833
787,3771814339,1000,1546,1546,2.3715343,-0.00044,-1,-1,-1,0,0,0,136,1,1,0,0.0000000,0.0000000,0.0000000,0,0,0,0,758359994493958
788,3771815339,1000,1546,1546,2.3715343,-0.00042,-1,-1,-1,0,0,0,136,1,1,0,0.0000000,0.0000000,0.0000000,0,0,0,0,758359995485750
789,3771816339,1000,1546,1546,2.3715343,-0.00041,-1,-1,-1,0,0,0,136,1,1,0,0.0000000,0.0000000,0.0000000,0,0,0,0,758359996520625
790,3771817339,1000,1546,1546,2.3715343,-0.00039,-1,-1,-1,0,0,0,136,1,1,0,0.0000000,0.0000000,0.0000000,0,0,0,0,758359997502541
791,3771818339,1000,1546,1546,2.3715343,-0.00037,-1,-1,-1,0,0,0,136,1,1,0,0.0000000,0.0000000,0.0000000,0,0,0,0,758359998498625
792,3771819339,1000,1546,1546,2.3715343,-0.00036,-1,-1,-1,0,0,0,136,1,1,0,0.0000000,0.0000000,0.0000000,0,0,0,0,758359999406458
793,3771820339,1000,1546,1546,2.3715343,-0.00035,-1,-1,-1,0,0,0,136,1,1,0,0.0000000,0.0000000,0.0000000,0,0,0,0,758360000430500
794,3771821339,1000,1546,1546,2.3715343,-0.00033,-1,-1,-1,0,0,0,136,1,1,0,0.0000000,0.0000000,0.0000000,0,0,0,0,758360001410166
795,3771822339,1000,1546,1546,2.3715343,-0.00032,-1,-1,-1,0,0,0,136,1,1,0,0.0000000,0.0000000,0.0000000,0,0,0,0,758360002455208
796,3771823339,1000,1546,1546,2.3715343,-0.00031,-1,-1,-1,0,0,0,136,1,1,0,0.0000000,0.0000000,0.0000000,0,0,0,0,758360003450791
797,3771824339,1000,1546,1546,2.3715343,-0.00029,-1,-1,-1,0,0,0,136,1,1,0,0.0000000,0.0000000,0.0000000,0,0,0,0,758360004582375
798,3771825339,1000,1546,1546,2.3715343,-0.00028,-1,-1,-1,0,0,0,136,1,1,0,0.0000000,0.0000000,0.0000000,0,0,0,0,758360005581041
799,3771826339,1000,1546,1546,2.3715343,-0.00027,-1,-1,-1,0,0,0,136,1,1,0,0.0000000,0.0000000,0.0000000,0,0,0,0,758360006571833
800,3771827339,1000,1547,1547,2.3730683,0.05989,-1,-1,-1,0,0,0,136,1,1,0,0.0000000,0.0000000,0.0000000,0,0,0,0,758360007552958
801,3771828339,1000,1546,1546,2.3715343,-0.00261,-1,-1,-1,0,0,0,136,1,1,0,0.0000000,0.0000000,0.0000000,0,0,0,0,758360008550083
802,3771829339,1000,1546,1546,2.3715343,-0.00251,-1,-1,-1,0,0,0,136,1,1,0,0.0000000,0.0000000,0.0000000,0,0,0,0,758360009541041
803,3771830339,1000,1547,1547,2.3730683,0.05774,-1,-1,-1,0,0,0,136,1,1,0,0.0000000,0.0000000,0.0000000,0,0,0,0,758360010532083
804,3771831339,1000,1546,1546,2.3715343,-0.00467,-1,-1,-1,0,0,0,136,1,1,0,0.0000000,0.0000000,0.0000000,0,0,0,0,758360011567666
805,3771832339,1000,1546,1546,2.3715343,-0.00449,-1,-1,-1,0,0,0,136,1,1,0,0.0000000,0.0000000,0.0000000,0,0,0,0,758360012536750
806,3771833339,1000,1546,1546,2.3715343,-0.00431,-1,-1,-1,0,0,0,136,1,1,0,0.0000000,0.0000000,0.0000000,0,0,0,0,758360013555166
807,3771834339,1000,1546,1546,2.3715343,-0.00414,-1,-1,-1,0,0,0,136,1,1,0,0.0000000,0.0000000,0.0000000,0,0,0,0,758360014553541
808,3771835339,1000,1546,1546,2.3715343,-0.00398,-1,-1,-1,0,0,0,136,1,1,0,0.0000000,0.0000000,0.0000000,0,0,0,0,758360015550333
809,3771836339,1000,1546,1546,2.3715343,-0.00383,-1,-1,-1,0,0,0,136,1,1,0,0.0000000,0.0000000,0.0000000,0,0,0,0,758360016541333
810,3771837339,1000,1547,1547,2.3730683,0.05647,-1,-1,-1,0,0,0,136,1,1,0,0.0000000,0.0000000,0.0000000,0,0,0,0,758360017551500
811,3771838339,1000,1546,1546,2.3715343,-0.00589,-1,-1,-1,0,0,0,136,1,1,0,0.0000000,0.0000000,0.0000000,0,0,0,0,758360018546833
812,3771839339,1000,1546,1546,2.3715343,-0.00566,-1,-1,-1,0,0,0,136,1,1,0,0.0000000,0.0000000,0.0000000,0,0,0,0,758360019555041
813,3771840339,1000,1546,1546,2.3715343,-0.00544,-1,-1,-1,0,0,0,136,1,1,0,0.0000000,0.0000000,0.0000000,0,0,0,0,758360020549000
814,3771841339,1000,1546,1546,2.3715343,-0.00522,-1,-1,-1,0,0,0,136,1,1,0,0.0000000,0.0000000,0.0000000,0,0,0,0,758360021543416
815,3771842339,1000,1546,1546,2.3715343,-0.00502,-1,-1,-1,0,0,0,136,1,1,0,0.0000000,0.0000000,0.0000000,0,0,0,0,758360022545625
816,3771843339,1000,1546,1546,2.3715343,-0.00482,-1,-1,-1,0,0,0,136,1,1,0,0.0000000,0.0000000,0.0000000,0,0,0,0,758360023553875
817,3771844339,1000,1546,1546,2.3715343,-0.00463,-1,-1,-1,0,0,0,136,1,1,0,0.0000000,0.0000000,0.0000000,0,0,0,0,758360024537958
818,3771845339,1000,1546,1546,2.3715343,-0.00445,-1,-1,-1,0,0,0,136,1,1,0,0.0000000,0.0000000,0.0000000,0,0,0,0,758360025539041
819,3771846339,1000,1546,1546,2.3715343,-0.00428,-1,-1,-1,0,0,0,136,1,1,0,0.0000000,0.0000000,0.0000000,0,0,0,0,758360026536375
820,3771847339,1000,1546,1546,2.3715343,-0.00411,-1,-1,-1,0,0,0,136,1,1,0,0.0000000,0.0000000,0.0000000,0,0,0,0,758360027548166
821,3771848339,1000,1546,1546,2.3715343,-0.00395,-1,-1,-1,0,0,0,136,1,1,0,0.0000000,0.0000000,0.0000000,0,0,0,0,758360028551666
822,3771849339,1000,1546,1546,2.3715343,-0.00379,-1,-1,-1,0,0,0,136,1,1,0,0.0000000,0.0000000,0.0000000,0,0,0,0,758360029541291
823,3771850339,1000,1546,1546,2.3715343,-0.00364,-1,-1,-1,0,0,0,136,1,1,0,0.0000000,0.0000000,0.0000000,0,0,0,0,758360030555833
824,3771851339,1000,1546,1546,2.3715343,-0.00350,-1,-1,-1,0,0,0,136,1,1,0,0.0000000,0.0000000,0.0000000,0,0,0,0,758360031646916
825,3771852339,1000,1546,1546,2.3715343,-0.00336,39,126,2094,0,0,0,136,1,1,0,0.0000000,0.0000000,0.0000000,0,0,0,0,758360032955583
826,3771853339,1000,1546,1546,2.3715343,-0.00323,-1,-1,-1,0,0,0,136,1,1,0,0.0000000,0.0000000,0.0000000,0,0,0,0,758360033581250
827,3771854339,1000,1546,1546,2.3715343,-0.00311,-1,-1,-1,0,0,0,136,1,1,0,0.0000000,0.0000000,0.0000000,0,0,0,0,758360034548916
828,3771855339,1000,1546,1546,2.3715343,-0.00298,-1,-1,-1,0,0,0,136,1,1,0,0.0000000,0.0000000,0.0000000,0,0,0,0,758360035551125
829,3771856339,1000,1546,1546,2.3715343,-0.00287,-1,-1,-1,0,0,0,136,1,1,0,0.0000000,0.0000000,0.0000000,0,0,0,0,758360036549500
830,3771857339,1000,1546,1546,2.3715343,-0.00275,-1,-1,-1,0,0,0,136,1,1,0,0.0000000,0.0000000,0.0000000,0,0,0,0,758360037588916
831,3771858339,1000,1546,1546,2.3715343,-0.00265,-1,-1,-1,0,0,0,136,1,1,0,0.0000000,0.0000000,0.0000000,0,0,0,0,758360038562041
832,3771859339,1000,1546,1546,2.3715343,-0.00254,-1,-1,-1,0,0,0,136,1,1,0,0.0000000,0.0000000,0.0000000,0,0,0,0,758360039555958
833,3771860339,1000,1546,1546,2.3715343,-0.00244,-1,-1,-1,0,0,0,136,1,1,0,0.0000000,0.0000000,0.0000000,0,0,0,0,758360040548458
834,3771861339,1000,1546,1546,2.3715343,-0.00235,-1,-1,-1,0,0,0,136,1,1,0,0.0000000,0.0000000,0.0000000,0,0,0,0,758360041544333
835,3771862339,1000,1546,1546,2.3715343,-0.00226,-1,-1,-1,0,0,0,136,1,1,0,0.0000000,0.0000000,0.0000000,0,0,0,0,758360042550125
836,3771863339,1000,1546,1546,2.3715343,-0.00217,-1,-1,-1,0,0,0,136,1,1,0,0.0000000,0.0000000,0.0000000,0,0,0,0,758360043551708
837,3771864339,1000,1546,1546,2.3715343,-0.00208,-1,-1,-1,0,0,0,136,1,1,0,0.0000000,0.0000000,0.0000000,0,0,0,0,758360044546208
838,3771865339,1000,1546,1546,2.3715343,-0.00200,-1,-1,-1,0,0,0,136,1,1,0,0.0000000,0.0000000,0.0000000,0,0,0,0,758360045545833
839,3771866339,1000,1546,1546,2.3715343,-0.00192,-1,-1,-1,0,0,0,136,1,1,0,0.0000000,0.0000000,0.0000000,0,0,0,0,758360046546958
840,3771867339,1000,1546,1546,2.3715343,-0.00185,-1,-1,-1,0,0,0,136,1,1,0,0.0000000,0.0000000,0.0000000,0,0,0,0,758360047580416
841,3771868339,1000,1546,1546,2.3715343,-0.00177,-1,-1,-1,0,0,0,136,1,1,0,0.0000000,0.0000000,0.0000000,0,0,0,0,758360048570666
842,3771869339,1000,1546,1546,2.3715343,-0.00170,-1,-1,-1,0,0,0,136,1,1,0,0.0000000,0.0000000,0.0000000,0,0,0,0,758360049556000
843,3771870339,1000,1546,1546,2.3715343,-0.00164,-1,-1,-1,0,0,0,136,1,1,0,0.0000000,0.0000000,0.0000000,0,0,0,0,758360050551291
844,3771871339,1000,1546,1546,2.3715343,-0.00157,-1,-1,-1,0,0,0,136,1,1,0,0.0000000,0.0000000,0.0000000,0,0,0,0,758360051555916
845,3771872339,1000,1546,1546,2.3715343,-0.00151,-1,-1,-1,0,0,0,136,1,1,0,0.0000000,0.0000000,0.0000000,0,0,0,0,758360052550583
846,3771873339,1000,1546,1546,2.3715343,-0.00145,-1,-1,-1,0,0,0,136,1,1,0,0.0000000,0.0000000,0.0000000,0,0,0,0,758360053543541
847,3771874339,1000,1546,1546,2.3715343,-0.00140,-1,-1,-1,0,0,0,136,1,1,0,0.0000000,0.0000000,0.0000000,0,0,0,0,758360054681541
848,3771875339,1000,1547,1547,2.3730683,0.05881,-1,-1,-1,0,0,0,136,1,1,0,0.0000000,0.0000000,0.0000000,0,0,0,0,758360055772708
849,3771876339,1000,1546,1546,2.3715343,-0.00365,-1,-1,-1,0,0,0,136,1,1,0,0.0000000,0.0000000,0.0000000,0,0,0,0,758360056763333
850,3771877339,1000,1546,1546,2.3715343,-0.00350,-1,-1,-1,0,0,0,136,1,1,0,0.0000000,0.0000000,0.0000000,0,0,0,0,758360057688750
851,3771878339,1000,1546,1546,2.3715343,-0.00337,-1,-1,-1,0,0,0,135,1,1,0,0.0000000,0.0000000,0.0000000,0,0,0,0,758360058547250
852,3771879339,1000,1546,1546,2.3715343,-0.00323,-1,-1,-1,0,0,0,136,1,1,0,0.0000000,0.0000000,0.0000000,0,0,0,0,758360059551500
853,3771880339,1000,1546,1546,2.3715343,-0.00311,-1,-1,-1,0,0,0,136,1,1,0,0.0000000,0.0000000,0.0000000,0,0,0,0,758360060540583
854,3771881339,1000,1546,1546,2.3715343,-0.00299,-1,-1,-1,0,0,0,136,1,1,0,0.0000000,0.0000000,0.0000000,0,0,0,0,758360061548625
855,3771882339,1000,1546,1546,2.3715343,-0.00287,-1,-1,-1,0,0,0,136,1,1,0,0.0000000,0.0000000,0.0000000,0,0,0,0,758360062545750
856,3771883339,1000,1546,1546,2.3715343,-0.00276,-1,-1,-1,0,0,0,136,1,1,0,0.0000000,0.0000000,0.0000000,0,0,0,0,758360063539916
857,3771884339,1000,1546,1546,2.3715343,-0.00265,-1,-1,-1,0,0,0,136,1,1,0,0.0000000,0.0000000,0.0000000,0,0,0,0,758360064556666
858,3771885339,1000,1546,1546,2.3715343,-0.00254,-1,-1,-1,0,0,0,136,1,1,0,0.0000000,0.0000000,0.0000000,0,0,0,0,758360065547416
859,3771886339,1000,1546,1546,2.3715343,-0.00244,-1,-1,-1,0,0,0,136,1,1,0,0.0000000,0.0000000,0.0000000,0,0,0,0,758360066542833
860,3771887339,1000,1546,1546,2.3715343,-0.00235,-1,-1,-1,0,0,0,136,1,1,0,0.0000000,0.0000000,0.0000000,0,0,0,0,758360067549708
861,3771888339,1000,1546,1546,2.3715343,-0.00226,-1,-1,-1,0,0,0,136,1,1,0,0.0000000,0.0000000,0.0000000,0,0,0,0,758360068552541
862,3771889339,1000,1546,1546,2.3715343,-0.00217,-1,-1,-1,0,0,0,136,1,1,0,0.0000000,0.0000000,0.0000000,0,0,0,0,758360069546750
863,3771890339,1000,1546,1546,2.3715343,-0.00208,-1,-1,-1,0,0,0,136,1,1,0,0.0000000,0.0000000,0.0000000,0,0,0,0,758360070560333
864,3771891339,1000,1546,1546,2.3715343,-0.00200,-1,-1,-1,0,0,0,136,1,1,0,0.0000000,0.0000000,0.0000000,0,0,0,0,758360071550791
865,3771892339,1000,1546,1546,2.3715343,-0.00192,-1,-1,-1,0,0,0,135,1,1,0,0.0000000,0.0000000,0.0000000,0,0,0,0,758360072555291
866,3771893339,1000,1546,1546,2.3715343,-0.00185,-1,-1,-1,0,0,0,136,1,1,0,0.0000000,0.0000000,0.0000000,0,0,0,0,758360073553875
867,3771894339,1000,1546,1546,2.3715343,-0.00178,-1,-1,-1,0,0,0,136,1,1,0,0.0000000,0.0000000,0.0000000,0,0,0,0,758360074553500
868,3771895339,1000,1546,1546,2.3715343,-0.00171,-1,-1,-1,0,0,0,136,1,1,0,0.0000000,0.0000000,0.0000000,0,0,0,0,758360075552166
869,3771896339,1000,1546,1546,2.3715343,-0.00164,-1,-1,-1,0,0,0,136,1,1,0,0.0000000,0.0000000,0.0000000,0,0,0,0,758360076549291
870,3771897339,1000,1546,1546,2.3715343,-0.00157,-1,-1,-1,0,0,0,136,1,1,0,0.0000000,0.0000000,0.0000000,0,0,0,0,758360077553375
871,3771898339,1000,1546,1546,2.3715343,-0.00151,-1,-1,-1,0,0,0,136,1,1,0,0.0000000,0.0000000,0.0000000,0,0,0,0,758360078790250
872,3771899339,1000,1546,1546,2.3715343,-0.00145,-1,-1,-1,0,0,0,136,1,1,0,0.0000000,0.0000000,0.0000000,0,0,0,0,758360079775541
873,3771900339,1000,1546,1546,2.3715343,-0.00140,-1,-1,-1,0,0,0,136,1,1,0,0.0000000,0.0000000,0.0000000,0,0,0,0,758360080767583
874,3771901339,1000,1546,1546,2.3715343,-0.00134,-1,-1,-1,0,0,0,136,1,1,0,0.0000000,0.0000000,0.0000000,0,0,0,0,758360081624750
875,3771902339,1000,1546,1546,2.3715343,-0.00129,39,126,2094,0,0,0,136,1,1,0,0.0000000,0.0000000,0.0000000,0,0,0,0,758360082925625
876,3771903339,1000,1546,1546,2.3715343,-0.00124,-1,-1,-1,0,0,0,136,1,1,0,0.0000000,0.0000000,0.0000000,0,0,0,0,758360083625875
877,3771904339,1000,1546,1546,2.3715343,-0.00119,-1,-1,-1,0,0,0,136,1,1,0,0.0000000,0.0000000,0.0000000,0,0,0,0,758360084563000
878,3771905339,1000,1546,1546,2.3715343,-0.00114,-1,-1,-1,0,0,0,136,1,1,0,0.0000000,0.0000000,0.0000000,0,0,0,0,758360085550000
879,3771906339,1000,1546,1546,2.3715343,-0.00110,-1,-1,-1,0,0,0,136,1,1,0,0.0000000,0.0000000,0.0000000,0,0,0,0,758360086544875
880,3771907339,1000,1546,1546,2.3715343,-0.00106,-1,-1,-1,0,0,0,136,1,1,0,0.0000000,0.0000000,0.0000000,0,0,0,0,758360087546666
881,3771908339,1000,1546,1546,2.3715343,-0.00101,-1,-1,-1,0,0,0,136,1,1,0,0.0000000,0.0000000,0.0000000,0,0,0,0,758360088769916
882,3771909339,1000,1546,1546,2.3715343,-0.00097,-1,-1,-1,0,0,0,136,1,1,0,0.0000000,0.0000000,0.0000000,0,0,0,0,758360089782000
883,3771910339,1000,1546,1546,2.3715343,-0.00094,-1,-1,-1,0,0,0,136,1,1,0,0.0000000,0.0000000,0.0000000,0,0,0,0,758360090769791
884,3771911339,1000,1546,1546,2.3715343,-0.00090,-1,-1,-1,0,0,0,136,1,1,0,0.0000000,0.0000000,0.0000000,0,0,0,0,758360091587958
885,3771912339,1000,1546,1546,2.3715343,-0.00086,-1,-1,-1,0,0,0,136,1,1,0,0.0000000,0.0000000,0.0000000,0,0,0,0,758360092550958
886,3771913339,1000,1546,1546,2.3715343,-0.00083,-1,-1,-1,0,0,0,136,1,1,0,0.0000000,0.0000000,0.0000000,0,0,0,0,758360093585125
887,3771914339,1000,1546,1546,2.3715343,-0.00080,-1,-1,-1,0,0,0,136,1,1,0,0.0000000,0.0000000,0.0000000,0,0,0,0,758360094567500
888,3771915339,1000,1546,1546,2.3715343,-0.00077,-1,-1,-1,0,0,0,136,1,1,0,0.0000000,0.0000000,0.0000000,0,0,0,0,758360095562625
889,3771916339,1000,1546,1546,2.3715343,-0.00074,-1,-1,-1,0,0,0,136,1,1,0,0.0000000,0.0000000,0.0000000,0,0,0,0,758360096549041
890,3771917339,1000,1546,1546,2.3715343,-0.00071,-1,-1,-1,0,0,0,136,1,1,0,0.0000000,0.0000000,0.0000000,0,0,0,0,758360097555208
891,3771918339,1000,1546,1546,2.3715343,-0.00068,-1,-1,-1,0,0,0,136,1,1,0,0.0000000,0.0000000,0.0000000,0,0,0,0,758360098560291
892,3771919339,1000,1547,1547,2.3730683,0.05950,-1,-1,-1,0,0,0,136,1,1,0,0.0000000,0.0000000,0.0000000,0,0,0,0,758360099678000
893,3771920339,1000,1546,1546,2.3715343,-0.00299,-1,-1,-1,0,0,0,136,1,1,0,0.0000000,0.0000000,0.0000000,0,0,0,0,758360100570333
894,3771921339,1000,1546,1546,2.3715343,-0.00287,-1,-1,-1,0,0,0,136,1,1,0,0.0000000,0.0000000,0.0000000,0,0,0,0,758360101475541
895,3771922339,1000,1546,1546,2.3715343,-0.00276,-1,-1,-1,0,0,0,136,1,1,0,0.0000000,0.0000000,0.0000000,0,0,0,0,758360102518375
896,3771923339,1000,1546,1546,2.3715343,-0.00265,-1,-1,-1,0,0,0,136,1,1,0,0.0000000,0.0000000,0.0000000,0,0,0,0,758360104339750
897,3771924339,1000,1546,1546,2.3715343,-0.00254,-1,-1,-1,0,0,0,136,1,1,0,0.0000000,0.0000000,0.0000000,0,0,0,0,758360106165000
898,3771925339,1000,1546,1546,2.3715343,-0.00244,-1,-1,-1,0,0,0,136,1,1,0,0.0000000,0.0000000,0.0000000,0,0,0,0,758360106639833
899,3771926339,1000,1546,1546,2.3715343,-0.00235,-1,-1,-1,0,0,0,136,1,1,0,0.0000000,0.0000000,0.0000000,0,0,0,0,758360107266666
900,3771927339,1000,1546,1546,2.3715343,-0.00226,-1,-1,-1,0,0,0,136,1,1,0,0.0000000,0.0000000,0.0000000,0,0,0,0,758360107883416
901,3771928339,1000,1546,1546,2.3715343,-0.00217,-1,-1,-1,0,0,0,136,1,1,0,0.0000000,0.0000000,0.0000000,0,0,0,0,758360108499916
902,3771929339,1000,1547,1547,2.3730683,0.05807,-1,-1,-1,0,0,0,136,1,1,0,0.0000000,0.0000000,0.0000000,0,0,0,0,758360109543375
903,3771930339,1000,1546,1546,2.3715343,-0.00436,-1,-1,-1,0,0,0,136,1,1,0,0.0000000,0.0000000,0.0000000,0,0,0,0,758360110403500
904,3771931339,1000,1546,1546,2.3715343,-0.00419,-1,-1,-1,0,0,0,136,1,1,0,0.0000000,0.0000000,0.0000000,0,0,0,0,758360111476958
905,3771932339,1000,1546,1546,2.3715343,-0.00402,-1,-1,-1,0,0,0,136,1,1,0,0.0000000,0.0000000,0.0000000,0,0,0,0,758360112383333
906,3771933339,1000,1546,1546,2.3715343,-0.00387,-1,-1,-1,0,0,0,136,1,1,0,0.0000000,0.0000000,0.0000000,0,0,0,0,758360113553958
907,3771934339,1000,1546,1546,2.3715343,-0.00372,-1,-1,-1,0,0,0,136,1,1,0,0.0000000,0.0000000,0.0000000,0,0,0,0,758360114557750
908,3771935339,1000,1546,1546,2.3715343,-0.00357,-1,-1,-1,0,0,0,136,1,1,0,0.0000000,0.0000000,0.0000000,0,0,0,0,758360115550916
909,3771936339,1000,1546,1546,2.3715343,-0.00343,-1,-1,-1,0,0,0,136,1,1,0,0.0000000,0.0000000,0.0000000,0,0,0,0,758360116556916
910,3771937339,1000,1547,1547,2.3730683,0.05685,-1,-1,-1,0,0,0,136,1,1,0,0.0000000,0.0000000,0.0000000,0,0,0,0,758360117544000
911,3771938339,1000,1546,1546,2.3715343,-0.00552,-1,-1,-1,0,0,0,136,1,1,0,0.0000000,0.0000000,0.0000000,0,0,0,0,758360118549833
912,3771939339,1000,1546,1546,2.3715343,-0.00531,-1,-1,-1,0,0,0,136,1,1,0,0.0000000,0.0000000,0.0000000,0,0,0,0,758360119564083
913,3771940339,1000,1546,1546,2.3715343,-0.00510,-1,-1,-1,0,0,0,136,1,1,0,0.0000000,0.0000000,0.0000000,0,0,0,0,758360120560791
914,3771941339,1000,1546,1546,2.3715343,-0.00490,-1,-1,-1,0,0,0,136,1,1,0,0.0000000,0.0000000,0.0000000,0,0,0,0,758360121553250
915,3771942339,1000,1546,1546,2.3715343,-0.00471,-1,-1,-1,0,0,0,136,1,1,0,0.0000000,0.0000000,0.0000000,0,0,0,0,758360122558833
916,3771943339,1000,1546,1546,2.3715343,-0.00452,-1,-1,-1,0,0,0,136,1,1,0,0.0000000,0.0000000,0.0000000,0,0,0,0,758360123567125
917,3771944339,1000,1546,1546,2.3715343,-0.00435,-1,-1,-1,0,0,0,136,1,1,0,0.0000000,0.0000000,0.0000000,0,0,0,0,758360124542291
918,3771945339,1000,1547,1547,2.3730683,0.05597,-1,-1,-1,0,0,0,136,1,1,0,0.0000000,0.0000000,0.0000000,0,0,0,0,758360125571083
919,3771946339,1000,1546,1546,2.3715343,-0.00637,-1,-1,-1,0,0,0,136,1,1,0,0.0000000,0.0000000,0.0000000,0,0,0,0,758360126551208
920,3771947339,1000,1546,1546,2.3715343,-0.00612,-1,-1,-1,0,0,0,136,1,1,0,0.0000000,0.0000000,0.0000000,0,0,0,0,758360127565416
921,3771948339,1000,1546,1546,2.3715343,-0.00588,-1,-1,-1,0,0,0,136,1,1,0,0.0000000,0.0000000,0.0000000,0,0,0,0,758360128550458
922,3771949339,1000,1546,1546,2.3715343,-0.00565,-1,-1,-1,0,0,0,136,1,1,0,0.0000000,0.0000000,0.0000000,0,0,0,0,758360129547666
923,3771950339,1000,1546,1546,2.3715343,-0.00543,-1,-1,-1,0,0,0,136,1,1,0,0.0000000,0.0000000,0.0000000,0,0,0,0,758360130554750
924,3771951339,1000,1546,1546,2.3715343,-0.00522,-1,-1,-1,0,0,0,136,1,1,0,0.0000000,0.0000000,0.0000000,0,0,0,0,758360131545166
925,3771952339,1000,1546,1546,2.3715343,-0.00501,39,126,2092,0,0,0,136,1,1,0,0.0000000,0.0000000,0.0000000,0,0,0,0,758360133009458
926,3771953339,1000,1546,1546,2.3715343,-0.00481,-1,-1,-1,0,0,0,136,1,1,0,0.0000000,0.0000000,0.0000000,0,0,0,0,758360133626458
927,3771954339,1000,1546,1546,2.3715343,-0.00463,-1,-1,-1,0,0,0,136,1,1,0,0.0000000,0.0000000,0.0000000,0,0,0,0,758360134548000
928,3771955339,1000,1546,1546,2.3715343,-0.00444,-1,-1,-1,0,0,0,135,1,1,0,0.0000000,0.0000000,0.0000000,0,0,0,0,758360135555208
929,3771956339,1000,1546,1546,2.3715343,-0.00427,-1,-1,-1,0,0,0,136,1,1,0,0.0000000,0.0000000,0.0000000,0,0,0,0,758360136547583
930,3771957339,1000,1546,1546,2.3715343,-0.00410,-1,-1,-1,0,0,0,136,1,1,0,0.0000000,0.0000000,0.0000000,0,0,0,0,758360137658083
931,3771958339,1000,1546,1546,2.3715343,-0.00394,-1,-1,-1,0,0,0,136,1,1,0,0.0000000,0.0000000,0.0000000,0,0,0,0,758360138780708
932,3771959339,1000,1546,1546,2.3715343,-0.00379,-1,-1,-1,0,0,0,136,1,1,0,0.0000000,0.0000000,0.0000000,0,0,0,0,758360139767916
933,3771960339,1000,1546,1546,2.3715343,-0.00364,-1,-1,-1,0,0,0,136,1,1,0,0.0000000,0.0000000,0.0000000,0,0,0,0,758360140700041
934,3771961339,1000,1546,1546,2.3715343,-0.00350,-1,-1,-1,0,0,0,136,1,1,0,0.0000000,0.0000000,0.0000000,0,0,0,0,758360141555875
935,3771962339,1000,1546,1546,2.3715343,-0.00336,-1,-1,-1,0,0,0,136,1,1,0,0.0000000,0.0000000,0.0000000,0,0,0,0,758360142561166
936,3771963339,1000,1546,1546,2.3715343,-0.00323,-1,-1,-1,0,0,0,136,1,1,0,0.0000000,0.0000000,0.0000000,0,0,0,0,758360143545333
937,3771964339,1000,1546,1546,2.3715343,-0.00310,-1,-1,-1,0,0,0,136,1,1,0,0.0000000,0.0000000,0.0000000,0,0,0,0,758360144553291
938,3771965339,1000,1546,1546,2.3715343,-0.00298,-1,-1,-1,0,0,0,136,1,1,0,0.0000000,0.0000000,0.0000000,0,0,0,0,758360145547458
939,3771966339,1000,1546,1546,2.3715343,-0.00286,-1,-1,-1,0,0,0,136,1,1,0,0.0000000,0.0000000,0.0000000,0,0,0,0,758360146549291
940,3771967339,1000,1547,1547,2.3730683,0.05740,-1,-1,-1,0,0,0,136,1,1,0,0.0000000,0.0000000,0.0000000,0,0,0,0,758360147545166
941,3771968339,1000,1546,1546,2.3715343,-0.00500,-1,-1,-1,0,0,0,136,1,1,0,0.0000000,0.0000000,0.0000000,0,0,0,0,758360148549375
942,3771969339,1000,1546,1546,2.3715343,-0.00480,-1,-1,-1,0,0,0,136,1,1,0,0.0000000,0.0000000,0.0000000,0,0,0,0,758360149552208
943,3771970339,1000,1546,1546,2.3715343,-0.00462,-1,-1,-1,0,0,0,136,1,1,0,0.0000000,0.0000000,0.0000000,0,0,0,0,758360150544833
944,3771971339,1000,1546,1546,2.3715343,-0.00444,-1,-1,-1,0,0,0,136,1,1,0,0.0000000,0.0000000,0.0000000,0,0,0,0,758360151555333
945,3771972339,1000,1546,1546,2.3715343,-0.00426,-1,-1,-1,0,0,0,136,1,1,0,0.0000000,0.0000000,0.0000000,0,0,0,0,758360152547958
946,3771973339,1000,1546,1546,2.3715343,-0.00409,-1,-1,-1,0,0,0,136,1,1,0,0.0000000,0.0000000,0.0000000,0,0,0,0,758360153551083
947,3771974339,1000,1546,1546,2.3715343,-0.00393,-1,-1,-1,0,0,0,136,1,1,0,0.0000000,0.0000000,0.0000000,0,0,0,0,758360154556000
948,3771975339,1000,1546,1546,2.3715343,-0.00378,-1,-1,-1,0,0,0,136,1,1,0,0.0000000,0.0000000,0.0000000,0,0,0,0,758360155553666
949,3771976339,1000,1546,1546,2.3715343,-0.00363,-1,-1,-1,0,0,0,136,1,1,0,0.0000000,0.0000000,0.0000000,0,0,0,0,758360156559250
950,3771977339,1000,1546,1546,2.3715343,-0.00349,-1,-1,-1,0,0,0,136,1,1,0,0.0000000,0.0000000,0.0000000,0,0,0,0,758360157548750
951,3771978339,1000,1546,1546,2.3715343,-0.00335,-1,-1,-1,0,0,0,136,1,1,0,0.0000000,0.0000000,0.0000000,0,0,0,0,758360158666250
952,3771979339,1000,1546,1546,2.3715343,-0.00322,-1,-1,-1,0,0,0,136,1,1,0,0.0000000,0.0000000,0.0000000,0,0,0,0,758360159786333
953,3771980339,1000,1546,1546,2.3715343,-0.00309,-1,-1,-1,0,0,0,136,1,1,0,0.0000000,0.0000000,0.0000000,0,0,0,0,758360160761666
954,3771981339,1000,1546,1546,2.3715343,-0.00297,-1,-1,-1,0,0,0,136,1,1,0,0.0000000,0.0000000,0.0000000,0,0,0,0,758360161774541
955,3771982339,1000,1546,1546,2.3715343,-0.00286,-1,-1,-1,0,0,0,136,1,1,0,0.0000000,0.0000000,0.0000000,0,0,0,0,758360162626833
956,3771983339,1000,1546,1546,2.3715343,-0.00274,-1,-1,-1,0,0,0,136,1,1,0,0.0000000,0.0000000,0.0000000,0,0,0,0,758360163542666
957,3771984339,1000,1546,1546,2.3715343,-0.00264,-1,-1,-1,0,0,0,136,1,1,0,0.0000000,0.0000000,0.0000000,0,0,0,0,758360164546416
958,3771985339,1000,1546,1546,2.3715343,-0.00253,-1,-1,-1,0,0,0,136,1,1,0,0.0000000,0.0000000,0.0000000,0,0,0,0,758360165542541
959,3771986339,1000,1546,1546,2.3715343,-0.00243,-1,-1,-1,0,0,0,136,1,1,0,0.0000000,0.0000000,0.0000000,0,0,0,0,758360166546083
960,3771987339,1000,1546,1546,2.3715343,-0.00234,-1,-1,-1,0,0,0,136,1,1,0,0.0000000,0.0000000,0.0000000,0,0,0,0,758360167775333
961,3771988339,1000,1546,1546,2.3715343,-0.00225,-1,-1,-1,0,0,0,136,1,1,0,0.0000000,0.0000000,0.0000000,0,0,0,0,758360168767291
962,3771989339,1000,1546,1546,2.3715343,-0.00216,-1,-1,-1,0,0,0,136,1,1,0,0.0000000,0.0000000,0.0000000,0,0,0,0,758360169777833
963,3771990339,1000,1546,1546,2.3715343,-0.00207,-1,-1,-1,0,0,0,136,1,1,0,0.0000000,0.0000000,0.0000000,0,0,0,0,758360170614333
964,3771991339,1000,1546,1546,2.3715343,-0.00199,-1,-1,-1,0,0,0,136,1,1,0,0.0000000,0.0000000,0.0000000,0,0,0,0,758360171545125
965,3771992339,1000,1546,1546,2.3715343,-0.00191,-1,-1,-1,0,0,0,136,1,1,0,0.0000000,0.0000000,0.0000000,0,0,0,0,758360172568833
966,3771993339,1000,1547,1547,2.3730683,0.05831,-1,-1,-1,0,0,0,136,1,1,0,0.0000000,0.0000000,0.0000000,0,0,0,0,758360173561125
967,3771994339,1000,1546,1546,2.3715343,-0.00413,-1,-1,-1,0,0,0,136,1,1,0,0.0000000,0.0000000,0.0000000,0,0,0,0,758360174556708
968,3771995339,1000,1546,1546,2.3715343,-0.00396,-1,-1,-1,0,0,0,136,1,1,0,0.0000000,0.0000000,0.0000000,0,0,0,0,758360175554833
969,3771996339,1000,1546,1546,2.3715343,-0.00381,-1,-1,-1,0,0,0,136,1,1,0,0.0000000,0.0000000,0.0000000,0,0,0,0,758360176536916
970,3771997339,1000,1546,1546,2.3715343,-0.00366,-1,-1,-1,0,0,0,136,1,1,0,0.0000000,0.0000000,0.0000000,0,0,0,0,758360177550791
971,3771998339,1000,1546,1546,2.3715343,-0.00352,-1,-1,-1,0,0,0,136,1,1,0,0.0000000,0.0000000,0.0000000,0,0,0,0,758360178535041
972,3771999339,1000,1546,1546,2.3715343,-0.00338,-1,-1,-1,0,0,0,136,1,1,0,0.0000000,0.0000000,0.0000000,0,0,0,0,758360179548416
973,3772000339,1000,1546,1546,2.3715343,-0.00325,-1,-1,-1,0,0,0,136,1,1,0,0.0000000,0.0000000,0.0000000,0,0,0,0,758360180630083
974,3772001339,1000,1546,1546,2.3715343,-0.00312,-1,-1,-1,0,0,0,136,1,1,0,0.0000000,0.0000000,0.0000000,0,0,0,0,758360181776958
975,3772002339,1000,1546,1546,2.3715343,-0.00300,39,126,2095,0,0,0,136,1,1,0,0.0000000,0.0000000,0.0000000,0,0,0,0,758360183163458
976,3772003339,1000,1546,1546,2.3715343,-0.00288,-1,-1,-1,0,0,0,136,1,1,0,0.0000000,0.0000000,0.0000000,0,0,0,0,758360184003666
977,3772004339,1000,1546,1546,2.3715343,-0.00277,-1,-1,-1,0,0,0,136,1,1,0,0.0000000,0.0000000,0.0000000,0,0,0,0,758360184830791
978,3772005339,1000,1546,1546,2.3715343,-0.00266,-1,-1,-1,0,0,0,136,1,1,0,0.0000000,0.0000000,0.0000000,0,0,0,0,758360185769166
979,3772006339,1000,1546,1546,2.3715343,-0.00255,-1,-1,-1,0,0,0,136,1,1,0,0.0000000,0.0000000,0.0000000,0,0,0,0,758360186573666
980,3772007339,1000,1546,1546,2.3715343,-0.00245,-1,-1,-1,0,0,0,136,1,1,0,0.0000000,0.0000000,0.0000000,0,0,0,0,758360187544041
981,3772008339,1000,1546,1546,2.3715343,-0.00236,-1,-1,-1,0,0,0,136,1,1,0,0.0000000,0.0000000,0.0000000,0,0,0,0,758360188558541
982,3772009339,1000,1546,1546,2.3715343,-0.00226,-1,-1,-1,0,0,0,136,1,1,0,0.0000000,0.0000000,0.0000000,0,0,0,0,758360189544708
983,3772010339,1000,1546,1546,2.3715343,-0.00218,-1,-1,-1,0,0,0,136,1,1,0,0.0000000,0.0000000,0.0000000,0,0,0,0,758360190547083
984,3772011339,1000,1546,1546,2.3715343,-0.00209,-1,-1,-1,0,0,0,136,1,1,0,0.0000000,0.0000000,0.0000000,0,0,0,0,758360191556291
985,3772012339,1000,1546,1546,2.3715343,-0.00201,-1,-1,-1,0,0,0,136,1,1,0,0.0000000,0.0000000,0.0000000,0,0,0,0,758360192542791
986,3772013339,1000,1546,1546,2.3715343,-0.00193,-1,-1,-1,0,0,0,136,1,1,0,0.0000000,0.0000000,0.0000000,0,0,0,0,758360193542875
987,3772014339,1000,1546,1546,2.3715343,-0.00185,-1,-1,-1,0,0,0,136,1,1,0,0.0000000,0.0000000,0.0000000,0,0,0,0,758360194543333
988,3772015339,1000,1546,1546,2.3715343,-0.00178,-1,-1,-1,0,0,0,136,1,1,0,0.0000000,0.0000000,0.0000000,0,0,0,0,758360195549083
989,3772016339,1000,1546,1546,2.3715343,-0.00171,-1,-1,-1,0,0,0,136,1,1,0,0.0000000,0.0000000,0.0000000,0,0,0,0,758360196546833
990,3772017339,1000,1546,1546,2.3715343,-0.00164,-1,-1,-1,0,0,0,136,1,1,0,0.0000000,0.0000000,0.0000000,0,0,0,0,758360197551541
991,3772018339,1000,1546,1546,2.3715343,-0.00158,-1,-1,-1,0,0,0,136,1,1,0,0.0000000,0.0000000,0.0000000,0,0,0,0,758360198555833
992,3772019339,1000,1546,1546,2.3715343,-0.00152,-1,-1,-1,0,0,0,136,1,1,0,0.0000000,0.0000000,0.0000000,0,0,0,0,758360199553458
993,3772020339,1000,1546,1546,2.3715343,-0.00146,-1,-1,-1,0,0,0,136,1,1,0,0.0000000,0.0000000,0.0000000,0,0,0,0,758360200543875
994,3772021339,1000,1546,1546,2.3715343,-0.00140,-1,-1,-1,0,0,0,136,1,1,0,0.0000000,0.0000000,0.0000000,0,0,0,0,758360201555041
995,3772022339,1000,1546,1546,2.3715343,-0.00135,-1,-1,-1,0,0,0,136,1,1,0,0.0000000,0.0000000,0.0000000,0,0,0,0,758360202545166
996,3772023339,1000,1546,1546,2.3715343,-0.00129,-1,-1,-1,0,0,0,136,1,1,0,0.0000000,0.0000000,0.0000000,0,0,0,0,758360203548500
997,3772024339,1000,1546,1546,2.3715343,-0.00124,-1,-1,-1,0,0,0,136,1,1,0,0.0000000,0.0000000,0.0000000,0,0,0,0,758360204563083
998,3772025339,1000,1546,1546,2.3715343,-0.00119,-1,-1,-1,0,0,0,136,1,1,0,0.0000000,0.0000000,0.0000000,0,0,0,0,758360205548125
999,3772026339,1000,1546,1546,2.3715343,-0.00115,-1,-1,-1,0,0,0,136,1,1,0,0.0000000,0.0000000,0.0000000,0,0,0,0,758360206550666
1000,3772027339,1000,1546,1546,2.3715343,-0.00110,-1,-1,-1,0,0,0,136,1,1,0,0.0000000,0.0000000,0.0000000,0,0,0,0,758360207583041
1001,3772028339,1000,1546,1546,2.3715343,-0.00106,-1,-1,-1,0,0,0,136,1,1,0,0.0000000,0.0000000,0.0000000,0,0,0,0,758360208560583
1002,3772029339,1000,1546,1546,2.3715343,-0.00102,-1,-1,-1,0,0,0,136,1,1,0,0.0000000,0.0000000,0.0000000,0,0,0,0,758360209562708
1003,3772030339,1000,1546,1546,2.3715343,-0.00098,-1,-1,-1,0,0,0,136,1,1,0,0.0000000,0.0000000,0.0000000,0,0,0,0,758360210581083
1004,3772031339,1000,1546,1546,2.3715343,-0.00094,-1,-1,-1,0,0,0,136,1,1,0,0.0000000,0.0000000,0.0000000,0,0,0,0,758360211572333
1005,3772032339,1000,1546,1546,2.3715343,-0.00090,-1,-1,-1,0,0,0,136,1,1,0,0.0000000,0.0000000,0.0000000,0,0,0,0,758360212607458
1006,3772033339,1000,1546,1546,2.3715343,-0.00087,-1,-1,-1,0,0,0,136,1,1,0,0.0000000,0.0000000,0.0000000,0,0,0,0,758360213570375
1007,3772034339,1000,1546,1546,2.3715343,-0.00083,-1,-1,-1,0,0,0,136,1,1,0,0.0000000,0.0000000,0.0000000,0,0,0,0,758360214542583
1008,3772035339,1000,1546,1546,2.3715343,-0.00080,-1,-1,-1,0,0,0,136,1,1,0,0.0000000,0.0000000,0.0000000,0,0,0,0,758360215814208
1009,3772036339,1000,1546,1546,2.3715343,-0.00077,-1,-1,-1,0,0,0,136,1,1,0,0.0000000,0.0000000,0.0000000,0,0,0,0,758360216777625
1010,3772037339,1000,1546,1546,2.3715343,-0.00074,-1,-1,-1,0,0,0,136,1,1,0,0.0000000,0.0000000,0.0000000,0,0,0,0,758360217683875
1011,3772038339,1000,1546,1546,2.3715343,-0.00071,-1,-1,-1,0,0,0,136,1,1,0,0.0000000,0.0000000,0.0000000,0,0,0,0,758360218565916
1012,3772039339,1000,1546,1546,2.3715343,-0.00068,-1,-1,-1,0,0,0,136,1,1,0,0.0000000,0.0000000,0.0000000,0,0,0,0,758360219551000
1013,3772040339,1000,1546,1546,2.3715343,-0.00066,-1,-1,-1,0,0,0,136,1,1,0,0.0000000,0.0000000,0.0000000,0,0,0,0,758360220540750
1014,3772041339,1000,1546,1546,2.3715343,-0.00063,-1,-1,-1,0,0,0,136,1,1,0,0.0000000,0.0000000,0.0000000,0,0,0,0,758360221536666
1015,3772042339,1000,1546,1546,2.3715343,-0.00060,-1,-1,-1,0,0,0,136,1,1,0,0.0000000,0.0000000,0.0000000,0,0,0,0,758360222557458
1016,3772043339,1000,1547,1547,2.3730683,0.05957,-1,-1,-1,0,0,0,136,1,1,0,0.0000000,0.0000000,0.0000000,0,0,0,0,758360223563666
1017,3772044339,1000,1546,1546,2.3715343,-0.00292,-1,-1,-1,0,0,0,136,1,1,0,0.0000000,0.0000000,0.0000000,0,0,0,0,758360224550333
1018,3772045339,1000,1546,1546,2.3715343,-0.00280,-1,-1,-1,0,0,0,136,1,1,0,0.0000000,0.0000000,0.0000000,0,0,0,0,758360225541666
1019,3772046339,1000,1546,1546,2.3715343,-0.00269,-1,-1,-1,0,0,0,136,1,1,0,0.0000000,0.0000000,0.0000000,0,0,0,0,758360226558208
1020,3772047339,1000,1546,1546,2.3715343,-0.00259,-1,-1,-1,0,0,0,136,1,1,0,0.0000000,0.0000000,0.0000000,0,0,0,0,758360227561875
1021,3772048339,1000,1546,1546,2.3715343,-0.00249,-1,-1,-1,0,0,0,136,1,1,0,0.0000000,0.0000000,0.0000000,0,0,0,0,758360228541208
1022,3772049339,1000,1546,1546,2.3715343,-0.00239,-1,-1,-1,0,0,0,136,1,1,0,0.0000000,0.0000000,0.0000000,0,0,0,0,758360229550125
1023,3772050339,1000,1547,1547,2.3730683,0.05785,-1,-1,-1,0,0,0,136,1,1,0,0.0000000,0.0000000,0.0000000,0,0,0,0,758360230550083
1024,3772051339,1000,1546,1546,2.3715343,-0.00456,-1,-1,-1,0,0,0,136,1,1,0,0.0000000,0.0000000,0.0000000,0,0,0,0,758360231533541
1025,3772052339,1000,1546,1546,2.3715343,-0.00438,39,126,2095,0,0,0,136,1,1,0,0.0000000,0.0000000,0.0000000,0,0,0,0,758360232993375
1026,3772053339,1000,1547,1547,2.3730683,0.05594,-1,-1,-1,0,0,0,136,1,1,0,0.0000000,0.0000000,0.0000000,0,0,0,0,758360233611833
1027,3772054339,1000,1546,1546,2.3715343,-0.00641,-1,-1,-1,0,0,0,136,1,1,0,0.0000000,0.0000000,0.0000000,0,0,0,0,758360234538541
1028,3772055339,1000,1546,1546,2.3715343,-0.00615,-1,-1,-1,0,0,0,136,1,1,0,0.0000000,0.0000000,0.0000000,0,0,0,0,758360235545250
1029,3772056339,1000,1546,1546,2.3715343,-0.00591,-1,-1,-1,0,0,0,136,1,1,0,0.0000000,0.0000000,0.0000000,0,0,0,0,758360236541000
1030,3772057339,1000,1546,1546,2.3715343,-0.00568,-1,-1,-1,0,0,0,136,1,1,0,0.0000000,0.0000000,0.0000000,0,0,0,0,758360237542500
1031,3772058339,1000,1546,1546,2.3715343,-0.00546,-1,-1,-1,0,0,0,136,1,1,0,0.0000000,0.0000000,0.0000000,0,0,0,0,758360238560375
1032,3772059339,1000,1546,1546,2.3715343,-0.00524,-1,-1,-1,0,0,0,136,1,1,0,0.0000000,0.0000000,0.0000000,0,0,0,0,758360239566500
1033,3772060339,1000,1546,1546,2.3715343,-0.00504,-1,-1,-1,0,0,0,136,1,1,0,0.0000000,0.0000000,0.0000000,0,0,0,0,758360240556666
1034,3772061339,1000,1546,1546,2.3715343,-0.00484,-1,-1,-1,0,0,0,136,1,1,0,0.0000000,0.0000000,0.0000000,0,0,0,0,758360241554375
1035,3772062339,1000,1546,1546,2.3715343,-0.00465,-1,-1,-1,0,0,0,136,1,1,0,0.0000000,0.0000000,0.0000000,0,0,0,0,758360242791250
1036,3772063339,1000,1546,1546,2.3715343,-0.00447,-1,-1,-1,0,0,0,136,1,1,0,0.0000000,0.0000000,0.0000000,0,0,0,0,758360243770458
1037,3772064339,1000,1546,1546,2.3715343,-0.00429,-1,-1,-1,0,0,0,136,1,1,0,0.0000000,0.0000000,0.0000000,0,0,0,0,758360244777166
1038,3772065339,1000,1546,1546,2.3715343,-0.00413,-1,-1,-1,0,0,0,136,1,1,0,0.0000000,0.0000000,0.0000000,0,0,0,0,758360245618375
1039,3772066339,1000,1546,1546,2.3715343,-0.00396,-1,-1,-1,0,0,0,136,1,1,0,0.0000000,0.0000000,0.0000000,0,0,0,0,758360246597083
1040,3772067339,1000,1546,1546,2.3715343,-0.00381,-1,-1,-1,0,0,0,136,1,1,0,0.0000000,0.0000000,0.0000000,0,0,0,0,758360247574958
1041,3772068339,1000,1546,1546,2.3715343,-0.00366,-1,-1,-1,0,0,0,136,1,1,0,0.0000000,0.0000000,0.0000000,0,0,0,0,758360248576750
1042,3772069339,1000,1546,1546,2.3715343,-0.00352,-1,-1,-1,0,0,0,136,1,1,0,0.0000000,0.0000000,0.0000000,0,0,0,0,758360249580666
1043,3772070339,1000,1546,1546,2.3715343,-0.00338,-1,-1,-1,0,0,0,136,1,1,0,0.0000000,0.0000000,0.0000000,0,0,0,0,758360250585833
1044,3772071339,1000,1546,1546,2.3715343,-0.00325,-1,-1,-1,0,0,0,136,1,1,0,0.0000000,0.0000000,0.0000000,0,0,0,0,758360251600000
1045,3772072339,1000,1546,1546,2.3715343,-0.00312,-1,-1,-1,0,0,0,136,1,1,0,0.0000000,0.0000000,0.0000000,0,0,0,0,758360252578083
1046,3772073339,1000,1546,1546,2.3715343,-0.00300,-1,-1,-1,0,0,0,136,1,1,0,0.0000000,0.0000000,0.0000000,0,0,0,0,758360253568458
1047,3772074339,1000,1546,1546,2.3715343,-0.00288,-1,-1,-1,0,0,0,136,1,1,0,0.0000000,0.0000000,0.0000000,0,0,0,0,758360254575791
1048,3772075339,1000,1546,1546,2.3715343,-0.00277,-1,-1,-1,0,0,0,136,1,1,0,0.0000000,0.0000000,0.0000000,0,0,0,0,758360255573250
1049,3772076339,1000,1546,1546,2.3715343,-0.00266,-1,-1,-1,0,0,0,136,1,1,0,0.0000000,0.0000000,0.0000000,0,0,0,0,758360256554791
1050,3772077339,1000,1546,1546,2.3715343,-0.00255,-1,-1,-1,0,0,0,136,1,1,0,0.0000000,0.0000000,0.0000000,0,0,0,0,758360257577416
1051,3772078339,1000,1546,1546,2.3715343,-0.00245,-1,-1,-1,0,0,0,136,1,1,0,0.0000000,0.0000000,0.0000000,0,0,0,0,758360258566416
1052,3772079339,1000,1546,1546,2.3715343,-0.00236,-1,-1,-1,0,0,0,136,1,1,0,0.0000000,0.0000000,0.0000000,0,0,0,0,758360259552375
1053,3772080339,1000,1547,1547,2.3730683,0.05788,-1,-1,-1,0,0,0,136,1,1,0,0.0000000,0.0000000,0.0000000,0,0,0,0,758360260545416
1054,3772081339,1000,1546,1546,2.3715343,-0.00453,-1,-1,-1,0,0,0,136,1,1,0,0.0000000,0.0000000,0.0000000,0,0,0,0,758360261555625
1055,3772082339,1000,1546,1546,2.3715343,-0.00436,-1,-1,-1,0,0,0,136,1,1,0,0.0000000,0.0000000,0.0000000,0,0,0,0,758360262581541
1056,3772083339,1000,1546,1546,2.3715343,-0.00419,-1,-1,-1,0,0,0,136,1,1,0,0.0000000,0.0000000,0.0000000,0,0,0,0,758360263590291
1057,3772084339,1000,1546,1546,2.3715343,-0.00402,-1,-1,-1,0,0,0,136,1,1,0,0.0000000,0.0000000,0.0000000,0,0,0,0,758360264570125
1058,3772085339,1000,1546,1546,2.3715343,-0.00386,-1,-1,-1,0,0,0,136,1,1,0,0.0000000,0.0000000,0.0000000,0,0,0,0,758360265586416
1059,3772086339,1000,1546,1546,2.3715343,-0.00371,-1,-1,-1,0,0,0,136,1,1,0,0.0000000,0.0000000,0.0000000,0,0,0,0,758360266565416
1060,3772087339,1000,1546,1546,2.3715343,-0.00357,-1,-1,-1,0,0,0,136,1,1,0,0.0000000,0.0000000,0.0000000,0,0,0,0,758360267581958
1061,3772088339,1000,1546,1546,2.3715343,-0.00343,-1,-1,-1,0,0,0,136,1,1,0,0.0000000,0.0000000,0.0000000,0,0,0,0,758360268588166
1062,3772089339,1000,1546,1546,2.3715343,-0.00329,-1,-1,-1,0,0,0,136,1,1,0,0.0000000,0.0000000,0.0000000,0,0,0,0,758360269578500
1063,3772090339,1000,1546,1546,2.3715343,-0.00316,-1,-1,-1,0,0,0,136,1,1,0,0.0000000,0.0000000,0.0000000,0,0,0,0,758360270627083
1064,3772091339,1000,1546,1546,2.3715343,-0.00304,-1,-1,-1,0,0,0,136,1,1,0,0.0000000,0.0000000,0.0000000,0,0,0,0,758360271598750
1065,3772092339,1000,1546,1546,2.3715343,-0.00292,-1,-1,-1,0,0,0,136,1,1,0,0.0000000,0.0000000,0.0000000,0,0,0,0,758360272577500
1066,3772093339,1000,1546,1546,2.3715343,-0.00281,-1,-1,-1,0,0,0,136,1,1,0,0.0000000,0.0000000,0.0000000,0,0,0,0,758360273578958
1067,3772094339,1000,1546,1546,2.3715343,-0.00270,-1,-1,-1,0,0,0,136,1,1,0,0.0000000,0.0000000,0.0000000,0,0,0,0,758360274579708
1068,3772095339,1000,1546,1546,2.3715343,-0.00259,-1,-1,-1,0,0,0,136,1,1,0,0.0000000,0.0000000,0.0000000,0,0,0,0,758360275574250
1069,3772096339,1000,1546,1546,2.3715343,-0.00249,-1,-1,-1,0,0,0,136,1,1,0,0.0000000,0.0000000,0.0000000,0,0,0,0,758360276590208
1070,3772097339,1000,1546,1546,2.3715343,-0.00239,-1,-1,-1,0,0,0,136,1,1,0,0.0000000,0.0000000,0.0000000,0,0,0,0,758360277792666
1071,3772098339,1000,1547,1547,2.3730683,0.05785,-1,-1,-1,0,0,0,136,1,1,0,0.0000000,0.0000000,0.0000000,0,0,0,0,758360278779041
1072,3772099339,1000,1546,1546,2.3715343,-0.00457,-1,-1,-1,0,0,0,136,1,1,0,0.0000000,0.0000000,0.0000000,0,0,0,0,758360279794083
1073,3772100339,1000,1546,1546,2.3715343,-0.00439,-1,-1,-1,0,0,0,136,1,1,0,0.0000000,0.0000000,0.0000000,0,0,0,0,758360280587375
1074,3772101339,1000,1546,1546,2.3715343,-0.00421,-1,-1,-1,0,0,0,136,1,1,0,0.0000000,0.0000000,0.0000000,0,0,0,0,758360281575583
1075,3772102339,1000,1547,1547,2.3730683,0.05610,39,126,2095,0,0,0,136,1,1,0,0.0000000,0.0000000,0.0000000,0,0,0,0,758360282950833
1076,3772103339,1000,1546,1546,2.3715343,-0.00625,-1,-1,-1,0,0,0,136,1,1,0,0.0000000,0.0000000,0.0000000,0,0,0,0,758360283566958
1077,3772104339,1000,1546,1546,2.3715343,-0.00600,-1,-1,-1,0,0,0,136,1,1,0,0.0000000,0.0000000,0.0000000,0,0,0,0,758360284578541
1078,3772105339,1000,1546,1546,2.3715343,-0.00577,-1,-1,-1,0,0,0,136,1,1,0,0.0000000,0.0000000,0.0000000,0,0,0,0,758360285557250
1079,3772106339,1000,1546,1546,2.3715343,-0.00554,-1,-1,-1,0,0,0,136,1,1,0,0.0000000,0.0000000,0.0000000,0,0,0,0,758360286577958
1080,3772107339,1000,1546,1546,2.3715343,-0.00532,-1,-1,-1,0,0,0,136,1,1,0,0.0000000,0.0000000,0.0000000,0,0,0,0,758360287560708
1081,3772108339,1000,1547,1547,2.3730683,0.05503,-1,-1,-1,0,0,0,136,1,1,0,0.0000000,0.0000000,0.0000000,0,0,0,0,758360288565208
1082,3772109339,1000,1546,1546,2.3715343,-0.00727,-1,-1,-1,0,0,0,136,1,1,0,0.0000000,0.0000000,0.0000000,0,0,0,0,758360289581166
1083,3772110339,1000,1546,1546,2.3715343,-0.00699,-1,-1,-1,0,0,0,136,1,1,0,0.0000000,0.0000000,0.0000000,0,0,0,0,758360290620166
1084,3772111339,1000,1546,1546,2.3715343,-0.00671,-1,-1,-1,0,0,0,136,1,1,0,0.0000000,0.0000000,0.0000000,0,0,0,0,758360291610458
1085,3772112339,1000,1546,1546,2.3715343,-0.00645,-1,-1,-1,0,0,0,136,1,1,0,0.0000000,0.0000000,0.0000000,0,0,0,0,758360292616500
1086,3772113339,1000,1546,1546,2.3715343,-0.00620,-1,-1,-1,0,0,0,136,1,1,0,0.0000000,0.0000000,0.0000000,0,0,0,0,758360293583208
1087,3772114339,1000,1546,1546,2.3715343,-0.00596,-1,-1,-1,0,0,0,136,1,1,0,0.0000000,0.0000000,0.0000000,0,0,0,0,758360294576583
1088,3772115339,1000,1546,1546,2.3715343,-0.00572,-1,-1,-1,0,0,0,136,1,1,0,0.0000000,0.0000000,0.0000000,0,0,0,0,758360295562083
1089,3772116339,1000,1546,1546,2.3715343,-0.00550,-1,-1,-1,0,0,0,136,1,1,0,0.0000000,0.0000000,0.0000000,0,0,0,0,758360296610250
1090,3772117339,1000,1546,1546,2.3715343,-0.00528,-1,-1,-1,0,0,0,136,1,1,0,0.0000000,0.0000000,0.0000000,0,0,0,0,758360297602500
1091,3772118339,1000,1546,1546,2.3715343,-0.00507,-1,-1,-1,0,0,0,136,1,1,0,0.0000000,0.0000000,0.0000000,0,0,0,0,758360299305333
1092,3772119339,1000,1546,1546,2.3715343,-0.00488,-1,-1,-1,0,0,0,136,1,1,0,0.0000000,0.0000000,0.0000000,0,0,0,0,758360300001208
1093,3772120339,1000,1546,1546,2.3715343,-0.00468,-1,-1,-1,0,0,0,136,1,1,0,0.0000000,0.0000000,0.0000000,0,0,0,0,758360300535208
1094,3772121339,1000,1546,1546,2.3715343,-0.00450,-1,-1,-1,0,0,0,136,1,1,0,0.0000000,0.0000000,0.0000000,0,0,0,0,758360301596291
1095,3772122339,1000,1546,1546,2.3715343,-0.00432,-1,-1,-1,0,0,0,136,1,1,0,0.0000000,0.0000000,0.0000000,0,0,0,0,758360302628375
1096,3772123339,1000,1546,1546,2.3715343,-0.00415,-1,-1,-1,0,0,0,136,1,1,0,0.0000000,0.0000000,0.0000000,0,0,0,0,758360303517375
1097,3772124339,1000,1546,1546,2.3715343,-0.00399,-1,-1,-1,0,0,0,136,1,1,0,0.0000000,0.0000000,0.0000000,0,0,0,0,758360304608208
1098,3772125339,1000,1547,1547,2.3730683,0.05631,-1,-1,-1,0,0,0,136,1,1,0,0.0000000,0.0000000,0.0000000,0,0,0,0,758360305562875
1099,3772126339,1000,1546,1546,2.3715343,-0.00604,-1,-1,-1,0,0,0,136,1,1,0,0.0000000,0.0000000,0.0000000,0,0,0,0,758360306511166
1100,3772127339,1000,1546,1546,2.3715343,-0.00581,-1,-1,-1,0,0,0,136,1,1,0,0.0000000,0.0000000,0.0000000,0,0,0,0,758360307575041
1101,3772128339,1000,1546,1546,2.3715343,-0.00558,-1,-1,-1,0,0,0,136,1,1,0,0.0000000,0.0000000,0.0000000,0,0,0,0,758360308524750
1102,3772129339,1000,1546,1546,2.3715343,-0.00536,-1,-1,-1,0,0,0,136,1,1,0,0.0000000,0.0000000,0.0000000,0,0,0,0,758360309526250
1103,3772130339,1000,1546,1546,2.3715343,-0.00515,-1,-1,-1,0,0,0,136,1,1,0,0.0000000,0.0000000,0.0000000,0,0,0,0,758360310599625
1104,3772131339,1000,1546,1546,2.3715343,-0.00495,-1,-1,-1,0,0,0,136,1,1,0,0.0000000,0.0000000,0.0000000,0,0,0,0,758360311693250
1105,3772132339,1000,1546,1546,2.3715343,-0.00475,-1,-1,-1,0,0,0,136,1,1,0,0.0000000,0.0000000,0.0000000,0,0,0,0,758360312854291
1106,3772133339,1000,1546,1546,2.3715343,-0.00457,-1,-1,-1,0,0,0,136,1,1,0,0.0000000,0.0000000,0.0000000,0,0,0,0,758360313640833
1107,3772134339,1000,1546,1546,2.3715343,-0.00439,-1,-1,-1,0,0,0,136,1,1,0,0.0000000,0.0000000,0.0000000,0,0,0,0,758360314555041
1108,3772135339,1000,1546,1546,2.3715343,-0.00422,-1,-1,-1,0,0,0,136,1,1,0,0.0000000,0.0000000,0.0000000,0,0,0,0,758360315860041
1109,3772136339,1000,1546,1546,2.3715343,-0.00405,-1,-1,-1,0,0,0,136,1,1,0,0.0000000,0.0000000,0.0000000,0,0,0,0,758360316631958
1110,3772137339,1000,1546,1546,2.3715343,-0.00389,-1,-1,-1,0,0,0,136,1,1,0,0.0000000,0.0000000,0.0000000,0,0,0,0,758360317843750
1111,3772138339,1000,1546,1546,2.3715343,-0.00374,-1,-1,-1,0,0,0,136,1,1,0,0.0000000,0.0000000,0.0000000,0,0,0,0,758360318748625
1112,3772139339,1000,1546,1546,2.3715343,-0.00359,-1,-1,-1,0,0,0,136,1,1,0,0.0000000,0.0000000,0.0000000,0,0,0,0,758360319629041
1113,3772140339,1000,1546,1546,2.3715343,-0.00345,-1,-1,-1,0,0,0,136,1,1,0,0.0000000,0.0000000,0.0000000,0,0,0,0,758360320846500
1114,3772141339,1000,1546,1546,2.3715343,-0.00332,-1,-1,-1,0,0,0,136,1,1,0,0.0000000,0.0000000,0.0000000,0,0,0,0,758360321797333
1115,3772142339,1000,1546,1546,2.3715343,-0.00319,-1,-1,-1,0,0,0,136,1,1,0,0.0000000,0.0000000,0.0000000,0,0,0,0,758360322720708
1116,3772143339,1000,1546,1546,2.3715343,-0.00306,-1,-1,-1,0,0,0,136,1,1,0,0.0000000,0.0000000,0.0000000,0,0,0,0,758360323846208
1117,3772144339,1000,1546,1546,2.3715343,-0.00294,-1,-1,-1,0,0,0,136,1,1,0,0.0000000,0.0000000,0.0000000,0,0,0,0,758360324633541
1118,3772145339,1000,1546,1546,2.3715343,-0.00283,-1,-1,-1,0,0,0,136,1,1,0,0.0000000,0.0000000,0.0000000,0,0,0,0,758360325628291
1119,3772146339,1000,1546,1546,2.3715343,-0.00272,-1,-1,-1,0,0,0,136,1,1,0,0.0000000,0.0000000,0.0000000,0,0,0,0,758360326792500
1120,3772147339,1000,1546,1546,2.3715343,-0.00261,-1,-1,-1,0,0,0,136,1,1,0,0.0000000,0.0000000,0.0000000,0,0,0,0,758360327781875
1121,3772148339,1000,1546,1546,2.3715343,-0.00251,-1,-1,-1,0,0,0,136,1,1,0,0.0000000,0.0000000,0.0000000,0,0,0,0,758360328760250
1122,3772149339,1000,1546,1546,2.3715343,-0.00241,-1,-1,-1,0,0,0,136,1,1,0,0.0000000,0.0000000,0.0000000,0,0,0,0,758360329721625
1123,3772150339,1000,1546,1546,2.3715343,-0.00231,-1,-1,-1,0,0,0,136,1,1,0,0.0000000,0.0000000,0.0000000,0,0,0,0,758360330572541
1124,3772151339,1000,1546,1546,2.3715343,-0.00222,-1,-1,-1,0,0,0,136,1,1,0,0.0000000,0.0000000,0.0000000,0,0,0,0,758360331558000
1125,3772152339,1000,1546,1546,2.3715343,-0.00214,39,126,2094,0,0,0,136,1,1,0,0.0000000,0.0000000,0.0000000,0,0,0,0,758360332933000
1126,3772153339,1000,1546,1546,2.3715343,-0.00205,-1,-1,-1,0,0,0,136,1,1,0,0.0000000,0.0000000,0.0000000,0,0,0,0,758360333573583
1127,3772154339,1000,1546,1546,2.3715343,-0.00197,-1,-1,-1,0,0,0,136,1,1,0,0.0000000,0.0000000,0.0000000,0,0,0,0,758360334571500
1128,3772155339,1000,1546,1546,2.3715343,-0.00189,-1,-1,-1,0,0,0,136,1,1,0,0.0000000,0.0000000,0.0000000,0,0,0,0,758360335612083
1129,3772156339,1000,1546,1546,2.3715343,-0.00182,-1,-1,-1,0,0,0,136,1,1,0,0.0000000,0.0000000,0.0000000,0,0,0,0,758360336582583
1130,3772157339,1000,1546,1546,2.3715343,-0.00175,-1,-1,-1,0,0,0,136,1,1,0,0.0000000,0.0000000,0.0000000,0,0,0,0,758360337584833
1131,3772158339,1000,1546,1546,2.3715343,-0.00168,-1,-1,-1,0,0,0,135,1,1,0,0.0000000,0.0000000,0.0000000,0,0,0,0,758360338584291
1132,3772159339,1000,1546,1546,2.3715343,-0.00161,-1,-1,-1,0,0,0,136,1,1,0,0.0000000,0.0000000,0.0000000,0,0,0,0,758360339574000
1133,3772160339,1000,1546,1546,2.3715343,-0.00155,-1,-1,-1,0,0,0,136,1,1,0,0.0000000,0.0000000,0.0000000,0,0,0,0,758360340571125
1134,3772161339,1000,1546,1546,2.3715343,-0.00149,-1,-1,-1,0,0,0,136,1,1,0,0.0000000,0.0000000,0.0000000,0,0,0,0,758360341574541
1135,3772162339,1000,1546,1546,2.3715343,-0.00143,-1,-1,-1,0,0,0,136,1,1,0,0.0000000,0.0000000,0.0000000,0,0,0,0,758360342555625
1136,3772163339,1000,1546,1546,2.3715343,-0.00138,-1,-1,-1,0,0,0,136,1,1,0,0.0000000,0.0000000,0.0000000,0,0,0,0,758360343580250
1137,3772164339,1000,1546,1546,2.3715343,-0.00132,-1,-1,-1,0,0,0,136,1,1,0,0.0000000,0.0000000,0.0000000,0,0,0,0,758360344566041
1138,3772165339,1000,1546,1546,2.3715343,-0.00127,-1,-1,-1,0,0,0,136,1,1,0,0.0000000,0.0000000,0.0000000,0,0,0,0,758360345578416
1139,3772166339,1000,1546,1546,2.3715343,-0.00122,-1,-1,-1,0,0,0,136,1,1,0,0.0000000,0.0000000,0.0000000,0,0,0,0,758360346807125
1140,3772167339,1000,1547,1547,2.3730683,0.05898,-1,-1,-1,0,0,0,136,1,1,0,0.0000000,0.0000000,0.0000000,0,0,0,0,758360347796958
1141,3772168339,1000,1546,1546,2.3715343,-0.00348,-1,-1,-1,0,0,0,136,1,1,0,0.0000000,0.0000000,0.0000000,0,0,0,0,758360348789875
1142,3772169339,1000,1546,1546,2.3715343,-0.00335,-1,-1,-1,0,0,0,136,1,1,0,0.0000000,0.0000000,0.0000000,0,0,0,0,758360349661583
1143,3772170339,1000,1546,1546,2.3715343,-0.00322,-1,-1,-1,0,0,0,136,1,1,0,0.0000000,0.0000000,0.0000000,0,0,0,0,758360350593625
1144,3772171339,1000,1546,1546,2.3715343,-0.00309,-1,-1,-1,0,0,0,136,1,1,0,0.0000000,0.0000000,0.0000000,0,0,0,0,758360351592041
1145,3772172339,1000,1546,1546,2.3715343,-0.00297,-1,-1,-1,0,0,0,136,1,1,0,0.0000000,0.0000000,0.0000000,0,0,0,0,758360352572458
1146,3772173339,1000,1546,1546,2.3715343,-0.00285,-1,-1,-1,0,0,0,136,1,1,0,0.0000000,0.0000000,0.0000000,0,0,0,0,758360353570541
1147,3772174339,1000,1546,1546,2.3715343,-0.00274,-1,-1,-1,0,0,0,136,1,1,0,0.0000000,0.0000000,0.0000000,0,0,0,0,758360354564333
1148,3772175339,1000,1546,1546,2.3715343,-0.00263,-1,-1,-1,0,0,0,136,1,1,0,0.0000000,0.0000000,0.0000000,0,0,0,0,758360355565833
1149,3772176339,1000,1546,1546,2.3715343,-0.00253,-1,-1,-1,0,0,0,136,1,1,0,0.0000000,0.0000000,0.0000000,0,0,0,0,758360356566666
1150,3772177339,1000,1546,1546,2.3715343,-0.00243,-1,-1,-1,0,0,0,136,1,1,0,0.0000000,0.0000000,0.0000000,0,0,0,0,758360357572041
1151,3772178339,1000,1546,1546,2.3715343,-0.00234,-1,-1,-1,0,0,0,136,1,1,0,0.0000000,0.0000000,0.0000000,0,0,0,0,758360358566000
1152,3772179339,1000,1546,1546,2.3715343,-0.00224,-1,-1,-1,0,0,0,136,1,1,0,0.0000000,0.0000000,0.0000000,0,0,0,0,758360359559958
1153,3772180339,1000,1546,1546,2.3715343,-0.00216,-1,-1,-1,0,0,0,136,1,1,0,0.0000000,0.0000000,0.0000000,0,0,0,0,758360360571750
1154,3772181339,1000,1546,1546,2.3715343,-0.00207,-1,-1,-1,0,0,0,136,1,1,0,0.0000000,0.0000000,0.0000000,0,0,0,0,758360361583625
1155,3772182339,1000,1546,1546,2.3715343,-0.00199,-1,-1,-1,0,0,0,136,1,1,0,0.0000000,0.0000000,0.0000000,0,0,0,0,758360362581250
1156,3772183339,1000,1546,1546,2.3715343,-0.00191,-1,-1,-1,0,0,0,136,1,1,0,0.0000000,0.0000000,0.0000000,0,0,0,0,758360363564000
1157,3772184339,1000,1546,1546,2.3715343,-0.00184,-1,-1,-1,0,0,0,136,1,1,0,0.0000000,0.0000000,0.0000000,0,0,0,0,758360364582875
1158,3772185339,1000,1546,1546,2.3715343,-0.00177,-1,-1,-1,0,0,0,136,1,1,0,0.0000000,0.0000000,0.0000000,0,0,0,0,758360365566583
1159,3772186339,1000,1546,1546,2.3715343,-0.00170,-1,-1,-1,0,0,0,136,1,1,0,0.0000000,0.0000000,0.0000000,0,0,0,0,758360366569083
1160,3772187339,1000,1546,1546,2.3715343,-0.00163,-1,-1,-1,0,0,0,136,1,1,0,0.0000000,0.0000000,0.0000000,0,0,0,0,758360367581250
1161,3772188339,1000,1546,1546,2.3715343,-0.00157,-1,-1,-1,0,0,0,136,1,1,0,0.0000000,0.0000000,0.0000000,0,0,0,0,758360368783791
1162,3772189339,1000,1546,1546,2.3715343,-0.00150,-1,-1,-1,0,0,0,136,1,1,0,0.0000000,0.0000000,0.0000000,0,0,0,0,758360369798458
1163,3772190339,1000,1546,1546,2.3715343,-0.00145,-1,-1,-1,0,0,0,136,1,1,0,0.0000000,0.0000000,0.0000000,0,0,0,0,758360370774791
1164,3772191339,1000,1546,1546,2.3715343,-0.00139,-1,-1,-1,0,0,0,136,1,1,0,0.0000000,0.0000000,0.0000000,0,0,0,0,758360371572750
1165,3772192339,1000,1546,1546,2.3715343,-0.00133,-1,-1,-1,0,0,0,136,1,1,0,0.0000000,0.0000000,0.0000000,0,0,0,0,758360372575666
1166,3772193339,1000,1546,1546,2.3715343,-0.00128,-1,-1,-1,0,0,0,136,1,1,0,0.0000000,0.0000000,0.0000000,0,0,0,0,758360373595041
1167,3772194339,1000,1546,1546,2.3715343,-0.00123,-1,-1,-1,0,0,0,136,1,1,0,0.0000000,0.0000000,0.0000000,0,0,0,0,758360374592208
1168,3772195339,1000,1546,1546,2.3715343,-0.00118,-1,-1,-1,0,0,0,136,1,1,0,0.0000000,0.0000000,0.0000000,0,0,0,0,758360375566583
1169,3772196339,1000,1546,1546,2.3715343,-0.00114,-1,-1,-1,0,0,0,136,1,1,0,0.0000000,0.0000000,0.0000000,0,0,0,0,758360376570375
1170,3772197339,1000,1546,1546,2.3715343,-0.00109,-1,-1,-1,0,0,0,136,1,1,0,0.0000000,0.0000000,0.0000000,0,0,0,0,758360377595875
1171,3772198339,1000,1546,1546,2.3715343,-0.00105,-1,-1,-1,0,0,0,136,1,1,0,0.0000000,0.0000000,0.0000000,0,0,0,0,758360378585208
1172,3772199339,1000,1546,1546,2.3715343,-0.00101,-1,-1,-1,0,0,0,136,1,1,0,0.0000000,0.0000000,0.0000000,0,0,0,0,758360379568750
1173,3772200339,1000,1546,1546,2.3715343,-0.00097,-1,-1,-1,0,0,0,136,1,1,0,0.0000000,0.0000000,0.0000000,0,0,0,0,758360380562166
1174,3772201339,1000,1546,1546,2.3715343,-0.00093,-1,-1,-1,0,0,0,136,1,1,0,0.0000000,0.0000000,0.0000000,0,0,0,0,758360381565333
1175,3772202339,1000,1546,1546,2.3715343,-0.00089,39,126,2094,0,0,0,136,1,1,0,0.0000000,0.0000000,0.0000000,0,0,0,0,758360383213000
1176,3772203339,1000,1546,1546,2.3715343,-0.00086,-1,-1,-1,0,0,0,136,1,1,0,0.0000000,0.0000000,0.0000000,0,0,0,0,758360384053375
1177,3772204339,1000,1546,1546,2.3715343,-0.00083,-1,-1,-1,0,0,0,136,1,1,0,0.0000000,0.0000000,0.0000000,0,0,0,0,758360384808583
1178,3772205339,1000,1546,1546,2.3715343,-0.00079,-1,-1,-1,0,0,0,136,1,1,0,0.0000000,0.0000000,0.0000000,0,0,0,0,758360385567375
1179,3772206339,1000,1546,1546,2.3715343,-0.00076,-1,-1,-1,0,0,0,136,1,1,0,0.0000000,0.0000000,0.0000000,0,0,0,0,758360386562958
1180,3772207339,1000,1546,1546,2.3715343,-0.00073,-1,-1,-1,0,0,0,136,1,1,0,0.0000000,0.0000000,0.0000000,0,0,0,0,758360387560333
1181,3772208339,1000,1546,1546,2.3715343,-0.00070,-1,-1,-1,0,0,0,136,1,1,0,0.0000000,0.0000000,0.0000000,0,0,0,0,758360388559166
1182,3772209339,1000,1546,1546,2.3715343,-0.00068,-1,-1,-1,0,0,0,136,1,1,0,0.0000000,0.0000000,0.0000000,0,0,0,0,758360389565125
1183,3772210339,1000,1546,1546,2.3715343,-0.00065,-1,-1,-1,0,0,0,136,1,1,0,0.0000000,0.0000000,0.0000000,0,0,0,0,758360390561583
1184,3772211339,1000,1546,1546,2.3715343,-0.00062,-1,-1,-1,0,0,0,136,1,1,0,0.0000000,0.0000000,0.0000000,0,0,0,0,758360391560541
1185,3772212339,1000,1546,1546,2.3715343,-0.00060,-1,-1,-1,0,0,0,136,1,1,0,0.0000000,0.0000000,0.0000000,0,0,0,0,758360392574625
1186,3772213339,1000,1546,1546,2.3715343,-0.00058,-1,-1,-1,0,0,0,136,1,1,0,0.0000000,0.0000000,0.0000000,0,0,0,0,758360393578791
1187,3772214339,1000,1546,1546,2.3715343,-0.00055,-1,-1,-1,0,0,0,136,1,1,0,0.0000000,0.0000000,0.0000000,0,0,0,0,758360394578333
1188,3772215339,1000,1546,1546,2.3715343,-0.00053,-1,-1,-1,0,0,0,136,1,1,0,0.0000000,0.0000000,0.0000000,0,0,0,0,758360395570458
1189,3772216339,1000,1546,1546,2.3715343,-0.00051,-1,-1,-1,0,0,0,136,1,1,0,0.0000000,0.0000000,0.0000000,0,0,0,0,758360396574541
1190,3772217339,1000,1546,1546,2.3715343,-0.00049,-1,-1,-1,0,0,0,136,1,1,0,0.0000000,0.0000000,0.0000000,0,0,0,0,758360397578708
1191,3772218339,1000,1546,1546,2.3715343,-0.00047,-1,-1,-1,0,0,0,136,1,1,0,0.0000000,0.0000000,0.0000000,0,0,0,0,758360398603208
1192,3772219339,1000,1546,1546,2.3715343,-0.00045,-1,-1,-1,0,0,0,136,1,1,0,0.0000000,0.0000000,0.0000000,0,0,0,0,758360399585000
1193,3772220339,1000,1546,1546,2.3715343,-0.00044,-1,-1,-1,0,0,0,136,1,1,0,0.0000000,0.0000000,0.0000000,0,0,0,0,758360400600291
1194,3772221339,1000,1546,1546,2.3715343,-0.00042,-1,-1,-1,0,0,0,136,1,1,0,0.0000000,0.0000000,0.0000000,0,0,0,0,758360401606750
1195,3772222339,1000,1546,1546,2.3715343,-0.00040,-1,-1,-1,0,0,0,136,1,1,0,0.0000000,0.0000000,0.0000000,0,0,0,0,758360402577208
1196,3772223339,1000,1546,1546,2.3715343,-0.00039,-1,-1,-1,0,0,0,136,1,1,0,0.0000000,0.0000000,0.0000000,0,0,0,0,758360403576541
1197,3772224339,1000,1546,1546,2.3715343,-0.00037,-1,-1,-1,0,0,0,136,1,1,0,0.0000000,0.0000000,0.0000000,0,0,0,0,758360404588416
1198,3772225339,1000,1546,1546,2.3715343,-0.00036,-1,-1,-1,0,0,0,136,1,1,0,0.0000000,0.0000000,0.0000000,0,0,0,0,758360405578875
1199,3772226339,1000,1546,1546,2.3715343,-0.00034,-1,-1,-1,0,0,0,136,1,1,0,0.0000000,0.0000000,0.0000000,0,0,0,0,758360406583083
1200,3772227339,1000,1546,1546,2.3715343,-0.00033,-1,-1,-1,0,0,0,136,1,1,0,0.0000000,0.0000000,0.0000000,0,0,0,0,758360407581541
1201,3772228339,1000,1546,1546,2.3715343,-0.00032,-1,-1,-1,0,0,0,136,1,1,0,0.0000000,0.0000000,0.0000000,0,0,0,0,758360408587000
1202,3772229339,1000,1546,1546,2.3715343,-0.00030,-1,-1,-1,0,0,0,136,1,1,0,0.0000000,0.0000000,0.0000000,0,0,0,0,758360409584333
1203,3772230339,1000,1546,1546,2.3715343,-0.00029,-1,-1,-1,0,0,0,136,1,1,0,0.0000000,0.0000000,0.0000000,0,0,0,0,758360410601041
1204,3772231339,1000,1547,1547,2.3730683,0.05987,-1,-1,-1,0,0,0,136,1,1,0,0.0000000,0.0000000,0.0000000,0,0,0,0,758360411815291
1205,3772232339,1000,1546,1546,2.3715343,-0.00263,-1,-1,-1,0,0,0,136,1,1,0,0.0000000,0.0000000,0.0000000,0,0,0,0,758360412849000
1206,3772233339,1000,1546,1546,2.3715343,-0.00252,-1,-1,-1,0,0,0,136,1,1,0,0.0000000,0.0000000,0.0000000,0,0,0,0,758360413839750
1207,3772234339,1000,1546,1546,2.3715343,-0.00243,-1,-1,-1,0,0,0,136,1,1,0,0.0000000,0.0000000,0.0000000,0,0,0,0,758360414712875
1208,3772235339,1000,1546,1546,2.3715343,-0.00233,-1,-1,-1,0,0,0,136,1,1,0,0.0000000,0.0000000,0.0000000,0,0,0,0,758360415620166
1209,3772236339,1000,1546,1546,2.3715343,-0.00224,-1,-1,-1,0,0,0,136,1,1,0,0.0000000,0.0000000,0.0000000,0,0,0,0,758360416618083
1210,3772237339,1000,1546,1546,2.3715343,-0.00215,-1,-1,-1,0,0,0,136,1,1,0,0.0000000,0.0000000,0.0000000,0,0,0,0,758360417645458
1211,3772238339,1000,1547,1547,2.3730683,0.05808,-1,-1,-1,0,0,0,136,1,1,0,0.0000000,0.0000000,0.0000000,0,0,0,0,758360418624708
1212,3772239339,1000,1546,1546,2.3715343,-0.00434,-1,-1,-1,0,0,0,136,1,1,0,0.0000000,0.0000000,0.0000000,0,0,0,0,758360419598750
1213,3772240339,1000,1546,1546,2.3715343,-0.00417,-1,-1,-1,0,0,0,136,1,1,0,0.0000000,0.0000000,0.0000000,0,0,0,0,758360420637125
1214,3772241339,1000,1546,1546,2.3715343,-0.00401,-1,-1,-1,0,0,0,136,1,1,0,0.0000000,0.0000000,0.0000000,0,0,0,0,758360421638333
1215,3772242339,1000,1546,1546,2.3715343,-0.00385,-1,-1,-1,0,0,0,135,1,1,0,0.0000000,0.0000000,0.0000000,0,0,0,0,758360422651458
1216,3772243339,1000,1546,1546,2.3715343,-0.00370,-1,-1,-1,0,0,0,136,1,1,0,0.0000000,0.0000000,0.0000000,0,0,0,0,758360423714416
1217,3772244339,1000,1546,1546,2.3715343,-0.00356,-1,-1,-1,0,0,0,136,1,1,0,0.0000000,0.0000000,0.0000000,0,0,0,0,758360424656291
1218,3772245339,1000,1546,1546,2.3715343,-0.00342,-1,-1,-1,0,0,0,136,1,1,0,0.0000000,0.0000000,0.0000000,0,0,0,0,758360425686583
1219,3772246339,1000,1546,1546,2.3715343,-0.00328,-1,-1,-1,0,0,0,136,1,1,0,0.0000000,0.0000000,0.0000000,0,0,0,0,758360426619666
1220,3772247339,1000,1546,1546,2.3715343,-0.00315,-1,-1,-1,0,0,0,136,1,1,0,0.0000000,0.0000000,0.0000000,0,0,0,0,758360427596500
1221,3772248339,1000,1546,1546,2.3715343,-0.00303,-1,-1,-1,0,0,0,136,1,1,0,0.0000000,0.0000000,0.0000000,0,0,0,0,758360428608958
1222,3772249339,1000,1546,1546,2.3715343,-0.00291,-1,-1,-1,0,0,0,136,1,1,0,0.0000000,0.0000000,0.0000000,0,0,0,0,758360429592833
1223,3772250339,1000,1546,1546,2.3715343,-0.00280,-1,-1,-1,0,0,0,136,1,1,0,0.0000000,0.0000000,0.0000000,0,0,0,0,758360430639916
1224,3772251339,1000,1546,1546,2.3715343,-0.00269,-1,-1,-1,0,0,0,136,1,1,0,0.0000000,0.0000000,0.0000000,0,0,0,0,758360431610208
1225,3772252339,1000,1546,1546,2.3715343,-0.00258,39,126,2095,0,0,0,136,1,1,0,0.0000000,0.0000000,0.0000000,0,0,0,0,758360432975125
1226,3772253339,1000,1546,1546,2.3715343,-0.00248,-1,-1,-1,0,0,0,136,1,1,0,0.0000000,0.0000000,0.0000000,0,0,0,0,758360433619166
1227,3772254339,1000,1546,1546,2.3715343,-0.00238,-1,-1,-1,0,0,0,136,1,1,0,0.0000000,0.0000000,0.0000000,0,0,0,0,758360434608000
1228,3772255339,1000,1546,1546,2.3715343,-0.00229,-1,-1,-1,0,0,0,136,1,1,0,0.0000000,0.0000000,0.0000000,0,0,0,0,758360435477291
1229,3772256339,1000,1546,1546,2.3715343,-0.00220,-1,-1,-1,0,0,0,136,1,1,0,0.0000000,0.0000000,0.0000000,0,0,0,0,758360436472666
1230,3772257339,1000,1546,1546,2.3715343,-0.00211,-1,-1,-1,0,0,0,136,1,1,0,0.0000000,0.0000000,0.0000000,0,0,0,0,758360437467333
1231,3772258339,1000,1546,1546,2.3715343,-0.00203,-1,-1,-1,0,0,0,136,1,1,0,0.0000000,0.0000000,0.0000000,0,0,0,0,758360438473333
1232,3772259339,1000,1546,1546,2.3715343,-0.00195,-1,-1,-1,0,0,0,136,1,1,0,0.0000000,0.0000000,0.0000000,0,0,0,0,758360439525083
1233,3772260339,1000,1546,1546,2.3715343,-0.00188,-1,-1,-1,0,0,0,136,1,1,0,0.0000000,0.0000000,0.0000000,0,0,0,0,758360440492416
1234,3772261339,1000,1546,1546,2.3715343,-0.00180,-1,-1,-1,0,0,0,136,1,1,0,0.0000000,0.0000000,0.0000000,0,0,0,0,758360441527166
1235,3772262339,1000,1546,1546,2.3715343,-0.00173,-1,-1,-1,0,0,0,136,1,1,0,0.0000000,0.0000000,0.0000000,0,0,0,0,758360442558583
1236,3772263339,1000,1546,1546,2.3715343,-0.00166,-1,-1,-1,0,0,0,136,1,1,0,0.0000000,0.0000000,0.0000000,0,0,0,0,758360443505125
1237,3772264339,1000,1546,1546,2.3715343,-0.00160,-1,-1,-1,0,0,0,136,1,1,0,0.0000000,0.0000000,0.0000000,0,0,0,0,758360444530125
1238,3772265339,1000,1546,1546,2.3715343,-0.00154,-1,-1,-1,0,0,0,136,1,1,0,0.0000000,0.0000000,0.0000000,0,0,0,0,758360445512625
1239,3772266339,1000,1546,1546,2.3715343,-0.00148,-1,-1,-1,0,0,0,136,1,1,0,0.0000000,0.0000000,0.0000000,0,0,0,0,758360446612875
1240,3772267339,1000,1546,1546,2.3715343,-0.00142,-1,-1,-1,0,0,0,136,1,1,0,0.0000000,0.0000000,0.0000000,0,0,0,0,758360447594250
1241,3772268339,1000,1546,1546,2.3715343,-0.00136,-1,-1,-1,0,0,0,136,1,1,0,0.0000000,0.0000000,0.0000000,0,0,0,0,758360448575708
1242,3772269339,1000,1546,1546,2.3715343,-0.00131,-1,-1,-1,0,0,0,136,1,1,0,0.0000000,0.0000000,0.0000000,0,0,0,0,758360449578208
1243,3772270339,1000,1546,1546,2.3715343,-0.00126,-1,-1,-1,0,0,0,136,1,1,0,0.0000000,0.0000000,0.0000000,0,0,0,0,758360450556583
1244,3772271339,1000,1546,1546,2.3715343,-0.00121,-1,-1,-1,0,0,0,136,1,1,0,0.0000000,0.0000000,0.0000000,0,0,0,0,758360451568125
1245,3772272339,1000,1546,1546,2.3715343,-0.00116,-1,-1,-1,0,0,0,136,1,1,0,0.0000000,0.0000000,0.0000000,0,0,0,0,758360452628166
1246,3772273339,1000,1546,1546,2.3715343,-0.00112,-1,-1,-1,0,0,0,136,1,1,0,0.0000000,0.0000000,0.0000000,0,0,0,0,758360453597875
1247,3772274339,1000,1546,1546,2.3715343,-0.00107,-1,-1,-1,0,0,0,136,1,1,0,0.0000000,0.0000000,0.0000000,0,0,0,0,758360454610291
1248,3772275339,1000,1546,1546,2.3715343,-0.00103,-1,-1,-1,0,0,0,136,1,1,0,0.0000000,0.0000000,0.0000000,0,0,0,0,758360455594833
1249,3772276339,1000,1546,1546,2.3715343,-0.00099,-1,-1,-1,0,0,0,136,1,1,0,0.0000000,0.0000000,0.0000000,0,0,0,0,758360456594750
1250,3772277339,1000,1546,1546,2.3715343,-0.00095,-1,-1,-1,0,0,0,136,1,1,0,0.0000000,0.0000000,0.0000000,0,0,0,0,758360457586000
1251,3772278339,1000,1546,1546,2.3715343,-0.00091,-1,-1,-1,0,0,0,136,1,1,0,0.0000000,0.0000000,0.0000000,0,0,0,0,758360458583250
1252,3772279339,1000,1546,1546,2.3715343,-0.00088,-1,-1,-1,0,0,0,136,1,1,0,0.0000000,0.0000000,0.0000000,0,0,0,0,758360459785583
1253,3772280339,1000,1546,1546,2.3715343,-0.00084,-1,-1,-1,0,0,0,136,1,1,0,0.0000000,0.0000000,0.0000000,0,0,0,0,758360460795583
1254,3772281339,1000,1546,1546,2.3715343,-0.00081,-1,-1,-1,0,0,0,136,1,1,0,0.0000000,0.0000000,0.0000000,0,0,0,0,758360461811958
1255,3772282339,1000,1546,1546,2.3715343,-0.00078,-1,-1,-1,0,0,0,136,1,1,0,0.0000000,0.0000000,0.0000000,0,0,0,0,758360462785958
1256,3772283339,1000,1546,1546,2.3715343,-0.00075,-1,-1,-1,0,0,0,136,1,1,0,0.0000000,0.0000000,0.0000000,0,0,0,0,758360463802875
1257,3772284339,1000,1546,1546,2.3715343,-0.00072,-1,-1,-1,0,0,0,136,1,1,0,0.0000000,0.0000000,0.0000000,0,0,0,0,758360464573875
1258,3772285339,1000,1546,1546,2.3715343,-0.00069,-1,-1,-1,0,0,0,136,1,1,0,0.0000000,0.0000000,0.0000000,0,0,0,0,758360465572833
1259,3772286339,1000,1546,1546,2.3715343,-0.00066,-1,-1,-1,0,0,0,136,1,1,0,0.0000000,0.0000000,0.0000000,0,0,0,0,758360466574291
1260,3772287339,1000,1546,1546,2.3715343,-0.00064,-1,-1,-1,0,0,0,136,1,1,0,0.0000000,0.0000000,0.0000000,0,0,0,0,758360467565375
1261,3772288339,1000,1546,1546,2.3715343,-0.00061,-1,-1,-1,0,0,0,136,1,1,0,0.0000000,0.0000000,0.0000000,0,0,0,0,758360468567791
1262,3772289339,1000,1546,1546,2.3715343,-0.00059,-1,-1,-1,0,0,0,136,1,1,0,0.0000000,0.0000000,0.0000000,0,0,0,0,758360469565458
1263,3772290339,1000,1546,1546,2.3715343,-0.00056,-1,-1,-1,0,0,0,136,1,1,0,0.0000000,0.0000000,0.0000000,0,0,0,0,758360470623916
1264,3772291339,1000,1546,1546,2.3715343,-0.00054,-1,-1,-1,0,0,0,136,1,1,0,0.0000000,0.0000000,0.0000000,0,0,0,0,758360471598083
1265,3772292339,1000,1546,1546,2.3715343,-0.00052,-1,-1,-1,0,0,0,136,1,1,0,0.0000000,0.0000000,0.0000000,0,0,0,0,758360472582750
1266,3772293339,1000,1546,1546,2.3715343,-0.00050,-1,-1,-1,0,0,0,136,1,1,0,0.0000000,0.0000000,0.0000000,0,0,0,0,758360473575291
1267,3772294339,1000,1546,1546,2.3715343,-0.00048,-1,-1,-1,0,0,0,136,1,1,0,0.0000000,0.0000000,0.0000000,0,0,0,0,758360474586791
1268,3772295339,1000,1546,1546,2.3715343,-0.00046,-1,-1,-1,0,0,0,136,1,1,0,0.0000000,0.0000000,0.0000000,0,0,0,0,758360475577916
1269,3772296339,1000,1546,1546,2.3715343,-0.00044,-1,-1,-1,0,0,0,136,1,1,0,0.0000000,0.0000000,0.0000000,0,0,0,0,758360476567708
1270,3772297339,1000,1546,1546,2.3715343,-0.00043,-1,-1,-1,0,0,0,136,1,1,0,0.0000000,0.0000000,0.0000000,0,0,0,0,758360477786000
1271,3772298339,1000,1546,1546,2.3715343,-0.00041,-1,-1,-1,0,0,0,136,1,1,0,0.0000000,0.0000000,0.0000000,0,0,0,0,758360478789250
1272,3772299339,1000,1546,1546,2.3715343,-0.00039,-1,-1,-1,0,0,0,136,1,1,0,0.0000000,0.0000000,0.0000000,0,0,0,0,758360479743583
1273,3772300339,1000,1546,1546,2.3715343,-0.00038,-1,-1,-1,0,0,0,136,1,1,0,0.0000000,0.0000000,0.0000000,0,0,0,0,758360480583708
1274,3772301339,1000,1546,1546,2.3715343,-0.00036,-1,-1,-1,0,0,0,136,1,1,0,0.0000000,0.0000000,0.0000000,0,0,0,0,758360481571250
1275,3772302339,1000,1546,1546,2.3715343,-0.00035,39,126,2095,0,0,0,136,1,1,0,0.0000000,0.0000000,0.0000000,0,0,0,0,758360483010541
1276,3772303339,1000,1546,1546,2.3715343,-0.00034,-1,-1,-1,0,0,0,136,1,1,0,0.0000000,0.0000000,0.0000000,0,0,0,0,758360483629625
1277,3772304339,1000,1546,1546,2.3715343,-0.00032,-1,-1,-1,0,0,0,136,1,1,0,0.0000000,0.0000000,0.0000000,0,0,0,0,758360484564833
1278,3772305339,1000,1546,1546,2.3715343,-0.00031,-1,-1,-1,0,0,0,136,1,1,0,0.0000000,0.0000000,0.0000000,0,0,0,0,758360485569916
1279,3772306339,1000,1546,1546,2.3715343,-0.00030,-1,-1,-1,0,0,0,136,1,1,0,0.0000000,0.0000000,0.0000000,0,0,0,0,758360486574875
1280,3772307339,1000,1546,1546,2.3715343,-0.00029,-1,-1,-1,0,0,0,136,1,1,0,0.0000000,0.0000000,0.0000000,0,0,0,0,758360487587416
1281,3772308339,1000,1546,1546,2.3715343,-0.00027,-1,-1,-1,0,0,0,136,1,1,0,0.0000000,0.0000000,0.0000000,0,0,0,0,758360488578041
1282,3772309339,1000,1546,1546,2.3715343,-0.00026,-1,-1,-1,0,0,0,136,1,1,0,0.0000000,0.0000000,0.0000000,0,0,0,0,758360489593875
1283,3772310339,1000,1546,1546,2.3715343,-0.00025,-1,-1,-1,0,0,0,136,1,1,0,0.0000000,0.0000000,0.0000000,0,0,0,0,758360490575208
1284,3772311339,1000,1546,1546,2.3715343,-0.00024,-1,-1,-1,0,0,0,136,1,1,0,0.0000000,0.0000000,0.0000000,0,0,0,0,758360491570583
1285,3772312339,1000,1546,1546,2.3715343,-0.00023,-1,-1,-1,0,0,0,136,1,1,0,0.0000000,0.0000000,0.0000000,0,0,0,0,758360492576791
1286,3772313339,1000,1546,1546,2.3715343,-0.00023,-1,-1,-1,0,0,0,136,1,1,0,0.0000000,0.0000000,0.0000000,0,0,0,0,758360493566333
1287,3772314339,1000,1546,1546,2.3715343,-0.00022,-1,-1,-1,0,0,0,136,1,1,0,0.0000000,0.0000000,0.0000000,0,0,0,0,758360494578875
1288,3772315339,1000,1546,1546,2.3715343,-0.00021,-1,-1,-1,0,0,0,136,1,1,0,0.0000000,0.0000000,0.0000000,0,0,0,0,758360495564708
1289,3772316339,1000,1546,1546,2.3715343,-0.00020,-1,-1,-1,0,0,0,136,1,1,0,0.0000000,0.0000000,0.0000000,0,0,0,0,758360496569375
1290,3772317339,1000,1547,1547,2.3730683,0.05996,-1,-1,-1,0,0,0,136,1,1,0,0.0000000,0.0000000,0.0000000,0,0,0,0,758360497564250
1291,3772318339,1000,1546,1546,2.3715343,-0.00254,-1,-1,-1,0,0,0,136,1,1,0,0.0000000,0.0000000,0.0000000,0,0,0,0,758360498569500
1292,3772319339,1000,1546,1546,2.3715343,-0.00244,-1,-1,-1,0,0,0,136,1,1,0,0.0000000,0.0000000,0.0000000,0,0,0,0,758360499566875
1293,3772320339,1000,1546,1546,2.3715343,-0.00235,-1,-1,-1,0,0,0,136,1,1,0,0.0000000,0.0000000,0.0000000,0,0,0,0,758360500819083
1294,3772321339,1000,1546,1546,2.3715343,-0.00226,-1,-1,-1,0,0,0,136,1,1,0,0.0000000,0.0000000,0.0000000,0,0,0,0,758360501844958
1295,3772322339,1000,1546,1546,2.3715343,-0.00217,-1,-1,-1,0,0,0,136,1,1,0,0.0000000,0.0000000,0.0000000,0,0,0,0,758360502844791
1296,3772323339,1000,1546,1546,2.3715343,-0.00208,-1,-1,-1,0,0,0,136,1,1,0,0.0000000,0.0000000,0.0000000,0,0,0,0,758360503666500
1297,3772324339,1000,1546,1546,2.3715343,-0.00200,-1,-1,-1,0,0,0,136,1,1,0,0.0000000,0.0000000,0.0000000,0,0,0,0,758360504587625
1298,3772325339,1000,1546,1546,2.3715343,-0.00192,-1,-1,-1,0,0,0,136,1,1,0,0.0000000,0.0000000,0.0000000,0,0,0,0,758360505607166
1299,3772326339,1000,1546,1546,2.3715343,-0.00185,-1,-1,-1,0,0,0,136,1,1,0,0.0000000,0.0000000,0.0000000,0,0,0,0,758360506587208
1300,3772327339,1000,1546,1546,2.3715343,-0.00177,-1,-1,-1,0,0,0,136,1,1,0,0.0000000,0.0000000,0.0000000,0,0,0,0,758360507579375
1301,3772328339,1000,1546,1546,2.3715343,-0.00170,-1,-1,-1,0,0,0,136,1,1,0,0.0000000,0.0000000,0.0000000,0,0,0,0,758360508596125
1302,3772329339,1000,1546,1546,2.3715343,-0.00164,-1,-1,-1,0,0,0,136,1,1,0,0.0000000,0.0000000,0.0000000,0,0,0,0,758360509585458
1303,3772330339,1000,1546,1546,2.3715343,-0.00157,-1,-1,-1,0,0,0,136,1,1,0,0.0000000,0.0000000,0.0000000,0,0,0,0,758360510598625
1304,3772331339,1000,1546,1546,2.3715343,-0.00151,-1,-1,-1,0,0,0,136,1,1,0,0.0000000,0.0000000,0.0000000,0,0,0,0,758360511566291
1305,3772332339,1000,1546,1546,2.3715343,-0.00145,-1,-1,-1,0,0,0,136,1,1,0,0.0000000,0.0000000,0.0000000,0,0,0,0,758360512578333
1306,3772333339,1000,1546,1546,2.3715343,-0.00140,-1,-1,-1,0,0,0,136,1,1,0,0.0000000,0.0000000,0.0000000,0,0,0,0,758360513593791
1307,3772334339,1000,1546,1546,2.3715343,-0.00134,-1,-1,-1,0,0,0,136,1,1,0,0.0000000,0.0000000,0.0000000,0,0,0,0,758360514574583
1308,3772335339,1000,1547,1547,2.3730683,0.05886,-1,-1,-1,0,0,0,136,1,1,0,0.0000000,0.0000000,0.0000000,0,0,0,0,758360515551541
1309,3772336339,1000,1546,1546,2.3715343,-0.00360,-1,-1,-1,0,0,0,136,1,1,0,0.0000000,0.0000000,0.0000000,0,0,0,0,758360516579166
1310,3772337339,1000,1546,1546,2.3715343,-0.00346,-1,-1,-1,0,0,0,136,1,1,0,0.0000000,0.0000000,0.0000000,0,0,0,0,758360517582500
1311,3772338339,1000,1546,1546,2.3715343,-0.00332,-1,-1,-1,0,0,0,136,1,1,0,0.0000000,0.0000000,0.0000000,0,0,0,0,758360518573875
1312,3772339339,1000,1546,1546,2.3715343,-0.00319,-1,-1,-1,0,0,0,136,1,1,0,0.0000000,0.0000000,0.0000000,0,0,0,0,758360519563875
1313,3772340339,1000,1546,1546,2.3715343,-0.00306,-1,-1,-1,0,0,0,136,1,1,0,0.0000000,0.0000000,0.0000000,0,0,0,0,758360520565958
1314,3772341339,1000,1546,1546,2.3715343,-0.00294,-1,-1,-1,0,0,0,136,1,1,0,0.0000000,0.0000000,0.0000000,0,0,0,0,758360521600000
1315,3772342339,1000,1546,1546,2.3715343,-0.00283,-1,-1,-1,0,0,0,136,1,1,0,0.0000000,0.0000000,0.0000000,0,0,0,0,758360522585583
1316,3772343339,1000,1546,1546,2.3715343,-0.00272,-1,-1,-1,0,0,0,136,1,1,0,0.0000000,0.0000000,0.0000000,0,0,0,0,758360523565208
1317,3772344339,1000,1546,1546,2.3715343,-0.00261,-1,-1,-1,0,0,0,136,1,1,0,0.0000000,0.0000000,0.0000000,0,0,0,0,758360524580666
1318,3772345339,1000,1546,1546,2.3715343,-0.00251,-1,-1,-1,0,0,0,136,1,1,0,0.0000000,0.0000000,0.0000000,0,0,0,0,758360525580791
1319,3772346339,1000,1546,1546,2.3715343,-0.00241,-1,-1,-1,0,0,0,136,1,1,0,0.0000000,0.0000000,0.0000000,0,0,0,0,758360526588083
1320,3772347339,1000,1546,1546,2.3715343,-0.00232,-1,-1,-1,0,0,0,136,1,1,0,0.0000000,0.0000000,0.0000000,0,0,0,0,758360527580500
1321,3772348339,1000,1546,1546,2.3715343,-0.00223,-1,-1,-1,0,0,0,136,1,1,0,0.0000000,0.0000000,0.0000000,0,0,0,0,758360528549625
1322,3772349339,1000,1546,1546,2.3715343,-0.00214,-1,-1,-1,0,0,0,136,1,1,0,0.0000000,0.0000000,0.0000000,0,0,0,0,758360529564708
1323,3772350339,1000,1546,1546,2.3715343,-0.00205,-1,-1,-1,0,0,0,136,1,1,0,0.0000000,0.0000000,0.0000000,0,0,0,0,758360530568125
1324,3772351339,1000,1546,1546,2.3715343,-0.00197,-1,-1,-1,0,0,0,136,1,1,0,0.0000000,0.0000000,0.0000000,0,0,0,0,758360531660375
1325,3772352339,1000,1546,1546,2.3715343,-0.00190,39,126,2095,0,0,0,136,1,1,0,0.0000000,0.0000000,0.0000000,0,0,0,0,758360532991041
1326,3772353339,1000,1546,1546,2.3715343,-0.00182,-1,-1,-1,0,0,0,136,1,1,0,0.0000000,0.0000000,0.0000000,0,0,0,0,758360533604416
1327,3772354339,1000,1546,1546,2.3715343,-0.00175,-1,-1,-1,0,0,0,136,1,1,0,0.0000000,0.0000000,0.0000000,0,0,0,0,758360534803875
1328,3772355339,1000,1546,1546,2.3715343,-0.00168,-1,-1,-1,0,0,0,136,1,1,0,0.0000000,0.0000000,0.0000000,0,0,0,0,758360535782958
1329,3772356339,1000,1546,1546,2.3715343,-0.00162,-1,-1,-1,0,0,0,136,1,1,0,0.0000000,0.0000000,0.0000000,0,0,0,0,758360536772583
1330,3772357339,1000,1546,1546,2.3715343,-0.00155,-1,-1,-1,0,0,0,136,1,1,0,0.0000000,0.0000000,0.0000000,0,0,0,0,758360537603416
1331,3772358339,1000,1546,1546,2.3715343,-0.00149,-1,-1,-1,0,0,0,136,1,1,0,0.0000000,0.0000000,0.0000000,0,0,0,0,758360538591583
1332,3772359339,1000,1546,1546,2.3715343,-0.00143,-1,-1,-1,0,0,0,136,1,1,0,0.0000000,0.0000000,0.0000000,0,0,0,0,758360539566958
1333,3772360339,1000,1546,1546,2.3715343,-0.00138,-1,-1,-1,0,0,0,136,1,1,0,0.0000000,0.0000000,0.0000000,0,0,0,0,758360540577208
1334,3772361339,1000,1546,1546,2.3715343,-0.00132,-1,-1,-1,0,0,0,136,1,1,0,0.0000000,0.0000000,0.0000000,0,0,0,0,758360541562125
1335,3772362339,1000,1547,1547,2.3730683,0.05888,-1,-1,-1,0,0,0,136,1,1,0,0.0000000,0.0000000,0.0000000,0,0,0,0,758360542583541
1336,3772363339,1000,1546,1546,2.3715343,-0.00358,-1,-1,-1,0,0,0,136,1,1,0,0.0000000,0.0000000,0.0000000,0,0,0,0,758360543555958
1337,3772364339,1000,1546,1546,2.3715343,-0.00344,-1,-1,-1,0,0,0,136,1,1,0,0.0000000,0.0000000,0.0000000,0,0,0,0,758360544565166
1338,3772365339,1000,1546,1546,2.3715343,-0.00330,-1,-1,-1,0,0,0,136,1,1,0,0.0000000,0.0000000,0.0000000,0,0,0,0,758360545574958
1339,3772366339,1000,1546,1546,2.3715343,-0.00317,-1,-1,-1,0,0,0,136,1,1,0,0.0000000,0.0000000,0.0000000,0,0,0,0,758360546617000
1340,3772367339,1000,1546,1546,2.3715343,-0.00305,-1,-1,-1,0,0,0,136,1,1,0,0.0000000,0.0000000,0.0000000,0,0,0,0,758360547582791
1341,3772368339,1000,1546,1546,2.3715343,-0.00293,-1,-1,-1,0,0,0,136,1,1,0,0.0000000,0.0000000,0.0000000,0,0,0,0,758360548600500
1342,3772369339,1000,1546,1546,2.3715343,-0.00282,-1,-1,-1,0,0,0,136,1,1,0,0.0000000,0.0000000,0.0000000,0,0,0,0,758360549592666
1343,3772370339,1000,1546,1546,2.3715343,-0.00271,-1,-1,-1,0,0,0,136,1,1,0,0.0000000,0.0000000,0.0000000,0,0,0,0,758360550574833
1344,3772371339,1000,1546,1546,2.3715343,-0.00260,-1,-1,-1,0,0,0,136,1,1,0,0.0000000,0.0000000,0.0000000,0,0,0,0,758360551567375
1345,3772372339,1000,1546,1546,2.3715343,-0.00250,-1,-1,-1,0,0,0,136,1,1,0,0.0000000,0.0000000,0.0000000,0,0,0,0,758360552572291
1346,3772373339,1000,1546,1546,2.3715343,-0.00240,-1,-1,-1,0,0,0,136,1,1,0,0.0000000,0.0000000,0.0000000,0,0,0,0,758360553566083
1347,3772374339,1000,1546,1546,2.3715343,-0.00231,-1,-1,-1,0,0,0,136,1,1,0,0.0000000,0.0000000,0.0000000,0,0,0,0,758360554583000
1348,3772375339,1000,1546,1546,2.3715343,-0.00222,-1,-1,-1,0,0,0,136,1,1,0,0.0000000,0.0000000,0.0000000,0,0,0,0,758360555562708
1349,3772376339,1000,1546,1546,2.3715343,-0.00213,-1,-1,-1,0,0,0,136,1,1,0,0.0000000,0.0000000,0.0000000,0,0,0,0,758360556847250
1350,3772377339,1000,1546,1546,2.3715343,-0.00204,-1,-1,-1,0,0,0,136,1,1,0,0.0000000,0.0000000,0.0000000,0,0,0,0,758360557788000
1351,3772378339,1000,1546,1546,2.3715343,-0.00196,-1,-1,-1,0,0,0,136,1,1,0,0.0000000,0.0000000,0.0000000,0,0,0,0,758360558711125
1352,3772379339,1000,1546,1546,2.3715343,-0.00189,-1,-1,-1,0,0,0,136,1,1,0,0.0000000,0.0000000,0.0000000,0,0,0,0,758360559587750
1353,3772380339,1000,1546,1546,2.3715343,-0.00181,-1,-1,-1,0,0,0,136,1,1,0,0.0000000,0.0000000,0.0000000,0,0,0,0,758360560590291
1354,3772381339,1000,1546,1546,2.3715343,-0.00174,-1,-1,-1,0,0,0,136,1,1,0,0.0000000,0.0000000,0.0000000,0,0,0,0,758360561574416
1355,3772382339,1000,1546,1546,2.3715343,-0.00167,-1,-1,-1,0,0,0,136,1,1,0,0.0000000,0.0000000,0.0000000,0,0,0,0,758360562583458
1356,3772383339,1000,1546,1546,2.3715343,-0.00161,-1,-1,-1,0,0,0,136,1,1,0,0.0000000,0.0000000,0.0000000,0,0,0,0,758360563568000
1357,3772384339,1000,1546,1546,2.3715343,-0.00155,-1,-1,-1,0,0,0,136,1,1,0,0.0000000,0.0000000,0.0000000,0,0,0,0,758360564577875
1358,3772385339,1000,1546,1546,2.3715343,-0.00148,-1,-1,-1,0,0,0,136,1,1,0,0.0000000,0.0000000,0.0000000,0,0,0,0,758360565583500
1359,3772386339,1000,1546,1546,2.3715343,-0.00143,-1,-1,-1,0,0,0,136,1,1,0,0.0000000,0.0000000,0.0000000,0,0,0,0,758360566572666
1360,3772387339,1000,1546,1546,2.3715343,-0.00137,-1,-1,-1,0,0,0,136,1,1,0,0.0000000,0.0000000,0.0000000,0,0,0,0,758360567564041
1361,3772388339,1000,1546,1546,2.3715343,-0.00132,-1,-1,-1,0,0,0,136,1,1,0,0.0000000,0.0000000,0.0000000,0,0,0,0,758360568573750
1362,3772389339,1000,1546,1546,2.3715343,-0.00127,-1,-1,-1,0,0,0,136,1,1,0,0.0000000,0.0000000,0.0000000,0,0,0,0,758360569581666
1363,3772390339,1000,1546,1546,2.3715343,-0.00122,-1,-1,-1,0,0,0,136,1,1,0,0.0000000,0.0000000,0.0000000,0,0,0,0,758360570585083
1364,3772391339,1000,1546,1546,2.3715343,-0.00117,-1,-1,-1,0,0,0,136,1,1,0,0.0000000,0.0000000,0.0000000,0,0,0,0,758360571567250
1365,3772392339,1000,1546,1546,2.3715343,-0.00112,-1,-1,-1,0,0,0,136,1,1,0,0.0000000,0.0000000,0.0000000,0,0,0,0,758360572574333
1366,3772393339,1000,1546,1546,2.3715343,-0.00108,-1,-1,-1,0,0,0,136,1,1,0,0.0000000,0.0000000,0.0000000,0,0,0,0,758360573586166
1367,3772394339,1000,1546,1546,2.3715343,-0.00104,-1,-1,-1,0,0,0,136,1,1,0,0.0000000,0.0000000,0.0000000,0,0,0,0,758360574580833
1368,3772395339,1000,1546,1546,2.3715343,-0.00100,-1,-1,-1,0,0,0,136,1,1,0,0.0000000,0.0000000,0.0000000,0,0,0,0,758360575573375
1369,3772396339,1000,1546,1546,2.3715343,-0.00096,-1,-1,-1,0,0,0,136,1,1,0,0.0000000,0.0000000,0.0000000,0,0,0,0,758360576571083
1370,3772397339,1000,1546,1546,2.3715343,-0.00092,-1,-1,-1,0,0,0,136,1,1,0,0.0000000,0.0000000,0.0000000,0,0,0,0,758360577794833
1371,3772398339,1000,1547,1547,2.3730683,0.05927,-1,-1,-1,0,0,0,136,1,1,0,0.0000000,0.0000000,0.0000000,0,0,0,0,758360578783166
1372,3772399339,1000,1546,1546,2.3715343,-0.00321,-1,-1,-1,0,0,0,136,1,1,0,0.0000000,0.0000000,0.0000000,0,0,0,0,758360579787583
1373,3772400339,1000,1546,1546,2.3715343,-0.00308,-1,-1,-1,0,0,0,136,1,1,0,0.0000000,0.0000000,0.0000000,0,0,0,0,758360580631333
1374,3772401339,1000,1546,1546,2.3715343,-0.00296,-1,-1,-1,0,0,0,136,1,1,0,0.0000000,0.0000000,0.0000000,0,0,0,0,758360581591875
1375,3772402339,1000,1546,1546,2.3715343,-0.00284,39,126,2096,0,0,0,136,1,1,0,0.0000000,0.0000000,0.0000000,0,0,0,0,758360582950833
1376,3772403339,1000,1546,1546,2.3715343,-0.00273,-1,-1,-1,0,0,0,136,1,1,0,0.0000000,0.0000000,0.0000000,0,0,0,0,758360583603541
1377,3772404339,1000,1546,1546,2.3715343,-0.00263,-1,-1,-1,0,0,0,136,1,1,0,0.0000000,0.0000000,0.0000000,0,0,0,0,758360584569791
1378,3772405339,1000,1546,1546,2.3715343,-0.00252,-1,-1,-1,0,0,0,136,1,1,0,0.0000000,0.0000000,0.0000000,0,0,0,0,758360585587500
1379,3772406339,1000,1546,1546,2.3715343,-0.00242,-1,-1,-1,0,0,0,136,1,1,0,0.0000000,0.0000000,0.0000000,0,0,0,0,758360586576958
1380,3772407339,1000,1547,1547,2.3730683,0.05782,-1,-1,-1,0,0,0,136,1,1,0,0.0000000,0.0000000,0.0000000,0,0,0,0,758360587559875
1381,3772408339,1000,1546,1546,2.3715343,-0.00460,-1,-1,-1,0,0,0,136,1,1,0,0.0000000,0.0000000,0.0000000,0,0,0,0,758360588590583
1382,3772409339,1000,1546,1546,2.3715343,-0.00442,-1,-1,-1,0,0,0,136,1,1,0,0.0000000,0.0000000,0.0000000,0,0,0,0,758360589596583
1383,3772410339,1000,1546,1546,2.3715343,-0.00424,-1,-1,-1,0,0,0,136,1,1,0,0.0000000,0.0000000,0.0000000,0,0,0,0,758360590601791
1384,3772411339,1000,1546,1546,2.3715343,-0.00408,-1,-1,-1,0,0,0,136,1,1,0,0.0000000,0.0000000,0.0000000,0,0,0,0,758360591578250
1385,3772412339,1000,1546,1546,2.3715343,-0.00392,-1,-1,-1,0,0,0,136,1,1,0,0.0000000,0.0000000,0.0000000,0,0,0,0,758360592556250
1386,3772413339,1000,1546,1546,2.3715343,-0.00376,-1,-1,-1,0,0,0,136,1,1,0,0.0000000,0.0000000,0.0000000,0,0,0,0,758360593565708
1387,3772414339,1000,1546,1546,2.3715343,-0.00362,-1,-1,-1,0,0,0,136,1,1,0,0.0000000,0.0000000,0.0000000,0,0,0,0,758360594560083
1388,3772415339,1000,1546,1546,2.3715343,-0.00347,-1,-1,-1,0,0,0,136,1,1,0,0.0000000,0.0000000,0.0000000,0,0,0,0,758360595573916
1389,3772416339,1000,1546,1546,2.3715343,-0.00334,-1,-1,-1,0,0,0,136,1,1,0,0.0000000,0.0000000,0.0000000,0,0,0,0,758360596574750
1390,3772417339,1000,1546,1546,2.3715343,-0.00321,-1,-1,-1,0,0,0,136,1,1,0,0.0000000,0.0000000,0.0000000,0,0,0,0,758360597579500
1391,3772418339,1000,1546,1546,2.3715343,-0.00308,-1,-1,-1,0,0,0,136,1,1,0,0.0000000,0.0000000,0.0000000,0,0,0,0,758360598569166
1392,3772419339,1000,1546,1546,2.3715343,-0.00296,-1,-1,-1,0,0,0,136,1,1,0,0.0000000,0.0000000,0.0000000,0,0,0,0,758360599575416
1393,3772420339,1000,1546,1546,2.3715343,-0.00284,-1,-1,-1,0,0,0,136,1,1,0,0.0000000,0.0000000,0.0000000,0,0,0,0,758360600557791
1394,3772421339,1000,1546,1546,2.3715343,-0.00273,-1,-1,-1,0,0,0,136,1,1,0,0.0000000,0.0000000,0.0000000,0,0,0,0,758360601584500
1395,3772422339,1000,1546,1546,2.3715343,-0.00263,-1,-1,-1,0,0,0,136,1,1,0,0.0000000,0.0000000,0.0000000,0,0,0,0,758360602645583
1396,3772423339,1000,1546,1546,2.3715343,-0.00252,-1,-1,-1,0,0,0,136,1,1,0,0.0000000,0.0000000,0.0000000,0,0,0,0,758360603620333
1397,3772424339,1000,1546,1546,2.3715343,-0.00242,-1,-1,-1,0,0,0,136,1,1,0,0.0000000,0.0000000,0.0000000,0,0,0,0,758360604612166
1398,3772425339,1000,1546,1546,2.3715343,-0.00233,-1,-1,-1,0,0,0,136,1,1,0,0.0000000,0.0000000,0.0000000,0,0,0,0,758360605591291
1399,3772426339,1000,1546,1546,2.3715343,-0.00224,-1,-1,-1,0,0,0,136,1,1,0,0.0000000,0.0000000,0.0000000,0,0,0,0,758360606685791
1400,3772427339,1000,1546,1546,2.3715343,-0.00215,-1,-1,-1,0,0,0,136,1,1,0,0.0000000,0.0000000,0.0000000,0,0,0,0,758360607830083
1401,3772428339,1000,1546,1546,2.3715343,-0.00206,-1,-1,-1,0,0,0,136,1,1,0,0.0000000,0.0000000,0.0000000,0,0,0,0,758360608798250
1402,3772429339,1000,1546,1546,2.3715343,-0.00198,-1,-1,-1,0,0,0,136,1,1,0,0.0000000,0.0000000,0.0000000,0,0,0,0,758360609794166
1403,3772430339,1000,1546,1546,2.3715343,-0.00191,-1,-1,-1,0,0,0,136,1,1,0,0.0000000,0.0000000,0.0000000,0,0,0,0,758360610594208
1404,3772431339,1000,1547,1547,2.3730683,0.05832,-1,-1,-1,0,0,0,136,1,1,0,0.0000000,0.0000000,0.0000000,0,0,0,0,758360611566291
1405,3772432339,1000,1546,1546,2.3715343,-0.00412,-1,-1,-1,0,0,0,136,1,1,0,0.0000000,0.0000000,0.0000000,0,0,0,0,758360612604375
1406,3772433339,1000,1546,1546,2.3715343,-0.00396,-1,-1,-1,0,0,0,136,1,1,0,0.0000000,0.0000000,0.0000000,0,0,0,0,758360613589041
1407,3772434339,1000,1546,1546,2.3715343,-0.00380,-1,-1,-1,0,0,0,136,1,1,0,0.0000000,0.0000000,0.0000000,0,0,0,0,758360614594541
1408,3772435339,1000,1546,1546,2.3715343,-0.00365,-1,-1,-1,0,0,0,136,1,1,0,0.0000000,0.0000000,0.0000000,0,0,0,0,758360615585083
1409,3772436339,1000,1547,1547,2.3730683,0.05664,-1,-1,-1,0,0,0,136,1,1,0,0.0000000,0.0000000,0.0000000,0,0,0,0,758360616570500
1410,3772437339,1000,1546,1546,2.3715343,-0.00573,-1,-1,-1,0,0,0,136,1,1,0,0.0000000,0.0000000,0.0000000,0,0,0,0,758360617605958
1411,3772438339,1000,1546,1546,2.3715343,-0.00551,-1,-1,-1,0,0,0,136,1,1,0,0.0000000,0.0000000,0.0000000,0,0,0,0,758360618589750
1412,3772439339,1000,1546,1546,2.3715343,-0.00529,-1,-1,-1,0,0,0,136,1,1,0,0.0000000,0.0000000,0.0000000,0,0,0,0,758360619574833
1413,3772440339,1000,1546,1546,2.3715343,-0.00508,-1,-1,-1,0,0,0,136,1,1,0,0.0000000,0.0000000,0.0000000,0,0,0,0,758360620570125
1414,3772441339,1000,1546,1546,2.3715343,-0.00488,-1,-1,-1,0,0,0,136,1,1,0,0.0000000,0.0000000,0.0000000,0,0,0,0,758360621575333
1415,3772442339,1000,1546,1546,2.3715343,-0.00469,-1,-1,-1,0,0,0,136,1,1,0,0.0000000,0.0000000,0.0000000,0,0,0,0,758360622570583
1416,3772443339,1000,1546,1546,2.3715343,-0.00451,-1,-1,-1,0,0,0,136,1,1,0,0.0000000,0.0000000,0.0000000,0,0,0,0,758360623576083
1417,3772444339,1000,1546,1546,2.3715343,-0.00433,-1,-1,-1,0,0,0,136,1,1,0,0.0000000,0.0000000,0.0000000,0,0,0,0,758360624585375
1418,3772445339,1000,1546,1546,2.3715343,-0.00416,-1,-1,-1,0,0,0,136,1,1,0,0.0000000,0.0000000,0.0000000,0,0,0,0,758360625592500
1419,3772446339,1000,1546,1546,2.3715343,-0.00400,-1,-1,-1,0,0,0,136,1,1,0,0.0000000,0.0000000,0.0000000,0,0,0,0,758360626585750
1420,3772447339,1000,1546,1546,2.3715343,-0.00384,-1,-1,-1,0,0,0,136,1,1,0,0.0000000,0.0000000,0.0000000,0,0,0,0,758360627583000
1421,3772448339,1000,1546,1546,2.3715343,-0.00369,-1,-1,-1,0,0,0,136,1,1,0,0.0000000,0.0000000,0.0000000,0,0,0,0,758360628595958
1422,3772449339,1000,1546,1546,2.3715343,-0.00355,-1,-1,-1,0,0,0,136,1,1,0,0.0000000,0.0000000,0.0000000,0,0,0,0,758360629585041
1423,3772450339,1000,1546,1546,2.3715343,-0.00341,-1,-1,-1,0,0,0,136,1,1,0,0.0000000,0.0000000,0.0000000,0,0,0,0,758360630579333
1424,3772451339,1000,1546,1546,2.3715343,-0.00327,-1,-1,-1,0,0,0,136,1,1,0,0.0000000,0.0000000,0.0000000,0,0,0,0,758360631571333
1425,3772452339,1000,1546,1546,2.3715343,-0.00314,39,126,2095,0,0,0,136,1,1,0,0.0000000,0.0000000,0.0000000,0,0,0,0,758360633017583
1426,3772453339,1000,1546,1546,2.3715343,-0.00302,-1,-1,-1,0,0,0,136,1,1,0,0.0000000,0.0000000,0.0000000,0,0,0,0,758360633668750
1427,3772454339,1000,1546,1546,2.3715343,-0.00290,-1,-1,-1,0,0,0,136,1,1,0,0.0000000,0.0000000,0.0000000,0,0,0,0,758360634592625
1428,3772455339,1000,1546,1546,2.3715343,-0.00279,-1,-1,-1,0,0,0,136,1,1,0,0.0000000,0.0000000,0.0000000,0,0,0,0,758360635579166
1429,3772456339,1000,1546,1546,2.3715343,-0.00268,-1,-1,-1,0,0,0,136,1,1,0,0.0000000,0.0000000,0.0000000,0,0,0,0,758360636577208
1430,3772457339,1000,1546,1546,2.3715343,-0.00257,-1,-1,-1,0,0,0,136,1,1,0,0.0000000,0.0000000,0.0000000,0,0,0,0,758360637577916
1431,3772458339,1000,1546,1546,2.3715343,-0.00247,-1,-1,-1,0,0,0,136,1,1,0,0.0000000,0.0000000,0.0000000,0,0,0,0,758360638674208
1432,3772459339,1000,1546,1546,2.3715343,-0.00238,-1,-1,-1,0,0,0,136,1,1,0,0.0000000,0.0000000,0.0000000,0,0,0,0,758360639803333
1433,3772460339,1000,1546,1546,2.3715343,-0.00228,-1,-1,-1,0,0,0,136,1,1,0,0.0000000,0.0000000,0.0000000,0,0,0,0,758360640793791
1434,3772461339,1000,1546,1546,2.3715343,-0.00219,-1,-1,-1,0,0,0,136,1,1,0,0.0000000,0.0000000,0.0000000,0,0,0,0,758360641694875
1435,3772462339,1000,1546,1546,2.3715343,-0.00211,-1,-1,-1,0,0,0,136,1,1,0,0.0000000,0.0000000,0.0000000,0,0,0,0,758360642584666
1436,3772463339,1000,1546,1546,2.3715343,-0.00203,-1,-1,-1,0,0,0,136,1,1,0,0.0000000,0.0000000,0.0000000,0,0,0,0,758360643638541
1437,3772464339,1000,1546,1546,2.3715343,-0.00195,-1,-1,-1,0,0,0,136,1,1,0,0.0000000,0.0000000,0.0000000,0,0,0,0,758360644603291
1438,3772465339,1000,1546,1546,2.3715343,-0.00187,-1,-1,-1,0,0,0,136,1,1,0,0.0000000,0.0000000,0.0000000,0,0,0,0,758360645604500
1439,3772466339,1000,1546,1546,2.3715343,-0.00180,-1,-1,-1,0,0,0,136,1,1,0,0.0000000,0.0000000,0.0000000,0,0,0,0,758360646581708
1440,3772467339,1000,1546,1546,2.3715343,-0.00173,-1,-1,-1,0,0,0,136,1,1,0,0.0000000,0.0000000,0.0000000,0,0,0,0,758360647591000
1441,3772468339,1000,1546,1546,2.3715343,-0.00166,-1,-1,-1,0,0,0,136,1,1,0,0.0000000,0.0000000,0.0000000,0,0,0,0,758360648569791
1442,3772469339,1000,1546,1546,2.3715343,-0.00159,-1,-1,-1,0,0,0,136,1,1,0,0.0000000,0.0000000,0.0000000,0,0,0,0,758360649610833
1443,3772470339,1000,1546,1546,2.3715343,-0.00153,-1,-1,-1,0,0,0,136,1,1,0,0.0000000,0.0000000,0.0000000,0,0,0,0,758360650588250
1444,3772471339,1000,1546,1546,2.3715343,-0.00147,-1,-1,-1,0,0,0,136,1,1,0,0.0000000,0.0000000,0.0000000,0,0,0,0,758360651588416
1445,3772472339,1000,1546,1546,2.3715343,-0.00141,-1,-1,-1,0,0,0,136,1,1,0,0.0000000,0.0000000,0.0000000,0,0,0,0,758360652577458
1446,3772473339,1000,1546,1546,2.3715343,-0.00136,-1,-1,-1,0,0,0,136,1,1,0,0.0000000,0.0000000,0.0000000,0,0,0,0,758360653580583
1447,3772474339,1000,1546,1546,2.3715343,-0.00130,-1,-1,-1,0,0,0,136,1,1,0,0.0000000,0.0000000,0.0000000,0,0,0,0,758360654594166
1448,3772475339,1000,1546,1546,2.3715343,-0.00125,-1,-1,-1,0,0,0,136,1,1,0,0.0000000,0.0000000,0.0000000,0,0,0,0,758360655655291
1449,3772476339,1000,1546,1546,2.3715343,-0.00120,-1,-1,-1,0,0,0,136,1,1,0,0.0000000,0.0000000,0.0000000,0,0,0,0,758360656611666
1450,3772477339,1000,1546,1546,2.3715343,-0.00116,-1,-1,-1,0,0,0,136,1,1,0,0.0000000,0.0000000,0.0000000,0,0,0,0,758360657599250
1451,3772478339,1000,1547,1547,2.3730683,0.05904,-1,-1,-1,0,0,0,136,1,1,0,0.0000000,0.0000000,0.0000000,0,0,0,0,758360658588083
1452,3772479339,1000,1546,1546,2.3715343,-0.00343,-1,-1,-1,0,0,0,136,1,1,0,0.0000000,0.0000000,0.0000000,0,0,0,0,758360659587875
1453,3772480339,1000,1546,1546,2.3715343,-0.00329,-1,-1,-1,0,0,0,136,1,1,0,0.0000000,0.0000000,0.0000000,0,0,0,0,758360660584500
1454,3772481339,1000,1546,1546,2.3715343,-0.00316,-1,-1,-1,0,0,0,136,1,1,0,0.0000000,0.0000000,0.0000000,0,0,0,0,758360661582208
1455,3772482339,1000,1546,1546,2.3715343,-0.00304,-1,-1,-1,0,0,0,136,1,1,0,0.0000000,0.0000000,0.0000000,0,0,0,0,758360662578708
1456,3772483339,1000,1546,1546,2.3715343,-0.00292,-1,-1,-1,0,0,0,136,1,1,0,0.0000000,0.0000000,0.0000000,0,0,0,0,758360663576750
1457,3772484339,1000,1546,1546,2.3715343,-0.00281,-1,-1,-1,0,0,0,136,1,1,0,0.0000000,0.0000000,0.0000000,0,0,0,0,758360664572458
1458,3772485339,1000,1546,1546,2.3715343,-0.00270,-1,-1,-1,0,0,0,136,1,1,0,0.0000000,0.0000000,0.0000000,0,0,0,0,758360665596458
1459,3772486339,1000,1546,1546,2.3715343,-0.00259,-1,-1,-1,0,0,0,136,1,1,0,0.0000000,0.0000000,0.0000000,0,0,0,0,758360666590708
1460,3772487339,1000,1546,1546,2.3715343,-0.00249,-1,-1,-1,0,0,0,136,1,1,0,0.0000000,0.0000000,0.0000000,0,0,0,0,758360667580000
1461,3772488339,1000,1546,1546,2.3715343,-0.00239,-1,-1,-1,0,0,0,136,1,1,0,0.0000000,0.0000000,0.0000000,0,0,0,0,758360668573000
1462,3772489339,1000,1546,1546,2.3715343,-0.00230,-1,-1,-1,0,0,0,136,1,1,0,0.0000000,0.0000000,0.0000000,0,0,0,0,758360669573250
1463,3772490339,1000,1546,1546,2.3715343,-0.00221,-1,-1,-1,0,0,0,136,1,1,0,0.0000000,0.0000000,0.0000000,0,0,0,0,758360670819208
1464,3772491339,1000,1546,1546,2.3715343,-0.00212,-1,-1,-1,0,0,0,136,1,1,0,0.0000000,0.0000000,0.0000000,0,0,0,0,758360671993833
1465,3772492339,1000,1546,1546,2.3715343,-0.00204,-1,-1,-1,0,0,0,136,1,1,0,0.0000000,0.0000000,0.0000000,0,0,0,0,758360672888041
1466,3772493339,1000,1546,1546,2.3715343,-0.00196,-1,-1,-1,0,0,0,136,1,1,0,0.0000000,0.0000000,0.0000000,0,0,0,0,758360673618000
1467,3772494339,1000,1546,1546,2.3715343,-0.00188,-1,-1,-1,0,0,0,136,1,1,0,0.0000000,0.0000000,0.0000000,0,0,0,0,758360674595291
1468,3772495339,1000,1546,1546,2.3715343,-0.00181,-1,-1,-1,0,0,0,136,1,1,0,0.0000000,0.0000000,0.0000000,0,0,0,0,758360675556166
1469,3772496339,1000,1546,1546,2.3715343,-0.00174,-1,-1,-1,0,0,0,136,1,1,0,0.0000000,0.0000000,0.0000000,0,0,0,0,758360676575916
1470,3772497339,1000,1546,1546,2.3715343,-0.00167,-1,-1,-1,0,0,0,136,1,1,0,0.0000000,0.0000000,0.0000000,0,0,0,0,758360677572333
1471,3772498339,1000,1546,1546,2.3715343,-0.00160,-1,-1,-1,0,0,0,136,1,1,0,0.0000000,0.0000000,0.0000000,0,0,0,0,758360678576541
1472,3772499339,1000,1546,1546,2.3715343,-0.00154,-1,-1,-1,0,0,0,136,1,1,0,0.0000000,0.0000000,0.0000000,0,0,0,0,758360679571125
1473,3772500339,1000,1546,1546,2.3715343,-0.00148,-1,-1,-1,0,0,0,136,1,1,0,0.0000000,0.0000000,0.0000000,0,0,0,0,758360680577750
1474,3772501339,1000,1546,1546,2.3715343,-0.00142,-1,-1,-1,0,0,0,135,1,1,0,0.0000000,0.0000000,0.0000000,0,0,0,0,758360681568125
1475,3772502339,1000,1546,1546,2.3715343,-0.00137,39,126,2093,0,0,0,136,1,1,0,0.0000000,0.0000000,0.0000000,0,0,0,0,758360683025166
1476,3772503339,1000,1546,1546,2.3715343,-0.00131,-1,-1,-1,0,0,0,136,1,1,0,0.0000000,0.0000000,0.0000000,0,0,0,0,758360683637583
1477,3772504339,1000,1546,1546,2.3715343,-0.00126,-1,-1,-1,0,0,0,136,1,1,0,0.0000000,0.0000000,0.0000000,0,0,0,0,758360684576833
1478,3772505339,1000,1546,1546,2.3715343,-0.00121,-1,-1,-1,0,0,0,136,1,1,0,0.0000000,0.0000000,0.0000000,0,0,0,0,758360685569000
1479,3772506339,1000,1546,1546,2.3715343,-0.00116,-1,-1,-1,0,0,0,136,1,1,0,0.0000000,0.0000000,0.0000000,0,0,0,0,758360686594791
1480,3772507339,1000,1546,1546,2.3715343,-0.00112,-1,-1,-1,0,0,0,136,1,1,0,0.0000000,0.0000000,0.0000000,0,0,0,0,758360687571083
1481,3772508339,1000,1546,1546,2.3715343,-0.00107,-1,-1,-1,0,0,0,136,1,1,0,0.0000000,0.0000000,0.0000000,0,0,0,0,758360688571500
1482,3772509339,1000,1546,1546,2.3715343,-0.00103,-1,-1,-1,0,0,0,136,1,1,0,0.0000000,0.0000000,0.0000000,0,0,0,0,758360689585833
1483,3772510339,1000,1546,1546,2.3715343,-0.00099,-1,-1,-1,0,0,0,136,1,1,0,0.0000000,0.0000000,0.0000000,0,0,0,0,758360690581666
1484,3772511339,1000,1546,1546,2.3715343,-0.00095,-1,-1,-1,0,0,0,136,1,1,0,0.0000000,0.0000000,0.0000000,0,0,0,0,758360691566458
1485,3772512339,1000,1546,1546,2.3715343,-0.00092,-1,-1,-1,0,0,0,136,1,1,0,0.0000000,0.0000000,0.0000000,0,0,0,0,758360692613000
1486,3772513339,1000,1547,1547,2.3730683,0.05927,-1,-1,-1,0,0,0,136,1,1,0,0.0000000,0.0000000,0.0000000,0,0,0,0,758360693650833
1487,3772514339,1000,1546,1546,2.3715343,-0.00320,-1,-1,-1,0,0,0,136,1,1,0,0.0000000,0.0000000,0.0000000,0,0,0,0,758360694634750
1488,3772515339,1000,1546,1546,2.3715343,-0.00308,-1,-1,-1,0,0,0,136,1,1,0,0.0000000,0.0000000,0.0000000,0,0,0,0,758360695614166
1489,3772516339,1000,1546,1546,2.3715343,-0.00296,-1,-1,-1,0,0,0,136,1,1,0,0.0000000,0.0000000,0.0000000,0,0,0,0,758360696589375
1490,3772517339,1000,1546,1546,2.3715343,-0.00284,-1,-1,-1,0,0,0,136,1,1,0,0.0000000,0.0000000,0.0000000,0,0,0,0,758360697622041
1491,3772518339,1000,1546,1546,2.3715343,-0.00273,-1,-1,-1,0,0,0,136,1,1,0,0.0000000,0.0000000,0.0000000,0,0,0,0,758360698599750
1492,3772519339,1000,1546,1546,2.3715343,-0.00262,-1,-1,-1,0,0,0,136,1,1,0,0.0000000,0.0000000,0.0000000,0,0,0,0,758360699634166
1493,3772520339,1000,1546,1546,2.3715343,-0.00252,-1,-1,-1,0,0,0,136,1,1,0,0.0000000,0.0000000,0.0000000,0,0,0,0,758360700622500
1494,3772521339,1000,1546,1546,2.3715343,-0.00242,-1,-1,-1,0,0,0,136,1,1,0,0.0000000,0.0000000,0.0000000,0,0,0,0,758360701657583
1495,3772522339,1000,1546,1546,2.3715343,-0.00233,-1,-1,-1,0,0,0,136,1,1,0,0.0000000,0.0000000,0.0000000,0,0,0,0,758360702987208
1496,3772523339,1000,1546,1546,2.3715343,-0.00223,-1,-1,-1,0,0,0,136,1,1,0,0.0000000,0.0000000,0.0000000,0,0,0,0,758360704074500
1497,3772524339,1000,1546,1546,2.3715343,-0.00215,-1,-1,-1,0,0,0,136,1,1,0,0.0000000,0.0000000,0.0000000,0,0,0,0,758360704995791
1498,3772525339,1000,1546,1546,2.3715343,-0.00206,-1,-1,-1,0,0,0,136,1,1,0,0.0000000,0.0000000,0.0000000,0,0,0,0,758360705843416
1499,3772526339,1000,1547,1547,2.3730683,0.05817,-1,-1,-1,0,0,0,136,1,1,0,0.0000000,0.0000000,0.0000000,0,0,0,0,758360706724125
1500,3772527339,1000,1546,1546,2.3715343,-0.00426,-1,-1,-1,0,0,0,136,1,1,0,0.0000000,0.0000000,0.0000000,0,0,0,0,758360707565708
1501,3772528339,1000,1546,1546,2.3715343,-0.00410,-1,-1,-1,0,0,0,136,1,1,0,0.0000000,0.0000000,0.0000000,0,0,0,0,758360708661875
1502,3772529339,1000,1546,1546,2.3715343,-0.00394,-1,-1,-1,0,0,0,136,1,1,0,0.0000000,0.0000000,0.0000000,0,0,0,0,758360709577416
1503,3772530339,1000,1546,1546,2.3715343,-0.00378,-1,-1,-1,0,0,0,136,1,1,0,0.0000000,0.0000000,0.0000000,0,0,0,0,758360710651833
1504,3772531339,1000,1546,1546,2.3715343,-0.00363,-1,-1,-1,0,0,0,136,1,1,0,0.0000000,0.0000000,0.0000000,0,0,0,0,758360711550833
1505,3772532339,1000,1546,1546,2.3715343,-0.00349,-1,-1,-1,0,0,0,136,1,1,0,0.0000000,0.0000000,0.0000000,0,0,0,0,758360712540500
1506,3772533339,1000,1546,1546,2.3715343,-0.00335,-1,-1,-1,0,0,0,136,1,1,0,0.0000000,0.0000000,0.0000000,0,0,0,0,758360713773166
1507,3772534339,1000,1546,1546,2.3715343,-0.00322,-1,-1,-1,0,0,0,136,1,1,0,0.0000000,0.0000000,0.0000000,0,0,0,0,758360714740583
1508,3772535339,1000,1546,1546,2.3715343,-0.00310,-1,-1,-1,0,0,0,136,1,1,0,0.0000000,0.0000000,0.0000000,0,0,0,0,758360715734958
1509,3772536339,1000,1546,1546,2.3715343,-0.00297,-1,-1,-1,0,0,0,136,1,1,0,0.0000000,0.0000000,0.0000000,0,0,0,0,758360716781291
1510,3772537339,1000,1546,1546,2.3715343,-0.00286,-1,-1,-1,0,0,0,136,1,1,0,0.0000000,0.0000000,0.0000000,0,0,0,0,758360717775166
1511,3772538339,1000,1547,1547,2.3730683,0.05740,-1,-1,-1,0,0,0,136,1,1,0,0.0000000,0.0000000,0.0000000,0,0,0,0,758360718852666
1512,3772539339,1000,1546,1546,2.3715343,-0.00500,-1,-1,-1,0,0,0,136,1,1,0,0.0000000,0.0000000,0.0000000,0,0,0,0,758360719676125
1513,3772540339,1000,1546,1546,2.3715343,-0.00480,-1,-1,-1,0,0,0,136,1,1,0,0.0000000,0.0000000,0.0000000,0,0,0,0,758360720632083
1514,3772541339,1000,1546,1546,2.3715343,-0.00461,-1,-1,-1,0,0,0,136,1,1,0,0.0000000,0.0000000,0.0000000,0,0,0,0,758360721778625
1515,3772542339,1000,1546,1546,2.3715343,-0.00443,-1,-1,-1,0,0,0,136,1,1,0,0.0000000,0.0000000,0.0000000,0,0,0,0,758360722723291
1516,3772543339,1000,1546,1546,2.3715343,-0.00426,-1,-1,-1,0,0,0,136,1,1,0,0.0000000,0.0000000,0.0000000,0,0,0,0,758360723728583
1517,3772544339,1000,1546,1546,2.3715343,-0.00409,-1,-1,-1,0,0,0,136,1,1,0,0.0000000,0.0000000,0.0000000,0,0,0,0,758360724670750
1518,3772545339,1000,1546,1546,2.3715343,-0.00393,-1,-1,-1,0,0,0,136,1,1,0,0.0000000,0.0000000,0.0000000,0,0,0,0,758360725669750
1519,3772546339,1000,1546,1546,2.3715343,-0.00378,-1,-1,-1,0,0,0,136,1,1,0,0.0000000,0.0000000,0.0000000,0,0,0,0,758360726726333
1520,3772547339,1000,1546,1546,2.3715343,-0.00363,-1,-1,-1,0,0,0,136,1,1,0,0.0000000,0.0000000,0.0000000,0,0,0,0,758360727620583
1521,3772548339,1000,1546,1546,2.3715343,-0.00349,-1,-1,-1,0,0,0,136,1,1,0,0.0000000,0.0000000,0.0000000,0,0,0,0,758360728638041
1522,3772549339,1000,1546,1546,2.3715343,-0.00335,-1,-1,-1,0,0,0,136,1,1,0,0.0000000,0.0000000,0.0000000,0,0,0,0,758360729718000
1523,3772550339,1000,1546,1546,2.3715343,-0.00322,-1,-1,-1,0,0,0,135,1,1,0,0.0000000,0.0000000,0.0000000,0,0,0,0,758360730632500
1524,3772551339,1000,1546,1546,2.3715343,-0.00309,-1,-1,-1,0,0,0,136,1,1,0,0.0000000,0.0000000,0.0000000,0,0,0,0,758360731583375
1525,3772552339,1000,1546,1546,2.3715343,-0.00297,39,126,2093,0,0,0,136,1,1,0,0.0000000,0.0000000,0.0000000,0,0,0,0,758360732986541
1526,3772553339,1000,1546,1546,2.3715343,-0.00285,-1,-1,-1,0,0,0,136,1,1,0,0.0000000,0.0000000,0.0000000,0,0,0,0,758360733643083
1527,3772554339,1000,1546,1546,2.3715343,-0.00274,-1,-1,-1,0,0,0,136,1,1,0,0.0000000,0.0000000,0.0000000,0,0,0,0,758360734651583
1528,3772555339,1000,1546,1546,2.3715343,-0.00263,-1,-1,-1,0,0,0,136,1,1,0,0.0000000,0.0000000,0.0000000,0,0,0,0,758360735509666
1529,3772556339,1000,1546,1546,2.3715343,-0.00253,-1,-1,-1,0,0,0,136,1,1,0,0.0000000,0.0000000,0.0000000,0,0,0,0,758360736488000
1530,3772557339,1000,1546,1546,2.3715343,-0.00243,-1,-1,-1,0,0,0,136,1,1,0,0.0000000,0.0000000,0.0000000,0,0,0,0,758360737491708
1531,3772558339,1000,1546,1546,2.3715343,-0.00234,-1,-1,-1,0,0,0,136,1,1,0,0.0000000,0.0000000,0.0000000,0,0,0,0,758360738459000
1532,3772559339,1000,1546,1546,2.3715343,-0.00224,-1,-1,-1,0,0,0,136,1,1,0,0.0000000,0.0000000,0.0000000,0,0,0,0,758360739531625
1533,3772560339,1000,1546,1546,2.3715343,-0.00216,-1,-1,-1,0,0,0,136,1,1,0,0.0000000,0.0000000,0.0000000,0,0,0,0,758360740573750
1534,3772561339,1000,1546,1546,2.3715343,-0.00207,-1,-1,-1,0,0,0,136,1,1,0,0.0000000,0.0000000,0.0000000,0,0,0,0,758360741565125
1535,3772562339,1000,1546,1546,2.3715343,-0.00199,-1,-1,-1,0,0,0,136,1,1,0,0.0000000,0.0000000,0.0000000,0,0,0,0,758360742589708
1536,3772563339,1000,1546,1546,2.3715343,-0.00191,-1,-1,-1,0,0,0,136,1,1,0,0.0000000,0.0000000,0.0000000,0,0,0,0,758360743559791
1537,3772564339,1000,1546,1546,2.3715343,-0.00184,-1,-1,-1,0,0,0,136,1,1,0,0.0000000,0.0000000,0.0000000,0,0,0,0,758360744559958
1538,3772565339,1000,1546,1546,2.3715343,-0.00177,-1,-1,-1,0,0,0,136,1,1,0,0.0000000,0.0000000,0.0000000,0,0,0,0,758360745557041
1539,3772566339,1000,1546,1546,2.3715343,-0.00170,-1,-1,-1,0,0,0,136,1,1,0,0.0000000,0.0000000,0.0000000,0,0,0,0,758360746565750
1540,3772567339,1000,1546,1546,2.3715343,-0.00163,-1,-1,-1,0,0,0,136,1,1,0,0.0000000,0.0000000,0.0000000,0,0,0,0,758360747555291
1541,3772568339,1000,1547,1547,2.3730683,0.05858,-1,-1,-1,0,0,0,136,1,1,0,0.0000000,0.0000000,0.0000000,0,0,0,0,758360748547291
1542,3772569339,1000,1546,1546,2.3715343,-0.00386,-1,-1,-1,0,0,0,136,1,1,0,0.0000000,0.0000000,0.0000000,0,0,0,0,758360749551416
1543,3772570339,1000,1546,1546,2.3715343,-0.00371,-1,-1,-1,0,0,0,136,1,1,0,0.0000000,0.0000000,0.0000000,0,0,0,0,758360750549000
1544,3772571339,1000,1546,1546,2.3715343,-0.00357,-1,-1,-1,0,0,0,136,1,1,0,0.0000000,0.0000000,0.0000000,0,0,0,0,758360751554416
1545,3772572339,1000,1546,1546,2.3715343,-0.00343,-1,-1,-1,0,0,0,136,1,1,0,0.0000000,0.0000000,0.0000000,0,0,0,0,758360752560625
1546,3772573339,1000,1546,1546,2.3715343,-0.00329,-1,-1,-1,0,0,0,136,1,1,0,0.0000000,0.0000000,0.0000000,0,0,0,0,758360753558125
1547,3772574339,1000,1546,1546,2.3715343,-0.00316,-1,-1,-1,0,0,0,136,1,1,0,0.0000000,0.0000000,0.0000000,0,0,0,0,758360754560041
1548,3772575339,1000,1546,1546,2.3715343,-0.00304,-1,-1,-1,0,0,0,136,1,1,0,0.0000000,0.0000000,0.0000000,0,0,0,0,758360755552416
1549,3772576339,1000,1546,1546,2.3715343,-0.00292,-1,-1,-1,0,0,0,136,1,1,0,0.0000000,0.0000000,0.0000000,0,0,0,0,758360756561083
1550,3772577339,1000,1546,1546,2.3715343,-0.00281,-1,-1,-1,0,0,0,136,1,1,0,0.0000000,0.0000000,0.0000000,0,0,0,0,758360757554791
1551,3772578339,1000,1546,1546,2.3715343,-0.00270,-1,-1,-1,0,0,0,135,1,1,0,0.0000000,0.0000000,0.0000000,0,0,0,0,758360758557666
1552,3772579339,1000,1546,1546,2.3715343,-0.00259,-1,-1,-1,0,0,0,136,1,1,0,0.0000000,0.0000000,0.0000000,0,0,0,0,758360759563583
1553,3772580339,1000,1546,1546,2.3715343,-0.00249,-1,-1,-1,0,0,0,136,1,1,0,0.0000000,0.0000000,0.0000000,0,0,0,0,758360760558458
1554,3772581339,1000,1546,1546,2.3715343,-0.00239,-1,-1,-1,0,0,0,136,1,1,0,0.0000000,0.0000000,0.0000000,0,0,0,0,758360761561375
1555,3772582339,1000,1546,1546,2.3715343,-0.00230,-1,-1,-1,0,0,0,136,1,1,0,0.0000000,0.0000000,0.0000000,0,0,0,0,758360762555500
1556,3772583339,1000,1546,1546,2.3715343,-0.00221,-1,-1,-1,0,0,0,136,1,1,0,0.0000000,0.0000000,0.0000000,0,0,0,0,758360763545625
1557,3772584339,1000,1546,1546,2.3715343,-0.00212,-1,-1,-1,0,0,0,136,1,1,0,0.0000000,0.0000000,0.0000000,0,0,0,0,758360764555125
1558,3772585339,1000,1546,1546,2.3715343,-0.00204,-1,-1,-1,0,0,0,136,1,1,0,0.0000000,0.0000000,0.0000000,0,0,0,0,758360765551333
1559,3772586339,1000,1546,1546,2.3715343,-0.00196,-1,-1,-1,0,0,0,136,1,1,0,0.0000000,0.0000000,0.0000000,0,0,0,0,758360766553416
1560,3772587339,1000,1546,1546,2.3715343,-0.00188,-1,-1,-1,0,0,0,136,1,1,0,0.0000000,0.0000000,0.0000000,0,0,0,0,758360767552958
1561,3772588339,1000,1546,1546,2.3715343,-0.00181,-1,-1,-1,0,0,0,136,1,1,0,0.0000000,0.0000000,0.0000000,0,0,0,0,758360768546666
1562,3772589339,1000,1547,1547,2.3730683,0.05841,-1,-1,-1,0,0,0,136,1,1,0,0.0000000,0.0000000,0.0000000,0,0,0,0,758360769554708
1563,3772590339,1000,1546,1546,2.3715343,-0.00403,-1,-1,-1,0,0,0,136,1,1,0,0.0000000,0.0000000,0.0000000,0,0,0,0,758360770551375
1564,3772591339,1000,1546,1546,2.3715343,-0.00387,-1,-1,-1,0,0,0,136,1,1,0,0.0000000,0.0000000,0.0000000,0,0,0,0,758360771555583
1565,3772592339,1000,1546,1546,2.3715343,-0.00372,-1,-1,-1,0,0,0,136,1,1,0,0.0000000,0.0000000,0.0000000,0,0,0,0,758360772549958
1566,3772593339,1000,1546,1546,2.3715343,-0.00357,-1,-1,-1,0,0,0,136,1,1,0,0.0000000,0.0000000,0.0000000,0,0,0,0,758360773555291
1567,3772594339,1000,1546,1546,2.3715343,-0.00343,-1,-1,-1,0,0,0,136,1,1,0,0.0000000,0.0000000,0.0000000,0,0,0,0,758360774544250
1568,3772595339,1000,1546,1546,2.3715343,-0.00330,-1,-1,-1,0,0,0,136,1,1,0,0.0000000,0.0000000,0.0000000,0,0,0,0,758360775549833
1569,3772596339,1000,1546,1546,2.3715343,-0.00317,-1,-1,-1,0,0,0,136,1,1,0,0.0000000,0.0000000,0.0000000,0,0,0,0,758360776563083
1570,3772597339,1000,1546,1546,2.3715343,-0.00304,-1,-1,-1,0,0,0,136,1,1,0,0.0000000,0.0000000,0.0000000,0,0,0,0,758360777781166
1571,3772598339,1000,1546,1546,2.3715343,-0.00292,-1,-1,-1,0,0,0,136,1,1,0,0.0000000,0.0000000,0.0000000,0,0,0,0,758360778770083
1572,3772599339,1000,1546,1546,2.3715343,-0.00281,-1,-1,-1,0,0,0,136,1,1,0,0.0000000,0.0000000,0.0000000,0,0,0,0,758360779783375
1573,3772600339,1000,1546,1546,2.3715343,-0.00270,-1,-1,-1,0,0,0,136,1,1,0,0.0000000,0.0000000,0.0000000,0,0,0,0,758360780573375
1574,3772601339,1000,1546,1546,2.3715343,-0.00259,-1,-1,-1,0,0,0,136,1,1,0,0.0000000,0.0000000,0.0000000,0,0,0,0,758360781551833
1575,3772602339,1000,1546,1546,2.3715343,-0.00249,39,126,2095,0,0,0,136,1,1,0,0.0000000,0.0000000,0.0000000,0,0,0,0,758360782997708
1576,3772603339,1000,1546,1546,2.3715343,-0.00239,-1,-1,-1,0,0,0,136,1,1,0,0.0000000,0.0000000,0.0000000,0,0,0,0,758360783623250
1577,3772604339,1000,1546,1546,2.3715343,-0.00230,-1,-1,-1,0,0,0,136,1,1,0,0.0000000,0.0000000,0.0000000,0,0,0,0,758360784566416
1578,3772605339,1000,1546,1546,2.3715343,-0.00221,-1,-1,-1,0,0,0,136,1,1,0,0.0000000,0.0000000,0.0000000,0,0,0,0,758360785553958
1579,3772606339,1000,1547,1547,2.3730683,0.05803,-1,-1,-1,0,0,0,136,1,1,0,0.0000000,0.0000000,0.0000000,0,0,0,0,758360786547625
1580,3772607339,1000,1546,1546,2.3715343,-0.00440,-1,-1,-1,0,0,0,136,1,1,0,0.0000000,0.0000000,0.0000000,0,0,0,0,758360787551416
1581,3772608339,1000,1546,1546,2.3715343,-0.00423,-1,-1,-1,0,0,0,136,1,1,0,0.0000000,0.0000000,0.0000000,0,0,0,0,758360788578541
1582,3772609339,1000,1546,1546,2.3715343,-0.00406,-1,-1,-1,0,0,0,136,1,1,0,0.0000000,0.0000000,0.0000000,0,0,0,0,758360789560166
1583,3772610339,1000,1546,1546,2.3715343,-0.00390,-1,-1,-1,0,0,0,136,1,1,0,0.0000000,0.0000000,0.0000000,0,0,0,0,758360790547458
1584,3772611339,1000,1546,1546,2.3715343,-0.00375,-1,-1,-1,0,0,0,136,1,1,0,0.0000000,0.0000000,0.0000000,0,0,0,0,758360791552833
1585,3772612339,1000,1547,1547,2.3730683,0.05655,-1,-1,-1,0,0,0,136,1,1,0,0.0000000,0.0000000,0.0000000,0,0,0,0,758360792543791
1586,3772613339,1000,1546,1546,2.3715343,-0.00582,-1,-1,-1,0,0,0,136,1,1,0,0.0000000,0.0000000,0.0000000,0,0,0,0,758360793542375
1587,3772614339,1000,1546,1546,2.3715343,-0.00559,-1,-1,-1,0,0,0,136,1,1,0,0.0000000,0.0000000,0.0000000,0,0,0,0,758360794547916
1588,3772615339,1000,1546,1546,2.3715343,-0.00537,-1,-1,-1,0,0,0,136,1,1,0,0.0000000,0.0000000,0.0000000,0,0,0,0,758360795558000
1589,3772616339,1000,1546,1546,2.3715343,-0.00516,-1,-1,-1,0,0,0,136,1,1,0,0.0000000,0.0000000,0.0000000,0,0,0,0,758360796558375
1590,3772617339,1000,1546,1546,2.3715343,-0.00496,-1,-1,-1,0,0,0,136,1,1,0,0.0000000,0.0000000,0.0000000,0,0,0,0,758360797550375
1591,3772618339,1000,1546,1546,2.3715343,-0.00476,-1,-1,-1,0,0,0,136,1,1,0,0.0000000,0.0000000,0.0000000,0,0,0,0,758360798553791
1592,3772619339,1000,1546,1546,2.3715343,-0.00458,-1,-1,-1,0,0,0,136,1,1,0,0.0000000,0.0000000,0.0000000,0,0,0,0,758360799550833
1593,3772620339,1000,1546,1546,2.3715343,-0.00440,-1,-1,-1,0,0,0,136,1,1,0,0.0000000,0.0000000,0.0000000,0,0,0,0,758360800556500
1594,3772621339,1000,1546,1546,2.3715343,-0.00422,-1,-1,-1,0,0,0,136,1,1,0,0.0000000,0.0000000,0.0000000,0,0,0,0,758360801586083
1595,3772622339,1000,1546,1546,2.3715343,-0.00406,-1,-1,-1,0,0,0,136,1,1,0,0.0000000,0.0000000,0.0000000,0,0,0,0,758360802548625
1596,3772623339,1000,1546,1546,2.3715343,-0.00390,-1,-1,-1,0,0,0,136,1,1,0,0.0000000,0.0000000,0.0000000,0,0,0,0,758360803553708
1597,3772624339,1000,1546,1546,2.3715343,-0.00375,-1,-1,-1,0,0,0,136,1,1,0,0.0000000,0.0000000,0.0000000,0,0,0,0,758360804668208
1598,3772625339,1000,1546,1546,2.3715343,-0.00360,-1,-1,-1,0,0,0,136,1,1,0,0.0000000,0.0000000,0.0000000,0,0,0,0,758360805785666
1599,3772626339,1000,1546,1546,2.3715343,-0.00346,-1,-1,-1,0,0,0,136,1,1,0,0.0000000,0.0000000,0.0000000,0,0,0,0,758360806768083
1600,3772627339,1000,1546,1546,2.3715343,-0.00332,-1,-1,-1,0,0,0,136,1,1,0,0.0000000,0.0000000,0.0000000,0,0,0,0,758360807725375
1601,3772628339,1000,1546,1546,2.3715343,-0.00319,-1,-1,-1,0,0,0,136,1,1,0,0.0000000,0.0000000,0.0000000,0,0,0,0,758360808545833
1602,3772629339,1000,1546,1546,2.3715343,-0.00307,-1,-1,-1,0,0,0,136,1,1,0,0.0000000,0.0000000,0.0000000,0,0,0,0,758360809553250
1603,3772630339,1000,1546,1546,2.3715343,-0.00295,-1,-1,-1,0,0,0,136,1,1,0,0.0000000,0.0000000,0.0000000,0,0,0,0,758360810550250
1604,3772631339,1000,1546,1546,2.3715343,-0.00283,-1,-1,-1,0,0,0,136,1,1,0,0.0000000,0.0000000,0.0000000,0,0,0,0,758360811566666
1605,3772632339,1000,1547,1547,2.3730683,0.05743,-1,-1,-1,0,0,0,136,1,1,0,0.0000000,0.0000000,0.0000000,0,0,0,0,758360812593500
1606,3772633339,1000,1546,1546,2.3715343,-0.00497,-1,-1,-1,0,0,0,136,1,1,0,0.0000000,0.0000000,0.0000000,0,0,0,0,758360813597958
1607,3772634339,1000,1546,1546,2.3715343,-0.00478,-1,-1,-1,0,0,0,136,1,1,0,0.0000000,0.0000000,0.0000000,0,0,0,0,758360814569916
1608,3772635339,1000,1546,1546,2.3715343,-0.00459,-1,-1,-1,0,0,0,136,1,1,0,0.0000000,0.0000000,0.0000000,0,0,0,0,758360815554791
1609,3772636339,1000,1546,1546,2.3715343,-0.00441,-1,-1,-1,0,0,0,136,1,1,0,0.0000000,0.0000000,0.0000000,0,0,0,0,758360816563666
1610,3772637339,1000,1546,1546,2.3715343,-0.00424,-1,-1,-1,0,0,0,136,1,1,0,0.0000000,0.0000000,0.0000000,0,0,0,0,758360817575666
1611,3772638339,1000,1546,1546,2.3715343,-0.00407,-1,-1,-1,0,0,0,136,1,1,0,0.0000000,0.0000000,0.0000000,0,0,0,0,758360818558791
1612,3772639339,1000,1546,1546,2.3715343,-0.00391,-1,-1,-1,0,0,0,136,1,1,0,0.0000000,0.0000000,0.0000000,0,0,0,0,758360819560166
1613,3772640339,1000,1546,1546,2.3715343,-0.00376,-1,-1,-1,0,0,0,136,1,1,0,0.0000000,0.0000000,0.0000000,0,0,0,0,758360820562750
1614,3772641339,1000,1546,1546,2.3715343,-0.00361,-1,-1,-1,0,0,0,136,1,1,0,0.0000000,0.0000000,0.0000000,0,0,0,0,758360821555833
1615,3772642339,1000,1546,1546,2.3715343,-0.00347,-1,-1,-1,0,0,0,136,1,1,0,0.0000000,0.0000000,0.0000000,0,0,0,0,758360822551041
1616,3772643339,1000,1546,1546,2.3715343,-0.00333,-1,-1,-1,0,0,0,136,1,1,0,0.0000000,0.0000000,0.0000000,0,0,0,0,758360823557625
1617,3772644339,1000,1546,1546,2.3715343,-0.00320,-1,-1,-1,0,0,0,136,1,1,0,0.0000000,0.0000000,0.0000000,0,0,0,0,758360824550083
1618,3772645339,1000,1546,1546,2.3715343,-0.00308,-1,-1,-1,0,0,0,136,1,1,0,0.0000000,0.0000000,0.0000000,0,0,0,0,758360825555375
1619,3772646339,1000,1546,1546,2.3715343,-0.00296,-1,-1,-1,0,0,0,136,1,1,0,0.0000000,0.0000000,0.0000000,0,0,0,0,758360826710000
1620,3772647339,1000,1546,1546,2.3715343,-0.00284,-1,-1,-1,0,0,0,136,1,1,0,0.0000000,0.0000000,0.0000000,0,0,0,0,758360827792708
1621,3772648339,1000,1546,1546,2.3715343,-0.00273,-1,-1,-1,0,0,0,136,1,1,0,0.0000000,0.0000000,0.0000000,0,0,0,0,758360828791000
1622,3772649339,1000,1546,1546,2.3715343,-0.00262,-1,-1,-1,0,0,0,136,1,1,0,0.0000000,0.0000000,0.0000000,0,0,0,0,758360829656583
1623,3772650339,1000,1546,1546,2.3715343,-0.00252,-1,-1,-1,0,0,0,136,1,1,0,0.0000000,0.0000000,0.0000000,0,0,0,0,758360830560875
1624,3772651339,1000,1546,1546,2.3715343,-0.00242,-1,-1,-1,0,0,0,136,1,1,0,0.0000000,0.0000000,0.0000000,0,0,0,0,758360831555541
1625,3772652339,1000,1546,1546,2.3715343,-0.00233,39,126,2095,0,0,0,136,1,1,0,0.0000000,0.0000000,0.0000000,0,0,0,0,758360832926041
1626,3772653339,1000,1546,1546,2.3715343,-0.00223,-1,-1,-1,0,0,0,136,1,1,0,0.0000000,0.0000000,0.0000000,0,0,0,0,758360833571125
1627,3772654339,1000,1546,1546,2.3715343,-0.00215,-1,-1,-1,0,0,0,136,1,1,0,0.0000000,0.0000000,0.0000000,0,0,0,0,758360834558666
1628,3772655339,1000,1546,1546,2.3715343,-0.00206,-1,-1,-1,0,0,0,136,1,1,0,0.0000000,0.0000000,0.0000000,0,0,0,0,758360835556833
1629,3772656339,1000,1546,1546,2.3715343,-0.00198,-1,-1,-1,0,0,0,136,1,1,0,0.0000000,0.0000000,0.0000000,0,0,0,0,758360836556791
1630,3772657339,1000,1547,1547,2.3730683,0.05824,-1,-1,-1,0,0,0,136,1,1,0,0.0000000,0.0000000,0.0000000,0,0,0,0,758360837549833
1631,3772658339,1000,1546,1546,2.3715343,-0.00419,-1,-1,-1,0,0,0,136,1,1,0,0.0000000,0.0000000,0.0000000,0,0,0,0,758360838554750
1632,3772659339,1000,1546,1546,2.3715343,-0.00402,-1,-1,-1,0,0,0,136,1,1,0,0.0000000,0.0000000,0.0000000,0,0,0,0,758360839567541
1633,3772660339,1000,1547,1547,2.3730683,0.05628,-1,-1,-1,0,0,0,136,1,1,0,0.0000000,0.0000000,0.0000000,0,0,0,0,758360840547416
1634,3772661339,1000,1546,1546,2.3715343,-0.00607,-1,-1,-1,0,0,0,136,1,1,0,0.0000000,0.0000000,0.0000000,0,0,0,0,758360841559250
1635,3772662339,1000,1546,1546,2.3715343,-0.00583,-1,-1,-1,0,0,0,136,1,1,0,0.0000000,0.0000000,0.0000000,0,0,0,0,758360842548041
1636,3772663339,1000,1546,1546,2.3715343,-0.00561,-1,-1,-1,0,0,0,136,1,1,0,0.0000000,0.0000000,0.0000000,0,0,0,0,758360843555833
1637,3772664339,1000,1546,1546,2.3715343,-0.00539,-1,-1,-1,0,0,0,136,1,1,0,0.0000000,0.0000000,0.0000000,0,0,0,0,758360844558375
1638,3772665339,1000,1546,1546,2.3715343,-0.00517,-1,-1,-1,0,0,0,136,1,1,0,0.0000000,0.0000000,0.0000000,0,0,0,0,758360845556416
1639,3772666339,1000,1546,1546,2.3715343,-0.00497,-1,-1,-1,0,0,0,136,1,1,0,0.0000000,0.0000000,0.0000000,0,0,0,0,758360846550083
1640,3772667339,1000,1546,1546,2.3715343,-0.00478,-1,-1,-1,0,0,0,136,1,1,0,0.0000000,0.0000000,0.0000000,0,0,0,0,758360847560125
1641,3772668339,1000,1546,1546,2.3715343,-0.00459,-1,-1,-1,0,0,0,136,1,1,0,0.0000000,0.0000000,0.0000000,0,0,0,0,758360848553541
1642,3772669339,1000,1546,1546,2.3715343,-0.00441,-1,-1,-1,0,0,0,136,1,1,0,0.0000000,0.0000000,0.0000000,0,0,0,0,758360849556250
1643,3772670339,1000,1546,1546,2.3715343,-0.00424,-1,-1,-1,0,0,0,136,1,1,0,0.0000000,0.0000000,0.0000000,0,0,0,0,758360850546666
1644,3772671339,1000,1546,1546,2.3715343,-0.00407,-1,-1,-1,0,0,0,136,1,1,0,0.0000000,0.0000000,0.0000000,0,0,0,0,758360851559291
1645,3772672339,1000,1546,1546,2.3715343,-0.00391,-1,-1,-1,0,0,0,136,1,1,0,0.0000000,0.0000000,0.0000000,0,0,0,0,758360852559250
1646,3772673339,1000,1546,1546,2.3715343,-0.00376,-1,-1,-1,0,0,0,136,1,1,0,0.0000000,0.0000000,0.0000000,0,0,0,0,758360853554083
1647,3772674339,1000,1546,1546,2.3715343,-0.00361,-1,-1,-1,0,0,0,136,1,1,0,0.0000000,0.0000000,0.0000000,0,0,0,0,758360854558583
1648,3772675339,1000,1546,1546,2.3715343,-0.00347,-1,-1,-1,0,0,0,136,1,1,0,0.0000000,0.0000000,0.0000000,0,0,0,0,758360855688000
1649,3772676339,1000,1546,1546,2.3715343,-0.00333,-1,-1,-1,0,0,0,135,1,1,0,0.0000000,0.0000000,0.0000000,0,0,0,0,758360856485625
1650,3772677339,1000,1546,1546,2.3715343,-0.00320,-1,-1,-1,0,0,0,136,1,1,0,0.0000000,0.0000000,0.0000000,0,0,0,0,758360857814708
1651,3772678339,1000,1546,1546,2.3715343,-0.00308,-1,-1,-1,0,0,0,136,1,1,0,0.0000000,0.0000000,0.0000000,0,0,0,0,758360858782208
1652,3772679339,1000,1546,1546,2.3715343,-0.00296,-1,-1,-1,0,0,0,136,1,1,0,0.0000000,0.0000000,0.0000000,0,0,0,0,758360859402791
1653,3772680339,1000,1546,1546,2.3715343,-0.00284,-1,-1,-1,0,0,0,136,1,1,0,0.0000000,0.0000000,0.0000000,0,0,0,0,758360860405875
1654,3772681339,1000,1546,1546,2.3715343,-0.00273,-1,-1,-1,0,0,0,136,1,1,0,0.0000000,0.0000000,0.0000000,0,0,0,0,758360861425541
1655,3772682339,1000,1546,1546,2.3715343,-0.00262,-1,-1,-1,0,0,0,136,1,1,0,0.0000000,0.0000000,0.0000000,0,0,0,0,758360862474416
1656,3772683339,1000,1546,1546,2.3715343,-0.00252,-1,-1,-1,0,0,0,135,1,1,0,0.0000000,0.0000000,0.0000000,0,0,0,0,758360863440208
1657,3772684339,1000,1546,1546,2.3715343,-0.00242,-1,-1,-1,0,0,0,136,1,1,0,0.0000000,0.0000000,0.0000000,0,0,0,0,758360864452791
1658,3772685339,1000,1546,1546,2.3715343,-0.00233,-1,-1,-1,0,0,0,136,1,1,0,0.0000000,0.0000000,0.0000000,0,0,0,0,758360865434666
1659,3772686339,1000,1546,1546,2.3715343,-0.00223,-1,-1,-1,0,0,0,136,1,1,0,0.0000000,0.0000000,0.0000000,0,0,0,0,758360866586375
1660,3772687339,1000,1546,1546,2.3715343,-0.00215,-1,-1,-1,0,0,0,136,1,1,0,0.0000000,0.0000000,0.0000000,0,0,0,0,758360867572833
1661,3772688339,1000,1546,1546,2.3715343,-0.00206,-1,-1,-1,0,0,0,136,1,1,0,0.0000000,0.0000000,0.0000000,0,0,0,0,758360868560000
1662,3772689339,1000,1546,1546,2.3715343,-0.00198,-1,-1,-1,0,0,0,136,1,1,0,0.0000000,0.0000000,0.0000000,0,0,0,0,758360869559375
1663,3772690339,1000,1546,1546,2.3715343,-0.00190,-1,-1,-1,0,0,0,136,1,1,0,0.0000000,0.0000000,0.0000000,0,0,0,0,758360870560666
1664,3772691339,1000,1546,1546,2.3715343,-0.00183,-1,-1,-1,0,0,0,136,1,1,0,0.0000000,0.0000000,0.0000000,0,0,0,0,758360871562750
1665,3772692339,1000,1546,1546,2.3715343,-0.00176,-1,-1,-1,0,0,0,136,1,1,0,0.0000000,0.0000000,0.0000000,0,0,0,0,758360872558000
1666,3772693339,1000,1546,1546,2.3715343,-0.00169,-1,-1,-1,0,0,0,136,1,1,0,0.0000000,0.0000000,0.0000000,0,0,0,0,758360873562333
1667,3772694339,1000,1546,1546,2.3715343,-0.00162,-1,-1,-1,0,0,0,136,1,1,0,0.0000000,0.0000000,0.0000000,0,0,0,0,758360874563166
1668,3772695339,1000,1546,1546,2.3715343,-0.00156,-1,-1,-1,0,0,0,136,1,1,0,0.0000000,0.0000000,0.0000000,0,0,0,0,758360875553583
1669,3772696339,1000,1546,1546,2.3715343,-0.00150,-1,-1,-1,0,0,0,136,1,1,0,0.0000000,0.0000000,0.0000000,0,0,0,0,758360876570416
1670,3772697339,1000,1546,1546,2.3715343,-0.00144,-1,-1,-1,0,0,0,136,1,1,0,0.0000000,0.0000000,0.0000000,0,0,0,0,758360877564458
1671,3772698339,1000,1546,1546,2.3715343,-0.00138,-1,-1,-1,0,0,0,136,1,1,0,0.0000000,0.0000000,0.0000000,0,0,0,0,758360878555708
1672,3772699339,1000,1546,1546,2.3715343,-0.00133,-1,-1,-1,0,0,0,136,1,1,0,0.0000000,0.0000000,0.0000000,0,0,0,0,758360879553041
1673,3772700339,1000,1546,1546,2.3715343,-0.00128,-1,-1,-1,0,0,0,136,1,1,0,0.0000000,0.0000000,0.0000000,0,0,0,0,758360880559500
1674,3772701339,1000,1546,1546,2.3715343,-0.00123,-1,-1,-1,0,0,0,136,1,1,0,0.0000000,0.0000000,0.0000000,0,0,0,0,758360881624458
1675,3772702339,1000,1547,1547,2.3730683,0.05897,39,126,2093,0,0,0,136,1,1,0,0.0000000,0.0000000,0.0000000,0,0,0,0,758360883195416
1676,3772703339,1000,1546,1546,2.3715343,-0.00349,-1,-1,-1,0,0,0,136,1,1,0,0.0000000,0.0000000,0.0000000,0,0,0,0,758360884046916
1677,3772704339,1000,1546,1546,2.3715343,-0.00335,-1,-1,-1,0,0,0,136,1,1,0,0.0000000,0.0000000,0.0000000,0,0,0,0,758360884792666
1678,3772705339,1000,1547,1547,2.3730683,0.05693,-1,-1,-1,0,0,0,136,1,1,0,0.0000000,0.0000000,0.0000000,0,0,0,0,758360885552458
1679,3772706339,1000,1546,1546,2.3715343,-0.00545,-1,-1,-1,0,0,0,136,1,1,0,0.0000000,0.0000000,0.0000000,0,0,0,0,758360886562416
1680,3772707339,1000,1546,1546,2.3715343,-0.00524,-1,-1,-1,0,0,0,136,1,1,0,0.0000000,0.0000000,0.0000000,0,0,0,0,758360887580541
1681,3772708339,1000,1546,1546,2.3715343,-0.00503,-1,-1,-1,0,0,0,136,1,1,0,0.0000000,0.0000000,0.0000000,0,0,0,0,758360888609208
1682,3772709339,1000,1546,1546,2.3715343,-0.00484,-1,-1,-1,0,0,0,136,1,1,0,0.0000000,0.0000000,0.0000000,0,0,0,0,758360889575916
1683,3772710339,1000,1546,1546,2.3715343,-0.00465,-1,-1,-1,0,0,0,136,1,1,0,0.0000000,0.0000000,0.0000000,0,0,0,0,758360890571750
1684,3772711339,1000,1546,1546,2.3715343,-0.00447,-1,-1,-1,0,0,0,136,1,1,0,0.0000000,0.0000000,0.0000000,0,0,0,0,758360891559583
1685,3772712339,1000,1546,1546,2.3715343,-0.00429,-1,-1,-1,0,0,0,136,1,1,0,0.0000000,0.0000000,0.0000000,0,0,0,0,758360892561500
1686,3772713339,1000,1546,1546,2.3715343,-0.00412,-1,-1,-1,0,0,0,136,1,1,0,0.0000000,0.0000000,0.0000000,0,0,0,0,758360893559833
1687,3772714339,1000,1546,1546,2.3715343,-0.00396,-1,-1,-1,0,0,0,136,1,1,0,0.0000000,0.0000000,0.0000000,0,0,0,0,758360894562791
1688,3772715339,1000,1547,1547,2.3730683,0.05634,-1,-1,-1,0,0,0,136,1,1,0,0.0000000,0.0000000,0.0000000,0,0,0,0,758360895581583
1689,3772716339,1000,1546,1546,2.3715343,-0.00601,-1,-1,-1,0,0,0,136,1,1,0,0.0000000,0.0000000,0.0000000,0,0,0,0,758360896567166
1690,3772717339,1000,1546,1546,2.3715343,-0.00578,-1,-1,-1,0,0,0,136,1,1,0,0.0000000,0.0000000,0.0000000,0,0,0,0,758360897571791
1691,3772718339,1000,1546,1546,2.3715343,-0.00555,-1,-1,-1,0,0,0,136,1,1,0,0.0000000,0.0000000,0.0000000,0,0,0,0,758360898556791
1692,3772719339,1000,1546,1546,2.3715343,-0.00533,-1,-1,-1,0,0,0,136,1,1,0,0.0000000,0.0000000,0.0000000,0,0,0,0,758360899557125
1693,3772720339,1000,1546,1546,2.3715343,-0.00513,-1,-1,-1,0,0,0,136,1,1,0,0.0000000,0.0000000,0.0000000,0,0,0,0,758360900561541
1694,3772721339,1000,1546,1546,2.3715343,-0.00492,-1,-1,-1,0,0,0,136,1,1,0,0.0000000,0.0000000,0.0000000,0,0,0,0,758360901557083
1695,3772722339,1000,1546,1546,2.3715343,-0.00473,-1,-1,-1,0,0,0,136,1,1,0,0.0000000,0.0000000,0.0000000,0,0,0,0,758360902563458
1696,3772723339,1000,1546,1546,2.3715343,-0.00455,-1,-1,-1,0,0,0,136,1,1,0,0.0000000,0.0000000,0.0000000,0,0,0,0,758360903564250
1697,3772724339,1000,1546,1546,2.3715343,-0.00437,-1,-1,-1,0,0,0,136,1,1,0,0.0000000,0.0000000,0.0000000,0,0,0,0,758360904590000
1698,3772725339,1000,1546,1546,2.3715343,-0.00420,-1,-1,-1,0,0,0,136,1,1,0,0.0000000,0.0000000,0.0000000,0,0,0,0,758360905578125
1699,3772726339,1000,1546,1546,2.3715343,-0.00403,-1,-1,-1,0,0,0,136,1,1,0,0.0000000,0.0000000,0.0000000,0,0,0,0,758360906585166
1700,3772727339,1000,1546,1546,2.3715343,-0.00387,-1,-1,-1,0,0,0,136,1,1,0,0.0000000,0.0000000,0.0000000,0,0,0,0,758360907562750
1701,3772728339,1000,1546,1546,2.3715343,-0.00372,-1,-1,-1,0,0,0,136,1,1,0,0.0000000,0.0000000,0.0000000,0,0,0,0,758360908605416
1702,3772729339,1000,1546,1546,2.3715343,-0.00358,-1,-1,-1,0,0,0,136,1,1,0,0.0000000,0.0000000,0.0000000,0,0,0,0,758360909578666
1703,3772730339,1000,1546,1546,2.3715343,-0.00344,-1,-1,-1,0,0,0,136,1,1,0,0.0000000,0.0000000,0.0000000,0,0,0,0,758360910571166
1704,3772731339,1000,1546,1546,2.3715343,-0.00330,-1,-1,-1,0,0,0,136,1,1,0,0.0000000,0.0000000,0.0000000,0,0,0,0,758360911575333
1705,3772732339,1000,1546,1546,2.3715343,-0.00317,-1,-1,-1,0,0,0,136,1,1,0,0.0000000,0.0000000,0.0000000,0,0,0,0,758360912618125
1706,3772733339,1000,1546,1546,2.3715343,-0.00305,-1,-1,-1,0,0,0,136,1,1,0,0.0000000,0.0000000,0.0000000,0,0,0,0,758360913837041
1707,3772734339,1000,1546,1546,2.3715343,-0.00293,-1,-1,-1,0,0,0,136,1,1,0,0.0000000,0.0000000,0.0000000,0,0,0,0,758360914820958
1708,3772735339,1000,1546,1546,2.3715343,-0.00281,-1,-1,-1,0,0,0,136,1,1,0,0.0000000,0.0000000,0.0000000,0,0,0,0,758360915794208
1709,3772736339,1000,1546,1546,2.3715343,-0.00270,-1,-1,-1,0,0,0,136,1,1,0,0.0000000,0.0000000,0.0000000,0,0,0,0,758360916623458
1710,3772737339,1000,1546,1546,2.3715343,-0.00260,-1,-1,-1,0,0,0,136,1,1,0,0.0000000,0.0000000,0.0000000,0,0,0,0,758360917572083
1711,3772738339,1000,1546,1546,2.3715343,-0.00249,-1,-1,-1,0,0,0,136,1,1,0,0.0000000,0.0000000,0.0000000,0,0,0,0,758360918574541
1712,3772739339,1000,1546,1546,2.3715343,-0.00240,-1,-1,-1,0,0,0,136,1,1,0,0.0000000,0.0000000,0.0000000,0,0,0,0,758360919576916
1713,3772740339,1000,1547,1547,2.3730683,0.05785,-1,-1,-1,0,0,0,136,1,1,0,0.0000000,0.0000000,0.0000000,0,0,0,0,758360920605541
1714,3772741339,1000,1546,1546,2.3715343,-0.00457,-1,-1,-1,0,0,0,136,1,1,0,0.0000000,0.0000000,0.0000000,0,0,0,0,758360921608458
1715,3772742339,1000,1546,1546,2.3715343,-0.00439,-1,-1,-1,0,0,0,136,1,1,0,0.0000000,0.0000000,0.0000000,0,0,0,0,758360922587708
1716,3772743339,1000,1546,1546,2.3715343,-0.00422,-1,-1,-1,0,0,0,136,1,1,0,0.0000000,0.0000000,0.0000000,0,0,0,0,758360923572833
1717,3772744339,1000,1546,1546,2.3715343,-0.00405,-1,-1,-1,0,0,0,136,1,1,0,0.0000000,0.0000000,0.0000000,0,0,0,0,758360924626750
1718,3772745339,1000,1546,1546,2.3715343,-0.00390,-1,-1,-1,0,0,0,136,1,1,0,0.0000000,0.0000000,0.0000000,0,0,0,0,758360925608291
1719,3772746339,1000,1546,1546,2.3715343,-0.00374,-1,-1,-1,0,0,0,136,1,1,0,0.0000000,0.0000000,0.0000000,0,0,0,0,758360926563250
1720,3772747339,1000,1546,1546,2.3715343,-0.00360,-1,-1,-1,0,0,0,136,1,1,0,0.0000000,0.0000000,0.0000000,0,0,0,0,758360927583916
1721,3772748339,1000,1546,1546,2.3715343,-0.00345,-1,-1,-1,0,0,0,136,1,1,0,0.0000000,0.0000000,0.0000000,0,0,0,0,758360928613500
1722,3772749339,1000,1546,1546,2.3715343,-0.00332,-1,-1,-1,0,0,0,136,1,1,0,0.0000000,0.0000000,0.0000000,0,0,0,0,758360929709458
1723,3772750339,1000,1546,1546,2.3715343,-0.00319,-1,-1,-1,0,0,0,136,1,1,0,0.0000000,0.0000000,0.0000000,0,0,0,0,758360930621541
1724,3772751339,1000,1546,1546,2.3715343,-0.00306,-1,-1,-1,0,0,0,136,1,1,0,0.0000000,0.0000000,0.0000000,0,0,0,0,758360931598583
1725,3772752339,1000,1546,1546,2.3715343,-0.00294,39,126,2095,0,0,0,136,1,1,0,0.0000000,0.0000000,0.0000000,0,0,0,0,758360932973250
1726,3772753339,1000,1546,1546,2.3715343,-0.00283,-1,-1,-1,0,0,0,136,1,1,0,0.0000000,0.0000000,0.0000000,0,0,0,0,758360933610125
1727,3772754339,1000,1546,1546,2.3715343,-0.00272,-1,-1,-1,0,0,0,136,1,1,0,0.0000000,0.0000000,0.0000000,0,0,0,0,758360934575541
1728,3772755339,1000,1546,1546,2.3715343,-0.00261,-1,-1,-1,0,0,0,136,1,1,0,0.0000000,0.0000000,0.0000000,0,0,0,0,758360935581166
1729,3772756339,1000,1546,1546,2.3715343,-0.00251,-1,-1,-1,0,0,0,136,1,1,0,0.0000000,0.0000000,0.0000000,0,0,0,0,758360936619000
1730,3772757339,1000,1546,1546,2.3715343,-0.00241,-1,-1,-1,0,0,0,136,1,1,0,0.0000000,0.0000000,0.0000000,0,0,0,0,758360937601875
1731,3772758339,1000,1546,1546,2.3715343,-0.00232,-1,-1,-1,0,0,0,136,1,1,0,0.0000000,0.0000000,0.0000000,0,0,0,0,758360938599583
1732,3772759339,1000,1546,1546,2.3715343,-0.00222,-1,-1,-1,0,0,0,136,1,1,0,0.0000000,0.0000000,0.0000000,0,0,0,0,758360939585041
1733,3772760339,1000,1546,1546,2.3715343,-0.00214,-1,-1,-1,0,0,0,136,1,1,0,0.0000000,0.0000000,0.0000000,0,0,0,0,758360940612541
1734,3772761339,1000,1546,1546,2.3715343,-0.00205,-1,-1,-1,0,0,0,136,1,1,0,0.0000000,0.0000000,0.0000000,0,0,0,0,758360941640208
1735,3772762339,1000,1546,1546,2.3715343,-0.00197,-1,-1,-1,0,0,0,136,1,1,0,0.0000000,0.0000000,0.0000000,0,0,0,0,758360942581500
1736,3772763339,1000,1547,1547,2.3730683,0.05825,-1,-1,-1,0,0,0,136,1,1,0,0.0000000,0.0000000,0.0000000,0,0,0,0,758360943590750
1737,3772764339,1000,1546,1546,2.3715343,-0.00418,-1,-1,-1,0,0,0,136,1,1,0,0.0000000,0.0000000,0.0000000,0,0,0,0,758360944602708
1738,3772765339,1000,1546,1546,2.3715343,-0.00402,-1,-1,-1,0,0,0,136,1,1,0,0.0000000,0.0000000,0.0000000,0,0,0,0,758360945598666
1739,3772766339,1000,1546,1546,2.3715343,-0.00386,-1,-1,-1,0,0,0,136,1,1,0,0.0000000,0.0000000,0.0000000,0,0,0,0,758360946593833
1740,3772767339,1000,1546,1546,2.3715343,-0.00371,-1,-1,-1,0,0,0,136,1,1,0,0.0000000,0.0000000,0.0000000,0,0,0,0,758360947579708
1741,3772768339,1000,1546,1546,2.3715343,-0.00356,-1,-1,-1,0,0,0,136,1,1,0,0.0000000,0.0000000,0.0000000,0,0,0,0,758360948573833
1742,3772769339,1000,1546,1546,2.3715343,-0.00342,-1,-1,-1,0,0,0,136,1,1,0,0.0000000,0.0000000,0.0000000,0,0,0,0,758360949576916
1743,3772770339,1000,1546,1546,2.3715343,-0.00329,-1,-1,-1,0,0,0,136,1,1,0,0.0000000,0.0000000,0.0000000,0,0,0,0,758360950565625
1744,3772771339,1000,1546,1546,2.3715343,-0.00316,-1,-1,-1,0,0,0,136,1,1,0,0.0000000,0.0000000,0.0000000,0,0,0,0,758360951810625
1745,3772772339,1000,1546,1546,2.3715343,-0.00304,-1,-1,-1,0,0,0,136,1,1,0,0.0000000,0.0000000,0.0000000,0,0,0,0,758360952815750
1746,3772773339,1000,1546,1546,2.3715343,-0.00292,-1,-1,-1,0,0,0,136,1,1,0,0.0000000,0.0000000,0.0000000,0,0,0,0,758360953762916
1747,3772774339,1000,1546,1546,2.3715343,-0.00280,-1,-1,-1,0,0,0,136,1,1,0,0.0000000,0.0000000,0.0000000,0,0,0,0,758360954573916
1748,3772775339,1000,1546,1546,2.3715343,-0.00269,-1,-1,-1,0,0,0,136,1,1,0,0.0000000,0.0000000,0.0000000,0,0,0,0,758360955588750
1749,3772776339,1000,1547,1547,2.3730683,0.05756,-1,-1,-1,0,0,0,136,1,1,0,0.0000000,0.0000000,0.0000000,0,0,0,0,758360956696916
1750,3772777339,1000,1546,1546,2.3715343,-0.00484,-1,-1,-1,0,0,0,136,1,1,0,0.0000000,0.0000000,0.0000000,0,0,0,0,758360957592708
1751,3772778339,1000,1546,1546,2.3715343,-0.00465,-1,-1,-1,0,0,0,136,1,1,0,0.0000000,0.0000000,0.0000000,0,0,0,0,758360958585791
1752,3772779339,1000,1546,1546,2.3715343,-0.00447,-1,-1,-1,0,0,0,136,1,1,0,0.0000000,0.0000000,0.0000000,0,0,0,0,758360959580958
1753,3772780339,1000,1546,1546,2.3715343,-0.00430,-1,-1,-1,0,0,0,136,1,1,0,0.0000000,0.0000000,0.0000000,0,0,0,0,758360960517791
1754,3772781339,1000,1546,1546,2.3715343,-0.00413,-1,-1,-1,0,0,0,136,1,1,0,0.0000000,0.0000000,0.0000000,0,0,0,0,758360961549166
1755,3772782339,1000,1546,1546,2.3715343,-0.00397,-1,-1,-1,0,0,0,136,1,1,0,0.0000000,0.0000000,0.0000000,0,0,0,0,758360962509666
1756,3772783339,1000,1546,1546,2.3715343,-0.00381,-1,-1,-1,0,0,0,136,1,1,0,0.0000000,0.0000000,0.0000000,0,0,0,0,758360963476541
1757,3772784339,1000,1546,1546,2.3715343,-0.00366,-1,-1,-1,0,0,0,136,1,1,0,0.0000000,0.0000000,0.0000000,0,0,0,0,758360964486916
1758,3772785339,1000,1546,1546,2.3715343,-0.00352,-1,-1,-1,0,0,0,136,1,1,0,0.0000000,0.0000000,0.0000000,0,0,0,0,758360965519958
1759,3772786339,1000,1546,1546,2.3715343,-0.00338,-1,-1,-1,0,0,0,136,1,1,0,0.0000000,0.0000000,0.0000000,0,0,0,0,758360966509250
1760,3772787339,1000,1546,1546,2.3715343,-0.00325,-1,-1,-1,0,0,0,136,1,1,0,0.0000000,0.0000000,0.0000000,0,0,0,0,758360967605791
1761,3772788339,1000,1547,1547,2.3730683,0.05703,-1,-1,-1,0,0,0,136,1,1,0,0.0000000,0.0000000,0.0000000,0,0,0,0,758360968618416
1762,3772789339,1000,1546,1546,2.3715343,-0.00536,-1,-1,-1,0,0,0,136,1,1,0,0.0000000,0.0000000,0.0000000,0,0,0,0,758360969627750
1763,3772790339,1000,1546,1546,2.3715343,-0.00515,-1,-1,-1,0,0,0,136,1,1,0,0.0000000,0.0000000,0.0000000,0,0,0,0,758360970604083
1764,3772791339,1000,1546,1546,2.3715343,-0.00494,-1,-1,-1,0,0,0,136,1,1,0,0.0000000,0.0000000,0.0000000,0,0,0,0,758360971610166
1765,3772792339,1000,1546,1546,2.3715343,-0.00475,-1,-1,-1,0,0,0,136,1,1,0,0.0000000,0.0000000,0.0000000,0,0,0,0,758360972760375
1766,3772793339,1000,1546,1546,2.3715343,-0.00456,-1,-1,-1,0,0,0,136,1,1,0,0.0000000,0.0000000,0.0000000,0,0,0,0,758360973672791
1767,3772794339,1000,1546,1546,2.3715343,-0.00438,-1,-1,-1,0,0,0,136,1,1,0,0.0000000,0.0000000,0.0000000,0,0,0,0,758360974571333
1768,3772795339,1000,1546,1546,2.3715343,-0.00421,-1,-1,-1,0,0,0,136,1,1,0,0.0000000,0.0000000,0.0000000,0,0,0,0,758360975485250
1769,3772796339,1000,1546,1546,2.3715343,-0.00405,-1,-1,-1,0,0,0,136,1,1,0,0.0000000,0.0000000,0.0000000,0,0,0,0,758360976310208
1770,3772797339,1000,1546,1546,2.3715343,-0.00389,-1,-1,-1,0,0,0,136,1,1,0,0.0000000,0.0000000,0.0000000,0,0,0,0,758360977360166
1771,3772798339,1000,1546,1546,2.3715343,-0.00374,-1,-1,-1,0,0,0,136,1,1,0,0.0000000,0.0000000,0.0000000,0,0,0,0,758360978272250
1772,3772799339,1000,1546,1546,2.3715343,-0.00359,-1,-1,-1,0,0,0,136,1,1,0,0.0000000,0.0000000,0.0000000,0,0,0,0,758360979246833
1773,3772800339,1000,1546,1546,2.3715343,-0.00345,-1,-1,-1,0,0,0,136,1,1,0,0.0000000,0.0000000,0.0000000,0,0,0,0,758360980296916
1774,3772801339,1000,1546,1546,2.3715343,-0.00331,-1,-1,-1,0,0,0,136,1,1,0,0.0000000,0.0000000,0.0000000,0,0,0,0,758360981279083
1775,3772802339,1000,1546,1546,2.3715343,-0.00318,39,126,2095,0,0,0,136,1,1,0,0.0000000,0.0000000,0.0000000,0,0,0,0,758360982650041
1776,3772803339,1000,1546,1546,2.3715343,-0.00306,-1,-1,-1,0,0,0,136,1,1,0,0.0000000,0.0000000,0.0000000,0,0,0,0,758360983277166
1777,3772804339,1000,1546,1546,2.3715343,-0.00294,-1,-1,-1,0,0,0,136,1,1,0,0.0000000,0.0000000,0.0000000,0,0,0,0,758360984283541
1778,3772805339,1000,1546,1546,2.3715343,-0.00282,-1,-1,-1,0,0,0,136,1,1,0,0.0000000,0.0000000,0.0000000,0,0,0,0,758360985326666
1779,3772806339,1000,1546,1546,2.3715343,-0.00271,-1,-1,-1,0,0,0,136,1,1,0,0.0000000,0.0000000,0.0000000,0,0,0,0,758360986313916
1780,3772807339,1000,1547,1547,2.3730683,0.05754,-1,-1,-1,0,0,0,136,1,1,0,0.0000000,0.0000000,0.0000000,0,0,0,0,758360987307166
1781,3772808339,1000,1546,1546,2.3715343,-0.00486,-1,-1,-1,0,0,0,136,1,1,0,0.0000000,0.0000000,0.0000000,0,0,0,0,758360988286583
1782,3772809339,1000,1546,1546,2.3715343,-0.00467,-1,-1,-1,0,0,0,136,1,1,0,0.0000000,0.0000000,0.0000000,0,0,0,0,758360989305000
1783,3772810339,1000,1546,1546,2.3715343,-0.00449,-1,-1,-1,0,0,0,136,1,1,0,0.0000000,0.0000000,0.0000000,0,0,0,0,758360990284750
1784,3772811339,1000,1546,1546,2.3715343,-0.00431,-1,-1,-1,0,0,0,136,1,1,0,0.0000000,0.0000000,0.0000000,0,0,0,0,758360991291000
1785,3772812339,1000,1546,1546,2.3715343,-0.00414,-1,-1,-1,0,0,0,136,1,1,0,0.0000000,0.0000000,0.0000000,0,0,0,0,758360992282791
1786,3772813339,1000,1546,1546,2.3715343,-0.00398,-1,-1,-1,0,0,0,136,1,1,0,0.0000000,0.0000000,0.0000000,0,0,0,0,758360993303416
1787,3772814339,1000,1546,1546,2.3715343,-0.00383,-1,-1,-1,0,0,0,136,1,1,0,0.0000000,0.0000000,0.0000000,0,0,0,0,758360994394500
1788,3772815339,1000,1546,1546,2.3715343,-0.00368,-1,-1,-1,0,0,0,136,1,1,0,0.0000000,0.0000000,0.0000000,0,0,0,0,758360995532541
1789,3772816339,1000,1546,1546,2.3715343,-0.00353,-1,-1,-1,0,0,0,135,1,1,0,0.0000000,0.0000000,0.0000000,0,0,0,0,758360996403458
1790,3772817339,1000,1546,1546,2.3715343,-0.00339,-1,-1,-1,0,0,0,136,1,1,0,0.0000000,0.0000000,0.0000000,0,0,0,0,758360997574333
1791,3772818339,1000,1546,1546,2.3715343,-0.00326,-1,-1,-1,0,0,0,136,1,1,0,0.0000000,0.0000000,0.0000000,0,0,0,0,758360998562000
1792,3772819339,1000,1546,1546,2.3715343,-0.00313,-1,-1,-1,0,0,0,136,1,1,0,0.0000000,0.0000000,0.0000000,0,0,0,0,758360999304000
1793,3772820339,1000,1546,1546,2.3715343,-0.00301,-1,-1,-1,0,0,0,136,1,1,0,0.0000000,0.0000000,0.0000000,0,0,0,0,758361000276291
1794,3772821339,1000,1546,1546,2.3715343,-0.00289,-1,-1,-1,0,0,0,136,1,1,0,0.0000000,0.0000000,0.0000000,0,0,0,0,758361001423041
1795,3772822339,1000,1546,1546,2.3715343,-0.00278,-1,-1,-1,0,0,0,136,1,1,0,0.0000000,0.0000000,0.0000000,0,0,0,0,758361002417625
1796,3772823339,1000,1546,1546,2.3715343,-0.00267,-1,-1,-1,0,0,0,136,1,1,0,0.0000000,0.0000000,0.0000000,0,0,0,0,758361003510041
1797,3772824339,1000,1546,1546,2.3715343,-0.00256,-1,-1,-1,0,0,0,136,1,1,0,0.0000000,0.0000000,0.0000000,0,0,0,0,758361004655791
1798,3772825339,1000,1546,1546,2.3715343,-0.00246,-1,-1,-1,0,0,0,136,1,1,0,0.0000000,0.0000000,0.0000000,0,0,0,0,758361005691750
1799,3772826339,1000,1546,1546,2.3715343,-0.00237,-1,-1,-1,0,0,0,136,1,1,0,0.0000000,0.0000000,0.0000000,0,0,0,0,758361006574250
1800,3772827339,1000,1546,1546,2.3715343,-0.00227,-1,-1,-1,0,0,0,136,1,1,0,0.0000000,0.0000000,0.0000000,0,0,0,0,758361007495541
1801,3772828339,1000,1546,1546,2.3715343,-0.00219,-1,-1,-1,0,0,0,136,1,1,0,0.0000000,0.0000000,0.0000000,0,0,0,0,758361008479500
1802,3772829339,1000,1547,1547,2.3730683,0.05805,-1,-1,-1,0,0,0,136,1,1,0,0.0000000,0.0000000,0.0000000,0,0,0,0,758361009422375
1803,3772830339,1000,1546,1546,2.3715343,-0.00438,-1,-1,-1,0,0,0,136,1,1,0,0.0000000,0.0000000,0.0000000,0,0,0,0,758361010433708
1804,3772831339,1000,1546,1546,2.3715343,-0.00420,-1,-1,-1,0,0,0,136,1,1,0,0.0000000,0.0000000,0.0000000,0,0,0,0,758361011398375
1805,3772832339,1000,1546,1546,2.3715343,-0.00404,-1,-1,-1,0,0,0,136,1,1,0,0.0000000,0.0000000,0.0000000,0,0,0,0,758361012404791
1806,3772833339,1000,1546,1546,2.3715343,-0.00388,-1,-1,-1,0,0,0,136,1,1,0,0.0000000,0.0000000,0.0000000,0,0,0,0,758361013396000
1807,3772834339,1000,1546,1546,2.3715343,-0.00373,-1,-1,-1,0,0,0,136,1,1,0,0.0000000,0.0000000,0.0000000,0,0,0,0,758361014399958
1808,3772835339,1000,1547,1547,2.3730683,0.05657,-1,-1,-1,0,0,0,136,1,1,0,0.0000000,0.0000000,0.0000000,0,0,0,0,758361015461625
1809,3772836339,1000,1546,1546,2.3715343,-0.00580,-1,-1,-1,0,0,0,136,1,1,0,0.0000000,0.0000000,0.0000000,0,0,0,0,758361016472250
1810,3772837339,1000,1546,1546,2.3715343,-0.00557,-1,-1,-1,0,0,0,136,1,1,0,0.0000000,0.0000000,0.0000000,0,0,0,0,758361017458750
1811,3772838339,1000,1546,1546,2.3715343,-0.00535,-1,-1,-1,0,0,0,136,1,1,0,0.0000000,0.0000000,0.0000000,0,0,0,0,758361018552583
1812,3772839339,1000,1546,1546,2.3715343,-0.00514,-1,-1,-1,0,0,0,136,1,1,0,0.0000000,0.0000000,0.0000000,0,0,0,0,758361019514500
1813,3772840339,1000,1546,1546,2.3715343,-0.00494,-1,-1,-1,0,0,0,136,1,1,0,0.0000000,0.0000000,0.0000000,0,0,0,0,758361020479458
1814,3772841339,1000,1546,1546,2.3715343,-0.00475,-1,-1,-1,0,0,0,136,1,1,0,0.0000000,0.0000000,0.0000000,0,0,0,0,758361021480083
1815,3772842339,1000,1546,1546,2.3715343,-0.00456,-1,-1,-1,0,0,0,136,1,1,0,0.0000000,0.0000000,0.0000000,0,0,0,0,758361022461791
1816,3772843339,1000,1546,1546,2.3715343,-0.00438,-1,-1,-1,0,0,0,136,1,1,0,0.0000000,0.0000000,0.0000000,0,0,0,0,758361023444625
1817,3772844339,1000,1546,1546,2.3715343,-0.00421,-1,-1,-1,0,0,0,136,1,1,0,0.0000000,0.0000000,0.0000000,0,0,0,0,758361024453875
1818,3772845339,1000,1546,1546,2.3715343,-0.00405,-1,-1,-1,0,0,0,136,1,1,0,0.0000000,0.0000000,0.0000000,0,0,0,0,758361025477000
1819,3772846339,1000,1546,1546,2.3715343,-0.00389,-1,-1,-1,0,0,0,136,1,1,0,0.0000000,0.0000000,0.0000000,0,0,0,0,758361026478041
1820,3772847339,1000,1546,1546,2.3715343,-0.00374,-1,-1,-1,0,0,0,136,1,1,0,0.0000000,0.0000000,0.0000000,0,0,0,0,758361027485500
1821,3772848339,1000,1546,1546,2.3715343,-0.00359,-1,-1,-1,0,0,0,136,1,1,0,0.0000000,0.0000000,0.0000000,0,0,0,0,758361028477791
1822,3772849339,1000,1546,1546,2.3715343,-0.00345,-1,-1,-1,0,0,0,136,1,1,0,0.0000000,0.0000000,0.0000000,0,0,0,0,758361029455500
1823,3772850339,1000,1546,1546,2.3715343,-0.00331,-1,-1,-1,0,0,0,136,1,1,0,0.0000000,0.0000000,0.0000000,0,0,0,0,758361030444708
1824,3772851339,1000,1546,1546,2.3715343,-0.00318,-1,-1,-1,0,0,0,136,1,1,0,0.0000000,0.0000000,0.0000000,0,0,0,0,758361031445958
1825,3772852339,1000,1546,1546,2.3715343,-0.00306,39,126,2093,0,0,0,136,1,1,0,0.0000000,0.0000000,0.0000000,0,0,0,0,758361032930791
1826,3772853339,1000,1546,1546,2.3715343,-0.00294,-1,-1,-1,0,0,0,136,1,1,0,0.0000000,0.0000000,0.0000000,0,0,0,0,758361033519125
1827,3772854339,1000,1546,1546,2.3715343,-0.00282,-1,-1,-1,0,0,0,136,1,1,0,0.0000000,0.0000000,0.0000000,0,0,0,0,758361034415958
1828,3772855339,1000,1546,1546,2.3715343,-0.00271,-1,-1,-1,0,0,0,136,1,1,0,0.0000000,0.0000000,0.0000000,0,0,0,0,758361035431958
1829,3772856339,1000,1546,1546,2.3715343,-0.00261,-1,-1,-1,0,0,0,136,1,1,0,0.0000000,0.0000000,0.0000000,0,0,0,0,758361036501750
1830,3772857339,1000,1546,1546,2.3715343,-0.00250,-1,-1,-1,0,0,0,136,1,1,0,0.0000000,0.0000000,0.0000000,0,0,0,0,758361037507833
1831,3772858339,1000,1546,1546,2.3715343,-0.00241,-1,-1,-1,0,0,0,136,1,1,0,0.0000000,0.0000000,0.0000000,0,0,0,0,758361038448958
1832,3772859339,1000,1546,1546,2.3715343,-0.00231,-1,-1,-1,0,0,0,136,1,1,0,0.0000000,0.0000000,0.0000000,0,0,0,0,758361039459750
1833,3772860339,1000,1546,1546,2.3715343,-0.00222,-1,-1,-1,0,0,0,136,1,1,0,0.0000000,0.0000000,0.0000000,0,0,0,0,758361040501708
1834,3772861339,1000,1546,1546,2.3715343,-0.00213,-1,-1,-1,0,0,0,136,1,1,0,0.0000000,0.0000000,0.0000000,0,0,0,0,758361041478708
1835,3772862339,1000,1546,1546,2.3715343,-0.00205,-1,-1,-1,0,0,0,136,1,1,0,0.0000000,0.0000000,0.0000000,0,0,0,0,758361042438541
1836,3772863339,1000,1547,1547,2.3730683,0.05818,-1,-1,-1,0,0,0,136,1,1,0,0.0000000,0.0000000,0.0000000,0,0,0,0,758361043484000
1837,3772864339,1000,1546,1546,2.3715343,-0.00425,-1,-1,-1,0,0,0,136,1,1,0,0.0000000,0.0000000,0.0000000,0,0,0,0,758361044444375
1838,3772865339,1000,1546,1546,2.3715343,-0.00408,-1,-1,-1,0,0,0,136,1,1,0,0.0000000,0.0000000,0.0000000,0,0,0,0,758361045483583
1839,3772866339,1000,1546,1546,2.3715343,-0.00392,-1,-1,-1,0,0,0,136,1,1,0,0.0000000,0.0000000,0.0000000,0,0,0,0,758361046495166
1840,3772867339,1000,1546,1546,2.3715343,-0.00377,-1,-1,-1,0,0,0,136,1,1,0,0.0000000,0.0000000,0.0000000,0,0,0,0,758361047490458
1841,3772868339,1000,1546,1546,2.3715343,-0.00362,-1,-1,-1,0,0,0,136,1,1,0,0.0000000,0.0000000,0.0000000,0,0,0,0,758361048488375
1842,3772869339,1000,1546,1546,2.3715343,-0.00348,-1,-1,-1,0,0,0,136,1,1,0,0.0000000,0.0000000,0.0000000,0,0,0,0,758361049492666
1843,3772870339,1000,1546,1546,2.3715343,-0.00334,-1,-1,-1,0,0,0,136,1,1,0,0.0000000,0.0000000,0.0000000,0,0,0,0,758361050526750
1844,3772871339,1000,1546,1546,2.3715343,-0.00321,-1,-1,-1,0,0,0,136,1,1,0,0.0000000,0.0000000,0.0000000,0,0,0,0,758361051588750
1845,3772872339,1000,1546,1546,2.3715343,-0.00309,-1,-1,-1,0,0,0,136,1,1,0,0.0000000,0.0000000,0.0000000,0,0,0,0,758361052573875
1846,3772873339,1000,1546,1546,2.3715343,-0.00297,-1,-1,-1,0,0,0,136,1,1,0,0.0000000,0.0000000,0.0000000,0,0,0,0,758361053607041
1847,3772874339,1000,1546,1546,2.3715343,-0.00285,-1,-1,-1,0,0,0,136,1,1,0,0.0000000,0.0000000,0.0000000,0,0,0,0,758361054558541
1848,3772875339,1000,1546,1546,2.3715343,-0.00274,-1,-1,-1,0,0,0,136,1,1,0,0.0000000,0.0000000,0.0000000,0,0,0,0,758361055566500
1849,3772876339,1000,1546,1546,2.3715343,-0.00263,-1,-1,-1,0,0,0,136,1,1,0,0.0000000,0.0000000,0.0000000,0,0,0,0,758361056556833
1850,3772877339,1000,1546,1546,2.3715343,-0.00253,-1,-1,-1,0,0,0,136,1,1,0,0.0000000,0.0000000,0.0000000,0,0,0,0,758361057552416
1851,3772878339,1000,1546,1546,2.3715343,-0.00243,-1,-1,-1,0,0,0,136,1,1,0,0.0000000,0.0000000,0.0000000,0,0,0,0,758361058556416
1852,3772879339,1000,1546,1546,2.3715343,-0.00233,-1,-1,-1,0,0,0,136,1,1,0,0.0000000,0.0000000,0.0000000,0,0,0,0,758361059580041
1853,3772880339,1000,1546,1546,2.3715343,-0.00224,-1,-1,-1,0,0,0,136,1,1,0,0.0000000,0.0000000,0.0000000,0,0,0,0,758361060410875
1854,3772881339,1000,1546,1546,2.3715343,-0.00215,-1,-1,-1,0,0,0,136,1,1,0,0.0000000,0.0000000,0.0000000,0,0,0,0,758361061636875
1855,3772882339,1000,1546,1546,2.3715343,-0.00207,-1,-1,-1,0,0,0,136,1,1,0,0.0000000,0.0000000,0.0000000,0,0,0,0,758361062554791
1856,3772883339,1000,1546,1546,2.3715343,-0.00199,-1,-1,-1,0,0,0,136,1,1,0,0.0000000,0.0000000,0.0000000,0,0,0,0,758361063558708
1857,3772884339,1000,1546,1546,2.3715343,-0.00191,-1,-1,-1,0,0,0,136,1,1,0,0.0000000,0.0000000,0.0000000,0,0,0,0,758361064555750
1858,3772885339,1000,1546,1546,2.3715343,-0.00184,-1,-1,-1,0,0,0,136,1,1,0,0.0000000,0.0000000,0.0000000,0,0,0,0,758361065567958
1859,3772886339,1000,1546,1546,2.3715343,-0.00176,-1,-1,-1,0,0,0,136,1,1,0,0.0000000,0.0000000,0.0000000,0,0,0,0,758361066613375
1860,3772887339,1000,1546,1546,2.3715343,-0.00169,-1,-1,-1,0,0,0,136,1,1,0,0.0000000,0.0000000,0.0000000,0,0,0,0,758361067588916
1861,3772888339,1000,1546,1546,2.3715343,-0.00163,-1,-1,-1,0,0,0,136,1,1,0,0.0000000,0.0000000,0.0000000,0,0,0,0,758361068414375
1862,3772889339,1000,1546,1546,2.3715343,-0.00156,-1,-1,-1,0,0,0,136,1,1,0,0.0000000,0.0000000,0.0000000,0,0,0,0,758361069634208
1863,3772890339,1000,1546,1546,2.3715343,-0.00150,-1,-1,-1,0,0,0,136,1,1,0,0.0000000,0.0000000,0.0000000,0,0,0,0,758361070588750
1864,3772891339,1000,1546,1546,2.3715343,-0.00144,-1,-1,-1,0,0,0,136,1,1,0,0.0000000,0.0000000,0.0000000,0,0,0,0,758361071573625
1865,3772892339,1000,1546,1546,2.3715343,-0.00139,-1,-1,-1,0,0,0,136,1,1,0,0.0000000,0.0000000,0.0000000,0,0,0,0,758361072557750
1866,3772893339,1000,1546,1546,2.3715343,-0.00133,-1,-1,-1,0,0,0,135,1,1,0,0.0000000,0.0000000,0.0000000,0,0,0,0,758361073563625
1867,3772894339,1000,1547,1547,2.3730683,0.05887,-1,-1,-1,0,0,0,136,1,1,0,0.0000000,0.0000000,0.0000000,0,0,0,0,758361074548791
1868,3772895339,1000,1546,1546,2.3715343,-0.00359,-1,-1,-1,0,0,0,136,1,1,0,0.0000000,0.0000000,0.0000000,0,0,0,0,758361075556250
1869,3772896339,1000,1546,1546,2.3715343,-0.00345,-1,-1,-1,0,0,0,136,1,1,0,0.0000000,0.0000000,0.0000000,0,0,0,0,758361076564750
1870,3772897339,1000,1546,1546,2.3715343,-0.00331,-1,-1,-1,0,0,0,136,1,1,0,0.0000000,0.0000000,0.0000000,0,0,0,0,758361077558583
1871,3772898339,1000,1546,1546,2.3715343,-0.00318,-1,-1,-1,0,0,0,136,1,1,0,0.0000000,0.0000000,0.0000000,0,0,0,0,758361078551500
1872,3772899339,1000,1546,1546,2.3715343,-0.00306,-1,-1,-1,0,0,0,136,1,1,0,0.0000000,0.0000000,0.0000000,0,0,0,0,758361079557125
1873,3772900339,1000,1546,1546,2.3715343,-0.00294,-1,-1,-1,0,0,0,136,1,1,0,0.0000000,0.0000000,0.0000000,0,0,0,0,758361080547000
1874,3772901339,1000,1546,1546,2.3715343,-0.00282,-1,-1,-1,0,0,0,136,1,1,0,0.0000000,0.0000000,0.0000000,0,0,0,0,758361081556458
1875,3772902339,1000,1546,1546,2.3715343,-0.00271,39,126,2095,0,0,0,136,1,1,0,0.0000000,0.0000000,0.0000000,0,0,0,0,758361082960500
1876,3772903339,1000,1546,1546,2.3715343,-0.00261,-1,-1,-1,0,0,0,136,1,1,0,0.0000000,0.0000000,0.0000000,0,0,0,0,758361083670750
1877,3772904339,1000,1547,1547,2.3730683,0.05764,-1,-1,-1,0,0,0,136,1,1,0,0.0000000,0.0000000,0.0000000,0,0,0,0,758361084400583
1878,3772905339,1000,1546,1546,2.3715343,-0.00476,-1,-1,-1,0,0,0,136,1,1,0,0.0000000,0.0000000,0.0000000,0,0,0,0,758361085444583
1879,3772906339,1000,1546,1546,2.3715343,-0.00458,-1,-1,-1,0,0,0,136,1,1,0,0.0000000,0.0000000,0.0000000,0,0,0,0,758361086557166
1880,3772907339,1000,1546,1546,2.3715343,-0.00440,-1,-1,-1,0,0,0,135,1,1,0,0.0000000,0.0000000,0.0000000,0,0,0,0,758361087560916
1881,3772908339,1000,1546,1546,2.3715343,-0.00423,-1,-1,-1,0,0,0,136,1,1,0,0.0000000,0.0000000,0.0000000,0,0,0,0,758361088565125
1882,3772909339,1000,1546,1546,2.3715343,-0.00406,-1,-1,-1,0,0,0,136,1,1,0,0.0000000,0.0000000,0.0000000,0,0,0,0,758361089550791
1883,3772910339,1000,1546,1546,2.3715343,-0.00390,-1,-1,-1,0,0,0,136,1,1,0,0.0000000,0.0000000,0.0000000,0,0,0,0,758361090441375
1884,3772911339,1000,1546,1546,2.3715343,-0.00375,-1,-1,-1,0,0,0,136,1,1,0,0.0000000,0.0000000,0.0000000,0,0,0,0,758361091565000
1885,3772912339,1000,1546,1546,2.3715343,-0.00360,-1,-1,-1,0,0,0,136,1,1,0,0.0000000,0.0000000,0.0000000,0,0,0,0,758361092556125
1886,3772913339,1000,1546,1546,2.3715343,-0.00346,-1,-1,-1,0,0,0,136,1,1,0,0.0000000,0.0000000,0.0000000,0,0,0,0,758361093482500
1887,3772914339,1000,1546,1546,2.3715343,-0.00332,-1,-1,-1,0,0,0,136,1,1,0,0.0000000,0.0000000,0.0000000,0,0,0,0,758361094552625
1888,3772915339,1000,1546,1546,2.3715343,-0.00319,-1,-1,-1,0,0,0,136,1,1,0,0.0000000,0.0000000,0.0000000,0,0,0,0,758361095555666
1889,3772916339,1000,1546,1546,2.3715343,-0.00307,-1,-1,-1,0,0,0,136,1,1,0,0.0000000,0.0000000,0.0000000,0,0,0,0,758361096556250
1890,3772917339,1000,1546,1546,2.3715343,-0.00295,-1,-1,-1,0,0,0,136,1,1,0,0.0000000,0.0000000,0.0000000,0,0,0,0,758361097583583
1891,3772918339,1000,1546,1546,2.3715343,-0.00283,-1,-1,-1,0,0,0,136,1,1,0,0.0000000,0.0000000,0.0000000,0,0,0,0,758361098552708
1892,3772919339,1000,1546,1546,2.3715343,-0.00272,-1,-1,-1,0,0,0,136,1,1,0,0.0000000,0.0000000,0.0000000,0,0,0,0,758361099572166
1893,3772920339,1000,1546,1546,2.3715343,-0.00261,-1,-1,-1,0,0,0,136,1,1,0,0.0000000,0.0000000,0.0000000,0,0,0,0,758361100597041
1894,3772921339,1000,1546,1546,2.3715343,-0.00251,-1,-1,-1,0,0,0,136,1,1,0,0.0000000,0.0000000,0.0000000,0,0,0,0,758361101577708
1895,3772922339,1000,1546,1546,2.3715343,-0.00241,-1,-1,-1,0,0,0,136,1,1,0,0.0000000,0.0000000,0.0000000,0,0,0,0,758361102650625
1896,3772923339,1000,1546,1546,2.3715343,-0.00232,-1,-1,-1,0,0,0,136,1,1,0,0.0000000,0.0000000,0.0000000,0,0,0,0,758361103776666
1897,3772924339,1000,1546,1546,2.3715343,-0.00223,-1,-1,-1,0,0,0,136,1,1,0,0.0000000,0.0000000,0.0000000,0,0,0,0,758361104574125
1898,3772925339,1000,1546,1546,2.3715343,-0.00214,-1,-1,-1,0,0,0,136,1,1,0,0.0000000,0.0000000,0.0000000,0,0,0,0,758361105805208
1899,3772926339,1000,1546,1546,2.3715343,-0.00206,-1,-1,-1,0,0,0,136,1,1,0,0.0000000,0.0000000,0.0000000,0,0,0,0,758361106812375
1900,3772927339,1000,1546,1546,2.3715343,-0.00198,-1,-1,-1,0,0,0,136,1,1,0,0.0000000,0.0000000,0.0000000,0,0,0,0,758361107783625
1901,3772928339,1000,1546,1546,2.3715343,-0.00190,-1,-1,-1,0,0,0,135,1,1,0,0.0000000,0.0000000,0.0000000,0,0,0,0,758361108563375
1902,3772929339,1000,1546,1546,2.3715343,-0.00182,-1,-1,-1,0,0,0,136,1,1,0,0.0000000,0.0000000,0.0000000,0,0,0,0,758361109574000
1903,3772930339,1000,1547,1547,2.3730683,0.05840,-1,-1,-1,0,0,0,136,1,1,0,0.0000000,0.0000000,0.0000000,0,0,0,0,758361110553166
1904,3772931339,1000,1546,1546,2.3715343,-0.00404,-1,-1,-1,0,0,0,136,1,1,0,0.0000000,0.0000000,0.0000000,0,0,0,0,758361111438958
1905,3772932339,1000,1546,1546,2.3715343,-0.00388,-1,-1,-1,0,0,0,136,1,1,0,0.0000000,0.0000000,0.0000000,0,0,0,0,758361112563916
1906,3772933339,1000,1546,1546,2.3715343,-0.00373,-1,-1,-1,0,0,0,136,1,1,0,0.0000000,0.0000000,0.0000000,0,0,0,0,758361113568750
1907,3772934339,1000,1546,1546,2.3715343,-0.00359,-1,-1,-1,0,0,0,136,1,1,0,0.0000000,0.0000000,0.0000000,0,0,0,0,758361114561958
1908,3772935339,1000,1546,1546,2.3715343,-0.00344,-1,-1,-1,0,0,0,136,1,1,0,0.0000000,0.0000000,0.0000000,0,0,0,0,758361115633500
1909,3772936339,1000,1546,1546,2.3715343,-0.00331,-1,-1,-1,0,0,0,136,1,1,0,0.0000000,0.0000000,0.0000000,0,0,0,0,758361116605375
1910,3772937339,1000,1546,1546,2.3715343,-0.00318,-1,-1,-1,0,0,0,136,1,1,0,0.0000000,0.0000000,0.0000000,0,0,0,0,758361117563500
1911,3772938339,1000,1546,1546,2.3715343,-0.00306,-1,-1,-1,0,0,0,136,1,1,0,0.0000000,0.0000000,0.0000000,0,0,0,0,758361118569500
1912,3772939339,1000,1546,1546,2.3715343,-0.00294,-1,-1,-1,0,0,0,136,1,1,0,0.0000000,0.0000000,0.0000000,0,0,0,0,758361119573583
1913,3772940339,1000,1546,1546,2.3715343,-0.00282,-1,-1,-1,0,0,0,136,1,1,0,0.0000000,0.0000000,0.0000000,0,0,0,0,758361120574041
1914,3772941339,1000,1546,1546,2.3715343,-0.00271,-1,-1,-1,0,0,0,136,1,1,0,0.0000000,0.0000000,0.0000000,0,0,0,0,758361121581833
1915,3772942339,1000,1546,1546,2.3715343,-0.00260,-1,-1,-1,0,0,0,136,1,1,0,0.0000000,0.0000000,0.0000000,0,0,0,0,758361122575875
1916,3772943339,1000,1546,1546,2.3715343,-0.00250,-1,-1,-1,0,0,0,136,1,1,0,0.0000000,0.0000000,0.0000000,0,0,0,0,758361123584708
1917,3772944339,1000,1546,1546,2.3715343,-0.00240,-1,-1,-1,0,0,0,136,1,1,0,0.0000000,0.0000000,0.0000000,0,0,0,0,758361124572125
1918,3772945339,1000,1546,1546,2.3715343,-0.00231,-1,-1,-1,0,0,0,136,1,1,0,0.0000000,0.0000000,0.0000000,0,0,0,0,758361125574458
1919,3772946339,1000,1546,1546,2.3715343,-0.00222,-1,-1,-1,0,0,0,136,1,1,0,0.0000000,0.0000000,0.0000000,0,0,0,0,758361126578583
1920,3772947339,1000,1546,1546,2.3715343,-0.00213,-1,-1,-1,0,0,0,136,1,1,0,0.0000000,0.0000000,0.0000000,0,0,0,0,758361127564208
1921,3772948339,1000,1546,1546,2.3715343,-0.00205,-1,-1,-1,0,0,0,136,1,1,0,0.0000000,0.0000000,0.0000000,0,0,0,0,758361128555666
1922,3772949339,1000,1546,1546,2.3715343,-0.00197,-1,-1,-1,0,0,0,136,1,1,0,0.0000000,0.0000000,0.0000000,0,0,0,0,758361129598583
1923,3772950339,1000,1546,1546,2.3715343,-0.00189,-1,-1,-1,0,0,0,136,1,1,0,0.0000000,0.0000000,0.0000000,0,0,0,0,758361130568958
1924,3772951339,1000,1546,1546,2.3715343,-0.00182,-1,-1,-1,0,0,0,136,1,1,0,0.0000000,0.0000000,0.0000000,0,0,0,0,758361131562833
1925,3772952339,1000,1546,1546,2.3715343,-0.00175,39,126,2094,0,0,0,136,1,1,0,0.0000000,0.0000000,0.0000000,0,0,0,0,758361133061958
1926,3772953339,1000,1546,1546,2.3715343,-0.00168,-1,-1,-1,0,0,0,136,1,1,0,0.0000000,0.0000000,0.0000000,0,0,0,0,758361133712166
1927,3772954339,1000,1546,1546,2.3715343,-0.00161,-1,-1,-1,0,0,0,136,1,1,0,0.0000000,0.0000000,0.0000000,0,0,0,0,758361134633958
1928,3772955339,1000,1546,1546,2.3715343,-0.00155,-1,-1,-1,0,0,0,136,1,1,0,0.0000000,0.0000000,0.0000000,0,0,0,0,758361135811583
1929,3772956339,1000,1546,1546,2.3715343,-0.00149,-1,-1,-1,0,0,0,136,1,1,0,0.0000000,0.0000000,0.0000000,0,0,0,0,758361136795250
1930,3772957339,1000,1546,1546,2.3715343,-0.00143,-1,-1,-1,0,0,0,136,1,1,0,0.0000000,0.0000000,0.0000000,0,0,0,0,758361137682000
1931,3772958339,1000,1546,1546,2.3715343,-0.00137,-1,-1,-1,0,0,0,136,1,1,0,0.0000000,0.0000000,0.0000000,0,0,0,0,758361138584041
1932,3772959339,1000,1546,1546,2.3715343,-0.00132,-1,-1,-1,0,0,0,136,1,1,0,0.0000000,0.0000000,0.0000000,0,0,0,0,758361139559541
1933,3772960339,1000,1546,1546,2.3715343,-0.00127,-1,-1,-1,0,0,0,136,1,1,0,0.0000000,0.0000000,0.0000000,0,0,0,0,758361140565041
1934,3772961339,1000,1546,1546,2.3715343,-0.00122,-1,-1,-1,0,0,0,136,1,1,0,0.0000000,0.0000000,0.0000000,0,0,0,0,758361141556625
1935,3772962339,1000,1546,1546,2.3715343,-0.00117,-1,-1,-1,0,0,0,136,1,1,0,0.0000000,0.0000000,0.0000000,0,0,0,0,758361142557458
1936,3772963339,1000,1546,1546,2.3715343,-0.00112,-1,-1,-1,0,0,0,136,1,1,0,0.0000000,0.0000000,0.0000000,0,0,0,0,758361143551875
1937,3772964339,1000,1546,1546,2.3715343,-0.00108,-1,-1,-1,0,0,0,136,1,1,0,0.0000000,0.0000000,0.0000000,0,0,0,0,758361144577208
1938,3772965339,1000,1546,1546,2.3715343,-0.00104,-1,-1,-1,0,0,0,136,1,1,0,0.0000000,0.0000000,0.0000000,0,0,0,0,758361145601666
1939,3772966339,1000,1546,1546,2.3715343,-0.00100,-1,-1,-1,0,0,0,136,1,1,0,0.0000000,0.0000000,0.0000000,0,0,0,0,758361146569458
1940,3772967339,1000,1546,1546,2.3715343,-0.00096,-1,-1,-1,0,0,0,136,1,1,0,0.0000000,0.0000000,0.0000000,0,0,0,0,758361147560791
1941,3772968339,1000,1546,1546,2.3715343,-0.00092,-1,-1,-1,0,0,0,136,1,1,0,0.0000000,0.0000000,0.0000000,0,0,0,0,758361148588166
1942,3772969339,1000,1546,1546,2.3715343,-0.00088,-1,-1,-1,0,0,0,136,1,1,0,0.0000000,0.0000000,0.0000000,0,0,0,0,758361149640250
1943,3772970339,1000,1546,1546,2.3715343,-0.00085,-1,-1,-1,0,0,0,136,1,1,0,0.0000000,0.0000000,0.0000000,0,0,0,0,758361151282625
1944,3772971339,1000,1546,1546,2.3715343,-0.00082,-1,-1,-1,0,0,0,136,1,1,0,0.0000000,0.0000000,0.0000000,0,0,0,0,758361152015416
1945,3772972339,1000,1546,1546,2.3715343,-0.00078,-1,-1,-1,0,0,0,136,1,1,0,0.0000000,0.0000000,0.0000000,0,0,0,0,758361152677916
1946,3772973339,1000,1546,1546,2.3715343,-0.00075,-1,-1,-1,0,0,0,136,1,1,0,0.0000000,0.0000000,0.0000000,0,0,0,0,758361153611375
1947,3772974339,1000,1546,1546,2.3715343,-0.00072,-1,-1,-1,0,0,0,136,1,1,0,0.0000000,0.0000000,0.0000000,0,0,0,0,758361154573416
1948,3772975339,1000,1546,1546,2.3715343,-0.00070,-1,-1,-1,0,0,0,136,1,1,0,0.0000000,0.0000000,0.0000000,0,0,0,0,758361155579375
1949,3772976339,1000,1546,1546,2.3715343,-0.00067,-1,-1,-1,0,0,0,136,1,1,0,0.0000000,0.0000000,0.0000000,0,0,0,0,758361156603125
1950,3772977339,1000,1546,1546,2.3715343,-0.00064,-1,-1,-1,0,0,0,136,1,1,0,0.0000000,0.0000000,0.0000000,0,0,0,0,758361157572250
1951,3772978339,1000,1546,1546,2.3715343,-0.00062,-1,-1,-1,0,0,0,136,1,1,0,0.0000000,0.0000000,0.0000000,0,0,0,0,758361158544250
1952,3772979339,1000,1546,1546,2.3715343,-0.00059,-1,-1,-1,0,0,0,136,1,1,0,0.0000000,0.0000000,0.0000000,0,0,0,0,758361159645333
1953,3772980339,1000,1546,1546,2.3715343,-0.00057,-1,-1,-1,0,0,0,136,1,1,0,0.0000000,0.0000000,0.0000000,0,0,0,0,758361160578291
1954,3772981339,1000,1546,1546,2.3715343,-0.00055,-1,-1,-1,0,0,0,136,1,1,0,0.0000000,0.0000000,0.0000000,0,0,0,0,758361161571041
1955,3772982339,1000,1546,1546,2.3715343,-0.00053,-1,-1,-1,0,0,0,136,1,1,0,0.0000000,0.0000000,0.0000000,0,0,0,0,758361162572666
1956,3772983339,1000,1547,1547,2.3730683,0.05964,-1,-1,-1,0,0,0,136,1,1,0,0.0000000,0.0000000,0.0000000,0,0,0,0,758361163572708
1957,3772984339,1000,1546,1546,2.3715343,-0.00284,-1,-1,-1,0,0,0,136,1,1,0,0.0000000,0.0000000,0.0000000,0,0,0,0,758361164572208
1958,3772985339,1000,1546,1546,2.3715343,-0.00273,-1,-1,-1,0,0,0,136,1,1,0,0.0000000,0.0000000,0.0000000,0,0,0,0,758361165586625
1959,3772986339,1000,1546,1546,2.3715343,-0.00263,-1,-1,-1,0,0,0,136,1,1,0,0.0000000,0.0000000,0.0000000,0,0,0,0,758361166582916
1960,3772987339,1000,1546,1546,2.3715343,-0.00252,-1,-1,-1,0,0,0,136,1,1,0,0.0000000,0.0000000,0.0000000,0,0,0,0,758361167660041
1961,3772988339,1000,1546,1546,2.3715343,-0.00242,-1,-1,-1,0,0,0,136,1,1,0,0.0000000,0.0000000,0.0000000,0,0,0,0,758361168763333
1962,3772989339,1000,1546,1546,2.3715343,-0.00233,-1,-1,-1,0,0,0,136,1,1,0,0.0000000,0.0000000,0.0000000,0,0,0,0,758361169686333
1963,3772990339,1000,1546,1546,2.3715343,-0.00224,-1,-1,-1,0,0,0,136,1,1,0,0.0000000,0.0000000,0.0000000,0,0,0,0,758361170642958
1964,3772991339,1000,1546,1546,2.3715343,-0.00215,-1,-1,-1,0,0,0,136,1,1,0,0.0000000,0.0000000,0.0000000,0,0,0,0,758361171600750
1965,3772992339,1000,1546,1546,2.3715343,-0.00206,-1,-1,-1,0,0,0,136,1,1,0,0.0000000,0.0000000,0.0000000,0,0,0,0,758361172821625
1966,3772993339,1000,1546,1546,2.3715343,-0.00198,-1,-1,-1,0,0,0,136,1,1,0,0.0000000,0.0000000,0.0000000,0,0,0,0,758361173799583
1967,3772994339,1000,1546,1546,2.3715343,-0.00191,-1,-1,-1,0,0,0,136,1,1,0,0.0000000,0.0000000,0.0000000,0,0,0,0,758361174790625
1968,3772995339,1000,1546,1546,2.3715343,-0.00183,-1,-1,-1,0,0,0,136,1,1,0,0.0000000,0.0000000,0.0000000,0,0,0,0,758361175618416
1969,3772996339,1000,1546,1546,2.3715343,-0.00176,-1,-1,-1,0,0,0,136,1,1,0,0.0000000,0.0000000,0.0000000,0,0,0,0,758361176585750
1970,3772997339,1000,1546,1546,2.3715343,-0.00169,-1,-1,-1,0,0,0,136,1,1,0,0.0000000,0.0000000,0.0000000,0,0,0,0,758361177605708
1971,3772998339,1000,1546,1546,2.3715343,-0.00162,-1,-1,-1,0,0,0,136,1,1,0,0.0000000,0.0000000,0.0000000,0,0,0,0,758361178573833
1972,3772999339,1000,1546,1546,2.3715343,-0.00156,-1,-1,-1,0,0,0,136,1,1,0,0.0000000,0.0000000,0.0000000,0,0,0,0,758361179575791
1973,3773000339,1000,1546,1546,2.3715343,-0.00150,-1,-1,-1,0,0,0,136,1,1,0,0.0000000,0.0000000,0.0000000,0,0,0,0,758361180569000
1974,3773001339,1000,1546,1546,2.3715343,-0.00144,-1,-1,-1,0,0,0,136,1,1,0,0.0000000,0.0000000,0.0000000,0,0,0,0,758361181577125
1975,3773002339,1000,1546,1546,2.3715343,-0.00138,39,126,2095,0,0,0,136,1,1,0,0.0000000,0.0000000,0.0000000,0,0,0,0,758361182994125
1976,3773003339,1000,1546,1546,2.3715343,-0.00133,-1,-1,-1,0,0,0,136,1,1,0,0.0000000,0.0000000,0.0000000,0,0,0,0,758361183709833
1977,3773004339,1000,1546,1546,2.3715343,-0.00128,-1,-1,-1,0,0,0,136,1,1,0,0.0000000,0.0000000,0.0000000,0,0,0,0,758361184875083
1978,3773005339,1000,1546,1546,2.3715343,-0.00123,-1,-1,-1,0,0,0,136,1,1,0,0.0000000,0.0000000,0.0000000,0,0,0,0,758361185664625
1979,3773006339,1000,1546,1546,2.3715343,-0.00118,-1,-1,-1,0,0,0,136,1,1,0,0.0000000,0.0000000,0.0000000,0,0,0,0,758361186584875
1980,3773007339,1000,1546,1546,2.3715343,-0.00113,-1,-1,-1,0,0,0,136,1,1,0,0.0000000,0.0000000,0.0000000,0,0,0,0,758361187565333
1981,3773008339,1000,1546,1546,2.3715343,-0.00109,-1,-1,-1,0,0,0,136,1,1,0,0.0000000,0.0000000,0.0000000,0,0,0,0,758361188608250
1982,3773009339,1000,1546,1546,2.3715343,-0.00105,-1,-1,-1,0,0,0,136,1,1,0,0.0000000,0.0000000,0.0000000,0,0,0,0,758361189579000
1983,3773010339,1000,1546,1546,2.3715343,-0.00101,-1,-1,-1,0,0,0,136,1,1,0,0.0000000,0.0000000,0.0000000,0,0,0,0,758361190579333
1984,3773011339,1000,1546,1546,2.3715343,-0.00097,-1,-1,-1,0,0,0,136,1,1,0,0.0000000,0.0000000,0.0000000,0,0,0,0,758361191577041
1985,3773012339,1000,1546,1546,2.3715343,-0.00093,-1,-1,-1,0,0,0,135,1,1,0,0.0000000,0.0000000,0.0000000,0,0,0,0,758361192588041
1986,3773013339,1000,1546,1546,2.3715343,-0.00089,-1,-1,-1,0,0,0,136,1,1,0,0.0000000,0.0000000,0.0000000,0,0,0,0,758361193589083
1987,3773014339,1000,1546,1546,2.3715343,-0.00086,-1,-1,-1,0,0,0,136,1,1,0,0.0000000,0.0000000,0.0000000,0,0,0,0,758361194576458
1988,3773015339,1000,1546,1546,2.3715343,-0.00082,-1,-1,-1,0,0,0,136,1,1,0,0.0000000,0.0000000,0.0000000,0,0,0,0,758361195566333
1989,3773016339,1000,1546,1546,2.3715343,-0.00079,-1,-1,-1,0,0,0,136,1,1,0,0.0000000,0.0000000,0.0000000,0,0,0,0,758361196573250
1990,3773017339,1000,1547,1547,2.3730683,0.05939,-1,-1,-1,0,0,0,136,1,1,0,0.0000000,0.0000000,0.0000000,0,0,0,0,758361197575000
1991,3773018339,1000,1546,1546,2.3715343,-0.00309,-1,-1,-1,0,0,0,136,1,1,0,0.0000000,0.0000000,0.0000000,0,0,0,0,758361198629250
1992,3773019339,1000,1546,1546,2.3715343,-0.00297,-1,-1,-1,0,0,0,136,1,1,0,0.0000000,0.0000000,0.0000000,0,0,0,0,758361199609541
1993,3773020339,1000,1546,1546,2.3715343,-0.00285,-1,-1,-1,0,0,0,136,1,1,0,0.0000000,0.0000000,0.0000000,0,0,0,0,758361200935583
1994,3773021339,1000,1546,1546,2.3715343,-0.00274,-1,-1,-1,0,0,0,136,1,1,0,0.0000000,0.0000000,0.0000000,0,0,0,0,758361201498750
1995,3773022339,1000,1546,1546,2.3715343,-0.00263,-1,-1,-1,0,0,0,136,1,1,0,0.0000000,0.0000000,0.0000000,0,0,0,0,758361202581916
1996,3773023339,1000,1546,1546,2.3715343,-0.00253,-1,-1,-1,0,0,0,136,1,1,0,0.0000000,0.0000000,0.0000000,0,0,0,0,758361203568708
1997,3773024339,1000,1546,1546,2.3715343,-0.00243,-1,-1,-1,0,0,0,136,1,1,0,0.0000000,0.0000000,0.0000000,0,0,0,0,758361204584416
1998,3773025339,1000,1546,1546,2.3715343,-0.00233,-1,-1,-1,0,0,0,136,1,1,0,0.0000000,0.0000000,0.0000000,0,0,0,0,758361205614875
1999,3773026339,1000,1546,1546,2.3715343,-0.00224,-1,-1,-1,0,0,0,136,1,1,0,0.0000000,0.0000000,0.0000000,0,0,0,0,758361206585666
2000,3773027339,1000,1547,1547,2.3730683,0.05799,-1,-1,-1,0,0,0,136,1,1,0,0.0000000,0.0000000,0.0000000,0,0,0,0,758361207603250
2001,3773028339,1000,1546,1546,2.3715343,-0.00443,-1,-1,-1,0,0,0,136,1,1,0,0.0000000,0.0000000,0.0000000,0,0,0,0,758361208575916
2002,3773029339,1000,1546,1546,2.3715343,-0.00425,-1,-1,-1,0,0,0,136,1,1,0,0.0000000,0.0000000,0.0000000,0,0,0,0,758361209582333
2003,3773030339,1000,1546,1546,2.3715343,-0.00409,-1,-1,-1,0,0,0,136,1,1,0,0.0000000,0.0000000,0.0000000,0,0,0,0,758361210579500
2004,3773031339,1000,1546,1546,2.3715343,-0.00393,-1,-1,-1,0,0,0,136,1,1,0,0.0000000,0.0000000,0.0000000,0,0,0,0,758361211566416
2005,3773032339,1000,1546,1546,2.3715343,-0.00377,-1,-1,-1,0,0,0,136,1,1,0,0.0000000,0.0000000,0.0000000,0,0,0,0,758361212565708
2006,3773033339,1000,1546,1546,2.3715343,-0.00363,-1,-1,-1,0,0,0,136,1,1,0,0.0000000,0.0000000,0.0000000,0,0,0,0,758361213571875
2007,3773034339,1000,1546,1546,2.3715343,-0.00348,-1,-1,-1,0,0,0,136,1,1,0,0.0000000,0.0000000,0.0000000,0,0,0,0,758361214621333
2008,3773035339,1000,1546,1546,2.3715343,-0.00335,-1,-1,-1,0,0,0,136,1,1,0,0.0000000,0.0000000,0.0000000,0,0,0,0,758361215621500
2009,3773036339,1000,1546,1546,2.3715343,-0.00322,-1,-1,-1,0,0,0,136,1,1,0,0.0000000,0.0000000,0.0000000,0,0,0,0,758361216543791
2010,3773037339,1000,1546,1546,2.3715343,-0.00309,-1,-1,-1,0,0,0,136,1,1,0,0.0000000,0.0000000,0.0000000,0,0,0,0,758361217380083
2011,3773038339,1000,1546,1546,2.3715343,-0.00297,-1,-1,-1,0,0,0,136,1,1,0,0.0000000,0.0000000,0.0000000,0,0,0,0,758361218367125
2012,3773039339,1000,1546,1546,2.3715343,-0.00285,-1,-1,-1,0,0,0,136,1,1,0,0.0000000,0.0000000,0.0000000,0,0,0,0,758361219443583
2013,3773040339,1000,1546,1546,2.3715343,-0.00274,-1,-1,-1,0,0,0,136,1,1,0,0.0000000,0.0000000,0.0000000,0,0,0,0,758361220395125
2014,3773041339,1000,1546,1546,2.3715343,-0.00263,-1,-1,-1,0,0,0,136,1,1,0,0.0000000,0.0000000,0.0000000,0,0,0,0,758361221425583
2015,3773042339,1000,1546,1546,2.3715343,-0.00253,-1,-1,-1,0,0,0,136,1,1,0,0.0000000,0.0000000,0.0000000,0,0,0,0,758361222424916
2016,3773043339,1000,1546,1546,2.3715343,-0.00243,-1,-1,-1,0,0,0,136,1,1,0,0.0000000,0.0000000,0.0000000,0,0,0,0,758361223416708
2017,3773044339,1000,1546,1546,2.3715343,-0.00234,-1,-1,-1,0,0,0,136,1,1,0,0.0000000,0.0000000,0.0000000,0,0,0,0,758361224418333
2018,3773045339,1000,1546,1546,2.3715343,-0.00224,-1,-1,-1,0,0,0,136,1,1,0,0.0000000,0.0000000,0.0000000,0,0,0,0,758361225686416
2019,3773046339,1000,1546,1546,2.3715343,-0.00216,-1,-1,-1,0,0,0,136,1,1,0,0.0000000,0.0000000,0.0000000,0,0,0,0,758361226581583
2020,3773047339,1000,1546,1546,2.3715343,-0.00207,-1,-1,-1,0,0,0,136,1,1,0,0.0000000,0.0000000,0.0000000,0,0,0,0,758361227560791
2021,3773048339,1000,1546,1546,2.3715343,-0.00199,-1,-1,-1,0,0,0,136,1,1,0,0.0000000,0.0000000,0.0000000,0,0,0,0,758361228618708
2022,3773049339,1000,1546,1546,2.3715343,-0.00191,-1,-1,-1,0,0,0,136,1,1,0,0.0000000,0.0000000,0.0000000,0,0,0,0,758361229826375
2023,3773050339,1000,1546,1546,2.3715343,-0.00184,-1,-1,-1,0,0,0,136,1,1,0,0.0000000,0.0000000,0.0000000,0,0,0,0,758361230816375
2024,3773051339,1000,1546,1546,2.3715343,-0.00176,-1,-1,-1,0,0,0,136,1,1,0,0.0000000,0.0000000,0.0000000,0,0,0,0,758361231906541
2025,3773052339,1000,1546,1546,2.3715343,-0.00170,39,126,2095,0,0,0,136,1,1,0,0.0000000,0.0000000,0.0000000,0,0,0,0,758361233016583
2026,3773053339,1000,1546,1546,2.3715343,-0.00163,-1,-1,-1,0,0,0,136,1,1,0,0.0000000,0.0000000,0.0000000,0,0,0,0,758361233510958
2027,3773054339,1000,1546,1546,2.3715343,-0.00157,-1,-1,-1,0,0,0,135,1,1,0,0.0000000,0.0000000,0.0000000,0,0,0,0,758361234448416
2028,3773055339,1000,1546,1546,2.3715343,-0.00150,-1,-1,-1,0,0,0,136,1,1,0,0.0000000,0.0000000,0.0000000,0,0,0,0,758361235570416
2029,3773056339,1000,1546,1546,2.3715343,-0.00144,-1,-1,-1,0,0,0,136,1,1,0,0.0000000,0.0000000,0.0000000,0,0,0,0,758361236572833
2030,3773057339,1000,1546,1546,2.3715343,-0.00139,-1,-1,-1,0,0,0,136,1,1,0,0.0000000,0.0000000,0.0000000,0,0,0,0,758361237564958
2031,3773058339,1000,1546,1546,2.3715343,-0.00133,-1,-1,-1,0,0,0,136,1,1,0,0.0000000,0.0000000,0.0000000,0,0,0,0,758361238595875
2032,3773059339,1000,1546,1546,2.3715343,-0.00128,-1,-1,-1,0,0,0,136,1,1,0,0.0000000,0.0000000,0.0000000,0,0,0,0,758361239621041
2033,3773060339,1000,1546,1546,2.3715343,-0.00123,-1,-1,-1,0,0,0,136,1,1,0,0.0000000,0.0000000,0.0000000,0,0,0,0,758361240558041
2034,3773061339,1000,1546,1546,2.3715343,-0.00118,-1,-1,-1,0,0,0,136,1,1,0,0.0000000,0.0000000,0.0000000,0,0,0,0,758361241550916
2035,3773062339,1000,1547,1547,2.3730683,0.05901,-1,-1,-1,0,0,0,136,1,1,0,0.0000000,0.0000000,0.0000000,0,0,0,0,758361242551916
2036,3773063339,1000,1546,1546,2.3715343,-0.00345,-1,-1,-1,0,0,0,136,1,1,0,0.0000000,0.0000000,0.0000000,0,0,0,0,758361243553125
2037,3773064339,1000,1546,1546,2.3715343,-0.00332,-1,-1,-1,0,0,0,136,1,1,0,0.0000000,0.0000000,0.0000000,0,0,0,0,758361244550708
2038,3773065339,1000,1546,1546,2.3715343,-0.00319,-1,-1,-1,0,0,0,136,1,1,0,0.0000000,0.0000000,0.0000000,0,0,0,0,758361245548875
2039,3773066339,1000,1546,1546,2.3715343,-0.00306,-1,-1,-1,0,0,0,136,1,1,0,0.0000000,0.0000000,0.0000000,0,0,0,0,758361246572041
2040,3773067339,1000,1546,1546,2.3715343,-0.00294,-1,-1,-1,0,0,0,136,1,1,0,0.0000000,0.0000000,0.0000000,0,0,0,0,758361247588000
2041,3773068339,1000,1546,1546,2.3715343,-0.00283,-1,-1,-1,0,0,0,136,1,1,0,0.0000000,0.0000000,0.0000000,0,0,0,0,758361248473333
2042,3773069339,1000,1546,1546,2.3715343,-0.00271,-1,-1,-1,0,0,0,136,1,1,0,0.0000000,0.0000000,0.0000000,0,0,0,0,758361249481125
2043,3773070339,1000,1546,1546,2.3715343,-0.00261,-1,-1,-1,0,0,0,136,1,1,0,0.0000000,0.0000000,0.0000000,0,0,0,0,758361250440666
2044,3773071339,1000,1546,1546,2.3715343,-0.00251,-1,-1,-1,0,0,0,136,1,1,0,0.0000000,0.0000000,0.0000000,0,0,0,0,758361251418208
2045,3773072339,1000,1546,1546,2.3715343,-0.00241,-1,-1,-1,0,0,0,136,1,1,0,0.0000000,0.0000000,0.0000000,0,0,0,0,758361252465083
2046,3773073339,1000,1547,1547,2.3730683,0.05784,-1,-1,-1,0,0,0,136,1,1,0,0.0000000,0.0000000,0.0000000,0,0,0,0,758361253584666
2047,3773074339,1000,1546,1546,2.3715343,-0.00458,-1,-1,-1,0,0,0,136,1,1,0,0.0000000,0.0000000,0.0000000,0,0,0,0,758361254585083
2048,3773075339,1000,1546,1546,2.3715343,-0.00440,-1,-1,-1,0,0,0,136,1,1,0,0.0000000,0.0000000,0.0000000,0,0,0,0,758361255573916
2049,3773076339,1000,1546,1546,2.3715343,-0.00423,-1,-1,-1,0,0,0,136,1,1,0,0.0000000,0.0000000,0.0000000,0,0,0,0,758361256574291
2050,3773077339,1000,1546,1546,2.3715343,-0.00406,-1,-1,-1,0,0,0,136,1,1,0,0.0000000,0.0000000,0.0000000,0,0,0,0,758361257595750
2051,3773078339,1000,1546,1546,2.3715343,-0.00390,-1,-1,-1,0,0,0,136,1,1,0,0.0000000,0.0000000,0.0000000,0,0,0,0,758361258695166
2052,3773079339,1000,1546,1546,2.3715343,-0.00375,-1,-1,-1,0,0,0,136,1,1,0,0.0000000,0.0000000,0.0000000,0,0,0,0,758361259789875
2053,3773080339,1000,1546,1546,2.3715343,-0.00360,-1,-1,-1,0,0,0,136,1,1,0,0.0000000,0.0000000,0.0000000,0,0,0,0,758361260777791
2054,3773081339,1000,1546,1546,2.3715343,-0.00346,-1,-1,-1,0,0,0,136,1,1,0,0.0000000,0.0000000,0.0000000,0,0,0,0,758361261705791
2055,3773082339,1000,1546,1546,2.3715343,-0.00333,-1,-1,-1,0,0,0,136,1,1,0,0.0000000,0.0000000,0.0000000,0,0,0,0,758361262531625
2056,3773083339,1000,1546,1546,2.3715343,-0.00320,-1,-1,-1,0,0,0,136,1,1,0,0.0000000,0.0000000,0.0000000,0,0,0,0,758361263518375
2057,3773084339,1000,1546,1546,2.3715343,-0.00307,-1,-1,-1,0,0,0,136,1,1,0,0.0000000,0.0000000,0.0000000,0,0,0,0,758361264590916
2058,3773085339,1000,1546,1546,2.3715343,-0.00295,-1,-1,-1,0,0,0,136,1,1,0,0.0000000,0.0000000,0.0000000,0,0,0,0,758361265556291
2059,3773086339,1000,1546,1546,2.3715343,-0.00283,-1,-1,-1,0,0,0,136,1,1,0,0.0000000,0.0000000,0.0000000,0,0,0,0,758361266403000
2060,3773087339,1000,1546,1546,2.3715343,-0.00272,-1,-1,-1,0,0,0,136,1,1,0,0.0000000,0.0000000,0.0000000,0,0,0,0,758361267674458
2061,3773088339,1000,1546,1546,2.3715343,-0.00262,-1,-1,-1,0,0,0,136,1,1,0,0.0000000,0.0000000,0.0000000,0,0,0,0,758361268603250
2062,3773089339,1000,1546,1546,2.3715343,-0.00251,-1,-1,-1,0,0,0,136,1,1,0,0.0000000,0.0000000,0.0000000,0,0,0,0,758361269600416
2063,3773090339,1000,1546,1546,2.3715343,-0.00242,-1,-1,-1,0,0,0,136,1,1,0,0.0000000,0.0000000,0.0000000,0,0,0,0,758361270609250
2064,3773091339,1000,1546,1546,2.3715343,-0.00232,-1,-1,-1,0,0,0,136,1,1,0,0.0000000,0.0000000,0.0000000,0,0,0,0,758361271570041
2065,3773092339,1000,1546,1546,2.3715343,-0.00223,-1,-1,-1,0,0,0,136,1,1,0,0.0000000,0.0000000,0.0000000,0,0,0,0,758361272581541
2066,3773093339,1000,1546,1546,2.3715343,-0.00214,-1,-1,-1,0,0,0,136,1,1,0,0.0000000,0.0000000,0.0000000,0,0,0,0,758361273681333
2067,3773094339,1000,1546,1546,2.3715343,-0.00206,-1,-1,-1,0,0,0,136,1,1,0,0.0000000,0.0000000,0.0000000,0,0,0,0,758361274595958
2068,3773095339,1000,1546,1546,2.3715343,-0.00198,-1,-1,-1,0,0,0,136,1,1,0,0.0000000,0.0000000,0.0000000,0,0,0,0,758361275611083
2069,3773096339,1000,1546,1546,2.3715343,-0.00190,-1,-1,-1,0,0,0,136,1,1,0,0.0000000,0.0000000,0.0000000,0,0,0,0,758361276590500
2070,3773097339,1000,1546,1546,2.3715343,-0.00183,-1,-1,-1,0,0,0,136,1,1,0,0.0000000,0.0000000,0.0000000,0,0,0,0,758361277593458
2071,3773098339,1000,1546,1546,2.3715343,-0.00175,-1,-1,-1,0,0,0,136,1,1,0,0.0000000,0.0000000,0.0000000,0,0,0,0,758361278625458
2072,3773099339,1000,1546,1546,2.3715343,-0.00169,-1,-1,-1,0,0,0,136,1,1,0,0.0000000,0.0000000,0.0000000,0,0,0,0,758361279603958
2073,3773100339,1000,1546,1546,2.3715343,-0.00162,-1,-1,-1,0,0,0,136,1,1,0,0.0000000,0.0000000,0.0000000,0,0,0,0,758361280539291
2074,3773101339,1000,1546,1546,2.3715343,-0.00156,-1,-1,-1,0,0,0,136,1,1,0,0.0000000,0.0000000,0.0000000,0,0,0,0,758361281614666
2075,3773102339,1000,1546,1546,2.3715343,-0.00149,39,126,2095,0,0,0,136,1,1,0,0.0000000,0.0000000,0.0000000,0,0,0,0,758361283033583
2076,3773103339,1000,1546,1546,2.3715343,-0.00144,-1,-1,-1,0,0,0,136,1,1,0,0.0000000,0.0000000,0.0000000,0,0,0,0,758361283650750
2077,3773104339,1000,1546,1546,2.3715343,-0.00138,-1,-1,-1,0,0,0,136,1,1,0,0.0000000,0.0000000,0.0000000,0,0,0,0,758361284598125
2078,3773105339,1000,1546,1546,2.3715343,-0.00133,-1,-1,-1,0,0,0,136,1,1,0,0.0000000,0.0000000,0.0000000,0,0,0,0,758361285620333
2079,3773106339,1000,1546,1546,2.3715343,-0.00127,-1,-1,-1,0,0,0,136,1,1,0,0.0000000,0.0000000,0.0000000,0,0,0,0,758361286595333
2080,3773107339,1000,1546,1546,2.3715343,-0.00122,-1,-1,-1,0,0,0,136,1,1,0,0.0000000,0.0000000,0.0000000,0,0,0,0,758361287602000
2081,3773108339,1000,1546,1546,2.3715343,-0.00118,-1,-1,-1,0,0,0,136,1,1,0,0.0000000,0.0000000,0.0000000,0,0,0,0,758361288607708
2082,3773109339,1000,1546,1546,2.3715343,-0.00113,-1,-1,-1,0,0,0,136,1,1,0,0.0000000,0.0000000,0.0000000,0,0,0,0,758361289609250
2083,3773110339,1000,1547,1547,2.3730683,0.05906,-1,-1,-1,0,0,0,136,1,1,0,0.0000000,0.0000000,0.0000000,0,0,0,0,758361290595791
2084,3773111339,1000,1546,1546,2.3715343,-0.00340,-1,-1,-1,0,0,0,136,1,1,0,0.0000000,0.0000000,0.0000000,0,0,0,0,758361291587625
2085,3773112339,1000,1546,1546,2.3715343,-0.00327,-1,-1,-1,0,0,0,136,1,1,0,0.0000000,0.0000000,0.0000000,0,0,0,0,758361292799500
2086,3773113339,1000,1546,1546,2.3715343,-0.00314,-1,-1,-1,0,0,0,136,1,1,0,0.0000000,0.0000000,0.0000000,0,0,0,0,758361293811208
2087,3773114339,1000,1546,1546,2.3715343,-0.00302,-1,-1,-1,0,0,0,136,1,1,0,0.0000000,0.0000000,0.0000000,0,0,0,0,758361294851916
2088,3773115339,1000,1546,1546,2.3715343,-0.00290,-1,-1,-1,0,0,0,136,1,1,0,0.0000000,0.0000000,0.0000000,0,0,0,0,758361295598125
2089,3773116339,1000,1546,1546,2.3715343,-0.00278,-1,-1,-1,0,0,0,136,1,1,0,0.0000000,0.0000000,0.0000000,0,0,0,0,758361296604416
2090,3773117339,1000,1546,1546,2.3715343,-0.00268,-1,-1,-1,0,0,0,136,1,1,0,0.0000000,0.0000000,0.0000000,0,0,0,0,758361297561875
2091,3773118339,1000,1546,1546,2.3715343,-0.00257,-1,-1,-1,0,0,0,136,1,1,0,0.0000000,0.0000000,0.0000000,0,0,0,0,758361298616583
2092,3773119339,1000,1546,1546,2.3715343,-0.00247,-1,-1,-1,0,0,0,136,1,1,0,0.0000000,0.0000000,0.0000000,0,0,0,0,758361299521375
2093,3773120339,1000,1546,1546,2.3715343,-0.00237,-1,-1,-1,0,0,0,136,1,1,0,0.0000000,0.0000000,0.0000000,0,0,0,0,758361300416250
2094,3773121339,1000,1546,1546,2.3715343,-0.00228,-1,-1,-1,0,0,0,136,1,1,0,0.0000000,0.0000000,0.0000000,0,0,0,0,758361301466583
2095,3773122339,1000,1546,1546,2.3715343,-0.00219,-1,-1,-1,0,0,0,136,1,1,0,0.0000000,0.0000000,0.0000000,0,0,0,0,758361302595166
2096,3773123339,1000,1546,1546,2.3715343,-0.00210,-1,-1,-1,0,0,0,136,1,1,0,0.0000000,0.0000000,0.0000000,0,0,0,0,758361303596750
2097,3773124339,1000,1546,1546,2.3715343,-0.00202,-1,-1,-1,0,0,0,136,1,1,0,0.0000000,0.0000000,0.0000000,0,0,0,0,758361304624125
2098,3773125339,1000,1546,1546,2.3715343,-0.00194,-1,-1,-1,0,0,0,136,1,1,0,0.0000000,0.0000000,0.0000000,0,0,0,0,758361305435291
2099,3773126339,1000,1546,1546,2.3715343,-0.00187,-1,-1,-1,0,0,0,136,1,1,0,0.0000000,0.0000000,0.0000000,0,0,0,0,758361306446875
2100,3773127339,1000,1546,1546,2.3715343,-0.00179,-1,-1,-1,0,0,0,136,1,1,0,0.0000000,0.0000000,0.0000000,0,0,0,0,758361307495500
2101,3773128339,1000,1546,1546,2.3715343,-0.00172,-1,-1,-1,0,0,0,136,1,1,0,0.0000000,0.0000000,0.0000000,0,0,0,0,758361308442708
2102,3773129339,1000,1546,1546,2.3715343,-0.00166,-1,-1,-1,0,0,0,136,1,1,0,0.0000000,0.0000000,0.0000000,0,0,0,0,758361309437000
2103,3773130339,1000,1546,1546,2.3715343,-0.00159,-1,-1,-1,0,0,0,136,1,1,0,0.0000000,0.0000000,0.0000000,0,0,0,0,758361310419375
2104,3773131339,1000,1546,1546,2.3715343,-0.00153,-1,-1,-1,0,0,0,136,1,1,0,0.0000000,0.0000000,0.0000000,0,0,0,0,758361311415625
2105,3773132339,1000,1546,1546,2.3715343,-0.00147,-1,-1,-1,0,0,0,136,1,1,0,0.0000000,0.0000000,0.0000000,0,0,0,0,758361312452458
2106,3773133339,1000,1547,1547,2.3730683,0.05874,-1,-1,-1,0,0,0,136,1,1,0,0.0000000,0.0000000,0.0000000,0,0,0,0,758361313455375
2107,3773134339,1000,1546,1546,2.3715343,-0.00371,-1,-1,-1,0,0,0,136,1,1,0,0.0000000,0.0000000,0.0000000,0,0,0,0,758361314473416
2108,3773135339,1000,1546,1546,2.3715343,-0.00357,-1,-1,-1,0,0,0,136,1,1,0,0.0000000,0.0000000,0.0000000,0,0,0,0,758361315475375
2109,3773136339,1000,1546,1546,2.3715343,-0.00343,-1,-1,-1,0,0,0,136,1,1,0,0.0000000,0.0000000,0.0000000,0,0,0,0,758361316460875
2110,3773137339,1000,1546,1546,2.3715343,-0.00329,-1,-1,-1,0,0,0,136,1,1,0,0.0000000,0.0000000,0.0000000,0,0,0,0,758361317464208
2111,3773138339,1000,1546,1546,2.3715343,-0.00316,-1,-1,-1,0,0,0,136,1,1,0,0.0000000,0.0000000,0.0000000,0,0,0,0,758361318454791
2112,3773139339,1000,1546,1546,2.3715343,-0.00304,-1,-1,-1,0,0,0,136,1,1,0,0.0000000,0.0000000,0.0000000,0,0,0,0,758361319510375
2113,3773140339,1000,1546,1546,2.3715343,-0.00292,-1,-1,-1,0,0,0,136,1,1,0,0.0000000,0.0000000,0.0000000,0,0,0,0,758361320494875
2114,3773141339,1000,1546,1546,2.3715343,-0.00281,-1,-1,-1,0,0,0,136,1,1,0,0.0000000,0.0000000,0.0000000,0,0,0,0,758361321523250
2115,3773142339,1000,1546,1546,2.3715343,-0.00270,-1,-1,-1,0,0,0,136,1,1,0,0.0000000,0.0000000,0.0000000,0,0,0,0,758361322490250
2116,3773143339,1000,1546,1546,2.3715343,-0.00259,-1,-1,-1,0,0,0,136,1,1,0,0.0000000,0.0000000,0.0000000,0,0,0,0,758361323503041
2117,3773144339,1000,1546,1546,2.3715343,-0.00249,-1,-1,-1,0,0,0,136,1,1,0,0.0000000,0.0000000,0.0000000,0,0,0,0,758361324495125
2118,3773145339,1000,1546,1546,2.3715343,-0.00239,-1,-1,-1,0,0,0,136,1,1,0,0.0000000,0.0000000,0.0000000,0,0,0,0,758361325491083
2119,3773146339,1000,1546,1546,2.3715343,-0.00230,-1,-1,-1,0,0,0,136,1,1,0,0.0000000,0.0000000,0.0000000,0,0,0,0,758361326532500
2120,3773147339,1000,1546,1546,2.3715343,-0.00221,-1,-1,-1,0,0,0,136,1,1,0,0.0000000,0.0000000,0.0000000,0,0,0,0,758361327500875
2121,3773148339,1000,1546,1546,2.3715343,-0.00212,-1,-1,-1,0,0,0,136,1,1,0,0.0000000,0.0000000,0.0000000,0,0,0,0,758361328563958
2122,3773149339,1000,1546,1546,2.3715343,-0.00204,-1,-1,-1,0,0,0,136,1,1,0,0.0000000,0.0000000,0.0000000,0,0,0,0,758361329573875
2123,3773150339,1000,1546,1546,2.3715343,-0.00196,-1,-1,-1,0,0,0,136,1,1,0,0.0000000,0.0000000,0.0000000,0,0,0,0,758361330561750
2124,3773151339,1000,1547,1547,2.3730683,0.05827,-1,-1,-1,0,0,0,136,1,1,0,0.0000000,0.0000000,0.0000000,0,0,0,0,758361331615458
2125,3773152339,1000,1546,1546,2.3715343,-0.00417,39,126,2095,0,0,0,136,1,1,0,0.0000000,0.0000000,0.0000000,0,0,0,0,758361332981583
2126,3773153339,1000,1546,1546,2.3715343,-0.00400,-1,-1,-1,0,0,0,136,1,1,0,0.0000000,0.0000000,0.0000000,0,0,0,0,758361333727750
2127,3773154339,1000,1546,1546,2.3715343,-0.00385,-1,-1,-1,0,0,0,136,1,1,0,0.0000000,0.0000000,0.0000000,0,0,0,0,758361334599416
2128,3773155339,1000,1546,1546,2.3715343,-0.00370,-1,-1,-1,0,0,0,136,1,1,0,0.0000000,0.0000000,0.0000000,0,0,0,0,758361335558250
2129,3773156339,1000,1546,1546,2.3715343,-0.00355,-1,-1,-1,0,0,0,136,1,1,0,0.0000000,0.0000000,0.0000000,0,0,0,0,758361336560166
2130,3773157339,1000,1546,1546,2.3715343,-0.00341,-1,-1,-1,0,0,0,136,1,1,0,0.0000000,0.0000000,0.0000000,0,0,0,0,758361337562208
2131,3773158339,1000,1547,1547,2.3730683,0.05687,-1,-1,-1,0,0,0,136,1,1,0,0.0000000,0.0000000,0.0000000,0,0,0,0,758361338580500
2132,3773159339,1000,1546,1546,2.3715343,-0.00551,-1,-1,-1,0,0,0,136,1,1,0,0.0000000,0.0000000,0.0000000,0,0,0,0,758361339792375
2133,3773160339,1000,1546,1546,2.3715343,-0.00529,-1,-1,-1,0,0,0,136,1,1,0,0.0000000,0.0000000,0.0000000,0,0,0,0,758361340781916
2134,3773161339,1000,1546,1546,2.3715343,-0.00508,-1,-1,-1,0,0,0,136,1,1,0,0.0000000,0.0000000,0.0000000,0,0,0,0,758361341800083
2135,3773162339,1000,1546,1546,2.3715343,-0.00488,-1,-1,-1,0,0,0,136,1,1,0,0.0000000,0.0000000,0.0000000,0,0,0,0,758361342800916
2136,3773163339,1000,1546,1546,2.3715343,-0.00469,-1,-1,-1,0,0,0,136,1,1,0,0.0000000,0.0000000,0.0000000,0,0,0,0,758361343790416
2137,3773164339,1000,1547,1547,2.3730683,0.05564,-1,-1,-1,0,0,0,136,1,1,0,0.0000000,0.0000000,0.0000000,0,0,0,0,758361344603416
2138,3773165339,1000,1546,1546,2.3715343,-0.00669,-1,-1,-1,0,0,0,136,1,1,0,0.0000000,0.0000000,0.0000000,0,0,0,0,758361345558083
2139,3773166339,1000,1546,1546,2.3715343,-0.00643,-1,-1,-1,0,0,0,136,1,1,0,0.0000000,0.0000000,0.0000000,0,0,0,0,758361346561250
2140,3773167339,1000,1546,1546,2.3715343,-0.00618,-1,-1,-1,0,0,0,136,1,1,0,0.0000000,0.0000000,0.0000000,0,0,0,0,758361347572166
2141,3773168339,1000,1546,1546,2.3715343,-0.00593,-1,-1,-1,0,0,0,136,1,1,0,0.0000000,0.0000000,0.0000000,0,0,0,0,758361348615416
2142,3773169339,1000,1546,1546,2.3715343,-0.00570,-1,-1,-1,0,0,0,136,1,1,0,0.0000000,0.0000000,0.0000000,0,0,0,0,758361349608416
2143,3773170339,1000,1546,1546,2.3715343,-0.00548,-1,-1,-1,0,0,0,136,1,1,0,0.0000000,0.0000000,0.0000000,0,0,0,0,758361350567041
2144,3773171339,1000,1546,1546,2.3715343,-0.00526,-1,-1,-1,0,0,0,136,1,1,0,0.0000000,0.0000000,0.0000000,0,0,0,0,758361351565583
2145,3773172339,1000,1546,1546,2.3715343,-0.00506,-1,-1,-1,0,0,0,136,1,1,0,0.0000000,0.0000000,0.0000000,0,0,0,0,758361352550666
2146,3773173339,1000,1546,1546,2.3715343,-0.00486,-1,-1,-1,0,0,0,136,1,1,0,0.0000000,0.0000000,0.0000000,0,0,0,0,758361353554666
2147,3773174339,1000,1546,1546,2.3715343,-0.00467,-1,-1,-1,0,0,0,136,1,1,0,0.0000000,0.0000000,0.0000000,0,0,0,0,758361354584458
2148,3773175339,1000,1546,1546,2.3715343,-0.00448,-1,-1,-1,0,0,0,136,1,1,0,0.0000000,0.0000000,0.0000000,0,0,0,0,758361355599000
2149,3773176339,1000,1546,1546,2.3715343,-0.00431,-1,-1,-1,0,0,0,136,1,1,0,0.0000000,0.0000000,0.0000000,0,0,0,0,758361356601375
2150,3773177339,1000,1546,1546,2.3715343,-0.00414,-1,-1,-1,0,0,0,136,1,1,0,0.0000000,0.0000000,0.0000000,0,0,0,0,758361357698291
2151,3773178339,1000,1547,1547,2.3730683,0.05617,-1,-1,-1,0,0,0,136,1,1,0,0.0000000,0.0000000,0.0000000,0,0,0,0,758361358616583
2152,3773179339,1000,1546,1546,2.3715343,-0.00618,-1,-1,-1,0,0,0,136,1,1,0,0.0000000,0.0000000,0.0000000,0,0,0,0,758361359456583
2153,3773180339,1000,1546,1546,2.3715343,-0.00594,-1,-1,-1,0,0,0,136,1,1,0,0.0000000,0.0000000,0.0000000,0,0,0,0,758361360565666
2154,3773181339,1000,1547,1547,2.3730683,0.05444,-1,-1,-1,0,0,0,136,1,1,0,0.0000000,0.0000000,0.0000000,0,0,0,0,758361361560666
2155,3773182339,1000,1546,1546,2.3715343,-0.00784,-1,-1,-1,0,0,0,136,1,1,0,0.0000000,0.0000000,0.0000000,0,0,0,0,758361362559833
2156,3773183339,1000,1546,1546,2.3715343,-0.00753,-1,-1,-1,0,0,0,136,1,1,0,0.0000000,0.0000000,0.0000000,0,0,0,0,758361363820583
2157,3773184339,1000,1546,1546,2.3715343,-0.00724,-1,-1,-1,0,0,0,136,1,1,0,0.0000000,0.0000000,0.0000000,0,0,0,0,758361364896166
2158,3773185339,1000,1546,1546,2.3715343,-0.00695,-1,-1,-1,0,0,0,136,1,1,0,0.0000000,0.0000000,0.0000000,0,0,0,0,758361365792250
2159,3773186339,1000,1546,1546,2.3715343,-0.00668,-1,-1,-1,0,0,0,136,1,1,0,0.0000000,0.0000000,0.0000000,0,0,0,0,758361366570916
2160,3773187339,1000,1546,1546,2.3715343,-0.00642,-1,-1,-1,0,0,0,136,1,1,0,0.0000000,0.0000000,0.0000000,0,0,0,0,758361367581083
2161,3773188339,1000,1546,1546,2.3715343,-0.00617,-1,-1,-1,0,0,0,136,1,1,0,0.0000000,0.0000000,0.0000000,0,0,0,0,758361368574666
2162,3773189339,1000,1546,1546,2.3715343,-0.00593,-1,-1,-1,0,0,0,136,1,1,0,0.0000000,0.0000000,0.0000000,0,0,0,0,758361369634833
2163,3773190339,1000,1546,1546,2.3715343,-0.00569,-1,-1,-1,0,0,0,136,1,1,0,0.0000000,0.0000000,0.0000000,0,0,0,0,758361370571625
2164,3773191339,1000,1546,1546,2.3715343,-0.00547,-1,-1,-1,0,0,0,136,1,1,0,0.0000000,0.0000000,0.0000000,0,0,0,0,758361371584958
2165,3773192339,1000,1546,1546,2.3715343,-0.00526,-1,-1,-1,0,0,0,136,1,1,0,0.0000000,0.0000000,0.0000000,0,0,0,0,758361372579833
2166,3773193339,1000,1546,1546,2.3715343,-0.00505,-1,-1,-1,0,0,0,136,1,1,0,0.0000000,0.0000000,0.0000000,0,0,0,0,758361373576666
2167,3773194339,1000,1546,1546,2.3715343,-0.00485,-1,-1,-1,0,0,0,136,1,1,0,0.0000000,0.0000000,0.0000000,0,0,0,0,758361374581208
2168,3773195339,1000,1546,1546,2.3715343,-0.00466,-1,-1,-1,0,0,0,136,1,1,0,0.0000000,0.0000000,0.0000000,0,0,0,0,758361375619500
2169,3773196339,1000,1546,1546,2.3715343,-0.00448,-1,-1,-1,0,0,0,136,1,1,0,0.0000000,0.0000000,0.0000000,0,0,0,0,758361376592750
2170,3773197339,1000,1546,1546,2.3715343,-0.00430,-1,-1,-1,0,0,0,136,1,1,0,0.0000000,0.0000000,0.0000000,0,0,0,0,758361377600625
2171,3773198339,1000,1546,1546,2.3715343,-0.00413,-1,-1,-1,0,0,0,136,1,1,0,0.0000000,0.0000000,0.0000000,0,0,0,0,758361378573875
2172,3773199339,1000,1546,1546,2.3715343,-0.00397,-1,-1,-1,0,0,0,136,1,1,0,0.0000000,0.0000000,0.0000000,0,0,0,0,758361379574708
2173,3773200339,1000,1546,1546,2.3715343,-0.00382,-1,-1,-1,0,0,0,136,1,1,0,0.0000000,0.0000000,0.0000000,0,0,0,0,758361380582291
2174,3773201339,1000,1546,1546,2.3715343,-0.00367,-1,-1,-1,0,0,0,136,1,1,0,0.0000000,0.0000000,0.0000000,0,0,0,0,758361381597500
2175,3773202339,1000,1546,1546,2.3715343,-0.00352,39,126,2095,0,0,0,136,1,1,0,0.0000000,0.0000000,0.0000000,0,0,0,0,758361383046958
2176,3773203339,1000,1546,1546,2.3715343,-0.00338,-1,-1,-1,0,0,0,136,1,1,0,0.0000000,0.0000000,0.0000000,0,0,0,0,758361383678541
2177,3773204339,1000,1546,1546,2.3715343,-0.00325,-1,-1,-1,0,0,0,136,1,1,0,0.0000000,0.0000000,0.0000000,0,0,0,0,758361384580500
2178,3773205339,1000,1546,1546,2.3715343,-0.00312,-1,-1,-1,0,0,0,136,1,1,0,0.0000000,0.0000000,0.0000000,0,0,0,0,758361385583125
2179,3773206339,1000,1546,1546,2.3715343,-0.00300,-1,-1,-1,0,0,0,136,1,1,0,0.0000000,0.0000000,0.0000000,0,0,0,0,758361386565916
2180,3773207339,1000,1546,1546,2.3715343,-0.00288,-1,-1,-1,0,0,0,136,1,1,0,0.0000000,0.0000000,0.0000000,0,0,0,0,758361387563875
2181,3773208339,1000,1546,1546,2.3715343,-0.00277,-1,-1,-1,0,0,0,136,1,1,0,0.0000000,0.0000000,0.0000000,0,0,0,0,758361388586458
2182,3773209339,1000,1546,1546,2.3715343,-0.00266,-1,-1,-1,0,0,0,136,1,1,0,0.0000000,0.0000000,0.0000000,0,0,0,0,758361389573791
2183,3773210339,1000,1546,1546,2.3715343,-0.00256,-1,-1,-1,0,0,0,136,1,1,0,0.0000000,0.0000000,0.0000000,0,0,0,0,758361390585958
2184,3773211339,1000,1546,1546,2.3715343,-0.00246,-1,-1,-1,0,0,0,136,1,1,0,0.0000000,0.0000000,0.0000000,0,0,0,0,758361391622250
2185,3773212339,1000,1546,1546,2.3715343,-0.00236,-1,-1,-1,0,0,0,136,1,1,0,0.0000000,0.0000000,0.0000000,0,0,0,0,758361392607208
2186,3773213339,1000,1546,1546,2.3715343,-0.00227,-1,-1,-1,0,0,0,136,1,1,0,0.0000000,0.0000000,0.0000000,0,0,0,0,758361393580791
2187,3773214339,1000,1546,1546,2.3715343,-0.00218,-1,-1,-1,0,0,0,136,1,1,0,0.0000000,0.0000000,0.0000000,0,0,0,0,758361394618333
2188,3773215339,1000,1546,1546,2.3715343,-0.00209,-1,-1,-1,0,0,0,136,1,1,0,0.0000000,0.0000000,0.0000000,0,0,0,0,758361395833416
2189,3773216339,1000,1546,1546,2.3715343,-0.00201,-1,-1,-1,0,0,0,136,1,1,0,0.0000000,0.0000000,0.0000000,0,0,0,0,758361396839916
2190,3773217339,1000,1546,1546,2.3715343,-0.00193,-1,-1,-1,0,0,0,136,1,1,0,0.0000000,0.0000000,0.0000000,0,0,0,0,758361397656250
2191,3773218339,1000,1546,1546,2.3715343,-0.00186,-1,-1,-1,0,0,0,136,1,1,0,0.0000000,0.0000000,0.0000000,0,0,0,0,758361398669041
2192,3773219339,1000,1547,1547,2.3730683,0.05836,-1,-1,-1,0,0,0,136,1,1,0,0.0000000,0.0000000,0.0000000,0,0,0,0,758361399590958
2193,3773220339,1000,1546,1546,2.3715343,-0.00407,-1,-1,-1,0,0,0,136,1,1,0,0.0000000,0.0000000,0.0000000,0,0,0,0,758361400595416
2194,3773221339,1000,1546,1546,2.3715343,-0.00391,-1,-1,-1,0,0,0,136,1,1,0,0.0000000,0.0000000,0.0000000,0,0,0,0,758361401591500
2195,3773222339,1000,1546,1546,2.3715343,-0.00376,-1,-1,-1,0,0,0,136,1,1,0,0.0000000,0.0000000,0.0000000,0,0,0,0,758361402571583
2196,3773223339,1000,1546,1546,2.3715343,-0.00361,-1,-1,-1,0,0,0,136,1,1,0,0.0000000,0.0000000,0.0000000,0,0,0,0,758361403559875
2197,3773224339,1000,1546,1546,2.3715343,-0.00347,-1,-1,-1,0,0,0,136,1,1,0,0.0000000,0.0000000,0.0000000,0,0,0,0,758361404598708
2198,3773225339,1000,1546,1546,2.3715343,-0.00333,-1,-1,-1,0,0,0,136,1,1,0,0.0000000,0.0000000,0.0000000,0,0,0,0,758361405575041
2199,3773226339,1000,1546,1546,2.3715343,-0.00320,-1,-1,-1,0,0,0,136,1,1,0,0.0000000,0.0000000,0.0000000,0,0,0,0,758361406584291
2200,3773227339,1000,1546,1546,2.3715343,-0.00308,-1,-1,-1,0,0,0,136,1,1,0,0.0000000,0.0000000,0.0000000,0,0,0,0,758361407593208
2201,3773228339,1000,1546,1546,2.3715343,-0.00296,-1,-1,-1,0,0,0,136,1,1,0,0.0000000,0.0000000,0.0000000,0,0,0,0,758361408595833
2202,3773229339,1000,1546,1546,2.3715343,-0.00284,-1,-1,-1,0,0,0,136,1,1,0,0.0000000,0.0000000,0.0000000,0,0,0,0,758361409611500
2203,3773230339,1000,1546,1546,2.3715343,-0.00273,-1,-1,-1,0,0,0,136,1,1,0,0.0000000,0.0000000,0.0000000,0,0,0,0,758361410591125
2204,3773231339,1000,1546,1546,2.3715343,-0.00262,-1,-1,-1,0,0,0,136,1,1,0,0.0000000,0.0000000,0.0000000,0,0,0,0,758361411580791
2205,3773232339,1000,1546,1546,2.3715343,-0.00252,-1,-1,-1,0,0,0,136,1,1,0,0.0000000,0.0000000,0.0000000,0,0,0,0,758361412527375
2206,3773233339,1000,1546,1546,2.3715343,-0.00242,-1,-1,-1,0,0,0,136,1,1,0,0.0000000,0.0000000,0.0000000,0,0,0,0,758361413524500
2207,3773234339,1000,1546,1546,2.3715343,-0.00233,-1,-1,-1,0,0,0,136,1,1,0,0.0000000,0.0000000,0.0000000,0,0,0,0,758361414596833
2208,3773235339,1000,1546,1546,2.3715343,-0.00224,-1,-1,-1,0,0,0,136,1,1,0,0.0000000,0.0000000,0.0000000,0,0,0,0,758361415604000
2209,3773236339,1000,1546,1546,2.3715343,-0.00215,-1,-1,-1,0,0,0,136,1,1,0,0.0000000,0.0000000,0.0000000,0,0,0,0,758361416595791
2210,3773237339,1000,1546,1546,2.3715343,-0.00206,-1,-1,-1,0,0,0,136,1,1,0,0.0000000,0.0000000,0.0000000,0,0,0,0,758361417627500
2211,3773238339,1000,1546,1546,2.3715343,-0.00198,-1,-1,-1,0,0,0,136,1,1,0,0.0000000,0.0000000,0.0000000,0,0,0,0,758361418609833
2212,3773239339,1000,1546,1546,2.3715343,-0.00190,-1,-1,-1,0,0,0,136,1,1,0,0.0000000,0.0000000,0.0000000,0,0,0,0,758361419578666
2213,3773240339,1000,1546,1546,2.3715343,-0.00183,-1,-1,-1,0,0,0,136,1,1,0,0.0000000,0.0000000,0.0000000,0,0,0,0,758361420588750
2214,3773241339,1000,1546,1546,2.3715343,-0.00176,-1,-1,-1,0,0,0,136,1,1,0,0.0000000,0.0000000,0.0000000,0,0,0,0,758361421582791
2215,3773242339,1000,1546,1546,2.3715343,-0.00169,-1,-1,-1,0,0,0,136,1,1,0,0.0000000,0.0000000,0.0000000,0,0,0,0,758361422625666
2216,3773243339,1000,1546,1546,2.3715343,-0.00162,-1,-1,-1,0,0,0,136,1,1,0,0.0000000,0.0000000,0.0000000,0,0,0,0,758361423603583
2217,3773244339,1000,1546,1546,2.3715343,-0.00156,-1,-1,-1,0,0,0,136,1,1,0,0.0000000,0.0000000,0.0000000,0,0,0,0,758361424576416
2218,3773245339,1000,1546,1546,2.3715343,-0.00150,-1,-1,-1,0,0,0,136,1,1,0,0.0000000,0.0000000,0.0000000,0,0,0,0,758361425614750
2219,3773246339,1000,1546,1546,2.3715343,-0.00144,-1,-1,-1,0,0,0,136,1,1,0,0.0000000,0.0000000,0.0000000,0,0,0,0,758361426594750
2220,3773247339,1000,1546,1546,2.3715343,-0.00138,-1,-1,-1,0,0,0,136,1,1,0,0.0000000,0.0000000,0.0000000,0,0,0,0,758361427571000
2221,3773248339,1000,1546,1546,2.3715343,-0.00133,-1,-1,-1,0,0,0,136,1,1,0,0.0000000,0.0000000,0.0000000,0,0,0,0,758361428803500
2222,3773249339,1000,1546,1546,2.3715343,-0.00128,-1,-1,-1,0,0,0,136,1,1,0,0.0000000,0.0000000,0.0000000,0,0,0,0,758361429794166
2223,3773250339,1000,1546,1546,2.3715343,-0.00123,-1,-1,-1,0,0,0,136,1,1,0,0.0000000,0.0000000,0.0000000,0,0,0,0,758361430768208
2224,3773251339,1000,1546,1546,2.3715343,-0.00118,-1,-1,-1,0,0,0,136,1,1,0,0.0000000,0.0000000,0.0000000,0,0,0,0,758361431588750
2225,3773252339,1000,1546,1546,2.3715343,-0.00113,39,126,2094,0,0,0,136,1,1,0,0.0000000,0.0000000,0.0000000,0,0,0,0,758361433085250
2226,3773253339,1000,1546,1546,2.3715343,-0.00109,-1,-1,-1,0,0,0,136,1,1,0,0.0000000,0.0000000,0.0000000,0,0,0,0,758361433829666
2227,3773254339,1000,1546,1546,2.3715343,-0.00105,-1,-1,-1,0,0,0,136,1,1,0,0.0000000,0.0000000,0.0000000,0,0,0,0,758361434518541
2228,3773255339,1000,1546,1546,2.3715343,-0.00100,-1,-1,-1,0,0,0,136,1,1,0,0.0000000,0.0000000,0.0000000,0,0,0,0,758361435659583
2229,3773256339,1000,1546,1546,2.3715343,-0.00097,-1,-1,-1,0,0,0,136,1,1,0,0.0000000,0.0000000,0.0000000,0,0,0,0,758361436635166
2230,3773257339,1000,1546,1546,2.3715343,-0.00093,-1,-1,-1,0,0,0,136,1,1,0,0.0000000,0.0000000,0.0000000,0,0,0,0,758361437579791
2231,3773258339,1000,1546,1546,2.3715343,-0.00089,-1,-1,-1,0,0,0,136,1,1,0,0.0000000,0.0000000,0.0000000,0,0,0,0,758361438688458
2232,3773259339,1000,1546,1546,2.3715343,-0.00086,-1,-1,-1,0,0,0,136,1,1,0,0.0000000,0.0000000,0.0000000,0,0,0,0,758361439661666
2233,3773260339,1000,1546,1546,2.3715343,-0.00082,-1,-1,-1,0,0,0,136,1,1,0,0.0000000,0.0000000,0.0000000,0,0,0,0,758361440582458
2234,3773261339,1000,1546,1546,2.3715343,-0.00079,-1,-1,-1,0,0,0,136,1,1,0,0.0000000,0.0000000,0.0000000,0,0,0,0,758361441616166
2235,3773262339,1000,1546,1546,2.3715343,-0.00076,-1,-1,-1,0,0,0,136,1,1,0,0.0000000,0.0000000,0.0000000,0,0,0,0,758361442706250
2236,3773263339,1000,1546,1546,2.3715343,-0.00073,-1,-1,-1,0,0,0,136,1,1,0,0.0000000,0.0000000,0.0000000,0,0,0,0,758361443611625
2237,3773264339,1000,1546,1546,2.3715343,-0.00070,-1,-1,-1,0,0,0,136,1,1,0,0.0000000,0.0000000,0.0000000,0,0,0,0,758361444593250
2238,3773265339,1000,1546,1546,2.3715343,-0.00067,-1,-1,-1,0,0,0,136,1,1,0,0.0000000,0.0000000,0.0000000,0,0,0,0,758361445580041
2239,3773266339,1000,1546,1546,2.3715343,-0.00065,-1,-1,-1,0,0,0,136,1,1,0,0.0000000,0.0000000,0.0000000,0,0,0,0,758361446586291
2240,3773267339,1000,1546,1546,2.3715343,-0.00062,-1,-1,-1,0,0,0,136,1,1,0,0.0000000,0.0000000,0.0000000,0,0,0,0,758361447573000
2241,3773268339,1000,1546,1546,2.3715343,-0.00060,-1,-1,-1,0,0,0,136,1,1,0,0.0000000,0.0000000,0.0000000,0,0,0,0,758361448605166
2242,3773269339,1000,1546,1546,2.3715343,-0.00057,-1,-1,-1,0,0,0,136,1,1,0,0.0000000,0.0000000,0.0000000,0,0,0,0,758361449648916
2243,3773270339,1000,1546,1546,2.3715343,-0.00055,-1,-1,-1,0,0,0,136,1,1,0,0.0000000,0.0000000,0.0000000,0,0,0,0,758361450615625
2244,3773271339,1000,1546,1546,2.3715343,-0.00053,-1,-1,-1,0,0,0,135,1,1,0,0.0000000,0.0000000,0.0000000,0,0,0,0,758361451598208
2245,3773272339,1000,1546,1546,2.3715343,-0.00051,-1,-1,-1,0,0,0,136,1,1,0,0.0000000,0.0000000,0.0000000,0,0,0,0,758361452630375
2246,3773273339,1000,1546,1546,2.3715343,-0.00049,-1,-1,-1,0,0,0,136,1,1,0,0.0000000,0.0000000,0.0000000,0,0,0,0,758361453637666
2247,3773274339,1000,1547,1547,2.3730683,0.05968,-1,-1,-1,0,0,0,136,1,1,0,0.0000000,0.0000000,0.0000000,0,0,0,0,758361454590625
2248,3773275339,1000,1546,1546,2.3715343,-0.00281,-1,-1,-1,0,0,0,136,1,1,0,0.0000000,0.0000000,0.0000000,0,0,0,0,758361455609875
2249,3773276339,1000,1546,1546,2.3715343,-0.00270,-1,-1,-1,0,0,0,136,1,1,0,0.0000000,0.0000000,0.0000000,0,0,0,0,758361456589625
2250,3773277339,1000,1546,1546,2.3715343,-0.00259,-1,-1,-1,0,0,0,136,1,1,0,0.0000000,0.0000000,0.0000000,0,0,0,0,758361457583833
2251,3773278339,1000,1546,1546,2.3715343,-0.00249,-1,-1,-1,0,0,0,136,1,1,0,0.0000000,0.0000000,0.0000000,0,0,0,0,758361458591833
2252,3773279339,1000,1546,1546,2.3715343,-0.00239,-1,-1,-1,0,0,0,136,1,1,0,0.0000000,0.0000000,0.0000000,0,0,0,0,758361459479166
2253,3773280339,1000,1547,1547,2.3730683,0.05785,-1,-1,-1,0,0,0,136,1,1,0,0.0000000,0.0000000,0.0000000,0,0,0,0,758361460526333
2254,3773281339,1000,1547,1547,2.3730683,0.05558,-1,-1,-1,0,0,0,136,1,1,0,0.0000000,0.0000000,0.0000000,0,0,0,0,758361461641791
2255,3773282339,1000,1546,1546,2.3715343,-0.00675,-1,-1,-1,0,0,0,136,1,1,0,0.0000000,0.0000000,0.0000000,0,0,0,0,758361462579000
2256,3773283339,1000,1546,1546,2.3715343,-0.00648,-1,-1,-1,0,0,0,136,1,1,0,0.0000000,0.0000000,0.0000000,0,0,0,0,758361463569166
2257,3773284339,1000,1546,1546,2.3715343,-0.00623,-1,-1,-1,0,0,0,136,1,1,0,0.0000000,0.0000000,0.0000000,0,0,0,0,758361464574125
2258,3773285339,1000,1546,1546,2.3715343,-0.00598,-1,-1,-1,0,0,0,136,1,1,0,0.0000000,0.0000000,0.0000000,0,0,0,0,758361465456500
2259,3773286339,1000,1546,1546,2.3715343,-0.00575,-1,-1,-1,0,0,0,136,1,1,0,0.0000000,0.0000000,0.0000000,0,0,0,0,758361466555291
2260,3773287339,1000,1546,1546,2.3715343,-0.00552,-1,-1,-1,0,0,0,136,1,1,0,0.0000000,0.0000000,0.0000000,0,0,0,0,758361467608500
2261,3773288339,1000,1546,1546,2.3715343,-0.00531,-1,-1,-1,0,0,0,136,1,1,0,0.0000000,0.0000000,0.0000000,0,0,0,0,758361468539125
2262,3773289339,1000,1546,1546,2.3715343,-0.00510,-1,-1,-1,0,0,0,136,1,1,0,0.0000000,0.0000000,0.0000000,0,0,0,0,758361469531750
2263,3773290339,1000,1546,1546,2.3715343,-0.00490,-1,-1,-1,0,0,0,136,1,1,0,0.0000000,0.0000000,0.0000000,0,0,0,0,758361470577083
2264,3773291339,1000,1546,1546,2.3715343,-0.00471,-1,-1,-1,0,0,0,136,1,1,0,0.0000000,0.0000000,0.0000000,0,0,0,0,758361471583541
2265,3773292339,1000,1546,1546,2.3715343,-0.00452,-1,-1,-1,0,0,0,136,1,1,0,0.0000000,0.0000000,0.0000000,0,0,0,0,758361472562833
2266,3773293339,1000,1546,1546,2.3715343,-0.00435,-1,-1,-1,0,0,0,136,1,1,0,0.0000000,0.0000000,0.0000000,0,0,0,0,758361473566833
2267,3773294339,1000,1546,1546,2.3715343,-0.00418,-1,-1,-1,0,0,0,136,1,1,0,0.0000000,0.0000000,0.0000000,0,0,0,0,758361474630416
2268,3773295339,1000,1546,1546,2.3715343,-0.00401,-1,-1,-1,0,0,0,136,1,1,0,0.0000000,0.0000000,0.0000000,0,0,0,0,758361475602791
2269,3773296339,1000,1546,1546,2.3715343,-0.00385,-1,-1,-1,0,0,0,136,1,1,0,0.0000000,0.0000000,0.0000000,0,0,0,0,758361476585500
2270,3773297339,1000,1546,1546,2.3715343,-0.00370,-1,-1,-1,0,0,0,136,1,1,0,0.0000000,0.0000000,0.0000000,0,0,0,0,758361477631291
2271,3773298339,1000,1546,1546,2.3715343,-0.00356,-1,-1,-1,0,0,0,136,1,1,0,0.0000000,0.0000000,0.0000000,0,0,0,0,758361478588625
2272,3773299339,1000,1546,1546,2.3715343,-0.00342,-1,-1,-1,0,0,0,136,1,1,0,0.0000000,0.0000000,0.0000000,0,0,0,0,758361479695375
2273,3773300339,1000,1546,1546,2.3715343,-0.00328,-1,-1,-1,0,0,0,136,1,1,0,0.0000000,0.0000000,0.0000000,0,0,0,0,758361480652291
2274,3773301339,1000,1546,1546,2.3715343,-0.00316,-1,-1,-1,0,0,0,136,1,1,0,0.0000000,0.0000000,0.0000000,0,0,0,0,758361481656000
2275,3773302339,1000,1546,1546,2.3715343,-0.00303,39,126,2095,0,0,0,136,1,1,0,0.0000000,0.0000000,0.0000000,0,0,0,0,758361483038125
2276,3773303339,1000,1546,1546,2.3715343,-0.00291,-1,-1,-1,0,0,0,136,1,1,0,0.0000000,0.0000000,0.0000000,0,0,0,0,758361483726000
2277,3773304339,1000,1547,1547,2.3730683,0.05735,-1,-1,-1,0,0,0,136,1,1,0,0.0000000,0.0000000,0.0000000,0,0,0,0,758361484652041
2278,3773305339,1000,1546,1546,2.3715343,-0.00505,-1,-1,-1,0,0,0,136,1,1,0,0.0000000,0.0000000,0.0000000,0,0,0,0,758361485451666
2279,3773306339,1000,1546,1546,2.3715343,-0.00485,-1,-1,-1,0,0,0,136,1,1,0,0.0000000,0.0000000,0.0000000,0,0,0,0,758361486673958
2280,3773307339,1000,1546,1546,2.3715343,-0.00466,-1,-1,-1,0,0,0,136,1,1,0,0.0000000,0.0000000,0.0000000,0,0,0,0,758361487627750
2281,3773308339,1000,1546,1546,2.3715343,-0.00448,-1,-1,-1,0,0,0,136,1,1,0,0.0000000,0.0000000,0.0000000,0,0,0,0,758361488630625
2282,3773309339,1000,1546,1546,2.3715343,-0.00430,-1,-1,-1,0,0,0,136,1,1,0,0.0000000,0.0000000,0.0000000,0,0,0,0,758361489659583
2283,3773310339,1000,1546,1546,2.3715343,-0.00413,-1,-1,-1,0,0,0,136,1,1,0,0.0000000,0.0000000,0.0000000,0,0,0,0,758361490694833
2284,3773311339,1000,1546,1546,2.3715343,-0.00397,-1,-1,-1,0,0,0,136,1,1,0,0.0000000,0.0000000,0.0000000,0,0,0,0,758361491637666
2285,3773312339,1000,1547,1547,2.3730683,0.05633,-1,-1,-1,0,0,0,136,1,1,0,0.0000000,0.0000000,0.0000000,0,0,0,0,758361492606333
2286,3773313339,1000,1546,1546,2.3715343,-0.00602,-1,-1,-1,0,0,0,136,1,1,0,0.0000000,0.0000000,0.0000000,0,0,0,0,758361493554791
2287,3773314339,1000,1546,1546,2.3715343,-0.00579,-1,-1,-1,0,0,0,136,1,1,0,0.0000000,0.0000000,0.0000000,0,0,0,0,758361494443083
2288,3773315339,1000,1546,1546,2.3715343,-0.00556,-1,-1,-1,0,0,0,136,1,1,0,0.0000000,0.0000000,0.0000000,0,0,0,0,758361495490583
2289,3773316339,1000,1546,1546,2.3715343,-0.00534,-1,-1,-1,0,0,0,136,1,1,0,0.0000000,0.0000000,0.0000000,0,0,0,0,758361496603791
2290,3773317339,1000,1546,1546,2.3715343,-0.00513,-1,-1,-1,0,0,0,136,1,1,0,0.0000000,0.0000000,0.0000000,0,0,0,0,758361497607458
2291,3773318339,1000,1546,1546,2.3715343,-0.00493,-1,-1,-1,0,0,0,136,1,1,0,0.0000000,0.0000000,0.0000000,0,0,0,0,758361498589166
2292,3773319339,1000,1546,1546,2.3715343,-0.00474,-1,-1,-1,0,0,0,136,1,1,0,0.0000000,0.0000000,0.0000000,0,0,0,0,758361499556916
2293,3773320339,1000,1546,1546,2.3715343,-0.00455,-1,-1,-1,0,0,0,135,1,1,0,0.0000000,0.0000000,0.0000000,0,0,0,0,758361500595125
2294,3773321339,1000,1546,1546,2.3715343,-0.00437,-1,-1,-1,0,0,0,136,1,1,0,0.0000000,0.0000000,0.0000000,0,0,0,0,758361501596083
2295,3773322339,1000,1546,1546,2.3715343,-0.00420,-1,-1,-1,0,0,0,136,1,1,0,0.0000000,0.0000000,0.0000000,0,0,0,0,758361502620791
2296,3773323339,1000,1546,1546,2.3715343,-0.00404,-1,-1,-1,0,0,0,136,1,1,0,0.0000000,0.0000000,0.0000000,0,0,0,0,758361503651000
2297,3773324339,1000,1546,1546,2.3715343,-0.00388,-1,-1,-1,0,0,0,136,1,1,0,0.0000000,0.0000000,0.0000000,0,0,0,0,758361504486666
2298,3773325339,1000,1546,1546,2.3715343,-0.00373,-1,-1,-1,0,0,0,136,1,1,0,0.0000000,0.0000000,0.0000000,0,0,0,0,758361505555041
2299,3773326339,1000,1546,1546,2.3715343,-0.00358,-1,-1,-1,0,0,0,136,1,1,0,0.0000000,0.0000000,0.0000000,0,0,0,0,758361506536125
2300,3773327339,1000,1546,1546,2.3715343,-0.00344,-1,-1,-1,0,0,0,136,1,1,0,0.0000000,0.0000000,0.0000000,0,0,0,0,758361507586666
2301,3773328339,1000,1546,1546,2.3715343,-0.00331,-1,-1,-1,0,0,0,136,1,1,0,0.0000000,0.0000000,0.0000000,0,0,0,0,758361508666291
2302,3773329339,1000,1546,1546,2.3715343,-0.00318,-1,-1,-1,0,0,0,136,1,1,0,0.0000000,0.0000000,0.0000000,0,0,0,0,758361509655000
2303,3773330339,1000,1546,1546,2.3715343,-0.00305,-1,-1,-1,0,0,0,136,1,1,0,0.0000000,0.0000000,0.0000000,0,0,0,0,758361510709916
2304,3773331339,1000,1546,1546,2.3715343,-0.00293,-1,-1,-1,0,0,0,136,1,1,0,0.0000000,0.0000000,0.0000000,0,0,0,0,758361511628041
2305,3773332339,1000,1546,1546,2.3715343,-0.00282,-1,-1,-1,0,0,0,136,1,1,0,0.0000000,0.0000000,0.0000000,0,0,0,0,758361512619083
2306,3773333339,1000,1546,1546,2.3715343,-0.00271,-1,-1,-1,0,0,0,136,1,1,0,0.0000000,0.0000000,0.0000000,0,0,0,0,758361513628708
2307,3773334339,1000,1546,1546,2.3715343,-0.00260,-1,-1,-1,0,0,0,136,1,1,0,0.0000000,0.0000000,0.0000000,0,0,0,0,758361514595833
2308,3773335339,1000,1546,1546,2.3715343,-0.00250,-1,-1,-1,0,0,0,136,1,1,0,0.0000000,0.0000000,0.0000000,0,0,0,0,758361515634541
2309,3773336339,1000,1546,1546,2.3715343,-0.00240,-1,-1,-1,0,0,0,136,1,1,0,0.0000000,0.0000000,0.0000000,0,0,0,0,758361516587708
2310,3773337339,1000,1546,1546,2.3715343,-0.00231,-1,-1,-1,0,0,0,136,1,1,0,0.0000000,0.0000000,0.0000000,0,0,0,0,758361517568958
2311,3773338339,1000,1546,1546,2.3715343,-0.00222,-1,-1,-1,0,0,0,136,1,1,0,0.0000000,0.0000000,0.0000000,0,0,0,0,758361518576125
2312,3773339339,1000,1546,1546,2.3715343,-0.00213,-1,-1,-1,0,0,0,136,1,1,0,0.0000000,0.0000000,0.0000000,0,0,0,0,758361519502666
2313,3773340339,1000,1546,1546,2.3715343,-0.00205,-1,-1,-1,0,0,0,136,1,1,0,0.0000000,0.0000000,0.0000000,0,0,0,0,758361520612458
2314,3773341339,1000,1546,1546,2.3715343,-0.00197,-1,-1,-1,0,0,0,136,1,1,0,0.0000000,0.0000000,0.0000000,0,0,0,0,758361521582125
2315,3773342339,1000,1546,1546,2.3715343,-0.00189,-1,-1,-1,0,0,0,136,1,1,0,0.0000000,0.0000000,0.0000000,0,0,0,0,758361522596458
2316,3773343339,1000,1546,1546,2.3715343,-0.00181,-1,-1,-1,0,0,0,136,1,1,0,0.0000000,0.0000000,0.0000000,0,0,0,0,758361523575333
2317,3773344339,1000,1546,1546,2.3715343,-0.00174,-1,-1,-1,0,0,0,136,1,1,0,0.0000000,0.0000000,0.0000000,0,0,0,0,758361524789500
2318,3773345339,1000,1546,1546,2.3715343,-0.00167,-1,-1,-1,0,0,0,136,1,1,0,0.0000000,0.0000000,0.0000000,0,0,0,0,758361525832208
2319,3773346339,1000,1546,1546,2.3715343,-0.00161,-1,-1,-1,0,0,0,136,1,1,0,0.0000000,0.0000000,0.0000000,0,0,0,0,758361526811583
2320,3773347339,1000,1546,1546,2.3715343,-0.00155,-1,-1,-1,0,0,0,136,1,1,0,0.0000000,0.0000000,0.0000000,0,0,0,0,758361527674833
2321,3773348339,1000,1546,1546,2.3715343,-0.00149,-1,-1,-1,0,0,0,136,1,1,0,0.0000000,0.0000000,0.0000000,0,0,0,0,758361528570500
2322,3773349339,1000,1546,1546,2.3715343,-0.00143,-1,-1,-1,0,0,0,136,1,1,0,0.0000000,0.0000000,0.0000000,0,0,0,0,758361529584416
2323,3773350339,1000,1546,1546,2.3715343,-0.00137,-1,-1,-1,0,0,0,136,1,1,0,0.0000000,0.0000000,0.0000000,0,0,0,0,758361530571750
2324,3773351339,1000,1546,1546,2.3715343,-0.00132,-1,-1,-1,0,0,0,136,1,1,0,0.0000000,0.0000000,0.0000000,0,0,0,0,758361531556375
2325,3773352339,1000,1546,1546,2.3715343,-0.00127,39,126,2095,0,0,0,136,1,1,0,0.0000000,0.0000000,0.0000000,0,0,0,0,758361533008791
2326,3773353339,1000,1546,1546,2.3715343,-0.00122,-1,-1,-1,0,0,0,136,1,1,0,0.0000000,0.0000000,0.0000000,0,0,0,0,758361533626791
2327,3773354339,1000,1546,1546,2.3715343,-0.00117,-1,-1,-1,0,0,0,136,1,1,0,0.0000000,0.0000000,0.0000000,0,0,0,0,758361534571125
2328,3773355339,1000,1546,1546,2.3715343,-0.00112,-1,-1,-1,0,0,0,136,1,1,0,0.0000000,0.0000000,0.0000000,0,0,0,0,758361535608583
2329,3773356339,1000,1546,1546,2.3715343,-0.00108,-1,-1,-1,0,0,0,136,1,1,0,0.0000000,0.0000000,0.0000000,0,0,0,0,758361536624000
2330,3773357339,1000,1546,1546,2.3715343,-0.00104,-1,-1,-1,0,0,0,136,1,1,0,0.0000000,0.0000000,0.0000000,0,0,0,0,758361537651208
2331,3773358339,1000,1546,1546,2.3715343,-0.00100,-1,-1,-1,0,0,0,136,1,1,0,0.0000000,0.0000000,0.0000000,0,0,0,0,758361538610833
2332,3773359339,1000,1546,1546,2.3715343,-0.00096,-1,-1,-1,0,0,0,136,1,1,0,0.0000000,0.0000000,0.0000000,0,0,0,0,758361539557750
2333,3773360339,1000,1546,1546,2.3715343,-0.00092,-1,-1,-1,0,0,0,136,1,1,0,0.0000000,0.0000000,0.0000000,0,0,0,0,758361540606791
2334,3773361339,1000,1546,1546,2.3715343,-0.00088,-1,-1,-1,0,0,0,136,1,1,0,0.0000000,0.0000000,0.0000000,0,0,0,0,758361541590291
2335,3773362339,1000,1546,1546,2.3715343,-0.00085,-1,-1,-1,0,0,0,136,1,1,0,0.0000000,0.0000000,0.0000000,0,0,0,0,758361542570708
2336,3773363339,1000,1546,1546,2.3715343,-0.00082,-1,-1,-1,0,0,0,136,1,1,0,0.0000000,0.0000000,0.0000000,0,0,0,0,758361543589750
2337,3773364339,1000,1546,1546,2.3715343,-0.00078,-1,-1,-1,0,0,0,136,1,1,0,0.0000000,0.0000000,0.0000000,0,0,0,0,758361544593916
2338,3773365339,1000,1546,1546,2.3715343,-0.00075,-1,-1,-1,0,0,0,136,1,1,0,0.0000000,0.0000000,0.0000000,0,0,0,0,758361545592333
2339,3773366339,1000,1546,1546,2.3715343,-0.00072,-1,-1,-1,0,0,0,136,1,1,0,0.0000000,0.0000000,0.0000000,0,0,0,0,758361546568208
2340,3773367339,1000,1546,1546,2.3715343,-0.00069,-1,-1,-1,0,0,0,136,1,1,0,0.0000000,0.0000000,0.0000000,0,0,0,0,758361547589208
2341,3773368339,1000,1546,1546,2.3715343,-0.00067,-1,-1,-1,0,0,0,136,1,1,0,0.0000000,0.0000000,0.0000000,0,0,0,0,758361548577583
2342,3773369339,1000,1546,1546,2.3715343,-0.00064,-1,-1,-1,0,0,0,136,1,1,0,0.0000000,0.0000000,0.0000000,0,0,0,0,758361549567833
2343,3773370339,1000,1546,1546,2.3715343,-0.00062,-1,-1,-1,0,0,0,136,1,1,0,0.0000000,0.0000000,0.0000000,0,0,0,0,758361550605625
2344,3773371339,1000,1546,1546,2.3715343,-0.00059,-1,-1,-1,0,0,0,136,1,1,0,0.0000000,0.0000000,0.0000000,0,0,0,0,758361551600541
2345,3773372339,1000,1546,1546,2.3715343,-0.00057,-1,-1,-1,0,0,0,136,1,1,0,0.0000000,0.0000000,0.0000000,0,0,0,0,758361552607083
2346,3773373339,1000,1546,1546,2.3715343,-0.00055,-1,-1,-1,0,0,0,136,1,1,0,0.0000000,0.0000000,0.0000000,0,0,0,0,758361553580708
2347,3773374339,1000,1546,1546,2.3715343,-0.00053,-1,-1,-1,0,0,0,136,1,1,0,0.0000000,0.0000000,0.0000000,0,0,0,0,758361554578166
2348,3773375339,1000,1546,1546,2.3715343,-0.00050,-1,-1,-1,0,0,0,136,1,1,0,0.0000000,0.0000000,0.0000000,0,0,0,0,758361555577500
2349,3773376339,1000,1546,1546,2.3715343,-0.00048,-1,-1,-1,0,0,0,136,1,1,0,0.0000000,0.0000000,0.0000000,0,0,0,0,758361556565875
2350,3773377339,1000,1546,1546,2.3715343,-0.00047,-1,-1,-1,0,0,0,136,1,1,0,0.0000000,0.0000000,0.0000000,0,0,0,0,758361557560541
2351,3773378339,1000,1546,1546,2.3715343,-0.00045,-1,-1,-1,0,0,0,136,1,1,0,0.0000000,0.0000000,0.0000000,0,0,0,0,758361558577500
2352,3773379339,1000,1546,1546,2.3715343,-0.00043,-1,-1,-1,0,0,0,136,1,1,0,0.0000000,0.0000000,0.0000000,0,0,0,0,758361559566416
2353,3773380339,1000,1546,1546,2.3715343,-0.00041,-1,-1,-1,0,0,0,136,1,1,0,0.0000000,0.0000000,0.0000000,0,0,0,0,758361560799041
2354,3773381339,1000,1546,1546,2.3715343,-0.00040,-1,-1,-1,0,0,0,136,1,1,0,0.0000000,0.0000000,0.0000000,0,0,0,0,758361561795000
2355,3773382339,1000,1546,1546,2.3715343,-0.00038,-1,-1,-1,0,0,0,136,1,1,0,0.0000000,0.0000000,0.0000000,0,0,0,0,758361562742625
2356,3773383339,1000,1546,1546,2.3715343,-0.00037,-1,-1,-1,0,0,0,136,1,1,0,0.0000000,0.0000000,0.0000000,0,0,0,0,758361563565750
2357,3773384339,1000,1546,1546,2.3715343,-0.00035,-1,-1,-1,0,0,0,136,1,1,0,0.0000000,0.0000000,0.0000000,0,0,0,0,758361564569708
2358,3773385339,1000,1546,1546,2.3715343,-0.00034,-1,-1,-1,0,0,0,136,1,1,0,0.0000000,0.0000000,0.0000000,0,0,0,0,758361565566416
2359,3773386339,1000,1546,1546,2.3715343,-0.00032,-1,-1,-1,0,0,0,136,1,1,0,0.0000000,0.0000000,0.0000000,0,0,0,0,758361566565416
2360,3773387339,1000,1546,1546,2.3715343,-0.00031,-1,-1,-1,0,0,0,136,1,1,0,0.0000000,0.0000000,0.0000000,0,0,0,0,758361567634375
2361,3773388339,1000,1546,1546,2.3715343,-0.00030,-1,-1,-1,0,0,0,136,1,1,0,0.0000000,0.0000000,0.0000000,0,0,0,0,758361568624541
2362,3773389339,1000,1546,1546,2.3715343,-0.00029,-1,-1,-1,0,0,0,136,1,1,0,0.0000000,0.0000000,0.0000000,0,0,0,0,758361569567833
2363,3773390339,1000,1547,1547,2.3730683,0.05987,-1,-1,-1,0,0,0,136,1,1,0,0.0000000,0.0000000,0.0000000,0,0,0,0,758361570606541
2364,3773391339,1000,1546,1546,2.3715343,-0.00262,-1,-1,-1,0,0,0,136,1,1,0,0.0000000,0.0000000,0.0000000,0,0,0,0,758361571615041
2365,3773392339,1000,1546,1546,2.3715343,-0.00252,-1,-1,-1,0,0,0,136,1,1,0,0.0000000,0.0000000,0.0000000,0,0,0,0,758361572593416
2366,3773393339,1000,1546,1546,2.3715343,-0.00242,-1,-1,-1,0,0,0,136,1,1,0,0.0000000,0.0000000,0.0000000,0,0,0,0,758361573568500
2367,3773394339,1000,1546,1546,2.3715343,-0.00233,-1,-1,-1,0,0,0,136,1,1,0,0.0000000,0.0000000,0.0000000,0,0,0,0,758361574566291
2368,3773395339,1000,1546,1546,2.3715343,-0.00224,-1,-1,-1,0,0,0,136,1,1,0,0.0000000,0.0000000,0.0000000,0,0,0,0,758361575565000
2369,3773396339,1000,1546,1546,2.3715343,-0.00215,-1,-1,-1,0,0,0,136,1,1,0,0.0000000,0.0000000,0.0000000,0,0,0,0,758361576566250
2370,3773397339,1000,1546,1546,2.3715343,-0.00206,-1,-1,-1,0,0,0,136,1,1,0,0.0000000,0.0000000,0.0000000,0,0,0,0,758361577564291
2371,3773398339,1000,1546,1546,2.3715343,-0.00198,-1,-1,-1,0,0,0,136,1,1,0,0.0000000,0.0000000,0.0000000,0,0,0,0,758361578568750
2372,3773399339,1000,1546,1546,2.3715343,-0.00191,-1,-1,-1,0,0,0,136,1,1,0,0.0000000,0.0000000,0.0000000,0,0,0,0,758361579563958
2373,3773400339,1000,1546,1546,2.3715343,-0.00183,-1,-1,-1,0,0,0,136,1,1,0,0.0000000,0.0000000,0.0000000,0,0,0,0,758361580562708
2374,3773401339,1000,1546,1546,2.3715343,-0.00176,-1,-1,-1,0,0,0,136,1,1,0,0.0000000,0.0000000,0.0000000,0,0,0,0,758361581576291
2375,3773402339,1000,1546,1546,2.3715343,-0.00169,39,126,2094,0,0,0,136,1,1,0,0.0000000,0.0000000,0.0000000,0,0,0,0,758361582949500
2376,3773403339,1000,1546,1546,2.3715343,-0.00162,-1,-1,-1,0,0,0,136,1,1,0,0.0000000,0.0000000,0.0000000,0,0,0,0,758361583625708
2377,3773404339,1000,1546,1546,2.3715343,-0.00156,-1,-1,-1,0,0,0,136,1,1,0,0.0000000,0.0000000,0.0000000,0,0,0,0,758361584607333
2378,3773405339,1000,1546,1546,2.3715343,-0.00150,-1,-1,-1,0,0,0,136,1,1,0,0.0000000,0.0000000,0.0000000,0,0,0,0,758361585593625
2379,3773406339,1000,1546,1546,2.3715343,-0.00144,-1,-1,-1,0,0,0,136,1,1,0,0.0000000,0.0000000,0.0000000,0,0,0,0,758361586521125
2380,3773407339,1000,1546,1546,2.3715343,-0.00138,-1,-1,-1,0,0,0,136,1,1,0,0.0000000,0.0000000,0.0000000,0,0,0,0,758361587434125
2381,3773408339,1000,1546,1546,2.3715343,-0.00133,-1,-1,-1,0,0,0,136,1,1,0,0.0000000,0.0000000,0.0000000,0,0,0,0,758361588583458
2382,3773409339,1000,1546,1546,2.3715343,-0.00128,-1,-1,-1,0,0,0,136,1,1,0,0.0000000,0.0000000,0.0000000,0,0,0,0,758361589797958
2383,3773410339,1000,1546,1546,2.3715343,-0.00123,-1,-1,-1,0,0,0,136,1,1,0,0.0000000,0.0000000,0.0000000,0,0,0,0,758361590798916
2384,3773411339,1000,1546,1546,2.3715343,-0.00118,-1,-1,-1,0,0,0,135,1,1,0,0.0000000,0.0000000,0.0000000,0,0,0,0,758361591789375
2385,3773412339,1000,1546,1546,2.3715343,-0.00113,-1,-1,-1,0,0,0,136,1,1,0,0.0000000,0.0000000,0.0000000,0,0,0,0,758361592656541
2386,3773413339,1000,1546,1546,2.3715343,-0.00109,-1,-1,-1,0,0,0,136,1,1,0,0.0000000,0.0000000,0.0000000,0,0,0,0,758361593589708
2387,3773414339,1000,1546,1546,2.3715343,-0.00105,-1,-1,-1,0,0,0,136,1,1,0,0.0000000,0.0000000,0.0000000,0,0,0,0,758361594564541
2388,3773415339,1000,1546,1546,2.3715343,-0.00100,-1,-1,-1,0,0,0,136,1,1,0,0.0000000,0.0000000,0.0000000,0,0,0,0,758361595562625
2389,3773416339,1000,1546,1546,2.3715343,-0.00097,-1,-1,-1,0,0,0,136,1,1,0,0.0000000,0.0000000,0.0000000,0,0,0,0,758361596571125
2390,3773417339,1000,1546,1546,2.3715343,-0.00093,-1,-1,-1,0,0,0,136,1,1,0,0.0000000,0.0000000,0.0000000,0,0,0,0,758361597563458
2391,3773418339,1000,1546,1546,2.3715343,-0.00089,-1,-1,-1,0,0,0,136,1,1,0,0.0000000,0.0000000,0.0000000,0,0,0,0,758361598580208
2392,3773419339,1000,1546,1546,2.3715343,-0.00086,-1,-1,-1,0,0,0,136,1,1,0,0.0000000,0.0000000,0.0000000,0,0,0,0,758361599581250
2393,3773420339,1000,1546,1546,2.3715343,-0.00082,-1,-1,-1,0,0,0,136,1,1,0,0.0000000,0.0000000,0.0000000,0,0,0,0,758361600604416
2394,3773421339,1000,1546,1546,2.3715343,-0.00079,-1,-1,-1,0,0,0,136,1,1,0,0.0000000,0.0000000,0.0000000,0,0,0,0,758361601606916
2395,3773422339,1000,1546,1546,2.3715343,-0.00076,-1,-1,-1,0,0,0,136,1,1,0,0.0000000,0.0000000,0.0000000,0,0,0,0,758361602597458
2396,3773423339,1000,1546,1546,2.3715343,-0.00073,-1,-1,-1,0,0,0,136,1,1,0,0.0000000,0.0000000,0.0000000,0,0,0,0,758361603584916
2397,3773424339,1000,1546,1546,2.3715343,-0.00070,-1,-1,-1,0,0,0,136,1,1,0,0.0000000,0.0000000,0.0000000,0,0,0,0,758361604644166
2398,3773425339,1000,1546,1546,2.3715343,-0.00067,-1,-1,-1,0,0,0,136,1,1,0,0.0000000,0.0000000,0.0000000,0,0,0,0,758361605598791
2399,3773426339,1000,1546,1546,2.3715343,-0.00065,-1,-1,-1,0,0,0,136,1,1,0,0.0000000,0.0000000,0.0000000,0,0,0,0,758361606567458
2400,3773427339,1000,1546,1546,2.3715343,-0.00062,-1,-1,-1,0,0,0,136,1,1,0,0.0000000,0.0000000,0.0000000,0,0,0,0,758361607565791
2401,3773428339,1000,1546,1546,2.3715343,-0.00060,-1,-1,-1,0,0,0,136,1,1,0,0.0000000,0.0000000,0.0000000,0,0,0,0,758361608572208
2402,3773429339,1000,1546,1546,2.3715343,-0.00057,-1,-1,-1,0,0,0,136,1,1,0,0.0000000,0.0000000,0.0000000,0,0,0,0,758361609576000
2403,3773430339,1000,1546,1546,2.3715343,-0.00055,-1,-1,-1,0,0,0,136,1,1,0,0.0000000,0.0000000,0.0000000,0,0,0,0,758361610427333
2404,3773431339,1000,1546,1546,2.3715343,-0.00053,-1,-1,-1,0,0,0,136,1,1,0,0.0000000,0.0000000,0.0000000,0,0,0,0,758361611587375
2405,3773432339,1000,1546,1546,2.3715343,-0.00051,-1,-1,-1,0,0,0,136,1,1,0,0.0000000,0.0000000,0.0000000,0,0,0,0,758361612552833
2406,3773433339,1000,1546,1546,2.3715343,-0.00049,-1,-1,-1,0,0,0,136,1,1,0,0.0000000,0.0000000,0.0000000,0,0,0,0,758361613590625
2407,3773434339,1000,1546,1546,2.3715343,-0.00047,-1,-1,-1,0,0,0,136,1,1,0,0.0000000,0.0000000,0.0000000,0,0,0,0,758361614594583
2408,3773435339,1000,1546,1546,2.3715343,-0.00045,-1,-1,-1,0,0,0,136,1,1,0,0.0000000,0.0000000,0.0000000,0,0,0,0,758361615567875
2409,3773436339,1000,1546,1546,2.3715343,-0.00043,-1,-1,-1,0,0,0,136,1,1,0,0.0000000,0.0000000,0.0000000,0,0,0,0,758361616565708
2410,3773437339,1000,1547,1547,2.3730683,0.05973,-1,-1,-1,0,0,0,136,1,1,0,0.0000000,0.0000000,0.0000000,0,0,0,0,758361617583666
2411,3773438339,1000,1546,1546,2.3715343,-0.00276,-1,-1,-1,0,0,0,136,1,1,0,0.0000000,0.0000000,0.0000000,0,0,0,0,758361618658958
2412,3773439339,1000,1546,1546,2.3715343,-0.00265,-1,-1,-1,0,0,0,136,1,1,0,0.0000000,0.0000000,0.0000000,0,0,0,0,758361619817125
2413,3773440339,1000,1546,1546,2.3715343,-0.00255,-1,-1,-1,0,0,0,136,1,1,0,0.0000000,0.0000000,0.0000000,0,0,0,0,758361620622208
2414,3773441339,1000,1546,1546,2.3715343,-0.00245,-1,-1,-1,0,0,0,136,1,1,0,0.0000000,0.0000000,0.0000000,0,0,0,0,758361621585000
2415,3773442339,1000,1546,1546,2.3715343,-0.00235,-1,-1,-1,0,0,0,136,1,1,0,0.0000000,0.0000000,0.0000000,0,0,0,0,758361622579583
2416,3773443339,1000,1546,1546,2.3715343,-0.00226,-1,-1,-1,0,0,0,136,1,1,0,0.0000000,0.0000000,0.0000000,0,0,0,0,758361623571458
2417,3773444339,1000,1546,1546,2.3715343,-0.00217,-1,-1,-1,0,0,0,136,1,1,0,0.0000000,0.0000000,0.0000000,0,0,0,0,758361624566750
2418,3773445339,1000,1546,1546,2.3715343,-0.00209,-1,-1,-1,0,0,0,136,1,1,0,0.0000000,0.0000000,0.0000000,0,0,0,0,758361625568833
2419,3773446339,1000,1546,1546,2.3715343,-0.00200,-1,-1,-1,0,0,0,136,1,1,0,0.0000000,0.0000000,0.0000000,0,0,0,0,758361626569791
2420,3773447339,1000,1546,1546,2.3715343,-0.00192,-1,-1,-1,0,0,0,136,1,1,0,0.0000000,0.0000000,0.0000000,0,0,0,0,758361627557333
2421,3773448339,1000,1546,1546,2.3715343,-0.00185,-1,-1,-1,0,0,0,136,1,1,0,0.0000000,0.0000000,0.0000000,0,0,0,0,758361628557541
2422,3773449339,1000,1546,1546,2.3715343,-0.00178,-1,-1,-1,0,0,0,136,1,1,0,0.0000000,0.0000000,0.0000000,0,0,0,0,758361629570333
2423,3773450339,1000,1546,1546,2.3715343,-0.00171,-1,-1,-1,0,0,0,136,1,1,0,0.0000000,0.0000000,0.0000000,0,0,0,0,758361630563041
2424,3773451339,1000,1546,1546,2.3715343,-0.00164,-1,-1,-1,0,0,0,136,1,1,0,0.0000000,0.0000000,0.0000000,0,0,0,0,758361631569791
2425,3773452339,1000,1547,1547,2.3730683,0.05857,39,126,2095,0,0,0,136,1,1,0,0.0000000,0.0000000,0.0000000,0,0,0,0,758361633003625
2426,3773453339,1000,1546,1546,2.3715343,-0.00387,-1,-1,-1,0,0,0,136,1,1,0,0.0000000,0.0000000,0.0000000,0,0,0,0,758361633679791
2427,3773454339,1000,1546,1546,2.3715343,-0.00372,-1,-1,-1,0,0,0,136,1,1,0,0.0000000,0.0000000,0.0000000,0,0,0,0,758361634574583
2428,3773455339,1000,1546,1546,2.3715343,-0.00357,-1,-1,-1,0,0,0,136,1,1,0,0.0000000,0.0000000,0.0000000,0,0,0,0,758361635600875
2429,3773456339,1000,1546,1546,2.3715343,-0.00343,-1,-1,-1,0,0,0,136,1,1,0,0.0000000,0.0000000,0.0000000,0,0,0,0,758361636591791
2430,3773457339,1000,1547,1547,2.3730683,0.05685,-1,-1,-1,0,0,0,136,1,1,0,0.0000000,0.0000000,0.0000000,0,0,0,0,758361637592750
2431,3773458339,1000,1546,1546,2.3715343,-0.00553,-1,-1,-1,0,0,0,136,1,1,0,0.0000000,0.0000000,0.0000000,0,0,0,0,758361638591333
2432,3773459339,1000,1547,1547,2.3730683,0.05484,-1,-1,-1,0,0,0,136,1,1,0,0.0000000,0.0000000,0.0000000,0,0,0,0,758361639566250
2433,3773460339,1000,1546,1546,2.3715343,-0.00746,-1,-1,-1,0,0,0,136,1,1,0,0.0000000,0.0000000,0.0000000,0,0,0,0,758361640562916
2434,3773461339,1000,1546,1546,2.3715343,-0.00717,-1,-1,-1,0,0,0,136,1,1,0,0.0000000,0.0000000,0.0000000,0,0,0,0,758361641796750
2435,3773462339,1000,1546,1546,2.3715343,-0.00689,-1,-1,-1,0,0,0,136,1,1,0,0.0000000,0.0000000,0.0000000,0,0,0,0,758361642812500
2436,3773463339,1000,1546,1546,2.3715343,-0.00662,-1,-1,-1,0,0,0,136,1,1,0,0.0000000,0.0000000,0.0000000,0,0,0,0,758361643722000
2437,3773464339,1000,1546,1546,2.3715343,-0.00636,-1,-1,-1,0,0,0,136,1,1,0,0.0000000,0.0000000,0.0000000,0,0,0,0,758361644578625
2438,3773465339,1000,1546,1546,2.3715343,-0.00611,-1,-1,-1,0,0,0,136,1,1,0,0.0000000,0.0000000,0.0000000,0,0,0,0,758361645577208
2439,3773466339,1000,1546,1546,2.3715343,-0.00587,-1,-1,-1,0,0,0,136,1,1,0,0.0000000,0.0000000,0.0000000,0,0,0,0,758361646568125
2440,3773467339,1000,1546,1546,2.3715343,-0.00564,-1,-1,-1,0,0,0,136,1,1,0,0.0000000,0.0000000,0.0000000,0,0,0,0,758361647563250
2441,3773468339,1000,1546,1546,2.3715343,-0.00542,-1,-1,-1,0,0,0,136,1,1,0,0.0000000,0.0000000,0.0000000,0,0,0,0,758361648564750
2442,3773469339,1000,1546,1546,2.3715343,-0.00521,-1,-1,-1,0,0,0,136,1,1,0,0.0000000,0.0000000,0.0000000,0,0,0,0,758361649570541
2443,3773470339,1000,1546,1546,2.3715343,-0.00500,-1,-1,-1,0,0,0,136,1,1,0,0.0000000,0.0000000,0.0000000,0,0,0,0,758361650608083
2444,3773471339,1000,1546,1546,2.3715343,-0.00481,-1,-1,-1,0,0,0,136,1,1,0,0.0000000,0.0000000,0.0000000,0,0,0,0,758361651590708
2445,3773472339,1000,1546,1546,2.3715343,-0.00462,-1,-1,-1,0,0,0,136,1,1,0,0.0000000,0.0000000,0.0000000,0,0,0,0,758361652569083
2446,3773473339,1000,1546,1546,2.3715343,-0.00444,-1,-1,-1,0,0,0,136,1,1,0,0.0000000,0.0000000,0.0000000,0,0,0,0,758361653598625
2447,3773474339,1000,1546,1546,2.3715343,-0.00426,-1,-1,-1,0,0,0,135,1,1,0,0.0000000,0.0000000,0.0000000,0,0,0,0,758361654587041
2448,3773475339,1000,1546,1546,2.3715343,-0.00410,-1,-1,-1,0,0,0,136,1,1,0,0.0000000,0.0000000,0.0000000,0,0,0,0,758361655594666
2449,3773476339,1000,1546,1546,2.3715343,-0.00393,-1,-1,-1,0,0,0,136,1,1,0,0.0000000,0.0000000,0.0000000,0,0,0,0,758361656569708
2450,3773477339,1000,1546,1546,2.3715343,-0.00378,-1,-1,-1,0,0,0,136,1,1,0,0.0000000,0.0000000,0.0000000,0,0,0,0,758361657570000
2451,3773478339,1000,1546,1546,2.3715343,-0.00363,-1,-1,-1,0,0,0,136,1,1,0,0.0000000,0.0000000,0.0000000,0,0,0,0,758361658788583
2452,3773479339,1000,1546,1546,2.3715343,-0.00349,-1,-1,-1,0,0,0,136,1,1,0,0.0000000,0.0000000,0.0000000,0,0,0,0,758361659788916
2453,3773480339,1000,1546,1546,2.3715343,-0.00335,-1,-1,-1,0,0,0,136,1,1,0,0.0000000,0.0000000,0.0000000,0,0,0,0,758361660800375
2454,3773481339,1000,1546,1546,2.3715343,-0.00322,-1,-1,-1,0,0,0,136,1,1,0,0.0000000,0.0000000,0.0000000,0,0,0,0,758361661682416
2455,3773482339,1000,1546,1546,2.3715343,-0.00310,-1,-1,-1,0,0,0,136,1,1,0,0.0000000,0.0000000,0.0000000,0,0,0,0,758361662583083
2456,3773483339,1000,1546,1546,2.3715343,-0.00297,-1,-1,-1,0,0,0,136,1,1,0,0.0000000,0.0000000,0.0000000,0,0,0,0,758361663574833
2457,3773484339,1000,1546,1546,2.3715343,-0.00286,-1,-1,-1,0,0,0,136,1,1,0,0.0000000,0.0000000,0.0000000,0,0,0,0,758361664570583
2458,3773485339,1000,1546,1546,2.3715343,-0.00275,-1,-1,-1,0,0,0,136,1,1,0,0.0000000,0.0000000,0.0000000,0,0,0,0,758361665664166
2459,3773486339,1000,1546,1546,2.3715343,-0.00264,-1,-1,-1,0,0,0,136,1,1,0,0.0000000,0.0000000,0.0000000,0,0,0,0,758361666655541
2460,3773487339,1000,1546,1546,2.3715343,-0.00253,-1,-1,-1,0,0,0,136,1,1,0,0.0000000,0.0000000,0.0000000,0,0,0,0,758361667553541
2461,3773488339,1000,1546,1546,2.3715343,-0.00243,-1,-1,-1,0,0,0,136,1,1,0,0.0000000,0.0000000,0.0000000,0,0,0,0,758361668504541
2462,3773489339,1000,1546,1546,2.3715343,-0.00234,-1,-1,-1,0,0,0,136,1,1,0,0.0000000,0.0000000,0.0000000,0,0,0,0,758361669594791
2463,3773490339,1000,1546,1546,2.3715343,-0.00225,-1,-1,-1,0,0,0,136,1,1,0,0.0000000,0.0000000,0.0000000,0,0,0,0,758361670605416
2464,3773491339,1000,1546,1546,2.3715343,-0.00216,-1,-1,-1,0,0,0,136,1,1,0,0.0000000,0.0000000,0.0000000,0,0,0,0,758361671589125
2465,3773492339,1000,1546,1546,2.3715343,-0.00207,-1,-1,-1,0,0,0,136,1,1,0,0.0000000,0.0000000,0.0000000,0,0,0,0,758361672585708
2466,3773493339,1000,1546,1546,2.3715343,-0.00199,-1,-1,-1,0,0,0,136,1,1,0,0.0000000,0.0000000,0.0000000,0,0,0,0,758361673581333
2467,3773494339,1000,1546,1546,2.3715343,-0.00192,-1,-1,-1,0,0,0,136,1,1,0,0.0000000,0.0000000,0.0000000,0,0,0,0,758361674588500
2468,3773495339,1000,1546,1546,2.3715343,-0.00184,-1,-1,-1,0,0,0,136,1,1,0,0.0000000,0.0000000,0.0000000,0,0,0,0,758361675589791
2469,3773496339,1000,1546,1546,2.3715343,-0.00177,-1,-1,-1,0,0,0,136,1,1,0,0.0000000,0.0000000,0.0000000,0,0,0,0,758361676604208
2470,3773497339,1000,1546,1546,2.3715343,-0.00170,-1,-1,-1,0,0,0,136,1,1,0,0.0000000,0.0000000,0.0000000,0,0,0,0,758361677588625
2471,3773498339,1000,1546,1546,2.3715343,-0.00163,-1,-1,-1,0,0,0,136,1,1,0,0.0000000,0.0000000,0.0000000,0,0,0,0,758361678593708
2472,3773499339,1000,1546,1546,2.3715343,-0.00157,-1,-1,-1,0,0,0,136,1,1,0,0.0000000,0.0000000,0.0000000,0,0,0,0,758361679586041
2473,3773500339,1000,1546,1546,2.3715343,-0.00151,-1,-1,-1,0,0,0,136,1,1,0,0.0000000,0.0000000,0.0000000,0,0,0,0,758361680559666
2474,3773501339,1000,1546,1546,2.3715343,-0.00145,-1,-1,-1,0,0,0,136,1,1,0,0.0000000,0.0000000,0.0000000,0,0,0,0,758361681582833
2475,3773502339,1000,1546,1546,2.3715343,-0.00139,39,126,2094,0,0,0,136,1,1,0,0.0000000,0.0000000,0.0000000,0,0,0,0,758361682950708
2476,3773503339,1000,1547,1547,2.3730683,0.05881,-1,-1,-1,0,0,0,136,1,1,0,0.0000000,0.0000000,0.0000000,0,0,0,0,758361683587958
2477,3773504339,1000,1546,1546,2.3715343,-0.00364,-1,-1,-1,0,0,0,136,1,1,0,0.0000000,0.0000000,0.0000000,0,0,0,0,758361684567333
2478,3773505339,1000,1546,1546,2.3715343,-0.00350,-1,-1,-1,0,0,0,136,1,1,0,0.0000000,0.0000000,0.0000000,0,0,0,0,758361685582000
2479,3773506339,1000,1546,1546,2.3715343,-0.00336,-1,-1,-1,0,0,0,136,1,1,0,0.0000000,0.0000000,0.0000000,0,0,0,0,758361686587041
2480,3773507339,1000,1546,1546,2.3715343,-0.00323,-1,-1,-1,0,0,0,136,1,1,0,0.0000000,0.0000000,0.0000000,0,0,0,0,758361687590000
2481,3773508339,1000,1546,1546,2.3715343,-0.00310,-1,-1,-1,0,0,0,136,1,1,0,0.0000000,0.0000000,0.0000000,0,0,0,0,758361688591500
2482,3773509339,1000,1546,1546,2.3715343,-0.00298,-1,-1,-1,0,0,0,135,1,1,0,0.0000000,0.0000000,0.0000000,0,0,0,0,758361689593875
2483,3773510339,1000,1546,1546,2.3715343,-0.00287,-1,-1,-1,0,0,0,136,1,1,0,0.0000000,0.0000000,0.0000000,0,0,0,0,758361690807208
2484,3773511339,1000,1546,1546,2.3715343,-0.00275,-1,-1,-1,0,0,0,136,1,1,0,0.0000000,0.0000000,0.0000000,0,0,0,0,758361691795791
2485,3773512339,1000,1546,1546,2.3715343,-0.00264,-1,-1,-1,0,0,0,136,1,1,0,0.0000000,0.0000000,0.0000000,0,0,0,0,758361692801958
2486,3773513339,1000,1546,1546,2.3715343,-0.00254,-1,-1,-1,0,0,0,136,1,1,0,0.0000000,0.0000000,0.0000000,0,0,0,0,758361693576958
2487,3773514339,1000,1547,1547,2.3730683,0.05771,-1,-1,-1,0,0,0,136,1,1,0,0.0000000,0.0000000,0.0000000,0,0,0,0,758361694588291
2488,3773515339,1000,1546,1546,2.3715343,-0.00470,-1,-1,-1,0,0,0,136,1,1,0,0.0000000,0.0000000,0.0000000,0,0,0,0,758361695561916
2489,3773516339,1000,1546,1546,2.3715343,-0.00452,-1,-1,-1,0,0,0,136,1,1,0,0.0000000,0.0000000,0.0000000,0,0,0,0,758361696588375
2490,3773517339,1000,1546,1546,2.3715343,-0.00434,-1,-1,-1,0,0,0,136,1,1,0,0.0000000,0.0000000,0.0000000,0,0,0,0,758361697562791
2491,3773518339,1000,1546,1546,2.3715343,-0.00417,-1,-1,-1,0,0,0,136,1,1,0,0.0000000,0.0000000,0.0000000,0,0,0,0,758361698566000
2492,3773519339,1000,1546,1546,2.3715343,-0.00401,-1,-1,-1,0,0,0,136,1,1,0,0.0000000,0.0000000,0.0000000,0,0,0,0,758361699563333
2493,3773520339,1000,1546,1546,2.3715343,-0.00385,-1,-1,-1,0,0,0,136,1,1,0,0.0000000,0.0000000,0.0000000,0,0,0,0,758361700603458
2494,3773521339,1000,1546,1546,2.3715343,-0.00370,-1,-1,-1,0,0,0,136,1,1,0,0.0000000,0.0000000,0.0000000,0,0,0,0,758361701578000
2495,3773522339,1000,1546,1546,2.3715343,-0.00356,-1,-1,-1,0,0,0,136,1,1,0,0.0000000,0.0000000,0.0000000,0,0,0,0,758361702567166
2496,3773523339,1000,1546,1546,2.3715343,-0.00342,-1,-1,-1,0,0,0,135,1,1,0,0.0000000,0.0000000,0.0000000,0,0,0,0,758361703590375
2497,3773524339,1000,1546,1546,2.3715343,-0.00328,-1,-1,-1,0,0,0,136,1,1,0,0.0000000,0.0000000,0.0000000,0,0,0,0,758361704579708
2498,3773525339,1000,1546,1546,2.3715343,-0.00315,-1,-1,-1,0,0,0,136,1,1,0,0.0000000,0.0000000,0.0000000,0,0,0,0,758361705605375
2499,3773526339,1000,1546,1546,2.3715343,-0.00303,-1,-1,-1,0,0,0,136,1,1,0,0.0000000,0.0000000,0.0000000,0,0,0,0,758361706582750
2500,3773527339,1000,1546,1546,2.3715343,-0.00291,-1,-1,-1,0,0,0,136,1,1,0,0.0000000,0.0000000,0.0000000,0,0,0,0,758361707563125
2501,3773528339,1000,1546,1546,2.3715343,-0.00280,-1,-1,-1,0,0,0,136,1,1,0,0.0000000,0.0000000,0.0000000,0,0,0,0,758361708564250
2502,3773529339,1000,1546,1546,2.3715343,-0.00269,-1,-1,-1,0,0,0,136,1,1,0,0.0000000,0.0000000,0.0000000,0,0,0,0,758361709568458
2503,3773530339,1000,1546,1546,2.3715343,-0.00258,-1,-1,-1,0,0,0,136,1,1,0,0.0000000,0.0000000,0.0000000,0,0,0,0,758361710558833
2504,3773531339,1000,1546,1546,2.3715343,-0.00248,-1,-1,-1,0,0,0,136,1,1,0,0.0000000,0.0000000,0.0000000,0,0,0,0,758361711598333
2505,3773532339,1000,1546,1546,2.3715343,-0.00238,-1,-1,-1,0,0,0,136,1,1,0,0.0000000,0.0000000,0.0000000,0,0,0,0,758361712572875
2506,3773533339,1000,1546,1546,2.3715343,-0.00229,-1,-1,-1,0,0,0,136,1,1,0,0.0000000,0.0000000,0.0000000,0,0,0,0,758361713600291
2507,3773534339,1000,1546,1546,2.3715343,-0.00220,-1,-1,-1,0,0,0,136,1,1,0,0.0000000,0.0000000,0.0000000,0,0,0,0,758361714571833
2508,3773535339,1000,1546,1546,2.3715343,-0.00211,-1,-1,-1,0,0,0,136,1,1,0,0.0000000,0.0000000,0.0000000,0,0,0,0,758361715565458
2509,3773536339,1000,1546,1546,2.3715343,-0.00203,-1,-1,-1,0,0,0,136,1,1,0,0.0000000,0.0000000,0.0000000,0,0,0,0,758361716624375
2510,3773537339,1000,1546,1546,2.3715343,-0.00195,-1,-1,-1,0,0,0,136,1,1,0,0.0000000,0.0000000,0.0000000,0,0,0,0,758361717578166
2511,3773538339,1000,1546,1546,2.3715343,-0.00187,-1,-1,-1,0,0,0,136,1,1,0,0.0000000,0.0000000,0.0000000,0,0,0,0,758361718570750
2512,3773539339,1000,1546,1546,2.3715343,-0.00180,-1,-1,-1,0,0,0,136,1,1,0,0.0000000,0.0000000,0.0000000,0,0,0,0,758361719579416
2513,3773540339,1000,1546,1546,2.3715343,-0.00173,-1,-1,-1,0,0,0,136,1,1,0,0.0000000,0.0000000,0.0000000,0,0,0,0,758361720602541
2514,3773541339,1000,1546,1546,2.3715343,-0.00166,-1,-1,-1,0,0,0,136,1,1,0,0.0000000,0.0000000,0.0000000,0,0,0,0,758361721604916
2515,3773542339,1000,1546,1546,2.3715343,-0.00160,-1,-1,-1,0,0,0,136,1,1,0,0.0000000,0.0000000,0.0000000,0,0,0,0,758361722576041
2516,3773543339,1000,1546,1546,2.3715343,-0.00153,-1,-1,-1,0,0,0,136,1,1,0,0.0000000,0.0000000,0.0000000,0,0,0,0,758361723577958
2517,3773544339,1000,1546,1546,2.3715343,-0.00147,-1,-1,-1,0,0,0,136,1,1,0,0.0000000,0.0000000,0.0000000,0,0,0,0,758361724565375
2518,3773545339,1000,1546,1546,2.3715343,-0.00142,-1,-1,-1,0,0,0,136,1,1,0,0.0000000,0.0000000,0.0000000,0,0,0,0,758361725572375
2519,3773546339,1000,1546,1546,2.3715343,-0.00136,-1,-1,-1,0,0,0,136,1,1,0,0.0000000,0.0000000,0.0000000,0,0,0,0,758361726591458
2520,3773547339,1000,1546,1546,2.3715343,-0.00131,-1,-1,-1,0,0,0,136,1,1,0,0.0000000,0.0000000,0.0000000,0,0,0,0,758361727564541
2521,3773548339,1000,1546,1546,2.3715343,-0.00126,-1,-1,-1,0,0,0,136,1,1,0,0.0000000,0.0000000,0.0000000,0,0,0,0,758361728787666
2522,3773549339,1000,1547,1547,2.3730683,0.05894,-1,-1,-1,0,0,0,136,1,1,0,0.0000000,0.0000000,0.0000000,0,0,0,0,758361729804166
2523,3773550339,1000,1546,1546,2.3715343,-0.00352,-1,-1,-1,0,0,0,136,1,1,0,0.0000000,0.0000000,0.0000000,0,0,0,0,758361730698583
2524,3773551339,1000,1546,1546,2.3715343,-0.00338,-1,-1,-1,0,0,0,136,1,1,0,0.0000000,0.0000000,0.0000000,0,0,0,0,758361731556541
2525,3773552339,1000,1546,1546,2.3715343,-0.00325,39,126,2094,0,0,0,136,1,1,0,0.0000000,0.0000000,0.0000000,0,0,0,0,758361733115375
2526,3773553339,1000,1546,1546,2.3715343,-0.00312,-1,-1,-1,0,0,0,136,1,1,0,0.0000000,0.0000000,0.0000000,0,0,0,0,758361733779083
2527,3773554339,1000,1546,1546,2.3715343,-0.00300,-1,-1,-1,0,0,0,136,1,1,0,0.0000000,0.0000000,0.0000000,0,0,0,0,758361734612250
2528,3773555339,1000,1546,1546,2.3715343,-0.00288,-1,-1,-1,0,0,0,136,1,1,0,0.0000000,0.0000000,0.0000000,0,0,0,0,758361735579000
2529,3773556339,1000,1546,1546,2.3715343,-0.00277,-1,-1,-1,0,0,0,136,1,1,0,0.0000000,0.0000000,0.0000000,0,0,0,0,758361736617166
2530,3773557339,1000,1546,1546,2.3715343,-0.00266,-1,-1,-1,0,0,0,136,1,1,0,0.0000000,0.0000000,0.0000000,0,0,0,0,758361737587708
2531,3773558339,1000,1546,1546,2.3715343,-0.00255,-1,-1,-1,0,0,0,136,1,1,0,0.0000000,0.0000000,0.0000000,0,0,0,0,758361738589458
2532,3773559339,1000,1546,1546,2.3715343,-0.00245,-1,-1,-1,0,0,0,136,1,1,0,0.0000000,0.0000000,0.0000000,0,0,0,0,758361739584208
2533,3773560339,1000,1546,1546,2.3715343,-0.00236,-1,-1,-1,0,0,0,136,1,1,0,0.0000000,0.0000000,0.0000000,0,0,0,0,758361740572083
2534,3773561339,1000,1546,1546,2.3715343,-0.00227,-1,-1,-1,0,0,0,136,1,1,0,0.0000000,0.0000000,0.0000000,0,0,0,0,758361741567125
2535,3773562339,1000,1546,1546,2.3715343,-0.00218,-1,-1,-1,0,0,0,136,1,1,0,0.0000000,0.0000000,0.0000000,0,0,0,0,758361742578625
2536,3773563339,1000,1546,1546,2.3715343,-0.00209,-1,-1,-1,0,0,0,136,1,1,0,0.0000000,0.0000000,0.0000000,0,0,0,0,758361743572541
2537,3773564339,1000,1546,1546,2.3715343,-0.00201,-1,-1,-1,0,0,0,136,1,1,0,0.0000000,0.0000000,0.0000000,0,0,0,0,758361744576708
2538,3773565339,1000,1546,1546,2.3715343,-0.00193,-1,-1,-1,0,0,0,136,1,1,0,0.0000000,0.0000000,0.0000000,0,0,0,0,758361745572500
2539,3773566339,1000,1547,1547,2.3730683,0.05829,-1,-1,-1,0,0,0,136,1,1,0,0.0000000,0.0000000,0.0000000,0,0,0,0,758361746573541
2540,3773567339,1000,1546,1546,2.3715343,-0.00414,-1,-1,-1,0,0,0,136,1,1,0,0.0000000,0.0000000,0.0000000,0,0,0,0,758361747574875
2541,3773568339,1000,1546,1546,2.3715343,-0.00398,-1,-1,-1,0,0,0,136,1,1,0,0.0000000,0.0000000,0.0000000,0,0,0,0,758361748570791
2542,3773569339,1000,1546,1546,2.3715343,-0.00382,-1,-1,-1,0,0,0,136,1,1,0,0.0000000,0.0000000,0.0000000,0,0,0,0,758361749570500
2543,3773570339,1000,1546,1546,2.3715343,-0.00367,-1,-1,-1,0,0,0,136,1,1,0,0.0000000,0.0000000,0.0000000,0,0,0,0,758361750591500
2544,3773571339,1000,1546,1546,2.3715343,-0.00353,-1,-1,-1,0,0,0,136,1,1,0,0.0000000,0.0000000,0.0000000,0,0,0,0,758361751584833
2545,3773572339,1000,1546,1546,2.3715343,-0.00339,-1,-1,-1,0,0,0,136,1,1,0,0.0000000,0.0000000,0.0000000,0,0,0,0,758361752591875
2546,3773573339,1000,1547,1547,2.3730683,0.05689,-1,-1,-1,0,0,0,136,1,1,0,0.0000000,0.0000000,0.0000000,0,0,0,0,758361753625541
2547,3773574339,1000,1546,1546,2.3715343,-0.00549,-1,-1,-1,0,0,0,136,1,1,0,0.0000000,0.0000000,0.0000000,0,0,0,0,758361754605833
2548,3773575339,1000,1546,1546,2.3715343,-0.00527,-1,-1,-1,0,0,0,136,1,1,0,0.0000000,0.0000000,0.0000000,0,0,0,0,758361755575791
2549,3773576339,1000,1546,1546,2.3715343,-0.00507,-1,-1,-1,0,0,0,136,1,1,0,0.0000000,0.0000000,0.0000000,0,0,0,0,758361756560666
2550,3773577339,1000,1546,1546,2.3715343,-0.00487,-1,-1,-1,0,0,0,136,1,1,0,0.0000000,0.0000000,0.0000000,0,0,0,0,758361757557333
2551,3773578339,1000,1546,1546,2.3715343,-0.00468,-1,-1,-1,0,0,0,136,1,1,0,0.0000000,0.0000000,0.0000000,0,0,0,0,758361758571750
2552,3773579339,1000,1546,1546,2.3715343,-0.00449,-1,-1,-1,0,0,0,135,1,1,0,0.0000000,0.0000000,0.0000000,0,0,0,0,758361759578375
2553,3773580339,1000,1546,1546,2.3715343,-0.00432,-1,-1,-1,0,0,0,136,1,1,0,0.0000000,0.0000000,0.0000000,0,0,0,0,758361760560750
2554,3773581339,1000,1546,1546,2.3715343,-0.00415,-1,-1,-1,0,0,0,136,1,1,0,0.0000000,0.0000000,0.0000000,0,0,0,0,758361761565791
2555,3773582339,1000,1546,1546,2.3715343,-0.00399,-1,-1,-1,0,0,0,136,1,1,0,0.0000000,0.0000000,0.0000000,0,0,0,0,758361762561666
2556,3773583339,1000,1546,1546,2.3715343,-0.00383,-1,-1,-1,0,0,0,136,1,1,0,0.0000000,0.0000000,0.0000000,0,0,0,0,758361763565375
2557,3773584339,1000,1546,1546,2.3715343,-0.00368,-1,-1,-1,0,0,0,136,1,1,0,0.0000000,0.0000000,0.0000000,0,0,0,0,758361764570833
2558,3773585339,1000,1546,1546,2.3715343,-0.00353,-1,-1,-1,0,0,0,136,1,1,0,0.0000000,0.0000000,0.0000000,0,0,0,0,758361765567750
2559,3773586339,1000,1546,1546,2.3715343,-0.00340,-1,-1,-1,0,0,0,136,1,1,0,0.0000000,0.0000000,0.0000000,0,0,0,0,758361766603000
2560,3773587339,1000,1546,1546,2.3715343,-0.00326,-1,-1,-1,0,0,0,136,1,1,0,0.0000000,0.0000000,0.0000000,0,0,0,0,758361767568458
2561,3773588339,1000,1546,1546,2.3715343,-0.00313,-1,-1,-1,0,0,0,136,1,1,0,0.0000000,0.0000000,0.0000000,0,0,0,0,758361768605916
2562,3773589339,1000,1546,1546,2.3715343,-0.00301,-1,-1,-1,0,0,0,136,1,1,0,0.0000000,0.0000000,0.0000000,0,0,0,0,758361769592625
2563,3773590339,1000,1546,1546,2.3715343,-0.00289,-1,-1,-1,0,0,0,136,1,1,0,0.0000000,0.0000000,0.0000000,0,0,0,0,758361770643875
2564,3773591339,1000,1546,1546,2.3715343,-0.00278,-1,-1,-1,0,0,0,136,1,1,0,0.0000000,0.0000000,0.0000000,0,0,0,0,758361771603333
2565,3773592339,1000,1546,1546,2.3715343,-0.00267,-1,-1,-1,0,0,0,136,1,1,0,0.0000000,0.0000000,0.0000000,0,0,0,0,758361772582208
2566,3773593339,1000,1546,1546,2.3715343,-0.00257,-1,-1,-1,0,0,0,136,1,1,0,0.0000000,0.0000000,0.0000000,0,0,0,0,758361773583916
2567,3773594339,1000,1546,1546,2.3715343,-0.00247,-1,-1,-1,0,0,0,136,1,1,0,0.0000000,0.0000000,0.0000000,0,0,0,0,758361774570375
2568,3773595339,1000,1547,1547,2.3730683,0.05778,-1,-1,-1,0,0,0,136,1,1,0,0.0000000,0.0000000,0.0000000,0,0,0,0,758361775586000
2569,3773596339,1000,1547,1547,2.3730683,0.05551,-1,-1,-1,0,0,0,136,1,1,0,0.0000000,0.0000000,0.0000000,0,0,0,0,758361776578916
2570,3773597339,1000,1546,1546,2.3715343,-0.00681,-1,-1,-1,0,0,0,136,1,1,0,0.0000000,0.0000000,0.0000000,0,0,0,0,758361777567625
2571,3773598339,1000,1546,1546,2.3715343,-0.00654,-1,-1,-1,0,0,0,136,1,1,0,0.0000000,0.0000000,0.0000000,0,0,0,0,758361778562250
2572,3773599339,1000,1546,1546,2.3715343,-0.00629,-1,-1,-1,0,0,0,136,1,1,0,0.0000000,0.0000000,0.0000000,0,0,0,0,758361779571750
2573,3773600339,1000,1546,1546,2.3715343,-0.00604,-1,-1,-1,0,0,0,136,1,1,0,0.0000000,0.0000000,0.0000000,0,0,0,0,758361780564833
2574,3773601339,1000,1546,1546,2.3715343,-0.00580,-1,-1,-1,0,0,0,136,1,1,0,0.0000000,0.0000000,0.0000000,0,0,0,0,758361781566250
2575,3773602339,1000,1546,1546,2.3715343,-0.00558,39,126,2094,0,0,0,136,1,1,0,0.0000000,0.0000000,0.0000000,0,0,0,0,758361783010875
2576,3773603339,1000,1546,1546,2.3715343,-0.00536,-1,-1,-1,0,0,0,136,1,1,0,0.0000000,0.0000000,0.0000000,0,0,0,0,758361783650500
2577,3773604339,1000,1546,1546,2.3715343,-0.00515,-1,-1,-1,0,0,0,136,1,1,0,0.0000000,0.0000000,0.0000000,0,0,0,0,758361784572875
2578,3773605339,1000,1546,1546,2.3715343,-0.00495,-1,-1,-1,0,0,0,136,1,1,0,0.0000000,0.0000000,0.0000000,0,0,0,0,758361785599250
2579,3773606339,1000,1546,1546,2.3715343,-0.00475,-1,-1,-1,0,0,0,136,1,1,0,0.0000000,0.0000000,0.0000000,0,0,0,0,758361786706875
2580,3773607339,1000,1546,1546,2.3715343,-0.00457,-1,-1,-1,0,0,0,136,1,1,0,0.0000000,0.0000000,0.0000000,0,0,0,0,758361787846458
2581,3773608339,1000,1546,1546,2.3715343,-0.00439,-1,-1,-1,0,0,0,136,1,1,0,0.0000000,0.0000000,0.0000000,0,0,0,0,758361788813875
2582,3773609339,1000,1546,1546,2.3715343,-0.00421,-1,-1,-1,0,0,0,136,1,1,0,0.0000000,0.0000000,0.0000000,0,0,0,0,758361789741291
2583,3773610339,1000,1546,1546,2.3715343,-0.00405,-1,-1,-1,0,0,0,136,1,1,0,0.0000000,0.0000000,0.0000000,0,0,0,0,758361790561666
2584,3773611339,1000,1546,1546,2.3715343,-0.00389,-1,-1,-1,0,0,0,136,1,1,0,0.0000000,0.0000000,0.0000000,0,0,0,0,758361791566458
2585,3773612339,1000,1546,1546,2.3715343,-0.00374,-1,-1,-1,0,0,0,136,1,1,0,0.0000000,0.0000000,0.0000000,0,0,0,0,758361792567625
2586,3773613339,1000,1546,1546,2.3715343,-0.00359,-1,-1,-1,0,0,0,136,1,1,0,0.0000000,0.0000000,0.0000000,0,0,0,0,758361793581500
2587,3773614339,1000,1546,1546,2.3715343,-0.00345,-1,-1,-1,0,0,0,136,1,1,0,0.0000000,0.0000000,0.0000000,0,0,0,0,758361794567000
2588,3773615339,1000,1546,1546,2.3715343,-0.00332,-1,-1,-1,0,0,0,136,1,1,0,0.0000000,0.0000000,0.0000000,0,0,0,0,758361795564083
2589,3773616339,1000,1546,1546,2.3715343,-0.00319,-1,-1,-1,0,0,0,136,1,1,0,0.0000000,0.0000000,0.0000000,0,0,0,0,758361796557750
2590,3773617339,1000,1546,1546,2.3715343,-0.00306,-1,-1,-1,0,0,0,136,1,1,0,0.0000000,0.0000000,0.0000000,0,0,0,0,758361797559916
2591,3773618339,1000,1546,1546,2.3715343,-0.00294,-1,-1,-1,0,0,0,136,1,1,0,0.0000000,0.0000000,0.0000000,0,0,0,0,758361798566666
2592,3773619339,1000,1546,1546,2.3715343,-0.00283,-1,-1,-1,0,0,0,136,1,1,0,0.0000000,0.0000000,0.0000000,0,0,0,0,758361799567208
2593,3773620339,1000,1546,1546,2.3715343,-0.00271,-1,-1,-1,0,0,0,136,1,1,0,0.0000000,0.0000000,0.0000000,0,0,0,0,758361800572416
2594,3773621339,1000,1546,1546,2.3715343,-0.00261,-1,-1,-1,0,0,0,136,1,1,0,0.0000000,0.0000000,0.0000000,0,0,0,0,758361801622375
2595,3773622339,1000,1546,1546,2.3715343,-0.00251,-1,-1,-1,0,0,0,136,1,1,0,0.0000000,0.0000000,0.0000000,0,0,0,0,758361802573666
2596,3773623339,1000,1546,1546,2.3715343,-0.00241,-1,-1,-1,0,0,0,136,1,1,0,0.0000000,0.0000000,0.0000000,0,0,0,0,758361803616875
2597,3773624339,1000,1546,1546,2.3715343,-0.00231,-1,-1,-1,0,0,0,136,1,1,0,0.0000000,0.0000000,0.0000000,0,0,0,0,758361804591125
2598,3773625339,1000,1546,1546,2.3715343,-0.00222,-1,-1,-1,0,0,0,136,1,1,0,0.0000000,0.0000000,0.0000000,0,0,0,0,758361805591416
2599,3773626339,1000,1546,1546,2.3715343,-0.00214,-1,-1,-1,0,0,0,136,1,1,0,0.0000000,0.0000000,0.0000000,0,0,0,0,758361806590375
2600,3773627339,1000,1546,1546,2.3715343,-0.00205,-1,-1,-1,0,0,0,136,1,1,0,0.0000000,0.0000000,0.0000000,0,0,0,0,758361807564166
2601,3773628339,1000,1546,1546,2.3715343,-0.00197,-1,-1,-1,0,0,0,135,1,1,0,0.0000000,0.0000000,0.0000000,0,0,0,0,758361808570291
2602,3773629339,1000,1546,1546,2.3715343,-0.00189,-1,-1,-1,0,0,0,136,1,1,0,0.0000000,0.0000000,0.0000000,0,0,0,0,758361809571375
2603,3773630339,1000,1546,1546,2.3715343,-0.00182,-1,-1,-1,0,0,0,136,1,1,0,0.0000000,0.0000000,0.0000000,0,0,0,0,758361810563333
2604,3773631339,1000,1547,1547,2.3730683,0.05840,-1,-1,-1,0,0,0,136,1,1,0,0.0000000,0.0000000,0.0000000,0,0,0,0,758361811559875
2605,3773632339,1000,1546,1546,2.3715343,-0.00404,-1,-1,-1,0,0,0,136,1,1,0,0.0000000,0.0000000,0.0000000,0,0,0,0,758361812605291
2606,3773633339,1000,1546,1546,2.3715343,-0.00388,-1,-1,-1,0,0,0,136,1,1,0,0.0000000,0.0000000,0.0000000,0,0,0,0,758361813613375
2607,3773634339,1000,1546,1546,2.3715343,-0.00373,-1,-1,-1,0,0,0,136,1,1,0,0.0000000,0.0000000,0.0000000,0,0,0,0,758361814564125
2608,3773635339,1000,1546,1546,2.3715343,-0.00358,-1,-1,-1,0,0,0,136,1,1,0,0.0000000,0.0000000,0.0000000,0,0,0,0,758361815560291
2609,3773636339,1000,1546,1546,2.3715343,-0.00344,-1,-1,-1,0,0,0,136,1,1,0,0.0000000,0.0000000,0.0000000,0,0,0,0,758361816583166
2610,3773637339,1000,1546,1546,2.3715343,-0.00331,-1,-1,-1,0,0,0,136,1,1,0,0.0000000,0.0000000,0.0000000,0,0,0,0,758361817626583
2611,3773638339,1000,1546,1546,2.3715343,-0.00318,-1,-1,-1,0,0,0,136,1,1,0,0.0000000,0.0000000,0.0000000,0,0,0,0,758361818600291
2612,3773639339,1000,1546,1546,2.3715343,-0.00305,-1,-1,-1,0,0,0,136,1,1,0,0.0000000,0.0000000,0.0000000,0,0,0,0,758361819571833
2613,3773640339,1000,1546,1546,2.3715343,-0.00293,-1,-1,-1,0,0,0,136,1,1,0,0.0000000,0.0000000,0.0000000,0,0,0,0,758361820859541
2614,3773641339,1000,1546,1546,2.3715343,-0.00282,-1,-1,-1,0,0,0,136,1,1,0,0.0000000,0.0000000,0.0000000,0,0,0,0,758361821829208
2615,3773642339,1000,1546,1546,2.3715343,-0.00271,-1,-1,-1,0,0,0,136,1,1,0,0.0000000,0.0000000,0.0000000,0,0,0,0,758361822806791
2616,3773643339,1000,1546,1546,2.3715343,-0.00260,-1,-1,-1,0,0,0,136,1,1,0,0.0000000,0.0000000,0.0000000,0,0,0,0,758361823653791
2617,3773644339,1000,1546,1546,2.3715343,-0.00250,-1,-1,-1,0,0,0,136,1,1,0,0.0000000,0.0000000,0.0000000,0,0,0,0,758361824564708
2618,3773645339,1000,1546,1546,2.3715343,-0.00240,-1,-1,-1,0,0,0,136,1,1,0,0.0000000,0.0000000,0.0000000,0,0,0,0,758361825571500
2619,3773646339,1000,1546,1546,2.3715343,-0.00231,-1,-1,-1,0,0,0,136,1,1,0,0.0000000,0.0000000,0.0000000,0,0,0,0,758361826568125
2620,3773647339,1000,1546,1546,2.3715343,-0.00222,-1,-1,-1,0,0,0,136,1,1,0,0.0000000,0.0000000,0.0000000,0,0,0,0,758361827560166
2621,3773648339,1000,1546,1546,2.3715343,-0.00213,-1,-1,-1,0,0,0,136,1,1,0,0.0000000,0.0000000,0.0000000,0,0,0,0,758361828573708
2622,3773649339,1000,1546,1546,2.3715343,-0.00205,-1,-1,-1,0,0,0,136,1,1,0,0.0000000,0.0000000,0.0000000,0,0,0,0,758361829574083
2623,3773650339,1000,1546,1546,2.3715343,-0.00197,-1,-1,-1,0,0,0,136,1,1,0,0.0000000,0.0000000,0.0000000,0,0,0,0,758361830559666
2624,3773651339,1000,1546,1546,2.3715343,-0.00189,-1,-1,-1,0,0,0,136,1,1,0,0.0000000,0.0000000,0.0000000,0,0,0,0,758361831560000
2625,3773652339,1000,1546,1546,2.3715343,-0.00181,39,126,2095,0,0,0,136,1,1,0,0.0000000,0.0000000,0.0000000,0,0,0,0,758361832960833
2626,3773653339,1000,1546,1546,2.3715343,-0.00174,-1,-1,-1,0,0,0,136,1,1,0,0.0000000,0.0000000,0.0000000,0,0,0,0,758361833834458
2627,3773654339,1000,1546,1546,2.3715343,-0.00167,-1,-1,-1,0,0,0,136,1,1,0,0.0000000,0.0000000,0.0000000,0,0,0,0,758361834613916
2628,3773655339,1000,1546,1546,2.3715343,-0.00161,-1,-1,-1,0,0,0,136,1,1,0,0.0000000,0.0000000,0.0000000,0,0,0,0,758361835576916
2629,3773656339,1000,1546,1546,2.3715343,-0.00155,-1,-1,-1,0,0,0,136,1,1,0,0.0000000,0.0000000,0.0000000,0,0,0,0,758361836590125
2630,3773657339,1000,1546,1546,2.3715343,-0.00149,-1,-1,-1,0,0,0,136,1,1,0,0.0000000,0.0000000,0.0000000,0,0,0,0,758361837565583
2631,3773658339,1000,1546,1546,2.3715343,-0.00143,-1,-1,-1,0,0,0,136,1,1,0,0.0000000,0.0000000,0.0000000,0,0,0,0,758361838687416
2632,3773659339,1000,1546,1546,2.3715343,-0.00137,-1,-1,-1,0,0,0,136,1,1,0,0.0000000,0.0000000,0.0000000,0,0,0,0,758361839568458
2633,3773660339,1000,1546,1546,2.3715343,-0.00132,-1,-1,-1,0,0,0,136,1,1,0,0.0000000,0.0000000,0.0000000,0,0,0,0,758361840560708
2634,3773661339,1000,1546,1546,2.3715343,-0.00127,-1,-1,-1,0,0,0,136,1,1,0,0.0000000,0.0000000,0.0000000,0,0,0,0,758361841583333
2635,3773662339,1000,1546,1546,2.3715343,-0.00122,-1,-1,-1,0,0,0,136,1,1,0,0.0000000,0.0000000,0.0000000,0,0,0,0,758361842572916
2636,3773663339,1000,1546,1546,2.3715343,-0.00117,-1,-1,-1,0,0,0,136,1,1,0,0.0000000,0.0000000,0.0000000,0,0,0,0,758361843558333
2637,3773664339,1000,1546,1546,2.3715343,-0.00112,-1,-1,-1,0,0,0,136,1,1,0,0.0000000,0.0000000,0.0000000,0,0,0,0,758361844568416
2638,3773665339,1000,1546,1546,2.3715343,-0.00108,-1,-1,-1,0,0,0,136,1,1,0,0.0000000,0.0000000,0.0000000,0,0,0,0,758361845573208
2639,3773666339,1000,1546,1546,2.3715343,-0.00104,-1,-1,-1,0,0,0,136,1,1,0,0.0000000,0.0000000,0.0000000,0,0,0,0,758361846573541
2640,3773667339,1000,1546,1546,2.3715343,-0.00100,-1,-1,-1,0,0,0,136,1,1,0,0.0000000,0.0000000,0.0000000,0,0,0,0,758361847570083
2641,3773668339,1000,1546,1546,2.3715343,-0.00096,-1,-1,-1,0,0,0,136,1,1,0,0.0000000,0.0000000,0.0000000,0,0,0,0,758361848570666
2642,3773669339,1000,1546,1546,2.3715343,-0.00092,-1,-1,-1,0,0,0,136,1,1,0,0.0000000,0.0000000,0.0000000,0,0,0,0,758361849603291
2643,3773670339,1000,1546,1546,2.3715343,-0.00088,-1,-1,-1,0,0,0,135,1,1,0,0.0000000,0.0000000,0.0000000,0,0,0,0,758361850585083
2644,3773671339,1000,1546,1546,2.3715343,-0.00085,-1,-1,-1,0,0,0,136,1,1,0,0.0000000,0.0000000,0.0000000,0,0,0,0,758361851610250
2645,3773672339,1000,1546,1546,2.3715343,-0.00082,-1,-1,-1,0,0,0,136,1,1,0,0.0000000,0.0000000,0.0000000,0,0,0,0,758361852598916
2646,3773673339,1000,1546,1546,2.3715343,-0.00078,-1,-1,-1,0,0,0,136,1,1,0,0.0000000,0.0000000,0.0000000,0,0,0,0,758361853597166
2647,3773674339,1000,1546,1546,2.3715343,-0.00075,-1,-1,-1,0,0,0,136,1,1,0,0.0000000,0.0000000,0.0000000,0,0,0,0,758361854604333
2648,3773675339,1000,1546,1546,2.3715343,-0.00072,-1,-1,-1,0,0,0,136,1,1,0,0.0000000,0.0000000,0.0000000,0,0,0,0,758361855588916
2649,3773676339,1000,1546,1546,2.3715343,-0.00069,-1,-1,-1,0,0,0,136,1,1,0,0.0000000,0.0000000,0.0000000,0,0,0,0,758361856793875
2650,3773677339,1000,1546,1546,2.3715343,-0.00067,-1,-1,-1,0,0,0,135,1,1,0,0.0000000,0.0000000,0.0000000,0,0,0,0,758361857820000
2651,3773678339,1000,1546,1546,2.3715343,-0.00064,-1,-1,-1,0,0,0,136,1,1,0,0.0000000,0.0000000,0.0000000,0,0,0,0,758361858767916
2652,3773679339,1000,1547,1547,2.3730683,0.05953,-1,-1,-1,0,0,0,136,1,1,0,0.0000000,0.0000000,0.0000000,0,0,0,0,758361859567416
2653,3773680339,1000,1546,1546,2.3715343,-0.00295,-1,-1,-1,0,0,0,136,1,1,0,0.0000000,0.0000000,0.0000000,0,0,0,0,758361860575375
2654,3773681339,1000,1546,1546,2.3715343,-0.00283,-1,-1,-1,0,0,0,136,1,1,0,0.0000000,0.0000000,0.0000000,0,0,0,0,758361861565958
2655,3773682339,1000,1546,1546,2.3715343,-0.00272,-1,-1,-1,0,0,0,136,1,1,0,0.0000000,0.0000000,0.0000000,0,0,0,0,758361862565708
2656,3773683339,1000,1546,1546,2.3715343,-0.00262,-1,-1,-1,0,0,0,136,1,1,0,0.0000000,0.0000000,0.0000000,0,0,0,0,758361863573708
2657,3773684339,1000,1546,1546,2.3715343,-0.00251,-1,-1,-1,0,0,0,136,1,1,0,0.0000000,0.0000000,0.0000000,0,0,0,0,758361864570250
2658,3773685339,1000,1546,1546,2.3715343,-0.00242,-1,-1,-1,0,0,0,136,1,1,0,0.0000000,0.0000000,0.0000000,0,0,0,0,758361865596583
2659,3773686339,1000,1546,1546,2.3715343,-0.00232,-1,-1,-1,0,0,0,136,1,1,0,0.0000000,0.0000000,0.0000000,0,0,0,0,758361866604458
2660,3773687339,1000,1546,1546,2.3715343,-0.00223,-1,-1,-1,0,0,0,136,1,1,0,0.0000000,0.0000000,0.0000000,0,0,0,0,758361867572541
2661,3773688339,1000,1546,1546,2.3715343,-0.00214,-1,-1,-1,0,0,0,136,1,1,0,0.0000000,0.0000000,0.0000000,0,0,0,0,758361868606125
2662,3773689339,1000,1546,1546,2.3715343,-0.00206,-1,-1,-1,0,0,0,136,1,1,0,0.0000000,0.0000000,0.0000000,0,0,0,0,758361869537333
2663,3773690339,1000,1546,1546,2.3715343,-0.00198,-1,-1,-1,0,0,0,136,1,1,0,0.0000000,0.0000000,0.0000000,0,0,0,0,758361870509541
2664,3773691339,1000,1546,1546,2.3715343,-0.00190,-1,-1,-1,0,0,0,136,1,1,0,0.0000000,0.0000000,0.0000000,0,0,0,0,758361871603208
2665,3773692339,1000,1546,1546,2.3715343,-0.00183,-1,-1,-1,0,0,0,136,1,1,0,0.0000000,0.0000000,0.0000000,0,0,0,0,758361872590958
2666,3773693339,1000,1546,1546,2.3715343,-0.00175,-1,-1,-1,0,0,0,136,1,1,0,0.0000000,0.0000000,0.0000000,0,0,0,0,758361873581500
2667,3773694339,1000,1546,1546,2.3715343,-0.00169,-1,-1,-1,0,0,0,136,1,1,0,0.0000000,0.0000000,0.0000000,0,0,0,0,758361874578083
2668,3773695339,1000,1546,1546,2.3715343,-0.00162,-1,-1,-1,0,0,0,136,1,1,0,0.0000000,0.0000000,0.0000000,0,0,0,0,758361875567041
2669,3773696339,1000,1546,1546,2.3715343,-0.00156,-1,-1,-1,0,0,0,136,1,1,0,0.0000000,0.0000000,0.0000000,0,0,0,0,758361876572250
2670,3773697339,1000,1546,1546,2.3715343,-0.00149,-1,-1,-1,0,0,0,136,1,1,0,0.0000000,0.0000000,0.0000000,0,0,0,0,758361877559958
2671,3773698339,1000,1546,1546,2.3715343,-0.00144,-1,-1,-1,0,0,0,136,1,1,0,0.0000000,0.0000000,0.0000000,0,0,0,0,758361878570916
2672,3773699339,1000,1546,1546,2.3715343,-0.00138,-1,-1,-1,0,0,0,136,1,1,0,0.0000000,0.0000000,0.0000000,0,0,0,0,758361879569500
2673,3773700339,1000,1546,1546,2.3715343,-0.00133,-1,-1,-1,0,0,0,136,1,1,0,0.0000000,0.0000000,0.0000000,0,0,0,0,758361880615916
2674,3773701339,1000,1546,1546,2.3715343,-0.00127,-1,-1,-1,0,0,0,136,1,1,0,0.0000000,0.0000000,0.0000000,0,0,0,0,758361881631916
2675,3773702339,1000,1546,1546,2.3715343,-0.00122,39,126,2095,0,0,0,136,1,1,0,0.0000000,0.0000000,0.0000000,0,0,0,0,758361882974750
2676,3773703339,1000,1546,1546,2.3715343,-0.00118,-1,-1,-1,0,0,0,136,1,1,0,0.0000000,0.0000000,0.0000000,0,0,0,0,758361883640416
2677,3773704339,1000,1546,1546,2.3715343,-0.00113,-1,-1,-1,0,0,0,136,1,1,0,0.0000000,0.0000000,0.0000000,0,0,0,0,758361884613333
2678,3773705339,1000,1546,1546,2.3715343,-0.00109,-1,-1,-1,0,0,0,136,1,1,0,0.0000000,0.0000000,0.0000000,0,0,0,0,758361885571875
2679,3773706339,1000,1546,1546,2.3715343,-0.00104,-1,-1,-1,0,0,0,136,1,1,0,0.0000000,0.0000000,0.0000000,0,0,0,0,758361886593083
2680,3773707339,1000,1546,1546,2.3715343,-0.00100,-1,-1,-1,0,0,0,136,1,1,0,0.0000000,0.0000000,0.0000000,0,0,0,0,758361887799208
2681,3773708339,1000,1546,1546,2.3715343,-0.00096,-1,-1,-1,0,0,0,136,1,1,0,0.0000000,0.0000000,0.0000000,0,0,0,0,758361888833875
2682,3773709339,1000,1546,1546,2.3715343,-0.00092,-1,-1,-1,0,0,0,136,1,1,0,0.0000000,0.0000000,0.0000000,0,0,0,0,758361889814916
2683,3773710339,1000,1547,1547,2.3730683,0.05926,-1,-1,-1,0,0,0,136,1,1,0,0.0000000,0.0000000,0.0000000,0,0,0,0,758361890670083
2684,3773711339,1000,1546,1546,2.3715343,-0.00321,-1,-1,-1,0,0,0,136,1,1,0,0.0000000,0.0000000,0.0000000,0,0,0,0,758361891562541
2685,3773712339,1000,1546,1546,2.3715343,-0.00309,-1,-1,-1,0,0,0,136,1,1,0,0.0000000,0.0000000,0.0000000,0,0,0,0,758361892567500
2686,3773713339,1000,1546,1546,2.3715343,-0.00297,-1,-1,-1,0,0,0,136,1,1,0,0.0000000,0.0000000,0.0000000,0,0,0,0,758361893568250
2687,3773714339,1000,1546,1546,2.3715343,-0.00285,-1,-1,-1,0,0,0,136,1,1,0,0.0000000,0.0000000,0.0000000,0,0,0,0,758361894567208
2688,3773715339,1000,1546,1546,2.3715343,-0.00274,-1,-1,-1,0,0,0,136,1,1,0,0.0000000,0.0000000,0.0000000,0,0,0,0,758361895567375
2689,3773716339,1000,1546,1546,2.3715343,-0.00263,-1,-1,-1,0,0,0,136,1,1,0,0.0000000,0.0000000,0.0000000,0,0,0,0,758361896559000
2690,3773717339,1000,1546,1546,2.3715343,-0.00253,-1,-1,-1,0,0,0,136,1,1,0,0.0000000,0.0000000,0.0000000,0,0,0,0,758361897595500
2691,3773718339,1000,1546,1546,2.3715343,-0.00243,-1,-1,-1,0,0,0,136,1,1,0,0.0000000,0.0000000,0.0000000,0,0,0,0,758361898567541
2692,3773719339,1000,1546,1546,2.3715343,-0.00233,-1,-1,-1,0,0,0,136,1,1,0,0.0000000,0.0000000,0.0000000,0,0,0,0,758361899570916
2693,3773720339,1000,1547,1547,2.3730683,0.05791,-1,-1,-1,0,0,0,136,1,1,0,0.0000000,0.0000000,0.0000000,0,0,0,0,758361900563958
2694,3773721339,1000,1546,1546,2.3715343,-0.00451,-1,-1,-1,0,0,0,136,1,1,0,0.0000000,0.0000000,0.0000000,0,0,0,0,758361901581875
2695,3773722339,1000,1546,1546,2.3715343,-0.00433,-1,-1,-1,0,0,0,136,1,1,0,0.0000000,0.0000000,0.0000000,0,0,0,0,758361902556708
2696,3773723339,1000,1546,1546,2.3715343,-0.00416,-1,-1,-1,0,0,0,136,1,1,0,0.0000000,0.0000000,0.0000000,0,0,0,0,758361903529041
2697,3773724339,1000,1546,1546,2.3715343,-0.00400,-1,-1,-1,0,0,0,136,1,1,0,0.0000000,0.0000000,0.0000000,0,0,0,0,758361904441166
2698,3773725339,1000,1546,1546,2.3715343,-0.00384,-1,-1,-1,0,0,0,136,1,1,0,0.0000000,0.0000000,0.0000000,0,0,0,0,758361905452375
2699,3773726339,1000,1546,1546,2.3715343,-0.00369,-1,-1,-1,0,0,0,136,1,1,0,0.0000000,0.0000000,0.0000000,0,0,0,0,758361906572625
2700,3773727339,1000,1546,1546,2.3715343,-0.00355,-1,-1,-1,0,0,0,136,1,1,0,0.0000000,0.0000000,0.0000000,0,0,0,0,758361907570208
2701,3773728339,1000,1546,1546,2.3715343,-0.00341,-1,-1,-1,0,0,0,136,1,1,0,0.0000000,0.0000000,0.0000000,0,0,0,0,758361908577583
2702,3773729339,1000,1546,1546,2.3715343,-0.00328,-1,-1,-1,0,0,0,136,1,1,0,0.0000000,0.0000000,0.0000000,0,0,0,0,758361909560833
2703,3773730339,1000,1546,1546,2.3715343,-0.00315,-1,-1,-1,0,0,0,136,1,1,0,0.0000000,0.0000000,0.0000000,0,0,0,0,758361910560333
2704,3773731339,1000,1546,1546,2.3715343,-0.00302,-1,-1,-1,0,0,0,136,1,1,0,0.0000000,0.0000000,0.0000000,0,0,0,0,758361911554708
2705,3773732339,1000,1546,1546,2.3715343,-0.00291,-1,-1,-1,0,0,0,136,1,1,0,0.0000000,0.0000000,0.0000000,0,0,0,0,758361912557625
2706,3773733339,1000,1546,1546,2.3715343,-0.00279,-1,-1,-1,0,0,0,136,1,1,0,0.0000000,0.0000000,0.0000000,0,0,0,0,758361913588125
2707,3773734339,1000,1546,1546,2.3715343,-0.00268,-1,-1,-1,0,0,0,136,1,1,0,0.0000000,0.0000000,0.0000000,0,0,0,0,758361914586625
2708,3773735339,1000,1546,1546,2.3715343,-0.00258,-1,-1,-1,0,0,0,136,1,1,0,0.0000000,0.0000000,0.0000000,0,0,0,0,758361915560875
2709,3773736339,1000,1546,1546,2.3715343,-0.00248,-1,-1,-1,0,0,0,136,1,1,0,0.0000000,0.0000000,0.0000000,0,0,0,0,758361916675375
2710,3773737339,1000,1546,1546,2.3715343,-0.00238,-1,-1,-1,0,0,0,136,1,1,0,0.0000000,0.0000000,0.0000000,0,0,0,0,758361917805291
2711,3773738339,1000,1546,1546,2.3715343,-0.00229,-1,-1,-1,0,0,0,136,1,1,0,0.0000000,0.0000000,0.0000000,0,0,0,0,758361918616041
2712,3773739339,1000,1546,1546,2.3715343,-0.00220,-1,-1,-1,0,0,0,136,1,1,0,0.0000000,0.0000000,0.0000000,0,0,0,0,758361919585208
2713,3773740339,1000,1547,1547,2.3730683,0.05804,-1,-1,-1,0,0,0,136,1,1,0,0.0000000,0.0000000,0.0000000,0,0,0,0,758361920561916
2714,3773741339,1000,1546,1546,2.3715343,-0.00439,-1,-1,-1,0,0,0,136,1,1,0,0.0000000,0.0000000,0.0000000,0,0,0,0,758361921587208
2715,3773742342,1003,1546,1546,2.3715343,-0.00421,-1,-1,-1,0,0,0,136,1,1,0,0.0000000,0.0000000,0.0000000,0,0,0,0,758361922580541
2716,3773743339,997,1546,1546,2.3715343,-0.00405,-1,-1,-1,0,0,0,136,1,1,0,0.0000000,0.0000000,0.0000000,0,0,0,0,758361923575541
2717,3773744339,1000,1546,1546,2.3715343,-0.00389,-1,-1,-1,0,0,0,136,1,1,0,0.0000000,0.0000000,0.0000000,0,0,0,0,758361924576416
2718,3773745339,1000,1547,1547,2.3730683,0.05641,-1,-1,-1,0,0,0,136,1,1,0,0.0000000,0.0000000,0.0000000,0,0,0,0,758361925566000
2719,3773746339,1000,1546,1546,2.3715343,-0.00595,-1,-1,-1,0,0,0,136,1,1,0,0.0000000,0.0000000,0.0000000,0,0,0,0,758361926564625
2720,3773747339,1000,1546,1546,2.3715343,-0.00572,-1,-1,-1,0,0,0,136,1,1,0,0.0000000,0.0000000,0.0000000,0,0,0,0,758361927565250
2721,3773748339,1000,1546,1546,2.3715343,-0.00549,-1,-1,-1,0,0,0,136,1,1,0,0.0000000,0.0000000,0.0000000,0,0,0,0,758361928567541
2722,3773749339,1000,1546,1546,2.3715343,-0.00528,-1,-1,-1,0,0,0,136,1,1,0,0.0000000,0.0000000,0.0000000,0,0,0,0,758361929580500
2723,3773750339,1000,1546,1546,2.3715343,-0.00507,-1,-1,-1,0,0,0,136,1,1,0,0.0000000,0.0000000,0.0000000,0,0,0,0,758361930554125
2724,3773751339,1000,1546,1546,2.3715343,-0.00487,-1,-1,-1,0,0,0,136,1,1,0,0.0000000,0.0000000,0.0000000,0,0,0,0,758361931566583
2725,3773752339,1000,1546,1546,2.3715343,-0.00468,39,126,2095,0,0,0,136,1,1,0,0.0000000,0.0000000,0.0000000,0,0,0,0,758361933018250
2726,3773753339,1000,1546,1546,2.3715343,-0.00450,-1,-1,-1,0,0,0,136,1,1,0,0.0000000,0.0000000,0.0000000,0,0,0,0,758361933658583
2727,3773754339,1000,1546,1546,2.3715343,-0.00432,-1,-1,-1,0,0,0,136,1,1,0,0.0000000,0.0000000,0.0000000,0,0,0,0,758361934614500
2728,3773755339,1000,1546,1546,2.3715343,-0.00415,-1,-1,-1,0,0,0,136,1,1,0,0.0000000,0.0000000,0.0000000,0,0,0,0,758361935465208
2729,3773756339,1000,1546,1546,2.3715343,-0.00399,-1,-1,-1,0,0,0,136,1,1,0,0.0000000,0.0000000,0.0000000,0,0,0,0,758361936586916
2730,3773757339,1000,1546,1546,2.3715343,-0.00383,-1,-1,-1,0,0,0,136,1,1,0,0.0000000,0.0000000,0.0000000,0,0,0,0,758361937563500
2731,3773758339,1000,1546,1546,2.3715343,-0.00368,-1,-1,-1,0,0,0,136,1,1,0,0.0000000,0.0000000,0.0000000,0,0,0,0,758361938604625
2732,3773759339,1000,1546,1546,2.3715343,-0.00354,-1,-1,-1,0,0,0,136,1,1,0,0.0000000,0.0000000,0.0000000,0,0,0,0,758361939575000
2733,3773760339,1000,1546,1546,2.3715343,-0.00340,-1,-1,-1,0,0,0,136,1,1,0,0.0000000,0.0000000,0.0000000,0,0,0,0,758361940585333
2734,3773761339,1000,1546,1546,2.3715343,-0.00326,-1,-1,-1,0,0,0,136,1,1,0,0.0000000,0.0000000,0.0000000,0,0,0,0,758361941565791
2735,3773762339,1000,1546,1546,2.3715343,-0.00314,-1,-1,-1,0,0,0,136,1,1,0,0.0000000,0.0000000,0.0000000,0,0,0,0,758361942566333
2736,3773763339,1000,1546,1546,2.3715343,-0.00301,-1,-1,-1,0,0,0,136,1,1,0,0.0000000,0.0000000,0.0000000,0,0,0,0,758361943587500
2737,3773764339,1000,1546,1546,2.3715343,-0.00290,-1,-1,-1,0,0,0,136,1,1,0,0.0000000,0.0000000,0.0000000,0,0,0,0,758361944567916
2738,3773765339,1000,1546,1546,2.3715343,-0.00278,-1,-1,-1,0,0,0,136,1,1,0,0.0000000,0.0000000,0.0000000,0,0,0,0,758361945567041
2739,3773766339,1000,1546,1546,2.3715343,-0.00267,-1,-1,-1,0,0,0,136,1,1,0,0.0000000,0.0000000,0.0000000,0,0,0,0,758361946566250
2740,3773767339,1000,1546,1546,2.3715343,-0.00257,-1,-1,-1,0,0,0,136,1,1,0,0.0000000,0.0000000,0.0000000,0,0,0,0,758361947564583
2741,3773768339,1000,1546,1546,2.3715343,-0.00247,-1,-1,-1,0,0,0,136,1,1,0,0.0000000,0.0000000,0.0000000,0,0,0,0,758361948569250
2742,3773769339,1000,1546,1546,2.3715343,-0.00237,-1,-1,-1,0,0,0,136,1,1,0,0.0000000,0.0000000,0.0000000,0,0,0,0,758361949569291
2743,3773770339,1000,1546,1546,2.3715343,-0.00228,-1,-1,-1,0,0,0,136,1,1,0,0.0000000,0.0000000,0.0000000,0,0,0,0,758361950689333
2744,3773771339,1000,1546,1546,2.3715343,-0.00219,-1,-1,-1,0,0,0,136,1,1,0,0.0000000,0.0000000,0.0000000,0,0,0,0,758361951830500
2745,3773772339,1000,1546,1546,2.3715343,-0.00210,-1,-1,-1,0,0,0,136,1,1,0,0.0000000,0.0000000,0.0000000,0,0,0,0,758361952806708
2746,3773773339,1000,1546,1546,2.3715343,-0.00202,-1,-1,-1,0,0,0,136,1,1,0,0.0000000,0.0000000,0.0000000,0,0,0,0,758361953745458
2747,3773774339,1000,1546,1546,2.3715343,-0.00194,-1,-1,-1,0,0,0,136,1,1,0,0.0000000,0.0000000,0.0000000,0,0,0,0,758361954593166
2748,3773775339,1000,1546,1546,2.3715343,-0.00186,-1,-1,-1,0,0,0,136,1,1,0,0.0000000,0.0000000,0.0000000,0,0,0,0,758361955635166
2749,3773776339,1000,1546,1546,2.3715343,-0.00179,-1,-1,-1,0,0,0,136,1,1,0,0.0000000,0.0000000,0.0000000,0,0,0,0,758361956565291
2750,3773777339,1000,1546,1546,2.3715343,-0.00172,-1,-1,-1,0,0,0,136,1,1,0,0.0000000,0.0000000,0.0000000,0,0,0,0,758361957570416
2751,3773778339,1000,1546,1546,2.3715343,-0.00165,-1,-1,-1,0,0,0,136,1,1,0,0.0000000,0.0000000,0.0000000,0,0,0,0,758361958580541
2752,3773779339,1000,1546,1546,2.3715343,-0.00159,-1,-1,-1,0,0,0,136,1,1,0,0.0000000,0.0000000,0.0000000,0,0,0,0,758361959591666
2753,3773780339,1000,1546,1546,2.3715343,-0.00153,-1,-1,-1,0,0,0,136,1,1,0,0.0000000,0.0000000,0.0000000,0,0,0,0,758361960559375
2754,3773781339,1000,1546,1546,2.3715343,-0.00147,-1,-1,-1,0,0,0,136,1,1,0,0.0000000,0.0000000,0.0000000,0,0,0,0,758361961566916
2755,3773782339,1000,1546,1546,2.3715343,-0.00141,-1,-1,-1,0,0,0,135,1,1,0,0.0000000,0.0000000,0.0000000,0,0,0,0,758361962553083
2756,3773783339,1000,1546,1546,2.3715343,-0.00135,-1,-1,-1,0,0,0,136,1,1,0,0.0000000,0.0000000,0.0000000,0,0,0,0,758361963569583
2757,3773784339,1000,1547,1547,2.3730683,0.05885,-1,-1,-1,0,0,0,136,1,1,0,0.0000000,0.0000000,0.0000000,0,0,0,0,758361964561791
2758,3773785339,1000,1546,1546,2.3715343,-0.00361,-1,-1,-1,0,0,0,136,1,1,0,0.0000000,0.0000000,0.0000000,0,0,0,0,758361965563500
2759,3773786339,1000,1546,1546,2.3715343,-0.00347,-1,-1,-1,0,0,0,136,1,1,0,0.0000000,0.0000000,0.0000000,0,0,0,0,758361966629208
2760,3773787339,1000,1546,1546,2.3715343,-0.00333,-1,-1,-1,0,0,0,136,1,1,0,0.0000000,0.0000000,0.0000000,0,0,0,0,758361967589500
2761,3773788339,1000,1546,1546,2.3715343,-0.00320,-1,-1,-1,0,0,0,136,1,1,0,0.0000000,0.0000000,0.0000000,0,0,0,0,758361968558000
2762,3773789339,1000,1546,1546,2.3715343,-0.00308,-1,-1,-1,0,0,0,136,1,1,0,0.0000000,0.0000000,0.0000000,0,0,0,0,758361969569958
2763,3773790339,1000,1546,1546,2.3715343,-0.00295,-1,-1,-1,0,0,0,136,1,1,0,0.0000000,0.0000000,0.0000000,0,0,0,0,758361970589416
2764,3773791339,1000,1546,1546,2.3715343,-0.00284,-1,-1,-1,0,0,0,136,1,1,0,0.0000000,0.0000000,0.0000000,0,0,0,0,758361971581041
2765,3773792339,1000,1546,1546,2.3715343,-0.00273,-1,-1,-1,0,0,0,136,1,1,0,0.0000000,0.0000000,0.0000000,0,0,0,0,758361972597791
2766,3773793339,1000,1546,1546,2.3715343,-0.00262,-1,-1,-1,0,0,0,136,1,1,0,0.0000000,0.0000000,0.0000000,0,0,0,0,758361973576875
2767,3773794339,1000,1546,1546,2.3715343,-0.00252,-1,-1,-1,0,0,0,136,1,1,0,0.0000000,0.0000000,0.0000000,0,0,0,0,758361974562208
2768,3773795339,1000,1547,1547,2.3730683,0.05773,-1,-1,-1,0,0,0,136,1,1,0,0.0000000,0.0000000,0.0000000,0,0,0,0,758361975481250
2769,3773796339,1000,1546,1546,2.3715343,-0.00468,-1,-1,-1,0,0,0,136,1,1,0,0.0000000,0.0000000,0.0000000,0,0,0,0,758361976408000
2770,3773797339,1000,1546,1546,2.3715343,-0.00450,-1,-1,-1,0,0,0,136,1,1,0,0.0000000,0.0000000,0.0000000,0,0,0,0,758361977572833
2771,3773798339,1000,1546,1546,2.3715343,-0.00432,-1,-1,-1,0,0,0,136,1,1,0,0.0000000,0.0000000,0.0000000,0,0,0,0,758361978565958
2772,3773799339,1000,1546,1546,2.3715343,-0.00415,-1,-1,-1,0,0,0,136,1,1,0,0.0000000,0.0000000,0.0000000,0,0,0,0,758361979569583
2773,3773800339,1000,1546,1546,2.3715343,-0.00399,-1,-1,-1,0,0,0,136,1,1,0,0.0000000,0.0000000,0.0000000,0,0,0,0,758361980778750
2774,3773801339,1000,1546,1546,2.3715343,-0.00383,-1,-1,-1,0,0,0,136,1,1,0,0.0000000,0.0000000,0.0000000,0,0,0,0,758361981789708
2775,3773802339,1000,1546,1546,2.3715343,-0.00368,39,126,2093,0,0,0,136,1,1,0,0.0000000,0.0000000,0.0000000,0,0,0,0,758361983268708
2776,3773803339,1000,1546,1546,2.3715343,-0.00354,-1,-1,-1,0,0,0,136,1,1,0,0.0000000,0.0000000,0.0000000,0,0,0,0,758361984167375
2777,3773804339,1000,1546,1546,2.3715343,-0.00340,-1,-1,-1,0,0,0,136,1,1,0,0.0000000,0.0000000,0.0000000,0,0,0,0,758361985089208
2778,3773805339,1000,1546,1546,2.3715343,-0.00327,-1,-1,-1,0,0,0,136,1,1,0,0.0000000,0.0000000,0.0000000,0,0,0,0,758361985737041
2779,3773806339,1000,1546,1546,2.3715343,-0.00314,-1,-1,-1,0,0,0,136,1,1,0,0.0000000,0.0000000,0.0000000,0,0,0,0,758361986590166
2780,3773807339,1000,1546,1546,2.3715343,-0.00302,-1,-1,-1,0,0,0,136,1,1,0,0.0000000,0.0000000,0.0000000,0,0,0,0,758361987556333
2781,3773808339,1000,1546,1546,2.3715343,-0.00290,-1,-1,-1,0,0,0,136,1,1,0,0.0000000,0.0000000,0.0000000,0,0,0,0,758361988574916
2782,3773809339,1000,1546,1546,2.3715343,-0.00278,-1,-1,-1,0,0,0,136,1,1,0,0.0000000,0.0000000,0.0000000,0,0,0,0,758361989557250
2783,3773810339,1000,1546,1546,2.3715343,-0.00267,-1,-1,-1,0,0,0,136,1,1,0,0.0000000,0.0000000,0.0000000,0,0,0,0,758361990586375
2784,3773811339,1000,1546,1546,2.3715343,-0.00257,-1,-1,-1,0,0,0,136,1,1,0,0.0000000,0.0000000,0.0000000,0,0,0,0,758361991607750
2785,3773812339,1000,1546,1546,2.3715343,-0.00247,-1,-1,-1,0,0,0,136,1,1,0,0.0000000,0.0000000,0.0000000,0,0,0,0,758361992620125
2786,3773813339,1000,1546,1546,2.3715343,-0.00237,-1,-1,-1,0,0,0,136,1,1,0,0.0000000,0.0000000,0.0000000,0,0,0,0,758361993577291
2787,3773814339,1000,1546,1546,2.3715343,-0.00228,-1,-1,-1,0,0,0,136,1,1,0,0.0000000,0.0000000,0.0000000,0,0,0,0,758361994584416
2788,3773815339,1000,1546,1546,2.3715343,-0.00219,-1,-1,-1,0,0,0,136,1,1,0,0.0000000,0.0000000,0.0000000,0,0,0,0,758361995564458
2789,3773816339,1000,1546,1546,2.3715343,-0.00210,-1,-1,-1,0,0,0,136,1,1,0,0.0000000,0.0000000,0.0000000,0,0,0,0,758361996585625
2790,3773817339,1000,1546,1546,2.3715343,-0.00202,-1,-1,-1,0,0,0,136,1,1,0,0.0000000,0.0000000,0.0000000,0,0,0,0,758361997560791
2791,3773818339,1000,1546,1546,2.3715343,-0.00194,-1,-1,-1,0,0,0,136,1,1,0,0.0000000,0.0000000,0.0000000,0,0,0,0,758361998580666
2792,3773819339,1000,1546,1546,2.3715343,-0.00187,-1,-1,-1,0,0,0,136,1,1,0,0.0000000,0.0000000,0.0000000,0,0,0,0,758361999616083
2793,3773820339,1000,1546,1546,2.3715343,-0.00179,-1,-1,-1,0,0,0,136,1,1,0,0.0000000,0.0000000,0.0000000,0,0,0,0,758362000579458
2794,3773821339,1000,1546,1546,2.3715343,-0.00172,-1,-1,-1,0,0,0,136,1,1,0,0.0000000,0.0000000,0.0000000,0,0,0,0,758362001619875
2795,3773822339,1000,1546,1546,2.3715343,-0.00166,-1,-1,-1,0,0,0,136,1,1,0,0.0000000,0.0000000,0.0000000,0,0,0,0,758362002612041
2796,3773823339,1000,1546,1546,2.3715343,-0.00159,-1,-1,-1,0,0,0,136,1,1,0,0.0000000,0.0000000,0.0000000,0,0,0,0,758362003733000
2797,3773824339,1000,1546,1546,2.3715343,-0.00153,-1,-1,-1,0,0,0,136,1,1,0,0.0000000,0.0000000,0.0000000,0,0,0,0,758362004767916
2798,3773825339,1000,1546,1546,2.3715343,-0.00147,-1,-1,-1,0,0,0,136,1,1,0,0.0000000,0.0000000,0.0000000,0,0,0,0,758362005860541
2799,3773826339,1000,1546,1546,2.3715343,-0.00141,-1,-1,-1,0,0,0,136,1,1,0,0.0000000,0.0000000,0.0000000,0,0,0,0,758362006615708
2800,3773827339,1000,1546,1546,2.3715343,-0.00136,-1,-1,-1,0,0,0,136,1,1,0,0.0000000,0.0000000,0.0000000,0,0,0,0,758362007566666
2801,3773828339,1000,1546,1546,2.3715343,-0.00130,-1,-1,-1,0,0,0,136,1,1,0,0.0000000,0.0000000,0.0000000,0,0,0,0,758362008594958
2802,3773829339,1000,1546,1546,2.3715343,-0.00125,-1,-1,-1,0,0,0,136,1,1,0,0.0000000,0.0000000,0.0000000,0,0,0,0,758362009606750
2803,3773830339,1000,1546,1546,2.3715343,-0.00120,-1,-1,-1,0,0,0,136,1,1,0,0.0000000,0.0000000,0.0000000,0,0,0,0,758362010568250
2804,3773831339,1000,1546,1546,2.3715343,-0.00115,-1,-1,-1,0,0,0,136,1,1,0,0.0000000,0.0000000,0.0000000,0,0,0,0,758362011567875
2805,3773832339,1000,1546,1546,2.3715343,-0.00111,-1,-1,-1,0,0,0,136,1,1,0,0.0000000,0.0000000,0.0000000,0,0,0,0,758362012568500
2806,3773833339,1000,1546,1546,2.3715343,-0.00107,-1,-1,-1,0,0,0,136,1,1,0,0.0000000,0.0000000,0.0000000,0,0,0,0,758362013575875
2807,3773834339,1000,1546,1546,2.3715343,-0.00102,-1,-1,-1,0,0,0,136,1,1,0,0.0000000,0.0000000,0.0000000,0,0,0,0,758362014579208
2808,3773835339,1000,1546,1546,2.3715343,-0.00098,-1,-1,-1,0,0,0,136,1,1,0,0.0000000,0.0000000,0.0000000,0,0,0,0,758362015589125
2809,3773836339,1000,1546,1546,2.3715343,-0.00095,-1,-1,-1,0,0,0,136,1,1,0,0.0000000,0.0000000,0.0000000,0,0,0,0,758362016612250
2810,3773837339,1000,1546,1546,2.3715343,-0.00091,-1,-1,-1,0,0,0,136,1,1,0,0.0000000,0.0000000,0.0000000,0,0,0,0,758362017611708
2811,3773838339,1000,1546,1546,2.3715343,-0.00087,-1,-1,-1,0,0,0,136,1,1,0,0.0000000,0.0000000,0.0000000,0,0,0,0,758362018833041
2812,3773839339,1000,1546,1546,2.3715343,-0.00084,-1,-1,-1,0,0,0,136,1,1,0,0.0000000,0.0000000,0.0000000,0,0,0,0,758362019834916
2813,3773840339,1000,1546,1546,2.3715343,-0.00081,-1,-1,-1,0,0,0,136,1,1,0,0.0000000,0.0000000,0.0000000,0,0,0,0,758362020749666
2814,3773841339,1000,1546,1546,2.3715343,-0.00077,-1,-1,-1,0,0,0,136,1,1,0,0.0000000,0.0000000,0.0000000,0,0,0,0,758362021592541
2815,3773842339,1000,1546,1546,2.3715343,-0.00074,-1,-1,-1,0,0,0,136,1,1,0,0.0000000,0.0000000,0.0000000,0,0,0,0,758362022583958
2816,3773843339,1000,1546,1546,2.3715343,-0.00071,-1,-1,-1,0,0,0,136,1,1,0,0.0000000,0.0000000,0.0000000,0,0,0,0,758362023509500
2817,3773844339,1000,1546,1546,2.3715343,-0.00069,-1,-1,-1,0,0,0,136,1,1,0,0.0000000,0.0000000,0.0000000,0,0,0,0,758362024493666
2818,3773845339,1000,1546,1546,2.3715343,-0.00066,-1,-1,-1,0,0,0,136,1,1,0,0.0000000,0.0000000,0.0000000,0,0,0,0,758362025526583
2819,3773846339,1000,1546,1546,2.3715343,-0.00063,-1,-1,-1,0,0,0,136,1,1,0,0.0000000,0.0000000,0.0000000,0,0,0,0,758362026491666
2820,3773847339,1000,1546,1546,2.3715343,-0.00061,-1,-1,-1,0,0,0,136,1,1,0,0.0000000,0.0000000,0.0000000,0,0,0,0,758362027489500
2821,3773848339,1000,1546,1546,2.3715343,-0.00058,-1,-1,-1,0,0,0,136,1,1,0,0.0000000,0.0000000,0.0000000,0,0,0,0,758362028495541
2822,3773849339,1000,1546,1546,2.3715343,-0.00056,-1,-1,-1,0,0,0,136,1,1,0,0.0000000,0.0000000,0.0000000,0,0,0,0,758362029524041
2823,3773850339,1000,1546,1546,2.3715343,-0.00054,-1,-1,-1,0,0,0,136,1,1,0,0.0000000,0.0000000,0.0000000,0,0,0,0,758362030565041
2824,3773851339,1000,1546,1546,2.3715343,-0.00052,-1,-1,-1,0,0,0,136,1,1,0,0.0000000,0.0000000,0.0000000,0,0,0,0,758362031579500
2825,3773852339,1000,1547,1547,2.3730683,0.05965,39,126,2094,0,0,0,135,1,1,0,0.0000000,0.0000000,0.0000000,0,0,0,0,758362032936750
2826,3773853339,1000,1546,1546,2.3715343,-0.00284,-1,-1,-1,0,0,0,136,1,1,0,0.0000000,0.0000000,0.0000000,0,0,0,0,758362033598500
2827,3773854339,1000,1546,1546,2.3715343,-0.00273,-1,-1,-1,0,0,0,136,1,1,0,0.0000000,0.0000000,0.0000000,0,0,0,0,758362034601750
2828,3773855339,1000,1546,1546,2.3715343,-0.00262,-1,-1,-1,0,0,0,136,1,1,0,0.0000000,0.0000000,0.0000000,0,0,0,0,758362035604666
2829,3773856339,1000,1546,1546,2.3715343,-0.00252,-1,-1,-1,0,0,0,136,1,1,0,0.0000000,0.0000000,0.0000000,0,0,0,0,758362036589708
2830,3773857339,1000,1546,1546,2.3715343,-0.00242,-1,-1,-1,0,0,0,136,1,1,0,0.0000000,0.0000000,0.0000000,0,0,0,0,758362037568583
2831,3773858339,1000,1546,1546,2.3715343,-0.00232,-1,-1,-1,0,0,0,136,1,1,0,0.0000000,0.0000000,0.0000000,0,0,0,0,758362038597125
2832,3773859339,1000,1546,1546,2.3715343,-0.00223,-1,-1,-1,0,0,0,135,1,1,0,0.0000000,0.0000000,0.0000000,0,0,0,0,758362039568500
2833,3773860339,1000,1547,1547,2.3730683,0.05800,-1,-1,-1,0,0,0,136,1,1,0,0.0000000,0.0000000,0.0000000,0,0,0,0,758362040559916
2834,3773861339,1000,1546,1546,2.3715343,-0.00442,-1,-1,-1,0,0,0,136,1,1,0,0.0000000,0.0000000,0.0000000,0,0,0,0,758362041574833
2835,3773862339,1000,1546,1546,2.3715343,-0.00425,-1,-1,-1,0,0,0,136,1,1,0,0.0000000,0.0000000,0.0000000,0,0,0,0,758362042571541
2836,3773863339,1000,1546,1546,2.3715343,-0.00408,-1,-1,-1,0,0,0,136,1,1,0,0.0000000,0.0000000,0.0000000,0,0,0,0,758362043567916
2837,3773864339,1000,1546,1546,2.3715343,-0.00392,-1,-1,-1,0,0,0,136,1,1,0,0.0000000,0.0000000,0.0000000,0,0,0,0,758362044584708
2838,3773865339,1000,1546,1546,2.3715343,-0.00377,-1,-1,-1,0,0,0,136,1,1,0,0.0000000,0.0000000,0.0000000,0,0,0,0,758362045599250
2839,3773866339,1000,1546,1546,2.3715343,-0.00362,-1,-1,-1,0,0,0,135,1,1,0,0.0000000,0.0000000,0.0000000,0,0,0,0,758362046576083
2840,3773867339,1000,1546,1546,2.3715343,-0.00348,-1,-1,-1,0,0,0,136,1,1,0,0.0000000,0.0000000,0.0000000,0,0,0,0,758362047569625
2841,3773868339,1000,1546,1546,2.3715343,-0.00334,-1,-1,-1,0,0,0,136,1,1,0,0.0000000,0.0000000,0.0000000,0,0,0,0,758362048567208
2842,3773869339,1000,1546,1546,2.3715343,-0.00321,-1,-1,-1,0,0,0,136,1,1,0,0.0000000,0.0000000,0.0000000,0,0,0,0,758362049585041
2843,3773870339,1000,1546,1546,2.3715343,-0.00308,-1,-1,-1,0,0,0,136,1,1,0,0.0000000,0.0000000,0.0000000,0,0,0,0,758362050578333
2844,3773871339,1000,1546,1546,2.3715343,-0.00296,-1,-1,-1,0,0,0,136,1,1,0,0.0000000,0.0000000,0.0000000,0,0,0,0,758362051594541
2845,3773872339,1000,1546,1546,2.3715343,-0.00285,-1,-1,-1,0,0,0,136,1,1,0,0.0000000,0.0000000,0.0000000,0,0,0,0,758362052608083
2846,3773873339,1000,1546,1546,2.3715343,-0.00273,-1,-1,-1,0,0,0,136,1,1,0,0.0000000,0.0000000,0.0000000,0,0,0,0,758362053641666
2847,3773874339,1000,1546,1546,2.3715343,-0.00263,-1,-1,-1,0,0,0,136,1,1,0,0.0000000,0.0000000,0.0000000,0,0,0,0,758362054606458
2848,3773875339,1000,1546,1546,2.3715343,-0.00252,-1,-1,-1,0,0,0,136,1,1,0,0.0000000,0.0000000,0.0000000,0,0,0,0,758362055616666
2849,3773876339,1000,1546,1546,2.3715343,-0.00243,-1,-1,-1,0,0,0,136,1,1,0,0.0000000,0.0000000,0.0000000,0,0,0,0,758362056575000
2850,3773877339,1000,1546,1546,2.3715343,-0.00233,-1,-1,-1,0,0,0,136,1,1,0,0.0000000,0.0000000,0.0000000,0,0,0,0,758362057565500
2851,3773878339,1000,1546,1546,2.3715343,-0.00224,-1,-1,-1,0,0,0,136,1,1,0,0.0000000,0.0000000,0.0000000,0,0,0,0,758362058572000
2852,3773879339,1000,1546,1546,2.3715343,-0.00215,-1,-1,-1,0,0,0,136,1,1,0,0.0000000,0.0000000,0.0000000,0,0,0,0,758362059573791
2853,3773880339,1000,1546,1546,2.3715343,-0.00207,-1,-1,-1,0,0,0,136,1,1,0,0.0000000,0.0000000,0.0000000,0,0,0,0,758362060582375
2854,3773881339,1000,1546,1546,2.3715343,-0.00199,-1,-1,-1,0,0,0,136,1,1,0,0.0000000,0.0000000,0.0000000,0,0,0,0,758362061626875
2855,3773882339,1000,1546,1546,2.3715343,-0.00191,-1,-1,-1,0,0,0,136,1,1,0,0.0000000,0.0000000,0.0000000,0,0,0,0,758362062579000
2856,3773883339,1000,1546,1546,2.3715343,-0.00183,-1,-1,-1,0,0,0,136,1,1,0,0.0000000,0.0000000,0.0000000,0,0,0,0,758362063594125
2857,3773884339,1000,1546,1546,2.3715343,-0.00176,-1,-1,-1,0,0,0,136,1,1,0,0.0000000,0.0000000,0.0000000,0,0,0,0,758362064575208
2858,3773885339,1000,1546,1546,2.3715343,-0.00169,-1,-1,-1,0,0,0,136,1,1,0,0.0000000,0.0000000,0.0000000,0,0,0,0,758362065572708
2859,3773886339,1000,1546,1546,2.3715343,-0.00163,-1,-1,-1,0,0,0,136,1,1,0,0.0000000,0.0000000,0.0000000,0,0,0,0,758362066621208
2860,3773887339,1000,1546,1546,2.3715343,-0.00156,-1,-1,-1,0,0,0,136,1,1,0,0.0000000,0.0000000,0.0000000,0,0,0,0,758362067587583
2861,3773888339,1000,1546,1546,2.3715343,-0.00150,-1,-1,-1,0,0,0,136,1,1,0,0.0000000,0.0000000,0.0000000,0,0,0,0,758362068593208
2862,3773889339,1000,1546,1546,2.3715343,-0.00144,-1,-1,-1,0,0,0,136,1,1,0,0.0000000,0.0000000,0.0000000,0,0,0,0,758362069578833
2863,3773890339,1000,1546,1546,2.3715343,-0.00139,-1,-1,-1,0,0,0,136,1,1,0,0.0000000,0.0000000,0.0000000,0,0,0,0,758362070592333
2864,3773891339,1000,1546,1546,2.3715343,-0.00133,-1,-1,-1,0,0,0,136,1,1,0,0.0000000,0.0000000,0.0000000,0,0,0,0,758362071625166
2865,3773892339,1000,1546,1546,2.3715343,-0.00128,-1,-1,-1,0,0,0,136,1,1,0,0.0000000,0.0000000,0.0000000,0,0,0,0,758362072410583
2866,3773893339,1000,1546,1546,2.3715343,-0.00123,-1,-1,-1,0,0,0,136,1,1,0,0.0000000,0.0000000,0.0000000,0,0,0,0,758362073667958
2867,3773894339,1000,1546,1546,2.3715343,-0.00118,-1,-1,-1,0,0,0,136,1,1,0,0.0000000,0.0000000,0.0000000,0,0,0,0,758362074579041
2868,3773895339,1000,1546,1546,2.3715343,-0.00113,-1,-1,-1,0,0,0,136,1,1,0,0.0000000,0.0000000,0.0000000,0,0,0,0,758362075575333
2869,3773896339,1000,1546,1546,2.3715343,-0.00109,-1,-1,-1,0,0,0,136,1,1,0,0.0000000,0.0000000,0.0000000,0,0,0,0,758362076564000
2870,3773897339,1000,1546,1546,2.3715343,-0.00105,-1,-1,-1,0,0,0,136,1,1,0,0.0000000,0.0000000,0.0000000,0,0,0,0,758362077571375
2871,3773898339,1000,1546,1546,2.3715343,-0.00101,-1,-1,-1,0,0,0,136,1,1,0,0.0000000,0.0000000,0.0000000,0,0,0,0,758362078592583
2872,3773899339,1000,1546,1546,2.3715343,-0.00097,-1,-1,-1,0,0,0,136,1,1,0,0.0000000,0.0000000,0.0000000,0,0,0,0,758362079564250
2873,3773900339,1000,1546,1546,2.3715343,-0.00093,-1,-1,-1,0,0,0,136,1,1,0,0.0000000,0.0000000,0.0000000,0,0,0,0,758362080552166
2874,3773901339,1000,1546,1546,2.3715343,-0.00089,-1,-1,-1,0,0,0,136,1,1,0,0.0000000,0.0000000,0.0000000,0,0,0,0,758362081574250
2875,3773902339,1000,1546,1546,2.3715343,-0.00086,39,126,2095,0,0,0,136,1,1,0,0.0000000,0.0000000,0.0000000,0,0,0,0,758362082757000
2876,3773903339,1000,1546,1546,2.3715343,-0.00082,-1,-1,-1,0,0,0,136,1,1,0,0.0000000,0.0000000,0.0000000,0,0,0,0,758362083637458
2877,3773904339,1000,1546,1546,2.3715343,-0.00079,-1,-1,-1,0,0,0,136,1,1,0,0.0000000,0.0000000,0.0000000,0,0,0,0,758362084602583
2878,3773905339,1000,1546,1546,2.3715343,-0.00076,-1,-1,-1,0,0,0,136,1,1,0,0.0000000,0.0000000,0.0000000,0,0,0,0,758362085584541
2879,3773906339,1000,1546,1546,2.3715343,-0.00073,-1,-1,-1,0,0,0,136,1,1,0,0.0000000,0.0000000,0.0000000,0,0,0,0,758362086583916
2880,3773907339,1000,1546,1546,2.3715343,-0.00070,-1,-1,-1,0,0,0,136,1,1,0,0.0000000,0.0000000,0.0000000,0,0,0,0,758362087605791
2881,3773908339,1000,1546,1546,2.3715343,-0.00067,-1,-1,-1,0,0,0,136,1,1,0,0.0000000,0.0000000,0.0000000,0,0,0,0,758362088583250
2882,3773909339,1000,1546,1546,2.3715343,-0.00065,-1,-1,-1,0,0,0,136,1,1,0,0.0000000,0.0000000,0.0000000,0,0,0,0,758362089558583
2883,3773910339,1000,1546,1546,2.3715343,-0.00062,-1,-1,-1,0,0,0,136,1,1,0,0.0000000,0.0000000,0.0000000,0,0,0,0,758362090569875
2884,3773911339,1000,1546,1546,2.3715343,-0.00060,-1,-1,-1,0,0,0,136,1,1,0,0.0000000,0.0000000,0.0000000,0,0,0,0,758362091807416
2885,3773912339,1000,1546,1546,2.3715343,-0.00057,-1,-1,-1,0,0,0,136,1,1,0,0.0000000,0.0000000,0.0000000,0,0,0,0,758362092799833
2886,3773913339,1000,1546,1546,2.3715343,-0.00055,-1,-1,-1,0,0,0,136,1,1,0,0.0000000,0.0000000,0.0000000,0,0,0,0,758362093693916
2887,3773914339,1000,1546,1546,2.3715343,-0.00053,-1,-1,-1,0,0,0,136,1,1,0,0.0000000,0.0000000,0.0000000,0,0,0,0,758362094567375
2888,3773915339,1000,1546,1546,2.3715343,-0.00051,-1,-1,-1,0,0,0,136,1,1,0,0.0000000,0.0000000,0.0000000,0,0,0,0,758362095563250
2889,3773916339,1000,1546,1546,2.3715343,-0.00049,-1,-1,-1,0,0,0,136,1,1,0,0.0000000,0.0000000,0.0000000,0,0,0,0,758362096578666
2890,3773917339,1000,1546,1546,2.3715343,-0.00047,-1,-1,-1,0,0,0,136,1,1,0,0.0000000,0.0000000,0.0000000,0,0,0,0,758362097563083
2891,3773918339,1000,1546,1546,2.3715343,-0.00045,-1,-1,-1,0,0,0,136,1,1,0,0.0000000,0.0000000,0.0000000,0,0,0,0,758362098558916
2892,3773919339,1000,1546,1546,2.3715343,-0.00043,-1,-1,-1,0,0,0,136,1,1,0,0.0000000,0.0000000,0.0000000,0,0,0,0,758362099587583
2893,3773920339,1000,1546,1546,2.3715343,-0.00042,-1,-1,-1,0,0,0,136,1,1,0,0.0000000,0.0000000,0.0000000,0,0,0,0,758362100582625
2894,3773921339,1000,1546,1546,2.3715343,-0.00040,-1,-1,-1,0,0,0,136,1,1,0,0.0000000,0.0000000,0.0000000,0,0,0,0,758362101608208
2895,3773922339,1000,1546,1546,2.3715343,-0.00039,-1,-1,-1,0,0,0,135,1,1,0,0.0000000,0.0000000,0.0000000,0,0,0,0,758362102583916
2896,3773923339,1000,1546,1546,2.3715343,-0.00037,-1,-1,-1,0,0,0,136,1,1,0,0.0000000,0.0000000,0.0000000,0,0,0,0,758362103589291
2897,3773924339,1000,1546,1546,2.3715343,-0.00036,-1,-1,-1,0,0,0,136,1,1,0,0.0000000,0.0000000,0.0000000,0,0,0,0,758362104579083
2898,3773925339,1000,1546,1546,2.3715343,-0.00034,-1,-1,-1,0,0,0,136,1,1,0,0.0000000,0.0000000,0.0000000,0,0,0,0,758362105540833
2899,3773926339,1000,1546,1546,2.3715343,-0.00033,-1,-1,-1,0,0,0,136,1,1,0,0.0000000,0.0000000,0.0000000,0,0,0,0,758362106579166
2900,3773927339,1000,1546,1546,2.3715343,-0.00032,-1,-1,-1,0,0,0,136,1,1,0,0.0000000,0.0000000,0.0000000,0,0,0,0,758362107565125
2901,3773928339,1000,1546,1546,2.3715343,-0.00030,-1,-1,-1,0,0,0,136,1,1,0,0.0000000,0.0000000,0.0000000,0,0,0,0,758362108584083
2902,3773929339,1000,1546,1546,2.3715343,-0.00029,-1,-1,-1,0,0,0,136,1,1,0,0.0000000,0.0000000,0.0000000,0,0,0,0,758362109570833
2903,3773930339,1000,1546,1546,2.3715343,-0.00028,-1,-1,-1,0,0,0,136,1,1,0,0.0000000,0.0000000,0.0000000,0,0,0,0,758362110581833
2904,3773931339,1000,1546,1546,2.3715343,-0.00027,-1,-1,-1,0,0,0,136,1,1,0,0.0000000,0.0000000,0.0000000,0,0,0,0,758362111578000
2905,3773932339,1000,1546,1546,2.3715343,-0.00026,-1,-1,-1,0,0,0,136,1,1,0,0.0000000,0.0000000,0.0000000,0,0,0,0,758362112602333
2906,3773933339,1000,1546,1546,2.3715343,-0.00025,-1,-1,-1,0,0,0,136,1,1,0,0.0000000,0.0000000,0.0000000,0,0,0,0,758362113582875
2907,3773934339,1000,1546,1546,2.3715343,-0.00024,-1,-1,-1,0,0,0,136,1,1,0,0.0000000,0.0000000,0.0000000,0,0,0,0,758362114581000
2908,3773935339,1000,1546,1546,2.3715343,-0.00023,-1,-1,-1,0,0,0,136,1,1,0,0.0000000,0.0000000,0.0000000,0,0,0,0,758362115661750
2909,3773936339,1000,1546,1546,2.3715343,-0.00022,-1,-1,-1,0,0,0,136,1,1,0,0.0000000,0.0000000,0.0000000,0,0,0,0,758362116740250
2910,3773937339,1000,1546,1546,2.3715343,-0.00021,-1,-1,-1,0,0,0,136,1,1,0,0.0000000,0.0000000,0.0000000,0,0,0,0,758362117622833
2911,3773938339,1000,1546,1546,2.3715343,-0.00020,-1,-1,-1,0,0,0,136,1,1,0,0.0000000,0.0000000,0.0000000,0,0,0,0,758362118603541
2912,3773939339,1000,1546,1546,2.3715343,-0.00020,-1,-1,-1,0,0,0,136,1,1,0,0.0000000,0.0000000,0.0000000,0,0,0,0,758362119617541
2913,3773940339,1000,1547,1547,2.3730683,0.05996,-1,-1,-1,0,0,0,136,1,1,0,0.0000000,0.0000000,0.0000000,0,0,0,0,758362120613041
2914,3773941339,1000,1546,1546,2.3715343,-0.00254,-1,-1,-1,0,0,0,136,1,1,0,0.0000000,0.0000000,0.0000000,0,0,0,0,758362121707458
2915,3773942339,1000,1546,1546,2.3715343,-0.00244,-1,-1,-1,0,0,0,136,1,1,0,0.0000000,0.0000000,0.0000000,0,0,0,0,758362122592916
2916,3773943339,1000,1546,1546,2.3715343,-0.00234,-1,-1,-1,0,0,0,136,1,1,0,0.0000000,0.0000000,0.0000000,0,0,0,0,758362123566166
2917,3773944339,1000,1546,1546,2.3715343,-0.00225,-1,-1,-1,0,0,0,136,1,1,0,0.0000000,0.0000000,0.0000000,0,0,0,0,758362124464750
2918,3773945339,1000,1546,1546,2.3715343,-0.00216,-1,-1,-1,0,0,0,136,1,1,0,0.0000000,0.0000000,0.0000000,0,0,0,0,758362125443708
2919,3773946339,1000,1546,1546,2.3715343,-0.00208,-1,-1,-1,0,0,0,136,1,1,0,0.0000000,0.0000000,0.0000000,0,0,0,0,758362126422416
2920,3773947339,1000,1546,1546,2.3715343,-0.00200,-1,-1,-1,0,0,0,136,1,1,0,0.0000000,0.0000000,0.0000000,0,0,0,0,758362127453041
2921,3773948339,1000,1546,1546,2.3715343,-0.00192,-1,-1,-1,0,0,0,136,1,1,0,0.0000000,0.0000000,0.0000000,0,0,0,0,758362128807500
2922,3773949339,1000,1546,1546,2.3715343,-0.00184,-1,-1,-1,0,0,0,136,1,1,0,0.0000000,0.0000000,0.0000000,0,0,0,0,758362129794500
2923,3773950339,1000,1546,1546,2.3715343,-0.00177,-1,-1,-1,0,0,0,136,1,1,0,0.0000000,0.0000000,0.0000000,0,0,0,0,758362130798625
2924,3773951339,1000,1546,1546,2.3715343,-0.00170,-1,-1,-1,0,0,0,136,1,1,0,0.0000000,0.0000000,0.0000000,0,0,0,0,758362131573625
2925,3773952339,1000,1546,1546,2.3715343,-0.00163,39,126,2094,0,0,0,136,1,1,0,0.0000000,0.0000000,0.0000000,0,0,0,0,758362132815583
2926,3773953339,1000,1547,1547,2.3730683,0.05858,-1,-1,-1,0,0,0,136,1,1,0,0.0000000,0.0000000,0.0000000,0,0,0,0,758362133594375
2927,3773954339,1000,1546,1546,2.3715343,-0.00387,-1,-1,-1,0,0,0,136,1,1,0,0.0000000,0.0000000,0.0000000,0,0,0,0,758362134402333
2928,3773955339,1000,1546,1546,2.3715343,-0.00372,-1,-1,-1,0,0,0,136,1,1,0,0.0000000,0.0000000,0.0000000,0,0,0,0,758362135621541
2929,3773956339,1000,1546,1546,2.3715343,-0.00357,-1,-1,-1,0,0,0,136,1,1,0,0.0000000,0.0000000,0.0000000,0,0,0,0,758362136587583
2930,3773957339,1000,1546,1546,2.3715343,-0.00343,-1,-1,-1,0,0,0,136,1,1,0,0.0000000,0.0000000,0.0000000,0,0,0,0,758362137620541
2931,3773958339,1000,1546,1546,2.3715343,-0.00330,-1,-1,-1,0,0,0,136,1,1,0,0.0000000,0.0000000,0.0000000,0,0,0,0,758362138586166
2932,3773959339,1000,1546,1546,2.3715343,-0.00317,-1,-1,-1,0,0,0,136,1,1,0,0.0000000,0.0000000,0.0000000,0,0,0,0,758362139605416
2933,3773960339,1000,1546,1546,2.3715343,-0.00304,-1,-1,-1,0,0,0,136,1,1,0,0.0000000,0.0000000,0.0000000,0,0,0,0,758362140583750
2934,3773961339,1000,1546,1546,2.3715343,-0.00292,-1,-1,-1,0,0,0,136,1,1,0,0.0000000,0.0000000,0.0000000,0,0,0,0,758362141563791
2935,3773962339,1000,1546,1546,2.3715343,-0.00281,-1,-1,-1,0,0,0,136,1,1,0,0.0000000,0.0000000,0.0000000,0,0,0,0,758362142618125
2936,3773963339,1000,1546,1546,2.3715343,-0.00270,-1,-1,-1,0,0,0,136,1,1,0,0.0000000,0.0000000,0.0000000,0,0,0,0,758362143585166
2937,3773964339,1000,1546,1546,2.3715343,-0.00259,-1,-1,-1,0,0,0,136,1,1,0,0.0000000,0.0000000,0.0000000,0,0,0,0,758362144566250
2938,3773965339,1000,1546,1546,2.3715343,-0.00249,-1,-1,-1,0,0,0,136,1,1,0,0.0000000,0.0000000,0.0000000,0,0,0,0,758362145563708
2939,3773966339,1000,1546,1546,2.3715343,-0.00239,-1,-1,-1,0,0,0,136,1,1,0,0.0000000,0.0000000,0.0000000,0,0,0,0,758362146583833
2940,3773967339,1000,1547,1547,2.3730683,0.05785,-1,-1,-1,0,0,0,136,1,1,0,0.0000000,0.0000000,0.0000000,0,0,0,0,758362147563833
2941,3773968339,1000,1546,1546,2.3715343,-0.00457,-1,-1,-1,0,0,0,136,1,1,0,0.0000000,0.0000000,0.0000000,0,0,0,0,758362148580750
2942,3773969339,1000,1546,1546,2.3715343,-0.00439,-1,-1,-1,0,0,0,136,1,1,0,0.0000000,0.0000000,0.0000000,0,0,0,0,758362149666833
2943,3773970339,1000,1546,1546,2.3715343,-0.00422,-1,-1,-1,0,0,0,136,1,1,0,0.0000000,0.0000000,0.0000000,0,0,0,0,758362150839041
2944,3773971339,1000,1547,1547,2.3730683,0.05610,-1,-1,-1,0,0,0,136,1,1,0,0.0000000,0.0000000,0.0000000,0,0,0,0,758362151810208
2945,3773972339,1000,1546,1546,2.3715343,-0.00625,-1,-1,-1,0,0,0,136,1,1,0,0.0000000,0.0000000,0.0000000,0,0,0,0,758362152751083
2946,3773973339,1000,1546,1546,2.3715343,-0.00601,-1,-1,-1,0,0,0,136,1,1,0,0.0000000,0.0000000,0.0000000,0,0,0,0,758362153617625
2947,3773974339,1000,1546,1546,2.3715343,-0.00577,-1,-1,-1,0,0,0,136,1,1,0,0.0000000,0.0000000,0.0000000,0,0,0,0,758362154599291
2948,3773975339,1000,1546,1546,2.3715343,-0.00554,-1,-1,-1,0,0,0,136,1,1,0,0.0000000,0.0000000,0.0000000,0,0,0,0,758362155582541
2949,3773976339,1000,1546,1546,2.3715343,-0.00533,-1,-1,-1,0,0,0,136,1,1,0,0.0000000,0.0000000,0.0000000,0,0,0,0,758362156594375
2950,3773977339,1000,1546,1546,2.3715343,-0.00512,-1,-1,-1,0,0,0,136,1,1,0,0.0000000,0.0000000,0.0000000,0,0,0,0,758362157562416
2951,3773978339,1000,1546,1546,2.3715343,-0.00492,-1,-1,-1,0,0,0,136,1,1,0,0.0000000,0.0000000,0.0000000,0,0,0,0,758362158569000
2952,3773979339,1000,1546,1546,2.3715343,-0.00472,-1,-1,-1,0,0,0,136,1,1,0,0.0000000,0.0000000,0.0000000,0,0,0,0,758362159581750
2953,3773980339,1000,1546,1546,2.3715343,-0.00454,-1,-1,-1,0,0,0,136,1,1,0,0.0000000,0.0000000,0.0000000,0,0,0,0,758362160565666
2954,3773981339,1000,1546,1546,2.3715343,-0.00436,-1,-1,-1,0,0,0,136,1,1,0,0.0000000,0.0000000,0.0000000,0,0,0,0,758362161585208
2955,3773982339,1000,1546,1546,2.3715343,-0.00419,-1,-1,-1,0,0,0,136,1,1,0,0.0000000,0.0000000,0.0000000,0,0,0,0,758362162573833
2956,3773983339,1000,1546,1546,2.3715343,-0.00403,-1,-1,-1,0,0,0,136,1,1,0,0.0000000,0.0000000,0.0000000,0,0,0,0,758362163583791
2957,3773984339,1000,1546,1546,2.3715343,-0.00387,-1,-1,-1,0,0,0,136,1,1,0,0.0000000,0.0000000,0.0000000,0,0,0,0,758362164581583
2958,3773985339,1000,1546,1546,2.3715343,-0.00372,-1,-1,-1,0,0,0,135,1,1,0,0.0000000,0.0000000,0.0000000,0,0,0,0,758362165570500
2959,3773986339,1000,1546,1546,2.3715343,-0.00357,-1,-1,-1,0,0,0,136,1,1,0,0.0000000,0.0000000,0.0000000,0,0,0,0,758362166577708
2960,3773987339,1000,1546,1546,2.3715343,-0.00343,-1,-1,-1,0,0,0,136,1,1,0,0.0000000,0.0000000,0.0000000,0,0,0,0,758362167557125
2961,3773988339,1000,1546,1546,2.3715343,-0.00330,-1,-1,-1,0,0,0,136,1,1,0,0.0000000,0.0000000,0.0000000,0,0,0,0,758362168594375
2962,3773989339,1000,1546,1546,2.3715343,-0.00317,-1,-1,-1,0,0,0,136,1,1,0,0.0000000,0.0000000,0.0000000,0,0,0,0,758362169560708
2963,3773990339,1000,1546,1546,2.3715343,-0.00304,-1,-1,-1,0,0,0,136,1,1,0,0.0000000,0.0000000,0.0000000,0,0,0,0,758362170627000
2964,3773991339,1000,1546,1546,2.3715343,-0.00292,-1,-1,-1,0,0,0,136,1,1,0,0.0000000,0.0000000,0.0000000,0,0,0,0,758362171594833
2965,3773992339,1000,1546,1546,2.3715343,-0.00281,-1,-1,-1,0,0,0,136,1,1,0,0.0000000,0.0000000,0.0000000,0,0,0,0,758362172601958
2966,3773993339,1000,1546,1546,2.3715343,-0.00270,-1,-1,-1,0,0,0,136,1,1,0,0.0000000,0.0000000,0.0000000,0,0,0,0,758362173579666
2967,3773994339,1000,1546,1546,2.3715343,-0.00259,-1,-1,-1,0,0,0,136,1,1,0,0.0000000,0.0000000,0.0000000,0,0,0,0,758362174600833
2968,3773995339,1000,1546,1546,2.3715343,-0.00249,-1,-1,-1,0,0,0,136,1,1,0,0.0000000,0.0000000,0.0000000,0,0,0,0,758362175575125
2969,3773996339,1000,1546,1546,2.3715343,-0.00239,-1,-1,-1,0,0,0,136,1,1,0,0.0000000,0.0000000,0.0000000,0,0,0,0,758362176583125
2970,3773997339,1000,1546,1546,2.3715343,-0.00230,-1,-1,-1,0,0,0,136,1,1,0,0.0000000,0.0000000,0.0000000,0,0,0,0,758362177565875
2971,3773998339,1000,1547,1547,2.3730683,0.05794,-1,-1,-1,0,0,0,136,1,1,0,0.0000000,0.0000000,0.0000000,0,0,0,0,758362178556375
2972,3773999339,1000,1546,1546,2.3715343,-0.00448,-1,-1,-1,0,0,0,135,1,1,0,0.0000000,0.0000000,0.0000000,0,0,0,0,758362179579041
2973,3774000339,1000,1546,1546,2.3715343,-0.00431,-1,-1,-1,0,0,0,136,1,1,0,0.0000000,0.0000000,0.0000000,0,0,0,0,758362180567333
2974,3774001339,1000,1546,1546,2.3715343,-0.00414,-1,-1,-1,0,0,0,136,1,1,0,0.0000000,0.0000000,0.0000000,0,0,0,0,758362181791958
2975,3774002339,1000,1546,1546,2.3715343,-0.00397,39,126,2094,0,0,0,136,1,1,0,0.0000000,0.0000000,0.0000000,0,0,0,0,758362183206208
2976,3774003339,1000,1546,1546,2.3715343,-0.00382,-1,-1,-1,0,0,0,136,1,1,0,0.0000000,0.0000000,0.0000000,0,0,0,0,758362184095875
2977,3774004339,1000,1546,1546,2.3715343,-0.00367,-1,-1,-1,0,0,0,136,1,1,0,0.0000000,0.0000000,0.0000000,0,0,0,0,758362184761875
2978,3774005339,1000,1546,1546,2.3715343,-0.00353,-1,-1,-1,0,0,0,136,1,1,0,0.0000000,0.0000000,0.0000000,0,0,0,0,758362185588458
2979,3774006339,1000,1546,1546,2.3715343,-0.00339,-1,-1,-1,0,0,0,135,1,1,0,0.0000000,0.0000000,0.0000000,0,0,0,0,758362186589000
2980,3774007339,1000,1546,1546,2.3715343,-0.00325,-1,-1,-1,0,0,0,136,1,1,0,0.0000000,0.0000000,0.0000000,0,0,0,0,758362187566458
2981,3774008339,1000,1546,1546,2.3715343,-0.00313,-1,-1,-1,0,0,0,136,1,1,0,0.0000000,0.0000000,0.0000000,0,0,0,0,758362188602000
2982,3774009339,1000,1546,1546,2.3715343,-0.00300,-1,-1,-1,0,0,0,136,1,1,0,0.0000000,0.0000000,0.0000000,0,0,0,0,758362189619625
2983,3774010339,1000,1546,1546,2.3715343,-0.00289,-1,-1,-1,0,0,0,136,1,1,0,0.0000000,0.0000000,0.0000000,0,0,0,0,758362190596916
2984,3774011339,1000,1546,1546,2.3715343,-0.00277,-1,-1,-1,0,0,0,136,1,1,0,0.0000000,0.0000000,0.0000000,0,0,0,0,758362191576125
2985,3774012339,1000,1546,1546,2.3715343,-0.00266,-1,-1,-1,0,0,0,136,1,1,0,0.0000000,0.0000000,0.0000000,0,0,0,0,758362192580125
2986,3774013339,1000,1546,1546,2.3715343,-0.00256,-1,-1,-1,0,0,0,136,1,1,0,0.0000000,0.0000000,0.0000000,0,0,0,0,758362193576625
2987,3774014339,1000,1546,1546,2.3715343,-0.00246,-1,-1,-1,0,0,0,136,1,1,0,0.0000000,0.0000000,0.0000000,0,0,0,0,758362194568958
2988,3774015339,1000,1546,1546,2.3715343,-0.00236,-1,-1,-1,0,0,0,136,1,1,0,0.0000000,0.0000000,0.0000000,0,0,0,0,758362195810333
2989,3774016339,1000,1546,1546,2.3715343,-0.00227,-1,-1,-1,0,0,0,136,1,1,0,0.0000000,0.0000000,0.0000000,0,0,0,0,758362196826375
2990,3774017339,1000,1546,1546,2.3715343,-0.00218,-1,-1,-1,0,0,0,136,1,1,0,0.0000000,0.0000000,0.0000000,0,0,0,0,758362197815541
2991,3774018339,1000,1546,1546,2.3715343,-0.00210,-1,-1,-1,0,0,0,136,1,1,0,0.0000000,0.0000000,0.0000000,0,0,0,0,758362198679333
2992,3774019339,1000,1546,1546,2.3715343,-0.00201,-1,-1,-1,0,0,0,136,1,1,0,0.0000000,0.0000000,0.0000000,0,0,0,0,758362199693583
2993,3774020339,1000,1546,1546,2.3715343,-0.00193,-1,-1,-1,0,0,0,135,1,1,0,0.0000000,0.0000000,0.0000000,0,0,0,0,758362200611041
2994,3774021339,1000,1546,1546,2.3715343,-0.00186,-1,-1,-1,0,0,0,136,1,1,0,0.0000000,0.0000000,0.0000000,0,0,0,0,758362201624500
2995,3774022339,1000,1546,1546,2.3715343,-0.00179,-1,-1,-1,0,0,0,136,1,1,0,0.0000000,0.0000000,0.0000000,0,0,0,0,758362202580125
2996,3774023339,1000,1546,1546,2.3715343,-0.00172,-1,-1,-1,0,0,0,136,1,1,0,0.0000000,0.0000000,0.0000000,0,0,0,0,758362203611916
2997,3774024339,1000,1546,1546,2.3715343,-0.00165,-1,-1,-1,0,0,0,136,1,1,0,0.0000000,0.0000000,0.0000000,0,0,0,0,758362204596708
2998,3774025339,1000,1546,1546,2.3715343,-0.00158,-1,-1,-1,0,0,0,136,1,1,0,0.0000000,0.0000000,0.0000000,0,0,0,0,758362205597125
2999,3774026339,1000,1546,1546,2.3715343,-0.00152,-1,-1,-1,0,0,0,136,1,1,0,0.0000000,0.0000000,0.0000000,0,0,0,0,758362206568333
