757213396797166 I steps_per_m=26666.66601562 cart_step=2 cart_dir=3 enable=8 limits_connected=0 filter_write_ok=1
757213397292750 I home=0 enabled=0 travel_mm=300.000 vmax_mm_s=30.000 amax_mm_s2=300.000 jerk_mm_s3=3000.000
757213397391250 E 2620365772 INFO
757213397530541 E 2625219743 STREAM
757213398162500 D 0,2625220339,0,1548,1548,2.3746023,0.00000,-1,-1,-1,0,0,0,136,1,1,0,0.0000000,0.0000000,0.0000000,0,0,0,0
757213398763083 D 1,2625221339,1000,1548,1548,2.3746023,0.00000,-1,-1,-1,0,0,0,136,1,1,0,0.0000000,0.0000000,0.0000000,0,0,0,0
757213399625041 D 2,2625222339,1000,1547,1547,2.3730683,-0.06015,-1,-1,-1,0,0,0,136,1,1,0,0.0000000,0.0000000,0.0000000,0,0,0,0
757213400811958 D 3,2625223339,1000,1548,1548,2.3746023,0.00236,-1,-1,-1,0,0,0,136,1,1,0,0.0000000,0.0000000,0.0000000,0,0,0,0
757213401823208 D 4,2625224339,1000,1548,1548,2.3746023,0.00227,-1,-1,-1,0,0,0,136,1,1,0,0.0000000,0.0000000,0.0000000,0,0,0,0
757213402885041 D 5,2625225339,1000,1548,1548,2.3746023,0.00218,-1,-1,-1,0,0,0,136,1,1,0,0.0000000,0.0000000,0.0000000,0,0,0,0
757213403894916 D 6,2625226339,1000,1548,1548,2.3746023,0.00209,-1,-1,-1,0,0,0,136,1,1,0,0.0000000,0.0000000,0.0000000,0,0,0,0
757213405365666 D 7,2625227339,1000,1548,1548,2.3746023,0.00201,-1,-1,-1,0,0,0,136,1,1,0,0.0000000,0.0000000,0.0000000,0,0,0,0
757213406728458 D 8,2625228339,1000,1548,1548,2.3746023,0.00193,-1,-1,-1,0,0,0,136,1,1,0,0.0000000,0.0000000,0.0000000,0,0,0,0
757213407876666 D 9,2625229339,1000,1548,1548,2.3746023,0.00186,-1,-1,-1,0,0,0,136,1,1,0,0.0000000,0.0000000,0.0000000,0,0,0,0
757213409367541 D 10,2625230339,1000,1548,1548,2.3746023,0.00178,-1,-1,-1,0,0,0,136,1,1,0,0.0000000,0.0000000,0.0000000,0,0,0,0
757213409957708 D 11,2625231339,1000,1548,1548,2.3746023,0.00171,-1,-1,-1,0,0,0,136,1,1,0,0.0000000,0.0000000,0.0000000,0,0,0,0
757213410520666 D 12,2625232339,1000,1548,1548,2.3746023,0.00165,-1,-1,-1,0,0,0,136,1,1,0,0.0000000,0.0000000,0.0000000,0,0,0,0
757213411084541 D 13,2625233339,1000,1548,1548,2.3746023,0.00158,-1,-1,-1,0,0,0,136,1,1,0,0.0000000,0.0000000,0.0000000,0,0,0,0
757213411640625 D 14,2625234339,1000,1548,1548,2.3746023,0.00152,-1,-1,-1,0,0,0,136,1,1,0,0.0000000,0.0000000,0.0000000,0,0,0,0
757213412679083 D 15,2625235339,1000,1548,1548,2.3746023,0.00146,-1,-1,-1,0,0,0,136,1,1,0,0.0000000,0.0000000,0.0000000,0,0,0,0
757213413623291 D 16,2625236339,1000,1548,1548,2.3746023,0.00140,-1,-1,-1,0,0,0,135,1,1,0,0.0000000,0.0000000,0.0000000,0,0,0,0
757213414609458 D 17,2625237339,1000,1548,1548,2.3746023,0.00135,-1,-1,-1,0,0,0,136,1,1,0,0.0000000,0.0000000,0.0000000,0,0,0,0
757213415619583 D 18,2625238339,1000,1548,1548,2.3746023,0.00129,-1,-1,-1,0,0,0,136,1,1,0,0.0000000,0.0000000,0.0000000,0,0,0,0
757213416648333 D 19,2625239339,1000,1548,1548,2.3746023,0.00124,-1,-1,-1,0,0,0,136,1,1,0,0.0000000,0.0000000,0.0000000,0,0,0,0
757213417585625 D 20,2625240339,1000,1548,1548,2.3746023,0.00119,-1,-1,-1,0,0,0,136,1,1,0,0.0000000,0.0000000,0.0000000,0,0,0,0
757213418594208 D 21,2625241339,1000,1548,1548,2.3746023,0.00115,-1,-1,-1,0,0,0,136,1,1,0,0.0000000,0.0000000,0.0000000,0,0,0,0
757213419596458 D 22,2625242339,1000,1548,1548,2.3746023,0.00110,-1,-1,-1,0,0,0,136,1,1,0,0.0000000,0.0000000,0.0000000,0,0,0,0
757213420630666 D 23,2625243339,1000,1548,1548,2.3746023,0.00106,-1,-1,-1,0,0,0,136,1,1,0,0.0000000,0.0000000,0.0000000,0,0,0,0
757213421598375 D 24,2625244339,1000,1548,1548,2.3746023,0.00102,-1,-1,-1,0,0,0,136,1,1,0,0.0000000,0.0000000,0.0000000,0,0,0,0
757213422611375 D 25,2625245339,1000,1548,1548,2.3746023,0.00098,-1,-1,-1,0,0,0,136,1,1,0,0.0000000,0.0000000,0.0000000,0,0,0,0
757213423606958 D 26,2625246339,1000,1548,1548,2.3746023,0.00094,-1,-1,-1,0,0,0,136,1,1,0,0.0000000,0.0000000,0.0000000,0,0,0,0
757213424606541 D 27,2625247339,1000,1548,1548,2.3746023,0.00090,-1,-1,-1,0,0,0,136,1,1,0,0.0000000,0.0000000,0.0000000,0,0,0,0
757213425606625 D 28,2625248339,1000,1548,1548,2.3746023,0.00087,-1,-1,-1,0,0,0,136,1,1,0,0.0000000,0.0000000,0.0000000,0,0,0,0
757213426588666 D 29,2625249339,1000,1548,1548,2.3746023,0.00083,-1,-1,-1,0,0,0,136,1,1,0,0.0000000,0.0000000,0.0000000,0,0,0,0
757213427630958 D 30,2625250339,1000,1548,1548,2.3746023,0.00080,-1,-1,-1,0,0,0,136,1,1,0,0.0000000,0.0000000,0.0000000,0,0,0,0
757213428596166 D 31,2625251339,1000,1547,1547,2.3730683,-0.05938,-1,-1,-1,0,0,0,136,1,1,0,0.0000000,0.0000000,0.0000000,0,0,0,0
757213429987125 D 32,2625252339,1000,1548,1548,2.3746023,0.00310,39,128,2074,0,0,0,136,1,1,0,0.0000000,0.0000000,0.0000000,0,0,0,0
757213430616000 D 33,2625253339,1000,1548,1548,2.3746023,0.00298,-1,-1,-1,0,0,0,136,1,1,0,0.0000000,0.0000000,0.0000000,0,0,0,0
757213431608041 D 34,2625254339,1000,1548,1548,2.3746023,0.00286,-1,-1,-1,0,0,0,136,1,1,0,0.0000000,0.0000000,0.0000000,0,0,0,0
757213432604500 D 35,2625255339,1000,1548,1548,2.3746023,0.00275,-1,-1,-1,0,0,0,136,1,1,0,0.0000000,0.0000000,0.0000000,0,0,0,0
757213433404333 D 36,2625256339,1000,1548,1548,2.3746023,0.00264,-1,-1,-1,0,0,0,136,1,1,0,0.0000000,0.0000000,0.0000000,0,0,0,0
757213434391541 D 37,2625257339,1000,1548,1548,2.3746023,0.00254,-1,-1,-1,0,0,0,136,1,1,0,0.0000000,0.0000000,0.0000000,0,0,0,0
757213435315500 D 38,2625258339,1000,1548,1548,2.3746023,0.00244,-1,-1,-1,0,0,0,136,1,1,0,0.0000000,0.0000000,0.0000000,0,0,0,0
757213436379666 D 39,2625259339,1000,1548,1548,2.3746023,0.00234,-1,-1,-1,0,0,0,136,1,1,0,0.0000000,0.0000000,0.0000000,0,0,0,0
757213437577208 D 40,2625260339,1000,1548,1548,2.3746023,0.00225,-1,-1,-1,0,0,0,136,1,1,0,0.0000000,0.0000000,0.0000000,0,0,0,0
757213438588708 D 41,2625261339,1000,1548,1548,2.3746023,0.00216,-1,-1,-1,0,0,0,136,1,1,0,0.0000000,0.0000000,0.0000000,0,0,0,0
757213439583125 D 42,2625262339,1000,1548,1548,2.3746023,0.00208,-1,-1,-1,0,0,0,136,1,1,0,0.0000000,0.0000000,0.0000000,0,0,0,0
757213440580583 D 43,2625263339,1000,1548,1548,2.3746023,0.00200,-1,-1,-1,0,0,0,136,1,1,0,0.0000000,0.0000000,0.0000000,0,0,0,0
757213441582541 D 44,2625264339,1000,1548,1548,2.3746023,0.00192,-1,-1,-1,0,0,0,136,1,1,0,0.0000000,0.0000000,0.0000000,0,0,0,0
757213442604250 D 45,2625265339,1000,1548,1548,2.3746023,0.00184,-1,-1,-1,0,0,0,136,1,1,0,0.0000000,0.0000000,0.0000000,0,0,0,0
757213443598625 D 46,2625266339,1000,1548,1548,2.3746023,0.00177,-1,-1,-1,0,0,0,136,1,1,0,0.0000000,0.0000000,0.0000000,0,0,0,0
757213444587583 D 47,2625267339,1000,1548,1548,2.3746023,0.00170,-1,-1,-1,0,0,0,136,1,1,0,0.0000000,0.0000000,0.0000000,0,0,0,0
757213445601875 D 48,2625268339,1000,1548,1548,2.3746023,0.00163,-1,-1,-1,0,0,0,136,1,1,0,0.0000000,0.0000000,0.0000000,0,0,0,0
757213446637375 D 49,2625269339,1000,1548,1548,2.3746023,0.00157,-1,-1,-1,0,0,0,136,1,1,0,0.0000000,0.0000000,0.0000000,0,0,0,0
757213447619291 D 50,2625270339,1000,1548,1548,2.3746023,0.00151,-1,-1,-1,0,0,0,136,1,1,0,0.0000000,0.0000000,0.0000000,0,0,0,0
757213448629083 D 51,2625271339,1000,1548,1548,2.3746023,0.00145,-1,-1,-1,0,0,0,136,1,1,0,0.0000000,0.0000000,0.0000000,0,0,0,0
757213449712250 D 52,2625272339,1000,1548,1548,2.3746023,0.00139,-1,-1,-1,0,0,0,136,1,1,0,0.0000000,0.0000000,0.0000000,0,0,0,0
757213450660333 D 53,2625273339,1000,1548,1548,2.3746023,0.00134,-1,-1,-1,0,0,0,136,1,1,0,0.0000000,0.0000000,0.0000000,0,0,0,0
757213451640125 D 54,2625274339,1000,1549,1549,2.3761363,0.06143,-1,-1,-1,0,0,0,136,1,1,0,0.0000000,0.0000000,0.0000000,0,0,0,0
757213452653666 D 55,2625275339,1000,1548,1548,2.3746023,-0.00112,-1,-1,-1,0,0,0,136,1,1,0,0.0000000,0.0000000,0.0000000,0,0,0,0
757213453654250 D 56,2625276339,1000,1548,1548,2.3746023,-0.00108,-1,-1,-1,0,0,0,136,1,1,0,0.0000000,0.0000000,0.0000000,0,0,0,0
757213454663125 D 57,2625277339,1000,1548,1548,2.3746023,-0.00104,-1,-1,-1,0,0,0,136,1,1,0,0.0000000,0.0000000,0.0000000,0,0,0,0
757213455644208 D 58,2625278339,1000,1548,1548,2.3746023,-0.00100,-1,-1,-1,0,0,0,136,1,1,0,0.0000000,0.0000000,0.0000000,0,0,0,0
757213456656208 D 59,2625279339,1000,1548,1548,2.3746023,-0.00096,-1,-1,-1,0,0,0,136,1,1,0,0.0000000,0.0000000,0.0000000,0,0,0,0
757213457639541 D 60,2625280339,1000,1548,1548,2.3746023,-0.00092,-1,-1,-1,0,0,0,136,1,1,0,0.0000000,0.0000000,0.0000000,0,0,0,0
757213458668416 D 61,2625281339,1000,1548,1548,2.3746023,-0.00088,-1,-1,-1,0,0,0,136,1,1,0,0.0000000,0.0000000,0.0000000,0,0,0,0
757213459681500 D 62,2625282339,1000,1548,1548,2.3746023,-0.00085,-1,-1,-1,0,0,0,136,1,1,0,0.0000000,0.0000000,0.0000000,0,0,0,0
757213460671291 D 63,2625283339,1000,1548,1548,2.3746023,-0.00082,-1,-1,-1,0,0,0,136,1,1,0,0.0000000,0.0000000,0.0000000,0,0,0,0
757213461677625 D 64,2625284339,1000,1548,1548,2.3746023,-0.00078,-1,-1,-1,0,0,0,136,1,1,0,0.0000000,0.0000000,0.0000000,0,0,0,0
757213462615000 D 65,2625285339,1000,1548,1548,2.3746023,-0.00075,-1,-1,-1,0,0,0,136,1,1,0,0.0000000,0.0000000,0.0000000,0,0,0,0
757213463651875 D 66,2625286339,1000,1548,1548,2.3746023,-0.00072,-1,-1,-1,0,0,0,136,1,1,0,0.0000000,0.0000000,0.0000000,0,0,0,0
757213464634666 D 67,2625287339,1000,1548,1548,2.3746023,-0.00070,-1,-1,-1,0,0,0,136,1,1,0,0.0000000,0.0000000,0.0000000,0,0,0,0
757213465617166 D 68,2625288339,1000,1548,1548,2.3746023,-0.00067,-1,-1,-1,0,0,0,136,1,1,0,0.0000000,0.0000000,0.0000000,0,0,0,0
757213466616458 D 69,2625289339,1000,1548,1548,2.3746023,-0.00064,-1,-1,-1,0,0,0,136,1,1,0,0.0000000,0.0000000,0.0000000,0,0,0,0
757213468005041 D 70,2625290339,1000,1547,1547,2.3730683,-0.06077,-1,-1,-1,0,0,0,136,1,1,0,0.0000000,0.0000000,0.0000000,0,0,0,0
757213468904125 D 71,2625291339,1000,1548,1548,2.3746023,0.00177,-1,-1,-1,0,0,0,136,1,1,0,0.0000000,0.0000000,0.0000000,0,0,0,0
757213469947458 D 72,2625292339,1000,1548,1548,2.3746023,0.00170,-1,-1,-1,0,0,0,136,1,1,0,0.0000000,0.0000000,0.0000000,0,0,0,0
757213470810958 D 73,2625293339,1000,1548,1548,2.3746023,0.00163,-1,-1,-1,0,0,0,136,1,1,0,0.0000000,0.0000000,0.0000000,0,0,0,0
757213471637791 D 74,2625294339,1000,1548,1548,2.3746023,0.00157,-1,-1,-1,0,0,0,136,1,1,0,0.0000000,0.0000000,0.0000000,0,0,0,0
757213472646125 D 75,2625295339,1000,1548,1548,2.3746023,0.00150,-1,-1,-1,0,0,0,136,1,1,0,0.0000000,0.0000000,0.0000000,0,0,0,0
757213473667041 D 76,2625296339,1000,1548,1548,2.3746023,0.00145,-1,-1,-1,0,0,0,136,1,1,0,0.0000000,0.0000000,0.0000000,0,0,0,0
757213474633208 D 77,2625297339,1000,1548,1548,2.3746023,0.00139,-1,-1,-1,0,0,0,136,1,1,0,0.0000000,0.0000000,0.0000000,0,0,0,0
757213475643500 D 78,2625298339,1000,1548,1548,2.3746023,0.00133,-1,-1,-1,0,0,0,136,1,1,0,0.0000000,0.0000000,0.0000000,0,0,0,0
757213476696333 D 79,2625299339,1000,1548,1548,2.3746023,0.00128,-1,-1,-1,0,0,0,136,1,1,0,0.0000000,0.0000000,0.0000000,0,0,0,0
757213477671916 D 80,2625300339,1000,1548,1548,2.3746023,0.00123,-1,-1,-1,0,0,0,136,1,1,0,0.0000000,0.0000000,0.0000000,0,0,0,0
757213478638750 D 81,2625301339,1000,1548,1548,2.3746023,0.00118,-1,-1,-1,0,0,0,136,1,1,0,0.0000000,0.0000000,0.0000000,0,0,0,0
757213480029375 D 82,2625302339,1000,1548,1548,2.3746023,0.00114,39,128,2074,0,0,0,136,1,1,0,0.0000000,0.0000000,0.0000000,0,0,0,0
757213480655791 D 83,2625303339,1000,1548,1548,2.3746023,0.00109,-1,-1,-1,0,0,0,136,1,1,0,0.0000000,0.0000000,0.0000000,0,0,0,0
757213481660333 D 84,2625304339,1000,1548,1548,2.3746023,0.00105,-1,-1,-1,0,0,0,136,1,1,0,0.0000000,0.0000000,0.0000000,0,0,0,0
757213482643208 D 85,2625305339,1000,1548,1548,2.3746023,0.00101,-1,-1,-1,0,0,0,136,1,1,0,0.0000000,0.0000000,0.0000000,0,0,0,0
757213483645291 D 86,2625306339,1000,1548,1548,2.3746023,0.00097,-1,-1,-1,0,0,0,136,1,1,0,0.0000000,0.0000000,0.0000000,0,0,0,0
757213484637083 D 87,2625307339,1000,1548,1548,2.3746023,0.00093,-1,-1,-1,0,0,0,136,1,1,0,0.0000000,0.0000000,0.0000000,0,0,0,0
757213485642291 D 88,2625308339,1000,1548,1548,2.3746023,0.00089,-1,-1,-1,0,0,0,136,1,1,0,0.0000000,0.0000000,0.0000000,0,0,0,0
757213486659708 D 89,2625309339,1000,1548,1548,2.3746023,0.00086,-1,-1,-1,0,0,0,136,1,1,0,0.0000000,0.0000000,0.0000000,0,0,0,0
757213488028041 D 90,2625310339,1000,1548,1548,2.3746023,0.00083,-1,-1,-1,0,0,0,136,1,1,0,0.0000000,0.0000000,0.0000000,0,0,0,0
757213488984791 D 91,2625311339,1000,1548,1548,2.3746023,0.00079,-1,-1,-1,0,0,0,136,1,1,0,0.0000000,0.0000000,0.0000000,0,0,0,0
757213489811875 D 92,2625312339,1000,1548,1548,2.3746023,0.00076,-1,-1,-1,0,0,0,136,1,1,0,0.0000000,0.0000000,0.0000000,0,0,0,0
757213490930583 D 93,2625313339,1000,1547,1547,2.3730683,-0.05942,-1,-1,-1,0,0,0,135,1,1,0,0.0000000,0.0000000,0.0000000,0,0,0,0
757213491914916 D 94,2625314339,1000,1548,1548,2.3746023,0.00306,-1,-1,-1,0,0,0,136,1,1,0,0.0000000,0.0000000,0.0000000,0,0,0,0
757213492980125 D 95,2625315339,1000,1548,1548,2.3746023,0.00294,-1,-1,-1,0,0,0,136,1,1,0,0.0000000,0.0000000,0.0000000,0,0,0,0
757213493752833 D 96,2625316339,1000,1548,1548,2.3746023,0.00283,-1,-1,-1,0,0,0,136,1,1,0,0.0000000,0.0000000,0.0000000,0,0,0,0
757213494837375 D 97,2625317339,1000,1548,1548,2.3746023,0.00272,-1,-1,-1,0,0,0,136,1,1,0,0.0000000,0.0000000,0.0000000,0,0,0,0
757213495797541 D 98,2625318339,1000,1548,1548,2.3746023,0.00261,-1,-1,-1,0,0,0,136,1,1,0,0.0000000,0.0000000,0.0000000,0,0,0,0
757213496979416 D 99,2625319339,1000,1548,1548,2.3746023,0.00251,-1,-1,-1,0,0,0,136,1,1,0,0.0000000,0.0000000,0.0000000,0,0,0,0
757213497833625 D 100,2625320339,1000,1548,1548,2.3746023,0.00241,-1,-1,-1,0,0,0,136,1,1,0,0.0000000,0.0000000,0.0000000,0,0,0,0
757213498764791 D 101,2625321339,1000,1548,1548,2.3746023,0.00231,-1,-1,-1,0,0,0,136,1,1,0,0.0000000,0.0000000,0.0000000,0,0,0,0
757213499914000 D 102,2625322339,1000,1548,1548,2.3746023,0.00222,-1,-1,-1,0,0,0,136,1,1,0,0.0000000,0.0000000,0.0000000,0,0,0,0
757213500826583 D 103,2625323339,1000,1548,1548,2.3746023,0.00214,-1,-1,-1,0,0,0,136,1,1,0,0.0000000,0.0000000,0.0000000,0,0,0,0
757213501968958 D 104,2625324339,1000,1547,1547,2.3730683,-0.05810,-1,-1,-1,0,0,0,136,1,1,0,0.0000000,0.0000000,0.0000000,0,0,0,0
757213502909666 D 105,2625325339,1000,1548,1548,2.3746023,0.00433,-1,-1,-1,0,0,0,136,1,1,0,0.0000000,0.0000000,0.0000000,0,0,0,0
757213503824875 D 106,2625326339,1000,1548,1548,2.3746023,0.00416,-1,-1,-1,0,0,0,136,1,1,0,0.0000000,0.0000000,0.0000000,0,0,0,0
757213504851833 D 107,2625327339,1000,1548,1548,2.3746023,0.00400,-1,-1,-1,0,0,0,136,1,1,0,0.0000000,0.0000000,0.0000000,0,0,0,0
757213505852166 D 108,2625328339,1000,1548,1548,2.3746023,0.00384,-1,-1,-1,0,0,0,136,1,1,0,0.0000000,0.0000000,0.0000000,0,0,0,0
757213507000000 D 109,2625329339,1000,1548,1548,2.3746023,0.00369,-1,-1,-1,0,0,0,136,1,1,0,0.0000000,0.0000000,0.0000000,0,0,0,0
757213507858708 D 110,2625330339,1000,1547,1547,2.3730683,-0.05660,-1,-1,-1,0,0,0,136,1,1,0,0.0000000,0.0000000,0.0000000,0,0,0,0
757213509480833 D 111,2625331339,1000,1548,1548,2.3746023,0.00577,-1,-1,-1,0,0,0,136,1,1,0,0.0000000,0.0000000,0.0000000,0,0,0,0
757213510437625 D 112,2625332339,1000,1548,1548,2.3746023,0.00554,-1,-1,-1,0,0,0,136,1,1,0,0.0000000,0.0000000,0.0000000,0,0,0,0
757213511003166 D 113,2625333339,1000,1548,1548,2.3746023,0.00532,-1,-1,-1,0,0,0,136,1,1,0,0.0000000,0.0000000,0.0000000,0,0,0,0
757213511646125 D 114,2625334339,1000,1548,1548,2.3746023,0.00511,-1,-1,-1,0,0,0,136,1,1,0,0.0000000,0.0000000,0.0000000,0,0,0,0
757213512658083 D 115,2625335339,1000,1548,1548,2.3746023,0.00491,-1,-1,-1,0,0,0,136,1,1,0,0.0000000,0.0000000,0.0000000,0,0,0,0
757213513674375 D 116,2625336339,1000,1548,1548,2.3746023,0.00472,-1,-1,-1,0,0,0,136,1,1,0,0.0000000,0.0000000,0.0000000,0,0,0,0
757213514626083 D 117,2625337339,1000,1548,1548,2.3746023,0.00453,-1,-1,-1,0,0,0,136,1,1,0,0.0000000,0.0000000,0.0000000,0,0,0,0
757213515675500 D 118,2625338339,1000,1548,1548,2.3746023,0.00436,-1,-1,-1,0,0,0,136,1,1,0,0.0000000,0.0000000,0.0000000,0,0,0,0
757213516683041 D 119,2625339339,1000,1548,1548,2.3746023,0.00419,-1,-1,-1,0,0,0,136,1,1,0,0.0000000,0.0000000,0.0000000,0,0,0,0
757213517656833 D 120,2625340339,1000,1548,1548,2.3746023,0.00402,-1,-1,-1,0,0,0,136,1,1,0,0.0000000,0.0000000,0.0000000,0,0,0,0
757213518632250 D 121,2625341339,1000,1548,1548,2.3746023,0.00386,-1,-1,-1,0,0,0,136,1,1,0,0.0000000,0.0000000,0.0000000,0,0,0,0
757213519641250 D 122,2625342339,1000,1548,1548,2.3746023,0.00371,-1,-1,-1,0,0,0,136,1,1,0,0.0000000,0.0000000,0.0000000,0,0,0,0
757213520616666 D 123,2625343339,1000,1548,1548,2.3746023,0.00357,-1,-1,-1,0,0,0,136,1,1,0,0.0000000,0.0000000,0.0000000,0,0,0,0
757213521718625 D 124,2625344339,1000,1547,1547,2.3730683,-0.05672,-1,-1,-1,0,0,0,136,1,1,0,0.0000000,0.0000000,0.0000000,0,0,0,0
757213522685500 D 125,2625345339,1000,1548,1548,2.3746023,0.00565,-1,-1,-1,0,0,0,136,1,1,0,0.0000000,0.0000000,0.0000000,0,0,0,0
757213523684000 D 126,2625346339,1000,1548,1548,2.3746023,0.00543,-1,-1,-1,0,0,0,136,1,1,0,0.0000000,0.0000000,0.0000000,0,0,0,0
757213524689208 D 127,2625347339,1000,1548,1548,2.3746023,0.00522,-1,-1,-1,0,0,0,136,1,1,0,0.0000000,0.0000000,0.0000000,0,0,0,0
757213525691875 D 128,2625348339,1000,1548,1548,2.3746023,0.00501,-1,-1,-1,0,0,0,136,1,1,0,0.0000000,0.0000000,0.0000000,0,0,0,0
757213526652458 D 129,2625349339,1000,1548,1548,2.3746023,0.00482,-1,-1,-1,0,0,0,136,1,1,0,0.0000000,0.0000000,0.0000000,0,0,0,0
757213527679458 D 130,2625350339,1000,1548,1548,2.3746023,0.00463,-1,-1,-1,0,0,0,136,1,1,0,0.0000000,0.0000000,0.0000000,0,0,0,0
757213528655458 D 131,2625351339,1000,1548,1548,2.3746023,0.00445,-1,-1,-1,0,0,0,136,1,1,0,0.0000000,0.0000000,0.0000000,0,0,0,0
757213530033833 D 132,2625352339,1000,1548,1548,2.3746023,0.00427,39,128,2074,0,0,0,136,1,1,0,0.0000000,0.0000000,0.0000000,0,0,0,0
757213530681041 D 133,2625353339,1000,1547,1547,2.3730683,-0.05604,-1,-1,-1,0,0,0,136,1,1,0,0.0000000,0.0000000,0.0000000,0,0,0,0
757213531654583 D 134,2625354339,1000,1548,1548,2.3746023,0.00630,-1,-1,-1,0,0,0,136,1,1,0,0.0000000,0.0000000,0.0000000,0,0,0,0
757213532692666 D 135,2625355339,1000,1547,1547,2.3730683,-0.05409,-1,-1,-1,0,0,0,136,1,1,0,0.0000000,0.0000000,0.0000000,0,0,0,0
757213533655833 D 136,2625356339,1000,1548,1548,2.3746023,0.00818,-1,-1,-1,0,0,0,136,1,1,0,0.0000000,0.0000000,0.0000000,0,0,0,0
757213534714750 D 137,2625357339,1000,1548,1548,2.3746023,0.00785,-1,-1,-1,0,0,0,136,1,1,0,0.0000000,0.0000000,0.0000000,0,0,0,0
757213535667666 D 138,2625358339,1000,1548,1548,2.3746023,0.00755,-1,-1,-1,0,0,0,136,1,1,0,0.0000000,0.0000000,0.0000000,0,0,0,0
757213536630125 D 139,2625359339,1000,1548,1548,2.3746023,0.00725,-1,-1,-1,0,0,0,136,1,1,0,0.0000000,0.0000000,0.0000000,0,0,0,0
757213538348625 D 140,2625360339,1000,1549,1549,2.3761363,0.06711,-1,-1,-1,0,0,0,136,1,1,0,0.0000000,0.0000000,0.0000000,0,0,0,0
757213539197375 D 141,2625361339,1000,1548,1548,2.3746023,0.00433,-1,-1,-1,0,0,0,136,1,1,0,0.0000000,0.0000000,0.0000000,0,0,0,0
757213540395625 D 142,2625362339,1000,1548,1548,2.3746023,0.00416,-1,-1,-1,0,0,0,136,1,1,0,0.0000000,0.0000000,0.0000000,0,0,0,0
757213540956041 D 143,2625363339,1000,1549,1549,2.3761363,0.06415,-1,-1,-1,0,0,0,136,1,1,0,0.0000000,0.0000000,0.0000000,0,0,0,0
757213541642291 D 144,2625364339,1000,1548,1548,2.3746023,0.00149,-1,-1,-1,0,0,0,136,1,1,0,0.0000000,0.0000000,0.0000000,0,0,0,0
757213542680291 D 145,2625365339,1000,1548,1548,2.3746023,0.00143,-1,-1,-1,0,0,0,136,1,1,0,0.0000000,0.0000000,0.0000000,0,0,0,0
757213543684333 D 146,2625366339,1000,1548,1548,2.3746023,0.00137,-1,-1,-1,0,0,0,136,1,1,0,0.0000000,0.0000000,0.0000000,0,0,0,0
757213544650333 D 147,2625367339,1000,1548,1548,2.3746023,0.00132,-1,-1,-1,0,0,0,136,1,1,0,0.0000000,0.0000000,0.0000000,0,0,0,0
757213545678208 D 148,2625368339,1000,1547,1547,2.3730683,-0.05888,-1,-1,-1,0,0,0,136,1,1,0,0.0000000,0.0000000,0.0000000,0,0,0,0
757213546667708 D 149,2625369339,1000,1548,1548,2.3746023,0.00358,-1,-1,-1,0,0,0,136,1,1,0,0.0000000,0.0000000,0.0000000,0,0,0,0
757213547622625 D 150,2625370339,1000,1548,1548,2.3746023,0.00344,-1,-1,-1,0,0,0,136,1,1,0,0.0000000,0.0000000,0.0000000,0,0,0,0
757213548658000 D 151,2625371339,1000,1548,1548,2.3746023,0.00330,-1,-1,-1,0,0,0,136,1,1,0,0.0000000,0.0000000,0.0000000,0,0,0,0
757213549647083 D 152,2625372339,1000,1548,1548,2.3746023,0.00317,-1,-1,-1,0,0,0,136,1,1,0,0.0000000,0.0000000,0.0000000,0,0,0,0
757213550647083 D 153,2625373339,1000,1548,1548,2.3746023,0.00305,-1,-1,-1,0,0,0,136,1,1,0,0.0000000,0.0000000,0.0000000,0,0,0,0
757213551694916 D 154,2625374339,1000,1548,1548,2.3746023,0.00293,-1,-1,-1,0,0,0,136,1,1,0,0.0000000,0.0000000,0.0000000,0,0,0,0
757213552641708 D 155,2625375339,1000,1548,1548,2.3746023,0.00281,-1,-1,-1,0,0,0,136,1,1,0,0.0000000,0.0000000,0.0000000,0,0,0,0
757213553806875 D 156,2625376339,1000,1548,1548,2.3746023,0.00270,-1,-1,-1,0,0,0,136,1,1,0,0.0000000,0.0000000,0.0000000,0,0,0,0
757213554616125 D 157,2625377339,1000,1548,1548,2.3746023,0.00260,-1,-1,-1,0,0,0,136,1,1,0,0.0000000,0.0000000,0.0000000,0,0,0,0
757213555646625 D 158,2625378339,1000,1548,1548,2.3746023,0.00249,-1,-1,-1,0,0,0,136,1,1,0,0.0000000,0.0000000,0.0000000,0,0,0,0
757213556678500 D 159,2625379339,1000,1548,1548,2.3746023,0.00240,-1,-1,-1,0,0,0,136,1,1,0,0.0000000,0.0000000,0.0000000,0,0,0,0
757213557728958 D 160,2625380339,1000,1548,1548,2.3746023,0.00230,-1,-1,-1,0,0,0,136,1,1,0,0.0000000,0.0000000,0.0000000,0,0,0,0
757213558704208 D 161,2625381339,1000,1548,1548,2.3746023,0.00221,-1,-1,-1,0,0,0,136,1,1,0,0.0000000,0.0000000,0.0000000,0,0,0,0
757213559655666 D 162,2625382339,1000,1548,1548,2.3746023,0.00213,-1,-1,-1,0,0,0,136,1,1,0,0.0000000,0.0000000,0.0000000,0,0,0,0
757213560664958 D 163,2625383339,1000,1548,1548,2.3746023,0.00204,-1,-1,-1,0,0,0,136,1,1,0,0.0000000,0.0000000,0.0000000,0,0,0,0
757213561679875 D 164,2625384339,1000,1548,1548,2.3746023,0.00196,-1,-1,-1,0,0,0,136,1,1,0,0.0000000,0.0000000,0.0000000,0,0,0,0
757213562651458 D 165,2625385339,1000,1548,1548,2.3746023,0.00189,-1,-1,-1,0,0,0,136,1,1,0,0.0000000,0.0000000,0.0000000,0,0,0,0
757213563667250 D 166,2625386339,1000,1548,1548,2.3746023,0.00181,-1,-1,-1,0,0,0,136,1,1,0,0.0000000,0.0000000,0.0000000,0,0,0,0
757213564660375 D 167,2625387339,1000,1548,1548,2.3746023,0.00174,-1,-1,-1,0,0,0,136,1,1,0,0.0000000,0.0000000,0.0000000,0,0,0,0
757213565647125 D 168,2625388339,1000,1548,1548,2.3746023,0.00167,-1,-1,-1,0,0,0,136,1,1,0,0.0000000,0.0000000,0.0000000,0,0,0,0
757213566953750 D 169,2625389339,1000,1548,1548,2.3746023,0.00161,-1,-1,-1,0,0,0,136,1,1,0,0.0000000,0.0000000,0.0000000,0,0,0,0
757213567886166 D 170,2625390339,1000,1549,1549,2.3761363,0.06169,-1,-1,-1,0,0,0,136,1,1,0,0.0000000,0.0000000,0.0000000,0,0,0,0
757213568648458 D 171,2625391339,1000,1548,1548,2.3746023,-0.00088,-1,-1,-1,0,0,0,136,1,1,0,0.0000000,0.0000000,0.0000000,0,0,0,0
757213569664208 D 172,2625392339,1000,1548,1548,2.3746023,-0.00084,-1,-1,-1,0,0,0,136,1,1,0,0.0000000,0.0000000,0.0000000,0,0,0,0
757213570712375 D 173,2625393339,1000,1547,1547,2.3730683,-0.06096,-1,-1,-1,0,0,0,136,1,1,0,0.0000000,0.0000000,0.0000000,0,0,0,0
757213571693375 D 174,2625394339,1000,1548,1548,2.3746023,0.00158,-1,-1,-1,0,0,0,136,1,1,0,0.0000000,0.0000000,0.0000000,0,0,0,0
757213572663291 D 175,2625395339,1000,1548,1548,2.3746023,0.00152,-1,-1,-1,0,0,0,136,1,1,0,0.0000000,0.0000000,0.0000000,0,0,0,0
757213573640458 D 176,2625396339,1000,1548,1548,2.3746023,0.00146,-1,-1,-1,0,0,0,136,1,1,0,0.0000000,0.0000000,0.0000000,0,0,0,0
757213574685166 D 177,2625397339,1000,1548,1548,2.3746023,0.00140,-1,-1,-1,0,0,0,136,1,1,0,0.0000000,0.0000000,0.0000000,0,0,0,0
757213575642916 D 178,2625398339,1000,1548,1548,2.3746023,0.00135,-1,-1,-1,0,0,0,136,1,1,0,0.0000000,0.0000000,0.0000000,0,0,0,0
757213576671791 D 179,2625399339,1000,1548,1548,2.3746023,0.00130,-1,-1,-1,0,0,0,136,1,1,0,0.0000000,0.0000000,0.0000000,0,0,0,0
757213577675250 D 180,2625400339,1000,1548,1548,2.3746023,0.00124,-1,-1,-1,0,0,0,136,1,1,0,0.0000000,0.0000000,0.0000000,0,0,0,0
757213578689208 D 181,2625401339,1000,1548,1548,2.3746023,0.00120,-1,-1,-1,0,0,0,136,1,1,0,0.0000000,0.0000000,0.0000000,0,0,0,0
757213580033375 D 182,2625402339,1000,1548,1548,2.3746023,0.00115,39,128,2075,0,0,0,136,1,1,0,0.0000000,0.0000000,0.0000000,0,0,0,0
757213580679125 D 183,2625403339,1000,1548,1548,2.3746023,0.00110,-1,-1,-1,0,0,0,136,1,1,0,0.0000000,0.0000000,0.0000000,0,0,0,0
757213581694625 D 184,2625404339,1000,1548,1548,2.3746023,0.00106,-1,-1,-1,0,0,0,136,1,1,0,0.0000000,0.0000000,0.0000000,0,0,0,0
757213582692458 D 185,2625405339,1000,1548,1548,2.3746023,0.00102,-1,-1,-1,0,0,0,136,1,1,0,0.0000000,0.0000000,0.0000000,0,0,0,0
757213583725125 D 186,2625406339,1000,1548,1548,2.3746023,0.00098,-1,-1,-1,0,0,0,136,1,1,0,0.0000000,0.0000000,0.0000000,0,0,0,0
757213584653541 D 187,2625407339,1000,1548,1548,2.3746023,0.00094,-1,-1,-1,0,0,0,136,1,1,0,0.0000000,0.0000000,0.0000000,0,0,0,0
757213585652291 D 188,2625408339,1000,1548,1548,2.3746023,0.00090,-1,-1,-1,0,0,0,136,1,1,0,0.0000000,0.0000000,0.0000000,0,0,0,0
757213586669583 D 189,2625409339,1000,1548,1548,2.3746023,0.00087,-1,-1,-1,0,0,0,136,1,1,0,0.0000000,0.0000000,0.0000000,0,0,0,0
757213587706166 D 190,2625410339,1000,1548,1548,2.3746023,0.00083,-1,-1,-1,0,0,0,136,1,1,0,0.0000000,0.0000000,0.0000000,0,0,0,0
757213588671541 D 191,2625411339,1000,1547,1547,2.3730683,-0.05935,-1,-1,-1,0,0,0,135,1,1,0,0.0000000,0.0000000,0.0000000,0,0,0,0
757213589639875 D 192,2625412339,1000,1548,1548,2.3746023,0.00313,-1,-1,-1,0,0,0,136,1,1,0,0.0000000,0.0000000,0.0000000,0,0,0,0
757213590717291 D 193,2625413339,1000,1548,1548,2.3746023,0.00301,-1,-1,-1,0,0,0,136,1,1,0,0.0000000,0.0000000,0.0000000,0,0,0,0
757213591701833 D 194,2625414339,1000,1548,1548,2.3746023,0.00289,-1,-1,-1,0,0,0,136,1,1,0,0.0000000,0.0000000,0.0000000,0,0,0,0
757213593022125 D 195,2625415339,1000,1548,1548,2.3746023,0.00277,-1,-1,-1,0,0,0,136,1,1,0,0.0000000,0.0000000,0.0000000,0,0,0,0
757213593961333 D 196,2625416339,1000,1548,1548,2.3746023,0.00267,-1,-1,-1,0,0,0,136,1,1,0,0.0000000,0.0000000,0.0000000,0,0,0,0
757213594872708 D 197,2625417339,1000,1548,1548,2.3746023,0.00256,-1,-1,-1,0,0,0,136,1,1,0,0.0000000,0.0000000,0.0000000,0,0,0,0
757213596070375 D 198,2625418339,1000,1548,1548,2.3746023,0.00246,-1,-1,-1,0,0,0,136,1,1,0,0.0000000,0.0000000,0.0000000,0,0,0,0
757213596663000 D 199,2625419339,1000,1548,1548,2.3746023,0.00236,-1,-1,-1,0,0,0,136,1,1,0,0.0000000,0.0000000,0.0000000,0,0,0,0
757213597673458 D 200,2625420339,1000,1547,1547,2.3730683,-0.05788,-1,-1,-1,0,0,0,136,1,1,0,0.0000000,0.0000000,0.0000000,0,0,0,0
757213598703333 D 201,2625421339,1000,1548,1548,2.3746023,0.00454,-1,-1,-1,0,0,0,136,1,1,0,0.0000000,0.0000000,0.0000000,0,0,0,0
757213599688875 D 202,2625422339,1000,1548,1548,2.3746023,0.00436,-1,-1,-1,0,0,0,136,1,1,0,0.0000000,0.0000000,0.0000000,0,0,0,0
757213600699208 D 203,2625423339,1000,1548,1548,2.3746023,0.00419,-1,-1,-1,0,0,0,136,1,1,0,0.0000000,0.0000000,0.0000000,0,0,0,0
757213601671166 D 204,2625424339,1000,1548,1548,2.3746023,0.00403,-1,-1,-1,0,0,0,136,1,1,0,0.0000000,0.0000000,0.0000000,0,0,0,0
757213602665208 D 205,2625425339,1000,1548,1548,2.3746023,0.00387,-1,-1,-1,0,0,0,136,1,1,0,0.0000000,0.0000000,0.0000000,0,0,0,0
757213603683958 D 206,2625426339,1000,1548,1548,2.3746023,0.00372,-1,-1,-1,0,0,0,136,1,1,0,0.0000000,0.0000000,0.0000000,0,0,0,0
757213604661000 D 207,2625427339,1000,1548,1548,2.3746023,0.00357,-1,-1,-1,0,0,0,136,1,1,0,0.0000000,0.0000000,0.0000000,0,0,0,0
757213605654916 D 208,2625428339,1000,1548,1548,2.3746023,0.00343,-1,-1,-1,0,0,0,136,1,1,0,0.0000000,0.0000000,0.0000000,0,0,0,0
757213606628041 D 209,2625429339,1000,1547,1547,2.3730683,-0.05685,-1,-1,-1,0,0,0,136,1,1,0,0.0000000,0.0000000,0.0000000,0,0,0,0
757213607658375 D 210,2625430339,1000,1548,1548,2.3746023,0.00553,-1,-1,-1,0,0,0,136,1,1,0,0.0000000,0.0000000,0.0000000,0,0,0,0
757213608647916 D 211,2625431339,1000,1548,1548,2.3746023,0.00531,-1,-1,-1,0,0,0,136,1,1,0,0.0000000,0.0000000,0.0000000,0,0,0,0
757213609662958 D 212,2625432339,1000,1548,1548,2.3746023,0.00510,-1,-1,-1,0,0,0,136,1,1,0,0.0000000,0.0000000,0.0000000,0,0,0,0
757213610672250 D 213,2625433339,1000,1548,1548,2.3746023,0.00490,-1,-1,-1,0,0,0,136,1,1,0,0.0000000,0.0000000,0.0000000,0,0,0,0
757213611643583 D 214,2625434339,1000,1548,1548,2.3746023,0.00471,-1,-1,-1,0,0,0,136,1,1,0,0.0000000,0.0000000,0.0000000,0,0,0,0
757213612633583 D 215,2625435339,1000,1548,1548,2.3746023,0.00452,-1,-1,-1,0,0,0,136,1,1,0,0.0000000,0.0000000,0.0000000,0,0,0,0
757213613651958 D 216,2625436339,1000,1548,1548,2.3746023,0.00435,-1,-1,-1,0,0,0,136,1,1,0,0.0000000,0.0000000,0.0000000,0,0,0,0
757213614671875 D 217,2625437339,1000,1548,1548,2.3746023,0.00418,-1,-1,-1,0,0,0,136,1,1,0,0.0000000,0.0000000,0.0000000,0,0,0,0
757213615633625 D 218,2625438339,1000,1547,1547,2.3730683,-0.05614,-1,-1,-1,0,0,0,136,1,1,0,0.0000000,0.0000000,0.0000000,0,0,0,0
757213616644208 D 219,2625439339,1000,1548,1548,2.3746023,0.00621,-1,-1,-1,0,0,0,135,1,1,0,0.0000000,0.0000000,0.0000000,0,0,0,0
757213617641458 D 220,2625440339,1000,1548,1548,2.3746023,0.00597,-1,-1,-1,0,0,0,136,1,1,0,0.0000000,0.0000000,0.0000000,0,0,0,0
757213618623750 D 221,2625441339,1000,1548,1548,2.3746023,0.00574,-1,-1,-1,0,0,0,136,1,1,0,0.0000000,0.0000000,0.0000000,0,0,0,0
757213619681166 D 222,2625442339,1000,1547,1547,2.3730683,-0.05464,-1,-1,-1,0,0,0,136,1,1,0,0.0000000,0.0000000,0.0000000,0,0,0,0
757213620618541 D 223,2625443339,1000,1548,1548,2.3746023,0.00765,-1,-1,-1,0,0,0,136,1,1,0,0.0000000,0.0000000,0.0000000,0,0,0,0
757213621643666 D 224,2625444339,1000,1547,1547,2.3730683,-0.05279,-1,-1,-1,0,0,0,136,1,1,0,0.0000000,0.0000000,0.0000000,0,0,0,0
757213627871833 D 225,2625445339,1000,1548,1548,2.3746023,0.00942,-1,-1,-1,0,0,0,136,1,1,0,0.0000000,0.0000000,0.0000000,0,0,0,0
757213628428541 D 226,2625446339,1000,1548,1548,2.3746023,0.00905,-1,-1,-1,0,0,0,136,1,1,0,0.0000000,0.0000000,0.0000000,0,0,0,0
757213628983291 D 227,2625447339,1000,1548,1548,2.3746023,0.00870,-1,-1,-1,0,0,0,136,1,1,0,0.0000000,0.0000000,0.0000000,0,0,0,0
757213629550916 D 228,2625448339,1000,1548,1548,2.3746023,0.00836,-1,-1,-1,0,0,0,136,1,1,0,0.0000000,0.0000000,0.0000000,0,0,0,0
757213630075833 D 229,2625449339,1000,1548,1548,2.3746023,0.00803,-1,-1,-1,0,0,0,136,1,1,0,0.0000000,0.0000000,0.0000000,0,0,0,0
757213630549416 D 230,2625450339,1000,1548,1548,2.3746023,0.00772,-1,-1,-1,0,0,0,136,1,1,0,0.0000000,0.0000000,0.0000000,0,0,0,0
757213631024333 D 231,2625451339,1000,1548,1548,2.3746023,0.00741,-1,-1,-1,0,0,0,136,1,1,0,0.0000000,0.0000000,0.0000000,0,0,0,0
757213631516958 D 232,2625452339,1000,1548,1548,2.3746023,0.00712,39,128,2075,0,0,0,136,1,1,0,0.0000000,0.0000000,0.0000000,0,0,0,0
757213631996041 D 233,2625453339,1000,1548,1548,2.3746023,0.00684,-1,-1,-1,0,0,0,136,1,1,0,0.0000000,0.0000000,0.0000000,0,0,0,0
757213632472000 D 234,2625454339,1000,1548,1548,2.3746023,0.00657,-1,-1,-1,0,0,0,136,1,1,0,0.0000000,0.0000000,0.0000000,0,0,0,0
757213632946375 D 235,2625455339,1000,1548,1548,2.3746023,0.00632,-1,-1,-1,0,0,0,136,1,1,0,0.0000000,0.0000000,0.0000000,0,0,0,0
757213633572291 D 236,2625456339,1000,1548,1548,2.3746023,0.00607,-1,-1,-1,0,0,0,136,1,1,0,0.0000000,0.0000000,0.0000000,0,0,0,0
757213634557250 D 237,2625457339,1000,1548,1548,2.3746023,0.00583,-1,-1,-1,0,0,0,136,1,1,0,0.0000000,0.0000000,0.0000000,0,0,0,0
757213635601000 D 238,2625458339,1000,1548,1548,2.3746023,0.00560,-1,-1,-1,0,0,0,136,1,1,0,0.0000000,0.0000000,0.0000000,0,0,0,0
757213636543041 D 239,2625459339,1000,1548,1548,2.3746023,0.00538,-1,-1,-1,0,0,0,136,1,1,0,0.0000000,0.0000000,0.0000000,0,0,0,0
757213637521333 D 240,2625460339,1000,1548,1548,2.3746023,0.00517,-1,-1,-1,0,0,0,136,1,1,0,0.0000000,0.0000000,0.0000000,0,0,0,0
757213638588666 D 241,2625461339,1000,1548,1548,2.3746023,0.00497,-1,-1,-1,0,0,0,136,1,1,0,0.0000000,0.0000000,0.0000000,0,0,0,0
757213639506666 D 242,2625462339,1000,1548,1548,2.3746023,0.00477,-1,-1,-1,0,0,0,136,1,1,0,0.0000000,0.0000000,0.0000000,0,0,0,0
757213640543666 D 243,2625463339,1000,1548,1548,2.3746023,0.00459,-1,-1,-1,0,0,0,136,1,1,0,0.0000000,0.0000000,0.0000000,0,0,0,0
757213641525000 D 244,2625464339,1000,1547,1547,2.3730683,-0.05574,-1,-1,-1,0,0,0,136,1,1,0,0.0000000,0.0000000,0.0000000,0,0,0,0
757213642524791 D 245,2625465339,1000,1548,1548,2.3746023,0.00659,-1,-1,-1,0,0,0,136,1,1,0,0.0000000,0.0000000,0.0000000,0,0,0,0
757213643508083 D 246,2625466339,1000,1548,1548,2.3746023,0.00633,-1,-1,-1,0,0,0,136,1,1,0,0.0000000,0.0000000,0.0000000,0,0,0,0
757213644506500 D 247,2625467339,1000,1548,1548,2.3746023,0.00609,-1,-1,-1,0,0,0,136,1,1,0,0.0000000,0.0000000,0.0000000,0,0,0,0
757213645562333 D 248,2625468339,1000,1548,1548,2.3746023,0.00585,-1,-1,-1,0,0,0,136,1,1,0,0.0000000,0.0000000,0.0000000,0,0,0,0
757213646544583 D 249,2625469339,1000,1548,1548,2.3746023,0.00562,-1,-1,-1,0,0,0,136,1,1,0,0.0000000,0.0000000,0.0000000,0,0,0,0
757213647523833 D 250,2625470339,1000,1548,1548,2.3746023,0.00540,-1,-1,-1,0,0,0,136,1,1,0,0.0000000,0.0000000,0.0000000,0,0,0,0
757213648520583 D 251,2625471339,1000,1548,1548,2.3746023,0.00519,-1,-1,-1,0,0,0,136,1,1,0,0.0000000,0.0000000,0.0000000,0,0,0,0
757213649498708 D 252,2625472339,1000,1548,1548,2.3746023,0.00498,-1,-1,-1,0,0,0,136,1,1,0,0.0000000,0.0000000,0.0000000,0,0,0,0
757213650565541 D 253,2625473339,1000,1549,1549,2.3761363,0.06494,-1,-1,-1,0,0,0,136,1,1,0,0.0000000,0.0000000,0.0000000,0,0,0,0
757213651514541 D 254,2625474339,1000,1548,1548,2.3746023,0.00224,-1,-1,-1,0,0,0,136,1,1,0,0.0000000,0.0000000,0.0000000,0,0,0,0
757213652579875 D 255,2625475339,1000,1548,1548,2.3746023,0.00215,-1,-1,-1,0,0,0,136,1,1,0,0.0000000,0.0000000,0.0000000,0,0,0,0
757213653663916 D 256,2625476339,1000,1548,1548,2.3746023,0.00207,-1,-1,-1,0,0,0,136,1,1,0,0.0000000,0.0000000,0.0000000,0,0,0,0
757213654568708 D 257,2625477339,1000,1548,1548,2.3746023,0.00199,-1,-1,-1,0,0,0,136,1,1,0,0.0000000,0.0000000,0.0000000,0,0,0,0
757213655719875 D 258,2625478339,1000,1548,1548,2.3746023,0.00191,-1,-1,-1,0,0,0,136,1,1,0,0.0000000,0.0000000,0.0000000,0,0,0,0
757213656606375 D 259,2625479339,1000,1548,1548,2.3746023,0.00183,-1,-1,-1,0,0,0,136,1,1,0,0.0000000,0.0000000,0.0000000,0,0,0,0
757213657678500 D 260,2625480339,1000,1548,1548,2.3746023,0.00176,-1,-1,-1,0,0,0,136,1,1,0,0.0000000,0.0000000,0.0000000,0,0,0,0
757213658621083 D 261,2625481339,1000,1548,1548,2.3746023,0.00169,-1,-1,-1,0,0,0,136,1,1,0,0.0000000,0.0000000,0.0000000,0,0,0,0
757213659618958 D 262,2625482339,1000,1548,1548,2.3746023,0.00163,-1,-1,-1,0,0,0,136,1,1,0,0.0000000,0.0000000,0.0000000,0,0,0,0
757213660660541 D 263,2625483339,1000,1548,1548,2.3746023,0.00156,-1,-1,-1,0,0,0,136,1,1,0,0.0000000,0.0000000,0.0000000,0,0,0,0
757213661673291 D 264,2625484339,1000,1548,1548,2.3746023,0.00150,-1,-1,-1,0,0,0,136,1,1,0,0.0000000,0.0000000,0.0000000,0,0,0,0
757213662716750 D 265,2625485339,1000,1547,1547,2.3730683,-0.05870,-1,-1,-1,0,0,0,136,1,1,0,0.0000000,0.0000000,0.0000000,0,0,0,0
757213663674458 D 266,2625486339,1000,1548,1548,2.3746023,0.00375,-1,-1,-1,0,0,0,136,1,1,0,0.0000000,0.0000000,0.0000000,0,0,0,0
757213664651125 D 267,2625487339,1000,1548,1548,2.3746023,0.00360,-1,-1,-1,0,0,0,136,1,1,0,0.0000000,0.0000000,0.0000000,0,0,0,0
757213665677875 D 268,2625488339,1000,1548,1548,2.3746023,0.00346,-1,-1,-1,0,0,0,136,1,1,0,0.0000000,0.0000000,0.0000000,0,0,0,0
757213666722708 D 269,2625489339,1000,1547,1547,2.3730683,-0.05683,-1,-1,-1,0,0,0,136,1,1,0,0.0000000,0.0000000,0.0000000,0,0,0,0
757213667689791 D 270,2625490339,1000,1548,1548,2.3746023,0.00555,-1,-1,-1,0,0,0,136,1,1,0,0.0000000,0.0000000,0.0000000,0,0,0,0
757213668647583 D 271,2625491339,1000,1548,1548,2.3746023,0.00533,-1,-1,-1,0,0,0,136,1,1,0,0.0000000,0.0000000,0.0000000,0,0,0,0
757213669667875 D 272,2625492339,1000,1548,1548,2.3746023,0.00512,-1,-1,-1,0,0,0,136,1,1,0,0.0000000,0.0000000,0.0000000,0,0,0,0
757213670707708 D 273,2625493339,1000,1548,1548,2.3746023,0.00492,-1,-1,-1,0,0,0,136,1,1,0,0.0000000,0.0000000,0.0000000,0,0,0,0
757213671715750 D 274,2625494339,1000,1548,1548,2.3746023,0.00473,-1,-1,-1,0,0,0,136,1,1,0,0.0000000,0.0000000,0.0000000,0,0,0,0
757213672643125 D 275,2625495339,1000,1548,1548,2.3746023,0.00454,-1,-1,-1,0,0,0,136,1,1,0,0.0000000,0.0000000,0.0000000,0,0,0,0
757213673746500 D 276,2625496339,1000,1548,1548,2.3746023,0.00437,-1,-1,-1,0,0,0,136,1,1,0,0.0000000,0.0000000,0.0000000,0,0,0,0
757213674621250 D 277,2625497339,1000,1548,1548,2.3746023,0.00419,-1,-1,-1,0,0,0,136,1,1,0,0.0000000,0.0000000,0.0000000,0,0,0,0
757213675672666 D 278,2625498339,1000,1548,1548,2.3746023,0.00403,-1,-1,-1,0,0,0,136,1,1,0,0.0000000,0.0000000,0.0000000,0,0,0,0
757213676667833 D 279,2625499339,1000,1548,1548,2.3746023,0.00387,-1,-1,-1,0,0,0,136,1,1,0,0.0000000,0.0000000,0.0000000,0,0,0,0
757213677676791 D 280,2625500339,1000,1548,1548,2.3746023,0.00372,-1,-1,-1,0,0,0,136,1,1,0,0.0000000,0.0000000,0.0000000,0,0,0,0
757213678706583 D 281,2625501339,1000,1548,1548,2.3746023,0.00357,-1,-1,-1,0,0,0,136,1,1,0,0.0000000,0.0000000,0.0000000,0,0,0,0
757213680073666 D 282,2625502339,1000,1548,1548,2.3746023,0.00343,39,128,2074,0,0,0,136,1,1,0,0.0000000,0.0000000,0.0000000,0,0,0,0
757213680639000 D 283,2625503339,1000,1548,1548,2.3746023,0.00330,-1,-1,-1,0,0,0,136,1,1,0,0.0000000,0.0000000,0.0000000,0,0,0,0
757213681658458 D 284,2625504339,1000,1548,1548,2.3746023,0.00317,-1,-1,-1,0,0,0,136,1,1,0,0.0000000,0.0000000,0.0000000,0,0,0,0
757213682664333 D 285,2625505339,1000,1548,1548,2.3746023,0.00305,-1,-1,-1,0,0,0,136,1,1,0,0.0000000,0.0000000,0.0000000,0,0,0,0
757213683697291 D 286,2625506339,1000,1548,1548,2.3746023,0.00293,-1,-1,-1,0,0,0,136,1,1,0,0.0000000,0.0000000,0.0000000,0,0,0,0
757213684644250 D 287,2625507339,1000,1548,1548,2.3746023,0.00281,-1,-1,-1,0,0,0,136,1,1,0,0.0000000,0.0000000,0.0000000,0,0,0,0
757213685684250 D 288,2625508339,1000,1548,1548,2.3746023,0.00270,-1,-1,-1,0,0,0,136,1,1,0,0.0000000,0.0000000,0.0000000,0,0,0,0
757213686668125 D 289,2625509339,1000,1548,1548,2.3746023,0.00260,-1,-1,-1,0,0,0,136,1,1,0,0.0000000,0.0000000,0.0000000,0,0,0,0
757213687660083 D 290,2625510339,1000,1548,1548,2.3746023,0.00249,-1,-1,-1,0,0,0,136,1,1,0,0.0000000,0.0000000,0.0000000,0,0,0,0
757213688630166 D 291,2625511339,1000,1548,1548,2.3746023,0.00240,-1,-1,-1,0,0,0,136,1,1,0,0.0000000,0.0000000,0.0000000,0,0,0,0
757213689616208 D 292,2625512339,1000,1548,1548,2.3746023,0.00230,-1,-1,-1,0,0,0,136,1,1,0,0.0000000,0.0000000,0.0000000,0,0,0,0
757213690640666 D 293,2625513339,1000,1548,1548,2.3746023,0.00221,-1,-1,-1,0,0,0,136,1,1,0,0.0000000,0.0000000,0.0000000,0,0,0,0
757213691664583 D 294,2625514339,1000,1548,1548,2.3746023,0.00213,-1,-1,-1,0,0,0,136,1,1,0,0.0000000,0.0000000,0.0000000,0,0,0,0
757213692676250 D 295,2625515339,1000,1548,1548,2.3746023,0.00204,-1,-1,-1,0,0,0,136,1,1,0,0.0000000,0.0000000,0.0000000,0,0,0,0
757213693672666 D 296,2625516339,1000,1548,1548,2.3746023,0.00196,-1,-1,-1,0,0,0,136,1,1,0,0.0000000,0.0000000,0.0000000,0,0,0,0
757213694625083 D 297,2625517339,1000,1548,1548,2.3746023,0.00188,-1,-1,-1,0,0,0,136,1,1,0,0.0000000,0.0000000,0.0000000,0,0,0,0
757213695643333 D 298,2625518339,1000,1548,1548,2.3746023,0.00181,-1,-1,-1,0,0,0,136,1,1,0,0.0000000,0.0000000,0.0000000,0,0,0,0
757213696679250 D 299,2625519339,1000,1548,1548,2.3746023,0.00174,-1,-1,-1,0,0,0,136,1,1,0,0.0000000,0.0000000,0.0000000,0,0,0,0
757213697617250 D 300,2625520339,1000,1548,1548,2.3746023,0.00167,-1,-1,-1,0,0,0,136,1,1,0,0.0000000,0.0000000,0.0000000,0,0,0,0
757213698643958 D 301,2625521339,1000,1548,1548,2.3746023,0.00161,-1,-1,-1,0,0,0,136,1,1,0,0.0000000,0.0000000,0.0000000,0,0,0,0
757213699679708 D 302,2625522339,1000,1548,1548,2.3746023,0.00154,-1,-1,-1,0,0,0,136,1,1,0,0.0000000,0.0000000,0.0000000,0,0,0,0
757213700634625 D 303,2625523339,1000,1548,1548,2.3746023,0.00148,-1,-1,-1,0,0,0,136,1,1,0,0.0000000,0.0000000,0.0000000,0,0,0,0
757213701669958 D 304,2625524339,1000,1548,1548,2.3746023,0.00142,-1,-1,-1,0,0,0,136,1,1,0,0.0000000,0.0000000,0.0000000,0,0,0,0
757213702645333 D 305,2625525339,1000,1548,1548,2.3746023,0.00137,-1,-1,-1,0,0,0,136,1,1,0,0.0000000,0.0000000,0.0000000,0,0,0,0
757213703626958 D 306,2625526339,1000,1548,1548,2.3746023,0.00131,-1,-1,-1,0,0,0,136,1,1,0,0.0000000,0.0000000,0.0000000,0,0,0,0
757213704760166 D 307,2625527339,1000,1548,1548,2.3746023,0.00126,-1,-1,-1,0,0,0,136,1,1,0,0.0000000,0.0000000,0.0000000,0,0,0,0
757213705667000 D 308,2625528339,1000,1548,1548,2.3746023,0.00121,-1,-1,-1,0,0,0,136,1,1,0,0.0000000,0.0000000,0.0000000,0,0,0,0
757213706681541 D 309,2625529339,1000,1548,1548,2.3746023,0.00117,-1,-1,-1,0,0,0,136,1,1,0,0.0000000,0.0000000,0.0000000,0,0,0,0
757213707727583 D 310,2625530339,1000,1548,1548,2.3746023,0.00112,-1,-1,-1,0,0,0,136,1,1,0,0.0000000,0.0000000,0.0000000,0,0,0,0
757213708643208 D 311,2625531339,1000,1548,1548,2.3746023,0.00108,-1,-1,-1,0,0,0,136,1,1,0,0.0000000,0.0000000,0.0000000,0,0,0,0
757213709688875 D 312,2625532339,1000,1547,1547,2.3730683,-0.05911,-1,-1,-1,0,0,0,136,1,1,0,0.0000000,0.0000000,0.0000000,0,0,0,0
757213710672333 D 313,2625533339,1000,1547,1547,2.3730683,-0.05680,-1,-1,-1,0,0,0,136,1,1,0,0.0000000,0.0000000,0.0000000,0,0,0,0
757213711687833 D 314,2625534339,1000,1548,1548,2.3746023,0.00558,-1,-1,-1,0,0,0,136,1,1,0,0.0000000,0.0000000,0.0000000,0,0,0,0
757213712627333 D 315,2625535339,1000,1548,1548,2.3746023,0.00536,-1,-1,-1,0,0,0,136,1,1,0,0.0000000,0.0000000,0.0000000,0,0,0,0
757213713694666 D 316,2625536339,1000,1548,1548,2.3746023,0.00515,-1,-1,-1,0,0,0,136,1,1,0,0.0000000,0.0000000,0.0000000,0,0,0,0
757213714668583 D 317,2625537339,1000,1548,1548,2.3746023,0.00495,-1,-1,-1,0,0,0,136,1,1,0,0.0000000,0.0000000,0.0000000,0,0,0,0
757213715638666 D 318,2625538339,1000,1548,1548,2.3746023,0.00475,-1,-1,-1,0,0,0,136,1,1,0,0.0000000,0.0000000,0.0000000,0,0,0,0
757213716639125 D 319,2625539339,1000,1548,1548,2.3746023,0.00457,-1,-1,-1,0,0,0,136,1,1,0,0.0000000,0.0000000,0.0000000,0,0,0,0
757213717611833 D 320,2625540339,1000,1548,1548,2.3746023,0.00439,-1,-1,-1,0,0,0,136,1,1,0,0.0000000,0.0000000,0.0000000,0,0,0,0
757213718772958 D 321,2625541339,1000,1548,1548,2.3746023,0.00422,-1,-1,-1,0,0,0,136,1,1,0,0.0000000,0.0000000,0.0000000,0,0,0,0
757213719527083 D 322,2625542339,1000,1548,1548,2.3746023,0.00405,-1,-1,-1,0,0,0,136,1,1,0,0.0000000,0.0000000,0.0000000,0,0,0,0
757213720542916 D 323,2625543339,1000,1548,1548,2.3746023,0.00389,-1,-1,-1,0,0,0,136,1,1,0,0.0000000,0.0000000,0.0000000,0,0,0,0
757213721541416 D 324,2625544339,1000,1548,1548,2.3746023,0.00374,-1,-1,-1,0,0,0,136,1,1,0,0.0000000,0.0000000,0.0000000,0,0,0,0
757213722535041 D 325,2625545339,1000,1548,1548,2.3746023,0.00359,-1,-1,-1,0,0,0,136,1,1,0,0.0000000,0.0000000,0.0000000,0,0,0,0
757213723582291 D 326,2625546339,1000,1548,1548,2.3746023,0.00345,-1,-1,-1,0,0,0,136,1,1,0,0.0000000,0.0000000,0.0000000,0,0,0,0
757213724541708 D 327,2625547339,1000,1548,1548,2.3746023,0.00332,-1,-1,-1,0,0,0,136,1,1,0,0.0000000,0.0000000,0.0000000,0,0,0,0
757213725675166 D 328,2625548339,1000,1548,1548,2.3746023,0.00319,-1,-1,-1,0,0,0,136,1,1,0,0.0000000,0.0000000,0.0000000,0,0,0,0
757213726591000 D 329,2625549339,1000,1548,1548,2.3746023,0.00306,-1,-1,-1,0,0,0,136,1,1,0,0.0000000,0.0000000,0.0000000,0,0,0,0
757213727627791 D 330,2625550339,1000,1548,1548,2.3746023,0.00294,-1,-1,-1,0,0,0,136,1,1,0,0.0000000,0.0000000,0.0000000,0,0,0,0
757213728546375 D 331,2625551339,1000,1548,1548,2.3746023,0.00283,-1,-1,-1,0,0,0,136,1,1,0,0.0000000,0.0000000,0.0000000,0,0,0,0
757213730059916 D 332,2625552339,1000,1548,1548,2.3746023,0.00272,39,128,2075,0,0,0,136,1,1,0,0.0000000,0.0000000,0.0000000,0,0,0,0
757213730644083 D 333,2625553339,1000,1548,1548,2.3746023,0.00261,-1,-1,-1,0,0,0,136,1,1,0,0.0000000,0.0000000,0.0000000,0,0,0,0
757213731625166 D 334,2625554339,1000,1548,1548,2.3746023,0.00251,-1,-1,-1,0,0,0,136,1,1,0,0.0000000,0.0000000,0.0000000,0,0,0,0
757213732550458 D 335,2625555339,1000,1548,1548,2.3746023,0.00241,-1,-1,-1,0,0,0,136,1,1,0,0.0000000,0.0000000,0.0000000,0,0,0,0
757213733603000 D 336,2625556339,1000,1548,1548,2.3746023,0.00231,-1,-1,-1,0,0,0,136,1,1,0,0.0000000,0.0000000,0.0000000,0,0,0,0
757213734655791 D 337,2625557339,1000,1548,1548,2.3746023,0.00222,-1,-1,-1,0,0,0,136,1,1,0,0.0000000,0.0000000,0.0000000,0,0,0,0
757213735574666 D 338,2625558339,1000,1548,1548,2.3746023,0.00214,-1,-1,-1,0,0,0,136,1,1,0,0.0000000,0.0000000,0.0000000,0,0,0,0
757213736703166 D 339,2625559339,1000,1548,1548,2.3746023,0.00205,-1,-1,-1,0,0,0,136,1,1,0,0.0000000,0.0000000,0.0000000,0,0,0,0
757213737814166 D 340,2625560339,1000,1548,1548,2.3746023,0.00197,-1,-1,-1,0,0,0,136,1,1,0,0.0000000,0.0000000,0.0000000,0,0,0,0
757213738683333 D 341,2625561339,1000,1548,1548,2.3746023,0.00189,-1,-1,-1,0,0,0,136,1,1,0,0.0000000,0.0000000,0.0000000,0,0,0,0
757213739768958 D 342,2625562339,1000,1548,1548,2.3746023,0.00182,-1,-1,-1,0,0,0,136,1,1,0,0.0000000,0.0000000,0.0000000,0,0,0,0
757213740562041 D 343,2625563339,1000,1548,1548,2.3746023,0.00175,-1,-1,-1,0,0,0,136,1,1,0,0.0000000,0.0000000,0.0000000,0,0,0,0
757213741622458 D 344,2625564339,1000,1548,1548,2.3746023,0.00168,-1,-1,-1,0,0,0,136,1,1,0,0.0000000,0.0000000,0.0000000,0,0,0,0
757213742613541 D 345,2625565339,1000,1549,1549,2.3761363,0.06176,-1,-1,-1,0,0,0,136,1,1,0,0.0000000,0.0000000,0.0000000,0,0,0,0
757213743636166 D 346,2625566339,1000,1548,1548,2.3746023,-0.00081,-1,-1,-1,0,0,0,136,1,1,0,0.0000000,0.0000000,0.0000000,0,0,0,0
757213744578750 D 347,2625567339,1000,1548,1548,2.3746023,-0.00078,-1,-1,-1,0,0,0,136,1,1,0,0.0000000,0.0000000,0.0000000,0,0,0,0
757213745575250 D 348,2625568339,1000,1548,1548,2.3746023,-0.00075,-1,-1,-1,0,0,0,136,1,1,0,0.0000000,0.0000000,0.0000000,0,0,0,0
757213746544958 D 349,2625569339,1000,1548,1548,2.3746023,-0.00072,-1,-1,-1,0,0,0,136,1,1,0,0.0000000,0.0000000,0.0000000,0,0,0,0
757213747602750 D 350,2625570339,1000,1548,1548,2.3746023,-0.00069,-1,-1,-1,0,0,0,136,1,1,0,0.0000000,0.0000000,0.0000000,0,0,0,0
757213748740500 D 351,2625571339,1000,1548,1548,2.3746023,-0.00066,-1,-1,-1,0,0,0,136,1,1,0,0.0000000,0.0000000,0.0000000,0,0,0,0
757213749826291 D 352,2625572339,1000,1548,1548,2.3746023,-0.00063,-1,-1,-1,0,0,0,136,1,1,0,0.0000000,0.0000000,0.0000000,0,0,0,0
757213750695208 D 353,2625573339,1000,1548,1548,2.3746023,-0.00061,-1,-1,-1,0,0,0,136,1,1,0,0.0000000,0.0000000,0.0000000,0,0,0,0
757213751563500 D 354,2625574339,1000,1548,1548,2.3746023,-0.00059,-1,-1,-1,0,0,0,136,1,1,0,0.0000000,0.0000000,0.0000000,0,0,0,0
757213752598666 D 355,2625575339,1000,1548,1548,2.3746023,-0.00056,-1,-1,-1,0,0,0,136,1,1,0,0.0000000,0.0000000,0.0000000,0,0,0,0
757213753554208 D 356,2625576339,1000,1548,1548,2.3746023,-0.00054,-1,-1,-1,0,0,0,136,1,1,0,0.0000000,0.0000000,0.0000000,0,0,0,0
757213754618250 D 357,2625577339,1000,1548,1548,2.3746023,-0.00052,-1,-1,-1,0,0,0,136,1,1,0,0.0000000,0.0000000,0.0000000,0,0,0,0
757213755548333 D 358,2625578339,1000,1548,1548,2.3746023,-0.00050,-1,-1,-1,0,0,0,136,1,1,0,0.0000000,0.0000000,0.0000000,0,0,0,0
757213756558791 D 359,2625579339,1000,1548,1548,2.3746023,-0.00048,-1,-1,-1,0,0,0,136,1,1,0,0.0000000,0.0000000,0.0000000,0,0,0,0
757213757578625 D 360,2625580339,1000,1548,1548,2.3746023,-0.00046,-1,-1,-1,0,0,0,136,1,1,0,0.0000000,0.0000000,0.0000000,0,0,0,0
757213758571916 D 361,2625581339,1000,1548,1548,2.3746023,-0.00044,-1,-1,-1,0,0,0,136,1,1,0,0.0000000,0.0000000,0.0000000,0,0,0,0
757213759611125 D 362,2625582339,1000,1548,1548,2.3746023,-0.00043,-1,-1,-1,0,0,0,136,1,1,0,0.0000000,0.0000000,0.0000000,0,0,0,0
757213760738041 D 363,2625583339,1000,1548,1548,2.3746023,-0.00041,-1,-1,-1,0,0,0,136,1,1,0,0.0000000,0.0000000,0.0000000,0,0,0,0
757213761563958 D 364,2625584339,1000,1548,1548,2.3746023,-0.00039,-1,-1,-1,0,0,0,136,1,1,0,0.0000000,0.0000000,0.0000000,0,0,0,0
757213762618375 D 365,2625585339,1000,1548,1548,2.3746023,-0.00038,-1,-1,-1,0,0,0,136,1,1,0,0.0000000,0.0000000,0.0000000,0,0,0,0
757213763532291 D 366,2625586339,1000,1548,1548,2.3746023,-0.00036,-1,-1,-1,0,0,0,136,1,1,0,0.0000000,0.0000000,0.0000000,0,0,0,0
757213764600666 D 367,2625587339,1000,1548,1548,2.3746023,-0.00035,-1,-1,-1,0,0,0,136,1,1,0,0.0000000,0.0000000,0.0000000,0,0,0,0
757213765578041 D 368,2625588339,1000,1548,1548,2.3746023,-0.00033,-1,-1,-1,0,0,0,136,1,1,0,0.0000000,0.0000000,0.0000000,0,0,0,0
757213766555875 D 369,2625589339,1000,1549,1549,2.3761363,0.05983,-1,-1,-1,0,0,0,136,1,1,0,0.0000000,0.0000000,0.0000000,0,0,0,0
757213767545541 D 370,2625590339,1000,1548,1548,2.3746023,-0.00267,-1,-1,-1,0,0,0,136,1,1,0,0.0000000,0.0000000,0.0000000,0,0,0,0
757213768579625 D 371,2625591339,1000,1548,1548,2.3746023,-0.00256,-1,-1,-1,0,0,0,136,1,1,0,0.0000000,0.0000000,0.0000000,0,0,0,0
757213769578541 D 372,2625592339,1000,1548,1548,2.3746023,-0.00246,-1,-1,-1,0,0,0,136,1,1,0,0.0000000,0.0000000,0.0000000,0,0,0,0
757213770608583 D 373,2625593339,1000,1548,1548,2.3746023,-0.00237,-1,-1,-1,0,0,0,135,1,1,0,0.0000000,0.0000000,0.0000000,0,0,0,0
757213771572291 D 374,2625594339,1000,1548,1548,2.3746023,-0.00227,-1,-1,-1,0,0,0,136,1,1,0,0.0000000,0.0000000,0.0000000,0,0,0,0
757213772569833 D 375,2625595339,1000,1548,1548,2.3746023,-0.00218,-1,-1,-1,0,0,0,136,1,1,0,0.0000000,0.0000000,0.0000000,0,0,0,0
757213773555666 D 376,2625596339,1000,1548,1548,2.3746023,-0.00210,-1,-1,-1,0,0,0,136,1,1,0,0.0000000,0.0000000,0.0000000,0,0,0,0
757213774555375 D 377,2625597339,1000,1548,1548,2.3746023,-0.00202,-1,-1,-1,0,0,0,136,1,1,0,0.0000000,0.0000000,0.0000000,0,0,0,0
757213775593125 D 378,2625598339,1000,1548,1548,2.3746023,-0.00194,-1,-1,-1,0,0,0,136,1,1,0,0.0000000,0.0000000,0.0000000,0,0,0,0
757213776770875 D 379,2625599339,1000,1548,1548,2.3746023,-0.00186,-1,-1,-1,0,0,0,136,1,1,0,0.0000000,0.0000000,0.0000000,0,0,0,0
757213777673875 D 380,2625600339,1000,1548,1548,2.3746023,-0.00179,-1,-1,-1,0,0,0,136,1,1,0,0.0000000,0.0000000,0.0000000,0,0,0,0
757213778672125 D 381,2625601339,1000,1548,1548,2.3746023,-0.00172,-1,-1,-1,0,0,0,136,1,1,0,0.0000000,0.0000000,0.0000000,0,0,0,0
757213779912458 D 382,2625602339,1000,1548,1548,2.3746023,-0.00165,39,128,2075,0,0,0,136,1,1,0,0.0000000,0.0000000,0.0000000,0,0,0,0
757213780507916 D 383,2625603339,1000,1548,1548,2.3746023,-0.00159,-1,-1,-1,0,0,0,136,1,1,0,0.0000000,0.0000000,0.0000000,0,0,0,0
757213781597958 D 384,2625604339,1000,1548,1548,2.3746023,-0.00152,-1,-1,-1,0,0,0,136,1,1,0,0.0000000,0.0000000,0.0000000,0,0,0,0
757213782552875 D 385,2625605339,1000,1548,1548,2.3746023,-0.00146,-1,-1,-1,0,0,0,136,1,1,0,0.0000000,0.0000000,0.0000000,0,0,0,0
757213783573291 D 386,2625606339,1000,1548,1548,2.3746023,-0.00141,-1,-1,-1,0,0,0,136,1,1,0,0.0000000,0.0000000,0.0000000,0,0,0,0
757213784565708 D 387,2625607339,1000,1548,1548,2.3746023,-0.00135,-1,-1,-1,0,0,0,135,1,1,0,0.0000000,0.0000000,0.0000000,0,0,0,0
757213785547291 D 388,2625608339,1000,1548,1548,2.3746023,-0.00130,-1,-1,-1,0,0,0,136,1,1,0,0.0000000,0.0000000,0.0000000,0,0,0,0
757213786538708 D 389,2625609339,1000,1548,1548,2.3746023,-0.00125,-1,-1,-1,0,0,0,136,1,1,0,0.0000000,0.0000000,0.0000000,0,0,0,0
757213787552625 D 390,2625610339,1000,1548,1548,2.3746023,-0.00120,-1,-1,-1,0,0,0,136,1,1,0,0.0000000,0.0000000,0.0000000,0,0,0,0
757213788622083 D 391,2625611339,1000,1548,1548,2.3746023,-0.00115,-1,-1,-1,0,0,0,136,1,1,0,0.0000000,0.0000000,0.0000000,0,0,0,0
757213789619625 D 392,2625612339,1000,1548,1548,2.3746023,-0.00111,-1,-1,-1,0,0,0,136,1,1,0,0.0000000,0.0000000,0.0000000,0,0,0,0
757213790551291 D 393,2625613339,1000,1548,1548,2.3746023,-0.00106,-1,-1,-1,0,0,0,136,1,1,0,0.0000000,0.0000000,0.0000000,0,0,0,0
757213791568375 D 394,2625614339,1000,1548,1548,2.3746023,-0.00102,-1,-1,-1,0,0,0,136,1,1,0,0.0000000,0.0000000,0.0000000,0,0,0,0
757213792565291 D 395,2625615339,1000,1548,1548,2.3746023,-0.00098,-1,-1,-1,0,0,0,136,1,1,0,0.0000000,0.0000000,0.0000000,0,0,0,0
757213793543708 D 396,2625616339,1000,1548,1548,2.3746023,-0.00094,-1,-1,-1,0,0,0,136,1,1,0,0.0000000,0.0000000,0.0000000,0,0,0,0
757213794563583 D 397,2625617339,1000,1548,1548,2.3746023,-0.00091,-1,-1,-1,0,0,0,136,1,1,0,0.0000000,0.0000000,0.0000000,0,0,0,0
757213795573208 D 398,2625618339,1000,1548,1548,2.3746023,-0.00087,-1,-1,-1,0,0,0,136,1,1,0,0.0000000,0.0000000,0.0000000,0,0,0,0
757213796574833 D 399,2625619339,1000,1548,1548,2.3746023,-0.00084,-1,-1,-1,0,0,0,136,1,1,0,0.0000000,0.0000000,0.0000000,0,0,0,0
757213797539291 D 400,2625620339,1000,1548,1548,2.3746023,-0.00080,-1,-1,-1,0,0,0,136,1,1,0,0.0000000,0.0000000,0.0000000,0,0,0,0
757213798547416 D 401,2625621339,1000,1548,1548,2.3746023,-0.00077,-1,-1,-1,0,0,0,136,1,1,0,0.0000000,0.0000000,0.0000000,0,0,0,0
757213799694125 D 402,2625622339,1000,1548,1548,2.3746023,-0.00074,-1,-1,-1,0,0,0,136,1,1,0,0.0000000,0.0000000,0.0000000,0,0,0,0
757213800528583 D 403,2625623339,1000,1548,1548,2.3746023,-0.00071,-1,-1,-1,0,0,0,136,1,1,0,0.0000000,0.0000000,0.0000000,0,0,0,0
757213801559541 D 404,2625624339,1000,1548,1548,2.3746023,-0.00068,-1,-1,-1,0,0,0,136,1,1,0,0.0000000,0.0000000,0.0000000,0,0,0,0
757213802519416 D 405,2625625339,1000,1548,1548,2.3746023,-0.00066,-1,-1,-1,0,0,0,136,1,1,0,0.0000000,0.0000000,0.0000000,0,0,0,0
757213803881333 D 406,2625626339,1000,1548,1548,2.3746023,-0.00063,-1,-1,-1,0,0,0,136,1,1,0,0.0000000,0.0000000,0.0000000,0,0,0,0
757213804548750 D 407,2625627339,1000,1548,1548,2.3746023,-0.00061,-1,-1,-1,0,0,0,136,1,1,0,0.0000000,0.0000000,0.0000000,0,0,0,0
757213805553250 D 408,2625628339,1000,1548,1548,2.3746023,-0.00058,-1,-1,-1,0,0,0,136,1,1,0,0.0000000,0.0000000,0.0000000,0,0,0,0
757213806573333 D 409,2625629339,1000,1548,1548,2.3746023,-0.00056,-1,-1,-1,0,0,0,136,1,1,0,0.0000000,0.0000000,0.0000000,0,0,0,0
757213807548208 D 410,2625630339,1000,1548,1548,2.3746023,-0.00054,-1,-1,-1,0,0,0,136,1,1,0,0.0000000,0.0000000,0.0000000,0,0,0,0
757213808562791 D 411,2625631339,1000,1548,1548,2.3746023,-0.00052,-1,-1,-1,0,0,0,136,1,1,0,0.0000000,0.0000000,0.0000000,0,0,0,0
757213809537416 D 412,2625632339,1000,1548,1548,2.3746023,-0.00050,-1,-1,-1,0,0,0,136,1,1,0,0.0000000,0.0000000,0.0000000,0,0,0,0
757213810746833 D 413,2625633339,1000,1548,1548,2.3746023,-0.00048,-1,-1,-1,0,0,0,136,1,1,0,0.0000000,0.0000000,0.0000000,0,0,0,0
757213811514916 D 414,2625634339,1000,1548,1548,2.3746023,-0.00046,-1,-1,-1,0,0,0,136,1,1,0,0.0000000,0.0000000,0.0000000,0,0,0,0
757213812547250 D 415,2625635339,1000,1549,1549,2.3761363,0.05971,-1,-1,-1,0,0,0,136,1,1,0,0.0000000,0.0000000,0.0000000,0,0,0,0
757213813618833 D 416,2625636339,1000,1548,1548,2.3746023,-0.00278,-1,-1,-1,0,0,0,136,1,1,0,0.0000000,0.0000000,0.0000000,0,0,0,0
757213814552000 D 417,2625637339,1000,1548,1548,2.3746023,-0.00267,-1,-1,-1,0,0,0,136,1,1,0,0.0000000,0.0000000,0.0000000,0,0,0,0
757213815551375 D 418,2625638339,1000,1548,1548,2.3746023,-0.00257,-1,-1,-1,0,0,0,136,1,1,0,0.0000000,0.0000000,0.0000000,0,0,0,0
757213816587166 D 419,2625639339,1000,1548,1548,2.3746023,-0.00247,-1,-1,-1,0,0,0,136,1,1,0,0.0000000,0.0000000,0.0000000,0,0,0,0
757213817550500 D 420,2625640339,1000,1548,1548,2.3746023,-0.00237,-1,-1,-1,0,0,0,136,1,1,0,0.0000000,0.0000000,0.0000000,0,0,0,0
757213818706083 D 421,2625641339,1000,1548,1548,2.3746023,-0.00228,-1,-1,-1,0,0,0,136,1,1,0,0.0000000,0.0000000,0.0000000,0,0,0,0
757213819518458 D 422,2625642339,1000,1548,1548,2.3746023,-0.00219,-1,-1,-1,0,0,0,136,1,1,0,0.0000000,0.0000000,0.0000000,0,0,0,0
757213820558625 D 423,2625643339,1000,1548,1548,2.3746023,-0.00210,-1,-1,-1,0,0,0,136,1,1,0,0.0000000,0.0000000,0.0000000,0,0,0,0
757213821590083 D 424,2625644339,1000,1548,1548,2.3746023,-0.00202,-1,-1,-1,0,0,0,136,1,1,0,0.0000000,0.0000000,0.0000000,0,0,0,0
757213822595833 D 425,2625645339,1000,1548,1548,2.3746023,-0.00194,-1,-1,-1,0,0,0,136,1,1,0,0.0000000,0.0000000,0.0000000,0,0,0,0
757213823570125 D 426,2625646339,1000,1548,1548,2.3746023,-0.00186,-1,-1,-1,0,0,0,136,1,1,0,0.0000000,0.0000000,0.0000000,0,0,0,0
757213824597958 D 427,2625647339,1000,1548,1548,2.3746023,-0.00179,-1,-1,-1,0,0,0,136,1,1,0,0.0000000,0.0000000,0.0000000,0,0,0,0
757213825575958 D 428,2625648339,1000,1548,1548,2.3746023,-0.00172,-1,-1,-1,0,0,0,136,1,1,0,0.0000000,0.0000000,0.0000000,0,0,0,0
757213826634458 D 429,2625649339,1000,1548,1548,2.3746023,-0.00165,-1,-1,-1,0,0,0,135,1,1,0,0.0000000,0.0000000,0.0000000,0,0,0,0
757213827552708 D 430,2625650339,1000,1548,1548,2.3746023,-0.00159,-1,-1,-1,0,0,0,136,1,1,0,0.0000000,0.0000000,0.0000000,0,0,0,0
757213828660041 D 431,2625651339,1000,1548,1548,2.3746023,-0.00153,-1,-1,-1,0,0,0,136,1,1,0,0.0000000,0.0000000,0.0000000,0,0,0,0
757213829942541 D 432,2625652339,1000,1548,1548,2.3746023,-0.00147,39,128,2076,0,0,0,136,1,1,0,0.0000000,0.0000000,0.0000000,0,0,0,0
757213830542625 D 433,2625653339,1000,1548,1548,2.3746023,-0.00141,-1,-1,-1,0,0,0,136,1,1,0,0.0000000,0.0000000,0.0000000,0,0,0,0
757213831918416 D 434,2625654339,1000,1548,1548,2.3746023,-0.00135,-1,-1,-1,0,0,0,136,1,1,0,0.0000000,0.0000000,0.0000000,0,0,0,0
757213832868458 D 435,2625655339,1000,1548,1548,2.3746023,-0.00130,-1,-1,-1,0,0,0,136,1,1,0,0.0000000,0.0000000,0.0000000,0,0,0,0
757213833851416 D 436,2625656339,1000,1548,1548,2.3746023,-0.00125,-1,-1,-1,0,0,0,136,1,1,0,0.0000000,0.0000000,0.0000000,0,0,0,0
757213834827875 D 437,2625657339,1000,1548,1548,2.3746023,-0.00120,-1,-1,-1,0,0,0,136,1,1,0,0.0000000,0.0000000,0.0000000,0,0,0,0
757213836328416 D 438,2625658339,1000,1548,1548,2.3746023,-0.00115,-1,-1,-1,0,0,0,136,1,1,0,0.0000000,0.0000000,0.0000000,0,0,0,0
757213837136500 D 439,2625659339,1000,1548,1548,2.3746023,-0.00111,-1,-1,-1,0,0,0,136,1,1,0,0.0000000,0.0000000,0.0000000,0,0,0,0
757213837918291 D 440,2625660339,1000,1548,1548,2.3746023,-0.00107,-1,-1,-1,0,0,0,136,1,1,0,0.0000000,0.0000000,0.0000000,0,0,0,0
757213839413583 D 441,2625661339,1000,1548,1548,2.3746023,-0.00102,-1,-1,-1,0,0,0,136,1,1,0,0.0000000,0.0000000,0.0000000,0,0,0,0
757213840052250 D 442,2625662339,1000,1548,1548,2.3746023,-0.00098,-1,-1,-1,0,0,0,136,1,1,0,0.0000000,0.0000000,0.0000000,0,0,0,0
757213840619208 D 443,2625663339,1000,1548,1548,2.3746023,-0.00094,-1,-1,-1,0,0,0,136,1,1,0,0.0000000,0.0000000,0.0000000,0,0,0,0
757213841671125 D 444,2625664339,1000,1548,1548,2.3746023,-0.00091,-1,-1,-1,0,0,0,136,1,1,0,0.0000000,0.0000000,0.0000000,0,0,0,0
757213842669916 D 445,2625665339,1000,1548,1548,2.3746023,-0.00087,-1,-1,-1,0,0,0,136,1,1,0,0.0000000,0.0000000,0.0000000,0,0,0,0
757213843571125 D 446,2625666339,1000,1547,1547,2.3730683,-0.06099,-1,-1,-1,0,0,0,136,1,1,0,0.0000000,0.0000000,0.0000000,0,0,0,0
757213844559000 D 447,2625667339,1000,1548,1548,2.3746023,0.00155,-1,-1,-1,0,0,0,136,1,1,0,0.0000000,0.0000000,0.0000000,0,0,0,0
757213845558875 D 448,2625668339,1000,1548,1548,2.3746023,0.00149,-1,-1,-1,0,0,0,136,1,1,0,0.0000000,0.0000000,0.0000000,0,0,0,0
757213846615416 D 449,2625669339,1000,1548,1548,2.3746023,0.00143,-1,-1,-1,0,0,0,136,1,1,0,0.0000000,0.0000000,0.0000000,0,0,0,0
757213848180750 D 450,2625670339,1000,1548,1548,2.3746023,0.00138,-1,-1,-1,0,0,0,136,1,1,0,0.0000000,0.0000000,0.0000000,0,0,0,0
757213849223708 D 451,2625671339,1000,1548,1548,2.3746023,0.00132,-1,-1,-1,0,0,0,136,1,1,0,0.0000000,0.0000000,0.0000000,0,0,0,0
757213850501750 D 452,2625672339,1000,1548,1548,2.3746023,0.00127,-1,-1,-1,0,0,0,136,1,1,0,0.0000000,0.0000000,0.0000000,0,0,0,0
757213851560875 D 453,2625673339,1000,1548,1548,2.3746023,0.00122,-1,-1,-1,0,0,0,136,1,1,0,0.0000000,0.0000000,0.0000000,0,0,0,0
757213852230708 D 454,2625674339,1000,1548,1548,2.3746023,0.00117,-1,-1,-1,0,0,0,136,1,1,0,0.0000000,0.0000000,0.0000000,0,0,0,0
757213852536500 D 455,2625675339,1000,1548,1548,2.3746023,0.00113,-1,-1,-1,0,0,0,136,1,1,0,0.0000000,0.0000000,0.0000000,0,0,0,0
757213853329625 D 456,2625676339,1000,1548,1548,2.3746023,0.00108,-1,-1,-1,0,0,0,136,1,1,0,0.0000000,0.0000000,0.0000000,0,0,0,0
757213854325583 D 457,2625677339,1000,1548,1548,2.3746023,0.00104,-1,-1,-1,0,0,0,136,1,1,0,0.0000000,0.0000000,0.0000000,0,0,0,0
757213855339208 D 458,2625678339,1000,1548,1548,2.3746023,0.00100,-1,-1,-1,0,0,0,136,1,1,0,0.0000000,0.0000000,0.0000000,0,0,0,0
757213856332333 D 459,2625679339,1000,1548,1548,2.3746023,0.00096,-1,-1,-1,0,0,0,136,1,1,0,0.0000000,0.0000000,0.0000000,0,0,0,0
757213857430708 D 460,2625680339,1000,1548,1548,2.3746023,0.00092,-1,-1,-1,0,0,0,136,1,1,0,0.0000000,0.0000000,0.0000000,0,0,0,0
757213858511166 D 461,2625681339,1000,1548,1548,2.3746023,0.00089,-1,-1,-1,0,0,0,136,1,1,0,0.0000000,0.0000000,0.0000000,0,0,0,0
757213859676500 D 462,2625682339,1000,1548,1548,2.3746023,0.00085,-1,-1,-1,0,0,0,136,1,1,0,0.0000000,0.0000000,0.0000000,0,0,0,0
757213860562625 D 463,2625683339,1000,1548,1548,2.3746023,0.00082,-1,-1,-1,0,0,0,136,1,1,0,0.0000000,0.0000000,0.0000000,0,0,0,0
757213861546208 D 464,2625684339,1000,1548,1548,2.3746023,0.00079,-1,-1,-1,0,0,0,136,1,1,0,0.0000000,0.0000000,0.0000000,0,0,0,0
757213862544416 D 465,2625685339,1000,1548,1548,2.3746023,0.00076,-1,-1,-1,0,0,0,136,1,1,0,0.0000000,0.0000000,0.0000000,0,0,0,0
757213863513583 D 466,2625686339,1000,1548,1548,2.3746023,0.00073,-1,-1,-1,0,0,0,136,1,1,0,0.0000000,0.0000000,0.0000000,0,0,0,0
757213864579166 D 467,2625687339,1000,1548,1548,2.3746023,0.00070,-1,-1,-1,0,0,0,136,1,1,0,0.0000000,0.0000000,0.0000000,0,0,0,0
757213865567416 D 468,2625688339,1000,1548,1548,2.3746023,0.00067,-1,-1,-1,0,0,0,136,1,1,0,0.0000000,0.0000000,0.0000000,0,0,0,0
757213866573875 D 469,2625689339,1000,1548,1548,2.3746023,0.00064,-1,-1,-1,0,0,0,136,1,1,0,0.0000000,0.0000000,0.0000000,0,0,0,0
757213867829375 D 470,2625690339,1000,1548,1548,2.3746023,0.00062,-1,-1,-1,0,0,0,136,1,1,0,0.0000000,0.0000000,0.0000000,0,0,0,0
757213868900500 D 471,2625691339,1000,1548,1548,2.3746023,0.00059,-1,-1,-1,0,0,0,136,1,1,0,0.0000000,0.0000000,0.0000000,0,0,0,0
757213870029958 D 472,2625692339,1000,1548,1548,2.3746023,0.00057,-1,-1,-1,0,0,0,136,1,1,0,0.0000000,0.0000000,0.0000000,0,0,0,0
757213870944541 D 473,2625693339,1000,1548,1548,2.3746023,0.00055,-1,-1,-1,0,0,0,136,1,1,0,0.0000000,0.0000000,0.0000000,0,0,0,0
757213871897333 D 474,2625694339,1000,1548,1548,2.3746023,0.00053,-1,-1,-1,0,0,0,136,1,1,0,0.0000000,0.0000000,0.0000000,0,0,0,0
757213872978041 D 475,2625695339,1000,1548,1548,2.3746023,0.00051,-1,-1,-1,0,0,0,136,1,1,0,0.0000000,0.0000000,0.0000000,0,0,0,0
757213873698541 D 476,2625696339,1000,1548,1548,2.3746023,0.00049,-1,-1,-1,0,0,0,136,1,1,0,0.0000000,0.0000000,0.0000000,0,0,0,0
757213874554000 D 477,2625697339,1000,1548,1548,2.3746023,0.00047,-1,-1,-1,0,0,0,136,1,1,0,0.0000000,0.0000000,0.0000000,0,0,0,0
757213875724541 D 478,2625698339,1000,1548,1548,2.3746023,0.00045,-1,-1,-1,0,0,0,136,1,1,0,0.0000000,0.0000000,0.0000000,0,0,0,0
757213876683125 D 479,2625699339,1000,1548,1548,2.3746023,0.00043,-1,-1,-1,0,0,0,136,1,1,0,0.0000000,0.0000000,0.0000000,0,0,0,0
757213877492708 D 480,2625700339,1000,1548,1548,2.3746023,0.00041,-1,-1,-1,0,0,0,136,1,1,0,0.0000000,0.0000000,0.0000000,0,0,0,0
757213878346750 D 481,2625701339,1000,1548,1548,2.3746023,0.00040,-1,-1,-1,0,0,0,136,1,1,0,0.0000000,0.0000000,0.0000000,0,0,0,0
757213880018333 D 482,2625702339,1000,1548,1548,2.3746023,0.00038,39,128,2076,0,0,0,136,1,1,0,0.0000000,0.0000000,0.0000000,0,0,0,0
757213880576416 D 483,2625703339,1000,1548,1548,2.3746023,0.00037,-1,-1,-1,0,0,0,136,1,1,0,0.0000000,0.0000000,0.0000000,0,0,0,0
757213881365791 D 484,2625704339,1000,1548,1548,2.3746023,0.00035,-1,-1,-1,0,0,0,136,1,1,0,0.0000000,0.0000000,0.0000000,0,0,0,0
757213882370833 D 485,2625705339,1000,1548,1548,2.3746023,0.00034,-1,-1,-1,0,0,0,136,1,1,0,0.0000000,0.0000000,0.0000000,0,0,0,0
757213883366333 D 486,2625706339,1000,1548,1548,2.3746023,0.00033,-1,-1,-1,0,0,0,136,1,1,0,0.0000000,0.0000000,0.0000000,0,0,0,0
757213884389916 D 487,2625707339,1000,1548,1548,2.3746023,0.00031,-1,-1,-1,0,0,0,136,1,1,0,0.0000000,0.0000000,0.0000000,0,0,0,0
757213885671083 D 488,2625708339,1000,1548,1548,2.3746023,0.00030,-1,-1,-1,0,0,0,136,1,1,0,0.0000000,0.0000000,0.0000000,0,0,0,0
757213886659000 D 489,2625709339,1000,1548,1548,2.3746023,0.00029,-1,-1,-1,0,0,0,136,1,1,0,0.0000000,0.0000000,0.0000000,0,0,0,0
757213887404041 D 490,2625710339,1000,1547,1547,2.3730683,-0.05987,-1,-1,-1,0,0,0,136,1,1,0,0.0000000,0.0000000,0.0000000,0,0,0,0
757213888729791 D 491,2625711339,1000,1548,1548,2.3746023,0.00263,-1,-1,-1,0,0,0,136,1,1,0,0.0000000,0.0000000,0.0000000,0,0,0,0
757213890140583 D 492,2625712339,1000,1548,1548,2.3746023,0.00252,-1,-1,-1,0,0,0,135,1,1,0,0.0000000,0.0000000,0.0000000,0,0,0,0
757213890740250 D 493,2625713339,1000,1548,1548,2.3746023,0.00242,-1,-1,-1,0,0,0,136,1,1,0,0.0000000,0.0000000,0.0000000,0,0,0,0
757213891588791 D 494,2625714339,1000,1548,1548,2.3746023,0.00233,-1,-1,-1,0,0,0,136,1,1,0,0.0000000,0.0000000,0.0000000,0,0,0,0
757213892633291 D 495,2625715339,1000,1548,1548,2.3746023,0.00224,-1,-1,-1,0,0,0,136,1,1,0,0.0000000,0.0000000,0.0000000,0,0,0,0
757213893573958 D 496,2625716339,1000,1548,1548,2.3746023,0.00215,-1,-1,-1,0,0,0,136,1,1,0,0.0000000,0.0000000,0.0000000,0,0,0,0
757213894643125 D 497,2625717339,1000,1548,1548,2.3746023,0.00207,-1,-1,-1,0,0,0,136,1,1,0,0.0000000,0.0000000,0.0000000,0,0,0,0
757213895598083 D 498,2625718339,1000,1548,1548,2.3746023,0.00198,-1,-1,-1,0,0,0,136,1,1,0,0.0000000,0.0000000,0.0000000,0,0,0,0
757213896564125 D 499,2625719339,1000,1548,1548,2.3746023,0.00191,-1,-1,-1,0,0,0,136,1,1,0,0.0000000,0.0000000,0.0000000,0,0,0,0
757213897900791 D 500,2625720339,1000,1548,1548,2.3746023,0.00183,-1,-1,-1,0,0,0,136,1,1,0,0.0000000,0.0000000,0.0000000,0,0,0,0
757213898985583 D 501,2625721339,1000,1548,1548,2.3746023,0.00176,-1,-1,-1,0,0,0,136,1,1,0,0.0000000,0.0000000,0.0000000,0,0,0,0
757213899873333 D 502,2625722339,1000,1547,1547,2.3730683,-0.05846,-1,-1,-1,0,0,0,136,1,1,0,0.0000000,0.0000000,0.0000000,0,0,0,0
757213901145250 D 503,2625723339,1000,1548,1548,2.3746023,0.00398,-1,-1,-1,0,0,0,136,1,1,0,0.0000000,0.0000000,0.0000000,0,0,0,0
757213901991041 D 504,2625724339,1000,1547,1547,2.3730683,-0.05632,-1,-1,-1,0,0,0,136,1,1,0,0.0000000,0.0000000,0.0000000,0,0,0,0
757213902959708 D 505,2625725339,1000,1548,1548,2.3746023,0.00604,-1,-1,-1,0,0,0,136,1,1,0,0.0000000,0.0000000,0.0000000,0,0,0,0
757213903729750 D 506,2625726339,1000,1548,1548,2.3746023,0.00580,-1,-1,-1,0,0,0,135,1,1,0,0.0000000,0.0000000,0.0000000,0,0,0,0
757213904510458 D 507,2625727339,1000,1548,1548,2.3746023,0.00557,-1,-1,-1,0,0,0,136,1,1,0,0.0000000,0.0000000,0.0000000,0,0,0,0
757213905559041 D 508,2625728339,1000,1548,1548,2.3746023,0.00535,-1,-1,-1,0,0,0,136,1,1,0,0.0000000,0.0000000,0.0000000,0,0,0,0
757213906750791 D 509,2625729339,1000,1549,1549,2.3761363,0.06529,-1,-1,-1,0,0,0,136,1,1,0,0.0000000,0.0000000,0.0000000,0,0,0,0
757213907566333 D 510,2625730339,1000,1549,1549,2.3761363,0.06273,-1,-1,-1,0,0,0,136,1,1,0,0.0000000,0.0000000,0.0000000,0,0,0,0
757213908730291 D 511,2625731339,1000,1548,1548,2.3746023,0.00012,-1,-1,-1,0,0,0,136,1,1,0,0.0000000,0.0000000,0.0000000,0,0,0,0
757213909627083 D 512,2625732339,1000,1548,1548,2.3746023,0.00012,-1,-1,-1,0,0,0,136,1,1,0,0.0000000,0.0000000,0.0000000,0,0,0,0
757213910684958 D 513,2625733339,1000,1548,1548,2.3746023,0.00011,-1,-1,-1,0,0,0,136,1,1,0,0.0000000,0.0000000,0.0000000,0,0,0,0
757213911615750 D 514,2625734339,1000,1547,1547,2.3730683,-0.06004,-1,-1,-1,0,0,0,136,1,1,0,0.0000000,0.0000000,0.0000000,0,0,0,0
757213912593875 D 515,2625735339,1000,1548,1548,2.3746023,0.00246,-1,-1,-1,0,0,0,136,1,1,0,0.0000000,0.0000000,0.0000000,0,0,0,0
757213913584833 D 516,2625736339,1000,1548,1548,2.3746023,0.00237,-1,-1,-1,0,0,0,136,1,1,0,0.0000000,0.0000000,0.0000000,0,0,0,0
757213914601375 D 517,2625737339,1000,1548,1548,2.3746023,0.00227,-1,-1,-1,0,0,0,136,1,1,0,0.0000000,0.0000000,0.0000000,0,0,0,0
757213915609000 D 518,2625738339,1000,1548,1548,2.3746023,0.00218,-1,-1,-1,0,0,0,136,1,1,0,0.0000000,0.0000000,0.0000000,0,0,0,0
757213916581125 D 519,2625739339,1000,1548,1548,2.3746023,0.00210,-1,-1,-1,0,0,0,136,1,1,0,0.0000000,0.0000000,0.0000000,0,0,0,0
757213917666750 D 520,2625740339,1000,1548,1548,2.3746023,0.00202,-1,-1,-1,0,0,0,136,1,1,0,0.0000000,0.0000000,0.0000000,0,0,0,0
757213918612916 D 521,2625741339,1000,1548,1548,2.3746023,0.00194,-1,-1,-1,0,0,0,136,1,1,0,0.0000000,0.0000000,0.0000000,0,0,0,0
757213919631125 D 522,2625742339,1000,1548,1548,2.3746023,0.00186,-1,-1,-1,0,0,0,136,1,1,0,0.0000000,0.0000000,0.0000000,0,0,0,0
757213920678083 D 523,2625743339,1000,1548,1548,2.3746023,0.00179,-1,-1,-1,0,0,0,136,1,1,0,0.0000000,0.0000000,0.0000000,0,0,0,0
757213921663416 D 524,2625744339,1000,1548,1548,2.3746023,0.00172,-1,-1,-1,0,0,0,136,1,1,0,0.0000000,0.0000000,0.0000000,0,0,0,0
757213922677291 D 525,2625745339,1000,1548,1548,2.3746023,0.00165,-1,-1,-1,0,0,0,136,1,1,0,0.0000000,0.0000000,0.0000000,0,0,0,0
757213924058041 D 526,2625746339,1000,1548,1548,2.3746023,0.00159,-1,-1,-1,0,0,0,136,1,1,0,0.0000000,0.0000000,0.0000000,0,0,0,0
757213924897333 D 527,2625747339,1000,1548,1548,2.3746023,0.00152,-1,-1,-1,0,0,0,136,1,1,0,0.0000000,0.0000000,0.0000000,0,0,0,0
757213925899500 D 528,2625748339,1000,1548,1548,2.3746023,0.00146,-1,-1,-1,0,0,0,136,1,1,0,0.0000000,0.0000000,0.0000000,0,0,0,0
757213926849291 D 529,2625749339,1000,1548,1548,2.3746023,0.00141,-1,-1,-1,0,0,0,136,1,1,0,0.0000000,0.0000000,0.0000000,0,0,0,0
757213927666458 D 530,2625750339,1000,1548,1548,2.3746023,0.00135,-1,-1,-1,0,0,0,136,1,1,0,0.0000000,0.0000000,0.0000000,0,0,0,0
757213928633625 D 531,2625751339,1000,1548,1548,2.3746023,0.00130,-1,-1,-1,0,0,0,136,1,1,0,0.0000000,0.0000000,0.0000000,0,0,0,0
757213930069291 D 532,2625752339,1000,1548,1548,2.3746023,0.00125,39,128,2074,0,0,0,136,1,1,0,0.0000000,0.0000000,0.0000000,0,0,0,0
757213930668958 D 533,2625753339,1000,1548,1548,2.3746023,0.00120,-1,-1,-1,0,0,0,136,1,1,0,0.0000000,0.0000000,0.0000000,0,0,0,0
757213931639833 D 534,2625754339,1000,1548,1548,2.3746023,0.00115,-1,-1,-1,0,0,0,136,1,1,0,0.0000000,0.0000000,0.0000000,0,0,0,0
757213932664875 D 535,2625755339,1000,1548,1548,2.3746023,0.00111,-1,-1,-1,0,0,0,136,1,1,0,0.0000000,0.0000000,0.0000000,0,0,0,0
757213933651125 D 536,2625756339,1000,1548,1548,2.3746023,0.00106,-1,-1,-1,0,0,0,136,1,1,0,0.0000000,0.0000000,0.0000000,0,0,0,0
757213934717291 D 537,2625757339,1000,1548,1548,2.3746023,0.00102,-1,-1,-1,0,0,0,136,1,1,0,0.0000000,0.0000000,0.0000000,0,0,0,0
757213935700041 D 538,2625758339,1000,1548,1548,2.3746023,0.00098,-1,-1,-1,0,0,0,136,1,1,0,0.0000000,0.0000000,0.0000000,0,0,0,0
757213936627833 D 539,2625759339,1000,1548,1548,2.3746023,0.00094,-1,-1,-1,0,0,0,136,1,1,0,0.0000000,0.0000000,0.0000000,0,0,0,0
757213937783000 D 540,2625760339,1000,1548,1548,2.3746023,0.00091,-1,-1,-1,0,0,0,136,1,1,0,0.0000000,0.0000000,0.0000000,0,0,0,0
757213938643750 D 541,2625761339,1000,1547,1547,2.3730683,-0.05928,-1,-1,-1,0,0,0,136,1,1,0,0.0000000,0.0000000,0.0000000,0,0,0,0
757213939618916 D 542,2625762339,1000,1548,1548,2.3746023,0.00320,-1,-1,-1,0,0,0,136,1,1,0,0.0000000,0.0000000,0.0000000,0,0,0,0
757213940701833 D 543,2625763339,1000,1548,1548,2.3746023,0.00307,-1,-1,-1,0,0,0,136,1,1,0,0.0000000,0.0000000,0.0000000,0,0,0,0
757213941679958 D 544,2625764339,1000,1548,1548,2.3746023,0.00295,-1,-1,-1,0,0,0,136,1,1,0,0.0000000,0.0000000,0.0000000,0,0,0,0
757213942707291 D 545,2625765339,1000,1548,1548,2.3746023,0.00283,-1,-1,-1,0,0,0,136,1,1,0,0.0000000,0.0000000,0.0000000,0,0,0,0
757213943683541 D 546,2625766339,1000,1548,1548,2.3746023,0.00272,-1,-1,-1,0,0,0,136,1,1,0,0.0000000,0.0000000,0.0000000,0,0,0,0
757213944653541 D 547,2625767339,1000,1548,1548,2.3746023,0.00262,-1,-1,-1,0,0,0,136,1,1,0,0.0000000,0.0000000,0.0000000,0,0,0,0
757213945678416 D 548,2625768339,1000,1548,1548,2.3746023,0.00251,-1,-1,-1,0,0,0,136,1,1,0,0.0000000,0.0000000,0.0000000,0,0,0,0
757213946716333 D 549,2625769339,1000,1548,1548,2.3746023,0.00241,-1,-1,-1,0,0,0,136,1,1,0,0.0000000,0.0000000,0.0000000,0,0,0,0
757213947667291 D 550,2625770339,1000,1548,1548,2.3746023,0.00232,-1,-1,-1,0,0,0,136,1,1,0,0.0000000,0.0000000,0.0000000,0,0,0,0
757213948668375 D 551,2625771339,1000,1548,1548,2.3746023,0.00223,-1,-1,-1,0,0,0,136,1,1,0,0.0000000,0.0000000,0.0000000,0,0,0,0
757213949665875 D 552,2625772339,1000,1548,1548,2.3746023,0.00214,-1,-1,-1,0,0,0,136,1,1,0,0.0000000,0.0000000,0.0000000,0,0,0,0
757213950704541 D 553,2625773339,1000,1548,1548,2.3746023,0.00206,-1,-1,-1,0,0,0,136,1,1,0,0.0000000,0.0000000,0.0000000,0,0,0,0
757213954191000 D 554,2625774339,1000,1548,1548,2.3746023,0.00198,-1,-1,-1,0,0,0,136,1,1,0,0.0000000,0.0000000,0.0000000,0,0,0,0
757213955500333 D 555,2625775339,1000,1548,1548,2.3746023,0.00190,-1,-1,-1,0,0,0,136,1,1,0,0.0000000,0.0000000,0.0000000,0,0,0,0
757213956085041 D 556,2625776339,1000,1547,1547,2.3730683,-0.05832,-1,-1,-1,0,0,0,136,1,1,0,0.0000000,0.0000000,0.0000000,0,0,0,0
757213956656500 D 557,2625777339,1000,1548,1548,2.3746023,0.00411,-1,-1,-1,0,0,0,136,1,1,0,0.0000000,0.0000000,0.0000000,0,0,0,0
757213957229041 D 558,2625778339,1000,1548,1548,2.3746023,0.00395,-1,-1,-1,0,0,0,136,1,1,0,0.0000000,0.0000000,0.0000000,0,0,0,0
757213957803250 D 559,2625779339,1000,1548,1548,2.3746023,0.00380,-1,-1,-1,0,0,0,136,1,1,0,0.0000000,0.0000000,0.0000000,0,0,0,0
757213958375666 D 560,2625780339,1000,1548,1548,2.3746023,0.00365,-1,-1,-1,0,0,0,136,1,1,0,0.0000000,0.0000000,0.0000000,0,0,0,0
757213958874208 D 561,2625781339,1000,1548,1548,2.3746023,0.00350,-1,-1,-1,0,0,0,136,1,1,0,0.0000000,0.0000000,0.0000000,0,0,0,0
757213959528000 D 562,2625782339,1000,1548,1548,2.3746023,0.00337,-1,-1,-1,0,0,0,136,1,1,0,0.0000000,0.0000000,0.0000000,0,0,0,0
757213960542208 D 563,2625783339,1000,1548,1548,2.3746023,0.00323,-1,-1,-1,0,0,0,136,1,1,0,0.0000000,0.0000000,0.0000000,0,0,0,0
757213961541291 D 564,2625784339,1000,1547,1547,2.3730683,-0.05704,-1,-1,-1,0,0,0,136,1,1,0,0.0000000,0.0000000,0.0000000,0,0,0,0
757213962519916 D 565,2625785339,1000,1548,1548,2.3746023,0.00534,-1,-1,-1,0,0,0,136,1,1,0,0.0000000,0.0000000,0.0000000,0,0,0,0
757213963526625 D 566,2625786339,1000,1548,1548,2.3746023,0.00513,-1,-1,-1,0,0,0,136,1,1,0,0.0000000,0.0000000,0.0000000,0,0,0,0
757213964649500 D 567,2625787339,1000,1547,1547,2.3730683,-0.05521,-1,-1,-1,0,0,0,136,1,1,0,0.0000000,0.0000000,0.0000000,0,0,0,0
757213965569500 D 568,2625788339,1000,1548,1548,2.3746023,0.00710,-1,-1,-1,0,0,0,136,1,1,0,0.0000000,0.0000000,0.0000000,0,0,0,0
757213966558250 D 569,2625789339,1000,1548,1548,2.3746023,0.00682,-1,-1,-1,0,0,0,136,1,1,0,0.0000000,0.0000000,0.0000000,0,0,0,0
757213967661541 D 570,2625790339,1000,1548,1548,2.3746023,0.00655,-1,-1,-1,0,0,0,136,1,1,0,0.0000000,0.0000000,0.0000000,0,0,0,0
757213968585166 D 571,2625791339,1000,1548,1548,2.3746023,0.00630,-1,-1,-1,0,0,0,136,1,1,0,0.0000000,0.0000000,0.0000000,0,0,0,0
757213969679375 D 572,2625792339,1000,1548,1548,2.3746023,0.00605,-1,-1,-1,0,0,0,136,1,1,0,0.0000000,0.0000000,0.0000000,0,0,0,0
757213970686375 D 573,2625793339,1000,1548,1548,2.3746023,0.00581,-1,-1,-1,0,0,0,136,1,1,0,0.0000000,0.0000000,0.0000000,0,0,0,0
757213971650666 D 574,2625794339,1000,1548,1548,2.3746023,0.00558,-1,-1,-1,0,0,0,136,1,1,0,0.0000000,0.0000000,0.0000000,0,0,0,0
757213972640958 D 575,2625795339,1000,1548,1548,2.3746023,0.00536,-1,-1,-1,0,0,0,136,1,1,0,0.0000000,0.0000000,0.0000000,0,0,0,0
757213973666458 D 576,2625796339,1000,1547,1547,2.3730683,-0.05499,-1,-1,-1,0,0,0,136,1,1,0,0.0000000,0.0000000,0.0000000,0,0,0,0
757213974666666 D 577,2625797339,1000,1548,1548,2.3746023,0.00731,-1,-1,-1,0,0,0,136,1,1,0,0.0000000,0.0000000,0.0000000,0,0,0,0
757213975677375 D 578,2625798339,1000,1548,1548,2.3746023,0.00702,-1,-1,-1,0,0,0,136,1,1,0,0.0000000,0.0000000,0.0000000,0,0,0,0
757213976709541 D 579,2625799339,1000,1548,1548,2.3746023,0.00675,-1,-1,-1,0,0,0,136,1,1,0,0.0000000,0.0000000,0.0000000,0,0,0,0
757213977670708 D 580,2625800339,1000,1548,1548,2.3746023,0.00648,-1,-1,-1,0,0,0,136,1,1,0,0.0000000,0.0000000,0.0000000,0,0,0,0
757213978641708 D 581,2625801339,1000,1548,1548,2.3746023,0.00623,-1,-1,-1,0,0,0,136,1,1,0,0.0000000,0.0000000,0.0000000,0,0,0,0
757213980060125 D 582,2625802339,1000,1549,1549,2.3761363,0.06613,39,128,2075,0,0,0,136,1,1,0,0.0000000,0.0000000,0.0000000,0,0,0,0
757213980632708 D 583,2625803339,1000,1548,1548,2.3746023,0.00339,-1,-1,-1,0,0,0,136,1,1,0,0.0000000,0.0000000,0.0000000,0,0,0,0
757213981676958 D 584,2625804339,1000,1548,1548,2.3746023,0.00326,-1,-1,-1,0,0,0,136,1,1,0,0.0000000,0.0000000,0.0000000,0,0,0,0
757213982670875 D 585,2625805339,1000,1548,1548,2.3746023,0.00313,-1,-1,-1,0,0,0,136,1,1,0,0.0000000,0.0000000,0.0000000,0,0,0,0
757213983666625 D 586,2625806339,1000,1548,1548,2.3746023,0.00301,-1,-1,-1,0,0,0,136,1,1,0,0.0000000,0.0000000,0.0000000,0,0,0,0
757213984699708 D 587,2625807339,1000,1548,1548,2.3746023,0.00289,-1,-1,-1,0,0,0,136,1,1,0,0.0000000,0.0000000,0.0000000,0,0,0,0
757213985666875 D 588,2625808339,1000,1548,1548,2.3746023,0.00278,-1,-1,-1,0,0,0,136,1,1,0,0.0000000,0.0000000,0.0000000,0,0,0,0
757213986703208 D 589,2625809339,1000,1548,1548,2.3746023,0.00267,-1,-1,-1,0,0,0,136,1,1,0,0.0000000,0.0000000,0.0000000,0,0,0,0
757213987762541 D 590,2625810339,1000,1548,1548,2.3746023,0.00256,-1,-1,-1,0,0,0,136,1,1,0,0.0000000,0.0000000,0.0000000,0,0,0,0
757213988711875 D 591,2625811339,1000,1548,1548,2.3746023,0.00246,-1,-1,-1,0,0,0,136,1,1,0,0.0000000,0.0000000,0.0000000,0,0,0,0
757213989653375 D 592,2625812339,1000,1548,1548,2.3746023,0.00237,-1,-1,-1,0,0,0,136,1,1,0,0.0000000,0.0000000,0.0000000,0,0,0,0
757213990707416 D 593,2625813339,1000,1548,1548,2.3746023,0.00227,-1,-1,-1,0,0,0,136,1,1,0,0.0000000,0.0000000,0.0000000,0,0,0,0
757213991718708 D 594,2625814339,1000,1548,1548,2.3746023,0.00218,-1,-1,-1,0,0,0,136,1,1,0,0.0000000,0.0000000,0.0000000,0,0,0,0
757213992695791 D 595,2625815339,1000,1548,1548,2.3746023,0.00210,-1,-1,-1,0,0,0,136,1,1,0,0.0000000,0.0000000,0.0000000,0,0,0,0
757213993634958 D 596,2625816339,1000,1548,1548,2.3746023,0.00202,-1,-1,-1,0,0,0,136,1,1,0,0.0000000,0.0000000,0.0000000,0,0,0,0
757213994659583 D 597,2625817339,1000,1548,1548,2.3746023,0.00194,-1,-1,-1,0,0,0,136,1,1,0,0.0000000,0.0000000,0.0000000,0,0,0,0
757213995666250 D 598,2625818339,1000,1548,1548,2.3746023,0.00186,-1,-1,-1,0,0,0,136,1,1,0,0.0000000,0.0000000,0.0000000,0,0,0,0
757213996674958 D 599,2625819339,1000,1548,1548,2.3746023,0.00179,-1,-1,-1,0,0,0,136,1,1,0,0.0000000,0.0000000,0.0000000,0,0,0,0
757213997668208 D 600,2625820339,1000,1548,1548,2.3746023,0.00172,-1,-1,-1,0,0,0,136,1,1,0,0.0000000,0.0000000,0.0000000,0,0,0,0
757213998657875 D 601,2625821339,1000,1548,1548,2.3746023,0.00165,-1,-1,-1,0,0,0,136,1,1,0,0.0000000,0.0000000,0.0000000,0,0,0,0
757213999645333 D 602,2625822339,1000,1548,1548,2.3746023,0.00159,-1,-1,-1,0,0,0,136,1,1,0,0.0000000,0.0000000,0.0000000,0,0,0,0
757214000646375 D 603,2625823339,1000,1548,1548,2.3746023,0.00152,-1,-1,-1,0,0,0,136,1,1,0,0.0000000,0.0000000,0.0000000,0,0,0,0
757214001669208 D 604,2625824339,1000,1548,1548,2.3746023,0.00146,-1,-1,-1,0,0,0,136,1,1,0,0.0000000,0.0000000,0.0000000,0,0,0,0
757214002665833 D 605,2625825339,1000,1548,1548,2.3746023,0.00141,-1,-1,-1,0,0,0,136,1,1,0,0.0000000,0.0000000,0.0000000,0,0,0,0
757214003671833 D 606,2625826339,1000,1548,1548,2.3746023,0.00135,-1,-1,-1,0,0,0,136,1,1,0,0.0000000,0.0000000,0.0000000,0,0,0,0
757214004656291 D 607,2625827339,1000,1548,1548,2.3746023,0.00130,-1,-1,-1,0,0,0,136,1,1,0,0.0000000,0.0000000,0.0000000,0,0,0,0
757214005640833 D 608,2625828339,1000,1548,1548,2.3746023,0.00125,-1,-1,-1,0,0,0,136,1,1,0,0.0000000,0.0000000,0.0000000,0,0,0,0
757214006643041 D 609,2625829339,1000,1548,1548,2.3746023,0.00120,-1,-1,-1,0,0,0,136,1,1,0,0.0000000,0.0000000,0.0000000,0,0,0,0
757214007644333 D 610,2625830339,1000,1548,1548,2.3746023,0.00115,-1,-1,-1,0,0,0,136,1,1,0,0.0000000,0.0000000,0.0000000,0,0,0,0
757214008699750 D 611,2625831339,1000,1548,1548,2.3746023,0.00111,-1,-1,-1,0,0,0,136,1,1,0,0.0000000,0.0000000,0.0000000,0,0,0,0
757214009668000 D 612,2625832339,1000,1548,1548,2.3746023,0.00106,-1,-1,-1,0,0,0,136,1,1,0,0.0000000,0.0000000,0.0000000,0,0,0,0
757214010655375 D 613,2625833339,1000,1548,1548,2.3746023,0.00102,-1,-1,-1,0,0,0,136,1,1,0,0.0000000,0.0000000,0.0000000,0,0,0,0
757214011709250 D 614,2625834339,1000,1548,1548,2.3746023,0.00098,-1,-1,-1,0,0,0,136,1,1,0,0.0000000,0.0000000,0.0000000,0,0,0,0
757214012650125 D 615,2625835339,1000,1548,1548,2.3746023,0.00094,-1,-1,-1,0,0,0,136,1,1,0,0.0000000,0.0000000,0.0000000,0,0,0,0
757214013667666 D 616,2625836339,1000,1548,1548,2.3746023,0.00091,-1,-1,-1,0,0,0,136,1,1,0,0.0000000,0.0000000,0.0000000,0,0,0,0
757214014670250 D 617,2625837339,1000,1548,1548,2.3746023,0.00087,-1,-1,-1,0,0,0,136,1,1,0,0.0000000,0.0000000,0.0000000,0,0,0,0
757214015675083 D 618,2625838339,1000,1548,1548,2.3746023,0.00084,-1,-1,-1,0,0,0,136,1,1,0,0.0000000,0.0000000,0.0000000,0,0,0,0
757214016654458 D 619,2625839339,1000,1548,1548,2.3746023,0.00080,-1,-1,-1,0,0,0,136,1,1,0,0.0000000,0.0000000,0.0000000,0,0,0,0
757214017678458 D 620,2625840339,1000,1548,1548,2.3746023,0.00077,-1,-1,-1,0,0,0,136,1,1,0,0.0000000,0.0000000,0.0000000,0,0,0,0
757214018646208 D 621,2625841339,1000,1548,1548,2.3746023,0.00074,-1,-1,-1,0,0,0,136,1,1,0,0.0000000,0.0000000,0.0000000,0,0,0,0
757214019657333 D 622,2625842339,1000,1548,1548,2.3746023,0.00071,-1,-1,-1,0,0,0,136,1,1,0,0.0000000,0.0000000,0.0000000,0,0,0,0
757214020678000 D 623,2625843339,1000,1548,1548,2.3746023,0.00068,-1,-1,-1,0,0,0,136,1,1,0,0.0000000,0.0000000,0.0000000,0,0,0,0
757214021662791 D 624,2625844339,1000,1548,1548,2.3746023,0.00066,-1,-1,-1,0,0,0,136,1,1,0,0.0000000,0.0000000,0.0000000,0,0,0,0
757214022683916 D 625,2625845339,1000,1548,1548,2.3746023,0.00063,-1,-1,-1,0,0,0,136,1,1,0,0.0000000,0.0000000,0.0000000,0,0,0,0
757214023664375 D 626,2625846339,1000,1548,1548,2.3746023,0.00061,-1,-1,-1,0,0,0,136,1,1,0,0.0000000,0.0000000,0.0000000,0,0,0,0
757214024661250 D 627,2625847339,1000,1548,1548,2.3746023,0.00058,-1,-1,-1,0,0,0,136,1,1,0,0.0000000,0.0000000,0.0000000,0,0,0,0
757214025722583 D 628,2625848339,1000,1548,1548,2.3746023,0.00056,-1,-1,-1,0,0,0,136,1,1,0,0.0000000,0.0000000,0.0000000,0,0,0,0
757214026674208 D 629,2625849339,1000,1548,1548,2.3746023,0.00054,-1,-1,-1,0,0,0,136,1,1,0,0.0000000,0.0000000,0.0000000,0,0,0,0
757214027985250 D 630,2625850339,1000,1548,1548,2.3746023,0.00052,-1,-1,-1,0,0,0,136,1,1,0,0.0000000,0.0000000,0.0000000,0,0,0,0
757214028847375 D 631,2625851339,1000,1548,1548,2.3746023,0.00050,-1,-1,-1,0,0,0,136,1,1,0,0.0000000,0.0000000,0.0000000,0,0,0,0
757214030368875 D 632,2625852339,1000,1548,1548,2.3746023,0.00048,39,128,2075,0,0,0,136,1,1,0,0.0000000,0.0000000,0.0000000,0,0,0,0
757214032363000 D 633,2625853339,1000,1548,1548,2.3746023,0.00046,-1,-1,-1,0,0,0,136,1,1,0,0.0000000,0.0000000,0.0000000,0,0,0,0
757214033034500 D 634,2625854339,1000,1548,1548,2.3746023,0.00044,-1,-1,-1,0,0,0,136,1,1,0,0.0000000,0.0000000,0.0000000,0,0,0,0
757214033607750 D 635,2625855339,1000,1548,1548,2.3746023,0.00042,-1,-1,-1,0,0,0,136,1,1,0,0.0000000,0.0000000,0.0000000,0,0,0,0
757214034177791 D 636,2625856339,1000,1548,1548,2.3746023,0.00041,-1,-1,-1,0,0,0,136,1,1,0,0.0000000,0.0000000,0.0000000,0,0,0,0
757214034725291 D 637,2625857339,1000,1548,1548,2.3746023,0.00039,-1,-1,-1,0,0,0,136,1,1,0,0.0000000,0.0000000,0.0000000,0,0,0,0
757214035609541 D 638,2625858339,1000,1548,1548,2.3746023,0.00038,-1,-1,-1,0,0,0,136,1,1,0,0.0000000,0.0000000,0.0000000,0,0,0,0
757214036603000 D 639,2625859339,1000,1548,1548,2.3746023,0.00036,-1,-1,-1,0,0,0,136,1,1,0,0.0000000,0.0000000,0.0000000,0,0,0,0
757214037551500 D 640,2625860339,1000,1548,1548,2.3746023,0.00035,-1,-1,-1,0,0,0,136,1,1,0,0.0000000,0.0000000,0.0000000,0,0,0,0
757214038540541 D 641,2625861339,1000,1547,1547,2.3730683,-0.05981,-1,-1,-1,0,0,0,136,1,1,0,0.0000000,0.0000000,0.0000000,0,0,0,0
757214039522041 D 642,2625862339,1000,1548,1548,2.3746023,0.00268,-1,-1,-1,0,0,0,136,1,1,0,0.0000000,0.0000000,0.0000000,0,0,0,0
757214040585333 D 643,2625863339,1000,1548,1548,2.3746023,0.00257,-1,-1,-1,0,0,0,136,1,1,0,0.0000000,0.0000000,0.0000000,0,0,0,0
757214041592708 D 644,2625864339,1000,1548,1548,2.3746023,0.00247,-1,-1,-1,0,0,0,136,1,1,0,0.0000000,0.0000000,0.0000000,0,0,0,0
757214042572750 D 645,2625865339,1000,1548,1548,2.3746023,0.00238,-1,-1,-1,0,0,0,136,1,1,0,0.0000000,0.0000000,0.0000000,0,0,0,0
757214043593166 D 646,2625866339,1000,1548,1548,2.3746023,0.00228,-1,-1,-1,0,0,0,136,1,1,0,0.0000000,0.0000000,0.0000000,0,0,0,0
757214044617625 D 647,2625867339,1000,1548,1548,2.3746023,0.00219,-1,-1,-1,0,0,0,136,1,1,0,0.0000000,0.0000000,0.0000000,0,0,0,0
757214045665750 D 648,2625868339,1000,1548,1548,2.3746023,0.00211,-1,-1,-1,0,0,0,136,1,1,0,0.0000000,0.0000000,0.0000000,0,0,0,0
757214046678708 D 649,2625869339,1000,1548,1548,2.3746023,0.00202,-1,-1,-1,0,0,0,136,1,1,0,0.0000000,0.0000000,0.0000000,0,0,0,0
757214047627833 D 650,2625870339,1000,1548,1548,2.3746023,0.00195,-1,-1,-1,0,0,0,136,1,1,0,0.0000000,0.0000000,0.0000000,0,0,0,0
757214048636666 D 651,2625871339,1000,1548,1548,2.3746023,0.00187,-1,-1,-1,0,0,0,136,1,1,0,0.0000000,0.0000000,0.0000000,0,0,0,0
757214049680000 D 652,2625872339,1000,1548,1548,2.3746023,0.00180,-1,-1,-1,0,0,0,136,1,1,0,0.0000000,0.0000000,0.0000000,0,0,0,0
757214050681875 D 653,2625873339,1000,1549,1549,2.3761363,0.06187,-1,-1,-1,0,0,0,136,1,1,0,0.0000000,0.0000000,0.0000000,0,0,0,0
757214051593458 D 654,2625874339,1000,1548,1548,2.3746023,-0.00070,-1,-1,-1,0,0,0,136,1,1,0,0.0000000,0.0000000,0.0000000,0,0,0,0
757214052595291 D 655,2625875339,1000,1548,1548,2.3746023,-0.00067,-1,-1,-1,0,0,0,136,1,1,0,0.0000000,0.0000000,0.0000000,0,0,0,0
757214053609291 D 656,2625876339,1000,1548,1548,2.3746023,-0.00065,-1,-1,-1,0,0,0,136,1,1,0,0.0000000,0.0000000,0.0000000,0,0,0,0
757214054591625 D 657,2625877339,1000,1548,1548,2.3746023,-0.00062,-1,-1,-1,0,0,0,136,1,1,0,0.0000000,0.0000000,0.0000000,0,0,0,0
757214055608750 D 658,2625878339,1000,1548,1548,2.3746023,-0.00060,-1,-1,-1,0,0,0,136,1,1,0,0.0000000,0.0000000,0.0000000,0,0,0,0
757214056601041 D 659,2625879339,1000,1548,1548,2.3746023,-0.00057,-1,-1,-1,0,0,0,136,1,1,0,0.0000000,0.0000000,0.0000000,0,0,0,0
757214057610833 D 660,2625880339,1000,1548,1548,2.3746023,-0.00055,-1,-1,-1,0,0,0,136,1,1,0,0.0000000,0.0000000,0.0000000,0,0,0,0
757214058661125 D 661,2625881339,1000,1548,1548,2.3746023,-0.00053,-1,-1,-1,0,0,0,136,1,1,0,0.0000000,0.0000000,0.0000000,0,0,0,0
757214059688500 D 662,2625882339,1000,1548,1548,2.3746023,-0.00051,-1,-1,-1,0,0,0,136,1,1,0,0.0000000,0.0000000,0.0000000,0,0,0,0
757214060675958 D 663,2625883339,1000,1548,1548,2.3746023,-0.00049,-1,-1,-1,0,0,0,136,1,1,0,0.0000000,0.0000000,0.0000000,0,0,0,0
757214061658583 D 664,2625884339,1000,1548,1548,2.3746023,-0.00047,-1,-1,-1,0,0,0,136,1,1,0,0.0000000,0.0000000,0.0000000,0,0,0,0
757214062629916 D 665,2625885339,1000,1548,1548,2.3746023,-0.00045,-1,-1,-1,0,0,0,136,1,1,0,0.0000000,0.0000000,0.0000000,0,0,0,0
757214063636833 D 666,2625886339,1000,1549,1549,2.3761363,0.05971,-1,-1,-1,0,0,0,136,1,1,0,0.0000000,0.0000000,0.0000000,0,0,0,0
757214064809833 D 667,2625887339,1000,1548,1548,2.3746023,-0.00278,-1,-1,-1,0,0,0,136,1,1,0,0.0000000,0.0000000,0.0000000,0,0,0,0
757214065679000 D 668,2625888339,1000,1548,1548,2.3746023,-0.00267,-1,-1,-1,0,0,0,136,1,1,0,0.0000000,0.0000000,0.0000000,0,0,0,0
757214066690000 D 669,2625889339,1000,1548,1548,2.3746023,-0.00256,-1,-1,-1,0,0,0,136,1,1,0,0.0000000,0.0000000,0.0000000,0,0,0,0
757214067686125 D 670,2625890339,1000,1548,1548,2.3746023,-0.00246,-1,-1,-1,0,0,0,136,1,1,0,0.0000000,0.0000000,0.0000000,0,0,0,0
757214068675250 D 671,2625891339,1000,1548,1548,2.3746023,-0.00236,-1,-1,-1,0,0,0,136,1,1,0,0.0000000,0.0000000,0.0000000,0,0,0,0
757214069640583 D 672,2625892339,1000,1548,1548,2.3746023,-0.00227,-1,-1,-1,0,0,0,136,1,1,0,0.0000000,0.0000000,0.0000000,0,0,0,0
757214070710958 D 673,2625893339,1000,1548,1548,2.3746023,-0.00218,-1,-1,-1,0,0,0,136,1,1,0,0.0000000,0.0000000,0.0000000,0,0,0,0
757214071671708 D 674,2625894339,1000,1548,1548,2.3746023,-0.00210,-1,-1,-1,0,0,0,136,1,1,0,0.0000000,0.0000000,0.0000000,0,0,0,0
757214072647833 D 675,2625895339,1000,1548,1548,2.3746023,-0.00202,-1,-1,-1,0,0,0,136,1,1,0,0.0000000,0.0000000,0.0000000,0,0,0,0
757214073662625 D 676,2625896339,1000,1548,1548,2.3746023,-0.00194,-1,-1,-1,0,0,0,136,1,1,0,0.0000000,0.0000000,0.0000000,0,0,0,0
757214074687791 D 677,2625897339,1000,1548,1548,2.3746023,-0.00186,-1,-1,-1,0,0,0,136,1,1,0,0.0000000,0.0000000,0.0000000,0,0,0,0
757214075650375 D 678,2625898339,1000,1548,1548,2.3746023,-0.00179,-1,-1,-1,0,0,0,136,1,1,0,0.0000000,0.0000000,0.0000000,0,0,0,0
757214076741208 D 679,2625899339,1000,1548,1548,2.3746023,-0.00172,-1,-1,-1,0,0,0,136,1,1,0,0.0000000,0.0000000,0.0000000,0,0,0,0
757214077705791 D 680,2625900339,1000,1548,1548,2.3746023,-0.00165,-1,-1,-1,0,0,0,136,1,1,0,0.0000000,0.0000000,0.0000000,0,0,0,0
757214078667583 D 681,2625901339,1000,1549,1549,2.3761363,0.05856,-1,-1,-1,0,0,0,136,1,1,0,0.0000000,0.0000000,0.0000000,0,0,0,0
757214080077250 D 682,2625902339,1000,1548,1548,2.3746023,-0.00388,39,128,2074,0,0,0,136,1,1,0,0.0000000,0.0000000,0.0000000,0,0,0,0
757214080694333 D 683,2625903339,1000,1548,1548,2.3746023,-0.00373,-1,-1,-1,0,0,0,136,1,1,0,0.0000000,0.0000000,0.0000000,0,0,0,0
757214081640666 D 684,2625904339,1000,1548,1548,2.3746023,-0.00358,-1,-1,-1,0,0,0,136,1,1,0,0.0000000,0.0000000,0.0000000,0,0,0,0
757214083156583 D 685,2625905339,1000,1548,1548,2.3746023,-0.00344,-1,-1,-1,0,0,0,136,1,1,0,0.0000000,0.0000000,0.0000000,0,0,0,0
757214083970541 D 686,2625906339,1000,1548,1548,2.3746023,-0.00331,-1,-1,-1,0,0,0,136,1,1,0,0.0000000,0.0000000,0.0000000,0,0,0,0
757214084699625 D 687,2625907339,1000,1548,1548,2.3746023,-0.00318,-1,-1,-1,0,0,0,136,1,1,0,0.0000000,0.0000000,0.0000000,0,0,0,0
757214085623083 D 688,2625908339,1000,1547,1547,2.3730683,-0.06320,-1,-1,-1,0,0,0,136,1,1,0,0.0000000,0.0000000,0.0000000,0,0,0,0
757214086634666 D 689,2625909339,1000,1548,1548,2.3746023,-0.00058,-1,-1,-1,0,0,0,136,1,1,0,0.0000000,0.0000000,0.0000000,0,0,0,0
757214087640041 D 690,2625910339,1000,1548,1548,2.3746023,-0.00055,-1,-1,-1,0,0,0,136,1,1,0,0.0000000,0.0000000,0.0000000,0,0,0,0
757214088706666 D 691,2625911339,1000,1548,1548,2.3746023,-0.00053,-1,-1,-1,0,0,0,136,1,1,0,0.0000000,0.0000000,0.0000000,0,0,0,0
757214089626000 D 692,2625912339,1000,1548,1548,2.3746023,-0.00051,-1,-1,-1,0,0,0,136,1,1,0,0.0000000,0.0000000,0.0000000,0,0,0,0
757214090726625 D 693,2625913339,1000,1548,1548,2.3746023,-0.00049,-1,-1,-1,0,0,0,136,1,1,0,0.0000000,0.0000000,0.0000000,0,0,0,0
757214091640666 D 694,2625914339,1000,1548,1548,2.3746023,-0.00047,-1,-1,-1,0,0,0,136,1,1,0,0.0000000,0.0000000,0.0000000,0,0,0,0
757214092671541 D 695,2625915339,1000,1548,1548,2.3746023,-0.00045,-1,-1,-1,0,0,0,136,1,1,0,0.0000000,0.0000000,0.0000000,0,0,0,0
757214093624375 D 696,2625916339,1000,1548,1548,2.3746023,-0.00043,-1,-1,-1,0,0,0,136,1,1,0,0.0000000,0.0000000,0.0000000,0,0,0,0
757214094717833 D 697,2625917339,1000,1548,1548,2.3746023,-0.00042,-1,-1,-1,0,0,0,136,1,1,0,0.0000000,0.0000000,0.0000000,0,0,0,0
757214095649875 D 698,2625918339,1000,1548,1548,2.3746023,-0.00040,-1,-1,-1,0,0,0,136,1,1,0,0.0000000,0.0000000,0.0000000,0,0,0,0
757214096685000 D 699,2625919339,1000,1548,1548,2.3746023,-0.00039,-1,-1,-1,0,0,0,136,1,1,0,0.0000000,0.0000000,0.0000000,0,0,0,0
757214097655875 D 700,2625920339,1000,1548,1548,2.3746023,-0.00037,-1,-1,-1,0,0,0,136,1,1,0,0.0000000,0.0000000,0.0000000,0,0,0,0
757214098659916 D 701,2625921339,1000,1548,1548,2.3746023,-0.00036,-1,-1,-1,0,0,0,136,1,1,0,0.0000000,0.0000000,0.0000000,0,0,0,0
757214099643750 D 702,2625922339,1000,1548,1548,2.3746023,-0.00034,-1,-1,-1,0,0,0,136,1,1,0,0.0000000,0.0000000,0.0000000,0,0,0,0
757214100667625 D 703,2625923339,1000,1548,1548,2.3746023,-0.00033,-1,-1,-1,0,0,0,136,1,1,0,0.0000000,0.0000000,0.0000000,0,0,0,0
757214101695083 D 704,2625924339,1000,1548,1548,2.3746023,-0.00032,-1,-1,-1,0,0,0,136,1,1,0,0.0000000,0.0000000,0.0000000,0,0,0,0
757214102691458 D 705,2625925339,1000,1548,1548,2.3746023,-0.00030,-1,-1,-1,0,0,0,136,1,1,0,0.0000000,0.0000000,0.0000000,0,0,0,0
757214103665541 D 706,2625926339,1000,1548,1548,2.3746023,-0.00029,-1,-1,-1,0,0,0,136,1,1,0,0.0000000,0.0000000,0.0000000,0,0,0,0
757214104705375 D 707,2625927339,1000,1548,1548,2.3746023,-0.00028,-1,-1,-1,0,0,0,136,1,1,0,0.0000000,0.0000000,0.0000000,0,0,0,0
757214105668333 D 708,2625928339,1000,1548,1548,2.3746023,-0.00027,-1,-1,-1,0,0,0,136,1,1,0,0.0000000,0.0000000,0.0000000,0,0,0,0
757214106636208 D 709,2625929339,1000,1548,1548,2.3746023,-0.00026,-1,-1,-1,0,0,0,136,1,1,0,0.0000000,0.0000000,0.0000000,0,0,0,0
757214107640708 D 710,2625930339,1000,1548,1548,2.3746023,-0.00025,-1,-1,-1,0,0,0,136,1,1,0,0.0000000,0.0000000,0.0000000,0,0,0,0
757214108650791 D 711,2625931339,1000,1548,1548,2.3746023,-0.00024,-1,-1,-1,0,0,0,136,1,1,0,0.0000000,0.0000000,0.0000000,0,0,0,0
757214109649416 D 712,2625932339,1000,1548,1548,2.3746023,-0.00023,-1,-1,-1,0,0,0,136,1,1,0,0.0000000,0.0000000,0.0000000,0,0,0,0
757214110715625 D 713,2625933339,1000,1548,1548,2.3746023,-0.00022,-1,-1,-1,0,0,0,136,1,1,0,0.0000000,0.0000000,0.0000000,0,0,0,0
757214111654291 D 714,2625934339,1000,1548,1548,2.3746023,-0.00021,-1,-1,-1,0,0,0,136,1,1,0,0.0000000,0.0000000,0.0000000,0,0,0,0
757214113094250 D 715,2625935339,1000,1548,1548,2.3746023,-0.00020,-1,-1,-1,0,0,0,136,1,1,0,0.0000000,0.0000000,0.0000000,0,0,0,0
757214113916416 D 716,2625936339,1000,1548,1548,2.3746023,-0.00020,-1,-1,-1,0,0,0,136,1,1,0,0.0000000,0.0000000,0.0000000,0,0,0,0
757214114797791 D 717,2625937339,1000,1548,1548,2.3746023,-0.00019,-1,-1,-1,0,0,0,136,1,1,0,0.0000000,0.0000000,0.0000000,0,0,0,0
757214115789791 D 718,2625938339,1000,1549,1549,2.3761363,0.05997,-1,-1,-1,0,0,0,136,1,1,0,0.0000000,0.0000000,0.0000000,0,0,0,0
757214116781750 D 719,2625939339,1000,1548,1548,2.3746023,-0.00253,-1,-1,-1,0,0,0,136,1,1,0,0.0000000,0.0000000,0.0000000,0,0,0,0
757214117795125 D 720,2625940339,1000,1548,1548,2.3746023,-0.00243,-1,-1,-1,0,0,0,136,1,1,0,0.0000000,0.0000000,0.0000000,0,0,0,0
757214118692458 D 721,2625941339,1000,1548,1548,2.3746023,-0.00234,-1,-1,-1,0,0,0,136,1,1,0,0.0000000,0.0000000,0.0000000,0,0,0,0
757214119745791 D 722,2625942339,1000,1548,1548,2.3746023,-0.00225,-1,-1,-1,0,0,0,136,1,1,0,0.0000000,0.0000000,0.0000000,0,0,0,0
757214120813833 D 723,2625943339,1000,1548,1548,2.3746023,-0.00216,-1,-1,-1,0,0,0,136,1,1,0,0.0000000,0.0000000,0.0000000,0,0,0,0
757214121870208 D 724,2625944339,1000,1548,1548,2.3746023,-0.00207,-1,-1,-1,0,0,0,136,1,1,0,0.0000000,0.0000000,0.0000000,0,0,0,0
757214122817250 D 725,2625945339,1000,1548,1548,2.3746023,-0.00199,-1,-1,-1,0,0,0,136,1,1,0,0.0000000,0.0000000,0.0000000,0,0,0,0
757214123904541 D 726,2625946339,1000,1547,1547,2.3730683,-0.06206,-1,-1,-1,0,0,0,136,1,1,0,0.0000000,0.0000000,0.0000000,0,0,0,0
757214124852416 D 727,2625947339,1000,1548,1548,2.3746023,0.00052,-1,-1,-1,0,0,0,136,1,1,0,0.0000000,0.0000000,0.0000000,0,0,0,0
757214125847500 D 728,2625948339,1000,1548,1548,2.3746023,0.00050,-1,-1,-1,0,0,0,136,1,1,0,0.0000000,0.0000000,0.0000000,0,0,0,0
757214126882500 D 729,2625949339,1000,1548,1548,2.3746023,0.00048,-1,-1,-1,0,0,0,136,1,1,0,0.0000000,0.0000000,0.0000000,0,0,0,0
757214127782458 D 730,2625950339,1000,1548,1548,2.3746023,0.00046,-1,-1,-1,0,0,0,136,1,1,0,0.0000000,0.0000000,0.0000000,0,0,0,0
757214128798250 D 731,2625951339,1000,1548,1548,2.3746023,0.00044,-1,-1,-1,0,0,0,136,1,1,0,0.0000000,0.0000000,0.0000000,0,0,0,0
757214130214375 D 732,2625952339,1000,1548,1548,2.3746023,0.00043,39,128,2074,0,0,0,136,1,1,0,0.0000000,0.0000000,0.0000000,0,0,0,0
757214130926583 D 733,2625953339,1000,1548,1548,2.3746023,0.00041,-1,-1,-1,0,0,0,136,1,1,0,0.0000000,0.0000000,0.0000000,0,0,0,0
757214131949041 D 734,2625954339,1000,1547,1547,2.3730683,-0.05976,-1,-1,-1,0,0,0,136,1,1,0,0.0000000,0.0000000,0.0000000,0,0,0,0
757214132639166 D 735,2625955339,1000,1549,1549,2.3761363,0.06288,-1,-1,-1,0,0,0,136,1,1,0,0.0000000,0.0000000,0.0000000,0,0,0,0
757214133648916 D 736,2625956339,1000,1548,1548,2.3746023,0.00027,-1,-1,-1,0,0,0,136,1,1,0,0.0000000,0.0000000,0.0000000,0,0,0,0
757214134631083 D 737,2625957339,1000,1548,1548,2.3746023,0.00026,-1,-1,-1,0,0,0,136,1,1,0,0.0000000,0.0000000,0.0000000,0,0,0,0
757214135635375 D 738,2625958339,1000,1548,1548,2.3746023,0.00025,-1,-1,-1,0,0,0,136,1,1,0,0.0000000,0.0000000,0.0000000,0,0,0,0
757214136630291 D 739,2625959339,1000,1548,1548,2.3746023,0.00024,-1,-1,-1,0,0,0,136,1,1,0,0.0000000,0.0000000,0.0000000,0,0,0,0
757214137694666 D 740,2625960339,1000,1548,1548,2.3746023,0.00023,-1,-1,-1,0,0,0,136,1,1,0,0.0000000,0.0000000,0.0000000,0,0,0,0
757214138674958 D 741,2625961339,1000,1548,1548,2.3746023,0.00022,-1,-1,-1,0,0,0,136,1,1,0,0.0000000,0.0000000,0.0000000,0,0,0,0
757214139694458 D 742,2625962339,1000,1548,1548,2.3746023,0.00021,-1,-1,-1,0,0,0,136,1,1,0,0.0000000,0.0000000,0.0000000,0,0,0,0
757214140685291 D 743,2625963339,1000,1548,1548,2.3746023,0.00020,-1,-1,-1,0,0,0,136,1,1,0,0.0000000,0.0000000,0.0000000,0,0,0,0
757214141689166 D 744,2625964339,1000,1548,1548,2.3746023,0.00020,-1,-1,-1,0,0,0,136,1,1,0,0.0000000,0.0000000,0.0000000,0,0,0,0
757214142668833 D 745,2625965339,1000,1548,1548,2.3746023,0.00019,-1,-1,-1,0,0,0,136,1,1,0,0.0000000,0.0000000,0.0000000,0,0,0,0
757214143698583 D 746,2625966339,1000,1548,1548,2.3746023,0.00018,-1,-1,-1,0,0,0,136,1,1,0,0.0000000,0.0000000,0.0000000,0,0,0,0
757214144615833 D 747,2625967339,1000,1548,1548,2.3746023,0.00017,-1,-1,-1,0,0,0,136,1,1,0,0.0000000,0.0000000,0.0000000,0,0,0,0
757214145622000 D 748,2625968339,1000,1548,1548,2.3746023,0.00017,-1,-1,-1,0,0,0,136,1,1,0,0.0000000,0.0000000,0.0000000,0,0,0,0
757214146661333 D 749,2625969339,1000,1548,1548,2.3746023,0.00016,-1,-1,-1,0,0,0,136,1,1,0,0.0000000,0.0000000,0.0000000,0,0,0,0
757214147609625 D 750,2625970339,1000,1548,1548,2.3746023,0.00015,-1,-1,-1,0,0,0,136,1,1,0,0.0000000,0.0000000,0.0000000,0,0,0,0
757214148658666 D 751,2625971339,1000,1548,1548,2.3746023,0.00015,-1,-1,-1,0,0,0,136,1,1,0,0.0000000,0.0000000,0.0000000,0,0,0,0
757214149628208 D 752,2625972339,1000,1548,1548,2.3746023,0.00014,-1,-1,-1,0,0,0,136,1,1,0,0.0000000,0.0000000,0.0000000,0,0,0,0
757214150658791 D 753,2625973339,1000,1548,1548,2.3746023,0.00014,-1,-1,-1,0,0,0,136,1,1,0,0.0000000,0.0000000,0.0000000,0,0,0,0
757214151648250 D 754,2625974339,1000,1548,1548,2.3746023,0.00013,-1,-1,-1,0,0,0,136,1,1,0,0.0000000,0.0000000,0.0000000,0,0,0,0
757214152658291 D 755,2625975339,1000,1548,1548,2.3746023,0.00013,-1,-1,-1,0,0,0,136,1,1,0,0.0000000,0.0000000,0.0000000,0,0,0,0
757214153667000 D 756,2625976339,1000,1548,1548,2.3746023,0.00012,-1,-1,-1,0,0,0,136,1,1,0,0.0000000,0.0000000,0.0000000,0,0,0,0
757214154629125 D 757,2625977339,1000,1548,1548,2.3746023,0.00012,-1,-1,-1,0,0,0,136,1,1,0,0.0000000,0.0000000,0.0000000,0,0,0,0
757214155601416 D 758,2625978339,1000,1548,1548,2.3746023,0.00011,-1,-1,-1,0,0,0,136,1,1,0,0.0000000,0.0000000,0.0000000,0,0,0,0
757214156868458 D 759,2625979339,1000,1549,1549,2.3761363,0.06026,-1,-1,-1,0,0,0,136,1,1,0,0.0000000,0.0000000,0.0000000,0,0,0,0
757214157647458 D 760,2625980339,1000,1548,1548,2.3746023,-0.00225,-1,-1,-1,0,0,0,136,1,1,0,0.0000000,0.0000000,0.0000000,0,0,0,0
757214158628916 D 761,2625981339,1000,1548,1548,2.3746023,-0.00217,-1,-1,-1,0,0,0,136,1,1,0,0.0000000,0.0000000,0.0000000,0,0,0,0
757214159755041 D 762,2625982339,1000,1548,1548,2.3746023,-0.00208,-1,-1,-1,0,0,0,136,1,1,0,0.0000000,0.0000000,0.0000000,0,0,0,0
757214160663208 D 763,2625983339,1000,1548,1548,2.3746023,-0.00200,-1,-1,-1,0,0,0,136,1,1,0,0.0000000,0.0000000,0.0000000,0,0,0,0
757214161724750 D 764,2625984339,1000,1548,1548,2.3746023,-0.00192,-1,-1,-1,0,0,0,136,1,1,0,0.0000000,0.0000000,0.0000000,0,0,0,0
757214162607500 D 765,2625985339,1000,1548,1548,2.3746023,-0.00185,-1,-1,-1,0,0,0,136,1,1,0,0.0000000,0.0000000,0.0000000,0,0,0,0
757214163616083 D 766,2625986339,1000,1548,1548,2.3746023,-0.00177,-1,-1,-1,0,0,0,136,1,1,0,0.0000000,0.0000000,0.0000000,0,0,0,0
757214164623791 D 767,2625987339,1000,1548,1548,2.3746023,-0.00170,-1,-1,-1,0,0,0,136,1,1,0,0.0000000,0.0000000,0.0000000,0,0,0,0
757214165682000 D 768,2625988339,1000,1548,1548,2.3746023,-0.00164,-1,-1,-1,0,0,0,136,1,1,0,0.0000000,0.0000000,0.0000000,0,0,0,0
757214166646208 D 769,2625989339,1000,1548,1548,2.3746023,-0.00157,-1,-1,-1,0,0,0,136,1,1,0,0.0000000,0.0000000,0.0000000,0,0,0,0
757214167710875 D 770,2625990339,1000,1548,1548,2.3746023,-0.00151,-1,-1,-1,0,0,0,136,1,1,0,0.0000000,0.0000000,0.0000000,0,0,0,0
757214168693000 D 771,2625991339,1000,1548,1548,2.3746023,-0.00145,-1,-1,-1,0,0,0,136,1,1,0,0.0000000,0.0000000,0.0000000,0,0,0,0
757214169711625 D 772,2625992339,1000,1548,1548,2.3746023,-0.00140,-1,-1,-1,0,0,0,136,1,1,0,0.0000000,0.0000000,0.0000000,0,0,0,0
757214170723791 D 773,2625993339,1000,1548,1548,2.3746023,-0.00134,-1,-1,-1,0,0,0,136,1,1,0,0.0000000,0.0000000,0.0000000,0,0,0,0
757214171806416 D 774,2625994339,1000,1548,1548,2.3746023,-0.00129,-1,-1,-1,0,0,0,136,1,1,0,0.0000000,0.0000000,0.0000000,0,0,0,0
757214172853333 D 775,2625995339,1000,1548,1548,2.3746023,-0.00124,-1,-1,-1,0,0,0,136,1,1,0,0.0000000,0.0000000,0.0000000,0,0,0,0
757214173826916 D 776,2625996339,1000,1548,1548,2.3746023,-0.00119,-1,-1,-1,0,0,0,136,1,1,0,0.0000000,0.0000000,0.0000000,0,0,0,0
757214174816125 D 777,2625997339,1000,1548,1548,2.3746023,-0.00114,-1,-1,-1,0,0,0,136,1,1,0,0.0000000,0.0000000,0.0000000,0,0,0,0
757214175748833 D 778,2625998339,1000,1548,1548,2.3746023,-0.00110,-1,-1,-1,0,0,0,136,1,1,0,0.0000000,0.0000000,0.0000000,0,0,0,0
757214176747541 D 779,2625999339,1000,1547,1547,2.3730683,-0.06120,-1,-1,-1,0,0,0,136,1,1,0,0.0000000,0.0000000,0.0000000,0,0,0,0
757214177939833 D 780,2626000339,1000,1548,1548,2.3746023,0.00135,-1,-1,-1,0,0,0,136,1,1,0,0.0000000,0.0000000,0.0000000,0,0,0,0
757214178763833 D 781,2626001339,1000,1548,1548,2.3746023,0.00129,-1,-1,-1,0,0,0,136,1,1,0,0.0000000,0.0000000,0.0000000,0,0,0,0
757214180212958 D 782,2626002339,1000,1548,1548,2.3746023,0.00124,39,128,2076,0,0,0,136,1,1,0,0.0000000,0.0000000,0.0000000,0,0,0,0
757214180867833 D 783,2626003339,1000,1548,1548,2.3746023,0.00119,-1,-1,-1,0,0,0,136,1,1,0,0.0000000,0.0000000,0.0000000,0,0,0,0
757214183413500 D 784,2626004339,1000,1548,1548,2.3746023,0.00115,-1,-1,-1,0,0,0,136,1,1,0,0.0000000,0.0000000,0.0000000,0,0,0,0
757214183997875 D 785,2626005339,1000,1548,1548,2.3746023,0.00110,-1,-1,-1,0,0,0,136,1,1,0,0.0000000,0.0000000,0.0000000,0,0,0,0
757214184573208 D 786,2626006339,1000,1548,1548,2.3746023,0.00106,-1,-1,-1,0,0,0,136,1,1,0,0.0000000,0.0000000,0.0000000,0,0,0,0
757214185143250 D 787,2626007339,1000,1548,1548,2.3746023,0.00102,-1,-1,-1,0,0,0,136,1,1,0,0.0000000,0.0000000,0.0000000,0,0,0,0
757214185709708 D 788,2626008339,1000,1548,1548,2.3746023,0.00098,-1,-1,-1,0,0,0,136,1,1,0,0.0000000,0.0000000,0.0000000,0,0,0,0
757214186598875 D 789,2626009339,1000,1548,1548,2.3746023,0.00094,-1,-1,-1,0,0,0,136,1,1,0,0.0000000,0.0000000,0.0000000,0,0,0,0
757214187575083 D 790,2626010339,1000,1548,1548,2.3746023,0.00090,-1,-1,-1,0,0,0,136,1,1,0,0.0000000,0.0000000,0.0000000,0,0,0,0
757214188668958 D 791,2626011339,1000,1547,1547,2.3730683,-0.05928,-1,-1,-1,0,0,0,136,1,1,0,0.0000000,0.0000000,0.0000000,0,0,0,0
757214189600333 D 792,2626012339,1000,1548,1548,2.3746023,0.00319,-1,-1,-1,0,0,0,136,1,1,0,0.0000000,0.0000000,0.0000000,0,0,0,0
757214190578333 D 793,2626013339,1000,1548,1548,2.3746023,0.00307,-1,-1,-1,0,0,0,136,1,1,0,0.0000000,0.0000000,0.0000000,0,0,0,0
757214191652333 D 794,2626014339,1000,1548,1548,2.3746023,0.00295,-1,-1,-1,0,0,0,136,1,1,0,0.0000000,0.0000000,0.0000000,0,0,0,0
757214192678625 D 795,2626015339,1000,1548,1548,2.3746023,0.00283,-1,-1,-1,0,0,0,136,1,1,0,0.0000000,0.0000000,0.0000000,0,0,0,0
757214193655291 D 796,2626016339,1000,1548,1548,2.3746023,0.00272,-1,-1,-1,0,0,0,136,1,1,0,0.0000000,0.0000000,0.0000000,0,0,0,0
757214194665291 D 797,2626017339,1000,1548,1548,2.3746023,0.00261,-1,-1,-1,0,0,0,136,1,1,0,0.0000000,0.0000000,0.0000000,0,0,0,0
757214195680166 D 798,2626018339,1000,1547,1547,2.3730683,-0.05764,-1,-1,-1,0,0,0,136,1,1,0,0.0000000,0.0000000,0.0000000,0,0,0,0
757214196663458 D 799,2626019339,1000,1548,1548,2.3746023,0.00477,-1,-1,-1,0,0,0,136,1,1,0,0.0000000,0.0000000,0.0000000,0,0,0,0
757214197662166 D 800,2626020339,1000,1548,1548,2.3746023,0.00458,-1,-1,-1,0,0,0,136,1,1,0,0.0000000,0.0000000,0.0000000,0,0,0,0
757214198664958 D 801,2626021339,1000,1548,1548,2.3746023,0.00440,-1,-1,-1,0,0,0,136,1,1,0,0.0000000,0.0000000,0.0000000,0,0,0,0
757214199589916 D 802,2626022339,1000,1547,1547,2.3730683,-0.05592,-1,-1,-1,0,0,0,136,1,1,0,0.0000000,0.0000000,0.0000000,0,0,0,0
757214200664125 D 803,2626023339,1000,1548,1548,2.3746023,0.00642,-1,-1,-1,0,0,0,136,1,1,0,0.0000000,0.0000000,0.0000000,0,0,0,0
757214201663583 D 804,2626024339,1000,1548,1548,2.3746023,0.00617,-1,-1,-1,0,0,0,136,1,1,0,0.0000000,0.0000000,0.0000000,0,0,0,0
757214202610375 D 805,2626025339,1000,1548,1548,2.3746023,0.00593,-1,-1,-1,0,0,0,136,1,1,0,0.0000000,0.0000000,0.0000000,0,0,0,0
757214203531250 D 806,2626026339,1000,1548,1548,2.3746023,0.00570,-1,-1,-1,0,0,0,136,1,1,0,0.0000000,0.0000000,0.0000000,0,0,0,0
757214204509041 D 807,2626027339,1000,1548,1548,2.3746023,0.00547,-1,-1,-1,0,0,0,136,1,1,0,0.0000000,0.0000000,0.0000000,0,0,0,0
757214205526625 D 808,2626028339,1000,1548,1548,2.3746023,0.00526,-1,-1,-1,0,0,0,136,1,1,0,0.0000000,0.0000000,0.0000000,0,0,0,0
757214206524416 D 809,2626029339,1000,1548,1548,2.3746023,0.00505,-1,-1,-1,0,0,0,136,1,1,0,0.0000000,0.0000000,0.0000000,0,0,0,0
757214207545291 D 810,2626030339,1000,1548,1548,2.3746023,0.00485,-1,-1,-1,0,0,0,136,1,1,0,0.0000000,0.0000000,0.0000000,0,0,0,0
757214208522958 D 811,2626031339,1000,1548,1548,2.3746023,0.00466,-1,-1,-1,0,0,0,136,1,1,0,0.0000000,0.0000000,0.0000000,0,0,0,0
757214209517458 D 812,2626032339,1000,1548,1548,2.3746023,0.00448,-1,-1,-1,0,0,0,136,1,1,0,0.0000000,0.0000000,0.0000000,0,0,0,0
757214210624875 D 813,2626033339,1000,1548,1548,2.3746023,0.00431,-1,-1,-1,0,0,0,136,1,1,0,0.0000000,0.0000000,0.0000000,0,0,0,0
757214211621666 D 814,2626034339,1000,1548,1548,2.3746023,0.00414,-1,-1,-1,0,0,0,136,1,1,0,0.0000000,0.0000000,0.0000000,0,0,0,0
757214212601083 D 815,2626035339,1000,1548,1548,2.3746023,0.00397,-1,-1,-1,0,0,0,136,1,1,0,0.0000000,0.0000000,0.0000000,0,0,0,0
757214213635083 D 816,2626036339,1000,1548,1548,2.3746023,0.00382,-1,-1,-1,0,0,0,136,1,1,0,0.0000000,0.0000000,0.0000000,0,0,0,0
757214214382625 D 817,2626037339,1000,1548,1548,2.3746023,0.00367,-1,-1,-1,0,0,0,136,1,1,0,0.0000000,0.0000000,0.0000000,0,0,0,0
757214215350916 D 818,2626038339,1000,1548,1548,2.3746023,0.00353,-1,-1,-1,0,0,0,136,1,1,0,0.0000000,0.0000000,0.0000000,0,0,0,0
757214216340958 D 819,2626039339,1000,1548,1548,2.3746023,0.00339,-1,-1,-1,0,0,0,136,1,1,0,0.0000000,0.0000000,0.0000000,0,0,0,0
757214217337708 D 820,2626040339,1000,1548,1548,2.3746023,0.00325,-1,-1,-1,0,0,0,136,1,1,0,0.0000000,0.0000000,0.0000000,0,0,0,0
757214218330916 D 821,2626041339,1000,1548,1548,2.3746023,0.00313,-1,-1,-1,0,0,0,136,1,1,0,0.0000000,0.0000000,0.0000000,0,0,0,0
757214219317416 D 822,2626042339,1000,1548,1548,2.3746023,0.00300,-1,-1,-1,0,0,0,136,1,1,0,0.0000000,0.0000000,0.0000000,0,0,0,0
757214220359500 D 823,2626043339,1000,1548,1548,2.3746023,0.00289,-1,-1,-1,0,0,0,136,1,1,0,0.0000000,0.0000000,0.0000000,0,0,0,0
757214221373375 D 824,2626044339,1000,1548,1548,2.3746023,0.00277,-1,-1,-1,0,0,0,136,1,1,0,0.0000000,0.0000000,0.0000000,0,0,0,0
757214222367166 D 825,2626045339,1000,1548,1548,2.3746023,0.00266,-1,-1,-1,0,0,0,136,1,1,0,0.0000000,0.0000000,0.0000000,0,0,0,0
757214223349958 D 826,2626046339,1000,1548,1548,2.3746023,0.00256,-1,-1,-1,0,0,0,136,1,1,0,0.0000000,0.0000000,0.0000000,0,0,0,0
757214224362750 D 827,2626047339,1000,1548,1548,2.3746023,0.00246,-1,-1,-1,0,0,0,136,1,1,0,0.0000000,0.0000000,0.0000000,0,0,0,0
757214225317208 D 828,2626048339,1000,1548,1548,2.3746023,0.00236,-1,-1,-1,0,0,0,136,1,1,0,0.0000000,0.0000000,0.0000000,0,0,0,0
757214226368708 D 829,2626049339,1000,1548,1548,2.3746023,0.00227,-1,-1,-1,0,0,0,136,1,1,0,0.0000000,0.0000000,0.0000000,0,0,0,0
757214227350083 D 830,2626050339,1000,1548,1548,2.3746023,0.00218,-1,-1,-1,0,0,0,136,1,1,0,0.0000000,0.0000000,0.0000000,0,0,0,0
757214228352666 D 831,2626051339,1000,1548,1548,2.3746023,0.00210,-1,-1,-1,0,0,0,136,1,1,0,0.0000000,0.0000000,0.0000000,0,0,0,0
757214229736500 D 832,2626052339,1000,1548,1548,2.3746023,0.00201,39,128,2073,0,0,0,136,1,1,0,0.0000000,0.0000000,0.0000000,0,0,0,0
757214230351166 D 833,2626053339,1000,1548,1548,2.3746023,0.00193,-1,-1,-1,0,0,0,136,1,1,0,0.0000000,0.0000000,0.0000000,0,0,0,0
757214231363291 D 834,2626054339,1000,1548,1548,2.3746023,0.00186,-1,-1,-1,0,0,0,136,1,1,0,0.0000000,0.0000000,0.0000000,0,0,0,0
757214232622458 D 835,2626055339,1000,1548,1548,2.3746023,0.00179,-1,-1,-1,0,0,0,136,1,1,0,0.0000000,0.0000000,0.0000000,0,0,0,0
757214233611000 D 836,2626056339,1000,1547,1547,2.3730683,-0.05843,-1,-1,-1,0,0,0,136,1,1,0,0.0000000,0.0000000,0.0000000,0,0,0,0
757214234524666 D 837,2626057339,1000,1548,1548,2.3746023,0.00401,-1,-1,-1,0,0,0,136,1,1,0,0.0000000,0.0000000,0.0000000,0,0,0,0
757214235539583 D 838,2626058339,1000,1548,1548,2.3746023,0.00385,-1,-1,-1,0,0,0,136,1,1,0,0.0000000,0.0000000,0.0000000,0,0,0,0
757214236525000 D 839,2626059339,1000,1548,1548,2.3746023,0.00370,-1,-1,-1,0,0,0,136,1,1,0,0.0000000,0.0000000,0.0000000,0,0,0,0
757214237567166 D 840,2626060339,1000,1548,1548,2.3746023,0.00355,-1,-1,-1,0,0,0,136,1,1,0,0.0000000,0.0000000,0.0000000,0,0,0,0
757214238521833 D 841,2626061339,1000,1548,1548,2.3746023,0.00341,-1,-1,-1,0,0,0,136,1,1,0,0.0000000,0.0000000,0.0000000,0,0,0,0
757214239529916 D 842,2626062339,1000,1548,1548,2.3746023,0.00328,-1,-1,-1,0,0,0,136,1,1,0,0.0000000,0.0000000,0.0000000,0,0,0,0
757214240484125 D 843,2626063339,1000,1548,1548,2.3746023,0.00315,-1,-1,-1,0,0,0,136,1,1,0,0.0000000,0.0000000,0.0000000,0,0,0,0
757214241498791 D 844,2626064339,1000,1548,1548,2.3746023,0.00303,-1,-1,-1,0,0,0,136,1,1,0,0.0000000,0.0000000,0.0000000,0,0,0,0
757214242494125 D 845,2626065339,1000,1548,1548,2.3746023,0.00291,-1,-1,-1,0,0,0,136,1,1,0,0.0000000,0.0000000,0.0000000,0,0,0,0
757214243497541 D 846,2626066339,1000,1548,1548,2.3746023,0.00280,-1,-1,-1,0,0,0,136,1,1,0,0.0000000,0.0000000,0.0000000,0,0,0,0
757214244536750 D 847,2626067339,1000,1548,1548,2.3746023,0.00269,-1,-1,-1,0,0,0,136,1,1,0,0.0000000,0.0000000,0.0000000,0,0,0,0
757214245567833 D 848,2626068339,1000,1548,1548,2.3746023,0.00258,-1,-1,-1,0,0,0,136,1,1,0,0.0000000,0.0000000,0.0000000,0,0,0,0
757214246631791 D 849,2626069339,1000,1548,1548,2.3746023,0.00248,-1,-1,-1,0,0,0,136,1,1,0,0.0000000,0.0000000,0.0000000,0,0,0,0
757214247547208 D 850,2626070339,1000,1548,1548,2.3746023,0.00238,-1,-1,-1,0,0,0,136,1,1,0,0.0000000,0.0000000,0.0000000,0,0,0,0
757214248559166 D 851,2626071339,1000,1548,1548,2.3746023,0.00229,-1,-1,-1,0,0,0,136,1,1,0,0.0000000,0.0000000,0.0000000,0,0,0,0
757214249582708 D 852,2626072339,1000,1548,1548,2.3746023,0.00220,-1,-1,-1,0,0,0,136,1,1,0,0.0000000,0.0000000,0.0000000,0,0,0,0
757214250610416 D 853,2626073339,1000,1548,1548,2.3746023,0.00211,-1,-1,-1,0,0,0,136,1,1,0,0.0000000,0.0000000,0.0000000,0,0,0,0
757214251603458 D 854,2626074339,1000,1548,1548,2.3746023,0.00203,-1,-1,-1,0,0,0,136,1,1,0,0.0000000,0.0000000,0.0000000,0,0,0,0
757214252560458 D 855,2626075339,1000,1548,1548,2.3746023,0.00195,-1,-1,-1,0,0,0,136,1,1,0,0.0000000,0.0000000,0.0000000,0,0,0,0
757214253538791 D 856,2626076339,1000,1548,1548,2.3746023,0.00187,-1,-1,-1,0,0,0,135,1,1,0,0.0000000,0.0000000,0.0000000,0,0,0,0
757214254473416 D 857,2626077339,1000,1548,1548,2.3746023,0.00180,-1,-1,-1,0,0,0,136,1,1,0,0.0000000,0.0000000,0.0000000,0,0,0,0
757214255522875 D 858,2626078339,1000,1548,1548,2.3746023,0.00173,-1,-1,-1,0,0,0,136,1,1,0,0.0000000,0.0000000,0.0000000,0,0,0,0
757214256543083 D 859,2626079339,1000,1548,1548,2.3746023,0.00166,-1,-1,-1,0,0,0,136,1,1,0,0.0000000,0.0000000,0.0000000,0,0,0,0
757214257617083 D 860,2626080339,1000,1548,1548,2.3746023,0.00160,-1,-1,-1,0,0,0,136,1,1,0,0.0000000,0.0000000,0.0000000,0,0,0,0
757214258603125 D 861,2626081339,1000,1548,1548,2.3746023,0.00153,-1,-1,-1,0,0,0,136,1,1,0,0.0000000,0.0000000,0.0000000,0,0,0,0
757214259546291 D 862,2626082339,1000,1548,1548,2.3746023,0.00147,-1,-1,-1,0,0,0,136,1,1,0,0.0000000,0.0000000,0.0000000,0,0,0,0
757214260517500 D 863,2626083339,1000,1548,1548,2.3746023,0.00142,-1,-1,-1,0,0,0,136,1,1,0,0.0000000,0.0000000,0.0000000,0,0,0,0
757214261538250 D 864,2626084339,1000,1548,1548,2.3746023,0.00136,-1,-1,-1,0,0,0,136,1,1,0,0.0000000,0.0000000,0.0000000,0,0,0,0
757214262534125 D 865,2626085339,1000,1548,1548,2.3746023,0.00131,-1,-1,-1,0,0,0,136,1,1,0,0.0000000,0.0000000,0.0000000,0,0,0,0
757214263516916 D 866,2626086339,1000,1548,1548,2.3746023,0.00126,-1,-1,-1,0,0,0,136,1,1,0,0.0000000,0.0000000,0.0000000,0,0,0,0
757214264505000 D 867,2626087339,1000,1548,1548,2.3746023,0.00121,-1,-1,-1,0,0,0,136,1,1,0,0.0000000,0.0000000,0.0000000,0,0,0,0
757214265565041 D 868,2626088339,1000,1548,1548,2.3746023,0.00116,-1,-1,-1,0,0,0,136,1,1,0,0.0000000,0.0000000,0.0000000,0,0,0,0
757214266595250 D 869,2626089339,1000,1548,1548,2.3746023,0.00111,-1,-1,-1,0,0,0,136,1,1,0,0.0000000,0.0000000,0.0000000,0,0,0,0
757214267567375 D 870,2626090339,1000,1548,1548,2.3746023,0.00107,-1,-1,-1,0,0,0,136,1,1,0,0.0000000,0.0000000,0.0000000,0,0,0,0
757214268575791 D 871,2626091339,1000,1547,1547,2.3730683,-0.05912,-1,-1,-1,0,0,0,136,1,1,0,0.0000000,0.0000000,0.0000000,0,0,0,0
757214269564666 D 872,2626092339,1000,1548,1548,2.3746023,0.00335,-1,-1,-1,0,0,0,136,1,1,0,0.0000000,0.0000000,0.0000000,0,0,0,0
757214270567875 D 873,2626093339,1000,1548,1548,2.3746023,0.00322,-1,-1,-1,0,0,0,136,1,1,0,0.0000000,0.0000000,0.0000000,0,0,0,0
757214271574458 D 874,2626094339,1000,1548,1548,2.3746023,0.00309,-1,-1,-1,0,0,0,136,1,1,0,0.0000000,0.0000000,0.0000000,0,0,0,0
757214272608416 D 875,2626095339,1000,1548,1548,2.3746023,0.00297,-1,-1,-1,0,0,0,136,1,1,0,0.0000000,0.0000000,0.0000000,0,0,0,0
757214273524000 D 876,2626096339,1000,1548,1548,2.3746023,0.00285,-1,-1,-1,0,0,0,136,1,1,0,0.0000000,0.0000000,0.0000000,0,0,0,0
757214274613208 D 877,2626097339,1000,1548,1548,2.3746023,0.00274,-1,-1,-1,0,0,0,136,1,1,0,0.0000000,0.0000000,0.0000000,0,0,0,0
757214275502875 D 878,2626098339,1000,1548,1548,2.3746023,0.00263,-1,-1,-1,0,0,0,136,1,1,0,0.0000000,0.0000000,0.0000000,0,0,0,0
757214276558750 D 879,2626099339,1000,1548,1548,2.3746023,0.00253,-1,-1,-1,0,0,0,136,1,1,0,0.0000000,0.0000000,0.0000000,0,0,0,0
757214277595583 D 880,2626100339,1000,1548,1548,2.3746023,0.00243,-1,-1,-1,0,0,0,136,1,1,0,0.0000000,0.0000000,0.0000000,0,0,0,0
757214278590333 D 881,2626101339,1000,1548,1548,2.3746023,0.00233,-1,-1,-1,0,0,0,136,1,1,0,0.0000000,0.0000000,0.0000000,0,0,0,0
757214280053208 D 882,2626102339,1000,1548,1548,2.3746023,0.00224,39,128,2075,0,0,0,136,1,1,0,0.0000000,0.0000000,0.0000000,0,0,0,0
757214280686333 D 883,2626103339,1000,1549,1549,2.3761363,0.06230,-1,-1,-1,0,0,0,136,1,1,0,0.0000000,0.0000000,0.0000000,0,0,0,0
757214281736500 D 884,2626104339,1000,1548,1548,2.3746023,-0.00029,-1,-1,-1,0,0,0,136,1,1,0,0.0000000,0.0000000,0.0000000,0,0,0,0
757214282859708 D 885,2626105339,1000,1548,1548,2.3746023,-0.00028,-1,-1,-1,0,0,0,136,1,1,0,0.0000000,0.0000000,0.0000000,0,0,0,0
757214283808250 D 886,2626106339,1000,1548,1548,2.3746023,-0.00027,-1,-1,-1,0,0,0,136,1,1,0,0.0000000,0.0000000,0.0000000,0,0,0,0
757214285038208 D 887,2626107339,1000,1548,1548,2.3746023,-0.00026,-1,-1,-1,0,0,0,136,1,1,0,0.0000000,0.0000000,0.0000000,0,0,0,0
757214285854791 D 888,2626108339,1000,1548,1548,2.3746023,-0.00025,-1,-1,-1,0,0,0,136,1,1,0,0.0000000,0.0000000,0.0000000,0,0,0,0
757214287233375 D 889,2626109339,1000,1548,1548,2.3746023,-0.00024,-1,-1,-1,0,0,0,136,1,1,0,0.0000000,0.0000000,0.0000000,0,0,0,0
757214288146250 D 890,2626110339,1000,1548,1548,2.3746023,-0.00023,-1,-1,-1,0,0,0,136,1,1,0,0.0000000,0.0000000,0.0000000,0,0,0,0
757214289155208 D 891,2626111339,1000,1548,1548,2.3746023,-0.00022,-1,-1,-1,0,0,0,136,1,1,0,0.0000000,0.0000000,0.0000000,0,0,0,0
757214290121458 D 892,2626112339,1000,1548,1548,2.3746023,-0.00021,-1,-1,-1,0,0,0,136,1,1,0,0.0000000,0.0000000,0.0000000,0,0,0,0
757214291120541 D 893,2626113339,1000,1548,1548,2.3746023,-0.00020,-1,-1,-1,0,0,0,136,1,1,0,0.0000000,0.0000000,0.0000000,0,0,0,0
757214291695875 D 894,2626114339,1000,1548,1548,2.3746023,-0.00019,-1,-1,-1,0,0,0,136,1,1,0,0.0000000,0.0000000,0.0000000,0,0,0,0
757214292694416 D 895,2626115339,1000,1548,1548,2.3746023,-0.00019,-1,-1,-1,0,0,0,136,1,1,0,0.0000000,0.0000000,0.0000000,0,0,0,0
757214293666458 D 896,2626116339,1000,1548,1548,2.3746023,-0.00018,-1,-1,-1,0,0,0,136,1,1,0,0.0000000,0.0000000,0.0000000,0,0,0,0
757214294706000 D 897,2626117339,1000,1548,1548,2.3746023,-0.00017,-1,-1,-1,0,0,0,136,1,1,0,0.0000000,0.0000000,0.0000000,0,0,0,0
757214295650458 D 898,2626118339,1000,1548,1548,2.3746023,-0.00016,-1,-1,-1,0,0,0,136,1,1,0,0.0000000,0.0000000,0.0000000,0,0,0,0
757214296647750 D 899,2626119339,1000,1548,1548,2.3746023,-0.00016,-1,-1,-1,0,0,0,136,1,1,0,0.0000000,0.0000000,0.0000000,0,0,0,0
757214298099000 D 900,2626120339,1000,1548,1548,2.3746023,-0.00015,-1,-1,-1,0,0,0,136,1,1,0,0.0000000,0.0000000,0.0000000,0,0,0,0
757214298788916 D 901,2626121339,1000,1548,1548,2.3746023,-0.00015,-1,-1,-1,0,0,0,136,1,1,0,0.0000000,0.0000000,0.0000000,0,0,0,0
757214299870833 D 902,2626122339,1000,1548,1548,2.3746023,-0.00014,-1,-1,-1,0,0,0,136,1,1,0,0.0000000,0.0000000,0.0000000,0,0,0,0
757214301039250 D 903,2626123339,1000,1548,1548,2.3746023,-0.00013,-1,-1,-1,0,0,0,136,1,1,0,0.0000000,0.0000000,0.0000000,0,0,0,0
757214302065666 D 904,2626124339,1000,1548,1548,2.3746023,-0.00013,-1,-1,-1,0,0,0,136,1,1,0,0.0000000,0.0000000,0.0000000,0,0,0,0
757214303074791 D 905,2626125339,1000,1548,1548,2.3746023,-0.00012,-1,-1,-1,0,0,0,135,1,1,0,0.0000000,0.0000000,0.0000000,0,0,0,0
757214303654041 D 906,2626126339,1000,1548,1548,2.3746023,-0.00012,-1,-1,-1,0,0,0,136,1,1,0,0.0000000,0.0000000,0.0000000,0,0,0,0
757214304670458 D 907,2626127339,1000,1548,1548,2.3746023,-0.00011,-1,-1,-1,0,0,0,136,1,1,0,0.0000000,0.0000000,0.0000000,0,0,0,0
757214305658625 D 908,2626128339,1000,1548,1548,2.3746023,-0.00011,-1,-1,-1,0,0,0,136,1,1,0,0.0000000,0.0000000,0.0000000,0,0,0,0
757214306666291 D 909,2626129339,1000,1548,1548,2.3746023,-0.00011,-1,-1,-1,0,0,0,136,1,1,0,0.0000000,0.0000000,0.0000000,0,0,0,0
757214307643291 D 910,2626130339,1000,1548,1548,2.3746023,-0.00010,-1,-1,-1,0,0,0,136,1,1,0,0.0000000,0.0000000,0.0000000,0,0,0,0
757214308705916 D 911,2626131339,1000,1548,1548,2.3746023,-0.00010,-1,-1,-1,0,0,0,136,1,1,0,0.0000000,0.0000000,0.0000000,0,0,0,0
757214309430375 D 912,2626132339,1000,1548,1548,2.3746023,-0.00009,-1,-1,-1,0,0,0,136,1,1,0,0.0000000,0.0000000,0.0000000,0,0,0,0
757214310421125 D 913,2626133339,1000,1548,1548,2.3746023,-0.00009,-1,-1,-1,0,0,0,136,1,1,0,0.0000000,0.0000000,0.0000000,0,0,0,0
757214311555125 D 914,2626134339,1000,1548,1548,2.3746023,-0.00009,-1,-1,-1,0,0,0,136,1,1,0,0.0000000,0.0000000,0.0000000,0,0,0,0
757214312539041 D 915,2626135339,1000,1548,1548,2.3746023,-0.00008,-1,-1,-1,0,0,0,136,1,1,0,0.0000000,0.0000000,0.0000000,0,0,0,0
757214313607208 D 916,2626136339,1000,1548,1548,2.3746023,-0.00008,-1,-1,-1,0,0,0,136,1,1,0,0.0000000,0.0000000,0.0000000,0,0,0,0
757214314588708 D 917,2626137339,1000,1548,1548,2.3746023,-0.00008,-1,-1,-1,0,0,0,136,1,1,0,0.0000000,0.0000000,0.0000000,0,0,0,0
757214315626916 D 918,2626138339,1000,1548,1548,2.3746023,-0.00007,-1,-1,-1,0,0,0,136,1,1,0,0.0000000,0.0000000,0.0000000,0,0,0,0
757214316623250 D 919,2626139339,1000,1548,1548,2.3746023,-0.00007,-1,-1,-1,0,0,0,136,1,1,0,0.0000000,0.0000000,0.0000000,0,0,0,0
757214317611500 D 920,2626140339,1000,1548,1548,2.3746023,-0.00007,-1,-1,-1,0,0,0,136,1,1,0,0.0000000,0.0000000,0.0000000,0,0,0,0
757214318639625 D 921,2626141339,1000,1548,1548,2.3746023,-0.00007,-1,-1,-1,0,0,0,136,1,1,0,0.0000000,0.0000000,0.0000000,0,0,0,0
757214319621291 D 922,2626142339,1000,1548,1548,2.3746023,-0.00006,-1,-1,-1,0,0,0,136,1,1,0,0.0000000,0.0000000,0.0000000,0,0,0,0
757214320606375 D 923,2626143339,1000,1548,1548,2.3746023,-0.00006,-1,-1,-1,0,0,0,136,1,1,0,0.0000000,0.0000000,0.0000000,0,0,0,0
757214321613041 D 924,2626144339,1000,1548,1548,2.3746023,-0.00006,-1,-1,-1,0,0,0,136,1,1,0,0.0000000,0.0000000,0.0000000,0,0,0,0
757214322589833 D 925,2626145339,1000,1548,1548,2.3746023,-0.00006,-1,-1,-1,0,0,0,136,1,1,0,0.0000000,0.0000000,0.0000000,0,0,0,0
757214323627791 D 926,2626146339,1000,1548,1548,2.3746023,-0.00005,-1,-1,-1,0,0,0,136,1,1,0,0.0000000,0.0000000,0.0000000,0,0,0,0
757214324619333 D 927,2626147339,1000,1548,1548,2.3746023,-0.00005,-1,-1,-1,0,0,0,136,1,1,0,0.0000000,0.0000000,0.0000000,0,0,0,0
757214325641500 D 928,2626148339,1000,1548,1548,2.3746023,-0.00005,-1,-1,-1,0,0,0,136,1,1,0,0.0000000,0.0000000,0.0000000,0,0,0,0
757214326624250 D 929,2626149339,1000,1548,1548,2.3746023,-0.00005,-1,-1,-1,0,0,0,136,1,1,0,0.0000000,0.0000000,0.0000000,0,0,0,0
757214327709958 D 930,2626150339,1000,1548,1548,2.3746023,-0.00005,-1,-1,-1,0,0,0,136,1,1,0,0.0000000,0.0000000,0.0000000,0,0,0,0
757214328501250 D 931,2626151339,1000,1548,1548,2.3746023,-0.00004,-1,-1,-1,0,0,0,136,1,1,0,0.0000000,0.0000000,0.0000000,0,0,0,0
757214329970583 D 932,2626152339,1000,1548,1548,2.3746023,-0.00004,39,128,2075,0,0,0,136,1,1,0,0.0000000,0.0000000,0.0000000,0,0,0,0
757214330518750 D 933,2626153339,1000,1548,1548,2.3746023,-0.00004,-1,-1,-1,0,0,0,136,1,1,0,0.0000000,0.0000000,0.0000000,0,0,0,0
757214331496625 D 934,2626154339,1000,1548,1548,2.3746023,-0.00004,-1,-1,-1,0,0,0,136,1,1,0,0.0000000,0.0000000,0.0000000,0,0,0,0
757214332523875 D 935,2626155339,1000,1548,1548,2.3746023,-0.00004,-1,-1,-1,0,0,0,136,1,1,0,0.0000000,0.0000000,0.0000000,0,0,0,0
757214333603958 D 936,2626156339,1000,1548,1548,2.3746023,-0.00004,-1,-1,-1,0,0,0,136,1,1,0,0.0000000,0.0000000,0.0000000,0,0,0,0
757214334549375 D 937,2626157339,1000,1548,1548,2.3746023,-0.00003,-1,-1,-1,0,0,0,136,1,1,0,0.0000000,0.0000000,0.0000000,0,0,0,0
757214335533083 D 938,2626158339,1000,1548,1548,2.3746023,-0.00003,-1,-1,-1,0,0,0,136,1,1,0,0.0000000,0.0000000,0.0000000,0,0,0,0
757214336521125 D 939,2626159339,1000,1548,1548,2.3746023,-0.00003,-1,-1,-1,0,0,0,136,1,1,0,0.0000000,0.0000000,0.0000000,0,0,0,0
757214337508333 D 940,2626160339,1000,1547,1547,2.3730683,-0.06018,-1,-1,-1,0,0,0,136,1,1,0,0.0000000,0.0000000,0.0000000,0,0,0,0
757214338505708 D 941,2626161339,1000,1548,1548,2.3746023,0.00233,-1,-1,-1,0,0,0,136,1,1,0,0.0000000,0.0000000,0.0000000,0,0,0,0
757214339496916 D 942,2626162339,1000,1548,1548,2.3746023,0.00224,-1,-1,-1,0,0,0,136,1,1,0,0.0000000,0.0000000,0.0000000,0,0,0,0
757214340495791 D 943,2626163339,1000,1548,1548,2.3746023,0.00215,-1,-1,-1,0,0,0,136,1,1,0,0.0000000,0.0000000,0.0000000,0,0,0,0
757214341530458 D 944,2626164339,1000,1548,1548,2.3746023,0.00207,-1,-1,-1,0,0,0,136,1,1,0,0.0000000,0.0000000,0.0000000,0,0,0,0
757214342534458 D 945,2626165339,1000,1548,1548,2.3746023,0.00198,-1,-1,-1,0,0,0,136,1,1,0,0.0000000,0.0000000,0.0000000,0,0,0,0
757214343573416 D 946,2626166339,1000,1548,1548,2.3746023,0.00191,-1,-1,-1,0,0,0,136,1,1,0,0.0000000,0.0000000,0.0000000,0,0,0,0
757214344520291 D 947,2626167339,1000,1548,1548,2.3746023,0.00183,-1,-1,-1,0,0,0,136,1,1,0,0.0000000,0.0000000,0.0000000,0,0,0,0
757214345557875 D 948,2626168339,1000,1548,1548,2.3746023,0.00176,-1,-1,-1,0,0,0,136,1,1,0,0.0000000,0.0000000,0.0000000,0,0,0,0
757214346682375 D 949,2626169339,1000,1548,1548,2.3746023,0.00169,-1,-1,-1,0,0,0,136,1,1,0,0.0000000,0.0000000,0.0000000,0,0,0,0
757214347854583 D 950,2626170339,1000,1548,1548,2.3746023,0.00162,-1,-1,-1,0,0,0,136,1,1,0,0.0000000,0.0000000,0.0000000,0,0,0,0
757214348940083 D 951,2626171339,1000,1548,1548,2.3746023,0.00156,-1,-1,-1,0,0,0,136,1,1,0,0.0000000,0.0000000,0.0000000,0,0,0,0
757214350002583 D 952,2626172339,1000,1548,1548,2.3746023,0.00150,-1,-1,-1,0,0,0,136,1,1,0,0.0000000,0.0000000,0.0000000,0,0,0,0
757214350523750 D 953,2626173339,1000,1548,1548,2.3746023,0.00144,-1,-1,-1,0,0,0,136,1,1,0,0.0000000,0.0000000,0.0000000,0,0,0,0
757214351353916 D 954,2626174339,1000,1548,1548,2.3746023,0.00138,-1,-1,-1,0,0,0,136,1,1,0,0.0000000,0.0000000,0.0000000,0,0,0,0
757214352433375 D 955,2626175339,1000,1548,1548,2.3746023,0.00133,-1,-1,-1,0,0,0,136,1,1,0,0.0000000,0.0000000,0.0000000,0,0,0,0
757214353325333 D 956,2626176339,1000,1548,1548,2.3746023,0.00128,-1,-1,-1,0,0,0,136,1,1,0,0.0000000,0.0000000,0.0000000,0,0,0,0
757214354587291 D 957,2626177339,1000,1548,1548,2.3746023,0.00123,-1,-1,-1,0,0,0,136,1,1,0,0.0000000,0.0000000,0.0000000,0,0,0,0
757214355646583 D 958,2626178339,1000,1548,1548,2.3746023,0.00118,-1,-1,-1,0,0,0,136,1,1,0,0.0000000,0.0000000,0.0000000,0,0,0,0
757214356514291 D 959,2626179339,1000,1548,1548,2.3746023,0.00113,-1,-1,-1,0,0,0,136,1,1,0,0.0000000,0.0000000,0.0000000,0,0,0,0
757214357548208 D 960,2626180339,1000,1548,1548,2.3746023,0.00109,-1,-1,-1,0,0,0,136,1,1,0,0.0000000,0.0000000,0.0000000,0,0,0,0
757214358548666 D 961,2626181339,1000,1548,1548,2.3746023,0.00105,-1,-1,-1,0,0,0,135,1,1,0,0.0000000,0.0000000,0.0000000,0,0,0,0
757214359497666 D 962,2626182339,1000,1548,1548,2.3746023,0.00101,-1,-1,-1,0,0,0,136,1,1,0,0.0000000,0.0000000,0.0000000,0,0,0,0
757214360494375 D 963,2626183339,1000,1548,1548,2.3746023,0.00097,-1,-1,-1,0,0,0,136,1,1,0,0.0000000,0.0000000,0.0000000,0,0,0,0
757214361552916 D 964,2626184339,1000,1547,1547,2.3730683,-0.05922,-1,-1,-1,0,0,0,136,1,1,0,0.0000000,0.0000000,0.0000000,0,0,0,0
757214362568291 D 965,2626185339,1000,1548,1548,2.3746023,0.00325,-1,-1,-1,0,0,0,136,1,1,0,0.0000000,0.0000000,0.0000000,0,0,0,0
757214363528375 D 966,2626186339,1000,1548,1548,2.3746023,0.00312,-1,-1,-1,0,0,0,136,1,1,0,0.0000000,0.0000000,0.0000000,0,0,0,0
757214364528916 D 967,2626187339,1000,1548,1548,2.3746023,0.00300,-1,-1,-1,0,0,0,136,1,1,0,0.0000000,0.0000000,0.0000000,0,0,0,0
757214365564708 D 968,2626188339,1000,1548,1548,2.3746023,0.00288,-1,-1,-1,0,0,0,136,1,1,0,0.0000000,0.0000000,0.0000000,0,0,0,0
757214366573416 D 969,2626189339,1000,1548,1548,2.3746023,0.00277,-1,-1,-1,0,0,0,136,1,1,0,0.0000000,0.0000000,0.0000000,0,0,0,0
757214367527708 D 970,2626190339,1000,1548,1548,2.3746023,0.00266,-1,-1,-1,0,0,0,136,1,1,0,0.0000000,0.0000000,0.0000000,0,0,0,0
757214368504833 D 971,2626191339,1000,1548,1548,2.3746023,0.00256,-1,-1,-1,0,0,0,136,1,1,0,0.0000000,0.0000000,0.0000000,0,0,0,0
757214369519166 D 972,2626192339,1000,1548,1548,2.3746023,0.00246,-1,-1,-1,0,0,0,136,1,1,0,0.0000000,0.0000000,0.0000000,0,0,0,0
757214370550958 D 973,2626193339,1000,1548,1548,2.3746023,0.00236,-1,-1,-1,0,0,0,136,1,1,0,0.0000000,0.0000000,0.0000000,0,0,0,0
757214371534041 D 974,2626194339,1000,1548,1548,2.3746023,0.00227,-1,-1,-1,0,0,0,136,1,1,0,0.0000000,0.0000000,0.0000000,0,0,0,0
757214372519291 D 975,2626195339,1000,1548,1548,2.3746023,0.00218,-1,-1,-1,0,0,0,136,1,1,0,0.0000000,0.0000000,0.0000000,0,0,0,0
757214373528541 D 976,2626196339,1000,1548,1548,2.3746023,0.00209,-1,-1,-1,0,0,0,136,1,1,0,0.0000000,0.0000000,0.0000000,0,0,0,0
757214374533666 D 977,2626197339,1000,1548,1548,2.3746023,0.00201,-1,-1,-1,0,0,0,136,1,1,0,0.0000000,0.0000000,0.0000000,0,0,0,0
757214375524000 D 978,2626198339,1000,1548,1548,2.3746023,0.00193,-1,-1,-1,0,0,0,136,1,1,0,0.0000000,0.0000000,0.0000000,0,0,0,0
757214376476166 D 979,2626199339,1000,1548,1548,2.3746023,0.00186,-1,-1,-1,0,0,0,136,1,1,0,0.0000000,0.0000000,0.0000000,0,0,0,0
757214377464458 D 980,2626200339,1000,1548,1548,2.3746023,0.00178,-1,-1,-1,0,0,0,136,1,1,0,0.0000000,0.0000000,0.0000000,0,0,0,0
757214378514458 D 981,2626201339,1000,1548,1548,2.3746023,0.00171,-1,-1,-1,0,0,0,136,1,1,0,0.0000000,0.0000000,0.0000000,0,0,0,0
757214380022500 D 982,2626202339,1000,1548,1548,2.3746023,0.00165,39,128,2076,0,0,0,136,1,1,0,0.0000000,0.0000000,0.0000000,0,0,0,0
757214380595208 D 983,2626203339,1000,1548,1548,2.3746023,0.00158,-1,-1,-1,0,0,0,136,1,1,0,0.0000000,0.0000000,0.0000000,0,0,0,0
757214381633916 D 984,2626204339,1000,1548,1548,2.3746023,0.00152,-1,-1,-1,0,0,0,136,1,1,0,0.0000000,0.0000000,0.0000000,0,0,0,0
757214382523166 D 985,2626205339,1000,1548,1548,2.3746023,0.00146,-1,-1,-1,0,0,0,136,1,1,0,0.0000000,0.0000000,0.0000000,0,0,0,0
757214383542041 D 986,2626206339,1000,1548,1548,2.3746023,0.00140,-1,-1,-1,0,0,0,136,1,1,0,0.0000000,0.0000000,0.0000000,0,0,0,0
757214384523000 D 987,2626207339,1000,1548,1548,2.3746023,0.00135,-1,-1,-1,0,0,0,136,1,1,0,0.0000000,0.0000000,0.0000000,0,0,0,0
757214385560583 D 988,2626208339,1000,1548,1548,2.3746023,0.00130,-1,-1,-1,0,0,0,136,1,1,0,0.0000000,0.0000000,0.0000000,0,0,0,0
757214386638958 D 989,2626209339,1000,1548,1548,2.3746023,0.00124,-1,-1,-1,0,0,0,136,1,1,0,0.0000000,0.0000000,0.0000000,0,0,0,0
757214387630250 D 990,2626210339,1000,1548,1548,2.3746023,0.00120,-1,-1,-1,0,0,0,136,1,1,0,0.0000000,0.0000000,0.0000000,0,0,0,0
757214388612500 D 991,2626211339,1000,1548,1548,2.3746023,0.00115,-1,-1,-1,0,0,0,136,1,1,0,0.0000000,0.0000000,0.0000000,0,0,0,0
757214389617875 D 992,2626212339,1000,1548,1548,2.3746023,0.00110,-1,-1,-1,0,0,0,136,1,1,0,0.0000000,0.0000000,0.0000000,0,0,0,0
757214390597291 D 993,2626213339,1000,1548,1548,2.3746023,0.00106,-1,-1,-1,0,0,0,136,1,1,0,0.0000000,0.0000000,0.0000000,0,0,0,0
757214391511416 D 994,2626214339,1000,1548,1548,2.3746023,0.00102,-1,-1,-1,0,0,0,136,1,1,0,0.0000000,0.0000000,0.0000000,0,0,0,0
757214392631583 D 995,2626215339,1000,1547,1547,2.3730683,-0.05917,-1,-1,-1,0,0,0,136,1,1,0,0.0000000,0.0000000,0.0000000,0,0,0,0
757214393643583 D 996,2626216339,1000,1548,1548,2.3746023,0.00330,-1,-1,-1,0,0,0,136,1,1,0,0.0000000,0.0000000,0.0000000,0,0,0,0
757214394670791 D 997,2626217339,1000,1548,1548,2.3746023,0.00317,-1,-1,-1,0,0,0,136,1,1,0,0.0000000,0.0000000,0.0000000,0,0,0,0
757214395796375 D 998,2626218339,1000,1548,1548,2.3746023,0.00305,-1,-1,-1,0,0,0,136,1,1,0,0.0000000,0.0000000,0.0000000,0,0,0,0
757214396879958 D 999,2626219339,1000,1548,1548,2.3746023,0.00293,-1,-1,-1,0,0,0,136,1,1,0,0.0000000,0.0000000,0.0000000,0,0,0,0
757214397839000 D 1000,2626220339,1000,1548,1548,2.3746023,0.00281,-1,-1,-1,0,0,0,136,1,1,0,0.0000000,0.0000000,0.0000000,0,0,0,0
757214398695458 D 1001,2626221339,1000,1548,1548,2.3746023,0.00270,-1,-1,-1,0,0,0,136,1,1,0,0.0000000,0.0000000,0.0000000,0,0,0,0
757214399612416 D 1002,2626222339,1000,1548,1548,2.3746023,0.00260,-1,-1,-1,0,0,0,136,1,1,0,0.0000000,0.0000000,0.0000000,0,0,0,0
757214400539291 D 1003,2626223339,1000,1548,1548,2.3746023,0.00249,-1,-1,-1,0,0,0,136,1,1,0,0.0000000,0.0000000,0.0000000,0,0,0,0
757214401616041 D 1004,2626224339,1000,1548,1548,2.3746023,0.00240,-1,-1,-1,0,0,0,136,1,1,0,0.0000000,0.0000000,0.0000000,0,0,0,0
757214402513875 D 1005,2626225339,1000,1548,1548,2.3746023,0.00230,-1,-1,-1,0,0,0,136,1,1,0,0.0000000,0.0000000,0.0000000,0,0,0,0
757214403532791 D 1006,2626226339,1000,1547,1547,2.3730683,-0.05794,-1,-1,-1,0,0,0,136,1,1,0,0.0000000,0.0000000,0.0000000,0,0,0,0
757214404542625 D 1007,2626227339,1000,1548,1548,2.3746023,0.00448,-1,-1,-1,0,0,0,136,1,1,0,0.0000000,0.0000000,0.0000000,0,0,0,0
757214405555375 D 1008,2626228339,1000,1548,1548,2.3746023,0.00431,-1,-1,-1,0,0,0,136,1,1,0,0.0000000,0.0000000,0.0000000,0,0,0,0
757214406570291 D 1009,2626229339,1000,1548,1548,2.3746023,0.00414,-1,-1,-1,0,0,0,136,1,1,0,0.0000000,0.0000000,0.0000000,0,0,0,0
757214407579458 D 1010,2626230339,1000,1548,1548,2.3746023,0.00398,-1,-1,-1,0,0,0,135,1,1,0,0.0000000,0.0000000,0.0000000,0,0,0,0
757214408639666 D 1011,2626231339,1000,1548,1548,2.3746023,0.00382,-1,-1,-1,0,0,0,136,1,1,0,0.0000000,0.0000000,0.0000000,0,0,0,0
757214409767625 D 1012,2626232339,1000,1548,1548,2.3746023,0.00367,-1,-1,-1,0,0,0,136,1,1,0,0.0000000,0.0000000,0.0000000,0,0,0,0
757214410718291 D 1013,2626233339,1000,1548,1548,2.3746023,0.00353,-1,-1,-1,0,0,0,136,1,1,0,0.0000000,0.0000000,0.0000000,0,0,0,0
757214411810291 D 1014,2626234339,1000,1548,1548,2.3746023,0.00339,-1,-1,-1,0,0,0,136,1,1,0,0.0000000,0.0000000,0.0000000,0,0,0,0
757214412859375 D 1015,2626235339,1000,1548,1548,2.3746023,0.00326,-1,-1,-1,0,0,0,136,1,1,0,0.0000000,0.0000000,0.0000000,0,0,0,0
757214413829875 D 1016,2626236339,1000,1548,1548,2.3746023,0.00313,-1,-1,-1,0,0,0,136,1,1,0,0.0000000,0.0000000,0.0000000,0,0,0,0
757214414759083 D 1017,2626237339,1000,1548,1548,2.3746023,0.00301,-1,-1,-1,0,0,0,136,1,1,0,0.0000000,0.0000000,0.0000000,0,0,0,0
757214415667666 D 1018,2626238339,1000,1548,1548,2.3746023,0.00289,-1,-1,-1,0,0,0,136,1,1,0,0.0000000,0.0000000,0.0000000,0,0,0,0
757214416719500 D 1019,2626239339,1000,1548,1548,2.3746023,0.00277,-1,-1,-1,0,0,0,136,1,1,0,0.0000000,0.0000000,0.0000000,0,0,0,0
757214417770083 D 1020,2626240339,1000,1548,1548,2.3746023,0.00267,-1,-1,-1,0,0,0,136,1,1,0,0.0000000,0.0000000,0.0000000,0,0,0,0
757214418639250 D 1021,2626241339,1000,1548,1548,2.3746023,0.00256,-1,-1,-1,0,0,0,136,1,1,0,0.0000000,0.0000000,0.0000000,0,0,0,0
757214419681625 D 1022,2626242339,1000,1548,1548,2.3746023,0.00246,-1,-1,-1,0,0,0,136,1,1,0,0.0000000,0.0000000,0.0000000,0,0,0,0
757214420698000 D 1023,2626243339,1000,1548,1548,2.3746023,0.00236,-1,-1,-1,0,0,0,136,1,1,0,0.0000000,0.0000000,0.0000000,0,0,0,0
757214421736041 D 1024,2626244339,1000,1548,1548,2.3746023,0.00227,-1,-1,-1,0,0,0,135,1,1,0,0.0000000,0.0000000,0.0000000,0,0,0,0
757214422594541 D 1025,2626245339,1000,1547,1547,2.3730683,-0.05797,-1,-1,-1,0,0,0,136,1,1,0,0.0000000,0.0000000,0.0000000,0,0,0,0
757214423755000 D 1026,2626246339,1000,1548,1548,2.3746023,0.00446,-1,-1,-1,0,0,0,136,1,1,0,0.0000000,0.0000000,0.0000000,0,0,0,0
757214424601875 D 1027,2626247339,1000,1548,1548,2.3746023,0.00428,-1,-1,-1,0,0,0,136,1,1,0,0.0000000,0.0000000,0.0000000,0,0,0,0
757214425740291 D 1028,2626248339,1000,1548,1548,2.3746023,0.00411,-1,-1,-1,0,0,0,136,1,1,0,0.0000000,0.0000000,0.0000000,0,0,0,0
757214426706291 D 1029,2626249339,1000,1548,1548,2.3746023,0.00395,-1,-1,-1,0,0,0,136,1,1,0,0.0000000,0.0000000,0.0000000,0,0,0,0
757214427671583 D 1030,2626250339,1000,1548,1548,2.3746023,0.00380,-1,-1,-1,0,0,0,136,1,1,0,0.0000000,0.0000000,0.0000000,0,0,0,0
757214428490666 D 1031,2626251339,1000,1548,1548,2.3746023,0.00365,-1,-1,-1,0,0,0,136,1,1,0,0.0000000,0.0000000,0.0000000,0,0,0,0
757214429961375 D 1032,2626252339,1000,1547,1547,2.3730683,-0.05664,39,128,2075,0,0,0,136,1,1,0,0.0000000,0.0000000,0.0000000,0,0,0,0
757214430563500 D 1033,2626253339,1000,1548,1548,2.3746023,0.00573,-1,-1,-1,0,0,0,136,1,1,0,0.0000000,0.0000000,0.0000000,0,0,0,0
757214431573458 D 1034,2626254339,1000,1548,1548,2.3746023,0.00550,-1,-1,-1,0,0,0,136,1,1,0,0.0000000,0.0000000,0.0000000,0,0,0,0
757214432559791 D 1035,2626255339,1000,1548,1548,2.3746023,0.00529,-1,-1,-1,0,0,0,136,1,1,0,0.0000000,0.0000000,0.0000000,0,0,0,0
757214433666291 D 1036,2626256339,1000,1548,1548,2.3746023,0.00508,-1,-1,-1,0,0,0,136,1,1,0,0.0000000,0.0000000,0.0000000,0,0,0,0
757214434626291 D 1037,2626257339,1000,1548,1548,2.3746023,0.00488,-1,-1,-1,0,0,0,136,1,1,0,0.0000000,0.0000000,0.0000000,0,0,0,0
757214435710583 D 1038,2626258339,1000,1548,1548,2.3746023,0.00469,-1,-1,-1,0,0,0,136,1,1,0,0.0000000,0.0000000,0.0000000,0,0,0,0
757214436626708 D 1039,2626259339,1000,1548,1548,2.3746023,0.00450,-1,-1,-1,0,0,0,136,1,1,0,0.0000000,0.0000000,0.0000000,0,0,0,0
757214437556333 D 1040,2626260339,1000,1548,1548,2.3746023,0.00433,-1,-1,-1,0,0,0,136,1,1,0,0.0000000,0.0000000,0.0000000,0,0,0,0
757214438718125 D 1041,2626261339,1000,1548,1548,2.3746023,0.00416,-1,-1,-1,0,0,0,136,1,1,0,0.0000000,0.0000000,0.0000000,0,0,0,0
757214439748250 D 1042,2626262339,1000,1548,1548,2.3746023,0.00399,-1,-1,-1,0,0,0,136,1,1,0,0.0000000,0.0000000,0.0000000,0,0,0,0
757214440713041 D 1043,2626263339,1000,1548,1548,2.3746023,0.00384,-1,-1,-1,0,0,0,136,1,1,0,0.0000000,0.0000000,0.0000000,0,0,0,0
757214441680500 D 1044,2626264339,1000,1548,1548,2.3746023,0.00369,-1,-1,-1,0,0,0,136,1,1,0,0.0000000,0.0000000,0.0000000,0,0,0,0
757214442807916 D 1045,2626265339,1000,1548,1548,2.3746023,0.00354,-1,-1,-1,0,0,0,136,1,1,0,0.0000000,0.0000000,0.0000000,0,0,0,0
757214443805750 D 1046,2626266339,1000,1548,1548,2.3746023,0.00340,-1,-1,-1,0,0,0,136,1,1,0,0.0000000,0.0000000,0.0000000,0,0,0,0
757214444755458 D 1047,2626267339,1000,1548,1548,2.3746023,0.00327,-1,-1,-1,0,0,0,136,1,1,0,0.0000000,0.0000000,0.0000000,0,0,0,0
757214445601500 D 1048,2626268339,1000,1548,1548,2.3746023,0.00314,-1,-1,-1,0,0,0,136,1,1,0,0.0000000,0.0000000,0.0000000,0,0,0,0
757214446667166 D 1049,2626269339,1000,1548,1548,2.3746023,0.00302,-1,-1,-1,0,0,0,136,1,1,0,0.0000000,0.0000000,0.0000000,0,0,0,0
757214447647875 D 1050,2626270339,1000,1548,1548,2.3746023,0.00290,-1,-1,-1,0,0,0,136,1,1,0,0.0000000,0.0000000,0.0000000,0,0,0,0
757214448736375 D 1051,2626271339,1000,1548,1548,2.3746023,0.00279,-1,-1,-1,0,0,0,136,1,1,0,0.0000000,0.0000000,0.0000000,0,0,0,0
757214449817875 D 1052,2626272339,1000,1548,1548,2.3746023,0.00268,-1,-1,-1,0,0,0,136,1,1,0,0.0000000,0.0000000,0.0000000,0,0,0,0
757214450781791 D 1053,2626273339,1000,1548,1548,2.3746023,0.00257,-1,-1,-1,0,0,0,136,1,1,0,0.0000000,0.0000000,0.0000000,0,0,0,0
757214451712333 D 1054,2626274339,1000,1548,1548,2.3746023,0.00247,-1,-1,-1,0,0,0,136,1,1,0,0.0000000,0.0000000,0.0000000,0,0,0,0
757214452702166 D 1055,2626275339,1000,1548,1548,2.3746023,0.00237,-1,-1,-1,0,0,0,136,1,1,0,0.0000000,0.0000000,0.0000000,0,0,0,0
757214453655458 D 1056,2626276339,1000,1548,1548,2.3746023,0.00228,-1,-1,-1,0,0,0,136,1,1,0,0.0000000,0.0000000,0.0000000,0,0,0,0
757214454849541 D 1057,2626277339,1000,1549,1549,2.3761363,0.06234,-1,-1,-1,0,0,0,136,1,1,0,0.0000000,0.0000000,0.0000000,0,0,0,0
757214455816208 D 1058,2626278339,1000,1548,1548,2.3746023,-0.00025,-1,-1,-1,0,0,0,136,1,1,0,0.0000000,0.0000000,0.0000000,0,0,0,0
757214456784375 D 1059,2626279339,1000,1548,1548,2.3746023,-0.00024,-1,-1,-1,0,0,0,136,1,1,0,0.0000000,0.0000000,0.0000000,0,0,0,0
757214457710291 D 1060,2626280339,1000,1548,1548,2.3746023,-0.00023,-1,-1,-1,0,0,0,136,1,1,0,0.0000000,0.0000000,0.0000000,0,0,0,0
757214458782583 D 1061,2626281339,1000,1548,1548,2.3746023,-0.00022,-1,-1,-1,0,0,0,136,1,1,0,0.0000000,0.0000000,0.0000000,0,0,0,0
757214459896791 D 1062,2626282339,1000,1548,1548,2.3746023,-0.00021,-1,-1,-1,0,0,0,136,1,1,0,0.0000000,0.0000000,0.0000000,0,0,0,0
757214460852541 D 1063,2626283339,1000,1548,1548,2.3746023,-0.00021,-1,-1,-1,0,0,0,136,1,1,0,0.0000000,0.0000000,0.0000000,0,0,0,0
757214461860458 D 1064,2626284339,1000,1548,1548,2.3746023,-0.00020,-1,-1,-1,0,0,0,136,1,1,0,0.0000000,0.0000000,0.0000000,0,0,0,0
757214462998416 D 1065,2626285339,1000,1548,1548,2.3746023,-0.00019,-1,-1,-1,0,0,0,136,1,1,0,0.0000000,0.0000000,0.0000000,0,0,0,0
757214463881500 D 1066,2626286339,1000,1548,1548,2.3746023,-0.00018,-1,-1,-1,0,0,0,136,1,1,0,0.0000000,0.0000000,0.0000000,0,0,0,0
757214465071708 D 1067,2626287339,1000,1548,1548,2.3746023,-0.00018,-1,-1,-1,0,0,0,136,1,1,0,0.0000000,0.0000000,0.0000000,0,0,0,0
757214466082458 D 1068,2626288339,1000,1548,1548,2.3746023,-0.00017,-1,-1,-1,0,0,0,136,1,1,0,0.0000000,0.0000000,0.0000000,0,0,0,0
757214466884333 D 1069,2626289339,1000,1548,1548,2.3746023,-0.00016,-1,-1,-1,0,0,0,136,1,1,0,0.0000000,0.0000000,0.0000000,0,0,0,0
757214468020666 D 1070,2626290339,1000,1548,1548,2.3746023,-0.00016,-1,-1,-1,0,0,0,136,1,1,0,0.0000000,0.0000000,0.0000000,0,0,0,0
757214468846291 D 1071,2626291339,1000,1548,1548,2.3746023,-0.00015,-1,-1,-1,0,0,0,136,1,1,0,0.0000000,0.0000000,0.0000000,0,0,0,0
757214469847625 D 1072,2626292339,1000,1548,1548,2.3746023,-0.00014,-1,-1,-1,0,0,0,136,1,1,0,0.0000000,0.0000000,0.0000000,0,0,0,0
757214470858250 D 1073,2626293339,1000,1548,1548,2.3746023,-0.00014,-1,-1,-1,0,0,0,136,1,1,0,0.0000000,0.0000000,0.0000000,0,0,0,0
757214471814125 D 1074,2626294339,1000,1548,1548,2.3746023,-0.00013,-1,-1,-1,0,0,0,136,1,1,0,0.0000000,0.0000000,0.0000000,0,0,0,0
757214472708958 D 1075,2626295339,1000,1547,1547,2.3730683,-0.06028,-1,-1,-1,0,0,0,136,1,1,0,0.0000000,0.0000000,0.0000000,0,0,0,0
757214473678375 D 1076,2626296339,1000,1548,1548,2.3746023,0.00224,-1,-1,-1,0,0,0,136,1,1,0,0.0000000,0.0000000,0.0000000,0,0,0,0
757214474749833 D 1077,2626297339,1000,1548,1548,2.3746023,0.00215,-1,-1,-1,0,0,0,136,1,1,0,0.0000000,0.0000000,0.0000000,0,0,0,0
757214475790666 D 1078,2626298339,1000,1548,1548,2.3746023,0.00206,-1,-1,-1,0,0,0,136,1,1,0,0.0000000,0.0000000,0.0000000,0,0,0,0
757214476956458 D 1079,2626299339,1000,1548,1548,2.3746023,0.00198,-1,-1,-1,0,0,0,136,1,1,0,0.0000000,0.0000000,0.0000000,0,0,0,0
757214477780916 D 1080,2626300339,1000,1548,1548,2.3746023,0.00191,-1,-1,-1,0,0,0,135,1,1,0,0.0000000,0.0000000,0.0000000,0,0,0,0
757214478755958 D 1081,2626301339,1000,1548,1548,2.3746023,0.00183,-1,-1,-1,0,0,0,136,1,1,0,0.0000000,0.0000000,0.0000000,0,0,0,0
757214480259625 D 1082,2626302339,1000,1548,1548,2.3746023,0.00176,39,128,2075,0,0,0,136,1,1,0,0.0000000,0.0000000,0.0000000,0,0,0,0
757214481151333 D 1083,2626303339,1000,1548,1548,2.3746023,0.00169,-1,-1,-1,0,0,0,136,1,1,0,0.0000000,0.0000000,0.0000000,0,0,0,0
757214481926708 D 1084,2626304339,1000,1548,1548,2.3746023,0.00162,-1,-1,-1,0,0,0,136,1,1,0,0.0000000,0.0000000,0.0000000,0,0,0,0
757214482856208 D 1085,2626305339,1000,1548,1548,2.3746023,0.00156,-1,-1,-1,0,0,0,136,1,1,0,0.0000000,0.0000000,0.0000000,0,0,0,0
757214483807208 D 1086,2626306339,1000,1548,1548,2.3746023,0.00150,-1,-1,-1,0,0,0,136,1,1,0,0.0000000,0.0000000,0.0000000,0,0,0,0
757214484713083 D 1087,2626307339,1000,1548,1548,2.3746023,0.00144,-1,-1,-1,0,0,0,136,1,1,0,0.0000000,0.0000000,0.0000000,0,0,0,0
757214485674333 D 1088,2626308339,1000,1548,1548,2.3746023,0.00138,-1,-1,-1,0,0,0,136,1,1,0,0.0000000,0.0000000,0.0000000,0,0,0,0
757214486683541 D 1089,2626309339,1000,1548,1548,2.3746023,0.00133,-1,-1,-1,0,0,0,136,1,1,0,0.0000000,0.0000000,0.0000000,0,0,0,0
757214487701750 D 1090,2626310339,1000,1548,1548,2.3746023,0.00128,-1,-1,-1,0,0,0,136,1,1,0,0.0000000,0.0000000,0.0000000,0,0,0,0
757214488769416 D 1091,2626311339,1000,1548,1548,2.3746023,0.00123,-1,-1,-1,0,0,0,136,1,1,0,0.0000000,0.0000000,0.0000000,0,0,0,0
757214489701208 D 1092,2626312339,1000,1548,1548,2.3746023,0.00118,-1,-1,-1,0,0,0,136,1,1,0,0.0000000,0.0000000,0.0000000,0,0,0,0
757214490678916 D 1093,2626313339,1000,1548,1548,2.3746023,0.00113,-1,-1,-1,0,0,0,136,1,1,0,0.0000000,0.0000000,0.0000000,0,0,0,0
757214491765625 D 1094,2626314339,1000,1547,1547,2.3730683,-0.05906,-1,-1,-1,0,0,0,136,1,1,0,0.0000000,0.0000000,0.0000000,0,0,0,0
757214492671958 D 1095,2626315339,1000,1548,1548,2.3746023,0.00340,-1,-1,-1,0,0,0,136,1,1,0,0.0000000,0.0000000,0.0000000,0,0,0,0
757214493625291 D 1096,2626316339,1000,1548,1548,2.3746023,0.00327,-1,-1,-1,0,0,0,136,1,1,0,0.0000000,0.0000000,0.0000000,0,0,0,0
757214494646083 D 1097,2626317339,1000,1548,1548,2.3746023,0.00314,-1,-1,-1,0,0,0,136,1,1,0,0.0000000,0.0000000,0.0000000,0,0,0,0
757214495797375 D 1098,2626318339,1000,1548,1548,2.3746023,0.00302,-1,-1,-1,0,0,0,136,1,1,0,0.0000000,0.0000000,0.0000000,0,0,0,0
757214496853666 D 1099,2626319339,1000,1548,1548,2.3746023,0.00290,-1,-1,-1,0,0,0,136,1,1,0,0.0000000,0.0000000,0.0000000,0,0,0,0
757214497939583 D 1100,2626320339,1000,1548,1548,2.3746023,0.00279,-1,-1,-1,0,0,0,136,1,1,0,0.0000000,0.0000000,0.0000000,0,0,0,0
757214498910083 D 1101,2626321339,1000,1548,1548,2.3746023,0.00268,-1,-1,-1,0,0,0,136,1,1,0,0.0000000,0.0000000,0.0000000,0,0,0,0
757214500044041 D 1102,2626322339,1000,1548,1548,2.3746023,0.00257,-1,-1,-1,0,0,0,136,1,1,0,0.0000000,0.0000000,0.0000000,0,0,0,0
757214500899583 D 1103,2626323339,1000,1548,1548,2.3746023,0.00247,-1,-1,-1,0,0,0,136,1,1,0,0.0000000,0.0000000,0.0000000,0,0,0,0
757214501741625 D 1104,2626324339,1000,1548,1548,2.3746023,0.00237,-1,-1,-1,0,0,0,136,1,1,0,0.0000000,0.0000000,0.0000000,0,0,0,0
757214502628958 D 1105,2626325339,1000,1548,1548,2.3746023,0.00228,-1,-1,-1,0,0,0,136,1,1,0,0.0000000,0.0000000,0.0000000,0,0,0,0
757214503617458 D 1106,2626326339,1000,1548,1548,2.3746023,0.00219,-1,-1,-1,0,0,0,136,1,1,0,0.0000000,0.0000000,0.0000000,0,0,0,0
757214504619541 D 1107,2626327339,1000,1548,1548,2.3746023,0.00211,-1,-1,-1,0,0,0,136,1,1,0,0.0000000,0.0000000,0.0000000,0,0,0,0
757214505582416 D 1108,2626328339,1000,1548,1548,2.3746023,0.00202,-1,-1,-1,0,0,0,136,1,1,0,0.0000000,0.0000000,0.0000000,0,0,0,0
757214506561291 D 1109,2626329339,1000,1548,1548,2.3746023,0.00194,-1,-1,-1,0,0,0,136,1,1,0,0.0000000,0.0000000,0.0000000,0,0,0,0
757214507580333 D 1110,2626330339,1000,1548,1548,2.3746023,0.00187,-1,-1,-1,0,0,0,136,1,1,0,0.0000000,0.0000000,0.0000000,0,0,0,0
757214508616916 D 1111,2626331339,1000,1547,1547,2.3730683,-0.05835,-1,-1,-1,0,0,0,136,1,1,0,0.0000000,0.0000000,0.0000000,0,0,0,0
757214509578791 D 1112,2626332339,1000,1548,1548,2.3746023,0.00408,-1,-1,-1,0,0,0,136,1,1,0,0.0000000,0.0000000,0.0000000,0,0,0,0
757214510579750 D 1113,2626333339,1000,1548,1548,2.3746023,0.00392,-1,-1,-1,0,0,0,136,1,1,0,0.0000000,0.0000000,0.0000000,0,0,0,0
757214511627125 D 1114,2626334339,1000,1548,1548,2.3746023,0.00377,-1,-1,-1,0,0,0,136,1,1,0,0.0000000,0.0000000,0.0000000,0,0,0,0
757214512599500 D 1115,2626335339,1000,1548,1548,2.3746023,0.00362,-1,-1,-1,0,0,0,136,1,1,0,0.0000000,0.0000000,0.0000000,0,0,0,0
757214513555250 D 1116,2626336339,1000,1548,1548,2.3746023,0.00348,-1,-1,-1,0,0,0,136,1,1,0,0.0000000,0.0000000,0.0000000,0,0,0,0
757214514508416 D 1117,2626337339,1000,1548,1548,2.3746023,0.00334,-1,-1,-1,0,0,0,136,1,1,0,0.0000000,0.0000000,0.0000000,0,0,0,0
757214515519666 D 1118,2626338339,1000,1548,1548,2.3746023,0.00321,-1,-1,-1,0,0,0,136,1,1,0,0.0000000,0.0000000,0.0000000,0,0,0,0
757214516527458 D 1119,2626339339,1000,1548,1548,2.3746023,0.00309,-1,-1,-1,0,0,0,136,1,1,0,0.0000000,0.0000000,0.0000000,0,0,0,0
757214517447500 D 1120,2626340339,1000,1548,1548,2.3746023,0.00296,-1,-1,-1,0,0,0,136,1,1,0,0.0000000,0.0000000,0.0000000,0,0,0,0
757214518447291 D 1121,2626341339,1000,1548,1548,2.3746023,0.00285,-1,-1,-1,0,0,0,136,1,1,0,0.0000000,0.0000000,0.0000000,0,0,0,0
757214519439916 D 1122,2626342339,1000,1548,1548,2.3746023,0.00274,-1,-1,-1,0,0,0,136,1,1,0,0.0000000,0.0000000,0.0000000,0,0,0,0
757214520464625 D 1123,2626343339,1000,1548,1548,2.3746023,0.00263,-1,-1,-1,0,0,0,136,1,1,0,0.0000000,0.0000000,0.0000000,0,0,0,0
757214521477375 D 1124,2626344339,1000,1548,1548,2.3746023,0.00253,-1,-1,-1,0,0,0,136,1,1,0,0.0000000,0.0000000,0.0000000,0,0,0,0
757214522454666 D 1125,2626345339,1000,1548,1548,2.3746023,0.00243,-1,-1,-1,0,0,0,136,1,1,0,0.0000000,0.0000000,0.0000000,0,0,0,0
757214523493333 D 1126,2626346339,1000,1548,1548,2.3746023,0.00233,-1,-1,-1,0,0,0,136,1,1,0,0.0000000,0.0000000,0.0000000,0,0,0,0
757214524465208 D 1127,2626347339,1000,1548,1548,2.3746023,0.00224,-1,-1,-1,0,0,0,136,1,1,0,0.0000000,0.0000000,0.0000000,0,0,0,0
757214525444083 D 1128,2626348339,1000,1548,1548,2.3746023,0.00215,-1,-1,-1,0,0,0,136,1,1,0,0.0000000,0.0000000,0.0000000,0,0,0,0
757214526452916 D 1129,2626349339,1000,1548,1548,2.3746023,0.00207,-1,-1,-1,0,0,0,136,1,1,0,0.0000000,0.0000000,0.0000000,0,0,0,0
757214527463666 D 1130,2626350339,1000,1548,1548,2.3746023,0.00199,-1,-1,-1,0,0,0,136,1,1,0,0.0000000,0.0000000,0.0000000,0,0,0,0
757214528462916 D 1131,2626351339,1000,1548,1548,2.3746023,0.00191,-1,-1,-1,0,0,0,136,1,1,0,0.0000000,0.0000000,0.0000000,0,0,0,0
757214529949083 D 1132,2626352339,1000,1548,1548,2.3746023,0.00183,39,128,2075,0,0,0,136,1,1,0,0.0000000,0.0000000,0.0000000,0,0,0,0
757214530574166 D 1133,2626353339,1000,1548,1548,2.3746023,0.00176,-1,-1,-1,0,0,0,136,1,1,0,0.0000000,0.0000000,0.0000000,0,0,0,0
757214531582291 D 1134,2626354339,1000,1548,1548,2.3746023,0.00169,-1,-1,-1,0,0,0,136,1,1,0,0.0000000,0.0000000,0.0000000,0,0,0,0
757214532805291 D 1135,2626355339,1000,1548,1548,2.3746023,0.00163,-1,-1,-1,0,0,0,136,1,1,0,0.0000000,0.0000000,0.0000000,0,0,0,0
757214533571000 D 1136,2626356339,1000,1548,1548,2.3746023,0.00156,-1,-1,-1,0,0,0,136,1,1,0,0.0000000,0.0000000,0.0000000,0,0,0,0
757214534549208 D 1137,2626357339,1000,1548,1548,2.3746023,0.00150,-1,-1,-1,0,0,0,136,1,1,0,0.0000000,0.0000000,0.0000000,0,0,0,0
757214535501875 D 1138,2626358339,1000,1548,1548,2.3746023,0.00144,-1,-1,-1,0,0,0,136,1,1,0,0.0000000,0.0000000,0.0000000,0,0,0,0
757214536517458 D 1139,2626359339,1000,1548,1548,2.3746023,0.00139,-1,-1,-1,0,0,0,136,1,1,0,0.0000000,0.0000000,0.0000000,0,0,0,0
757214537508625 D 1140,2626360339,1000,1548,1548,2.3746023,0.00133,-1,-1,-1,0,0,0,136,1,1,0,0.0000000,0.0000000,0.0000000,0,0,0,0
757214538528333 D 1141,2626361339,1000,1548,1548,2.3746023,0.00128,-1,-1,-1,0,0,0,136,1,1,0,0.0000000,0.0000000,0.0000000,0,0,0,0
757214539571791 D 1142,2626362339,1000,1548,1548,2.3746023,0.00123,-1,-1,-1,0,0,0,136,1,1,0,0.0000000,0.0000000,0.0000000,0,0,0,0
757214540527208 D 1143,2626363339,1000,1548,1548,2.3746023,0.00118,-1,-1,-1,0,0,0,135,1,1,0,0.0000000,0.0000000,0.0000000,0,0,0,0
757214541508625 D 1144,2626364339,1000,1548,1548,2.3746023,0.00114,-1,-1,-1,0,0,0,136,1,1,0,0.0000000,0.0000000,0.0000000,0,0,0,0
757214542507875 D 1145,2626365339,1000,1548,1548,2.3746023,0.00109,-1,-1,-1,0,0,0,136,1,1,0,0.0000000,0.0000000,0.0000000,0,0,0,0
757214543500625 D 1146,2626366339,1000,1548,1548,2.3746023,0.00105,-1,-1,-1,0,0,0,136,1,1,0,0.0000000,0.0000000,0.0000000,0,0,0,0
757214544531208 D 1147,2626367339,1000,1548,1548,2.3746023,0.00101,-1,-1,-1,0,0,0,136,1,1,0,0.0000000,0.0000000,0.0000000,0,0,0,0
757214545564791 D 1148,2626368339,1000,1547,1547,2.3730683,-0.05918,-1,-1,-1,0,0,0,136,1,1,0,0.0000000,0.0000000,0.0000000,0,0,0,0
757214546748916 D 1149,2626369339,1000,1548,1548,2.3746023,0.00329,-1,-1,-1,0,0,0,136,1,1,0,0.0000000,0.0000000,0.0000000,0,0,0,0
757214547730541 D 1150,2626370339,1000,1548,1548,2.3746023,0.00316,-1,-1,-1,0,0,0,136,1,1,0,0.0000000,0.0000000,0.0000000,0,0,0,0
757214548813416 D 1151,2626371339,1000,1548,1548,2.3746023,0.00304,-1,-1,-1,0,0,0,136,1,1,0,0.0000000,0.0000000,0.0000000,0,0,0,0
757214549719833 D 1152,2626372339,1000,1548,1548,2.3746023,0.00292,-1,-1,-1,0,0,0,136,1,1,0,0.0000000,0.0000000,0.0000000,0,0,0,0
757214550631000 D 1153,2626373339,1000,1548,1548,2.3746023,0.00280,-1,-1,-1,0,0,0,136,1,1,0,0.0000000,0.0000000,0.0000000,0,0,0,0
757214551600166 D 1154,2626374339,1000,1548,1548,2.3746023,0.00269,-1,-1,-1,0,0,0,136,1,1,0,0.0000000,0.0000000,0.0000000,0,0,0,0
757214552675958 D 1155,2626375339,1000,1548,1548,2.3746023,0.00259,-1,-1,-1,0,0,0,136,1,1,0,0.0000000,0.0000000,0.0000000,0,0,0,0
757214553671708 D 1156,2626376339,1000,1548,1548,2.3746023,0.00248,-1,-1,-1,0,0,0,136,1,1,0,0.0000000,0.0000000,0.0000000,0,0,0,0
757214554803000 D 1157,2626377339,1000,1548,1548,2.3746023,0.00239,-1,-1,-1,0,0,0,136,1,1,0,0.0000000,0.0000000,0.0000000,0,0,0,0
757214555697000 D 1158,2626378339,1000,1548,1548,2.3746023,0.00229,-1,-1,-1,0,0,0,136,1,1,0,0.0000000,0.0000000,0.0000000,0,0,0,0
757214556652750 D 1159,2626379339,1000,1548,1548,2.3746023,0.00220,-1,-1,-1,0,0,0,136,1,1,0,0.0000000,0.0000000,0.0000000,0,0,0,0
757214557663708 D 1160,2626380339,1000,1548,1548,2.3746023,0.00212,-1,-1,-1,0,0,0,136,1,1,0,0.0000000,0.0000000,0.0000000,0,0,0,0
757214558618666 D 1161,2626381339,1000,1548,1548,2.3746023,0.00203,-1,-1,-1,0,0,0,136,1,1,0,0.0000000,0.0000000,0.0000000,0,0,0,0
757214559593750 D 1162,2626382339,1000,1548,1548,2.3746023,0.00195,-1,-1,-1,0,0,0,136,1,1,0,0.0000000,0.0000000,0.0000000,0,0,0,0
757214560639833 D 1163,2626383339,1000,1548,1548,2.3746023,0.00188,-1,-1,-1,0,0,0,136,1,1,0,0.0000000,0.0000000,0.0000000,0,0,0,0
757214561813625 D 1164,2626384339,1000,1548,1548,2.3746023,0.00180,-1,-1,-1,0,0,0,136,1,1,0,0.0000000,0.0000000,0.0000000,0,0,0,0
757214562980333 D 1165,2626385339,1000,1548,1548,2.3746023,0.00173,-1,-1,-1,0,0,0,136,1,1,0,0.0000000,0.0000000,0.0000000,0,0,0,0
757214564123625 D 1166,2626386339,1000,1548,1548,2.3746023,0.00167,-1,-1,-1,0,0,0,136,1,1,0,0.0000000,0.0000000,0.0000000,0,0,0,0
757214564851958 D 1167,2626387339,1000,1549,1549,2.3761363,0.06175,-1,-1,-1,0,0,0,136,1,1,0,0.0000000,0.0000000,0.0000000,0,0,0,0
757214565949208 D 1168,2626388339,1000,1547,1547,2.3730683,-0.06097,-1,-1,-1,0,0,0,136,1,1,0,0.0000000,0.0000000,0.0000000,0,0,0,0
757214566707541 D 1169,2626389339,1000,1548,1548,2.3746023,0.00157,-1,-1,-1,0,0,0,136,1,1,0,0.0000000,0.0000000,0.0000000,0,0,0,0
757214567572166 D 1170,2626390339,1000,1548,1548,2.3746023,0.00151,-1,-1,-1,0,0,0,136,1,1,0,0.0000000,0.0000000,0.0000000,0,0,0,0
757214568614958 D 1171,2626391339,1000,1548,1548,2.3746023,0.00145,-1,-1,-1,0,0,0,136,1,1,0,0.0000000,0.0000000,0.0000000,0,0,0,0
757214569614583 D 1172,2626392339,1000,1548,1548,2.3746023,0.00139,-1,-1,-1,0,0,0,136,1,1,0,0.0000000,0.0000000,0.0000000,0,0,0,0
757214570581750 D 1173,2626393339,1000,1548,1548,2.3746023,0.00134,-1,-1,-1,0,0,0,136,1,1,0,0.0000000,0.0000000,0.0000000,0,0,0,0
757214571635750 D 1174,2626394339,1000,1548,1548,2.3746023,0.00129,-1,-1,-1,0,0,0,136,1,1,0,0.0000000,0.0000000,0.0000000,0,0,0,0
757214572631541 D 1175,2626395339,1000,1548,1548,2.3746023,0.00123,-1,-1,-1,0,0,0,136,1,1,0,0.0000000,0.0000000,0.0000000,0,0,0,0
757214573621833 D 1176,2626396339,1000,1548,1548,2.3746023,0.00119,-1,-1,-1,0,0,0,136,1,1,0,0.0000000,0.0000000,0.0000000,0,0,0,0
757214574590583 D 1177,2626397339,1000,1548,1548,2.3746023,0.00114,-1,-1,-1,0,0,0,136,1,1,0,0.0000000,0.0000000,0.0000000,0,0,0,0
757214575595375 D 1178,2626398339,1000,1548,1548,2.3746023,0.00110,-1,-1,-1,0,0,0,136,1,1,0,0.0000000,0.0000000,0.0000000,0,0,0,0
757214576627500 D 1179,2626399339,1000,1548,1548,2.3746023,0.00105,-1,-1,-1,0,0,0,136,1,1,0,0.0000000,0.0000000,0.0000000,0,0,0,0
757214577619208 D 1180,2626400339,1000,1548,1548,2.3746023,0.00101,-1,-1,-1,0,0,0,136,1,1,0,0.0000000,0.0000000,0.0000000,0,0,0,0
757214578597291 D 1181,2626401339,1000,1548,1548,2.3746023,0.00097,-1,-1,-1,0,0,0,136,1,1,0,0.0000000,0.0000000,0.0000000,0,0,0,0
757214580010916 D 1182,2626402339,1000,1547,1547,2.3730683,-0.05921,39,128,2076,0,0,0,136,1,1,0,0.0000000,0.0000000,0.0000000,0,0,0,0
757214580570750 D 1183,2626403339,1000,1548,1548,2.3746023,0.00326,-1,-1,-1,0,0,0,136,1,1,0,0.0000000,0.0000000,0.0000000,0,0,0,0
757214581606916 D 1184,2626404339,1000,1548,1548,2.3746023,0.00313,-1,-1,-1,0,0,0,136,1,1,0,0.0000000,0.0000000,0.0000000,0,0,0,0
757214582604291 D 1185,2626405339,1000,1548,1548,2.3746023,0.00300,-1,-1,-1,0,0,0,136,1,1,0,0.0000000,0.0000000,0.0000000,0,0,0,0
757214583558375 D 1186,2626406339,1000,1548,1548,2.3746023,0.00289,-1,-1,-1,0,0,0,136,1,1,0,0.0000000,0.0000000,0.0000000,0,0,0,0
757214584589875 D 1187,2626407339,1000,1548,1548,2.3746023,0.00277,-1,-1,-1,0,0,0,136,1,1,0,0.0000000,0.0000000,0.0000000,0,0,0,0
757214585627916 D 1188,2626408339,1000,1547,1547,2.3730683,-0.05748,-1,-1,-1,0,0,0,136,1,1,0,0.0000000,0.0000000,0.0000000,0,0,0,0
757214586638375 D 1189,2626409339,1000,1548,1548,2.3746023,0.00492,-1,-1,-1,0,0,0,136,1,1,0,0.0000000,0.0000000,0.0000000,0,0,0,0
757214587624208 D 1190,2626410339,1000,1548,1548,2.3746023,0.00473,-1,-1,-1,0,0,0,136,1,1,0,0.0000000,0.0000000,0.0000000,0,0,0,0
757214588561916 D 1191,2626411339,1000,1548,1548,2.3746023,0.00454,-1,-1,-1,0,0,0,136,1,1,0,0.0000000,0.0000000,0.0000000,0,0,0,0
757214589582750 D 1192,2626412339,1000,1548,1548,2.3746023,0.00436,-1,-1,-1,0,0,0,136,1,1,0,0.0000000,0.0000000,0.0000000,0,0,0,0
757214590627583 D 1193,2626413339,1000,1548,1548,2.3746023,0.00419,-1,-1,-1,0,0,0,136,1,1,0,0.0000000,0.0000000,0.0000000,0,0,0,0
757214591693125 D 1194,2626414339,1000,1548,1548,2.3746023,0.00403,-1,-1,-1,0,0,0,136,1,1,0,0.0000000,0.0000000,0.0000000,0,0,0,0
757214592710125 D 1195,2626415339,1000,1548,1548,2.3746023,0.00387,-1,-1,-1,0,0,0,136,1,1,0,0.0000000,0.0000000,0.0000000,0,0,0,0
757214593608666 D 1196,2626416339,1000,1548,1548,2.3746023,0.00372,-1,-1,-1,0,0,0,136,1,1,0,0.0000000,0.0000000,0.0000000,0,0,0,0
757214594615083 D 1197,2626417339,1000,1548,1548,2.3746023,0.00357,-1,-1,-1,0,0,0,136,1,1,0,0.0000000,0.0000000,0.0000000,0,0,0,0
757214595684000 D 1198,2626418339,1000,1548,1548,2.3746023,0.00343,-1,-1,-1,0,0,0,136,1,1,0,0.0000000,0.0000000,0.0000000,0,0,0,0
757214596788083 D 1199,2626419339,1000,1547,1547,2.3730683,-0.05685,-1,-1,-1,0,0,0,136,1,1,0,0.0000000,0.0000000,0.0000000,0,0,0,0
757214597872708 D 1200,2626420339,1000,1548,1548,2.3746023,0.00553,-1,-1,-1,0,0,0,136,1,1,0,0.0000000,0.0000000,0.0000000,0,0,0,0
757214598662333 D 1201,2626421339,1000,1548,1548,2.3746023,0.00531,-1,-1,-1,0,0,0,136,1,1,0,0.0000000,0.0000000,0.0000000,0,0,0,0
757214599597750 D 1202,2626422339,1000,1548,1548,2.3746023,0.00510,-1,-1,-1,0,0,0,136,1,1,0,0.0000000,0.0000000,0.0000000,0,0,0,0
757214600629333 D 1203,2626423339,1000,1547,1547,2.3730683,-0.05525,-1,-1,-1,0,0,0,136,1,1,0,0.0000000,0.0000000,0.0000000,0,0,0,0
757214601613333 D 1204,2626424339,1000,1548,1548,2.3746023,0.00707,-1,-1,-1,0,0,0,136,1,1,0,0.0000000,0.0000000,0.0000000,0,0,0,0
757214602695000 D 1205,2626425339,1000,1548,1548,2.3746023,0.00679,-1,-1,-1,0,0,0,136,1,1,0,0.0000000,0.0000000,0.0000000,0,0,0,0
757214603677833 D 1206,2626426339,1000,1548,1548,2.3746023,0.00652,-1,-1,-1,0,0,0,136,1,1,0,0.0000000,0.0000000,0.0000000,0,0,0,0
757214604647541 D 1207,2626427339,1000,1548,1548,2.3746023,0.00627,-1,-1,-1,0,0,0,136,1,1,0,0.0000000,0.0000000,0.0000000,0,0,0,0
757214605667083 D 1208,2626428339,1000,1548,1548,2.3746023,0.00602,-1,-1,-1,0,0,0,136,1,1,0,0.0000000,0.0000000,0.0000000,0,0,0,0
757214606640041 D 1209,2626429339,1000,1548,1548,2.3746023,0.00579,-1,-1,-1,0,0,0,136,1,1,0,0.0000000,0.0000000,0.0000000,0,0,0,0
757214607530125 D 1210,2626430339,1000,1548,1548,2.3746023,0.00556,-1,-1,-1,0,0,0,136,1,1,0,0.0000000,0.0000000,0.0000000,0,0,0,0
757214608647458 D 1211,2626431339,1000,1548,1548,2.3746023,0.00534,-1,-1,-1,0,0,0,136,1,1,0,0.0000000,0.0000000,0.0000000,0,0,0,0
757214609581041 D 1212,2626432339,1000,1548,1548,2.3746023,0.00513,-1,-1,-1,0,0,0,136,1,1,0,0.0000000,0.0000000,0.0000000,0,0,0,0
757214610697166 D 1213,2626433339,1000,1548,1548,2.3746023,0.00493,-1,-1,-1,0,0,0,135,1,1,0,0.0000000,0.0000000,0.0000000,0,0,0,0
757214611581875 D 1214,2626434339,1000,1548,1548,2.3746023,0.00474,-1,-1,-1,0,0,0,136,1,1,0,0.0000000,0.0000000,0.0000000,0,0,0,0
757214612549791 D 1215,2626435339,1000,1548,1548,2.3746023,0.00455,-1,-1,-1,0,0,0,136,1,1,0,0.0000000,0.0000000,0.0000000,0,0,0,0
757214613543250 D 1216,2626436339,1000,1548,1548,2.3746023,0.00437,-1,-1,-1,0,0,0,136,1,1,0,0.0000000,0.0000000,0.0000000,0,0,0,0
757214614551250 D 1217,2626437339,1000,1548,1548,2.3746023,0.00420,-1,-1,-1,0,0,0,136,1,1,0,0.0000000,0.0000000,0.0000000,0,0,0,0
757214615668500 D 1218,2626438339,1000,1548,1548,2.3746023,0.00404,-1,-1,-1,0,0,0,136,1,1,0,0.0000000,0.0000000,0.0000000,0,0,0,0
757214616541083 D 1219,2626439339,1000,1548,1548,2.3746023,0.00388,-1,-1,-1,0,0,0,136,1,1,0,0.0000000,0.0000000,0.0000000,0,0,0,0
757214617472541 D 1220,2626440339,1000,1548,1548,2.3746023,0.00373,-1,-1,-1,0,0,0,136,1,1,0,0.0000000,0.0000000,0.0000000,0,0,0,0
757214618447416 D 1221,2626441339,1000,1548,1548,2.3746023,0.00358,-1,-1,-1,0,0,0,136,1,1,0,0.0000000,0.0000000,0.0000000,0,0,0,0
757214619442916 D 1222,2626442339,1000,1548,1548,2.3746023,0.00344,-1,-1,-1,0,0,0,136,1,1,0,0.0000000,0.0000000,0.0000000,0,0,0,0
757214620480208 D 1223,2626443339,1000,1548,1548,2.3746023,0.00331,-1,-1,-1,0,0,0,136,1,1,0,0.0000000,0.0000000,0.0000000,0,0,0,0
757214621466458 D 1224,2626444339,1000,1549,1549,2.3761363,0.06332,-1,-1,-1,0,0,0,136,1,1,0,0.0000000,0.0000000,0.0000000,0,0,0,0
757214622461125 D 1225,2626445339,1000,1548,1548,2.3746023,0.00069,-1,-1,-1,0,0,0,136,1,1,0,0.0000000,0.0000000,0.0000000,0,0,0,0
757214623459166 D 1226,2626446339,1000,1548,1548,2.3746023,0.00067,-1,-1,-1,0,0,0,136,1,1,0,0.0000000,0.0000000,0.0000000,0,0,0,0
757214624467666 D 1227,2626447339,1000,1548,1548,2.3746023,0.00064,-1,-1,-1,0,0,0,136,1,1,0,0.0000000,0.0000000,0.0000000,0,0,0,0
757214625495958 D 1228,2626448339,1000,1548,1548,2.3746023,0.00061,-1,-1,-1,0,0,0,136,1,1,0,0.0000000,0.0000000,0.0000000,0,0,0,0
757214626499666 D 1229,2626449339,1000,1548,1548,2.3746023,0.00059,-1,-1,-1,0,0,0,136,1,1,0,0.0000000,0.0000000,0.0000000,0,0,0,0
757214627481041 D 1230,2626450339,1000,1548,1548,2.3746023,0.00057,-1,-1,-1,0,0,0,136,1,1,0,0.0000000,0.0000000,0.0000000,0,0,0,0
757214628499791 D 1231,2626451339,1000,1547,1547,2.3730683,-0.05960,-1,-1,-1,0,0,0,136,1,1,0,0.0000000,0.0000000,0.0000000,0,0,0,0
757214630100208 D 1232,2626452339,1000,1548,1548,2.3746023,0.00288,39,128,2074,0,0,0,136,1,1,0,0.0000000,0.0000000,0.0000000,0,0,0,0
757214630677333 D 1233,2626453339,1000,1548,1548,2.3746023,0.00277,-1,-1,-1,0,0,0,136,1,1,0,0.0000000,0.0000000,0.0000000,0,0,0,0
757214631505333 D 1234,2626454339,1000,1548,1548,2.3746023,0.00266,-1,-1,-1,0,0,0,136,1,1,0,0.0000000,0.0000000,0.0000000,0,0,0,0
757214632566125 D 1235,2626455339,1000,1547,1547,2.3730683,-0.05759,-1,-1,-1,0,0,0,136,1,1,0,0.0000000,0.0000000,0.0000000,0,0,0,0
757214633504333 D 1236,2626456339,1000,1548,1548,2.3746023,0.00481,-1,-1,-1,0,0,0,136,1,1,0,0.0000000,0.0000000,0.0000000,0,0,0,0
757214634508041 D 1237,2626457339,1000,1548,1548,2.3746023,0.00463,-1,-1,-1,0,0,0,136,1,1,0,0.0000000,0.0000000,0.0000000,0,0,0,0
757214635506916 D 1238,2626458339,1000,1548,1548,2.3746023,0.00444,-1,-1,-1,0,0,0,136,1,1,0,0.0000000,0.0000000,0.0000000,0,0,0,0
757214636502166 D 1239,2626459339,1000,1548,1548,2.3746023,0.00427,-1,-1,-1,0,0,0,136,1,1,0,0.0000000,0.0000000,0.0000000,0,0,0,0
757214637503875 D 1240,2626460339,1000,1548,1548,2.3746023,0.00410,-1,-1,-1,0,0,0,136,1,1,0,0.0000000,0.0000000,0.0000000,0,0,0,0
757214638518583 D 1241,2626461339,1000,1548,1548,2.3746023,0.00394,-1,-1,-1,0,0,0,136,1,1,0,0.0000000,0.0000000,0.0000000,0,0,0,0
757214639498833 D 1242,2626462339,1000,1548,1548,2.3746023,0.00379,-1,-1,-1,0,0,0,136,1,1,0,0.0000000,0.0000000,0.0000000,0,0,0,0
757214640517541 D 1243,2626463339,1000,1548,1548,2.3746023,0.00364,-1,-1,-1,0,0,0,136,1,1,0,0.0000000,0.0000000,0.0000000,0,0,0,0
757214641513416 D 1244,2626464339,1000,1548,1548,2.3746023,0.00350,-1,-1,-1,0,0,0,136,1,1,0,0.0000000,0.0000000,0.0000000,0,0,0,0
757214642571375 D 1245,2626465339,1000,1548,1548,2.3746023,0.00336,-1,-1,-1,0,0,0,136,1,1,0,0.0000000,0.0000000,0.0000000,0,0,0,0
757214643564083 D 1246,2626466339,1000,1548,1548,2.3746023,0.00323,-1,-1,-1,0,0,0,136,1,1,0,0.0000000,0.0000000,0.0000000,0,0,0,0
757214644544208 D 1247,2626467339,1000,1548,1548,2.3746023,0.00310,-1,-1,-1,0,0,0,136,1,1,0,0.0000000,0.0000000,0.0000000,0,0,0,0
757214645510458 D 1248,2626468339,1000,1548,1548,2.3746023,0.00298,-1,-1,-1,0,0,0,136,1,1,0,0.0000000,0.0000000,0.0000000,0,0,0,0
757214646581000 D 1249,2626469339,1000,1548,1548,2.3746023,0.00286,-1,-1,-1,0,0,0,136,1,1,0,0.0000000,0.0000000,0.0000000,0,0,0,0
757214647648333 D 1250,2626470339,1000,1548,1548,2.3746023,0.00275,-1,-1,-1,0,0,0,136,1,1,0,0.0000000,0.0000000,0.0000000,0,0,0,0
757214648640916 D 1251,2626471339,1000,1548,1548,2.3746023,0.00264,-1,-1,-1,0,0,0,136,1,1,0,0.0000000,0.0000000,0.0000000,0,0,0,0
757214649720500 D 1252,2626472339,1000,1548,1548,2.3746023,0.00254,-1,-1,-1,0,0,0,136,1,1,0,0.0000000,0.0000000,0.0000000,0,0,0,0
757214650715333 D 1253,2626473339,1000,1548,1548,2.3746023,0.00244,-1,-1,-1,0,0,0,136,1,1,0,0.0000000,0.0000000,0.0000000,0,0,0,0
757214651701541 D 1254,2626474339,1000,1548,1548,2.3746023,0.00234,-1,-1,-1,0,0,0,136,1,1,0,0.0000000,0.0000000,0.0000000,0,0,0,0
757214652680875 D 1255,2626475339,1000,1548,1548,2.3746023,0.00225,-1,-1,-1,0,0,0,136,1,1,0,0.0000000,0.0000000,0.0000000,0,0,0,0
757214653754583 D 1256,2626476339,1000,1548,1548,2.3746023,0.00216,-1,-1,-1,0,0,0,136,1,1,0,0.0000000,0.0000000,0.0000000,0,0,0,0
757214654639666 D 1257,2626477339,1000,1548,1548,2.3746023,0.00208,-1,-1,-1,0,0,0,136,1,1,0,0.0000000,0.0000000,0.0000000,0,0,0,0
757214655602916 D 1258,2626478339,1000,1548,1548,2.3746023,0.00200,-1,-1,-1,0,0,0,136,1,1,0,0.0000000,0.0000000,0.0000000,0,0,0,0
757214656706916 D 1259,2626479339,1000,1548,1548,2.3746023,0.00192,-1,-1,-1,0,0,0,136,1,1,0,0.0000000,0.0000000,0.0000000,0,0,0,0
757214657642125 D 1260,2626480339,1000,1548,1548,2.3746023,0.00184,-1,-1,-1,0,0,0,136,1,1,0,0.0000000,0.0000000,0.0000000,0,0,0,0
757214658674625 D 1261,2626481339,1000,1548,1548,2.3746023,0.00177,-1,-1,-1,0,0,0,136,1,1,0,0.0000000,0.0000000,0.0000000,0,0,0,0
757214659690125 D 1262,2626482339,1000,1548,1548,2.3746023,0.00170,-1,-1,-1,0,0,0,136,1,1,0,0.0000000,0.0000000,0.0000000,0,0,0,0
757214660845333 D 1263,2626483339,1000,1549,1549,2.3761363,0.06178,-1,-1,-1,0,0,0,136,1,1,0,0.0000000,0.0000000,0.0000000,0,0,0,0
757214661807500 D 1264,2626484339,1000,1548,1548,2.3746023,-0.00079,-1,-1,-1,0,0,0,136,1,1,0,0.0000000,0.0000000,0.0000000,0,0,0,0
757214662802541 D 1265,2626485339,1000,1548,1548,2.3746023,-0.00076,-1,-1,-1,0,0,0,136,1,1,0,0.0000000,0.0000000,0.0000000,0,0,0,0
757214663693166 D 1266,2626486339,1000,1548,1548,2.3746023,-0.00073,-1,-1,-1,0,0,0,136,1,1,0,0.0000000,0.0000000,0.0000000,0,0,0,0
757214664862625 D 1267,2626487339,1000,1548,1548,2.3746023,-0.00070,-1,-1,-1,0,0,0,136,1,1,0,0.0000000,0.0000000,0.0000000,0,0,0,0
757214665732791 D 1268,2626488339,1000,1548,1548,2.3746023,-0.00067,-1,-1,-1,0,0,0,136,1,1,0,0.0000000,0.0000000,0.0000000,0,0,0,0
757214666763083 D 1269,2626489339,1000,1548,1548,2.3746023,-0.00064,-1,-1,-1,0,0,0,136,1,1,0,0.0000000,0.0000000,0.0000000,0,0,0,0
757214667717333 D 1270,2626490339,1000,1548,1548,2.3746023,-0.00062,-1,-1,-1,0,0,0,136,1,1,0,0.0000000,0.0000000,0.0000000,0,0,0,0
757214668803458 D 1271,2626491339,1000,1548,1548,2.3746023,-0.00060,-1,-1,-1,0,0,0,136,1,1,0,0.0000000,0.0000000,0.0000000,0,0,0,0
757214669890416 D 1272,2626492339,1000,1548,1548,2.3746023,-0.00057,-1,-1,-1,0,0,0,136,1,1,0,0.0000000,0.0000000,0.0000000,0,0,0,0
757214670712208 D 1273,2626493339,1000,1548,1548,2.3746023,-0.00055,-1,-1,-1,0,0,0,136,1,1,0,0.0000000,0.0000000,0.0000000,0,0,0,0
757214671650750 D 1274,2626494339,1000,1548,1548,2.3746023,-0.00053,-1,-1,-1,0,0,0,136,1,1,0,0.0000000,0.0000000,0.0000000,0,0,0,0
757214672647958 D 1275,2626495339,1000,1548,1548,2.3746023,-0.00051,-1,-1,-1,0,0,0,136,1,1,0,0.0000000,0.0000000,0.0000000,0,0,0,0
757214673772416 D 1276,2626496339,1000,1549,1549,2.3761363,0.05966,-1,-1,-1,0,0,0,136,1,1,0,0.0000000,0.0000000,0.0000000,0,0,0,0
757214674735625 D 1277,2626497339,1000,1548,1548,2.3746023,-0.00283,-1,-1,-1,0,0,0,136,1,1,0,0.0000000,0.0000000,0.0000000,0,0,0,0
757214675695375 D 1278,2626498339,1000,1548,1548,2.3746023,-0.00272,-1,-1,-1,0,0,0,136,1,1,0,0.0000000,0.0000000,0.0000000,0,0,0,0
757214676624750 D 1279,2626499339,1000,1548,1548,2.3746023,-0.00261,-1,-1,-1,0,0,0,136,1,1,0,0.0000000,0.0000000,0.0000000,0,0,0,0
757214677677208 D 1280,2626500339,1000,1548,1548,2.3746023,-0.00251,-1,-1,-1,0,0,0,136,1,1,0,0.0000000,0.0000000,0.0000000,0,0,0,0
757214678943541 D 1281,2626501339,1000,1548,1548,2.3746023,-0.00241,-1,-1,-1,0,0,0,136,1,1,0,0.0000000,0.0000000,0.0000000,0,0,0,0
757214680430583 D 1282,2626502339,1000,1548,1548,2.3746023,-0.00231,39,128,2074,0,0,0,136,1,1,0,0.0000000,0.0000000,0.0000000,0,0,0,0
757214681068541 D 1283,2626503339,1000,1548,1548,2.3746023,-0.00222,-1,-1,-1,0,0,0,136,1,1,0,0.0000000,0.0000000,0.0000000,0,0,0,0
757214681703500 D 1284,2626504339,1000,1548,1548,2.3746023,-0.00214,-1,-1,-1,0,0,0,136,1,1,0,0.0000000,0.0000000,0.0000000,0,0,0,0
757214682582708 D 1285,2626505339,1000,1548,1548,2.3746023,-0.00205,-1,-1,-1,0,0,0,136,1,1,0,0.0000000,0.0000000,0.0000000,0,0,0,0
757214683512833 D 1286,2626506339,1000,1548,1548,2.3746023,-0.00197,-1,-1,-1,0,0,0,136,1,1,0,0.0000000,0.0000000,0.0000000,0,0,0,0
757214684503833 D 1287,2626507339,1000,1548,1548,2.3746023,-0.00189,-1,-1,-1,0,0,0,136,1,1,0,0.0000000,0.0000000,0.0000000,0,0,0,0
757214685542458 D 1288,2626508339,1000,1548,1548,2.3746023,-0.00182,-1,-1,-1,0,0,0,136,1,1,0,0.0000000,0.0000000,0.0000000,0,0,0,0
757214686484916 D 1289,2626509339,1000,1548,1548,2.3746023,-0.00175,-1,-1,-1,0,0,0,136,1,1,0,0.0000000,0.0000000,0.0000000,0,0,0,0
757214687475125 D 1290,2626510339,1000,1548,1548,2.3746023,-0.00168,-1,-1,-1,0,0,0,136,1,1,0,0.0000000,0.0000000,0.0000000,0,0,0,0
757214688525708 D 1291,2626511339,1000,1548,1548,2.3746023,-0.00161,-1,-1,-1,0,0,0,136,1,1,0,0.0000000,0.0000000,0.0000000,0,0,0,0
757214689431958 D 1292,2626512339,1000,1548,1548,2.3746023,-0.00155,-1,-1,-1,0,0,0,136,1,1,0,0.0000000,0.0000000,0.0000000,0,0,0,0
757214690328000 D 1293,2626513339,1000,1548,1548,2.3746023,-0.00149,-1,-1,-1,0,0,0,136,1,1,0,0.0000000,0.0000000,0.0000000,0,0,0,0
757214691331750 D 1294,2626514339,1000,1548,1548,2.3746023,-0.00143,-1,-1,-1,0,0,0,136,1,1,0,0.0000000,0.0000000,0.0000000,0,0,0,0
757214692336541 D 1295,2626515339,1000,1548,1548,2.3746023,-0.00138,-1,-1,-1,0,0,0,136,1,1,0,0.0000000,0.0000000,0.0000000,0,0,0,0
757214693308166 D 1296,2626516339,1000,1548,1548,2.3746023,-0.00132,-1,-1,-1,0,0,0,136,1,1,0,0.0000000,0.0000000,0.0000000,0,0,0,0
757214694335875 D 1297,2626517339,1000,1548,1548,2.3746023,-0.00127,-1,-1,-1,0,0,0,136,1,1,0,0.0000000,0.0000000,0.0000000,0,0,0,0
757214695323250 D 1298,2626518339,1000,1548,1548,2.3746023,-0.00122,-1,-1,-1,0,0,0,136,1,1,0,0.0000000,0.0000000,0.0000000,0,0,0,0
757214696321083 D 1299,2626519339,1000,1548,1548,2.3746023,-0.00117,-1,-1,-1,0,0,0,136,1,1,0,0.0000000,0.0000000,0.0000000,0,0,0,0
757214697352250 D 1300,2626520339,1000,1548,1548,2.3746023,-0.00113,-1,-1,-1,0,0,0,136,1,1,0,0.0000000,0.0000000,0.0000000,0,0,0,0
757214698323791 D 1301,2626521339,1000,1548,1548,2.3746023,-0.00108,-1,-1,-1,0,0,0,136,1,1,0,0.0000000,0.0000000,0.0000000,0,0,0,0
757214699309291 D 1302,2626522339,1000,1548,1548,2.3746023,-0.00104,-1,-1,-1,0,0,0,136,1,1,0,0.0000000,0.0000000,0.0000000,0,0,0,0
757214700311958 D 1303,2626523339,1000,1548,1548,2.3746023,-0.00100,-1,-1,-1,0,0,0,136,1,1,0,0.0000000,0.0000000,0.0000000,0,0,0,0
757214701318416 D 1304,2626524339,1000,1548,1548,2.3746023,-0.00096,-1,-1,-1,0,0,0,136,1,1,0,0.0000000,0.0000000,0.0000000,0,0,0,0
757214702353333 D 1305,2626525339,1000,1548,1548,2.3746023,-0.00092,-1,-1,-1,0,0,0,136,1,1,0,0.0000000,0.0000000,0.0000000,0,0,0,0
757214703315500 D 1306,2626526339,1000,1548,1548,2.3746023,-0.00089,-1,-1,-1,0,0,0,136,1,1,0,0.0000000,0.0000000,0.0000000,0,0,0,0
757214704381833 D 1307,2626527339,1000,1548,1548,2.3746023,-0.00085,-1,-1,-1,0,0,0,136,1,1,0,0.0000000,0.0000000,0.0000000,0,0,0,0
757214705320833 D 1308,2626528339,1000,1548,1548,2.3746023,-0.00082,-1,-1,-1,0,0,0,136,1,1,0,0.0000000,0.0000000,0.0000000,0,0,0,0
757214706360916 D 1309,2626529339,1000,1548,1548,2.3746023,-0.00079,-1,-1,-1,0,0,0,136,1,1,0,0.0000000,0.0000000,0.0000000,0,0,0,0
757214707342208 D 1310,2626530339,1000,1548,1548,2.3746023,-0.00076,-1,-1,-1,0,0,0,136,1,1,0,0.0000000,0.0000000,0.0000000,0,0,0,0
757214708360083 D 1311,2626531339,1000,1548,1548,2.3746023,-0.00073,-1,-1,-1,0,0,0,136,1,1,0,0.0000000,0.0000000,0.0000000,0,0,0,0
757214709380041 D 1312,2626532339,1000,1548,1548,2.3746023,-0.00070,-1,-1,-1,0,0,0,136,1,1,0,0.0000000,0.0000000,0.0000000,0,0,0,0
757214710382583 D 1313,2626533339,1000,1548,1548,2.3746023,-0.00067,-1,-1,-1,0,0,0,136,1,1,0,0.0000000,0.0000000,0.0000000,0,0,0,0
757214711312750 D 1314,2626534339,1000,1548,1548,2.3746023,-0.00064,-1,-1,-1,0,0,0,136,1,1,0,0.0000000,0.0000000,0.0000000,0,0,0,0
757214712334375 D 1315,2626535339,1000,1548,1548,2.3746023,-0.00062,-1,-1,-1,0,0,0,136,1,1,0,0.0000000,0.0000000,0.0000000,0,0,0,0
757214713317625 D 1316,2626536339,1000,1548,1548,2.3746023,-0.00059,-1,-1,-1,0,0,0,136,1,1,0,0.0000000,0.0000000,0.0000000,0,0,0,0
757214714311208 D 1317,2626537339,1000,1548,1548,2.3746023,-0.00057,-1,-1,-1,0,0,0,136,1,1,0,0.0000000,0.0000000,0.0000000,0,0,0,0
757214715333833 D 1318,2626538339,1000,1548,1548,2.3746023,-0.00055,-1,-1,-1,0,0,0,136,1,1,0,0.0000000,0.0000000,0.0000000,0,0,0,0
757214716311791 D 1319,2626539339,1000,1548,1548,2.3746023,-0.00053,-1,-1,-1,0,0,0,136,1,1,0,0.0000000,0.0000000,0.0000000,0,0,0,0
757214717295250 D 1320,2626540339,1000,1548,1548,2.3746023,-0.00051,-1,-1,-1,0,0,0,136,1,1,0,0.0000000,0.0000000,0.0000000,0,0,0,0
757214718285500 D 1321,2626541339,1000,1548,1548,2.3746023,-0.00049,-1,-1,-1,0,0,0,136,1,1,0,0.0000000,0.0000000,0.0000000,0,0,0,0
757214719329000 D 1322,2626542339,1000,1548,1548,2.3746023,-0.00047,-1,-1,-1,0,0,0,136,1,1,0,0.0000000,0.0000000,0.0000000,0,0,0,0
757214720328583 D 1323,2626543339,1000,1548,1548,2.3746023,-0.00045,-1,-1,-1,0,0,0,136,1,1,0,0.0000000,0.0000000,0.0000000,0,0,0,0
757214721338875 D 1324,2626544339,1000,1548,1548,2.3746023,-0.00043,-1,-1,-1,0,0,0,136,1,1,0,0.0000000,0.0000000,0.0000000,0,0,0,0
757214722325125 D 1325,2626545339,1000,1548,1548,2.3746023,-0.00041,-1,-1,-1,0,0,0,136,1,1,0,0.0000000,0.0000000,0.0000000,0,0,0,0
757214723286916 D 1326,2626546339,1000,1547,1547,2.3730683,-0.06055,-1,-1,-1,0,0,0,136,1,1,0,0.0000000,0.0000000,0.0000000,0,0,0,0
757214724258875 D 1327,2626547339,1000,1548,1548,2.3746023,0.00198,-1,-1,-1,0,0,0,136,1,1,0,0.0000000,0.0000000,0.0000000,0,0,0,0
757214725282625 D 1328,2626548339,1000,1549,1549,2.3761363,0.06205,-1,-1,-1,0,0,0,136,1,1,0,0.0000000,0.0000000,0.0000000,0,0,0,0
757214726288833 D 1329,2626549339,1000,1548,1548,2.3746023,-0.00053,-1,-1,-1,0,0,0,136,1,1,0,0.0000000,0.0000000,0.0000000,0,0,0,0
757214727278666 D 1330,2626550339,1000,1548,1548,2.3746023,-0.00051,-1,-1,-1,0,0,0,136,1,1,0,0.0000000,0.0000000,0.0000000,0,0,0,0
757214728287458 D 1331,2626551339,1000,1548,1548,2.3746023,-0.00049,-1,-1,-1,0,0,0,136,1,1,0,0.0000000,0.0000000,0.0000000,0,0,0,0
757214729641000 D 1332,2626552339,1000,1547,1547,2.3730683,-0.06062,39,128,2075,0,0,0,136,1,1,0,0.0000000,0.0000000,0.0000000,0,0,0,0
757214730283625 D 1333,2626553339,1000,1548,1548,2.3746023,0.00190,-1,-1,-1,0,0,0,136,1,1,0,0.0000000,0.0000000,0.0000000,0,0,0,0
757214731329750 D 1334,2626554339,1000,1548,1548,2.3746023,0.00183,-1,-1,-1,0,0,0,136,1,1,0,0.0000000,0.0000000,0.0000000,0,0,0,0
757214732275791 D 1335,2626555339,1000,1548,1548,2.3746023,0.00176,-1,-1,-1,0,0,0,136,1,1,0,0.0000000,0.0000000,0.0000000,0,0,0,0
757214733297208 D 1336,2626556339,1000,1548,1548,2.3746023,0.00169,-1,-1,-1,0,0,0,136,1,1,0,0.0000000,0.0000000,0.0000000,0,0,0,0
757214734467500 D 1337,2626557339,1000,1548,1548,2.3746023,0.00162,-1,-1,-1,0,0,0,136,1,1,0,0.0000000,0.0000000,0.0000000,0,0,0,0
757214735303000 D 1338,2626558339,1000,1548,1548,2.3746023,0.00156,-1,-1,-1,0,0,0,136,1,1,0,0.0000000,0.0000000,0.0000000,0,0,0,0
757214736328166 D 1339,2626559339,1000,1548,1548,2.3746023,0.00150,-1,-1,-1,0,0,0,136,1,1,0,0.0000000,0.0000000,0.0000000,0,0,0,0
757214737415083 D 1340,2626560339,1000,1548,1548,2.3746023,0.00144,-1,-1,-1,0,0,0,136,1,1,0,0.0000000,0.0000000,0.0000000,0,0,0,0
757214738570666 D 1341,2626561339,1000,1548,1548,2.3746023,0.00138,-1,-1,-1,0,0,0,136,1,1,0,0.0000000,0.0000000,0.0000000,0,0,0,0
757214739501458 D 1342,2626562339,1000,1548,1548,2.3746023,0.00133,-1,-1,-1,0,0,0,136,1,1,0,0.0000000,0.0000000,0.0000000,0,0,0,0
757214740506500 D 1343,2626563339,1000,1548,1548,2.3746023,0.00128,-1,-1,-1,0,0,0,136,1,1,0,0.0000000,0.0000000,0.0000000,0,0,0,0
757214741501208 D 1344,2626564339,1000,1548,1548,2.3746023,0.00123,-1,-1,-1,0,0,0,136,1,1,0,0.0000000,0.0000000,0.0000000,0,0,0,0
757214742518000 D 1345,2626565339,1000,1548,1548,2.3746023,0.00118,-1,-1,-1,0,0,0,136,1,1,0,0.0000000,0.0000000,0.0000000,0,0,0,0
757214744049875 D 1346,2626566339,1000,1548,1548,2.3746023,0.00113,-1,-1,-1,0,0,0,136,1,1,0,0.0000000,0.0000000,0.0000000,0,0,0,0
757214745054875 D 1347,2626567339,1000,1548,1548,2.3746023,0.00109,-1,-1,-1,0,0,0,136,1,1,0,0.0000000,0.0000000,0.0000000,0,0,0,0
757214745962541 D 1348,2626568339,1000,1548,1548,2.3746023,0.00104,-1,-1,-1,0,0,0,136,1,1,0,0.0000000,0.0000000,0.0000000,0,0,0,0
757214746778375 D 1349,2626569339,1000,1548,1548,2.3746023,0.00100,-1,-1,-1,0,0,0,136,1,1,0,0.0000000,0.0000000,0.0000000,0,0,0,0
757214747648625 D 1350,2626570339,1000,1548,1548,2.3746023,0.00096,-1,-1,-1,0,0,0,136,1,1,0,0.0000000,0.0000000,0.0000000,0,0,0,0
757214748664750 D 1351,2626571339,1000,1548,1548,2.3746023,0.00093,-1,-1,-1,0,0,0,136,1,1,0,0.0000000,0.0000000,0.0000000,0,0,0,0
757214749829666 D 1352,2626572339,1000,1548,1548,2.3746023,0.00089,-1,-1,-1,0,0,0,136,1,1,0,0.0000000,0.0000000,0.0000000,0,0,0,0
757214750681333 D 1353,2626573339,1000,1548,1548,2.3746023,0.00086,-1,-1,-1,0,0,0,135,1,1,0,0.0000000,0.0000000,0.0000000,0,0,0,0
757214751565375 D 1354,2626574339,1000,1548,1548,2.3746023,0.00082,-1,-1,-1,0,0,0,136,1,1,0,0.0000000,0.0000000,0.0000000,0,0,0,0
757214752573375 D 1355,2626575339,1000,1548,1548,2.3746023,0.00079,-1,-1,-1,0,0,0,136,1,1,0,0.0000000,0.0000000,0.0000000,0,0,0,0
757214753602416 D 1356,2626576339,1000,1548,1548,2.3746023,0.00076,-1,-1,-1,0,0,0,136,1,1,0,0.0000000,0.0000000,0.0000000,0,0,0,0
757214754583833 D 1357,2626577339,1000,1548,1548,2.3746023,0.00073,-1,-1,-1,0,0,0,136,1,1,0,0.0000000,0.0000000,0.0000000,0,0,0,0
757214755597166 D 1358,2626578339,1000,1548,1548,2.3746023,0.00070,-1,-1,-1,0,0,0,136,1,1,0,0.0000000,0.0000000,0.0000000,0,0,0,0
757214756598333 D 1359,2626579339,1000,1548,1548,2.3746023,0.00067,-1,-1,-1,0,0,0,136,1,1,0,0.0000000,0.0000000,0.0000000,0,0,0,0
757214757601916 D 1360,2626580339,1000,1548,1548,2.3746023,0.00065,-1,-1,-1,0,0,0,136,1,1,0,0.0000000,0.0000000,0.0000000,0,0,0,0
757214758688541 D 1361,2626581339,1000,1548,1548,2.3746023,0.00062,-1,-1,-1,0,0,0,136,1,1,0,0.0000000,0.0000000,0.0000000,0,0,0,0
757214759526333 D 1362,2626582339,1000,1548,1548,2.3746023,0.00060,-1,-1,-1,0,0,0,136,1,1,0,0.0000000,0.0000000,0.0000000,0,0,0,0
757214760568916 D 1363,2626583339,1000,1548,1548,2.3746023,0.00057,-1,-1,-1,0,0,0,136,1,1,0,0.0000000,0.0000000,0.0000000,0,0,0,0
757214761579083 D 1364,2626584339,1000,1548,1548,2.3746023,0.00055,-1,-1,-1,0,0,0,136,1,1,0,0.0000000,0.0000000,0.0000000,0,0,0,0
757214762591416 D 1365,2626585339,1000,1548,1548,2.3746023,0.00053,-1,-1,-1,0,0,0,136,1,1,0,0.0000000,0.0000000,0.0000000,0,0,0,0
757214763634541 D 1366,2626586339,1000,1548,1548,2.3746023,0.00051,-1,-1,-1,0,0,0,136,1,1,0,0.0000000,0.0000000,0.0000000,0,0,0,0
757214764568000 D 1367,2626587339,1000,1548,1548,2.3746023,0.00049,-1,-1,-1,0,0,0,136,1,1,0,0.0000000,0.0000000,0.0000000,0,0,0,0
757214765586916 D 1368,2626588339,1000,1548,1548,2.3746023,0.00047,-1,-1,-1,0,0,0,136,1,1,0,0.0000000,0.0000000,0.0000000,0,0,0,0
757214766617583 D 1369,2626589339,1000,1548,1548,2.3746023,0.00045,-1,-1,-1,0,0,0,136,1,1,0,0.0000000,0.0000000,0.0000000,0,0,0,0
757214767600125 D 1370,2626590339,1000,1548,1548,2.3746023,0.00043,-1,-1,-1,0,0,0,136,1,1,0,0.0000000,0.0000000,0.0000000,0,0,0,0
757214768496916 D 1371,2626591339,1000,1548,1548,2.3746023,0.00042,-1,-1,-1,0,0,0,136,1,1,0,0.0000000,0.0000000,0.0000000,0,0,0,0
757214769302458 D 1372,2626592339,1000,1548,1548,2.3746023,0.00040,-1,-1,-1,0,0,0,136,1,1,0,0.0000000,0.0000000,0.0000000,0,0,0,0
757214770299541 D 1373,2626593339,1000,1548,1548,2.3746023,0.00038,-1,-1,-1,0,0,0,136,1,1,0,0.0000000,0.0000000,0.0000000,0,0,0,0
757214771295291 D 1374,2626594339,1000,1548,1548,2.3746023,0.00037,-1,-1,-1,0,0,0,136,1,1,0,0.0000000,0.0000000,0.0000000,0,0,0,0
757214772302583 D 1375,2626595339,1000,1548,1548,2.3746023,0.00035,-1,-1,-1,0,0,0,136,1,1,0,0.0000000,0.0000000,0.0000000,0,0,0,0
757214773297333 D 1376,2626596339,1000,1548,1548,2.3746023,0.00034,-1,-1,-1,0,0,0,136,1,1,0,0.0000000,0.0000000,0.0000000,0,0,0,0
757214774305666 D 1377,2626597339,1000,1548,1548,2.3746023,0.00033,-1,-1,-1,0,0,0,136,1,1,0,0.0000000,0.0000000,0.0000000,0,0,0,0
757214775310000 D 1378,2626598339,1000,1548,1548,2.3746023,0.00031,-1,-1,-1,0,0,0,136,1,1,0,0.0000000,0.0000000,0.0000000,0,0,0,0
757214776306375 D 1379,2626599339,1000,1548,1548,2.3746023,0.00030,-1,-1,-1,0,0,0,136,1,1,0,0.0000000,0.0000000,0.0000000,0,0,0,0
757214777292291 D 1380,2626600339,1000,1548,1548,2.3746023,0.00029,-1,-1,-1,0,0,0,136,1,1,0,0.0000000,0.0000000,0.0000000,0,0,0,0
757214778318208 D 1381,2626601339,1000,1547,1547,2.3730683,-0.05987,-1,-1,-1,0,0,0,136,1,1,0,0.0000000,0.0000000,0.0000000,0,0,0,0
757214779672833 D 1382,2626602339,1000,1548,1548,2.3746023,0.00263,39,128,2074,0,0,0,136,1,1,0,0.0000000,0.0000000,0.0000000,0,0,0,0
757214780295166 D 1383,2626603339,1000,1548,1548,2.3746023,0.00252,-1,-1,-1,0,0,0,136,1,1,0,0.0000000,0.0000000,0.0000000,0,0,0,0
757214781310375 D 1384,2626604339,1000,1548,1548,2.3746023,0.00242,-1,-1,-1,0,0,0,136,1,1,0,0.0000000,0.0000000,0.0000000,0,0,0,0
757214782320750 D 1385,2626605339,1000,1548,1548,2.3746023,0.00233,-1,-1,-1,0,0,0,136,1,1,0,0.0000000,0.0000000,0.0000000,0,0,0,0
757214783588208 D 1386,2626606339,1000,1548,1548,2.3746023,0.00224,-1,-1,-1,0,0,0,136,1,1,0,0.0000000,0.0000000,0.0000000,0,0,0,0
757214784512291 D 1387,2626607339,1000,1547,1547,2.3730683,-0.05800,-1,-1,-1,0,0,0,136,1,1,0,0.0000000,0.0000000,0.0000000,0,0,0,0
757214785413041 D 1388,2626608339,1000,1548,1548,2.3746023,0.00442,-1,-1,-1,0,0,0,136,1,1,0,0.0000000,0.0000000,0.0000000,0,0,0,0
757214786384000 D 1389,2626609339,1000,1548,1548,2.3746023,0.00425,-1,-1,-1,0,0,0,136,1,1,0,0.0000000,0.0000000,0.0000000,0,0,0,0
757214787307583 D 1390,2626610339,1000,1548,1548,2.3746023,0.00408,-1,-1,-1,0,0,0,136,1,1,0,0.0000000,0.0000000,0.0000000,0,0,0,0
757214788357208 D 1391,2626611339,1000,1548,1548,2.3746023,0.00392,-1,-1,-1,0,0,0,136,1,1,0,0.0000000,0.0000000,0.0000000,0,0,0,0
757214789273958 D 1392,2626612339,1000,1548,1548,2.3746023,0.00377,-1,-1,-1,0,0,0,136,1,1,0,0.0000000,0.0000000,0.0000000,0,0,0,0
757214790322666 D 1393,2626613339,1000,1548,1548,2.3746023,0.00362,-1,-1,-1,0,0,0,136,1,1,0,0.0000000,0.0000000,0.0000000,0,0,0,0
757214791258416 D 1394,2626614339,1000,1548,1548,2.3746023,0.00348,-1,-1,-1,0,0,0,136,1,1,0,0.0000000,0.0000000,0.0000000,0,0,0,0
757214792286541 D 1395,2626615339,1000,1548,1548,2.3746023,0.00334,-1,-1,-1,0,0,0,136,1,1,0,0.0000000,0.0000000,0.0000000,0,0,0,0
757214793572583 D 1396,2626616339,1000,1548,1548,2.3746023,0.00321,-1,-1,-1,0,0,0,136,1,1,0,0.0000000,0.0000000,0.0000000,0,0,0,0
757214794528041 D 1397,2626617339,1000,1548,1548,2.3746023,0.00309,-1,-1,-1,0,0,0,136,1,1,0,0.0000000,0.0000000,0.0000000,0,0,0,0
757214795474291 D 1398,2626618339,1000,1548,1548,2.3746023,0.00297,-1,-1,-1,0,0,0,136,1,1,0,0.0000000,0.0000000,0.0000000,0,0,0,0
757214796598541 D 1399,2626619339,1000,1548,1548,2.3746023,0.00285,-1,-1,-1,0,0,0,136,1,1,0,0.0000000,0.0000000,0.0000000,0,0,0,0
757214797567875 D 1400,2626620339,1000,1548,1548,2.3746023,0.00274,-1,-1,-1,0,0,0,136,1,1,0,0.0000000,0.0000000,0.0000000,0,0,0,0
757214798466833 D 1401,2626621339,1000,1548,1548,2.3746023,0.00263,-1,-1,-1,0,0,0,136,1,1,0,0.0000000,0.0000000,0.0000000,0,0,0,0
757214799479625 D 1402,2626622339,1000,1548,1548,2.3746023,0.00253,-1,-1,-1,0,0,0,136,1,1,0,0.0000000,0.0000000,0.0000000,0,0,0,0
757214800495833 D 1403,2626623339,1000,1547,1547,2.3730683,-0.05772,-1,-1,-1,0,0,0,136,1,1,0,0.0000000,0.0000000,0.0000000,0,0,0,0
757214801461041 D 1404,2626624339,1000,1548,1548,2.3746023,0.00469,-1,-1,-1,0,0,0,136,1,1,0,0.0000000,0.0000000,0.0000000,0,0,0,0
757214802477833 D 1405,2626625339,1000,1548,1548,2.3746023,0.00451,-1,-1,-1,0,0,0,136,1,1,0,0.0000000,0.0000000,0.0000000,0,0,0,0
757214803476916 D 1406,2626626339,1000,1548,1548,2.3746023,0.00433,-1,-1,-1,0,0,0,136,1,1,0,0.0000000,0.0000000,0.0000000,0,0,0,0
757214804497875 D 1407,2626627339,1000,1548,1548,2.3746023,0.00416,-1,-1,-1,0,0,0,136,1,1,0,0.0000000,0.0000000,0.0000000,0,0,0,0
757214805457416 D 1408,2626628339,1000,1548,1548,2.3746023,0.00400,-1,-1,-1,0,0,0,136,1,1,0,0.0000000,0.0000000,0.0000000,0,0,0,0
757214806503041 D 1409,2626629339,1000,1548,1548,2.3746023,0.00384,-1,-1,-1,0,0,0,136,1,1,0,0.0000000,0.0000000,0.0000000,0,0,0,0
757214807485375 D 1410,2626630339,1000,1548,1548,2.3746023,0.00369,-1,-1,-1,0,0,0,136,1,1,0,0.0000000,0.0000000,0.0000000,0,0,0,0
757214808494125 D 1411,2626631339,1000,1548,1548,2.3746023,0.00355,-1,-1,-1,0,0,0,136,1,1,0,0.0000000,0.0000000,0.0000000,0,0,0,0
757214809505333 D 1412,2626632339,1000,1548,1548,2.3746023,0.00341,-1,-1,-1,0,0,0,136,1,1,0,0.0000000,0.0000000,0.0000000,0,0,0,0
757214810472958 D 1413,2626633339,1000,1548,1548,2.3746023,0.00327,-1,-1,-1,0,0,0,136,1,1,0,0.0000000,0.0000000,0.0000000,0,0,0,0
757214811484375 D 1414,2626634339,1000,1548,1548,2.3746023,0.00314,-1,-1,-1,0,0,0,136,1,1,0,0.0000000,0.0000000,0.0000000,0,0,0,0
757214812457166 D 1415,2626635339,1000,1548,1548,2.3746023,0.00302,-1,-1,-1,0,0,0,136,1,1,0,0.0000000,0.0000000,0.0000000,0,0,0,0
757214813472375 D 1416,2626636339,1000,1548,1548,2.3746023,0.00290,-1,-1,-1,0,0,0,136,1,1,0,0.0000000,0.0000000,0.0000000,0,0,0,0
757214814481833 D 1417,2626637339,1000,1549,1549,2.3761363,0.06294,-1,-1,-1,0,0,0,136,1,1,0,0.0000000,0.0000000,0.0000000,0,0,0,0
757214815493416 D 1418,2626638339,1000,1547,1547,2.3730683,-0.05983,-1,-1,-1,0,0,0,136,1,1,0,0.0000000,0.0000000,0.0000000,0,0,0,0
757214816514333 D 1419,2626639339,1000,1548,1548,2.3746023,0.00267,-1,-1,-1,0,0,0,136,1,1,0,0.0000000,0.0000000,0.0000000,0,0,0,0
757214817521166 D 1420,2626640339,1000,1548,1548,2.3746023,0.00256,-1,-1,-1,0,0,0,136,1,1,0,0.0000000,0.0000000,0.0000000,0,0,0,0
757214818530750 D 1421,2626641339,1000,1547,1547,2.3730683,-0.05769,-1,-1,-1,0,0,0,136,1,1,0,0.0000000,0.0000000,0.0000000,0,0,0,0
757214819516708 D 1422,2626642339,1000,1548,1548,2.3746023,0.00472,-1,-1,-1,0,0,0,136,1,1,0,0.0000000,0.0000000,0.0000000,0,0,0,0
757214820498458 D 1423,2626643339,1000,1548,1548,2.3746023,0.00454,-1,-1,-1,0,0,0,136,1,1,0,0.0000000,0.0000000,0.0000000,0,0,0,0
757214821547541 D 1424,2626644339,1000,1548,1548,2.3746023,0.00436,-1,-1,-1,0,0,0,136,1,1,0,0.0000000,0.0000000,0.0000000,0,0,0,0
757214822554416 D 1425,2626645339,1000,1548,1548,2.3746023,0.00419,-1,-1,-1,0,0,0,136,1,1,0,0.0000000,0.0000000,0.0000000,0,0,0,0
757214823586458 D 1426,2626646339,1000,1548,1548,2.3746023,0.00403,-1,-1,-1,0,0,0,136,1,1,0,0.0000000,0.0000000,0.0000000,0,0,0,0
757214824587125 D 1427,2626647339,1000,1548,1548,2.3746023,0.00387,-1,-1,-1,0,0,0,136,1,1,0,0.0000000,0.0000000,0.0000000,0,0,0,0
757214825520625 D 1428,2626648339,1000,1548,1548,2.3746023,0.00372,-1,-1,-1,0,0,0,136,1,1,0,0.0000000,0.0000000,0.0000000,0,0,0,0
757214826515000 D 1429,2626649339,1000,1548,1548,2.3746023,0.00357,-1,-1,-1,0,0,0,136,1,1,0,0.0000000,0.0000000,0.0000000,0,0,0,0
757214827682750 D 1430,2626650339,1000,1548,1548,2.3746023,0.00343,-1,-1,-1,0,0,0,136,1,1,0,0.0000000,0.0000000,0.0000000,0,0,0,0
757214828669541 D 1431,2626651339,1000,1548,1548,2.3746023,0.00330,-1,-1,-1,0,0,0,136,1,1,0,0.0000000,0.0000000,0.0000000,0,0,0,0
757214829890208 D 1432,2626652339,1000,1548,1548,2.3746023,0.00317,39,128,2075,0,0,0,136,1,1,0,0.0000000,0.0000000,0.0000000,0,0,0,0
757214830533791 D 1433,2626653339,1000,1548,1548,2.3746023,0.00304,-1,-1,-1,0,0,0,136,1,1,0,0.0000000,0.0000000,0.0000000,0,0,0,0
757214831518458 D 1434,2626654339,1000,1548,1548,2.3746023,0.00292,-1,-1,-1,0,0,0,136,1,1,0,0.0000000,0.0000000,0.0000000,0,0,0,0
757214832520208 D 1435,2626655339,1000,1548,1548,2.3746023,0.00281,-1,-1,-1,0,0,0,136,1,1,0,0.0000000,0.0000000,0.0000000,0,0,0,0
757214833586500 D 1436,2626656339,1000,1548,1548,2.3746023,0.00270,-1,-1,-1,0,0,0,136,1,1,0,0.0000000,0.0000000,0.0000000,0,0,0,0
757214834537041 D 1437,2626657339,1000,1548,1548,2.3746023,0.00259,-1,-1,-1,0,0,0,135,1,1,0,0.0000000,0.0000000,0.0000000,0,0,0,0
757214835558416 D 1438,2626658339,1000,1548,1548,2.3746023,0.00249,-1,-1,-1,0,0,0,136,1,1,0,0.0000000,0.0000000,0.0000000,0,0,0,0
757214836542250 D 1439,2626659339,1000,1548,1548,2.3746023,0.00239,-1,-1,-1,0,0,0,136,1,1,0,0.0000000,0.0000000,0.0000000,0,0,0,0
757214837511291 D 1440,2626660339,1000,1548,1548,2.3746023,0.00230,-1,-1,-1,0,0,0,136,1,1,0,0.0000000,0.0000000,0.0000000,0,0,0,0
757214838537458 D 1441,2626661339,1000,1548,1548,2.3746023,0.00221,-1,-1,-1,0,0,0,136,1,1,0,0.0000000,0.0000000,0.0000000,0,0,0,0
757214839535708 D 1442,2626662339,1000,1548,1548,2.3746023,0.00212,-1,-1,-1,0,0,0,136,1,1,0,0.0000000,0.0000000,0.0000000,0,0,0,0
757214840515041 D 1443,2626663339,1000,1548,1548,2.3746023,0.00204,-1,-1,-1,0,0,0,136,1,1,0,0.0000000,0.0000000,0.0000000,0,0,0,0
757214841529041 D 1444,2626664339,1000,1548,1548,2.3746023,0.00196,-1,-1,-1,0,0,0,135,1,1,0,0.0000000,0.0000000,0.0000000,0,0,0,0
757214842524166 D 1445,2626665339,1000,1548,1548,2.3746023,0.00188,-1,-1,-1,0,0,0,136,1,1,0,0.0000000,0.0000000,0.0000000,0,0,0,0
757214843531750 D 1446,2626666339,1000,1548,1548,2.3746023,0.00181,-1,-1,-1,0,0,0,136,1,1,0,0.0000000,0.0000000,0.0000000,0,0,0,0
757214844512208 D 1447,2626667339,1000,1549,1549,2.3761363,0.06189,-1,-1,-1,0,0,0,136,1,1,0,0.0000000,0.0000000,0.0000000,0,0,0,0
757214845526458 D 1448,2626668339,1000,1548,1548,2.3746023,-0.00069,-1,-1,-1,0,0,0,136,1,1,0,0.0000000,0.0000000,0.0000000,0,0,0,0
757214846520875 D 1449,2626669339,1000,1547,1547,2.3730683,-0.06081,-1,-1,-1,0,0,0,136,1,1,0,0.0000000,0.0000000,0.0000000,0,0,0,0
757214847519583 D 1450,2626670339,1000,1548,1548,2.3746023,0.00172,-1,-1,-1,0,0,0,136,1,1,0,0.0000000,0.0000000,0.0000000,0,0,0,0
757214848583916 D 1451,2626671339,1000,1548,1548,2.3746023,0.00166,-1,-1,-1,0,0,0,136,1,1,0,0.0000000,0.0000000,0.0000000,0,0,0,0
757214849637041 D 1452,2626672339,1000,1548,1548,2.3746023,0.00159,-1,-1,-1,0,0,0,136,1,1,0,0.0000000,0.0000000,0.0000000,0,0,0,0
757214850597750 D 1453,2626673339,1000,1548,1548,2.3746023,0.00153,-1,-1,-1,0,0,0,136,1,1,0,0.0000000,0.0000000,0.0000000,0,0,0,0
757214851611375 D 1454,2626674339,1000,1548,1548,2.3746023,0.00147,-1,-1,-1,0,0,0,136,1,1,0,0.0000000,0.0000000,0.0000000,0,0,0,0
757214852596875 D 1455,2626675339,1000,1548,1548,2.3746023,0.00141,-1,-1,-1,0,0,0,136,1,1,0,0.0000000,0.0000000,0.0000000,0,0,0,0
757214853605291 D 1456,2626676339,1000,1548,1548,2.3746023,0.00136,-1,-1,-1,0,0,0,136,1,1,0,0.0000000,0.0000000,0.0000000,0,0,0,0
757214854603000 D 1457,2626677339,1000,1548,1548,2.3746023,0.00130,-1,-1,-1,0,0,0,136,1,1,0,0.0000000,0.0000000,0.0000000,0,0,0,0
757214855599541 D 1458,2626678339,1000,1549,1549,2.3761363,0.06140,-1,-1,-1,0,0,0,136,1,1,0,0.0000000,0.0000000,0.0000000,0,0,0,0
757214856603916 D 1459,2626679339,1000,1548,1548,2.3746023,-0.00116,-1,-1,-1,0,0,0,136,1,1,0,0.0000000,0.0000000,0.0000000,0,0,0,0
757214857597875 D 1460,2626680339,1000,1547,1547,2.3730683,-0.06126,-1,-1,-1,0,0,0,136,1,1,0,0.0000000,0.0000000,0.0000000,0,0,0,0
757214858608750 D 1461,2626681339,1000,1548,1548,2.3746023,0.00129,-1,-1,-1,0,0,0,136,1,1,0,0.0000000,0.0000000,0.0000000,0,0,0,0
757214859603041 D 1462,2626682339,1000,1548,1548,2.3746023,0.00124,-1,-1,-1,0,0,0,136,1,1,0,0.0000000,0.0000000,0.0000000,0,0,0,0
757214860584041 D 1463,2626683339,1000,1548,1548,2.3746023,0.00119,-1,-1,-1,0,0,0,136,1,1,0,0.0000000,0.0000000,0.0000000,0,0,0,0
757214861616166 D 1464,2626684339,1000,1548,1548,2.3746023,0.00114,-1,-1,-1,0,0,0,136,1,1,0,0.0000000,0.0000000,0.0000000,0,0,0,0
757214862606041 D 1465,2626685339,1000,1548,1548,2.3746023,0.00110,-1,-1,-1,0,0,0,136,1,1,0,0.0000000,0.0000000,0.0000000,0,0,0,0
757214863600208 D 1466,2626686339,1000,1548,1548,2.3746023,0.00106,-1,-1,-1,0,0,0,136,1,1,0,0.0000000,0.0000000,0.0000000,0,0,0,0
757214864582375 D 1467,2626687339,1000,1548,1548,2.3746023,0.00102,-1,-1,-1,0,0,0,136,1,1,0,0.0000000,0.0000000,0.0000000,0,0,0,0
757214865603333 D 1468,2626688339,1000,1548,1548,2.3746023,0.00098,-1,-1,-1,0,0,0,136,1,1,0,0.0000000,0.0000000,0.0000000,0,0,0,0
757214866631875 D 1469,2626689339,1000,1548,1548,2.3746023,0.00094,-1,-1,-1,0,0,0,136,1,1,0,0.0000000,0.0000000,0.0000000,0,0,0,0
757214867638208 D 1470,2626690339,1000,1548,1548,2.3746023,0.00090,-1,-1,-1,0,0,0,136,1,1,0,0.0000000,0.0000000,0.0000000,0,0,0,0
757214868636458 D 1471,2626691339,1000,1548,1548,2.3746023,0.00087,-1,-1,-1,0,0,0,136,1,1,0,0.0000000,0.0000000,0.0000000,0,0,0,0
757214869614958 D 1472,2626692339,1000,1548,1548,2.3746023,0.00083,-1,-1,-1,0,0,0,136,1,1,0,0.0000000,0.0000000,0.0000000,0,0,0,0
757214870599708 D 1473,2626693339,1000,1548,1548,2.3746023,0.00080,-1,-1,-1,0,0,0,136,1,1,0,0.0000000,0.0000000,0.0000000,0,0,0,0
757214871627250 D 1474,2626694339,1000,1548,1548,2.3746023,0.00077,-1,-1,-1,0,0,0,136,1,1,0,0.0000000,0.0000000,0.0000000,0,0,0,0
757214872595375 D 1475,2626695339,1000,1549,1549,2.3761363,0.06089,-1,-1,-1,0,0,0,136,1,1,0,0.0000000,0.0000000,0.0000000,0,0,0,0
757214873613708 D 1476,2626696339,1000,1548,1548,2.3746023,-0.00165,-1,-1,-1,0,0,0,136,1,1,0,0.0000000,0.0000000,0.0000000,0,0,0,0
757214874612250 D 1477,2626697339,1000,1548,1548,2.3746023,-0.00159,-1,-1,-1,0,0,0,136,1,1,0,0.0000000,0.0000000,0.0000000,0,0,0,0
757214875620041 D 1478,2626698339,1000,1548,1548,2.3746023,-0.00152,-1,-1,-1,0,0,0,136,1,1,0,0.0000000,0.0000000,0.0000000,0,0,0,0
757214876596833 D 1479,2626699339,1000,1548,1548,2.3746023,-0.00146,-1,-1,-1,0,0,0,136,1,1,0,0.0000000,0.0000000,0.0000000,0,0,0,0
757214877614291 D 1480,2626700339,1000,1548,1548,2.3746023,-0.00141,-1,-1,-1,0,0,0,136,1,1,0,0.0000000,0.0000000,0.0000000,0,0,0,0
757214878621875 D 1481,2626701339,1000,1548,1548,2.3746023,-0.00135,-1,-1,-1,0,0,0,136,1,1,0,0.0000000,0.0000000,0.0000000,0,0,0,0
757214879987250 D 1482,2626702339,1000,1548,1548,2.3746023,-0.00130,39,128,2074,0,0,0,136,1,1,0,0.0000000,0.0000000,0.0000000,0,0,0,0
757214880642875 D 1483,2626703339,1000,1548,1548,2.3746023,-0.00125,-1,-1,-1,0,0,0,136,1,1,0,0.0000000,0.0000000,0.0000000,0,0,0,0
757214881639833 D 1484,2626704339,1000,1548,1548,2.3746023,-0.00120,-1,-1,-1,0,0,0,136,1,1,0,0.0000000,0.0000000,0.0000000,0,0,0,0
757214882658875 D 1485,2626705339,1000,1549,1549,2.3761363,0.05900,-1,-1,-1,0,0,0,136,1,1,0,0.0000000,0.0000000,0.0000000,0,0,0,0
757214883630125 D 1486,2626706339,1000,1548,1548,2.3746023,-0.00346,-1,-1,-1,0,0,0,136,1,1,0,0.0000000,0.0000000,0.0000000,0,0,0,0
757214884442041 D 1487,2626707339,1000,1548,1548,2.3746023,-0.00333,-1,-1,-1,0,0,0,136,1,1,0,0.0000000,0.0000000,0.0000000,0,0,0,0
757214885450125 D 1488,2626708339,1000,1548,1548,2.3746023,-0.00320,-1,-1,-1,0,0,0,136,1,1,0,0.0000000,0.0000000,0.0000000,0,0,0,0
757214886637083 D 1489,2626709339,1000,1548,1548,2.3746023,-0.00307,-1,-1,-1,0,0,0,136,1,1,0,0.0000000,0.0000000,0.0000000,0,0,0,0
757214887601041 D 1490,2626710339,1000,1548,1548,2.3746023,-0.00295,-1,-1,-1,0,0,0,136,1,1,0,0.0000000,0.0000000,0.0000000,0,0,0,0
757214888607083 D 1491,2626711339,1000,1548,1548,2.3746023,-0.00284,-1,-1,-1,0,0,0,136,1,1,0,0.0000000,0.0000000,0.0000000,0,0,0,0
757214889611083 D 1492,2626712339,1000,1548,1548,2.3746023,-0.00273,-1,-1,-1,0,0,0,136,1,1,0,0.0000000,0.0000000,0.0000000,0,0,0,0
757214890616875 D 1493,2626713339,1000,1548,1548,2.3746023,-0.00262,-1,-1,-1,0,0,0,136,1,1,0,0.0000000,0.0000000,0.0000000,0,0,0,0
757214891615958 D 1494,2626714339,1000,1548,1548,2.3746023,-0.00252,-1,-1,-1,0,0,0,136,1,1,0,0.0000000,0.0000000,0.0000000,0,0,0,0
757214892608208 D 1495,2626715339,1000,1548,1548,2.3746023,-0.00242,-1,-1,-1,0,0,0,136,1,1,0,0.0000000,0.0000000,0.0000000,0,0,0,0
757214893614500 D 1496,2626716339,1000,1548,1548,2.3746023,-0.00232,-1,-1,-1,0,0,0,136,1,1,0,0.0000000,0.0000000,0.0000000,0,0,0,0
757214894610333 D 1497,2626717339,1000,1548,1548,2.3746023,-0.00223,-1,-1,-1,0,0,0,136,1,1,0,0.0000000,0.0000000,0.0000000,0,0,0,0
757214895608000 D 1498,2626718339,1000,1548,1548,2.3746023,-0.00214,-1,-1,-1,0,0,0,136,1,1,0,0.0000000,0.0000000,0.0000000,0,0,0,0
757214896597625 D 1499,2626719339,1000,1548,1548,2.3746023,-0.00206,-1,-1,-1,0,0,0,136,1,1,0,0.0000000,0.0000000,0.0000000,0,0,0,0
757214897622916 D 1500,2626720339,1000,1548,1548,2.3746023,-0.00198,-1,-1,-1,0,0,0,136,1,1,0,0.0000000,0.0000000,0.0000000,0,0,0,0
757214899094500 D 1501,2626721339,1000,1548,1548,2.3746023,-0.00190,-1,-1,-1,0,0,0,136,1,1,0,0.0000000,0.0000000,0.0000000,0,0,0,0
757214899818916 D 1502,2626722339,1000,1548,1548,2.3746023,-0.00183,-1,-1,-1,0,0,0,136,1,1,0,0.0000000,0.0000000,0.0000000,0,0,0,0
757214900518833 D 1503,2626723339,1000,1548,1548,2.3746023,-0.00176,-1,-1,-1,0,0,0,136,1,1,0,0.0000000,0.0000000,0.0000000,0,0,0,0
757214901594083 D 1504,2626724339,1000,1548,1548,2.3746023,-0.00169,-1,-1,-1,0,0,0,136,1,1,0,0.0000000,0.0000000,0.0000000,0,0,0,0
757214902586125 D 1505,2626725339,1000,1548,1548,2.3746023,-0.00162,-1,-1,-1,0,0,0,136,1,1,0,0.0000000,0.0000000,0.0000000,0,0,0,0
757214903604875 D 1506,2626726339,1000,1548,1548,2.3746023,-0.00156,-1,-1,-1,0,0,0,136,1,1,0,0.0000000,0.0000000,0.0000000,0,0,0,0
757214904615750 D 1507,2626727339,1000,1548,1548,2.3746023,-0.00150,-1,-1,-1,0,0,0,136,1,1,0,0.0000000,0.0000000,0.0000000,0,0,0,0
757214905593875 D 1508,2626728339,1000,1548,1548,2.3746023,-0.00144,-1,-1,-1,0,0,0,136,1,1,0,0.0000000,0.0000000,0.0000000,0,0,0,0
757214906600208 D 1509,2626729339,1000,1548,1548,2.3746023,-0.00138,-1,-1,-1,0,0,0,136,1,1,0,0.0000000,0.0000000,0.0000000,0,0,0,0
757214907602500 D 1510,2626730339,1000,1547,1547,2.3730683,-0.06147,-1,-1,-1,0,0,0,136,1,1,0,0.0000000,0.0000000,0.0000000,0,0,0,0
757214908580291 D 1511,2626731339,1000,1548,1548,2.3746023,0.00108,-1,-1,-1,0,0,0,136,1,1,0,0.0000000,0.0000000,0.0000000,0,0,0,0
757214909615458 D 1512,2626732339,1000,1548,1548,2.3746023,0.00104,-1,-1,-1,0,0,0,136,1,1,0,0.0000000,0.0000000,0.0000000,0,0,0,0
757214910606083 D 1513,2626733339,1000,1548,1548,2.3746023,0.00100,-1,-1,-1,0,0,0,136,1,1,0,0.0000000,0.0000000,0.0000000,0,0,0,0
757214911608458 D 1514,2626734339,1000,1548,1548,2.3746023,0.00096,-1,-1,-1,0,0,0,136,1,1,0,0.0000000,0.0000000,0.0000000,0,0,0,0
757214912594041 D 1515,2626735339,1000,1548,1548,2.3746023,0.00092,-1,-1,-1,0,0,0,136,1,1,0,0.0000000,0.0000000,0.0000000,0,0,0,0
757214913614375 D 1516,2626736339,1000,1548,1548,2.3746023,0.00089,-1,-1,-1,0,0,0,136,1,1,0,0.0000000,0.0000000,0.0000000,0,0,0,0
757214914710166 D 1517,2626737339,1000,1548,1548,2.3746023,0.00085,-1,-1,-1,0,0,0,136,1,1,0,0.0000000,0.0000000,0.0000000,0,0,0,0
757214915650500 D 1518,2626738339,1000,1548,1548,2.3746023,0.00082,-1,-1,-1,0,0,0,136,1,1,0,0.0000000,0.0000000,0.0000000,0,0,0,0
757214916645375 D 1519,2626739339,1000,1548,1548,2.3746023,0.00079,-1,-1,-1,0,0,0,136,1,1,0,0.0000000,0.0000000,0.0000000,0,0,0,0
757214917618875 D 1520,2626740339,1000,1548,1548,2.3746023,0.00076,-1,-1,-1,0,0,0,136,1,1,0,0.0000000,0.0000000,0.0000000,0,0,0,0
757214918620125 D 1521,2626741339,1000,1548,1548,2.3746023,0.00073,-1,-1,-1,0,0,0,136,1,1,0,0.0000000,0.0000000,0.0000000,0,0,0,0
757214919604875 D 1522,2626742339,1000,1548,1548,2.3746023,0.00070,-1,-1,-1,0,0,0,136,1,1,0,0.0000000,0.0000000,0.0000000,0,0,0,0
757214920611208 D 1523,2626743339,1000,1548,1548,2.3746023,0.00067,-1,-1,-1,0,0,0,136,1,1,0,0.0000000,0.0000000,0.0000000,0,0,0,0
757214921595041 D 1524,2626744339,1000,1549,1549,2.3761363,0.06079,-1,-1,-1,0,0,0,136,1,1,0,0.0000000,0.0000000,0.0000000,0,0,0,0
757214922613500 D 1525,2626745339,1000,1548,1548,2.3746023,-0.00174,-1,-1,-1,0,0,0,136,1,1,0,0.0000000,0.0000000,0.0000000,0,0,0,0
757214923595500 D 1526,2626746339,1000,1548,1548,2.3746023,-0.00167,-1,-1,-1,0,0,0,136,1,1,0,0.0000000,0.0000000,0.0000000,0,0,0,0
757214924606416 D 1527,2626747339,1000,1548,1548,2.3746023,-0.00161,-1,-1,-1,0,0,0,136,1,1,0,0.0000000,0.0000000,0.0000000,0,0,0,0
757214925617500 D 1528,2626748339,1000,1548,1548,2.3746023,-0.00154,-1,-1,-1,0,0,0,136,1,1,0,0.0000000,0.0000000,0.0000000,0,0,0,0
757214926585583 D 1529,2626749339,1000,1548,1548,2.3746023,-0.00148,-1,-1,-1,0,0,0,136,1,1,0,0.0000000,0.0000000,0.0000000,0,0,0,0
757214927613708 D 1530,2626750339,1000,1549,1549,2.3761363,0.05872,-1,-1,-1,0,0,0,136,1,1,0,0.0000000,0.0000000,0.0000000,0,0,0,0
757214928605208 D 1531,2626751339,1000,1548,1548,2.3746023,-0.00373,-1,-1,-1,0,0,0,136,1,1,0,0.0000000,0.0000000,0.0000000,0,0,0,0
757214929961416 D 1532,2626752339,1000,1548,1548,2.3746023,-0.00358,39,128,2074,0,0,0,136,1,1,0,0.0000000,0.0000000,0.0000000,0,0,0,0
757214930598875 D 1533,2626753339,1000,1549,1549,2.3761363,0.05671,-1,-1,-1,0,0,0,136,1,1,0,0.0000000,0.0000000,0.0000000,0,0,0,0
757214931679791 D 1534,2626754339,1000,1548,1548,2.3746023,-0.00566,-1,-1,-1,0,0,0,136,1,1,0,0.0000000,0.0000000,0.0000000,0,0,0,0
757214932643500 D 1535,2626755339,1000,1548,1548,2.3746023,-0.00544,-1,-1,-1,0,0,0,136,1,1,0,0.0000000,0.0000000,0.0000000,0,0,0,0
757214933617375 D 1536,2626756339,1000,1548,1548,2.3746023,-0.00523,-1,-1,-1,0,0,0,136,1,1,0,0.0000000,0.0000000,0.0000000,0,0,0,0
757214934664250 D 1537,2626757339,1000,1548,1548,2.3746023,-0.00502,-1,-1,-1,0,0,0,136,1,1,0,0.0000000,0.0000000,0.0000000,0,0,0,0
757214935634375 D 1538,2626758339,1000,1548,1548,2.3746023,-0.00483,-1,-1,-1,0,0,0,136,1,1,0,0.0000000,0.0000000,0.0000000,0,0,0,0
757214936656916 D 1539,2626759339,1000,1548,1548,2.3746023,-0.00464,-1,-1,-1,0,0,0,136,1,1,0,0.0000000,0.0000000,0.0000000,0,0,0,0
757214937632166 D 1540,2626760339,1000,1548,1548,2.3746023,-0.00446,-1,-1,-1,0,0,0,136,1,1,0,0.0000000,0.0000000,0.0000000,0,0,0,0
757214938612750 D 1541,2626761339,1000,1548,1548,2.3746023,-0.00428,-1,-1,-1,0,0,0,136,1,1,0,0.0000000,0.0000000,0.0000000,0,0,0,0
757214939643583 D 1542,2626762339,1000,1548,1548,2.3746023,-0.00411,-1,-1,-1,0,0,0,136,1,1,0,0.0000000,0.0000000,0.0000000,0,0,0,0
757214940640666 D 1543,2626763339,1000,1548,1548,2.3746023,-0.00395,-1,-1,-1,0,0,0,136,1,1,0,0.0000000,0.0000000,0.0000000,0,0,0,0
757214941640000 D 1544,2626764339,1000,1548,1548,2.3746023,-0.00380,-1,-1,-1,0,0,0,136,1,1,0,0.0000000,0.0000000,0.0000000,0,0,0,0
757214942643083 D 1545,2626765339,1000,1548,1548,2.3746023,-0.00365,-1,-1,-1,0,0,0,136,1,1,0,0.0000000,0.0000000,0.0000000,0,0,0,0
757214943646416 D 1546,2626766339,1000,1548,1548,2.3746023,-0.00350,-1,-1,-1,0,0,0,136,1,1,0,0.0000000,0.0000000,0.0000000,0,0,0,0
757214944639666 D 1547,2626767339,1000,1548,1548,2.3746023,-0.00337,-1,-1,-1,0,0,0,136,1,1,0,0.0000000,0.0000000,0.0000000,0,0,0,0
757214945633625 D 1548,2626768339,1000,1548,1548,2.3746023,-0.00324,-1,-1,-1,0,0,0,136,1,1,0,0.0000000,0.0000000,0.0000000,0,0,0,0
757214946641541 D 1549,2626769339,1000,1547,1547,2.3730683,-0.06326,-1,-1,-1,0,0,0,136,1,1,0,0.0000000,0.0000000,0.0000000,0,0,0,0
757214947607625 D 1550,2626770339,1000,1548,1548,2.3746023,-0.00063,-1,-1,-1,0,0,0,136,1,1,0,0.0000000,0.0000000,0.0000000,0,0,0,0
757214948631083 D 1551,2626771339,1000,1548,1548,2.3746023,-0.00060,-1,-1,-1,0,0,0,136,1,1,0,0.0000000,0.0000000,0.0000000,0,0,0,0
757214949888333 D 1552,2626772339,1000,1548,1548,2.3746023,-0.00058,-1,-1,-1,0,0,0,136,1,1,0,0.0000000,0.0000000,0.0000000,0,0,0,0
757214950847166 D 1553,2626773339,1000,1548,1548,2.3746023,-0.00056,-1,-1,-1,0,0,0,136,1,1,0,0.0000000,0.0000000,0.0000000,0,0,0,0
757214951703625 D 1554,2626774339,1000,1548,1548,2.3746023,-0.00054,-1,-1,-1,0,0,0,136,1,1,0,0.0000000,0.0000000,0.0000000,0,0,0,0
757214952685166 D 1555,2626775339,1000,1548,1548,2.3746023,-0.00051,-1,-1,-1,0,0,0,136,1,1,0,0.0000000,0.0000000,0.0000000,0,0,0,0
757214953526916 D 1556,2626776339,1000,1547,1547,2.3730683,-0.06064,-1,-1,-1,0,0,0,135,1,1,0,0.0000000,0.0000000,0.0000000,0,0,0,0
757214954568541 D 1557,2626777339,1000,1548,1548,2.3746023,0.00188,-1,-1,-1,0,0,0,136,1,1,0,0.0000000,0.0000000,0.0000000,0,0,0,0
757214956082708 D 1558,2626778339,1000,1548,1548,2.3746023,0.00181,-1,-1,-1,0,0,0,136,1,1,0,0.0000000,0.0000000,0.0000000,0,0,0,0
757214957229833 D 1559,2626779339,1000,1548,1548,2.3746023,0.00174,-1,-1,-1,0,0,0,136,1,1,0,0.0000000,0.0000000,0.0000000,0,0,0,0
757214958130250 D 1560,2626780339,1000,1548,1548,2.3746023,0.00167,-1,-1,-1,0,0,0,136,1,1,0,0.0000000,0.0000000,0.0000000,0,0,0,0
757214958792333 D 1561,2626781339,1000,1548,1548,2.3746023,0.00161,-1,-1,-1,0,0,0,136,1,1,0,0.0000000,0.0000000,0.0000000,0,0,0,0
757214959758708 D 1562,2626782339,1000,1548,1548,2.3746023,0.00154,-1,-1,-1,0,0,0,136,1,1,0,0.0000000,0.0000000,0.0000000,0,0,0,0
757214960713500 D 1563,2626783339,1000,1548,1548,2.3746023,0.00148,-1,-1,-1,0,0,0,136,1,1,0,0.0000000,0.0000000,0.0000000,0,0,0,0
757214961761208 D 1564,2626784339,1000,1548,1548,2.3746023,0.00142,-1,-1,-1,0,0,0,136,1,1,0,0.0000000,0.0000000,0.0000000,0,0,0,0
757214962758458 D 1565,2626785339,1000,1548,1548,2.3746023,0.00137,-1,-1,-1,0,0,0,136,1,1,0,0.0000000,0.0000000,0.0000000,0,0,0,0
757214963845416 D 1566,2626786339,1000,1549,1549,2.3761363,0.06146,-1,-1,-1,0,0,0,136,1,1,0,0.0000000,0.0000000,0.0000000,0,0,0,0
757214965637000 D 1567,2626787339,1000,1548,1548,2.3746023,-0.00110,-1,-1,-1,0,0,0,136,1,1,0,0.0000000,0.0000000,0.0000000,0,0,0,0
757214966548458 D 1568,2626788339,1000,1548,1548,2.3746023,-0.00105,-1,-1,-1,0,0,0,136,1,1,0,0.0000000,0.0000000,0.0000000,0,0,0,0
757214967216666 D 1569,2626789339,1000,1548,1548,2.3746023,-0.00101,-1,-1,-1,0,0,0,136,1,1,0,0.0000000,0.0000000,0.0000000,0,0,0,0
757214968101625 D 1570,2626790339,1000,1548,1548,2.3746023,-0.00097,-1,-1,-1,0,0,0,136,1,1,0,0.0000000,0.0000000,0.0000000,0,0,0,0
757214968939083 D 1571,2626791339,1000,1549,1549,2.3761363,0.05921,-1,-1,-1,0,0,0,136,1,1,0,0.0000000,0.0000000,0.0000000,0,0,0,0
757214969612916 D 1572,2626792339,1000,1548,1548,2.3746023,-0.00326,-1,-1,-1,0,0,0,136,1,1,0,0.0000000,0.0000000,0.0000000,0,0,0,0
757214970619958 D 1573,2626793339,1000,1548,1548,2.3746023,-0.00313,-1,-1,-1,0,0,0,136,1,1,0,0.0000000,0.0000000,0.0000000,0,0,0,0
757214971686291 D 1574,2626794339,1000,1548,1548,2.3746023,-0.00301,-1,-1,-1,0,0,0,136,1,1,0,0.0000000,0.0000000,0.0000000,0,0,0,0
757214972718375 D 1575,2626795339,1000,1548,1548,2.3746023,-0.00289,-1,-1,-1,0,0,0,136,1,1,0,0.0000000,0.0000000,0.0000000,0,0,0,0
757214973687750 D 1576,2626796339,1000,1548,1548,2.3746023,-0.00277,-1,-1,-1,0,0,0,136,1,1,0,0.0000000,0.0000000,0.0000000,0,0,0,0
757214974651916 D 1577,2626797339,1000,1548,1548,2.3746023,-0.00267,-1,-1,-1,0,0,0,136,1,1,0,0.0000000,0.0000000,0.0000000,0,0,0,0
757214975784750 D 1578,2626798339,1000,1548,1548,2.3746023,-0.00256,-1,-1,-1,0,0,0,136,1,1,0,0.0000000,0.0000000,0.0000000,0,0,0,0
757214976897708 D 1579,2626799339,1000,1548,1548,2.3746023,-0.00246,-1,-1,-1,0,0,0,136,1,1,0,0.0000000,0.0000000,0.0000000,0,0,0,0
757214977829416 D 1580,2626800339,1000,1548,1548,2.3746023,-0.00236,-1,-1,-1,0,0,0,136,1,1,0,0.0000000,0.0000000,0.0000000,0,0,0,0
757214978736958 D 1581,2626801339,1000,1548,1548,2.3746023,-0.00227,-1,-1,-1,0,0,0,136,1,1,0,0.0000000,0.0000000,0.0000000,0,0,0,0
757214980339875 D 1582,2626802339,1000,1548,1548,2.3746023,-0.00218,39,128,2075,0,0,0,136,1,1,0,0.0000000,0.0000000,0.0000000,0,0,0,0
757214981465125 D 1583,2626803339,1000,1548,1548,2.3746023,-0.00210,-1,-1,-1,0,0,0,136,1,1,0,0.0000000,0.0000000,0.0000000,0,0,0,0
757214982179875 D 1584,2626804339,1000,1548,1548,2.3746023,-0.00201,-1,-1,-1,0,0,0,135,1,1,0,0.0000000,0.0000000,0.0000000,0,0,0,0
757214982871791 D 1585,2626805339,1000,1547,1547,2.3730683,-0.06208,-1,-1,-1,0,0,0,136,1,1,0,0.0000000,0.0000000,0.0000000,0,0,0,0
757214984873250 D 1586,2626806339,1000,1547,1547,2.3730683,-0.05965,-1,-1,-1,0,0,0,136,1,1,0,0.0000000,0.0000000,0.0000000,0,0,0,0
757214985528500 D 1587,2626807339,1000,1548,1548,2.3746023,0.00284,-1,-1,-1,0,0,0,136,1,1,0,0.0000000,0.0000000,0.0000000,0,0,0,0
757214986162916 D 1588,2626808339,1000,1548,1548,2.3746023,0.00273,-1,-1,-1,0,0,0,136,1,1,0,0.0000000,0.0000000,0.0000000,0,0,0,0
757214986681333 D 1589,2626809339,1000,1548,1548,2.3746023,0.00262,-1,-1,-1,0,0,0,136,1,1,0,0.0000000,0.0000000,0.0000000,0,0,0,0
757214987767625 D 1590,2626810339,1000,1548,1548,2.3746023,0.00252,-1,-1,-1,0,0,0,136,1,1,0,0.0000000,0.0000000,0.0000000,0,0,0,0
757214988705250 D 1591,2626811339,1000,1548,1548,2.3746023,0.00242,-1,-1,-1,0,0,0,136,1,1,0,0.0000000,0.0000000,0.0000000,0,0,0,0
757214989706041 D 1592,2626812339,1000,1548,1548,2.3746023,0.00232,-1,-1,-1,0,0,0,136,1,1,0,0.0000000,0.0000000,0.0000000,0,0,0,0
757214990667875 D 1593,2626813339,1000,1548,1548,2.3746023,0.00223,-1,-1,-1,0,0,0,136,1,1,0,0.0000000,0.0000000,0.0000000,0,0,0,0
757214991689375 D 1594,2626814339,1000,1547,1547,2.3730683,-0.05800,-1,-1,-1,0,0,0,136,1,1,0,0.0000000,0.0000000,0.0000000,0,0,0,0
757214992676958 D 1595,2626815339,1000,1548,1548,2.3746023,0.00442,-1,-1,-1,0,0,0,136,1,1,0,0.0000000,0.0000000,0.0000000,0,0,0,0
757214993698375 D 1596,2626816339,1000,1548,1548,2.3746023,0.00425,-1,-1,-1,0,0,0,136,1,1,0,0.0000000,0.0000000,0.0000000,0,0,0,0
757214994648916 D 1597,2626817339,1000,1548,1548,2.3746023,0.00408,-1,-1,-1,0,0,0,136,1,1,0,0.0000000,0.0000000,0.0000000,0,0,0,0
757214995585375 D 1598,2626818339,1000,1548,1548,2.3746023,0.00392,-1,-1,-1,0,0,0,136,1,1,0,0.0000000,0.0000000,0.0000000,0,0,0,0
757214996556291 D 1599,2626819339,1000,1548,1548,2.3746023,0.00377,-1,-1,-1,0,0,0,136,1,1,0,0.0000000,0.0000000,0.0000000,0,0,0,0
757214997554750 D 1600,2626820339,1000,1548,1548,2.3746023,0.00362,-1,-1,-1,0,0,0,136,1,1,0,0.0000000,0.0000000,0.0000000,0,0,0,0
757214998586291 D 1601,2626821339,1000,1548,1548,2.3746023,0.00348,-1,-1,-1,0,0,0,136,1,1,0,0.0000000,0.0000000,0.0000000,0,0,0,0
757214999576916 D 1602,2626822339,1000,1548,1548,2.3746023,0.00334,-1,-1,-1,0,0,0,136,1,1,0,0.0000000,0.0000000,0.0000000,0,0,0,0
757215000568000 D 1603,2626823339,1000,1548,1548,2.3746023,0.00321,-1,-1,-1,0,0,0,136,1,1,0,0.0000000,0.0000000,0.0000000,0,0,0,0
757215001577166 D 1604,2626824339,1000,1548,1548,2.3746023,0.00308,-1,-1,-1,0,0,0,136,1,1,0,0.0000000,0.0000000,0.0000000,0,0,0,0
757215002688166 D 1605,2626825339,1000,1548,1548,2.3746023,0.00296,-1,-1,-1,0,0,0,136,1,1,0,0.0000000,0.0000000,0.0000000,0,0,0,0
757215003533083 D 1606,2626826339,1000,1548,1548,2.3746023,0.00285,-1,-1,-1,0,0,0,136,1,1,0,0.0000000,0.0000000,0.0000000,0,0,0,0
757215004616125 D 1607,2626827339,1000,1548,1548,2.3746023,0.00273,-1,-1,-1,0,0,0,136,1,1,0,0.0000000,0.0000000,0.0000000,0,0,0,0
757215005690791 D 1608,2626828339,1000,1549,1549,2.3761363,0.06278,-1,-1,-1,0,0,0,136,1,1,0,0.0000000,0.0000000,0.0000000,0,0,0,0
757215006592166 D 1609,2626829339,1000,1547,1547,2.3730683,-0.05998,-1,-1,-1,0,0,0,136,1,1,0,0.0000000,0.0000000,0.0000000,0,0,0,0
757215007555500 D 1610,2626830339,1000,1548,1548,2.3746023,0.00252,-1,-1,-1,0,0,0,136,1,1,0,0.0000000,0.0000000,0.0000000,0,0,0,0
757215008551250 D 1611,2626831339,1000,1548,1548,2.3746023,0.00242,-1,-1,-1,0,0,0,136,1,1,0,0.0000000,0.0000000,0.0000000,0,0,0,0
757215009608291 D 1612,2626832339,1000,1548,1548,2.3746023,0.00232,-1,-1,-1,0,0,0,136,1,1,0,0.0000000,0.0000000,0.0000000,0,0,0,0
757215010731666 D 1613,2626833339,1000,1548,1548,2.3746023,0.00223,-1,-1,-1,0,0,0,136,1,1,0,0.0000000,0.0000000,0.0000000,0,0,0,0
757215011593375 D 1614,2626834339,1000,1548,1548,2.3746023,0.00215,-1,-1,-1,0,0,0,136,1,1,0,0.0000000,0.0000000,0.0000000,0,0,0,0
757215012600791 D 1615,2626835339,1000,1548,1548,2.3746023,0.00206,-1,-1,-1,0,0,0,136,1,1,0,0.0000000,0.0000000,0.0000000,0,0,0,0
757215013612208 D 1616,2626836339,1000,1548,1548,2.3746023,0.00198,-1,-1,-1,0,0,0,136,1,1,0,0.0000000,0.0000000,0.0000000,0,0,0,0
757215014605708 D 1617,2626837339,1000,1548,1548,2.3746023,0.00190,-1,-1,-1,0,0,0,136,1,1,0,0.0000000,0.0000000,0.0000000,0,0,0,0
757215015698916 D 1618,2626838339,1000,1548,1548,2.3746023,0.00183,-1,-1,-1,0,0,0,136,1,1,0,0.0000000,0.0000000,0.0000000,0,0,0,0
757215016492000 D 1619,2626839339,1000,1548,1548,2.3746023,0.00176,-1,-1,-1,0,0,0,136,1,1,0,0.0000000,0.0000000,0.0000000,0,0,0,0
757215017643125 D 1620,2626840339,1000,1547,1547,2.3730683,-0.05846,-1,-1,-1,0,0,0,136,1,1,0,0.0000000,0.0000000,0.0000000,0,0,0,0
757215018565125 D 1621,2626841339,1000,1548,1548,2.3746023,0.00398,-1,-1,-1,0,0,0,136,1,1,0,0.0000000,0.0000000,0.0000000,0,0,0,0
757215019671500 D 1622,2626842339,1000,1548,1548,2.3746023,0.00382,-1,-1,-1,0,0,0,136,1,1,0,0.0000000,0.0000000,0.0000000,0,0,0,0
757215020545416 D 1623,2626843339,1000,1548,1548,2.3746023,0.00367,-1,-1,-1,0,0,0,136,1,1,0,0.0000000,0.0000000,0.0000000,0,0,0,0
757215021661250 D 1624,2626844339,1000,1547,1547,2.3730683,-0.05662,-1,-1,-1,0,0,0,136,1,1,0,0.0000000,0.0000000,0.0000000,0,0,0,0
757215022566500 D 1625,2626845339,1000,1548,1548,2.3746023,0.00575,-1,-1,-1,0,0,0,136,1,1,0,0.0000000,0.0000000,0.0000000,0,0,0,0
757215023558500 D 1626,2626846339,1000,1548,1548,2.3746023,0.00552,-1,-1,-1,0,0,0,136,1,1,0,0.0000000,0.0000000,0.0000000,0,0,0,0
757215024637875 D 1627,2626847339,1000,1547,1547,2.3730683,-0.05484,-1,-1,-1,0,0,0,136,1,1,0,0.0000000,0.0000000,0.0000000,0,0,0,0
757215025573458 D 1628,2626848339,1000,1548,1548,2.3746023,0.00746,-1,-1,-1,0,0,0,136,1,1,0,0.0000000,0.0000000,0.0000000,0,0,0,0
757215026542416 D 1629,2626849339,1000,1548,1548,2.3746023,0.00717,-1,-1,-1,0,0,0,136,1,1,0,0.0000000,0.0000000,0.0000000,0,0,0,0
757215027636250 D 1630,2626850339,1000,1548,1548,2.3746023,0.00688,-1,-1,-1,0,0,0,136,1,1,0,0.0000000,0.0000000,0.0000000,0,0,0,0
757215028609708 D 1631,2626851339,1000,1548,1548,2.3746023,0.00661,-1,-1,-1,0,0,0,136,1,1,0,0.0000000,0.0000000,0.0000000,0,0,0,0
757215030141958 D 1632,2626852339,1000,1548,1548,2.3746023,0.00636,39,128,2076,0,0,0,136,1,1,0,0.0000000,0.0000000,0.0000000,0,0,0,0
757215030980291 D 1633,2626853339,1000,1548,1548,2.3746023,0.00611,-1,-1,-1,0,0,0,136,1,1,0,0.0000000,0.0000000,0.0000000,0,0,0,0
757215031616541 D 1634,2626854339,1000,1548,1548,2.3746023,0.00587,-1,-1,-1,0,0,0,136,1,1,0,0.0000000,0.0000000,0.0000000,0,0,0,0
757215032642166 D 1635,2626855339,1000,1548,1548,2.3746023,0.00564,-1,-1,-1,0,0,0,136,1,1,0,0.0000000,0.0000000,0.0000000,0,0,0,0
757215033897458 D 1636,2626856339,1000,1548,1548,2.3746023,0.00542,-1,-1,-1,0,0,0,136,1,1,0,0.0000000,0.0000000,0.0000000,0,0,0,0
757215034647875 D 1637,2626857339,1000,1548,1548,2.3746023,0.00520,-1,-1,-1,0,0,0,136,1,1,0,0.0000000,0.0000000,0.0000000,0,0,0,0
757215035648291 D 1638,2626858339,1000,1548,1548,2.3746023,0.00500,-1,-1,-1,0,0,0,136,1,1,0,0.0000000,0.0000000,0.0000000,0,0,0,0
757215036765625 D 1639,2626859339,1000,1549,1549,2.3761363,0.06495,-1,-1,-1,0,0,0,136,1,1,0,0.0000000,0.0000000,0.0000000,0,0,0,0
757215037639041 D 1640,2626860339,1000,1548,1548,2.3746023,0.00226,-1,-1,-1,0,0,0,136,1,1,0,0.0000000,0.0000000,0.0000000,0,0,0,0
757215038640500 D 1641,2626861339,1000,1547,1547,2.3730683,-0.05798,-1,-1,-1,0,0,0,136,1,1,0,0.0000000,0.0000000,0.0000000,0,0,0,0
757215039689583 D 1642,2626862339,1000,1548,1548,2.3746023,0.00444,-1,-1,-1,0,0,0,136,1,1,0,0.0000000,0.0000000,0.0000000,0,0,0,0
757215040861375 D 1643,2626863339,1000,1548,1548,2.3746023,0.00427,-1,-1,-1,0,0,0,136,1,1,0,0.0000000,0.0000000,0.0000000,0,0,0,0
757215041739041 D 1644,2626864339,1000,1548,1548,2.3746023,0.00410,-1,-1,-1,0,0,0,136,1,1,0,0.0000000,0.0000000,0.0000000,0,0,0,0
757215042672833 D 1645,2626865339,1000,1547,1547,2.3730683,-0.05621,-1,-1,-1,0,0,0,136,1,1,0,0.0000000,0.0000000,0.0000000,0,0,0,0
757215043833333 D 1646,2626866339,1000,1548,1548,2.3746023,0.00614,-1,-1,-1,0,0,0,136,1,1,0,0.0000000,0.0000000,0.0000000,0,0,0,0
757215044880708 D 1647,2626867339,1000,1547,1547,2.3730683,-0.05425,-1,-1,-1,0,0,0,136,1,1,0,0.0000000,0.0000000,0.0000000,0,0,0,0
757215045733291 D 1648,2626868339,1000,1548,1548,2.3746023,0.00803,-1,-1,-1,0,0,0,136,1,1,0,0.0000000,0.0000000,0.0000000,0,0,0,0
757215046706041 D 1649,2626869339,1000,1548,1548,2.3746023,0.00771,-1,-1,-1,0,0,0,136,1,1,0,0.0000000,0.0000000,0.0000000,0,0,0,0
757215047831875 D 1650,2626870339,1000,1548,1548,2.3746023,0.00741,-1,-1,-1,0,0,0,136,1,1,0,0.0000000,0.0000000,0.0000000,0,0,0,0
757215048600041 D 1651,2626871339,1000,1547,1547,2.3730683,-0.05303,-1,-1,-1,0,0,0,136,1,1,0,0.0000000,0.0000000,0.0000000,0,0,0,0
757215049540208 D 1652,2626872339,1000,1548,1548,2.3746023,0.00920,-1,-1,-1,0,0,0,136,1,1,0,0.0000000,0.0000000,0.0000000,0,0,0,0
757215050547958 D 1653,2626873339,1000,1548,1548,2.3746023,0.00884,-1,-1,-1,0,0,0,136,1,1,0,0.0000000,0.0000000,0.0000000,0,0,0,0
757215051543583 D 1654,2626874339,1000,1547,1547,2.3730683,-0.05165,-1,-1,-1,0,0,0,136,1,1,0,0.0000000,0.0000000,0.0000000,0,0,0,0
757215052563208 D 1655,2626875339,1000,1548,1548,2.3746023,0.01052,-1,-1,-1,0,0,0,136,1,1,0,0.0000000,0.0000000,0.0000000,0,0,0,0
757215053561708 D 1656,2626876339,1000,1548,1548,2.3746023,0.01011,-1,-1,-1,0,0,0,136,1,1,0,0.0000000,0.0000000,0.0000000,0,0,0,0
757215054550458 D 1657,2626877339,1000,1547,1547,2.3730683,-0.05044,-1,-1,-1,0,0,0,136,1,1,0,0.0000000,0.0000000,0.0000000,0,0,0,0
757215055542375 D 1658,2626878339,1000,1548,1548,2.3746023,0.01169,-1,-1,-1,0,0,0,136,1,1,0,0.0000000,0.0000000,0.0000000,0,0,0,0
757215056636625 D 1659,2626879339,1000,1548,1548,2.3746023,0.01123,-1,-1,-1,0,0,0,136,1,1,0,0.0000000,0.0000000,0.0000000,0,0,0,0
757215057602833 D 1660,2626880339,1000,1548,1548,2.3746023,0.01079,-1,-1,-1,0,0,0,136,1,1,0,0.0000000,0.0000000,0.0000000,0,0,0,0
757215058626708 D 1661,2626881339,1000,1548,1548,2.3746023,0.01037,-1,-1,-1,0,0,0,136,1,1,0,0.0000000,0.0000000,0.0000000,0,0,0,0
757215060022291 D 1662,2626882339,1000,1548,1548,2.3746023,0.00996,-1,-1,-1,0,0,0,136,1,1,0,0.0000000,0.0000000,0.0000000,0,0,0,0
757215060586625 D 1663,2626883339,1000,1548,1548,2.3746023,0.00957,-1,-1,-1,0,0,0,136,1,1,0,0.0000000,0.0000000,0.0000000,0,0,0,0
757215061648875 D 1664,2626884339,1000,1548,1548,2.3746023,0.00919,-1,-1,-1,0,0,0,136,1,1,0,0.0000000,0.0000000,0.0000000,0,0,0,0
757215062684375 D 1665,2626885339,1000,1547,1547,2.3730683,-0.05131,-1,-1,-1,0,0,0,136,1,1,0,0.0000000,0.0000000,0.0000000,0,0,0,0
757215064252041 D 1666,2626886339,1000,1548,1548,2.3746023,0.01085,-1,-1,-1,0,0,0,136,1,1,0,0.0000000,0.0000000,0.0000000,0,0,0,0
757215065155958 D 1667,2626887339,1000,1548,1548,2.3746023,0.01042,-1,-1,-1,0,0,0,136,1,1,0,0.0000000,0.0000000,0.0000000,0,0,0,0
757215065639875 D 1668,2626888339,1000,1548,1548,2.3746023,0.01001,-1,-1,-1,0,0,0,136,1,1,0,0.0000000,0.0000000,0.0000000,0,0,0,0
757215066587416 D 1669,2626889339,1000,1548,1548,2.3746023,0.00962,-1,-1,-1,0,0,0,136,1,1,0,0.0000000,0.0000000,0.0000000,0,0,0,0
757215067683291 D 1670,2626890339,1000,1548,1548,2.3746023,0.00924,-1,-1,-1,0,0,0,136,1,1,0,0.0000000,0.0000000,0.0000000,0,0,0,0
757215068677750 D 1671,2626891339,1000,1548,1548,2.3746023,0.00888,-1,-1,-1,0,0,0,136,1,1,0,0.0000000,0.0000000,0.0000000,0,0,0,0
757215069567208 D 1672,2626892339,1000,1548,1548,2.3746023,0.00853,-1,-1,-1,0,0,0,136,1,1,0,0.0000000,0.0000000,0.0000000,0,0,0,0
757215070562375 D 1673,2626893339,1000,1548,1548,2.3746023,0.00820,-1,-1,-1,0,0,0,136,1,1,0,0.0000000,0.0000000,0.0000000,0,0,0,0
757215071634458 D 1674,2626894339,1000,1548,1548,2.3746023,0.00788,-1,-1,-1,0,0,0,136,1,1,0,0.0000000,0.0000000,0.0000000,0,0,0,0
757215072726333 D 1675,2626895339,1000,1548,1548,2.3746023,0.00757,-1,-1,-1,0,0,0,136,1,1,0,0.0000000,0.0000000,0.0000000,0,0,0,0
757215073628125 D 1676,2626896339,1000,1548,1548,2.3746023,0.00727,-1,-1,-1,0,0,0,136,1,1,0,0.0000000,0.0000000,0.0000000,0,0,0,0
757215074628958 D 1677,2626897339,1000,1548,1548,2.3746023,0.00698,-1,-1,-1,0,0,0,136,1,1,0,0.0000000,0.0000000,0.0000000,0,0,0,0
757215075778958 D 1678,2626898339,1000,1548,1548,2.3746023,0.00671,-1,-1,-1,0,0,0,136,1,1,0,0.0000000,0.0000000,0.0000000,0,0,0,0
757215076577833 D 1679,2626899339,1000,1548,1548,2.3746023,0.00645,-1,-1,-1,0,0,0,136,1,1,0,0.0000000,0.0000000,0.0000000,0,0,0,0
757215077576166 D 1680,2626900339,1000,1548,1548,2.3746023,0.00620,-1,-1,-1,0,0,0,136,1,1,0,0.0000000,0.0000000,0.0000000,0,0,0,0
757215078614583 D 1681,2626901339,1000,1548,1548,2.3746023,0.00595,-1,-1,-1,0,0,0,136,1,1,0,0.0000000,0.0000000,0.0000000,0,0,0,0
757215080313666 D 1682,2626902339,1000,1548,1548,2.3746023,0.00572,39,128,2074,0,0,0,136,1,1,0,0.0000000,0.0000000,0.0000000,0,0,0,0
757215080990875 D 1683,2626903339,1000,1548,1548,2.3746023,0.00549,-1,-1,-1,0,0,0,136,1,1,0,0.0000000,0.0000000,0.0000000,0,0,0,0
757215081512958 D 1684,2626904339,1000,1547,1547,2.3730683,-0.05487,-1,-1,-1,0,0,0,136,1,1,0,0.0000000,0.0000000,0.0000000,0,0,0,0
757215082664291 D 1685,2626905339,1000,1548,1548,2.3746023,0.00743,-1,-1,-1,0,0,0,136,1,1,0,0.0000000,0.0000000,0.0000000,0,0,0,0
757215083691250 D 1686,2626906339,1000,1548,1548,2.3746023,0.00714,-1,-1,-1,0,0,0,136,1,1,0,0.0000000,0.0000000,0.0000000,0,0,0,0
757215085286875 D 1687,2626907339,1000,1548,1548,2.3746023,0.00686,-1,-1,-1,0,0,0,136,1,1,0,0.0000000,0.0000000,0.0000000,0,0,0,0
757215085899958 D 1688,2626908339,1000,1548,1548,2.3746023,0.00659,-1,-1,-1,0,0,0,136,1,1,0,0.0000000,0.0000000,0.0000000,0,0,0,0
757215086779208 D 1689,2626909339,1000,1548,1548,2.3746023,0.00633,-1,-1,-1,0,0,0,136,1,1,0,0.0000000,0.0000000,0.0000000,0,0,0,0
757215087651750 D 1690,2626910339,1000,1548,1548,2.3746023,0.00608,-1,-1,-1,0,0,0,136,1,1,0,0.0000000,0.0000000,0.0000000,0,0,0,0
757215088665083 D 1691,2626911339,1000,1548,1548,2.3746023,0.00585,-1,-1,-1,0,0,0,136,1,1,0,0.0000000,0.0000000,0.0000000,0,0,0,0
757215089646916 D 1692,2626912339,1000,1548,1548,2.3746023,0.00562,-1,-1,-1,0,0,0,136,1,1,0,0.0000000,0.0000000,0.0000000,0,0,0,0
757215090663916 D 1693,2626913339,1000,1548,1548,2.3746023,0.00540,-1,-1,-1,0,0,0,136,1,1,0,0.0000000,0.0000000,0.0000000,0,0,0,0
757215091642500 D 1694,2626914339,1000,1548,1548,2.3746023,0.00518,-1,-1,-1,0,0,0,136,1,1,0,0.0000000,0.0000000,0.0000000,0,0,0,0
757215092656750 D 1695,2626915339,1000,1548,1548,2.3746023,0.00498,-1,-1,-1,0,0,0,136,1,1,0,0.0000000,0.0000000,0.0000000,0,0,0,0
757215093630333 D 1696,2626916339,1000,1548,1548,2.3746023,0.00479,-1,-1,-1,0,0,0,136,1,1,0,0.0000000,0.0000000,0.0000000,0,0,0,0
757215094642125 D 1697,2626917339,1000,1548,1548,2.3746023,0.00460,-1,-1,-1,0,0,0,136,1,1,0,0.0000000,0.0000000,0.0000000,0,0,0,0
757215095646208 D 1698,2626918339,1000,1548,1548,2.3746023,0.00442,-1,-1,-1,0,0,0,136,1,1,0,0.0000000,0.0000000,0.0000000,0,0,0,0
757215096682041 D 1699,2626919339,1000,1548,1548,2.3746023,0.00424,-1,-1,-1,0,0,0,136,1,1,0,0.0000000,0.0000000,0.0000000,0,0,0,0
757215097757791 D 1700,2626920339,1000,1548,1548,2.3746023,0.00408,-1,-1,-1,0,0,0,136,1,1,0,0.0000000,0.0000000,0.0000000,0,0,0,0
757215098574375 D 1701,2626921339,1000,1548,1548,2.3746023,0.00392,-1,-1,-1,0,0,0,136,1,1,0,0.0000000,0.0000000,0.0000000,0,0,0,0
757215099668625 D 1702,2626922339,1000,1548,1548,2.3746023,0.00376,-1,-1,-1,0,0,0,136,1,1,0,0.0000000,0.0000000,0.0000000,0,0,0,0
757215100658750 D 1703,2626923339,1000,1548,1548,2.3746023,0.00362,-1,-1,-1,0,0,0,136,1,1,0,0.0000000,0.0000000,0.0000000,0,0,0,0
757215101657291 D 1704,2626924339,1000,1548,1548,2.3746023,0.00347,-1,-1,-1,0,0,0,136,1,1,0,0.0000000,0.0000000,0.0000000,0,0,0,0
757215102661083 D 1705,2626925339,1000,1548,1548,2.3746023,0.00334,-1,-1,-1,0,0,0,136,1,1,0,0.0000000,0.0000000,0.0000000,0,0,0,0
757215103617875 D 1706,2626926339,1000,1548,1548,2.3746023,0.00321,-1,-1,-1,0,0,0,136,1,1,0,0.0000000,0.0000000,0.0000000,0,0,0,0
757215104549166 D 1707,2626927339,1000,1548,1548,2.3746023,0.00308,-1,-1,-1,0,0,0,136,1,1,0,0.0000000,0.0000000,0.0000000,0,0,0,0
757215105607791 D 1708,2626928339,1000,1548,1548,2.3746023,0.00296,-1,-1,-1,0,0,0,136,1,1,0,0.0000000,0.0000000,0.0000000,0,0,0,0
757215106673750 D 1709,2626929339,1000,1547,1547,2.3730683,-0.05730,-1,-1,-1,0,0,0,136,1,1,0,0.0000000,0.0000000,0.0000000,0,0,0,0
757215107688208 D 1710,2626930339,1000,1548,1548,2.3746023,0.00509,-1,-1,-1,0,0,0,136,1,1,0,0.0000000,0.0000000,0.0000000,0,0,0,0
757215108670583 D 1711,2626931339,1000,1548,1548,2.3746023,0.00489,-1,-1,-1,0,0,0,136,1,1,0,0.0000000,0.0000000,0.0000000,0,0,0,0
757215109672291 D 1712,2626932339,1000,1548,1548,2.3746023,0.00470,-1,-1,-1,0,0,0,136,1,1,0,0.0000000,0.0000000,0.0000000,0,0,0,0
757215110678208 D 1713,2626933339,1000,1548,1548,2.3746023,0.00452,-1,-1,-1,0,0,0,136,1,1,0,0.0000000,0.0000000,0.0000000,0,0,0,0
757215111653916 D 1714,2626934339,1000,1548,1548,2.3746023,0.00434,-1,-1,-1,0,0,0,136,1,1,0,0.0000000,0.0000000,0.0000000,0,0,0,0
757215112624166 D 1715,2626935339,1000,1548,1548,2.3746023,0.00417,-1,-1,-1,0,0,0,136,1,1,0,0.0000000,0.0000000,0.0000000,0,0,0,0
757215113834375 D 1716,2626936339,1000,1547,1547,2.3730683,-0.05614,-1,-1,-1,0,0,0,136,1,1,0,0.0000000,0.0000000,0.0000000,0,0,0,0
757215114586375 D 1717,2626937339,1000,1548,1548,2.3746023,0.00621,-1,-1,-1,0,0,0,136,1,1,0,0.0000000,0.0000000,0.0000000,0,0,0,0
757215115568958 D 1718,2626938339,1000,1548,1548,2.3746023,0.00596,-1,-1,-1,0,0,0,136,1,1,0,0.0000000,0.0000000,0.0000000,0,0,0,0
757215116595333 D 1719,2626939339,1000,1548,1548,2.3746023,0.00573,-1,-1,-1,0,0,0,136,1,1,0,0.0000000,0.0000000,0.0000000,0,0,0,0
757215117540958 D 1720,2626940339,1000,1548,1548,2.3746023,0.00551,-1,-1,-1,0,0,0,136,1,1,0,0.0000000,0.0000000,0.0000000,0,0,0,0
757215118560500 D 1721,2626941339,1000,1549,1549,2.3761363,0.06544,-1,-1,-1,0,0,0,136,1,1,0,0.0000000,0.0000000,0.0000000,0,0,0,0
757215119569625 D 1722,2626942339,1000,1548,1548,2.3746023,0.00272,-1,-1,-1,0,0,0,136,1,1,0,0.0000000,0.0000000,0.0000000,0,0,0,0
757215120663500 D 1723,2626943339,1000,1548,1548,2.3746023,0.00262,-1,-1,-1,0,0,0,136,1,1,0,0.0000000,0.0000000,0.0000000,0,0,0,0
757215121850583 D 1724,2626944339,1000,1548,1548,2.3746023,0.00251,-1,-1,-1,0,0,0,136,1,1,0,0.0000000,0.0000000,0.0000000,0,0,0,0
757215122802541 D 1725,2626945339,1000,1548,1548,2.3746023,0.00242,-1,-1,-1,0,0,0,136,1,1,0,0.0000000,0.0000000,0.0000000,0,0,0,0
757215124080666 D 1726,2626946339,1000,1548,1548,2.3746023,0.00232,-1,-1,-1,0,0,0,136,1,1,0,0.0000000,0.0000000,0.0000000,0,0,0,0
757215125073666 D 1727,2626947339,1000,1548,1548,2.3746023,0.00223,-1,-1,-1,0,0,0,136,1,1,0,0.0000000,0.0000000,0.0000000,0,0,0,0
757215126066375 D 1728,2626948339,1000,1549,1549,2.3761363,0.06229,-1,-1,-1,0,0,0,136,1,1,0,0.0000000,0.0000000,0.0000000,0,0,0,0
757215127019083 D 1729,2626949339,1000,1548,1548,2.3746023,-0.00030,-1,-1,-1,0,0,0,136,1,1,0,0.0000000,0.0000000,0.0000000,0,0,0,0
757215127708416 D 1730,2626950339,1000,1548,1548,2.3746023,-0.00029,-1,-1,-1,0,0,0,136,1,1,0,0.0000000,0.0000000,0.0000000,0,0,0,0
757215128673708 D 1731,2626951339,1000,1548,1548,2.3746023,-0.00028,-1,-1,-1,0,0,0,136,1,1,0,0.0000000,0.0000000,0.0000000,0,0,0,0
757215130100416 D 1732,2626952339,1000,1548,1548,2.3746023,-0.00027,39,128,2075,0,0,0,136,1,1,0,0.0000000,0.0000000,0.0000000,0,0,0,0
757215130907083 D 1733,2626953339,1000,1548,1548,2.3746023,-0.00026,-1,-1,-1,0,0,0,136,1,1,0,0.0000000,0.0000000,0.0000000,0,0,0,0
757215131733375 D 1734,2626954339,1000,1548,1548,2.3746023,-0.00025,-1,-1,-1,0,0,0,136,1,1,0,0.0000000,0.0000000,0.0000000,0,0,0,0
757215132651708 D 1735,2626955339,1000,1548,1548,2.3746023,-0.00024,-1,-1,-1,0,0,0,136,1,1,0,0.0000000,0.0000000,0.0000000,0,0,0,0
757215133662291 D 1736,2626956339,1000,1548,1548,2.3746023,-0.00023,-1,-1,-1,0,0,0,136,1,1,0,0.0000000,0.0000000,0.0000000,0,0,0,0
757215134666875 D 1737,2626957339,1000,1548,1548,2.3746023,-0.00022,-1,-1,-1,0,0,0,136,1,1,0,0.0000000,0.0000000,0.0000000,0,0,0,0
757215135626041 D 1738,2626958339,1000,1548,1548,2.3746023,-0.00021,-1,-1,-1,0,0,0,136,1,1,0,0.0000000,0.0000000,0.0000000,0,0,0,0
757215136700833 D 1739,2626959339,1000,1548,1548,2.3746023,-0.00020,-1,-1,-1,0,0,0,136,1,1,0,0.0000000,0.0000000,0.0000000,0,0,0,0
757215137675291 D 1740,2626960339,1000,1548,1548,2.3746023,-0.00019,-1,-1,-1,0,0,0,136,1,1,0,0.0000000,0.0000000,0.0000000,0,0,0,0
757215138700333 D 1741,2626961339,1000,1548,1548,2.3746023,-0.00019,-1,-1,-1,0,0,0,136,1,1,0,0.0000000,0.0000000,0.0000000,0,0,0,0
757215139648083 D 1742,2626962339,1000,1548,1548,2.3746023,-0.00018,-1,-1,-1,0,0,0,136,1,1,0,0.0000000,0.0000000,0.0000000,0,0,0,0
757215140647750 D 1743,2626963339,1000,1548,1548,2.3746023,-0.00017,-1,-1,-1,0,0,0,136,1,1,0,0.0000000,0.0000000,0.0000000,0,0,0,0
757215141666750 D 1744,2626964339,1000,1548,1548,2.3746023,-0.00016,-1,-1,-1,0,0,0,136,1,1,0,0.0000000,0.0000000,0.0000000,0,0,0,0
757215142665541 D 1745,2626965339,1000,1548,1548,2.3746023,-0.00016,-1,-1,-1,0,0,0,136,1,1,0,0.0000000,0.0000000,0.0000000,0,0,0,0
757215143668208 D 1746,2626966339,1000,1547,1547,2.3730683,-0.06030,-1,-1,-1,0,0,0,136,1,1,0,0.0000000,0.0000000,0.0000000,0,0,0,0
757215144645375 D 1747,2626967339,1000,1548,1548,2.3746023,0.00221,-1,-1,-1,0,0,0,136,1,1,0,0.0000000,0.0000000,0.0000000,0,0,0,0
757215145667500 D 1748,2626968339,1000,1548,1548,2.3746023,0.00213,-1,-1,-1,0,0,0,136,1,1,0,0.0000000,0.0000000,0.0000000,0,0,0,0
757215146686125 D 1749,2626969339,1000,1548,1548,2.3746023,0.00204,-1,-1,-1,0,0,0,136,1,1,0,0.0000000,0.0000000,0.0000000,0,0,0,0
757215147765625 D 1750,2626970339,1000,1548,1548,2.3746023,0.00196,-1,-1,-1,0,0,0,136,1,1,0,0.0000000,0.0000000,0.0000000,0,0,0,0
757215148602833 D 1751,2626971339,1000,1548,1548,2.3746023,0.00189,-1,-1,-1,0,0,0,136,1,1,0,0.0000000,0.0000000,0.0000000,0,0,0,0
757215149646291 D 1752,2626972339,1000,1548,1548,2.3746023,0.00181,-1,-1,-1,0,0,0,136,1,1,0,0.0000000,0.0000000,0.0000000,0,0,0,0
757215150640916 D 1753,2626973339,1000,1548,1548,2.3746023,0.00174,-1,-1,-1,0,0,0,136,1,1,0,0.0000000,0.0000000,0.0000000,0,0,0,0
757215151711708 D 1754,2626974339,1000,1547,1547,2.3730683,-0.05848,-1,-1,-1,0,0,0,136,1,1,0,0.0000000,0.0000000,0.0000000,0,0,0,0
757215152541458 D 1755,2626975339,1000,1548,1548,2.3746023,0.00396,-1,-1,-1,0,0,0,136,1,1,0,0.0000000,0.0000000,0.0000000,0,0,0,0
757215153560916 D 1756,2626976339,1000,1548,1548,2.3746023,0.00381,-1,-1,-1,0,0,0,136,1,1,0,0.0000000,0.0000000,0.0000000,0,0,0,0
757215154548291 D 1757,2626977339,1000,1548,1548,2.3746023,0.00366,-1,-1,-1,0,0,0,136,1,1,0,0.0000000,0.0000000,0.0000000,0,0,0,0
757215155556541 D 1758,2626978339,1000,1548,1548,2.3746023,0.00352,-1,-1,-1,0,0,0,136,1,1,0,0.0000000,0.0000000,0.0000000,0,0,0,0
757215156559875 D 1759,2626979339,1000,1548,1548,2.3746023,0.00338,-1,-1,-1,0,0,0,135,1,1,0,0.0000000,0.0000000,0.0000000,0,0,0,0
757215157552000 D 1760,2626980339,1000,1548,1548,2.3746023,0.00325,-1,-1,-1,0,0,0,136,1,1,0,0.0000000,0.0000000,0.0000000,0,0,0,0
757215158594833 D 1761,2626981339,1000,1548,1548,2.3746023,0.00312,-1,-1,-1,0,0,0,136,1,1,0,0.0000000,0.0000000,0.0000000,0,0,0,0
757215159667333 D 1762,2626982339,1000,1549,1549,2.3761363,0.06314,-1,-1,-1,0,0,0,136,1,1,0,0.0000000,0.0000000,0.0000000,0,0,0,0
757215160718333 D 1763,2626983339,1000,1548,1548,2.3746023,0.00052,-1,-1,-1,0,0,0,136,1,1,0,0.0000000,0.0000000,0.0000000,0,0,0,0
757215161893791 D 1764,2626984339,1000,1548,1548,2.3746023,0.00050,-1,-1,-1,0,0,0,136,1,1,0,0.0000000,0.0000000,0.0000000,0,0,0,0
757215162810916 D 1765,2626985339,1000,1549,1549,2.3761363,0.06063,-1,-1,-1,0,0,0,136,1,1,0,0.0000000,0.0000000,0.0000000,0,0,0,0
757215164293125 D 1766,2626986339,1000,1548,1548,2.3746023,-0.00190,-1,-1,-1,0,0,0,136,1,1,0,0.0000000,0.0000000,0.0000000,0,0,0,0
757215164963166 D 1767,2626987339,1000,1548,1548,2.3746023,-0.00182,-1,-1,-1,0,0,0,136,1,1,0,0.0000000,0.0000000,0.0000000,0,0,0,0
757215165570541 D 1768,2626988339,1000,1548,1548,2.3746023,-0.00175,-1,-1,-1,0,0,0,136,1,1,0,0.0000000,0.0000000,0.0000000,0,0,0,0
757215167087625 D 1769,2626989339,1000,1547,1547,2.3730683,-0.06183,-1,-1,-1,0,0,0,136,1,1,0,0.0000000,0.0000000,0.0000000,0,0,0,0
757215167692416 D 1770,2626990339,1000,1548,1548,2.3746023,0.00074,-1,-1,-1,0,0,0,136,1,1,0,0.0000000,0.0000000,0.0000000,0,0,0,0
757215168764083 D 1771,2626991339,1000,1548,1548,2.3746023,0.00071,-1,-1,-1,0,0,0,136,1,1,0,0.0000000,0.0000000,0.0000000,0,0,0,0
757215169875791 D 1772,2626992339,1000,1548,1548,2.3746023,0.00069,-1,-1,-1,0,0,0,136,1,1,0,0.0000000,0.0000000,0.0000000,0,0,0,0
757215170989833 D 1773,2626993339,1000,1548,1548,2.3746023,0.00066,-1,-1,-1,0,0,0,136,1,1,0,0.0000000,0.0000000,0.0000000,0,0,0,0
757215171742500 D 1774,2626994339,1000,1548,1548,2.3746023,0.00063,-1,-1,-1,0,0,0,136,1,1,0,0.0000000,0.0000000,0.0000000,0,0,0,0
757215172898750 D 1775,2626995339,1000,1548,1548,2.3746023,0.00061,-1,-1,-1,0,0,0,136,1,1,0,0.0000000,0.0000000,0.0000000,0,0,0,0
757215173841458 D 1776,2626996339,1000,1548,1548,2.3746023,0.00058,-1,-1,-1,0,0,0,136,1,1,0,0.0000000,0.0000000,0.0000000,0,0,0,0
757215174758041 D 1777,2626997339,1000,1548,1548,2.3746023,0.00056,-1,-1,-1,0,0,0,136,1,1,0,0.0000000,0.0000000,0.0000000,0,0,0,0
757215176102166 D 1778,2626998339,1000,1548,1548,2.3746023,0.00054,-1,-1,-1,0,0,0,136,1,1,0,0.0000000,0.0000000,0.0000000,0,0,0,0
757215177091916 D 1779,2626999339,1000,1548,1548,2.3746023,0.00052,-1,-1,-1,0,0,0,136,1,1,0,0.0000000,0.0000000,0.0000000,0,0,0,0
757215177980375 D 1780,2627000339,1000,1548,1548,2.3746023,0.00050,-1,-1,-1,0,0,0,136,1,1,0,0.0000000,0.0000000,0.0000000,0,0,0,0
757215178814625 D 1781,2627001339,1000,1548,1548,2.3746023,0.00048,-1,-1,-1,0,0,0,136,1,1,0,0.0000000,0.0000000,0.0000000,0,0,0,0
757215180033500 D 1782,2627002339,1000,1548,1548,2.3746023,0.00046,39,128,2076,0,0,0,136,1,1,0,0.0000000,0.0000000,0.0000000,0,0,0,0
757215180697791 D 1783,2627003339,1000,1548,1548,2.3746023,0.00044,-1,-1,-1,0,0,0,136,1,1,0,0.0000000,0.0000000,0.0000000,0,0,0,0
757215181666750 D 1784,2627004339,1000,1548,1548,2.3746023,0.00042,-1,-1,-1,0,0,0,136,1,1,0,0.0000000,0.0000000,0.0000000,0,0,0,0
757215182641583 D 1785,2627005339,1000,1547,1547,2.3730683,-0.05974,-1,-1,-1,0,0,0,136,1,1,0,0.0000000,0.0000000,0.0000000,0,0,0,0
757215183685875 D 1786,2627006339,1000,1548,1548,2.3746023,0.00275,-1,-1,-1,0,0,0,136,1,1,0,0.0000000,0.0000000,0.0000000,0,0,0,0
757215184627583 D 1787,2627007339,1000,1548,1548,2.3746023,0.00264,-1,-1,-1,0,0,0,136,1,1,0,0.0000000,0.0000000,0.0000000,0,0,0,0
757215185666541 D 1788,2627008339,1000,1547,1547,2.3730683,-0.05761,-1,-1,-1,0,0,0,136,1,1,0,0.0000000,0.0000000,0.0000000,0,0,0,0
757215186641625 D 1789,2627009339,1000,1548,1548,2.3746023,0.00480,-1,-1,-1,0,0,0,136,1,1,0,0.0000000,0.0000000,0.0000000,0,0,0,0
757215187680125 D 1790,2627010339,1000,1548,1548,2.3746023,0.00461,-1,-1,-1,0,0,0,136,1,1,0,0.0000000,0.0000000,0.0000000,0,0,0,0
757215188659583 D 1791,2627011339,1000,1548,1548,2.3746023,0.00443,-1,-1,-1,0,0,0,136,1,1,0,0.0000000,0.0000000,0.0000000,0,0,0,0
757215189640333 D 1792,2627012339,1000,1548,1548,2.3746023,0.00425,-1,-1,-1,0,0,0,136,1,1,0,0.0000000,0.0000000,0.0000000,0,0,0,0
757215190642333 D 1793,2627013339,1000,1548,1548,2.3746023,0.00409,-1,-1,-1,0,0,0,136,1,1,0,0.0000000,0.0000000,0.0000000,0,0,0,0
757215191644375 D 1794,2627014339,1000,1548,1548,2.3746023,0.00393,-1,-1,-1,0,0,0,136,1,1,0,0.0000000,0.0000000,0.0000000,0,0,0,0
757215192646125 D 1795,2627015339,1000,1548,1548,2.3746023,0.00377,-1,-1,-1,0,0,0,136,1,1,0,0.0000000,0.0000000,0.0000000,0,0,0,0
757215193654875 D 1796,2627016339,1000,1549,1549,2.3761363,0.06377,-1,-1,-1,0,0,0,136,1,1,0,0.0000000,0.0000000,0.0000000,0,0,0,0
757215194660500 D 1797,2627017339,1000,1548,1548,2.3746023,0.00113,-1,-1,-1,0,0,0,136,1,1,0,0.0000000,0.0000000,0.0000000,0,0,0,0
757215195679625 D 1798,2627018339,1000,1548,1548,2.3746023,0.00108,-1,-1,-1,0,0,0,136,1,1,0,0.0000000,0.0000000,0.0000000,0,0,0,0
757215196685666 D 1799,2627019339,1000,1548,1548,2.3746023,0.00104,-1,-1,-1,0,0,0,136,1,1,0,0.0000000,0.0000000,0.0000000,0,0,0,0
757215197648291 D 1800,2627020339,1000,1548,1548,2.3746023,0.00100,-1,-1,-1,0,0,0,136,1,1,0,0.0000000,0.0000000,0.0000000,0,0,0,0
757215198613250 D 1801,2627021339,1000,1548,1548,2.3746023,0.00096,-1,-1,-1,0,0,0,136,1,1,0,0.0000000,0.0000000,0.0000000,0,0,0,0
757215199662541 D 1802,2627022339,1000,1548,1548,2.3746023,0.00092,-1,-1,-1,0,0,0,136,1,1,0,0.0000000,0.0000000,0.0000000,0,0,0,0
757215200655500 D 1803,2627023339,1000,1549,1549,2.3761363,0.06103,-1,-1,-1,0,0,0,136,1,1,0,0.0000000,0.0000000,0.0000000,0,0,0,0
757215201657125 D 1804,2627024339,1000,1548,1548,2.3746023,-0.00151,-1,-1,-1,0,0,0,136,1,1,0,0.0000000,0.0000000,0.0000000,0,0,0,0
757215202638791 D 1805,2627025339,1000,1548,1548,2.3746023,-0.00145,-1,-1,-1,0,0,0,136,1,1,0,0.0000000,0.0000000,0.0000000,0,0,0,0
757215203795000 D 1806,2627026339,1000,1547,1547,2.3730683,-0.06154,-1,-1,-1,0,0,0,136,1,1,0,0.0000000,0.0000000,0.0000000,0,0,0,0
757215204575750 D 1807,2627027339,1000,1548,1548,2.3746023,0.00102,-1,-1,-1,0,0,0,136,1,1,0,0.0000000,0.0000000,0.0000000,0,0,0,0
757215205577083 D 1808,2627028339,1000,1548,1548,2.3746023,0.00098,-1,-1,-1,0,0,0,136,1,1,0,0.0000000,0.0000000,0.0000000,0,0,0,0
757215206627541 D 1809,2627029339,1000,1548,1548,2.3746023,0.00094,-1,-1,-1,0,0,0,136,1,1,0,0.0000000,0.0000000,0.0000000,0,0,0,0
757215207568375 D 1810,2627030339,1000,1549,1549,2.3761363,0.06105,-1,-1,-1,0,0,0,136,1,1,0,0.0000000,0.0000000,0.0000000,0,0,0,0
757215208622333 D 1811,2627031339,1000,1547,1547,2.3730683,-0.06164,-1,-1,-1,0,0,0,136,1,1,0,0.0000000,0.0000000,0.0000000,0,0,0,0
757215209642291 D 1812,2627032339,1000,1548,1548,2.3746023,0.00093,-1,-1,-1,0,0,0,136,1,1,0,0.0000000,0.0000000,0.0000000,0,0,0,0
757215210685416 D 1813,2627033339,1000,1548,1548,2.3746023,0.00089,-1,-1,-1,0,0,0,136,1,1,0,0.0000000,0.0000000,0.0000000,0,0,0,0
757215211938375 D 1814,2627034339,1000,1547,1547,2.3730683,-0.05929,-1,-1,-1,0,0,0,136,1,1,0,0.0000000,0.0000000,0.0000000,0,0,0,0
757215212655500 D 1815,2627035339,1000,1548,1548,2.3746023,0.00318,-1,-1,-1,0,0,0,136,1,1,0,0.0000000,0.0000000,0.0000000,0,0,0,0
757215213843333 D 1816,2627036339,1000,1548,1548,2.3746023,0.00306,-1,-1,-1,0,0,0,136,1,1,0,0.0000000,0.0000000,0.0000000,0,0,0,0
757215214615291 D 1817,2627037339,1000,1548,1548,2.3746023,0.00294,-1,-1,-1,0,0,0,136,1,1,0,0.0000000,0.0000000,0.0000000,0,0,0,0
757215215553375 D 1818,2627038339,1000,1548,1548,2.3746023,0.00282,-1,-1,-1,0,0,0,136,1,1,0,0.0000000,0.0000000,0.0000000,0,0,0,0
757215216723250 D 1819,2627039339,1000,1548,1548,2.3746023,0.00271,-1,-1,-1,0,0,0,136,1,1,0,0.0000000,0.0000000,0.0000000,0,0,0,0
757215217828000 D 1820,2627040339,1000,1548,1548,2.3746023,0.00261,-1,-1,-1,0,0,0,136,1,1,0,0.0000000,0.0000000,0.0000000,0,0,0,0
757215218802250 D 1821,2627041339,1000,1548,1548,2.3746023,0.00250,-1,-1,-1,0,0,0,136,1,1,0,0.0000000,0.0000000,0.0000000,0,0,0,0
757215219881375 D 1822,2627042339,1000,1547,1547,2.3730683,-0.05774,-1,-1,-1,0,0,0,136,1,1,0,0.0000000,0.0000000,0.0000000,0,0,0,0
757215220678375 D 1823,2627043339,1000,1548,1548,2.3746023,0.00467,-1,-1,-1,0,0,0,136,1,1,0,0.0000000,0.0000000,0.0000000,0,0,0,0
757215221816291 D 1824,2627044339,1000,1548,1548,2.3746023,0.00449,-1,-1,-1,0,0,0,136,1,1,0,0.0000000,0.0000000,0.0000000,0,0,0,0
757215222895458 D 1825,2627045339,1000,1548,1548,2.3746023,0.00431,-1,-1,-1,0,0,0,136,1,1,0,0.0000000,0.0000000,0.0000000,0,0,0,0
757215223792458 D 1826,2627046339,1000,1548,1548,2.3746023,0.00414,-1,-1,-1,0,0,0,136,1,1,0,0.0000000,0.0000000,0.0000000,0,0,0,0
757215224764291 D 1827,2627047339,1000,1549,1549,2.3761363,0.06413,-1,-1,-1,0,0,0,136,1,1,0,0.0000000,0.0000000,0.0000000,0,0,0,0
757215225723375 D 1828,2627048339,1000,1547,1547,2.3730683,-0.05868,-1,-1,-1,0,0,0,136,1,1,0,0.0000000,0.0000000,0.0000000,0,0,0,0
757215226886416 D 1829,2627049339,1000,1549,1549,2.3761363,0.06391,-1,-1,-1,0,0,0,136,1,1,0,0.0000000,0.0000000,0.0000000,0,0,0,0
757215227904583 D 1830,2627050339,1000,1548,1548,2.3746023,0.00126,-1,-1,-1,0,0,0,136,1,1,0,0.0000000,0.0000000,0.0000000,0,0,0,0
757215228675875 D 1831,2627051339,1000,1548,1548,2.3746023,0.00121,-1,-1,-1,0,0,0,136,1,1,0,0.0000000,0.0000000,0.0000000,0,0,0,0
757215230005416 D 1832,2627052339,1000,1548,1548,2.3746023,0.00116,39,128,2076,0,0,0,136,1,1,0,0.0000000,0.0000000,0.0000000,0,0,0,0
757215230650666 D 1833,2627053339,1000,1547,1547,2.3730683,-0.05903,-1,-1,-1,0,0,0,136,1,1,0,0.0000000,0.0000000,0.0000000,0,0,0,0
757215231696000 D 1834,2627054339,1000,1549,1549,2.3761363,0.06358,-1,-1,-1,0,0,0,136,1,1,0,0.0000000,0.0000000,0.0000000,0,0,0,0
757215232539375 D 1835,2627055339,1000,1548,1548,2.3746023,0.00094,-1,-1,-1,0,0,0,136,1,1,0,0.0000000,0.0000000,0.0000000,0,0,0,0
757215233638500 D 1836,2627056339,1000,1548,1548,2.3746023,0.00090,-1,-1,-1,0,0,0,135,1,1,0,0.0000000,0.0000000,0.0000000,0,0,0,0
757215234688375 D 1837,2627057339,1000,1548,1548,2.3746023,0.00087,-1,-1,-1,0,0,0,136,1,1,0,0.0000000,0.0000000,0.0000000,0,0,0,0
757215235672625 D 1838,2627058339,1000,1548,1548,2.3746023,0.00083,-1,-1,-1,0,0,0,136,1,1,0,0.0000000,0.0000000,0.0000000,0,0,0,0
757215236663708 D 1839,2627059339,1000,1548,1548,2.3746023,0.00080,-1,-1,-1,0,0,0,136,1,1,0,0.0000000,0.0000000,0.0000000,0,0,0,0
757215237594000 D 1840,2627060339,1000,1548,1548,2.3746023,0.00077,-1,-1,-1,0,0,0,136,1,1,0,0.0000000,0.0000000,0.0000000,0,0,0,0
757215238597041 D 1841,2627061339,1000,1548,1548,2.3746023,0.00074,-1,-1,-1,0,0,0,136,1,1,0,0.0000000,0.0000000,0.0000000,0,0,0,0
757215239645916 D 1842,2627062339,1000,1548,1548,2.3746023,0.00071,-1,-1,-1,0,0,0,136,1,1,0,0.0000000,0.0000000,0.0000000,0,0,0,0
757215240763916 D 1843,2627063339,1000,1548,1548,2.3746023,0.00068,-1,-1,-1,0,0,0,136,1,1,0,0.0000000,0.0000000,0.0000000,0,0,0,0
757215241559125 D 1844,2627064339,1000,1549,1549,2.3761363,0.06080,-1,-1,-1,0,0,0,136,1,1,0,0.0000000,0.0000000,0.0000000,0,0,0,0
757215242591833 D 1845,2627065339,1000,1548,1548,2.3746023,-0.00173,-1,-1,-1,0,0,0,136,1,1,0,0.0000000,0.0000000,0.0000000,0,0,0,0
757215243529208 D 1846,2627066339,1000,1548,1548,2.3746023,-0.00166,-1,-1,-1,0,0,0,136,1,1,0,0.0000000,0.0000000,0.0000000,0,0,0,0
757215244621000 D 1847,2627067339,1000,1548,1548,2.3746023,-0.00160,-1,-1,-1,0,0,0,136,1,1,0,0.0000000,0.0000000,0.0000000,0,0,0,0
757215246243291 D 1848,2627068339,1000,1548,1548,2.3746023,-0.00153,-1,-1,-1,0,0,0,136,1,1,0,0.0000000,0.0000000,0.0000000,0,0,0,0
757215246828166 D 1849,2627069339,1000,1548,1548,2.3746023,-0.00147,-1,-1,-1,0,0,0,136,1,1,0,0.0000000,0.0000000,0.0000000,0,0,0,0
757215247868541 D 1850,2627070339,1000,1548,1548,2.3746023,-0.00142,-1,-1,-1,0,0,0,136,1,1,0,0.0000000,0.0000000,0.0000000,0,0,0,0
757215248688500 D 1851,2627071339,1000,1548,1548,2.3746023,-0.00136,-1,-1,-1,0,0,0,136,1,1,0,0.0000000,0.0000000,0.0000000,0,0,0,0
757215249596083 D 1852,2627072339,1000,1548,1548,2.3746023,-0.00131,-1,-1,-1,0,0,0,136,1,1,0,0.0000000,0.0000000,0.0000000,0,0,0,0
757215250667416 D 1853,2627073339,1000,1548,1548,2.3746023,-0.00126,-1,-1,-1,0,0,0,136,1,1,0,0.0000000,0.0000000,0.0000000,0,0,0,0
757215251677250 D 1854,2627074339,1000,1548,1548,2.3746023,-0.00121,-1,-1,-1,0,0,0,136,1,1,0,0.0000000,0.0000000,0.0000000,0,0,0,0
757215252678166 D 1855,2627075339,1000,1548,1548,2.3746023,-0.00116,-1,-1,-1,0,0,0,136,1,1,0,0.0000000,0.0000000,0.0000000,0,0,0,0
757215253640000 D 1856,2627076339,1000,1548,1548,2.3746023,-0.00111,-1,-1,-1,0,0,0,136,1,1,0,0.0000000,0.0000000,0.0000000,0,0,0,0
757215254603125 D 1857,2627077339,1000,1548,1548,2.3746023,-0.00107,-1,-1,-1,0,0,0,136,1,1,0,0.0000000,0.0000000,0.0000000,0,0,0,0
757215255702666 D 1858,2627078339,1000,1548,1548,2.3746023,-0.00103,-1,-1,-1,0,0,0,136,1,1,0,0.0000000,0.0000000,0.0000000,0,0,0,0
757215256702458 D 1859,2627079339,1000,1548,1548,2.3746023,-0.00099,-1,-1,-1,0,0,0,136,1,1,0,0.0000000,0.0000000,0.0000000,0,0,0,0
757215257632208 D 1860,2627080339,1000,1548,1548,2.3746023,-0.00095,-1,-1,-1,0,0,0,136,1,1,0,0.0000000,0.0000000,0.0000000,0,0,0,0
757215259120125 D 1861,2627081339,1000,1548,1548,2.3746023,-0.00091,-1,-1,-1,0,0,0,136,1,1,0,0.0000000,0.0000000,0.0000000,0,0,0,0
757215259922083 D 1862,2627082339,1000,1548,1548,2.3746023,-0.00088,-1,-1,-1,0,0,0,136,1,1,0,0.0000000,0.0000000,0.0000000,0,0,0,0
757215261173083 D 1863,2627083339,1000,1547,1547,2.3730683,-0.06099,-1,-1,-1,0,0,0,136,1,1,0,0.0000000,0.0000000,0.0000000,0,0,0,0
757215261931208 D 1864,2627084339,1000,1548,1548,2.3746023,0.00155,-1,-1,-1,0,0,0,136,1,1,0,0.0000000,0.0000000,0.0000000,0,0,0,0
757215262648375 D 1865,2627085339,1000,1548,1548,2.3746023,0.00149,-1,-1,-1,0,0,0,136,1,1,0,0.0000000,0.0000000,0.0000000,0,0,0,0
757215263642458 D 1866,2627086339,1000,1548,1548,2.3746023,0.00143,-1,-1,-1,0,0,0,136,1,1,0,0.0000000,0.0000000,0.0000000,0,0,0,0
757215264650125 D 1867,2627087339,1000,1548,1548,2.3746023,0.00137,-1,-1,-1,0,0,0,136,1,1,0,0.0000000,0.0000000,0.0000000,0,0,0,0
757215265660166 D 1868,2627088339,1000,1548,1548,2.3746023,0.00132,-1,-1,-1,0,0,0,136,1,1,0,0.0000000,0.0000000,0.0000000,0,0,0,0
757215266564583 D 1869,2627089339,1000,1548,1548,2.3746023,0.00127,-1,-1,-1,0,0,0,136,1,1,0,0.0000000,0.0000000,0.0000000,0,0,0,0
757215267741625 D 1870,2627090339,1000,1548,1548,2.3746023,0.00122,-1,-1,-1,0,0,0,136,1,1,0,0.0000000,0.0000000,0.0000000,0,0,0,0
757215268698166 D 1871,2627091339,1000,1548,1548,2.3746023,0.00117,-1,-1,-1,0,0,0,135,1,1,0,0.0000000,0.0000000,0.0000000,0,0,0,0
757215269693250 D 1872,2627092339,1000,1548,1548,2.3746023,0.00113,-1,-1,-1,0,0,0,136,1,1,0,0.0000000,0.0000000,0.0000000,0,0,0,0
757215270604250 D 1873,2627093339,1000,1548,1548,2.3746023,0.00108,-1,-1,-1,0,0,0,136,1,1,0,0.0000000,0.0000000,0.0000000,0,0,0,0
757215271706375 D 1874,2627094339,1000,1548,1548,2.3746023,0.00104,-1,-1,-1,0,0,0,136,1,1,0,0.0000000,0.0000000,0.0000000,0,0,0,0
757215273580166 D 1875,2627095339,1000,1548,1548,2.3746023,0.00100,-1,-1,-1,0,0,0,136,1,1,0,0.0000000,0.0000000,0.0000000,0,0,0,0
757215274423750 D 1876,2627096339,1000,1548,1548,2.3746023,0.00096,-1,-1,-1,0,0,0,136,1,1,0,0.0000000,0.0000000,0.0000000,0,0,0,0
757215275249583 D 1877,2627097339,1000,1548,1548,2.3746023,0.00092,-1,-1,-1,0,0,0,136,1,1,0,0.0000000,0.0000000,0.0000000,0,0,0,0
757215275981083 D 1878,2627098339,1000,1548,1548,2.3746023,0.00089,-1,-1,-1,0,0,0,136,1,1,0,0.0000000,0.0000000,0.0000000,0,0,0,0
757215276659125 D 1879,2627099339,1000,1548,1548,2.3746023,0.00085,-1,-1,-1,0,0,0,136,1,1,0,0.0000000,0.0000000,0.0000000,0,0,0,0
757215277712625 D 1880,2627100339,1000,1548,1548,2.3746023,0.00082,-1,-1,-1,0,0,0,136,1,1,0,0.0000000,0.0000000,0.0000000,0,0,0,0
757215278641583 D 1881,2627101339,1000,1548,1548,2.3746023,0.00079,-1,-1,-1,0,0,0,136,1,1,0,0.0000000,0.0000000,0.0000000,0,0,0,0
757215280045125 D 1882,2627102339,1000,1548,1548,2.3746023,0.00075,39,128,2074,0,0,0,136,1,1,0,0.0000000,0.0000000,0.0000000,0,0,0,0
757215280644875 D 1883,2627103339,1000,1547,1547,2.3730683,-0.05942,-1,-1,-1,0,0,0,136,1,1,0,0.0000000,0.0000000,0.0000000,0,0,0,0
757215281622583 D 1884,2627104339,1000,1548,1548,2.3746023,0.00305,-1,-1,-1,0,0,0,136,1,1,0,0.0000000,0.0000000,0.0000000,0,0,0,0
757215282664583 D 1885,2627105339,1000,1548,1548,2.3746023,0.00293,-1,-1,-1,0,0,0,136,1,1,0,0.0000000,0.0000000,0.0000000,0,0,0,0
757215283597458 D 1886,2627106339,1000,1548,1548,2.3746023,0.00282,-1,-1,-1,0,0,0,136,1,1,0,0.0000000,0.0000000,0.0000000,0,0,0,0
757215284665250 D 1887,2627107339,1000,1548,1548,2.3746023,0.00271,-1,-1,-1,0,0,0,136,1,1,0,0.0000000,0.0000000,0.0000000,0,0,0,0
757215285663000 D 1888,2627108339,1000,1548,1548,2.3746023,0.00260,-1,-1,-1,0,0,0,136,1,1,0,0.0000000,0.0000000,0.0000000,0,0,0,0
757215286674625 D 1889,2627109339,1000,1549,1549,2.3761363,0.06265,-1,-1,-1,0,0,0,136,1,1,0,0.0000000,0.0000000,0.0000000,0,0,0,0
757215287642875 D 1890,2627110339,1000,1548,1548,2.3746023,0.00004,-1,-1,-1,0,0,0,136,1,1,0,0.0000000,0.0000000,0.0000000,0,0,0,0
757215288662208 D 1891,2627111339,1000,1548,1548,2.3746023,0.00004,-1,-1,-1,0,0,0,136,1,1,0,0.0000000,0.0000000,0.0000000,0,0,0,0
757215289700125 D 1892,2627112339,1000,1548,1548,2.3746023,0.00004,-1,-1,-1,0,0,0,136,1,1,0,0.0000000,0.0000000,0.0000000,0,0,0,0
757215290710375 D 1893,2627113339,1000,1548,1548,2.3746023,0.00004,-1,-1,-1,0,0,0,136,1,1,0,0.0000000,0.0000000,0.0000000,0,0,0,0
757215291640625 D 1894,2627114339,1000,1548,1548,2.3746023,0.00004,-1,-1,-1,0,0,0,136,1,1,0,0.0000000,0.0000000,0.0000000,0,0,0,0
757215292671875 D 1895,2627115339,1000,1548,1548,2.3746023,0.00004,-1,-1,-1,0,0,0,136,1,1,0,0.0000000,0.0000000,0.0000000,0,0,0,0
757215293705750 D 1896,2627116339,1000,1548,1548,2.3746023,0.00004,-1,-1,-1,0,0,0,136,1,1,0,0.0000000,0.0000000,0.0000000,0,0,0,0
757215294686875 D 1897,2627117339,1000,1548,1548,2.3746023,0.00003,-1,-1,-1,0,0,0,136,1,1,0,0.0000000,0.0000000,0.0000000,0,0,0,0
757215295627875 D 1898,2627118339,1000,1548,1548,2.3746023,0.00003,-1,-1,-1,0,0,0,136,1,1,0,0.0000000,0.0000000,0.0000000,0,0,0,0
757215296707916 D 1899,2627119339,1000,1548,1548,2.3746023,0.00003,-1,-1,-1,0,0,0,136,1,1,0,0.0000000,0.0000000,0.0000000,0,0,0,0
757215297633041 D 1900,2627120339,1000,1548,1548,2.3746023,0.00003,-1,-1,-1,0,0,0,136,1,1,0,0.0000000,0.0000000,0.0000000,0,0,0,0
757215298809916 D 1901,2627121339,1000,1548,1548,2.3746023,0.00003,-1,-1,-1,0,0,0,136,1,1,0,0.0000000,0.0000000,0.0000000,0,0,0,0
757215299600333 D 1902,2627122339,1000,1548,1548,2.3746023,0.00003,-1,-1,-1,0,0,0,136,1,1,0,0.0000000,0.0000000,0.0000000,0,0,0,0
757215300620125 D 1903,2627123339,1000,1548,1548,2.3746023,0.00003,-1,-1,-1,0,0,0,136,1,1,0,0.0000000,0.0000000,0.0000000,0,0,0,0
757215301627000 D 1904,2627124339,1000,1548,1548,2.3746023,0.00003,-1,-1,-1,0,0,0,136,1,1,0,0.0000000,0.0000000,0.0000000,0,0,0,0
757215303000458 D 1905,2627125339,1000,1548,1548,2.3746023,0.00002,-1,-1,-1,0,0,0,136,1,1,0,0.0000000,0.0000000,0.0000000,0,0,0,0
757215304142583 D 1906,2627126339,1000,1548,1548,2.3746023,0.00002,-1,-1,-1,0,0,0,135,1,1,0,0.0000000,0.0000000,0.0000000,0,0,0,0
757215305148291 D 1907,2627127339,1000,1548,1548,2.3746023,0.00002,-1,-1,-1,0,0,0,136,1,1,0,0.0000000,0.0000000,0.0000000,0,0,0,0
757215305811833 D 1908,2627128339,1000,1548,1548,2.3746023,0.00002,-1,-1,-1,0,0,0,136,1,1,0,0.0000000,0.0000000,0.0000000,0,0,0,0
757215306633041 D 1909,2627129339,1000,1548,1548,2.3746023,0.00002,-1,-1,-1,0,0,0,136,1,1,0,0.0000000,0.0000000,0.0000000,0,0,0,0
757215307638375 D 1910,2627130339,1000,1548,1548,2.3746023,0.00002,-1,-1,-1,0,0,0,136,1,1,0,0.0000000,0.0000000,0.0000000,0,0,0,0
757215308672083 D 1911,2627131339,1000,1548,1548,2.3746023,0.00002,-1,-1,-1,0,0,0,136,1,1,0,0.0000000,0.0000000,0.0000000,0,0,0,0
757215309635083 D 1912,2627132339,1000,1548,1548,2.3746023,0.00002,-1,-1,-1,0,0,0,136,1,1,0,0.0000000,0.0000000,0.0000000,0,0,0,0
757215310621000 D 1913,2627133339,1000,1549,1549,2.3761363,0.06017,-1,-1,-1,0,0,0,136,1,1,0,0.0000000,0.0000000,0.0000000,0,0,0,0
757215311625375 D 1914,2627134339,1000,1548,1548,2.3746023,-0.00234,-1,-1,-1,0,0,0,136,1,1,0,0.0000000,0.0000000,0.0000000,0,0,0,0
757215312600458 D 1915,2627135339,1000,1547,1547,2.3730683,-0.06240,-1,-1,-1,0,0,0,136,1,1,0,0.0000000,0.0000000,0.0000000,0,0,0,0
757215313628125 D 1916,2627136339,1000,1548,1548,2.3746023,0.00020,-1,-1,-1,0,0,0,136,1,1,0,0.0000000,0.0000000,0.0000000,0,0,0,0
757215314598833 D 1917,2627137339,1000,1548,1548,2.3746023,0.00019,-1,-1,-1,0,0,0,136,1,1,0,0.0000000,0.0000000,0.0000000,0,0,0,0
757215315596208 D 1918,2627138339,1000,1548,1548,2.3746023,0.00018,-1,-1,-1,0,0,0,136,1,1,0,0.0000000,0.0000000,0.0000000,0,0,0,0
757215316574541 D 1919,2627139339,1000,1548,1548,2.3746023,0.00017,-1,-1,-1,0,0,0,136,1,1,0,0.0000000,0.0000000,0.0000000,0,0,0,0
757215317621166 D 1920,2627140339,1000,1548,1548,2.3746023,0.00017,-1,-1,-1,0,0,0,136,1,1,0,0.0000000,0.0000000,0.0000000,0,0,0,0
757215318606541 D 1921,2627141339,1000,1548,1548,2.3746023,0.00016,-1,-1,-1,0,0,0,136,1,1,0,0.0000000,0.0000000,0.0000000,0,0,0,0
757215319598333 D 1922,2627142339,1000,1548,1548,2.3746023,0.00016,-1,-1,-1,0,0,0,136,1,1,0,0.0000000,0.0000000,0.0000000,0,0,0,0
757215320587000 D 1923,2627143339,1000,1548,1548,2.3746023,0.00015,-1,-1,-1,0,0,0,136,1,1,0,0.0000000,0.0000000,0.0000000,0,0,0,0
757215321622333 D 1924,2627144339,1000,1548,1548,2.3746023,0.00014,-1,-1,-1,0,0,0,136,1,1,0,0.0000000,0.0000000,0.0000000,0,0,0,0
757215322624666 D 1925,2627145339,1000,1547,1547,2.3730683,-0.06001,-1,-1,-1,0,0,0,136,1,1,0,0.0000000,0.0000000,0.0000000,0,0,0,0
757215323648541 D 1926,2627146339,1000,1548,1548,2.3746023,0.00249,-1,-1,-1,0,0,0,136,1,1,0,0.0000000,0.0000000,0.0000000,0,0,0,0
757215324616750 D 1927,2627147339,1000,1548,1548,2.3746023,0.00239,-1,-1,-1,0,0,0,136,1,1,0,0.0000000,0.0000000,0.0000000,0,0,0,0
757215325636791 D 1928,2627148339,1000,1548,1548,2.3746023,0.00230,-1,-1,-1,0,0,0,136,1,1,0,0.0000000,0.0000000,0.0000000,0,0,0,0
757215326633625 D 1929,2627149339,1000,1548,1548,2.3746023,0.00221,-1,-1,-1,0,0,0,136,1,1,0,0.0000000,0.0000000,0.0000000,0,0,0,0
757215327675708 D 1930,2627150339,1000,1548,1548,2.3746023,0.00212,-1,-1,-1,0,0,0,136,1,1,0,0.0000000,0.0000000,0.0000000,0,0,0,0
757215328617916 D 1931,2627151339,1000,1548,1548,2.3746023,0.00204,-1,-1,-1,0,0,0,136,1,1,0,0.0000000,0.0000000,0.0000000,0,0,0,0
757215330096291 D 1932,2627152339,1000,1548,1548,2.3746023,0.00196,39,128,2074,0,0,0,136,1,1,0,0.0000000,0.0000000,0.0000000,0,0,0,0
757215330658958 D 1933,2627153339,1000,1548,1548,2.3746023,0.00188,-1,-1,-1,0,0,0,136,1,1,0,0.0000000,0.0000000,0.0000000,0,0,0,0
757215332017458 D 1934,2627154339,1000,1548,1548,2.3746023,0.00181,-1,-1,-1,0,0,0,136,1,1,0,0.0000000,0.0000000,0.0000000,0,0,0,0
757215332786416 D 1935,2627155339,1000,1548,1548,2.3746023,0.00174,-1,-1,-1,0,0,0,136,1,1,0,0.0000000,0.0000000,0.0000000,0,0,0,0
757215333646916 D 1936,2627156339,1000,1548,1548,2.3746023,0.00167,-1,-1,-1,0,0,0,136,1,1,0,0.0000000,0.0000000,0.0000000,0,0,0,0
757215334643958 D 1937,2627157339,1000,1548,1548,2.3746023,0.00160,-1,-1,-1,0,0,0,136,1,1,0,0.0000000,0.0000000,0.0000000,0,0,0,0
757215335637000 D 1938,2627158339,1000,1548,1548,2.3746023,0.00154,-1,-1,-1,0,0,0,136,1,1,0,0.0000000,0.0000000,0.0000000,0,0,0,0
757215336587916 D 1939,2627159339,1000,1548,1548,2.3746023,0.00148,-1,-1,-1,0,0,0,136,1,1,0,0.0000000,0.0000000,0.0000000,0,0,0,0
757215337584708 D 1940,2627160339,1000,1548,1548,2.3746023,0.00142,-1,-1,-1,0,0,0,136,1,1,0,0.0000000,0.0000000,0.0000000,0,0,0,0
757215338605791 D 1941,2627161339,1000,1548,1548,2.3746023,0.00137,-1,-1,-1,0,0,0,135,1,1,0,0.0000000,0.0000000,0.0000000,0,0,0,0
757215339633375 D 1942,2627162339,1000,1548,1548,2.3746023,0.00131,-1,-1,-1,0,0,0,136,1,1,0,0.0000000,0.0000000,0.0000000,0,0,0,0
757215340673833 D 1943,2627163339,1000,1548,1548,2.3746023,0.00126,-1,-1,-1,0,0,0,136,1,1,0,0.0000000,0.0000000,0.0000000,0,0,0,0
757215341661208 D 1944,2627164339,1000,1548,1548,2.3746023,0.00121,-1,-1,-1,0,0,0,136,1,1,0,0.0000000,0.0000000,0.0000000,0,0,0,0
757215342642833 D 1945,2627165339,1000,1547,1547,2.3730683,-0.05898,-1,-1,-1,0,0,0,136,1,1,0,0.0000000,0.0000000,0.0000000,0,0,0,0
757215343461291 D 1946,2627166339,1000,1548,1548,2.3746023,0.00348,-1,-1,-1,0,0,0,136,1,1,0,0.0000000,0.0000000,0.0000000,0,0,0,0
757215344500625 D 1947,2627167339,1000,1548,1548,2.3746023,0.00334,-1,-1,-1,0,0,0,136,1,1,0,0.0000000,0.0000000,0.0000000,0,0,0,0
757215345486541 D 1948,2627168339,1000,1548,1548,2.3746023,0.00321,-1,-1,-1,0,0,0,136,1,1,0,0.0000000,0.0000000,0.0000000,0,0,0,0
757215346499083 D 1949,2627169339,1000,1548,1548,2.3746023,0.00308,-1,-1,-1,0,0,0,136,1,1,0,0.0000000,0.0000000,0.0000000,0,0,0,0
757215347422250 D 1950,2627170339,1000,1548,1548,2.3746023,0.00296,-1,-1,-1,0,0,0,136,1,1,0,0.0000000,0.0000000,0.0000000,0,0,0,0
757215348378583 D 1951,2627171339,1000,1548,1548,2.3746023,0.00285,-1,-1,-1,0,0,0,136,1,1,0,0.0000000,0.0000000,0.0000000,0,0,0,0
757215349350666 D 1952,2627172339,1000,1548,1548,2.3746023,0.00274,-1,-1,-1,0,0,0,136,1,1,0,0.0000000,0.0000000,0.0000000,0,0,0,0
757215350380416 D 1953,2627173339,1000,1548,1548,2.3746023,0.00263,-1,-1,-1,0,0,0,136,1,1,0,0.0000000,0.0000000,0.0000000,0,0,0,0
757215351725625 D 1954,2627174339,1000,1548,1548,2.3746023,0.00253,-1,-1,-1,0,0,0,136,1,1,0,0.0000000,0.0000000,0.0000000,0,0,0,0
757215352556458 D 1955,2627175339,1000,1548,1548,2.3746023,0.00243,-1,-1,-1,0,0,0,136,1,1,0,0.0000000,0.0000000,0.0000000,0,0,0,0
757215353599375 D 1956,2627176339,1000,1548,1548,2.3746023,0.00233,-1,-1,-1,0,0,0,136,1,1,0,0.0000000,0.0000000,0.0000000,0,0,0,0
757215354574916 D 1957,2627177339,1000,1548,1548,2.3746023,0.00224,-1,-1,-1,0,0,0,136,1,1,0,0.0000000,0.0000000,0.0000000,0,0,0,0
757215355553416 D 1958,2627178339,1000,1548,1548,2.3746023,0.00215,-1,-1,-1,0,0,0,136,1,1,0,0.0000000,0.0000000,0.0000000,0,0,0,0
757215356582166 D 1959,2627179339,1000,1548,1548,2.3746023,0.00207,-1,-1,-1,0,0,0,136,1,1,0,0.0000000,0.0000000,0.0000000,0,0,0,0
757215357567333 D 1960,2627180339,1000,1549,1549,2.3761363,0.06213,-1,-1,-1,0,0,0,136,1,1,0,0.0000000,0.0000000,0.0000000,0,0,0,0
757215358579250 D 1961,2627181339,1000,1549,1549,2.3761363,0.05970,-1,-1,-1,0,0,0,136,1,1,0,0.0000000,0.0000000,0.0000000,0,0,0,0
757215359572875 D 1962,2627182339,1000,1548,1548,2.3746023,-0.00279,-1,-1,-1,0,0,0,136,1,1,0,0.0000000,0.0000000,0.0000000,0,0,0,0
757215360579583 D 1963,2627183339,1000,1548,1548,2.3746023,-0.00268,-1,-1,-1,0,0,0,136,1,1,0,0.0000000,0.0000000,0.0000000,0,0,0,0
757215361555000 D 1964,2627184339,1000,1548,1548,2.3746023,-0.00258,-1,-1,-1,0,0,0,136,1,1,0,0.0000000,0.0000000,0.0000000,0,0,0,0
757215362533208 D 1965,2627185339,1000,1548,1548,2.3746023,-0.00248,-1,-1,-1,0,0,0,136,1,1,0,0.0000000,0.0000000,0.0000000,0,0,0,0
757215363580333 D 1966,2627186339,1000,1548,1548,2.3746023,-0.00238,-1,-1,-1,0,0,0,136,1,1,0,0.0000000,0.0000000,0.0000000,0,0,0,0
757215364603333 D 1967,2627187339,1000,1548,1548,2.3746023,-0.00228,-1,-1,-1,0,0,0,136,1,1,0,0.0000000,0.0000000,0.0000000,0,0,0,0
757215365645291 D 1968,2627188339,1000,1548,1548,2.3746023,-0.00220,-1,-1,-1,0,0,0,136,1,1,0,0.0000000,0.0000000,0.0000000,0,0,0,0
757215366591000 D 1969,2627189339,1000,1548,1548,2.3746023,-0.00211,-1,-1,-1,0,0,0,136,1,1,0,0.0000000,0.0000000,0.0000000,0,0,0,0
757215367569000 D 1970,2627190339,1000,1548,1548,2.3746023,-0.00203,-1,-1,-1,0,0,0,136,1,1,0,0.0000000,0.0000000,0.0000000,0,0,0,0
757215368594916 D 1971,2627191339,1000,1548,1548,2.3746023,-0.00195,-1,-1,-1,0,0,0,136,1,1,0,0.0000000,0.0000000,0.0000000,0,0,0,0
757215369536875 D 1972,2627192339,1000,1548,1548,2.3746023,-0.00187,-1,-1,-1,0,0,0,136,1,1,0,0.0000000,0.0000000,0.0000000,0,0,0,0
757215370608541 D 1973,2627193339,1000,1548,1548,2.3746023,-0.00180,-1,-1,-1,0,0,0,136,1,1,0,0.0000000,0.0000000,0.0000000,0,0,0,0
757215371601333 D 1974,2627194339,1000,1548,1548,2.3746023,-0.00173,-1,-1,-1,0,0,0,136,1,1,0,0.0000000,0.0000000,0.0000000,0,0,0,0
757215372618291 D 1975,2627195339,1000,1548,1548,2.3746023,-0.00166,-1,-1,-1,0,0,0,136,1,1,0,0.0000000,0.0000000,0.0000000,0,0,0,0
757215373536291 D 1976,2627196339,1000,1548,1548,2.3746023,-0.00159,-1,-1,-1,0,0,0,136,1,1,0,0.0000000,0.0000000,0.0000000,0,0,0,0
757215374683916 D 1977,2627197339,1000,1548,1548,2.3746023,-0.00153,-1,-1,-1,0,0,0,136,1,1,0,0.0000000,0.0000000,0.0000000,0,0,0,0
757215375659250 D 1978,2627198339,1000,1548,1548,2.3746023,-0.00147,-1,-1,-1,0,0,0,136,1,1,0,0.0000000,0.0000000,0.0000000,0,0,0,0
757215376595041 D 1979,2627199339,1000,1548,1548,2.3746023,-0.00141,-1,-1,-1,0,0,0,136,1,1,0,0.0000000,0.0000000,0.0000000,0,0,0,0
757215377631083 D 1980,2627200339,1000,1548,1548,2.3746023,-0.00136,-1,-1,-1,0,0,0,136,1,1,0,0.0000000,0.0000000,0.0000000,0,0,0,0
757215378630375 D 1981,2627201339,1000,1548,1548,2.3746023,-0.00131,-1,-1,-1,0,0,0,136,1,1,0,0.0000000,0.0000000,0.0000000,0,0,0,0
757215380053750 D 1982,2627202339,1000,1548,1548,2.3746023,-0.00125,39,128,2075,0,0,0,136,1,1,0,0.0000000,0.0000000,0.0000000,0,0,0,0
757215382191166 D 1983,2627203339,1000,1548,1548,2.3746023,-0.00120,-1,-1,-1,0,0,0,136,1,1,0,0.0000000,0.0000000,0.0000000,0,0,0,0
757215382743125 D 1984,2627204339,1000,1548,1548,2.3746023,-0.00116,-1,-1,-1,0,0,0,136,1,1,0,0.0000000,0.0000000,0.0000000,0,0,0,0
757215383386708 D 1985,2627205339,1000,1548,1548,2.3746023,-0.00111,-1,-1,-1,0,0,0,136,1,1,0,0.0000000,0.0000000,0.0000000,0,0,0,0
757215384444208 D 1986,2627206339,1000,1548,1548,2.3746023,-0.00107,-1,-1,-1,0,0,0,136,1,1,0,0.0000000,0.0000000,0.0000000,0,0,0,0
757215385138958 D 1987,2627207339,1000,1548,1548,2.3746023,-0.00103,-1,-1,-1,0,0,0,136,1,1,0,0.0000000,0.0000000,0.0000000,0,0,0,0
757215385703375 D 1988,2627208339,1000,1548,1548,2.3746023,-0.00099,-1,-1,-1,0,0,0,136,1,1,0,0.0000000,0.0000000,0.0000000,0,0,0,0
757215387397166 D 1989,2627209339,1000,1548,1548,2.3746023,-0.00095,-1,-1,-1,0,0,0,136,1,1,0,0.0000000,0.0000000,0.0000000,0,0,0,0
757215388244500 D 1990,2627210339,1000,1548,1548,2.3746023,-0.00091,-1,-1,-1,0,0,0,136,1,1,0,0.0000000,0.0000000,0.0000000,0,0,0,0
757215388581875 D 1991,2627211339,1000,1548,1548,2.3746023,-0.00087,-1,-1,-1,0,0,0,136,1,1,0,0.0000000,0.0000000,0.0000000,0,0,0,0
757215391362333 D 1992,2627212339,1000,1548,1548,2.3746023,-0.00084,-1,-1,-1,0,0,0,136,1,1,0,0.0000000,0.0000000,0.0000000,0,0,0,0
757215392347250 D 1993,2627213339,1000,1548,1548,2.3746023,-0.00081,-1,-1,-1,0,0,0,136,1,1,0,0.0000000,0.0000000,0.0000000,0,0,0,0
757215392702041 D 1994,2627214339,1000,1548,1548,2.3746023,-0.00078,-1,-1,-1,0,0,0,136,1,1,0,0.0000000,0.0000000,0.0000000,0,0,0,0
757215393046541 D 1995,2627215339,1000,1548,1548,2.3746023,-0.00075,-1,-1,-1,0,0,0,136,1,1,0,0.0000000,0.0000000,0.0000000,0,0,0,0
757215393354791 D 1996,2627216339,1000,1548,1548,2.3746023,-0.00072,-1,-1,-1,0,0,0,136,1,1,0,0.0000000,0.0000000,0.0000000,0,0,0,0
757215394311625 D 1997,2627217339,1000,1548,1548,2.3746023,-0.00069,-1,-1,-1,0,0,0,136,1,1,0,0.0000000,0.0000000,0.0000000,0,0,0,0
757215395425625 D 1998,2627218339,1000,1548,1548,2.3746023,-0.00066,-1,-1,-1,0,0,0,136,1,1,0,0.0000000,0.0000000,0.0000000,0,0,0,0
757215396358708 D 1999,2627219339,1000,1548,1548,2.3746023,-0.00064,-1,-1,-1,0,0,0,136,1,1,0,0.0000000,0.0000000,0.0000000,0,0,0,0
757215397305000 D 2000,2627220339,1000,1548,1548,2.3746023,-0.00061,-1,-1,-1,0,0,0,136,1,1,0,0.0000000,0.0000000,0.0000000,0,0,0,0
757215398308041 D 2001,2627221339,1000,1548,1548,2.3746023,-0.00059,-1,-1,-1,0,0,0,136,1,1,0,0.0000000,0.0000000,0.0000000,0,0,0,0
757215399364083 D 2002,2627222339,1000,1548,1548,2.3746023,-0.00056,-1,-1,-1,0,0,0,136,1,1,0,0.0000000,0.0000000,0.0000000,0,0,0,0
757215400339833 D 2003,2627223339,1000,1548,1548,2.3746023,-0.00054,-1,-1,-1,0,0,0,136,1,1,0,0.0000000,0.0000000,0.0000000,0,0,0,0
757215401332666 D 2004,2627224339,1000,1548,1548,2.3746023,-0.00052,-1,-1,-1,0,0,0,136,1,1,0,0.0000000,0.0000000,0.0000000,0,0,0,0
757215402341416 D 2005,2627225339,1000,1548,1548,2.3746023,-0.00050,-1,-1,-1,0,0,0,136,1,1,0,0.0000000,0.0000000,0.0000000,0,0,0,0
757215403353666 D 2006,2627226339,1000,1548,1548,2.3746023,-0.00048,-1,-1,-1,0,0,0,136,1,1,0,0.0000000,0.0000000,0.0000000,0,0,0,0
757215404343500 D 2007,2627227339,1000,1548,1548,2.3746023,-0.00046,-1,-1,-1,0,0,0,136,1,1,0,0.0000000,0.0000000,0.0000000,0,0,0,0
757215405289625 D 2008,2627228339,1000,1548,1548,2.3746023,-0.00044,-1,-1,-1,0,0,0,136,1,1,0,0.0000000,0.0000000,0.0000000,0,0,0,0
757215406262958 D 2009,2627229339,1000,1548,1548,2.3746023,-0.00043,-1,-1,-1,0,0,0,136,1,1,0,0.0000000,0.0000000,0.0000000,0,0,0,0
757215407303458 D 2010,2627230339,1000,1548,1548,2.3746023,-0.00041,-1,-1,-1,0,0,0,136,1,1,0,0.0000000,0.0000000,0.0000000,0,0,0,0
757215408430500 D 2011,2627231339,1000,1548,1548,2.3746023,-0.00039,-1,-1,-1,0,0,0,136,1,1,0,0.0000000,0.0000000,0.0000000,0,0,0,0
757215409357375 D 2012,2627232339,1000,1548,1548,2.3746023,-0.00038,-1,-1,-1,0,0,0,136,1,1,0,0.0000000,0.0000000,0.0000000,0,0,0,0
757215410317583 D 2013,2627233339,1000,1548,1548,2.3746023,-0.00036,-1,-1,-1,0,0,0,136,1,1,0,0.0000000,0.0000000,0.0000000,0,0,0,0
757215411367041 D 2014,2627234339,1000,1548,1548,2.3746023,-0.00035,-1,-1,-1,0,0,0,136,1,1,0,0.0000000,0.0000000,0.0000000,0,0,0,0
757215412343875 D 2015,2627235339,1000,1548,1548,2.3746023,-0.00033,-1,-1,-1,0,0,0,136,1,1,0,0.0000000,0.0000000,0.0000000,0,0,0,0
757215413349000 D 2016,2627236339,1000,1548,1548,2.3746023,-0.00032,-1,-1,-1,0,0,0,136,1,1,0,0.0000000,0.0000000,0.0000000,0,0,0,0
757215414307375 D 2017,2627237339,1000,1548,1548,2.3746023,-0.00031,-1,-1,-1,0,0,0,136,1,1,0,0.0000000,0.0000000,0.0000000,0,0,0,0
757215415288250 D 2018,2627238339,1000,1548,1548,2.3746023,-0.00030,-1,-1,-1,0,0,0,136,1,1,0,0.0000000,0.0000000,0.0000000,0,0,0,0
757215416302416 D 2019,2627239339,1000,1548,1548,2.3746023,-0.00029,-1,-1,-1,0,0,0,136,1,1,0,0.0000000,0.0000000,0.0000000,0,0,0,0
757215417301291 D 2020,2627240339,1000,1548,1548,2.3746023,-0.00027,-1,-1,-1,0,0,0,136,1,1,0,0.0000000,0.0000000,0.0000000,0,0,0,0
757215418602750 D 2021,2627241339,1000,1548,1548,2.3746023,-0.00026,-1,-1,-1,0,0,0,136,1,1,0,0.0000000,0.0000000,0.0000000,0,0,0,0
757215419658208 D 2022,2627242339,1000,1548,1548,2.3746023,-0.00025,-1,-1,-1,0,0,0,136,1,1,0,0.0000000,0.0000000,0.0000000,0,0,0,0
757215420584083 D 2023,2627243339,1000,1548,1548,2.3746023,-0.00024,-1,-1,-1,0,0,0,136,1,1,0,0.0000000,0.0000000,0.0000000,0,0,0,0
757215421561500 D 2024,2627244339,1000,1548,1548,2.3746023,-0.00023,-1,-1,-1,0,0,0,136,1,1,0,0.0000000,0.0000000,0.0000000,0,0,0,0
757215422562708 D 2025,2627245339,1000,1548,1548,2.3746023,-0.00022,-1,-1,-1,0,0,0,136,1,1,0,0.0000000,0.0000000,0.0000000,0,0,0,0
757215423552000 D 2026,2627246339,1000,1548,1548,2.3746023,-0.00022,-1,-1,-1,0,0,0,136,1,1,0,0.0000000,0.0000000,0.0000000,0,0,0,0
757215424630166 D 2027,2627247339,1000,1548,1548,2.3746023,-0.00021,-1,-1,-1,0,0,0,136,1,1,0,0.0000000,0.0000000,0.0000000,0,0,0,0
757215425609875 D 2028,2627248339,1000,1548,1548,2.3746023,-0.00020,-1,-1,-1,0,0,0,136,1,1,0,0.0000000,0.0000000,0.0000000,0,0,0,0
757215426544000 D 2029,2627249339,1000,1548,1548,2.3746023,-0.00019,-1,-1,-1,0,0,0,136,1,1,0,0.0000000,0.0000000,0.0000000,0,0,0,0
757215427801291 D 2030,2627250339,1000,1548,1548,2.3746023,-0.00018,-1,-1,-1,0,0,0,136,1,1,0,0.0000000,0.0000000,0.0000000,0,0,0,0
757215428573416 D 2031,2627251339,1000,1548,1548,2.3746023,-0.00018,-1,-1,-1,0,0,0,136,1,1,0,0.0000000,0.0000000,0.0000000,0,0,0,0
757215430026083 D 2032,2627252339,1000,1548,1548,2.3746023,-0.00017,39,128,2076,0,0,0,136,1,1,0,0.0000000,0.0000000,0.0000000,0,0,0,0
757215430658500 D 2033,2627253339,1000,1548,1548,2.3746023,-0.00016,-1,-1,-1,0,0,0,136,1,1,0,0.0000000,0.0000000,0.0000000,0,0,0,0
757215431670583 D 2034,2627254339,1000,1547,1547,2.3730683,-0.06030,-1,-1,-1,0,0,0,136,1,1,0,0.0000000,0.0000000,0.0000000,0,0,0,0
757215432538666 D 2035,2627255339,1000,1548,1548,2.3746023,0.00221,-1,-1,-1,0,0,0,136,1,1,0,0.0000000,0.0000000,0.0000000,0,0,0,0
757215433842166 D 2036,2627256339,1000,1548,1548,2.3746023,0.00212,-1,-1,-1,0,0,0,136,1,1,0,0.0000000,0.0000000,0.0000000,0,0,0,0
757215434641000 D 2037,2627257339,1000,1548,1548,2.3746023,0.00204,-1,-1,-1,0,0,0,136,1,1,0,0.0000000,0.0000000,0.0000000,0,0,0,0
757215435646208 D 2038,2627258339,1000,1548,1548,2.3746023,0.00196,-1,-1,-1,0,0,0,136,1,1,0,0.0000000,0.0000000,0.0000000,0,0,0,0
757215436551416 D 2039,2627259339,1000,1548,1548,2.3746023,0.00188,-1,-1,-1,0,0,0,136,1,1,0,0.0000000,0.0000000,0.0000000,0,0,0,0
757215437567791 D 2040,2627260339,1000,1548,1548,2.3746023,0.00181,-1,-1,-1,0,0,0,136,1,1,0,0.0000000,0.0000000,0.0000000,0,0,0,0
757215438550750 D 2041,2627261339,1000,1548,1548,2.3746023,0.00174,-1,-1,-1,0,0,0,136,1,1,0,0.0000000,0.0000000,0.0000000,0,0,0,0
757215439525791 D 2042,2627262339,1000,1548,1548,2.3746023,0.00167,-1,-1,-1,0,0,0,136,1,1,0,0.0000000,0.0000000,0.0000000,0,0,0,0
757215440537166 D 2043,2627263339,1000,1548,1548,2.3746023,0.00160,-1,-1,-1,0,0,0,136,1,1,0,0.0000000,0.0000000,0.0000000,0,0,0,0
757215441495291 D 2044,2627264339,1000,1548,1548,2.3746023,0.00154,-1,-1,-1,0,0,0,136,1,1,0,0.0000000,0.0000000,0.0000000,0,0,0,0
757215442595666 D 2045,2627265339,1000,1548,1548,2.3746023,0.00148,-1,-1,-1,0,0,0,136,1,1,0,0.0000000,0.0000000,0.0000000,0,0,0,0
757215443630041 D 2046,2627266339,1000,1548,1548,2.3746023,0.00142,-1,-1,-1,0,0,0,136,1,1,0,0.0000000,0.0000000,0.0000000,0,0,0,0
757215444545166 D 2047,2627267339,1000,1548,1548,2.3746023,0.00137,-1,-1,-1,0,0,0,136,1,1,0,0.0000000,0.0000000,0.0000000,0,0,0,0
757215445612458 D 2048,2627268339,1000,1548,1548,2.3746023,0.00131,-1,-1,-1,0,0,0,136,1,1,0,0.0000000,0.0000000,0.0000000,0,0,0,0
757215446660083 D 2049,2627269339,1000,1548,1548,2.3746023,0.00126,-1,-1,-1,0,0,0,136,1,1,0,0.0000000,0.0000000,0.0000000,0,0,0,0
757215447644333 D 2050,2627270339,1000,1548,1548,2.3746023,0.00121,-1,-1,-1,0,0,0,136,1,1,0,0.0000000,0.0000000,0.0000000,0,0,0,0
757215448645416 D 2051,2627271339,1000,1548,1548,2.3746023,0.00116,-1,-1,-1,0,0,0,136,1,1,0,0.0000000,0.0000000,0.0000000,0,0,0,0
757215449774875 D 2052,2627272339,1000,1548,1548,2.3746023,0.00112,-1,-1,-1,0,0,0,136,1,1,0,0.0000000,0.0000000,0.0000000,0,0,0,0
757215450521291 D 2053,2627273339,1000,1548,1548,2.3746023,0.00107,-1,-1,-1,0,0,0,136,1,1,0,0.0000000,0.0000000,0.0000000,0,0,0,0
757215452395750 D 2054,2627274339,1000,1548,1548,2.3746023,0.00103,-1,-1,-1,0,0,0,136,1,1,0,0.0000000,0.0000000,0.0000000,0,0,0,0
757215453115500 D 2055,2627275339,1000,1547,1547,2.3730683,-0.05916,-1,-1,-1,0,0,0,136,1,1,0,0.0000000,0.0000000,0.0000000,0,0,0,0
757215454129791 D 2056,2627276339,1000,1548,1548,2.3746023,0.00331,-1,-1,-1,0,0,0,136,1,1,0,0.0000000,0.0000000,0.0000000,0,0,0,0
757215454695500 D 2057,2627277339,1000,1548,1548,2.3746023,0.00318,-1,-1,-1,0,0,0,136,1,1,0,0.0000000,0.0000000,0.0000000,0,0,0,0
757215455333291 D 2058,2627278339,1000,1548,1548,2.3746023,0.00306,-1,-1,-1,0,0,0,136,1,1,0,0.0000000,0.0000000,0.0000000,0,0,0,0
757215456339625 D 2059,2627279339,1000,1548,1548,2.3746023,0.00294,-1,-1,-1,0,0,0,136,1,1,0,0.0000000,0.0000000,0.0000000,0,0,0,0
757215457318833 D 2060,2627280339,1000,1548,1548,2.3746023,0.00282,-1,-1,-1,0,0,0,136,1,1,0,0.0000000,0.0000000,0.0000000,0,0,0,0
757215458335500 D 2061,2627281339,1000,1548,1548,2.3746023,0.00271,-1,-1,-1,0,0,0,136,1,1,0,0.0000000,0.0000000,0.0000000,0,0,0,0
757215459332416 D 2062,2627282339,1000,1548,1548,2.3746023,0.00261,-1,-1,-1,0,0,0,136,1,1,0,0.0000000,0.0000000,0.0000000,0,0,0,0
757215460318000 D 2063,2627283339,1000,1548,1548,2.3746023,0.00250,-1,-1,-1,0,0,0,136,1,1,0,0.0000000,0.0000000,0.0000000,0,0,0,0
757215461329541 D 2064,2627284339,1000,1548,1548,2.3746023,0.00240,-1,-1,-1,0,0,0,136,1,1,0,0.0000000,0.0000000,0.0000000,0,0,0,0
757215462359083 D 2065,2627285339,1000,1548,1548,2.3746023,0.00231,-1,-1,-1,0,0,0,136,1,1,0,0.0000000,0.0000000,0.0000000,0,0,0,0
757215463333875 D 2066,2627286339,1000,1548,1548,2.3746023,0.00222,-1,-1,-1,0,0,0,136,1,1,0,0.0000000,0.0000000,0.0000000,0,0,0,0
757215464379375 D 2067,2627287339,1000,1547,1547,2.3730683,-0.05802,-1,-1,-1,0,0,0,136,1,1,0,0.0000000,0.0000000,0.0000000,0,0,0,0
757215465322416 D 2068,2627288339,1000,1548,1548,2.3746023,0.00441,-1,-1,-1,0,0,0,136,1,1,0,0.0000000,0.0000000,0.0000000,0,0,0,0
757215466300833 D 2069,2627289339,1000,1548,1548,2.3746023,0.00423,-1,-1,-1,0,0,0,136,1,1,0,0.0000000,0.0000000,0.0000000,0,0,0,0
757215467293875 D 2070,2627290339,1000,1548,1548,2.3746023,0.00407,-1,-1,-1,0,0,0,136,1,1,0,0.0000000,0.0000000,0.0000000,0,0,0,0
757215468306416 D 2071,2627291339,1000,1547,1547,2.3730683,-0.05624,-1,-1,-1,0,0,0,136,1,1,0,0.0000000,0.0000000,0.0000000,0,0,0,0
757215469648333 D 2072,2627292339,1000,1548,1548,2.3746023,0.00611,-1,-1,-1,0,0,0,136,1,1,0,0.0000000,0.0000000,0.0000000,0,0,0,0
757215470523291 D 2073,2627293339,1000,1548,1548,2.3746023,0.00587,-1,-1,-1,0,0,0,136,1,1,0,0.0000000,0.0000000,0.0000000,0,0,0,0
757215471600666 D 2074,2627294339,1000,1547,1547,2.3730683,-0.05450,-1,-1,-1,0,0,0,135,1,1,0,0.0000000,0.0000000,0.0000000,0,0,0,0
757215472617791 D 2075,2627295339,1000,1548,1548,2.3746023,0.00778,-1,-1,-1,0,0,0,136,1,1,0,0.0000000,0.0000000,0.0000000,0,0,0,0
757215473510250 D 2076,2627296339,1000,1548,1548,2.3746023,0.00748,-1,-1,-1,0,0,0,136,1,1,0,0.0000000,0.0000000,0.0000000,0,0,0,0
757215474566625 D 2077,2627297339,1000,1548,1548,2.3746023,0.00718,-1,-1,-1,0,0,0,136,1,1,0,0.0000000,0.0000000,0.0000000,0,0,0,0
757215475650083 D 2078,2627298339,1000,1548,1548,2.3746023,0.00690,-1,-1,-1,0,0,0,136,1,1,0,0.0000000,0.0000000,0.0000000,0,0,0,0
757215476520291 D 2079,2627299339,1000,1548,1548,2.3746023,0.00663,-1,-1,-1,0,0,0,136,1,1,0,0.0000000,0.0000000,0.0000000,0,0,0,0
757215477776541 D 2080,2627300339,1000,1548,1548,2.3746023,0.00637,-1,-1,-1,0,0,0,136,1,1,0,0.0000000,0.0000000,0.0000000,0,0,0,0
757215478708916 D 2081,2627301339,1000,1548,1548,2.3746023,0.00612,-1,-1,-1,0,0,0,136,1,1,0,0.0000000,0.0000000,0.0000000,0,0,0,0
757215480060083 D 2082,2627302339,1000,1548,1548,2.3746023,0.00588,39,128,2074,0,0,0,136,1,1,0,0.0000000,0.0000000,0.0000000,0,0,0,0
757215480688250 D 2083,2627303339,1000,1548,1548,2.3746023,0.00565,-1,-1,-1,0,0,0,136,1,1,0,0.0000000,0.0000000,0.0000000,0,0,0,0
757215481523875 D 2084,2627304339,1000,1548,1548,2.3746023,0.00543,-1,-1,-1,0,0,0,136,1,1,0,0.0000000,0.0000000,0.0000000,0,0,0,0
757215482654583 D 2085,2627305339,1000,1548,1548,2.3746023,0.00522,-1,-1,-1,0,0,0,136,1,1,0,0.0000000,0.0000000,0.0000000,0,0,0,0
757215483525791 D 2086,2627306339,1000,1548,1548,2.3746023,0.00501,-1,-1,-1,0,0,0,136,1,1,0,0.0000000,0.0000000,0.0000000,0,0,0,0
757215484541875 D 2087,2627307339,1000,1548,1548,2.3746023,0.00482,-1,-1,-1,0,0,0,136,1,1,0,0.0000000,0.0000000,0.0000000,0,0,0,0
757215485514750 D 2088,2627308339,1000,1548,1548,2.3746023,0.00463,-1,-1,-1,0,0,0,136,1,1,0,0.0000000,0.0000000,0.0000000,0,0,0,0
757215486720875 D 2089,2627309339,1000,1548,1548,2.3746023,0.00444,-1,-1,-1,0,0,0,136,1,1,0,0.0000000,0.0000000,0.0000000,0,0,0,0
757215487587625 D 2090,2627310339,1000,1548,1548,2.3746023,0.00427,-1,-1,-1,0,0,0,136,1,1,0,0.0000000,0.0000000,0.0000000,0,0,0,0
757215488580958 D 2091,2627311339,1000,1548,1548,2.3746023,0.00410,-1,-1,-1,0,0,0,136,1,1,0,0.0000000,0.0000000,0.0000000,0,0,0,0
757215489550625 D 2092,2627312339,1000,1548,1548,2.3746023,0.00394,-1,-1,-1,0,0,0,136,1,1,0,0.0000000,0.0000000,0.0000000,0,0,0,0
757215490775458 D 2093,2627313339,1000,1548,1548,2.3746023,0.00379,-1,-1,-1,0,0,0,136,1,1,0,0.0000000,0.0000000,0.0000000,0,0,0,0
757215491698500 D 2094,2627314339,1000,1548,1548,2.3746023,0.00364,-1,-1,-1,0,0,0,136,1,1,0,0.0000000,0.0000000,0.0000000,0,0,0,0
757215492511750 D 2095,2627315339,1000,1548,1548,2.3746023,0.00350,-1,-1,-1,0,0,0,136,1,1,0,0.0000000,0.0000000,0.0000000,0,0,0,0
757215493667708 D 2096,2627316339,1000,1548,1548,2.3746023,0.00336,-1,-1,-1,0,0,0,136,1,1,0,0.0000000,0.0000000,0.0000000,0,0,0,0
757215494578375 D 2097,2627317339,1000,1548,1548,2.3746023,0.00323,-1,-1,-1,0,0,0,136,1,1,0,0.0000000,0.0000000,0.0000000,0,0,0,0
757215495575291 D 2098,2627318339,1000,1548,1548,2.3746023,0.00310,-1,-1,-1,0,0,0,136,1,1,0,0.0000000,0.0000000,0.0000000,0,0,0,0
757215496571083 D 2099,2627319339,1000,1548,1548,2.3746023,0.00298,-1,-1,-1,0,0,0,136,1,1,0,0.0000000,0.0000000,0.0000000,0,0,0,0
757215497922916 D 2100,2627320339,1000,1548,1548,2.3746023,0.00286,-1,-1,-1,0,0,0,136,1,1,0,0.0000000,0.0000000,0.0000000,0,0,0,0
757215498896708 D 2101,2627321339,1000,1548,1548,2.3746023,0.00275,-1,-1,-1,0,0,0,136,1,1,0,0.0000000,0.0000000,0.0000000,0,0,0,0
757215499592041 D 2102,2627322339,1000,1548,1548,2.3746023,0.00264,-1,-1,-1,0,0,0,136,1,1,0,0.0000000,0.0000000,0.0000000,0,0,0,0
757215500574583 D 2103,2627323339,1000,1548,1548,2.3746023,0.00254,-1,-1,-1,0,0,0,136,1,1,0,0.0000000,0.0000000,0.0000000,0,0,0,0
757215501640416 D 2104,2627324339,1000,1549,1549,2.3761363,0.06259,-1,-1,-1,0,0,0,136,1,1,0,0.0000000,0.0000000,0.0000000,0,0,0,0
757215502519000 D 2105,2627325339,1000,1548,1548,2.3746023,-0.00001,-1,-1,-1,0,0,0,136,1,1,0,0.0000000,0.0000000,0.0000000,0,0,0,0
757215503567291 D 2106,2627326339,1000,1548,1548,2.3746023,-0.00001,-1,-1,-1,0,0,0,136,1,1,0,0.0000000,0.0000000,0.0000000,0,0,0,0
757215504598208 D 2107,2627327339,1000,1548,1548,2.3746023,-0.00001,-1,-1,-1,0,0,0,136,1,1,0,0.0000000,0.0000000,0.0000000,0,0,0,0
757215505676250 D 2108,2627328339,1000,1548,1548,2.3746023,-0.00001,-1,-1,-1,0,0,0,136,1,1,0,0.0000000,0.0000000,0.0000000,0,0,0,0
757215506820750 D 2109,2627329339,1000,1548,1548,2.3746023,-0.00001,-1,-1,-1,0,0,0,136,1,1,0,0.0000000,0.0000000,0.0000000,0,0,0,0
757215507967833 D 2110,2627330339,1000,1548,1548,2.3746023,-0.00001,-1,-1,-1,0,0,0,136,1,1,0,0.0000000,0.0000000,0.0000000,0,0,0,0
757215508654000 D 2111,2627331339,1000,1548,1548,2.3746023,-0.00001,-1,-1,-1,0,0,0,136,1,1,0,0.0000000,0.0000000,0.0000000,0,0,0,0
757215509737083 D 2112,2627332339,1000,1548,1548,2.3746023,-0.00001,-1,-1,-1,0,0,0,136,1,1,0,0.0000000,0.0000000,0.0000000,0,0,0,0
757215511166041 D 2113,2627333339,1000,1548,1548,2.3746023,-0.00001,-1,-1,-1,0,0,0,136,1,1,0,0.0000000,0.0000000,0.0000000,0,0,0,0
757215511871666 D 2114,2627334339,1000,1548,1548,2.3746023,-0.00001,-1,-1,-1,0,0,0,136,1,1,0,0.0000000,0.0000000,0.0000000,0,0,0,0
757215512644541 D 2115,2627335339,1000,1548,1548,2.3746023,-0.00001,-1,-1,-1,0,0,0,136,1,1,0,0.0000000,0.0000000,0.0000000,0,0,0,0
757215513585708 D 2116,2627336339,1000,1548,1548,2.3746023,-0.00001,-1,-1,-1,0,0,0,136,1,1,0,0.0000000,0.0000000,0.0000000,0,0,0,0
757215514618083 D 2117,2627337339,1000,1548,1548,2.3746023,-0.00001,-1,-1,-1,0,0,0,136,1,1,0,0.0000000,0.0000000,0.0000000,0,0,0,0
757215515553041 D 2118,2627338339,1000,1548,1548,2.3746023,-0.00001,-1,-1,-1,0,0,0,136,1,1,0,0.0000000,0.0000000,0.0000000,0,0,0,0
757215516554416 D 2119,2627339339,1000,1548,1548,2.3746023,-0.00001,-1,-1,-1,0,0,0,136,1,1,0,0.0000000,0.0000000,0.0000000,0,0,0,0
757215517571125 D 2120,2627340339,1000,1548,1548,2.3746023,-0.00001,-1,-1,-1,0,0,0,136,1,1,0,0.0000000,0.0000000,0.0000000,0,0,0,0
757215518587833 D 2121,2627341339,1000,1548,1548,2.3746023,-0.00001,-1,-1,-1,0,0,0,136,1,1,0,0.0000000,0.0000000,0.0000000,0,0,0,0
757215519656833 D 2122,2627342339,1000,1548,1548,2.3746023,-0.00001,-1,-1,-1,0,0,0,136,1,1,0,0.0000000,0.0000000,0.0000000,0,0,0,0
757215520781333 D 2123,2627343339,1000,1548,1548,2.3746023,-0.00001,-1,-1,-1,0,0,0,136,1,1,0,0.0000000,0.0000000,0.0000000,0,0,0,0
757215521861375 D 2124,2627344339,1000,1548,1548,2.3746023,-0.00001,-1,-1,-1,0,0,0,136,1,1,0,0.0000000,0.0000000,0.0000000,0,0,0,0
757215522823333 D 2125,2627345339,1000,1548,1548,2.3746023,-0.00001,-1,-1,-1,0,0,0,136,1,1,0,0.0000000,0.0000000,0.0000000,0,0,0,0
757215523941625 D 2126,2627346339,1000,1548,1548,2.3746023,-0.00001,-1,-1,-1,0,0,0,136,1,1,0,0.0000000,0.0000000,0.0000000,0,0,0,0
757215524809208 D 2127,2627347339,1000,1548,1548,2.3746023,-0.00001,-1,-1,-1,0,0,0,136,1,1,0,0.0000000,0.0000000,0.0000000,0,0,0,0
757215525848333 D 2128,2627348339,1000,1548,1548,2.3746023,-0.00001,-1,-1,-1,0,0,0,136,1,1,0,0.0000000,0.0000000,0.0000000,0,0,0,0
757215526995833 D 2129,2627349339,1000,1549,1549,2.3761363,0.06014,-1,-1,-1,0,0,0,136,1,1,0,0.0000000,0.0000000,0.0000000,0,0,0,0
757215528205000 D 2130,2627350339,1000,1548,1548,2.3746023,-0.00236,-1,-1,-1,0,0,0,136,1,1,0,0.0000000,0.0000000,0.0000000,0,0,0,0
757215528912083 D 2131,2627351339,1000,1548,1548,2.3746023,-0.00227,-1,-1,-1,0,0,0,136,1,1,0,0.0000000,0.0000000,0.0000000,0,0,0,0
757215529997791 D 2132,2627352339,1000,1548,1548,2.3746023,-0.00218,39,128,2076,0,0,0,136,1,1,0,0.0000000,0.0000000,0.0000000,0,0,0,0
757215530602458 D 2133,2627353339,1000,1548,1548,2.3746023,-0.00210,-1,-1,-1,0,0,0,136,1,1,0,0.0000000,0.0000000,0.0000000,0,0,0,0
757215531560958 D 2134,2627354339,1000,1548,1548,2.3746023,-0.00201,-1,-1,-1,0,0,0,136,1,1,0,0.0000000,0.0000000,0.0000000,0,0,0,0
757215532567416 D 2135,2627355339,1000,1548,1548,2.3746023,-0.00194,-1,-1,-1,0,0,0,136,1,1,0,0.0000000,0.0000000,0.0000000,0,0,0,0
757215533359333 D 2136,2627356339,1000,1548,1548,2.3746023,-0.00186,-1,-1,-1,0,0,0,136,1,1,0,0.0000000,0.0000000,0.0000000,0,0,0,0
757215534650958 D 2137,2627357339,1000,1547,1547,2.3730683,-0.06193,-1,-1,-1,0,0,0,136,1,1,0,0.0000000,0.0000000,0.0000000,0,0,0,0
757215535621791 D 2138,2627358339,1000,1548,1548,2.3746023,0.00064,-1,-1,-1,0,0,0,136,1,1,0,0.0000000,0.0000000,0.0000000,0,0,0,0
757215536605750 D 2139,2627359339,1000,1547,1547,2.3730683,-0.05953,-1,-1,-1,0,0,0,136,1,1,0,0.0000000,0.0000000,0.0000000,0,0,0,0
757215537616541 D 2140,2627360339,1000,1548,1548,2.3746023,0.00295,-1,-1,-1,0,0,0,136,1,1,0,0.0000000,0.0000000,0.0000000,0,0,0,0
757215538600375 D 2141,2627361339,1000,1547,1547,2.3730683,-0.05731,-1,-1,-1,0,0,0,136,1,1,0,0.0000000,0.0000000,0.0000000,0,0,0,0
757215539597250 D 2142,2627362339,1000,1548,1548,2.3746023,0.00508,-1,-1,-1,0,0,0,136,1,1,0,0.0000000,0.0000000,0.0000000,0,0,0,0
757215540564166 D 2143,2627363339,1000,1548,1548,2.3746023,0.00488,-1,-1,-1,0,0,0,136,1,1,0,0.0000000,0.0000000,0.0000000,0,0,0,0
757215541404541 D 2144,2627364339,1000,1548,1548,2.3746023,0.00469,-1,-1,-1,0,0,0,136,1,1,0,0.0000000,0.0000000,0.0000000,0,0,0,0
757215542556833 D 2145,2627365339,1000,1548,1548,2.3746023,0.00451,-1,-1,-1,0,0,0,136,1,1,0,0.0000000,0.0000000,0.0000000,0,0,0,0
757215543737375 D 2146,2627366339,1000,1548,1548,2.3746023,0.00433,-1,-1,-1,0,0,0,136,1,1,0,0.0000000,0.0000000,0.0000000,0,0,0,0
757215544683833 D 2147,2627367339,1000,1548,1548,2.3746023,0.00416,-1,-1,-1,0,0,0,136,1,1,0,0.0000000,0.0000000,0.0000000,0,0,0,0
757215545660125 D 2148,2627368339,1000,1548,1548,2.3746023,0.00400,-1,-1,-1,0,0,0,136,1,1,0,0.0000000,0.0000000,0.0000000,0,0,0,0
757215546972250 D 2149,2627369339,1000,1548,1548,2.3746023,0.00384,-1,-1,-1,0,0,0,136,1,1,0,0.0000000,0.0000000,0.0000000,0,0,0,0
757215548038333 D 2150,2627370339,1000,1548,1548,2.3746023,0.00369,-1,-1,-1,0,0,0,136,1,1,0,0.0000000,0.0000000,0.0000000,0,0,0,0
757215548622250 D 2151,2627371339,1000,1548,1548,2.3746023,0.00355,-1,-1,-1,0,0,0,136,1,1,0,0.0000000,0.0000000,0.0000000,0,0,0,0
757215549595375 D 2152,2627372339,1000,1548,1548,2.3746023,0.00341,-1,-1,-1,0,0,0,136,1,1,0,0.0000000,0.0000000,0.0000000,0,0,0,0
757215550479000 D 2153,2627373339,1000,1548,1548,2.3746023,0.00327,-1,-1,-1,0,0,0,136,1,1,0,0.0000000,0.0000000,0.0000000,0,0,0,0
757215551641000 D 2154,2627374339,1000,1548,1548,2.3746023,0.00315,-1,-1,-1,0,0,0,136,1,1,0,0.0000000,0.0000000,0.0000000,0,0,0,0
757215552698708 D 2155,2627375339,1000,1548,1548,2.3746023,0.00302,-1,-1,-1,0,0,0,136,1,1,0,0.0000000,0.0000000,0.0000000,0,0,0,0
757215553681875 D 2156,2627376339,1000,1548,1548,2.3746023,0.00290,-1,-1,-1,0,0,0,136,1,1,0,0.0000000,0.0000000,0.0000000,0,0,0,0
757215554434750 D 2157,2627377339,1000,1548,1548,2.3746023,0.00279,-1,-1,-1,0,0,0,136,1,1,0,0.0000000,0.0000000,0.0000000,0,0,0,0
757215555635750 D 2158,2627378339,1000,1548,1548,2.3746023,0.00268,-1,-1,-1,0,0,0,136,1,1,0,0.0000000,0.0000000,0.0000000,0,0,0,0
757215556670500 D 2159,2627379339,1000,1548,1548,2.3746023,0.00257,-1,-1,-1,0,0,0,136,1,1,0,0.0000000,0.0000000,0.0000000,0,0,0,0
757215557676083 D 2160,2627380339,1000,1548,1548,2.3746023,0.00247,-1,-1,-1,0,0,0,136,1,1,0,0.0000000,0.0000000,0.0000000,0,0,0,0
757215558479666 D 2161,2627381339,1000,1548,1548,2.3746023,0.00238,-1,-1,-1,0,0,0,136,1,1,0,0.0000000,0.0000000,0.0000000,0,0,0,0
757215559645000 D 2162,2627382339,1000,1548,1548,2.3746023,0.00228,-1,-1,-1,0,0,0,136,1,1,0,0.0000000,0.0000000,0.0000000,0,0,0,0
757215560583375 D 2163,2627383339,1000,1548,1548,2.3746023,0.00219,-1,-1,-1,0,0,0,136,1,1,0,0.0000000,0.0000000,0.0000000,0,0,0,0
757215561697708 D 2164,2627384339,1000,1548,1548,2.3746023,0.00211,-1,-1,-1,0,0,0,136,1,1,0,0.0000000,0.0000000,0.0000000,0,0,0,0
757215562525583 D 2165,2627385339,1000,1548,1548,2.3746023,0.00203,-1,-1,-1,0,0,0,136,1,1,0,0.0000000,0.0000000,0.0000000,0,0,0,0
757215563757041 D 2166,2627386339,1000,1548,1548,2.3746023,0.00195,-1,-1,-1,0,0,0,136,1,1,0,0.0000000,0.0000000,0.0000000,0,0,0,0
757215564607541 D 2167,2627387339,1000,1548,1548,2.3746023,0.00187,-1,-1,-1,0,0,0,136,1,1,0,0.0000000,0.0000000,0.0000000,0,0,0,0
757215565593875 D 2168,2627388339,1000,1548,1548,2.3746023,0.00180,-1,-1,-1,0,0,0,136,1,1,0,0.0000000,0.0000000,0.0000000,0,0,0,0
757215566538416 D 2169,2627389339,1000,1549,1549,2.3761363,0.06187,-1,-1,-1,0,0,0,136,1,1,0,0.0000000,0.0000000,0.0000000,0,0,0,0
757215567673416 D 2170,2627390339,1000,1549,1549,2.3761363,0.05945,-1,-1,-1,0,0,0,136,1,1,0,0.0000000,0.0000000,0.0000000,0,0,0,0
757215568327416 D 2171,2627391339,1000,1548,1548,2.3746023,-0.00303,-1,-1,-1,0,0,0,136,1,1,0,0.0000000,0.0000000,0.0000000,0,0,0,0
757215569327708 D 2172,2627392339,1000,1548,1548,2.3746023,-0.00291,-1,-1,-1,0,0,0,136,1,1,0,0.0000000,0.0000000,0.0000000,0,0,0,0
757215570837333 D 2173,2627393339,1000,1548,1548,2.3746023,-0.00280,-1,-1,-1,0,0,0,136,1,1,0,0.0000000,0.0000000,0.0000000,0,0,0,0
757215571572083 D 2174,2627394339,1000,1548,1548,2.3746023,-0.00269,-1,-1,-1,0,0,0,136,1,1,0,0.0000000,0.0000000,0.0000000,0,0,0,0
757215572594583 D 2175,2627395339,1000,1548,1548,2.3746023,-0.00258,-1,-1,-1,0,0,0,136,1,1,0,0.0000000,0.0000000,0.0000000,0,0,0,0
757215573548291 D 2176,2627396339,1000,1548,1548,2.3746023,-0.00248,-1,-1,-1,0,0,0,136,1,1,0,0.0000000,0.0000000,0.0000000,0,0,0,0
757215574591833 D 2177,2627397339,1000,1548,1548,2.3746023,-0.00238,-1,-1,-1,0,0,0,136,1,1,0,0.0000000,0.0000000,0.0000000,0,0,0,0
757215575553833 D 2178,2627398339,1000,1548,1548,2.3746023,-0.00229,-1,-1,-1,0,0,0,136,1,1,0,0.0000000,0.0000000,0.0000000,0,0,0,0
757215576551791 D 2179,2627399339,1000,1548,1548,2.3746023,-0.00220,-1,-1,-1,0,0,0,135,1,1,0,0.0000000,0.0000000,0.0000000,0,0,0,0
757215577602458 D 2180,2627400339,1000,1548,1548,2.3746023,-0.00211,-1,-1,-1,0,0,0,136,1,1,0,0.0000000,0.0000000,0.0000000,0,0,0,0
757215578661916 D 2181,2627401339,1000,1548,1548,2.3746023,-0.00203,-1,-1,-1,0,0,0,136,1,1,0,0.0000000,0.0000000,0.0000000,0,0,0,0
757215580082958 D 2182,2627402339,1000,1548,1548,2.3746023,-0.00195,39,128,2074,0,0,0,136,1,1,0,0.0000000,0.0000000,0.0000000,0,0,0,0
757215580634458 D 2183,2627403339,1000,1548,1548,2.3746023,-0.00188,-1,-1,-1,0,0,0,136,1,1,0,0.0000000,0.0000000,0.0000000,0,0,0,0
757215581709083 D 2184,2627404339,1000,1547,1547,2.3730683,-0.06195,-1,-1,-1,0,0,0,136,1,1,0,0.0000000,0.0000000,0.0000000,0,0,0,0
757215582551333 D 2185,2627405339,1000,1548,1548,2.3746023,0.00063,-1,-1,-1,0,0,0,136,1,1,0,0.0000000,0.0000000,0.0000000,0,0,0,0
757215583571500 D 2186,2627406339,1000,1548,1548,2.3746023,0.00060,-1,-1,-1,0,0,0,136,1,1,0,0.0000000,0.0000000,0.0000000,0,0,0,0
757215584561541 D 2187,2627407339,1000,1548,1548,2.3746023,0.00058,-1,-1,-1,0,0,0,136,1,1,0,0.0000000,0.0000000,0.0000000,0,0,0,0
757215585567166 D 2188,2627408339,1000,1547,1547,2.3730683,-0.05959,-1,-1,-1,0,0,0,136,1,1,0,0.0000000,0.0000000,0.0000000,0,0,0,0
757215586695583 D 2189,2627409339,1000,1548,1548,2.3746023,0.00289,-1,-1,-1,0,0,0,136,1,1,0,0.0000000,0.0000000,0.0000000,0,0,0,0
757215588227708 D 2190,2627410339,1000,1548,1548,2.3746023,0.00278,-1,-1,-1,0,0,0,136,1,1,0,0.0000000,0.0000000,0.0000000,0,0,0,0
757215588764041 D 2191,2627411339,1000,1548,1548,2.3746023,0.00267,-1,-1,-1,0,0,0,136,1,1,0,0.0000000,0.0000000,0.0000000,0,0,0,0
757215589581000 D 2192,2627412339,1000,1548,1548,2.3746023,0.00257,-1,-1,-1,0,0,0,136,1,1,0,0.0000000,0.0000000,0.0000000,0,0,0,0
757215590574458 D 2193,2627413339,1000,1548,1548,2.3746023,0.00247,-1,-1,-1,0,0,0,136,1,1,0,0.0000000,0.0000000,0.0000000,0,0,0,0
757215591562416 D 2194,2627414339,1000,1548,1548,2.3746023,0.00237,-1,-1,-1,0,0,0,136,1,1,0,0.0000000,0.0000000,0.0000000,0,0,0,0
757215592596541 D 2195,2627415339,1000,1549,1549,2.3761363,0.06242,-1,-1,-1,0,0,0,136,1,1,0,0.0000000,0.0000000,0.0000000,0,0,0,0
757215593624750 D 2196,2627416339,1000,1548,1548,2.3746023,-0.00017,-1,-1,-1,0,0,0,136,1,1,0,0.0000000,0.0000000,0.0000000,0,0,0,0
757215594569333 D 2197,2627417339,1000,1548,1548,2.3746023,-0.00017,-1,-1,-1,0,0,0,136,1,1,0,0.0000000,0.0000000,0.0000000,0,0,0,0
757215595640333 D 2198,2627418339,1000,1548,1548,2.3746023,-0.00016,-1,-1,-1,0,0,0,136,1,1,0,0.0000000,0.0000000,0.0000000,0,0,0,0
757215596545500 D 2199,2627419339,1000,1548,1548,2.3746023,-0.00015,-1,-1,-1,0,0,0,136,1,1,0,0.0000000,0.0000000,0.0000000,0,0,0,0
757215597636291 D 2200,2627420339,1000,1548,1548,2.3746023,-0.00015,-1,-1,-1,0,0,0,136,1,1,0,0.0000000,0.0000000,0.0000000,0,0,0,0
757215598511583 D 2201,2627421339,1000,1548,1548,2.3746023,-0.00014,-1,-1,-1,0,0,0,136,1,1,0,0.0000000,0.0000000,0.0000000,0,0,0,0
757215599572208 D 2202,2627422339,1000,1548,1548,2.3746023,-0.00014,-1,-1,-1,0,0,0,136,1,1,0,0.0000000,0.0000000,0.0000000,0,0,0,0
757215600597708 D 2203,2627423339,1000,1548,1548,2.3746023,-0.00013,-1,-1,-1,0,0,0,136,1,1,0,0.0000000,0.0000000,0.0000000,0,0,0,0
757215601590000 D 2204,2627424339,1000,1548,1548,2.3746023,-0.00012,-1,-1,-1,0,0,0,136,1,1,0,0.0000000,0.0000000,0.0000000,0,0,0,0
757215602557750 D 2205,2627425339,1000,1548,1548,2.3746023,-0.00012,-1,-1,-1,0,0,0,136,1,1,0,0.0000000,0.0000000,0.0000000,0,0,0,0
757215603564958 D 2206,2627426339,1000,1548,1548,2.3746023,-0.00012,-1,-1,-1,0,0,0,136,1,1,0,0.0000000,0.0000000,0.0000000,0,0,0,0
757215604613500 D 2207,2627427339,1000,1548,1548,2.3746023,-0.00011,-1,-1,-1,0,0,0,136,1,1,0,0.0000000,0.0000000,0.0000000,0,0,0,0
757215605494250 D 2208,2627428339,1000,1548,1548,2.3746023,-0.00011,-1,-1,-1,0,0,0,136,1,1,0,0.0000000,0.0000000,0.0000000,0,0,0,0
757215606559833 D 2209,2627429339,1000,1548,1548,2.3746023,-0.00010,-1,-1,-1,0,0,0,136,1,1,0,0.0000000,0.0000000,0.0000000,0,0,0,0
757215607547916 D 2210,2627430339,1000,1548,1548,2.3746023,-0.00010,-1,-1,-1,0,0,0,136,1,1,0,0.0000000,0.0000000,0.0000000,0,0,0,0
757215608619708 D 2211,2627431339,1000,1548,1548,2.3746023,-0.00009,-1,-1,-1,0,0,0,136,1,1,0,0.0000000,0.0000000,0.0000000,0,0,0,0
757215609568458 D 2212,2627432339,1000,1548,1548,2.3746023,-0.00009,-1,-1,-1,0,0,0,136,1,1,0,0.0000000,0.0000000,0.0000000,0,0,0,0
757215610590416 D 2213,2627433339,1000,1548,1548,2.3746023,-0.00009,-1,-1,-1,0,0,0,136,1,1,0,0.0000000,0.0000000,0.0000000,0,0,0,0
757215611617708 D 2214,2627434339,1000,1548,1548,2.3746023,-0.00008,-1,-1,-1,0,0,0,136,1,1,0,0.0000000,0.0000000,0.0000000,0,0,0,0
757215612568166 D 2215,2627435339,1000,1547,1547,2.3730683,-0.06023,-1,-1,-1,0,0,0,136,1,1,0,0.0000000,0.0000000,0.0000000,0,0,0,0
757215613606041 D 2216,2627436339,1000,1547,1547,2.3730683,-0.05787,-1,-1,-1,0,0,0,136,1,1,0,0.0000000,0.0000000,0.0000000,0,0,0,0
757215614908458 D 2217,2627437339,1000,1548,1548,2.3746023,0.00455,-1,-1,-1,0,0,0,136,1,1,0,0.0000000,0.0000000,0.0000000,0,0,0,0
757215615609041 D 2218,2627438339,1000,1548,1548,2.3746023,0.00437,-1,-1,-1,0,0,0,136,1,1,0,0.0000000,0.0000000,0.0000000,0,0,0,0
757215616657416 D 2219,2627439339,1000,1548,1548,2.3746023,0.00420,-1,-1,-1,0,0,0,136,1,1,0,0.0000000,0.0000000,0.0000000,0,0,0,0
757215617684541 D 2220,2627440339,1000,1548,1548,2.3746023,0.00404,-1,-1,-1,0,0,0,136,1,1,0,0.0000000,0.0000000,0.0000000,0,0,0,0
757215618658500 D 2221,2627441339,1000,1548,1548,2.3746023,0.00388,-1,-1,-1,0,0,0,136,1,1,0,0.0000000,0.0000000,0.0000000,0,0,0,0
757215619699083 D 2222,2627442339,1000,1548,1548,2.3746023,0.00373,-1,-1,-1,0,0,0,136,1,1,0,0.0000000,0.0000000,0.0000000,0,0,0,0
757215620616958 D 2223,2627443339,1000,1548,1548,2.3746023,0.00358,-1,-1,-1,0,0,0,136,1,1,0,0.0000000,0.0000000,0.0000000,0,0,0,0
757215621666333 D 2224,2627444339,1000,1548,1548,2.3746023,0.00344,-1,-1,-1,0,0,0,136,1,1,0,0.0000000,0.0000000,0.0000000,0,0,0,0
757215622620166 D 2225,2627445339,1000,1548,1548,2.3746023,0.00330,-1,-1,-1,0,0,0,136,1,1,0,0.0000000,0.0000000,0.0000000,0,0,0,0
757215623642208 D 2226,2627446339,1000,1548,1548,2.3746023,0.00317,-1,-1,-1,0,0,0,136,1,1,0,0.0000000,0.0000000,0.0000000,0,0,0,0
757215624732750 D 2227,2627447339,1000,1548,1548,2.3746023,0.00305,-1,-1,-1,0,0,0,136,1,1,0,0.0000000,0.0000000,0.0000000,0,0,0,0
757215625836500 D 2228,2627448339,1000,1548,1548,2.3746023,0.00293,-1,-1,-1,0,0,0,136,1,1,0,0.0000000,0.0000000,0.0000000,0,0,0,0
757215626562166 D 2229,2627449339,1000,1548,1548,2.3746023,0.00282,-1,-1,-1,0,0,0,136,1,1,0,0.0000000,0.0000000,0.0000000,0,0,0,0
757215627549125 D 2230,2627450339,1000,1548,1548,2.3746023,0.00271,-1,-1,-1,0,0,0,136,1,1,0,0.0000000,0.0000000,0.0000000,0,0,0,0
757215628625291 D 2231,2627451339,1000,1548,1548,2.3746023,0.00260,-1,-1,-1,0,0,0,136,1,1,0,0.0000000,0.0000000,0.0000000,0,0,0,0
757215630038625 D 2232,2627452339,1000,1547,1547,2.3730683,-0.05765,39,128,2075,0,0,0,136,1,1,0,0.0000000,0.0000000,0.0000000,0,0,0,0
757215630635291 D 2233,2627453339,1000,1548,1548,2.3746023,0.00476,-1,-1,-1,0,0,0,136,1,1,0,0.0000000,0.0000000,0.0000000,0,0,0,0
757215631897541 D 2234,2627454339,1000,1548,1548,2.3746023,0.00457,-1,-1,-1,0,0,0,136,1,1,0,0.0000000,0.0000000,0.0000000,0,0,0,0
757215632556541 D 2235,2627455339,1000,1548,1548,2.3746023,0.00439,-1,-1,-1,0,0,0,135,1,1,0,0.0000000,0.0000000,0.0000000,0,0,0,0
757215633896041 D 2236,2627456339,1000,1549,1549,2.3761363,0.06437,-1,-1,-1,0,0,0,136,1,1,0,0.0000000,0.0000000,0.0000000,0,0,0,0
757215634552083 D 2237,2627457339,1000,1548,1548,2.3746023,0.00170,-1,-1,-1,0,0,0,136,1,1,0,0.0000000,0.0000000,0.0000000,0,0,0,0
757215635648125 D 2238,2627458339,1000,1548,1548,2.3746023,0.00163,-1,-1,-1,0,0,0,136,1,1,0,0.0000000,0.0000000,0.0000000,0,0,0,0
757215636606041 D 2239,2627459339,1000,1548,1548,2.3746023,0.00157,-1,-1,-1,0,0,0,136,1,1,0,0.0000000,0.0000000,0.0000000,0,0,0,0
757215637592500 D 2240,2627460339,1000,1548,1548,2.3746023,0.00150,-1,-1,-1,0,0,0,136,1,1,0,0.0000000,0.0000000,0.0000000,0,0,0,0
757215638642583 D 2241,2627461339,1000,1547,1547,2.3730683,-0.05870,-1,-1,-1,0,0,0,136,1,1,0,0.0000000,0.0000000,0.0000000,0,0,0,0
757215639642875 D 2242,2627462339,1000,1548,1548,2.3746023,0.00375,-1,-1,-1,0,0,0,136,1,1,0,0.0000000,0.0000000,0.0000000,0,0,0,0
757215640717166 D 2243,2627463339,1000,1548,1548,2.3746023,0.00360,-1,-1,-1,0,0,0,136,1,1,0,0.0000000,0.0000000,0.0000000,0,0,0,0
757215641704750 D 2244,2627464339,1000,1548,1548,2.3746023,0.00346,-1,-1,-1,0,0,0,136,1,1,0,0.0000000,0.0000000,0.0000000,0,0,0,0
757215642699166 D 2245,2627465339,1000,1548,1548,2.3746023,0.00332,-1,-1,-1,0,0,0,136,1,1,0,0.0000000,0.0000000,0.0000000,0,0,0,0
757215643745333 D 2246,2627466339,1000,1548,1548,2.3746023,0.00319,-1,-1,-1,0,0,0,136,1,1,0,0.0000000,0.0000000,0.0000000,0,0,0,0
757215644762166 D 2247,2627467339,1000,1548,1548,2.3746023,0.00307,-1,-1,-1,0,0,0,136,1,1,0,0.0000000,0.0000000,0.0000000,0,0,0,0
757215645762458 D 2248,2627468339,1000,1548,1548,2.3746023,0.00295,-1,-1,-1,0,0,0,136,1,1,0,0.0000000,0.0000000,0.0000000,0,0,0,0
757215646776583 D 2249,2627469339,1000,1547,1547,2.3730683,-0.05732,-1,-1,-1,0,0,0,136,1,1,0,0.0000000,0.0000000,0.0000000,0,0,0,0
757215647560916 D 2250,2627470339,1000,1548,1548,2.3746023,0.00508,-1,-1,-1,0,0,0,136,1,1,0,0.0000000,0.0000000,0.0000000,0,0,0,0
757215648806875 D 2251,2627471339,1000,1548,1548,2.3746023,0.00488,-1,-1,-1,0,0,0,136,1,1,0,0.0000000,0.0000000,0.0000000,0,0,0,0
757215649551708 D 2252,2627472339,1000,1548,1548,2.3746023,0.00469,-1,-1,-1,0,0,0,136,1,1,0,0.0000000,0.0000000,0.0000000,0,0,0,0
757215650610500 D 2253,2627473339,1000,1548,1548,2.3746023,0.00450,-1,-1,-1,0,0,0,136,1,1,0,0.0000000,0.0000000,0.0000000,0,0,0,0
757215651576666 D 2254,2627474339,1000,1548,1548,2.3746023,0.00433,-1,-1,-1,0,0,0,136,1,1,0,0.0000000,0.0000000,0.0000000,0,0,0,0
757215652546125 D 2255,2627475339,1000,1548,1548,2.3746023,0.00416,-1,-1,-1,0,0,0,136,1,1,0,0.0000000,0.0000000,0.0000000,0,0,0,0
757215653661250 D 2256,2627476339,1000,1548,1548,2.3746023,0.00400,-1,-1,-1,0,0,0,135,1,1,0,0.0000000,0.0000000,0.0000000,0,0,0,0
757215654529958 D 2257,2627477339,1000,1548,1548,2.3746023,0.00384,-1,-1,-1,0,0,0,136,1,1,0,0.0000000,0.0000000,0.0000000,0,0,0,0
757215655742166 D 2258,2627478339,1000,1548,1548,2.3746023,0.00369,-1,-1,-1,0,0,0,136,1,1,0,0.0000000,0.0000000,0.0000000,0,0,0,0
757215656584041 D 2259,2627479339,1000,1548,1548,2.3746023,0.00354,-1,-1,-1,0,0,0,136,1,1,0,0.0000000,0.0000000,0.0000000,0,0,0,0
757215657563541 D 2260,2627480339,1000,1548,1548,2.3746023,0.00340,-1,-1,-1,0,0,0,136,1,1,0,0.0000000,0.0000000,0.0000000,0,0,0,0
757215658651458 D 2261,2627481339,1000,1548,1548,2.3746023,0.00327,-1,-1,-1,0,0,0,136,1,1,0,0.0000000,0.0000000,0.0000000,0,0,0,0
757215659626875 D 2262,2627482339,1000,1549,1549,2.3761363,0.06329,-1,-1,-1,0,0,0,136,1,1,0,0.0000000,0.0000000,0.0000000,0,0,0,0
757215660582291 D 2263,2627483339,1000,1548,1548,2.3746023,0.00066,-1,-1,-1,0,0,0,136,1,1,0,0.0000000,0.0000000,0.0000000,0,0,0,0
757215661636458 D 2264,2627484339,1000,1548,1548,2.3746023,0.00064,-1,-1,-1,0,0,0,136,1,1,0,0.0000000,0.0000000,0.0000000,0,0,0,0
757215662529875 D 2265,2627485339,1000,1548,1548,2.3746023,0.00061,-1,-1,-1,0,0,0,136,1,1,0,0.0000000,0.0000000,0.0000000,0,0,0,0
757215663637875 D 2266,2627486339,1000,1548,1548,2.3746023,0.00059,-1,-1,-1,0,0,0,136,1,1,0,0.0000000,0.0000000,0.0000000,0,0,0,0
757215664749833 D 2267,2627487339,1000,1548,1548,2.3746023,0.00056,-1,-1,-1,0,0,0,136,1,1,0,0.0000000,0.0000000,0.0000000,0,0,0,0
757215665563166 D 2268,2627488339,1000,1548,1548,2.3746023,0.00054,-1,-1,-1,0,0,0,136,1,1,0,0.0000000,0.0000000,0.0000000,0,0,0,0
757215667107708 D 2269,2627489339,1000,1548,1548,2.3746023,0.00052,-1,-1,-1,0,0,0,136,1,1,0,0.0000000,0.0000000,0.0000000,0,0,0,0
757215667714458 D 2270,2627490339,1000,1548,1548,2.3746023,0.00050,-1,-1,-1,0,0,0,136,1,1,0,0.0000000,0.0000000,0.0000000,0,0,0,0
757215669556166 D 2271,2627491339,1000,1548,1548,2.3746023,0.00048,-1,-1,-1,0,0,0,136,1,1,0,0.0000000,0.0000000,0.0000000,0,0,0,0
757215670367833 D 2272,2627492339,1000,1547,1547,2.3730683,-0.05969,-1,-1,-1,0,0,0,136,1,1,0,0.0000000,0.0000000,0.0000000,0,0,0,0
757215671061041 D 2273,2627493339,1000,1548,1548,2.3746023,0.00280,-1,-1,-1,0,0,0,136,1,1,0,0.0000000,0.0000000,0.0000000,0,0,0,0
757215671645208 D 2274,2627494339,1000,1548,1548,2.3746023,0.00269,-1,-1,-1,0,0,0,136,1,1,0,0.0000000,0.0000000,0.0000000,0,0,0,0
757215672651791 D 2275,2627495339,1000,1548,1548,2.3746023,0.00259,-1,-1,-1,0,0,0,136,1,1,0,0.0000000,0.0000000,0.0000000,0,0,0,0
757215673637625 D 2276,2627496339,1000,1549,1549,2.3761363,0.06263,-1,-1,-1,0,0,0,136,1,1,0,0.0000000,0.0000000,0.0000000,0,0,0,0
757215674683041 D 2277,2627497339,1000,1548,1548,2.3746023,0.00003,-1,-1,-1,0,0,0,136,1,1,0,0.0000000,0.0000000,0.0000000,0,0,0,0
757215675693500 D 2278,2627498339,1000,1548,1548,2.3746023,0.00003,-1,-1,-1,0,0,0,136,1,1,0,0.0000000,0.0000000,0.0000000,0,0,0,0
757215676682166 D 2279,2627499339,1000,1548,1548,2.3746023,0.00003,-1,-1,-1,0,0,0,136,1,1,0,0.0000000,0.0000000,0.0000000,0,0,0,0
757215677722583 D 2280,2627500339,1000,1547,1547,2.3730683,-0.06012,-1,-1,-1,0,0,0,136,1,1,0,0.0000000,0.0000000,0.0000000,0,0,0,0
757215678673416 D 2281,2627501339,1000,1548,1548,2.3746023,0.00238,-1,-1,-1,0,0,0,136,1,1,0,0.0000000,0.0000000,0.0000000,0,0,0,0
757215680555250 D 2282,2627502339,1000,1548,1548,2.3746023,0.00229,39,128,2074,0,0,0,136,1,1,0,0.0000000,0.0000000,0.0000000,0,0,0,0
757215681551666 D 2283,2627503339,1000,1548,1548,2.3746023,0.00220,-1,-1,-1,0,0,0,136,1,1,0,0.0000000,0.0000000,0.0000000,0,0,0,0
757215682183083 D 2284,2627504339,1000,1548,1548,2.3746023,0.00211,-1,-1,-1,0,0,0,136,1,1,0,0.0000000,0.0000000,0.0000000,0,0,0,0
757215682861750 D 2285,2627505339,1000,1548,1548,2.3746023,0.00203,-1,-1,-1,0,0,0,136,1,1,0,0.0000000,0.0000000,0.0000000,0,0,0,0
757215683580416 D 2286,2627506339,1000,1548,1548,2.3746023,0.00195,-1,-1,-1,0,0,0,136,1,1,0,0.0000000,0.0000000,0.0000000,0,0,0,0
757215684593166 D 2287,2627507339,1000,1548,1548,2.3746023,0.00187,-1,-1,-1,0,0,0,136,1,1,0,0.0000000,0.0000000,0.0000000,0,0,0,0
757215685602791 D 2288,2627508339,1000,1548,1548,2.3746023,0.00180,-1,-1,-1,0,0,0,136,1,1,0,0.0000000,0.0000000,0.0000000,0,0,0,0
757215686622208 D 2289,2627509339,1000,1549,1549,2.3761363,0.06188,-1,-1,-1,0,0,0,136,1,1,0,0.0000000,0.0000000,0.0000000,0,0,0,0
757215687602291 D 2290,2627510339,1000,1548,1548,2.3746023,-0.00070,-1,-1,-1,0,0,0,136,1,1,0,0.0000000,0.0000000,0.0000000,0,0,0,0
757215688607958 D 2291,2627511339,1000,1548,1548,2.3746023,-0.00067,-1,-1,-1,0,0,0,136,1,1,0,0.0000000,0.0000000,0.0000000,0,0,0,0
757215689623166 D 2292,2627512339,1000,1548,1548,2.3746023,-0.00064,-1,-1,-1,0,0,0,136,1,1,0,0.0000000,0.0000000,0.0000000,0,0,0,0
757215690634791 D 2293,2627513339,1000,1548,1548,2.3746023,-0.00062,-1,-1,-1,0,0,0,136,1,1,0,0.0000000,0.0000000,0.0000000,0,0,0,0
757215691611166 D 2294,2627514339,1000,1548,1548,2.3746023,-0.00059,-1,-1,-1,0,0,0,136,1,1,0,0.0000000,0.0000000,0.0000000,0,0,0,0
757215692636958 D 2295,2627515339,1000,1548,1548,2.3746023,-0.00057,-1,-1,-1,0,0,0,136,1,1,0,0.0000000,0.0000000,0.0000000,0,0,0,0
757215693624000 D 2296,2627516339,1000,1548,1548,2.3746023,-0.00055,-1,-1,-1,0,0,0,136,1,1,0,0.0000000,0.0000000,0.0000000,0,0,0,0
757215694623500 D 2297,2627517339,1000,1548,1548,2.3746023,-0.00053,-1,-1,-1,0,0,0,136,1,1,0,0.0000000,0.0000000,0.0000000,0,0,0,0
757215695654666 D 2298,2627518339,1000,1548,1548,2.3746023,-0.00051,-1,-1,-1,0,0,0,136,1,1,0,0.0000000,0.0000000,0.0000000,0,0,0,0
757215696640541 D 2299,2627519339,1000,1548,1548,2.3746023,-0.00049,-1,-1,-1,0,0,0,136,1,1,0,0.0000000,0.0000000,0.0000000,0,0,0,0
757215697634416 D 2300,2627520339,1000,1548,1548,2.3746023,-0.00047,-1,-1,-1,0,0,0,136,1,1,0,0.0000000,0.0000000,0.0000000,0,0,0,0
757215698611833 D 2301,2627521339,1000,1548,1548,2.3746023,-0.00045,-1,-1,-1,0,0,0,136,1,1,0,0.0000000,0.0000000,0.0000000,0,0,0,0
757215699577291 D 2302,2627522339,1000,1548,1548,2.3746023,-0.00043,-1,-1,-1,0,0,0,136,1,1,0,0.0000000,0.0000000,0.0000000,0,0,0,0
757215700628000 D 2303,2627523339,1000,1548,1548,2.3746023,-0.00041,-1,-1,-1,0,0,0,136,1,1,0,0.0000000,0.0000000,0.0000000,0,0,0,0
757215701608541 D 2304,2627524339,1000,1548,1548,2.3746023,-0.00040,-1,-1,-1,0,0,0,136,1,1,0,0.0000000,0.0000000,0.0000000,0,0,0,0
757215702601666 D 2305,2627525339,1000,1548,1548,2.3746023,-0.00038,-1,-1,-1,0,0,0,136,1,1,0,0.0000000,0.0000000,0.0000000,0,0,0,0
757215703613125 D 2306,2627526339,1000,1548,1548,2.3746023,-0.00037,-1,-1,-1,0,0,0,136,1,1,0,0.0000000,0.0000000,0.0000000,0,0,0,0
757215704625833 D 2307,2627527339,1000,1547,1547,2.3730683,-0.06050,-1,-1,-1,0,0,0,136,1,1,0,0.0000000,0.0000000,0.0000000,0,0,0,0
757215705616875 D 2308,2627528339,1000,1548,1548,2.3746023,0.00202,-1,-1,-1,0,0,0,136,1,1,0,0.0000000,0.0000000,0.0000000,0,0,0,0
757215706630166 D 2309,2627529339,1000,1548,1548,2.3746023,0.00194,-1,-1,-1,0,0,0,136,1,1,0,0.0000000,0.0000000,0.0000000,0,0,0,0
757215707644000 D 2310,2627530339,1000,1548,1548,2.3746023,0.00186,-1,-1,-1,0,0,0,136,1,1,0,0.0000000,0.0000000,0.0000000,0,0,0,0
757215708659208 D 2311,2627531339,1000,1548,1548,2.3746023,0.00179,-1,-1,-1,0,0,0,136,1,1,0,0.0000000,0.0000000,0.0000000,0,0,0,0
757215709951791 D 2312,2627532339,1000,1547,1547,2.3730683,-0.05843,-1,-1,-1,0,0,0,135,1,1,0,0.0000000,0.0000000,0.0000000,0,0,0,0
757215710842125 D 2313,2627533339,1000,1548,1548,2.3746023,0.00401,-1,-1,-1,0,0,0,136,1,1,0,0.0000000,0.0000000,0.0000000,0,0,0,0
757215714254833 D 2314,2627534339,1000,1548,1548,2.3746023,0.00385,-1,-1,-1,0,0,0,136,1,1,0,0.0000000,0.0000000,0.0000000,0,0,0,0
757215714852833 D 2315,2627535339,1000,1548,1548,2.3746023,0.00370,-1,-1,-1,0,0,0,136,1,1,0,0.0000000,0.0000000,0.0000000,0,0,0,0
757215715437208 D 2316,2627536339,1000,1548,1548,2.3746023,0.00356,-1,-1,-1,0,0,0,136,1,1,0,0.0000000,0.0000000,0.0000000,0,0,0,0
757215716015041 D 2317,2627537339,1000,1548,1548,2.3746023,0.00342,-1,-1,-1,0,0,0,136,1,1,0,0.0000000,0.0000000,0.0000000,0,0,0,0
757215716593750 D 2318,2627538339,1000,1547,1547,2.3730683,-0.05686,-1,-1,-1,0,0,0,136,1,1,0,0.0000000,0.0000000,0.0000000,0,0,0,0
757215717170750 D 2319,2627539339,1000,1548,1548,2.3746023,0.00551,-1,-1,-1,0,0,0,136,1,1,0,0.0000000,0.0000000,0.0000000,0,0,0,0
757215717740583 D 2320,2627540339,1000,1548,1548,2.3746023,0.00530,-1,-1,-1,0,0,0,136,1,1,0,0.0000000,0.0000000,0.0000000,0,0,0,0
757215718599500 D 2321,2627541339,1000,1548,1548,2.3746023,0.00509,-1,-1,-1,0,0,0,136,1,1,0,0.0000000,0.0000000,0.0000000,0,0,0,0
757215719610708 D 2322,2627542339,1000,1547,1547,2.3730683,-0.05526,-1,-1,-1,0,0,0,136,1,1,0,0.0000000,0.0000000,0.0000000,0,0,0,0
757215720613083 D 2323,2627543339,1000,1548,1548,2.3746023,0.00706,-1,-1,-1,0,0,0,136,1,1,0,0.0000000,0.0000000,0.0000000,0,0,0,0
757215721615208 D 2324,2627544339,1000,1548,1548,2.3746023,0.00678,-1,-1,-1,0,0,0,136,1,1,0,0.0000000,0.0000000,0.0000000,0,0,0,0
757215722631875 D 2325,2627545339,1000,1548,1548,2.3746023,0.00651,-1,-1,-1,0,0,0,136,1,1,0,0.0000000,0.0000000,0.0000000,0,0,0,0
757215723612958 D 2326,2627546339,1000,1547,1547,2.3730683,-0.05389,-1,-1,-1,0,0,0,136,1,1,0,0.0000000,0.0000000,0.0000000,0,0,0,0
757215724625166 D 2327,2627547339,1000,1548,1548,2.3746023,0.00837,-1,-1,-1,0,0,0,136,1,1,0,0.0000000,0.0000000,0.0000000,0,0,0,0
757215725607500 D 2328,2627548339,1000,1548,1548,2.3746023,0.00804,-1,-1,-1,0,0,0,136,1,1,0,0.0000000,0.0000000,0.0000000,0,0,0,0
757215726603000 D 2329,2627549339,1000,1548,1548,2.3746023,0.00773,-1,-1,-1,0,0,0,136,1,1,0,0.0000000,0.0000000,0.0000000,0,0,0,0
757215727600333 D 2330,2627550339,1000,1548,1548,2.3746023,0.00743,-1,-1,-1,0,0,0,136,1,1,0,0.0000000,0.0000000,0.0000000,0,0,0,0
757215728617041 D 2331,2627551339,1000,1548,1548,2.3746023,0.00713,-1,-1,-1,0,0,0,136,1,1,0,0.0000000,0.0000000,0.0000000,0,0,0,0
757215730041958 D 2332,2627552339,1000,1549,1549,2.3761363,0.06700,39,128,2075,0,0,0,136,1,1,0,0.0000000,0.0000000,0.0000000,0,0,0,0
757215730703000 D 2333,2627553339,1000,1548,1548,2.3746023,0.00423,-1,-1,-1,0,0,0,136,1,1,0,0.0000000,0.0000000,0.0000000,0,0,0,0
757215731679333 D 2334,2627554339,1000,1548,1548,2.3746023,0.00406,-1,-1,-1,0,0,0,136,1,1,0,0.0000000,0.0000000,0.0000000,0,0,0,0
757215732600958 D 2335,2627555339,1000,1548,1548,2.3746023,0.00390,-1,-1,-1,0,0,0,136,1,1,0,0.0000000,0.0000000,0.0000000,0,0,0,0
757215733614708 D 2336,2627556339,1000,1548,1548,2.3746023,0.00375,-1,-1,-1,0,0,0,136,1,1,0,0.0000000,0.0000000,0.0000000,0,0,0,0
757215734612916 D 2337,2627557339,1000,1548,1548,2.3746023,0.00360,-1,-1,-1,0,0,0,136,1,1,0,0.0000000,0.0000000,0.0000000,0,0,0,0
757215735652500 D 2338,2627558339,1000,1548,1548,2.3746023,0.00346,-1,-1,-1,0,0,0,136,1,1,0,0.0000000,0.0000000,0.0000000,0,0,0,0
757215736593833 D 2339,2627559339,1000,1548,1548,2.3746023,0.00333,-1,-1,-1,0,0,0,136,1,1,0,0.0000000,0.0000000,0.0000000,0,0,0,0
757215737606375 D 2340,2627560339,1000,1548,1548,2.3746023,0.00320,-1,-1,-1,0,0,0,136,1,1,0,0.0000000,0.0000000,0.0000000,0,0,0,0
757215738599750 D 2341,2627561339,1000,1548,1548,2.3746023,0.00307,-1,-1,-1,0,0,0,136,1,1,0,0.0000000,0.0000000,0.0000000,0,0,0,0
757215739599958 D 2342,2627562339,1000,1548,1548,2.3746023,0.00295,-1,-1,-1,0,0,0,136,1,1,0,0.0000000,0.0000000,0.0000000,0,0,0,0
757215740610041 D 2343,2627563339,1000,1548,1548,2.3746023,0.00283,-1,-1,-1,0,0,0,136,1,1,0,0.0000000,0.0000000,0.0000000,0,0,0,0
757215741639666 D 2344,2627564339,1000,1548,1548,2.3746023,0.00272,-1,-1,-1,0,0,0,136,1,1,0,0.0000000,0.0000000,0.0000000,0,0,0,0
757215742646541 D 2345,2627565339,1000,1548,1548,2.3746023,0.00262,-1,-1,-1,0,0,0,136,1,1,0,0.0000000,0.0000000,0.0000000,0,0,0,0
757215743637708 D 2346,2627566339,1000,1548,1548,2.3746023,0.00251,-1,-1,-1,0,0,0,136,1,1,0,0.0000000,0.0000000,0.0000000,0,0,0,0
757215744680791 D 2347,2627567339,1000,1548,1548,2.3746023,0.00241,-1,-1,-1,0,0,0,136,1,1,0,0.0000000,0.0000000,0.0000000,0,0,0,0
757215745666791 D 2348,2627568339,1000,1548,1548,2.3746023,0.00232,-1,-1,-1,0,0,0,136,1,1,0,0.0000000,0.0000000,0.0000000,0,0,0,0
757215746673625 D 2349,2627569339,1000,1548,1548,2.3746023,0.00223,-1,-1,-1,0,0,0,136,1,1,0,0.0000000,0.0000000,0.0000000,0,0,0,0
757215747658166 D 2350,2627570339,1000,1548,1548,2.3746023,0.00214,-1,-1,-1,0,0,0,136,1,1,0,0.0000000,0.0000000,0.0000000,0,0,0,0
757215748843583 D 2351,2627571339,1000,1548,1548,2.3746023,0.00206,-1,-1,-1,0,0,0,136,1,1,0,0.0000000,0.0000000,0.0000000,0,0,0,0
757215749630208 D 2352,2627572339,1000,1548,1548,2.3746023,0.00198,-1,-1,-1,0,0,0,136,1,1,0,0.0000000,0.0000000,0.0000000,0,0,0,0
757215750631625 D 2353,2627573339,1000,1548,1548,2.3746023,0.00190,-1,-1,-1,0,0,0,136,1,1,0,0.0000000,0.0000000,0.0000000,0,0,0,0
757215751650125 D 2354,2627574339,1000,1548,1548,2.3746023,0.00183,-1,-1,-1,0,0,0,136,1,1,0,0.0000000,0.0000000,0.0000000,0,0,0,0
757215752635458 D 2355,2627575339,1000,1548,1548,2.3746023,0.00175,-1,-1,-1,0,0,0,136,1,1,0,0.0000000,0.0000000,0.0000000,0,0,0,0
757215753656500 D 2356,2627576339,1000,1548,1548,2.3746023,0.00168,-1,-1,-1,0,0,0,136,1,1,0,0.0000000,0.0000000,0.0000000,0,0,0,0
757215754641833 D 2357,2627577339,1000,1548,1548,2.3746023,0.00162,-1,-1,-1,0,0,0,136,1,1,0,0.0000000,0.0000000,0.0000000,0,0,0,0
757215755648750 D 2358,2627578339,1000,1548,1548,2.3746023,0.00156,-1,-1,-1,0,0,0,136,1,1,0,0.0000000,0.0000000,0.0000000,0,0,0,0
757215756648541 D 2359,2627579339,1000,1548,1548,2.3746023,0.00149,-1,-1,-1,0,0,0,136,1,1,0,0.0000000,0.0000000,0.0000000,0,0,0,0
757215757663625 D 2360,2627580339,1000,1548,1548,2.3746023,0.00144,-1,-1,-1,0,0,0,136,1,1,0,0.0000000,0.0000000,0.0000000,0,0,0,0
757215758646458 D 2361,2627581339,1000,1548,1548,2.3746023,0.00138,-1,-1,-1,0,0,0,136,1,1,0,0.0000000,0.0000000,0.0000000,0,0,0,0
757215759667500 D 2362,2627582339,1000,1548,1548,2.3746023,0.00133,-1,-1,-1,0,0,0,136,1,1,0,0.0000000,0.0000000,0.0000000,0,0,0,0
757215760643791 D 2363,2627583339,1000,1548,1548,2.3746023,0.00127,-1,-1,-1,0,0,0,136,1,1,0,0.0000000,0.0000000,0.0000000,0,0,0,0
757215761658000 D 2364,2627584339,1000,1548,1548,2.3746023,0.00122,-1,-1,-1,0,0,0,136,1,1,0,0.0000000,0.0000000,0.0000000,0,0,0,0
757215762672833 D 2365,2627585339,1000,1548,1548,2.3746023,0.00118,-1,-1,-1,0,0,0,136,1,1,0,0.0000000,0.0000000,0.0000000,0,0,0,0
757215763645416 D 2366,2627586339,1000,1548,1548,2.3746023,0.00113,-1,-1,-1,0,0,0,136,1,1,0,0.0000000,0.0000000,0.0000000,0,0,0,0
757215764637625 D 2367,2627587339,1000,1548,1548,2.3746023,0.00109,-1,-1,-1,0,0,0,136,1,1,0,0.0000000,0.0000000,0.0000000,0,0,0,0
757215765699375 D 2368,2627588339,1000,1549,1549,2.3761363,0.06119,-1,-1,-1,0,0,0,136,1,1,0,0.0000000,0.0000000,0.0000000,0,0,0,0
757215766595416 D 2369,2627589339,1000,1548,1548,2.3746023,-0.00136,-1,-1,-1,0,0,0,136,1,1,0,0.0000000,0.0000000,0.0000000,0,0,0,0
757215767634125 D 2370,2627590339,1000,1548,1548,2.3746023,-0.00130,-1,-1,-1,0,0,0,136,1,1,0,0.0000000,0.0000000,0.0000000,0,0,0,0
757215769149958 D 2371,2627591339,1000,1548,1548,2.3746023,-0.00125,-1,-1,-1,0,0,0,136,1,1,0,0.0000000,0.0000000,0.0000000,0,0,0,0
757215770300791 D 2372,2627592339,1000,1548,1548,2.3746023,-0.00120,-1,-1,-1,0,0,0,136,1,1,0,0.0000000,0.0000000,0.0000000,0,0,0,0
757215771180333 D 2373,2627593339,1000,1548,1548,2.3746023,-0.00116,-1,-1,-1,0,0,0,136,1,1,0,0.0000000,0.0000000,0.0000000,0,0,0,0
757215771925375 D 2374,2627594339,1000,1548,1548,2.3746023,-0.00111,-1,-1,-1,0,0,0,136,1,1,0,0.0000000,0.0000000,0.0000000,0,0,0,0
757215772663333 D 2375,2627595339,1000,1548,1548,2.3746023,-0.00107,-1,-1,-1,0,0,0,136,1,1,0,0.0000000,0.0000000,0.0000000,0,0,0,0
757215773649458 D 2376,2627596339,1000,1548,1548,2.3746023,-0.00103,-1,-1,-1,0,0,0,136,1,1,0,0.0000000,0.0000000,0.0000000,0,0,0,0
757215774674458 D 2377,2627597339,1000,1548,1548,2.3746023,-0.00099,-1,-1,-1,0,0,0,136,1,1,0,0.0000000,0.0000000,0.0000000,0,0,0,0
757215775662333 D 2378,2627598339,1000,1548,1548,2.3746023,-0.00095,-1,-1,-1,0,0,0,136,1,1,0,0.0000000,0.0000000,0.0000000,0,0,0,0
757215776654333 D 2379,2627599339,1000,1548,1548,2.3746023,-0.00091,-1,-1,-1,0,0,0,136,1,1,0,0.0000000,0.0000000,0.0000000,0,0,0,0
757215777669541 D 2380,2627600339,1000,1548,1548,2.3746023,-0.00087,-1,-1,-1,0,0,0,136,1,1,0,0.0000000,0.0000000,0.0000000,0,0,0,0
757215778640166 D 2381,2627601339,1000,1548,1548,2.3746023,-0.00084,-1,-1,-1,0,0,0,136,1,1,0,0.0000000,0.0000000,0.0000000,0,0,0,0
757215780046708 D 2382,2627602339,1000,1549,1549,2.3761363,0.05934,39,128,2075,0,0,0,135,1,1,0,0.0000000,0.0000000,0.0000000,0,0,0,0
757215780619625 D 2383,2627603339,1000,1548,1548,2.3746023,-0.00313,-1,-1,-1,0,0,0,136,1,1,0,0.0000000,0.0000000,0.0000000,0,0,0,0
757215781654250 D 2384,2627604339,1000,1548,1548,2.3746023,-0.00301,-1,-1,-1,0,0,0,136,1,1,0,0.0000000,0.0000000,0.0000000,0,0,0,0
757215782722708 D 2385,2627605339,1000,1547,1547,2.3730683,-0.06304,-1,-1,-1,0,0,0,136,1,1,0,0.0000000,0.0000000,0.0000000,0,0,0,0
757215783595625 D 2386,2627606339,1000,1548,1548,2.3746023,-0.00042,-1,-1,-1,0,0,0,136,1,1,0,0.0000000,0.0000000,0.0000000,0,0,0,0
757215784610458 D 2387,2627607339,1000,1548,1548,2.3746023,-0.00040,-1,-1,-1,0,0,0,136,1,1,0,0.0000000,0.0000000,0.0000000,0,0,0,0
757215785649833 D 2388,2627608339,1000,1548,1548,2.3746023,-0.00039,-1,-1,-1,0,0,0,136,1,1,0,0.0000000,0.0000000,0.0000000,0,0,0,0
757215786708166 D 2389,2627609339,1000,1548,1548,2.3746023,-0.00037,-1,-1,-1,0,0,0,136,1,1,0,0.0000000,0.0000000,0.0000000,0,0,0,0
757215787672583 D 2390,2627610339,1000,1548,1548,2.3746023,-0.00036,-1,-1,-1,0,0,0,136,1,1,0,0.0000000,0.0000000,0.0000000,0,0,0,0
757215788660541 D 2391,2627611339,1000,1548,1548,2.3746023,-0.00034,-1,-1,-1,0,0,0,136,1,1,0,0.0000000,0.0000000,0.0000000,0,0,0,0
757215789641541 D 2392,2627612339,1000,1548,1548,2.3746023,-0.00033,-1,-1,-1,0,0,0,136,1,1,0,0.0000000,0.0000000,0.0000000,0,0,0,0
757215790686583 D 2393,2627613339,1000,1547,1547,2.3730683,-0.06047,-1,-1,-1,0,0,0,136,1,1,0,0.0000000,0.0000000,0.0000000,0,0,0,0
757215791681000 D 2394,2627614339,1000,1548,1548,2.3746023,0.00205,-1,-1,-1,0,0,0,136,1,1,0,0.0000000,0.0000000,0.0000000,0,0,0,0
757215792659708 D 2395,2627615339,1000,1548,1548,2.3746023,0.00197,-1,-1,-1,0,0,0,136,1,1,0,0.0000000,0.0000000,0.0000000,0,0,0,0
757215793716791 D 2396,2627616339,1000,1548,1548,2.3746023,0.00190,-1,-1,-1,0,0,0,135,1,1,0,0.0000000,0.0000000,0.0000000,0,0,0,0
757215794653166 D 2397,2627617339,1000,1548,1548,2.3746023,0.00182,-1,-1,-1,0,0,0,136,1,1,0,0.0000000,0.0000000,0.0000000,0,0,0,0
757215795656833 D 2398,2627618339,1000,1548,1548,2.3746023,0.00175,-1,-1,-1,0,0,0,136,1,1,0,0.0000000,0.0000000,0.0000000,0,0,0,0
757215796641291 D 2399,2627619339,1000,1548,1548,2.3746023,0.00168,-1,-1,-1,0,0,0,136,1,1,0,0.0000000,0.0000000,0.0000000,0,0,0,0
757215797625833 D 2400,2627620339,1000,1548,1548,2.3746023,0.00161,-1,-1,-1,0,0,0,136,1,1,0,0.0000000,0.0000000,0.0000000,0,0,0,0
757215800207833 D 2401,2627621339,1000,1548,1548,2.3746023,0.00155,-1,-1,-1,0,0,0,136,1,1,0,0.0000000,0.0000000,0.0000000,0,0,0,0
757215801085916 D 2402,2627622339,1000,1548,1548,2.3746023,0.00149,-1,-1,-1,0,0,0,136,1,1,0,0.0000000,0.0000000,0.0000000,0,0,0,0
757215801905208 D 2403,2627623339,1000,1548,1548,2.3746023,0.00143,-1,-1,-1,0,0,0,136,1,1,0,0.0000000,0.0000000,0.0000000,0,0,0,0
757215802485166 D 2404,2627624339,1000,1547,1547,2.3730683,-0.05877,-1,-1,-1,0,0,0,136,1,1,0,0.0000000,0.0000000,0.0000000,0,0,0,0
757215803050166 D 2405,2627625339,1000,1548,1548,2.3746023,0.00368,-1,-1,-1,0,0,0,136,1,1,0,0.0000000,0.0000000,0.0000000,0,0,0,0
757215803614500 D 2406,2627626339,1000,1548,1548,2.3746023,0.00354,-1,-1,-1,0,0,0,136,1,1,0,0.0000000,0.0000000,0.0000000,0,0,0,0
757215804674916 D 2407,2627627339,1000,1548,1548,2.3746023,0.00340,-1,-1,-1,0,0,0,136,1,1,0,0.0000000,0.0000000,0.0000000,0,0,0,0
757215805643333 D 2408,2627628339,1000,1548,1548,2.3746023,0.00326,-1,-1,-1,0,0,0,136,1,1,0,0.0000000,0.0000000,0.0000000,0,0,0,0
757215806593458 D 2409,2627629339,1000,1548,1548,2.3746023,0.00314,-1,-1,-1,0,0,0,136,1,1,0,0.0000000,0.0000000,0.0000000,0,0,0,0
757215807663291 D 2410,2627630339,1000,1548,1548,2.3746023,0.00301,-1,-1,-1,0,0,0,136,1,1,0,0.0000000,0.0000000,0.0000000,0,0,0,0
757215808659875 D 2411,2627631339,1000,1548,1548,2.3746023,0.00290,-1,-1,-1,0,0,0,136,1,1,0,0.0000000,0.0000000,0.0000000,0,0,0,0
757215809659083 D 2412,2627632339,1000,1547,1547,2.3730683,-0.05737,-1,-1,-1,0,0,0,136,1,1,0,0.0000000,0.0000000,0.0000000,0,0,0,0
757215810682833 D 2413,2627633339,1000,1548,1548,2.3746023,0.00503,-1,-1,-1,0,0,0,136,1,1,0,0.0000000,0.0000000,0.0000000,0,0,0,0
757215811624666 D 2414,2627634339,1000,1548,1548,2.3746023,0.00483,-1,-1,-1,0,0,0,136,1,1,0,0.0000000,0.0000000,0.0000000,0,0,0,0
757215812636083 D 2415,2627635339,1000,1548,1548,2.3746023,0.00464,-1,-1,-1,0,0,0,136,1,1,0,0.0000000,0.0000000,0.0000000,0,0,0,0
757215813641166 D 2416,2627636339,1000,1548,1548,2.3746023,0.00446,-1,-1,-1,0,0,0,136,1,1,0,0.0000000,0.0000000,0.0000000,0,0,0,0
757215814636833 D 2417,2627637339,1000,1548,1548,2.3746023,0.00429,-1,-1,-1,0,0,0,136,1,1,0,0.0000000,0.0000000,0.0000000,0,0,0,0
757215815648750 D 2418,2627638339,1000,1548,1548,2.3746023,0.00412,-1,-1,-1,0,0,0,136,1,1,0,0.0000000,0.0000000,0.0000000,0,0,0,0
757215816557375 D 2419,2627639339,1000,1548,1548,2.3746023,0.00396,-1,-1,-1,0,0,0,136,1,1,0,0.0000000,0.0000000,0.0000000,0,0,0,0
757215817622125 D 2420,2627640339,1000,1548,1548,2.3746023,0.00380,-1,-1,-1,0,0,0,136,1,1,0,0.0000000,0.0000000,0.0000000,0,0,0,0
757215818622833 D 2421,2627641339,1000,1549,1549,2.3761363,0.06380,-1,-1,-1,0,0,0,136,1,1,0,0.0000000,0.0000000,0.0000000,0,0,0,0
757215819679041 D 2422,2627642339,1000,1548,1548,2.3746023,0.00115,-1,-1,-1,0,0,0,136,1,1,0,0.0000000,0.0000000,0.0000000,0,0,0,0
757215820600583 D 2423,2627643339,1000,1548,1548,2.3746023,0.00111,-1,-1,-1,0,0,0,136,1,1,0,0.0000000,0.0000000,0.0000000,0,0,0,0
757215821626583 D 2424,2627644339,1000,1548,1548,2.3746023,0.00106,-1,-1,-1,0,0,0,136,1,1,0,0.0000000,0.0000000,0.0000000,0,0,0,0
757215822644458 D 2425,2627645339,1000,1548,1548,2.3746023,0.00102,-1,-1,-1,0,0,0,136,1,1,0,0.0000000,0.0000000,0.0000000,0,0,0,0
757215823644750 D 2426,2627646339,1000,1548,1548,2.3746023,0.00098,-1,-1,-1,0,0,0,136,1,1,0,0.0000000,0.0000000,0.0000000,0,0,0,0
757215824636500 D 2427,2627647339,1000,1548,1548,2.3746023,0.00094,-1,-1,-1,0,0,0,136,1,1,0,0.0000000,0.0000000,0.0000000,0,0,0,0
757215825692375 D 2428,2627648339,1000,1548,1548,2.3746023,0.00091,-1,-1,-1,0,0,0,136,1,1,0,0.0000000,0.0000000,0.0000000,0,0,0,0
757215826626125 D 2429,2627649339,1000,1548,1548,2.3746023,0.00087,-1,-1,-1,0,0,0,136,1,1,0,0.0000000,0.0000000,0.0000000,0,0,0,0
757215827661125 D 2430,2627650339,1000,1548,1548,2.3746023,0.00084,-1,-1,-1,0,0,0,136,1,1,0,0.0000000,0.0000000,0.0000000,0,0,0,0
757215828633958 D 2431,2627651339,1000,1548,1548,2.3746023,0.00080,-1,-1,-1,0,0,0,136,1,1,0,0.0000000,0.0000000,0.0000000,0,0,0,0
757215830054958 D 2432,2627652339,1000,1548,1548,2.3746023,0.00077,39,128,2074,0,0,0,136,1,1,0,0.0000000,0.0000000,0.0000000,0,0,0,0
757215830621916 D 2433,2627653339,1000,1548,1548,2.3746023,0.00074,-1,-1,-1,0,0,0,136,1,1,0,0.0000000,0.0000000,0.0000000,0,0,0,0
757215831633625 D 2434,2627654339,1000,1548,1548,2.3746023,0.00071,-1,-1,-1,0,0,0,136,1,1,0,0.0000000,0.0000000,0.0000000,0,0,0,0
757215832620541 D 2435,2627655339,1000,1548,1548,2.3746023,0.00068,-1,-1,-1,0,0,0,136,1,1,0,0.0000000,0.0000000,0.0000000,0,0,0,0
757215833599958 D 2436,2627656339,1000,1548,1548,2.3746023,0.00066,-1,-1,-1,0,0,0,136,1,1,0,0.0000000,0.0000000,0.0000000,0,0,0,0
757215834622958 D 2437,2627657339,1000,1548,1548,2.3746023,0.00063,-1,-1,-1,0,0,0,136,1,1,0,0.0000000,0.0000000,0.0000000,0,0,0,0
757215835657958 D 2438,2627658339,1000,1547,1547,2.3730683,-0.05954,-1,-1,-1,0,0,0,136,1,1,0,0.0000000,0.0000000,0.0000000,0,0,0,0
757215836632916 D 2439,2627659339,1000,1548,1548,2.3746023,0.00294,-1,-1,-1,0,0,0,136,1,1,0,0.0000000,0.0000000,0.0000000,0,0,0,0
757215837642666 D 2440,2627660339,1000,1548,1548,2.3746023,0.00283,-1,-1,-1,0,0,0,136,1,1,0,0.0000000,0.0000000,0.0000000,0,0,0,0
757215838628500 D 2441,2627661339,1000,1548,1548,2.3746023,0.00272,-1,-1,-1,0,0,0,136,1,1,0,0.0000000,0.0000000,0.0000000,0,0,0,0
757215839632291 D 2442,2627662339,1000,1548,1548,2.3746023,0.00261,-1,-1,-1,0,0,0,136,1,1,0,0.0000000,0.0000000,0.0000000,0,0,0,0
757215840636791 D 2443,2627663339,1000,1548,1548,2.3746023,0.00251,-1,-1,-1,0,0,0,136,1,1,0,0.0000000,0.0000000,0.0000000,0,0,0,0
757215841619750 D 2444,2627664339,1000,1548,1548,2.3746023,0.00241,-1,-1,-1,0,0,0,136,1,1,0,0.0000000,0.0000000,0.0000000,0,0,0,0
757215842646750 D 2445,2627665339,1000,1547,1547,2.3730683,-0.05783,-1,-1,-1,0,0,0,136,1,1,0,0.0000000,0.0000000,0.0000000,0,0,0,0
757215843635500 D 2446,2627666339,1000,1548,1548,2.3746023,0.00458,-1,-1,-1,0,0,0,136,1,1,0,0.0000000,0.0000000,0.0000000,0,0,0,0
757215844631666 D 2447,2627667339,1000,1548,1548,2.3746023,0.00440,-1,-1,-1,0,0,0,136,1,1,0,0.0000000,0.0000000,0.0000000,0,0,0,0
757215845702666 D 2448,2627668339,1000,1548,1548,2.3746023,0.00423,-1,-1,-1,0,0,0,136,1,1,0,0.0000000,0.0000000,0.0000000,0,0,0,0
757215846619750 D 2449,2627669339,1000,1548,1548,2.3746023,0.00406,-1,-1,-1,0,0,0,136,1,1,0,0.0000000,0.0000000,0.0000000,0,0,0,0
757215847668625 D 2450,2627670339,1000,1548,1548,2.3746023,0.00390,-1,-1,-1,0,0,0,136,1,1,0,0.0000000,0.0000000,0.0000000,0,0,0,0
757215848693500 D 2451,2627671339,1000,1548,1548,2.3746023,0.00375,-1,-1,-1,0,0,0,136,1,1,0,0.0000000,0.0000000,0.0000000,0,0,0,0
757215849606833 D 2452,2627672339,1000,1548,1548,2.3746023,0.00360,-1,-1,-1,0,0,0,136,1,1,0,0.0000000,0.0000000,0.0000000,0,0,0,0
757215850595041 D 2453,2627673339,1000,1548,1548,2.3746023,0.00346,-1,-1,-1,0,0,0,136,1,1,0,0.0000000,0.0000000,0.0000000,0,0,0,0
757215851647750 D 2454,2627674339,1000,1548,1548,2.3746023,0.00333,-1,-1,-1,0,0,0,136,1,1,0,0.0000000,0.0000000,0.0000000,0,0,0,0
757215852634500 D 2455,2627675339,1000,1547,1547,2.3730683,-0.05695,-1,-1,-1,0,0,0,136,1,1,0,0.0000000,0.0000000,0.0000000,0,0,0,0
757215854011458 D 2456,2627676339,1000,1548,1548,2.3746023,0.00543,-1,-1,-1,0,0,0,136,1,1,0,0.0000000,0.0000000,0.0000000,0,0,0,0
757215854876666 D 2457,2627677339,1000,1548,1548,2.3746023,0.00522,-1,-1,-1,0,0,0,136,1,1,0,0.0000000,0.0000000,0.0000000,0,0,0,0
757215855628958 D 2458,2627678339,1000,1548,1548,2.3746023,0.00501,-1,-1,-1,0,0,0,136,1,1,0,0.0000000,0.0000000,0.0000000,0,0,0,0
757215856646125 D 2459,2627679339,1000,1548,1548,2.3746023,0.00482,-1,-1,-1,0,0,0,135,1,1,0,0.0000000,0.0000000,0.0000000,0,0,0,0
757215857608041 D 2460,2627680339,1000,1548,1548,2.3746023,0.00463,-1,-1,-1,0,0,0,136,1,1,0,0.0000000,0.0000000,0.0000000,0,0,0,0
757215858608333 D 2461,2627681339,1000,1548,1548,2.3746023,0.00445,-1,-1,-1,0,0,0,136,1,1,0,0.0000000,0.0000000,0.0000000,0,0,0,0
757215859603000 D 2462,2627682339,1000,1548,1548,2.3746023,0.00427,-1,-1,-1,0,0,0,136,1,1,0,0.0000000,0.0000000,0.0000000,0,0,0,0
757215860598375 D 2463,2627683339,1000,1548,1548,2.3746023,0.00410,-1,-1,-1,0,0,0,136,1,1,0,0.0000000,0.0000000,0.0000000,0,0,0,0
757215861605375 D 2464,2627684339,1000,1548,1548,2.3746023,0.00394,-1,-1,-1,0,0,0,136,1,1,0,0.0000000,0.0000000,0.0000000,0,0,0,0
757215862627583 D 2465,2627685339,1000,1548,1548,2.3746023,0.00379,-1,-1,-1,0,0,0,136,1,1,0,0.0000000,0.0000000,0.0000000,0,0,0,0
757215863630708 D 2466,2627686339,1000,1548,1548,2.3746023,0.00364,-1,-1,-1,0,0,0,136,1,1,0,0.0000000,0.0000000,0.0000000,0,0,0,0
757215864663583 D 2467,2627687339,1000,1548,1548,2.3746023,0.00350,-1,-1,-1,0,0,0,136,1,1,0,0.0000000,0.0000000,0.0000000,0,0,0,0
757215865643875 D 2468,2627688339,1000,1548,1548,2.3746023,0.00336,-1,-1,-1,0,0,0,136,1,1,0,0.0000000,0.0000000,0.0000000,0,0,0,0
757215866569833 D 2469,2627689339,1000,1548,1548,2.3746023,0.00323,-1,-1,-1,0,0,0,136,1,1,0,0.0000000,0.0000000,0.0000000,0,0,0,0
757215867659500 D 2470,2627690339,1000,1548,1548,2.3746023,0.00310,-1,-1,-1,0,0,0,136,1,1,0,0.0000000,0.0000000,0.0000000,0,0,0,0
757215868653208 D 2471,2627691339,1000,1548,1548,2.3746023,0.00298,-1,-1,-1,0,0,0,136,1,1,0,0.0000000,0.0000000,0.0000000,0,0,0,0
757215869661083 D 2472,2627692339,1000,1548,1548,2.3746023,0.00286,-1,-1,-1,0,0,0,136,1,1,0,0.0000000,0.0000000,0.0000000,0,0,0,0
757215870667833 D 2473,2627693339,1000,1548,1548,2.3746023,0.00275,-1,-1,-1,0,0,0,135,1,1,0,0.0000000,0.0000000,0.0000000,0,0,0,0
757215871641000 D 2474,2627694339,1000,1548,1548,2.3746023,0.00264,-1,-1,-1,0,0,0,136,1,1,0,0.0000000,0.0000000,0.0000000,0,0,0,0
757215872665875 D 2475,2627695339,1000,1548,1548,2.3746023,0.00254,-1,-1,-1,0,0,0,136,1,1,0,0.0000000,0.0000000,0.0000000,0,0,0,0
757215873625500 D 2476,2627696339,1000,1548,1548,2.3746023,0.00244,-1,-1,-1,0,0,0,136,1,1,0,0.0000000,0.0000000,0.0000000,0,0,0,0
757215874648208 D 2477,2627697339,1000,1548,1548,2.3746023,0.00234,-1,-1,-1,0,0,0,136,1,1,0,0.0000000,0.0000000,0.0000000,0,0,0,0
757215875659000 D 2478,2627698339,1000,1548,1548,2.3746023,0.00225,-1,-1,-1,0,0,0,136,1,1,0,0.0000000,0.0000000,0.0000000,0,0,0,0
757215876666750 D 2479,2627699339,1000,1548,1548,2.3746023,0.00216,-1,-1,-1,0,0,0,136,1,1,0,0.0000000,0.0000000,0.0000000,0,0,0,0
757215877651375 D 2480,2627700339,1000,1548,1548,2.3746023,0.00208,-1,-1,-1,0,0,0,136,1,1,0,0.0000000,0.0000000,0.0000000,0,0,0,0
757215878649750 D 2481,2627701339,1000,1548,1548,2.3746023,0.00200,-1,-1,-1,0,0,0,136,1,1,0,0.0000000,0.0000000,0.0000000,0,0,0,0
757215880031166 D 2482,2627702339,1000,1548,1548,2.3746023,0.00192,39,128,2076,0,0,0,136,1,1,0,0.0000000,0.0000000,0.0000000,0,0,0,0
757215880647000 D 2483,2627703339,1000,1548,1548,2.3746023,0.00184,-1,-1,-1,0,0,0,136,1,1,0,0.0000000,0.0000000,0.0000000,0,0,0,0
757215881702416 D 2484,2627704339,1000,1548,1548,2.3746023,0.00177,-1,-1,-1,0,0,0,136,1,1,0,0.0000000,0.0000000,0.0000000,0,0,0,0
757215882695500 D 2485,2627705339,1000,1548,1548,2.3746023,0.00170,-1,-1,-1,0,0,0,136,1,1,0,0.0000000,0.0000000,0.0000000,0,0,0,0
757215883584083 D 2486,2627706339,1000,1548,1548,2.3746023,0.00164,-1,-1,-1,0,0,0,136,1,1,0,0.0000000,0.0000000,0.0000000,0,0,0,0
757215884622750 D 2487,2627707339,1000,1548,1548,2.3746023,0.00157,-1,-1,-1,0,0,0,136,1,1,0,0.0000000,0.0000000,0.0000000,0,0,0,0
757215885913791 D 2488,2627708339,1000,1548,1548,2.3746023,0.00151,-1,-1,-1,0,0,0,136,1,1,0,0.0000000,0.0000000,0.0000000,0,0,0,0
757215887110500 D 2489,2627709339,1000,1548,1548,2.3746023,0.00145,-1,-1,-1,0,0,0,136,1,1,0,0.0000000,0.0000000,0.0000000,0,0,0,0
757215887831916 D 2490,2627710339,1000,1548,1548,2.3746023,0.00139,-1,-1,-1,0,0,0,136,1,1,0,0.0000000,0.0000000,0.0000000,0,0,0,0
757215888702291 D 2491,2627711339,1000,1548,1548,2.3746023,0.00134,-1,-1,-1,0,0,0,136,1,1,0,0.0000000,0.0000000,0.0000000,0,0,0,0
757215889726625 D 2492,2627712339,1000,1548,1548,2.3746023,0.00129,-1,-1,-1,0,0,0,136,1,1,0,0.0000000,0.0000000,0.0000000,0,0,0,0
757215890632125 D 2493,2627713339,1000,1548,1548,2.3746023,0.00124,-1,-1,-1,0,0,0,136,1,1,0,0.0000000,0.0000000,0.0000000,0,0,0,0
757215891600833 D 2494,2627714339,1000,1547,1547,2.3730683,-0.05896,-1,-1,-1,0,0,0,136,1,1,0,0.0000000,0.0000000,0.0000000,0,0,0,0
757215892574708 D 2495,2627715339,1000,1548,1548,2.3746023,0.00350,-1,-1,-1,0,0,0,136,1,1,0,0.0000000,0.0000000,0.0000000,0,0,0,0
757215893657250 D 2496,2627716339,1000,1548,1548,2.3746023,0.00336,-1,-1,-1,0,0,0,136,1,1,0,0.0000000,0.0000000,0.0000000,0,0,0,0
757215894605583 D 2497,2627717339,1000,1548,1548,2.3746023,0.00323,-1,-1,-1,0,0,0,136,1,1,0,0.0000000,0.0000000,0.0000000,0,0,0,0
757215895703041 D 2498,2627718339,1000,1548,1548,2.3746023,0.00310,-1,-1,-1,0,0,0,136,1,1,0,0.0000000,0.0000000,0.0000000,0,0,0,0
757215896617458 D 2499,2627719339,1000,1548,1548,2.3746023,0.00298,-1,-1,-1,0,0,0,136,1,1,0,0.0000000,0.0000000,0.0000000,0,0,0,0
757215897590250 D 2500,2627720339,1000,1548,1548,2.3746023,0.00287,-1,-1,-1,0,0,0,136,1,1,0,0.0000000,0.0000000,0.0000000,0,0,0,0
757215898852000 D 2501,2627721339,1000,1548,1548,2.3746023,0.00275,-1,-1,-1,0,0,0,135,1,1,0,0.0000000,0.0000000,0.0000000,0,0,0,0
757215899628833 D 2502,2627722339,1000,1549,1549,2.3761363,0.06279,-1,-1,-1,0,0,0,136,1,1,0,0.0000000,0.0000000,0.0000000,0,0,0,0
757215900594833 D 2503,2627723339,1000,1548,1548,2.3746023,0.00018,-1,-1,-1,0,0,0,136,1,1,0,0.0000000,0.0000000,0.0000000,0,0,0,0
757215901622666 D 2504,2627724339,1000,1548,1548,2.3746023,0.00018,-1,-1,-1,0,0,0,136,1,1,0,0.0000000,0.0000000,0.0000000,0,0,0,0
757215902596791 D 2505,2627725339,1000,1548,1548,2.3746023,0.00017,-1,-1,-1,0,0,0,136,1,1,0,0.0000000,0.0000000,0.0000000,0,0,0,0
757215903645208 D 2506,2627726339,1000,1547,1547,2.3730683,-0.05999,-1,-1,-1,0,0,0,136,1,1,0,0.0000000,0.0000000,0.0000000,0,0,0,0
757215905147583 D 2507,2627727339,1000,1548,1548,2.3746023,0.00251,-1,-1,-1,0,0,0,136,1,1,0,0.0000000,0.0000000,0.0000000,0,0,0,0
757215905714833 D 2508,2627728339,1000,1548,1548,2.3746023,0.00242,-1,-1,-1,0,0,0,136,1,1,0,0.0000000,0.0000000,0.0000000,0,0,0,0
757215906627416 D 2509,2627729339,1000,1548,1548,2.3746023,0.00232,-1,-1,-1,0,0,0,136,1,1,0,0.0000000,0.0000000,0.0000000,0,0,0,0
757215907683958 D 2510,2627730339,1000,1548,1548,2.3746023,0.00223,-1,-1,-1,0,0,0,136,1,1,0,0.0000000,0.0000000,0.0000000,0,0,0,0
757215908667041 D 2511,2627731339,1000,1548,1548,2.3746023,0.00214,-1,-1,-1,0,0,0,136,1,1,0,0.0000000,0.0000000,0.0000000,0,0,0,0
757215909647500 D 2512,2627732339,1000,1548,1548,2.3746023,0.00206,-1,-1,-1,0,0,0,136,1,1,0,0.0000000,0.0000000,0.0000000,0,0,0,0
757215910691000 D 2513,2627733339,1000,1548,1548,2.3746023,0.00198,-1,-1,-1,0,0,0,136,1,1,0,0.0000000,0.0000000,0.0000000,0,0,0,0
757215911633250 D 2514,2627734339,1000,1548,1548,2.3746023,0.00190,-1,-1,-1,0,0,0,136,1,1,0,0.0000000,0.0000000,0.0000000,0,0,0,0
757215912629250 D 2515,2627735339,1000,1548,1548,2.3746023,0.00183,-1,-1,-1,0,0,0,136,1,1,0,0.0000000,0.0000000,0.0000000,0,0,0,0
757215913694458 D 2516,2627736339,1000,1548,1548,2.3746023,0.00175,-1,-1,-1,0,0,0,136,1,1,0,0.0000000,0.0000000,0.0000000,0,0,0,0
757215914627500 D 2517,2627737339,1000,1548,1548,2.3746023,0.00169,-1,-1,-1,0,0,0,136,1,1,0,0.0000000,0.0000000,0.0000000,0,0,0,0
757215915663541 D 2518,2627738339,1000,1548,1548,2.3746023,0.00162,-1,-1,-1,0,0,0,136,1,1,0,0.0000000,0.0000000,0.0000000,0,0,0,0
757215916506000 D 2519,2627739339,1000,1548,1548,2.3746023,0.00156,-1,-1,-1,0,0,0,136,1,1,0,0.0000000,0.0000000,0.0000000,0,0,0,0
757215917591958 D 2520,2627740339,1000,1548,1548,2.3746023,0.00149,-1,-1,-1,0,0,0,136,1,1,0,0.0000000,0.0000000,0.0000000,0,0,0,0
757215918623958 D 2521,2627741339,1000,1548,1548,2.3746023,0.00144,-1,-1,-1,0,0,0,136,1,1,0,0.0000000,0.0000000,0.0000000,0,0,0,0
757215919643583 D 2522,2627742339,1000,1548,1548,2.3746023,0.00138,-1,-1,-1,0,0,0,136,1,1,0,0.0000000,0.0000000,0.0000000,0,0,0,0
757215920664375 D 2523,2627743339,1000,1548,1548,2.3746023,0.00133,-1,-1,-1,0,0,0,136,1,1,0,0.0000000,0.0000000,0.0000000,0,0,0,0
757215922834750 D 2524,2627744339,1000,1548,1548,2.3746023,0.00127,-1,-1,-1,0,0,0,136,1,1,0,0.0000000,0.0000000,0.0000000,0,0,0,0
757215923579458 D 2525,2627745339,1000,1548,1548,2.3746023,0.00122,-1,-1,-1,0,0,0,136,1,1,0,0.0000000,0.0000000,0.0000000,0,0,0,0
757215924484333 D 2526,2627746339,1000,1548,1548,2.3746023,0.00118,-1,-1,-1,0,0,0,136,1,1,0,0.0000000,0.0000000,0.0000000,0,0,0,0
757215925211833 D 2527,2627747339,1000,1548,1548,2.3746023,0.00113,-1,-1,-1,0,0,0,136,1,1,0,0.0000000,0.0000000,0.0000000,0,0,0,0
757215925785500 D 2528,2627748339,1000,1548,1548,2.3746023,0.00109,-1,-1,-1,0,0,0,136,1,1,0,0.0000000,0.0000000,0.0000000,0,0,0,0
757215926663708 D 2529,2627749339,1000,1548,1548,2.3746023,0.00104,-1,-1,-1,0,0,0,136,1,1,0,0.0000000,0.0000000,0.0000000,0,0,0,0
757215927618375 D 2530,2627750339,1000,1548,1548,2.3746023,0.00100,-1,-1,-1,0,0,0,136,1,1,0,0.0000000,0.0000000,0.0000000,0,0,0,0
757215928632375 D 2531,2627751339,1000,1548,1548,2.3746023,0.00096,-1,-1,-1,0,0,0,136,1,1,0,0.0000000,0.0000000,0.0000000,0,0,0,0
757215930061125 D 2532,2627752339,1000,1548,1548,2.3746023,0.00092,39,128,2074,0,0,0,136,1,1,0,0.0000000,0.0000000,0.0000000,0,0,0,0
757215930629833 D 2533,2627753339,1000,1548,1548,2.3746023,0.00089,-1,-1,-1,0,0,0,136,1,1,0,0.0000000,0.0000000,0.0000000,0,0,0,0
757215931692875 D 2534,2627754339,1000,1548,1548,2.3746023,0.00085,-1,-1,-1,0,0,0,136,1,1,0,0.0000000,0.0000000,0.0000000,0,0,0,0
757215932636916 D 2535,2627755339,1000,1548,1548,2.3746023,0.00082,-1,-1,-1,0,0,0,136,1,1,0,0.0000000,0.0000000,0.0000000,0,0,0,0
757215933567875 D 2536,2627756339,1000,1548,1548,2.3746023,0.00079,-1,-1,-1,0,0,0,136,1,1,0,0.0000000,0.0000000,0.0000000,0,0,0,0
757215934643500 D 2537,2627757339,1000,1548,1548,2.3746023,0.00076,-1,-1,-1,0,0,0,136,1,1,0,0.0000000,0.0000000,0.0000000,0,0,0,0
757215935667416 D 2538,2627758339,1000,1548,1548,2.3746023,0.00073,-1,-1,-1,0,0,0,136,1,1,0,0.0000000,0.0000000,0.0000000,0,0,0,0
757215936616375 D 2539,2627759339,1000,1548,1548,2.3746023,0.00070,-1,-1,-1,0,0,0,136,1,1,0,0.0000000,0.0000000,0.0000000,0,0,0,0
757215937649500 D 2540,2627760339,1000,1548,1548,2.3746023,0.00067,-1,-1,-1,0,0,0,136,1,1,0,0.0000000,0.0000000,0.0000000,0,0,0,0
757215938551000 D 2541,2627761339,1000,1548,1548,2.3746023,0.00065,-1,-1,-1,0,0,0,136,1,1,0,0.0000000,0.0000000,0.0000000,0,0,0,0
757215939622208 D 2542,2627762339,1000,1548,1548,2.3746023,0.00062,-1,-1,-1,0,0,0,136,1,1,0,0.0000000,0.0000000,0.0000000,0,0,0,0
757215940622083 D 2543,2627763339,1000,1547,1547,2.3730683,-0.05955,-1,-1,-1,0,0,0,136,1,1,0,0.0000000,0.0000000,0.0000000,0,0,0,0
757215941641416 D 2544,2627764339,1000,1548,1548,2.3746023,0.00293,-1,-1,-1,0,0,0,136,1,1,0,0.0000000,0.0000000,0.0000000,0,0,0,0
757215942704541 D 2545,2627765339,1000,1548,1548,2.3746023,0.00282,-1,-1,-1,0,0,0,136,1,1,0,0.0000000,0.0000000,0.0000000,0,0,0,0
757215943649708 D 2546,2627766339,1000,1548,1548,2.3746023,0.00271,-1,-1,-1,0,0,0,136,1,1,0,0.0000000,0.0000000,0.0000000,0,0,0,0
757215944630166 D 2547,2627767339,1000,1548,1548,2.3746023,0.00260,-1,-1,-1,0,0,0,136,1,1,0,0.0000000,0.0000000,0.0000000,0,0,0,0
757215945665375 D 2548,2627768339,1000,1548,1548,2.3746023,0.00250,-1,-1,-1,0,0,0,136,1,1,0,0.0000000,0.0000000,0.0000000,0,0,0,0
757215946648583 D 2549,2627769339,1000,1549,1549,2.3761363,0.06255,-1,-1,-1,0,0,0,136,1,1,0,0.0000000,0.0000000,0.0000000,0,0,0,0
757215947693208 D 2550,2627770339,1000,1548,1548,2.3746023,-0.00005,-1,-1,-1,0,0,0,136,1,1,0,0.0000000,0.0000000,0.0000000,0,0,0,0
757215948808166 D 2551,2627771339,1000,1548,1548,2.3746023,-0.00005,-1,-1,-1,0,0,0,136,1,1,0,0.0000000,0.0000000,0.0000000,0,0,0,0
757215950567416 D 2552,2627772339,1000,1548,1548,2.3746023,-0.00005,-1,-1,-1,0,0,0,136,1,1,0,0.0000000,0.0000000,0.0000000,0,0,0,0
757215951360375 D 2553,2627773339,1000,1548,1548,2.3746023,-0.00005,-1,-1,-1,0,0,0,136,1,1,0,0.0000000,0.0000000,0.0000000,0,0,0,0
757215952142041 D 2554,2627774339,1000,1548,1548,2.3746023,-0.00005,-1,-1,-1,0,0,0,136,1,1,0,0.0000000,0.0000000,0.0000000,0,0,0,0
757215952906791 D 2555,2627775339,1000,1548,1548,2.3746023,-0.00004,-1,-1,-1,0,0,0,136,1,1,0,0.0000000,0.0000000,0.0000000,0,0,0,0
757215953657750 D 2556,2627776339,1000,1548,1548,2.3746023,-0.00004,-1,-1,-1,0,0,0,136,1,1,0,0.0000000,0.0000000,0.0000000,0,0,0,0
757215954605708 D 2557,2627777339,1000,1548,1548,2.3746023,-0.00004,-1,-1,-1,0,0,0,136,1,1,0,0.0000000,0.0000000,0.0000000,0,0,0,0
757215955625250 D 2558,2627778339,1000,1548,1548,2.3746023,-0.00004,-1,-1,-1,0,0,0,136,1,1,0,0.0000000,0.0000000,0.0000000,0,0,0,0
757215956761125 D 2559,2627779339,1000,1548,1548,2.3746023,-0.00004,-1,-1,-1,0,0,0,136,1,1,0,0.0000000,0.0000000,0.0000000,0,0,0,0
757215957704333 D 2560,2627780339,1000,1548,1548,2.3746023,-0.00004,-1,-1,-1,0,0,0,136,1,1,0,0.0000000,0.0000000,0.0000000,0,0,0,0
757215958673375 D 2561,2627781339,1000,1547,1547,2.3730683,-0.06018,-1,-1,-1,0,0,0,136,1,1,0,0.0000000,0.0000000,0.0000000,0,0,0,0
757215959685208 D 2562,2627782339,1000,1548,1548,2.3746023,0.00233,-1,-1,-1,0,0,0,136,1,1,0,0.0000000,0.0000000,0.0000000,0,0,0,0
757215960689583 D 2563,2627783339,1000,1548,1548,2.3746023,0.00223,-1,-1,-1,0,0,0,136,1,1,0,0.0000000,0.0000000,0.0000000,0,0,0,0
757215961752625 D 2564,2627784339,1000,1548,1548,2.3746023,0.00215,-1,-1,-1,0,0,0,136,1,1,0,0.0000000,0.0000000,0.0000000,0,0,0,0
757215962647625 D 2565,2627785339,1000,1548,1548,2.3746023,0.00206,-1,-1,-1,0,0,0,136,1,1,0,0.0000000,0.0000000,0.0000000,0,0,0,0
757215963726958 D 2566,2627786339,1000,1548,1548,2.3746023,0.00198,-1,-1,-1,0,0,0,136,1,1,0,0.0000000,0.0000000,0.0000000,0,0,0,0
757215964641750 D 2567,2627787339,1000,1548,1548,2.3746023,0.00190,-1,-1,-1,0,0,0,136,1,1,0,0.0000000,0.0000000,0.0000000,0,0,0,0
757215965687375 D 2568,2627788339,1000,1548,1548,2.3746023,0.00183,-1,-1,-1,0,0,0,136,1,1,0,0.0000000,0.0000000,0.0000000,0,0,0,0
757215966514250 D 2569,2627789339,1000,1548,1548,2.3746023,0.00176,-1,-1,-1,0,0,0,136,1,1,0,0.0000000,0.0000000,0.0000000,0,0,0,0
757215967639666 D 2570,2627790339,1000,1548,1548,2.3746023,0.00169,-1,-1,-1,0,0,0,136,1,1,0,0.0000000,0.0000000,0.0000000,0,0,0,0
757215968628500 D 2571,2627791339,1000,1548,1548,2.3746023,0.00162,-1,-1,-1,0,0,0,136,1,1,0,0.0000000,0.0000000,0.0000000,0,0,0,0
757215969644083 D 2572,2627792339,1000,1548,1548,2.3746023,0.00156,-1,-1,-1,0,0,0,136,1,1,0,0.0000000,0.0000000,0.0000000,0,0,0,0
757215970657166 D 2573,2627793339,1000,1548,1548,2.3746023,0.00150,-1,-1,-1,0,0,0,136,1,1,0,0.0000000,0.0000000,0.0000000,0,0,0,0
757215971537333 D 2574,2627794339,1000,1547,1547,2.3730683,-0.05871,-1,-1,-1,0,0,0,136,1,1,0,0.0000000,0.0000000,0.0000000,0,0,0,0
757215972677583 D 2575,2627795339,1000,1548,1548,2.3746023,0.00374,-1,-1,-1,0,0,0,136,1,1,0,0.0000000,0.0000000,0.0000000,0,0,0,0
757215973673125 D 2576,2627796339,1000,1548,1548,2.3746023,0.00359,-1,-1,-1,0,0,0,136,1,1,0,0.0000000,0.0000000,0.0000000,0,0,0,0
757215974673625 D 2577,2627797339,1000,1548,1548,2.3746023,0.00345,-1,-1,-1,0,0,0,136,1,1,0,0.0000000,0.0000000,0.0000000,0,0,0,0
757215975660708 D 2578,2627798339,1000,1548,1548,2.3746023,0.00332,-1,-1,-1,0,0,0,136,1,1,0,0.0000000,0.0000000,0.0000000,0,0,0,0
757215976682666 D 2579,2627799339,1000,1548,1548,2.3746023,0.00319,-1,-1,-1,0,0,0,136,1,1,0,0.0000000,0.0000000,0.0000000,0,0,0,0
757215977639250 D 2580,2627800339,1000,1548,1548,2.3746023,0.00306,-1,-1,-1,0,0,0,136,1,1,0,0.0000000,0.0000000,0.0000000,0,0,0,0
757215978626875 D 2581,2627801339,1000,1548,1548,2.3746023,0.00294,-1,-1,-1,0,0,0,136,1,1,0,0.0000000,0.0000000,0.0000000,0,0,0,0
757215982455500 D 2582,2627802339,1000,1548,1548,2.3746023,0.00283,39,128,2076,0,0,0,136,1,1,0,0.0000000,0.0000000,0.0000000,0,0,0,0
757215983110666 D 2583,2627803339,1000,1548,1548,2.3746023,0.00272,-1,-1,-1,0,0,0,136,1,1,0,0.0000000,0.0000000,0.0000000,0,0,0,0
757215983633583 D 2584,2627804339,1000,1549,1549,2.3761363,0.06276,-1,-1,-1,0,0,0,136,1,1,0,0.0000000,0.0000000,0.0000000,0,0,0,0
757215984204166 D 2585,2627805339,1000,1547,1547,2.3730683,-0.06000,-1,-1,-1,0,0,0,136,1,1,0,0.0000000,0.0000000,0.0000000,0,0,0,0
757215984772000 D 2586,2627806339,1000,1548,1548,2.3746023,0.00250,-1,-1,-1,0,0,0,136,1,1,0,0.0000000,0.0000000,0.0000000,0,0,0,0
757215985343333 D 2587,2627807339,1000,1548,1548,2.3746023,0.00240,-1,-1,-1,0,0,0,136,1,1,0,0.0000000,0.0000000,0.0000000,0,0,0,0
757215985909416 D 2588,2627808339,1000,1548,1548,2.3746023,0.00231,-1,-1,-1,0,0,0,136,1,1,0,0.0000000,0.0000000,0.0000000,0,0,0,0
757215986558708 D 2589,2627809339,1000,1547,1547,2.3730683,-0.05793,-1,-1,-1,0,0,0,136,1,1,0,0.0000000,0.0000000,0.0000000,0,0,0,0
757215987507125 D 2590,2627810339,1000,1549,1549,2.3761363,0.06464,-1,-1,-1,0,0,0,136,1,1,0,0.0000000,0.0000000,0.0000000,0,0,0,0
757215988513083 D 2591,2627811339,1000,1548,1548,2.3746023,0.00196,-1,-1,-1,0,0,0,136,1,1,0,0.0000000,0.0000000,0.0000000,0,0,0,0
757215989580000 D 2592,2627812339,1000,1548,1548,2.3746023,0.00188,-1,-1,-1,0,0,0,136,1,1,0,0.0000000,0.0000000,0.0000000,0,0,0,0
757215990521000 D 2593,2627813339,1000,1548,1548,2.3746023,0.00181,-1,-1,-1,0,0,0,136,1,1,0,0.0000000,0.0000000,0.0000000,0,0,0,0
757215991602375 D 2594,2627814339,1000,1548,1548,2.3746023,0.00173,-1,-1,-1,0,0,0,136,1,1,0,0.0000000,0.0000000,0.0000000,0,0,0,0
757215992540375 D 2595,2627815339,1000,1548,1548,2.3746023,0.00167,-1,-1,-1,0,0,0,136,1,1,0,0.0000000,0.0000000,0.0000000,0,0,0,0
757215993540166 D 2596,2627816339,1000,1548,1548,2.3746023,0.00160,-1,-1,-1,0,0,0,136,1,1,0,0.0000000,0.0000000,0.0000000,0,0,0,0
757215994568041 D 2597,2627817339,1000,1548,1548,2.3746023,0.00154,-1,-1,-1,0,0,0,136,1,1,0,0.0000000,0.0000000,0.0000000,0,0,0,0
757215995551708 D 2598,2627818339,1000,1548,1548,2.3746023,0.00148,-1,-1,-1,0,0,0,136,1,1,0,0.0000000,0.0000000,0.0000000,0,0,0,0
757215996632791 D 2599,2627819339,1000,1548,1548,2.3746023,0.00142,-1,-1,-1,0,0,0,136,1,1,0,0.0000000,0.0000000,0.0000000,0,0,0,0
757215997727833 D 2600,2627820339,1000,1548,1548,2.3746023,0.00136,-1,-1,-1,0,0,0,136,1,1,0,0.0000000,0.0000000,0.0000000,0,0,0,0
757215998772416 D 2601,2627821339,1000,1548,1548,2.3746023,0.00131,-1,-1,-1,0,0,0,136,1,1,0,0.0000000,0.0000000,0.0000000,0,0,0,0
757215999602500 D 2602,2627822339,1000,1547,1547,2.3730683,-0.05889,-1,-1,-1,0,0,0,136,1,1,0,0.0000000,0.0000000,0.0000000,0,0,0,0
757216000605791 D 2603,2627823339,1000,1548,1548,2.3746023,0.00357,-1,-1,-1,0,0,0,136,1,1,0,0.0000000,0.0000000,0.0000000,0,0,0,0
757216001647000 D 2604,2627824339,1000,1548,1548,2.3746023,0.00343,-1,-1,-1,0,0,0,136,1,1,0,0.0000000,0.0000000,0.0000000,0,0,0,0
757216002633125 D 2605,2627825339,1000,1548,1548,2.3746023,0.00329,-1,-1,-1,0,0,0,136,1,1,0,0.0000000,0.0000000,0.0000000,0,0,0,0
757216003664500 D 2606,2627826339,1000,1547,1547,2.3730683,-0.05698,-1,-1,-1,0,0,0,136,1,1,0,0.0000000,0.0000000,0.0000000,0,0,0,0
757216004604708 D 2607,2627827339,1000,1548,1548,2.3746023,0.00540,-1,-1,-1,0,0,0,136,1,1,0,0.0000000,0.0000000,0.0000000,0,0,0,0
757216005494083 D 2608,2627828339,1000,1548,1548,2.3746023,0.00519,-1,-1,-1,0,0,0,136,1,1,0,0.0000000,0.0000000,0.0000000,0,0,0,0
757216006659833 D 2609,2627829339,1000,1548,1548,2.3746023,0.00498,-1,-1,-1,0,0,0,136,1,1,0,0.0000000,0.0000000,0.0000000,0,0,0,0
757216007579083 D 2610,2627830339,1000,1548,1548,2.3746023,0.00479,-1,-1,-1,0,0,0,136,1,1,0,0.0000000,0.0000000,0.0000000,0,0,0,0
757216008672041 D 2611,2627831339,1000,1548,1548,2.3746023,0.00460,-1,-1,-1,0,0,0,136,1,1,0,0.0000000,0.0000000,0.0000000,0,0,0,0
757216009621708 D 2612,2627832339,1000,1548,1548,2.3746023,0.00442,-1,-1,-1,0,0,0,136,1,1,0,0.0000000,0.0000000,0.0000000,0,0,0,0
757216010625125 D 2613,2627833339,1000,1547,1547,2.3730683,-0.05590,-1,-1,-1,0,0,0,136,1,1,0,0.0000000,0.0000000,0.0000000,0,0,0,0
757216011702041 D 2614,2627834339,1000,1548,1548,2.3746023,0.00644,-1,-1,-1,0,0,0,136,1,1,0,0.0000000,0.0000000,0.0000000,0,0,0,0
757216012678333 D 2615,2627835339,1000,1548,1548,2.3746023,0.00619,-1,-1,-1,0,0,0,136,1,1,0,0.0000000,0.0000000,0.0000000,0,0,0,0
757216013657500 D 2616,2627836339,1000,1547,1547,2.3730683,-0.05420,-1,-1,-1,0,0,0,136,1,1,0,0.0000000,0.0000000,0.0000000,0,0,0,0
757216014652041 D 2617,2627837339,1000,1548,1548,2.3746023,0.00807,-1,-1,-1,0,0,0,136,1,1,0,0.0000000,0.0000000,0.0000000,0,0,0,0
757216015646500 D 2618,2627838339,1000,1548,1548,2.3746023,0.00775,-1,-1,-1,0,0,0,136,1,1,0,0.0000000,0.0000000,0.0000000,0,0,0,0
757216016428208 D 2619,2627839339,1000,1548,1548,2.3746023,0.00745,-1,-1,-1,0,0,0,136,1,1,0,0.0000000,0.0000000,0.0000000,0,0,0,0
757216017598958 D 2620,2627840339,1000,1548,1548,2.3746023,0.00716,-1,-1,-1,0,0,0,136,1,1,0,0.0000000,0.0000000,0.0000000,0,0,0,0
757216018654125 D 2621,2627841339,1000,1548,1548,2.3746023,0.00688,-1,-1,-1,0,0,0,136,1,1,0,0.0000000,0.0000000,0.0000000,0,0,0,0
757216019652125 D 2622,2627842339,1000,1548,1548,2.3746023,0.00661,-1,-1,-1,0,0,0,136,1,1,0,0.0000000,0.0000000,0.0000000,0,0,0,0
757216020607791 D 2623,2627843339,1000,1547,1547,2.3730683,-0.05380,-1,-1,-1,0,0,0,136,1,1,0,0.0000000,0.0000000,0.0000000,0,0,0,0
757216021477250 D 2624,2627844339,1000,1548,1548,2.3746023,0.00846,-1,-1,-1,0,0,0,136,1,1,0,0.0000000,0.0000000,0.0000000,0,0,0,0
757216022497666 D 2625,2627845339,1000,1548,1548,2.3746023,0.00813,-1,-1,-1,0,0,0,136,1,1,0,0.0000000,0.0000000,0.0000000,0,0,0,0
757216023670541 D 2626,2627846339,1000,1547,1547,2.3730683,-0.05234,-1,-1,-1,0,0,0,136,1,1,0,0.0000000,0.0000000,0.0000000,0,0,0,0
757216024646083 D 2627,2627847339,1000,1548,1548,2.3746023,0.00986,-1,-1,-1,0,0,0,136,1,1,0,0.0000000,0.0000000,0.0000000,0,0,0,0
757216025648916 D 2628,2627848339,1000,1548,1548,2.3746023,0.00947,-1,-1,-1,0,0,0,136,1,1,0,0.0000000,0.0000000,0.0000000,0,0,0,0
757216026641333 D 2629,2627849339,1000,1548,1548,2.3746023,0.00910,-1,-1,-1,0,0,0,136,1,1,0,0.0000000,0.0000000,0.0000000,0,0,0,0
757216027627750 D 2630,2627850339,1000,1548,1548,2.3746023,0.00874,-1,-1,-1,0,0,0,136,1,1,0,0.0000000,0.0000000,0.0000000,0,0,0,0
757216028571333 D 2631,2627851339,1000,1548,1548,2.3746023,0.00840,-1,-1,-1,0,0,0,136,1,1,0,0.0000000,0.0000000,0.0000000,0,0,0,0
757216030031666 D 2632,2627852339,1000,1548,1548,2.3746023,0.00807,39,128,2076,0,0,0,136,1,1,0,0.0000000,0.0000000,0.0000000,0,0,0,0
757216030662583 D 2633,2627853339,1000,1548,1548,2.3746023,0.00776,-1,-1,-1,0,0,0,136,1,1,0,0.0000000,0.0000000,0.0000000,0,0,0,0
757216031641541 D 2634,2627854339,1000,1548,1548,2.3746023,0.00745,-1,-1,-1,0,0,0,136,1,1,0,0.0000000,0.0000000,0.0000000,0,0,0,0
757216032682500 D 2635,2627855339,1000,1548,1548,2.3746023,0.00716,-1,-1,-1,0,0,0,136,1,1,0,0.0000000,0.0000000,0.0000000,0,0,0,0
757216033496750 D 2636,2627856339,1000,1548,1548,2.3746023,0.00688,-1,-1,-1,0,0,0,136,1,1,0,0.0000000,0.0000000,0.0000000,0,0,0,0
757216034676333 D 2637,2627857339,1000,1547,1547,2.3730683,-0.05354,-1,-1,-1,0,0,0,136,1,1,0,0.0000000,0.0000000,0.0000000,0,0,0,0
757216035660750 D 2638,2627858339,1000,1549,1549,2.3761363,0.06886,-1,-1,-1,0,0,0,136,1,1,0,0.0000000,0.0000000,0.0000000,0,0,0,0
757216036655791 D 2639,2627859339,1000,1548,1548,2.3746023,0.00601,-1,-1,-1,0,0,0,136,1,1,0,0.0000000,0.0000000,0.0000000,0,0,0,0
757216037674000 D 2640,2627860339,1000,1548,1548,2.3746023,0.00577,-1,-1,-1,0,0,0,136,1,1,0,0.0000000,0.0000000,0.0000000,0,0,0,0
757216038496125 D 2641,2627861339,1000,1548,1548,2.3746023,0.00555,-1,-1,-1,0,0,0,136,1,1,0,0.0000000,0.0000000,0.0000000,0,0,0,0
757216039699208 D 2642,2627862339,1000,1548,1548,2.3746023,0.00533,-1,-1,-1,0,0,0,136,1,1,0,0.0000000,0.0000000,0.0000000,0,0,0,0
757216040687916 D 2643,2627863339,1000,1548,1548,2.3746023,0.00512,-1,-1,-1,0,0,0,136,1,1,0,0.0000000,0.0000000,0.0000000,0,0,0,0
757216041679916 D 2644,2627864339,1000,1547,1547,2.3730683,-0.05523,-1,-1,-1,0,0,0,136,1,1,0,0.0000000,0.0000000,0.0000000,0,0,0,0
757216042651458 D 2645,2627865339,1000,1548,1548,2.3746023,0.00708,-1,-1,-1,0,0,0,136,1,1,0,0.0000000,0.0000000,0.0000000,0,0,0,0
757216043652291 D 2646,2627866339,1000,1548,1548,2.3746023,0.00681,-1,-1,-1,0,0,0,136,1,1,0,0.0000000,0.0000000,0.0000000,0,0,0,0
757216044650916 D 2647,2627867339,1000,1548,1548,2.3746023,0.00654,-1,-1,-1,0,0,0,136,1,1,0,0.0000000,0.0000000,0.0000000,0,0,0,0
757216045490750 D 2648,2627868339,1000,1548,1548,2.3746023,0.00628,-1,-1,-1,0,0,0,136,1,1,0,0.0000000,0.0000000,0.0000000,0,0,0,0
757216046652125 D 2649,2627869339,1000,1548,1548,2.3746023,0.00604,-1,-1,-1,0,0,0,136,1,1,0,0.0000000,0.0000000,0.0000000,0,0,0,0
757216047638458 D 2650,2627870339,1000,1548,1548,2.3746023,0.00580,-1,-1,-1,0,0,0,136,1,1,0,0.0000000,0.0000000,0.0000000,0,0,0,0
757216048728958 D 2651,2627871339,1000,1548,1548,2.3746023,0.00557,-1,-1,-1,0,0,0,136,1,1,0,0.0000000,0.0000000,0.0000000,0,0,0,0
757216049540083 D 2652,2627872339,1000,1548,1548,2.3746023,0.00535,-1,-1,-1,0,0,0,136,1,1,0,0.0000000,0.0000000,0.0000000,0,0,0,0
757216050875333 D 2653,2627873339,1000,1549,1549,2.3761363,0.06529,-1,-1,-1,0,0,0,136,1,1,0,0.0000000,0.0000000,0.0000000,0,0,0,0
757216051776458 D 2654,2627874339,1000,1548,1548,2.3746023,0.00258,-1,-1,-1,0,0,0,136,1,1,0,0.0000000,0.0000000,0.0000000,0,0,0,0
757216052676625 D 2655,2627875339,1000,1548,1548,2.3746023,0.00248,-1,-1,-1,0,0,0,136,1,1,0,0.0000000,0.0000000,0.0000000,0,0,0,0
757216053812250 D 2656,2627876339,1000,1548,1548,2.3746023,0.00239,-1,-1,-1,0,0,0,136,1,1,0,0.0000000,0.0000000,0.0000000,0,0,0,0
757216054868541 D 2657,2627877339,1000,1548,1548,2.3746023,0.00229,-1,-1,-1,0,0,0,136,1,1,0,0.0000000,0.0000000,0.0000000,0,0,0,0
757216055765666 D 2658,2627878339,1000,1548,1548,2.3746023,0.00220,-1,-1,-1,0,0,0,136,1,1,0,0.0000000,0.0000000,0.0000000,0,0,0,0
757216056739708 D 2659,2627879339,1000,1547,1547,2.3730683,-0.05803,-1,-1,-1,0,0,0,136,1,1,0,0.0000000,0.0000000,0.0000000,0,0,0,0
757216058733250 D 2660,2627880339,1000,1548,1548,2.3746023,0.00439,-1,-1,-1,0,0,0,136,1,1,0,0.0000000,0.0000000,0.0000000,0,0,0,0
757216059841291 D 2661,2627881339,1000,1548,1548,2.3746023,0.00422,-1,-1,-1,0,0,0,136,1,1,0,0.0000000,0.0000000,0.0000000,0,0,0,0
757216060418166 D 2662,2627882339,1000,1548,1548,2.3746023,0.00405,-1,-1,-1,0,0,0,136,1,1,0,0.0000000,0.0000000,0.0000000,0,0,0,0
757216060987666 D 2663,2627883339,1000,1548,1548,2.3746023,0.00389,-1,-1,-1,0,0,0,136,1,1,0,0.0000000,0.0000000,0.0000000,0,0,0,0
757216061614500 D 2664,2627884339,1000,1547,1547,2.3730683,-0.05641,-1,-1,-1,0,0,0,136,1,1,0,0.0000000,0.0000000,0.0000000,0,0,0,0
757216062565958 D 2665,2627885339,1000,1548,1548,2.3746023,0.00595,-1,-1,-1,0,0,0,136,1,1,0,0.0000000,0.0000000,0.0000000,0,0,0,0
757216063715875 D 2666,2627886339,1000,1548,1548,2.3746023,0.00572,-1,-1,-1,0,0,0,136,1,1,0,0.0000000,0.0000000,0.0000000,0,0,0,0
757216064602958 D 2667,2627887339,1000,1548,1548,2.3746023,0.00550,-1,-1,-1,0,0,0,136,1,1,0,0.0000000,0.0000000,0.0000000,0,0,0,0
757216065497333 D 2668,2627888339,1000,1548,1548,2.3746023,0.00528,-1,-1,-1,0,0,0,136,1,1,0,0.0000000,0.0000000,0.0000000,0,0,0,0
757216066586125 D 2669,2627889339,1000,1548,1548,2.3746023,0.00507,-1,-1,-1,0,0,0,135,1,1,0,0.0000000,0.0000000,0.0000000,0,0,0,0
757216067604458 D 2670,2627890339,1000,1548,1548,2.3746023,0.00487,-1,-1,-1,0,0,0,136,1,1,0,0.0000000,0.0000000,0.0000000,0,0,0,0
757216068595958 D 2671,2627891339,1000,1548,1548,2.3746023,0.00468,-1,-1,-1,0,0,0,136,1,1,0,0.0000000,0.0000000,0.0000000,0,0,0,0
757216069611750 D 2672,2627892339,1000,1548,1548,2.3746023,0.00450,-1,-1,-1,0,0,0,136,1,1,0,0.0000000,0.0000000,0.0000000,0,0,0,0
757216070594583 D 2673,2627893339,1000,1548,1548,2.3746023,0.00432,-1,-1,-1,0,0,0,136,1,1,0,0.0000000,0.0000000,0.0000000,0,0,0,0
757216071462166 D 2674,2627894339,1000,1548,1548,2.3746023,0.00415,-1,-1,-1,0,0,0,136,1,1,0,0.0000000,0.0000000,0.0000000,0,0,0,0
757216072560000 D 2675,2627895339,1000,1548,1548,2.3746023,0.00399,-1,-1,-1,0,0,0,136,1,1,0,0.0000000,0.0000000,0.0000000,0,0,0,0
757216073624625 D 2676,2627896339,1000,1548,1548,2.3746023,0.00383,-1,-1,-1,0,0,0,136,1,1,0,0.0000000,0.0000000,0.0000000,0,0,0,0
757216074605500 D 2677,2627897339,1000,1548,1548,2.3746023,0.00368,-1,-1,-1,0,0,0,136,1,1,0,0.0000000,0.0000000,0.0000000,0,0,0,0
757216075664750 D 2678,2627898339,1000,1548,1548,2.3746023,0.00354,-1,-1,-1,0,0,0,136,1,1,0,0.0000000,0.0000000,0.0000000,0,0,0,0
757216076636875 D 2679,2627899339,1000,1548,1548,2.3746023,0.00340,-1,-1,-1,0,0,0,136,1,1,0,0.0000000,0.0000000,0.0000000,0,0,0,0
757216077626166 D 2680,2627900339,1000,1548,1548,2.3746023,0.00327,-1,-1,-1,0,0,0,136,1,1,0,0.0000000,0.0000000,0.0000000,0,0,0,0
757216078627291 D 2681,2627901339,1000,1547,1547,2.3730683,-0.05701,-1,-1,-1,0,0,0,136,1,1,0,0.0000000,0.0000000,0.0000000,0,0,0,0
757216080045041 D 2682,2627902339,1000,1548,1548,2.3746023,0.00537,39,128,2076,0,0,0,136,1,1,0,0.0000000,0.0000000,0.0000000,0,0,0,0
757216080673333 D 2683,2627903339,1000,1548,1548,2.3746023,0.00516,-1,-1,-1,0,0,0,136,1,1,0,0.0000000,0.0000000,0.0000000,0,0,0,0
757216081708541 D 2684,2627904339,1000,1548,1548,2.3746023,0.00496,-1,-1,-1,0,0,0,136,1,1,0,0.0000000,0.0000000,0.0000000,0,0,0,0
757216082640958 D 2685,2627905339,1000,1547,1547,2.3730683,-0.05538,-1,-1,-1,0,0,0,136,1,1,0,0.0000000,0.0000000,0.0000000,0,0,0,0
757216083610000 D 2686,2627906339,1000,1548,1548,2.3746023,0.00694,-1,-1,-1,0,0,0,136,1,1,0,0.0000000,0.0000000,0.0000000,0,0,0,0
757216084624125 D 2687,2627907339,1000,1548,1548,2.3746023,0.00667,-1,-1,-1,0,0,0,136,1,1,0,0.0000000,0.0000000,0.0000000,0,0,0,0
757216085672125 D 2688,2627908339,1000,1548,1548,2.3746023,0.00641,-1,-1,-1,0,0,0,136,1,1,0,0.0000000,0.0000000,0.0000000,0,0,0,0
757216086645041 D 2689,2627909339,1000,1548,1548,2.3746023,0.00615,-1,-1,-1,0,0,0,136,1,1,0,0.0000000,0.0000000,0.0000000,0,0,0,0
757216087643625 D 2690,2627910339,1000,1548,1548,2.3746023,0.00591,-1,-1,-1,0,0,0,136,1,1,0,0.0000000,0.0000000,0.0000000,0,0,0,0
757216088477166 D 2691,2627911339,1000,1548,1548,2.3746023,0.00568,-1,-1,-1,0,0,0,136,1,1,0,0.0000000,0.0000000,0.0000000,0,0,0,0
757216089710250 D 2692,2627912339,1000,1548,1548,2.3746023,0.00546,-1,-1,-1,0,0,0,136,1,1,0,0.0000000,0.0000000,0.0000000,0,0,0,0
757216090666166 D 2693,2627913339,1000,1548,1548,2.3746023,0.00524,-1,-1,-1,0,0,0,136,1,1,0,0.0000000,0.0000000,0.0000000,0,0,0,0
757216091656875 D 2694,2627914339,1000,1548,1548,2.3746023,0.00504,-1,-1,-1,0,0,0,136,1,1,0,0.0000000,0.0000000,0.0000000,0,0,0,0
757216092643291 D 2695,2627915339,1000,1547,1547,2.3730683,-0.05531,-1,-1,-1,0,0,0,136,1,1,0,0.0000000,0.0000000,0.0000000,0,0,0,0
757216093676958 D 2696,2627916339,1000,1548,1548,2.3746023,0.00701,-1,-1,-1,0,0,0,136,1,1,0,0.0000000,0.0000000,0.0000000,0,0,0,0
757216094646500 D 2697,2627917339,1000,1548,1548,2.3746023,0.00673,-1,-1,-1,0,0,0,136,1,1,0,0.0000000,0.0000000,0.0000000,0,0,0,0
757216095491916 D 2698,2627918339,1000,1548,1548,2.3746023,0.00647,-1,-1,-1,0,0,0,136,1,1,0,0.0000000,0.0000000,0.0000000,0,0,0,0
757216096685958 D 2699,2627919339,1000,1547,1547,2.3730683,-0.05393,-1,-1,-1,0,0,0,136,1,1,0,0.0000000,0.0000000,0.0000000,0,0,0,0
757216097633333 D 2700,2627920339,1000,1548,1548,2.3746023,0.00833,-1,-1,-1,0,0,0,136,1,1,0,0.0000000,0.0000000,0.0000000,0,0,0,0
757216098718250 D 2701,2627921339,1000,1548,1548,2.3746023,0.00800,-1,-1,-1,0,0,0,136,1,1,0,0.0000000,0.0000000,0.0000000,0,0,0,0
757216099457875 D 2702,2627922339,1000,1548,1548,2.3746023,0.00769,-1,-1,-1,0,0,0,136,1,1,0,0.0000000,0.0000000,0.0000000,0,0,0,0
757216100588458 D 2703,2627923339,1000,1548,1548,2.3746023,0.00739,-1,-1,-1,0,0,0,136,1,1,0,0.0000000,0.0000000,0.0000000,0,0,0,0
757216101550500 D 2704,2627924339,1000,1548,1548,2.3746023,0.00710,-1,-1,-1,0,0,0,136,1,1,0,0.0000000,0.0000000,0.0000000,0,0,0,0
757216102536666 D 2705,2627925339,1000,1548,1548,2.3746023,0.00682,-1,-1,-1,0,0,0,136,1,1,0,0.0000000,0.0000000,0.0000000,0,0,0,0
757216103524041 D 2706,2627926339,1000,1548,1548,2.3746023,0.00655,-1,-1,-1,0,0,0,136,1,1,0,0.0000000,0.0000000,0.0000000,0,0,0,0
757216104479250 D 2707,2627927339,1000,1548,1548,2.3746023,0.00630,-1,-1,-1,0,0,0,136,1,1,0,0.0000000,0.0000000,0.0000000,0,0,0,0
757216105391583 D 2708,2627928339,1000,1548,1548,2.3746023,0.00605,-1,-1,-1,0,0,0,136,1,1,0,0.0000000,0.0000000,0.0000000,0,0,0,0
757216106753041 D 2709,2627929339,1000,1548,1548,2.3746023,0.00581,-1,-1,-1,0,0,0,136,1,1,0,0.0000000,0.0000000,0.0000000,0,0,0,0
757216107571833 D 2710,2627930339,1000,1548,1548,2.3746023,0.00558,-1,-1,-1,0,0,0,136,1,1,0,0.0000000,0.0000000,0.0000000,0,0,0,0
757216108592333 D 2711,2627931339,1000,1548,1548,2.3746023,0.00537,-1,-1,-1,0,0,0,136,1,1,0,0.0000000,0.0000000,0.0000000,0,0,0,0
757216109587208 D 2712,2627932339,1000,1548,1548,2.3746023,0.00516,-1,-1,-1,0,0,0,136,1,1,0,0.0000000,0.0000000,0.0000000,0,0,0,0
757216110930541 D 2713,2627933339,1000,1548,1548,2.3746023,0.00495,-1,-1,-1,0,0,0,136,1,1,0,0.0000000,0.0000000,0.0000000,0,0,0,0
757216111574875 D 2714,2627934339,1000,1548,1548,2.3746023,0.00476,-1,-1,-1,0,0,0,136,1,1,0,0.0000000,0.0000000,0.0000000,0,0,0,0
757216112819375 D 2715,2627935339,1000,1548,1548,2.3746023,0.00457,-1,-1,-1,0,0,0,136,1,1,0,0.0000000,0.0000000,0.0000000,0,0,0,0
757216113835208 D 2716,2627936339,1000,1548,1548,2.3746023,0.00439,-1,-1,-1,0,0,0,136,1,1,0,0.0000000,0.0000000,0.0000000,0,0,0,0
757216115521500 D 2717,2627937339,1000,1548,1548,2.3746023,0.00422,-1,-1,-1,0,0,0,136,1,1,0,0.0000000,0.0000000,0.0000000,0,0,0,0
757216116025416 D 2718,2627938339,1000,1548,1548,2.3746023,0.00406,-1,-1,-1,0,0,0,136,1,1,0,0.0000000,0.0000000,0.0000000,0,0,0,0
757216116452666 D 2719,2627939339,1000,1548,1548,2.3746023,0.00390,-1,-1,-1,0,0,0,136,1,1,0,0.0000000,0.0000000,0.0000000,0,0,0,0
757216117656541 D 2720,2627940339,1000,1548,1548,2.3746023,0.00374,-1,-1,-1,0,0,0,136,1,1,0,0.0000000,0.0000000,0.0000000,0,0,0,0
757216118652333 D 2721,2627941339,1000,1548,1548,2.3746023,0.00360,-1,-1,-1,0,0,0,136,1,1,0,0.0000000,0.0000000,0.0000000,0,0,0,0
757216119639458 D 2722,2627942339,1000,1548,1548,2.3746023,0.00346,-1,-1,-1,0,0,0,136,1,1,0,0.0000000,0.0000000,0.0000000,0,0,0,0
757216120615375 D 2723,2627943339,1000,1548,1548,2.3746023,0.00332,-1,-1,-1,0,0,0,136,1,1,0,0.0000000,0.0000000,0.0000000,0,0,0,0
757216121653416 D 2724,2627944339,1000,1548,1548,2.3746023,0.00319,-1,-1,-1,0,0,0,136,1,1,0,0.0000000,0.0000000,0.0000000,0,0,0,0
757216122688250 D 2725,2627945339,1000,1548,1548,2.3746023,0.00307,-1,-1,-1,0,0,0,136,1,1,0,0.0000000,0.0000000,0.0000000,0,0,0,0
757216123699458 D 2726,2627946339,1000,1548,1548,2.3746023,0.00294,-1,-1,-1,0,0,0,136,1,1,0,0.0000000,0.0000000,0.0000000,0,0,0,0
757216124701708 D 2727,2627947339,1000,1548,1548,2.3746023,0.00283,-1,-1,-1,0,0,0,136,1,1,0,0.0000000,0.0000000,0.0000000,0,0,0,0
757216125666083 D 2728,2627948339,1000,1548,1548,2.3746023,0.00272,-1,-1,-1,0,0,0,136,1,1,0,0.0000000,0.0000000,0.0000000,0,0,0,0
757216126656625 D 2729,2627949339,1000,1548,1548,2.3746023,0.00261,-1,-1,-1,0,0,0,136,1,1,0,0.0000000,0.0000000,0.0000000,0,0,0,0
757216127640166 D 2730,2627950339,1000,1548,1548,2.3746023,0.00251,-1,-1,-1,0,0,0,136,1,1,0,0.0000000,0.0000000,0.0000000,0,0,0,0
757216128603750 D 2731,2627951339,1000,1548,1548,2.3746023,0.00241,-1,-1,-1,0,0,0,136,1,1,0,0.0000000,0.0000000,0.0000000,0,0,0,0
757216130052000 D 2732,2627952339,1000,1548,1548,2.3746023,0.00232,39,128,2076,0,0,0,135,1,1,0,0.0000000,0.0000000,0.0000000,0,0,0,0
757216130682541 D 2733,2627953339,1000,1548,1548,2.3746023,0.00223,-1,-1,-1,0,0,0,136,1,1,0,0.0000000,0.0000000,0.0000000,0,0,0,0
757216131648250 D 2734,2627954339,1000,1549,1549,2.3761363,0.06229,-1,-1,-1,0,0,0,136,1,1,0,0.0000000,0.0000000,0.0000000,0,0,0,0
757216132668666 D 2735,2627955339,1000,1548,1548,2.3746023,-0.00030,-1,-1,-1,0,0,0,136,1,1,0,0.0000000,0.0000000,0.0000000,0,0,0,0
757216133594708 D 2736,2627956339,1000,1548,1548,2.3746023,-0.00029,-1,-1,-1,0,0,0,136,1,1,0,0.0000000,0.0000000,0.0000000,0,0,0,0
757216134943666 D 2737,2627957339,1000,1548,1548,2.3746023,-0.00028,-1,-1,-1,0,0,0,136,1,1,0,0.0000000,0.0000000,0.0000000,0,0,0,0
757216135949291 D 2738,2627958339,1000,1548,1548,2.3746023,-0.00027,-1,-1,-1,0,0,0,136,1,1,0,0.0000000,0.0000000,0.0000000,0,0,0,0
757216136815875 D 2739,2627959339,1000,1548,1548,2.3746023,-0.00026,-1,-1,-1,0,0,0,136,1,1,0,0.0000000,0.0000000,0.0000000,0,0,0,0
757216137669833 D 2740,2627960339,1000,1548,1548,2.3746023,-0.00025,-1,-1,-1,0,0,0,136,1,1,0,0.0000000,0.0000000,0.0000000,0,0,0,0
757216138520750 D 2741,2627961339,1000,1548,1548,2.3746023,-0.00024,-1,-1,-1,0,0,0,136,1,1,0,0.0000000,0.0000000,0.0000000,0,0,0,0
757216139612375 D 2742,2627962339,1000,1548,1548,2.3746023,-0.00023,-1,-1,-1,0,0,0,136,1,1,0,0.0000000,0.0000000,0.0000000,0,0,0,0
757216140643708 D 2743,2627963339,1000,1548,1548,2.3746023,-0.00022,-1,-1,-1,0,0,0,136,1,1,0,0.0000000,0.0000000,0.0000000,0,0,0,0
757216141694583 D 2744,2627964339,1000,1548,1548,2.3746023,-0.00021,-1,-1,-1,0,0,0,136,1,1,0,0.0000000,0.0000000,0.0000000,0,0,0,0
757216142641125 D 2745,2627965339,1000,1548,1548,2.3746023,-0.00020,-1,-1,-1,0,0,0,136,1,1,0,0.0000000,0.0000000,0.0000000,0,0,0,0
757216143622708 D 2746,2627966339,1000,1548,1548,2.3746023,-0.00020,-1,-1,-1,0,0,0,135,1,1,0,0.0000000,0.0000000,0.0000000,0,0,0,0
757216144637708 D 2747,2627967339,1000,1548,1548,2.3746023,-0.00019,-1,-1,-1,0,0,0,136,1,1,0,0.0000000,0.0000000,0.0000000,0,0,0,0
757216145585416 D 2748,2627968339,1000,1548,1548,2.3746023,-0.00018,-1,-1,-1,0,0,0,136,1,1,0,0.0000000,0.0000000,0.0000000,0,0,0,0
757216146647541 D 2749,2627969339,1000,1548,1548,2.3746023,-0.00017,-1,-1,-1,0,0,0,136,1,1,0,0.0000000,0.0000000,0.0000000,0,0,0,0
757216147649791 D 2750,2627970339,1000,1548,1548,2.3746023,-0.00017,-1,-1,-1,0,0,0,136,1,1,0,0.0000000,0.0000000,0.0000000,0,0,0,0
757216148856375 D 2751,2627971339,1000,1548,1548,2.3746023,-0.00016,-1,-1,-1,0,0,0,136,1,1,0,0.0000000,0.0000000,0.0000000,0,0,0,0
757216149554958 D 2752,2627972339,1000,1548,1548,2.3746023,-0.00015,-1,-1,-1,0,0,0,136,1,1,0,0.0000000,0.0000000,0.0000000,0,0,0,0
757216150630166 D 2753,2627973339,1000,1548,1548,2.3746023,-0.00015,-1,-1,-1,0,0,0,136,1,1,0,0.0000000,0.0000000,0.0000000,0,0,0,0
757216151700875 D 2754,2627974339,1000,1548,1548,2.3746023,-0.00014,-1,-1,-1,0,0,0,136,1,1,0,0.0000000,0.0000000,0.0000000,0,0,0,0
757216152696708 D 2755,2627975339,1000,1548,1548,2.3746023,-0.00014,-1,-1,-1,0,0,0,136,1,1,0,0.0000000,0.0000000,0.0000000,0,0,0,0
757216153689625 D 2756,2627976339,1000,1548,1548,2.3746023,-0.00013,-1,-1,-1,0,0,0,136,1,1,0,0.0000000,0.0000000,0.0000000,0,0,0,0
757216154567791 D 2757,2627977339,1000,1548,1548,2.3746023,-0.00013,-1,-1,-1,0,0,0,136,1,1,0,0.0000000,0.0000000,0.0000000,0,0,0,0
757216155666375 D 2758,2627978339,1000,1548,1548,2.3746023,-0.00012,-1,-1,-1,0,0,0,136,1,1,0,0.0000000,0.0000000,0.0000000,0,0,0,0
757216156732458 D 2759,2627979339,1000,1548,1548,2.3746023,-0.00012,-1,-1,-1,0,0,0,136,1,1,0,0.0000000,0.0000000,0.0000000,0,0,0,0
757216157637208 D 2760,2627980339,1000,1548,1548,2.3746023,-0.00011,-1,-1,-1,0,0,0,136,1,1,0,0.0000000,0.0000000,0.0000000,0,0,0,0
757216158700583 D 2761,2627981339,1000,1548,1548,2.3746023,-0.00011,-1,-1,-1,0,0,0,136,1,1,0,0.0000000,0.0000000,0.0000000,0,0,0,0
757216159689875 D 2762,2627982339,1000,1548,1548,2.3746023,-0.00010,-1,-1,-1,0,0,0,136,1,1,0,0.0000000,0.0000000,0.0000000,0,0,0,0
757216160631041 D 2763,2627983339,1000,1548,1548,2.3746023,-0.00010,-1,-1,-1,0,0,0,136,1,1,0,0.0000000,0.0000000,0.0000000,0,0,0,0
757216161683208 D 2764,2627984339,1000,1548,1548,2.3746023,-0.00010,-1,-1,-1,0,0,0,136,1,1,0,0.0000000,0.0000000,0.0000000,0,0,0,0
757216162540000 D 2765,2627985339,1000,1548,1548,2.3746023,-0.00009,-1,-1,-1,0,0,0,136,1,1,0,0.0000000,0.0000000,0.0000000,0,0,0,0
757216165005208 D 2766,2627986339,1000,1548,1548,2.3746023,-0.00009,-1,-1,-1,0,0,0,136,1,1,0,0.0000000,0.0000000,0.0000000,0,0,0,0
757216165946916 D 2767,2627987339,1000,1548,1548,2.3746023,-0.00008,-1,-1,-1,0,0,0,136,1,1,0,0.0000000,0.0000000,0.0000000,0,0,0,0
757216166606833 D 2768,2627988339,1000,1548,1548,2.3746023,-0.00008,-1,-1,-1,0,0,0,136,1,1,0,0.0000000,0.0000000,0.0000000,0,0,0,0
757216167257750 D 2769,2627989339,1000,1548,1548,2.3746023,-0.00008,-1,-1,-1,0,0,0,136,1,1,0,0.0000000,0.0000000,0.0000000,0,0,0,0
757216167832458 D 2770,2627990339,1000,1548,1548,2.3746023,-0.00007,-1,-1,-1,0,0,0,136,1,1,0,0.0000000,0.0000000,0.0000000,0,0,0,0
757216168677666 D 2771,2627991339,1000,1548,1548,2.3746023,-0.00007,-1,-1,-1,0,0,0,136,1,1,0,0.0000000,0.0000000,0.0000000,0,0,0,0
757216169600291 D 2772,2627992339,1000,1548,1548,2.3746023,-0.00007,-1,-1,-1,0,0,0,136,1,1,0,0.0000000,0.0000000,0.0000000,0,0,0,0
757216170504291 D 2773,2627993339,1000,1548,1548,2.3746023,-0.00007,-1,-1,-1,0,0,0,136,1,1,0,0.0000000,0.0000000,0.0000000,0,0,0,0
757216171534333 D 2774,2627994339,1000,1548,1548,2.3746023,-0.00006,-1,-1,-1,0,0,0,136,1,1,0,0.0000000,0.0000000,0.0000000,0,0,0,0
757216172522791 D 2775,2627995339,1000,1548,1548,2.3746023,-0.00006,-1,-1,-1,0,0,0,136,1,1,0,0.0000000,0.0000000,0.0000000,0,0,0,0
757216173552875 D 2776,2627996339,1000,1548,1548,2.3746023,-0.00006,-1,-1,-1,0,0,0,136,1,1,0,0.0000000,0.0000000,0.0000000,0,0,0,0
757216174618750 D 2777,2627997339,1000,1548,1548,2.3746023,-0.00006,-1,-1,-1,0,0,0,136,1,1,0,0.0000000,0.0000000,0.0000000,0,0,0,0
757216175461791 D 2778,2627998339,1000,1548,1548,2.3746023,-0.00005,-1,-1,-1,0,0,0,136,1,1,0,0.0000000,0.0000000,0.0000000,0,0,0,0
757216176450416 D 2779,2627999339,1000,1549,1549,2.3761363,0.06010,-1,-1,-1,0,0,0,136,1,1,0,0.0000000,0.0000000,0.0000000,0,0,0,0
757216177495833 D 2780,2628000339,1000,1548,1548,2.3746023,-0.00241,-1,-1,-1,0,0,0,136,1,1,0,0.0000000,0.0000000,0.0000000,0,0,0,0
757216178510541 D 2781,2628001339,1000,1548,1548,2.3746023,-0.00231,-1,-1,-1,0,0,0,135,1,1,0,0.0000000,0.0000000,0.0000000,0,0,0,0
757216179826666 D 2782,2628002339,1000,1548,1548,2.3746023,-0.00222,39,128,2074,0,0,0,136,1,1,0,0.0000000,0.0000000,0.0000000,0,0,0,0
757216180529833 D 2783,2628003339,1000,1547,1547,2.3730683,-0.06228,-1,-1,-1,0,0,0,136,1,1,0,0.0000000,0.0000000,0.0000000,0,0,0,0
757216181583500 D 2784,2628004339,1000,1548,1548,2.3746023,0.00031,-1,-1,-1,0,0,0,136,1,1,0,0.0000000,0.0000000,0.0000000,0,0,0,0
757216182488958 D 2785,2628005339,1000,1548,1548,2.3746023,0.00029,-1,-1,-1,0,0,0,136,1,1,0,0.0000000,0.0000000,0.0000000,0,0,0,0
757216183545416 D 2786,2628006339,1000,1549,1549,2.3761363,0.06043,-1,-1,-1,0,0,0,136,1,1,0,0.0000000,0.0000000,0.0000000,0,0,0,0
757216184581958 D 2787,2628007339,1000,1548,1548,2.3746023,-0.00209,-1,-1,-1,0,0,0,136,1,1,0,0.0000000,0.0000000,0.0000000,0,0,0,0
757216185458833 D 2788,2628008339,1000,1548,1548,2.3746023,-0.00201,-1,-1,-1,0,0,0,136,1,1,0,0.0000000,0.0000000,0.0000000,0,0,0,0
757216186459375 D 2789,2628009339,1000,1548,1548,2.3746023,-0.00193,-1,-1,-1,0,0,0,136,1,1,0,0.0000000,0.0000000,0.0000000,0,0,0,0
757216188320791 D 2790,2628010339,1000,1548,1548,2.3746023,-0.00185,-1,-1,-1,0,0,0,136,1,1,0,0.0000000,0.0000000,0.0000000,0,0,0,0
757216188952666 D 2791,2628011339,1000,1547,1547,2.3730683,-0.06193,-1,-1,-1,0,0,0,136,1,1,0,0.0000000,0.0000000,0.0000000,0,0,0,0
757216189538916 D 2792,2628012339,1000,1549,1549,2.3761363,0.06080,-1,-1,-1,0,0,0,136,1,1,0,0.0000000,0.0000000,0.0000000,0,0,0,0
757216190660500 D 2793,2628013339,1000,1548,1548,2.3746023,-0.00173,-1,-1,-1,0,0,0,136,1,1,0,0.0000000,0.0000000,0.0000000,0,0,0,0
757216191590166 D 2794,2628014339,1000,1548,1548,2.3746023,-0.00167,-1,-1,-1,0,0,0,136,1,1,0,0.0000000,0.0000000,0.0000000,0,0,0,0
757216192579916 D 2795,2628015339,1000,1547,1547,2.3730683,-0.06175,-1,-1,-1,0,0,0,136,1,1,0,0.0000000,0.0000000,0.0000000,0,0,0,0
757216193611083 D 2796,2628016339,1000,1548,1548,2.3746023,0.00082,-1,-1,-1,0,0,0,136,1,1,0,0.0000000,0.0000000,0.0000000,0,0,0,0
757216194608541 D 2797,2628017339,1000,1548,1548,2.3746023,0.00079,-1,-1,-1,0,0,0,136,1,1,0,0.0000000,0.0000000,0.0000000,0,0,0,0
757216195553666 D 2798,2628018339,1000,1548,1548,2.3746023,0.00076,-1,-1,-1,0,0,0,136,1,1,0,0.0000000,0.0000000,0.0000000,0,0,0,0
757216196560125 D 2799,2628019339,1000,1548,1548,2.3746023,0.00073,-1,-1,-1,0,0,0,136,1,1,0,0.0000000,0.0000000,0.0000000,0,0,0,0
757216197794916 D 2800,2628020339,1000,1548,1548,2.3746023,0.00070,-1,-1,-1,0,0,0,136,1,1,0,0.0000000,0.0000000,0.0000000,0,0,0,0
757216198572750 D 2801,2628021339,1000,1547,1547,2.3730683,-0.05948,-1,-1,-1,0,0,0,136,1,1,0,0.0000000,0.0000000,0.0000000,0,0,0,0
757216199761875 D 2802,2628022339,1000,1548,1548,2.3746023,0.00300,-1,-1,-1,0,0,0,136,1,1,0,0.0000000,0.0000000,0.0000000,0,0,0,0
757216200692208 D 2803,2628023339,1000,1548,1548,2.3746023,0.00289,-1,-1,-1,0,0,0,136,1,1,0,0.0000000,0.0000000,0.0000000,0,0,0,0
757216201603458 D 2804,2628024339,1000,1547,1547,2.3730683,-0.05738,-1,-1,-1,0,0,0,136,1,1,0,0.0000000,0.0000000,0.0000000,0,0,0,0
757216202591916 D 2805,2628025339,1000,1548,1548,2.3746023,0.00502,-1,-1,-1,0,0,0,136,1,1,0,0.0000000,0.0000000,0.0000000,0,0,0,0
757216203653458 D 2806,2628026339,1000,1548,1548,2.3746023,0.00483,-1,-1,-1,0,0,0,136,1,1,0,0.0000000,0.0000000,0.0000000,0,0,0,0
757216204587291 D 2807,2628027339,1000,1548,1548,2.3746023,0.00464,-1,-1,-1,0,0,0,136,1,1,0,0.0000000,0.0000000,0.0000000,0,0,0,0
757216205646666 D 2808,2628028339,1000,1548,1548,2.3746023,0.00445,-1,-1,-1,0,0,0,136,1,1,0,0.0000000,0.0000000,0.0000000,0,0,0,0
757216206621125 D 2809,2628029339,1000,1548,1548,2.3746023,0.00428,-1,-1,-1,0,0,0,135,1,1,0,0.0000000,0.0000000,0.0000000,0,0,0,0
757216207575250 D 2810,2628030339,1000,1548,1548,2.3746023,0.00411,-1,-1,-1,0,0,0,136,1,1,0,0.0000000,0.0000000,0.0000000,0,0,0,0
757216208496208 D 2811,2628031339,1000,1548,1548,2.3746023,0.00395,-1,-1,-1,0,0,0,136,1,1,0,0.0000000,0.0000000,0.0000000,0,0,0,0
757216209555791 D 2812,2628032339,1000,1548,1548,2.3746023,0.00380,-1,-1,-1,0,0,0,136,1,1,0,0.0000000,0.0000000,0.0000000,0,0,0,0
757216210580625 D 2813,2628033339,1000,1548,1548,2.3746023,0.00365,-1,-1,-1,0,0,0,136,1,1,0,0.0000000,0.0000000,0.0000000,0,0,0,0
757216211538875 D 2814,2628034339,1000,1548,1548,2.3746023,0.00350,-1,-1,-1,0,0,0,136,1,1,0,0.0000000,0.0000000,0.0000000,0,0,0,0
757216212532333 D 2815,2628035339,1000,1548,1548,2.3746023,0.00337,-1,-1,-1,0,0,0,136,1,1,0,0.0000000,0.0000000,0.0000000,0,0,0,0
757216213607041 D 2816,2628036339,1000,1548,1548,2.3746023,0.00323,-1,-1,-1,0,0,0,136,1,1,0,0.0000000,0.0000000,0.0000000,0,0,0,0
757216214610083 D 2817,2628037339,1000,1548,1548,2.3746023,0.00311,-1,-1,-1,0,0,0,136,1,1,0,0.0000000,0.0000000,0.0000000,0,0,0,0
757216216462458 D 2818,2628038339,1000,1548,1548,2.3746023,0.00299,-1,-1,-1,0,0,0,136,1,1,0,0.0000000,0.0000000,0.0000000,0,0,0,0
757216217049583 D 2819,2628039339,1000,1548,1548,2.3746023,0.00287,-1,-1,-1,0,0,0,136,1,1,0,0.0000000,0.0000000,0.0000000,0,0,0,0
757216217620375 D 2820,2628040339,1000,1548,1548,2.3746023,0.00276,-1,-1,-1,0,0,0,136,1,1,0,0.0000000,0.0000000,0.0000000,0,0,0,0
757216218615250 D 2821,2628041339,1000,1548,1548,2.3746023,0.00265,-1,-1,-1,0,0,0,136,1,1,0,0.0000000,0.0000000,0.0000000,0,0,0,0
757216219622375 D 2822,2628042339,1000,1548,1548,2.3746023,0.00254,-1,-1,-1,0,0,0,136,1,1,0,0.0000000,0.0000000,0.0000000,0,0,0,0
757216220623208 D 2823,2628043339,1000,1547,1547,2.3730683,-0.05770,-1,-1,-1,0,0,0,136,1,1,0,0.0000000,0.0000000,0.0000000,0,0,0,0
757216221466875 D 2824,2628044339,1000,1548,1548,2.3746023,0.00471,-1,-1,-1,0,0,0,136,1,1,0,0.0000000,0.0000000,0.0000000,0,0,0,0
757216222610000 D 2825,2628045339,1000,1548,1548,2.3746023,0.00452,-1,-1,-1,0,0,0,136,1,1,0,0.0000000,0.0000000,0.0000000,0,0,0,0
757216223773250 D 2826,2628046339,1000,1548,1548,2.3746023,0.00435,-1,-1,-1,0,0,0,136,1,1,0,0.0000000,0.0000000,0.0000000,0,0,0,0
757216225030125 D 2827,2628047339,1000,1548,1548,2.3746023,0.00417,-1,-1,-1,0,0,0,136,1,1,0,0.0000000,0.0000000,0.0000000,0,0,0,0
757216225665500 D 2828,2628048339,1000,1548,1548,2.3746023,0.00401,-1,-1,-1,0,0,0,136,1,1,0,0.0000000,0.0000000,0.0000000,0,0,0,0
757216226721208 D 2829,2628049339,1000,1548,1548,2.3746023,0.00385,-1,-1,-1,0,0,0,136,1,1,0,0.0000000,0.0000000,0.0000000,0,0,0,0
757216227685625 D 2830,2628050339,1000,1548,1548,2.3746023,0.00370,-1,-1,-1,0,0,0,136,1,1,0,0.0000000,0.0000000,0.0000000,0,0,0,0
757216228865916 D 2831,2628051339,1000,1548,1548,2.3746023,0.00356,-1,-1,-1,0,0,0,136,1,1,0,0.0000000,0.0000000,0.0000000,0,0,0,0
757216230402791 D 2832,2628052339,1000,1548,1548,2.3746023,0.00342,39,128,2075,0,0,0,136,1,1,0,0.0000000,0.0000000,0.0000000,0,0,0,0
757216231690875 D 2833,2628053339,1000,1548,1548,2.3746023,0.00328,-1,-1,-1,0,0,0,136,1,1,0,0.0000000,0.0000000,0.0000000,0,0,0,0
757216232336875 D 2834,2628054339,1000,1548,1548,2.3746023,0.00316,-1,-1,-1,0,0,0,136,1,1,0,0.0000000,0.0000000,0.0000000,0,0,0,0
757216232744166 D 2835,2628055339,1000,1548,1548,2.3746023,0.00303,-1,-1,-1,0,0,0,136,1,1,0,0.0000000,0.0000000,0.0000000,0,0,0,0
757216233594875 D 2836,2628056339,1000,1548,1548,2.3746023,0.00291,-1,-1,-1,0,0,0,136,1,1,0,0.0000000,0.0000000,0.0000000,0,0,0,0
757216234654458 D 2837,2628057339,1000,1548,1548,2.3746023,0.00280,-1,-1,-1,0,0,0,135,1,1,0,0.0000000,0.0000000,0.0000000,0,0,0,0
757216235622500 D 2838,2628058339,1000,1548,1548,2.3746023,0.00269,-1,-1,-1,0,0,0,136,1,1,0,0.0000000,0.0000000,0.0000000,0,0,0,0
757216236639375 D 2839,2628059339,1000,1547,1547,2.3730683,-0.05756,-1,-1,-1,0,0,0,136,1,1,0,0.0000000,0.0000000,0.0000000,0,0,0,0
757216237640958 D 2840,2628060339,1000,1548,1548,2.3746023,0.00484,-1,-1,-1,0,0,0,136,1,1,0,0.0000000,0.0000000,0.0000000,0,0,0,0
757216238500583 D 2841,2628061339,1000,1548,1548,2.3746023,0.00465,-1,-1,-1,0,0,0,136,1,1,0,0.0000000,0.0000000,0.0000000,0,0,0,0
757216239696041 D 2842,2628062339,1000,1548,1548,2.3746023,0.00447,-1,-1,-1,0,0,0,136,1,1,0,0.0000000,0.0000000,0.0000000,0,0,0,0
757216240718750 D 2843,2628063339,1000,1548,1548,2.3746023,0.00429,-1,-1,-1,0,0,0,136,1,1,0,0.0000000,0.0000000,0.0000000,0,0,0,0
757216241668625 D 2844,2628064339,1000,1548,1548,2.3746023,0.00412,-1,-1,-1,0,0,0,136,1,1,0,0.0000000,0.0000000,0.0000000,0,0,0,0
757216242673833 D 2845,2628065339,1000,1548,1548,2.3746023,0.00396,-1,-1,-1,0,0,0,136,1,1,0,0.0000000,0.0000000,0.0000000,0,0,0,0
757216243668541 D 2846,2628066339,1000,1548,1548,2.3746023,0.00381,-1,-1,-1,0,0,0,136,1,1,0,0.0000000,0.0000000,0.0000000,0,0,0,0
757216244720750 D 2847,2628067339,1000,1548,1548,2.3746023,0.00366,-1,-1,-1,0,0,0,136,1,1,0,0.0000000,0.0000000,0.0000000,0,0,0,0
757216245527541 D 2848,2628068339,1000,1548,1548,2.3746023,0.00351,-1,-1,-1,0,0,0,136,1,1,0,0.0000000,0.0000000,0.0000000,0,0,0,0
757216246716958 D 2849,2628069339,1000,1548,1548,2.3746023,0.00338,-1,-1,-1,0,0,0,136,1,1,0,0.0000000,0.0000000,0.0000000,0,0,0,0
757216247635208 D 2850,2628070339,1000,1548,1548,2.3746023,0.00324,-1,-1,-1,0,0,0,136,1,1,0,0.0000000,0.0000000,0.0000000,0,0,0,0
757216248763458 D 2851,2628071339,1000,1548,1548,2.3746023,0.00312,-1,-1,-1,0,0,0,136,1,1,0,0.0000000,0.0000000,0.0000000,0,0,0,0
757216249513083 D 2852,2628072339,1000,1548,1548,2.3746023,0.00300,-1,-1,-1,0,0,0,136,1,1,0,0.0000000,0.0000000,0.0000000,0,0,0,0
757216250626791 D 2853,2628073339,1000,1548,1548,2.3746023,0.00288,-1,-1,-1,0,0,0,136,1,1,0,0.0000000,0.0000000,0.0000000,0,0,0,0
757216251685458 D 2854,2628074339,1000,1548,1548,2.3746023,0.00276,-1,-1,-1,0,0,0,136,1,1,0,0.0000000,0.0000000,0.0000000,0,0,0,0
757216254299583 D 2855,2628075339,1000,1548,1548,2.3746023,0.00266,-1,-1,-1,0,0,0,136,1,1,0,0.0000000,0.0000000,0.0000000,0,0,0,0
757216254762583 D 2856,2628076339,1000,1548,1548,2.3746023,0.00255,-1,-1,-1,0,0,0,136,1,1,0,0.0000000,0.0000000,0.0000000,0,0,0,0
757216255203416 D 2857,2628077339,1000,1548,1548,2.3746023,0.00245,-1,-1,-1,0,0,0,136,1,1,0,0.0000000,0.0000000,0.0000000,0,0,0,0
757216255769375 D 2858,2628078339,1000,1548,1548,2.3746023,0.00236,-1,-1,-1,0,0,0,136,1,1,0,0.0000000,0.0000000,0.0000000,0,0,0,0
757216256619041 D 2859,2628079339,1000,1548,1548,2.3746023,0.00226,-1,-1,-1,0,0,0,136,1,1,0,0.0000000,0.0000000,0.0000000,0,0,0,0
757216257635625 D 2860,2628080339,1000,1548,1548,2.3746023,0.00218,-1,-1,-1,0,0,0,136,1,1,0,0.0000000,0.0000000,0.0000000,0,0,0,0
757216258603125 D 2861,2628081339,1000,1548,1548,2.3746023,0.00209,-1,-1,-1,0,0,0,136,1,1,0,0.0000000,0.0000000,0.0000000,0,0,0,0
757216259620875 D 2862,2628082339,1000,1548,1548,2.3746023,0.00201,-1,-1,-1,0,0,0,136,1,1,0,0.0000000,0.0000000,0.0000000,0,0,0,0
757216260652416 D 2863,2628083339,1000,1548,1548,2.3746023,0.00193,-1,-1,-1,0,0,0,136,1,1,0,0.0000000,0.0000000,0.0000000,0,0,0,0
757216261617708 D 2864,2628084339,1000,1548,1548,2.3746023,0.00185,-1,-1,-1,0,0,0,136,1,1,0,0.0000000,0.0000000,0.0000000,0,0,0,0
757216262487375 D 2865,2628085339,1000,1548,1548,2.3746023,0.00178,-1,-1,-1,0,0,0,136,1,1,0,0.0000000,0.0000000,0.0000000,0,0,0,0
757216263660666 D 2866,2628086339,1000,1548,1548,2.3746023,0.00171,-1,-1,-1,0,0,0,136,1,1,0,0.0000000,0.0000000,0.0000000,0,0,0,0
757216264633291 D 2867,2628087339,1000,1549,1549,2.3761363,0.06179,-1,-1,-1,0,0,0,136,1,1,0,0.0000000,0.0000000,0.0000000,0,0,0,0
757216265548583 D 2868,2628088339,1000,1548,1548,2.3746023,-0.00078,-1,-1,-1,0,0,0,136,1,1,0,0.0000000,0.0000000,0.0000000,0,0,0,0
757216266568125 D 2869,2628089339,1000,1548,1548,2.3746023,-0.00075,-1,-1,-1,0,0,0,136,1,1,0,0.0000000,0.0000000,0.0000000,0,0,0,0
757216267664958 D 2870,2628090339,1000,1548,1548,2.3746023,-0.00072,-1,-1,-1,0,0,0,136,1,1,0,0.0000000,0.0000000,0.0000000,0,0,0,0
757216268632041 D 2871,2628091339,1000,1548,1548,2.3746023,-0.00069,-1,-1,-1,0,0,0,136,1,1,0,0.0000000,0.0000000,0.0000000,0,0,0,0
757216269668208 D 2872,2628092339,1000,1548,1548,2.3746023,-0.00066,-1,-1,-1,0,0,0,136,1,1,0,0.0000000,0.0000000,0.0000000,0,0,0,0
757216270665333 D 2873,2628093339,1000,1548,1548,2.3746023,-0.00064,-1,-1,-1,0,0,0,136,1,1,0,0.0000000,0.0000000,0.0000000,0,0,0,0
757216271479750 D 2874,2628094339,1000,1548,1548,2.3746023,-0.00061,-1,-1,-1,0,0,0,136,1,1,0,0.0000000,0.0000000,0.0000000,0,0,0,0
757216272527166 D 2875,2628095339,1000,1548,1548,2.3746023,-0.00059,-1,-1,-1,0,0,0,136,1,1,0,0.0000000,0.0000000,0.0000000,0,0,0,0
757216273724500 D 2876,2628096339,1000,1548,1548,2.3746023,-0.00057,-1,-1,-1,0,0,0,136,1,1,0,0.0000000,0.0000000,0.0000000,0,0,0,0
757216274668333 D 2877,2628097339,1000,1548,1548,2.3746023,-0.00054,-1,-1,-1,0,0,0,136,1,1,0,0.0000000,0.0000000,0.0000000,0,0,0,0
757216275689375 D 2878,2628098339,1000,1548,1548,2.3746023,-0.00052,-1,-1,-1,0,0,0,136,1,1,0,0.0000000,0.0000000,0.0000000,0,0,0,0
757216276688166 D 2879,2628099339,1000,1549,1549,2.3761363,0.05965,-1,-1,-1,0,0,0,136,1,1,0,0.0000000,0.0000000,0.0000000,0,0,0,0
757216277699666 D 2880,2628100339,1000,1548,1548,2.3746023,-0.00284,-1,-1,-1,0,0,0,136,1,1,0,0.0000000,0.0000000,0.0000000,0,0,0,0
757216278603916 D 2881,2628101339,1000,1548,1548,2.3746023,-0.00273,-1,-1,-1,0,0,0,136,1,1,0,0.0000000,0.0000000,0.0000000,0,0,0,0
757216280057250 D 2882,2628102339,1000,1548,1548,2.3746023,-0.00262,39,128,2075,0,0,0,136,1,1,0,0.0000000,0.0000000,0.0000000,0,0,0,0
757216280692416 D 2883,2628103339,1000,1548,1548,2.3746023,-0.00252,-1,-1,-1,0,0,0,136,1,1,0,0.0000000,0.0000000,0.0000000,0,0,0,0
757216281667333 D 2884,2628104339,1000,1548,1548,2.3746023,-0.00242,-1,-1,-1,0,0,0,136,1,1,0,0.0000000,0.0000000,0.0000000,0,0,0,0
757216282621125 D 2885,2628105339,1000,1549,1549,2.3761363,0.05782,-1,-1,-1,0,0,0,136,1,1,0,0.0000000,0.0000000,0.0000000,0,0,0,0
757216283548708 D 2886,2628106339,1000,1547,1547,2.3730683,-0.06474,-1,-1,-1,0,0,0,135,1,1,0,0.0000000,0.0000000,0.0000000,0,0,0,0
757216284720291 D 2887,2628107339,1000,1548,1548,2.3746023,-0.00205,-1,-1,-1,0,0,0,136,1,1,0,0.0000000,0.0000000,0.0000000,0,0,0,0
757216285684458 D 2888,2628108339,1000,1548,1548,2.3746023,-0.00197,-1,-1,-1,0,0,0,136,1,1,0,0.0000000,0.0000000,0.0000000,0,0,0,0
757216286637208 D 2889,2628109339,1000,1548,1548,2.3746023,-0.00190,-1,-1,-1,0,0,0,136,1,1,0,0.0000000,0.0000000,0.0000000,0,0,0,0
757216287669458 D 2890,2628110339,1000,1547,1547,2.3730683,-0.06197,-1,-1,-1,0,0,0,136,1,1,0,0.0000000,0.0000000,0.0000000,0,0,0,0
757216288546500 D 2891,2628111339,1000,1548,1548,2.3746023,0.00061,-1,-1,-1,0,0,0,136,1,1,0,0.0000000,0.0000000,0.0000000,0,0,0,0
757216289725416 D 2892,2628112339,1000,1548,1548,2.3746023,0.00058,-1,-1,-1,0,0,0,136,1,1,0,0.0000000,0.0000000,0.0000000,0,0,0,0
757216290639833 D 2893,2628113339,1000,1548,1548,2.3746023,0.00056,-1,-1,-1,0,0,0,136,1,1,0,0.0000000,0.0000000,0.0000000,0,0,0,0
757216291658625 D 2894,2628114339,1000,1547,1547,2.3730683,-0.05961,-1,-1,-1,0,0,0,136,1,1,0,0.0000000,0.0000000,0.0000000,0,0,0,0
757216292706083 D 2895,2628115339,1000,1548,1548,2.3746023,0.00288,-1,-1,-1,0,0,0,136,1,1,0,0.0000000,0.0000000,0.0000000,0,0,0,0
757216293633916 D 2896,2628116339,1000,1548,1548,2.3746023,0.00276,-1,-1,-1,0,0,0,136,1,1,0,0.0000000,0.0000000,0.0000000,0,0,0,0
757216294643166 D 2897,2628117339,1000,1548,1548,2.3746023,0.00266,-1,-1,-1,0,0,0,136,1,1,0,0.0000000,0.0000000,0.0000000,0,0,0,0
757216295568625 D 2898,2628118339,1000,1548,1548,2.3746023,0.00255,-1,-1,-1,0,0,0,136,1,1,0,0.0000000,0.0000000,0.0000000,0,0,0,0
757216296616708 D 2899,2628119339,1000,1548,1548,2.3746023,0.00245,-1,-1,-1,0,0,0,136,1,1,0,0.0000000,0.0000000,0.0000000,0,0,0,0
757216297675791 D 2900,2628120339,1000,1548,1548,2.3746023,0.00236,-1,-1,-1,0,0,0,136,1,1,0,0.0000000,0.0000000,0.0000000,0,0,0,0
757216298665125 D 2901,2628121339,1000,1548,1548,2.3746023,0.00226,-1,-1,-1,0,0,0,136,1,1,0,0.0000000,0.0000000,0.0000000,0,0,0,0
757216299484166 D 2902,2628122339,1000,1548,1548,2.3746023,0.00217,-1,-1,-1,0,0,0,136,1,1,0,0.0000000,0.0000000,0.0000000,0,0,0,0
757216300669750 D 2903,2628123339,1000,1548,1548,2.3746023,0.00209,-1,-1,-1,0,0,0,136,1,1,0,0.0000000,0.0000000,0.0000000,0,0,0,0
757216301634500 D 2904,2628124339,1000,1548,1548,2.3746023,0.00201,-1,-1,-1,0,0,0,136,1,1,0,0.0000000,0.0000000,0.0000000,0,0,0,0
757216302648500 D 2905,2628125339,1000,1548,1548,2.3746023,0.00193,-1,-1,-1,0,0,0,136,1,1,0,0.0000000,0.0000000,0.0000000,0,0,0,0
757216303653708 D 2906,2628126339,1000,1548,1548,2.3746023,0.00185,-1,-1,-1,0,0,0,136,1,1,0,0.0000000,0.0000000,0.0000000,0,0,0,0
757216304567666 D 2907,2628127339,1000,1548,1548,2.3746023,0.00178,-1,-1,-1,0,0,0,136,1,1,0,0.0000000,0.0000000,0.0000000,0,0,0,0
757216305628291 D 2908,2628128339,1000,1548,1548,2.3746023,0.00171,-1,-1,-1,0,0,0,136,1,1,0,0.0000000,0.0000000,0.0000000,0,0,0,0
757216306622583 D 2909,2628129339,1000,1548,1548,2.3746023,0.00164,-1,-1,-1,0,0,0,136,1,1,0,0.0000000,0.0000000,0.0000000,0,0,0,0
757216307642208 D 2910,2628130339,1000,1548,1548,2.3746023,0.00158,-1,-1,-1,0,0,0,136,1,1,0,0.0000000,0.0000000,0.0000000,0,0,0,0
757216308632208 D 2911,2628131339,1000,1548,1548,2.3746023,0.00152,-1,-1,-1,0,0,0,136,1,1,0,0.0000000,0.0000000,0.0000000,0,0,0,0
757216309648000 D 2912,2628132339,1000,1548,1548,2.3746023,0.00146,-1,-1,-1,0,0,0,136,1,1,0,0.0000000,0.0000000,0.0000000,0,0,0,0
757216311026083 D 2913,2628133339,1000,1548,1548,2.3746023,0.00140,-1,-1,-1,0,0,0,136,1,1,0,0.0000000,0.0000000,0.0000000,0,0,0,0
757216312502958 D 2914,2628134339,1000,1548,1548,2.3746023,0.00135,-1,-1,-1,0,0,0,136,1,1,0,0.0000000,0.0000000,0.0000000,0,0,0,0
757216313893958 D 2915,2628135339,1000,1548,1548,2.3746023,0.00129,-1,-1,-1,0,0,0,136,1,1,0,0.0000000,0.0000000,0.0000000,0,0,0,0
757216314568958 D 2916,2628136339,1000,1549,1549,2.3761363,0.06139,-1,-1,-1,0,0,0,136,1,1,0,0.0000000,0.0000000,0.0000000,0,0,0,0
757216315153291 D 2917,2628137339,1000,1548,1548,2.3746023,-0.00117,-1,-1,-1,0,0,0,136,1,1,0,0.0000000,0.0000000,0.0000000,0,0,0,0
757216315645708 D 2918,2628138339,1000,1548,1548,2.3746023,-0.00112,-1,-1,-1,0,0,0,136,1,1,0,0.0000000,0.0000000,0.0000000,0,0,0,0
757216316663458 D 2919,2628139339,1000,1548,1548,2.3746023,-0.00108,-1,-1,-1,0,0,0,136,1,1,0,0.0000000,0.0000000,0.0000000,0,0,0,0
757216317666625 D 2920,2628140339,1000,1548,1548,2.3746023,-0.00103,-1,-1,-1,0,0,0,136,1,1,0,0.0000000,0.0000000,0.0000000,0,0,0,0
757216318642958 D 2921,2628141339,1000,1548,1548,2.3746023,-0.00099,-1,-1,-1,0,0,0,136,1,1,0,0.0000000,0.0000000,0.0000000,0,0,0,0
757216319682750 D 2922,2628142339,1000,1548,1548,2.3746023,-0.00095,-1,-1,-1,0,0,0,136,1,1,0,0.0000000,0.0000000,0.0000000,0,0,0,0
757216320637166 D 2923,2628143339,1000,1548,1548,2.3746023,-0.00092,-1,-1,-1,0,0,0,136,1,1,0,0.0000000,0.0000000,0.0000000,0,0,0,0
757216321482166 D 2924,2628144339,1000,1548,1548,2.3746023,-0.00088,-1,-1,-1,0,0,0,136,1,1,0,0.0000000,0.0000000,0.0000000,0,0,0,0
757216322545833 D 2925,2628145339,1000,1548,1548,2.3746023,-0.00085,-1,-1,-1,0,0,0,136,1,1,0,0.0000000,0.0000000,0.0000000,0,0,0,0
757216323730583 D 2926,2628146339,1000,1548,1548,2.3746023,-0.00081,-1,-1,-1,0,0,0,136,1,1,0,0.0000000,0.0000000,0.0000000,0,0,0,0
757216324566750 D 2927,2628147339,1000,1548,1548,2.3746023,-0.00078,-1,-1,-1,0,0,0,136,1,1,0,0.0000000,0.0000000,0.0000000,0,0,0,0
757216325729250 D 2928,2628148339,1000,1548,1548,2.3746023,-0.00075,-1,-1,-1,0,0,0,136,1,1,0,0.0000000,0.0000000,0.0000000,0,0,0,0
757216326670583 D 2929,2628149339,1000,1548,1548,2.3746023,-0.00072,-1,-1,-1,0,0,0,136,1,1,0,0.0000000,0.0000000,0.0000000,0,0,0,0
757216327680916 D 2930,2628150339,1000,1548,1548,2.3746023,-0.00069,-1,-1,-1,0,0,0,136,1,1,0,0.0000000,0.0000000,0.0000000,0,0,0,0
757216328565750 D 2931,2628151339,1000,1549,1549,2.3761363,0.05948,-1,-1,-1,0,0,0,136,1,1,0,0.0000000,0.0000000,0.0000000,0,0,0,0
757216329998208 D 2932,2628152339,1000,1548,1548,2.3746023,-0.00300,39,128,2074,0,0,0,136,1,1,0,0.0000000,0.0000000,0.0000000,0,0,0,0
757216330539541 D 2933,2628153339,1000,1548,1548,2.3746023,-0.00288,-1,-1,-1,0,0,0,136,1,1,0,0.0000000,0.0000000,0.0000000,0,0,0,0
757216331605083 D 2934,2628154339,1000,1548,1548,2.3746023,-0.00277,-1,-1,-1,0,0,0,136,1,1,0,0.0000000,0.0000000,0.0000000,0,0,0,0
757216332546583 D 2935,2628155339,1000,1548,1548,2.3746023,-0.00266,-1,-1,-1,0,0,0,136,1,1,0,0.0000000,0.0000000,0.0000000,0,0,0,0
757216334454791 D 2936,2628156339,1000,1548,1548,2.3746023,-0.00255,-1,-1,-1,0,0,0,136,1,1,0,0.0000000,0.0000000,0.0000000,0,0,0,0
757216335014250 D 2937,2628157339,1000,1548,1548,2.3746023,-0.00245,-1,-1,-1,0,0,0,136,1,1,0,0.0000000,0.0000000,0.0000000,0,0,0,0
757216335513500 D 2938,2628158339,1000,1548,1548,2.3746023,-0.00236,-1,-1,-1,0,0,0,136,1,1,0,0.0000000,0.0000000,0.0000000,0,0,0,0
757216336470625 D 2939,2628159339,1000,1548,1548,2.3746023,-0.00227,-1,-1,-1,0,0,0,136,1,1,0,0.0000000,0.0000000,0.0000000,0,0,0,0
757216337465833 D 2940,2628160339,1000,1548,1548,2.3746023,-0.00218,-1,-1,-1,0,0,0,136,1,1,0,0.0000000,0.0000000,0.0000000,0,0,0,0
757216338458583 D 2941,2628161339,1000,1548,1548,2.3746023,-0.00209,-1,-1,-1,0,0,0,136,1,1,0,0.0000000,0.0000000,0.0000000,0,0,0,0
757216339460500 D 2942,2628162339,1000,1548,1548,2.3746023,-0.00201,-1,-1,-1,0,0,0,136,1,1,0,0.0000000,0.0000000,0.0000000,0,0,0,0
757216340454791 D 2943,2628163339,1000,1548,1548,2.3746023,-0.00193,-1,-1,-1,0,0,0,136,1,1,0,0.0000000,0.0000000,0.0000000,0,0,0,0
757216341492000 D 2944,2628164339,1000,1548,1548,2.3746023,-0.00186,-1,-1,-1,0,0,0,136,1,1,0,0.0000000,0.0000000,0.0000000,0,0,0,0
757216342443125 D 2945,2628165339,1000,1548,1548,2.3746023,-0.00178,-1,-1,-1,0,0,0,136,1,1,0,0.0000000,0.0000000,0.0000000,0,0,0,0
757216343532875 D 2946,2628166339,1000,1548,1548,2.3746023,-0.00171,-1,-1,-1,0,0,0,136,1,1,0,0.0000000,0.0000000,0.0000000,0,0,0,0
757216344468333 D 2947,2628167339,1000,1548,1548,2.3746023,-0.00165,-1,-1,-1,0,0,0,136,1,1,0,0.0000000,0.0000000,0.0000000,0,0,0,0
757216345494000 D 2948,2628168339,1000,1548,1548,2.3746023,-0.00158,-1,-1,-1,0,0,0,136,1,1,0,0.0000000,0.0000000,0.0000000,0,0,0,0
757216346345458 D 2949,2628169339,1000,1548,1548,2.3746023,-0.00152,-1,-1,-1,0,0,0,136,1,1,0,0.0000000,0.0000000,0.0000000,0,0,0,0
757216347364041 D 2950,2628170339,1000,1548,1548,2.3746023,-0.00146,-1,-1,-1,0,0,0,136,1,1,0,0.0000000,0.0000000,0.0000000,0,0,0,0
757216348301791 D 2951,2628171339,1000,1548,1548,2.3746023,-0.00140,-1,-1,-1,0,0,0,136,1,1,0,0.0000000,0.0000000,0.0000000,0,0,0,0
757216349325541 D 2952,2628172339,1000,1547,1547,2.3730683,-0.06150,-1,-1,-1,0,0,0,136,1,1,0,0.0000000,0.0000000,0.0000000,0,0,0,0
757216350315500 D 2953,2628173339,1000,1548,1548,2.3746023,0.00106,-1,-1,-1,0,0,0,136,1,1,0,0.0000000,0.0000000,0.0000000,0,0,0,0
757216351327291 D 2954,2628174339,1000,1547,1547,2.3730683,-0.05913,-1,-1,-1,0,0,0,136,1,1,0,0.0000000,0.0000000,0.0000000,0,0,0,0
757216352835458 D 2955,2628175339,1000,1549,1549,2.3761363,0.06349,-1,-1,-1,0,0,0,136,1,1,0,0.0000000,0.0000000,0.0000000,0,0,0,0
757216353964041 D 2956,2628176339,1000,1548,1548,2.3746023,0.00085,-1,-1,-1,0,0,0,135,1,1,0,0.0000000,0.0000000,0.0000000,0,0,0,0
757216354693333 D 2957,2628177339,1000,1548,1548,2.3746023,0.00082,-1,-1,-1,0,0,0,136,1,1,0,0.0000000,0.0000000,0.0000000,0,0,0,0
757216368495333 D 2958,2628178339,1000,1548,1548,2.3746023,0.00079,-1,-1,-1,0,0,0,136,1,1,0,0.0000000,0.0000000,0.0000000,0,0,0,0
757216369567791 D 2959,2628179339,1000,1548,1548,2.3746023,0.00076,-1,-1,-1,0,0,0,136,1,1,0,0.0000000,0.0000000,0.0000000,0,0,0,0
757216369896916 D 2960,2628180339,1000,1548,1548,2.3746023,0.00073,-1,-1,-1,0,0,0,136,1,1,0,0.0000000,0.0000000,0.0000000,0,0,0,0
757216370623125 D 2961,2628181339,1000,1548,1548,2.3746023,0.00070,-1,-1,-1,0,0,0,136,1,1,0,0.0000000,0.0000000,0.0000000,0,0,0,0
757216372558333 D 2962,2628182339,1000,1548,1548,2.3746023,0.00067,-1,-1,-1,0,0,0,136,1,1,0,0.0000000,0.0000000,0.0000000,0,0,0,0
757216375714125 D 2963,2628183339,1000,1548,1548,2.3746023,0.00064,-1,-1,-1,0,0,0,136,1,1,0,0.0000000,0.0000000,0.0000000,0,0,0,0
757216377924250 D 2964,2628184339,1000,1548,1548,2.3746023,0.00062,-1,-1,-1,0,0,0,136,1,1,0,0.0000000,0.0000000,0.0000000,0,0,0,0
757216379544750 D 2965,2628185339,1000,1548,1548,2.3746023,0.00059,-1,-1,-1,0,0,0,136,1,1,0,0.0000000,0.0000000,0.0000000,0,0,0,0
757216380843666 D 2966,2628186339,1000,1548,1548,2.3746023,0.00057,-1,-1,-1,0,0,0,136,1,1,0,0.0000000,0.0000000,0.0000000,0,0,0,0
757216385519500 D 2967,2628187339,1000,1548,1548,2.3746023,0.00055,-1,-1,-1,0,0,0,136,1,1,0,0.0000000,0.0000000,0.0000000,0,0,0,0
757216386129833 D 2968,2628188339,1000,1548,1548,2.3746023,0.00053,-1,-1,-1,0,0,0,136,1,1,0,0.0000000,0.0000000,0.0000000,0,0,0,0
757216386893958 D 2969,2628189339,1000,1547,1547,2.3730683,-0.05964,-1,-1,-1,0,0,0,136,1,1,0,0.0000000,0.0000000,0.0000000,0,0,0,0
757216387299541 D 2970,2628190339,1000,1548,1548,2.3746023,0.00284,-1,-1,-1,0,0,0,136,1,1,0,0.0000000,0.0000000,0.0000000,0,0,0,0
757216387701750 D 2971,2628191339,1000,1547,1547,2.3730683,-0.05742,-1,-1,-1,0,0,0,136,1,1,0,0.0000000,0.0000000,0.0000000,0,0,0,0
757216390221125 D 2972,2628192339,1000,1548,1548,2.3746023,0.00498,-1,-1,-1,0,0,0,136,1,1,0,0.0000000,0.0000000,0.0000000,0,0,0,0
757216390671583 D 2973,2628193339,1000,1548,1548,2.3746023,0.00479,-1,-1,-1,0,0,0,136,1,1,0,0.0000000,0.0000000,0.0000000,0,0,0,0
757216391621958 D 2974,2628194339,1000,1548,1548,2.3746023,0.00460,-1,-1,-1,0,0,0,136,1,1,0,0.0000000,0.0000000,0.0000000,0,0,0,0
757216393624000 D 2975,2628195339,1000,1548,1548,2.3746023,0.00442,-1,-1,-1,0,0,0,136,1,1,0,0.0000000,0.0000000,0.0000000,0,0,0,0
757216394110583 D 2976,2628196339,1000,1548,1548,2.3746023,0.00425,-1,-1,-1,0,0,0,136,1,1,0,0.0000000,0.0000000,0.0000000,0,0,0,0
757216394869416 D 2977,2628197339,1000,1548,1548,2.3746023,0.00408,-1,-1,-1,0,0,0,136,1,1,0,0.0000000,0.0000000,0.0000000,0,0,0,0
757216397419000 D 2978,2628198339,1000,1548,1548,2.3746023,0.00392,-1,-1,-1,0,0,0,136,1,1,0,0.0000000,0.0000000,0.0000000,0,0,0,0
757216397807208 D 2979,2628199339,1000,1548,1548,2.3746023,0.00377,-1,-1,-1,0,0,0,136,1,1,0,0.0000000,0.0000000,0.0000000,0,0,0,0
757216398529708 D 2980,2628200339,1000,1547,1547,2.3730683,-0.05653,-1,-1,-1,0,0,0,136,1,1,0,0.0000000,0.0000000,0.0000000,0,0,0,0
757216398849166 D 2981,2628201339,1000,1548,1548,2.3746023,0.00584,-1,-1,-1,0,0,0,136,1,1,0,0.0000000,0.0000000,0.0000000,0,0,0,0
757216399163166 D 2982,2628202339,1000,1548,1548,2.3746023,0.00561,39,128,2076,0,0,0,136,1,1,0,0.0000000,0.0000000,0.0000000,0,0,0,0
757216399486458 D 2983,2628203339,1000,1548,1548,2.3746023,0.00539,-1,-1,-1,0,0,0,136,1,1,0,0.0000000,0.0000000,0.0000000,0,0,0,0
757216399934541 D 2984,2628204339,1000,1548,1548,2.3746023,0.00518,-1,-1,-1,0,0,0,136,1,1,0,0.0000000,0.0000000,0.0000000,0,0,0,0
757216400259166 D 2985,2628205339,1000,1548,1548,2.3746023,0.00497,-1,-1,-1,0,0,0,136,1,1,0,0.0000000,0.0000000,0.0000000,0,0,0,0
757216400645666 D 2986,2628206339,1000,1548,1548,2.3746023,0.00478,-1,-1,-1,0,0,0,136,1,1,0,0.0000000,0.0000000,0.0000000,0,0,0,0
757216401268458 D 2987,2628207339,1000,1548,1548,2.3746023,0.00459,-1,-1,-1,0,0,0,136,1,1,0,0.0000000,0.0000000,0.0000000,0,0,0,0
757216401732625 D 2988,2628208339,1000,1548,1548,2.3746023,0.00441,-1,-1,-1,0,0,0,136,1,1,0,0.0000000,0.0000000,0.0000000,0,0,0,0
757216402072750 D 2989,2628209339,1000,1547,1547,2.3730683,-0.05591,-1,-1,-1,0,0,0,136,1,1,0,0.0000000,0.0000000,0.0000000,0,0,0,0
757216402494708 D 2990,2628210339,1000,1548,1548,2.3746023,0.00643,-1,-1,-1,0,0,0,136,1,1,0,0.0000000,0.0000000,0.0000000,0,0,0,0
757216402856333 D 2991,2628211339,1000,1548,1548,2.3746023,0.00618,-1,-1,-1,0,0,0,136,1,1,0,0.0000000,0.0000000,0.0000000,0,0,0,0
757216403184250 D 2992,2628212339,1000,1548,1548,2.3746023,0.00594,-1,-1,-1,0,0,0,136,1,1,0,0.0000000,0.0000000,0.0000000,0,0,0,0
757216403485958 D 2993,2628213339,1000,1547,1547,2.3730683,-0.05445,-1,-1,-1,0,0,0,136,1,1,0,0.0000000,0.0000000,0.0000000,0,0,0,0
757216403789416 D 2994,2628214339,1000,1548,1548,2.3746023,0.00784,-1,-1,-1,0,0,0,136,1,1,0,0.0000000,0.0000000,0.0000000,0,0,0,0
757216404089000 D 2995,2628215339,1000,1548,1548,2.3746023,0.00753,-1,-1,-1,0,0,0,136,1,1,0,0.0000000,0.0000000,0.0000000,0,0,0,0
757216404387916 D 2996,2628216339,1000,1548,1548,2.3746023,0.00724,-1,-1,-1,0,0,0,136,1,1,0,0.0000000,0.0000000,0.0000000,0,0,0,0
757216404685875 D 2997,2628217339,1000,1548,1548,2.3746023,0.00695,-1,-1,-1,0,0,0,136,1,1,0,0.0000000,0.0000000,0.0000000,0,0,0,0
757216404979666 D 2998,2628218339,1000,1548,1548,2.3746023,0.00668,-1,-1,-1,0,0,0,136,1,1,0,0.0000000,0.0000000,0.0000000,0,0,0,0
757216405327333 D 2999,2628219339,1000,1548,1548,2.3746023,0.00642,-1,-1,-1,0,0,0,136,1,1,0,0.0000000,0.0000000,0.0000000,0,0,0,0
757216405659000 D 3000,2628220339,1000,1548,1548,2.3746023,0.00617,-1,-1,-1,0,0,0,136,1,1,0,0.0000000,0.0000000,0.0000000,0,0,0,0
757216405753000 E 2628221189 END host_stop 0 0 0
