756873266520875 I steps_per_m=26666.66601562 cart_step=2 cart_dir=3 enable=8 limits_connected=0 filter_write_ok=1
756873267289375 I home=0 enabled=0 travel_mm=300.000 vmax_mm_s=30.000 amax_mm_s2=300.000 jerk_mm_s3=3000.000
756873267440708 E 2280144666 INFO
756873267631291 E 2285090408 STREAM
756873268507333 D 0,2285091339,0,1555,1555,2.3853402,0.00000,-1,-1,-1,0,0,0,136,1,1,0,0.0000000,0.0000000,0.0000000,0,0,0,0
756873269437958 D 1,2285092339,1000,1555,1555,2.3853402,0.00000,-1,-1,-1,0,0,0,136,1,1,0,0.0000000,0.0000000,0.0000000,0,0,0,0
756873270295458 D 2,2285093339,1000,1554,1554,2.3838062,-0.06015,-1,-1,-1,0,0,0,136,1,1,0,0.0000000,0.0000000,0.0000000,0,0,0,0
756873271262166 D 3,2285094339,1000,1555,1555,2.3853402,0.00236,-1,-1,-1,0,0,0,136,1,1,0,0.0000000,0.0000000,0.0000000,0,0,0,0
756873271919916 D 4,2285095339,1000,1555,1555,2.3853402,0.00227,-1,-1,-1,0,0,0,136,1,1,0,0.0000000,0.0000000,0.0000000,0,0,0,0
756873272669125 D 5,2285096339,1000,1555,1555,2.3853402,0.00218,-1,-1,-1,0,0,0,136,1,1,0,0.0000000,0.0000000,0.0000000,0,0,0,0
756873273681458 D 6,2285097339,1000,1555,1555,2.3853402,0.00209,-1,-1,-1,0,0,0,136,1,1,0,0.0000000,0.0000000,0.0000000,0,0,0,0
756873274685208 D 7,2285098339,1000,1555,1555,2.3853402,0.00201,-1,-1,-1,0,0,0,136,1,1,0,0.0000000,0.0000000,0.0000000,0,0,0,0
756873275660375 D 8,2285099339,1000,1555,1555,2.3853402,0.00193,-1,-1,-1,0,0,0,136,1,1,0,0.0000000,0.0000000,0.0000000,0,0,0,0
756873276685416 D 9,2285100339,1000,1555,1555,2.3853402,0.00186,-1,-1,-1,0,0,0,136,1,1,0,0.0000000,0.0000000,0.0000000,0,0,0,0
756873277615250 D 10,2285101339,1000,1555,1555,2.3853402,0.00178,-1,-1,-1,0,0,0,136,1,1,0,0.0000000,0.0000000,0.0000000,0,0,0,0
756873278896208 D 11,2285102339,1000,1555,1555,2.3853402,0.00171,39,128,2035,0,0,0,136,1,1,0,0.0000000,0.0000000,0.0000000,0,0,0,0
756873279716416 D 12,2285103339,1000,1554,1554,2.3838062,-0.05850,-1,-1,-1,0,0,0,136,1,1,0,0.0000000,0.0000000,0.0000000,0,0,0,0
756873280613166 D 13,2285104339,1000,1555,1555,2.3853402,0.00394,-1,-1,-1,0,0,0,136,1,1,0,0.0000000,0.0000000,0.0000000,0,0,0,0
756873281569208 D 14,2285105339,1000,1554,1554,2.3838062,-0.05636,-1,-1,-1,0,0,0,136,1,1,0,0.0000000,0.0000000,0.0000000,0,0,0,0
756873282572500 D 15,2285106339,1000,1555,1555,2.3853402,0.00599,-1,-1,-1,0,0,0,136,1,1,0,0.0000000,0.0000000,0.0000000,0,0,0,0
756873283516000 D 16,2285107339,1000,1555,1555,2.3853402,0.00576,-1,-1,-1,0,0,0,136,1,1,0,0.0000000,0.0000000,0.0000000,0,0,0,0
756873284483166 D 17,2285108339,1000,1555,1555,2.3853402,0.00553,-1,-1,-1,0,0,0,136,1,1,0,0.0000000,0.0000000,0.0000000,0,0,0,0
756873285483083 D 18,2285109339,1000,1554,1554,2.3838062,-0.05483,-1,-1,-1,0,0,0,136,1,1,0,0.0000000,0.0000000,0.0000000,0,0,0,0
756873286601500 D 19,2285110339,1000,1554,1554,2.3838062,-0.05268,-1,-1,-1,0,0,0,136,1,1,0,0.0000000,0.0000000,0.0000000,0,0,0,0
756873287435791 D 20,2285111339,1000,1554,1554,2.3838062,-0.05062,-1,-1,-1,0,0,0,136,1,1,0,0.0000000,0.0000000,0.0000000,0,0,0,0
756873288548541 D 21,2285112339,1000,1554,1554,2.3838062,-0.04863,-1,-1,-1,0,0,0,136,1,1,0,0.0000000,0.0000000,0.0000000,0,0,0,0
756873289539708 D 22,2285113339,1000,1555,1555,2.3853402,0.01342,-1,-1,-1,0,0,0,136,1,1,0,0.0000000,0.0000000,0.0000000,0,0,0,0
756873290486458 D 23,2285114339,1000,1555,1555,2.3853402,0.01290,-1,-1,-1,0,0,0,136,1,1,0,0.0000000,0.0000000,0.0000000,0,0,0,0
756873291504666 D 24,2285115339,1000,1555,1555,2.3853402,0.01239,-1,-1,-1,0,0,0,136,1,1,0,0.0000000,0.0000000,0.0000000,0,0,0,0
756873292480000 D 25,2285116339,1000,1554,1554,2.3838062,-0.04824,-1,-1,-1,0,0,0,136,1,1,0,0.0000000,0.0000000,0.0000000,0,0,0,0
756873293539250 D 26,2285117339,1000,1554,1554,2.3838062,-0.04635,-1,-1,-1,0,0,0,136,1,1,0,0.0000000,0.0000000,0.0000000,0,0,0,0
756873294509041 D 27,2285118339,1000,1554,1554,2.3838062,-0.04453,-1,-1,-1,0,0,0,136,1,1,0,0.0000000,0.0000000,0.0000000,0,0,0,0
756873295511625 D 28,2285119339,1000,1554,1554,2.3838062,-0.04279,-1,-1,-1,0,0,0,136,1,1,0,0.0000000,0.0000000,0.0000000,0,0,0,0
756873296590333 D 29,2285120339,1000,1555,1555,2.3853402,0.01904,-1,-1,-1,0,0,0,136,1,1,0,0.0000000,0.0000000,0.0000000,0,0,0,0
756873297543541 D 30,2285121339,1000,1555,1555,2.3853402,0.01829,-1,-1,-1,0,0,0,136,1,1,0,0.0000000,0.0000000,0.0000000,0,0,0,0
756873298506666 D 31,2285122339,1000,1555,1555,2.3853402,0.01758,-1,-1,-1,0,0,0,136,1,1,0,0.0000000,0.0000000,0.0000000,0,0,0,0
756873299555458 D 32,2285123339,1000,1554,1554,2.3838062,-0.04326,-1,-1,-1,0,0,0,136,1,1,0,0.0000000,0.0000000,0.0000000,0,0,0,0
756873300489125 D 33,2285124339,1000,1555,1555,2.3853402,0.01858,-1,-1,-1,0,0,0,136,1,1,0,0.0000000,0.0000000,0.0000000,0,0,0,0
756873301318333 D 34,2285125339,1000,1555,1555,2.3853402,0.01785,-1,-1,-1,0,0,0,136,1,1,0,0.0000000,0.0000000,0.0000000,0,0,0,0
756873302313125 D 35,2285126339,1000,1555,1555,2.3853402,0.01715,-1,-1,-1,0,0,0,136,1,1,0,0.0000000,0.0000000,0.0000000,0,0,0,0
756873303334875 D 36,2285127339,1000,1554,1554,2.3838062,-0.04367,-1,-1,-1,0,0,0,135,1,1,0,0.0000000,0.0000000,0.0000000,0,0,0,0
756873304486750 D 37,2285128339,1000,1555,1555,2.3853402,0.01819,-1,-1,-1,0,0,0,136,1,1,0,0.0000000,0.0000000,0.0000000,0,0,0,0
756873305511291 D 38,2285129339,1000,1555,1555,2.3853402,0.01748,-1,-1,-1,0,0,0,136,1,1,0,0.0000000,0.0000000,0.0000000,0,0,0,0
756873306479000 D 39,2285130339,1000,1555,1555,2.3853402,0.01679,-1,-1,-1,0,0,0,136,1,1,0,0.0000000,0.0000000,0.0000000,0,0,0,0
756873307501416 D 40,2285131339,1000,1555,1555,2.3853402,0.01614,-1,-1,-1,0,0,0,136,1,1,0,0.0000000,0.0000000,0.0000000,0,0,0,0
756873308486625 D 41,2285132339,1000,1554,1554,2.3838062,-0.04464,-1,-1,-1,0,0,0,136,1,1,0,0.0000000,0.0000000,0.0000000,0,0,0,0
756873309515583 D 42,2285133339,1000,1555,1555,2.3853402,0.01725,-1,-1,-1,0,0,0,136,1,1,0,0.0000000,0.0000000,0.0000000,0,0,0,0
756873310491125 D 43,2285134339,1000,1555,1555,2.3853402,0.01658,-1,-1,-1,0,0,0,136,1,1,0,0.0000000,0.0000000,0.0000000,0,0,0,0
756873311582500 D 44,2285135339,1000,1555,1555,2.3853402,0.01593,-1,-1,-1,0,0,0,136,1,1,0,0.0000000,0.0000000,0.0000000,0,0,0,0
756873312557625 D 45,2285136339,1000,1555,1555,2.3853402,0.01530,-1,-1,-1,0,0,0,136,1,1,0,0.0000000,0.0000000,0.0000000,0,0,0,0
756873313568000 D 46,2285137339,1000,1555,1555,2.3853402,0.01470,-1,-1,-1,0,0,0,136,1,1,0,0.0000000,0.0000000,0.0000000,0,0,0,0
756873314553791 D 47,2285138339,1000,1554,1554,2.3838062,-0.04602,-1,-1,-1,0,0,0,136,1,1,0,0.0000000,0.0000000,0.0000000,0,0,0,0
756873315567375 D 48,2285139339,1000,1555,1555,2.3853402,0.01593,-1,-1,-1,0,0,0,136,1,1,0,0.0000000,0.0000000,0.0000000,0,0,0,0
756873316559541 D 49,2285140339,1000,1555,1555,2.3853402,0.01531,-1,-1,-1,0,0,0,136,1,1,0,0.0000000,0.0000000,0.0000000,0,0,0,0
756873317556291 D 50,2285141339,1000,1555,1555,2.3853402,0.01471,-1,-1,-1,0,0,0,136,1,1,0,0.0000000,0.0000000,0.0000000,0,0,0,0
756873318565208 D 51,2285142339,1000,1555,1555,2.3853402,0.01413,-1,-1,-1,0,0,0,136,1,1,0,0.0000000,0.0000000,0.0000000,0,0,0,0
756873319555833 D 52,2285143339,1000,1555,1555,2.3853402,0.01358,-1,-1,-1,0,0,0,136,1,1,0,0.0000000,0.0000000,0.0000000,0,0,0,0
756873320559208 D 53,2285144339,1000,1555,1555,2.3853402,0.01304,-1,-1,-1,0,0,0,136,1,1,0,0.0000000,0.0000000,0.0000000,0,0,0,0
756873321557875 D 54,2285145339,1000,1555,1555,2.3853402,0.01253,-1,-1,-1,0,0,0,136,1,1,0,0.0000000,0.0000000,0.0000000,0,0,0,0
756873322559333 D 55,2285146339,1000,1555,1555,2.3853402,0.01204,-1,-1,-1,0,0,0,136,1,1,0,0.0000000,0.0000000,0.0000000,0,0,0,0
756873323555125 D 56,2285147339,1000,1555,1555,2.3853402,0.01157,-1,-1,-1,0,0,0,136,1,1,0,0.0000000,0.0000000,0.0000000,0,0,0,0
756873324571291 D 57,2285148339,1000,1555,1555,2.3853402,0.01111,-1,-1,-1,0,0,0,136,1,1,0,0.0000000,0.0000000,0.0000000,0,0,0,0
756873325559625 D 58,2285149339,1000,1555,1555,2.3853402,0.01068,-1,-1,-1,0,0,0,136,1,1,0,0.0000000,0.0000000,0.0000000,0,0,0,0
756873326567291 D 59,2285150339,1000,1555,1555,2.3853402,0.01026,-1,-1,-1,0,0,0,136,1,1,0,0.0000000,0.0000000,0.0000000,0,0,0,0
756873327558916 D 60,2285151339,1000,1555,1555,2.3853402,0.00986,-1,-1,-1,0,0,0,136,1,1,0,0.0000000,0.0000000,0.0000000,0,0,0,0
756873328982541 D 61,2285152339,1000,1555,1555,2.3853402,0.00947,39,128,2035,0,0,0,136,1,1,0,0.0000000,0.0000000,0.0000000,0,0,0,0
756873329868958 D 62,2285153339,1000,1555,1555,2.3853402,0.00910,-1,-1,-1,0,0,0,136,1,1,0,0.0000000,0.0000000,0.0000000,0,0,0,0
756873330696208 D 63,2285154339,1000,1554,1554,2.3838062,-0.05141,-1,-1,-1,0,0,0,136,1,1,0,0.0000000,0.0000000,0.0000000,0,0,0,0
756873331478000 D 64,2285155339,1000,1555,1555,2.3853402,0.01076,-1,-1,-1,0,0,0,136,1,1,0,0.0000000,0.0000000,0.0000000,0,0,0,0
756873332474875 D 65,2285156339,1000,1555,1555,2.3853402,0.01034,-1,-1,-1,0,0,0,136,1,1,0,0.0000000,0.0000000,0.0000000,0,0,0,0
756873333454541 D 66,2285157339,1000,1555,1555,2.3853402,0.00993,-1,-1,-1,0,0,0,136,1,1,0,0.0000000,0.0000000,0.0000000,0,0,0,0
756873334554000 D 67,2285158339,1000,1555,1555,2.3853402,0.00954,-1,-1,-1,0,0,0,136,1,1,0,0.0000000,0.0000000,0.0000000,0,0,0,0
756873335466708 D 68,2285159339,1000,1555,1555,2.3853402,0.00917,-1,-1,-1,0,0,0,136,1,1,0,0.0000000,0.0000000,0.0000000,0,0,0,0
756873336478791 D 69,2285160339,1000,1554,1554,2.3838062,-0.05134,-1,-1,-1,0,0,0,136,1,1,0,0.0000000,0.0000000,0.0000000,0,0,0,0
756873337559333 D 70,2285161339,1000,1554,1554,2.3838062,-0.04933,-1,-1,-1,0,0,0,136,1,1,0,0.0000000,0.0000000,0.0000000,0,0,0,0
756873338571208 D 71,2285162339,1000,1555,1555,2.3853402,0.01276,-1,-1,-1,0,0,0,136,1,1,0,0.0000000,0.0000000,0.0000000,0,0,0,0
756873339564000 D 72,2285163339,1000,1554,1554,2.3838062,-0.04789,-1,-1,-1,0,0,0,136,1,1,0,0.0000000,0.0000000,0.0000000,0,0,0,0
756873340562041 D 73,2285164339,1000,1554,1554,2.3838062,-0.04601,-1,-1,-1,0,0,0,136,1,1,0,0.0000000,0.0000000,0.0000000,0,0,0,0
756873341552791 D 74,2285165339,1000,1555,1555,2.3853402,0.01594,-1,-1,-1,0,0,0,136,1,1,0,0.0000000,0.0000000,0.0000000,0,0,0,0
756873342556083 D 75,2285166339,1000,1555,1555,2.3853402,0.01531,-1,-1,-1,0,0,0,136,1,1,0,0.0000000,0.0000000,0.0000000,0,0,0,0
756873343562416 D 76,2285167339,1000,1554,1554,2.3838062,-0.04544,-1,-1,-1,0,0,0,136,1,1,0,0.0000000,0.0000000,0.0000000,0,0,0,0
756873344558416 D 77,2285168339,1000,1555,1555,2.3853402,0.01649,-1,-1,-1,0,0,0,136,1,1,0,0.0000000,0.0000000,0.0000000,0,0,0,0
756873345562041 D 78,2285169339,1000,1554,1554,2.3838062,-0.04430,-1,-1,-1,0,0,0,136,1,1,0,0.0000000,0.0000000,0.0000000,0,0,0,0
756873346561916 D 79,2285170339,1000,1554,1554,2.3838062,-0.04256,-1,-1,-1,0,0,0,136,1,1,0,0.0000000,0.0000000,0.0000000,0,0,0,0
756873347553583 D 80,2285171339,1000,1554,1554,2.3838062,-0.04090,-1,-1,-1,0,0,0,136,1,1,0,0.0000000,0.0000000,0.0000000,0,0,0,0
756873348563875 D 81,2285172339,1000,1555,1555,2.3853402,0.02086,-1,-1,-1,0,0,0,136,1,1,0,0.0000000,0.0000000,0.0000000,0,0,0,0
756873349557125 D 82,2285173339,1000,1555,1555,2.3853402,0.02004,-1,-1,-1,0,0,0,136,1,1,0,0.0000000,0.0000000,0.0000000,0,0,0,0
756873350562541 D 83,2285174339,1000,1555,1555,2.3853402,0.01925,-1,-1,-1,0,0,0,136,1,1,0,0.0000000,0.0000000,0.0000000,0,0,0,0
756873351564958 D 84,2285175339,1000,1554,1554,2.3838062,-0.04165,-1,-1,-1,0,0,0,136,1,1,0,0.0000000,0.0000000,0.0000000,0,0,0,0
756873352555833 D 85,2285176339,1000,1555,1555,2.3853402,0.02013,-1,-1,-1,0,0,0,136,1,1,0,0.0000000,0.0000000,0.0000000,0,0,0,0
756873353563166 D 86,2285177339,1000,1555,1555,2.3853402,0.01934,-1,-1,-1,0,0,0,136,1,1,0,0.0000000,0.0000000,0.0000000,0,0,0,0
756873354558041 D 87,2285178339,1000,1555,1555,2.3853402,0.01858,-1,-1,-1,0,0,0,136,1,1,0,0.0000000,0.0000000,0.0000000,0,0,0,0
756873355560000 D 88,2285179339,1000,1555,1555,2.3853402,0.01785,-1,-1,-1,0,0,0,136,1,1,0,0.0000000,0.0000000,0.0000000,0,0,0,0
756873356600083 D 89,2285180339,1000,1554,1554,2.3838062,-0.04299,-1,-1,-1,0,0,0,136,1,1,0,0.0000000,0.0000000,0.0000000,0,0,0,0
756873357566250 D 90,2285181339,1000,1554,1554,2.3838062,-0.04131,-1,-1,-1,0,0,0,136,1,1,0,0.0000000,0.0000000,0.0000000,0,0,0,0
756873358575250 D 91,2285182339,1000,1555,1555,2.3853402,0.02046,-1,-1,-1,0,0,0,136,1,1,0,0.0000000,0.0000000,0.0000000,0,0,0,0
756873359550000 D 92,2285183339,1000,1555,1555,2.3853402,0.01966,-1,-1,-1,0,0,0,136,1,1,0,0.0000000,0.0000000,0.0000000,0,0,0,0
756873360519791 D 93,2285184339,1000,1555,1555,2.3853402,0.01889,-1,-1,-1,0,0,0,136,1,1,0,0.0000000,0.0000000,0.0000000,0,0,0,0
756873361482458 D 94,2285185339,1000,1554,1554,2.3838062,-0.04200,-1,-1,-1,0,0,0,136,1,1,0,0.0000000,0.0000000,0.0000000,0,0,0,0
756873362455750 D 95,2285186339,1000,1555,1555,2.3853402,0.01979,-1,-1,-1,0,0,0,136,1,1,0,0.0000000,0.0000000,0.0000000,0,0,0,0
756873363601583 D 96,2285187339,1000,1555,1555,2.3853402,0.01902,-1,-1,-1,0,0,0,136,1,1,0,0.0000000,0.0000000,0.0000000,0,0,0,0
756873364568833 D 97,2285188339,1000,1554,1554,2.3838062,-0.04188,-1,-1,-1,0,0,0,136,1,1,0,0.0000000,0.0000000,0.0000000,0,0,0,0
756873365564833 D 98,2285189339,1000,1555,1555,2.3853402,0.01991,-1,-1,-1,0,0,0,136,1,1,0,0.0000000,0.0000000,0.0000000,0,0,0,0
756873366549875 D 99,2285190339,1000,1555,1555,2.3853402,0.01913,-1,-1,-1,0,0,0,136,1,1,0,0.0000000,0.0000000,0.0000000,0,0,0,0
756873367571375 D 100,2285191339,1000,1554,1554,2.3838062,-0.04177,-1,-1,-1,0,0,0,136,1,1,0,0.0000000,0.0000000,0.0000000,0,0,0,0
756873368557250 D 101,2285192339,1000,1555,1555,2.3853402,0.02002,-1,-1,-1,0,0,0,136,1,1,0,0.0000000,0.0000000,0.0000000,0,0,0,0
756873369562833 D 102,2285193339,1000,1555,1555,2.3853402,0.01924,-1,-1,-1,0,0,0,136,1,1,0,0.0000000,0.0000000,0.0000000,0,0,0,0
756873370585250 D 103,2285194339,1000,1554,1554,2.3838062,-0.04167,-1,-1,-1,0,0,0,136,1,1,0,0.0000000,0.0000000,0.0000000,0,0,0,0
756873371565375 D 104,2285195339,1000,1555,1555,2.3853402,0.02011,-1,-1,-1,0,0,0,136,1,1,0,0.0000000,0.0000000,0.0000000,0,0,0,0
756873372575750 D 105,2285196339,1000,1555,1555,2.3853402,0.01933,-1,-1,-1,0,0,0,136,1,1,0,0.0000000,0.0000000,0.0000000,0,0,0,0
756873373557625 D 106,2285197339,1000,1555,1555,2.3853402,0.01857,-1,-1,-1,0,0,0,136,1,1,0,0.0000000,0.0000000,0.0000000,0,0,0,0
756873374561750 D 107,2285198339,1000,1555,1555,2.3853402,0.01784,-1,-1,-1,0,0,0,136,1,1,0,0.0000000,0.0000000,0.0000000,0,0,0,0
756873375569500 D 108,2285199339,1000,1554,1554,2.3838062,-0.04301,-1,-1,-1,0,0,0,136,1,1,0,0.0000000,0.0000000,0.0000000,0,0,0,0
756873376576208 D 109,2285200339,1000,1555,1555,2.3853402,0.01883,-1,-1,-1,0,0,0,136,1,1,0,0.0000000,0.0000000,0.0000000,0,0,0,0
756873377563750 D 110,2285201339,1000,1555,1555,2.3853402,0.01809,-1,-1,-1,0,0,0,136,1,1,0,0.0000000,0.0000000,0.0000000,0,0,0,0
756873378964208 D 111,2285202339,1000,1555,1555,2.3853402,0.01738,39,128,2034,0,0,0,136,1,1,0,0.0000000,0.0000000,0.0000000,0,0,0,0
756873379558583 D 112,2285203339,1000,1554,1554,2.3838062,-0.04345,-1,-1,-1,0,0,0,136,1,1,0,0.0000000,0.0000000,0.0000000,0,0,0,0
756873380570750 D 113,2285204339,1000,1555,1555,2.3853402,0.01840,-1,-1,-1,0,0,0,136,1,1,0,0.0000000,0.0000000,0.0000000,0,0,0,0
756873381566000 D 114,2285205339,1000,1554,1554,2.3838062,-0.04247,-1,-1,-1,0,0,0,136,1,1,0,0.0000000,0.0000000,0.0000000,0,0,0,0
756873382563750 D 115,2285206339,1000,1555,1555,2.3853402,0.01935,-1,-1,-1,0,0,0,136,1,1,0,0.0000000,0.0000000,0.0000000,0,0,0,0
756873383557375 D 116,2285207339,1000,1555,1555,2.3853402,0.01859,-1,-1,-1,0,0,0,136,1,1,0,0.0000000,0.0000000,0.0000000,0,0,0,0
756873384556291 D 117,2285208339,1000,1555,1555,2.3853402,0.01786,-1,-1,-1,0,0,0,136,1,1,0,0.0000000,0.0000000,0.0000000,0,0,0,0
756873385569500 D 118,2285209339,1000,1554,1554,2.3838062,-0.04299,-1,-1,-1,0,0,0,136,1,1,0,0.0000000,0.0000000,0.0000000,0,0,0,0
756873386571083 D 119,2285210339,1000,1555,1555,2.3853402,0.01884,-1,-1,-1,0,0,0,136,1,1,0,0.0000000,0.0000000,0.0000000,0,0,0,0
756873387563208 D 120,2285211339,1000,1555,1555,2.3853402,0.01810,-1,-1,-1,0,0,0,136,1,1,0,0.0000000,0.0000000,0.0000000,0,0,0,0
756873388562791 D 121,2285212339,1000,1555,1555,2.3853402,0.01739,-1,-1,-1,0,0,0,136,1,1,0,0.0000000,0.0000000,0.0000000,0,0,0,0
756873389565541 D 122,2285213339,1000,1555,1555,2.3853402,0.01671,-1,-1,-1,0,0,0,136,1,1,0,0.0000000,0.0000000,0.0000000,0,0,0,0
756873390559708 D 123,2285214339,1000,1555,1555,2.3853402,0.01606,-1,-1,-1,0,0,0,136,1,1,0,0.0000000,0.0000000,0.0000000,0,0,0,0
756873391563208 D 124,2285215339,1000,1554,1554,2.3838062,-0.04472,-1,-1,-1,0,0,0,136,1,1,0,0.0000000,0.0000000,0.0000000,0,0,0,0
756873392569208 D 125,2285216339,1000,1554,1554,2.3838062,-0.04297,-1,-1,-1,0,0,0,136,1,1,0,0.0000000,0.0000000,0.0000000,0,0,0,0
756873393560666 D 126,2285217339,1000,1555,1555,2.3853402,0.01887,-1,-1,-1,0,0,0,136,1,1,0,0.0000000,0.0000000,0.0000000,0,0,0,0
756873394560458 D 127,2285218339,1000,1555,1555,2.3853402,0.01813,-1,-1,-1,0,0,0,136,1,1,0,0.0000000,0.0000000,0.0000000,0,0,0,0
756873395566125 D 128,2285219339,1000,1554,1554,2.3838062,-0.04273,-1,-1,-1,0,0,0,136,1,1,0,0.0000000,0.0000000,0.0000000,0,0,0,0
756873396577958 D 129,2285220339,1000,1554,1554,2.3838062,-0.04106,-1,-1,-1,0,0,0,136,1,1,0,0.0000000,0.0000000,0.0000000,0,0,0,0
756873397563375 D 130,2285221339,1000,1555,1555,2.3853402,0.02070,-1,-1,-1,0,0,0,136,1,1,0,0.0000000,0.0000000,0.0000000,0,0,0,0
756873398565791 D 131,2285222339,1000,1554,1554,2.3838062,-0.04026,-1,-1,-1,0,0,0,136,1,1,0,0.0000000,0.0000000,0.0000000,0,0,0,0
756873399559041 D 132,2285223339,1000,1555,1555,2.3853402,0.02147,-1,-1,-1,0,0,0,136,1,1,0,0.0000000,0.0000000,0.0000000,0,0,0,0
756873400593416 D 133,2285224339,1000,1555,1555,2.3853402,0.02063,-1,-1,-1,0,0,0,136,1,1,0,0.0000000,0.0000000,0.0000000,0,0,0,0
756873401557500 D 134,2285225339,1000,1554,1554,2.3838062,-0.04033,-1,-1,-1,0,0,0,135,1,1,0,0.0000000,0.0000000,0.0000000,0,0,0,0
756873402614416 D 135,2285226339,1000,1554,1554,2.3838062,-0.03875,-1,-1,-1,0,0,0,136,1,1,0,0.0000000,0.0000000,0.0000000,0,0,0,0
756873403554291 D 136,2285227339,1000,1555,1555,2.3853402,0.02292,-1,-1,-1,0,0,0,136,1,1,0,0.0000000,0.0000000,0.0000000,0,0,0,0
756873404570250 D 137,2285228339,1000,1555,1555,2.3853402,0.02202,-1,-1,-1,0,0,0,136,1,1,0,0.0000000,0.0000000,0.0000000,0,0,0,0
756873405575208 D 138,2285229339,1000,1555,1555,2.3853402,0.02116,-1,-1,-1,0,0,0,136,1,1,0,0.0000000,0.0000000,0.0000000,0,0,0,0
756873406585541 D 139,2285230339,1000,1555,1555,2.3853402,0.02033,-1,-1,-1,0,0,0,136,1,1,0,0.0000000,0.0000000,0.0000000,0,0,0,0
756873407543416 D 140,2285231339,1000,1555,1555,2.3853402,0.01953,-1,-1,-1,0,0,0,136,1,1,0,0.0000000,0.0000000,0.0000000,0,0,0,0
756873408553833 D 141,2285232339,1000,1555,1555,2.3853402,0.01876,-1,-1,-1,0,0,0,136,1,1,0,0.0000000,0.0000000,0.0000000,0,0,0,0
756873409580958 D 142,2285233339,1000,1554,1554,2.3838062,-0.04212,-1,-1,-1,0,0,0,136,1,1,0,0.0000000,0.0000000,0.0000000,0,0,0,0
756873410575958 D 143,2285234339,1000,1555,1555,2.3853402,0.01968,-1,-1,-1,0,0,0,136,1,1,0,0.0000000,0.0000000,0.0000000,0,0,0,0
756873411560000 D 144,2285235339,1000,1555,1555,2.3853402,0.01891,-1,-1,-1,0,0,0,136,1,1,0,0.0000000,0.0000000,0.0000000,0,0,0,0
756873412599583 D 145,2285236339,1000,1554,1554,2.3838062,-0.04198,-1,-1,-1,0,0,0,136,1,1,0,0.0000000,0.0000000,0.0000000,0,0,0,0
756873413561541 D 146,2285237339,1000,1555,1555,2.3853402,0.01981,-1,-1,-1,0,0,0,136,1,1,0,0.0000000,0.0000000,0.0000000,0,0,0,0
756873414634500 D 147,2285238339,1000,1554,1554,2.3838062,-0.04111,-1,-1,-1,0,0,0,136,1,1,0,0.0000000,0.0000000,0.0000000,0,0,0,0
756873415606500 D 148,2285239339,1000,1555,1555,2.3853402,0.02065,-1,-1,-1,0,0,0,136,1,1,0,0.0000000,0.0000000,0.0000000,0,0,0,0
756873416657125 D 149,2285240339,1000,1555,1555,2.3853402,0.01984,-1,-1,-1,0,0,0,136,1,1,0,0.0000000,0.0000000,0.0000000,0,0,0,0
756873417627958 D 150,2285241339,1000,1555,1555,2.3853402,0.01906,-1,-1,-1,0,0,0,136,1,1,0,0.0000000,0.0000000,0.0000000,0,0,0,0
756873418563708 D 151,2285242339,1000,1555,1555,2.3853402,0.01831,-1,-1,-1,0,0,0,136,1,1,0,0.0000000,0.0000000,0.0000000,0,0,0,0
756873419585875 D 152,2285243339,1000,1555,1555,2.3853402,0.01759,-1,-1,-1,0,0,0,136,1,1,0,0.0000000,0.0000000,0.0000000,0,0,0,0
756873420610583 D 153,2285244339,1000,1555,1555,2.3853402,0.01691,-1,-1,-1,0,0,0,136,1,1,0,0.0000000,0.0000000,0.0000000,0,0,0,0
756873421580750 D 154,2285245339,1000,1555,1555,2.3853402,0.01624,-1,-1,-1,0,0,0,136,1,1,0,0.0000000,0.0000000,0.0000000,0,0,0,0
756873422658208 D 155,2285246339,1000,1554,1554,2.3838062,-0.04454,-1,-1,-1,0,0,0,136,1,1,0,0.0000000,0.0000000,0.0000000,0,0,0,0
756873423466958 D 156,2285247339,1000,1555,1555,2.3853402,0.01735,-1,-1,-1,0,0,0,136,1,1,0,0.0000000,0.0000000,0.0000000,0,0,0,0
756873424486791 D 157,2285248339,1000,1555,1555,2.3853402,0.01667,-1,-1,-1,0,0,0,136,1,1,0,0.0000000,0.0000000,0.0000000,0,0,0,0
756873425469666 D 158,2285249339,1000,1555,1555,2.3853402,0.01602,-1,-1,-1,0,0,0,136,1,1,0,0.0000000,0.0000000,0.0000000,0,0,0,0
756873426435958 D 159,2285250339,1000,1554,1554,2.3838062,-0.04476,-1,-1,-1,0,0,0,136,1,1,0,0.0000000,0.0000000,0.0000000,0,0,0,0
756873427452041 D 160,2285251339,1000,1555,1555,2.3853402,0.01714,-1,-1,-1,0,0,0,136,1,1,0,0.0000000,0.0000000,0.0000000,0,0,0,0
756873428904625 D 161,2285252339,1000,1555,1555,2.3853402,0.01647,39,128,2034,0,0,0,136,1,1,0,0.0000000,0.0000000,0.0000000,0,0,0,0
756873429439125 D 162,2285253339,1000,1555,1555,2.3853402,0.01583,-1,-1,-1,0,0,0,136,1,1,0,0.0000000,0.0000000,0.0000000,0,0,0,0
756873430474416 D 163,2285254339,1000,1555,1555,2.3853402,0.01521,-1,-1,-1,0,0,0,136,1,1,0,0.0000000,0.0000000,0.0000000,0,0,0,0
756873431455291 D 164,2285255339,1000,1555,1555,2.3853402,0.01461,-1,-1,-1,0,0,0,136,1,1,0,0.0000000,0.0000000,0.0000000,0,0,0,0
756873432452333 D 165,2285256339,1000,1554,1554,2.3838062,-0.04611,-1,-1,-1,0,0,0,136,1,1,0,0.0000000,0.0000000,0.0000000,0,0,0,0
756873433444625 D 166,2285257339,1000,1554,1554,2.3838062,-0.04430,-1,-1,-1,0,0,0,136,1,1,0,0.0000000,0.0000000,0.0000000,0,0,0,0
756873434524000 D 167,2285258339,1000,1555,1555,2.3853402,0.01758,-1,-1,-1,0,0,0,136,1,1,0,0.0000000,0.0000000,0.0000000,0,0,0,0
756873435503000 D 168,2285259339,1000,1555,1555,2.3853402,0.01689,-1,-1,-1,0,0,0,136,1,1,0,0.0000000,0.0000000,0.0000000,0,0,0,0
756873436491750 D 169,2285260339,1000,1555,1555,2.3853402,0.01623,-1,-1,-1,0,0,0,136,1,1,0,0.0000000,0.0000000,0.0000000,0,0,0,0
756873437530958 D 170,2285261339,1000,1555,1555,2.3853402,0.01559,-1,-1,-1,0,0,0,136,1,1,0,0.0000000,0.0000000,0.0000000,0,0,0,0
756873438542458 D 171,2285262339,1000,1555,1555,2.3853402,0.01498,-1,-1,-1,0,0,0,136,1,1,0,0.0000000,0.0000000,0.0000000,0,0,0,0
756873439713708 D 172,2285263339,1000,1555,1555,2.3853402,0.01440,-1,-1,-1,0,0,0,136,1,1,0,0.0000000,0.0000000,0.0000000,0,0,0,0
756873440581833 D 173,2285264339,1000,1555,1555,2.3853402,0.01383,-1,-1,-1,0,0,0,136,1,1,0,0.0000000,0.0000000,0.0000000,0,0,0,0
756873441520666 D 174,2285265339,1000,1554,1554,2.3838062,-0.04686,-1,-1,-1,0,0,0,136,1,1,0,0.0000000,0.0000000,0.0000000,0,0,0,0
756873442482041 D 175,2285266339,1000,1555,1555,2.3853402,0.01513,-1,-1,-1,0,0,0,136,1,1,0,0.0000000,0.0000000,0.0000000,0,0,0,0
756873443469750 D 176,2285267339,1000,1555,1555,2.3853402,0.01453,-1,-1,-1,0,0,0,136,1,1,0,0.0000000,0.0000000,0.0000000,0,0,0,0
756873444467875 D 177,2285268339,1000,1555,1555,2.3853402,0.01396,-1,-1,-1,0,0,0,136,1,1,0,0.0000000,0.0000000,0.0000000,0,0,0,0
756873445473750 D 178,2285269339,1000,1555,1555,2.3853402,0.01342,-1,-1,-1,0,0,0,136,1,1,0,0.0000000,0.0000000,0.0000000,0,0,0,0
756873446479750 D 179,2285270339,1000,1555,1555,2.3853402,0.01289,-1,-1,-1,0,0,0,136,1,1,0,0.0000000,0.0000000,0.0000000,0,0,0,0
756873447476958 D 180,2285271339,1000,1554,1554,2.3838062,-0.04776,-1,-1,-1,0,0,0,136,1,1,0,0.0000000,0.0000000,0.0000000,0,0,0,0
756873448462416 D 181,2285272339,1000,1555,1555,2.3853402,0.01426,-1,-1,-1,0,0,0,136,1,1,0,0.0000000,0.0000000,0.0000000,0,0,0,0
756873449489833 D 182,2285273339,1000,1554,1554,2.3838062,-0.04645,-1,-1,-1,0,0,0,136,1,1,0,0.0000000,0.0000000,0.0000000,0,0,0,0
756873450472416 D 183,2285274339,1000,1555,1555,2.3853402,0.01552,-1,-1,-1,0,0,0,136,1,1,0,0.0000000,0.0000000,0.0000000,0,0,0,0
756873451459208 D 184,2285275339,1000,1555,1555,2.3853402,0.01491,-1,-1,-1,0,0,0,136,1,1,0,0.0000000,0.0000000,0.0000000,0,0,0,0
756873452466083 D 185,2285276339,1000,1555,1555,2.3853402,0.01433,-1,-1,-1,0,0,0,136,1,1,0,0.0000000,0.0000000,0.0000000,0,0,0,0
756873453501000 D 186,2285277339,1000,1555,1555,2.3853402,0.01376,-1,-1,-1,0,0,0,136,1,1,0,0.0000000,0.0000000,0.0000000,0,0,0,0
756873454503791 D 187,2285278339,1000,1554,1554,2.3838062,-0.04692,-1,-1,-1,0,0,0,136,1,1,0,0.0000000,0.0000000,0.0000000,0,0,0,0
756873455536000 D 188,2285279339,1000,1555,1555,2.3853402,0.01506,-1,-1,-1,0,0,0,136,1,1,0,0.0000000,0.0000000,0.0000000,0,0,0,0
756873456527500 D 189,2285280339,1000,1554,1554,2.3838062,-0.04567,-1,-1,-1,0,0,0,136,1,1,0,0.0000000,0.0000000,0.0000000,0,0,0,0
756873457533625 D 190,2285281339,1000,1555,1555,2.3853402,0.01626,-1,-1,-1,0,0,0,136,1,1,0,0.0000000,0.0000000,0.0000000,0,0,0,0
756873458515083 D 191,2285282339,1000,1554,1554,2.3838062,-0.04452,-1,-1,-1,0,0,0,136,1,1,0,0.0000000,0.0000000,0.0000000,0,0,0,0
756873459513583 D 192,2285283339,1000,1555,1555,2.3853402,0.01737,-1,-1,-1,0,0,0,136,1,1,0,0.0000000,0.0000000,0.0000000,0,0,0,0
756873460499833 D 193,2285284339,1000,1555,1555,2.3853402,0.01669,-1,-1,-1,0,0,0,136,1,1,0,0.0000000,0.0000000,0.0000000,0,0,0,0
756873461536541 D 194,2285285339,1000,1554,1554,2.3838062,-0.04411,-1,-1,-1,0,0,0,136,1,1,0,0.0000000,0.0000000,0.0000000,0,0,0,0
756873462525000 D 195,2285286339,1000,1554,1554,2.3838062,-0.04238,-1,-1,-1,0,0,0,136,1,1,0,0.0000000,0.0000000,0.0000000,0,0,0,0
756873463546333 D 196,2285287339,1000,1554,1554,2.3838062,-0.04072,-1,-1,-1,0,0,0,136,1,1,0,0.0000000,0.0000000,0.0000000,0,0,0,0
756873464512416 D 197,2285288339,1000,1554,1554,2.3838062,-0.03912,-1,-1,-1,0,0,0,136,1,1,0,0.0000000,0.0000000,0.0000000,0,0,0,0
756873465504416 D 198,2285289339,1000,1555,1555,2.3853402,0.02256,-1,-1,-1,0,0,0,136,1,1,0,0.0000000,0.0000000,0.0000000,0,0,0,0
756873466556500 D 199,2285290339,1000,1554,1554,2.3838062,-0.03847,-1,-1,-1,0,0,0,136,1,1,0,0.0000000,0.0000000,0.0000000,0,0,0,0
756873467604333 D 200,2285291339,1000,1555,1555,2.3853402,0.02318,-1,-1,-1,0,0,0,136,1,1,0,0.0000000,0.0000000,0.0000000,0,0,0,0
756873468548125 D 201,2285292339,1000,1554,1554,2.3838062,-0.03787,-1,-1,-1,0,0,0,136,1,1,0,0.0000000,0.0000000,0.0000000,0,0,0,0
756873469525500 D 202,2285293339,1000,1555,1555,2.3853402,0.02376,-1,-1,-1,0,0,0,136,1,1,0,0.0000000,0.0000000,0.0000000,0,0,0,0
756873470605958 D 203,2285294339,1000,1555,1555,2.3853402,0.02283,-1,-1,-1,0,0,0,136,1,1,0,0.0000000,0.0000000,0.0000000,0,0,0,0
756873471683875 D 204,2285295339,1000,1555,1555,2.3853402,0.02193,-1,-1,-1,0,0,0,136,1,1,0,0.0000000,0.0000000,0.0000000,0,0,0,0
756873472637500 D 205,2285296339,1000,1554,1554,2.3838062,-0.03908,-1,-1,-1,0,0,0,136,1,1,0,0.0000000,0.0000000,0.0000000,0,0,0,0
756873473614333 D 206,2285297339,1000,1555,1555,2.3853402,0.02260,-1,-1,-1,0,0,0,136,1,1,0,0.0000000,0.0000000,0.0000000,0,0,0,0
756873474589958 D 207,2285298339,1000,1554,1554,2.3838062,-0.03843,-1,-1,-1,0,0,0,136,1,1,0,0.0000000,0.0000000,0.0000000,0,0,0,0
756873475592625 D 208,2285299339,1000,1554,1554,2.3838062,-0.03692,-1,-1,-1,0,0,0,136,1,1,0,0.0000000,0.0000000,0.0000000,0,0,0,0
756873476581333 D 209,2285300339,1000,1555,1555,2.3853402,0.02467,-1,-1,-1,0,0,0,136,1,1,0,0.0000000,0.0000000,0.0000000,0,0,0,0
756873477584208 D 210,2285301339,1000,1554,1554,2.3838062,-0.03644,-1,-1,-1,0,0,0,136,1,1,0,0.0000000,0.0000000,0.0000000,0,0,0,0
756873479018000 D 211,2285302339,1000,1554,1554,2.3838062,-0.03501,39,128,2034,0,0,0,136,1,1,0,0.0000000,0.0000000,0.0000000,0,0,0,0
756873479638333 D 212,2285303339,1000,1555,1555,2.3853402,0.02651,-1,-1,-1,0,0,0,136,1,1,0,0.0000000,0.0000000,0.0000000,0,0,0,0
756873480582791 D 213,2285304339,1000,1555,1555,2.3853402,0.02547,-1,-1,-1,0,0,0,136,1,1,0,0.0000000,0.0000000,0.0000000,0,0,0,0
756873481575666 D 214,2285305339,1000,1555,1555,2.3853402,0.02447,-1,-1,-1,0,0,0,136,1,1,0,0.0000000,0.0000000,0.0000000,0,0,0,0
756873482567666 D 215,2285306339,1000,1555,1555,2.3853402,0.02351,-1,-1,-1,0,0,0,136,1,1,0,0.0000000,0.0000000,0.0000000,0,0,0,0
756873483596041 D 216,2285307339,1000,1555,1555,2.3853402,0.02259,-1,-1,-1,0,0,0,136,1,1,0,0.0000000,0.0000000,0.0000000,0,0,0,0
756873484566000 D 217,2285308339,1000,1555,1555,2.3853402,0.02170,-1,-1,-1,0,0,0,136,1,1,0,0.0000000,0.0000000,0.0000000,0,0,0,0
756873485569541 D 218,2285309339,1000,1554,1554,2.3838062,-0.03930,-1,-1,-1,0,0,0,136,1,1,0,0.0000000,0.0000000,0.0000000,0,0,0,0
756873486581166 D 219,2285310339,1000,1555,1555,2.3853402,0.02239,-1,-1,-1,0,0,0,136,1,1,0,0.0000000,0.0000000,0.0000000,0,0,0,0
756873487607500 D 220,2285311339,1000,1555,1555,2.3853402,0.02151,-1,-1,-1,0,0,0,136,1,1,0,0.0000000,0.0000000,0.0000000,0,0,0,0
756873488585208 D 221,2285312339,1000,1555,1555,2.3853402,0.02067,-1,-1,-1,0,0,0,136,1,1,0,0.0000000,0.0000000,0.0000000,0,0,0,0
756873489636833 D 222,2285313339,1000,1554,1554,2.3838062,-0.04029,-1,-1,-1,0,0,0,136,1,1,0,0.0000000,0.0000000,0.0000000,0,0,0,0
756873490584958 D 223,2285314339,1000,1554,1554,2.3838062,-0.03871,-1,-1,-1,0,0,0,136,1,1,0,0.0000000,0.0000000,0.0000000,0,0,0,0
756873491593458 D 224,2285315339,1000,1554,1554,2.3838062,-0.03719,-1,-1,-1,0,0,0,136,1,1,0,0.0000000,0.0000000,0.0000000,0,0,0,0
756873492600541 D 225,2285316339,1000,1555,1555,2.3853402,0.02442,-1,-1,-1,0,0,0,136,1,1,0,0.0000000,0.0000000,0.0000000,0,0,0,0
756873493599208 D 226,2285317339,1000,1554,1554,2.3838062,-0.03669,-1,-1,-1,0,0,0,136,1,1,0,0.0000000,0.0000000,0.0000000,0,0,0,0
756873494639916 D 227,2285318339,1000,1555,1555,2.3853402,0.02490,-1,-1,-1,0,0,0,136,1,1,0,0.0000000,0.0000000,0.0000000,0,0,0,0
756873495638458 D 228,2285319339,1000,1554,1554,2.3838062,-0.03623,-1,-1,-1,0,0,0,136,1,1,0,0.0000000,0.0000000,0.0000000,0,0,0,0
756873496628000 D 229,2285320339,1000,1555,1555,2.3853402,0.02534,-1,-1,-1,0,0,0,136,1,1,0,0.0000000,0.0000000,0.0000000,0,0,0,0
756873497729208 D 230,2285321339,1000,1555,1555,2.3853402,0.02435,-1,-1,-1,0,0,0,136,1,1,0,0.0000000,0.0000000,0.0000000,0,0,0,0
756873498692875 D 231,2285322339,1000,1554,1554,2.3838062,-0.03676,-1,-1,-1,0,0,0,136,1,1,0,0.0000000,0.0000000,0.0000000,0,0,0,0
756873499679333 D 232,2285323339,1000,1555,1555,2.3853402,0.02483,-1,-1,-1,0,0,0,136,1,1,0,0.0000000,0.0000000,0.0000000,0,0,0,0
756873500705250 D 233,2285324339,1000,1555,1555,2.3853402,0.02386,-1,-1,-1,0,0,0,136,1,1,0,0.0000000,0.0000000,0.0000000,0,0,0,0
756873501596916 D 234,2285325339,1000,1554,1554,2.3838062,-0.03722,-1,-1,-1,0,0,0,136,1,1,0,0.0000000,0.0000000,0.0000000,0,0,0,0
756873502664916 D 235,2285326339,1000,1554,1554,2.3838062,-0.03576,-1,-1,-1,0,0,0,136,1,1,0,0.0000000,0.0000000,0.0000000,0,0,0,0
756873503632166 D 236,2285327339,1000,1555,1555,2.3853402,0.02579,-1,-1,-1,0,0,0,136,1,1,0,0.0000000,0.0000000,0.0000000,0,0,0,0
756873504634083 D 237,2285328339,1000,1555,1555,2.3853402,0.02478,-1,-1,-1,0,0,0,136,1,1,0,0.0000000,0.0000000,0.0000000,0,0,0,0
756873505613625 D 238,2285329339,1000,1555,1555,2.3853402,0.02380,-1,-1,-1,0,0,0,136,1,1,0,0.0000000,0.0000000,0.0000000,0,0,0,0
756873506597000 D 239,2285330339,1000,1555,1555,2.3853402,0.02287,-1,-1,-1,0,0,0,136,1,1,0,0.0000000,0.0000000,0.0000000,0,0,0,0
756873507587875 D 240,2285331339,1000,1555,1555,2.3853402,0.02197,-1,-1,-1,0,0,0,136,1,1,0,0.0000000,0.0000000,0.0000000,0,0,0,0
756873508588458 D 241,2285332339,1000,1555,1555,2.3853402,0.02111,-1,-1,-1,0,0,0,136,1,1,0,0.0000000,0.0000000,0.0000000,0,0,0,0
756873509580625 D 242,2285333339,1000,1555,1555,2.3853402,0.02028,-1,-1,-1,0,0,0,136,1,1,0,0.0000000,0.0000000,0.0000000,0,0,0,0
756873510583500 D 243,2285334339,1000,1555,1555,2.3853402,0.01949,-1,-1,-1,0,0,0,136,1,1,0,0.0000000,0.0000000,0.0000000,0,0,0,0
756873511581250 D 244,2285335339,1000,1555,1555,2.3853402,0.01873,-1,-1,-1,0,0,0,136,1,1,0,0.0000000,0.0000000,0.0000000,0,0,0,0
756873512623375 D 245,2285336339,1000,1554,1554,2.3838062,-0.04216,-1,-1,-1,0,0,0,136,1,1,0,0.0000000,0.0000000,0.0000000,0,0,0,0
756873513622416 D 246,2285337339,1000,1555,1555,2.3853402,0.01964,-1,-1,-1,0,0,0,135,1,1,0,0.0000000,0.0000000,0.0000000,0,0,0,0
756873514620791 D 247,2285338339,1000,1555,1555,2.3853402,0.01887,-1,-1,-1,0,0,0,136,1,1,0,0.0000000,0.0000000,0.0000000,0,0,0,0
756873515631291 D 248,2285339339,1000,1555,1555,2.3853402,0.01813,-1,-1,-1,0,0,0,136,1,1,0,0.0000000,0.0000000,0.0000000,0,0,0,0
756873516635041 D 249,2285340339,1000,1555,1555,2.3853402,0.01742,-1,-1,-1,0,0,0,136,1,1,0,0.0000000,0.0000000,0.0000000,0,0,0,0
756873517715041 D 250,2285341339,1000,1554,1554,2.3838062,-0.04341,-1,-1,-1,0,0,0,136,1,1,0,0.0000000,0.0000000,0.0000000,0,0,0,0
756873518690291 D 251,2285342339,1000,1554,1554,2.3838062,-0.04171,-1,-1,-1,0,0,0,136,1,1,0,0.0000000,0.0000000,0.0000000,0,0,0,0
756873519674666 D 252,2285343339,1000,1555,1555,2.3853402,0.02008,-1,-1,-1,0,0,0,136,1,1,0,0.0000000,0.0000000,0.0000000,0,0,0,0
756873520735833 D 253,2285344339,1000,1555,1555,2.3853402,0.01929,-1,-1,-1,0,0,0,136,1,1,0,0.0000000,0.0000000,0.0000000,0,0,0,0
756873521625250 D 254,2285345339,1000,1555,1555,2.3853402,0.01853,-1,-1,-1,0,0,0,136,1,1,0,0.0000000,0.0000000,0.0000000,0,0,0,0
756873522607875 D 255,2285346339,1000,1555,1555,2.3853402,0.01781,-1,-1,-1,0,0,0,136,1,1,0,0.0000000,0.0000000,0.0000000,0,0,0,0
756873523587625 D 256,2285347339,1000,1555,1555,2.3853402,0.01711,-1,-1,-1,0,0,0,136,1,1,0,0.0000000,0.0000000,0.0000000,0,0,0,0
756873524593750 D 257,2285348339,1000,1554,1554,2.3838062,-0.04371,-1,-1,-1,0,0,0,136,1,1,0,0.0000000,0.0000000,0.0000000,0,0,0,0
756873525598750 D 258,2285349339,1000,1555,1555,2.3853402,0.01815,-1,-1,-1,0,0,0,136,1,1,0,0.0000000,0.0000000,0.0000000,0,0,0,0
756873526590041 D 259,2285350339,1000,1554,1554,2.3838062,-0.04271,-1,-1,-1,0,0,0,136,1,1,0,0.0000000,0.0000000,0.0000000,0,0,0,0
756873527572916 D 260,2285351339,1000,1555,1555,2.3853402,0.01911,-1,-1,-1,0,0,0,136,1,1,0,0.0000000,0.0000000,0.0000000,0,0,0,0
756873529016166 D 261,2285352339,1000,1555,1555,2.3853402,0.01836,39,128,2034,0,0,0,136,1,1,0,0.0000000,0.0000000,0.0000000,0,0,0,0
756873529621916 D 262,2285353339,1000,1555,1555,2.3853402,0.01764,-1,-1,-1,0,0,0,136,1,1,0,0.0000000,0.0000000,0.0000000,0,0,0,0
756873530822666 D 263,2285354339,1000,1554,1554,2.3838062,-0.04320,-1,-1,-1,0,0,0,136,1,1,0,0.0000000,0.0000000,0.0000000,0,0,0,0
756873531790791 D 264,2285355339,1000,1555,1555,2.3853402,0.01865,-1,-1,-1,0,0,0,136,1,1,0,0.0000000,0.0000000,0.0000000,0,0,0,0
756873532746291 D 265,2285356339,1000,1554,1554,2.3838062,-0.04223,-1,-1,-1,0,0,0,136,1,1,0,0.0000000,0.0000000,0.0000000,0,0,0,0
756873533593291 D 266,2285357339,1000,1555,1555,2.3853402,0.01957,-1,-1,-1,0,0,0,136,1,1,0,0.0000000,0.0000000,0.0000000,0,0,0,0
756873534609541 D 267,2285358339,1000,1555,1555,2.3853402,0.01880,-1,-1,-1,0,0,0,136,1,1,0,0.0000000,0.0000000,0.0000000,0,0,0,0
756873535586958 D 268,2285359339,1000,1554,1554,2.3838062,-0.04208,-1,-1,-1,0,0,0,136,1,1,0,0.0000000,0.0000000,0.0000000,0,0,0,0
756873536583083 D 269,2285360339,1000,1554,1554,2.3838062,-0.04043,-1,-1,-1,0,0,0,136,1,1,0,0.0000000,0.0000000,0.0000000,0,0,0,0
756873537575833 D 270,2285361339,1000,1555,1555,2.3853402,0.02130,-1,-1,-1,0,0,0,136,1,1,0,0.0000000,0.0000000,0.0000000,0,0,0,0
756873538584208 D 271,2285362339,1000,1554,1554,2.3838062,-0.03968,-1,-1,-1,0,0,0,136,1,1,0,0.0000000,0.0000000,0.0000000,0,0,0,0
756873539601583 D 272,2285363339,1000,1554,1554,2.3838062,-0.03813,-1,-1,-1,0,0,0,136,1,1,0,0.0000000,0.0000000,0.0000000,0,0,0,0
756873540581083 D 273,2285364339,1000,1555,1555,2.3853402,0.02352,-1,-1,-1,0,0,0,136,1,1,0,0.0000000,0.0000000,0.0000000,0,0,0,0
756873541578416 D 274,2285365339,1000,1554,1554,2.3838062,-0.03755,-1,-1,-1,0,0,0,136,1,1,0,0.0000000,0.0000000,0.0000000,0,0,0,0
756873542612250 D 275,2285366339,1000,1554,1554,2.3838062,-0.03608,-1,-1,-1,0,0,0,136,1,1,0,0.0000000,0.0000000,0.0000000,0,0,0,0
756873543592708 D 276,2285367339,1000,1555,1555,2.3853402,0.02548,-1,-1,-1,0,0,0,136,1,1,0,0.0000000,0.0000000,0.0000000,0,0,0,0
756873544807791 D 277,2285368339,1000,1554,1554,2.3838062,-0.03566,-1,-1,-1,0,0,0,136,1,1,0,0.0000000,0.0000000,0.0000000,0,0,0,0
756873545806041 D 278,2285369339,1000,1555,1555,2.3853402,0.02588,-1,-1,-1,0,0,0,136,1,1,0,0.0000000,0.0000000,0.0000000,0,0,0,0
756873546710375 D 279,2285370339,1000,1554,1554,2.3838062,-0.03528,-1,-1,-1,0,0,0,136,1,1,0,0.0000000,0.0000000,0.0000000,0,0,0,0
756873547664583 D 280,2285371339,1000,1554,1554,2.3838062,-0.03390,-1,-1,-1,0,0,0,136,1,1,0,0.0000000,0.0000000,0.0000000,0,0,0,0
756873548611208 D 281,2285372339,1000,1554,1554,2.3838062,-0.03257,-1,-1,-1,0,0,0,136,1,1,0,0.0000000,0.0000000,0.0000000,0,0,0,0
756873549615375 D 282,2285373339,1000,1555,1555,2.3853402,0.02886,-1,-1,-1,0,0,0,136,1,1,0,0.0000000,0.0000000,0.0000000,0,0,0,0
756873550611833 D 283,2285374339,1000,1555,1555,2.3853402,0.02773,-1,-1,-1,0,0,0,136,1,1,0,0.0000000,0.0000000,0.0000000,0,0,0,0
756873551584166 D 284,2285375339,1000,1555,1555,2.3853402,0.02664,-1,-1,-1,0,0,0,136,1,1,0,0.0000000,0.0000000,0.0000000,0,0,0,0
756873552585750 D 285,2285376339,1000,1554,1554,2.3838062,-0.03455,-1,-1,-1,0,0,0,136,1,1,0,0.0000000,0.0000000,0.0000000,0,0,0,0
756873553572791 D 286,2285377339,1000,1555,1555,2.3853402,0.02695,-1,-1,-1,0,0,0,136,1,1,0,0.0000000,0.0000000,0.0000000,0,0,0,0
756873554603458 D 287,2285378339,1000,1554,1554,2.3838062,-0.03426,-1,-1,-1,0,0,0,136,1,1,0,0.0000000,0.0000000,0.0000000,0,0,0,0
756873555604500 D 288,2285379339,1000,1555,1555,2.3853402,0.02724,-1,-1,-1,0,0,0,135,1,1,0,0.0000000,0.0000000,0.0000000,0,0,0,0
756873556599416 D 289,2285380339,1000,1555,1555,2.3853402,0.02617,-1,-1,-1,0,0,0,136,1,1,0,0.0000000,0.0000000,0.0000000,0,0,0,0
756873557580666 D 290,2285381339,1000,1554,1554,2.3838062,-0.03501,-1,-1,-1,0,0,0,136,1,1,0,0.0000000,0.0000000,0.0000000,0,0,0,0
756873558588333 D 291,2285382339,1000,1555,1555,2.3853402,0.02651,-1,-1,-1,0,0,0,136,1,1,0,0.0000000,0.0000000,0.0000000,0,0,0,0
756873559587708 D 292,2285383339,1000,1555,1555,2.3853402,0.02547,-1,-1,-1,0,0,0,136,1,1,0,0.0000000,0.0000000,0.0000000,0,0,0,0
756873560604250 D 293,2285384339,1000,1555,1555,2.3853402,0.02448,-1,-1,-1,0,0,0,136,1,1,0,0.0000000,0.0000000,0.0000000,0,0,0,0
756873561598916 D 294,2285385339,1000,1555,1555,2.3853402,0.02352,-1,-1,-1,0,0,0,136,1,1,0,0.0000000,0.0000000,0.0000000,0,0,0,0
756873562596875 D 295,2285386339,1000,1555,1555,2.3853402,0.02259,-1,-1,-1,0,0,0,136,1,1,0,0.0000000,0.0000000,0.0000000,0,0,0,0
756873563577583 D 296,2285387339,1000,1555,1555,2.3853402,0.02171,-1,-1,-1,0,0,0,136,1,1,0,0.0000000,0.0000000,0.0000000,0,0,0,0
756873564578375 D 297,2285388339,1000,1555,1555,2.3853402,0.02086,-1,-1,-1,0,0,0,136,1,1,0,0.0000000,0.0000000,0.0000000,0,0,0,0
756873565581083 D 298,2285389339,1000,1555,1555,2.3853402,0.02004,-1,-1,-1,0,0,0,136,1,1,0,0.0000000,0.0000000,0.0000000,0,0,0,0
756873566596375 D 299,2285390339,1000,1554,1554,2.3838062,-0.04090,-1,-1,-1,0,0,0,136,1,1,0,0.0000000,0.0000000,0.0000000,0,0,0,0
756873567600458 D 300,2285391339,1000,1554,1554,2.3838062,-0.03929,-1,-1,-1,0,0,0,136,1,1,0,0.0000000,0.0000000,0.0000000,0,0,0,0
756873568653916 D 301,2285392339,1000,1555,1555,2.3853402,0.02240,-1,-1,-1,0,0,0,136,1,1,0,0.0000000,0.0000000,0.0000000,0,0,0,0
756873569899500 D 302,2285393339,1000,1554,1554,2.3838062,-0.03863,-1,-1,-1,0,0,0,136,1,1,0,0.0000000,0.0000000,0.0000000,0,0,0,0
756873570884041 D 303,2285394339,1000,1554,1554,2.3838062,-0.03711,-1,-1,-1,0,0,0,136,1,1,0,0.0000000,0.0000000,0.0000000,0,0,0,0
756873571829833 D 304,2285395339,1000,1555,1555,2.3853402,0.02449,-1,-1,-1,0,0,0,136,1,1,0,0.0000000,0.0000000,0.0000000,0,0,0,0
756873572675041 D 305,2285396339,1000,1555,1555,2.3853402,0.02353,-1,-1,-1,0,0,0,136,1,1,0,0.0000000,0.0000000,0.0000000,0,0,0,0
756873573619958 D 306,2285397339,1000,1555,1555,2.3853402,0.02261,-1,-1,-1,0,0,0,136,1,1,0,0.0000000,0.0000000,0.0000000,0,0,0,0
756873574607791 D 307,2285398339,1000,1555,1555,2.3853402,0.02172,-1,-1,-1,0,0,0,136,1,1,0,0.0000000,0.0000000,0.0000000,0,0,0,0
756873575684291 D 308,2285399339,1000,1554,1554,2.3838062,-0.03928,-1,-1,-1,0,0,0,136,1,1,0,0.0000000,0.0000000,0.0000000,0,0,0,0
756873576609750 D 309,2285400339,1000,1555,1555,2.3853402,0.02241,-1,-1,-1,0,0,0,135,1,1,0,0.0000000,0.0000000,0.0000000,0,0,0,0
756873577596083 D 310,2285401339,1000,1555,1555,2.3853402,0.02153,-1,-1,-1,0,0,0,136,1,1,0,0.0000000,0.0000000,0.0000000,0,0,0,0
756873579023208 D 311,2285402339,1000,1555,1555,2.3853402,0.02069,39,128,2034,0,0,0,136,1,1,0,0.0000000,0.0000000,0.0000000,0,0,0,0
756873579644083 D 312,2285403339,1000,1554,1554,2.3838062,-0.04027,-1,-1,-1,0,0,0,136,1,1,0,0.0000000,0.0000000,0.0000000,0,0,0,0
756873580596000 D 313,2285404339,1000,1555,1555,2.3853402,0.02145,-1,-1,-1,0,0,0,136,1,1,0,0.0000000,0.0000000,0.0000000,0,0,0,0
756873581629125 D 314,2285405339,1000,1555,1555,2.3853402,0.02061,-1,-1,-1,0,0,0,136,1,1,0,0.0000000,0.0000000,0.0000000,0,0,0,0
756873582588208 D 315,2285406339,1000,1555,1555,2.3853402,0.01980,-1,-1,-1,0,0,0,136,1,1,0,0.0000000,0.0000000,0.0000000,0,0,0,0
756873583587041 D 316,2285407339,1000,1554,1554,2.3838062,-0.04112,-1,-1,-1,0,0,0,136,1,1,0,0.0000000,0.0000000,0.0000000,0,0,0,0
756873584558875 D 317,2285408339,1000,1555,1555,2.3853402,0.02064,-1,-1,-1,0,0,0,136,1,1,0,0.0000000,0.0000000,0.0000000,0,0,0,0
756873585574291 D 318,2285409339,1000,1554,1554,2.3838062,-0.04032,-1,-1,-1,0,0,0,136,1,1,0,0.0000000,0.0000000,0.0000000,0,0,0,0
756873586570500 D 319,2285410339,1000,1554,1554,2.3838062,-0.03874,-1,-1,-1,0,0,0,136,1,1,0,0.0000000,0.0000000,0.0000000,0,0,0,0
756873587576916 D 320,2285411339,1000,1554,1554,2.3838062,-0.03722,-1,-1,-1,0,0,0,136,1,1,0,0.0000000,0.0000000,0.0000000,0,0,0,0
756873588558250 D 321,2285412339,1000,1554,1554,2.3838062,-0.03576,-1,-1,-1,0,0,0,136,1,1,0,0.0000000,0.0000000,0.0000000,0,0,0,0
756873589593416 D 322,2285413339,1000,1554,1554,2.3838062,-0.03436,-1,-1,-1,0,0,0,136,1,1,0,0.0000000,0.0000000,0.0000000,0,0,0,0
756873590571041 D 323,2285414339,1000,1554,1554,2.3838062,-0.03301,-1,-1,-1,0,0,0,136,1,1,0,0.0000000,0.0000000,0.0000000,0,0,0,0
756873591572333 D 324,2285415339,1000,1554,1554,2.3838062,-0.03171,-1,-1,-1,0,0,0,136,1,1,0,0.0000000,0.0000000,0.0000000,0,0,0,0
756873592562708 D 325,2285416339,1000,1555,1555,2.3853402,0.02968,-1,-1,-1,0,0,0,136,1,1,0,0.0000000,0.0000000,0.0000000,0,0,0,0
756873593561458 D 326,2285417339,1000,1555,1555,2.3853402,0.02851,-1,-1,-1,0,0,0,136,1,1,0,0.0000000,0.0000000,0.0000000,0,0,0,0
756873594567958 D 327,2285418339,1000,1555,1555,2.3853402,0.02740,-1,-1,-1,0,0,0,136,1,1,0,0.0000000,0.0000000,0.0000000,0,0,0,0
756873595562791 D 328,2285419339,1000,1555,1555,2.3853402,0.02632,-1,-1,-1,0,0,0,136,1,1,0,0.0000000,0.0000000,0.0000000,0,0,0,0
756873596600000 D 329,2285420339,1000,1555,1555,2.3853402,0.02529,-1,-1,-1,0,0,0,136,1,1,0,0.0000000,0.0000000,0.0000000,0,0,0,0
756873597606750 D 330,2285421339,1000,1554,1554,2.3838062,-0.03585,-1,-1,-1,0,0,0,136,1,1,0,0.0000000,0.0000000,0.0000000,0,0,0,0
756873598569541 D 331,2285422339,1000,1555,1555,2.3853402,0.02570,-1,-1,-1,0,0,0,136,1,1,0,0.0000000,0.0000000,0.0000000,0,0,0,0
756873599563541 D 332,2285423339,1000,1555,1555,2.3853402,0.02470,-1,-1,-1,0,0,0,136,1,1,0,0.0000000,0.0000000,0.0000000,0,0,0,0
756873600575125 D 333,2285424339,1000,1554,1554,2.3838062,-0.03642,-1,-1,-1,0,0,0,136,1,1,0,0.0000000,0.0000000,0.0000000,0,0,0,0
756873601797750 D 334,2285425339,1000,1554,1554,2.3838062,-0.03499,-1,-1,-1,0,0,0,136,1,1,0,0.0000000,0.0000000,0.0000000,0,0,0,0
756873602804708 D 335,2285426339,1000,1555,1555,2.3853402,0.02653,-1,-1,-1,0,0,0,136,1,1,0,0.0000000,0.0000000,0.0000000,0,0,0,0
756873603779333 D 336,2285427339,1000,1554,1554,2.3838062,-0.03466,-1,-1,-1,0,0,0,136,1,1,0,0.0000000,0.0000000,0.0000000,0,0,0,0
756873604571333 D 337,2285428339,1000,1554,1554,2.3838062,-0.03330,-1,-1,-1,0,0,0,136,1,1,0,0.0000000,0.0000000,0.0000000,0,0,0,0
756873605564916 D 338,2285429339,1000,1555,1555,2.3853402,0.02815,-1,-1,-1,0,0,0,136,1,1,0,0.0000000,0.0000000,0.0000000,0,0,0,0
756873606564458 D 339,2285430339,1000,1554,1554,2.3838062,-0.03310,-1,-1,-1,0,0,0,136,1,1,0,0.0000000,0.0000000,0.0000000,0,0,0,0
756873607562291 D 340,2285431339,1000,1554,1554,2.3838062,-0.03180,-1,-1,-1,0,0,0,136,1,1,0,0.0000000,0.0000000,0.0000000,0,0,0,0
756873608559500 D 341,2285432339,1000,1554,1554,2.3838062,-0.03056,-1,-1,-1,0,0,0,136,1,1,0,0.0000000,0.0000000,0.0000000,0,0,0,0
756873609557041 D 342,2285433339,1000,1555,1555,2.3853402,0.03079,-1,-1,-1,0,0,0,136,1,1,0,0.0000000,0.0000000,0.0000000,0,0,0,0
756873610560750 D 343,2285434339,1000,1555,1555,2.3853402,0.02958,-1,-1,-1,0,0,0,136,1,1,0,0.0000000,0.0000000,0.0000000,0,0,0,0
756873611563625 D 344,2285435339,1000,1555,1555,2.3853402,0.02842,-1,-1,-1,0,0,0,136,1,1,0,0.0000000,0.0000000,0.0000000,0,0,0,0
756873612593416 D 345,2285436339,1000,1555,1555,2.3853402,0.02731,-1,-1,-1,0,0,0,136,1,1,0,0.0000000,0.0000000,0.0000000,0,0,0,0
756873613583291 D 346,2285437339,1000,1555,1555,2.3853402,0.02624,-1,-1,-1,0,0,0,136,1,1,0,0.0000000,0.0000000,0.0000000,0,0,0,0
756873614586000 D 347,2285438339,1000,1554,1554,2.3838062,-0.03494,-1,-1,-1,0,0,0,136,1,1,0,0.0000000,0.0000000,0.0000000,0,0,0,0
756873615578125 D 348,2285439339,1000,1554,1554,2.3838062,-0.03357,-1,-1,-1,0,0,0,136,1,1,0,0.0000000,0.0000000,0.0000000,0,0,0,0
756873616582000 D 349,2285440339,1000,1555,1555,2.3853402,0.02790,-1,-1,-1,0,0,0,136,1,1,0,0.0000000,0.0000000,0.0000000,0,0,0,0
756873617792208 D 350,2285441339,1000,1555,1555,2.3853402,0.02680,-1,-1,-1,0,0,0,136,1,1,0,0.0000000,0.0000000,0.0000000,0,0,0,0
756873618780708 D 351,2285442339,1000,1555,1555,2.3853402,0.02575,-1,-1,-1,0,0,0,135,1,1,0,0.0000000,0.0000000,0.0000000,0,0,0,0
756873619687666 D 352,2285443339,1000,1555,1555,2.3853402,0.02474,-1,-1,-1,0,0,0,136,1,1,0,0.0000000,0.0000000,0.0000000,0,0,0,0
756873620586708 D 353,2285444339,1000,1554,1554,2.3838062,-0.03638,-1,-1,-1,0,0,0,136,1,1,0,0.0000000,0.0000000,0.0000000,0,0,0,0
756873621576791 D 354,2285445339,1000,1554,1554,2.3838062,-0.03495,-1,-1,-1,0,0,0,136,1,1,0,0.0000000,0.0000000,0.0000000,0,0,0,0
756873622571583 D 355,2285446339,1000,1554,1554,2.3838062,-0.03358,-1,-1,-1,0,0,0,136,1,1,0,0.0000000,0.0000000,0.0000000,0,0,0,0
756873623568166 D 356,2285447339,1000,1554,1554,2.3838062,-0.03226,-1,-1,-1,0,0,0,136,1,1,0,0.0000000,0.0000000,0.0000000,0,0,0,0
756873624560625 D 357,2285448339,1000,1554,1554,2.3838062,-0.03100,-1,-1,-1,0,0,0,136,1,1,0,0.0000000,0.0000000,0.0000000,0,0,0,0
756873625561916 D 358,2285449339,1000,1555,1555,2.3853402,0.03037,-1,-1,-1,0,0,0,135,1,1,0,0.0000000,0.0000000,0.0000000,0,0,0,0
756873626564708 D 359,2285450339,1000,1555,1555,2.3853402,0.02917,-1,-1,-1,0,0,0,136,1,1,0,0.0000000,0.0000000,0.0000000,0,0,0,0
756873627599625 D 360,2285451339,1000,1555,1555,2.3853402,0.02803,-1,-1,-1,0,0,0,136,1,1,0,0.0000000,0.0000000,0.0000000,0,0,0,0
756873629253666 D 361,2285452339,1000,1554,1554,2.3838062,-0.03322,39,128,2035,0,0,0,136,1,1,0,0.0000000,0.0000000,0.0000000,0,0,0,0
756873630098041 D 362,2285453339,1000,1554,1554,2.3838062,-0.03191,-1,-1,-1,0,0,0,136,1,1,0,0.0000000,0.0000000,0.0000000,0,0,0,0
756873630925833 D 363,2285454339,1000,1555,1555,2.3853402,0.02949,-1,-1,-1,0,0,0,136,1,1,0,0.0000000,0.0000000,0.0000000,0,0,0,0
756873631638541 D 364,2285455339,1000,1555,1555,2.3853402,0.02833,-1,-1,-1,0,0,0,136,1,1,0,0.0000000,0.0000000,0.0000000,0,0,0,0
756873632563916 D 365,2285456339,1000,1555,1555,2.3853402,0.02722,-1,-1,-1,0,0,0,136,1,1,0,0.0000000,0.0000000,0.0000000,0,0,0,0
756873633565250 D 366,2285457339,1000,1555,1555,2.3853402,0.02615,-1,-1,-1,0,0,0,136,1,1,0,0.0000000,0.0000000,0.0000000,0,0,0,0
756873634566833 D 367,2285458339,1000,1555,1555,2.3853402,0.02513,-1,-1,-1,0,0,0,136,1,1,0,0.0000000,0.0000000,0.0000000,0,0,0,0
756873635563791 D 368,2285459339,1000,1555,1555,2.3853402,0.02414,-1,-1,-1,0,0,0,136,1,1,0,0.0000000,0.0000000,0.0000000,0,0,0,0
756873636563375 D 369,2285460339,1000,1554,1554,2.3838062,-0.03695,-1,-1,-1,0,0,0,136,1,1,0,0.0000000,0.0000000,0.0000000,0,0,0,0
756873637560500 D 370,2285461339,1000,1555,1555,2.3853402,0.02464,-1,-1,-1,0,0,0,136,1,1,0,0.0000000,0.0000000,0.0000000,0,0,0,0
756873638556375 D 371,2285462339,1000,1555,1555,2.3853402,0.02368,-1,-1,-1,0,0,0,136,1,1,0,0.0000000,0.0000000,0.0000000,0,0,0,0
756873639591125 D 372,2285463339,1000,1555,1555,2.3853402,0.02275,-1,-1,-1,0,0,0,136,1,1,0,0.0000000,0.0000000,0.0000000,0,0,0,0
756873640611500 D 373,2285464339,1000,1555,1555,2.3853402,0.02186,-1,-1,-1,0,0,0,136,1,1,0,0.0000000,0.0000000,0.0000000,0,0,0,0
756873641609541 D 374,2285465339,1000,1555,1555,2.3853402,0.02100,-1,-1,-1,0,0,0,136,1,1,0,0.0000000,0.0000000,0.0000000,0,0,0,0
756873642578708 D 375,2285466339,1000,1554,1554,2.3838062,-0.03997,-1,-1,-1,0,0,0,136,1,1,0,0.0000000,0.0000000,0.0000000,0,0,0,0
756873643637833 D 376,2285467339,1000,1555,1555,2.3853402,0.02174,-1,-1,-1,0,0,0,136,1,1,0,0.0000000,0.0000000,0.0000000,0,0,0,0
756873644591000 D 377,2285468339,1000,1555,1555,2.3853402,0.02089,-1,-1,-1,0,0,0,136,1,1,0,0.0000000,0.0000000,0.0000000,0,0,0,0
756873645581125 D 378,2285469339,1000,1555,1555,2.3853402,0.02007,-1,-1,-1,0,0,0,136,1,1,0,0.0000000,0.0000000,0.0000000,0,0,0,0
756873646590250 D 379,2285470339,1000,1555,1555,2.3853402,0.01928,-1,-1,-1,0,0,0,136,1,1,0,0.0000000,0.0000000,0.0000000,0,0,0,0
756873647576583 D 380,2285471339,1000,1554,1554,2.3838062,-0.04162,-1,-1,-1,0,0,0,136,1,1,0,0.0000000,0.0000000,0.0000000,0,0,0,0
756873648571500 D 381,2285472339,1000,1554,1554,2.3838062,-0.03999,-1,-1,-1,0,0,0,136,1,1,0,0.0000000,0.0000000,0.0000000,0,0,0,0
756873649566750 D 382,2285473339,1000,1555,1555,2.3853402,0.02173,-1,-1,-1,0,0,0,136,1,1,0,0.0000000,0.0000000,0.0000000,0,0,0,0
756873650580416 D 383,2285474339,1000,1555,1555,2.3853402,0.02088,-1,-1,-1,0,0,0,136,1,1,0,0.0000000,0.0000000,0.0000000,0,0,0,0
756873651555166 D 384,2285475339,1000,1555,1555,2.3853402,0.02006,-1,-1,-1,0,0,0,136,1,1,0,0.0000000,0.0000000,0.0000000,0,0,0,0
756873652571500 D 385,2285476339,1000,1555,1555,2.3853402,0.01927,-1,-1,-1,0,0,0,136,1,1,0,0.0000000,0.0000000,0.0000000,0,0,0,0
756873653551666 D 386,2285477339,1000,1555,1555,2.3853402,0.01852,-1,-1,-1,0,0,0,136,1,1,0,0.0000000,0.0000000,0.0000000,0,0,0,0
756873654573500 D 387,2285478339,1000,1555,1555,2.3853402,0.01779,-1,-1,-1,0,0,0,136,1,1,0,0.0000000,0.0000000,0.0000000,0,0,0,0
756873655579166 D 388,2285479339,1000,1554,1554,2.3838062,-0.04306,-1,-1,-1,0,0,0,136,1,1,0,0.0000000,0.0000000,0.0000000,0,0,0,0
756873656806583 D 389,2285480339,1000,1554,1554,2.3838062,-0.04137,-1,-1,-1,0,0,0,136,1,1,0,0.0000000,0.0000000,0.0000000,0,0,0,0
756873657794583 D 390,2285481339,1000,1554,1554,2.3838062,-0.03975,-1,-1,-1,0,0,0,136,1,1,0,0.0000000,0.0000000,0.0000000,0,0,0,0
756873658835416 D 391,2285482339,1000,1555,1555,2.3853402,0.02196,-1,-1,-1,0,0,0,136,1,1,0,0.0000000,0.0000000,0.0000000,0,0,0,0
756873659594541 D 392,2285483339,1000,1555,1555,2.3853402,0.02110,-1,-1,-1,0,0,0,136,1,1,0,0.0000000,0.0000000,0.0000000,0,0,0,0
756873660572250 D 393,2285484339,1000,1555,1555,2.3853402,0.02027,-1,-1,-1,0,0,0,136,1,1,0,0.0000000,0.0000000,0.0000000,0,0,0,0
756873661589000 D 394,2285485339,1000,1555,1555,2.3853402,0.01948,-1,-1,-1,0,0,0,136,1,1,0,0.0000000,0.0000000,0.0000000,0,0,0,0
756873662572375 D 395,2285486339,1000,1554,1554,2.3838062,-0.04143,-1,-1,-1,0,0,0,136,1,1,0,0.0000000,0.0000000,0.0000000,0,0,0,0
756873663565666 D 396,2285487339,1000,1555,1555,2.3853402,0.02034,-1,-1,-1,0,0,0,136,1,1,0,0.0000000,0.0000000,0.0000000,0,0,0,0
756873664563541 D 397,2285488339,1000,1555,1555,2.3853402,0.01954,-1,-1,-1,0,0,0,136,1,1,0,0.0000000,0.0000000,0.0000000,0,0,0,0
756873665572000 D 398,2285489339,1000,1555,1555,2.3853402,0.01877,-1,-1,-1,0,0,0,136,1,1,0,0.0000000,0.0000000,0.0000000,0,0,0,0
756873666562583 D 399,2285490339,1000,1554,1554,2.3838062,-0.04211,-1,-1,-1,0,0,0,136,1,1,0,0.0000000,0.0000000,0.0000000,0,0,0,0
756873667633291 D 400,2285491339,1000,1554,1554,2.3838062,-0.04046,-1,-1,-1,0,0,0,136,1,1,0,0.0000000,0.0000000,0.0000000,0,0,0,0
756873668636291 D 401,2285492339,1000,1555,1555,2.3853402,0.02128,-1,-1,-1,0,0,0,136,1,1,0,0.0000000,0.0000000,0.0000000,0,0,0,0
756873669656291 D 402,2285493339,1000,1555,1555,2.3853402,0.02044,-1,-1,-1,0,0,0,136,1,1,0,0.0000000,0.0000000,0.0000000,0,0,0,0
756873670601625 D 403,2285494339,1000,1555,1555,2.3853402,0.01964,-1,-1,-1,0,0,0,136,1,1,0,0.0000000,0.0000000,0.0000000,0,0,0,0
756873671603875 D 404,2285495339,1000,1555,1555,2.3853402,0.01887,-1,-1,-1,0,0,0,136,1,1,0,0.0000000,0.0000000,0.0000000,0,0,0,0
756873672593791 D 405,2285496339,1000,1555,1555,2.3853402,0.01813,-1,-1,-1,0,0,0,136,1,1,0,0.0000000,0.0000000,0.0000000,0,0,0,0
756873673613125 D 406,2285497339,1000,1554,1554,2.3838062,-0.04273,-1,-1,-1,0,0,0,136,1,1,0,0.0000000,0.0000000,0.0000000,0,0,0,0
756873674739083 D 407,2285498339,1000,1555,1555,2.3853402,0.01909,-1,-1,-1,0,0,0,136,1,1,0,0.0000000,0.0000000,0.0000000,0,0,0,0
756873675620791 D 408,2285499339,1000,1555,1555,2.3853402,0.01835,-1,-1,-1,0,0,0,136,1,1,0,0.0000000,0.0000000,0.0000000,0,0,0,0
756873676595958 D 409,2285500339,1000,1554,1554,2.3838062,-0.04252,-1,-1,-1,0,0,0,136,1,1,0,0.0000000,0.0000000,0.0000000,0,0,0,0
756873677583250 D 410,2285501339,1000,1555,1555,2.3853402,0.01929,-1,-1,-1,0,0,0,136,1,1,0,0.0000000,0.0000000,0.0000000,0,0,0,0
756873679021083 D 411,2285502339,1000,1555,1555,2.3853402,0.01854,39,128,2035,0,0,0,136,1,1,0,0.0000000,0.0000000,0.0000000,0,0,0,0
756873679634208 D 412,2285503339,1000,1555,1555,2.3853402,0.01781,-1,-1,-1,0,0,0,136,1,1,0,0.0000000,0.0000000,0.0000000,0,0,0,0
756873680591958 D 413,2285504339,1000,1555,1555,2.3853402,0.01711,-1,-1,-1,0,0,0,136,1,1,0,0.0000000,0.0000000,0.0000000,0,0,0,0
756873681584041 D 414,2285505339,1000,1554,1554,2.3838062,-0.04371,-1,-1,-1,0,0,0,136,1,1,0,0.0000000,0.0000000,0.0000000,0,0,0,0
756873682574833 D 415,2285506339,1000,1555,1555,2.3853402,0.01816,-1,-1,-1,0,0,0,136,1,1,0,0.0000000,0.0000000,0.0000000,0,0,0,0
756873683578875 D 416,2285507339,1000,1555,1555,2.3853402,0.01744,-1,-1,-1,0,0,0,136,1,1,0,0.0000000,0.0000000,0.0000000,0,0,0,0
756873684575416 D 417,2285508339,1000,1555,1555,2.3853402,0.01676,-1,-1,-1,0,0,0,136,1,1,0,0.0000000,0.0000000,0.0000000,0,0,0,0
756873685584500 D 418,2285509339,1000,1554,1554,2.3838062,-0.04405,-1,-1,-1,0,0,0,136,1,1,0,0.0000000,0.0000000,0.0000000,0,0,0,0
756873686587083 D 419,2285510339,1000,1554,1554,2.3838062,-0.04232,-1,-1,-1,0,0,0,136,1,1,0,0.0000000,0.0000000,0.0000000,0,0,0,0
756873687611375 D 420,2285511339,1000,1555,1555,2.3853402,0.01949,-1,-1,-1,0,0,0,136,1,1,0,0.0000000,0.0000000,0.0000000,0,0,0,0
756873688853041 D 421,2285512339,1000,1555,1555,2.3853402,0.01872,-1,-1,-1,0,0,0,136,1,1,0,0.0000000,0.0000000,0.0000000,0,0,0,0
756873689938916 D 422,2285513339,1000,1555,1555,2.3853402,0.01799,-1,-1,-1,0,0,0,136,1,1,0,0.0000000,0.0000000,0.0000000,0,0,0,0
756873690800541 D 423,2285514339,1000,1555,1555,2.3853402,0.01728,-1,-1,-1,0,0,0,136,1,1,0,0.0000000,0.0000000,0.0000000,0,0,0,0
756873691635125 D 424,2285515339,1000,1555,1555,2.3853402,0.01661,-1,-1,-1,0,0,0,136,1,1,0,0.0000000,0.0000000,0.0000000,0,0,0,0
756873692612583 D 425,2285516339,1000,1554,1554,2.3838062,-0.04419,-1,-1,-1,0,0,0,136,1,1,0,0.0000000,0.0000000,0.0000000,0,0,0,0
756873693592458 D 426,2285517339,1000,1555,1555,2.3853402,0.01769,-1,-1,-1,0,0,0,136,1,1,0,0.0000000,0.0000000,0.0000000,0,0,0,0
756873694590166 D 427,2285518339,1000,1555,1555,2.3853402,0.01700,-1,-1,-1,0,0,0,136,1,1,0,0.0000000,0.0000000,0.0000000,0,0,0,0
756873695589166 D 428,2285519339,1000,1555,1555,2.3853402,0.01633,-1,-1,-1,0,0,0,135,1,1,0,0.0000000,0.0000000,0.0000000,0,0,0,0
756873696593333 D 429,2285520339,1000,1555,1555,2.3853402,0.01569,-1,-1,-1,0,0,0,136,1,1,0,0.0000000,0.0000000,0.0000000,0,0,0,0
756873697594083 D 430,2285521339,1000,1554,1554,2.3838062,-0.04507,-1,-1,-1,0,0,0,136,1,1,0,0.0000000,0.0000000,0.0000000,0,0,0,0
756873698590291 D 431,2285522339,1000,1555,1555,2.3853402,0.01684,-1,-1,-1,0,0,0,136,1,1,0,0.0000000,0.0000000,0.0000000,0,0,0,0
756873699592708 D 432,2285523339,1000,1555,1555,2.3853402,0.01618,-1,-1,-1,0,0,0,136,1,1,0,0.0000000,0.0000000,0.0000000,0,0,0,0
756873700614916 D 433,2285524339,1000,1554,1554,2.3838062,-0.04460,-1,-1,-1,0,0,0,136,1,1,0,0.0000000,0.0000000,0.0000000,0,0,0,0
756873701584125 D 434,2285525339,1000,1555,1555,2.3853402,0.01729,-1,-1,-1,0,0,0,136,1,1,0,0.0000000,0.0000000,0.0000000,0,0,0,0
756873702577958 D 435,2285526339,1000,1555,1555,2.3853402,0.01662,-1,-1,-1,0,0,0,136,1,1,0,0.0000000,0.0000000,0.0000000,0,0,0,0
756873703582500 D 436,2285527339,1000,1555,1555,2.3853402,0.01597,-1,-1,-1,0,0,0,136,1,1,0,0.0000000,0.0000000,0.0000000,0,0,0,0
756873704578875 D 437,2285528339,1000,1555,1555,2.3853402,0.01534,-1,-1,-1,0,0,0,136,1,1,0,0.0000000,0.0000000,0.0000000,0,0,0,0
756873705610750 D 438,2285529339,1000,1554,1554,2.3838062,-0.04541,-1,-1,-1,0,0,0,136,1,1,0,0.0000000,0.0000000,0.0000000,0,0,0,0
756873706610500 D 439,2285530339,1000,1554,1554,2.3838062,-0.04363,-1,-1,-1,0,0,0,136,1,1,0,0.0000000,0.0000000,0.0000000,0,0,0,0
756873707602125 D 440,2285531339,1000,1554,1554,2.3838062,-0.04192,-1,-1,-1,0,0,0,136,1,1,0,0.0000000,0.0000000,0.0000000,0,0,0,0
756873708586791 D 441,2285532339,1000,1555,1555,2.3853402,0.01987,-1,-1,-1,0,0,0,136,1,1,0,0.0000000,0.0000000,0.0000000,0,0,0,0
756873709583333 D 442,2285533339,1000,1555,1555,2.3853402,0.01909,-1,-1,-1,0,0,0,136,1,1,0,0.0000000,0.0000000,0.0000000,0,0,0,0
756873710577541 D 443,2285534339,1000,1555,1555,2.3853402,0.01834,-1,-1,-1,0,0,0,136,1,1,0,0.0000000,0.0000000,0.0000000,0,0,0,0
756873711580625 D 444,2285535339,1000,1554,1554,2.3838062,-0.04252,-1,-1,-1,0,0,0,136,1,1,0,0.0000000,0.0000000,0.0000000,0,0,0,0
756873712569875 D 445,2285536339,1000,1555,1555,2.3853402,0.01929,-1,-1,-1,0,0,0,136,1,1,0,0.0000000,0.0000000,0.0000000,0,0,0,0
756873713582916 D 446,2285537339,1000,1554,1554,2.3838062,-0.04161,-1,-1,-1,0,0,0,136,1,1,0,0.0000000,0.0000000,0.0000000,0,0,0,0
756873714574083 D 447,2285538339,1000,1555,1555,2.3853402,0.02017,-1,-1,-1,0,0,0,136,1,1,0,0.0000000,0.0000000,0.0000000,0,0,0,0
756873715804958 D 448,2285539339,1000,1554,1554,2.3838062,-0.04077,-1,-1,-1,0,0,0,136,1,1,0,0.0000000,0.0000000,0.0000000,0,0,0,0
756873716816791 D 449,2285540339,1000,1554,1554,2.3838062,-0.03917,-1,-1,-1,0,0,0,136,1,1,0,0.0000000,0.0000000,0.0000000,0,0,0,0
756873717819541 D 450,2285541339,1000,1554,1554,2.3838062,-0.03764,-1,-1,-1,0,0,0,136,1,1,0,0.0000000,0.0000000,0.0000000,0,0,0,0
756873718694666 D 451,2285542339,1000,1555,1555,2.3853402,0.02399,-1,-1,-1,0,0,0,136,1,1,0,0.0000000,0.0000000,0.0000000,0,0,0,0
756873719595541 D 452,2285543339,1000,1555,1555,2.3853402,0.02305,-1,-1,-1,0,0,0,136,1,1,0,0.0000000,0.0000000,0.0000000,0,0,0,0
756873720598000 D 453,2285544339,1000,1555,1555,2.3853402,0.02214,-1,-1,-1,0,0,0,136,1,1,0,0.0000000,0.0000000,0.0000000,0,0,0,0
756873721627083 D 454,2285545339,1000,1554,1554,2.3838062,-0.03887,-1,-1,-1,0,0,0,136,1,1,0,0.0000000,0.0000000,0.0000000,0,0,0,0
756873722587958 D 455,2285546339,1000,1554,1554,2.3838062,-0.03735,-1,-1,-1,0,0,0,136,1,1,0,0.0000000,0.0000000,0.0000000,0,0,0,0
756873723582166 D 456,2285547339,1000,1554,1554,2.3838062,-0.03588,-1,-1,-1,0,0,0,136,1,1,0,0.0000000,0.0000000,0.0000000,0,0,0,0
756873724590458 D 457,2285548339,1000,1554,1554,2.3838062,-0.03448,-1,-1,-1,0,0,0,136,1,1,0,0.0000000,0.0000000,0.0000000,0,0,0,0
756873725582250 D 458,2285549339,1000,1554,1554,2.3838062,-0.03313,-1,-1,-1,0,0,0,136,1,1,0,0.0000000,0.0000000,0.0000000,0,0,0,0
756873726577791 D 459,2285550339,1000,1554,1554,2.3838062,-0.03183,-1,-1,-1,0,0,0,136,1,1,0,0.0000000,0.0000000,0.0000000,0,0,0,0
756873727584500 D 460,2285551339,1000,1554,1554,2.3838062,-0.03058,-1,-1,-1,0,0,0,136,1,1,0,0.0000000,0.0000000,0.0000000,0,0,0,0
756873729011958 D 461,2285552339,1000,1555,1555,2.3853402,0.03077,39,128,2034,0,0,0,136,1,1,0,0.0000000,0.0000000,0.0000000,0,0,0,0
756873729626625 D 462,2285553339,1000,1555,1555,2.3853402,0.02956,-1,-1,-1,0,0,0,136,1,1,0,0.0000000,0.0000000,0.0000000,0,0,0,0
756873730577125 D 463,2285554339,1000,1554,1554,2.3838062,-0.03175,-1,-1,-1,0,0,0,136,1,1,0,0.0000000,0.0000000,0.0000000,0,0,0,0
756873731588750 D 464,2285555339,1000,1554,1554,2.3838062,-0.03050,-1,-1,-1,0,0,0,136,1,1,0,0.0000000,0.0000000,0.0000000,0,0,0,0
756873732604375 D 465,2285556339,1000,1554,1554,2.3838062,-0.02930,-1,-1,-1,0,0,0,136,1,1,0,0.0000000,0.0000000,0.0000000,0,0,0,0
756873733812416 D 466,2285557339,1000,1555,1555,2.3853402,0.03199,-1,-1,-1,0,0,0,136,1,1,0,0.0000000,0.0000000,0.0000000,0,0,0,0
756873734799250 D 467,2285558339,1000,1554,1554,2.3838062,-0.02941,-1,-1,-1,0,0,0,136,1,1,0,0.0000000,0.0000000,0.0000000,0,0,0,0
756873735791666 D 468,2285559339,1000,1555,1555,2.3853402,0.03189,-1,-1,-1,0,0,0,136,1,1,0,0.0000000,0.0000000,0.0000000,0,0,0,0
756873736586125 D 469,2285560339,1000,1555,1555,2.3853402,0.03064,-1,-1,-1,0,0,0,136,1,1,0,0.0000000,0.0000000,0.0000000,0,0,0,0
756873737604250 D 470,2285561339,1000,1554,1554,2.3838062,-0.03071,-1,-1,-1,0,0,0,135,1,1,0,0.0000000,0.0000000,0.0000000,0,0,0,0
756873738566708 D 471,2285562339,1000,1554,1554,2.3838062,-0.02950,-1,-1,-1,0,0,0,136,1,1,0,0.0000000,0.0000000,0.0000000,0,0,0,0
756873739566291 D 472,2285563339,1000,1554,1554,2.3838062,-0.02835,-1,-1,-1,0,0,0,136,1,1,0,0.0000000,0.0000000,0.0000000,0,0,0,0
756873740560125 D 473,2285564339,1000,1555,1555,2.3853402,0.03291,-1,-1,-1,0,0,0,136,1,1,0,0.0000000,0.0000000,0.0000000,0,0,0,0
756873741560958 D 474,2285565339,1000,1555,1555,2.3853402,0.03162,-1,-1,-1,0,0,0,136,1,1,0,0.0000000,0.0000000,0.0000000,0,0,0,0
756873742563458 D 475,2285566339,1000,1554,1554,2.3838062,-0.02977,-1,-1,-1,0,0,0,136,1,1,0,0.0000000,0.0000000,0.0000000,0,0,0,0
756873743570500 D 476,2285567339,1000,1554,1554,2.3838062,-0.02860,-1,-1,-1,0,0,0,136,1,1,0,0.0000000,0.0000000,0.0000000,0,0,0,0
756873744568625 D 477,2285568339,1000,1554,1554,2.3838062,-0.02748,-1,-1,-1,0,0,0,136,1,1,0,0.0000000,0.0000000,0.0000000,0,0,0,0
756873745574958 D 478,2285569339,1000,1554,1554,2.3838062,-0.02640,-1,-1,-1,0,0,0,136,1,1,0,0.0000000,0.0000000,0.0000000,0,0,0,0
756873746578500 D 479,2285570339,1000,1555,1555,2.3853402,0.03478,-1,-1,-1,0,0,0,136,1,1,0,0.0000000,0.0000000,0.0000000,0,0,0,0
756873747572458 D 480,2285571339,1000,1555,1555,2.3853402,0.03342,-1,-1,-1,0,0,0,136,1,1,0,0.0000000,0.0000000,0.0000000,0,0,0,0
756873748623375 D 481,2285572339,1000,1555,1555,2.3853402,0.03211,-1,-1,-1,0,0,0,136,1,1,0,0.0000000,0.0000000,0.0000000,0,0,0,0
756873749602083 D 482,2285573339,1000,1555,1555,2.3853402,0.03085,-1,-1,-1,0,0,0,136,1,1,0,0.0000000,0.0000000,0.0000000,0,0,0,0
756873750581458 D 483,2285574339,1000,1555,1555,2.3853402,0.02964,-1,-1,-1,0,0,0,136,1,1,0,0.0000000,0.0000000,0.0000000,0,0,0,0
756873751575458 D 484,2285575339,1000,1555,1555,2.3853402,0.02848,-1,-1,-1,0,0,0,136,1,1,0,0.0000000,0.0000000,0.0000000,0,0,0,0
756873752584916 D 485,2285576339,1000,1554,1554,2.3838062,-0.03279,-1,-1,-1,0,0,0,136,1,1,0,0.0000000,0.0000000,0.0000000,0,0,0,0
756873753594083 D 486,2285577339,1000,1555,1555,2.3853402,0.02865,-1,-1,-1,0,0,0,136,1,1,0,0.0000000,0.0000000,0.0000000,0,0,0,0
756873754575166 D 487,2285578339,1000,1555,1555,2.3853402,0.02752,-1,-1,-1,0,0,0,136,1,1,0,0.0000000,0.0000000,0.0000000,0,0,0,0
756873755584916 D 488,2285579339,1000,1554,1554,2.3838062,-0.03370,-1,-1,-1,0,0,0,136,1,1,0,0.0000000,0.0000000,0.0000000,0,0,0,0
756873756585041 D 489,2285580339,1000,1555,1555,2.3853402,0.02777,-1,-1,-1,0,0,0,136,1,1,0,0.0000000,0.0000000,0.0000000,0,0,0,0
756873757578791 D 490,2285581339,1000,1555,1555,2.3853402,0.02668,-1,-1,-1,0,0,0,136,1,1,0,0.0000000,0.0000000,0.0000000,0,0,0,0
756873758593458 D 491,2285582339,1000,1555,1555,2.3853402,0.02563,-1,-1,-1,0,0,0,136,1,1,0,0.0000000,0.0000000,0.0000000,0,0,0,0
756873759568541 D 492,2285583339,1000,1555,1555,2.3853402,0.02463,-1,-1,-1,0,0,0,136,1,1,0,0.0000000,0.0000000,0.0000000,0,0,0,0
756873760590416 D 493,2285584339,1000,1554,1554,2.3838062,-0.03649,-1,-1,-1,0,0,0,136,1,1,0,0.0000000,0.0000000,0.0000000,0,0,0,0
756873761604875 D 494,2285585339,1000,1555,1555,2.3853402,0.02509,-1,-1,-1,0,0,0,136,1,1,0,0.0000000,0.0000000,0.0000000,0,0,0,0
756873762572166 D 495,2285586339,1000,1555,1555,2.3853402,0.02411,-1,-1,-1,0,0,0,136,1,1,0,0.0000000,0.0000000,0.0000000,0,0,0,0
756873763570375 D 496,2285587339,1000,1555,1555,2.3853402,0.02316,-1,-1,-1,0,0,0,136,1,1,0,0.0000000,0.0000000,0.0000000,0,0,0,0
756873764616208 D 497,2285588339,1000,1554,1554,2.3838062,-0.03789,-1,-1,-1,0,0,0,136,1,1,0,0.0000000,0.0000000,0.0000000,0,0,0,0
756873765798333 D 498,2285589339,1000,1555,1555,2.3853402,0.02374,-1,-1,-1,0,0,0,136,1,1,0,0.0000000,0.0000000,0.0000000,0,0,0,0
756873766792083 D 499,2285590339,1000,1555,1555,2.3853402,0.02281,-1,-1,-1,0,0,0,136,1,1,0,0.0000000,0.0000000,0.0000000,0,0,0,0
756873767786125 D 500,2285591339,1000,1554,1554,2.3838062,-0.03823,-1,-1,-1,0,0,0,136,1,1,0,0.0000000,0.0000000,0.0000000,0,0,0,0
756873768613875 D 501,2285592339,1000,1554,1554,2.3838062,-0.03673,-1,-1,-1,0,0,0,136,1,1,0,0.0000000,0.0000000,0.0000000,0,0,0,0
756873769673916 D 502,2285593339,1000,1555,1555,2.3853402,0.02485,-1,-1,-1,0,0,0,136,1,1,0,0.0000000,0.0000000,0.0000000,0,0,0,0
756873770598458 D 503,2285594339,1000,1555,1555,2.3853402,0.02388,-1,-1,-1,0,0,0,136,1,1,0,0.0000000,0.0000000,0.0000000,0,0,0,0
756873771624875 D 504,2285595339,1000,1555,1555,2.3853402,0.02294,-1,-1,-1,0,0,0,136,1,1,0,0.0000000,0.0000000,0.0000000,0,0,0,0
756873772607583 D 505,2285596339,1000,1554,1554,2.3838062,-0.03810,-1,-1,-1,0,0,0,136,1,1,0,0.0000000,0.0000000,0.0000000,0,0,0,0
756873773637666 D 506,2285597339,1000,1555,1555,2.3853402,0.02354,-1,-1,-1,0,0,0,136,1,1,0,0.0000000,0.0000000,0.0000000,0,0,0,0
756873774643291 D 507,2285598339,1000,1554,1554,2.3838062,-0.03753,-1,-1,-1,0,0,0,136,1,1,0,0.0000000,0.0000000,0.0000000,0,0,0,0
756873775608500 D 508,2285599339,1000,1555,1555,2.3853402,0.02409,-1,-1,-1,0,0,0,136,1,1,0,0.0000000,0.0000000,0.0000000,0,0,0,0
756873776585500 D 509,2285600339,1000,1554,1554,2.3838062,-0.03701,-1,-1,-1,0,0,0,136,1,1,0,0.0000000,0.0000000,0.0000000,0,0,0,0
756873777582708 D 510,2285601339,1000,1554,1554,2.3838062,-0.03556,-1,-1,-1,0,0,0,136,1,1,0,0.0000000,0.0000000,0.0000000,0,0,0,0
756873779023666 D 511,2285602339,1000,1554,1554,2.3838062,-0.03416,39,128,2035,0,0,0,136,1,1,0,0.0000000,0.0000000,0.0000000,0,0,0,0
756873779639041 D 512,2285603339,1000,1555,1555,2.3853402,0.02733,-1,-1,-1,0,0,0,135,1,1,0,0.0000000,0.0000000,0.0000000,0,0,0,0
756873780590375 D 513,2285604339,1000,1555,1555,2.3853402,0.02626,-1,-1,-1,0,0,0,136,1,1,0,0.0000000,0.0000000,0.0000000,0,0,0,0
756873781589500 D 514,2285605339,1000,1555,1555,2.3853402,0.02523,-1,-1,-1,0,0,0,136,1,1,0,0.0000000,0.0000000,0.0000000,0,0,0,0
756873782575333 D 515,2285606339,1000,1555,1555,2.3853402,0.02424,-1,-1,-1,0,0,0,136,1,1,0,0.0000000,0.0000000,0.0000000,0,0,0,0
756873783590500 D 516,2285607339,1000,1555,1555,2.3853402,0.02329,-1,-1,-1,0,0,0,136,1,1,0,0.0000000,0.0000000,0.0000000,0,0,0,0
756873784610375 D 517,2285608339,1000,1555,1555,2.3853402,0.02237,-1,-1,-1,0,0,0,136,1,1,0,0.0000000,0.0000000,0.0000000,0,0,0,0
756873785588541 D 518,2285609339,1000,1555,1555,2.3853402,0.02150,-1,-1,-1,0,0,0,136,1,1,0,0.0000000,0.0000000,0.0000000,0,0,0,0
756873786615625 D 519,2285610339,1000,1554,1554,2.3838062,-0.03950,-1,-1,-1,0,0,0,136,1,1,0,0.0000000,0.0000000,0.0000000,0,0,0,0
756873787620500 D 520,2285611339,1000,1555,1555,2.3853402,0.02220,-1,-1,-1,0,0,0,136,1,1,0,0.0000000,0.0000000,0.0000000,0,0,0,0
756873788583666 D 521,2285612339,1000,1555,1555,2.3853402,0.02133,-1,-1,-1,0,0,0,136,1,1,0,0.0000000,0.0000000,0.0000000,0,0,0,0
756873789581208 D 522,2285613339,1000,1555,1555,2.3853402,0.02049,-1,-1,-1,0,0,0,136,1,1,0,0.0000000,0.0000000,0.0000000,0,0,0,0
756873790579750 D 523,2285614339,1000,1555,1555,2.3853402,0.01969,-1,-1,-1,0,0,0,136,1,1,0,0.0000000,0.0000000,0.0000000,0,0,0,0
756873791575916 D 524,2285615339,1000,1555,1555,2.3853402,0.01892,-1,-1,-1,0,0,0,136,1,1,0,0.0000000,0.0000000,0.0000000,0,0,0,0
756873792610750 D 525,2285616339,1000,1555,1555,2.3853402,0.01818,-1,-1,-1,0,0,0,136,1,1,0,0.0000000,0.0000000,0.0000000,0,0,0,0
756873793598083 D 526,2285617339,1000,1554,1554,2.3838062,-0.04268,-1,-1,-1,0,0,0,135,1,1,0,0.0000000,0.0000000,0.0000000,0,0,0,0
756873794580041 D 527,2285618339,1000,1555,1555,2.3853402,0.01914,-1,-1,-1,0,0,0,136,1,1,0,0.0000000,0.0000000,0.0000000,0,0,0,0
756873795592541 D 528,2285619339,1000,1555,1555,2.3853402,0.01839,-1,-1,-1,0,0,0,136,1,1,0,0.0000000,0.0000000,0.0000000,0,0,0,0
756873796825500 D 529,2285620339,1000,1554,1554,2.3838062,-0.04248,-1,-1,-1,0,0,0,136,1,1,0,0.0000000,0.0000000,0.0000000,0,0,0,0
756873797812125 D 530,2285621339,1000,1554,1554,2.3838062,-0.04082,-1,-1,-1,0,0,0,136,1,1,0,0.0000000,0.0000000,0.0000000,0,0,0,0
756873798794791 D 531,2285622339,1000,1555,1555,2.3853402,0.02093,-1,-1,-1,0,0,0,136,1,1,0,0.0000000,0.0000000,0.0000000,0,0,0,0
756873799651916 D 532,2285623339,1000,1555,1555,2.3853402,0.02011,-1,-1,-1,0,0,0,136,1,1,0,0.0000000,0.0000000,0.0000000,0,0,0,0
756873800611000 D 533,2285624339,1000,1555,1555,2.3853402,0.01932,-1,-1,-1,0,0,0,136,1,1,0,0.0000000,0.0000000,0.0000000,0,0,0,0
756873801580583 D 534,2285625339,1000,1555,1555,2.3853402,0.01857,-1,-1,-1,0,0,0,136,1,1,0,0.0000000,0.0000000,0.0000000,0,0,0,0
756873802573041 D 535,2285626339,1000,1555,1555,2.3853402,0.01784,-1,-1,-1,0,0,0,136,1,1,0,0.0000000,0.0000000,0.0000000,0,0,0,0
756873803581666 D 536,2285627339,1000,1555,1555,2.3853402,0.01714,-1,-1,-1,0,0,0,136,1,1,0,0.0000000,0.0000000,0.0000000,0,0,0,0
756873804573250 D 537,2285628339,1000,1555,1555,2.3853402,0.01647,-1,-1,-1,0,0,0,136,1,1,0,0.0000000,0.0000000,0.0000000,0,0,0,0
756873805576125 D 538,2285629339,1000,1554,1554,2.3838062,-0.04433,-1,-1,-1,0,0,0,136,1,1,0,0.0000000,0.0000000,0.0000000,0,0,0,0
756873806570750 D 539,2285630339,1000,1554,1554,2.3838062,-0.04259,-1,-1,-1,0,0,0,136,1,1,0,0.0000000,0.0000000,0.0000000,0,0,0,0
756873807580625 D 540,2285631339,1000,1554,1554,2.3838062,-0.04092,-1,-1,-1,0,0,0,136,1,1,0,0.0000000,0.0000000,0.0000000,0,0,0,0
756873808579083 D 541,2285632339,1000,1555,1555,2.3853402,0.02083,-1,-1,-1,0,0,0,136,1,1,0,0.0000000,0.0000000,0.0000000,0,0,0,0
756873809572500 D 542,2285633339,1000,1554,1554,2.3838062,-0.04013,-1,-1,-1,0,0,0,136,1,1,0,0.0000000,0.0000000,0.0000000,0,0,0,0
756873810565666 D 543,2285634339,1000,1555,1555,2.3853402,0.02159,-1,-1,-1,0,0,0,136,1,1,0,0.0000000,0.0000000,0.0000000,0,0,0,0
756873811597750 D 544,2285635339,1000,1554,1554,2.3838062,-0.03940,-1,-1,-1,0,0,0,136,1,1,0,0.0000000,0.0000000,0.0000000,0,0,0,0
756873812600875 D 545,2285636339,1000,1555,1555,2.3853402,0.02229,-1,-1,-1,0,0,0,136,1,1,0,0.0000000,0.0000000,0.0000000,0,0,0,0
756873813576291 D 546,2285637339,1000,1554,1554,2.3838062,-0.03873,-1,-1,-1,0,0,0,136,1,1,0,0.0000000,0.0000000,0.0000000,0,0,0,0
756873814578541 D 547,2285638339,1000,1555,1555,2.3853402,0.02293,-1,-1,-1,0,0,0,136,1,1,0,0.0000000,0.0000000,0.0000000,0,0,0,0
756873815599000 D 548,2285639339,1000,1555,1555,2.3853402,0.02203,-1,-1,-1,0,0,0,136,1,1,0,0.0000000,0.0000000,0.0000000,0,0,0,0
756873816612708 D 549,2285640339,1000,1554,1554,2.3838062,-0.03898,-1,-1,-1,0,0,0,136,1,1,0,0.0000000,0.0000000,0.0000000,0,0,0,0
756873817557250 D 550,2285641339,1000,1555,1555,2.3853402,0.02270,-1,-1,-1,0,0,0,136,1,1,0,0.0000000,0.0000000,0.0000000,0,0,0,0
756873818568541 D 551,2285642339,1000,1555,1555,2.3853402,0.02181,-1,-1,-1,0,0,0,136,1,1,0,0.0000000,0.0000000,0.0000000,0,0,0,0
756873819560958 D 552,2285643339,1000,1555,1555,2.3853402,0.02095,-1,-1,-1,0,0,0,136,1,1,0,0.0000000,0.0000000,0.0000000,0,0,0,0
756873820563750 D 553,2285644339,1000,1555,1555,2.3853402,0.02013,-1,-1,-1,0,0,0,136,1,1,0,0.0000000,0.0000000,0.0000000,0,0,0,0
756873821583666 D 554,2285645339,1000,1555,1555,2.3853402,0.01934,-1,-1,-1,0,0,0,136,1,1,0,0.0000000,0.0000000,0.0000000,0,0,0,0
756873822586375 D 555,2285646339,1000,1555,1555,2.3853402,0.01858,-1,-1,-1,0,0,0,136,1,1,0,0.0000000,0.0000000,0.0000000,0,0,0,0
756873823567791 D 556,2285647339,1000,1555,1555,2.3853402,0.01786,-1,-1,-1,0,0,0,136,1,1,0,0.0000000,0.0000000,0.0000000,0,0,0,0
756873824869375 D 557,2285648339,1000,1555,1555,2.3853402,0.01716,-1,-1,-1,0,0,0,136,1,1,0,0.0000000,0.0000000,0.0000000,0,0,0,0
756873825786750 D 558,2285649339,1000,1555,1555,2.3853402,0.01648,-1,-1,-1,0,0,0,136,1,1,0,0.0000000,0.0000000,0.0000000,0,0,0,0
756873826834416 D 559,2285650339,1000,1554,1554,2.3838062,-0.04431,-1,-1,-1,0,0,0,136,1,1,0,0.0000000,0.0000000,0.0000000,0,0,0,0
756873827596291 D 560,2285651339,1000,1555,1555,2.3853402,0.01757,-1,-1,-1,0,0,0,136,1,1,0,0.0000000,0.0000000,0.0000000,0,0,0,0
756873829019166 D 561,2285652339,1000,1555,1555,2.3853402,0.01688,39,128,2035,0,0,0,135,1,1,0,0.0000000,0.0000000,0.0000000,0,0,0,0
756873829632208 D 562,2285653339,1000,1554,1554,2.3838062,-0.04393,-1,-1,-1,0,0,0,136,1,1,0,0.0000000,0.0000000,0.0000000,0,0,0,0
756873830562000 D 563,2285654339,1000,1555,1555,2.3853402,0.01794,-1,-1,-1,0,0,0,136,1,1,0,0.0000000,0.0000000,0.0000000,0,0,0,0
756873831608583 D 564,2285655339,1000,1555,1555,2.3853402,0.01724,-1,-1,-1,0,0,0,136,1,1,0,0.0000000,0.0000000,0.0000000,0,0,0,0
756873832581375 D 565,2285656339,1000,1555,1555,2.3853402,0.01657,-1,-1,-1,0,0,0,136,1,1,0,0.0000000,0.0000000,0.0000000,0,0,0,0
756873833575250 D 566,2285657339,1000,1555,1555,2.3853402,0.01592,-1,-1,-1,0,0,0,136,1,1,0,0.0000000,0.0000000,0.0000000,0,0,0,0
756873834571625 D 567,2285658339,1000,1554,1554,2.3838062,-0.04486,-1,-1,-1,0,0,0,136,1,1,0,0.0000000,0.0000000,0.0000000,0,0,0,0
756873835561916 D 568,2285659339,1000,1555,1555,2.3853402,0.01705,-1,-1,-1,0,0,0,136,1,1,0,0.0000000,0.0000000,0.0000000,0,0,0,0
756873836573291 D 569,2285660339,1000,1555,1555,2.3853402,0.01638,-1,-1,-1,0,0,0,136,1,1,0,0.0000000,0.0000000,0.0000000,0,0,0,0
756873837590500 D 570,2285661339,1000,1554,1554,2.3838062,-0.04441,-1,-1,-1,0,0,0,136,1,1,0,0.0000000,0.0000000,0.0000000,0,0,0,0
756873838575958 D 571,2285662339,1000,1555,1555,2.3853402,0.01748,-1,-1,-1,0,0,0,136,1,1,0,0.0000000,0.0000000,0.0000000,0,0,0,0
756873839569000 D 572,2285663339,1000,1555,1555,2.3853402,0.01680,-1,-1,-1,0,0,0,136,1,1,0,0.0000000,0.0000000,0.0000000,0,0,0,0
756873840569666 D 573,2285664339,1000,1555,1555,2.3853402,0.01614,-1,-1,-1,0,0,0,136,1,1,0,0.0000000,0.0000000,0.0000000,0,0,0,0
756873841589958 D 574,2285665339,1000,1554,1554,2.3838062,-0.04464,-1,-1,-1,0,0,0,136,1,1,0,0.0000000,0.0000000,0.0000000,0,0,0,0
756873842644583 D 575,2285666339,1000,1555,1555,2.3853402,0.01725,-1,-1,-1,0,0,0,136,1,1,0,0.0000000,0.0000000,0.0000000,0,0,0,0
756873843630625 D 576,2285667339,1000,1555,1555,2.3853402,0.01658,-1,-1,-1,0,0,0,136,1,1,0,0.0000000,0.0000000,0.0000000,0,0,0,0
756873844798166 D 577,2285668339,1000,1555,1555,2.3853402,0.01593,-1,-1,-1,0,0,0,136,1,1,0,0.0000000,0.0000000,0.0000000,0,0,0,0
756873845810875 D 578,2285669339,1000,1555,1555,2.3853402,0.01530,-1,-1,-1,0,0,0,136,1,1,0,0.0000000,0.0000000,0.0000000,0,0,0,0
756873846735291 D 579,2285670339,1000,1555,1555,2.3853402,0.01470,-1,-1,-1,0,0,0,136,1,1,0,0.0000000,0.0000000,0.0000000,0,0,0,0
756873847641625 D 580,2285671339,1000,1554,1554,2.3838062,-0.04602,-1,-1,-1,0,0,0,136,1,1,0,0.0000000,0.0000000,0.0000000,0,0,0,0
756873848666416 D 581,2285672339,1000,1555,1555,2.3853402,0.01593,-1,-1,-1,0,0,0,136,1,1,0,0.0000000,0.0000000,0.0000000,0,0,0,0
756873849601541 D 582,2285673339,1000,1555,1555,2.3853402,0.01531,-1,-1,-1,0,0,0,136,1,1,0,0.0000000,0.0000000,0.0000000,0,0,0,0
756873850596666 D 583,2285674339,1000,1554,1554,2.3838062,-0.04544,-1,-1,-1,0,0,0,136,1,1,0,0.0000000,0.0000000,0.0000000,0,0,0,0
756873851589791 D 584,2285675339,1000,1554,1554,2.3838062,-0.04366,-1,-1,-1,0,0,0,136,1,1,0,0.0000000,0.0000000,0.0000000,0,0,0,0
756873852582416 D 585,2285676339,1000,1555,1555,2.3853402,0.01820,-1,-1,-1,0,0,0,136,1,1,0,0.0000000,0.0000000,0.0000000,0,0,0,0
756873853586416 D 586,2285677339,1000,1555,1555,2.3853402,0.01749,-1,-1,-1,0,0,0,136,1,1,0,0.0000000,0.0000000,0.0000000,0,0,0,0
756873854565666 D 587,2285678339,1000,1555,1555,2.3853402,0.01680,-1,-1,-1,0,0,0,136,1,1,0,0.0000000,0.0000000,0.0000000,0,0,0,0
756873855581125 D 588,2285679339,1000,1555,1555,2.3853402,0.01614,-1,-1,-1,0,0,0,136,1,1,0,0.0000000,0.0000000,0.0000000,0,0,0,0
756873856573333 D 589,2285680339,1000,1554,1554,2.3838062,-0.04464,-1,-1,-1,0,0,0,136,1,1,0,0.0000000,0.0000000,0.0000000,0,0,0,0
756873857568791 D 590,2285681339,1000,1555,1555,2.3853402,0.01726,-1,-1,-1,0,0,0,136,1,1,0,0.0000000,0.0000000,0.0000000,0,0,0,0
756873858831708 D 591,2285682339,1000,1554,1554,2.3838062,-0.04357,-1,-1,-1,0,0,0,136,1,1,0,0.0000000,0.0000000,0.0000000,0,0,0,0
756873859809375 D 592,2285683339,1000,1555,1555,2.3853402,0.01829,-1,-1,-1,0,0,0,136,1,1,0,0.0000000,0.0000000,0.0000000,0,0,0,0
756873860680625 D 593,2285684339,1000,1555,1555,2.3853402,0.01757,-1,-1,-1,0,0,0,136,1,1,0,0.0000000,0.0000000,0.0000000,0,0,0,0
756873861635625 D 594,2285685339,1000,1555,1555,2.3853402,0.01688,-1,-1,-1,0,0,0,136,1,1,0,0.0000000,0.0000000,0.0000000,0,0,0,0
756873862662916 D 595,2285686339,1000,1555,1555,2.3853402,0.01622,-1,-1,-1,0,0,0,136,1,1,0,0.0000000,0.0000000,0.0000000,0,0,0,0
756873863634875 D 596,2285687339,1000,1555,1555,2.3853402,0.01559,-1,-1,-1,0,0,0,136,1,1,0,0.0000000,0.0000000,0.0000000,0,0,0,0
756873864610791 D 597,2285688339,1000,1555,1555,2.3853402,0.01498,-1,-1,-1,0,0,0,136,1,1,0,0.0000000,0.0000000,0.0000000,0,0,0,0
756873865595375 D 598,2285689339,1000,1555,1555,2.3853402,0.01439,-1,-1,-1,0,0,0,136,1,1,0,0.0000000,0.0000000,0.0000000,0,0,0,0
756873866676416 D 599,2285690339,1000,1555,1555,2.3853402,0.01382,-1,-1,-1,0,0,0,136,1,1,0,0.0000000,0.0000000,0.0000000,0,0,0,0
756873867599375 D 600,2285691339,1000,1554,1554,2.3838062,-0.04687,-1,-1,-1,0,0,0,136,1,1,0,0.0000000,0.0000000,0.0000000,0,0,0,0
756873868612333 D 601,2285692339,1000,1555,1555,2.3853402,0.01512,-1,-1,-1,0,0,0,136,1,1,0,0.0000000,0.0000000,0.0000000,0,0,0,0
756873869636791 D 602,2285693339,1000,1555,1555,2.3853402,0.01453,-1,-1,-1,0,0,0,136,1,1,0,0.0000000,0.0000000,0.0000000,0,0,0,0
756873870643333 D 603,2285694339,1000,1554,1554,2.3838062,-0.04619,-1,-1,-1,0,0,0,136,1,1,0,0.0000000,0.0000000,0.0000000,0,0,0,0
756873871610708 D 604,2285695339,1000,1555,1555,2.3853402,0.01577,-1,-1,-1,0,0,0,136,1,1,0,0.0000000,0.0000000,0.0000000,0,0,0,0
756873872607791 D 605,2285696339,1000,1554,1554,2.3838062,-0.04500,-1,-1,-1,0,0,0,136,1,1,0,0.0000000,0.0000000,0.0000000,0,0,0,0
756873873596416 D 606,2285697339,1000,1555,1555,2.3853402,0.01691,-1,-1,-1,0,0,0,136,1,1,0,0.0000000,0.0000000,0.0000000,0,0,0,0
756873874593708 D 607,2285698339,1000,1554,1554,2.3838062,-0.04390,-1,-1,-1,0,0,0,136,1,1,0,0.0000000,0.0000000,0.0000000,0,0,0,0
756873875587250 D 608,2285699339,1000,1555,1555,2.3853402,0.01797,-1,-1,-1,0,0,0,136,1,1,0,0.0000000,0.0000000,0.0000000,0,0,0,0
756873876575541 D 609,2285700339,1000,1555,1555,2.3853402,0.01727,-1,-1,-1,0,0,0,136,1,1,0,0.0000000,0.0000000,0.0000000,0,0,0,0
756873877589458 D 610,2285701339,1000,1555,1555,2.3853402,0.01659,-1,-1,-1,0,0,0,136,1,1,0,0.0000000,0.0000000,0.0000000,0,0,0,0
756873879002208 D 611,2285702339,1000,1555,1555,2.3853402,0.01594,39,128,2034,0,0,0,136,1,1,0,0.0000000,0.0000000,0.0000000,0,0,0,0
756873879616708 D 612,2285703339,1000,1555,1555,2.3853402,0.01532,-1,-1,-1,0,0,0,136,1,1,0,0.0000000,0.0000000,0.0000000,0,0,0,0
756873880577583 D 613,2285704339,1000,1555,1555,2.3853402,0.01471,-1,-1,-1,0,0,0,136,1,1,0,0.0000000,0.0000000,0.0000000,0,0,0,0
756873881587208 D 614,2285705339,1000,1555,1555,2.3853402,0.01414,-1,-1,-1,0,0,0,136,1,1,0,0.0000000,0.0000000,0.0000000,0,0,0,0
756873882572250 D 615,2285706339,1000,1555,1555,2.3853402,0.01358,-1,-1,-1,0,0,0,136,1,1,0,0.0000000,0.0000000,0.0000000,0,0,0,0
756873883582583 D 616,2285707339,1000,1555,1555,2.3853402,0.01305,-1,-1,-1,0,0,0,136,1,1,0,0.0000000,0.0000000,0.0000000,0,0,0,0
756873884583708 D 617,2285708339,1000,1554,1554,2.3838062,-0.04761,-1,-1,-1,0,0,0,136,1,1,0,0.0000000,0.0000000,0.0000000,0,0,0,0
756873885575625 D 618,2285709339,1000,1555,1555,2.3853402,0.01441,-1,-1,-1,0,0,0,136,1,1,0,0.0000000,0.0000000,0.0000000,0,0,0,0
756873886569916 D 619,2285710339,1000,1555,1555,2.3853402,0.01384,-1,-1,-1,0,0,0,136,1,1,0,0.0000000,0.0000000,0.0000000,0,0,0,0
756873887813083 D 620,2285711339,1000,1555,1555,2.3853402,0.01330,-1,-1,-1,0,0,0,136,1,1,0,0.0000000,0.0000000,0.0000000,0,0,0,0
756873888802083 D 621,2285712339,1000,1554,1554,2.3838062,-0.04737,-1,-1,-1,0,0,0,136,1,1,0,0.0000000,0.0000000,0.0000000,0,0,0,0
756873889805083 D 622,2285713339,1000,1555,1555,2.3853402,0.01463,-1,-1,-1,0,0,0,136,1,1,0,0.0000000,0.0000000,0.0000000,0,0,0,0
756873890585458 D 623,2285714339,1000,1555,1555,2.3853402,0.01406,-1,-1,-1,0,0,0,136,1,1,0,0.0000000,0.0000000,0.0000000,0,0,0,0
756873891574083 D 624,2285715339,1000,1554,1554,2.3838062,-0.04664,-1,-1,-1,0,0,0,136,1,1,0,0.0000000,0.0000000,0.0000000,0,0,0,0
756873892579208 D 625,2285716339,1000,1555,1555,2.3853402,0.01534,-1,-1,-1,0,0,0,136,1,1,0,0.0000000,0.0000000,0.0000000,0,0,0,0
756873893589916 D 626,2285717339,1000,1554,1554,2.3838062,-0.04541,-1,-1,-1,0,0,0,136,1,1,0,0.0000000,0.0000000,0.0000000,0,0,0,0
756873894616416 D 627,2285718339,1000,1555,1555,2.3853402,0.01652,-1,-1,-1,0,0,0,136,1,1,0,0.0000000,0.0000000,0.0000000,0,0,0,0
756873895587375 D 628,2285719339,1000,1554,1554,2.3838062,-0.04428,-1,-1,-1,0,0,0,136,1,1,0,0.0000000,0.0000000,0.0000000,0,0,0,0
756873896577375 D 629,2285720339,1000,1555,1555,2.3853402,0.01761,-1,-1,-1,0,0,0,136,1,1,0,0.0000000,0.0000000,0.0000000,0,0,0,0
756873897573375 D 630,2285721339,1000,1555,1555,2.3853402,0.01692,-1,-1,-1,0,0,0,136,1,1,0,0.0000000,0.0000000,0.0000000,0,0,0,0
756873898579916 D 631,2285722339,1000,1555,1555,2.3853402,0.01625,-1,-1,-1,0,0,0,136,1,1,0,0.0000000,0.0000000,0.0000000,0,0,0,0
756873899578083 D 632,2285723339,1000,1554,1554,2.3838062,-0.04453,-1,-1,-1,0,0,0,136,1,1,0,0.0000000,0.0000000,0.0000000,0,0,0,0
756873900581500 D 633,2285724339,1000,1554,1554,2.3838062,-0.04279,-1,-1,-1,0,0,0,136,1,1,0,0.0000000,0.0000000,0.0000000,0,0,0,0
756873901566875 D 634,2285725339,1000,1554,1554,2.3838062,-0.04111,-1,-1,-1,0,0,0,136,1,1,0,0.0000000,0.0000000,0.0000000,0,0,0,0
756873902565875 D 635,2285726339,1000,1555,1555,2.3853402,0.02065,-1,-1,-1,0,0,0,136,1,1,0,0.0000000,0.0000000,0.0000000,0,0,0,0
756873903567833 D 636,2285727339,1000,1555,1555,2.3853402,0.01984,-1,-1,-1,0,0,0,136,1,1,0,0.0000000,0.0000000,0.0000000,0,0,0,0
756873904570041 D 637,2285728339,1000,1555,1555,2.3853402,0.01906,-1,-1,-1,0,0,0,136,1,1,0,0.0000000,0.0000000,0.0000000,0,0,0,0
756873905572541 D 638,2285729339,1000,1555,1555,2.3853402,0.01832,-1,-1,-1,0,0,0,135,1,1,0,0.0000000,0.0000000,0.0000000,0,0,0,0
756873906577416 D 639,2285730339,1000,1554,1554,2.3838062,-0.04255,-1,-1,-1,0,0,0,136,1,1,0,0.0000000,0.0000000,0.0000000,0,0,0,0
756873907576125 D 640,2285731339,1000,1554,1554,2.3838062,-0.04088,-1,-1,-1,0,0,0,136,1,1,0,0.0000000,0.0000000,0.0000000,0,0,0,0
756873908575916 D 641,2285732339,1000,1555,1555,2.3853402,0.02087,-1,-1,-1,0,0,0,136,1,1,0,0.0000000,0.0000000,0.0000000,0,0,0,0
756873909585541 D 642,2285733339,1000,1555,1555,2.3853402,0.02005,-1,-1,-1,0,0,0,136,1,1,0,0.0000000,0.0000000,0.0000000,0,0,0,0
756873910593208 D 643,2285734339,1000,1554,1554,2.3838062,-0.04088,-1,-1,-1,0,0,0,136,1,1,0,0.0000000,0.0000000,0.0000000,0,0,0,0
756873911569166 D 644,2285735339,1000,1555,1555,2.3853402,0.02087,-1,-1,-1,0,0,0,136,1,1,0,0.0000000,0.0000000,0.0000000,0,0,0,0
756873912574833 D 645,2285736339,1000,1555,1555,2.3853402,0.02005,-1,-1,-1,0,0,0,136,1,1,0,0.0000000,0.0000000,0.0000000,0,0,0,0
756873913565666 D 646,2285737339,1000,1555,1555,2.3853402,0.01926,-1,-1,-1,0,0,0,136,1,1,0,0.0000000,0.0000000,0.0000000,0,0,0,0
756873914567125 D 647,2285738339,1000,1555,1555,2.3853402,0.01851,-1,-1,-1,0,0,0,136,1,1,0,0.0000000,0.0000000,0.0000000,0,0,0,0
756873915796791 D 648,2285739339,1000,1555,1555,2.3853402,0.01778,-1,-1,-1,0,0,0,136,1,1,0,0.0000000,0.0000000,0.0000000,0,0,0,0
756873916784833 D 649,2285740339,1000,1555,1555,2.3853402,0.01708,-1,-1,-1,0,0,0,136,1,1,0,0.0000000,0.0000000,0.0000000,0,0,0,0
756873917720708 D 650,2285741339,1000,1555,1555,2.3853402,0.01641,-1,-1,-1,0,0,0,136,1,1,0,0.0000000,0.0000000,0.0000000,0,0,0,0
756873918564708 D 651,2285742339,1000,1554,1554,2.3838062,-0.04438,-1,-1,-1,0,0,0,136,1,1,0,0.0000000,0.0000000,0.0000000,0,0,0,0
756873919579333 D 652,2285743339,1000,1555,1555,2.3853402,0.01751,-1,-1,-1,0,0,0,136,1,1,0,0.0000000,0.0000000,0.0000000,0,0,0,0
756873920616875 D 653,2285744339,1000,1554,1554,2.3838062,-0.04332,-1,-1,-1,0,0,0,136,1,1,0,0.0000000,0.0000000,0.0000000,0,0,0,0
756873921593458 D 654,2285745339,1000,1555,1555,2.3853402,0.01852,-1,-1,-1,0,0,0,136,1,1,0,0.0000000,0.0000000,0.0000000,0,0,0,0
756873922594375 D 655,2285746339,1000,1555,1555,2.3853402,0.01780,-1,-1,-1,0,0,0,136,1,1,0,0.0000000,0.0000000,0.0000000,0,0,0,0
756873923594666 D 656,2285747339,1000,1554,1554,2.3838062,-0.04305,-1,-1,-1,0,0,0,136,1,1,0,0.0000000,0.0000000,0.0000000,0,0,0,0
756873924575666 D 657,2285748339,1000,1555,1555,2.3853402,0.01879,-1,-1,-1,0,0,0,136,1,1,0,0.0000000,0.0000000,0.0000000,0,0,0,0
756873925619375 D 658,2285749339,1000,1554,1554,2.3838062,-0.04210,-1,-1,-1,0,0,0,136,1,1,0,0.0000000,0.0000000,0.0000000,0,0,0,0
756873926597791 D 659,2285750339,1000,1554,1554,2.3838062,-0.04045,-1,-1,-1,0,0,0,136,1,1,0,0.0000000,0.0000000,0.0000000,0,0,0,0
756873927581916 D 660,2285751339,1000,1555,1555,2.3853402,0.02129,-1,-1,-1,0,0,0,136,1,1,0,0.0000000,0.0000000,0.0000000,0,0,0,0
756873929016000 D 661,2285752339,1000,1554,1554,2.3838062,-0.03970,39,128,2034,0,0,0,136,1,1,0,0.0000000,0.0000000,0.0000000,0,0,0,0
756873929627666 D 662,2285753339,1000,1555,1555,2.3853402,0.02201,-1,-1,-1,0,0,0,136,1,1,0,0.0000000,0.0000000,0.0000000,0,0,0,0
756873930572666 D 663,2285754339,1000,1554,1554,2.3838062,-0.03900,-1,-1,-1,0,0,0,136,1,1,0,0.0000000,0.0000000,0.0000000,0,0,0,0
756873931800375 D 664,2285755339,1000,1554,1554,2.3838062,-0.03747,-1,-1,-1,0,0,0,136,1,1,0,0.0000000,0.0000000,0.0000000,0,0,0,0
756873932791041 D 665,2285756339,1000,1554,1554,2.3838062,-0.03600,-1,-1,-1,0,0,0,136,1,1,0,0.0000000,0.0000000,0.0000000,0,0,0,0
756873933684291 D 666,2285757339,1000,1555,1555,2.3853402,0.02556,-1,-1,-1,0,0,0,136,1,1,0,0.0000000,0.0000000,0.0000000,0,0,0,0
756873934604333 D 667,2285758339,1000,1555,1555,2.3853402,0.02455,-1,-1,-1,0,0,0,136,1,1,0,0.0000000,0.0000000,0.0000000,0,0,0,0
756873935586833 D 668,2285759339,1000,1555,1555,2.3853402,0.02359,-1,-1,-1,0,0,0,136,1,1,0,0.0000000,0.0000000,0.0000000,0,0,0,0
756873936577625 D 669,2285760339,1000,1555,1555,2.3853402,0.02267,-1,-1,-1,0,0,0,136,1,1,0,0.0000000,0.0000000,0.0000000,0,0,0,0
756873937576250 D 670,2285761339,1000,1555,1555,2.3853402,0.02178,-1,-1,-1,0,0,0,136,1,1,0,0.0000000,0.0000000,0.0000000,0,0,0,0
756873938568708 D 671,2285762339,1000,1555,1555,2.3853402,0.02092,-1,-1,-1,0,0,0,136,1,1,0,0.0000000,0.0000000,0.0000000,0,0,0,0
756873939577416 D 672,2285763339,1000,1554,1554,2.3838062,-0.04004,-1,-1,-1,0,0,0,136,1,1,0,0.0000000,0.0000000,0.0000000,0,0,0,0
756873940583041 D 673,2285764339,1000,1554,1554,2.3838062,-0.03847,-1,-1,-1,0,0,0,136,1,1,0,0.0000000,0.0000000,0.0000000,0,0,0,0
756873941617583 D 674,2285765339,1000,1555,1555,2.3853402,0.02318,-1,-1,-1,0,0,0,136,1,1,0,0.0000000,0.0000000,0.0000000,0,0,0,0
756873942818666 D 675,2285766339,1000,1555,1555,2.3853402,0.02227,-1,-1,-1,0,0,0,136,1,1,0,0.0000000,0.0000000,0.0000000,0,0,0,0
756873943805541 D 676,2285767339,1000,1555,1555,2.3853402,0.02140,-1,-1,-1,0,0,0,136,1,1,0,0.0000000,0.0000000,0.0000000,0,0,0,0
756873944794750 D 677,2285768339,1000,1554,1554,2.3838062,-0.03959,-1,-1,-1,0,0,0,136,1,1,0,0.0000000,0.0000000,0.0000000,0,0,0,0
756873945690166 D 678,2285769339,1000,1555,1555,2.3853402,0.02211,-1,-1,-1,0,0,0,136,1,1,0,0.0000000,0.0000000,0.0000000,0,0,0,0
756873946576833 D 679,2285770339,1000,1555,1555,2.3853402,0.02125,-1,-1,-1,0,0,0,136,1,1,0,0.0000000,0.0000000,0.0000000,0,0,0,0
756873947593166 D 680,2285771339,1000,1555,1555,2.3853402,0.02041,-1,-1,-1,0,0,0,136,1,1,0,0.0000000,0.0000000,0.0000000,0,0,0,0
756873948570291 D 681,2285772339,1000,1555,1555,2.3853402,0.01961,-1,-1,-1,0,0,0,136,1,1,0,0.0000000,0.0000000,0.0000000,0,0,0,0
756873949592166 D 682,2285773339,1000,1554,1554,2.3838062,-0.04130,-1,-1,-1,0,0,0,136,1,1,0,0.0000000,0.0000000,0.0000000,0,0,0,0
756873950600750 D 683,2285774339,1000,1555,1555,2.3853402,0.02046,-1,-1,-1,0,0,0,136,1,1,0,0.0000000,0.0000000,0.0000000,0,0,0,0
756873951583916 D 684,2285775339,1000,1555,1555,2.3853402,0.01966,-1,-1,-1,0,0,0,136,1,1,0,0.0000000,0.0000000,0.0000000,0,0,0,0
756873952577083 D 685,2285776339,1000,1554,1554,2.3838062,-0.04126,-1,-1,-1,0,0,0,136,1,1,0,0.0000000,0.0000000,0.0000000,0,0,0,0
756873953577541 D 686,2285777339,1000,1555,1555,2.3853402,0.02051,-1,-1,-1,0,0,0,136,1,1,0,0.0000000,0.0000000,0.0000000,0,0,0,0
756873954568333 D 687,2285778339,1000,1555,1555,2.3853402,0.01970,-1,-1,-1,0,0,0,136,1,1,0,0.0000000,0.0000000,0.0000000,0,0,0,0
756873955580750 D 688,2285779339,1000,1555,1555,2.3853402,0.01893,-1,-1,-1,0,0,0,136,1,1,0,0.0000000,0.0000000,0.0000000,0,0,0,0
756873956583208 D 689,2285780339,1000,1555,1555,2.3853402,0.01819,-1,-1,-1,0,0,0,136,1,1,0,0.0000000,0.0000000,0.0000000,0,0,0,0
756873957616125 D 690,2285781339,1000,1554,1554,2.3838062,-0.04267,-1,-1,-1,0,0,0,136,1,1,0,0.0000000,0.0000000,0.0000000,0,0,0,0
756873958584708 D 691,2285782339,1000,1555,1555,2.3853402,0.01915,-1,-1,-1,0,0,0,136,1,1,0,0.0000000,0.0000000,0.0000000,0,0,0,0
756873959571291 D 692,2285783339,1000,1555,1555,2.3853402,0.01840,-1,-1,-1,0,0,0,136,1,1,0,0.0000000,0.0000000,0.0000000,0,0,0,0
756873960851750 D 693,2285784339,1000,1555,1555,2.3853402,0.01768,-1,-1,-1,0,0,0,136,1,1,0,0.0000000,0.0000000,0.0000000,0,0,0,0
756873961807541 D 694,2285785339,1000,1555,1555,2.3853402,0.01698,-1,-1,-1,0,0,0,136,1,1,0,0.0000000,0.0000000,0.0000000,0,0,0,0
756873962821125 D 695,2285786339,1000,1555,1555,2.3853402,0.01632,-1,-1,-1,0,0,0,136,1,1,0,0.0000000,0.0000000,0.0000000,0,0,0,0
756873963626458 D 696,2285787339,1000,1555,1555,2.3853402,0.01568,-1,-1,-1,0,0,0,136,1,1,0,0.0000000,0.0000000,0.0000000,0,0,0,0
756873964582791 D 697,2285788339,1000,1555,1555,2.3853402,0.01506,-1,-1,-1,0,0,0,136,1,1,0,0.0000000,0.0000000,0.0000000,0,0,0,0
756873965564000 D 698,2285789339,1000,1555,1555,2.3853402,0.01447,-1,-1,-1,0,0,0,136,1,1,0,0.0000000,0.0000000,0.0000000,0,0,0,0
756873966606291 D 699,2285790339,1000,1554,1554,2.3838062,-0.04624,-1,-1,-1,0,0,0,136,1,1,0,0.0000000,0.0000000,0.0000000,0,0,0,0
756873967586500 D 700,2285791339,1000,1555,1555,2.3853402,0.01572,-1,-1,-1,0,0,0,136,1,1,0,0.0000000,0.0000000,0.0000000,0,0,0,0
756873968588791 D 701,2285792339,1000,1555,1555,2.3853402,0.01510,-1,-1,-1,0,0,0,135,1,1,0,0.0000000,0.0000000,0.0000000,0,0,0,0
756873969598166 D 702,2285793339,1000,1555,1555,2.3853402,0.01451,-1,-1,-1,0,0,0,136,1,1,0,0.0000000,0.0000000,0.0000000,0,0,0,0
756873970637166 D 703,2285794339,1000,1554,1554,2.3838062,-0.04621,-1,-1,-1,0,0,0,136,1,1,0,0.0000000,0.0000000,0.0000000,0,0,0,0
756873971685166 D 704,2285795339,1000,1554,1554,2.3838062,-0.04440,-1,-1,-1,0,0,0,136,1,1,0,0.0000000,0.0000000,0.0000000,0,0,0,0
756873972685375 D 705,2285796339,1000,1555,1555,2.3853402,0.01749,-1,-1,-1,0,0,0,136,1,1,0,0.0000000,0.0000000,0.0000000,0,0,0,0
756873973636791 D 706,2285797339,1000,1554,1554,2.3838062,-0.04334,-1,-1,-1,0,0,0,136,1,1,0,0.0000000,0.0000000,0.0000000,0,0,0,0
756873974613583 D 707,2285798339,1000,1554,1554,2.3838062,-0.04164,-1,-1,-1,0,0,0,136,1,1,0,0.0000000,0.0000000,0.0000000,0,0,0,0
756873975593750 D 708,2285799339,1000,1555,1555,2.3853402,0.02014,-1,-1,-1,0,0,0,135,1,1,0,0.0000000,0.0000000,0.0000000,0,0,0,0
756873976593416 D 709,2285800339,1000,1554,1554,2.3838062,-0.04080,-1,-1,-1,0,0,0,136,1,1,0,0.0000000,0.0000000,0.0000000,0,0,0,0
756873977593958 D 710,2285801339,1000,1554,1554,2.3838062,-0.03920,-1,-1,-1,0,0,0,136,1,1,0,0.0000000,0.0000000,0.0000000,0,0,0,0
756873979036583 D 711,2285802339,1000,1555,1555,2.3853402,0.02249,39,128,2035,0,0,0,136,1,1,0,0.0000000,0.0000000,0.0000000,0,0,0,0
756873979650000 D 712,2285803339,1000,1555,1555,2.3853402,0.02160,-1,-1,-1,0,0,0,136,1,1,0,0.0000000,0.0000000,0.0000000,0,0,0,0
756873980598125 D 713,2285804339,1000,1554,1554,2.3838062,-0.03939,-1,-1,-1,0,0,0,136,1,1,0,0.0000000,0.0000000,0.0000000,0,0,0,0
756873981617625 D 714,2285805339,1000,1555,1555,2.3853402,0.02230,-1,-1,-1,0,0,0,136,1,1,0,0.0000000,0.0000000,0.0000000,0,0,0,0
756873982614625 D 715,2285806339,1000,1555,1555,2.3853402,0.02143,-1,-1,-1,0,0,0,136,1,1,0,0.0000000,0.0000000,0.0000000,0,0,0,0
756873983599958 D 716,2285807339,1000,1554,1554,2.3838062,-0.03956,-1,-1,-1,0,0,0,136,1,1,0,0.0000000,0.0000000,0.0000000,0,0,0,0
756873984577833 D 717,2285808339,1000,1555,1555,2.3853402,0.02214,-1,-1,-1,0,0,0,136,1,1,0,0.0000000,0.0000000,0.0000000,0,0,0,0
756873985582791 D 718,2285809339,1000,1554,1554,2.3838062,-0.03888,-1,-1,-1,0,0,0,136,1,1,0,0.0000000,0.0000000,0.0000000,0,0,0,0
756873986594291 D 719,2285810339,1000,1555,1555,2.3853402,0.02280,-1,-1,-1,0,0,0,136,1,1,0,0.0000000,0.0000000,0.0000000,0,0,0,0
756873987630041 D 720,2285811339,1000,1555,1555,2.3853402,0.02190,-1,-1,-1,0,0,0,136,1,1,0,0.0000000,0.0000000,0.0000000,0,0,0,0
756873988594541 D 721,2285812339,1000,1555,1555,2.3853402,0.02104,-1,-1,-1,0,0,0,136,1,1,0,0.0000000,0.0000000,0.0000000,0,0,0,0
756873989595875 D 722,2285813339,1000,1554,1554,2.3838062,-0.03993,-1,-1,-1,0,0,0,136,1,1,0,0.0000000,0.0000000,0.0000000,0,0,0,0
756873990583125 D 723,2285814339,1000,1555,1555,2.3853402,0.02178,-1,-1,-1,0,0,0,136,1,1,0,0.0000000,0.0000000,0.0000000,0,0,0,0
756873991585958 D 724,2285815339,1000,1555,1555,2.3853402,0.02093,-1,-1,-1,0,0,0,136,1,1,0,0.0000000,0.0000000,0.0000000,0,0,0,0
756873992582333 D 725,2285816339,1000,1555,1555,2.3853402,0.02011,-1,-1,-1,0,0,0,136,1,1,0,0.0000000,0.0000000,0.0000000,0,0,0,0
756873993582708 D 726,2285817339,1000,1555,1555,2.3853402,0.01932,-1,-1,-1,0,0,0,136,1,1,0,0.0000000,0.0000000,0.0000000,0,0,0,0
756873994579208 D 727,2285818339,1000,1555,1555,2.3853402,0.01856,-1,-1,-1,0,0,0,136,1,1,0,0.0000000,0.0000000,0.0000000,0,0,0,0
756873995582666 D 728,2285819339,1000,1555,1555,2.3853402,0.01783,-1,-1,-1,0,0,0,136,1,1,0,0.0000000,0.0000000,0.0000000,0,0,0,0
756873996809000 D 729,2285820339,1000,1555,1555,2.3853402,0.01714,-1,-1,-1,0,0,0,136,1,1,0,0.0000000,0.0000000,0.0000000,0,0,0,0
756873997799041 D 730,2285821339,1000,1555,1555,2.3853402,0.01646,-1,-1,-1,0,0,0,136,1,1,0,0.0000000,0.0000000,0.0000000,0,0,0,0
756873998803708 D 731,2285822339,1000,1554,1554,2.3838062,-0.04433,-1,-1,-1,0,0,0,136,1,1,0,0.0000000,0.0000000,0.0000000,0,0,0,0
756873999613583 D 732,2285823339,1000,1555,1555,2.3853402,0.01756,-1,-1,-1,0,0,0,136,1,1,0,0.0000000,0.0000000,0.0000000,0,0,0,0
756874000585208 D 733,2285824339,1000,1555,1555,2.3853402,0.01687,-1,-1,-1,0,0,0,136,1,1,0,0.0000000,0.0000000,0.0000000,0,0,0,0
756874001590208 D 734,2285825339,1000,1555,1555,2.3853402,0.01621,-1,-1,-1,0,0,0,136,1,1,0,0.0000000,0.0000000,0.0000000,0,0,0,0
756874002588291 D 735,2285826339,1000,1555,1555,2.3853402,0.01557,-1,-1,-1,0,0,0,136,1,1,0,0.0000000,0.0000000,0.0000000,0,0,0,0
756874003622000 D 736,2285827339,1000,1555,1555,2.3853402,0.01496,-1,-1,-1,0,0,0,136,1,1,0,0.0000000,0.0000000,0.0000000,0,0,0,0
756874004593083 D 737,2285828339,1000,1555,1555,2.3853402,0.01437,-1,-1,-1,0,0,0,136,1,1,0,0.0000000,0.0000000,0.0000000,0,0,0,0
756874005603208 D 738,2285829339,1000,1554,1554,2.3838062,-0.04634,-1,-1,-1,0,0,0,136,1,1,0,0.0000000,0.0000000,0.0000000,0,0,0,0
756874006601375 D 739,2285830339,1000,1554,1554,2.3838062,-0.04452,-1,-1,-1,0,0,0,136,1,1,0,0.0000000,0.0000000,0.0000000,0,0,0,0
756874007623000 D 740,2285831339,1000,1555,1555,2.3853402,0.01737,-1,-1,-1,0,0,0,136,1,1,0,0.0000000,0.0000000,0.0000000,0,0,0,0
756874008642041 D 741,2285832339,1000,1555,1555,2.3853402,0.01669,-1,-1,-1,0,0,0,136,1,1,0,0.0000000,0.0000000,0.0000000,0,0,0,0
756874009622916 D 742,2285833339,1000,1554,1554,2.3838062,-0.04411,-1,-1,-1,0,0,0,136,1,1,0,0.0000000,0.0000000,0.0000000,0,0,0,0
756874010606125 D 743,2285834339,1000,1554,1554,2.3838062,-0.04238,-1,-1,-1,0,0,0,136,1,1,0,0.0000000,0.0000000,0.0000000,0,0,0,0
756874011590458 D 744,2285835339,1000,1555,1555,2.3853402,0.01943,-1,-1,-1,0,0,0,136,1,1,0,0.0000000,0.0000000,0.0000000,0,0,0,0
756874012588500 D 745,2285836339,1000,1555,1555,2.3853402,0.01867,-1,-1,-1,0,0,0,136,1,1,0,0.0000000,0.0000000,0.0000000,0,0,0,0
756874013617750 D 746,2285837339,1000,1555,1555,2.3853402,0.01793,-1,-1,-1,0,0,0,136,1,1,0,0.0000000,0.0000000,0.0000000,0,0,0,0
756874014590333 D 747,2285838339,1000,1555,1555,2.3853402,0.01723,-1,-1,-1,0,0,0,136,1,1,0,0.0000000,0.0000000,0.0000000,0,0,0,0
756874015590500 D 748,2285839339,1000,1554,1554,2.3838062,-0.04359,-1,-1,-1,0,0,0,136,1,1,0,0.0000000,0.0000000,0.0000000,0,0,0,0
756874016592541 D 749,2285840339,1000,1555,1555,2.3853402,0.01827,-1,-1,-1,0,0,0,136,1,1,0,0.0000000,0.0000000,0.0000000,0,0,0,0
756874017645583 D 750,2285841339,1000,1554,1554,2.3838062,-0.04260,-1,-1,-1,0,0,0,136,1,1,0,0.0000000,0.0000000,0.0000000,0,0,0,0
756874018601875 D 751,2285842339,1000,1554,1554,2.3838062,-0.04093,-1,-1,-1,0,0,0,136,1,1,0,0.0000000,0.0000000,0.0000000,0,0,0,0
756874019809708 D 752,2285843339,1000,1555,1555,2.3853402,0.02082,-1,-1,-1,0,0,0,136,1,1,0,0.0000000,0.0000000,0.0000000,0,0,0,0
756874020679333 D 753,2285844339,1000,1555,1555,2.3853402,0.02001,-1,-1,-1,0,0,0,136,1,1,0,0.0000000,0.0000000,0.0000000,0,0,0,0
756874021579583 D 754,2285845339,1000,1555,1555,2.3853402,0.01922,-1,-1,-1,0,0,0,136,1,1,0,0.0000000,0.0000000,0.0000000,0,0,0,0
756874022578083 D 755,2285846339,1000,1555,1555,2.3853402,0.01847,-1,-1,-1,0,0,0,136,1,1,0,0.0000000,0.0000000,0.0000000,0,0,0,0
756874023580916 D 756,2285847339,1000,1555,1555,2.3853402,0.01775,-1,-1,-1,0,0,0,136,1,1,0,0.0000000,0.0000000,0.0000000,0,0,0,0
756874024587250 D 757,2285848339,1000,1555,1555,2.3853402,0.01705,-1,-1,-1,0,0,0,136,1,1,0,0.0000000,0.0000000,0.0000000,0,0,0,0
756874025582958 D 758,2285849339,1000,1554,1554,2.3838062,-0.04377,-1,-1,-1,0,0,0,136,1,1,0,0.0000000,0.0000000,0.0000000,0,0,0,0
756874026584583 D 759,2285850339,1000,1554,1554,2.3838062,-0.04205,-1,-1,-1,0,0,0,136,1,1,0,0.0000000,0.0000000,0.0000000,0,0,0,0
756874027585916 D 760,2285851339,1000,1554,1554,2.3838062,-0.04040,-1,-1,-1,0,0,0,136,1,1,0,0.0000000,0.0000000,0.0000000,0,0,0,0
756874029026208 D 761,2285852339,1000,1554,1554,2.3838062,-0.03882,39,128,2034,0,0,0,136,1,1,0,0.0000000,0.0000000,0.0000000,0,0,0,0
756874029637500 D 762,2285853339,1000,1555,1555,2.3853402,0.02285,-1,-1,-1,0,0,0,136,1,1,0,0.0000000,0.0000000,0.0000000,0,0,0,0
756874030594875 D 763,2285854339,1000,1554,1554,2.3838062,-0.03819,-1,-1,-1,0,0,0,136,1,1,0,0.0000000,0.0000000,0.0000000,0,0,0,0
756874031600125 D 764,2285855339,1000,1554,1554,2.3838062,-0.03669,-1,-1,-1,0,0,0,136,1,1,0,0.0000000,0.0000000,0.0000000,0,0,0,0
756874032583208 D 765,2285856339,1000,1554,1554,2.3838062,-0.03526,-1,-1,-1,0,0,0,136,1,1,0,0.0000000,0.0000000,0.0000000,0,0,0,0
756874033585250 D 766,2285857339,1000,1555,1555,2.3853402,0.02627,-1,-1,-1,0,0,0,136,1,1,0,0.0000000,0.0000000,0.0000000,0,0,0,0
756874034586625 D 767,2285858339,1000,1554,1554,2.3838062,-0.03490,-1,-1,-1,0,0,0,136,1,1,0,0.0000000,0.0000000,0.0000000,0,0,0,0
756874035594916 D 768,2285859339,1000,1554,1554,2.3838062,-0.03354,-1,-1,-1,0,0,0,136,1,1,0,0.0000000,0.0000000,0.0000000,0,0,0,0
756874036585375 D 769,2285860339,1000,1555,1555,2.3853402,0.02793,-1,-1,-1,0,0,0,136,1,1,0,0.0000000,0.0000000,0.0000000,0,0,0,0
756874037798833 D 770,2285861339,1000,1555,1555,2.3853402,0.02683,-1,-1,-1,0,0,0,136,1,1,0,0.0000000,0.0000000,0.0000000,0,0,0,0
756874038795958 D 771,2285862339,1000,1555,1555,2.3853402,0.02578,-1,-1,-1,0,0,0,136,1,1,0,0.0000000,0.0000000,0.0000000,0,0,0,0
756874039809166 D 772,2285863339,1000,1555,1555,2.3853402,0.02477,-1,-1,-1,0,0,0,136,1,1,0,0.0000000,0.0000000,0.0000000,0,0,0,0
756874040600250 D 773,2285864339,1000,1555,1555,2.3853402,0.02380,-1,-1,-1,0,0,0,136,1,1,0,0.0000000,0.0000000,0.0000000,0,0,0,0
756874041575541 D 774,2285865339,1000,1555,1555,2.3853402,0.02287,-1,-1,-1,0,0,0,136,1,1,0,0.0000000,0.0000000,0.0000000,0,0,0,0
756874042570583 D 775,2285866339,1000,1555,1555,2.3853402,0.02197,-1,-1,-1,0,0,0,136,1,1,0,0.0000000,0.0000000,0.0000000,0,0,0,0
756874043576916 D 776,2285867339,1000,1554,1554,2.3838062,-0.03904,-1,-1,-1,0,0,0,136,1,1,0,0.0000000,0.0000000,0.0000000,0,0,0,0
756874044602583 D 777,2285868339,1000,1555,1555,2.3853402,0.02264,-1,-1,-1,0,0,0,136,1,1,0,0.0000000,0.0000000,0.0000000,0,0,0,0
756874045617250 D 778,2285869339,1000,1555,1555,2.3853402,0.02175,-1,-1,-1,0,0,0,136,1,1,0,0.0000000,0.0000000,0.0000000,0,0,0,0
756874046670125 D 779,2285870339,1000,1555,1555,2.3853402,0.02090,-1,-1,-1,0,0,0,136,1,1,0,0.0000000,0.0000000,0.0000000,0,0,0,0
756874047619208 D 780,2285871339,1000,1555,1555,2.3853402,0.02008,-1,-1,-1,0,0,0,136,1,1,0,0.0000000,0.0000000,0.0000000,0,0,0,0
756874048568375 D 781,2285872339,1000,1555,1555,2.3853402,0.01929,-1,-1,-1,0,0,0,136,1,1,0,0.0000000,0.0000000,0.0000000,0,0,0,0
756874049571875 D 782,2285873339,1000,1555,1555,2.3853402,0.01853,-1,-1,-1,0,0,0,136,1,1,0,0.0000000,0.0000000,0.0000000,0,0,0,0
756874050565625 D 783,2285874339,1000,1555,1555,2.3853402,0.01781,-1,-1,-1,0,0,0,136,1,1,0,0.0000000,0.0000000,0.0000000,0,0,0,0
756874051589541 D 784,2285875339,1000,1555,1555,2.3853402,0.01711,-1,-1,-1,0,0,0,136,1,1,0,0.0000000,0.0000000,0.0000000,0,0,0,0
756874052570083 D 785,2285876339,1000,1555,1555,2.3853402,0.01644,-1,-1,-1,0,0,0,136,1,1,0,0.0000000,0.0000000,0.0000000,0,0,0,0
756874053576625 D 786,2285877339,1000,1554,1554,2.3838062,-0.04435,-1,-1,-1,0,0,0,136,1,1,0,0.0000000,0.0000000,0.0000000,0,0,0,0
756874054570125 D 787,2285878339,1000,1555,1555,2.3853402,0.01753,-1,-1,-1,0,0,0,136,1,1,0,0.0000000,0.0000000,0.0000000,0,0,0,0
756874055793083 D 788,2285879339,1000,1555,1555,2.3853402,0.01685,-1,-1,-1,0,0,0,136,1,1,0,0.0000000,0.0000000,0.0000000,0,0,0,0
756874056808291 D 789,2285880339,1000,1554,1554,2.3838062,-0.04396,-1,-1,-1,0,0,0,136,1,1,0,0.0000000,0.0000000,0.0000000,0,0,0,0
756874057830666 D 790,2285881339,1000,1555,1555,2.3853402,0.01791,-1,-1,-1,0,0,0,136,1,1,0,0.0000000,0.0000000,0.0000000,0,0,0,0
756874058798666 D 791,2285882339,1000,1554,1554,2.3838062,-0.04294,-1,-1,-1,0,0,0,136,1,1,0,0.0000000,0.0000000,0.0000000,0,0,0,0
756874059809416 D 792,2285883339,1000,1554,1554,2.3838062,-0.04126,-1,-1,-1,0,0,0,136,1,1,0,0.0000000,0.0000000,0.0000000,0,0,0,0
756874060580458 D 793,2285884339,1000,1555,1555,2.3853402,0.02051,-1,-1,-1,0,0,0,136,1,1,0,0.0000000,0.0000000,0.0000000,0,0,0,0
756874061601083 D 794,2285885339,1000,1555,1555,2.3853402,0.01970,-1,-1,-1,0,0,0,136,1,1,0,0.0000000,0.0000000,0.0000000,0,0,0,0
756874062585000 D 795,2285886339,1000,1555,1555,2.3853402,0.01893,-1,-1,-1,0,0,0,136,1,1,0,0.0000000,0.0000000,0.0000000,0,0,0,0
756874063592625 D 796,2285887339,1000,1554,1554,2.3838062,-0.04196,-1,-1,-1,0,0,0,136,1,1,0,0.0000000,0.0000000,0.0000000,0,0,0,0
756874064576833 D 797,2285888339,1000,1555,1555,2.3853402,0.01983,-1,-1,-1,0,0,0,136,1,1,0,0.0000000,0.0000000,0.0000000,0,0,0,0
756874065614000 D 798,2285889339,1000,1555,1555,2.3853402,0.01906,-1,-1,-1,0,0,0,136,1,1,0,0.0000000,0.0000000,0.0000000,0,0,0,0
756874066735333 D 799,2285890339,1000,1554,1554,2.3838062,-0.04184,-1,-1,-1,0,0,0,136,1,1,0,0.0000000,0.0000000,0.0000000,0,0,0,0
756874067773083 D 800,2285891339,1000,1555,1555,2.3853402,0.01995,-1,-1,-1,0,0,0,136,1,1,0,0.0000000,0.0000000,0.0000000,0,0,0,0
756874068757875 D 801,2285892339,1000,1555,1555,2.3853402,0.01917,-1,-1,-1,0,0,0,136,1,1,0,0.0000000,0.0000000,0.0000000,0,0,0,0
756874069886541 D 802,2285893339,1000,1555,1555,2.3853402,0.01842,-1,-1,-1,0,0,0,136,1,1,0,0.0000000,0.0000000,0.0000000,0,0,0,0
756874070821833 D 803,2285894339,1000,1554,1554,2.3838062,-0.04245,-1,-1,-1,0,0,0,136,1,1,0,0.0000000,0.0000000,0.0000000,0,0,0,0
756874071833833 D 804,2285895339,1000,1555,1555,2.3853402,0.01936,-1,-1,-1,0,0,0,136,1,1,0,0.0000000,0.0000000,0.0000000,0,0,0,0
756874072704791 D 805,2285896339,1000,1555,1555,2.3853402,0.01860,-1,-1,-1,0,0,0,136,1,1,0,0.0000000,0.0000000,0.0000000,0,0,0,0
756874073654458 D 806,2285897339,1000,1555,1555,2.3853402,0.01787,-1,-1,-1,0,0,0,136,1,1,0,0.0000000,0.0000000,0.0000000,0,0,0,0
756874074620791 D 807,2285898339,1000,1555,1555,2.3853402,0.01717,-1,-1,-1,0,0,0,136,1,1,0,0.0000000,0.0000000,0.0000000,0,0,0,0
756874075622250 D 808,2285899339,1000,1555,1555,2.3853402,0.01650,-1,-1,-1,0,0,0,136,1,1,0,0.0000000,0.0000000,0.0000000,0,0,0,0
756874076618208 D 809,2285900339,1000,1554,1554,2.3838062,-0.04430,-1,-1,-1,0,0,0,136,1,1,0,0.0000000,0.0000000,0.0000000,0,0,0,0
756874077612583 D 810,2285901339,1000,1555,1555,2.3853402,0.01759,-1,-1,-1,0,0,0,136,1,1,0,0.0000000,0.0000000,0.0000000,0,0,0,0
756874079054666 D 811,2285902339,1000,1555,1555,2.3853402,0.01690,39,128,2034,0,0,0,136,1,1,0,0.0000000,0.0000000,0.0000000,0,0,0,0
756874079687916 D 812,2285903339,1000,1555,1555,2.3853402,0.01623,-1,-1,-1,0,0,0,136,1,1,0,0.0000000,0.0000000,0.0000000,0,0,0,0
756874080770291 D 813,2285904339,1000,1555,1555,2.3853402,0.01560,-1,-1,-1,0,0,0,136,1,1,0,0.0000000,0.0000000,0.0000000,0,0,0,0
756874081900333 D 814,2285905339,1000,1555,1555,2.3853402,0.01499,-1,-1,-1,0,0,0,136,1,1,0,0.0000000,0.0000000,0.0000000,0,0,0,0
756874082942208 D 815,2285906339,1000,1555,1555,2.3853402,0.01440,-1,-1,-1,0,0,0,136,1,1,0,0.0000000,0.0000000,0.0000000,0,0,0,0
756874083853791 D 816,2285907339,1000,1554,1554,2.3838062,-0.04631,-1,-1,-1,0,0,0,136,1,1,0,0.0000000,0.0000000,0.0000000,0,0,0,0
756874084734583 D 817,2285908339,1000,1555,1555,2.3853402,0.01565,-1,-1,-1,0,0,0,136,1,1,0,0.0000000,0.0000000,0.0000000,0,0,0,0
756874085749416 D 818,2285909339,1000,1555,1555,2.3853402,0.01504,-1,-1,-1,0,0,0,136,1,1,0,0.0000000,0.0000000,0.0000000,0,0,0,0
756874086717500 D 819,2285910339,1000,1555,1555,2.3853402,0.01445,-1,-1,-1,0,0,0,136,1,1,0,0.0000000,0.0000000,0.0000000,0,0,0,0
756874087694250 D 820,2285911339,1000,1554,1554,2.3838062,-0.04627,-1,-1,-1,0,0,0,136,1,1,0,0.0000000,0.0000000,0.0000000,0,0,0,0
756874088643208 D 821,2285912339,1000,1554,1554,2.3838062,-0.04445,-1,-1,-1,0,0,0,136,1,1,0,0.0000000,0.0000000,0.0000000,0,0,0,0
756874089647541 D 822,2285913339,1000,1555,1555,2.3853402,0.01744,-1,-1,-1,0,0,0,136,1,1,0,0.0000000,0.0000000,0.0000000,0,0,0,0
756874090634708 D 823,2285914339,1000,1554,1554,2.3838062,-0.04339,-1,-1,-1,0,0,0,136,1,1,0,0.0000000,0.0000000,0.0000000,0,0,0,0
756874091616250 D 824,2285915339,1000,1554,1554,2.3838062,-0.04169,-1,-1,-1,0,0,0,136,1,1,0,0.0000000,0.0000000,0.0000000,0,0,0,0
756874092613416 D 825,2285916339,1000,1555,1555,2.3853402,0.02009,-1,-1,-1,0,0,0,136,1,1,0,0.0000000,0.0000000,0.0000000,0,0,0,0
756874093593375 D 826,2285917339,1000,1555,1555,2.3853402,0.01930,-1,-1,-1,0,0,0,136,1,1,0,0.0000000,0.0000000,0.0000000,0,0,0,0
756874094602416 D 827,2285918339,1000,1554,1554,2.3838062,-0.04160,-1,-1,-1,0,0,0,136,1,1,0,0.0000000,0.0000000,0.0000000,0,0,0,0
756874095607625 D 828,2285919339,1000,1555,1555,2.3853402,0.02018,-1,-1,-1,0,0,0,136,1,1,0,0.0000000,0.0000000,0.0000000,0,0,0,0
756874096614125 D 829,2285920339,1000,1554,1554,2.3838062,-0.04076,-1,-1,-1,0,0,0,136,1,1,0,0.0000000,0.0000000,0.0000000,0,0,0,0
756874097655625 D 830,2285921339,1000,1555,1555,2.3853402,0.02098,-1,-1,-1,0,0,0,136,1,1,0,0.0000000,0.0000000,0.0000000,0,0,0,0
756874098645416 D 831,2285922339,1000,1555,1555,2.3853402,0.02016,-1,-1,-1,0,0,0,136,1,1,0,0.0000000,0.0000000,0.0000000,0,0,0,0
756874099616625 D 832,2285923339,1000,1555,1555,2.3853402,0.01937,-1,-1,-1,0,0,0,136,1,1,0,0.0000000,0.0000000,0.0000000,0,0,0,0
756874100607458 D 833,2285924339,1000,1555,1555,2.3853402,0.01861,-1,-1,-1,0,0,0,136,1,1,0,0.0000000,0.0000000,0.0000000,0,0,0,0
756874101606625 D 834,2285925339,1000,1555,1555,2.3853402,0.01788,-1,-1,-1,0,0,0,136,1,1,0,0.0000000,0.0000000,0.0000000,0,0,0,0
756874102600000 D 835,2285926339,1000,1555,1555,2.3853402,0.01718,-1,-1,-1,0,0,0,136,1,1,0,0.0000000,0.0000000,0.0000000,0,0,0,0
756874103598750 D 836,2285927339,1000,1554,1554,2.3838062,-0.04364,-1,-1,-1,0,0,0,136,1,1,0,0.0000000,0.0000000,0.0000000,0,0,0,0
756874104591708 D 837,2285928339,1000,1555,1555,2.3853402,0.01822,-1,-1,-1,0,0,0,136,1,1,0,0.0000000,0.0000000,0.0000000,0,0,0,0
756874105652541 D 838,2285929339,1000,1555,1555,2.3853402,0.01750,-1,-1,-1,0,0,0,136,1,1,0,0.0000000,0.0000000,0.0000000,0,0,0,0
756874106600708 D 839,2285930339,1000,1555,1555,2.3853402,0.01682,-1,-1,-1,0,0,0,136,1,1,0,0.0000000,0.0000000,0.0000000,0,0,0,0
756874107604000 D 840,2285931339,1000,1554,1554,2.3838062,-0.04399,-1,-1,-1,0,0,0,136,1,1,0,0.0000000,0.0000000,0.0000000,0,0,0,0
756874108590416 D 841,2285932339,1000,1554,1554,2.3838062,-0.04227,-1,-1,-1,0,0,0,136,1,1,0,0.0000000,0.0000000,0.0000000,0,0,0,0
756874109579916 D 842,2285933339,1000,1555,1555,2.3853402,0.01954,-1,-1,-1,0,0,0,136,1,1,0,0.0000000,0.0000000,0.0000000,0,0,0,0
756874110583791 D 843,2285934339,1000,1554,1554,2.3838062,-0.04137,-1,-1,-1,0,0,0,136,1,1,0,0.0000000,0.0000000,0.0000000,0,0,0,0
756874111587041 D 844,2285935339,1000,1555,1555,2.3853402,0.02040,-1,-1,-1,0,0,0,136,1,1,0,0.0000000,0.0000000,0.0000000,0,0,0,0
756874112815083 D 845,2285936339,1000,1554,1554,2.3838062,-0.04055,-1,-1,-1,0,0,0,136,1,1,0,0.0000000,0.0000000,0.0000000,0,0,0,0
756874113903125 D 846,2285937339,1000,1555,1555,2.3853402,0.02119,-1,-1,-1,0,0,0,136,1,1,0,0.0000000,0.0000000,0.0000000,0,0,0,0
756874114828791 D 847,2285938339,1000,1554,1554,2.3838062,-0.03979,-1,-1,-1,0,0,0,136,1,1,0,0.0000000,0.0000000,0.0000000,0,0,0,0
756874115701791 D 848,2285939339,1000,1554,1554,2.3838062,-0.03823,-1,-1,-1,0,0,0,136,1,1,0,0.0000000,0.0000000,0.0000000,0,0,0,0
756874116675125 D 849,2285940339,1000,1555,1555,2.3853402,0.02342,-1,-1,-1,0,0,0,136,1,1,0,0.0000000,0.0000000,0.0000000,0,0,0,0
756874117575166 D 850,2285941339,1000,1555,1555,2.3853402,0.02250,-1,-1,-1,0,0,0,136,1,1,0,0.0000000,0.0000000,0.0000000,0,0,0,0
756874118603666 D 851,2285942339,1000,1554,1554,2.3838062,-0.03853,-1,-1,-1,0,0,0,136,1,1,0,0.0000000,0.0000000,0.0000000,0,0,0,0
756874119685750 D 852,2285943339,1000,1555,1555,2.3853402,0.02313,-1,-1,-1,0,0,0,136,1,1,0,0.0000000,0.0000000,0.0000000,0,0,0,0
756874120703375 D 853,2285944339,1000,1554,1554,2.3838062,-0.03793,-1,-1,-1,0,0,0,136,1,1,0,0.0000000,0.0000000,0.0000000,0,0,0,0
756874121667125 D 854,2285945339,1000,1554,1554,2.3838062,-0.03644,-1,-1,-1,0,0,0,136,1,1,0,0.0000000,0.0000000,0.0000000,0,0,0,0
756874122634250 D 855,2285946339,1000,1554,1554,2.3838062,-0.03501,-1,-1,-1,0,0,0,135,1,1,0,0.0000000,0.0000000,0.0000000,0,0,0,0
756874123582583 D 856,2285947339,1000,1555,1555,2.3853402,0.02651,-1,-1,-1,0,0,0,136,1,1,0,0.0000000,0.0000000,0.0000000,0,0,0,0
756874124586875 D 857,2285948339,1000,1555,1555,2.3853402,0.02547,-1,-1,-1,0,0,0,136,1,1,0,0.0000000,0.0000000,0.0000000,0,0,0,0
756874125622625 D 858,2285949339,1000,1555,1555,2.3853402,0.02447,-1,-1,-1,0,0,0,136,1,1,0,0.0000000,0.0000000,0.0000000,0,0,0,0
756874126580166 D 859,2285950339,1000,1554,1554,2.3838062,-0.03664,-1,-1,-1,0,0,0,136,1,1,0,0.0000000,0.0000000,0.0000000,0,0,0,0
756874127580500 D 860,2285951339,1000,1554,1554,2.3838062,-0.03520,-1,-1,-1,0,0,0,136,1,1,0,0.0000000,0.0000000,0.0000000,0,0,0,0
756874129054000 D 861,2285952339,1000,1554,1554,2.3838062,-0.03382,39,128,2034,0,0,0,136,1,1,0,0.0000000,0.0000000,0.0000000,0,0,0,0
756874129670416 D 862,2285953339,1000,1555,1555,2.3853402,0.02765,-1,-1,-1,0,0,0,136,1,1,0,0.0000000,0.0000000,0.0000000,0,0,0,0
756874130606375 D 863,2285954339,1000,1555,1555,2.3853402,0.02657,-1,-1,-1,0,0,0,136,1,1,0,0.0000000,0.0000000,0.0000000,0,0,0,0
756874131578416 D 864,2285955339,1000,1555,1555,2.3853402,0.02553,-1,-1,-1,0,0,0,136,1,1,0,0.0000000,0.0000000,0.0000000,0,0,0,0
756874132588250 D 865,2285956339,1000,1554,1554,2.3838062,-0.03562,-1,-1,-1,0,0,0,136,1,1,0,0.0000000,0.0000000,0.0000000,0,0,0,0
756874133581666 D 866,2285957339,1000,1554,1554,2.3838062,-0.03423,-1,-1,-1,0,0,0,136,1,1,0,0.0000000,0.0000000,0.0000000,0,0,0,0
756874134574250 D 867,2285958339,1000,1555,1555,2.3853402,0.02727,-1,-1,-1,0,0,0,136,1,1,0,0.0000000,0.0000000,0.0000000,0,0,0,0
756874135585958 D 868,2285959339,1000,1555,1555,2.3853402,0.02620,-1,-1,-1,0,0,0,136,1,1,0,0.0000000,0.0000000,0.0000000,0,0,0,0
756874136591666 D 869,2285960339,1000,1555,1555,2.3853402,0.02517,-1,-1,-1,0,0,0,136,1,1,0,0.0000000,0.0000000,0.0000000,0,0,0,0
756874137582833 D 870,2285961339,1000,1554,1554,2.3838062,-0.03597,-1,-1,-1,0,0,0,136,1,1,0,0.0000000,0.0000000,0.0000000,0,0,0,0
756874138590166 D 871,2285962339,1000,1555,1555,2.3853402,0.02559,-1,-1,-1,0,0,0,136,1,1,0,0.0000000,0.0000000,0.0000000,0,0,0,0
756874139599541 D 872,2285963339,1000,1554,1554,2.3838062,-0.03556,-1,-1,-1,0,0,0,136,1,1,0,0.0000000,0.0000000,0.0000000,0,0,0,0
756874140575041 D 873,2285964339,1000,1555,1555,2.3853402,0.02598,-1,-1,-1,0,0,0,136,1,1,0,0.0000000,0.0000000,0.0000000,0,0,0,0
756874141597291 D 874,2285965339,1000,1554,1554,2.3838062,-0.03518,-1,-1,-1,0,0,0,136,1,1,0,0.0000000,0.0000000,0.0000000,0,0,0,0
756874142616458 D 875,2285966339,1000,1554,1554,2.3838062,-0.03380,-1,-1,-1,0,0,0,136,1,1,0,0.0000000,0.0000000,0.0000000,0,0,0,0
756874143587500 D 876,2285967339,1000,1555,1555,2.3853402,0.02767,-1,-1,-1,0,0,0,135,1,1,0,0.0000000,0.0000000,0.0000000,0,0,0,0
756874144592375 D 877,2285968339,1000,1555,1555,2.3853402,0.02658,-1,-1,-1,0,0,0,136,1,1,0,0.0000000,0.0000000,0.0000000,0,0,0,0
756874145614083 D 878,2285969339,1000,1554,1554,2.3838062,-0.03461,-1,-1,-1,0,0,0,136,1,1,0,0.0000000,0.0000000,0.0000000,0,0,0,0
756874146897500 D 879,2285970339,1000,1554,1554,2.3838062,-0.03325,-1,-1,-1,0,0,0,136,1,1,0,0.0000000,0.0000000,0.0000000,0,0,0,0
756874147830833 D 880,2285971339,1000,1555,1555,2.3853402,0.02820,-1,-1,-1,0,0,0,136,1,1,0,0.0000000,0.0000000,0.0000000,0,0,0,0
756874148771291 D 881,2285972339,1000,1554,1554,2.3838062,-0.03305,-1,-1,-1,0,0,0,136,1,1,0,0.0000000,0.0000000,0.0000000,0,0,0,0
756874149584166 D 882,2285973339,1000,1555,1555,2.3853402,0.02839,-1,-1,-1,0,0,0,136,1,1,0,0.0000000,0.0000000,0.0000000,0,0,0,0
756874150605250 D 883,2285974339,1000,1554,1554,2.3838062,-0.03287,-1,-1,-1,0,0,0,135,1,1,0,0.0000000,0.0000000,0.0000000,0,0,0,0
756874151611666 D 884,2285975339,1000,1555,1555,2.3853402,0.02857,-1,-1,-1,0,0,0,136,1,1,0,0.0000000,0.0000000,0.0000000,0,0,0,0
756874152599958 D 885,2285976339,1000,1555,1555,2.3853402,0.02745,-1,-1,-1,0,0,0,136,1,1,0,0.0000000,0.0000000,0.0000000,0,0,0,0
756874153600666 D 886,2285977339,1000,1555,1555,2.3853402,0.02637,-1,-1,-1,0,0,0,136,1,1,0,0.0000000,0.0000000,0.0000000,0,0,0,0
756874154588916 D 887,2285978339,1000,1555,1555,2.3853402,0.02534,-1,-1,-1,0,0,0,136,1,1,0,0.0000000,0.0000000,0.0000000,0,0,0,0
756874155588583 D 888,2285979339,1000,1554,1554,2.3838062,-0.03580,-1,-1,-1,0,0,0,136,1,1,0,0.0000000,0.0000000,0.0000000,0,0,0,0
756874156585583 D 889,2285980339,1000,1554,1554,2.3838062,-0.03440,-1,-1,-1,0,0,0,136,1,1,0,0.0000000,0.0000000,0.0000000,0,0,0,0
756874157601791 D 890,2285981339,1000,1554,1554,2.3838062,-0.03305,-1,-1,-1,0,0,0,136,1,1,0,0.0000000,0.0000000,0.0000000,0,0,0,0
756874158580833 D 891,2285982339,1000,1555,1555,2.3853402,0.02839,-1,-1,-1,0,0,0,136,1,1,0,0.0000000,0.0000000,0.0000000,0,0,0,0
756874159603166 D 892,2285983339,1000,1554,1554,2.3838062,-0.03287,-1,-1,-1,0,0,0,136,1,1,0,0.0000000,0.0000000,0.0000000,0,0,0,0
756874160611000 D 893,2285984339,1000,1554,1554,2.3838062,-0.03158,-1,-1,-1,0,0,0,136,1,1,0,0.0000000,0.0000000,0.0000000,0,0,0,0
756874161612791 D 894,2285985339,1000,1555,1555,2.3853402,0.02981,-1,-1,-1,0,0,0,136,1,1,0,0.0000000,0.0000000,0.0000000,0,0,0,0
756874162604958 D 895,2285986339,1000,1554,1554,2.3838062,-0.03151,-1,-1,-1,0,0,0,136,1,1,0,0.0000000,0.0000000,0.0000000,0,0,0,0
756874163623208 D 896,2285987339,1000,1554,1554,2.3838062,-0.03027,-1,-1,-1,0,0,0,136,1,1,0,0.0000000,0.0000000,0.0000000,0,0,0,0
756874164611708 D 897,2285988339,1000,1555,1555,2.3853402,0.03106,-1,-1,-1,0,0,0,136,1,1,0,0.0000000,0.0000000,0.0000000,0,0,0,0
756874165589541 D 898,2285989339,1000,1555,1555,2.3853402,0.02984,-1,-1,-1,0,0,0,136,1,1,0,0.0000000,0.0000000,0.0000000,0,0,0,0
756874166588708 D 899,2285990339,1000,1554,1554,2.3838062,-0.03148,-1,-1,-1,0,0,0,136,1,1,0,0.0000000,0.0000000,0.0000000,0,0,0,0
756874167591250 D 900,2285991339,1000,1554,1554,2.3838062,-0.03024,-1,-1,-1,0,0,0,136,1,1,0,0.0000000,0.0000000,0.0000000,0,0,0,0
756874168585458 D 901,2285992339,1000,1554,1554,2.3838062,-0.02906,-1,-1,-1,0,0,0,136,1,1,0,0.0000000,0.0000000,0.0000000,0,0,0,0
756874169589250 D 902,2285993339,1000,1554,1554,2.3838062,-0.02792,-1,-1,-1,0,0,0,136,1,1,0,0.0000000,0.0000000,0.0000000,0,0,0,0
756874170599416 D 903,2285994339,1000,1555,1555,2.3853402,0.03333,-1,-1,-1,0,0,0,136,1,1,0,0.0000000,0.0000000,0.0000000,0,0,0,0
756874171587875 D 904,2285995339,1000,1555,1555,2.3853402,0.03202,-1,-1,-1,0,0,0,136,1,1,0,0.0000000,0.0000000,0.0000000,0,0,0,0
756874172662625 D 905,2285996339,1000,1555,1555,2.3853402,0.03076,-1,-1,-1,0,0,0,136,1,1,0,0.0000000,0.0000000,0.0000000,0,0,0,0
756874173671750 D 906,2285997339,1000,1554,1554,2.3838062,-0.03059,-1,-1,-1,0,0,0,136,1,1,0,0.0000000,0.0000000,0.0000000,0,0,0,0
756874174637833 D 907,2285998339,1000,1555,1555,2.3853402,0.03076,-1,-1,-1,0,0,0,136,1,1,0,0.0000000,0.0000000,0.0000000,0,0,0,0
756874175850166 D 908,2285999339,1000,1554,1554,2.3838062,-0.03060,-1,-1,-1,0,0,0,136,1,1,0,0.0000000,0.0000000,0.0000000,0,0,0,0
756874176860500 D 909,2286000339,1000,1554,1554,2.3838062,-0.02940,-1,-1,-1,0,0,0,136,1,1,0,0.0000000,0.0000000,0.0000000,0,0,0,0
756874177807041 D 910,2286001339,1000,1555,1555,2.3853402,0.03190,-1,-1,-1,0,0,0,136,1,1,0,0.0000000,0.0000000,0.0000000,0,0,0,0
756874179198500 D 911,2286002339,1000,1555,1555,2.3853402,0.03065,39,128,2033,0,0,0,136,1,1,0,0.0000000,0.0000000,0.0000000,0,0,0,0
756874180078291 D 912,2286003339,1000,1554,1554,2.3838062,-0.03070,-1,-1,-1,0,0,0,136,1,1,0,0.0000000,0.0000000,0.0000000,0,0,0,0
756874180760666 D 913,2286004339,1000,1555,1555,2.3853402,0.03065,-1,-1,-1,0,0,0,136,1,1,0,0.0000000,0.0000000,0.0000000,0,0,0,0
756874181590708 D 914,2286005339,1000,1555,1555,2.3853402,0.02945,-1,-1,-1,0,0,0,136,1,1,0,0.0000000,0.0000000,0.0000000,0,0,0,0
756874182602500 D 915,2286006339,1000,1555,1555,2.3853402,0.02830,-1,-1,-1,0,0,0,136,1,1,0,0.0000000,0.0000000,0.0000000,0,0,0,0
756874183589583 D 916,2286007339,1000,1555,1555,2.3853402,0.02719,-1,-1,-1,0,0,0,136,1,1,0,0.0000000,0.0000000,0.0000000,0,0,0,0
756874184595541 D 917,2286008339,1000,1555,1555,2.3853402,0.02612,-1,-1,-1,0,0,0,136,1,1,0,0.0000000,0.0000000,0.0000000,0,0,0,0
756874185591041 D 918,2286009339,1000,1555,1555,2.3853402,0.02510,-1,-1,-1,0,0,0,135,1,1,0,0.0000000,0.0000000,0.0000000,0,0,0,0
756874186590750 D 919,2286010339,1000,1554,1554,2.3838062,-0.03603,-1,-1,-1,0,0,0,136,1,1,0,0.0000000,0.0000000,0.0000000,0,0,0,0
756874187583291 D 920,2286011339,1000,1555,1555,2.3853402,0.02553,-1,-1,-1,0,0,0,136,1,1,0,0.0000000,0.0000000,0.0000000,0,0,0,0
756874188590625 D 921,2286012339,1000,1554,1554,2.3838062,-0.03562,-1,-1,-1,0,0,0,136,1,1,0,0.0000000,0.0000000,0.0000000,0,0,0,0
756874189588583 D 922,2286013339,1000,1555,1555,2.3853402,0.02592,-1,-1,-1,0,0,0,136,1,1,0,0.0000000,0.0000000,0.0000000,0,0,0,0
756874190576166 D 923,2286014339,1000,1555,1555,2.3853402,0.02491,-1,-1,-1,0,0,0,136,1,1,0,0.0000000,0.0000000,0.0000000,0,0,0,0
756874191591791 D 924,2286015339,1000,1555,1555,2.3853402,0.02393,-1,-1,-1,0,0,0,136,1,1,0,0.0000000,0.0000000,0.0000000,0,0,0,0
756874192600916 D 925,2286016339,1000,1555,1555,2.3853402,0.02299,-1,-1,-1,0,0,0,135,1,1,0,0.0000000,0.0000000,0.0000000,0,0,0,0
756874193587333 D 926,2286017339,1000,1554,1554,2.3838062,-0.03806,-1,-1,-1,0,0,0,136,1,1,0,0.0000000,0.0000000,0.0000000,0,0,0,0
756874194574041 D 927,2286018339,1000,1555,1555,2.3853402,0.02358,-1,-1,-1,0,0,0,136,1,1,0,0.0000000,0.0000000,0.0000000,0,0,0,0
756874195580916 D 928,2286019339,1000,1555,1555,2.3853402,0.02266,-1,-1,-1,0,0,0,136,1,1,0,0.0000000,0.0000000,0.0000000,0,0,0,0
756874196629125 D 929,2286020339,1000,1554,1554,2.3838062,-0.03838,-1,-1,-1,0,0,0,136,1,1,0,0.0000000,0.0000000,0.0000000,0,0,0,0
756874197592250 D 930,2286021339,1000,1555,1555,2.3853402,0.02327,-1,-1,-1,0,0,0,136,1,1,0,0.0000000,0.0000000,0.0000000,0,0,0,0
756874198575458 D 931,2286022339,1000,1555,1555,2.3853402,0.02236,-1,-1,-1,0,0,0,136,1,1,0,0.0000000,0.0000000,0.0000000,0,0,0,0
756874199586875 D 932,2286023339,1000,1555,1555,2.3853402,0.02148,-1,-1,-1,0,0,0,136,1,1,0,0.0000000,0.0000000,0.0000000,0,0,0,0
756874200585791 D 933,2286024339,1000,1554,1554,2.3838062,-0.03951,-1,-1,-1,0,0,0,136,1,1,0,0.0000000,0.0000000,0.0000000,0,0,0,0
756874201577333 D 934,2286025339,1000,1555,1555,2.3853402,0.02219,-1,-1,-1,0,0,0,136,1,1,0,0.0000000,0.0000000,0.0000000,0,0,0,0
756874202562583 D 935,2286026339,1000,1555,1555,2.3853402,0.02132,-1,-1,-1,0,0,0,136,1,1,0,0.0000000,0.0000000,0.0000000,0,0,0,0
756874203579625 D 936,2286027339,1000,1555,1555,2.3853402,0.02048,-1,-1,-1,0,0,0,136,1,1,0,0.0000000,0.0000000,0.0000000,0,0,0,0
756874204574000 D 937,2286028339,1000,1554,1554,2.3838062,-0.04047,-1,-1,-1,0,0,0,136,1,1,0,0.0000000,0.0000000,0.0000000,0,0,0,0
756874205809208 D 938,2286029339,1000,1555,1555,2.3853402,0.02127,-1,-1,-1,0,0,0,136,1,1,0,0.0000000,0.0000000,0.0000000,0,0,0,0
756874206888666 D 939,2286030339,1000,1554,1554,2.3838062,-0.03971,-1,-1,-1,0,0,0,136,1,1,0,0.0000000,0.0000000,0.0000000,0,0,0,0
756874207969166 D 940,2286031339,1000,1555,1555,2.3853402,0.02199,-1,-1,-1,0,0,0,136,1,1,0,0.0000000,0.0000000,0.0000000,0,0,0,0
756874208604250 D 941,2286032339,1000,1555,1555,2.3853402,0.02113,-1,-1,-1,0,0,0,136,1,1,0,0.0000000,0.0000000,0.0000000,0,0,0,0
756874209587750 D 942,2286033339,1000,1555,1555,2.3853402,0.02030,-1,-1,-1,0,0,0,136,1,1,0,0.0000000,0.0000000,0.0000000,0,0,0,0
756874210623458 D 943,2286034339,1000,1554,1554,2.3838062,-0.04064,-1,-1,-1,0,0,0,136,1,1,0,0.0000000,0.0000000,0.0000000,0,0,0,0
756874211605666 D 944,2286035339,1000,1555,1555,2.3853402,0.02110,-1,-1,-1,0,0,0,136,1,1,0,0.0000000,0.0000000,0.0000000,0,0,0,0
756874212598375 D 945,2286036339,1000,1555,1555,2.3853402,0.02027,-1,-1,-1,0,0,0,136,1,1,0,0.0000000,0.0000000,0.0000000,0,0,0,0
756874213610166 D 946,2286037339,1000,1554,1554,2.3838062,-0.04067,-1,-1,-1,0,0,0,136,1,1,0,0.0000000,0.0000000,0.0000000,0,0,0,0
756874214578750 D 947,2286038339,1000,1555,1555,2.3853402,0.02107,-1,-1,-1,0,0,0,136,1,1,0,0.0000000,0.0000000,0.0000000,0,0,0,0
756874215599541 D 948,2286039339,1000,1555,1555,2.3853402,0.02024,-1,-1,-1,0,0,0,136,1,1,0,0.0000000,0.0000000,0.0000000,0,0,0,0
756874216619666 D 949,2286040339,1000,1554,1554,2.3838062,-0.04070,-1,-1,-1,0,0,0,136,1,1,0,0.0000000,0.0000000,0.0000000,0,0,0,0
756874217571541 D 950,2286041339,1000,1555,1555,2.3853402,0.02105,-1,-1,-1,0,0,0,136,1,1,0,0.0000000,0.0000000,0.0000000,0,0,0,0
756874218596125 D 951,2286042339,1000,1554,1554,2.3838062,-0.03993,-1,-1,-1,0,0,0,136,1,1,0,0.0000000,0.0000000,0.0000000,0,0,0,0
756874219589791 D 952,2286043339,1000,1554,1554,2.3838062,-0.03836,-1,-1,-1,0,0,0,136,1,1,0,0.0000000,0.0000000,0.0000000,0,0,0,0
756874220592666 D 953,2286044339,1000,1555,1555,2.3853402,0.02329,-1,-1,-1,0,0,0,136,1,1,0,0.0000000,0.0000000,0.0000000,0,0,0,0
756874221589833 D 954,2286045339,1000,1555,1555,2.3853402,0.02238,-1,-1,-1,0,0,0,136,1,1,0,0.0000000,0.0000000,0.0000000,0,0,0,0
756874222591083 D 955,2286046339,1000,1554,1554,2.3838062,-0.03865,-1,-1,-1,0,0,0,136,1,1,0,0.0000000,0.0000000,0.0000000,0,0,0,0
756874223618333 D 956,2286047339,1000,1554,1554,2.3838062,-0.03713,-1,-1,-1,0,0,0,136,1,1,0,0.0000000,0.0000000,0.0000000,0,0,0,0
756874224584333 D 957,2286048339,1000,1554,1554,2.3838062,-0.03568,-1,-1,-1,0,0,0,136,1,1,0,0.0000000,0.0000000,0.0000000,0,0,0,0
756874225590000 D 958,2286049339,1000,1555,1555,2.3853402,0.02587,-1,-1,-1,0,0,0,136,1,1,0,0.0000000,0.0000000,0.0000000,0,0,0,0
756874226570666 D 959,2286050339,1000,1555,1555,2.3853402,0.02486,-1,-1,-1,0,0,0,136,1,1,0,0.0000000,0.0000000,0.0000000,0,0,0,0
756874227587333 D 960,2286051339,1000,1555,1555,2.3853402,0.02388,-1,-1,-1,0,0,0,136,1,1,0,0.0000000,0.0000000,0.0000000,0,0,0,0
756874229016000 D 961,2286052339,1000,1555,1555,2.3853402,0.02295,39,128,2034,0,0,0,136,1,1,0,0.0000000,0.0000000,0.0000000,0,0,0,0
756874229633458 D 962,2286053339,1000,1554,1554,2.3838062,-0.03810,-1,-1,-1,0,0,0,136,1,1,0,0.0000000,0.0000000,0.0000000,0,0,0,0
756874230609458 D 963,2286054339,1000,1555,1555,2.3853402,0.02354,-1,-1,-1,0,0,0,136,1,1,0,0.0000000,0.0000000,0.0000000,0,0,0,0
756874231570333 D 964,2286055339,1000,1555,1555,2.3853402,0.02262,-1,-1,-1,0,0,0,136,1,1,0,0.0000000,0.0000000,0.0000000,0,0,0,0
756874232589000 D 965,2286056339,1000,1555,1555,2.3853402,0.02173,-1,-1,-1,0,0,0,136,1,1,0,0.0000000,0.0000000,0.0000000,0,0,0,0
756874233584666 D 966,2286057339,1000,1554,1554,2.3838062,-0.03927,-1,-1,-1,0,0,0,136,1,1,0,0.0000000,0.0000000,0.0000000,0,0,0,0
756874234574958 D 967,2286058339,1000,1554,1554,2.3838062,-0.03773,-1,-1,-1,0,0,0,135,1,1,0,0.0000000,0.0000000,0.0000000,0,0,0,0
756874235573291 D 968,2286059339,1000,1555,1555,2.3853402,0.02390,-1,-1,-1,0,0,0,136,1,1,0,0.0000000,0.0000000,0.0000000,0,0,0,0
756874236571958 D 969,2286060339,1000,1555,1555,2.3853402,0.02296,-1,-1,-1,0,0,0,136,1,1,0,0.0000000,0.0000000,0.0000000,0,0,0,0
756874237820375 D 970,2286061339,1000,1554,1554,2.3838062,-0.03809,-1,-1,-1,0,0,0,136,1,1,0,0.0000000,0.0000000,0.0000000,0,0,0,0
756874238819041 D 971,2286062339,1000,1554,1554,2.3838062,-0.03659,-1,-1,-1,0,0,0,136,1,1,0,0.0000000,0.0000000,0.0000000,0,0,0,0
756874239748666 D 972,2286063339,1000,1555,1555,2.3853402,0.02499,-1,-1,-1,0,0,0,136,1,1,0,0.0000000,0.0000000,0.0000000,0,0,0,0
756874240576791 D 973,2286064339,1000,1555,1555,2.3853402,0.02401,-1,-1,-1,0,0,0,136,1,1,0,0.0000000,0.0000000,0.0000000,0,0,0,0
756874241577583 D 974,2286065339,1000,1555,1555,2.3853402,0.02307,-1,-1,-1,0,0,0,136,1,1,0,0.0000000,0.0000000,0.0000000,0,0,0,0
756874242581000 D 975,2286066339,1000,1555,1555,2.3853402,0.02216,-1,-1,-1,0,0,0,136,1,1,0,0.0000000,0.0000000,0.0000000,0,0,0,0
756874243592000 D 976,2286067339,1000,1555,1555,2.3853402,0.02129,-1,-1,-1,0,0,0,136,1,1,0,0.0000000,0.0000000,0.0000000,0,0,0,0
756874244594083 D 977,2286068339,1000,1555,1555,2.3853402,0.02046,-1,-1,-1,0,0,0,136,1,1,0,0.0000000,0.0000000,0.0000000,0,0,0,0
756874245592208 D 978,2286069339,1000,1554,1554,2.3838062,-0.04049,-1,-1,-1,0,0,0,136,1,1,0,0.0000000,0.0000000,0.0000000,0,0,0,0
756874246583250 D 979,2286070339,1000,1554,1554,2.3838062,-0.03890,-1,-1,-1,0,0,0,136,1,1,0,0.0000000,0.0000000,0.0000000,0,0,0,0
756874247650458 D 980,2286071339,1000,1555,1555,2.3853402,0.02277,-1,-1,-1,0,0,0,136,1,1,0,0.0000000,0.0000000,0.0000000,0,0,0,0
756874248643791 D 981,2286072339,1000,1555,1555,2.3853402,0.02188,-1,-1,-1,0,0,0,135,1,1,0,0.0000000,0.0000000,0.0000000,0,0,0,0
756874249626416 D 982,2286073339,1000,1555,1555,2.3853402,0.02102,-1,-1,-1,0,0,0,136,1,1,0,0.0000000,0.0000000,0.0000000,0,0,0,0
756874250581791 D 983,2286074339,1000,1554,1554,2.3838062,-0.03995,-1,-1,-1,0,0,0,136,1,1,0,0.0000000,0.0000000,0.0000000,0,0,0,0
756874251623208 D 984,2286075339,1000,1555,1555,2.3853402,0.02176,-1,-1,-1,0,0,0,136,1,1,0,0.0000000,0.0000000,0.0000000,0,0,0,0
756874252581291 D 985,2286076339,1000,1555,1555,2.3853402,0.02091,-1,-1,-1,0,0,0,136,1,1,0,0.0000000,0.0000000,0.0000000,0,0,0,0
756874253573708 D 986,2286077339,1000,1555,1555,2.3853402,0.02009,-1,-1,-1,0,0,0,136,1,1,0,0.0000000,0.0000000,0.0000000,0,0,0,0
756874254608750 D 987,2286078339,1000,1554,1554,2.3838062,-0.04085,-1,-1,-1,0,0,0,136,1,1,0,0.0000000,0.0000000,0.0000000,0,0,0,0
756874255603375 D 988,2286079339,1000,1555,1555,2.3853402,0.02090,-1,-1,-1,0,0,0,136,1,1,0,0.0000000,0.0000000,0.0000000,0,0,0,0
756874256578875 D 989,2286080339,1000,1555,1555,2.3853402,0.02008,-1,-1,-1,0,0,0,136,1,1,0,0.0000000,0.0000000,0.0000000,0,0,0,0
756874257605333 D 990,2286081339,1000,1554,1554,2.3838062,-0.04085,-1,-1,-1,0,0,0,136,1,1,0,0.0000000,0.0000000,0.0000000,0,0,0,0
756874258581458 D 991,2286082339,1000,1555,1555,2.3853402,0.02090,-1,-1,-1,0,0,0,136,1,1,0,0.0000000,0.0000000,0.0000000,0,0,0,0
756874259586375 D 992,2286083339,1000,1555,1555,2.3853402,0.02008,-1,-1,-1,0,0,0,136,1,1,0,0.0000000,0.0000000,0.0000000,0,0,0,0
756874260571291 D 993,2286084339,1000,1555,1555,2.3853402,0.01929,-1,-1,-1,0,0,0,136,1,1,0,0.0000000,0.0000000,0.0000000,0,0,0,0
756874261608750 D 994,2286085339,1000,1554,1554,2.3838062,-0.04161,-1,-1,-1,0,0,0,136,1,1,0,0.0000000,0.0000000,0.0000000,0,0,0,0
756874262590166 D 995,2286086339,1000,1554,1554,2.3838062,-0.03998,-1,-1,-1,0,0,0,136,1,1,0,0.0000000,0.0000000,0.0000000,0,0,0,0
756874263578625 D 996,2286087339,1000,1555,1555,2.3853402,0.02173,-1,-1,-1,0,0,0,136,1,1,0,0.0000000,0.0000000,0.0000000,0,0,0,0
756874264590708 D 997,2286088339,1000,1555,1555,2.3853402,0.02088,-1,-1,-1,0,0,0,136,1,1,0,0.0000000,0.0000000,0.0000000,0,0,0,0
756874265595375 D 998,2286089339,1000,1555,1555,2.3853402,0.02006,-1,-1,-1,0,0,0,136,1,1,0,0.0000000,0.0000000,0.0000000,0,0,0,0
756874266817250 D 999,2286090339,1000,1554,1554,2.3838062,-0.04087,-1,-1,-1,0,0,0,136,1,1,0,0.0000000,0.0000000,0.0000000,0,0,0,0
756874267832750 D 1000,2286091339,1000,1555,1555,2.3853402,0.02088,-1,-1,-1,0,0,0,136,1,1,0,0.0000000,0.0000000,0.0000000,0,0,0,0
756874268816333 D 1001,2286092339,1000,1555,1555,2.3853402,0.02006,-1,-1,-1,0,0,0,136,1,1,0,0.0000000,0.0000000,0.0000000,0,0,0,0
756874269636916 D 1002,2286093339,1000,1555,1555,2.3853402,0.01927,-1,-1,-1,0,0,0,136,1,1,0,0.0000000,0.0000000,0.0000000,0,0,0,0
756874270609541 D 1003,2286094339,1000,1555,1555,2.3853402,0.01852,-1,-1,-1,0,0,0,136,1,1,0,0.0000000,0.0000000,0.0000000,0,0,0,0
756874271587791 D 1004,2286095339,1000,1554,1554,2.3838062,-0.04236,-1,-1,-1,0,0,0,136,1,1,0,0.0000000,0.0000000,0.0000000,0,0,0,0
756874272586416 D 1005,2286096339,1000,1555,1555,2.3853402,0.01945,-1,-1,-1,0,0,0,136,1,1,0,0.0000000,0.0000000,0.0000000,0,0,0,0
756874273722875 D 1006,2286097339,1000,1555,1555,2.3853402,0.01869,-1,-1,-1,0,0,0,136,1,1,0,0.0000000,0.0000000,0.0000000,0,0,0,0
756874274661041 D 1007,2286098339,1000,1555,1555,2.3853402,0.01796,-1,-1,-1,0,0,0,136,1,1,0,0.0000000,0.0000000,0.0000000,0,0,0,0
756874275608583 D 1008,2286099339,1000,1555,1555,2.3853402,0.01725,-1,-1,-1,0,0,0,136,1,1,0,0.0000000,0.0000000,0.0000000,0,0,0,0
756874276598875 D 1009,2286100339,1000,1555,1555,2.3853402,0.01658,-1,-1,-1,0,0,0,136,1,1,0,0.0000000,0.0000000,0.0000000,0,0,0,0
756874277597583 D 1010,2286101339,1000,1555,1555,2.3853402,0.01593,-1,-1,-1,0,0,0,136,1,1,0,0.0000000,0.0000000,0.0000000,0,0,0,0
756874279042000 D 1011,2286102339,1000,1555,1555,2.3853402,0.01530,39,128,2034,0,0,0,136,1,1,0,0.0000000,0.0000000,0.0000000,0,0,0,0
756874279656625 D 1012,2286103339,1000,1555,1555,2.3853402,0.01470,-1,-1,-1,0,0,0,136,1,1,0,0.0000000,0.0000000,0.0000000,0,0,0,0
756874280600541 D 1013,2286104339,1000,1554,1554,2.3838062,-0.04602,-1,-1,-1,0,0,0,136,1,1,0,0.0000000,0.0000000,0.0000000,0,0,0,0
756874281595416 D 1014,2286105339,1000,1555,1555,2.3853402,0.01593,-1,-1,-1,0,0,0,136,1,1,0,0.0000000,0.0000000,0.0000000,0,0,0,0
756874282590500 D 1015,2286106339,1000,1554,1554,2.3838062,-0.04484,-1,-1,-1,0,0,0,136,1,1,0,0.0000000,0.0000000,0.0000000,0,0,0,0
756874283582708 D 1016,2286107339,1000,1555,1555,2.3853402,0.01706,-1,-1,-1,0,0,0,136,1,1,0,0.0000000,0.0000000,0.0000000,0,0,0,0
756874284590500 D 1017,2286108339,1000,1555,1555,2.3853402,0.01639,-1,-1,-1,0,0,0,136,1,1,0,0.0000000,0.0000000,0.0000000,0,0,0,0
756874285586041 D 1018,2286109339,1000,1555,1555,2.3853402,0.01575,-1,-1,-1,0,0,0,136,1,1,0,0.0000000,0.0000000,0.0000000,0,0,0,0
756874286605000 D 1019,2286110339,1000,1554,1554,2.3838062,-0.04501,-1,-1,-1,0,0,0,136,1,1,0,0.0000000,0.0000000,0.0000000,0,0,0,0
756874287575125 D 1020,2286111339,1000,1555,1555,2.3853402,0.01690,-1,-1,-1,0,0,0,136,1,1,0,0.0000000,0.0000000,0.0000000,0,0,0,0
756874288593416 D 1021,2286112339,1000,1555,1555,2.3853402,0.01624,-1,-1,-1,0,0,0,136,1,1,0,0.0000000,0.0000000,0.0000000,0,0,0,0
756874289582250 D 1022,2286113339,1000,1555,1555,2.3853402,0.01560,-1,-1,-1,0,0,0,136,1,1,0,0.0000000,0.0000000,0.0000000,0,0,0,0
756874290595291 D 1023,2286114339,1000,1554,1554,2.3838062,-0.04516,-1,-1,-1,0,0,0,136,1,1,0,0.0000000,0.0000000,0.0000000,0,0,0,0
756874291581625 D 1024,2286115339,1000,1554,1554,2.3838062,-0.04339,-1,-1,-1,0,0,0,136,1,1,0,0.0000000,0.0000000,0.0000000,0,0,0,0
756874292591291 D 1025,2286116339,1000,1554,1554,2.3838062,-0.04169,-1,-1,-1,0,0,0,136,1,1,0,0.0000000,0.0000000,0.0000000,0,0,0,0
756874293598000 D 1026,2286117339,1000,1554,1554,2.3838062,-0.04005,-1,-1,-1,0,0,0,136,1,1,0,0.0000000,0.0000000,0.0000000,0,0,0,0
756874294586958 D 1027,2286118339,1000,1555,1555,2.3853402,0.02167,-1,-1,-1,0,0,0,136,1,1,0,0.0000000,0.0000000,0.0000000,0,0,0,0
756874295586333 D 1028,2286119339,1000,1554,1554,2.3838062,-0.03933,-1,-1,-1,0,0,0,136,1,1,0,0.0000000,0.0000000,0.0000000,0,0,0,0
756874296877708 D 1029,2286120339,1000,1555,1555,2.3853402,0.02236,-1,-1,-1,0,0,0,136,1,1,0,0.0000000,0.0000000,0.0000000,0,0,0,0
756874297805583 D 1030,2286121339,1000,1555,1555,2.3853402,0.02148,-1,-1,-1,0,0,0,136,1,1,0,0.0000000,0.0000000,0.0000000,0,0,0,0
756874298843500 D 1031,2286122339,1000,1554,1554,2.3838062,-0.03951,-1,-1,-1,0,0,0,136,1,1,0,0.0000000,0.0000000,0.0000000,0,0,0,0
756874299607125 D 1032,2286123339,1000,1554,1554,2.3838062,-0.03796,-1,-1,-1,0,0,0,136,1,1,0,0.0000000,0.0000000,0.0000000,0,0,0,0
756874300570916 D 1033,2286124339,1000,1555,1555,2.3853402,0.02368,-1,-1,-1,0,0,0,136,1,1,0,0.0000000,0.0000000,0.0000000,0,0,0,0
756874301627125 D 1034,2286125339,1000,1554,1554,2.3838062,-0.03740,-1,-1,-1,0,0,0,136,1,1,0,0.0000000,0.0000000,0.0000000,0,0,0,0
756874302612958 D 1035,2286126339,1000,1554,1554,2.3838062,-0.03593,-1,-1,-1,0,0,0,136,1,1,0,0.0000000,0.0000000,0.0000000,0,0,0,0
756874303593041 D 1036,2286127339,1000,1554,1554,2.3838062,-0.03452,-1,-1,-1,0,0,0,136,1,1,0,0.0000000,0.0000000,0.0000000,0,0,0,0
756874304597291 D 1037,2286128339,1000,1554,1554,2.3838062,-0.03317,-1,-1,-1,0,0,0,136,1,1,0,0.0000000,0.0000000,0.0000000,0,0,0,0
756874305593166 D 1038,2286129339,1000,1554,1554,2.3838062,-0.03187,-1,-1,-1,0,0,0,136,1,1,0,0.0000000,0.0000000,0.0000000,0,0,0,0
756874306588083 D 1039,2286130339,1000,1554,1554,2.3838062,-0.03062,-1,-1,-1,0,0,0,136,1,1,0,0.0000000,0.0000000,0.0000000,0,0,0,0
756874307606166 D 1040,2286131339,1000,1555,1555,2.3853402,0.03073,-1,-1,-1,0,0,0,136,1,1,0,0.0000000,0.0000000,0.0000000,0,0,0,0
756874308580375 D 1041,2286132339,1000,1555,1555,2.3853402,0.02952,-1,-1,-1,0,0,0,136,1,1,0,0.0000000,0.0000000,0.0000000,0,0,0,0
756874309590041 D 1042,2286133339,1000,1555,1555,2.3853402,0.02837,-1,-1,-1,0,0,0,136,1,1,0,0.0000000,0.0000000,0.0000000,0,0,0,0
756874310582333 D 1043,2286134339,1000,1555,1555,2.3853402,0.02725,-1,-1,-1,0,0,0,136,1,1,0,0.0000000,0.0000000,0.0000000,0,0,0,0
756874311588458 D 1044,2286135339,1000,1555,1555,2.3853402,0.02619,-1,-1,-1,0,0,0,136,1,1,0,0.0000000,0.0000000,0.0000000,0,0,0,0
756874312606583 D 1045,2286136339,1000,1554,1554,2.3838062,-0.03499,-1,-1,-1,0,0,0,136,1,1,0,0.0000000,0.0000000,0.0000000,0,0,0,0
756874313589166 D 1046,2286137339,1000,1555,1555,2.3853402,0.02653,-1,-1,-1,0,0,0,136,1,1,0,0.0000000,0.0000000,0.0000000,0,0,0,0
756874314578625 D 1047,2286138339,1000,1555,1555,2.3853402,0.02549,-1,-1,-1,0,0,0,136,1,1,0,0.0000000,0.0000000,0.0000000,0,0,0,0
756874315599875 D 1048,2286139339,1000,1555,1555,2.3853402,0.02449,-1,-1,-1,0,0,0,136,1,1,0,0.0000000,0.0000000,0.0000000,0,0,0,0
756874316590625 D 1049,2286140339,1000,1555,1555,2.3853402,0.02353,-1,-1,-1,0,0,0,136,1,1,0,0.0000000,0.0000000,0.0000000,0,0,0,0
756874317607458 D 1050,2286141339,1000,1555,1555,2.3853402,0.02261,-1,-1,-1,0,0,0,136,1,1,0,0.0000000,0.0000000,0.0000000,0,0,0,0
756874318582750 D 1051,2286142339,1000,1555,1555,2.3853402,0.02172,-1,-1,-1,0,0,0,136,1,1,0,0.0000000,0.0000000,0.0000000,0,0,0,0
756874319579750 D 1052,2286143339,1000,1555,1555,2.3853402,0.02087,-1,-1,-1,0,0,0,136,1,1,0,0.0000000,0.0000000,0.0000000,0,0,0,0
756874320575833 D 1053,2286144339,1000,1554,1554,2.3838062,-0.04010,-1,-1,-1,0,0,0,136,1,1,0,0.0000000,0.0000000,0.0000000,0,0,0,0
756874321617666 D 1054,2286145339,1000,1555,1555,2.3853402,0.02162,-1,-1,-1,0,0,0,136,1,1,0,0.0000000,0.0000000,0.0000000,0,0,0,0
756874322636208 D 1055,2286146339,1000,1555,1555,2.3853402,0.02078,-1,-1,-1,0,0,0,136,1,1,0,0.0000000,0.0000000,0.0000000,0,0,0,0
756874323598708 D 1056,2286147339,1000,1555,1555,2.3853402,0.01996,-1,-1,-1,0,0,0,136,1,1,0,0.0000000,0.0000000,0.0000000,0,0,0,0
756874324599000 D 1057,2286148339,1000,1555,1555,2.3853402,0.01918,-1,-1,-1,0,0,0,136,1,1,0,0.0000000,0.0000000,0.0000000,0,0,0,0
756874325594000 D 1058,2286149339,1000,1555,1555,2.3853402,0.01843,-1,-1,-1,0,0,0,136,1,1,0,0.0000000,0.0000000,0.0000000,0,0,0,0
756874326588458 D 1059,2286150339,1000,1555,1555,2.3853402,0.01770,-1,-1,-1,0,0,0,136,1,1,0,0.0000000,0.0000000,0.0000000,0,0,0,0
756874327587708 D 1060,2286151339,1000,1555,1555,2.3853402,0.01701,-1,-1,-1,0,0,0,136,1,1,0,0.0000000,0.0000000,0.0000000,0,0,0,0
756874328969750 D 1061,2286152339,1000,1555,1555,2.3853402,0.01634,39,128,2035,0,0,0,136,1,1,0,0.0000000,0.0000000,0.0000000,0,0,0,0
756874329590750 D 1062,2286153339,1000,1555,1555,2.3853402,0.01570,-1,-1,-1,0,0,0,136,1,1,0,0.0000000,0.0000000,0.0000000,0,0,0,0
756874330849958 D 1063,2286154339,1000,1554,1554,2.3838062,-0.04506,-1,-1,-1,0,0,0,136,1,1,0,0.0000000,0.0000000,0.0000000,0,0,0,0
756874331831666 D 1064,2286155339,1000,1555,1555,2.3853402,0.01685,-1,-1,-1,0,0,0,136,1,1,0,0.0000000,0.0000000,0.0000000,0,0,0,0
756874332657333 D 1065,2286156339,1000,1555,1555,2.3853402,0.01619,-1,-1,-1,0,0,0,136,1,1,0,0.0000000,0.0000000,0.0000000,0,0,0,0
756874333605583 D 1066,2286157339,1000,1555,1555,2.3853402,0.01556,-1,-1,-1,0,0,0,136,1,1,0,0.0000000,0.0000000,0.0000000,0,0,0,0
756874334574791 D 1067,2286158339,1000,1555,1555,2.3853402,0.01495,-1,-1,-1,0,0,0,136,1,1,0,0.0000000,0.0000000,0.0000000,0,0,0,0
756874335585375 D 1068,2286159339,1000,1555,1555,2.3853402,0.01436,-1,-1,-1,0,0,0,136,1,1,0,0.0000000,0.0000000,0.0000000,0,0,0,0
756874336575541 D 1069,2286160339,1000,1555,1555,2.3853402,0.01380,-1,-1,-1,0,0,0,136,1,1,0,0.0000000,0.0000000,0.0000000,0,0,0,0
756874337592291 D 1070,2286161339,1000,1554,1554,2.3838062,-0.04689,-1,-1,-1,0,0,0,136,1,1,0,0.0000000,0.0000000,0.0000000,0,0,0,0
756874338585291 D 1071,2286162339,1000,1554,1554,2.3838062,-0.04505,-1,-1,-1,0,0,0,136,1,1,0,0.0000000,0.0000000,0.0000000,0,0,0,0
756874339583666 D 1072,2286163339,1000,1555,1555,2.3853402,0.01686,-1,-1,-1,0,0,0,135,1,1,0,0.0000000,0.0000000,0.0000000,0,0,0,0
756874340599708 D 1073,2286164339,1000,1555,1555,2.3853402,0.01620,-1,-1,-1,0,0,0,136,1,1,0,0.0000000,0.0000000,0.0000000,0,0,0,0
756874341602166 D 1074,2286165339,1000,1555,1555,2.3853402,0.01557,-1,-1,-1,0,0,0,136,1,1,0,0.0000000,0.0000000,0.0000000,0,0,0,0
756874342592875 D 1075,2286166339,1000,1554,1554,2.3838062,-0.04519,-1,-1,-1,0,0,0,136,1,1,0,0.0000000,0.0000000,0.0000000,0,0,0,0
756874343574500 D 1076,2286167339,1000,1555,1555,2.3853402,0.01673,-1,-1,-1,0,0,0,136,1,1,0,0.0000000,0.0000000,0.0000000,0,0,0,0
756874344574166 D 1077,2286168339,1000,1554,1554,2.3838062,-0.04408,-1,-1,-1,0,0,0,136,1,1,0,0.0000000,0.0000000,0.0000000,0,0,0,0
756874345584708 D 1078,2286169339,1000,1554,1554,2.3838062,-0.04235,-1,-1,-1,0,0,0,136,1,1,0,0.0000000,0.0000000,0.0000000,0,0,0,0
756874346566625 D 1079,2286170339,1000,1554,1554,2.3838062,-0.04069,-1,-1,-1,0,0,0,135,1,1,0,0.0000000,0.0000000,0.0000000,0,0,0,0
756874347577583 D 1080,2286171339,1000,1555,1555,2.3853402,0.02106,-1,-1,-1,0,0,0,136,1,1,0,0.0000000,0.0000000,0.0000000,0,0,0,0
756874348626791 D 1081,2286172339,1000,1554,1554,2.3838062,-0.03992,-1,-1,-1,0,0,0,136,1,1,0,0.0000000,0.0000000,0.0000000,0,0,0,0
756874349586125 D 1082,2286173339,1000,1555,1555,2.3853402,0.02180,-1,-1,-1,0,0,0,136,1,1,0,0.0000000,0.0000000,0.0000000,0,0,0,0
756874350573416 D 1083,2286174339,1000,1554,1554,2.3838062,-0.03921,-1,-1,-1,0,0,0,136,1,1,0,0.0000000,0.0000000,0.0000000,0,0,0,0
756874351604916 D 1084,2286175339,1000,1555,1555,2.3853402,0.02248,-1,-1,-1,0,0,0,136,1,1,0,0.0000000,0.0000000,0.0000000,0,0,0,0
756874352609916 D 1085,2286176339,1000,1554,1554,2.3838062,-0.03855,-1,-1,-1,0,0,0,136,1,1,0,0.0000000,0.0000000,0.0000000,0,0,0,0
756874353589083 D 1086,2286177339,1000,1555,1555,2.3853402,0.02311,-1,-1,-1,0,0,0,136,1,1,0,0.0000000,0.0000000,0.0000000,0,0,0,0
756874354583958 D 1087,2286178339,1000,1555,1555,2.3853402,0.02220,-1,-1,-1,0,0,0,136,1,1,0,0.0000000,0.0000000,0.0000000,0,0,0,0
756874355823583 D 1088,2286179339,1000,1554,1554,2.3838062,-0.03882,-1,-1,-1,0,0,0,136,1,1,0,0.0000000,0.0000000,0.0000000,0,0,0,0
756874356805250 D 1089,2286180339,1000,1555,1555,2.3853402,0.02285,-1,-1,-1,0,0,0,136,1,1,0,0.0000000,0.0000000,0.0000000,0,0,0,0
756874357821750 D 1090,2286181339,1000,1555,1555,2.3853402,0.02196,-1,-1,-1,0,0,0,136,1,1,0,0.0000000,0.0000000,0.0000000,0,0,0,0
756874358600833 D 1091,2286182339,1000,1554,1554,2.3838062,-0.03905,-1,-1,-1,0,0,0,136,1,1,0,0.0000000,0.0000000,0.0000000,0,0,0,0
756874359606625 D 1092,2286183339,1000,1555,1555,2.3853402,0.02263,-1,-1,-1,0,0,0,136,1,1,0,0.0000000,0.0000000,0.0000000,0,0,0,0
756874360639458 D 1093,2286184339,1000,1554,1554,2.3838062,-0.03841,-1,-1,-1,0,0,0,136,1,1,0,0.0000000,0.0000000,0.0000000,0,0,0,0
756874361602500 D 1094,2286185339,1000,1554,1554,2.3838062,-0.03690,-1,-1,-1,0,0,0,136,1,1,0,0.0000000,0.0000000,0.0000000,0,0,0,0
756874362590791 D 1095,2286186339,1000,1555,1555,2.3853402,0.02469,-1,-1,-1,0,0,0,136,1,1,0,0.0000000,0.0000000,0.0000000,0,0,0,0
756874363607958 D 1096,2286187339,1000,1555,1555,2.3853402,0.02373,-1,-1,-1,0,0,0,136,1,1,0,0.0000000,0.0000000,0.0000000,0,0,0,0
756874364619333 D 1097,2286188339,1000,1554,1554,2.3838062,-0.03735,-1,-1,-1,0,0,0,136,1,1,0,0.0000000,0.0000000,0.0000000,0,0,0,0
756874365608166 D 1098,2286189339,1000,1554,1554,2.3838062,-0.03589,-1,-1,-1,0,0,0,136,1,1,0,0.0000000,0.0000000,0.0000000,0,0,0,0
756874366605916 D 1099,2286190339,1000,1554,1554,2.3838062,-0.03448,-1,-1,-1,0,0,0,136,1,1,0,0.0000000,0.0000000,0.0000000,0,0,0,0
756874367591416 D 1100,2286191339,1000,1555,1555,2.3853402,0.02702,-1,-1,-1,0,0,0,135,1,1,0,0.0000000,0.0000000,0.0000000,0,0,0,0
756874368594916 D 1101,2286192339,1000,1555,1555,2.3853402,0.02596,-1,-1,-1,0,0,0,136,1,1,0,0.0000000,0.0000000,0.0000000,0,0,0,0
756874369576458 D 1102,2286193339,1000,1555,1555,2.3853402,0.02494,-1,-1,-1,0,0,0,136,1,1,0,0.0000000,0.0000000,0.0000000,0,0,0,0
756874370592500 D 1103,2286194339,1000,1555,1555,2.3853402,0.02396,-1,-1,-1,0,0,0,136,1,1,0,0.0000000,0.0000000,0.0000000,0,0,0,0
756874371608750 D 1104,2286195339,1000,1554,1554,2.3838062,-0.03712,-1,-1,-1,0,0,0,136,1,1,0,0.0000000,0.0000000,0.0000000,0,0,0,0
756874372578250 D 1105,2286196339,1000,1555,1555,2.3853402,0.02448,-1,-1,-1,0,0,0,136,1,1,0,0.0000000,0.0000000,0.0000000,0,0,0,0
756874373699958 D 1106,2286197339,1000,1555,1555,2.3853402,0.02352,-1,-1,-1,0,0,0,136,1,1,0,0.0000000,0.0000000,0.0000000,0,0,0,0
756874374721291 D 1107,2286198339,1000,1555,1555,2.3853402,0.02260,-1,-1,-1,0,0,0,136,1,1,0,0.0000000,0.0000000,0.0000000,0,0,0,0
756874375716666 D 1108,2286199339,1000,1554,1554,2.3838062,-0.03844,-1,-1,-1,0,0,0,136,1,1,0,0.0000000,0.0000000,0.0000000,0,0,0,0
756874376736416 D 1109,2286200339,1000,1555,1555,2.3853402,0.02322,-1,-1,-1,0,0,0,136,1,1,0,0.0000000,0.0000000,0.0000000,0,0,0,0
756874377720291 D 1110,2286201339,1000,1555,1555,2.3853402,0.02231,-1,-1,-1,0,0,0,136,1,1,0,0.0000000,0.0000000,0.0000000,0,0,0,0
756874379056916 D 1111,2286202339,1000,1554,1554,2.3838062,-0.03871,39,128,2034,0,0,0,136,1,1,0,0.0000000,0.0000000,0.0000000,0,0,0,0
756874379733916 D 1112,2286203339,1000,1555,1555,2.3853402,0.02295,-1,-1,-1,0,0,0,136,1,1,0,0.0000000,0.0000000,0.0000000,0,0,0,0
756874380644291 D 1113,2286204339,1000,1555,1555,2.3853402,0.02205,-1,-1,-1,0,0,0,136,1,1,0,0.0000000,0.0000000,0.0000000,0,0,0,0
756874381624333 D 1114,2286205339,1000,1554,1554,2.3838062,-0.03896,-1,-1,-1,0,0,0,135,1,1,0,0.0000000,0.0000000,0.0000000,0,0,0,0
756874382604750 D 1115,2286206339,1000,1555,1555,2.3853402,0.02271,-1,-1,-1,0,0,0,136,1,1,0,0.0000000,0.0000000,0.0000000,0,0,0,0
756874383618333 D 1116,2286207339,1000,1554,1554,2.3838062,-0.03832,-1,-1,-1,0,0,0,136,1,1,0,0.0000000,0.0000000,0.0000000,0,0,0,0
756874384597375 D 1117,2286208339,1000,1555,1555,2.3853402,0.02333,-1,-1,-1,0,0,0,136,1,1,0,0.0000000,0.0000000,0.0000000,0,0,0,0
756874385600166 D 1118,2286209339,1000,1555,1555,2.3853402,0.02241,-1,-1,-1,0,0,0,136,1,1,0,0.0000000,0.0000000,0.0000000,0,0,0,0
756874386594833 D 1119,2286210339,1000,1555,1555,2.3853402,0.02153,-1,-1,-1,0,0,0,136,1,1,0,0.0000000,0.0000000,0.0000000,0,0,0,0
756874387628375 D 1120,2286211339,1000,1554,1554,2.3838062,-0.03946,-1,-1,-1,0,0,0,136,1,1,0,0.0000000,0.0000000,0.0000000,0,0,0,0
756874388602541 D 1121,2286212339,1000,1554,1554,2.3838062,-0.03791,-1,-1,-1,0,0,0,136,1,1,0,0.0000000,0.0000000,0.0000000,0,0,0,0
756874389612500 D 1122,2286213339,1000,1555,1555,2.3853402,0.02372,-1,-1,-1,0,0,0,136,1,1,0,0.0000000,0.0000000,0.0000000,0,0,0,0
756874390602250 D 1123,2286214339,1000,1555,1555,2.3853402,0.02279,-1,-1,-1,0,0,0,136,1,1,0,0.0000000,0.0000000,0.0000000,0,0,0,0
756874391846958 D 1124,2286215339,1000,1554,1554,2.3838062,-0.03825,-1,-1,-1,0,0,0,136,1,1,0,0.0000000,0.0000000,0.0000000,0,0,0,0
756874392829083 D 1125,2286216339,1000,1555,1555,2.3853402,0.02340,-1,-1,-1,0,0,0,136,1,1,0,0.0000000,0.0000000,0.0000000,0,0,0,0
756874393692750 D 1126,2286217339,1000,1554,1554,2.3838062,-0.03767,-1,-1,-1,0,0,0,136,1,1,0,0.0000000,0.0000000,0.0000000,0,0,0,0
756874394605083 D 1127,2286218339,1000,1555,1555,2.3853402,0.02396,-1,-1,-1,0,0,0,136,1,1,0,0.0000000,0.0000000,0.0000000,0,0,0,0
756874395662833 D 1128,2286219339,1000,1555,1555,2.3853402,0.02302,-1,-1,-1,0,0,0,135,1,1,0,0.0000000,0.0000000,0.0000000,0,0,0,0
756874396628041 D 1129,2286220339,1000,1555,1555,2.3853402,0.02212,-1,-1,-1,0,0,0,136,1,1,0,0.0000000,0.0000000,0.0000000,0,0,0,0
756874397625708 D 1130,2286221339,1000,1555,1555,2.3853402,0.02125,-1,-1,-1,0,0,0,136,1,1,0,0.0000000,0.0000000,0.0000000,0,0,0,0
756874398608250 D 1131,2286222339,1000,1555,1555,2.3853402,0.02042,-1,-1,-1,0,0,0,136,1,1,0,0.0000000,0.0000000,0.0000000,0,0,0,0
756874399606375 D 1132,2286223339,1000,1555,1555,2.3853402,0.01962,-1,-1,-1,0,0,0,136,1,1,0,0.0000000,0.0000000,0.0000000,0,0,0,0
756874400597708 D 1133,2286224339,1000,1555,1555,2.3853402,0.01885,-1,-1,-1,0,0,0,136,1,1,0,0.0000000,0.0000000,0.0000000,0,0,0,0
756874401594916 D 1134,2286225339,1000,1554,1554,2.3838062,-0.04204,-1,-1,-1,0,0,0,136,1,1,0,0.0000000,0.0000000,0.0000000,0,0,0,0
756874402595125 D 1135,2286226339,1000,1555,1555,2.3853402,0.01976,-1,-1,-1,0,0,0,136,1,1,0,0.0000000,0.0000000,0.0000000,0,0,0,0
756874403619958 D 1136,2286227339,1000,1554,1554,2.3838062,-0.04117,-1,-1,-1,0,0,0,136,1,1,0,0.0000000,0.0000000,0.0000000,0,0,0,0
756874404595500 D 1137,2286228339,1000,1555,1555,2.3853402,0.02060,-1,-1,-1,0,0,0,136,1,1,0,0.0000000,0.0000000,0.0000000,0,0,0,0
756874405595750 D 1138,2286229339,1000,1555,1555,2.3853402,0.01979,-1,-1,-1,0,0,0,136,1,1,0,0.0000000,0.0000000,0.0000000,0,0,0,0
756874406594208 D 1139,2286230339,1000,1555,1555,2.3853402,0.01901,-1,-1,-1,0,0,0,136,1,1,0,0.0000000,0.0000000,0.0000000,0,0,0,0
756874407595958 D 1140,2286231339,1000,1555,1555,2.3853402,0.01827,-1,-1,-1,0,0,0,136,1,1,0,0.0000000,0.0000000,0.0000000,0,0,0,0
756874408591041 D 1141,2286232339,1000,1555,1555,2.3853402,0.01755,-1,-1,-1,0,0,0,136,1,1,0,0.0000000,0.0000000,0.0000000,0,0,0,0
756874409623666 D 1142,2286233339,1000,1554,1554,2.3838062,-0.04329,-1,-1,-1,0,0,0,136,1,1,0,0.0000000,0.0000000,0.0000000,0,0,0,0
756874410596875 D 1143,2286234339,1000,1555,1555,2.3853402,0.01856,-1,-1,-1,0,0,0,136,1,1,0,0.0000000,0.0000000,0.0000000,0,0,0,0
756874411634958 D 1144,2286235339,1000,1555,1555,2.3853402,0.01783,-1,-1,-1,0,0,0,136,1,1,0,0.0000000,0.0000000,0.0000000,0,0,0,0
756874412594375 D 1145,2286236339,1000,1555,1555,2.3853402,0.01713,-1,-1,-1,0,0,0,136,1,1,0,0.0000000,0.0000000,0.0000000,0,0,0,0
756874413591083 D 1146,2286237339,1000,1555,1555,2.3853402,0.01646,-1,-1,-1,0,0,0,136,1,1,0,0.0000000,0.0000000,0.0000000,0,0,0,0
756874414598750 D 1147,2286238339,1000,1555,1555,2.3853402,0.01582,-1,-1,-1,0,0,0,136,1,1,0,0.0000000,0.0000000,0.0000000,0,0,0,0
756874415605416 D 1148,2286239339,1000,1555,1555,2.3853402,0.01519,-1,-1,-1,0,0,0,136,1,1,0,0.0000000,0.0000000,0.0000000,0,0,0,0
756874416613333 D 1149,2286240339,1000,1554,1554,2.3838062,-0.04555,-1,-1,-1,0,0,0,136,1,1,0,0.0000000,0.0000000,0.0000000,0,0,0,0
756874417590708 D 1150,2286241339,1000,1555,1555,2.3853402,0.01639,-1,-1,-1,0,0,0,136,1,1,0,0.0000000,0.0000000,0.0000000,0,0,0,0
756874418595666 D 1151,2286242339,1000,1555,1555,2.3853402,0.01574,-1,-1,-1,0,0,0,136,1,1,0,0.0000000,0.0000000,0.0000000,0,0,0,0
756874419616291 D 1152,2286243339,1000,1554,1554,2.3838062,-0.04502,-1,-1,-1,0,0,0,136,1,1,0,0.0000000,0.0000000,0.0000000,0,0,0,0
756874420606125 D 1153,2286244339,1000,1554,1554,2.3838062,-0.04326,-1,-1,-1,0,0,0,136,1,1,0,0.0000000,0.0000000,0.0000000,0,0,0,0
756874421617666 D 1154,2286245339,1000,1554,1554,2.3838062,-0.04156,-1,-1,-1,0,0,0,136,1,1,0,0.0000000,0.0000000,0.0000000,0,0,0,0
756874422911375 D 1155,2286246339,1000,1554,1554,2.3838062,-0.03993,-1,-1,-1,0,0,0,136,1,1,0,0.0000000,0.0000000,0.0000000,0,0,0,0
756874423865333 D 1156,2286247339,1000,1554,1554,2.3838062,-0.03837,-1,-1,-1,0,0,0,135,1,1,0,0.0000000,0.0000000,0.0000000,0,0,0,0
756874424853166 D 1157,2286248339,1000,1555,1555,2.3853402,0.02329,-1,-1,-1,0,0,0,136,1,1,0,0.0000000,0.0000000,0.0000000,0,0,0,0
756874425623583 D 1158,2286249339,1000,1554,1554,2.3838062,-0.03777,-1,-1,-1,0,0,0,136,1,1,0,0.0000000,0.0000000,0.0000000,0,0,0,0
756874426604166 D 1159,2286250339,1000,1555,1555,2.3853402,0.02385,-1,-1,-1,0,0,0,136,1,1,0,0.0000000,0.0000000,0.0000000,0,0,0,0
756874427603416 D 1160,2286251339,1000,1554,1554,2.3838062,-0.03723,-1,-1,-1,0,0,0,136,1,1,0,0.0000000,0.0000000,0.0000000,0,0,0,0
756874429044208 D 1161,2286252339,1000,1554,1554,2.3838062,-0.03577,39,128,2034,0,0,0,136,1,1,0,0.0000000,0.0000000,0.0000000,0,0,0,0
756874429662750 D 1162,2286253339,1000,1555,1555,2.3853402,0.02578,-1,-1,-1,0,0,0,136,1,1,0,0.0000000,0.0000000,0.0000000,0,0,0,0
756874430599375 D 1163,2286254339,1000,1555,1555,2.3853402,0.02477,-1,-1,-1,0,0,0,136,1,1,0,0.0000000,0.0000000,0.0000000,0,0,0,0
756874431630625 D 1164,2286255339,1000,1555,1555,2.3853402,0.02380,-1,-1,-1,0,0,0,136,1,1,0,0.0000000,0.0000000,0.0000000,0,0,0,0
756874432635125 D 1165,2286256339,1000,1555,1555,2.3853402,0.02287,-1,-1,-1,0,0,0,136,1,1,0,0.0000000,0.0000000,0.0000000,0,0,0,0
756874433645208 D 1166,2286257339,1000,1554,1554,2.3838062,-0.03818,-1,-1,-1,0,0,0,136,1,1,0,0.0000000,0.0000000,0.0000000,0,0,0,0
756874434635750 D 1167,2286258339,1000,1555,1555,2.3853402,0.02347,-1,-1,-1,0,0,0,136,1,1,0,0.0000000,0.0000000,0.0000000,0,0,0,0
756874435603125 D 1168,2286259339,1000,1555,1555,2.3853402,0.02255,-1,-1,-1,0,0,0,136,1,1,0,0.0000000,0.0000000,0.0000000,0,0,0,0
756874436601875 D 1169,2286260339,1000,1555,1555,2.3853402,0.02166,-1,-1,-1,0,0,0,136,1,1,0,0.0000000,0.0000000,0.0000000,0,0,0,0
756874437608958 D 1170,2286261339,1000,1555,1555,2.3853402,0.02081,-1,-1,-1,0,0,0,136,1,1,0,0.0000000,0.0000000,0.0000000,0,0,0,0
756874438590833 D 1171,2286262339,1000,1555,1555,2.3853402,0.02000,-1,-1,-1,0,0,0,136,1,1,0,0.0000000,0.0000000,0.0000000,0,0,0,0
756874439591250 D 1172,2286263339,1000,1555,1555,2.3853402,0.01921,-1,-1,-1,0,0,0,136,1,1,0,0.0000000,0.0000000,0.0000000,0,0,0,0
756874440595833 D 1173,2286264339,1000,1554,1554,2.3838062,-0.04169,-1,-1,-1,0,0,0,136,1,1,0,0.0000000,0.0000000,0.0000000,0,0,0,0
756874441598916 D 1174,2286265339,1000,1554,1554,2.3838062,-0.04005,-1,-1,-1,0,0,0,136,1,1,0,0.0000000,0.0000000,0.0000000,0,0,0,0
756874442614041 D 1175,2286266339,1000,1555,1555,2.3853402,0.02166,-1,-1,-1,0,0,0,136,1,1,0,0.0000000,0.0000000,0.0000000,0,0,0,0
756874443609583 D 1176,2286267339,1000,1554,1554,2.3838062,-0.03933,-1,-1,-1,0,0,0,136,1,1,0,0.0000000,0.0000000,0.0000000,0,0,0,0
756874444604208 D 1177,2286268339,1000,1554,1554,2.3838062,-0.03779,-1,-1,-1,0,0,0,136,1,1,0,0.0000000,0.0000000,0.0000000,0,0,0,0
756874445592208 D 1178,2286269339,1000,1555,1555,2.3853402,0.02384,-1,-1,-1,0,0,0,136,1,1,0,0.0000000,0.0000000,0.0000000,0,0,0,0
756874446593875 D 1179,2286270339,1000,1554,1554,2.3838062,-0.03724,-1,-1,-1,0,0,0,136,1,1,0,0.0000000,0.0000000,0.0000000,0,0,0,0
756874447605333 D 1180,2286271339,1000,1555,1555,2.3853402,0.02436,-1,-1,-1,0,0,0,136,1,1,0,0.0000000,0.0000000,0.0000000,0,0,0,0
756874448587625 D 1181,2286272339,1000,1555,1555,2.3853402,0.02341,-1,-1,-1,0,0,0,136,1,1,0,0.0000000,0.0000000,0.0000000,0,0,0,0
756874449653208 D 1182,2286273339,1000,1555,1555,2.3853402,0.02249,-1,-1,-1,0,0,0,136,1,1,0,0.0000000,0.0000000,0.0000000,0,0,0,0
756874450697166 D 1183,2286274339,1000,1554,1554,2.3838062,-0.03854,-1,-1,-1,0,0,0,136,1,1,0,0.0000000,0.0000000,0.0000000,0,0,0,0
756874451629375 D 1184,2286275339,1000,1555,1555,2.3853402,0.02312,-1,-1,-1,0,0,0,135,1,1,0,0.0000000,0.0000000,0.0000000,0,0,0,0
756874452603541 D 1185,2286276339,1000,1555,1555,2.3853402,0.02221,-1,-1,-1,0,0,0,136,1,1,0,0.0000000,0.0000000,0.0000000,0,0,0,0
756874453598833 D 1186,2286277339,1000,1554,1554,2.3838062,-0.03881,-1,-1,-1,0,0,0,136,1,1,0,0.0000000,0.0000000,0.0000000,0,0,0,0
756874454621541 D 1187,2286278339,1000,1555,1555,2.3853402,0.02286,-1,-1,-1,0,0,0,136,1,1,0,0.0000000,0.0000000,0.0000000,0,0,0,0
756874455597833 D 1188,2286279339,1000,1554,1554,2.3838062,-0.03818,-1,-1,-1,0,0,0,136,1,1,0,0.0000000,0.0000000,0.0000000,0,0,0,0
756874456833000 D 1189,2286280339,1000,1555,1555,2.3853402,0.02347,-1,-1,-1,0,0,0,136,1,1,0,0.0000000,0.0000000,0.0000000,0,0,0,0
756874457856375 D 1190,2286281339,1000,1555,1555,2.3853402,0.02255,-1,-1,-1,0,0,0,136,1,1,0,0.0000000,0.0000000,0.0000000,0,0,0,0
756874458799375 D 1191,2286282339,1000,1555,1555,2.3853402,0.02166,-1,-1,-1,0,0,0,136,1,1,0,0.0000000,0.0000000,0.0000000,0,0,0,0
756874459607291 D 1192,2286283339,1000,1554,1554,2.3838062,-0.03934,-1,-1,-1,0,0,0,136,1,1,0,0.0000000,0.0000000,0.0000000,0,0,0,0
756874460648500 D 1193,2286284339,1000,1554,1554,2.3838062,-0.03779,-1,-1,-1,0,0,0,136,1,1,0,0.0000000,0.0000000,0.0000000,0,0,0,0
756874461627000 D 1194,2286285339,1000,1555,1555,2.3853402,0.02384,-1,-1,-1,0,0,0,136,1,1,0,0.0000000,0.0000000,0.0000000,0,0,0,0
756874462616500 D 1195,2286286339,1000,1554,1554,2.3838062,-0.03725,-1,-1,-1,0,0,0,136,1,1,0,0.0000000,0.0000000,0.0000000,0,0,0,0
756874463604916 D 1196,2286287339,1000,1554,1554,2.3838062,-0.03579,-1,-1,-1,0,0,0,136,1,1,0,0.0000000,0.0000000,0.0000000,0,0,0,0
756874464616541 D 1197,2286288339,1000,1555,1555,2.3853402,0.02577,-1,-1,-1,0,0,0,136,1,1,0,0.0000000,0.0000000,0.0000000,0,0,0,0
756874465607375 D 1198,2286289339,1000,1555,1555,2.3853402,0.02475,-1,-1,-1,0,0,0,136,1,1,0,0.0000000,0.0000000,0.0000000,0,0,0,0
756874466602708 D 1199,2286290339,1000,1555,1555,2.3853402,0.02378,-1,-1,-1,0,0,0,136,1,1,0,0.0000000,0.0000000,0.0000000,0,0,0,0
756874467616750 D 1200,2286291339,1000,1555,1555,2.3853402,0.02285,-1,-1,-1,0,0,0,136,1,1,0,0.0000000,0.0000000,0.0000000,0,0,0,0
756874468604625 D 1201,2286292339,1000,1555,1555,2.3853402,0.02196,-1,-1,-1,0,0,0,136,1,1,0,0.0000000,0.0000000,0.0000000,0,0,0,0
756874469603416 D 1202,2286293339,1000,1554,1554,2.3838062,-0.03905,-1,-1,-1,0,0,0,136,1,1,0,0.0000000,0.0000000,0.0000000,0,0,0,0
756874470604416 D 1203,2286294339,1000,1555,1555,2.3853402,0.02263,-1,-1,-1,0,0,0,136,1,1,0,0.0000000,0.0000000,0.0000000,0,0,0,0
756874471597583 D 1204,2286295339,1000,1555,1555,2.3853402,0.02174,-1,-1,-1,0,0,0,136,1,1,0,0.0000000,0.0000000,0.0000000,0,0,0,0
756874472598333 D 1205,2286296339,1000,1555,1555,2.3853402,0.02089,-1,-1,-1,0,0,0,136,1,1,0,0.0000000,0.0000000,0.0000000,0,0,0,0
756874473683083 D 1206,2286297339,1000,1555,1555,2.3853402,0.02007,-1,-1,-1,0,0,0,136,1,1,0,0.0000000,0.0000000,0.0000000,0,0,0,0
756874474838208 D 1207,2286298339,1000,1555,1555,2.3853402,0.01928,-1,-1,-1,0,0,0,136,1,1,0,0.0000000,0.0000000,0.0000000,0,0,0,0
756874475882000 D 1208,2286299339,1000,1554,1554,2.3838062,-0.04162,-1,-1,-1,0,0,0,136,1,1,0,0.0000000,0.0000000,0.0000000,0,0,0,0
756874476838416 D 1209,2286300339,1000,1555,1555,2.3853402,0.02016,-1,-1,-1,0,0,0,136,1,1,0,0.0000000,0.0000000,0.0000000,0,0,0,0
756874477889750 D 1210,2286301339,1000,1555,1555,2.3853402,0.01937,-1,-1,-1,0,0,0,136,1,1,0,0.0000000,0.0000000,0.0000000,0,0,0,0
756874479176708 D 1211,2286302339,1000,1554,1554,2.3838062,-0.04154,39,128,2033,0,0,0,136,1,1,0,0.0000000,0.0000000,0.0000000,0,0,0,0
756874479815333 D 1212,2286303339,1000,1555,1555,2.3853402,0.02024,-1,-1,-1,0,0,0,136,1,1,0,0.0000000,0.0000000,0.0000000,0,0,0,0
756874480642250 D 1213,2286304339,1000,1554,1554,2.3838062,-0.04071,-1,-1,-1,0,0,0,136,1,1,0,0.0000000,0.0000000,0.0000000,0,0,0,0
756874481645916 D 1214,2286305339,1000,1554,1554,2.3838062,-0.03911,-1,-1,-1,0,0,0,136,1,1,0,0.0000000,0.0000000,0.0000000,0,0,0,0
756874482604791 D 1215,2286306339,1000,1554,1554,2.3838062,-0.03758,-1,-1,-1,0,0,0,136,1,1,0,0.0000000,0.0000000,0.0000000,0,0,0,0
756874483610333 D 1216,2286307339,1000,1555,1555,2.3853402,0.02405,-1,-1,-1,0,0,0,136,1,1,0,0.0000000,0.0000000,0.0000000,0,0,0,0
756874484633666 D 1217,2286308339,1000,1554,1554,2.3838062,-0.03705,-1,-1,-1,0,0,0,136,1,1,0,0.0000000,0.0000000,0.0000000,0,0,0,0
756874485630833 D 1218,2286309339,1000,1554,1554,2.3838062,-0.03559,-1,-1,-1,0,0,0,136,1,1,0,0.0000000,0.0000000,0.0000000,0,0,0,0
756874486602250 D 1219,2286310339,1000,1555,1555,2.3853402,0.02595,-1,-1,-1,0,0,0,136,1,1,0,0.0000000,0.0000000,0.0000000,0,0,0,0
756874487619333 D 1220,2286311339,1000,1554,1554,2.3838062,-0.03521,-1,-1,-1,0,0,0,136,1,1,0,0.0000000,0.0000000,0.0000000,0,0,0,0
756874489120000 D 1221,2286312339,1000,1555,1555,2.3853402,0.02631,-1,-1,-1,0,0,0,136,1,1,0,0.0000000,0.0000000,0.0000000,0,0,0,0
756874489816916 D 1222,2286313339,1000,1555,1555,2.3853402,0.02528,-1,-1,-1,0,0,0,136,1,1,0,0.0000000,0.0000000,0.0000000,0,0,0,0
756874490715125 D 1223,2286314339,1000,1554,1554,2.3838062,-0.03586,-1,-1,-1,0,0,0,136,1,1,0,0.0000000,0.0000000,0.0000000,0,0,0,0
756874491697000 D 1224,2286315339,1000,1555,1555,2.3853402,0.02570,-1,-1,-1,0,0,0,136,1,1,0,0.0000000,0.0000000,0.0000000,0,0,0,0
756874492729958 D 1225,2286316339,1000,1555,1555,2.3853402,0.02469,-1,-1,-1,0,0,0,136,1,1,0,0.0000000,0.0000000,0.0000000,0,0,0,0
756874493747583 D 1226,2286317339,1000,1554,1554,2.3838062,-0.03643,-1,-1,-1,0,0,0,136,1,1,0,0.0000000,0.0000000,0.0000000,0,0,0,0
756874494744833 D 1227,2286318339,1000,1555,1555,2.3853402,0.02515,-1,-1,-1,0,0,0,136,1,1,0,0.0000000,0.0000000,0.0000000,0,0,0,0
756874495783041 D 1228,2286319339,1000,1554,1554,2.3838062,-0.03598,-1,-1,-1,0,0,0,136,1,1,0,0.0000000,0.0000000,0.0000000,0,0,0,0
756874496664750 D 1229,2286320339,1000,1555,1555,2.3853402,0.02557,-1,-1,-1,0,0,0,136,1,1,0,0.0000000,0.0000000,0.0000000,0,0,0,0
756874497680791 D 1230,2286321339,1000,1555,1555,2.3853402,0.02457,-1,-1,-1,0,0,0,136,1,1,0,0.0000000,0.0000000,0.0000000,0,0,0,0
756874498678708 D 1231,2286322339,1000,1554,1554,2.3838062,-0.03654,-1,-1,-1,0,0,0,136,1,1,0,0.0000000,0.0000000,0.0000000,0,0,0,0
756874499708166 D 1232,2286323339,1000,1555,1555,2.3853402,0.02504,-1,-1,-1,0,0,0,136,1,1,0,0.0000000,0.0000000,0.0000000,0,0,0,0
756874500659375 D 1233,2286324339,1000,1555,1555,2.3853402,0.02406,-1,-1,-1,0,0,0,135,1,1,0,0.0000000,0.0000000,0.0000000,0,0,0,0
756874501675500 D 1234,2286325339,1000,1554,1554,2.3838062,-0.03703,-1,-1,-1,0,0,0,136,1,1,0,0.0000000,0.0000000,0.0000000,0,0,0,0
756874502665250 D 1235,2286326339,1000,1554,1554,2.3838062,-0.03558,-1,-1,-1,0,0,0,136,1,1,0,0.0000000,0.0000000,0.0000000,0,0,0,0
756874503604708 D 1236,2286327339,1000,1555,1555,2.3853402,0.02596,-1,-1,-1,0,0,0,136,1,1,0,0.0000000,0.0000000,0.0000000,0,0,0,0
756874504630458 D 1237,2286328339,1000,1554,1554,2.3838062,-0.03520,-1,-1,-1,0,0,0,136,1,1,0,0.0000000,0.0000000,0.0000000,0,0,0,0
756874505594625 D 1238,2286329339,1000,1555,1555,2.3853402,0.02633,-1,-1,-1,0,0,0,136,1,1,0,0.0000000,0.0000000,0.0000000,0,0,0,0
756874506570041 D 1239,2286330339,1000,1555,1555,2.3853402,0.02529,-1,-1,-1,0,0,0,136,1,1,0,0.0000000,0.0000000,0.0000000,0,0,0,0
756874507765500 D 1240,2286331339,1000,1555,1555,2.3853402,0.02430,-1,-1,-1,0,0,0,136,1,1,0,0.0000000,0.0000000,0.0000000,0,0,0,0
756874508714583 D 1241,2286332339,1000,1554,1554,2.3838062,-0.03680,-1,-1,-1,0,0,0,136,1,1,0,0.0000000,0.0000000,0.0000000,0,0,0,0
756874509640791 D 1242,2286333339,1000,1555,1555,2.3853402,0.02479,-1,-1,-1,0,0,0,136,1,1,0,0.0000000,0.0000000,0.0000000,0,0,0,0
756874510629500 D 1243,2286334339,1000,1554,1554,2.3838062,-0.03633,-1,-1,-1,0,0,0,136,1,1,0,0.0000000,0.0000000,0.0000000,0,0,0,0
756874511599250 D 1244,2286335339,1000,1555,1555,2.3853402,0.02524,-1,-1,-1,0,0,0,136,1,1,0,0.0000000,0.0000000,0.0000000,0,0,0,0
756874512640541 D 1245,2286336339,1000,1555,1555,2.3853402,0.02425,-1,-1,-1,0,0,0,136,1,1,0,0.0000000,0.0000000,0.0000000,0,0,0,0
756874513676875 D 1246,2286337339,1000,1555,1555,2.3853402,0.02330,-1,-1,-1,0,0,0,136,1,1,0,0.0000000,0.0000000,0.0000000,0,0,0,0
756874514514458 D 1247,2286338339,1000,1555,1555,2.3853402,0.02239,-1,-1,-1,0,0,0,136,1,1,0,0.0000000,0.0000000,0.0000000,0,0,0,0
756874515575291 D 1248,2286339339,1000,1555,1555,2.3853402,0.02151,-1,-1,-1,0,0,0,136,1,1,0,0.0000000,0.0000000,0.0000000,0,0,0,0
756874516617875 D 1249,2286340339,1000,1555,1555,2.3853402,0.02067,-1,-1,-1,0,0,0,136,1,1,0,0.0000000,0.0000000,0.0000000,0,0,0,0
756874517645541 D 1250,2286341339,1000,1555,1555,2.3853402,0.01986,-1,-1,-1,0,0,0,136,1,1,0,0.0000000,0.0000000,0.0000000,0,0,0,0
756874518618625 D 1251,2286342339,1000,1554,1554,2.3838062,-0.04107,-1,-1,-1,0,0,0,136,1,1,0,0.0000000,0.0000000,0.0000000,0,0,0,0
756874519608791 D 1252,2286343339,1000,1555,1555,2.3853402,0.02069,-1,-1,-1,0,0,0,136,1,1,0,0.0000000,0.0000000,0.0000000,0,0,0,0
756874520644166 D 1253,2286344339,1000,1555,1555,2.3853402,0.01988,-1,-1,-1,0,0,0,136,1,1,0,0.0000000,0.0000000,0.0000000,0,0,0,0
756874521687041 D 1254,2286345339,1000,1555,1555,2.3853402,0.01910,-1,-1,-1,0,0,0,136,1,1,0,0.0000000,0.0000000,0.0000000,0,0,0,0
756874522679458 D 1255,2286346339,1000,1554,1554,2.3838062,-0.04180,-1,-1,-1,0,0,0,136,1,1,0,0.0000000,0.0000000,0.0000000,0,0,0,0
756874523641416 D 1256,2286347339,1000,1555,1555,2.3853402,0.01999,-1,-1,-1,0,0,0,136,1,1,0,0.0000000,0.0000000,0.0000000,0,0,0,0
756874524623041 D 1257,2286348339,1000,1555,1555,2.3853402,0.01920,-1,-1,-1,0,0,0,136,1,1,0,0.0000000,0.0000000,0.0000000,0,0,0,0
756874525616500 D 1258,2286349339,1000,1554,1554,2.3838062,-0.04170,-1,-1,-1,0,0,0,136,1,1,0,0.0000000,0.0000000,0.0000000,0,0,0,0
756874526613041 D 1259,2286350339,1000,1555,1555,2.3853402,0.02009,-1,-1,-1,0,0,0,136,1,1,0,0.0000000,0.0000000,0.0000000,0,0,0,0
756874527608541 D 1260,2286351339,1000,1555,1555,2.3853402,0.01930,-1,-1,-1,0,0,0,136,1,1,0,0.0000000,0.0000000,0.0000000,0,0,0,0
756874529000458 D 1261,2286352339,1000,1555,1555,2.3853402,0.01854,39,128,2034,0,0,0,136,1,1,0,0.0000000,0.0000000,0.0000000,0,0,0,0
756874529637250 D 1262,2286353339,1000,1554,1554,2.3838062,-0.04233,-1,-1,-1,0,0,0,136,1,1,0,0.0000000,0.0000000,0.0000000,0,0,0,0
756874530580916 D 1263,2286354339,1000,1555,1555,2.3853402,0.01948,-1,-1,-1,0,0,0,136,1,1,0,0.0000000,0.0000000,0.0000000,0,0,0,0
756874531613291 D 1264,2286355339,1000,1555,1555,2.3853402,0.01871,-1,-1,-1,0,0,0,136,1,1,0,0.0000000,0.0000000,0.0000000,0,0,0,0
756874532635208 D 1265,2286356339,1000,1554,1554,2.3838062,-0.04217,-1,-1,-1,0,0,0,136,1,1,0,0.0000000,0.0000000,0.0000000,0,0,0,0
756874533632000 D 1266,2286357339,1000,1555,1555,2.3853402,0.01963,-1,-1,-1,0,0,0,136,1,1,0,0.0000000,0.0000000,0.0000000,0,0,0,0
756874534610166 D 1267,2286358339,1000,1555,1555,2.3853402,0.01886,-1,-1,-1,0,0,0,136,1,1,0,0.0000000,0.0000000,0.0000000,0,0,0,0
756874535615500 D 1268,2286359339,1000,1555,1555,2.3853402,0.01812,-1,-1,-1,0,0,0,136,1,1,0,0.0000000,0.0000000,0.0000000,0,0,0,0
756874536622250 D 1269,2286360339,1000,1555,1555,2.3853402,0.01741,-1,-1,-1,0,0,0,136,1,1,0,0.0000000,0.0000000,0.0000000,0,0,0,0
756874537675666 D 1270,2286361339,1000,1554,1554,2.3838062,-0.04342,-1,-1,-1,0,0,0,136,1,1,0,0.0000000,0.0000000,0.0000000,0,0,0,0
756874538583875 D 1271,2286362339,1000,1555,1555,2.3853402,0.01843,-1,-1,-1,0,0,0,136,1,1,0,0.0000000,0.0000000,0.0000000,0,0,0,0
756874539629166 D 1272,2286363339,1000,1555,1555,2.3853402,0.01771,-1,-1,-1,0,0,0,136,1,1,0,0.0000000,0.0000000,0.0000000,0,0,0,0
756874540601750 D 1273,2286364339,1000,1555,1555,2.3853402,0.01701,-1,-1,-1,0,0,0,136,1,1,0,0.0000000,0.0000000,0.0000000,0,0,0,0
756874541585958 D 1274,2286365339,1000,1555,1555,2.3853402,0.01635,-1,-1,-1,0,0,0,136,1,1,0,0.0000000,0.0000000,0.0000000,0,0,0,0
756874542594416 D 1275,2286366339,1000,1555,1555,2.3853402,0.01571,-1,-1,-1,0,0,0,136,1,1,0,0.0000000,0.0000000,0.0000000,0,0,0,0
756874543594416 D 1276,2286367339,1000,1554,1554,2.3838062,-0.04506,-1,-1,-1,0,0,0,136,1,1,0,0.0000000,0.0000000,0.0000000,0,0,0,0
756874544593416 D 1277,2286368339,1000,1555,1555,2.3853402,0.01686,-1,-1,-1,0,0,0,136,1,1,0,0.0000000,0.0000000,0.0000000,0,0,0,0
756874545830958 D 1278,2286369339,1000,1555,1555,2.3853402,0.01620,-1,-1,-1,0,0,0,136,1,1,0,0.0000000,0.0000000,0.0000000,0,0,0,0
756874546683458 D 1279,2286370339,1000,1554,1554,2.3838062,-0.04459,-1,-1,-1,0,0,0,136,1,1,0,0.0000000,0.0000000,0.0000000,0,0,0,0
756874547689916 D 1280,2286371339,1000,1555,1555,2.3853402,0.01731,-1,-1,-1,0,0,0,136,1,1,0,0.0000000,0.0000000,0.0000000,0,0,0,0
756874548598875 D 1281,2286372339,1000,1555,1555,2.3853402,0.01663,-1,-1,-1,0,0,0,136,1,1,0,0.0000000,0.0000000,0.0000000,0,0,0,0
756874549620833 D 1282,2286373339,1000,1554,1554,2.3838062,-0.04417,-1,-1,-1,0,0,0,136,1,1,0,0.0000000,0.0000000,0.0000000,0,0,0,0
756874550603750 D 1283,2286374339,1000,1554,1554,2.3838062,-0.04244,-1,-1,-1,0,0,0,136,1,1,0,0.0000000,0.0000000,0.0000000,0,0,0,0
756874551657166 D 1284,2286375339,1000,1555,1555,2.3853402,0.01937,-1,-1,-1,0,0,0,136,1,1,0,0.0000000,0.0000000,0.0000000,0,0,0,0
756874552690250 D 1285,2286376339,1000,1554,1554,2.3838062,-0.04153,-1,-1,-1,0,0,0,136,1,1,0,0.0000000,0.0000000,0.0000000,0,0,0,0
756874553880708 D 1286,2286377339,1000,1555,1555,2.3853402,0.02024,-1,-1,-1,0,0,0,136,1,1,0,0.0000000,0.0000000,0.0000000,0,0,0,0
756874554718041 D 1287,2286378339,1000,1554,1554,2.3838062,-0.04070,-1,-1,-1,0,0,0,136,1,1,0,0.0000000,0.0000000,0.0000000,0,0,0,0
756874555621958 D 1288,2286379339,1000,1555,1555,2.3853402,0.02105,-1,-1,-1,0,0,0,136,1,1,0,0.0000000,0.0000000,0.0000000,0,0,0,0
756874556628416 D 1289,2286380339,1000,1555,1555,2.3853402,0.02022,-1,-1,-1,0,0,0,136,1,1,0,0.0000000,0.0000000,0.0000000,0,0,0,0
756874557641916 D 1290,2286381339,1000,1555,1555,2.3853402,0.01943,-1,-1,-1,0,0,0,136,1,1,0,0.0000000,0.0000000,0.0000000,0,0,0,0
756874558619166 D 1291,2286382339,1000,1555,1555,2.3853402,0.01867,-1,-1,-1,0,0,0,136,1,1,0,0.0000000,0.0000000,0.0000000,0,0,0,0
756874559618500 D 1292,2286383339,1000,1555,1555,2.3853402,0.01793,-1,-1,-1,0,0,0,136,1,1,0,0.0000000,0.0000000,0.0000000,0,0,0,0
756874560585375 D 1293,2286384339,1000,1555,1555,2.3853402,0.01723,-1,-1,-1,0,0,0,136,1,1,0,0.0000000,0.0000000,0.0000000,0,0,0,0
756874561640250 D 1294,2286385339,1000,1555,1555,2.3853402,0.01655,-1,-1,-1,0,0,0,136,1,1,0,0.0000000,0.0000000,0.0000000,0,0,0,0
756874562606250 D 1295,2286386339,1000,1554,1554,2.3838062,-0.04424,-1,-1,-1,0,0,0,136,1,1,0,0.0000000,0.0000000,0.0000000,0,0,0,0
756874563607208 D 1296,2286387339,1000,1555,1555,2.3853402,0.01764,-1,-1,-1,0,0,0,136,1,1,0,0.0000000,0.0000000,0.0000000,0,0,0,0
756874564622416 D 1297,2286388339,1000,1554,1554,2.3838062,-0.04320,-1,-1,-1,0,0,0,136,1,1,0,0.0000000,0.0000000,0.0000000,0,0,0,0
756874565626708 D 1298,2286389339,1000,1555,1555,2.3853402,0.01864,-1,-1,-1,0,0,0,136,1,1,0,0.0000000,0.0000000,0.0000000,0,0,0,0
756874566650583 D 1299,2286390339,1000,1554,1554,2.3838062,-0.04224,-1,-1,-1,0,0,0,136,1,1,0,0.0000000,0.0000000,0.0000000,0,0,0,0
756874567802916 D 1300,2286391339,1000,1555,1555,2.3853402,0.01957,-1,-1,-1,0,0,0,136,1,1,0,0.0000000,0.0000000,0.0000000,0,0,0,0
756874568719333 D 1301,2286392339,1000,1555,1555,2.3853402,0.01880,-1,-1,-1,0,0,0,136,1,1,0,0.0000000,0.0000000,0.0000000,0,0,0,0
756874569707791 D 1302,2286393339,1000,1555,1555,2.3853402,0.01806,-1,-1,-1,0,0,0,136,1,1,0,0.0000000,0.0000000,0.0000000,0,0,0,0
756874570740875 D 1303,2286394339,1000,1555,1555,2.3853402,0.01736,-1,-1,-1,0,0,0,136,1,1,0,0.0000000,0.0000000,0.0000000,0,0,0,0
756874571715875 D 1304,2286395339,1000,1554,1554,2.3838062,-0.04347,-1,-1,-1,0,0,0,136,1,1,0,0.0000000,0.0000000,0.0000000,0,0,0,0
756874572702000 D 1305,2286396339,1000,1555,1555,2.3853402,0.01838,-1,-1,-1,0,0,0,136,1,1,0,0.0000000,0.0000000,0.0000000,0,0,0,0
756874573638625 D 1306,2286397339,1000,1554,1554,2.3838062,-0.04249,-1,-1,-1,0,0,0,136,1,1,0,0.0000000,0.0000000,0.0000000,0,0,0,0
756874574563958 D 1307,2286398339,1000,1555,1555,2.3853402,0.01932,-1,-1,-1,0,0,0,136,1,1,0,0.0000000,0.0000000,0.0000000,0,0,0,0
756874575517541 D 1308,2286399339,1000,1555,1555,2.3853402,0.01857,-1,-1,-1,0,0,0,136,1,1,0,0.0000000,0.0000000,0.0000000,0,0,0,0
756874576527458 D 1309,2286400339,1000,1555,1555,2.3853402,0.01784,-1,-1,-1,0,0,0,136,1,1,0,0.0000000,0.0000000,0.0000000,0,0,0,0
756874577653708 D 1310,2286401339,1000,1554,1554,2.3838062,-0.04301,-1,-1,-1,0,0,0,136,1,1,0,0.0000000,0.0000000,0.0000000,0,0,0,0
756874578970541 D 1311,2286402339,1000,1555,1555,2.3853402,0.01883,39,128,2035,0,0,0,136,1,1,0,0.0000000,0.0000000,0.0000000,0,0,0,0
756874579562583 D 1312,2286403339,1000,1555,1555,2.3853402,0.01809,-1,-1,-1,0,0,0,136,1,1,0,0.0000000,0.0000000,0.0000000,0,0,0,0
756874580500750 D 1313,2286404339,1000,1555,1555,2.3853402,0.01738,-1,-1,-1,0,0,0,136,1,1,0,0.0000000,0.0000000,0.0000000,0,0,0,0
756874581500625 D 1314,2286405339,1000,1555,1555,2.3853402,0.01670,-1,-1,-1,0,0,0,136,1,1,0,0.0000000,0.0000000,0.0000000,0,0,0,0
756874582519583 D 1315,2286406339,1000,1555,1555,2.3853402,0.01604,-1,-1,-1,0,0,0,136,1,1,0,0.0000000,0.0000000,0.0000000,0,0,0,0
756874583541541 D 1316,2286407339,1000,1554,1554,2.3838062,-0.04473,-1,-1,-1,0,0,0,136,1,1,0,0.0000000,0.0000000,0.0000000,0,0,0,0
756874584579708 D 1317,2286408339,1000,1555,1555,2.3853402,0.01717,-1,-1,-1,0,0,0,136,1,1,0,0.0000000,0.0000000,0.0000000,0,0,0,0
756874585561208 D 1318,2286409339,1000,1555,1555,2.3853402,0.01649,-1,-1,-1,0,0,0,136,1,1,0,0.0000000,0.0000000,0.0000000,0,0,0,0
756874586595291 D 1319,2286410339,1000,1555,1555,2.3853402,0.01585,-1,-1,-1,0,0,0,136,1,1,0,0.0000000,0.0000000,0.0000000,0,0,0,0
756874587546875 D 1320,2286411339,1000,1555,1555,2.3853402,0.01523,-1,-1,-1,0,0,0,136,1,1,0,0.0000000,0.0000000,0.0000000,0,0,0,0
756874588569500 D 1321,2286412339,1000,1555,1555,2.3853402,0.01463,-1,-1,-1,0,0,0,136,1,1,0,0.0000000,0.0000000,0.0000000,0,0,0,0
756874589597250 D 1322,2286413339,1000,1555,1555,2.3853402,0.01406,-1,-1,-1,0,0,0,136,1,1,0,0.0000000,0.0000000,0.0000000,0,0,0,0
756874590566208 D 1323,2286414339,1000,1555,1555,2.3853402,0.01350,-1,-1,-1,0,0,0,136,1,1,0,0.0000000,0.0000000,0.0000000,0,0,0,0
756874591531541 D 1324,2286415339,1000,1554,1554,2.3838062,-0.04717,-1,-1,-1,0,0,0,136,1,1,0,0.0000000,0.0000000,0.0000000,0,0,0,0
756874592595500 D 1325,2286416339,1000,1555,1555,2.3853402,0.01482,-1,-1,-1,0,0,0,136,1,1,0,0.0000000,0.0000000,0.0000000,0,0,0,0
756874593609083 D 1326,2286417339,1000,1555,1555,2.3853402,0.01424,-1,-1,-1,0,0,0,136,1,1,0,0.0000000,0.0000000,0.0000000,0,0,0,0
756874594582125 D 1327,2286418339,1000,1555,1555,2.3853402,0.01368,-1,-1,-1,0,0,0,136,1,1,0,0.0000000,0.0000000,0.0000000,0,0,0,0
756874595568625 D 1328,2286419339,1000,1555,1555,2.3853402,0.01315,-1,-1,-1,0,0,0,136,1,1,0,0.0000000,0.0000000,0.0000000,0,0,0,0
756874596588666 D 1329,2286420339,1000,1555,1555,2.3853402,0.01263,-1,-1,-1,0,0,0,136,1,1,0,0.0000000,0.0000000,0.0000000,0,0,0,0
756874597581708 D 1330,2286421339,1000,1554,1554,2.3838062,-0.04801,-1,-1,-1,0,0,0,136,1,1,0,0.0000000,0.0000000,0.0000000,0,0,0,0
756874598812208 D 1331,2286422339,1000,1555,1555,2.3853402,0.01402,-1,-1,-1,0,0,0,135,1,1,0,0.0000000,0.0000000,0.0000000,0,0,0,0
756874599843250 D 1332,2286423339,1000,1555,1555,2.3853402,0.01347,-1,-1,-1,0,0,0,136,1,1,0,0.0000000,0.0000000,0.0000000,0,0,0,0
756874600858708 D 1333,2286424339,1000,1554,1554,2.3838062,-0.04721,-1,-1,-1,0,0,0,136,1,1,0,0.0000000,0.0000000,0.0000000,0,0,0,0
756874601631750 D 1334,2286425339,1000,1554,1554,2.3838062,-0.04536,-1,-1,-1,0,0,0,136,1,1,0,0.0000000,0.0000000,0.0000000,0,0,0,0
756874602600000 D 1335,2286426339,1000,1554,1554,2.3838062,-0.04358,-1,-1,-1,0,0,0,136,1,1,0,0.0000000,0.0000000,0.0000000,0,0,0,0
756874603470166 D 1336,2286427339,1000,1555,1555,2.3853402,0.01828,-1,-1,-1,0,0,0,136,1,1,0,0.0000000,0.0000000,0.0000000,0,0,0,0
756874604653833 D 1337,2286428339,1000,1554,1554,2.3838062,-0.04259,-1,-1,-1,0,0,0,136,1,1,0,0.0000000,0.0000000,0.0000000,0,0,0,0
756874605560625 D 1338,2286429339,1000,1555,1555,2.3853402,0.01923,-1,-1,-1,0,0,0,136,1,1,0,0.0000000,0.0000000,0.0000000,0,0,0,0
756874606577625 D 1339,2286430339,1000,1555,1555,2.3853402,0.01848,-1,-1,-1,0,0,0,136,1,1,0,0.0000000,0.0000000,0.0000000,0,0,0,0
756874607522625 D 1340,2286431339,1000,1555,1555,2.3853402,0.01775,-1,-1,-1,0,0,0,136,1,1,0,0.0000000,0.0000000,0.0000000,0,0,0,0
756874608485208 D 1341,2286432339,1000,1555,1555,2.3853402,0.01706,-1,-1,-1,0,0,0,136,1,1,0,0.0000000,0.0000000,0.0000000,0,0,0,0
756874609589333 D 1342,2286433339,1000,1555,1555,2.3853402,0.01639,-1,-1,-1,0,0,0,136,1,1,0,0.0000000,0.0000000,0.0000000,0,0,0,0
756874610592666 D 1343,2286434339,1000,1555,1555,2.3853402,0.01575,-1,-1,-1,0,0,0,136,1,1,0,0.0000000,0.0000000,0.0000000,0,0,0,0
756874611587250 D 1344,2286435339,1000,1555,1555,2.3853402,0.01513,-1,-1,-1,0,0,0,136,1,1,0,0.0000000,0.0000000,0.0000000,0,0,0,0
756874612489791 D 1345,2286436339,1000,1555,1555,2.3853402,0.01454,-1,-1,-1,0,0,0,136,1,1,0,0.0000000,0.0000000,0.0000000,0,0,0,0
756874613595500 D 1346,2286437339,1000,1555,1555,2.3853402,0.01397,-1,-1,-1,0,0,0,136,1,1,0,0.0000000,0.0000000,0.0000000,0,0,0,0
756874614583083 D 1347,2286438339,1000,1554,1554,2.3838062,-0.04673,-1,-1,-1,0,0,0,136,1,1,0,0.0000000,0.0000000,0.0000000,0,0,0,0
756874615644708 D 1348,2286439339,1000,1554,1554,2.3838062,-0.04490,-1,-1,-1,0,0,0,136,1,1,0,0.0000000,0.0000000,0.0000000,0,0,0,0
756874616567458 D 1349,2286440339,1000,1554,1554,2.3838062,-0.04314,-1,-1,-1,0,0,0,136,1,1,0,0.0000000,0.0000000,0.0000000,0,0,0,0
756874617538333 D 1350,2286441339,1000,1555,1555,2.3853402,0.01870,-1,-1,-1,0,0,0,136,1,1,0,0.0000000,0.0000000,0.0000000,0,0,0,0
756874618519375 D 1351,2286442339,1000,1554,1554,2.3838062,-0.04218,-1,-1,-1,0,0,0,136,1,1,0,0.0000000,0.0000000,0.0000000,0,0,0,0
756874619622083 D 1352,2286443339,1000,1554,1554,2.3838062,-0.04053,-1,-1,-1,0,0,0,135,1,1,0,0.0000000,0.0000000,0.0000000,0,0,0,0
756874620599625 D 1353,2286444339,1000,1555,1555,2.3853402,0.02121,-1,-1,-1,0,0,0,136,1,1,0,0.0000000,0.0000000,0.0000000,0,0,0,0
756874621582250 D 1354,2286445339,1000,1555,1555,2.3853402,0.02038,-1,-1,-1,0,0,0,136,1,1,0,0.0000000,0.0000000,0.0000000,0,0,0,0
756874622582500 D 1355,2286446339,1000,1555,1555,2.3853402,0.01958,-1,-1,-1,0,0,0,136,1,1,0,0.0000000,0.0000000,0.0000000,0,0,0,0
756874623581500 D 1356,2286447339,1000,1555,1555,2.3853402,0.01881,-1,-1,-1,0,0,0,136,1,1,0,0.0000000,0.0000000,0.0000000,0,0,0,0
756874624577291 D 1357,2286448339,1000,1554,1554,2.3838062,-0.04207,-1,-1,-1,0,0,0,136,1,1,0,0.0000000,0.0000000,0.0000000,0,0,0,0
756874625580250 D 1358,2286449339,1000,1554,1554,2.3838062,-0.04042,-1,-1,-1,0,0,0,136,1,1,0,0.0000000,0.0000000,0.0000000,0,0,0,0
756874626579000 D 1359,2286450339,1000,1554,1554,2.3838062,-0.03884,-1,-1,-1,0,0,0,136,1,1,0,0.0000000,0.0000000,0.0000000,0,0,0,0
756874627581500 D 1360,2286451339,1000,1555,1555,2.3853402,0.02283,-1,-1,-1,0,0,0,136,1,1,0,0.0000000,0.0000000,0.0000000,0,0,0,0
756874629040208 D 1361,2286452339,1000,1554,1554,2.3838062,-0.03821,39,128,2035,0,0,0,136,1,1,0,0.0000000,0.0000000,0.0000000,0,0,0,0
756874629690250 D 1362,2286453339,1000,1555,1555,2.3853402,0.02344,-1,-1,-1,0,0,0,136,1,1,0,0.0000000,0.0000000,0.0000000,0,0,0,0
756874630800833 D 1363,2286454339,1000,1555,1555,2.3853402,0.02252,-1,-1,-1,0,0,0,136,1,1,0,0.0000000,0.0000000,0.0000000,0,0,0,0
756874631600916 D 1364,2286455339,1000,1554,1554,2.3838062,-0.03851,-1,-1,-1,0,0,0,136,1,1,0,0.0000000,0.0000000,0.0000000,0,0,0,0
756874632571166 D 1365,2286456339,1000,1554,1554,2.3838062,-0.03700,-1,-1,-1,0,0,0,136,1,1,0,0.0000000,0.0000000,0.0000000,0,0,0,0
756874633581625 D 1366,2286457339,1000,1554,1554,2.3838062,-0.03555,-1,-1,-1,0,0,0,136,1,1,0,0.0000000,0.0000000,0.0000000,0,0,0,0
756874634574375 D 1367,2286458339,1000,1555,1555,2.3853402,0.02599,-1,-1,-1,0,0,0,136,1,1,0,0.0000000,0.0000000,0.0000000,0,0,0,0
756874635566000 D 1368,2286459339,1000,1555,1555,2.3853402,0.02497,-1,-1,-1,0,0,0,136,1,1,0,0.0000000,0.0000000,0.0000000,0,0,0,0
756874636577875 D 1369,2286460339,1000,1554,1554,2.3838062,-0.03616,-1,-1,-1,0,0,0,136,1,1,0,0.0000000,0.0000000,0.0000000,0,0,0,0
756874637572416 D 1370,2286461339,1000,1555,1555,2.3853402,0.02541,-1,-1,-1,0,0,0,136,1,1,0,0.0000000,0.0000000,0.0000000,0,0,0,0
756874638580791 D 1371,2286462339,1000,1554,1554,2.3838062,-0.03574,-1,-1,-1,0,0,0,136,1,1,0,0.0000000,0.0000000,0.0000000,0,0,0,0
756874639573833 D 1372,2286463339,1000,1555,1555,2.3853402,0.02581,-1,-1,-1,0,0,0,136,1,1,0,0.0000000,0.0000000,0.0000000,0,0,0,0
756874640576250 D 1373,2286464339,1000,1555,1555,2.3853402,0.02480,-1,-1,-1,0,0,0,136,1,1,0,0.0000000,0.0000000,0.0000000,0,0,0,0
756874641570291 D 1374,2286465339,1000,1554,1554,2.3838062,-0.03632,-1,-1,-1,0,0,0,136,1,1,0,0.0000000,0.0000000,0.0000000,0,0,0,0
756874642578708 D 1375,2286466339,1000,1555,1555,2.3853402,0.02525,-1,-1,-1,0,0,0,136,1,1,0,0.0000000,0.0000000,0.0000000,0,0,0,0
756874643590541 D 1376,2286467339,1000,1554,1554,2.3838062,-0.03589,-1,-1,-1,0,0,0,136,1,1,0,0.0000000,0.0000000,0.0000000,0,0,0,0
756874644577041 D 1377,2286468339,1000,1554,1554,2.3838062,-0.03448,-1,-1,-1,0,0,0,136,1,1,0,0.0000000,0.0000000,0.0000000,0,0,0,0
756874645574666 D 1378,2286469339,1000,1555,1555,2.3853402,0.02702,-1,-1,-1,0,0,0,136,1,1,0,0.0000000,0.0000000,0.0000000,0,0,0,0
756874646609541 D 1379,2286470339,1000,1555,1555,2.3853402,0.02596,-1,-1,-1,0,0,0,136,1,1,0,0.0000000,0.0000000,0.0000000,0,0,0,0
756874647581916 D 1380,2286471339,1000,1555,1555,2.3853402,0.02494,-1,-1,-1,0,0,0,135,1,1,0,0.0000000,0.0000000,0.0000000,0,0,0,0
756874648577166 D 1381,2286472339,1000,1555,1555,2.3853402,0.02397,-1,-1,-1,0,0,0,136,1,1,0,0.0000000,0.0000000,0.0000000,0,0,0,0
756874649573333 D 1382,2286473339,1000,1554,1554,2.3838062,-0.03712,-1,-1,-1,0,0,0,136,1,1,0,0.0000000,0.0000000,0.0000000,0,0,0,0
756874650582375 D 1383,2286474339,1000,1554,1554,2.3838062,-0.03567,-1,-1,-1,0,0,0,136,1,1,0,0.0000000,0.0000000,0.0000000,0,0,0,0
756874651578375 D 1384,2286475339,1000,1555,1555,2.3853402,0.02588,-1,-1,-1,0,0,0,136,1,1,0,0.0000000,0.0000000,0.0000000,0,0,0,0
756874652631291 D 1385,2286476339,1000,1554,1554,2.3838062,-0.03528,-1,-1,-1,0,0,0,136,1,1,0,0.0000000,0.0000000,0.0000000,0,0,0,0
756874653580958 D 1386,2286477339,1000,1555,1555,2.3853402,0.02625,-1,-1,-1,0,0,0,136,1,1,0,0.0000000,0.0000000,0.0000000,0,0,0,0
756874654579583 D 1387,2286478339,1000,1555,1555,2.3853402,0.02522,-1,-1,-1,0,0,0,136,1,1,0,0.0000000,0.0000000,0.0000000,0,0,0,0
756874655581333 D 1388,2286479339,1000,1555,1555,2.3853402,0.02423,-1,-1,-1,0,0,0,136,1,1,0,0.0000000,0.0000000,0.0000000,0,0,0,0
756874656572875 D 1389,2286480339,1000,1555,1555,2.3853402,0.02328,-1,-1,-1,0,0,0,136,1,1,0,0.0000000,0.0000000,0.0000000,0,0,0,0
756874657568041 D 1390,2286481339,1000,1555,1555,2.3853402,0.02237,-1,-1,-1,0,0,0,136,1,1,0,0.0000000,0.0000000,0.0000000,0,0,0,0
756874658580458 D 1391,2286482339,1000,1555,1555,2.3853402,0.02149,-1,-1,-1,0,0,0,136,1,1,0,0.0000000,0.0000000,0.0000000,0,0,0,0
756874659564041 D 1392,2286483339,1000,1555,1555,2.3853402,0.02065,-1,-1,-1,0,0,0,136,1,1,0,0.0000000,0.0000000,0.0000000,0,0,0,0
756874660570958 D 1393,2286484339,1000,1555,1555,2.3853402,0.01984,-1,-1,-1,0,0,0,136,1,1,0,0.0000000,0.0000000,0.0000000,0,0,0,0
756874661738916 D 1394,2286485339,1000,1555,1555,2.3853402,0.01906,-1,-1,-1,0,0,0,136,1,1,0,0.0000000,0.0000000,0.0000000,0,0,0,0
756874662810541 D 1395,2286486339,1000,1554,1554,2.3838062,-0.04183,-1,-1,-1,0,0,0,136,1,1,0,0.0000000,0.0000000,0.0000000,0,0,0,0
756874663800583 D 1396,2286487339,1000,1555,1555,2.3853402,0.01995,-1,-1,-1,0,0,0,136,1,1,0,0.0000000,0.0000000,0.0000000,0,0,0,0
756874664671416 D 1397,2286488339,1000,1554,1554,2.3838062,-0.04098,-1,-1,-1,0,0,0,136,1,1,0,0.0000000,0.0000000,0.0000000,0,0,0,0
756874665560708 D 1398,2286489339,1000,1555,1555,2.3853402,0.02078,-1,-1,-1,0,0,0,136,1,1,0,0.0000000,0.0000000,0.0000000,0,0,0,0
756874666571375 D 1399,2286490339,1000,1554,1554,2.3838062,-0.04018,-1,-1,-1,0,0,0,136,1,1,0,0.0000000,0.0000000,0.0000000,0,0,0,0
756874667566333 D 1400,2286491339,1000,1555,1555,2.3853402,0.02154,-1,-1,-1,0,0,0,136,1,1,0,0.0000000,0.0000000,0.0000000,0,0,0,0
756874668559041 D 1401,2286492339,1000,1555,1555,2.3853402,0.02069,-1,-1,-1,0,0,0,136,1,1,0,0.0000000,0.0000000,0.0000000,0,0,0,0
756874669582583 D 1402,2286493339,1000,1555,1555,2.3853402,0.01988,-1,-1,-1,0,0,0,136,1,1,0,0.0000000,0.0000000,0.0000000,0,0,0,0
756874670590166 D 1403,2286494339,1000,1555,1555,2.3853402,0.01910,-1,-1,-1,0,0,0,136,1,1,0,0.0000000,0.0000000,0.0000000,0,0,0,0
756874671586541 D 1404,2286495339,1000,1555,1555,2.3853402,0.01835,-1,-1,-1,0,0,0,136,1,1,0,0.0000000,0.0000000,0.0000000,0,0,0,0
756874672585666 D 1405,2286496339,1000,1555,1555,2.3853402,0.01763,-1,-1,-1,0,0,0,136,1,1,0,0.0000000,0.0000000,0.0000000,0,0,0,0
756874673587416 D 1406,2286497339,1000,1555,1555,2.3853402,0.01694,-1,-1,-1,0,0,0,136,1,1,0,0.0000000,0.0000000,0.0000000,0,0,0,0
756874674582375 D 1407,2286498339,1000,1555,1555,2.3853402,0.01628,-1,-1,-1,0,0,0,136,1,1,0,0.0000000,0.0000000,0.0000000,0,0,0,0
756874675592416 D 1408,2286499339,1000,1554,1554,2.3838062,-0.04451,-1,-1,-1,0,0,0,136,1,1,0,0.0000000,0.0000000,0.0000000,0,0,0,0
756874676600291 D 1409,2286500339,1000,1555,1555,2.3853402,0.01739,-1,-1,-1,0,0,0,136,1,1,0,0.0000000,0.0000000,0.0000000,0,0,0,0
756874677612208 D 1410,2286501339,1000,1555,1555,2.3853402,0.01670,-1,-1,-1,0,0,0,136,1,1,0,0.0000000,0.0000000,0.0000000,0,0,0,0
756874678990333 D 1411,2286502339,1000,1555,1555,2.3853402,0.01605,39,128,2035,0,0,0,136,1,1,0,0.0000000,0.0000000,0.0000000,0,0,0,0
756874679617750 D 1412,2286503339,1000,1554,1554,2.3838062,-0.04473,-1,-1,-1,0,0,0,136,1,1,0,0.0000000,0.0000000,0.0000000,0,0,0,0
756874680534541 D 1413,2286504339,1000,1554,1554,2.3838062,-0.04297,-1,-1,-1,0,0,0,136,1,1,0,0.0000000,0.0000000,0.0000000,0,0,0,0
756874681633750 D 1414,2286505339,1000,1555,1555,2.3853402,0.01886,-1,-1,-1,0,0,0,136,1,1,0,0.0000000,0.0000000,0.0000000,0,0,0,0
756874682657375 D 1415,2286506339,1000,1555,1555,2.3853402,0.01812,-1,-1,-1,0,0,0,136,1,1,0,0.0000000,0.0000000,0.0000000,0,0,0,0
756874683619291 D 1416,2286507339,1000,1554,1554,2.3838062,-0.04274,-1,-1,-1,0,0,0,136,1,1,0,0.0000000,0.0000000,0.0000000,0,0,0,0
756874684633541 D 1417,2286508339,1000,1554,1554,2.3838062,-0.04106,-1,-1,-1,0,0,0,136,1,1,0,0.0000000,0.0000000,0.0000000,0,0,0,0
756874685652500 D 1418,2286509339,1000,1555,1555,2.3853402,0.02069,-1,-1,-1,0,0,0,136,1,1,0,0.0000000,0.0000000,0.0000000,0,0,0,0
756874686651750 D 1419,2286510339,1000,1555,1555,2.3853402,0.01988,-1,-1,-1,0,0,0,136,1,1,0,0.0000000,0.0000000,0.0000000,0,0,0,0
756874687706875 D 1420,2286511339,1000,1554,1554,2.3838062,-0.04104,-1,-1,-1,0,0,0,136,1,1,0,0.0000000,0.0000000,0.0000000,0,0,0,0
756874688627166 D 1421,2286512339,1000,1555,1555,2.3853402,0.02071,-1,-1,-1,0,0,0,136,1,1,0,0.0000000,0.0000000,0.0000000,0,0,0,0
756874689702916 D 1422,2286513339,1000,1555,1555,2.3853402,0.01990,-1,-1,-1,0,0,0,136,1,1,0,0.0000000,0.0000000,0.0000000,0,0,0,0
756874690746791 D 1423,2286514339,1000,1554,1554,2.3838062,-0.04103,-1,-1,-1,0,0,0,136,1,1,0,0.0000000,0.0000000,0.0000000,0,0,0,0
756874691973166 D 1424,2286515339,1000,1555,1555,2.3853402,0.02073,-1,-1,-1,0,0,0,136,1,1,0,0.0000000,0.0000000,0.0000000,0,0,0,0
756874692813208 D 1425,2286516339,1000,1554,1554,2.3838062,-0.04023,-1,-1,-1,0,0,0,136,1,1,0,0.0000000,0.0000000,0.0000000,0,0,0,0
756874693772250 D 1426,2286517339,1000,1555,1555,2.3853402,0.02149,-1,-1,-1,0,0,0,136,1,1,0,0.0000000,0.0000000,0.0000000,0,0,0,0
756874694710791 D 1427,2286518339,1000,1555,1555,2.3853402,0.02065,-1,-1,-1,0,0,0,136,1,1,0,0.0000000,0.0000000,0.0000000,0,0,0,0
756874695777458 D 1428,2286519339,1000,1555,1555,2.3853402,0.01984,-1,-1,-1,0,0,0,136,1,1,0,0.0000000,0.0000000,0.0000000,0,0,0,0
756874696789625 D 1429,2286520339,1000,1555,1555,2.3853402,0.01906,-1,-1,-1,0,0,0,136,1,1,0,0.0000000,0.0000000,0.0000000,0,0,0,0
756874697798416 D 1430,2286521339,1000,1554,1554,2.3838062,-0.04183,-1,-1,-1,0,0,0,136,1,1,0,0.0000000,0.0000000,0.0000000,0,0,0,0
756874698789500 D 1431,2286522339,1000,1555,1555,2.3853402,0.01996,-1,-1,-1,0,0,0,136,1,1,0,0.0000000,0.0000000,0.0000000,0,0,0,0
756874699794000 D 1432,2286523339,1000,1555,1555,2.3853402,0.01917,-1,-1,-1,0,0,0,136,1,1,0,0.0000000,0.0000000,0.0000000,0,0,0,0
756874700798916 D 1433,2286524339,1000,1554,1554,2.3838062,-0.04173,-1,-1,-1,0,0,0,136,1,1,0,0.0000000,0.0000000,0.0000000,0,0,0,0
756874701809416 D 1434,2286525339,1000,1555,1555,2.3853402,0.02006,-1,-1,-1,0,0,0,136,1,1,0,0.0000000,0.0000000,0.0000000,0,0,0,0
756874702827416 D 1435,2286526339,1000,1555,1555,2.3853402,0.01927,-1,-1,-1,0,0,0,136,1,1,0,0.0000000,0.0000000,0.0000000,0,0,0,0
756874703816083 D 1436,2286527339,1000,1554,1554,2.3838062,-0.04163,-1,-1,-1,0,0,0,135,1,1,0,0.0000000,0.0000000,0.0000000,0,0,0,0
756874704776625 D 1437,2286528339,1000,1554,1554,2.3838062,-0.04000,-1,-1,-1,0,0,0,136,1,1,0,0.0000000,0.0000000,0.0000000,0,0,0,0
756874705727291 D 1438,2286529339,1000,1555,1555,2.3853402,0.02172,-1,-1,-1,0,0,0,136,1,1,0,0.0000000,0.0000000,0.0000000,0,0,0,0
756874706670291 D 1439,2286530339,1000,1554,1554,2.3838062,-0.03928,-1,-1,-1,0,0,0,136,1,1,0,0.0000000,0.0000000,0.0000000,0,0,0,0
756874707678916 D 1440,2286531339,1000,1554,1554,2.3838062,-0.03774,-1,-1,-1,0,0,0,136,1,1,0,0.0000000,0.0000000,0.0000000,0,0,0,0
756874708792083 D 1441,2286532339,1000,1555,1555,2.3853402,0.02389,-1,-1,-1,0,0,0,136,1,1,0,0.0000000,0.0000000,0.0000000,0,0,0,0
756874709717166 D 1442,2286533339,1000,1555,1555,2.3853402,0.02295,-1,-1,-1,0,0,0,136,1,1,0,0.0000000,0.0000000,0.0000000,0,0,0,0
756874710699208 D 1443,2286534339,1000,1554,1554,2.3838062,-0.03810,-1,-1,-1,0,0,0,136,1,1,0,0.0000000,0.0000000,0.0000000,0,0,0,0
756874711693541 D 1444,2286535339,1000,1555,1555,2.3853402,0.02354,-1,-1,-1,0,0,0,136,1,1,0,0.0000000,0.0000000,0.0000000,0,0,0,0
756874712654041 D 1445,2286536339,1000,1555,1555,2.3853402,0.02262,-1,-1,-1,0,0,0,136,1,1,0,0.0000000,0.0000000,0.0000000,0,0,0,0
756874713745375 D 1446,2286537339,1000,1555,1555,2.3853402,0.02173,-1,-1,-1,0,0,0,136,1,1,0,0.0000000,0.0000000,0.0000000,0,0,0,0
756874714663958 D 1447,2286538339,1000,1554,1554,2.3838062,-0.03927,-1,-1,-1,0,0,0,136,1,1,0,0.0000000,0.0000000,0.0000000,0,0,0,0
756874715708666 D 1448,2286539339,1000,1555,1555,2.3853402,0.02242,-1,-1,-1,0,0,0,136,1,1,0,0.0000000,0.0000000,0.0000000,0,0,0,0
756874716723500 D 1449,2286540339,1000,1554,1554,2.3838062,-0.03861,-1,-1,-1,0,0,0,136,1,1,0,0.0000000,0.0000000,0.0000000,0,0,0,0
756874717789375 D 1450,2286541339,1000,1554,1554,2.3838062,-0.03709,-1,-1,-1,0,0,0,136,1,1,0,0.0000000,0.0000000,0.0000000,0,0,0,0
756874718776583 D 1451,2286542339,1000,1555,1555,2.3853402,0.02451,-1,-1,-1,0,0,0,136,1,1,0,0.0000000,0.0000000,0.0000000,0,0,0,0
756874719775791 D 1452,2286543339,1000,1555,1555,2.3853402,0.02355,-1,-1,-1,0,0,0,136,1,1,0,0.0000000,0.0000000,0.0000000,0,0,0,0
756874720790416 D 1453,2286544339,1000,1554,1554,2.3838062,-0.03752,-1,-1,-1,0,0,0,136,1,1,0,0.0000000,0.0000000,0.0000000,0,0,0,0
756874721835458 D 1454,2286545339,1000,1555,1555,2.3853402,0.02410,-1,-1,-1,0,0,0,136,1,1,0,0.0000000,0.0000000,0.0000000,0,0,0,0
756874722847291 D 1455,2286546339,1000,1555,1555,2.3853402,0.02315,-1,-1,-1,0,0,0,136,1,1,0,0.0000000,0.0000000,0.0000000,0,0,0,0
756874723927125 D 1456,2286547339,1000,1555,1555,2.3853402,0.02224,-1,-1,-1,0,0,0,136,1,1,0,0.0000000,0.0000000,0.0000000,0,0,0,0
756874724869208 D 1457,2286548339,1000,1555,1555,2.3853402,0.02137,-1,-1,-1,0,0,0,136,1,1,0,0.0000000,0.0000000,0.0000000,0,0,0,0
756874725880416 D 1458,2286549339,1000,1554,1554,2.3838062,-0.03961,-1,-1,-1,0,0,0,136,1,1,0,0.0000000,0.0000000,0.0000000,0,0,0,0
756874726738250 D 1459,2286550339,1000,1554,1554,2.3838062,-0.03806,-1,-1,-1,0,0,0,136,1,1,0,0.0000000,0.0000000,0.0000000,0,0,0,0
756874727888625 D 1460,2286551339,1000,1555,1555,2.3853402,0.02358,-1,-1,-1,0,0,0,136,1,1,0,0.0000000,0.0000000,0.0000000,0,0,0,0
756874729255583 D 1461,2286552339,1000,1554,1554,2.3838062,-0.03749,39,128,2034,0,0,0,136,1,1,0,0.0000000,0.0000000,0.0000000,0,0,0,0
756874730007375 D 1462,2286553339,1000,1555,1555,2.3853402,0.02412,-1,-1,-1,0,0,0,136,1,1,0,0.0000000,0.0000000,0.0000000,0,0,0,0
756874730789541 D 1463,2286554339,1000,1554,1554,2.3838062,-0.03697,-1,-1,-1,0,0,0,136,1,1,0,0.0000000,0.0000000,0.0000000,0,0,0,0
756874731870708 D 1464,2286555339,1000,1555,1555,2.3853402,0.02463,-1,-1,-1,0,0,0,135,1,1,0,0.0000000,0.0000000,0.0000000,0,0,0,0
756874732789166 D 1465,2286556339,1000,1555,1555,2.3853402,0.02366,-1,-1,-1,0,0,0,136,1,1,0,0.0000000,0.0000000,0.0000000,0,0,0,0
756874733826125 D 1466,2286557339,1000,1555,1555,2.3853402,0.02274,-1,-1,-1,0,0,0,136,1,1,0,0.0000000,0.0000000,0.0000000,0,0,0,0
756874734857666 D 1467,2286558339,1000,1555,1555,2.3853402,0.02184,-1,-1,-1,0,0,0,136,1,1,0,0.0000000,0.0000000,0.0000000,0,0,0,0
756874735771666 D 1468,2286559339,1000,1555,1555,2.3853402,0.02099,-1,-1,-1,0,0,0,136,1,1,0,0.0000000,0.0000000,0.0000000,0,0,0,0
756874736654958 D 1469,2286560339,1000,1555,1555,2.3853402,0.02016,-1,-1,-1,0,0,0,136,1,1,0,0.0000000,0.0000000,0.0000000,0,0,0,0
756874737613333 D 1470,2286561339,1000,1554,1554,2.3838062,-0.04077,-1,-1,-1,0,0,0,136,1,1,0,0.0000000,0.0000000,0.0000000,0,0,0,0
756874738667083 D 1471,2286562339,1000,1554,1554,2.3838062,-0.03918,-1,-1,-1,0,0,0,136,1,1,0,0.0000000,0.0000000,0.0000000,0,0,0,0
756874739714041 D 1472,2286563339,1000,1554,1554,2.3838062,-0.03764,-1,-1,-1,0,0,0,136,1,1,0,0.0000000,0.0000000,0.0000000,0,0,0,0
756874740787916 D 1473,2286564339,1000,1555,1555,2.3853402,0.02398,-1,-1,-1,0,0,0,136,1,1,0,0.0000000,0.0000000,0.0000000,0,0,0,0
756874741757125 D 1474,2286565339,1000,1555,1555,2.3853402,0.02304,-1,-1,-1,0,0,0,136,1,1,0,0.0000000,0.0000000,0.0000000,0,0,0,0
756874742667208 D 1475,2286566339,1000,1555,1555,2.3853402,0.02214,-1,-1,-1,0,0,0,136,1,1,0,0.0000000,0.0000000,0.0000000,0,0,0,0
756874743758375 D 1476,2286567339,1000,1554,1554,2.3838062,-0.03888,-1,-1,-1,0,0,0,136,1,1,0,0.0000000,0.0000000,0.0000000,0,0,0,0
756874744761666 D 1477,2286568339,1000,1555,1555,2.3853402,0.02280,-1,-1,-1,0,0,0,136,1,1,0,0.0000000,0.0000000,0.0000000,0,0,0,0
756874745776875 D 1478,2286569339,1000,1554,1554,2.3838062,-0.03825,-1,-1,-1,0,0,0,135,1,1,0,0.0000000,0.0000000,0.0000000,0,0,0,0
756874746773666 D 1479,2286570339,1000,1555,1555,2.3853402,0.02340,-1,-1,-1,0,0,0,136,1,1,0,0.0000000,0.0000000,0.0000000,0,0,0,0
756874747740041 D 1480,2286571339,1000,1555,1555,2.3853402,0.02248,-1,-1,-1,0,0,0,136,1,1,0,0.0000000,0.0000000,0.0000000,0,0,0,0
756874748756458 D 1481,2286572339,1000,1554,1554,2.3838062,-0.03855,-1,-1,-1,0,0,0,136,1,1,0,0.0000000,0.0000000,0.0000000,0,0,0,0
756874749772916 D 1482,2286573339,1000,1555,1555,2.3853402,0.02311,-1,-1,-1,0,0,0,136,1,1,0,0.0000000,0.0000000,0.0000000,0,0,0,0
756874750730875 D 1483,2286574339,1000,1554,1554,2.3838062,-0.03794,-1,-1,-1,0,0,0,136,1,1,0,0.0000000,0.0000000,0.0000000,0,0,0,0
756874751777333 D 1484,2286575339,1000,1555,1555,2.3853402,0.02370,-1,-1,-1,0,0,0,136,1,1,0,0.0000000,0.0000000,0.0000000,0,0,0,0
756874752844583 D 1485,2286576339,1000,1555,1555,2.3853402,0.02277,-1,-1,-1,0,0,0,136,1,1,0,0.0000000,0.0000000,0.0000000,0,0,0,0
756874753826625 D 1486,2286577339,1000,1555,1555,2.3853402,0.02187,-1,-1,-1,0,0,0,136,1,1,0,0.0000000,0.0000000,0.0000000,0,0,0,0
756874754710291 D 1487,2286578339,1000,1555,1555,2.3853402,0.02102,-1,-1,-1,0,0,0,136,1,1,0,0.0000000,0.0000000,0.0000000,0,0,0,0
756874755827791 D 1488,2286579339,1000,1555,1555,2.3853402,0.02019,-1,-1,-1,0,0,0,136,1,1,0,0.0000000,0.0000000,0.0000000,0,0,0,0
756874756705041 D 1489,2286580339,1000,1555,1555,2.3853402,0.01940,-1,-1,-1,0,0,0,136,1,1,0,0.0000000,0.0000000,0.0000000,0,0,0,0
756874757702416 D 1490,2286581339,1000,1555,1555,2.3853402,0.01864,-1,-1,-1,0,0,0,136,1,1,0,0.0000000,0.0000000,0.0000000,0,0,0,0
756874758692625 D 1491,2286582339,1000,1554,1554,2.3838062,-0.04224,-1,-1,-1,0,0,0,136,1,1,0,0.0000000,0.0000000,0.0000000,0,0,0,0
756874759753375 D 1492,2286583339,1000,1554,1554,2.3838062,-0.04058,-1,-1,-1,0,0,0,136,1,1,0,0.0000000,0.0000000,0.0000000,0,0,0,0
756874760673666 D 1493,2286584339,1000,1554,1554,2.3838062,-0.03899,-1,-1,-1,0,0,0,136,1,1,0,0.0000000,0.0000000,0.0000000,0,0,0,0
756874761803833 D 1494,2286585339,1000,1555,1555,2.3853402,0.02269,-1,-1,-1,0,0,0,136,1,1,0,0.0000000,0.0000000,0.0000000,0,0,0,0
756874762669625 D 1495,2286586339,1000,1555,1555,2.3853402,0.02180,-1,-1,-1,0,0,0,136,1,1,0,0.0000000,0.0000000,0.0000000,0,0,0,0
756874763706750 D 1496,2286587339,1000,1555,1555,2.3853402,0.02094,-1,-1,-1,0,0,0,136,1,1,0,0.0000000,0.0000000,0.0000000,0,0,0,0
756874764738000 D 1497,2286588339,1000,1554,1554,2.3838062,-0.04003,-1,-1,-1,0,0,0,136,1,1,0,0.0000000,0.0000000,0.0000000,0,0,0,0
756874765795833 D 1498,2286589339,1000,1554,1554,2.3838062,-0.03846,-1,-1,-1,0,0,0,136,1,1,0,0.0000000,0.0000000,0.0000000,0,0,0,0
756874766833458 D 1499,2286590339,1000,1555,1555,2.3853402,0.02320,-1,-1,-1,0,0,0,135,1,1,0,0.0000000,0.0000000,0.0000000,0,0,0,0
756874767886833 D 1500,2286591339,1000,1555,1555,2.3853402,0.02229,-1,-1,-1,0,0,0,136,1,1,0,0.0000000,0.0000000,0.0000000,0,0,0,0
756874768633375 D 1501,2286592339,1000,1554,1554,2.3838062,-0.03873,-1,-1,-1,0,0,0,136,1,1,0,0.0000000,0.0000000,0.0000000,0,0,0,0
756874769625375 D 1502,2286593339,1000,1555,1555,2.3853402,0.02293,-1,-1,-1,0,0,0,136,1,1,0,0.0000000,0.0000000,0.0000000,0,0,0,0
756874770610500 D 1503,2286594339,1000,1555,1555,2.3853402,0.02203,-1,-1,-1,0,0,0,136,1,1,0,0.0000000,0.0000000,0.0000000,0,0,0,0
756874771563708 D 1504,2286595339,1000,1555,1555,2.3853402,0.02117,-1,-1,-1,0,0,0,136,1,1,0,0.0000000,0.0000000,0.0000000,0,0,0,0
756874772562583 D 1505,2286596339,1000,1555,1555,2.3853402,0.02034,-1,-1,-1,0,0,0,136,1,1,0,0.0000000,0.0000000,0.0000000,0,0,0,0
756874773408041 D 1506,2286597339,1000,1554,1554,2.3838062,-0.04061,-1,-1,-1,0,0,0,136,1,1,0,0.0000000,0.0000000,0.0000000,0,0,0,0
756874774406041 D 1507,2286598339,1000,1555,1555,2.3853402,0.02113,-1,-1,-1,0,0,0,136,1,1,0,0.0000000,0.0000000,0.0000000,0,0,0,0
756874775413083 D 1508,2286599339,1000,1554,1554,2.3838062,-0.03984,-1,-1,-1,0,0,0,136,1,1,0,0.0000000,0.0000000,0.0000000,0,0,0,0
756874776429541 D 1509,2286600339,1000,1555,1555,2.3853402,0.02187,-1,-1,-1,0,0,0,136,1,1,0,0.0000000,0.0000000,0.0000000,0,0,0,0
756874777476541 D 1510,2286601339,1000,1555,1555,2.3853402,0.02101,-1,-1,-1,0,0,0,136,1,1,0,0.0000000,0.0000000,0.0000000,0,0,0,0
756874778884375 D 1511,2286602339,1000,1554,1554,2.3838062,-0.03996,39,128,2033,0,0,0,136,1,1,0,0.0000000,0.0000000,0.0000000,0,0,0,0
756874779407208 D 1512,2286603339,1000,1555,1555,2.3853402,0.02175,-1,-1,-1,0,0,0,136,1,1,0,0.0000000,0.0000000,0.0000000,0,0,0,0
756874780409250 D 1513,2286604339,1000,1554,1554,2.3838062,-0.03925,-1,-1,-1,0,0,0,136,1,1,0,0.0000000,0.0000000,0.0000000,0,0,0,0
756874781408375 D 1514,2286605339,1000,1555,1555,2.3853402,0.02244,-1,-1,-1,0,0,0,136,1,1,0,0.0000000,0.0000000,0.0000000,0,0,0,0
756874782405416 D 1515,2286606339,1000,1555,1555,2.3853402,0.02156,-1,-1,-1,0,0,0,136,1,1,0,0.0000000,0.0000000,0.0000000,0,0,0,0
756874783405375 D 1516,2286607339,1000,1555,1555,2.3853402,0.02071,-1,-1,-1,0,0,0,136,1,1,0,0.0000000,0.0000000,0.0000000,0,0,0,0
756874784404208 D 1517,2286608339,1000,1555,1555,2.3853402,0.01990,-1,-1,-1,0,0,0,136,1,1,0,0.0000000,0.0000000,0.0000000,0,0,0,0
756874785443666 D 1518,2286609339,1000,1555,1555,2.3853402,0.01912,-1,-1,-1,0,0,0,136,1,1,0,0.0000000,0.0000000,0.0000000,0,0,0,0
756874786450083 D 1519,2286610339,1000,1554,1554,2.3838062,-0.04178,-1,-1,-1,0,0,0,136,1,1,0,0.0000000,0.0000000,0.0000000,0,0,0,0
756874787477500 D 1520,2286611339,1000,1555,1555,2.3853402,0.02001,-1,-1,-1,0,0,0,135,1,1,0,0.0000000,0.0000000,0.0000000,0,0,0,0
756874788460916 D 1521,2286612339,1000,1555,1555,2.3853402,0.01923,-1,-1,-1,0,0,0,136,1,1,0,0.0000000,0.0000000,0.0000000,0,0,0,0
756874789445250 D 1522,2286613339,1000,1555,1555,2.3853402,0.01847,-1,-1,-1,0,0,0,136,1,1,0,0.0000000,0.0000000,0.0000000,0,0,0,0
756874790444916 D 1523,2286614339,1000,1554,1554,2.3838062,-0.04240,-1,-1,-1,0,0,0,136,1,1,0,0.0000000,0.0000000,0.0000000,0,0,0,0
756874791447125 D 1524,2286615339,1000,1554,1554,2.3838062,-0.04074,-1,-1,-1,0,0,0,136,1,1,0,0.0000000,0.0000000,0.0000000,0,0,0,0
756874792438833 D 1525,2286616339,1000,1555,1555,2.3853402,0.02101,-1,-1,-1,0,0,0,136,1,1,0,0.0000000,0.0000000,0.0000000,0,0,0,0
756874793446000 D 1526,2286617339,1000,1555,1555,2.3853402,0.02018,-1,-1,-1,0,0,0,136,1,1,0,0.0000000,0.0000000,0.0000000,0,0,0,0
756874794455208 D 1527,2286618339,1000,1555,1555,2.3853402,0.01939,-1,-1,-1,0,0,0,136,1,1,0,0.0000000,0.0000000,0.0000000,0,0,0,0
756874795451041 D 1528,2286619339,1000,1555,1555,2.3853402,0.01863,-1,-1,-1,0,0,0,136,1,1,0,0.0000000,0.0000000,0.0000000,0,0,0,0
756874796457333 D 1529,2286620339,1000,1554,1554,2.3838062,-0.04225,-1,-1,-1,0,0,0,136,1,1,0,0.0000000,0.0000000,0.0000000,0,0,0,0
756874797441916 D 1530,2286621339,1000,1555,1555,2.3853402,0.01956,-1,-1,-1,0,0,0,136,1,1,0,0.0000000,0.0000000,0.0000000,0,0,0,0
756874798500041 D 1531,2286622339,1000,1554,1554,2.3838062,-0.04136,-1,-1,-1,0,0,0,136,1,1,0,0.0000000,0.0000000,0.0000000,0,0,0,0
756874799481666 D 1532,2286623339,1000,1555,1555,2.3853402,0.02041,-1,-1,-1,0,0,0,136,1,1,0,0.0000000,0.0000000,0.0000000,0,0,0,0
756874800481250 D 1533,2286624339,1000,1555,1555,2.3853402,0.01961,-1,-1,-1,0,0,0,136,1,1,0,0.0000000,0.0000000,0.0000000,0,0,0,0
756874801484041 D 1534,2286625339,1000,1555,1555,2.3853402,0.01884,-1,-1,-1,0,0,0,136,1,1,0,0.0000000,0.0000000,0.0000000,0,0,0,0
756874802508250 D 1535,2286626339,1000,1554,1554,2.3838062,-0.04204,-1,-1,-1,0,0,0,136,1,1,0,0.0000000,0.0000000,0.0000000,0,0,0,0
756874803524958 D 1536,2286627339,1000,1554,1554,2.3838062,-0.04040,-1,-1,-1,0,0,0,136,1,1,0,0.0000000,0.0000000,0.0000000,0,0,0,0
756874804487125 D 1537,2286628339,1000,1554,1554,2.3838062,-0.03881,-1,-1,-1,0,0,0,136,1,1,0,0.0000000,0.0000000,0.0000000,0,0,0,0
756874805491166 D 1538,2286629339,1000,1554,1554,2.3838062,-0.03729,-1,-1,-1,0,0,0,136,1,1,0,0.0000000,0.0000000,0.0000000,0,0,0,0
756874806487208 D 1539,2286630339,1000,1554,1554,2.3838062,-0.03583,-1,-1,-1,0,0,0,136,1,1,0,0.0000000,0.0000000,0.0000000,0,0,0,0
756874807488666 D 1540,2286631339,1000,1554,1554,2.3838062,-0.03442,-1,-1,-1,0,0,0,136,1,1,0,0.0000000,0.0000000,0.0000000,0,0,0,0
756874808481416 D 1541,2286632339,1000,1555,1555,2.3853402,0.02708,-1,-1,-1,0,0,0,135,1,1,0,0.0000000,0.0000000,0.0000000,0,0,0,0
756874809491458 D 1542,2286633339,1000,1554,1554,2.3838062,-0.03413,-1,-1,-1,0,0,0,136,1,1,0,0.0000000,0.0000000,0.0000000,0,0,0,0
756874810484750 D 1543,2286634339,1000,1555,1555,2.3853402,0.02735,-1,-1,-1,0,0,0,136,1,1,0,0.0000000,0.0000000,0.0000000,0,0,0,0
756874811500125 D 1544,2286635339,1000,1555,1555,2.3853402,0.02628,-1,-1,-1,0,0,0,136,1,1,0,0.0000000,0.0000000,0.0000000,0,0,0,0
756874812492625 D 1545,2286636339,1000,1554,1554,2.3838062,-0.03490,-1,-1,-1,0,0,0,136,1,1,0,0.0000000,0.0000000,0.0000000,0,0,0,0
756874813495875 D 1546,2286637339,1000,1555,1555,2.3853402,0.02662,-1,-1,-1,0,0,0,136,1,1,0,0.0000000,0.0000000,0.0000000,0,0,0,0
756874814484166 D 1547,2286638339,1000,1555,1555,2.3853402,0.02557,-1,-1,-1,0,0,0,136,1,1,0,0.0000000,0.0000000,0.0000000,0,0,0,0
756874815496625 D 1548,2286639339,1000,1555,1555,2.3853402,0.02457,-1,-1,-1,0,0,0,136,1,1,0,0.0000000,0.0000000,0.0000000,0,0,0,0
756874816487875 D 1549,2286640339,1000,1554,1554,2.3838062,-0.03654,-1,-1,-1,0,0,0,136,1,1,0,0.0000000,0.0000000,0.0000000,0,0,0,0
756874817532708 D 1550,2286641339,1000,1555,1555,2.3853402,0.02504,-1,-1,-1,0,0,0,136,1,1,0,0.0000000,0.0000000,0.0000000,0,0,0,0
756874818577791 D 1551,2286642339,1000,1555,1555,2.3853402,0.02406,-1,-1,-1,0,0,0,136,1,1,0,0.0000000,0.0000000,0.0000000,0,0,0,0
756874819574291 D 1552,2286643339,1000,1554,1554,2.3838062,-0.03703,-1,-1,-1,0,0,0,136,1,1,0,0.0000000,0.0000000,0.0000000,0,0,0,0
756874820554458 D 1553,2286644339,1000,1555,1555,2.3853402,0.02457,-1,-1,-1,0,0,0,136,1,1,0,0.0000000,0.0000000,0.0000000,0,0,0,0
756874821566291 D 1554,2286645339,1000,1554,1554,2.3838062,-0.03654,-1,-1,-1,0,0,0,136,1,1,0,0.0000000,0.0000000,0.0000000,0,0,0,0
756874822553166 D 1555,2286646339,1000,1555,1555,2.3853402,0.02504,-1,-1,-1,0,0,0,136,1,1,0,0.0000000,0.0000000,0.0000000,0,0,0,0
756874823561291 D 1556,2286647339,1000,1554,1554,2.3838062,-0.03609,-1,-1,-1,0,0,0,136,1,1,0,0.0000000,0.0000000,0.0000000,0,0,0,0
756874824556083 D 1557,2286648339,1000,1555,1555,2.3853402,0.02547,-1,-1,-1,0,0,0,136,1,1,0,0.0000000,0.0000000,0.0000000,0,0,0,0
756874825556666 D 1558,2286649339,1000,1555,1555,2.3853402,0.02447,-1,-1,-1,0,0,0,136,1,1,0,0.0000000,0.0000000,0.0000000,0,0,0,0
756874826552541 D 1559,2286650339,1000,1555,1555,2.3853402,0.02351,-1,-1,-1,0,0,0,136,1,1,0,0.0000000,0.0000000,0.0000000,0,0,0,0
756874827559666 D 1560,2286651339,1000,1554,1554,2.3838062,-0.03756,-1,-1,-1,0,0,0,136,1,1,0,0.0000000,0.0000000,0.0000000,0,0,0,0
756874829004750 D 1561,2286652339,1000,1555,1555,2.3853402,0.02406,39,128,2034,0,0,0,136,1,1,0,0.0000000,0.0000000,0.0000000,0,0,0,0
756874829631750 D 1562,2286653339,1000,1554,1554,2.3838062,-0.03703,-1,-1,-1,0,0,0,136,1,1,0,0.0000000,0.0000000,0.0000000,0,0,0,0
756874830593875 D 1563,2286654339,1000,1555,1555,2.3853402,0.02457,-1,-1,-1,0,0,0,136,1,1,0,0.0000000,0.0000000,0.0000000,0,0,0,0
756874831656458 D 1564,2286655339,1000,1555,1555,2.3853402,0.02361,-1,-1,-1,0,0,0,136,1,1,0,0.0000000,0.0000000,0.0000000,0,0,0,0
756874832613875 D 1565,2286656339,1000,1555,1555,2.3853402,0.02268,-1,-1,-1,0,0,0,136,1,1,0,0.0000000,0.0000000,0.0000000,0,0,0,0
756874833654166 D 1566,2286657339,1000,1555,1555,2.3853402,0.02179,-1,-1,-1,0,0,0,136,1,1,0,0.0000000,0.0000000,0.0000000,0,0,0,0
756874834622041 D 1567,2286658339,1000,1555,1555,2.3853402,0.02094,-1,-1,-1,0,0,0,136,1,1,0,0.0000000,0.0000000,0.0000000,0,0,0,0
756874835621750 D 1568,2286659339,1000,1554,1554,2.3838062,-0.04003,-1,-1,-1,0,0,0,136,1,1,0,0.0000000,0.0000000,0.0000000,0,0,0,0
756874836600375 D 1569,2286660339,1000,1555,1555,2.3853402,0.02169,-1,-1,-1,0,0,0,136,1,1,0,0.0000000,0.0000000,0.0000000,0,0,0,0
756874837569500 D 1570,2286661339,1000,1555,1555,2.3853402,0.02084,-1,-1,-1,0,0,0,136,1,1,0,0.0000000,0.0000000,0.0000000,0,0,0,0
756874838558291 D 1571,2286662339,1000,1555,1555,2.3853402,0.02002,-1,-1,-1,0,0,0,136,1,1,0,0.0000000,0.0000000,0.0000000,0,0,0,0
756874839591708 D 1572,2286663339,1000,1554,1554,2.3838062,-0.04091,-1,-1,-1,0,0,0,136,1,1,0,0.0000000,0.0000000,0.0000000,0,0,0,0
756874840581791 D 1573,2286664339,1000,1555,1555,2.3853402,0.02084,-1,-1,-1,0,0,0,136,1,1,0,0.0000000,0.0000000,0.0000000,0,0,0,0
756874841570625 D 1574,2286665339,1000,1555,1555,2.3853402,0.02002,-1,-1,-1,0,0,0,136,1,1,0,0.0000000,0.0000000,0.0000000,0,0,0,0
756874842570250 D 1575,2286666339,1000,1555,1555,2.3853402,0.01924,-1,-1,-1,0,0,0,136,1,1,0,0.0000000,0.0000000,0.0000000,0,0,0,0
756874843574708 D 1576,2286667339,1000,1555,1555,2.3853402,0.01848,-1,-1,-1,0,0,0,136,1,1,0,0.0000000,0.0000000,0.0000000,0,0,0,0
756874844565500 D 1577,2286668339,1000,1554,1554,2.3838062,-0.04239,-1,-1,-1,0,0,0,136,1,1,0,0.0000000,0.0000000,0.0000000,0,0,0,0
756874845565500 D 1578,2286669339,1000,1554,1554,2.3838062,-0.04073,-1,-1,-1,0,0,0,136,1,1,0,0.0000000,0.0000000,0.0000000,0,0,0,0
756874846558125 D 1579,2286670339,1000,1555,1555,2.3853402,0.02102,-1,-1,-1,0,0,0,136,1,1,0,0.0000000,0.0000000,0.0000000,0,0,0,0
756874847557541 D 1580,2286671339,1000,1555,1555,2.3853402,0.02019,-1,-1,-1,0,0,0,136,1,1,0,0.0000000,0.0000000,0.0000000,0,0,0,0
756874848589166 D 1581,2286672339,1000,1554,1554,2.3838062,-0.04075,-1,-1,-1,0,0,0,136,1,1,0,0.0000000,0.0000000,0.0000000,0,0,0,0
756874849567666 D 1582,2286673339,1000,1555,1555,2.3853402,0.02100,-1,-1,-1,0,0,0,136,1,1,0,0.0000000,0.0000000,0.0000000,0,0,0,0
756874850582875 D 1583,2286674339,1000,1554,1554,2.3838062,-0.03997,-1,-1,-1,0,0,0,136,1,1,0,0.0000000,0.0000000,0.0000000,0,0,0,0
756874851580750 D 1584,2286675339,1000,1554,1554,2.3838062,-0.03841,-1,-1,-1,0,0,0,136,1,1,0,0.0000000,0.0000000,0.0000000,0,0,0,0
756874852570083 D 1585,2286676339,1000,1555,1555,2.3853402,0.02325,-1,-1,-1,0,0,0,136,1,1,0,0.0000000,0.0000000,0.0000000,0,0,0,0
756874853567125 D 1586,2286677339,1000,1554,1554,2.3838062,-0.03781,-1,-1,-1,0,0,0,136,1,1,0,0.0000000,0.0000000,0.0000000,0,0,0,0
756874854584541 D 1587,2286678339,1000,1555,1555,2.3853402,0.02382,-1,-1,-1,0,0,0,136,1,1,0,0.0000000,0.0000000,0.0000000,0,0,0,0
756874855585375 D 1588,2286679339,1000,1554,1554,2.3838062,-0.03726,-1,-1,-1,0,0,0,136,1,1,0,0.0000000,0.0000000,0.0000000,0,0,0,0
756874856564791 D 1589,2286680339,1000,1555,1555,2.3853402,0.02435,-1,-1,-1,0,0,0,136,1,1,0,0.0000000,0.0000000,0.0000000,0,0,0,0
756874857570041 D 1590,2286681339,1000,1554,1554,2.3838062,-0.03676,-1,-1,-1,0,0,0,136,1,1,0,0.0000000,0.0000000,0.0000000,0,0,0,0
756874858583708 D 1591,2286682339,1000,1554,1554,2.3838062,-0.03531,-1,-1,-1,0,0,0,136,1,1,0,0.0000000,0.0000000,0.0000000,0,0,0,0
756874859568291 D 1592,2286683339,1000,1555,1555,2.3853402,0.02622,-1,-1,-1,0,0,0,136,1,1,0,0.0000000,0.0000000,0.0000000,0,0,0,0
756874860573500 D 1593,2286684339,1000,1554,1554,2.3838062,-0.03496,-1,-1,-1,0,0,0,136,1,1,0,0.0000000,0.0000000,0.0000000,0,0,0,0
756874861581625 D 1594,2286685339,1000,1554,1554,2.3838062,-0.03359,-1,-1,-1,0,0,0,136,1,1,0,0.0000000,0.0000000,0.0000000,0,0,0,0
756874862574916 D 1595,2286686339,1000,1554,1554,2.3838062,-0.03227,-1,-1,-1,0,0,0,136,1,1,0,0.0000000,0.0000000,0.0000000,0,0,0,0
756874863562791 D 1596,2286687339,1000,1555,1555,2.3853402,0.02914,-1,-1,-1,0,0,0,136,1,1,0,0.0000000,0.0000000,0.0000000,0,0,0,0
756874864575125 D 1597,2286688339,1000,1554,1554,2.3838062,-0.03215,-1,-1,-1,0,0,0,136,1,1,0,0.0000000,0.0000000,0.0000000,0,0,0,0
756874865573625 D 1598,2286689339,1000,1555,1555,2.3853402,0.02926,-1,-1,-1,0,0,0,136,1,1,0,0.0000000,0.0000000,0.0000000,0,0,0,0
756874866577791 D 1599,2286690339,1000,1555,1555,2.3853402,0.02811,-1,-1,-1,0,0,0,136,1,1,0,0.0000000,0.0000000,0.0000000,0,0,0,0
756874867560000 D 1600,2286691339,1000,1555,1555,2.3853402,0.02701,-1,-1,-1,0,0,0,136,1,1,0,0.0000000,0.0000000,0.0000000,0,0,0,0
756874868566166 D 1601,2286692339,1000,1555,1555,2.3853402,0.02595,-1,-1,-1,0,0,0,136,1,1,0,0.0000000,0.0000000,0.0000000,0,0,0,0
756874869566875 D 1602,2286693339,1000,1554,1554,2.3838062,-0.03521,-1,-1,-1,0,0,0,136,1,1,0,0.0000000,0.0000000,0.0000000,0,0,0,0
756874870573791 D 1603,2286694339,1000,1555,1555,2.3853402,0.02632,-1,-1,-1,0,0,0,136,1,1,0,0.0000000,0.0000000,0.0000000,0,0,0,0
756874871578041 D 1604,2286695339,1000,1554,1554,2.3838062,-0.03486,-1,-1,-1,0,0,0,136,1,1,0,0.0000000,0.0000000,0.0000000,0,0,0,0
756874872577791 D 1605,2286696339,1000,1554,1554,2.3838062,-0.03350,-1,-1,-1,0,0,0,136,1,1,0,0.0000000,0.0000000,0.0000000,0,0,0,0
756874873791250 D 1606,2286697339,1000,1555,1555,2.3853402,0.02796,-1,-1,-1,0,0,0,136,1,1,0,0.0000000,0.0000000,0.0000000,0,0,0,0
756874874802375 D 1607,2286698339,1000,1554,1554,2.3838062,-0.03328,-1,-1,-1,0,0,0,136,1,1,0,0.0000000,0.0000000,0.0000000,0,0,0,0
756874875780250 D 1608,2286699339,1000,1554,1554,2.3838062,-0.03198,-1,-1,-1,0,0,0,136,1,1,0,0.0000000,0.0000000,0.0000000,0,0,0,0
756874876636375 D 1609,2286700339,1000,1555,1555,2.3853402,0.02943,-1,-1,-1,0,0,0,136,1,1,0,0.0000000,0.0000000,0.0000000,0,0,0,0
756874877599833 D 1610,2286701339,1000,1555,1555,2.3853402,0.02827,-1,-1,-1,0,0,0,136,1,1,0,0.0000000,0.0000000,0.0000000,0,0,0,0
756874879066583 D 1611,2286702339,1000,1554,1554,2.3838062,-0.03298,39,128,2034,0,0,0,135,1,1,0,0.0000000,0.0000000,0.0000000,0,0,0,0
756874879686333 D 1612,2286703339,1000,1555,1555,2.3853402,0.02846,-1,-1,-1,0,0,0,136,1,1,0,0.0000000,0.0000000,0.0000000,0,0,0,0
756874880590958 D 1613,2286704339,1000,1555,1555,2.3853402,0.02734,-1,-1,-1,0,0,0,136,1,1,0,0.0000000,0.0000000,0.0000000,0,0,0,0
756874881603416 D 1614,2286705339,1000,1554,1554,2.3838062,-0.03388,-1,-1,-1,0,0,0,136,1,1,0,0.0000000,0.0000000,0.0000000,0,0,0,0
756874882584000 D 1615,2286706339,1000,1554,1554,2.3838062,-0.03255,-1,-1,-1,0,0,0,136,1,1,0,0.0000000,0.0000000,0.0000000,0,0,0,0
756874883598916 D 1616,2286707339,1000,1555,1555,2.3853402,0.02887,-1,-1,-1,0,0,0,136,1,1,0,0.0000000,0.0000000,0.0000000,0,0,0,0
756874884629666 D 1617,2286708339,1000,1554,1554,2.3838062,-0.03241,-1,-1,-1,0,0,0,136,1,1,0,0.0000000,0.0000000,0.0000000,0,0,0,0
756874885627958 D 1618,2286709339,1000,1555,1555,2.3853402,0.02901,-1,-1,-1,0,0,0,135,1,1,0,0.0000000,0.0000000,0.0000000,0,0,0,0
756874886625291 D 1619,2286710339,1000,1555,1555,2.3853402,0.02787,-1,-1,-1,0,0,0,136,1,1,0,0.0000000,0.0000000,0.0000000,0,0,0,0
756874887596666 D 1620,2286711339,1000,1555,1555,2.3853402,0.02678,-1,-1,-1,0,0,0,136,1,1,0,0.0000000,0.0000000,0.0000000,0,0,0,0
756874888580791 D 1621,2286712339,1000,1555,1555,2.3853402,0.02573,-1,-1,-1,0,0,0,136,1,1,0,0.0000000,0.0000000,0.0000000,0,0,0,0
756874889577583 D 1622,2286713339,1000,1555,1555,2.3853402,0.02472,-1,-1,-1,0,0,0,136,1,1,0,0.0000000,0.0000000,0.0000000,0,0,0,0
756874890579208 D 1623,2286714339,1000,1555,1555,2.3853402,0.02375,-1,-1,-1,0,0,0,136,1,1,0,0.0000000,0.0000000,0.0000000,0,0,0,0
756874891584041 D 1624,2286715339,1000,1554,1554,2.3838062,-0.03733,-1,-1,-1,0,0,0,136,1,1,0,0.0000000,0.0000000,0.0000000,0,0,0,0
756874892587291 D 1625,2286716339,1000,1555,1555,2.3853402,0.02429,-1,-1,-1,0,0,0,136,1,1,0,0.0000000,0.0000000,0.0000000,0,0,0,0
756874893794791 D 1626,2286717339,1000,1555,1555,2.3853402,0.02333,-1,-1,-1,0,0,0,136,1,1,0,0.0000000,0.0000000,0.0000000,0,0,0,0
756874894804458 D 1627,2286718339,1000,1555,1555,2.3853402,0.02242,-1,-1,-1,0,0,0,136,1,1,0,0.0000000,0.0000000,0.0000000,0,0,0,0
756874895808750 D 1628,2286719339,1000,1554,1554,2.3838062,-0.03861,-1,-1,-1,0,0,0,136,1,1,0,0.0000000,0.0000000,0.0000000,0,0,0,0
756874896614833 D 1629,2286720339,1000,1554,1554,2.3838062,-0.03709,-1,-1,-1,0,0,0,136,1,1,0,0.0000000,0.0000000,0.0000000,0,0,0,0
756874897601208 D 1630,2286721339,1000,1554,1554,2.3838062,-0.03564,-1,-1,-1,0,0,0,136,1,1,0,0.0000000,0.0000000,0.0000000,0,0,0,0
756874898597583 D 1631,2286722339,1000,1554,1554,2.3838062,-0.03424,-1,-1,-1,0,0,0,136,1,1,0,0.0000000,0.0000000,0.0000000,0,0,0,0
756874899582958 D 1632,2286723339,1000,1555,1555,2.3853402,0.02725,-1,-1,-1,0,0,0,135,1,1,0,0.0000000,0.0000000,0.0000000,0,0,0,0
756874900594125 D 1633,2286724339,1000,1555,1555,2.3853402,0.02618,-1,-1,-1,0,0,0,136,1,1,0,0.0000000,0.0000000,0.0000000,0,0,0,0
756874901593083 D 1634,2286725339,1000,1554,1554,2.3838062,-0.03500,-1,-1,-1,0,0,0,136,1,1,0,0.0000000,0.0000000,0.0000000,0,0,0,0
756874902582583 D 1635,2286726339,1000,1555,1555,2.3853402,0.02653,-1,-1,-1,0,0,0,136,1,1,0,0.0000000,0.0000000,0.0000000,0,0,0,0
756874903584000 D 1636,2286727339,1000,1555,1555,2.3853402,0.02549,-1,-1,-1,0,0,0,136,1,1,0,0.0000000,0.0000000,0.0000000,0,0,0,0
756874904584875 D 1637,2286728339,1000,1555,1555,2.3853402,0.02449,-1,-1,-1,0,0,0,136,1,1,0,0.0000000,0.0000000,0.0000000,0,0,0,0
756874905594291 D 1638,2286729339,1000,1555,1555,2.3853402,0.02353,-1,-1,-1,0,0,0,136,1,1,0,0.0000000,0.0000000,0.0000000,0,0,0,0
756874906633625 D 1639,2286730339,1000,1555,1555,2.3853402,0.02260,-1,-1,-1,0,0,0,136,1,1,0,0.0000000,0.0000000,0.0000000,0,0,0,0
756874907631958 D 1640,2286731339,1000,1555,1555,2.3853402,0.02172,-1,-1,-1,0,0,0,136,1,1,0,0.0000000,0.0000000,0.0000000,0,0,0,0
756874908674875 D 1641,2286732339,1000,1555,1555,2.3853402,0.02087,-1,-1,-1,0,0,0,136,1,1,0,0.0000000,0.0000000,0.0000000,0,0,0,0
756874909702791 D 1642,2286733339,1000,1554,1554,2.3838062,-0.04010,-1,-1,-1,0,0,0,136,1,1,0,0.0000000,0.0000000,0.0000000,0,0,0,0
756874910715875 D 1643,2286734339,1000,1555,1555,2.3853402,0.02162,-1,-1,-1,0,0,0,136,1,1,0,0.0000000,0.0000000,0.0000000,0,0,0,0
756874911708291 D 1644,2286735339,1000,1555,1555,2.3853402,0.02077,-1,-1,-1,0,0,0,136,1,1,0,0.0000000,0.0000000,0.0000000,0,0,0,0
756874912733625 D 1645,2286736339,1000,1555,1555,2.3853402,0.01996,-1,-1,-1,0,0,0,136,1,1,0,0.0000000,0.0000000,0.0000000,0,0,0,0
756874913714583 D 1646,2286737339,1000,1555,1555,2.3853402,0.01917,-1,-1,-1,0,0,0,136,1,1,0,0.0000000,0.0000000,0.0000000,0,0,0,0
756874914683083 D 1647,2286738339,1000,1554,1554,2.3838062,-0.04173,-1,-1,-1,0,0,0,136,1,1,0,0.0000000,0.0000000,0.0000000,0,0,0,0
756874915642666 D 1648,2286739339,1000,1555,1555,2.3853402,0.02006,-1,-1,-1,0,0,0,136,1,1,0,0.0000000,0.0000000,0.0000000,0,0,0,0
756874916629791 D 1649,2286740339,1000,1554,1554,2.3838062,-0.04088,-1,-1,-1,0,0,0,136,1,1,0,0.0000000,0.0000000,0.0000000,0,0,0,0
756874917634000 D 1650,2286741339,1000,1555,1555,2.3853402,0.02088,-1,-1,-1,0,0,0,136,1,1,0,0.0000000,0.0000000,0.0000000,0,0,0,0
756874918670333 D 1651,2286742339,1000,1555,1555,2.3853402,0.02006,-1,-1,-1,0,0,0,136,1,1,0,0.0000000,0.0000000,0.0000000,0,0,0,0
756874919649166 D 1652,2286743339,1000,1555,1555,2.3853402,0.01927,-1,-1,-1,0,0,0,136,1,1,0,0.0000000,0.0000000,0.0000000,0,0,0,0
756874920676125 D 1653,2286744339,1000,1555,1555,2.3853402,0.01851,-1,-1,-1,0,0,0,136,1,1,0,0.0000000,0.0000000,0.0000000,0,0,0,0
756874921776958 D 1654,2286745339,1000,1555,1555,2.3853402,0.01779,-1,-1,-1,0,0,0,136,1,1,0,0.0000000,0.0000000,0.0000000,0,0,0,0
756874922659291 D 1655,2286746339,1000,1555,1555,2.3853402,0.01709,-1,-1,-1,0,0,0,136,1,1,0,0.0000000,0.0000000,0.0000000,0,0,0,0
756874923696000 D 1656,2286747339,1000,1554,1554,2.3838062,-0.04373,-1,-1,-1,0,0,0,136,1,1,0,0.0000000,0.0000000,0.0000000,0,0,0,0
756874924802250 D 1657,2286748339,1000,1554,1554,2.3838062,-0.04201,-1,-1,-1,0,0,0,136,1,1,0,0.0000000,0.0000000,0.0000000,0,0,0,0
756874925605125 D 1658,2286749339,1000,1555,1555,2.3853402,0.01978,-1,-1,-1,0,0,0,136,1,1,0,0.0000000,0.0000000,0.0000000,0,0,0,0
756874926671000 D 1659,2286750339,1000,1554,1554,2.3838062,-0.04114,-1,-1,-1,0,0,0,136,1,1,0,0.0000000,0.0000000,0.0000000,0,0,0,0
756874927620666 D 1660,2286751339,1000,1555,1555,2.3853402,0.02062,-1,-1,-1,0,0,0,136,1,1,0,0.0000000,0.0000000,0.0000000,0,0,0,0
756874929073958 D 1661,2286752339,1000,1555,1555,2.3853402,0.01981,39,128,2035,0,0,0,136,1,1,0,0.0000000,0.0000000,0.0000000,0,0,0,0
756874929749541 D 1662,2286753339,1000,1554,1554,2.3838062,-0.04111,-1,-1,-1,0,0,0,136,1,1,0,0.0000000,0.0000000,0.0000000,0,0,0,0
756874930649416 D 1663,2286754339,1000,1554,1554,2.3838062,-0.03950,-1,-1,-1,0,0,0,136,1,1,0,0.0000000,0.0000000,0.0000000,0,0,0,0
756874931579375 D 1664,2286755339,1000,1555,1555,2.3853402,0.02220,-1,-1,-1,0,0,0,136,1,1,0,0.0000000,0.0000000,0.0000000,0,0,0,0
756874932596083 D 1665,2286756339,1000,1554,1554,2.3838062,-0.03882,-1,-1,-1,0,0,0,136,1,1,0,0.0000000,0.0000000,0.0000000,0,0,0,0
756874933593958 D 1666,2286757339,1000,1555,1555,2.3853402,0.02285,-1,-1,-1,0,0,0,136,1,1,0,0.0000000,0.0000000,0.0000000,0,0,0,0
756874934573416 D 1667,2286758339,1000,1554,1554,2.3838062,-0.03820,-1,-1,-1,0,0,0,136,1,1,0,0.0000000,0.0000000,0.0000000,0,0,0,0
756874935576166 D 1668,2286759339,1000,1555,1555,2.3853402,0.02345,-1,-1,-1,0,0,0,136,1,1,0,0.0000000,0.0000000,0.0000000,0,0,0,0
756874936585708 D 1669,2286760339,1000,1554,1554,2.3838062,-0.03762,-1,-1,-1,0,0,0,136,1,1,0,0.0000000,0.0000000,0.0000000,0,0,0,0
756874937567875 D 1670,2286761339,1000,1555,1555,2.3853402,0.02401,-1,-1,-1,0,0,0,136,1,1,0,0.0000000,0.0000000,0.0000000,0,0,0,0
756874938605708 D 1671,2286762339,1000,1554,1554,2.3838062,-0.03708,-1,-1,-1,0,0,0,136,1,1,0,0.0000000,0.0000000,0.0000000,0,0,0,0
756874939575666 D 1672,2286763339,1000,1554,1554,2.3838062,-0.03563,-1,-1,-1,0,0,0,136,1,1,0,0.0000000,0.0000000,0.0000000,0,0,0,0
756874940567291 D 1673,2286764339,1000,1555,1555,2.3853402,0.02592,-1,-1,-1,0,0,0,136,1,1,0,0.0000000,0.0000000,0.0000000,0,0,0,0
756874941563125 D 1674,2286765339,1000,1555,1555,2.3853402,0.02490,-1,-1,-1,0,0,0,136,1,1,0,0.0000000,0.0000000,0.0000000,0,0,0,0
756874942599541 D 1675,2286766339,1000,1555,1555,2.3853402,0.02392,-1,-1,-1,0,0,0,136,1,1,0,0.0000000,0.0000000,0.0000000,0,0,0,0
756874943600666 D 1676,2286767339,1000,1555,1555,2.3853402,0.02298,-1,-1,-1,0,0,0,136,1,1,0,0.0000000,0.0000000,0.0000000,0,0,0,0
756874944608541 D 1677,2286768339,1000,1555,1555,2.3853402,0.02208,-1,-1,-1,0,0,0,136,1,1,0,0.0000000,0.0000000,0.0000000,0,0,0,0
756874945580625 D 1678,2286769339,1000,1555,1555,2.3853402,0.02122,-1,-1,-1,0,0,0,136,1,1,0,0.0000000,0.0000000,0.0000000,0,0,0,0
756874946599125 D 1679,2286770339,1000,1554,1554,2.3838062,-0.03976,-1,-1,-1,0,0,0,136,1,1,0,0.0000000,0.0000000,0.0000000,0,0,0,0
756874947603416 D 1680,2286771339,1000,1555,1555,2.3853402,0.02194,-1,-1,-1,0,0,0,136,1,1,0,0.0000000,0.0000000,0.0000000,0,0,0,0
756874948586416 D 1681,2286772339,1000,1554,1554,2.3838062,-0.03906,-1,-1,-1,0,0,0,135,1,1,0,0.0000000,0.0000000,0.0000000,0,0,0,0
756874949614583 D 1682,2286773339,1000,1555,1555,2.3853402,0.02262,-1,-1,-1,0,0,0,136,1,1,0,0.0000000,0.0000000,0.0000000,0,0,0,0
756874950597750 D 1683,2286774339,1000,1555,1555,2.3853402,0.02173,-1,-1,-1,0,0,0,136,1,1,0,0.0000000,0.0000000,0.0000000,0,0,0,0
756874951584208 D 1684,2286775339,1000,1555,1555,2.3853402,0.02088,-1,-1,-1,0,0,0,136,1,1,0,0.0000000,0.0000000,0.0000000,0,0,0,0
756874952576916 D 1685,2286776339,1000,1555,1555,2.3853402,0.02006,-1,-1,-1,0,0,0,136,1,1,0,0.0000000,0.0000000,0.0000000,0,0,0,0
756874953625250 D 1686,2286777339,1000,1554,1554,2.3838062,-0.04088,-1,-1,-1,0,0,0,136,1,1,0,0.0000000,0.0000000,0.0000000,0,0,0,0
756874954598833 D 1687,2286778339,1000,1555,1555,2.3853402,0.02087,-1,-1,-1,0,0,0,136,1,1,0,0.0000000,0.0000000,0.0000000,0,0,0,0
756874955606916 D 1688,2286779339,1000,1555,1555,2.3853402,0.02006,-1,-1,-1,0,0,0,135,1,1,0,0.0000000,0.0000000,0.0000000,0,0,0,0
756874956587708 D 1689,2286780339,1000,1554,1554,2.3838062,-0.04088,-1,-1,-1,0,0,0,136,1,1,0,0.0000000,0.0000000,0.0000000,0,0,0,0
756874957592041 D 1690,2286781339,1000,1555,1555,2.3853402,0.02087,-1,-1,-1,0,0,0,136,1,1,0,0.0000000,0.0000000,0.0000000,0,0,0,0
756874958583166 D 1691,2286782339,1000,1555,1555,2.3853402,0.02005,-1,-1,-1,0,0,0,136,1,1,0,0.0000000,0.0000000,0.0000000,0,0,0,0
756874959604083 D 1692,2286783339,1000,1555,1555,2.3853402,0.01927,-1,-1,-1,0,0,0,136,1,1,0,0.0000000,0.0000000,0.0000000,0,0,0,0
756874960631041 D 1693,2286784339,1000,1554,1554,2.3838062,-0.04164,-1,-1,-1,0,0,0,136,1,1,0,0.0000000,0.0000000,0.0000000,0,0,0,0
756874961584166 D 1694,2286785339,1000,1555,1555,2.3853402,0.02015,-1,-1,-1,0,0,0,136,1,1,0,0.0000000,0.0000000,0.0000000,0,0,0,0
756874962585916 D 1695,2286786339,1000,1555,1555,2.3853402,0.01936,-1,-1,-1,0,0,0,136,1,1,0,0.0000000,0.0000000,0.0000000,0,0,0,0
756874963602958 D 1696,2286787339,1000,1555,1555,2.3853402,0.01860,-1,-1,-1,0,0,0,136,1,1,0,0.0000000,0.0000000,0.0000000,0,0,0,0
756874964574875 D 1697,2286788339,1000,1555,1555,2.3853402,0.01787,-1,-1,-1,0,0,0,136,1,1,0,0.0000000,0.0000000,0.0000000,0,0,0,0
756874965596125 D 1698,2286789339,1000,1555,1555,2.3853402,0.01717,-1,-1,-1,0,0,0,136,1,1,0,0.0000000,0.0000000,0.0000000,0,0,0,0
756874966616000 D 1699,2286790339,1000,1555,1555,2.3853402,0.01649,-1,-1,-1,0,0,0,136,1,1,0,0.0000000,0.0000000,0.0000000,0,0,0,0
756874967682916 D 1700,2286791339,1000,1554,1554,2.3838062,-0.04430,-1,-1,-1,0,0,0,136,1,1,0,0.0000000,0.0000000,0.0000000,0,0,0,0
756874968835833 D 1701,2286792339,1000,1555,1555,2.3853402,0.01758,-1,-1,-1,0,0,0,136,1,1,0,0.0000000,0.0000000,0.0000000,0,0,0,0
756874969617583 D 1702,2286793339,1000,1555,1555,2.3853402,0.01689,-1,-1,-1,0,0,0,136,1,1,0,0.0000000,0.0000000,0.0000000,0,0,0,0
756874970596875 D 1703,2286794339,1000,1555,1555,2.3853402,0.01623,-1,-1,-1,0,0,0,136,1,1,0,0.0000000,0.0000000,0.0000000,0,0,0,0
756874971648583 D 1704,2286795339,1000,1554,1554,2.3838062,-0.04455,-1,-1,-1,0,0,0,136,1,1,0,0.0000000,0.0000000,0.0000000,0,0,0,0
756874972623750 D 1705,2286796339,1000,1555,1555,2.3853402,0.01734,-1,-1,-1,0,0,0,136,1,1,0,0.0000000,0.0000000,0.0000000,0,0,0,0
756874973615791 D 1706,2286797339,1000,1555,1555,2.3853402,0.01666,-1,-1,-1,0,0,0,136,1,1,0,0.0000000,0.0000000,0.0000000,0,0,0,0
756874974659250 D 1707,2286798339,1000,1555,1555,2.3853402,0.01601,-1,-1,-1,0,0,0,136,1,1,0,0.0000000,0.0000000,0.0000000,0,0,0,0
756874975657500 D 1708,2286799339,1000,1554,1554,2.3838062,-0.04477,-1,-1,-1,0,0,0,136,1,1,0,0.0000000,0.0000000,0.0000000,0,0,0,0
756874976600541 D 1709,2286800339,1000,1555,1555,2.3853402,0.01714,-1,-1,-1,0,0,0,136,1,1,0,0.0000000,0.0000000,0.0000000,0,0,0,0
756874977616416 D 1710,2286801339,1000,1554,1554,2.3838062,-0.04368,-1,-1,-1,0,0,0,136,1,1,0,0.0000000,0.0000000,0.0000000,0,0,0,0
756874979033125 D 1711,2286802339,1000,1554,1554,2.3838062,-0.04197,39,128,2035,0,0,0,136,1,1,0,0.0000000,0.0000000,0.0000000,0,0,0,0
756874979691583 D 1712,2286803339,1000,1554,1554,2.3838062,-0.04033,-1,-1,-1,0,0,0,136,1,1,0,0.0000000,0.0000000,0.0000000,0,0,0,0
756874980674208 D 1713,2286804339,1000,1555,1555,2.3853402,0.02140,-1,-1,-1,0,0,0,136,1,1,0,0.0000000,0.0000000,0.0000000,0,0,0,0
756874981659083 D 1714,2286805339,1000,1555,1555,2.3853402,0.02057,-1,-1,-1,0,0,0,136,1,1,0,0.0000000,0.0000000,0.0000000,0,0,0,0
756874982659166 D 1715,2286806339,1000,1555,1555,2.3853402,0.01976,-1,-1,-1,0,0,0,136,1,1,0,0.0000000,0.0000000,0.0000000,0,0,0,0
756874983660708 D 1716,2286807339,1000,1555,1555,2.3853402,0.01898,-1,-1,-1,0,0,0,136,1,1,0,0.0000000,0.0000000,0.0000000,0,0,0,0
756874984661166 D 1717,2286808339,1000,1554,1554,2.3838062,-0.04191,-1,-1,-1,0,0,0,136,1,1,0,0.0000000,0.0000000,0.0000000,0,0,0,0
756874985648833 D 1718,2286809339,1000,1554,1554,2.3838062,-0.04027,-1,-1,-1,0,0,0,136,1,1,0,0.0000000,0.0000000,0.0000000,0,0,0,0
756874986629166 D 1719,2286810339,1000,1555,1555,2.3853402,0.02146,-1,-1,-1,0,0,0,136,1,1,0,0.0000000,0.0000000,0.0000000,0,0,0,0
756874987777166 D 1720,2286811339,1000,1554,1554,2.3838062,-0.03953,-1,-1,-1,0,0,0,136,1,1,0,0.0000000,0.0000000,0.0000000,0,0,0,0
756874988691250 D 1721,2286812339,1000,1555,1555,2.3853402,0.02217,-1,-1,-1,0,0,0,136,1,1,0,0.0000000,0.0000000,0.0000000,0,0,0,0
756874989634291 D 1722,2286813339,1000,1555,1555,2.3853402,0.02130,-1,-1,-1,0,0,0,136,1,1,0,0.0000000,0.0000000,0.0000000,0,0,0,0
756874990633583 D 1723,2286814339,1000,1555,1555,2.3853402,0.02047,-1,-1,-1,0,0,0,136,1,1,0,0.0000000,0.0000000,0.0000000,0,0,0,0
756874991657625 D 1724,2286815339,1000,1554,1554,2.3838062,-0.04049,-1,-1,-1,0,0,0,136,1,1,0,0.0000000,0.0000000,0.0000000,0,0,0,0
756874992642708 D 1725,2286816339,1000,1554,1554,2.3838062,-0.03890,-1,-1,-1,0,0,0,136,1,1,0,0.0000000,0.0000000,0.0000000,0,0,0,0
756874993601916 D 1726,2286817339,1000,1554,1554,2.3838062,-0.03737,-1,-1,-1,0,0,0,136,1,1,0,0.0000000,0.0000000,0.0000000,0,0,0,0
756874994603958 D 1727,2286818339,1000,1555,1555,2.3853402,0.02424,-1,-1,-1,0,0,0,136,1,1,0,0.0000000,0.0000000,0.0000000,0,0,0,0
756874995619333 D 1728,2286819339,1000,1554,1554,2.3838062,-0.03686,-1,-1,-1,0,0,0,136,1,1,0,0.0000000,0.0000000,0.0000000,0,0,0,0
756874996613958 D 1729,2286820339,1000,1555,1555,2.3853402,0.02474,-1,-1,-1,0,0,0,136,1,1,0,0.0000000,0.0000000,0.0000000,0,0,0,0
756874997598041 D 1730,2286821339,1000,1555,1555,2.3853402,0.02377,-1,-1,-1,0,0,0,136,1,1,0,0.0000000,0.0000000,0.0000000,0,0,0,0
756874998629083 D 1731,2286822339,1000,1554,1554,2.3838062,-0.03731,-1,-1,-1,0,0,0,136,1,1,0,0.0000000,0.0000000,0.0000000,0,0,0,0
756874999618791 D 1732,2286823339,1000,1554,1554,2.3838062,-0.03585,-1,-1,-1,0,0,0,136,1,1,0,0.0000000,0.0000000,0.0000000,0,0,0,0
756875000592083 D 1733,2286824339,1000,1555,1555,2.3853402,0.02570,-1,-1,-1,0,0,0,136,1,1,0,0.0000000,0.0000000,0.0000000,0,0,0,0
756875001590083 D 1734,2286825339,1000,1554,1554,2.3838062,-0.03545,-1,-1,-1,0,0,0,136,1,1,0,0.0000000,0.0000000,0.0000000,0,0,0,0
756875002573166 D 1735,2286826339,1000,1555,1555,2.3853402,0.02609,-1,-1,-1,0,0,0,136,1,1,0,0.0000000,0.0000000,0.0000000,0,0,0,0
756875003572041 D 1736,2286827339,1000,1555,1555,2.3853402,0.02506,-1,-1,-1,0,0,0,136,1,1,0,0.0000000,0.0000000,0.0000000,0,0,0,0
756875004630750 D 1737,2286828339,1000,1555,1555,2.3853402,0.02408,-1,-1,-1,0,0,0,136,1,1,0,0.0000000,0.0000000,0.0000000,0,0,0,0
756875005643958 D 1738,2286829339,1000,1554,1554,2.3838062,-0.03701,-1,-1,-1,0,0,0,136,1,1,0,0.0000000,0.0000000,0.0000000,0,0,0,0
756875006639333 D 1739,2286830339,1000,1555,1555,2.3853402,0.02459,-1,-1,-1,0,0,0,136,1,1,0,0.0000000,0.0000000,0.0000000,0,0,0,0
756875007640083 D 1740,2286831339,1000,1555,1555,2.3853402,0.02362,-1,-1,-1,0,0,0,136,1,1,0,0.0000000,0.0000000,0.0000000,0,0,0,0
756875008684708 D 1741,2286832339,1000,1555,1555,2.3853402,0.02270,-1,-1,-1,0,0,0,136,1,1,0,0.0000000,0.0000000,0.0000000,0,0,0,0
756875009654000 D 1742,2286833339,1000,1554,1554,2.3838062,-0.03834,-1,-1,-1,0,0,0,136,1,1,0,0.0000000,0.0000000,0.0000000,0,0,0,0
756875010599208 D 1743,2286834339,1000,1555,1555,2.3853402,0.02331,-1,-1,-1,0,0,0,136,1,1,0,0.0000000,0.0000000,0.0000000,0,0,0,0
756875011590416 D 1744,2286835339,1000,1555,1555,2.3853402,0.02240,-1,-1,-1,0,0,0,136,1,1,0,0.0000000,0.0000000,0.0000000,0,0,0,0
756875012643875 D 1745,2286836339,1000,1554,1554,2.3838062,-0.03863,-1,-1,-1,0,0,0,136,1,1,0,0.0000000,0.0000000,0.0000000,0,0,0,0
756875013589333 D 1746,2286837339,1000,1554,1554,2.3838062,-0.03712,-1,-1,-1,0,0,0,136,1,1,0,0.0000000,0.0000000,0.0000000,0,0,0,0
756875014621125 D 1747,2286838339,1000,1554,1554,2.3838062,-0.03566,-1,-1,-1,0,0,0,136,1,1,0,0.0000000,0.0000000,0.0000000,0,0,0,0
756875015633000 D 1748,2286839339,1000,1554,1554,2.3838062,-0.03426,-1,-1,-1,0,0,0,136,1,1,0,0.0000000,0.0000000,0.0000000,0,0,0,0
756875016629500 D 1749,2286840339,1000,1555,1555,2.3853402,0.02723,-1,-1,-1,0,0,0,136,1,1,0,0.0000000,0.0000000,0.0000000,0,0,0,0
756875017645916 D 1750,2286841339,1000,1554,1554,2.3838062,-0.03399,-1,-1,-1,0,0,0,136,1,1,0,0.0000000,0.0000000,0.0000000,0,0,0,0
756875018651708 D 1751,2286842339,1000,1555,1555,2.3853402,0.02749,-1,-1,-1,0,0,0,135,1,1,0,0.0000000,0.0000000,0.0000000,0,0,0,0
756875019685458 D 1752,2286843339,1000,1554,1554,2.3838062,-0.03373,-1,-1,-1,0,0,0,136,1,1,0,0.0000000,0.0000000,0.0000000,0,0,0,0
756875020594208 D 1753,2286844339,1000,1555,1555,2.3853402,0.02774,-1,-1,-1,0,0,0,136,1,1,0,0.0000000,0.0000000,0.0000000,0,0,0,0
756875021582875 D 1754,2286845339,1000,1555,1555,2.3853402,0.02665,-1,-1,-1,0,0,0,136,1,1,0,0.0000000,0.0000000,0.0000000,0,0,0,0
756875022626791 D 1755,2286846339,1000,1554,1554,2.3838062,-0.03454,-1,-1,-1,0,0,0,136,1,1,0,0.0000000,0.0000000,0.0000000,0,0,0,0
756875023606291 D 1756,2286847339,1000,1554,1554,2.3838062,-0.03319,-1,-1,-1,0,0,0,136,1,1,0,0.0000000,0.0000000,0.0000000,0,0,0,0
756875024608333 D 1757,2286848339,1000,1554,1554,2.3838062,-0.03189,-1,-1,-1,0,0,0,136,1,1,0,0.0000000,0.0000000,0.0000000,0,0,0,0
756875025623500 D 1758,2286849339,1000,1555,1555,2.3853402,0.02951,-1,-1,-1,0,0,0,136,1,1,0,0.0000000,0.0000000,0.0000000,0,0,0,0
756875026588291 D 1759,2286850339,1000,1554,1554,2.3838062,-0.03179,-1,-1,-1,0,0,0,136,1,1,0,0.0000000,0.0000000,0.0000000,0,0,0,0
756875027574708 D 1760,2286851339,1000,1554,1554,2.3838062,-0.03055,-1,-1,-1,0,0,0,136,1,1,0,0.0000000,0.0000000,0.0000000,0,0,0,0
756875028993541 D 1761,2286852339,1000,1555,1555,2.3853402,0.03080,39,128,2034,0,0,0,136,1,1,0,0.0000000,0.0000000,0.0000000,0,0,0,0
756875029618208 D 1762,2286853339,1000,1554,1554,2.3838062,-0.03056,-1,-1,-1,0,0,0,136,1,1,0,0.0000000,0.0000000,0.0000000,0,0,0,0
756875030585000 D 1763,2286854339,1000,1555,1555,2.3853402,0.03079,-1,-1,-1,0,0,0,136,1,1,0,0.0000000,0.0000000,0.0000000,0,0,0,0
756875031601833 D 1764,2286855339,1000,1555,1555,2.3853402,0.02958,-1,-1,-1,0,0,0,136,1,1,0,0.0000000,0.0000000,0.0000000,0,0,0,0
756875032611041 D 1765,2286856339,1000,1555,1555,2.3853402,0.02842,-1,-1,-1,0,0,0,136,1,1,0,0.0000000,0.0000000,0.0000000,0,0,0,0
756875033572625 D 1766,2286857339,1000,1555,1555,2.3853402,0.02731,-1,-1,-1,0,0,0,136,1,1,0,0.0000000,0.0000000,0.0000000,0,0,0,0
756875034582500 D 1767,2286858339,1000,1555,1555,2.3853402,0.02624,-1,-1,-1,0,0,0,136,1,1,0,0.0000000,0.0000000,0.0000000,0,0,0,0
756875035795500 D 1768,2286859339,1000,1554,1554,2.3838062,-0.03494,-1,-1,-1,0,0,0,136,1,1,0,0.0000000,0.0000000,0.0000000,0,0,0,0
756875036612166 D 1769,2286860339,1000,1555,1555,2.3853402,0.02658,-1,-1,-1,0,0,0,136,1,1,0,0.0000000,0.0000000,0.0000000,0,0,0,0
756875037578250 D 1770,2286861339,1000,1555,1555,2.3853402,0.02554,-1,-1,-1,0,0,0,136,1,1,0,0.0000000,0.0000000,0.0000000,0,0,0,0
756875038584541 D 1771,2286862339,1000,1555,1555,2.3853402,0.02454,-1,-1,-1,0,0,0,136,1,1,0,0.0000000,0.0000000,0.0000000,0,0,0,0
756875039565875 D 1772,2286863339,1000,1555,1555,2.3853402,0.02357,-1,-1,-1,0,0,0,136,1,1,0,0.0000000,0.0000000,0.0000000,0,0,0,0
756875040581500 D 1773,2286864339,1000,1555,1555,2.3853402,0.02265,-1,-1,-1,0,0,0,136,1,1,0,0.0000000,0.0000000,0.0000000,0,0,0,0
756875041573666 D 1774,2286865339,1000,1555,1555,2.3853402,0.02176,-1,-1,-1,0,0,0,136,1,1,0,0.0000000,0.0000000,0.0000000,0,0,0,0
756875042582333 D 1775,2286866339,1000,1554,1554,2.3838062,-0.03924,-1,-1,-1,0,0,0,136,1,1,0,0.0000000,0.0000000,0.0000000,0,0,0,0
756875043563583 D 1776,2286867339,1000,1555,1555,2.3853402,0.02245,-1,-1,-1,0,0,0,136,1,1,0,0.0000000,0.0000000,0.0000000,0,0,0,0
756875044467833 D 1777,2286868339,1000,1555,1555,2.3853402,0.02157,-1,-1,-1,0,0,0,136,1,1,0,0.0000000,0.0000000,0.0000000,0,0,0,0
756875045447166 D 1778,2286869339,1000,1555,1555,2.3853402,0.02072,-1,-1,-1,0,0,0,136,1,1,0,0.0000000,0.0000000,0.0000000,0,0,0,0
756875046459875 D 1779,2286870339,1000,1555,1555,2.3853402,0.01991,-1,-1,-1,0,0,0,136,1,1,0,0.0000000,0.0000000,0.0000000,0,0,0,0
756875047466500 D 1780,2286871339,1000,1555,1555,2.3853402,0.01913,-1,-1,-1,0,0,0,136,1,1,0,0.0000000,0.0000000,0.0000000,0,0,0,0
756875048509333 D 1781,2286872339,1000,1555,1555,2.3853402,0.01838,-1,-1,-1,0,0,0,136,1,1,0,0.0000000,0.0000000,0.0000000,0,0,0,0
756875049854541 D 1782,2286873339,1000,1555,1555,2.3853402,0.01766,-1,-1,-1,0,0,0,136,1,1,0,0.0000000,0.0000000,0.0000000,0,0,0,0
756875050819750 D 1783,2286874339,1000,1555,1555,2.3853402,0.01696,-1,-1,-1,0,0,0,136,1,1,0,0.0000000,0.0000000,0.0000000,0,0,0,0
756875051838375 D 1784,2286875339,1000,1555,1555,2.3853402,0.01630,-1,-1,-1,0,0,0,136,1,1,0,0.0000000,0.0000000,0.0000000,0,0,0,0
756875052626083 D 1785,2286876339,1000,1555,1555,2.3853402,0.01566,-1,-1,-1,0,0,0,136,1,1,0,0.0000000,0.0000000,0.0000000,0,0,0,0
756875053596875 D 1786,2286877339,1000,1555,1555,2.3853402,0.01505,-1,-1,-1,0,0,0,136,1,1,0,0.0000000,0.0000000,0.0000000,0,0,0,0
756875054652458 D 1787,2286878339,1000,1555,1555,2.3853402,0.01446,-1,-1,-1,0,0,0,136,1,1,0,0.0000000,0.0000000,0.0000000,0,0,0,0
756875055635958 D 1788,2286879339,1000,1555,1555,2.3853402,0.01389,-1,-1,-1,0,0,0,136,1,1,0,0.0000000,0.0000000,0.0000000,0,0,0,0
756875056489958 D 1789,2286880339,1000,1555,1555,2.3853402,0.01334,-1,-1,-1,0,0,0,136,1,1,0,0.0000000,0.0000000,0.0000000,0,0,0,0
756875057446166 D 1790,2286881339,1000,1554,1554,2.3838062,-0.04733,-1,-1,-1,0,0,0,136,1,1,0,0.0000000,0.0000000,0.0000000,0,0,0,0
756875058448583 D 1791,2286882339,1000,1555,1555,2.3853402,0.01468,-1,-1,-1,0,0,0,136,1,1,0,0.0000000,0.0000000,0.0000000,0,0,0,0
756875059436416 D 1792,2286883339,1000,1554,1554,2.3838062,-0.04605,-1,-1,-1,0,0,0,136,1,1,0,0.0000000,0.0000000,0.0000000,0,0,0,0
756875060479166 D 1793,2286884339,1000,1554,1554,2.3838062,-0.04424,-1,-1,-1,0,0,0,136,1,1,0,0.0000000,0.0000000,0.0000000,0,0,0,0
756875061477541 D 1794,2286885339,1000,1555,1555,2.3853402,0.01764,-1,-1,-1,0,0,0,136,1,1,0,0.0000000,0.0000000,0.0000000,0,0,0,0
756875062488208 D 1795,2286886339,1000,1555,1555,2.3853402,0.01695,-1,-1,-1,0,0,0,136,1,1,0,0.0000000,0.0000000,0.0000000,0,0,0,0
756875063525041 D 1796,2286887339,1000,1555,1555,2.3853402,0.01629,-1,-1,-1,0,0,0,136,1,1,0,0.0000000,0.0000000,0.0000000,0,0,0,0
756875064491500 D 1797,2286888339,1000,1555,1555,2.3853402,0.01565,-1,-1,-1,0,0,0,136,1,1,0,0.0000000,0.0000000,0.0000000,0,0,0,0
756875065475000 D 1798,2286889339,1000,1554,1554,2.3838062,-0.04511,-1,-1,-1,0,0,0,136,1,1,0,0.0000000,0.0000000,0.0000000,0,0,0,0
756875066506708 D 1799,2286890339,1000,1554,1554,2.3838062,-0.04335,-1,-1,-1,0,0,0,136,1,1,0,0.0000000,0.0000000,0.0000000,0,0,0,0
756875067486375 D 1800,2286891339,1000,1554,1554,2.3838062,-0.04165,-1,-1,-1,0,0,0,136,1,1,0,0.0000000,0.0000000,0.0000000,0,0,0,0
756875068534541 D 1801,2286892339,1000,1554,1554,2.3838062,-0.04001,-1,-1,-1,0,0,0,136,1,1,0,0.0000000,0.0000000,0.0000000,0,0,0,0
756875069517375 D 1802,2286893339,1000,1555,1555,2.3853402,0.02170,-1,-1,-1,0,0,0,136,1,1,0,0.0000000,0.0000000,0.0000000,0,0,0,0
756875070540125 D 1803,2286894339,1000,1554,1554,2.3838062,-0.03930,-1,-1,-1,0,0,0,136,1,1,0,0.0000000,0.0000000,0.0000000,0,0,0,0
756875071521458 D 1804,2286895339,1000,1555,1555,2.3853402,0.02239,-1,-1,-1,0,0,0,136,1,1,0,0.0000000,0.0000000,0.0000000,0,0,0,0
756875072593250 D 1805,2286896339,1000,1555,1555,2.3853402,0.02152,-1,-1,-1,0,0,0,136,1,1,0,0.0000000,0.0000000,0.0000000,0,0,0,0
756875073632833 D 1806,2286897339,1000,1554,1554,2.3838062,-0.03948,-1,-1,-1,0,0,0,136,1,1,0,0.0000000,0.0000000,0.0000000,0,0,0,0
756875074601500 D 1807,2286898339,1000,1555,1555,2.3853402,0.02222,-1,-1,-1,0,0,0,136,1,1,0,0.0000000,0.0000000,0.0000000,0,0,0,0
756875075604291 D 1808,2286899339,1000,1555,1555,2.3853402,0.02135,-1,-1,-1,0,0,0,136,1,1,0,0.0000000,0.0000000,0.0000000,0,0,0,0
756875076592750 D 1809,2286900339,1000,1555,1555,2.3853402,0.02051,-1,-1,-1,0,0,0,136,1,1,0,0.0000000,0.0000000,0.0000000,0,0,0,0
756875077597833 D 1810,2286901339,1000,1554,1554,2.3838062,-0.04044,-1,-1,-1,0,0,0,136,1,1,0,0.0000000,0.0000000,0.0000000,0,0,0,0
756875078964250 D 1811,2286902339,1000,1554,1554,2.3838062,-0.03886,39,128,2035,0,0,0,136,1,1,0,0.0000000,0.0000000,0.0000000,0,0,0,0
756875079629125 D 1812,2286903339,1000,1555,1555,2.3853402,0.02282,-1,-1,-1,0,0,0,136,1,1,0,0.0000000,0.0000000,0.0000000,0,0,0,0
756875080602208 D 1813,2286904339,1000,1555,1555,2.3853402,0.02192,-1,-1,-1,0,0,0,136,1,1,0,0.0000000,0.0000000,0.0000000,0,0,0,0
756875081611500 D 1814,2286905339,1000,1555,1555,2.3853402,0.02106,-1,-1,-1,0,0,0,136,1,1,0,0.0000000,0.0000000,0.0000000,0,0,0,0
756875082587416 D 1815,2286906339,1000,1555,1555,2.3853402,0.02024,-1,-1,-1,0,0,0,136,1,1,0,0.0000000,0.0000000,0.0000000,0,0,0,0
756875083591875 D 1816,2286907339,1000,1554,1554,2.3838062,-0.04071,-1,-1,-1,0,0,0,136,1,1,0,0.0000000,0.0000000,0.0000000,0,0,0,0
756875084810791 D 1817,2286908339,1000,1554,1554,2.3838062,-0.03911,-1,-1,-1,0,0,0,136,1,1,0,0.0000000,0.0000000,0.0000000,0,0,0,0
756875085820458 D 1818,2286909339,1000,1555,1555,2.3853402,0.02257,-1,-1,-1,0,0,0,136,1,1,0,0.0000000,0.0000000,0.0000000,0,0,0,0
756875086814833 D 1819,2286910339,1000,1555,1555,2.3853402,0.02169,-1,-1,-1,0,0,0,136,1,1,0,0.0000000,0.0000000,0.0000000,0,0,0,0
756875087823875 D 1820,2286911339,1000,1555,1555,2.3853402,0.02084,-1,-1,-1,0,0,0,136,1,1,0,0.0000000,0.0000000,0.0000000,0,0,0,0
756875088818708 D 1821,2286912339,1000,1554,1554,2.3838062,-0.04013,-1,-1,-1,0,0,0,136,1,1,0,0.0000000,0.0000000,0.0000000,0,0,0,0
756875089715583 D 1822,2286913339,1000,1555,1555,2.3853402,0.02159,-1,-1,-1,0,0,0,136,1,1,0,0.0000000,0.0000000,0.0000000,0,0,0,0
756875090579166 D 1823,2286914339,1000,1555,1555,2.3853402,0.02075,-1,-1,-1,0,0,0,136,1,1,0,0.0000000,0.0000000,0.0000000,0,0,0,0
756875091596250 D 1824,2286915339,1000,1554,1554,2.3838062,-0.04021,-1,-1,-1,0,0,0,136,1,1,0,0.0000000,0.0000000,0.0000000,0,0,0,0
756875092586125 D 1825,2286916339,1000,1555,1555,2.3853402,0.02151,-1,-1,-1,0,0,0,136,1,1,0,0.0000000,0.0000000,0.0000000,0,0,0,0
756875093577500 D 1826,2286917339,1000,1555,1555,2.3853402,0.02067,-1,-1,-1,0,0,0,136,1,1,0,0.0000000,0.0000000,0.0000000,0,0,0,0
756875094571916 D 1827,2286918339,1000,1555,1555,2.3853402,0.01986,-1,-1,-1,0,0,0,136,1,1,0,0.0000000,0.0000000,0.0000000,0,0,0,0
756875095573083 D 1828,2286919339,1000,1555,1555,2.3853402,0.01908,-1,-1,-1,0,0,0,135,1,1,0,0.0000000,0.0000000,0.0000000,0,0,0,0
756875096572833 D 1829,2286920339,1000,1555,1555,2.3853402,0.01833,-1,-1,-1,0,0,0,136,1,1,0,0.0000000,0.0000000,0.0000000,0,0,0,0
756875097585041 D 1830,2286921339,1000,1555,1555,2.3853402,0.01761,-1,-1,-1,0,0,0,136,1,1,0,0.0000000,0.0000000,0.0000000,0,0,0,0
756875098574125 D 1831,2286922339,1000,1555,1555,2.3853402,0.01692,-1,-1,-1,0,0,0,136,1,1,0,0.0000000,0.0000000,0.0000000,0,0,0,0
756875099577208 D 1832,2286923339,1000,1555,1555,2.3853402,0.01626,-1,-1,-1,0,0,0,136,1,1,0,0.0000000,0.0000000,0.0000000,0,0,0,0
756875100620125 D 1833,2286924339,1000,1555,1555,2.3853402,0.01562,-1,-1,-1,0,0,0,136,1,1,0,0.0000000,0.0000000,0.0000000,0,0,0,0
756875101595041 D 1834,2286925339,1000,1554,1554,2.3838062,-0.04514,-1,-1,-1,0,0,0,136,1,1,0,0.0000000,0.0000000,0.0000000,0,0,0,0
756875102580125 D 1835,2286926339,1000,1554,1554,2.3838062,-0.04337,-1,-1,-1,0,0,0,136,1,1,0,0.0000000,0.0000000,0.0000000,0,0,0,0
756875103574708 D 1836,2286927339,1000,1555,1555,2.3853402,0.01848,-1,-1,-1,0,0,0,136,1,1,0,0.0000000,0.0000000,0.0000000,0,0,0,0
756875104588166 D 1837,2286928339,1000,1554,1554,2.3838062,-0.04240,-1,-1,-1,0,0,0,136,1,1,0,0.0000000,0.0000000,0.0000000,0,0,0,0
756875105576583 D 1838,2286929339,1000,1554,1554,2.3838062,-0.04073,-1,-1,-1,0,0,0,136,1,1,0,0.0000000,0.0000000,0.0000000,0,0,0,0
756875106579875 D 1839,2286930339,1000,1554,1554,2.3838062,-0.03914,-1,-1,-1,0,0,0,136,1,1,0,0.0000000,0.0000000,0.0000000,0,0,0,0
756875107603791 D 1840,2286931339,1000,1555,1555,2.3853402,0.02255,-1,-1,-1,0,0,0,136,1,1,0,0.0000000,0.0000000,0.0000000,0,0,0,0
756875108832041 D 1841,2286932339,1000,1554,1554,2.3838062,-0.03849,-1,-1,-1,0,0,0,136,1,1,0,0.0000000,0.0000000,0.0000000,0,0,0,0
756875109833333 D 1842,2286933339,1000,1554,1554,2.3838062,-0.03698,-1,-1,-1,0,0,0,135,1,1,0,0.0000000,0.0000000,0.0000000,0,0,0,0
756875110813000 D 1843,2286934339,1000,1555,1555,2.3853402,0.02462,-1,-1,-1,0,0,0,136,1,1,0,0.0000000,0.0000000,0.0000000,0,0,0,0
756875111630666 D 1844,2286935339,1000,1554,1554,2.3838062,-0.03649,-1,-1,-1,0,0,0,136,1,1,0,0.0000000,0.0000000,0.0000000,0,0,0,0
756875112578333 D 1845,2286936339,1000,1554,1554,2.3838062,-0.03506,-1,-1,-1,0,0,0,136,1,1,0,0.0000000,0.0000000,0.0000000,0,0,0,0
756875113575041 D 1846,2286937339,1000,1555,1555,2.3853402,0.02646,-1,-1,-1,0,0,0,136,1,1,0,0.0000000,0.0000000,0.0000000,0,0,0,0
756875114586625 D 1847,2286938339,1000,1555,1555,2.3853402,0.02542,-1,-1,-1,0,0,0,136,1,1,0,0.0000000,0.0000000,0.0000000,0,0,0,0
756875115575208 D 1848,2286939339,1000,1555,1555,2.3853402,0.02443,-1,-1,-1,0,0,0,136,1,1,0,0.0000000,0.0000000,0.0000000,0,0,0,0
756875116602291 D 1849,2286940339,1000,1554,1554,2.3838062,-0.03668,-1,-1,-1,0,0,0,136,1,1,0,0.0000000,0.0000000,0.0000000,0,0,0,0
756875117584416 D 1850,2286941339,1000,1555,1555,2.3853402,0.02491,-1,-1,-1,0,0,0,136,1,1,0,0.0000000,0.0000000,0.0000000,0,0,0,0
756875118583916 D 1851,2286942339,1000,1554,1554,2.3838062,-0.03622,-1,-1,-1,0,0,0,136,1,1,0,0.0000000,0.0000000,0.0000000,0,0,0,0
756875119579833 D 1852,2286943339,1000,1555,1555,2.3853402,0.02535,-1,-1,-1,0,0,0,136,1,1,0,0.0000000,0.0000000,0.0000000,0,0,0,0
756875120589166 D 1853,2286944339,1000,1555,1555,2.3853402,0.02436,-1,-1,-1,0,0,0,136,1,1,0,0.0000000,0.0000000,0.0000000,0,0,0,0
756875121571416 D 1854,2286945339,1000,1555,1555,2.3853402,0.02340,-1,-1,-1,0,0,0,136,1,1,0,0.0000000,0.0000000,0.0000000,0,0,0,0
756875122585125 D 1855,2286946339,1000,1555,1555,2.3853402,0.02248,-1,-1,-1,0,0,0,136,1,1,0,0.0000000,0.0000000,0.0000000,0,0,0,0
756875123592750 D 1856,2286947339,1000,1554,1554,2.3838062,-0.03855,-1,-1,-1,0,0,0,136,1,1,0,0.0000000,0.0000000,0.0000000,0,0,0,0
756875124589041 D 1857,2286948339,1000,1554,1554,2.3838062,-0.03703,-1,-1,-1,0,0,0,136,1,1,0,0.0000000,0.0000000,0.0000000,0,0,0,0
756875125588791 D 1858,2286949339,1000,1554,1554,2.3838062,-0.03558,-1,-1,-1,0,0,0,136,1,1,0,0.0000000,0.0000000,0.0000000,0,0,0,0
756875126586250 D 1859,2286950339,1000,1554,1554,2.3838062,-0.03419,-1,-1,-1,0,0,0,136,1,1,0,0.0000000,0.0000000,0.0000000,0,0,0,0
756875127572791 D 1860,2286951339,1000,1555,1555,2.3853402,0.02730,-1,-1,-1,0,0,0,136,1,1,0,0.0000000,0.0000000,0.0000000,0,0,0,0
756875129042500 D 1861,2286952339,1000,1554,1554,2.3838062,-0.03392,39,128,2034,0,0,0,136,1,1,0,0.0000000,0.0000000,0.0000000,0,0,0,0
756875129660833 D 1862,2286953339,1000,1555,1555,2.3853402,0.02756,-1,-1,-1,0,0,0,136,1,1,0,0.0000000,0.0000000,0.0000000,0,0,0,0
756875130573500 D 1863,2286954339,1000,1555,1555,2.3853402,0.02648,-1,-1,-1,0,0,0,136,1,1,0,0.0000000,0.0000000,0.0000000,0,0,0,0
756875131597833 D 1864,2286955339,1000,1554,1554,2.3838062,-0.03471,-1,-1,-1,0,0,0,136,1,1,0,0.0000000,0.0000000,0.0000000,0,0,0,0
756875132600958 D 1865,2286956339,1000,1555,1555,2.3853402,0.02680,-1,-1,-1,0,0,0,136,1,1,0,0.0000000,0.0000000,0.0000000,0,0,0,0
756875133598708 D 1866,2286957339,1000,1555,1555,2.3853402,0.02575,-1,-1,-1,0,0,0,136,1,1,0,0.0000000,0.0000000,0.0000000,0,0,0,0
756875134591291 D 1867,2286958339,1000,1555,1555,2.3853402,0.02474,-1,-1,-1,0,0,0,136,1,1,0,0.0000000,0.0000000,0.0000000,0,0,0,0
756875135599666 D 1868,2286959339,1000,1554,1554,2.3838062,-0.03638,-1,-1,-1,0,0,0,136,1,1,0,0.0000000,0.0000000,0.0000000,0,0,0,0
756875136589625 D 1869,2286960339,1000,1554,1554,2.3838062,-0.03495,-1,-1,-1,0,0,0,136,1,1,0,0.0000000,0.0000000,0.0000000,0,0,0,0
756875137578333 D 1870,2286961339,1000,1555,1555,2.3853402,0.02657,-1,-1,-1,0,0,0,136,1,1,0,0.0000000,0.0000000,0.0000000,0,0,0,0
756875138576583 D 1871,2286962339,1000,1555,1555,2.3853402,0.02553,-1,-1,-1,0,0,0,136,1,1,0,0.0000000,0.0000000,0.0000000,0,0,0,0
756875139579708 D 1872,2286963339,1000,1554,1554,2.3838062,-0.03562,-1,-1,-1,0,0,0,136,1,1,0,0.0000000,0.0000000,0.0000000,0,0,0,0
756875140795083 D 1873,2286964339,1000,1555,1555,2.3853402,0.02592,-1,-1,-1,0,0,0,136,1,1,0,0.0000000,0.0000000,0.0000000,0,0,0,0
756875141813333 D 1874,2286965339,1000,1555,1555,2.3853402,0.02491,-1,-1,-1,0,0,0,136,1,1,0,0.0000000,0.0000000,0.0000000,0,0,0,0
756875142780583 D 1875,2286966339,1000,1555,1555,2.3853402,0.02393,-1,-1,-1,0,0,0,136,1,1,0,0.0000000,0.0000000,0.0000000,0,0,0,0
756875143578166 D 1876,2286967339,1000,1554,1554,2.3838062,-0.03716,-1,-1,-1,0,0,0,136,1,1,0,0.0000000,0.0000000,0.0000000,0,0,0,0
756875144571541 D 1877,2286968339,1000,1555,1555,2.3853402,0.02445,-1,-1,-1,0,0,0,136,1,1,0,0.0000000,0.0000000,0.0000000,0,0,0,0
756875145577875 D 1878,2286969339,1000,1554,1554,2.3838062,-0.03666,-1,-1,-1,0,0,0,136,1,1,0,0.0000000,0.0000000,0.0000000,0,0,0,0
756875146566750 D 1879,2286970339,1000,1555,1555,2.3853402,0.02493,-1,-1,-1,0,0,0,136,1,1,0,0.0000000,0.0000000,0.0000000,0,0,0,0
756875147618958 D 1880,2286971339,1000,1555,1555,2.3853402,0.02395,-1,-1,-1,0,0,0,136,1,1,0,0.0000000,0.0000000,0.0000000,0,0,0,0
756875148604958 D 1881,2286972339,1000,1555,1555,2.3853402,0.02301,-1,-1,-1,0,0,0,136,1,1,0,0.0000000,0.0000000,0.0000000,0,0,0,0
756875149583958 D 1882,2286973339,1000,1554,1554,2.3838062,-0.03804,-1,-1,-1,0,0,0,136,1,1,0,0.0000000,0.0000000,0.0000000,0,0,0,0
756875150583208 D 1883,2286974339,1000,1554,1554,2.3838062,-0.03655,-1,-1,-1,0,0,0,136,1,1,0,0.0000000,0.0000000,0.0000000,0,0,0,0
756875151596708 D 1884,2286975339,1000,1554,1554,2.3838062,-0.03511,-1,-1,-1,0,0,0,136,1,1,0,0.0000000,0.0000000,0.0000000,0,0,0,0
756875152564875 D 1885,2286976339,1000,1555,1555,2.3853402,0.02641,-1,-1,-1,0,0,0,136,1,1,0,0.0000000,0.0000000,0.0000000,0,0,0,0
756875153574750 D 1886,2286977339,1000,1554,1554,2.3838062,-0.03477,-1,-1,-1,0,0,0,136,1,1,0,0.0000000,0.0000000,0.0000000,0,0,0,0
756875154581625 D 1887,2286978339,1000,1555,1555,2.3853402,0.02674,-1,-1,-1,0,0,0,136,1,1,0,0.0000000,0.0000000,0.0000000,0,0,0,0
756875155588291 D 1888,2286979339,1000,1555,1555,2.3853402,0.02569,-1,-1,-1,0,0,0,136,1,1,0,0.0000000,0.0000000,0.0000000,0,0,0,0
756875156598291 D 1889,2286980339,1000,1555,1555,2.3853402,0.02468,-1,-1,-1,0,0,0,136,1,1,0,0.0000000,0.0000000,0.0000000,0,0,0,0
756875157590791 D 1890,2286981339,1000,1554,1554,2.3838062,-0.03643,-1,-1,-1,0,0,0,136,1,1,0,0.0000000,0.0000000,0.0000000,0,0,0,0
756875158566875 D 1891,2286982339,1000,1555,1555,2.3853402,0.02514,-1,-1,-1,0,0,0,136,1,1,0,0.0000000,0.0000000,0.0000000,0,0,0,0
756875159580791 D 1892,2286983339,1000,1555,1555,2.3853402,0.02416,-1,-1,-1,0,0,0,136,1,1,0,0.0000000,0.0000000,0.0000000,0,0,0,0
756875160573041 D 1893,2286984339,1000,1555,1555,2.3853402,0.02321,-1,-1,-1,0,0,0,136,1,1,0,0.0000000,0.0000000,0.0000000,0,0,0,0
756875161576750 D 1894,2286985339,1000,1555,1555,2.3853402,0.02230,-1,-1,-1,0,0,0,136,1,1,0,0.0000000,0.0000000,0.0000000,0,0,0,0
756875162595708 D 1895,2286986339,1000,1555,1555,2.3853402,0.02143,-1,-1,-1,0,0,0,136,1,1,0,0.0000000,0.0000000,0.0000000,0,0,0,0
756875163585791 D 1896,2286987339,1000,1554,1554,2.3838062,-0.03956,-1,-1,-1,0,0,0,136,1,1,0,0.0000000,0.0000000,0.0000000,0,0,0,0
756875164569375 D 1897,2286988339,1000,1555,1555,2.3853402,0.02214,-1,-1,-1,0,0,0,136,1,1,0,0.0000000,0.0000000,0.0000000,0,0,0,0
756875165581541 D 1898,2286989339,1000,1555,1555,2.3853402,0.02127,-1,-1,-1,0,0,0,135,1,1,0,0.0000000,0.0000000,0.0000000,0,0,0,0
756875166570875 D 1899,2286990339,1000,1555,1555,2.3853402,0.02043,-1,-1,-1,0,0,0,136,1,1,0,0.0000000,0.0000000,0.0000000,0,0,0,0
756875167576708 D 1900,2286991339,1000,1555,1555,2.3853402,0.01963,-1,-1,-1,0,0,0,136,1,1,0,0.0000000,0.0000000,0.0000000,0,0,0,0
756875168566625 D 1901,2286992339,1000,1555,1555,2.3853402,0.01886,-1,-1,-1,0,0,0,136,1,1,0,0.0000000,0.0000000,0.0000000,0,0,0,0
756875169567125 D 1902,2286993339,1000,1555,1555,2.3853402,0.01812,-1,-1,-1,0,0,0,136,1,1,0,0.0000000,0.0000000,0.0000000,0,0,0,0
756875170578541 D 1903,2286994339,1000,1555,1555,2.3853402,0.01741,-1,-1,-1,0,0,0,136,1,1,0,0.0000000,0.0000000,0.0000000,0,0,0,0
756875171824291 D 1904,2286995339,1000,1554,1554,2.3838062,-0.04342,-1,-1,-1,0,0,0,136,1,1,0,0.0000000,0.0000000,0.0000000,0,0,0,0
756875172803166 D 1905,2286996339,1000,1555,1555,2.3853402,0.01843,-1,-1,-1,0,0,0,136,1,1,0,0.0000000,0.0000000,0.0000000,0,0,0,0
756875173852166 D 1906,2286997339,1000,1554,1554,2.3838062,-0.04244,-1,-1,-1,0,0,0,136,1,1,0,0.0000000,0.0000000,0.0000000,0,0,0,0
756875174621583 D 1907,2286998339,1000,1554,1554,2.3838062,-0.04077,-1,-1,-1,0,0,0,136,1,1,0,0.0000000,0.0000000,0.0000000,0,0,0,0
756875175583958 D 1908,2286999339,1000,1555,1555,2.3853402,0.02097,-1,-1,-1,0,0,0,136,1,1,0,0.0000000,0.0000000,0.0000000,0,0,0,0
756875176569083 D 1909,2287000339,1000,1555,1555,2.3853402,0.02015,-1,-1,-1,0,0,0,136,1,1,0,0.0000000,0.0000000,0.0000000,0,0,0,0
756875177588833 D 1910,2287001339,1000,1555,1555,2.3853402,0.01936,-1,-1,-1,0,0,0,136,1,1,0,0.0000000,0.0000000,0.0000000,0,0,0,0
756875178972041 D 1911,2287002339,1000,1555,1555,2.3853402,0.01860,39,128,2035,0,0,0,136,1,1,0,0.0000000,0.0000000,0.0000000,0,0,0,0
756875179592333 D 1912,2287003339,1000,1555,1555,2.3853402,0.01787,-1,-1,-1,0,0,0,135,1,1,0,0.0000000,0.0000000,0.0000000,0,0,0,0
756875180580958 D 1913,2287004339,1000,1554,1554,2.3838062,-0.04298,-1,-1,-1,0,0,0,136,1,1,0,0.0000000,0.0000000,0.0000000,0,0,0,0
756875181593416 D 1914,2287005339,1000,1555,1555,2.3853402,0.01886,-1,-1,-1,0,0,0,136,1,1,0,0.0000000,0.0000000,0.0000000,0,0,0,0
756875182627750 D 1915,2287006339,1000,1555,1555,2.3853402,0.01812,-1,-1,-1,0,0,0,136,1,1,0,0.0000000,0.0000000,0.0000000,0,0,0,0
756875183595208 D 1916,2287007339,1000,1555,1555,2.3853402,0.01741,-1,-1,-1,0,0,0,136,1,1,0,0.0000000,0.0000000,0.0000000,0,0,0,0
756875184588375 D 1917,2287008339,1000,1555,1555,2.3853402,0.01672,-1,-1,-1,0,0,0,136,1,1,0,0.0000000,0.0000000,0.0000000,0,0,0,0
756875185593250 D 1918,2287009339,1000,1555,1555,2.3853402,0.01607,-1,-1,-1,0,0,0,136,1,1,0,0.0000000,0.0000000,0.0000000,0,0,0,0
756875186583375 D 1919,2287010339,1000,1555,1555,2.3853402,0.01544,-1,-1,-1,0,0,0,136,1,1,0,0.0000000,0.0000000,0.0000000,0,0,0,0
756875187591375 D 1920,2287011339,1000,1555,1555,2.3853402,0.01483,-1,-1,-1,0,0,0,136,1,1,0,0.0000000,0.0000000,0.0000000,0,0,0,0
756875188594583 D 1921,2287012339,1000,1554,1554,2.3838062,-0.04590,-1,-1,-1,0,0,0,136,1,1,0,0.0000000,0.0000000,0.0000000,0,0,0,0
756875189590416 D 1922,2287013339,1000,1555,1555,2.3853402,0.01605,-1,-1,-1,0,0,0,136,1,1,0,0.0000000,0.0000000,0.0000000,0,0,0,0
756875190581625 D 1923,2287014339,1000,1554,1554,2.3838062,-0.04473,-1,-1,-1,0,0,0,136,1,1,0,0.0000000,0.0000000,0.0000000,0,0,0,0
756875191592333 D 1924,2287015339,1000,1555,1555,2.3853402,0.01718,-1,-1,-1,0,0,0,136,1,1,0,0.0000000,0.0000000,0.0000000,0,0,0,0
756875192569875 D 1925,2287016339,1000,1555,1555,2.3853402,0.01650,-1,-1,-1,0,0,0,136,1,1,0,0.0000000,0.0000000,0.0000000,0,0,0,0
756875193581166 D 1926,2287017339,1000,1555,1555,2.3853402,0.01585,-1,-1,-1,0,0,0,135,1,1,0,0.0000000,0.0000000,0.0000000,0,0,0,0
756875194595458 D 1927,2287018339,1000,1554,1554,2.3838062,-0.04492,-1,-1,-1,0,0,0,136,1,1,0,0.0000000,0.0000000,0.0000000,0,0,0,0
756875195585000 D 1928,2287019339,1000,1555,1555,2.3853402,0.01699,-1,-1,-1,0,0,0,136,1,1,0,0.0000000,0.0000000,0.0000000,0,0,0,0
756875196577041 D 1929,2287020339,1000,1555,1555,2.3853402,0.01633,-1,-1,-1,0,0,0,136,1,1,0,0.0000000,0.0000000,0.0000000,0,0,0,0
756875197580166 D 1930,2287021339,1000,1555,1555,2.3853402,0.01569,-1,-1,-1,0,0,0,136,1,1,0,0.0000000,0.0000000,0.0000000,0,0,0,0
756875198595125 D 1931,2287022339,1000,1554,1554,2.3838062,-0.04508,-1,-1,-1,0,0,0,136,1,1,0,0.0000000,0.0000000,0.0000000,0,0,0,0
756875199576208 D 1932,2287023339,1000,1555,1555,2.3853402,0.01684,-1,-1,-1,0,0,0,136,1,1,0,0.0000000,0.0000000,0.0000000,0,0,0,0
756875200584208 D 1933,2287024339,1000,1554,1554,2.3838062,-0.04397,-1,-1,-1,0,0,0,136,1,1,0,0.0000000,0.0000000,0.0000000,0,0,0,0
756875201576875 D 1934,2287025339,1000,1555,1555,2.3853402,0.01790,-1,-1,-1,0,0,0,136,1,1,0,0.0000000,0.0000000,0.0000000,0,0,0,0
756875202593250 D 1935,2287026339,1000,1554,1554,2.3838062,-0.04295,-1,-1,-1,0,0,0,136,1,1,0,0.0000000,0.0000000,0.0000000,0,0,0,0
756875203595541 D 1936,2287027339,1000,1555,1555,2.3853402,0.01889,-1,-1,-1,0,0,0,136,1,1,0,0.0000000,0.0000000,0.0000000,0,0,0,0
756875204583500 D 1937,2287028339,1000,1555,1555,2.3853402,0.01815,-1,-1,-1,0,0,0,136,1,1,0,0.0000000,0.0000000,0.0000000,0,0,0,0
756875205832166 D 1938,2287029339,1000,1554,1554,2.3838062,-0.04271,-1,-1,-1,0,0,0,136,1,1,0,0.0000000,0.0000000,0.0000000,0,0,0,0
756875206805291 D 1939,2287030339,1000,1555,1555,2.3853402,0.01911,-1,-1,-1,0,0,0,136,1,1,0,0.0000000,0.0000000,0.0000000,0,0,0,0
756875207726875 D 1940,2287031339,1000,1555,1555,2.3853402,0.01836,-1,-1,-1,0,0,0,136,1,1,0,0.0000000,0.0000000,0.0000000,0,0,0,0
756875208589791 D 1941,2287032339,1000,1555,1555,2.3853402,0.01764,-1,-1,-1,0,0,0,136,1,1,0,0.0000000,0.0000000,0.0000000,0,0,0,0
756875209599291 D 1942,2287033339,1000,1554,1554,2.3838062,-0.04320,-1,-1,-1,0,0,0,136,1,1,0,0.0000000,0.0000000,0.0000000,0,0,0,0
756875210590458 D 1943,2287034339,1000,1555,1555,2.3853402,0.01864,-1,-1,-1,0,0,0,136,1,1,0,0.0000000,0.0000000,0.0000000,0,0,0,0
756875211583583 D 1944,2287035339,1000,1555,1555,2.3853402,0.01791,-1,-1,-1,0,0,0,136,1,1,0,0.0000000,0.0000000,0.0000000,0,0,0,0
756875212578291 D 1945,2287036339,1000,1555,1555,2.3853402,0.01721,-1,-1,-1,0,0,0,136,1,1,0,0.0000000,0.0000000,0.0000000,0,0,0,0
756875213578541 D 1946,2287037339,1000,1555,1555,2.3853402,0.01653,-1,-1,-1,0,0,0,136,1,1,0,0.0000000,0.0000000,0.0000000,0,0,0,0
756875214578750 D 1947,2287038339,1000,1555,1555,2.3853402,0.01589,-1,-1,-1,0,0,0,136,1,1,0,0.0000000,0.0000000,0.0000000,0,0,0,0
756875215574833 D 1948,2287039339,1000,1555,1555,2.3853402,0.01526,-1,-1,-1,0,0,0,136,1,1,0,0.0000000,0.0000000,0.0000000,0,0,0,0
756875216573625 D 1949,2287040339,1000,1555,1555,2.3853402,0.01466,-1,-1,-1,0,0,0,136,1,1,0,0.0000000,0.0000000,0.0000000,0,0,0,0
756875217578833 D 1950,2287041339,1000,1554,1554,2.3838062,-0.04606,-1,-1,-1,0,0,0,136,1,1,0,0.0000000,0.0000000,0.0000000,0,0,0,0
756875218575625 D 1951,2287042339,1000,1555,1555,2.3853402,0.01590,-1,-1,-1,0,0,0,136,1,1,0,0.0000000,0.0000000,0.0000000,0,0,0,0
756875219575625 D 1952,2287043339,1000,1555,1555,2.3853402,0.01527,-1,-1,-1,0,0,0,136,1,1,0,0.0000000,0.0000000,0.0000000,0,0,0,0
756875220573875 D 1953,2287044339,1000,1555,1555,2.3853402,0.01467,-1,-1,-1,0,0,0,136,1,1,0,0.0000000,0.0000000,0.0000000,0,0,0,0
756875221583583 D 1954,2287045339,1000,1555,1555,2.3853402,0.01410,-1,-1,-1,0,0,0,136,1,1,0,0.0000000,0.0000000,0.0000000,0,0,0,0
756875222579291 D 1955,2287046339,1000,1554,1554,2.3838062,-0.04660,-1,-1,-1,0,0,0,136,1,1,0,0.0000000,0.0000000,0.0000000,0,0,0,0
756875223576583 D 1956,2287047339,1000,1555,1555,2.3853402,0.01537,-1,-1,-1,0,0,0,136,1,1,0,0.0000000,0.0000000,0.0000000,0,0,0,0
756875224573041 D 1957,2287048339,1000,1555,1555,2.3853402,0.01477,-1,-1,-1,0,0,0,136,1,1,0,0.0000000,0.0000000,0.0000000,0,0,0,0
756875225572375 D 1958,2287049339,1000,1555,1555,2.3853402,0.01419,-1,-1,-1,0,0,0,136,1,1,0,0.0000000,0.0000000,0.0000000,0,0,0,0
756875226591000 D 1959,2287050339,1000,1554,1554,2.3838062,-0.04651,-1,-1,-1,0,0,0,136,1,1,0,0.0000000,0.0000000,0.0000000,0,0,0,0
756875227591000 D 1960,2287051339,1000,1555,1555,2.3853402,0.01546,-1,-1,-1,0,0,0,136,1,1,0,0.0000000,0.0000000,0.0000000,0,0,0,0
756875229020250 D 1961,2287052339,1000,1554,1554,2.3838062,-0.04530,39,128,2034,0,0,0,135,1,1,0,0.0000000,0.0000000,0.0000000,0,0,0,0
756875229654916 D 1962,2287053339,1000,1554,1554,2.3838062,-0.04352,-1,-1,-1,0,0,0,136,1,1,0,0.0000000,0.0000000,0.0000000,0,0,0,0
756875230574041 D 1963,2287054339,1000,1555,1555,2.3853402,0.01833,-1,-1,-1,0,0,0,136,1,1,0,0.0000000,0.0000000,0.0000000,0,0,0,0
756875231588958 D 1964,2287055339,1000,1554,1554,2.3838062,-0.04253,-1,-1,-1,0,0,0,136,1,1,0,0.0000000,0.0000000,0.0000000,0,0,0,0
756875232800875 D 1965,2287056339,1000,1554,1554,2.3838062,-0.04087,-1,-1,-1,0,0,0,136,1,1,0,0.0000000,0.0000000,0.0000000,0,0,0,0
756875233806250 D 1966,2287057339,1000,1555,1555,2.3853402,0.02089,-1,-1,-1,0,0,0,136,1,1,0,0.0000000,0.0000000,0.0000000,0,0,0,0
756875234820625 D 1967,2287058339,1000,1554,1554,2.3838062,-0.04008,-1,-1,-1,0,0,0,136,1,1,0,0.0000000,0.0000000,0.0000000,0,0,0,0
756875235645416 D 1968,2287059339,1000,1554,1554,2.3838062,-0.03851,-1,-1,-1,0,0,0,135,1,1,0,0.0000000,0.0000000,0.0000000,0,0,0,0
756875236573750 D 1969,2287060339,1000,1555,1555,2.3853402,0.02315,-1,-1,-1,0,0,0,136,1,1,0,0.0000000,0.0000000,0.0000000,0,0,0,0
756875237574166 D 1970,2287061339,1000,1555,1555,2.3853402,0.02224,-1,-1,-1,0,0,0,136,1,1,0,0.0000000,0.0000000,0.0000000,0,0,0,0
756875238565708 D 1971,2287062339,1000,1555,1555,2.3853402,0.02137,-1,-1,-1,0,0,0,136,1,1,0,0.0000000,0.0000000,0.0000000,0,0,0,0
756875239570166 D 1972,2287063339,1000,1555,1555,2.3853402,0.02053,-1,-1,-1,0,0,0,136,1,1,0,0.0000000,0.0000000,0.0000000,0,0,0,0
756875240568791 D 1973,2287064339,1000,1555,1555,2.3853402,0.01973,-1,-1,-1,0,0,0,136,1,1,0,0.0000000,0.0000000,0.0000000,0,0,0,0
756875241570916 D 1974,2287065339,1000,1555,1555,2.3853402,0.01895,-1,-1,-1,0,0,0,136,1,1,0,0.0000000,0.0000000,0.0000000,0,0,0,0
756875242596833 D 1975,2287066339,1000,1554,1554,2.3838062,-0.04194,-1,-1,-1,0,0,0,136,1,1,0,0.0000000,0.0000000,0.0000000,0,0,0,0
756875243569750 D 1976,2287067339,1000,1555,1555,2.3853402,0.01985,-1,-1,-1,0,0,0,136,1,1,0,0.0000000,0.0000000,0.0000000,0,0,0,0
756875244569625 D 1977,2287068339,1000,1555,1555,2.3853402,0.01907,-1,-1,-1,0,0,0,136,1,1,0,0.0000000,0.0000000,0.0000000,0,0,0,0
756875245571875 D 1978,2287069339,1000,1555,1555,2.3853402,0.01833,-1,-1,-1,0,0,0,136,1,1,0,0.0000000,0.0000000,0.0000000,0,0,0,0
756875246579333 D 1979,2287070339,1000,1554,1554,2.3838062,-0.04254,-1,-1,-1,0,0,0,136,1,1,0,0.0000000,0.0000000,0.0000000,0,0,0,0
756875247556208 D 1980,2287071339,1000,1555,1555,2.3853402,0.01928,-1,-1,-1,0,0,0,136,1,1,0,0.0000000,0.0000000,0.0000000,0,0,0,0
756875248568708 D 1981,2287072339,1000,1555,1555,2.3853402,0.01852,-1,-1,-1,0,0,0,136,1,1,0,0.0000000,0.0000000,0.0000000,0,0,0,0
756875249569541 D 1982,2287073339,1000,1554,1554,2.3838062,-0.04235,-1,-1,-1,0,0,0,136,1,1,0,0.0000000,0.0000000,0.0000000,0,0,0,0
756875250566166 D 1983,2287074339,1000,1555,1555,2.3853402,0.01946,-1,-1,-1,0,0,0,136,1,1,0,0.0000000,0.0000000,0.0000000,0,0,0,0
756875251563416 D 1984,2287075339,1000,1555,1555,2.3853402,0.01869,-1,-1,-1,0,0,0,136,1,1,0,0.0000000,0.0000000,0.0000000,0,0,0,0
756875252585916 D 1985,2287076339,1000,1554,1554,2.3838062,-0.04219,-1,-1,-1,0,0,0,136,1,1,0,0.0000000,0.0000000,0.0000000,0,0,0,0
756875253569875 D 1986,2287077339,1000,1554,1554,2.3838062,-0.04053,-1,-1,-1,0,0,0,136,1,1,0,0.0000000,0.0000000,0.0000000,0,0,0,0
756875254563666 D 1987,2287078339,1000,1555,1555,2.3853402,0.02120,-1,-1,-1,0,0,0,136,1,1,0,0.0000000,0.0000000,0.0000000,0,0,0,0
756875255575166 D 1988,2287079339,1000,1554,1554,2.3838062,-0.03978,-1,-1,-1,0,0,0,136,1,1,0,0.0000000,0.0000000,0.0000000,0,0,0,0
756875256571708 D 1989,2287080339,1000,1554,1554,2.3838062,-0.03822,-1,-1,-1,0,0,0,135,1,1,0,0.0000000,0.0000000,0.0000000,0,0,0,0
756875257594500 D 1990,2287081339,1000,1554,1554,2.3838062,-0.03672,-1,-1,-1,0,0,0,136,1,1,0,0.0000000,0.0000000,0.0000000,0,0,0,0
756875258596625 D 1991,2287082339,1000,1554,1554,2.3838062,-0.03528,-1,-1,-1,0,0,0,136,1,1,0,0.0000000,0.0000000,0.0000000,0,0,0,0
756875259607291 D 1992,2287083339,1000,1555,1555,2.3853402,0.02625,-1,-1,-1,0,0,0,136,1,1,0,0.0000000,0.0000000,0.0000000,0,0,0,0
756875260609541 D 1993,2287084339,1000,1555,1555,2.3853402,0.02522,-1,-1,-1,0,0,0,136,1,1,0,0.0000000,0.0000000,0.0000000,0,0,0,0
756875261601708 D 1994,2287085339,1000,1555,1555,2.3853402,0.02423,-1,-1,-1,0,0,0,136,1,1,0,0.0000000,0.0000000,0.0000000,0,0,0,0
756875262597958 D 1995,2287086339,1000,1554,1554,2.3838062,-0.03686,-1,-1,-1,0,0,0,136,1,1,0,0.0000000,0.0000000,0.0000000,0,0,0,0
756875263591416 D 1996,2287087339,1000,1555,1555,2.3853402,0.02473,-1,-1,-1,0,0,0,136,1,1,0,0.0000000,0.0000000,0.0000000,0,0,0,0
756875264579458 D 1997,2287088339,1000,1555,1555,2.3853402,0.02376,-1,-1,-1,0,0,0,136,1,1,0,0.0000000,0.0000000,0.0000000,0,0,0,0
756875265570541 D 1998,2287089339,1000,1554,1554,2.3838062,-0.03732,-1,-1,-1,0,0,0,136,1,1,0,0.0000000,0.0000000,0.0000000,0,0,0,0
756875266807083 D 1999,2287090339,1000,1554,1554,2.3838062,-0.03586,-1,-1,-1,0,0,0,136,1,1,0,0.0000000,0.0000000,0.0000000,0,0,0,0
756875267796583 D 2000,2287091339,1000,1555,1555,2.3853402,0.02570,-1,-1,-1,0,0,0,136,1,1,0,0.0000000,0.0000000,0.0000000,0,0,0,0
756875268774666 D 2001,2287092339,1000,1554,1554,2.3838062,-0.03546,-1,-1,-1,0,0,0,136,1,1,0,0.0000000,0.0000000,0.0000000,0,0,0,0
756875269571958 D 2002,2287093339,1000,1555,1555,2.3853402,0.02608,-1,-1,-1,0,0,0,136,1,1,0,0.0000000,0.0000000,0.0000000,0,0,0,0
756875270587000 D 2003,2287094339,1000,1555,1555,2.3853402,0.02506,-1,-1,-1,0,0,0,136,1,1,0,0.0000000,0.0000000,0.0000000,0,0,0,0
756875271567458 D 2004,2287095339,1000,1555,1555,2.3853402,0.02408,-1,-1,-1,0,0,0,136,1,1,0,0.0000000,0.0000000,0.0000000,0,0,0,0
756875272602166 D 2005,2287096339,1000,1554,1554,2.3838062,-0.03702,-1,-1,-1,0,0,0,136,1,1,0,0.0000000,0.0000000,0.0000000,0,0,0,0
756875273597125 D 2006,2287097339,1000,1554,1554,2.3838062,-0.03557,-1,-1,-1,0,0,0,136,1,1,0,0.0000000,0.0000000,0.0000000,0,0,0,0
756875274584333 D 2007,2287098339,1000,1555,1555,2.3853402,0.02598,-1,-1,-1,0,0,0,136,1,1,0,0.0000000,0.0000000,0.0000000,0,0,0,0
756875275593958 D 2008,2287099339,1000,1555,1555,2.3853402,0.02496,-1,-1,-1,0,0,0,136,1,1,0,0.0000000,0.0000000,0.0000000,0,0,0,0
756875276585625 D 2009,2287100339,1000,1554,1554,2.3838062,-0.03617,-1,-1,-1,0,0,0,136,1,1,0,0.0000000,0.0000000,0.0000000,0,0,0,0
756875277587291 D 2010,2287101339,1000,1555,1555,2.3853402,0.02540,-1,-1,-1,0,0,0,135,1,1,0,0.0000000,0.0000000,0.0000000,0,0,0,0
756875279026125 D 2011,2287102339,1000,1555,1555,2.3853402,0.02440,39,128,2035,0,0,0,136,1,1,0,0.0000000,0.0000000,0.0000000,0,0,0,0
756875279686750 D 2012,2287103339,1000,1555,1555,2.3853402,0.02345,-1,-1,-1,0,0,0,136,1,1,0,0.0000000,0.0000000,0.0000000,0,0,0,0
756875280568333 D 2013,2287104339,1000,1555,1555,2.3853402,0.02253,-1,-1,-1,0,0,0,136,1,1,0,0.0000000,0.0000000,0.0000000,0,0,0,0
756875281578416 D 2014,2287105339,1000,1555,1555,2.3853402,0.02164,-1,-1,-1,0,0,0,136,1,1,0,0.0000000,0.0000000,0.0000000,0,0,0,0
756875282632166 D 2015,2287106339,1000,1554,1554,2.3838062,-0.03935,-1,-1,-1,0,0,0,136,1,1,0,0.0000000,0.0000000,0.0000000,0,0,0,0
756875283616583 D 2016,2287107339,1000,1554,1554,2.3838062,-0.03781,-1,-1,-1,0,0,0,136,1,1,0,0.0000000,0.0000000,0.0000000,0,0,0,0
756875284592875 D 2017,2287108339,1000,1555,1555,2.3853402,0.02382,-1,-1,-1,0,0,0,136,1,1,0,0.0000000,0.0000000,0.0000000,0,0,0,0
756875285586750 D 2018,2287109339,1000,1555,1555,2.3853402,0.02289,-1,-1,-1,0,0,0,136,1,1,0,0.0000000,0.0000000,0.0000000,0,0,0,0
756875286583333 D 2019,2287110339,1000,1555,1555,2.3853402,0.02199,-1,-1,-1,0,0,0,136,1,1,0,0.0000000,0.0000000,0.0000000,0,0,0,0
756875287581791 D 2020,2287111339,1000,1555,1555,2.3853402,0.02113,-1,-1,-1,0,0,0,136,1,1,0,0.0000000,0.0000000,0.0000000,0,0,0,0
756875288900375 D 2021,2287112339,1000,1555,1555,2.3853402,0.02030,-1,-1,-1,0,0,0,136,1,1,0,0.0000000,0.0000000,0.0000000,0,0,0,0
756875289696291 D 2022,2287113339,1000,1555,1555,2.3853402,0.01950,-1,-1,-1,0,0,0,136,1,1,0,0.0000000,0.0000000,0.0000000,0,0,0,0
756875290633041 D 2023,2287114339,1000,1555,1555,2.3853402,0.01874,-1,-1,-1,0,0,0,136,1,1,0,0.0000000,0.0000000,0.0000000,0,0,0,0
756875291589666 D 2024,2287115339,1000,1555,1555,2.3853402,0.01800,-1,-1,-1,0,0,0,136,1,1,0,0.0000000,0.0000000,0.0000000,0,0,0,0
756875292586750 D 2025,2287116339,1000,1555,1555,2.3853402,0.01730,-1,-1,-1,0,0,0,136,1,1,0,0.0000000,0.0000000,0.0000000,0,0,0,0
756875293585916 D 2026,2287117339,1000,1555,1555,2.3853402,0.01662,-1,-1,-1,0,0,0,136,1,1,0,0.0000000,0.0000000,0.0000000,0,0,0,0
756875294582208 D 2027,2287118339,1000,1555,1555,2.3853402,0.01597,-1,-1,-1,0,0,0,136,1,1,0,0.0000000,0.0000000,0.0000000,0,0,0,0
756875295585125 D 2028,2287119339,1000,1555,1555,2.3853402,0.01534,-1,-1,-1,0,0,0,136,1,1,0,0.0000000,0.0000000,0.0000000,0,0,0,0
756875296570375 D 2029,2287120339,1000,1554,1554,2.3838062,-0.04541,-1,-1,-1,0,0,0,136,1,1,0,0.0000000,0.0000000,0.0000000,0,0,0,0
756875297717166 D 2030,2287121339,1000,1555,1555,2.3853402,0.01652,-1,-1,-1,0,0,0,136,1,1,0,0.0000000,0.0000000,0.0000000,0,0,0,0
756875298812583 D 2031,2287122339,1000,1555,1555,2.3853402,0.01587,-1,-1,-1,0,0,0,136,1,1,0,0.0000000,0.0000000,0.0000000,0,0,0,0
756875299801583 D 2032,2287123339,1000,1555,1555,2.3853402,0.01525,-1,-1,-1,0,0,0,136,1,1,0,0.0000000,0.0000000,0.0000000,0,0,0,0
756875300675083 D 2033,2287124339,1000,1555,1555,2.3853402,0.01465,-1,-1,-1,0,0,0,136,1,1,0,0.0000000,0.0000000,0.0000000,0,0,0,0
756875301586041 D 2034,2287125339,1000,1554,1554,2.3838062,-0.04607,-1,-1,-1,0,0,0,136,1,1,0,0.0000000,0.0000000,0.0000000,0,0,0,0
756875302569708 D 2035,2287126339,1000,1555,1555,2.3853402,0.01588,-1,-1,-1,0,0,0,136,1,1,0,0.0000000,0.0000000,0.0000000,0,0,0,0
756875303587208 D 2036,2287127339,1000,1554,1554,2.3838062,-0.04489,-1,-1,-1,0,0,0,136,1,1,0,0.0000000,0.0000000,0.0000000,0,0,0,0
756875304590708 D 2037,2287128339,1000,1554,1554,2.3838062,-0.04313,-1,-1,-1,0,0,0,136,1,1,0,0.0000000,0.0000000,0.0000000,0,0,0,0
756875305584875 D 2038,2287129339,1000,1555,1555,2.3853402,0.01871,-1,-1,-1,0,0,0,135,1,1,0,0.0000000,0.0000000,0.0000000,0,0,0,0
756875306579250 D 2039,2287130339,1000,1555,1555,2.3853402,0.01798,-1,-1,-1,0,0,0,136,1,1,0,0.0000000,0.0000000,0.0000000,0,0,0,0
756875307571166 D 2040,2287131339,1000,1555,1555,2.3853402,0.01727,-1,-1,-1,0,0,0,136,1,1,0,0.0000000,0.0000000,0.0000000,0,0,0,0
756875308585500 D 2041,2287132339,1000,1555,1555,2.3853402,0.01660,-1,-1,-1,0,0,0,136,1,1,0,0.0000000,0.0000000,0.0000000,0,0,0,0
756875309572416 D 2042,2287133339,1000,1555,1555,2.3853402,0.01595,-1,-1,-1,0,0,0,136,1,1,0,0.0000000,0.0000000,0.0000000,0,0,0,0
756875310580375 D 2043,2287134339,1000,1555,1555,2.3853402,0.01532,-1,-1,-1,0,0,0,136,1,1,0,0.0000000,0.0000000,0.0000000,0,0,0,0
756875311582041 D 2044,2287135339,1000,1555,1555,2.3853402,0.01472,-1,-1,-1,0,0,0,136,1,1,0,0.0000000,0.0000000,0.0000000,0,0,0,0
756875312585458 D 2045,2287136339,1000,1555,1555,2.3853402,0.01414,-1,-1,-1,0,0,0,135,1,1,0,0.0000000,0.0000000,0.0000000,0,0,0,0
756875313579208 D 2046,2287137339,1000,1555,1555,2.3853402,0.01359,-1,-1,-1,0,0,0,136,1,1,0,0.0000000,0.0000000,0.0000000,0,0,0,0
756875314583916 D 2047,2287138339,1000,1555,1555,2.3853402,0.01305,-1,-1,-1,0,0,0,136,1,1,0,0.0000000,0.0000000,0.0000000,0,0,0,0
756875315595250 D 2048,2287139339,1000,1555,1555,2.3853402,0.01254,-1,-1,-1,0,0,0,136,1,1,0,0.0000000,0.0000000,0.0000000,0,0,0,0
756875316584166 D 2049,2287140339,1000,1554,1554,2.3838062,-0.04810,-1,-1,-1,0,0,0,136,1,1,0,0.0000000,0.0000000,0.0000000,0,0,0,0
756875317575083 D 2050,2287141339,1000,1555,1555,2.3853402,0.01394,-1,-1,-1,0,0,0,136,1,1,0,0.0000000,0.0000000,0.0000000,0,0,0,0
756875318577625 D 2051,2287142339,1000,1555,1555,2.3853402,0.01339,-1,-1,-1,0,0,0,136,1,1,0,0.0000000,0.0000000,0.0000000,0,0,0,0
756875319588791 D 2052,2287143339,1000,1555,1555,2.3853402,0.01287,-1,-1,-1,0,0,0,136,1,1,0,0.0000000,0.0000000,0.0000000,0,0,0,0
756875320595166 D 2053,2287144339,1000,1554,1554,2.3838062,-0.04779,-1,-1,-1,0,0,0,136,1,1,0,0.0000000,0.0000000,0.0000000,0,0,0,0
756875321590791 D 2054,2287145339,1000,1555,1555,2.3853402,0.01423,-1,-1,-1,0,0,0,136,1,1,0,0.0000000,0.0000000,0.0000000,0,0,0,0
756875322570166 D 2055,2287146339,1000,1555,1555,2.3853402,0.01368,-1,-1,-1,0,0,0,136,1,1,0,0.0000000,0.0000000,0.0000000,0,0,0,0
756875323578458 D 2056,2287147339,1000,1555,1555,2.3853402,0.01314,-1,-1,-1,0,0,0,136,1,1,0,0.0000000,0.0000000,0.0000000,0,0,0,0
756875324579875 D 2057,2287148339,1000,1554,1554,2.3838062,-0.04752,-1,-1,-1,0,0,0,136,1,1,0,0.0000000,0.0000000,0.0000000,0,0,0,0
756875325818291 D 2058,2287149339,1000,1555,1555,2.3853402,0.01449,-1,-1,-1,0,0,0,136,1,1,0,0.0000000,0.0000000,0.0000000,0,0,0,0
756875326792791 D 2059,2287150339,1000,1555,1555,2.3853402,0.01392,-1,-1,-1,0,0,0,136,1,1,0,0.0000000,0.0000000,0.0000000,0,0,0,0
756875327804541 D 2060,2287151339,1000,1555,1555,2.3853402,0.01337,-1,-1,-1,0,0,0,136,1,1,0,0.0000000,0.0000000,0.0000000,0,0,0,0
756875328988708 D 2061,2287152339,1000,1554,1554,2.3838062,-0.04730,39,128,2034,0,0,0,136,1,1,0,0.0000000,0.0000000,0.0000000,0,0,0,0
756875329607083 D 2062,2287153339,1000,1555,1555,2.3853402,0.01470,-1,-1,-1,0,0,0,136,1,1,0,0.0000000,0.0000000,0.0000000,0,0,0,0
756875330585625 D 2063,2287154339,1000,1554,1554,2.3838062,-0.04602,-1,-1,-1,0,0,0,136,1,1,0,0.0000000,0.0000000,0.0000000,0,0,0,0
756875331590875 D 2064,2287155339,1000,1555,1555,2.3853402,0.01593,-1,-1,-1,0,0,0,136,1,1,0,0.0000000,0.0000000,0.0000000,0,0,0,0
756875332585291 D 2065,2287156339,1000,1554,1554,2.3838062,-0.04484,-1,-1,-1,0,0,0,136,1,1,0,0.0000000,0.0000000,0.0000000,0,0,0,0
756875333585083 D 2066,2287157339,1000,1555,1555,2.3853402,0.01707,-1,-1,-1,0,0,0,136,1,1,0,0.0000000,0.0000000,0.0000000,0,0,0,0
756875334574375 D 2067,2287158339,1000,1554,1554,2.3838062,-0.04375,-1,-1,-1,0,0,0,136,1,1,0,0.0000000,0.0000000,0.0000000,0,0,0,0
756875335583000 D 2068,2287159339,1000,1555,1555,2.3853402,0.01811,-1,-1,-1,0,0,0,136,1,1,0,0.0000000,0.0000000,0.0000000,0,0,0,0
756875336579250 D 2069,2287160339,1000,1555,1555,2.3853402,0.01740,-1,-1,-1,0,0,0,136,1,1,0,0.0000000,0.0000000,0.0000000,0,0,0,0
756875337590333 D 2070,2287161339,1000,1555,1555,2.3853402,0.01672,-1,-1,-1,0,0,0,136,1,1,0,0.0000000,0.0000000,0.0000000,0,0,0,0
756875338591041 D 2071,2287162339,1000,1554,1554,2.3838062,-0.04408,-1,-1,-1,0,0,0,136,1,1,0,0.0000000,0.0000000,0.0000000,0,0,0,0
756875339588500 D 2072,2287163339,1000,1555,1555,2.3853402,0.01779,-1,-1,-1,0,0,0,136,1,1,0,0.0000000,0.0000000,0.0000000,0,0,0,0
756875340592125 D 2073,2287164339,1000,1554,1554,2.3838062,-0.04305,-1,-1,-1,0,0,0,136,1,1,0,0.0000000,0.0000000,0.0000000,0,0,0,0
756875341587541 D 2074,2287165339,1000,1555,1555,2.3853402,0.01878,-1,-1,-1,0,0,0,136,1,1,0,0.0000000,0.0000000,0.0000000,0,0,0,0
756875342582875 D 2075,2287166339,1000,1555,1555,2.3853402,0.01805,-1,-1,-1,0,0,0,136,1,1,0,0.0000000,0.0000000,0.0000000,0,0,0,0
756875343581375 D 2076,2287167339,1000,1555,1555,2.3853402,0.01734,-1,-1,-1,0,0,0,136,1,1,0,0.0000000,0.0000000,0.0000000,0,0,0,0
756875344585041 D 2077,2287168339,1000,1554,1554,2.3838062,-0.04349,-1,-1,-1,0,0,0,136,1,1,0,0.0000000,0.0000000,0.0000000,0,0,0,0
756875345583208 D 2078,2287169339,1000,1554,1554,2.3838062,-0.04178,-1,-1,-1,0,0,0,136,1,1,0,0.0000000,0.0000000,0.0000000,0,0,0,0
756875346586875 D 2079,2287170339,1000,1554,1554,2.3838062,-0.04015,-1,-1,-1,0,0,0,136,1,1,0,0.0000000,0.0000000,0.0000000,0,0,0,0
756875347599333 D 2080,2287171339,1000,1554,1554,2.3838062,-0.03857,-1,-1,-1,0,0,0,136,1,1,0,0.0000000,0.0000000,0.0000000,0,0,0,0
756875348580458 D 2081,2287172339,1000,1555,1555,2.3853402,0.02309,-1,-1,-1,0,0,0,136,1,1,0,0.0000000,0.0000000,0.0000000,0,0,0,0
756875349578416 D 2082,2287173339,1000,1555,1555,2.3853402,0.02218,-1,-1,-1,0,0,0,136,1,1,0,0.0000000,0.0000000,0.0000000,0,0,0,0
756875350589083 D 2083,2287174339,1000,1555,1555,2.3853402,0.02131,-1,-1,-1,0,0,0,136,1,1,0,0.0000000,0.0000000,0.0000000,0,0,0,0
756875351586916 D 2084,2287175339,1000,1555,1555,2.3853402,0.02048,-1,-1,-1,0,0,0,136,1,1,0,0.0000000,0.0000000,0.0000000,0,0,0,0
756875352587375 D 2085,2287176339,1000,1554,1554,2.3838062,-0.04047,-1,-1,-1,0,0,0,136,1,1,0,0.0000000,0.0000000,0.0000000,0,0,0,0
756875353571291 D 2086,2287177339,1000,1555,1555,2.3853402,0.02126,-1,-1,-1,0,0,0,136,1,1,0,0.0000000,0.0000000,0.0000000,0,0,0,0
756875354575375 D 2087,2287178339,1000,1555,1555,2.3853402,0.02043,-1,-1,-1,0,0,0,136,1,1,0,0.0000000,0.0000000,0.0000000,0,0,0,0
756875355593041 D 2088,2287179339,1000,1555,1555,2.3853402,0.01963,-1,-1,-1,0,0,0,136,1,1,0,0.0000000,0.0000000,0.0000000,0,0,0,0
756875356608666 D 2089,2287180339,1000,1555,1555,2.3853402,0.01886,-1,-1,-1,0,0,0,136,1,1,0,0.0000000,0.0000000,0.0000000,0,0,0,0
756875357581500 D 2090,2287181339,1000,1555,1555,2.3853402,0.01812,-1,-1,-1,0,0,0,136,1,1,0,0.0000000,0.0000000,0.0000000,0,0,0,0
756875358573583 D 2091,2287182339,1000,1555,1555,2.3853402,0.01741,-1,-1,-1,0,0,0,136,1,1,0,0.0000000,0.0000000,0.0000000,0,0,0,0
756875359575125 D 2092,2287183339,1000,1555,1555,2.3853402,0.01673,-1,-1,-1,0,0,0,136,1,1,0,0.0000000,0.0000000,0.0000000,0,0,0,0
756875360614458 D 2093,2287184339,1000,1555,1555,2.3853402,0.01607,-1,-1,-1,0,0,0,136,1,1,0,0.0000000,0.0000000,0.0000000,0,0,0,0
756875361821250 D 2094,2287185339,1000,1555,1555,2.3853402,0.01544,-1,-1,-1,0,0,0,136,1,1,0,0.0000000,0.0000000,0.0000000,0,0,0,0
756875362810291 D 2095,2287186339,1000,1554,1554,2.3838062,-0.04531,-1,-1,-1,0,0,0,136,1,1,0,0.0000000,0.0000000,0.0000000,0,0,0,0
756875363718416 D 2096,2287187339,1000,1555,1555,2.3853402,0.01661,-1,-1,-1,0,0,0,136,1,1,0,0.0000000,0.0000000,0.0000000,0,0,0,0
756875364572291 D 2097,2287188339,1000,1555,1555,2.3853402,0.01596,-1,-1,-1,0,0,0,136,1,1,0,0.0000000,0.0000000,0.0000000,0,0,0,0
756875365584208 D 2098,2287189339,1000,1554,1554,2.3838062,-0.04481,-1,-1,-1,0,0,0,136,1,1,0,0.0000000,0.0000000,0.0000000,0,0,0,0
756875366587333 D 2099,2287190339,1000,1555,1555,2.3853402,0.01709,-1,-1,-1,0,0,0,136,1,1,0,0.0000000,0.0000000,0.0000000,0,0,0,0
756875367601291 D 2100,2287191339,1000,1554,1554,2.3838062,-0.04373,-1,-1,-1,0,0,0,136,1,1,0,0.0000000,0.0000000,0.0000000,0,0,0,0
756875368583166 D 2101,2287192339,1000,1554,1554,2.3838062,-0.04201,-1,-1,-1,0,0,0,136,1,1,0,0.0000000,0.0000000,0.0000000,0,0,0,0
756875369604166 D 2102,2287193339,1000,1554,1554,2.3838062,-0.04037,-1,-1,-1,0,0,0,136,1,1,0,0.0000000,0.0000000,0.0000000,0,0,0,0
756875370613666 D 2103,2287194339,1000,1554,1554,2.3838062,-0.03878,-1,-1,-1,0,0,0,136,1,1,0,0.0000000,0.0000000,0.0000000,0,0,0,0
756875371587458 D 2104,2287195339,1000,1555,1555,2.3853402,0.02289,-1,-1,-1,0,0,0,136,1,1,0,0.0000000,0.0000000,0.0000000,0,0,0,0
756875372592541 D 2105,2287196339,1000,1554,1554,2.3838062,-0.03816,-1,-1,-1,0,0,0,136,1,1,0,0.0000000,0.0000000,0.0000000,0,0,0,0
756875373599250 D 2106,2287197339,1000,1554,1554,2.3838062,-0.03666,-1,-1,-1,0,0,0,136,1,1,0,0.0000000,0.0000000,0.0000000,0,0,0,0
756875374578750 D 2107,2287198339,1000,1555,1555,2.3853402,0.02492,-1,-1,-1,0,0,0,136,1,1,0,0.0000000,0.0000000,0.0000000,0,0,0,0
756875375590083 D 2108,2287199339,1000,1555,1555,2.3853402,0.02395,-1,-1,-1,0,0,0,136,1,1,0,0.0000000,0.0000000,0.0000000,0,0,0,0
756875376601041 D 2109,2287200339,1000,1554,1554,2.3838062,-0.03714,-1,-1,-1,0,0,0,136,1,1,0,0.0000000,0.0000000,0.0000000,0,0,0,0
756875377592833 D 2110,2287201339,1000,1555,1555,2.3853402,0.02446,-1,-1,-1,0,0,0,136,1,1,0,0.0000000,0.0000000,0.0000000,0,0,0,0
756875379018083 D 2111,2287202339,1000,1555,1555,2.3853402,0.02350,39,128,2034,0,0,0,136,1,1,0,0.0000000,0.0000000,0.0000000,0,0,0,0
756875379636500 D 2112,2287203339,1000,1555,1555,2.3853402,0.02258,-1,-1,-1,0,0,0,136,1,1,0,0.0000000,0.0000000,0.0000000,0,0,0,0
756875380568000 D 2113,2287204339,1000,1555,1555,2.3853402,0.02170,-1,-1,-1,0,0,0,136,1,1,0,0.0000000,0.0000000,0.0000000,0,0,0,0
756875381587708 D 2114,2287205339,1000,1555,1555,2.3853402,0.02085,-1,-1,-1,0,0,0,136,1,1,0,0.0000000,0.0000000,0.0000000,0,0,0,0
756875382666125 D 2115,2287206339,1000,1554,1554,2.3838062,-0.04012,-1,-1,-1,0,0,0,136,1,1,0,0.0000000,0.0000000,0.0000000,0,0,0,0
756875383655541 D 2116,2287207339,1000,1554,1554,2.3838062,-0.03855,-1,-1,-1,0,0,0,136,1,1,0,0.0000000,0.0000000,0.0000000,0,0,0,0
756875384601375 D 2117,2287208339,1000,1555,1555,2.3853402,0.02311,-1,-1,-1,0,0,0,136,1,1,0,0.0000000,0.0000000,0.0000000,0,0,0,0
756875385592333 D 2118,2287209339,1000,1554,1554,2.3838062,-0.03794,-1,-1,-1,0,0,0,136,1,1,0,0.0000000,0.0000000,0.0000000,0,0,0,0
756875386599458 D 2119,2287210339,1000,1554,1554,2.3838062,-0.03645,-1,-1,-1,0,0,0,136,1,1,0,0.0000000,0.0000000,0.0000000,0,0,0,0
756875387597541 D 2120,2287211339,1000,1555,1555,2.3853402,0.02512,-1,-1,-1,0,0,0,136,1,1,0,0.0000000,0.0000000,0.0000000,0,0,0,0
756875388581416 D 2121,2287212339,1000,1555,1555,2.3853402,0.02414,-1,-1,-1,0,0,0,136,1,1,0,0.0000000,0.0000000,0.0000000,0,0,0,0
756875389602458 D 2122,2287213339,1000,1554,1554,2.3838062,-0.03696,-1,-1,-1,0,0,0,135,1,1,0,0.0000000,0.0000000,0.0000000,0,0,0,0
756875390811458 D 2123,2287214339,1000,1555,1555,2.3853402,0.02464,-1,-1,-1,0,0,0,136,1,1,0,0.0000000,0.0000000,0.0000000,0,0,0,0
756875391829916 D 2124,2287215339,1000,1554,1554,2.3838062,-0.03647,-1,-1,-1,0,0,0,136,1,1,0,0.0000000,0.0000000,0.0000000,0,0,0,0
756875392801791 D 2125,2287216339,1000,1555,1555,2.3853402,0.02511,-1,-1,-1,0,0,0,136,1,1,0,0.0000000,0.0000000,0.0000000,0,0,0,0
756875393645375 D 2126,2287217339,1000,1554,1554,2.3838062,-0.03603,-1,-1,-1,0,0,0,136,1,1,0,0.0000000,0.0000000,0.0000000,0,0,0,0
756875394595833 D 2127,2287218339,1000,1554,1554,2.3838062,-0.03461,-1,-1,-1,0,0,0,136,1,1,0,0.0000000,0.0000000,0.0000000,0,0,0,0
756875395576416 D 2128,2287219339,1000,1554,1554,2.3838062,-0.03326,-1,-1,-1,0,0,0,136,1,1,0,0.0000000,0.0000000,0.0000000,0,0,0,0
756875396579291 D 2129,2287220339,1000,1554,1554,2.3838062,-0.03195,-1,-1,-1,0,0,0,136,1,1,0,0.0000000,0.0000000,0.0000000,0,0,0,0
756875397580625 D 2130,2287221339,1000,1554,1554,2.3838062,-0.03070,-1,-1,-1,0,0,0,136,1,1,0,0.0000000,0.0000000,0.0000000,0,0,0,0
756875398589208 D 2131,2287222339,1000,1555,1555,2.3853402,0.03065,-1,-1,-1,0,0,0,136,1,1,0,0.0000000,0.0000000,0.0000000,0,0,0,0
756875399598583 D 2132,2287223339,1000,1555,1555,2.3853402,0.02945,-1,-1,-1,0,0,0,136,1,1,0,0.0000000,0.0000000,0.0000000,0,0,0,0
756875400594166 D 2133,2287224339,1000,1554,1554,2.3838062,-0.03185,-1,-1,-1,0,0,0,136,1,1,0,0.0000000,0.0000000,0.0000000,0,0,0,0
756875401583500 D 2134,2287225339,1000,1554,1554,2.3838062,-0.03060,-1,-1,-1,0,0,0,136,1,1,0,0.0000000,0.0000000,0.0000000,0,0,0,0
756875402589333 D 2135,2287226339,1000,1554,1554,2.3838062,-0.02940,-1,-1,-1,0,0,0,136,1,1,0,0.0000000,0.0000000,0.0000000,0,0,0,0
756875403574791 D 2136,2287227339,1000,1554,1554,2.3838062,-0.02825,-1,-1,-1,0,0,0,136,1,1,0,0.0000000,0.0000000,0.0000000,0,0,0,0
756875404585666 D 2137,2287228339,1000,1555,1555,2.3853402,0.03300,-1,-1,-1,0,0,0,136,1,1,0,0.0000000,0.0000000,0.0000000,0,0,0,0
756875405571875 D 2138,2287229339,1000,1555,1555,2.3853402,0.03171,-1,-1,-1,0,0,0,136,1,1,0,0.0000000,0.0000000,0.0000000,0,0,0,0
756875406576666 D 2139,2287230339,1000,1555,1555,2.3853402,0.03047,-1,-1,-1,0,0,0,136,1,1,0,0.0000000,0.0000000,0.0000000,0,0,0,0
756875407578416 D 2140,2287231339,1000,1554,1554,2.3838062,-0.03088,-1,-1,-1,0,0,0,136,1,1,0,0.0000000,0.0000000,0.0000000,0,0,0,0
756875408568291 D 2141,2287232339,1000,1555,1555,2.3853402,0.03048,-1,-1,-1,0,0,0,136,1,1,0,0.0000000,0.0000000,0.0000000,0,0,0,0
756875409585541 D 2142,2287233339,1000,1555,1555,2.3853402,0.02929,-1,-1,-1,0,0,0,136,1,1,0,0.0000000,0.0000000,0.0000000,0,0,0,0
756875410608041 D 2143,2287234339,1000,1555,1555,2.3853402,0.02814,-1,-1,-1,0,0,0,136,1,1,0,0.0000000,0.0000000,0.0000000,0,0,0,0
756875411577791 D 2144,2287235339,1000,1555,1555,2.3853402,0.02704,-1,-1,-1,0,0,0,136,1,1,0,0.0000000,0.0000000,0.0000000,0,0,0,0
756875412576958 D 2145,2287236339,1000,1555,1555,2.3853402,0.02598,-1,-1,-1,0,0,0,136,1,1,0,0.0000000,0.0000000,0.0000000,0,0,0,0
756875413573541 D 2146,2287237339,1000,1554,1554,2.3838062,-0.03519,-1,-1,-1,0,0,0,136,1,1,0,0.0000000,0.0000000,0.0000000,0,0,0,0
756875414834458 D 2147,2287238339,1000,1554,1554,2.3838062,-0.03381,-1,-1,-1,0,0,0,136,1,1,0,0.0000000,0.0000000,0.0000000,0,0,0,0
756875415799000 D 2148,2287239339,1000,1555,1555,2.3853402,0.02766,-1,-1,-1,0,0,0,136,1,1,0,0.0000000,0.0000000,0.0000000,0,0,0,0
756875416817333 D 2149,2287240339,1000,1554,1554,2.3838062,-0.03357,-1,-1,-1,0,0,0,136,1,1,0,0.0000000,0.0000000,0.0000000,0,0,0,0
756875417577958 D 2150,2287241339,1000,1555,1555,2.3853402,0.02789,-1,-1,-1,0,0,0,136,1,1,0,0.0000000,0.0000000,0.0000000,0,0,0,0
756875418567833 D 2151,2287242339,1000,1555,1555,2.3853402,0.02680,-1,-1,-1,0,0,0,136,1,1,0,0.0000000,0.0000000,0.0000000,0,0,0,0
756875419569666 D 2152,2287243339,1000,1555,1555,2.3853402,0.02575,-1,-1,-1,0,0,0,136,1,1,0,0.0000000,0.0000000,0.0000000,0,0,0,0
756875420595708 D 2153,2287244339,1000,1554,1554,2.3838062,-0.03541,-1,-1,-1,0,0,0,136,1,1,0,0.0000000,0.0000000,0.0000000,0,0,0,0
756875421579083 D 2154,2287245339,1000,1555,1555,2.3853402,0.02613,-1,-1,-1,0,0,0,136,1,1,0,0.0000000,0.0000000,0.0000000,0,0,0,0
756875422580625 D 2155,2287246339,1000,1555,1555,2.3853402,0.02510,-1,-1,-1,0,0,0,136,1,1,0,0.0000000,0.0000000,0.0000000,0,0,0,0
756875423576250 D 2156,2287247339,1000,1555,1555,2.3853402,0.02412,-1,-1,-1,0,0,0,136,1,1,0,0.0000000,0.0000000,0.0000000,0,0,0,0
756875424583166 D 2157,2287248339,1000,1554,1554,2.3838062,-0.03697,-1,-1,-1,0,0,0,136,1,1,0,0.0000000,0.0000000,0.0000000,0,0,0,0
756875425576750 D 2158,2287249339,1000,1555,1555,2.3853402,0.02462,-1,-1,-1,0,0,0,136,1,1,0,0.0000000,0.0000000,0.0000000,0,0,0,0
756875426574500 D 2159,2287250339,1000,1554,1554,2.3838062,-0.03649,-1,-1,-1,0,0,0,136,1,1,0,0.0000000,0.0000000,0.0000000,0,0,0,0
756875427573625 D 2160,2287251339,1000,1555,1555,2.3853402,0.02509,-1,-1,-1,0,0,0,136,1,1,0,0.0000000,0.0000000,0.0000000,0,0,0,0
756875429035000 D 2161,2287252339,1000,1554,1554,2.3838062,-0.03604,39,128,2035,0,0,0,136,1,1,0,0.0000000,0.0000000,0.0000000,0,0,0,0
756875429654875 D 2162,2287253339,1000,1555,1555,2.3853402,0.02552,-1,-1,-1,0,0,0,136,1,1,0,0.0000000,0.0000000,0.0000000,0,0,0,0
756875430601458 D 2163,2287254339,1000,1555,1555,2.3853402,0.02452,-1,-1,-1,0,0,0,136,1,1,0,0.0000000,0.0000000,0.0000000,0,0,0,0
756875431583458 D 2164,2287255339,1000,1555,1555,2.3853402,0.02356,-1,-1,-1,0,0,0,136,1,1,0,0.0000000,0.0000000,0.0000000,0,0,0,0
756875432585500 D 2165,2287256339,1000,1555,1555,2.3853402,0.02263,-1,-1,-1,0,0,0,136,1,1,0,0.0000000,0.0000000,0.0000000,0,0,0,0
756875433590208 D 2166,2287257339,1000,1555,1555,2.3853402,0.02175,-1,-1,-1,0,0,0,136,1,1,0,0.0000000,0.0000000,0.0000000,0,0,0,0
756875434599666 D 2167,2287258339,1000,1554,1554,2.3838062,-0.03926,-1,-1,-1,0,0,0,136,1,1,0,0.0000000,0.0000000,0.0000000,0,0,0,0
756875435576333 D 2168,2287259339,1000,1555,1555,2.3853402,0.02243,-1,-1,-1,0,0,0,136,1,1,0,0.0000000,0.0000000,0.0000000,0,0,0,0
756875436579083 D 2169,2287260339,1000,1554,1554,2.3838062,-0.03860,-1,-1,-1,0,0,0,136,1,1,0,0.0000000,0.0000000,0.0000000,0,0,0,0
756875437579875 D 2170,2287261339,1000,1554,1554,2.3838062,-0.03708,-1,-1,-1,0,0,0,136,1,1,0,0.0000000,0.0000000,0.0000000,0,0,0,0
756875438577625 D 2171,2287262339,1000,1555,1555,2.3853402,0.02452,-1,-1,-1,0,0,0,136,1,1,0,0.0000000,0.0000000,0.0000000,0,0,0,0
756875439580208 D 2172,2287263339,1000,1554,1554,2.3838062,-0.03659,-1,-1,-1,0,0,0,136,1,1,0,0.0000000,0.0000000,0.0000000,0,0,0,0
756875440797166 D 2173,2287264339,1000,1555,1555,2.3853402,0.02499,-1,-1,-1,0,0,0,136,1,1,0,0.0000000,0.0000000,0.0000000,0,0,0,0
756875441809458 D 2174,2287265339,1000,1554,1554,2.3838062,-0.03614,-1,-1,-1,0,0,0,136,1,1,0,0.0000000,0.0000000,0.0000000,0,0,0,0
756875442715666 D 2175,2287266339,1000,1555,1555,2.3853402,0.02543,-1,-1,-1,0,0,0,136,1,1,0,0.0000000,0.0000000,0.0000000,0,0,0,0
756875443589708 D 2176,2287267339,1000,1554,1554,2.3838062,-0.03572,-1,-1,-1,0,0,0,136,1,1,0,0.0000000,0.0000000,0.0000000,0,0,0,0
756875444577125 D 2177,2287268339,1000,1555,1555,2.3853402,0.02583,-1,-1,-1,0,0,0,136,1,1,0,0.0000000,0.0000000,0.0000000,0,0,0,0
756875445597916 D 2178,2287269339,1000,1555,1555,2.3853402,0.02482,-1,-1,-1,0,0,0,135,1,1,0,0.0000000,0.0000000,0.0000000,0,0,0,0
756875446583041 D 2179,2287270339,1000,1555,1555,2.3853402,0.02385,-1,-1,-1,0,0,0,136,1,1,0,0.0000000,0.0000000,0.0000000,0,0,0,0
756875447586208 D 2180,2287271339,1000,1555,1555,2.3853402,0.02291,-1,-1,-1,0,0,0,136,1,1,0,0.0000000,0.0000000,0.0000000,0,0,0,0
756875448580541 D 2181,2287272339,1000,1555,1555,2.3853402,0.02201,-1,-1,-1,0,0,0,136,1,1,0,0.0000000,0.0000000,0.0000000,0,0,0,0
756875449574500 D 2182,2287273339,1000,1555,1555,2.3853402,0.02115,-1,-1,-1,0,0,0,136,1,1,0,0.0000000,0.0000000,0.0000000,0,0,0,0
756875450575916 D 2183,2287274339,1000,1555,1555,2.3853402,0.02032,-1,-1,-1,0,0,0,136,1,1,0,0.0000000,0.0000000,0.0000000,0,0,0,0
756875451582416 D 2184,2287275339,1000,1555,1555,2.3853402,0.01952,-1,-1,-1,0,0,0,136,1,1,0,0.0000000,0.0000000,0.0000000,0,0,0,0
756875452578458 D 2185,2287276339,1000,1555,1555,2.3853402,0.01876,-1,-1,-1,0,0,0,135,1,1,0,0.0000000,0.0000000,0.0000000,0,0,0,0
756875453571416 D 2186,2287277339,1000,1555,1555,2.3853402,0.01802,-1,-1,-1,0,0,0,136,1,1,0,0.0000000,0.0000000,0.0000000,0,0,0,0
756875454589416 D 2187,2287278339,1000,1554,1554,2.3838062,-0.04283,-1,-1,-1,0,0,0,136,1,1,0,0.0000000,0.0000000,0.0000000,0,0,0,0
756875455592208 D 2188,2287279339,1000,1554,1554,2.3838062,-0.04115,-1,-1,-1,0,0,0,136,1,1,0,0.0000000,0.0000000,0.0000000,0,0,0,0
756875456583916 D 2189,2287280339,1000,1555,1555,2.3853402,0.02061,-1,-1,-1,0,0,0,136,1,1,0,0.0000000,0.0000000,0.0000000,0,0,0,0
756875457586791 D 2190,2287281339,1000,1555,1555,2.3853402,0.01980,-1,-1,-1,0,0,0,136,1,1,0,0.0000000,0.0000000,0.0000000,0,0,0,0
756875458585958 D 2191,2287282339,1000,1554,1554,2.3838062,-0.04112,-1,-1,-1,0,0,0,136,1,1,0,0.0000000,0.0000000,0.0000000,0,0,0,0
756875459585916 D 2192,2287283339,1000,1555,1555,2.3853402,0.02064,-1,-1,-1,0,0,0,135,1,1,0,0.0000000,0.0000000,0.0000000,0,0,0,0
756875460576708 D 2193,2287284339,1000,1555,1555,2.3853402,0.01983,-1,-1,-1,0,0,0,136,1,1,0,0.0000000,0.0000000,0.0000000,0,0,0,0
756875461647958 D 2194,2287285339,1000,1555,1555,2.3853402,0.01905,-1,-1,-1,0,0,0,136,1,1,0,0.0000000,0.0000000,0.0000000,0,0,0,0
756875462621041 D 2195,2287286339,1000,1555,1555,2.3853402,0.01830,-1,-1,-1,0,0,0,136,1,1,0,0.0000000,0.0000000,0.0000000,0,0,0,0
756875463601166 D 2196,2287287339,1000,1555,1555,2.3853402,0.01759,-1,-1,-1,0,0,0,136,1,1,0,0.0000000,0.0000000,0.0000000,0,0,0,0
756875464582833 D 2197,2287288339,1000,1555,1555,2.3853402,0.01690,-1,-1,-1,0,0,0,136,1,1,0,0.0000000,0.0000000,0.0000000,0,0,0,0
756875465588166 D 2198,2287289339,1000,1554,1554,2.3838062,-0.04391,-1,-1,-1,0,0,0,136,1,1,0,0.0000000,0.0000000,0.0000000,0,0,0,0
756875466588375 D 2199,2287290339,1000,1555,1555,2.3853402,0.01796,-1,-1,-1,0,0,0,136,1,1,0,0.0000000,0.0000000,0.0000000,0,0,0,0
756875467807500 D 2200,2287291339,1000,1555,1555,2.3853402,0.01725,-1,-1,-1,0,0,0,136,1,1,0,0.0000000,0.0000000,0.0000000,0,0,0,0
756875468801875 D 2201,2287292339,1000,1555,1555,2.3853402,0.01658,-1,-1,-1,0,0,0,136,1,1,0,0.0000000,0.0000000,0.0000000,0,0,0,0
756875469799958 D 2202,2287293339,1000,1555,1555,2.3853402,0.01593,-1,-1,-1,0,0,0,136,1,1,0,0.0000000,0.0000000,0.0000000,0,0,0,0
756875470584333 D 2203,2287294339,1000,1555,1555,2.3853402,0.01530,-1,-1,-1,0,0,0,136,1,1,0,0.0000000,0.0000000,0.0000000,0,0,0,0
756875471579791 D 2204,2287295339,1000,1554,1554,2.3838062,-0.04545,-1,-1,-1,0,0,0,136,1,1,0,0.0000000,0.0000000,0.0000000,0,0,0,0
756875472578125 D 2205,2287296339,1000,1555,1555,2.3853402,0.01648,-1,-1,-1,0,0,0,136,1,1,0,0.0000000,0.0000000,0.0000000,0,0,0,0
756875473580000 D 2206,2287297339,1000,1555,1555,2.3853402,0.01584,-1,-1,-1,0,0,0,135,1,1,0,0.0000000,0.0000000,0.0000000,0,0,0,0
756875474595666 D 2207,2287298339,1000,1554,1554,2.3838062,-0.04493,-1,-1,-1,0,0,0,136,1,1,0,0.0000000,0.0000000,0.0000000,0,0,0,0
756875475596541 D 2208,2287299339,1000,1555,1555,2.3853402,0.01698,-1,-1,-1,0,0,0,136,1,1,0,0.0000000,0.0000000,0.0000000,0,0,0,0
756875476610791 D 2209,2287300339,1000,1555,1555,2.3853402,0.01631,-1,-1,-1,0,0,0,136,1,1,0,0.0000000,0.0000000,0.0000000,0,0,0,0
756875477606958 D 2210,2287301339,1000,1554,1554,2.3838062,-0.04448,-1,-1,-1,0,0,0,136,1,1,0,0.0000000,0.0000000,0.0000000,0,0,0,0
756875478972666 D 2211,2287302339,1000,1554,1554,2.3838062,-0.04273,39,128,2035,0,0,0,136,1,1,0,0.0000000,0.0000000,0.0000000,0,0,0,0
756875479589666 D 2212,2287303339,1000,1554,1554,2.3838062,-0.04106,-1,-1,-1,0,0,0,136,1,1,0,0.0000000,0.0000000,0.0000000,0,0,0,0
756875480585541 D 2213,2287304339,1000,1555,1555,2.3853402,0.02070,-1,-1,-1,0,0,0,136,1,1,0,0.0000000,0.0000000,0.0000000,0,0,0,0
756875481576375 D 2214,2287305339,1000,1555,1555,2.3853402,0.01989,-1,-1,-1,0,0,0,136,1,1,0,0.0000000,0.0000000,0.0000000,0,0,0,0
756875482593875 D 2215,2287306339,1000,1554,1554,2.3838062,-0.04104,-1,-1,-1,0,0,0,136,1,1,0,0.0000000,0.0000000,0.0000000,0,0,0,0
756875483624083 D 2216,2287307339,1000,1555,1555,2.3853402,0.02072,-1,-1,-1,0,0,0,136,1,1,0,0.0000000,0.0000000,0.0000000,0,0,0,0
756875484629541 D 2217,2287308339,1000,1554,1554,2.3838062,-0.04024,-1,-1,-1,0,0,0,136,1,1,0,0.0000000,0.0000000,0.0000000,0,0,0,0
756875485590208 D 2218,2287309339,1000,1555,1555,2.3853402,0.02148,-1,-1,-1,0,0,0,136,1,1,0,0.0000000,0.0000000,0.0000000,0,0,0,0
756875486618541 D 2219,2287310339,1000,1554,1554,2.3838062,-0.03951,-1,-1,-1,0,0,0,136,1,1,0,0.0000000,0.0000000,0.0000000,0,0,0,0
756875487591958 D 2220,2287311339,1000,1555,1555,2.3853402,0.02219,-1,-1,-1,0,0,0,136,1,1,0,0.0000000,0.0000000,0.0000000,0,0,0,0
756875488590666 D 2221,2287312339,1000,1554,1554,2.3838062,-0.03883,-1,-1,-1,0,0,0,136,1,1,0,0.0000000,0.0000000,0.0000000,0,0,0,0
756875489596041 D 2222,2287313339,1000,1554,1554,2.3838062,-0.03730,-1,-1,-1,0,0,0,136,1,1,0,0.0000000,0.0000000,0.0000000,0,0,0,0
756875490579666 D 2223,2287314339,1000,1554,1554,2.3838062,-0.03584,-1,-1,-1,0,0,0,136,1,1,0,0.0000000,0.0000000,0.0000000,0,0,0,0
756875491590083 D 2224,2287315339,1000,1554,1554,2.3838062,-0.03444,-1,-1,-1,0,0,0,136,1,1,0,0.0000000,0.0000000,0.0000000,0,0,0,0
756875492598708 D 2225,2287316339,1000,1555,1555,2.3853402,0.02706,-1,-1,-1,0,0,0,136,1,1,0,0.0000000,0.0000000,0.0000000,0,0,0,0
756875493589708 D 2226,2287317339,1000,1555,1555,2.3853402,0.02600,-1,-1,-1,0,0,0,136,1,1,0,0.0000000,0.0000000,0.0000000,0,0,0,0
756875494587541 D 2227,2287318339,1000,1554,1554,2.3838062,-0.03517,-1,-1,-1,0,0,0,135,1,1,0,0.0000000,0.0000000,0.0000000,0,0,0,0
756875495587250 D 2228,2287319339,1000,1555,1555,2.3853402,0.02636,-1,-1,-1,0,0,0,136,1,1,0,0.0000000,0.0000000,0.0000000,0,0,0,0
756875496585875 D 2229,2287320339,1000,1554,1554,2.3838062,-0.03482,-1,-1,-1,0,0,0,136,1,1,0,0.0000000,0.0000000,0.0000000,0,0,0,0
756875497584833 D 2230,2287321339,1000,1555,1555,2.3853402,0.02669,-1,-1,-1,0,0,0,136,1,1,0,0.0000000,0.0000000,0.0000000,0,0,0,0
756875498580041 D 2231,2287322339,1000,1555,1555,2.3853402,0.02565,-1,-1,-1,0,0,0,136,1,1,0,0.0000000,0.0000000,0.0000000,0,0,0,0
756875499845750 D 2232,2287323339,1000,1555,1555,2.3853402,0.02464,-1,-1,-1,0,0,0,136,1,1,0,0.0000000,0.0000000,0.0000000,0,0,0,0
756875500861041 D 2233,2287324339,1000,1555,1555,2.3853402,0.02367,-1,-1,-1,0,0,0,136,1,1,0,0.0000000,0.0000000,0.0000000,0,0,0,0
756875501742708 D 2234,2287325339,1000,1555,1555,2.3853402,0.02275,-1,-1,-1,0,0,0,136,1,1,0,0.0000000,0.0000000,0.0000000,0,0,0,0
756875502615916 D 2235,2287326339,1000,1554,1554,2.3838062,-0.03829,-1,-1,-1,0,0,0,136,1,1,0,0.0000000,0.0000000,0.0000000,0,0,0,0
756875503638958 D 2236,2287327339,1000,1555,1555,2.3853402,0.02336,-1,-1,-1,0,0,0,136,1,1,0,0.0000000,0.0000000,0.0000000,0,0,0,0
756875504718500 D 2237,2287328339,1000,1555,1555,2.3853402,0.02244,-1,-1,-1,0,0,0,136,1,1,0,0.0000000,0.0000000,0.0000000,0,0,0,0
756875505695958 D 2238,2287329339,1000,1555,1555,2.3853402,0.02156,-1,-1,-1,0,0,0,136,1,1,0,0.0000000,0.0000000,0.0000000,0,0,0,0
756875506678791 D 2239,2287330339,1000,1555,1555,2.3853402,0.02071,-1,-1,-1,0,0,0,136,1,1,0,0.0000000,0.0000000,0.0000000,0,0,0,0
756875507663458 D 2240,2287331339,1000,1555,1555,2.3853402,0.01990,-1,-1,-1,0,0,0,136,1,1,0,0.0000000,0.0000000,0.0000000,0,0,0,0
756875508654833 D 2241,2287332339,1000,1555,1555,2.3853402,0.01912,-1,-1,-1,0,0,0,136,1,1,0,0.0000000,0.0000000,0.0000000,0,0,0,0
756875509638625 D 2242,2287333339,1000,1554,1554,2.3838062,-0.04178,-1,-1,-1,0,0,0,136,1,1,0,0.0000000,0.0000000,0.0000000,0,0,0,0
756875510623166 D 2243,2287334339,1000,1555,1555,2.3853402,0.02001,-1,-1,-1,0,0,0,136,1,1,0,0.0000000,0.0000000,0.0000000,0,0,0,0
756875511614458 D 2244,2287335339,1000,1555,1555,2.3853402,0.01923,-1,-1,-1,0,0,0,136,1,1,0,0.0000000,0.0000000,0.0000000,0,0,0,0
756875512614833 D 2245,2287336339,1000,1554,1554,2.3838062,-0.04168,-1,-1,-1,0,0,0,136,1,1,0,0.0000000,0.0000000,0.0000000,0,0,0,0
756875513644166 D 2246,2287337339,1000,1554,1554,2.3838062,-0.04004,-1,-1,-1,0,0,0,136,1,1,0,0.0000000,0.0000000,0.0000000,0,0,0,0
756875514630916 D 2247,2287338339,1000,1555,1555,2.3853402,0.02168,-1,-1,-1,0,0,0,136,1,1,0,0.0000000,0.0000000,0.0000000,0,0,0,0
756875515619000 D 2248,2287339339,1000,1554,1554,2.3838062,-0.03932,-1,-1,-1,0,0,0,136,1,1,0,0.0000000,0.0000000,0.0000000,0,0,0,0
756875516611416 D 2249,2287340339,1000,1554,1554,2.3838062,-0.03778,-1,-1,-1,0,0,0,136,1,1,0,0.0000000,0.0000000,0.0000000,0,0,0,0
756875517616583 D 2250,2287341339,1000,1554,1554,2.3838062,-0.03630,-1,-1,-1,0,0,0,136,1,1,0,0.0000000,0.0000000,0.0000000,0,0,0,0
756875518599958 D 2251,2287342339,1000,1555,1555,2.3853402,0.02527,-1,-1,-1,0,0,0,136,1,1,0,0.0000000,0.0000000,0.0000000,0,0,0,0
756875519608791 D 2252,2287343339,1000,1555,1555,2.3853402,0.02428,-1,-1,-1,0,0,0,136,1,1,0,0.0000000,0.0000000,0.0000000,0,0,0,0
756875520613583 D 2253,2287344339,1000,1554,1554,2.3838062,-0.03682,-1,-1,-1,0,0,0,136,1,1,0,0.0000000,0.0000000,0.0000000,0,0,0,0
756875521614791 D 2254,2287345339,1000,1554,1554,2.3838062,-0.03538,-1,-1,-1,0,0,0,136,1,1,0,0.0000000,0.0000000,0.0000000,0,0,0,0
756875522595458 D 2255,2287346339,1000,1555,1555,2.3853402,0.02616,-1,-1,-1,0,0,0,136,1,1,0,0.0000000,0.0000000,0.0000000,0,0,0,0
756875523631916 D 2256,2287347339,1000,1555,1555,2.3853402,0.02513,-1,-1,-1,0,0,0,136,1,1,0,0.0000000,0.0000000,0.0000000,0,0,0,0
756875524615083 D 2257,2287348339,1000,1555,1555,2.3853402,0.02415,-1,-1,-1,0,0,0,136,1,1,0,0.0000000,0.0000000,0.0000000,0,0,0,0
756875525596166 D 2258,2287349339,1000,1554,1554,2.3838062,-0.03695,-1,-1,-1,0,0,0,136,1,1,0,0.0000000,0.0000000,0.0000000,0,0,0,0
756875526592666 D 2259,2287350339,1000,1555,1555,2.3853402,0.02465,-1,-1,-1,0,0,0,136,1,1,0,0.0000000,0.0000000,0.0000000,0,0,0,0
756875527591708 D 2260,2287351339,1000,1555,1555,2.3853402,0.02368,-1,-1,-1,0,0,0,136,1,1,0,0.0000000,0.0000000,0.0000000,0,0,0,0
756875529054333 D 2261,2287352339,1000,1555,1555,2.3853402,0.02276,39,128,2034,0,0,0,136,1,1,0,0.0000000,0.0000000,0.0000000,0,0,0,0
756875529697708 D 2262,2287353339,1000,1554,1554,2.3838062,-0.03829,-1,-1,-1,0,0,0,136,1,1,0,0.0000000,0.0000000,0.0000000,0,0,0,0
756875530862208 D 2263,2287354339,1000,1554,1554,2.3838062,-0.03678,-1,-1,-1,0,0,0,136,1,1,0,0.0000000,0.0000000,0.0000000,0,0,0,0
756875531822583 D 2264,2287355339,1000,1555,1555,2.3853402,0.02481,-1,-1,-1,0,0,0,136,1,1,0,0.0000000,0.0000000,0.0000000,0,0,0,0
756875532811916 D 2265,2287356339,1000,1555,1555,2.3853402,0.02383,-1,-1,-1,0,0,0,136,1,1,0,0.0000000,0.0000000,0.0000000,0,0,0,0
756875533615666 D 2266,2287357339,1000,1555,1555,2.3853402,0.02290,-1,-1,-1,0,0,0,136,1,1,0,0.0000000,0.0000000,0.0000000,0,0,0,0
756875534611916 D 2267,2287358339,1000,1554,1554,2.3838062,-0.03815,-1,-1,-1,0,0,0,136,1,1,0,0.0000000,0.0000000,0.0000000,0,0,0,0
756875535610916 D 2268,2287359339,1000,1555,1555,2.3853402,0.02350,-1,-1,-1,0,0,0,136,1,1,0,0.0000000,0.0000000,0.0000000,0,0,0,0
756875536619750 D 2269,2287360339,1000,1555,1555,2.3853402,0.02258,-1,-1,-1,0,0,0,136,1,1,0,0.0000000,0.0000000,0.0000000,0,0,0,0
756875537605750 D 2270,2287361339,1000,1555,1555,2.3853402,0.02169,-1,-1,-1,0,0,0,136,1,1,0,0.0000000,0.0000000,0.0000000,0,0,0,0
756875538631291 D 2271,2287362339,1000,1554,1554,2.3838062,-0.03931,-1,-1,-1,0,0,0,136,1,1,0,0.0000000,0.0000000,0.0000000,0,0,0,0
756875539686916 D 2272,2287363339,1000,1555,1555,2.3853402,0.02238,-1,-1,-1,0,0,0,136,1,1,0,0.0000000,0.0000000,0.0000000,0,0,0,0
756875540646791 D 2273,2287364339,1000,1555,1555,2.3853402,0.02150,-1,-1,-1,0,0,0,136,1,1,0,0.0000000,0.0000000,0.0000000,0,0,0,0
756875541608750 D 2274,2287365339,1000,1555,1555,2.3853402,0.02066,-1,-1,-1,0,0,0,136,1,1,0,0.0000000,0.0000000,0.0000000,0,0,0,0
756875542598000 D 2275,2287366339,1000,1555,1555,2.3853402,0.01985,-1,-1,-1,0,0,0,136,1,1,0,0.0000000,0.0000000,0.0000000,0,0,0,0
756875543597875 D 2276,2287367339,1000,1555,1555,2.3853402,0.01907,-1,-1,-1,0,0,0,136,1,1,0,0.0000000,0.0000000,0.0000000,0,0,0,0
756875544600875 D 2277,2287368339,1000,1554,1554,2.3838062,-0.04182,-1,-1,-1,0,0,0,136,1,1,0,0.0000000,0.0000000,0.0000000,0,0,0,0
756875545604958 D 2278,2287369339,1000,1555,1555,2.3853402,0.01996,-1,-1,-1,0,0,0,136,1,1,0,0.0000000,0.0000000,0.0000000,0,0,0,0
756875546630875 D 2279,2287370339,1000,1555,1555,2.3853402,0.01918,-1,-1,-1,0,0,0,136,1,1,0,0.0000000,0.0000000,0.0000000,0,0,0,0
756875547669916 D 2280,2287371339,1000,1554,1554,2.3838062,-0.04172,-1,-1,-1,0,0,0,136,1,1,0,0.0000000,0.0000000,0.0000000,0,0,0,0
756875548608833 D 2281,2287372339,1000,1555,1555,2.3853402,0.02007,-1,-1,-1,0,0,0,136,1,1,0,0.0000000,0.0000000,0.0000000,0,0,0,0
756875549605208 D 2282,2287373339,1000,1554,1554,2.3838062,-0.04087,-1,-1,-1,0,0,0,136,1,1,0,0.0000000,0.0000000,0.0000000,0,0,0,0
756875550626791 D 2283,2287374339,1000,1555,1555,2.3853402,0.02088,-1,-1,-1,0,0,0,136,1,1,0,0.0000000,0.0000000,0.0000000,0,0,0,0
756875551611375 D 2284,2287375339,1000,1555,1555,2.3853402,0.02006,-1,-1,-1,0,0,0,136,1,1,0,0.0000000,0.0000000,0.0000000,0,0,0,0
756875552604416 D 2285,2287376339,1000,1554,1554,2.3838062,-0.04087,-1,-1,-1,0,0,0,136,1,1,0,0.0000000,0.0000000,0.0000000,0,0,0,0
756875553594583 D 2286,2287377339,1000,1554,1554,2.3838062,-0.03927,-1,-1,-1,0,0,0,136,1,1,0,0.0000000,0.0000000,0.0000000,0,0,0,0
756875554656250 D 2287,2287378339,1000,1554,1554,2.3838062,-0.03773,-1,-1,-1,0,0,0,136,1,1,0,0.0000000,0.0000000,0.0000000,0,0,0,0
756875555637000 D 2288,2287379339,1000,1555,1555,2.3853402,0.02390,-1,-1,-1,0,0,0,136,1,1,0,0.0000000,0.0000000,0.0000000,0,0,0,0
756875556648625 D 2289,2287380339,1000,1555,1555,2.3853402,0.02296,-1,-1,-1,0,0,0,136,1,1,0,0.0000000,0.0000000,0.0000000,0,0,0,0
756875557632208 D 2290,2287381339,1000,1555,1555,2.3853402,0.02206,-1,-1,-1,0,0,0,136,1,1,0,0.0000000,0.0000000,0.0000000,0,0,0,0
756875558606333 D 2291,2287382339,1000,1555,1555,2.3853402,0.02120,-1,-1,-1,0,0,0,136,1,1,0,0.0000000,0.0000000,0.0000000,0,0,0,0
756875559611833 D 2292,2287383339,1000,1555,1555,2.3853402,0.02036,-1,-1,-1,0,0,0,136,1,1,0,0.0000000,0.0000000,0.0000000,0,0,0,0
756875560611750 D 2293,2287384339,1000,1554,1554,2.3838062,-0.04058,-1,-1,-1,0,0,0,136,1,1,0,0.0000000,0.0000000,0.0000000,0,0,0,0
756875561656708 D 2294,2287385339,1000,1554,1554,2.3838062,-0.03899,-1,-1,-1,0,0,0,136,1,1,0,0.0000000,0.0000000,0.0000000,0,0,0,0
756875562646833 D 2295,2287386339,1000,1555,1555,2.3853402,0.02269,-1,-1,-1,0,0,0,136,1,1,0,0.0000000,0.0000000,0.0000000,0,0,0,0
756875563616083 D 2296,2287387339,1000,1554,1554,2.3838062,-0.03835,-1,-1,-1,0,0,0,136,1,1,0,0.0000000,0.0000000,0.0000000,0,0,0,0
756875564620416 D 2297,2287388339,1000,1554,1554,2.3838062,-0.03685,-1,-1,-1,0,0,0,136,1,1,0,0.0000000,0.0000000,0.0000000,0,0,0,0
756875565605916 D 2298,2287389339,1000,1554,1554,2.3838062,-0.03540,-1,-1,-1,0,0,0,136,1,1,0,0.0000000,0.0000000,0.0000000,0,0,0,0
756875566595916 D 2299,2287390339,1000,1554,1554,2.3838062,-0.03402,-1,-1,-1,0,0,0,136,1,1,0,0.0000000,0.0000000,0.0000000,0,0,0,0
756875567591333 D 2300,2287391339,1000,1555,1555,2.3853402,0.02747,-1,-1,-1,0,0,0,136,1,1,0,0.0000000,0.0000000,0.0000000,0,0,0,0
756875568818291 D 2301,2287392339,1000,1555,1555,2.3853402,0.02639,-1,-1,-1,0,0,0,136,1,1,0,0.0000000,0.0000000,0.0000000,0,0,0,0
756875569874625 D 2302,2287393339,1000,1555,1555,2.3853402,0.02536,-1,-1,-1,0,0,0,136,1,1,0,0.0000000,0.0000000,0.0000000,0,0,0,0
756875570787916 D 2303,2287394339,1000,1555,1555,2.3853402,0.02436,-1,-1,-1,0,0,0,136,1,1,0,0.0000000,0.0000000,0.0000000,0,0,0,0
756875571616583 D 2304,2287395339,1000,1555,1555,2.3853402,0.02341,-1,-1,-1,0,0,0,136,1,1,0,0.0000000,0.0000000,0.0000000,0,0,0,0
756875572616583 D 2305,2287396339,1000,1555,1555,2.3853402,0.02249,-1,-1,-1,0,0,0,136,1,1,0,0.0000000,0.0000000,0.0000000,0,0,0,0
756875573619583 D 2306,2287397339,1000,1555,1555,2.3853402,0.02161,-1,-1,-1,0,0,0,136,1,1,0,0.0000000,0.0000000,0.0000000,0,0,0,0
756875574622125 D 2307,2287398339,1000,1554,1554,2.3838062,-0.03939,-1,-1,-1,0,0,0,136,1,1,0,0.0000000,0.0000000,0.0000000,0,0,0,0
756875575599583 D 2308,2287399339,1000,1555,1555,2.3853402,0.02230,-1,-1,-1,0,0,0,136,1,1,0,0.0000000,0.0000000,0.0000000,0,0,0,0
756875576594750 D 2309,2287400339,1000,1555,1555,2.3853402,0.02143,-1,-1,-1,0,0,0,136,1,1,0,0.0000000,0.0000000,0.0000000,0,0,0,0
756875577600458 D 2310,2287401339,1000,1555,1555,2.3853402,0.02059,-1,-1,-1,0,0,0,136,1,1,0,0.0000000,0.0000000,0.0000000,0,0,0,0
756875579060083 D 2311,2287402339,1000,1555,1555,2.3853402,0.01978,39,128,2034,0,0,0,136,1,1,0,0.0000000,0.0000000,0.0000000,0,0,0,0
756875579681583 D 2312,2287403339,1000,1555,1555,2.3853402,0.01901,-1,-1,-1,0,0,0,136,1,1,0,0.0000000,0.0000000,0.0000000,0,0,0,0
756875580631916 D 2313,2287404339,1000,1554,1554,2.3838062,-0.04189,-1,-1,-1,0,0,0,136,1,1,0,0.0000000,0.0000000,0.0000000,0,0,0,0
756875581599250 D 2314,2287405339,1000,1554,1554,2.3838062,-0.04025,-1,-1,-1,0,0,0,136,1,1,0,0.0000000,0.0000000,0.0000000,0,0,0,0
756875582606250 D 2315,2287406339,1000,1555,1555,2.3853402,0.02148,-1,-1,-1,0,0,0,136,1,1,0,0.0000000,0.0000000,0.0000000,0,0,0,0
756875583611708 D 2316,2287407339,1000,1554,1554,2.3838062,-0.03951,-1,-1,-1,0,0,0,136,1,1,0,0.0000000,0.0000000,0.0000000,0,0,0,0
756875584671625 D 2317,2287408339,1000,1554,1554,2.3838062,-0.03796,-1,-1,-1,0,0,0,136,1,1,0,0.0000000,0.0000000,0.0000000,0,0,0,0
756875585738625 D 2318,2287409339,1000,1555,1555,2.3853402,0.02368,-1,-1,-1,0,0,0,136,1,1,0,0.0000000,0.0000000,0.0000000,0,0,0,0
756875586653708 D 2319,2287410339,1000,1555,1555,2.3853402,0.02275,-1,-1,-1,0,0,0,136,1,1,0,0.0000000,0.0000000,0.0000000,0,0,0,0
756875587620916 D 2320,2287411339,1000,1554,1554,2.3838062,-0.03829,-1,-1,-1,0,0,0,136,1,1,0,0.0000000,0.0000000,0.0000000,0,0,0,0
756875588603708 D 2321,2287412339,1000,1555,1555,2.3853402,0.02336,-1,-1,-1,0,0,0,136,1,1,0,0.0000000,0.0000000,0.0000000,0,0,0,0
756875589609291 D 2322,2287413339,1000,1555,1555,2.3853402,0.02244,-1,-1,-1,0,0,0,136,1,1,0,0.0000000,0.0000000,0.0000000,0,0,0,0
756875590615291 D 2323,2287414339,1000,1554,1554,2.3838062,-0.03859,-1,-1,-1,0,0,0,136,1,1,0,0.0000000,0.0000000,0.0000000,0,0,0,0
756875591614875 D 2324,2287415339,1000,1554,1554,2.3838062,-0.03707,-1,-1,-1,0,0,0,136,1,1,0,0.0000000,0.0000000,0.0000000,0,0,0,0
756875592619041 D 2325,2287416339,1000,1554,1554,2.3838062,-0.03562,-1,-1,-1,0,0,0,136,1,1,0,0.0000000,0.0000000,0.0000000,0,0,0,0
756875593605833 D 2326,2287417339,1000,1555,1555,2.3853402,0.02593,-1,-1,-1,0,0,0,136,1,1,0,0.0000000,0.0000000,0.0000000,0,0,0,0
756875594592458 D 2327,2287418339,1000,1555,1555,2.3853402,0.02491,-1,-1,-1,0,0,0,136,1,1,0,0.0000000,0.0000000,0.0000000,0,0,0,0
756875595587708 D 2328,2287419339,1000,1555,1555,2.3853402,0.02393,-1,-1,-1,0,0,0,136,1,1,0,0.0000000,0.0000000,0.0000000,0,0,0,0
756875596597833 D 2329,2287420339,1000,1555,1555,2.3853402,0.02299,-1,-1,-1,0,0,0,136,1,1,0,0.0000000,0.0000000,0.0000000,0,0,0,0
756875597605750 D 2330,2287421339,1000,1554,1554,2.3838062,-0.03806,-1,-1,-1,0,0,0,136,1,1,0,0.0000000,0.0000000,0.0000000,0,0,0,0
756875598604125 D 2331,2287422339,1000,1554,1554,2.3838062,-0.03656,-1,-1,-1,0,0,0,136,1,1,0,0.0000000,0.0000000,0.0000000,0,0,0,0
756875599601625 D 2332,2287423339,1000,1554,1554,2.3838062,-0.03513,-1,-1,-1,0,0,0,136,1,1,0,0.0000000,0.0000000,0.0000000,0,0,0,0
756875600586250 D 2333,2287424339,1000,1555,1555,2.3853402,0.02640,-1,-1,-1,0,0,0,136,1,1,0,0.0000000,0.0000000,0.0000000,0,0,0,0
756875601609125 D 2334,2287425339,1000,1554,1554,2.3838062,-0.03479,-1,-1,-1,0,0,0,136,1,1,0,0.0000000,0.0000000,0.0000000,0,0,0,0
756875602648791 D 2335,2287426339,1000,1554,1554,2.3838062,-0.03342,-1,-1,-1,0,0,0,136,1,1,0,0.0000000,0.0000000,0.0000000,0,0,0,0
756875603593500 D 2336,2287427339,1000,1555,1555,2.3853402,0.02803,-1,-1,-1,0,0,0,136,1,1,0,0.0000000,0.0000000,0.0000000,0,0,0,0
756875604588791 D 2337,2287428339,1000,1555,1555,2.3853402,0.02694,-1,-1,-1,0,0,0,136,1,1,0,0.0000000,0.0000000,0.0000000,0,0,0,0
756875605593458 D 2338,2287429339,1000,1555,1555,2.3853402,0.02588,-1,-1,-1,0,0,0,136,1,1,0,0.0000000,0.0000000,0.0000000,0,0,0,0
756875606589041 D 2339,2287430339,1000,1554,1554,2.3838062,-0.03528,-1,-1,-1,0,0,0,136,1,1,0,0.0000000,0.0000000,0.0000000,0,0,0,0
756875607597291 D 2340,2287431339,1000,1555,1555,2.3853402,0.02625,-1,-1,-1,0,0,0,136,1,1,0,0.0000000,0.0000000,0.0000000,0,0,0,0
756875608571166 D 2341,2287432339,1000,1555,1555,2.3853402,0.02522,-1,-1,-1,0,0,0,136,1,1,0,0.0000000,0.0000000,0.0000000,0,0,0,0
756875609579083 D 2342,2287433339,1000,1555,1555,2.3853402,0.02423,-1,-1,-1,0,0,0,136,1,1,0,0.0000000,0.0000000,0.0000000,0,0,0,0
756875610574666 D 2343,2287434339,1000,1555,1555,2.3853402,0.02328,-1,-1,-1,0,0,0,136,1,1,0,0.0000000,0.0000000,0.0000000,0,0,0,0
756875611582791 D 2344,2287435339,1000,1554,1554,2.3838062,-0.03778,-1,-1,-1,0,0,0,136,1,1,0,0.0000000,0.0000000,0.0000000,0,0,0,0
756875612580625 D 2345,2287436339,1000,1554,1554,2.3838062,-0.03630,-1,-1,-1,0,0,0,136,1,1,0,0.0000000,0.0000000,0.0000000,0,0,0,0
756875613600250 D 2346,2287437339,1000,1554,1554,2.3838062,-0.03488,-1,-1,-1,0,0,0,135,1,1,0,0.0000000,0.0000000,0.0000000,0,0,0,0
756875614584750 D 2347,2287438339,1000,1554,1554,2.3838062,-0.03351,-1,-1,-1,0,0,0,136,1,1,0,0.0000000,0.0000000,0.0000000,0,0,0,0
756875615582625 D 2348,2287439339,1000,1555,1555,2.3853402,0.02795,-1,-1,-1,0,0,0,136,1,1,0,0.0000000,0.0000000,0.0000000,0,0,0,0
756875616579208 D 2349,2287440339,1000,1555,1555,2.3853402,0.02686,-1,-1,-1,0,0,0,136,1,1,0,0.0000000,0.0000000,0.0000000,0,0,0,0
756875617613666 D 2350,2287441339,1000,1555,1555,2.3853402,0.02580,-1,-1,-1,0,0,0,136,1,1,0,0.0000000,0.0000000,0.0000000,0,0,0,0
756875618582541 D 2351,2287442339,1000,1555,1555,2.3853402,0.02479,-1,-1,-1,0,0,0,136,1,1,0,0.0000000,0.0000000,0.0000000,0,0,0,0
756875619590333 D 2352,2287443339,1000,1554,1554,2.3838062,-0.03633,-1,-1,-1,0,0,0,136,1,1,0,0.0000000,0.0000000,0.0000000,0,0,0,0
756875620597625 D 2353,2287444339,1000,1554,1554,2.3838062,-0.03490,-1,-1,-1,0,0,0,136,1,1,0,0.0000000,0.0000000,0.0000000,0,0,0,0
756875621584708 D 2354,2287445339,1000,1555,1555,2.3853402,0.02661,-1,-1,-1,0,0,0,136,1,1,0,0.0000000,0.0000000,0.0000000,0,0,0,0
756875622580375 D 2355,2287446339,1000,1555,1555,2.3853402,0.02557,-1,-1,-1,0,0,0,136,1,1,0,0.0000000,0.0000000,0.0000000,0,0,0,0
756875623582625 D 2356,2287447339,1000,1555,1555,2.3853402,0.02457,-1,-1,-1,0,0,0,136,1,1,0,0.0000000,0.0000000,0.0000000,0,0,0,0
756875624585416 D 2357,2287448339,1000,1555,1555,2.3853402,0.02360,-1,-1,-1,0,0,0,136,1,1,0,0.0000000,0.0000000,0.0000000,0,0,0,0
756875625583791 D 2358,2287449339,1000,1555,1555,2.3853402,0.02268,-1,-1,-1,0,0,0,136,1,1,0,0.0000000,0.0000000,0.0000000,0,0,0,0
756875626584500 D 2359,2287450339,1000,1555,1555,2.3853402,0.02179,-1,-1,-1,0,0,0,136,1,1,0,0.0000000,0.0000000,0.0000000,0,0,0,0
756875627581166 D 2360,2287451339,1000,1555,1555,2.3853402,0.02093,-1,-1,-1,0,0,0,136,1,1,0,0.0000000,0.0000000,0.0000000,0,0,0,0
756875629026083 D 2361,2287452339,1000,1555,1555,2.3853402,0.02011,39,128,2034,0,0,0,136,1,1,0,0.0000000,0.0000000,0.0000000,0,0,0,0
756875629651125 D 2362,2287453339,1000,1555,1555,2.3853402,0.01933,-1,-1,-1,0,0,0,136,1,1,0,0.0000000,0.0000000,0.0000000,0,0,0,0
756875630580625 D 2363,2287454339,1000,1555,1555,2.3853402,0.01857,-1,-1,-1,0,0,0,136,1,1,0,0.0000000,0.0000000,0.0000000,0,0,0,0
756875631820916 D 2364,2287455339,1000,1555,1555,2.3853402,0.01784,-1,-1,-1,0,0,0,136,1,1,0,0.0000000,0.0000000,0.0000000,0,0,0,0
756875632834500 D 2365,2287456339,1000,1555,1555,2.3853402,0.01714,-1,-1,-1,0,0,0,136,1,1,0,0.0000000,0.0000000,0.0000000,0,0,0,0
756875633788541 D 2366,2287457339,1000,1554,1554,2.3838062,-0.04368,-1,-1,-1,0,0,0,136,1,1,0,0.0000000,0.0000000,0.0000000,0,0,0,0
756875634588000 D 2367,2287458339,1000,1555,1555,2.3853402,0.01818,-1,-1,-1,0,0,0,136,1,1,0,0.0000000,0.0000000,0.0000000,0,0,0,0
756875635580291 D 2368,2287459339,1000,1555,1555,2.3853402,0.01747,-1,-1,-1,0,0,0,136,1,1,0,0.0000000,0.0000000,0.0000000,0,0,0,0
756875636585041 D 2369,2287460339,1000,1554,1554,2.3838062,-0.04337,-1,-1,-1,0,0,0,136,1,1,0,0.0000000,0.0000000,0.0000000,0,0,0,0
756875637582833 D 2370,2287461339,1000,1555,1555,2.3853402,0.01848,-1,-1,-1,0,0,0,136,1,1,0,0.0000000,0.0000000,0.0000000,0,0,0,0
756875638585916 D 2371,2287462339,1000,1554,1554,2.3838062,-0.04239,-1,-1,-1,0,0,0,136,1,1,0,0.0000000,0.0000000,0.0000000,0,0,0,0
756875639583458 D 2372,2287463339,1000,1555,1555,2.3853402,0.01942,-1,-1,-1,0,0,0,136,1,1,0,0.0000000,0.0000000,0.0000000,0,0,0,0
756875640582500 D 2373,2287464339,1000,1555,1555,2.3853402,0.01866,-1,-1,-1,0,0,0,136,1,1,0,0.0000000,0.0000000,0.0000000,0,0,0,0
756875641585916 D 2374,2287465339,1000,1555,1555,2.3853402,0.01793,-1,-1,-1,0,0,0,136,1,1,0,0.0000000,0.0000000,0.0000000,0,0,0,0
756875642583125 D 2375,2287466339,1000,1554,1554,2.3838062,-0.04292,-1,-1,-1,0,0,0,136,1,1,0,0.0000000,0.0000000,0.0000000,0,0,0,0
756875643600958 D 2376,2287467339,1000,1555,1555,2.3853402,0.01891,-1,-1,-1,0,0,0,136,1,1,0,0.0000000,0.0000000,0.0000000,0,0,0,0
756875644588833 D 2377,2287468339,1000,1555,1555,2.3853402,0.01817,-1,-1,-1,0,0,0,136,1,1,0,0.0000000,0.0000000,0.0000000,0,0,0,0
756875645585833 D 2378,2287469339,1000,1555,1555,2.3853402,0.01745,-1,-1,-1,0,0,0,136,1,1,0,0.0000000,0.0000000,0.0000000,0,0,0,0
756875646585458 D 2379,2287470339,1000,1555,1555,2.3853402,0.01677,-1,-1,-1,0,0,0,136,1,1,0,0.0000000,0.0000000,0.0000000,0,0,0,0
756875647594250 D 2380,2287471339,1000,1555,1555,2.3853402,0.01611,-1,-1,-1,0,0,0,136,1,1,0,0.0000000,0.0000000,0.0000000,0,0,0,0
756875648611375 D 2381,2287472339,1000,1555,1555,2.3853402,0.01548,-1,-1,-1,0,0,0,135,1,1,0,0.0000000,0.0000000,0.0000000,0,0,0,0
756875649640166 D 2382,2287473339,1000,1555,1555,2.3853402,0.01487,-1,-1,-1,0,0,0,136,1,1,0,0.0000000,0.0000000,0.0000000,0,0,0,0
756875650596000 D 2383,2287474339,1000,1554,1554,2.3838062,-0.04586,-1,-1,-1,0,0,0,136,1,1,0,0.0000000,0.0000000,0.0000000,0,0,0,0
756875651585291 D 2384,2287475339,1000,1555,1555,2.3853402,0.01609,-1,-1,-1,0,0,0,136,1,1,0,0.0000000,0.0000000,0.0000000,0,0,0,0
756875652577208 D 2385,2287476339,1000,1555,1555,2.3853402,0.01546,-1,-1,-1,0,0,0,136,1,1,0,0.0000000,0.0000000,0.0000000,0,0,0,0
756875653578166 D 2386,2287477339,1000,1555,1555,2.3853402,0.01485,-1,-1,-1,0,0,0,136,1,1,0,0.0000000,0.0000000,0.0000000,0,0,0,0
756875654579916 D 2387,2287478339,1000,1555,1555,2.3853402,0.01427,-1,-1,-1,0,0,0,136,1,1,0,0.0000000,0.0000000,0.0000000,0,0,0,0
756875655583791 D 2388,2287479339,1000,1554,1554,2.3838062,-0.04644,-1,-1,-1,0,0,0,136,1,1,0,0.0000000,0.0000000,0.0000000,0,0,0,0
756875656585375 D 2389,2287480339,1000,1554,1554,2.3838062,-0.04462,-1,-1,-1,0,0,0,136,1,1,0,0.0000000,0.0000000,0.0000000,0,0,0,0
756875657593291 D 2390,2287481339,1000,1554,1554,2.3838062,-0.04287,-1,-1,-1,0,0,0,136,1,1,0,0.0000000,0.0000000,0.0000000,0,0,0,0
756875658610750 D 2391,2287482339,1000,1555,1555,2.3853402,0.01896,-1,-1,-1,0,0,0,136,1,1,0,0.0000000,0.0000000,0.0000000,0,0,0,0
756875659617125 D 2392,2287483339,1000,1555,1555,2.3853402,0.01822,-1,-1,-1,0,0,0,136,1,1,0,0.0000000,0.0000000,0.0000000,0,0,0,0
756875660678208 D 2393,2287484339,1000,1555,1555,2.3853402,0.01750,-1,-1,-1,0,0,0,136,1,1,0,0.0000000,0.0000000,0.0000000,0,0,0,0
756875661851708 D 2394,2287485339,1000,1554,1554,2.3838062,-0.04333,-1,-1,-1,0,0,0,136,1,1,0,0.0000000,0.0000000,0.0000000,0,0,0,0
756875662821875 D 2395,2287486339,1000,1555,1555,2.3853402,0.01852,-1,-1,-1,0,0,0,135,1,1,0,0.0000000,0.0000000,0.0000000,0,0,0,0
756875663707458 D 2396,2287487339,1000,1555,1555,2.3853402,0.01779,-1,-1,-1,0,0,0,136,1,1,0,0.0000000,0.0000000,0.0000000,0,0,0,0
756875664705375 D 2397,2287488339,1000,1555,1555,2.3853402,0.01709,-1,-1,-1,0,0,0,136,1,1,0,0.0000000,0.0000000,0.0000000,0,0,0,0
756875665693958 D 2398,2287489339,1000,1554,1554,2.3838062,-0.04373,-1,-1,-1,0,0,0,136,1,1,0,0.0000000,0.0000000,0.0000000,0,0,0,0
756875666613666 D 2399,2287490339,1000,1555,1555,2.3853402,0.01814,-1,-1,-1,0,0,0,136,1,1,0,0.0000000,0.0000000,0.0000000,0,0,0,0
756875667598375 D 2400,2287491339,1000,1555,1555,2.3853402,0.01743,-1,-1,-1,0,0,0,136,1,1,0,0.0000000,0.0000000,0.0000000,0,0,0,0
756875668598083 D 2401,2287492339,1000,1554,1554,2.3838062,-0.04341,-1,-1,-1,0,0,0,136,1,1,0,0.0000000,0.0000000,0.0000000,0,0,0,0
756875669601000 D 2402,2287493339,1000,1554,1554,2.3838062,-0.04170,-1,-1,-1,0,0,0,135,1,1,0,0.0000000,0.0000000,0.0000000,0,0,0,0
756875670599750 D 2403,2287494339,1000,1554,1554,2.3838062,-0.04007,-1,-1,-1,0,0,0,136,1,1,0,0.0000000,0.0000000,0.0000000,0,0,0,0
756875671593708 D 2404,2287495339,1000,1555,1555,2.3853402,0.02165,-1,-1,-1,0,0,0,136,1,1,0,0.0000000,0.0000000,0.0000000,0,0,0,0
756875672597291 D 2405,2287496339,1000,1555,1555,2.3853402,0.02080,-1,-1,-1,0,0,0,136,1,1,0,0.0000000,0.0000000,0.0000000,0,0,0,0
756875673587958 D 2406,2287497339,1000,1554,1554,2.3838062,-0.04016,-1,-1,-1,0,0,0,136,1,1,0,0.0000000,0.0000000,0.0000000,0,0,0,0
756875674598666 D 2407,2287498339,1000,1554,1554,2.3838062,-0.03859,-1,-1,-1,0,0,0,136,1,1,0,0.0000000,0.0000000,0.0000000,0,0,0,0
756875675576208 D 2408,2287499339,1000,1555,1555,2.3853402,0.02307,-1,-1,-1,0,0,0,136,1,1,0,0.0000000,0.0000000,0.0000000,0,0,0,0
756875676585250 D 2409,2287500339,1000,1554,1554,2.3838062,-0.03798,-1,-1,-1,0,0,0,136,1,1,0,0.0000000,0.0000000,0.0000000,0,0,0,0
756875677611916 D 2410,2287501339,1000,1554,1554,2.3838062,-0.03649,-1,-1,-1,0,0,0,136,1,1,0,0.0000000,0.0000000,0.0000000,0,0,0,0
756875679047958 D 2411,2287502339,1000,1555,1555,2.3853402,0.02509,39,128,2034,0,0,0,136,1,1,0,0.0000000,0.0000000,0.0000000,0,0,0,0
756875679684291 D 2412,2287503339,1000,1555,1555,2.3853402,0.02411,-1,-1,-1,0,0,0,136,1,1,0,0.0000000,0.0000000,0.0000000,0,0,0,0
756875680637625 D 2413,2287504339,1000,1555,1555,2.3853402,0.02316,-1,-1,-1,0,0,0,136,1,1,0,0.0000000,0.0000000,0.0000000,0,0,0,0
756875681589333 D 2414,2287505339,1000,1555,1555,2.3853402,0.02225,-1,-1,-1,0,0,0,136,1,1,0,0.0000000,0.0000000,0.0000000,0,0,0,0
756875682580916 D 2415,2287506339,1000,1555,1555,2.3853402,0.02138,-1,-1,-1,0,0,0,136,1,1,0,0.0000000,0.0000000,0.0000000,0,0,0,0
756875683582125 D 2416,2287507339,1000,1555,1555,2.3853402,0.02054,-1,-1,-1,0,0,0,136,1,1,0,0.0000000,0.0000000,0.0000000,0,0,0,0
756875684612958 D 2417,2287508339,1000,1554,1554,2.3838062,-0.04041,-1,-1,-1,0,0,0,136,1,1,0,0.0000000,0.0000000,0.0000000,0,0,0,0
756875685671583 D 2418,2287509339,1000,1555,1555,2.3853402,0.02132,-1,-1,-1,0,0,0,136,1,1,0,0.0000000,0.0000000,0.0000000,0,0,0,0
756875686708375 D 2419,2287510339,1000,1555,1555,2.3853402,0.02048,-1,-1,-1,0,0,0,136,1,1,0,0.0000000,0.0000000,0.0000000,0,0,0,0
756875687653166 D 2420,2287511339,1000,1555,1555,2.3853402,0.01968,-1,-1,-1,0,0,0,136,1,1,0,0.0000000,0.0000000,0.0000000,0,0,0,0
756875688657458 D 2421,2287512339,1000,1555,1555,2.3853402,0.01891,-1,-1,-1,0,0,0,136,1,1,0,0.0000000,0.0000000,0.0000000,0,0,0,0
756875689648041 D 2422,2287513339,1000,1555,1555,2.3853402,0.01817,-1,-1,-1,0,0,0,136,1,1,0,0.0000000,0.0000000,0.0000000,0,0,0,0
756875690603583 D 2423,2287514339,1000,1554,1554,2.3838062,-0.04269,-1,-1,-1,0,0,0,136,1,1,0,0.0000000,0.0000000,0.0000000,0,0,0,0
756875691609166 D 2424,2287515339,1000,1554,1554,2.3838062,-0.04102,-1,-1,-1,0,0,0,136,1,1,0,0.0000000,0.0000000,0.0000000,0,0,0,0
756875692829958 D 2425,2287516339,1000,1555,1555,2.3853402,0.02074,-1,-1,-1,0,0,0,136,1,1,0,0.0000000,0.0000000,0.0000000,0,0,0,0
756875693824625 D 2426,2287517339,1000,1554,1554,2.3838062,-0.04022,-1,-1,-1,0,0,0,136,1,1,0,0.0000000,0.0000000,0.0000000,0,0,0,0
756875694787458 D 2427,2287518339,1000,1555,1555,2.3853402,0.02150,-1,-1,-1,0,0,0,136,1,1,0,0.0000000,0.0000000,0.0000000,0,0,0,0
756875695612875 D 2428,2287519339,1000,1554,1554,2.3838062,-0.03949,-1,-1,-1,0,0,0,136,1,1,0,0.0000000,0.0000000,0.0000000,0,0,0,0
756875696639625 D 2429,2287520339,1000,1555,1555,2.3853402,0.02221,-1,-1,-1,0,0,0,136,1,1,0,0.0000000,0.0000000,0.0000000,0,0,0,0
756875697608000 D 2430,2287521339,1000,1555,1555,2.3853402,0.02134,-1,-1,-1,0,0,0,135,1,1,0,0.0000000,0.0000000,0.0000000,0,0,0,0
756875698593625 D 2431,2287522339,1000,1555,1555,2.3853402,0.02050,-1,-1,-1,0,0,0,136,1,1,0,0.0000000,0.0000000,0.0000000,0,0,0,0
756875699619583 D 2432,2287523339,1000,1554,1554,2.3838062,-0.04045,-1,-1,-1,0,0,0,136,1,1,0,0.0000000,0.0000000,0.0000000,0,0,0,0
756875700600583 D 2433,2287524339,1000,1554,1554,2.3838062,-0.03887,-1,-1,-1,0,0,0,136,1,1,0,0.0000000,0.0000000,0.0000000,0,0,0,0
756875701580875 D 2434,2287525339,1000,1555,1555,2.3853402,0.02281,-1,-1,-1,0,0,0,136,1,1,0,0.0000000,0.0000000,0.0000000,0,0,0,0
756875702588583 D 2435,2287526339,1000,1555,1555,2.3853402,0.02191,-1,-1,-1,0,0,0,136,1,1,0,0.0000000,0.0000000,0.0000000,0,0,0,0
756875703586916 D 2436,2287527339,1000,1555,1555,2.3853402,0.02105,-1,-1,-1,0,0,0,136,1,1,0,0.0000000,0.0000000,0.0000000,0,0,0,0
756875704615083 D 2437,2287528339,1000,1554,1554,2.3838062,-0.03992,-1,-1,-1,0,0,0,136,1,1,0,0.0000000,0.0000000,0.0000000,0,0,0,0
756875705593250 D 2438,2287529339,1000,1555,1555,2.3853402,0.02179,-1,-1,-1,0,0,0,136,1,1,0,0.0000000,0.0000000,0.0000000,0,0,0,0
756875706622375 D 2439,2287530339,1000,1555,1555,2.3853402,0.02094,-1,-1,-1,0,0,0,136,1,1,0,0.0000000,0.0000000,0.0000000,0,0,0,0
756875707619208 D 2440,2287531339,1000,1554,1554,2.3838062,-0.04003,-1,-1,-1,0,0,0,136,1,1,0,0.0000000,0.0000000,0.0000000,0,0,0,0
756875708615333 D 2441,2287532339,1000,1554,1554,2.3838062,-0.03846,-1,-1,-1,0,0,0,136,1,1,0,0.0000000,0.0000000,0.0000000,0,0,0,0
756875709593916 D 2442,2287533339,1000,1555,1555,2.3853402,0.02319,-1,-1,-1,0,0,0,136,1,1,0,0.0000000,0.0000000,0.0000000,0,0,0,0
756875710603375 D 2443,2287534339,1000,1555,1555,2.3853402,0.02229,-1,-1,-1,0,0,0,136,1,1,0,0.0000000,0.0000000,0.0000000,0,0,0,0
756875711614625 D 2444,2287535339,1000,1555,1555,2.3853402,0.02141,-1,-1,-1,0,0,0,136,1,1,0,0.0000000,0.0000000,0.0000000,0,0,0,0
756875712637375 D 2445,2287536339,1000,1555,1555,2.3853402,0.02057,-1,-1,-1,0,0,0,136,1,1,0,0.0000000,0.0000000,0.0000000,0,0,0,0
756875713609833 D 2446,2287537339,1000,1554,1554,2.3838062,-0.04038,-1,-1,-1,0,0,0,136,1,1,0,0.0000000,0.0000000,0.0000000,0,0,0,0
756875714608958 D 2447,2287538339,1000,1554,1554,2.3838062,-0.03880,-1,-1,-1,0,0,0,136,1,1,0,0.0000000,0.0000000,0.0000000,0,0,0,0
756875715602750 D 2448,2287539339,1000,1554,1554,2.3838062,-0.03728,-1,-1,-1,0,0,0,136,1,1,0,0.0000000,0.0000000,0.0000000,0,0,0,0
756875716582416 D 2449,2287540339,1000,1555,1555,2.3853402,0.02433,-1,-1,-1,0,0,0,136,1,1,0,0.0000000,0.0000000,0.0000000,0,0,0,0
756875717600333 D 2450,2287541339,1000,1555,1555,2.3853402,0.02338,-1,-1,-1,0,0,0,136,1,1,0,0.0000000,0.0000000,0.0000000,0,0,0,0
756875718636000 D 2451,2287542339,1000,1555,1555,2.3853402,0.02246,-1,-1,-1,0,0,0,136,1,1,0,0.0000000,0.0000000,0.0000000,0,0,0,0
756875719639250 D 2452,2287543339,1000,1555,1555,2.3853402,0.02158,-1,-1,-1,0,0,0,136,1,1,0,0.0000000,0.0000000,0.0000000,0,0,0,0
756875720603041 D 2453,2287544339,1000,1555,1555,2.3853402,0.02073,-1,-1,-1,0,0,0,136,1,1,0,0.0000000,0.0000000,0.0000000,0,0,0,0
756875721600333 D 2454,2287545339,1000,1554,1554,2.3838062,-0.04023,-1,-1,-1,0,0,0,136,1,1,0,0.0000000,0.0000000,0.0000000,0,0,0,0
756875722600750 D 2455,2287546339,1000,1554,1554,2.3838062,-0.03865,-1,-1,-1,0,0,0,136,1,1,0,0.0000000,0.0000000,0.0000000,0,0,0,0
756875723595541 D 2456,2287547339,1000,1555,1555,2.3853402,0.02301,-1,-1,-1,0,0,0,136,1,1,0,0.0000000,0.0000000,0.0000000,0,0,0,0
756875724595791 D 2457,2287548339,1000,1555,1555,2.3853402,0.02211,-1,-1,-1,0,0,0,136,1,1,0,0.0000000,0.0000000,0.0000000,0,0,0,0
756875725878375 D 2458,2287549339,1000,1555,1555,2.3853402,0.02124,-1,-1,-1,0,0,0,136,1,1,0,0.0000000,0.0000000,0.0000000,0,0,0,0
756875726886458 D 2459,2287550339,1000,1555,1555,2.3853402,0.02041,-1,-1,-1,0,0,0,136,1,1,0,0.0000000,0.0000000,0.0000000,0,0,0,0
756875727854041 D 2460,2287551339,1000,1555,1555,2.3853402,0.01961,-1,-1,-1,0,0,0,136,1,1,0,0.0000000,0.0000000,0.0000000,0,0,0,0
756875729206916 D 2461,2287552339,1000,1555,1555,2.3853402,0.01884,39,128,2035,0,0,0,136,1,1,0,0.0000000,0.0000000,0.0000000,0,0,0,0
756875730071083 D 2462,2287553339,1000,1554,1554,2.3838062,-0.04204,-1,-1,-1,0,0,0,136,1,1,0,0.0000000,0.0000000,0.0000000,0,0,0,0
756875730785083 D 2463,2287554339,1000,1555,1555,2.3853402,0.01975,-1,-1,-1,0,0,0,136,1,1,0,0.0000000,0.0000000,0.0000000,0,0,0,0
756875731723250 D 2464,2287555339,1000,1555,1555,2.3853402,0.01898,-1,-1,-1,0,0,0,136,1,1,0,0.0000000,0.0000000,0.0000000,0,0,0,0
756875732662625 D 2465,2287556339,1000,1554,1554,2.3838062,-0.04191,-1,-1,-1,0,0,0,136,1,1,0,0.0000000,0.0000000,0.0000000,0,0,0,0
756875733603208 D 2466,2287557339,1000,1555,1555,2.3853402,0.01988,-1,-1,-1,0,0,0,136,1,1,0,0.0000000,0.0000000,0.0000000,0,0,0,0
756875734604375 D 2467,2287558339,1000,1555,1555,2.3853402,0.01910,-1,-1,-1,0,0,0,136,1,1,0,0.0000000,0.0000000,0.0000000,0,0,0,0
756875735602583 D 2468,2287559339,1000,1555,1555,2.3853402,0.01835,-1,-1,-1,0,0,0,136,1,1,0,0.0000000,0.0000000,0.0000000,0,0,0,0
756875736594333 D 2469,2287560339,1000,1555,1555,2.3853402,0.01763,-1,-1,-1,0,0,0,136,1,1,0,0.0000000,0.0000000,0.0000000,0,0,0,0
756875737611291 D 2470,2287561339,1000,1555,1555,2.3853402,0.01694,-1,-1,-1,0,0,0,136,1,1,0,0.0000000,0.0000000,0.0000000,0,0,0,0
756875738698958 D 2471,2287562339,1000,1554,1554,2.3838062,-0.04387,-1,-1,-1,0,0,0,136,1,1,0,0.0000000,0.0000000,0.0000000,0,0,0,0
756875739623541 D 2472,2287563339,1000,1555,1555,2.3853402,0.01799,-1,-1,-1,0,0,0,136,1,1,0,0.0000000,0.0000000,0.0000000,0,0,0,0
756875740613375 D 2473,2287564339,1000,1555,1555,2.3853402,0.01729,-1,-1,-1,0,0,0,136,1,1,0,0.0000000,0.0000000,0.0000000,0,0,0,0
756875741601500 D 2474,2287565339,1000,1555,1555,2.3853402,0.01661,-1,-1,-1,0,0,0,136,1,1,0,0.0000000,0.0000000,0.0000000,0,0,0,0
756875742639375 D 2475,2287566339,1000,1554,1554,2.3838062,-0.04419,-1,-1,-1,0,0,0,136,1,1,0,0.0000000,0.0000000,0.0000000,0,0,0,0
756875743650000 D 2476,2287567339,1000,1555,1555,2.3853402,0.01769,-1,-1,-1,0,0,0,136,1,1,0,0.0000000,0.0000000,0.0000000,0,0,0,0
756875744625916 D 2477,2287568339,1000,1555,1555,2.3853402,0.01700,-1,-1,-1,0,0,0,136,1,1,0,0.0000000,0.0000000,0.0000000,0,0,0,0
756875745605208 D 2478,2287569339,1000,1555,1555,2.3853402,0.01633,-1,-1,-1,0,0,0,136,1,1,0,0.0000000,0.0000000,0.0000000,0,0,0,0
756875746605333 D 2479,2287570339,1000,1554,1554,2.3838062,-0.04446,-1,-1,-1,0,0,0,136,1,1,0,0.0000000,0.0000000,0.0000000,0,0,0,0
756875747611458 D 2480,2287571339,1000,1554,1554,2.3838062,-0.04271,-1,-1,-1,0,0,0,136,1,1,0,0.0000000,0.0000000,0.0000000,0,0,0,0
756875748604666 D 2481,2287572339,1000,1554,1554,2.3838062,-0.04104,-1,-1,-1,0,0,0,136,1,1,0,0.0000000,0.0000000,0.0000000,0,0,0,0
756875749614000 D 2482,2287573339,1000,1554,1554,2.3838062,-0.03943,-1,-1,-1,0,0,0,136,1,1,0,0.0000000,0.0000000,0.0000000,0,0,0,0
756875750681666 D 2483,2287574339,1000,1555,1555,2.3853402,0.02226,-1,-1,-1,0,0,0,136,1,1,0,0.0000000,0.0000000,0.0000000,0,0,0,0
756875751802875 D 2484,2287575339,1000,1555,1555,2.3853402,0.02139,-1,-1,-1,0,0,0,136,1,1,0,0.0000000,0.0000000,0.0000000,0,0,0,0
756875752810875 D 2485,2287576339,1000,1555,1555,2.3853402,0.02055,-1,-1,-1,0,0,0,136,1,1,0,0.0000000,0.0000000,0.0000000,0,0,0,0
756875753788333 D 2486,2287577339,1000,1555,1555,2.3853402,0.01975,-1,-1,-1,0,0,0,136,1,1,0,0.0000000,0.0000000,0.0000000,0,0,0,0
756875754785958 D 2487,2287578339,1000,1555,1555,2.3853402,0.01897,-1,-1,-1,0,0,0,136,1,1,0,0.0000000,0.0000000,0.0000000,0,0,0,0
756875755804916 D 2488,2287579339,1000,1555,1555,2.3853402,0.01823,-1,-1,-1,0,0,0,136,1,1,0,0.0000000,0.0000000,0.0000000,0,0,0,0
756875756753000 D 2489,2287580339,1000,1555,1555,2.3853402,0.01751,-1,-1,-1,0,0,0,136,1,1,0,0.0000000,0.0000000,0.0000000,0,0,0,0
756875757707541 D 2490,2287581339,1000,1555,1555,2.3853402,0.01683,-1,-1,-1,0,0,0,136,1,1,0,0.0000000,0.0000000,0.0000000,0,0,0,0
756875758682458 D 2491,2287582339,1000,1555,1555,2.3853402,0.01617,-1,-1,-1,0,0,0,136,1,1,0,0.0000000,0.0000000,0.0000000,0,0,0,0
756875759893916 D 2492,2287583339,1000,1555,1555,2.3853402,0.01553,-1,-1,-1,0,0,0,136,1,1,0,0.0000000,0.0000000,0.0000000,0,0,0,0
756875760765250 D 2493,2287584339,1000,1555,1555,2.3853402,0.01492,-1,-1,-1,0,0,0,136,1,1,0,0.0000000,0.0000000,0.0000000,0,0,0,0
756875761795750 D 2494,2287585339,1000,1555,1555,2.3853402,0.01434,-1,-1,-1,0,0,0,136,1,1,0,0.0000000,0.0000000,0.0000000,0,0,0,0
756875762785250 D 2495,2287586339,1000,1554,1554,2.3838062,-0.04637,-1,-1,-1,0,0,0,136,1,1,0,0.0000000,0.0000000,0.0000000,0,0,0,0
756875763834333 D 2496,2287587339,1000,1555,1555,2.3853402,0.01560,-1,-1,-1,0,0,0,136,1,1,0,0.0000000,0.0000000,0.0000000,0,0,0,0
756875764842458 D 2497,2287588339,1000,1555,1555,2.3853402,0.01498,-1,-1,-1,0,0,0,136,1,1,0,0.0000000,0.0000000,0.0000000,0,0,0,0
756875765800541 D 2498,2287589339,1000,1555,1555,2.3853402,0.01440,-1,-1,-1,0,0,0,136,1,1,0,0.0000000,0.0000000,0.0000000,0,0,0,0
756875766594750 D 2499,2287590339,1000,1555,1555,2.3853402,0.01383,-1,-1,-1,0,0,0,136,1,1,0,0.0000000,0.0000000,0.0000000,0,0,0,0
756875767912208 D 2500,2287591339,1000,1554,1554,2.3838062,-0.04686,-1,-1,-1,0,0,0,136,1,1,0,0.0000000,0.0000000,0.0000000,0,0,0,0
756875768626791 D 2501,2287592339,1000,1554,1554,2.3838062,-0.04502,-1,-1,-1,0,0,0,136,1,1,0,0.0000000,0.0000000,0.0000000,0,0,0,0
756875769613875 D 2502,2287593339,1000,1555,1555,2.3853402,0.01689,-1,-1,-1,0,0,0,136,1,1,0,0.0000000,0.0000000,0.0000000,0,0,0,0
756875770856000 D 2503,2287594339,1000,1555,1555,2.3853402,0.01623,-1,-1,-1,0,0,0,136,1,1,0,0.0000000,0.0000000,0.0000000,0,0,0,0
756875771670375 D 2504,2287595339,1000,1555,1555,2.3853402,0.01559,-1,-1,-1,0,0,0,136,1,1,0,0.0000000,0.0000000,0.0000000,0,0,0,0
756875772728416 D 2505,2287596339,1000,1555,1555,2.3853402,0.01498,-1,-1,-1,0,0,0,136,1,1,0,0.0000000,0.0000000,0.0000000,0,0,0,0
756875773652500 D 2506,2287597339,1000,1554,1554,2.3838062,-0.04575,-1,-1,-1,0,0,0,136,1,1,0,0.0000000,0.0000000,0.0000000,0,0,0,0
756875774628791 D 2507,2287598339,1000,1555,1555,2.3853402,0.01619,-1,-1,-1,0,0,0,136,1,1,0,0.0000000,0.0000000,0.0000000,0,0,0,0
756875775570541 D 2508,2287599339,1000,1555,1555,2.3853402,0.01555,-1,-1,-1,0,0,0,136,1,1,0,0.0000000,0.0000000,0.0000000,0,0,0,0
756875776574000 D 2509,2287600339,1000,1554,1554,2.3838062,-0.04520,-1,-1,-1,0,0,0,136,1,1,0,0.0000000,0.0000000,0.0000000,0,0,0,0
756875777563958 D 2510,2287601339,1000,1555,1555,2.3853402,0.01672,-1,-1,-1,0,0,0,136,1,1,0,0.0000000,0.0000000,0.0000000,0,0,0,0
756875778997625 D 2511,2287602339,1000,1555,1555,2.3853402,0.01606,39,128,2033,0,0,0,136,1,1,0,0.0000000,0.0000000,0.0000000,0,0,0,0
756875779626375 D 2512,2287603339,1000,1554,1554,2.3838062,-0.04472,-1,-1,-1,0,0,0,136,1,1,0,0.0000000,0.0000000,0.0000000,0,0,0,0
756875780571458 D 2513,2287604339,1000,1554,1554,2.3838062,-0.04296,-1,-1,-1,0,0,0,136,1,1,0,0.0000000,0.0000000,0.0000000,0,0,0,0
756875781565250 D 2514,2287605339,1000,1555,1555,2.3853402,0.01887,-1,-1,-1,0,0,0,136,1,1,0,0.0000000,0.0000000,0.0000000,0,0,0,0
756875782561500 D 2515,2287606339,1000,1555,1555,2.3853402,0.01813,-1,-1,-1,0,0,0,136,1,1,0,0.0000000,0.0000000,0.0000000,0,0,0,0
756875783611125 D 2516,2287607339,1000,1555,1555,2.3853402,0.01742,-1,-1,-1,0,0,0,136,1,1,0,0.0000000,0.0000000,0.0000000,0,0,0,0
756875784591416 D 2517,2287608339,1000,1554,1554,2.3838062,-0.04341,-1,-1,-1,0,0,0,136,1,1,0,0.0000000,0.0000000,0.0000000,0,0,0,0
756875785576375 D 2518,2287609339,1000,1555,1555,2.3853402,0.01844,-1,-1,-1,0,0,0,136,1,1,0,0.0000000,0.0000000,0.0000000,0,0,0,0
756875786584291 D 2519,2287610339,1000,1554,1554,2.3838062,-0.04243,-1,-1,-1,0,0,0,136,1,1,0,0.0000000,0.0000000,0.0000000,0,0,0,0
756875787580333 D 2520,2287611339,1000,1555,1555,2.3853402,0.01938,-1,-1,-1,0,0,0,136,1,1,0,0.0000000,0.0000000,0.0000000,0,0,0,0
756875788588916 D 2521,2287612339,1000,1555,1555,2.3853402,0.01862,-1,-1,-1,0,0,0,136,1,1,0,0.0000000,0.0000000,0.0000000,0,0,0,0
756875789610333 D 2522,2287613339,1000,1554,1554,2.3838062,-0.04226,-1,-1,-1,0,0,0,136,1,1,0,0.0000000,0.0000000,0.0000000,0,0,0,0
756875790571541 D 2523,2287614339,1000,1555,1555,2.3853402,0.01955,-1,-1,-1,0,0,0,136,1,1,0,0.0000000,0.0000000,0.0000000,0,0,0,0
756875791577125 D 2524,2287615339,1000,1555,1555,2.3853402,0.01878,-1,-1,-1,0,0,0,136,1,1,0,0.0000000,0.0000000,0.0000000,0,0,0,0
756875792571250 D 2525,2287616339,1000,1555,1555,2.3853402,0.01804,-1,-1,-1,0,0,0,136,1,1,0,0.0000000,0.0000000,0.0000000,0,0,0,0
756875793822083 D 2526,2287617339,1000,1554,1554,2.3838062,-0.04281,-1,-1,-1,0,0,0,136,1,1,0,0.0000000,0.0000000,0.0000000,0,0,0,0
756875794813833 D 2527,2287618339,1000,1555,1555,2.3853402,0.01901,-1,-1,-1,0,0,0,136,1,1,0,0.0000000,0.0000000,0.0000000,0,0,0,0
756875795751291 D 2528,2287619339,1000,1555,1555,2.3853402,0.01827,-1,-1,-1,0,0,0,135,1,1,0,0.0000000,0.0000000,0.0000000,0,0,0,0
756875796575250 D 2529,2287620339,1000,1555,1555,2.3853402,0.01755,-1,-1,-1,0,0,0,136,1,1,0,0.0000000,0.0000000,0.0000000,0,0,0,0
756875797575416 D 2530,2287621339,1000,1554,1554,2.3838062,-0.04328,-1,-1,-1,0,0,0,136,1,1,0,0.0000000,0.0000000,0.0000000,0,0,0,0
756875798567458 D 2531,2287622339,1000,1555,1555,2.3853402,0.01856,-1,-1,-1,0,0,0,136,1,1,0,0.0000000,0.0000000,0.0000000,0,0,0,0
756875799567500 D 2532,2287623339,1000,1555,1555,2.3853402,0.01783,-1,-1,-1,0,0,0,136,1,1,0,0.0000000,0.0000000,0.0000000,0,0,0,0
756875800579666 D 2533,2287624339,1000,1554,1554,2.3838062,-0.04301,-1,-1,-1,0,0,0,136,1,1,0,0.0000000,0.0000000,0.0000000,0,0,0,0
756875801575791 D 2534,2287625339,1000,1555,1555,2.3853402,0.01882,-1,-1,-1,0,0,0,136,1,1,0,0.0000000,0.0000000,0.0000000,0,0,0,0
756875802576583 D 2535,2287626339,1000,1554,1554,2.3838062,-0.04207,-1,-1,-1,0,0,0,136,1,1,0,0.0000000,0.0000000,0.0000000,0,0,0,0
756875803577416 D 2536,2287627339,1000,1554,1554,2.3838062,-0.04042,-1,-1,-1,0,0,0,136,1,1,0,0.0000000,0.0000000,0.0000000,0,0,0,0
756875804573041 D 2537,2287628339,1000,1554,1554,2.3838062,-0.03883,-1,-1,-1,0,0,0,136,1,1,0,0.0000000,0.0000000,0.0000000,0,0,0,0
756875805578041 D 2538,2287629339,1000,1554,1554,2.3838062,-0.03731,-1,-1,-1,0,0,0,136,1,1,0,0.0000000,0.0000000,0.0000000,0,0,0,0
756875806588791 D 2539,2287630339,1000,1554,1554,2.3838062,-0.03585,-1,-1,-1,0,0,0,136,1,1,0,0.0000000,0.0000000,0.0000000,0,0,0,0
756875807577708 D 2540,2287631339,1000,1555,1555,2.3853402,0.02571,-1,-1,-1,0,0,0,136,1,1,0,0.0000000,0.0000000,0.0000000,0,0,0,0
756875808569875 D 2541,2287632339,1000,1555,1555,2.3853402,0.02470,-1,-1,-1,0,0,0,136,1,1,0,0.0000000,0.0000000,0.0000000,0,0,0,0
756875809572250 D 2542,2287633339,1000,1555,1555,2.3853402,0.02373,-1,-1,-1,0,0,0,136,1,1,0,0.0000000,0.0000000,0.0000000,0,0,0,0
756875810572375 D 2543,2287634339,1000,1554,1554,2.3838062,-0.03735,-1,-1,-1,0,0,0,136,1,1,0,0.0000000,0.0000000,0.0000000,0,0,0,0
756875811571416 D 2544,2287635339,1000,1555,1555,2.3853402,0.02427,-1,-1,-1,0,0,0,136,1,1,0,0.0000000,0.0000000,0.0000000,0,0,0,0
756875812568958 D 2545,2287636339,1000,1555,1555,2.3853402,0.02331,-1,-1,-1,0,0,0,136,1,1,0,0.0000000,0.0000000,0.0000000,0,0,0,0
756875813592291 D 2546,2287637339,1000,1554,1554,2.3838062,-0.03775,-1,-1,-1,0,0,0,136,1,1,0,0.0000000,0.0000000,0.0000000,0,0,0,0
756875814570125 D 2547,2287638339,1000,1554,1554,2.3838062,-0.03627,-1,-1,-1,0,0,0,136,1,1,0,0.0000000,0.0000000,0.0000000,0,0,0,0
756875815572000 D 2548,2287639339,1000,1555,1555,2.3853402,0.02530,-1,-1,-1,0,0,0,136,1,1,0,0.0000000,0.0000000,0.0000000,0,0,0,0
756875816582583 D 2549,2287640339,1000,1554,1554,2.3838062,-0.03584,-1,-1,-1,0,0,0,136,1,1,0,0.0000000,0.0000000,0.0000000,0,0,0,0
756875817573583 D 2550,2287641339,1000,1554,1554,2.3838062,-0.03443,-1,-1,-1,0,0,0,136,1,1,0,0.0000000,0.0000000,0.0000000,0,0,0,0
756875818568666 D 2551,2287642339,1000,1555,1555,2.3853402,0.02707,-1,-1,-1,0,0,0,136,1,1,0,0.0000000,0.0000000,0.0000000,0,0,0,0
756875819566625 D 2552,2287643339,1000,1555,1555,2.3853402,0.02600,-1,-1,-1,0,0,0,136,1,1,0,0.0000000,0.0000000,0.0000000,0,0,0,0
756875820569541 D 2553,2287644339,1000,1555,1555,2.3853402,0.02498,-1,-1,-1,0,0,0,136,1,1,0,0.0000000,0.0000000,0.0000000,0,0,0,0
756875821595625 D 2554,2287645339,1000,1555,1555,2.3853402,0.02400,-1,-1,-1,0,0,0,136,1,1,0,0.0000000,0.0000000,0.0000000,0,0,0,0
756875822799375 D 2555,2287646339,1000,1555,1555,2.3853402,0.02306,-1,-1,-1,0,0,0,136,1,1,0,0.0000000,0.0000000,0.0000000,0,0,0,0
756875823807541 D 2556,2287647339,1000,1554,1554,2.3838062,-0.03799,-1,-1,-1,0,0,0,136,1,1,0,0.0000000,0.0000000,0.0000000,0,0,0,0
756875824809500 D 2557,2287648339,1000,1555,1555,2.3853402,0.02365,-1,-1,-1,0,0,0,136,1,1,0,0.0000000,0.0000000,0.0000000,0,0,0,0
756875825631583 D 2558,2287649339,1000,1555,1555,2.3853402,0.02272,-1,-1,-1,0,0,0,136,1,1,0,0.0000000,0.0000000,0.0000000,0,0,0,0
756875826576500 D 2559,2287650339,1000,1555,1555,2.3853402,0.02183,-1,-1,-1,0,0,0,136,1,1,0,0.0000000,0.0000000,0.0000000,0,0,0,0
756875827570375 D 2560,2287651339,1000,1555,1555,2.3853402,0.02097,-1,-1,-1,0,0,0,136,1,1,0,0.0000000,0.0000000,0.0000000,0,0,0,0
756875829026750 D 2561,2287652339,1000,1555,1555,2.3853402,0.02015,39,128,2035,0,0,0,136,1,1,0,0.0000000,0.0000000,0.0000000,0,0,0,0
756875829656416 D 2562,2287653339,1000,1554,1554,2.3838062,-0.04079,-1,-1,-1,0,0,0,136,1,1,0,0.0000000,0.0000000,0.0000000,0,0,0,0
756875830573250 D 2563,2287654339,1000,1555,1555,2.3853402,0.02096,-1,-1,-1,0,0,0,135,1,1,0,0.0000000,0.0000000,0.0000000,0,0,0,0
756875831577250 D 2564,2287655339,1000,1554,1554,2.3838062,-0.04001,-1,-1,-1,0,0,0,136,1,1,0,0.0000000,0.0000000,0.0000000,0,0,0,0
756875832567125 D 2565,2287656339,1000,1554,1554,2.3838062,-0.03844,-1,-1,-1,0,0,0,136,1,1,0,0.0000000,0.0000000,0.0000000,0,0,0,0
756875833569875 D 2566,2287657339,1000,1555,1555,2.3853402,0.02322,-1,-1,-1,0,0,0,136,1,1,0,0.0000000,0.0000000,0.0000000,0,0,0,0
756875834571208 D 2567,2287658339,1000,1554,1554,2.3838062,-0.03784,-1,-1,-1,0,0,0,136,1,1,0,0.0000000,0.0000000,0.0000000,0,0,0,0
756875835574541 D 2568,2287659339,1000,1554,1554,2.3838062,-0.03636,-1,-1,-1,0,0,0,136,1,1,0,0.0000000,0.0000000,0.0000000,0,0,0,0
756875836567500 D 2569,2287660339,1000,1555,1555,2.3853402,0.02521,-1,-1,-1,0,0,0,136,1,1,0,0.0000000,0.0000000,0.0000000,0,0,0,0
756875837572541 D 2570,2287661339,1000,1555,1555,2.3853402,0.02423,-1,-1,-1,0,0,0,135,1,1,0,0.0000000,0.0000000,0.0000000,0,0,0,0
756875838570083 D 2571,2287662339,1000,1555,1555,2.3853402,0.02328,-1,-1,-1,0,0,0,136,1,1,0,0.0000000,0.0000000,0.0000000,0,0,0,0
756875839579291 D 2572,2287663339,1000,1555,1555,2.3853402,0.02236,-1,-1,-1,0,0,0,136,1,1,0,0.0000000,0.0000000,0.0000000,0,0,0,0
756875840566666 D 2573,2287664339,1000,1555,1555,2.3853402,0.02149,-1,-1,-1,0,0,0,136,1,1,0,0.0000000,0.0000000,0.0000000,0,0,0,0
756875841575750 D 2574,2287665339,1000,1555,1555,2.3853402,0.02064,-1,-1,-1,0,0,0,136,1,1,0,0.0000000,0.0000000,0.0000000,0,0,0,0
756875842580583 D 2575,2287666339,1000,1555,1555,2.3853402,0.01983,-1,-1,-1,0,0,0,136,1,1,0,0.0000000,0.0000000,0.0000000,0,0,0,0
756875843585416 D 2576,2287667339,1000,1555,1555,2.3853402,0.01906,-1,-1,-1,0,0,0,136,1,1,0,0.0000000,0.0000000,0.0000000,0,0,0,0
756875844576791 D 2577,2287668339,1000,1554,1554,2.3838062,-0.04184,-1,-1,-1,0,0,0,136,1,1,0,0.0000000,0.0000000,0.0000000,0,0,0,0
756875845566916 D 2578,2287669339,1000,1555,1555,2.3853402,0.01995,-1,-1,-1,0,0,0,136,1,1,0,0.0000000,0.0000000,0.0000000,0,0,0,0
756875846570375 D 2579,2287670339,1000,1555,1555,2.3853402,0.01917,-1,-1,-1,0,0,0,136,1,1,0,0.0000000,0.0000000,0.0000000,0,0,0,0
756875847573458 D 2580,2287671339,1000,1554,1554,2.3838062,-0.04173,-1,-1,-1,0,0,0,136,1,1,0,0.0000000,0.0000000,0.0000000,0,0,0,0
756875848572583 D 2581,2287672339,1000,1554,1554,2.3838062,-0.04010,-1,-1,-1,0,0,0,136,1,1,0,0.0000000,0.0000000,0.0000000,0,0,0,0
756875849566375 D 2582,2287673339,1000,1555,1555,2.3853402,0.02162,-1,-1,-1,0,0,0,136,1,1,0,0.0000000,0.0000000,0.0000000,0,0,0,0
756875850572916 D 2583,2287674339,1000,1555,1555,2.3853402,0.02078,-1,-1,-1,0,0,0,136,1,1,0,0.0000000,0.0000000,0.0000000,0,0,0,0
756875851573958 D 2584,2287675339,1000,1555,1555,2.3853402,0.01996,-1,-1,-1,0,0,0,136,1,1,0,0.0000000,0.0000000,0.0000000,0,0,0,0
756875852589916 D 2585,2287676339,1000,1554,1554,2.3838062,-0.04097,-1,-1,-1,0,0,0,136,1,1,0,0.0000000,0.0000000,0.0000000,0,0,0,0
756875853576500 D 2586,2287677339,1000,1554,1554,2.3838062,-0.03936,-1,-1,-1,0,0,0,136,1,1,0,0.0000000,0.0000000,0.0000000,0,0,0,0
756875854803041 D 2587,2287678339,1000,1555,1555,2.3853402,0.02233,-1,-1,-1,0,0,0,136,1,1,0,0.0000000,0.0000000,0.0000000,0,0,0,0
756875855796375 D 2588,2287679339,1000,1555,1555,2.3853402,0.02145,-1,-1,-1,0,0,0,136,1,1,0,0.0000000,0.0000000,0.0000000,0,0,0,0
756875856690666 D 2589,2287680339,1000,1555,1555,2.3853402,0.02061,-1,-1,-1,0,0,0,136,1,1,0,0.0000000,0.0000000,0.0000000,0,0,0,0
756875857574625 D 2590,2287681339,1000,1554,1554,2.3838062,-0.04034,-1,-1,-1,0,0,0,136,1,1,0,0.0000000,0.0000000,0.0000000,0,0,0,0
756875858575625 D 2591,2287682339,1000,1554,1554,2.3838062,-0.03876,-1,-1,-1,0,0,0,136,1,1,0,0.0000000,0.0000000,0.0000000,0,0,0,0
756875859572166 D 2592,2287683339,1000,1554,1554,2.3838062,-0.03724,-1,-1,-1,0,0,0,136,1,1,0,0.0000000,0.0000000,0.0000000,0,0,0,0
756875860572833 D 2593,2287684339,1000,1555,1555,2.3853402,0.02437,-1,-1,-1,0,0,0,136,1,1,0,0.0000000,0.0000000,0.0000000,0,0,0,0
756875861568500 D 2594,2287685339,1000,1554,1554,2.3838062,-0.03674,-1,-1,-1,0,0,0,136,1,1,0,0.0000000,0.0000000,0.0000000,0,0,0,0
756875862570250 D 2595,2287686339,1000,1555,1555,2.3853402,0.02485,-1,-1,-1,0,0,0,136,1,1,0,0.0000000,0.0000000,0.0000000,0,0,0,0
756875863578083 D 2596,2287687339,1000,1555,1555,2.3853402,0.02388,-1,-1,-1,0,0,0,136,1,1,0,0.0000000,0.0000000,0.0000000,0,0,0,0
756875864571625 D 2597,2287688339,1000,1555,1555,2.3853402,0.02294,-1,-1,-1,0,0,0,136,1,1,0,0.0000000,0.0000000,0.0000000,0,0,0,0
756875865573625 D 2598,2287689339,1000,1554,1554,2.3838062,-0.03811,-1,-1,-1,0,0,0,136,1,1,0,0.0000000,0.0000000,0.0000000,0,0,0,0
756875866608833 D 2599,2287690339,1000,1554,1554,2.3838062,-0.03661,-1,-1,-1,0,0,0,136,1,1,0,0.0000000,0.0000000,0.0000000,0,0,0,0
756875867592541 D 2600,2287691339,1000,1554,1554,2.3838062,-0.03518,-1,-1,-1,0,0,0,136,1,1,0,0.0000000,0.0000000,0.0000000,0,0,0,0
756875868580250 D 2601,2287692339,1000,1555,1555,2.3853402,0.02635,-1,-1,-1,0,0,0,136,1,1,0,0.0000000,0.0000000,0.0000000,0,0,0,0
756875869569291 D 2602,2287693339,1000,1555,1555,2.3853402,0.02532,-1,-1,-1,0,0,0,136,1,1,0,0.0000000,0.0000000,0.0000000,0,0,0,0
756875870572500 D 2603,2287694339,1000,1555,1555,2.3853402,0.02432,-1,-1,-1,0,0,0,136,1,1,0,0.0000000,0.0000000,0.0000000,0,0,0,0
756875871573750 D 2604,2287695339,1000,1554,1554,2.3838062,-0.03678,-1,-1,-1,0,0,0,136,1,1,0,0.0000000,0.0000000,0.0000000,0,0,0,0
756875872572625 D 2605,2287696339,1000,1555,1555,2.3853402,0.02481,-1,-1,-1,0,0,0,136,1,1,0,0.0000000,0.0000000,0.0000000,0,0,0,0
756875873567416 D 2606,2287697339,1000,1555,1555,2.3853402,0.02384,-1,-1,-1,0,0,0,136,1,1,0,0.0000000,0.0000000,0.0000000,0,0,0,0
756875874568708 D 2607,2287698339,1000,1554,1554,2.3838062,-0.03724,-1,-1,-1,0,0,0,136,1,1,0,0.0000000,0.0000000,0.0000000,0,0,0,0
756875875576666 D 2608,2287699339,1000,1554,1554,2.3838062,-0.03578,-1,-1,-1,0,0,0,136,1,1,0,0.0000000,0.0000000,0.0000000,0,0,0,0
756875876563833 D 2609,2287700339,1000,1555,1555,2.3853402,0.02577,-1,-1,-1,0,0,0,136,1,1,0,0.0000000,0.0000000,0.0000000,0,0,0,0
756875877568916 D 2610,2287701339,1000,1555,1555,2.3853402,0.02476,-1,-1,-1,0,0,0,136,1,1,0,0.0000000,0.0000000,0.0000000,0,0,0,0
756875879229791 D 2611,2287702339,1000,1554,1554,2.3838062,-0.03636,39,128,2036,0,0,0,136,1,1,0,0.0000000,0.0000000,0.0000000,0,0,0,0
756875880072875 D 2612,2287703339,1000,1555,1555,2.3853402,0.02521,-1,-1,-1,0,0,0,136,1,1,0,0.0000000,0.0000000,0.0000000,0,0,0,0
756875880921208 D 2613,2287704339,1000,1554,1554,2.3838062,-0.03592,-1,-1,-1,0,0,0,136,1,1,0,0.0000000,0.0000000,0.0000000,0,0,0,0
756875881797875 D 2614,2287705339,1000,1555,1555,2.3853402,0.02563,-1,-1,-1,0,0,0,136,1,1,0,0.0000000,0.0000000,0.0000000,0,0,0,0
756875882585041 D 2615,2287706339,1000,1555,1555,2.3853402,0.02463,-1,-1,-1,0,0,0,136,1,1,0,0.0000000,0.0000000,0.0000000,0,0,0,0
756875883576416 D 2616,2287707339,1000,1554,1554,2.3838062,-0.03649,-1,-1,-1,0,0,0,136,1,1,0,0.0000000,0.0000000,0.0000000,0,0,0,0
756875884575625 D 2617,2287708339,1000,1555,1555,2.3853402,0.02509,-1,-1,-1,0,0,0,136,1,1,0,0.0000000,0.0000000,0.0000000,0,0,0,0
756875885565333 D 2618,2287709339,1000,1555,1555,2.3853402,0.02411,-1,-1,-1,0,0,0,136,1,1,0,0.0000000,0.0000000,0.0000000,0,0,0,0
756875886584625 D 2619,2287710339,1000,1554,1554,2.3838062,-0.03698,-1,-1,-1,0,0,0,136,1,1,0,0.0000000,0.0000000,0.0000000,0,0,0,0
756875887615791 D 2620,2287711339,1000,1554,1554,2.3838062,-0.03553,-1,-1,-1,0,0,0,136,1,1,0,0.0000000,0.0000000,0.0000000,0,0,0,0
756875888581791 D 2621,2287712339,1000,1554,1554,2.3838062,-0.03414,-1,-1,-1,0,0,0,136,1,1,0,0.0000000,0.0000000,0.0000000,0,0,0,0
756875889593208 D 2622,2287713339,1000,1554,1554,2.3838062,-0.03280,-1,-1,-1,0,0,0,136,1,1,0,0.0000000,0.0000000,0.0000000,0,0,0,0
756875890602750 D 2623,2287714339,1000,1555,1555,2.3853402,0.02863,-1,-1,-1,0,0,0,136,1,1,0,0.0000000,0.0000000,0.0000000,0,0,0,0
756875891585625 D 2624,2287715339,1000,1555,1555,2.3853402,0.02751,-1,-1,-1,0,0,0,136,1,1,0,0.0000000,0.0000000,0.0000000,0,0,0,0
756875892588833 D 2625,2287716339,1000,1554,1554,2.3838062,-0.03372,-1,-1,-1,0,0,0,136,1,1,0,0.0000000,0.0000000,0.0000000,0,0,0,0
756875893585375 D 2626,2287717339,1000,1555,1555,2.3853402,0.02775,-1,-1,-1,0,0,0,135,1,1,0,0.0000000,0.0000000,0.0000000,0,0,0,0
756875894576041 D 2627,2287718339,1000,1555,1555,2.3853402,0.02666,-1,-1,-1,0,0,0,136,1,1,0,0.0000000,0.0000000,0.0000000,0,0,0,0
756875895584875 D 2628,2287719339,1000,1554,1554,2.3838062,-0.03453,-1,-1,-1,0,0,0,136,1,1,0,0.0000000,0.0000000,0.0000000,0,0,0,0
756875896579708 D 2629,2287720339,1000,1555,1555,2.3853402,0.02697,-1,-1,-1,0,0,0,136,1,1,0,0.0000000,0.0000000,0.0000000,0,0,0,0
756875897579625 D 2630,2287721339,1000,1555,1555,2.3853402,0.02592,-1,-1,-1,0,0,0,136,1,1,0,0.0000000,0.0000000,0.0000000,0,0,0,0
756875898662458 D 2631,2287722339,1000,1554,1554,2.3838062,-0.03525,-1,-1,-1,0,0,0,136,1,1,0,0.0000000,0.0000000,0.0000000,0,0,0,0
756875899615041 D 2632,2287723339,1000,1555,1555,2.3853402,0.02628,-1,-1,-1,0,0,0,136,1,1,0,0.0000000,0.0000000,0.0000000,0,0,0,0
756875900606208 D 2633,2287724339,1000,1555,1555,2.3853402,0.02525,-1,-1,-1,0,0,0,135,1,1,0,0.0000000,0.0000000,0.0000000,0,0,0,0
756875901605583 D 2634,2287725339,1000,1555,1555,2.3853402,0.02426,-1,-1,-1,0,0,0,136,1,1,0,0.0000000,0.0000000,0.0000000,0,0,0,0
756875902605875 D 2635,2287726339,1000,1554,1554,2.3838062,-0.03684,-1,-1,-1,0,0,0,136,1,1,0,0.0000000,0.0000000,0.0000000,0,0,0,0
756875903607041 D 2636,2287727339,1000,1554,1554,2.3838062,-0.03539,-1,-1,-1,0,0,0,136,1,1,0,0.0000000,0.0000000,0.0000000,0,0,0,0
756875904587083 D 2637,2287728339,1000,1555,1555,2.3853402,0.02614,-1,-1,-1,0,0,0,136,1,1,0,0.0000000,0.0000000,0.0000000,0,0,0,0
756875905599041 D 2638,2287729339,1000,1554,1554,2.3838062,-0.03503,-1,-1,-1,0,0,0,136,1,1,0,0.0000000,0.0000000,0.0000000,0,0,0,0
756875906592166 D 2639,2287730339,1000,1555,1555,2.3853402,0.02649,-1,-1,-1,0,0,0,136,1,1,0,0.0000000,0.0000000,0.0000000,0,0,0,0
756875907580000 D 2640,2287731339,1000,1554,1554,2.3838062,-0.03470,-1,-1,-1,0,0,0,136,1,1,0,0.0000000,0.0000000,0.0000000,0,0,0,0
756875908586625 D 2641,2287732339,1000,1555,1555,2.3853402,0.02681,-1,-1,-1,0,0,0,136,1,1,0,0.0000000,0.0000000,0.0000000,0,0,0,0
756875909588083 D 2642,2287733339,1000,1554,1554,2.3838062,-0.03439,-1,-1,-1,0,0,0,136,1,1,0,0.0000000,0.0000000,0.0000000,0,0,0,0
756875910594000 D 2643,2287734339,1000,1554,1554,2.3838062,-0.03304,-1,-1,-1,0,0,0,136,1,1,0,0.0000000,0.0000000,0.0000000,0,0,0,0
756875911584958 D 2644,2287735339,1000,1555,1555,2.3853402,0.02840,-1,-1,-1,0,0,0,136,1,1,0,0.0000000,0.0000000,0.0000000,0,0,0,0
756875912576916 D 2645,2287736339,1000,1555,1555,2.3853402,0.02729,-1,-1,-1,0,0,0,136,1,1,0,0.0000000,0.0000000,0.0000000,0,0,0,0
756875913583208 D 2646,2287737339,1000,1555,1555,2.3853402,0.02622,-1,-1,-1,0,0,0,136,1,1,0,0.0000000,0.0000000,0.0000000,0,0,0,0
756875914602458 D 2647,2287738339,1000,1554,1554,2.3838062,-0.03496,-1,-1,-1,0,0,0,135,1,1,0,0.0000000,0.0000000,0.0000000,0,0,0,0
756875915593166 D 2648,2287739339,1000,1555,1555,2.3853402,0.02656,-1,-1,-1,0,0,0,136,1,1,0,0.0000000,0.0000000,0.0000000,0,0,0,0
756875916587625 D 2649,2287740339,1000,1555,1555,2.3853402,0.02552,-1,-1,-1,0,0,0,136,1,1,0,0.0000000,0.0000000,0.0000000,0,0,0,0
756875917599583 D 2650,2287741339,1000,1554,1554,2.3838062,-0.03563,-1,-1,-1,0,0,0,136,1,1,0,0.0000000,0.0000000,0.0000000,0,0,0,0
756875918589875 D 2651,2287742339,1000,1554,1554,2.3838062,-0.03423,-1,-1,-1,0,0,0,136,1,1,0,0.0000000,0.0000000,0.0000000,0,0,0,0
756875919591666 D 2652,2287743339,1000,1554,1554,2.3838062,-0.03289,-1,-1,-1,0,0,0,136,1,1,0,0.0000000,0.0000000,0.0000000,0,0,0,0
756875920579750 D 2653,2287744339,1000,1555,1555,2.3853402,0.02855,-1,-1,-1,0,0,0,136,1,1,0,0.0000000,0.0000000,0.0000000,0,0,0,0
756875921574541 D 2654,2287745339,1000,1555,1555,2.3853402,0.02743,-1,-1,-1,0,0,0,136,1,1,0,0.0000000,0.0000000,0.0000000,0,0,0,0
756875922600875 D 2655,2287746339,1000,1555,1555,2.3853402,0.02635,-1,-1,-1,0,0,0,136,1,1,0,0.0000000,0.0000000,0.0000000,0,0,0,0
756875923600625 D 2656,2287747339,1000,1554,1554,2.3838062,-0.03483,-1,-1,-1,0,0,0,136,1,1,0,0.0000000,0.0000000,0.0000000,0,0,0,0
756875924587875 D 2657,2287748339,1000,1555,1555,2.3853402,0.02669,-1,-1,-1,0,0,0,136,1,1,0,0.0000000,0.0000000,0.0000000,0,0,0,0
756875925596083 D 2658,2287749339,1000,1554,1554,2.3838062,-0.03451,-1,-1,-1,0,0,0,136,1,1,0,0.0000000,0.0000000,0.0000000,0,0,0,0
756875926588750 D 2659,2287750339,1000,1555,1555,2.3853402,0.02699,-1,-1,-1,0,0,0,136,1,1,0,0.0000000,0.0000000,0.0000000,0,0,0,0
756875927592833 D 2660,2287751339,1000,1555,1555,2.3853402,0.02594,-1,-1,-1,0,0,0,136,1,1,0,0.0000000,0.0000000,0.0000000,0,0,0,0
756875929032083 D 2661,2287752339,1000,1554,1554,2.3838062,-0.03523,39,128,2035,0,0,0,136,1,1,0,0.0000000,0.0000000,0.0000000,0,0,0,0
756875929650708 D 2662,2287753339,1000,1555,1555,2.3853402,0.02630,-1,-1,-1,0,0,0,136,1,1,0,0.0000000,0.0000000,0.0000000,0,0,0,0
756875930605666 D 2663,2287754339,1000,1555,1555,2.3853402,0.02527,-1,-1,-1,0,0,0,136,1,1,0,0.0000000,0.0000000,0.0000000,0,0,0,0
756875931606666 D 2664,2287755339,1000,1554,1554,2.3838062,-0.03587,-1,-1,-1,0,0,0,136,1,1,0,0.0000000,0.0000000,0.0000000,0,0,0,0
756875932596166 D 2665,2287756339,1000,1555,1555,2.3853402,0.02568,-1,-1,-1,0,0,0,136,1,1,0,0.0000000,0.0000000,0.0000000,0,0,0,0
756875933616791 D 2666,2287757339,1000,1555,1555,2.3853402,0.02468,-1,-1,-1,0,0,0,136,1,1,0,0.0000000,0.0000000,0.0000000,0,0,0,0
756875934611791 D 2667,2287758339,1000,1554,1554,2.3838062,-0.03644,-1,-1,-1,0,0,0,136,1,1,0,0.0000000,0.0000000,0.0000000,0,0,0,0
756875935587250 D 2668,2287759339,1000,1555,1555,2.3853402,0.02514,-1,-1,-1,0,0,0,136,1,1,0,0.0000000,0.0000000,0.0000000,0,0,0,0
756875936587291 D 2669,2287760339,1000,1555,1555,2.3853402,0.02415,-1,-1,-1,0,0,0,136,1,1,0,0.0000000,0.0000000,0.0000000,0,0,0,0
756875937603208 D 2670,2287761339,1000,1554,1554,2.3838062,-0.03694,-1,-1,-1,0,0,0,136,1,1,0,0.0000000,0.0000000,0.0000000,0,0,0,0
756875938594416 D 2671,2287762339,1000,1555,1555,2.3853402,0.02465,-1,-1,-1,0,0,0,136,1,1,0,0.0000000,0.0000000,0.0000000,0,0,0,0
756875939599083 D 2672,2287763339,1000,1554,1554,2.3838062,-0.03646,-1,-1,-1,0,0,0,136,1,1,0,0.0000000,0.0000000,0.0000000,0,0,0,0
756875940585791 D 2673,2287764339,1000,1555,1555,2.3853402,0.02512,-1,-1,-1,0,0,0,136,1,1,0,0.0000000,0.0000000,0.0000000,0,0,0,0
756875941590083 D 2674,2287765339,1000,1554,1554,2.3838062,-0.03602,-1,-1,-1,0,0,0,136,1,1,0,0.0000000,0.0000000,0.0000000,0,0,0,0
756875942580583 D 2675,2287766339,1000,1554,1554,2.3838062,-0.03460,-1,-1,-1,0,0,0,135,1,1,0,0.0000000,0.0000000,0.0000000,0,0,0,0
756875943596666 D 2676,2287767339,1000,1554,1554,2.3838062,-0.03325,-1,-1,-1,0,0,0,136,1,1,0,0.0000000,0.0000000,0.0000000,0,0,0,0
756875944807000 D 2677,2287768339,1000,1555,1555,2.3853402,0.02820,-1,-1,-1,0,0,0,136,1,1,0,0.0000000,0.0000000,0.0000000,0,0,0,0
756875945821958 D 2678,2287769339,1000,1555,1555,2.3853402,0.02710,-1,-1,-1,0,0,0,136,1,1,0,0.0000000,0.0000000,0.0000000,0,0,0,0
756875946823458 D 2679,2287770339,1000,1555,1555,2.3853402,0.02604,-1,-1,-1,0,0,0,136,1,1,0,0.0000000,0.0000000,0.0000000,0,0,0,0
756875947663708 D 2680,2287771339,1000,1555,1555,2.3853402,0.02502,-1,-1,-1,0,0,0,136,1,1,0,0.0000000,0.0000000,0.0000000,0,0,0,0
756875948593458 D 2681,2287772339,1000,1555,1555,2.3853402,0.02403,-1,-1,-1,0,0,0,136,1,1,0,0.0000000,0.0000000,0.0000000,0,0,0,0
756875949596041 D 2682,2287773339,1000,1555,1555,2.3853402,0.02309,-1,-1,-1,0,0,0,136,1,1,0,0.0000000,0.0000000,0.0000000,0,0,0,0
756875950588875 D 2683,2287774339,1000,1555,1555,2.3853402,0.02219,-1,-1,-1,0,0,0,136,1,1,0,0.0000000,0.0000000,0.0000000,0,0,0,0
756875951583125 D 2684,2287775339,1000,1555,1555,2.3853402,0.02132,-1,-1,-1,0,0,0,136,1,1,0,0.0000000,0.0000000,0.0000000,0,0,0,0
756875952580125 D 2685,2287776339,1000,1555,1555,2.3853402,0.02048,-1,-1,-1,0,0,0,136,1,1,0,0.0000000,0.0000000,0.0000000,0,0,0,0
756875953579750 D 2686,2287777339,1000,1555,1555,2.3853402,0.01968,-1,-1,-1,0,0,0,136,1,1,0,0.0000000,0.0000000,0.0000000,0,0,0,0
756875954587125 D 2687,2287778339,1000,1555,1555,2.3853402,0.01891,-1,-1,-1,0,0,0,136,1,1,0,0.0000000,0.0000000,0.0000000,0,0,0,0
756875955582541 D 2688,2287779339,1000,1554,1554,2.3838062,-0.04198,-1,-1,-1,0,0,0,136,1,1,0,0.0000000,0.0000000,0.0000000,0,0,0,0
756875956591791 D 2689,2287780339,1000,1555,1555,2.3853402,0.01981,-1,-1,-1,0,0,0,136,1,1,0,0.0000000,0.0000000,0.0000000,0,0,0,0
756875957615708 D 2690,2287781339,1000,1555,1555,2.3853402,0.01903,-1,-1,-1,0,0,0,136,1,1,0,0.0000000,0.0000000,0.0000000,0,0,0,0
756875958623541 D 2691,2287782339,1000,1554,1554,2.3838062,-0.04186,-1,-1,-1,0,0,0,136,1,1,0,0.0000000,0.0000000,0.0000000,0,0,0,0
756875959618125 D 2692,2287783339,1000,1555,1555,2.3853402,0.01993,-1,-1,-1,0,0,0,136,1,1,0,0.0000000,0.0000000,0.0000000,0,0,0,0
756875960599958 D 2693,2287784339,1000,1555,1555,2.3853402,0.01915,-1,-1,-1,0,0,0,136,1,1,0,0.0000000,0.0000000,0.0000000,0,0,0,0
756875961611708 D 2694,2287785339,1000,1555,1555,2.3853402,0.01840,-1,-1,-1,0,0,0,136,1,1,0,0.0000000,0.0000000,0.0000000,0,0,0,0
756875962638250 D 2695,2287786339,1000,1555,1555,2.3853402,0.01768,-1,-1,-1,0,0,0,136,1,1,0,0.0000000,0.0000000,0.0000000,0,0,0,0
756875963622666 D 2696,2287787339,1000,1555,1555,2.3853402,0.01698,-1,-1,-1,0,0,0,136,1,1,0,0.0000000,0.0000000,0.0000000,0,0,0,0
756875964602000 D 2697,2287788339,1000,1555,1555,2.3853402,0.01632,-1,-1,-1,0,0,0,136,1,1,0,0.0000000,0.0000000,0.0000000,0,0,0,0
756875965575875 D 2698,2287789339,1000,1555,1555,2.3853402,0.01568,-1,-1,-1,0,0,0,136,1,1,0,0.0000000,0.0000000,0.0000000,0,0,0,0
756875966594125 D 2699,2287790339,1000,1555,1555,2.3853402,0.01506,-1,-1,-1,0,0,0,136,1,1,0,0.0000000,0.0000000,0.0000000,0,0,0,0
756875967589875 D 2700,2287791339,1000,1554,1554,2.3838062,-0.04568,-1,-1,-1,0,0,0,136,1,1,0,0.0000000,0.0000000,0.0000000,0,0,0,0
756875968594833 D 2701,2287792339,1000,1554,1554,2.3838062,-0.04389,-1,-1,-1,0,0,0,136,1,1,0,0.0000000,0.0000000,0.0000000,0,0,0,0
756875969588541 D 2702,2287793339,1000,1555,1555,2.3853402,0.01798,-1,-1,-1,0,0,0,136,1,1,0,0.0000000,0.0000000,0.0000000,0,0,0,0
756875970580666 D 2703,2287794339,1000,1555,1555,2.3853402,0.01728,-1,-1,-1,0,0,0,136,1,1,0,0.0000000,0.0000000,0.0000000,0,0,0,0
756875971601416 D 2704,2287795339,1000,1554,1554,2.3838062,-0.04355,-1,-1,-1,0,0,0,136,1,1,0,0.0000000,0.0000000,0.0000000,0,0,0,0
756875972590000 D 2705,2287796339,1000,1555,1555,2.3853402,0.01831,-1,-1,-1,0,0,0,136,1,1,0,0.0000000,0.0000000,0.0000000,0,0,0,0
756875973615750 D 2706,2287797339,1000,1555,1555,2.3853402,0.01759,-1,-1,-1,0,0,0,136,1,1,0,0.0000000,0.0000000,0.0000000,0,0,0,0
756875974607791 D 2707,2287798339,1000,1555,1555,2.3853402,0.01690,-1,-1,-1,0,0,0,136,1,1,0,0.0000000,0.0000000,0.0000000,0,0,0,0
756875975599541 D 2708,2287799339,1000,1554,1554,2.3838062,-0.04391,-1,-1,-1,0,0,0,136,1,1,0,0.0000000,0.0000000,0.0000000,0,0,0,0
756875976832125 D 2709,2287800339,1000,1555,1555,2.3853402,0.01796,-1,-1,-1,0,0,0,136,1,1,0,0.0000000,0.0000000,0.0000000,0,0,0,0
756875977822791 D 2710,2287801339,1000,1555,1555,2.3853402,0.01726,-1,-1,-1,0,0,0,136,1,1,0,0.0000000,0.0000000,0.0000000,0,0,0,0
756875979236125 D 2711,2287802339,1000,1554,1554,2.3838062,-0.04357,39,128,2033,0,0,0,136,1,1,0,0.0000000,0.0000000,0.0000000,0,0,0,0
756875980091125 D 2712,2287803339,1000,1554,1554,2.3838062,-0.04186,-1,-1,-1,0,0,0,136,1,1,0,0.0000000,0.0000000,0.0000000,0,0,0,0
756875980887916 D 2713,2287804339,1000,1555,1555,2.3853402,0.01993,-1,-1,-1,0,0,0,136,1,1,0,0.0000000,0.0000000,0.0000000,0,0,0,0
756875981582625 D 2714,2287805339,1000,1555,1555,2.3853402,0.01915,-1,-1,-1,0,0,0,136,1,1,0,0.0000000,0.0000000,0.0000000,0,0,0,0
756875982617333 D 2715,2287806339,1000,1554,1554,2.3838062,-0.04175,-1,-1,-1,0,0,0,136,1,1,0,0.0000000,0.0000000,0.0000000,0,0,0,0
756875983596708 D 2716,2287807339,1000,1554,1554,2.3838062,-0.04011,-1,-1,-1,0,0,0,136,1,1,0,0.0000000,0.0000000,0.0000000,0,0,0,0
756875984588833 D 2717,2287808339,1000,1555,1555,2.3853402,0.02161,-1,-1,-1,0,0,0,136,1,1,0,0.0000000,0.0000000,0.0000000,0,0,0,0
756875985594041 D 2718,2287809339,1000,1555,1555,2.3853402,0.02076,-1,-1,-1,0,0,0,136,1,1,0,0.0000000,0.0000000,0.0000000,0,0,0,0
756875986588125 D 2719,2287810339,1000,1555,1555,2.3853402,0.01995,-1,-1,-1,0,0,0,136,1,1,0,0.0000000,0.0000000,0.0000000,0,0,0,0
756875987647541 D 2720,2287811339,1000,1555,1555,2.3853402,0.01916,-1,-1,-1,0,0,0,136,1,1,0,0.0000000,0.0000000,0.0000000,0,0,0,0
756875988687291 D 2721,2287812339,1000,1554,1554,2.3838062,-0.04174,-1,-1,-1,0,0,0,136,1,1,0,0.0000000,0.0000000,0.0000000,0,0,0,0
756875989646333 D 2722,2287813339,1000,1554,1554,2.3838062,-0.04010,-1,-1,-1,0,0,0,136,1,1,0,0.0000000,0.0000000,0.0000000,0,0,0,0
756875990621583 D 2723,2287814339,1000,1555,1555,2.3853402,0.02162,-1,-1,-1,0,0,0,136,1,1,0,0.0000000,0.0000000,0.0000000,0,0,0,0
756875991618583 D 2724,2287815339,1000,1555,1555,2.3853402,0.02077,-1,-1,-1,0,0,0,135,1,1,0,0.0000000,0.0000000,0.0000000,0,0,0,0
756875992634916 D 2725,2287816339,1000,1555,1555,2.3853402,0.01996,-1,-1,-1,0,0,0,136,1,1,0,0.0000000,0.0000000,0.0000000,0,0,0,0
756875993681208 D 2726,2287817339,1000,1554,1554,2.3838062,-0.04097,-1,-1,-1,0,0,0,136,1,1,0,0.0000000,0.0000000,0.0000000,0,0,0,0
756875994645916 D 2727,2287818339,1000,1555,1555,2.3853402,0.02078,-1,-1,-1,0,0,0,136,1,1,0,0.0000000,0.0000000,0.0000000,0,0,0,0
756875995620625 D 2728,2287819339,1000,1555,1555,2.3853402,0.01997,-1,-1,-1,0,0,0,136,1,1,0,0.0000000,0.0000000,0.0000000,0,0,0,0
756875996606791 D 2729,2287820339,1000,1555,1555,2.3853402,0.01918,-1,-1,-1,0,0,0,136,1,1,0,0.0000000,0.0000000,0.0000000,0,0,0,0
756875997607083 D 2730,2287821339,1000,1555,1555,2.3853402,0.01843,-1,-1,-1,0,0,0,136,1,1,0,0.0000000,0.0000000,0.0000000,0,0,0,0
756875998614208 D 2731,2287822339,1000,1555,1555,2.3853402,0.01771,-1,-1,-1,0,0,0,136,1,1,0,0.0000000,0.0000000,0.0000000,0,0,0,0
756875999606250 D 2732,2287823339,1000,1555,1555,2.3853402,0.01702,-1,-1,-1,0,0,0,136,1,1,0,0.0000000,0.0000000,0.0000000,0,0,0,0
756876000616250 D 2733,2287824339,1000,1555,1555,2.3853402,0.01635,-1,-1,-1,0,0,0,136,1,1,0,0.0000000,0.0000000,0.0000000,0,0,0,0
756876001612166 D 2734,2287825339,1000,1555,1555,2.3853402,0.01571,-1,-1,-1,0,0,0,136,1,1,0,0.0000000,0.0000000,0.0000000,0,0,0,0
756876002625250 D 2735,2287826339,1000,1555,1555,2.3853402,0.01509,-1,-1,-1,0,0,0,136,1,1,0,0.0000000,0.0000000,0.0000000,0,0,0,0
756876003617291 D 2736,2287827339,1000,1554,1554,2.3838062,-0.04565,-1,-1,-1,0,0,0,136,1,1,0,0.0000000,0.0000000,0.0000000,0,0,0,0
756876004601583 D 2737,2287828339,1000,1555,1555,2.3853402,0.01629,-1,-1,-1,0,0,0,136,1,1,0,0.0000000,0.0000000,0.0000000,0,0,0,0
756876005601375 D 2738,2287829339,1000,1554,1554,2.3838062,-0.04450,-1,-1,-1,0,0,0,136,1,1,0,0.0000000,0.0000000,0.0000000,0,0,0,0
756876006588916 D 2739,2287830339,1000,1555,1555,2.3853402,0.01740,-1,-1,-1,0,0,0,136,1,1,0,0.0000000,0.0000000,0.0000000,0,0,0,0
756876007606666 D 2740,2287831339,1000,1555,1555,2.3853402,0.01671,-1,-1,-1,0,0,0,136,1,1,0,0.0000000,0.0000000,0.0000000,0,0,0,0
756876008614958 D 2741,2287832339,1000,1555,1555,2.3853402,0.01606,-1,-1,-1,0,0,0,136,1,1,0,0.0000000,0.0000000,0.0000000,0,0,0,0
756876009624875 D 2742,2287833339,1000,1555,1555,2.3853402,0.01543,-1,-1,-1,0,0,0,136,1,1,0,0.0000000,0.0000000,0.0000000,0,0,0,0
756876010838708 D 2743,2287834339,1000,1555,1555,2.3853402,0.01482,-1,-1,-1,0,0,0,136,1,1,0,0.0000000,0.0000000,0.0000000,0,0,0,0
756876011819833 D 2744,2287835339,1000,1555,1555,2.3853402,0.01424,-1,-1,-1,0,0,0,136,1,1,0,0.0000000,0.0000000,0.0000000,0,0,0,0
756876012766875 D 2745,2287836339,1000,1555,1555,2.3853402,0.01368,-1,-1,-1,0,0,0,136,1,1,0,0.0000000,0.0000000,0.0000000,0,0,0,0
756876013642666 D 2746,2287837339,1000,1554,1554,2.3838062,-0.04700,-1,-1,-1,0,0,0,136,1,1,0,0.0000000,0.0000000,0.0000000,0,0,0,0
756876014617625 D 2747,2287838339,1000,1554,1554,2.3838062,-0.04516,-1,-1,-1,0,0,0,136,1,1,0,0.0000000,0.0000000,0.0000000,0,0,0,0
756876015610541 D 2748,2287839339,1000,1555,1555,2.3853402,0.01676,-1,-1,-1,0,0,0,136,1,1,0,0.0000000,0.0000000,0.0000000,0,0,0,0
756876016627333 D 2749,2287840339,1000,1555,1555,2.3853402,0.01610,-1,-1,-1,0,0,0,136,1,1,0,0.0000000,0.0000000,0.0000000,0,0,0,0
756876017635541 D 2750,2287841339,1000,1554,1554,2.3838062,-0.04468,-1,-1,-1,0,0,0,136,1,1,0,0.0000000,0.0000000,0.0000000,0,0,0,0
756876018610083 D 2751,2287842339,1000,1555,1555,2.3853402,0.01722,-1,-1,-1,0,0,0,136,1,1,0,0.0000000,0.0000000,0.0000000,0,0,0,0
756876019605208 D 2752,2287843339,1000,1555,1555,2.3853402,0.01655,-1,-1,-1,0,0,0,135,1,1,0,0.0000000,0.0000000,0.0000000,0,0,0,0
756876020623583 D 2753,2287844339,1000,1554,1554,2.3838062,-0.04425,-1,-1,-1,0,0,0,136,1,1,0,0.0000000,0.0000000,0.0000000,0,0,0,0
756876021632041 D 2754,2287845339,1000,1555,1555,2.3853402,0.01763,-1,-1,-1,0,0,0,136,1,1,0,0.0000000,0.0000000,0.0000000,0,0,0,0
756876022616083 D 2755,2287846339,1000,1555,1555,2.3853402,0.01694,-1,-1,-1,0,0,0,136,1,1,0,0.0000000,0.0000000,0.0000000,0,0,0,0
756876023605041 D 2756,2287847339,1000,1554,1554,2.3838062,-0.04387,-1,-1,-1,0,0,0,136,1,1,0,0.0000000,0.0000000,0.0000000,0,0,0,0
756876024618833 D 2757,2287848339,1000,1555,1555,2.3853402,0.01800,-1,-1,-1,0,0,0,136,1,1,0,0.0000000,0.0000000,0.0000000,0,0,0,0
756876025620125 D 2758,2287849339,1000,1554,1554,2.3838062,-0.04285,-1,-1,-1,0,0,0,136,1,1,0,0.0000000,0.0000000,0.0000000,0,0,0,0
756876026606666 D 2759,2287850339,1000,1554,1554,2.3838062,-0.04117,-1,-1,-1,0,0,0,136,1,1,0,0.0000000,0.0000000,0.0000000,0,0,0,0
756876027597083 D 2760,2287851339,1000,1555,1555,2.3853402,0.02059,-1,-1,-1,0,0,0,136,1,1,0,0.0000000,0.0000000,0.0000000,0,0,0,0
756876029040958 D 2761,2287852339,1000,1554,1554,2.3838062,-0.04037,39,128,2036,0,0,0,136,1,1,0,0.0000000,0.0000000,0.0000000,0,0,0,0
756876029673083 D 2762,2287853339,1000,1554,1554,2.3838062,-0.03878,-1,-1,-1,0,0,0,136,1,1,0,0.0000000,0.0000000,0.0000000,0,0,0,0
756876030601750 D 2763,2287854339,1000,1554,1554,2.3838062,-0.03726,-1,-1,-1,0,0,0,136,1,1,0,0.0000000,0.0000000,0.0000000,0,0,0,0
756876031594833 D 2764,2287855339,1000,1554,1554,2.3838062,-0.03580,-1,-1,-1,0,0,0,136,1,1,0,0.0000000,0.0000000,0.0000000,0,0,0,0
756876032591000 D 2765,2287856339,1000,1555,1555,2.3853402,0.02575,-1,-1,-1,0,0,0,136,1,1,0,0.0000000,0.0000000,0.0000000,0,0,0,0
756876033585916 D 2766,2287857339,1000,1555,1555,2.3853402,0.02474,-1,-1,-1,0,0,0,136,1,1,0,0.0000000,0.0000000,0.0000000,0,0,0,0
756876034588125 D 2767,2287858339,1000,1555,1555,2.3853402,0.02377,-1,-1,-1,0,0,0,136,1,1,0,0.0000000,0.0000000,0.0000000,0,0,0,0
756876035592125 D 2768,2287859339,1000,1555,1555,2.3853402,0.02284,-1,-1,-1,0,0,0,136,1,1,0,0.0000000,0.0000000,0.0000000,0,0,0,0
756876036583875 D 2769,2287860339,1000,1555,1555,2.3853402,0.02194,-1,-1,-1,0,0,0,136,1,1,0,0.0000000,0.0000000,0.0000000,0,0,0,0
756876037591375 D 2770,2287861339,1000,1554,1554,2.3838062,-0.03907,-1,-1,-1,0,0,0,136,1,1,0,0.0000000,0.0000000,0.0000000,0,0,0,0
756876038597083 D 2771,2287862339,1000,1554,1554,2.3838062,-0.03753,-1,-1,-1,0,0,0,136,1,1,0,0.0000000,0.0000000,0.0000000,0,0,0,0
756876039827416 D 2772,2287863339,1000,1555,1555,2.3853402,0.02409,-1,-1,-1,0,0,0,136,1,1,0,0.0000000,0.0000000,0.0000000,0,0,0,0
756876040849333 D 2773,2287864339,1000,1555,1555,2.3853402,0.02314,-1,-1,-1,0,0,0,136,1,1,0,0.0000000,0.0000000,0.0000000,0,0,0,0
756876041857833 D 2774,2287865339,1000,1554,1554,2.3838062,-0.03791,-1,-1,-1,0,0,0,136,1,1,0,0.0000000,0.0000000,0.0000000,0,0,0,0
756876042634208 D 2775,2287866339,1000,1555,1555,2.3853402,0.02372,-1,-1,-1,0,0,0,136,1,1,0,0.0000000,0.0000000,0.0000000,0,0,0,0
756876043609000 D 2776,2287867339,1000,1554,1554,2.3838062,-0.03736,-1,-1,-1,0,0,0,136,1,1,0,0.0000000,0.0000000,0.0000000,0,0,0,0
756876044591500 D 2777,2287868339,1000,1555,1555,2.3853402,0.02426,-1,-1,-1,0,0,0,136,1,1,0,0.0000000,0.0000000,0.0000000,0,0,0,0
756876045629791 D 2778,2287869339,1000,1554,1554,2.3838062,-0.03684,-1,-1,-1,0,0,0,136,1,1,0,0.0000000,0.0000000,0.0000000,0,0,0,0
756876046722333 D 2779,2287870339,1000,1554,1554,2.3838062,-0.03540,-1,-1,-1,0,0,0,136,1,1,0,0.0000000,0.0000000,0.0000000,0,0,0,0
756876047744125 D 2780,2287871339,1000,1555,1555,2.3853402,0.02614,-1,-1,-1,0,0,0,136,1,1,0,0.0000000,0.0000000,0.0000000,0,0,0,0
756876048652500 D 2781,2287872339,1000,1555,1555,2.3853402,0.02511,-1,-1,-1,0,0,0,136,1,1,0,0.0000000,0.0000000,0.0000000,0,0,0,0
756876049629750 D 2782,2287873339,1000,1555,1555,2.3853402,0.02413,-1,-1,-1,0,0,0,136,1,1,0,0.0000000,0.0000000,0.0000000,0,0,0,0
756876050618458 D 2783,2287874339,1000,1555,1555,2.3853402,0.02318,-1,-1,-1,0,0,0,136,1,1,0,0.0000000,0.0000000,0.0000000,0,0,0,0
756876051609708 D 2784,2287875339,1000,1555,1555,2.3853402,0.02227,-1,-1,-1,0,0,0,136,1,1,0,0.0000000,0.0000000,0.0000000,0,0,0,0
756876052591250 D 2785,2287876339,1000,1555,1555,2.3853402,0.02140,-1,-1,-1,0,0,0,136,1,1,0,0.0000000,0.0000000,0.0000000,0,0,0,0
756876053612166 D 2786,2287877339,1000,1554,1554,2.3838062,-0.03959,-1,-1,-1,0,0,0,136,1,1,0,0.0000000,0.0000000,0.0000000,0,0,0,0
756876054590750 D 2787,2287878339,1000,1555,1555,2.3853402,0.02211,-1,-1,-1,0,0,0,136,1,1,0,0.0000000,0.0000000,0.0000000,0,0,0,0
756876055611958 D 2788,2287879339,1000,1554,1554,2.3838062,-0.03890,-1,-1,-1,0,0,0,136,1,1,0,0.0000000,0.0000000,0.0000000,0,0,0,0
756876056655541 D 2789,2287880339,1000,1555,1555,2.3853402,0.02277,-1,-1,-1,0,0,0,136,1,1,0,0.0000000,0.0000000,0.0000000,0,0,0,0
756876057615791 D 2790,2287881339,1000,1555,1555,2.3853402,0.02188,-1,-1,-1,0,0,0,136,1,1,0,0.0000000,0.0000000,0.0000000,0,0,0,0
756876058597500 D 2791,2287882339,1000,1554,1554,2.3838062,-0.03913,-1,-1,-1,0,0,0,136,1,1,0,0.0000000,0.0000000,0.0000000,0,0,0,0
756876059594583 D 2792,2287883339,1000,1555,1555,2.3853402,0.02255,-1,-1,-1,0,0,0,136,1,1,0,0.0000000,0.0000000,0.0000000,0,0,0,0
756876060594375 D 2793,2287884339,1000,1555,1555,2.3853402,0.02167,-1,-1,-1,0,0,0,136,1,1,0,0.0000000,0.0000000,0.0000000,0,0,0,0
756876061660958 D 2794,2287885339,1000,1554,1554,2.3838062,-0.03933,-1,-1,-1,0,0,0,136,1,1,0,0.0000000,0.0000000,0.0000000,0,0,0,0
756876062633708 D 2795,2287886339,1000,1554,1554,2.3838062,-0.03779,-1,-1,-1,0,0,0,136,1,1,0,0.0000000,0.0000000,0.0000000,0,0,0,0
756876063599291 D 2796,2287887339,1000,1555,1555,2.3853402,0.02384,-1,-1,-1,0,0,0,136,1,1,0,0.0000000,0.0000000,0.0000000,0,0,0,0
756876064596916 D 2797,2287888339,1000,1555,1555,2.3853402,0.02291,-1,-1,-1,0,0,0,136,1,1,0,0.0000000,0.0000000,0.0000000,0,0,0,0
756876065594166 D 2798,2287889339,1000,1555,1555,2.3853402,0.02201,-1,-1,-1,0,0,0,136,1,1,0,0.0000000,0.0000000,0.0000000,0,0,0,0
756876066593666 D 2799,2287890339,1000,1555,1555,2.3853402,0.02115,-1,-1,-1,0,0,0,136,1,1,0,0.0000000,0.0000000,0.0000000,0,0,0,0
756876067589500 D 2800,2287891339,1000,1555,1555,2.3853402,0.02032,-1,-1,-1,0,0,0,136,1,1,0,0.0000000,0.0000000,0.0000000,0,0,0,0
756876068635416 D 2801,2287892339,1000,1555,1555,2.3853402,0.01952,-1,-1,-1,0,0,0,135,1,1,0,0.0000000,0.0000000,0.0000000,0,0,0,0
756876069666875 D 2802,2287893339,1000,1555,1555,2.3853402,0.01876,-1,-1,-1,0,0,0,136,1,1,0,0.0000000,0.0000000,0.0000000,0,0,0,0
756876070638958 D 2803,2287894339,1000,1555,1555,2.3853402,0.01802,-1,-1,-1,0,0,0,136,1,1,0,0.0000000,0.0000000,0.0000000,0,0,0,0
756876071648208 D 2804,2287895339,1000,1555,1555,2.3853402,0.01731,-1,-1,-1,0,0,0,136,1,1,0,0.0000000,0.0000000,0.0000000,0,0,0,0
756876072624166 D 2805,2287896339,1000,1555,1555,2.3853402,0.01664,-1,-1,-1,0,0,0,136,1,1,0,0.0000000,0.0000000,0.0000000,0,0,0,0
756876073601000 D 2806,2287897339,1000,1555,1555,2.3853402,0.01598,-1,-1,-1,0,0,0,136,1,1,0,0.0000000,0.0000000,0.0000000,0,0,0,0
756876074606708 D 2807,2287898339,1000,1555,1555,2.3853402,0.01536,-1,-1,-1,0,0,0,136,1,1,0,0.0000000,0.0000000,0.0000000,0,0,0,0
756876075615541 D 2808,2287899339,1000,1555,1555,2.3853402,0.01475,-1,-1,-1,0,0,0,135,1,1,0,0.0000000,0.0000000,0.0000000,0,0,0,0
756876076588875 D 2809,2287900339,1000,1555,1555,2.3853402,0.01418,-1,-1,-1,0,0,0,136,1,1,0,0.0000000,0.0000000,0.0000000,0,0,0,0
756876077899875 D 2810,2287901339,1000,1555,1555,2.3853402,0.01362,-1,-1,-1,0,0,0,136,1,1,0,0.0000000,0.0000000,0.0000000,0,0,0,0
756876079272625 D 2811,2287902339,1000,1555,1555,2.3853402,0.01309,39,128,2033,0,0,0,136,1,1,0,0.0000000,0.0000000,0.0000000,0,0,0,0
756876080186125 D 2812,2287903339,1000,1555,1555,2.3853402,0.01257,-1,-1,-1,0,0,0,136,1,1,0,0.0000000,0.0000000,0.0000000,0,0,0,0
756876081180916 D 2813,2287904339,1000,1555,1555,2.3853402,0.01208,-1,-1,-1,0,0,0,136,1,1,0,0.0000000,0.0000000,0.0000000,0,0,0,0
756876081991666 D 2814,2287905339,1000,1555,1555,2.3853402,0.01161,-1,-1,-1,0,0,0,136,1,1,0,0.0000000,0.0000000,0.0000000,0,0,0,0
756876082637125 D 2815,2287906339,1000,1555,1555,2.3853402,0.01115,-1,-1,-1,0,0,0,136,1,1,0,0.0000000,0.0000000,0.0000000,0,0,0,0
756876083637708 D 2816,2287907339,1000,1555,1555,2.3853402,0.01071,-1,-1,-1,0,0,0,136,1,1,0,0.0000000,0.0000000,0.0000000,0,0,0,0
756876084608583 D 2817,2287908339,1000,1555,1555,2.3853402,0.01029,-1,-1,-1,0,0,0,136,1,1,0,0.0000000,0.0000000,0.0000000,0,0,0,0
756876085642916 D 2818,2287909339,1000,1554,1554,2.3838062,-0.05026,-1,-1,-1,0,0,0,136,1,1,0,0.0000000,0.0000000,0.0000000,0,0,0,0
756876086617208 D 2819,2287910339,1000,1555,1555,2.3853402,0.01186,-1,-1,-1,0,0,0,136,1,1,0,0.0000000,0.0000000,0.0000000,0,0,0,0
756876087618208 D 2820,2287911339,1000,1554,1554,2.3838062,-0.04875,-1,-1,-1,0,0,0,136,1,1,0,0.0000000,0.0000000,0.0000000,0,0,0,0
756876088643666 D 2821,2287912339,1000,1555,1555,2.3853402,0.01331,-1,-1,-1,0,0,0,136,1,1,0,0.0000000,0.0000000,0.0000000,0,0,0,0
756876089683958 D 2822,2287913339,1000,1555,1555,2.3853402,0.01279,-1,-1,-1,0,0,0,136,1,1,0,0.0000000,0.0000000,0.0000000,0,0,0,0
756876090626250 D 2823,2287914339,1000,1555,1555,2.3853402,0.01228,-1,-1,-1,0,0,0,136,1,1,0,0.0000000,0.0000000,0.0000000,0,0,0,0
756876091624458 D 2824,2287915339,1000,1554,1554,2.3838062,-0.04835,-1,-1,-1,0,0,0,136,1,1,0,0.0000000,0.0000000,0.0000000,0,0,0,0
756876092619833 D 2825,2287916339,1000,1554,1554,2.3838062,-0.04645,-1,-1,-1,0,0,0,136,1,1,0,0.0000000,0.0000000,0.0000000,0,0,0,0
756876093617000 D 2826,2287917339,1000,1555,1555,2.3853402,0.01552,-1,-1,-1,0,0,0,136,1,1,0,0.0000000,0.0000000,0.0000000,0,0,0,0
756876094633541 D 2827,2287918339,1000,1554,1554,2.3838062,-0.04524,-1,-1,-1,0,0,0,136,1,1,0,0.0000000,0.0000000,0.0000000,0,0,0,0
756876095619291 D 2828,2287919339,1000,1555,1555,2.3853402,0.01668,-1,-1,-1,0,0,0,136,1,1,0,0.0000000,0.0000000,0.0000000,0,0,0,0
756876096620416 D 2829,2287920339,1000,1555,1555,2.3853402,0.01603,-1,-1,-1,0,0,0,135,1,1,0,0.0000000,0.0000000,0.0000000,0,0,0,0
756876097644416 D 2830,2287921339,1000,1555,1555,2.3853402,0.01540,-1,-1,-1,0,0,0,136,1,1,0,0.0000000,0.0000000,0.0000000,0,0,0,0
756876098674708 D 2831,2287922339,1000,1554,1554,2.3838062,-0.04535,-1,-1,-1,0,0,0,136,1,1,0,0.0000000,0.0000000,0.0000000,0,0,0,0
756876099640708 D 2832,2287923339,1000,1555,1555,2.3853402,0.01658,-1,-1,-1,0,0,0,136,1,1,0,0.0000000,0.0000000,0.0000000,0,0,0,0
756876100606791 D 2833,2287924339,1000,1555,1555,2.3853402,0.01593,-1,-1,-1,0,0,0,136,1,1,0,0.0000000,0.0000000,0.0000000,0,0,0,0
756876101628375 D 2834,2287925339,1000,1554,1554,2.3838062,-0.04485,-1,-1,-1,0,0,0,136,1,1,0,0.0000000,0.0000000,0.0000000,0,0,0,0
756876102640666 D 2835,2287926339,1000,1554,1554,2.3838062,-0.04309,-1,-1,-1,0,0,0,136,1,1,0,0.0000000,0.0000000,0.0000000,0,0,0,0
756876103640291 D 2836,2287927339,1000,1555,1555,2.3853402,0.01875,-1,-1,-1,0,0,0,136,1,1,0,0.0000000,0.0000000,0.0000000,0,0,0,0
756876104618000 D 2837,2287928339,1000,1555,1555,2.3853402,0.01801,-1,-1,-1,0,0,0,136,1,1,0,0.0000000,0.0000000,0.0000000,0,0,0,0
756876105622458 D 2838,2287929339,1000,1555,1555,2.3853402,0.01731,-1,-1,-1,0,0,0,136,1,1,0,0.0000000,0.0000000,0.0000000,0,0,0,0
756876106614375 D 2839,2287930339,1000,1555,1555,2.3853402,0.01663,-1,-1,-1,0,0,0,136,1,1,0,0.0000000,0.0000000,0.0000000,0,0,0,0
756876107611458 D 2840,2287931339,1000,1555,1555,2.3853402,0.01598,-1,-1,-1,0,0,0,136,1,1,0,0.0000000,0.0000000,0.0000000,0,0,0,0
756876108612541 D 2841,2287932339,1000,1555,1555,2.3853402,0.01535,-1,-1,-1,0,0,0,136,1,1,0,0.0000000,0.0000000,0.0000000,0,0,0,0
756876109626833 D 2842,2287933339,1000,1554,1554,2.3838062,-0.04540,-1,-1,-1,0,0,0,136,1,1,0,0.0000000,0.0000000,0.0000000,0,0,0,0
756876110827416 D 2843,2287934339,1000,1555,1555,2.3853402,0.01653,-1,-1,-1,0,0,0,136,1,1,0,0.0000000,0.0000000,0.0000000,0,0,0,0
756876111824625 D 2844,2287935339,1000,1555,1555,2.3853402,0.01588,-1,-1,-1,0,0,0,136,1,1,0,0.0000000,0.0000000,0.0000000,0,0,0,0
756876112826750 D 2845,2287936339,1000,1555,1555,2.3853402,0.01526,-1,-1,-1,0,0,0,136,1,1,0,0.0000000,0.0000000,0.0000000,0,0,0,0
756876113700041 D 2846,2287937339,1000,1554,1554,2.3838062,-0.04549,-1,-1,-1,0,0,0,136,1,1,0,0.0000000,0.0000000,0.0000000,0,0,0,0
756876114634041 D 2847,2287938339,1000,1554,1554,2.3838062,-0.04370,-1,-1,-1,0,0,0,136,1,1,0,0.0000000,0.0000000,0.0000000,0,0,0,0
756876115617041 D 2848,2287939339,1000,1555,1555,2.3853402,0.01816,-1,-1,-1,0,0,0,136,1,1,0,0.0000000,0.0000000,0.0000000,0,0,0,0
756876116601458 D 2849,2287940339,1000,1555,1555,2.3853402,0.01745,-1,-1,-1,0,0,0,136,1,1,0,0.0000000,0.0000000,0.0000000,0,0,0,0
756876117614875 D 2850,2287941339,1000,1555,1555,2.3853402,0.01676,-1,-1,-1,0,0,0,136,1,1,0,0.0000000,0.0000000,0.0000000,0,0,0,0
756876118627625 D 2851,2287942339,1000,1554,1554,2.3838062,-0.04404,-1,-1,-1,0,0,0,136,1,1,0,0.0000000,0.0000000,0.0000000,0,0,0,0
756876119610875 D 2852,2287943339,1000,1554,1554,2.3838062,-0.04232,-1,-1,-1,0,0,0,136,1,1,0,0.0000000,0.0000000,0.0000000,0,0,0,0
756876120601416 D 2853,2287944339,1000,1555,1555,2.3853402,0.01949,-1,-1,-1,0,0,0,136,1,1,0,0.0000000,0.0000000,0.0000000,0,0,0,0
756876121602791 D 2854,2287945339,1000,1555,1555,2.3853402,0.01873,-1,-1,-1,0,0,0,136,1,1,0,0.0000000,0.0000000,0.0000000,0,0,0,0
756876122589750 D 2855,2287946339,1000,1555,1555,2.3853402,0.01799,-1,-1,-1,0,0,0,136,1,1,0,0.0000000,0.0000000,0.0000000,0,0,0,0
756876123601833 D 2856,2287947339,1000,1554,1554,2.3838062,-0.04286,-1,-1,-1,0,0,0,136,1,1,0,0.0000000,0.0000000,0.0000000,0,0,0,0
756876124597208 D 2857,2287948339,1000,1554,1554,2.3838062,-0.04118,-1,-1,-1,0,0,0,136,1,1,0,0.0000000,0.0000000,0.0000000,0,0,0,0
756876125658000 D 2858,2287949339,1000,1554,1554,2.3838062,-0.03957,-1,-1,-1,0,0,0,136,1,1,0,0.0000000,0.0000000,0.0000000,0,0,0,0
756876126625416 D 2859,2287950339,1000,1555,1555,2.3853402,0.02213,-1,-1,-1,0,0,0,136,1,1,0,0.0000000,0.0000000,0.0000000,0,0,0,0
756876127640458 D 2860,2287951339,1000,1554,1554,2.3838062,-0.03888,-1,-1,-1,0,0,0,136,1,1,0,0.0000000,0.0000000,0.0000000,0,0,0,0
756876129080000 D 2861,2287952339,1000,1555,1555,2.3853402,0.02279,39,128,2034,0,0,0,136,1,1,0,0.0000000,0.0000000,0.0000000,0,0,0,0
756876129717708 D 2862,2287953339,1000,1555,1555,2.3853402,0.02190,-1,-1,-1,0,0,0,136,1,1,0,0.0000000,0.0000000,0.0000000,0,0,0,0
756876130638833 D 2863,2287954339,1000,1555,1555,2.3853402,0.02104,-1,-1,-1,0,0,0,136,1,1,0,0.0000000,0.0000000,0.0000000,0,0,0,0
756876131615083 D 2864,2287955339,1000,1554,1554,2.3838062,-0.03994,-1,-1,-1,0,0,0,136,1,1,0,0.0000000,0.0000000,0.0000000,0,0,0,0
756876132622833 D 2865,2287956339,1000,1554,1554,2.3838062,-0.03837,-1,-1,-1,0,0,0,136,1,1,0,0.0000000,0.0000000,0.0000000,0,0,0,0
756876133676708 D 2866,2287957339,1000,1555,1555,2.3853402,0.02328,-1,-1,-1,0,0,0,136,1,1,0,0.0000000,0.0000000,0.0000000,0,0,0,0
756876134643250 D 2867,2287958339,1000,1555,1555,2.3853402,0.02237,-1,-1,-1,0,0,0,136,1,1,0,0.0000000,0.0000000,0.0000000,0,0,0,0
756876135597041 D 2868,2287959339,1000,1555,1555,2.3853402,0.02149,-1,-1,-1,0,0,0,136,1,1,0,0.0000000,0.0000000,0.0000000,0,0,0,0
756876136610000 D 2869,2287960339,1000,1555,1555,2.3853402,0.02065,-1,-1,-1,0,0,0,136,1,1,0,0.0000000,0.0000000,0.0000000,0,0,0,0
756876137591250 D 2870,2287961339,1000,1555,1555,2.3853402,0.01984,-1,-1,-1,0,0,0,136,1,1,0,0.0000000,0.0000000,0.0000000,0,0,0,0
756876138619750 D 2871,2287962339,1000,1554,1554,2.3838062,-0.04109,-1,-1,-1,0,0,0,136,1,1,0,0.0000000,0.0000000,0.0000000,0,0,0,0
756876139600291 D 2872,2287963339,1000,1555,1555,2.3853402,0.02067,-1,-1,-1,0,0,0,136,1,1,0,0.0000000,0.0000000,0.0000000,0,0,0,0
756876140616041 D 2873,2287964339,1000,1555,1555,2.3853402,0.01986,-1,-1,-1,0,0,0,136,1,1,0,0.0000000,0.0000000,0.0000000,0,0,0,0
756876141609833 D 2874,2287965339,1000,1554,1554,2.3838062,-0.04106,-1,-1,-1,0,0,0,136,1,1,0,0.0000000,0.0000000,0.0000000,0,0,0,0
756876142844791 D 2875,2287966339,1000,1555,1555,2.3853402,0.02069,-1,-1,-1,0,0,0,136,1,1,0,0.0000000,0.0000000,0.0000000,0,0,0,0
756876143828958 D 2876,2287967339,1000,1554,1554,2.3838062,-0.04027,-1,-1,-1,0,0,0,136,1,1,0,0.0000000,0.0000000,0.0000000,0,0,0,0
756876144825666 D 2877,2287968339,1000,1555,1555,2.3853402,0.02146,-1,-1,-1,0,0,0,136,1,1,0,0.0000000,0.0000000,0.0000000,0,0,0,0
756876145588166 D 2878,2287969339,1000,1555,1555,2.3853402,0.02062,-1,-1,-1,0,0,0,135,1,1,0,0.0000000,0.0000000,0.0000000,0,0,0,0
756876146597416 D 2879,2287970339,1000,1554,1554,2.3838062,-0.04034,-1,-1,-1,0,0,0,136,1,1,0,0.0000000,0.0000000,0.0000000,0,0,0,0
756876147596291 D 2880,2287971339,1000,1555,1555,2.3853402,0.02139,-1,-1,-1,0,0,0,136,1,1,0,0.0000000,0.0000000,0.0000000,0,0,0,0
756876148595125 D 2881,2287972339,1000,1554,1554,2.3838062,-0.03959,-1,-1,-1,0,0,0,136,1,1,0,0.0000000,0.0000000,0.0000000,0,0,0,0
756876149585708 D 2882,2287973339,1000,1555,1555,2.3853402,0.02211,-1,-1,-1,0,0,0,136,1,1,0,0.0000000,0.0000000,0.0000000,0,0,0,0
756876150613166 D 2883,2287974339,1000,1554,1554,2.3838062,-0.03891,-1,-1,-1,0,0,0,136,1,1,0,0.0000000,0.0000000,0.0000000,0,0,0,0
756876151588666 D 2884,2287975339,1000,1555,1555,2.3853402,0.02277,-1,-1,-1,0,0,0,136,1,1,0,0.0000000,0.0000000,0.0000000,0,0,0,0
756876152587708 D 2885,2287976339,1000,1555,1555,2.3853402,0.02187,-1,-1,-1,0,0,0,136,1,1,0,0.0000000,0.0000000,0.0000000,0,0,0,0
756876153593500 D 2886,2287977339,1000,1554,1554,2.3838062,-0.03913,-1,-1,-1,0,0,0,136,1,1,0,0.0000000,0.0000000,0.0000000,0,0,0,0
756876154594208 D 2887,2287978339,1000,1555,1555,2.3853402,0.02255,-1,-1,-1,0,0,0,136,1,1,0,0.0000000,0.0000000,0.0000000,0,0,0,0
756876155596291 D 2888,2287979339,1000,1555,1555,2.3853402,0.02167,-1,-1,-1,0,0,0,136,1,1,0,0.0000000,0.0000000,0.0000000,0,0,0,0
756876156603166 D 2889,2287980339,1000,1554,1554,2.3838062,-0.03933,-1,-1,-1,0,0,0,136,1,1,0,0.0000000,0.0000000,0.0000000,0,0,0,0
756876157615041 D 2890,2287981339,1000,1554,1554,2.3838062,-0.03779,-1,-1,-1,0,0,0,136,1,1,0,0.0000000,0.0000000,0.0000000,0,0,0,0
756876158591875 D 2891,2287982339,1000,1554,1554,2.3838062,-0.03631,-1,-1,-1,0,0,0,136,1,1,0,0.0000000,0.0000000,0.0000000,0,0,0,0
756876159607916 D 2892,2287983339,1000,1554,1554,2.3838062,-0.03488,-1,-1,-1,0,0,0,135,1,1,0,0.0000000,0.0000000,0.0000000,0,0,0,0
756876160641041 D 2893,2287984339,1000,1555,1555,2.3853402,0.02663,-1,-1,-1,0,0,0,136,1,1,0,0.0000000,0.0000000,0.0000000,0,0,0,0
756876161600166 D 2894,2287985339,1000,1555,1555,2.3853402,0.02559,-1,-1,-1,0,0,0,136,1,1,0,0.0000000,0.0000000,0.0000000,0,0,0,0
756876162608041 D 2895,2287986339,1000,1554,1554,2.3838062,-0.03556,-1,-1,-1,0,0,0,136,1,1,0,0.0000000,0.0000000,0.0000000,0,0,0,0
756876163595208 D 2896,2287987339,1000,1555,1555,2.3853402,0.02598,-1,-1,-1,0,0,0,136,1,1,0,0.0000000,0.0000000,0.0000000,0,0,0,0
756876164608125 D 2897,2287988339,1000,1555,1555,2.3853402,0.02496,-1,-1,-1,0,0,0,136,1,1,0,0.0000000,0.0000000,0.0000000,0,0,0,0
756876165700833 D 2898,2287989339,1000,1555,1555,2.3853402,0.02398,-1,-1,-1,0,0,0,136,1,1,0,0.0000000,0.0000000,0.0000000,0,0,0,0
756876166594875 D 2899,2287990339,1000,1555,1555,2.3853402,0.02304,-1,-1,-1,0,0,0,136,1,1,0,0.0000000,0.0000000,0.0000000,0,0,0,0
756876167593375 D 2900,2287991339,1000,1555,1555,2.3853402,0.02214,-1,-1,-1,0,0,0,136,1,1,0,0.0000000,0.0000000,0.0000000,0,0,0,0
756876168593208 D 2901,2287992339,1000,1554,1554,2.3838062,-0.03888,-1,-1,-1,0,0,0,136,1,1,0,0.0000000,0.0000000,0.0000000,0,0,0,0
756876169597666 D 2902,2287993339,1000,1554,1554,2.3838062,-0.03735,-1,-1,-1,0,0,0,136,1,1,0,0.0000000,0.0000000,0.0000000,0,0,0,0
756876170613083 D 2903,2287994339,1000,1555,1555,2.3853402,0.02426,-1,-1,-1,0,0,0,136,1,1,0,0.0000000,0.0000000,0.0000000,0,0,0,0
756876171601041 D 2904,2287995339,1000,1555,1555,2.3853402,0.02331,-1,-1,-1,0,0,0,136,1,1,0,0.0000000,0.0000000,0.0000000,0,0,0,0
756876172613208 D 2905,2287996339,1000,1555,1555,2.3853402,0.02239,-1,-1,-1,0,0,0,136,1,1,0,0.0000000,0.0000000,0.0000000,0,0,0,0
756876173674125 D 2906,2287997339,1000,1555,1555,2.3853402,0.02152,-1,-1,-1,0,0,0,136,1,1,0,0.0000000,0.0000000,0.0000000,0,0,0,0
756876174621166 D 2907,2287998339,1000,1554,1554,2.3838062,-0.03948,-1,-1,-1,0,0,0,136,1,1,0,0.0000000,0.0000000,0.0000000,0,0,0,0
756876175605500 D 2908,2287999339,1000,1554,1554,2.3838062,-0.03793,-1,-1,-1,0,0,0,136,1,1,0,0.0000000,0.0000000,0.0000000,0,0,0,0
756876176596375 D 2909,2288000339,1000,1555,1555,2.3853402,0.02371,-1,-1,-1,0,0,0,136,1,1,0,0.0000000,0.0000000,0.0000000,0,0,0,0
756876177821916 D 2910,2288001339,1000,1555,1555,2.3853402,0.02278,-1,-1,-1,0,0,0,136,1,1,0,0.0000000,0.0000000,0.0000000,0,0,0,0
756876179209541 D 2911,2288002339,1000,1555,1555,2.3853402,0.02188,39,128,2034,0,0,0,136,1,1,0,0.0000000,0.0000000,0.0000000,0,0,0,0
756876180063583 D 2912,2288003339,1000,1555,1555,2.3853402,0.02103,-1,-1,-1,0,0,0,136,1,1,0,0.0000000,0.0000000,0.0000000,0,0,0,0
756876180732208 D 2913,2288004339,1000,1554,1554,2.3838062,-0.03995,-1,-1,-1,0,0,0,136,1,1,0,0.0000000,0.0000000,0.0000000,0,0,0,0
756876181655083 D 2914,2288005339,1000,1555,1555,2.3853402,0.02177,-1,-1,-1,0,0,0,136,1,1,0,0.0000000,0.0000000,0.0000000,0,0,0,0
756876182664958 D 2915,2288006339,1000,1555,1555,2.3853402,0.02091,-1,-1,-1,0,0,0,136,1,1,0,0.0000000,0.0000000,0.0000000,0,0,0,0
756876183604541 D 2916,2288007339,1000,1555,1555,2.3853402,0.02009,-1,-1,-1,0,0,0,136,1,1,0,0.0000000,0.0000000,0.0000000,0,0,0,0
756876184600541 D 2917,2288008339,1000,1554,1554,2.3838062,-0.04084,-1,-1,-1,0,0,0,136,1,1,0,0.0000000,0.0000000,0.0000000,0,0,0,0
756876185621416 D 2918,2288009339,1000,1555,1555,2.3853402,0.02091,-1,-1,-1,0,0,0,136,1,1,0,0.0000000,0.0000000,0.0000000,0,0,0,0
756876186587166 D 2919,2288010339,1000,1555,1555,2.3853402,0.02009,-1,-1,-1,0,0,0,136,1,1,0,0.0000000,0.0000000,0.0000000,0,0,0,0
756876187608500 D 2920,2288011339,1000,1554,1554,2.3838062,-0.04085,-1,-1,-1,0,0,0,136,1,1,0,0.0000000,0.0000000,0.0000000,0,0,0,0
756876188577625 D 2921,2288012339,1000,1555,1555,2.3853402,0.02090,-1,-1,-1,0,0,0,136,1,1,0,0.0000000,0.0000000,0.0000000,0,0,0,0
756876189630208 D 2922,2288013339,1000,1554,1554,2.3838062,-0.04007,-1,-1,-1,0,0,0,136,1,1,0,0.0000000,0.0000000,0.0000000,0,0,0,0
756876190649000 D 2923,2288014339,1000,1555,1555,2.3853402,0.02165,-1,-1,-1,0,0,0,136,1,1,0,0.0000000,0.0000000,0.0000000,0,0,0,0
756876191647500 D 2924,2288015339,1000,1555,1555,2.3853402,0.02080,-1,-1,-1,0,0,0,136,1,1,0,0.0000000,0.0000000,0.0000000,0,0,0,0
756876192599500 D 2925,2288016339,1000,1555,1555,2.3853402,0.01999,-1,-1,-1,0,0,0,136,1,1,0,0.0000000,0.0000000,0.0000000,0,0,0,0
756876193618791 D 2926,2288017339,1000,1554,1554,2.3838062,-0.04094,-1,-1,-1,0,0,0,136,1,1,0,0.0000000,0.0000000,0.0000000,0,0,0,0
756876194588625 D 2927,2288018339,1000,1555,1555,2.3853402,0.02081,-1,-1,-1,0,0,0,136,1,1,0,0.0000000,0.0000000,0.0000000,0,0,0,0
756876195598666 D 2928,2288019339,1000,1555,1555,2.3853402,0.01999,-1,-1,-1,0,0,0,136,1,1,0,0.0000000,0.0000000,0.0000000,0,0,0,0
756876196602375 D 2929,2288020339,1000,1555,1555,2.3853402,0.01921,-1,-1,-1,0,0,0,136,1,1,0,0.0000000,0.0000000,0.0000000,0,0,0,0
756876197630541 D 2930,2288021339,1000,1555,1555,2.3853402,0.01846,-1,-1,-1,0,0,0,136,1,1,0,0.0000000,0.0000000,0.0000000,0,0,0,0
756876198600458 D 2931,2288022339,1000,1555,1555,2.3853402,0.01773,-1,-1,-1,0,0,0,136,1,1,0,0.0000000,0.0000000,0.0000000,0,0,0,0
756876199595083 D 2932,2288023339,1000,1555,1555,2.3853402,0.01704,-1,-1,-1,0,0,0,136,1,1,0,0.0000000,0.0000000,0.0000000,0,0,0,0
756876200602833 D 2933,2288024339,1000,1555,1555,2.3853402,0.01637,-1,-1,-1,0,0,0,136,1,1,0,0.0000000,0.0000000,0.0000000,0,0,0,0
756876201596916 D 2934,2288025339,1000,1554,1554,2.3838062,-0.04442,-1,-1,-1,0,0,0,135,1,1,0,0.0000000,0.0000000,0.0000000,0,0,0,0
756876202600958 D 2935,2288026339,1000,1555,1555,2.3853402,0.01747,-1,-1,-1,0,0,0,136,1,1,0,0.0000000,0.0000000,0.0000000,0,0,0,0
756876203612375 D 2936,2288027339,1000,1555,1555,2.3853402,0.01678,-1,-1,-1,0,0,0,136,1,1,0,0.0000000,0.0000000,0.0000000,0,0,0,0
756876204623375 D 2937,2288028339,1000,1554,1554,2.3838062,-0.04402,-1,-1,-1,0,0,0,136,1,1,0,0.0000000,0.0000000,0.0000000,0,0,0,0
756876205598250 D 2938,2288029339,1000,1554,1554,2.3838062,-0.04230,-1,-1,-1,0,0,0,136,1,1,0,0.0000000,0.0000000,0.0000000,0,0,0,0
756876206595791 D 2939,2288030339,1000,1555,1555,2.3853402,0.01951,-1,-1,-1,0,0,0,136,1,1,0,0.0000000,0.0000000,0.0000000,0,0,0,0
756876207606208 D 2940,2288031339,1000,1554,1554,2.3838062,-0.04140,-1,-1,-1,0,0,0,136,1,1,0,0.0000000,0.0000000,0.0000000,0,0,0,0
756876208588208 D 2941,2288032339,1000,1555,1555,2.3853402,0.02037,-1,-1,-1,0,0,0,135,1,1,0,0.0000000,0.0000000,0.0000000,0,0,0,0
756876209868583 D 2942,2288033339,1000,1555,1555,2.3853402,0.01957,-1,-1,-1,0,0,0,136,1,1,0,0.0000000,0.0000000,0.0000000,0,0,0,0
756876210829250 D 2943,2288034339,1000,1554,1554,2.3838062,-0.04134,-1,-1,-1,0,0,0,136,1,1,0,0.0000000,0.0000000,0.0000000,0,0,0,0
756876211786625 D 2944,2288035339,1000,1555,1555,2.3853402,0.02042,-1,-1,-1,0,0,0,136,1,1,0,0.0000000,0.0000000,0.0000000,0,0,0,0
756876212630083 D 2945,2288036339,1000,1554,1554,2.3838062,-0.04052,-1,-1,-1,0,0,0,136,1,1,0,0.0000000,0.0000000,0.0000000,0,0,0,0
756876213671125 D 2946,2288037339,1000,1555,1555,2.3853402,0.02121,-1,-1,-1,0,0,0,136,1,1,0,0.0000000,0.0000000,0.0000000,0,0,0,0
756876214696458 D 2947,2288038339,1000,1554,1554,2.3838062,-0.03977,-1,-1,-1,0,0,0,136,1,1,0,0.0000000,0.0000000,0.0000000,0,0,0,0
756876215709166 D 2948,2288039339,1000,1554,1554,2.3838062,-0.03821,-1,-1,-1,0,0,0,136,1,1,0,0.0000000,0.0000000,0.0000000,0,0,0,0
756876216704458 D 2949,2288040339,1000,1554,1554,2.3838062,-0.03671,-1,-1,-1,0,0,0,136,1,1,0,0.0000000,0.0000000,0.0000000,0,0,0,0
756876217738625 D 2950,2288041339,1000,1555,1555,2.3853402,0.02488,-1,-1,-1,0,0,0,136,1,1,0,0.0000000,0.0000000,0.0000000,0,0,0,0
756876218650875 D 2951,2288042339,1000,1555,1555,2.3853402,0.02390,-1,-1,-1,0,0,0,136,1,1,0,0.0000000,0.0000000,0.0000000,0,0,0,0
756876219644625 D 2952,2288043339,1000,1555,1555,2.3853402,0.02297,-1,-1,-1,0,0,0,136,1,1,0,0.0000000,0.0000000,0.0000000,0,0,0,0
756876220621916 D 2953,2288044339,1000,1555,1555,2.3853402,0.02206,-1,-1,-1,0,0,0,136,1,1,0,0.0000000,0.0000000,0.0000000,0,0,0,0
756876221621166 D 2954,2288045339,1000,1554,1554,2.3838062,-0.03895,-1,-1,-1,0,0,0,136,1,1,0,0.0000000,0.0000000,0.0000000,0,0,0,0
756876222609416 D 2955,2288046339,1000,1554,1554,2.3838062,-0.03742,-1,-1,-1,0,0,0,136,1,1,0,0.0000000,0.0000000,0.0000000,0,0,0,0
756876223611666 D 2956,2288047339,1000,1555,1555,2.3853402,0.02419,-1,-1,-1,0,0,0,136,1,1,0,0.0000000,0.0000000,0.0000000,0,0,0,0
756876224611375 D 2957,2288048339,1000,1554,1554,2.3838062,-0.03690,-1,-1,-1,0,0,0,136,1,1,0,0.0000000,0.0000000,0.0000000,0,0,0,0
756876225603750 D 2958,2288049339,1000,1555,1555,2.3853402,0.02469,-1,-1,-1,0,0,0,136,1,1,0,0.0000000,0.0000000,0.0000000,0,0,0,0
756876226594250 D 2959,2288050339,1000,1555,1555,2.3853402,0.02372,-1,-1,-1,0,0,0,136,1,1,0,0.0000000,0.0000000,0.0000000,0,0,0,0
756876227607333 D 2960,2288051339,1000,1555,1555,2.3853402,0.02279,-1,-1,-1,0,0,0,136,1,1,0,0.0000000,0.0000000,0.0000000,0,0,0,0
756876229034875 D 2961,2288052339,1000,1554,1554,2.3838062,-0.03825,39,128,2035,0,0,0,136,1,1,0,0.0000000,0.0000000,0.0000000,0,0,0,0
756876229690958 D 2962,2288053339,1000,1554,1554,2.3838062,-0.03675,-1,-1,-1,0,0,0,136,1,1,0,0.0000000,0.0000000,0.0000000,0,0,0,0
756876230628708 D 2963,2288054339,1000,1555,1555,2.3853402,0.02484,-1,-1,-1,0,0,0,136,1,1,0,0.0000000,0.0000000,0.0000000,0,0,0,0
756876231617333 D 2964,2288055339,1000,1555,1555,2.3853402,0.02387,-1,-1,-1,0,0,0,136,1,1,0,0.0000000,0.0000000,0.0000000,0,0,0,0
756876232608208 D 2965,2288056339,1000,1555,1555,2.3853402,0.02293,-1,-1,-1,0,0,0,136,1,1,0,0.0000000,0.0000000,0.0000000,0,0,0,0
756876233600083 D 2966,2288057339,1000,1555,1555,2.3853402,0.02203,-1,-1,-1,0,0,0,136,1,1,0,0.0000000,0.0000000,0.0000000,0,0,0,0
756876234601333 D 2967,2288058339,1000,1555,1555,2.3853402,0.02117,-1,-1,-1,0,0,0,136,1,1,0,0.0000000,0.0000000,0.0000000,0,0,0,0
756876235608166 D 2968,2288059339,1000,1555,1555,2.3853402,0.02034,-1,-1,-1,0,0,0,136,1,1,0,0.0000000,0.0000000,0.0000000,0,0,0,0
756876236612750 D 2969,2288060339,1000,1555,1555,2.3853402,0.01954,-1,-1,-1,0,0,0,136,1,1,0,0.0000000,0.0000000,0.0000000,0,0,0,0
756876237606208 D 2970,2288061339,1000,1555,1555,2.3853402,0.01877,-1,-1,-1,0,0,0,136,1,1,0,0.0000000,0.0000000,0.0000000,0,0,0,0
756876238614416 D 2971,2288062339,1000,1554,1554,2.3838062,-0.04211,-1,-1,-1,0,0,0,136,1,1,0,0.0000000,0.0000000,0.0000000,0,0,0,0
756876239615666 D 2972,2288063339,1000,1554,1554,2.3838062,-0.04046,-1,-1,-1,0,0,0,136,1,1,0,0.0000000,0.0000000,0.0000000,0,0,0,0
756876240602708 D 2973,2288064339,1000,1555,1555,2.3853402,0.02128,-1,-1,-1,0,0,0,136,1,1,0,0.0000000,0.0000000,0.0000000,0,0,0,0
756876241603125 D 2974,2288065339,1000,1554,1554,2.3838062,-0.03971,-1,-1,-1,0,0,0,136,1,1,0,0.0000000,0.0000000,0.0000000,0,0,0,0
756876242612250 D 2975,2288066339,1000,1554,1554,2.3838062,-0.03815,-1,-1,-1,0,0,0,136,1,1,0,0.0000000,0.0000000,0.0000000,0,0,0,0
756876243853041 D 2976,2288067339,1000,1555,1555,2.3853402,0.02349,-1,-1,-1,0,0,0,136,1,1,0,0.0000000,0.0000000,0.0000000,0,0,0,0
756876244883291 D 2977,2288068339,1000,1555,1555,2.3853402,0.02257,-1,-1,-1,0,0,0,136,1,1,0,0.0000000,0.0000000,0.0000000,0,0,0,0
756876245689208 D 2978,2288069339,1000,1555,1555,2.3853402,0.02169,-1,-1,-1,0,0,0,136,1,1,0,0.0000000,0.0000000,0.0000000,0,0,0,0
756876246594791 D 2979,2288070339,1000,1555,1555,2.3853402,0.02084,-1,-1,-1,0,0,0,136,1,1,0,0.0000000,0.0000000,0.0000000,0,0,0,0
756876247634708 D 2980,2288071339,1000,1554,1554,2.3838062,-0.04013,-1,-1,-1,0,0,0,136,1,1,0,0.0000000,0.0000000,0.0000000,0,0,0,0
756876248595916 D 2981,2288072339,1000,1555,1555,2.3853402,0.02159,-1,-1,-1,0,0,0,136,1,1,0,0.0000000,0.0000000,0.0000000,0,0,0,0
756876249602500 D 2982,2288073339,1000,1554,1554,2.3838062,-0.03940,-1,-1,-1,0,0,0,136,1,1,0,0.0000000,0.0000000,0.0000000,0,0,0,0
756876250600000 D 2983,2288074339,1000,1554,1554,2.3838062,-0.03786,-1,-1,-1,0,0,0,136,1,1,0,0.0000000,0.0000000,0.0000000,0,0,0,0
756876251599000 D 2984,2288075339,1000,1555,1555,2.3853402,0.02378,-1,-1,-1,0,0,0,136,1,1,0,0.0000000,0.0000000,0.0000000,0,0,0,0
756876252598916 D 2985,2288076339,1000,1555,1555,2.3853402,0.02284,-1,-1,-1,0,0,0,136,1,1,0,0.0000000,0.0000000,0.0000000,0,0,0,0
756876253603333 D 2986,2288077339,1000,1555,1555,2.3853402,0.02195,-1,-1,-1,0,0,0,136,1,1,0,0.0000000,0.0000000,0.0000000,0,0,0,0
756876254600750 D 2987,2288078339,1000,1555,1555,2.3853402,0.02109,-1,-1,-1,0,0,0,136,1,1,0,0.0000000,0.0000000,0.0000000,0,0,0,0
756876255605875 D 2988,2288079339,1000,1554,1554,2.3838062,-0.03989,-1,-1,-1,0,0,0,136,1,1,0,0.0000000,0.0000000,0.0000000,0,0,0,0
756876256602208 D 2989,2288080339,1000,1554,1554,2.3838062,-0.03832,-1,-1,-1,0,0,0,136,1,1,0,0.0000000,0.0000000,0.0000000,0,0,0,0
756876257595750 D 2990,2288081339,1000,1554,1554,2.3838062,-0.03682,-1,-1,-1,0,0,0,135,1,1,0,0.0000000,0.0000000,0.0000000,0,0,0,0
756876258596500 D 2991,2288082339,1000,1554,1554,2.3838062,-0.03538,-1,-1,-1,0,0,0,136,1,1,0,0.0000000,0.0000000,0.0000000,0,0,0,0
756876259613375 D 2992,2288083339,1000,1554,1554,2.3838062,-0.03399,-1,-1,-1,0,0,0,136,1,1,0,0.0000000,0.0000000,0.0000000,0,0,0,0
756876260623375 D 2993,2288084339,1000,1554,1554,2.3838062,-0.03266,-1,-1,-1,0,0,0,136,1,1,0,0.0000000,0.0000000,0.0000000,0,0,0,0
756876261609875 D 2994,2288085339,1000,1555,1555,2.3853402,0.02877,-1,-1,-1,0,0,0,136,1,1,0,0.0000000,0.0000000,0.0000000,0,0,0,0
756876262605208 D 2995,2288086339,1000,1555,1555,2.3853402,0.02764,-1,-1,-1,0,0,0,136,1,1,0,0.0000000,0.0000000,0.0000000,0,0,0,0
756876263602791 D 2996,2288087339,1000,1555,1555,2.3853402,0.02656,-1,-1,-1,0,0,0,136,1,1,0,0.0000000,0.0000000,0.0000000,0,0,0,0
756876264594916 D 2997,2288088339,1000,1555,1555,2.3853402,0.02552,-1,-1,-1,0,0,0,136,1,1,0,0.0000000,0.0000000,0.0000000,0,0,0,0
756876265595166 D 2998,2288089339,1000,1555,1555,2.3853402,0.02452,-1,-1,-1,0,0,0,136,1,1,0,0.0000000,0.0000000,0.0000000,0,0,0,0
756876266596541 D 2999,2288090339,1000,1555,1555,2.3853402,0.02356,-1,-1,-1,0,0,0,136,1,1,0,0.0000000,0.0000000,0.0000000,0,0,0,0
756876266866916 E 2288090436 END host_stop 0 0 0
