:0200000460009A
:100000004643464200000156000000000101020084
:1000100000000000000000000000000000000000E0
:1000200000000000000000000000000000000000D0
:1000300000000000000000000000000000000000C0
:1000400000000000010406010000000000000000A4
:100050000000800000000000000000000000000020
:100060000000000000000000000000000000000090
:100070000000000000000000000000000000000080
:10008000EB04180AFF1E04320126000000000000E5
:100090000000000000000000000000000000000060
:1000A0000000000000000000000000000000000050
:1000B0000000000000000000000000000000000040
:1000C0000000000000000000000000000000000030
:1000D0000000000000000000000000000000000020
:1000E0000000000000000000000000000000000010
:1000F0000000000000000000000000000000000000
:1001000000000000000000000000000000000000EF
:1001100000000000000000000000000000000000DF
:1001200000000000000000000000000000000000CF
:1001300000000000000000000000000000000000BF
:1001400000000000000000000000000000000000AF
:10015000000000000000000000000000000000009F
:10016000000000000000000000000000000000008F
:10017000000000000000000000000000000000007F
:10018000000000000000000000000000000000006F
:10019000000000000000000000000000000000005F
:1001A000000000000000000000000000000000004F
:1001B000000000000000000000000000000000003F
:1001C000000100000010000001000000000000001D
:1001D000000001000000000000000000000000001E
:1001E000000000000000000000000000000000000F
:1001F00000000000000000000000000000000000FF
:10020000FFFFFFFFFFFFFFFFFFFFFFFFFFFFFFFFFE
:10021000FFFFFFFFFFFFFFFFFFFFFFFFFFFFFFFFEE
:10022000FFFFFFFFFFFFFFFFFFFFFFFFFFFFFFFFDE
:10023000FFFFFFFFFFFFFFFFFFFFFFFFFFFFFFFFCE
:10024000FFFFFFFFFFFFFFFFFFFFFFFFFFFFFFFFBE
:10025000FFFFFFFFFFFFFFFFFFFFFFFFFFFFFFFFAE
:10026000FFFFFFFFFFFFFFFFFFFFFFFFFFFFFFFF9E
:10027000FFFFFFFFFFFFFFFFFFFFFFFFFFFFFFFF8E
:10028000FFFFFFFFFFFFFFFFFFFFFFFFFFFFFFFF7E
:10029000FFFFFFFFFFFFFFFFFFFFFFFFFFFFFFFF6E
:1002A000FFFFFFFFFFFFFFFFFFFFFFFFFFFFFFFF5E
:1002B000FFFFFFFFFFFFFFFFFFFFFFFFFFFFFFFF4E
:1002C000FFFFFFFFFFFFFFFFFFFFFFFFFFFFFFFF3E
:1002D000FFFFFFFFFFFFFFFFFFFFFFFFFFFFFFFF2E
:1002E000FFFFFFFFFFFFFFFFFFFFFFFFFFFFFFFF1E
:1002F000FFFFFFFFFFFFFFFFFFFFFFFFFFFFFFFF0E
:10030000FFFFFFFFFFFFFFFFFFFFFFFFFFFFFFFFFD
:10031000FFFFFFFFFFFFFFFFFFFFFFFFFFFFFFFFED
:10032000FFFFFFFFFFFFFFFFFFFFFFFFFFFFFFFFDD
:10033000FFFFFFFFFFFFFFFFFFFFFFFFFFFFFFFFCD
:10034000FFFFFFFFFFFFFFFFFFFFFFFFFFFFFFFFBD
:10035000FFFFFFFFFFFFFFFFFFFFFFFFFFFFFFFFAD
:10036000FFFFFFFFFFFFFFFFFFFFFFFFFFFFFFFF9D
:10037000FFFFFFFFFFFFFFFFFFFFFFFFFFFFFFFF8D
:10038000FFFFFFFFFFFFFFFFFFFFFFFFFFFFFFFF7D
:10039000FFFFFFFFFFFFFFFFFFFFFFFFFFFFFFFF6D
:1003A000FFFFFFFFFFFFFFFFFFFFFFFFFFFFFFFF5D
:1003B000FFFFFFFFFFFFFFFFFFFFFFFFFFFFFFFF4D
:1003C000FFFFFFFFFFFFFFFFFFFFFFFFFFFFFFFF3D
:1003D000FFFFFFFFFFFFFFFFFFFFFFFFFFFFFFFF2D
:1003E000FFFFFFFFFFFFFFFFFFFFFFFFFFFFFFFF1D
:1003F000FFFFFFFFFFFFFFFFFFFFFFFFFFFFFFFF0D
:10040000FFFFFFFFFFFFFFFFFFFFFFFFFFFFFFFFFC
:10041000FFFFFFFFFFFFFFFFFFFFFFFFFFFFFFFFEC
:10042000FFFFFFFFFFFFFFFFFFFFFFFFFFFFFFFFDC
:10043000FFFFFFFFFFFFFFFFFFFFFFFFFFFFFFFFCC
:10044000FFFFFFFFFFFFFFFFFFFFFFFFFFFFFFFFBC
:10045000FFFFFFFFFFFFFFFFFFFFFFFFFFFFFFFFAC
:10046000FFFFFFFFFFFFFFFFFFFFFFFFFFFFFFFF9C
:10047000FFFFFFFFFFFFFFFFFFFFFFFFFFFFFFFF8C
:10048000FFFFFFFFFFFFFFFFFFFFFFFFFFFFFFFF7C
:10049000FFFFFFFFFFFFFFFFFFFFFFFFFFFFFFFF6C
:1004A000FFFFFFFFFFFFFFFFFFFFFFFFFFFFFFFF5C
:1004B000FFFFFFFFFFFFFFFFFFFFFFFFFFFFFFFF4C
:1004C000FFFFFFFFFFFFFFFFFFFFFFFFFFFFFFFF3C
:1004D000FFFFFFFFFFFFFFFFFFFFFFFFFFFFFFFF2C
:1004E000FFFFFFFFFFFFFFFFFFFFFFFFFFFFFFFF1C
:1004F000FFFFFFFFFFFFFFFFFFFFFFFFFFFFFFFF0C
:10050000FFFFFFFFFFFFFFFFFFFFFFFFFFFFFFFFFB
:10051000FFFFFFFFFFFFFFFFFFFFFFFFFFFFFFFFEB
:10052000FFFFFFFFFFFFFFFFFFFFFFFFFFFFFFFFDB
:10053000FFFFFFFFFFFFFFFFFFFFFFFFFFFFFFFFCB
:10054000FFFFFFFFFFFFFFFFFFFFFFFFFFFFFFFFBB
:10055000FFFFFFFFFFFFFFFFFFFFFFFFFFFFFFFFAB
:10056000FFFFFFFFFFFFFFFFFFFFFFFFFFFFFFFF9B
:10057000FFFFFFFFFFFFFFFFFFFFFFFFFFFFFFFF8B
:10058000FFFFFFFFFFFFFFFFFFFFFFFFFFFFFFFF7B
:10059000FFFFFFFFFFFFFFFFFFFFFFFFFFFFFFFF6B
:1005A000FFFFFFFFFFFFFFFFFFFFFFFFFFFFFFFF5B
:1005B000FFFFFFFFFFFFFFFFFFFFFFFFFFFFFFFF4B
:1005C000FFFFFFFFFFFFFFFFFFFFFFFFFFFFFFFF3B
:1005D000FFFFFFFFFFFFFFFFFFFFFFFFFFFFFFFF2B
:1005E000FFFFFFFFFFFFFFFFFFFFFFFFFFFFFFFF1B
:1005F000FFFFFFFFFFFFFFFFFFFFFFFFFFFFFFFF0B
:10060000FFFFFFFFFFFFFFFFFFFFFFFFFFFFFFFFFA
:10061000FFFFFFFFFFFFFFFFFFFFFFFFFFFFFFFFEA
:10062000FFFFFFFFFFFFFFFFFFFFFFFFFFFFFFFFDA
:10063000FFFFFFFFFFFFFFFFFFFFFFFFFFFFFFFFCA
:10064000FFFFFFFFFFFFFFFFFFFFFFFFFFFFFFFFBA
:10065000FFFFFFFFFFFFFFFFFFFFFFFFFFFFFFFFAA
:10066000FFFFFFFFFFFFFFFFFFFFFFFFFFFFFFFF9A
:10067000FFFFFFFFFFFFFFFFFFFFFFFFFFFFFFFF8A
:10068000FFFFFFFFFFFFFFFFFFFFFFFFFFFFFFFF7A
:10069000FFFFFFFFFFFFFFFFFFFFFFFFFFFFFFFF6A
:1006A000FFFFFFFFFFFFFFFFFFFFFFFFFFFFFFFF5A
:1006B000FFFFFFFFFFFFFFFFFFFFFFFFFFFFFFFF4A
:1006C000FFFFFFFFFFFFFFFFFFFFFFFFFFFFFFFF3A
:1006D000FFFFFFFFFFFFFFFFFFFFFFFFFFFFFFFF2A
:1006E000FFFFFFFFFFFFFFFFFFFFFFFFFFFFFFFF1A
:1006F000FFFFFFFFFFFFFFFFFFFFFFFFFFFFFFFF0A
:10070000FFFFFFFFFFFFFFFFFFFFFFFFFFFFFFFFF9
:10071000FFFFFFFFFFFFFFFFFFFFFFFFFFFFFFFFE9
:10072000FFFFFFFFFFFFFFFFFFFFFFFFFFFFFFFFD9
:10073000FFFFFFFFFFFFFFFFFFFFFFFFFFFFFFFFC9
:10074000FFFFFFFFFFFFFFFFFFFFFFFFFFFFFFFFB9
:10075000FFFFFFFFFFFFFFFFFFFFFFFFFFFFFFFFA9
:10076000FFFFFFFFFFFFFFFFFFFFFFFFFFFFFFFF99
:10077000FFFFFFFFFFFFFFFFFFFFFFFFFFFFFFFF89
:10078000FFFFFFFFFFFFFFFFFFFFFFFFFFFFFFFF79
:10079000FFFFFFFFFFFFFFFFFFFFFFFFFFFFFFFF69
:1007A000FFFFFFFFFFFFFFFFFFFFFFFFFFFFFFFF59
:1007B000FFFFFFFFFFFFFFFFFFFFFFFFFFFFFFFF49
:1007C000FFFFFFFFFFFFFFFFFFFFFFFFFFFFFFFF39
:1007D000FFFFFFFFFFFFFFFFFFFFFFFFFFFFFFFF29
:1007E000FFFFFFFFFFFFFFFFFFFFFFFFFFFFFFFF19
:1007F000FFFFFFFFFFFFFFFFFFFFFFFFFFFFFFFF09
:10080000FFFFFFFFFFFFFFFFFFFFFFFFFFFFFFFFF8
:10081000FFFFFFFFFFFFFFFFFFFFFFFFFFFFFFFFE8
:10082000FFFFFFFFFFFFFFFFFFFFFFFFFFFFFFFFD8
:10083000FFFFFFFFFFFFFFFFFFFFFFFFFFFFFFFFC8
:10084000FFFFFFFFFFFFFFFFFFFFFFFFFFFFFFFFB8
:10085000FFFFFFFFFFFFFFFFFFFFFFFFFFFFFFFFA8
:10086000FFFFFFFFFFFFFFFFFFFFFFFFFFFFFFFF98
:10087000FFFFFFFFFFFFFFFFFFFFFFFFFFFFFFFF88
:10088000FFFFFFFFFFFFFFFFFFFFFFFFFFFFFFFF78
:10089000FFFFFFFFFFFFFFFFFFFFFFFFFFFFFFFF68
:1008A000FFFFFFFFFFFFFFFFFFFFFFFFFFFFFFFF58
:1008B000FFFFFFFFFFFFFFFFFFFFFFFFFFFFFFFF48
:1008C000FFFFFFFFFFFFFFFFFFFFFFFFFFFFFFFF38
:1008D000FFFFFFFFFFFFFFFFFFFFFFFFFFFFFFFF28
:1008E000FFFFFFFFFFFFFFFFFFFFFFFFFFFFFFFF18
:1008F000FFFFFFFFFFFFFFFFFFFFFFFFFFFFFFFF08
:10090000FFFFFFFFFFFFFFFFFFFFFFFFFFFFFFFFF7
:10091000FFFFFFFFFFFFFFFFFFFFFFFFFFFFFFFFE7
:10092000FFFFFFFFFFFFFFFFFFFFFFFFFFFFFFFFD7
:10093000FFFFFFFFFFFFFFFFFFFFFFFFFFFFFFFFC7
:10094000FFFFFFFFFFFFFFFFFFFFFFFFFFFFFFFFB7
:10095000FFFFFFFFFFFFFFFFFFFFFFFFFFFFFFFFA7
:10096000FFFFFFFFFFFFFFFFFFFFFFFFFFFFFFFF97
:10097000FFFFFFFFFFFFFFFFFFFFFFFFFFFFFFFF87
:10098000FFFFFFFFFFFFFFFFFFFFFFFFFFFFFFFF77
:10099000FFFFFFFFFFFFFFFFFFFFFFFFFFFFFFFF67
:1009A000FFFFFFFFFFFFFFFFFFFFFFFFFFFFFFFF57
:1009B000FFFFFFFFFFFFFFFFFFFFFFFFFFFFFFFF47
:1009C000FFFFFFFFFFFFFFFFFFFFFFFFFFFFFFFF37
:1009D000FFFFFFFFFFFFFFFFFFFFFFFFFFFFFFFF27
:1009E000FFFFFFFFFFFFFFFFFFFFFFFFFFFFFFFF17
:1009F000FFFFFFFFFFFFFFFFFFFFFFFFFFFFFFFF07
:100A0000FFFFFFFFFFFFFFFFFFFFFFFFFFFFFFFFF6
:100A1000FFFFFFFFFFFFFFFFFFFFFFFFFFFFFFFFE6
:100A2000FFFFFFFFFFFFFFFFFFFFFFFFFFFFFFFFD6
:100A3000FFFFFFFFFFFFFFFFFFFFFFFFFFFFFFFFC6
:100A4000FFFFFFFFFFFFFFFFFFFFFFFFFFFFFFFFB6
:100A5000FFFFFFFFFFFFFFFFFFFFFFFFFFFFFFFFA6
:100A6000FFFFFFFFFFFFFFFFFFFFFFFFFFFFFFFF96
:100A7000FFFFFFFFFFFFFFFFFFFFFFFFFFFFFFFF86
:100A8000FFFFFFFFFFFFFFFFFFFFFFFFFFFFFFFF76
:100A9000FFFFFFFFFFFFFFFFFFFFFFFFFFFFFFFF66
:100AA000FFFFFFFFFFFFFFFFFFFFFFFFFFFFFFFF56
:100AB000FFFFFFFFFFFFFFFFFFFFFFFFFFFFFFFF46
:100AC000FFFFFFFFFFFFFFFFFFFFFFFFFFFFFFFF36
:100AD000FFFFFFFFFFFFFFFFFFFFFFFFFFFFFFFF26
:100AE000FFFFFFFFFFFFFFFFFFFFFFFFFFFFFFFF16
:100AF000FFFFFFFFFFFFFFFFFFFFFFFFFFFFFFFF06
:100B0000FFFFFFFFFFFFFFFFFFFFFFFFFFFFFFFFF5
:100B1000FFFFFFFFFFFFFFFFFFFFFFFFFFFFFFFFE5
:100B2000FFFFFFFFFFFFFFFFFFFFFFFFFFFFFFFFD5
:100B3000FFFFFFFFFFFFFFFFFFFFFFFFFFFFFFFFC5
:100B4000FFFFFFFFFFFFFFFFFFFFFFFFFFFFFFFFB5
:100B5000FFFFFFFFFFFFFFFFFFFFFFFFFFFFFFFFA5
:100B6000FFFFFFFFFFFFFFFFFFFFFFFFFFFFFFFF95
:100B7000FFFFFFFFFFFFFFFFFFFFFFFFFFFFFFFF85
:100B8000FFFFFFFFFFFFFFFFFFFFFFFFFFFFFFFF75
:100B9000FFFFFFFFFFFFFFFFFFFFFFFFFFFFFFFF65
:100BA000FFFFFFFFFFFFFFFFFFFFFFFFFFFFFFFF55
:100BB000FFFFFFFFFFFFFFFFFFFFFFFFFFFFFFFF45
:100BC000FFFFFFFFFFFFFFFFFFFFFFFFFFFFFFFF35
:100BD000FFFFFFFFFFFFFFFFFFFFFFFFFFFFFFFF25
:100BE000FFFFFFFFFFFFFFFFFFFFFFFFFFFFFFFF15
:100BF000FFFFFFFFFFFFFFFFFFFFFFFFFFFFFFFF05
:100C0000FFFFFFFFFFFFFFFFFFFFFFFFFFFFFFFFF4
:100C1000FFFFFFFFFFFFFFFFFFFFFFFFFFFFFFFFE4
:100C2000FFFFFFFFFFFFFFFFFFFFFFFFFFFFFFFFD4
:100C3000FFFFFFFFFFFFFFFFFFFFFFFFFFFFFFFFC4
:100C4000FFFFFFFFFFFFFFFFFFFFFFFFFFFFFFFFB4
:100C5000FFFFFFFFFFFFFFFFFFFFFFFFFFFFFFFFA4
:100C6000FFFFFFFFFFFFFFFFFFFFFFFFFFFFFFFF94
:100C7000FFFFFFFFFFFFFFFFFFFFFFFFFFFFFFFF84
:100C8000FFFFFFFFFFFFFFFFFFFFFFFFFFFFFFFF74
:100C9000FFFFFFFFFFFFFFFFFFFFFFFFFFFFFFFF64
:100CA000FFFFFFFFFFFFFFFFFFFFFFFFFFFFFFFF54
:100CB000FFFFFFFFFFFFFFFFFFFFFFFFFFFFFFFF44
:100CC000FFFFFFFFFFFFFFFFFFFFFFFFFFFFFFFF34
:100CD000FFFFFFFFFFFFFFFFFFFFFFFFFFFFFFFF24
:100CE000FFFFFFFFFFFFFFFFFFFFFFFFFFFFFFFF14
:100CF000FFFFFFFFFFFFFFFFFFFFFFFFFFFFFFFF04
:100D0000FFFFFFFFFFFFFFFFFFFFFFFFFFFFFFFFF3
:100D1000FFFFFFFFFFFFFFFFFFFFFFFFFFFFFFFFE3
:100D2000FFFFFFFFFFFFFFFFFFFFFFFFFFFFFFFFD3
:100D3000FFFFFFFFFFFFFFFFFFFFFFFFFFFFFFFFC3
:100D4000FFFFFFFFFFFFFFFFFFFFFFFFFFFFFFFFB3
:100D5000FFFFFFFFFFFFFFFFFFFFFFFFFFFFFFFFA3
:100D6000FFFFFFFFFFFFFFFFFFFFFFFFFFFFFFFF93
:100D7000FFFFFFFFFFFFFFFFFFFFFFFFFFFFFFFF83
:100D8000FFFFFFFFFFFFFFFFFFFFFFFFFFFFFFFF73
:100D9000FFFFFFFFFFFFFFFFFFFFFFFFFFFFFFFF63
:100DA000FFFFFFFFFFFFFFFFFFFFFFFFFFFFFFFF53
:100DB000FFFFFFFFFFFFFFFFFFFFFFFFFFFFFFFF43
:100DC000FFFFFFFFFFFFFFFFFFFFFFFFFFFFFFFF33
:100DD000FFFFFFFFFFFFFFFFFFFFFFFFFFFFFFFF23
:100DE000FFFFFFFFFFFFFFFFFFFFFFFFFFFFFFFF13
:100DF000FFFFFFFFFFFFFFFFFFFFFFFFFFFFFFFF03
:100E0000FFFFFFFFFFFFFFFFFFFFFFFFFFFFFFFFF2
:100E1000FFFFFFFFFFFFFFFFFFFFFFFFFFFFFFFFE2
:100E2000FFFFFFFFFFFFFFFFFFFFFFFFFFFFFFFFD2
:100E3000FFFFFFFFFFFFFFFFFFFFFFFFFFFFFFFFC2
:100E4000FFFFFFFFFFFFFFFFFFFFFFFFFFFFFFFFB2
:100E5000FFFFFFFFFFFFFFFFFFFFFFFFFFFFFFFFA2
:100E6000FFFFFFFFFFFFFFFFFFFFFFFFFFFFFFFF92
:100E7000FFFFFFFFFFFFFFFFFFFFFFFFFFFFFFFF82
:100E8000FFFFFFFFFFFFFFFFFFFFFFFFFFFFFFFF72
:100E9000FFFFFFFFFFFFFFFFFFFFFFFFFFFFFFFF62
:100EA000FFFFFFFFFFFFFFFFFFFFFFFFFFFFFFFF52
:100EB000FFFFFFFFFFFFFFFFFFFFFFFFFFFFFFFF42
:100EC000FFFFFFFFFFFFFFFFFFFFFFFFFFFFFFFF32
:100ED000FFFFFFFFFFFFFFFFFFFFFFFFFFFFFFFF22
:100EE000FFFFFFFFFFFFFFFFFFFFFFFFFFFFFFFF12
:100EF000FFFFFFFFFFFFFFFFFFFFFFFFFFFFFFFF02
:100F0000FFFFFFFFFFFFFFFFFFFFFFFFFFFFFFFFF1
:100F1000FFFFFFFFFFFFFFFFFFFFFFFFFFFFFFFFE1
:100F2000FFFFFFFFFFFFFFFFFFFFFFFFFFFFFFFFD1
:100F3000FFFFFFFFFFFFFFFFFFFFFFFFFFFFFFFFC1
:100F4000FFFFFFFFFFFFFFFFFFFFFFFFFFFFFFFFB1
:100F5000FFFFFFFFFFFFFFFFFFFFFFFFFFFFFFFFA1
:100F6000FFFFFFFFFFFFFFFFFFFFFFFFFFFFFFFF91
:100F7000FFFFFFFFFFFFFFFFFFFFFFFFFFFFFFFF81
:100F8000FFFFFFFFFFFFFFFFFFFFFFFFFFFFFFFF71
:100F9000FFFFFFFFFFFFFFFFFFFFFFFFFFFFFFFF61
:100FA000FFFFFFFFFFFFFFFFFFFFFFFFFFFFFFFF51
:100FB000FFFFFFFFFFFFFFFFFFFFFFFFFFFFFFFF41
:100FC000FFFFFFFFFFFFFFFFFFFFFFFFFFFFFFFF31
:100FD000FFFFFFFFFFFFFFFFFFFFFFFFFFFFFFFF21
:100FE000FFFFFFFFFFFFFFFFFFFFFFFFFFFFFFFF11
:100FF000FFFFFFFFFFFFFFFFFFFFFFFFFFFFFFFF01
:10100000D1002043F1150060000000000000000046
:10101000201000600010006000D801600000000097
:101020000000006000E4010000000000FFFFFFFF7F
:10103000FFFFFFFFFFFFFFFFFFFFFFFFFFFFFFFFC0
:10104000FFFFFFFFFFFFFFFFFFFFFFFFFFFFFFFFB0
:10105000FFFFFFFFFFFFFFFFFFFFFFFFFFFFFFFFA0
:10106000FFFFFFFFFFFFFFFFFFFFFFFFFFFFFFFF90
:10107000FFFFFFFFFFFFFFFFFFFFFFFFFFFFFFFF80
:10108000FFFFFFFFFFFFFFFFFFFFFFFFFFFFFFFF70
:10109000FFFFFFFFFFFFFFFFFFFFFFFFFFFFFFFF60
:1010A000FFFFFFFFFFFFFFFFFFFFFFFFFFFFFFFF50
:1010B000FFFFFFFFFFFFFFFFFFFFFFFFFFFFFFFF40
:1010C000FFFFFFFFFFFFFFFFFFFFFFFFFFFFFFFF30
:1010D000FFFFFFFFFFFFFFFFFFFFFFFFFFFFFFFF20
:1010E000FFFFFFFFFFFFFFFFFFFFFFFFFFFFFFFF10
:1010F000FFFFFFFFFFFFFFFFFFFFFFFFFFFFFFFF00
:10110000FFFFFFFFFFFFFFFFFFFFFFFFFFFFFFFFEF
:10111000FFFFFFFFFFFFFFFFFFFFFFFFFFFFFFFFDF
:10112000FFFFFFFFFFFFFFFFFFFFFFFFFFFFFFFFCF
:10113000FFFFFFFFFFFFFFFFFFFFFFFFFFFFFFFFBF
:10114000FFFFFFFFFFFFFFFFFFFFFFFFFFFFFFFFAF
:10115000FFFFFFFFFFFFFFFFFFFFFFFFFFFFFFFF9F
:10116000FFFFFFFFFFFFFFFFFFFFFFFFFFFFFFFF8F
:10117000FFFFFFFFFFFFFFFFFFFFFFFFFFFFFFFF7F
:10118000FFFFFFFFFFFFFFFFFFFFFFFFFFFFFFFF6F
:10119000FFFFFFFFFFFFFFFFFFFFFFFFFFFFFFFF5F
:1011A000FFFFFFFFFFFFFFFFFFFFFFFFFFFFFFFF4F
:1011B000FFFFFFFFFFFFFFFFFFFFFFFFFFFFFFFF3F
:1011C000FFFFFFFFFFFFFFFFFFFFFFFFFFFFFFFF2F
:1011D000FFFFFFFFFFFFFFFFFFFFFFFFFFFFFFFF1F
:1011E000FFFFFFFFFFFFFFFFFFFFFFFFFFFFFFFF0F
:1011F000FFFFFFFFFFFFFFFFFFFFFFFFFFFFFFFFFF
:10120000FFFFFFFFFFFFFFFFFFFFFFFFFFFFFFFFEE
:10121000FFFFFFFFFFFFFFFFFFFFFFFFFFFFFFFFDE
:10122000FFFFFFFFFFFFFFFFFFFFFFFFFFFFFFFFCE
:10123000FFFFFFFFFFFFFFFFFFFFFFFFFFFFFFFFBE
:10124000FFFFFFFFFFFFFFFFFFFFFFFFFFFFFFFFAE
:10125000FFFFFFFFFFFFFFFFFFFFFFFFFFFFFFFF9E
:10126000FFFFFFFFFFFFFFFFFFFFFFFFFFFFFFFF8E
:10127000FFFFFFFFFFFFFFFFFFFFFFFFFFFFFFFF7E
:10128000FFFFFFFFFFFFFFFFFFFFFFFFFFFFFFFF6E
:10129000FFFFFFFFFFFFFFFFFFFFFFFFFFFFFFFF5E
:1012A000FFFFFFFFFFFFFFFFFFFFFFFFFFFFFFFF4E
:1012B000FFFFFFFFFFFFFFFFFFFFFFFFFFFFFFFF3E
:1012C000FFFFFFFFFFFFFFFFFFFFFFFFFFFFFFFF2E
:1012D000FFFFFFFFFFFFFFFFFFFFFFFFFFFFFFFF1E
:1012E000FFFFFFFFFFFFFFFFFFFFFFFFFFFFFFFF0E
:1012F000FFFFFFFFFFFFFFFFFFFFFFFFFFFFFFFFFE
:10130000FFFFFFFFFFFFFFFFFFFFFFFFFFFFFFFFED
:10131000FFFFFFFFFFFFFFFFFFFFFFFFFFFFFFFFDD
:10132000FFFFFFFFFFFFFFFFFFFFFFFFFFFFFFFFCD
:10133000FFFFFFFFFFFFFFFFFFFFFFFFFFFFFFFFBD
:10134000FFFFFFFFFFFFFFFFFFFFFFFFFFFFFFFFAD
:10135000FFFFFFFFFFFFFFFFFFFFFFFFFFFFFFFF9D
:10136000FFFFFFFFFFFFFFFFFFFFFFFFFFFFFFFF8D
:10137000FFFFFFFFFFFFFFFFFFFFFFFFFFFFFFFF7D
:10138000FFFFFFFFFFFFFFFFFFFFFFFFFFFFFFFF6D
:10139000FFFFFFFFFFFFFFFFFFFFFFFFFFFFFFFF5D
:1013A000FFFFFFFFFFFFFFFFFFFFFFFFFFFFFFFF4D
:1013B000FFFFFFFFFFFFFFFFFFFFFFFFFFFFFFFF3D
:1013C000FFFFFFFFFFFFFFFFFFFFFFFFFFFFFFFF2D
:1013D000FFFFFFFFFFFFFFFFFFFFFFFFFFFFFFFF1D
:1013E000FFFFFFFFFFFFFFFFFFFFFFFFFFFFFFFF0D
:1013F000FFFFFFFFFFFFFFFFFFFFFFFFFFFFFFFFFD
:10140000824205D051F8043B40F8043B8242F9D8AF
:10141000704700BF044A05494FF0000342F8043BFF
:101420009142FBD8704700BFC042002020920020AC
:1014300008B5BFF34F8F00F011FA544C544B0820FD
:101440005449C3F85401544AC3F800115348C3F82F
:10145000F0405349FFF7D4FF524A53495348FFF72E
:10146000CFFF534CFFF7D6FF4FF470004FF0E02151
:101470000023504AC1F8880D44F823200133B02BD3
:10148000FAD14D4B80214D4A03F8011B9342FBD109
:101490004FF0E0254A4E4B4A4FF0FF31C5F8084D5A
:1014A000D5F8243D43F4E023C5F8243DF36923F047
:1014B0007F0343F04003F361736A23F07F0343F03B
:1014C000400373629166D1661167516700F0CEF9EF
:1014D0003D4A3E4BA2636322E36300246A61032317
:1014E0003B4AAC612B61C5F8202DD5F8FC2D394B5A
:1014F00042F080723849C5F8FC2D1A6842F00102AA
:101500001A605B680B6000F081FB344800F020FD3E
:10151000F16E334B334A41F44051F1661C60C3F81D
:101520000841C3F81841C3F82841C3F83841936B08
:10153000DB0708D442F615632B4951651365936B9D
:1015400043F001039363274A284C936843F0011347
:10155000936000F019FA00F0C5FC00F001FD00F006
:1015600087FB00F07DF92368132BFCD900F01CFCED
:101570002368B3F5967FFBD300F076F900F072F99B
:1015800000F0DEFC00F0F4FC30BFFDE70C0D1113A1
:1015900000800D401B101820987001000000000012
:1015A000FC220060C04200209893016000000020EF
:1015B0000040002019BE000000E400E0A0E400E0CC
:1015C00000C00F4000C00A40C1B00000C5B000001C
:1015D00000002020001000E07C9100200046C32382
:1015E0000040084000400D400000C056809100209F
:1015F000054B4FF42A01054A05485A641864054A08
:1016000099639546FFF714FF00C00A40BFAAAAAA33
:1016100007002000008006200346094A09485B694C
:1016200003EB01110B7A02EB0313D3E901321060D3
:10163000CA681A600B690BB14A691A60704700BF2B
:10164000A427002061F801004369027E03EB021227
:1016500092F808C08C450FD01A7AFF2A0CD091421C
:101660001CD01A7EFF2A07D00121D3E9002312687B
:101670001A4202D1017670477047094B052203EBED
:101680000C135B6800B583B01A60CDE90001FFF769
:10169000C3FFDDE90001017603B000BD0021E4E7EE
:1016A000A42700200346094A09485B6903EB01119E
:1016B00091F8283002EB0313D3E901321060CA6AB3
:1016C0001A600B6B0BB14A6B1A607047A42700209D
:1016D00061F801004369427E03EB021292F828C0D0
:1016E0008C4511D093F82820FF2A0DD091421DD0AF
:1016F00093F83820FF2A07D00121D3E9002312688C
:101700001A4202D1417670477047094B052203EB1C
:101710000C135B6800B583B01A60CDE90001FFF7D8
:10172000C1FFDDE90001417603B000BD0021E4E71F
:10173000A42700201A4942698B6BDFF86CC023F4A0
:101740007C0343F4802300B583B08B63D2E900139C
:1017500001900A681A4303690A60022200211A6193
:10176000104A19619A6401225A62C3F828C04FF4E2
:10177000303CC3F82CC04FF0011CD3F848E0C3F84C
:1017800050E01962C3F858C01A61017EFFF744FFA8
:101790000198417E03B05DF804EBFFF783BF00BF03
:1017A00000C00F403B372819B80B0505294A002116
:1017B0000123C2F8A000C2F8A410C2F8B0305369E7
:1017C000D907FCD501234FF4803C22495361C2F86C
:1017D000A000C2F8A4C0C2F8B0304B69DB07FCD54A
:1017E00001234FF4003C1B4A4B61C1F8A000C1F833
:1017F000A4C0C1F8B0305369D907FCD50123DFF884
:1018000058C014495361C2F8A000C2F8A4C0C2F87D
:10181000B0304B69DB07FCD5D1F8003145F60D50EF
:101820004FF0210C9AB2C1F814C0824210D045F694
:101830009D518A420AD1C3F34253032B08D0A3F12E
:101840000403B3FA83F35B09180170470020704763
:101850000820704700402A4004000300704700BF82
:10186000704700BF704700BF00BF70474FF0E023D4
:1018700000214FF0100C3448C3F8941DC3F89CCDE0
:101880004FF0110CC3F8A00D3048C3F89CCD4FF0B9
:10189000120CC3F8A00D2E48C3F89CCD2D4AC3F8F6
:1018A000A00DDFF8D0C042F015022B48C3F89CCD44
:1018B000C3F8A00DDFF8C0C02848C3F89CCDC3F81A
:1018C000A00DDFF8B8C0C3F89C2D2548254AC3F801
:1018D000A0CDC3F89C0DC3F8A02D02F5A022DFF81F
:1018E000A0C00C322048C3F89CCDC3F8A02D1F4ADD
:1018F000C3F89C0DC3F8A02D02F14062DFF884C04C
:1019000002321B48C3F89CCDC3F8A02D0A32C3F89D
:101910009C0DC3F8A02D00BF00BF00BF00BF00BFDB
:101920000122C3F8942DBFF34F8FBFF36F8FC3F81D
:10193000501FBFF34F8FBFF36F8FD3F8142D42F4B6
:101940004032C3F8142D70473F00001025000807EF
:101950000900100020920020210002072500081332
:101960001600202027000B13180000602F000B0723
:101970001A0000801300200014000020090000104D
:10198000170000401900007030B5864B85B0DFF8B5
:1019900074E21822844D0120C3F85CE28349C3F845
:1019A0006052A5F58055DFF860C2814CC3F864E24F
:1019B000C3F868522125C3F86CC2C3F870C2C3F8DB
:1019C00074C2C3F878C248F20C7CDA661A675A67A8
:1019D0009A67DA67C3F88020C3F88420C3F88820A8
:1019E000C1F82C03734AC1F83003C1F83403C1F8BD
:1019F0003803C1F83C03C1F85003A1696E4B0A409B
:101A00006E486F4913436F4AA361D4F8843043F0A2
:101A10000C03C4F884304FF0FF34036843F0020332
:101A20000360036803EA0C031A43674B02604460D7
:101A30008A68664C1340664A43F000538360C3686B
:101A400023F07803C360036A23401A43604B0262A9
:101A5000026A22405F4C1343002243628462C462E4
:101A600040F20564D1F8B83023F03F0343F001039E
:101A7000C0F8B830D1F8BC30574923F03F0343F0E9
:101A80000103C0F8BC3002610567C0F880404567BB
:101A9000C0F884400224036823F0020303608161DC
:101AA0004E4B4F49C46143F8042B8B42FBD1434C4E
:101AB000236843F001032360256815F00105FBD17D
:101AC0004548022240F2F561A06140F29940E2618E
:101AD00040F26642C4F8001242F20141C4F81022FA
:101AE000404AC4F82002C4F8302240F23542C4F81B
:101AF00034123D48C4F840223C4AC4F850022846FB
:101B0000C4F8542242F201223949C4F86012C4F8E0
:101B10006422FFF74BFE0246002839D081020123E0
:101B20004FF4802021662549C4F8A050C4F8A400D1
:101B3000C4F8B0304B69D807FCD5150501240392D1
:101B400028464C61FFF732FE039A2A4B0244D2B278
:101B50001A7080B1194980024FF480234866084604
:101B6000C1F8A050C1F8A430C1F8B0404369DB0708
:101B7000FCD501234361204900242048012300941F
:101B8000401A00EB02521E4800F0E6F905B030BDE5
:101B90001B4B184918600870D860C3E9010005B0F4
:101BA00030BD00BF00801F40F910010000841F40BD
:101BB00000C00F40FFFCFF1F0003008000402A40D0
:101BC00000802A401200FFFFFF37F70000FFF07C83
:101BD00040000080FF000F83F05AF05A00422A4074
:101BE00000432A409F041830EB06180A06320126EB
:101BF0003806180ACC910020000000700000007028
:101C00007C900020F9B00100F970010010B5174A6E
:101C10004FF480544FF4005E4FF4404C4FF480304A
:101C200043F24201136913F0020F0DD113F4005F68
:101C30000FD013F4805F0FD0002BF3DA13F4803F42
:101C40000CD15B060ED510BDC2F818C05061916171
:101C5000E8E7C2F814E0E5E75461E3E74FF48033C6
:101C60009361DFE740235361DCE700BF00800D4054
:101C7000414A03204149F3EE095AD2F880309FEDE2
:101C8000406A23F001039FED3F5ADFF814C100B50D
:101C9000C2F88030C2F89000D1F8E010DFF804E11B
:101CA000CBB23948CEF8003007EE903A0B0DC1F3B5
:101CB0000B21F8EEE77A06EE903A07EE101A334B56
:101CC000B8EEC77ACCF80010F8EEE66A304937EE85
:101CD000C66A37EEC55A76EEC76A77EEE57A26EE23
:101CE000266AC3ED006A25EE265AD2F8803067EEE8
:101CF000A64AC0ED007AC6EE275A264885EE276A26
:101D0000C4EEA76A75EE875AFCEEE55A36EE076A0E
:101D100015EE90CABCEEC66A43EA0C5376EE877A9B
:101D2000C2F8803016EE103AD2F890C1FCEEE77A95
:101D300001EA034141EA0C014FF0000C17EE903A22
:101D4000C2F89011C3F30B03D2F890110B43124960
:101D5000C2F89031D2F8803043F00203C2F88030EC
:101D60000E4B80F840C0C1F840314FF0E023012213
:101D7000C3F8082100BD00BF00810D4000441F4092
:101D80000000AA420000B442F0900020F49000202D
:101D90000000FF0F00E400E000400020F9BF000059
:101DA000E8900020EC900020314B40F6617210B5B5
:101DB000C3F8202140F2044400F0D6F82D4A2E4901
:101DC000D2F880302D4843F00303C2F880302C4B0A
:101DD000C1F8604102681A4203D1D1F8A8319A07CC
:101DE0001BD0254A4FF00041244B5963D2F84031B3
:101DF00043F00203C2F84031D2F840319B07FBD4D4
:101E00004FF400304FF0E0211C4B4FF00042C1F87E
:101E10008C0219209A6300F097F8184B0021164C99
:101E20004FF080420A209A634FF420721960C4F880
:101E3000A801144800F0A0F84FF4800203464FF4C4
:101E4000810040F243111860C4F858311A640E4BF7
:101E50000E4AC4F84811C3F804224FF0E0224FF4B0
:101E600000310123C2F80C11C4F8403110BD00BF8D
:101E700000800D4000C00F4000002E4000900D403B
:101E8000001C1E000000002000400020FDC10000DA
:101E900008B50E4B1B6E9B0700D4FBBE72B60C4BF5
:101EA00000200C4AC3F8400103F160430A49A3F53E
:101EB0005F2311649D46BFF34F8F4FF40013074A11
:101EC0000748DB6902609B68984700BF00441F40D9
:101ED00000002E4000C00A4003002000000012EB6A
:101EE000008020200F4B40F2376C0F4AA020D96EA3
:101EF00041F44031D966D96E41F44071D966C2F8D7
:101F000044C09064936C1B06FCD4084A40F23761CD
:101F1000A02351649364936C13F08003FBD1044AB3
:101F20001370704700C00F4000400C4000800C4010
:101F3000C7910020F8B500BFF8BC08BC9E467047AA
:101F40005FF800F0A10701005FF800F069B600003B
:101F50005FF800F055B300005FF800F005D4000012
:101F60005FF800F0A1D200005FF800F069C900003E
:101F70005FF800F06DBC00005FF800F02D0201007A
:101F800045000000893000001DA8000025B30000B6
:101F900080C00F4000000003190000001000000086
:101FA000E8841F4001000000FF000000FF00000067
:101FB00000000000000000001800000010000000F9
:101FC000E4841F4001000000FF000000FF0000004B
:101FD00000000000000000001F000000E15C0000A5
:101FE00070C00F40000C0000110000001100000044
:101FF000E0841F40020000002C00000012000000DE
:10200000E0841F40010000001000000011000000EB
:10201000DC841F40020000002D00000012000000C0
:10202000DC841F40010000001E000000D55C0000A1
:1020300070C00F40C000000012000000130000003C
:10204000D0841F4001000000FF000000FF000000DE
:10205000000000000000000013000000130000005A
:10206000CC841F4001000000FF000000FF000000C2
:1020700000000000000000001C000000C95C00001F
:102080006CC00F40030000000E0D0000895D0000D1
:102090002A360000140000001300000001000000B8
:1020A000F4841F402B3200001400000013000000D5
:1020B00001000000F8841F402D31000014000000D2
:1020C0001300000001000000F0841F402CFFFF00FF
:1020D00014000000000000000000000001000000EB
:1020E00000000000EC841F40000000000000000021
:1020F0006CC00F4030000000100F0000895D000030
:10210000012700001700000012000000000100007D
:1021100014851F401AFF000012000000000000009C
:102120000100000018851F401BFF00001200000086
:10213000000000000100000010851F400026FF0085
:102140001700000012000000000000000101000064
:10215000010000000C851F400C851F40000000009E
:102160006CC00F40C0000000504F00005D5E0000DA
:102170000CFF000013000000000000000000000041
:1021800024851F400BFF000013000000000000002A
:102190000000000028851F400DFF00001300000014
:1021A000000000000000000020851F400A252400D8
:1021B00013000000120000001200000001020300E2
:1021C000000000000000000000000000000000000F
:1021D000090180961180FF3A81550A3601082A04C8
:1021E000000000F02B040000014021800A13800A47
:1021F0002980FF00160355005300420020005300C1
:1022000065007200690061006C0000001803540052
:10221000650065006E007300790064007500690058
:102220006E006F000403090409026200030100C08C
:1022300032080B0002020201000904000001020240
:1022400001000524001001052401010104240206F7
:10225000052406000107058203100010090401008F
:10226000020A00000007050302400000070584027F
:102270004000000904020002FF6AFF000705810216
:102280004000010705010240000100000902620050
:10229000030100C032080B00020202010009040021
:1022A00000010202010005240010010524010101C2
:1022B0000424020605240600010705820310000518
:1022C00009040100020A00000007050302000200E1
:1022D000070584020002000904020002FF6AC70029
:1022E000070581020002010705010200020100004A
:0C22F0000A060002EF020140010000009D
:1022FC0000000000000000000000000000000000D2
:10230C0000000000000000000000000000000000C1
:10231C000548064B1B1AD90F01EBA301491002D03B
:10232C00034B03B118477047C0420020C042002045
:10233C000000000008B5054B1BB105490548AFF37B
:10234C000080BDE80840FFF7E3BF00BF00000000BD
:10235C009490002000E40160036818470B68036048
:10236C00704700BF0B680360704700BF704700BF29
:10237C0000B583B001900BF00BF9019803B000BDD0
:10238C00304B4FF0100C40204FF48061C3F888C0E4
:10239C002D4AC3F888002D4BC2F88810197801B962
:1023AC00704710B50BF02EFBDFF8B4C041F288314A
:1023BC00264BDCF800C0244AA0EB0C00884230D835
:1023CC0000202349DFF890C00346DFF898E05CF862
:1023DC00232072B10C6812190A600AD301241D4A19
:1023EC009C40D25C20435EF8234044FA82F24EF8C3
:1023FC00232001330431032BE9D1C10703D5114B41
:10240C001022C3F88420820703D50E4B4022C3F858
:10241C008420430704D50C4B4FF48062C3F884200E
:10242C0010BD4FF4803C00210B48C2F884C04FF023
:10243C00010C0A4A197001604160816082F800C089
:10244C0010BD00BF00C0004200400042CD910020F2
:10245C0038480020C83E00203C900020D991002034
:10246C005890002048900020B1EE417ADFED636A6D
:10247C00F6EE007AC0FE264AC7FE200AC1FE600AAC
:10248C00F4EEE60A60EEA77AF1EE10FA0AD520EE29
:10249C00A07A31EEA16AC7EE065AF4EEE45AF1EED8
:1024AC0010FA6EDC20EEA77A00B5A4EEA17A87B004
:1024BC00B5EE407AF1EE10FA00F18480F1EEC76AC5
:1024CC0081FE661ADFED4D6A71EE205AB6EE006A97
:1024DC00B0EE645A85EEA17A21EE866AB4EEE61A65
:1024EC00F1EE10FA87FE267AA7EE205A27EE466AFE
:1024FC00A7EE065A0BDD61EE015A31EEA14A85EECC
:10250C00846A35EE466AC6EE015AC5FEA66A61EECD
:10251C00875ADFED3A3A81EE216A27EE270A65EEFB
:10252C00875AB1EE084A20EE070A65EE875AF6EE96
:10253C00002AA4EE870A85EE847AB0EE453A61EE65
:10254C00861AA6EEC13A21EE221A61EE861A61EEC7
:10255C00267A61EE861A26EE411A66EEE77A30EE9E
:10256C00470A81EE847AE6EE857A30EE270AA3EEEE
:10257C00060AA6EE010A30EE070A80FE230A07B00F
:10258C0000BDA6EE647A34EEA45AF1EE085A87FE2A
:10259C00267AB1EEC76A36EE606A85EE067A61EE8F
:1025AC00871A67EE277A61EE871A67EE877A61EEF3
:1025BC00871AE4EE877A81EEA50A30EE270A80FEB0
:1025CC00260A7047B0EE470ACDED051A8DED041AB8
:1025DC00CDED037ACDED020ACDED014A0DF00CFBE9
:1025EC00DDED051AF0EE406A9DED041ADDED037A7F
:1025FC00DDED020ADDED014A62E700BF00000000DC
:10260C0000B52DED0A8B91B072EEA24AB0EE428A63
:10261C000DF1400CF0EE408AB0EE414AF0EE43AAC8
:10262C000CE90E00DDED0E7ADDED0D5A27EEA77AE2
:10263C00F0EEE79A31EE659A87EE246AB0EEC90A9D
:10264C0022EEA37AA3EEA96AB0EE462A27EE896A97
:10265C00B5EEC06AF1EE10FA05DDB4EEC02AF1EE6B
:10266C0010FA80F23C8124EE800AA7EE070AB5EE40
:10267C00400AF1EE10FA00F19381B1EEC06AB5EEAA
:10268C00C09A36EE476AF1EE10FA88FE466AC0F23E
:10269C002081B1EE44BA3BEE659A67EE896AB0EEE2
:1026AC00C90AF5EEC06AF1EE10FA05DDB4EEC02AE7
:1026BC00F1EE10FA80F2108124EE800AA7EE070AE0
:1026CC00B5EE400AF1EE10FA00F13581F1EEC06A78
:1026DC00B5EEC09A76EEC76AF1EE10FAC8FE666ADD
:1026EC00C0F2F480B1EE479AE3B3B0EEE55A9FED39
:1026FC00D50AB4EEC05AF1EE10FA2CD9DFEDD26A3D
:10270C0076EEE58A27EEA86AB0EEE80AB4EEE66A41
:10271C00F1EE10FA04DDB4EEC02AF1EE10FA15DA7F
:10272C0024EE800AA7EE070AB5EE400AF1EE10FA85
:10273C0000F16781F1EEC06AF5EEC08A76EEC76AE9
:10274C00F1EE10FAC8FE666AC0F2EE8036EEE76A69
:10275C0089FE06AA89E09FEDBD5AF4EEC59AF1EE0A
:10276C0010FACBD8B1EE615A4FF0FF3385FE205AE8
:10277C00C1FEC59AC6FEA96AC6FEC66A36EEE76AEF
:10278C0089FE06AA9FEDB26AC7FE4A9A77EEA99A0D
:10279C003AEEC66AF0EE46BAB0EE656AA3EEA96AE6
:1027AC00B0EE46CA06EE103AF0EE6BAAF0EE621AE4
:1027BC009FEDA43AF8EEC60AB0EE481AE0EEE8AA8D
:1027CC0020EE8C5A20EEA96AB0EE450AF0EE460ACD
:1027DC00F5EEC0AAF1EE10FA40F29780B5EEC05AB1
:1027EC00F1EE10FA04DCB5EEC06AF1EE10FA39DD48
:1027FC00CDED027ADFED947ACDED0B3A85FE275ABA
:10280C00CDED0A2A8DED094A08908DED072ACDED04
:10281C00064A05938DED047ACDED035ACDED016A90
:10282C008DED005AFFF720FE9DED005ADDED0B3AC1
:10283C00DDED016AA5EE230ADDED027ADDED035A2A
:10284C009DED047A059BDDED064A9DED072AB4EE5D
:10285C00EA0A08989DED094ADDED0A2AF1EE10FA14
:10286C00BFF64CAF01335DD0002387FE4A6A37EECA
:10287C00866A9FED755AF0EE652AB4EEC56AE3EEF2
:10288C00862AF1EE10FA2DDD26EE066A86EE243A43
:10289C0033EE226AB4EEC46AF1EE10FA05DB86FE62
:1028AC00C56A36EE676A89FE06AA87FE4A7A77EE13
:1028BC00877AB0EE657A8360C0ED017AA3EEA77AD1
:1028CC0080ED007A11B0BDEC0A8B00BDF1EE666AAA
:1028DC0008E7B1EE466ADCE6DFED5B6A02E79FEDE6
:1028EC005A6AD6E6E1D526EE066A86EE244A72EEE0
:1028FC00C42AB4EEE2BAF1EE10FAD6DBC6FE856A53
:10290C0036EEE76A89FE06AACFE7B4EEC35AF1EEBB
:10291C0010FA3FF663AFB5EEC06AF1EE10FA7FF530
:10292C005DAF9FE701233DE7F1EE666A36EEE76A9D
:10293C0089FE06AA99E7CDED0C3ACDED0B2ACDED2B
:10294C000A1A8DED094ACDED080A07908DED066A3D
:10295C008DED052ACDED044A03938DED027ACDED74
:10296C00015ACDED007A0DF047F9DDED0C3AF0EEA1
:10297C00406ADDED0B2ADDED0A1A9DED094ADDED0D
:10298C00080A07989DED066A9DED052ADDED044ABF
:10299C00039B9DED027ADDED015ADDED007A97E6A1
:1029AC00CDED0B3ACDED0A2ACDED091A8DED084A85
:1029BC00CDED070A06908DED052ACDED044A039363
:1029CC008DED027ACDED015ACDED007A0DF014F9B2
:1029DC00DDED0B3AB0EE406ADDED0A2ADDED091AA9
:1029EC009DED084ADDED070A06989DED052ADDED03
:1029FC00044A039B9DED027ADDED015ADDED007A70
:102A0C003DE6CDED073A8DED064A0590CDED044A35
:102A1C0003938DED027ACDED015ACDED007A0DF0D8
:102A2C00EBF8DDED073AF0EE406A9DED064A0598AD
:102A3C00DDED044A039B9DED027ADDED015ADDEDDF
:102A4C00007A79E60AD7A33B00000000CDCCCC3D40
:102A5C008FC2753C60EE207AF0EEC06AF5EEC07A5B
:102A6C0000B5F1EE10FA2DED028B8BB007D4DFED33
:102A7C009C7AF4EEE76AF1EE10FA40F1AA8090ED40
:102A8C000B7AF7EE004AD0ED167A9FED966A77EE48
:102A9C00677A37EE667ADFED946AC7FE867A87EE40
:102AAC00276A86FE266A86FE646A74EEC64A62EE61
:102ABC00A42A002900F09480D1ED006AD1ED017AAE
:102ACC00D1ED028A91ED038A60EEA70AD0ED065A89
:102ADC0090ED075AF0EEC23AD0ED097A85FE655AB0
:102AEC0090ED0F7AC7FEC57A67EE867AE0EE260A7D
:102AFC00D0ED0D5A22EE020A77EE076AE5EE247A43
:102B0C0080EE264AE1EE280A77EEE18A62EE284A48
:102B1C00B0EEE80AE8EE210AF5EEC04AF1EE10FA42
:102B2C00A3EE234AE0EEC62A05DDB4EEC04AF1EE70
:102B3C0010FA80F28D8027EE038A26EE800AA8EE2A
:102B4C00080AB5EE400AF1EE10FA00F18480B1EEFD
:102B5C00C06AF5EEC08A36EE486AF1EE10FA85FED0
:102B6C00C66A33DBF1EE677A77EEE11A22EE212AA0
:102B7C00F0EEE17AB5EEC02AF1EE10FA04DDB4EE17
:102B8C00E74AF1EE10FA60DA27EE037A66EEA76AEE
:102B9C00E7EE076AF5EE406AF1EE10FA00F1848078
:102BAC00F1EEE67AF5EEC01A77EEC77AF1EE10FA8E
:102BBC00C5FEE77A07DBC2FEA72A82FEC60A0BB067
:102BCC00BDEC028B00BDF1EE677AF4E7B1EE466A1C
:102BDC00C8E7F7EE004A9FED446A00297FF46CAF1A
:102BEC0090ED015AD0ED055AD0ED046A25EE057A28
:102BFC00D0ED027A36EEA54ADFED3C3A66EEA56AD8
:102C0C00D0ED005A77EEA77A67EE857A27EE665AF2
:102C1C0025EE255AC5EE238A24EE475AA4EE677A90
:102C2C00A7EEA65A37EE267A65EE656A86EEA38A7B
:102C3C00DFED2F6AE5EEA86AE5EEC76A78EE677AF3
:102C4C0077EE847A67EEA57A3EE7DFED277AB2E776
:102C5C009FED256A86E78DED093A8DED082ACDEDBD
:102C6C00071A8DED064ACDED056ACDED047ACDED52
:102C7C00032A8DED027ACDED015A0CF0BDFF9DEDCE
:102C8C00093AB0EE406A9DED082ADDED071A9DED7C
:102C9C00064ADDED056ADDED047ADDED032A9DEDD6
:102CAC00027ADDED015A54E7B0EE660A8DED057A35
:102CBC008DED046ACDED031ACDED022ACDED015A4E
:102CCC000CF09AFF9DED057AF0EE407A9DED046ACA
:102CDC00DDED031ADDED022ADDED015A62E700BFDE
:102CEC009A99193ECDCC4C3D00000000C3F51C4117
:102CFC00C3F51CC170B52DED0A8B91ED009AF0EE69
:102D0C00608AF0EE409A82B0B5EE409A0D46F0EE35
:102D1C00E0BA0446F0EE41AA1646F1EE10FAB0EE17
:102D2C0061BAB0EE42AAF0EE62CA00F0C78039EE8A
:102D3C000A9AB0EE690A85ED009A0CF02DFEB0EE01
:102D4C00408A20EE280AD4ED157A80EE270A0CF082
:102D5C007BFFD4ED006ADFED784AD4ED125A94ED86
:102D6C00146AF6EE007AB7EE005A66EEA76AD4ED56
:102D7C00137A67EEEA7A86EEA47A27EE287AA8EE22
:102D8C00878A9FED6E7AF4EEC7BAF1EE10FA38EE40
:102D9C00458A28EE258AE8EE007AE6EE4B7AB0EE0C
:102DAC00678A3ED400222B7A6A60DBB9D4ED0D2AF7
:102DBC00F1EE627A3146B0EE4A3A2046B0EE6C2A19
:102DCC00F0EE4B1AC7FE887AB0EE6A1AC7FEE22AFA
:102DDC00F0EE680AB0EE690AFFF73CFE02B0BDECFB
:102DEC000A8B70BDDFED567AB4EEE79AF1EE10FA6D
:102DFC00DCD8F7EE087AF4EEE7BAF1EE10FAD5D596
:102E0C009FED509A39EEC99AB0EE490A0CF0C4FC09
:102E1C00F0EE40BAB0EE490A0CF0BEFDF0EE400AFE
:102E2C002EE0DFED48BA79EEEBBAB0EE6B0A0CF09F
:102E3C00B3FCF0EE407AB0EE6B0AF0EE67BA0CF031
:102E4C00ABFDF0EE400AB0EE6B0ACDED010A0CF0D2
:102E5C00A1FCB0EEC00ADFED3C7A2B7ADDED010A65
:102E6C00B4EEE70AF1EE10FA5CD400226A60002B93
:102E7C009CD0DFED337AB4EEE79AF1EE10FA95D8E8
:102E8C00B0EE6B0A0CF086FCB0EEC00ADFED2F7AC8
:102E9C00D4ED0D2AB4EEE70AF1EE10FA88D5F0EE77
:102EAC00EA7A9FED2B7AF4EEC77AF1EE10FA7FF501
:102EBC007FAFB7EE008A82FEC88A79E79FED218A40
:102ECC0030EE488AB0EE480A0CF066FCB0EE40CA10
:102EDC00B0EE480A0CF060FDF0EE400AB0EE4C0A81
:102EEC000CF058FCB0EEC00ADFED1A7AB4EEE70A2B
:102EFC00F1EE10FA13D5F6EE007AF4EEE7BAF1EE35
:102F0C0010FA0CD5F0EEEA7A9FED117AF4EEC77A4E
:102F1C00F1EE10FA4CBF012300232B7207E70023BC
:102F2C002B7204E7D5ED017A77EE8A7AC5ED017A3A
:102F3C00002B9ED13AE700BFC3F51C419A99193E6C
:102F4C008FC2F53DDB0F49400AD7A33DCDCCCC3E1B
:102F5C00CDCC4C3D9A99993E10B5C6B004460FF0B5
:102F6C00C7FD03462118581E4BB111F8012D0A2A32
:102F7C0001D00D2A06D10346581E002BF5D14FF671
:102F8C00FF7114E0601E4FF6FF72DFF890E003EB68
:102F9C00000C10F8011F82EA012260454FEA122151
:102FAC003EF8111081EA022292B2F2D11146184A6F
:102FBC0002A8CDE900414FF488710FF0F5F8B0F597
:102FCC00887F1ED2DFF858E0124BBEF800201B8819
:102FDC00D31AC3F30D03C3F58043984211D2A0B1A9
:102FEC0002ABDFF840C0191813F8014B501C8B4290
:102FFC000CF80240C0F30D02F6D1AEF8002046B03A
:10300C0010BD054A13680133136046B010BD00BFF4
:10301C0090060020B2910020244800207804002063
:10302C00B09100206048002008B50CF0FBF91A4B59
:10303C001B78002B2FD0194B1B78DB072BD5184B8B
:10304C00184A1B6812689B1A0E2B24D9164A174B68
:10305C001088198888421ED00CF072F900281ADDED
:10306C00124B114ADFF848C011881A8891428CBF64
:10307C00891AC2F58041402828BF4020814228BFD0
:10308C0001460CEB02000CF051F9084B1A88104465
:10309C00C0F30D00188008BDDE910020DD910020EA
:1030AC008091002098910020B0910020B2910020D6
:1030BC00604800200FB400B5C3B04FF4807144AB2E
:1030CC0002A853F8042B01930FF06CF9FF288CBF66
:1030DC00044802A8FFF740FF43B05DF804EB04B0CE
:1030EC00704700BF9C06002070B55C4E86B03368FC
:1030FC009BB2B3F5805FADF80C3012D3584B002463
:10310C0058481C703168FFF7D5FF21465648FFF729
:10311C00D1FF5648FFF720FF554B00221A7006B01E
:10312C0070BD05AD0024204601340AF04DFD05F8B4
:10313C00010B042CF7D1204600240AF045FD002594
:10314C0060F3070405200AF03FFD60F30F2406200E
:10315C000AF03AFD60F307050720A4B20AF034FD2B
:10316C00444A059960F30F25BDF80C309142ADB27D
:10317C005DD00024DB43042204A82146ADF80E30B8
:10318C0004940AF0DBFE0222042103A805AD0AF028
:10319C00D5FE022206210DF10E000AF0CFFE04220C
:1031AC00214635480AF0CAFE204601340AF00CFDCF
:1031BC0005F8010B042CF7D1204600240AF004FD7D
:1031CC00002560F3070405200AF0FEFC60F30F24D1
:1031DC0006200AF0F9FC60F307050720A4B20AF0F8
:1031EC00F3FC244B059A60F30F259A42ADB285D1BE
:1031FC00B4F5805F82D24FF6FF736340AB427FF42D
:10320C007DAFBDF80C50164A2B1B1648B3FA83F34E
:10321C005B09137031680193FFF74CFF0199124859
:10322C00FFF748FFA5427FF474AF144872E7B4F57A
:10323C00805F9ED24FF6FF726240AA4299D19C42A7
:10324C0097D1074B012407481C703168FFF732FFF8
:10325C0021460548FFF72EFFE7E700BF583F002047
:10326C00D19100205C070020780700201407002073
:10327C00D09100203150435448240020C406002033
:10328C002DE9F041464D82B002462B78002B66D0DA
:10329C00B5EEC00AF1EE10FA53DB424B01269B5CF3
:1032AC00002B54D1DFF818813F4800233F4C40F8E5
:1032BC00223007463E483F4BD4F804C00068A3FBBD
:1032CC000030800CC0006368A3EB0C039842FAD862
:1032DC00394B012E08BF81F001018DED010A985C7C
:1032EC0000920AF0B9FB009A314B08F8026064684E
:1032FC001968304B2B48A3FB013101239DED010ACA
:10330C008354890C294843681B1B9942FBD8B0EEA7
:10331C00C00A9FED1D6BB7EEC00AB4EEC60BF1EE02
:10332C0010FA24DD254BEFF3108172B628780028B3
:10333C0008BF002347F8223001B962B602B0BDE8DD
:10334C00F081184B4FF0FF369B5C002BAAD01C4B26
:10335C0098469B5C5BB2B342A6D1134FD7E703F000
:10336C00FF00114B43F8220002B0BDE8F0819FED45
:10337C00086B9FED095B20EE067B87EE056BFCEE80
:10338C00C67B17EE903ACEE7254992244970F1405E
:10339C00000000000000F0412549922449700141D1
:1033AC00CD910020204800203C900020001000E02F
:1033BC000437002083DE1B4344240020DEFFFF7F04
:1033CC00C83E002070B5294B8EB093E803006C46C4
:1033DC000DF106060090ADF8041014F8015B012104
:1033EC0028460AF05BFB002128460AF035FBB44264
:1033FC00F3D11F4B04A91F4A0AA81F4C0293089330
:10340C000492FEF7ABFF08A9A72220461B4D0AF039
:10341C003BF8089B06460AA8DB689847029B04A861
:10342C002E70DB689847202120682171A0B1144BC5
:10343C00144AC31814481B11D154137851788B4279
:10344C0028BF0B469178D2788B4228BF0B4693420B
:10345C0028BF134680F87A302B780BB10EB070BDB4
:10346C000A480EB0BDE87040FFF776BDCC070020CF
:10347C00E024002091000000A83F0020BE91002015
:10348C0000BFF7BF4C3C002000E400E09807002090
:10349C0010B582B0EFF3108272B6A0B1194B1B7845
:1034AC008BB1194B1B7873B9184B1B781BB318498C
:1034BC004FF480300123C1F8880014490B7002B915
:1034CC0062B602B010BD0023124911484FF4803C83
:1034DC000E4CC0F884C023700B600F4C4B608B609B
:1034EC0040231021C4F88810C4F888304FF480634E
:1034FC00C0F88830E3E701920AF084FA074B019A8E
:10350C001860D4E7BE910020D9910020CD91002005
:10351C00004000423C90002000C000425890002027
:10352C0030B583B0002401AD204601340AF04CFBC9
:10353C0005F8010B042CF7D1204600240AF044FBBB
:10354C00002560F3070405200AF03EFB60F30F240E
:10355C0006200AF039FB60F307050720A4B20AF035
:10356C0033FB0C4B019A60F30F259A42ADB201D09C
:10357C0003B030BDB4F5805FFAD24FF6FF736340F1
:10358C00AB42F5D104490122044B0C601A7003B014
:10359C0030BD00BF31504354583F0020D191002022
:1035AC001C491D4A1D4B10B5097884B014781B7842
:1035BC00C9B2E4B23BB38B064CBF194B194BC806CE
:1035CC004CBF194819480A074CBF194A174A0090B2
:1035DC00019222461748FFF76DFD772C0FD8082C67
:1035EC0009D9154A154B116815481A6804B0BDE87D
:1035FC001040FFF75FBD1348FFF7AEFCF1E7124830
:10360C00FFF7AAFCEDE711480391FFF7A5FC03991E
:10361C00D1E700BFCB910020C9910020CA910020B6
:10362C00D4070020E0070020EC07002080120020C7
:10363C00F8070020340800206090002064900020DF
:10364C00B8080020900800205C0800200408002026
:10365C0000214B4B4B4A70B5A0B019700B1AC0F33C
:10366C000B00494CC3F30B03126858BF5842C0F30C
:10367C000B0020602368256803F500634348C91AD2
:10368C00C3F30B03C1F30B0158BF4B42C3F30B0342
:10369C009B1A521B5942C3F30B03C1F30B0158BFC6
:1036AC004B423B49C3F30B030968B3F5006FC8BF2A
:1036BC00A3F5805355421944C2F30B03C5F30B0217
:1036CC00016058BF5342B3F5006F42DDA3F5805340
:1036DC0007EE903A9FED2F7A2F4B0025F8EEE77A04
:1036EC002E4E2F4A67EE877AC3ED007A2D4BC6ED2E
:1036FC00007A156096ED000A1D600CF04DF92A4B0E
:10370C000021DFED2A7A83ED000A236896ED007A1A
:10371C00274A27EE277A2748117201747821B7EED1
:10372C00C77A5560156002A8234A9FED135B87EE9C
:10373C00056B8DED006B0EF037FD204B1B78042BC9
:10374C000DD002A8FFF708FC1D4B01221A7020B007
:10375C0070BD13F5006FB8BF03F58053B8E79DF843
:10376C000830212BEDD10DF10A03164A51211648D0
:10377C000EF01AFDE5E700BF182D4454FB2109405B
:10378C00D1910020D8470020583F002054480020F9
:10379C005C480020DB0FC93A444800208891002087
:1037AC008C9100204C4800205C3F002000003443EA
:1037BC002C480020E0470020E4080020CF91002096
:1037CC00D0910020E0080020F83B0020074B1A782D
:1037DC00072A09D01A78082A06D01878A0F109000F
:1037EC00B0FA80F04009704701207047CF9100205B
:1037FC00204B9FED213A93ED015A93ED054AD3ED01
:10380C00046A25EE057AD3ED027A76EE844AD3ED7E
:10381C00005A77EEA77A194A66EE846A184B194853
:10382C0067EE857A184924EEC75A27EE664AA4EE4D
:10383C00E77AA7EEA65A24EE254AC4EE033A25EE03
:10384C00655A37EE267ADFED116A85EE034AE5EE0E
:10385C00A36AC0ED003AE5EEC76A74EE677A81EDB3
:10386C00004A77EEA47AC2ED006A67EEA57AC3ED42
:10387C00007A7047CC3E0020C3F51C41C0470020A5
:10388C00C4470020C8470020CC470020C3F51CC10A
:10389C0038B5374B1A782DED088BF0EE409A002A8C
:1038AC004DD1344D344CD5ED008A94ED009A334B08
:1038BC0039EEE8AADFED327A93ED1C8AB0EE4A0AB3
:1038CC0028EE278A0BF068FFF0EE40AAB0EE4A0A09
:1038DC009FED2CAA0CF060F8F0EE400AB0EE6A0AEC
:1038EC000BF058FF38EE087AF0EE497AF0EE40AA69
:1038FC00E7EE007AE7EE8A8AB0EE680A0BF04CFF2E
:10390C00B0EE40BAB0EE680A0CF046F8F0EE400AA1
:10391C00B0EE4B0A0BF03EFF28EE088A1A4A1B4BFE
:10392C0028EE2A8AC2ED009A85ED000AA8EE0A9AC2
:10393C0084ED009A83ED009ABDEC088B38BD0BF03A
:10394C002BFFB0EE408AB0EE690A9FED119A0CF095
:10395C0023F8F0EE400AB0EE480A064D0BF01AFFC1
:10396C000022034BF0EE408A034C1A709FE700BF15
:10397C00D5910020444800204C480020CC3E00202B
:10398C00DB0FC9406F12833A889100208C91002084
:10399C00000000002C4B88B01B78002B46D02B4B22
:1039AC009FED2B3A93ED047A93ED035AD3ED056A10
:1039BC00D3ED027A76EE874AD3ED005A66EE876A2B
:1039CC0077EEA77A25EE057A67EE857A24EEC75A4C
:1039DC0027EE664AA4EEE77AA7EEA65A24EE254A0D
:1039EC00C4EE033A25EE655A37EE267ADFED196AF6
:1039FC0085EE034AE3EEA56ACDED063AE7EE656A7D
:103A0C0074EE677A8DED074A77EEA47ACDED046AF1
:103A1C0067EEA57ACDED057ADDED050A9DED061A6A
:103A2C00DDED071A9DED040A08B070470A480B49F2
:103A3C000B4B0C4A006809681B68126805900691CC
:103A4C0004920793E8E700BFBC910020CC3E002015
:103A5C00C3F51C41C3F51CC1C4470020C847002056
:103A6C00CC470020C047002000B585B0FFF792FF7F
:103A7C000F4B1049D3ED007A91ED006A67EEA07AF6
:103A8C000D4A0E4BD2ED006AE6EE007A93ED007A09
:103A9C008DED000ACDED010A8DED021ACDED031A64
:103AAC00E6EE817AE7EE217AB1EE670A05B000BD49
:103ABC008C91002044480020A8910020A491002063
:103ACC00234B10B52DED028B93ED008A84B0214C65
:103ADC00B0EE480A0BF060FF1F48F6EE007ADFEDFF
:103AEC001F6A90ED007AD4ED008A27EE277A1C4BE2
:103AFC009FED1C2AC7EE267A67EEA87AA8EEA70AD5
:103B0C0083ED000AFFF746FF174BF0EE606A17498A
:103B1C00B0EE417A164AF0EE617AD4ED000A0E4806
:103B2C0091ED001AD2ED001A6A46D3ED002A114924
:103B3C008DED000AB0EE480ACDED016A8DED027AEA
:103B4C00CDED037AFFF7D6F804B0BDEC028B10BDB7
:103B5C00444800208C910020CC3E0020C3F51C4131
:103B6C005C3F00206F12833A38900020A89100200F
:103B7C00A49100202C48002038B500201E4DFFF7E2
:103B8C0087FC002300221D482B60026042600372F8
:103B9C001B481C4C03701C48237003701B4863604B
:103BAC0003701B481B4C03701B481C4902601C48CB
:103BBC00236002601B4C1C480B7002608A604A60D8
:103BCC00CB60237019491A4C1A481B4D0B600260CC
:103BDC004B602B748B604021237063601023174C57
:103BEC00174802604FF48062C4F88830154BC4F853
:103BFC008810C3F8882038BD549000202C48002031
:103C0C00C0910020F4470020CF910020D2910020D9
:103C1C00BC9100201C48002058480020044800207B
:103C2C00A4910020BF910020389000203C900020EF
:103C3C001448002060880020E047002000C00042AB
:103C4C00484800200040004210B5044609F0DAFE56
:103C5C00184B1A7812B9012258601A7000220023EE
:103C6C0015494FF00A0C15480A7002708B604B60B6
:103C7C00CA604260124913480A720274124A0B60FD
:103C8C0082F800C0127811484B60042A1049036076
:103C9C000B6004D02046BDE81040FFF75DB92378D7
:103CAC00212BF7D1A31C0B4A51210B480EF07CFAA7
:103CBC00F0E700BFF447002004480020144800201F
:103CCC002C480020E0470020CF91002058480020CD
:103CDC0060880020E0080020F83B0020224B1B7875
:103CEC00002B3BD1214B1A78052A36D01A78062A9C
:103CFC0033D019781E48A1F101011E4ADFF88CC09F
:103D0C00B1FA81F190ED007A107849098CF8001025
:103D1C00E8B9DFF87CC001201749DCED1B7A4FF0C5
:103D2C00000C09681070C2F804C029B9B5EEC07A4D
:103D3C00F1EE10FA15DB0146DFED106A9FED107AFB
:103D4C0077EEE67AD16077EEC77AC2ED027A052279
:103D5C000C481A701B78FFF7FFB870470A48FFF73A
:103D6C0073BF4FF0FF31E7E7BC910020CF910020EB
:103D7C00A8910020044800201C4800208FC2753CEC
:103D8C000AD7A33B6C09002024090020BF91002016
:103D9C00CC3E002010B5AAB009F034FE204B1A78A6
:103DAC0012B9012258601A701E49002300221E48C5
:103DBC0091ED1A6A91ED197A1C49B7EEC66AB7EE05
:103DCC00C77A1B4C0A708B604B60CA60194922740D
:103DDC00194C8DED026B8DED007B0B60027004A80D
:103DEC004B600A721549164A0B6096211360072323
:103DFC00144A23700EF0D8F92378042B04D004A8AD
:103E0C00FFF7AAF82AB010BD9DF81030212BF6D17F
:103E1C000DF112030C4A51210C480EF0C5F9EEE7D6
:103E2C0014480020CC3E0020BF9100200448002004
:103E3C00E04700202C480020CF910020584800205B
:103E4C0060880020A0090020E0080020F83B00203A
:103E5C0030B5674C2DED048B04F5DE7585B06368C9
:103E6C0054F80C1BD3ED007A6248B7EEE77A53ECAA
:103E7C00172BFFF71FF9A542F1D15F480524FFF777
:103E8C006BF807200621042303220094CDE90110CE
:103E9C0002215A48FFF70EF959484FA3D3E90023E2
:103EAC00FFF708F93C215748FFF704F90022564B5D
:103EBC005648FFF7FFF80022554B5648FFF7FAF823
:103ECC00554847A3D3E90023FFF7F4F8534846A31A
:103EDC00D3E90023FFF7EEF840F2DC515048FFF72E
:103EEC00E9F85048FFF738F84F48FFF735F84F48D6
:103EFC00FFF732F800214E48FFF7DCF800214D485F
:103F0C00FFF7D8F84C4B4D481968FFF7D3F84C4BDA
:103F1C004C481978FFF7CEF84B48FFF71DF84B4883
:103F2C00FFF71AF84A48FFF717F84A4BDFED4A3A01
:103F3C0093ED047A93ED035AD3ED056AD3ED027A2F
:103F4C0066EE874A93ED006A76EE876ADFED435A98
:103F5C0025EE057A424877EEA77A27EE644A67EE9B
:103F6C00857A26EEC75A24EE064AA6EEE77AA7EE25
:103F7C00A45A84EE239A25EE465A37EE247AC5EEDF
:103F8C00238AE6EE095AE6EE475A38EEE78A38EE0F
:103F9C00268AB7EEE57A28EE068A53EC172BFFF744
:103FAC0089F8B7EEC87A2F4853EC172BFFF782F835
:103FBC00B7EEC97A2C4853EC172BFFF77BF8B7EE0A
:103FCC00E87A2A4853EC172B05B0BDEC048BBDE8FE
:103FDC003040FFF76FB800BF000000A0AA0ADA401B
:103FEC00000000E0B66D0540000000A024ED9440F8
:103FFC0088220020F4090020000A00202C0A00204E
:10400C00700A00208C0A002000005E40A00A0020EC
:10401C0000008440B80A0020D00A0020E80A0020E2
:10402C00FC0A0020140B0020780B0020900B0020C1
:10403C00A40B0020B80B0020583F00205C07002088
:10404C00D191002078070020D00B0020F00B00202D
:10405C00040C0020CC3E0020C3F51C41C3F51CC150
:10406C00180C0020280C0020380C0020480C0020D4
:10407C002DE9F04F7C4993B00EF006FB002851D08F
:10408C007A4A04467A4901207A4B1268087000205B
:10409C0075491A600EF0F8FA774B06461B68D3B1D7
:1040AC00764920460EF084FB78B1754920460EF017
:1040BC007FFB50B1734920460EF07AFB28B1237870
:1040CC00762B32D16378002B2FD16F4813B0BDE81B
:1040DC00F04FFEF741BF6D4B1B78002BE0D16C4BC2
:1040EC001B78002BDCD16B4A13781746072B3FD07B
:1040FC001378082B3CD03B78092B39D03B780A2B12
:10410C0036D03B780B2B33D0634920460EF050FB56
:10411C0040B1624920460EF04BFB002851D1604B58
:10412C0001221A7013B0BDE8F08F23787A2B02D1DC
:10413C006278762A3DD06F2B05D163786E2B02D135
:10414C00A378002BC1D0574920460EF031FB002834
:10415C00BBD0554920460EF02BFB0028B5D04D4B5B
:10416C001F461B78072B0DD03B78082BC3D104E0DE
:10417C00424920460EF01CFBA8B1414920460EF0E6
:10418C0017FB80B13F4920460EF012FB58B1237843
:10419C00762B12D023787A2BB6D16378762BB3D1C9
:1041AC00A378002BB0D1414813B0BDE8F04FFEF717
:1041BC00D3BEA278002A88D0BDE76378002BF2D05A
:1041CC00E8E73B4920460EF0F3FA88B1394920461E
:1041DC000EF0EEFA68B323786F2B0DD163786E2B4B
:1041EC000AD1A37843B90120FFF752F932486DE7A1
:1041FC00FFF7C2FC314869E7204920460EF0D8FA97
:10420C00F8B92F4B1B78002B00F0A880FFF7B4FCFB
:10421C000120FFF73DF92B4B00222B49DA6008688F
:10422C0001219A601A6002225860197427483A706A
:10423C004CE70F90FFF7A0FC0F98FFF729F92448E3
:10424C0044E70F4920460EF0B3FA002844D11C4B2A
:10425C001B78002B00F082803B78002B40F097807D
:10426C001C4B01221A705DE7000D0020809100208C
:10427C00C19100208C90002054900020040D00204F
:10428C000C0D0020100D0020200D0020C0910020EE
:10429C00D0910020CF910020700D0020AC0D00209B
:1042AC00D491002078160020180D0020780D0020E5
:1042BC00B00D0020C00D0020E40D0020B80D002032
:1042CC00CA910020E047002088910020080E0020B1
:1042DC00C40D0020D2910020A14920460EF068FAAE
:1042EC0000284BD09F4920460EF062FA002837D1A7
:1042FC003B78052B3FF416AF3B78062B3FF412AFFF
:10430C003B78012B06D0FFF737FC0120FFF7C0F8F4
:10431C0001233B703046002E3BD00CF0BFF9924B82
:10432C00D3ED066AB1EE667AB7EEC77AB4EEC07B0F
:10433C00F1EE10FA07DCB7EEE67AB4EEC70BF1EE4D
:10434C0010FA37FE007BB7EEC77B884B88491B6899
:10435C00884AFA3381ED007A1360E3E68648B5E6C5
:10436C00864920460EF024FA20B3854920460EF0EB
:10437C001FFA88B9834B00221A60D3E6FFF7FCFBC7
:10438C000120FFF785F801237F483B709EE67F48AC
:10439C009CE69FED7F7AD8E77E4920460EF008FA1E
:1043AC0060BB3B78002B45D17B4A7C4B12687C4828
:1043BC001A608BE60120FFF76BF83046DEB10CF08B
:1043CC006DF9784BD3ED006AB1EE667AB7EEC77A29
:1043DC00B4EEC07BF1EE10FA07DCB7EEE67AB4EE81
:1043EC00C70BF1EE10FA37FE007BB7EEC77B654BBF
:1043FC0083ED007A96E69FED667AF8E76A492046E7
:10440C000EF0D6F900286FD0684920460EF0D0F98E
:10441C000546674920460EF0CBF98046002D51D059
:10442C0028B3644920460EF0C3F928B9624B012227
:10443C001A7077E6614849E6614920460EF0B8F9F2
:10444C00014600285BD13046002E39D00CF02AF9F9
:10445C0064280146A8BF642121EAE1710B46594A40
:10446C005948138013B0BDE8F04FFEF723BE002E61
:10447C002DD03378002B00F00B83731E00240A21FF
:10448C0009E0D0B201FB0424092800F20183B4F541
:10449C00805F80F2FD8213F8010FA0F1300200283A
:1044AC00EFD14A490EF0F0F8002840F0F182FFF706
:1044BC0063FB474B1C600323B8F1000F1BD00EE0CD
:1044CC000B46CCE70028D2D0002E40F0E182FFF75B
:1044DC0053FB3F4B00221A60B8F1000F0AD00123A6
:1044EC003C4A3D481360F1E52B4A3C4B52683C4832
:1044FC001A60EBE50223374A3A481360E6E53A497D
:10450C0020460EF055F9002800F0BD8237492046B0
:10451C000EF04EF900286FD1354A044603E0013401
:10452C00252C00F082800C23304603FB04F3002E74
:10453C00F5D0D1589D180F910EF03AF90F992C4ADD
:10454C000028ECD16B682B48D3ED007AB7EEE77AF4
:10455C0053EC172B13B0BDE8F04FFEF7ABBD00BF0B
:10456C00100D0020480E0020CC3E00208091002031
:10457C005848002000480020F00D00204C0E002070
:10458C00500E0020608800203C0E0020140E0020ED
:10459C0000000000880E002048900020D04700202A
:1045AC00900E0020A43F0020A00E002078160020C2
:1045BC00180D0020080F0020D3910020580E002069
:1045CC000C0F0020C63F0020140F0020000D00200F
:1045DC00B4900020549000209C0C0020D447002064
:1045EC00A80E0020580C0020280F0020300F0020AF
:1045FC0088220020F4090020674920460EF0D8F8E4
:10460C00002800F0B180654920460EF0D1F880B149
:10461C00634920460EF0CCF848B96248FEF79CFC82
:10462C006148FEF799FC614850E561484EE56148E8
:10463C004CE56148614A3978614B127890ED006A1B
:10464C006048B7EEC66A604C90ED004A93ED005A94
:10465C005E4BB7EEC44AB7EEC55A5D4893ED007A8F
:10466C00B7EEC77A8DED006B8DED024B8DED045BD3
:10467C008DED067B90ED007A5648B7EEC77A8DED3E
:10468C00087B00780A90544800680B9053480068E7
:10469C000C90534854F82110FEF70CFD514A524926
:1046AC009268524812F4803F514A08BF1146FEF7F7
:1046BC0001FD464B9FED4F7AD3ED007ADFED4E6A4C
:1046CC00F0EEE77A4D494E482FA3D3E9002367EE6D
:1046DC00877ACDE904232EA3D3E9002387EEA66ABB
:1046EC00CDE90223D1ED067A67EE877A87EEA67ABA
:1046FC00B7EEC77A8DED007BB7EEC67A53EC172B6D
:10470C00FEF7D8FC3D49FFF761F8002840F07E81A8
:10471C003C4B40F2DC513C481A68FEF7CBFC3B4B5F
:10472C003B481968FEF7C6FC3A4B3B4993ED005ADF
:10473C003A4A3B4BB7EEC55A91ED006A92ED007ABE
:10474C00D3ED004AB7EEC66AB7EEC77A3548B7EE76
:10475C00E44A8DED045B53EC142B8DED026B8DED67
:10476C00007BFEF7A7FCDDE42F490F900DF08CFFCA
:10477C00002E00F09081002800F08D812B4A81469C
:10478C000F9C58E0AFF30080254992244970F1400A
:10479C000000008024ED9440440F0020B81000204D
:1047AC00841200208C120020C01200200C13002058
:1047BC00340F00207413002088910020CD9100202C
:1047CC00A89100208C91002008370020A491002093
:1047DC00AC910020C99100206090002090900020A6
:1047EC00C010002000400042F40C002028110020D2
:1047FC00FC0C002000606A470000F042CC3E002018
:10480C00601100205C900020081200202448002039
:10481C0048120020CC470020C8470020C447002085
:10482C00C047002064120020000D002088220020C8
:10483C00252C3FF4FAAE0C23304603FB04F3013471
:10484C00D518D358194698460DF0B2FFA24A002845
:10485C00EED1119011A948460DF0A2FB119B4B45CE
:10486C0000F01C811B78002B40F01881F0EEC07A10
:10487C009FED9A7AF4EE477AF1EE10FA00F20E817F
:10488C00974A6B6802F1180102F114002D7A8342E9
:10489C0018BF8B4202F15800924CA9460CBF012163
:1048AC000021A0F13C06B34208BF41F001011E1AE1
:1048BC00D6F1000C4CEB060CA0F13806B34208BF45
:1048CC0041F001012C3EB34214BFE6464CF0010E00
:1048DC001C3645EA0E0EA34208BF4EF0010EA0F1A5
:1048EC003404A34208BF41F00101141DA34218BFB8
:1048FC00934202F154040CBF01250025A34214BFBE
:10490C000C4641F0010478498B4208BF4EF0010E71
:10491C0002F108018B4208BF45F0010502F10C01C0
:10492C00B34218BF8B42AA460CBF012100210D4394
:10493C0002F128018B4208BF44F001046B49AB46DD
:10494C008B4208BF4EF0010EA0F12C018B4214BF1C
:10495C00214644F0010102F14C0450322943644DCC
:10496C00AB4208BF4EF0010E934218BFA3420CBFDE
:10497C000125002555EA0E0E2E4600D131B197F8CF
:10498C0000E0BEF1000F71D1002955D159498B427D
:10499C0008BF4CF0010CBCF1000F4DD154318B42CF
:1049AC004AD055498B4200F0588154498B4200F053
:1049BC00448153498B4200F02F8104398B4200F023
:1049CC002B8150498B4200F01E8104398B4200F040
:1049DC001A81834267D0002E00F0CD80A34200F0F4
:1049EC00AF8044499342DFED3D6A91ED197AF0EEC8
:1049FC00C77AF4EE667A00F0FF80F1EE10FA40F21E
:104A0C00A2804148FEF7A8FAFFF78CBB3F4A3B78DF
:104A1C00D2ED007A91ED1A6AF0EEE77A3C48B7EEE7
:104A2C00C66AB7EEE77A8DED006B54F8231053ECA1
:104A3C00172BFEF73FFB6BE6B5EEC00AF1EE10FA52
:104A4C000CD934498B4216D0BBF1000FA9D0DFED45
:104A5C00327AB4EEE70AF1EE10FAA2DD2F481CA36D
:104A6C00D3E90023FEF726FBFFF75CBB2C48FEF7CF
:104A7C0073FAFFF757BBDFED2B7AB4EEE70AF1EED2
:104A8C0010FAE1D8EAE713B0BDE8F04FFFF7E0B950
:104A9C002548FFF71BBB2548FFF718BB2448FEF73A
:104AAC005BFAFFF73FBBDFED237AB4EEE70AF1EEDA
:104ABC0010FA06DBDFED207AB4EEE70AF1EE10FA1D
:104ACC0089D91E48FEF748FAFFF72CBBAFF30080DC
:104ADC00000000E0B66D054088220020FFFF7F7FBC
:104AEC00E43E0020C0470020C4470020C8470020F7
:104AFC00CC470020CC3E0020F83E0020D83E0020C1
:104B0C00D43E0020E03E0020581000208C91002064
:104B1C00B0110020383F0020B76D2B40C40F00208F
:104B2C00800F00200AD7A33CB80E0020480F0020AD
:104B3C00640F0020CDCCCC3D0000C84234100020C6
:104B4C00B0EE407A4D49D1ED1A7ADFED4D6AB0EEF8
:104B5C00E76AB4EE666AF1EE10FA3FF652AFF5EE84
:104B6C00C07AF1EE10FA7FF74CAFB4EEE77AF1EEC3
:104B7C0010FA7FF746AF434A934230D0A3422ED06F
:104B8C00043A93421FD0043A93421CD0BAF1000F5E
:104B9C0006D0F7EE087AF4EEC07AF1EE10FA21D4D2
:104BAC00834283ED000A11D0B9F1000F12D1D3ED7D
:104BBC00007A41463448B7EEE77A53EC172BFEF7F0
:104BCC0079FAFFF7AFBAF3EE097AE4E72F4A01213D
:104BDC001170E9E70F93FEF70BFE0F9BE7E7DFED94
:104BEC002C7AD8E7B7EEE77A41462A4853EC172BD4
:104BFC00FEF760FAFFF796BAF1EE10FA3FF601AF46
:104C0C00F0EE407AABE7B5EEC00AF1EE10FA0FDA2F
:104C1C0083427FF4E0AE54E7B5EEC00AF1EE10FA31
:104C2C0006D91D498B4203D004398B427FF4D1AE97
:104C3C001A48FEF791F9FFF775BAF7EE007AB4EE61
:104C4C00E70AF1EE10FAF3D4F3EE047AB4EEE70AC5
:104C5C00F1EE10FA7FF7B5AEEAE7DFED117AB4EEBC
:104C6C00E70AF1EE10FA3FF5F9AEF7EE087AB4EE7A
:104C7C00E70AF1EE10FA7FF798AEEFE6CC3E002093
:104C8C00FFFF7F7F083F0020F4090020D591002012
:104C9C000000164398100020E03E0020F40F002086
:104CAC006666263FF8B56024194D1A4E1A4F03E07C
:104CBC003170F854013C15D00AF0CEFA90B10AF0DC
:104CCC0011FB2B78C0B20A280DD00D280BD0002B6D
:104CDC00F0D1337801225E2B03EB0201E8D9013CC1
:104CEC002A70E9D1F8BD5BB90A4C22781AB90023B5
:104CFC0023702B70F8BD08488354FFF7B9F9F6E719
:104D0C000648FEF729F9034C002323702B70F1E7BA
:104D1C00C5910020C4910020C08C00209413002069
:104D2C00DFF8BCC025482649264A096812789CED54
:104D3C00007A90ED006A2448B7EEC77ADFF8A4C079
:104D4C00B7EEC66A90ED005A20489CED004AB7EECB
:104D5C00C55A90ED003A1E4BB7EEC44A1D48B7EE4B
:104D6C00C33ADFF884C090ED002A93ED001A93ED5E
:104D7C00000AB7EEC22AB7EEC11A1748B7EEC00A3E
:104D8C0000B593B09CF80030D0F800C013488DEDFE
:104D9C000C1B8DED0A2B8DED083B8DED064B8DED2F
:104DAC00045B8DED026B8DED007BCDE9103C8DED40
:104DBC000E0BFEF77FF913B000BD00BF8C910020E5
:104DCC0080910020CF910020A891002038900020E5
:104DDC00AC9100205C3F002090900020B413002088
:104DEC0088910020A4910020C991002000000000AF
:104DFC00594B2DE9F04F1C682DED028B9FB008F03C
:104E0C0001FE241AB4F5167FC0F29B81534A544913
:104E1C00136808681B1AC72B40F298815148136815
:104E2C0000780B608146002840F0E2814E4B1978E7
:104E3C001A78C9B2042A00F00E824C4A1268002A71
:104E4C0000F0E3814FF6E072494D0692494A127820
:104E5C005FFA82FB484A127802F0FF082AB1474AEF
:104E6C001268B2FA82F84FEA5818454ADFED457AD3
:104E7C001278DFED455AD2B2444F454C0792454A61
:104E8C00454E92ED007A454A27EE277A9FED304B3E
:104E9C00B7EEC77A87EE046B92ED007A404A67EE64
:104EAC00257AB0EE678AD2ED007A1B78F0EE678A2D
:104EBC00042B40F2FF73238014BF4FF0000ADFF87D
:104ECC00F4A00FCF0FC63B6828463360B7EEC67B05
:104EDC008DED057A0DF00CFEF11C00239DED057A8D
:104EEC0098424FF0200288BFEA5C0133142B01F882
:104EFC00012FF5D1069B6380B9F1000F00F0A4815E
:104F0C000F21284E284A00232025994205D9F05C10
:104F1C000133994202F8010FF9D8013302F8015F0D
:104F2C00142BF2D14FF6FF73A380BBF1000F00F0EE
:104F3C008E8110261D484FF6E0751D4A002303E0B4
:104F4C00C15C013302F8011F9E42F9D8202137E0E1
:104F5C00182D4454FB210940FC470020809100206F
:104F6C00208D0020C1910020CF9100205490002072
:104F7C00F0130020CD910020CA910020DC470020C6
:104F8C00D19100200000344300007A44E414002046
:104F9C00E08B002088910020F88B0020A891002045
:104FAC00A4910020241400201F8C00204814002001
:104FBC00338C0020F83B0020142B02F8021F04D085
:104FCC00132B517003F10203F6D1E580B8F1000FF9
:104FDC0000F051810B21BD4E4FF4FC67BC4A0023FD
:104FEC002025994205D9F05C0133994202F8010F52
:104FFC00F9D8013302F8015F142BF2D1B7EEC77A5E
:10500C002781B44A40210EA88DED007B0DF0CCF821
:10501C00B8F1000F00F02C810EA80DF069FD0EA95F
:10502C00AD4A0025A8424FF0200388BF4B5D0135E7
:10503C00142D02F8013FF5D1B7EEC87A4FF6FF7385
:10504C004021A64A0EA80DF138088DED007B638136
:10505C000DF0AAF80EA80DF04BFDA14B4146C3F183
:10506C00000C03F114060CEB0302202701319042D3
:10507C0088BF11F8017C03F8017FB342F3D1B7EE7E
:10508C00E87A4FF6FF734021964A0EA88DED007B0F
:10509C00A3810DF089F80EA80DF02AFD924B6FF04C
:1050AC008A0103F19F07C91A8B19202208F1010804
:1050BC00834238BF18F8012C06F8012FBE42F3D1F9
:1050CC004FF6FF73E381BAF1000F00F0D98053461D
:1050DC00864A152108A80DF067F808A80DF008FD00
:1050EC00814B6FF09E0C08AA03F1B306ACEB030CDA
:1050FC000CEB070320210132984288BF12F8011CE7
:10510C0007F8011FB742F3D14FF478435046574686
:10511C0023820DF0EDFC142840F2D680143738466B
:10512C000DF0E6FC054600239D424FF0200288BF9F
:10513C00FA5C0133142B06F8012FF5D14FF47843A8
:10514C0063821FB0BDEC028BBDE8F08FDFF8E8C1C5
:10515C004FF0140ADFF89091654CDCF80020DFF872
:10516C00DC81644BA3FB0235531C2D0905EB850137
:10517C00A2EB8106604AA2FB0302C820920900FB45
:10518C00123208EB810009EB810310F806E006EB04
:10519C0081019B5D34F815009E4504D1574F37F8BB
:1051AC00111081425CD0CCF8002006EB46010222A3
:1051BC00009089000020CDE902222A01019009B259
:1051CC004F4812B205F0CAF834F8151005EB8505F6
:1051DC004A4809EB850208EB8503925D06EB8505D1
:1051EC009A5520F815101FB0BDEC028BBDE8F08F5E
:1051FC004449136840F2DC5209685B1A93428CBF35
:10520C004FF000094FF0010910E63F4A1278002ACE
:10521C007FF418AE3D4A1278002A7FF413AE1A7848
:10522C001AB9B9F1000F00F08F801A78022A00F039
:10523C0090801A78032A00F09180354A4FF6FF705F
:10524C0052F82150069001E61221324E5AE61D46C4
:10525C001126314871E64FF47842304D0692F5E54F
:10526C00BAF101039A467FF47CAFCCF8002068E7D2
:10527C0012202B49D4E610212A4E4FF47847ADE684
:10528C00079A002A5CD028489C46002320210F2B2B
:10529C0005D8C25C01330F2B07F8012FF9D9013364
:1052AC0007F8011F142BF2D148F210431F4E204D6A
:1052BC006382A4F810C00FCE0FC533682B601FB0EB
:1052CC00BDEC028BBDE8F08F1A4F2CE77014002058
:1052DC00478C0020FC1400205B8C00201015002053
:1052EC006F8C002020150020F88B00203415002036
:1052FC00E08B0020CDCCCCCC1F85EB5174880020EA
:10530C00048A00208C900020C0910020D0910020B5
:10531C0008370020341400205C140020B819002039
:10532C00901400207C140020BC1400203C1500209C
:10533C00AC8C0020A4140020F48B0020188B0020CF
:10534C0009484FF6E07CA0E748F21042074D069260
:10535C007CE54FF6E072064D069277E54FF4FC6261
:10536C00044D069272E500BFD0140020FC130020FF
:10537C000C1400201814002000B583B008F000FCB9
:10538C004FF0200C0D200B2309220A21CDE9000C33
:10539C00054807F041FD054A0549064803B05DF88C
:1053AC0004EB0AF0B9BF00BF048A0020583C00206F
:1053BC0081000000A83F002010B51D4C6C2240F26B
:1053CC0001130C21204684F8A520A4F82F3102F0FB
:1053DC004BFB0021204602F035FCF8B901230222D8
:1053EC003621204602F0B4FC022817D194F8A220F2
:1053FC0094F8A300824218D2531CA118DBB2897E08
:10540C00984284F8A23010D923440232987E84F852
:10541C00A22040EA0120C0F30B0010BD054A4FF05A
:10542C00FF3013680133136010BD40F6FF7010BDE0
:10543C00783900206090002010B5144C6C2240F29A
:10544C0001130146204684F8A520A4F82F3102F060
:10545C000BFB0021204602F0F5FB98B90123362105
:10546C0020461A4602F074FC01280BD194F8A230A5
:10547C0094F8A3209A4205D95A1C234484F8A220FC
:10548C00987E10BD4FF0FF3010BD00BF7839002062
:10549C0015480721F8B506466C2540F2011480F832
:1054AC00A550A0F82F4102F0DFFA0321304602F09C
:1054BC00DBFA0121304602F0C5FB082107463046D5
:1054CC0086F8A550A6F82F4102F0CEFA00213046FE
:1054DC0002F0CAFA0121304602F0B4FB3843C0B2E4
:1054EC00B0FA80F04009F8BD7839002070B51F483B
:1054FC006C2502F0F7FA022008F02EFA11211B4855
:10550C0040F2011413F02CFF1021184813F024FF63
:10551C00164813F01DFF1649144802F05FFD13489E
:10552C000721064680F8A550A0F82F4102F09CFAFE
:10553C000321304602F098FA0121304602F082FB3A
:10554C000821304686F8A550A6F82F4102F08CFAB7
:10555C000021304602F088FA0121304602F072FB3D
:10556C00044A13680133136070BD00BF7839002002
:10557C00801A06006490002008B5FFF71DFF431C3D
:10558C001DD0164B4FF0000C154AC3F800C04FF05D
:10559C00010C13681349C31A81F800C0B3F5006FEE
:1055AC000ADC13F5006FB8BF03F580530E49106089
:1055BC000A681A440A6008BDA3F58053F6E7074A47
:1055CC0013680133312B04D81360064B00221A7078
:1055DC0008BD00231360FFF789FFF6E7DC470020C6
:1055EC00D8470020CA9100205C4800200000000031
:1055FC002DE9F04F934C2DED108BC5B008F002FA4D
:10560C000A90FFF7B9FF2378002B00F0E580237890
:10561C00042B00F0E1808C4BDFF898A209938B4BA4
:10562C008B4A1B6812689B1A40F2DC52934200F2C0
:10563C005982884B1A78002A40F00D82864D2378C7
:10564C003BB12378042B04D0844B1B68042B00F251
:10565C000685834B1A78002A40F0E881814E336826
:10566C0093B13268237833B97F4B1B7803F0FF0179
:10567C00002B00F0C884002333602378042B01F046
:10568C0091827A48FDF768FC794F3A782B68B2B171
:10569C00784A1278002A40F05981774A002100207C
:1056AC00916011610021C2E90001684A73491268D6
:1056BC000968521A41F288318A4200F2BF84704A5A
:1056CC0012689B1A5A42C3F30B03C2F30B0258BF66
:1056DC005342B3F5006F40F39480A3F5805307EE6B
:1056EC00903A9FED680ADFF8D081F8EEE77ADFF8A0
:1056FC00CC9127EE800AFEF7CBF8634A634B9FED03
:10570C00646A19681368DFED636A5B1A07EE903AF6
:10571C00F8EEE77A87EE867A88ED007A53685E4A6F
:10572C0012689B1A07EE903AF8EEE77A87EEA67AA3
:10573C0089ED007A23789BB12378042B10D0574D38
:10574C0098ED007ADFED566AD5ED1B7AB0EEC77A8C
:10575C0077EEE67AB4EEE77AF1EE10FA00F398847D
:10576C00504B1A78002A40F0AD804F4FDFF850B103
:10577C004E4E3378002B4AD02378032B00F0A484B0
:10578C002378022B0AD02378032B07D02378052B00
:10579C0000F02E812378062B00F02A812378012B30
:1057AC0000F030812378022B00F02C812378032B1E
:1057BC0000F028812378013B0A2B00F2AC87DFE84C
:1057CC0013F005075705AE04AA075E025E02D90165
:1057DC00D901D901380338031B4BDFF8D8A0D3ED1E
:1057EC00007A0993F5EE407AF1EE10FA7FF417AFD8
:1057FC00DAED007AF5EE407AF1EE10FA3FF419AFDB
:10580C000DE713F5006FB8BF03F5805367E72378F6
:10581C00022B02D02378032BB8D1164B1B78002B0C
:10582C00BCD0234B1D4DD3ED007A95ED197AF0EEDB
:10583C00E77AB4EEE77AF1EE10FAAFD5FEF7AAFAF2
:10584C00ACE700BFCF910020608800208091002041
:10585C008C900020D4910020D8470020DC470020F9
:10586C00D391002054900020CD910020C015002031
:10587C00C0910020CA910020A04700205048002071
:10588C00583F0020DB0FC93A48900020D047002039
:10589C005555D04600002044D4470020CC3E002073
:1058AC000AD7233CD2910020A4910020BC91002067
:1058BC008C91002048480020A8910020AC91002039
:1058CC003890002000221A708F4B93ED007A2378C9
:1058DC001BB93368002B00F015838C4A8C4B8D4F11
:1058EC00DFF888B292ED005AA021DFED8B7A1CA86C
:1058FC0093ED004A25EE275A98ED006A27EE277A99
:10590C00DFED866AB7EEC44A854AB7EEC55AB7EEE4
:10591C00C77A26EE266A9FED7A3B8DED044BB7EEE7
:10592C00C66A87EE034B85EE037B8DED066B8DED22
:10593C00024B8DED007B0CF037FC2378042B01F02F
:10594C00CB801CA8774EFDF707FB12E7764A12684E
:10595C00002A7FF4A2AEB3F5805FBFF49EAEDFF8F1
:10596C0010C2DCF80010002941F049810A46DCF82D
:10597C0004E0CCF80C30964541F35781DCF8080074
:10598C00CCF80420904281F20882CCF80820013136
:10599C00DCF81000B1F5C87F0244CCF80010CCF84C
:1059AC001020FFF682AE07EE902A07EE101ADCF8F4
:1059BC000C80F8EEE77AB8EEC70A87EE800A0AF098
:1059CC0063FA5A4B40441A784342C0F30B00C3F3BA
:1059DC000B0358BF5842C0F30B001AB900F5006016
:1059EC00C0F30B00FDF734FE00222B683A7066E61C
:1059FC004F4B1B78002B7FF4D1AE3378002B7FF408
:105A0C00CDAE0AE74B4D98ED007ADFED4B6AD5ED44
:105A1C001B7AB0EEC77A77EEE67AB4EEE77AF1EE5F
:105A2C0010FAFFF6C7AEFEF759F9C3E600220B20B9
:105A3C001A70FFF701FD06461A20FFF7FDFC721CD9
:105A4C0001D03E4B1E70431C01D03D4B18703D4B9A
:105A5C0001221A7002E600220B201A70FFF7ECFCF0
:105A6C0005461A20FFF7E8FC34496E1C00D00D7077
:105A7C00451C334E00D03070334B344D1A68344BC8
:105A8C001B68D21A334B1B68307802901CA809781B
:105A9C0003915142C2F30B02C1F30B0158BF4A42AE
:105AAC00296800918A1A2C49096804915142C2F361
:105ABC000B02C1F30B0158BF4A42A021C2F30B02E7
:105ACC000192264A12780592254A12780692254AA6
:105ADC000CF06AFB2378042B01F083801CA8FDF7E3
:105AEC003BFAACE5FEF748F8042323702378042B2B
:105AFC0000F0F8851C48FDF72FFA9AE5AFF300800B
:105B0C00182D4454FB210940444800208891002062
:105B1C008C910020A49100200000344300007A44B2
:105B2C00EC160020BC910020DC470020BD91002029
:105B3C00BF910020CC3E00208FC2753CCB91002041
:105B4C00C9910020C89100205C480020D847002053
:105B5C00544800208091002060900020CA910020C1
:105B6C00CD91002084150020541500203890002081
:105B7C00A047002097ED008ADBED008A07F042FF7A
:105B8C00CB4BD8ED007AD3ED006ACA4B1B78DAB256
:105B9C00C94B1B78002B01F08581B0EEC87A9FEDC4
:105BAC00C76AF0EEE77AB4EEC67AF1EE10FA00F2BC
:105BBC000586B0EEE87A9FEDC26AB4EEC67AF1EED5
:105BCC0010FA00F2FB859FEDBF7AF4EEC77AF1EE86
:105BDC0010FA01F29E82591EBB4D0129D5ED1A7A9D
:105BEC0041F21083032B01F06983B34BB74A5B6816
:105BFC00C31A934200F2FA85092323701CAED5ED2B
:105C0C000D7A95ED0E7AAC4BF4EEC77A98ED006AEE
:105C1C001B78D5ED0F6AF1EE10FA67FE877A012B2F
:105C2C0041F052819FEDAA7A37EE487ADFEDA95AFE
:105C3C0036EEA60A66EEA56AB0EEC76A20EE060A34
:105C4C00A6EEA60AB5EE400AF1EE10FA01F1838336
:105C5C00B1EEC06AA04B95ED1B3A1A680B93B5EEEA
:105C6C00C07A36EE666AF1EE10FAC7FEC67A80F29A
:105C7C00E98414ABF1EE677A0C9300F0E5BC974B1A
:105C8C00954A1B78D7ED005A0B92DBED006A12682F
:105C9C008D4D002B01F05B80D5ED107A95ED115AEE
:105CAC008F4B98ED003A197893ED017A002900F0AA
:105CBC00FD87F0EEE53ADFED814A9FED866AF4EE62
:105CCC00E43A37EE067A93ED036AF1EE10FAB8EE89
:105CDC00C66A83ED017A25EE864A01F26380F0EE06
:105CEC00E63ADFED772AF4EEE23AF1EE10FA41F201
:105CFC001981DFED7C2AB4EEE24AF1EE10FA00F1E4
:105D0C00CD87B4EEE44AF1EE10FA00F2CF8726EE1E
:105D1C00866AB5EEC06AF1EE10FA94BF012100213B
:105D2C00B7EE086AF4EEC63AF1EE10FA00F2BE874E
:105D3C001878022840F0BA87002900F0B787002AAB
:105D4C0040F0B487B0EEC33A93ED026AB4EEC63AB3
:105D5C00F1EE10FA00F2AA8798ED007A1CAE97EDDE
:105D6C00005A60219BED006AB7EEC77AB7EEC55AB0
:105D7C001A70B7EEC66ADA60002230468DED025B0F
:105D8C008DED046B8DED007B9A605A60564A0CF0D9
:105D9C000BFA2378042B01F001813046FDF7DCF877
:105DAC004E490B78002B01F0AE80012395ED117A52
:105DBC00DFED486A237037EE070A4C4B27EE267A44
:105DCC009FED436A1A680023D7ED006A0B7076EEDC
:105DDC00666A474BD5ED107A83ED006AF0EEE65A11
:105DEC00444B1A6020EE250AA7EE070AB4EE460AC9
:105DFC00F1EE10FA01F18482B1EEC06AF5EEC06AE0
:105E0C0036EE476AF1EE10FAC7FEC67A01DAF1EE09
:105E1C00677A23783848CDED0D7AFDF79DF80B9B0A
:105E2C0095ED1B3A1A6814ABDDED0D7A0C9300F06E
:105E3C000BBCD7ED005A9BED008ACDED0B5A07F049
:105E4C00E1FD2E4AD8ED007A1378DDED0B5A002BCC
:105E5C0000F05886B0EEE57ADFED186AF0EEE77ADE
:105E6C00B4EEE67AF1EE10FA00F2CC84B0EEC87A19
:105E7C00DFED136AB4EEE67AF1EE10FA00F2C284AA
:105E8C009FED107AF4EEC77AF1EE10FA01F23A8136
:105E9C00591E012941F2AA80032B40F0C384FDF75F
:105EAC006BFE17482378FDF757F800F040BC00BF95
:105EBC008C910020CA910020144800200AD7A33BE3
:105ECC00CDCCCC3DA69B443BCC3E0020809698008C
:105EDC00000000006F12833A1C480020BF91002084
:105EEC00044800200AD7A3BBD017002080910020C3
:105EFC005848002000480020F4170020F4470020E8
:105F0C00A41800203B78002B7FF4E7ACB54BB64AC5
:105F1C001B78002B41F0EB81B44BB54FDFF848B345
:105F2C00B449D2ED007AD3ED006AD8ED004A97ED72
:105F3C00005ADBED005A097800293FF4D3ACAE4986
:105F4C00096800297FF4CEACF0EEE77A9FEDAB6ADE
:105F5C00F4EE467AF1EE10FA3FF6C4ACB0EEC74A56
:105F6C00B4EE464AF1EE10FA3FF6BCACF0EEE66A3F
:105F7C00F4EE466AF1EE10FA3FF6B4AC9FEDA06A6F
:105F8C00F4EEC67AF1EE10FA3FF6ACACB4EEC64ABB
:105F9C00F1EE10FA3FF6A6ACF7EE007AF4EEE76AF3
:105FAC00F1EE10FA3FF69EACF0EEE44ADFED957A96
:105FBC00F4EEE74AF1EE10FA3FF694ACB0EEC55AA7
:105FCC00DFED917AB4EEE75AF1EE10FA3FF68AACB7
:105FDC00F0EEE55ADFED8D7AF4EEE75AF1EE10FAB9
:105FEC003FF680AC01208A4E3070FDF751FA032346
:105FFC00884823702378FCF7AFFF87482378FCF799
:10600C00ABFFFFF7B6BB032A00F0B3860123834F27
:10601C00A2F102023B70824BB2FA82F2186852096A
:10602C00804B3160996019617F490A7000217F4A69
:10603C0010600020C3E90001FFF727BB00233B7071
:10604C002378042B05D17A4B51217A4A7A480CF0EB
:10605C00ABF87A48FCF780FF2B68FFF730BB23784E
:10606C00042B0CD1764F744E3868FB687968BA688B
:10607C000FC6BB8A3869B380BB7D3060B371714881
:10608C00FCF76AFFFDF778FD04232370FFF7E1BAF4
:10609C002378042B0ED1DFF8D4C1674DDCF8000057
:1060AC00DCF80410DCF80820DCF80C300FC5DCF848
:1060BC001000286004256448FCF74EFF2570FDF79E
:1060CC005BFD2570FFF74CBB474BD3ED007AB0EE70
:1060DC00670ACDED0B7A09F05FFBB0EE408A9DEDBF
:1060EC000B0A09F059FCF0EE400AB0EE480A09F030
:1060FC0051FBB0EEC00ADFED557AB4EEE70AF1EED3
:10610C0010FA7FF73DAB5248FDF79EFD2378022B2A
:10611C003FF473AC2378032B7FF438AB6DE44D4D17
:10612C00DFED4D5A95ED006A304B85EE867AD3ED56
:10613C00007AD3ED006A2C4BCDED0D7A93ED000A6D
:10614C00CDED0C6A8DED0B7A09F026FCB6EE006AEB
:10615C009DED0B7ADDED0D7A20EE070ADDED0C6A74
:10616C0067EE867A3D4BA7EEA60AC0EE077AC3ED22
:10617C00007AFDF779FC95ED0E7AF1EE477AB4EEE4
:10618C00E70AF1EE10FA05D4B4EEC70AF1EE10FAF4
:10619C0077FE007A337863B9314BD5ED186A93EDFD
:1061AC00007AB0EEC77AB4EEE67AF1EE10FA00F3AC
:1061BC00658695ED1B3A2B4B14AA38681CAEDBF8A0
:1061CC0000100B930C921A682378012B40F0438239
:1061DC00D5ED101AD5ED112AB0EE612A95ED061AFF
:1061EC0075E300BFD0910020889100208C91002095
:1061FC00A4910020CA910020DC470020FFFF7F7F84
:10620C00C3B8323E8FC2F53C0AD7A33BCDCCCC3DB4
:10621C00BC91002098160020A4160020C0910020EC
:10622C0080910020A0470020BD9100205048002004
:10623C0026160020E0080020F83B00202416002041
:10624C00A6150020A415002080160020F3665F3FE1
:10625C0064170020CC3E0020C3F51C415C3F00209D
:10626C00444800201C480020389000208216002052
:10627C00FDF726FC8DED0B0AFDF78CFBC54BC64DCF
:10628C00F0EE405AD3ED004A95ED167AB0EEE45A92
:10629C00C24B95ED1B3A93ED004AB4EEC75AD8EDBC
:1062AC00006ADDED0B7A97ED006AF1EE10FA9BEDCA
:1062BC00002A8DED1C0ACDED1D0A8DED1E1ACDEDBB
:1062CC001F1ABFF678AFB0EEC47AD5ED173AB4EE1C
:1062DC00E37AF1EE10FABFF66EAF9FEDB17AF0EE05
:1062EC00E63ADFEDB02A33EE477A87FE627AF4EEB7
:1062FC00C73AF1EE10FABFF65EAFF0EEC62AD5ED56
:10630C00063A95ED080A95ED0A7AC3FEC03A87FE67
:10631C00637AF4EEC72AF1EE10FABFF64CAF24EE16
:10632C00207AD5ED0E2AA4EEA57AA6EE817AA6EEF9
:10633C00217AB0EEC70AB4EEE20AF1EE10FABFF61B
:10634C003AAFB1EE477A95ED0C0A37EE427AB0EEE1
:10635C00C77AB4EEC07AF1EE10FA3FF72CAF9FED8E
:10636C00927AB4EEC75AF1EE10FA07DD24EE847A75
:10637C00B5EEC07AF1EE10FA3FF71DAF95ED0D7A40
:10638C0014AAF0EE649ACDF840B082FE877AF0EE53
:10639C0067FAF0EE47BA1197F0EE42AA95ED00FAC3
:1063AC00B0EE447A95ED0FCAF0EE63CA19AEB0EEBA
:1063BC0062BA4FF0240BB0EE439A1746B0EE65DA92
:1063CC000C92F0EE60DACDED124AB0EE41EA8DEDB2
:1063DC00134AF0EE61EAF0EE478A002327EE2D7A9D
:1063EC003846B0EE660A8DED196ACDED1AAAB0EEFC
:1063FC00493AA9EE8D7A1B93F0EE4C2ADFED6B3AFD
:10640C00B0EE6B2ACDED0B6AF0EE4B1AB0EE6C1AB7
:10641C00B0EE698AA6EE8E7A96E80E00A6EE2E7A7B
:10642C00F1EE470AFCF7ECF8B0EE690A97E80700C2
:10643C0086E807001B9B002B40F0BE869DED196A79
:10644C00DDED1A9A8DED0E6A09F0A6F9B0EE40AAB0
:10645C00B0EE480A09F0A0FA20EE697ADFED547A22
:10646C00F0EE484A9FED518AF0EE69AAAAEE277A1F
:10647C00E8EE884A87EE0F4AB6EE007A24EE077AE9
:10648C008DED0F4A27EE087AE7EE084AB0EE640A63
:10649C00CDED0D4A09F080F9F0EE409A9DED0D0A14
:1064AC0009F07AFAF0EE400AB0EE690A09F072F9D6
:1064BC00F0EE409AB0EEC00A95ED187AB4EEC70A29
:1064CC00F1EE10FA80F278869DED0E6ADDED0B6A26
:1064DC00DFED387AE6EE086A39EE677AB0EEE60A56
:1064EC00B4EEC70AF1EE10FA00F366869DED0F4A82
:1064FC00BBF1010BE4EE088AB0EE687A7FF46BAF67
:10650C009FED2B7A28EEA85ADDED124A5B4687EEFA
:10651C000F7A9DED134A9FED286A24EE044AF0EEA3
:10652C006F7AB0EE493ADDE910B764EE875A27EE80
:10653C00297AA4EEA54AA7EE295A9FED207AA4EE5B
:10654C00067AB4EEC75AF1EE10FA00F23B8603223B
:10655C0022701B4A1374FDF787FAF1EE4B7AB4EEF6
:10656C00E70AF1EE10FA05D4B4EECB0AF1EE10FA0C
:10657C007BFE007A13481CAE2378CDED0D7AFCF728
:10658C00EBFC114B95ED1B3A1A68DDED0D7A0B9374
:10659C005AE000BF44480020CC3E00208C910020E3
:1065AC008FC2F53C8FC2F53DCDCC4C3E0AD7A33BF8
:1065BC00C3F51C410AD7A33C6666863F0AD7233C29
:1065CC00E0470020A41700201C4800209E4B9F4A47
:1065DC001B6812689B1A002BC0F2C783DFED9C7AF4
:1065EC009C4BF0EE676AC3ED007AD7ED007A9A4DBA
:1065FC0076EEE76ADFEDA45A95ED117AD5ED107AB7
:10660C0037EE070AB0EEE66A27EE257A20EE060A88
:10661C00A7EE070AB5EE400AF1EE10FA00F1558626
:10662C00B1EEC06A8D4B95ED1B3A1A680B93F5EEE3
:10663C00C06A36EE476AF1EE10FAC7FEC67AC0F2AF
:10664C00AB821CAE14AB0C933868DBF800102378CB
:10665C00012B3FF4BDAD2378052B00F01682237877
:10666C00062B00F0128295ED0E7A95ED0D2A94F81A
:10667C0000C0B4EEC27AF1EE10FA94BF01230023ED
:10668C00BCF1050F00F0088194F800C0BCF1060FB6
:10669C0000F0028194F800C0BCF1070F00F0FC8000
:1066AC0094F800C0BCF1080F00F0F68094F800C01C
:1066BC00BCF1090F00F0F08094F800C0BCF10A0F97
:1066CC0000F0EA8094F800C0BCF10B0F00F0E480FD
:1066DC0094F800C0BCF1020F00F05185F0EE471A9F
:1066EC005BB2DDE05E4D5F4F05F1200C2868103584
:1066FC0055F80C1C3E4655F8082C103755F8043C40
:10670C0065450FC6F2D128686968AA682B7B07C754
:10671C003B70FFF7EFB900219FED4D0A4F4B084638
:10672C0087ED000A19608BED000AFCF7A9FD4E4BB2
:10673C00DFED556AD3ED007A099A67EEA67A9AEDE9
:10674C00007A92ED000A70EE676AF4EEC76AF1EE19
:10675C0010FA40F3168137EE270A444B99ED007A74
:10676C00D3ED007A8AED000AB4EEE77AF1EE10FA76
:10677C00C0F2FA80B5EEC00A0023F1EE10FA40F335
:10678C00F380D9F80020CAF800309FED310A0021BF
:10679C0001208DED090AFCF773FD00219DED090A1E
:1067AC000220FCF76DFD07F02DF90A9A304B801A88
:1067BC00186045B0BDEC108BBDE8F08F9FED2D7AC5
:1067CC00F4EEC77AF1EE10FA40F23283012B00F0AE
:1067DC004284022B00F0AD84032B00F0ED83264B9A
:1067EC00264A5B68C31A934240F23283FDF7C4F920
:1067FC00042323702378042B00F0C6842048FCF774
:10680C00ABFB94E79FED1B7AF4EEC77AF1EE10FA2E
:10681C0040F2EB82012B00F0AB84022B02D0032B55
:10682C0000F06D815368154AC31A934240F26A8195
:10683C00FDF7A2F9042323702378042B00F0838442
:10684C001048FCF789FB72E780910020004800207B
:10685C000000000058480020CC3E00201C480020BE
:10686C0056150020F83B00209C3F0020A03F002044
:10687C0090900020A69B443B1448002080969800E2
:10688C005C190020F41800206F12833A6F12033B3E
:10689C005555D046000020445BB2002B47FE021A2F
:1068AC00002B2378D5ED0F2A07FE022A022B95ED3B
:1068BC00061A00F01F812378D5ED086A032B00F02F
:1068CC00438295ED077A87FE267A87FE411A98ED6A
:1068DC00000AF0EE670ADDF830801C901D914046EE
:1068EC001E925FED173A96E80E00FBF789FE98E8CA
:1068FC00070086E807001C9B0B9A3B601D9BCBF89E
:10690C0000301E9B13605BB12378012B00F0E180FB
:10691C002378022B00F0DD802378032B00F0D98044
:10692C00D5ED067A97ED007A5FED286AB0EEC77A5E
:10693C0077EEA67AB4EEE77AF1EE10FA00F3B380B4
:10694C002378022B2CD02378052B25D02378062BEB
:10695C0022D097ED000A00215FED337A084620EE35
:10696C00270AFCF78DFCE2E6D9ED007A0023F5EE60
:10697C00C07AF1EE10FA7FD95FED3A7A20EE270A51
:10698C0005E770EE276AB4EEE67AF1EE10FA7FF7BF
:10699C00E4AE37EE670AE0E6B04B1B78002BD8D19B
:1069AC00AF4BB04DD3ED007A2B7C97ED007A002BDA
:1069BC00CFD0D5ED015A9FEDB85A95ED006A77EE20
:1069CC00E57AD5ED026A36EE056A8DED0D5AB0EE1C
:1069DC00670ACDED0E6ACDED0C7A85ED006A8DED72
:1069EC000B6A8DED0F7A08F0D7FEB0EE408A9DED64
:1069FC000C0A08F0D1FFF0EE400AB0EE480A08F09D
:106A0C00C9FE9DED0F7AB0EEC00AD5ED035AB0EE7B
:106A1C00C77ADFED954A9DED0D5ADDED0E6AE7EE76
:106A2C00055A9DED0B6AC6FE807AF4EEE47AC5ED4C
:106A3C00027AF1EE10FAC5ED035A00F3B081F0EED4
:106A4C00007AB4EEE76AF1EE10FA82DDF4EEE45A65
:106A5C00F1EE10FA7FF77DAF2378042B04D151228D
:106A6C008249834807F082FA8248FCF775FAFDF7F1
:106A7C0083F8042323706CE7B5EEC00AF1EE10FA2C
:106A8C007FF57AAFCAF800307FE6744B1B78002B89
:106A9C003FF4E9ADD5ED101AD5ED112AB0EE612A0F
:106AAC0095ED061A13E72378042B0AD1724E704D1C
:106ABC0030687168B268F3680FC530697169B26982
:106ACC0007C56E48FCF748FAFDF756F80423237007
:106ADC0036E7FDF703F923E79DF87030212B7EF4A0
:106AEC0030AF0DF17203664A512161480BF05CFB2B
:106AFC00FEF727BF95ED077A87FE411AE7E60223DA
:106B0C00506013705F4D0B23F8EE084A9FED5E5AF0
:106B1C0095ED0E6AB6EE004AD5ED0D7A95ED067A36
:106B2C00F4EEC67A237087FE457AB1EE475AD5ED5E
:106B3C000F6AF1EE10FA67FE867A98ED006AC7FECE
:106B4C00C47A26EE246A86FE056A87FE467A37EEFC
:106B5C00657ADFED515A36EEA60A66EEA56AB0EEFE
:106B6C00C76A20EE060AA6EEA60AB5EE400AF1EEBA
:106B7C0010FA00F10284B1EEC06A444B95ED1B3A59
:106B8C001A680B93B5EEC07A36EE666AF1EE10FA1F
:106B9C00C7FEC67ABFF655AD14ABF1EE677A1CAEE4
:106BAC000C9351E53A4FDFF8C8E007F1200838683C
:106BBC00103757F80C1CF44657F8082C0EF1100E31
:106BCC0057F8043C4745ACE80F00F0D1BB88386857
:106BDC00AEF80430BB79CEF800008EF80630FEF724
:106BEC0050BD9DF87030212B7EF478AF0DF17203FF
:106BFC00234A51211E480BF0D7FAFEF76FBFDCF881
:106C0C000C20DCF804E09A1A5042C2F30B02C0F3D9
:106C1C000B0058BF4242C2F30B02B2F5006FC8BF63
:106C2C00A2F5805296453EF7A9AEDCF808008242E8
:106C3C0002DD1046CCF80820A0EB0E0004287EF7ED
:106C4C00A6AE0022CCF80C30CCE90122CCF81020F6
:106C5C000122CCF80020FEF728BD00BFBF91002018
:106C6C0088910020E04700208FC2F53CC21900201B
:106C7C00F83B0020C0190020A2190020A019002008
:106C8C00E0080020CC3E0020CDCCCC3D1C480020A0
:106C9C00C2150020000000006F12833AB7EE086A9C
:106CAC00F4EEC63AF1EE10FA40F27281B2EE006ADE
:106CBC00B4EEC67AF1EE10FA00F34481217805297E
:106CCC0000F01881D8F800101978022900F0C38060
:106CDC001FED107A37EE657A95ED1B3A35EE056AA5
:106CEC0066EE875AF0EEC74AF5EEC05AF1EE10FA8E
:106CFC000FDD66EEA63A1FED184AF0EEE66AC3EE1B
:106D0C00865AE6EE845AF4EEE45AF1EE10FA80F26A
:106D1C0034815FED1F6A26EE246A65EE266AA6EEC4
:106D2C00A66AB5EE406AF1EE10FA00F1FB82F1EEC4
:106D3C00C65AB5EEC07A75EEE65AF1EE10FAC7FEF9
:106D4C00E57ABFF67EAC27E786FEC11ABFE5D5ED26
:106D5C000D7A95ED0E7A95ED0F5AF4EEC77AF1EEA9
:106D6C0010FA67FE877AFEF79BBFC04BD3ED006A23
:106D7C003BE4BF4B1B7823B1BE4B1B68002B00F0D0
:106D8C0065812378042B00F04681BB48FCF7E4F8BE
:106D9C000023BA4F3360FEF778BC96464CE70023CD
:106DAC002B74D6E5DFEDB62AB4EEE24AF1EE10FA1A
:106DBC0000F1C680B4EEE44AF1EE10FA00F2C181A3
:106DCC0026EE866AB5EEC06AF1EE10FA94BF012188
:106DDC0000219FEDAC6AF4EEC63AF1EE10FA3FF6E4
:106DEC0065AFF0EEE63AFEF79BBF022B3FF41AAD0F
:106DFC00032B3FF484AE5268801AA34A90423FF6AC
:106E0C0017AD012B7FF47EAEA04D0A239FEDA07A27
:106E1C0095ED0E6AD5ED0D7A2370F4EEC67AD5EDAC
:106E2C000F6AD8F80030F1EE10FA67FE867A8EE61B
:106E3C00022B00F04D81032B00F0BE80954A924945
:106E4C005268821A8A423FF6D1AC012B00F00A81BB
:106E5C008E4DFEF7D1BEDB68F7EE084A95ED066A5B
:106E6C005B429FED8D4AC7FEE47A07EE103A86FE30
:106E7C00446AB8EEC77A27EE067A2BE702238748D6
:106E8C00CDED0D7A1CAE23702378FCF765F8844B9E
:106E9C0014AA95ED1B3A0C92DDED0D7A1A680B9342
:106EAC00FFF7D2BB794D09231CAED5ED0D7A95EDCC
:106EBC000E7A2370F4EEC77AD5ED0F6A98ED006A5E
:106ECC00F1EE10FA67FE877AF8EE085A95ED067A1D
:106EDC00DFED744AB6EE005A26EE256A87FE647A18
:106EEC00F1EE475AC7FEC57A86FE256A87FE467ABA
:106EFC00FEF79ABE1978022900F06A81D8F80030A2
:106F0C009FED637AE6E6684A1372002353601360C0
:106F1C0002232370FCF7D4FD237864488DED0D0A11
:106F2C00FEF77BBF0129DFED563A2AD0B4EEE34AD7
:106F3C00F1EE10FA5ED502297FF4B8AEFEF7FFBE73
:106F4C00012146E7FCF718FE042323702378042B59
:106F5C000ED1574D574C28686968AA68EB680FC466
:106F6C00AB8B28696969AA6907C42380AB7FA370BE
:106F7C005148FBF7F1FFFFF7DABBDFED457AFFF77E
:106F8C0060BBB4EEE34A02211970F1EE10FA31D570
:106F9C00197802297FF48AAEFEF7D1BE9DF87030C5
:106FAC00212B7EF4FAAE0DF17203444A5121414873
:106FBC000BF0FAF8FEF7F1BE364A0223334D13708C
:106FCC0008235060237022781CAE3D4B4021304684
:106FDC0053F822303B4A0BF0E7F82378042B00F0EF
:106FEC0084803046FBF7B8FFFEF709BE032313700D
:106FFC00FEF755BFB4EEE44AF1EE10FA3FF656AE8A
:10700C0026EE866AB5EEC06AF1EE10FA94BF012145
:10701C000021FEF78DBE2C4FDFF898E007F1300809
:10702C003868103757F80C1CF44657F8082C0EF13A
:10703C00100E57F8043C4745ACE80F00F0D1386807
:10704C003B79CEF800008EF804309EE61F4B186892
:10705C00FCF7FEFA9CE60F4B0B4A5B68C31A934293
:10706C003FF6C4AB0723094DFEF7C7BD58480020B7
:10707C00CA910020DC470020EC150020C0910020B4
:10708C000AD7A3BB52B81E3E80969800CC3E002077
:10709C0000000000144800209A99193EB8170020EF
:1070AC001C480020CDCCCC3D2C4800201C180020C6
:1070BC004A180020F83B002048180020E008002067
:1070CC000837002088190020EE150020B49000200D
:1070DC00B34B5B68C01AB34B98423FF687AB08239F
:1070EC001CAEB14D2370FEF78ABD9DF87030212B7C
:1070FC007FF477AF0DF17203AC4A5121AC480BF021
:10710C0053F86EE7012B7FF488AB02231370FFF763
:10711C0089BB012B7FF45DABA14902224B680A703D
:10712C00C31AA04A93423FF661AB08239E4D2370CD
:10713C0049E79B4B9B4A5B68C31A93423FF656AB9D
:10714C00CDE7002145E69B4C994E04F130072068B1
:10715C00103454F80C1C354654F8082C103654F8DE
:10716C00043CBC420FC5F2D123883380FFF768BBC7
:10717C0053688C4AC31A93423FF65AAB44E6F0EE7E
:10718C00421A5BB2FFF78CBB8B4C894E04F1200783
:10719C002068103454F80C1C354654F8082C103662
:1071AC0054F8043CBC420FC5F2D120686168237AC4
:1071BC0003C63370FFF722BBF0EE6F7AB0EE493A9C
:1071CC00DDE910B77D4B1CAE1A680B93FFF73CBA88
:1071DC0006227B48CDED0F7A8DED0E5ACDED0D6A62
:1071EC00CDED0C5A22702278FBF7B6FE0B9BDDED31
:1071FC000F7A1A689DED0E5A724BDDED0D6ADDEDBE
:10720C000C5A5FE5032166480170002A75D0F0EE38
:10721C00E66AF4EEE67AF1EE10FA08DC0922227046
:10722C005F4A12789A427FF4CEAEFEF7E7BC664B0B
:10723C00002000221CAE1968644B59605849DA6072
:10724C000870486062499A601A604A600A600122BC
:10725C0008721A7402232370FCF732FC95ED1A6A3B
:10726C0064215C4A3046B7EEC66A8DED0B0A8DED93
:10727C00006B0AF099FF2378DDED0B7A042B0FD00D
:10728C003046CDED0D7AFBF767FE4C4B14AA95ED0D
:10729C001B3ADDED0D7A0C920B931A68FFF7D4B9FB
:1072AC009DF87030212BEBD10DF172033F4A512127
:1072BC003F480AF079FFDDED0B7AE1E7002AA6D111
:1072CC00032B3EF499ACFEF790BC8DED0D7ACDED11
:1072DC000C6ACDED0B7A08F08FFC9DED0D7AB0EEBB
:1072EC00406ADDED0C6ADDED0B7AFFF79BB93A4B8A
:1072FC003A4FDFF8ECB0FEF7F5BA0923237062E6DB
:10730C008DED0E7ACDED0D6ACDED0C7A08F074FC96
:10731C009DED0E7AB0EE406ADDED0D6ADDED0C7A76
:10732C00FEF76CBDB0EE460A8DED103A0F92CDED26
:10733C000E6A8DED0D7ACDED0C7A08F05DFC9DEDAD
:10734C00103AF0EE405A0F9ADDED0E6A9DED0D7A73
:10735C00DDED0C7AEDE4CDED0D6A8DED0C7ACDED15
:10736C000B7A08F049FCDDED0D6AB0EE406A9DED3C
:10737C000C7ADDED0B7AFEF76DBCCDED0D6A8DED63
:10738C000C7ACDED0B7A08F037FCDDED0D6AB0EE22
:10739C00406A9DED0C7ADDED0B7AFFF7EEBB00BF7A
:1073AC001448002080969800CC3E0020E008002075
:1073BC00F83B0020F61800205E1900201C48002025
:1073CC006C1800200448002088910020E047002021
:1073DC002C480020281900208C910020A49100201A
:1073EC003890002070B53B4D82B006F00BFB3A4A4A
:1073FC002B6804466BB9137828602BBB04F57A74A0
:10740C002C60FEF7F5F806F0FDFA344B186002B06C
:10741C0070BD1178C1B9E21AF9D4B2F57A7F56D39E
:10742C002F4A304913680978013313600029E5D0DD
:10743C00FCF7A2FB2C4B04221A701B7893422BD026
:10744C002A48FBF789FDD9E70192FCF795FB264BFF
:10745C000421019A1970002111701B78042B06D09D
:10746C002348FBF779FD2B68E21AD6D5CFE7DFF876
:10747C0090C0204EDCF80C30B646DCF800000CF165
:10748C00100C5CF80C1C10365CF8082CAEE80F00E5
:10749C00194B9C45EED1E3E7DFF868C0154EDCF8DC
:1074AC000C30B646DCF800000CF1100C5CF80C1C2F
:1074BC0010365CF8082CAEE80F00104B9C45EED152
:1074CC00BCF8003033809CF80230B370B8E71C462F
:1074DC0094E700BFFC470020D99100205890002071
:1074EC0028480020CD910020CF910020481A002080
:1074FC00141A0020F83B0020461A00207A1A0020AB
:10750C00161A00204A1A002008B5FFF76BFFFDF78A
:10751C00C9FBFFF767FF174B1A788AB9164B1B7814
:10752C000BB1FBF7E1FD154B1A8872B9FFF75AFF47
:10753C00FBF77AFDFFF756FFBDE80840FDF758BC96
:10754C0000221A70FCF72CF8E8E706F05BFA0B4BFC
:10755C000B4AB3F800C00B4B1168B3FBFCF3401A99
:10756C009842E3D306F04EFA054A1060FDF7D8FBBB
:10757C00DCE700BFC8910020D0910020C63F00205E
:10758C00248D002040420F002DE9F043C44D4FF4F0
:10759C00803689B00121C5F884600820002406F0EB
:1075AC007DFAC04B0121C5F8846021201C7006F0C7
:1075BC0075FA2146212006F04FFAF0222346BA48EC
:1075CC001146BA4F05F0FEFC2146B74840F2EE28B2
:1075DC0005F0BEFA2146B44802F058FC0222B2482B
:1075EC001146B34E02F03EFE22464FF6FF71AE48F6
:1075FC0002F044FE234622462146AB4802F0D6FD5B
:10760C001122AC49A84805F06BF92146C822AA48BA
:10761C000AF084FFC8222021A8480AF07FFF01212C
:10762C002120A74C06F018FADFF824933D6807F0E8
:10763C00F9FE2378002B00F0A9813378D90740F1AB
:10764C00A5813B68D9F800209B1A0E2B40F29E8135
:10765C004FF49670012406F07FF99A48FBF77CFCF6
:10766C001121994840F2011611F07AFE102196482A
:10767C0011F072FE944811F06BFE9449924800F0A0
:10768C00ADFC914D322006F067F99148FBF764FC94
:10769C00630001212846A5F82F6185F8A53000F07C
:1076AC00D1FA50B9362C8B4A21468B4800F079819F
:1076BC00062C00F07E81FBF7FDFC0134012006F066
:1076CC004BF97F2CE4D10B20FDF7B6FE04461A20B3
:1076DC00FDF7B2FE621C01D0804B1C70431C01D024
:1076EC007F4B1870FDF768FE421C7E4B18BF0122C1
:1076FC007D4C1A701B78206003F0FF05002B00F006
:10770C007081FBF74DFFFDF7C3FE002800F065818B
:10771C007648FBF721FC0023754E764D3360FBF762
:10772C0051FEFCF765F80022734B7448CDE9022337
:10773C001023009356A3D3E90023FBF7BBFC70483E
:10774C0055A3D3E90023FBF7B5FC4FF4967006F074
:10775C0003F9FBF7E5FE2B68226803F50063694823
:10776C005942C3F30B03C1F30B0158BF4B422968B9
:10777C00C3F30B039B1A5A42C3F30B03C2F30B0262
:10778C0058BF53423268C3F30B03B3F5006FC8BF45
:10779C00A3F5805313445C4A12780360002A00F06E
:1077AC001A815A4A5A48FBF785FC2A6823689B1AA7
:1077BC005A42C3F30B03C2F30B0258BF5342B3F547
:1077CC00006F40F30281A3F5805307EE903A5149C4
:1077DC00514A524BF8EEE77A9FED517A91ED004AFF
:1077EC0092ED005A67EE877A93ED006AB7EEC44AC1
:1077FC004C4AB7EEC55AB7EEC66A4B4B4B4992EDA5
:10780C00007A4B4CC1ED007A4A4A196858688DEDE4
:10781C00044B8DED025B8DED006BC4ED007AB7EE81
:10782C00C77A11604449454C0860454853EC172B06
:10783C00FBF740FC94ED0E5AD4ED003AB7EEC55A66
:10784C0094ED0F4A94ED0D6A94ED067AB7EEC44AA6
:10785C00B7EEC66A3B48B7EEC77A8DED045BB7EE60
:10786C00E35A8DED064B53EC152B8DED026B8DED24
:10787C00007BFBF71FFC3448FBF76EFB3348FBF730
:10788C006BFB94ED1A7AD4ED196AB7EEC77A61E006
:10789C00000000A0AAAA3A40000000E0B66D054026
:1078AC0000400042CD910020048A002080910020ED
:1078BC00DD910020B41A0020188B0020F88B0020DA
:1078CC00DE910020C81A002078390020801A0600AA
:1078DC00001B002080120020201B0020CB910020D8
:1078EC00C9910020CA910020D84700209C1B002081
:1078FC005C480020583F002000008440E41B00201E
:10790C00141C002054480020D1910020801A002023
:10791C00341C0020CC470020C8470020C44700205E
:10792C00DB0FC93AC0470020489000208891002006
:10793C0044480020D0470020D4470020CC3E0020F3
:10794C0064120020701C0020D01C00202C1D002074
:10795C00989100202548B7EEE66A8DED007B53EC3C
:10796C00162BFBF7A7FB2248FBF7F6FA2148FBF78F
:10797C00F3FA2148FBF7F0FA204B3A681A6006F04C
:10798C0041F81F4B186009B0BDE8F0833B682278C2
:10799C005B1BBAB1B3F5FA6F3FF65AAE07F042FD76
:1079AC0045E6184A3724FBF785FB012005F0D4FF88
:1079BC006EE6154A07241548FBF77CFB012005F001
:1079CC00CBFF65E64345E9D942E613F5006FB8BF36
:1079DC0003F58053F9E60E4AE4E60E48FBF7BCFAD1
:1079EC0099E60D48FBF7B8FA25608AE6941D00204D
:1079FC00041E00206C1E0020B41E00208C90002061
:107A0C0058900020141B0020381B0020201B002045
:107A1C00881A0020C81B0020541B0020002070472F
:107A2C0090F8A32090F8A200101A704790F8A2309A
:107A3C0090F8A3209A4205D95A1C034480F8A2203E
:107A4C00987E70474FF0FF30704700BF90F8A2301F
:107A5C0090F8A3209A4202D91844807E70474FF0C8
:107A6C00FF307047704700BF90F83021034612B9C1
:107A7C0090F831212AB193F82F21882A03D90122B9
:107A8C005A600020704702F1010C1A44012083F85F
:107A9C002FC182F8A510704790F83031944623B965
:107AAC0090F831210AB91046704700B590F82FE1D3
:107ABC0083B0CEF18902944511D862460346A530B5
:107ACC0000927044019306F051FA019B009A93F8CE
:107ADC002F111046114483F82F1103B000BD012360
:107AEC004360EBE7704700BF2DE9F04F43698046D8
:107AFC00007E152598F8192083B003EB00103B4944
:107B0C0003EB0212007A92F8282001EB001400011A
:107B1C00D4F80CA00F5801EB0210D4F80490120109
:107B2C00C46851F802E0C9F80050C7F884A07A681C
:107B3C00D0F804B042EA0A022D487A60CBF8005023
:107B4C00CEF88440DEF804202A4D2243CEF80420DF
:107B5C00294A46682968A2FB0121890C01EB8101A5
:107B6C0049004268921B9142FBD84FF0090C204A05
:107B7C00214E0193BB6813EA0A0F03D0DEF80830DC
:107B8C0023422FD1CEF8884050682B68A6FB0331D6
:107B9C00890C01EB810153681B1A9942FBD8CEF872
:107BAC00844050682B68A6FB0331890C01EB8101E2
:107BBC0053681B1A9942FBD8BCF1010CDAD1019B1A
:107BCC00604698F8182003EB0212D268C9F800201E
:107BDC0098F8192003EB0213DB6ACBF8003003B0E2
:107BEC00BDE8F08F019B0120EBE700BFA42700202C
:107BFC00001000E00437002083DE1B4310490269AB
:107C0C00D1F800C006E0DB0108D40B68A3EB0C0331
:107C1C00102B08D8536913F0007FF4D14FF4FE43B6
:107C2C0001205361704700B583B00192FFF75CFFF0
:107C3C00019A18B14FF4FE430120536103B000BD0B
:107C4C00809100202DE9F04790F82F91B9F1000FA9
:107C5C005BD082460F46D0F81080FFF7CFFF00288C
:107C6C0053D03A4D00242E6819E0D8F81430190579
:107C7C004ED4DA0453D4580559D499043BD42A6809
:107C8C00921B322A37D84C4507D9D8F85C205207BA
:107C9C0003D19B0557D4002F55D007F0C3FB4C459F
:107CAC00E3D8D8F85C305807DFD403F007034CB99D
:107CBC009AF8A5200133012442F48062042BC8F801
:107CCC006020D2D0A14504F101020DD90AEB0401C8
:107CDC0001331446042B91F8A520C8F86020C4D0B9
:107CEC00A14504F10102F1D81FB14FF40073C8F89B
:107CFC0060301446B9E7D8F810304FF4007243F4F2
:107D0C004073C8F81030C8F860200420BDE8F08734
:107D1C00D8F8103043F44073C8F81030F5E7D8F8B1
:107D2C001030052043F44073C8F81030EEE7D8F853
:107D3C0010304FF40072022043F44073C8F8103036
:107D4C00C8F86020E2E70020E0E700BF8091002047
:107D5C002DE9F04F83B004460D4616469946D0F8EF
:107D6C0010B0FFF74BFF002800F0A780012E4FF05A
:107D7C0000024FEA4505544F38BF01269246EDB23A
:107D8C00D7F80080731EBAF1020FA4F8A22043F4B6
:107D9C008073019357D994F8A330872B21D9DBF842
:107DAC00141008053AD411F4105F70D13B68A3EBA2
:107DBC000803322B6BD894F8A330B3423ED3BAF1FC
:107DCC00020F3BD9DBF85C305A0704D18B052BD45E
:107DDC00B9F1000F28D007F025FB94F8A330872BBE
:107DEC00DDD8DBF85C1011F4E02FC1F3024CD6D0D7
:107DFC009C4404F119015FFA8CFC19440133DBF843
:107E0C007000DBB2634584F8A33001F8010FC6D0D3
:107E1C00882BF3D1DBF814100805C4D5DBF810302F
:107E2C0043F44073CBF81030DBF85C3013F4E02FE4
:107E3C003CD194F8A30003B0BDE8F08F07F0F2FA40
:107E4C00BAF1020FA7D8DBF85C004307A3D4514664
:107E5C00BAF1000F0BD140F201432B43CBF8603049
:107E6C0000F00703013153445B1A032B29D8012975
:107E7C0009D0B9F1000F03D04FF40073CBF8603088
:107E8C004FF0030A87E7019BCBF86030E8E7DBF89B
:107E9C0010304FF4007243F44073CBF81030CBF831
:107EAC006020DBF85C3013F4E02FC2D0DBF810302C
:107EBC0043F40073CBF81030BBE7042003B0BDE8EB
:107ECC00F08F8A4667E700BF809100200169034666
:107EDC00D1F8142110B512F4706E84B002F00200C7
:107EEC0002F0010C26D178B3D1F870E11EF4004FEA
:107EFC0040D00020012483F8A200184483F8A3404A
:107F0C0080F81AE0BCF1000F21D112F4407F0FD0A1
:107F1C0093F8A30028B1D3F83C2112B100939047F9
:107F2C00009B0022A3F8A220A3F82E2183F8302175
:107F3C0004B010BDC1F814E10028E3D0D1F870E111
:107F4C001EF4004FD5D115E0BCF1000FF0D093F822
:107F5C003001A8B193F82E0193F82FC1844527D98D
:107F6C0000F1010C184483F82EC190F8A500C1F85B
:107F7C006001CAE793F8A3008728C3D8441CBCE768
:107F8C00D3F8384144B1CDE90203CDE90012A04742
:107F9C00DDE90203DDE900124FF0000C83F82EC17D
:107FAC004FF0010C83F830C193F82FC18445D7D81A
:107FBC000020C1F86001A8E70148FFF787BF00BFA8
:107FCC00383800200148FFF781BF00BF7839002006
:107FDC000148FFF77BBF00BFB83A0020DFF870C044
:107FEC000022036961451A6116D8DFF868C00120C8
:107FFC0012494FF43032C3F848C058629962DA62C1
:10800C00D3F848C000204FF001110122C3F850C032
:10801C00186299651A6170470948814209D9DFF8DD
:10802C0038C008480849C3F848C05A629862D962F7
:10803C00E6E7DFF828C00548F4E700BFB80B0505F4
:10804C003F420F0060090101007F0500100E020283
:10805C007F1A06003B3728190A0907041C1A120C50
:10806C0090F81CC04160BCF1020FC26001D1836862
:10807C00184705F031B900BF304B314910B5D3E981
:10808C00114E9EF80400C8771A6C94F804C081F85D
:10809C001CC0087752B1B2F5004F23D329495118AF
:1080AC00274A1964D07682F81BC010BD19680F24BA
:1080BC00D86C8C6540F20134CA610C614FF47C546D
:1080CC004C6103210468246883F83D101E4B9C42CC
:1080DC0020D1037F4260022BC26020D18368BDE8AF
:1080EC00104018472468E18B090421D4E283DEF8A0
:1080FC000010B4F81EE0A4F816E0CC8B240412D4C3
:10810C00CA83CA8BCA8200210D4A1964D07682F8C0
:10811C001BC010BD23461146BDE810401847BDE8F2
:10812C00104005F0D9B8CC8B62F30804CC83E8E797
:10813C00E18B62F30801E183D9E700BF88370020A7
:10814C0000800E400180FFFF715D0000304B314913
:10815C0010B5D3E9114E9EF80400C8771A6C94F848
:10816C0004C081F81CC0087752B1B2F5004F23D37C
:10817C0029495118274A1964D07682F81BC010BDC2
:10818C0019680F24D86C8C6540F20134CA610C61FB
:10819C004FF47C544C6103210468246883F83D102F
:1081AC001E4B9C4220D1037F4260022BC26020D127
:1081BC008368BDE8104018472468E18B090421D47A
:1081CC00E283DEF80010B4F81EE0A4F816E0CC8BC5
:1081DC00240412D4CA83CA8BCA8200210D4A1964A2
:1081EC00D07682F81BC010BD23461146BDE8104066
:1081FC001847BDE8104005F06FB8CC8B62F308044B
:10820C00CC83E8E7E18B62F30801E183D9E700BF97
:10821C003837002000800E400180FFFF715D0000A8
:10822C0043682DE9F04FD3E90041814D4FF0B80977
:10823C0022684FF00F0B22EA01027E492260AA69E4
:10824C0011407D4A0A43AA6190F810E07B4A03EB87
:10825C000E0603EB8E0E317C02EB01118968C1F81E
:10826C00009090F811C003EB0C050CF10A0C95F87A
:10827C00241002EB01118968C1F80090817C03EB9A
:10828C00010803EB810198F838A002EB0A1ADAF81E
:10829C0008A0CAF80090D4F800905F6849EA070972
:1082AC00C4F80090347CDEF814E002EB041464682B
:1082BC00C4F800E095F8244053F82CC002EB0414E9
:1082CC006468C4F800C098F83840C96B02EB04121B
:1082DC00526811609A6C98F8441011601A6A317FD8
:1082EC005B6B116095F830201A60022203681A61EA
:1082FC00C3F858B0C27C002A32D072B6C37CDD07FA
:10830C0008D54FF0E0214469D1F8802122408262E7
:10831C00C1F880219C0708D54FF0E0218469D1F881
:10832C0084212240C262C1F88421590708D54FF03C
:10833C00E021C469D1F8882122400263C1F8882168
:10834C001A0708D54FF0E021046AD1F88C2122409D
:10835C004263C1F88C21DF065CD462B6C27C036830
:10836C00374D8168A9425FD0314985608969354CA8
:10837C00C1F30117C1F38261334E54F82740013128
:10838C00B4FBF1F4B44230D80021C16000241C616C
:10839C0003245C620724196401211C66196112B361
:1083AC00D60704D5816A4FF0E023C3F80011950776
:1083BC0004D5C16A4FF0E023C3F80411540704D567
:1083CC00016B4FF0E023C3F80811110704D5416B82
:1083DC004FF0E023C3F80C11D30604D5826B4FF099
:1083EC00E023C3F81021BDE8F08F1849A1FB04610C
:1083FC00090DB4FBF1F4AC4288BF0131B1F5817FBA
:10840C0014D20229C0D902394C0804EB042441EAE5
:10841C000421BAE74FF0E022416AD2F890310B40C8
:10842C008363C2F8903198E7C168AFE70849ACE7BD
:10843C0000C00F40CFFFFFE310000008A42700206E
:10844C0000093D00F0240020FF083D0083DE1B43A3
:10845C00FF7F7F00436893F84C208A4209D093F841
:10846C004D208A420AD093F84E208A4208D0002030
:10847C0070470022134493F85C0070470122F9E71F
:10848C000222F7E7436893F824208A4206D093F837
:10849C002500401AB0FA80F040097047012070475F
:1084AC00436893F838208A4206D093F83900401A72
:1084BC00B0FA80F04009704701207047436893F888
:1084CC004C208A4209D093F84D208A4219D093F857
:1084DC004E208A4217D00020704700200B4A03EB35
:1084EC00800C034402EB0112DCF85010526811604E
:1084FC00DCF8642012B193F85F10116093F85C0003
:10850C0070470120EAE70220E8E700BFA42700201B
:10851C00704700BF2DE9F04180460024012705E09B
:10852C002B401EEB000243EA06041BD001F0070EA1
:10853C00CB08A2F10800CEF1080C18F803506245E4
:10854C0007FA0CF304FA0CF6614403F1FF33E7D29B
:10855C000123ACEB020C9440934045FA0CF5013B23
:10856C001D402C432046BDE8F08100BF38B5054CBA
:10857C00A4F52875E03C04F1C00004F093FEAC4275
:10858C00F8D138BDE045002010B483B00B46CDE9DE
:10859C000012C27C002A30D072B6C27CD40708D537
:1085AC004FF0E02C4469DCF8801121408162CCF85A
:1085BC008011910708D54FF0E02C8469DCF8841108
:1085CC002140C162CCF88411540708D54FF0E02C3F
:1085DC00C469DCF8881121400163CCF888111107BB
:1085EC0008D54FF0E02C046ADCF88C112140416373
:1085FC00CCF88C11D2063AD462B68268934240D041
:10860C00234A836092692349C2F3011CC2F382623C
:10861C0051F82CC00132BCFBF2F103B38B4232D8BF
:10862C00B1FBF3F2B1FBF2F18B422ED3B2F5817FA9
:10863C001BD2022A27D9023A530803EB032342EA3E
:10864C000323C360026803210020106151620121E1
:10865C001364019B1366116103B010BC7047944501
:10866C00EFD34A1CB2F5817FE3D30B4BE9E74FF014
:10867C00E021446AD1F8902122408263C1F8902114
:10868C00BAE7C368DEE70023DBE71146E9E700BF82
:10869C0000C00F40F0240020FF7F7F0070B59DF8D4
:1086AC00105004465E4E80F8B05000200546A4F8E9
:1086BC000001606061F30705FF21C4F8040162F357
:1086CC000F25A4F87E109DF81410E08161F3174576
:1086DC005449A06163F31F654FF07E532066A36578
:1086EC000723A4F87000C4F88C00C4F89400C4F8F4
:1086FC00A000C4F8F400C4F8D800C4F8E000C4F832
:10870C00AC5084F8640084F8900084F89C0084F8E1
:10871C00F00084F8F800607284F8DC0084F8F9004A
:10872C00414A424DC4E92113414B40F201112360EF
:10873C004FF48073A3843F4BC4F8806023654FF0E3
:10874C00FF33C4F8262063630123C4F80A0084F8BD
:10875C004830A4F84410E06420616261C4E9070267
:10876C0006F060FE2B781BB1334B1B78DA0751D423
:10877C00B4F926600023B4F91010B4F91400B14216
:10878C00B4F928E0B4F91220A8BF3146B042A36175
:10879C00A8BF3046B4F91630724520EAE070A8BF85
:1087AC00724673452084A8BF73460029D8BF002A9F
:1087BC0021EAE17122EAE272D4BF4FF0010C4FF0D2
:1087CC00000C23EAE373E283864214BF4FF0000CE3
:1087DC000CF0010CA18363849E4514BF4FF0000C78
:1087EC000CF0010C814218BF9A420CBF01230023EC
:1087FC0084F825C084F8243006F014FE2B783BB1A5
:10880C000D4B1B78DB0703D50C4A0D4B12681B680C
:10881C00204670BD094A0A4B12681B68A8E700BFC6
:10882C00A000800000093D008000A000DE91002027
:10883C00B024002001000108DD910020809100206F
:10884C0098910020437A10B553B3474AD0E9283C9D
:10885C004CF007041A40944231D0444A1A40634009
:10886C00144313F0407FC0F8A0402BD1D0F89430C3
:10887C00DA6DD206FCD11C66596690F89C20013248
:10888C0080F89C201A6F910706D490F89C20596FA1
:10889C00511E0AB180F89C105A69D207F2D510BD4E
:1088AC00D0E92F42D0F88C30C2F888402BB31A682C
:1088BC005166D36D13F4F81FFBD0536F10BDD0F875
:1088CC009430D9E7D0F8BCE0BEF1000FCED090F8D0
:1088DC009C40D0F89430002C36D140F201221CF090
:1088EC00407F1A61D0F8C0203AD1C2F888E0D0F8A5
:1088FC00A02022F048721A66BEE7D0F8D0C0082239
:10890C0080231AE0CEF88440D0F8CC40CCF88440D8
:10891C0000BF00BF00BF00BF00BF00BF00BF00BF53
:10892C0000BF00BF00BFD0F8D0C0013AD0F8CC4097
:10893C004FEA5303CCF88840B1D01942D0E9314EFC
:10894C00E0D1CEF88840DFE71A6F920702D51A6F94
:10895C009207F9D4013C5A6FE4B280F89C40BAE714
:10896C00C2F884E0C3E700BF1F002803E0FFD7FC78
:10897C00437A10B513B3484AD0E9283C4CF00704AD
:10898C001A40944234D0454A1A406340144313F0C1
:10899C00407FC0F8A0402ED1D0F89420D36DDB06D8
:1089AC00FCD11466516690F89C100131C9B2A9B97A
:1089BC0040F2012380F89C10136110BDD0E92F42C6
:1089CC00D0F88C30C2F88840002B2FD01A68516632
:1089DC00D36D13F4F81FFBD0536F10BD136F9C07AE
:1089EC0002D5136F9B07F9D40139536FC9B2DEE777
:1089FC00D0F89420D6E7D0F8BCE0BEF1000FCBD075
:108A0C0090F89C40D0F89420002C36D140F20123F1
:108A1C001CF0407F1361D0F8C0303AD1C3F888E025
:108A2C00D0F8A03023F048731366BBE7D0F8D0C061
:108A3C00082280231AE0CEF88440D0F8CC40CCF841
:108A4C00844000BF00BF00BF00BF00BF00BF00BF1D
:108A5C0000BF00BF00BF00BFD0F8D0C0013AD0F8B3
:108A6C00CC404FEA5303CCF88840A6D01942D0E949
:108A7C00314EE0D1CEF88840DFE7136F9B0702D56B
:108A8C00136F9B07F9D4013C536FE4B280F89C4000
:108A9C00BAE7C3F884E0C3E71F002803E0FFD7FC64
:108AAC00437A10B523B3D0F8A8C0D0F8A030474A09
:108ABC004CF007041A40944234D0454A1A406340A3
:108ACC00144313F0407FC0F8A0402ED1D0F894206E
:108ADC00D36DDB06FCD11466516690F89C10013105
:108AEC00C9B2A9B940F2012380F89C10136110BDE2
:108AFC00D0E92F42D0F88C30C2F88440002B2FD014
:108B0C001A685166D36D13F4F81FFBD0536F10BD68
:108B1C00136F9C0702D5136F9B07F9D40139536F60
:108B2C00C9B2DEE7D0F89420D6E7D0F8BCE0BEF1AD
:108B3C00000FCBD090F89C40D0F89420002C36D16C
:108B4C0040F201231CF0407F1361D0F8C0303AD1C1
:108B5C00C3F888E0D0F8A03023F048731366BBE765
:108B6C00D0F8D0C0082280231AE0CEF88440D0F888
:108B7C00CC40CCF8844000BF00BF00BF00BF00BF9A
:108B8C0000BF00BF00BF00BF00BF00BFD0F8D0C007
:108B9C00013AD0F8CC404FEA5303CCF88840A6D029
:108BAC001942D0E9314EE0D1CEF88840DFE7136F9F
:108BBC009B0702D5136F9B07F9D4013C536FE4B2AA
:108BCC0080F89C40BAE7C3F884E0C3E71F00280391
:108BDC00E0FFD7FCF8B5437A04460D46002B52D182
:108BEC00D4F8C030002B58D0D4F8B8301BB1D4F81E
:108BFC00B420C3F8882036212046FFF723FE237AC1
:108C0C0005F00301052B18BF022B84F846100CBF8E
:108C1C000123002302295DD0032917D0012942D05A
:108C2C00002B40F03581C821FFF73AFFB4F8805093
:108C3C00B4F88230D4F8762043EA0543B4F9826064
:108C4C002DB2C4F87A20C4F8263062E0002B40F034
:108C5C001B816821FFF724FFB4F87820D4F880300A
:108C6C0022F02002B4F87610B4F9806092B2B4F914
:108C7C008250A4F87C10003AC4F8263018BF0122A8
:108C8C00A4F87A2045E0D0F88C00D4E92112FFF743
:108C9C007BFCD4F8C030002BA6D1D4F894301B6EDA
:108CAC00C4F8A030A0E7002B40F0EA80A821FFF721
:108CBC00F7FED4F88030B4F87610B4F87820B4F914
:108CCC008250B4F98060A4F87C10C4F82630A4F863
:108CDC007A201EE0002B40F0CF800821FFF7E0FE49
:108CEC00B4F87820B4F8805022F02002B4F8823026
:108CFC00B4F9826092B243EA0543003A2DB2C4F84B
:108D0C00263018BF0122A4F87C20B4F87620A4F8F1
:108D1C007A2094F846204FEA234C0FFA83FEA4F8ED
:108D2C007E20D4F8B8201AB1D4F8B410C2F884104C
:108D3C00627A002A40F0B080B4F91800B4F91A1025
:108D4C008219B04263614FF00003A8BF3046B242B3
:108D5C00236101EB0503A8BF3246A942A8BF2946EF
:108D6C00AB4222EAE272A8BF2B460029D8BF0028EA
:108D7C0012B220EAE070D4BF0125002523EAE37388
:108D8C0021EAE171724514BF002505F0010522842A
:108D9C001BB2A083E183634514BF002505F00105D8
:108DAC00904218BF994263840CBF0123002384F8BE
:108DBC0025504F4D84F8243006F034FB2B783BB112
:108DCC004C4B1B78DA0703D54B4A4C4B12681B688B
:108DDC00B4F926600023B4F91010B4F91400B142B0
:108DEC00B4F928E0B4F91220A8BF3146B042A3610F
:108DFC00A8BF3046B4F91630724520EAE070A8BF1F
:108E0C00724673452084A8BF73460029D8BF002A38
:108E1C0021EAE17122EAE272D4BF4FF0010C4FF06B
:108E2C00000C23EAE373E283864214BF4FF0000C7C
:108E3C000CF0010CA18363849E4514BF4FF0000C11
:108E4C000CF0010C814218BF9A420CBF0123002385
:108E5C0084F825C084F8243006F0E4FA2B783BB172
:108E6C00244B1B78DB0703D5234A244B12681B6861
:108E7C000023C4F80A30F8BD0021FFF711FE2FE7DC
:108E8C00A021FFF70DFE14E76021FFF709FEE3E6D2
:108E9C00C021FFF705FEC9E6D4F88C00C27C002A7D
:108EAC003FF44AAFD10704D54FF0E021876AC1F8EF
:108EBC000071970704D54FF0E021C76AC1F804711F
:108ECC00510704D54FF0E021076BC1F80871170763
:108EDC0004D54FF0E021476BC1F80C71D1067FF53A
:108EEC002BAF816B4FF0E022C2F8101124E700BFCA
:108EFC00DE910020DD9100208091002098910020CF
:108F0C00FFF7CEBD437A30B563B3D0F8A850D0F894
:108F1C00A020614B614C2B431440A3423AD0604CCF
:108F2C0014405A401C4312F0407FC0F8A04034D18A
:108F3C00D0F89430DA6DD506FCD11C66596690F8E1
:108F4C009C20013280F89C201A6F910706D490F86F
:108F5C009C20596F511E0AB180F89C105A69D20797
:108F6C00F2D530BDD0E92F42D0F88C300D0AC2F8C2
:108F7C0084406BB31B685D66DA6D12F4F81FFBD08E
:108F8C005A6FC9B289B25966DA6D12F4F81FFBD068
:108F9C005B6F30BDD0F89430D0E7D0F8BCC0BCF1DA
:108FAC00000FC5D090F89C40D0F89430002C36D1EE
:108FBC0040F2012215F0407F1A61D0F8C02066D132
:108FCC00C2F888C0D0F8A02022F048721A66B5E723
:108FDC00D0F8D0304FF0080C802219E0C4F884E0AF
:108FEC00D0F8CC40C3F8844000BF00BF00BF00BF26
:108FFC0000BF00BF00BF00BF00BF00BF00BFD0E973
:10900C003343BCF1010C4FEA5202C3F8884012D032
:10901C001542D0E931E4E1D1C4F888E0E0E71A6FF9
:10902C00920702D51A6F9207F9D4013C5A6FE4B239
:10903C0080F89C40BAE7D0F88C20C9B252BB4FF0F4
:10904C00080C80221CE0C5F88440D0F8CC40C3F852
:10905C00844000BF00BF00BF00BF00BF00BF00BF07
:10906C0000BF00BF00BF00BFD0F8D030BCF1010C76
:10907C00D0F8CC404FEA5202C3F888403FF471AFAD
:10908C001142D0E93145DED1C5F88840DDE7C2F8A0
:10909C0084C097E7136875E70F0020001F002803B2
:1090AC00E0FFD7FC437A30B523B3D0F8A850D0F802
:1090BC00A030634A45F00F041A4094423DD0614AF7
:1090CC001A406340144313F0407FC0F8A04037D1DE
:1090DC00D0F89420D36DDD06FCD11466516690F85F
:1090EC009C100131C9B2F1B940F2012380F89C10F7
:1090FC00136130BDD0E92F42D0F88C300D0AC2F884
:10910C008440002B37D01B685D66DA6D12F4F81FB3
:10911C00FBD05A6FC9B289B25966DA6D12F4F81FD6
:10912C00FBD05B6F30BD136F9C0702D5136F9B0791
:10913C00F9D40139536FC9B2D5E7D0F89420CDE7F3
:10914C00D0F8BCC0BCF1000FC2D090F89C40D0F855
:10915C009420002C36D140F2012315F0407F13618E
:10916C00D0F8C03066D1C3F888C0D0F8A03023F056
:10917C0048731366B2E7D0F8D0304FF0080C802259
:10918C0019E0C4F884E0D0F8CC40C3F8844000BFA8
:10919C0000BF00BF00BF00BF00BF00BF00BF00BFCB
:1091AC0000BF00BFD0E93343BCF1010C4FEA5202BF
:1091BC00C3F8884012D01542D0E931E4E1D1C4F8AB
:1091CC0088E0E0E7136F9B0702D5136F9B07F9D478
:1091DC00013C536FE4B280F89C40BAE7D0F88C2085
:1091EC00C9B252BB4FF0080C80221CE0C5F8844079
:1091FC00D0F8CC40C3F8844000BF00BF00BF00BF14
:10920C0000BF00BF00BF00BF00BF00BF00BFD0F851
:10921C00D030BCF1010CD0F8CC404FEA5202C3F86C
:10922C0088403FF466AF1142D0E93145DED1C5F834
:10923C008840DDE7C3F884C097E713686BE700BF8D
:10924C001F002803E0FFD7FC437A2DE9F0470546C1
:10925C000E46002B40F0DA80D5F8C030002B00F021
:10926C00E080D5F8B830002B00F0E580D5F8B420BC
:10927C00C3F888203778A7B3013F06F1010A54469A
:10928C00284614F8021BFFF773FB9AF80180A246DC
:10929C0018F07E0F08F07F062CD01AF8011B284618
:1092AC00FFF7FEFBA6EB0A032344DBB2012BF4D839
:1092BC00012EA6F1020304F10104DEB208BF002660
:1092CC002644B24628461AF8011BFFF7E9FB18F0B2
:1092DC00800F13D1013FFFB2FF2FD0D1D5F8B8309A
:1092EC001BB1D5F8B420C3F884206B7A002B63D162
:1092FC00BDE8F087002EEAD02646E2E71AF8010B0B
:10930C00D5F8B830FF2808BF4FF4FA701BB1D5F868
:10931C00B420C3F884206B7A8BB904F01DFB6B7AF4
:10932C00002B39D1D5F8C030002B3FD0D5F8B83050
:10933C00002BCFD0D5F8B420C3F88820CAE7D5F8D5
:10934C008C20D37C002BE8D0D90704D5916A4FF040
:10935C00E024C4F800119E0704D5D16A4FF0E02434
:10936C00C4F804115C0704D5116B4FF0E024C4F869
:10937C000811190704D5516B4FF0E024C4F80C11F7
:10938C00DE06CAD54FF0E023926BC3F8102104F02F
:10939C00E3FA6B7A002BC5D0D5F88C00D5E92112F5
:1093AC00FFF7F2F8D5F8C030002BBFD1D5F89430C8
:1093BC001B6EC5F8A030B9E7D5F88C20D37C002BF8
:1093CC0096D0DD0704D5906A4FF0E021C1F800017A
:1093DC009C0704D5D06A4FF0E021C1F8040158076E
:1093EC0004D5106B4FF0E021C1F80801190704D522
:1093FC00506B4FF0E021C1F80C01DB067FF578AF24
:10940C00926B4FF0E023C3F8102171E7D0F88C0079
:10941C00D5E92112FFF7B8F8D5F8C030002B7FF44E
:10942C0020AFD5F894301B6EC5F8A030D5F8B83005
:10943C00002B7FF41BAF3778002F7FF41DAF54E760
:10944C0070B50D4690F8AF1000230446FF29164660
:10945C00C0F87630C0F87A3003D10B23194680F867
:10946C00AF3094F8B030FF2B02D10D2384F8B0301C
:10947C00B148FFF707F8002866D094F8B010AE4852
:10948C00FFF70EF800285FD00022AC4BAA48C4F8B6
:10949C009430012384F890206372C4F88C00FEF79A
:1094AC00BFFE002384F89C30330700F107810722AC
:1094BC007107A349D4F88C0048BF42F08042C4E93C
:1094CC002112D4E92112FFF75FF8D4F88C10002395
:1094DC000A685366D36D13F4F81FFBD0CB7C526F24
:1094EC0013B3DA0704D5886A4FF0E022C2F8000102
:1094FC009E0704D5C86A4FF0E022C2F80401580751
:10950C0004D5086B4FF0E022C2F808011A0704D505
:10951C00486B4FF0E022C2F80C01DE0604D58A6BD2
:10952C004FF0E023C3F81021D4F8943094F8AC0039
:10953C001B6EFF28C4F8A0304B68C4F8983048D193
:10954C000023C4F8B83055E094F8AF107D48FEF70E
:10955C0099FF48B194F8B0107A48FEF7A1FF18B102
:10956C000122794B774892E794F8AF107748FEF7D1
:10957C0089FF002840F0B58094F8B0000022744EAA
:10958C000121C4F88C2062720201B258C4F8D020B8
:10959C0006EB0012D268C4F8CC2004F07FFAD4E9B0
:1095AC003312C2F88810012194F8AF00020106EBC7
:1095BC000013B258DB68C4F8C820C4F8C43004F0F7
:1095CC006DFAD4E93123C3F8882094F8AC00FF2855
:1095DC00B6D05F4B020101219A5803EB0013DB68F4
:1095EC00C4F8B820C4F8B43004F058FAD4E92D23E8
:1095FC00C3F88420D4F88C0028B194F8AD10FEF791
:10960C0029FF00285CD194F8AD000121504B0201D8
:10961C009A5803EB0013DB68C4F8C020C4F8BC30C4
:10962C0004F03CFA0023D4E92F12C2F884104FF056
:10963C0080724849C4F8A430C4F8A820D4F8A030EB
:10964C00454A1A408A4212D0444A1A404B401143B0
:10965C0013F0407FC4F8A01003D0D4F8BC0000284D
:10966C004BD1D4F89420D36DD806FCD1116694F864
:10967C00AE00FF281AD0012104F010FA012194F851
:10968C00AE0004F0E9F9642004F066F9002194F8C6
:10969C00AE0004F0E1F9642004F05EF994F8AE0039
:1096AC00012104F0D9F9C82004F056F92DB129464E
:1096BC002046BDE87040FFF7C7BD70BD284AF7E6ED
:1096CC0094F8AD10D4F88C00FEF7F8FE431E00227F
:1096DC0024491B06C4E92F2203F040734FF040725B
:1096EC00A8E794F8B0101948FEF7DAFE00283FF40A
:1096FC0043AF02221C4B1548C9E694F89C10D4F8D1
:10970C00942061B940F201231361D4F8C030C3F83E
:10971C008400D4F8A03023F048731366A7E7136FC6
:10972C009B0702D5136F9E07F9D40139536FC9B249
:10973C0084F89C10E5E700BF3837002000003A4061
:10974C000024F4008837002000C03940D8370020AE
:10975C00A4270020070000011F002803E0FFD7FC0E
:10976C00070000800700000300403940B0F818C023
:10977C0070B51C4601EB0C03B0F91CE082B00FFA7B
:10978C0083FCE64532DCB0F920E0E6452EDD418B6A
:10979C005118B0F91E200FFA81FE0D46724525DCDA
:1097AC00B0F92220724521DD90F8DC2002B3B0F92B
:1097BC00E830C28C6345B0F9EC30C8BFA0F8E8C003
:1097CC007345B0F9EA30C8BFA0F8ECE06345B0F9D6
:1097DC00EE30B8BFA0F8EAC07345D0F8D830B8BFA7
:1097EC00A0F8EEE01EFB02CE23F81E4002B070BDC6
:1097FC00427A26460446002A67D1D4F8C020002AB3
:10980C006CD0D4F8B8201AB1D4F8B410C2F88810BF
:10981C0020462A210193FFF715F8019BB4F87A1022
:10982C00194489B2FFF76EFBB4F87A20019B013220
:10983C00991889B2FFF766FB2B21FFF703F8B4F8F0
:10984C007C10294489B2FFF75DFBB4F87C300133FE
:10985C002B4499B2FFF756FB2C21FEF7F3FF314650
:10986C00FFF720FCD4F8B8301BB1D4F8B420C3F8FF
:10987C008420637A002BB9D0D4F88C20D37C002BB5
:10988C00B4D0DD0704D5906A4FF0E021C1F8000197
:10989C009C0704D5D06A4FF0E021C1F804015807A9
:1098AC0004D5106B4FF0E021C1F80801190704D55D
:1098BC00506B4FF0E021C1F80C01DB0696D5926B92
:1098CC004FF0E023C3F8102190E7D0F88C000193FF
:1098DC00D4E92112FEF758FE019B8EE7D4F89420B0
:1098EC00126EC4F8A0208CE7F0B5468B83B09419A7
:1098FC00B0F91E60BDF8205022B296424ADC068BAD
:10990C00B0F920C031440EB2B44543DDB0F922E0C9
:10991C0096453FDDB0F91CE0B6453DDCACEB0601ED
:10992C0006EB030E09B2E645C8BF0B46002B31DD32
:10993C0090F8DC10B1B3B0F9E8109CB2B0F9EAC001
:10994C00B142B0F9EC10C8BFA0F8E860914206F142
:10995C00FF31C8BFA0F8EC20214409B28C45B8BF38
:10996C00A0F8EA10B0F9EE109142C18C12FB016123
:10997C0046EA0306B8BFA0F8EE20D0F8D820F607C8
:10998C0002EB410240F1968002EB440322F8025BA9
:10999C009A42FBD103B0F0BDA1EB0E0176461944FF
:1099AC000BB2BBE7427A0746002A74D1D7F8C02025
:1099BC00002A79D0D7F8B8201AB1D7F8B410C2F869
:1099CC00881038462A210193FEF73CFFB7F87A102D
:1099DC00314489B2FFF796FAB7F87A20019B013A25
:1099EC00B118194489B2FFF78DFA2B21FEF72AFF23
:1099FC00B7F87C10214489B2FFF784FAB7F87C20C1
:109A0C00A11889B2FFF77EFA2C21FEF71BFF019BF0
:109A1C00012B09D0294638460193FFF773FA019BB5
:109A2C00013B9BB2012BF5D129463846FFF73AFB97
:109A3C00D7F8B8301BB1D7F8B420C3F884207B7AA0
:109A4C00002BA7D0D7F88C20D37C002BA2D0DD071D
:109A5C0004D5906A4FF0E021C1F800019C0704D5B1
:109A6C00D06A4FF0E021C1F80401580704D5106BFF
:109A7C004FF0E021C1F80801190704D5506B4FF0E5
:109A8C00E021C1F80C01DB0684D5926B4FF0E0238A
:109A9C00C3F810217EE7D0F88C000193D7E921128E
:109AAC00FEF772FD019B81E7D7F89420126EC7F880
:109ABC00A0207FE705EB0545023B42F8045B1BB297
:109ACC00002BF9D166E700BF9C46038B0B442DE9B4
:109ADC00F04F19B287B0B0F92050BDF940708D42EB
:109AEC00BDF844A001977EDD468BB0F922E002EB75
:109AFC0006080FFA88F2964575DD0CEB0104B0F9F7
:109B0C001C600291B442A3466DDDBC18B0F91E7006
:109B1C00BC420394CDE9042765DD8E427ADD9B1BA4
:109B2C003146029663440FFA83F906FA83FB3346F7
:109B3C00059C94426CDD2246A8EB0406019C9046E1
:109B4C000492264436B2B41803945D455BDB4F4651
:109B5C00039CA64553DB344690F8DC50002D5BD0BB
:109B6C00B0F9E8508D42B0F9EC50C8BFA0F8E8103D
:109B7C009542B0F9EA5041EA0901C8BFA0F8EC20BF
:109B8C005A1E08F1FF33BA18E31812B21BB29542F1
:109B9C00049DB8BFA0F8EA20B0F9EE209A42B0F9C3
:109BAC002620B8BFA0F8EE30CC07029B05FB023391
:109BBC00D0F8D85005EB430540F12A81002E12DD78
:109BCC00B9F1000F12DD4FEA49016A182B4623F850
:109BDC0002AB9A42FBD1013EB0F92630B6B205EB8E
:109BEC004305002EF1D107B0BDE8F08F731E023E85
:109BFC009BB2B6B2002BF6D0002EF7D1F3E7AEEB4A
:109C0C00080426B2A8E7EC1A27460FFA84F99FE756
:109C1C00019E9AE7E1468BE7427AE3460546002A25
:109C2C0040F0AC80D5F8C020002A00F0E380D5F8D5
:109C3C00B8201AB1D5F8B410C2F8881028462A21D9
:109C4C000293FEF7FFFD029BB5F87A10194489B216
:109C5C00FFF758F9B5F87A20029B013A1344F9182A
:109C6C0089B2FFF74FF92B21FEF7ECFDB5F87C100C
:109C7C00414489B2FFF746F9B5F87C30013B4344C7
:109C8C00E11889B2FFF73EF92C21FEF7DBFD002E1F
:109C9C0027DD019B54460BFB03F3642BD4BF4FF021
:109CAC0000084FF00108B9F1010F08DD4F46013FE4
:109CBC0021462846BFB2FFF725F9012FF7D12146DF
:109CCC002846FFF7EFF9012E07D0B8F1000F04D0AA
:109CDC00F1073CD4013E36B2E5E7013EB6B2002EA8
:109CEC00F9D1D5F8B8301BB1D5F8B420C3F884201D
:109CFC006B7A002B3FF477AFD5F88C30DA7C002AE6
:109D0C003FF471AFD50704D5986A4FF0E021C1F844
:109D1C000001940704D5D86A4FF0E021C1F8040182
:109D2C00500704D5186B4FF0E021C1F8080111075A
:109D3C0004D5586B4FF0E021C1F80C01D2067FF529
:109D4C0052AF9A6B4FF0E023C3F810214BE7D5F8D4
:109D5C00B830002B00F08680D5F8B420C3F88420EE
:109D6C006A7AA2B9D5F8C020002A00F08980013E99
:109D7C00D5F8B42036B2C3F8882094E7D0F88C001C
:109D8C000293D5E92112FEF7FFFB029B4AE7D5F8B7
:109D9C008C00C37C13B3DA0704D5816A4FF0E02240
:109DAC00C2F800119F0704D5C16A4FF0E022C2F837
:109DBC000411590704D5016B4FF0E022C2F80811C9
:109DCC001A0704D5416B4FF0E022C2F80C11DF06E4
:109DDC0004D5826B4FF0E023C3F81021D5E9211292
:109DEC00FEF7D2FBD5F8C020D5F8B83042B1002B25
:109DFC00BDD16FE7D5F89420126EC5F8A02016E7F8
:109E0C00D5F89420126EC5F8A020002BAFD161E7D5
:109E1C00002E7FF7E8AEB9F1010F19DD002A0AEB2D
:109E2C000A44B8BF0132B9F10001B8BF013150107A
:109E3C0041F34F012A460023013342F8044B8B4275
:109E4C00FADB013E05EB8005B6B2002EF2D1CAE674
:109E5C00731E023E9BB2B6B2002B3FF4C4AE002E72
:109E6C00F6D1C0E66B7A002B91D1D5F8C030002B1F
:109E7C007FF430AFD5F894301B6EC5F8A03029E7CD
:109E8C00D5F89420126EC5F8A02070E700B500221A
:109E9C0083B0B0F928C001911146B0F92630CDF845
:109EAC0000C0FFF711FE03B000BD00BF2DE9F04F5D
:109EBC0042F20E7485B01D46A142BDF93880DDF822
:109ECC003CB005D1B0F92610C91A48BF0131491070
:109EDC0042F20E74A24206D1B0F92820B2EB08026D
:109EEC0048BF01325210048BB0F920C021440EB28D
:109EFC00B44540F3B580448B1444B0F9222024B20D
:109F0C00A24240F3AD8006EB0509B0F91CE0B24665
:109F1C00F14540F3A58008EB0403B0F91E700094E2
:109F2C00BB4240F39D80A7420CDD3C1B0097A8EB85
:109F3C00040805FB04F40FFA88F80BEB440B3C46C1
:109F4C0008EB0703171B3FB29A42B8BFB846B64599
:109F5C0040F38C80A5EB0E05F24676460D44AEEB35
:109F6C0001012DB28FB205EB0E09CC457BDA05EB66
:109F7C000609A9EB0C09ACEB060C1FFA89F90FFAD0
:109F8C008CF590F8DC20002A72D0B8F1000F67DD58
:109F9C00B0F926207B00D0F8D810A04404FB02AA0C
:109FAC0000934FEA490301EB4A0E4FF0FF3A01933D
:109FBC0091461FFA88F35746B0F928805946029308
:109FCC000396009B002D194420DDAEF102028E1E7B
:109FDC00002336F802CF32F802BFE3450FD0A0457C
:109FEC00A2F800C0A8BFA046A742B8BF2746994513
:109FFC00C8BF0FFA83F99A45B8BF0FFA83FA013339
:10A00C00AB42E6D101EB4501B0F926200134019BAE
:10A01C00029E0EEB420E1944A3B224B2B342D0D12D
:10A02C007B1C039E1CD006EB0903B0F9E8205644B8
:10A03C001BB29A42B0F9EA20C8BFA0F8E830B0F9D8
:10A04C00EC30434533B2C8BFA0F8EC809A42B8BF9D
:10A05C00A0F8EA30B0F9EE30BB4201DAA0F8EE70AD
:10A06C0005B0BDE8F08F4FF000098AE700277CE7C8
:10A07C00427A8246002A40F08B80DAF8C020002A0F
:10A08C0000F08D80DAF8B8201AB1DAF8B410C2F802
:10A09C00881050462A21FEF7D5FBBAF87A103144C5
:10A0AC0089B2FEF72FFFBAF87A20013AB118294489
:10A0BC0089B2FEF727FF2B21FEF7C4FBBAF87C1000
:10A0CC00214489B2FEF71EFFBAF87C20013AA11890
:10A0DC00414489B2FEF716FF2C21FEF7B3FBB8F111
:10A0EC00000F20DDAE1E43467F00A846B6B209F134
:10A0FC0001095C461D460136B8F1010F3C4408DDF0
:10A10C0004EB460B34F8021BFEF7FCFEA345F9D119
:10A11C005C46013D2188FEF7C5FFADB204EB490456
:10A12C00002DE9D18246DAF8B8301BB1DAF8B42048
:10A13C00C3F884209AF80930002B91D0DAF88C20DF
:10A14C00D37C002B8CD0DD0704D5906A4FF0E02136
:10A15C00C1F800019C0704D5D06A4FF0E021C1F88A
:10A16C000401580704D5106B4FF0E021C1F8080129
:10A17C00190704D5506B4FF0E021C1F80C01DB0638
:10A18C007FF56EAF926B4FF0E023C3F8102167E7B9
:10A19C00D0F88C00DAE92112FEF7F6F96DE7DAF85F
:10A1AC009420126ECAF8A0206CE700BF4FF0000C90
:10A1BC0063F3070C63F30F2C42F20E739942A0F871
:10A1CC000EC007D1B0F92610012300298373B8BF44
:10A1DC00C918491042F20E739A4207D1B0F92820DF
:10A1EC000123002AC373B8BFD2185210002937DBE1
:10A1FC00B0F926C00CF1FF331BB28C45D8BF194601
:10A20C00002A41812ADBB0F928C00CF1FF331BB2C4
:10A21C009445D8BF1A46B0F92A3082818B4204DCAF
:10A22C00B0F92EC06344994206DD0022002380F869
:10A23C003320A0F870307047B0F92C309342F4DC26
:10A24C00B0F930100B449A424FF00003CCBF0022FF
:10A25C000122A0F8703080F8332070470022DAE732
:10A26C000021CDE7012938BF0121012A38BF012285
:10A27C0080F8441080F84520704700BF10B401EB03
:10A28C00014C064C02EB024381860CEA0401C286A7
:10A29C00234010BCC0E90F13704700BF1FF8E00744
:10A2AC002DE9F04F85B08B460446B0F92E30B0F94D
:10A2BC00301002AFB0F92C2058008B4500F107008C
:10A2CC0020F00700ADEB000D37DA0DF1080902EBB9
:10A2DC000B0516464FF0010A11E032B241462046FA
:10A2EC0001350136CDE900A9FFF7E0FDB4F92C20CA
:10A2FC00B4F93010B4F92E300A44AA421EDD94F899
:10A30C00DC20B4F92A80002AE7D0002B4FEA430264
:10A31C004846E2DD218BB4F81AC04144B4F826E07B
:10A32C00AC447B6009B21CFB0E1CD4F8D81001EBBA
:10A33C004C0103F01BFE7B68CFE70A44258FA2EB90
:10A34C000B02B4F92A10204612B2CDE900B5FFF782
:10A35C00BBFB0C37BD46BDE8F08F00BF2DE9F04FBD
:10A36C001E4691B0B0F926309DF874708B42BDF842
:10A37C006890BDF86CA09DF87040039740F3EA809C
:10A38C00B0F92850954240F3E58025B204EB440E19
:10A39C00049501EB4E05002D40F3DC8002EBC70564
:10A3AC003FB2002D069740F3D580D14594460F4619
:10A3BC00804600F0D280028B1744B0F9202038B2CE
:10A3CC00824240F3C780B8F81A106144B8F922C031
:10A3DC000DB20491AC4540F3BD8000EB4E0EB8F9C4
:10A3EC001CB00890DE45069040F3B480B8F91E000E
:10A3FC000795014609900398059005EBC00088422B
:10A40C0040F3A88004EB440005994FEA400E98F8FD
:10A41C00DC00C900002800F0F081B8F9E8200898A9
:10A42C008242B8F9EC20C8BFA8F8E8000EF1FF3062
:10A43C00AA4201F1FF3238440499B8F9EA7000B22B
:10A44C000A44C8BFA8F8EC50874212B2B8BFA8F8AB
:10A45C00EA00B8F9EE009042B8BFA8F8EE20039AD3
:10A46C00002A77D0621E06EB8600B34FD346D2B2D9
:10A47C00A246C119CDF81C9002F1010E089A0B915D
:10A48C0005FB0326D8F8D820099902EB46067A1D5D
:10A49C00082702440C97069201220592039A2A443B
:10A4AC0010B20CE0013506EB43062DB2A84200F0C9
:10A4BC009281B8F92220AA424CDDB8F91E10A942AB
:10A4CC00F0DC0B9C059914F8012B1142079A0CBF78
:10A4DC00D9469146BAF1000F00F0D482089B294668
:10A4EC00CDE9096003EB0A0730460493BFB2B8F913
:10A4FC001CC05A1C9C4595B205DCB8F920C09C4583
:10A50C00C8BFA0F80090AF4200F1020013B2EED128
:10A51C00049A06EB4E06724413B2069AA24200F05D
:10A52C00208114F8012B05980242079A0CBFD946DA
:10A53C009146D7E70523BDF90C20494640460097C4
:10A54C00FFF7D2F9039B7600049A01339BB2934236
:10A55C00039319D111B0BDE8F08F012C59D1039B95
:10A56C00012B56D10CF10801734A06EB8603012628
:10A57C0089B2CDF80CC00491511D1A4401EB030AA9
:10A58C003B464F4605929946059B002213F8011B4A
:10A59C001446314218BF42F001049A454FEA440276
:10A5AC00F4D114F07F04CDD01F2CC3D00025BDF9FD
:10A5BC000CB004E06400013514F0FF04C2D01E2C72
:10A5CC0000F0FB8004F01C0304F018021C2B14D0C8
:10A5DC00182A00F0A580E206ECD505EB0901A400D1
:10A5EC003B465A4609B24046FFF7C0F804F01C033C
:10A5FC00023504F018021C2BEAD105EB09010323E8
:10A60C005A46404609B2009724010435FFF76CF90D
:10A61C00D8E76200484B06EB8606CDF820800992FD
:10A62C0004EB4402B846002007925A1DF3184FF071
:10A63C00010A02EB060BA2000C9323460F9204EBCB
:10A64C008402069F4C460E9299460822CDF834C0DF
:10A65C0005920C9B002213F8011B154611EA0A0FF8
:10A66C0018BF42F001055B454FEA4502F3D183B2B6
:10A67C0015F07F05069368D0039A1F2D12FB03F289
:10A68C000D9B1A4412B259D0CDF828A00026CDF853
:10A69C002CB09246DDF820B006E06D00013615F0C6
:10A6AC00FF05B6B200F094801E2D79D005F01C0386
:10A6BC001C2B16D005F01803182B23D0EB06ECD569
:10A6CC0019FB0681AD00049B524609B2584602366E
:10A6DC00CDE90074FFF7F8F905F01C03B6B21C2B9A
:10A6EC00E8D119FB06812D01079B524609B2584649
:10A6FC000436CDE90074FFF7E7F905F01803B6B29C
:10A70C00182BDBD119FB06810336099B524609B283
:10A71C005846ED00B6B2CDE90074FFF7D5F9C9E79C
:10A72C0005EB090102235A46404609B20097E400A2
:10A73C000335FFF7D9F845E73C2B00200E9B41462B
:10A74C000898CDE90074FFF7BFF9059B4FEA4A0A58
:10A75C000698013B01309BB20593002B7FF479AF37
:10A76C00F8E60D460A983146099EBAF1000F14D04E
:10A77C000AEB030C1FFA8CFCB8F91C705A1C9F4294
:10A78C0094B205DCB8F920709F42C8BFA1F800B0A4
:10A79C00A44501F1020113B2EED1B8F9263081E6DD
:10A7AC0019FB068652460F9B31B20898CDE900740E
:10A7BC00DDE90AABFFF788F9C7E705EB09010423CC
:10A7CC00BDF90C20404609B20097FFF78DF8B9E6A9
:10A7DC00DDE90AABB9E70C9A013A12F0FF020C92D0
:10A7EC003FF4B8AEB8F92220AA427FF7B3AE059A6F
:10A7FC00B8F91E105200059250E6089B9B4505DDEA
:10A80C00A7EB0B07CDF818B0BE445F46069B099822
:10A81C0003FA8EF39342D4BFF346A2EB070BA84284
:10A82C0004DD049B07901B1A04901944079B03FA40
:10A83C0081F3634500F31481059198F80930002BDE
:10A84C0040F01981D8F8C030002B00F00E81D8F8F8
:10A85C00B8301BB1D8F8B420C3F8882040462A2160
:10A86C00FDF7F0FFB8F87A10394489B2FEF74AFBCD
:10A87C00B8F87A30013B1F440BEB070189B2FEF7A5
:10A88C0041FB2B21FDF7DEFF049FB8F87C10394407
:10A89C0089B2FEF737FBB8F87C300599013B3B4495
:10A8AC00194489B2FEF72EFB2C21FDF7CBFFB8F92A
:10A8BC002230AB4240F38B80039B002B00F087804F
:10A8CC00794B06EB8602012108265F1D1344049187
:10A8DC00174409930A96CDF81490039B03EB050BD0
:10A8EC000FFA8BFB08E001352DB2AB4500F0AA80C6
:10A8FC00B0F92230AB4269DDB0F91E30AB42F2DC6C
:10A90C00DDF82490049A19F8013B1A42059B0CBF00
:10A91C00D046984694B3089ECDE906B54D46B1464F
:10A92C0009EB04061FFA86FB07E009F101091FFA7F
:10A93C0089F30FFA89F99B4512D0B0F91C304B45BD
:10A94C00F3DCB0F920304B45EFDD09F1010941464C
:10A95C00FEF7D8FA1FFA89F30FFA89F99B45ECD167
:10A96C00AF420FFA86F916D0049B15F8012B1A4248
:10A97C00059B0CBFD0469846D2E799464F454B46AF
:10A98C00B1D013F8012B09F1020904991142F4D149
:10A99C009F42F3D1A7E7DDF818B04E46079D002C77
:10A9AC00A1D0A3191FFA83F804E00136B2B236B273
:10A9BC00424598D0B0F91C20B242F6DCB0F92030F8
:10A9CC00B342F2DD5146FEF79DFAEEE780460021D8
:10A9DC004046FDF7CDFFD8F8B8301BB1D8F8B420FD
:10A9EC00C3F8842098F80930002B3FF4B3ADD8F8A5
:10A9FC008C30DA7C002A3FF4ADADD50704D5986ACB
:10AA0C004FF0E021C1F80001940704D5D86A4FF04B
:10AA1C00E021C1F80401500704D5186B4FF0E02178
:10AA2C00C1F80801110704D5586B4FF0E021C1F8AB
:10AA3C000C01D2067FF58EAD9A6B4FF0E023C3F874
:10AA4C00102187E50A9B013B13F0FF030A93BDD04D
:10AA5C00B0F92230AB42B9DD049B5B0004933CE7B8
:10AA6C00049BACEB03030593E7E6D8F894301B6E1C
:10AA7C00C8F8A030EBE6D8F88C00D8E92112FDF725
:10AA8C0083FDDFE6069F9C46A742224607D012F8BC
:10AA9C00011B0234059B0B4203D19742F4D1634650
:10AAAC0000E51446F0E700BF3C2B00202DE9F04FE9
:10AABC00C46C87B0002C00F0D4800A2900F0B5805B
:10AACC000D2900F0B88094F80EC08C4500F2B680C9
:10AADC0094F80FE08E45C0F0B180A1EB0C0194F816
:10AAEC0012C001FB0CF19A46A3689046814662465F
:10AAFC0020680193FDF70EFD019B032200211D1818
:10AB0C002846FDF707FD0646002840F09480E27CBD
:10AB1C00284603210192FDF7FDFC019A039028467B
:10AB2C00D11C227DCDE90112FDF7F4FC83462846A9
:10AB3C00DDE901121144627DCDE90112FDF7EAFC59
:10AB4C000123DDE9011202F1FF3C114403FA02F288
:10AB5C0003FA0CFC0291821A1CEA000F18BF17466C
:10AB6C00A27D08BF074628460192FDF7D3FC0123BE
:10AB7C0084462846DDE9012102F1FF3E114403FA27
:10AB8C0002F203FA0EF3ACEB020213EA0C0F14BF41
:10AB9C0015466546E27D0295FDF7BCFCBAF800202F
:10ABAC00637E02991344B8F8002099F848E0A3EBAF
:10ABBC000B033A4405905B1A0399CDF810A00BEBEC
:10ABCC00030C51181BB2CDF804800FFA8CFC12B296
:10ABDC0009B2BEF1000F04D0B9F926E08E45C0F2DF
:10ABEC0003811098B0F900409442C8BF0280119ABA
:10ABFC00B2F900209A4201DD119A1380129BB3F92D
:10AC0C0000308B4201DA129B1980139BB3F9003090
:10AC1C00634502DA139BA3F800C0019A05981388C8
:10AC2C001844108007B0BDE8F08F00211180227EFF
:10AC3C0019880A441A8007B0BDE8F08F94F810E028
:10AC4C008E45F8D8657C8D42F5D3A1EB0E0194F8B6
:10AC5C000FE07144A1EB0C0194F812C001FB0CC184
:10AC6C0041E7D0F860C0BCF1000F7ED00A2972D049
:10AC7C000D29E0D09CF809509CF808E08D42DAD3FD
:10AC8C007145D8D3DCF80450A1EB0E0190F8486064
:10AC9C0005EBC1019CF80A50B2F900E091F806C02E
:10ACAC00AB460CEB550CCD784FFA8CFAA84691F8C4
:10ACBC0002C00D7991F90510A9460F4690F8441081
:10ACCC00002E00F0A88007EB0C05B0F9266001FB04
:10ACDC0005E5B54240F39F80148090F845101C8820
:10ACEC0001FB0B441C80B2F900E090F8441090F882
:10ACFC00453007FB01EE109D0AFB03440CFB01E001
:10AD0C00B5F9005008FB03430FFA8EFC013889B2E9
:10AD1C00013B654524B200B21BB202DD109DA5F8C3
:10AD2C0000C0119DB5F900C0A445C8BF2C80129C71
:10AD3C00B4F90040844201DA129C20801398B0F9D7
:10AD4C000000984201DA13980380138819FB013E26
:10AD5C00A2F800E06FE7148090F845009CF80A1008
:10AD6C001A8800FB01221A8065E70A2955D00D29A3
:10AD7C003FF461AF90F84810B2F900E0002955D1CA
:10AD8C0090F84410B3F9004090F84500129D04EB84
:10AD9C00C0004FF00604B5F900C011FB04E4013803
:10ADAC00013CA445B8BF2C80139CB4F900408442EC
:10ADBC0001DA139C2080109CB2F90000B4F9004019
:10ADCC00844201DD109C20801198B3F90030B0F959
:10ADDC000000984201DD11980380138801EB4101BA
:10ADEC0003EB4103138026E7A8F80060BAF80020B3
:10ADFC00237E02991344AAF80030CB1803990BEB6D
:10AE0C0003021BB20FFA82FCB8F800201744394435
:10AE1C003AB209B2E5E61C8869E7A2F800C090F8DE
:10AE2C0045101A8802EBC1021A8004E790F844100E
:10AE3C004FF00604B0F9265011FB04E4AC42A1DD3E
:10AE4C00A2F800C090F845101C8804EBC10424B291
:10AE5C001C80B2F900E090F8441095E72DE9F0471A
:10AE6C0088B0119CBDF8405023800C461299ADF867
:10AE7C00163000230D8014990B8013990B804FF61C
:10AE8C00FF73B0F92610ADF81C30ADF81E30B0F9D8
:10AE9C002830ADF81810ADF81A308AB30646A5184C
:10AEAC000DF11E0A0DF11C090DF11A0806AF10ABBD
:10AEBC000DF116023046CDE9029ACDE9007814F86E
:10AECC00011BFFF7F3FDAC42F1D1BDF91C00BDF93C
:10AEDC001810BDF91E20BDF91A30814205DC119CF9
:10AEEC0001302180401A139908809A4205DB013207
:10AEFC001299D21A0B80149B1A8008B0BDE8F08707
:10AF0C004FF0FF321046E8E72DE9F04F89B082464A
:10AF1C00149CDDE912CB029422B900296CD109B042
:10AF2C00BDE8F08F90460FFA8BF200261C46049277
:10AF3C006746BDF908204FF0010935460391079388
:10AF4C00CDE9052C07E016B1039B002B34D101355C
:10AF5C00002601375CB1013C09FA04F313EA080F2F
:10AF6C00F1D1E5B9013600250137002CF3D1DDE92B
:10AF7C0006C30CEB0304002D2DD1002ECFD0039B68
:10AF8C00002BCCD0BDF90830A11B0FFA8BF2504628
:10AF9C00129309B2BAF8364033B2139436E0059BDB
:10AFAC00791B5046009309B2BAF834202BB20192A7
:10AFBC00049AFEF789FDD5E7BAF83620B91B33B2EF
:10AFCC005046019209B2BDF9082000920FFA8BF29B
:10AFDC00FEF77AFDBBE7BAF83420611B2BB2504662
:10AFEC00019209B2BDF9082000920FFA8BF2FEF71C
:10AFFC006BFD002EC3D192E7C28E1BB2BDF9084087
:10B00C000FFA8CF113920FFA8BF2129409B0BDE87F
:10B01C00F04FFEF759BD00BF2DE9F04FD0F84C9022
:10B02C0097B099F80E408C4209D899F80F308B42A2
:10B03C0005D3091B99F8122002FB01F113E099F8D2
:10B04C0010208A4200F2F08099F811308B42C0F047
:10B05C00EB80013199F80F301944891A99F81220B4
:10B06C00091B02FB01F1D9F808500446D9F800007D
:10B07C00FDF750FA2E180322002130460596B246F1
:10B08C00FDF748FA8046002840F0CE8099F813501E
:10B09C00032130462A460335FDF73CFA99F8147023
:10B0AC00294606463A465046FDF734FA2F4499F89D
:10B0BC001550394608902A465046FDF72BFA6A1E61
:10B0CC000121034601FA02F2024201D0A940431ABF
:10B0DC0099F816A03D44059F5246294638460693DA
:10B0EC00FDF718FA0AF1FF310122554402FA0AFA67
:10B0FC008A4029460242A0EB0A0A18BFD34699F8A7
:10B10C0017A008BF834638465246FDF703FAB4F938
:10B11C000A10069B00290B90C0F2D480CF18002F88
:10B12C0002DAC91A00276181F119B4F9260094F8E2
:10B13C00482081427BDCB4F90C00002A40F0868068
:10B14C0094F8323023B194F83330002B40F09F80C8
:10B15C00B4F92830834267DD05EB0A03089999F8A6
:10B16C0019A00D9301EB0B038244E28E0F91AAEB15
:10B17C00030AA38E9A4200F0A980B4F91820B4F9FE
:10B18C000A10D31999F818C00A440B9DF7180693A6
:10B19C000997B4F91A70C31907EB0A00069F83428A
:10B1AC009C440790A8BF0346BA4202EB0500A8BF17
:10B1BC003A46099F23EAE373B84222EAE275B4F9EE
:10B1CC002020B8BF38460C9590420746A8BF1746BA
:10B1DC00AA42DDE90705CCBF0022012205EB000BDA
:10B1EC000E97781EB4F91C70DC45CDF828B0109081
:10B1FC00B8BFDC468742C8BF42F00102B4F9220056
:10B20C008445A8BF84468342A8BF42F00102B4F92A
:10B21C001E000CF1FF35E246119512B9A84240F31D
:10B22C0051810B9B5918618117B0BDE8F08F002A32
:10B23C00FAD0002B4FF00007B4BF594200216181B6
:10B24C00A18999F81800084400B2A08194F8321032
:10B25C0000293FF47DAF94F8331000293FF478AF08
:10B26C00B4F92AC006EB070EB4F92E1061447145EF
:10B27C000DDA5942002709B23CEA230C28BF8C4650
:10B28C00A4F80AC099F81830034418B2A081B4F994
:10B29C003010B4F92C300B4499F819105B1A984201
:10B2AC007FF756AF99F818102046FEF7F9FFD4F83F
:10B2BC004C90A08999F81830618DC01A618100B248
:10B2CC00A08145E700211F46618128E794F85000D2
:10B2DC00012840F28780089B002B7ED0002E7CD06A
:10B2EC000D9D03EB0A0B4FF00109431E07354FF080
:10B2FC00000809FA03F9034625F007052046D44651
:10B30C0006975FFA89FADDF81490CDF814B0002492
:10B31C00624690F8531008EB040CEF08BCFBF1FEEE
:10B32C0001FB1ECE013919F80770A1EB0E0111FBC0
:10B33C0003F1C9B20F4190F852100F40574541D359
:10B34C000699078B0F44B0F91C1027440FFA87FCA1
:10B35C00614537DCB0F92010614533DDB0F81AB027
:10B36C00B0F91EE093440FFA8BF18E452ADCB0F94C
:10B37C0022E08E4526DD90F8DCE0838EBEF1000FD6
:10B38C006FD0B0F9E8706745B0F9EC70C8BFA0F8A1
:10B39C00E8C08F42B0F9EA70C8BFA0F8EC1067455E
:10B3AC00B0F9EE70B8BFA0F8EAC08F42C78CB8BF36
:10B3BC00A0F8EE1011FB07C1D0F8D87027F81130A7
:10B3CC0090F8503001341D44A642A2D102F1010C78
:10B3DC00059AB04462459AD1044663890B9AD318F6
:10B3EC00638121E70029F8DD0D9DBB46DDF83C802B
:10B3FC005746DDF814A00594EB08EA43691C02F0EB
:10B40C0007021AF803301341DA0754D401240D460D
:10B41C004FF00009CDF81880A6EB090829465046D4
:10B42C00B8F1200FA8BF4FF0200842464544FDF765
:10B43C0071F809EB0B01C14402460091434600210F
:10B44C000598CDE90174FFF75FFD4E45E4D8DDF8B2
:10B45C0018802744A8EB0408B8F1000FCCDC059C3D
:10B46C00BBE72A21CDE90732FDF7ECF9B0F87A10E9
:10B47C00394489B2FDF746FDB0F87A10394489B2E7
:10B48C00FDF740FD2B21FDF7DDF9B0F87C10594498
:10B49C0089B2FDF737FDB0F87C10594489B2FDF73D
:10B4AC0031FD2C21FDF7CEF90799FDF72BFD90F816
:10B4BC005030089A86E703225046FDF72BF8291DD9
:10B4CC00841CA4E794F8DC20002A00F01881BDF954
:10B4DC0030101AB2B4F9E890494502DA8946A4F85A
:10B4EC00E810B4F9EC70BA4202DA1746A4F8EC2072
:10B4FC00B4F9EAC0614502DD8C46A4F8EA10B4F94F
:10B50C00EEE0724502DD9646A4F8EE20BDF940103F
:10B51C00BDF9442049450C9DB8BFA4F8E810BA42C7
:10B52C00B8BFA4F8EC206145C8BFA4F8EA10724576
:10B53C00D4F8D810C8BFA4F8EE20B4F9262003FB29
:10B54C00025701EB470C07998B4227DAC5EBC577FD
:10B55C008946DDE90D5E06E001330CEB420C9945A2
:10B56C001BD0B4F91E009842F6DCB4F922109942B3
:10B57C00F2DD0C9910988142EEDC0CEB47000A4688
:10B58C00B4F91C10914202DCE18E20F81210013249
:10B59C009645F5D1B4F92620DEE70D9594F8507058
:10B5AC00089B012F40F2C681002B75D00D9D0C9B82
:10B5BC0007350E990A971F4625F0070EDDF84090C7
:10B5CC00CD1A079808954F4560DC089B6246754676
:10B5DC0007970CEB43013B46B4F91C609E424DDCD3
:10B5EC00B4F920609E4249DDB4F91E60864245DC08
:10B5FC00B4F92260864241DD069E9E427CDC099EA7
:10B60C009E4279DD0A9F4FEAD50E94F853603D4473
:10B61C00059F94ED167A17F80E70B8FBF6FE06FB34
:10B62C001E8E013E0D9708F10108A6EB0E060A9F2F
:10B63C0094F852E016FB07F60D9FF6B247FA06F6A1
:10B64C0006EA0E0607EE906AF8EEE77AD4E90F6781
:10B65C0067EE877AF61BFCEEE77ACDED0D7A9DF856
:10B66C0034E006FB0EFE07EB5E1626F0784626F459
:10B67C00F81626F4FC6646EA1646168002320133AA
:10B68C008A42A9D1AE46079FB4F9262001300CEBB3
:10B69C00420C834597D10790079B11998B423FF73A
:10B6AC009CAE0C9B0AF101000799C3EBC3750E9E6F
:10B6BC0001319E4605E001310CEB420C81423FF416
:10B6CC008CAEB4F91E308B42F5DCB4F922308B42CF
:10B6DC00F1DD109B9E45EEDC0CEB45077346B4F98F
:10B6EC001C209A4202DCE28E27F8132001339E4282
:10B6FC00F5D1B4F92620DEE7E68E1680BEE783424C
:10B70C00627AB8BF034699460C9B9F42B8BF1F464E
:10B71C00002A40F0B982D4F8C020002A00F0AE8292
:10B72C00D4F8B8201AB1D4F8B410C2F88810204656
:10B73C002A21FDF787F80C9BB4F87A10194489B2CA
:10B74C00FDF7E0FB109BB4F87A10194489B2FDF7B1
:10B75C00D9FB2B21FDF776F8B4F87C10494489B25B
:10B76C00FDF7D0FBB4F87C201199114489B2FDF798
:10B77C00C9FB2C21FDF766F8079B4B4517DDCDF86F
:10B78C004480C8461296109D079E0E9CBD4207DB56
:10B79C00B94609F10109C18EFDF7B4FB4C45F8D14E
:10B7AC0008F101084645F1D10446DDE9118694F80B
:10B7BC005030012B089B40F28D81002B00F06B82E6
:10B7CC000D9D2046DDF81C900735CDF820A00D9777
:10B7DC00CA46109F25F007090C9E0E9CBE4252DCF7
:10B7EC003546B0F91C30AB424ADCB0F92030AB42E4
:10B7FC0046DDB0F91E30534542DCB0F922305345DA
:10B80C003EDD069BAB4200F39180099BAB4240F3BB
:10B81C008D8090F853304FEAD90290F850E005999A
:10B82C0090ED167A8A5CB8FBF3FC03FB1C8C013B95
:10B83C0008F10108A3EB0C0313FB0EF3DBB21A4166
:10B84C0090F852301A4007EE902AF8EEE77AD0E9D9
:10B85C000F3267EE877A991AFCEEE77ACDED077A0C
:10B86C009DF81C3001FB03F3B24902EB531211405B
:10B87C0041EA114189B2FDF745FB90F850309944EB
:10B88C000135AC42ADD10AF1010AD345A6D1DDF8A0
:10B89C0020A004460D9F0A9BAAEB03050E9BDB1B05
:10B8AC0003FB05F5012D07DD013D2046C18EFDF79B
:10B8BC0029FB013DFAD10446E18E2046FDF7F2FB4F
:10B8CC00D4F8B8301BB1D4F8B420C3F88420637A10
:10B8DC00002B3FF482ADD4F88C30DA7C002A3FF494
:10B8EC007CADD60704D5986A4FF0E021C1F8000171
:10B8FC00950704D5D86A4FF0E021C1F80401500730
:10B90C0004D5186B4FF0E021C1F80801110704D5DC
:10B91C00586B4FF0E021C1F80C01D2067FF55DADFC
:10B92C009A6B4FF0E023C3F8102156E5C18EFDF75A
:10B93C00E9FAA5E7002B7FF7AFAE0C9AE146CDF8FC
:10B94C0054A0C2EBC2730D9DDDF840B013930F9F52
:10B95C00DDE906138A1A9A461492EA08059BE94314
:10B96C009A5C01F007010A41691C12F0010240F0D7
:10B97C009D809046079A25464C46B1460132CDF83B
:10B98C003C800D9102EB0803129707935346B5F9CF
:10B99C001E209A4203DCB5F922609E4261DC2646E9
:10B9AC000A944FF0000A069F1C46104603E092448E
:10B9BC001144D14536D9A9EB0A02202A28BF2022EE
:10B9CC00A042F4DCB5F922C0A445F0DD02F1FF3849
:10B9DC00012313FA08F8EAD05F45E8DC0598CDE9B5
:10B9EC000812FCF797FDDDE90812B5F91C30BB42D3
:10B9FC0009DCB5F92030BB4205DD10EA080F14BF95
:10BA0C00AB8EEB8E33805FEA580807F1010706F125
:10BA1C00020601D0BB45E8DA9244B5F91E00114488
:10BA2C00D145C8D823460A9C984203DCB5F922209C
:10BA3C009A422FDC01330798B5F92620834204EB98
:10BA4C004204A4D1129F4E46DDF83C80A1462C4600
:10BA5C000D46791EA1EB0807002F35DDDDF81CA083
:10BA6C007BE70C99069881422BDA139A04EB420679
:10BA7C000A46B5F91C10914202DCE98E26F8121028
:10BA8C0001329042F5D1149A0D9904EB4206B5F9A6
:10BA9C001E2085E75F45CDDC0E9AD21B06EB4202D9
:10BAAC00EF8E26F8027B9642FAD1C3E718460322A2
:10BABC00FCF730FD831C05F1040109D000F10108ED
:10BACC0058E726460D996BE7DDF854A0CC46E3E524
:10BADC000D46C3E7002B40F3DE800D9DDDF83C8066
:10BAEC00CDE912A7DDF81CA0EA08059BE9439A5C96
:10BAFC0001F007010A41691C12F0010240F0AC8010
:10BB0C0093460AF101070D91CDF83C8007EB0B032E
:10BB1C003A46CDF844B00A93B4F91E10514503DCF3
:10BB2C00B4F9223053456ADC4FF0000B069B0D9F95
:10BB3C00099204E01FF8E007AB445E453ED9A6EB42
:10BB4C000B05202D28BF20255145F5DCB4F922200A
:10BB5C005245F1DD05F1FF39012212FA09F2079283
:10BB6C0028D02A46394605980893FCF7D3FC23467F
:10BB7C008146DDF82080079C1846B0F91C20424510
:10BB8C000ADCB0F92020424506DD19EA040F14BF87
:10BB9C00818EC18EFDF7B6F9640808F10108ECD16D
:10BBAC00089B0446079A2033B0F91E10B2FA82F9AA
:10BBBC00A3EB0903AB442F445E45C0D85145099A09
:10BBCC0003DCB4F92210514505DC0A9B92469A42DB
:10BBDC0033D00132A0E710998B42F6DC03F1010A55
:10BBEC000E9B2046144603F101080AF1010AC18E8E
:10BBFC00FDF788F9C245F8D122460446E5E70C9BCF
:10BC0C000698834290DA814698461746204603E010
:10BC1C0008F10108C1450BD0B0F91C304345F7DCE5
:10BC2C00B0F920304345F3DDC18EFDF76BF9EFE73A
:10BC3C003A460446B0F91E1076E7DDF83C803D46E6
:10BC4C00DDF844B008F1FF32A2EB0B08B8F1000F9D
:10BC5C000DDDDDF828A047E703221846FCF75AFC57
:10BC6C00871C05F1040105D000F1010B49E7DDE962
:10BC7C0012A710E60D46CDF828A0EAE7D4F89420D8
:10BC8C00126EC4F8A0204BE5D4F88C00D4E9211234
:10BC9C00FCF77AFC3FE5079B0A93FCE5B0F97030A2
:10BCAC008B4252DDD0F860C02DE9F041846E88469D
:10BCBC009CF8083082B0DCF80470E61A9CF80A1084
:10BCCC00B0F96EE007EBC60490F8455094F90630D5
:10BCDC0003EB510313FB05E18A42019131DBE1785F
:10BCEC000B4405FB03E39A422BDA019937F8363003
:10BCFC00521ADCF800C02A449C4494F90530013AED
:10BD0C0092FBF5F290F84450B0F96C0015FB03036C
:10BD1C00A8EB0301A3782944013991FBF5F113FB3E
:10BD2C0002138022C3F3CC0103F007031CF80110AB
:10BD3C0042FA03F3194214BF0120002002B0BDE8FF
:10BD4C00F081002002B0BDE8F0810020704700BFF8
:10BD5C000D2900F03281036E1A7A8A4200F22D818D
:10BD6C002DE9F04F5C7A9DB08C42C0F023818C1A87
:10BD7C005D6805EBC40296781192D2780996002A78
:10BD8C0018BF002E139202D1202940F01381119F6D
:10BD9C009A7A97F9068090F8486008EB520897F960
:10BDAC0005C090F844B096B1099E0CEB0607B0F9AB
:10BDBC000A6007FB0B66B0F92670BE4207DD868968
:10BDCC0090F8457007FB02668681002646811B6849
:10BDDC008246189135F8341004930891C38E818EE5
:10BDEC00994200F0EB804189119B008B1C7908442F
:10BDFC00099B05B2634402959C4204FB0BF5B4BF4E
:10BE0C0003FB0B0343190CFB0B00BCF1000F00B23E
:10BE1C001BB20E90C0F2D6810F9002980E90BAF918
:10BE2C0020600E98864240F3C280BAF90C40BAF9F1
:10BE3C001A009AF9649004EB000E9AF84540BAF98E
:10BE4C0022001794039012FB04F009FB04E407464C
:10BE5C0004EB50040398A446059424B2A04240F38A
:10BE6C00A680BAF91C009842069000F3A0806744A3
:10BE7C00BAF91EC038B2844500F39980039FA8EB31
:10BE8C0052088742A8EB0908A8BF07469E42A8BFE4
:10BE9C001E46179B1997109618FB03F6BAF96E30CD
:10BEAC004FFA86F8734502D00023AAF870309AF83E
:10BEBC00DC30002B00F01783BAF9E8100E9B8B4294
:10BECC0002DA1946AAF8E830BAF9EC00844202DA30
:10BEDC002046AAF8EC40BAF9EA200E9B934202DD08
:10BEEC001A46AAF8EA30BAF9EE309C4202DD234633
:10BEFC00AAF8EE40109D0E9F8D421999B8BFAAF872
:10BF0C00E8508142B8BFAAF8EC1010999142199AE6
:10BF1C00C8BFAAF8EA109A42DAF8D830C8BFAAF813
:10BF2C00EE20BAF8262014FB027203EB4200814685
:10BF3C00B8F1000F00F0BE84059A731E109D0132FB
:10BF4C00029E52FA83F30FFA83F80AE00134BAF92D
:10BF5C00263024B200EB4300444500F03681BAF998
:10BF6C001EC06445F2DBBAF92230A342EEDDBD42BD
:10BF7C00ECDD3B46014604E00FFA8CF302319D42A6
:10BF8C00E4D0BAF91C2003F1010CB242B8BF32461E
:10BF9C009A42F1DCBAF970209A4204DD0A88BAF8A8
:10BFAC0072309A42E8D0BAF836300B80E4E7294474
:10BFBC00AAF80A101DB0BDE8F08F7047139B002B38
:10BFCC006DD01FFA88F843441FFA83F9099B002BA4
:10BFDC005AD000275B46CDF808908346C1463C46B4
:10BFEC00DDF82080E246099E0025780706D108F18D
:10BFFC000102049911F808401FFA82F8072E2AD979
:10C00C00FF2C28D19BF845200AEB05000092BBF8C9
:10C01C000C1012FB0912BBF80A1000FB0311BBF841
:10C02C00340012B2DB00019009B25846FDF74CFD0A
:10C03C0008221346F61A04FA02F21F4416F0FF0601
:10C04C00D4B200F0EF832B447807DDB29BF8443078
:10C05C00CDD0072ED4D8032E2FD904F0F002F02A1D
:10C06C0070D004F0E002E02A00F0858004F0C002F9
:10C07C00C02A4ED0220630D40135013E640001376F
:10C08C00EDB2F6B2E4B2B0E708F1010308F1020830
:10C09C009BB21FFA88F8994501D0C145F4D1002212
:10C0AC00BAF80A30AAF87020119A127902FB0B33F5
:10C0BC00AAF80A301DB0BDE8F08FD2D0012ED5D130
:10C0CC0021060AD409F10109029A1FFA89F94A4595
:10C0DC0075D064000137E4B285E7012B9BF845006D
:10C0EC00BBF80A10BBF80C20BBF834C001D10128F6
:10C0FC005BD010FB0922CDE9000C0AEB050012B253
:10C10C0000FB0311584609B2FDF7DEFC0122134671
:10C11C0090E79BF845200AEB05000092BBF80C1049
:10C12C0012FB0912BBF80A1000FB0311BBF8340018
:10C13C0012B25B00019009B25846FDF7C5FC022211
:10C14C00134677E79BF845200AEB05000092BBF8F5
:10C15C000C1012FB0912BBF80A1000FB0311BBF800
:10C16C00340012B29B00019009B25846FDF7ACFCAA
:10C17C00042213465EE79BF845200AEB050000926B
:10C18C00BBF80C1012FB0912BBF80A1000FB0311D0
:10C19C00BBF8340012B203EB4303019009B25846CA
:10C1AC00FDF792FC0322134644E751444A4463468C
:10C1BC005846294412B209B2FDF7D8FAA6E7DA4676
:10C1CC009B466CE700200F9029E68146139B002BC1
:10C1DC0000F0E780BAF92230434540F3E280179A29
:10C1EC00002A00F069830BF1FF330F9A0E9900249B
:10C1FC00DBB24E46159203F1010E531E1B915B1AD6
:10C20C00F146CDF814B09BB20133CDE90C44169332
:10C21C00179BCB460D9A43441A9434461BB20A938F
:10C22C00099BD318DBB20693531CDBB2129302F0BA
:10C23C000703149314E00D9B0C98089A0B93BAF90E
:10C24C00263008F1010804EB43040A9B0FFA88F826
:10C25C00984500F0DD80BAF92230434540F3A080C8
:10C26C00BAF91E304345E6DCDDE90E318B4280F233
:10C27C00E68022468946BAF91C00591C98420FDC0C
:10C28C00BAF9200098420BDDBAF97000984204DD2F
:10C29C001088BAF87230984202D0BAF8363013804F
:10C2AC000BB202329945E6D1169B159904EB430665
:10C2BC000F9B099A002A00F0BD80069A129D0B92E2
:10C2CC00149A002A66D1089A9C46511C0498AE46D2
:10C2DC00805C8AB20599002900F0AF82C1460792B2
:10C2EC00059A47B28046039402EB0C01324609B220
:10C2FC00BAF91C00984215DCBAF92000984211DDFD
:10C30C00002F29DB029898420CDCBAF97000984295
:10C31C0005DD10880446BAF87200844202D0BAF8DF
:10C32C0036001080013302321BB28B42E0D1069AE8
:10C33C00DC444FEA4800039C954206EB4B06C0B226
:10C34C000FFA8CF30FD001351EF0070FEDB207D1A9
:10C35C00079AC8469C46B8E7BAF834001080E1E763
:10C36C00AE469C46BCE7079AC8466146109F9F4262
:10C37C007FF765AF4B1C1BB2BAF91C50591C9D4280
:10C38C0002DCBAF8365035809F4206F102060BB239
:10C39C00F2DC54E7DDF848E09C460C98089A99E7E3
:10C3AC00A146199B434540F38380109C4E46DDF813
:10C3BC0038C0029D199F09E008F10108BAF926302E
:10C3CC000FFA88F806EB4306474571D0BAF91E30D0
:10C3DC004345F1DC6445EFDD6346314603E003B2CF
:10C3EC0002319C42E8D0BAF91C20581CAA42B8BFB2
:10C3FC002A469A42F3DCBAF970209A4204DD0A8884
:10C40C00BAF872309A42EAD0BAF836300B80E6E7C6
:10C41C0026461A9C139BD9460134A34200F036825F
:10C42C00BAF92230434540F331820B9B0892CDE997
:10C43C000C03EDE60D9A0C980B92089A96E71B9953
:10C44C0026460E9B35E700215046FCF791FADAF8A8
:10C45C00B8301BB1DAF8B420C3F884209AF809304C
:10C46C0033B3DAF88C30DA7C12B3D50704D5986A7A
:10C47C004FF0E021C1F80001940704D5D86A4FF0C1
:10C48C00E021C1F80401500704D5186B4FF0E021EE
:10C49C00C1F80801110704D5586B4FF0E021C1F821
:10C4AC000C01D20604D59A6B4FF0E023C3F810218F
:10C4BC00109BDAF83410BAF81820AAF87030BAF8D1
:10C4CC000A30CAF872101A4418999AF844B0CAF88B
:10C4DC006810AAF86C20BAF81A10BAF80C200A44A2
:10C4EC00AAF86E20E0E59AF80930002B40F0D681CE
:10C4FC00DAF8C030002B00F0CB81DAF8B8201AB192
:10C50C00DAF8B430C2F88830069D50460E9B2A21CA
:10C51C009D42B8BF1D46059B6445ACBF1F46674690
:10C52C00FCF790F9BAF87A30E91889B2FCF7EAFC12
:10C53C00BAF87A10109D0139294489B2FCF7E2FC53
:10C54C002B21FCF77FF9BAF87C30F91889B2FCF78B
:10C55C00D9FCBAF87C10199A0139114489B2FCF74C
:10C56C00D1FC2C21FCF76EF9B8F1000F36D0059BED
:10C57C0006F1FF380E9F2E46013353FA88F80FFA56
:10C58C0088F803E0013424B2444528D0BAF91E30AF
:10C59C00A342F7DCBAF92230A342F3DDBE42F1DD4F
:10C5AC003D4608E0BAF872105046FCF7ABFC01357A
:10C5BC002DB2AE42E6D0BAF91C302246AB42F6DCC4
:10C5CC0029465046FFF76AFB0028EBD1029BAB4291
:10C5DC00CCBFBAF87410BAF83610E5E7A046139B36
:10C5EC00002B00F0E7804FF0000E00214546F4468A
:10C5FC00DDE90E329342B8BF13460793BAF92230E5
:10C60C00AB4240F3D6809AF84530002B00F0CC803A
:10C61C00099A4FF00009A8460C9102EB0E07FAB2EA
:10C62C00CDE905CE039212E0DDE90557089E09F12C
:10C63C00010908F101025FFA89F90FFA82F84B45FA
:10C64C0040F2AD80BAF92210414540F3A880BAF906
:10C65C001E104145E8DCDDE90E3293421DDA1C4622
:10C66C00079D08E0BAF872105046FCF74BFC0134F9
:10C67C0024B2A54211D0BAF91C30A342F7DCBAF9A6
:10C68C0020304246A342F2DD21465046FFF706FB1E
:10C69C000028E7D1BAF83610E6E7099B002B00F02A
:10C6AC00BC80039F9AF84430059DCDF828901A461B
:10C6BC000B975746089EAA46DDE906B4D94609F100
:10C6CC00010E19F0070F5FFA8EF904D1711C049B4F
:10C6DC0013F806A08EB21AB34FF0000B4FFA8AF57E
:10C6EC00B7F91C30A34213DCB7F92030A3420FDD9D
:10C6FC00002D4ADB424621463846FFF7CFFA002888
:10C70C003CD0B7F872103846FCF7FCFB97F8442085
:10C71C000BF1010B01345FFA8BFB24B25A45DFD8C5
:10C72C00039B4FEA4A0C99455FFA8CFAC7D15546E0
:10C73C00DDF82890BA460B9F109BA3422CDDDDF848
:10C74C0040B008E0BAF872105046FCF7DBFB01343D
:10C75C0024B2A34520D0BAF91C304246214650469B
:10C76C00A342F4DCFFF79AFA0028EBD1029BA34218
:10C77C00CCBFBAF87410BAF83610E5E7029BA342A6
:10C78C00CCBFB7F87410F98EBDE7B98E3846FCF7FC
:10C79C00B9FB97F84420BBE79AF8453047E7AC461D
:10C7AC000C994546BE4608960131139B99427FF47D
:10C7BC0025AFA846199B43457FF745AE109D0E9EAD
:10C7CC00199F06E008F101080FFA88F847453FF475
:10C7DC003AAEBAF91E304345F4DCB542F2DD3446CC
:10C7EC0008E0BAF872105046FCF78CFB013424B206
:10C7FC00A542E7D0BAF91C304246A342F6DC2146EA
:10C80C005046FFF74BFA0028EBD1029BA342CCBF5A
:10C81C00BAF87410BAF83610E5E7DDE90674059D30
:10C82C00089E89E709F10109029B1FFA89F94B451A
:10C83C0050D09BF84430FFF7D6BB03930794069C6B
:10C84C006B1C87006146A542DBB202F1010915D0D1
:10C85C0005F1020E15F0070FF8B25FFA8EF505D14F
:10C86C0004991D46885C1FFA89F2E8E7069CA342EE
:10C87C0009D05F07E3D1039B079C26E54000039B8F
:10C88C00079CC0B272E5039B079C6FE5B14688E537
:10C89C00DAF894301B6ECAF8A0302EE6DAF88C0069
:10C8AC00DAE92112FBF770FEBAF91C30BAF91EC096
:10C8BC0006931DE6A04689E4179A139805E090426A
:10C8CC003FF46FAD43457FF76CAD511C023288428B
:10C8DC00F5D166E5DA469BF844B0FFF7E0BB00BF44
:10C8EC00837B2DE9F04104468AB017460D46002B98
:10C8FC0040F0B480C27B002A40F08780EFB1EE1983
:10C90C004FF000080DE0137EA18994F832200B44FF
:10C91C00A3812AB394F8333013B3638D6381AE4291
:10C92C000BD0E26C15F8013B5AB10A2BEBD019462F
:10C93C002046FEF771FBAE42F3D138460AB0BDE893
:10C94C00F081226EA2B10A2B0DD1927AA38994F8B0
:10C95C00451001FB0233A38194F83230002BD9D15E
:10C96C00A4F80A80DBE719462046FFF7F1F9D6E771
:10C97C000A2B65D00D2BD2D094F83210B4F90C20C0
:10C98C0094F8450061B194F8331049B1B4F92C1006
:10C99C00B4F930C06144A1EBC0018A4200F38D8030
:10C9AC00B4F90A10039094F844000290E08E0190C0
:10C9BC00A08E00902046FDF7D1FC94F844206389AA
:10C9CC0002EB420094F8481003EB40031BB2638166
:10C9DC000029A4D094F83210A2EB820200295CD07A
:10C9EC0094F83310002958D0B4F92A00B4F92E1059
:10C9FC00014401EB420199424FDAA38994F8452096
:10CA0C00608103EBC203A38189E70DF12602009339
:10CA1C00049209AA03920DF12202029208AA019231
:10CA2C00BAB2FEF71BFABDF8263033B1BDF822209E
:10CA3C0002EB5302A3899B1AA3810023E3815DE7D8
:10CA4C00A38994F8452003EBC203A38194F83230F8
:10CA5C00002B7FF45FAFA4F80A8060E70DF126028B
:10CA6C000023049209AA009303920DF12202029270
:10CA7C0008AA0192BAB2FEF7F1F9BDF82430E27BB4
:10CA8C0033B1BDF8201001EB530163895B1A63814C
:10CA9C00002AC8D10023E38130E7B4F9261001EB5A
:10CAAC0042029A42BFF63BAFA38994F8452003EBB0
:10CABC00C203A3810023638131E7C10020460793A1
:10CACC0001F0F801FDF7ECFBA28994F84500B4F9EC
:10CADC002A10A2EBC002079B618112B2A28161E70E
:10CAEC000368094A5B6800B5934283B04FF00102BA
:10CAFC008DF807100DF1070103D1FFF7F1FE03B01C
:10CB0C0000BD984703B000BDF1A5000038B50D4C31
:10CB1C0004F5287504F1400204F1800304F1A0002F
:10CB2C0044F8204C2262E03444F8803C002100F0B0
:10CB3C0053FBAC42EED1044A00200449BDE8384016
:10CB4C0003F0EABB60430020583C00207D620000EB
:10CB5C00F8B5437A04460F46002B40F0F680D4F823
:10CB6C00C030002B00F0FC80D4F8B8301BB1D4F8E6
:10CB7C00B420C3F8882036212046FBF763FE07F06B
:10CB8C000303022B84F8463000F02681032B00F0BF
:10CB9C00C880012B00F01581C0212046FCF7B0F9AC
:10CBAC00B4F88050B4F88230D4F8762043EA0543C8
:10CBBC00B4F98260C4F87A202DB21A46C4F8262043
:10CBCC004FEA234CD4F8B8200FFA83FEA4F87E70F9
:10CBDC001AB1D4F8B410C2F88410627A002A40F06A
:10CBEC00C580B4F91800B4F91A108219B042636107
:10CBFC004FF00003A8BF3046B242236101EB05039E
:10CC0C00A8BF3246A942A8BF2946AB4222EAE2722B
:10CC1C00A8BF2B460029D8BF002812B220EAE0702A
:10CC2C00D4BF0125002523EAE37321EAE1717245A3
:10CC3C0014BF002505F0010522841BB2A083E183FB
:10CC4C00634514BF002505F00105904218BF9942B9
:10CC5C0063840CBF0123002384F825506A4D84F8AB
:10CC6C00243002F0DFFB2B783BB1684B1B78DA07E2
:10CC7C0003D5674A674B12681B68B4F9266000231A
:10CC8C00B4F91010B4F91400B142B4F928E0B4F9B5
:10CC9C001220A8BF3146B042A361A8BF3046B4F9F8
:10CCAC001630724520EAE070A8BF724673452084A6
:10CCBC00A8BF73460029D8BF002A21EAE17122EAF5
:10CCCC00E272D4BF4FF0010C4FF0000C23EAE37377
:10CCDC00E283864214BF4FF0000C0CF0010CA183D0
:10CCEC0063849E4514BF4FF0000C0CF0010C814284
:10CCFC0018BF9A420CBF0123002384F825C084F886
:10CD0C00243002F08FFB2B783BB1404B1B78DB07B8
:10CD1C0003D53F4A3F4B12681B680023C4F80A3006
:10CD2C00F8BD60212046FCF7EBF8D4F8803094F87D
:10CD3C001111B4F87620A4F87C201A46B4F982506C
:10CD4C00B4F98060A4F87A1038E7D0F88C00D4E9F4
:10CD5C002112FBF719FCD4F8C030002B7FF404AF80
:10CD6C00D4F894301B6EC4F8A030FDE6D4F88C00D7
:10CD7C00C27C002A3FF435AFD10704D5816A4FF04D
:10CD8C00E027C7F80011970704D5C16A4FF0E027D8
:10CD9C00C7F80411510704D5016B4FF0E027C7F811
:10CDAC000811170704D5416B4FF0E027C7F80C1199
:10CDBC00D1067FF516AF816B4FF0E022C2F810114F
:10CDCC000FE7A0212046FCF79BF8B4F8781094F8F4
:10CDDC001021D4F88030AEE700212046FCF790F803
:10CDEC00B4F8805094F81021B4F88230A4F87A206A
:10CDFC0043EA054394F811212DB2B4F98260A4F8EA
:10CE0C007C201A46DAE600BFDE910020DD9100207E
:10CE1C00809100209891002070B582B004469DF856
:10CE2C00185000959DF81C500195FBF737FCB4F990
:10CE3C001830B4F926C000225D496345B4F9286066
:10CE4C00216003EB0C01B4F91A00A8BF6346D4F8B7
:10CE5C0026506145A4F81021A8BF6146C4F80A20E9
:10CE6C00B042E26421EAE17123EAE37CC4E90425DF
:10CE7C0000EB0602A8BF304609B2A4F81CC0B242AF
:10CE8C002184A8BF3246002BD8BF002820EAE070CE
:10CE9C0022EAE272D4BF01230023E08312B28C4554
:10CEAC0018BF904228B262840CBF4FF0010C4FF0B7
:10CEBC00000C884214BF002303F00103B2EB254F92
:10CECC004FF02A0040F2011103F0010318BF0023B8
:10CEDC004FF0FF32374D84F825304FF0F01384F8C3
:10CEEC0024C0C4F880300123207284F84830A4F8A0
:10CEFC004410626302F096FA2B781BB12E4B1B7810
:10CF0C00DA074FD4B4F926600023B4F91010B4F941
:10CF1C0014C0B142B4F928E0B4F91220A8BF3146CC
:10CF2C00B445A361A8BFB446B4F9163072452CEAD7
:10CF3C00EC7CA8BF72467345A4F820C0A8BF73460A
:10CF4C00002AD8BF002921EAE17122EAE272D4BF9B
:10CF5C000120002023EAE373E283664514BF00201E
:10CF6C0000F00100A18363849E4514BF002000F0F3
:10CF7C000100614518BF9A420CBF0123002384F8BD
:10CF8C00250084F8243002F04DFA2B783BB10A4B83
:10CF9C001B78DB0703D5094A094B12681B6820462E
:10CFAC0002B070BD054A064B12681B68AAE700BFA9
:10CFBC00CC240020DE910020DD9100208091002007
:10CFCC009891002070B516460D461A46002104466D
:10CFDC00FCF736FAA6F1F003F02DB3FA83F34FEA1F
:10CFEC00531340F0C680002B00F0C3804FF4A00216
:10CFFC000023C4F87620A4F8103170492046268509
:10D00C00E584A4F88060A4F88250FCF71DF923682D
:10D01C00002120461B699847B4F91830B4F9262032
:10D02C000021B4F928609342C4F80A10E16421612C
:10D03C0003EB0201B4F91A00A8BF13469142D4F8CD
:10D04C00265023EAE37CA8BF11468219B042A4F80B
:10D05C001CC021EAE1716561A8BF3046B24209B239
:10D06C00A8BF3246002BD8BF002820EAE0702184EC
:10D07C0022EAE272D4BF01230023E08312B28C4572
:10D08C0018BF904228B262840CBF4FF0010C4FF0D5
:10D09C00000C884214BF002303F00103B2EB254FB0
:10D0AC0040F201114FF0FF3203F0010318BF0023CF
:10D0BC00434D84F82530012384F824C084F848308B
:10D0CC00A4F84410626302F0ADF92B781BB13D4B10
:10D0DC001B78DA0758D4B4F926E00023B4F9101001
:10D0EC00B4F914C07145B4F92860B4F91220A8BF82
:10D0FC007146F445A361A8BFF446B4F91630B242A8
:10D10C002CEAEC7CA8BF3246B342A4F820C0A8BFDE
:10D11C003346002AD8BF002921EAE17122EAE272E3
:10D12C00D4BF0120002023EAE373E283E64514BF59
:10D13C00002000F00100A18363849E4214BF0020F4
:10D14C0000F00100614518BF9A420CBF0123002377
:10D15C0084F8250084F8243002F064F92B783BB174
:10D16C00184B1B78DB0703D5174A184B12681B6842
:10D17C0070BD872D0DD163B1154A42F63403C4F846
:10D18C007620A4F8103138E70F4A104B12681B6850
:10D19C00A1E7D6F5A07348BF0133C3F3470384F866
:10D1AC001131A4F87830D5F1F00348BF0133C3F343
:10D1BC00470384F81031A4F876301EE7D0210060C4
:10D1CC00DE910020DD9100208091002098910020BC
:10D1DC00350028000000000010B572B6DFF8C0C0A2
:10D1EC00BCF8002091B9036883B190F804E0BEF15B
:10D1FC000F0F0CD842FA0EF414F0010445D0264C53
:10D20C007444B3EB441F02D162B610BD002142FA44
:10D21C0001F3DB0707D501311029F8D162B60023E1
:10D22C000171036010BD01238B401A43ACF8002040
:10D23C0062B61A4A81F0030C0171D36F43F0C0033C
:10D24C00D367A2F5A03240F28243136002F58072DC
:10D25C00114B02F8E61CCB1802F8E21C02F8E81C91
:10D26C005B0102F8E11C9FED0A7B036083ED007B00
:10D27C0083ED027B83ED047B83ED067B1CF802308F
:10D28C0063F03F030CF8023010BD2146BFE700BF2E
:10D29C0000000000000000008074000200C00F407D
:10D2AC00B491002003790F2B11D8094A937672B6EA
:10D2BC000849012290F804C00B8802FA0CF223EA08
:10D2CC0002030B8062B610220023027103607047C8
:10D2DC0000800E40B4910020EFF3108272B6437FB1
:10D2EC0033B9017F012907D0032911D001234377DA
:10D2FC000AB962B670477047DFF868C0DCF80010F6
:10D30C00F9B1164943610B68086083615861EDE718
:10D31C0000B5DFF854E01249DEF800C0BCF1000F94
:10D32C0016D043610B68836158614FF0E0234FF0D6
:10D33C00805C0860C3F804CD0123437702B962B660
:10D34C0000BD064BCCF800001860C0E90511CDE714
:10D35C00C0E905CCCEF80000E7E700BF70880020DC
:10D36C0068880020648800206C88002070B5EFF37A
:10D37C00108272B60C4C206880B10C4E00254369AB
:10D38C00236073B19D6102B962B683684577984793
:10D39C00EFF3108272B620680028F0D102B962B6A1
:10D3AC0070BD3360EFE700BF6C88002068880020F8
:10D3BC00FFF7DCBF0449054A4968054B196013683F
:10D3CC0001331360704700BF001000E08091002013
:10D3DC007C910020704700BF704700BF704700BFB2
:10D3EC00704700BF70B51A4C1A4D2368AB4202D07F
:10D3FC00194AD16829BBA369AB4202D0164AD1693C
:10D40C00C9B9236BAB4202D0134AD16A69B9A36C78
:10D41C00AB4209D0104AD16B31B101211B680F48C6
:10D42C00D163BDE87040184770BD01211B680C48E2
:10D43C00D1629847EBE701211B680A48D1619847F4
:10D44C00DFE701211B6804F10800D1609847D2E79F
:10D45C00C04200204C240020004108401043002012
:10D46C00F8420020E042002038B5064CA4F16005DB
:10D47C0054F8083C2046183CDB689847AC42F7D17E
:10D48C0038BD00BF10430020036870B5164688B045
:10D49C00002B50D000229A600122DA60324C0546F3
:10D4AC0004A81C1951F8083B241102935B68984797
:10D4BC002E4904EB4403DB0003F10800CA58019326
:10D4CC000844D26800909047DDF808C0019B2749BA
:10D4DC00009841F803C02649DCF80830029104A9F1
:10D4EC009847029B04A8DB6898472B6803202149C6
:10D4FC001E6098602B7920480B550B784A78DFF822
:10D50C008CC09342C0F828C228BF13468878CA78CA
:10D51C00834228BF0346934228BF1346174C4FF053
:10D52C00E0214FF08060012284F87A30C1F80C01C0
:10D53C00104608B070BD124AD36E43F44053D36604
:10D54C000122104B1A60104A1346026040329C684C
:10D55C00002CA3D0103393420360F8D100231A4659
:10D56C000360104608B070BD00BFF7BFC04200207A
:10D57C004C2400204C3C00200040002000E400E043
:10D58C0000C00F400040084000410840F5B00000CA
:10D59C000268002A32D01A4B1A49D3181B1103EB1C
:10D5AC00430210B5D20082B00446019302F1080088
:10D5BC008B5808440092DB689847009A124811492E
:10D5CC00019B88500021226801209160D060FF20CF
:10D5DC000E4AD0541378507892F802C0834228BF78
:10D5EC000346D0780A4A634528BF6346834228BF66
:10D5FC00034682F87A30216002B010BD704700BF3C
:10D60C0000BFF7BFC04200204C2400204C3C00203F
:10D61C0000E400E0074B0020DFF824C0064A07496D
:10D62C00C3F800C0C3F818C0C3F830C0C3F848C072
:10D63C0002F072BEC0420020583C002079B10000BC
:10D64C004C240020A94AAA4B90422DE9F047A94C42
:10D65C00D3F814E09969D4F80CC000F2088103F1F6
:10D66C00437303F5F4530333A3FB0023DB0D03EBEC
:10D67C00830303EB830202F2B63240F227639A4231
:10D68C0028BF1A469C4BA3FB0232D208203A984D75
:10D69C000CF01F04D5F88030944243F0C003C5F859
:10D6AC0080300BD22CF01F0C924C4CEA020CC4F8BC
:10D6BC000CC02368002BFCDA0CF01F041EF0007366
:10D6CC0027D18E4D2E698E4DB54300F0FA8081F432
:10D6DC00805576464FF4805716F0605F06D02EF0DA
:10D6EC00605E4EEA030E824BC3F814E015F4405F03
:10D6FC0007D021F440517E4D3943A961AB6C1B0717
:10D70C00FCD44EF0007E7A49C1F814E08B6C9F0675
:10D71C00FCD47C49884200F2DF80012635460EE0BD
:10D72C00082D0CD1042E00F291800136022506FB47
:10D73C0000F38B4200F2C3805B008B4206D80135AC
:10D74C0006FB05F300FB03F38B42E9D9771E05F1C9
:10D75C00FF384FEA872A8EEA87276B4959186B4B9B
:10D76C0099427CD9DFF8E4916C2369486349B0FB9A
:10D77C00F5F0684DB0FBF6F00E6835404D4508D01D
:10D78C0043F400534FF480550D600B600B68002B75
:10D79C00FCDA57490B6903F00703434504D0C1F881
:10D7AC0010808B6CDE03FCD417F4E05F0BD02EF4EE
:10D7BC00E05E0AF4E0534E4943EA0E0EC1F814E061
:10D7CC008B6C9D07FCD4544D544945198D4239D866
:10D7DC00534BED09A3FB05352D0B6B1E1B028EEA7B
:10D7EC00030111F4407F07D02EF4407E03F4407304
:10D7FC003F4943EA0E034B613D494B6923F00073EB
:10D80C004B618B6C9B06FCD4464BA242A3FB0013D2
:10D81C004FF0FF314FEA9343B0FBF5F5B1FBF3F357
:10D82C004149086041490D6041490B6008D22CF018
:10D83C001F0C30494CEA0202CA600B68002BFCDA60
:10D84C00BDE8F0874FF440730425C8E7771E2E49D6
:10D85C004FF007084FEA872A59188EEA8727294B79
:10D86C0099421CD8DFF8E890362332487EE7324BD9
:10D87C00984201D80E220AE7304B984228D9304AF8
:10D88C00904227D9821A2F4B120AA3FB0232D209DB
:10D89C0002EB820202EB820202F2E242EDE6A3F11B
:10D8AC0082532948DFF8AC90A3F589337E3BA3FB68
:10D8BC0001310B0D03FB00F043EA090956E7012582
:10D8CC0044E71F468EF0C0560D464FF0C05303E799
:10D8DC000F22DCE61222DAE6012603464FF0000A9C
:10D8EC0077464FF00008354637E700BF001C4E0E58
:10D8FC0000C00F40000008401F85EB5100800D4018
:10D90C0040300080FFB19F26808D5B00FF7EF64D7E
:10D91C0000643F4D7F3001807FD1F0087F17B42C1D
:10D92C009F10E50083DE1B430437002000370020E6
:10D93C00F890002000B29F26FF0A6B1B00A4781FF2
:10D94C000046C32323B24C00001BB7006C200080A0
:10D95C00362000800020008000B970472DE9F84F78
:10D96C0001218146224C234E234D54E8003F32685E
:10D97C00286844E80013002BF7D120494B684FF47A
:10D98C007A7BDFF87CA01B1A01270BFB02F8DAF874
:10D99C000020A2FB03235B4594BF9844D84454E871
:10D9AC00003F3268286844E80073002BF7D14B68BD
:10D9BC00DAF800C01B1A0BFB02F2ACFB03C3B3F585
:10D9CC007A7F94BFD21802F57A72A2EB0802B2F5F4
:10D9DC007A7F08D3B9F1010F08F57A7809F1FF398C
:10D9EC00DDD1BDE8F88F01F01DFD0449D7E700BF7C
:10D9FC0084910020809100207C910020001000E098
:10DA0C00F890002010B50F4B4FF0010C0E4CDFF8C6
:10DA1C0044E053E8002F2068DEF8001043E800C211
:10DA2C00002AF6D1094B5B68094A5B1A4FF47A71EC
:10DA3C00126801FB00F0A2FB03238B4294BFC018B9
:10DA4C00401810BD8491002080910020001000E04F
:10DA5C00F89000207C910020362812D802010C4B43
:10DA6C0003EB00109B58C268D3F804C01CEA020FE9
:10DA7C0003D039B1C3F884207047836829B9054AAB
:10DA8C001A607047C3F888207047034A1A607047C1
:10DA9C00A42700203830010038F00100362831D896
:10DAAC0002011B4B012903EB00109B5800B55A686F
:10DABC00D0E902EC12D0042910D022EA0C025A60F0
:10DACC00C9B102291FD003294FF015020CBF114B0D
:10DADC00114BCEF8003043681A6000BD42EA0C02CC
:10DAEC0001295A6007D040F63803CEF8003043685D
:10DAFC0015221A6000BD38231522CEF80030436879
:10DB0C001A6000BD7047054BCEF80030EFE700BF40
:10DB1C00A4270020383001003800010038F0010043
:10DB2C0010B4134A0020134B0121134CDFF84CC0E6
:10DB3C00C2F8F032C2F8F402C2F8B810C2F8A00071
:10DB4C00C2F8A440C2F8B0105369DB07FCD5516190
:10DB5C009CF80030DB07EFD41368054943F0010350
:10DB6C0013600B68DB07FCD462B610BC704700BFB7
:10DB7C0000802A400504012401000F0000812A4086
:10DB8C0010B5DFF840E04FF6FF7C0C480EF17E0438
:10DB9C00A0F58053002203E0834202F1010203D27C
:10DBAC00198802336145F7D12EF8022FA64500F5EE
:10DBBC008050EDD1024B01221A7010BD00107C6018
:10DBCC00CE910020FA90002041F2BB03984238D845
:10DBDC001D4B10B51B7882B05BB382081B4BDFF872
:10DBEC0074C0A3FB0213D11A03EB510318495B0950
:10DBFC00C3EB831E1C46A2EB0E033CF813C0591852
:10DC0C004FEA4C0C0A030CEB013CBCEB013F15D961
:10DC1C0000F0030EFF204EEA840E134602321B88DE
:10DC2C00D9B21B0A8E4508BF18469445F5D802B0E8
:10DC3C0010BD0190FFF7A4FF0198CEE7FF2002B0C2
:10DC4C0010BDFF20704700BFCE910020054110048D
:10DC5C00C0070600FC90002030B583B072B6334B81
:10DC6C0040F20645324C9C610224DC610024C3F86E
:10DC7C00A040C3F8F0528518C3F8F442C3F8F84238
:10DC8C00C3F8FC424FF47024C3F8A4400124C3F839
:10DC9C00B04020F01F03BFF34F8F4FF0E024C4F8C7
:10DCAC005C3F20339D42FAD8BFF34F8FBFF36F8F89
:10DCBC001E4D6B69DC07FCD50123DFF87CC094B2E8
:10DCCC0020F07F406B6144F47024C5F8F0C242F23E
:10DCDC00012CC5F8F4C2C5F8BC30C5F8A000C5F8D5
:10DCEC00A440124CC5F8B03001E05B060AD463695D
:10DCFC0013F00105F9D04123636103B0BDE8304056
:10DD0C00FFF70EBF082A0DD842B10A48CDE9001220
:10DD1C0000F02CF9DDE9001211442A46034B402097
:10DD2C005861E4E7A2F108050822EEE700802A40DA
:10DD3C00F05AF05A80812A403204180800B5864601
:10DD4C0072B6294B02212948002298614FF47020A9
:10DD5C00D96140F20641C3F8F0120121C3F8F42254
:10DD6C00C3F8F822C3F8FC22C3F8A020204AC3F859
:10DD7C00A4000EEA0202C3F8B010BFF34F8F02F1F9
:10DD8C00200302F580514FF0E02C8B422CBF012177
:10DD9C00802102EB41118B42CCF85C2F1A4603F127
:10DDAC002003F8D1BFF34F8FBFF36F8F0E4A536927
:10DDBC00D907FCD501200F490F4B4FF4702C506143
:10DDCC000EEA0303C2F8F0120749C2F8A030C2F8F9
:10DDDC00A4C0C2F8B0004B69DB07FCD501235DF889
:10DDEC0004EB4B61FFF79CBE00802A40F05AF05ABE
:10DDFC0000F0FFFF2004180800F0FF0041F2BB0305
:10DE0C00984200F28E80484B2DE9F0471B78C2B047
:10DE1C000E460546002B00F08180AB08434F05F001
:10DE2C000305A7FB0327DA1B07EB5207404A7F09C0
:10DE3C0045EA8705C7EB8717DF1B3E4B32F81740C7
:10DE4C00FB1860004FEA033800EB0330B0EB033FE4
:10DE5C0068D94246FF21134602321B885FFA83FCC5
:10DE6C001B0AAC4508BF19468242F4D38E4244D0FB
:10DE7C00B4F5006F44D302AC4FF48072FF212046FE
:10DE8C0004F04CFB08F1020208F580532A48934237
:10DE9C0094BF01234FF40063424603EBC7231818C9
:10DEAC004000134602321B888242D9B24FEA132338
:10DEBC006354F6D10DF1070966550DF2071A0025CA
:10DECC004C464046FFF73AFF14F801CF02220DF101
:10DEDC00060108EB4500631EBCF1FF0FA3EB090321
:10DEEC0006D043EA0C230135ADF80630FFF7B4FE3B
:10DEFC005445E9D10E4B23F8175042B0BDE8F087DA
:10DF0C0002A945EA0625022201340D80FFF7A4FE82
:10DF1C00074B23F8174042B0BDE8F087FFF730FEFF
:10DF2C007BE77047FF21A1E7CE910020054110044B
:10DF3C00FC900020C007060000003E3062B170B5B6
:10DF4C0005460C468E182046013415F8011BFFF7C8
:10DF5C0055FFA642F7D170BD704700BF08B5F9F761
:10DF6C0013FBF9F7D1FA01F05DFAFAE7844641EABE
:10DF7C00000313F003036DD1403A41D351F8043B35
:10DF8C0040F8043B51F8043B40F8043B51F8043B87
:10DF9C0040F8043B51F8043B40F8043B51F8043B77
:10DFAC0040F8043B51F8043B40F8043B51F8043B67
:10DFBC0040F8043B51F8043B40F8043B51F8043B57
:10DFCC0040F8043B51F8043B40F8043B51F8043B47
:10DFDC0040F8043B51F8043B40F8043B51F8043B37
:10DFEC0040F8043B51F8043B40F8043B51F8043B27
:10DFFC0040F8043B51F8043B40F8043B403ABDD296
:10E00C00303211D351F8043B40F8043B51F8043B37
:10E01C0040F8043B51F8043B40F8043B51F8043BF6
:10E02C0040F8043B103AEDD20C3205D351F8043BC6
:10E03C0040F8043B043AF9D2043208D0D2071CBF92
:10E04C0011F8013B00F8013B01D30B8803806046BB
:10E05C00704700BF082A13D38B078DD010F0030331
:10E06C008AD0C3F10403D21ADB071CBF11F8013BA1
:10E07C0000F8013B80D331F8023B20F8023B7BE7F0
:10E08C00043AD9D3013A11F8013B00F8013BF9D21B
:10E09C000B7803704B7843708B78837060467047B5
:10E0AC0001F1FF3C70B566464FF0000E01E00EF139
:10E0BC00010EB0FBF2F402FB1403092B03F137053C
:10E0CC0098BF03F130059042204606F8015FEED26E
:10E0DC0001EB0E0300225A70BEF1000F11D0481C48
:10E0EC0070440CF102021CF8014F10F8015DA1EB19
:10E0FC000C03521A8CF80050013B047073449A4282
:10E10C00EFDB084670BD00BF72B6EFF30583524CCF
:10E11C00C4F884301EF0040F0CBFEFF30882EFF349
:10E12C0009824FF0E0234D4DD3F8280DD3F82C1D68
:10E13C00C4E92201D3F8341DD3F8383DC4E92413C3
:10E14C009369A83444F8103CD36944F80C3C00F0B3
:10E15C00CDF804ED020A01F095FA0B2344F8040CF7
:10E16C004FF0FF323E4844F8283C2B682021043500
:10E17C005A4042F30003013903EA000383EA5202D6
:10E18C00F7D1A542F1D1344BC3F8A820BFF34F8F80
:10E19C004FF0E0233149334AC3F8701FC3F8702F96
:10E1AC00BFF34F8FBFF36F8F2F4A02242F48D36ECC
:10E1BC002F4943F44053D3660460D3692D4823F0B0
:10E1CC007F0343F04003D3610B68834240D8274D53
:10E1DC0000204FF0E0234FF0FF3228600121C5F8FA
:10E1EC00080125480C460E46C5F80001C5F8081173
:10E1FC00C3F88021C3F88421C3F88821C3F88C218B
:10E20C00C3F8902101E000F071F9D5F80C31002B26
:10E21C00F9D04F2CC5F80C6104F10104F3D9174B5C
:10E22C00022017494FF00042C1F840015A63D5F85B
:10E23C000C313BB9134814490C4A0163D2F80C3128
:10E24C00002BFAD04FF0E023104AC3F80C2DFEE758
:10E25C00FFF7F8F9BBE700BF00FF272080FF27205E
:10E26C002083B8EDA0FF272000C00F4000400840DD
:10E27C0004370020803DCD0B009F240000900D4002
:10E28C0000002E4000800F40F100AD0B0400FA0599
:10E29C00094A08B50346106823B1034407498B4269
:10E2AC0001D8136008BD04F061FA0C2203464FF04C
:10E2BC00FF301A6008BD00BF543C0020000028202D
:10E2CC00002070474FF0FF30704700BF4FF40053F1
:10E2DC0000204B60704700BF012070474FF0FF30AB
:10E2EC00704700BF30BFFDE7FFF70EBF124AD2F8F0
:10E2FC0080305B07FBD5D2F880301048C3F30B237A
:10E30C000F4990ED007A07EE903A91ED006AB8EE65
:10E31C00477A0C4AF8EEE77A0B4BD2ED006A77EEAF
:10E32C00C77A93ED007AB8EE477A67EE867A87EE75
:10E33C00A60A37EE400A704700810D40E890002095
:10E34C00F0900020F4900020EC900020836B70B5CE
:10E35C0086460E4610461BB1536843F40043536087
:10E36C0072B6DEF8342042B31B4B1060D3F8B021E8
:10E37C0032421ED1194C656805E06268A2EB050CAF
:10E38C00BCF5166F0BD2D3F8402142F48042C3F88F
:10E39C004021D3F8B811D3F840215204EDD53140C7
:10E3AC0007D10D4ACEE90201D2F8B0313343C2F89D
:10E3BC00B031CEF8340062B670BD0749CEE9020226
:10E3CC00D1F8B0313343C1F8B031CEF83000CEF8CB
:10E3DC00340062B670BD00BF00002E40001000E09B
:10E3EC0070B5056B95B12B46002403E01B68013416
:10E3FC00012B0CD05A681206F8D5036306462CB1D3
:10E40C002846B36B2D689847013CF9D170BD0022AA
:10E41C000023C0E90C23F1E700B501BBDFF8A0C075
:10E42C00234B0021234A4FF0010E4FF0011099604D
:10E43C00C3F800E0CCE902314FF0800CC3F804C003
:10E44C00C2F8BC01D2F8B0311B4843EA0E03C2F843
:10E45C00B0310160D2F8B031002BFBD100BD090402
:10E46C00164BDFF85CC04FF0010E41F08001986054
:10E47C00104A596000F58051C3F800E0D96000F5EE
:10E48C000051CCF84830196100F5405100F580403E
:10E49C00596100219861CCF84C10D2F8B03143F49A
:10E4AC008033C2F8B031D2F8B031002BFBD1B7E7D2
:10E4BC00E045002000002E40709000200046002017
:10E4CC0000000020074901220B78824023EA020356
:10E4DC000B7033B9044AD2F8483123F08003C2F8E8
:10E4EC0048317047D891002000002E402DE9F047AC
:10E4FC00A64C82B0D4F84461F107C4F844614CD501
:10E50C00D4F8AC31002B43D0A14DA24FDFF8B88228
:10E51C00C4F8AC31D5E90A20D4F8403143F40053A7
:10E52C00C4F84031D4F840319B04F5D5D4F84031CF
:10E53C004FF0011123F40053C4F84031C4F8B41166
:10E54C00D4F8B43113F00113FAD191B284463B6084
:10E55C00B1F5086F00F03A8100F2958040F2023E6E
:10E56C00714500F0928100F2A480822900F0E181D3
:10E57C00B1F5817F00F0B381802940F09580864809
:10E58C0002210380FFF748FFD4F8AC31002BBFD138
:10E59C007E4AD2F8BC31002B42D1720616D57B4B89
:10E5AC00D3F8AC21C3F8AC21D3F8BC21C3F8BC21FF
:10E5BC00D3F8B041002CFBD14FF0FF32C3F8B4219B
:10E5CC00D3F8843100F036FD744B1C60F40103D594
:10E5DC00734B1B6803B19847B00103D5714B1B6893
:10E5EC0003B19847710708D5684BD3F8843113F4FD
:10E5FC00007345D06C4B01221A70644BD3F8483130
:10E60C001A060AD5330608D5684A13782BB1013B94
:10E61C00DBB21370002B00F06D8202B0BDE8F08706
:10E62C005C49C2F8BC310868034240F098815B4AEF
:10E63C0012681340B1D01C0C554D1FFA83F810D042
:10E64C0094FAA4F7B7FA87F705EBC7104030FFF739
:10E65C00C7FE012303FA07F7BC43F1D1B8F1000F51
:10E66C009BD0012798FAA8F4B4FA84F405EBC410F3
:10E67C0007FA04F4FFF7B4FE38EA0408F2D18CE789
:10E68C00494A1370B9E742F2212E71455AD049D844
:10E69C00B1F5106F00F0A28042F2210C614503D15C
:10E6AC00010C072900F08C814FF00113C4F8C03124
:10E6BC006AE7B1F5A06F00F0CA80A1F5D06101291D
:10E6CC00F2D83B4B59680029EED01FFA8CFE120C85
:10E6DC0003E019690C330029E6D0B3F800C0944567
:10E6EC00F7D1B3F802C0F445F3D14FEA122C000C69
:10E6FC00BCF1030F00F0CB811B89834228BF03467A
:10E70C00B2F5007F9A4640F09A81274B1B78002B7C
:10E71C0040F0EE81274952462748DFF89C90FFF7DE
:10E72C0025FC9EE142F22133994214D04FF6C003EE
:10E73C009942B9D183B2FF2BB6D843F46E4363F33D
:10E74C000F0CBEE780B230B91C4B120C19681C4B75
:10E75C0019601C4B1A700023C5F84880EB64C8F88C
:10E76C0008300123C8F800308023C8F804304FF07B
:10E77C000113C4F8BC31D4F8B03143F48033C4F87D
:10E78C00B031D4F8B031002BFBD1FDE600002E40A7
:10E79C000000002070900020AC90002074900020AD
:10E7AC009C910020A0910020DF910020E09100209E
:10E7BC005030002028220060000020208091002092
:10E7CC0098910020DD910020E0450020B34B012101
:10E7DC00B3481B780370FFF71FFED5E6AF49120C48
:10E7EC0001930A70AF4AC4F8C821AF4AC4F8CC21CF
:10E7FC00AE4AC4F8D02100F01FFC80220199AC482D
:10E80C0003F08CFEAB498022019BA9644A60AA4AA2
:10E81C00EB64C5F8A02002F13C428B6002F56C223F
:10E82C0002F56F72C5F8E02001220A604FF0011268
:10E83C00C4F8BC21D4F8B02142F48032C4F8B02121
:10E84C009E4A3B60D2F8B031002BFBD19CE6994933
:10E85C00EB648B600123A9640B6080234B604FF049
:10E86C0001139649C4F8BC31D4F8B03143F4803369
:10E87C00C4F8B031D1F8B031002BFBD1130C5B06CE
:10E88C0043F08073C1F854317EE610F0780F7FF4BA
:10E89C000BAF00F07F028A4B000653F822104CBFDE
:10E8AC0041F4803141F0010143F822100021814BE9
:10E8BC00E96499600121AB64196080217F4A596039
:10E8CC004FF00113C2F8BC31D2F8B03143F48033AD
:10E8DC00C2F8B031D2F8B031002BFBD154E610F0B5
:10E8EC00780F7FF4E1AE00F07F02754B000653F811
:10E8FC0022104CBF21F4803121F0010143F8221089
:10E90C0000216C4BE96499600121AB641960802192
:10E91C006A4A59604FF00113C2F8BC31D2F8B031D9
:10E92C0043F48033C2F8B031D2F8B031002BFBD1B4
:10E93C002AE610F078037FF4B7AE00F07F01604A4E
:10E94C00000652F82110564A138036D5C90301D55A
:10E95C000123137002215248FFF75EFD14E60020DC
:10E96C00086058490C88486842F221018C427FF4B7
:10E97C005EAE80B200287FF45AAE5349534C03C9A3
:10E98C00A18086284FEA11412060A1717FF44FAE1F
:10E99C0072B64F48017841F008010170D2F8481165
:10E9AC000D0605D480200143C2F84401C2F8481179
:10E9BC0062B6484A5021117039E6CB07CAD5C7E771
:10E9CC004049EB60444BC1E900200122AB601A6066
:10E9DC00424A5A603C4A9A60D4F8B01141F00101A5
:10E9EC00C4F8B01102F58051D96002F500511961DB
:10E9FC0002F5405102F5804259619A612F4AD2F8D2
:10EA0C00B031002BFBD12B49EB648B600123A96443
:10EA1C000B6048F280034B604FF00113C2F8BC311D
:10EA2C00D2F8B03143F48033C2F8B0314FF48033B4
:10EA3C00224A3B60D2F8B031002BFBD1A4E5B2F5F1
:10EA4C00E06F7FF468AE264B1B78002B4ED1254926
:10EA5C00DFF8949052464846FFF788FA072389F866
:10EA6C00013029F01F0309EB0A02BFF34F8F4FF05F
:10EA7C00E021C1F8703F20339A42FAD8BFF34F8F90
:10EA8C00BFF36F8F18485146FFF7C6FC7CE50B7837
:10EA9C00834228BF03469A463DE600BFDE91002024
:10EAAC00AC9000200200CC00C80002000200C8009C
:10EABC0080000020E04500205DCFC6B800002E404D
:10EACC00C0012E40B8470020689000209091002093
:10EADC00D8910020E0910020004600208000070023
:10EAEC00DF9100208C220060000020200449AFE759
:10EAFC00044910E60320FFF7E5FC0AF035FC00BFE3
:10EB0C00282200608C2200602DE9F043841E83B023
:10EB1C00022C02D903B0BDE8F083124D90460F468B
:10EB2C00C60105EBC0143C2200210190201D994622
:10EB3C0003F0F4FCB8FA88F23904520941EA427144
:10EB4C000122A951C4F83890A260B9F1000FE1D0AC
:10EB5C000549019B9A400B681A430A6003B0BDE853
:10EB6C00F08300BF00000020749000202DE9F043DA
:10EB7C00A0F1020E83B0BEF1020F02D903B0BDE8C2
:10EB8C00F0839146C201124F884602F140060546B9
:10EB9C003C220021F4190193201D03F0BFFCB9FAAB
:10EBAC0089FC4FEA0842019B4FEA5C1C42EA4C721A
:10EBBC00BA510122A363A260002BDFD0054905F1F5
:10EBCC0010000B6882401A430A6003B0BDE8F08362
:10EBDC00000000207490002012044FF0010C8160A2
:10EBEC0042F08002C0F800C0C36101F5805C01F501
:10EBFC004053426001F5005201F58041C0F80CC051
:10EC0C008161C0E904237047831E022B00D9704731
:10EC1C0000F1100C064B0A4603EBC01000B54FF088
:10EC2C00010E0EFA0CF15DF804EBFFF78FBB00BF81
:10EC3C0040000020831E022B00D970474FF0010CBE
:10EC4C00034B0A460CFA00F103EBC010FFF77EBB36
:10EC5C000000002040687047144B0A22DFF850C0B7
:10EC6C00D3F8200220F07F4000EB800300B55B005E
:10EC7C0085B0604538BF18466946FFF711FADFF8D2
:10EC8C0034C06B460022604619780132013341B121
:10EC9C000A2A20F8021FF7D116228CF8002005B0A2
:10ECAC0000BD52008CF8002005B000BD00441F4090
:10ECBC0080969800B03F002070B5164D4FF0E024C0
:10ECCC0015494FF40032154E05EB401582B001EB9F
:10ECDC004021C4F88C210346328828460191FFF765
:10ECEC007BFF019933880B44BFF34F8FC4F85C1F33
:10ECFC0020318B42FAD8BFF34F8FBFF36F8F0320B5
:10ED0C002946FFF797FF4FF40033C4F80C3102B0DB
:10ED1C0070BD00BF2046002080002020B69100204E
:10ED2C00264B1A884368C3F30E43D21A002AF0B557
:10ED3C00C46983B028DD2248224D01782D78CBB2EE
:10ED4C00DFF894C0A942204D09D01CF803100F46DF
:10ED5C0035F811100E46C1F500718A421AD90133EB
:10ED6C00002125F81420082B184D88BF0B4625F8D8
:10ED7C00141098BF19460CF80340154B0170196814
:10ED8C000A441A6003B0F0BD204603B0BDE8F04061
:10ED9C00FFF792BF0F4906EB47200192084401EBA5
:10EDAC004421FFF7E3F8019A09492046B31825F8E6
:10EDBC0017300B6813440B60E7E700BFB6910020D7
:10EDCC00D6910020D7910020BC900020CC90002040
:10EDDC00B890002080002020DC900020224B1A7874
:10EDEC00002A3FD102F0FF03204A1278002A39D0C2
:10EDFC001F4A1288002A35D01E49C2F5006210B590
:10EE0C00087884B01C4901EB40141C4901EBC0216B
:10EE1C002046CDE902230191FFF7DEFEDDE9011268
:10EE2C000A44BFF34F8F4FF0E020039BC0F8701FD4
:10EE3C0020318A42FAD80193BFF34F8FBFF36F8F03
:10EE4C0004202146FFF7E0FE0A480021084B027817
:10EE5C0019800132019BD2B2032A98BF134603706A
:10EE6C0004B010BD704700BFDC910020DE91002083
:10EE7C00B8910020DB91002020470020801020203A
:10EE8C002DE9F04F87B00490002900F0BF800023DB
:10EE9C005F4C604F4FF00109DFF890A15E4E02937A
:10EEAC0003915E4B5E4A1D783B8802EB451284F859
:10EEBC0000900192002B40F0A58098461D469B4681
:10EECC000198FFF7C7FE10F0800000F08B80BFF3B5
:10EEDC004F8F9AF8003084F800B00DB9D6F8008046
:10EEEC00002B7BD13368A3EB0803782B00F28380D3
:10EEFC004C4B1B78002B71D000F094FA3B88012509
:10EF0C0084F80090002BDBD044491A46C3F500600E
:10EF1C000D78039900EBC520DFF814B191425844E9
:10EF2C0017D20593DDE903210192FFF71FF8019A2F
:10EF3C004FF04041059B9B1A3B803B4BC3F8841020
:10EF4C00BFF34F8F029800231044237007B0BDE825
:10EF5C00F08F0499FFF70AF800230BEBC5214FF44F
:10EF6C0000620198FFF738FE0BEBC521BFF34F8F02
:10EF7C0001F1200201F50063934294BF0123402369
:10EF8C004FF0E02201EB4313C2F8701F20318B428B
:10EF9C00FAD1BFF34F8FBFF36F8F04200199FFF7A6
:10EFAC0033FE1E4A13780133DBB2042B28BF002337
:10EFBC0013703B88039AD11A029A1A440391029255
:10EFCC00049A1A4400230492174A3B80C2F88430F6
:10EFDC00BFF34F8F237000297FF463AF029807B003
:10EFEC00BDE8F08F4FF400620C4B8AF800001D78DE
:10EFFC0013463A808DE7012302988AF8003007B057
:10F00C00BDE8F08F1A46C3F5006082E70846E6E7D4
:10F01C00DC910020B891002080910020DB91002031
:10F02C0020470020DE91002000002E40DA910020C5
:10F03C0080102020704700BF2D4B002180222D48CE
:10F04C0070B51B7800242C4E8B420CBF40234FF420
:10F05C0000732A4D33802B8003F060FA284A214636
:10F06C00284B14704FF4807227481C8003F056FA1A
:10F07C00264A1021264B0220C2E90044C2E9024470
:10F08C00244AC3E900441470234AC3E90244234BC5
:10F09C001C70234614602246FFF768FD204B224665
:10F0AC0031880320FFF730FD2346012229880420F4
:10F0BC00FFF75CFD20460134FFF7FEFD082CF9D16B
:10F0CC00184B00214A221848184C0460C3F88410CD
:10F0DC00C3F88020D3F84821154942F08072C3F858
:10F0EC00482121B1134A137843F00103137070BD0A
:10F0FC00DF91002020470020B6910020BA9100201B
:10F10C00DB910020B891002020460020BC9000200C
:10F11C00CC900020D6910020B8900020D7910020F0
:10F12C0031CA000000002E409C910020EDCA000066
:10F13C0000000000E19100202DE9F84F4FF400325F
:10F14C004FF0E023C3F88C212B4B1C78002950D0B6
:10F15C0082468B46E4B20027DFF8B490274B50462A
:10F16C00274AABEB07081B78A34204F1010437D004
:10F17C00092C244B244928BF00241E5D39F8163075
:10F18C0031F8165003EB4621ED1A1144A8452A46D6
:10F19C0017D21E4C42465046FEF7E8FE236839F85B
:10F1AC0016105846A3EB0B0388443B4429F81680F1
:10F1BC0023604FF0E0234FF40032C3F80C21BDE87C
:10F1CC00F88FFEF7D3FE114A2F4430461368AA4439
:10F1DC005B1B1360084A1470FFF76EFDBB45BDD86E
:10F1EC004FF0E0234FF400323846C3F80C21BDE851
:10F1FC00F88F0846DDE700BFD7910020D69100209C
:10F20C0080002020DC900020BC900020B8900020D2
:10F21C00CC9000200B4B0C4A12781978D3B28A424E
:10F22C000DD0013309480A4A092B0A4928BF00238B
:10F23C00C35C31F8131002EB4323585C70474FF05A
:10F24C00FF307047D6910020D7910020DC90002031
:10F25C0080002020CC900020054B186800B170472E
:10F26C0000B583B0019000F0DDF8019803B000BD4B
:10F27C00B89000202DE9F84F144E154D33782A78AC
:10F28C00934220D0DCB2DFF85090DFF850B0DFF8BA
:10F29C005080104F0134082CA24601D90024A246FC
:10F2AC0019F80400DBF8003038F8102037F810108B
:10F2BC00521A9B1ACBF80030FFF7FEFC86F800A020
:10F2CC002B78A342E6D1BDE8F88F00BFD791002080
:10F2DC00D6910020CC900020DC900020B89000202B
:10F2EC00BC90002000B583B001210DF10700FFF7A1
:10F2FC0023FF18B19DF8070003B000BD4FF0FF309D
:10F30C00FAE700BF084B00B583B01B788DF80700F7
:10F31C0033B101210DF10700FFF7B2FD03B000BDC1
:10F32C0003F0FF0003B000BDDE910020034B1B78FF
:10F33C000BB1FFF7A5BD03F0FF007047DE91002075
:10F34C002DE9F04100240D4E01230D4DA0460D4F2B
:10F35C0033703B782846A34205D0FFF77BFC0306AD
:10F36C0058BF08F5006801342035042CF1D1BFF3E7
:10F37C004F8F002340463370BDE8F081DC910020B4
:10F38C0020470020DB910020204B1B7813B1204B31
:10F39C001A8802B970471F4BC2F500621E481F49FC
:10F3AC0030B51B7883B01E4C00EB431001EBC3212E
:10F3BC000123054623700023CDE90012FFF70CFC56
:10F3CC00DDE900120A44BFF34F8F4FF0E023C3F87E
:10F3DC00701F20318A42FAD8BFF34F8FBFF36F8F63
:10F3EC0004202946FFF710FC0A49002208480B7834
:10F3FC0002800133DBB2042B28BF13460B70BFF322
:10F40C004F8F074B1A7003B030BD00BFDE91002048
:10F41C00B8910020DB910020204700208010202094
:10F42C00DC9100202E4B2DE9F0411E7886B1DFF8DF
:10F43C00C88098F800305BB90123F10788F80030D8
:10F44C0040D4B20727D4002388F80030730701D4C6
:10F45C00BDE8F081234B1A68002AF9D0EFF305823E
:10F46C00002AF5D1EFF3108572B61868002830D059
:10F47C001D4C217800292CD10122227042691A607E
:10F48C00002A2AD0916105B962B6002583684577B8
:10F49C0098472570DCE7154B1B78002BD3D0144F05
:10F4AC00002557F8044F236820461B69984710B174
:10F4BC0063699B6898470D4B01351A78EBB29A42F9
:10F4CC00EFD8C0E7FFF7C8FE0028BAD0AFF3008032
:10F4DC00B7E7002DBCD162B6BAE7064B1A60D2E78B
:10F4EC00E191002064880020C2910020C39100208B
:10F4FC001C43002070880020C69100200846FFF7AE
:10F50C0001BF00BF044B022888BF0346D3F800C0DC
:10F51C001846DCF8043018472838002010B50023B2
:10F52C004FF470440F224FF4806EA0F88C411946B2
:10F53C00A0F88E214FF46044A0F890310A46B0F840
:10F54C00883148F2B82C43F0F003A0F8883101EB75
:10F55C004103013100EB431304299C80A3F806E01E
:10F56C005A841A865A805A81A3F80EC05A82DA82BB
:10F57C005A83DA83EBD1B0F8883143F00F03A0F84B
:10F58C008831B0F8883143F47063A0F8883110BD2D
:10F59C00374B384A996F384841F47F0170B59967F9
:10F5AC0041F20106D3F8801045F6C05543F226040B
:10F5BC000A43C3F88020FFF7B1FF00F58040FFF746
:10F5CC00ADFF00F58040FFF7A9FF00F58040FFF785
:10F5DC00A5FF0022A0F503104FF00F0E114600EB13
:10F5EC0042134FEA421C01329981042A5981A3F833
:10F5FC000EE09E82DD8020F80C1019829C81EED1E9
:10F60C0000221E484FF00F0E41F20106114645F63E
:10F61C00C05543F2260400EB42134FEA421C013260
:10F62C009981042A5981A3F80EE09E82DD8020F88E
:10F63C000C1019829C81EED1002211480F2641F248
:10F64C000105114645F6C05443F2260E00EB421359
:10F65C004FEA421C01329981042A5981DE819D8234
:10F66C00DC8020F80C101982A3F80CE0EED170BDF0
:10F67C0000C00F40000003FC00C03D4000001E40D5
:10F68C0000401E40074A506A936A19468446506AE5
:10F69C00936A9942F9D18445F7D1DB0B43EA404098
:10F6AC00704700BF00400D4008B5D0E900325BB197
:10F6BC00BAB10F4BA3FB0213DB0803EB4303B2EB12
:10F6CC0083030AD1012008BD094BA3FB0213DB08FD
:10F6DC0003EB4303B2EB830301D0D21A4260F02A4E
:10F6EC00F0D803F043F81C22034600201A6008BD32
:10F6FC00ABAAAAAA30B583B060B3044621B11D46AB
:10F70C00B2FA82F35B09A2B9206818B362680AB333
:10F71C00164B174902FB03F3B1EBB30F1AD3A368D3
:10F72C00FBB9002323606360A360E360012003B096
:10F73C0030BD0193069BC0E90012C360FFF7B4FF14
:10F74C0060B1002DF2D0626801992068A56002F0CA
:10F75C00E5FEEBE703F00AF816230360002003B084
:10F76C0030BD002102F0DAFEDBE700BFABAAAAAA8B
:10F77C0055555515FFF77EBDFFF74CBDFFF7B2BDD4
:10F78C00FFF76ABDFFF700BEFFF7DABD084611466A
:10F79C00FFF7CCBD00F0D2BA10B510EE102AC2F3B0
:10F7AC000A53B3F57D7FB7EEC06A84B01BD226EE48
:10F7BC00067BB3F5667F6CD326EE072B27EE021B78
:10F7CC00714B93ED1A3B93ED185B93ED164BA7EE33
:10F7DC00035BA2EE046BB0EE460BA5EE010BB7EE8D
:10F7EC00C00B04B010BD40F22E418B4259D8664A72
:10F7FC0092ED087B26EE077BFDEEC77B92ED0A5B54
:10F80C0017EE903A03F500031B16990707EE903A92
:10F81C0054BF114602F17001DC07B8EEE77BA7EE8E
:10F82C00456B26EE067B1DD403F0030302EBC302EB
:10F83C0091ED185B92ED000B91ED1A3B26EE000B4F
:10F84C00B0EE456B91ED164BA7EE036B20EE075B0C
:10F85C0027EE057BA5EE040BA6EE070BB7EEC00B4F
:10F86C0004B010BD91ED144B27EE075B91ED126BBC
:10F87C0091ED0E2BA7EE046B27EE054B91ED0C0BC7
:10F88C0091ED103BA7EE020BA5EE030BA6EE040BBD
:10F89C00E4E712F0FF4FE3D1B7EEC77B8DED037AAF
:10F8AC00DEE7B3F5FF6F4CD2C2F38361374B8DEDBE
:10F8BC00010A03EB810C53F82110C2F31603C2F3B7
:10F8CC00C25043F400038340DCF82000DCF810C085
:10F8DC0003FB01F1A3FB00E0E3FB0C0101F100537E
:10F8EC009C0F03F04043C91A00F0AAFE019A9FED49
:10F8FC00246B04EBD27241EC170B900754BF224BD4
:10F90C00234B27EE067BE10727EE076B1ED41E491F
:10F91C0001EBC20293ED185B93ED1A3B92ED000BD9
:10F92C0093ED164B27EE000BB0EE457B20EE065BFD
:10F93C00A6EE037BA5EE040B26EE056BA7EE060BDD
:10F94C008CE704B0BDE8104000F046B993ED144BC1
:10F95C0026EE065B93ED127B93ED0E2BA6EE047B4D
:10F96C0026EE054B93ED0C0B93ED103BA6EE020B24
:10F97C00A5EE030BA7EE040B70E700BFAFF30080FE
:10F98C00182D4454FB21193C700300200026002044
:10F99C00E00300200000000010EE102AC2F30A530E
:10F9AC00B3F57D7FB7EEC07A1ED2B3F5667F72D306
:10F9BC0027EE077B27EE071B734B93ED142B93ED70
:10F9CC00125B93ED0E3BA7EE025B27EE012B93ED42
:10F9DC000C6B93ED104BA7EE036BA1EE046BA5EE35
:10F9EC00026BB7EEC60B704740F22E418B4255D8D6
:10F9FC00654A92ED086B27EE066BFDEEC66B92ED39
:10FA0C000A5B16EE903A03F500031B16990706EEF7
:10FA1C00903A54BF114602F17001D807B8EEE66B6C
:10FA2C00A6EE457B27EE076B1CD503F0030302EB18
:10FA3C00C30291ED185B92ED000B91ED1A3B27EE92
:10FA4C00000BB0EE457B91ED164BA6EE037B20EE42
:10FA5C00065B26EE056BA5EE040BA7EE060BB7EEC8
:10FA6C00C00B704791ED144B26EE065B91ED127BAB
:10FA7C0091ED0E2BA6EE047B26EE054B91ED0C0BB7
:10FA8C0091ED103BA6EE020BA5EE030BA7EE040BBB
:10FA9C00B7EEC00B7047B7EE000A7047B3F5FF6FB7
:10FAAC0053D2C2F38361394B03EB810C53F8211011
:10FABC00C2F31603C2F3C25043F4000310B58340E3
:10FACC00DCF82000DCF810C003FB01F1A3FB00E024
:10FADC00E3FB0C0101F1005382B09C0F03F0404397
:10FAEC00C91A8DED010A00F0ABFD019A9FED246B54
:10FAFC0004EBD27241EC170B900754BF224B244BF2
:10FB0C0027EE067BE10727EE076B20D51E4902F096
:10FB1C00030201EBC20293ED185B92ED000B93ED27
:10FB2C001A3B27EE000BB0EE457B93ED164BA6EE81
:10FB3C00037B20EE065B26EE056BA5EE040BA7EE11
:10FB4C00060BB7EEC00B02B010BD00F045B893ED3C
:10FB5C00144B26EE065B93ED127B93ED0E2BA6EE6B
:10FB6C00047B26EE054B93ED0C0B93ED103BA6EEB0
:10FB7C00020BA5EE030BA7EE040BE2E7AFF300803C
:10FB8C00182D4454FB21193C700300200026002042
:10FB9C00E003002010B582B08DED010A044602F09E
:10FBAC00E5FD9DED010A046002B010BD30B1F1EE2F
:10FBBC00407A27EE800A2220FFF7ECBFF0EE407A65
:10FBCC0027EE800A2220FFF7E5BF00BF9FED010A58
:10FBDC00FFF7ECBF0000007070EE407AB4EE400A04
:10FBEC0087EEA77AF1EE10FAB0EE470A02D6212082
:10FBFC00FFF7D0BF704700BF00B52DED028BB0EE04
:10FC0C00408A83B000F03CF9B4EE488AF1EE10FA69
:10FC1C0006D6DFED0C7AB4EEE78AF1EE10FA03D4D7
:10FC2C0003B0BDEC028B00BDCDED017A02F09EFD60
:10FC3C00DDED017A87EEA70A2123036003B0BDEC4A
:10FC4C00028B00BD0000000010EE103A23F00042C1
:10FC5C00B2F1FF4FF0EE407A0DD3002B334BD3EDC6
:10FC6C00006A93ED007A86EEA70AACBF30EE070A65
:10FC7C0030EE470A70472E498A4227D8B2F1105FFE
:10FC8C0031D300B5B2F17E5F83B034D38DED000A71
:10FC9C0000F03AFB274AD2ED007A20EE270A00F05A
:10FCAC0021F9244A2149009BD1ED007A92ED006A9A
:10FCBC0092ED007A37EE007AC6EE076A37EEE60A66
:10FCCC00002BB8BFB1EE400A03B000BD17491A4A69
:10FCDC0091ED000AD2ED007A30EE670A002BB8BF26
:10FCEC00B1EE400A7047114B93ED000A30EE270A33
:10FCFC0020EE270A70470F4A8DED010AD2ED007AEB
:10FD0C00CDED007A00F000FBDDED007A27EEC00AA5
:10FD1C0000F0E8F8074A019BD2ED007A77EE807A82
:10FD2C00B1EE407A87EE270ACAE700BF38300020D0
:10FD3C00FFFFAF414C3000204830002010EE903ACD
:10FD4C0023F00041B1F1FF4FF0EE407A33D810EEC2
:10FD5C0010CA2CF00040B0F1FF4F2CD8B3F17E5FED
:10FD6C003CD09A1702F0020242EADC7230B369B35B
:10FD7C00B1F1FF4F3DD0B0F1FF4F34D000B5401A78
:10FD8C00B0F1F45F83B04FEAE05129DA002B3DDA91
:10FD9C003C313BDA9FED310A012A40D0022A45D092
:10FDAC003AB19FED2F7ADFED2F7A30EE070A30EE65
:10FDBC00670A03B000BD30EEA70A7047022A0AD0CA
:10FDCC009FED297A032A07FE000A70478C450DDB4C
:10FDDC009FED260A70479FED230A704700F0B8B9D3
:10FDEC009FED220AD8E7BCF1000FF1DA9FED200A53
:10FDFC007047B0F1FF4F02F1FF3220D0022A26D813
:10FE0C001C4B03EB820393ED000A704787EEA00AAC
:10FE1C00019200F079FA00F09BF9019ABCE710EE20
:10FE2C00103A03F1004300EE103AC2E79FED0C7A52
:10FE3C00DFED0C7A30EE070A37EEC00AB9E7022A7A
:10FE4C0008D80D4B03EB820393ED000A70479FED2E
:10FE5C00030A70479FED090A704700BF00000000BD
:10FE6C002EBDBB33DB0F4940DB0F49C0DB0FC93F55
:10FE7C00DB0FC9BF8406002078060020DB0F493F4A
:10FE8C00B1EEC00A704700BF10EE103AC3F3C75270
:10FE9C00002BA2F17F01ACBF01204FF0FF301E29D7
:10FEAC000DDC00291ADBC3F31603162943F40003F7
:10FEBC000ADD963A03FA02F202FB00F07047FDEEFF
:10FECC00C07A17EE900A70474FF480020A411A4428
:10FEDC00C1F11701CA4002FB00F07047013118BF95
:10FEEC000020704710EE100A8A4A20F0004393421B
:10FEFC0000F000402BD9B3F1FF4F00F28F8000F0DF
:10FF0C00E380002840F08D80834A934200F2FF800A
:10FF1C009FED827A20EE077AF6EE007A77EE877AFA
:10FF2C009FED7F6ADFED7F6AFDEEE77AB8EEE77A48
:10FF3C0017EE903AF0EE407AE7EE467A27EE267A04
:10FF4C0037EEC70A77EEC07A77EEC77A07E0764AC3
:10FF5C00934255D8B3F14C5FC0F090800023B6EEBD
:10FF6C00003A20EE034ADFED716A9FED716ADFED16
:10FF7C00714A9FED715A20EE047AF7EE003AA7EE23
:10FF8C00266ADFED6E6AE6EE074AB0EE086AE4EE2A
:10FF9C00876AF1EE085AA6EE875AF0EE636AE5EE30
:10FFAC00076AA4EE666AE0EE465A36EEC66AC6EEFC
:10FFBC00256A66EE876A002B5BD076EEE76A5A1CE0
:10FFCC00D6EE807A77EEC77A77D0012B5FD05A1CA9
:10FFDC00392A4FEAC35140D8162B7BDC4FF0807284
:10FFEC0042FA03F3C3F17E5307EE103A77EEC07A70
:04FFFC0077EE677ABB
:02000004600199
:1000000017EE903ACB1800EE103A70474F4A9342E1
:100010001DD8DFED467A00284FD09FED4D7A70EE67
:10002000277A4FF0FF3391E730EE000A7047DFED9B
:10003000497A70EE277AF5EEC07AF1EE10FA69D4BB
:100040009FED397AFEEE007A20EE077A6CE79FED9D
:10005000367AFEEE007AF6EE006A002820EE077A85
:1000600046FEA77A60E777EEC07A73EEE77A17EE7E
:10007000903A194407EE901A37EEE30A704790EE73
:10008000267A30EE470A7047DFED337A70EE277A32
:1000900077EEE77A30EE670A7047BDEE007AB4EE8D
:1000A000C70AF1EE10FA2CD530EE033AB8EE000A8A
:1000B00077EEC37A27EE800A70479FED1D7A70EEC7
:1000C000677A012342E770EE677ABEEE000AA7EE78
:1000D000830A7047FFEE007A002800FE270A704767
:1000E000C3F17F03DB0507EE103A77EE877A30EE37
:1000F000670A30EE230A10EE103A0B4400EE103A75
:10010000704770EE677AB0EE007AE7EE873AB0EEAD
:10011000630A7047BFEE000A7047FFF75DBD00BF7E
:1001200043B895411772B1423BAAB83F8071313F45
:10013000D1F717371872B13EBBED57B4547E8636EF
:10014000CD70A6B8898808BD010DD03A9115853FBC
:10015000D1F717B76042A20DCAF2497110EE102A0A
:1001600022F00043B3F1A14FF0EE407A07D3B3F190
:10017000FF4F56D8002A7CDD9FED530A704700B52B
:1001800052498B4283B05BD8B3F1445F4CD34FF0FC
:10019000FF3327EEA76A9FED4E5A9FED4E7ADFEDB3
:1001A0004E5ADFED4E4A66EE066A591CA6EE857A77
:1001B000E6EEA54A9FED4A5ADFED4A5AA7EE265AC7
:1001C000E4EEA65A9FED487ADFED484AA5EE267A7E
:1001D000E5EEA64A9FED465ADFED465AA7EE265AAF
:1001E0009FED457AA4EEA67AE5EE265A27EE267A0A
:1001F000A5EE867A27EE277A42D04048404900EBA8
:100200008300D0ED006A37EE667A01EB8303D3ED0D
:10021000006A37EE677A002A36EEC70A2CDB03B095
:1002200000BD30EE000A70479FED367A30EE077A57
:10023000F7EE006AB4EEE67AF1EE10FAA7DDEEE72B
:10024000CDE9003200F066F82F49009B019A8B42FD
:100250001AD8A1F5D0018B422BD8F0EE007ABFEE70
:10026000007AA0EE277A002330EE270AC7EE007A44
:100270008FE79FED260A7047B1EE400A03B000BD3C
:1002800037EEC70A03B000BD21498B420BD8F7EE09
:10029000087AB7EE007AA0EE277A022330EE670ADA
:1002A000C0EE077A75E7BFEE007AC7EE007A032347
:1002B0006FE7F7EE007A30EE677A30EE270A012317
:1002C000C7EE007A65E700BFDB0FC93FFFFFDF3EE7
:1002D000D769853C59DA4B3D21A215BD6BF16EBD46
:1002E000356B883D95879DBD6E2EBA3D388EE3BD3A
:1002F0002549123EABAAAA3ECDCC4CBE74270020A5
:1003000064270020CAF24971FFFF973FDB0FC9BF86
:10031000FFFF1B4010EE103A23F0004300EE103AAE
:10032000704700BF03460846194602F0F7B900BF00
:1003300081F0004102E000BF83F0004330B54FEA96
:1003400041044FEA430594EA050F08BF90EA020F03
:100350001FBF54EA000C55EA020C7FEA645C7FEA96
:10036000655C00F0E2804FEA5454D4EB5555B8BFB9
:100370006D420CDD2C4480EA020281EA030382EA2A
:10038000000083EA010180EA020281EA0303362DBC
:1003900088BF30BD11F0004F4FEA01314FF4801C8F
:1003A0004CEA113102D0404261EB410113F0004FA1
:1003B0004FEA03334CEA133302D0524263EB430358
:1003C00094EA050F00F0A780A4F10104D5F1200EF6
:1003D0000DDB02FA0EFC22FA05F2801841F1000151
:1003E00003FA0EF2801843FA05F359410EE0A5F125
:1003F00020050EF1200E012A03FA0EFC28BF4CF056
:10040000020C43FA05F3C01851EBE37101F000450B
:1004100007D54FF0000EDCF1000C7EEB00006EEB18
:100420000101B1F5801F1BD3B1F5001F0CD34908A2
:100430005FEA30004FEA3C0C04F101044FEA4452F9
:1004400012F5800F80F09A80BCF1004F08BF5FEA80
:10045000500C50F1000041EB045141EA050130BD60
:100460005FEA4C0C404141EB0101013C28BFB1F572
:10047000801FE9D291F0000F04BF01460020B1FABD
:1004800081F308BF2033A3F10B03B3F120020CDA90
:100490000C3208DD02F1140CC2F10C0201FA0CF06E
:1004A00021FA02F10CE002F11402D8BFC2F1200CD3
:1004B00001FA02F120FA0CFCDCBF41EA0C01904089
:1004C000E41AA2BF01EB0451294330BD6FEA0404D2
:1004D0001F3C1CDA0C340EDC04F11404C4F12002BD
:1004E00020FA04F001FA02F340EA030021FA04F3CF
:1004F00045EA030130BDC4F10C04C4F1200220FA26
:1005000002F001FA04F340EA0300294630BD21FA63
:1005100004F0294630BD94F0000F83F4801306BF29
:1005200081F480110134013D4EE77FEA645C18BF1D
:100530007FEA655C29D094EA050F08BF90EA020FB4
:1005400005D054EA000C04BF1946104630BD91EAAC
:10055000030F1EBF0021002030BD5FEA545C05D1AF
:100560004000494128BF41F0004130BD14F58004EE
:100570003CBF01F5801130BD01F0004545F0FE4162
:1005800041F470014FF0000030BD7FEA645C1ABF97
:10059000194610467FEA655C1CBF0B46024650EACE
:1005A000013406BF52EA033591EA030F41F40021FA
:1005B00030BD00BF90F0000F04BF0021704730B580
:1005C0004FF4806404F132044FF000054FF0000155
:1005D00050E700BF90F0000F04BF0021704730B516
:1005E0004FF4806404F1320410F0004548BF4042EB
:1005F0004FF000013EE700BF42004FEAE2014FEA40
:1006000031014FEA02701FBF12F07F4393F07F4F1A
:1006100081F06051704732F07F4208BF704793F01D
:100620007F4F04BF41F40021704730B54FF4607430
:1006300001F0004521F000411CE700BF50EA010233
:1006400008BF704730B54FF000050AE050EA0102DC
:1006500008BF704730B511F0004502D5404261EB4C
:1006600041014FF4806404F132045FEA915C3FF48D
:10067000D8AE4FF003025FEADC0C18BF03325FEA2A
:10068000DC0C18BF033202EBDC02C2F1200300FADB
:1006900003FC20FA02F001FA03FE40EA0E0021FA00
:1006A00002F11444BDE600BF002101F06FBC00BFA1
:1006B0000A22002101F06EBD2DE9F04F01F10B027D
:1006C000162A85B0804624D8102900F2AB8000F0AD
:1006D000C9FA022518211022B74C2144A1F10800C3
:1006E0004E68864200F062817268F168B46822F058
:1006F00003023244E1608C60516841F001014046E0
:10070000516000F0B5FA06F10804204605B0BDE8D6
:10071000F08F32F0070200F18580914200F2828072
:10072000019200F09FFA019AB2F5FC7FC0F0BA8105
:10073000570A7FD0042F00F27281970907F139051B
:100740002BB207F1380CDB009B4C2344A3F10806C5
:100750005B689E4207D10DE00028DF6880F21381BC
:10076000BE4207D03B46596821F00301881A0F2882
:10077000F2DD6546236991498B4200F0F1805E68A5
:1007800026F00306B11A0F2900F391818B48002946
:10079000C4E9040080F27981B6F5007F676880F0D3
:1007A0001981F10801310FFA81FC76090121B1406C
:1007B00054F83C0098600F4304EBCC010839D96031
:1007C000676044F83C30C360AB1001269E40BE42D7
:1007D00036D83E4206D125F0030576003E4205F1AB
:1007E0000405FAD004EBC50A04EBC507A946F9686D
:1007F0000EE0486820F0030EAEEB020CBCF10F0FC8
:100800000B46C96800F31881BCF1000F80F22D81FE
:100810008F42EED109F1010919F0030F07F1080722
:10082000E5D17FE10C23C8F800300024204605B054
:10083000BDE8F08F4FF4007340254FF03F0C83E785
:10084000A768796821F0030393429A4603D3991A63
:100850000F2900F387805A495A4E09681031114414
:100860000820CDE9011201F08DFF01994B1E0344D0
:100870004542834630681D40B0F1FF3F18BF29460E
:100880004046019101F050FF411C0546DDE901128F
:1008900000F02B8107EB0A0C844500F224814A4BBF
:1008A000186800EB01090BF1FF3EC3F8009000F05F
:1008B0008981306801301BBFA5EB0C0C09EB0C00E3
:1008C0003560186015F00700814600F04881C0F1DE
:1008D00008000544CDE901236B1803EA0E015844D2
:1008E000401A00EA0E06314640469B4601F01CFFC6
:1008F000421CDDE9012300F09581401B304440F0AB
:1009000001011868A56000EB0609A7426960C3F8F9
:10091000009017D0BAF10F0F40F25E81AAF10C01DE
:1009200021F0070C796801F0010141EA0C017960BE
:10093000052607EB0C01BCF10F0FC1E9016600F2BF
:1009400063816968214B1E684E4538BFC3F800902B
:100950001F4B1E684E4501D2C3F800902F46C6E0DB
:10096000676831E7BD1841F0010142F001027A6089
:100970004046A560696000F07BF907F10804204655
:1009800005B0BDE8F08F9A6801931944D760BA604A
:100990004A6842F0010240464A6000F069F9019B52
:1009A00003F10804204605B0BDE8F08FCE68B142DF
:1009B0007FF49AAE0235DDE6F830002000310020E9
:1009C000F88E0020B03E0020C88E0020F08E00205F
:1009D000F48E0020B6F5206F4FEA56207CD3142801
:1009E00000F2D38000F15C0109B25B30C90004EB76
:1009F000010C6158ACF1080C8C4503D1A8E0896862
:100A00008C4504D0486820F00300B042F7D8D1F8F4
:100A10000CC0C3E9021CCCF80830CB60D4E6142F1C
:100A200072D9542F00F2BA80170B07F16F052BB261
:100A300007F16E0CDB0087E69D1842F001025A6058
:100A40009E68864AF1608E60C4E90455C5E90222B9
:100A50004CF001026A60404643F80EC0019300F07A
:100A600007F9019B03F10804E0E69E441C46DEF80A
:100A7000043043F00103CEF8043054F8083F4046F8
:100A8000D9608B6000F0F4F8D0E61E4440467268EE
:100A9000019342F00102726000F0EAF8019B03F159
:100AA0000804C3E6D508691C09B2C90014E69D18FC
:100AB00042F001025A60694A0193C4E90455C5E94C
:100AC000022241F001026A604046995100F0D0F8DC
:100AD000019B03F10804A9E6B00900F1390109B24C
:100AE0003830C90083E7A74263D0A768796821F04E
:100AF00003009042A0EB020102D30F293FF732AF6F
:100B0000404600F0B5F890E607F15C052BB207F11E
:100B10005B0CDB0018E6514651F808398B428A46D7
:100B200040F09A8015F0030F05F1FF35F3D16368AB
:100B300023EA0603636076009E423FF681AE1EB94B
:100B40007EE6760009F104091E42FAD04D4649E6D8
:100B50008010012606FA00F00743676059E7CDE9E7
:100B600002236B1803EA0E01ABEB010606EA0E0640
:100B700031464046019301F0D7FD431C019B04BF61
:100B80004E461846DDE90223B7E6542827D8300B35
:100B900000F16F0109B26E30C90028E7B7F5AA7FEE
:100BA00027D8D70B07F178052BB207F1770CDB00BC
:100BB000CAE52B4B186800EB01090BF1FF3EC3F8A7
:100BC000009076E615EA0E0F7FF473AEA5685144E7
:100BD00041F001016960B5E601236B6090E7B0F573
:100BE000AA7F25D8F00B00F1780109B27730C9004F
:100BF000FDE640F254539F4224D8930C03F17D0547
:100C000003F17C0CEB009FE507F108014046CDE9BC
:100C1000012302F087F8A568029B6968D3F8009069
:100C2000019A8FE6A9F108010BEB0100002664E6AA
:100C300040F2545188420BD8B00C00F17D01C9003C
:100C40007C30D4E64FF47E737F254FF07E0C7BE53D
:100C50004FF47E717E20CAE663686CE700310020A5
:100C6000C88E0020014801F043BF00BFC08E0020A5
:100C7000014801F03FBF00BFC08E0020002900F0F6
:100C80009F802DE9F04383B00C4600928046FFF729
:100C9000E9FF009901F10B03162B60D8102399424C
:100CA00060D854F804EC2EF003029A42A4F108052F
:100CB00065DAB348806805EB020C6045DCF8046037
:100CC00000F0908026F0010060444068C0076CD4BA
:100CD00026F00306901983424CDD1EF0010F0FD160
:100CE00054F8080C281A0746406820F00300064410
:100CF0001644B34240F3EF801618B34240F3C98064
:100D00004046CDE90023FFF7D7FCDDE90023064686
:100D1000002800F0178154F8041C21F00101294437
:100D2000A0F1080C614500F0AE80043A242A00F2DC
:100D3000CE80132A00F29C80034622461168196077
:100D40005168596092689A602146404601F0EAFF76
:100D50004046FFF78DFF304603B0BDE8F08333F027
:100D600007039CD50C23C8F800300026304603B09A
:100D7000BDE8F0830246DCE90201C1608860696871
:100D8000D01A0F2801F0010105EB02061BD8114310
:100D90006960736843F0010373604046FFF768FFC2
:100DA0002646304603B0BDE8F0831EF0010FA7D100
:100DB00054F8080C281A0746406820F003009BE707
:100DC0001146FFF779BC19436960E91840F001004A
:100DD0004860736843F0010308317360404601F0D6
:100DE000A1FFDAE726F00306B01803F1100C604506
:100DF00080F28B801EF0010F82D154F8080C281A63
:100E00000746406820F0030006441644B445B14646
:100E10003FF772AF3E46F96856F8080F043A242AA5
:100E2000C160886000F2A580132A40F2A08021688A
:100E3000B9606168F9601B2A00F2A480083407F1E8
:100E400010022168116061685160A1689160F91811
:100E5000A9EB03024A4D42F00102A9604A607A6898
:100E600002F00102134340467B60FFF701FF98E761
:100E700023680360636843601B2A3BD804F10802BF
:100E800000F108035AE750F8041C21F003010A445A
:100E900075E7043A3D46F96855F8080F242AC16001
:100EA000886020D8132A1CD92168B9606168F9606C
:100EB0001B2A3DD8083407F11002216811606168CF
:100EC0005160A16891602C4632463D4657E7214665
:100ED00001F098FA38E7DCE90201043AC160886061
:100EE000D8E72A46E9E721462846009301F08AFA26
:100EF000009BE8E7A3688360E368C360242A25D0E9
:100F000004F1100200F1100318E71D4A1D4495601A
:100F1000C21A42F001026A6054F8042C02F0010285
:100F20001343404644F8043CFFF7A2FE264638E748
:100F3000A1683961E1687961242A10D0103407F181
:100F40001802BAE74046FFF793FE0EE723690361F4
:100F50006169416104F1180200F11803EEE62269AB
:100F6000BA616269FA61183407F12002A5E73246D6
:100F700067E721463046009301F044FA009B66E79C
:100F8000F8300020A1683961E1687961242A03D032
:100F9000103407F1180254E72269BA616269FA61F4
:100FA000183407F120024CE7000000002DE9F04F53
:100FB0002DED068B804697B0184600240023CDE91E
:100FC000043489460021924612914A4611921646EF
:100FD00012F8013B2D2B5FD801A151F823F000BF7F
:100FE00015EF00009DED00009DED00009DED00005F
:100FF0009DED00009DED00009DED00009DED0000C9
:101000009DED0000D1EC0000D1EC0000D1EC00001F
:10101000D1EC0000D1EC00009DED00009DED000042
:101020009DED00009DED00009DED00009DED000098
:101030009DED00009DED00009DED00009DED000088
:101040009DED00009DED00009DED00009DED000078
:101050009DED00009DED00009DED00009DED000068
:10106000D1EC00009DED00009DED00009DED000025
:101070009DED00009DED00009DED00009DED000048
:101080009DED00009DED00009DED0000B3F100001E
:101090009DED0000C7F1000000220692302B00F009
:1010A0008280002207922F2B40F2C5844FF0000B64
:1010B0001F4630465D465C4616E0082CC8BF0BEB69
:1010C0008B0B00F10100C8BF03EB4B031190C8BFAD
:1010D000A3F1300B0378D8BFA2F130052F2B04F118
:1010E00001041F4640F3A28005EB8502392B03EB78
:1010F0004202E2DDB3490893012201F059FA0028C7
:1011000060D1119A531C119351781A460846002C4D
:1011100040F0DB80302840F00F8513460022013379
:10112000119318783028114602F10102F7D0A0F18E
:101130003104082C00F2AE818A1C0992A0F1300C17
:101140001E464FF0000E012405EB85050CEB45050E
:101150000022013311931978A1F13000092802F11E
:10116000010700F235848446002800F0FB860999C7
:10117000012F3944099100F0F886671C394606E0D2
:1011800045000131081B0138824240F34484481E67
:10119000082805EB8500F3DD0BEB8B0040001029E0
:1011A000D8BF8346EDE7737803F0DF03582B00F0D8
:1011B000D783013611963378302BFAD06BB10122E8
:1011C000079270E7089B652B1AD0452B18D0002C8E
:1011D00032D1079B002B00F0B7809FED788BBAF1DE
:1011E000000F02D0119BCAF80030069BBBB1B1EED4
:1011F000488BB0EE480B17B0BDEC068BBDE8F08F06
:10120000002C72D1A6460994079B002B40F0BB82AC
:101210009FED6A8BBAF1000F01D0CAF80090B0EED2
:10122000480B17B0BDEC068BBDE8F08F6549012275
:1012300001F0BEF9002844D007EE905AB8EE677B63
:10124000092C8DED047B40F3A3820022102C234651
:101250000892A8BF1023A646914609925A4A02EB6B
:10126000C30212ED125B06EE90BA0F2CB8EE666B5D
:10127000A5EE076B8DED046B00F3AC80089A002A95
:1012800000F08682089A40F36E82162A40F31E848C
:101290000899C4F125028A42C0F29C804A4BC4F1ED
:1012A0000F040A1B03EBC40403EBC20394ED008B91
:1012B00093ED007B9DED046B28EE068B28EE078BEB
:1012C0008DE7119A531C11935178A1F13002092A2C
:1012D00000F2D5800992A646002A00F0408601213E
:1012E000DDF824C00991224697E30022CDE90822C7
:1012F000119BA646591C11915F782B2F00F0BC80E2
:101300002D2F00F0B3804FF0000CA7F13009B9F198
:10131000090F36D8302F119940F0D8800131119142
:101320000F78302FFAD0A7F13100082840F2CC8096
:101330004FF000095CBB079911437FF44EAF089A48
:10134000002A40F0F4839946692F00F0CF8300F320
:10135000C883492F00F0CA834E2F7FF459AF1B4931
:1013600011A802F03FF900283FF452AF119B1B78FF
:10137000282B00F02385164801F070FCB0EE408B5E
:101380002DE711934FF00009D4E74FF0000907EE65
:10139000905A099BB8EE677BA9EB0303BEF1000FDF
:1013A00008BFA646102C08932346A8BF1023092C7B
:1013B0008DED047B3FF752AF60E700BF00000000F7
:1013C00000000000101B0020A80200206820002060
:1013D00080120020089AE31A1344002B40F39980EE
:1013E00023F00F0213F00F0340F00683B2F59A7F4B
:1013F00000F39283102A4FEA221300F0F384554839
:101400009DED047B0021024613F0010F01F1010163
:101410004FEA630303D092ED006B27EE067B012BAE
:1014200002F10802F0D18DED047B059BA3F154730A
:10143000059300EBC1009DED046B90ED007B464BE6
:1014400027EE067B17EE902A444913408B428DED20
:10145000047B00F26183A1F580118B4240F262842B
:101460003F4B4FF0FF32CDE9042354E04FF0010C25
:10147000991C11919F7848E74FF0000CF8E701F0B4
:10148000DF0145297FF4D8AE00220121A64609924A
:1014900008912FE700F0DF0045287FF49EAE4FF063
:1014A000000E0121CDF824E07446089122E70023C4
:1014B0000693721C11927378002B3FF4A9AE164666
:1014C000ECE501230693F4E7A7F13009481C1190DD
:1014D0004F782F2FC8BF0C9307DCC1E20130119069
:1014E00007782F2FA3F1300905DD09EB8903392F88
:1014F00007EB4303F2DD401A08280C9B40F3B0824F
:1015000044F61F69BCF1000F3FF414AFC9F10009A4
:1015100010E740F0AB820023079300952346724604
:101520003146404604F02AFA8346002800F0F4824F
:10153000089A099BCDF83CA0002AA3EB0903A8BF99
:10154000002309934FF0000922EAE2730C934C4602
:10155000CCE000BF800200200000F07F0000A07CF3
:10156000FFFFEF7F991A1F3B9A42A5EB0105C0F2DE
:101570007981012202FA01F30A9300230D932F448B
:10158000079B5544AA4552461F44A8BF2A46BA4263
:10159000A8BF3A46002A03DDAD1ABF1AAAEB020A19
:1015A000099B002B00F30381002D00F31A81089B97
:1015B000002B00F34D81002F00F33D81BAF1000FA5
:1015C00008DD21465246404604F0E4FB044600286C
:1015D00000F03A8112993246404604F071FC81468F
:1015E000002800F031810023C768C360214604F061
:1015F00047FC0028C0F29B83059D00F036832146FE
:10160000484604F00FFEB0EE007BB4EEC70BF1EEDF
:1016100010FA00F2C080002F40F02C81049B002BB8
:1016200040F0C881C5F31303002B40F05781B7EE9B
:10163000007BB4EEC70BF1EE10FA00F1D082B6EEEB
:10164000007B20EE077BB0EE47ABB1EE477BBD4899
:10165000DFF808C32840604553EC172B00F00F81DA
:101660000799F1B1B0F1D46F1BD89FEDB06BB4EE18
:10167000C6ABF1EE10FA11D8BCEECA7B17EE103AE9
:10168000012B38BF012307EE103AB8EE477BB0EECE
:1016900047AB0FB9B1EE477B53EC172B03F1D66183
:1016A0000B1AB0EE480B43EC192B0A9004F0C8FC5F
:1016B000A9EE008B8DED048B18EE905A0A98079BCB
:1016C00023B9A04B2B40984200F00F81129940465D
:1016D00004F0F8F83146404604F0F4F8214640465C
:1016E00004F0F0F84946404604F0ECF8DBF804104A
:1016F000404604F0BDF80646002800F0A580DBF85F
:101700001020023292000BF10C010C30FCF734FC7B
:101710009DED048B14AA13A94046B0EE480B04F0CB
:1017200021FD1290002865D00121404604F0E4F923
:101730000446002800F08880139A002A76DB099B73
:101740000C9F02EB030A079B149DD21A2A447E4B7E
:10175000013A9A42C5F13605FFF604AF00230D9316
:1017600001230A930BE71632FFF634AE099BA3EB75
:101770000909764B03EBC90393ED007B9DED046BE8
:1017800086EE078B2BE508940024119B2246B1E5D9
:101790009DED048B23E5B6EE007B20EE077BB0EEDB
:1017A00047AB002F7FF453AFB1EE477B4FE72146A5
:1017B0001A46404604F092FA04461298D4B1024602
:1017C0002146404604F0C6F90246129892B10146FD
:1017D00040460E9204F076F80E9A1292002D7FF792
:1017E000E6AE12992A46404604F0D4FA1290002838
:1017F0007FF4DDAEDDF83CA09FED4E8B2223C8F8D0
:1018000000300146404604F05DF83146404604F0A1
:1018100059F82146404604F055F85946404604F030
:1018200051F84946404604F04DF8D8E40C9BDDF8E9
:1018300024A09F1A87E731463A46404604F0AAFAA8
:10184000064600287FF4BAAEDDF83CA01298D3E734
:1018500031460C9A404604F041FA064600287FF4CF
:10186000AAAEF1E73A49891A012202FA01F30D936F
:101870000A9284E6B7EE007BB0EE47ABE7E6A5F14F
:10188000547305939DED046BB0EE460B8DED0A7B12
:101890008DED046B0D9004F0D3FB9DED046B9DED7D
:1018A0000A7B2849A0EE076B16EE905A294B0D983B
:1018B000294099428DED046B40F29A8018EE902AEF
:1018C00003F154739A4203D118EE103A0133BBD09E
:1018D000214B4FF0FF32CDE90423F7E6B7EE006B62
:1018E000BFEE007BB0EE46ABB1E651EC1A0B07F051
:1018F00001FDFEF7ABFE049B41EC170B1F43C5F344
:1019000013052F433AEE477B44D19FED0C6BB4EEA9
:10191000C67BF1EE10FA7FF5D9AE9DED048BDDF8B4
:101920003CA012986DE700BFAFF300800000C0FF3D
:10193000FFFFDF41000000000000F07F9535A0941C
:10194000FFFFCF3F0000F07F02FCFFFFA802002056
:10195000E2FBFFFFFFFF9F7CFFFFEF7F0000E07FC8
:10196000069B019312AB02900093AC4A13AB11A9F2
:10197000404601F03FFB10F00F0504463FF42DAC4C
:10198000062D40F0E880013600239FED9C8B1196D8
:10199000069324E49FED9B6BB4EEC67BF1EE10FA48
:1019A000BBD49FED9A6BB4EEC67BF1EE10FA7FF7D5
:1019B0008DAEB2E7049B012B90D1002D8ED1DDF8C6
:1019C0003CA0129822239FED8D8BC8F8003018E7B9
:1019D00001F0DF01452900F0A380002C7FF4D5AC95
:1019E000079B1A439FED858B3FF414ACFFF7F7BBC1
:1019F00005F15475059562E6894901EBC3039DED38
:101A0000046B93ED007B27EE067B8DED047B002AB3
:101A10003FF481ADEAE4013A3A44082A02F10104B4
:101A20007FF792AB102CDCBF0BEB8B0B0CEB4B0B53
:101A30000022FFF78EBB7B490122304600F0B8FD43
:101A400040B9119A134601321192834605465878DF
:101A5000FFF760BB079B002B3FF4DAABFFF7BDBB82
:101A600044F61F618945A8BF89464BE55B421A11C0
:101A700013F00F030DD06A4901EBC3039DED046B16
:101A800093ED007B86EE077B8DED047B002A3FF40F
:101A900042AD1F2A00F3418112F0100318BF6A23E0
:101AA00007939DED047B604B01E052100833D00793
:101AB00003D452100833D107F7D593ED006B5210C1
:101AC00027EE067B00F0B8800833F4E7544B03EBB5
:101AD000C20393ED008B9DED047B28EE078BFFF78F
:101AE0007EBB6E2F3FF43BACFFF792BB4F4911A872
:101AF00001F078FD00283FF48BAB119B4C49013B72
:101B000011A8119301F06EFD10B9119B01331193CF
:101B10009FED408BFFF763BB2223C8F80030F7E747
:101B2000002C00F0EA8101210891FFF7E3BB9FED53
:101B3000338B9946FFF76EBBA0F13103082B55D9C3
:101B400020F02000452885D14FF0000ECDF824E08C
:101B50000124FFF759BB129A3AB1352114A804F0B9
:101B600093FB1299404603F0ADFE013D042D00F2B7
:101B7000FE81DFE805F0032E2B200300149B049365
:101B8000139B03F23342159B23F4801343EA025361
:101B90000593E40502D543F000430593254A1A4016
:101BA0009DED048B002A7FF41AAB00F0E5FD2223A3
:101BB0000360FFF714BB4FF0FF326FF00043CDE935
:101BC0000423E3057FF5E4AD059BE4E7194B05939A
:101BD000F7E7DDE91412159BCDE90412D9E7B6EE5B
:101BE000006BBEEE007BB0EE46AB30E51346012243
:101BF0000992FFF7A3BA00BFAFF300800000000016
:101C0000000000009535A094FFFFDF3F35E5AF35BC
:101C10000000E03F000000000000F07F142B0020D7
:101C2000A8020020101B0020500400205C2000208F
:101C3000602000200000F07F079B8DED047B002BCF
:101C400065D017EE900AC0F30A51C1F16B03002B67
:101C50005DDD1F2B52DD342B049240F3FE804FF0EC
:101C60005C7305936A23079357E40A9ADDF834C03E
:101C7000DDF83CA0B349C5F31303002F00F08C80BE
:101C80008B4200F0DD80BCF1000F00F0D4801CEA34
:101C9000050F2FD0B0EE480B04F0D2F9079B002BB4
:101CA00000F01281C5F30A53C3F16B03002B40F31C
:101CB0005381190501F17F53002203F5401343ECD2
:101CC000172BA0EE078B9FED9B7B9F4B28EE078B7E
:101CD00018EE902A1340002B7FF423AE2223C8F87D
:101CE00000301EE6BCF1000F00F085801CEA050FF5
:101CF00040F08480079B002BE5D112E64FF0FF32C5
:101D00009A4017EE103A134004939DED047BB5EE14
:101D1000407BF1EE10FA7FF400AC2223C8F80030CB
:101D2000FFF75BBA02F154730593FFF7F4BBDDE9EB
:101D300004120F43DDF83CA0DCD1C2F313031546B7
:101D4000002BD7D122F000473F0D3F05B7F1D66FEA
:101D5000D0D9D9F814301BB9D9F81030012BC9DD0E
:101D600049460122404604F015F82146814604F018
:101D700087F80028BEDD079B002B00F08180A7F5C7
:101D800080176FEA17536FEA035305934FF0FF3341
:101D900004939DED048B96E743BBDDE90401034604
:101DA00000289FD1079B002B6AD0674F2F40B7F1C7
:101DB000D66FE4D8B7F15C7F85D802E6634911A8F5
:101DC00014AA01F02FFC05287FF4D5AA159B43F037
:101DD000FF4343F4E0030593149B04939DED048BB0
:101DE000FFF7FDB95A480021FFF71FBBBCF1000FF8
:101DF0007FF47CAF049B1A423FF47CAFB0EE480BFB
:101E000004F01EF9079B93B3C5F30A53C3F16B03A8
:101E1000002B76DD190501F17F53002203F54013F5
:101E200043EC172BA0EE478BB5EE408BF1EE10FA8A
:101E30007FF449AFC5E5049B1A423FF45BAF29E745
:101E4000079B049963BB4F1C31D0BCF1000F61D0DC
:101E50001CEA050F3FF465AD1CE7C1F14B014FF0E3
:101E6000FF338B40034005939DED047B4FE738EE35
:101E7000408BB5EE408BF1EE10FA7FF452ADA0E549
:101E8000314B12982B40A3F580136FEA13536FEA7E
:101E9000035305934FF0FF3304939DED048BB0E49F
:101EA000294B2B40B3F1D46F12D9481C19D1294BBF
:101EB0009D4233D0244B2B4003F580130593002320
:101EC00004939DED048B15E7129838EE008B98E48F
:101ED0001B0DC3F16B034FF0FF3000FA03F399427F
:101EE000E5D0BCF1000F04D01CEA050F3FF4EBAEC7
:101EF000D0E611423FF4E7AECCE6002A3FF428AE2C
:101F000011E638EE408BB5EE408BF1EE10FA7FF41F
:101F1000DAAE56E511423FF404ADBBE60131C9D15A
:101F200022239FED068B1298C8F8003069E400BFA9
:101F3000AFF30080000000000000503900000000F6
:101F40000000F07FFFFF0F000000F07F282B002033
:101F500080020020FFFFEF7F38EE008BB3E6012206
:101F6000FFF7F7B83A46FFF7F4B8224655E5E5051E
:101F700005D54FF0004305939DED048B15E69FEDCD
:101F8000018B12E6000000000000000000B5DFF841
:101F900018E0044B0A460146DEF800005DF804EB49
:101FA000FFF704B85C3C0020C43E002010B5234C71
:101FB000234B0A4601462068FEF7F8FFB4EE400BBB
:101FC000F1EE10FA27D6F7EEC07B9FED1E7AF0EE09
:101FD000E76AF4EE476AF1EE10FA0EDDB0EEC05B90
:101FE0009FED146BB4EE465BF1EE10FA05DC23684E
:101FF00022221A60B0EE670A10BD17EE903A13F075
:10200000FF4FF7D110EE902A0F4B1340002BEED16B
:10201000B0EE670A10BD10EE903A002B0B4804DAC0
:1020200000F024FEF1EE407AE4E7BDE8104000F055
:102030001DBE00BFFFFFFFFFFFFFEF7FC43E00207C
:102040005C3C0020FFFF7F7F0000F07F80120020BB
:10205000242B2DE9F84F42D8012B884619463ED053
:1020600091464B4A82461E46C64670461EF8017B84
:10207000D35D13F00803F8D12D2F70D02B2F05BF9F
:102080009EF800709B469B4600F1020E6FF00043E5
:1020900061BB302F4DD00A2631460022B3FBF6F447
:1020A000104606FB143505E03CD006FB00C00122BB
:1020B0001EF8017BA7F1300CBCF1090F06D9A7F17E
:1020C000410CBCF1190F17D8A7F1370C61451CDD85
:1020D000571CEDD08442E7D24FF0FF32E8E700F022
:1020E0004BFB162303600020BDE8F88F1029D4D1E4
:1020F000302F27D00E46D0E7A7F1610CBCF1190FA5
:1021000003D8A7F1570C6145E2DC511C30D0BBF17C
:10211000000F0CD1B9F1000FE6D0AABBC9F80080BE
:10212000BDE8F88F6545C0DA4FF0FF32C0E74042A6
:10213000F0E79EF8002002F0DF02582A08D00826B7
:102140003146AAE79EF8002002F0DF02582AD1D1DA
:1021500010269EF8017031460EF1020E9DE79EF8A2
:1021600000704FF0004300F1020E4FF0010B8FE7BB
:102170002222CAF80020B9F1000F07D00EF1FF3873
:102180001846C9F80080CBE70346F7E71846ABE7E7
:102190006126002000B5DFF818E084461346DEF81B
:1021A00000005DF804EB0A466146FFF751BF00BF2F
:1021B000C43E00200CB430B5144B0D1E1C689DB0FD
:1021C0001FDB14BF01220022AA1A114B0593002124
:1021D00021AB1B91029006900492079202A9209ACB
:1021E0000193204601F022FB431CBCBF8B232360DC
:1021F00015B1029B00221A701DB0BDE8304002B03C
:1022000070478B2323604FF0FF30F5E7C43E00207A
:102210000802FFFF024A0349034804F083B800BFE5
:10222000B83E0020E1400100003500200C4B416821
:10223000994210B5044601D004F0D0F8A168094BCA
:10224000994202D0204604F0C9F8E168064B994251
:1022500004D02046BDE8104004F0C0B810BD00BF57
:10226000FC8E0020648F0020CC8F00202DE9F843E5
:10227000314A324C3249DFF8DC90DFF8DC80314FF4
:102280001160002504232946082204F15C00C4E9FA
:1022900003352D4EA560C4E90055C4E905556566B2
:1022A00000F042F904F15800C4E90749C4E909877C
:1022B000E66200F019FC2946244B6367082204F10A
:1022C000C400C4E91A55C4E91E552567C4F8CC50AA
:1022D000C4F8805000F028F904F1680304F1C0004C
:1022E000C4F88430C4E92298C4E9247600F0FCFBE9
:1022F000174BC4F8DC30294604F596700822C4E96F
:102300003455C4E93855C4F8D850C4F83451C4F829
:10231000E85000F009F904F1D003C4E93D87C4F89E
:10232000F09004F59470C4F8FC60C4F8EC30BDE89B
:10233000F84300F0D9BB00BF34900020FC8E002091
:1023400019FF0000AD430100D14301000900010065
:1023500012000200494301006D43010010B504461C
:102360000A4800F0C5FB636B23B9094B094A1B6897
:10237000626323B1BDE81040044800F0BBBBFFF727
:1023800075FFBDE81040014800F0B4BBC48E0020CA
:102390003490002031FF0000014800F0A9BB00BFCD
:1023A000C48E0020014800F0A5BB00BFC48E0020F1
:1023B00030B5124C0D1E24689BB019DB00900490C0
:1023C00014BF01200020281A0D490290059000201A
:1023D000039119906946204601F028FA431CBCBFBE
:1023E0008B23236015B1009B00221A701BB030BDF7
:1023F0008B2323604FF0FF30F8E700BFC43E00207E
:102400000802FFFF884270B531D98B1883422ED95C
:10241000032A00EB02011DD941EA030C1CF0030F53
:102420001D4618D14FEA920C0CF1FF36A1EB8C043B
:102430008C4653F804ED4CF804EDA445F9D1C6EBF5
:10244000867301EB830105EB830CACF104030439C3
:1024500002F0030252B102F1FF3C6FEA0C0C9C4403
:1024600013F8012D01F8012D6345F9D170BD032A40
:1024700050D941EA00039B074ED10F2A51D922F0CF
:102480000F0301F1100601F1100C103B203100F197
:10249000100E19445CF8104C4EF8104C5CF80C4CC3
:1024A0004EF80C4C5CF8084C4EF8084C5CF8044CA8
:1024B0004EF8044C0CF1100C8C450EF1100EE9D1C5
:1024C000F11812F00C0F034402F00F0503F1100392
:1024D00025D025F0030CACF1040426461A1F1C1964
:1024E0008C465CF804EB42F804EFA242F9D10431C7
:1024F00004333144334405F00302002AB6D0013AD4
:102500000132013B0A4411F801CB03F801CF91429B
:10251000F9D170BD0346F0E7013A0346F0E72A46D9
:10252000EBE703461546D4E730B5840786460346F5
:1025300006D0A2B303F8011B980702F1FF32F8D1CD
:10254000032A26D95FFA81FC0CEB0C2C0F2A0CEB2A
:102550000C402AD922F00F0C9C44C3E90000C3E9C7
:10256000020010336345F8D112F00C0F02F00F0493
:1025700017D04FEA940C0CF1FF351A4603EB8C0C84
:1025800042F8040B6245FBD1043304F0030203EB71
:10259000850322B11A4403F8011B9A42FBD170460D
:1025A00030BD2246002AF5D1F9E71446E1E700BF25
:1025B0008AB340EA01039B0730B504468E4618D122
:1025C000032A07D815E0043A23D01CF0803F20D11D
:1025D000032A26D92368DEF80050A3F10131AB426B
:1025E00021EA030C2046714604F104040EF1040EA6
:1025F000E9D003780C78A3420FD1013A024406E0F7
:102600006BB110F8013F11F8014FA34205D1904280
:10261000F6D1002030BD10467047181B30BD18465B
:1026200030BD20467146E4E710B5044608438307F1
:1026300001D1032A19D8A44601F1FF3E07E01EF894
:10264000011F03F8011B501E31B19C460246634630
:10265000002AF4D1204610BD94440028FAD003F893
:10266000011B6345FBD1204610BD0B46A4461868EC
:102670001946A0F1013323EA000313F0803F01F172
:102680000403D9D1043A032A4CF8040BEFD81946B5
:10269000D2E700BF024A12680123503200F002B8AC
:1026A000C43E002030B5154620B386464C1E724607
:1026B000A44612F8010B01E0884214D01CF8011F57
:1026C0000029F9D1E0B11046A44610F8011B00E042
:1026D00063B11CF8013F9942FAD149B1002313704C
:1026E0002860704630BD73B19646E0E70246EAE7DF
:1026F0000846F5E7D2F800E0BEF1000FD6D100E0C1
:102700002860002030BD2A6070468EF80030E9E76E
:10271000014B93F8100270475C3C002013460A46B8
:102720000146022000F056BA38B5074C0023054692
:1027300008462360FBF7B2FD431C00D038BD236878
:10274000002BFBD02B6038BD7890002038B58C462C
:10275000084C114605461A46604600232360FCF7E4
:10276000D7FE431C00D038BD2368002BFBD02B6064
:1027700038BD00BF78900020014B1868704700BF3B
:10278000C43E0020082802D14FF48050704708B59D
:10279000FFF7F2FF162303604FF0FF3008BD00BFC4
:1027A0000000000000000000000000000000000029
:1027B00000000000000000000000000002780B781C
:1027C000012A28BF9A4240F0D8806DE9044540EACA
:1027D0000104CDE902676FF0000C4FEA44721AB3AE
:1027E00080EA010414F0070F6BD100F0070420F019
:1027F000070004F0030521F007014FEAC505F0E8E2
:10280000042314F0040FF1E804670CFA05F462EAFB
:10281000040266EA04060BD063EA0403624667EA30
:102820000407664604E000BFF0E80423F1E804670B
:1028300082FA4CF582EA0604A4FA8CF46CBB83FAA3
:102840004CF583EA0705A5FA8CF595B950E9022302
:1028500051E9026782FA4CF582EA0604A4FA8CF484
:1028600083FA4CF583EA0705A5FA8CF52543DBD0FE
:102870009CB92DBAB5FA85F424F0070427FA04F1BF
:10288000DDE9026723FA04F303F0FF0001F0FF0122
:10289000FDE80445A0EB0100704724BAB4FA84F4C3
:1028A00024F0070426FA04F1DDE9026722FA04F2B3
:1028B00002F0FF0001F0FF01FDE80445A0EB01007C
:1028C000704714F0030F3CD110F0030428D150F8E6
:1028D000082B51F8083B82FA4CF582EA0305A5FA69
:1028E0008CF55DB950F8042C51F8043C82FA4CF593
:1028F00082EA0305A5FA8CF5002DE8D02DBAB5FAC9
:1029000085F424F0070423FA04F122FA04F202F019
:10291000FF0001F0FF01FDE80445A0EB0100704756
:102920004FEAC40420F0030050F8082B21F0030103
:1029300051F8083B0CFA04F462EA040263EA040367
:10294000C9E710F003041DD0A1EB040120F003003F
:10295000E40750F8042B06D012D28B785FFAA2F469
:10296000E41A06D12BB1CB785FFAB2F4E41A00D1A5
:1029700033B920465DF8104B7047A2EB0300704757
:1029800001F1040150F8042BCC0721F0030151F8A8
:10299000043B48D824D222F07F4482FA4CF594EAD2
:1029A0001325A5FA8CF50AD165B951F8043B84EAE0
:1029B0000204B4EB036F0ED150F8042BEBE74FEA9F
:1029C000132355E035F07F454DD10878FDE80445E7
:1029D000C0F1000070474FEA126203F0FF0347E0C6
:1029E00002EA1C4482FA4CF594EA1345A5FA8CF5E8
:1029F0000AD165B951F8043B84EA0204B4EB034FF1
:102A00000CD150F8042BEBE74FEA134330E015EA02
:102A10001C4528D10B884FEA124229E04FEA1242A6
:102A200003EA1C4324E002F0FF0482FA4CF594EA26
:102A30001365A5FA8CF50AD165B951F8043B84EA0F
:102A40000204B4EB032F09D150F8042BEBE74FEA53
:102A500013630DE015F0FF0F05D10B684FEA12224A
:102A600023F07F4304E04FF00000FDE80445704789
:102A700012BA1BBA82FA4CF482EA0304A4FA8CF567
:102A8000B5FA85F402FA04F203FA04F34FEA12608D
:102A9000FDE80445A0EB1360704700BF70B50E4E13
:102AA0000E4DAE4208D0761BB610002455F8043BFC
:102AB00001349847A642F9D8094E0A4D06F05EFC4B
:102AC000AE4208D0761BB610002455F8043B013402
:102AD0009847A642F9D870BD801F0060801F006033
:102AE000901F0060801F0060704700BF704700BFEC
:102AF000704700BF704700BF0000000030B490F87E
:102B000000F020F007016FF0000C10F0070491F8BE
:102B100020F040F048804FF000046FF00700D1E94A
:102B2000002391F840F000F1080082FA4CF2A4FA78
:102B30008CF283FA4CF3A2FA8CF34BBBD1E902235B
:102B400082FA4CF200F10800A4FA8CF283FA4CF3FA
:102B5000A2FA8CF3E3B9D1E9042382FA4CF200F132
:102B60000800A4FA8CF283FA4CF3A2FA8CF37BB936
:102B7000D1E9062301F1200182FA4CF200F10800AC
:102B8000A4FA8CF283FA4CF3A2FA8CF3002BC6D091
:102B9000002A04BF04301A4612BAB2FA82F200EBDD
:102BA000D20030BC7047D1E9002304F00305C4F122
:102BB00000004FEAC50514F0040F91F840F00CFA3C
:102BC00005F562EA05021CBF63EA050362464FF0A1
:102BD0000004AAE7F0B51D4C83B0054620680191BA
:102BE00016461F46FFF784FF194A0199136823B35D
:102BF0005A6820681F2A23DC4DB9541C02325C60DD
:102C000043F82210FFF776FF002003B0F0BD03EB7E
:102C1000820E0124CEF88860D3F88861944046EA99
:102C2000040C022DC3F888C1CEF80871E5D1D3F8A1
:102C30008C512543C3F88C51DFE7064B1360D7E76F
:102C4000FFF758FF4FF0FF30DFE700BF503C002098
:102C5000288D00202C8D0020000000009FED010B2E
:102C6000704700BF000000000000F87F9FED010AE0
:102C7000704700BF0000C07FF8B5064608200C462C
:102C8000FFF780FD07463046FDF7ECFF224A9368C8
:102C90005D6825F00305A5F111031C1B3C44B4FB42
:102CA000F7F4013C07FB04F4A74208DC002130469E
:102CB000FFF73AFD184A93682B44984204D03046F7
:102CC000FDF7D6FF0020F8BD61423046FFF72CFD2E
:102CD0000130114A0DD0114993682D1B45F00105B3
:102CE0005D600B6830461B1B0B60FDF7C1FF0120C8
:102CF000F8BD00213046FFF717FD074A9268831A96
:102D00000F2BDCDD43F001035360054B03491B68C7
:102D1000C01A0860D3E700BFF8300020C88E00203A
:102D2000B03E0020002965D02DE9F0410C46074651
:102D3000FDF798FF54F804EC7D49A4F1080C2EF03F
:102D400001030CEB03028D685068954220F00300EC
:102D50000EF0010600F08B80151850606D6805F0CC
:102D60000105A846AEBB54F8084CACEB040C234458
:102D7000DCF8084001F1080E74456BD0DCF80C500B
:102D8000E560AC60B8F1000F00F08C8043F001000A
:102D9000CCF804001360B3F5007F35D2DA08486838
:102DA0005C090132012312B2A34003434B6051F886
:102DB0003200CCF8080001EBC203083BCCF80C3021
:102DC00041F832C0C0F80CC03846BDE8F041FDF70C
:102DD0004FBF85B9034401F1080E9068704543F078
:102DE00001047AD0D268C2609060CCF804404CF8FC
:102DF0000330D0E770474EF00102B3F5007F44F88E
:102E0000042C4CF80330C9D3B3F5206F4FEA53209C
:102E10004AD2980900F1390212B200F13804D20006
:102E200088188A580838904203D15FE0926890422F
:102E300004D0516821F003019942F7D8D068CCE959
:102E40000220C0F808C03846C2F80CC0BDE8F04106
:102E5000FDF70EBFA5BB1844D2E90223D3609A60E8
:102E600040F00103CCF804304CF80000ACE7184403
:102E700046B954F8083CACEB030C1844DCE90223D7
:102E8000D3609A6040F00103CCF80430294BC1F8BC
:102E900008C01B68834297D8274B38461968FFF74C
:102EA000EBFE91E7034498E714280FD9542824D85F
:102EB000180B00F16F0212B200F16E04D200AFE7FE
:102EC00043F00101CCF8041013607DE700F15C02CF
:102ED00012B200F15B04D200A2E7C1E904CCCCE954
:102EE00002EECCF804404CF803306DE7A410012347
:102EF000A3404C6823434B60A1E7B0F5AA7F07D8F5
:102F0000D80B00F1780212B200F17704D20087E703
:102F100040F25452904206D8980C00F17D0200F124
:102F20007C04D2007CE74FF47E727E2478E700BFF9
:102F3000F8300020B43E0020F88E00202DE9F0414A
:102F4000D0F810E0BEEB611F05DC00230361002315
:102F50004361BDE8F08100F114044E1111F01F0C23
:102F600004EB8E0504EB860327D054F826100433B7
:102F70009D4221FA0CF137D9CCF1200827461A6876
:102F800002FA08F20A4347F8042B53F8041B9D4247
:102F900021FA0CF1F3D8AEEB060E4FEA8E0EAEF12D
:102FA000050E4FEA9E02231D2EF0030E43F8221059
:102FB0009E4489B10EF1040E0EE09D4288BF00F1DF
:102FC0001002C2D953F8041B42F8041F9D42F9D8DD
:102FD000AEEB060E04EB8E0EAEEB04039B10A64583
:102FE0000361B4D0BDE8F08141610029ADD0A646AF
:102FF000E0E700BF2DE9F04F8946096892468A78DC
:1030000085B0302A0090029340F01C82CB1C1A78C5
:10301000302A1C4603F10103F9D0A4EB0108A8F102
:103020000208B04EB35C002B00F0EE802378F25C17
:1030300000231D46002A00F06F81274617F8012F54
:10304000B25C002AFAD1A849019301223846FFF761
:10305000AFFA019B834600284FD03A78002D00F04C
:10306000C781A5EB070B4FEA8B0B02F0DF02502A5A
:103070003D464FD0C9F80070002B74D12A1B013A8D
:10308000072A194604DD5210072A01F10101FADC72
:10309000009802F0EDFB8146002800F0988200F1D4
:1030A0001407AC42019780F00082A1464FF000085F
:1030B000039000240CE0202C19D0214604342A78F7
:1030C000B25C02F00F028A4048EA02084D4553D034
:1030D00015F8012D2E2AEED14D45ECD3824901225F
:1030E0002846FFF765FA0028F0D0202CE5D1002112
:1030F00047F8048B04248846E1E7002D00F0958111
:103100003A7802F0DF02A5EB070B502A4FEA8B0B4F
:103110003D46AFD16A782B2A00F068812D2A40F015
:10312000E5800120AA78B15C4A1E182A05F1020741
:1031300000F2E5807A78B25C1039013752B90BE0C1
:1031400001EB810102EB4102A2F1100117F8012FFE
:10315000B25C0AB1192AF3DD00B149428B44C9F8C7
:103160000070002B8AD0B8F1000F0CBF0624002499
:10317000204605B0BDE8F08FDDF80C9047F8048BD1
:10318000019BFF1ABB104046C9F8103002F04AFC00
:10319000DAF80050C0EBC700A84255DCC0F22A8123
:1031A000DAF808305B45C0F21881DAF804309B4544
:1031B00080F2A780A3EB0B0BAB4570DA0BF1FF3469
:1031C000002C40F0858126466311019A04F01F040B
:1031D00052F823200123A3401342A5EB0B055946C7
:1031E000484600F08481FFF7A9FEDAF80C40DAF8CF
:1031F00004B0022C00F03981032C00F09281012CE4
:1032000000F08B8112247DE0374901222046FFF730
:10321000CFF90346002840F081806278B15C651CDC
:1032200000297DD0302A2C4640F07D8114F8013FE2
:10323000302BFBD0F25CB2FA82F34FF001085B094D
:10324000002A7FF4FAAE67E0441B2146484603F0AB
:1032500049F8064678B1621E53110199012651F8CA
:10326000231002F01F0306FA03F30B4203D0B2420D
:1032700000F33481022621464846FFF75FFEDAF864
:103280000830A3445B45C0F2A880DAF804305B45FF
:1032900040F3DC80A3EB0B0B5D4500F30A81DAF809
:1032A0000C20022A44D0032A00F02B81012A42D1AB
:1032B000AB4540D1BBF1010F08D00BF1FF314846BF
:1032C00003F010F8002836D0DAF8043002990B60C9
:1032D000019B0122C9F810201A600E9B6224C3F8DA
:1032E000009045E700250020101B0020B15C4A1E1D
:1032F000182A05F101074FF000007FF61BAF2F469B
:10330000B8E601240E9BC3F80090029B2046C3F848
:1033100000B005B0BDE8F08F274694E62278254638
:1033200002F0DF02502A00F0E880C9F800501AE7E6
:103330000F9A002ACAD00098494602F0C3FA5024D6
:103340000E9A00232046136005B0BDE8F08FD9F82F
:1033500008309E4280F2EA8009EB8602731C01214C
:10336000022CC9F81030DDF80480516100F0CE80E5
:10337000002B40F3008108EB830409F11801D9F810
:1033800014308C424FEA530340F2158140460A68DC
:1033900043EAC27340F8043B51F8043B8C424FEAC5
:1033A0005303F4D8A4EB0902193A08F10401900878
:1033B00022F0030241F820300A4403B10432A2EBA8
:1033C00008039B104245C9F8103000F0D780DAF8A6
:1033D00008300BF1010B5B4565DA0098494602F0B5
:1033E00071FA0E9A0023A3241360C1E6002099E627
:1033F000AB463AE62C1A49460098224602F0CAFC2F
:10340000DAF80830ABEB040B9B458146E5DCDAF8D3
:1034100004309B45BFF675AFA3EB0B0B00F1140214
:10342000AB450192BFF63BAFC8E67A78B15C7D1C34
:103430002F4600293FF419AE17F8012FB15C00297F
:10344000FAD10EE68C1C4FF00008EAE50124002EAC
:103450003FF458AFDAF80C30022B06D0032B08D01B
:10346000012B2DD044F010044CE70F9BC3F1010356
:103470000F930F9B002BF5D0019AD9F8106090465E
:1034800002EB8600002104E042F8041B90427FF624
:103490005EAF13685F1CF7D00133022C136035D088
:1034A00015F01F056ED121242CE7019F4FF0000875
:1034B00064E60BF1FF34002E3FF482AE012683E672
:1034C000B207CFD5019B1B681E43F307D4D4C9E7CD
:1034D0002146484602F006FF064675E6A11E48460C
:1034E00002F000FF00283FF4C5AE0326C3E6FFF755
:1034F00025FD0224DAF804B0A9E74FF0000B012300
:1035000008E60F9A002A7FF4E1AE14E7DAF80030FB
:10351000013BAB4243D02224F4E646F002060224EB
:10352000D0E70224A5E74FF0010886E5D9F804109A
:103530000098013102F09CF90746002841D0D9F8E3
:10354000103002339A0009F10C010C30FAF714FD27
:103550004946009802F0B6F93B69012107EB830266
:10356000022C0B443B6107F114085161B946CDD0E0
:103570009E4295DAFCE60023C9F810300023C9F812
:10358000143024E708EB8606C5F1200556F8040C34
:1035900002F048FAA84286DAD9F81030E8E66B1152
:1035A00005F01F0558F823200123AB40134214BF38
:1035B00021242224A6E6C8F80030002BDBD04246A6
:1035C000FCE6064B06483A46842103F08FF9034B8C
:1035D00003484A46E42103F089F900BFB0200020E7
:1035E000C42000200139036811F8012F03F1010CF8
:1035F000A2B100B502E011F8012F5AB11CF8013B4D
:10360000A3F1410EBEF1190F98BF20339342F2D0BF
:10361000002000BDC0F800C0012000BDC0F800C0FF
:10362000012070472DE9F04F0B6815465A1105EB44
:10363000820213F01F0385B00CBF904602F104080C
:10364000009382460CBF131F13460268002048F8FF
:10365000040C5178002900F0B3801C469C46CDF83C
:1036600004A00B46654E8646013281468246474697
:10367000214610E0202B00F29D80504508DDA44536
:1036800002D2BEF1070F68DD65455DD34FF0080E2D
:1036900012F8013FCBB116F80380B8F1000FE9D062
:1036A0000EF1010EBEF1080F00F1010041DCDCF863
:1036B00000304FEA031B08F00F0848EA0B03CCF870
:1036C000003012F8013F002BE5D1B8460B46002828
:1036D00076D0A44502D2BEF1070F79DD65455AD2F6
:1036E000291F624652F8040B41F8040F9A42F9D997
:1036F000A3EB0C02591C22F003020CF1010C8C45C7
:1037000088BF0022291D0A440020114604329A4233
:103710000860FAD958F8041C19B106E053F8042DD2
:103720001AB99D42FAD101232B60052005B0BDE8EE
:10373000F08F6545ACD24CF8049C4FF0000BACF117
:10374000040C4FF0010EB6E7ACF104044CF8049CF5
:103750008246A4464FF0000E9AE7CEF1080E4FEADB
:103760008E0ECDE902C7DCF80030E046CEF1200B2A
:103770009446D8F8042002FA0BF71F4322FA0EF3FE
:10378000C8F8007048F8043FA045F2D36246039F92
:10379000DDF808C078E7009A58F8041C002ABBD06E
:1037A000C2F120024FF0FF3020FA02F2114048F837
:1037B000041CB1E7292BDDF804A0B8460B4603D062
:1037C000042005B0BDE8F08F0132CAF800207EE782
:1037D000CEF10802DCF800109200C2F1200E66461D
:1037E0000846776807FA0EF1014327FA02F03160C4
:1037F00046F8040FA642F4D370E700BF002500206E
:1038000082B049B15AB16BB113780B601278101EB7
:1038100018BF012002B0704701A9002AF3D1104659
:1038200002B070476FF00100F4E700BF2DE9F04FE0
:103830002DED028BD1B00C4607919046099382463C
:1038400002F048FF036811931846FFF757F9082262
:103850001090002120A8FEF767FEA389180603D563
:103860002369002B01F06E8000239FED728BCDE960
:103870002533CDE9143327AA0D93249217461293CA
:103880001393059345462C466C4BD3F8CC61FEF759
:103890003FFF20AA034600921AA922465046B0478D
:1038A000002800F09880C0F28E801A9A252A0346DC
:1038B00001D01C44E8E7B4EB0508064640F08F80D1
:1038C00000234FF0FF328DF85F309B4606930134A2
:1038D0002378049201349946A9F120035A2B00F26F
:1038E000AF80DFE813F0FE02AD00AD00FA02AD00DC
:1038F000AD00AD00DD02AD00AD00A802B702AD0025
:10390000B302C002AD00BC025B005B005B005B0069
:103910005B005B005B005B005B00AD00AD00AD00D9
:10392000AD00AD00AD00AD002101AD009C01AC03C8
:10393000210121012101AD00AD00AD00AD00A803C2
:10394000AD00AD000803AD00AD00AD007302AD00E9
:103950006103AD00AD009807AD00AD00AD00AD0056
:10396000AD00AD00AD00AD002101AD009C018701AF
:10397000210121012101ED0387016C00AD00080444
:10398000AD00F8033D0413046C00AD0073026A003F
:103990008303AD00AD00FB07AD006A00A9F1300361
:1039A000002214F8019B02EB820203EB4202A9F110
:1039B0003003092BF5D906928EE723788AE723781E
:1039C0004BF0200B86E70822002120A8FEF7ACFD73
:1039D00001231C4458E7B4EB0508064610D025998E
:1039E000269B013143440729C7E9005826932591B6
:1039F00017DC0837059B43440593002E7FF460AF26
:103A0000269B002B41F00383079B9B8903F0400317
:103A1000002B41F0CF86059851B0BDEC028BBDE87C
:103A2000F08F079924AA504602F09EFC0028EBD1A3
:103A300027AFDFE700000000000000005C3C002032
:103A4000B9F1000FDCD00023CDE90B3301228DF852
:103A5000DC908DF85F3008930A9204930E9337AD93
:103A60000292269A1BF08403904600F005819DF88F
:103A70005F1009B3DDF894C000260CF101010120AC
:103A80000132786007290DF15F00CDE92512386019
:103A900000F33E8408377EB1DDF894C00CF10101DB
:103AA00018A80232386007294FF00200CDE925122C
:103AB000786000F320840837802B00F06583049B36
:103AC0000A995E1A002E00F3E8801BF4807F40F014
:103AD00021810A9B7B601A44259B3D600133072BA3
:103AE0002692259300F3BC8308371BF0040F05D002
:103AF000069B02995D1A002D00F31884DDE905315B
:103B000002988142ACBF5B181B180593002A40F055
:103B1000778300232593089B1BB108995046FFF734
:103B200001F927AF2546AEE6099B073323F00703CB
:103B3000B3EC028B9FEDA17BB0EEC86BB4EE476B8C
:103B4000F1EE10FA099300F33986B4EE488BF1EEEA
:103B500010FA81F14685B9F1610F01F07A83B9F16C
:103B6000410F01F07084049B013301F07F82B9F1B1
:103B7000670F18EE903A4BF4807801F0F584B9F1B4
:103B8000470F01F0F1840023089318EE903A002BC0
:103B9000C1F20885B0EE487B0026A9F14103252B30
:103BA00001F2DD81DFE813F0A50CDB09DB09DB099D
:103BB000700ADD0ADB09DB09DB09DB09DB09DB094C
:103BC000DB09DB09DB09DB09DB09DB09DB09DB09D5
:103BD000DB09DB09DB09DB09DB09DB09DB09DB09C5
:103BE000DB09DB09DB09DB09A50CDB09DB09DB09E8
:103BF000700ADD0A1BF0200F40F0DE85099A1BF0E9
:103C0000100F52F8046B41F01C861BF0400F099214
:103C100001F08E8046F3C038434636B21FE2B9F158
:103C2000430F03D01BF0100F00F06586082200211F
:103C300022A8FEF779FC099A37AD126822AB294613
:103C4000504602F0DBFD0A90013001F0AE850A9B80
:103C500023EAE3730293099B269A04330993002312
:103C6000CDE90B338DF85F30089304930E931BF06E
:103C7000840390467FF4FBAE0699029E8E1B002EB5
:103C800000F321849DF85F1000297FF4F3AE049BBC
:103C90000A995E1A002E7FF718AF4A49259B0F91AB
:103CA000102E27DD39464FF0100837462E462546A0
:103CB000079C04E0103F102F01F1080116DD0133CD
:103CC00040481032072BC1E90008CDE92532F1DD6B
:103CD00024AA2146504602F047FB002840F0988273
:103CE000103F102FDDE9253227A9E8DC2C463546A8
:103CF0003E460F4601330F9939603244072BCDE918
:103D000025327E6000F364841BF4807F07F108078E
:103D10003FF4DFAEB9F1650F40F3AC82B5EE408BF6
:103D2000F1EE10FA40F05283259B274939600133A8
:103D300001320121072B26922593796000F37F87BA
:103D40000837199B0D998B4280F2EB84109B1199D7
:103D50001A44C7E90013259B26920133072B2593AC
:103D600000F3D38508370D9B5D1E002D7FF7BDAE98
:103D70001449259B0F91102D40F39787A146DDF83C
:103D80001C8010260C4604E00837103D102D40F32F
:103D90008B8701331032072BC7E90046CDE9253266
:103DA000F2DD24AA4146504602F0DEFA002840F037
:103DB0002F82DDE9253227AFE7E700BFFFFFFFFFD6
:103DC000FFFFEF7FD4300020000C0020DDF82480BE
:103DD00058F8045B00238DF85F30002D00F0A185BA
:103DE000B9F1530F00F037871BF010030B9340F02D
:103DF0003287049B002BC1F2FC801A460B9928469F
:103E000002F0ACFC9DF85F300890002801F0488477
:103E1000089A521B0A9222EAE27202920BB1013214
:103E200002920B9BCDF8248004930E930C9308937D
:103E30004FF0730915E6099B53F8042B0692002AEC
:103E400080F27584069A09935242069223784BF0C9
:103E5000040B3FE52B238DF85F3023783AE5237878
:103E60004BF0800B36E5214611F8019BB9F12A0F82
:103E700001F09084A9F13003092B98BF002201F2D0
:103E8000DD8211F8019B02EB820203EB4202A9F1F1
:103E90003003092BF5D942EAE27304930C461BE583
:103EA000504602F017FC436813931846FEF726FEAF
:103EB00015900646504602F00DFC82682378149255
:103EC000002E3FF407AD002A3FF404AD1278002A1B
:103ED0003FF400AD4BF4806BFCE423784BF0010B16
:103EE000F8E49DF85F202378002A7FF4F3AC2022C9
:103EF0008DF85F20EEE41BF0200F4BF0100000F077
:103F00002884099B073323F007031A46596852F89F
:103F1000083B099200228DF85F20049A002A18DBE2
:103F200053EA010220F4906B15D1049A9AB910F06B
:103F300001031A46029300F0738630238DF83F3157
:103F4000049B0A92CDE90B330E9308930DF23F15B3
:103F500087E520F4806B50AD03F00702DB0843EAED
:103F60004173C908303253EA0106284605F8012D8D
:103F7000F2D11BF0010F00F01582302A00F01282FE
:103F80003023049905F8013C023850AB1B1A9942C2
:103F90004FF00002B8BF1946CDE90B2208920A93F0
:103FA000054602910E925CE51BF0200F4BF01001CC
:103FB00021D1099B1A1D099B04981B684FF000082A
:103FC00040458DF85F801E4659DB21F0800B002BA9
:103FD00040F08C850992002840F0E983CDE90B0080
:103FE0000A900E900290089050AD3AE51BF0200F19
:103FF00000F0BE835946099B073323F007020023D4
:104000008DF85F30049BD2F8048052F8086B099257
:10401000002B35DB56EA080321F0800B31D1049BDD
:10402000002B40F0C483CDE90B330A930E93029327
:10403000089350AD15E523784BF0080B4AE41BF0CC
:10404000200F4BF0100300F07A83099A073222F018
:1040500007029B46536852F8086B09929846002B5A
:10406000C0F2C282049A002A0BDB56EA08032BF046
:10407000800B06D1002A00F04187302607E0099224
:104080008B460A2E78F1000380F0BF823036049A06
:104090009DF85F308DF83F61012AB8BF012202927E
:1040A00001220A920DF23F15002B01F06D83029B55
:1040B000013302930023CDE90B3308930E93D0E430
:1040C0002378682B03BF63784BF4007B01344BF0FB
:1040D000400BFFF7FFBB099A1BF0200F02F104030E
:1040E00000F08883126805991160C917516009931F
:1040F0002546FFF7C8BB23786C2B03BF63784BF0D2
:10410000200B01344BF0100BFFF7E4BB099A049E1F
:1041100052F8041B002047F630038642ADF86030A9
:104120008DF85F000B46C0F2DB832BF0800545F075
:10413000020B002940F0D683002E00F0E68609929B
:1041400030230122CDE90A210E918DF83F310296EC
:104150000DF23F154FF078098E4608910C91A5E3BA
:104160001BF0200F40F02583099A1BF0100F52F826
:10417000043B41F05E831BF0400F00F0E9859BB2E9
:10418000099258460021C5E6069B02995E1A002E48
:104190007FF795AC8B49259B0F91102E24DD384677
:1041A0004FF010082F4619462546864C04E0103E75
:1041B000102E00F1080013DD013110320729C0E98B
:1041C0000048CDE92512F2DD079924AA504602F0F5
:1041D000CBF8E8B9103E102EDDE9251227A8EBDC5C
:1041E0002C460B463D46074601330F993960324451
:1041F000072BCDE925327E6000F3638508375EE446
:10420000079924AA504602F0AFF800283FF481AC89
:10421000089B002B3FF4F8AB08995046FEF782FD4F
:10422000079B9B8903F04003FFF7F2BB109B11999A
:104230001A44C7E90013259B26920133072B2593C7
:1042400000F3068707F108010028C1F21E810D98CE
:104250000D6001330244072BCDE92532486046DD6D
:10426000079924AA504602F07FF80028D0D1269A58
:1042700027AF3AE40D98259B012802F1010203F1D2
:10428000010307F1080140F364810120072BCDE908
:1042900025323D60786000F32C821098119E013326
:1042A0000244072BC1E90060CDE9253200F32D82DD
:1042B00008310D98B5EE408BF1EE10FA00F1FF36A3
:1042C00000F05F81013301353244072BCDE92532FF
:1042D0000D604E6000F34981083112984860013347
:1042E0000244072B1CA8CDE925320860B8DC01F197
:1042F0000807FFF7FABB07990F9324AA504602F06C
:1043000033F8002884D1269A0F9B27AFFFF7D4BB40
:1043100007990F9324AA504602F026F800287FF44C
:1043200077AF269A0F9B27AFFFF7B5BB102D259BC4
:1043300041F3D580A046DDF81C90234C102604E004
:10434000103D102D07F1080715DD01331032072B42
:10435000C7E90046CDE92532F2DD24AA4946504698
:1043600002F002F800287FF453AF103D102DDDE974
:10437000253227AFE9DC21464446884601332A44EA
:10438000072BC7E90085CDE925327FF7B7AB079941
:1043900024AA504601F0E8FF00287FF439AF269A9E
:1043A000FFF7ACBB049950AA521B91424FF0000397
:1043B000B8BF1146CDE90B3308930A9202910E93D0
:1043C000FFF74FBBD4300020842700201998002825
:1043D00040F300840B9B0D998B42A8BF0B46002B2A
:1043E00098460ADD1A44C7E90053259B26920133FB
:1043F000072B259300F3B48708370B9EB8F1000F05
:10440000A8BFA6EB0806002E00F3AB820B9B1BF4A3
:10441000806F03EB050940F0CA82199B0D998B420E
:1044200003DB1BF0010F00F07D85109911980A4401
:10443000C7E900012599269201310729259100F34A
:104440009B8708370D996E18A6EB0906CD1AAE4268
:10445000A8BF2E46002E0BDD259BC7F80090013328
:104460003244072B7E602692259300F3D3870837CA
:10447000002EA8BFAD1B002D7FF737ABB949259B98
:104480000F91102D40F31184A146DDF81C801026F9
:104490000C4604E00837103D102D40F3058401332D
:1044A0001032072BC7E90046CDE92532F2DD24AAF8
:1044B0004146504601F058FF00287FF4A9AEDDE9DF
:1044C000253227AFE7E72599102E404640F3618754
:1044D0000F943A46A846079CA34D1F4604E0103EA1
:1044E000102E02F1080216DD0131103010230729C9
:1044F000CDE9251015605360F1DD24AA2146504610
:1045000001F032FF00287FF483AE103E102EDDE96B
:10451000251027AAE8DC3B460F9C17462A4645464D
:10452000904601F1010C3218BCF1070FCDE925C20C
:10453000C7F800807E6000F336839DF85F1008376F
:10454000002940F0F880002B3FF4B9AA0B46FFF792
:10455000A5BA1BF0010F7FF498AE0120072BCDE91F
:1045600025323D6078607FF7B8AE079924AA50469F
:1045700001F0FAFE00287FF44BAEDDE9253227A9D1
:10458000ABE60D9801287FF7A8AE112875480F906B
:1045900040F3B783A046079F1025044604E0083186
:1045A000103E102E40F3AC8301331032072BC1E9CB
:1045B0000045CDE92532F2DD24AA3946504601F006
:1045C000D3FE00287FF424AEDDE9253227A9E7E7F2
:1045D000079924AA504601F0C7FE00287FF418AEC0
:1045E000269A27AFFFF771BA2D238DF85F30049B11
:1045F000764268EB4808002BFFF643AD0A2E78F1AF
:1046000000032BF0800BFFF441AD0294CDF828900D
:1046100050A9DDF8509008974FF0000C0BF480641F
:1046200026E016EB0803514843F10003A0FB0320EA
:1046300020F0030202EB90029B1AF31A4B484FF052
:10464000CC32B646474602FB03F268F1000800FB95
:104650000822A3FB0063BEF10A0F13444FEA56067B
:1046600077F10007294646EAC3764FEA53082DD36F
:104670003E4D16EB080343F10003A5FB032020F099
:10468000030202EB90029B1AF31AA3FB053268F1B6
:10469000000005FB00225B0843EAC27303EB8303BF
:1046A000A6EB430330330CF1010C01F8013C4D1E25
:1046B000002CB6D099F800306345B2D1BCF1FF0FA1
:1046C000AFD00A2E78F1000380F0B3830499029CE6
:1046D000CDF8509050AB5A1B9142B8BF1146DDF84F
:1046E0002890089F9DF85F30CDF834C00A9202915F
:1046F000DAE4079924AA504601F036FE00287FF438
:1047000087ADDDE9253227A9C7E5079924AA5046D8
:1047100001F02AFE00287FF47BADDDE9253227A9D0
:10472000C7E51BF0010F3FF4E0A9FFF70FBB0993AA
:104730002378FFF7CFB81E460023FFF79EB9099AEA
:104740000432099909920E684FEAE6789B4643467F
:1047500085E4099B1A1D099B09921B680021FFF73C
:10476000D9BB00BFD430002084270020CDCCCCCCD6
:10477000099A1BF0100052F8043B41F057801BF0DF
:10478000400100F0A8818DF85F009BB204994FF0C2
:10479000000841451E46C0F2A9812BF0800B002B7A
:1047A00040F0A481049B0992002B3FF43CAC00260E
:1047B0006CE45846FFF7A5BB5B4646E4B5EEC08BFC
:1047C000F1EE10FA2BF0800B00F11E839DF85F30A4
:1047D000B9F1470FCCBFA44DA44D002B40F0528738
:1047E0000322CDE90B3308930A9204930E930292AD
:1047F000FFF737B91BF0100F40F07C821BF0400F21
:1048000040F0A7831BF4007F00F07482099A059999
:10481000126811706BE4964E1BF0200F00F07D8142
:10482000099B073323F007031A46586852F8083BE0
:1048300009921BF0010140F05C81049A8DF85F1031
:10484000002AC0F28B8153EA00022BF4906B00F037
:10485000948103F00F02B25C8DF83F211B0943EAFB
:104860000073020953EA10100DF23F150BD003F04C
:104870000F001B09305C05F8010D43EA02731209B1
:1048800053EA0200F3D1049A50AB4FF0000E5B1BC9
:104890009A42CDE90BEEB8BF1A460A930292CDF8C0
:1048A00020E0CDF838E000293FF4DBA8029BDDE9E9
:1048B00025C2023302931BF084039046614604D163
:1048C000069E0298361A002E06DCBEF1000F3FF459
:1048D000E5A80226FFF7D1B80223F5E5654E9BE770
:1048E0004BF0020B0992634E03F00F020221B25CFF
:1048F0004FF07809B0E7099B1B688DF8DC30012385
:1049000002930A9337ADFFF7A6B9079924AA504638
:1049100001F02AFD00287FF47BAC269A27AFFFF731
:1049200022BA049B0895062B28BF062302930A93FC
:104930002B460495CDE90B334F4DCDF824800E93D3
:10494000FFF78FB840215046FBF7B6FE079B186073
:104950001861002800F06087079A40235361FEF732
:1049600083BF102E259B40F32E874448DDF81C8022
:104970000F9039464FF01009074604E00831103E09
:10498000102E40F32B8201331032072BC1E900793E
:10499000CDE92532F2DD24AA4146504601F0E4FC7F
:1049A00000287FF435ACDDE9253227A9E7E70D9B28
:1049B000DDF83880CDF83CB0EB1804930C9BDDF8A3
:1049C0001CB00B94002B4E463946DDF85090159FD5
:1049D0000E9531DDB8F1000F40F32B8108F1FF385F
:1049E0002598139B01303A440728C1E900372692E5
:1049F000259000F39F800831049B99F800009D1BCF
:104A00008542A8BF0546002D0CDD259801302A44BB
:104A10000728C1E900652692259000F35E8199F888
:104A200000000831002DACBF441B0446002C14DCF0
:104A300006440C9B002BCDDCB8F1000FCEDCDDE989
:104A40000D35EB189E42CDF850900B9CDDF83CB034
:104A5000B1460F4628BF9946DFE4102C2598074B36
:104A60002BDD10250A9310E0342100203021002096
:104A7000542100204021002068210020D430002053
:104A8000103C102C01F1080116DD0130AE4B103244
:104A90000728C1E90035CDE92502F1DD24AA5946F0
:104AA000504601F061FC00287FF4B2AB103C102CA2
:104AB000DDE9250227A9E8DC0A9B0B6001302244CE
:104AC0000728CDE925024C6000F3588399F80000CF
:104AD00008310644ADE71BF4007840F032820499B7
:104AE0008DF85F8000291E46BFF657AE0992FFF78A
:104AF000C8BA53EA000237D030228DF86020002275
:104B00008DF85F20049A8DF86190002A23DB2BF446
:104B1000906242F0020B02219BE6099A1BF0100FF3
:104B200052F8043B099214D11BF0400F0DD09BB2F8
:104B300000207EE624AA5946504601F015FC0028C4
:104B40007FF466AB269A27A956E71BF4007F40F056
:104B5000F58100206DE64BF0020B022103F00F02FD
:104B60002BF4806BB25C77E6049B00218B428DF8BE
:104B70005F10C0F241812BF4906B049A002A00F080
:104B8000CB80012A33788DF83F31B8BF0122002352
:104B900002920122CDE90B3308930A920E930DF293
:104BA0003F15FEF75EBF07990F9324AA504601F008
:104BB000DBFB00287FF42CAB9DF85F10269A0F9B3F
:104BC000002900F0AC801E46DDF894C0034627AFF4
:104BD000FEF753BF259B5D49396001330132012146
:104BE000072B26922593796000F37C8108370028F3
:104BF0007FF41CAB0D990BF001030B433EF475AF32
:104C0000109B11991A44C7E90013259B2692013382
:104C1000072B259300F31C8207F10801FFF717BB50
:104C2000049B0A93CDE90B330E93089350ADFEF726
:104C300018BF0C9B013B09F1FF390C93D0E6079993
:104C400024AA504601F090FB00287FF4E1AA269A9E
:104C500027AFFFF776B80822002122A81B95FDF7A1
:104C600063FC049B002B7DDB00260294CDF82080A2
:104C7000344698460EE037A9504601F0BFFD411C6E
:104C8000204400F09484404509DC06F1040600F05D
:104C9000008504461B9A925922AB002AEBD10A9454
:104CA000DDF82080029C6AE04C4601330F993960A0
:104CB0002A44072B7D60CDE925327EF715AFFFF73B
:104CC000CFBA079924AA504601F04EFB00287FF482
:104CD0009FAA269A27AFFEF7F2BE24AA594650464D
:104CE00001F042FB00287FF493AA99F80000269A6D
:104CF00027A997E6099A059912681160FFF7F7B995
:104D0000444601330F9808603244072BCDE9253221
:104D10004E607FF7E1AA28E4049BFFF784B9002BDB
:104D200000F00981DDF894C00B4627AFFEF7B6BE50
:104D30001BF4007F16BF46F3C0184FEAE67876B240
:104D40004346FFF78CB900BFD4300020000C002090
:104D50001BF4007100F0F980DBB209925846002183
:104D6000FFF7D8B822AB009300231BAA1946504680
:104D700001F06CFD0A90013000F019841B950A9B2C
:104D8000002B00F09F80632B00F34C8100230893DD
:104D900037AD0822002122A8FDF7C6FB0A9E22ABF0
:104DA00000931BAA33462946504601F04FFD864228
:104DB00040F042850A9A0023AB5422EAE272029242
:104DC0009DF85F20049312B1029A01320292CDE95C
:104DD0000B33CDF824800E93FEF743BE0F4601330C
:104DE0000F9939603244072BCDE925327E6000F3FC
:104DF00023810837FFF70ABB33788DF83F312BF456
:104E0000806B0DF23F153EE52D238DF85F30B9F133
:104E1000470F4FF000030893049340F3E68003220A
:104E2000964D0A92CDE90B330E9304230293FEF7BD
:104E300018BE159A1399AD1A2846FDF7F5FB99F897
:104E400001300BB109F101098D4A16EB080343F15A
:104E50000003A2FB030727F0030000EB97001B1AD7
:104E6000F31A4FF0CC3168F1000803FB01F102FBAB
:104E70000811A3FB023001445B0843EAC1764FEA04
:104E8000510816EB080343F10003A2FB031020F0C6
:104E9000030101EB90015B1AF31AA3FB023168F1E5
:104EA00000005B0802FB001243EAC27303EB8303BA
:104EB000A6EB4303303305F8013C4FF0010C013DF4
:104EC000FFF7F8BB9DF85F30CDF82480003B18BF9A
:104ED000012302930A9B0493CDE90B330E930893AD
:104EE000FEF7BFBD079924AA504601F03DFA0028FD
:104EF0007FF48EA91998269A27AF78E69DF85F303F
:104F000002920A9250ADFFF7CFB8049B0992CDE907
:104F10000A330E930C93029350AD4FF078099E46DE
:104F20000893C3E46E18A6EB0906CD1AAE42A8BFDB
:104F30002E46FFF79DBA27AFFEF7C1BDDBB20020BA
:104F400077E48DF85F10DBB220E409925846FEF753
:104F5000E1BF099A059912681180FFF7C8B822AB22
:104F600001931BAB0093B0EE470B049A19AB0221DF
:104F700050468DED027B01F0A9FD9DED027B0546BB
:104F80001BF0010F40F05582229B5A1B199B0D927A
:104F9000D81C0B93C0F2018204999942C0F20B8194
:104FA0009A4200F392820B9B0A931BF4806F03D00A
:104FB0000B9B002B00F32D830A9B23EAE373C3466C
:104FC00002934FF0670900230E930C930BF002013C
:104FD000002E00F0CA804FF02D0E8DF85FE0029B8E
:104FE00001330293002304935DE40322254D0A92CA
:104FF00018E72846FDF782FD9DF85F300A9020EA09
:10500000E0720292002B3EF40CAFFEF708BF079C43
:1050100024AA2146504601F0A7F9A38903F04003D2
:10502000FEF7F6BC591C5046FBF746FB0546002828
:1050300000F0F6830890ACE6079924AA504601F0E8
:1050400093F900287FF4E4A8269A27AFFFF7DEB98A
:10505000079924AA504601F087F900287FF4D8A8C0
:10506000DDE92532199827A9FFF7EEB80023089348
:10507000062304934BF48078FEF787BD342100208B
:10508000CDCCCCCC30210020049B01330D930221E8
:1050900022AB01931BAB0093B0EE470B19AB0D9AFB
:1050A00050468DED027B01F011FD0D9B29F0200C87
:1050B000BCF1460F9DED027B054600EB030100F0BD
:1050C0009880B5EE407BF1EE10FA00F0D882229B7A
:1050D000994288BF4FF0450C40F2CF8230205A1CD5
:1050E00022921870229B8B42F9D35B1B0D93BCF16B
:1050F000470F199B0B9356D0BCF1460F00F08F80E1
:105100000B9B8DF87090013B002B1993C0F24C81E2
:105110002B22092B8DF8712000F34F8130228DF85E
:1051200072200DF17302303302F8013B1CABD31A2D
:1051300012930D9B129A012B1A440A9240F341825A
:105140000A9B109A13440A930A9A2BF4806343F43F
:10515000807B22EAE2720023CDE90B330E930292A8
:1051600034E7049B0D93032192E79DF85FE0BEF1C5
:10517000000F7FF434AF0496FFF795BB24AA59467D
:10518000504601F0F1F800287FF442A899F8000099
:10519000269A27A906444CE4199B0B934B1BBCF1A0
:1051A000470F0D933BD10B9B0333C0F2F680049B5A
:1051B0000B9A93420FDA0B9B013BA9F10209002BDA
:1051C0008DF870901993A3DA0B9B2D22C3F1010384
:1051D0008DF87120A2E70D9B0B9A934200F3758125
:1051E0001BF0010F0B9B00F0B282109A13440A933C
:1051F000DBE62B78302B00F06182199B1944B5EE69
:10520000407BF1EE10FAC7D0229B8B42FFF466AFD1
:105210005B1B0D93BCF1470F199B0B93C3D00B99EC
:10522000049A0BF00103002943EA020340F3CF8202
:10523000002B40F01A820B9B0A934FF066091BF477
:10524000806F40F0E8810A9B23EAE373C346029330
:10525000B9E647F63003ADF86030049B632B4BF0A2
:10526000020B00F35C8118EE903A002BC0F23B81F8
:10527000B0EE480B19A801F0F5FAB4EE007B20EE71
:10528000077BB5EE407BF1EE10FA40F0408201233F
:105290000026199337AD0896AE480499B3EE004B3B
:1052A0002B4606E0B5EE407BF1EE10FA00F00F82DF
:1052B000114627EE047BFDEEC76B4A1E16EE90CA20
:1052C00010F80CE0B8EEE65B9C4637EE457B03F841
:1052D00001EB0029E6D1B6EE005BB4EEC57BF1EE42
:1052E00010FA08DCB4EE457BF1EE10FA1ED116EE92
:1052F000902AD2071AD5CDF888C013F8011C90F86F
:105300000FC08C451A460AD14FF0300E02F801EC5E
:10531000229A511E229112F8011C6145F6D03929BA
:1053200016BF0131817AC9B202F8011C199A5B1BC0
:105330000D93B9F1610F02F1FF33199300F01F8251
:1053400050214FF04109002B8DF87010C0F20E82F1
:105350002B22092B8DF871202FDC0DF17202E2E671
:10536000079924AA504600F0FFFF00287EF450AFB2
:10537000269A27AFFFF741B8079924AA504600F0B4
:10538000F3FF00287EF444AF199B269A27AFFFF75E
:1053900059B8DFF8CC81FFF7C4B80B9BA9F102091B
:1053A000013B8DF8709019930B9A2D238DF8713075
:1053B000C2F101030832BFF6B1AE0DF17F0CDFF888
:1053C000A4E162461046AEFB0312D20802EB820152
:1053D000A3EB41013031632B00F8011C134600F1AF
:1053E000FF32EFDC303302F8013C831E634580F06E
:1053F000C8810DF1710213F8011B02F8011F63450A
:10540000F9D103F5A0736B44CC3B1B1A1CAA9B1A61
:1054100012938EE6079924AA504600F0A5FF0028B3
:105420007EF4F6AE199D0D9B269A5D1B27AFFFF704
:105430001FB8049B4FF0470CE918E0E600230C4628
:105440000493FEF749BA45F63003ADF86030049B8B
:10545000632B4BF0020B62DC18EE903A002B42DB20
:10546000B0EE480B19A801F0FDF9B4EE007B20EE78
:10547000077BB5EE407BF1EE10FA01D101231993C1
:1054800000263548089637AD07E7464210303348C6
:105490000F9052DA1027804603E00831103E102E9C
:1054A0004BDD01331032072BC1E90087CDE92532EE
:1054B000F3DD079924AA504600F056FF00287EF439
:1054C000A7AEDDE9253227A9E8E70D9B109A9A18C7
:1054D0000B9B0A92002B79DD4FF06709AFE6DFF8EE
:1054E0008080FEF74BBF0023089337AD2D26B1EE29
:1054F000487BB0EE470B19A801F0B4F9B4EE007B7D
:1055000020EE077BB5EE407BF1EE10FA04BF0123DD
:105510001993B9F1610F3FF4BFAE0F48BDE6049B8C
:105520005046591CFBF7C8F80546002800F03D819D
:1055300008904BF48078FEF728BB01330F98086081
:105540003244072BCDE925324E6000F30281083149
:10555000FEF77DBE4021002054210020D4300020E1
:1055600084270020CDCCCCCC049A002A00F0D48033
:10557000002BC0F22481B0EE487B002622AB0193C1
:105580001BAB0093B0EE470B19AB049A02215046B7
:105590008DED027B01F09AFA00239DED027B05461A
:1055A0000893EDE42D26B1EE487BFEF7F6BA079B93
:1055B0009B890022089243F04003079A9381FEF7EB
:1055C00027BE1BF0010F3FF4BFADB9E5C3F10103E6
:1055D0001A4422EAE273C3460A9202934FF0670923
:1055E000F1E418EE903A13F000432BF0800B0B938C
:1055F00000F09A802D238DF85F30B9F1470F4FF0FE
:1056000000030893049340F3F8800322944D0A9218
:1056100008E44FF0670914990B78FF2B00F0F8802D
:1056200000200B9A0E90844603E001300131FF2BDD
:1056300009D0934207DAD21A4B78002BF5D10B78B8
:105640000CF1010CF3E7CDE90B201491CDF838C033
:105650000C9A0E9B159913440A9A01FB03230A9393
:1056600023EAE373C3460293B0E4109B02EB010903
:105670004B440A934FF06609E1E55B1B0D93199BC0
:105680000B933DE50023032208930A920493FFF74E
:10569000C9BB049B029CDDF820800A93FFF76FBB17
:1056A000CDF824801BB3049B0A935A1C02920490E9
:1056B0000E900C904FF07309FEF7D3B9B5EE407B16
:1056C000F1EE10FA1ED1199B0B93194466E5002ADE
:1056D0000491FFF62BAE0499302001EB030C194620
:1056E00001F8010B6145FBD11A44531C1EE6049BD3
:1056F0000A930293089B0E930C9304934FF0730943
:10570000FEF7AFB90D9BC3F10103199376E50026AF
:105710005448089637ADC0E5934273DBB0EE487B42
:105720000123049E049329E79DF85F30B9F1470FE8
:10573000CCBF4B4D4C4D002B40F086800322049390
:105740000A920E930C9308930292FEF78AB90A9379
:105750002BE4079924AA504600F006FE00287EF4A8
:1057600057ADDDE9253227A9FEF771BD2D238DF850
:105770007130C2F101030832FFF61FAEEDE5702172
:10578000E1E502231293D4E4CDE90B3308930E93A1
:10579000FEF767B9099A63780C4652F8041B099220
:1057A00041EAE1710491FEF795B8079A938943F0B5
:1057B000400393814FF0FF330593FEF72CB92D265C
:1057C000B1EE487BDAE629490F91FFF708BBC346E3
:1057D00033B9012302934FF066090A93FFF7F3BB35
:1057E000109B03F10109049B4B440A9323EAE373E2
:1057F00002934FF06609FFF7E6BB03221A4D0A92A7
:10580000FFF710BB01232D260493B1EE487BB5E6CC
:1058100000230E930C931BE70C23CAF80030C9E752
:10582000079B08909B8943F04003C6E65946FEF764
:10583000C2BB5846FEF78FBF079B9B8943F04003CE
:10584000BBE65B46FEF77DBF002304930E930C93EB
:10585000089303230A9304230293FEF702B900BFBF
:105860003C2100204021002038210020D43000209D
:1058700030B5436C83B005460C4653B153F8240051
:1058800088B1026843F824200023C0E9033303B041
:1058900030BD2122042101F049F803466864002844
:1058A000ECD10020F3E7012101FA04F35A1D920024
:1058B0002846019301F03AF80028F2D0019B446099
:1058C0008360E1E731B1436C4A6853F82200086015
:1058D00043F82210704700BF2DE9F0410E691746CA
:1058E0000D461C4601F114024FF0000E11688BB2F8
:1058F00007FB03434FEA134C090C07FB01CC0EF1E5
:10590000010E9BB203EB0C43764542F8043B4FEA91
:105910001C44EBDC3CB1AB68B34207DD05EB86030E
:1059200001365C612E612846BDE8F081696801316D
:105930008046FFF79DFF0746B0B12A69023205F1A4
:105940000C0192000C30F8F717FBD8F844306A6865
:1059500053F82210296043F822503D4605EB860398
:1059600001365C612E61DEE7024B03483A46BA21FC
:1059700000F0BCFFB0200020702100202DE9F8438A
:10598000092B089C1E460546884617463CDD224BDF
:1059900006F10802A3FB02325208012300215B003A
:1059A0009A4201F10101FADC2846FFF761FF014646
:1059B00060B30123092F4461036113DC08F10A0479
:1059C0000927BE420BDDF61B264414F8013B0A22D0
:1059D000303B2846FFF780FFB4420146F5D1084628
:1059E000BDE8F88308F10904A146B84414F8013B66
:1059F0000A22303B2846FFF76FFF44450146F5D1A8
:105A000009EB0704083CDCE70021CDE70A46034B1D
:105A10000348D32100F06AFF398EE338B02000201C
:105A200070210020B0F5803F034636BF03040020FC
:105A30001020B3F1807F3CBF1B020830B3F1805FC0
:105A400006D3B3F1804F0FD29A0012D403307047BF
:105A50001A01B2F1804F00F1040006D29B0108D474
:105A60005B00F3D4202070471A46002AFBDB01308C
:105A700070470230704700BF0368590708D0DA0743
:105A80001FD499072AD55B0803600122104670478E
:105A90009AB282B91B0CDAB2B2B11022190701D145
:105AA00004321B09990714D0D90701D401325B08CD
:105AB000036010467047DAB24AB11A0717D10422C0
:105AC000EFE700221046704718221B0AE6E708227B
:105AD000FBE7590707D502329B08E9E79B0802223A
:105AE000036010467047DB0804D12022CEE7DB08B4
:105AF0000322DDE70332DBE738B5436C04460D468D
:105B00004BB15868B0B102685A6000220123C0E965
:105B10000323456138BD2122042100F007FF03461D
:105B200060640028EDD1094B0948002240F245117C
:105B300000F0DCFE1C220121204600F0F7FE0028C8
:105B4000F1D001220223C0E90123DEE7B0200020CA
:105B5000702100202DE9F04F0F691569AF4285B023
:105B60000E46904605DB2A4643463D468846174684
:105B70001E46D8F80830D8F80410EC19A342B8BF74
:105B80000131FFF775FE8446002800F09C80143038
:105B900000EB840E704505D20346002143F8041B38
:105BA0009E45FBD8143606EB870296427CD208F15C
:105BB000140707EB8505A5EB080308F11508A845B0
:105BC000A3F11503CDE902E44FEA930A8CBF002448
:105BD00001249146E34605E0090C34D1B14500F1BA
:105BE00004005ED956F8041B8AB2002AF4D0CDE92D
:105BF0000090B8468646002358F8041BDEF80000E3
:105C00001FFA81F94FEA114C81B202FB0911000C15
:105C1000194402FB0C0000EB114089B241EA00413B
:105C200045454EF8041B4FEA1043E5D8DDE90090E6
:105C3000002C4FEA8A0208BF00220244536056F843
:105C4000041C090CCAD00368CDF800908846BC46F5
:105C5000864600221946BCF8009008FB092909EB8A
:105C600011499BB243EA09434EF8043B5CF8043BFC
:105C7000DEF800101B0C8AB208FB032303EB194368
:105C800065454FEA1342E6D8002C4FEA8A02DDF858
:105C9000009008BF00220244B145536000F10400A7
:105CA000A0D8DDE902E4DC46002C02DC05E0013C82
:105CB00003D05EF8043D002BF9D06046CCF81040CC
:105CC00005B0BDE8F08F034B034862464FF4B17155
:105CD00000F00CFEB020002070210020F8B512F07A
:105CE0000303144607462FD10E46A4102AD03D6C5C
:105CF000002D32D004F0010364103BB92868B8B11C
:105D0000054604F001036410002BF7D02A46314603
:105D10003846FFF71FFF36B17B6C716853F82120BE
:105D2000326043F8216074B1064628680028E7D144
:105D30002A4629463846FFF70DFF002328600360F6
:105D40000546DEE73046F8BD013B0F4A52F82320F6
:105D50000023FFF7C1FD0646C7E701213846FFF7DC
:105D600087FD054640B1012340F27122C0E90432AB
:105D7000002338640360BDE7044B05482A4640F21F
:105D8000451100F0B3FD00BF3C300020B0200020E2
:105D9000702100202DE9F0470D4691462E69AB6831
:105DA000496806EB6216741C9C4207464FEA62186B
:105DB00004DD5B009C4201F10101FADC3846FFF78B
:105DC00057FD844600284FD0B8F1000F00F11400B1
:105DD0000BDD08F105010CEB81010346002243F8BD
:105DE000042B8B42FBD100EB8800296905F11403D9
:105DF00019F01F0803EB810E2ED0C8F120090246CE
:105E00004FF0000A196801FA08F141EA0A0142F864
:105E1000041B53F8041B9E4521FA09FAF2D8AEEB95
:105E20000503153B23F0030305F11502964538BF22
:105E30000023043340F803A0BAF1000F00D1344628
:105E40007B6C6A68CCF8104053F8221029606046D9
:105E500043F82250BDE8F087043853F8042B40F88B
:105E6000042F9E45F9D8EAE7034B044862464FF4F5
:105E7000EF7100F03BFD00BFB0200020702100203A
:105E800003690A6900B5B3EB020E12D100F1140CDC
:105E900014310CEB820301EB820101E09C4508D236
:105EA00053F8040D51F8042D9042F7D003D24FF06F
:105EB000FF3E704600BD4FF0010E704600BD00BFB2
:105EC0002DE9F04F17460A693B69A2EB0308B8F1C8
:105ED000000F83B00C4615D1143107F1140505EB02
:105EE000830501EB830302E0994280F0858053F83B
:105EF000046D55F8042D9642F6D080F08A804FF05C
:105F0000010805E0FBDB3B464FF000080F461C464E
:105F10007968FFF7ADFC002800F086803A692669B1
:105F2000C0F80C8007F1100107F11408834600F156
:105F3000140704F1140008EB820E944600EB860669
:105F40000023B946C2460A46019450F8041B52F891
:105F5000045F8CB21FFA85F8A8EB0408090C98447A
:105F6000C1EB154101EB28411FFA88F848EA0144CA
:105F7000864249F8044B4FEA2143E6D8A146019CEA
:105F8000301B1538153420F00300A64238BF00201E
:105F90000AEB00010431C4198E4562460846DC460E
:105FA00098BF23461AD9A7EB0A070434C61950F83C
:105FB000045B13FA85F82B442D0C05EB28459BB2A6
:105FC00043EA05498645C6F800904FEA2543EDD8D7
:105FD0000EF1FF335B1A23F003032344B9F1000FE2
:105FE00004D153F8041D013A0029FAD06046CCF8D8
:105FF000102003B0BDE8F08F0021FFF739FC844684
:1060000058B101220023C0E90423604603B0BDE873
:10601000F08F3B4627461C467AE7074B0748624607
:1060200040F2372100F062FC0246034B034840F285
:10603000452100F05BFC00BFB02000207021002053
:1060400082B08DED000B019A154B1340A3F15073F4
:10605000002B06DD00221946104641EC100B02B061
:1060600070475B42B3F1A07F4FEA235209DA4FF445
:106070000023134100221946104641EC100B02B0D8
:106080007047A2F114031E2BDABF4FF00042DA4032
:10609000012200231946104641EC100B02B0704754
:1060A0000000F07FF8B5036900F114040F4604EB1B
:1060B00083010D1F51F8046C3046FFF7B3FCC0F1AB
:1060C00020030A283B6034DDAC42A0F10B031AD256
:1060D00051F8080C2BB3C3F1200C9E4020FA0CF2AF
:1060E0001643A1F108059840AC4246F07F5343F4B3
:1060F00040131AD251F80C1C21FA0CF10843024645
:1061000043EC102BF8BD0B280AD006FA03F141F03E
:106110007F53002043F44013024643EC102BF8BD9C
:10612000002046F07F5343F44013024643EC102B0B
:10613000F8BDAC4238BF51F8081CC0F10B0C00F19F
:10614000150026FA0CFE34BF21FA0CF1002106FAE4
:1061500000F04EF07F53084343F44013024643ECF3
:10616000102BF8BD2DE9F043894683B0012157EC8F
:10617000106B9046FFF77CFB0446002846D0C7F31F
:106180000A55C7F313030DB143F480130193331E73
:1061900015D101A8FFF770FC019B6361012120303C
:1061A000216115B3A5F233450544C0F13500C9F8A6
:1061B0000050C8F80000204603B0BDE8F0836846F0
:1061C0000093FFF759FCDDE9002328B1C0F120015D
:1061D00003FA01F10A43C340002B0CBF0121022145
:1061E0006261A3612161002DDCD104EB8103A0F287
:1061F0003240C9F800001869FFF714FCC0EB4110E9
:10620000C8F80000204603B0BDE8F083034B044803
:10621000224640F20F3100F069FB00BFB0200020A1
:1062200070210020F0B583B00E4669460746FFF79F
:1062300039FF01A9304655EC104BB0EE407BFFF71B
:1062400031FF33693A69D21ADDE900315B1A03EB99
:106250004213002B09DD17EE902A02EB035545ECA3
:10626000174B87EE000B03B0F0BD10EE902A51ECF7
:10627000100BC3EB033302EB035141EC100B87EE21
:10628000000B03B0F0BD00BF0139491101F1010C51
:10629000116902F1140303EB81018B4200EB8C0CBA
:1062A00016D210B5A0F1040E53F8044B4EF8044F6B
:1062B0009942F9D8891A153921F0030104300844AC
:1062C000844504D9002340F8043B8445FBD810BD25
:1062D000844505D9002340F8043B8445FBD870472A
:1062E000704700BF03694A11934200F1140009DAB4
:1062F00000EB830302E053F8042D82B98342FAD8FD
:106300000020704700EB8203F8DD11F01F01F5D08B
:1063100050F822C02CFA01F28A409445EED00120B8
:10632000704700BF2DE9F8430746884616464FF0F0
:1063300000097568013D11D4B468A389012B08D9FF
:10634000B4F90E3001332146384602D0C04749EA3D
:106350000009013D6B1C04F16804EED13668002E83
:10636000E7D14846BDE8F8832DE9F041154692682B
:1063700002B32C6807468846083401E00834C9B1E6
:106380006B68581E002B1146686013DD54F8046CCE
:10639000002EF3D0334654F8082C4146384602F01C
:1063A00035FC431C07D0AA68921B1146AA6008342A
:1063B0000029E5D100200023C5E90133BDE8F081C3
:1063C00049B1FF2A02D80A70012070478A2303606E
:1063D0004FF0FF3070470846704700BF70B5002986
:1063E00041D006460C4610B1436B002B3ED0FBF764
:1063F000D3FF636EB4F90C20DD0730D4900538D597
:106400002146304600F04CF8E36A054633B1E169B5
:10641000304698470028B8BF4FF0FF35A3891A06C9
:1064200039D4216B41B104F14003994202D0304686
:10643000FCF778FC00232363616C21B13046FCF744
:1064400071FC00236364636E0022DB07A2811ED50A
:10645000A06DFCF74BFBFBF7A5FF284670BD002A9B
:10646000CED1FBF79FFF0025284670BDFBF776FFD6
:10647000BDE7A06DFCF73CFBB4F90C30002BBFD19D
:10648000636ED907EDD4A06DFCF734FBE9E7A06D8E
:10649000FCF730FBDCE721693046FCF743FCC0E742
:1064A000B1F90C202DE9F041804610070C4650D47C
:1064B000496842F400630029A38164DDA66A002EC6
:1064C00044D0002112F48052D8F80050C8F80010CF
:1064D00065D1E16901234046B047411C02466CD0BA
:1064E000B4F90C30A66A5B0705D56368D21A236B32
:1064F0000BB1E36BD21A0023E1694046B047471C59
:10650000B4F90C304DD1D8F800101D2940D8304ACC
:10651000CA40D6073CD52269226023F40062A281DA
:10652000D9044FF00002626003D5D8F80030002B88
:1065300041D0216BC8F8005041B104F140039942A9
:1065400002D04046FCF7EEFB002323630020BDE8A9
:10655000F0810E69002EF9D00D680E6092070CBF15
:106560004B690023AD1B8B600AE02B463246E16984
:10657000676A4046B8470028A5EB0005064406DDDB
:10658000002DF2DCE2E7E16B002997DCDEE7A3896E
:1065900043F04003A3814FF0FF30BDE8F081226D4E
:1065A000A1E72269226023F40062A281DB044FF09C
:1065B00000026260BDD52065BBE7D8F80030002B33
:1065C0008ED01D2B01D0162BE1D1C8F80050BDE7AD
:1065D0000100402000B5034683B008B1426B52B3BE
:1065E000B1F90C0098B14A6ED20701D4820512D5D8
:1065F00018460091FFF754FF00994A6E0346D007F2
:1066000002D48A8992050ED5184603B000BD034610
:10661000184603B000BD886D01930091FCF768FA3D
:10662000DDE90013E4E7886D0093FCF763FA009B53
:10663000184603B000BDCDE90001FBF78FFEDDE990
:106640000031CDE710B50C46B1F90E1000F06EF830
:10665000002803DB236D0344236510BDA38923F4C5
:106660008053A38110BD00BF2DE9F0411F46B1F951
:106670000C301646DA050C4605460BD423F480533D
:10668000A381B4F90E103B4632462846BDE8F041DE
:10669000FCF75CB80223B1F90E10002200F030F8CC
:1066A000B4F90C30EAE700BF10B50C46B1F90E1092
:1066B00000F026F8B4F90C30421C0EBF23F48053CE
:1066C00043F480532065A38110BD00BFB1F90E10C3
:1066D00000F004B800487047343E002038B5074C3D
:1066E0000023054608462360F7F7F2FD431C00D05F
:1066F00038BD2368002BFBD02B6038BD789000207C
:1067000038B58C46084C114605461A4660460023AB
:106710002360F7F7E9FD431C00D038BD2368002B48
:10672000FBD02B6038BD00BF7890002038B58C4678
:10673000084C114605461A46604600232360F7F7C9
:10674000C5FD431C00D038BD2368002BFBD02B6057
:1067500038BD00BF789000200000000001F0FF016C
:10676000102A2BDB10F0070F08D010F8013B013A7C
:106770008B422DD010F0070F42B3F6D1F0B441EAAE
:10678000012141EA014122F007047FF000070023C4
:10679000F0E80256083C85EA010586EA010685FA1A
:1067A00047F5A3FA87F586FA47F6A5FA87F68EB974
:1067B000EED1F0BC01F0FF0102F0070232B110F897
:1067C000013B013A83EA010313B1F8D1002070477D
:1067D00001387047002D06BF35460338073815F0DD
:1067E000010F07D1013015F4807F02BF013015F48D
:1067F000C03F0130F0BC0138704700BF30B50446DF
:1068000087B05BB110480193D0F8C85171B12046F0
:10681000A847421C019B10D007B030BD00F5827321
:1068200009480193D0F8C8510029F0D10A46204602
:1068300003A9A847421C019BEED100218A221960BE
:10684000226007B030BD00BF5C3C002010B582B0B4
:10685000049CCDE900344FF0FF3302F023FB02B07B
:1068600010BD00BF4DF804BD83B08DED000B019A43
:10687000DFF870C022F0004300216345016025D895
:10688000DDF800C053EA0C0C20D0DFF85CC002EA4F
:106890000C0CBCF1000F0AD19FED107B20EE077BA2
:1068A0008DED007B019A6FF0350122F00043DDE9A8
:1068B00000BC6FF31E5242F07F5C1B154CF4001CB1
:1068C000A3F2FE33CDE900BC0B4403609DED000B49
:1068D00003B05DF804BB7047AFF300800000000018
:1068E00000005043FFFFEF7F0000F07F00B50B4C2E
:1068F0002468864685B0E0689C460C4652B108493B
:106900000094CDE9011273460649624600F0F4FF97
:10691000F7F7EEFC04490A46F2E700BFC43E002048
:10692000D4210020E42100208012002010B5A1FB1A
:10693000021482B074BBF9F7BFFE034670B350F87F
:10694000042C22F00302043A242A10D8132A16D960
:106950001B2AC0E900441AD9242AC0E902440ABF0C
:10696000C0E9044400F1100100F1180108E02146DB
:106970000190FBF7D9FD019B184602B010BD0146FE
:1069800000221846C1E900228A6002B010BD00F161
:106990000801F5E7FBF7F0FE0C230360002318461F
:1069A00002B010BD2DE9F04F03690C69A34283B01A
:1069B000C0F28880013C01F1140500F1140855F87B
:1069C000243058F82420013308EB84069A420096BC
:1069D0004FEA840B05EB8407B2FBF3F63AD30023AE
:1069E0000191C64629469C4651F8042BDEF80090DA
:1069F0001FFA82FA06FB0A334FEA134A120C06FB0F
:106A000002A29BB21FFA89FAAAEB030363441FFA9E
:106A100082FCCCEB234C0CEB194C9BB243EA0C43AD
:106A20008F424EF8043B4FEA2C4C4FEA1243DBD224
:106A300058F80B3001996BB9009B043B984504D37F
:106A400007E0984504F1FF3403D21A68043B002A9A
:106A5000F7D004618146FFF713FA00282EDB0136D8
:106A60004146002255F8040BD1F800C01FFA80FE01
:106A70001FFA8CF3A3EB0E031344020CC2EB234268
:106A800002EB1C429BB243EA0243AF4241F8043B93
:106A90004FEA2242E6D258F8242008EB84036AB970
:106AA000043B984504D307E0984504F1FF3403D232
:106AB0001A68043B002AF7D0C9F81040304603B0EA
:106AC000BDE8F08F002003B0BDE8F08F2DE9F04F56
:106AD00093B08DED000B0491816B1C9D069257ECD9
:106AE000106B0446089341B1C26B4A600123934086
:106AF0008B60FEF7E7FE0023A363B7F10008B4BF85
:106B0000012300232B60A34BBCBF28F00048CDF825
:106B1000048033EA080300F092809DED007BB5EE1F
:106B2000407BF1EE10FA0DD1089A012313601D9BF2
:106B300013B11D9A984B1360984B0293029813B0AF
:106B4000BDE8F08F10AAB0EE470B11A920468DEDDD
:106B5000027BFFF707FB5FEA18539DED027B109A5B
:106B6000834640F08280119B134403F23241202976
:106B700040F3E281C1F1400108FA01F803F2124149
:106B800026FA01F148EA010106EE101AB8EE466B4A
:106B9000013B16EE901A4FF00108A1F1F8719FED3C
:106BA000772BB7EE081B9FED775B9FED784B06EEDA
:106BB000901A03EE903A36EE416BB8EEE33BA6EE48
:106BC000025BB0EE456BA3EE046BFDEEC65BB5EE6B
:106BD000C06BF1EE10FACDED055A00F1C0800599B9
:106BE000D21A162902F1FF3A00F2A4806C4B03EB93
:106BF000C10393ED006BB4EEC67BF1EE10FA00F129
:106C0000A281002A40F3C0840027CDE90A178A44F4
:106C100000230993049B092B3DD8052BC4BF043BDB
:106C20000493049BA3F10203CCBF00250125032B91
:106C300033D8DFE813F0FA01F701ED019201089A69
:106C4000C8F3130842F20F7358EA060813601BD109
:106C50001D9B002B00F04286524B029308331D9A75
:106C60000298136013B0BDE8F08F17EE901AB0EEE3
:106C7000476BC1F3130141F07F51A3F2FF3341F49D
:106C800040114FF000088AE71D9B002B40F0618106
:106C9000454B029352E7002304930025E563294600
:106CA00020468DED067BFEF7E3FD9DED067B029011
:106CB000002800F0B485119A029BA363002A75DBBB
:106CC00005990E2972DC364B03EBC10393ED003BB3
:106CD00087EE036BBDEEC66B029916EE103A3033A9
:106CE00001F8013B4FF0FF39B8EEC65BA5EE437BE0
:106CF0000123B2EE044B11E087EE036BBDEEC66BD1
:106D0000013316EE102A4B4502F13002B8EEC65B95
:106D100001F8012BA5EE437B00F0A38427EE047B52
:106D2000B5EE407BF1EE10FAE6D1059B01330493FA
:106D30000D46ECE001230B93059BBAF1000FBABF9F
:106D4000C2F101074FF0000A0027002B80F2F1800A
:106D5000059BFF1A5B42099300230A935AE7B8EE9A
:106D6000E55BB4EE465BF1EE10FA3FF438AF0599FF
:106D70000139059133E700BFAFF3008061436F63D2
:106D8000A787D23FB3C8608B288AC63FFB799F5044
:106D90001344D33F0000F07F010C0020000C0020C2
:106DA000A802002014220020202200204FF0FF39EA
:106DB0000695CDF83090B8F1000F00F0E984DDF8C9
:106DC000248002F23342012120469244BD18FEF78E
:106DD00093FE0646002F40F09F82099B002B00F097
:106DE0009383B8F1000F40F077835946099A204603
:106DF000FEF774FF01238346099301212046FEF725
:106E00007BFE0A9B8046002B40F04582049B012BB1
:106E100040F3AA820120504410F01F0000F00881C6
:106E20001B2800F3D582C0F11C00054407448244AE
:106E3000002D05DD59462A462046FEF7ABFF834666
:106E4000BAF1000F05DD414652462046FEF7A2FF8B
:106E500080460B9B002B40F00082B9F1000F40F3FD
:106E6000D781099B002B40F02481059B01330493BB
:106E7000029F012507E0594600230A222046FEF71B
:106E80002BFD0135834641465846FFF78BFD4D45A6
:106E900000F1300A07F801ABEDDB029BB9F1000FFE
:106EA00003F1010209F1FF394FF00003D8BF4FF0A1
:106EB000000991440093594601222046FEF76AFFDB
:106EC00041468346FEF7DCFF002840F32083029A08
:106ED00002E0914500F026834D4609F1FF3915F88F
:106EE000013C392BF5D0013389F80030414620466A
:106EF000FEF7E8FC5EB1009B2BB1B34203D019460C
:106F00002046FEF7DFFC31462046FEF7DBFC594603
:106F10002046FEF7D7FC00232B70089B049A1A60CA
:106F20001D9B002B3FF40AAE02981D6013B0BDE814
:106F3000F08F9A440A936BE6C1F1200106FA01F141
:106F400006EE101A22E6059B013B059300230B93E6
:106F5000F2E6AC4B0293033381E601230D93DDE9A6
:106F60000523134403F101094E46012E0C93B8BFCB
:106F70000126172E40F39C84012204235B0003F1B9
:106F80001400B042114602F10102F7D9E163204634
:106F90008DED0E7BFEF76CFC0290002800F03F8424
:106FA000B9F10E0F9DED0E7BA06346D8002D44D0A5
:106FB0000599002940F3F182934B01F00F0203EB96
:106FC000C203CD0593ED006B4FEA211340F18A8394
:106FD0008E4A92ED085B03F00F03032187EE054B09
:106FE000002B00F0FB81894A01E05B100832D807D2
:106FF00003D45B100832DE07F7D592ED005B5B101F
:1070000001F1010126EE056B00F0E8810832F2E79C
:1070100001230D93069B002B40F38B81069E0C965B
:10702000B146A6E700230D9399E700230D93F1E7FE
:107030001C20054407448244FAE6119A002AC0F253
:107040004081059B0E2B00F33C816F4B059A03EBAF
:10705000C20393ED003B069B002B80F2ED82B9F159
:10706000000F00F3E98240F08682B1EE046B23EE5C
:10707000066BB4EEC67BF1EE10FA494640F27C8214
:10708000029D312305F8013B2046FEF71BFC059BC2
:10709000023304933BE7314600230A222046FEF7E1
:1070A0001BFC0C9B002B064640F3FA83DDF8309066
:1070B0000595002F05DD31463A462046FEF76AFE6B
:1070C00006460A9B002B40F0F6823746029D6B1E57
:1070D0004B440A93009B03F001030C93414658462E
:1070E000FFF760FC31460B9000F1300A5846FEF77E
:1070F000C7FE414681463A462046FEF7E1FEC36898
:107100000146002B36D109905846FEF7B9FE099981
:1071100006902046FEF7D6FB069A002A5AD1049B19
:107120001BB90C9B002B00F0A483B9F1000F43DBCB
:107130000A9BA9469D4209F801AB00F0D782594647
:1071400000230A222046FEF7C7FBBE428346314693
:107150004FF000034FF00A02204635D0FEF7BCFB8B
:107160003946064600230A222046FEF7B5FB4D4667
:107170000746B3E72046FEF7A5FBB9F1000F08DB91
:10718000009B03F00102049B49EA030952EA090249
:107190002ED1594601222046FEF7FCFD414683468A
:1071A000FEF76EFE002840F34183BAF1390F00F07C
:1071B00024830B9B03F1310A05F801AB059B009674
:1071C000013304933E4691E6FEF786FB4D460646A4
:1071D000074683E7B9F1000FC0F28483049B49EAB4
:1071E00003090C9B53EA090900F07C83002A9FDD08
:1071F000BAF1390F00F001830AF1010305F8013BF0
:10720000DCE700BF20220020A8020020800200202E
:10721000049B022B7FF725AEB9F1000F40F00082EE
:1072200041464B4605222046FEF756FB0146804666
:107230005846FEF725FE484540F3F281029D312372
:1072400005F8013B41462046FEF73CFB059B023317
:107250000493002E7FF457AE59E641465846FEF798
:107260000FFE0028BFF6F9AD594600230A2220463A
:10727000059DFEF731FB099B013D8346002B7FF402
:107280000AAF0C9B002B40F3FE82059BDDF830908B
:1072900004930595ECE51A4601462046FEF71EFDCF
:1072A000049B012B804640F3F98100230A93D8F810
:1072B000103008EB83031869FEF7B4FBC0F120001F
:1072C000A9E50D9B73B9002F67D1099B002B74D1E1
:1072D0001D461E4691E5119A002A03DB05990E29E9
:1072E0007FF7B4AE049B012B7FF765AD099B09F1D5
:1072F000FF384345C0F27781B9F1000FA3EB0808CE
:1073000080F2BE82A7EB0903012120460D93FEF710
:10731000F3FB3D460D9F0646BAF1000F7FF75DADCA
:1073200057453B46A8BF5346ED1AFF1AAAEB030A7E
:1073300053E50021E16320468DED067BFEF798FAC8
:107340009DED067B0290002800F06982029BA363FA
:10735000002D40F09F81119AAA42C0F27C82012345
:107360000C93994606936CE6009B002B7FF452AD7C
:10737000019BC3F31303002B7FF44CAD019B23F05F
:1073800000431B0D1B05002B3FF444AD01230135C9
:107390000AF1010A0A9318463DE5BAF1000F00F020
:1073A000FE8157453B46099EA8BF5346FD1AAAEBEE
:1073B000030A2F46002E3FF420AD5946099A204675
:1073C000FEF78CFC0023834609933D461E4614E5D8
:1073D0001C283FF42DADC0F13C002AE684EE065B8C
:1073E0000B9B3BB1B7EE006BB4EEC65BF1EE10FA4F
:1073F00000F1E081B1EE0C4B06EE901AB8EEE66BB0
:10740000A6EE054B14EE901A53EC142BA1F1507319
:10741000B9F1000F00F09B80DDF814C0484643EC42
:10742000142BB64B029DFDEEC53B03EBC00212EDE3
:10743000022B13EE902A02F1300E0D9A691CB8EE61
:10744000E36B0E4635EE466B002A00F05B81B6EE2C
:10745000003B83EE025B35EE445BB4EEC65BF1EEBF
:1074600010FA85F800E000F32782B7EE001BB2EEB9
:10747000043B002518E001358542BFF62CAF26EE0F
:10748000036B25EE035BFDEEC64B14EE902AB8EEBF
:10749000E42B303236EE426BB4EEC56BF1EE10FAEF
:1074A00001F8012B00F1DF8131EE464BB4EEC54B04
:1074B000F1EE10FADFD5029A0CF1010C02E09142D4
:1074C00000F097810D4611F8013D392BF7D00133BB
:1074D0000B70CDF810C01AE5314642462046FEF743
:1074E000FDFB5A46014606462046FEF733FB594649
:1074F0000D902046FEF7E6F9099BDDF834B0B3EBBA
:10750000080309937FF471AC0123099375E403D157
:107510001AF0010F7FF4DBAC4D4619F8013D302B1A
:10752000FAD0E3E4059B029A0233049331231370EB
:10753000DCE406EE901AB1EE0C4BB8EEE66BA5EE6D
:10754000064B14EE901A53EC142BA1F1507343EC3C
:10755000142BB1EE046B35EE466BB4EEC46BF1EE5A
:1075600010FA00F35681B1EE444BB4EEC46BF1EE69
:1075700010FA7FF562AD00212046FEF7A3F9069BC5
:10758000029D5B420493C2E4059B0A939A46002342
:10759000C2F101070B93FFF73BBB00F00781059A8F
:1075A000564B524202F00F0103EBC10393ED005B17
:1075B000131127EE055B00F07981514A022101E0A9
:1075C0005B100832DD0703D45B100832D807F7D50B
:1075D00092ED006B5B1001F1010125EE065B3FF4BB
:1075E000FFAE0832F2E7099B0A9AA8EB03031A449C
:1075F000012120460A92FEF77FFACA4407EB0905EB
:107600000646CDF82480002F3FF4EFAB57453B46AC
:10761000A8BF5346ED1AFF1AAAEB030AFFF7E5BB12
:1076200041462046FEF74EF9069B029D5B420493BD
:10763000002E7FF468AC6AE4029B5E1C87EE036B4D
:10764000BDEEC66B029A16EE103AB9F1010F03F1C6
:107650003003B8EEC65B31461370A3EE457B7FF472
:1076600047AB37EE077BB4EEC37B059BF1EE10FA18
:1076700003F1010304939C4608DCB4EE437BF1EE76
:1076800010FA05D116EE103ADB0701D5029A19E778
:107690000D463CE40C95A946069589E4009B002B19
:1076A0007FF403AEDDE90012C2F31303002B00F0F8
:1076B000C4800A91FBE571682046FEF7D9F80546BB
:1076C000002800F00481336902339A0006F10C01AE
:1076D0000C30F6F751FC294601222046FEF75AFBF2
:1076E0000746F3E40221B0EE474B79E4059B009690
:1076F00001333E460493FFF7DEBB00BFA802002023
:1077000080020020029A24EE022B012882F800E079
:1077100014D0B2EE043B029A151826EE036BFDEE70
:10772000C65B15EE902A303201F8012BA942B8EE63
:10773000E54B36EE446BF0D1711E0144B6EE005BB2
:1077400032EE054BB4EEC64BF1EE10FA3FF5B3AE98
:1077500035EE425BB4EEC65BF1EE10FA0DDC119A29
:10776000002AFFF6B0AD059A0E2A3FF7ACAD059A98
:1077700003EBC20393ED003B60E70D46013915F8BA
:10778000013C302BF9D00CF101030493FFF7BFBB90
:10779000109ADDF82480C2F13602FFF714BB099E6F
:1077A000002E7FF40AAE3D46FFF727BB0221B0EE64
:1077B000475B15E6B9F1000F3FF4BBAE0C9800280B
:1077C0007FF73BACB2EE043BB1EE0C4B013106EE61
:1077D000901A25EE035B059BB8EEE66BA5EE064B13
:1077E00014EE901A03F1FF3C53EC142BA1F15073EB
:1077F00015E60CF1010C31236AE6A946392309F894
:10780000013B059B00960133029A04933E46FFF725
:1078100063BB029D312305F8013B002134E4334B67
:107820003348002240F2AF11FFF760F87FF4C4AC98
:107830001AF0010F7FF4B9ACBEE4019B23F00043C2
:107840001B0D1B05002B3FF431AD012301350AF15F
:10785000010A0A932BE50D9B002B33D101230C93D6
:10786000994606932FE50CF1010304930D46FFF7AB
:107870004EBBBAF1390FC0D091453FF79AAC9BE4AB
:107880004A46FFF7A0BA049A022A05DC059A049238
:1078900099460595FFF7ECBA0595DDF83090BBE405
:1078A000049A0595022AF8DC994602E4022197E53C
:1078B0000021E163FFF76BBB0CF1010304930D465C
:1078C000FFF725BB0D9B069399460C930EE5074BDE
:1078D00007482A4640F2EF21FFF708F8054B0293CC
:1078E000FFF72CB9002A3FF754AC65E4B020002024
:1078F00024220020142200200EB400B582B003AB75
:10790000DFF81CC053F8042B01930146DCF800009B
:1079100000F008F802B05DF804EB03B0704700BF58
:10792000C43E00202DE9F04FC5B00DF1500A83464A
:10793000049116460021082250461C460B93FAF784
:10794000F3FDBBF1000F04D0DBF83430002B00F066
:107950004987049B5A6EB3F90C30D00740F141813E
:10796000990400F1A985049943F4005322F40052CC
:107970008B814A66930401F1AE80049BB3F90C300D
:107980001D0740F1BD80049A1269002A00F0B880FA
:1079900003F01A020A2A00F0C2800023CDE919334D
:1079A000CDE90E331BAADFF86C980D931892174699
:1079B0000793B0464546D9F8CC41FAF7A9FECDF871
:1079C00000A003462A4612A95846A047002800F006
:1079D000C580C0F2BB80129A252A034601D01D44FF
:1079E000E9E7B5EB0806044640F0BC8000231946E1
:1079F0008DF8433008934FF0FF326B78059205F114
:107A00000108039108F101081946A1F120035A2B3E
:107A100000F2F280DFE813F0E603F000F000DF038D
:107A2000F000F000F000BF03F000F0000702530286
:107A3000F00012020004F000F1035B005B005B0049
:107A40005B005B005B005B005B005B00F000F00034
:107A5000F000F000F000F000F000F000F000D801BD
:107A60009F03F000F000F000F000F000F000F000E4
:107A7000F000F000F0001902F000F000F000AA01A0
:107A8000F000FB02F000F000BA05F000F000F0009A
:107A9000F000F000F000F000F000F000F000D8017D
:107AA0006801F000F000F000950368016D00F0003F
:107AB0008B03F0007D036A0320036D00F000AA0130
:107AC0006A005902F000F000FB05F0006A00A1F125
:107AD0003003002218F8011B02EB820203EB420282
:107AE000A1F13003092BF5D908928EE798F8003000
:107AF00088E7039B43F02003039398F8003081E765
:107B0000049D5846294601F0E3F8002840F0F68726
:107B1000B5F90C3003F01A020A2A7FF43EAF04993B
:107B2000B1F90E20002AFFF638AF4A6ED20702D410
:107B30009F0540F19087049923463246584601F04C
:107B400015F80790079845B0BDE8F08F082200218E
:107B50005046FAF7E9FC01231D442CE7B5EB080673
:107B6000044610D01A9B33441A93199B0133072BF8
:107B7000C7E90086199310DC0837079B3344079345
:107B8000002C7FF433AF1A9B002B40F06E87049BD0
:107B90000022B3F90C30199218E0049918AA58463B
:107BA00001F024F878B91BAFE7E7049918AA584602
:107BB00001F01CF8002800F08380099B1BB1099993
:107BC0005846FBF7AFF8049BB3F90C30049A526E99
:107BD000D0077FD55B0600F16687079845B0BDE802
:107BE000F08F9F0540F114819D047FF5BCAE900499
:107BF0007FF5C6AE00F071BF0029C4D0002301227A
:107C00008DF8AC108DF8433009930A9205932BAD93
:107C10000692DDE919C0039C14F084060146624611
:107C200026D1089B069C1C1B002C00F3ED839DF8BD
:107C3000433003B300260C960132012301317B60EF
:107C4000072A0DF14303CDE919213B6000F3868338
:107C500008370C9B63B1013211AB02313B60072A3C
:107C60004FF00203CDE919217B6000F36B830837E5
:107C7000802E00F0EE82059B0A981C1A002C00F35F
:107C800026830A9B3D6001321944072ACDE9192158
:107C90007B6000F34C830837039B5C0705D5089B8A
:107CA000069A9C1A002C00F36583DDE907320698DA
:107CB0008242ACBF9B181B18079300297FF475AF55
:107CC00000231993099B1BB109995846FBF72AF821
:107CD0001BAF6FE69A053FF57DAF049CA06DFAF7E8
:107CE00009FFB4F90C3075E7039B980640F13C841A
:107CF0000B9B073323F00702536852F8084B0B9293
:107D00001E46002BC0F23882059A002A07DB039B2F
:107D100023F08003039354EA060300F08C840A2CBA
:107D200076F1000380F0F7803034059A9DF84330F7
:107D30008DF80F41012AB8BF01220692002B00F0F6
:107D4000AF83069B0133002506930123CDE9095338
:107D50000DF20F15DDE91921039B13F08406084687
:107D600094463FF45EAF00230C9365E70B9E00231F
:107D70008DF8433056F8043B0993002B00F05585ED
:107D8000532900F07284039B13F0100440F06D84BB
:107D9000059A002AC0F2138509982146FEF7DEFCF9
:107DA0009DF84330099D002800F08B86421B0A9203
:107DB00022EAE2720692002B00F00E850132059451
:107DC00006920B960994C5E7432903D0039BDD0671
:107DD00040F127840822002116A8FAF7A5FB0B9A88
:107DE0002BAD126816AB29465846FEF707FD0A90E0
:107DF000013000F04F860A9B23EAE37306930B9B46
:107E000004330B9300238DF843300993059300E767
:107E1000049DA86DFAF76CFEB5F90C306A6E9904F2
:107E20003FF5A8AD9FE50B9B53F8042B0892002A61
:107E300080F23D83089A0B9352420892039B43F0D1
:107E40000403039398F80030DCE5039B43F0100033
:107E50009B0640F14E830B9B073323F007031A4622
:107E6000596852F8083B0B9200228DF84320059A7E
:107E7000002AC0F2118320F49062039253EA0102B7
:107E800000F01E8344AD03F00702DB0843EA4173B0
:107E9000C908303253EA0104284605F8012DF2D111
:107EA000039B13F0010340F09E82059A099344ABB3
:107EB0005B1B9A42B8BF1A460A930692A9E62B2387
:107EC0008DF8433098F800309CE503998E0600F158
:107ED000A48003990B9A11F0100052F8043B40F073
:107EE0002783039911F0400100F0CA848DF8430004
:107EF0009BB205990026B1421C4606DB039921F08E
:107F000080010391002B00F07B850A2C76F10003A1
:107F10000B92FFF409AF039B09970020CDF830B016
:107F200044A9DDF834B0069003F48067CDF82880CA
:107F300025E00690A319B54843F10003A0FB032CEC
:107F40002CF0030202EB9C029B1AE31A4FF0CC3296
:107F5000A046B64602FB03F266F1000600FB0622CD
:107F6000A3FB0043B8F10A0F13444FEA54047EF117
:107F7000000E294644EAC3744FEA53062ED3069BEB
:107F8000A24A01330693A31943F100031046A2FB52
:107F9000032525F0030202EB95029B1AE31AA3FBCB
:107FA000003266F1000500FB05225B0843EAC2735C
:107FB00003EB8303A4EB4303303301F8013C4D1E74
:107FC000002FB7D006989BF800308342B1D1FF282C
:107FD000AFD00A2C76F1000380F0AF8405999DF8AC
:107FE0004330CDF834B044AA521B9142B8BF114679
:107FF000DDE90978DDF830B00A920691002B00F037
:10800000EE83069B0133069300230993A2E6039BAC
:1080100043F010019B0640F189820B9B073323F04C
:10802000070200238DF84330059B566852F8084B31
:108030000B92002BC0F2EE8221F08003039354EAEE
:1080400006037FF46CAE059B002B40F0DE840A93A0
:108050000693099344ADDCE5059C0B990398002237
:1080600047F630039442ADF844308DF8432051F880
:10807000043BC0F2D28220F0800040F00200039066
:10808000002B00F0E58303F00F0461481B09045D39
:108090008DF80F410B9100F05685022106910DF2EB
:1080A0000F1503F00F011B09415C05F8011D43EAA0
:1080B0000273120953EA0201F3D144AB5A1B059B28
:1080C0000A929342B8BF1346069A002A00F03985F7
:1080D000DDE91921039C023314F084060693084657
:1080E000944600F0E98200230993B4E503988606DC
:1080F0003FF5B1AE03990B9ACD0652F8043B00F15F
:1081000014850398440640F1C8839BB20B9200216A
:10811000AAE603990B9A8C0602F1040340F1F08160
:10812000126807991160C91751600B9342E498F8DF
:1081300000306C2B00F08F82039A42F01002039201
:1081400060E498F80030682B00F07B82039A42F0DC
:108150004002039256E4039A940642F0100300F1A1
:1081600000820B9A04320B9903930C680B92E6176A
:108170003346002BBFF6C8AD2D238DF84330059B49
:10818000644266EB4606002BFFF6C9AD039B23F065
:1081900080030393C3E55846FEF79CFA43680F93A8
:1081A0001846FAF7ABFC0E9004465846FEF792FAD2
:1081B000826898F800300D92002C3FF423AC002A1E
:1081C0003FF420AC1278002A3FF41CAC039A42F42E
:1081D0008062039216E4039B43F00103039398F833
:1081E00000300FE49DF8432098F80030002A7FF417
:1081F00009AC20228DF8432004E4039B43F0800364
:10820000039398F80030FFF7FDBB00BFCDCCCCCC7A
:10821000402100205C3C0020404610F8011B2A2928
:1082200000F07784A1F13003092B98BF002200F2FF
:10823000178410F8011B02EB820203EB4202A1F14A
:108240003003092BF5D942EAE27305938046FFF724
:10825000DCBB089B06981C1A002C7FF70CAD102C79
:1082600040F3268438460C95AE4F049D102604E05A
:10827000103C102C00F1080015DD01321031072AE6
:10828000C0E90076CDE91921F2DD18AA2946584641
:1082900000F0ACFC00287FF490AC103C102CDDE921
:1082A00019211BA8E9DC0C9D3B46074601322144FD
:1082B000072ACDE919213B607C6000F3A482059B6D
:1082C0000A981C1A002C07F108077FF7DAAC102C6B
:1082D00040F3ED8238461026924F04E0103C102CFB
:1082E00000F1080016DD01328E4B1031072AC0E97B
:1082F0000036CDE91921F1DD049918AA584600F09D
:1083000075FC00287FF459AC103C102CDDE91921D4
:108310001BA8E8DC3B46074601322144072ACDE989
:1083200019213B607C6000F3AA800837A9E4049916
:1083300018AA584600F05AFC00287FF43EAC1A995F
:108340001BAFA9E4049918AA584600F04FFC002876
:108350007FF433ACDDE919211BAF89E4049918AA35
:10836000584600F043FC00287FF427ACDDE91921D2
:108370001BAF6EE4102C199B40F381833A46049E98
:10838000694F102504E0103C102C02F1080215DDA5
:1083900001331031072BC2E90075CDE91931F2DD47
:1083A00018AA3146584600F021FC00287FF405AC9D
:1083B000103C102CDDE919311BAAE9DC3E461746BA
:1083C00001332144072BC7E90064CDE919317FF758
:1083D0006CAC049918AA584600F008FC00287FF4F9
:1083E000ECAB1A9961E4302A00F001823023059A3F
:1083F00005F8013C023844AB1B1A9A42B8BF1A4632
:108400000A9306920546EFE000230C93102C464E8B
:10841000624623DD394610232F46049D04E0103CBC
:10842000102C01F1080117DD01321030072AC1E9D3
:108430000063CDE91920F2DD18AA2946584600F05C
:10844000D5FB00287FF4B9AB103C102CDDE91920D6
:108450001BA94FF01003E7DC3D460F4601322118FF
:10846000072ACDE919213E607C6000F37A819DF8EE
:1084700043600837002E36D00026FFF7DDBB049995
:1084800018AA584600F0B2FB00287FF496ABDDE94D
:1084900019211BAFFFF7F5BB20F480620392F1E4D2
:1084A000099301230A930DF20F15FFF7B2BB0B934B
:1084B00098F80030FFF7A6BA92047FF561AAF2E2BD
:1084C000059A002A7FF4DEAC10F00102069200F05B
:1084D000428130238DF80F31059B0A9209930DF2EA
:1084E0000F15FFF796BB0C9B002B7FF4B4ABFFF787
:1084F000C2BB0B9B1A1D0B9B0B921B680021B3E4A4
:10850000039AD00600F18C81039A510600F19582FE
:10851000039A920540F184810B9A079912681170B1
:1085200003E600BFE4300020942700200B9B1A1DB7
:108530000B9B05981B680026B0428DF843601C46D3
:1085400067DB21F080010391002B7FF4DEAC0B92FE
:10855000002840F05A820A900690099044ADFFF737
:1085600058BB0393FFF7C4BB039B0B9AD90652F881
:10857000044B3FF5F8AD039B5E0640F1768144F372
:10858000C0360B9224B23346FFF7BBBBAD48039B0A
:108590009D0640F1B5800B9B073323F007031A4675
:1085A0005C6852F8083B0B92039A12F001020692A3
:1085B00040F08C808DF84320059A002AC0F2B780E5
:1085C000039A22F49062039253EA040240F0F3808B
:1085D000059A002A00F0F68103788DF80F31012307
:1085E00006920A930DF20F15DDE91921039B13F092
:1085F00084060846944600F0A1829DF84330002B83
:1086000000F0AB82002309930C93FFF715BB8E4853
:10861000BDE70B920391FFF782BB40F0020003908D
:1086200031E50B9B1B688DF8AC30012306930A9350
:108630002BADFFF7E4BB002A00F0D4813024FFF714
:1086400074BB039B43F40073039308F1010898F88B
:108650000030FFF7D7B9039B43F02003039308F1E1
:10866000010898F80030FFF7CDB9099B1393082251
:10867000002116A8F9F758FF059B002BC0F21981BD
:108680000024069725461F460EE02BA95846FEF704
:10869000B5F8411C284400F0FD81B84209DC04F122
:1086A000040400F008820546139A125916AB002AFA
:1086B000EBD1069F05950AE1089C069B0996E41AF2
:1086C000002C7FF7C8AA02230C939FE653EA04020A
:1086D0005ED100238DF84330059B002BC0F2218131
:1086E000039B23F49063039300F0878103788DF854
:1086F0000F31069B0A93059B06930DF20F1573E746
:108700000B9A52F8043B0B92039AD40608D45206F3
:1087100002D59BB2002447E7039A960500F18181B8
:10872000002441E742F00202039202220692039AD9
:1087300022F48062039203F00F02825C8DF80F2115
:108740001B0943EA0473220953EA14147FF4A7AC0B
:108750000DF20F15B1E4059B44ADCDE90933FFF7E8
:1087600058BA049918AA584600F040FA064600285C
:108770007FF423AA9DF84330DDE91921002B40F056
:1087800089800C9B1BAF002B7FF465AAFFF773BA9F
:1087900030228DF8442000228DF84320059A8DF870
:1087A0004510002A039ABDDB22F4906242F00202D7
:1087B00003920222069203F00F02825CBEE7099D3B
:1087C0002846FAF79BF99DF843300A9020EAE072B8
:1087D0000692002B7FF4F2AA099D05930B9609934C
:1087E000FFF717BA5846F9F7B9FDFFF7B2B8059A7F
:1087F00044AB5B1B9A42B8BF1A460A930023069209
:108800000993FFF706BA049918AA584600F0EEF942
:1088100000287FF4D2A9DDE919211BAFFFF72BBA9D
:108820000B9A0799126811607FE4059B074D0B9620
:10883000062B28BF062306930A93099B0593FFF78F
:10884000E8B900BF54210020402100206821002009
:108850000B91002C00F0DC80302301228DF80F31C9
:108860000DF20F1523460A9232E4039B0B929D05ED
:108870004ABF44F3C016E61764B23346FFF741BA65
:10888000039810F4007600F0CF808DF84310DBB22F
:10889000FFF72FBB1BAFFFF7CFB9039810F40071A0
:1088A00000F0BB80DBB20B920021FFF7DDBAAC4BCE
:1088B00032E516AB0093002313AA19465846FDF77C
:1088C000C5FF0590013000F0E580099B1393059BDF
:1088D000002B7CD0632B00F3B680002309932BADD3
:1088E0000822002116A8F9F71FFE059C16AB00937D
:1088F00013AA234629465846FDF7A8FF844240F0B4
:108900001681059900236B5421EAE17206929DF8C5
:108910004320002A40F0B580CDE90A160592FFF702
:1089200078B903788DF80F31039B23F480630393A8
:10893000069B0A930DF20F1556E60E9A0F99AD1A83
:108940002846F9F771FE9BF801300BB10BF1010BD2
:10895000844AA31943F10003A2FB030C2CF003008B
:1089600000EB9C001B1AE31A4FF0CC3166F10006B5
:1089700003FB01F102FB0611A3FB023001445B087B
:1089800043EAC1744E08A31943F10003A2FB03108C
:1089900020F0030101EB90015B1AE31AA3FB023103
:1089A00066F1000002FB00125B0843EAC27303EBAE
:1089B0008303A4EB4303303305F8013C0120013D60
:1089C000FFF701BB059B0A9344A805460CE69DF8FA
:1089D0004330099D0B96003B18BF01230693059B6E
:1089E0000A9301E69DF843303BB1059BCDE909337D
:1089F000012344AD0693FFF7ADB9059BFFF727BBF5
:108A0000059B0B92002B3FF422AB0024FFF78CB99F
:108A1000059B0A9344ADFFF75BBB03980B92FFF7EE
:108A200023BADBB20024BFE505998DF84360002925
:108A30001C46BFF663AAFFF768BA0B9A079912683B
:108A40001180FFF772BB591C5846F7F735FE0546F3
:108A500000B3099044E7886DFAF74CF8FFF76BB85C
:108A6000002380460593FEF7D0BF049918AA584604
:108A700000F0BCF800283FF48AA8FFF7A4B83A4EEB
:108A80009EE4059A0A92069A0B9601320692059385
:108A9000FFF760B90498B0F90C30426E43F0400122
:108AA000D207818109D54FF0FF330793FFF795B8BF
:108AB0002B4BFFF7FBBB069F09E79905F3D4FFF7A4
:108AC0000CB99BB1059B0B965A1C06920A93059014
:108AD0000990FFF73FB9D707E5D4049B9B899E0512
:108AE000E1D4049B986DFAF705F8DCE7059A099341
:108AF000CDE905320B960A92FFF78BB8049A536EB4
:108B0000D807D0D493899905CDD4906DF9F7F2FFA9
:108B1000C9E70B9A98F8013052F8041B0B9241EA0E
:108B2000E17180460591FEF76DBF0846E3E4049AC3
:108B3000938943F040039381FFF73FB80996FFF70D
:108B400070B8069350E5059B0122012BB8BF0123A5
:108B50000DF20F150A92FFF7BBBA0993FFF788B819
:108B6000E4300020CDCCCCCC94270020F0B50D46CD
:108B7000ADF2744D164689896A6E1B92EA89ADF88A
:108B8000162021F00201EA69ADF8141009921CA91F
:108B90006A6A0291074606910B924FF480610022A7
:108BA00018A80193049107910892F9F79DFF3246A6
:108BB000019B02A93846FEF7B5FE061E07DB02A997
:108BC0003846FDF707FD002818BF4FF0FF36BDF807
:108BD00014305B0603D5AB8943F04003AB81189892
:108BE000F9F784FF30460DF2744DF0BD936810B56F
:108BF00014461BB918460023636010BD00F066F9E7
:108C00000023A3600023636010BD00BF2DE9F04383
:108C10008E681D46AE420B6883B00C4690463AD82B
:108C2000B1F90CC01CF4906F0FD13546184641467F
:108C30002A46F9F7E7FBA3689E1B2368A6602B442E
:108C40000020236003B0BDE8F0834A69096902EBA4
:108C500042025E1A02EBD2726B1C521033449342F2
:108C600094BF17461F46934288BF1A461CF4806F74
:108C7000814612D01146F7F71FFDF0B13246216947
:108C80000190F5F779F9A289019B22F4906242F0F4
:108C90008002A28105E02E46C8E7F7F7EFFF034602
:108CA00038B123613344BE1BA660676123602E4642
:108CB000BCE721694846FAF735F8A3890C2243F04E
:108CC0004003C9F800204FF0FF30A381BAE700BF8E
:108CD00010B5354B0446186882B00B4610B1426B94
:108CE000002A53D0B3F90C20110711D51869C8B167
:108CF000B3F90C2012F0010126D059694FF0000C95
:108D00004942C3F808C0996120B3002002B010BDE9
:108D1000D00640D5510723D4186942F008029A8141
:108D20000028E5D19A8902F42072B2F5007FDFD0E5
:108D300019462046019300F045FA019BB3F90C2037
:108D4000186912F00101D8D1940758BF5969996088
:108D50000028DAD11106D9D542F040029A811FE0ED
:108D6000196B61B103F14000814206D020460193A6
:108D7000F9F7D8FF019BB3F90C200021196318699A
:108D80000021C3E9000122F02402C6E70191F9F7AE
:108D9000E5FA019BA6E7092142F0400221609A8191
:108DA0004FF0FF30B2E700BFC43E00202DE9F04F86
:108DB0008BB0DDE91589149F02901C46B8F1000FB5
:108DC00057D0166801960029C34608BF4FF0FF37F9
:108DD000002588460391924606E0019B53F8040B58
:108DE0000193002837D06546AF423ED9002C3CD0D5
:108DF000DBF800300493DBF804300593019B029804
:108E00001A68D9F8C8615B4606A9B047431C33D03D
:108E100000EB050CBC453AD8039B013C002BDCD091
:108E200000280DDD08F1FF32019E06A900EB020EBD
:108E300011F8013B02F8013F7245F9D101968044D7
:108E4000019BDAF8002053F8040B01930432CAF8AE
:108E500000200028C7D10399D84609B1CAF80000FC
:108E60000022C8F800200CF1FF3528460BB0BDE801
:108E7000F08F00F58678A4E7029B05468A21002240
:108E800028461960CBF800200BB0BDE8F08FD8461B
:108E9000DDF810A0DDF814B02846C8E900AB0BB02F
:108EA000BDE8F08F00B585B0DFF81CC006980090D3
:108EB0000798019003480068CDF808C0FFF776FFD7
:108EC00005B000BDC43E00205C3C00209368002B30
:108ED00000F0B7802DE9F04FB1F90CC01CF0080F7D
:108EE00083B00C46804617462DD00B695BB31CF04F
:108EF00002033E6833D04FF0000ADFF8C4B2554693
:108F0000B9465D452B46524628BF5B464046B5B143
:108F1000E169676AB847002840F38B80D9F80830C8
:108F20001B1A8244C9F80830002B79D02D1A5D45F0
:108F30002B46524628BF5B464046002DE8D1D6E975
:108F400000A50836DDE721464046FFF7C1FE0028B0
:108F500074D1B4F90CC03E681CF00203CBD11CF0F4
:108F6000010A70D1236800975546002D54D01CF497
:108F7000007FD4F80890184600F0AB80A945CB4696
:108F800000F2E4801CF4906F34D021696269A3EB95
:108F9000010902EB420202EBD27209F10103521005
:108FA0002B44934294BF93469B46934288BF1A46F4
:108FB0001CF4806F00F0E98011464046F7F77CFB17
:108FC000002800F0F7804A4621690190F4F7D4FFA9
:108FD000A289019B22F4906242F08002A28103EBFD
:108FE00009002361ABEB0903C4F814B0A36020604F
:108FF000A946AB4651465A46F9F704FAA2682368D7
:10900000A2EB0902A260009A91685B44491B2360AD
:10901000916029B1B4F90CC0D6E900A50836A4E7DF
:10902000002003B0BDE8F08F21464046FDF7D2FA9C
:1090300068B3B4F90C3043F04003A3814FF0FF3024
:10904000EFE7002070471D469A461846B946009340
:1090500065B3002831D05246D4E904132068AA42EF
:1090600028BF2A46884204D9A16803EB010B5A4560
:109070007CDC93426DDCE169009A676A4046B84740
:10908000B0F1000BD5DDBAEB0B0ACDD00120D9F839
:109090000830A3EB0B03C9F80830002BC0D0009BAD
:1090A000A5EB0B055B440093002DD2D175683346C8
:1090B0000836002DFAD01B680093009F2A460A212B
:1090C0003846FDF74BFB002871D00130A0EB070AB2
:1090D000C1E722699A4221D36269AA421ED86FF081
:1090E0000043AB4228BF2B46E16993FBF2F3676A6A
:1090F00002FB03F340465246B847B0F1000998DD41
:10910000009A9368A3EB0903A5EB09059360002B74
:1091100086D0B4F90CC02368CA4426E7A94528BF05
:10912000A94618464A465146F9F76CF9A2682368E1
:10913000A2EB09024B44A2602360002AE0D1214641
:109140004046FDF747FA0028DAD072E7A946AB4659
:1091500050E700990192F9F755F9019AA3689B1A13
:10916000A36023681344236093468CE700995A4612
:10917000F9F748F923685B44236021464046FDF730
:1091800029FA00283FF47FAF53E74046F7F776FD12
:10919000034600287FF423AF21694046F9F7C2FD5A
:1091A000A3890C22C8F8002023F0800343E76A1C3F
:1091B000924651E70C22B4F90C30C8F800203AE787
:1091C00000FCFF7FB1F90C20930706D501F14303A2
:1091D0000122C1E904320B60704730B50B46B1F98A
:1091E0000E10002999B0044632DB02AA009300F069
:1091F0005BF80028009B29DB4FF480612046009338
:10920000039DF7F759FA009BB3F90C20002839D0D9
:1092100005F4704142F0800218601861B1F5005FFA
:109220004FF480609A8158613AD1B3F90E100093DF
:10923000204600F04DF8009BB3F90C2080B322F0DB
:10924000030242F001024FF4006117E0B3F90C2071
:10925000019312F0800F0CBF4FF480614021204633
:109260000091F7F729FA019B0099B3F90C2048B156
:10927000C3E9040142F08002186000210A439A8188
:1092800019B030BD9105FBD422F0030203F1430174
:1092900042F002020120C3E904109A811960EFE74D
:1092A0004FF40061EAE700BF38B5084C00230546DB
:1092B000084611462360F5F70FF8431C00D038BD6F
:1092C0002368002BFBD02B6038BD00BF78900020B6
:1092D00038B5074C0023054608462360F5F702F829
:1092E000431C00D038BD2368002BFBD02B6038BD59
:1092F0007890002041EC170BB5EEC07BF1EE10FA30
:1093000001D400F00BB808B581F0004100F006F878
:10931000404261EB410108BD000000009FED0B7B66
:1093200041EC160B9FED0B5B26EE077BBCEEC77B7B
:10933000B8EE474BA4EE456BFCEEC67B17EE101A59
:1093400017EE900A704700BFAFF3008000000000E6
:109350000000F03D000000000000F0415FF800F068
:10936000351700605FF800F0D51600605FF800F078
:10937000491600605FF800F0911E00605FF800F091
:0C938000351F006000000000000000002D
:04938C00F8B500BF71
:08939000946FFF7F0100000053
:1093980000000000000000000000000000000000C5
:1093A80000000000000000000000000000000000B5
:1093B80000000000000000000000000000000000A5
:1093C8000000000000000000000000000000000095
:1093D8000000000000000000000000000000000085
:1093E8000000000000000000000000000000000075
:1093F8000000000000000000000000000000000065
:109408000000000000000000000000000000000054
:109418000000000000000000000000000000000044
:109428000000000000000000000000000000000034
:109438000000000000000000000000000000000024
:109448000000000000000000000000000000000014
:109458000000000000000000000000000000000004
:1094680000000000000000000000000000000000F4
:1094780000000000000000000000000000000000E4
:1094880000000000000000000000000000000000D4
:1094980000000000000000000000000000000000C4
:1094A80000000000000000000000000000000000B4
:1094B80000000000000000000000000000000000A4
:1094C8000000000000000000000000000000000094
:1094D8000000000000000000000000000000000084
:1094E8000000000000000000000000000000000074
:1094F8000000000000000000000000000000000064
:109508000000000000000000000000000000000053
:109518000000000000000000000000000000000043
:109528000000000000000000000000000000000033
:109538000000000000000000000000000000000023
:109548000000000000000000000000000000000013
:109558000000000000000000000000000000000003
:1095680000000000000000000000000000000000F3
:1095780000000000000000000000000000000000E3
:1095880000000000000000000000000000000000D3
:1095980000000000000000000000000000000000C3
:1095A80000000000000000000000000000000000B3
:1095B80000000000000000000000000000000000A3
:1095C8000000000000000000000000000000000093
:1095D8000000000000000000000000000000000083
:1095E8000000000000000000000000000000000073
:1095F8000000000000000000000000000000000063
:109608000000000000000000000000000000000052
:109618000080E03779C34143176E05B5B5B8934666
:10962800F5F93FE9034F384D321D30F94877825A32
:109638003CBF737FDD4F1575000000000000F03F50
:109648000000000000002440000000000000594015
:109658000000000000408F40000000000088C34068
:1096680000000000006AF8400000000080842E41DD
:1096780000000000D01263410000000084D7974129
:109688000000000065CDCD41000000205FA002422F
:10969800000000E876483742000000A2941A6D42A4
:1096A800000040E59C30A2420000901EC4BCD64297
:1096B80000003426F56B0C430080E03779C3414342
:1096C80000A0D8855734764300C84E676DC1AB43B8
:1096D800003D9160E458E143408CB5781DAF1544D6
:1096E80050EFE2D6E41A4B4492D54D06CFF08044B1
:1096F800F64AE1C7022DB544B49DD9794378EA44C6
:10970800000000000000F03F000000000000F0BF73
:10971800000000000000F0BF000000000000F03F63
:1097280083C8C96D305F6441182D4454FB21F93F4B
:10973800000000000000F03F1C620CFDFFFFDFBFCF
:10974800198F06E15355A53F9D359AE887C056BF46
:10975800C3F87B024393F93E03A695595455C5BFF8
:10976800C40B23057610813F24CF7437EB9429BFAF
:10977800000000000000F03F000000000000F0BF03
:10978800000000000000F0BF000000000000F03FF3
:1097980083C8C96D305F6441182D4454FB21F93FDB
:1097A800000000000000F0BF1C620CFDFFFFDF3F5F
:1097B800198F06E15355A5BF9D359AE887C0563FD6
:1097C800C3F87B024393F9BE03A695595455C5BF08
:1097D800C40B23057610813F24CF7437EB9429BF3F
:1097E800BC89D897B2D29C3C33A7A8D523F649396F
:1097F8003DA7F444FD0FA5329D978CCF08BA5B2591
:10980800436FAC64280668110000211042206330C1
:109818008440A550C660E770088129914AA16BB1C0
:109828008CC1ADD1CEE1EFF1311210027332522268
:10983800B5529442F772D662399318837BB35AA310
:10984800BDD39CC3FFF3DEE3622443342004011438
:10985800E664C774A44485546AA54BB52885099560
:10986800EEE5CFF5ACC58DD5533672261116300608
:10987800D776F6669556B4465BB77AA719973887B0
:10988800DFF7FEE79DD7BCC7C448E5588668A778C8
:109898004008611802282338CCC9EDD98EE9AFF900
:1098A800488969990AA92BB9F55AD44AB77A966AA8
:1098B800711A500A333A122AFDDBDCCBBFFB9EEB50
:1098C800799B588B3BBB1AABA66C877CE44CC55C78
:1098D800222C033C600C411CAEED8FFDECCDCDDDA0
:1098E8002AAD0BBD688D499D977EB66ED55EF44E48
:1098F800133E322E511E700E9FFFBEEFDDDFFCCFF0
:109908001BBF3AAF599F788F8891A981CAB1EBA143
:109918000CD12DC14EF16FE18010A100C230E320BF
:109928000450254046706760B9839893FBA3DAB367
:109938003DC31CD37FE35EF3B1029012F322D2320F
:109948003542145277625672EAB5CBA5A895898537
:109958006EF54FE52CD50DC5E234C324A01481045F
:109968006674476424540544DBA7FAB79987B89707
:109978005FE77EF71DC73CD7D326F2369106B016AF
:1099880057667676154634564CD96DC90EF92FE9C7
:10999800C899E9898AB9ABA94458654806782768FF
:1099A800C018E1088238A3287DCB5CDB3FEB1EFBA7
:1099B800F98BD89BBBAB9ABB754A545A376A167A4F
:1099C800F10AD01AB32A923A2EFD0FED6CDD4DCD77
:1099D800AABD8BADE89DC98D267C076C645C454C9F
:1099E800A23C832CE01CC10C1FEF3EFF5DCF7CDF47
:1099F8009BAFBABFD98FF89F176E367E554E745EEF
:109A0800932EB23ED10EF01EDB0F49BFE4CB1640B9
:109A1800E4CB16C000000080DB0F4940DB0F49C0D3
:109A280040252E2A732A253034580A0021207365D0
:109A38007269616C206D65737361676520746F6FFF
:109A4800206C6F6E673B2064697363617264656440
:109A5800000000002320656E636F646572207265E4
:109A6800666572656E63652073617665643B206424
:109A78007269766572732064697361626C65642EBD
:109A880020526561647920666F722061206E657767
:109A9800206D6F74696F6E20636F6D6D616E642EDB
:109AA800000000002120656E636F64657220726596
:109AB800666572656E6365206163746976652062A8
:109AC80075742053415645204641494C45443B2036
:109AD80069742077696C6C206E6F74207375727668
:109AE8006976652072657365740000003D20656EB7
:109AF800636F6465725F757072696768745F7261BD
:109B08007720256C640A00003D20656E636F6465EC
:109B1800725F7265666572656E63655F73617665AF
:109B2800642025640A000000212073746570207485
:109B3800696D657220616C6C6F636174696F6E200A
:109B48006661696C65643B206D6F74696F6E206C2B
:109B58006F636B6564206F75740000000203040571
:109B6800060700006D61676E65742D6F6B2000003D
:109B78004E4F2D4D41474E4554200000746F6F2DB8
:109B88007765616B20000000746F6F2D7374726FBE
:109B98006E6700002120656E636F646572206E6FCA
:109BA800742072656164696E67202D2076616C751A
:109BB80065732062656C6F772061726520737461CC
:109BC8006C650000232041533536303020737461B2
:109BD8007475733D307825303258206167633D25B0
:109BE8006420202573257325730A0000232041472C
:109BF80043206174206D6178206761696E202D2093
:109C08006D61676E657420746F6F206661722C20B9
:109C18006D6F766520697420434C4F5345520000A0
:109C28002320414743206174206D696E2067616974
:109C38006E202D206D61676E657420746F6F2063D0
:109C48006C6F736500000000232069326320657221
:109C5800726F72733D256C75202062757320726572
:109C6800636F7665726965733D256C750A0000003F
:109C78002573000023207570726967687420726507
:109C8800666572656E6365206170706C6965643ABB
:109C980020256C6420636F756E74732C207468655E
:109CA80074613D252E32666465673B207361766971
:109CB8006E6700002320757072696768742074727B
:109CC80069616C207261696C2070726F746563746D
:109CD800696F6E202D3E2042414C5F4252414B45F8
:109CE8003B2072657475726E20746F2063656E74A4
:109CF800657220616E642073746F70002320726136
:109D0800696C207265636F76657279202D3E2042FA
:109D180052414B494E473B2070656E64756C756DBA
:109D280020636F6E74726F6C207061757365640068
:109D3800232070656E64756C756D207C746865741D
:109D4800615F646F747C203E252E326620726164E8
:109D58002F73202D3E205350494E5F4252414B45B0
:109D68003B2063656E74657220616E64207761695B
:109D7800742062656C6F7720252E326620726164CC
:109D88002F7300003D20257320252E35660A00001C
:109D980023206669726D77617265207377696E67D3
:109DA80075702D3132356D6D2D3630742D76333317
:109DB8002D7465656E737934310000002320706955
:109DC8006E73206361727420535445503D2564209E
:109DD8004449523D25643B205A3120535445503D57
:109DE8002564204449523D25643B205A322053546F
:109DF80045503D2564204449523D25640A00000031
:109E08003D20636172745F73746570735F7065720F
:109E18005F6D20252E32660A000000003D20707517
:109E28006C6C65795F74656574682025640A000048
:109E38003D20636172745F6D6D5F7065725F7265FE
:109E48007620252E32660A003D207A5F737465708D
:109E5800735F7065725F6D6D20252E32660A000093
:109E68003D20766D61785F6365696C696E67202552
:109E78002E35660A000000003D2072706D5F636534
:109E8800696C696E6720252E33660A003D20686F6D
:109E980073745F74696D656F75745F6D7320256C7D
:109EA800750A00002320766D617820697320746834
:109EB800652068617264206365696C696E673B2020
:109EC800766D61785F732F766D61785F6220736558
:109ED8006C656374207377696E672F62616C616E5D
:109EE8006365206C696D6974732E204361707475A5
:109EF800726520737065656420697320636174639B
:109F0800685F762E000000003D20656E636F646513
:109F1800725F736E617073686F74203100000000A7
:109F28003D2073657269616C5F63726331362031FD
:109F3800000000003D20636172745F696E7665728F
:109F4800742025640A0000003D20656E636F646517
:109F5800725F696E766572742025640A00000000DD
:109F68003D20656E636F6465725F726566657265D4
:109F78006E63655F6D757461626C65203100000009
:109F88003D2062616C5F66616C6C5F64656720355B
:109F9800300000003D2062616C5F73746172745F11
:109FA80064656720313000003D2062616C5F6B3171
:109FB80020252E37660A00003D2062616C5F6B32F7
:109FC80020252E37660A00003D2062616C5F6B33E6
:109FD80020252E37660A00003D2062616C5F6B34D5
:109FE80020252E37660A000023207570726967687D
:109FF800742063616C6962726174696F6E3A20687B
:10A008006F6C64207374726169676874207570205E
:10A01800616E64207374696C6C3B20647269766548
:10A0280072732064697361626C65640023207A65C9
:10A03800726F3A20686F6C642068616E67696E673A
:10A0480020646F776E20616E64207374696C6C3B5A
:10A05800207570726967687420746172676574200E
:10A0680077696C6C20626520757064617465643B07
:10A0780020647269766572732064697361626C65C5
:10A088006400000048494748000000004C4F570052
:10A09800200900006175746F0000000062616C00A7
:10A0A8006D616E75616C0000757072696768740027
:10A0B8002120656E636F6465722063616C696272EA
:10A0C8006174696F6E206163746976653B2077619E
:10A0D800697420666F722073617665642061636BB2
:10A0E8006E6F776C6564676D656E74206F72207330
:10A0F800746F7020746F2063616E63656C0000007C
:10A1080070696E670000000021207265636F7665D4
:10A118007279206163746976653B20776169742080
:10A12800666F7220636F6D706C6574696F6E206FF7
:10A1380072207573652073746F700000656E63001C
:10A1480073746F7000000000232053544F500000B8
:10A158006F666600232064652D656E657267697A8F
:10A168006564202D20686F6C6420746865207261B6
:10A17800696C00002320656E657267697A65640002
:10A188002120656E636F646572206E6F7420686548
:10A19800616C74687900000023205357494E475575
:10A1A80050000000212073746F70206265666F7222
:10A1B80065207374617274696E6720616E207570B2
:10A1C800726967687420747269616C0023204D415C
:10A1D8004E55414C00000000760000007A760000E1
:10A1E8007A73746F70000000212073746F7020619F
:10A1F8006E6420706C6163652063617274206174A1
:10A2080020706879736963616C2063656E74657228
:10A21800206265666F726520686F6D6500000000DA
:10A22800232078203D2030206865726500000000FA
:10A238007A686F6D6500000023207A203D20302069
:10A248006865726500000000212075736167653AD2
:10A25800207A65726F202868616E67696E67292C9D
:10A268002075707269676874202868656C64207648
:10A278006572746963616C292C206F722075707225
:10A2880069676874203C696E746567657220302E52
:10A298002E343039353E00006D6167007261746597
:10A2A80000000000232074656C656D657472792068
:10A2B800257520487A0A0000706172616D7300008C
:10A2C8006765740021206E6F207375636820706164
:10A2D80072616D0073657400212075736167653A5A
:10A2E80020736574203C6B65793E203C76616C7503
:10A2F800653E00002120657870656374656420619F
:10A308002066696E697465206E756D6265720000FD
:10A31800212073746F70206265666F7265206368B0
:10A32800616E67696E67206D6F74696F6E206C6906
:10A338006D6974732C2062616C616E63652067615E
:10A34800696E73206F72207370696E206C696D6915
:10A35800747300002120696E76616C6964206D6FEA
:10A3680074696F6E206C696D69742028766D6178E8
:10A37800206365696C696E6720252E3566206D2F10
:10A3880073290A002120696E76616C696420706FF8
:10A398006C65733A2062616C5F707720312E2E32C3
:10A3A800302C2070772F707A20706F7369746976FB
:10A3B800652C207063312F706332206E656761747D
:10A3C800697665002120657374696D61746F722008
:10A3D8006277206D75737420626520302E312E2EC1
:10A3E80031303020487A000021207370696E206C6B
:10A3F800696D6974732072657175697265203020A2
:10A408003C207370696E5F726573756D655F72610C
:10A41800645F73203C207370696E5F747269705F4B
:10A428007261645F730000002120757365722D6C82
:10A438006F636B6564206D6178696D756D20257338
:10A4480020252E35660A0000737461740000000030
:10A4580023206D6F64653D257320656E657267699D
:10A468007A65643D25642074686574613D252B2EEA
:10A478003366207468643D252B2E326620783D258E
:10A488002B2E346620763D252B2E3366207A3D25EB
:10A498002E31666D6D206167633D256420693263E6
:10A4A8005F6572723D256C75206C6F6F703D256C11
:10A4B8007575730A000000002320454E41424C4543
:10A4C800204750494F38206F75747075743D257357
:10A4D80020284C4F573D656E61626C65642C20489E
:10A4E8004947483D64697361626C6564290A0000E4
:10A4F80023206D6F746F7220252E30662072706D68
:10A50800206E6F772C20252E30662072706D2061AA
:10A518007420766D61782C20252E30662072706D3F
:10A52800206174206365696C696E672028252E3068
:10A53800662073746570732F73206D6178290A0023
:10A5480023206F7665727370656564207265636F2A
:10A55800766572792025733B207C74686574615F29
:10A56800646F747C3D252E3266207261642F732CD3
:10A5780020726573756D652062656C6F7720252E76
:10A588003166207261642F73207768656E20636579
:10A598006E74657265640A00232073657269616C64
:10A5A80020626175643D3131353230302C20686F5E
:10A5B80073742074696D656F75743D256C75206DB5
:10A5C800732C2064726F70706564206576656E7494
:10A5D800733D256C750A0000232064726F707065E6
:10A5E8006420555342206672616D65733D256C7514
:10A5F8000A00000023204B203D205B252E336620D7
:10A60800252E336620252E336620252E33665D0AD7
:10A618000000000068656C70000000002320617570
:10A62800746F2062616C206D616E75616C20763C80
:10A638006D70733E207A763C6D6D70733E207A7330
:10A64800746F702073746F70206F6666206F6E0071
:10A658002320686F6D65207A686F6D65207A657252
:10A668006F2075707269676874205B636F756E74AC
:10A678005D206D616720656E632070696E6720726A
:10A688006174653C687A3E20736574206765742040
:10A69800706172616D7320737461740023207A6530
:10A6A800726F3A2068616E67696E6720646F776EB3
:10A6B800202D3E2073617665207570726967687415
:10A6C8002068616C662061207475726E2061776104
:10A6D800792E20757072696768743A2068656C64B1
:10A6E800207374726169676874207570202D3E202C
:10A6F800736176652063757272656E7420636F7519
:10A708006E742E002120756E6B6E6F776E20636FEE
:10A718006D6D616E642028747279202768656C708D
:10A72800272900002120636F6D6D616E6420746FAE
:10A738006F206C6F6E673B20646973636172646538
:10A74800640000005420256C7520256420252E34D3
:10A758006620252E336620252E356620252E346664
:10A7680020252E336620252E346620252E3266209D
:10A77800252E326620256420256C750A000000000D
:10A7880043414C4942524154494E4700444953437E
:10A798004F4E4E4543544544000000005357494E20
:10A7A80047494E472055500042414C414E43494E7F
:10A7B80047000000484F53543A20434F4E4E4543FC
:10A7C80054454400484F53543A20444953434F4E4C
:10A7D8004E45435445440000445249564552533A65
:10A7E80020454E41424C4544000000004452495621
:10A7F8004552533A2044495341424C4544000000D5
:10A80800454E434F4445523A204F4B00454E434F27
:10A818004445523A204E4F20444154410000000024
:10A82800414E474C453A20756E617661696C6162AC
:10A838006C6500005365652073657269616C2066FC
:10A8480061756C74206C6F670000000052454645C6
:10A8580052454E43453A20534156454400000000B6
:10A868005245463A204E454544532043414C4942BF
:10A878000000000043415254504F4C45202F2054B3
:10A8880045454E535920342E31000000414E474C67
:10A89800453A2025372E31662064656700000000A0
:10A8A800434152543A202025372E3166206D6D00E1
:10A8B80053504545443A2025362E3266206D2F7375
:10A8C80000000000252E323073000000555342204E
:10A8D800636F6D6D616E647320636F6E74726F6CFD
:10A8E800000000002120686F7374206C696E6B2073
:10A8F80074696D656F7574202D3E204641554C5422
:10A908003B20647269766572732064697361626C56
:10A91800656400004520256C7520256C6420256C35
:10A928006420257520257520256C75202564202533
:10A93800640000002120656E636F64657220737483
:10A94800616C65202D3E204641554C5400000000A6
:10A958002120656E636F6465722072656665726535
:10A968006E63652072656A65637465643A20737402
:10A978006F70206669727374000000002120656E94
:10A98800636F646572207265666572656E636520C3
:10A9980072656A65637465643A206E6F20667265D5
:10A9A800736820656E636F6465722072656164699F
:10A9B8006E670000212063616C6962726174696F5F
:10A9C8006E204641494C45443A206E656564203006
:10A9D8002E3473207374696C6C20776974682066F0
:10A9E8007265736820656E636F6465722072656155
:10A9F80064696E67733B2072657472792075707232
:10AA080069676874206F72207A65726F00000000B1
:10AA180021207261696C206C696D6974202D3E205B
:10AA28004641554C54000000232042414C414E43BE
:10AA3800450000002320757072696768742D6F6E79
:10AA48006C793B203E3530646567202D3E2062726C
:10AA5800616B652C2063656E7465722C2064697364
:10AA680061626C653B206E6F206175746F6D6174F7
:10AA780069632072657374617274000021206261D9
:10AA88006C2072656A65637465643A20616E676CF0
:10AA9800653D252E326664656720657374696D614E
:10AAA80074653D252E326664656720726174653D64
:10AAB800252E326620783D252E31666D6D3B206E41
:10AAC800656564202B2F2D31306465672C207261F9
:10AAD80074653C3D312C20783C3D33306D6D2C2025
:10AAE80073746F70706564202B206865616C74687E
:10AAF80079000000232075707269676874206661A8
:10AB08006C6C203E3530646567202D3E2042414CF8
:10AB18005F4252414B453B2072657475726E2074DA
:10AB28006F2063656E74657220616E642073746F44
:10AB3800700000002320636175676874202D3E2033
:10AB480042414C414E43450023206C6F7374206989
:10AB580074202D3E205357494E47555000000000A1
:10AB680023207261696C2068616E646F6666207864
:10AB78003D252E356620763D252E346620613D25FF
:10AB88002E33660023206261636B20696E736964EB
:10AB980065206F7065726174696E672072616E6797
:10ABA80065202D3E204D414E55414C0023206261C9
:10ABB800636B20696E73696465206F706572617478
:10ABC800696E672072616E6765202D3E2053574974
:10ABD8004E4755500000000021207261696C2072B8
:10ABE80065636F766572792074696D656F75742019
:10ABF8002D3E204641554C54000000002320726130
:10AC0800696C20737065656420616E64206163639C
:10AC1800656C65726174696F6E20736574746C65B8
:10AC280064202D3E2052455455524E5F494E53499B
:10AC38004445000023207570726967687420747237
:10AC480069616C2063656E7465726564202D3E20B1
:10AC580053544F503B20647269766572732064695F
:10AC68007361626C65643B2073656E642062616C1D
:10AC780020666F7220616E6F7468657220747269E5
:10AC8800616C0000212075707269676874207265B4
:10AC98007475726E2074696D656F7574202D3E2011
:10ACA8004641554C543B2064726976657273206442
:10ACB800697361626C656400232063656E746572F4
:10ACC800656420616E64207C74686574615F646F7C
:10ACD800747C203C252E3266207261642F73202DEF
:10ACE8003E205357494E47555000000021207370AD
:10ACF800696E207265636F766572792063656E741C
:10AD08006572696E672074696D656F7574202D3E74
:10AD1800204641554C54000023207370696E207200
:10AD280065636F76657279202D3E202573000000DB
:10AD380021206D6F74696F6E207370656564206C77
:10AD4800696D6974202D3E204641554C5400000021
:10AD580021206E6F2070656E64756C756D2072654C
:10AD680073706F6E736520746F20636172742063F3
:10AD78006F6D6D616E64202D3E204641554C543BED
:10AD880020636865636B206D6F746F7220747261E5
:10AD9800636B696E6720616E6420726563656E74AB
:10ADA800657200002120636F6E74726F6C2073747B
:10ADB800616C6C6564203E356D73202D3E204641E4
:10ADC800554C543B206472697665727320646973CC
:10ADD80061626C656400000021206D6973736564AD
:10ADE80020636F6E74726F6C20646561646C696E49
:10ADF80065202D3E204641554C543B2064726976AF
:10AE08006572732064697361626C65640000000098
:10AE1800736176656400000066616C6C6261636BE7
:10AE28003B207573652075707269676874206F724E
:10AE3800207A65726F20746F2063616C6962726139
:10AE48007465000043415254504F4C450A0A424F22
:10AE58004F54494E4700000023205465656E7379AE
:10AE680020342E3120636172742D706F6C652073ED
:10AE780077696E6775702D3132356D6D2D3630748A
:10AE88002D7633332D7465656E7379343100000087
:10AE980023207363616E6E696E67206932632E2E9C
:10AEA8002E00000020203C2D204153353630300044
:10AEB80023202020646576696365206174203078DA
:10AEC8002530325825730A0020203C2D204D543659
:10AED8003730312C20646966666572656E7420634C
:10AEE800686970002120656E636F646572206E6FFB
:10AEF8007420616E73776572696E67202D206368B0
:10AF080065636B205344413D31372053434C3D31F9
:10AF1800362C203356332C20616E6420444952204D
:10AF28007469656420746F20474E440023204153A0
:10AF38003536303020736C6F772066696C746572B3
:10AF4800202D3E2032782028302E3239206D732073
:10AF58006C616729000000002120415335363030EC
:10AF680020434F4E46207772697465206661696C8C
:10AF78006564000023206361727420252E316620E9
:10AF880073746570732F6D6D2028312F2564292CFB
:10AF9800205A20252E31662073746570732F6D6DCD
:10AFA8000A00000023206361727420737065656471
:10AFB800206365696C696E6720252E3266206D2FC7
:10AFC800730A0000232075707269676874207265BF
:10AFD800666572656E636520256C6420636F756EA7
:10AFE800747320282573293B2073746172747570FB
:10AFF8002072657461696E732069740A000000002C
:10B008002320436172742064656661756C74733AB9
:10B01800206C6566663D252E3366206D2C20766D86
:10B0280061783D252E3366206D2F732C20616D616C
:10B03800785F733D252E31662C20616D61785F62E3
:10B048003D252E3166206D2F735E322C206A6D618E
:10B05800783D252E3166206D2F735E330A0000007F
:10B0680023205374617274757020706F73697469EA
:10B078006F6E20697320783D303A20706C6163658B
:10B0880020636172742061742070687973696361E8
:10B098006C2063656E746572206265666F726520E8
:10B0A80072657365743B206E6F20686F6D696E679B
:10B0B800206D6F74696F6E2E00000000232054729B
:10B0C8006176656C20333030206D6D3B206E6F7279
:10B0D8006D616C2072616E6765202B2F2D313335C1
:10B0E800206D6D2E205072656469637469766520E1
:10B0F8006272616B696E67202D3E2072657475728D
:10B108006E20696E736964652072616E67653B20A5
:10B118006661756C74202B2F2D313430206D6D2EA7
:10B1280000000000232050656E64756C756D207CEE
:10B1380074686574615F646F747C203E252E326686
:10B14800207261642F733A206272616B652C2063F0
:10B15800656E7465722C207468656E2072657375EF
:10B168006D652062656C6F7720252E3266207261CE
:10B17800642F733B206E6F2066756C6C2D7475722E
:10B188006E20636865636B206F72206477656C6CF2
:10B198002E0A0000232062616C3A206578706C6981
:10B1A80063697420757072696768742D6F6E6C7945
:10B1B8002073746172742077697468696E20313005
:10B1C8006465673B203E35306465672066616C6C5A
:10B1D800206272616B65732C2063656E746572738F
:10B1E80020616E642064697361626C65733B206ED4
:10B1F8006F20726573746172742E0000232044728C
:10B2080069766572732044495341424C45442E2067
:10B218004D6F74696F6E20636F6D6D616E6473201E
:10B22800656E61626C653B2073746F70206469732E
:10B2380061626C657320616C6C20647269766572FA
:10B24800732E0000232072656164792E20276865BB
:10B258006C702720666F7220636F6D6D616E64730A
:10B268002E00000049444C45000000004D414E5559
:10B27800414C00005357494E475550005241494CE4
:10B288005F4252414B4500005241494C5F52455480
:10B2980055524E005350494E5F4252414B450000B3
:10B2A8005350494E5F43454E544552005350494E02
:10B2B8005F5741495400000042414C5F4252414BA4
:10B2C8004500000042414C5F43454E544552000042
:10B2D8007370696E5F747269705F7261645F730026
:10B2E8007370696E5F726573756D655F7261645FB7
:10B2F8007300000062616C5F707700006C656666C1
:10B3080000000000707A0000706331007063320042
:10B31800766D61785F730000766D61785F6200001A
:10B32800617070726F6163685F7600006361746357
:10B33800685F7600617070726F6163685F616E67E5
:10B348006C65000063617463685F646100000000FD
:10B35800766D617800000000616D61785F730000B0
:10B36800616D61785F620000616D61785F6D0000FA
:10B378006A6D61785F6D000070686173655F736FF7
:10B38800667400006A6D6178000000006B6500005B
:10B398006B7078006B64780063617463685F610048
:10B3A80063617463685F7200676976657570000031
:10B3B8007261696C0000000062770000766D616E52
:10B3C800000000007A766D61780000007A616D6196
:10B3D800780000007A74726176656C006B31000049
:10B3E8006B3200006B3300006B3400006E660000A7
:10B3F800696E697479000000616E00004C435F4318
:10B408004F4C4C41544500004C435F435459504500
:10B41800000000004C435F4D4F4E455441525900C7
:10B428004C435F4E554D4552494300004C435F54D1
:10B43800494D45004C435F4D4553534147455300E3
:10B4480042616C6C6F6320737563636565646564E2
:10B45800000000002F566F6C756D65732F64617462
:10B46800612F6A656E6B696E732F776F726B73707D
:10B478006163652F474E552D746F6F6C6368616902
:10B488006E2F61726D2D31352F7372632F6E657754
:10B498006C69622D63796777696E2F6E65776C6961
:10B4A800622F6C6962632F7374646C69622F6764BE
:10B4B800746F612D6765746865782E6300000000FD
:10B4C800494E4600696E66004E414E006E616E0040
:10B4D8003031323334353637383961626364656602
:10B4E80000000000303132333435363738394142C4
:10B4F8004344454600000000286E756C6C29000026
:10B508002F566F6C756D65732F646174612F6A6552
:10B518006E6B696E732F776F726B73706163652FD3
:10B52800474E552D746F6F6C636861696E2F617239
:10B538006D2D31352F7372632F6E65776C69622DAF
:10B5480063796777696E2F6E65776C69622F6C69AE
:10B5580062632F7374646C69622F6D707265632EF9
:10B56800630000002C2066756E6374696F6E3A2064
:10B5780000000000617373657274696F6E20222584
:10B588007322206661696C65643A2066696C65207F
:10B59800222573222C206C696E652025642573256D
:10B5A800730A0000496E66696E69747900000000CC
:10B5B8004E614E002F566F6C756D65732F64617404
:10B5C800612F6A656E6B696E732F776F726B73701C
:10B5D8006163652F474E552D746F6F6C63686169A1
:10B5E8006E2F61726D2D31352F7372632F6E6577F3
:10B5F8006C69622D63796777696E2F6E65776C6900
:10B60800622F6C6962632F7374646C69622F64744F
:10B618006F612E6300000000401F0020303F0020B3
:10B6280000000000501F0020343F002000000000F0
:10B63800641F0020D83E0020000000006C1F00207E
:10B64800CC3E002001000000681F0020D03E0020F2
:10B6580001000000741F0020D43E002001000000FB
:10B66800781F0020DC3E0020010000007C1F002025
:10B67800E03E002001000000801F0020E83E00207E
:10B6880000000000881F0020EC3E002000000000A1
:10B69800901F0020F03E0020000000009C1F0020AA
:10B6A800F43E002000000000A41F0020F83E002007
:10B6B80000000000B41F0020FC3E00200000000035
:10B6C800C01F0020E43E002000000000C81F00202A
:10B6D800003F002000000000D01F0020043F002091
:10B6E80000000000D81F00200C3F002000000000D0
:10B6F800E01F0020103F002000000000E81F00208D
:10B70800203F002000000000F41F0020083F002018
:10B7180000000000FC1F0020143F00200000000073
:10B7280000200020183F0020000000000420002016
:10B738001C3F00200000000008200020243F0020BB
:10B748000000000010200020283F0020000000001A
:10B75800182000202C3F002000000000202000209E
:10B76800383F002000000000282000203C3F002037
:10B77800000000002C200020403F002000000000B6
:10B7880034200020A43F0020000000003C200020BE
:10B798009C3F00200000000044200020A03F002023
:10B7A800000000004C200020C047002000000000DE
:10B7B80050200020C4470020000000005420002032
:10B7C800C84700200000000058200020CC47002077
:10B7D800000000000305070031504354E5B00000A5
:10B7E800E9B00000EDB00000F1B00000000000007A
:10B7F800000000000DD200009DD4000099D4000084
:10B8080095D4000091D400008DD4000089D40000A4
:10B8180085D40000000000000000000079570000F7
:10B82800A95700002D570000755700003157000038
:10B838003D5700005D5700000000000000000000B8
:10B84800F1A70000F1A500002D57000021620000BB
:10B85800E56800000000000000000000F1A70000FB
:10B86800F1A500002D5700002162000061A800002A
:10B87800690000006D000000750000007D000000F8
:10B88800D8399D270054EA2A00A4781F007B9A170C
:10B8980000000000000000000000000000000000A0
:10B8A8000000000000000000000000000000000090
:10B8B8000000000000000000000000000000000080
:10B8C80010111213141516171819000000000000A3
:10B8D800001A1B1C1D1E1F000000000000000000B5
:10B8E8000000000000000000000000000000000050
:10B8F800001A1B1C1D1E1F00000000000000000095
:10B90800000000000000000000000000000000002F
:10B91800000000000000000000000000000000001F
:10B92800000000000000000000000000000000000F
:10B9380000000000000000000000000000000000FF
:10B9480000000000000000000000000000000000EF
:10B9580000000000000000000000000000000000DF
:10B9680000000000000000000000000000000000CF
:10B9780000000000000000000000000000000000BF
:10B9880000000000000000000000000000000000AF
:10B99800A2000000F9A2000083F9A2006E83F9A2B8
:10B9A8004E6E83F9444E6E8315444E6E2915444EEF
:10B9B800FC29154427FC29155727FC29D15727FCB2
:10B9C800F5D1572734F5D157DD34F5D1C0DD34F53D
:10B9D800DBC0DD3462DBC0DD9562DBC0999562DBDC
:10B9E8003C999562433C999590433C994190433CDE
:10B9F8000020202020202020202028282828282037
:10BA0800202020202020202020202020202020202E
:10BA18002088101010101010101010101010101096
:10BA28001004040404040404040404101010101086
:10BA38001010414141414141010101010101010150
:10BA480001010101010101010101010110101010A2
:10BA58001010424242424242020202020202020222
:10BA68000202020202020202020202021010101076
:10BA7800200000000000000000000000000000009E
:10BA880000000000000000000000000000000000AE
:10BA9800000000000000000000000000000000009E
:10BAA800000000000000000000000000000000008E
:10BAB800000000000000000000000000000000007E
:10BAC800000000000000000000000000000000006E
:10BAD800000000000000000000000000000000005E
:10BAE800000000000000000000000000000000004E
:10BAF800000000003863ED3EDA0F493F5E987B3F57
:10BB0800DA0FC93F6937AC3168212233B40F1433D7
:10BB18006821A2332020202020202020202020203F
:10BB2800202020202020202020202020202020200D
:10BB38002020202000000042C8801F40B8821F40FB
:10BB48000800000000000042C4801F40B4821F406B
:10BB58000400000000C0004224801F4014821F40DF
:10BB68001000000000C0004228801F4018821F40BB
:10BB78002000000000C000422C801F401C821F4093
:10BB88004000000000C0004234801F4024821F4053
:10BB9800000100000040004264811F4054831F40A0
:10BBA800000400000040004280811F4070831F4055
:10BBB80000000200004000427C811F406C831F404F
:10BBC800000001000040004268811F4058831F4068
:10BBD80000080000004000423C811F402C831F40A9
:10BBE800010000000040004244811F4034831F4090
:10BBF800040000000040004240811F4030831F4085
:10BC0800020000000040004248811F4038831F4066
:10BC1800080000000000004204811F40F4821F4019
:10BC2800000004000000004208811F40F8821F4005
:10BC3800000008000000004218811F4008831F40D0
:10BC4800000080000000004214811F4004831F4050
:10BC5800000040000000004200811F40F0821F40A9
:10BC68000000020000000042FC801F40EC821F40E0
:10BC7800000001000000004224811F4014831F407F
:10BC8800000000040000004228811F4018831F4064
:10BC980000000008000000421C811F400C831F4068
:10BCA800000000010000004220811F4010831F4057
:10BCB8000000000200000042EC801F40DC821F40B0
:10BCC8000010000000000042F0801F40E0821F408A
:10BCD800002000000000004234811F4024831F40E0
:10BCE800000000400000004238811F4028831F40A8
:10BCF800000000800080004294801F4084821F4022
:10BD08000000040000C0004290801F4080821F4055
:10BD18000000008000800042A8801F4098821F40D9
:10BD28000000800000800042A4801F4094821F40D1
:10BD380000004000004000426C811F405C831F40AF
:10BD48000010000000C0004230801F4020821F40C9
:10BD58008000000000400042B0811F40A0831F40C7
:10BD68000000002000400042AC811F409C831F401F
:10BD7800000000100040004284811F4074831F406F
:10BD8800000004000040004288811F4078831F4063
:10BD980000000800000000422C811F401C831F4047
:10BDA800000000100000004230811F4020831F4027
:10BDB80000000020000000420C811F40FC821F4050
:10BDC800000010000000004210811F4000831F4047
:10BDD8000000200000800042C8811F40B8831F4037
:10BDE8000080000000800042C4811F40B4831F40CF
:10BDF8000040000000800042C0811F40B0831F4007
:10BE08000020000000800042BC811F40AC831F401E
:10BE18000010000000800042D0811F40C0831F40F6
:10BE28000000020000800042CC811F40BC831F40FC
:10BE38000000010000C0004274801F4064821F405F
:10BE48000000000100C0004280801F4070821F4037
:10BE58000000000800C0004284801F4074821F4018
:10BE68000000001000C000426C801F405C821F4030
:10BE78000000400000C000427C801F406C821F40D0
:10BE88000000000400C0004278801F4068821F4004
:10BE98000000000200C0004288801F4078821F40D6
:10BEA8000000002035000000CEFBFFFFCB030000A0
:10BEB800010000000000000034000000CEFBFFFF7E
:10BEC800CB0300000100000000000000000000009B
:10BED800003E5B4F5B3E3E6B4F6B3E1C3E7C3E1C08
:10BEE800183C7E3C181C577D571C1C5E7F5E1C004E
:10BEF800183C1800FFE7C3E7FF0018241800FFE705
:10BF0800DBE7FF30483A060E2629792926407F05C7
:10BF18000507407F05253F5A3CE73C5A7F3E1C1CDD
:10BF280008081C1C3E7F14227F22145F5F005F5F9D
:10BF380006097F017F006689956A60606060609489
:10BF4800A2FFA29408047E040810207E201008088E
:10BF58002A1C08081C2A08081E101010100C1E0C99
:10BF68001E0C30383E3830060E3E0E06000000002B
:10BF78000000005F00000007000700147F147F1412
:10BF8800242A7F2A12231308646236495620500057
:10BF980008070300001C2241000041221C002A1C43
:10BFA8007F1C2A08083E080800807030000808082E
:10BFB8000808000060600020100804023E5149454E
:10BFC8003E00427F400072494949462141494D336C
:10BFD8001814127F1027454545393C4A49493141D3
:10BFE800211109073649494936464949291E0000A1
:10BFF80014000000403400000008142241141414F6
:10C008001414004122140802015909063E415D59E1
:10C018004E7C1211127C7F494949363E41414122EA
:10C028007F4141413E7F494949417F090909013E14
:10C03800414151737F0808087F00417F410020403B
:10C04800413F017F081422417F404040407F021C4D
:10C05800027F7F0408107F3E4141413E7F09090964
:10C06800063E4151215E7F09192946264949493230
:10C0780003017F01033F4040403F1F2040201F3FF6
:10C088004038403F6314081463030478040361597B
:10C09800494D43007F4141410204081020004141BD
:10C0A800417F040201020440404040400003070869
:10C0B8000020545478407F28444438384444442865
:10C0C800384444287F385454541800087E0902180C
:10C0D800A4A49C787F0804047800447D4000204094
:10C0E800403D007F1028440000417F40007C0478D8
:10C0F80004787C080404783844444438FC18242420
:10C108001818242418FC7C0804040848545454249F
:10C1180004043F44243C4040207C1C2040201C3C1C
:10C128004030403C44281028444C9090907C446413
:10C13800544C4400083641000000770000004136A6
:10C14800080002010204023C2623263C1EA1A1612C
:10C15800123A4040207A385454555921555579415E
:10C168002154547841215554784020545579400C35
:10C178001E52721239555555593954545459395516
:10C188005454580000457C410002457D4200014559
:10C198007C40F0292429F0F0282528F07C545545C6
:10C1A800002054547C547C0A097F49324949493259
:10C1B8003248484832324A4848303A4141217A3A6E
:10C1C80042402078009DA0A07D39444444393D4038
:10C1D80040403D3C24FF2424487E4943662B2FFCE5
:10C1E8002F2BFF0929F620C0887E09032054547993
:10C1F800410000447D413048484A32384040227A64
:10C20800007A0A0A727D0D19317D2629292F2826E0
:10C218002929292630484D402038080808080808E8
:10C228000808382F10C8ACBA2F102834FA00007B41
:10C23800000008142A142222142A1408AA005500FF
:10C24800AAAA55AA55AA000000FF00101010FF0066
:10C25800141414FF001010FF00FF1010F010F01459
:10C268001414FC001414F700FF0000FF00FF14145E
:10C27800F404FC141417101F10101F101F141414AA
:10C288001F00101010F0000000001F101010101FE9
:10C2980010101010F010000000FF101010101010F7
:10C2A800101010FF10000000FF140000FF00FF0036
:10C2B800001F10170000FC04F414141710171414AE
:10C2C800F404F40000FF00F714141414141414F701
:10C2D80000F7141414171410101F101F141414F45A
:10C2E800141010F010F000001F101F0000001F14A1
:10C2F800000000FC140000F010F01010FF10FF14F4
:10C308001414FF141010101F00000000F010FFFF9D
:10C31800FFFFFFF0F0F0F0F0FFFFFF00000000006B
:10C32800FFFF0F0F0F0F0F38444438447C2A2A3E72
:10C33800147E02020606027E027E026355494163AC
:10C348003844443C04407E201E2006027E020299A6
:10C35800A5E7A5991C2A492A1C4C7201724C304A3F
:10C368004D4D303048784830BC625A463D3E4949C8
:10C3780049007E0101017E2A2A2A2A2A44445F4470
:10C388004440514A444040444A51400000FF0103A0
:10C39800E080FF000008086B6B083612362436066A
:10C3A8000F090F0600001818000000101000304098
:10C3B800FF0101001F01011E00191D1712003C3C5E
:10C3C8003C3C0000000000000000803F0500000029
:10C3D800190000007D0000006042A20D000000402E
:10C3E80000010000443F0020120000000006000089
:10C3F800F02200600A000000000200008C220060A9
:10C4080062000000000700002822006062000000AF
:10C41800EE030000883F002012000000000004EE38
:10C42800603F002028000000000300002422006074
:10C4380000000000010309040C2200600000000055
:10C4480002030904F421006000000000030309044A
:10C45800B03F0020000000000000000000000000C5
:10C468000000000030303030303030303030303084
:10C4780030303030303030303030303030303030B4
:10C4880030303030000000000000000000000000E4
:10C49800F8300020F8300020003100200031002062
:10C4A8000831002008310020103100201031002010
:10C4B80018310020183100202031002020310020C0
:10C4C8002831002028310020303100203031002070
:10C4D8003831002038310020403100204031002020
:10C4E80048310020483100205031002050310020D0
:10C4F8005831002058310020603100206031002080
:10C50800683100206831002070310020703100202F
:10C5180078310020783100208031002080310020DF
:10C52800883100208831002090310020903100208F
:10C538009831002098310020A0310020A03100203F
:10C54800A8310020A8310020B0310020B0310020EF
:10C55800B8310020B8310020C0310020C03100209F
:10C56800C8310020C8310020D0310020D03100204F
:10C57800D8310020D8310020E0310020E0310020FF
:10C58800E8310020E8310020F0310020F0310020AF
:10C59800F8310020F831002000320020003200205D
:10C5A800083200200832002010320020103200200B
:10C5B80018320020183200202032002020320020BB
:10C5C800283200202832002030320020303200206B
:10C5D800383200203832002040320020403200201B
:10C5E80048320020483200205032002050320020CB
:10C5F800583200205832002060320020603200207B
:10C60800683200206832002070320020703200202A
:10C6180078320020783200208032002080320020DA
:10C62800883200208832002090320020903200208A
:10C638009832002098320020A0320020A03200203A
:10C64800A8320020A8320020B0320020B0320020EA
:10C65800B8320020B8320020C0320020C03200209A
:10C66800C8320020C8320020D0320020D03200204A
:10C67800D8320020D8320020E0320020E0320020FA
:10C68800E8320020E8320020F0320020F0320020AA
:10C69800F8320020F8320020003300200033002058
:10C6A8000833002008330020103300201033002006
:10C6B80018330020183300202033002020330020B6
:10C6C8002833002028330020303300203033002066
:10C6D8003833002038330020403300204033002016
:10C6E80048330020483300205033002050330020C6
:10C6F8005833002058330020603300206033002076
:10C708006833002068330020703300207033002025
:10C7180078330020783300208033002080330020D5
:10C728008833002088330020903300209033002085
:10C738009833002098330020A0330020A033002035
:10C74800A8330020A8330020B0330020B0330020E5
:10C75800B8330020B8330020C0330020C033002095
:10C76800C8330020C8330020D0330020D033002045
:10C77800D8330020D8330020E0330020E0330020F5
:10C78800E8330020E8330020F0330020F0330020A5
:10C79800F8330020F8330020003400200034002053
:10C7A8000834002008340020103400201034002001
:10C7B80018340020183400202034002020340020B1
:10C7C8002834002028340020303400203034002061
:10C7D8003834002038340020403400204034002011
:10C7E80048340020483400205034002050340020C1
:10C7F8005834002058340020603400206034002071
:10C808006834002068340020703400207034002020
:10C8180078340020783400208034002080340020D0
:10C828008834002088340020903400209034002080
:10C838009834002098340020A0340020A034002030
:10C84800A8340020A8340020B0340020B0340020E0
:10C85800B8340020B8340020C0340020C034002090
:10C86800C8340020C8340020D0340020D034002040
:10C87800D8340020D8340020E0340020E0340020F0
:10C88800E8340020E8340020F0340020F0340020A0
:10C8980000000000FC8E0020648F0020CC8F002058
:10C8A8000000000000000000000000000000000080
:10C8B8000000000000000000000000000000000070
:10C8C8000000000000000000000000000000000060
:10C8D8000000000000000000000000000000000050
:10C8E8000000000000000000000000000000000040
:10C8F8000000000000000000000000000000000030
:10C90800000000000000000000000000000000001F
:10C91800000000000000000000000000000000000F
:10C9280000000000000000000100000000000000FE
:10C938000E33CDAB34126DE6ECDE05000B000000C3
:10C9480000000000000000000000000000000000DF
:10C9580000000000000000000000000000000000CF
:10C9680000000000000000000000000000000000BF
:10C9780000000000000000000000000000000000AF
:10C98800000000000000000000000000000000009F
:10C99800000000000000000000000000000000008F
:10C9A800000000000000000000000000000000007F
:10C9B800000000000000000000000000000000006F
:10C9C800000000000000000000000000000000005F
:10C9D800000000000000000000000000000000004F
:10C9E800000000000000000000000000000000003F
:10C9F800000000000000000000000000000000002F
:10CA0800000000000000000000000000000000001E
:10CA1800000000000000000000000000000000000E
:10CA280000000000000000000000000000000000FE
:10CA380000000000000000000000000000000000EE
:10CA480000000000000000000000000000000000DE
:10CA580000000000000000000000000000000000CE
:10CA680000000000000000000000000000000000BE
:10CA780000000000000000000000000000000000AE
:10CA8800000000000000000000000000000000009E
:10CA98000029DE07007B9A17D41E0020DC1E002028
:10CAA800E41E0020B0170020B8190020EC1E00205A
:10CAB800F81E0020041F0020101F00201C1F00204B
:10CAC800281F0020341F002000003A406021006029
:10CAD800000000000000000000000000000000004E
:10CAE800000000000000000000000000000000003E
:10CAF800000000000000000000000000000000002E
:10CB0800000000000000000000000000000000001D
:10CB1800000000000000000000C03940F020006064
:10CB280000000000000000000000000000000000FD
:10CB380000000000000000000000000000000000ED
:10CB480000000000000000000000000000000000DD
:10CB580000000000000000000000000000000000CD
:10CB68000000000000000000004039408020006004
:10CB780000000000000000000000000000000000AD
:10CB8800000000000000000000000000000000009D
:10CB9800000000000000000000000000000000008D
:10CBA800000000000000000000000000000000007D
:10CBB80000000000000000006424002000000000C5
:10CBC800E8030000000000008C24002000000000A2
:10CBD800E80300000000000000003F403020006033
:10CBE800000000000000000000000000000000003D
:10CBF800000000000000000000000000000000002D
:10CC0800000000000000000000000000000000001C
:10CC1800000000000000000000000000000000000C
:10CC280000000000000000000000000000000000FC
:10CC380000000000000000000000000000000000EC
:10CC480000000000000000000000000000000000DC
:10CC580000000000000000000000000000000000CC
:10CC680000000000000000000000000000000000BC
:10CC780000000000000000000000000000000000AC
:10CC8800000000000000000000000000000000009C
:10CC9800000000000000000000000000000000008C
:10CCA800000000000000000000000000000000007C
:10CCB800000000000000000000000000000000006C
:10CCC800000000000000000000000000000000005C
:10CCD800000000000000000000000000000000004C
:10CCE800000000000000000000000000000000003C
:10CCF800000000000000000000000000000000002C
:10CD080000000000000000008C240020000000004B
:10CD1800E80300000000000000803F40E01F0060C2
:10CD280000000000000000000000000000000000FB
:10CD380000000000000000000000000000000000EB
:10CD480000000000000000000000000000000000DB
:10CD580000000000000000000000000000000000CB
:10CD680000000000000000000000000000000000BB
:10CD780000000000000000000000000000000000AB
:10CD8800000000000000000000000000000000009B
:10CD9800000000000000000000000000000000008B
:10CDA800000000000000000000000000000000007B
:10CDB800000000000000000000000000000000006B
:10CDC800000000000000000000000000000000005B
:10CDD800000000000000000000000000000000004B
:10CDE800000000000000000000000000000000003B
:10CDF800000000000000000000000000000000002B
:10CE0800000000000000000000000000000000001A
:10CE1800000000000000000000000000000000000A
:10CE280000000000000000000000000000000000FA
:10CE380000000000000000000000000000000000EA
:10CE480000000000000000008C240020000000000A
:10CE5800E80300000000000000C03F40901F006091
:10CE680000000000000000000000000000000000BA
:10CE780000000000000000000000000000000000AA
:10CE8800000000000000000000000000000000009A
:10CE9800000000000000000000000000000000008A
:10CEA800000000000000000000000000000000007A
:10CEB800000000000000000000000000000000006A
:10CEC800000000000000000000000000000000005A
:10CED800000000000000000000000000000000004A
:10CEE800000000000000000000000000000000003A
:10CEF800000000000000000000000000000000002A
:10CF08000000000000000000000000000000000019
:10CF18000000000000000000000000000000000009
:10CF280000000000000000000000000000000000F9
:10CF380000000000000000000000000000000000E9
:10CF480000000000000000000000000000000000D9
:10CF580000000000000000000000000000000000C9
:10CF680000000000000000000000000000000000B9
:10CF780000000000000000000000000000000000A9
:10CF880000000000000000005365652073657269A9
:10CF9800616C206C6F67000000000000000000005A
:10CFA8000000000000000000000000000000000079
:10CFB8000000000000000000000000000000000069
:10CFC8000000000000000000000000000000000059
:10CFD800000000000000000000000000FFFFFFFF4D
:10CFE800BC8E00208030202000000000430000009C
:10CFF8000000000000000000000000000000000029
:10D0080000000000000000000000000043000000D5
:10D018000000000000000000000000000000000008
:10D0280000000000000000000000000043000000B5
:10D0380000000000000000000000000000000000E8
:10D048000000000000000000000000004300000095
:10D0580000000000000000000000000000000000C8
:10D068000000000000000000000000004300000075
:10D0780000000000000000000000000000000000A8
:10D088000000000000000000000000004300000055
:10D098000000000000000000000000000000000088
:10D0A8000000000000000000000000004300000035
:10D0B8000000000000000000000000000000000068
:10D0C8000000000000000000000000004300000015
:10D0D8000000000000000000000000000000000048
:10D0E8000000000000000000000000000000000038
:10D0F8000000000000000000000000000000000028
:10D108000000000000000000000000000000000017
:10D118000000000000000000000000000000000007
:10D1280000000000000000000000000000000000F7
:10D1380000000000000000000000000000000000E7
:10D1480000000000000000000000000000000000D7
:10D1580000000000000000000000000000000000C7
:10D1680000000000000000000000000000000000B7
:10D1780000000000000000000000000000000000A7
:10D188000000000000000000000000000000000097
:10D198000000000000000000000000000000000087
:10D1A8000000000000000000000000000000000077
:10D1B80000000000C5400100051501000000000046
:10D1C80060260020101B0020801200208012002002
:10D1D800801200208012002080120020801200207F
:10D1E800801200208012002080120020FFFFFFFF25
:10D1F800FFFFFFFFFFFFFFFFFFFF0000010041539C
:10D208004349490000000000000000000000000041
:10D218000000000000000000000000000000415372
:10D228004349490000000000000000000000000021
:10D2380000000000000000000000000000000000E6
:10D24800FFFFFFFF000002000000000003000000D5
:10D25800FC8E00200035002001010100B6F3FD3DE1
:10D268000000E0409A99593F00000041CDCC4CBFE6
:10D278009A9999BF0000C03F0000C03F0000C03F1E
:10D288009A99993E9A99993ECDCC4C3F000080409E
:10D298000000C8410000C8410000C8420000003F2B
:10D2A80000002041000000410000A04200000040B2
:10D2B800000000409A99193F00004040CDCC4C3FF7
:10D2C80000001643000020419A99193E0000484288
:10D2D800CDCC4C3D12010002EF020140C016830480
:10D2E8008002010203010000710F0000000080BFEE
:10D2F80028000000000104000100000000000000F8
:10D30800020157494E55534200000000000000003A
:10D31800000000000000000012034D00530046000A
:10D328005400310030003000F80000000000A04137
:10D338000000C8420000004000000000800000001B
:10D348000C030000000000000000000000000000C6
:10D3580000000000000019000000000000000000AC
:10D3680000000000000000000000000000000000B5
:10D3780000000000000000000000000000000000A5
:10D388000000000000000000000000000000000095
:10D398000000000000000000000000000000000085
:10D3A8000000000000000000000000000000000075
:10D3B8000000000000000000000000000000000065
:10D3C8000000000000000000000000000000000055
:10D3D8000000000000000000000000000000000045
:10D3E8000000000000000000000000000000000035
:10D3F8000000000000000000000000000000000025
:10D408000000000000000000000000000000000014
:10D418000000000000000000000000000000000004
:10D4280000000000000000000000000000000000F4
:10D4380000000000000000000000000000000000E4
:10D4480000000000000000000000000000000000D4
:10D4580000000000000000000000000000000000C4
:10D4680000000000000000000000000000000000B4
:10D4780000000000000000000000000000000000A4
:10D488000000000000000000000000000000000094
:10D498000000000000000000000000000000000084
:10D4A8000000000000000000000000000000000074
:10D4B8000000000000000000000000000000000064
:10D4C8000000000000000000000000000000000054
:10D4D8000000000000000000000000000000000044
:10D4E8000000000000000000000000000000000034
:10D4F8000000000000000000000000000000000024
:10D508000000000000000000000000000000000013
:10D518000000000000000000000000000000000003
:10D5280000000000000000000000000000000000F3
:10D5380000000000000000000000000000000000E3
:10D5480000000000000000000000000000000000D3
:10D5580000000000000000000000000000000000C3
:10D5680000000000000000000000000000000000B3
:10D5780000000000000000000000000000000000A3
:10D588000000000000000000000000000000000093
:10D598000000000000000000000000000000000083
:10D5A8000000000000000000000000000000000073
:10D5B8000000000000000000000000000000000063
:10D5C8000000000000000000000000000000000053
:10D5D8000000000000000000000000000000000043
:10D5E8000000000000000000000000000000000033
:10D5F8000000000000000000000000000000000023
:10D608000000000000000000000000000000000012
:10D618000000000000000000000000000000000002
:10D6280000000000000000000000000000000000F2
:10D6380000000000000000000000000000000000E2
:10D6480000000000000000000000000000000000D2
:10D65800FFFFFFFFFFFFFFFFFFFFFFFFFFFFFFFFD2
:10D66800FFFFFFFFFFFFFFFFFFFFFFFFFFFFFFFFC2
:10D67800FFFFFFFFFFFFFFFFFFFFFFFFFFFFFFFFB2
:10D68800FFFFFFFFFFFFFFFFFFFFFFFFFFFFFFFFA2
:10D69800FFFFFFFFFFFFFFFFFFFFFFFFFFFFFFFF92
:10D6A800FFFFFFFFFFFFFFFFFFFFFFFFFFFFFFFF82
:10D6B800FFFFFFFFFFFFFFFFFFFFFFFFFFFFFFFF72
:10D6C800FFFFFFFFFFFFFFFFFFFFFFFFFFFFFFFF62
:10D6D800FFFFFFFFFFFFFFFFFFFFFFFFFFFFFFFF52
:10D6E800FFFFFFFFFFFFFFFFFFFFFFFFFFFFFFFF42
:10D6F800FFFFFFFFFFFFFFFFFFFFFFFFFFFFFFFF32
:10D70800FFFFFFFFFFFFFFFFFFFFFFFFFFFFFFFF21
:10D71800FFFFFFFFFFFFFFFFFFFFFFFFFFFFFFFF11
:10D72800FFFFFFFFFFFFFFFFFFFFFFFFFFFFFFFF01
:10D73800FFFFFFFFFFFFFFFFFFFFFFFFFFFFFFFFF1
:10D74800FFFFFFFFFFFFFFFFFFFFFFFFFFFFFFFFE1
:10D75800FFFFFFFFFFFFFFFFFFFFFFFFFFFFFFFFD1
:10D76800FFFFFFFFFFFFFFFFFFFFFFFFFFFFFFFFC1
:10D77800FFFFFFFFFFFFFFFFFFFFFFFFFFFFFFFFB1
:10D78800FFFFFFFFFFFFFFFFFFFFFFFFFFFFFFFFA1
:10D79800FFFFFFFFFFFFFFFFFFFFFFFFFFFFFFFF91
:10D7A800FFFFFFFFFFFFFFFFFFFFFFFFFFFFFFFF81
:10D7B800FFFFFFFFFFFFFFFFFFFFFFFFFFFFFFFF71
:10D7C800FFFFFFFFFFFFFFFFFFFFFFFFFFFFFFFF61
:10D7D800FFFFFFFFFFFFFFFFFFFFFFFFFFFFFFFF51
:10D7E800FFFFFFFFFFFFFFFFFFFFFFFFFFFFFFFF41
:10D7F800FFFFFFFFFFFFFFFF000000000000000029
:10D808000000000000000000000000000000000010
:10D818000000000000000000000000000000000000
:10D8280000000000000000000000000000000000F0
:10D8380000000000000000000000000000000000E0
:10D8480000000000000000000000000000000000D0
:10D8580000000000000000000000000000000000C0
:10D8680000000000000000000000000000000000B0
:10D8780000000000000000000000000000000000A0
:10D888000000000000000000000000000000000090
:10D898000000000000000000000000000000000080
:10D8A8000000000000000000000000000000000070
:10D8B8000000000000000000000000000000000060
:10D8C8000000000000000000000000000000000050
:10D8D8000000000000000000000000000000000040
:10D8E8000000000000000000000000000000000030
:10D8F8000000000000000000000000000000000020
:10D90800000000000000000000000000000000000F
:10D9180000000000000000000000000000000000FF
:10D9280000000000000000000000000000000000EF
:10D9380000000000000000000000000000000000DF
:10D9480000000000000000000000000000000000CF
:10D9580000000000000000000000000000000000BF
:10D9680000000000000000000000000000000000AF
:10D97800000000000000000000000000000000009F
:10D98800000000000000000000000000000000008F
:10D99800000000000000000000000000000000007F
:10D9A800000000000000000000000000000000006F
:10D9B800000000000000000000000000000000005F
:10D9C800000000000000000000000000000000004F
:10D9D800000000000000000000000000000000003F
:10D9E800000000000000000000000000000000002F
:10D9F800000000000000000000000000000000001F
:10DA0800000000000000000000000000000000000E
:10DA180000000000000000000000000000000000FE
:10DA280000000000000000000000000000000000EE
:10DA380000000000000000000000000000000000DE
:10DA480000000000000000000000000000000000CE
:10DA580000000000000000000000000000000000BE
:10DA680000000000000000000000000000000000AE
:10DA7800000000000000000000000000000000009E
:10DA8800000000000000000000000000000000008E
:10DA9800000000000000000000000000000000007E
:10DAA800000000000000000000000000000000006E
:10DAB800000000000000000000000000000000005E
:10DAC800000000000000000000000000000000004E
:10DAD800000000000000000000000000000000003E
:10DAE800000000000000000000000000000000002E
:10DAF800000000000000000000000000000000001E
:10DB0800000000000000000000000000000000000D
:10DB180000000000000000000000000000000000FD
:10DB280000000000000000000000000000000000ED
:10DB380000000000000000000000000000000000DD
:10DB480000000000000000000000000000000000CD
:10DB580000000000000000000000000000000000BD
:10DB680000000000000000000000000000000000AD
:10DB7800000000000000000000000000000000009D
:10DB8800000000000000000000000000000000008D
:10DB9800000000000000000000000000000000007D
:10DBA800000000000000000000000000000000006D
:10DBB800000000000000000000000000000000005D
:10DBC800000000000000000000000000000000004D
:10DBD800000000000000000000000000000000003D
:10DBE800000000000000000000000000000000002D
:10DBF800000000000000000000000000000000001D
:10DC0800000000000000000000000000000000000C
:10DC180000000000000000000000000000000000FC
:10DC280000000000000000000000000000000000EC
:10DC380000000000000000000000000000000000DC
:10DC480000000000000000000000000000000000CC
:10DC580000000000000000000000000000000000BC
:10DC680000000000000000000000000000000000AC
:10DC7800000000000000000000000000000000009C
:10DC8800000000000000000000000000000000008C
:10DC9800000000000000000000000000000000007C
:10DCA800000000000000000000000000000000006C
:10DCB800000000000000000000000000000000005C
:10DCC800000000000000000000000000000000004C
:10DCD800000000000000000000000000000000003C
:10DCE800000000000000000000000000000000002C
:10DCF800000000000000000000000000000000001C
:10DD0800000000000000000000000000000000000B
:10DD180000000000000000000000000000000000FB
:10DD280000000000000000000000000000000000EB
:10DD380000000000000000000000000000000000DB
:10DD480000000000000000000000000000000000CB
:10DD580000000000000000000000000000000000BB
:10DD680000000000000000000000000000000000AB
:10DD7800000000000000000000000000000000009B
:10DD8800000000000000000000000000000000008B
:10DD9800000000000000000000000000000000007B
:10DDA800000000000000000000000000000000006B
:10DDB800000000000000000000000000000000005B
:10DDC800000000000000000000000000000000004B
:10DDD800000000000000000000000000000000003B
:10DDE800000000000000000000000000000000002B
:10DDF800000000000000000000000000000000001B
:10DE0800000000000000000000000000000000000A
:10DE180000000000000000000000000000000000FA
:10DE280000000000000000000000000000000000EA
:10DE380000000000000000000000000000000000DA
:10DE480000000000000000000000000000000000CA
:10DE580000000000000000000000000000000000BA
:10DE680000000000000000000000000000000000AA
:10DE7800000000000000000000000000000000009A
:10DE8800000000000000000000000000000000008A
:10DE9800000000000000000000000000000000007A
:10DEA800000000000000000000000000000000006A
:10DEB800000000000000000000000000000000005A
:10DEC800000000000000000000000000000000004A
:10DED800000000000000000000000000000000003A
:10DEE800000000000000000000000000000000002A
:10DEF800000000000000000000000000000000001A
:10DF08000000000000000000000000000000000009
:10DF180000000000000000000000000000000000F9
:10DF280000000000000000000000000000000000E9
:10DF380000000000000000000000000000000000D9
:10DF480000000000000000000000000000000000C9
:10DF580000000000000000000000000000000000B9
:10DF680000000000000000000000000000000000A9
:10DF78000000000000000000000000000000000099
:10DF88000000000000000000000000000000000089
:10DF98000000000000000000000000000000000079
:10DFA8000000000000000000000000000000000069
:10DFB8000000000000000000000000000000000059
:10DFC8000000000000000000000000000000000049
:10DFD8000000000000000000000000000000000039
:10DFE8000000000000000000000000000000000029
:10DFF8000000000000000000000000000000000019
:10E008000000000000000000000000000000000008
:10E0180000000000000000000000000000000000F8
:10E0280000000000000000000000000000000000E8
:10E0380000000000000000000000000000000000D8
:10E0480000000000000000000000000000000000C8
:10E0580000000000000000000000000000000000B8
:10E0680000000000000000000000000000000000A8
:10E078000000000000000000000000000000000098
:10E088000000000000000000000000000000000088
:10E098000000000000000000000000000000000078
:10E0A8000000000000000000000000000000000068
:10E0B8000000000000000000000000000000000058
:10E0C8000000000000000000000000000000000048
:10E0D8000000000000000000000000000000000038
:10E0E8000000000000000000000000000000000028
:10E0F8000000000000000000000000000000000018
:10E108000000000000000000000000000000000007
:10E1180000000000000000000000000000000000F7
:10E1280000000000000000000000000000000000E7
:10E1380000000000000000000000000000000000D7
:10E1480000000000000000000000000000000000C7
:10E1580000000000000000000000000000000000B7
:10E1680000000000000000000000000000000000A7
:10E178000000000000000000000000000000000097
:10E188000000000000000000000000000000000087
:10E198000000000000000000000000000000000077
:10E1A8000000000000000000000000000000000067
:10E1B8000000000000000000000000000000000057
:10E1C8000000000000000000000000000000000047
:10E1D8000000000000000000000000000000000037
:10E1E8000000000000000000000000000000000027
:10E1F8000000000000000000000000000000000017
:10E208000000000000000000000000000000000006
:10E2180000000000000000000000000000000000F6
:10E2280000000000000000000000000000000000E6
:10E2380000000000000000000000000000000000D6
:10E2480000000000000000000000000000000000C6
:10E2580000000000000000000000000000000000B6
:10E2680000000000000000000000000000000000A6
:10E278000000000000000000000000000000000096
:10E288000000000000000000000000000000000086
:10E298000000000000000000000000000000000076
:10E2A8000000000000000000000000000000000066
:10E2B8000000000000000000000000000000000056
:10E2C8000000000000000000000000000000000046
:10E2D8000000000000000000000000000000000036
:10E2E8000000000000000000000000000000000026
:10E2F8000000000000000000000000000000000016
:10E308000000000000000000000000000000000005
:10E3180000000000000000000000000000000000F5
:10E3280000000000000000000000000000000000E5
:10E3380000000000000000000000000000000000D5
:10E3480000000000000000000000000000000000C5
:10E3580000000000000000000000000000000000B5
:10E3680000000000000000000000000000000000A5
:10E378000000000000000000000000000000000095
:10E388000000000000000000000000000000000085
:10E398000000000000000000000000000000000075
:10E3A8000000000000000000000000000000000065
:10E3B8000000000000000000000000000000000055
:10E3C8000000000000000000000000000000000045
:10E3D8000000000000000000000000000000000035
:10E3E8000000000000000000000000000000000025
:08E3F80000000000000000001D
:040000056000100087
:00000001FF
