755677259242375 E 1083659509 END host_stop 0 0 0
755677259442250 E 1089086956 STREAM
755677260572833 D 0,1089087339,0,1559,1559,2.3914762,0.00000,-1,-1,-1,0,0,0,136,1,1,0,0.0000000,0.0000000,0.0000000,0,0,0,0
755677261606000 D 1,1089088339,1000,1559,1559,2.3914762,0.00000,-1,-1,-1,0,0,0,136,1,1,0,0.0000000,0.0000000,0.0000000,0,0,0,0
755677262371916 D 2,1089089339,1000,1559,1559,2.3914762,0.00000,-1,-1,-1,0,0,0,136,1,1,0,0.0000000,0.0000000,0.0000000,0,0,0,0
755677263420750 D 3,1089090339,1000,1559,1559,2.3914762,0.00000,-1,-1,-1,0,0,0,136,1,1,0,0.0000000,0.0000000,0.0000000,0,0,0,0
755677264303416 D 4,1089091339,1000,1559,1559,2.3914762,0.00000,-1,-1,-1,0,0,0,136,1,1,0,0.0000000,0.0000000,0.0000000,0,0,0,0
755677265245833 D 5,1089092339,1000,1559,1559,2.3914762,0.00000,-1,-1,-1,0,0,0,136,1,1,0,0.0000000,0.0000000,0.0000000,0,0,0,0
755677266246458 D 6,1089093339,1000,1559,1559,2.3914762,0.00000,-1,-1,-1,0,0,0,136,1,1,0,0.0000000,0.0000000,0.0000000,0,0,0,0
755677267195625 D 7,1089094339,1000,1559,1559,2.3914762,0.00000,-1,-1,-1,0,0,0,136,1,1,0,0.0000000,0.0000000,0.0000000,0,0,0,0
755677268097500 D 8,1089095339,1000,1559,1559,2.3914762,0.00000,-1,-1,-1,0,0,0,136,1,1,0,0.0000000,0.0000000,0.0000000,0,0,0,0
755677269190375 D 9,1089096339,1000,1558,1558,2.3899422,-0.06015,-1,-1,-1,0,0,0,136,1,1,0,0.0000000,0.0000000,0.0000000,0,0,0,0
755677270265458 D 10,1089097339,1000,1559,1559,2.3914762,0.00236,-1,-1,-1,0,0,0,136,1,1,0,0.0000000,0.0000000,0.0000000,0,0,0,0
755677271223791 D 11,1089098339,1000,1559,1559,2.3914762,0.00227,-1,-1,-1,0,0,0,136,1,1,0,0.0000000,0.0000000,0.0000000,0,0,0,0
755677272217166 D 12,1089099339,1000,1559,1559,2.3914762,0.00218,-1,-1,-1,0,0,0,136,1,1,0,0.0000000,0.0000000,0.0000000,0,0,0,0
755677273181333 D 13,1089100339,1000,1558,1558,2.3899422,-0.05806,-1,-1,-1,0,0,0,136,1,1,0,0.0000000,0.0000000,0.0000000,0,0,0,0
755677274142416 D 14,1089101339,1000,1558,1558,2.3899422,-0.05578,-1,-1,-1,0,0,0,136,1,1,0,0.0000000,0.0000000,0.0000000,0,0,0,0
755677275497833 D 15,1089102339,1000,1559,1559,2.3914762,0.00656,39,128,2041,0,0,0,136,1,1,0,0.0000000,0.0000000,0.0000000,0,0,0,0
755677276089791 D 16,1089103339,1000,1559,1559,2.3914762,0.00630,-1,-1,-1,0,0,0,136,1,1,0,0.0000000,0.0000000,0.0000000,0,0,0,0
755677277110416 D 17,1089104339,1000,1559,1559,2.3914762,0.00605,-1,-1,-1,0,0,0,136,1,1,0,0.0000000,0.0000000,0.0000000,0,0,0,0
755677278123750 D 18,1089105339,1000,1559,1559,2.3914762,0.00581,-1,-1,-1,0,0,0,136,1,1,0,0.0000000,0.0000000,0.0000000,0,0,0,0
755677279121791 D 19,1089106339,1000,1559,1559,2.3914762,0.00559,-1,-1,-1,0,0,0,136,1,1,0,0.0000000,0.0000000,0.0000000,0,0,0,0
755677280062083 D 20,1089107339,1000,1559,1559,2.3914762,0.00537,-1,-1,-1,0,0,0,136,1,1,0,0.0000000,0.0000000,0.0000000,0,0,0,0
755677281076458 D 21,1089108339,1000,1559,1559,2.3914762,0.00516,-1,-1,-1,0,0,0,136,1,1,0,0.0000000,0.0000000,0.0000000,0,0,0,0
755677282015750 D 22,1089109339,1000,1559,1559,2.3914762,0.00495,-1,-1,-1,0,0,0,136,1,1,0,0.0000000,0.0000000,0.0000000,0,0,0,0
755677282994583 D 23,1089110339,1000,1559,1559,2.3914762,0.00476,-1,-1,-1,0,0,0,136,1,1,0,0.0000000,0.0000000,0.0000000,0,0,0,0
755677284098916 D 24,1089111339,1000,1559,1559,2.3914762,0.00457,-1,-1,-1,0,0,0,136,1,1,0,0.0000000,0.0000000,0.0000000,0,0,0,0
755677285031666 D 25,1089112339,1000,1559,1559,2.3914762,0.00439,-1,-1,-1,0,0,0,136,1,1,0,0.0000000,0.0000000,0.0000000,0,0,0,0
755677286082458 D 26,1089113339,1000,1559,1559,2.3914762,0.00422,-1,-1,-1,0,0,0,136,1,1,0,0.0000000,0.0000000,0.0000000,0,0,0,0
755677287031125 D 27,1089114339,1000,1559,1559,2.3914762,0.00406,-1,-1,-1,0,0,0,136,1,1,0,0.0000000,0.0000000,0.0000000,0,0,0,0
755677288078875 D 28,1089115339,1000,1559,1559,2.3914762,0.00390,-1,-1,-1,0,0,0,136,1,1,0,0.0000000,0.0000000,0.0000000,0,0,0,0
755677289127541 D 29,1089116339,1000,1559,1559,2.3914762,0.00374,-1,-1,-1,0,0,0,136,1,1,0,0.0000000,0.0000000,0.0000000,0,0,0,0
755677290100333 D 30,1089117339,1000,1559,1559,2.3914762,0.00360,-1,-1,-1,0,0,0,136,1,1,0,0.0000000,0.0000000,0.0000000,0,0,0,0
755677291129166 D 31,1089118339,1000,1559,1559,2.3914762,0.00346,-1,-1,-1,0,0,0,136,1,1,0,0.0000000,0.0000000,0.0000000,0,0,0,0
755677292034666 D 32,1089119339,1000,1559,1559,2.3914762,0.00332,-1,-1,-1,0,0,0,136,1,1,0,0.0000000,0.0000000,0.0000000,0,0,0,0
755677293067875 D 33,1089120339,1000,1559,1559,2.3914762,0.00319,-1,-1,-1,0,0,0,136,1,1,0,0.0000000,0.0000000,0.0000000,0,0,0,0
755677293907250 D 34,1089121339,1000,1559,1559,2.3914762,0.00307,-1,-1,-1,0,0,0,136,1,1,0,0.0000000,0.0000000,0.0000000,0,0,0,0
755677294904833 D 35,1089122339,1000,1559,1559,2.3914762,0.00295,-1,-1,-1,0,0,0,136,1,1,0,0.0000000,0.0000000,0.0000000,0,0,0,0
755677295969458 D 36,1089123339,1000,1559,1559,2.3914762,0.00283,-1,-1,-1,0,0,0,136,1,1,0,0.0000000,0.0000000,0.0000000,0,0,0,0
755677297053916 D 37,1089124339,1000,1559,1559,2.3914762,0.00272,-1,-1,-1,0,0,0,136,1,1,0,0.0000000,0.0000000,0.0000000,0,0,0,0
755677298009750 D 38,1089125339,1000,1559,1559,2.3914762,0.00261,-1,-1,-1,0,0,0,136,1,1,0,0.0000000,0.0000000,0.0000000,0,0,0,0
755677299059375 D 39,1089126339,1000,1559,1559,2.3914762,0.00251,-1,-1,-1,0,0,0,136,1,1,0,0.0000000,0.0000000,0.0000000,0,0,0,0
755677300084541 D 40,1089127339,1000,1559,1559,2.3914762,0.00241,-1,-1,-1,0,0,0,136,1,1,0,0.0000000,0.0000000,0.0000000,0,0,0,0
755677301010000 D 41,1089128339,1000,1559,1559,2.3914762,0.00232,-1,-1,-1,0,0,0,136,1,1,0,0.0000000,0.0000000,0.0000000,0,0,0,0
755677302051625 D 42,1089129339,1000,1559,1559,2.3914762,0.00223,-1,-1,-1,0,0,0,136,1,1,0,0.0000000,0.0000000,0.0000000,0,0,0,0
755677303076041 D 43,1089130339,1000,1559,1559,2.3914762,0.00214,-1,-1,-1,0,0,0,136,1,1,0,0.0000000,0.0000000,0.0000000,0,0,0,0
755677304011041 D 44,1089131339,1000,1559,1559,2.3914762,0.00206,-1,-1,-1,0,0,0,136,1,1,0,0.0000000,0.0000000,0.0000000,0,0,0,0
755677305013125 D 45,1089132339,1000,1559,1559,2.3914762,0.00197,-1,-1,-1,0,0,0,136,1,1,0,0.0000000,0.0000000,0.0000000,0,0,0,0
755677306078833 D 46,1089133339,1000,1559,1559,2.3914762,0.00190,-1,-1,-1,0,0,0,136,1,1,0,0.0000000,0.0000000,0.0000000,0,0,0,0
755677307084125 D 47,1089134339,1000,1559,1559,2.3914762,0.00182,-1,-1,-1,0,0,0,136,1,1,0,0.0000000,0.0000000,0.0000000,0,0,0,0
755677308072333 D 48,1089135339,1000,1559,1559,2.3914762,0.00175,-1,-1,-1,0,0,0,136,1,1,0,0.0000000,0.0000000,0.0000000,0,0,0,0
755677309080708 D 49,1089136339,1000,1559,1559,2.3914762,0.00168,-1,-1,-1,0,0,0,136,1,1,0,0.0000000,0.0000000,0.0000000,0,0,0,0
755677310072500 D 50,1089137339,1000,1559,1559,2.3914762,0.00162,-1,-1,-1,0,0,0,136,1,1,0,0.0000000,0.0000000,0.0000000,0,0,0,0
755677311078250 D 51,1089138339,1000,1559,1559,2.3914762,0.00155,-1,-1,-1,0,0,0,136,1,1,0,0.0000000,0.0000000,0.0000000,0,0,0,0
755677312075833 D 52,1089139339,1000,1559,1559,2.3914762,0.00149,-1,-1,-1,0,0,0,136,1,1,0,0.0000000,0.0000000,0.0000000,0,0,0,0
755677313097625 D 53,1089140339,1000,1559,1559,2.3914762,0.00143,-1,-1,-1,0,0,0,136,1,1,0,0.0000000,0.0000000,0.0000000,0,0,0,0
755677314081416 D 54,1089141339,1000,1559,1559,2.3914762,0.00138,-1,-1,-1,0,0,0,136,1,1,0,0.0000000,0.0000000,0.0000000,0,0,0,0
755677315092291 D 55,1089142339,1000,1559,1559,2.3914762,0.00132,-1,-1,-1,0,0,0,136,1,1,0,0.0000000,0.0000000,0.0000000,0,0,0,0
755677316094583 D 56,1089143339,1000,1559,1559,2.3914762,0.00127,-1,-1,-1,0,0,0,136,1,1,0,0.0000000,0.0000000,0.0000000,0,0,0,0
755677317170375 D 57,1089144339,1000,1559,1559,2.3914762,0.00122,-1,-1,-1,0,0,0,136,1,1,0,0.0000000,0.0000000,0.0000000,0,0,0,0
755677318058458 D 58,1089145339,1000,1559,1559,2.3914762,0.00117,-1,-1,-1,0,0,0,136,1,1,0,0.0000000,0.0000000,0.0000000,0,0,0,0
755677319056708 D 59,1089146339,1000,1559,1559,2.3914762,0.00113,-1,-1,-1,0,0,0,136,1,1,0,0.0000000,0.0000000,0.0000000,0,0,0,0
755677320044708 D 60,1089147339,1000,1559,1559,2.3914762,0.00108,-1,-1,-1,0,0,0,136,1,1,0,0.0000000,0.0000000,0.0000000,0,0,0,0
755677321133708 D 61,1089148339,1000,1559,1559,2.3914762,0.00104,-1,-1,-1,0,0,0,136,1,1,0,0.0000000,0.0000000,0.0000000,0,0,0,0
755677322046958 D 62,1089149339,1000,1559,1559,2.3914762,0.00100,-1,-1,-1,0,0,0,136,1,1,0,0.0000000,0.0000000,0.0000000,0,0,0,0
755677323048166 D 63,1089150339,1000,1559,1559,2.3914762,0.00096,-1,-1,-1,0,0,0,136,1,1,0,0.0000000,0.0000000,0.0000000,0,0,0,0
755677324048875 D 64,1089151339,1000,1559,1559,2.3914762,0.00092,-1,-1,-1,0,0,0,136,1,1,0,0.0000000,0.0000000,0.0000000,0,0,0,0
755677325416708 D 65,1089152339,1000,1559,1559,2.3914762,0.00089,39,128,2041,0,0,0,136,1,1,0,0.0000000,0.0000000,0.0000000,0,0,0,0
755677326031458 D 66,1089153339,1000,1559,1559,2.3914762,0.00085,-1,-1,-1,0,0,0,136,1,1,0,0.0000000,0.0000000,0.0000000,0,0,0,0
755677327084208 D 67,1089154339,1000,1559,1559,2.3914762,0.00082,-1,-1,-1,0,0,0,136,1,1,0,0.0000000,0.0000000,0.0000000,0,0,0,0
755677328042291 D 68,1089155339,1000,1559,1559,2.3914762,0.00079,-1,-1,-1,0,0,0,136,1,1,0,0.0000000,0.0000000,0.0000000,0,0,0,0
755677329091166 D 69,1089156339,1000,1559,1559,2.3914762,0.00076,-1,-1,-1,0,0,0,136,1,1,0,0.0000000,0.0000000,0.0000000,0,0,0,0
755677330077000 D 70,1089157339,1000,1559,1559,2.3914762,0.00073,-1,-1,-1,0,0,0,136,1,1,0,0.0000000,0.0000000,0.0000000,0,0,0,0
755677331042000 D 71,1089158339,1000,1559,1559,2.3914762,0.00070,-1,-1,-1,0,0,0,136,1,1,0,0.0000000,0.0000000,0.0000000,0,0,0,0
755677332040250 D 72,1089159339,1000,1559,1559,2.3914762,0.00067,-1,-1,-1,0,0,0,136,1,1,0,0.0000000,0.0000000,0.0000000,0,0,0,0
755677333040083 D 73,1089160339,1000,1559,1559,2.3914762,0.00064,-1,-1,-1,0,0,0,136,1,1,0,0.0000000,0.0000000,0.0000000,0,0,0,0
755677334033750 D 74,1089161339,1000,1559,1559,2.3914762,0.00062,-1,-1,-1,0,0,0,136,1,1,0,0.0000000,0.0000000,0.0000000,0,0,0,0
755677335097958 D 75,1089162339,1000,1558,1558,2.3899422,-0.05955,-1,-1,-1,0,0,0,136,1,1,0,0.0000000,0.0000000,0.0000000,0,0,0,0
755677336079833 D 76,1089163339,1000,1559,1559,2.3914762,0.00293,-1,-1,-1,0,0,0,136,1,1,0,0.0000000,0.0000000,0.0000000,0,0,0,0
755677337079208 D 77,1089164339,1000,1559,1559,2.3914762,0.00281,-1,-1,-1,0,0,0,136,1,1,0,0.0000000,0.0000000,0.0000000,0,0,0,0
755677338076000 D 78,1089165339,1000,1559,1559,2.3914762,0.00270,-1,-1,-1,0,0,0,136,1,1,0,0.0000000,0.0000000,0.0000000,0,0,0,0
755677339112708 D 79,1089166339,1000,1559,1559,2.3914762,0.00260,-1,-1,-1,0,0,0,136,1,1,0,0.0000000,0.0000000,0.0000000,0,0,0,0
755677340069416 D 80,1089167339,1000,1559,1559,2.3914762,0.00250,-1,-1,-1,0,0,0,136,1,1,0,0.0000000,0.0000000,0.0000000,0,0,0,0
755677341037916 D 81,1089168339,1000,1559,1559,2.3914762,0.00240,-1,-1,-1,0,0,0,136,1,1,0,0.0000000,0.0000000,0.0000000,0,0,0,0
755677342066666 D 82,1089169339,1000,1559,1559,2.3914762,0.00230,-1,-1,-1,0,0,0,136,1,1,0,0.0000000,0.0000000,0.0000000,0,0,0,0
755677343077583 D 83,1089170339,1000,1559,1559,2.3914762,0.00221,-1,-1,-1,0,0,0,136,1,1,0,0.0000000,0.0000000,0.0000000,0,0,0,0
755677344081625 D 84,1089171339,1000,1559,1559,2.3914762,0.00213,-1,-1,-1,0,0,0,136,1,1,0,0.0000000,0.0000000,0.0000000,0,0,0,0
755677345083791 D 85,1089172339,1000,1559,1559,2.3914762,0.00204,-1,-1,-1,0,0,0,136,1,1,0,0.0000000,0.0000000,0.0000000,0,0,0,0
755677346158416 D 86,1089173339,1000,1559,1559,2.3914762,0.00196,-1,-1,-1,0,0,0,136,1,1,0,0.0000000,0.0000000,0.0000000,0,0,0,0
755677347073166 D 87,1089174339,1000,1559,1559,2.3914762,0.00189,-1,-1,-1,0,0,0,136,1,1,0,0.0000000,0.0000000,0.0000000,0,0,0,0
755677348087958 D 88,1089175339,1000,1559,1559,2.3914762,0.00181,-1,-1,-1,0,0,0,136,1,1,0,0.0000000,0.0000000,0.0000000,0,0,0,0
755677349083541 D 89,1089176339,1000,1559,1559,2.3914762,0.00174,-1,-1,-1,0,0,0,136,1,1,0,0.0000000,0.0000000,0.0000000,0,0,0,0
755677350084125 D 90,1089177339,1000,1559,1559,2.3914762,0.00167,-1,-1,-1,0,0,0,136,1,1,0,0.0000000,0.0000000,0.0000000,0,0,0,0
755677351086750 D 91,1089178339,1000,1559,1559,2.3914762,0.00161,-1,-1,-1,0,0,0,136,1,1,0,0.0000000,0.0000000,0.0000000,0,0,0,0
755677352057041 D 92,1089179339,1000,1559,1559,2.3914762,0.00154,-1,-1,-1,0,0,0,136,1,1,0,0.0000000,0.0000000,0.0000000,0,0,0,0
755677353221416 D 93,1089180339,1000,1559,1559,2.3914762,0.00148,-1,-1,-1,0,0,0,136,1,1,0,0.0000000,0.0000000,0.0000000,0,0,0,0
755677354203458 D 94,1089181339,1000,1559,1559,2.3914762,0.00143,-1,-1,-1,0,0,0,136,1,1,0,0.0000000,0.0000000,0.0000000,0,0,0,0
755677355169708 D 95,1089182339,1000,1559,1559,2.3914762,0.00137,-1,-1,-1,0,0,0,136,1,1,0,0.0000000,0.0000000,0.0000000,0,0,0,0
755677356161708 D 96,1089183339,1000,1559,1559,2.3914762,0.00132,-1,-1,-1,0,0,0,136,1,1,0,0.0000000,0.0000000,0.0000000,0,0,0,0
755677357168291 D 97,1089184339,1000,1559,1559,2.3914762,0.00126,-1,-1,-1,0,0,0,136,1,1,0,0.0000000,0.0000000,0.0000000,0,0,0,0
755677358158666 D 98,1089185339,1000,1559,1559,2.3914762,0.00122,-1,-1,-1,0,0,0,136,1,1,0,0.0000000,0.0000000,0.0000000,0,0,0,0
755677359137416 D 99,1089186339,1000,1559,1559,2.3914762,0.00117,-1,-1,-1,0,0,0,136,1,1,0,0.0000000,0.0000000,0.0000000,0,0,0,0
755677360158583 D 100,1089187339,1000,1559,1559,2.3914762,0.00112,-1,-1,-1,0,0,0,136,1,1,0,0.0000000,0.0000000,0.0000000,0,0,0,0
755677361157166 D 101,1089188339,1000,1559,1559,2.3914762,0.00108,-1,-1,-1,0,0,0,136,1,1,0,0.0000000,0.0000000,0.0000000,0,0,0,0
755677362169500 D 102,1089189339,1000,1559,1559,2.3914762,0.00104,-1,-1,-1,0,0,0,136,1,1,0,0.0000000,0.0000000,0.0000000,0,0,0,0
755677363148083 D 103,1089190339,1000,1559,1559,2.3914762,0.00099,-1,-1,-1,0,0,0,136,1,1,0,0.0000000,0.0000000,0.0000000,0,0,0,0
755677364162208 D 104,1089191339,1000,1559,1559,2.3914762,0.00096,-1,-1,-1,0,0,0,136,1,1,0,0.0000000,0.0000000,0.0000000,0,0,0,0
755677365159625 D 105,1089192339,1000,1559,1559,2.3914762,0.00092,-1,-1,-1,0,0,0,136,1,1,0,0.0000000,0.0000000,0.0000000,0,0,0,0
755677366164541 D 106,1089193339,1000,1559,1559,2.3914762,0.00088,-1,-1,-1,0,0,0,136,1,1,0,0.0000000,0.0000000,0.0000000,0,0,0,0
755677367158541 D 107,1089194339,1000,1559,1559,2.3914762,0.00085,-1,-1,-1,0,0,0,136,1,1,0,0.0000000,0.0000000,0.0000000,0,0,0,0
755677368154458 D 108,1089195339,1000,1559,1559,2.3914762,0.00081,-1,-1,-1,0,0,0,136,1,1,0,0.0000000,0.0000000,0.0000000,0,0,0,0
755677369160583 D 109,1089196339,1000,1559,1559,2.3914762,0.00078,-1,-1,-1,0,0,0,136,1,1,0,0.0000000,0.0000000,0.0000000,0,0,0,0
755677370164541 D 110,1089197339,1000,1559,1559,2.3914762,0.00075,-1,-1,-1,0,0,0,136,1,1,0,0.0000000,0.0000000,0.0000000,0,0,0,0
755677371172458 D 111,1089198339,1000,1559,1559,2.3914762,0.00072,-1,-1,-1,0,0,0,135,1,1,0,0.0000000,0.0000000,0.0000000,0,0,0,0
755677372161916 D 112,1089199339,1000,1559,1559,2.3914762,0.00069,-1,-1,-1,0,0,0,136,1,1,0,0.0000000,0.0000000,0.0000000,0,0,0,0
755677373155625 D 113,1089200339,1000,1559,1559,2.3914762,0.00067,-1,-1,-1,0,0,0,136,1,1,0,0.0000000,0.0000000,0.0000000,0,0,0,0
755677374168583 D 114,1089201339,1000,1559,1559,2.3914762,0.00064,-1,-1,-1,0,0,0,136,1,1,0,0.0000000,0.0000000,0.0000000,0,0,0,0
755677375571291 D 115,1089202339,1000,1559,1559,2.3914762,0.00062,39,128,2045,0,0,0,136,1,1,0,0.0000000,0.0000000,0.0000000,0,0,0,0
755677376155250 D 116,1089203339,1000,1559,1559,2.3914762,0.00059,-1,-1,-1,0,0,0,136,1,1,0,0.0000000,0.0000000,0.0000000,0,0,0,0
755677377163291 D 117,1089204339,1000,1559,1559,2.3914762,0.00057,-1,-1,-1,0,0,0,136,1,1,0,0.0000000,0.0000000,0.0000000,0,0,0,0
755677378158500 D 118,1089205339,1000,1559,1559,2.3914762,0.00055,-1,-1,-1,0,0,0,136,1,1,0,0.0000000,0.0000000,0.0000000,0,0,0,0
755677379156708 D 119,1089206339,1000,1559,1559,2.3914762,0.00052,-1,-1,-1,0,0,0,136,1,1,0,0.0000000,0.0000000,0.0000000,0,0,0,0
755677380158916 D 120,1089207339,1000,1559,1559,2.3914762,0.00050,-1,-1,-1,0,0,0,136,1,1,0,0.0000000,0.0000000,0.0000000,0,0,0,0
755677381162666 D 121,1089208339,1000,1559,1559,2.3914762,0.00048,-1,-1,-1,0,0,0,136,1,1,0,0.0000000,0.0000000,0.0000000,0,0,0,0
755677382162666 D 122,1089209339,1000,1559,1559,2.3914762,0.00047,-1,-1,-1,0,0,0,136,1,1,0,0.0000000,0.0000000,0.0000000,0,0,0,0
755677383156208 D 123,1089210339,1000,1559,1559,2.3914762,0.00045,-1,-1,-1,0,0,0,136,1,1,0,0.0000000,0.0000000,0.0000000,0,0,0,0
755677384166500 D 124,1089211339,1000,1559,1559,2.3914762,0.00043,-1,-1,-1,0,0,0,136,1,1,0,0.0000000,0.0000000,0.0000000,0,0,0,0
755677385158958 D 125,1089212339,1000,1559,1559,2.3914762,0.00041,-1,-1,-1,0,0,0,136,1,1,0,0.0000000,0.0000000,0.0000000,0,0,0,0
755677386169250 D 126,1089213339,1000,1558,1558,2.3899422,-0.05975,-1,-1,-1,0,0,0,136,1,1,0,0.0000000,0.0000000,0.0000000,0,0,0,0
755677387169166 D 127,1089214339,1000,1558,1558,2.3899422,-0.05741,-1,-1,-1,0,0,0,136,1,1,0,0.0000000,0.0000000,0.0000000,0,0,0,0
755677388166041 D 128,1089215339,1000,1559,1559,2.3914762,0.00499,-1,-1,-1,0,0,0,136,1,1,0,0.0000000,0.0000000,0.0000000,0,0,0,0
755677389157750 D 129,1089216339,1000,1559,1559,2.3914762,0.00479,-1,-1,-1,0,0,0,136,1,1,0,0.0000000,0.0000000,0.0000000,0,0,0,0
755677390164958 D 130,1089217339,1000,1559,1559,2.3914762,0.00461,-1,-1,-1,0,0,0,136,1,1,0,0.0000000,0.0000000,0.0000000,0,0,0,0
755677391166916 D 131,1089218339,1000,1558,1558,2.3899422,-0.05572,-1,-1,-1,0,0,0,136,1,1,0,0.0000000,0.0000000,0.0000000,0,0,0,0
755677392171500 D 132,1089219339,1000,1558,1558,2.3899422,-0.05354,-1,-1,-1,0,0,0,136,1,1,0,0.0000000,0.0000000,0.0000000,0,0,0,0
755677393157000 D 133,1089220339,1000,1559,1559,2.3914762,0.00871,-1,-1,-1,0,0,0,136,1,1,0,0.0000000,0.0000000,0.0000000,0,0,0,0
755677394111791 D 134,1089221339,1000,1559,1559,2.3914762,0.00837,-1,-1,-1,0,0,0,136,1,1,0,0.0000000,0.0000000,0.0000000,0,0,0,0
755677395171250 D 135,1089222339,1000,1559,1559,2.3914762,0.00804,-1,-1,-1,0,0,0,136,1,1,0,0.0000000,0.0000000,0.0000000,0,0,0,0
755677396164250 D 136,1089223339,1000,1558,1558,2.3899422,-0.05242,-1,-1,-1,0,0,0,136,1,1,0,0.0000000,0.0000000,0.0000000,0,0,0,0
755677397167125 D 137,1089224339,1000,1559,1559,2.3914762,0.00978,-1,-1,-1,0,0,0,136,1,1,0,0.0000000,0.0000000,0.0000000,0,0,0,0
755677398118916 D 138,1089225339,1000,1559,1559,2.3914762,0.00940,-1,-1,-1,0,0,0,136,1,1,0,0.0000000,0.0000000,0.0000000,0,0,0,0
755677399161416 D 139,1089226339,1000,1559,1559,2.3914762,0.00903,-1,-1,-1,0,0,0,136,1,1,0,0.0000000,0.0000000,0.0000000,0,0,0,0
755677400169333 D 140,1089227339,1000,1559,1559,2.3914762,0.00867,-1,-1,-1,0,0,0,136,1,1,0,0.0000000,0.0000000,0.0000000,0,0,0,0
755677401167750 D 141,1089228339,1000,1559,1559,2.3914762,0.00833,-1,-1,-1,0,0,0,136,1,1,0,0.0000000,0.0000000,0.0000000,0,0,0,0
755677402153541 D 142,1089229339,1000,1559,1559,2.3914762,0.00801,-1,-1,-1,0,0,0,136,1,1,0,0.0000000,0.0000000,0.0000000,0,0,0,0
755677403160666 D 143,1089230339,1000,1559,1559,2.3914762,0.00769,-1,-1,-1,0,0,0,136,1,1,0,0.0000000,0.0000000,0.0000000,0,0,0,0
755677404166125 D 144,1089231339,1000,1559,1559,2.3914762,0.00739,-1,-1,-1,0,0,0,136,1,1,0,0.0000000,0.0000000,0.0000000,0,0,0,0
755677405172000 D 145,1089232339,1000,1559,1559,2.3914762,0.00710,-1,-1,-1,0,0,0,136,1,1,0,0.0000000,0.0000000,0.0000000,0,0,0,0
755677406164708 D 146,1089233339,1000,1559,1559,2.3914762,0.00682,-1,-1,-1,0,0,0,136,1,1,0,0.0000000,0.0000000,0.0000000,0,0,0,0
755677407168291 D 147,1089234339,1000,1559,1559,2.3914762,0.00656,-1,-1,-1,0,0,0,136,1,1,0,0.0000000,0.0000000,0.0000000,0,0,0,0
755677408158333 D 148,1089235339,1000,1559,1559,2.3914762,0.00630,-1,-1,-1,0,0,0,136,1,1,0,0.0000000,0.0000000,0.0000000,0,0,0,0
755677409166166 D 149,1089236339,1000,1559,1559,2.3914762,0.00605,-1,-1,-1,0,0,0,136,1,1,0,0.0000000,0.0000000,0.0000000,0,0,0,0
755677410166875 D 150,1089237339,1000,1559,1559,2.3914762,0.00581,-1,-1,-1,0,0,0,136,1,1,0,0.0000000,0.0000000,0.0000000,0,0,0,0
755677411153333 D 151,1089238339,1000,1559,1559,2.3914762,0.00559,-1,-1,-1,0,0,0,136,1,1,0,0.0000000,0.0000000,0.0000000,0,0,0,0
755677412148791 D 152,1089239339,1000,1559,1559,2.3914762,0.00537,-1,-1,-1,0,0,0,136,1,1,0,0.0000000,0.0000000,0.0000000,0,0,0,0
755677413159166 D 153,1089240339,1000,1559,1559,2.3914762,0.00516,-1,-1,-1,0,0,0,136,1,1,0,0.0000000,0.0000000,0.0000000,0,0,0,0
755677414158083 D 154,1089241339,1000,1559,1559,2.3914762,0.00496,-1,-1,-1,0,0,0,136,1,1,0,0.0000000,0.0000000,0.0000000,0,0,0,0
755677415166041 D 155,1089242339,1000,1559,1559,2.3914762,0.00476,-1,-1,-1,0,0,0,136,1,1,0,0.0000000,0.0000000,0.0000000,0,0,0,0
755677416167416 D 156,1089243339,1000,1559,1559,2.3914762,0.00457,-1,-1,-1,0,0,0,136,1,1,0,0.0000000,0.0000000,0.0000000,0,0,0,0
755677417166625 D 157,1089244339,1000,1559,1559,2.3914762,0.00439,-1,-1,-1,0,0,0,136,1,1,0,0.0000000,0.0000000,0.0000000,0,0,0,0
755677418166541 D 158,1089245339,1000,1559,1559,2.3914762,0.00422,-1,-1,-1,0,0,0,136,1,1,0,0.0000000,0.0000000,0.0000000,0,0,0,0
755677419195083 D 159,1089246339,1000,1559,1559,2.3914762,0.00406,-1,-1,-1,0,0,0,136,1,1,0,0.0000000,0.0000000,0.0000000,0,0,0,0
755677420032333 D 160,1089247339,1000,1559,1559,2.3914762,0.00390,-1,-1,-1,0,0,0,136,1,1,0,0.0000000,0.0000000,0.0000000,0,0,0,0
755677421007541 D 161,1089248339,1000,1559,1559,2.3914762,0.00375,-1,-1,-1,0,0,0,136,1,1,0,0.0000000,0.0000000,0.0000000,0,0,0,0
755677422016708 D 162,1089249339,1000,1559,1559,2.3914762,0.00360,-1,-1,-1,0,0,0,136,1,1,0,0.0000000,0.0000000,0.0000000,0,0,0,0
755677423007083 D 163,1089250339,1000,1559,1559,2.3914762,0.00346,-1,-1,-1,0,0,0,136,1,1,0,0.0000000,0.0000000,0.0000000,0,0,0,0
755677423999375 D 164,1089251339,1000,1559,1559,2.3914762,0.00332,-1,-1,-1,0,0,0,136,1,1,0,0.0000000,0.0000000,0.0000000,0,0,0,0
755677425452708 D 165,1089252339,1000,1559,1559,2.3914762,0.00319,39,128,2041,0,0,0,136,1,1,0,0.0000000,0.0000000,0.0000000,0,0,0,0
755677425997458 D 166,1089253339,1000,1559,1559,2.3914762,0.00307,-1,-1,-1,0,0,0,136,1,1,0,0.0000000,0.0000000,0.0000000,0,0,0,0
755677426996166 D 167,1089254339,1000,1559,1559,2.3914762,0.00295,-1,-1,-1,0,0,0,136,1,1,0,0.0000000,0.0000000,0.0000000,0,0,0,0
755677428001083 D 168,1089255339,1000,1559,1559,2.3914762,0.00283,-1,-1,-1,0,0,0,136,1,1,0,0.0000000,0.0000000,0.0000000,0,0,0,0
755677428990416 D 169,1089256339,1000,1559,1559,2.3914762,0.00272,-1,-1,-1,0,0,0,136,1,1,0,0.0000000,0.0000000,0.0000000,0,0,0,0
755677429996750 D 170,1089257339,1000,1558,1558,2.3899422,-0.05754,-1,-1,-1,0,0,0,136,1,1,0,0.0000000,0.0000000,0.0000000,0,0,0,0
755677431057541 D 171,1089258339,1000,1559,1559,2.3914762,0.00487,-1,-1,-1,0,0,0,136,1,1,0,0.0000000,0.0000000,0.0000000,0,0,0,0
755677432038000 D 172,1089259339,1000,1559,1559,2.3914762,0.00468,-1,-1,-1,0,0,0,136,1,1,0,0.0000000,0.0000000,0.0000000,0,0,0,0
755677433034833 D 173,1089260339,1000,1559,1559,2.3914762,0.00449,-1,-1,-1,0,0,0,136,1,1,0,0.0000000,0.0000000,0.0000000,0,0,0,0
755677434041791 D 174,1089261339,1000,1559,1559,2.3914762,0.00432,-1,-1,-1,0,0,0,136,1,1,0,0.0000000,0.0000000,0.0000000,0,0,0,0
755677435036375 D 175,1089262339,1000,1559,1559,2.3914762,0.00415,-1,-1,-1,0,0,0,136,1,1,0,0.0000000,0.0000000,0.0000000,0,0,0,0
755677436037458 D 176,1089263339,1000,1559,1559,2.3914762,0.00399,-1,-1,-1,0,0,0,136,1,1,0,0.0000000,0.0000000,0.0000000,0,0,0,0
755677437041375 D 177,1089264339,1000,1559,1559,2.3914762,0.00383,-1,-1,-1,0,0,0,136,1,1,0,0.0000000,0.0000000,0.0000000,0,0,0,0
755677438034458 D 178,1089265339,1000,1559,1559,2.3914762,0.00368,-1,-1,-1,0,0,0,136,1,1,0,0.0000000,0.0000000,0.0000000,0,0,0,0
755677439063000 D 179,1089266339,1000,1559,1559,2.3914762,0.00354,-1,-1,-1,0,0,0,136,1,1,0,0.0000000,0.0000000,0.0000000,0,0,0,0
755677440059541 D 180,1089267339,1000,1558,1558,2.3899422,-0.05675,-1,-1,-1,0,0,0,136,1,1,0,0.0000000,0.0000000,0.0000000,0,0,0,0
755677441034875 D 181,1089268339,1000,1559,1559,2.3914762,0.00562,-1,-1,-1,0,0,0,136,1,1,0,0.0000000,0.0000000,0.0000000,0,0,0,0
755677442045875 D 182,1089269339,1000,1559,1559,2.3914762,0.00540,-1,-1,-1,0,0,0,136,1,1,0,0.0000000,0.0000000,0.0000000,0,0,0,0
755677443051416 D 183,1089270339,1000,1559,1559,2.3914762,0.00519,-1,-1,-1,0,0,0,136,1,1,0,0.0000000,0.0000000,0.0000000,0,0,0,0
755677444056625 D 184,1089271339,1000,1559,1559,2.3914762,0.00499,-1,-1,-1,0,0,0,136,1,1,0,0.0000000,0.0000000,0.0000000,0,0,0,0
755677445099583 D 185,1089272339,1000,1559,1559,2.3914762,0.00479,-1,-1,-1,0,0,0,136,1,1,0,0.0000000,0.0000000,0.0000000,0,0,0,0
755677446107541 D 186,1089273339,1000,1559,1559,2.3914762,0.00460,-1,-1,-1,0,0,0,136,1,1,0,0.0000000,0.0000000,0.0000000,0,0,0,0
755677447122041 D 187,1089274339,1000,1559,1559,2.3914762,0.00442,-1,-1,-1,0,0,0,136,1,1,0,0.0000000,0.0000000,0.0000000,0,0,0,0
755677448074333 D 188,1089275339,1000,1559,1559,2.3914762,0.00425,-1,-1,-1,0,0,0,136,1,1,0,0.0000000,0.0000000,0.0000000,0,0,0,0
755677449058416 D 189,1089276339,1000,1558,1558,2.3899422,-0.05607,-1,-1,-1,0,0,0,136,1,1,0,0.0000000,0.0000000,0.0000000,0,0,0,0
755677450056041 D 190,1089277339,1000,1559,1559,2.3914762,0.00628,-1,-1,-1,0,0,0,136,1,1,0,0.0000000,0.0000000,0.0000000,0,0,0,0
755677451062458 D 191,1089278339,1000,1559,1559,2.3914762,0.00603,-1,-1,-1,0,0,0,136,1,1,0,0.0000000,0.0000000,0.0000000,0,0,0,0
755677452056083 D 192,1089279339,1000,1559,1559,2.3914762,0.00580,-1,-1,-1,0,0,0,136,1,1,0,0.0000000,0.0000000,0.0000000,0,0,0,0
755677453044666 D 193,1089280339,1000,1559,1559,2.3914762,0.00557,-1,-1,-1,0,0,0,136,1,1,0,0.0000000,0.0000000,0.0000000,0,0,0,0
755677454043333 D 194,1089281339,1000,1559,1559,2.3914762,0.00535,-1,-1,-1,0,0,0,136,1,1,0,0.0000000,0.0000000,0.0000000,0,0,0,0
755677455048666 D 195,1089282339,1000,1559,1559,2.3914762,0.00514,-1,-1,-1,0,0,0,136,1,1,0,0.0000000,0.0000000,0.0000000,0,0,0,0
755677456098541 D 196,1089283339,1000,1559,1559,2.3914762,0.00494,-1,-1,-1,0,0,0,136,1,1,0,0.0000000,0.0000000,0.0000000,0,0,0,0
755677457085000 D 197,1089284339,1000,1559,1559,2.3914762,0.00475,-1,-1,-1,0,0,0,136,1,1,0,0.0000000,0.0000000,0.0000000,0,0,0,0
755677458087000 D 198,1089285339,1000,1559,1559,2.3914762,0.00456,-1,-1,-1,0,0,0,136,1,1,0,0.0000000,0.0000000,0.0000000,0,0,0,0
755677459080500 D 199,1089286339,1000,1559,1559,2.3914762,0.00438,-1,-1,-1,0,0,0,136,1,1,0,0.0000000,0.0000000,0.0000000,0,0,0,0
755677460083416 D 200,1089287339,1000,1559,1559,2.3914762,0.00421,-1,-1,-1,0,0,0,136,1,1,0,0.0000000,0.0000000,0.0000000,0,0,0,0
755677461152083 D 201,1089288339,1000,1559,1559,2.3914762,0.00405,-1,-1,-1,0,0,0,136,1,1,0,0.0000000,0.0000000,0.0000000,0,0,0,0
755677462164750 D 202,1089289339,1000,1559,1559,2.3914762,0.00389,-1,-1,-1,0,0,0,136,1,1,0,0.0000000,0.0000000,0.0000000,0,0,0,0
755677463176500 D 203,1089290339,1000,1559,1559,2.3914762,0.00373,-1,-1,-1,0,0,0,136,1,1,0,0.0000000,0.0000000,0.0000000,0,0,0,0
755677464253208 D 204,1089291339,1000,1559,1559,2.3914762,0.00359,-1,-1,-1,0,0,0,136,1,1,0,0.0000000,0.0000000,0.0000000,0,0,0,0
755677465227375 D 205,1089292339,1000,1559,1559,2.3914762,0.00345,-1,-1,-1,0,0,0,136,1,1,0,0.0000000,0.0000000,0.0000000,0,0,0,0
755677466205291 D 206,1089293339,1000,1559,1559,2.3914762,0.00331,-1,-1,-1,0,0,0,136,1,1,0,0.0000000,0.0000000,0.0000000,0,0,0,0
755677467180208 D 207,1089294339,1000,1559,1559,2.3914762,0.00318,-1,-1,-1,0,0,0,136,1,1,0,0.0000000,0.0000000,0.0000000,0,0,0,0
755677468183416 D 208,1089295339,1000,1559,1559,2.3914762,0.00306,-1,-1,-1,0,0,0,136,1,1,0,0.0000000,0.0000000,0.0000000,0,0,0,0
755677469177041 D 209,1089296339,1000,1559,1559,2.3914762,0.00294,-1,-1,-1,0,0,0,136,1,1,0,0.0000000,0.0000000,0.0000000,0,0,0,0
755677470178500 D 210,1089297339,1000,1559,1559,2.3914762,0.00282,-1,-1,-1,0,0,0,136,1,1,0,0.0000000,0.0000000,0.0000000,0,0,0,0
755677471182000 D 211,1089298339,1000,1559,1559,2.3914762,0.00271,-1,-1,-1,0,0,0,136,1,1,0,0.0000000,0.0000000,0.0000000,0,0,0,0
755677472175666 D 212,1089299339,1000,1559,1559,2.3914762,0.00261,-1,-1,-1,0,0,0,136,1,1,0,0.0000000,0.0000000,0.0000000,0,0,0,0
755677473166666 D 213,1089300339,1000,1559,1559,2.3914762,0.00250,-1,-1,-1,0,0,0,136,1,1,0,0.0000000,0.0000000,0.0000000,0,0,0,0
755677474163416 D 214,1089301339,1000,1559,1559,2.3914762,0.00240,-1,-1,-1,0,0,0,136,1,1,0,0.0000000,0.0000000,0.0000000,0,0,0,0
755677475555291 D 215,1089302339,1000,1559,1559,2.3914762,0.00231,39,128,2042,0,0,0,136,1,1,0,0.0000000,0.0000000,0.0000000,0,0,0,0
755677476171541 D 216,1089303339,1000,1559,1559,2.3914762,0.00222,-1,-1,-1,0,0,0,136,1,1,0,0.0000000,0.0000000,0.0000000,0,0,0,0
755677477165583 D 217,1089304339,1000,1559,1559,2.3914762,0.00213,-1,-1,-1,0,0,0,136,1,1,0,0.0000000,0.0000000,0.0000000,0,0,0,0
755677478231291 D 218,1089305339,1000,1559,1559,2.3914762,0.00205,-1,-1,-1,0,0,0,136,1,1,0,0.0000000,0.0000000,0.0000000,0,0,0,0
755677479241083 D 219,1089306339,1000,1559,1559,2.3914762,0.00197,-1,-1,-1,0,0,0,136,1,1,0,0.0000000,0.0000000,0.0000000,0,0,0,0
755677480255875 D 220,1089307339,1000,1559,1559,2.3914762,0.00189,-1,-1,-1,0,0,0,136,1,1,0,0.0000000,0.0000000,0.0000000,0,0,0,0
755677481187375 D 221,1089308339,1000,1559,1559,2.3914762,0.00182,-1,-1,-1,0,0,0,136,1,1,0,0.0000000,0.0000000,0.0000000,0,0,0,0
755677482178208 D 222,1089309339,1000,1559,1559,2.3914762,0.00175,-1,-1,-1,0,0,0,136,1,1,0,0.0000000,0.0000000,0.0000000,0,0,0,0
755677483169791 D 223,1089310339,1000,1559,1559,2.3914762,0.00168,-1,-1,-1,0,0,0,135,1,1,0,0.0000000,0.0000000,0.0000000,0,0,0,0
755677484171666 D 224,1089311339,1000,1559,1559,2.3914762,0.00161,-1,-1,-1,0,0,0,136,1,1,0,0.0000000,0.0000000,0.0000000,0,0,0,0
755677485170916 D 225,1089312339,1000,1559,1559,2.3914762,0.00155,-1,-1,-1,0,0,0,136,1,1,0,0.0000000,0.0000000,0.0000000,0,0,0,0
755677486246125 D 226,1089313339,1000,1559,1559,2.3914762,0.00149,-1,-1,-1,0,0,0,136,1,1,0,0.0000000,0.0000000,0.0000000,0,0,0,0
755677487228125 D 227,1089314339,1000,1559,1559,2.3914762,0.00143,-1,-1,-1,0,0,0,136,1,1,0,0.0000000,0.0000000,0.0000000,0,0,0,0
755677488191375 D 228,1089315339,1000,1559,1559,2.3914762,0.00137,-1,-1,-1,0,0,0,136,1,1,0,0.0000000,0.0000000,0.0000000,0,0,0,0
755677489189166 D 229,1089316339,1000,1559,1559,2.3914762,0.00132,-1,-1,-1,0,0,0,136,1,1,0,0.0000000,0.0000000,0.0000000,0,0,0,0
755677490169333 D 230,1089317339,1000,1559,1559,2.3914762,0.00127,-1,-1,-1,0,0,0,135,1,1,0,0.0000000,0.0000000,0.0000000,0,0,0,0
755677491180208 D 231,1089318339,1000,1559,1559,2.3914762,0.00122,-1,-1,-1,0,0,0,136,1,1,0,0.0000000,0.0000000,0.0000000,0,0,0,0
755677492190833 D 232,1089319339,1000,1559,1559,2.3914762,0.00117,-1,-1,-1,0,0,0,136,1,1,0,0.0000000,0.0000000,0.0000000,0,0,0,0
755677493189000 D 233,1089320339,1000,1559,1559,2.3914762,0.00112,-1,-1,-1,0,0,0,136,1,1,0,0.0000000,0.0000000,0.0000000,0,0,0,0
755677494220000 D 234,1089321339,1000,1559,1559,2.3914762,0.00108,-1,-1,-1,0,0,0,136,1,1,0,0.0000000,0.0000000,0.0000000,0,0,0,0
755677495192916 D 235,1089322339,1000,1559,1559,2.3914762,0.00104,-1,-1,-1,0,0,0,136,1,1,0,0.0000000,0.0000000,0.0000000,0,0,0,0
755677496186250 D 236,1089323339,1000,1559,1559,2.3914762,0.00100,-1,-1,-1,0,0,0,136,1,1,0,0.0000000,0.0000000,0.0000000,0,0,0,0
755677497170166 D 237,1089324339,1000,1559,1559,2.3914762,0.00096,-1,-1,-1,0,0,0,136,1,1,0,0.0000000,0.0000000,0.0000000,0,0,0,0
755677498195166 D 238,1089325339,1000,1559,1559,2.3914762,0.00092,-1,-1,-1,0,0,0,136,1,1,0,0.0000000,0.0000000,0.0000000,0,0,0,0
755677499179333 D 239,1089326339,1000,1559,1559,2.3914762,0.00088,-1,-1,-1,0,0,0,136,1,1,0,0.0000000,0.0000000,0.0000000,0,0,0,0
755677500167708 D 240,1089327339,1000,1559,1559,2.3914762,0.00085,-1,-1,-1,0,0,0,136,1,1,0,0.0000000,0.0000000,0.0000000,0,0,0,0
755677501176791 D 241,1089328339,1000,1559,1559,2.3914762,0.00082,-1,-1,-1,0,0,0,136,1,1,0,0.0000000,0.0000000,0.0000000,0,0,0,0
755677502162208 D 242,1089329339,1000,1559,1559,2.3914762,0.00078,-1,-1,-1,0,0,0,136,1,1,0,0.0000000,0.0000000,0.0000000,0,0,0,0
755677503170250 D 243,1089330339,1000,1559,1559,2.3914762,0.00075,-1,-1,-1,0,0,0,136,1,1,0,0.0000000,0.0000000,0.0000000,0,0,0,0
755677504178875 D 244,1089331339,1000,1559,1559,2.3914762,0.00072,-1,-1,-1,0,0,0,136,1,1,0,0.0000000,0.0000000,0.0000000,0,0,0,0
755677505177666 D 245,1089332339,1000,1558,1558,2.3899422,-0.05945,-1,-1,-1,0,0,0,136,1,1,0,0.0000000,0.0000000,0.0000000,0,0,0,0
755677506167041 D 246,1089333339,1000,1559,1559,2.3914762,0.00303,-1,-1,-1,0,0,0,136,1,1,0,0.0000000,0.0000000,0.0000000,0,0,0,0
755677507199708 D 247,1089334339,1000,1558,1558,2.3899422,-0.05724,-1,-1,-1,0,0,0,136,1,1,0,0.0000000,0.0000000,0.0000000,0,0,0,0
755677508165250 D 248,1089335339,1000,1559,1559,2.3914762,0.00515,-1,-1,-1,0,0,0,136,1,1,0,0.0000000,0.0000000,0.0000000,0,0,0,0
755677509195833 D 249,1089336339,1000,1559,1559,2.3914762,0.00495,-1,-1,-1,0,0,0,136,1,1,0,0.0000000,0.0000000,0.0000000,0,0,0,0
755677510216333 D 250,1089337339,1000,1559,1559,2.3914762,0.00476,-1,-1,-1,0,0,0,136,1,1,0,0.0000000,0.0000000,0.0000000,0,0,0,0
755677511205833 D 251,1089338339,1000,1559,1559,2.3914762,0.00457,-1,-1,-1,0,0,0,136,1,1,0,0.0000000,0.0000000,0.0000000,0,0,0,0
755677512209791 D 252,1089339339,1000,1559,1559,2.3914762,0.00439,-1,-1,-1,0,0,0,136,1,1,0,0.0000000,0.0000000,0.0000000,0,0,0,0
755677513249250 D 253,1089340339,1000,1559,1559,2.3914762,0.00422,-1,-1,-1,0,0,0,136,1,1,0,0.0000000,0.0000000,0.0000000,0,0,0,0
755677514237250 D 254,1089341339,1000,1559,1559,2.3914762,0.00405,-1,-1,-1,0,0,0,136,1,1,0,0.0000000,0.0000000,0.0000000,0,0,0,0
755677515223041 D 255,1089342339,1000,1559,1559,2.3914762,0.00389,-1,-1,-1,0,0,0,136,1,1,0,0.0000000,0.0000000,0.0000000,0,0,0,0
755677516216500 D 256,1089343339,1000,1559,1559,2.3914762,0.00374,-1,-1,-1,0,0,0,136,1,1,0,0.0000000,0.0000000,0.0000000,0,0,0,0
755677517187583 D 257,1089344339,1000,1559,1559,2.3914762,0.00359,-1,-1,-1,0,0,0,136,1,1,0,0.0000000,0.0000000,0.0000000,0,0,0,0
755677518185583 D 258,1089345339,1000,1559,1559,2.3914762,0.00345,-1,-1,-1,0,0,0,136,1,1,0,0.0000000,0.0000000,0.0000000,0,0,0,0
755677519187750 D 259,1089346339,1000,1559,1559,2.3914762,0.00332,-1,-1,-1,0,0,0,136,1,1,0,0.0000000,0.0000000,0.0000000,0,0,0,0
755677520410916 D 260,1089347339,1000,1559,1559,2.3914762,0.00319,-1,-1,-1,0,0,0,136,1,1,0,0.0000000,0.0000000,0.0000000,0,0,0,0
755677521388666 D 261,1089348339,1000,1559,1559,2.3914762,0.00306,-1,-1,-1,0,0,0,136,1,1,0,0.0000000,0.0000000,0.0000000,0,0,0,0
755677522388500 D 262,1089349339,1000,1559,1559,2.3914762,0.00294,-1,-1,-1,0,0,0,136,1,1,0,0.0000000,0.0000000,0.0000000,0,0,0,0
755677523399166 D 263,1089350339,1000,1559,1559,2.3914762,0.00283,-1,-1,-1,0,0,0,136,1,1,0,0.0000000,0.0000000,0.0000000,0,0,0,0
755677524400750 D 264,1089351339,1000,1559,1559,2.3914762,0.00272,-1,-1,-1,0,0,0,136,1,1,0,0.0000000,0.0000000,0.0000000,0,0,0,0
755677525819750 D 265,1089352339,1000,1559,1559,2.3914762,0.00261,39,128,2043,0,0,0,136,1,1,0,0.0000000,0.0000000,0.0000000,0,0,0,0
755677526665583 D 266,1089353339,1000,1559,1559,2.3914762,0.00251,-1,-1,-1,0,0,0,136,1,1,0,0.0000000,0.0000000,0.0000000,0,0,0,0
755677527499000 D 267,1089354339,1000,1559,1559,2.3914762,0.00241,-1,-1,-1,0,0,0,136,1,1,0,0.0000000,0.0000000,0.0000000,0,0,0,0
755677528401208 D 268,1089355339,1000,1559,1559,2.3914762,0.00232,-1,-1,-1,0,0,0,136,1,1,0,0.0000000,0.0000000,0.0000000,0,0,0,0
755677529196833 D 269,1089356339,1000,1559,1559,2.3914762,0.00222,-1,-1,-1,0,0,0,136,1,1,0,0.0000000,0.0000000,0.0000000,0,0,0,0
755677530173791 D 270,1089357339,1000,1559,1559,2.3914762,0.00214,-1,-1,-1,0,0,0,136,1,1,0,0.0000000,0.0000000,0.0000000,0,0,0,0
755677531181916 D 271,1089358339,1000,1559,1559,2.3914762,0.00205,-1,-1,-1,0,0,0,136,1,1,0,0.0000000,0.0000000,0.0000000,0,0,0,0
755677532183833 D 272,1089359339,1000,1559,1559,2.3914762,0.00197,-1,-1,-1,0,0,0,136,1,1,0,0.0000000,0.0000000,0.0000000,0,0,0,0
755677533157666 D 273,1089360339,1000,1559,1559,2.3914762,0.00190,-1,-1,-1,0,0,0,136,1,1,0,0.0000000,0.0000000,0.0000000,0,0,0,0
755677534183458 D 274,1089361339,1000,1558,1558,2.3899422,-0.05833,-1,-1,-1,0,0,0,136,1,1,0,0.0000000,0.0000000,0.0000000,0,0,0,0
755677535173708 D 275,1089362339,1000,1559,1559,2.3914762,0.00411,-1,-1,-1,0,0,0,136,1,1,0,0.0000000,0.0000000,0.0000000,0,0,0,0
755677536178625 D 276,1089363339,1000,1559,1559,2.3914762,0.00395,-1,-1,-1,0,0,0,136,1,1,0,0.0000000,0.0000000,0.0000000,0,0,0,0
755677537204166 D 277,1089364339,1000,1558,1558,2.3899422,-0.05636,-1,-1,-1,0,0,0,136,1,1,0,0.0000000,0.0000000,0.0000000,0,0,0,0
755677538267916 D 278,1089365339,1000,1559,1559,2.3914762,0.00600,-1,-1,-1,0,0,0,136,1,1,0,0.0000000,0.0000000,0.0000000,0,0,0,0
755677539350041 D 279,1089366339,1000,1559,1559,2.3914762,0.00577,-1,-1,-1,0,0,0,136,1,1,0,0.0000000,0.0000000,0.0000000,0,0,0,0
755677540281375 D 280,1089367339,1000,1558,1558,2.3899422,-0.05461,-1,-1,-1,0,0,0,136,1,1,0,0.0000000,0.0000000,0.0000000,0,0,0,0
755677541226833 D 281,1089368339,1000,1559,1559,2.3914762,0.00768,-1,-1,-1,0,0,0,136,1,1,0,0.0000000,0.0000000,0.0000000,0,0,0,0
755677542204541 D 282,1089369339,1000,1559,1559,2.3914762,0.00738,-1,-1,-1,0,0,0,136,1,1,0,0.0000000,0.0000000,0.0000000,0,0,0,0
755677543204125 D 283,1089370339,1000,1558,1558,2.3899422,-0.05306,-1,-1,-1,0,0,0,136,1,1,0,0.0000000,0.0000000,0.0000000,0,0,0,0
755677544177583 D 284,1089371339,1000,1559,1559,2.3914762,0.00917,-1,-1,-1,0,0,0,136,1,1,0,0.0000000,0.0000000,0.0000000,0,0,0,0
755677545186000 D 285,1089372339,1000,1559,1559,2.3914762,0.00881,-1,-1,-1,0,0,0,136,1,1,0,0.0000000,0.0000000,0.0000000,0,0,0,0
755677546175958 D 286,1089373339,1000,1559,1559,2.3914762,0.00847,-1,-1,-1,0,0,0,135,1,1,0,0.0000000,0.0000000,0.0000000,0,0,0,0
755677547216750 D 287,1089374339,1000,1559,1559,2.3914762,0.00813,-1,-1,-1,0,0,0,136,1,1,0,0.0000000,0.0000000,0.0000000,0,0,0,0
755677548225250 D 288,1089375339,1000,1559,1559,2.3914762,0.00782,-1,-1,-1,0,0,0,136,1,1,0,0.0000000,0.0000000,0.0000000,0,0,0,0
755677549240625 D 289,1089376339,1000,1559,1559,2.3914762,0.00751,-1,-1,-1,0,0,0,136,1,1,0,0.0000000,0.0000000,0.0000000,0,0,0,0
755677550222791 D 290,1089377339,1000,1559,1559,2.3914762,0.00721,-1,-1,-1,0,0,0,136,1,1,0,0.0000000,0.0000000,0.0000000,0,0,0,0
755677551190541 D 291,1089378339,1000,1559,1559,2.3914762,0.00693,-1,-1,-1,0,0,0,136,1,1,0,0.0000000,0.0000000,0.0000000,0,0,0,0
755677552181458 D 292,1089379339,1000,1559,1559,2.3914762,0.00666,-1,-1,-1,0,0,0,136,1,1,0,0.0000000,0.0000000,0.0000000,0,0,0,0
755677553179458 D 293,1089380339,1000,1559,1559,2.3914762,0.00640,-1,-1,-1,0,0,0,136,1,1,0,0.0000000,0.0000000,0.0000000,0,0,0,0
755677554180666 D 294,1089381339,1000,1559,1559,2.3914762,0.00615,-1,-1,-1,0,0,0,136,1,1,0,0.0000000,0.0000000,0.0000000,0,0,0,0
755677555175666 D 295,1089382339,1000,1559,1559,2.3914762,0.00591,-1,-1,-1,0,0,0,136,1,1,0,0.0000000,0.0000000,0.0000000,0,0,0,0
755677556426083 D 296,1089383339,1000,1559,1559,2.3914762,0.00568,-1,-1,-1,0,0,0,136,1,1,0,0.0000000,0.0000000,0.0000000,0,0,0,0
755677557430958 D 297,1089384339,1000,1559,1559,2.3914762,0.00545,-1,-1,-1,0,0,0,136,1,1,0,0.0000000,0.0000000,0.0000000,0,0,0,0
755677558374541 D 298,1089385339,1000,1559,1559,2.3914762,0.00524,-1,-1,-1,0,0,0,136,1,1,0,0.0000000,0.0000000,0.0000000,0,0,0,0
755677559176083 D 299,1089386339,1000,1559,1559,2.3914762,0.00503,-1,-1,-1,0,0,0,136,1,1,0,0.0000000,0.0000000,0.0000000,0,0,0,0
755677560173125 D 300,1089387339,1000,1559,1559,2.3914762,0.00484,-1,-1,-1,0,0,0,135,1,1,0,0.0000000,0.0000000,0.0000000,0,0,0,0
755677561179083 D 301,1089388339,1000,1559,1559,2.3914762,0.00465,-1,-1,-1,0,0,0,136,1,1,0,0.0000000,0.0000000,0.0000000,0,0,0,0
755677562207291 D 302,1089389339,1000,1559,1559,2.3914762,0.00446,-1,-1,-1,0,0,0,136,1,1,0,0.0000000,0.0000000,0.0000000,0,0,0,0
755677563174458 D 303,1089390339,1000,1559,1559,2.3914762,0.00429,-1,-1,-1,0,0,0,136,1,1,0,0.0000000,0.0000000,0.0000000,0,0,0,0
755677564180541 D 304,1089391339,1000,1559,1559,2.3914762,0.00412,-1,-1,-1,0,0,0,136,1,1,0,0.0000000,0.0000000,0.0000000,0,0,0,0
755677565277750 D 305,1089392339,1000,1559,1559,2.3914762,0.00396,-1,-1,-1,0,0,0,136,1,1,0,0.0000000,0.0000000,0.0000000,0,0,0,0
755677566291791 D 306,1089393339,1000,1559,1559,2.3914762,0.00380,-1,-1,-1,0,0,0,136,1,1,0,0.0000000,0.0000000,0.0000000,0,0,0,0
755677567220541 D 307,1089394339,1000,1559,1559,2.3914762,0.00366,-1,-1,-1,0,0,0,136,1,1,0,0.0000000,0.0000000,0.0000000,0,0,0,0
755677568215500 D 308,1089395339,1000,1559,1559,2.3914762,0.00351,-1,-1,-1,0,0,0,136,1,1,0,0.0000000,0.0000000,0.0000000,0,0,0,0
755677569202208 D 309,1089396339,1000,1559,1559,2.3914762,0.00337,-1,-1,-1,0,0,0,136,1,1,0,0.0000000,0.0000000,0.0000000,0,0,0,0
755677570354041 D 310,1089397339,1000,1559,1559,2.3914762,0.00324,-1,-1,-1,0,0,0,136,1,1,0,0.0000000,0.0000000,0.0000000,0,0,0,0
755677571248375 D 311,1089398339,1000,1558,1558,2.3899422,-0.05703,-1,-1,-1,0,0,0,136,1,1,0,0.0000000,0.0000000,0.0000000,0,0,0,0
755677572234333 D 312,1089399339,1000,1559,1559,2.3914762,0.00535,-1,-1,-1,0,0,0,136,1,1,0,0.0000000,0.0000000,0.0000000,0,0,0,0
755677573259083 D 313,1089400339,1000,1559,1559,2.3914762,0.00514,-1,-1,-1,0,0,0,136,1,1,0,0.0000000,0.0000000,0.0000000,0,0,0,0
755677574248666 D 314,1089401339,1000,1559,1559,2.3914762,0.00494,-1,-1,-1,0,0,0,136,1,1,0,0.0000000,0.0000000,0.0000000,0,0,0,0
755677575621875 D 315,1089402339,1000,1558,1558,2.3899422,-0.05540,39,128,2041,0,0,0,136,1,1,0,0.0000000,0.0000000,0.0000000,0,0,0,0
755677576238250 D 316,1089403339,1000,1559,1559,2.3914762,0.00692,-1,-1,-1,0,0,0,136,1,1,0,0.0000000,0.0000000,0.0000000,0,0,0,0
755677577195208 D 317,1089404339,1000,1559,1559,2.3914762,0.00665,-1,-1,-1,0,0,0,136,1,1,0,0.0000000,0.0000000,0.0000000,0,0,0,0
755677578193333 D 318,1089405339,1000,1559,1559,2.3914762,0.00639,-1,-1,-1,0,0,0,136,1,1,0,0.0000000,0.0000000,0.0000000,0,0,0,0
755677579188250 D 319,1089406339,1000,1559,1559,2.3914762,0.00614,-1,-1,-1,0,0,0,136,1,1,0,0.0000000,0.0000000,0.0000000,0,0,0,0
755677580187458 D 320,1089407339,1000,1559,1559,2.3914762,0.00590,-1,-1,-1,0,0,0,136,1,1,0,0.0000000,0.0000000,0.0000000,0,0,0,0
755677581228791 D 321,1089408339,1000,1559,1559,2.3914762,0.00566,-1,-1,-1,0,0,0,135,1,1,0,0.0000000,0.0000000,0.0000000,0,0,0,0
755677582199833 D 322,1089409339,1000,1559,1559,2.3914762,0.00544,-1,-1,-1,0,0,0,136,1,1,0,0.0000000,0.0000000,0.0000000,0,0,0,0
755677583181458 D 323,1089410339,1000,1559,1559,2.3914762,0.00523,-1,-1,-1,0,0,0,136,1,1,0,0.0000000,0.0000000,0.0000000,0,0,0,0
755677584194000 D 324,1089411339,1000,1559,1559,2.3914762,0.00502,-1,-1,-1,0,0,0,136,1,1,0,0.0000000,0.0000000,0.0000000,0,0,0,0
755677585191208 D 325,1089412339,1000,1559,1559,2.3914762,0.00483,-1,-1,-1,0,0,0,136,1,1,0,0.0000000,0.0000000,0.0000000,0,0,0,0
755677586449166 D 326,1089413339,1000,1559,1559,2.3914762,0.00464,-1,-1,-1,0,0,0,136,1,1,0,0.0000000,0.0000000,0.0000000,0,0,0,0
755677587472041 D 327,1089414339,1000,1559,1559,2.3914762,0.00446,-1,-1,-1,0,0,0,136,1,1,0,0.0000000,0.0000000,0.0000000,0,0,0,0
755677588397125 D 328,1089415339,1000,1559,1559,2.3914762,0.00428,-1,-1,-1,0,0,0,136,1,1,0,0.0000000,0.0000000,0.0000000,0,0,0,0
755677589304625 D 329,1089416339,1000,1559,1559,2.3914762,0.00411,-1,-1,-1,0,0,0,136,1,1,0,0.0000000,0.0000000,0.0000000,0,0,0,0
755677590337041 D 330,1089417339,1000,1559,1559,2.3914762,0.00395,-1,-1,-1,0,0,0,136,1,1,0,0.0000000,0.0000000,0.0000000,0,0,0,0
755677591302208 D 331,1089418339,1000,1559,1559,2.3914762,0.00380,-1,-1,-1,0,0,0,136,1,1,0,0.0000000,0.0000000,0.0000000,0,0,0,0
755677592336541 D 332,1089419339,1000,1559,1559,2.3914762,0.00365,-1,-1,-1,0,0,0,136,1,1,0,0.0000000,0.0000000,0.0000000,0,0,0,0
755677593318625 D 333,1089420339,1000,1559,1559,2.3914762,0.00350,-1,-1,-1,0,0,0,136,1,1,0,0.0000000,0.0000000,0.0000000,0,0,0,0
755677594260500 D 334,1089421339,1000,1559,1559,2.3914762,0.00337,-1,-1,-1,0,0,0,136,1,1,0,0.0000000,0.0000000,0.0000000,0,0,0,0
755677595249750 D 335,1089422339,1000,1559,1559,2.3914762,0.00324,-1,-1,-1,0,0,0,136,1,1,0,0.0000000,0.0000000,0.0000000,0,0,0,0
755677596277208 D 336,1089423339,1000,1559,1559,2.3914762,0.00311,-1,-1,-1,0,0,0,136,1,1,0,0.0000000,0.0000000,0.0000000,0,0,0,0
755677597261291 D 337,1089424339,1000,1559,1559,2.3914762,0.00299,-1,-1,-1,0,0,0,136,1,1,0,0.0000000,0.0000000,0.0000000,0,0,0,0
755677598252791 D 338,1089425339,1000,1559,1559,2.3914762,0.00287,-1,-1,-1,0,0,0,136,1,1,0,0.0000000,0.0000000,0.0000000,0,0,0,0
755677599230083 D 339,1089426339,1000,1559,1559,2.3914762,0.00276,-1,-1,-1,0,0,0,136,1,1,0,0.0000000,0.0000000,0.0000000,0,0,0,0
755677600290375 D 340,1089427339,1000,1559,1559,2.3914762,0.00265,-1,-1,-1,0,0,0,136,1,1,0,0.0000000,0.0000000,0.0000000,0,0,0,0
755677601274166 D 341,1089428339,1000,1559,1559,2.3914762,0.00255,-1,-1,-1,0,0,0,136,1,1,0,0.0000000,0.0000000,0.0000000,0,0,0,0
755677602224208 D 342,1089429339,1000,1559,1559,2.3914762,0.00245,-1,-1,-1,0,0,0,136,1,1,0,0.0000000,0.0000000,0.0000000,0,0,0,0
755677603521000 D 343,1089430339,1000,1559,1559,2.3914762,0.00235,-1,-1,-1,0,0,0,136,1,1,0,0.0000000,0.0000000,0.0000000,0,0,0,0
755677604438250 D 344,1089431339,1000,1559,1559,2.3914762,0.00226,-1,-1,-1,0,0,0,136,1,1,0,0.0000000,0.0000000,0.0000000,0,0,0,0
755677605339625 D 345,1089432339,1000,1559,1559,2.3914762,0.00217,-1,-1,-1,0,0,0,136,1,1,0,0.0000000,0.0000000,0.0000000,0,0,0,0
755677606270041 D 346,1089433339,1000,1559,1559,2.3914762,0.00208,-1,-1,-1,0,0,0,136,1,1,0,0.0000000,0.0000000,0.0000000,0,0,0,0
755677607333041 D 347,1089434339,1000,1559,1559,2.3914762,0.00200,-1,-1,-1,0,0,0,136,1,1,0,0.0000000,0.0000000,0.0000000,0,0,0,0
755677608430541 D 348,1089435339,1000,1559,1559,2.3914762,0.00192,-1,-1,-1,0,0,0,136,1,1,0,0.0000000,0.0000000,0.0000000,0,0,0,0
755677609336375 D 349,1089436339,1000,1559,1559,2.3914762,0.00185,-1,-1,-1,0,0,0,136,1,1,0,0.0000000,0.0000000,0.0000000,0,0,0,0
755677610299166 D 350,1089437339,1000,1559,1559,2.3914762,0.00178,-1,-1,-1,0,0,0,136,1,1,0,0.0000000,0.0000000,0.0000000,0,0,0,0
755677611232250 D 351,1089438339,1000,1559,1559,2.3914762,0.00171,-1,-1,-1,0,0,0,136,1,1,0,0.0000000,0.0000000,0.0000000,0,0,0,0
755677612223000 D 352,1089439339,1000,1559,1559,2.3914762,0.00164,-1,-1,-1,0,0,0,136,1,1,0,0.0000000,0.0000000,0.0000000,0,0,0,0
755677613226166 D 353,1089440339,1000,1559,1559,2.3914762,0.00157,-1,-1,-1,0,0,0,136,1,1,0,0.0000000,0.0000000,0.0000000,0,0,0,0
755677614203958 D 354,1089441339,1000,1559,1559,2.3914762,0.00151,-1,-1,-1,0,0,0,136,1,1,0,0.0000000,0.0000000,0.0000000,0,0,0,0
755677615202250 D 355,1089442339,1000,1559,1559,2.3914762,0.00145,-1,-1,-1,0,0,0,136,1,1,0,0.0000000,0.0000000,0.0000000,0,0,0,0
755677616289125 D 356,1089443339,1000,1559,1559,2.3914762,0.00140,-1,-1,-1,0,0,0,136,1,1,0,0.0000000,0.0000000,0.0000000,0,0,0,0
755677617447250 D 357,1089444339,1000,1559,1559,2.3914762,0.00134,-1,-1,-1,0,0,0,136,1,1,0,0.0000000,0.0000000,0.0000000,0,0,0,0
755677618380958 D 358,1089445339,1000,1558,1558,2.3899422,-0.05886,-1,-1,-1,0,0,0,136,1,1,0,0.0000000,0.0000000,0.0000000,0,0,0,0
755677619304416 D 359,1089446339,1000,1559,1559,2.3914762,0.00360,-1,-1,-1,0,0,0,136,1,1,0,0.0000000,0.0000000,0.0000000,0,0,0,0
755677620235166 D 360,1089447339,1000,1559,1559,2.3914762,0.00346,-1,-1,-1,0,0,0,136,1,1,0,0.0000000,0.0000000,0.0000000,0,0,0,0
755677621237916 D 361,1089448339,1000,1559,1559,2.3914762,0.00332,-1,-1,-1,0,0,0,136,1,1,0,0.0000000,0.0000000,0.0000000,0,0,0,0
755677622232208 D 362,1089449339,1000,1559,1559,2.3914762,0.00319,-1,-1,-1,0,0,0,136,1,1,0,0.0000000,0.0000000,0.0000000,0,0,0,0
755677623235833 D 363,1089450339,1000,1559,1559,2.3914762,0.00307,-1,-1,-1,0,0,0,135,1,1,0,0.0000000,0.0000000,0.0000000,0,0,0,0
755677624230166 D 364,1089451339,1000,1559,1559,2.3914762,0.00295,-1,-1,-1,0,0,0,136,1,1,0,0.0000000,0.0000000,0.0000000,0,0,0,0
755677625619291 D 365,1089452339,1000,1559,1559,2.3914762,0.00283,39,128,2042,0,0,0,136,1,1,0,0.0000000,0.0000000,0.0000000,0,0,0,0
755677626238500 D 366,1089453339,1000,1559,1559,2.3914762,0.00272,-1,-1,-1,0,0,0,136,1,1,0,0.0000000,0.0000000,0.0000000,0,0,0,0
755677627203666 D 367,1089454339,1000,1559,1559,2.3914762,0.00261,-1,-1,-1,0,0,0,136,1,1,0,0.0000000,0.0000000,0.0000000,0,0,0,0
755677628200166 D 368,1089455339,1000,1558,1558,2.3899422,-0.05764,-1,-1,-1,0,0,0,136,1,1,0,0.0000000,0.0000000,0.0000000,0,0,0,0
755677629195166 D 369,1089456339,1000,1559,1559,2.3914762,0.00477,-1,-1,-1,0,0,0,136,1,1,0,0.0000000,0.0000000,0.0000000,0,0,0,0
755677630199625 D 370,1089457339,1000,1559,1559,2.3914762,0.00458,-1,-1,-1,0,0,0,136,1,1,0,0.0000000,0.0000000,0.0000000,0,0,0,0
755677631192833 D 371,1089458339,1000,1559,1559,2.3914762,0.00440,-1,-1,-1,0,0,0,136,1,1,0,0.0000000,0.0000000,0.0000000,0,0,0,0
755677632195708 D 372,1089459339,1000,1559,1559,2.3914762,0.00423,-1,-1,-1,0,0,0,136,1,1,0,0.0000000,0.0000000,0.0000000,0,0,0,0
755677633218541 D 373,1089460339,1000,1559,1559,2.3914762,0.00406,-1,-1,-1,0,0,0,136,1,1,0,0.0000000,0.0000000,0.0000000,0,0,0,0
755677634248166 D 374,1089461339,1000,1559,1559,2.3914762,0.00391,-1,-1,-1,0,0,0,136,1,1,0,0.0000000,0.0000000,0.0000000,0,0,0,0
755677635237666 D 375,1089462339,1000,1559,1559,2.3914762,0.00375,-1,-1,-1,0,0,0,136,1,1,0,0.0000000,0.0000000,0.0000000,0,0,0,0
755677636416125 D 376,1089463339,1000,1559,1559,2.3914762,0.00360,-1,-1,-1,0,0,0,136,1,1,0,0.0000000,0.0000000,0.0000000,0,0,0,0
755677637476583 D 377,1089464339,1000,1559,1559,2.3914762,0.00346,-1,-1,-1,0,0,0,136,1,1,0,0.0000000,0.0000000,0.0000000,0,0,0,0
755677638328791 D 378,1089465339,1000,1559,1559,2.3914762,0.00333,-1,-1,-1,0,0,0,136,1,1,0,0.0000000,0.0000000,0.0000000,0,0,0,0
755677639359375 D 379,1089466339,1000,1559,1559,2.3914762,0.00320,-1,-1,-1,0,0,0,136,1,1,0,0.0000000,0.0000000,0.0000000,0,0,0,0
755677640357958 D 380,1089467339,1000,1559,1559,2.3914762,0.00307,-1,-1,-1,0,0,0,136,1,1,0,0.0000000,0.0000000,0.0000000,0,0,0,0
755677641332333 D 381,1089468339,1000,1559,1559,2.3914762,0.00295,-1,-1,-1,0,0,0,136,1,1,0,0.0000000,0.0000000,0.0000000,0,0,0,0
755677642382166 D 382,1089469339,1000,1559,1559,2.3914762,0.00284,-1,-1,-1,0,0,0,136,1,1,0,0.0000000,0.0000000,0.0000000,0,0,0,0
755677643562875 D 383,1089470339,1000,1559,1559,2.3914762,0.00272,-1,-1,-1,0,0,0,136,1,1,0,0.0000000,0.0000000,0.0000000,0,0,0,0
755677644450541 D 384,1089471339,1000,1559,1559,2.3914762,0.00262,-1,-1,-1,0,0,0,136,1,1,0,0.0000000,0.0000000,0.0000000,0,0,0,0
755677645352750 D 385,1089472339,1000,1559,1559,2.3914762,0.00252,-1,-1,-1,0,0,0,136,1,1,0,0.0000000,0.0000000,0.0000000,0,0,0,0
755677646255083 D 386,1089473339,1000,1559,1559,2.3914762,0.00242,-1,-1,-1,0,0,0,136,1,1,0,0.0000000,0.0000000,0.0000000,0,0,0,0
755677647318125 D 387,1089474339,1000,1559,1559,2.3914762,0.00232,-1,-1,-1,0,0,0,136,1,1,0,0.0000000,0.0000000,0.0000000,0,0,0,0
755677648283958 D 388,1089475339,1000,1559,1559,2.3914762,0.00223,-1,-1,-1,0,0,0,136,1,1,0,0.0000000,0.0000000,0.0000000,0,0,0,0
755677649213916 D 389,1089476339,1000,1559,1559,2.3914762,0.00214,-1,-1,-1,0,0,0,136,1,1,0,0.0000000,0.0000000,0.0000000,0,0,0,0
755677650342500 D 390,1089477339,1000,1559,1559,2.3914762,0.00206,-1,-1,-1,0,0,0,136,1,1,0,0.0000000,0.0000000,0.0000000,0,0,0,0
755677651328625 D 391,1089478339,1000,1559,1559,2.3914762,0.00198,-1,-1,-1,0,0,0,136,1,1,0,0.0000000,0.0000000,0.0000000,0,0,0,0
755677652332166 D 392,1089479339,1000,1559,1559,2.3914762,0.00190,-1,-1,-1,0,0,0,136,1,1,0,0.0000000,0.0000000,0.0000000,0,0,0,0
755677653226458 D 393,1089480339,1000,1559,1559,2.3914762,0.00183,-1,-1,-1,0,0,0,136,1,1,0,0.0000000,0.0000000,0.0000000,0,0,0,0
755677654281625 D 394,1089481339,1000,1559,1559,2.3914762,0.00175,-1,-1,-1,0,0,0,136,1,1,0,0.0000000,0.0000000,0.0000000,0,0,0,0
755677655241750 D 395,1089482339,1000,1559,1559,2.3914762,0.00169,-1,-1,-1,0,0,0,136,1,1,0,0.0000000,0.0000000,0.0000000,0,0,0,0
755677656260833 D 396,1089483339,1000,1559,1559,2.3914762,0.00162,-1,-1,-1,0,0,0,136,1,1,0,0.0000000,0.0000000,0.0000000,0,0,0,0
755677657231083 D 397,1089484339,1000,1559,1559,2.3914762,0.00156,-1,-1,-1,0,0,0,136,1,1,0,0.0000000,0.0000000,0.0000000,0,0,0,0
755677658259916 D 398,1089485339,1000,1559,1559,2.3914762,0.00150,-1,-1,-1,0,0,0,136,1,1,0,0.0000000,0.0000000,0.0000000,0,0,0,0
755677659253166 D 399,1089486339,1000,1559,1559,2.3914762,0.00144,-1,-1,-1,0,0,0,136,1,1,0,0.0000000,0.0000000,0.0000000,0,0,0,0
755677660242458 D 400,1089487339,1000,1559,1559,2.3914762,0.00138,-1,-1,-1,0,0,0,136,1,1,0,0.0000000,0.0000000,0.0000000,0,0,0,0
755677661242750 D 401,1089488339,1000,1559,1559,2.3914762,0.00133,-1,-1,-1,0,0,0,136,1,1,0,0.0000000,0.0000000,0.0000000,0,0,0,0
755677662245625 D 402,1089489339,1000,1559,1559,2.3914762,0.00127,-1,-1,-1,0,0,0,136,1,1,0,0.0000000,0.0000000,0.0000000,0,0,0,0
755677663212708 D 403,1089490339,1000,1559,1559,2.3914762,0.00122,-1,-1,-1,0,0,0,136,1,1,0,0.0000000,0.0000000,0.0000000,0,0,0,0
755677664198375 D 404,1089491339,1000,1559,1559,2.3914762,0.00118,-1,-1,-1,0,0,0,136,1,1,0,0.0000000,0.0000000,0.0000000,0,0,0,0
755677665281458 D 405,1089492339,1000,1559,1559,2.3914762,0.00113,-1,-1,-1,0,0,0,135,1,1,0,0.0000000,0.0000000,0.0000000,0,0,0,0
755677666317208 D 406,1089493339,1000,1559,1559,2.3914762,0.00109,-1,-1,-1,0,0,0,136,1,1,0,0.0000000,0.0000000,0.0000000,0,0,0,0
755677667355041 D 407,1089494339,1000,1559,1559,2.3914762,0.00104,-1,-1,-1,0,0,0,136,1,1,0,0.0000000,0.0000000,0.0000000,0,0,0,0
755677668304458 D 408,1089495339,1000,1559,1559,2.3914762,0.00100,-1,-1,-1,0,0,0,136,1,1,0,0.0000000,0.0000000,0.0000000,0,0,0,0
755677669230875 D 409,1089496339,1000,1559,1559,2.3914762,0.00096,-1,-1,-1,0,0,0,136,1,1,0,0.0000000,0.0000000,0.0000000,0,0,0,0
755677670258958 D 410,1089497339,1000,1559,1559,2.3914762,0.00093,-1,-1,-1,0,0,0,136,1,1,0,0.0000000,0.0000000,0.0000000,0,0,0,0
755677671343375 D 411,1089498339,1000,1559,1559,2.3914762,0.00089,-1,-1,-1,0,0,0,136,1,1,0,0.0000000,0.0000000,0.0000000,0,0,0,0
755677672291125 D 412,1089499339,1000,1559,1559,2.3914762,0.00085,-1,-1,-1,0,0,0,136,1,1,0,0.0000000,0.0000000,0.0000000,0,0,0,0
755677673211333 D 413,1089500339,1000,1558,1558,2.3899422,-0.05933,-1,-1,-1,0,0,0,136,1,1,0,0.0000000,0.0000000,0.0000000,0,0,0,0
755677674203000 D 414,1089501339,1000,1559,1559,2.3914762,0.00315,-1,-1,-1,0,0,0,136,1,1,0,0.0000000,0.0000000,0.0000000,0,0,0,0
755677675660416 D 415,1089502339,1000,1559,1559,2.3914762,0.00302,39,128,2040,0,0,0,136,1,1,0,0.0000000,0.0000000,0.0000000,0,0,0,0
755677676268541 D 416,1089503339,1000,1559,1559,2.3914762,0.00290,-1,-1,-1,0,0,0,136,1,1,0,0.0000000,0.0000000,0.0000000,0,0,0,0
755677677325500 D 417,1089504339,1000,1559,1559,2.3914762,0.00279,-1,-1,-1,0,0,0,136,1,1,0,0.0000000,0.0000000,0.0000000,0,0,0,0
755677678210666 D 418,1089505339,1000,1559,1559,2.3914762,0.00268,-1,-1,-1,0,0,0,136,1,1,0,0.0000000,0.0000000,0.0000000,0,0,0,0
755677679202583 D 419,1089506339,1000,1559,1559,2.3914762,0.00258,-1,-1,-1,0,0,0,136,1,1,0,0.0000000,0.0000000,0.0000000,0,0,0,0
755677680206083 D 420,1089507339,1000,1559,1559,2.3914762,0.00248,-1,-1,-1,0,0,0,136,1,1,0,0.0000000,0.0000000,0.0000000,0,0,0,0
755677681231541 D 421,1089508339,1000,1559,1559,2.3914762,0.00238,-1,-1,-1,0,0,0,136,1,1,0,0.0000000,0.0000000,0.0000000,0,0,0,0
755677682250541 D 422,1089509339,1000,1559,1559,2.3914762,0.00229,-1,-1,-1,0,0,0,136,1,1,0,0.0000000,0.0000000,0.0000000,0,0,0,0
755677683233916 D 423,1089510339,1000,1559,1559,2.3914762,0.00220,-1,-1,-1,0,0,0,136,1,1,0,0.0000000,0.0000000,0.0000000,0,0,0,0
755677684227250 D 424,1089511339,1000,1559,1559,2.3914762,0.00211,-1,-1,-1,0,0,0,136,1,1,0,0.0000000,0.0000000,0.0000000,0,0,0,0
755677685253166 D 425,1089512339,1000,1559,1559,2.3914762,0.00203,-1,-1,-1,0,0,0,136,1,1,0,0.0000000,0.0000000,0.0000000,0,0,0,0
755677686255625 D 426,1089513339,1000,1559,1559,2.3914762,0.00195,-1,-1,-1,0,0,0,136,1,1,0,0.0000000,0.0000000,0.0000000,0,0,0,0
755677687234625 D 427,1089514339,1000,1559,1559,2.3914762,0.00187,-1,-1,-1,0,0,0,136,1,1,0,0.0000000,0.0000000,0.0000000,0,0,0,0
755677688195750 D 428,1089515339,1000,1559,1559,2.3914762,0.00180,-1,-1,-1,0,0,0,136,1,1,0,0.0000000,0.0000000,0.0000000,0,0,0,0
755677689221625 D 429,1089516339,1000,1559,1559,2.3914762,0.00173,-1,-1,-1,0,0,0,136,1,1,0,0.0000000,0.0000000,0.0000000,0,0,0,0
755677690232750 D 430,1089517339,1000,1559,1559,2.3914762,0.00166,-1,-1,-1,0,0,0,136,1,1,0,0.0000000,0.0000000,0.0000000,0,0,0,0
755677691235625 D 431,1089518339,1000,1559,1559,2.3914762,0.00159,-1,-1,-1,0,0,0,136,1,1,0,0.0000000,0.0000000,0.0000000,0,0,0,0
755677692217458 D 432,1089519339,1000,1559,1559,2.3914762,0.00153,-1,-1,-1,0,0,0,136,1,1,0,0.0000000,0.0000000,0.0000000,0,0,0,0
755677693197083 D 433,1089520339,1000,1559,1559,2.3914762,0.00147,-1,-1,-1,0,0,0,136,1,1,0,0.0000000,0.0000000,0.0000000,0,0,0,0
755677694219208 D 434,1089521339,1000,1558,1558,2.3899422,-0.05873,-1,-1,-1,0,0,0,136,1,1,0,0.0000000,0.0000000,0.0000000,0,0,0,0
755677695231791 D 435,1089522339,1000,1559,1559,2.3914762,0.00372,-1,-1,-1,0,0,0,136,1,1,0,0.0000000,0.0000000,0.0000000,0,0,0,0
755677696259083 D 436,1089523339,1000,1559,1559,2.3914762,0.00357,-1,-1,-1,0,0,0,136,1,1,0,0.0000000,0.0000000,0.0000000,0,0,0,0
755677697272625 D 437,1089524339,1000,1559,1559,2.3914762,0.00343,-1,-1,-1,0,0,0,136,1,1,0,0.0000000,0.0000000,0.0000000,0,0,0,0
755677698234958 D 438,1089525339,1000,1559,1559,2.3914762,0.00330,-1,-1,-1,0,0,0,136,1,1,0,0.0000000,0.0000000,0.0000000,0,0,0,0
755677699226291 D 439,1089526339,1000,1559,1559,2.3914762,0.00317,-1,-1,-1,0,0,0,136,1,1,0,0.0000000,0.0000000,0.0000000,0,0,0,0
755677700218250 D 440,1089527339,1000,1559,1559,2.3914762,0.00304,-1,-1,-1,0,0,0,136,1,1,0,0.0000000,0.0000000,0.0000000,0,0,0,0
755677701225041 D 441,1089528339,1000,1559,1559,2.3914762,0.00292,-1,-1,-1,0,0,0,136,1,1,0,0.0000000,0.0000000,0.0000000,0,0,0,0
755677702189916 D 442,1089529339,1000,1559,1559,2.3914762,0.00281,-1,-1,-1,0,0,0,136,1,1,0,0.0000000,0.0000000,0.0000000,0,0,0,0
755677703180000 D 443,1089530339,1000,1559,1559,2.3914762,0.00270,-1,-1,-1,0,0,0,136,1,1,0,0.0000000,0.0000000,0.0000000,0,0,0,0
755677704181166 D 444,1089531339,1000,1559,1559,2.3914762,0.00259,-1,-1,-1,0,0,0,136,1,1,0,0.0000000,0.0000000,0.0000000,0,0,0,0
755677705179083 D 445,1089532339,1000,1559,1559,2.3914762,0.00249,-1,-1,-1,0,0,0,136,1,1,0,0.0000000,0.0000000,0.0000000,0,0,0,0
755677706179458 D 446,1089533339,1000,1559,1559,2.3914762,0.00239,-1,-1,-1,0,0,0,136,1,1,0,0.0000000,0.0000000,0.0000000,0,0,0,0
755677707186458 D 447,1089534339,1000,1559,1559,2.3914762,0.00230,-1,-1,-1,0,0,0,136,1,1,0,0.0000000,0.0000000,0.0000000,0,0,0,0
755677708181541 D 448,1089535339,1000,1559,1559,2.3914762,0.00221,-1,-1,-1,0,0,0,136,1,1,0,0.0000000,0.0000000,0.0000000,0,0,0,0
755677709202416 D 449,1089536339,1000,1559,1559,2.3914762,0.00212,-1,-1,-1,0,0,0,136,1,1,0,0.0000000,0.0000000,0.0000000,0,0,0,0
755677710180958 D 450,1089537339,1000,1559,1559,2.3914762,0.00204,-1,-1,-1,0,0,0,136,1,1,0,0.0000000,0.0000000,0.0000000,0,0,0,0
755677711171916 D 451,1089538339,1000,1559,1559,2.3914762,0.00196,-1,-1,-1,0,0,0,136,1,1,0,0.0000000,0.0000000,0.0000000,0,0,0,0
755677712434541 D 452,1089539339,1000,1559,1559,2.3914762,0.00188,-1,-1,-1,0,0,0,136,1,1,0,0.0000000,0.0000000,0.0000000,0,0,0,0
755677713443375 D 453,1089540339,1000,1559,1559,2.3914762,0.00181,-1,-1,-1,0,0,0,136,1,1,0,0.0000000,0.0000000,0.0000000,0,0,0,0
755677714412583 D 454,1089541339,1000,1559,1559,2.3914762,0.00174,-1,-1,-1,0,0,0,136,1,1,0,0.0000000,0.0000000,0.0000000,0,0,0,0
755677715250291 D 455,1089542339,1000,1559,1559,2.3914762,0.00167,-1,-1,-1,0,0,0,136,1,1,0,0.0000000,0.0000000,0.0000000,0,0,0,0
755677716186166 D 456,1089543339,1000,1559,1559,2.3914762,0.00160,-1,-1,-1,0,0,0,136,1,1,0,0.0000000,0.0000000,0.0000000,0,0,0,0
755677717183208 D 457,1089544339,1000,1559,1559,2.3914762,0.00154,-1,-1,-1,0,0,0,136,1,1,0,0.0000000,0.0000000,0.0000000,0,0,0,0
755677718178958 D 458,1089545339,1000,1559,1559,2.3914762,0.00148,-1,-1,-1,0,0,0,136,1,1,0,0.0000000,0.0000000,0.0000000,0,0,0,0
755677719180208 D 459,1089546339,1000,1559,1559,2.3914762,0.00142,-1,-1,-1,0,0,0,136,1,1,0,0.0000000,0.0000000,0.0000000,0,0,0,0
755677720178458 D 460,1089547339,1000,1559,1559,2.3914762,0.00137,-1,-1,-1,0,0,0,136,1,1,0,0.0000000,0.0000000,0.0000000,0,0,0,0
755677721180541 D 461,1089548339,1000,1559,1559,2.3914762,0.00131,-1,-1,-1,0,0,0,136,1,1,0,0.0000000,0.0000000,0.0000000,0,0,0,0
755677722177666 D 462,1089549339,1000,1559,1559,2.3914762,0.00126,-1,-1,-1,0,0,0,136,1,1,0,0.0000000,0.0000000,0.0000000,0,0,0,0
755677723174416 D 463,1089550339,1000,1559,1559,2.3914762,0.00121,-1,-1,-1,0,0,0,136,1,1,0,0.0000000,0.0000000,0.0000000,0,0,0,0
755677724180291 D 464,1089551339,1000,1558,1558,2.3899422,-0.05898,-1,-1,-1,0,0,0,136,1,1,0,0.0000000,0.0000000,0.0000000,0,0,0,0
755677725628958 D 465,1089552339,1000,1559,1559,2.3914762,0.00348,39,128,2041,0,0,0,136,1,1,0,0.0000000,0.0000000,0.0000000,0,0,0,0
755677726277083 D 466,1089553339,1000,1559,1559,2.3914762,0.00334,-1,-1,-1,0,0,0,136,1,1,0,0.0000000,0.0000000,0.0000000,0,0,0,0
755677727310375 D 467,1089554339,1000,1559,1559,2.3914762,0.00321,-1,-1,-1,0,0,0,136,1,1,0,0.0000000,0.0000000,0.0000000,0,0,0,0
755677728375583 D 468,1089555339,1000,1559,1559,2.3914762,0.00308,-1,-1,-1,0,0,0,136,1,1,0,0.0000000,0.0000000,0.0000000,0,0,0,0
755677729281500 D 469,1089556339,1000,1559,1559,2.3914762,0.00296,-1,-1,-1,0,0,0,136,1,1,0,0.0000000,0.0000000,0.0000000,0,0,0,0
755677730228791 D 470,1089557339,1000,1559,1559,2.3914762,0.00285,-1,-1,-1,0,0,0,136,1,1,0,0.0000000,0.0000000,0.0000000,0,0,0,0
755677731221166 D 471,1089558339,1000,1559,1559,2.3914762,0.00274,-1,-1,-1,0,0,0,136,1,1,0,0.0000000,0.0000000,0.0000000,0,0,0,0
755677732197875 D 472,1089559339,1000,1559,1559,2.3914762,0.00263,-1,-1,-1,0,0,0,136,1,1,0,0.0000000,0.0000000,0.0000000,0,0,0,0
755677733195208 D 473,1089560339,1000,1559,1559,2.3914762,0.00253,-1,-1,-1,0,0,0,136,1,1,0,0.0000000,0.0000000,0.0000000,0,0,0,0
755677734243208 D 474,1089561339,1000,1559,1559,2.3914762,0.00243,-1,-1,-1,0,0,0,136,1,1,0,0.0000000,0.0000000,0.0000000,0,0,0,0
755677735198000 D 475,1089562339,1000,1559,1559,2.3914762,0.00233,-1,-1,-1,0,0,0,136,1,1,0,0.0000000,0.0000000,0.0000000,0,0,0,0
755677736181375 D 476,1089563339,1000,1559,1559,2.3914762,0.00224,-1,-1,-1,0,0,0,136,1,1,0,0.0000000,0.0000000,0.0000000,0,0,0,0
755677737170666 D 477,1089564339,1000,1559,1559,2.3914762,0.00215,-1,-1,-1,0,0,0,136,1,1,0,0.0000000,0.0000000,0.0000000,0,0,0,0
755677738177875 D 478,1089565339,1000,1559,1559,2.3914762,0.00207,-1,-1,-1,0,0,0,136,1,1,0,0.0000000,0.0000000,0.0000000,0,0,0,0
755677739174250 D 479,1089566339,1000,1559,1559,2.3914762,0.00199,-1,-1,-1,0,0,0,136,1,1,0,0.0000000,0.0000000,0.0000000,0,0,0,0
755677740410541 D 480,1089567339,1000,1559,1559,2.3914762,0.00191,-1,-1,-1,0,0,0,136,1,1,0,0.0000000,0.0000000,0.0000000,0,0,0,0
755677741410250 D 481,1089568339,1000,1559,1559,2.3914762,0.00183,-1,-1,-1,0,0,0,136,1,1,0,0.0000000,0.0000000,0.0000000,0,0,0,0
755677742435333 D 482,1089569339,1000,1559,1559,2.3914762,0.00176,-1,-1,-1,0,0,0,136,1,1,0,0.0000000,0.0000000,0.0000000,0,0,0,0
755677743206375 D 483,1089570339,1000,1559,1559,2.3914762,0.00169,-1,-1,-1,0,0,0,136,1,1,0,0.0000000,0.0000000,0.0000000,0,0,0,0
755677744217291 D 484,1089571339,1000,1559,1559,2.3914762,0.00163,-1,-1,-1,0,0,0,136,1,1,0,0.0000000,0.0000000,0.0000000,0,0,0,0
755677745202708 D 485,1089572339,1000,1559,1559,2.3914762,0.00156,-1,-1,-1,0,0,0,136,1,1,0,0.0000000,0.0000000,0.0000000,0,0,0,0
755677746184833 D 486,1089573339,1000,1559,1559,2.3914762,0.00150,-1,-1,-1,0,0,0,136,1,1,0,0.0000000,0.0000000,0.0000000,0,0,0,0
755677747207166 D 487,1089574339,1000,1559,1559,2.3914762,0.00144,-1,-1,-1,0,0,0,136,1,1,0,0.0000000,0.0000000,0.0000000,0,0,0,0
755677748214666 D 488,1089575339,1000,1559,1559,2.3914762,0.00139,-1,-1,-1,0,0,0,136,1,1,0,0.0000000,0.0000000,0.0000000,0,0,0,0
755677749189666 D 489,1089576339,1000,1559,1559,2.3914762,0.00133,-1,-1,-1,0,0,0,136,1,1,0,0.0000000,0.0000000,0.0000000,0,0,0,0
755677750221083 D 490,1089577339,1000,1559,1559,2.3914762,0.00128,-1,-1,-1,0,0,0,136,1,1,0,0.0000000,0.0000000,0.0000000,0,0,0,0
755677751227375 D 491,1089578339,1000,1559,1559,2.3914762,0.00123,-1,-1,-1,0,0,0,136,1,1,0,0.0000000,0.0000000,0.0000000,0,0,0,0
755677752246083 D 492,1089579339,1000,1559,1559,2.3914762,0.00118,-1,-1,-1,0,0,0,136,1,1,0,0.0000000,0.0000000,0.0000000,0,0,0,0
755677753237333 D 493,1089580339,1000,1559,1559,2.3914762,0.00113,-1,-1,-1,0,0,0,136,1,1,0,0.0000000,0.0000000,0.0000000,0,0,0,0
755677754189208 D 494,1089581339,1000,1559,1559,2.3914762,0.00109,-1,-1,-1,0,0,0,136,1,1,0,0.0000000,0.0000000,0.0000000,0,0,0,0
755677755185000 D 495,1089582339,1000,1559,1559,2.3914762,0.00105,-1,-1,-1,0,0,0,136,1,1,0,0.0000000,0.0000000,0.0000000,0,0,0,0
755677756195125 D 496,1089583339,1000,1559,1559,2.3914762,0.00101,-1,-1,-1,0,0,0,136,1,1,0,0.0000000,0.0000000,0.0000000,0,0,0,0
755677757187416 D 497,1089584339,1000,1559,1559,2.3914762,0.00097,-1,-1,-1,0,0,0,136,1,1,0,0.0000000,0.0000000,0.0000000,0,0,0,0
755677758193333 D 498,1089585339,1000,1558,1558,2.3899422,-0.05922,-1,-1,-1,0,0,0,136,1,1,0,0.0000000,0.0000000,0.0000000,0,0,0,0
755677759223583 D 499,1089586339,1000,1559,1559,2.3914762,0.00325,-1,-1,-1,0,0,0,136,1,1,0,0.0000000,0.0000000,0.0000000,0,0,0,0
755677760227833 D 500,1089587339,1000,1559,1559,2.3914762,0.00312,-1,-1,-1,0,0,0,136,1,1,0,0.0000000,0.0000000,0.0000000,0,0,0,0
755677761215791 D 501,1089588339,1000,1559,1559,2.3914762,0.00300,-1,-1,-1,0,0,0,136,1,1,0,0.0000000,0.0000000,0.0000000,0,0,0,0
755677762178500 D 502,1089589339,1000,1559,1559,2.3914762,0.00288,-1,-1,-1,0,0,0,136,1,1,0,0.0000000,0.0000000,0.0000000,0,0,0,0
755677763196250 D 503,1089590339,1000,1559,1559,2.3914762,0.00277,-1,-1,-1,0,0,0,136,1,1,0,0.0000000,0.0000000,0.0000000,0,0,0,0
755677764175833 D 504,1089591339,1000,1559,1559,2.3914762,0.00266,-1,-1,-1,0,0,0,136,1,1,0,0.0000000,0.0000000,0.0000000,0,0,0,0
755677765190583 D 505,1089592339,1000,1559,1559,2.3914762,0.00256,-1,-1,-1,0,0,0,136,1,1,0,0.0000000,0.0000000,0.0000000,0,0,0,0
755677766224916 D 506,1089593339,1000,1559,1559,2.3914762,0.00246,-1,-1,-1,0,0,0,136,1,1,0,0.0000000,0.0000000,0.0000000,0,0,0,0
755677767256208 D 507,1089594339,1000,1559,1559,2.3914762,0.00236,-1,-1,-1,0,0,0,136,1,1,0,0.0000000,0.0000000,0.0000000,0,0,0,0
755677768309375 D 508,1089595339,1000,1559,1559,2.3914762,0.00227,-1,-1,-1,0,0,0,136,1,1,0,0.0000000,0.0000000,0.0000000,0,0,0,0
755677769311125 D 509,1089596339,1000,1559,1559,2.3914762,0.00218,-1,-1,-1,0,0,0,136,1,1,0,0.0000000,0.0000000,0.0000000,0,0,0,0
755677770231791 D 510,1089597339,1000,1559,1559,2.3914762,0.00209,-1,-1,-1,0,0,0,136,1,1,0,0.0000000,0.0000000,0.0000000,0,0,0,0
755677771231583 D 511,1089598339,1000,1559,1559,2.3914762,0.00201,-1,-1,-1,0,0,0,136,1,1,0,0.0000000,0.0000000,0.0000000,0,0,0,0
755677772198416 D 512,1089599339,1000,1559,1559,2.3914762,0.00193,-1,-1,-1,0,0,0,136,1,1,0,0.0000000,0.0000000,0.0000000,0,0,0,0
755677773240708 D 513,1089600339,1000,1559,1559,2.3914762,0.00186,-1,-1,-1,0,0,0,136,1,1,0,0.0000000,0.0000000,0.0000000,0,0,0,0
755677774303458 D 514,1089601339,1000,1559,1559,2.3914762,0.00178,-1,-1,-1,0,0,0,136,1,1,0,0.0000000,0.0000000,0.0000000,0,0,0,0
755677775869125 D 515,1089602339,1000,1559,1559,2.3914762,0.00171,39,128,2042,0,0,0,136,1,1,0,0.0000000,0.0000000,0.0000000,0,0,0,0
755677776712708 D 516,1089603339,1000,1559,1559,2.3914762,0.00165,-1,-1,-1,0,0,0,136,1,1,0,0.0000000,0.0000000,0.0000000,0,0,0,0
755677777537375 D 517,1089604339,1000,1559,1559,2.3914762,0.00158,-1,-1,-1,0,0,0,136,1,1,0,0.0000000,0.0000000,0.0000000,0,0,0,0
755677778315458 D 518,1089605339,1000,1559,1559,2.3914762,0.00152,-1,-1,-1,0,0,0,136,1,1,0,0.0000000,0.0000000,0.0000000,0,0,0,0
755677779205916 D 519,1089606339,1000,1559,1559,2.3914762,0.00146,-1,-1,-1,0,0,0,136,1,1,0,0.0000000,0.0000000,0.0000000,0,0,0,0
755677780198291 D 520,1089607339,1000,1559,1559,2.3914762,0.00140,-1,-1,-1,0,0,0,136,1,1,0,0.0000000,0.0000000,0.0000000,0,0,0,0
755677781201250 D 521,1089608339,1000,1559,1559,2.3914762,0.00135,-1,-1,-1,0,0,0,136,1,1,0,0.0000000,0.0000000,0.0000000,0,0,0,0
755677782192833 D 522,1089609339,1000,1559,1559,2.3914762,0.00130,-1,-1,-1,0,0,0,136,1,1,0,0.0000000,0.0000000,0.0000000,0,0,0,0
755677783185541 D 523,1089610339,1000,1559,1559,2.3914762,0.00124,-1,-1,-1,0,0,0,136,1,1,0,0.0000000,0.0000000,0.0000000,0,0,0,0
755677784289500 D 524,1089611339,1000,1559,1559,2.3914762,0.00120,-1,-1,-1,0,0,0,136,1,1,0,0.0000000,0.0000000,0.0000000,0,0,0,0
755677785230458 D 525,1089612339,1000,1559,1559,2.3914762,0.00115,-1,-1,-1,0,0,0,136,1,1,0,0.0000000,0.0000000,0.0000000,0,0,0,0
755677786203458 D 526,1089613339,1000,1559,1559,2.3914762,0.00110,-1,-1,-1,0,0,0,136,1,1,0,0.0000000,0.0000000,0.0000000,0,0,0,0
755677787214125 D 527,1089614339,1000,1559,1559,2.3914762,0.00106,-1,-1,-1,0,0,0,136,1,1,0,0.0000000,0.0000000,0.0000000,0,0,0,0
755677788225208 D 528,1089615339,1000,1559,1559,2.3914762,0.00102,-1,-1,-1,0,0,0,136,1,1,0,0.0000000,0.0000000,0.0000000,0,0,0,0
755677789214000 D 529,1089616339,1000,1559,1559,2.3914762,0.00098,-1,-1,-1,0,0,0,136,1,1,0,0.0000000,0.0000000,0.0000000,0,0,0,0
755677790215791 D 530,1089617339,1000,1559,1559,2.3914762,0.00094,-1,-1,-1,0,0,0,136,1,1,0,0.0000000,0.0000000,0.0000000,0,0,0,0
755677791239416 D 531,1089618339,1000,1559,1559,2.3914762,0.00090,-1,-1,-1,0,0,0,135,1,1,0,0.0000000,0.0000000,0.0000000,0,0,0,0
755677792202958 D 532,1089619339,1000,1559,1559,2.3914762,0.00087,-1,-1,-1,0,0,0,136,1,1,0,0.0000000,0.0000000,0.0000000,0,0,0,0
755677793198708 D 533,1089620339,1000,1559,1559,2.3914762,0.00083,-1,-1,-1,0,0,0,136,1,1,0,0.0000000,0.0000000,0.0000000,0,0,0,0
755677794188125 D 534,1089621339,1000,1559,1559,2.3914762,0.00080,-1,-1,-1,0,0,0,136,1,1,0,0.0000000,0.0000000,0.0000000,0,0,0,0
755677795205041 D 535,1089622339,1000,1559,1559,2.3914762,0.00077,-1,-1,-1,0,0,0,136,1,1,0,0.0000000,0.0000000,0.0000000,0,0,0,0
755677796237541 D 536,1089623339,1000,1559,1559,2.3914762,0.00074,-1,-1,-1,0,0,0,136,1,1,0,0.0000000,0.0000000,0.0000000,0,0,0,0
755677797221541 D 537,1089624339,1000,1559,1559,2.3914762,0.00071,-1,-1,-1,0,0,0,136,1,1,0,0.0000000,0.0000000,0.0000000,0,0,0,0
755677798209125 D 538,1089625339,1000,1559,1559,2.3914762,0.00068,-1,-1,-1,0,0,0,136,1,1,0,0.0000000,0.0000000,0.0000000,0,0,0,0
755677799197250 D 539,1089626339,1000,1559,1559,2.3914762,0.00066,-1,-1,-1,0,0,0,136,1,1,0,0.0000000,0.0000000,0.0000000,0,0,0,0
755677800196666 D 540,1089627339,1000,1559,1559,2.3914762,0.00063,-1,-1,-1,0,0,0,136,1,1,0,0.0000000,0.0000000,0.0000000,0,0,0,0
755677801187541 D 541,1089628339,1000,1559,1559,2.3914762,0.00061,-1,-1,-1,0,0,0,136,1,1,0,0.0000000,0.0000000,0.0000000,0,0,0,0
755677802185291 D 542,1089629339,1000,1559,1559,2.3914762,0.00058,-1,-1,-1,0,0,0,136,1,1,0,0.0000000,0.0000000,0.0000000,0,0,0,0
755677803207583 D 543,1089630339,1000,1559,1559,2.3914762,0.00056,-1,-1,-1,0,0,0,136,1,1,0,0.0000000,0.0000000,0.0000000,0,0,0,0
755677804218041 D 544,1089631339,1000,1559,1559,2.3914762,0.00054,-1,-1,-1,0,0,0,136,1,1,0,0.0000000,0.0000000,0.0000000,0,0,0,0
755677805247625 D 545,1089632339,1000,1559,1559,2.3914762,0.00052,-1,-1,-1,0,0,0,136,1,1,0,0.0000000,0.0000000,0.0000000,0,0,0,0
755677806231083 D 546,1089633339,1000,1559,1559,2.3914762,0.00050,-1,-1,-1,0,0,0,136,1,1,0,0.0000000,0.0000000,0.0000000,0,0,0,0
755677807433583 D 547,1089634339,1000,1559,1559,2.3914762,0.00048,-1,-1,-1,0,0,0,136,1,1,0,0.0000000,0.0000000,0.0000000,0,0,0,0
755677808407375 D 548,1089635339,1000,1559,1559,2.3914762,0.00046,-1,-1,-1,0,0,0,136,1,1,0,0.0000000,0.0000000,0.0000000,0,0,0,0
755677809432250 D 549,1089636339,1000,1559,1559,2.3914762,0.00044,-1,-1,-1,0,0,0,136,1,1,0,0.0000000,0.0000000,0.0000000,0,0,0,0
755677810234125 D 550,1089637339,1000,1559,1559,2.3914762,0.00042,-1,-1,-1,0,0,0,136,1,1,0,0.0000000,0.0000000,0.0000000,0,0,0,0
755677811195416 D 551,1089638339,1000,1559,1559,2.3914762,0.00041,-1,-1,-1,0,0,0,136,1,1,0,0.0000000,0.0000000,0.0000000,0,0,0,0
755677812215041 D 552,1089639339,1000,1559,1559,2.3914762,0.00039,-1,-1,-1,0,0,0,136,1,1,0,0.0000000,0.0000000,0.0000000,0,0,0,0
755677813186333 D 553,1089640339,1000,1558,1558,2.3899422,-0.05977,-1,-1,-1,0,0,0,136,1,1,0,0.0000000,0.0000000,0.0000000,0,0,0,0
755677814182000 D 554,1089641339,1000,1559,1559,2.3914762,0.00272,-1,-1,-1,0,0,0,136,1,1,0,0.0000000,0.0000000,0.0000000,0,0,0,0
755677815183000 D 555,1089642339,1000,1559,1559,2.3914762,0.00261,-1,-1,-1,0,0,0,136,1,1,0,0.0000000,0.0000000,0.0000000,0,0,0,0
755677816184833 D 556,1089643339,1000,1559,1559,2.3914762,0.00251,-1,-1,-1,0,0,0,136,1,1,0,0.0000000,0.0000000,0.0000000,0,0,0,0
755677817204458 D 557,1089644339,1000,1559,1559,2.3914762,0.00241,-1,-1,-1,0,0,0,136,1,1,0,0.0000000,0.0000000,0.0000000,0,0,0,0
755677818196708 D 558,1089645339,1000,1559,1559,2.3914762,0.00232,-1,-1,-1,0,0,0,136,1,1,0,0.0000000,0.0000000,0.0000000,0,0,0,0
755677819190000 D 559,1089646339,1000,1559,1559,2.3914762,0.00223,-1,-1,-1,0,0,0,135,1,1,0,0.0000000,0.0000000,0.0000000,0,0,0,0
755677820173458 D 560,1089647339,1000,1559,1559,2.3914762,0.00214,-1,-1,-1,0,0,0,136,1,1,0,0.0000000,0.0000000,0.0000000,0,0,0,0
755677821181416 D 561,1089648339,1000,1559,1559,2.3914762,0.00205,-1,-1,-1,0,0,0,136,1,1,0,0.0000000,0.0000000,0.0000000,0,0,0,0
755677822180583 D 562,1089649339,1000,1559,1559,2.3914762,0.00197,-1,-1,-1,0,0,0,136,1,1,0,0.0000000,0.0000000,0.0000000,0,0,0,0
755677823206875 D 563,1089650339,1000,1559,1559,2.3914762,0.00190,-1,-1,-1,0,0,0,136,1,1,0,0.0000000,0.0000000,0.0000000,0,0,0,0
755677824192708 D 564,1089651339,1000,1559,1559,2.3914762,0.00182,-1,-1,-1,0,0,0,136,1,1,0,0.0000000,0.0000000,0.0000000,0,0,0,0
755677825624458 D 565,1089652339,1000,1559,1559,2.3914762,0.00175,39,128,2042,0,0,0,136,1,1,0,0.0000000,0.0000000,0.0000000,0,0,0,0
755677826237750 D 566,1089653339,1000,1559,1559,2.3914762,0.00168,-1,-1,-1,0,0,0,136,1,1,0,0.0000000,0.0000000,0.0000000,0,0,0,0
755677827186416 D 567,1089654339,1000,1559,1559,2.3914762,0.00162,-1,-1,-1,0,0,0,136,1,1,0,0.0000000,0.0000000,0.0000000,0,0,0,0
755677828193458 D 568,1089655339,1000,1559,1559,2.3914762,0.00155,-1,-1,-1,0,0,0,136,1,1,0,0.0000000,0.0000000,0.0000000,0,0,0,0
755677829171625 D 569,1089656339,1000,1559,1559,2.3914762,0.00149,-1,-1,-1,0,0,0,136,1,1,0,0.0000000,0.0000000,0.0000000,0,0,0,0
755677830180916 D 570,1089657339,1000,1559,1559,2.3914762,0.00143,-1,-1,-1,0,0,0,136,1,1,0,0.0000000,0.0000000,0.0000000,0,0,0,0
755677831178416 D 571,1089658339,1000,1559,1559,2.3914762,0.00138,-1,-1,-1,0,0,0,136,1,1,0,0.0000000,0.0000000,0.0000000,0,0,0,0
755677832179333 D 572,1089659339,1000,1559,1559,2.3914762,0.00132,-1,-1,-1,0,0,0,136,1,1,0,0.0000000,0.0000000,0.0000000,0,0,0,0
755677833401583 D 573,1089660339,1000,1559,1559,2.3914762,0.00127,-1,-1,-1,0,0,0,136,1,1,0,0.0000000,0.0000000,0.0000000,0,0,0,0
755677834393458 D 574,1089661339,1000,1559,1559,2.3914762,0.00122,-1,-1,-1,0,0,0,136,1,1,0,0.0000000,0.0000000,0.0000000,0,0,0,0
755677835391875 D 575,1089662339,1000,1559,1559,2.3914762,0.00117,-1,-1,-1,0,0,0,136,1,1,0,0.0000000,0.0000000,0.0000000,0,0,0,0
755677836176375 D 576,1089663339,1000,1559,1559,2.3914762,0.00113,-1,-1,-1,0,0,0,136,1,1,0,0.0000000,0.0000000,0.0000000,0,0,0,0
755677837171416 D 577,1089664339,1000,1559,1559,2.3914762,0.00108,-1,-1,-1,0,0,0,136,1,1,0,0.0000000,0.0000000,0.0000000,0,0,0,0
755677838240166 D 578,1089665339,1000,1559,1559,2.3914762,0.00104,-1,-1,-1,0,0,0,136,1,1,0,0.0000000,0.0000000,0.0000000,0,0,0,0
755677839209958 D 579,1089666339,1000,1559,1559,2.3914762,0.00100,-1,-1,-1,0,0,0,136,1,1,0,0.0000000,0.0000000,0.0000000,0,0,0,0
755677840197750 D 580,1089667339,1000,1559,1559,2.3914762,0.00096,-1,-1,-1,0,0,0,136,1,1,0,0.0000000,0.0000000,0.0000000,0,0,0,0
755677841212458 D 581,1089668339,1000,1559,1559,2.3914762,0.00092,-1,-1,-1,0,0,0,136,1,1,0,0.0000000,0.0000000,0.0000000,0,0,0,0
755677842222041 D 582,1089669339,1000,1559,1559,2.3914762,0.00089,-1,-1,-1,0,0,0,136,1,1,0,0.0000000,0.0000000,0.0000000,0,0,0,0
755677843187291 D 583,1089670339,1000,1559,1559,2.3914762,0.00085,-1,-1,-1,0,0,0,136,1,1,0,0.0000000,0.0000000,0.0000000,0,0,0,0
755677844185958 D 584,1089671339,1000,1559,1559,2.3914762,0.00082,-1,-1,-1,0,0,0,136,1,1,0,0.0000000,0.0000000,0.0000000,0,0,0,0
755677845185958 D 585,1089672339,1000,1559,1559,2.3914762,0.00079,-1,-1,-1,0,0,0,136,1,1,0,0.0000000,0.0000000,0.0000000,0,0,0,0
755677846185541 D 586,1089673339,1000,1559,1559,2.3914762,0.00076,-1,-1,-1,0,0,0,136,1,1,0,0.0000000,0.0000000,0.0000000,0,0,0,0
755677847179791 D 587,1089674339,1000,1559,1559,2.3914762,0.00073,-1,-1,-1,0,0,0,136,1,1,0,0.0000000,0.0000000,0.0000000,0,0,0,0
755677848176833 D 588,1089675339,1000,1559,1559,2.3914762,0.00070,-1,-1,-1,0,0,0,136,1,1,0,0.0000000,0.0000000,0.0000000,0,0,0,0
755677849177375 D 589,1089676339,1000,1559,1559,2.3914762,0.00067,-1,-1,-1,0,0,0,136,1,1,0,0.0000000,0.0000000,0.0000000,0,0,0,0
755677850275750 D 590,1089677339,1000,1559,1559,2.3914762,0.00064,-1,-1,-1,0,0,0,136,1,1,0,0.0000000,0.0000000,0.0000000,0,0,0,0
755677851194541 D 591,1089678339,1000,1559,1559,2.3914762,0.00062,-1,-1,-1,0,0,0,136,1,1,0,0.0000000,0.0000000,0.0000000,0,0,0,0
755677852303166 D 592,1089679339,1000,1559,1559,2.3914762,0.00059,-1,-1,-1,0,0,0,136,1,1,0,0.0000000,0.0000000,0.0000000,0,0,0,0
755677853421750 D 593,1089680339,1000,1559,1559,2.3914762,0.00057,-1,-1,-1,0,0,0,136,1,1,0,0.0000000,0.0000000,0.0000000,0,0,0,0
755677854437875 D 594,1089681339,1000,1559,1559,2.3914762,0.00055,-1,-1,-1,0,0,0,136,1,1,0,0.0000000,0.0000000,0.0000000,0,0,0,0
755677855353375 D 595,1089682339,1000,1559,1559,2.3914762,0.00053,-1,-1,-1,0,0,0,136,1,1,0,0.0000000,0.0000000,0.0000000,0,0,0,0
755677856178041 D 596,1089683339,1000,1559,1559,2.3914762,0.00051,-1,-1,-1,0,0,0,136,1,1,0,0.0000000,0.0000000,0.0000000,0,0,0,0
755677857171333 D 597,1089684339,1000,1559,1559,2.3914762,0.00049,-1,-1,-1,0,0,0,136,1,1,0,0.0000000,0.0000000,0.0000000,0,0,0,0
755677858182291 D 598,1089685339,1000,1559,1559,2.3914762,0.00047,-1,-1,-1,0,0,0,136,1,1,0,0.0000000,0.0000000,0.0000000,0,0,0,0
755677859166125 D 599,1089686339,1000,1559,1559,2.3914762,0.00045,-1,-1,-1,0,0,0,136,1,1,0,0.0000000,0.0000000,0.0000000,0,0,0,0
755677860173083 D 600,1089687339,1000,1559,1559,2.3914762,0.00043,-1,-1,-1,0,0,0,136,1,1,0,0.0000000,0.0000000,0.0000000,0,0,0,0
755677861170791 D 601,1089688339,1000,1559,1559,2.3914762,0.00041,-1,-1,-1,0,0,0,136,1,1,0,0.0000000,0.0000000,0.0000000,0,0,0,0
755677862177416 D 602,1089689339,1000,1559,1559,2.3914762,0.00040,-1,-1,-1,0,0,0,136,1,1,0,0.0000000,0.0000000,0.0000000,0,0,0,0
755677863172583 D 603,1089690339,1000,1559,1559,2.3914762,0.00038,-1,-1,-1,0,0,0,136,1,1,0,0.0000000,0.0000000,0.0000000,0,0,0,0
755677864179541 D 604,1089691339,1000,1559,1559,2.3914762,0.00037,-1,-1,-1,0,0,0,136,1,1,0,0.0000000,0.0000000,0.0000000,0,0,0,0
755677865164083 D 605,1089692339,1000,1559,1559,2.3914762,0.00035,-1,-1,-1,0,0,0,136,1,1,0,0.0000000,0.0000000,0.0000000,0,0,0,0
755677866188416 D 606,1089693339,1000,1558,1558,2.3899422,-0.05981,-1,-1,-1,0,0,0,136,1,1,0,0.0000000,0.0000000,0.0000000,0,0,0,0
755677867236708 D 607,1089694339,1000,1559,1559,2.3914762,0.00268,-1,-1,-1,0,0,0,136,1,1,0,0.0000000,0.0000000,0.0000000,0,0,0,0
755677868261625 D 608,1089695339,1000,1559,1559,2.3914762,0.00258,-1,-1,-1,0,0,0,136,1,1,0,0.0000000,0.0000000,0.0000000,0,0,0,0
755677869297250 D 609,1089696339,1000,1559,1559,2.3914762,0.00248,-1,-1,-1,0,0,0,136,1,1,0,0.0000000,0.0000000,0.0000000,0,0,0,0
755677870236916 D 610,1089697339,1000,1559,1559,2.3914762,0.00238,-1,-1,-1,0,0,0,136,1,1,0,0.0000000,0.0000000,0.0000000,0,0,0,0
755677871216666 D 611,1089698339,1000,1559,1559,2.3914762,0.00229,-1,-1,-1,0,0,0,136,1,1,0,0.0000000,0.0000000,0.0000000,0,0,0,0
755677872219625 D 612,1089699339,1000,1559,1559,2.3914762,0.00220,-1,-1,-1,0,0,0,136,1,1,0,0.0000000,0.0000000,0.0000000,0,0,0,0
755677873203125 D 613,1089700339,1000,1559,1559,2.3914762,0.00211,-1,-1,-1,0,0,0,136,1,1,0,0.0000000,0.0000000,0.0000000,0,0,0,0
755677874201583 D 614,1089701339,1000,1559,1559,2.3914762,0.00203,-1,-1,-1,0,0,0,136,1,1,0,0.0000000,0.0000000,0.0000000,0,0,0,0
755677875844458 D 615,1089702339,1000,1559,1559,2.3914762,0.00195,39,128,2041,0,0,0,136,1,1,0,0.0000000,0.0000000,0.0000000,0,0,0,0
755677876697583 D 616,1089703339,1000,1559,1559,2.3914762,0.00187,-1,-1,-1,0,0,0,136,1,1,0,0.0000000,0.0000000,0.0000000,0,0,0,0
755677877365916 D 617,1089704339,1000,1559,1559,2.3914762,0.00180,-1,-1,-1,0,0,0,136,1,1,0,0.0000000,0.0000000,0.0000000,0,0,0,0
755677878195125 D 618,1089705339,1000,1559,1559,2.3914762,0.00173,-1,-1,-1,0,0,0,136,1,1,0,0.0000000,0.0000000,0.0000000,0,0,0,0
755677879195333 D 619,1089706339,1000,1559,1559,2.3914762,0.00166,-1,-1,-1,0,0,0,136,1,1,0,0.0000000,0.0000000,0.0000000,0,0,0,0
755677880199500 D 620,1089707339,1000,1559,1559,2.3914762,0.00160,-1,-1,-1,0,0,0,136,1,1,0,0.0000000,0.0000000,0.0000000,0,0,0,0
755677881190666 D 621,1089708339,1000,1559,1559,2.3914762,0.00153,-1,-1,-1,0,0,0,136,1,1,0,0.0000000,0.0000000,0.0000000,0,0,0,0
755677882189500 D 622,1089709339,1000,1559,1559,2.3914762,0.00147,-1,-1,-1,0,0,0,136,1,1,0,0.0000000,0.0000000,0.0000000,0,0,0,0
755677883183750 D 623,1089710339,1000,1559,1559,2.3914762,0.00142,-1,-1,-1,0,0,0,136,1,1,0,0.0000000,0.0000000,0.0000000,0,0,0,0
755677884189833 D 624,1089711339,1000,1559,1559,2.3914762,0.00136,-1,-1,-1,0,0,0,136,1,1,0,0.0000000,0.0000000,0.0000000,0,0,0,0
755677885201708 D 625,1089712339,1000,1559,1559,2.3914762,0.00131,-1,-1,-1,0,0,0,136,1,1,0,0.0000000,0.0000000,0.0000000,0,0,0,0
755677886201833 D 626,1089713339,1000,1559,1559,2.3914762,0.00126,-1,-1,-1,0,0,0,136,1,1,0,0.0000000,0.0000000,0.0000000,0,0,0,0
755677887198625 D 627,1089714339,1000,1559,1559,2.3914762,0.00121,-1,-1,-1,0,0,0,136,1,1,0,0.0000000,0.0000000,0.0000000,0,0,0,0
755677888189250 D 628,1089715339,1000,1559,1559,2.3914762,0.00116,-1,-1,-1,0,0,0,136,1,1,0,0.0000000,0.0000000,0.0000000,0,0,0,0
755677889203041 D 629,1089716339,1000,1559,1559,2.3914762,0.00111,-1,-1,-1,0,0,0,136,1,1,0,0.0000000,0.0000000,0.0000000,0,0,0,0
755677890186583 D 630,1089717339,1000,1559,1559,2.3914762,0.00107,-1,-1,-1,0,0,0,136,1,1,0,0.0000000,0.0000000,0.0000000,0,0,0,0
755677891189250 D 631,1089718339,1000,1559,1559,2.3914762,0.00103,-1,-1,-1,0,0,0,136,1,1,0,0.0000000,0.0000000,0.0000000,0,0,0,0
755677892194375 D 632,1089719339,1000,1559,1559,2.3914762,0.00099,-1,-1,-1,0,0,0,136,1,1,0,0.0000000,0.0000000,0.0000000,0,0,0,0
755677893188375 D 633,1089720339,1000,1559,1559,2.3914762,0.00095,-1,-1,-1,0,0,0,136,1,1,0,0.0000000,0.0000000,0.0000000,0,0,0,0
755677894181458 D 634,1089721339,1000,1559,1559,2.3914762,0.00091,-1,-1,-1,0,0,0,136,1,1,0,0.0000000,0.0000000,0.0000000,0,0,0,0
755677895172416 D 635,1089722339,1000,1559,1559,2.3914762,0.00088,-1,-1,-1,0,0,0,136,1,1,0,0.0000000,0.0000000,0.0000000,0,0,0,0
755677896181833 D 636,1089723339,1000,1559,1559,2.3914762,0.00084,-1,-1,-1,0,0,0,136,1,1,0,0.0000000,0.0000000,0.0000000,0,0,0,0
755677897220375 D 637,1089724339,1000,1559,1559,2.3914762,0.00081,-1,-1,-1,0,0,0,136,1,1,0,0.0000000,0.0000000,0.0000000,0,0,0,0
755677898185166 D 638,1089725339,1000,1559,1559,2.3914762,0.00078,-1,-1,-1,0,0,0,136,1,1,0,0.0000000,0.0000000,0.0000000,0,0,0,0
755677899196000 D 639,1089726339,1000,1558,1558,2.3899422,-0.05940,-1,-1,-1,0,0,0,136,1,1,0,0.0000000,0.0000000,0.0000000,0,0,0,0
755677900187916 D 640,1089727339,1000,1559,1559,2.3914762,0.00308,-1,-1,-1,0,0,0,136,1,1,0,0.0000000,0.0000000,0.0000000,0,0,0,0
755677901201875 D 641,1089728339,1000,1559,1559,2.3914762,0.00296,-1,-1,-1,0,0,0,136,1,1,0,0.0000000,0.0000000,0.0000000,0,0,0,0
755677902194666 D 642,1089729339,1000,1559,1559,2.3914762,0.00284,-1,-1,-1,0,0,0,136,1,1,0,0.0000000,0.0000000,0.0000000,0,0,0,0
755677903184041 D 643,1089730339,1000,1559,1559,2.3914762,0.00273,-1,-1,-1,0,0,0,136,1,1,0,0.0000000,0.0000000,0.0000000,0,0,0,0
755677904193333 D 644,1089731339,1000,1559,1559,2.3914762,0.00262,-1,-1,-1,0,0,0,136,1,1,0,0.0000000,0.0000000,0.0000000,0,0,0,0
755677905169250 D 645,1089732339,1000,1559,1559,2.3914762,0.00252,-1,-1,-1,0,0,0,136,1,1,0,0.0000000,0.0000000,0.0000000,0,0,0,0
755677906170000 D 646,1089733339,1000,1559,1559,2.3914762,0.00242,-1,-1,-1,0,0,0,136,1,1,0,0.0000000,0.0000000,0.0000000,0,0,0,0
755677907156458 D 647,1089734339,1000,1559,1559,2.3914762,0.00232,-1,-1,-1,0,0,0,136,1,1,0,0.0000000,0.0000000,0.0000000,0,0,0,0
755677908386583 D 648,1089735339,1000,1559,1559,2.3914762,0.00223,-1,-1,-1,0,0,0,136,1,1,0,0.0000000,0.0000000,0.0000000,0,0,0,0
755677909426208 D 649,1089736339,1000,1559,1559,2.3914762,0.00215,-1,-1,-1,0,0,0,136,1,1,0,0.0000000,0.0000000,0.0000000,0,0,0,0
755677910407166 D 650,1089737339,1000,1559,1559,2.3914762,0.00206,-1,-1,-1,0,0,0,136,1,1,0,0.0000000,0.0000000,0.0000000,0,0,0,0
755677911212166 D 651,1089738339,1000,1558,1558,2.3899422,-0.05817,-1,-1,-1,0,0,0,136,1,1,0,0.0000000,0.0000000,0.0000000,0,0,0,0
755677912241125 D 652,1089739339,1000,1559,1559,2.3914762,0.00426,-1,-1,-1,0,0,0,136,1,1,0,0.0000000,0.0000000,0.0000000,0,0,0,0
755677913199000 D 653,1089740339,1000,1559,1559,2.3914762,0.00409,-1,-1,-1,0,0,0,136,1,1,0,0.0000000,0.0000000,0.0000000,0,0,0,0
755677914169916 D 654,1089741339,1000,1559,1559,2.3914762,0.00393,-1,-1,-1,0,0,0,136,1,1,0,0.0000000,0.0000000,0.0000000,0,0,0,0
755677915178333 D 655,1089742339,1000,1559,1559,2.3914762,0.00378,-1,-1,-1,0,0,0,136,1,1,0,0.0000000,0.0000000,0.0000000,0,0,0,0
755677916175250 D 656,1089743339,1000,1559,1559,2.3914762,0.00363,-1,-1,-1,0,0,0,136,1,1,0,0.0000000,0.0000000,0.0000000,0,0,0,0
755677917228583 D 657,1089744339,1000,1559,1559,2.3914762,0.00349,-1,-1,-1,0,0,0,136,1,1,0,0.0000000,0.0000000,0.0000000,0,0,0,0
755677918298833 D 658,1089745339,1000,1559,1559,2.3914762,0.00335,-1,-1,-1,0,0,0,136,1,1,0,0.0000000,0.0000000,0.0000000,0,0,0,0
755677919131666 D 659,1089746339,1000,1559,1559,2.3914762,0.00322,-1,-1,-1,0,0,0,136,1,1,0,0.0000000,0.0000000,0.0000000,0,0,0,0
755677920258000 D 660,1089747339,1000,1559,1559,2.3914762,0.00309,-1,-1,-1,0,0,0,136,1,1,0,0.0000000,0.0000000,0.0000000,0,0,0,0
755677921221458 D 661,1089748339,1000,1559,1559,2.3914762,0.00297,-1,-1,-1,0,0,0,136,1,1,0,0.0000000,0.0000000,0.0000000,0,0,0,0
755677922180500 D 662,1089749339,1000,1559,1559,2.3914762,0.00286,-1,-1,-1,0,0,0,136,1,1,0,0.0000000,0.0000000,0.0000000,0,0,0,0
755677923193166 D 663,1089750339,1000,1559,1559,2.3914762,0.00274,-1,-1,-1,0,0,0,136,1,1,0,0.0000000,0.0000000,0.0000000,0,0,0,0
755677924196375 D 664,1089751339,1000,1559,1559,2.3914762,0.00264,-1,-1,-1,0,0,0,136,1,1,0,0.0000000,0.0000000,0.0000000,0,0,0,0
755677925641458 D 665,1089752339,1000,1559,1559,2.3914762,0.00253,39,128,2042,0,0,0,136,1,1,0,0.0000000,0.0000000,0.0000000,0,0,0,0
755677926234500 D 666,1089753339,1000,1559,1559,2.3914762,0.00243,-1,-1,-1,0,0,0,136,1,1,0,0.0000000,0.0000000,0.0000000,0,0,0,0
755677927175125 D 667,1089754339,1000,1559,1559,2.3914762,0.00234,-1,-1,-1,0,0,0,136,1,1,0,0.0000000,0.0000000,0.0000000,0,0,0,0
755677928169708 D 668,1089755339,1000,1559,1559,2.3914762,0.00225,-1,-1,-1,0,0,0,136,1,1,0,0.0000000,0.0000000,0.0000000,0,0,0,0
755677929164291 D 669,1089756339,1000,1559,1559,2.3914762,0.00216,-1,-1,-1,0,0,0,136,1,1,0,0.0000000,0.0000000,0.0000000,0,0,0,0
755677930176875 D 670,1089757339,1000,1559,1559,2.3914762,0.00207,-1,-1,-1,0,0,0,136,1,1,0,0.0000000,0.0000000,0.0000000,0,0,0,0
755677931203375 D 671,1089758339,1000,1559,1559,2.3914762,0.00199,-1,-1,-1,0,0,0,136,1,1,0,0.0000000,0.0000000,0.0000000,0,0,0,0
755677932174750 D 672,1089759339,1000,1559,1559,2.3914762,0.00191,-1,-1,-1,0,0,0,136,1,1,0,0.0000000,0.0000000,0.0000000,0,0,0,0
755677933165750 D 673,1089760339,1000,1559,1559,2.3914762,0.00184,-1,-1,-1,0,0,0,136,1,1,0,0.0000000,0.0000000,0.0000000,0,0,0,0
755677934167666 D 674,1089761339,1000,1559,1559,2.3914762,0.00177,-1,-1,-1,0,0,0,136,1,1,0,0.0000000,0.0000000,0.0000000,0,0,0,0
755677935162833 D 675,1089762339,1000,1559,1559,2.3914762,0.00170,-1,-1,-1,0,0,0,136,1,1,0,0.0000000,0.0000000,0.0000000,0,0,0,0
755677936164791 D 676,1089763339,1000,1559,1559,2.3914762,0.00163,-1,-1,-1,0,0,0,136,1,1,0,0.0000000,0.0000000,0.0000000,0,0,0,0
755677937159708 D 677,1089764339,1000,1559,1559,2.3914762,0.00157,-1,-1,-1,0,0,0,136,1,1,0,0.0000000,0.0000000,0.0000000,0,0,0,0
755677938164208 D 678,1089765339,1000,1559,1559,2.3914762,0.00151,-1,-1,-1,0,0,0,136,1,1,0,0.0000000,0.0000000,0.0000000,0,0,0,0
755677939168500 D 679,1089766339,1000,1559,1559,2.3914762,0.00145,-1,-1,-1,0,0,0,136,1,1,0,0.0000000,0.0000000,0.0000000,0,0,0,0
755677940158916 D 680,1089767339,1000,1559,1559,2.3914762,0.00139,-1,-1,-1,0,0,0,136,1,1,0,0.0000000,0.0000000,0.0000000,0,0,0,0
755677941163208 D 681,1089768339,1000,1559,1559,2.3914762,0.00134,-1,-1,-1,0,0,0,136,1,1,0,0.0000000,0.0000000,0.0000000,0,0,0,0
755677942163791 D 682,1089769339,1000,1559,1559,2.3914762,0.00128,-1,-1,-1,0,0,0,136,1,1,0,0.0000000,0.0000000,0.0000000,0,0,0,0
755677943150791 D 683,1089770339,1000,1559,1559,2.3914762,0.00123,-1,-1,-1,0,0,0,136,1,1,0,0.0000000,0.0000000,0.0000000,0,0,0,0
755677944175708 D 684,1089771339,1000,1559,1559,2.3914762,0.00118,-1,-1,-1,0,0,0,136,1,1,0,0.0000000,0.0000000,0.0000000,0,0,0,0
755677945188500 D 685,1089772339,1000,1559,1559,2.3914762,0.00114,-1,-1,-1,0,0,0,136,1,1,0,0.0000000,0.0000000,0.0000000,0,0,0,0
755677946224833 D 686,1089773339,1000,1559,1559,2.3914762,0.00109,-1,-1,-1,0,0,0,136,1,1,0,0.0000000,0.0000000,0.0000000,0,0,0,0
755677947205750 D 687,1089774339,1000,1559,1559,2.3914762,0.00105,-1,-1,-1,0,0,0,136,1,1,0,0.0000000,0.0000000,0.0000000,0,0,0,0
755677948197791 D 688,1089775339,1000,1559,1559,2.3914762,0.00101,-1,-1,-1,0,0,0,136,1,1,0,0.0000000,0.0000000,0.0000000,0,0,0,0
755677949187708 D 689,1089776339,1000,1559,1559,2.3914762,0.00097,-1,-1,-1,0,0,0,136,1,1,0,0.0000000,0.0000000,0.0000000,0,0,0,0
755677950169541 D 690,1089777339,1000,1559,1559,2.3914762,0.00093,-1,-1,-1,0,0,0,136,1,1,0,0.0000000,0.0000000,0.0000000,0,0,0,0
755677951177625 D 691,1089778339,1000,1559,1559,2.3914762,0.00090,-1,-1,-1,0,0,0,136,1,1,0,0.0000000,0.0000000,0.0000000,0,0,0,0
755677952168583 D 692,1089779339,1000,1559,1559,2.3914762,0.00086,-1,-1,-1,0,0,0,136,1,1,0,0.0000000,0.0000000,0.0000000,0,0,0,0
755677953150416 D 693,1089780339,1000,1559,1559,2.3914762,0.00083,-1,-1,-1,0,0,0,136,1,1,0,0.0000000,0.0000000,0.0000000,0,0,0,0
755677954150416 D 694,1089781339,1000,1559,1559,2.3914762,0.00079,-1,-1,-1,0,0,0,136,1,1,0,0.0000000,0.0000000,0.0000000,0,0,0,0
755677955209125 D 695,1089782339,1000,1558,1558,2.3899422,-0.05939,-1,-1,-1,0,0,0,136,1,1,0,0.0000000,0.0000000,0.0000000,0,0,0,0
755677955985875 D 696,1089783339,1000,1559,1559,2.3914762,0.00309,-1,-1,-1,0,0,0,136,1,1,0,0.0000000,0.0000000,0.0000000,0,0,0,0
755677957012958 D 697,1089784339,1000,1559,1559,2.3914762,0.00297,-1,-1,-1,0,0,0,136,1,1,0,0.0000000,0.0000000,0.0000000,0,0,0,0
755677958000041 D 698,1089785339,1000,1559,1559,2.3914762,0.00285,-1,-1,-1,0,0,0,136,1,1,0,0.0000000,0.0000000,0.0000000,0,0,0,0
755677958998083 D 699,1089786339,1000,1559,1559,2.3914762,0.00274,-1,-1,-1,0,0,0,136,1,1,0,0.0000000,0.0000000,0.0000000,0,0,0,0
755677960002833 D 700,1089787339,1000,1559,1559,2.3914762,0.00263,-1,-1,-1,0,0,0,136,1,1,0,0.0000000,0.0000000,0.0000000,0,0,0,0
755677960997708 D 701,1089788339,1000,1559,1559,2.3914762,0.00253,-1,-1,-1,0,0,0,136,1,1,0,0.0000000,0.0000000,0.0000000,0,0,0,0
755677961998125 D 702,1089789339,1000,1559,1559,2.3914762,0.00243,-1,-1,-1,0,0,0,136,1,1,0,0.0000000,0.0000000,0.0000000,0,0,0,0
755677963019125 D 703,1089790339,1000,1559,1559,2.3914762,0.00234,-1,-1,-1,0,0,0,136,1,1,0,0.0000000,0.0000000,0.0000000,0,0,0,0
755677964027500 D 704,1089791339,1000,1559,1559,2.3914762,0.00224,-1,-1,-1,0,0,0,136,1,1,0,0.0000000,0.0000000,0.0000000,0,0,0,0
755677965002708 D 705,1089792339,1000,1559,1559,2.3914762,0.00216,-1,-1,-1,0,0,0,136,1,1,0,0.0000000,0.0000000,0.0000000,0,0,0,0
755677966000958 D 706,1089793339,1000,1559,1559,2.3914762,0.00207,-1,-1,-1,0,0,0,136,1,1,0,0.0000000,0.0000000,0.0000000,0,0,0,0
755677966997541 D 707,1089794339,1000,1559,1559,2.3914762,0.00199,-1,-1,-1,0,0,0,136,1,1,0,0.0000000,0.0000000,0.0000000,0,0,0,0
755677967999416 D 708,1089795339,1000,1559,1559,2.3914762,0.00191,-1,-1,-1,0,0,0,136,1,1,0,0.0000000,0.0000000,0.0000000,0,0,0,0
755677969006958 D 709,1089796339,1000,1559,1559,2.3914762,0.00184,-1,-1,-1,0,0,0,136,1,1,0,0.0000000,0.0000000,0.0000000,0,0,0,0
755677970145208 D 710,1089797339,1000,1559,1559,2.3914762,0.00177,-1,-1,-1,0,0,0,136,1,1,0,0.0000000,0.0000000,0.0000000,0,0,0,0
755677971081875 D 711,1089798339,1000,1559,1559,2.3914762,0.00170,-1,-1,-1,0,0,0,136,1,1,0,0.0000000,0.0000000,0.0000000,0,0,0,0
755677972037750 D 712,1089799339,1000,1559,1559,2.3914762,0.00163,-1,-1,-1,0,0,0,136,1,1,0,0.0000000,0.0000000,0.0000000,0,0,0,0
755677973063875 D 713,1089800339,1000,1559,1559,2.3914762,0.00157,-1,-1,-1,0,0,0,136,1,1,0,0.0000000,0.0000000,0.0000000,0,0,0,0
755677974044916 D 714,1089801339,1000,1559,1559,2.3914762,0.00150,-1,-1,-1,0,0,0,136,1,1,0,0.0000000,0.0000000,0.0000000,0,0,0,0
755677975493791 D 715,1089802339,1000,1559,1559,2.3914762,0.00145,39,128,2042,0,0,0,136,1,1,0,0.0000000,0.0000000,0.0000000,0,0,0,0
755677976035500 D 716,1089803339,1000,1559,1559,2.3914762,0.00139,-1,-1,-1,0,0,0,136,1,1,0,0.0000000,0.0000000,0.0000000,0,0,0,0
755677977029791 D 717,1089804339,1000,1559,1559,2.3914762,0.00133,-1,-1,-1,0,0,0,136,1,1,0,0.0000000,0.0000000,0.0000000,0,0,0,0
755677978033708 D 718,1089805339,1000,1559,1559,2.3914762,0.00128,-1,-1,-1,0,0,0,136,1,1,0,0.0000000,0.0000000,0.0000000,0,0,0,0
755677979081750 D 719,1089806339,1000,1559,1559,2.3914762,0.00123,-1,-1,-1,0,0,0,136,1,1,0,0.0000000,0.0000000,0.0000000,0,0,0,0
755677980052125 D 720,1089807339,1000,1559,1559,2.3914762,0.00118,-1,-1,-1,0,0,0,136,1,1,0,0.0000000,0.0000000,0.0000000,0,0,0,0
755677981028583 D 721,1089808339,1000,1559,1559,2.3914762,0.00114,-1,-1,-1,0,0,0,136,1,1,0,0.0000000,0.0000000,0.0000000,0,0,0,0
755677982040208 D 722,1089809339,1000,1558,1558,2.3899422,-0.05906,-1,-1,-1,0,0,0,136,1,1,0,0.0000000,0.0000000,0.0000000,0,0,0,0
755677983080000 D 723,1089810339,1000,1559,1559,2.3914762,0.00341,-1,-1,-1,0,0,0,136,1,1,0,0.0000000,0.0000000,0.0000000,0,0,0,0
755677984077958 D 724,1089811339,1000,1558,1558,2.3899422,-0.05687,-1,-1,-1,0,0,0,136,1,1,0,0.0000000,0.0000000,0.0000000,0,0,0,0
755677985082500 D 725,1089812339,1000,1559,1559,2.3914762,0.00550,-1,-1,-1,0,0,0,136,1,1,0,0.0000000,0.0000000,0.0000000,0,0,0,0
755677986093291 D 726,1089813339,1000,1559,1559,2.3914762,0.00529,-1,-1,-1,0,0,0,136,1,1,0,0.0000000,0.0000000,0.0000000,0,0,0,0
755677987107375 D 727,1089814339,1000,1558,1558,2.3899422,-0.05507,-1,-1,-1,0,0,0,136,1,1,0,0.0000000,0.0000000,0.0000000,0,0,0,0
755677988090916 D 728,1089815339,1000,1559,1559,2.3914762,0.00724,-1,-1,-1,0,0,0,136,1,1,0,0.0000000,0.0000000,0.0000000,0,0,0,0
755677989083583 D 729,1089816339,1000,1558,1558,2.3899422,-0.05319,-1,-1,-1,0,0,0,136,1,1,0,0.0000000,0.0000000,0.0000000,0,0,0,0
755677990094291 D 730,1089817339,1000,1559,1559,2.3914762,0.00904,-1,-1,-1,0,0,0,136,1,1,0,0.0000000,0.0000000,0.0000000,0,0,0,0
755677991090666 D 731,1089818339,1000,1559,1559,2.3914762,0.00869,-1,-1,-1,0,0,0,136,1,1,0,0.0000000,0.0000000,0.0000000,0,0,0,0
755677992106000 D 732,1089819339,1000,1559,1559,2.3914762,0.00835,-1,-1,-1,0,0,0,136,1,1,0,0.0000000,0.0000000,0.0000000,0,0,0,0
755677993088041 D 733,1089820339,1000,1559,1559,2.3914762,0.00802,-1,-1,-1,0,0,0,136,1,1,0,0.0000000,0.0000000,0.0000000,0,0,0,0
755677994095000 D 734,1089821339,1000,1559,1559,2.3914762,0.00771,-1,-1,-1,0,0,0,136,1,1,0,0.0000000,0.0000000,0.0000000,0,0,0,0
755677995098875 D 735,1089822339,1000,1559,1559,2.3914762,0.00740,-1,-1,-1,0,0,0,136,1,1,0,0.0000000,0.0000000,0.0000000,0,0,0,0
755677996081416 D 736,1089823339,1000,1559,1559,2.3914762,0.00711,-1,-1,-1,0,0,0,136,1,1,0,0.0000000,0.0000000,0.0000000,0,0,0,0
755677997113458 D 737,1089824339,1000,1559,1559,2.3914762,0.00683,-1,-1,-1,0,0,0,136,1,1,0,0.0000000,0.0000000,0.0000000,0,0,0,0
755677998115375 D 738,1089825339,1000,1559,1559,2.3914762,0.00657,-1,-1,-1,0,0,0,136,1,1,0,0.0000000,0.0000000,0.0000000,0,0,0,0
755677999086458 D 739,1089826339,1000,1559,1559,2.3914762,0.00631,-1,-1,-1,0,0,0,136,1,1,0,0.0000000,0.0000000,0.0000000,0,0,0,0
755678000079083 D 740,1089827339,1000,1559,1559,2.3914762,0.00606,-1,-1,-1,0,0,0,136,1,1,0,0.0000000,0.0000000,0.0000000,0,0,0,0
755678001080458 D 741,1089828339,1000,1559,1559,2.3914762,0.00582,-1,-1,-1,0,0,0,136,1,1,0,0.0000000,0.0000000,0.0000000,0,0,0,0
755678002117625 D 742,1089829339,1000,1559,1559,2.3914762,0.00560,-1,-1,-1,0,0,0,136,1,1,0,0.0000000,0.0000000,0.0000000,0,0,0,0
755678003155000 D 743,1089830339,1000,1559,1559,2.3914762,0.00538,-1,-1,-1,0,0,0,136,1,1,0,0.0000000,0.0000000,0.0000000,0,0,0,0
755678004141625 D 744,1089831339,1000,1559,1559,2.3914762,0.00517,-1,-1,-1,0,0,0,136,1,1,0,0.0000000,0.0000000,0.0000000,0,0,0,0
755678005151958 D 745,1089832339,1000,1559,1559,2.3914762,0.00496,-1,-1,-1,0,0,0,136,1,1,0,0.0000000,0.0000000,0.0000000,0,0,0,0
755678006156375 D 746,1089833339,1000,1558,1558,2.3899422,-0.05538,-1,-1,-1,0,0,0,136,1,1,0,0.0000000,0.0000000,0.0000000,0,0,0,0
755678007149916 D 747,1089834339,1000,1559,1559,2.3914762,0.00694,-1,-1,-1,0,0,0,136,1,1,0,0.0000000,0.0000000,0.0000000,0,0,0,0
755678008153583 D 748,1089835339,1000,1559,1559,2.3914762,0.00667,-1,-1,-1,0,0,0,136,1,1,0,0.0000000,0.0000000,0.0000000,0,0,0,0
755678009154750 D 749,1089836339,1000,1559,1559,2.3914762,0.00641,-1,-1,-1,0,0,0,136,1,1,0,0.0000000,0.0000000,0.0000000,0,0,0,0
755678010157125 D 750,1089837339,1000,1559,1559,2.3914762,0.00615,-1,-1,-1,0,0,0,136,1,1,0,0.0000000,0.0000000,0.0000000,0,0,0,0
755678011164833 D 751,1089838339,1000,1559,1559,2.3914762,0.00591,-1,-1,-1,0,0,0,136,1,1,0,0.0000000,0.0000000,0.0000000,0,0,0,0
755678012151041 D 752,1089839339,1000,1559,1559,2.3914762,0.00568,-1,-1,-1,0,0,0,136,1,1,0,0.0000000,0.0000000,0.0000000,0,0,0,0
755678013169916 D 753,1089840339,1000,1559,1559,2.3914762,0.00546,-1,-1,-1,0,0,0,136,1,1,0,0.0000000,0.0000000,0.0000000,0,0,0,0
755678014150291 D 754,1089841339,1000,1559,1559,2.3914762,0.00524,-1,-1,-1,0,0,0,136,1,1,0,0.0000000,0.0000000,0.0000000,0,0,0,0
755678015147833 D 755,1089842339,1000,1559,1559,2.3914762,0.00504,-1,-1,-1,0,0,0,136,1,1,0,0.0000000,0.0000000,0.0000000,0,0,0,0
755678016151125 D 756,1089843339,1000,1559,1559,2.3914762,0.00484,-1,-1,-1,0,0,0,136,1,1,0,0.0000000,0.0000000,0.0000000,0,0,0,0
755678017143916 D 757,1089844339,1000,1559,1559,2.3914762,0.00465,-1,-1,-1,0,0,0,136,1,1,0,0.0000000,0.0000000,0.0000000,0,0,0,0
755678018166333 D 758,1089845339,1000,1558,1558,2.3899422,-0.05568,-1,-1,-1,0,0,0,136,1,1,0,0.0000000,0.0000000,0.0000000,0,0,0,0
755678019144125 D 759,1089846339,1000,1559,1559,2.3914762,0.00665,-1,-1,-1,0,0,0,136,1,1,0,0.0000000,0.0000000,0.0000000,0,0,0,0
755678020149208 D 760,1089847339,1000,1559,1559,2.3914762,0.00639,-1,-1,-1,0,0,0,136,1,1,0,0.0000000,0.0000000,0.0000000,0,0,0,0
755678021147791 D 761,1089848339,1000,1559,1559,2.3914762,0.00614,-1,-1,-1,0,0,0,136,1,1,0,0.0000000,0.0000000,0.0000000,0,0,0,0
755678022149958 D 762,1089849339,1000,1559,1559,2.3914762,0.00590,-1,-1,-1,0,0,0,136,1,1,0,0.0000000,0.0000000,0.0000000,0,0,0,0
755678023149916 D 763,1089850339,1000,1559,1559,2.3914762,0.00567,-1,-1,-1,0,0,0,136,1,1,0,0.0000000,0.0000000,0.0000000,0,0,0,0
755678024150500 D 764,1089851339,1000,1559,1559,2.3914762,0.00545,-1,-1,-1,0,0,0,136,1,1,0,0.0000000,0.0000000,0.0000000,0,0,0,0
755678025541791 D 765,1089852339,1000,1559,1559,2.3914762,0.00523,39,128,2042,0,0,0,136,1,1,0,0.0000000,0.0000000,0.0000000,0,0,0,0
755678026145166 D 766,1089853339,1000,1559,1559,2.3914762,0.00503,-1,-1,-1,0,0,0,136,1,1,0,0.0000000,0.0000000,0.0000000,0,0,0,0
755678027150791 D 767,1089854339,1000,1559,1559,2.3914762,0.00483,-1,-1,-1,0,0,0,136,1,1,0,0.0000000,0.0000000,0.0000000,0,0,0,0
755678028154583 D 768,1089855339,1000,1559,1559,2.3914762,0.00464,-1,-1,-1,0,0,0,136,1,1,0,0.0000000,0.0000000,0.0000000,0,0,0,0
755678029152625 D 769,1089856339,1000,1559,1559,2.3914762,0.00446,-1,-1,-1,0,0,0,136,1,1,0,0.0000000,0.0000000,0.0000000,0,0,0,0
755678030144416 D 770,1089857339,1000,1559,1559,2.3914762,0.00428,-1,-1,-1,0,0,0,136,1,1,0,0.0000000,0.0000000,0.0000000,0,0,0,0
755678031150500 D 771,1089858339,1000,1559,1559,2.3914762,0.00412,-1,-1,-1,0,0,0,136,1,1,0,0.0000000,0.0000000,0.0000000,0,0,0,0
755678032206916 D 772,1089859339,1000,1559,1559,2.3914762,0.00396,-1,-1,-1,0,0,0,136,1,1,0,0.0000000,0.0000000,0.0000000,0,0,0,0
755678033197541 D 773,1089860339,1000,1559,1559,2.3914762,0.00380,-1,-1,-1,0,0,0,136,1,1,0,0.0000000,0.0000000,0.0000000,0,0,0,0
755678034182791 D 774,1089861339,1000,1559,1559,2.3914762,0.00365,-1,-1,-1,0,0,0,136,1,1,0,0.0000000,0.0000000,0.0000000,0,0,0,0
755678035153875 D 775,1089862339,1000,1559,1559,2.3914762,0.00351,-1,-1,-1,0,0,0,136,1,1,0,0.0000000,0.0000000,0.0000000,0,0,0,0
755678036156250 D 776,1089863339,1000,1559,1559,2.3914762,0.00337,-1,-1,-1,0,0,0,136,1,1,0,0.0000000,0.0000000,0.0000000,0,0,0,0
755678037182458 D 777,1089864339,1000,1558,1558,2.3899422,-0.05691,-1,-1,-1,0,0,0,136,1,1,0,0.0000000,0.0000000,0.0000000,0,0,0,0
755678038158666 D 778,1089865339,1000,1558,1558,2.3899422,-0.05468,-1,-1,-1,0,0,0,136,1,1,0,0.0000000,0.0000000,0.0000000,0,0,0,0
755678039160708 D 779,1089866339,1000,1559,1559,2.3914762,0.00761,-1,-1,-1,0,0,0,136,1,1,0,0.0000000,0.0000000,0.0000000,0,0,0,0
755678040157291 D 780,1089867339,1000,1559,1559,2.3914762,0.00732,-1,-1,-1,0,0,0,136,1,1,0,0.0000000,0.0000000,0.0000000,0,0,0,0
755678041176833 D 781,1089868339,1000,1559,1559,2.3914762,0.00703,-1,-1,-1,0,0,0,136,1,1,0,0.0000000,0.0000000,0.0000000,0,0,0,0
755678042234000 D 782,1089869339,1000,1559,1559,2.3914762,0.00675,-1,-1,-1,0,0,0,136,1,1,0,0.0000000,0.0000000,0.0000000,0,0,0,0
755678043158000 D 783,1089870339,1000,1559,1559,2.3914762,0.00649,-1,-1,-1,0,0,0,136,1,1,0,0.0000000,0.0000000,0.0000000,0,0,0,0
755678044173625 D 784,1089871339,1000,1559,1559,2.3914762,0.00623,-1,-1,-1,0,0,0,136,1,1,0,0.0000000,0.0000000,0.0000000,0,0,0,0
755678045154208 D 785,1089872339,1000,1559,1559,2.3914762,0.00599,-1,-1,-1,0,0,0,136,1,1,0,0.0000000,0.0000000,0.0000000,0,0,0,0
755678046162916 D 786,1089873339,1000,1558,1558,2.3899422,-0.05439,-1,-1,-1,0,0,0,136,1,1,0,0.0000000,0.0000000,0.0000000,0,0,0,0
755678047157125 D 787,1089874339,1000,1559,1559,2.3914762,0.00789,-1,-1,-1,0,0,0,136,1,1,0,0.0000000,0.0000000,0.0000000,0,0,0,0
755678048157041 D 788,1089875339,1000,1559,1559,2.3914762,0.00758,-1,-1,-1,0,0,0,136,1,1,0,0.0000000,0.0000000,0.0000000,0,0,0,0
755678049148833 D 789,1089876339,1000,1559,1559,2.3914762,0.00728,-1,-1,-1,0,0,0,136,1,1,0,0.0000000,0.0000000,0.0000000,0,0,0,0
755678050153541 D 790,1089877339,1000,1559,1559,2.3914762,0.00700,-1,-1,-1,0,0,0,136,1,1,0,0.0000000,0.0000000,0.0000000,0,0,0,0
755678051189208 D 791,1089878339,1000,1559,1559,2.3914762,0.00672,-1,-1,-1,0,0,0,136,1,1,0,0.0000000,0.0000000,0.0000000,0,0,0,0
755678052169958 D 792,1089879339,1000,1559,1559,2.3914762,0.00646,-1,-1,-1,0,0,0,136,1,1,0,0.0000000,0.0000000,0.0000000,0,0,0,0
755678053176916 D 793,1089880339,1000,1559,1559,2.3914762,0.00620,-1,-1,-1,0,0,0,136,1,1,0,0.0000000,0.0000000,0.0000000,0,0,0,0
755678054160208 D 794,1089881339,1000,1559,1559,2.3914762,0.00596,-1,-1,-1,0,0,0,136,1,1,0,0.0000000,0.0000000,0.0000000,0,0,0,0
755678055147416 D 795,1089882339,1000,1559,1559,2.3914762,0.00573,-1,-1,-1,0,0,0,136,1,1,0,0.0000000,0.0000000,0.0000000,0,0,0,0
755678056377000 D 796,1089883339,1000,1559,1559,2.3914762,0.00550,-1,-1,-1,0,0,0,136,1,1,0,0.0000000,0.0000000,0.0000000,0,0,0,0
755678057379541 D 797,1089884339,1000,1559,1559,2.3914762,0.00529,-1,-1,-1,0,0,0,136,1,1,0,0.0000000,0.0000000,0.0000000,0,0,0,0
755678058371250 D 798,1089885339,1000,1559,1559,2.3914762,0.00508,-1,-1,-1,0,0,0,136,1,1,0,0.0000000,0.0000000,0.0000000,0,0,0,0
755678059173541 D 799,1089886339,1000,1559,1559,2.3914762,0.00488,-1,-1,-1,0,0,0,136,1,1,0,0.0000000,0.0000000,0.0000000,0,0,0,0
755678060152916 D 800,1089887339,1000,1559,1559,2.3914762,0.00469,-1,-1,-1,0,0,0,136,1,1,0,0.0000000,0.0000000,0.0000000,0,0,0,0
755678061142208 D 801,1089888339,1000,1559,1559,2.3914762,0.00451,-1,-1,-1,0,0,0,136,1,1,0,0.0000000,0.0000000,0.0000000,0,0,0,0
755678062171833 D 802,1089889339,1000,1559,1559,2.3914762,0.00433,-1,-1,-1,0,0,0,136,1,1,0,0.0000000,0.0000000,0.0000000,0,0,0,0
755678063155041 D 803,1089890339,1000,1559,1559,2.3914762,0.00416,-1,-1,-1,0,0,0,136,1,1,0,0.0000000,0.0000000,0.0000000,0,0,0,0
755678064158541 D 804,1089891339,1000,1559,1559,2.3914762,0.00400,-1,-1,-1,0,0,0,136,1,1,0,0.0000000,0.0000000,0.0000000,0,0,0,0
755678065164083 D 805,1089892339,1000,1559,1559,2.3914762,0.00384,-1,-1,-1,0,0,0,136,1,1,0,0.0000000,0.0000000,0.0000000,0,0,0,0
755678066157541 D 806,1089893339,1000,1559,1559,2.3914762,0.00369,-1,-1,-1,0,0,0,136,1,1,0,0.0000000,0.0000000,0.0000000,0,0,0,0
755678067156250 D 807,1089894339,1000,1559,1559,2.3914762,0.00354,-1,-1,-1,0,0,0,136,1,1,0,0.0000000,0.0000000,0.0000000,0,0,0,0
755678068151625 D 808,1089895339,1000,1559,1559,2.3914762,0.00340,-1,-1,-1,0,0,0,136,1,1,0,0.0000000,0.0000000,0.0000000,0,0,0,0
755678069158625 D 809,1089896339,1000,1559,1559,2.3914762,0.00327,-1,-1,-1,0,0,0,136,1,1,0,0.0000000,0.0000000,0.0000000,0,0,0,0
755678070149666 D 810,1089897339,1000,1559,1559,2.3914762,0.00314,-1,-1,-1,0,0,0,136,1,1,0,0.0000000,0.0000000,0.0000000,0,0,0,0
755678071163250 D 811,1089898339,1000,1559,1559,2.3914762,0.00302,-1,-1,-1,0,0,0,136,1,1,0,0.0000000,0.0000000,0.0000000,0,0,0,0
755678072163708 D 812,1089899339,1000,1559,1559,2.3914762,0.00290,-1,-1,-1,0,0,0,136,1,1,0,0.0000000,0.0000000,0.0000000,0,0,0,0
755678073168708 D 813,1089900339,1000,1559,1559,2.3914762,0.00279,-1,-1,-1,0,0,0,136,1,1,0,0.0000000,0.0000000,0.0000000,0,0,0,0
755678074167958 D 814,1089901339,1000,1559,1559,2.3914762,0.00268,-1,-1,-1,0,0,0,136,1,1,0,0.0000000,0.0000000,0.0000000,0,0,0,0
755678075611041 D 815,1089902339,1000,1559,1559,2.3914762,0.00257,39,128,2043,0,0,0,136,1,1,0,0.0000000,0.0000000,0.0000000,0,0,0,0
755678076226166 D 816,1089903339,1000,1559,1559,2.3914762,0.00247,-1,-1,-1,0,0,0,136,1,1,0,0.0000000,0.0000000,0.0000000,0,0,0,0
755678077164625 D 817,1089904339,1000,1559,1559,2.3914762,0.00238,-1,-1,-1,0,0,0,136,1,1,0,0.0000000,0.0000000,0.0000000,0,0,0,0
755678078169666 D 818,1089905339,1000,1559,1559,2.3914762,0.00228,-1,-1,-1,0,0,0,136,1,1,0,0.0000000,0.0000000,0.0000000,0,0,0,0
755678079163000 D 819,1089906339,1000,1559,1559,2.3914762,0.00219,-1,-1,-1,0,0,0,136,1,1,0,0.0000000,0.0000000,0.0000000,0,0,0,0
755678080166750 D 820,1089907339,1000,1559,1559,2.3914762,0.00211,-1,-1,-1,0,0,0,136,1,1,0,0.0000000,0.0000000,0.0000000,0,0,0,0
755678081157208 D 821,1089908339,1000,1559,1559,2.3914762,0.00202,-1,-1,-1,0,0,0,136,1,1,0,0.0000000,0.0000000,0.0000000,0,0,0,0
755678082158875 D 822,1089909339,1000,1559,1559,2.3914762,0.00194,-1,-1,-1,0,0,0,136,1,1,0,0.0000000,0.0000000,0.0000000,0,0,0,0
755678083156375 D 823,1089910339,1000,1559,1559,2.3914762,0.00187,-1,-1,-1,0,0,0,136,1,1,0,0.0000000,0.0000000,0.0000000,0,0,0,0
755678084157375 D 824,1089911339,1000,1559,1559,2.3914762,0.00180,-1,-1,-1,0,0,0,136,1,1,0,0.0000000,0.0000000,0.0000000,0,0,0,0
755678085169583 D 825,1089912339,1000,1559,1559,2.3914762,0.00172,-1,-1,-1,0,0,0,136,1,1,0,0.0000000,0.0000000,0.0000000,0,0,0,0
755678086155583 D 826,1089913339,1000,1559,1559,2.3914762,0.00166,-1,-1,-1,0,0,0,136,1,1,0,0.0000000,0.0000000,0.0000000,0,0,0,0
755678087157041 D 827,1089914339,1000,1559,1559,2.3914762,0.00159,-1,-1,-1,0,0,0,136,1,1,0,0.0000000,0.0000000,0.0000000,0,0,0,0
755678088170791 D 828,1089915339,1000,1558,1558,2.3899422,-0.05862,-1,-1,-1,0,0,0,136,1,1,0,0.0000000,0.0000000,0.0000000,0,0,0,0
755678089168625 D 829,1089916339,1000,1559,1559,2.3914762,0.00383,-1,-1,-1,0,0,0,136,1,1,0,0.0000000,0.0000000,0.0000000,0,0,0,0
755678090171000 D 830,1089917339,1000,1559,1559,2.3914762,0.00368,-1,-1,-1,0,0,0,136,1,1,0,0.0000000,0.0000000,0.0000000,0,0,0,0
755678091157791 D 831,1089918339,1000,1559,1559,2.3914762,0.00353,-1,-1,-1,0,0,0,136,1,1,0,0.0000000,0.0000000,0.0000000,0,0,0,0
755678092165041 D 832,1089919339,1000,1559,1559,2.3914762,0.00340,-1,-1,-1,0,0,0,136,1,1,0,0.0000000,0.0000000,0.0000000,0,0,0,0
755678093161166 D 833,1089920339,1000,1558,1558,2.3899422,-0.05689,-1,-1,-1,0,0,0,136,1,1,0,0.0000000,0.0000000,0.0000000,0,0,0,0
755678094165708 D 834,1089921339,1000,1559,1559,2.3914762,0.00549,-1,-1,-1,0,0,0,136,1,1,0,0.0000000,0.0000000,0.0000000,0,0,0,0
755678095159875 D 835,1089922339,1000,1559,1559,2.3914762,0.00528,-1,-1,-1,0,0,0,136,1,1,0,0.0000000,0.0000000,0.0000000,0,0,0,0
755678096156791 D 836,1089923339,1000,1559,1559,2.3914762,0.00507,-1,-1,-1,0,0,0,136,1,1,0,0.0000000,0.0000000,0.0000000,0,0,0,0
755678097152625 D 837,1089924339,1000,1559,1559,2.3914762,0.00487,-1,-1,-1,0,0,0,136,1,1,0,0.0000000,0.0000000,0.0000000,0,0,0,0
755678098152583 D 838,1089925339,1000,1559,1559,2.3914762,0.00468,-1,-1,-1,0,0,0,136,1,1,0,0.0000000,0.0000000,0.0000000,0,0,0,0
755678099154250 D 839,1089926339,1000,1559,1559,2.3914762,0.00450,-1,-1,-1,0,0,0,136,1,1,0,0.0000000,0.0000000,0.0000000,0,0,0,0
755678100171750 D 840,1089927339,1000,1559,1559,2.3914762,0.00432,-1,-1,-1,0,0,0,136,1,1,0,0.0000000,0.0000000,0.0000000,0,0,0,0
755678101164125 D 841,1089928339,1000,1559,1559,2.3914762,0.00415,-1,-1,-1,0,0,0,136,1,1,0,0.0000000,0.0000000,0.0000000,0,0,0,0
755678102161125 D 842,1089929339,1000,1559,1559,2.3914762,0.00399,-1,-1,-1,0,0,0,136,1,1,0,0.0000000,0.0000000,0.0000000,0,0,0,0
755678103177375 D 843,1089930339,1000,1559,1559,2.3914762,0.00383,-1,-1,-1,0,0,0,136,1,1,0,0.0000000,0.0000000,0.0000000,0,0,0,0
755678104163500 D 844,1089931339,1000,1559,1559,2.3914762,0.00368,-1,-1,-1,0,0,0,136,1,1,0,0.0000000,0.0000000,0.0000000,0,0,0,0
755678105155583 D 845,1089932339,1000,1559,1559,2.3914762,0.00354,-1,-1,-1,0,0,0,136,1,1,0,0.0000000,0.0000000,0.0000000,0,0,0,0
755678106175416 D 846,1089933339,1000,1559,1559,2.3914762,0.00340,-1,-1,-1,0,0,0,135,1,1,0,0.0000000,0.0000000,0.0000000,0,0,0,0
755678107153666 D 847,1089934339,1000,1559,1559,2.3914762,0.00327,-1,-1,-1,0,0,0,136,1,1,0,0.0000000,0.0000000,0.0000000,0,0,0,0
755678108166583 D 848,1089935339,1000,1559,1559,2.3914762,0.00314,-1,-1,-1,0,0,0,136,1,1,0,0.0000000,0.0000000,0.0000000,0,0,0,0
755678109158250 D 849,1089936339,1000,1559,1559,2.3914762,0.00301,-1,-1,-1,0,0,0,136,1,1,0,0.0000000,0.0000000,0.0000000,0,0,0,0
755678110155916 D 850,1089937339,1000,1559,1559,2.3914762,0.00290,-1,-1,-1,0,0,0,136,1,1,0,0.0000000,0.0000000,0.0000000,0,0,0,0
755678111386041 D 851,1089938339,1000,1559,1559,2.3914762,0.00278,-1,-1,-1,0,0,0,136,1,1,0,0.0000000,0.0000000,0.0000000,0,0,0,0
755678112401041 D 852,1089939339,1000,1559,1559,2.3914762,0.00267,-1,-1,-1,0,0,0,136,1,1,0,0.0000000,0.0000000,0.0000000,0,0,0,0
755678113386875 D 853,1089940339,1000,1559,1559,2.3914762,0.00257,-1,-1,-1,0,0,0,136,1,1,0,0.0000000,0.0000000,0.0000000,0,0,0,0
755678114226916 D 854,1089941339,1000,1559,1559,2.3914762,0.00247,-1,-1,-1,0,0,0,136,1,1,0,0.0000000,0.0000000,0.0000000,0,0,0,0
755678115162416 D 855,1089942339,1000,1559,1559,2.3914762,0.00237,-1,-1,-1,0,0,0,136,1,1,0,0.0000000,0.0000000,0.0000000,0,0,0,0
755678116158750 D 856,1089943339,1000,1559,1559,2.3914762,0.00228,-1,-1,-1,0,0,0,136,1,1,0,0.0000000,0.0000000,0.0000000,0,0,0,0
755678117161833 D 857,1089944339,1000,1559,1559,2.3914762,0.00219,-1,-1,-1,0,0,0,136,1,1,0,0.0000000,0.0000000,0.0000000,0,0,0,0
755678118153375 D 858,1089945339,1000,1559,1559,2.3914762,0.00210,-1,-1,-1,0,0,0,136,1,1,0,0.0000000,0.0000000,0.0000000,0,0,0,0
755678119159583 D 859,1089946339,1000,1559,1559,2.3914762,0.00202,-1,-1,-1,0,0,0,136,1,1,0,0.0000000,0.0000000,0.0000000,0,0,0,0
755678120160416 D 860,1089947339,1000,1559,1559,2.3914762,0.00194,-1,-1,-1,0,0,0,136,1,1,0,0.0000000,0.0000000,0.0000000,0,0,0,0
755678121160833 D 861,1089948339,1000,1559,1559,2.3914762,0.00187,-1,-1,-1,0,0,0,136,1,1,0,0.0000000,0.0000000,0.0000000,0,0,0,0
755678122163625 D 862,1089949339,1000,1559,1559,2.3914762,0.00179,-1,-1,-1,0,0,0,136,1,1,0,0.0000000,0.0000000,0.0000000,0,0,0,0
755678123160541 D 863,1089950339,1000,1559,1559,2.3914762,0.00172,-1,-1,-1,0,0,0,136,1,1,0,0.0000000,0.0000000,0.0000000,0,0,0,0
755678124171541 D 864,1089951339,1000,1558,1558,2.3899422,-0.05849,-1,-1,-1,0,0,0,136,1,1,0,0.0000000,0.0000000,0.0000000,0,0,0,0
755678125625791 D 865,1089952339,1000,1559,1559,2.3914762,0.00395,39,128,2043,0,0,0,136,1,1,0,0.0000000,0.0000000,0.0000000,0,0,0,0
755678126237875 D 866,1089953339,1000,1559,1559,2.3914762,0.00379,-1,-1,-1,0,0,0,136,1,1,0,0.0000000,0.0000000,0.0000000,0,0,0,0
755678127161875 D 867,1089954339,1000,1558,1558,2.3899422,-0.05650,-1,-1,-1,0,0,0,136,1,1,0,0.0000000,0.0000000,0.0000000,0,0,0,0
755678128153375 D 868,1089955339,1000,1559,1559,2.3914762,0.00586,-1,-1,-1,0,0,0,136,1,1,0,0.0000000,0.0000000,0.0000000,0,0,0,0
755678129158958 D 869,1089956339,1000,1559,1559,2.3914762,0.00563,-1,-1,-1,0,0,0,136,1,1,0,0.0000000,0.0000000,0.0000000,0,0,0,0
755678130145541 D 870,1089957339,1000,1559,1559,2.3914762,0.00541,-1,-1,-1,0,0,0,136,1,1,0,0.0000000,0.0000000,0.0000000,0,0,0,0
755678131147791 D 871,1089958339,1000,1559,1559,2.3914762,0.00520,-1,-1,-1,0,0,0,136,1,1,0,0.0000000,0.0000000,0.0000000,0,0,0,0
755678132138458 D 872,1089959339,1000,1559,1559,2.3914762,0.00499,-1,-1,-1,0,0,0,136,1,1,0,0.0000000,0.0000000,0.0000000,0,0,0,0
755678133146000 D 873,1089960339,1000,1559,1559,2.3914762,0.00480,-1,-1,-1,0,0,0,136,1,1,0,0.0000000,0.0000000,0.0000000,0,0,0,0
755678134143291 D 874,1089961339,1000,1559,1559,2.3914762,0.00461,-1,-1,-1,0,0,0,136,1,1,0,0.0000000,0.0000000,0.0000000,0,0,0,0
755678135159041 D 875,1089962339,1000,1559,1559,2.3914762,0.00443,-1,-1,-1,0,0,0,136,1,1,0,0.0000000,0.0000000,0.0000000,0,0,0,0
755678136170083 D 876,1089963339,1000,1558,1558,2.3899422,-0.05589,-1,-1,-1,0,0,0,136,1,1,0,0.0000000,0.0000000,0.0000000,0,0,0,0
755678137393458 D 877,1089964339,1000,1559,1559,2.3914762,0.00645,-1,-1,-1,0,0,0,136,1,1,0,0.0000000,0.0000000,0.0000000,0,0,0,0
755678138395791 D 878,1089965339,1000,1558,1558,2.3899422,-0.05395,-1,-1,-1,0,0,0,136,1,1,0,0.0000000,0.0000000,0.0000000,0,0,0,0
755678139381916 D 879,1089966339,1000,1559,1559,2.3914762,0.00831,-1,-1,-1,0,0,0,136,1,1,0,0.0000000,0.0000000,0.0000000,0,0,0,0
755678140159500 D 880,1089967339,1000,1559,1559,2.3914762,0.00798,-1,-1,-1,0,0,0,136,1,1,0,0.0000000,0.0000000,0.0000000,0,0,0,0
755678141154375 D 881,1089968339,1000,1558,1558,2.3899422,-0.05248,-1,-1,-1,0,0,0,136,1,1,0,0.0000000,0.0000000,0.0000000,0,0,0,0
755678142151916 D 882,1089969339,1000,1559,1559,2.3914762,0.00973,-1,-1,-1,0,0,0,136,1,1,0,0.0000000,0.0000000,0.0000000,0,0,0,0
755678143156541 D 883,1089970339,1000,1559,1559,2.3914762,0.00935,-1,-1,-1,0,0,0,136,1,1,0,0.0000000,0.0000000,0.0000000,0,0,0,0
755678144155250 D 884,1089971339,1000,1559,1559,2.3914762,0.00898,-1,-1,-1,0,0,0,136,1,1,0,0.0000000,0.0000000,0.0000000,0,0,0,0
755678145154250 D 885,1089972339,1000,1559,1559,2.3914762,0.00863,-1,-1,-1,0,0,0,136,1,1,0,0.0000000,0.0000000,0.0000000,0,0,0,0
755678146149916 D 886,1089973339,1000,1559,1559,2.3914762,0.00829,-1,-1,-1,0,0,0,136,1,1,0,0.0000000,0.0000000,0.0000000,0,0,0,0
755678147155125 D 887,1089974339,1000,1559,1559,2.3914762,0.00796,-1,-1,-1,0,0,0,136,1,1,0,0.0000000,0.0000000,0.0000000,0,0,0,0
755678148153875 D 888,1089975339,1000,1559,1559,2.3914762,0.00765,-1,-1,-1,0,0,0,136,1,1,0,0.0000000,0.0000000,0.0000000,0,0,0,0
755678149153791 D 889,1089976339,1000,1559,1559,2.3914762,0.00735,-1,-1,-1,0,0,0,136,1,1,0,0.0000000,0.0000000,0.0000000,0,0,0,0
755678150147875 D 890,1089977339,1000,1559,1559,2.3914762,0.00706,-1,-1,-1,0,0,0,136,1,1,0,0.0000000,0.0000000,0.0000000,0,0,0,0
755678151150750 D 891,1089978339,1000,1559,1559,2.3914762,0.00679,-1,-1,-1,0,0,0,136,1,1,0,0.0000000,0.0000000,0.0000000,0,0,0,0
755678152172916 D 892,1089979339,1000,1559,1559,2.3914762,0.00652,-1,-1,-1,0,0,0,136,1,1,0,0.0000000,0.0000000,0.0000000,0,0,0,0
755678153157500 D 893,1089980339,1000,1558,1558,2.3899422,-0.05388,-1,-1,-1,0,0,0,136,1,1,0,0.0000000,0.0000000,0.0000000,0,0,0,0
755678154150166 D 894,1089981339,1000,1559,1559,2.3914762,0.00838,-1,-1,-1,0,0,0,136,1,1,0,0.0000000,0.0000000,0.0000000,0,0,0,0
755678155153291 D 895,1089982339,1000,1559,1559,2.3914762,0.00805,-1,-1,-1,0,0,0,136,1,1,0,0.0000000,0.0000000,0.0000000,0,0,0,0
755678156161083 D 896,1089983339,1000,1559,1559,2.3914762,0.00773,-1,-1,-1,0,0,0,136,1,1,0,0.0000000,0.0000000,0.0000000,0,0,0,0
755678157184958 D 897,1089984339,1000,1559,1559,2.3914762,0.00743,-1,-1,-1,0,0,0,136,1,1,0,0.0000000,0.0000000,0.0000000,0,0,0,0
755678158176000 D 898,1089985339,1000,1559,1559,2.3914762,0.00714,-1,-1,-1,0,0,0,136,1,1,0,0.0000000,0.0000000,0.0000000,0,0,0,0
755678159158708 D 899,1089986339,1000,1559,1559,2.3914762,0.00686,-1,-1,-1,0,0,0,136,1,1,0,0.0000000,0.0000000,0.0000000,0,0,0,0
755678160157750 D 900,1089987339,1000,1559,1559,2.3914762,0.00659,-1,-1,-1,0,0,0,136,1,1,0,0.0000000,0.0000000,0.0000000,0,0,0,0
755678161150041 D 901,1089988339,1000,1559,1559,2.3914762,0.00633,-1,-1,-1,0,0,0,136,1,1,0,0.0000000,0.0000000,0.0000000,0,0,0,0
755678162152541 D 902,1089989339,1000,1559,1559,2.3914762,0.00608,-1,-1,-1,0,0,0,136,1,1,0,0.0000000,0.0000000,0.0000000,0,0,0,0
755678163152041 D 903,1089990339,1000,1559,1559,2.3914762,0.00585,-1,-1,-1,0,0,0,136,1,1,0,0.0000000,0.0000000,0.0000000,0,0,0,0
755678164159708 D 904,1089991339,1000,1559,1559,2.3914762,0.00562,-1,-1,-1,0,0,0,136,1,1,0,0.0000000,0.0000000,0.0000000,0,0,0,0
755678165154791 D 905,1089992339,1000,1559,1559,2.3914762,0.00540,-1,-1,-1,0,0,0,136,1,1,0,0.0000000,0.0000000,0.0000000,0,0,0,0
755678166149083 D 906,1089993339,1000,1559,1559,2.3914762,0.00518,-1,-1,-1,0,0,0,136,1,1,0,0.0000000,0.0000000,0.0000000,0,0,0,0
755678167187166 D 907,1089994339,1000,1559,1559,2.3914762,0.00498,-1,-1,-1,0,0,0,136,1,1,0,0.0000000,0.0000000,0.0000000,0,0,0,0
755678168318125 D 908,1089995339,1000,1559,1559,2.3914762,0.00479,-1,-1,-1,0,0,0,136,1,1,0,0.0000000,0.0000000,0.0000000,0,0,0,0
755678169441958 D 909,1089996339,1000,1559,1559,2.3914762,0.00460,-1,-1,-1,0,0,0,135,1,1,0,0.0000000,0.0000000,0.0000000,0,0,0,0
755678170460583 D 910,1089997339,1000,1558,1558,2.3899422,-0.05573,-1,-1,-1,0,0,0,136,1,1,0,0.0000000,0.0000000,0.0000000,0,0,0,0
755678171331625 D 911,1089998339,1000,1559,1559,2.3914762,0.00660,-1,-1,-1,0,0,0,136,1,1,0,0.0000000,0.0000000,0.0000000,0,0,0,0
755678172192500 D 912,1089999339,1000,1559,1559,2.3914762,0.00634,-1,-1,-1,0,0,0,136,1,1,0,0.0000000,0.0000000,0.0000000,0,0,0,0
755678173211625 D 913,1090000339,1000,1559,1559,2.3914762,0.00610,-1,-1,-1,0,0,0,136,1,1,0,0.0000000,0.0000000,0.0000000,0,0,0,0
755678174194208 D 914,1090001339,1000,1559,1559,2.3914762,0.00586,-1,-1,-1,0,0,0,136,1,1,0,0.0000000,0.0000000,0.0000000,0,0,0,0
755678175562625 D 915,1090002339,1000,1559,1559,2.3914762,0.00563,39,128,2042,0,0,0,136,1,1,0,0.0000000,0.0000000,0.0000000,0,0,0,0
755678176178583 D 916,1090003339,1000,1559,1559,2.3914762,0.00541,-1,-1,-1,0,0,0,136,1,1,0,0.0000000,0.0000000,0.0000000,0,0,0,0
755678177172666 D 917,1090004339,1000,1559,1559,2.3914762,0.00519,-1,-1,-1,0,0,0,136,1,1,0,0.0000000,0.0000000,0.0000000,0,0,0,0
755678178169583 D 918,1090005339,1000,1559,1559,2.3914762,0.00499,-1,-1,-1,0,0,0,136,1,1,0,0.0000000,0.0000000,0.0000000,0,0,0,0
755678179170416 D 919,1090006339,1000,1559,1559,2.3914762,0.00479,-1,-1,-1,0,0,0,136,1,1,0,0.0000000,0.0000000,0.0000000,0,0,0,0
755678180172875 D 920,1090007339,1000,1559,1559,2.3914762,0.00461,-1,-1,-1,0,0,0,136,1,1,0,0.0000000,0.0000000,0.0000000,0,0,0,0
755678181167000 D 921,1090008339,1000,1559,1559,2.3914762,0.00443,-1,-1,-1,0,0,0,136,1,1,0,0.0000000,0.0000000,0.0000000,0,0,0,0
755678182174000 D 922,1090009339,1000,1559,1559,2.3914762,0.00425,-1,-1,-1,0,0,0,136,1,1,0,0.0000000,0.0000000,0.0000000,0,0,0,0
755678183190833 D 923,1090010339,1000,1560,1560,2.3930101,0.06423,-1,-1,-1,0,0,0,136,1,1,0,0.0000000,0.0000000,0.0000000,0,0,0,0
755678184177208 D 924,1090011339,1000,1559,1559,2.3914762,0.00157,-1,-1,-1,0,0,0,136,1,1,0,0.0000000,0.0000000,0.0000000,0,0,0,0
755678185174375 D 925,1090012339,1000,1559,1559,2.3914762,0.00151,-1,-1,-1,0,0,0,136,1,1,0,0.0000000,0.0000000,0.0000000,0,0,0,0
755678186173291 D 926,1090013339,1000,1559,1559,2.3914762,0.00145,-1,-1,-1,0,0,0,136,1,1,0,0.0000000,0.0000000,0.0000000,0,0,0,0
755678187167708 D 927,1090014339,1000,1560,1560,2.3930101,0.06154,-1,-1,-1,0,0,0,136,1,1,0,0.0000000,0.0000000,0.0000000,0,0,0,0
755678188163416 D 928,1090015339,1000,1560,1560,2.3930101,0.05913,-1,-1,-1,0,0,0,136,1,1,0,0.0000000,0.0000000,0.0000000,0,0,0,0
755678189169625 D 929,1090016339,1000,1560,1560,2.3930101,0.05681,-1,-1,-1,0,0,0,136,1,1,0,0.0000000,0.0000000,0.0000000,0,0,0,0
755678190175958 D 930,1090017339,1000,1560,1560,2.3930101,0.05458,-1,-1,-1,0,0,0,136,1,1,0,0.0000000,0.0000000,0.0000000,0,0,0,0
755678191164000 D 931,1090018339,1000,1560,1560,2.3930101,0.05244,-1,-1,-1,0,0,0,136,1,1,0,0.0000000,0.0000000,0.0000000,0,0,0,0
755678192166708 D 932,1090019339,1000,1560,1560,2.3930101,0.05038,-1,-1,-1,0,0,0,136,1,1,0,0.0000000,0.0000000,0.0000000,0,0,0,0
755678193172708 D 933,1090020339,1000,1561,1561,2.3945441,0.10856,-1,-1,-1,0,0,0,136,1,1,0,0.0000000,0.0000000,0.0000000,0,0,0,0
755678194163125 D 934,1090021339,1000,1561,1561,2.3945441,0.10430,-1,-1,-1,0,0,0,136,1,1,0,0.0000000,0.0000000,0.0000000,0,0,0,0
755678195166125 D 935,1090022339,1000,1560,1560,2.3930101,0.04006,-1,-1,-1,0,0,0,136,1,1,0,0.0000000,0.0000000,0.0000000,0,0,0,0
755678196452708 D 936,1090023339,1000,1561,1561,2.3945441,0.09864,-1,-1,-1,0,0,0,136,1,1,0,0.0000000,0.0000000,0.0000000,0,0,0,0
755678197386333 D 937,1090024339,1000,1561,1561,2.3945441,0.09477,-1,-1,-1,0,0,0,136,1,1,0,0.0000000,0.0000000,0.0000000,0,0,0,0
755678198411958 D 938,1090025339,1000,1560,1560,2.3930101,0.03091,-1,-1,-1,0,0,0,136,1,1,0,0.0000000,0.0000000,0.0000000,0,0,0,0
755678199197958 D 939,1090026339,1000,1561,1561,2.3945441,0.08984,-1,-1,-1,0,0,0,136,1,1,0,0.0000000,0.0000000,0.0000000,0,0,0,0
755678200188125 D 940,1090027339,1000,1561,1561,2.3945441,0.08632,-1,-1,-1,0,0,0,136,1,1,0,0.0000000,0.0000000,0.0000000,0,0,0,0
755678201210333 D 941,1090028339,1000,1561,1561,2.3945441,0.08294,-1,-1,-1,0,0,0,136,1,1,0,0.0000000,0.0000000,0.0000000,0,0,0,0
755678202197750 D 942,1090029339,1000,1560,1560,2.3930101,0.01954,-1,-1,-1,0,0,0,136,1,1,0,0.0000000,0.0000000,0.0000000,0,0,0,0
755678203160375 D 943,1090030339,1000,1561,1561,2.3945441,0.07892,-1,-1,-1,0,0,0,136,1,1,0,0.0000000,0.0000000,0.0000000,0,0,0,0
755678204178666 D 944,1090031339,1000,1560,1560,2.3930101,0.01568,-1,-1,-1,0,0,0,136,1,1,0,0.0000000,0.0000000,0.0000000,0,0,0,0
755678205147666 D 945,1090032339,1000,1560,1560,2.3930101,0.01506,-1,-1,-1,0,0,0,136,1,1,0,0.0000000,0.0000000,0.0000000,0,0,0,0
755678206162000 D 946,1090033339,1000,1560,1560,2.3930101,0.01447,-1,-1,-1,0,0,0,136,1,1,0,0.0000000,0.0000000,0.0000000,0,0,0,0
755678207151916 D 947,1090034339,1000,1560,1560,2.3930101,0.01390,-1,-1,-1,0,0,0,136,1,1,0,0.0000000,0.0000000,0.0000000,0,0,0,0
755678208165041 D 948,1090035339,1000,1560,1560,2.3930101,0.01336,-1,-1,-1,0,0,0,136,1,1,0,0.0000000,0.0000000,0.0000000,0,0,0,0
755678209153166 D 949,1090036339,1000,1560,1560,2.3930101,0.01283,-1,-1,-1,0,0,0,136,1,1,0,0.0000000,0.0000000,0.0000000,0,0,0,0
755678210157708 D 950,1090037339,1000,1560,1560,2.3930101,0.01233,-1,-1,-1,0,0,0,136,1,1,0,0.0000000,0.0000000,0.0000000,0,0,0,0
755678211160791 D 951,1090038339,1000,1559,1559,2.3914762,-0.04830,-1,-1,-1,0,0,0,135,1,1,0,0.0000000,0.0000000,0.0000000,0,0,0,0
755678212156458 D 952,1090039339,1000,1559,1559,2.3914762,-0.04641,-1,-1,-1,0,0,0,136,1,1,0,0.0000000,0.0000000,0.0000000,0,0,0,0
755678213161083 D 953,1090040339,1000,1559,1559,2.3914762,-0.04459,-1,-1,-1,0,0,0,136,1,1,0,0.0000000,0.0000000,0.0000000,0,0,0,0
755678214178625 D 954,1090041339,1000,1559,1559,2.3914762,-0.04284,-1,-1,-1,0,0,0,136,1,1,0,0.0000000,0.0000000,0.0000000,0,0,0,0
755678215169125 D 955,1090042339,1000,1558,1558,2.3899422,-0.10131,-1,-1,-1,0,0,0,136,1,1,0,0.0000000,0.0000000,0.0000000,0,0,0,0
755678216167833 D 956,1090043339,1000,1559,1559,2.3914762,-0.03719,-1,-1,-1,0,0,0,136,1,1,0,0.0000000,0.0000000,0.0000000,0,0,0,0
755678217162583 D 957,1090044339,1000,1558,1558,2.3899422,-0.09588,-1,-1,-1,0,0,0,136,1,1,0,0.0000000,0.0000000,0.0000000,0,0,0,0
755678218160333 D 958,1090045339,1000,1558,1558,2.3899422,-0.09212,-1,-1,-1,0,0,0,136,1,1,0,0.0000000,0.0000000,0.0000000,0,0,0,0
755678219171833 D 959,1090046339,1000,1558,1558,2.3899422,-0.08851,-1,-1,-1,0,0,0,136,1,1,0,0.0000000,0.0000000,0.0000000,0,0,0,0
755678220219875 D 960,1090047339,1000,1558,1558,2.3899422,-0.08504,-1,-1,-1,0,0,0,136,1,1,0,0.0000000,0.0000000,0.0000000,0,0,0,0
755678221218750 D 961,1090048339,1000,1558,1558,2.3899422,-0.08170,-1,-1,-1,0,0,0,136,1,1,0,0.0000000,0.0000000,0.0000000,0,0,0,0
755678222217875 D 962,1090049339,1000,1558,1558,2.3899422,-0.07850,-1,-1,-1,0,0,0,136,1,1,0,0.0000000,0.0000000,0.0000000,0,0,0,0
755678223235833 D 963,1090050339,1000,1558,1558,2.3899422,-0.07542,-1,-1,-1,0,0,0,136,1,1,0,0.0000000,0.0000000,0.0000000,0,0,0,0
755678224181708 D 964,1090051339,1000,1557,1557,2.3884082,-0.13261,-1,-1,-1,0,0,0,136,1,1,0,0.0000000,0.0000000,0.0000000,0,0,0,0
755678225831500 D 965,1090052339,1000,1557,1557,2.3884082,-0.12741,39,128,2049,0,0,0,136,1,1,0,0.0000000,0.0000000,0.0000000,0,0,0,0
755678226677041 D 966,1090053339,1000,1557,1557,2.3884082,-0.12242,-1,-1,-1,0,0,0,136,1,1,0,0.0000000,0.0000000,0.0000000,0,0,0,0
755678227516083 D 967,1090054339,1000,1557,1557,2.3884082,-0.11762,-1,-1,-1,0,0,0,136,1,1,0,0.0000000,0.0000000,0.0000000,0,0,0,0
755678228356375 D 968,1090055339,1000,1557,1557,2.3884082,-0.11300,-1,-1,-1,0,0,0,136,1,1,0,0.0000000,0.0000000,0.0000000,0,0,0,0
755678229181250 D 969,1090056339,1000,1557,1557,2.3884082,-0.10857,-1,-1,-1,0,0,0,136,1,1,0,0.0000000,0.0000000,0.0000000,0,0,0,0
755678230184125 D 970,1090057339,1000,1557,1557,2.3884082,-0.10432,-1,-1,-1,0,0,0,136,1,1,0,0.0000000,0.0000000,0.0000000,0,0,0,0
755678231178458 D 971,1090058339,1000,1557,1557,2.3884082,-0.10023,-1,-1,-1,0,0,0,136,1,1,0,0.0000000,0.0000000,0.0000000,0,0,0,0
755678232174291 D 972,1090059339,1000,1556,1556,2.3868742,-0.15644,-1,-1,-1,0,0,0,136,1,1,0,0.0000000,0.0000000,0.0000000,0,0,0,0
755678233181750 D 973,1090060339,1000,1557,1557,2.3884082,-0.09016,-1,-1,-1,0,0,0,136,1,1,0,0.0000000,0.0000000,0.0000000,0,0,0,0
755678234180083 D 974,1090061339,1000,1557,1557,2.3884082,-0.08663,-1,-1,-1,0,0,0,136,1,1,0,0.0000000,0.0000000,0.0000000,0,0,0,0
755678235173166 D 975,1090062339,1000,1557,1557,2.3884082,-0.08323,-1,-1,-1,0,0,0,136,1,1,0,0.0000000,0.0000000,0.0000000,0,0,0,0
755678236170541 D 976,1090063339,1000,1556,1556,2.3868742,-0.14011,-1,-1,-1,0,0,0,136,1,1,0,0.0000000,0.0000000,0.0000000,0,0,0,0
755678237170291 D 977,1090064339,1000,1556,1556,2.3868742,-0.13462,-1,-1,-1,0,0,0,136,1,1,0,0.0000000,0.0000000,0.0000000,0,0,0,0
755678238169083 D 978,1090065339,1000,1557,1557,2.3884082,-0.06919,-1,-1,-1,0,0,0,136,1,1,0,0.0000000,0.0000000,0.0000000,0,0,0,0
755678239174000 D 979,1090066339,1000,1557,1557,2.3884082,-0.06648,-1,-1,-1,0,0,0,136,1,1,0,0.0000000,0.0000000,0.0000000,0,0,0,0
755678240169541 D 980,1090067339,1000,1557,1557,2.3884082,-0.06387,-1,-1,-1,0,0,0,136,1,1,0,0.0000000,0.0000000,0.0000000,0,0,0,0
755678241166666 D 981,1090068339,1000,1558,1558,2.3899422,-0.00122,-1,-1,-1,0,0,0,136,1,1,0,0.0000000,0.0000000,0.0000000,0,0,0,0
755678242169833 D 982,1090069339,1000,1558,1558,2.3899422,-0.00117,-1,-1,-1,0,0,0,136,1,1,0,0.0000000,0.0000000,0.0000000,0,0,0,0
755678243190000 D 983,1090070339,1000,1558,1558,2.3899422,-0.00113,-1,-1,-1,0,0,0,136,1,1,0,0.0000000,0.0000000,0.0000000,0,0,0,0
755678244181375 D 984,1090071339,1000,1558,1558,2.3899422,-0.00108,-1,-1,-1,0,0,0,136,1,1,0,0.0000000,0.0000000,0.0000000,0,0,0,0
755678245176041 D 985,1090072339,1000,1558,1558,2.3899422,-0.00104,-1,-1,-1,0,0,0,136,1,1,0,0.0000000,0.0000000,0.0000000,0,0,0,0
755678246185375 D 986,1090073339,1000,1558,1558,2.3899422,-0.00100,-1,-1,-1,0,0,0,136,1,1,0,0.0000000,0.0000000,0.0000000,0,0,0,0
755678247172333 D 987,1090074339,1000,1558,1558,2.3899422,-0.00096,-1,-1,-1,0,0,0,136,1,1,0,0.0000000,0.0000000,0.0000000,0,0,0,0
755678248176041 D 988,1090075339,1000,1558,1558,2.3899422,-0.00092,-1,-1,-1,0,0,0,136,1,1,0,0.0000000,0.0000000,0.0000000,0,0,0,0
755678249173708 D 989,1090076339,1000,1558,1558,2.3899422,-0.00089,-1,-1,-1,0,0,0,136,1,1,0,0.0000000,0.0000000,0.0000000,0,0,0,0
755678250171708 D 990,1090077339,1000,1558,1558,2.3899422,-0.00085,-1,-1,-1,0,0,0,136,1,1,0,0.0000000,0.0000000,0.0000000,0,0,0,0
755678251164875 D 991,1090078339,1000,1558,1558,2.3899422,-0.00082,-1,-1,-1,0,0,0,136,1,1,0,0.0000000,0.0000000,0.0000000,0,0,0,0
755678252175375 D 992,1090079339,1000,1558,1558,2.3899422,-0.00079,-1,-1,-1,0,0,0,136,1,1,0,0.0000000,0.0000000,0.0000000,0,0,0,0
755678253169250 D 993,1090080339,1000,1558,1558,2.3899422,-0.00076,-1,-1,-1,0,0,0,136,1,1,0,0.0000000,0.0000000,0.0000000,0,0,0,0
755678254392916 D 994,1090081339,1000,1558,1558,2.3899422,-0.00073,-1,-1,-1,0,0,0,136,1,1,0,0.0000000,0.0000000,0.0000000,0,0,0,0
755678255395916 D 995,1090082339,1000,1558,1558,2.3899422,-0.00070,-1,-1,-1,0,0,0,136,1,1,0,0.0000000,0.0000000,0.0000000,0,0,0,0
755678256274041 D 996,1090083339,1000,1558,1558,2.3899422,-0.00067,-1,-1,-1,0,0,0,136,1,1,0,0.0000000,0.0000000,0.0000000,0,0,0,0
755678257170000 D 997,1090084339,1000,1558,1558,2.3899422,-0.00064,-1,-1,-1,0,0,0,136,1,1,0,0.0000000,0.0000000,0.0000000,0,0,0,0
755678258170541 D 998,1090085339,1000,1558,1558,2.3899422,-0.00062,-1,-1,-1,0,0,0,136,1,1,0,0.0000000,0.0000000,0.0000000,0,0,0,0
755678259169500 D 999,1090086339,1000,1558,1558,2.3899422,-0.00059,-1,-1,-1,0,0,0,136,1,1,0,0.0000000,0.0000000,0.0000000,0,0,0,0
755678260171875 D 1000,1090087339,1000,1559,1559,2.3914762,0.05958,-1,-1,-1,0,0,0,136,1,1,0,0.0000000,0.0000000,0.0000000,0,0,0,0
755678261188000 D 1001,1090088339,1000,1558,1558,2.3899422,-0.00291,-1,-1,-1,0,0,0,136,1,1,0,0.0000000,0.0000000,0.0000000,0,0,0,0
755678262171541 D 1002,1090089339,1000,1558,1558,2.3899422,-0.00279,-1,-1,-1,0,0,0,136,1,1,0,0.0000000,0.0000000,0.0000000,0,0,0,0
755678263174000 D 1003,1090090339,1000,1558,1558,2.3899422,-0.00268,-1,-1,-1,0,0,0,136,1,1,0,0.0000000,0.0000000,0.0000000,0,0,0,0
755678264169375 D 1004,1090091339,1000,1559,1559,2.3914762,0.05757,-1,-1,-1,0,0,0,136,1,1,0,0.0000000,0.0000000,0.0000000,0,0,0,0
755678265168791 D 1005,1090092339,1000,1559,1559,2.3914762,0.05531,-1,-1,-1,0,0,0,136,1,1,0,0.0000000,0.0000000,0.0000000,0,0,0,0
755678266169416 D 1006,1090093339,1000,1559,1559,2.3914762,0.05314,-1,-1,-1,0,0,0,136,1,1,0,0.0000000,0.0000000,0.0000000,0,0,0,0
755678267170375 D 1007,1090094339,1000,1559,1559,2.3914762,0.05106,-1,-1,-1,0,0,0,136,1,1,0,0.0000000,0.0000000,0.0000000,0,0,0,0
755678268160500 D 1008,1090095339,1000,1559,1559,2.3914762,0.04906,-1,-1,-1,0,0,0,136,1,1,0,0.0000000,0.0000000,0.0000000,0,0,0,0
755678269190541 D 1009,1090096339,1000,1559,1559,2.3914762,0.04713,-1,-1,-1,0,0,0,136,1,1,0,0.0000000,0.0000000,0.0000000,0,0,0,0
755678270184125 D 1010,1090097339,1000,1559,1559,2.3914762,0.04529,-1,-1,-1,0,0,0,136,1,1,0,0.0000000,0.0000000,0.0000000,0,0,0,0
755678271180083 D 1011,1090098339,1000,1559,1559,2.3914762,0.04351,-1,-1,-1,0,0,0,136,1,1,0,0.0000000,0.0000000,0.0000000,0,0,0,0
755678272182916 D 1012,1090099339,1000,1560,1560,2.3930101,0.10195,-1,-1,-1,0,0,0,136,1,1,0,0.0000000,0.0000000,0.0000000,0,0,0,0
755678273211833 D 1013,1090100339,1000,1559,1559,2.3914762,0.03781,-1,-1,-1,0,0,0,136,1,1,0,0.0000000,0.0000000,0.0000000,0,0,0,0
755678274191875 D 1014,1090101339,1000,1560,1560,2.3930101,0.09647,-1,-1,-1,0,0,0,136,1,1,0,0.0000000,0.0000000,0.0000000,0,0,0,0
755678275639166 D 1015,1090102339,1000,1560,1560,2.3930101,0.09269,39,128,2036,0,0,0,136,1,1,0,0.0000000,0.0000000,0.0000000,0,0,0,0
755678276263875 D 1016,1090103339,1000,1560,1560,2.3930101,0.08906,-1,-1,-1,0,0,0,136,1,1,0,0.0000000,0.0000000,0.0000000,0,0,0,0
755678277417208 D 1017,1090104339,1000,1560,1560,2.3930101,0.08556,-1,-1,-1,0,0,0,136,1,1,0,0.0000000,0.0000000,0.0000000,0,0,0,0
755678278404541 D 1018,1090105339,1000,1560,1560,2.3930101,0.08221,-1,-1,-1,0,0,0,136,1,1,0,0.0000000,0.0000000,0.0000000,0,0,0,0
755678279407416 D 1019,1090106339,1000,1560,1560,2.3930101,0.07899,-1,-1,-1,0,0,0,136,1,1,0,0.0000000,0.0000000,0.0000000,0,0,0,0
755678280200750 D 1020,1090107339,1000,1560,1560,2.3930101,0.07589,-1,-1,-1,0,0,0,136,1,1,0,0.0000000,0.0000000,0.0000000,0,0,0,0
755678281187416 D 1021,1090108339,1000,1560,1560,2.3930101,0.07291,-1,-1,-1,0,0,0,136,1,1,0,0.0000000,0.0000000,0.0000000,0,0,0,0
755678282173375 D 1022,1090109339,1000,1561,1561,2.3945441,0.13020,-1,-1,-1,0,0,0,136,1,1,0,0.0000000,0.0000000,0.0000000,0,0,0,0
755678283183750 D 1023,1090110339,1000,1561,1561,2.3945441,0.12510,-1,-1,-1,0,0,0,136,1,1,0,0.0000000,0.0000000,0.0000000,0,0,0,0
755678284168333 D 1024,1090111339,1000,1562,1562,2.3960781,0.18034,-1,-1,-1,0,0,0,136,1,1,0,0.0000000,0.0000000,0.0000000,0,0,0,0
755678285180291 D 1025,1090112339,1000,1562,1562,2.3960781,0.17327,-1,-1,-1,0,0,0,136,1,1,0,0.0000000,0.0000000,0.0000000,0,0,0,0
755678286173666 D 1026,1090113339,1000,1562,1562,2.3960781,0.16647,-1,-1,-1,0,0,0,136,1,1,0,0.0000000,0.0000000,0.0000000,0,0,0,0
755678287174791 D 1027,1090114339,1000,1561,1561,2.3945441,0.09980,-1,-1,-1,0,0,0,136,1,1,0,0.0000000,0.0000000,0.0000000,0,0,0,0
755678288172333 D 1028,1090115339,1000,1561,1561,2.3945441,0.09589,-1,-1,-1,0,0,0,136,1,1,0,0.0000000,0.0000000,0.0000000,0,0,0,0
755678289167500 D 1029,1090116339,1000,1561,1561,2.3945441,0.09213,-1,-1,-1,0,0,0,136,1,1,0,0.0000000,0.0000000,0.0000000,0,0,0,0
755678290166958 D 1030,1090117339,1000,1561,1561,2.3945441,0.08851,-1,-1,-1,0,0,0,136,1,1,0,0.0000000,0.0000000,0.0000000,0,0,0,0
755678291167291 D 1031,1090118339,1000,1562,1562,2.3960781,0.14519,-1,-1,-1,0,0,0,136,1,1,0,0.0000000,0.0000000,0.0000000,0,0,0,0
755678292177500 D 1032,1090119339,1000,1561,1561,2.3945441,0.07935,-1,-1,-1,0,0,0,136,1,1,0,0.0000000,0.0000000,0.0000000,0,0,0,0
755678293179333 D 1033,1090120339,1000,1561,1561,2.3945441,0.07624,-1,-1,-1,0,0,0,136,1,1,0,0.0000000,0.0000000,0.0000000,0,0,0,0
755678294190250 D 1034,1090121339,1000,1560,1560,2.3930101,0.01310,-1,-1,-1,0,0,0,136,1,1,0,0.0000000,0.0000000,0.0000000,0,0,0,0
755678295188875 D 1035,1090122339,1000,1560,1560,2.3930101,0.01259,-1,-1,-1,0,0,0,136,1,1,0,0.0000000,0.0000000,0.0000000,0,0,0,0
755678296188000 D 1036,1090123339,1000,1560,1560,2.3930101,0.01209,-1,-1,-1,0,0,0,136,1,1,0,0.0000000,0.0000000,0.0000000,0,0,0,0
755678297177333 D 1037,1090124339,1000,1560,1560,2.3930101,0.01162,-1,-1,-1,0,0,0,136,1,1,0,0.0000000,0.0000000,0.0000000,0,0,0,0
755678298174500 D 1038,1090125339,1000,1560,1560,2.3930101,0.01116,-1,-1,-1,0,0,0,136,1,1,0,0.0000000,0.0000000,0.0000000,0,0,0,0
755678299181375 D 1039,1090126339,1000,1560,1560,2.3930101,0.01073,-1,-1,-1,0,0,0,136,1,1,0,0.0000000,0.0000000,0.0000000,0,0,0,0
755678300176041 D 1040,1090127339,1000,1559,1559,2.3914762,-0.04984,-1,-1,-1,0,0,0,136,1,1,0,0.0000000,0.0000000,0.0000000,0,0,0,0
755678301176166 D 1041,1090128339,1000,1559,1559,2.3914762,-0.04789,-1,-1,-1,0,0,0,136,1,1,0,0.0000000,0.0000000,0.0000000,0,0,0,0
755678302189125 D 1042,1090129339,1000,1559,1559,2.3914762,-0.04601,-1,-1,-1,0,0,0,136,1,1,0,0.0000000,0.0000000,0.0000000,0,0,0,0
755678303178416 D 1043,1090130339,1000,1559,1559,2.3914762,-0.04421,-1,-1,-1,0,0,0,136,1,1,0,0.0000000,0.0000000,0.0000000,0,0,0,0
755678304177083 D 1044,1090131339,1000,1558,1558,2.3899422,-0.10262,-1,-1,-1,0,0,0,136,1,1,0,0.0000000,0.0000000,0.0000000,0,0,0,0
755678305170291 D 1045,1090132339,1000,1558,1558,2.3899422,-0.09860,-1,-1,-1,0,0,0,136,1,1,0,0.0000000,0.0000000,0.0000000,0,0,0,0
755678306181125 D 1046,1090133339,1000,1558,1558,2.3899422,-0.09473,-1,-1,-1,0,0,0,136,1,1,0,0.0000000,0.0000000,0.0000000,0,0,0,0
755678307178500 D 1047,1090134339,1000,1558,1558,2.3899422,-0.09102,-1,-1,-1,0,0,0,136,1,1,0,0.0000000,0.0000000,0.0000000,0,0,0,0
755678308176458 D 1048,1090135339,1000,1558,1558,2.3899422,-0.08745,-1,-1,-1,0,0,0,136,1,1,0,0.0000000,0.0000000,0.0000000,0,0,0,0
755678309211041 D 1049,1090136339,1000,1558,1558,2.3899422,-0.08402,-1,-1,-1,0,0,0,136,1,1,0,0.0000000,0.0000000,0.0000000,0,0,0,0
755678310183041 D 1050,1090137339,1000,1558,1558,2.3899422,-0.08072,-1,-1,-1,0,0,0,136,1,1,0,0.0000000,0.0000000,0.0000000,0,0,0,0
755678311171083 D 1051,1090138339,1000,1557,1557,2.3884082,-0.13771,-1,-1,-1,0,0,0,136,1,1,0,0.0000000,0.0000000,0.0000000,0,0,0,0
755678312186791 D 1052,1090139339,1000,1558,1558,2.3899422,-0.07216,-1,-1,-1,0,0,0,136,1,1,0,0.0000000,0.0000000,0.0000000,0,0,0,0
755678313401041 D 1053,1090140339,1000,1558,1558,2.3899422,-0.06933,-1,-1,-1,0,0,0,136,1,1,0,0.0000000,0.0000000,0.0000000,0,0,0,0
755678314399875 D 1054,1090141339,1000,1557,1557,2.3884082,-0.12676,-1,-1,-1,0,0,0,136,1,1,0,0.0000000,0.0000000,0.0000000,0,0,0,0
755678315363708 D 1055,1090142339,1000,1557,1557,2.3884082,-0.12179,-1,-1,-1,0,0,0,136,1,1,0,0.0000000,0.0000000,0.0000000,0,0,0,0
755678316179625 D 1056,1090143339,1000,1558,1558,2.3899422,-0.05687,-1,-1,-1,0,0,0,135,1,1,0,0.0000000,0.0000000,0.0000000,0,0,0,0
755678317177875 D 1057,1090144339,1000,1558,1558,2.3899422,-0.05464,-1,-1,-1,0,0,0,136,1,1,0,0.0000000,0.0000000,0.0000000,0,0,0,0
755678318189875 D 1058,1090145339,1000,1558,1558,2.3899422,-0.05249,-1,-1,-1,0,0,0,136,1,1,0,0.0000000,0.0000000,0.0000000,0,0,0,0
755678319178666 D 1059,1090146339,1000,1558,1558,2.3899422,-0.05044,-1,-1,-1,0,0,0,136,1,1,0,0.0000000,0.0000000,0.0000000,0,0,0,0
755678320170875 D 1060,1090147339,1000,1558,1558,2.3899422,-0.04846,-1,-1,-1,0,0,0,136,1,1,0,0.0000000,0.0000000,0.0000000,0,0,0,0
755678321171791 D 1061,1090148339,1000,1558,1558,2.3899422,-0.04656,-1,-1,-1,0,0,0,136,1,1,0,0.0000000,0.0000000,0.0000000,0,0,0,0
755678322172000 D 1062,1090149339,1000,1558,1558,2.3899422,-0.04473,-1,-1,-1,0,0,0,136,1,1,0,0.0000000,0.0000000,0.0000000,0,0,0,0
755678323190833 D 1063,1090150339,1000,1558,1558,2.3899422,-0.04298,-1,-1,-1,0,0,0,136,1,1,0,0.0000000,0.0000000,0.0000000,0,0,0,0
755678324218833 D 1064,1090151339,1000,1558,1558,2.3899422,-0.04129,-1,-1,-1,0,0,0,136,1,1,0,0.0000000,0.0000000,0.0000000,0,0,0,0
755678325620083 D 1065,1090152339,1000,1558,1558,2.3899422,-0.03967,39,128,2044,0,0,0,136,1,1,0,0.0000000,0.0000000,0.0000000,0,0,0,0
755678326249250 D 1066,1090153339,1000,1558,1558,2.3899422,-0.03812,-1,-1,-1,0,0,0,136,1,1,0,0.0000000,0.0000000,0.0000000,0,0,0,0
755678327236291 D 1067,1090154339,1000,1558,1558,2.3899422,-0.03662,-1,-1,-1,0,0,0,136,1,1,0,0.0000000,0.0000000,0.0000000,0,0,0,0
755678328197750 D 1068,1090155339,1000,1559,1559,2.3914762,0.02496,-1,-1,-1,0,0,0,136,1,1,0,0.0000000,0.0000000,0.0000000,0,0,0,0
755678329197708 D 1069,1090156339,1000,1559,1559,2.3914762,0.02398,-1,-1,-1,0,0,0,136,1,1,0,0.0000000,0.0000000,0.0000000,0,0,0,0
755678330187541 D 1070,1090157339,1000,1559,1559,2.3914762,0.02304,-1,-1,-1,0,0,0,136,1,1,0,0.0000000,0.0000000,0.0000000,0,0,0,0
755678331199541 D 1071,1090158339,1000,1559,1559,2.3914762,0.02214,-1,-1,-1,0,0,0,136,1,1,0,0.0000000,0.0000000,0.0000000,0,0,0,0
755678332187333 D 1072,1090159339,1000,1559,1559,2.3914762,0.02127,-1,-1,-1,0,0,0,136,1,1,0,0.0000000,0.0000000,0.0000000,0,0,0,0
755678333193250 D 1073,1090160339,1000,1559,1559,2.3914762,0.02044,-1,-1,-1,0,0,0,136,1,1,0,0.0000000,0.0000000,0.0000000,0,0,0,0
755678334184000 D 1074,1090161339,1000,1560,1560,2.3930101,0.07978,-1,-1,-1,0,0,0,136,1,1,0,0.0000000,0.0000000,0.0000000,0,0,0,0
755678335182250 D 1075,1090162339,1000,1560,1560,2.3930101,0.07665,-1,-1,-1,0,0,0,136,1,1,0,0.0000000,0.0000000,0.0000000,0,0,0,0
755678336182458 D 1076,1090163339,1000,1559,1559,2.3914762,0.01350,-1,-1,-1,0,0,0,136,1,1,0,0.0000000,0.0000000,0.0000000,0,0,0,0
755678337189208 D 1077,1090164339,1000,1560,1560,2.3930101,0.07312,-1,-1,-1,0,0,0,136,1,1,0,0.0000000,0.0000000,0.0000000,0,0,0,0
755678338178250 D 1078,1090165339,1000,1560,1560,2.3930101,0.07025,-1,-1,-1,0,0,0,136,1,1,0,0.0000000,0.0000000,0.0000000,0,0,0,0
755678339193916 D 1079,1090166339,1000,1560,1560,2.3930101,0.06750,-1,-1,-1,0,0,0,136,1,1,0,0.0000000,0.0000000,0.0000000,0,0,0,0
755678340423333 D 1080,1090167339,1000,1560,1560,2.3930101,0.06485,-1,-1,-1,0,0,0,136,1,1,0,0.0000000,0.0000000,0.0000000,0,0,0,0
755678341400458 D 1081,1090168339,1000,1560,1560,2.3930101,0.06231,-1,-1,-1,0,0,0,136,1,1,0,0.0000000,0.0000000,0.0000000,0,0,0,0
755678342412166 D 1082,1090169339,1000,1560,1560,2.3930101,0.05987,-1,-1,-1,0,0,0,136,1,1,0,0.0000000,0.0000000,0.0000000,0,0,0,0
755678343248708 D 1083,1090170339,1000,1560,1560,2.3930101,0.05752,-1,-1,-1,0,0,0,136,1,1,0,0.0000000,0.0000000,0.0000000,0,0,0,0
755678344180500 D 1084,1090171339,1000,1560,1560,2.3930101,0.05526,-1,-1,-1,0,0,0,136,1,1,0,0.0000000,0.0000000,0.0000000,0,0,0,0
755678345176833 D 1085,1090172339,1000,1560,1560,2.3930101,0.05310,-1,-1,-1,0,0,0,136,1,1,0,0.0000000,0.0000000,0.0000000,0,0,0,0
755678346174458 D 1086,1090173339,1000,1560,1560,2.3930101,0.05101,-1,-1,-1,0,0,0,136,1,1,0,0.0000000,0.0000000,0.0000000,0,0,0,0
755678347168625 D 1087,1090174339,1000,1560,1560,2.3930101,0.04901,-1,-1,-1,0,0,0,136,1,1,0,0.0000000,0.0000000,0.0000000,0,0,0,0
755678348177416 D 1088,1090175339,1000,1560,1560,2.3930101,0.04709,-1,-1,-1,0,0,0,136,1,1,0,0.0000000,0.0000000,0.0000000,0,0,0,0
755678349165833 D 1089,1090176339,1000,1560,1560,2.3930101,0.04525,-1,-1,-1,0,0,0,136,1,1,0,0.0000000,0.0000000,0.0000000,0,0,0,0
755678350193541 D 1090,1090177339,1000,1560,1560,2.3930101,0.04347,-1,-1,-1,0,0,0,136,1,1,0,0.0000000,0.0000000,0.0000000,0,0,0,0
755678351196083 D 1091,1090178339,1000,1560,1560,2.3930101,0.04177,-1,-1,-1,0,0,0,136,1,1,0,0.0000000,0.0000000,0.0000000,0,0,0,0
755678352176416 D 1092,1090179339,1000,1560,1560,2.3930101,0.04013,-1,-1,-1,0,0,0,136,1,1,0,0.0000000,0.0000000,0.0000000,0,0,0,0
755678353179750 D 1093,1090180339,1000,1560,1560,2.3930101,0.03856,-1,-1,-1,0,0,0,136,1,1,0,0.0000000,0.0000000,0.0000000,0,0,0,0
755678354174291 D 1094,1090181339,1000,1560,1560,2.3930101,0.03704,-1,-1,-1,0,0,0,136,1,1,0,0.0000000,0.0000000,0.0000000,0,0,0,0
755678355174541 D 1095,1090182339,1000,1560,1560,2.3930101,0.03559,-1,-1,-1,0,0,0,136,1,1,0,0.0000000,0.0000000,0.0000000,0,0,0,0
755678356180625 D 1096,1090183339,1000,1560,1560,2.3930101,0.03420,-1,-1,-1,0,0,0,136,1,1,0,0.0000000,0.0000000,0.0000000,0,0,0,0
755678357159416 D 1097,1090184339,1000,1560,1560,2.3930101,0.03285,-1,-1,-1,0,0,0,136,1,1,0,0.0000000,0.0000000,0.0000000,0,0,0,0
755678358209333 D 1098,1090185339,1000,1560,1560,2.3930101,0.03157,-1,-1,-1,0,0,0,136,1,1,0,0.0000000,0.0000000,0.0000000,0,0,0,0
755678359194791 D 1099,1090186339,1000,1560,1560,2.3930101,0.03033,-1,-1,-1,0,0,0,136,1,1,0,0.0000000,0.0000000,0.0000000,0,0,0,0
755678360187625 D 1100,1090187339,1000,1560,1560,2.3930101,0.02914,-1,-1,-1,0,0,0,136,1,1,0,0.0000000,0.0000000,0.0000000,0,0,0,0
755678361162708 D 1101,1090188339,1000,1560,1560,2.3930101,0.02800,-1,-1,-1,0,0,0,136,1,1,0,0.0000000,0.0000000,0.0000000,0,0,0,0
755678362171166 D 1102,1090189339,1000,1560,1560,2.3930101,0.02690,-1,-1,-1,0,0,0,136,1,1,0,0.0000000,0.0000000,0.0000000,0,0,0,0
755678363172833 D 1103,1090190339,1000,1560,1560,2.3930101,0.02584,-1,-1,-1,0,0,0,136,1,1,0,0.0000000,0.0000000,0.0000000,0,0,0,0
755678364398625 D 1104,1090191339,1000,1560,1560,2.3930101,0.02483,-1,-1,-1,0,0,0,136,1,1,0,0.0000000,0.0000000,0.0000000,0,0,0,0
755678365383666 D 1105,1090192339,1000,1560,1560,2.3930101,0.02386,-1,-1,-1,0,0,0,136,1,1,0,0.0000000,0.0000000,0.0000000,0,0,0,0
755678366393291 D 1106,1090193339,1000,1560,1560,2.3930101,0.02292,-1,-1,-1,0,0,0,136,1,1,0,0.0000000,0.0000000,0.0000000,0,0,0,0
755678367197333 D 1107,1090194339,1000,1560,1560,2.3930101,0.02202,-1,-1,-1,0,0,0,136,1,1,0,0.0000000,0.0000000,0.0000000,0,0,0,0
755678368178750 D 1108,1090195339,1000,1559,1559,2.3914762,-0.03899,-1,-1,-1,0,0,0,136,1,1,0,0.0000000,0.0000000,0.0000000,0,0,0,0
755678369180041 D 1109,1090196339,1000,1560,1560,2.3930101,0.02269,-1,-1,-1,0,0,0,136,1,1,0,0.0000000,0.0000000,0.0000000,0,0,0,0
755678370221458 D 1110,1090197339,1000,1559,1559,2.3914762,-0.03835,-1,-1,-1,0,0,0,136,1,1,0,0.0000000,0.0000000,0.0000000,0,0,0,0
755678371194208 D 1111,1090198339,1000,1560,1560,2.3930101,0.02330,-1,-1,-1,0,0,0,136,1,1,0,0.0000000,0.0000000,0.0000000,0,0,0,0
755678372189708 D 1112,1090199339,1000,1560,1560,2.3930101,0.02239,-1,-1,-1,0,0,0,136,1,1,0,0.0000000,0.0000000,0.0000000,0,0,0,0
755678373222250 D 1113,1090200339,1000,1560,1560,2.3930101,0.02151,-1,-1,-1,0,0,0,136,1,1,0,0.0000000,0.0000000,0.0000000,0,0,0,0
755678374223541 D 1114,1090201339,1000,1560,1560,2.3930101,0.02067,-1,-1,-1,0,0,0,136,1,1,0,0.0000000,0.0000000,0.0000000,0,0,0,0
755678375635250 D 1115,1090202339,1000,1561,1561,2.3945441,0.08001,39,128,2047,0,0,0,136,1,1,0,0.0000000,0.0000000,0.0000000,0,0,0,0
755678376251166 D 1116,1090203339,1000,1560,1560,2.3930101,0.01672,-1,-1,-1,0,0,0,136,1,1,0,0.0000000,0.0000000,0.0000000,0,0,0,0
755678377271625 D 1117,1090204339,1000,1561,1561,2.3945441,0.07621,-1,-1,-1,0,0,0,136,1,1,0,0.0000000,0.0000000,0.0000000,0,0,0,0
755678378271416 D 1118,1090205339,1000,1561,1561,2.3945441,0.07322,-1,-1,-1,0,0,0,136,1,1,0,0.0000000,0.0000000,0.0000000,0,0,0,0
755678379199000 D 1119,1090206339,1000,1561,1561,2.3945441,0.07035,-1,-1,-1,0,0,0,136,1,1,0,0.0000000,0.0000000,0.0000000,0,0,0,0
755678380180125 D 1120,1090207339,1000,1561,1561,2.3945441,0.06759,-1,-1,-1,0,0,0,136,1,1,0,0.0000000,0.0000000,0.0000000,0,0,0,0
755678381184958 D 1121,1090208339,1000,1561,1561,2.3945441,0.06494,-1,-1,-1,0,0,0,136,1,1,0,0.0000000,0.0000000,0.0000000,0,0,0,0
755678382178833 D 1122,1090209339,1000,1561,1561,2.3945441,0.06240,-1,-1,-1,0,0,0,136,1,1,0,0.0000000,0.0000000,0.0000000,0,0,0,0
755678383175750 D 1123,1090210339,1000,1561,1561,2.3945441,0.05995,-1,-1,-1,0,0,0,136,1,1,0,0.0000000,0.0000000,0.0000000,0,0,0,0
755678384173208 D 1124,1090211339,1000,1561,1561,2.3945441,0.05760,-1,-1,-1,0,0,0,136,1,1,0,0.0000000,0.0000000,0.0000000,0,0,0,0
755678385183833 D 1125,1090212339,1000,1561,1561,2.3945441,0.05534,-1,-1,-1,0,0,0,136,1,1,0,0.0000000,0.0000000,0.0000000,0,0,0,0
755678386203916 D 1126,1090213339,1000,1561,1561,2.3945441,0.05317,-1,-1,-1,0,0,0,136,1,1,0,0.0000000,0.0000000,0.0000000,0,0,0,0
755678387209916 D 1127,1090214339,1000,1560,1560,2.3930101,-0.00906,-1,-1,-1,0,0,0,136,1,1,0,0.0000000,0.0000000,0.0000000,0,0,0,0
755678388187958 D 1128,1090215339,1000,1561,1561,2.3945441,0.05144,-1,-1,-1,0,0,0,136,1,1,0,0.0000000,0.0000000,0.0000000,0,0,0,0
755678389192125 D 1129,1090216339,1000,1560,1560,2.3930101,-0.01072,-1,-1,-1,0,0,0,136,1,1,0,0.0000000,0.0000000,0.0000000,0,0,0,0
755678390188375 D 1130,1090217339,1000,1560,1560,2.3930101,-0.01030,-1,-1,-1,0,0,0,136,1,1,0,0.0000000,0.0000000,0.0000000,0,0,0,0
755678391184083 D 1131,1090218339,1000,1560,1560,2.3930101,-0.00990,-1,-1,-1,0,0,0,136,1,1,0,0.0000000,0.0000000,0.0000000,0,0,0,0
755678392183416 D 1132,1090219339,1000,1559,1559,2.3914762,-0.06966,-1,-1,-1,0,0,0,136,1,1,0,0.0000000,0.0000000,0.0000000,0,0,0,0
755678393190583 D 1133,1090220339,1000,1559,1559,2.3914762,-0.06693,-1,-1,-1,0,0,0,136,1,1,0,0.0000000,0.0000000,0.0000000,0,0,0,0
755678394183041 D 1134,1090221339,1000,1559,1559,2.3914762,-0.06430,-1,-1,-1,0,0,0,136,1,1,0,0.0000000,0.0000000,0.0000000,0,0,0,0
755678395177416 D 1135,1090222339,1000,1559,1559,2.3914762,-0.06178,-1,-1,-1,0,0,0,136,1,1,0,0.0000000,0.0000000,0.0000000,0,0,0,0
755678396182791 D 1136,1090223339,1000,1559,1559,2.3914762,-0.05936,-1,-1,-1,0,0,0,136,1,1,0,0.0000000,0.0000000,0.0000000,0,0,0,0
755678397175833 D 1137,1090224339,1000,1559,1559,2.3914762,-0.05703,-1,-1,-1,0,0,0,136,1,1,0,0.0000000,0.0000000,0.0000000,0,0,0,0
755678398391916 D 1138,1090225339,1000,1559,1559,2.3914762,-0.05480,-1,-1,-1,0,0,0,136,1,1,0,0.0000000,0.0000000,0.0000000,0,0,0,0
755678399397041 D 1139,1090226339,1000,1559,1559,2.3914762,-0.05265,-1,-1,-1,0,0,0,136,1,1,0,0.0000000,0.0000000,0.0000000,0,0,0,0
755678400335958 D 1140,1090227339,1000,1558,1558,2.3899422,-0.11073,-1,-1,-1,0,0,0,136,1,1,0,0.0000000,0.0000000,0.0000000,0,0,0,0
755678401188208 D 1141,1090228339,1000,1558,1558,2.3899422,-0.10639,-1,-1,-1,0,0,0,136,1,1,0,0.0000000,0.0000000,0.0000000,0,0,0,0
755678402214666 D 1142,1090229339,1000,1558,1558,2.3899422,-0.10222,-1,-1,-1,0,0,0,136,1,1,0,0.0000000,0.0000000,0.0000000,0,0,0,0
755678403194791 D 1143,1090230339,1000,1558,1558,2.3899422,-0.09821,-1,-1,-1,0,0,0,136,1,1,0,0.0000000,0.0000000,0.0000000,0,0,0,0
755678404190083 D 1144,1090231339,1000,1558,1558,2.3899422,-0.09436,-1,-1,-1,0,0,0,136,1,1,0,0.0000000,0.0000000,0.0000000,0,0,0,0
755678405184458 D 1145,1090232339,1000,1558,1558,2.3899422,-0.09066,-1,-1,-1,0,0,0,136,1,1,0,0.0000000,0.0000000,0.0000000,0,0,0,0
755678406182958 D 1146,1090233339,1000,1558,1558,2.3899422,-0.08710,-1,-1,-1,0,0,0,136,1,1,0,0.0000000,0.0000000,0.0000000,0,0,0,0
755678407181208 D 1147,1090234339,1000,1558,1558,2.3899422,-0.08369,-1,-1,-1,0,0,0,136,1,1,0,0.0000000,0.0000000,0.0000000,0,0,0,0
755678408174458 D 1148,1090235339,1000,1558,1558,2.3899422,-0.08041,-1,-1,-1,0,0,0,136,1,1,0,0.0000000,0.0000000,0.0000000,0,0,0,0
755678409182208 D 1149,1090236339,1000,1558,1558,2.3899422,-0.07725,-1,-1,-1,0,0,0,136,1,1,0,0.0000000,0.0000000,0.0000000,0,0,0,0
755678410180166 D 1150,1090237339,1000,1558,1558,2.3899422,-0.07423,-1,-1,-1,0,0,0,136,1,1,0,0.0000000,0.0000000,0.0000000,0,0,0,0
755678411180375 D 1151,1090238339,1000,1558,1558,2.3899422,-0.07131,-1,-1,-1,0,0,0,136,1,1,0,0.0000000,0.0000000,0.0000000,0,0,0,0
755678412179208 D 1152,1090239339,1000,1559,1559,2.3914762,-0.00837,-1,-1,-1,0,0,0,136,1,1,0,0.0000000,0.0000000,0.0000000,0,0,0,0
755678413177041 D 1153,1090240339,1000,1558,1558,2.3899422,-0.06819,-1,-1,-1,0,0,0,136,1,1,0,0.0000000,0.0000000,0.0000000,0,0,0,0
755678414203250 D 1154,1090241339,1000,1558,1558,2.3899422,-0.06552,-1,-1,-1,0,0,0,136,1,1,0,0.0000000,0.0000000,0.0000000,0,0,0,0
755678415185458 D 1155,1090242339,1000,1559,1559,2.3914762,-0.00280,-1,-1,-1,0,0,0,136,1,1,0,0.0000000,0.0000000,0.0000000,0,0,0,0
755678416183083 D 1156,1090243339,1000,1559,1559,2.3914762,-0.00269,-1,-1,-1,0,0,0,136,1,1,0,0.0000000,0.0000000,0.0000000,0,0,0,0
755678417419875 D 1157,1090244339,1000,1559,1559,2.3914762,-0.00258,-1,-1,-1,0,0,0,136,1,1,0,0.0000000,0.0000000,0.0000000,0,0,0,0
755678418434958 D 1158,1090245339,1000,1559,1559,2.3914762,-0.00248,-1,-1,-1,0,0,0,136,1,1,0,0.0000000,0.0000000,0.0000000,0,0,0,0
755678419408666 D 1159,1090246339,1000,1559,1559,2.3914762,-0.00239,-1,-1,-1,0,0,0,136,1,1,0,0.0000000,0.0000000,0.0000000,0,0,0,0
755678420256208 D 1160,1090247339,1000,1559,1559,2.3914762,-0.00229,-1,-1,-1,0,0,0,136,1,1,0,0.0000000,0.0000000,0.0000000,0,0,0,0
755678421181375 D 1161,1090248339,1000,1560,1560,2.3930101,0.05795,-1,-1,-1,0,0,0,136,1,1,0,0.0000000,0.0000000,0.0000000,0,0,0,0
755678422202666 D 1162,1090249339,1000,1560,1560,2.3930101,0.05567,-1,-1,-1,0,0,0,136,1,1,0,0.0000000,0.0000000,0.0000000,0,0,0,0
755678423183125 D 1163,1090250339,1000,1561,1561,2.3945441,0.11364,-1,-1,-1,0,0,0,136,1,1,0,0.0000000,0.0000000,0.0000000,0,0,0,0
755678424193875 D 1164,1090251339,1000,1562,1562,2.3960781,0.16933,-1,-1,-1,0,0,0,136,1,1,0,0.0000000,0.0000000,0.0000000,0,0,0,0
755678425706583 D 1165,1090252339,1000,1562,1562,2.3960781,0.16269,39,128,2058,0,0,0,136,1,1,0,0.0000000,0.0000000,0.0000000,0,0,0,0
755678426344083 D 1166,1090253339,1000,1562,1562,2.3960781,0.15631,-1,-1,-1,0,0,0,136,1,1,0,0.0000000,0.0000000,0.0000000,0,0,0,0
755678427192416 D 1167,1090254339,1000,1562,1562,2.3960781,0.15018,-1,-1,-1,0,0,0,136,1,1,0,0.0000000,0.0000000,0.0000000,0,0,0,0
755678428178125 D 1168,1090255339,1000,1562,1562,2.3960781,0.14429,-1,-1,-1,0,0,0,136,1,1,0,0.0000000,0.0000000,0.0000000,0,0,0,0
755678429181166 D 1169,1090256339,1000,1563,1563,2.3976121,0.19879,-1,-1,-1,0,0,0,136,1,1,0,0.0000000,0.0000000,0.0000000,0,0,0,0
755678430227166 D 1170,1090257339,1000,1563,1563,2.3976121,0.19099,-1,-1,-1,0,0,0,136,1,1,0,0.0000000,0.0000000,0.0000000,0,0,0,0
755678431254875 D 1171,1090258339,1000,1563,1563,2.3976121,0.18350,-1,-1,-1,0,0,0,136,1,1,0,0.0000000,0.0000000,0.0000000,0,0,0,0
755678432310458 D 1172,1090259339,1000,1563,1563,2.3976121,0.17631,-1,-1,-1,0,0,0,136,1,1,0,0.0000000,0.0000000,0.0000000,0,0,0,0
755678433330750 D 1173,1090260339,1000,1563,1563,2.3976121,0.16939,-1,-1,-1,0,0,0,136,1,1,0,0.0000000,0.0000000,0.0000000,0,0,0,0
755678434305166 D 1174,1090261339,1000,1563,1563,2.3976121,0.16275,-1,-1,-1,0,0,0,136,1,1,0,0.0000000,0.0000000,0.0000000,0,0,0,0
755678435251833 D 1175,1090262339,1000,1563,1563,2.3976121,0.15637,-1,-1,-1,0,0,0,136,1,1,0,0.0000000,0.0000000,0.0000000,0,0,0,0
755678436220708 D 1176,1090263339,1000,1563,1563,2.3976121,0.15024,-1,-1,-1,0,0,0,136,1,1,0,0.0000000,0.0000000,0.0000000,0,0,0,0
755678437200708 D 1177,1090264339,1000,1563,1563,2.3976121,0.14435,-1,-1,-1,0,0,0,136,1,1,0,0.0000000,0.0000000,0.0000000,0,0,0,0
755678438179958 D 1178,1090265339,1000,1563,1563,2.3976121,0.13869,-1,-1,-1,0,0,0,136,1,1,0,0.0000000,0.0000000,0.0000000,0,0,0,0
755678439191958 D 1179,1090266339,1000,1563,1563,2.3976121,0.13325,-1,-1,-1,0,0,0,136,1,1,0,0.0000000,0.0000000,0.0000000,0,0,0,0
755678440176500 D 1180,1090267339,1000,1563,1563,2.3976121,0.12803,-1,-1,-1,0,0,0,136,1,1,0,0.0000000,0.0000000,0.0000000,0,0,0,0
755678441186083 D 1181,1090268339,1000,1562,1562,2.3960781,0.06286,-1,-1,-1,0,0,0,136,1,1,0,0.0000000,0.0000000,0.0000000,0,0,0,0
755678442254791 D 1182,1090269339,1000,1562,1562,2.3960781,0.06039,-1,-1,-1,0,0,0,135,1,1,0,0.0000000,0.0000000,0.0000000,0,0,0,0
755678443192000 D 1183,1090270339,1000,1563,1563,2.3976121,0.11817,-1,-1,-1,0,0,0,136,1,1,0,0.0000000,0.0000000,0.0000000,0,0,0,0
755678444259833 D 1184,1090271339,1000,1562,1562,2.3960781,0.05339,-1,-1,-1,0,0,0,136,1,1,0,0.0000000,0.0000000,0.0000000,0,0,0,0
755678445259708 D 1185,1090272339,1000,1562,1562,2.3960781,0.05130,-1,-1,-1,0,0,0,136,1,1,0,0.0000000,0.0000000,0.0000000,0,0,0,0
755678446222375 D 1186,1090273339,1000,1561,1561,2.3945441,-0.01086,-1,-1,-1,0,0,0,136,1,1,0,0.0000000,0.0000000,0.0000000,0,0,0,0
755678447256250 D 1187,1090274339,1000,1561,1561,2.3945441,-0.01044,-1,-1,-1,0,0,0,136,1,1,0,0.0000000,0.0000000,0.0000000,0,0,0,0
755678448278625 D 1188,1090275339,1000,1561,1561,2.3945441,-0.01003,-1,-1,-1,0,0,0,136,1,1,0,0.0000000,0.0000000,0.0000000,0,0,0,0
755678449281375 D 1189,1090276339,1000,1561,1561,2.3945441,-0.00963,-1,-1,-1,0,0,0,136,1,1,0,0.0000000,0.0000000,0.0000000,0,0,0,0
755678450306250 D 1190,1090277339,1000,1560,1560,2.3930101,-0.06940,-1,-1,-1,0,0,0,136,1,1,0,0.0000000,0.0000000,0.0000000,0,0,0,0
755678451561291 D 1191,1090278339,1000,1560,1560,2.3930101,-0.06668,-1,-1,-1,0,0,0,136,1,1,0,0.0000000,0.0000000,0.0000000,0,0,0,0
755678452109666 D 1192,1090279339,1000,1559,1559,2.3914762,-0.12422,-1,-1,-1,0,0,0,136,1,1,0,0.0000000,0.0000000,0.0000000,0,0,0,0
755678453774083 D 1193,1090280339,1000,1559,1559,2.3914762,-0.11935,-1,-1,-1,0,0,0,136,1,1,0,0.0000000,0.0000000,0.0000000,0,0,0,0
755678454667125 D 1194,1090281339,1000,1559,1559,2.3914762,-0.11467,-1,-1,-1,0,0,0,136,1,1,0,0.0000000,0.0000000,0.0000000,0,0,0,0
755678455516791 D 1195,1090282339,1000,1559,1559,2.3914762,-0.11017,-1,-1,-1,0,0,0,136,1,1,0,0.0000000,0.0000000,0.0000000,0,0,0,0
755678456164625 D 1196,1090283339,1000,1558,1558,2.3899422,-0.16600,-1,-1,-1,0,0,0,136,1,1,0,0.0000000,0.0000000,0.0000000,0,0,0,0
755678457169083 D 1197,1090284339,1000,1559,1559,2.3914762,-0.09934,-1,-1,-1,0,0,0,136,1,1,0,0.0000000,0.0000000,0.0000000,0,0,0,0
755678458166583 D 1198,1090285339,1000,1558,1558,2.3899422,-0.15559,-1,-1,-1,0,0,0,136,1,1,0,0.0000000,0.0000000,0.0000000,0,0,0,0
755678459189458 D 1199,1090286339,1000,1558,1558,2.3899422,-0.14949,-1,-1,-1,0,0,0,136,1,1,0,0.0000000,0.0000000,0.0000000,0,0,0,0
755678460172000 D 1200,1090287339,1000,1559,1559,2.3914762,-0.08348,-1,-1,-1,0,0,0,136,1,1,0,0.0000000,0.0000000,0.0000000,0,0,0,0
755678461173583 D 1201,1090288339,1000,1558,1558,2.3899422,-0.14036,-1,-1,-1,0,0,0,136,1,1,0,0.0000000,0.0000000,0.0000000,0,0,0,0
755678462181125 D 1202,1090289339,1000,1558,1558,2.3899422,-0.13486,-1,-1,-1,0,0,0,136,1,1,0,0.0000000,0.0000000,0.0000000,0,0,0,0
755678463178041 D 1203,1090290339,1000,1558,1558,2.3899422,-0.12957,-1,-1,-1,0,0,0,136,1,1,0,0.0000000,0.0000000,0.0000000,0,0,0,0
755678464175750 D 1204,1090291339,1000,1558,1558,2.3899422,-0.12449,-1,-1,-1,0,0,0,136,1,1,0,0.0000000,0.0000000,0.0000000,0,0,0,0
755678465181958 D 1205,1090292339,1000,1558,1558,2.3899422,-0.11961,-1,-1,-1,0,0,0,136,1,1,0,0.0000000,0.0000000,0.0000000,0,0,0,0
755678466182291 D 1206,1090293339,1000,1558,1558,2.3899422,-0.11492,-1,-1,-1,0,0,0,136,1,1,0,0.0000000,0.0000000,0.0000000,0,0,0,0
755678467240708 D 1207,1090294339,1000,1558,1558,2.3899422,-0.11041,-1,-1,-1,0,0,0,136,1,1,0,0.0000000,0.0000000,0.0000000,0,0,0,0
755678468315041 D 1208,1090295339,1000,1558,1558,2.3899422,-0.10608,-1,-1,-1,0,0,0,136,1,1,0,0.0000000,0.0000000,0.0000000,0,0,0,0
755678469360333 D 1209,1090296339,1000,1558,1558,2.3899422,-0.10192,-1,-1,-1,0,0,0,136,1,1,0,0.0000000,0.0000000,0.0000000,0,0,0,0
755678470452500 D 1210,1090297339,1000,1558,1558,2.3899422,-0.09792,-1,-1,-1,0,0,0,135,1,1,0,0.0000000,0.0000000,0.0000000,0,0,0,0
755678471325125 D 1211,1090298339,1000,1558,1558,2.3899422,-0.09409,-1,-1,-1,0,0,0,136,1,1,0,0.0000000,0.0000000,0.0000000,0,0,0,0
755678472389125 D 1212,1090299339,1000,1558,1558,2.3899422,-0.09040,-1,-1,-1,0,0,0,136,1,1,0,0.0000000,0.0000000,0.0000000,0,0,0,0
755678473318875 D 1213,1090300339,1000,1558,1558,2.3899422,-0.08685,-1,-1,-1,0,0,0,136,1,1,0,0.0000000,0.0000000,0.0000000,0,0,0,0
755678474330291 D 1214,1090301339,1000,1559,1559,2.3914762,-0.02330,-1,-1,-1,0,0,0,136,1,1,0,0.0000000,0.0000000,0.0000000,0,0,0,0
755678475701291 D 1215,1090302339,1000,1559,1559,2.3914762,-0.02238,39,128,2044,0,0,0,136,1,1,0,0.0000000,0.0000000,0.0000000,0,0,0,0
755678476331916 D 1216,1090303339,1000,1559,1559,2.3914762,-0.02151,-1,-1,-1,0,0,0,136,1,1,0,0.0000000,0.0000000,0.0000000,0,0,0,0
755678477303708 D 1217,1090304339,1000,1559,1559,2.3914762,-0.02066,-1,-1,-1,0,0,0,136,1,1,0,0.0000000,0.0000000,0.0000000,0,0,0,0
755678478284208 D 1218,1090305339,1000,1559,1559,2.3914762,-0.01985,-1,-1,-1,0,0,0,136,1,1,0,0.0000000,0.0000000,0.0000000,0,0,0,0
755678479280666 D 1219,1090306339,1000,1559,1559,2.3914762,-0.01907,-1,-1,-1,0,0,0,136,1,1,0,0.0000000,0.0000000,0.0000000,0,0,0,0
755678480318333 D 1220,1090307339,1000,1559,1559,2.3914762,-0.01833,-1,-1,-1,0,0,0,136,1,1,0,0.0000000,0.0000000,0.0000000,0,0,0,0
755678481268333 D 1221,1090308339,1000,1559,1559,2.3914762,-0.01761,-1,-1,-1,0,0,0,136,1,1,0,0.0000000,0.0000000,0.0000000,0,0,0,0
755678482280541 D 1222,1090309339,1000,1559,1559,2.3914762,-0.01692,-1,-1,-1,0,0,0,136,1,1,0,0.0000000,0.0000000,0.0000000,0,0,0,0
755678483312291 D 1223,1090310339,1000,1560,1560,2.3930101,0.04389,-1,-1,-1,0,0,0,136,1,1,0,0.0000000,0.0000000,0.0000000,0,0,0,0
755678484303000 D 1224,1090311339,1000,1560,1560,2.3930101,0.04217,-1,-1,-1,0,0,0,136,1,1,0,0.0000000,0.0000000,0.0000000,0,0,0,0
755678485340833 D 1225,1090312339,1000,1560,1560,2.3930101,0.04052,-1,-1,-1,0,0,0,136,1,1,0,0.0000000,0.0000000,0.0000000,0,0,0,0
755678486304916 D 1226,1090313339,1000,1560,1560,2.3930101,0.03893,-1,-1,-1,0,0,0,136,1,1,0,0.0000000,0.0000000,0.0000000,0,0,0,0
755678487315208 D 1227,1090314339,1000,1560,1560,2.3930101,0.03740,-1,-1,-1,0,0,0,136,1,1,0,0.0000000,0.0000000,0.0000000,0,0,0,0
755678488272375 D 1228,1090315339,1000,1561,1561,2.3945441,0.09609,-1,-1,-1,0,0,0,136,1,1,0,0.0000000,0.0000000,0.0000000,0,0,0,0
755678489308875 D 1229,1090316339,1000,1560,1560,2.3930101,0.03217,-1,-1,-1,0,0,0,136,1,1,0,0.0000000,0.0000000,0.0000000,0,0,0,0
755678490357583 D 1230,1090317339,1000,1560,1560,2.3930101,0.03091,-1,-1,-1,0,0,0,136,1,1,0,0.0000000,0.0000000,0.0000000,0,0,0,0
755678491485166 D 1231,1090318339,1000,1560,1560,2.3930101,0.02970,-1,-1,-1,0,0,0,136,1,1,0,0.0000000,0.0000000,0.0000000,0,0,0,0
755678492452958 D 1232,1090319339,1000,1560,1560,2.3930101,0.02853,-1,-1,-1,0,0,0,136,1,1,0,0.0000000,0.0000000,0.0000000,0,0,0,0
755678493385458 D 1233,1090320339,1000,1560,1560,2.3930101,0.02741,-1,-1,-1,0,0,0,136,1,1,0,0.0000000,0.0000000,0.0000000,0,0,0,0
755678494233250 D 1234,1090321339,1000,1560,1560,2.3930101,0.02634,-1,-1,-1,0,0,0,136,1,1,0,0.0000000,0.0000000,0.0000000,0,0,0,0
755678495283250 D 1235,1090322339,1000,1559,1559,2.3914762,-0.03484,-1,-1,-1,0,0,0,136,1,1,0,0.0000000,0.0000000,0.0000000,0,0,0,0
755678496302041 D 1236,1090323339,1000,1559,1559,2.3914762,-0.03348,-1,-1,-1,0,0,0,136,1,1,0,0.0000000,0.0000000,0.0000000,0,0,0,0
755678497260583 D 1237,1090324339,1000,1559,1559,2.3914762,-0.03216,-1,-1,-1,0,0,0,136,1,1,0,0.0000000,0.0000000,0.0000000,0,0,0,0
755678498283708 D 1238,1090325339,1000,1559,1559,2.3914762,-0.03090,-1,-1,-1,0,0,0,136,1,1,0,0.0000000,0.0000000,0.0000000,0,0,0,0
755678499246041 D 1239,1090326339,1000,1559,1559,2.3914762,-0.02969,-1,-1,-1,0,0,0,136,1,1,0,0.0000000,0.0000000,0.0000000,0,0,0,0
755678500238083 D 1240,1090327339,1000,1559,1559,2.3914762,-0.02853,-1,-1,-1,0,0,0,136,1,1,0,0.0000000,0.0000000,0.0000000,0,0,0,0
755678501239083 D 1241,1090328339,1000,1559,1559,2.3914762,-0.02741,-1,-1,-1,0,0,0,136,1,1,0,0.0000000,0.0000000,0.0000000,0,0,0,0
755678502318541 D 1242,1090329339,1000,1559,1559,2.3914762,-0.02633,-1,-1,-1,0,0,0,136,1,1,0,0.0000000,0.0000000,0.0000000,0,0,0,0
755678503385166 D 1243,1090330339,1000,1559,1559,2.3914762,-0.02530,-1,-1,-1,0,0,0,136,1,1,0,0.0000000,0.0000000,0.0000000,0,0,0,0
755678504318416 D 1244,1090331339,1000,1559,1559,2.3914762,-0.02431,-1,-1,-1,0,0,0,136,1,1,0,0.0000000,0.0000000,0.0000000,0,0,0,0
755678505287541 D 1245,1090332339,1000,1559,1559,2.3914762,-0.02336,-1,-1,-1,0,0,0,136,1,1,0,0.0000000,0.0000000,0.0000000,0,0,0,0
755678506304750 D 1246,1090333339,1000,1559,1559,2.3914762,-0.02244,-1,-1,-1,0,0,0,136,1,1,0,0.0000000,0.0000000,0.0000000,0,0,0,0
755678507351333 D 1247,1090334339,1000,1559,1559,2.3914762,-0.02156,-1,-1,-1,0,0,0,136,1,1,0,0.0000000,0.0000000,0.0000000,0,0,0,0
755678508272500 D 1248,1090335339,1000,1559,1559,2.3914762,-0.02071,-1,-1,-1,0,0,0,136,1,1,0,0.0000000,0.0000000,0.0000000,0,0,0,0
755678509282916 D 1249,1090336339,1000,1559,1559,2.3914762,-0.01990,-1,-1,-1,0,0,0,136,1,1,0,0.0000000,0.0000000,0.0000000,0,0,0,0
755678510286250 D 1250,1090337339,1000,1559,1559,2.3914762,-0.01912,-1,-1,-1,0,0,0,136,1,1,0,0.0000000,0.0000000,0.0000000,0,0,0,0
755678511357833 D 1251,1090338339,1000,1559,1559,2.3914762,-0.01837,-1,-1,-1,0,0,0,136,1,1,0,0.0000000,0.0000000,0.0000000,0,0,0,0
755678512364541 D 1252,1090339339,1000,1560,1560,2.3930101,0.04250,-1,-1,-1,0,0,0,136,1,1,0,0.0000000,0.0000000,0.0000000,0,0,0,0
755678513250041 D 1253,1090340339,1000,1560,1560,2.3930101,0.04083,-1,-1,-1,0,0,0,136,1,1,0,0.0000000,0.0000000,0.0000000,0,0,0,0
755678514314541 D 1254,1090341339,1000,1559,1559,2.3914762,-0.02092,-1,-1,-1,0,0,0,136,1,1,0,0.0000000,0.0000000,0.0000000,0,0,0,0
755678515246916 D 1255,1090342339,1000,1560,1560,2.3930101,0.04005,-1,-1,-1,0,0,0,136,1,1,0,0.0000000,0.0000000,0.0000000,0,0,0,0
755678516221583 D 1256,1090343339,1000,1560,1560,2.3930101,0.03848,-1,-1,-1,0,0,0,136,1,1,0,0.0000000,0.0000000,0.0000000,0,0,0,0
755678517259666 D 1257,1090344339,1000,1560,1560,2.3930101,0.03697,-1,-1,-1,0,0,0,136,1,1,0,0.0000000,0.0000000,0.0000000,0,0,0,0
755678518211958 D 1258,1090345339,1000,1560,1560,2.3930101,0.03552,-1,-1,-1,0,0,0,136,1,1,0,0.0000000,0.0000000,0.0000000,0,0,0,0
755678519244916 D 1259,1090346339,1000,1560,1560,2.3930101,0.03413,-1,-1,-1,0,0,0,136,1,1,0,0.0000000,0.0000000,0.0000000,0,0,0,0
755678520207083 D 1260,1090347339,1000,1560,1560,2.3930101,0.03279,-1,-1,-1,0,0,0,136,1,1,0,0.0000000,0.0000000,0.0000000,0,0,0,0
755678521253916 D 1261,1090348339,1000,1560,1560,2.3930101,0.03150,-1,-1,-1,0,0,0,136,1,1,0,0.0000000,0.0000000,0.0000000,0,0,0,0
755678522251375 D 1262,1090349339,1000,1560,1560,2.3930101,0.03027,-1,-1,-1,0,0,0,136,1,1,0,0.0000000,0.0000000,0.0000000,0,0,0,0
755678523195000 D 1263,1090350339,1000,1560,1560,2.3930101,0.02908,-1,-1,-1,0,0,0,136,1,1,0,0.0000000,0.0000000,0.0000000,0,0,0,0
755678524195166 D 1264,1090351339,1000,1561,1561,2.3945441,0.08809,-1,-1,-1,0,0,0,136,1,1,0,0.0000000,0.0000000,0.0000000,0,0,0,0
755678525713666 D 1265,1090352339,1000,1561,1561,2.3945441,0.08464,39,128,2048,0,0,0,136,1,1,0,0.0000000,0.0000000,0.0000000,0,0,0,0
755678526382208 D 1266,1090353339,1000,1561,1561,2.3945441,0.08132,-1,-1,-1,0,0,0,136,1,1,0,0.0000000,0.0000000,0.0000000,0,0,0,0
755678527215583 D 1267,1090354339,1000,1561,1561,2.3945441,0.07813,-1,-1,-1,0,0,0,136,1,1,0,0.0000000,0.0000000,0.0000000,0,0,0,0
755678528241000 D 1268,1090355339,1000,1561,1561,2.3945441,0.07507,-1,-1,-1,0,0,0,136,1,1,0,0.0000000,0.0000000,0.0000000,0,0,0,0
755678529207625 D 1269,1090356339,1000,1561,1561,2.3945441,0.07212,-1,-1,-1,0,0,0,136,1,1,0,0.0000000,0.0000000,0.0000000,0,0,0,0
755678530437375 D 1270,1090357339,1000,1561,1561,2.3945441,0.06929,-1,-1,-1,0,0,0,136,1,1,0,0.0000000,0.0000000,0.0000000,0,0,0,0
755678531440458 D 1271,1090358339,1000,1561,1561,2.3945441,0.06658,-1,-1,-1,0,0,0,136,1,1,0,0.0000000,0.0000000,0.0000000,0,0,0,0
755678532428666 D 1272,1090359339,1000,1561,1561,2.3945441,0.06397,-1,-1,-1,0,0,0,136,1,1,0,0.0000000,0.0000000,0.0000000,0,0,0,0
755678533256791 D 1273,1090360339,1000,1561,1561,2.3945441,0.06146,-1,-1,-1,0,0,0,136,1,1,0,0.0000000,0.0000000,0.0000000,0,0,0,0
755678534275750 D 1274,1090361339,1000,1560,1560,2.3930101,-0.00110,-1,-1,-1,0,0,0,136,1,1,0,0.0000000,0.0000000,0.0000000,0,0,0,0
755678535232958 D 1275,1090362339,1000,1560,1560,2.3930101,-0.00106,-1,-1,-1,0,0,0,136,1,1,0,0.0000000,0.0000000,0.0000000,0,0,0,0
755678536248541 D 1276,1090363339,1000,1559,1559,2.3914762,-0.06116,-1,-1,-1,0,0,0,136,1,1,0,0.0000000,0.0000000,0.0000000,0,0,0,0
755678537221416 D 1277,1090364339,1000,1559,1559,2.3914762,-0.05877,-1,-1,-1,0,0,0,136,1,1,0,0.0000000,0.0000000,0.0000000,0,0,0,0
755678538229583 D 1278,1090365339,1000,1559,1559,2.3914762,-0.05646,-1,-1,-1,0,0,0,136,1,1,0,0.0000000,0.0000000,0.0000000,0,0,0,0
755678539235166 D 1279,1090366339,1000,1559,1559,2.3914762,-0.05425,-1,-1,-1,0,0,0,136,1,1,0,0.0000000,0.0000000,0.0000000,0,0,0,0
755678540200916 D 1280,1090367339,1000,1559,1559,2.3914762,-0.05212,-1,-1,-1,0,0,0,136,1,1,0,0.0000000,0.0000000,0.0000000,0,0,0,0
755678541225750 D 1281,1090368339,1000,1558,1558,2.3899422,-0.11022,-1,-1,-1,0,0,0,136,1,1,0,0.0000000,0.0000000,0.0000000,0,0,0,0
755678542204125 D 1282,1090369339,1000,1558,1558,2.3899422,-0.10590,-1,-1,-1,0,0,0,136,1,1,0,0.0000000,0.0000000,0.0000000,0,0,0,0
755678543262458 D 1283,1090370339,1000,1559,1559,2.3914762,-0.04160,-1,-1,-1,0,0,0,136,1,1,0,0.0000000,0.0000000,0.0000000,0,0,0,0
755678544233083 D 1284,1090371339,1000,1558,1558,2.3899422,-0.10012,-1,-1,-1,0,0,0,136,1,1,0,0.0000000,0.0000000,0.0000000,0,0,0,0
755678545247583 D 1285,1090372339,1000,1558,1558,2.3899422,-0.09619,-1,-1,-1,0,0,0,136,1,1,0,0.0000000,0.0000000,0.0000000,0,0,0,0
755678546236583 D 1286,1090373339,1000,1558,1558,2.3899422,-0.09242,-1,-1,-1,0,0,0,136,1,1,0,0.0000000,0.0000000,0.0000000,0,0,0,0
755678547220291 D 1287,1090374339,1000,1558,1558,2.3899422,-0.08880,-1,-1,-1,0,0,0,136,1,1,0,0.0000000,0.0000000,0.0000000,0,0,0,0
755678548210833 D 1288,1090375339,1000,1558,1558,2.3899422,-0.08532,-1,-1,-1,0,0,0,136,1,1,0,0.0000000,0.0000000,0.0000000,0,0,0,0
755678549201625 D 1289,1090376339,1000,1558,1558,2.3899422,-0.08197,-1,-1,-1,0,0,0,136,1,1,0,0.0000000,0.0000000,0.0000000,0,0,0,0
755678550203000 D 1290,1090377339,1000,1558,1558,2.3899422,-0.07876,-1,-1,-1,0,0,0,136,1,1,0,0.0000000,0.0000000,0.0000000,0,0,0,0
755678551204791 D 1291,1090378339,1000,1558,1558,2.3899422,-0.07567,-1,-1,-1,0,0,0,136,1,1,0,0.0000000,0.0000000,0.0000000,0,0,0,0
755678552195041 D 1292,1090379339,1000,1558,1558,2.3899422,-0.07270,-1,-1,-1,0,0,0,136,1,1,0,0.0000000,0.0000000,0.0000000,0,0,0,0
755678553201958 D 1293,1090380339,1000,1558,1558,2.3899422,-0.06985,-1,-1,-1,0,0,0,136,1,1,0,0.0000000,0.0000000,0.0000000,0,0,0,0
755678554200791 D 1294,1090381339,1000,1558,1558,2.3899422,-0.06711,-1,-1,-1,0,0,0,136,1,1,0,0.0000000,0.0000000,0.0000000,0,0,0,0
755678555195083 D 1295,1090382339,1000,1558,1558,2.3899422,-0.06448,-1,-1,-1,0,0,0,136,1,1,0,0.0000000,0.0000000,0.0000000,0,0,0,0
755678556190833 D 1296,1090383339,1000,1558,1558,2.3899422,-0.06195,-1,-1,-1,0,0,0,136,1,1,0,0.0000000,0.0000000,0.0000000,0,0,0,0
755678557194416 D 1297,1090384339,1000,1558,1558,2.3899422,-0.05952,-1,-1,-1,0,0,0,136,1,1,0,0.0000000,0.0000000,0.0000000,0,0,0,0
755678558202000 D 1298,1090385339,1000,1558,1558,2.3899422,-0.05719,-1,-1,-1,0,0,0,136,1,1,0,0.0000000,0.0000000,0.0000000,0,0,0,0
755678559208458 D 1299,1090386339,1000,1559,1559,2.3914762,0.00520,-1,-1,-1,0,0,0,136,1,1,0,0.0000000,0.0000000,0.0000000,0,0,0,0
755678560192041 D 1300,1090387339,1000,1559,1559,2.3914762,0.00500,-1,-1,-1,0,0,0,136,1,1,0,0.0000000,0.0000000,0.0000000,0,0,0,0
755678561235791 D 1301,1090388339,1000,1559,1559,2.3914762,0.00480,-1,-1,-1,0,0,0,136,1,1,0,0.0000000,0.0000000,0.0000000,0,0,0,0
755678562259541 D 1302,1090389339,1000,1559,1559,2.3914762,0.00461,-1,-1,-1,0,0,0,136,1,1,0,0.0000000,0.0000000,0.0000000,0,0,0,0
755678563191166 D 1303,1090390339,1000,1559,1559,2.3914762,0.00443,-1,-1,-1,0,0,0,136,1,1,0,0.0000000,0.0000000,0.0000000,0,0,0,0
755678564207125 D 1304,1090391339,1000,1559,1559,2.3914762,0.00426,-1,-1,-1,0,0,0,136,1,1,0,0.0000000,0.0000000,0.0000000,0,0,0,0
755678565421333 D 1305,1090392339,1000,1560,1560,2.3930101,0.06424,-1,-1,-1,0,0,0,136,1,1,0,0.0000000,0.0000000,0.0000000,0,0,0,0
755678566441625 D 1306,1090393339,1000,1560,1560,2.3930101,0.06172,-1,-1,-1,0,0,0,136,1,1,0,0.0000000,0.0000000,0.0000000,0,0,0,0
755678567432125 D 1307,1090394339,1000,1561,1561,2.3945441,0.11945,-1,-1,-1,0,0,0,136,1,1,0,0.0000000,0.0000000,0.0000000,0,0,0,0
755678568262541 D 1308,1090395339,1000,1561,1561,2.3945441,0.11477,-1,-1,-1,0,0,0,136,1,1,0,0.0000000,0.0000000,0.0000000,0,0,0,0
755678569195916 D 1309,1090396339,1000,1561,1561,2.3945441,0.11027,-1,-1,-1,0,0,0,136,1,1,0,0.0000000,0.0000000,0.0000000,0,0,0,0
755678570202916 D 1310,1090397339,1000,1562,1562,2.3960781,0.16609,-1,-1,-1,0,0,0,136,1,1,0,0.0000000,0.0000000,0.0000000,0,0,0,0
755678571221916 D 1311,1090398339,1000,1561,1561,2.3945441,0.09943,-1,-1,-1,0,0,0,136,1,1,0,0.0000000,0.0000000,0.0000000,0,0,0,0
755678572198875 D 1312,1090399339,1000,1562,1562,2.3960781,0.15568,-1,-1,-1,0,0,0,136,1,1,0,0.0000000,0.0000000,0.0000000,0,0,0,0
755678573273833 D 1313,1090400339,1000,1562,1562,2.3960781,0.14957,-1,-1,-1,0,0,0,136,1,1,0,0.0000000,0.0000000,0.0000000,0,0,0,0
755678574287833 D 1314,1090401339,1000,1562,1562,2.3960781,0.14371,-1,-1,-1,0,0,0,136,1,1,0,0.0000000,0.0000000,0.0000000,0,0,0,0
755678575717333 D 1315,1090402339,1000,1562,1562,2.3960781,0.13807,39,128,2057,0,0,0,136,1,1,0,0.0000000,0.0000000,0.0000000,0,0,0,0
755678576387708 D 1316,1090403339,1000,1562,1562,2.3960781,0.13266,-1,-1,-1,0,0,0,136,1,1,0,0.0000000,0.0000000,0.0000000,0,0,0,0
755678577226875 D 1317,1090404339,1000,1562,1562,2.3960781,0.12746,-1,-1,-1,0,0,0,136,1,1,0,0.0000000,0.0000000,0.0000000,0,0,0,0
755678578222833 D 1318,1090405339,1000,1562,1562,2.3960781,0.12246,-1,-1,-1,0,0,0,136,1,1,0,0.0000000,0.0000000,0.0000000,0,0,0,0
755678579209750 D 1319,1090406339,1000,1562,1562,2.3960781,0.11766,-1,-1,-1,0,0,0,136,1,1,0,0.0000000,0.0000000,0.0000000,0,0,0,0
755678580221208 D 1320,1090407339,1000,1562,1562,2.3960781,0.11305,-1,-1,-1,0,0,0,136,1,1,0,0.0000000,0.0000000,0.0000000,0,0,0,0
755678581226666 D 1321,1090408339,1000,1561,1561,2.3945441,0.04847,-1,-1,-1,0,0,0,136,1,1,0,0.0000000,0.0000000,0.0000000,0,0,0,0
755678582238541 D 1322,1090409339,1000,1561,1561,2.3945441,0.04657,-1,-1,-1,0,0,0,136,1,1,0,0.0000000,0.0000000,0.0000000,0,0,0,0
755678583216500 D 1323,1090410339,1000,1561,1561,2.3945441,0.04474,-1,-1,-1,0,0,0,136,1,1,0,0.0000000,0.0000000,0.0000000,0,0,0,0
755678584216208 D 1324,1090411339,1000,1560,1560,2.3930101,-0.01716,-1,-1,-1,0,0,0,136,1,1,0,0.0000000,0.0000000,0.0000000,0,0,0,0
755678585208375 D 1325,1090412339,1000,1560,1560,2.3930101,-0.01649,-1,-1,-1,0,0,0,136,1,1,0,0.0000000,0.0000000,0.0000000,0,0,0,0
755678586215666 D 1326,1090413339,1000,1560,1560,2.3930101,-0.01584,-1,-1,-1,0,0,0,136,1,1,0,0.0000000,0.0000000,0.0000000,0,0,0,0
755678587205250 D 1327,1090414339,1000,1559,1559,2.3914762,-0.07537,-1,-1,-1,0,0,0,136,1,1,0,0.0000000,0.0000000,0.0000000,0,0,0,0
755678588190666 D 1328,1090415339,1000,1559,1559,2.3914762,-0.07242,-1,-1,-1,0,0,0,136,1,1,0,0.0000000,0.0000000,0.0000000,0,0,0,0
755678589211541 D 1329,1090416339,1000,1559,1559,2.3914762,-0.06958,-1,-1,-1,0,0,0,136,1,1,0,0.0000000,0.0000000,0.0000000,0,0,0,0
755678590228750 D 1330,1090417339,1000,1559,1559,2.3914762,-0.06685,-1,-1,-1,0,0,0,136,1,1,0,0.0000000,0.0000000,0.0000000,0,0,0,0
755678591238083 D 1331,1090418339,1000,1559,1559,2.3914762,-0.06423,-1,-1,-1,0,0,0,136,1,1,0,0.0000000,0.0000000,0.0000000,0,0,0,0
755678592209791 D 1332,1090419339,1000,1559,1559,2.3914762,-0.06171,-1,-1,-1,0,0,0,136,1,1,0,0.0000000,0.0000000,0.0000000,0,0,0,0
755678593212625 D 1333,1090420339,1000,1559,1559,2.3914762,-0.05929,-1,-1,-1,0,0,0,136,1,1,0,0.0000000,0.0000000,0.0000000,0,0,0,0
755678594218833 D 1334,1090421339,1000,1559,1559,2.3914762,-0.05696,-1,-1,-1,0,0,0,136,1,1,0,0.0000000,0.0000000,0.0000000,0,0,0,0
755678595235791 D 1335,1090422339,1000,1559,1559,2.3914762,-0.05473,-1,-1,-1,0,0,0,136,1,1,0,0.0000000,0.0000000,0.0000000,0,0,0,0
755678596303250 D 1336,1090423339,1000,1559,1559,2.3914762,-0.05258,-1,-1,-1,0,0,0,136,1,1,0,0.0000000,0.0000000,0.0000000,0,0,0,0
755678597440916 D 1337,1090424339,1000,1559,1559,2.3914762,-0.05052,-1,-1,-1,0,0,0,136,1,1,0,0.0000000,0.0000000,0.0000000,0,0,0,0
755678598436166 D 1338,1090425339,1000,1558,1558,2.3899422,-0.10869,-1,-1,-1,0,0,0,136,1,1,0,0.0000000,0.0000000,0.0000000,0,0,0,0
755678599423083 D 1339,1090426339,1000,1559,1559,2.3914762,-0.04428,-1,-1,-1,0,0,0,136,1,1,0,0.0000000,0.0000000,0.0000000,0,0,0,0
755678600196166 D 1340,1090427339,1000,1558,1558,2.3899422,-0.10269,-1,-1,-1,0,0,0,136,1,1,0,0.0000000,0.0000000,0.0000000,0,0,0,0
755678601202375 D 1341,1090428339,1000,1559,1559,2.3914762,-0.03852,-1,-1,-1,0,0,0,136,1,1,0,0.0000000,0.0000000,0.0000000,0,0,0,0
755678602195333 D 1342,1090429339,1000,1558,1558,2.3899422,-0.09715,-1,-1,-1,0,0,0,136,1,1,0,0.0000000,0.0000000,0.0000000,0,0,0,0
755678603201666 D 1343,1090430339,1000,1558,1558,2.3899422,-0.09335,-1,-1,-1,0,0,0,136,1,1,0,0.0000000,0.0000000,0.0000000,0,0,0,0
755678604211708 D 1344,1090431339,1000,1559,1559,2.3914762,-0.02954,-1,-1,-1,0,0,0,136,1,1,0,0.0000000,0.0000000,0.0000000,0,0,0,0
755678605230583 D 1345,1090432339,1000,1558,1558,2.3899422,-0.08853,-1,-1,-1,0,0,0,136,1,1,0,0.0000000,0.0000000,0.0000000,0,0,0,0
755678606229708 D 1346,1090433339,1000,1559,1559,2.3914762,-0.02491,-1,-1,-1,0,0,0,136,1,1,0,0.0000000,0.0000000,0.0000000,0,0,0,0
755678607204791 D 1347,1090434339,1000,1559,1559,2.3914762,-0.02393,-1,-1,-1,0,0,0,136,1,1,0,0.0000000,0.0000000,0.0000000,0,0,0,0
755678608196541 D 1348,1090435339,1000,1558,1558,2.3899422,-0.08314,-1,-1,-1,0,0,0,136,1,1,0,0.0000000,0.0000000,0.0000000,0,0,0,0
755678609205125 D 1349,1090436339,1000,1558,1558,2.3899422,-0.07988,-1,-1,-1,0,0,0,136,1,1,0,0.0000000,0.0000000,0.0000000,0,0,0,0
755678610194708 D 1350,1090437339,1000,1558,1558,2.3899422,-0.07675,-1,-1,-1,0,0,0,136,1,1,0,0.0000000,0.0000000,0.0000000,0,0,0,0
755678611190083 D 1351,1090438339,1000,1559,1559,2.3914762,-0.01359,-1,-1,-1,0,0,0,136,1,1,0,0.0000000,0.0000000,0.0000000,0,0,0,0
755678612191000 D 1352,1090439339,1000,1558,1558,2.3899422,-0.07321,-1,-1,-1,0,0,0,136,1,1,0,0.0000000,0.0000000,0.0000000,0,0,0,0
755678613189666 D 1353,1090440339,1000,1558,1558,2.3899422,-0.07034,-1,-1,-1,0,0,0,136,1,1,0,0.0000000,0.0000000,0.0000000,0,0,0,0
755678614191125 D 1354,1090441339,1000,1559,1559,2.3914762,-0.00743,-1,-1,-1,0,0,0,136,1,1,0,0.0000000,0.0000000,0.0000000,0,0,0,0
755678615187416 D 1355,1090442339,1000,1558,1558,2.3899422,-0.06729,-1,-1,-1,0,0,0,136,1,1,0,0.0000000,0.0000000,0.0000000,0,0,0,0
755678616194041 D 1356,1090443339,1000,1558,1558,2.3899422,-0.06465,-1,-1,-1,0,0,0,136,1,1,0,0.0000000,0.0000000,0.0000000,0,0,0,0
755678617213333 D 1357,1090444339,1000,1559,1559,2.3914762,-0.00197,-1,-1,-1,0,0,0,136,1,1,0,0.0000000,0.0000000,0.0000000,0,0,0,0
755678618187416 D 1358,1090445339,1000,1559,1559,2.3914762,-0.00189,-1,-1,-1,0,0,0,136,1,1,0,0.0000000,0.0000000,0.0000000,0,0,0,0
755678619188250 D 1359,1090446339,1000,1559,1559,2.3914762,-0.00181,-1,-1,-1,0,0,0,136,1,1,0,0.0000000,0.0000000,0.0000000,0,0,0,0
755678620195541 D 1360,1090447339,1000,1558,1558,2.3899422,-0.06189,-1,-1,-1,0,0,0,136,1,1,0,0.0000000,0.0000000,0.0000000,0,0,0,0
755678621191416 D 1361,1090448339,1000,1559,1559,2.3914762,0.00068,-1,-1,-1,0,0,0,136,1,1,0,0.0000000,0.0000000,0.0000000,0,0,0,0
755678622203166 D 1362,1090449339,1000,1558,1558,2.3899422,-0.05949,-1,-1,-1,0,0,0,136,1,1,0,0.0000000,0.0000000,0.0000000,0,0,0,0
755678623197541 D 1363,1090450339,1000,1558,1558,2.3899422,-0.05716,-1,-1,-1,0,0,0,136,1,1,0,0.0000000,0.0000000,0.0000000,0,0,0,0
755678624194416 D 1364,1090451339,1000,1558,1558,2.3899422,-0.05492,-1,-1,-1,0,0,0,136,1,1,0,0.0000000,0.0000000,0.0000000,0,0,0,0
755678625638708 D 1365,1090452339,1000,1558,1558,2.3899422,-0.05276,39,128,2051,0,0,0,136,1,1,0,0.0000000,0.0000000,0.0000000,0,0,0,0
755678626265666 D 1366,1090453339,1000,1558,1558,2.3899422,-0.05070,-1,-1,-1,0,0,0,136,1,1,0,0.0000000,0.0000000,0.0000000,0,0,0,0
755678627195166 D 1367,1090454339,1000,1558,1558,2.3899422,-0.04871,-1,-1,-1,0,0,0,136,1,1,0,0.0000000,0.0000000,0.0000000,0,0,0,0
755678628204250 D 1368,1090455339,1000,1558,1558,2.3899422,-0.04680,-1,-1,-1,0,0,0,136,1,1,0,0.0000000,0.0000000,0.0000000,0,0,0,0
755678629220125 D 1369,1090456339,1000,1558,1558,2.3899422,-0.04496,-1,-1,-1,0,0,0,136,1,1,0,0.0000000,0.0000000,0.0000000,0,0,0,0
755678630190875 D 1370,1090457339,1000,1558,1558,2.3899422,-0.04320,-1,-1,-1,0,0,0,136,1,1,0,0.0000000,0.0000000,0.0000000,0,0,0,0
755678631416041 D 1371,1090458339,1000,1558,1558,2.3899422,-0.04151,-1,-1,-1,0,0,0,136,1,1,0,0.0000000,0.0000000,0.0000000,0,0,0,0
755678632421833 D 1372,1090459339,1000,1558,1558,2.3899422,-0.03988,-1,-1,-1,0,0,0,136,1,1,0,0.0000000,0.0000000,0.0000000,0,0,0,0
755678633333250 D 1373,1090460339,1000,1558,1558,2.3899422,-0.03831,-1,-1,-1,0,0,0,136,1,1,0,0.0000000,0.0000000,0.0000000,0,0,0,0
755678634212875 D 1374,1090461339,1000,1558,1558,2.3899422,-0.03681,-1,-1,-1,0,0,0,136,1,1,0,0.0000000,0.0000000,0.0000000,0,0,0,0
755678635196291 D 1375,1090462339,1000,1558,1558,2.3899422,-0.03537,-1,-1,-1,0,0,0,136,1,1,0,0.0000000,0.0000000,0.0000000,0,0,0,0
755678636193833 D 1376,1090463339,1000,1558,1558,2.3899422,-0.03398,-1,-1,-1,0,0,0,136,1,1,0,0.0000000,0.0000000,0.0000000,0,0,0,0
755678637212958 D 1377,1090464339,1000,1558,1558,2.3899422,-0.03265,-1,-1,-1,0,0,0,136,1,1,0,0.0000000,0.0000000,0.0000000,0,0,0,0
755678638200916 D 1378,1090465339,1000,1558,1558,2.3899422,-0.03137,-1,-1,-1,0,0,0,136,1,1,0,0.0000000,0.0000000,0.0000000,0,0,0,0
755678639193375 D 1379,1090466339,1000,1558,1558,2.3899422,-0.03014,-1,-1,-1,0,0,0,136,1,1,0,0.0000000,0.0000000,0.0000000,0,0,0,0
755678640190333 D 1380,1090467339,1000,1558,1558,2.3899422,-0.02896,-1,-1,-1,0,0,0,136,1,1,0,0.0000000,0.0000000,0.0000000,0,0,0,0
755678641186750 D 1381,1090468339,1000,1558,1558,2.3899422,-0.02782,-1,-1,-1,0,0,0,136,1,1,0,0.0000000,0.0000000,0.0000000,0,0,0,0
755678642186791 D 1382,1090469339,1000,1558,1558,2.3899422,-0.02673,-1,-1,-1,0,0,0,136,1,1,0,0.0000000,0.0000000,0.0000000,0,0,0,0
755678643222166 D 1383,1090470339,1000,1558,1558,2.3899422,-0.02568,-1,-1,-1,0,0,0,136,1,1,0,0.0000000,0.0000000,0.0000000,0,0,0,0
755678644204166 D 1384,1090471339,1000,1558,1558,2.3899422,-0.02468,-1,-1,-1,0,0,0,136,1,1,0,0.0000000,0.0000000,0.0000000,0,0,0,0
755678645202708 D 1385,1090472339,1000,1558,1558,2.3899422,-0.02371,-1,-1,-1,0,0,0,136,1,1,0,0.0000000,0.0000000,0.0000000,0,0,0,0
755678646210208 D 1386,1090473339,1000,1558,1558,2.3899422,-0.02278,-1,-1,-1,0,0,0,136,1,1,0,0.0000000,0.0000000,0.0000000,0,0,0,0
755678647206000 D 1387,1090474339,1000,1558,1558,2.3899422,-0.02189,-1,-1,-1,0,0,0,136,1,1,0,0.0000000,0.0000000,0.0000000,0,0,0,0
755678648209333 D 1388,1090475339,1000,1558,1558,2.3899422,-0.02103,-1,-1,-1,0,0,0,136,1,1,0,0.0000000,0.0000000,0.0000000,0,0,0,0
755678649201625 D 1389,1090476339,1000,1558,1558,2.3899422,-0.02020,-1,-1,-1,0,0,0,136,1,1,0,0.0000000,0.0000000,0.0000000,0,0,0,0
755678650186500 D 1390,1090477339,1000,1559,1559,2.3914762,0.04074,-1,-1,-1,0,0,0,136,1,1,0,0.0000000,0.0000000,0.0000000,0,0,0,0
755678651190791 D 1391,1090478339,1000,1559,1559,2.3914762,0.03914,-1,-1,-1,0,0,0,136,1,1,0,0.0000000,0.0000000,0.0000000,0,0,0,0
755678652199791 D 1392,1090479339,1000,1558,1558,2.3899422,-0.02254,-1,-1,-1,0,0,0,135,1,1,0,0.0000000,0.0000000,0.0000000,0,0,0,0
755678653190583 D 1393,1090480339,1000,1559,1559,2.3914762,0.03849,-1,-1,-1,0,0,0,136,1,1,0,0.0000000,0.0000000,0.0000000,0,0,0,0
755678654182333 D 1394,1090481339,1000,1559,1559,2.3914762,0.03698,-1,-1,-1,0,0,0,136,1,1,0,0.0000000,0.0000000,0.0000000,0,0,0,0
755678655179541 D 1395,1090482339,1000,1559,1559,2.3914762,0.03553,-1,-1,-1,0,0,0,136,1,1,0,0.0000000,0.0000000,0.0000000,0,0,0,0
755678656193541 D 1396,1090483339,1000,1559,1559,2.3914762,0.03414,-1,-1,-1,0,0,0,136,1,1,0,0.0000000,0.0000000,0.0000000,0,0,0,0
755678657170875 D 1397,1090484339,1000,1559,1559,2.3914762,0.03280,-1,-1,-1,0,0,0,136,1,1,0,0.0000000,0.0000000,0.0000000,0,0,0,0
755678658179458 D 1398,1090485339,1000,1559,1559,2.3914762,0.03151,-1,-1,-1,0,0,0,136,1,1,0,0.0000000,0.0000000,0.0000000,0,0,0,0
755678659173250 D 1399,1090486339,1000,1559,1559,2.3914762,0.03028,-1,-1,-1,0,0,0,136,1,1,0,0.0000000,0.0000000,0.0000000,0,0,0,0
755678660175041 D 1400,1090487339,1000,1559,1559,2.3914762,0.02909,-1,-1,-1,0,0,0,136,1,1,0,0.0000000,0.0000000,0.0000000,0,0,0,0
755678661178541 D 1401,1090488339,1000,1559,1559,2.3914762,0.02795,-1,-1,-1,0,0,0,136,1,1,0,0.0000000,0.0000000,0.0000000,0,0,0,0
755678662409416 D 1402,1090489339,1000,1559,1559,2.3914762,0.02685,-1,-1,-1,0,0,0,136,1,1,0,0.0000000,0.0000000,0.0000000,0,0,0,0
755678663380166 D 1403,1090490339,1000,1559,1559,2.3914762,0.02580,-1,-1,-1,0,0,0,136,1,1,0,0.0000000,0.0000000,0.0000000,0,0,0,0
755678664410125 D 1404,1090491339,1000,1559,1559,2.3914762,0.02479,-1,-1,-1,0,0,0,136,1,1,0,0.0000000,0.0000000,0.0000000,0,0,0,0
755678665404916 D 1405,1090492339,1000,1559,1559,2.3914762,0.02382,-1,-1,-1,0,0,0,136,1,1,0,0.0000000,0.0000000,0.0000000,0,0,0,0
755678666403750 D 1406,1090493339,1000,1559,1559,2.3914762,0.02288,-1,-1,-1,0,0,0,136,1,1,0,0.0000000,0.0000000,0.0000000,0,0,0,0
755678667178250 D 1407,1090494339,1000,1559,1559,2.3914762,0.02199,-1,-1,-1,0,0,0,136,1,1,0,0.0000000,0.0000000,0.0000000,0,0,0,0
755678668183833 D 1408,1090495339,1000,1558,1558,2.3899422,-0.03902,-1,-1,-1,0,0,0,136,1,1,0,0.0000000,0.0000000,0.0000000,0,0,0,0
755678669205750 D 1409,1090496339,1000,1558,1558,2.3899422,-0.03749,-1,-1,-1,0,0,0,136,1,1,0,0.0000000,0.0000000,0.0000000,0,0,0,0
755678670187541 D 1410,1090497339,1000,1559,1559,2.3914762,0.02412,-1,-1,-1,0,0,0,136,1,1,0,0.0000000,0.0000000,0.0000000,0,0,0,0
755678671219416 D 1411,1090498339,1000,1558,1558,2.3899422,-0.03697,-1,-1,-1,0,0,0,136,1,1,0,0.0000000,0.0000000,0.0000000,0,0,0,0
755678672232375 D 1412,1090499339,1000,1558,1558,2.3899422,-0.03552,-1,-1,-1,0,0,0,136,1,1,0,0.0000000,0.0000000,0.0000000,0,0,0,0
755678673188541 D 1413,1090500339,1000,1559,1559,2.3914762,0.02602,-1,-1,-1,0,0,0,136,1,1,0,0.0000000,0.0000000,0.0000000,0,0,0,0
755678674201041 D 1414,1090501339,1000,1558,1558,2.3899422,-0.03515,-1,-1,-1,0,0,0,136,1,1,0,0.0000000,0.0000000,0.0000000,0,0,0,0
755678675693916 D 1415,1090502339,1000,1558,1558,2.3899422,-0.03377,39,128,2043,0,0,0,136,1,1,0,0.0000000,0.0000000,0.0000000,0,0,0,0
755678676313708 D 1416,1090503339,1000,1558,1558,2.3899422,-0.03245,-1,-1,-1,0,0,0,136,1,1,0,0.0000000,0.0000000,0.0000000,0,0,0,0
755678677227125 D 1417,1090504339,1000,1558,1558,2.3899422,-0.03117,-1,-1,-1,0,0,0,136,1,1,0,0.0000000,0.0000000,0.0000000,0,0,0,0
755678678226958 D 1418,1090505339,1000,1558,1558,2.3899422,-0.02995,-1,-1,-1,0,0,0,136,1,1,0,0.0000000,0.0000000,0.0000000,0,0,0,0
755678679213666 D 1419,1090506339,1000,1558,1558,2.3899422,-0.02878,-1,-1,-1,0,0,0,136,1,1,0,0.0000000,0.0000000,0.0000000,0,0,0,0
755678680256875 D 1420,1090507339,1000,1559,1559,2.3914762,0.03250,-1,-1,-1,0,0,0,136,1,1,0,0.0000000,0.0000000,0.0000000,0,0,0,0
755678681201500 D 1421,1090508339,1000,1558,1558,2.3899422,-0.02892,-1,-1,-1,0,0,0,136,1,1,0,0.0000000,0.0000000,0.0000000,0,0,0,0
755678682198458 D 1422,1090509339,1000,1558,1558,2.3899422,-0.02779,-1,-1,-1,0,0,0,136,1,1,0,0.0000000,0.0000000,0.0000000,0,0,0,0
755678683210291 D 1423,1090510339,1000,1558,1558,2.3899422,-0.02670,-1,-1,-1,0,0,0,136,1,1,0,0.0000000,0.0000000,0.0000000,0,0,0,0
755678684230166 D 1424,1090511339,1000,1558,1558,2.3899422,-0.02565,-1,-1,-1,0,0,0,136,1,1,0,0.0000000,0.0000000,0.0000000,0,0,0,0
755678685225791 D 1425,1090512339,1000,1558,1558,2.3899422,-0.02465,-1,-1,-1,0,0,0,136,1,1,0,0.0000000,0.0000000,0.0000000,0,0,0,0
755678686204750 D 1426,1090513339,1000,1558,1558,2.3899422,-0.02368,-1,-1,-1,0,0,0,136,1,1,0,0.0000000,0.0000000,0.0000000,0,0,0,0
755678687212625 D 1427,1090514339,1000,1558,1558,2.3899422,-0.02275,-1,-1,-1,0,0,0,136,1,1,0,0.0000000,0.0000000,0.0000000,0,0,0,0
755678688233250 D 1428,1090515339,1000,1558,1558,2.3899422,-0.02186,-1,-1,-1,0,0,0,136,1,1,0,0.0000000,0.0000000,0.0000000,0,0,0,0
755678689208541 D 1429,1090516339,1000,1558,1558,2.3899422,-0.02100,-1,-1,-1,0,0,0,136,1,1,0,0.0000000,0.0000000,0.0000000,0,0,0,0
755678690206250 D 1430,1090517339,1000,1558,1558,2.3899422,-0.02018,-1,-1,-1,0,0,0,136,1,1,0,0.0000000,0.0000000,0.0000000,0,0,0,0
755678691196833 D 1431,1090518339,1000,1558,1558,2.3899422,-0.01939,-1,-1,-1,0,0,0,136,1,1,0,0.0000000,0.0000000,0.0000000,0,0,0,0
755678692205250 D 1432,1090519339,1000,1558,1558,2.3899422,-0.01863,-1,-1,-1,0,0,0,136,1,1,0,0.0000000,0.0000000,0.0000000,0,0,0,0
755678693211958 D 1433,1090520339,1000,1558,1558,2.3899422,-0.01790,-1,-1,-1,0,0,0,136,1,1,0,0.0000000,0.0000000,0.0000000,0,0,0,0
755678694202375 D 1434,1090521339,1000,1558,1558,2.3899422,-0.01720,-1,-1,-1,0,0,0,136,1,1,0,0.0000000,0.0000000,0.0000000,0,0,0,0
755678695230375 D 1435,1090522339,1000,1558,1558,2.3899422,-0.01652,-1,-1,-1,0,0,0,136,1,1,0,0.0000000,0.0000000,0.0000000,0,0,0,0
755678696222916 D 1436,1090523339,1000,1558,1558,2.3899422,-0.01587,-1,-1,-1,0,0,0,136,1,1,0,0.0000000,0.0000000,0.0000000,0,0,0,0
755678697206875 D 1437,1090524339,1000,1558,1558,2.3899422,-0.01525,-1,-1,-1,0,0,0,136,1,1,0,0.0000000,0.0000000,0.0000000,0,0,0,0
755678698448125 D 1438,1090525339,1000,1558,1558,2.3899422,-0.01465,-1,-1,-1,0,0,0,136,1,1,0,0.0000000,0.0000000,0.0000000,0,0,0,0
755678699432125 D 1439,1090526339,1000,1558,1558,2.3899422,-0.01408,-1,-1,-1,0,0,0,136,1,1,0,0.0000000,0.0000000,0.0000000,0,0,0,0
755678700354250 D 1440,1090527339,1000,1558,1558,2.3899422,-0.01353,-1,-1,-1,0,0,0,136,1,1,0,0.0000000,0.0000000,0.0000000,0,0,0,0
755678701203041 D 1441,1090528339,1000,1558,1558,2.3899422,-0.01300,-1,-1,-1,0,0,0,136,1,1,0,0.0000000,0.0000000,0.0000000,0,0,0,0
755678702196250 D 1442,1090529339,1000,1558,1558,2.3899422,-0.01249,-1,-1,-1,0,0,0,136,1,1,0,0.0000000,0.0000000,0.0000000,0,0,0,0
755678703187125 D 1443,1090530339,1000,1558,1558,2.3899422,-0.01200,-1,-1,-1,0,0,0,136,1,1,0,0.0000000,0.0000000,0.0000000,0,0,0,0
755678704189833 D 1444,1090531339,1000,1558,1558,2.3899422,-0.01153,-1,-1,-1,0,0,0,136,1,1,0,0.0000000,0.0000000,0.0000000,0,0,0,0
755678705281666 D 1445,1090532339,1000,1558,1558,2.3899422,-0.01107,-1,-1,-1,0,0,0,136,1,1,0,0.0000000,0.0000000,0.0000000,0,0,0,0
755678706236000 D 1446,1090533339,1000,1558,1558,2.3899422,-0.01064,-1,-1,-1,0,0,0,136,1,1,0,0.0000000,0.0000000,0.0000000,0,0,0,0
755678707202208 D 1447,1090534339,1000,1558,1558,2.3899422,-0.01022,-1,-1,-1,0,0,0,136,1,1,0,0.0000000,0.0000000,0.0000000,0,0,0,0
755678708209916 D 1448,1090535339,1000,1558,1558,2.3899422,-0.00982,-1,-1,-1,0,0,0,136,1,1,0,0.0000000,0.0000000,0.0000000,0,0,0,0
755678709198583 D 1449,1090536339,1000,1558,1558,2.3899422,-0.00944,-1,-1,-1,0,0,0,136,1,1,0,0.0000000,0.0000000,0.0000000,0,0,0,0
755678710199625 D 1450,1090537339,1000,1558,1558,2.3899422,-0.00907,-1,-1,-1,0,0,0,136,1,1,0,0.0000000,0.0000000,0.0000000,0,0,0,0
755678711186583 D 1451,1090538339,1000,1558,1558,2.3899422,-0.00871,-1,-1,-1,0,0,0,136,1,1,0,0.0000000,0.0000000,0.0000000,0,0,0,0
755678712192250 D 1452,1090539339,1000,1558,1558,2.3899422,-0.00837,-1,-1,-1,0,0,0,136,1,1,0,0.0000000,0.0000000,0.0000000,0,0,0,0
755678713186666 D 1453,1090540339,1000,1558,1558,2.3899422,-0.00804,-1,-1,-1,0,0,0,136,1,1,0,0.0000000,0.0000000,0.0000000,0,0,0,0
755678714186041 D 1454,1090541339,1000,1558,1558,2.3899422,-0.00773,-1,-1,-1,0,0,0,136,1,1,0,0.0000000,0.0000000,0.0000000,0,0,0,0
755678715206833 D 1455,1090542339,1000,1558,1558,2.3899422,-0.00742,-1,-1,-1,0,0,0,136,1,1,0,0.0000000,0.0000000,0.0000000,0,0,0,0
755678716209750 D 1456,1090543339,1000,1558,1558,2.3899422,-0.00713,-1,-1,-1,0,0,0,136,1,1,0,0.0000000,0.0000000,0.0000000,0,0,0,0
755678717190958 D 1457,1090544339,1000,1558,1558,2.3899422,-0.00685,-1,-1,-1,0,0,0,136,1,1,0,0.0000000,0.0000000,0.0000000,0,0,0,0
755678718194291 D 1458,1090545339,1000,1558,1558,2.3899422,-0.00658,-1,-1,-1,0,0,0,136,1,1,0,0.0000000,0.0000000,0.0000000,0,0,0,0
755678719184333 D 1459,1090546339,1000,1558,1558,2.3899422,-0.00633,-1,-1,-1,0,0,0,136,1,1,0,0.0000000,0.0000000,0.0000000,0,0,0,0
755678720186333 D 1460,1090547339,1000,1558,1558,2.3899422,-0.00608,-1,-1,-1,0,0,0,136,1,1,0,0.0000000,0.0000000,0.0000000,0,0,0,0
755678721191500 D 1461,1090548339,1000,1559,1559,2.3914762,0.05431,-1,-1,-1,0,0,0,136,1,1,0,0.0000000,0.0000000,0.0000000,0,0,0,0
755678722177625 D 1462,1090549339,1000,1559,1559,2.3914762,0.05218,-1,-1,-1,0,0,0,135,1,1,0,0.0000000,0.0000000,0.0000000,0,0,0,0
755678723187375 D 1463,1090550339,1000,1558,1558,2.3899422,-0.01001,-1,-1,-1,0,0,0,136,1,1,0,0.0000000,0.0000000,0.0000000,0,0,0,0
755678724176041 D 1464,1090551339,1000,1559,1559,2.3914762,0.05053,-1,-1,-1,0,0,0,136,1,1,0,0.0000000,0.0000000,0.0000000,0,0,0,0
755678725829416 D 1465,1090552339,1000,1559,1559,2.3914762,0.04854,39,128,2044,0,0,0,136,1,1,0,0.0000000,0.0000000,0.0000000,0,0,0,0
755678726676333 D 1466,1090553339,1000,1559,1559,2.3914762,0.04664,-1,-1,-1,0,0,0,136,1,1,0,0.0000000,0.0000000,0.0000000,0,0,0,0
755678727531166 D 1467,1090554339,1000,1559,1559,2.3914762,0.04481,-1,-1,-1,0,0,0,136,1,1,0,0.0000000,0.0000000,0.0000000,0,0,0,0
755678728260041 D 1468,1090555339,1000,1559,1559,2.3914762,0.04306,-1,-1,-1,0,0,0,136,1,1,0,0.0000000,0.0000000,0.0000000,0,0,0,0
755678729191041 D 1469,1090556339,1000,1559,1559,2.3914762,0.04137,-1,-1,-1,0,0,0,135,1,1,0,0.0000000,0.0000000,0.0000000,0,0,0,0
755678730180541 D 1470,1090557339,1000,1559,1559,2.3914762,0.03975,-1,-1,-1,0,0,0,136,1,1,0,0.0000000,0.0000000,0.0000000,0,0,0,0
755678731204541 D 1471,1090558339,1000,1559,1559,2.3914762,0.03819,-1,-1,-1,0,0,0,136,1,1,0,0.0000000,0.0000000,0.0000000,0,0,0,0
755678732207666 D 1472,1090559339,1000,1559,1559,2.3914762,0.03669,-1,-1,-1,0,0,0,136,1,1,0,0.0000000,0.0000000,0.0000000,0,0,0,0
755678733192666 D 1473,1090560339,1000,1559,1559,2.3914762,0.03525,-1,-1,-1,0,0,0,136,1,1,0,0.0000000,0.0000000,0.0000000,0,0,0,0
755678734187958 D 1474,1090561339,1000,1559,1559,2.3914762,0.03387,-1,-1,-1,0,0,0,136,1,1,0,0.0000000,0.0000000,0.0000000,0,0,0,0
755678735185541 D 1475,1090562339,1000,1559,1559,2.3914762,0.03254,-1,-1,-1,0,0,0,136,1,1,0,0.0000000,0.0000000,0.0000000,0,0,0,0
755678736186416 D 1476,1090563339,1000,1559,1559,2.3914762,0.03126,-1,-1,-1,0,0,0,135,1,1,0,0.0000000,0.0000000,0.0000000,0,0,0,0
755678737185750 D 1477,1090564339,1000,1559,1559,2.3914762,0.03004,-1,-1,-1,0,0,0,136,1,1,0,0.0000000,0.0000000,0.0000000,0,0,0,0
755678738179750 D 1478,1090565339,1000,1559,1559,2.3914762,0.02886,-1,-1,-1,0,0,0,136,1,1,0,0.0000000,0.0000000,0.0000000,0,0,0,0
755678739206541 D 1479,1090566339,1000,1559,1559,2.3914762,0.02773,-1,-1,-1,0,0,0,136,1,1,0,0.0000000,0.0000000,0.0000000,0,0,0,0
755678740169500 D 1480,1090567339,1000,1559,1559,2.3914762,0.02664,-1,-1,-1,0,0,0,136,1,1,0,0.0000000,0.0000000,0.0000000,0,0,0,0
755678741191791 D 1481,1090568339,1000,1559,1559,2.3914762,0.02560,-1,-1,-1,0,0,0,136,1,1,0,0.0000000,0.0000000,0.0000000,0,0,0,0
755678742183750 D 1482,1090569339,1000,1559,1559,2.3914762,0.02459,-1,-1,-1,0,0,0,136,1,1,0,0.0000000,0.0000000,0.0000000,0,0,0,0
755678743190375 D 1483,1090570339,1000,1559,1559,2.3914762,0.02363,-1,-1,-1,0,0,0,136,1,1,0,0.0000000,0.0000000,0.0000000,0,0,0,0
755678744190208 D 1484,1090571339,1000,1559,1559,2.3914762,0.02270,-1,-1,-1,0,0,0,136,1,1,0,0.0000000,0.0000000,0.0000000,0,0,0,0
755678745182208 D 1485,1090572339,1000,1559,1559,2.3914762,0.02181,-1,-1,-1,0,0,0,136,1,1,0,0.0000000,0.0000000,0.0000000,0,0,0,0
755678746184916 D 1486,1090573339,1000,1559,1559,2.3914762,0.02096,-1,-1,-1,0,0,0,136,1,1,0,0.0000000,0.0000000,0.0000000,0,0,0,0
755678747205416 D 1487,1090574339,1000,1559,1559,2.3914762,0.02014,-1,-1,-1,0,0,0,136,1,1,0,0.0000000,0.0000000,0.0000000,0,0,0,0
755678748188250 D 1488,1090575339,1000,1558,1558,2.3899422,-0.04080,-1,-1,-1,0,0,0,136,1,1,0,0.0000000,0.0000000,0.0000000,0,0,0,0
755678749185958 D 1489,1090576339,1000,1559,1559,2.3914762,0.02095,-1,-1,-1,0,0,0,136,1,1,0,0.0000000,0.0000000,0.0000000,0,0,0,0
755678750177750 D 1490,1090577339,1000,1559,1559,2.3914762,0.02012,-1,-1,-1,0,0,0,135,1,1,0,0.0000000,0.0000000,0.0000000,0,0,0,0
755678751182583 D 1491,1090578339,1000,1559,1559,2.3914762,0.01934,-1,-1,-1,0,0,0,136,1,1,0,0.0000000,0.0000000,0.0000000,0,0,0,0
755678752187333 D 1492,1090579339,1000,1559,1559,2.3914762,0.01858,-1,-1,-1,0,0,0,136,1,1,0,0.0000000,0.0000000,0.0000000,0,0,0,0
755678753182875 D 1493,1090580339,1000,1558,1558,2.3899422,-0.04230,-1,-1,-1,0,0,0,136,1,1,0,0.0000000,0.0000000,0.0000000,0,0,0,0
755678754184833 D 1494,1090581339,1000,1558,1558,2.3899422,-0.04064,-1,-1,-1,0,0,0,136,1,1,0,0.0000000,0.0000000,0.0000000,0,0,0,0
755678755400291 D 1495,1090582339,1000,1559,1559,2.3914762,0.02110,-1,-1,-1,0,0,0,136,1,1,0,0.0000000,0.0000000,0.0000000,0,0,0,0
755678756407416 D 1496,1090583339,1000,1559,1559,2.3914762,0.02027,-1,-1,-1,0,0,0,136,1,1,0,0.0000000,0.0000000,0.0000000,0,0,0,0
755678757394833 D 1497,1090584339,1000,1558,1558,2.3899422,-0.04067,-1,-1,-1,0,0,0,136,1,1,0,0.0000000,0.0000000,0.0000000,0,0,0,0
755678758179125 D 1498,1090585339,1000,1559,1559,2.3914762,0.02107,-1,-1,-1,0,0,0,136,1,1,0,0.0000000,0.0000000,0.0000000,0,0,0,0
755678759196791 D 1499,1090586339,1000,1559,1559,2.3914762,0.02025,-1,-1,-1,0,0,0,136,1,1,0,0.0000000,0.0000000,0.0000000,0,0,0,0
755678760210083 D 1500,1090587339,1000,1558,1558,2.3899422,-0.04070,-1,-1,-1,0,0,0,136,1,1,0,0.0000000,0.0000000,0.0000000,0,0,0,0
755678761189375 D 1501,1090588339,1000,1559,1559,2.3914762,0.02105,-1,-1,-1,0,0,0,136,1,1,0,0.0000000,0.0000000,0.0000000,0,0,0,0
755678762215583 D 1502,1090589339,1000,1558,1558,2.3899422,-0.03992,-1,-1,-1,0,0,0,136,1,1,0,0.0000000,0.0000000,0.0000000,0,0,0,0
755678763238583 D 1503,1090590339,1000,1558,1558,2.3899422,-0.03836,-1,-1,-1,0,0,0,136,1,1,0,0.0000000,0.0000000,0.0000000,0,0,0,0
755678764215458 D 1504,1090591339,1000,1558,1558,2.3899422,-0.03686,-1,-1,-1,0,0,0,136,1,1,0,0.0000000,0.0000000,0.0000000,0,0,0,0
755678765225916 D 1505,1090592339,1000,1558,1558,2.3899422,-0.03541,-1,-1,-1,0,0,0,136,1,1,0,0.0000000,0.0000000,0.0000000,0,0,0,0
755678766194500 D 1506,1090593339,1000,1559,1559,2.3914762,0.02613,-1,-1,-1,0,0,0,136,1,1,0,0.0000000,0.0000000,0.0000000,0,0,0,0
755678767189875 D 1507,1090594339,1000,1558,1558,2.3899422,-0.03505,-1,-1,-1,0,0,0,136,1,1,0,0.0000000,0.0000000,0.0000000,0,0,0,0
755678768188458 D 1508,1090595339,1000,1558,1558,2.3899422,-0.03367,-1,-1,-1,0,0,0,136,1,1,0,0.0000000,0.0000000,0.0000000,0,0,0,0
755678769296625 D 1509,1090596339,1000,1558,1558,2.3899422,-0.03235,-1,-1,-1,0,0,0,136,1,1,0,0.0000000,0.0000000,0.0000000,0,0,0,0
755678770246166 D 1510,1090597339,1000,1558,1558,2.3899422,-0.03108,-1,-1,-1,0,0,0,136,1,1,0,0.0000000,0.0000000,0.0000000,0,0,0,0
755678771208833 D 1511,1090598339,1000,1558,1558,2.3899422,-0.02986,-1,-1,-1,0,0,0,136,1,1,0,0.0000000,0.0000000,0.0000000,0,0,0,0
755678772211500 D 1512,1090599339,1000,1558,1558,2.3899422,-0.02869,-1,-1,-1,0,0,0,136,1,1,0,0.0000000,0.0000000,0.0000000,0,0,0,0
755678773235958 D 1513,1090600339,1000,1558,1558,2.3899422,-0.02757,-1,-1,-1,0,0,0,136,1,1,0,0.0000000,0.0000000,0.0000000,0,0,0,0
755678774238291 D 1514,1090601339,1000,1558,1558,2.3899422,-0.02649,-1,-1,-1,0,0,0,136,1,1,0,0.0000000,0.0000000,0.0000000,0,0,0,0
755678775617833 D 1515,1090602339,1000,1558,1558,2.3899422,-0.02545,39,128,2047,0,0,0,136,1,1,0,0.0000000,0.0000000,0.0000000,0,0,0,0
755678776262333 D 1516,1090603339,1000,1558,1558,2.3899422,-0.02445,-1,-1,-1,0,0,0,136,1,1,0,0.0000000,0.0000000,0.0000000,0,0,0,0
755678777257250 D 1517,1090604339,1000,1558,1558,2.3899422,-0.02349,-1,-1,-1,0,0,0,136,1,1,0,0.0000000,0.0000000,0.0000000,0,0,0,0
755678778293625 D 1518,1090605339,1000,1558,1558,2.3899422,-0.02257,-1,-1,-1,0,0,0,136,1,1,0,0.0000000,0.0000000,0.0000000,0,0,0,0
755678779261916 D 1519,1090606339,1000,1558,1558,2.3899422,-0.02169,-1,-1,-1,0,0,0,136,1,1,0,0.0000000,0.0000000,0.0000000,0,0,0,0
755678780217500 D 1520,1090607339,1000,1558,1558,2.3899422,-0.02084,-1,-1,-1,0,0,0,136,1,1,0,0.0000000,0.0000000,0.0000000,0,0,0,0
755678781227750 D 1521,1090608339,1000,1558,1558,2.3899422,-0.02002,-1,-1,-1,0,0,0,136,1,1,0,0.0000000,0.0000000,0.0000000,0,0,0,0
755678782226166 D 1522,1090609339,1000,1558,1558,2.3899422,-0.01923,-1,-1,-1,0,0,0,136,1,1,0,0.0000000,0.0000000,0.0000000,0,0,0,0
755678783205416 D 1523,1090610339,1000,1558,1558,2.3899422,-0.01848,-1,-1,-1,0,0,0,136,1,1,0,0.0000000,0.0000000,0.0000000,0,0,0,0
755678784207083 D 1524,1090611339,1000,1558,1558,2.3899422,-0.01775,-1,-1,-1,0,0,0,136,1,1,0,0.0000000,0.0000000,0.0000000,0,0,0,0
755678785203375 D 1525,1090612339,1000,1558,1558,2.3899422,-0.01706,-1,-1,-1,0,0,0,136,1,1,0,0.0000000,0.0000000,0.0000000,0,0,0,0
755678786203000 D 1526,1090613339,1000,1558,1558,2.3899422,-0.01639,-1,-1,-1,0,0,0,136,1,1,0,0.0000000,0.0000000,0.0000000,0,0,0,0
755678787202708 D 1527,1090614339,1000,1558,1558,2.3899422,-0.01575,-1,-1,-1,0,0,0,136,1,1,0,0.0000000,0.0000000,0.0000000,0,0,0,0
755678788215958 D 1528,1090615339,1000,1558,1558,2.3899422,-0.01513,-1,-1,-1,0,0,0,136,1,1,0,0.0000000,0.0000000,0.0000000,0,0,0,0
755678789479750 D 1529,1090616339,1000,1558,1558,2.3899422,-0.01454,-1,-1,-1,0,0,0,136,1,1,0,0.0000000,0.0000000,0.0000000,0,0,0,0
755678790421750 D 1530,1090617339,1000,1558,1558,2.3899422,-0.01397,-1,-1,-1,0,0,0,136,1,1,0,0.0000000,0.0000000,0.0000000,0,0,0,0
755678791291541 D 1531,1090618339,1000,1559,1559,2.3914762,0.04673,-1,-1,-1,0,0,0,136,1,1,0,0.0000000,0.0000000,0.0000000,0,0,0,0
755678792231875 D 1532,1090619339,1000,1558,1558,2.3899422,-0.01525,-1,-1,-1,0,0,0,136,1,1,0,0.0000000,0.0000000,0.0000000,0,0,0,0
755678793235583 D 1533,1090620339,1000,1558,1558,2.3899422,-0.01465,-1,-1,-1,0,0,0,136,1,1,0,0.0000000,0.0000000,0.0000000,0,0,0,0
755678794248875 D 1534,1090621339,1000,1558,1558,2.3899422,-0.01408,-1,-1,-1,0,0,0,136,1,1,0,0.0000000,0.0000000,0.0000000,0,0,0,0
755678795215625 D 1535,1090622339,1000,1558,1558,2.3899422,-0.01353,-1,-1,-1,0,0,0,136,1,1,0,0.0000000,0.0000000,0.0000000,0,0,0,0
755678796237083 D 1536,1090623339,1000,1559,1559,2.3914762,0.04715,-1,-1,-1,0,0,0,136,1,1,0,0.0000000,0.0000000,0.0000000,0,0,0,0
755678797216583 D 1537,1090624339,1000,1558,1558,2.3899422,-0.01485,-1,-1,-1,0,0,0,136,1,1,0,0.0000000,0.0000000,0.0000000,0,0,0,0
755678798247625 D 1538,1090625339,1000,1559,1559,2.3914762,0.04589,-1,-1,-1,0,0,0,136,1,1,0,0.0000000,0.0000000,0.0000000,0,0,0,0
755678799218125 D 1539,1090626339,1000,1559,1559,2.3914762,0.04409,-1,-1,-1,0,0,0,136,1,1,0,0.0000000,0.0000000,0.0000000,0,0,0,0
755678800198166 D 1540,1090627339,1000,1559,1559,2.3914762,0.04236,-1,-1,-1,0,0,0,136,1,1,0,0.0000000,0.0000000,0.0000000,0,0,0,0
755678801194458 D 1541,1090628339,1000,1558,1558,2.3899422,-0.01945,-1,-1,-1,0,0,0,136,1,1,0,0.0000000,0.0000000,0.0000000,0,0,0,0
755678802200125 D 1542,1090629339,1000,1559,1559,2.3914762,0.04146,-1,-1,-1,0,0,0,136,1,1,0,0.0000000,0.0000000,0.0000000,0,0,0,0
755678803191666 D 1543,1090630339,1000,1559,1559,2.3914762,0.03983,-1,-1,-1,0,0,0,136,1,1,0,0.0000000,0.0000000,0.0000000,0,0,0,0
755678804183541 D 1544,1090631339,1000,1559,1559,2.3914762,0.03827,-1,-1,-1,0,0,0,136,1,1,0,0.0000000,0.0000000,0.0000000,0,0,0,0
755678805182541 D 1545,1090632339,1000,1559,1559,2.3914762,0.03677,-1,-1,-1,0,0,0,136,1,1,0,0.0000000,0.0000000,0.0000000,0,0,0,0
755678806187458 D 1546,1090633339,1000,1559,1559,2.3914762,0.03533,-1,-1,-1,0,0,0,136,1,1,0,0.0000000,0.0000000,0.0000000,0,0,0,0
755678807283875 D 1547,1090634339,1000,1558,1558,2.3899422,-0.02620,-1,-1,-1,0,0,0,136,1,1,0,0.0000000,0.0000000,0.0000000,0,0,0,0
755678808202125 D 1548,1090635339,1000,1559,1559,2.3914762,0.03497,-1,-1,-1,0,0,0,136,1,1,0,0.0000000,0.0000000,0.0000000,0,0,0,0
755678809218708 D 1549,1090636339,1000,1559,1559,2.3914762,0.03360,-1,-1,-1,0,0,0,136,1,1,0,0.0000000,0.0000000,0.0000000,0,0,0,0
755678810219791 D 1550,1090637339,1000,1559,1559,2.3914762,0.03228,-1,-1,-1,0,0,0,136,1,1,0,0.0000000,0.0000000,0.0000000,0,0,0,0
755678811229375 D 1551,1090638339,1000,1559,1559,2.3914762,0.03102,-1,-1,-1,0,0,0,136,1,1,0,0.0000000,0.0000000,0.0000000,0,0,0,0
755678812232250 D 1552,1090639339,1000,1559,1559,2.3914762,0.02980,-1,-1,-1,0,0,0,136,1,1,0,0.0000000,0.0000000,0.0000000,0,0,0,0
755678813207791 D 1553,1090640339,1000,1558,1558,2.3899422,-0.03152,-1,-1,-1,0,0,0,136,1,1,0,0.0000000,0.0000000,0.0000000,0,0,0,0
755678814194625 D 1554,1090641339,1000,1559,1559,2.3914762,0.02987,-1,-1,-1,0,0,0,136,1,1,0,0.0000000,0.0000000,0.0000000,0,0,0,0
755678815192375 D 1555,1090642339,1000,1559,1559,2.3914762,0.02870,-1,-1,-1,0,0,0,136,1,1,0,0.0000000,0.0000000,0.0000000,0,0,0,0
755678816521375 D 1556,1090643339,1000,1559,1559,2.3914762,0.02757,-1,-1,-1,0,0,0,136,1,1,0,0.0000000,0.0000000,0.0000000,0,0,0,0
755678817470500 D 1557,1090644339,1000,1559,1559,2.3914762,0.02649,-1,-1,-1,0,0,0,136,1,1,0,0.0000000,0.0000000,0.0000000,0,0,0,0
755678818423250 D 1558,1090645339,1000,1559,1559,2.3914762,0.02545,-1,-1,-1,0,0,0,136,1,1,0,0.0000000,0.0000000,0.0000000,0,0,0,0
755678819260291 D 1559,1090646339,1000,1559,1559,2.3914762,0.02445,-1,-1,-1,0,0,0,136,1,1,0,0.0000000,0.0000000,0.0000000,0,0,0,0
755678820216708 D 1560,1090647339,1000,1559,1559,2.3914762,0.02349,-1,-1,-1,0,0,0,136,1,1,0,0.0000000,0.0000000,0.0000000,0,0,0,0
755678821256041 D 1561,1090648339,1000,1559,1559,2.3914762,0.02257,-1,-1,-1,0,0,0,136,1,1,0,0.0000000,0.0000000,0.0000000,0,0,0,0
755678822272166 D 1562,1090649339,1000,1558,1558,2.3899422,-0.03846,-1,-1,-1,0,0,0,136,1,1,0,0.0000000,0.0000000,0.0000000,0,0,0,0
755678823211958 D 1563,1090650339,1000,1559,1559,2.3914762,0.02320,-1,-1,-1,0,0,0,136,1,1,0,0.0000000,0.0000000,0.0000000,0,0,0,0
755678824221208 D 1564,1090651339,1000,1558,1558,2.3899422,-0.03786,-1,-1,-1,0,0,0,136,1,1,0,0.0000000,0.0000000,0.0000000,0,0,0,0
755678825662875 D 1565,1090652339,1000,1558,1558,2.3899422,-0.03638,39,128,2045,0,0,0,136,1,1,0,0.0000000,0.0000000,0.0000000,0,0,0,0
755678826326666 D 1566,1090653339,1000,1558,1558,2.3899422,-0.03495,-1,-1,-1,0,0,0,136,1,1,0,0.0000000,0.0000000,0.0000000,0,0,0,0
755678827243958 D 1567,1090654339,1000,1558,1558,2.3899422,-0.03358,-1,-1,-1,0,0,0,136,1,1,0,0.0000000,0.0000000,0.0000000,0,0,0,0
755678828220333 D 1568,1090655339,1000,1558,1558,2.3899422,-0.03226,-1,-1,-1,0,0,0,136,1,1,0,0.0000000,0.0000000,0.0000000,0,0,0,0
755678829217583 D 1569,1090656339,1000,1558,1558,2.3899422,-0.03100,-1,-1,-1,0,0,0,136,1,1,0,0.0000000,0.0000000,0.0000000,0,0,0,0
755678830213958 D 1570,1090657339,1000,1558,1558,2.3899422,-0.02978,-1,-1,-1,0,0,0,136,1,1,0,0.0000000,0.0000000,0.0000000,0,0,0,0
755678831223958 D 1571,1090658339,1000,1559,1559,2.3914762,0.03153,-1,-1,-1,0,0,0,136,1,1,0,0.0000000,0.0000000,0.0000000,0,0,0,0
755678832353291 D 1572,1090659339,1000,1558,1558,2.3899422,-0.02985,-1,-1,-1,0,0,0,136,1,1,0,0.0000000,0.0000000,0.0000000,0,0,0,0
755678833413500 D 1573,1090660339,1000,1558,1558,2.3899422,-0.02868,-1,-1,-1,0,0,0,136,1,1,0,0.0000000,0.0000000,0.0000000,0,0,0,0
755678834261166 D 1574,1090661339,1000,1558,1558,2.3899422,-0.02756,-1,-1,-1,0,0,0,136,1,1,0,0.0000000,0.0000000,0.0000000,0,0,0,0
755678835260791 D 1575,1090662339,1000,1558,1558,2.3899422,-0.02648,-1,-1,-1,0,0,0,136,1,1,0,0.0000000,0.0000000,0.0000000,0,0,0,0
755678836255500 D 1576,1090663339,1000,1558,1558,2.3899422,-0.02544,-1,-1,-1,0,0,0,136,1,1,0,0.0000000,0.0000000,0.0000000,0,0,0,0
755678837241666 D 1577,1090664339,1000,1558,1558,2.3899422,-0.02444,-1,-1,-1,0,0,0,136,1,1,0,0.0000000,0.0000000,0.0000000,0,0,0,0
755678838245250 D 1578,1090665339,1000,1558,1558,2.3899422,-0.02348,-1,-1,-1,0,0,0,136,1,1,0,0.0000000,0.0000000,0.0000000,0,0,0,0
755678839260083 D 1579,1090666339,1000,1558,1558,2.3899422,-0.02256,-1,-1,-1,0,0,0,136,1,1,0,0.0000000,0.0000000,0.0000000,0,0,0,0
755678840252500 D 1580,1090667339,1000,1558,1558,2.3899422,-0.02168,-1,-1,-1,0,0,0,136,1,1,0,0.0000000,0.0000000,0.0000000,0,0,0,0
755678841233333 D 1581,1090668339,1000,1558,1558,2.3899422,-0.02083,-1,-1,-1,0,0,0,136,1,1,0,0.0000000,0.0000000,0.0000000,0,0,0,0
755678842235833 D 1582,1090669339,1000,1558,1558,2.3899422,-0.02001,-1,-1,-1,0,0,0,136,1,1,0,0.0000000,0.0000000,0.0000000,0,0,0,0
755678843218333 D 1583,1090670339,1000,1558,1558,2.3899422,-0.01923,-1,-1,-1,0,0,0,136,1,1,0,0.0000000,0.0000000,0.0000000,0,0,0,0
755678844228583 D 1584,1090671339,1000,1558,1558,2.3899422,-0.01847,-1,-1,-1,0,0,0,136,1,1,0,0.0000000,0.0000000,0.0000000,0,0,0,0
755678845196500 D 1585,1090672339,1000,1558,1558,2.3899422,-0.01775,-1,-1,-1,0,0,0,136,1,1,0,0.0000000,0.0000000,0.0000000,0,0,0,0
755678846232125 D 1586,1090673339,1000,1558,1558,2.3899422,-0.01705,-1,-1,-1,0,0,0,136,1,1,0,0.0000000,0.0000000,0.0000000,0,0,0,0
755678847236875 D 1587,1090674339,1000,1558,1558,2.3899422,-0.01638,-1,-1,-1,0,0,0,136,1,1,0,0.0000000,0.0000000,0.0000000,0,0,0,0
755678848199125 D 1588,1090675339,1000,1558,1558,2.3899422,-0.01574,-1,-1,-1,0,0,0,136,1,1,0,0.0000000,0.0000000,0.0000000,0,0,0,0
755678849196000 D 1589,1090676339,1000,1558,1558,2.3899422,-0.01512,-1,-1,-1,0,0,0,136,1,1,0,0.0000000,0.0000000,0.0000000,0,0,0,0
755678850199250 D 1590,1090677339,1000,1558,1558,2.3899422,-0.01453,-1,-1,-1,0,0,0,136,1,1,0,0.0000000,0.0000000,0.0000000,0,0,0,0
755678851202625 D 1591,1090678339,1000,1558,1558,2.3899422,-0.01396,-1,-1,-1,0,0,0,136,1,1,0,0.0000000,0.0000000,0.0000000,0,0,0,0
755678852209125 D 1592,1090679339,1000,1558,1558,2.3899422,-0.01341,-1,-1,-1,0,0,0,136,1,1,0,0.0000000,0.0000000,0.0000000,0,0,0,0
755678853202083 D 1593,1090680339,1000,1558,1558,2.3899422,-0.01289,-1,-1,-1,0,0,0,136,1,1,0,0.0000000,0.0000000,0.0000000,0,0,0,0
755678854199333 D 1594,1090681339,1000,1559,1559,2.3914762,0.04777,-1,-1,-1,0,0,0,136,1,1,0,0.0000000,0.0000000,0.0000000,0,0,0,0
755678855198416 D 1595,1090682339,1000,1558,1558,2.3899422,-0.01425,-1,-1,-1,0,0,0,136,1,1,0,0.0000000,0.0000000,0.0000000,0,0,0,0
755678856217583 D 1596,1090683339,1000,1558,1558,2.3899422,-0.01370,-1,-1,-1,0,0,0,136,1,1,0,0.0000000,0.0000000,0.0000000,0,0,0,0
755678857211875 D 1597,1090684339,1000,1558,1558,2.3899422,-0.01316,-1,-1,-1,0,0,0,136,1,1,0,0.0000000,0.0000000,0.0000000,0,0,0,0
755678858442041 D 1598,1090685339,1000,1558,1558,2.3899422,-0.01264,-1,-1,-1,0,0,0,136,1,1,0,0.0000000,0.0000000,0.0000000,0,0,0,0
755678859486333 D 1599,1090686339,1000,1558,1558,2.3899422,-0.01215,-1,-1,-1,0,0,0,136,1,1,0,0.0000000,0.0000000,0.0000000,0,0,0,0
755678860380708 D 1600,1090687339,1000,1558,1558,2.3899422,-0.01167,-1,-1,-1,0,0,0,136,1,1,0,0.0000000,0.0000000,0.0000000,0,0,0,0
755678861211833 D 1601,1090688339,1000,1558,1558,2.3899422,-0.01121,-1,-1,-1,0,0,0,136,1,1,0,0.0000000,0.0000000,0.0000000,0,0,0,0
755678862206708 D 1602,1090689339,1000,1558,1558,2.3899422,-0.01077,-1,-1,-1,0,0,0,136,1,1,0,0.0000000,0.0000000,0.0000000,0,0,0,0
755678863208375 D 1603,1090690339,1000,1558,1558,2.3899422,-0.01035,-1,-1,-1,0,0,0,136,1,1,0,0.0000000,0.0000000,0.0000000,0,0,0,0
755678864210791 D 1604,1090691339,1000,1558,1558,2.3899422,-0.00995,-1,-1,-1,0,0,0,136,1,1,0,0.0000000,0.0000000,0.0000000,0,0,0,0
755678865200916 D 1605,1090692339,1000,1558,1558,2.3899422,-0.00956,-1,-1,-1,0,0,0,136,1,1,0,0.0000000,0.0000000,0.0000000,0,0,0,0
755678866201916 D 1606,1090693339,1000,1558,1558,2.3899422,-0.00918,-1,-1,-1,0,0,0,136,1,1,0,0.0000000,0.0000000,0.0000000,0,0,0,0
755678867194250 D 1607,1090694339,1000,1558,1558,2.3899422,-0.00882,-1,-1,-1,0,0,0,136,1,1,0,0.0000000,0.0000000,0.0000000,0,0,0,0
755678868194750 D 1608,1090695339,1000,1558,1558,2.3899422,-0.00847,-1,-1,-1,0,0,0,136,1,1,0,0.0000000,0.0000000,0.0000000,0,0,0,0
755678869192875 D 1609,1090696339,1000,1558,1558,2.3899422,-0.00814,-1,-1,-1,0,0,0,136,1,1,0,0.0000000,0.0000000,0.0000000,0,0,0,0
755678870183583 D 1610,1090697339,1000,1559,1559,2.3914762,0.05233,-1,-1,-1,0,0,0,136,1,1,0,0.0000000,0.0000000,0.0000000,0,0,0,0
755678871190500 D 1611,1090698339,1000,1559,1559,2.3914762,0.05027,-1,-1,-1,0,0,0,136,1,1,0,0.0000000,0.0000000,0.0000000,0,0,0,0
755678872224750 D 1612,1090699339,1000,1558,1558,2.3899422,-0.01185,-1,-1,-1,0,0,0,136,1,1,0,0.0000000,0.0000000,0.0000000,0,0,0,0
755678873232416 D 1613,1090700339,1000,1558,1558,2.3899422,-0.01138,-1,-1,-1,0,0,0,136,1,1,0,0.0000000,0.0000000,0.0000000,0,0,0,0
755678874213416 D 1614,1090701339,1000,1559,1559,2.3914762,0.04921,-1,-1,-1,0,0,0,136,1,1,0,0.0000000,0.0000000,0.0000000,0,0,0,0
755678875587208 D 1615,1090702339,1000,1559,1559,2.3914762,0.04728,39,128,2044,0,0,0,136,1,1,0,0.0000000,0.0000000,0.0000000,0,0,0,0
755678876243500 D 1616,1090703339,1000,1558,1558,2.3899422,-0.01472,-1,-1,-1,0,0,0,136,1,1,0,0.0000000,0.0000000,0.0000000,0,0,0,0
755678877285208 D 1617,1090704339,1000,1558,1558,2.3899422,-0.01414,-1,-1,-1,0,0,0,136,1,1,0,0.0000000,0.0000000,0.0000000,0,0,0,0
755678878258208 D 1618,1090705339,1000,1558,1558,2.3899422,-0.01359,-1,-1,-1,0,0,0,136,1,1,0,0.0000000,0.0000000,0.0000000,0,0,0,0
755678879224458 D 1619,1090706339,1000,1559,1559,2.3914762,0.04709,-1,-1,-1,0,0,0,136,1,1,0,0.0000000,0.0000000,0.0000000,0,0,0,0
755678880220291 D 1620,1090707339,1000,1559,1559,2.3914762,0.04525,-1,-1,-1,0,0,0,136,1,1,0,0.0000000,0.0000000,0.0000000,0,0,0,0
755678881268291 D 1621,1090708339,1000,1559,1559,2.3914762,0.04347,-1,-1,-1,0,0,0,136,1,1,0,0.0000000,0.0000000,0.0000000,0,0,0,0
755678882201916 D 1622,1090709339,1000,1559,1559,2.3914762,0.04177,-1,-1,-1,0,0,0,136,1,1,0,0.0000000,0.0000000,0.0000000,0,0,0,0
755678883270166 D 1623,1090710339,1000,1559,1559,2.3914762,0.04013,-1,-1,-1,0,0,0,136,1,1,0,0.0000000,0.0000000,0.0000000,0,0,0,0
755678884268791 D 1624,1090711339,1000,1559,1559,2.3914762,0.03856,-1,-1,-1,0,0,0,136,1,1,0,0.0000000,0.0000000,0.0000000,0,0,0,0
755678885284041 D 1625,1090712339,1000,1559,1559,2.3914762,0.03705,-1,-1,-1,0,0,0,136,1,1,0,0.0000000,0.0000000,0.0000000,0,0,0,0
755678886266750 D 1626,1090713339,1000,1559,1559,2.3914762,0.03559,-1,-1,-1,0,0,0,136,1,1,0,0.0000000,0.0000000,0.0000000,0,0,0,0
755678887230708 D 1627,1090714339,1000,1559,1559,2.3914762,0.03420,-1,-1,-1,0,0,0,136,1,1,0,0.0000000,0.0000000,0.0000000,0,0,0,0
755678888230750 D 1628,1090715339,1000,1559,1559,2.3914762,0.03286,-1,-1,-1,0,0,0,136,1,1,0,0.0000000,0.0000000,0.0000000,0,0,0,0
755678889201791 D 1629,1090716339,1000,1559,1559,2.3914762,0.03157,-1,-1,-1,0,0,0,136,1,1,0,0.0000000,0.0000000,0.0000000,0,0,0,0
755678890207250 D 1630,1090717339,1000,1559,1559,2.3914762,0.03033,-1,-1,-1,0,0,0,136,1,1,0,0.0000000,0.0000000,0.0000000,0,0,0,0
755678891420875 D 1631,1090718339,1000,1559,1559,2.3914762,0.02914,-1,-1,-1,0,0,0,136,1,1,0,0.0000000,0.0000000,0.0000000,0,0,0,0
755678892443291 D 1632,1090719339,1000,1558,1558,2.3899422,-0.03215,-1,-1,-1,0,0,0,136,1,1,0,0.0000000,0.0000000,0.0000000,0,0,0,0
755678893440125 D 1633,1090720339,1000,1558,1558,2.3899422,-0.03089,-1,-1,-1,0,0,0,136,1,1,0,0.0000000,0.0000000,0.0000000,0,0,0,0
755678894261833 D 1634,1090721339,1000,1559,1559,2.3914762,0.03047,-1,-1,-1,0,0,0,136,1,1,0,0.0000000,0.0000000,0.0000000,0,0,0,0
755678895185541 D 1635,1090722339,1000,1559,1559,2.3914762,0.02928,-1,-1,-1,0,0,0,136,1,1,0,0.0000000,0.0000000,0.0000000,0,0,0,0
755678896192833 D 1636,1090723339,1000,1559,1559,2.3914762,0.02813,-1,-1,-1,0,0,0,136,1,1,0,0.0000000,0.0000000,0.0000000,0,0,0,0
755678897184666 D 1637,1090724339,1000,1559,1559,2.3914762,0.02702,-1,-1,-1,0,0,0,135,1,1,0,0.0000000,0.0000000,0.0000000,0,0,0,0
755678898186333 D 1638,1090725339,1000,1559,1559,2.3914762,0.02596,-1,-1,-1,0,0,0,136,1,1,0,0.0000000,0.0000000,0.0000000,0,0,0,0
755678899194458 D 1639,1090726339,1000,1558,1558,2.3899422,-0.03520,-1,-1,-1,0,0,0,136,1,1,0,0.0000000,0.0000000,0.0000000,0,0,0,0
755678900182541 D 1640,1090727339,1000,1559,1559,2.3914762,0.02633,-1,-1,-1,0,0,0,136,1,1,0,0.0000000,0.0000000,0.0000000,0,0,0,0
755678901188833 D 1641,1090728339,1000,1558,1558,2.3899422,-0.03485,-1,-1,-1,0,0,0,136,1,1,0,0.0000000,0.0000000,0.0000000,0,0,0,0
755678902187666 D 1642,1090729339,1000,1559,1559,2.3914762,0.02666,-1,-1,-1,0,0,0,136,1,1,0,0.0000000,0.0000000,0.0000000,0,0,0,0
755678903230875 D 1643,1090730339,1000,1558,1558,2.3899422,-0.03453,-1,-1,-1,0,0,0,136,1,1,0,0.0000000,0.0000000,0.0000000,0,0,0,0
755678904224625 D 1644,1090731339,1000,1558,1558,2.3899422,-0.03318,-1,-1,-1,0,0,0,136,1,1,0,0.0000000,0.0000000,0.0000000,0,0,0,0
755678905195041 D 1645,1090732339,1000,1558,1558,2.3899422,-0.03188,-1,-1,-1,0,0,0,136,1,1,0,0.0000000,0.0000000,0.0000000,0,0,0,0
755678906190166 D 1646,1090733339,1000,1558,1558,2.3899422,-0.03063,-1,-1,-1,0,0,0,136,1,1,0,0.0000000,0.0000000,0.0000000,0,0,0,0
755678907193458 D 1647,1090734339,1000,1558,1558,2.3899422,-0.02943,-1,-1,-1,0,0,0,136,1,1,0,0.0000000,0.0000000,0.0000000,0,0,0,0
755678908191875 D 1648,1090735339,1000,1558,1558,2.3899422,-0.02827,-1,-1,-1,0,0,0,136,1,1,0,0.0000000,0.0000000,0.0000000,0,0,0,0
755678909201333 D 1649,1090736339,1000,1558,1558,2.3899422,-0.02716,-1,-1,-1,0,0,0,136,1,1,0,0.0000000,0.0000000,0.0000000,0,0,0,0
755678910182458 D 1650,1090737339,1000,1558,1558,2.3899422,-0.02610,-1,-1,-1,0,0,0,136,1,1,0,0.0000000,0.0000000,0.0000000,0,0,0,0
755678911193625 D 1651,1090738339,1000,1558,1558,2.3899422,-0.02508,-1,-1,-1,0,0,0,136,1,1,0,0.0000000,0.0000000,0.0000000,0,0,0,0
755678912183958 D 1652,1090739339,1000,1558,1558,2.3899422,-0.02409,-1,-1,-1,0,0,0,136,1,1,0,0.0000000,0.0000000,0.0000000,0,0,0,0
755678913185625 D 1653,1090740339,1000,1558,1558,2.3899422,-0.02315,-1,-1,-1,0,0,0,136,1,1,0,0.0000000,0.0000000,0.0000000,0,0,0,0
755678914184500 D 1654,1090741339,1000,1558,1558,2.3899422,-0.02224,-1,-1,-1,0,0,0,136,1,1,0,0.0000000,0.0000000,0.0000000,0,0,0,0
755678915188541 D 1655,1090742339,1000,1558,1558,2.3899422,-0.02137,-1,-1,-1,0,0,0,136,1,1,0,0.0000000,0.0000000,0.0000000,0,0,0,0
755678916180916 D 1656,1090743339,1000,1559,1559,2.3914762,0.03962,-1,-1,-1,0,0,0,136,1,1,0,0.0000000,0.0000000,0.0000000,0,0,0,0
755678917180000 D 1657,1090744339,1000,1558,1558,2.3899422,-0.02208,-1,-1,-1,0,0,0,136,1,1,0,0.0000000,0.0000000,0.0000000,0,0,0,0
755678918187166 D 1658,1090745339,1000,1558,1558,2.3899422,-0.02122,-1,-1,-1,0,0,0,136,1,1,0,0.0000000,0.0000000,0.0000000,0,0,0,0
755678919191250 D 1659,1090746339,1000,1559,1559,2.3914762,0.03976,-1,-1,-1,0,0,0,136,1,1,0,0.0000000,0.0000000,0.0000000,0,0,0,0
755678920190666 D 1660,1090747339,1000,1559,1559,2.3914762,0.03820,-1,-1,-1,0,0,0,136,1,1,0,0.0000000,0.0000000,0.0000000,0,0,0,0
755678921449875 D 1661,1090748339,1000,1559,1559,2.3914762,0.03671,-1,-1,-1,0,0,0,136,1,1,0,0.0000000,0.0000000,0.0000000,0,0,0,0
755678922426833 D 1662,1090749339,1000,1559,1559,2.3914762,0.03527,-1,-1,-1,0,0,0,136,1,1,0,0.0000000,0.0000000,0.0000000,0,0,0,0
755678923399833 D 1663,1090750339,1000,1559,1559,2.3914762,0.03388,-1,-1,-1,0,0,0,136,1,1,0,0.0000000,0.0000000,0.0000000,0,0,0,0
755678924199750 D 1664,1090751339,1000,1559,1559,2.3914762,0.03255,-1,-1,-1,0,0,0,136,1,1,0,0.0000000,0.0000000,0.0000000,0,0,0,0
755678925642000 D 1665,1090752339,1000,1558,1558,2.3899422,-0.02887,39,128,2047,0,0,0,136,1,1,0,0.0000000,0.0000000,0.0000000,0,0,0,0
755678926270250 D 1666,1090753339,1000,1558,1558,2.3899422,-0.02774,-1,-1,-1,0,0,0,136,1,1,0,0.0000000,0.0000000,0.0000000,0,0,0,0
755678927191166 D 1667,1090754339,1000,1558,1558,2.3899422,-0.02665,-1,-1,-1,0,0,0,136,1,1,0,0.0000000,0.0000000,0.0000000,0,0,0,0
755678928190958 D 1668,1090755339,1000,1558,1558,2.3899422,-0.02561,-1,-1,-1,0,0,0,136,1,1,0,0.0000000,0.0000000,0.0000000,0,0,0,0
755678929188791 D 1669,1090756339,1000,1558,1558,2.3899422,-0.02460,-1,-1,-1,0,0,0,136,1,1,0,0.0000000,0.0000000,0.0000000,0,0,0,0
755678930176750 D 1670,1090757339,1000,1559,1559,2.3914762,0.03651,-1,-1,-1,0,0,0,136,1,1,0,0.0000000,0.0000000,0.0000000,0,0,0,0
755678931191333 D 1671,1090758339,1000,1558,1558,2.3899422,-0.02507,-1,-1,-1,0,0,0,136,1,1,0,0.0000000,0.0000000,0.0000000,0,0,0,0
755678932192333 D 1672,1090759339,1000,1558,1558,2.3899422,-0.02409,-1,-1,-1,0,0,0,136,1,1,0,0.0000000,0.0000000,0.0000000,0,0,0,0
755678933186583 D 1673,1090760339,1000,1558,1558,2.3899422,-0.02314,-1,-1,-1,0,0,0,136,1,1,0,0.0000000,0.0000000,0.0000000,0,0,0,0
755678934223625 D 1674,1090761339,1000,1558,1558,2.3899422,-0.02223,-1,-1,-1,0,0,0,136,1,1,0,0.0000000,0.0000000,0.0000000,0,0,0,0
755678935217041 D 1675,1090762339,1000,1558,1558,2.3899422,-0.02136,-1,-1,-1,0,0,0,136,1,1,0,0.0000000,0.0000000,0.0000000,0,0,0,0
755678936194625 D 1676,1090763339,1000,1558,1558,2.3899422,-0.02052,-1,-1,-1,0,0,0,136,1,1,0,0.0000000,0.0000000,0.0000000,0,0,0,0
755678937192875 D 1677,1090764339,1000,1558,1558,2.3899422,-0.01972,-1,-1,-1,0,0,0,136,1,1,0,0.0000000,0.0000000,0.0000000,0,0,0,0
755678938189666 D 1678,1090765339,1000,1558,1558,2.3899422,-0.01895,-1,-1,-1,0,0,0,136,1,1,0,0.0000000,0.0000000,0.0000000,0,0,0,0
755678939183166 D 1679,1090766339,1000,1558,1558,2.3899422,-0.01820,-1,-1,-1,0,0,0,136,1,1,0,0.0000000,0.0000000,0.0000000,0,0,0,0
755678940184833 D 1680,1090767339,1000,1558,1558,2.3899422,-0.01749,-1,-1,-1,0,0,0,136,1,1,0,0.0000000,0.0000000,0.0000000,0,0,0,0
755678941196291 D 1681,1090768339,1000,1558,1558,2.3899422,-0.01680,-1,-1,-1,0,0,0,136,1,1,0,0.0000000,0.0000000,0.0000000,0,0,0,0
755678942198125 D 1682,1090769339,1000,1558,1558,2.3899422,-0.01614,-1,-1,-1,0,0,0,136,1,1,0,0.0000000,0.0000000,0.0000000,0,0,0,0
755678943208000 D 1683,1090770339,1000,1558,1558,2.3899422,-0.01551,-1,-1,-1,0,0,0,136,1,1,0,0.0000000,0.0000000,0.0000000,0,0,0,0
755678944190625 D 1684,1090771339,1000,1558,1558,2.3899422,-0.01490,-1,-1,-1,0,0,0,136,1,1,0,0.0000000,0.0000000,0.0000000,0,0,0,0
755678945188375 D 1685,1090772339,1000,1558,1558,2.3899422,-0.01432,-1,-1,-1,0,0,0,136,1,1,0,0.0000000,0.0000000,0.0000000,0,0,0,0
755678946191541 D 1686,1090773339,1000,1558,1558,2.3899422,-0.01376,-1,-1,-1,0,0,0,136,1,1,0,0.0000000,0.0000000,0.0000000,0,0,0,0
755678947211500 D 1687,1090774339,1000,1559,1559,2.3914762,0.04693,-1,-1,-1,0,0,0,136,1,1,0,0.0000000,0.0000000,0.0000000,0,0,0,0
755678948217083 D 1688,1090775339,1000,1558,1558,2.3899422,-0.01506,-1,-1,-1,0,0,0,136,1,1,0,0.0000000,0.0000000,0.0000000,0,0,0,0
755678949189291 D 1689,1090776339,1000,1559,1559,2.3914762,0.04568,-1,-1,-1,0,0,0,136,1,1,0,0.0000000,0.0000000,0.0000000,0,0,0,0
755678950201250 D 1690,1090777339,1000,1559,1559,2.3914762,0.04389,-1,-1,-1,0,0,0,136,1,1,0,0.0000000,0.0000000,0.0000000,0,0,0,0
755678951205041 D 1691,1090778339,1000,1559,1559,2.3914762,0.04217,-1,-1,-1,0,0,0,136,1,1,0,0.0000000,0.0000000,0.0000000,0,0,0,0
755678952186166 D 1692,1090779339,1000,1559,1559,2.3914762,0.04051,-1,-1,-1,0,0,0,136,1,1,0,0.0000000,0.0000000,0.0000000,0,0,0,0
755678953419000 D 1693,1090780339,1000,1559,1559,2.3914762,0.03893,-1,-1,-1,0,0,0,136,1,1,0,0.0000000,0.0000000,0.0000000,0,0,0,0
755678954406125 D 1694,1090781339,1000,1559,1559,2.3914762,0.03740,-1,-1,-1,0,0,0,136,1,1,0,0.0000000,0.0000000,0.0000000,0,0,0,0
755678955301458 D 1695,1090782339,1000,1559,1559,2.3914762,0.03593,-1,-1,-1,0,0,0,136,1,1,0,0.0000000,0.0000000,0.0000000,0,0,0,0
755678956184083 D 1696,1090783339,1000,1559,1559,2.3914762,0.03452,-1,-1,-1,0,0,0,136,1,1,0,0.0000000,0.0000000,0.0000000,0,0,0,0
755678957269083 D 1697,1090784339,1000,1559,1559,2.3914762,0.03317,-1,-1,-1,0,0,0,136,1,1,0,0.0000000,0.0000000,0.0000000,0,0,0,0
755678958278666 D 1698,1090785339,1000,1559,1559,2.3914762,0.03187,-1,-1,-1,0,0,0,136,1,1,0,0.0000000,0.0000000,0.0000000,0,0,0,0
755678959236958 D 1699,1090786339,1000,1559,1559,2.3914762,0.03062,-1,-1,-1,0,0,0,136,1,1,0,0.0000000,0.0000000,0.0000000,0,0,0,0
755678960204750 D 1700,1090787339,1000,1559,1559,2.3914762,0.02942,-1,-1,-1,0,0,0,136,1,1,0,0.0000000,0.0000000,0.0000000,0,0,0,0
755678961205625 D 1701,1090788339,1000,1559,1559,2.3914762,0.02827,-1,-1,-1,0,0,0,136,1,1,0,0.0000000,0.0000000,0.0000000,0,0,0,0
755678962195750 D 1702,1090789339,1000,1559,1559,2.3914762,0.02716,-1,-1,-1,0,0,0,136,1,1,0,0.0000000,0.0000000,0.0000000,0,0,0,0
755678963185833 D 1703,1090790339,1000,1559,1559,2.3914762,0.02609,-1,-1,-1,0,0,0,136,1,1,0,0.0000000,0.0000000,0.0000000,0,0,0,0
755678964193708 D 1704,1090791339,1000,1559,1559,2.3914762,0.02507,-1,-1,-1,0,0,0,136,1,1,0,0.0000000,0.0000000,0.0000000,0,0,0,0
755678965208416 D 1705,1090792339,1000,1559,1559,2.3914762,0.02409,-1,-1,-1,0,0,0,136,1,1,0,0.0000000,0.0000000,0.0000000,0,0,0,0
755678966280541 D 1706,1090793339,1000,1559,1559,2.3914762,0.02314,-1,-1,-1,0,0,0,136,1,1,0,0.0000000,0.0000000,0.0000000,0,0,0,0
755678967241500 D 1707,1090794339,1000,1559,1559,2.3914762,0.02223,-1,-1,-1,0,0,0,136,1,1,0,0.0000000,0.0000000,0.0000000,0,0,0,0
755678968207375 D 1708,1090795339,1000,1559,1559,2.3914762,0.02136,-1,-1,-1,0,0,0,136,1,1,0,0.0000000,0.0000000,0.0000000,0,0,0,0
755678969202250 D 1709,1090796339,1000,1558,1558,2.3899422,-0.03962,-1,-1,-1,0,0,0,136,1,1,0,0.0000000,0.0000000,0.0000000,0,0,0,0
755678970204916 D 1710,1090797339,1000,1558,1558,2.3899422,-0.03807,-1,-1,-1,0,0,0,136,1,1,0,0.0000000,0.0000000,0.0000000,0,0,0,0
755678971217125 D 1711,1090798339,1000,1558,1558,2.3899422,-0.03658,-1,-1,-1,0,0,0,136,1,1,0,0.0000000,0.0000000,0.0000000,0,0,0,0
755678972209583 D 1712,1090799339,1000,1558,1558,2.3899422,-0.03514,-1,-1,-1,0,0,0,136,1,1,0,0.0000000,0.0000000,0.0000000,0,0,0,0
755678973212500 D 1713,1090800339,1000,1558,1558,2.3899422,-0.03376,-1,-1,-1,0,0,0,136,1,1,0,0.0000000,0.0000000,0.0000000,0,0,0,0
755678974219833 D 1714,1090801339,1000,1558,1558,2.3899422,-0.03244,-1,-1,-1,0,0,0,136,1,1,0,0.0000000,0.0000000,0.0000000,0,0,0,0
755678975606875 D 1715,1090802339,1000,1558,1558,2.3899422,-0.03117,39,128,2044,0,0,0,136,1,1,0,0.0000000,0.0000000,0.0000000,0,0,0,0
755678976235291 D 1716,1090803339,1000,1558,1558,2.3899422,-0.02995,-1,-1,-1,0,0,0,136,1,1,0,0.0000000,0.0000000,0.0000000,0,0,0,0
755678977207666 D 1717,1090804339,1000,1558,1558,2.3899422,-0.02877,-1,-1,-1,0,0,0,136,1,1,0,0.0000000,0.0000000,0.0000000,0,0,0,0
755678978227958 D 1718,1090805339,1000,1558,1558,2.3899422,-0.02764,-1,-1,-1,0,0,0,136,1,1,0,0.0000000,0.0000000,0.0000000,0,0,0,0
755678979232791 D 1719,1090806339,1000,1558,1558,2.3899422,-0.02656,-1,-1,-1,0,0,0,136,1,1,0,0.0000000,0.0000000,0.0000000,0,0,0,0
755678980229458 D 1720,1090807339,1000,1558,1558,2.3899422,-0.02552,-1,-1,-1,0,0,0,136,1,1,0,0.0000000,0.0000000,0.0000000,0,0,0,0
755678981224208 D 1721,1090808339,1000,1558,1558,2.3899422,-0.02452,-1,-1,-1,0,0,0,135,1,1,0,0.0000000,0.0000000,0.0000000,0,0,0,0
755678982457416 D 1722,1090809339,1000,1558,1558,2.3899422,-0.02356,-1,-1,-1,0,0,0,136,1,1,0,0.0000000,0.0000000,0.0000000,0,0,0,0
755678983431291 D 1723,1090810339,1000,1558,1558,2.3899422,-0.02263,-1,-1,-1,0,0,0,136,1,1,0,0.0000000,0.0000000,0.0000000,0,0,0,0
755678984426708 D 1724,1090811339,1000,1558,1558,2.3899422,-0.02175,-1,-1,-1,0,0,0,136,1,1,0,0.0000000,0.0000000,0.0000000,0,0,0,0
755678985229416 D 1725,1090812339,1000,1558,1558,2.3899422,-0.02089,-1,-1,-1,0,0,0,136,1,1,0,0.0000000,0.0000000,0.0000000,0,0,0,0
755678986198875 D 1726,1090813339,1000,1558,1558,2.3899422,-0.02007,-1,-1,-1,0,0,0,136,1,1,0,0.0000000,0.0000000,0.0000000,0,0,0,0
755678987186083 D 1727,1090814339,1000,1558,1558,2.3899422,-0.01929,-1,-1,-1,0,0,0,136,1,1,0,0.0000000,0.0000000,0.0000000,0,0,0,0
755678988200166 D 1728,1090815339,1000,1558,1558,2.3899422,-0.01853,-1,-1,-1,0,0,0,135,1,1,0,0.0000000,0.0000000,0.0000000,0,0,0,0
755678989205166 D 1729,1090816339,1000,1558,1558,2.3899422,-0.01780,-1,-1,-1,0,0,0,136,1,1,0,0.0000000,0.0000000,0.0000000,0,0,0,0
755678990194458 D 1730,1090817339,1000,1558,1558,2.3899422,-0.01711,-1,-1,-1,0,0,0,136,1,1,0,0.0000000,0.0000000,0.0000000,0,0,0,0
755678991181875 D 1731,1090818339,1000,1558,1558,2.3899422,-0.01643,-1,-1,-1,0,0,0,136,1,1,0,0.0000000,0.0000000,0.0000000,0,0,0,0
755678992179791 D 1732,1090819339,1000,1559,1559,2.3914762,0.04436,-1,-1,-1,0,0,0,136,1,1,0,0.0000000,0.0000000,0.0000000,0,0,0,0
755678993178166 D 1733,1090820339,1000,1558,1558,2.3899422,-0.01753,-1,-1,-1,0,0,0,136,1,1,0,0.0000000,0.0000000,0.0000000,0,0,0,0
755678994182625 D 1734,1090821339,1000,1558,1558,2.3899422,-0.01684,-1,-1,-1,0,0,0,136,1,1,0,0.0000000,0.0000000,0.0000000,0,0,0,0
755678995173583 D 1735,1090822339,1000,1559,1559,2.3914762,0.04397,-1,-1,-1,0,0,0,136,1,1,0,0.0000000,0.0000000,0.0000000,0,0,0,0
755678996186166 D 1736,1090823339,1000,1559,1559,2.3914762,0.04224,-1,-1,-1,0,0,0,136,1,1,0,0.0000000,0.0000000,0.0000000,0,0,0,0
755678997200083 D 1737,1090824339,1000,1559,1559,2.3914762,0.04059,-1,-1,-1,0,0,0,136,1,1,0,0.0000000,0.0000000,0.0000000,0,0,0,0
755678998228083 D 1738,1090825339,1000,1559,1559,2.3914762,0.03899,-1,-1,-1,0,0,0,136,1,1,0,0.0000000,0.0000000,0.0000000,0,0,0,0
755678999189000 D 1739,1090826339,1000,1559,1559,2.3914762,0.03747,-1,-1,-1,0,0,0,136,1,1,0,0.0000000,0.0000000,0.0000000,0,0,0,0
755679000187625 D 1740,1090827339,1000,1559,1559,2.3914762,0.03600,-1,-1,-1,0,0,0,136,1,1,0,0.0000000,0.0000000,0.0000000,0,0,0,0
755679001189458 D 1741,1090828339,1000,1559,1559,2.3914762,0.03459,-1,-1,-1,0,0,0,136,1,1,0,0.0000000,0.0000000,0.0000000,0,0,0,0
755679002210083 D 1742,1090829339,1000,1559,1559,2.3914762,0.03323,-1,-1,-1,0,0,0,136,1,1,0,0.0000000,0.0000000,0.0000000,0,0,0,0
755679003185875 D 1743,1090830339,1000,1559,1559,2.3914762,0.03193,-1,-1,-1,0,0,0,136,1,1,0,0.0000000,0.0000000,0.0000000,0,0,0,0
755679004190041 D 1744,1090831339,1000,1559,1559,2.3914762,0.03067,-1,-1,-1,0,0,0,136,1,1,0,0.0000000,0.0000000,0.0000000,0,0,0,0
755679005196000 D 1745,1090832339,1000,1559,1559,2.3914762,0.02947,-1,-1,-1,0,0,0,136,1,1,0,0.0000000,0.0000000,0.0000000,0,0,0,0
755679006176541 D 1746,1090833339,1000,1559,1559,2.3914762,0.02832,-1,-1,-1,0,0,0,136,1,1,0,0.0000000,0.0000000,0.0000000,0,0,0,0
755679007182041 D 1747,1090834339,1000,1559,1559,2.3914762,0.02721,-1,-1,-1,0,0,0,136,1,1,0,0.0000000,0.0000000,0.0000000,0,0,0,0
755679008174791 D 1748,1090835339,1000,1559,1559,2.3914762,0.02614,-1,-1,-1,0,0,0,136,1,1,0,0.0000000,0.0000000,0.0000000,0,0,0,0
755679009197791 D 1749,1090836339,1000,1559,1559,2.3914762,0.02511,-1,-1,-1,0,0,0,135,1,1,0,0.0000000,0.0000000,0.0000000,0,0,0,0
755679010200958 D 1750,1090837339,1000,1559,1559,2.3914762,0.02413,-1,-1,-1,0,0,0,136,1,1,0,0.0000000,0.0000000,0.0000000,0,0,0,0
755679011182166 D 1751,1090838339,1000,1559,1559,2.3914762,0.02318,-1,-1,-1,0,0,0,136,1,1,0,0.0000000,0.0000000,0.0000000,0,0,0,0
755679012183708 D 1752,1090839339,1000,1559,1559,2.3914762,0.02227,-1,-1,-1,0,0,0,136,1,1,0,0.0000000,0.0000000,0.0000000,0,0,0,0
755679013236083 D 1753,1090840339,1000,1558,1558,2.3899422,-0.03875,-1,-1,-1,0,0,0,136,1,1,0,0.0000000,0.0000000,0.0000000,0,0,0,0
755679014228750 D 1754,1090841339,1000,1559,1559,2.3914762,0.02292,-1,-1,-1,0,0,0,136,1,1,0,0.0000000,0.0000000,0.0000000,0,0,0,0
755679015198666 D 1755,1090842339,1000,1559,1559,2.3914762,0.02202,-1,-1,-1,0,0,0,136,1,1,0,0.0000000,0.0000000,0.0000000,0,0,0,0
755679016192250 D 1756,1090843339,1000,1559,1559,2.3914762,0.02116,-1,-1,-1,0,0,0,136,1,1,0,0.0000000,0.0000000,0.0000000,0,0,0,0
755679017178916 D 1757,1090844339,1000,1559,1559,2.3914762,0.02033,-1,-1,-1,0,0,0,136,1,1,0,0.0000000,0.0000000,0.0000000,0,0,0,0
755679018404208 D 1758,1090845339,1000,1559,1559,2.3914762,0.01953,-1,-1,-1,0,0,0,136,1,1,0,0.0000000,0.0000000,0.0000000,0,0,0,0
755679019406833 D 1759,1090846339,1000,1559,1559,2.3914762,0.01877,-1,-1,-1,0,0,0,136,1,1,0,0.0000000,0.0000000,0.0000000,0,0,0,0
755679020358250 D 1760,1090847339,1000,1559,1559,2.3914762,0.01803,-1,-1,-1,0,0,0,136,1,1,0,0.0000000,0.0000000,0.0000000,0,0,0,0
755679021185833 D 1761,1090848339,1000,1559,1559,2.3914762,0.01732,-1,-1,-1,0,0,0,136,1,1,0,0.0000000,0.0000000,0.0000000,0,0,0,0
755679022186041 D 1762,1090849339,1000,1559,1559,2.3914762,0.01664,-1,-1,-1,0,0,0,136,1,1,0,0.0000000,0.0000000,0.0000000,0,0,0,0
755679023188875 D 1763,1090850339,1000,1558,1558,2.3899422,-0.04416,-1,-1,-1,0,0,0,136,1,1,0,0.0000000,0.0000000,0.0000000,0,0,0,0
755679024188708 D 1764,1090851339,1000,1559,1559,2.3914762,0.01772,-1,-1,-1,0,0,0,136,1,1,0,0.0000000,0.0000000,0.0000000,0,0,0,0
755679025627416 D 1765,1090852339,1000,1559,1559,2.3914762,0.01703,39,128,2042,0,0,0,136,1,1,0,0.0000000,0.0000000,0.0000000,0,0,0,0
755679026265333 D 1766,1090853339,1000,1559,1559,2.3914762,0.01636,-1,-1,-1,0,0,0,136,1,1,0,0.0000000,0.0000000,0.0000000,0,0,0,0
755679027230875 D 1767,1090854339,1000,1559,1559,2.3914762,0.01572,-1,-1,-1,0,0,0,136,1,1,0,0.0000000,0.0000000,0.0000000,0,0,0,0
755679028211291 D 1768,1090855339,1000,1559,1559,2.3914762,0.01510,-1,-1,-1,0,0,0,136,1,1,0,0.0000000,0.0000000,0.0000000,0,0,0,0
755679029233458 D 1769,1090856339,1000,1559,1559,2.3914762,0.01451,-1,-1,-1,0,0,0,136,1,1,0,0.0000000,0.0000000,0.0000000,0,0,0,0
755679030206875 D 1770,1090857339,1000,1559,1559,2.3914762,0.01394,-1,-1,-1,0,0,0,136,1,1,0,0.0000000,0.0000000,0.0000000,0,0,0,0
755679031188125 D 1771,1090858339,1000,1559,1559,2.3914762,0.01339,-1,-1,-1,0,0,0,136,1,1,0,0.0000000,0.0000000,0.0000000,0,0,0,0
755679032183250 D 1772,1090859339,1000,1559,1559,2.3914762,0.01287,-1,-1,-1,0,0,0,136,1,1,0,0.0000000,0.0000000,0.0000000,0,0,0,0
755679033189958 D 1773,1090860339,1000,1559,1559,2.3914762,0.01236,-1,-1,-1,0,0,0,136,1,1,0,0.0000000,0.0000000,0.0000000,0,0,0,0
755679034212583 D 1774,1090861339,1000,1559,1559,2.3914762,0.01188,-1,-1,-1,0,0,0,136,1,1,0,0.0000000,0.0000000,0.0000000,0,0,0,0
755679035234500 D 1775,1090862339,1000,1559,1559,2.3914762,0.01141,-1,-1,-1,0,0,0,136,1,1,0,0.0000000,0.0000000,0.0000000,0,0,0,0
755679036225166 D 1776,1090863339,1000,1559,1559,2.3914762,0.01097,-1,-1,-1,0,0,0,136,1,1,0,0.0000000,0.0000000,0.0000000,0,0,0,0
755679037229416 D 1777,1090864339,1000,1559,1559,2.3914762,0.01054,-1,-1,-1,0,0,0,135,1,1,0,0.0000000,0.0000000,0.0000000,0,0,0,0
755679038185916 D 1778,1090865339,1000,1559,1559,2.3914762,0.01012,-1,-1,-1,0,0,0,136,1,1,0,0.0000000,0.0000000,0.0000000,0,0,0,0
755679039183083 D 1779,1090866339,1000,1559,1559,2.3914762,0.00973,-1,-1,-1,0,0,0,136,1,1,0,0.0000000,0.0000000,0.0000000,0,0,0,0
755679040184958 D 1780,1090867339,1000,1559,1559,2.3914762,0.00934,-1,-1,-1,0,0,0,136,1,1,0,0.0000000,0.0000000,0.0000000,0,0,0,0
755679041219875 D 1781,1090868339,1000,1558,1558,2.3899422,-0.05117,-1,-1,-1,0,0,0,136,1,1,0,0.0000000,0.0000000,0.0000000,0,0,0,0
755679042216125 D 1782,1090869339,1000,1559,1559,2.3914762,0.01098,-1,-1,-1,0,0,0,136,1,1,0,0.0000000,0.0000000,0.0000000,0,0,0,0
755679043206375 D 1783,1090870339,1000,1559,1559,2.3914762,0.01055,-1,-1,-1,0,0,0,136,1,1,0,0.0000000,0.0000000,0.0000000,0,0,0,0
755679044200916 D 1784,1090871339,1000,1559,1559,2.3914762,0.01014,-1,-1,-1,0,0,0,136,1,1,0,0.0000000,0.0000000,0.0000000,0,0,0,0
755679045420291 D 1785,1090872339,1000,1559,1559,2.3914762,0.00974,-1,-1,-1,0,0,0,136,1,1,0,0.0000000,0.0000000,0.0000000,0,0,0,0
755679046428500 D 1786,1090873339,1000,1559,1559,2.3914762,0.00936,-1,-1,-1,0,0,0,136,1,1,0,0.0000000,0.0000000,0.0000000,0,0,0,0
755679047452875 D 1787,1090874339,1000,1558,1558,2.3899422,-0.05115,-1,-1,-1,0,0,0,136,1,1,0,0.0000000,0.0000000,0.0000000,0,0,0,0
755679048299416 D 1788,1090875339,1000,1558,1558,2.3899422,-0.04915,-1,-1,-1,0,0,0,136,1,1,0,0.0000000,0.0000000,0.0000000,0,0,0,0
755679049198875 D 1789,1090876339,1000,1558,1558,2.3899422,-0.04722,-1,-1,-1,0,0,0,136,1,1,0,0.0000000,0.0000000,0.0000000,0,0,0,0
755679050207750 D 1790,1090877339,1000,1559,1559,2.3914762,0.01478,-1,-1,-1,0,0,0,136,1,1,0,0.0000000,0.0000000,0.0000000,0,0,0,0
755679051195041 D 1791,1090878339,1000,1558,1558,2.3899422,-0.04595,-1,-1,-1,0,0,0,136,1,1,0,0.0000000,0.0000000,0.0000000,0,0,0,0
755679052195625 D 1792,1090879339,1000,1559,1559,2.3914762,0.01600,-1,-1,-1,0,0,0,136,1,1,0,0.0000000,0.0000000,0.0000000,0,0,0,0
755679053207500 D 1793,1090880339,1000,1559,1559,2.3914762,0.01537,-1,-1,-1,0,0,0,136,1,1,0,0.0000000,0.0000000,0.0000000,0,0,0,0
755679054191750 D 1794,1090881339,1000,1558,1558,2.3899422,-0.04538,-1,-1,-1,0,0,0,136,1,1,0,0.0000000,0.0000000,0.0000000,0,0,0,0
755679055195208 D 1795,1090882339,1000,1558,1558,2.3899422,-0.04360,-1,-1,-1,0,0,0,136,1,1,0,0.0000000,0.0000000,0.0000000,0,0,0,0
755679056216916 D 1796,1090883339,1000,1558,1558,2.3899422,-0.04189,-1,-1,-1,0,0,0,136,1,1,0,0.0000000,0.0000000,0.0000000,0,0,0,0
755679057210250 D 1797,1090884339,1000,1559,1559,2.3914762,0.01990,-1,-1,-1,0,0,0,136,1,1,0,0.0000000,0.0000000,0.0000000,0,0,0,0
755679058188125 D 1798,1090885339,1000,1558,1558,2.3899422,-0.04103,-1,-1,-1,0,0,0,136,1,1,0,0.0000000,0.0000000,0.0000000,0,0,0,0
755679059206208 D 1799,1090886339,1000,1558,1558,2.3899422,-0.03942,-1,-1,-1,0,0,0,136,1,1,0,0.0000000,0.0000000,0.0000000,0,0,0,0
755679060252375 D 1800,1090887339,1000,1558,1558,2.3899422,-0.03787,-1,-1,-1,0,0,0,136,1,1,0,0.0000000,0.0000000,0.0000000,0,0,0,0
755679061210083 D 1801,1090888339,1000,1558,1558,2.3899422,-0.03639,-1,-1,-1,0,0,0,136,1,1,0,0.0000000,0.0000000,0.0000000,0,0,0,0
755679062319750 D 1802,1090889339,1000,1558,1558,2.3899422,-0.03496,-1,-1,-1,0,0,0,136,1,1,0,0.0000000,0.0000000,0.0000000,0,0,0,0
755679063291083 D 1803,1090890339,1000,1559,1559,2.3914762,0.02656,-1,-1,-1,0,0,0,136,1,1,0,0.0000000,0.0000000,0.0000000,0,0,0,0
755679064251708 D 1804,1090891339,1000,1558,1558,2.3899422,-0.03463,-1,-1,-1,0,0,0,136,1,1,0,0.0000000,0.0000000,0.0000000,0,0,0,0
755679065232000 D 1805,1090892339,1000,1558,1558,2.3899422,-0.03327,-1,-1,-1,0,0,0,136,1,1,0,0.0000000,0.0000000,0.0000000,0,0,0,0
755679066214583 D 1806,1090893339,1000,1558,1558,2.3899422,-0.03197,-1,-1,-1,0,0,0,136,1,1,0,0.0000000,0.0000000,0.0000000,0,0,0,0
755679067210041 D 1807,1090894339,1000,1559,1559,2.3914762,0.02943,-1,-1,-1,0,0,0,136,1,1,0,0.0000000,0.0000000,0.0000000,0,0,0,0
755679068220833 D 1808,1090895339,1000,1558,1558,2.3899422,-0.03187,-1,-1,-1,0,0,0,136,1,1,0,0.0000000,0.0000000,0.0000000,0,0,0,0
755679069211000 D 1809,1090896339,1000,1558,1558,2.3899422,-0.03062,-1,-1,-1,0,0,0,136,1,1,0,0.0000000,0.0000000,0.0000000,0,0,0,0
755679070208291 D 1810,1090897339,1000,1559,1559,2.3914762,0.03073,-1,-1,-1,0,0,0,136,1,1,0,0.0000000,0.0000000,0.0000000,0,0,0,0
755679071211500 D 1811,1090898339,1000,1558,1558,2.3899422,-0.03062,-1,-1,-1,0,0,0,136,1,1,0,0.0000000,0.0000000,0.0000000,0,0,0,0
755679072224500 D 1812,1090899339,1000,1559,1559,2.3914762,0.03072,-1,-1,-1,0,0,0,136,1,1,0,0.0000000,0.0000000,0.0000000,0,0,0,0
755679073230791 D 1813,1090900339,1000,1559,1559,2.3914762,0.02952,-1,-1,-1,0,0,0,136,1,1,0,0.0000000,0.0000000,0.0000000,0,0,0,0
755679074242083 D 1814,1090901339,1000,1559,1559,2.3914762,0.02836,-1,-1,-1,0,0,0,136,1,1,0,0.0000000,0.0000000,0.0000000,0,0,0,0
755679075627458 D 1815,1090902339,1000,1559,1559,2.3914762,0.02725,39,128,2043,0,0,0,136,1,1,0,0.0000000,0.0000000,0.0000000,0,0,0,0
755679076256791 D 1816,1090903339,1000,1558,1558,2.3899422,-0.03397,-1,-1,-1,0,0,0,136,1,1,0,0.0000000,0.0000000,0.0000000,0,0,0,0
755679077448125 D 1817,1090904339,1000,1559,1559,2.3914762,0.02751,-1,-1,-1,0,0,0,136,1,1,0,0.0000000,0.0000000,0.0000000,0,0,0,0
755679078440458 D 1818,1090905339,1000,1559,1559,2.3914762,0.02644,-1,-1,-1,0,0,0,136,1,1,0,0.0000000,0.0000000,0.0000000,0,0,0,0
755679079505250 D 1819,1090906339,1000,1559,1559,2.3914762,0.02540,-1,-1,-1,0,0,0,135,1,1,0,0.0000000,0.0000000,0.0000000,0,0,0,0
755679080323291 D 1820,1090907339,1000,1558,1558,2.3899422,-0.03575,-1,-1,-1,0,0,0,136,1,1,0,0.0000000,0.0000000,0.0000000,0,0,0,0
755679081348083 D 1821,1090908339,1000,1558,1558,2.3899422,-0.03434,-1,-1,-1,0,0,0,136,1,1,0,0.0000000,0.0000000,0.0000000,0,0,0,0
755679082271958 D 1822,1090909339,1000,1558,1558,2.3899422,-0.03300,-1,-1,-1,0,0,0,136,1,1,0,0.0000000,0.0000000,0.0000000,0,0,0,0
755679083218750 D 1823,1090910339,1000,1559,1559,2.3914762,0.02844,-1,-1,-1,0,0,0,136,1,1,0,0.0000000,0.0000000,0.0000000,0,0,0,0
755679084208375 D 1824,1090911339,1000,1559,1559,2.3914762,0.02733,-1,-1,-1,0,0,0,136,1,1,0,0.0000000,0.0000000,0.0000000,0,0,0,0
755679085207500 D 1825,1090912339,1000,1559,1559,2.3914762,0.02626,-1,-1,-1,0,0,0,136,1,1,0,0.0000000,0.0000000,0.0000000,0,0,0,0
755679086206500 D 1826,1090913339,1000,1559,1559,2.3914762,0.02523,-1,-1,-1,0,0,0,136,1,1,0,0.0000000,0.0000000,0.0000000,0,0,0,0
755679087259458 D 1827,1090914339,1000,1559,1559,2.3914762,0.02424,-1,-1,-1,0,0,0,136,1,1,0,0.0000000,0.0000000,0.0000000,0,0,0,0
755679088635333 D 1828,1090915339,1000,1559,1559,2.3914762,0.02329,-1,-1,-1,0,0,0,136,1,1,0,0.0000000,0.0000000,0.0000000,0,0,0,0
755679089290833 D 1829,1090916339,1000,1559,1559,2.3914762,0.02238,-1,-1,-1,0,0,0,136,1,1,0,0.0000000,0.0000000,0.0000000,0,0,0,0
755679090242375 D 1830,1090917339,1000,1559,1559,2.3914762,0.02150,-1,-1,-1,0,0,0,136,1,1,0,0.0000000,0.0000000,0.0000000,0,0,0,0
755679091222958 D 1831,1090918339,1000,1559,1559,2.3914762,0.02066,-1,-1,-1,0,0,0,136,1,1,0,0.0000000,0.0000000,0.0000000,0,0,0,0
755679092235666 D 1832,1090919339,1000,1559,1559,2.3914762,0.01985,-1,-1,-1,0,0,0,136,1,1,0,0.0000000,0.0000000,0.0000000,0,0,0,0
755679093268750 D 1833,1090920339,1000,1559,1559,2.3914762,0.01907,-1,-1,-1,0,0,0,136,1,1,0,0.0000000,0.0000000,0.0000000,0,0,0,0
755679094247833 D 1834,1090921339,1000,1559,1559,2.3914762,0.01832,-1,-1,-1,0,0,0,136,1,1,0,0.0000000,0.0000000,0.0000000,0,0,0,0
755679095211875 D 1835,1090922339,1000,1559,1559,2.3914762,0.01760,-1,-1,-1,0,0,0,136,1,1,0,0.0000000,0.0000000,0.0000000,0,0,0,0
755679096207041 D 1836,1090923339,1000,1559,1559,2.3914762,0.01691,-1,-1,-1,0,0,0,136,1,1,0,0.0000000,0.0000000,0.0000000,0,0,0,0
755679097235583 D 1837,1090924339,1000,1559,1559,2.3914762,0.01625,-1,-1,-1,0,0,0,136,1,1,0,0.0000000,0.0000000,0.0000000,0,0,0,0
755679098208250 D 1838,1090925339,1000,1559,1559,2.3914762,0.01561,-1,-1,-1,0,0,0,136,1,1,0,0.0000000,0.0000000,0.0000000,0,0,0,0
755679099210500 D 1839,1090926339,1000,1559,1559,2.3914762,0.01500,-1,-1,-1,0,0,0,136,1,1,0,0.0000000,0.0000000,0.0000000,0,0,0,0
755679100196500 D 1840,1090927339,1000,1559,1559,2.3914762,0.01441,-1,-1,-1,0,0,0,136,1,1,0,0.0000000,0.0000000,0.0000000,0,0,0,0
755679101193708 D 1841,1090928339,1000,1559,1559,2.3914762,0.01385,-1,-1,-1,0,0,0,136,1,1,0,0.0000000,0.0000000,0.0000000,0,0,0,0
755679102211625 D 1842,1090929339,1000,1559,1559,2.3914762,0.01330,-1,-1,-1,0,0,0,136,1,1,0,0.0000000,0.0000000,0.0000000,0,0,0,0
755679103246500 D 1843,1090930339,1000,1559,1559,2.3914762,0.01278,-1,-1,-1,0,0,0,136,1,1,0,0.0000000,0.0000000,0.0000000,0,0,0,0
755679104258041 D 1844,1090931339,1000,1559,1559,2.3914762,0.01228,-1,-1,-1,0,0,0,136,1,1,0,0.0000000,0.0000000,0.0000000,0,0,0,0
755679105266750 D 1845,1090932339,1000,1559,1559,2.3914762,0.01180,-1,-1,-1,0,0,0,136,1,1,0,0.0000000,0.0000000,0.0000000,0,0,0,0
755679106279333 D 1846,1090933339,1000,1559,1559,2.3914762,0.01134,-1,-1,-1,0,0,0,136,1,1,0,0.0000000,0.0000000,0.0000000,0,0,0,0
755679107305500 D 1847,1090934339,1000,1558,1558,2.3899422,-0.04926,-1,-1,-1,0,0,0,136,1,1,0,0.0000000,0.0000000,0.0000000,0,0,0,0
755679108238666 D 1848,1090935339,1000,1559,1559,2.3914762,0.01282,-1,-1,-1,0,0,0,136,1,1,0,0.0000000,0.0000000,0.0000000,0,0,0,0
755679109196208 D 1849,1090936339,1000,1559,1559,2.3914762,0.01232,-1,-1,-1,0,0,0,136,1,1,0,0.0000000,0.0000000,0.0000000,0,0,0,0
755679110251750 D 1850,1090937339,1000,1558,1558,2.3899422,-0.04831,-1,-1,-1,0,0,0,136,1,1,0,0.0000000,0.0000000,0.0000000,0,0,0,0
755679111227833 D 1851,1090938339,1000,1559,1559,2.3914762,0.01373,-1,-1,-1,0,0,0,136,1,1,0,0.0000000,0.0000000,0.0000000,0,0,0,0
755679112226333 D 1852,1090939339,1000,1558,1558,2.3899422,-0.04696,-1,-1,-1,0,0,0,136,1,1,0,0.0000000,0.0000000,0.0000000,0,0,0,0
755679113219166 D 1853,1090940339,1000,1558,1558,2.3899422,-0.04511,-1,-1,-1,0,0,0,136,1,1,0,0.0000000,0.0000000,0.0000000,0,0,0,0
755679114260875 D 1854,1090941339,1000,1558,1558,2.3899422,-0.04335,-1,-1,-1,0,0,0,136,1,1,0,0.0000000,0.0000000,0.0000000,0,0,0,0
755679115213083 D 1855,1090942339,1000,1558,1558,2.3899422,-0.04165,-1,-1,-1,0,0,0,136,1,1,0,0.0000000,0.0000000,0.0000000,0,0,0,0
755679116207791 D 1856,1090943339,1000,1559,1559,2.3914762,0.02014,-1,-1,-1,0,0,0,136,1,1,0,0.0000000,0.0000000,0.0000000,0,0,0,0
755679117460416 D 1857,1090944339,1000,1558,1558,2.3899422,-0.04080,-1,-1,-1,0,0,0,136,1,1,0,0.0000000,0.0000000,0.0000000,0,0,0,0
755679118431875 D 1858,1090945339,1000,1558,1558,2.3899422,-0.03920,-1,-1,-1,0,0,0,136,1,1,0,0.0000000,0.0000000,0.0000000,0,0,0,0
755679119406541 D 1859,1090946339,1000,1558,1558,2.3899422,-0.03767,-1,-1,-1,0,0,0,136,1,1,0,0.0000000,0.0000000,0.0000000,0,0,0,0
755679120225958 D 1860,1090947339,1000,1558,1558,2.3899422,-0.03619,-1,-1,-1,0,0,0,136,1,1,0,0.0000000,0.0000000,0.0000000,0,0,0,0
755679121238583 D 1861,1090948339,1000,1558,1558,2.3899422,-0.03477,-1,-1,-1,0,0,0,136,1,1,0,0.0000000,0.0000000,0.0000000,0,0,0,0
755679122233625 D 1862,1090949339,1000,1559,1559,2.3914762,0.02674,-1,-1,-1,0,0,0,136,1,1,0,0.0000000,0.0000000,0.0000000,0,0,0,0
755679123240541 D 1863,1090950339,1000,1559,1559,2.3914762,0.02569,-1,-1,-1,0,0,0,136,1,1,0,0.0000000,0.0000000,0.0000000,0,0,0,0
755679124215583 D 1864,1090951339,1000,1558,1558,2.3899422,-0.03546,-1,-1,-1,0,0,0,136,1,1,0,0.0000000,0.0000000,0.0000000,0,0,0,0
755679125597625 D 1865,1090952339,1000,1559,1559,2.3914762,0.02608,39,128,2043,0,0,0,136,1,1,0,0.0000000,0.0000000,0.0000000,0,0,0,0
755679126236125 D 1866,1090953339,1000,1558,1558,2.3899422,-0.03509,-1,-1,-1,0,0,0,136,1,1,0,0.0000000,0.0000000,0.0000000,0,0,0,0
755679127220666 D 1867,1090954339,1000,1559,1559,2.3914762,0.02643,-1,-1,-1,0,0,0,136,1,1,0,0.0000000,0.0000000,0.0000000,0,0,0,0
755679128201000 D 1868,1090955339,1000,1559,1559,2.3914762,0.02539,-1,-1,-1,0,0,0,136,1,1,0,0.0000000,0.0000000,0.0000000,0,0,0,0
755679129249458 D 1869,1090956339,1000,1558,1558,2.3899422,-0.03575,-1,-1,-1,0,0,0,136,1,1,0,0.0000000,0.0000000,0.0000000,0,0,0,0
755679130207125 D 1870,1090957339,1000,1558,1558,2.3899422,-0.03435,-1,-1,-1,0,0,0,136,1,1,0,0.0000000,0.0000000,0.0000000,0,0,0,0
755679131198833 D 1871,1090958339,1000,1558,1558,2.3899422,-0.03300,-1,-1,-1,0,0,0,136,1,1,0,0.0000000,0.0000000,0.0000000,0,0,0,0
755679132204208 D 1872,1090959339,1000,1559,1559,2.3914762,0.02844,-1,-1,-1,0,0,0,136,1,1,0,0.0000000,0.0000000,0.0000000,0,0,0,0
755679133204416 D 1873,1090960339,1000,1558,1558,2.3899422,-0.03282,-1,-1,-1,0,0,0,136,1,1,0,0.0000000,0.0000000,0.0000000,0,0,0,0
755679134199708 D 1874,1090961339,1000,1559,1559,2.3914762,0.02861,-1,-1,-1,0,0,0,136,1,1,0,0.0000000,0.0000000,0.0000000,0,0,0,0
755679135267000 D 1875,1090962339,1000,1559,1559,2.3914762,0.02749,-1,-1,-1,0,0,0,136,1,1,0,0.0000000,0.0000000,0.0000000,0,0,0,0
755679136217458 D 1876,1090963339,1000,1559,1559,2.3914762,0.02641,-1,-1,-1,0,0,0,136,1,1,0,0.0000000,0.0000000,0.0000000,0,0,0,0
755679137224250 D 1877,1090964339,1000,1559,1559,2.3914762,0.02538,-1,-1,-1,0,0,0,136,1,1,0,0.0000000,0.0000000,0.0000000,0,0,0,0
755679138234791 D 1878,1090965339,1000,1559,1559,2.3914762,0.02438,-1,-1,-1,0,0,0,136,1,1,0,0.0000000,0.0000000,0.0000000,0,0,0,0
755679139215625 D 1879,1090966339,1000,1559,1559,2.3914762,0.02343,-1,-1,-1,0,0,0,136,1,1,0,0.0000000,0.0000000,0.0000000,0,0,0,0
755679140202750 D 1880,1090967339,1000,1559,1559,2.3914762,0.02251,-1,-1,-1,0,0,0,136,1,1,0,0.0000000,0.0000000,0.0000000,0,0,0,0
755679141211333 D 1881,1090968339,1000,1559,1559,2.3914762,0.02162,-1,-1,-1,0,0,0,136,1,1,0,0.0000000,0.0000000,0.0000000,0,0,0,0
755679142202750 D 1882,1090969339,1000,1559,1559,2.3914762,0.02078,-1,-1,-1,0,0,0,136,1,1,0,0.0000000,0.0000000,0.0000000,0,0,0,0
755679143191833 D 1883,1090970339,1000,1559,1559,2.3914762,0.01996,-1,-1,-1,0,0,0,136,1,1,0,0.0000000,0.0000000,0.0000000,0,0,0,0
755679144222958 D 1884,1090971339,1000,1558,1558,2.3899422,-0.04097,-1,-1,-1,0,0,0,136,1,1,0,0.0000000,0.0000000,0.0000000,0,0,0,0
755679145249750 D 1885,1090972339,1000,1559,1559,2.3914762,0.02079,-1,-1,-1,0,0,0,136,1,1,0,0.0000000,0.0000000,0.0000000,0,0,0,0
755679146439708 D 1886,1090973339,1000,1558,1558,2.3899422,-0.04018,-1,-1,-1,0,0,0,136,1,1,0,0.0000000,0.0000000,0.0000000,0,0,0,0
755679147436708 D 1887,1090974339,1000,1559,1559,2.3914762,0.02155,-1,-1,-1,0,0,0,136,1,1,0,0.0000000,0.0000000,0.0000000,0,0,0,0
755679148500833 D 1888,1090975339,1000,1559,1559,2.3914762,0.02070,-1,-1,-1,0,0,0,136,1,1,0,0.0000000,0.0000000,0.0000000,0,0,0,0
755679149258958 D 1889,1090976339,1000,1559,1559,2.3914762,0.01989,-1,-1,-1,0,0,0,136,1,1,0,0.0000000,0.0000000,0.0000000,0,0,0,0
755679150230583 D 1890,1090977339,1000,1558,1558,2.3899422,-0.04104,-1,-1,-1,0,0,0,136,1,1,0,0.0000000,0.0000000,0.0000000,0,0,0,0
755679151267833 D 1891,1090978339,1000,1558,1558,2.3899422,-0.03943,-1,-1,-1,0,0,0,136,1,1,0,0.0000000,0.0000000,0.0000000,0,0,0,0
755679152208708 D 1892,1090979339,1000,1559,1559,2.3914762,0.02227,-1,-1,-1,0,0,0,136,1,1,0,0.0000000,0.0000000,0.0000000,0,0,0,0
755679153234541 D 1893,1090980339,1000,1558,1558,2.3899422,-0.03876,-1,-1,-1,0,0,0,136,1,1,0,0.0000000,0.0000000,0.0000000,0,0,0,0
755679154295791 D 1894,1090981339,1000,1558,1558,2.3899422,-0.03724,-1,-1,-1,0,0,0,136,1,1,0,0.0000000,0.0000000,0.0000000,0,0,0,0
755679155211750 D 1895,1090982339,1000,1559,1559,2.3914762,0.02437,-1,-1,-1,0,0,0,136,1,1,0,0.0000000,0.0000000,0.0000000,0,0,0,0
755679156237791 D 1896,1090983339,1000,1558,1558,2.3899422,-0.03673,-1,-1,-1,0,0,0,136,1,1,0,0.0000000,0.0000000,0.0000000,0,0,0,0
755679157195916 D 1897,1090984339,1000,1558,1558,2.3899422,-0.03529,-1,-1,-1,0,0,0,136,1,1,0,0.0000000,0.0000000,0.0000000,0,0,0,0
755679158214000 D 1898,1090985339,1000,1559,1559,2.3914762,0.02624,-1,-1,-1,0,0,0,136,1,1,0,0.0000000,0.0000000,0.0000000,0,0,0,0
755679159187416 D 1899,1090986339,1000,1559,1559,2.3914762,0.02521,-1,-1,-1,0,0,0,136,1,1,0,0.0000000,0.0000000,0.0000000,0,0,0,0
755679160208875 D 1900,1090987339,1000,1559,1559,2.3914762,0.02422,-1,-1,-1,0,0,0,136,1,1,0,0.0000000,0.0000000,0.0000000,0,0,0,0
755679161203333 D 1901,1090988339,1000,1559,1559,2.3914762,0.02327,-1,-1,-1,0,0,0,136,1,1,0,0.0000000,0.0000000,0.0000000,0,0,0,0
755679162189916 D 1902,1090989339,1000,1559,1559,2.3914762,0.02236,-1,-1,-1,0,0,0,136,1,1,0,0.0000000,0.0000000,0.0000000,0,0,0,0
755679163185833 D 1903,1090990339,1000,1559,1559,2.3914762,0.02148,-1,-1,-1,0,0,0,136,1,1,0,0.0000000,0.0000000,0.0000000,0,0,0,0
755679164199208 D 1904,1090991339,1000,1559,1559,2.3914762,0.02064,-1,-1,-1,0,0,0,136,1,1,0,0.0000000,0.0000000,0.0000000,0,0,0,0
755679165179250 D 1905,1090992339,1000,1558,1558,2.3899422,-0.04032,-1,-1,-1,0,0,0,136,1,1,0,0.0000000,0.0000000,0.0000000,0,0,0,0
755679166187708 D 1906,1090993339,1000,1559,1559,2.3914762,0.02141,-1,-1,-1,0,0,0,136,1,1,0,0.0000000,0.0000000,0.0000000,0,0,0,0
755679167190250 D 1907,1090994340,1001,1559,1559,2.3914762,0.02057,-1,-1,-1,0,0,0,136,1,1,0,0.0000000,0.0000000,0.0000000,0,0,0,0
755679168229708 D 1908,1090995339,999,1559,1559,2.3914762,0.01977,-1,-1,-1,0,0,0,136,1,1,0,0.0000000,0.0000000,0.0000000,0,0,0,0
755679169281375 D 1909,1090996339,1000,1559,1559,2.3914762,0.01899,-1,-1,-1,0,0,0,136,1,1,0,0.0000000,0.0000000,0.0000000,0,0,0,0
755679170247458 D 1910,1090997339,1000,1559,1559,2.3914762,0.01825,-1,-1,-1,0,0,0,136,1,1,0,0.0000000,0.0000000,0.0000000,0,0,0,0
755679171236500 D 1911,1090998339,1000,1558,1558,2.3899422,-0.04262,-1,-1,-1,0,0,0,136,1,1,0,0.0000000,0.0000000,0.0000000,0,0,0,0
755679172200625 D 1912,1090999339,1000,1559,1559,2.3914762,0.01920,-1,-1,-1,0,0,0,136,1,1,0,0.0000000,0.0000000,0.0000000,0,0,0,0
755679173237875 D 1913,1091000339,1000,1559,1559,2.3914762,0.01845,-1,-1,-1,0,0,0,136,1,1,0,0.0000000,0.0000000,0.0000000,0,0,0,0
755679174229958 D 1914,1091001339,1000,1559,1559,2.3914762,0.01773,-1,-1,-1,0,0,0,136,1,1,0,0.0000000,0.0000000,0.0000000,0,0,0,0
755679175640875 D 1915,1091002339,1000,1559,1559,2.3914762,0.01703,39,128,2044,0,0,0,136,1,1,0,0.0000000,0.0000000,0.0000000,0,0,0,0
755679176281000 D 1916,1091003339,1000,1559,1559,2.3914762,0.01636,-1,-1,-1,0,0,0,136,1,1,0,0.0000000,0.0000000,0.0000000,0,0,0,0
755679177209083 D 1917,1091004339,1000,1559,1559,2.3914762,0.01572,-1,-1,-1,0,0,0,136,1,1,0,0.0000000,0.0000000,0.0000000,0,0,0,0
755679178195125 D 1918,1091005339,1000,1559,1559,2.3914762,0.01511,-1,-1,-1,0,0,0,136,1,1,0,0.0000000,0.0000000,0.0000000,0,0,0,0
755679179197791 D 1919,1091006339,1000,1559,1559,2.3914762,0.01451,-1,-1,-1,0,0,0,136,1,1,0,0.0000000,0.0000000,0.0000000,0,0,0,0
755679180254375 D 1920,1091007339,1000,1559,1559,2.3914762,0.01394,-1,-1,-1,0,0,0,136,1,1,0,0.0000000,0.0000000,0.0000000,0,0,0,0
755679181247500 D 1921,1091008339,1000,1559,1559,2.3914762,0.01340,-1,-1,-1,0,0,0,136,1,1,0,0.0000000,0.0000000,0.0000000,0,0,0,0
755679182529333 D 1922,1091009339,1000,1559,1559,2.3914762,0.01287,-1,-1,-1,0,0,0,136,1,1,0,0.0000000,0.0000000,0.0000000,0,0,0,0
755679183450708 D 1923,1091010339,1000,1559,1559,2.3914762,0.01237,-1,-1,-1,0,0,0,136,1,1,0,0.0000000,0.0000000,0.0000000,0,0,0,0
755679184405583 D 1924,1091011339,1000,1559,1559,2.3914762,0.01188,-1,-1,-1,0,0,0,135,1,1,0,0.0000000,0.0000000,0.0000000,0,0,0,0
755679185224041 D 1925,1091012339,1000,1558,1558,2.3899422,-0.04873,-1,-1,-1,0,0,0,136,1,1,0,0.0000000,0.0000000,0.0000000,0,0,0,0
755679186230583 D 1926,1091013339,1000,1559,1559,2.3914762,0.01333,-1,-1,-1,0,0,0,136,1,1,0,0.0000000,0.0000000,0.0000000,0,0,0,0
755679187212500 D 1927,1091014339,1000,1558,1558,2.3899422,-0.04734,-1,-1,-1,0,0,0,136,1,1,0,0.0000000,0.0000000,0.0000000,0,0,0,0
755679188203375 D 1928,1091015339,1000,1559,1559,2.3914762,0.01466,-1,-1,-1,0,0,0,136,1,1,0,0.0000000,0.0000000,0.0000000,0,0,0,0
755679189212333 D 1929,1091016339,1000,1558,1558,2.3899422,-0.04606,-1,-1,-1,0,0,0,136,1,1,0,0.0000000,0.0000000,0.0000000,0,0,0,0
755679190210791 D 1930,1091017339,1000,1559,1559,2.3914762,0.01589,-1,-1,-1,0,0,0,136,1,1,0,0.0000000,0.0000000,0.0000000,0,0,0,0
755679191207916 D 1931,1091018339,1000,1559,1559,2.3914762,0.01527,-1,-1,-1,0,0,0,136,1,1,0,0.0000000,0.0000000,0.0000000,0,0,0,0
755679192212500 D 1932,1091019339,1000,1558,1558,2.3899422,-0.04548,-1,-1,-1,0,0,0,136,1,1,0,0.0000000,0.0000000,0.0000000,0,0,0,0
755679193193750 D 1933,1091020339,1000,1559,1559,2.3914762,0.01645,-1,-1,-1,0,0,0,136,1,1,0,0.0000000,0.0000000,0.0000000,0,0,0,0
755679194193958 D 1934,1091021339,1000,1558,1558,2.3899422,-0.04434,-1,-1,-1,0,0,0,136,1,1,0,0.0000000,0.0000000,0.0000000,0,0,0,0
755679195204458 D 1935,1091022339,1000,1558,1558,2.3899422,-0.04260,-1,-1,-1,0,0,0,136,1,1,0,0.0000000,0.0000000,0.0000000,0,0,0,0
755679196199291 D 1936,1091023339,1000,1558,1558,2.3899422,-0.04093,-1,-1,-1,0,0,0,136,1,1,0,0.0000000,0.0000000,0.0000000,0,0,0,0
755679197205583 D 1937,1091024339,1000,1559,1559,2.3914762,0.02082,-1,-1,-1,0,0,0,136,1,1,0,0.0000000,0.0000000,0.0000000,0,0,0,0
755679198202041 D 1938,1091025339,1000,1558,1558,2.3899422,-0.04014,-1,-1,-1,0,0,0,136,1,1,0,0.0000000,0.0000000,0.0000000,0,0,0,0
755679199198833 D 1939,1091026339,1000,1558,1558,2.3899422,-0.03857,-1,-1,-1,0,0,0,136,1,1,0,0.0000000,0.0000000,0.0000000,0,0,0,0
755679200199875 D 1940,1091027339,1000,1559,1559,2.3914762,0.02309,-1,-1,-1,0,0,0,136,1,1,0,0.0000000,0.0000000,0.0000000,0,0,0,0
755679201305791 D 1941,1091028339,1000,1559,1559,2.3914762,0.02219,-1,-1,-1,0,0,0,136,1,1,0,0.0000000,0.0000000,0.0000000,0,0,0,0
755679202314125 D 1942,1091029339,1000,1559,1559,2.3914762,0.02132,-1,-1,-1,0,0,0,136,1,1,0,0.0000000,0.0000000,0.0000000,0,0,0,0
755679203278750 D 1943,1091030339,1000,1559,1559,2.3914762,0.02048,-1,-1,-1,0,0,0,136,1,1,0,0.0000000,0.0000000,0.0000000,0,0,0,0
755679204307416 D 1944,1091031339,1000,1558,1558,2.3899422,-0.04047,-1,-1,-1,0,0,0,136,1,1,0,0.0000000,0.0000000,0.0000000,0,0,0,0
755679205315791 D 1945,1091032339,1000,1559,1559,2.3914762,0.02126,-1,-1,-1,0,0,0,136,1,1,0,0.0000000,0.0000000,0.0000000,0,0,0,0
755679206292625 D 1946,1091033339,1000,1559,1559,2.3914762,0.02043,-1,-1,-1,0,0,0,136,1,1,0,0.0000000,0.0000000,0.0000000,0,0,0,0
755679207205750 D 1947,1091034339,1000,1559,1559,2.3914762,0.01963,-1,-1,-1,0,0,0,136,1,1,0,0.0000000,0.0000000,0.0000000,0,0,0,0
755679208158208 D 1948,1091035339,1000,1558,1558,2.3899422,-0.04129,-1,-1,-1,0,0,0,136,1,1,0,0.0000000,0.0000000,0.0000000,0,0,0,0
755679209167458 D 1949,1091036339,1000,1559,1559,2.3914762,0.02048,-1,-1,-1,0,0,0,136,1,1,0,0.0000000,0.0000000,0.0000000,0,0,0,0
755679210249333 D 1950,1091037339,1000,1558,1558,2.3899422,-0.04047,-1,-1,-1,0,0,0,136,1,1,0,0.0000000,0.0000000,0.0000000,0,0,0,0
755679211220041 D 1951,1091038339,1000,1558,1558,2.3899422,-0.03889,-1,-1,-1,0,0,0,136,1,1,0,0.0000000,0.0000000,0.0000000,0,0,0,0
755679212190833 D 1952,1091039339,1000,1559,1559,2.3914762,0.02279,-1,-1,-1,0,0,0,136,1,1,0,0.0000000,0.0000000,0.0000000,0,0,0,0
755679213180166 D 1953,1091040339,1000,1559,1559,2.3914762,0.02189,-1,-1,-1,0,0,0,136,1,1,0,0.0000000,0.0000000,0.0000000,0,0,0,0
755679214307833 D 1954,1091041339,1000,1559,1559,2.3914762,0.02104,-1,-1,-1,0,0,0,136,1,1,0,0.0000000,0.0000000,0.0000000,0,0,0,0
755679215471791 D 1955,1091042339,1000,1559,1559,2.3914762,0.02021,-1,-1,-1,0,0,0,136,1,1,0,0.0000000,0.0000000,0.0000000,0,0,0,0
755679216412458 D 1956,1091043339,1000,1559,1559,2.3914762,0.01942,-1,-1,-1,0,0,0,136,1,1,0,0.0000000,0.0000000,0.0000000,0,0,0,0
755679217405250 D 1957,1091044339,1000,1559,1559,2.3914762,0.01866,-1,-1,-1,0,0,0,136,1,1,0,0.0000000,0.0000000,0.0000000,0,0,0,0
755679218248583 D 1958,1091045339,1000,1559,1559,2.3914762,0.01793,-1,-1,-1,0,0,0,136,1,1,0,0.0000000,0.0000000,0.0000000,0,0,0,0
755679219183166 D 1959,1091046339,1000,1559,1559,2.3914762,0.01722,-1,-1,-1,0,0,0,135,1,1,0,0.0000000,0.0000000,0.0000000,0,0,0,0
755679220183000 D 1960,1091047339,1000,1558,1558,2.3899422,-0.04360,-1,-1,-1,0,0,0,136,1,1,0,0.0000000,0.0000000,0.0000000,0,0,0,0
755679221172166 D 1961,1091048339,1000,1558,1558,2.3899422,-0.04189,-1,-1,-1,0,0,0,136,1,1,0,0.0000000,0.0000000,0.0000000,0,0,0,0
755679222168250 D 1962,1091049339,1000,1559,1559,2.3914762,0.01990,-1,-1,-1,0,0,0,136,1,1,0,0.0000000,0.0000000,0.0000000,0,0,0,0
755679223228916 D 1963,1091050339,1000,1558,1558,2.3899422,-0.04103,-1,-1,-1,0,0,0,136,1,1,0,0.0000000,0.0000000,0.0000000,0,0,0,0
755679224168041 D 1964,1091051339,1000,1559,1559,2.3914762,0.02073,-1,-1,-1,0,0,0,136,1,1,0,0.0000000,0.0000000,0.0000000,0,0,0,0
755679225658375 D 1965,1091052339,1000,1558,1558,2.3899422,-0.04023,39,128,2044,0,0,0,136,1,1,0,0.0000000,0.0000000,0.0000000,0,0,0,0
755679226304375 D 1966,1091053339,1000,1559,1559,2.3914762,0.02149,-1,-1,-1,0,0,0,136,1,1,0,0.0000000,0.0000000,0.0000000,0,0,0,0
755679227169291 D 1967,1091054339,1000,1559,1559,2.3914762,0.02065,-1,-1,-1,0,0,0,136,1,1,0,0.0000000,0.0000000,0.0000000,0,0,0,0
755679228170791 D 1968,1091055339,1000,1559,1559,2.3914762,0.01984,-1,-1,-1,0,0,0,136,1,1,0,0.0000000,0.0000000,0.0000000,0,0,0,0
755679229206375 D 1969,1091056339,1000,1558,1558,2.3899422,-0.04109,-1,-1,-1,0,0,0,136,1,1,0,0.0000000,0.0000000,0.0000000,0,0,0,0
755679230207875 D 1970,1091057339,1000,1558,1558,2.3899422,-0.03947,-1,-1,-1,0,0,0,136,1,1,0,0.0000000,0.0000000,0.0000000,0,0,0,0
755679231192958 D 1971,1091058339,1000,1559,1559,2.3914762,0.02222,-1,-1,-1,0,0,0,136,1,1,0,0.0000000,0.0000000,0.0000000,0,0,0,0
755679232188083 D 1972,1091059339,1000,1559,1559,2.3914762,0.02135,-1,-1,-1,0,0,0,136,1,1,0,0.0000000,0.0000000,0.0000000,0,0,0,0
755679233208791 D 1973,1091060339,1000,1558,1558,2.3899422,-0.03964,-1,-1,-1,0,0,0,136,1,1,0,0.0000000,0.0000000,0.0000000,0,0,0,0
755679234166416 D 1974,1091061339,1000,1558,1558,2.3899422,-0.03808,-1,-1,-1,0,0,0,136,1,1,0,0.0000000,0.0000000,0.0000000,0,0,0,0
755679235162500 D 1975,1091062339,1000,1559,1559,2.3914762,0.02356,-1,-1,-1,0,0,0,136,1,1,0,0.0000000,0.0000000,0.0000000,0,0,0,0
755679236171500 D 1976,1091063339,1000,1558,1558,2.3899422,-0.03751,-1,-1,-1,0,0,0,136,1,1,0,0.0000000,0.0000000,0.0000000,0,0,0,0
755679237168541 D 1977,1091064339,1000,1559,1559,2.3914762,0.02411,-1,-1,-1,0,0,0,136,1,1,0,0.0000000,0.0000000,0.0000000,0,0,0,0
755679238155041 D 1978,1091065339,1000,1559,1559,2.3914762,0.02316,-1,-1,-1,0,0,0,136,1,1,0,0.0000000,0.0000000,0.0000000,0,0,0,0
755679239165041 D 1979,1091066339,1000,1559,1559,2.3914762,0.02225,-1,-1,-1,0,0,0,136,1,1,0,0.0000000,0.0000000,0.0000000,0,0,0,0
755679240164250 D 1980,1091067339,1000,1559,1559,2.3914762,0.02138,-1,-1,-1,0,0,0,135,1,1,0,0.0000000,0.0000000,0.0000000,0,0,0,0
755679241163000 D 1981,1091068339,1000,1559,1559,2.3914762,0.02054,-1,-1,-1,0,0,0,136,1,1,0,0.0000000,0.0000000,0.0000000,0,0,0,0
755679242170458 D 1982,1091069339,1000,1559,1559,2.3914762,0.01974,-1,-1,-1,0,0,0,136,1,1,0,0.0000000,0.0000000,0.0000000,0,0,0,0
755679243165000 D 1983,1091070339,1000,1559,1559,2.3914762,0.01896,-1,-1,-1,0,0,0,136,1,1,0,0.0000000,0.0000000,0.0000000,0,0,0,0
755679244165166 D 1984,1091071339,1000,1559,1559,2.3914762,0.01822,-1,-1,-1,0,0,0,136,1,1,0,0.0000000,0.0000000,0.0000000,0,0,0,0
755679245386500 D 1985,1091072339,1000,1559,1559,2.3914762,0.01751,-1,-1,-1,0,0,0,136,1,1,0,0.0000000,0.0000000,0.0000000,0,0,0,0
755679246419208 D 1986,1091073339,1000,1559,1559,2.3914762,0.01682,-1,-1,-1,0,0,0,136,1,1,0,0.0000000,0.0000000,0.0000000,0,0,0,0
755679247399666 D 1987,1091074339,1000,1559,1559,2.3914762,0.01616,-1,-1,-1,0,0,0,136,1,1,0,0.0000000,0.0000000,0.0000000,0,0,0,0
755679248195041 D 1988,1091075339,1000,1559,1559,2.3914762,0.01553,-1,-1,-1,0,0,0,136,1,1,0,0.0000000,0.0000000,0.0000000,0,0,0,0
755679249170583 D 1989,1091076339,1000,1558,1558,2.3899422,-0.04523,-1,-1,-1,0,0,0,136,1,1,0,0.0000000,0.0000000,0.0000000,0,0,0,0
755679250167250 D 1990,1091077339,1000,1559,1559,2.3914762,0.01669,-1,-1,-1,0,0,0,136,1,1,0,0.0000000,0.0000000,0.0000000,0,0,0,0
755679251163000 D 1991,1091078339,1000,1559,1559,2.3914762,0.01604,-1,-1,-1,0,0,0,136,1,1,0,0.0000000,0.0000000,0.0000000,0,0,0,0
755679252163666 D 1992,1091079339,1000,1559,1559,2.3914762,0.01541,-1,-1,-1,0,0,0,136,1,1,0,0.0000000,0.0000000,0.0000000,0,0,0,0
755679253166041 D 1993,1091080339,1000,1558,1558,2.3899422,-0.04534,-1,-1,-1,0,0,0,136,1,1,0,0.0000000,0.0000000,0.0000000,0,0,0,0
755679254175958 D 1994,1091081339,1000,1558,1558,2.3899422,-0.04357,-1,-1,-1,0,0,0,136,1,1,0,0.0000000,0.0000000,0.0000000,0,0,0,0
755679255170291 D 1995,1091082339,1000,1558,1558,2.3899422,-0.04186,-1,-1,-1,0,0,0,136,1,1,0,0.0000000,0.0000000,0.0000000,0,0,0,0
755679256167833 D 1996,1091083339,1000,1558,1558,2.3899422,-0.04022,-1,-1,-1,0,0,0,136,1,1,0,0.0000000,0.0000000,0.0000000,0,0,0,0
755679257167458 D 1997,1091084339,1000,1558,1558,2.3899422,-0.03864,-1,-1,-1,0,0,0,136,1,1,0,0.0000000,0.0000000,0.0000000,0,0,0,0
755679258171208 D 1998,1091085339,1000,1558,1558,2.3899422,-0.03713,-1,-1,-1,0,0,0,136,1,1,0,0.0000000,0.0000000,0.0000000,0,0,0,0
755679259174500 D 1999,1091086339,1000,1559,1559,2.3914762,0.02448,-1,-1,-1,0,0,0,136,1,1,0,0.0000000,0.0000000,0.0000000,0,0,0,0
755679259416333 E 1091086435 END host_stop 0 0 0
