seq,t_us,dt_us,raw,ticks,theta,omega,status,agc,magnitude,i2c_errors,missed_slots,tx_drops,read_us,valid,continuous,cart_steps,x_command_m,v_command_m_s,a_command_m_s2,motion_id,moving,enabled,homed,host_monotonic_ns
0,1140093339,0,1776,1776,2.7243500,0.00000,-1,-1,-1,0,0,0,136,1,1,0,0.0000000,0.0000000,0.0000000,0,0,0,0,755728266288875
1,1140094339,1000,1776,1776,2.7243500,0.00000,-1,-1,-1,0,0,0,136,1,1,0,0.0000000,0.0000000,0.0000000,0,0,0,0,755728267330208
2,1140095339,1000,1775,1775,2.7228160,-0.06015,-1,-1,-1,0,0,0,136,1,1,0,0.0000000,0.0000000,0.0000000,0,0,0,0,755728268284500
3,1140096339,1000,1776,1776,2.7243500,0.00236,-1,-1,-1,0,0,0,136,1,1,0,0.0000000,0.0000000,0.0000000,0,0,0,0,755728269259125
4,1140097339,1000,1776,1776,2.7243500,0.00227,-1,-1,-1,0,0,0,136,1,1,0,0.0000000,0.0000000,0.0000000,0,0,0,0,755728270264458
5,1140098339,1000,1776,1776,2.7243500,0.00218,-1,-1,-1,0,0,0,136,1,1,0,0.0000000,0.0000000,0.0000000,0,0,0,0,755728271355125
6,1140099339,1000,1776,1776,2.7243500,0.00209,-1,-1,-1,0,0,0,136,1,1,0,0.0000000,0.0000000,0.0000000,0,0,0,0,755728272499916
7,1140100339,1000,1775,1775,2.7228160,-0.05814,-1,-1,-1,0,0,0,136,1,1,0,0.0000000,0.0000000,0.0000000,0,0,0,0,755728273745458
8,1140101339,1000,1775,1775,2.7228160,-0.05586,-1,-1,-1,0,0,0,136,1,1,0,0.0000000,0.0000000,0.0000000,0,0,0,0,755728274661125
9,1140102339,1000,1775,1775,2.7228160,-0.05367,39,128,1902,0,0,0,136,1,1,0,0.0000000,0.0000000,0.0000000,0,0,0,0,755728276319750
10,1140103339,1000,1775,1775,2.7228160,-0.05156,-1,-1,-1,0,0,0,136,1,1,0,0.0000000,0.0000000,0.0000000,0,0,0,0,755728277238333
11,1140104339,1000,1775,1775,2.7228160,-0.04954,-1,-1,-1,0,0,0,136,1,1,0,0.0000000,0.0000000,0.0000000,0,0,0,0,755728277932041
12,1140105339,1000,1775,1775,2.7228160,-0.04760,-1,-1,-1,0,0,0,136,1,1,0,0.0000000,0.0000000,0.0000000,0,0,0,0,755728278551750
13,1140106339,1000,1775,1775,2.7228160,-0.04573,-1,-1,-1,0,0,0,136,1,1,0,0.0000000,0.0000000,0.0000000,0,0,0,0,755728279427750
14,1140107339,1000,1776,1776,2.7243500,0.01621,-1,-1,-1,0,0,0,136,1,1,0,0.0000000,0.0000000,0.0000000,0,0,0,0,755728280448500
15,1140108339,1000,1775,1775,2.7228160,-0.04458,-1,-1,-1,0,0,0,136,1,1,0,0.0000000,0.0000000,0.0000000,0,0,0,0,755728281554541
16,1140109339,1000,1775,1775,2.7228160,-0.04283,-1,-1,-1,0,0,0,136,1,1,0,0.0000000,0.0000000,0.0000000,0,0,0,0,755728282439125
17,1140110339,1000,1775,1775,2.7228160,-0.04115,-1,-1,-1,0,0,0,136,1,1,0,0.0000000,0.0000000,0.0000000,0,0,0,0,755728283429583
18,1140111339,1000,1775,1775,2.7228160,-0.03954,-1,-1,-1,0,0,0,136,1,1,0,0.0000000,0.0000000,0.0000000,0,0,0,0,755728284319208
19,1140112339,1000,1775,1775,2.7228160,-0.03798,-1,-1,-1,0,0,0,136,1,1,0,0.0000000,0.0000000,0.0000000,0,0,0,0,755728285267750
20,1140113339,1000,1775,1775,2.7228160,-0.03650,-1,-1,-1,0,0,0,136,1,1,0,0.0000000,0.0000000,0.0000000,0,0,0,0,755728286427500
21,1140114339,1000,1775,1775,2.7228160,-0.03506,-1,-1,-1,0,0,0,136,1,1,0,0.0000000,0.0000000,0.0000000,0,0,0,0,755728287383000
22,1140115339,1000,1775,1775,2.7228160,-0.03369,-1,-1,-1,0,0,0,136,1,1,0,0.0000000,0.0000000,0.0000000,0,0,0,0,755728288350750
23,1140116339,1000,1775,1775,2.7228160,-0.03237,-1,-1,-1,0,0,0,136,1,1,0,0.0000000,0.0000000,0.0000000,0,0,0,0,755728289351250
24,1140117339,1000,1775,1775,2.7228160,-0.03110,-1,-1,-1,0,0,0,136,1,1,0,0.0000000,0.0000000,0.0000000,0,0,0,0,755728290280583
25,1140118339,1000,1775,1775,2.7228160,-0.02988,-1,-1,-1,0,0,0,136,1,1,0,0.0000000,0.0000000,0.0000000,0,0,0,0,755728291296916
26,1140119339,1000,1774,1774,2.7212820,-0.08886,-1,-1,-1,0,0,0,136,1,1,0,0.0000000,0.0000000,0.0000000,0,0,0,0,755728292273708
27,1140120339,1000,1774,1774,2.7212820,-0.08537,-1,-1,-1,0,0,0,136,1,1,0,0.0000000,0.0000000,0.0000000,0,0,0,0,755728293265458
28,1140121339,1000,1774,1774,2.7212820,-0.08202,-1,-1,-1,0,0,0,136,1,1,0,0.0000000,0.0000000,0.0000000,0,0,0,0,755728294268625
29,1140122339,1000,1774,1774,2.7212820,-0.07881,-1,-1,-1,0,0,0,136,1,1,0,0.0000000,0.0000000,0.0000000,0,0,0,0,755728295261833
30,1140123339,1000,1774,1774,2.7212820,-0.07572,-1,-1,-1,0,0,0,136,1,1,0,0.0000000,0.0000000,0.0000000,0,0,0,0,755728296381458
31,1140124339,1000,1774,1774,2.7212820,-0.07275,-1,-1,-1,0,0,0,136,1,1,0,0.0000000,0.0000000,0.0000000,0,0,0,0,755728297348041
32,1140125339,1000,1774,1774,2.7212820,-0.06990,-1,-1,-1,0,0,0,136,1,1,0,0.0000000,0.0000000,0.0000000,0,0,0,0,755728298341083
33,1140126339,1000,1774,1774,2.7212820,-0.06716,-1,-1,-1,0,0,0,136,1,1,0,0.0000000,0.0000000,0.0000000,0,0,0,0,755728299348208
34,1140127339,1000,1774,1774,2.7212820,-0.06452,-1,-1,-1,0,0,0,136,1,1,0,0.0000000,0.0000000,0.0000000,0,0,0,0,755728300345416
35,1140128339,1000,1774,1774,2.7212820,-0.06199,-1,-1,-1,0,0,0,136,1,1,0,0.0000000,0.0000000,0.0000000,0,0,0,0,755728301344125
36,1140129339,1000,1774,1774,2.7212820,-0.05956,-1,-1,-1,0,0,0,136,1,1,0,0.0000000,0.0000000,0.0000000,0,0,0,0,755728302344583
37,1140130339,1000,1774,1774,2.7212820,-0.05723,-1,-1,-1,0,0,0,136,1,1,0,0.0000000,0.0000000,0.0000000,0,0,0,0,755728303342708
38,1140131339,1000,1774,1774,2.7212820,-0.05498,-1,-1,-1,0,0,0,136,1,1,0,0.0000000,0.0000000,0.0000000,0,0,0,0,755728304348291
39,1140132339,1000,1774,1774,2.7212820,-0.05283,-1,-1,-1,0,0,0,136,1,1,0,0.0000000,0.0000000,0.0000000,0,0,0,0,755728305301666
40,1140133339,1000,1774,1774,2.7212820,-0.05076,-1,-1,-1,0,0,0,136,1,1,0,0.0000000,0.0000000,0.0000000,0,0,0,0,755728306056625
41,1140134339,1000,1774,1774,2.7212820,-0.04877,-1,-1,-1,0,0,0,136,1,1,0,0.0000000,0.0000000,0.0000000,0,0,0,0,755728307065708
42,1140135339,1000,1774,1774,2.7212820,-0.04685,-1,-1,-1,0,0,0,136,1,1,0,0.0000000,0.0000000,0.0000000,0,0,0,0,755728308095708
43,1140136339,1000,1774,1774,2.7212820,-0.04502,-1,-1,-1,0,0,0,136,1,1,0,0.0000000,0.0000000,0.0000000,0,0,0,0,755728309069916
44,1140137339,1000,1774,1774,2.7212820,-0.04325,-1,-1,-1,0,0,0,136,1,1,0,0.0000000,0.0000000,0.0000000,0,0,0,0,755728310344916
45,1140138339,1000,1773,1773,2.7197480,-0.10170,-1,-1,-1,0,0,0,136,1,1,0,0.0000000,0.0000000,0.0000000,0,0,0,0,755728311383916
46,1140139339,1000,1773,1773,2.7197480,-0.09772,-1,-1,-1,0,0,0,136,1,1,0,0.0000000,0.0000000,0.0000000,0,0,0,0,755728312349458
47,1140140339,1000,1773,1773,2.7197480,-0.09388,-1,-1,-1,0,0,0,136,1,1,0,0.0000000,0.0000000,0.0000000,0,0,0,0,755728313346000
48,1140141339,1000,1773,1773,2.7197480,-0.09020,-1,-1,-1,0,0,0,136,1,1,0,0.0000000,0.0000000,0.0000000,0,0,0,0,755728314341833
49,1140142339,1000,1773,1773,2.7197480,-0.08667,-1,-1,-1,0,0,0,136,1,1,0,0.0000000,0.0000000,0.0000000,0,0,0,0,755728315357208
50,1140143339,1000,1773,1773,2.7197480,-0.08327,-1,-1,-1,0,0,0,136,1,1,0,0.0000000,0.0000000,0.0000000,0,0,0,0,755728316335625
51,1140144339,1000,1773,1773,2.7197480,-0.08000,-1,-1,-1,0,0,0,136,1,1,0,0.0000000,0.0000000,0.0000000,0,0,0,0,755728317368541
52,1140145339,1000,1773,1773,2.7197480,-0.07687,-1,-1,-1,0,0,0,136,1,1,0,0.0000000,0.0000000,0.0000000,0,0,0,0,755728318355833
53,1140146339,1000,1773,1773,2.7197480,-0.07385,-1,-1,-1,0,0,0,136,1,1,0,0.0000000,0.0000000,0.0000000,0,0,0,0,755728319351000
54,1140147339,1000,1773,1773,2.7197480,-0.07096,-1,-1,-1,0,0,0,136,1,1,0,0.0000000,0.0000000,0.0000000,0,0,0,0,755728320357041
55,1140148339,1000,1773,1773,2.7197480,-0.06817,-1,-1,-1,0,0,0,136,1,1,0,0.0000000,0.0000000,0.0000000,0,0,0,0,755728321342875
56,1140149339,1000,1773,1773,2.7197480,-0.06550,-1,-1,-1,0,0,0,136,1,1,0,0.0000000,0.0000000,0.0000000,0,0,0,0,755728322340916
57,1140150339,1000,1773,1773,2.7197480,-0.06293,-1,-1,-1,0,0,0,136,1,1,0,0.0000000,0.0000000,0.0000000,0,0,0,0,755728323339708
58,1140151339,1000,1772,1772,2.7182140,-0.12061,-1,-1,-1,0,0,0,136,1,1,0,0.0000000,0.0000000,0.0000000,0,0,0,0,755728324338541
59,1140152339,1000,1773,1773,2.7197480,-0.05574,39,128,1924,0,0,0,136,1,1,0,0.0000000,0.0000000,0.0000000,0,0,0,0,755728325724666
60,1140153339,1000,1773,1773,2.7197480,-0.05355,-1,-1,-1,0,0,0,136,1,1,0,0.0000000,0.0000000,0.0000000,0,0,0,0,755728326342916
61,1140154339,1000,1772,1772,2.7182140,-0.11160,-1,-1,-1,0,0,0,136,1,1,0,0.0000000,0.0000000,0.0000000,0,0,0,0,755728327339875
62,1140155339,1000,1772,1772,2.7182140,-0.10722,-1,-1,-1,0,0,0,136,1,1,0,0.0000000,0.0000000,0.0000000,0,0,0,0,755728328366208
63,1140156339,1000,1772,1772,2.7182140,-0.10302,-1,-1,-1,0,0,0,136,1,1,0,0.0000000,0.0000000,0.0000000,0,0,0,0,755728329466958
64,1140157339,1000,1772,1772,2.7182140,-0.09898,-1,-1,-1,0,0,0,136,1,1,0,0.0000000,0.0000000,0.0000000,0,0,0,0,755728330341000
65,1140158339,1000,1772,1772,2.7182140,-0.09510,-1,-1,-1,0,0,0,136,1,1,0,0.0000000,0.0000000,0.0000000,0,0,0,0,755728331333291
66,1140159339,1000,1772,1772,2.7182140,-0.09137,-1,-1,-1,0,0,0,136,1,1,0,0.0000000,0.0000000,0.0000000,0,0,0,0,755728332340291
67,1140160339,1000,1772,1772,2.7182140,-0.08779,-1,-1,-1,0,0,0,136,1,1,0,0.0000000,0.0000000,0.0000000,0,0,0,0,755728333331750
68,1140161339,1000,1772,1772,2.7182140,-0.08434,-1,-1,-1,0,0,0,136,1,1,0,0.0000000,0.0000000,0.0000000,0,0,0,0,755728334337833
69,1140162339,1000,1772,1772,2.7182140,-0.08104,-1,-1,-1,0,0,0,136,1,1,0,0.0000000,0.0000000,0.0000000,0,0,0,0,755728335331875
70,1140163339,1000,1772,1772,2.7182140,-0.07786,-1,-1,-1,0,0,0,136,1,1,0,0.0000000,0.0000000,0.0000000,0,0,0,0,755728336334041
71,1140164339,1000,1772,1772,2.7182140,-0.07481,-1,-1,-1,0,0,0,136,1,1,0,0.0000000,0.0000000,0.0000000,0,0,0,0,755728337338958
72,1140165339,1000,1772,1772,2.7182140,-0.07187,-1,-1,-1,0,0,0,135,1,1,0,0.0000000,0.0000000,0.0000000,0,0,0,0,755728338319625
73,1140166339,1000,1772,1772,2.7182140,-0.06906,-1,-1,-1,0,0,0,136,1,1,0,0.0000000,0.0000000,0.0000000,0,0,0,0,755728339404375
74,1140167339,1000,1772,1772,2.7182140,-0.06635,-1,-1,-1,0,0,0,136,1,1,0,0.0000000,0.0000000,0.0000000,0,0,0,0,755728340331375
75,1140168339,1000,1772,1772,2.7182140,-0.06375,-1,-1,-1,0,0,0,136,1,1,0,0.0000000,0.0000000,0.0000000,0,0,0,0,755728341344125
76,1140169339,1000,1772,1772,2.7182140,-0.06125,-1,-1,-1,0,0,0,136,1,1,0,0.0000000,0.0000000,0.0000000,0,0,0,0,755728342342541
77,1140170339,1000,1772,1772,2.7182140,-0.05885,-1,-1,-1,0,0,0,136,1,1,0,0.0000000,0.0000000,0.0000000,0,0,0,0,755728343350916
78,1140171339,1000,1772,1772,2.7182140,-0.05654,-1,-1,-1,0,0,0,136,1,1,0,0.0000000,0.0000000,0.0000000,0,0,0,0,755728344339166
79,1140172339,1000,1772,1772,2.7182140,-0.05432,-1,-1,-1,0,0,0,136,1,1,0,0.0000000,0.0000000,0.0000000,0,0,0,0,755728345349708
80,1140173339,1000,1772,1772,2.7182140,-0.05219,-1,-1,-1,0,0,0,136,1,1,0,0.0000000,0.0000000,0.0000000,0,0,0,0,755728346342875
81,1140174339,1000,1771,1771,2.7166800,-0.11029,-1,-1,-1,0,0,0,136,1,1,0,0.0000000,0.0000000,0.0000000,0,0,0,0,755728347354875
82,1140175339,1000,1771,1771,2.7166800,-0.10597,-1,-1,-1,0,0,0,136,1,1,0,0.0000000,0.0000000,0.0000000,0,0,0,0,755728348357625
83,1140176339,1000,1771,1771,2.7166800,-0.10181,-1,-1,-1,0,0,0,136,1,1,0,0.0000000,0.0000000,0.0000000,0,0,0,0,755728349407333
84,1140177339,1000,1772,1772,2.7182140,-0.03767,-1,-1,-1,0,0,0,136,1,1,0,0.0000000,0.0000000,0.0000000,0,0,0,0,755728350373000
85,1140178339,1000,1771,1771,2.7166800,-0.09634,-1,-1,-1,0,0,0,136,1,1,0,0.0000000,0.0000000,0.0000000,0,0,0,0,755728351318500
86,1140179339,1000,1771,1771,2.7166800,-0.09257,-1,-1,-1,0,0,0,136,1,1,0,0.0000000,0.0000000,0.0000000,0,0,0,0,755728352367833
87,1140180339,1000,1771,1771,2.7166800,-0.08894,-1,-1,-1,0,0,0,136,1,1,0,0.0000000,0.0000000,0.0000000,0,0,0,0,755728353376666
88,1140181339,1000,1771,1771,2.7166800,-0.08545,-1,-1,-1,0,0,0,136,1,1,0,0.0000000,0.0000000,0.0000000,0,0,0,0,755728354354416
89,1140182339,1000,1771,1771,2.7166800,-0.08210,-1,-1,-1,0,0,0,136,1,1,0,0.0000000,0.0000000,0.0000000,0,0,0,0,755728355360958
90,1140183339,1000,1770,1770,2.7151461,-0.13903,-1,-1,-1,0,0,0,136,1,1,0,0.0000000,0.0000000,0.0000000,0,0,0,0,755728356386208
91,1140184339,1000,1771,1771,2.7166800,-0.07343,-1,-1,-1,0,0,0,136,1,1,0,0.0000000,0.0000000,0.0000000,0,0,0,0,755728357382125
92,1140185339,1000,1770,1770,2.7151461,-0.13070,-1,-1,-1,0,0,0,136,1,1,0,0.0000000,0.0000000,0.0000000,0,0,0,0,755728358401541
93,1140186339,1000,1771,1771,2.7166800,-0.06542,-1,-1,-1,0,0,0,136,1,1,0,0.0000000,0.0000000,0.0000000,0,0,0,0,755728359352750
94,1140187339,1000,1771,1771,2.7166800,-0.06286,-1,-1,-1,0,0,0,136,1,1,0,0.0000000,0.0000000,0.0000000,0,0,0,0,755728360364708
95,1140188339,1000,1771,1771,2.7166800,-0.06039,-1,-1,-1,0,0,0,136,1,1,0,0.0000000,0.0000000,0.0000000,0,0,0,0,755728361361208
96,1140189339,1000,1771,1771,2.7166800,-0.05803,-1,-1,-1,0,0,0,136,1,1,0,0.0000000,0.0000000,0.0000000,0,0,0,0,755728362370541
97,1140190339,1000,1771,1771,2.7166800,-0.05575,-1,-1,-1,0,0,0,136,1,1,0,0.0000000,0.0000000,0.0000000,0,0,0,0,755728363397875
98,1140191339,1000,1770,1770,2.7151461,-0.11371,-1,-1,-1,0,0,0,136,1,1,0,0.0000000,0.0000000,0.0000000,0,0,0,0,755728364372666
99,1140192339,1000,1770,1770,2.7151461,-0.10925,-1,-1,-1,0,0,0,136,1,1,0,0.0000000,0.0000000,0.0000000,0,0,0,0,755728365346666
100,1140193339,1000,1771,1771,2.7166800,-0.04482,-1,-1,-1,0,0,0,136,1,1,0,0.0000000,0.0000000,0.0000000,0,0,0,0,755728366347875
101,1140194339,1000,1770,1770,2.7151461,-0.10321,-1,-1,-1,0,0,0,136,1,1,0,0.0000000,0.0000000,0.0000000,0,0,0,0,755728367364791
102,1140195339,1000,1770,1770,2.7151461,-0.09917,-1,-1,-1,0,0,0,136,1,1,0,0.0000000,0.0000000,0.0000000,0,0,0,0,755728368352750
103,1140196339,1000,1770,1770,2.7151461,-0.09528,-1,-1,-1,0,0,0,136,1,1,0,0.0000000,0.0000000,0.0000000,0,0,0,0,755728369340166
104,1140197339,1000,1770,1770,2.7151461,-0.09154,-1,-1,-1,0,0,0,136,1,1,0,0.0000000,0.0000000,0.0000000,0,0,0,0,755728370356125
105,1140198339,1000,1770,1770,2.7151461,-0.08795,-1,-1,-1,0,0,0,136,1,1,0,0.0000000,0.0000000,0.0000000,0,0,0,0,755728371349958
106,1140199339,1000,1770,1770,2.7151461,-0.08450,-1,-1,-1,0,0,0,136,1,1,0,0.0000000,0.0000000,0.0000000,0,0,0,0,755728372341750
107,1140200339,1000,1770,1770,2.7151461,-0.08119,-1,-1,-1,0,0,0,136,1,1,0,0.0000000,0.0000000,0.0000000,0,0,0,0,755728373385625
108,1140201339,1000,1770,1770,2.7151461,-0.07801,-1,-1,-1,0,0,0,136,1,1,0,0.0000000,0.0000000,0.0000000,0,0,0,0,755728374413750
109,1140202339,1000,1770,1770,2.7151461,-0.07495,39,128,1936,0,0,0,136,1,1,0,0.0000000,0.0000000,0.0000000,0,0,0,0,755728375785666
110,1140203339,1000,1770,1770,2.7151461,-0.07201,-1,-1,-1,0,0,0,136,1,1,0,0.0000000,0.0000000,0.0000000,0,0,0,0,755728376356833
111,1140204339,1000,1769,1769,2.7136121,-0.12933,-1,-1,-1,0,0,0,136,1,1,0,0.0000000,0.0000000,0.0000000,0,0,0,0,755728377360791
112,1140205339,1000,1770,1770,2.7151461,-0.06411,-1,-1,-1,0,0,0,136,1,1,0,0.0000000,0.0000000,0.0000000,0,0,0,0,755728378361625
113,1140206339,1000,1769,1769,2.7136121,-0.12175,-1,-1,-1,0,0,0,136,1,1,0,0.0000000,0.0000000,0.0000000,0,0,0,0,755728379432166
114,1140207339,1000,1770,1770,2.7151461,-0.05683,-1,-1,-1,0,0,0,136,1,1,0,0.0000000,0.0000000,0.0000000,0,0,0,0,755728380390291
115,1140208339,1000,1769,1769,2.7136121,-0.11475,-1,-1,-1,0,0,0,136,1,1,0,0.0000000,0.0000000,0.0000000,0,0,0,0,755728381365583
116,1140209339,1000,1769,1769,2.7136121,-0.11025,-1,-1,-1,0,0,0,136,1,1,0,0.0000000,0.0000000,0.0000000,0,0,0,0,755728382350125
117,1140210339,1000,1769,1769,2.7136121,-0.10592,-1,-1,-1,0,0,0,136,1,1,0,0.0000000,0.0000000,0.0000000,0,0,0,0,755728383362208
118,1140211339,1000,1769,1769,2.7136121,-0.10177,-1,-1,-1,0,0,0,136,1,1,0,0.0000000,0.0000000,0.0000000,0,0,0,0,755728384265375
119,1140212339,1000,1769,1769,2.7136121,-0.09778,-1,-1,-1,0,0,0,136,1,1,0,0.0000000,0.0000000,0.0000000,0,0,0,0,755728385234000
120,1140213339,1000,1769,1769,2.7136121,-0.09395,-1,-1,-1,0,0,0,136,1,1,0,0.0000000,0.0000000,0.0000000,0,0,0,0,755728386267333
121,1140214339,1000,1769,1769,2.7136121,-0.09026,-1,-1,-1,0,0,0,135,1,1,0,0.0000000,0.0000000,0.0000000,0,0,0,0,755728387241083
122,1140215339,1000,1769,1769,2.7136121,-0.08672,-1,-1,-1,0,0,0,136,1,1,0,0.0000000,0.0000000,0.0000000,0,0,0,0,755728388218416
123,1140216339,1000,1769,1769,2.7136121,-0.08332,-1,-1,-1,0,0,0,136,1,1,0,0.0000000,0.0000000,0.0000000,0,0,0,0,755728389210875
124,1140217339,1000,1768,1768,2.7120781,-0.14020,-1,-1,-1,0,0,0,136,1,1,0,0.0000000,0.0000000,0.0000000,0,0,0,0,755728390213333
125,1140218339,1000,1769,1769,2.7136121,-0.07456,-1,-1,-1,0,0,0,136,1,1,0,0.0000000,0.0000000,0.0000000,0,0,0,0,755728391212375
126,1140219339,1000,1769,1769,2.7136121,-0.07164,-1,-1,-1,0,0,0,136,1,1,0,0.0000000,0.0000000,0.0000000,0,0,0,0,755728392226083
127,1140220339,1000,1768,1768,2.7120781,-0.12897,-1,-1,-1,0,0,0,136,1,1,0,0.0000000,0.0000000,0.0000000,0,0,0,0,755728393208125
128,1140221339,1000,1769,1769,2.7136121,-0.06377,-1,-1,-1,0,0,0,136,1,1,0,0.0000000,0.0000000,0.0000000,0,0,0,0,755728394214041
129,1140222339,1000,1768,1768,2.7120781,-0.12142,-1,-1,-1,0,0,0,136,1,1,0,0.0000000,0.0000000,0.0000000,0,0,0,0,755728395200333
130,1140223339,1000,1768,1768,2.7120781,-0.11666,-1,-1,-1,0,0,0,136,1,1,0,0.0000000,0.0000000,0.0000000,0,0,0,0,755728396234708
131,1140224339,1000,1768,1768,2.7120781,-0.11208,-1,-1,-1,0,0,0,136,1,1,0,0.0000000,0.0000000,0.0000000,0,0,0,0,755728397230666
132,1140225339,1000,1768,1768,2.7120781,-0.10769,-1,-1,-1,0,0,0,136,1,1,0,0.0000000,0.0000000,0.0000000,0,0,0,0,755728398227833
133,1140226339,1000,1768,1768,2.7120781,-0.10346,-1,-1,-1,0,0,0,136,1,1,0,0.0000000,0.0000000,0.0000000,0,0,0,0,755728399226125
134,1140227339,1000,1768,1768,2.7120781,-0.09941,-1,-1,-1,0,0,0,136,1,1,0,0.0000000,0.0000000,0.0000000,0,0,0,0,755728400235958
135,1140228339,1000,1768,1768,2.7120781,-0.09551,-1,-1,-1,0,0,0,136,1,1,0,0.0000000,0.0000000,0.0000000,0,0,0,0,755728401324583
136,1140229339,1000,1768,1768,2.7120781,-0.09176,-1,-1,-1,0,0,0,136,1,1,0,0.0000000,0.0000000,0.0000000,0,0,0,0,755728402281833
137,1140230339,1000,1768,1768,2.7120781,-0.08817,-1,-1,-1,0,0,0,136,1,1,0,0.0000000,0.0000000,0.0000000,0,0,0,0,755728403264916
138,1140231339,1000,1768,1768,2.7120781,-0.08471,-1,-1,-1,0,0,0,136,1,1,0,0.0000000,0.0000000,0.0000000,0,0,0,0,755728404256833
139,1140232339,1000,1768,1768,2.7120781,-0.08139,-1,-1,-1,0,0,0,136,1,1,0,0.0000000,0.0000000,0.0000000,0,0,0,0,755728405259833
140,1140233339,1000,1768,1768,2.7120781,-0.07820,-1,-1,-1,0,0,0,136,1,1,0,0.0000000,0.0000000,0.0000000,0,0,0,0,755728406253291
141,1140234339,1000,1768,1768,2.7120781,-0.07513,-1,-1,-1,0,0,0,136,1,1,0,0.0000000,0.0000000,0.0000000,0,0,0,0,755728407252833
142,1140235339,1000,1768,1768,2.7120781,-0.07218,-1,-1,-1,0,0,0,136,1,1,0,0.0000000,0.0000000,0.0000000,0,0,0,0,755728408247125
143,1140236339,1000,1768,1768,2.7120781,-0.06935,-1,-1,-1,0,0,0,136,1,1,0,0.0000000,0.0000000,0.0000000,0,0,0,0,755728409248375
144,1140237339,1000,1768,1768,2.7120781,-0.06663,-1,-1,-1,0,0,0,136,1,1,0,0.0000000,0.0000000,0.0000000,0,0,0,0,755728410241833
145,1140238339,1000,1768,1768,2.7120781,-0.06402,-1,-1,-1,0,0,0,136,1,1,0,0.0000000,0.0000000,0.0000000,0,0,0,0,755728411324500
146,1140239339,1000,1768,1768,2.7120781,-0.06151,-1,-1,-1,0,0,0,136,1,1,0,0.0000000,0.0000000,0.0000000,0,0,0,0,755728412345791
147,1140240339,1000,1768,1768,2.7120781,-0.05910,-1,-1,-1,0,0,0,136,1,1,0,0.0000000,0.0000000,0.0000000,0,0,0,0,755728413328625
148,1140241339,1000,1768,1768,2.7120781,-0.05678,-1,-1,-1,0,0,0,136,1,1,0,0.0000000,0.0000000,0.0000000,0,0,0,0,755728414312833
149,1140242339,1000,1768,1768,2.7120781,-0.05456,-1,-1,-1,0,0,0,136,1,1,0,0.0000000,0.0000000,0.0000000,0,0,0,0,755728415289250
150,1140243339,1000,1768,1768,2.7120781,-0.05242,-1,-1,-1,0,0,0,136,1,1,0,0.0000000,0.0000000,0.0000000,0,0,0,0,755728416292041
151,1140244339,1000,1768,1768,2.7120781,-0.05036,-1,-1,-1,0,0,0,136,1,1,0,0.0000000,0.0000000,0.0000000,0,0,0,0,755728417334000
152,1140245339,1000,1768,1768,2.7120781,-0.04839,-1,-1,-1,0,0,0,136,1,1,0,0.0000000,0.0000000,0.0000000,0,0,0,0,755728418293291
153,1140246339,1000,1768,1768,2.7120781,-0.04649,-1,-1,-1,0,0,0,136,1,1,0,0.0000000,0.0000000,0.0000000,0,0,0,0,755728419282666
154,1140247339,1000,1768,1768,2.7120781,-0.04467,-1,-1,-1,0,0,0,136,1,1,0,0.0000000,0.0000000,0.0000000,0,0,0,0,755728420290500
155,1140248339,1000,1767,1767,2.7105441,-0.10306,-1,-1,-1,0,0,0,136,1,1,0,0.0000000,0.0000000,0.0000000,0,0,0,0,755728421302583
156,1140249339,1000,1767,1767,2.7105441,-0.09902,-1,-1,-1,0,0,0,136,1,1,0,0.0000000,0.0000000,0.0000000,0,0,0,0,755728422300625
157,1140250339,1000,1768,1768,2.7120781,-0.03499,-1,-1,-1,0,0,0,136,1,1,0,0.0000000,0.0000000,0.0000000,0,0,0,0,755728423290125
158,1140251339,1000,1767,1767,2.7105441,-0.09377,-1,-1,-1,0,0,0,136,1,1,0,0.0000000,0.0000000,0.0000000,0,0,0,0,755728424273375
159,1140252339,1000,1768,1768,2.7120781,-0.02994,39,128,1948,0,0,0,136,1,1,0,0.0000000,0.0000000,0.0000000,0,0,0,0,755728425720583
160,1140253339,1000,1767,1767,2.7105441,-0.08892,-1,-1,-1,0,0,0,136,1,1,0,0.0000000,0.0000000,0.0000000,0,0,0,0,755728426266833
161,1140254339,1000,1768,1768,2.7120781,-0.02528,-1,-1,-1,0,0,0,136,1,1,0,0.0000000,0.0000000,0.0000000,0,0,0,0,755728427281333
162,1140255339,1000,1767,1767,2.7105441,-0.08444,-1,-1,-1,0,0,0,136,1,1,0,0.0000000,0.0000000,0.0000000,0,0,0,0,755728428309458
163,1140256339,1000,1767,1767,2.7105441,-0.08113,-1,-1,-1,0,0,0,136,1,1,0,0.0000000,0.0000000,0.0000000,0,0,0,0,755728429362500
164,1140257339,1000,1767,1767,2.7105441,-0.07795,-1,-1,-1,0,0,0,136,1,1,0,0.0000000,0.0000000,0.0000000,0,0,0,0,755728430365708
165,1140258339,1000,1768,1768,2.7120781,-0.01474,-1,-1,-1,0,0,0,136,1,1,0,0.0000000,0.0000000,0.0000000,0,0,0,0,755728431353250
166,1140259339,1000,1768,1768,2.7120781,-0.01416,-1,-1,-1,0,0,0,136,1,1,0,0.0000000,0.0000000,0.0000000,0,0,0,0,755728432363416
167,1140260339,1000,1767,1767,2.7105441,-0.07376,-1,-1,-1,0,0,0,136,1,1,0,0.0000000,0.0000000,0.0000000,0,0,0,0,755728433383250
168,1140261339,1000,1767,1767,2.7105441,-0.07087,-1,-1,-1,0,0,0,136,1,1,0,0.0000000,0.0000000,0.0000000,0,0,0,0,755728434372708
169,1140262339,1000,1767,1767,2.7105441,-0.06809,-1,-1,-1,0,0,0,136,1,1,0,0.0000000,0.0000000,0.0000000,0,0,0,0,755728435388291
170,1140263339,1000,1767,1767,2.7105441,-0.06542,-1,-1,-1,0,0,0,136,1,1,0,0.0000000,0.0000000,0.0000000,0,0,0,0,755728436362250
171,1140264339,1000,1767,1767,2.7105441,-0.06285,-1,-1,-1,0,0,0,136,1,1,0,0.0000000,0.0000000,0.0000000,0,0,0,0,755728437353625
172,1140265339,1000,1767,1767,2.7105441,-0.06039,-1,-1,-1,0,0,0,136,1,1,0,0.0000000,0.0000000,0.0000000,0,0,0,0,755728438349708
173,1140266339,1000,1767,1767,2.7105441,-0.05802,-1,-1,-1,0,0,0,136,1,1,0,0.0000000,0.0000000,0.0000000,0,0,0,0,755728439348500
174,1140267339,1000,1767,1767,2.7105441,-0.05574,-1,-1,-1,0,0,0,136,1,1,0,0.0000000,0.0000000,0.0000000,0,0,0,0,755728440352625
175,1140268339,1000,1768,1768,2.7120781,0.00659,-1,-1,-1,0,0,0,136,1,1,0,0.0000000,0.0000000,0.0000000,0,0,0,0,755728441339750
176,1140269339,1000,1767,1767,2.7105441,-0.05382,-1,-1,-1,0,0,0,136,1,1,0,0.0000000,0.0000000,0.0000000,0,0,0,0,755728442360791
177,1140270339,1000,1767,1767,2.7105441,-0.05171,-1,-1,-1,0,0,0,136,1,1,0,0.0000000,0.0000000,0.0000000,0,0,0,0,755728443350666
178,1140271339,1000,1768,1768,2.7120781,0.01047,-1,-1,-1,0,0,0,136,1,1,0,0.0000000,0.0000000,0.0000000,0,0,0,0,755728444340083
179,1140272339,1000,1768,1768,2.7120781,0.01006,-1,-1,-1,0,0,0,136,1,1,0,0.0000000,0.0000000,0.0000000,0,0,0,0,755728445338000
180,1140273339,1000,1767,1767,2.7105441,-0.05048,-1,-1,-1,0,0,0,136,1,1,0,0.0000000,0.0000000,0.0000000,0,0,0,0,755728446342291
181,1140274339,1000,1767,1767,2.7105441,-0.04850,-1,-1,-1,0,0,0,136,1,1,0,0.0000000,0.0000000,0.0000000,0,0,0,0,755728447360291
182,1140275339,1000,1767,1767,2.7105441,-0.04660,-1,-1,-1,0,0,0,136,1,1,0,0.0000000,0.0000000,0.0000000,0,0,0,0,755728448370250
183,1140276339,1000,1767,1767,2.7105441,-0.04478,-1,-1,-1,0,0,0,136,1,1,0,0.0000000,0.0000000,0.0000000,0,0,0,0,755728449360416
184,1140277339,1000,1767,1767,2.7105441,-0.04302,-1,-1,-1,0,0,0,136,1,1,0,0.0000000,0.0000000,0.0000000,0,0,0,0,755728450357208
185,1140278339,1000,1767,1767,2.7105441,-0.04133,-1,-1,-1,0,0,0,136,1,1,0,0.0000000,0.0000000,0.0000000,0,0,0,0,755728451352708
186,1140279339,1000,1767,1767,2.7105441,-0.03971,-1,-1,-1,0,0,0,136,1,1,0,0.0000000,0.0000000,0.0000000,0,0,0,0,755728452357125
187,1140280339,1000,1768,1768,2.7120781,0.02199,-1,-1,-1,0,0,0,136,1,1,0,0.0000000,0.0000000,0.0000000,0,0,0,0,755728453356958
188,1140281339,1000,1768,1768,2.7120781,0.02113,-1,-1,-1,0,0,0,136,1,1,0,0.0000000,0.0000000,0.0000000,0,0,0,0,755728454369791
189,1140282339,1000,1768,1768,2.7120781,0.02030,-1,-1,-1,0,0,0,136,1,1,0,0.0000000,0.0000000,0.0000000,0,0,0,0,755728455371208
190,1140283339,1000,1768,1768,2.7120781,0.01951,-1,-1,-1,0,0,0,136,1,1,0,0.0000000,0.0000000,0.0000000,0,0,0,0,755728456358708
191,1140284339,1000,1768,1768,2.7120781,0.01874,-1,-1,-1,0,0,0,135,1,1,0,0.0000000,0.0000000,0.0000000,0,0,0,0,755728457345958
192,1140285339,1000,1767,1767,2.7105441,-0.04214,-1,-1,-1,0,0,0,136,1,1,0,0.0000000,0.0000000,0.0000000,0,0,0,0,755728458352125
193,1140286339,1000,1768,1768,2.7120781,0.01966,-1,-1,-1,0,0,0,136,1,1,0,0.0000000,0.0000000,0.0000000,0,0,0,0,755728459344208
194,1140287339,1000,1768,1768,2.7120781,0.01889,-1,-1,-1,0,0,0,136,1,1,0,0.0000000,0.0000000,0.0000000,0,0,0,0,755728460342625
195,1140288339,1000,1768,1768,2.7120781,0.01815,-1,-1,-1,0,0,0,136,1,1,0,0.0000000,0.0000000,0.0000000,0,0,0,0,755728461364166
196,1140289339,1000,1768,1768,2.7120781,0.01744,-1,-1,-1,0,0,0,136,1,1,0,0.0000000,0.0000000,0.0000000,0,0,0,0,755728462372375
197,1140290339,1000,1768,1768,2.7120781,0.01675,-1,-1,-1,0,0,0,136,1,1,0,0.0000000,0.0000000,0.0000000,0,0,0,0,755728463372458
198,1140291339,1000,1768,1768,2.7120781,0.01610,-1,-1,-1,0,0,0,136,1,1,0,0.0000000,0.0000000,0.0000000,0,0,0,0,755728464382458
199,1140292339,1000,1768,1768,2.7120781,0.01546,-1,-1,-1,0,0,0,136,1,1,0,0.0000000,0.0000000,0.0000000,0,0,0,0,755728465354083
200,1140293339,1000,1768,1768,2.7120781,0.01486,-1,-1,-1,0,0,0,136,1,1,0,0.0000000,0.0000000,0.0000000,0,0,0,0,755728466352666
201,1140294339,1000,1768,1768,2.7120781,0.01428,-1,-1,-1,0,0,0,136,1,1,0,0.0000000,0.0000000,0.0000000,0,0,0,0,755728467346416
202,1140295339,1000,1768,1768,2.7120781,0.01372,-1,-1,-1,0,0,0,136,1,1,0,0.0000000,0.0000000,0.0000000,0,0,0,0,755728468347750
203,1140296339,1000,1768,1768,2.7120781,0.01318,-1,-1,-1,0,0,0,136,1,1,0,0.0000000,0.0000000,0.0000000,0,0,0,0,755728469347791
204,1140297339,1000,1768,1768,2.7120781,0.01266,-1,-1,-1,0,0,0,136,1,1,0,0.0000000,0.0000000,0.0000000,0,0,0,0,755728470344250
205,1140298339,1000,1768,1768,2.7120781,0.01216,-1,-1,-1,0,0,0,136,1,1,0,0.0000000,0.0000000,0.0000000,0,0,0,0,755728471360416
206,1140299339,1000,1768,1768,2.7120781,0.01169,-1,-1,-1,0,0,0,136,1,1,0,0.0000000,0.0000000,0.0000000,0,0,0,0,755728472350375
207,1140300339,1000,1768,1768,2.7120781,0.01123,-1,-1,-1,0,0,0,136,1,1,0,0.0000000,0.0000000,0.0000000,0,0,0,0,755728473348500
208,1140301339,1000,1768,1768,2.7120781,0.01079,-1,-1,-1,0,0,0,136,1,1,0,0.0000000,0.0000000,0.0000000,0,0,0,0,755728474427875
209,1140302339,1000,1769,1769,2.7136121,0.07051,39,128,1943,0,0,0,136,1,1,0,0.0000000,0.0000000,0.0000000,0,0,0,0,755728475776875
210,1140303339,1000,1769,1769,2.7136121,0.06775,-1,-1,-1,0,0,0,136,1,1,0,0.0000000,0.0000000,0.0000000,0,0,0,0,755728476388375
211,1140304339,1000,1769,1769,2.7136121,0.06509,-1,-1,-1,0,0,0,136,1,1,0,0.0000000,0.0000000,0.0000000,0,0,0,0,755728477382458
212,1140305339,1000,1768,1768,2.7120781,0.00239,-1,-1,-1,0,0,0,136,1,1,0,0.0000000,0.0000000,0.0000000,0,0,0,0,755728478371291
213,1140306339,1000,1769,1769,2.7136121,0.06245,-1,-1,-1,0,0,0,136,1,1,0,0.0000000,0.0000000,0.0000000,0,0,0,0,755728479432375
214,1140307339,1000,1769,1769,2.7136121,0.06000,-1,-1,-1,0,0,0,136,1,1,0,0.0000000,0.0000000,0.0000000,0,0,0,0,755728480385333
215,1140308339,1000,1769,1769,2.7136121,0.05765,-1,-1,-1,0,0,0,136,1,1,0,0.0000000,0.0000000,0.0000000,0,0,0,0,755728481401708
216,1140309339,1000,1769,1769,2.7136121,0.05539,-1,-1,-1,0,0,0,136,1,1,0,0.0000000,0.0000000,0.0000000,0,0,0,0,755728482459458
217,1140310339,1000,1769,1769,2.7136121,0.05321,-1,-1,-1,0,0,0,136,1,1,0,0.0000000,0.0000000,0.0000000,0,0,0,0,755728483461333
218,1140311339,1000,1769,1769,2.7136121,0.05113,-1,-1,-1,0,0,0,136,1,1,0,0.0000000,0.0000000,0.0000000,0,0,0,0,755728484655166
219,1140312339,1000,1769,1769,2.7136121,0.04912,-1,-1,-1,0,0,0,135,1,1,0,0.0000000,0.0000000,0.0000000,0,0,0,0,755728485622375
220,1140313339,1000,1770,1770,2.7151461,0.10734,-1,-1,-1,0,0,0,136,1,1,0,0.0000000,0.0000000,0.0000000,0,0,0,0,755728486595708
221,1140314339,1000,1769,1769,2.7136121,0.04299,-1,-1,-1,0,0,0,136,1,1,0,0.0000000,0.0000000,0.0000000,0,0,0,0,755728487426666
222,1140315339,1000,1770,1770,2.7151461,0.10145,-1,-1,-1,0,0,0,136,1,1,0,0.0000000,0.0000000,0.0000000,0,0,0,0,755728488400625
223,1140316339,1000,1769,1769,2.7136121,0.03732,-1,-1,-1,0,0,0,136,1,1,0,0.0000000,0.0000000,0.0000000,0,0,0,0,755728489377041
224,1140317339,1000,1770,1770,2.7151461,0.09601,-1,-1,-1,0,0,0,136,1,1,0,0.0000000,0.0000000,0.0000000,0,0,0,0,755728490367458
225,1140318339,1000,1770,1770,2.7151461,0.09224,-1,-1,-1,0,0,0,136,1,1,0,0.0000000,0.0000000,0.0000000,0,0,0,0,755728491363333
226,1140319339,1000,1770,1770,2.7151461,0.08863,-1,-1,-1,0,0,0,136,1,1,0,0.0000000,0.0000000,0.0000000,0,0,0,0,755728492363791
227,1140320339,1000,1770,1770,2.7151461,0.08515,-1,-1,-1,0,0,0,136,1,1,0,0.0000000,0.0000000,0.0000000,0,0,0,0,755728493359291
228,1140321339,1000,1770,1770,2.7151461,0.08181,-1,-1,-1,0,0,0,136,1,1,0,0.0000000,0.0000000,0.0000000,0,0,0,0,755728494364291
229,1140322339,1000,1770,1770,2.7151461,0.07861,-1,-1,-1,0,0,0,136,1,1,0,0.0000000,0.0000000,0.0000000,0,0,0,0,755728495398500
230,1140323339,1000,1770,1770,2.7151461,0.07552,-1,-1,-1,0,0,0,136,1,1,0,0.0000000,0.0000000,0.0000000,0,0,0,0,755728496364333
231,1140324339,1000,1770,1770,2.7151461,0.07256,-1,-1,-1,0,0,0,136,1,1,0,0.0000000,0.0000000,0.0000000,0,0,0,0,755728497346291
232,1140325339,1000,1770,1770,2.7151461,0.06972,-1,-1,-1,0,0,0,136,1,1,0,0.0000000,0.0000000,0.0000000,0,0,0,0,755728498352750
233,1140326339,1000,1770,1770,2.7151461,0.06698,-1,-1,-1,0,0,0,136,1,1,0,0.0000000,0.0000000,0.0000000,0,0,0,0,755728499336166
234,1140327339,1000,1771,1771,2.7166800,0.12450,-1,-1,-1,0,0,0,136,1,1,0,0.0000000,0.0000000,0.0000000,0,0,0,0,755728500349958
235,1140328339,1000,1771,1771,2.7166800,0.11962,-1,-1,-1,0,0,0,136,1,1,0,0.0000000,0.0000000,0.0000000,0,0,0,0,755728501339375
236,1140329339,1000,1771,1771,2.7166800,0.11493,-1,-1,-1,0,0,0,136,1,1,0,0.0000000,0.0000000,0.0000000,0,0,0,0,755728502344083
237,1140330339,1000,1771,1771,2.7166800,0.11043,-1,-1,-1,0,0,0,136,1,1,0,0.0000000,0.0000000,0.0000000,0,0,0,0,755728503345666
238,1140331339,1000,1771,1771,2.7166800,0.10610,-1,-1,-1,0,0,0,136,1,1,0,0.0000000,0.0000000,0.0000000,0,0,0,0,755728504349041
239,1140332339,1000,1771,1771,2.7166800,0.10194,-1,-1,-1,0,0,0,136,1,1,0,0.0000000,0.0000000,0.0000000,0,0,0,0,755728505342125
240,1140333339,1000,1771,1771,2.7166800,0.09794,-1,-1,-1,0,0,0,136,1,1,0,0.0000000,0.0000000,0.0000000,0,0,0,0,755728506344166
241,1140334339,1000,1771,1771,2.7166800,0.09410,-1,-1,-1,0,0,0,136,1,1,0,0.0000000,0.0000000,0.0000000,0,0,0,0,755728507344041
242,1140335339,1000,1771,1771,2.7166800,0.09041,-1,-1,-1,0,0,0,136,1,1,0,0.0000000,0.0000000,0.0000000,0,0,0,0,755728508345041
243,1140336339,1000,1771,1771,2.7166800,0.08686,-1,-1,-1,0,0,0,136,1,1,0,0.0000000,0.0000000,0.0000000,0,0,0,0,755728509352958
244,1140337339,1000,1771,1771,2.7166800,0.08346,-1,-1,-1,0,0,0,136,1,1,0,0.0000000,0.0000000,0.0000000,0,0,0,0,755728510363291
245,1140338339,1000,1771,1771,2.7166800,0.08019,-1,-1,-1,0,0,0,136,1,1,0,0.0000000,0.0000000,0.0000000,0,0,0,0,755728511375625
246,1140339339,1000,1771,1771,2.7166800,0.07704,-1,-1,-1,0,0,0,136,1,1,0,0.0000000,0.0000000,0.0000000,0,0,0,0,755728512368000
247,1140340339,1000,1772,1772,2.7182140,0.13417,-1,-1,-1,0,0,0,136,1,1,0,0.0000000,0.0000000,0.0000000,0,0,0,0,755728513397708
248,1140341339,1000,1772,1772,2.7182140,0.12891,-1,-1,-1,0,0,0,136,1,1,0,0.0000000,0.0000000,0.0000000,0,0,0,0,755728514407833
249,1140342339,1000,1772,1772,2.7182140,0.12385,-1,-1,-1,0,0,0,136,1,1,0,0.0000000,0.0000000,0.0000000,0,0,0,0,755728515434333
250,1140343339,1000,1772,1772,2.7182140,0.11900,-1,-1,-1,0,0,0,136,1,1,0,0.0000000,0.0000000,0.0000000,0,0,0,0,755728516636291
251,1140344339,1000,1772,1772,2.7182140,0.11433,-1,-1,-1,0,0,0,136,1,1,0,0.0000000,0.0000000,0.0000000,0,0,0,0,755728517585666
252,1140345339,1000,1772,1772,2.7182140,0.10985,-1,-1,-1,0,0,0,136,1,1,0,0.0000000,0.0000000,0.0000000,0,0,0,0,755728518585125
253,1140346339,1000,1772,1772,2.7182140,0.10554,-1,-1,-1,0,0,0,136,1,1,0,0.0000000,0.0000000,0.0000000,0,0,0,0,755728519360875
254,1140347339,1000,1772,1772,2.7182140,0.10140,-1,-1,-1,0,0,0,136,1,1,0,0.0000000,0.0000000,0.0000000,0,0,0,0,755728520356125
255,1140348339,1000,1772,1772,2.7182140,0.09743,-1,-1,-1,0,0,0,136,1,1,0,0.0000000,0.0000000,0.0000000,0,0,0,0,755728521384375
256,1140349339,1000,1772,1772,2.7182140,0.09361,-1,-1,-1,0,0,0,136,1,1,0,0.0000000,0.0000000,0.0000000,0,0,0,0,755728522362125
257,1140350339,1000,1772,1772,2.7182140,0.08994,-1,-1,-1,0,0,0,136,1,1,0,0.0000000,0.0000000,0.0000000,0,0,0,0,755728523356291
258,1140351339,1000,1772,1772,2.7182140,0.08641,-1,-1,-1,0,0,0,136,1,1,0,0.0000000,0.0000000,0.0000000,0,0,0,0,755728524351833
259,1140352339,1000,1772,1772,2.7182140,0.08302,39,128,1922,0,0,0,136,1,1,0,0.0000000,0.0000000,0.0000000,0,0,0,0,755728525775666
260,1140353339,1000,1772,1772,2.7182140,0.07977,-1,-1,-1,0,0,0,136,1,1,0,0.0000000,0.0000000,0.0000000,0,0,0,0,755728526390958
261,1140354339,1000,1772,1772,2.7182140,0.07664,-1,-1,-1,0,0,0,136,1,1,0,0.0000000,0.0000000,0.0000000,0,0,0,0,755728527378958
262,1140355339,1000,1772,1772,2.7182140,0.07363,-1,-1,-1,0,0,0,136,1,1,0,0.0000000,0.0000000,0.0000000,0,0,0,0,755728528366791
263,1140356339,1000,1773,1773,2.7197480,0.13089,-1,-1,-1,0,0,0,136,1,1,0,0.0000000,0.0000000,0.0000000,0,0,0,0,755728529248916
264,1140357339,1000,1773,1773,2.7197480,0.12576,-1,-1,-1,0,0,0,136,1,1,0,0.0000000,0.0000000,0.0000000,0,0,0,0,755728530436750
265,1140358339,1000,1773,1773,2.7197480,0.12083,-1,-1,-1,0,0,0,136,1,1,0,0.0000000,0.0000000,0.0000000,0,0,0,0,755728531357125
266,1140359339,1000,1773,1773,2.7197480,0.11609,-1,-1,-1,0,0,0,136,1,1,0,0.0000000,0.0000000,0.0000000,0,0,0,0,755728532349666
267,1140360339,1000,1773,1773,2.7197480,0.11154,-1,-1,-1,0,0,0,136,1,1,0,0.0000000,0.0000000,0.0000000,0,0,0,0,755728533346750
268,1140361339,1000,1773,1773,2.7197480,0.10717,-1,-1,-1,0,0,0,136,1,1,0,0.0000000,0.0000000,0.0000000,0,0,0,0,755728534343250
269,1140362339,1000,1773,1773,2.7197480,0.10297,-1,-1,-1,0,0,0,136,1,1,0,0.0000000,0.0000000,0.0000000,0,0,0,0,755728535352250
270,1140363339,1000,1773,1773,2.7197480,0.09893,-1,-1,-1,0,0,0,136,1,1,0,0.0000000,0.0000000,0.0000000,0,0,0,0,755728536347125
271,1140364339,1000,1773,1773,2.7197480,0.09505,-1,-1,-1,0,0,0,136,1,1,0,0.0000000,0.0000000,0.0000000,0,0,0,0,755728537340250
272,1140365339,1000,1773,1773,2.7197480,0.09132,-1,-1,-1,0,0,0,136,1,1,0,0.0000000,0.0000000,0.0000000,0,0,0,0,755728538357083
273,1140366339,1000,1773,1773,2.7197480,0.08774,-1,-1,-1,0,0,0,136,1,1,0,0.0000000,0.0000000,0.0000000,0,0,0,0,755728539361083
274,1140367339,1000,1773,1773,2.7197480,0.08430,-1,-1,-1,0,0,0,136,1,1,0,0.0000000,0.0000000,0.0000000,0,0,0,0,755728540342208
275,1140368339,1000,1773,1773,2.7197480,0.08100,-1,-1,-1,0,0,0,136,1,1,0,0.0000000,0.0000000,0.0000000,0,0,0,0,755728541355583
276,1140369339,1000,1773,1773,2.7197480,0.07782,-1,-1,-1,0,0,0,136,1,1,0,0.0000000,0.0000000,0.0000000,0,0,0,0,755728542367291
277,1140370339,1000,1773,1773,2.7197480,0.07477,-1,-1,-1,0,0,0,136,1,1,0,0.0000000,0.0000000,0.0000000,0,0,0,0,755728543349416
278,1140371339,1000,1773,1773,2.7197480,0.07184,-1,-1,-1,0,0,0,136,1,1,0,0.0000000,0.0000000,0.0000000,0,0,0,0,755728544393625
279,1140372339,1000,1773,1773,2.7197480,0.06902,-1,-1,-1,0,0,0,136,1,1,0,0.0000000,0.0000000,0.0000000,0,0,0,0,755728545390250
280,1140373339,1000,1773,1773,2.7197480,0.06631,-1,-1,-1,0,0,0,136,1,1,0,0.0000000,0.0000000,0.0000000,0,0,0,0,755728546646041
281,1140374339,1000,1773,1773,2.7197480,0.06371,-1,-1,-1,0,0,0,136,1,1,0,0.0000000,0.0000000,0.0000000,0,0,0,0,755728547804166
282,1140375339,1000,1773,1773,2.7197480,0.06121,-1,-1,-1,0,0,0,136,1,1,0,0.0000000,0.0000000,0.0000000,0,0,0,0,755728548617250
283,1140376339,1000,1773,1773,2.7197480,0.05881,-1,-1,-1,0,0,0,136,1,1,0,0.0000000,0.0000000,0.0000000,0,0,0,0,755728549525541
284,1140377339,1000,1773,1773,2.7197480,0.05651,-1,-1,-1,0,0,0,136,1,1,0,0.0000000,0.0000000,0.0000000,0,0,0,0,755728550496583
285,1140378339,1000,1773,1773,2.7197480,0.05429,-1,-1,-1,0,0,0,136,1,1,0,0.0000000,0.0000000,0.0000000,0,0,0,0,755728551485625
286,1140379339,1000,1773,1773,2.7197480,0.05216,-1,-1,-1,0,0,0,136,1,1,0,0.0000000,0.0000000,0.0000000,0,0,0,0,755728552498541
287,1140380339,1000,1773,1773,2.7197480,0.05012,-1,-1,-1,0,0,0,136,1,1,0,0.0000000,0.0000000,0.0000000,0,0,0,0,755728553488041
288,1140381339,1000,1773,1773,2.7197480,0.04815,-1,-1,-1,0,0,0,136,1,1,0,0.0000000,0.0000000,0.0000000,0,0,0,0,755728554447041
289,1140382339,1000,1773,1773,2.7197480,0.04627,-1,-1,-1,0,0,0,136,1,1,0,0.0000000,0.0000000,0.0000000,0,0,0,0,755728555440791
290,1140383339,1000,1773,1773,2.7197480,0.04445,-1,-1,-1,0,0,0,136,1,1,0,0.0000000,0.0000000,0.0000000,0,0,0,0,755728556470791
291,1140384339,1000,1773,1773,2.7197480,0.04271,-1,-1,-1,0,0,0,136,1,1,0,0.0000000,0.0000000,0.0000000,0,0,0,0,755728557430250
292,1140385339,1000,1773,1773,2.7197480,0.04103,-1,-1,-1,0,0,0,136,1,1,0,0.0000000,0.0000000,0.0000000,0,0,0,0,755728558463833
293,1140386339,1000,1773,1773,2.7197480,0.03942,-1,-1,-1,0,0,0,136,1,1,0,0.0000000,0.0000000,0.0000000,0,0,0,0,755728559430666
294,1140387339,1000,1773,1773,2.7197480,0.03788,-1,-1,-1,0,0,0,136,1,1,0,0.0000000,0.0000000,0.0000000,0,0,0,0,755728560427416
295,1140388339,1000,1773,1773,2.7197480,0.03639,-1,-1,-1,0,0,0,136,1,1,0,0.0000000,0.0000000,0.0000000,0,0,0,0,755728561423125
296,1140389339,1000,1773,1773,2.7197480,0.03497,-1,-1,-1,0,0,0,136,1,1,0,0.0000000,0.0000000,0.0000000,0,0,0,0,755728562406833
297,1140390339,1000,1773,1773,2.7197480,0.03360,-1,-1,-1,0,0,0,136,1,1,0,0.0000000,0.0000000,0.0000000,0,0,0,0,755728563376833
298,1140391339,1000,1773,1773,2.7197480,0.03228,-1,-1,-1,0,0,0,136,1,1,0,0.0000000,0.0000000,0.0000000,0,0,0,0,755728564378333
299,1140392339,1000,1773,1773,2.7197480,0.03101,-1,-1,-1,0,0,0,136,1,1,0,0.0000000,0.0000000,0.0000000,0,0,0,0,755728565373333
300,1140393339,1000,1773,1773,2.7197480,0.02980,-1,-1,-1,0,0,0,136,1,1,0,0.0000000,0.0000000,0.0000000,0,0,0,0,755728566310541
301,1140394339,1000,1773,1773,2.7197480,0.02863,-1,-1,-1,0,0,0,136,1,1,0,0.0000000,0.0000000,0.0000000,0,0,0,0,755728567422416
302,1140395339,1000,1773,1773,2.7197480,0.02751,-1,-1,-1,0,0,0,136,1,1,0,0.0000000,0.0000000,0.0000000,0,0,0,0,755728568394833
303,1140396339,1000,1773,1773,2.7197480,0.02643,-1,-1,-1,0,0,0,136,1,1,0,0.0000000,0.0000000,0.0000000,0,0,0,0,755728569364250
304,1140397339,1000,1772,1772,2.7182140,-0.03476,-1,-1,-1,0,0,0,136,1,1,0,0.0000000,0.0000000,0.0000000,0,0,0,0,755728570307666
305,1140398339,1000,1773,1773,2.7197480,0.02675,-1,-1,-1,0,0,0,136,1,1,0,0.0000000,0.0000000,0.0000000,0,0,0,0,755728571274250
306,1140399339,1000,1773,1773,2.7197480,0.02570,-1,-1,-1,0,0,0,136,1,1,0,0.0000000,0.0000000,0.0000000,0,0,0,0,755728572255333
307,1140400339,1000,1773,1773,2.7197480,0.02470,-1,-1,-1,0,0,0,136,1,1,0,0.0000000,0.0000000,0.0000000,0,0,0,0,755728573384583
308,1140401339,1000,1773,1773,2.7197480,0.02373,-1,-1,-1,0,0,0,136,1,1,0,0.0000000,0.0000000,0.0000000,0,0,0,0,755728574248375
309,1140402339,1000,1773,1773,2.7197480,0.02280,39,128,1918,0,0,0,136,1,1,0,0.0000000,0.0000000,0.0000000,0,0,0,0,755728575784583
310,1140403339,1000,1773,1773,2.7197480,0.02190,-1,-1,-1,0,0,0,136,1,1,0,0.0000000,0.0000000,0.0000000,0,0,0,0,755728576627583
311,1140404339,1000,1773,1773,2.7197480,0.02105,-1,-1,-1,0,0,0,136,1,1,0,0.0000000,0.0000000,0.0000000,0,0,0,0,755728577574541
312,1140405339,1000,1773,1773,2.7197480,0.02022,-1,-1,-1,0,0,0,136,1,1,0,0.0000000,0.0000000,0.0000000,0,0,0,0,755728578375083
313,1140406339,1000,1773,1773,2.7197480,0.01943,-1,-1,-1,0,0,0,136,1,1,0,0.0000000,0.0000000,0.0000000,0,0,0,0,755728579384708
314,1140407339,1000,1773,1773,2.7197480,0.01867,-1,-1,-1,0,0,0,136,1,1,0,0.0000000,0.0000000,0.0000000,0,0,0,0,755728580355791
315,1140408339,1000,1773,1773,2.7197480,0.01793,-1,-1,-1,0,0,0,136,1,1,0,0.0000000,0.0000000,0.0000000,0,0,0,0,755728581367375
316,1140409339,1000,1773,1773,2.7197480,0.01723,-1,-1,-1,0,0,0,136,1,1,0,0.0000000,0.0000000,0.0000000,0,0,0,0,755728582205916
317,1140410339,1000,1773,1773,2.7197480,0.01655,-1,-1,-1,0,0,0,135,1,1,0,0.0000000,0.0000000,0.0000000,0,0,0,0,755728583185083
318,1140411339,1000,1773,1773,2.7197480,0.01591,-1,-1,-1,0,0,0,136,1,1,0,0.0000000,0.0000000,0.0000000,0,0,0,0,755728584169791
319,1140412339,1000,1773,1773,2.7197480,0.01528,-1,-1,-1,0,0,0,136,1,1,0,0.0000000,0.0000000,0.0000000,0,0,0,0,755728585179291
320,1140413339,1000,1773,1773,2.7197480,0.01468,-1,-1,-1,0,0,0,136,1,1,0,0.0000000,0.0000000,0.0000000,0,0,0,0,755728586226166
321,1140414339,1000,1772,1772,2.7182140,-0.04604,-1,-1,-1,0,0,0,136,1,1,0,0.0000000,0.0000000,0.0000000,0,0,0,0,755728587226166
322,1140415339,1000,1772,1772,2.7182140,-0.04424,-1,-1,-1,0,0,0,136,1,1,0,0.0000000,0.0000000,0.0000000,0,0,0,0,755728588246416
323,1140416339,1000,1773,1773,2.7197480,0.01765,-1,-1,-1,0,0,0,136,1,1,0,0.0000000,0.0000000,0.0000000,0,0,0,0,755728589227125
324,1140417339,1000,1772,1772,2.7182140,-0.04319,-1,-1,-1,0,0,0,136,1,1,0,0.0000000,0.0000000,0.0000000,0,0,0,0,755728590247750
325,1140418339,1000,1772,1772,2.7182140,-0.04150,-1,-1,-1,0,0,0,136,1,1,0,0.0000000,0.0000000,0.0000000,0,0,0,0,755728591224291
326,1140419339,1000,1772,1772,2.7182140,-0.03987,-1,-1,-1,0,0,0,136,1,1,0,0.0000000,0.0000000,0.0000000,0,0,0,0,755728592250791
327,1140420339,1000,1772,1772,2.7182140,-0.03831,-1,-1,-1,0,0,0,136,1,1,0,0.0000000,0.0000000,0.0000000,0,0,0,0,755728593226541
328,1140421339,1000,1771,1771,2.7166800,-0.09696,-1,-1,-1,0,0,0,136,1,1,0,0.0000000,0.0000000,0.0000000,0,0,0,0,755728594283541
329,1140422339,1000,1772,1772,2.7182140,-0.03301,-1,-1,-1,0,0,0,136,1,1,0,0.0000000,0.0000000,0.0000000,0,0,0,0,755728595275250
330,1140423339,1000,1772,1772,2.7182140,-0.03171,-1,-1,-1,0,0,0,136,1,1,0,0.0000000,0.0000000,0.0000000,0,0,0,0,755728596288250
331,1140424339,1000,1772,1772,2.7182140,-0.03047,-1,-1,-1,0,0,0,136,1,1,0,0.0000000,0.0000000,0.0000000,0,0,0,0,755728597264625
332,1140425339,1000,1771,1771,2.7166800,-0.08942,-1,-1,-1,0,0,0,136,1,1,0,0.0000000,0.0000000,0.0000000,0,0,0,0,755728598338458
333,1140426339,1000,1772,1772,2.7182140,-0.02577,-1,-1,-1,0,0,0,136,1,1,0,0.0000000,0.0000000,0.0000000,0,0,0,0,755728599331000
334,1140427339,1000,1771,1771,2.7166800,-0.08490,-1,-1,-1,0,0,0,136,1,1,0,0.0000000,0.0000000,0.0000000,0,0,0,0,755728600330708
335,1140428339,1000,1771,1771,2.7166800,-0.08158,-1,-1,-1,0,0,0,136,1,1,0,0.0000000,0.0000000,0.0000000,0,0,0,0,755728601337416
336,1140429339,1000,1771,1771,2.7166800,-0.07838,-1,-1,-1,0,0,0,136,1,1,0,0.0000000,0.0000000,0.0000000,0,0,0,0,755728602343666
337,1140430339,1000,1771,1771,2.7166800,-0.07530,-1,-1,-1,0,0,0,136,1,1,0,0.0000000,0.0000000,0.0000000,0,0,0,0,755728603323541
338,1140431339,1000,1771,1771,2.7166800,-0.07235,-1,-1,-1,0,0,0,136,1,1,0,0.0000000,0.0000000,0.0000000,0,0,0,0,755728604401458
339,1140432339,1000,1770,1770,2.7151461,-0.12966,-1,-1,-1,0,0,0,136,1,1,0,0.0000000,0.0000000,0.0000000,0,0,0,0,755728605394750
340,1140433339,1000,1770,1770,2.7151461,-0.12458,-1,-1,-1,0,0,0,136,1,1,0,0.0000000,0.0000000,0.0000000,0,0,0,0,755728606352916
341,1140434339,1000,1770,1770,2.7151461,-0.11969,-1,-1,-1,0,0,0,136,1,1,0,0.0000000,0.0000000,0.0000000,0,0,0,0,755728607326458
342,1140435339,1000,1770,1770,2.7151461,-0.11500,-1,-1,-1,0,0,0,136,1,1,0,0.0000000,0.0000000,0.0000000,0,0,0,0,755728608347250
343,1140436339,1000,1770,1770,2.7151461,-0.11049,-1,-1,-1,0,0,0,136,1,1,0,0.0000000,0.0000000,0.0000000,0,0,0,0,755728609334083
344,1140437339,1000,1770,1770,2.7151461,-0.10616,-1,-1,-1,0,0,0,136,1,1,0,0.0000000,0.0000000,0.0000000,0,0,0,0,755728610553791
345,1140438339,1000,1770,1770,2.7151461,-0.10200,-1,-1,-1,0,0,0,136,1,1,0,0.0000000,0.0000000,0.0000000,0,0,0,0,755728611550541
346,1140439339,1000,1770,1770,2.7151461,-0.09800,-1,-1,-1,0,0,0,136,1,1,0,0.0000000,0.0000000,0.0000000,0,0,0,0,755728612553416
347,1140440339,1000,1769,1769,2.7136121,-0.15430,-1,-1,-1,0,0,0,136,1,1,0,0.0000000,0.0000000,0.0000000,0,0,0,0,755728613556500
348,1140441339,1000,1769,1769,2.7136121,-0.14825,-1,-1,-1,0,0,0,136,1,1,0,0.0000000,0.0000000,0.0000000,0,0,0,0,755728614546708
349,1140442339,1000,1769,1769,2.7136121,-0.14244,-1,-1,-1,0,0,0,136,1,1,0,0.0000000,0.0000000,0.0000000,0,0,0,0,755728615468791
350,1140443339,1000,1769,1769,2.7136121,-0.13685,-1,-1,-1,0,0,0,136,1,1,0,0.0000000,0.0000000,0.0000000,0,0,0,0,755728616330125
351,1140444339,1000,1769,1769,2.7136121,-0.13149,-1,-1,-1,0,0,0,136,1,1,0,0.0000000,0.0000000,0.0000000,0,0,0,0,755728617325416
352,1140445339,1000,1769,1769,2.7136121,-0.12633,-1,-1,-1,0,0,0,136,1,1,0,0.0000000,0.0000000,0.0000000,0,0,0,0,755728618333041
353,1140446339,1000,1768,1768,2.7120781,-0.18153,-1,-1,-1,0,0,0,136,1,1,0,0.0000000,0.0000000,0.0000000,0,0,0,0,755728619330416
354,1140447339,1000,1768,1768,2.7120781,-0.17441,-1,-1,-1,0,0,0,136,1,1,0,0.0000000,0.0000000,0.0000000,0,0,0,0,755728620341958
355,1140448339,1000,1768,1768,2.7120781,-0.16757,-1,-1,-1,0,0,0,136,1,1,0,0.0000000,0.0000000,0.0000000,0,0,0,0,755728621333333
356,1140449339,1000,1768,1768,2.7120781,-0.16100,-1,-1,-1,0,0,0,136,1,1,0,0.0000000,0.0000000,0.0000000,0,0,0,0,755728622327166
357,1140450339,1000,1768,1768,2.7120781,-0.15469,-1,-1,-1,0,0,0,136,1,1,0,0.0000000,0.0000000,0.0000000,0,0,0,0,755728623326375
358,1140451339,1000,1768,1768,2.7120781,-0.14862,-1,-1,-1,0,0,0,136,1,1,0,0.0000000,0.0000000,0.0000000,0,0,0,0,755728624327916
359,1140452339,1000,1767,1767,2.7105441,-0.20294,39,128,1934,0,0,0,136,1,1,0,0.0000000,0.0000000,0.0000000,0,0,0,0,755728625688625
360,1140453339,1000,1768,1768,2.7120781,-0.13484,-1,-1,-1,0,0,0,136,1,1,0,0.0000000,0.0000000,0.0000000,0,0,0,0,755728626314791
361,1140454339,1000,1768,1768,2.7120781,-0.12955,-1,-1,-1,0,0,0,136,1,1,0,0.0000000,0.0000000,0.0000000,0,0,0,0,755728627324791
362,1140455339,1000,1767,1767,2.7105441,-0.18462,-1,-1,-1,0,0,0,136,1,1,0,0.0000000,0.0000000,0.0000000,0,0,0,0,755728628346625
363,1140456339,1000,1767,1767,2.7105441,-0.17738,-1,-1,-1,0,0,0,136,1,1,0,0.0000000,0.0000000,0.0000000,0,0,0,0,755728629331625
364,1140457339,1000,1767,1767,2.7105441,-0.17042,-1,-1,-1,0,0,0,136,1,1,0,0.0000000,0.0000000,0.0000000,0,0,0,0,755728630570083
365,1140458339,1000,1767,1767,2.7105441,-0.16374,-1,-1,-1,0,0,0,136,1,1,0,0.0000000,0.0000000,0.0000000,0,0,0,0,755728631551333
366,1140459339,1000,1766,1766,2.7090101,-0.21747,-1,-1,-1,0,0,0,136,1,1,0,0.0000000,0.0000000,0.0000000,0,0,0,0,755728632551708
367,1140460339,1000,1766,1766,2.7090101,-0.20894,-1,-1,-1,0,0,0,136,1,1,0,0.0000000,0.0000000,0.0000000,0,0,0,0,755728633423875
368,1140461339,1000,1766,1766,2.7090101,-0.20075,-1,-1,-1,0,0,0,136,1,1,0,0.0000000,0.0000000,0.0000000,0,0,0,0,755728634329541
369,1140462339,1000,1766,1766,2.7090101,-0.19288,-1,-1,-1,0,0,0,136,1,1,0,0.0000000,0.0000000,0.0000000,0,0,0,0,755728635339291
370,1140463339,1000,1766,1766,2.7090101,-0.18532,-1,-1,-1,0,0,0,136,1,1,0,0.0000000,0.0000000,0.0000000,0,0,0,0,755728636339000
371,1140464339,1000,1766,1766,2.7090101,-0.17805,-1,-1,-1,0,0,0,136,1,1,0,0.0000000,0.0000000,0.0000000,0,0,0,0,755728637334333
372,1140465339,1000,1766,1766,2.7090101,-0.17107,-1,-1,-1,0,0,0,136,1,1,0,0.0000000,0.0000000,0.0000000,0,0,0,0,755728638331375
373,1140466339,1000,1766,1766,2.7090101,-0.16436,-1,-1,-1,0,0,0,136,1,1,0,0.0000000,0.0000000,0.0000000,0,0,0,0,755728639328708
374,1140467339,1000,1766,1766,2.7090101,-0.15792,-1,-1,-1,0,0,0,136,1,1,0,0.0000000,0.0000000,0.0000000,0,0,0,0,755728640329500
375,1140468339,1000,1766,1766,2.7090101,-0.15172,-1,-1,-1,0,0,0,136,1,1,0,0.0000000,0.0000000,0.0000000,0,0,0,0,755728641329041
376,1140469339,1000,1766,1766,2.7090101,-0.14577,-1,-1,-1,0,0,0,136,1,1,0,0.0000000,0.0000000,0.0000000,0,0,0,0,755728642323708
377,1140470339,1000,1765,1765,2.7074761,-0.20021,-1,-1,-1,0,0,0,136,1,1,0,0.0000000,0.0000000,0.0000000,0,0,0,0,755728643337750
378,1140471339,1000,1766,1766,2.7090101,-0.13221,-1,-1,-1,0,0,0,136,1,1,0,0.0000000,0.0000000,0.0000000,0,0,0,0,755728644335125
379,1140472339,1000,1765,1765,2.7074761,-0.18717,-1,-1,-1,0,0,0,136,1,1,0,0.0000000,0.0000000,0.0000000,0,0,0,0,755728645329000
380,1140473339,1000,1765,1765,2.7074761,-0.17983,-1,-1,-1,0,0,0,135,1,1,0,0.0000000,0.0000000,0.0000000,0,0,0,0,755728646334666
381,1140474339,1000,1765,1765,2.7074761,-0.17278,-1,-1,-1,0,0,0,136,1,1,0,0.0000000,0.0000000,0.0000000,0,0,0,0,755728647333458
382,1140475339,1000,1766,1766,2.7090101,-0.10586,-1,-1,-1,0,0,0,136,1,1,0,0.0000000,0.0000000,0.0000000,0,0,0,0,755728648323791
383,1140476339,1000,1765,1765,2.7074761,-0.16186,-1,-1,-1,0,0,0,136,1,1,0,0.0000000,0.0000000,0.0000000,0,0,0,0,755728649327083
384,1140477339,1000,1765,1765,2.7074761,-0.15551,-1,-1,-1,0,0,0,136,1,1,0,0.0000000,0.0000000,0.0000000,0,0,0,0,755728650332333
385,1140478339,1000,1765,1765,2.7074761,-0.14941,-1,-1,-1,0,0,0,136,1,1,0,0.0000000,0.0000000,0.0000000,0,0,0,0,755728651385333
386,1140479339,1000,1765,1765,2.7074761,-0.14355,-1,-1,-1,0,0,0,136,1,1,0,0.0000000,0.0000000,0.0000000,0,0,0,0,755728652586583
387,1140480339,1000,1765,1765,2.7074761,-0.13792,-1,-1,-1,0,0,0,136,1,1,0,0.0000000,0.0000000,0.0000000,0,0,0,0,755728653549166
388,1140481339,1000,1765,1765,2.7074761,-0.13252,-1,-1,-1,0,0,0,136,1,1,0,0.0000000,0.0000000,0.0000000,0,0,0,0,755728654558291
389,1140482339,1000,1764,1764,2.7059422,-0.18747,-1,-1,-1,0,0,0,136,1,1,0,0.0000000,0.0000000,0.0000000,0,0,0,0,755728655350791
390,1140483339,1000,1765,1765,2.7074761,-0.11997,-1,-1,-1,0,0,0,136,1,1,0,0.0000000,0.0000000,0.0000000,0,0,0,0,755728656331875
391,1140484339,1000,1764,1764,2.7059422,-0.17541,-1,-1,-1,0,0,0,136,1,1,0,0.0000000,0.0000000,0.0000000,0,0,0,0,755728657318583
392,1140485339,1000,1764,1764,2.7059422,-0.16854,-1,-1,-1,0,0,0,136,1,1,0,0.0000000,0.0000000,0.0000000,0,0,0,0,755728658337583
393,1140486339,1000,1764,1764,2.7059422,-0.16193,-1,-1,-1,0,0,0,136,1,1,0,0.0000000,0.0000000,0.0000000,0,0,0,0,755728659366625
394,1140487339,1000,1764,1764,2.7059422,-0.15558,-1,-1,-1,0,0,0,136,1,1,0,0.0000000,0.0000000,0.0000000,0,0,0,0,755728660363791
395,1140488339,1000,1764,1764,2.7059422,-0.14948,-1,-1,-1,0,0,0,136,1,1,0,0.0000000,0.0000000,0.0000000,0,0,0,0,755728661349958
396,1140489339,1000,1764,1764,2.7059422,-0.14362,-1,-1,-1,0,0,0,136,1,1,0,0.0000000,0.0000000,0.0000000,0,0,0,0,755728662346666
397,1140490339,1000,1764,1764,2.7059422,-0.13799,-1,-1,-1,0,0,0,136,1,1,0,0.0000000,0.0000000,0.0000000,0,0,0,0,755728663343125
398,1140491339,1000,1764,1764,2.7059422,-0.13258,-1,-1,-1,0,0,0,136,1,1,0,0.0000000,0.0000000,0.0000000,0,0,0,0,755728664336750
399,1140492339,1000,1764,1764,2.7059422,-0.12738,-1,-1,-1,0,0,0,136,1,1,0,0.0000000,0.0000000,0.0000000,0,0,0,0,755728665337958
400,1140493339,1000,1764,1764,2.7059422,-0.12238,-1,-1,-1,0,0,0,136,1,1,0,0.0000000,0.0000000,0.0000000,0,0,0,0,755728666338916
401,1140494339,1000,1764,1764,2.7059422,-0.11758,-1,-1,-1,0,0,0,136,1,1,0,0.0000000,0.0000000,0.0000000,0,0,0,0,755728667351500
402,1140495339,1000,1764,1764,2.7059422,-0.11297,-1,-1,-1,0,0,0,136,1,1,0,0.0000000,0.0000000,0.0000000,0,0,0,0,755728668338750
403,1140496339,1000,1763,1763,2.7044082,-0.16869,-1,-1,-1,0,0,0,136,1,1,0,0.0000000,0.0000000,0.0000000,0,0,0,0,755728669336041
404,1140497339,1000,1764,1764,2.7059422,-0.10193,-1,-1,-1,0,0,0,136,1,1,0,0.0000000,0.0000000,0.0000000,0,0,0,0,755728670330083
405,1140498339,1000,1764,1764,2.7059422,-0.09793,-1,-1,-1,0,0,0,136,1,1,0,0.0000000,0.0000000,0.0000000,0,0,0,0,755728671332416
406,1140499339,1000,1763,1763,2.7044082,-0.15424,-1,-1,-1,0,0,0,136,1,1,0,0.0000000,0.0000000,0.0000000,0,0,0,0,755728672330041
407,1140500339,1000,1764,1764,2.7059422,-0.08804,-1,-1,-1,0,0,0,136,1,1,0,0.0000000,0.0000000,0.0000000,0,0,0,0,755728673329666
408,1140501339,1000,1764,1764,2.7059422,-0.08459,-1,-1,-1,0,0,0,135,1,1,0,0.0000000,0.0000000,0.0000000,0,0,0,0,755728674331500
409,1140502339,1000,1764,1764,2.7059422,-0.08128,39,128,1943,0,0,0,136,1,1,0,0.0000000,0.0000000,0.0000000,0,0,0,0,755728675751375
410,1140503339,1000,1764,1764,2.7059422,-0.07809,-1,-1,-1,0,0,0,136,1,1,0,0.0000000,0.0000000,0.0000000,0,0,0,0,755728676371208
411,1140504339,1000,1763,1763,2.7044082,-0.13517,-1,-1,-1,0,0,0,136,1,1,0,0.0000000,0.0000000,0.0000000,0,0,0,0,755728677345791
412,1140505339,1000,1764,1764,2.7059422,-0.06973,-1,-1,-1,0,0,0,136,1,1,0,0.0000000,0.0000000,0.0000000,0,0,0,0,755728678333708
413,1140506339,1000,1763,1763,2.7044082,-0.12714,-1,-1,-1,0,0,0,136,1,1,0,0.0000000,0.0000000,0.0000000,0,0,0,0,755728679343333
414,1140507339,1000,1764,1764,2.7059422,-0.06201,-1,-1,-1,0,0,0,136,1,1,0,0.0000000,0.0000000,0.0000000,0,0,0,0,755728680341208
415,1140508339,1000,1763,1763,2.7044082,-0.11972,-1,-1,-1,0,0,0,136,1,1,0,0.0000000,0.0000000,0.0000000,0,0,0,0,755728681333625
416,1140509339,1000,1763,1763,2.7044082,-0.11503,-1,-1,-1,0,0,0,136,1,1,0,0.0000000,0.0000000,0.0000000,0,0,0,0,755728682378791
417,1140510339,1000,1763,1763,2.7044082,-0.11052,-1,-1,-1,0,0,0,136,1,1,0,0.0000000,0.0000000,0.0000000,0,0,0,0,755728683432250
418,1140511339,1000,1763,1763,2.7044082,-0.10619,-1,-1,-1,0,0,0,136,1,1,0,0.0000000,0.0000000,0.0000000,0,0,0,0,755728684590041
419,1140512339,1000,1763,1763,2.7044082,-0.10202,-1,-1,-1,0,0,0,136,1,1,0,0.0000000,0.0000000,0.0000000,0,0,0,0,755728685564291
420,1140513339,1000,1763,1763,2.7044082,-0.09802,-1,-1,-1,0,0,0,136,1,1,0,0.0000000,0.0000000,0.0000000,0,0,0,0,755728686497333
421,1140514339,1000,1763,1763,2.7044082,-0.09418,-1,-1,-1,0,0,0,136,1,1,0,0.0000000,0.0000000,0.0000000,0,0,0,0,755728687353916
422,1140515339,1000,1763,1763,2.7044082,-0.09049,-1,-1,-1,0,0,0,136,1,1,0,0.0000000,0.0000000,0.0000000,0,0,0,0,755728688337083
423,1140516339,1000,1763,1763,2.7044082,-0.08694,-1,-1,-1,0,0,0,136,1,1,0,0.0000000,0.0000000,0.0000000,0,0,0,0,755728689341791
424,1140517339,1000,1763,1763,2.7044082,-0.08353,-1,-1,-1,0,0,0,136,1,1,0,0.0000000,0.0000000,0.0000000,0,0,0,0,755728690353583
425,1140518339,1000,1763,1763,2.7044082,-0.08025,-1,-1,-1,0,0,0,136,1,1,0,0.0000000,0.0000000,0.0000000,0,0,0,0,755728691343833
426,1140519339,1000,1763,1763,2.7044082,-0.07711,-1,-1,-1,0,0,0,136,1,1,0,0.0000000,0.0000000,0.0000000,0,0,0,0,755728692340416
427,1140520339,1000,1763,1763,2.7044082,-0.07408,-1,-1,-1,0,0,0,136,1,1,0,0.0000000,0.0000000,0.0000000,0,0,0,0,755728693339166
428,1140521339,1000,1763,1763,2.7044082,-0.07118,-1,-1,-1,0,0,0,136,1,1,0,0.0000000,0.0000000,0.0000000,0,0,0,0,755728694342541
429,1140522339,1000,1763,1763,2.7044082,-0.06839,-1,-1,-1,0,0,0,136,1,1,0,0.0000000,0.0000000,0.0000000,0,0,0,0,755728695336291
430,1140523339,1000,1763,1763,2.7044082,-0.06571,-1,-1,-1,0,0,0,136,1,1,0,0.0000000,0.0000000,0.0000000,0,0,0,0,755728696336458
431,1140524339,1000,1763,1763,2.7044082,-0.06313,-1,-1,-1,0,0,0,136,1,1,0,0.0000000,0.0000000,0.0000000,0,0,0,0,755728697340708
432,1140525339,1000,1763,1763,2.7044082,-0.06065,-1,-1,-1,0,0,0,136,1,1,0,0.0000000,0.0000000,0.0000000,0,0,0,0,755728698334625
433,1140526339,1000,1763,1763,2.7044082,-0.05828,-1,-1,-1,0,0,0,136,1,1,0,0.0000000,0.0000000,0.0000000,0,0,0,0,755728699359333
434,1140527339,1000,1763,1763,2.7044082,-0.05599,-1,-1,-1,0,0,0,136,1,1,0,0.0000000,0.0000000,0.0000000,0,0,0,0,755728700342333
435,1140528339,1000,1763,1763,2.7044082,-0.05380,-1,-1,-1,0,0,0,136,1,1,0,0.0000000,0.0000000,0.0000000,0,0,0,0,755728701346791
436,1140529339,1000,1763,1763,2.7044082,-0.05169,-1,-1,-1,0,0,0,136,1,1,0,0.0000000,0.0000000,0.0000000,0,0,0,0,755728702336208
437,1140530339,1000,1763,1763,2.7044082,-0.04966,-1,-1,-1,0,0,0,136,1,1,0,0.0000000,0.0000000,0.0000000,0,0,0,0,755728703330333
438,1140531339,1000,1763,1763,2.7044082,-0.04771,-1,-1,-1,0,0,0,136,1,1,0,0.0000000,0.0000000,0.0000000,0,0,0,0,755728704332125
439,1140532339,1000,1763,1763,2.7044082,-0.04584,-1,-1,-1,0,0,0,136,1,1,0,0.0000000,0.0000000,0.0000000,0,0,0,0,755728705347125
440,1140533339,1000,1763,1763,2.7044082,-0.04404,-1,-1,-1,0,0,0,136,1,1,0,0.0000000,0.0000000,0.0000000,0,0,0,0,755728706338083
441,1140534339,1000,1763,1763,2.7044082,-0.04232,-1,-1,-1,0,0,0,136,1,1,0,0.0000000,0.0000000,0.0000000,0,0,0,0,755728707350125
442,1140535339,1000,1763,1763,2.7044082,-0.04066,-1,-1,-1,0,0,0,136,1,1,0,0.0000000,0.0000000,0.0000000,0,0,0,0,755728708343583
443,1140536339,1000,1763,1763,2.7044082,-0.03906,-1,-1,-1,0,0,0,136,1,1,0,0.0000000,0.0000000,0.0000000,0,0,0,0,755728709342291
444,1140537339,1000,1763,1763,2.7044082,-0.03753,-1,-1,-1,0,0,0,136,1,1,0,0.0000000,0.0000000,0.0000000,0,0,0,0,755728710336416
445,1140538339,1000,1762,1762,2.7028742,-0.09621,-1,-1,-1,0,0,0,136,1,1,0,0.0000000,0.0000000,0.0000000,0,0,0,0,755728711334333
446,1140539339,1000,1763,1763,2.7044082,-0.03229,-1,-1,-1,0,0,0,136,1,1,0,0.0000000,0.0000000,0.0000000,0,0,0,0,755728712334291
447,1140540339,1000,1762,1762,2.7028742,-0.09117,-1,-1,-1,0,0,0,136,1,1,0,0.0000000,0.0000000,0.0000000,0,0,0,0,755728713333083
448,1140541339,1000,1762,1762,2.7028742,-0.08760,-1,-1,-1,0,0,0,136,1,1,0,0.0000000,0.0000000,0.0000000,0,0,0,0,755728714336750
449,1140542339,1000,1762,1762,2.7028742,-0.08416,-1,-1,-1,0,0,0,136,1,1,0,0.0000000,0.0000000,0.0000000,0,0,0,0,755728715559625
450,1140543339,1000,1762,1762,2.7028742,-0.08086,-1,-1,-1,0,0,0,136,1,1,0,0.0000000,0.0000000,0.0000000,0,0,0,0,755728716567041
451,1140544339,1000,1762,1762,2.7028742,-0.07769,-1,-1,-1,0,0,0,136,1,1,0,0.0000000,0.0000000,0.0000000,0,0,0,0,755728717562833
452,1140545339,1000,1762,1762,2.7028742,-0.07464,-1,-1,-1,0,0,0,136,1,1,0,0.0000000,0.0000000,0.0000000,0,0,0,0,755728718401041
453,1140546339,1000,1762,1762,2.7028742,-0.07172,-1,-1,-1,0,0,0,136,1,1,0,0.0000000,0.0000000,0.0000000,0,0,0,0,755728719346083
454,1140547339,1000,1762,1762,2.7028742,-0.06890,-1,-1,-1,0,0,0,136,1,1,0,0.0000000,0.0000000,0.0000000,0,0,0,0,755728720334791
455,1140548339,1000,1762,1762,2.7028742,-0.06620,-1,-1,-1,0,0,0,136,1,1,0,0.0000000,0.0000000,0.0000000,0,0,0,0,755728721350666
456,1140549339,1000,1762,1762,2.7028742,-0.06361,-1,-1,-1,0,0,0,136,1,1,0,0.0000000,0.0000000,0.0000000,0,0,0,0,755728722361708
457,1140550339,1000,1761,1761,2.7013402,-0.12126,-1,-1,-1,0,0,0,136,1,1,0,0.0000000,0.0000000,0.0000000,0,0,0,0,755728723392166
458,1140551339,1000,1761,1761,2.7013402,-0.11651,-1,-1,-1,0,0,0,136,1,1,0,0.0000000,0.0000000,0.0000000,0,0,0,0,755728724474166
459,1140552339,1000,1761,1761,2.7013402,-0.11194,39,128,1955,0,0,0,136,1,1,0,0.0000000,0.0000000,0.0000000,0,0,0,0,755728725817541
460,1140553339,1000,1761,1761,2.7013402,-0.10755,-1,-1,-1,0,0,0,136,1,1,0,0.0000000,0.0000000,0.0000000,0,0,0,0,755728726458291
461,1140554339,1000,1761,1761,2.7013402,-0.10333,-1,-1,-1,0,0,0,136,1,1,0,0.0000000,0.0000000,0.0000000,0,0,0,0,755728727420375
462,1140555339,1000,1761,1761,2.7013402,-0.09928,-1,-1,-1,0,0,0,136,1,1,0,0.0000000,0.0000000,0.0000000,0,0,0,0,755728728446666
463,1140556339,1000,1761,1761,2.7013402,-0.09539,-1,-1,-1,0,0,0,136,1,1,0,0.0000000,0.0000000,0.0000000,0,0,0,0,755728729446750
464,1140557339,1000,1760,1760,2.6998062,-0.15180,-1,-1,-1,0,0,0,136,1,1,0,0.0000000,0.0000000,0.0000000,0,0,0,0,755728730453375
465,1140558339,1000,1760,1760,2.6998062,-0.14584,-1,-1,-1,0,0,0,136,1,1,0,0.0000000,0.0000000,0.0000000,0,0,0,0,755728731422375
466,1140559339,1000,1761,1761,2.7013402,-0.07998,-1,-1,-1,0,0,0,136,1,1,0,0.0000000,0.0000000,0.0000000,0,0,0,0,755728732378833
467,1140560339,1000,1760,1760,2.6998062,-0.13699,-1,-1,-1,0,0,0,136,1,1,0,0.0000000,0.0000000,0.0000000,0,0,0,0,755728733371541
468,1140561339,1000,1760,1760,2.6998062,-0.13162,-1,-1,-1,0,0,0,136,1,1,0,0.0000000,0.0000000,0.0000000,0,0,0,0,755728734374916
469,1140562339,1000,1760,1760,2.6998062,-0.12646,-1,-1,-1,0,0,0,136,1,1,0,0.0000000,0.0000000,0.0000000,0,0,0,0,755728735367166
470,1140563339,1000,1760,1760,2.6998062,-0.12150,-1,-1,-1,0,0,0,136,1,1,0,0.0000000,0.0000000,0.0000000,0,0,0,0,755728736364166
471,1140564339,1000,1760,1760,2.6998062,-0.11673,-1,-1,-1,0,0,0,136,1,1,0,0.0000000,0.0000000,0.0000000,0,0,0,0,755728737365125
472,1140565339,1000,1760,1760,2.6998062,-0.11216,-1,-1,-1,0,0,0,136,1,1,0,0.0000000,0.0000000,0.0000000,0,0,0,0,755728738361000
473,1140566339,1000,1760,1760,2.6998062,-0.10776,-1,-1,-1,0,0,0,136,1,1,0,0.0000000,0.0000000,0.0000000,0,0,0,0,755728739355291
474,1140567339,1000,1760,1760,2.6998062,-0.10353,-1,-1,-1,0,0,0,136,1,1,0,0.0000000,0.0000000,0.0000000,0,0,0,0,755728740348958
475,1140568339,1000,1760,1760,2.6998062,-0.09947,-1,-1,-1,0,0,0,136,1,1,0,0.0000000,0.0000000,0.0000000,0,0,0,0,755728741354041
476,1140569339,1000,1760,1760,2.6998062,-0.09557,-1,-1,-1,0,0,0,136,1,1,0,0.0000000,0.0000000,0.0000000,0,0,0,0,755728742361833
477,1140570339,1000,1759,1759,2.6982722,-0.15197,-1,-1,-1,0,0,0,136,1,1,0,0.0000000,0.0000000,0.0000000,0,0,0,0,755728743367208
478,1140571339,1000,1759,1759,2.6982722,-0.14602,-1,-1,-1,0,0,0,136,1,1,0,0.0000000,0.0000000,0.0000000,0,0,0,0,755728744350125
479,1140572339,1000,1759,1759,2.6982722,-0.14029,-1,-1,-1,0,0,0,136,1,1,0,0.0000000,0.0000000,0.0000000,0,0,0,0,755728745366125
480,1140573339,1000,1759,1759,2.6982722,-0.13479,-1,-1,-1,0,0,0,136,1,1,0,0.0000000,0.0000000,0.0000000,0,0,0,0,755728746378625
481,1140574339,1000,1759,1759,2.6982722,-0.12950,-1,-1,-1,0,0,0,136,1,1,0,0.0000000,0.0000000,0.0000000,0,0,0,0,755728747575875
482,1140575339,1000,1759,1759,2.6982722,-0.12443,-1,-1,-1,0,0,0,136,1,1,0,0.0000000,0.0000000,0.0000000,0,0,0,0,755728748575041
483,1140576339,1000,1759,1759,2.6982722,-0.11955,-1,-1,-1,0,0,0,136,1,1,0,0.0000000,0.0000000,0.0000000,0,0,0,0,755728749573333
484,1140577339,1000,1759,1759,2.6982722,-0.11486,-1,-1,-1,0,0,0,136,1,1,0,0.0000000,0.0000000,0.0000000,0,0,0,0,755728750362291
485,1140578339,1000,1758,1758,2.6967382,-0.17050,-1,-1,-1,0,0,0,136,1,1,0,0.0000000,0.0000000,0.0000000,0,0,0,0,755728751393083
486,1140579339,1000,1758,1758,2.6967382,-0.16382,-1,-1,-1,0,0,0,136,1,1,0,0.0000000,0.0000000,0.0000000,0,0,0,0,755728752366291
487,1140580339,1000,1758,1758,2.6967382,-0.15740,-1,-1,-1,0,0,0,136,1,1,0,0.0000000,0.0000000,0.0000000,0,0,0,0,755728753356750
488,1140581339,1000,1758,1758,2.6967382,-0.15122,-1,-1,-1,0,0,0,136,1,1,0,0.0000000,0.0000000,0.0000000,0,0,0,0,755728754359208
489,1140582339,1000,1758,1758,2.6967382,-0.14529,-1,-1,-1,0,0,0,136,1,1,0,0.0000000,0.0000000,0.0000000,0,0,0,0,755728755359958
490,1140583339,1000,1758,1758,2.6967382,-0.13960,-1,-1,-1,0,0,0,136,1,1,0,0.0000000,0.0000000,0.0000000,0,0,0,0,755728756360125
491,1140584339,1000,1758,1758,2.6967382,-0.13412,-1,-1,-1,0,0,0,136,1,1,0,0.0000000,0.0000000,0.0000000,0,0,0,0,755728757353500
492,1140585339,1000,1758,1758,2.6967382,-0.12886,-1,-1,-1,0,0,0,136,1,1,0,0.0000000,0.0000000,0.0000000,0,0,0,0,755728758356541
493,1140586339,1000,1758,1758,2.6967382,-0.12381,-1,-1,-1,0,0,0,136,1,1,0,0.0000000,0.0000000,0.0000000,0,0,0,0,755728759354583
494,1140587339,1000,1757,1757,2.6952043,-0.17911,-1,-1,-1,0,0,0,136,1,1,0,0.0000000,0.0000000,0.0000000,0,0,0,0,755728760348458
495,1140588339,1000,1757,1757,2.6952043,-0.17208,-1,-1,-1,0,0,0,136,1,1,0,0.0000000,0.0000000,0.0000000,0,0,0,0,755728761373791
496,1140589339,1000,1757,1757,2.6952043,-0.16533,-1,-1,-1,0,0,0,136,1,1,0,0.0000000,0.0000000,0.0000000,0,0,0,0,755728762372208
497,1140590339,1000,1757,1757,2.6952043,-0.15885,-1,-1,-1,0,0,0,136,1,1,0,0.0000000,0.0000000,0.0000000,0,0,0,0,755728763401041
498,1140591339,1000,1757,1757,2.6952043,-0.15262,-1,-1,-1,0,0,0,136,1,1,0,0.0000000,0.0000000,0.0000000,0,0,0,0,755728764409708
499,1140592339,1000,1757,1757,2.6952043,-0.14664,-1,-1,-1,0,0,0,136,1,1,0,0.0000000,0.0000000,0.0000000,0,0,0,0,755728765414875
500,1140593339,1000,1757,1757,2.6952043,-0.14089,-1,-1,-1,0,0,0,136,1,1,0,0.0000000,0.0000000,0.0000000,0,0,0,0,755728766375250
501,1140594339,1000,1756,1756,2.6936703,-0.19551,-1,-1,-1,0,0,0,136,1,1,0,0.0000000,0.0000000,0.0000000,0,0,0,0,755728767410750
502,1140595339,1000,1757,1757,2.6952043,-0.12770,-1,-1,-1,0,0,0,136,1,1,0,0.0000000,0.0000000,0.0000000,0,0,0,0,755728768407166
503,1140596339,1000,1757,1757,2.6952043,-0.12269,-1,-1,-1,0,0,0,136,1,1,0,0.0000000,0.0000000,0.0000000,0,0,0,0,755728769413833
504,1140597339,1000,1756,1756,2.6936703,-0.17803,-1,-1,-1,0,0,0,136,1,1,0,0.0000000,0.0000000,0.0000000,0,0,0,0,755728770401083
505,1140598339,1000,1756,1756,2.6936703,-0.17105,-1,-1,-1,0,0,0,136,1,1,0,0.0000000,0.0000000,0.0000000,0,0,0,0,755728771395791
506,1140599339,1000,1756,1756,2.6936703,-0.16434,-1,-1,-1,0,0,0,136,1,1,0,0.0000000,0.0000000,0.0000000,0,0,0,0,755728772391125
507,1140600339,1000,1756,1756,2.6936703,-0.15790,-1,-1,-1,0,0,0,136,1,1,0,0.0000000,0.0000000,0.0000000,0,0,0,0,755728773457541
508,1140601339,1000,1756,1756,2.6936703,-0.15171,-1,-1,-1,0,0,0,136,1,1,0,0.0000000,0.0000000,0.0000000,0,0,0,0,755728774457083
509,1140602339,1000,1756,1756,2.6936703,-0.14576,39,128,1988,0,0,0,136,1,1,0,0.0000000,0.0000000,0.0000000,0,0,0,0,755728775778458
510,1140603339,1000,1756,1756,2.6936703,-0.14004,-1,-1,-1,0,0,0,136,1,1,0,0.0000000,0.0000000,0.0000000,0,0,0,0,755728776446750
511,1140604339,1000,1756,1756,2.6936703,-0.13455,-1,-1,-1,0,0,0,136,1,1,0,0.0000000,0.0000000,0.0000000,0,0,0,0,755728777458708
512,1140605339,1000,1755,1755,2.6921363,-0.18942,-1,-1,-1,0,0,0,136,1,1,0,0.0000000,0.0000000,0.0000000,0,0,0,0,755728778448166
513,1140606339,1000,1755,1755,2.6921363,-0.18200,-1,-1,-1,0,0,0,135,1,1,0,0.0000000,0.0000000,0.0000000,0,0,0,0,755728779412166
514,1140607339,1000,1755,1755,2.6921363,-0.17486,-1,-1,-1,0,0,0,136,1,1,0,0.0000000,0.0000000,0.0000000,0,0,0,0,755728780643458
515,1140608339,1000,1754,1754,2.6906023,-0.22815,-1,-1,-1,0,0,0,136,1,1,0,0.0000000,0.0000000,0.0000000,0,0,0,0,755728781637125
516,1140609339,1000,1755,1755,2.6921363,-0.15906,-1,-1,-1,0,0,0,136,1,1,0,0.0000000,0.0000000,0.0000000,0,0,0,0,755728782707791
517,1140610339,1000,1755,1755,2.6921363,-0.15282,-1,-1,-1,0,0,0,136,1,1,0,0.0000000,0.0000000,0.0000000,0,0,0,0,755728783483916
518,1140611339,1000,1755,1755,2.6921363,-0.14683,-1,-1,-1,0,0,0,136,1,1,0,0.0000000,0.0000000,0.0000000,0,0,0,0,755728784439083
519,1140612339,1000,1754,1754,2.6906023,-0.20122,-1,-1,-1,0,0,0,136,1,1,0,0.0000000,0.0000000,0.0000000,0,0,0,0,755728785403708
520,1140613339,1000,1754,1754,2.6906023,-0.19333,-1,-1,-1,0,0,0,136,1,1,0,0.0000000,0.0000000,0.0000000,0,0,0,0,755728786406375
521,1140614339,1000,1754,1754,2.6906023,-0.18575,-1,-1,-1,0,0,0,136,1,1,0,0.0000000,0.0000000,0.0000000,0,0,0,0,755728787379041
522,1140615339,1000,1754,1754,2.6906023,-0.17847,-1,-1,-1,0,0,0,136,1,1,0,0.0000000,0.0000000,0.0000000,0,0,0,0,755728788381208
523,1140616339,1000,1754,1754,2.6906023,-0.17147,-1,-1,-1,0,0,0,136,1,1,0,0.0000000,0.0000000,0.0000000,0,0,0,0,755728789381458
524,1140617339,1000,1753,1753,2.6890683,-0.22489,-1,-1,-1,0,0,0,136,1,1,0,0.0000000,0.0000000,0.0000000,0,0,0,0,755728790407958
525,1140618339,1000,1753,1753,2.6890683,-0.21607,-1,-1,-1,0,0,0,136,1,1,0,0.0000000,0.0000000,0.0000000,0,0,0,0,755728791414000
526,1140619339,1000,1753,1753,2.6890683,-0.20760,-1,-1,-1,0,0,0,136,1,1,0,0.0000000,0.0000000,0.0000000,0,0,0,0,755728792412500
527,1140620339,1000,1753,1753,2.6890683,-0.19946,-1,-1,-1,0,0,0,136,1,1,0,0.0000000,0.0000000,0.0000000,0,0,0,0,755728793397416
528,1140621339,1000,1753,1753,2.6890683,-0.19164,-1,-1,-1,0,0,0,136,1,1,0,0.0000000,0.0000000,0.0000000,0,0,0,0,755728794423083
529,1140622339,1000,1753,1753,2.6890683,-0.18413,-1,-1,-1,0,0,0,136,1,1,0,0.0000000,0.0000000,0.0000000,0,0,0,0,755728795455458
530,1140623339,1000,1753,1753,2.6890683,-0.17691,-1,-1,-1,0,0,0,136,1,1,0,0.0000000,0.0000000,0.0000000,0,0,0,0,755728796451416
531,1140624339,1000,1753,1753,2.6890683,-0.16997,-1,-1,-1,0,0,0,136,1,1,0,0.0000000,0.0000000,0.0000000,0,0,0,0,755728797395666
532,1140625339,1000,1753,1753,2.6890683,-0.16331,-1,-1,-1,0,0,0,136,1,1,0,0.0000000,0.0000000,0.0000000,0,0,0,0,755728798393541
533,1140626339,1000,1753,1753,2.6890683,-0.15690,-1,-1,-1,0,0,0,136,1,1,0,0.0000000,0.0000000,0.0000000,0,0,0,0,755728799403208
534,1140627339,1000,1752,1752,2.6875343,-0.21090,-1,-1,-1,0,0,0,135,1,1,0,0.0000000,0.0000000,0.0000000,0,0,0,0,755728800419833
535,1140628339,1000,1752,1752,2.6875343,-0.20263,-1,-1,-1,0,0,0,136,1,1,0,0.0000000,0.0000000,0.0000000,0,0,0,0,755728801397791
536,1140629339,1000,1752,1752,2.6875343,-0.19468,-1,-1,-1,0,0,0,136,1,1,0,0.0000000,0.0000000,0.0000000,0,0,0,0,755728802379041
537,1140630339,1000,1752,1752,2.6875343,-0.18705,-1,-1,-1,0,0,0,136,1,1,0,0.0000000,0.0000000,0.0000000,0,0,0,0,755728803296500
538,1140631339,1000,1752,1752,2.6875343,-0.17972,-1,-1,-1,0,0,0,136,1,1,0,0.0000000,0.0000000,0.0000000,0,0,0,0,755728804285875
539,1140632339,1000,1752,1752,2.6875343,-0.17267,-1,-1,-1,0,0,0,136,1,1,0,0.0000000,0.0000000,0.0000000,0,0,0,0,755728805256083
540,1140633339,1000,1751,1751,2.6860003,-0.22605,-1,-1,-1,0,0,0,136,1,1,0,0.0000000,0.0000000,0.0000000,0,0,0,0,755728806270916
541,1140634339,1000,1751,1751,2.6860003,-0.21718,-1,-1,-1,0,0,0,136,1,1,0,0.0000000,0.0000000,0.0000000,0,0,0,0,755728807312250
542,1140635339,1000,1751,1751,2.6860003,-0.20867,-1,-1,-1,0,0,0,136,1,1,0,0.0000000,0.0000000,0.0000000,0,0,0,0,755728808320708
543,1140636339,1000,1751,1751,2.6860003,-0.20049,-1,-1,-1,0,0,0,136,1,1,0,0.0000000,0.0000000,0.0000000,0,0,0,0,755728809301333
544,1140637339,1000,1751,1751,2.6860003,-0.19262,-1,-1,-1,0,0,0,136,1,1,0,0.0000000,0.0000000,0.0000000,0,0,0,0,755728810310416
545,1140638339,1000,1751,1751,2.6860003,-0.18507,-1,-1,-1,0,0,0,136,1,1,0,0.0000000,0.0000000,0.0000000,0,0,0,0,755728811285291
546,1140639339,1000,1751,1751,2.6860003,-0.17781,-1,-1,-1,0,0,0,136,1,1,0,0.0000000,0.0000000,0.0000000,0,0,0,0,755728812289958
547,1140640339,1000,1751,1751,2.6860003,-0.17084,-1,-1,-1,0,0,0,136,1,1,0,0.0000000,0.0000000,0.0000000,0,0,0,0,755728813280791
548,1140641339,1000,1751,1751,2.6860003,-0.16414,-1,-1,-1,0,0,0,135,1,1,0,0.0000000,0.0000000,0.0000000,0,0,0,0,755728814407625
549,1140642339,1000,1751,1751,2.6860003,-0.15771,-1,-1,-1,0,0,0,136,1,1,0,0.0000000,0.0000000,0.0000000,0,0,0,0,755728815342041
550,1140643339,1000,1751,1751,2.6860003,-0.15152,-1,-1,-1,0,0,0,136,1,1,0,0.0000000,0.0000000,0.0000000,0,0,0,0,755728816321083
551,1140644339,1000,1750,1750,2.6844664,-0.20573,-1,-1,-1,0,0,0,136,1,1,0,0.0000000,0.0000000,0.0000000,0,0,0,0,755728817312666
552,1140645339,1000,1750,1750,2.6844664,-0.19766,-1,-1,-1,0,0,0,136,1,1,0,0.0000000,0.0000000,0.0000000,0,0,0,0,755728818280833
553,1140646339,1000,1750,1750,2.6844664,-0.18991,-1,-1,-1,0,0,0,136,1,1,0,0.0000000,0.0000000,0.0000000,0,0,0,0,755728819297041
554,1140647339,1000,1750,1750,2.6844664,-0.18247,-1,-1,-1,0,0,0,136,1,1,0,0.0000000,0.0000000,0.0000000,0,0,0,0,755728820280041
555,1140648339,1000,1750,1750,2.6844664,-0.17531,-1,-1,-1,0,0,0,136,1,1,0,0.0000000,0.0000000,0.0000000,0,0,0,0,755728821287375
556,1140649339,1000,1750,1750,2.6844664,-0.16844,-1,-1,-1,0,0,0,136,1,1,0,0.0000000,0.0000000,0.0000000,0,0,0,0,755728822275541
557,1140650339,1000,1749,1749,2.6829324,-0.22198,-1,-1,-1,0,0,0,136,1,1,0,0.0000000,0.0000000,0.0000000,0,0,0,0,755728823291000
558,1140651339,1000,1749,1749,2.6829324,-0.21328,-1,-1,-1,0,0,0,136,1,1,0,0.0000000,0.0000000,0.0000000,0,0,0,0,755728824381208
559,1140652339,1000,1749,1749,2.6829324,-0.20492,39,128,2015,0,0,0,136,1,1,0,0.0000000,0.0000000,0.0000000,0,0,0,0,755728825685166
560,1140653339,1000,1748,1748,2.6813984,-0.25703,-1,-1,-1,0,0,0,136,1,1,0,0.0000000,0.0000000,0.0000000,0,0,0,0,755728826295041
561,1140654339,1000,1748,1748,2.6813984,-0.24695,-1,-1,-1,0,0,0,136,1,1,0,0.0000000,0.0000000,0.0000000,0,0,0,0,755728827399708
562,1140655339,1000,1748,1748,2.6813984,-0.23727,-1,-1,-1,0,0,0,136,1,1,0,0.0000000,0.0000000,0.0000000,0,0,0,0,755728828367083
563,1140656339,1000,1748,1748,2.6813984,-0.22796,-1,-1,-1,0,0,0,136,1,1,0,0.0000000,0.0000000,0.0000000,0,0,0,0,755728829329291
564,1140657339,1000,1747,1747,2.6798644,-0.27917,-1,-1,-1,0,0,0,136,1,1,0,0.0000000,0.0000000,0.0000000,0,0,0,0,755728830328833
565,1140658339,1000,1747,1747,2.6798644,-0.26823,-1,-1,-1,0,0,0,136,1,1,0,0.0000000,0.0000000,0.0000000,0,0,0,0,755728831409625
566,1140659339,1000,1747,1747,2.6798644,-0.25771,-1,-1,-1,0,0,0,136,1,1,0,0.0000000,0.0000000,0.0000000,0,0,0,0,755728832794416
567,1140660339,1000,1746,1746,2.6783304,-0.30775,-1,-1,-1,0,0,0,136,1,1,0,0.0000000,0.0000000,0.0000000,0,0,0,0,755728833741500
568,1140661339,1000,1746,1746,2.6783304,-0.29569,-1,-1,-1,0,0,0,136,1,1,0,0.0000000,0.0000000,0.0000000,0,0,0,0,755728834665333
569,1140662339,1000,1746,1746,2.6783304,-0.28409,-1,-1,-1,0,0,0,136,1,1,0,0.0000000,0.0000000,0.0000000,0,0,0,0,755728835282666
570,1140663339,1000,1745,1745,2.6767964,-0.33310,-1,-1,-1,0,0,0,136,1,1,0,0.0000000,0.0000000,0.0000000,0,0,0,0,755728836236416
571,1140664339,1000,1745,1745,2.6767964,-0.32004,-1,-1,-1,0,0,0,136,1,1,0,0.0000000,0.0000000,0.0000000,0,0,0,0,755728837220166
572,1140665339,1000,1745,1745,2.6767964,-0.30749,-1,-1,-1,0,0,0,136,1,1,0,0.0000000,0.0000000,0.0000000,0,0,0,0,755728838254041
573,1140666339,1000,1745,1745,2.6767964,-0.29543,-1,-1,-1,0,0,0,136,1,1,0,0.0000000,0.0000000,0.0000000,0,0,0,0,755728839451583
574,1140667339,1000,1745,1745,2.6767964,-0.28385,-1,-1,-1,0,0,0,136,1,1,0,0.0000000,0.0000000,0.0000000,0,0,0,0,755728840755833
575,1140668339,1000,1744,1744,2.6752625,-0.33287,-1,-1,-1,0,0,0,136,1,1,0,0.0000000,0.0000000,0.0000000,0,0,0,0,755728841732125
576,1140669339,1000,1744,1744,2.6752625,-0.31982,-1,-1,-1,0,0,0,135,1,1,0,0.0000000,0.0000000,0.0000000,0,0,0,0,755728842625166
577,1140670339,1000,1743,1743,2.6737287,-0.36742,-1,-1,-1,0,0,0,136,1,1,0,0.0000000,0.0000000,0.0000000,0,0,0,0,755728843414000
578,1140671339,1000,1743,1743,2.6737287,-0.35302,-1,-1,-1,0,0,0,136,1,1,0,0.0000000,0.0000000,0.0000000,0,0,0,0,755728844442541
579,1140672339,1000,1742,1742,2.6721947,-0.39932,-1,-1,-1,0,0,0,136,1,1,0,0.0000000,0.0000000,0.0000000,0,0,0,0,755728845408875
580,1140673339,1000,1742,1742,2.6721947,-0.38367,-1,-1,-1,0,0,0,136,1,1,0,0.0000000,0.0000000,0.0000000,0,0,0,0,755728846427666
581,1140674339,1000,1741,1741,2.6706607,-0.42877,-1,-1,-1,0,0,0,136,1,1,0,0.0000000,0.0000000,0.0000000,0,0,0,0,755728847405750
582,1140675339,1000,1741,1741,2.6706607,-0.41196,-1,-1,-1,0,0,0,136,1,1,0,0.0000000,0.0000000,0.0000000,0,0,0,0,755728848430666
583,1140676339,1000,1741,1741,2.6706607,-0.39580,-1,-1,-1,0,0,0,136,1,1,0,0.0000000,0.0000000,0.0000000,0,0,0,0,755728849435958
584,1140677339,1000,1740,1740,2.6691267,-0.44043,-1,-1,-1,0,0,0,136,1,1,0,0.0000000,0.0000000,0.0000000,0,0,0,0,755728850424375
585,1140678339,1000,1740,1740,2.6691267,-0.42316,-1,-1,-1,0,0,0,136,1,1,0,0.0000000,0.0000000,0.0000000,0,0,0,0,755728851408583
586,1140679339,1000,1740,1740,2.6691267,-0.40657,-1,-1,-1,0,0,0,136,1,1,0,0.0000000,0.0000000,0.0000000,0,0,0,0,755728852430166
587,1140680339,1000,1739,1739,2.6675928,-0.45078,-1,-1,-1,0,0,0,136,1,1,0,0.0000000,0.0000000,0.0000000,0,0,0,0,755728853406166
588,1140681339,1000,1739,1739,2.6675928,-0.43310,-1,-1,-1,0,0,0,136,1,1,0,0.0000000,0.0000000,0.0000000,0,0,0,0,755728854462583
589,1140682339,1000,1738,1738,2.6660588,-0.47627,-1,-1,-1,0,0,0,136,1,1,0,0.0000000,0.0000000,0.0000000,0,0,0,0,755728855409625
590,1140683339,1000,1738,1738,2.6660588,-0.45759,-1,-1,-1,0,0,0,136,1,1,0,0.0000000,0.0000000,0.0000000,0,0,0,0,755728856421875
591,1140684339,1000,1738,1738,2.6660588,-0.43965,-1,-1,-1,0,0,0,136,1,1,0,0.0000000,0.0000000,0.0000000,0,0,0,0,755728857437791
592,1140685339,1000,1737,1737,2.6645248,-0.48256,-1,-1,-1,0,0,0,136,1,1,0,0.0000000,0.0000000,0.0000000,0,0,0,0,755728858437500
593,1140686339,1000,1737,1737,2.6645248,-0.46364,-1,-1,-1,0,0,0,136,1,1,0,0.0000000,0.0000000,0.0000000,0,0,0,0,755728859407708
594,1140687339,1000,1736,1736,2.6629908,-0.50561,-1,-1,-1,0,0,0,136,1,1,0,0.0000000,0.0000000,0.0000000,0,0,0,0,755728860462791
595,1140688339,1000,1736,1736,2.6629908,-0.48578,-1,-1,-1,0,0,0,136,1,1,0,0.0000000,0.0000000,0.0000000,0,0,0,0,755728861426458
596,1140689339,1000,1735,1735,2.6614568,-0.52688,-1,-1,-1,0,0,0,136,1,1,0,0.0000000,0.0000000,0.0000000,0,0,0,0,755728862407416
597,1140690339,1000,1735,1735,2.6614568,-0.50622,-1,-1,-1,0,0,0,136,1,1,0,0.0000000,0.0000000,0.0000000,0,0,0,0,755728863432041
598,1140691339,1000,1734,1734,2.6599228,-0.54652,-1,-1,-1,0,0,0,136,1,1,0,0.0000000,0.0000000,0.0000000,0,0,0,0,755728864484458
599,1140692339,1000,1734,1734,2.6599228,-0.52509,-1,-1,-1,0,0,0,136,1,1,0,0.0000000,0.0000000,0.0000000,0,0,0,0,755728865421041
600,1140693339,1000,1733,1733,2.6583889,-0.56465,-1,-1,-1,0,0,0,136,1,1,0,0.0000000,0.0000000,0.0000000,0,0,0,0,755728866391333
601,1140694339,1000,1732,1732,2.6568549,-0.60266,-1,-1,-1,0,0,0,136,1,1,0,0.0000000,0.0000000,0.0000000,0,0,0,0,755728867435625
602,1140695339,1000,1732,1732,2.6568549,-0.57903,-1,-1,-1,0,0,0,136,1,1,0,0.0000000,0.0000000,0.0000000,0,0,0,0,755728868415416
603,1140696339,1000,1732,1732,2.6568549,-0.55633,-1,-1,-1,0,0,0,136,1,1,0,0.0000000,0.0000000,0.0000000,0,0,0,0,755728869400208
604,1140697339,1000,1731,1731,2.6553209,-0.59466,-1,-1,-1,0,0,0,136,1,1,0,0.0000000,0.0000000,0.0000000,0,0,0,0,755728870440375
605,1140698339,1000,1731,1731,2.6553209,-0.57134,-1,-1,-1,0,0,0,136,1,1,0,0.0000000,0.0000000,0.0000000,0,0,0,0,755728871412458
606,1140699339,1000,1730,1730,2.6537869,-0.60909,-1,-1,-1,0,0,0,136,1,1,0,0.0000000,0.0000000,0.0000000,0,0,0,0,755728872423125
607,1140700339,1000,1730,1730,2.6537869,-0.58521,-1,-1,-1,0,0,0,136,1,1,0,0.0000000,0.0000000,0.0000000,0,0,0,0,755728873338750
608,1140701339,1000,1729,1729,2.6522529,-0.62241,-1,-1,-1,0,0,0,136,1,1,0,0.0000000,0.0000000,0.0000000,0,0,0,0,755728874383958
609,1140702339,1000,1728,1728,2.6507189,-0.65815,39,128,2005,0,0,0,136,1,1,0,0.0000000,0.0000000,0.0000000,0,0,0,0,755728876055083
610,1140703339,1000,1728,1728,2.6507189,-0.63234,-1,-1,-1,0,0,0,136,1,1,0,0.0000000,0.0000000,0.0000000,0,0,0,0,755728876932250
611,1140704339,1000,1727,1727,2.6491849,-0.66770,-1,-1,-1,0,0,0,136,1,1,0,0.0000000,0.0000000,0.0000000,0,0,0,0,755728877807916
612,1140705339,1000,1727,1727,2.6491849,-0.64152,-1,-1,-1,0,0,0,136,1,1,0,0.0000000,0.0000000,0.0000000,0,0,0,0,755728878500875
613,1140706339,1000,1726,1726,2.6476510,-0.67651,-1,-1,-1,0,0,0,136,1,1,0,0.0000000,0.0000000,0.0000000,0,0,0,0,755728879398166
614,1140707339,1000,1725,1725,2.6461170,-0.71013,-1,-1,-1,0,0,0,136,1,1,0,0.0000000,0.0000000,0.0000000,0,0,0,0,755728880386416
615,1140708339,1000,1725,1725,2.6461170,-0.68229,-1,-1,-1,0,0,0,136,1,1,0,0.0000000,0.0000000,0.0000000,0,0,0,0,755728881387375
616,1140709339,1000,1724,1724,2.6445830,-0.71568,-1,-1,-1,0,0,0,136,1,1,0,0.0000000,0.0000000,0.0000000,0,0,0,0,755728882390458
617,1140710339,1000,1724,1724,2.6445830,-0.68762,-1,-1,-1,0,0,0,136,1,1,0,0.0000000,0.0000000,0.0000000,0,0,0,0,755728883404583
618,1140711339,1000,1724,1724,2.6445830,-0.66066,-1,-1,-1,0,0,0,136,1,1,0,0.0000000,0.0000000,0.0000000,0,0,0,0,755728884366041
619,1140712339,1000,1723,1723,2.6430490,-0.69490,-1,-1,-1,0,0,0,136,1,1,0,0.0000000,0.0000000,0.0000000,0,0,0,0,755728885393666
620,1140713339,1000,1722,1722,2.6415150,-0.72780,-1,-1,-1,0,0,0,136,1,1,0,0.0000000,0.0000000,0.0000000,0,0,0,0,755728886399166
621,1140714339,1000,1722,1722,2.6415150,-0.69927,-1,-1,-1,0,0,0,136,1,1,0,0.0000000,0.0000000,0.0000000,0,0,0,0,755728887388125
622,1140715339,1000,1721,1721,2.6399810,-0.73200,-1,-1,-1,0,0,0,136,1,1,0,0.0000000,0.0000000,0.0000000,0,0,0,0,755728888381125
623,1140716339,1000,1721,1721,2.6399810,-0.70329,-1,-1,-1,0,0,0,136,1,1,0,0.0000000,0.0000000,0.0000000,0,0,0,0,755728889390291
624,1140717339,1000,1721,1721,2.6399810,-0.67572,-1,-1,-1,0,0,0,136,1,1,0,0.0000000,0.0000000,0.0000000,0,0,0,0,755728890379000
625,1140718339,1000,1720,1720,2.6384470,-0.70937,-1,-1,-1,0,0,0,136,1,1,0,0.0000000,0.0000000,0.0000000,0,0,0,0,755728891315916
626,1140719339,1000,1719,1719,2.6369131,-0.74170,-1,-1,-1,0,0,0,136,1,1,0,0.0000000,0.0000000,0.0000000,0,0,0,0,755728892224416
627,1140720339,1000,1718,1718,2.6353791,-0.77277,-1,-1,-1,0,0,0,136,1,1,0,0.0000000,0.0000000,0.0000000,0,0,0,0,755728893239291
628,1140721339,1000,1718,1718,2.6353791,-0.74247,-1,-1,-1,0,0,0,136,1,1,0,0.0000000,0.0000000,0.0000000,0,0,0,0,755728894216083
629,1140722339,1000,1718,1718,2.6353791,-0.71336,-1,-1,-1,0,0,0,136,1,1,0,0.0000000,0.0000000,0.0000000,0,0,0,0,755728895244041
630,1140723339,1000,1717,1717,2.6338451,-0.74553,-1,-1,-1,0,0,0,136,1,1,0,0.0000000,0.0000000,0.0000000,0,0,0,0,755728896250208
631,1140724339,1000,1717,1717,2.6338451,-0.71630,-1,-1,-1,0,0,0,136,1,1,0,0.0000000,0.0000000,0.0000000,0,0,0,0,755728897248333
632,1140725339,1000,1716,1716,2.6323111,-0.74836,-1,-1,-1,0,0,0,135,1,1,0,0.0000000,0.0000000,0.0000000,0,0,0,0,755728898240291
633,1140726339,1000,1716,1716,2.6323111,-0.71902,-1,-1,-1,0,0,0,136,1,1,0,0.0000000,0.0000000,0.0000000,0,0,0,0,755728899290291
634,1140727339,1000,1716,1716,2.6323111,-0.69083,-1,-1,-1,0,0,0,136,1,1,0,0.0000000,0.0000000,0.0000000,0,0,0,0,755728900280375
635,1140728339,1000,1715,1715,2.6307771,-0.72389,-1,-1,-1,0,0,0,136,1,1,0,0.0000000,0.0000000,0.0000000,0,0,0,0,755728901285625
636,1140729339,1000,1715,1715,2.6307771,-0.69550,-1,-1,-1,0,0,0,136,1,1,0,0.0000000,0.0000000,0.0000000,0,0,0,0,755728902327458
637,1140730339,1000,1714,1714,2.6292431,-0.72838,-1,-1,-1,0,0,0,136,1,1,0,0.0000000,0.0000000,0.0000000,0,0,0,0,755728903314458
638,1140731339,1000,1714,1714,2.6292431,-0.69982,-1,-1,-1,0,0,0,136,1,1,0,0.0000000,0.0000000,0.0000000,0,0,0,0,755728904301333
639,1140732339,1000,1713,1713,2.6277092,-0.73253,-1,-1,-1,0,0,0,136,1,1,0,0.0000000,0.0000000,0.0000000,0,0,0,0,755728905302500
640,1140733339,1000,1713,1713,2.6277092,-0.70380,-1,-1,-1,0,0,0,136,1,1,0,0.0000000,0.0000000,0.0000000,0,0,0,0,755728906366083
641,1140734339,1000,1713,1713,2.6277092,-0.67621,-1,-1,-1,0,0,0,136,1,1,0,0.0000000,0.0000000,0.0000000,0,0,0,0,755728907357125
642,1140735339,1000,1712,1712,2.6261752,-0.70984,-1,-1,-1,0,0,0,136,1,1,0,0.0000000,0.0000000,0.0000000,0,0,0,0,755728908354833
643,1140736339,1000,1712,1712,2.6261752,-0.68201,-1,-1,-1,0,0,0,136,1,1,0,0.0000000,0.0000000,0.0000000,0,0,0,0,755728909349291
644,1140737339,1000,1712,1712,2.6261752,-0.65527,-1,-1,-1,0,0,0,136,1,1,0,0.0000000,0.0000000,0.0000000,0,0,0,0,755728910355291
645,1140738339,1000,1711,1711,2.6246412,-0.68972,-1,-1,-1,0,0,0,136,1,1,0,0.0000000,0.0000000,0.0000000,0,0,0,0,755728911352125
646,1140739339,1000,1711,1711,2.6246412,-0.66268,-1,-1,-1,0,0,0,136,1,1,0,0.0000000,0.0000000,0.0000000,0,0,0,0,755728912364500
647,1140740339,1000,1711,1711,2.6246412,-0.63669,-1,-1,-1,0,0,0,136,1,1,0,0.0000000,0.0000000,0.0000000,0,0,0,0,755728913378125
648,1140741339,1000,1711,1711,2.6246412,-0.61173,-1,-1,-1,0,0,0,136,1,1,0,0.0000000,0.0000000,0.0000000,0,0,0,0,755728914360208
649,1140742339,1000,1710,1710,2.6231072,-0.64789,-1,-1,-1,0,0,0,136,1,1,0,0.0000000,0.0000000,0.0000000,0,0,0,0,755728915353333
650,1140743339,1000,1710,1710,2.6231072,-0.62249,-1,-1,-1,0,0,0,136,1,1,0,0.0000000,0.0000000,0.0000000,0,0,0,0,755728916358416
651,1140744339,1000,1710,1710,2.6231072,-0.59808,-1,-1,-1,0,0,0,136,1,1,0,0.0000000,0.0000000,0.0000000,0,0,0,0,755728917354541
652,1140745339,1000,1710,1710,2.6231072,-0.57463,-1,-1,-1,0,0,0,136,1,1,0,0.0000000,0.0000000,0.0000000,0,0,0,0,755728918373958
653,1140746339,1000,1709,1709,2.6215732,-0.61224,-1,-1,-1,0,0,0,136,1,1,0,0.0000000,0.0000000,0.0000000,0,0,0,0,755728919582125
654,1140747339,1000,1709,1709,2.6215732,-0.58824,-1,-1,-1,0,0,0,136,1,1,0,0.0000000,0.0000000,0.0000000,0,0,0,0,755728920575875
655,1140748339,1000,1709,1709,2.6215732,-0.56517,-1,-1,-1,0,0,0,136,1,1,0,0.0000000,0.0000000,0.0000000,0,0,0,0,755728921551375
656,1140749339,1000,1709,1709,2.6215732,-0.54301,-1,-1,-1,0,0,0,136,1,1,0,0.0000000,0.0000000,0.0000000,0,0,0,0,755728922364083
657,1140750339,1000,1709,1709,2.6215732,-0.52172,-1,-1,-1,0,0,0,136,1,1,0,0.0000000,0.0000000,0.0000000,0,0,0,0,755728923350208
658,1140751339,1000,1709,1709,2.6215732,-0.50126,-1,-1,-1,0,0,0,136,1,1,0,0.0000000,0.0000000,0.0000000,0,0,0,0,755728924364208
659,1140752339,1000,1709,1709,2.6215732,-0.48161,39,128,1969,0,0,0,136,1,1,0,0.0000000,0.0000000,0.0000000,0,0,0,0,755728925747375
660,1140753339,1000,1709,1709,2.6215732,-0.46272,-1,-1,-1,0,0,0,136,1,1,0,0.0000000,0.0000000,0.0000000,0,0,0,0,755728926372833
661,1140754339,1000,1709,1709,2.6215732,-0.44458,-1,-1,-1,0,0,0,136,1,1,0,0.0000000,0.0000000,0.0000000,0,0,0,0,755728927578875
662,1140755339,1000,1709,1709,2.6215732,-0.42715,-1,-1,-1,0,0,0,136,1,1,0,0.0000000,0.0000000,0.0000000,0,0,0,0,755728928573083
663,1140756339,1000,1709,1709,2.6215732,-0.41040,-1,-1,-1,0,0,0,136,1,1,0,0.0000000,0.0000000,0.0000000,0,0,0,0,755728929520083
664,1140757339,1000,1709,1709,2.6215732,-0.39431,-1,-1,-1,0,0,0,136,1,1,0,0.0000000,0.0000000,0.0000000,0,0,0,0,755728930348750
665,1140758339,1000,1709,1709,2.6215732,-0.37885,-1,-1,-1,0,0,0,136,1,1,0,0.0000000,0.0000000,0.0000000,0,0,0,0,755728931355666
666,1140759339,1000,1709,1709,2.6215732,-0.36399,-1,-1,-1,0,0,0,136,1,1,0,0.0000000,0.0000000,0.0000000,0,0,0,0,755728932346416
667,1140760339,1000,1709,1709,2.6215732,-0.34972,-1,-1,-1,0,0,0,136,1,1,0,0.0000000,0.0000000,0.0000000,0,0,0,0,755728933349208
668,1140761339,1000,1709,1709,2.6215732,-0.33601,-1,-1,-1,0,0,0,136,1,1,0,0.0000000,0.0000000,0.0000000,0,0,0,0,755728934366583
669,1140762339,1000,1709,1709,2.6215732,-0.32283,-1,-1,-1,0,0,0,136,1,1,0,0.0000000,0.0000000,0.0000000,0,0,0,0,755728935372333
670,1140763339,1000,1709,1709,2.6215732,-0.31017,-1,-1,-1,0,0,0,136,1,1,0,0.0000000,0.0000000,0.0000000,0,0,0,0,755728936345708
671,1140764339,1000,1709,1709,2.6215732,-0.29801,-1,-1,-1,0,0,0,136,1,1,0,0.0000000,0.0000000,0.0000000,0,0,0,0,755728937338208
672,1140765339,1000,1710,1710,2.6231072,-0.22618,-1,-1,-1,0,0,0,136,1,1,0,0.0000000,0.0000000,0.0000000,0,0,0,0,755728938347083
673,1140766339,1000,1710,1710,2.6231072,-0.21731,-1,-1,-1,0,0,0,136,1,1,0,0.0000000,0.0000000,0.0000000,0,0,0,0,755728939353833
674,1140767339,1000,1709,1709,2.6215732,-0.26894,-1,-1,-1,0,0,0,136,1,1,0,0.0000000,0.0000000,0.0000000,0,0,0,0,755728940345083
675,1140768339,1000,1709,1709,2.6215732,-0.25839,-1,-1,-1,0,0,0,136,1,1,0,0.0000000,0.0000000,0.0000000,0,0,0,0,755728941338250
676,1140769339,1000,1710,1710,2.6231072,-0.18811,-1,-1,-1,0,0,0,136,1,1,0,0.0000000,0.0000000,0.0000000,0,0,0,0,755728942337125
677,1140770339,1000,1710,1710,2.6231072,-0.18074,-1,-1,-1,0,0,0,136,1,1,0,0.0000000,0.0000000,0.0000000,0,0,0,0,755728943351541
678,1140771339,1000,1710,1710,2.6231072,-0.17365,-1,-1,-1,0,0,0,136,1,1,0,0.0000000,0.0000000,0.0000000,0,0,0,0,755728944356041
679,1140772339,1000,1710,1710,2.6231072,-0.16684,-1,-1,-1,0,0,0,136,1,1,0,0.0000000,0.0000000,0.0000000,0,0,0,0,755728945366333
680,1140773339,1000,1710,1710,2.6231072,-0.16030,-1,-1,-1,0,0,0,136,1,1,0,0.0000000,0.0000000,0.0000000,0,0,0,0,755728946364000
681,1140774339,1000,1710,1710,2.6231072,-0.15401,-1,-1,-1,0,0,0,135,1,1,0,0.0000000,0.0000000,0.0000000,0,0,0,0,755728947343291
682,1140775339,1000,1711,1711,2.6246412,-0.08783,-1,-1,-1,0,0,0,136,1,1,0,0.0000000,0.0000000,0.0000000,0,0,0,0,755728948356583
683,1140776339,1000,1710,1710,2.6231072,-0.14453,-1,-1,-1,0,0,0,136,1,1,0,0.0000000,0.0000000,0.0000000,0,0,0,0,755728949358500
684,1140777339,1000,1711,1711,2.6246412,-0.07871,-1,-1,-1,0,0,0,136,1,1,0,0.0000000,0.0000000,0.0000000,0,0,0,0,755728950375625
685,1140778339,1000,1711,1711,2.6246412,-0.07563,-1,-1,-1,0,0,0,136,1,1,0,0.0000000,0.0000000,0.0000000,0,0,0,0,755728951342666
686,1140779339,1000,1711,1711,2.6246412,-0.07266,-1,-1,-1,0,0,0,136,1,1,0,0.0000000,0.0000000,0.0000000,0,0,0,0,755728952378458
687,1140780339,1000,1712,1712,2.6261752,-0.00967,-1,-1,-1,0,0,0,136,1,1,0,0.0000000,0.0000000,0.0000000,0,0,0,0,755728953364416
688,1140781339,1000,1712,1712,2.6261752,-0.00929,-1,-1,-1,0,0,0,136,1,1,0,0.0000000,0.0000000,0.0000000,0,0,0,0,755728954586541
689,1140782339,1000,1712,1712,2.6261752,-0.00892,-1,-1,-1,0,0,0,136,1,1,0,0.0000000,0.0000000,0.0000000,0,0,0,0,755728955580166
690,1140783339,1000,1712,1712,2.6261752,-0.00857,-1,-1,-1,0,0,0,136,1,1,0,0.0000000,0.0000000,0.0000000,0,0,0,0,755728956581291
691,1140784339,1000,1712,1712,2.6261752,-0.00824,-1,-1,-1,0,0,0,136,1,1,0,0.0000000,0.0000000,0.0000000,0,0,0,0,755728957404625
692,1140785339,1000,1713,1713,2.6277092,0.05223,-1,-1,-1,0,0,0,136,1,1,0,0.0000000,0.0000000,0.0000000,0,0,0,0,755728958341708
693,1140786339,1000,1712,1712,2.6261752,-0.00996,-1,-1,-1,0,0,0,136,1,1,0,0.0000000,0.0000000,0.0000000,0,0,0,0,755728959346791
694,1140787339,1000,1713,1713,2.6277092,0.05058,-1,-1,-1,0,0,0,136,1,1,0,0.0000000,0.0000000,0.0000000,0,0,0,0,755728960339208
695,1140788339,1000,1713,1713,2.6277092,0.04859,-1,-1,-1,0,0,0,136,1,1,0,0.0000000,0.0000000,0.0000000,0,0,0,0,755728961335416
696,1140789339,1000,1713,1713,2.6277092,0.04669,-1,-1,-1,0,0,0,136,1,1,0,0.0000000,0.0000000,0.0000000,0,0,0,0,755728962336958
697,1140790339,1000,1714,1714,2.6292431,0.10501,-1,-1,-1,0,0,0,136,1,1,0,0.0000000,0.0000000,0.0000000,0,0,0,0,755728963341750
698,1140791339,1000,1714,1714,2.6292431,0.10089,-1,-1,-1,0,0,0,136,1,1,0,0.0000000,0.0000000,0.0000000,0,0,0,0,755728964340708
699,1140792339,1000,1714,1714,2.6292431,0.09693,-1,-1,-1,0,0,0,136,1,1,0,0.0000000,0.0000000,0.0000000,0,0,0,0,755728965359125
700,1140793339,1000,1714,1714,2.6292431,0.09313,-1,-1,-1,0,0,0,136,1,1,0,0.0000000,0.0000000,0.0000000,0,0,0,0,755728966343333
701,1140794339,1000,1714,1714,2.6292431,0.08948,-1,-1,-1,0,0,0,136,1,1,0,0.0000000,0.0000000,0.0000000,0,0,0,0,755728967334416
702,1140795339,1000,1715,1715,2.6307771,0.14612,-1,-1,-1,0,0,0,135,1,1,0,0.0000000,0.0000000,0.0000000,0,0,0,0,755728968343583
703,1140796339,1000,1715,1715,2.6307771,0.14039,-1,-1,-1,0,0,0,136,1,1,0,0.0000000,0.0000000,0.0000000,0,0,0,0,755728969351041
704,1140797339,1000,1715,1715,2.6307771,0.13489,-1,-1,-1,0,0,0,136,1,1,0,0.0000000,0.0000000,0.0000000,0,0,0,0,755728970361208
705,1140798339,1000,1715,1715,2.6307771,0.12960,-1,-1,-1,0,0,0,136,1,1,0,0.0000000,0.0000000,0.0000000,0,0,0,0,755728971366166
706,1140799339,1000,1715,1715,2.6307771,0.12452,-1,-1,-1,0,0,0,136,1,1,0,0.0000000,0.0000000,0.0000000,0,0,0,0,755728972357333
707,1140800339,1000,1716,1716,2.6323111,0.17978,-1,-1,-1,0,0,0,136,1,1,0,0.0000000,0.0000000,0.0000000,0,0,0,0,755728973362750
708,1140801339,1000,1716,1716,2.6323111,0.17273,-1,-1,-1,0,0,0,136,1,1,0,0.0000000,0.0000000,0.0000000,0,0,0,0,755728974366166
709,1140802339,1000,1716,1716,2.6323111,0.16596,39,128,1984,0,0,0,136,1,1,0,0.0000000,0.0000000,0.0000000,0,0,0,0,755728975713625
710,1140803339,1000,1716,1716,2.6323111,0.15945,-1,-1,-1,0,0,0,136,1,1,0,0.0000000,0.0000000,0.0000000,0,0,0,0,755728976324666
711,1140804339,1000,1717,1717,2.6338451,0.21335,-1,-1,-1,0,0,0,136,1,1,0,0.0000000,0.0000000,0.0000000,0,0,0,0,755728977342291
712,1140805339,1000,1717,1717,2.6338451,0.20498,-1,-1,-1,0,0,0,136,1,1,0,0.0000000,0.0000000,0.0000000,0,0,0,0,755728978375500
713,1140806339,1000,1717,1717,2.6338451,0.19694,-1,-1,-1,0,0,0,136,1,1,0,0.0000000,0.0000000,0.0000000,0,0,0,0,755728979374583
714,1140807339,1000,1718,1718,2.6353791,0.24937,-1,-1,-1,0,0,0,136,1,1,0,0.0000000,0.0000000,0.0000000,0,0,0,0,755728980386291
715,1140808339,1000,1718,1718,2.6353791,0.23959,-1,-1,-1,0,0,0,136,1,1,0,0.0000000,0.0000000,0.0000000,0,0,0,0,755728981366250
716,1140809339,1000,1718,1718,2.6353791,0.23020,-1,-1,-1,0,0,0,136,1,1,0,0.0000000,0.0000000,0.0000000,0,0,0,0,755728982347166
717,1140810339,1000,1718,1718,2.6353791,0.22117,-1,-1,-1,0,0,0,136,1,1,0,0.0000000,0.0000000,0.0000000,0,0,0,0,755728983362458
718,1140811339,1000,1718,1718,2.6353791,0.21250,-1,-1,-1,0,0,0,136,1,1,0,0.0000000,0.0000000,0.0000000,0,0,0,0,755728984638833
719,1140812339,1000,1718,1718,2.6353791,0.20417,-1,-1,-1,0,0,0,136,1,1,0,0.0000000,0.0000000,0.0000000,0,0,0,0,755728985570000
720,1140813339,1000,1718,1718,2.6353791,0.19616,-1,-1,-1,0,0,0,136,1,1,0,0.0000000,0.0000000,0.0000000,0,0,0,0,755728986572625
721,1140814339,1000,1718,1718,2.6353791,0.18847,-1,-1,-1,0,0,0,136,1,1,0,0.0000000,0.0000000,0.0000000,0,0,0,0,755728987353625
722,1140815339,1000,1718,1718,2.6353791,0.18108,-1,-1,-1,0,0,0,136,1,1,0,0.0000000,0.0000000,0.0000000,0,0,0,0,755728988349625
723,1140816339,1000,1719,1719,2.6369131,0.23413,-1,-1,-1,0,0,0,136,1,1,0,0.0000000,0.0000000,0.0000000,0,0,0,0,755728989347416
724,1140817339,1000,1719,1719,2.6369131,0.22495,-1,-1,-1,0,0,0,136,1,1,0,0.0000000,0.0000000,0.0000000,0,0,0,0,755728990340083
725,1140818339,1000,1719,1719,2.6369131,0.21613,-1,-1,-1,0,0,0,136,1,1,0,0.0000000,0.0000000,0.0000000,0,0,0,0,755728991344416
726,1140819339,1000,1720,1720,2.6384470,0.26780,-1,-1,-1,0,0,0,136,1,1,0,0.0000000,0.0000000,0.0000000,0,0,0,0,755728992338000
727,1140820339,1000,1720,1720,2.6384470,0.25730,-1,-1,-1,0,0,0,136,1,1,0,0.0000000,0.0000000,0.0000000,0,0,0,0,755728993359750
728,1140821339,1000,1720,1720,2.6384470,0.24721,-1,-1,-1,0,0,0,136,1,1,0,0.0000000,0.0000000,0.0000000,0,0,0,0,755728994348875
729,1140822339,1000,1720,1720,2.6384470,0.23752,-1,-1,-1,0,0,0,136,1,1,0,0.0000000,0.0000000,0.0000000,0,0,0,0,755728995345625
730,1140823339,1000,1720,1720,2.6384470,0.22821,-1,-1,-1,0,0,0,135,1,1,0,0.0000000,0.0000000,0.0000000,0,0,0,0,755728996358666
731,1140824339,1000,1720,1720,2.6384470,0.21926,-1,-1,-1,0,0,0,136,1,1,0,0.0000000,0.0000000,0.0000000,0,0,0,0,755728997362958
732,1140825339,1000,1720,1720,2.6384470,0.21066,-1,-1,-1,0,0,0,136,1,1,0,0.0000000,0.0000000,0.0000000,0,0,0,0,755728998341583
733,1140826339,1000,1721,1721,2.6399810,0.26255,-1,-1,-1,0,0,0,136,1,1,0,0.0000000,0.0000000,0.0000000,0,0,0,0,755728999352458
734,1140827339,1000,1721,1721,2.6399810,0.25225,-1,-1,-1,0,0,0,136,1,1,0,0.0000000,0.0000000,0.0000000,0,0,0,0,755729000334583
735,1140828339,1000,1721,1721,2.6399810,0.24236,-1,-1,-1,0,0,0,136,1,1,0,0.0000000,0.0000000,0.0000000,0,0,0,0,755729001369125
736,1140829339,1000,1721,1721,2.6399810,0.23286,-1,-1,-1,0,0,0,136,1,1,0,0.0000000,0.0000000,0.0000000,0,0,0,0,755729002350625
737,1140830339,1000,1721,1721,2.6399810,0.22373,-1,-1,-1,0,0,0,136,1,1,0,0.0000000,0.0000000,0.0000000,0,0,0,0,755729003339750
738,1140831339,1000,1722,1722,2.6415150,0.27510,-1,-1,-1,0,0,0,136,1,1,0,0.0000000,0.0000000,0.0000000,0,0,0,0,755729004333083
739,1140832339,1000,1721,1721,2.6399810,0.20417,-1,-1,-1,0,0,0,136,1,1,0,0.0000000,0.0000000,0.0000000,0,0,0,0,755729005332833
740,1140833339,1000,1722,1722,2.6415150,0.25631,-1,-1,-1,0,0,0,136,1,1,0,0.0000000,0.0000000,0.0000000,0,0,0,0,755729006333833
741,1140834339,1000,1722,1722,2.6415150,0.24626,-1,-1,-1,0,0,0,136,1,1,0,0.0000000,0.0000000,0.0000000,0,0,0,0,755729007326125
742,1140835339,1000,1722,1722,2.6415150,0.23661,-1,-1,-1,0,0,0,136,1,1,0,0.0000000,0.0000000,0.0000000,0,0,0,0,755729008331833
743,1140836339,1000,1722,1722,2.6415150,0.22733,-1,-1,-1,0,0,0,136,1,1,0,0.0000000,0.0000000,0.0000000,0,0,0,0,755729009345583
744,1140837339,1000,1722,1722,2.6415150,0.21841,-1,-1,-1,0,0,0,136,1,1,0,0.0000000,0.0000000,0.0000000,0,0,0,0,755729010340791
745,1140838339,1000,1722,1722,2.6415150,0.20985,-1,-1,-1,0,0,0,136,1,1,0,0.0000000,0.0000000,0.0000000,0,0,0,0,755729011334250
746,1140839339,1000,1723,1723,2.6430490,0.26177,-1,-1,-1,0,0,0,136,1,1,0,0.0000000,0.0000000,0.0000000,0,0,0,0,755729012346625
747,1140840339,1000,1723,1723,2.6430490,0.25151,-1,-1,-1,0,0,0,136,1,1,0,0.0000000,0.0000000,0.0000000,0,0,0,0,755729013341125
748,1140841339,1000,1723,1723,2.6430490,0.24164,-1,-1,-1,0,0,0,136,1,1,0,0.0000000,0.0000000,0.0000000,0,0,0,0,755729014359375
749,1140842339,1000,1723,1723,2.6430490,0.23217,-1,-1,-1,0,0,0,136,1,1,0,0.0000000,0.0000000,0.0000000,0,0,0,0,755729015344500
750,1140843339,1000,1723,1723,2.6430490,0.22307,-1,-1,-1,0,0,0,136,1,1,0,0.0000000,0.0000000,0.0000000,0,0,0,0,755729016593125
751,1140844339,1000,1723,1723,2.6430490,0.21432,-1,-1,-1,0,0,0,136,1,1,0,0.0000000,0.0000000,0.0000000,0,0,0,0,755729017568791
752,1140845339,1000,1724,1724,2.6445830,0.26606,-1,-1,-1,0,0,0,136,1,1,0,0.0000000,0.0000000,0.0000000,0,0,0,0,755729018457791
753,1140846339,1000,1723,1723,2.6430490,0.19548,-1,-1,-1,0,0,0,136,1,1,0,0.0000000,0.0000000,0.0000000,0,0,0,0,755729019360416
754,1140847339,1000,1724,1724,2.6445830,0.24797,-1,-1,-1,0,0,0,136,1,1,0,0.0000000,0.0000000,0.0000000,0,0,0,0,755729020339791
755,1140848339,1000,1724,1724,2.6445830,0.23824,-1,-1,-1,0,0,0,136,1,1,0,0.0000000,0.0000000,0.0000000,0,0,0,0,755729021338125
756,1140849339,1000,1724,1724,2.6445830,0.22890,-1,-1,-1,0,0,0,136,1,1,0,0.0000000,0.0000000,0.0000000,0,0,0,0,755729022337833
757,1140850339,1000,1724,1724,2.6445830,0.21993,-1,-1,-1,0,0,0,136,1,1,0,0.0000000,0.0000000,0.0000000,0,0,0,0,755729023344000
758,1140851339,1000,1725,1725,2.6461170,0.27145,-1,-1,-1,0,0,0,136,1,1,0,0.0000000,0.0000000,0.0000000,0,0,0,0,755729024348916
759,1140852339,1000,1725,1725,2.6461170,0.26081,39,128,1923,0,0,0,136,1,1,0,0.0000000,0.0000000,0.0000000,0,0,0,0,755729025706000
760,1140853339,1000,1724,1724,2.6445830,0.19043,-1,-1,-1,0,0,0,136,1,1,0,0.0000000,0.0000000,0.0000000,0,0,0,0,755729026323125
761,1140854339,1000,1725,1725,2.6461170,0.24311,-1,-1,-1,0,0,0,136,1,1,0,0.0000000,0.0000000,0.0000000,0,0,0,0,755729027348125
762,1140855339,1000,1725,1725,2.6461170,0.23358,-1,-1,-1,0,0,0,136,1,1,0,0.0000000,0.0000000,0.0000000,0,0,0,0,755729028359291
763,1140856339,1000,1725,1725,2.6461170,0.22442,-1,-1,-1,0,0,0,136,1,1,0,0.0000000,0.0000000,0.0000000,0,0,0,0,755729029338916
764,1140857339,1000,1725,1725,2.6461170,0.21562,-1,-1,-1,0,0,0,136,1,1,0,0.0000000,0.0000000,0.0000000,0,0,0,0,755729030337875
765,1140858339,1000,1725,1725,2.6461170,0.20717,-1,-1,-1,0,0,0,136,1,1,0,0.0000000,0.0000000,0.0000000,0,0,0,0,755729031335708
766,1140859339,1000,1725,1725,2.6461170,0.19905,-1,-1,-1,0,0,0,136,1,1,0,0.0000000,0.0000000,0.0000000,0,0,0,0,755729032338625
767,1140860339,1000,1725,1725,2.6461170,0.19124,-1,-1,-1,0,0,0,136,1,1,0,0.0000000,0.0000000,0.0000000,0,0,0,0,755729033338541
768,1140861339,1000,1726,1726,2.6476510,0.24389,-1,-1,-1,0,0,0,136,1,1,0,0.0000000,0.0000000,0.0000000,0,0,0,0,755729034336000
769,1140862339,1000,1725,1725,2.6461170,0.17418,-1,-1,-1,0,0,0,136,1,1,0,0.0000000,0.0000000,0.0000000,0,0,0,0,755729035337375
770,1140863339,1000,1726,1726,2.6476510,0.22750,-1,-1,-1,0,0,0,136,1,1,0,0.0000000,0.0000000,0.0000000,0,0,0,0,755729036331833
771,1140864339,1000,1726,1726,2.6476510,0.21858,-1,-1,-1,0,0,0,136,1,1,0,0.0000000,0.0000000,0.0000000,0,0,0,0,755729037339083
772,1140865339,1000,1726,1726,2.6476510,0.21001,-1,-1,-1,0,0,0,136,1,1,0,0.0000000,0.0000000,0.0000000,0,0,0,0,755729038333958
773,1140866339,1000,1726,1726,2.6476510,0.20177,-1,-1,-1,0,0,0,136,1,1,0,0.0000000,0.0000000,0.0000000,0,0,0,0,755729039333708
774,1140867339,1000,1726,1726,2.6476510,0.19386,-1,-1,-1,0,0,0,136,1,1,0,0.0000000,0.0000000,0.0000000,0,0,0,0,755729040357583
775,1140868339,1000,1726,1726,2.6476510,0.18626,-1,-1,-1,0,0,0,136,1,1,0,0.0000000,0.0000000,0.0000000,0,0,0,0,755729041332583
776,1140869339,1000,1727,1727,2.6491849,0.23910,-1,-1,-1,0,0,0,136,1,1,0,0.0000000,0.0000000,0.0000000,0,0,0,0,755729042358250
777,1140870339,1000,1727,1727,2.6491849,0.22973,-1,-1,-1,0,0,0,136,1,1,0,0.0000000,0.0000000,0.0000000,0,0,0,0,755729043591041
778,1140871339,1000,1727,1727,2.6491849,0.22072,-1,-1,-1,0,0,0,136,1,1,0,0.0000000,0.0000000,0.0000000,0,0,0,0,755729044570208
779,1140872339,1000,1727,1727,2.6491849,0.21207,-1,-1,-1,0,0,0,136,1,1,0,0.0000000,0.0000000,0.0000000,0,0,0,0,755729045562250
780,1140873339,1000,1727,1727,2.6491849,0.20375,-1,-1,-1,0,0,0,136,1,1,0,0.0000000,0.0000000,0.0000000,0,0,0,0,755729046377750
781,1140874339,1000,1727,1727,2.6491849,0.19576,-1,-1,-1,0,0,0,136,1,1,0,0.0000000,0.0000000,0.0000000,0,0,0,0,755729047349958
782,1140875339,1000,1727,1727,2.6491849,0.18809,-1,-1,-1,0,0,0,136,1,1,0,0.0000000,0.0000000,0.0000000,0,0,0,0,755729048345791
783,1140876339,1000,1727,1727,2.6491849,0.18071,-1,-1,-1,0,0,0,136,1,1,0,0.0000000,0.0000000,0.0000000,0,0,0,0,755729049340791
784,1140877339,1000,1727,1727,2.6491849,0.17363,-1,-1,-1,0,0,0,136,1,1,0,0.0000000,0.0000000,0.0000000,0,0,0,0,755729050325166
785,1140878339,1000,1727,1727,2.6491849,0.16682,-1,-1,-1,0,0,0,136,1,1,0,0.0000000,0.0000000,0.0000000,0,0,0,0,755729051336458
786,1140879339,1000,1727,1727,2.6491849,0.16028,-1,-1,-1,0,0,0,136,1,1,0,0.0000000,0.0000000,0.0000000,0,0,0,0,755729052331250
787,1140880339,1000,1727,1727,2.6491849,0.15399,-1,-1,-1,0,0,0,136,1,1,0,0.0000000,0.0000000,0.0000000,0,0,0,0,755729053356791
788,1140881339,1000,1727,1727,2.6491849,0.14795,-1,-1,-1,0,0,0,136,1,1,0,0.0000000,0.0000000,0.0000000,0,0,0,0,755729054331291
789,1140882339,1000,1727,1727,2.6491849,0.14215,-1,-1,-1,0,0,0,136,1,1,0,0.0000000,0.0000000,0.0000000,0,0,0,0,755729055337000
790,1140883339,1000,1727,1727,2.6491849,0.13658,-1,-1,-1,0,0,0,136,1,1,0,0.0000000,0.0000000,0.0000000,0,0,0,0,755729056339041
791,1140884339,1000,1727,1727,2.6491849,0.13122,-1,-1,-1,0,0,0,136,1,1,0,0.0000000,0.0000000,0.0000000,0,0,0,0,755729057353833
792,1140885339,1000,1727,1727,2.6491849,0.12608,-1,-1,-1,0,0,0,136,1,1,0,0.0000000,0.0000000,0.0000000,0,0,0,0,755729058342000
793,1140886339,1000,1727,1727,2.6491849,0.12113,-1,-1,-1,0,0,0,136,1,1,0,0.0000000,0.0000000,0.0000000,0,0,0,0,755729059357958
794,1140887339,1000,1727,1727,2.6491849,0.11638,-1,-1,-1,0,0,0,136,1,1,0,0.0000000,0.0000000,0.0000000,0,0,0,0,755729060332916
795,1140888339,1000,1727,1727,2.6491849,0.11182,-1,-1,-1,0,0,0,136,1,1,0,0.0000000,0.0000000,0.0000000,0,0,0,0,755729061345375
796,1140889339,1000,1727,1727,2.6491849,0.10744,-1,-1,-1,0,0,0,136,1,1,0,0.0000000,0.0000000,0.0000000,0,0,0,0,755729062348250
797,1140890339,1000,1727,1727,2.6491849,0.10322,-1,-1,-1,0,0,0,136,1,1,0,0.0000000,0.0000000,0.0000000,0,0,0,0,755729063343541
798,1140891339,1000,1727,1727,2.6491849,0.09918,-1,-1,-1,0,0,0,136,1,1,0,0.0000000,0.0000000,0.0000000,0,0,0,0,755729064340041
799,1140892339,1000,1727,1727,2.6491849,0.09529,-1,-1,-1,0,0,0,136,1,1,0,0.0000000,0.0000000,0.0000000,0,0,0,0,755729065331458
800,1140893339,1000,1727,1727,2.6491849,0.09155,-1,-1,-1,0,0,0,136,1,1,0,0.0000000,0.0000000,0.0000000,0,0,0,0,755729066336541
801,1140894339,1000,1727,1727,2.6491849,0.08796,-1,-1,-1,0,0,0,136,1,1,0,0.0000000,0.0000000,0.0000000,0,0,0,0,755729067339833
802,1140895339,1000,1727,1727,2.6491849,0.08451,-1,-1,-1,0,0,0,136,1,1,0,0.0000000,0.0000000,0.0000000,0,0,0,0,755729068342041
803,1140896339,1000,1727,1727,2.6491849,0.08120,-1,-1,-1,0,0,0,136,1,1,0,0.0000000,0.0000000,0.0000000,0,0,0,0,755729069341750
804,1140897339,1000,1726,1726,2.6476510,0.01787,-1,-1,-1,0,0,0,136,1,1,0,0.0000000,0.0000000,0.0000000,0,0,0,0,755729070334416
805,1140898339,1000,1727,1727,2.6491849,0.07731,-1,-1,-1,0,0,0,136,1,1,0,0.0000000,0.0000000,0.0000000,0,0,0,0,755729071339791
806,1140899339,1000,1727,1727,2.6491849,0.07428,-1,-1,-1,0,0,0,136,1,1,0,0.0000000,0.0000000,0.0000000,0,0,0,0,755729072333666
807,1140900339,1000,1726,1726,2.6476510,0.01122,-1,-1,-1,0,0,0,136,1,1,0,0.0000000,0.0000000,0.0000000,0,0,0,0,755729073332125
808,1140901339,1000,1727,1727,2.6491849,0.07093,-1,-1,-1,0,0,0,136,1,1,0,0.0000000,0.0000000,0.0000000,0,0,0,0,755729074415958
809,1140902339,1000,1727,1727,2.6491849,0.06815,39,128,1891,0,0,0,136,1,1,0,0.0000000,0.0000000,0.0000000,0,0,0,0,755729075957333
810,1140903339,1000,1727,1727,2.6491849,0.06548,-1,-1,-1,0,0,0,136,1,1,0,0.0000000,0.0000000,0.0000000,0,0,0,0,755729076797333
811,1140904339,1000,1727,1727,2.6491849,0.06291,-1,-1,-1,0,0,0,136,1,1,0,0.0000000,0.0000000,0.0000000,0,0,0,0,755729077558083
812,1140905339,1000,1727,1727,2.6491849,0.06044,-1,-1,-1,0,0,0,136,1,1,0,0.0000000,0.0000000,0.0000000,0,0,0,0,755729078329041
813,1140906339,1000,1726,1726,2.6476510,-0.00208,-1,-1,-1,0,0,0,136,1,1,0,0.0000000,0.0000000,0.0000000,0,0,0,0,755729079420916
814,1140907339,1000,1726,1726,2.6476510,-0.00199,-1,-1,-1,0,0,0,136,1,1,0,0.0000000,0.0000000,0.0000000,0,0,0,0,755729080365625
815,1140908339,1000,1726,1726,2.6476510,-0.00192,-1,-1,-1,0,0,0,136,1,1,0,0.0000000,0.0000000,0.0000000,0,0,0,0,755729081375458
816,1140909339,1000,1726,1726,2.6476510,-0.00184,-1,-1,-1,0,0,0,136,1,1,0,0.0000000,0.0000000,0.0000000,0,0,0,0,755729082356416
817,1140910339,1000,1726,1726,2.6476510,-0.00177,-1,-1,-1,0,0,0,136,1,1,0,0.0000000,0.0000000,0.0000000,0,0,0,0,755729083355166
818,1140911339,1000,1726,1726,2.6476510,-0.00170,-1,-1,-1,0,0,0,136,1,1,0,0.0000000,0.0000000,0.0000000,0,0,0,0,755729084354250
819,1140912339,1000,1726,1726,2.6476510,-0.00163,-1,-1,-1,0,0,0,136,1,1,0,0.0000000,0.0000000,0.0000000,0,0,0,0,755729085365625
820,1140913339,1000,1725,1725,2.6461170,-0.06172,-1,-1,-1,0,0,0,136,1,1,0,0.0000000,0.0000000,0.0000000,0,0,0,0,755729086353750
821,1140914339,1000,1726,1726,2.6476510,0.00085,-1,-1,-1,0,0,0,136,1,1,0,0.0000000,0.0000000,0.0000000,0,0,0,0,755729087352291
822,1140915339,1000,1725,1725,2.6461170,-0.05933,-1,-1,-1,0,0,0,136,1,1,0,0.0000000,0.0000000,0.0000000,0,0,0,0,755729088355458
823,1140916339,1000,1725,1725,2.6461170,-0.05700,-1,-1,-1,0,0,0,136,1,1,0,0.0000000,0.0000000,0.0000000,0,0,0,0,755729089353958
824,1140917339,1000,1725,1725,2.6461170,-0.05477,-1,-1,-1,0,0,0,136,1,1,0,0.0000000,0.0000000,0.0000000,0,0,0,0,755729090353458
825,1140918339,1000,1725,1725,2.6461170,-0.05262,-1,-1,-1,0,0,0,136,1,1,0,0.0000000,0.0000000,0.0000000,0,0,0,0,755729091363208
826,1140919339,1000,1725,1725,2.6461170,-0.05056,-1,-1,-1,0,0,0,136,1,1,0,0.0000000,0.0000000,0.0000000,0,0,0,0,755729092356708
827,1140920339,1000,1725,1725,2.6461170,-0.04858,-1,-1,-1,0,0,0,136,1,1,0,0.0000000,0.0000000,0.0000000,0,0,0,0,755729093346125
828,1140921339,1000,1725,1725,2.6461170,-0.04667,-1,-1,-1,0,0,0,136,1,1,0,0.0000000,0.0000000,0.0000000,0,0,0,0,755729094362750
829,1140922339,1000,1725,1725,2.6461170,-0.04484,-1,-1,-1,0,0,0,136,1,1,0,0.0000000,0.0000000,0.0000000,0,0,0,0,755729095349000
830,1140923339,1000,1725,1725,2.6461170,-0.04308,-1,-1,-1,0,0,0,136,1,1,0,0.0000000,0.0000000,0.0000000,0,0,0,0,755729096345708
831,1140924339,1000,1725,1725,2.6461170,-0.04139,-1,-1,-1,0,0,0,136,1,1,0,0.0000000,0.0000000,0.0000000,0,0,0,0,755729097345500
832,1140925339,1000,1724,1724,2.6445830,-0.09992,-1,-1,-1,0,0,0,136,1,1,0,0.0000000,0.0000000,0.0000000,0,0,0,0,755729098345583
833,1140926339,1000,1724,1724,2.6445830,-0.09600,-1,-1,-1,0,0,0,136,1,1,0,0.0000000,0.0000000,0.0000000,0,0,0,0,755729099341041
834,1140927339,1000,1724,1724,2.6445830,-0.09224,-1,-1,-1,0,0,0,136,1,1,0,0.0000000,0.0000000,0.0000000,0,0,0,0,755729100344791
835,1140928339,1000,1724,1724,2.6445830,-0.08862,-1,-1,-1,0,0,0,136,1,1,0,0.0000000,0.0000000,0.0000000,0,0,0,0,755729101336375
836,1140929339,1000,1724,1724,2.6445830,-0.08515,-1,-1,-1,0,0,0,136,1,1,0,0.0000000,0.0000000,0.0000000,0,0,0,0,755729102340000
837,1140930339,1000,1724,1724,2.6445830,-0.08181,-1,-1,-1,0,0,0,136,1,1,0,0.0000000,0.0000000,0.0000000,0,0,0,0,755729103569666
838,1140931339,1000,1724,1724,2.6445830,-0.07860,-1,-1,-1,0,0,0,136,1,1,0,0.0000000,0.0000000,0.0000000,0,0,0,0,755729104592125
839,1140932339,1000,1724,1724,2.6445830,-0.07552,-1,-1,-1,0,0,0,136,1,1,0,0.0000000,0.0000000,0.0000000,0,0,0,0,755729105453500
840,1140933339,1000,1723,1723,2.6430490,-0.13270,-1,-1,-1,0,0,0,136,1,1,0,0.0000000,0.0000000,0.0000000,0,0,0,0,755729106361875
841,1140934339,1000,1723,1723,2.6430490,-0.12750,-1,-1,-1,0,0,0,136,1,1,0,0.0000000,0.0000000,0.0000000,0,0,0,0,755729107383041
842,1140935339,1000,1723,1723,2.6430490,-0.12250,-1,-1,-1,0,0,0,136,1,1,0,0.0000000,0.0000000,0.0000000,0,0,0,0,755729108386875
843,1140936339,1000,1723,1723,2.6430490,-0.11770,-1,-1,-1,0,0,0,136,1,1,0,0.0000000,0.0000000,0.0000000,0,0,0,0,755729109376458
844,1140937339,1000,1723,1723,2.6430490,-0.11308,-1,-1,-1,0,0,0,136,1,1,0,0.0000000,0.0000000,0.0000000,0,0,0,0,755729110352666
845,1140938339,1000,1723,1723,2.6430490,-0.10865,-1,-1,-1,0,0,0,136,1,1,0,0.0000000,0.0000000,0.0000000,0,0,0,0,755729111354916
846,1140939339,1000,1723,1723,2.6430490,-0.10439,-1,-1,-1,0,0,0,136,1,1,0,0.0000000,0.0000000,0.0000000,0,0,0,0,755729112356458
847,1140940339,1000,1722,1722,2.6415150,-0.16044,-1,-1,-1,0,0,0,136,1,1,0,0.0000000,0.0000000,0.0000000,0,0,0,0,755729113352666
848,1140941339,1000,1722,1722,2.6415150,-0.15415,-1,-1,-1,0,0,0,136,1,1,0,0.0000000,0.0000000,0.0000000,0,0,0,0,755729114351583
849,1140942339,1000,1722,1722,2.6415150,-0.14811,-1,-1,-1,0,0,0,136,1,1,0,0.0000000,0.0000000,0.0000000,0,0,0,0,755729115357041
850,1140943339,1000,1722,1722,2.6415150,-0.14230,-1,-1,-1,0,0,0,136,1,1,0,0.0000000,0.0000000,0.0000000,0,0,0,0,755729116349583
851,1140944339,1000,1722,1722,2.6415150,-0.13672,-1,-1,-1,0,0,0,136,1,1,0,0.0000000,0.0000000,0.0000000,0,0,0,0,755729117361166
852,1140945339,1000,1722,1722,2.6415150,-0.13136,-1,-1,-1,0,0,0,136,1,1,0,0.0000000,0.0000000,0.0000000,0,0,0,0,755729118347666
853,1140946339,1000,1722,1722,2.6415150,-0.12621,-1,-1,-1,0,0,0,136,1,1,0,0.0000000,0.0000000,0.0000000,0,0,0,0,755729119346250
854,1140947339,1000,1722,1722,2.6415150,-0.12126,-1,-1,-1,0,0,0,136,1,1,0,0.0000000,0.0000000,0.0000000,0,0,0,0,755729120364250
855,1140948339,1000,1721,1721,2.6399810,-0.17665,-1,-1,-1,0,0,0,136,1,1,0,0.0000000,0.0000000,0.0000000,0,0,0,0,755729121352291
856,1140949339,1000,1721,1721,2.6399810,-0.16973,-1,-1,-1,0,0,0,136,1,1,0,0.0000000,0.0000000,0.0000000,0,0,0,0,755729122366750
857,1140950339,1000,1721,1721,2.6399810,-0.16307,-1,-1,-1,0,0,0,136,1,1,0,0.0000000,0.0000000,0.0000000,0,0,0,0,755729123354625
858,1140951339,1000,1721,1721,2.6399810,-0.15668,-1,-1,-1,0,0,0,136,1,1,0,0.0000000,0.0000000,0.0000000,0,0,0,0,755729124343625
859,1140952339,1000,1721,1721,2.6399810,-0.15053,39,128,1916,0,0,0,136,1,1,0,0.0000000,0.0000000,0.0000000,0,0,0,0,755729125775833
860,1140953339,1000,1721,1721,2.6399810,-0.14463,-1,-1,-1,0,0,0,136,1,1,0,0.0000000,0.0000000,0.0000000,0,0,0,0,755729126392208
861,1140954339,1000,1721,1721,2.6399810,-0.13896,-1,-1,-1,0,0,0,136,1,1,0,0.0000000,0.0000000,0.0000000,0,0,0,0,755729127353500
862,1140955339,1000,1721,1721,2.6399810,-0.13351,-1,-1,-1,0,0,0,136,1,1,0,0.0000000,0.0000000,0.0000000,0,0,0,0,755729128348875
863,1140956339,1000,1720,1720,2.6384470,-0.18843,-1,-1,-1,0,0,0,136,1,1,0,0.0000000,0.0000000,0.0000000,0,0,0,0,755729129331166
864,1140957339,1000,1720,1720,2.6384470,-0.18104,-1,-1,-1,0,0,0,136,1,1,0,0.0000000,0.0000000,0.0000000,0,0,0,0,755729130562416
865,1140958339,1000,1720,1720,2.6384470,-0.17394,-1,-1,-1,0,0,0,136,1,1,0,0.0000000,0.0000000,0.0000000,0,0,0,0,755729131568791
866,1140959339,1000,1720,1720,2.6384470,-0.16712,-1,-1,-1,0,0,0,136,1,1,0,0.0000000,0.0000000,0.0000000,0,0,0,0,755729132584916
867,1140960339,1000,1720,1720,2.6384470,-0.16057,-1,-1,-1,0,0,0,136,1,1,0,0.0000000,0.0000000,0.0000000,0,0,0,0,755729133365666
868,1140961339,1000,1720,1720,2.6384470,-0.15427,-1,-1,-1,0,0,0,136,1,1,0,0.0000000,0.0000000,0.0000000,0,0,0,0,755729134347666
869,1140962339,1000,1720,1720,2.6384470,-0.14822,-1,-1,-1,0,0,0,136,1,1,0,0.0000000,0.0000000,0.0000000,0,0,0,0,755729135343375
870,1140963339,1000,1720,1720,2.6384470,-0.14241,-1,-1,-1,0,0,0,136,1,1,0,0.0000000,0.0000000,0.0000000,0,0,0,0,755729136342041
871,1140964339,1000,1720,1720,2.6384470,-0.13683,-1,-1,-1,0,0,0,136,1,1,0,0.0000000,0.0000000,0.0000000,0,0,0,0,755729137401791
872,1140965339,1000,1720,1720,2.6384470,-0.13146,-1,-1,-1,0,0,0,136,1,1,0,0.0000000,0.0000000,0.0000000,0,0,0,0,755729138365125
873,1140966339,1000,1720,1720,2.6384470,-0.12631,-1,-1,-1,0,0,0,136,1,1,0,0.0000000,0.0000000,0.0000000,0,0,0,0,755729139360750
874,1140967339,1000,1719,1719,2.6369131,-0.18150,-1,-1,-1,0,0,0,136,1,1,0,0.0000000,0.0000000,0.0000000,0,0,0,0,755729140358708
875,1140968339,1000,1720,1720,2.6384470,-0.11424,-1,-1,-1,0,0,0,136,1,1,0,0.0000000,0.0000000,0.0000000,0,0,0,0,755729141345083
876,1140969339,1000,1719,1719,2.6369131,-0.16991,-1,-1,-1,0,0,0,136,1,1,0,0.0000000,0.0000000,0.0000000,0,0,0,0,755729142358833
877,1140970339,1000,1719,1719,2.6369131,-0.16324,-1,-1,-1,0,0,0,136,1,1,0,0.0000000,0.0000000,0.0000000,0,0,0,0,755729143353416
878,1140971339,1000,1719,1719,2.6369131,-0.15684,-1,-1,-1,0,0,0,136,1,1,0,0.0000000,0.0000000,0.0000000,0,0,0,0,755729144352375
879,1140972339,1000,1719,1719,2.6369131,-0.15069,-1,-1,-1,0,0,0,136,1,1,0,0.0000000,0.0000000,0.0000000,0,0,0,0,755729145341125
880,1140973339,1000,1719,1719,2.6369131,-0.14478,-1,-1,-1,0,0,0,136,1,1,0,0.0000000,0.0000000,0.0000000,0,0,0,0,755729146340666
881,1140974339,1000,1719,1719,2.6369131,-0.13911,-1,-1,-1,0,0,0,136,1,1,0,0.0000000,0.0000000,0.0000000,0,0,0,0,755729147397750
882,1140975339,1000,1719,1719,2.6369131,-0.13365,-1,-1,-1,0,0,0,136,1,1,0,0.0000000,0.0000000,0.0000000,0,0,0,0,755729148429166
883,1140976339,1000,1719,1719,2.6369131,-0.12841,-1,-1,-1,0,0,0,136,1,1,0,0.0000000,0.0000000,0.0000000,0,0,0,0,755729149455541
884,1140977339,1000,1719,1719,2.6369131,-0.12338,-1,-1,-1,0,0,0,136,1,1,0,0.0000000,0.0000000,0.0000000,0,0,0,0,755729150483125
885,1140978339,1000,1718,1718,2.6353791,-0.17869,-1,-1,-1,0,0,0,136,1,1,0,0.0000000,0.0000000,0.0000000,0,0,0,0,755729151446708
886,1140979339,1000,1718,1718,2.6353791,-0.17168,-1,-1,-1,0,0,0,136,1,1,0,0.0000000,0.0000000,0.0000000,0,0,0,0,755729153027625
887,1140980339,1000,1719,1719,2.6369131,-0.10480,-1,-1,-1,0,0,0,136,1,1,0,0.0000000,0.0000000,0.0000000,0,0,0,0,755729153708416
888,1140981339,1000,1719,1719,2.6369131,-0.10069,-1,-1,-1,0,0,0,136,1,1,0,0.0000000,0.0000000,0.0000000,0,0,0,0,755729154551958
889,1140982339,1000,1718,1718,2.6353791,-0.15689,-1,-1,-1,0,0,0,136,1,1,0,0.0000000,0.0000000,0.0000000,0,0,0,0,755729155447541
890,1140983339,1000,1719,1719,2.6369131,-0.09059,-1,-1,-1,0,0,0,136,1,1,0,0.0000000,0.0000000,0.0000000,0,0,0,0,755729156396916
891,1140984339,1000,1718,1718,2.6353791,-0.14719,-1,-1,-1,0,0,0,136,1,1,0,0.0000000,0.0000000,0.0000000,0,0,0,0,755729157434791
892,1140985339,1000,1719,1719,2.6369131,-0.08127,-1,-1,-1,0,0,0,136,1,1,0,0.0000000,0.0000000,0.0000000,0,0,0,0,755729158555666
893,1140986339,1000,1718,1718,2.6353791,-0.13823,-1,-1,-1,0,0,0,136,1,1,0,0.0000000,0.0000000,0.0000000,0,0,0,0,755729159388875
894,1140987339,1000,1718,1718,2.6353791,-0.13281,-1,-1,-1,0,0,0,136,1,1,0,0.0000000,0.0000000,0.0000000,0,0,0,0,755729160441583
895,1140988339,1000,1719,1719,2.6369131,-0.06745,-1,-1,-1,0,0,0,136,1,1,0,0.0000000,0.0000000,0.0000000,0,0,0,0,755729161411625
896,1140989339,1000,1719,1719,2.6369131,-0.06481,-1,-1,-1,0,0,0,136,1,1,0,0.0000000,0.0000000,0.0000000,0,0,0,0,755729162453125
897,1140990339,1000,1719,1719,2.6369131,-0.06227,-1,-1,-1,0,0,0,136,1,1,0,0.0000000,0.0000000,0.0000000,0,0,0,0,755729163449958
898,1140991339,1000,1719,1719,2.6369131,-0.05983,-1,-1,-1,0,0,0,136,1,1,0,0.0000000,0.0000000,0.0000000,0,0,0,0,755729164463458
899,1140992339,1000,1718,1718,2.6353791,-0.11763,-1,-1,-1,0,0,0,136,1,1,0,0.0000000,0.0000000,0.0000000,0,0,0,0,755729165438208
900,1140993339,1000,1719,1719,2.6369131,-0.05287,-1,-1,-1,0,0,0,136,1,1,0,0.0000000,0.0000000,0.0000000,0,0,0,0,755729166451750
901,1140994339,1000,1719,1719,2.6369131,-0.05080,-1,-1,-1,0,0,0,136,1,1,0,0.0000000,0.0000000,0.0000000,0,0,0,0,755729167427333
902,1140995339,1000,1719,1719,2.6369131,-0.04880,-1,-1,-1,0,0,0,136,1,1,0,0.0000000,0.0000000,0.0000000,0,0,0,0,755729168382583
903,1140996339,1000,1719,1719,2.6369131,-0.04689,-1,-1,-1,0,0,0,136,1,1,0,0.0000000,0.0000000,0.0000000,0,0,0,0,755729169419750
904,1140997339,1000,1719,1719,2.6369131,-0.04505,-1,-1,-1,0,0,0,136,1,1,0,0.0000000,0.0000000,0.0000000,0,0,0,0,755729170388375
905,1140998339,1000,1719,1719,2.6369131,-0.04328,-1,-1,-1,0,0,0,136,1,1,0,0.0000000,0.0000000,0.0000000,0,0,0,0,755729171433083
906,1140999339,1000,1719,1719,2.6369131,-0.04159,-1,-1,-1,0,0,0,136,1,1,0,0.0000000,0.0000000,0.0000000,0,0,0,0,755729172425125
907,1141000339,1000,1720,1720,2.6384470,0.02019,-1,-1,-1,0,0,0,136,1,1,0,0.0000000,0.0000000,0.0000000,0,0,0,0,755729173465875
908,1141001339,1000,1719,1719,2.6369131,-0.04075,-1,-1,-1,0,0,0,136,1,1,0,0.0000000,0.0000000,0.0000000,0,0,0,0,755729174413625
909,1141002339,1000,1719,1719,2.6369131,-0.03915,39,128,1927,0,0,0,136,1,1,0,0.0000000,0.0000000,0.0000000,0,0,0,0,755729175773250
910,1141003339,1000,1720,1720,2.6384470,0.02253,-1,-1,-1,0,0,0,136,1,1,0,0.0000000,0.0000000,0.0000000,0,0,0,0,755729176397916
911,1141004339,1000,1719,1719,2.6369131,-0.03850,-1,-1,-1,0,0,0,136,1,1,0,0.0000000,0.0000000,0.0000000,0,0,0,0,755729177412666
912,1141005339,1000,1719,1719,2.6369131,-0.03699,-1,-1,-1,0,0,0,136,1,1,0,0.0000000,0.0000000,0.0000000,0,0,0,0,755729178371250
913,1141006339,1000,1720,1720,2.6384470,0.02461,-1,-1,-1,0,0,0,136,1,1,0,0.0000000,0.0000000,0.0000000,0,0,0,0,755729179397583
914,1141007339,1000,1719,1719,2.6369131,-0.03650,-1,-1,-1,0,0,0,136,1,1,0,0.0000000,0.0000000,0.0000000,0,0,0,0,755729180478541
915,1141008339,1000,1720,1720,2.6384470,0.02508,-1,-1,-1,0,0,0,136,1,1,0,0.0000000,0.0000000,0.0000000,0,0,0,0,755729181430541
916,1141009339,1000,1719,1719,2.6369131,-0.03606,-1,-1,-1,0,0,0,136,1,1,0,0.0000000,0.0000000,0.0000000,0,0,0,0,755729182415625
917,1141010339,1000,1720,1720,2.6384470,0.02551,-1,-1,-1,0,0,0,136,1,1,0,0.0000000,0.0000000,0.0000000,0,0,0,0,755729183440166
918,1141011339,1000,1720,1720,2.6384470,0.02451,-1,-1,-1,0,0,0,136,1,1,0,0.0000000,0.0000000,0.0000000,0,0,0,0,755729184428458
919,1141012339,1000,1720,1720,2.6384470,0.02355,-1,-1,-1,0,0,0,135,1,1,0,0.0000000,0.0000000,0.0000000,0,0,0,0,755729185406625
920,1141013339,1000,1720,1720,2.6384470,0.02262,-1,-1,-1,0,0,0,136,1,1,0,0.0000000,0.0000000,0.0000000,0,0,0,0,755729186375041
921,1141014339,1000,1720,1720,2.6384470,0.02173,-1,-1,-1,0,0,0,136,1,1,0,0.0000000,0.0000000,0.0000000,0,0,0,0,755729187387333
922,1141015339,1000,1720,1720,2.6384470,0.02088,-1,-1,-1,0,0,0,136,1,1,0,0.0000000,0.0000000,0.0000000,0,0,0,0,755729188401875
923,1141016339,1000,1720,1720,2.6384470,0.02006,-1,-1,-1,0,0,0,136,1,1,0,0.0000000,0.0000000,0.0000000,0,0,0,0,755729189372208
924,1141017339,1000,1720,1720,2.6384470,0.01928,-1,-1,-1,0,0,0,136,1,1,0,0.0000000,0.0000000,0.0000000,0,0,0,0,755729190369916
925,1141018339,1000,1720,1720,2.6384470,0.01852,-1,-1,-1,0,0,0,136,1,1,0,0.0000000,0.0000000,0.0000000,0,0,0,0,755729191366958
926,1141019339,1000,1720,1720,2.6384470,0.01779,-1,-1,-1,0,0,0,136,1,1,0,0.0000000,0.0000000,0.0000000,0,0,0,0,755729192379166
927,1141020339,1000,1720,1720,2.6384470,0.01710,-1,-1,-1,0,0,0,136,1,1,0,0.0000000,0.0000000,0.0000000,0,0,0,0,755729193359625
928,1141021339,1000,1721,1721,2.6399810,0.07658,-1,-1,-1,0,0,0,136,1,1,0,0.0000000,0.0000000,0.0000000,0,0,0,0,755729194368958
929,1141022339,1000,1721,1721,2.6399810,0.07357,-1,-1,-1,0,0,0,136,1,1,0,0.0000000,0.0000000,0.0000000,0,0,0,0,755729195385166
930,1141023339,1000,1720,1720,2.6384470,0.01054,-1,-1,-1,0,0,0,136,1,1,0,0.0000000,0.0000000,0.0000000,0,0,0,0,755729196354666
931,1141024339,1000,1720,1720,2.6384470,0.01013,-1,-1,-1,0,0,0,136,1,1,0,0.0000000,0.0000000,0.0000000,0,0,0,0,755729197356833
932,1141025339,1000,1721,1721,2.6399810,0.06988,-1,-1,-1,0,0,0,136,1,1,0,0.0000000,0.0000000,0.0000000,0,0,0,0,755729198357000
933,1141026339,1000,1721,1721,2.6399810,0.06714,-1,-1,-1,0,0,0,136,1,1,0,0.0000000,0.0000000,0.0000000,0,0,0,0,755729199417875
934,1141027339,1000,1721,1721,2.6399810,0.06450,-1,-1,-1,0,0,0,136,1,1,0,0.0000000,0.0000000,0.0000000,0,0,0,0,755729200381583
935,1141028339,1000,1721,1721,2.6399810,0.06198,-1,-1,-1,0,0,0,136,1,1,0,0.0000000,0.0000000,0.0000000,0,0,0,0,755729201410375
936,1141029339,1000,1721,1721,2.6399810,0.05955,-1,-1,-1,0,0,0,136,1,1,0,0.0000000,0.0000000,0.0000000,0,0,0,0,755729202367041
937,1141030339,1000,1721,1721,2.6399810,0.05721,-1,-1,-1,0,0,0,136,1,1,0,0.0000000,0.0000000,0.0000000,0,0,0,0,755729203346583
938,1141031339,1000,1721,1721,2.6399810,0.05497,-1,-1,-1,0,0,0,136,1,1,0,0.0000000,0.0000000,0.0000000,0,0,0,0,755729204344125
939,1141032339,1000,1722,1722,2.6415150,0.11296,-1,-1,-1,0,0,0,136,1,1,0,0.0000000,0.0000000,0.0000000,0,0,0,0,755729205572250
940,1141033339,1000,1721,1721,2.6399810,0.04838,-1,-1,-1,0,0,0,136,1,1,0,0.0000000,0.0000000,0.0000000,0,0,0,0,755729206633083
941,1141034339,1000,1721,1721,2.6399810,0.04649,-1,-1,-1,0,0,0,136,1,1,0,0.0000000,0.0000000,0.0000000,0,0,0,0,755729207641458
942,1141035339,1000,1721,1721,2.6399810,0.04466,-1,-1,-1,0,0,0,136,1,1,0,0.0000000,0.0000000,0.0000000,0,0,0,0,755729208469000
943,1141036339,1000,1722,1722,2.6415150,0.10306,-1,-1,-1,0,0,0,136,1,1,0,0.0000000,0.0000000,0.0000000,0,0,0,0,755729209354791
944,1141037339,1000,1721,1721,2.6399810,0.03887,-1,-1,-1,0,0,0,136,1,1,0,0.0000000,0.0000000,0.0000000,0,0,0,0,755729210381166
945,1141038339,1000,1722,1722,2.6415150,0.09749,-1,-1,-1,0,0,0,136,1,1,0,0.0000000,0.0000000,0.0000000,0,0,0,0,755729211357125
946,1141039339,1000,1722,1722,2.6415150,0.09367,-1,-1,-1,0,0,0,136,1,1,0,0.0000000,0.0000000,0.0000000,0,0,0,0,755729212380333
947,1141040339,1000,1722,1722,2.6415150,0.09000,-1,-1,-1,0,0,0,136,1,1,0,0.0000000,0.0000000,0.0000000,0,0,0,0,755729213397583
948,1141041339,1000,1722,1722,2.6415150,0.08647,-1,-1,-1,0,0,0,136,1,1,0,0.0000000,0.0000000,0.0000000,0,0,0,0,755729214381583
949,1141042339,1000,1722,1722,2.6415150,0.08308,-1,-1,-1,0,0,0,136,1,1,0,0.0000000,0.0000000,0.0000000,0,0,0,0,755729215400708
950,1141043339,1000,1722,1722,2.6415150,0.07982,-1,-1,-1,0,0,0,136,1,1,0,0.0000000,0.0000000,0.0000000,0,0,0,0,755729216382666
951,1141044339,1000,1722,1722,2.6415150,0.07669,-1,-1,-1,0,0,0,136,1,1,0,0.0000000,0.0000000,0.0000000,0,0,0,0,755729217376750
952,1141045339,1000,1722,1722,2.6415150,0.07369,-1,-1,-1,0,0,0,136,1,1,0,0.0000000,0.0000000,0.0000000,0,0,0,0,755729218334083
953,1141046339,1000,1722,1722,2.6415150,0.07080,-1,-1,-1,0,0,0,136,1,1,0,0.0000000,0.0000000,0.0000000,0,0,0,0,755729219369333
954,1141047339,1000,1722,1722,2.6415150,0.06802,-1,-1,-1,0,0,0,136,1,1,0,0.0000000,0.0000000,0.0000000,0,0,0,0,755729220348541
955,1141048339,1000,1722,1722,2.6415150,0.06535,-1,-1,-1,0,0,0,136,1,1,0,0.0000000,0.0000000,0.0000000,0,0,0,0,755729221346541
956,1141049339,1000,1723,1723,2.6430490,0.12294,-1,-1,-1,0,0,0,136,1,1,0,0.0000000,0.0000000,0.0000000,0,0,0,0,755729222342666
957,1141050339,1000,1722,1722,2.6415150,0.05797,-1,-1,-1,0,0,0,136,1,1,0,0.0000000,0.0000000,0.0000000,0,0,0,0,755729223343000
958,1141051339,1000,1722,1722,2.6415150,0.05570,-1,-1,-1,0,0,0,136,1,1,0,0.0000000,0.0000000,0.0000000,0,0,0,0,755729224339791
959,1141052339,1000,1722,1722,2.6415150,0.05351,39,128,1917,0,0,0,136,1,1,0,0.0000000,0.0000000,0.0000000,0,0,0,0,755729225792500
960,1141053339,1000,1722,1722,2.6415150,0.05141,-1,-1,-1,0,0,0,136,1,1,0,0.0000000,0.0000000,0.0000000,0,0,0,0,755729226409041
961,1141054339,1000,1722,1722,2.6415150,0.04940,-1,-1,-1,0,0,0,135,1,1,0,0.0000000,0.0000000,0.0000000,0,0,0,0,755729227345291
962,1141055339,1000,1722,1722,2.6415150,0.04746,-1,-1,-1,0,0,0,136,1,1,0,0.0000000,0.0000000,0.0000000,0,0,0,0,755729228342708
963,1141056339,1000,1722,1722,2.6415150,0.04560,-1,-1,-1,0,0,0,136,1,1,0,0.0000000,0.0000000,0.0000000,0,0,0,0,755729229341583
964,1141057339,1000,1722,1722,2.6415150,0.04381,-1,-1,-1,0,0,0,136,1,1,0,0.0000000,0.0000000,0.0000000,0,0,0,0,755729230344750
965,1141058339,1000,1722,1722,2.6415150,0.04209,-1,-1,-1,0,0,0,136,1,1,0,0.0000000,0.0000000,0.0000000,0,0,0,0,755729231371541
966,1141059339,1000,1722,1722,2.6415150,0.04044,-1,-1,-1,0,0,0,136,1,1,0,0.0000000,0.0000000,0.0000000,0,0,0,0,755729232363291
967,1141060339,1000,1723,1723,2.6430490,0.09901,-1,-1,-1,0,0,0,136,1,1,0,0.0000000,0.0000000,0.0000000,0,0,0,0,755729233345250
968,1141061339,1000,1722,1722,2.6415150,0.03498,-1,-1,-1,0,0,0,135,1,1,0,0.0000000,0.0000000,0.0000000,0,0,0,0,755729234365625
969,1141062339,1000,1722,1722,2.6415150,0.03360,-1,-1,-1,0,0,0,136,1,1,0,0.0000000,0.0000000,0.0000000,0,0,0,0,755729235345541
970,1141063339,1000,1722,1722,2.6415150,0.03229,-1,-1,-1,0,0,0,136,1,1,0,0.0000000,0.0000000,0.0000000,0,0,0,0,755729236354583
971,1141064339,1000,1722,1722,2.6415150,0.03102,-1,-1,-1,0,0,0,136,1,1,0,0.0000000,0.0000000,0.0000000,0,0,0,0,755729237577958
972,1141065339,1000,1722,1722,2.6415150,0.02980,-1,-1,-1,0,0,0,136,1,1,0,0.0000000,0.0000000,0.0000000,0,0,0,0,755729238576208
973,1141066339,1000,1722,1722,2.6415150,0.02864,-1,-1,-1,0,0,0,136,1,1,0,0.0000000,0.0000000,0.0000000,0,0,0,0,755729239559666
974,1141067339,1000,1722,1722,2.6415150,0.02751,-1,-1,-1,0,0,0,136,1,1,0,0.0000000,0.0000000,0.0000000,0,0,0,0,755729240344291
975,1141068339,1000,1722,1722,2.6415150,0.02643,-1,-1,-1,0,0,0,136,1,1,0,0.0000000,0.0000000,0.0000000,0,0,0,0,755729241349083
976,1141069339,1000,1722,1722,2.6415150,0.02540,-1,-1,-1,0,0,0,136,1,1,0,0.0000000,0.0000000,0.0000000,0,0,0,0,755729242339375
977,1141070339,1000,1722,1722,2.6415150,0.02440,-1,-1,-1,0,0,0,136,1,1,0,0.0000000,0.0000000,0.0000000,0,0,0,0,755729243334958
978,1141071339,1000,1722,1722,2.6415150,0.02345,-1,-1,-1,0,0,0,136,1,1,0,0.0000000,0.0000000,0.0000000,0,0,0,0,755729244333083
979,1141072339,1000,1721,1721,2.6399810,-0.03762,-1,-1,-1,0,0,0,136,1,1,0,0.0000000,0.0000000,0.0000000,0,0,0,0,755729245353791
980,1141073339,1000,1722,1722,2.6415150,0.02400,-1,-1,-1,0,0,0,136,1,1,0,0.0000000,0.0000000,0.0000000,0,0,0,0,755729246373083
981,1141074339,1000,1722,1722,2.6415150,0.02306,-1,-1,-1,0,0,0,136,1,1,0,0.0000000,0.0000000,0.0000000,0,0,0,0,755729247348333
982,1141075339,1000,1722,1722,2.6415150,0.02216,-1,-1,-1,0,0,0,136,1,1,0,0.0000000,0.0000000,0.0000000,0,0,0,0,755729248340500
983,1141076339,1000,1722,1722,2.6415150,0.02129,-1,-1,-1,0,0,0,136,1,1,0,0.0000000,0.0000000,0.0000000,0,0,0,0,755729249345750
984,1141077339,1000,1722,1722,2.6415150,0.02045,-1,-1,-1,0,0,0,136,1,1,0,0.0000000,0.0000000,0.0000000,0,0,0,0,755729250345875
985,1141078339,1000,1722,1722,2.6415150,0.01965,-1,-1,-1,0,0,0,136,1,1,0,0.0000000,0.0000000,0.0000000,0,0,0,0,755729251340333
986,1141079339,1000,1722,1722,2.6415150,0.01888,-1,-1,-1,0,0,0,136,1,1,0,0.0000000,0.0000000,0.0000000,0,0,0,0,755729252344291
987,1141080339,1000,1722,1722,2.6415150,0.01814,-1,-1,-1,0,0,0,136,1,1,0,0.0000000,0.0000000,0.0000000,0,0,0,0,755729253343166
988,1141081339,1000,1722,1722,2.6415150,0.01743,-1,-1,-1,0,0,0,136,1,1,0,0.0000000,0.0000000,0.0000000,0,0,0,0,755729254336750
989,1141082339,1000,1722,1722,2.6415150,0.01675,-1,-1,-1,0,0,0,136,1,1,0,0.0000000,0.0000000,0.0000000,0,0,0,0,755729255345875
990,1141083339,1000,1722,1722,2.6415150,0.01609,-1,-1,-1,0,0,0,136,1,1,0,0.0000000,0.0000000,0.0000000,0,0,0,0,755729256333333
991,1141084339,1000,1722,1722,2.6415150,0.01546,-1,-1,-1,0,0,0,136,1,1,0,0.0000000,0.0000000,0.0000000,0,0,0,0,755729257339166
992,1141085339,1000,1721,1721,2.6399810,-0.04530,-1,-1,-1,0,0,0,136,1,1,0,0.0000000,0.0000000,0.0000000,0,0,0,0,755729258346083
993,1141086339,1000,1722,1722,2.6415150,0.01663,-1,-1,-1,0,0,0,136,1,1,0,0.0000000,0.0000000,0.0000000,0,0,0,0,755729259342666
994,1141087339,1000,1722,1722,2.6415150,0.01598,-1,-1,-1,0,0,0,136,1,1,0,0.0000000,0.0000000,0.0000000,0,0,0,0,755729260334625
995,1141088339,1000,1721,1721,2.6399810,-0.04480,-1,-1,-1,0,0,0,136,1,1,0,0.0000000,0.0000000,0.0000000,0,0,0,0,755729261349458
996,1141089339,1000,1721,1721,2.6399810,-0.04304,-1,-1,-1,0,0,0,136,1,1,0,0.0000000,0.0000000,0.0000000,0,0,0,0,755729262401000
997,1141090339,1000,1721,1721,2.6399810,-0.04135,-1,-1,-1,0,0,0,136,1,1,0,0.0000000,0.0000000,0.0000000,0,0,0,0,755729263350250
998,1141091339,1000,1722,1722,2.6415150,0.02042,-1,-1,-1,0,0,0,136,1,1,0,0.0000000,0.0000000,0.0000000,0,0,0,0,755729264346708
999,1141092339,1000,1722,1722,2.6415150,0.01961,-1,-1,-1,0,0,0,136,1,1,0,0.0000000,0.0000000,0.0000000,0,0,0,0,755729265349333
1000,1141093339,1000,1721,1721,2.6399810,-0.04130,-1,-1,-1,0,0,0,136,1,1,0,0.0000000,0.0000000,0.0000000,0,0,0,0,755729266370083
1001,1141094339,1000,1722,1722,2.6415150,0.02046,-1,-1,-1,0,0,0,136,1,1,0,0.0000000,0.0000000,0.0000000,0,0,0,0,755729267570250
1002,1141095339,1000,1722,1722,2.6415150,0.01966,-1,-1,-1,0,0,0,136,1,1,0,0.0000000,0.0000000,0.0000000,0,0,0,0,755729268535291
1003,1141096339,1000,1722,1722,2.6415150,0.01889,-1,-1,-1,0,0,0,136,1,1,0,0.0000000,0.0000000,0.0000000,0,0,0,0,755729269574458
1004,1141097339,1000,1722,1722,2.6415150,0.01815,-1,-1,-1,0,0,0,136,1,1,0,0.0000000,0.0000000,0.0000000,0,0,0,0,755729270584500
1005,1141098339,1000,1721,1721,2.6399810,-0.04271,-1,-1,-1,0,0,0,136,1,1,0,0.0000000,0.0000000,0.0000000,0,0,0,0,755729271393916
1006,1141099339,1000,1721,1721,2.6399810,-0.04103,-1,-1,-1,0,0,0,136,1,1,0,0.0000000,0.0000000,0.0000000,0,0,0,0,755729272351000
1007,1141100339,1000,1721,1721,2.6399810,-0.03943,-1,-1,-1,0,0,0,136,1,1,0,0.0000000,0.0000000,0.0000000,0,0,0,0,755729273348583
1008,1141101339,1000,1721,1721,2.6399810,-0.03788,-1,-1,-1,0,0,0,136,1,1,0,0.0000000,0.0000000,0.0000000,0,0,0,0,755729274352750
1009,1141102339,1000,1721,1721,2.6399810,-0.03639,39,128,1915,0,0,0,136,1,1,0,0.0000000,0.0000000,0.0000000,0,0,0,0,755729275790291
1010,1141103339,1000,1721,1721,2.6399810,-0.03497,-1,-1,-1,0,0,0,136,1,1,0,0.0000000,0.0000000,0.0000000,0,0,0,0,755729276410958
1011,1141104339,1000,1721,1721,2.6399810,-0.03360,-1,-1,-1,0,0,0,136,1,1,0,0.0000000,0.0000000,0.0000000,0,0,0,0,755729277351833
1012,1141105339,1000,1721,1721,2.6399810,-0.03228,-1,-1,-1,0,0,0,136,1,1,0,0.0000000,0.0000000,0.0000000,0,0,0,0,755729278345333
1013,1141106339,1000,1721,1721,2.6399810,-0.03101,-1,-1,-1,0,0,0,136,1,1,0,0.0000000,0.0000000,0.0000000,0,0,0,0,755729279369666
1014,1141107339,1000,1721,1721,2.6399810,-0.02980,-1,-1,-1,0,0,0,136,1,1,0,0.0000000,0.0000000,0.0000000,0,0,0,0,755729280358166
1015,1141108339,1000,1721,1721,2.6399810,-0.02863,-1,-1,-1,0,0,0,136,1,1,0,0.0000000,0.0000000,0.0000000,0,0,0,0,755729281395666
1016,1141109339,1000,1721,1721,2.6399810,-0.02751,-1,-1,-1,0,0,0,136,1,1,0,0.0000000,0.0000000,0.0000000,0,0,0,0,755729282399500
1017,1141110339,1000,1721,1721,2.6399810,-0.02643,-1,-1,-1,0,0,0,135,1,1,0,0.0000000,0.0000000,0.0000000,0,0,0,0,755729283370041
1018,1141111339,1000,1721,1721,2.6399810,-0.02539,-1,-1,-1,0,0,0,136,1,1,0,0.0000000,0.0000000,0.0000000,0,0,0,0,755729284371375
1019,1141112339,1000,1720,1720,2.6384470,-0.08454,-1,-1,-1,0,0,0,136,1,1,0,0.0000000,0.0000000,0.0000000,0,0,0,0,755729285359750
1020,1141113339,1000,1720,1720,2.6384470,-0.08123,-1,-1,-1,0,0,0,136,1,1,0,0.0000000,0.0000000,0.0000000,0,0,0,0,755729286391333
1021,1141114339,1000,1720,1720,2.6384470,-0.07804,-1,-1,-1,0,0,0,136,1,1,0,0.0000000,0.0000000,0.0000000,0,0,0,0,755729287365458
1022,1141115339,1000,1720,1720,2.6384470,-0.07498,-1,-1,-1,0,0,0,136,1,1,0,0.0000000,0.0000000,0.0000000,0,0,0,0,755729288361916
1023,1141116339,1000,1720,1720,2.6384470,-0.07204,-1,-1,-1,0,0,0,136,1,1,0,0.0000000,0.0000000,0.0000000,0,0,0,0,755729289361166
1024,1141117339,1000,1720,1720,2.6384470,-0.06922,-1,-1,-1,0,0,0,136,1,1,0,0.0000000,0.0000000,0.0000000,0,0,0,0,755729290368750
1025,1141118339,1000,1720,1720,2.6384470,-0.06650,-1,-1,-1,0,0,0,136,1,1,0,0.0000000,0.0000000,0.0000000,0,0,0,0,755729291418666
1026,1141119339,1000,1720,1720,2.6384470,-0.06390,-1,-1,-1,0,0,0,136,1,1,0,0.0000000,0.0000000,0.0000000,0,0,0,0,755729292365958
1027,1141120339,1000,1720,1720,2.6384470,-0.06139,-1,-1,-1,0,0,0,136,1,1,0,0.0000000,0.0000000,0.0000000,0,0,0,0,755729293364041
1028,1141121339,1000,1720,1720,2.6384470,-0.05898,-1,-1,-1,0,0,0,136,1,1,0,0.0000000,0.0000000,0.0000000,0,0,0,0,755729294400958
1029,1141122339,1000,1720,1720,2.6384470,-0.05667,-1,-1,-1,0,0,0,136,1,1,0,0.0000000,0.0000000,0.0000000,0,0,0,0,755729295361708
1030,1141123339,1000,1720,1720,2.6384470,-0.05445,-1,-1,-1,0,0,0,136,1,1,0,0.0000000,0.0000000,0.0000000,0,0,0,0,755729296382250
1031,1141124339,1000,1719,1719,2.6369131,-0.11246,-1,-1,-1,0,0,0,136,1,1,0,0.0000000,0.0000000,0.0000000,0,0,0,0,755729297359083
1032,1141125339,1000,1719,1719,2.6369131,-0.10805,-1,-1,-1,0,0,0,136,1,1,0,0.0000000,0.0000000,0.0000000,0,0,0,0,755729298359291
1033,1141126339,1000,1719,1719,2.6369131,-0.10382,-1,-1,-1,0,0,0,136,1,1,0,0.0000000,0.0000000,0.0000000,0,0,0,0,755729299358916
1034,1141127339,1000,1719,1719,2.6369131,-0.09975,-1,-1,-1,0,0,0,136,1,1,0,0.0000000,0.0000000,0.0000000,0,0,0,0,755729300593166
1035,1141128339,1000,1719,1719,2.6369131,-0.09583,-1,-1,-1,0,0,0,136,1,1,0,0.0000000,0.0000000,0.0000000,0,0,0,0,755729301581250
1036,1141129339,1000,1719,1719,2.6369131,-0.09208,-1,-1,-1,0,0,0,136,1,1,0,0.0000000,0.0000000,0.0000000,0,0,0,0,755729302550041
1037,1141130339,1000,1719,1719,2.6369131,-0.08847,-1,-1,-1,0,0,0,136,1,1,0,0.0000000,0.0000000,0.0000000,0,0,0,0,755729303349625
1038,1141131339,1000,1719,1719,2.6369131,-0.08500,-1,-1,-1,0,0,0,136,1,1,0,0.0000000,0.0000000,0.0000000,0,0,0,0,755729304348416
1039,1141132339,1000,1719,1719,2.6369131,-0.08166,-1,-1,-1,0,0,0,136,1,1,0,0.0000000,0.0000000,0.0000000,0,0,0,0,755729305353208
1040,1141133339,1000,1719,1719,2.6369131,-0.07846,-1,-1,-1,0,0,0,136,1,1,0,0.0000000,0.0000000,0.0000000,0,0,0,0,755729306352541
1041,1141134339,1000,1719,1719,2.6369131,-0.07539,-1,-1,-1,0,0,0,136,1,1,0,0.0000000,0.0000000,0.0000000,0,0,0,0,755729307351208
1042,1141135339,1000,1719,1719,2.6369131,-0.07243,-1,-1,-1,0,0,0,136,1,1,0,0.0000000,0.0000000,0.0000000,0,0,0,0,755729308338000
1043,1141136339,1000,1719,1719,2.6369131,-0.06959,-1,-1,-1,0,0,0,136,1,1,0,0.0000000,0.0000000,0.0000000,0,0,0,0,755729309369791
1044,1141137339,1000,1718,1718,2.6353791,-0.12701,-1,-1,-1,0,0,0,136,1,1,0,0.0000000,0.0000000,0.0000000,0,0,0,0,755729310361500
1045,1141138339,1000,1718,1718,2.6353791,-0.12203,-1,-1,-1,0,0,0,136,1,1,0,0.0000000,0.0000000,0.0000000,0,0,0,0,755729311359958
1046,1141139339,1000,1719,1719,2.6369131,-0.05710,-1,-1,-1,0,0,0,136,1,1,0,0.0000000,0.0000000,0.0000000,0,0,0,0,755729312372833
1047,1141140339,1000,1718,1718,2.6353791,-0.11501,-1,-1,-1,0,0,0,136,1,1,0,0.0000000,0.0000000,0.0000000,0,0,0,0,755729313362500
1048,1141141339,1000,1718,1718,2.6353791,-0.11050,-1,-1,-1,0,0,0,136,1,1,0,0.0000000,0.0000000,0.0000000,0,0,0,0,755729314359791
1049,1141142339,1000,1719,1719,2.6369131,-0.04602,-1,-1,-1,0,0,0,136,1,1,0,0.0000000,0.0000000,0.0000000,0,0,0,0,755729315370708
1050,1141143339,1000,1719,1719,2.6369131,-0.04421,-1,-1,-1,0,0,0,136,1,1,0,0.0000000,0.0000000,0.0000000,0,0,0,0,755729316357791
1051,1141144339,1000,1719,1719,2.6369131,-0.04248,-1,-1,-1,0,0,0,136,1,1,0,0.0000000,0.0000000,0.0000000,0,0,0,0,755729317353125
1052,1141145339,1000,1718,1718,2.6353791,-0.10096,-1,-1,-1,0,0,0,136,1,1,0,0.0000000,0.0000000,0.0000000,0,0,0,0,755729318355708
1053,1141146339,1000,1718,1718,2.6353791,-0.09700,-1,-1,-1,0,0,0,136,1,1,0,0.0000000,0.0000000,0.0000000,0,0,0,0,755729319344000
1054,1141147339,1000,1718,1718,2.6353791,-0.09320,-1,-1,-1,0,0,0,136,1,1,0,0.0000000,0.0000000,0.0000000,0,0,0,0,755729320347875
1055,1141148339,1000,1718,1718,2.6353791,-0.08954,-1,-1,-1,0,0,0,136,1,1,0,0.0000000,0.0000000,0.0000000,0,0,0,0,755729321353458
1056,1141149339,1000,1718,1718,2.6353791,-0.08603,-1,-1,-1,0,0,0,136,1,1,0,0.0000000,0.0000000,0.0000000,0,0,0,0,755729322337458
1057,1141150339,1000,1718,1718,2.6353791,-0.08266,-1,-1,-1,0,0,0,136,1,1,0,0.0000000,0.0000000,0.0000000,0,0,0,0,755729323346291
1058,1141151339,1000,1718,1718,2.6353791,-0.07942,-1,-1,-1,0,0,0,136,1,1,0,0.0000000,0.0000000,0.0000000,0,0,0,0,755729324376291
1059,1141152339,1000,1718,1718,2.6353791,-0.07630,39,128,1929,0,0,0,136,1,1,0,0.0000000,0.0000000,0.0000000,0,0,0,0,755729325762333
1060,1141153339,1000,1718,1718,2.6353791,-0.07331,-1,-1,-1,0,0,0,136,1,1,0,0.0000000,0.0000000,0.0000000,0,0,0,0,755729326393083
1061,1141154339,1000,1718,1718,2.6353791,-0.07044,-1,-1,-1,0,0,0,136,1,1,0,0.0000000,0.0000000,0.0000000,0,0,0,0,755729327344625
1062,1141155339,1000,1718,1718,2.6353791,-0.06768,-1,-1,-1,0,0,0,136,1,1,0,0.0000000,0.0000000,0.0000000,0,0,0,0,755729328345875
1063,1141156339,1000,1718,1718,2.6353791,-0.06502,-1,-1,-1,0,0,0,136,1,1,0,0.0000000,0.0000000,0.0000000,0,0,0,0,755729329363166
1064,1141157339,1000,1718,1718,2.6353791,-0.06247,-1,-1,-1,0,0,0,136,1,1,0,0.0000000,0.0000000,0.0000000,0,0,0,0,755729330350583
1065,1141158339,1000,1718,1718,2.6353791,-0.06002,-1,-1,-1,0,0,0,136,1,1,0,0.0000000,0.0000000,0.0000000,0,0,0,0,755729331346666
1066,1141159339,1000,1718,1718,2.6353791,-0.05767,-1,-1,-1,0,0,0,136,1,1,0,0.0000000,0.0000000,0.0000000,0,0,0,0,755729332567958
1067,1141160339,1000,1718,1718,2.6353791,-0.05541,-1,-1,-1,0,0,0,136,1,1,0,0.0000000,0.0000000,0.0000000,0,0,0,0,755729333656666
1068,1141161339,1000,1718,1718,2.6353791,-0.05324,-1,-1,-1,0,0,0,136,1,1,0,0.0000000,0.0000000,0.0000000,0,0,0,0,755729334487791
1069,1141162339,1000,1718,1718,2.6353791,-0.05115,-1,-1,-1,0,0,0,136,1,1,0,0.0000000,0.0000000,0.0000000,0,0,0,0,755729335374833
1070,1141163339,1000,1718,1718,2.6353791,-0.04914,-1,-1,-1,0,0,0,136,1,1,0,0.0000000,0.0000000,0.0000000,0,0,0,0,755729336360833
1071,1141164339,1000,1718,1718,2.6353791,-0.04722,-1,-1,-1,0,0,0,136,1,1,0,0.0000000,0.0000000,0.0000000,0,0,0,0,755729337369333
1072,1141165339,1000,1718,1718,2.6353791,-0.04536,-1,-1,-1,0,0,0,136,1,1,0,0.0000000,0.0000000,0.0000000,0,0,0,0,755729338358000
1073,1141166339,1000,1718,1718,2.6353791,-0.04359,-1,-1,-1,0,0,0,136,1,1,0,0.0000000,0.0000000,0.0000000,0,0,0,0,755729339352458
1074,1141167339,1000,1718,1718,2.6353791,-0.04188,-1,-1,-1,0,0,0,136,1,1,0,0.0000000,0.0000000,0.0000000,0,0,0,0,755729340360083
1075,1141168339,1000,1718,1718,2.6353791,-0.04023,-1,-1,-1,0,0,0,136,1,1,0,0.0000000,0.0000000,0.0000000,0,0,0,0,755729341372125
1076,1141169339,1000,1718,1718,2.6353791,-0.03866,-1,-1,-1,0,0,0,136,1,1,0,0.0000000,0.0000000,0.0000000,0,0,0,0,755729342363041
1077,1141170339,1000,1718,1718,2.6353791,-0.03714,-1,-1,-1,0,0,0,136,1,1,0,0.0000000,0.0000000,0.0000000,0,0,0,0,755729343360541
1078,1141171339,1000,1718,1718,2.6353791,-0.03568,-1,-1,-1,0,0,0,136,1,1,0,0.0000000,0.0000000,0.0000000,0,0,0,0,755729344356125
1079,1141172339,1000,1718,1718,2.6353791,-0.03429,-1,-1,-1,0,0,0,136,1,1,0,0.0000000,0.0000000,0.0000000,0,0,0,0,755729345351541
1080,1141173339,1000,1718,1718,2.6353791,-0.03294,-1,-1,-1,0,0,0,136,1,1,0,0.0000000,0.0000000,0.0000000,0,0,0,0,755729346350416
1081,1141174339,1000,1718,1718,2.6353791,-0.03165,-1,-1,-1,0,0,0,136,1,1,0,0.0000000,0.0000000,0.0000000,0,0,0,0,755729347359750
1082,1141175339,1000,1718,1718,2.6353791,-0.03041,-1,-1,-1,0,0,0,136,1,1,0,0.0000000,0.0000000,0.0000000,0,0,0,0,755729348365708
1083,1141176339,1000,1718,1718,2.6353791,-0.02922,-1,-1,-1,0,0,0,136,1,1,0,0.0000000,0.0000000,0.0000000,0,0,0,0,755729349365416
1084,1141177339,1000,1718,1718,2.6353791,-0.02807,-1,-1,-1,0,0,0,136,1,1,0,0.0000000,0.0000000,0.0000000,0,0,0,0,755729350355458
1085,1141178339,1000,1718,1718,2.6353791,-0.02697,-1,-1,-1,0,0,0,136,1,1,0,0.0000000,0.0000000,0.0000000,0,0,0,0,755729351354625
1086,1141179339,1000,1718,1718,2.6353791,-0.02591,-1,-1,-1,0,0,0,136,1,1,0,0.0000000,0.0000000,0.0000000,0,0,0,0,755729352349833
1087,1141180339,1000,1718,1718,2.6353791,-0.02490,-1,-1,-1,0,0,0,136,1,1,0,0.0000000,0.0000000,0.0000000,0,0,0,0,755729353353583
1088,1141181339,1000,1718,1718,2.6353791,-0.02392,-1,-1,-1,0,0,0,136,1,1,0,0.0000000,0.0000000,0.0000000,0,0,0,0,755729354366875
1089,1141182339,1000,1718,1718,2.6353791,-0.02298,-1,-1,-1,0,0,0,136,1,1,0,0.0000000,0.0000000,0.0000000,0,0,0,0,755729355376791
1090,1141183339,1000,1718,1718,2.6353791,-0.02208,-1,-1,-1,0,0,0,136,1,1,0,0.0000000,0.0000000,0.0000000,0,0,0,0,755729356376333
1091,1141184339,1000,1718,1718,2.6353791,-0.02122,-1,-1,-1,0,0,0,136,1,1,0,0.0000000,0.0000000,0.0000000,0,0,0,0,755729357388333
1092,1141185339,1000,1718,1718,2.6353791,-0.02038,-1,-1,-1,0,0,0,136,1,1,0,0.0000000,0.0000000,0.0000000,0,0,0,0,755729358369041
1093,1141186339,1000,1718,1718,2.6353791,-0.01958,-1,-1,-1,0,0,0,136,1,1,0,0.0000000,0.0000000,0.0000000,0,0,0,0,755729359373666
1094,1141187339,1000,1718,1718,2.6353791,-0.01882,-1,-1,-1,0,0,0,136,1,1,0,0.0000000,0.0000000,0.0000000,0,0,0,0,755729360344666
1095,1141188339,1000,1718,1718,2.6353791,-0.01808,-1,-1,-1,0,0,0,136,1,1,0,0.0000000,0.0000000,0.0000000,0,0,0,0,755729361597208
1096,1141189339,1000,1718,1718,2.6353791,-0.01737,-1,-1,-1,0,0,0,136,1,1,0,0.0000000,0.0000000,0.0000000,0,0,0,0,755729362570291
1097,1141190339,1000,1718,1718,2.6353791,-0.01669,-1,-1,-1,0,0,0,136,1,1,0,0.0000000,0.0000000,0.0000000,0,0,0,0,755729363578416
1098,1141191339,1000,1718,1718,2.6353791,-0.01603,-1,-1,-1,0,0,0,136,1,1,0,0.0000000,0.0000000,0.0000000,0,0,0,0,755729364367708
1099,1141192339,1000,1718,1718,2.6353791,-0.01541,-1,-1,-1,0,0,0,136,1,1,0,0.0000000,0.0000000,0.0000000,0,0,0,0,755729365343625
1100,1141193339,1000,1718,1718,2.6353791,-0.01480,-1,-1,-1,0,0,0,136,1,1,0,0.0000000,0.0000000,0.0000000,0,0,0,0,755729366343750
1101,1141194339,1000,1718,1718,2.6353791,-0.01422,-1,-1,-1,0,0,0,135,1,1,0,0.0000000,0.0000000,0.0000000,0,0,0,0,755729367344583
1102,1141195339,1000,1718,1718,2.6353791,-0.01366,-1,-1,-1,0,0,0,136,1,1,0,0.0000000,0.0000000,0.0000000,0,0,0,0,755729368356541
1103,1141196339,1000,1718,1718,2.6353791,-0.01313,-1,-1,-1,0,0,0,136,1,1,0,0.0000000,0.0000000,0.0000000,0,0,0,0,755729369347708
1104,1141197339,1000,1718,1718,2.6353791,-0.01261,-1,-1,-1,0,0,0,136,1,1,0,0.0000000,0.0000000,0.0000000,0,0,0,0,755729370365500
1105,1141198339,1000,1718,1718,2.6353791,-0.01212,-1,-1,-1,0,0,0,136,1,1,0,0.0000000,0.0000000,0.0000000,0,0,0,0,755729371372958
1106,1141199339,1000,1718,1718,2.6353791,-0.01164,-1,-1,-1,0,0,0,136,1,1,0,0.0000000,0.0000000,0.0000000,0,0,0,0,755729372362000
1107,1141200339,1000,1718,1718,2.6353791,-0.01119,-1,-1,-1,0,0,0,136,1,1,0,0.0000000,0.0000000,0.0000000,0,0,0,0,755729373435875
1108,1141201339,1000,1718,1718,2.6353791,-0.01075,-1,-1,-1,0,0,0,136,1,1,0,0.0000000,0.0000000,0.0000000,0,0,0,0,755729374427750
1109,1141202339,1000,1718,1718,2.6353791,-0.01033,39,128,1929,0,0,0,136,1,1,0,0.0000000,0.0000000,0.0000000,0,0,0,0,755729375805541
1110,1141203339,1000,1718,1718,2.6353791,-0.00992,-1,-1,-1,0,0,0,136,1,1,0,0.0000000,0.0000000,0.0000000,0,0,0,0,755729376443750
1111,1141204339,1000,1718,1718,2.6353791,-0.00953,-1,-1,-1,0,0,0,136,1,1,0,0.0000000,0.0000000,0.0000000,0,0,0,0,755729377372375
1112,1141205339,1000,1718,1718,2.6353791,-0.00916,-1,-1,-1,0,0,0,136,1,1,0,0.0000000,0.0000000,0.0000000,0,0,0,0,755729378365583
1113,1141206339,1000,1718,1718,2.6353791,-0.00880,-1,-1,-1,0,0,0,136,1,1,0,0.0000000,0.0000000,0.0000000,0,0,0,0,755729379352958
1114,1141207339,1000,1718,1718,2.6353791,-0.00845,-1,-1,-1,0,0,0,136,1,1,0,0.0000000,0.0000000,0.0000000,0,0,0,0,755729380352208
1115,1141208339,1000,1718,1718,2.6353791,-0.00812,-1,-1,-1,0,0,0,136,1,1,0,0.0000000,0.0000000,0.0000000,0,0,0,0,755729381372208
1116,1141209339,1000,1718,1718,2.6353791,-0.00780,-1,-1,-1,0,0,0,136,1,1,0,0.0000000,0.0000000,0.0000000,0,0,0,0,755729382405250
1117,1141210339,1000,1718,1718,2.6353791,-0.00750,-1,-1,-1,0,0,0,136,1,1,0,0.0000000,0.0000000,0.0000000,0,0,0,0,755729383400708
1118,1141211339,1000,1718,1718,2.6353791,-0.00720,-1,-1,-1,0,0,0,136,1,1,0,0.0000000,0.0000000,0.0000000,0,0,0,0,755729384373333
1119,1141212339,1000,1718,1718,2.6353791,-0.00692,-1,-1,-1,0,0,0,136,1,1,0,0.0000000,0.0000000,0.0000000,0,0,0,0,755729385379541
1120,1141213339,1000,1718,1718,2.6353791,-0.00665,-1,-1,-1,0,0,0,136,1,1,0,0.0000000,0.0000000,0.0000000,0,0,0,0,755729386376375
1121,1141214339,1000,1718,1718,2.6353791,-0.00639,-1,-1,-1,0,0,0,136,1,1,0,0.0000000,0.0000000,0.0000000,0,0,0,0,755729387388625
1122,1141215339,1000,1718,1718,2.6353791,-0.00614,-1,-1,-1,0,0,0,136,1,1,0,0.0000000,0.0000000,0.0000000,0,0,0,0,755729388404166
1123,1141216339,1000,1718,1718,2.6353791,-0.00590,-1,-1,-1,0,0,0,136,1,1,0,0.0000000,0.0000000,0.0000000,0,0,0,0,755729389408166
1124,1141217339,1000,1718,1718,2.6353791,-0.00567,-1,-1,-1,0,0,0,136,1,1,0,0.0000000,0.0000000,0.0000000,0,0,0,0,755729390378125
1125,1141218339,1000,1718,1718,2.6353791,-0.00545,-1,-1,-1,0,0,0,136,1,1,0,0.0000000,0.0000000,0.0000000,0,0,0,0,755729391374583
1126,1141219339,1000,1718,1718,2.6353791,-0.00523,-1,-1,-1,0,0,0,136,1,1,0,0.0000000,0.0000000,0.0000000,0,0,0,0,755729392379166
1127,1141220339,1000,1718,1718,2.6353791,-0.00503,-1,-1,-1,0,0,0,136,1,1,0,0.0000000,0.0000000,0.0000000,0,0,0,0,755729393365875
1128,1141221339,1000,1718,1718,2.6353791,-0.00483,-1,-1,-1,0,0,0,136,1,1,0,0.0000000,0.0000000,0.0000000,0,0,0,0,755729394540250
1129,1141222339,1000,1718,1718,2.6353791,-0.00464,-1,-1,-1,0,0,0,136,1,1,0,0.0000000,0.0000000,0.0000000,0,0,0,0,755729395616458
1130,1141223339,1000,1718,1718,2.6353791,-0.00446,-1,-1,-1,0,0,0,136,1,1,0,0.0000000,0.0000000,0.0000000,0,0,0,0,755729396661583
1131,1141224339,1000,1719,1719,2.6369131,0.05586,-1,-1,-1,0,0,0,136,1,1,0,0.0000000,0.0000000,0.0000000,0,0,0,0,755729397490958
1132,1141225339,1000,1718,1718,2.6353791,-0.00647,-1,-1,-1,0,0,0,136,1,1,0,0.0000000,0.0000000,0.0000000,0,0,0,0,755729398373416
1133,1141226339,1000,1719,1719,2.6369131,0.05393,-1,-1,-1,0,0,0,136,1,1,0,0.0000000,0.0000000,0.0000000,0,0,0,0,755729399359416
1134,1141227339,1000,1718,1718,2.6353791,-0.00833,-1,-1,-1,0,0,0,136,1,1,0,0.0000000,0.0000000,0.0000000,0,0,0,0,755729400371375
1135,1141228339,1000,1719,1719,2.6369131,0.05214,-1,-1,-1,0,0,0,136,1,1,0,0.0000000,0.0000000,0.0000000,0,0,0,0,755729401363875
1136,1141229339,1000,1718,1718,2.6353791,-0.01005,-1,-1,-1,0,0,0,136,1,1,0,0.0000000,0.0000000,0.0000000,0,0,0,0,755729402361041
1137,1141230339,1000,1718,1718,2.6353791,-0.00966,-1,-1,-1,0,0,0,136,1,1,0,0.0000000,0.0000000,0.0000000,0,0,0,0,755729403368541
1138,1141231339,1000,1719,1719,2.6369131,0.05087,-1,-1,-1,0,0,0,136,1,1,0,0.0000000,0.0000000,0.0000000,0,0,0,0,755729404371333
1139,1141232339,1000,1718,1718,2.6353791,-0.01127,-1,-1,-1,0,0,0,136,1,1,0,0.0000000,0.0000000,0.0000000,0,0,0,0,755729405360000
1140,1141233339,1000,1719,1719,2.6369131,0.04932,-1,-1,-1,0,0,0,136,1,1,0,0.0000000,0.0000000,0.0000000,0,0,0,0,755729406349541
1141,1141234339,1000,1719,1719,2.6369131,0.04738,-1,-1,-1,0,0,0,136,1,1,0,0.0000000,0.0000000,0.0000000,0,0,0,0,755729407350541
1142,1141235339,1000,1718,1718,2.6353791,-0.01462,-1,-1,-1,0,0,0,136,1,1,0,0.0000000,0.0000000,0.0000000,0,0,0,0,755729408352625
1143,1141236339,1000,1718,1718,2.6353791,-0.01405,-1,-1,-1,0,0,0,136,1,1,0,0.0000000,0.0000000,0.0000000,0,0,0,0,755729409350875
1144,1141237339,1000,1719,1719,2.6369131,0.04665,-1,-1,-1,0,0,0,136,1,1,0,0.0000000,0.0000000,0.0000000,0,0,0,0,755729410349375
1145,1141238339,1000,1718,1718,2.6353791,-0.01533,-1,-1,-1,0,0,0,136,1,1,0,0.0000000,0.0000000,0.0000000,0,0,0,0,755729411349750
1146,1141239339,1000,1718,1718,2.6353791,-0.01473,-1,-1,-1,0,0,0,136,1,1,0,0.0000000,0.0000000,0.0000000,0,0,0,0,755729412354750
1147,1141240339,1000,1719,1719,2.6369131,0.04600,-1,-1,-1,0,0,0,136,1,1,0,0.0000000,0.0000000,0.0000000,0,0,0,0,755729413371750
1148,1141241339,1000,1719,1719,2.6369131,0.04419,-1,-1,-1,0,0,0,136,1,1,0,0.0000000,0.0000000,0.0000000,0,0,0,0,755729414388875
1149,1141242339,1000,1719,1719,2.6369131,0.04246,-1,-1,-1,0,0,0,136,1,1,0,0.0000000,0.0000000,0.0000000,0,0,0,0,755729415358916
1150,1141243339,1000,1718,1718,2.6353791,-0.01935,-1,-1,-1,0,0,0,135,1,1,0,0.0000000,0.0000000,0.0000000,0,0,0,0,755729416359958
1151,1141244339,1000,1719,1719,2.6369131,0.04156,-1,-1,-1,0,0,0,136,1,1,0,0.0000000,0.0000000,0.0000000,0,0,0,0,755729417351041
1152,1141245339,1000,1719,1719,2.6369131,0.03993,-1,-1,-1,0,0,0,136,1,1,0,0.0000000,0.0000000,0.0000000,0,0,0,0,755729418349416
1153,1141246339,1000,1719,1719,2.6369131,0.03836,-1,-1,-1,0,0,0,136,1,1,0,0.0000000,0.0000000,0.0000000,0,0,0,0,755729419362458
1154,1141247339,1000,1719,1719,2.6369131,0.03686,-1,-1,-1,0,0,0,136,1,1,0,0.0000000,0.0000000,0.0000000,0,0,0,0,755729420370833
1155,1141248339,1000,1719,1719,2.6369131,0.03541,-1,-1,-1,0,0,0,136,1,1,0,0.0000000,0.0000000,0.0000000,0,0,0,0,755729421358791
1156,1141249339,1000,1718,1718,2.6353791,-0.02613,-1,-1,-1,0,0,0,136,1,1,0,0.0000000,0.0000000,0.0000000,0,0,0,0,755729422366375
1157,1141250339,1000,1719,1719,2.6369131,0.03505,-1,-1,-1,0,0,0,136,1,1,0,0.0000000,0.0000000,0.0000000,0,0,0,0,755729423351375
1158,1141251339,1000,1719,1719,2.6369131,0.03367,-1,-1,-1,0,0,0,136,1,1,0,0.0000000,0.0000000,0.0000000,0,0,0,0,755729424350375
1159,1141252339,1000,1719,1719,2.6369131,0.03235,39,128,1923,0,0,0,136,1,1,0,0.0000000,0.0000000,0.0000000,0,0,0,0,755729425994875
1160,1141253339,1000,1719,1719,2.6369131,0.03108,-1,-1,-1,0,0,0,136,1,1,0,0.0000000,0.0000000,0.0000000,0,0,0,0,755729426847208
1161,1141254339,1000,1719,1719,2.6369131,0.02987,-1,-1,-1,0,0,0,136,1,1,0,0.0000000,0.0000000,0.0000000,0,0,0,0,755729427693625
1162,1141255339,1000,1719,1719,2.6369131,0.02869,-1,-1,-1,0,0,0,136,1,1,0,0.0000000,0.0000000,0.0000000,0,0,0,0,755729428569375
1163,1141256339,1000,1719,1719,2.6369131,0.02757,-1,-1,-1,0,0,0,136,1,1,0,0.0000000,0.0000000,0.0000000,0,0,0,0,755729429361416
1164,1141257339,1000,1718,1718,2.6353791,-0.03366,-1,-1,-1,0,0,0,136,1,1,0,0.0000000,0.0000000,0.0000000,0,0,0,0,755729430353333
1165,1141258339,1000,1719,1719,2.6369131,0.02781,-1,-1,-1,0,0,0,136,1,1,0,0.0000000,0.0000000,0.0000000,0,0,0,0,755729431339625
1166,1141259339,1000,1719,1719,2.6369131,0.02672,-1,-1,-1,0,0,0,136,1,1,0,0.0000000,0.0000000,0.0000000,0,0,0,0,755729432353125
1167,1141260339,1000,1719,1719,2.6369131,0.02567,-1,-1,-1,0,0,0,136,1,1,0,0.0000000,0.0000000,0.0000000,0,0,0,0,755729433333083
1168,1141261339,1000,1718,1718,2.6353791,-0.03548,-1,-1,-1,0,0,0,136,1,1,0,0.0000000,0.0000000,0.0000000,0,0,0,0,755729434390666
1169,1141262339,1000,1719,1719,2.6369131,0.02605,-1,-1,-1,0,0,0,136,1,1,0,0.0000000,0.0000000,0.0000000,0,0,0,0,755729435405625
1170,1141263339,1000,1719,1719,2.6369131,0.02503,-1,-1,-1,0,0,0,136,1,1,0,0.0000000,0.0000000,0.0000000,0,0,0,0,755729436531791
1171,1141264339,1000,1719,1719,2.6369131,0.02405,-1,-1,-1,0,0,0,136,1,1,0,0.0000000,0.0000000,0.0000000,0,0,0,0,755729437506000
1172,1141265339,1000,1719,1719,2.6369131,0.02311,-1,-1,-1,0,0,0,136,1,1,0,0.0000000,0.0000000,0.0000000,0,0,0,0,755729438516625
1173,1141266339,1000,1719,1719,2.6369131,0.02220,-1,-1,-1,0,0,0,136,1,1,0,0.0000000,0.0000000,0.0000000,0,0,0,0,755729439530250
1174,1141267339,1000,1719,1719,2.6369131,0.02133,-1,-1,-1,0,0,0,136,1,1,0,0.0000000,0.0000000,0.0000000,0,0,0,0,755729440480375
1175,1141268339,1000,1719,1719,2.6369131,0.02050,-1,-1,-1,0,0,0,136,1,1,0,0.0000000,0.0000000,0.0000000,0,0,0,0,755729441423416
1176,1141269339,1000,1719,1719,2.6369131,0.01969,-1,-1,-1,0,0,0,136,1,1,0,0.0000000,0.0000000,0.0000000,0,0,0,0,755729442390958
1177,1141270339,1000,1719,1719,2.6369131,0.01892,-1,-1,-1,0,0,0,136,1,1,0,0.0000000,0.0000000,0.0000000,0,0,0,0,755729443370708
1178,1141271339,1000,1719,1719,2.6369131,0.01818,-1,-1,-1,0,0,0,136,1,1,0,0.0000000,0.0000000,0.0000000,0,0,0,0,755729444401416
1179,1141272339,1000,1719,1719,2.6369131,0.01747,-1,-1,-1,0,0,0,136,1,1,0,0.0000000,0.0000000,0.0000000,0,0,0,0,755729445412333
1180,1141273339,1000,1718,1718,2.6353791,-0.04337,-1,-1,-1,0,0,0,136,1,1,0,0.0000000,0.0000000,0.0000000,0,0,0,0,755729446361041
1181,1141274339,1000,1719,1719,2.6369131,0.01848,-1,-1,-1,0,0,0,136,1,1,0,0.0000000,0.0000000,0.0000000,0,0,0,0,755729447368625
1182,1141275339,1000,1719,1719,2.6369131,0.01776,-1,-1,-1,0,0,0,136,1,1,0,0.0000000,0.0000000,0.0000000,0,0,0,0,755729448391708
1183,1141276339,1000,1719,1719,2.6369131,0.01706,-1,-1,-1,0,0,0,136,1,1,0,0.0000000,0.0000000,0.0000000,0,0,0,0,755729449381625
1184,1141277339,1000,1718,1718,2.6353791,-0.04376,-1,-1,-1,0,0,0,136,1,1,0,0.0000000,0.0000000,0.0000000,0,0,0,0,755729450403708
1185,1141278339,1000,1719,1719,2.6369131,0.01811,-1,-1,-1,0,0,0,136,1,1,0,0.0000000,0.0000000,0.0000000,0,0,0,0,755729451441750
1186,1141279339,1000,1719,1719,2.6369131,0.01740,-1,-1,-1,0,0,0,136,1,1,0,0.0000000,0.0000000,0.0000000,0,0,0,0,755729452460166
1187,1141280339,1000,1718,1718,2.6353791,-0.04343,-1,-1,-1,0,0,0,136,1,1,0,0.0000000,0.0000000,0.0000000,0,0,0,0,755729453417625
1188,1141281339,1000,1718,1718,2.6353791,-0.04173,-1,-1,-1,0,0,0,136,1,1,0,0.0000000,0.0000000,0.0000000,0,0,0,0,755729454440916
1189,1141282339,1000,1719,1719,2.6369131,0.02005,-1,-1,-1,0,0,0,136,1,1,0,0.0000000,0.0000000,0.0000000,0,0,0,0,755729455492041
1190,1141283339,1000,1719,1719,2.6369131,0.01927,-1,-1,-1,0,0,0,136,1,1,0,0.0000000,0.0000000,0.0000000,0,0,0,0,755729456442041
1191,1141284339,1000,1719,1719,2.6369131,0.01851,-1,-1,-1,0,0,0,136,1,1,0,0.0000000,0.0000000,0.0000000,0,0,0,0,755729457431541
1192,1141285339,1000,1719,1719,2.6369131,0.01779,-1,-1,-1,0,0,0,135,1,1,0,0.0000000,0.0000000,0.0000000,0,0,0,0,755729458383166
1193,1141286339,1000,1719,1719,2.6369131,0.01709,-1,-1,-1,0,0,0,136,1,1,0,0.0000000,0.0000000,0.0000000,0,0,0,0,755729459369625
1194,1141287339,1000,1719,1719,2.6369131,0.01642,-1,-1,-1,0,0,0,136,1,1,0,0.0000000,0.0000000,0.0000000,0,0,0,0,755729460386625
1195,1141288339,1000,1718,1718,2.6353791,-0.04437,-1,-1,-1,0,0,0,136,1,1,0,0.0000000,0.0000000,0.0000000,0,0,0,0,755729461397416
1196,1141289339,1000,1719,1719,2.6369131,0.01751,-1,-1,-1,0,0,0,136,1,1,0,0.0000000,0.0000000,0.0000000,0,0,0,0,755729462362041
1197,1141290339,1000,1719,1719,2.6369131,0.01683,-1,-1,-1,0,0,0,136,1,1,0,0.0000000,0.0000000,0.0000000,0,0,0,0,755729463361375
1198,1141291339,1000,1719,1719,2.6369131,0.01617,-1,-1,-1,0,0,0,136,1,1,0,0.0000000,0.0000000,0.0000000,0,0,0,0,755729464360208
1199,1141292339,1000,1719,1719,2.6369131,0.01553,-1,-1,-1,0,0,0,135,1,1,0,0.0000000,0.0000000,0.0000000,0,0,0,0,755729465389416
1200,1141293339,1000,1719,1719,2.6369131,0.01493,-1,-1,-1,0,0,0,136,1,1,0,0.0000000,0.0000000,0.0000000,0,0,0,0,755729466662166
1201,1141294339,1000,1719,1719,2.6369131,0.01434,-1,-1,-1,0,0,0,136,1,1,0,0.0000000,0.0000000,0.0000000,0,0,0,0,755729467675125
1202,1141295339,1000,1719,1719,2.6369131,0.01378,-1,-1,-1,0,0,0,136,1,1,0,0.0000000,0.0000000,0.0000000,0,0,0,0,755729468547958
1203,1141296339,1000,1718,1718,2.6353791,-0.04691,-1,-1,-1,0,0,0,136,1,1,0,0.0000000,0.0000000,0.0000000,0,0,0,0,755729469371583
1204,1141297339,1000,1719,1719,2.6369131,0.01508,-1,-1,-1,0,0,0,136,1,1,0,0.0000000,0.0000000,0.0000000,0,0,0,0,755729470424916
1205,1141298339,1000,1719,1719,2.6369131,0.01449,-1,-1,-1,0,0,0,136,1,1,0,0.0000000,0.0000000,0.0000000,0,0,0,0,755729471407583
1206,1141299339,1000,1719,1719,2.6369131,0.01392,-1,-1,-1,0,0,0,136,1,1,0,0.0000000,0.0000000,0.0000000,0,0,0,0,755729472451375
1207,1141300339,1000,1719,1719,2.6369131,0.01337,-1,-1,-1,0,0,0,136,1,1,0,0.0000000,0.0000000,0.0000000,0,0,0,0,755729473399666
1208,1141301339,1000,1719,1719,2.6369131,0.01285,-1,-1,-1,0,0,0,136,1,1,0,0.0000000,0.0000000,0.0000000,0,0,0,0,755729474420750
1209,1141302339,1000,1719,1719,2.6369131,0.01234,39,128,1925,0,0,0,136,1,1,0,0.0000000,0.0000000,0.0000000,0,0,0,0,755729475777416
1210,1141303339,1000,1719,1719,2.6369131,0.01186,-1,-1,-1,0,0,0,136,1,1,0,0.0000000,0.0000000,0.0000000,0,0,0,0,755729476405208
1211,1141304339,1000,1719,1719,2.6369131,0.01139,-1,-1,-1,0,0,0,136,1,1,0,0.0000000,0.0000000,0.0000000,0,0,0,0,755729477374333
1212,1141305339,1000,1719,1719,2.6369131,0.01095,-1,-1,-1,0,0,0,136,1,1,0,0.0000000,0.0000000,0.0000000,0,0,0,0,755729478361500
1213,1141306339,1000,1719,1719,2.6369131,0.01052,-1,-1,-1,0,0,0,136,1,1,0,0.0000000,0.0000000,0.0000000,0,0,0,0,755729479352791
1214,1141307339,1000,1718,1718,2.6353791,-0.05004,-1,-1,-1,0,0,0,136,1,1,0,0.0000000,0.0000000,0.0000000,0,0,0,0,755729480357375
1215,1141308339,1000,1719,1719,2.6369131,0.01207,-1,-1,-1,0,0,0,136,1,1,0,0.0000000,0.0000000,0.0000000,0,0,0,0,755729481388250
1216,1141309339,1000,1719,1719,2.6369131,0.01160,-1,-1,-1,0,0,0,136,1,1,0,0.0000000,0.0000000,0.0000000,0,0,0,0,755729482412833
1217,1141310339,1000,1719,1719,2.6369131,0.01114,-1,-1,-1,0,0,0,136,1,1,0,0.0000000,0.0000000,0.0000000,0,0,0,0,755729483443791
1218,1141311339,1000,1719,1719,2.6369131,0.01070,-1,-1,-1,0,0,0,136,1,1,0,0.0000000,0.0000000,0.0000000,0,0,0,0,755729484443375
1219,1141312339,1000,1719,1719,2.6369131,0.01028,-1,-1,-1,0,0,0,136,1,1,0,0.0000000,0.0000000,0.0000000,0,0,0,0,755729485383083
1220,1141313339,1000,1719,1719,2.6369131,0.00988,-1,-1,-1,0,0,0,136,1,1,0,0.0000000,0.0000000,0.0000000,0,0,0,0,755729486393291
1221,1141314339,1000,1719,1719,2.6369131,0.00949,-1,-1,-1,0,0,0,136,1,1,0,0.0000000,0.0000000,0.0000000,0,0,0,0,755729487411958
1222,1141315339,1000,1719,1719,2.6369131,0.00912,-1,-1,-1,0,0,0,136,1,1,0,0.0000000,0.0000000,0.0000000,0,0,0,0,755729488399166
1223,1141316339,1000,1719,1719,2.6369131,0.00876,-1,-1,-1,0,0,0,136,1,1,0,0.0000000,0.0000000,0.0000000,0,0,0,0,755729489365250
1224,1141317339,1000,1719,1719,2.6369131,0.00842,-1,-1,-1,0,0,0,136,1,1,0,0.0000000,0.0000000,0.0000000,0,0,0,0,755729490376166
1225,1141318339,1000,1719,1719,2.6369131,0.00809,-1,-1,-1,0,0,0,136,1,1,0,0.0000000,0.0000000,0.0000000,0,0,0,0,755729491372000
1226,1141319339,1000,1719,1719,2.6369131,0.00777,-1,-1,-1,0,0,0,136,1,1,0,0.0000000,0.0000000,0.0000000,0,0,0,0,755729492359583
1227,1141320339,1000,1719,1719,2.6369131,0.00747,-1,-1,-1,0,0,0,136,1,1,0,0.0000000,0.0000000,0.0000000,0,0,0,0,755729493366291
1228,1141321339,1000,1719,1719,2.6369131,0.00717,-1,-1,-1,0,0,0,136,1,1,0,0.0000000,0.0000000,0.0000000,0,0,0,0,755729494365875
1229,1141322339,1000,1719,1719,2.6369131,0.00689,-1,-1,-1,0,0,0,136,1,1,0,0.0000000,0.0000000,0.0000000,0,0,0,0,755729495366291
1230,1141323339,1000,1720,1720,2.6384470,0.06677,-1,-1,-1,0,0,0,136,1,1,0,0.0000000,0.0000000,0.0000000,0,0,0,0,755729496353375
1231,1141324339,1000,1719,1719,2.6369131,0.00401,-1,-1,-1,0,0,0,136,1,1,0,0.0000000,0.0000000,0.0000000,0,0,0,0,755729497619458
1232,1141325339,1000,1719,1719,2.6369131,0.00385,-1,-1,-1,0,0,0,136,1,1,0,0.0000000,0.0000000,0.0000000,0,0,0,0,755729498611916
1233,1141326339,1000,1719,1719,2.6369131,0.00370,-1,-1,-1,0,0,0,136,1,1,0,0.0000000,0.0000000,0.0000000,0,0,0,0,755729499674291
1234,1141327339,1000,1720,1720,2.6384470,0.06370,-1,-1,-1,0,0,0,136,1,1,0,0.0000000,0.0000000,0.0000000,0,0,0,0,755729500409083
1235,1141328339,1000,1719,1719,2.6369131,0.00105,-1,-1,-1,0,0,0,136,1,1,0,0.0000000,0.0000000,0.0000000,0,0,0,0,755729501360041
1236,1141329339,1000,1719,1719,2.6369131,0.00101,-1,-1,-1,0,0,0,136,1,1,0,0.0000000,0.0000000,0.0000000,0,0,0,0,755729502365291
1237,1141330339,1000,1719,1719,2.6369131,0.00097,-1,-1,-1,0,0,0,136,1,1,0,0.0000000,0.0000000,0.0000000,0,0,0,0,755729503368875
1238,1141331339,1000,1720,1720,2.6384470,0.06108,-1,-1,-1,0,0,0,136,1,1,0,0.0000000,0.0000000,0.0000000,0,0,0,0,755729504361166
1239,1141332339,1000,1719,1719,2.6369131,-0.00146,-1,-1,-1,0,0,0,136,1,1,0,0.0000000,0.0000000,0.0000000,0,0,0,0,755729505354708
1240,1141333339,1000,1719,1719,2.6369131,-0.00140,-1,-1,-1,0,0,0,136,1,1,0,0.0000000,0.0000000,0.0000000,0,0,0,0,755729506369083
1241,1141334339,1000,1720,1720,2.6384470,0.05880,-1,-1,-1,0,0,0,136,1,1,0,0.0000000,0.0000000,0.0000000,0,0,0,0,755729507355500
1242,1141335339,1000,1720,1720,2.6384470,0.05650,-1,-1,-1,0,0,0,136,1,1,0,0.0000000,0.0000000,0.0000000,0,0,0,0,755729508349875
1243,1141336339,1000,1719,1719,2.6369131,-0.00587,-1,-1,-1,0,0,0,136,1,1,0,0.0000000,0.0000000,0.0000000,0,0,0,0,755729509370875
1244,1141337339,1000,1720,1720,2.6384470,0.05451,-1,-1,-1,0,0,0,136,1,1,0,0.0000000,0.0000000,0.0000000,0,0,0,0,755729510366041
1245,1141338339,1000,1720,1720,2.6384470,0.05237,-1,-1,-1,0,0,0,136,1,1,0,0.0000000,0.0000000,0.0000000,0,0,0,0,755729511361500
1246,1141339339,1000,1720,1720,2.6384470,0.05032,-1,-1,-1,0,0,0,136,1,1,0,0.0000000,0.0000000,0.0000000,0,0,0,0,755729512359458
1247,1141340339,1000,1720,1720,2.6384470,0.04835,-1,-1,-1,0,0,0,136,1,1,0,0.0000000,0.0000000,0.0000000,0,0,0,0,755729513383166
1248,1141341339,1000,1720,1720,2.6384470,0.04645,-1,-1,-1,0,0,0,136,1,1,0,0.0000000,0.0000000,0.0000000,0,0,0,0,755729514369750
1249,1141342339,1000,1720,1720,2.6384470,0.04463,-1,-1,-1,0,0,0,136,1,1,0,0.0000000,0.0000000,0.0000000,0,0,0,0,755729515371791
1250,1141343339,1000,1720,1720,2.6384470,0.04288,-1,-1,-1,0,0,0,136,1,1,0,0.0000000,0.0000000,0.0000000,0,0,0,0,755729516352958
1251,1141344339,1000,1720,1720,2.6384470,0.04120,-1,-1,-1,0,0,0,136,1,1,0,0.0000000,0.0000000,0.0000000,0,0,0,0,755729517366000
1252,1141345339,1000,1720,1720,2.6384470,0.03958,-1,-1,-1,0,0,0,136,1,1,0,0.0000000,0.0000000,0.0000000,0,0,0,0,755729518355000
1253,1141346339,1000,1720,1720,2.6384470,0.03803,-1,-1,-1,0,0,0,136,1,1,0,0.0000000,0.0000000,0.0000000,0,0,0,0,755729519360583
1254,1141347339,1000,1720,1720,2.6384470,0.03654,-1,-1,-1,0,0,0,136,1,1,0,0.0000000,0.0000000,0.0000000,0,0,0,0,755729520389166
1255,1141348339,1000,1721,1721,2.6399810,0.09525,-1,-1,-1,0,0,0,136,1,1,0,0.0000000,0.0000000,0.0000000,0,0,0,0,755729521414625
1256,1141349339,1000,1720,1720,2.6384470,0.03137,-1,-1,-1,0,0,0,136,1,1,0,0.0000000,0.0000000,0.0000000,0,0,0,0,755729522398250
1257,1141350339,1000,1721,1721,2.6399810,0.09029,-1,-1,-1,0,0,0,136,1,1,0,0.0000000,0.0000000,0.0000000,0,0,0,0,755729523491791
1258,1141351339,1000,1721,1721,2.6399810,0.08675,-1,-1,-1,0,0,0,136,1,1,0,0.0000000,0.0000000,0.0000000,0,0,0,0,755729524434083
1259,1141352339,1000,1720,1720,2.6384470,0.02320,39,128,1928,0,0,0,136,1,1,0,0.0000000,0.0000000,0.0000000,0,0,0,0,755729525891583
1260,1141353339,1000,1721,1721,2.6399810,0.08244,-1,-1,-1,0,0,0,136,1,1,0,0.0000000,0.0000000,0.0000000,0,0,0,0,755729526574416
1261,1141354339,1000,1721,1721,2.6399810,0.07921,-1,-1,-1,0,0,0,136,1,1,0,0.0000000,0.0000000,0.0000000,0,0,0,0,755729527498791
1262,1141355339,1000,1721,1721,2.6399810,0.07610,-1,-1,-1,0,0,0,136,1,1,0,0.0000000,0.0000000,0.0000000,0,0,0,0,755729528455250
1263,1141356339,1000,1720,1720,2.6384470,0.01297,-1,-1,-1,0,0,0,136,1,1,0,0.0000000,0.0000000,0.0000000,0,0,0,0,755729529423208
1264,1141357339,1000,1721,1721,2.6399810,0.07261,-1,-1,-1,0,0,0,136,1,1,0,0.0000000,0.0000000,0.0000000,0,0,0,0,755729530416750
1265,1141358339,1000,1721,1721,2.6399810,0.06976,-1,-1,-1,0,0,0,136,1,1,0,0.0000000,0.0000000,0.0000000,0,0,0,0,755729531440208
1266,1141359339,1000,1720,1720,2.6384470,0.00688,-1,-1,-1,0,0,0,136,1,1,0,0.0000000,0.0000000,0.0000000,0,0,0,0,755729532391833
1267,1141360339,1000,1721,1721,2.6399810,0.06676,-1,-1,-1,0,0,0,136,1,1,0,0.0000000,0.0000000,0.0000000,0,0,0,0,755729533419416
1268,1141361339,1000,1721,1721,2.6399810,0.06414,-1,-1,-1,0,0,0,136,1,1,0,0.0000000,0.0000000,0.0000000,0,0,0,0,755729534384375
1269,1141362339,1000,1721,1721,2.6399810,0.06162,-1,-1,-1,0,0,0,135,1,1,0,0.0000000,0.0000000,0.0000000,0,0,0,0,755729535412625
1270,1141363339,1000,1721,1721,2.6399810,0.05921,-1,-1,-1,0,0,0,136,1,1,0,0.0000000,0.0000000,0.0000000,0,0,0,0,755729536359583
1271,1141364339,1000,1721,1721,2.6399810,0.05689,-1,-1,-1,0,0,0,136,1,1,0,0.0000000,0.0000000,0.0000000,0,0,0,0,755729537362125
1272,1141365339,1000,1721,1721,2.6399810,0.05465,-1,-1,-1,0,0,0,136,1,1,0,0.0000000,0.0000000,0.0000000,0,0,0,0,755729538378083
1273,1141366339,1000,1721,1721,2.6399810,0.05251,-1,-1,-1,0,0,0,136,1,1,0,0.0000000,0.0000000,0.0000000,0,0,0,0,755729539376250
1274,1141367339,1000,1721,1721,2.6399810,0.05045,-1,-1,-1,0,0,0,136,1,1,0,0.0000000,0.0000000,0.0000000,0,0,0,0,755729540376625
1275,1141368339,1000,1721,1721,2.6399810,0.04847,-1,-1,-1,0,0,0,136,1,1,0,0.0000000,0.0000000,0.0000000,0,0,0,0,755729541382000
1276,1141369339,1000,1721,1721,2.6399810,0.04657,-1,-1,-1,0,0,0,136,1,1,0,0.0000000,0.0000000,0.0000000,0,0,0,0,755729542380958
1277,1141370339,1000,1721,1721,2.6399810,0.04475,-1,-1,-1,0,0,0,136,1,1,0,0.0000000,0.0000000,0.0000000,0,0,0,0,755729543371333
1278,1141371339,1000,1721,1721,2.6399810,0.04299,-1,-1,-1,0,0,0,136,1,1,0,0.0000000,0.0000000,0.0000000,0,0,0,0,755729544399000
1279,1141372339,1000,1721,1721,2.6399810,0.04131,-1,-1,-1,0,0,0,136,1,1,0,0.0000000,0.0000000,0.0000000,0,0,0,0,755729545378291
1280,1141373339,1000,1721,1721,2.6399810,0.03969,-1,-1,-1,0,0,0,136,1,1,0,0.0000000,0.0000000,0.0000000,0,0,0,0,755729546376083
1281,1141374339,1000,1721,1721,2.6399810,0.03813,-1,-1,-1,0,0,0,136,1,1,0,0.0000000,0.0000000,0.0000000,0,0,0,0,755729547359625
1282,1141375339,1000,1721,1721,2.6399810,0.03664,-1,-1,-1,0,0,0,136,1,1,0,0.0000000,0.0000000,0.0000000,0,0,0,0,755729548352250
1283,1141376339,1000,1721,1721,2.6399810,0.03520,-1,-1,-1,0,0,0,136,1,1,0,0.0000000,0.0000000,0.0000000,0,0,0,0,755729549378666
1284,1141377339,1000,1721,1721,2.6399810,0.03382,-1,-1,-1,0,0,0,136,1,1,0,0.0000000,0.0000000,0.0000000,0,0,0,0,755729550372958
1285,1141378339,1000,1721,1721,2.6399810,0.03249,-1,-1,-1,0,0,0,136,1,1,0,0.0000000,0.0000000,0.0000000,0,0,0,0,755729551354708
1286,1141379339,1000,1721,1721,2.6399810,0.03122,-1,-1,-1,0,0,0,136,1,1,0,0.0000000,0.0000000,0.0000000,0,0,0,0,755729552353375
1287,1141380339,1000,1721,1721,2.6399810,0.03000,-1,-1,-1,0,0,0,136,1,1,0,0.0000000,0.0000000,0.0000000,0,0,0,0,755729553354208
1288,1141381339,1000,1720,1720,2.6384470,-0.03133,-1,-1,-1,0,0,0,136,1,1,0,0.0000000,0.0000000,0.0000000,0,0,0,0,755729554371083
1289,1141382339,1000,1721,1721,2.6399810,0.03005,-1,-1,-1,0,0,0,136,1,1,0,0.0000000,0.0000000,0.0000000,0,0,0,0,755729555383416
1290,1141383339,1000,1721,1721,2.6399810,0.02887,-1,-1,-1,0,0,0,136,1,1,0,0.0000000,0.0000000,0.0000000,0,0,0,0,755729556415958
1291,1141384339,1000,1721,1721,2.6399810,0.02774,-1,-1,-1,0,0,0,136,1,1,0,0.0000000,0.0000000,0.0000000,0,0,0,0,755729557381416
1292,1141385339,1000,1721,1721,2.6399810,0.02665,-1,-1,-1,0,0,0,136,1,1,0,0.0000000,0.0000000,0.0000000,0,0,0,0,755729558596125
1293,1141386339,1000,1721,1721,2.6399810,0.02560,-1,-1,-1,0,0,0,136,1,1,0,0.0000000,0.0000000,0.0000000,0,0,0,0,755729559588041
1294,1141387339,1000,1721,1721,2.6399810,0.02460,-1,-1,-1,0,0,0,136,1,1,0,0.0000000,0.0000000,0.0000000,0,0,0,0,755729560613958
1295,1141388339,1000,1721,1721,2.6399810,0.02364,-1,-1,-1,0,0,0,136,1,1,0,0.0000000,0.0000000,0.0000000,0,0,0,0,755729561493041
1296,1141389339,1000,1721,1721,2.6399810,0.02271,-1,-1,-1,0,0,0,136,1,1,0,0.0000000,0.0000000,0.0000000,0,0,0,0,755729562380833
1297,1141390339,1000,1720,1720,2.6384470,-0.03833,-1,-1,-1,0,0,0,136,1,1,0,0.0000000,0.0000000,0.0000000,0,0,0,0,755729563365250
1298,1141391339,1000,1720,1720,2.6384470,-0.03683,-1,-1,-1,0,0,0,136,1,1,0,0.0000000,0.0000000,0.0000000,0,0,0,0,755729564351333
1299,1141392339,1000,1720,1720,2.6384470,-0.03538,-1,-1,-1,0,0,0,136,1,1,0,0.0000000,0.0000000,0.0000000,0,0,0,0,755729565353708
1300,1141393339,1000,1720,1720,2.6384470,-0.03400,-1,-1,-1,0,0,0,136,1,1,0,0.0000000,0.0000000,0.0000000,0,0,0,0,755729566363708
1301,1141394339,1000,1720,1720,2.6384470,-0.03266,-1,-1,-1,0,0,0,136,1,1,0,0.0000000,0.0000000,0.0000000,0,0,0,0,755729567353375
1302,1141395339,1000,1720,1720,2.6384470,-0.03138,-1,-1,-1,0,0,0,136,1,1,0,0.0000000,0.0000000,0.0000000,0,0,0,0,755729568362291
1303,1141396339,1000,1719,1719,2.6369131,-0.09030,-1,-1,-1,0,0,0,136,1,1,0,0.0000000,0.0000000,0.0000000,0,0,0,0,755729569351958
1304,1141397339,1000,1720,1720,2.6384470,-0.02661,-1,-1,-1,0,0,0,136,1,1,0,0.0000000,0.0000000,0.0000000,0,0,0,0,755729570376875
1305,1141398339,1000,1720,1720,2.6384470,-0.02557,-1,-1,-1,0,0,0,136,1,1,0,0.0000000,0.0000000,0.0000000,0,0,0,0,755729571384541
1306,1141399339,1000,1720,1720,2.6384470,-0.02456,-1,-1,-1,0,0,0,136,1,1,0,0.0000000,0.0000000,0.0000000,0,0,0,0,755729572363750
1307,1141400339,1000,1719,1719,2.6369131,-0.08375,-1,-1,-1,0,0,0,136,1,1,0,0.0000000,0.0000000,0.0000000,0,0,0,0,755729573386416
1308,1141401339,1000,1719,1719,2.6369131,-0.08047,-1,-1,-1,0,0,0,136,1,1,0,0.0000000,0.0000000,0.0000000,0,0,0,0,755729574377166
1309,1141402339,1000,1719,1719,2.6369131,-0.07731,39,128,1935,0,0,0,136,1,1,0,0.0000000,0.0000000,0.0000000,0,0,0,0,755729576043583
1310,1141403339,1000,1719,1719,2.6369131,-0.07428,-1,-1,-1,0,0,0,136,1,1,0,0.0000000,0.0000000,0.0000000,0,0,0,0,755729576907541
1311,1141404339,1000,1719,1719,2.6369131,-0.07137,-1,-1,-1,0,0,0,135,1,1,0,0.0000000,0.0000000,0.0000000,0,0,0,0,755729577793208
1312,1141405339,1000,1718,1718,2.6353791,-0.12872,-1,-1,-1,0,0,0,136,1,1,0,0.0000000,0.0000000,0.0000000,0,0,0,0,755729578646541
1313,1141406339,1000,1718,1718,2.6353791,-0.12367,-1,-1,-1,0,0,0,136,1,1,0,0.0000000,0.0000000,0.0000000,0,0,0,0,755729579448250
1314,1141407339,1000,1719,1719,2.6369131,-0.05867,-1,-1,-1,0,0,0,136,1,1,0,0.0000000,0.0000000,0.0000000,0,0,0,0,755729580378833
1315,1141408339,1000,1718,1718,2.6353791,-0.11652,-1,-1,-1,0,0,0,136,1,1,0,0.0000000,0.0000000,0.0000000,0,0,0,0,755729581361041
1316,1141409339,1000,1718,1718,2.6353791,-0.11195,-1,-1,-1,0,0,0,136,1,1,0,0.0000000,0.0000000,0.0000000,0,0,0,0,755729582370208
1317,1141410339,1000,1718,1718,2.6353791,-0.10756,-1,-1,-1,0,0,0,136,1,1,0,0.0000000,0.0000000,0.0000000,0,0,0,0,755729583362083
1318,1141411339,1000,1718,1718,2.6353791,-0.10334,-1,-1,-1,0,0,0,136,1,1,0,0.0000000,0.0000000,0.0000000,0,0,0,0,755729584421541
1319,1141412339,1000,1718,1718,2.6353791,-0.09929,-1,-1,-1,0,0,0,136,1,1,0,0.0000000,0.0000000,0.0000000,0,0,0,0,755729585417333
1320,1141413339,1000,1718,1718,2.6353791,-0.09540,-1,-1,-1,0,0,0,136,1,1,0,0.0000000,0.0000000,0.0000000,0,0,0,0,755729586390041
1321,1141414339,1000,1718,1718,2.6353791,-0.09166,-1,-1,-1,0,0,0,136,1,1,0,0.0000000,0.0000000,0.0000000,0,0,0,0,755729587390708
1322,1141415339,1000,1717,1717,2.6338451,-0.14821,-1,-1,-1,0,0,0,136,1,1,0,0.0000000,0.0000000,0.0000000,0,0,0,0,755729588382708
1323,1141416339,1000,1717,1717,2.6338451,-0.14240,-1,-1,-1,0,0,0,136,1,1,0,0.0000000,0.0000000,0.0000000,0,0,0,0,755729589374958
1324,1141417339,1000,1717,1717,2.6338451,-0.13682,-1,-1,-1,0,0,0,136,1,1,0,0.0000000,0.0000000,0.0000000,0,0,0,0,755729590378083
1325,1141418339,1000,1717,1717,2.6338451,-0.13145,-1,-1,-1,0,0,0,136,1,1,0,0.0000000,0.0000000,0.0000000,0,0,0,0,755729591429666
1326,1141419339,1000,1717,1717,2.6338451,-0.12630,-1,-1,-1,0,0,0,136,1,1,0,0.0000000,0.0000000,0.0000000,0,0,0,0,755729592409125
1327,1141420339,1000,1716,1716,2.6323111,-0.18149,-1,-1,-1,0,0,0,136,1,1,0,0.0000000,0.0000000,0.0000000,0,0,0,0,755729593397208
1328,1141421339,1000,1717,1717,2.6338451,-0.11423,-1,-1,-1,0,0,0,136,1,1,0,0.0000000,0.0000000,0.0000000,0,0,0,0,755729594410333
1329,1141422339,1000,1716,1716,2.6323111,-0.16990,-1,-1,-1,0,0,0,136,1,1,0,0.0000000,0.0000000,0.0000000,0,0,0,0,755729595361041
1330,1141423339,1000,1715,1715,2.6307771,-0.22338,-1,-1,-1,0,0,0,136,1,1,0,0.0000000,0.0000000,0.0000000,0,0,0,0,755729596378916
1331,1141424339,1000,1715,1715,2.6307771,-0.21463,-1,-1,-1,0,0,0,136,1,1,0,0.0000000,0.0000000,0.0000000,0,0,0,0,755729597351833
1332,1141425339,1000,1715,1715,2.6307771,-0.20621,-1,-1,-1,0,0,0,136,1,1,0,0.0000000,0.0000000,0.0000000,0,0,0,0,755729598369500
1333,1141426339,1000,1715,1715,2.6307771,-0.19812,-1,-1,-1,0,0,0,136,1,1,0,0.0000000,0.0000000,0.0000000,0,0,0,0,755729599365875
1334,1141427339,1000,1715,1715,2.6307771,-0.19036,-1,-1,-1,0,0,0,136,1,1,0,0.0000000,0.0000000,0.0000000,0,0,0,0,755729600375541
1335,1141428339,1000,1715,1715,2.6307771,-0.18289,-1,-1,-1,0,0,0,136,1,1,0,0.0000000,0.0000000,0.0000000,0,0,0,0,755729601359083
1336,1141429339,1000,1714,1714,2.6292431,-0.23587,-1,-1,-1,0,0,0,136,1,1,0,0.0000000,0.0000000,0.0000000,0,0,0,0,755729602376041
1337,1141430339,1000,1715,1715,2.6307771,-0.16647,-1,-1,-1,0,0,0,136,1,1,0,0.0000000,0.0000000,0.0000000,0,0,0,0,755729603357583
1338,1141431339,1000,1714,1714,2.6292431,-0.22009,-1,-1,-1,0,0,0,136,1,1,0,0.0000000,0.0000000,0.0000000,0,0,0,0,755729604375750
1339,1141432339,1000,1714,1714,2.6292431,-0.21146,-1,-1,-1,0,0,0,136,1,1,0,0.0000000,0.0000000,0.0000000,0,0,0,0,755729605379833
1340,1141433339,1000,1714,1714,2.6292431,-0.20317,-1,-1,-1,0,0,0,136,1,1,0,0.0000000,0.0000000,0.0000000,0,0,0,0,755729606361875
1341,1141434339,1000,1714,1714,2.6292431,-0.19520,-1,-1,-1,0,0,0,136,1,1,0,0.0000000,0.0000000,0.0000000,0,0,0,0,755729607373500
1342,1141435339,1000,1714,1714,2.6292431,-0.18755,-1,-1,-1,0,0,0,136,1,1,0,0.0000000,0.0000000,0.0000000,0,0,0,0,755729608620541
1343,1141436339,1000,1714,1714,2.6292431,-0.18020,-1,-1,-1,0,0,0,136,1,1,0,0.0000000,0.0000000,0.0000000,0,0,0,0,755729609585500
1344,1141437339,1000,1713,1713,2.6277092,-0.23328,-1,-1,-1,0,0,0,136,1,1,0,0.0000000,0.0000000,0.0000000,0,0,0,0,755729610573833
1345,1141438339,1000,1713,1713,2.6277092,-0.22413,-1,-1,-1,0,0,0,136,1,1,0,0.0000000,0.0000000,0.0000000,0,0,0,0,755729611378041
1346,1141439339,1000,1713,1713,2.6277092,-0.21534,-1,-1,-1,0,0,0,136,1,1,0,0.0000000,0.0000000,0.0000000,0,0,0,0,755729612360583
1347,1141440339,1000,1713,1713,2.6277092,-0.20690,-1,-1,-1,0,0,0,136,1,1,0,0.0000000,0.0000000,0.0000000,0,0,0,0,755729613363250
1348,1141441339,1000,1712,1712,2.6261752,-0.25894,-1,-1,-1,0,0,0,136,1,1,0,0.0000000,0.0000000,0.0000000,0,0,0,0,755729614359166
1349,1141442339,1000,1713,1713,2.6277092,-0.18863,-1,-1,-1,0,0,0,136,1,1,0,0.0000000,0.0000000,0.0000000,0,0,0,0,755729615390750
1350,1141443339,1000,1713,1713,2.6277092,-0.18124,-1,-1,-1,0,0,0,136,1,1,0,0.0000000,0.0000000,0.0000000,0,0,0,0,755729616378541
1351,1141444339,1000,1712,1712,2.6261752,-0.23428,-1,-1,-1,0,0,0,136,1,1,0,0.0000000,0.0000000,0.0000000,0,0,0,0,755729617369333
1352,1141445339,1000,1712,1712,2.6261752,-0.22509,-1,-1,-1,0,0,0,136,1,1,0,0.0000000,0.0000000,0.0000000,0,0,0,0,755729618363875
1353,1141446339,1000,1712,1712,2.6261752,-0.21627,-1,-1,-1,0,0,0,136,1,1,0,0.0000000,0.0000000,0.0000000,0,0,0,0,755729619362791
1354,1141447339,1000,1712,1712,2.6261752,-0.20779,-1,-1,-1,0,0,0,136,1,1,0,0.0000000,0.0000000,0.0000000,0,0,0,0,755729620360000
1355,1141448339,1000,1712,1712,2.6261752,-0.19964,-1,-1,-1,0,0,0,136,1,1,0,0.0000000,0.0000000,0.0000000,0,0,0,0,755729621362708
1356,1141449339,1000,1712,1712,2.6261752,-0.19181,-1,-1,-1,0,0,0,136,1,1,0,0.0000000,0.0000000,0.0000000,0,0,0,0,755729622363791
1357,1141450339,1000,1712,1712,2.6261752,-0.18429,-1,-1,-1,0,0,0,136,1,1,0,0.0000000,0.0000000,0.0000000,0,0,0,0,755729623372583
1358,1141451339,1000,1712,1712,2.6261752,-0.17706,-1,-1,-1,0,0,0,136,1,1,0,0.0000000,0.0000000,0.0000000,0,0,0,0,755729624350875
1359,1141452339,1000,1712,1712,2.6261752,-0.17012,39,128,1924,0,0,0,136,1,1,0,0.0000000,0.0000000,0.0000000,0,0,0,0,755729625798125
1360,1141453339,1000,1712,1712,2.6261752,-0.16345,-1,-1,-1,0,0,0,136,1,1,0,0.0000000,0.0000000,0.0000000,0,0,0,0,755729626428791
1361,1141454339,1000,1712,1712,2.6261752,-0.15704,-1,-1,-1,0,0,0,136,1,1,0,0.0000000,0.0000000,0.0000000,0,0,0,0,755729627358916
1362,1141455339,1000,1711,1711,2.6246412,-0.21103,-1,-1,-1,0,0,0,136,1,1,0,0.0000000,0.0000000,0.0000000,0,0,0,0,755729628367250
1363,1141456339,1000,1711,1711,2.6246412,-0.20276,-1,-1,-1,0,0,0,136,1,1,0,0.0000000,0.0000000,0.0000000,0,0,0,0,755729629363041
1364,1141457339,1000,1711,1711,2.6246412,-0.19481,-1,-1,-1,0,0,0,136,1,1,0,0.0000000,0.0000000,0.0000000,0,0,0,0,755729630357625
1365,1141458339,1000,1712,1712,2.6261752,-0.12702,-1,-1,-1,0,0,0,136,1,1,0,0.0000000,0.0000000,0.0000000,0,0,0,0,755729631354750
1366,1141459339,1000,1711,1711,2.6246412,-0.18219,-1,-1,-1,0,0,0,136,1,1,0,0.0000000,0.0000000,0.0000000,0,0,0,0,755729632360416
1367,1141460339,1000,1711,1711,2.6246412,-0.17505,-1,-1,-1,0,0,0,136,1,1,0,0.0000000,0.0000000,0.0000000,0,0,0,0,755729633361291
1368,1141461339,1000,1711,1711,2.6246412,-0.16818,-1,-1,-1,0,0,0,136,1,1,0,0.0000000,0.0000000,0.0000000,0,0,0,0,755729634383833
1369,1141462339,1000,1710,1710,2.6231072,-0.22174,-1,-1,-1,0,0,0,136,1,1,0,0.0000000,0.0000000,0.0000000,0,0,0,0,755729635357583
1370,1141463339,1000,1711,1711,2.6246412,-0.15289,-1,-1,-1,0,0,0,136,1,1,0,0.0000000,0.0000000,0.0000000,0,0,0,0,755729636362666
1371,1141464339,1000,1711,1711,2.6246412,-0.14690,-1,-1,-1,0,0,0,136,1,1,0,0.0000000,0.0000000,0.0000000,0,0,0,0,755729637362750
1372,1141465339,1000,1711,1711,2.6246412,-0.14114,-1,-1,-1,0,0,0,136,1,1,0,0.0000000,0.0000000,0.0000000,0,0,0,0,755729638364041
1373,1141466339,1000,1711,1711,2.6246412,-0.13560,-1,-1,-1,0,0,0,136,1,1,0,0.0000000,0.0000000,0.0000000,0,0,0,0,755729639391000
1374,1141467339,1000,1711,1711,2.6246412,-0.13029,-1,-1,-1,0,0,0,136,1,1,0,0.0000000,0.0000000,0.0000000,0,0,0,0,755729640370708
1375,1141468339,1000,1711,1711,2.6246412,-0.12518,-1,-1,-1,0,0,0,136,1,1,0,0.0000000,0.0000000,0.0000000,0,0,0,0,755729641395500
1376,1141469339,1000,1711,1711,2.6246412,-0.12027,-1,-1,-1,0,0,0,136,1,1,0,0.0000000,0.0000000,0.0000000,0,0,0,0,755729642648333
1377,1141470339,1000,1711,1711,2.6246412,-0.11555,-1,-1,-1,0,0,0,136,1,1,0,0.0000000,0.0000000,0.0000000,0,0,0,0,755729643632750
1378,1141471339,1000,1711,1711,2.6246412,-0.11102,-1,-1,-1,0,0,0,136,1,1,0,0.0000000,0.0000000,0.0000000,0,0,0,0,755729644486250
1379,1141472339,1000,1711,1711,2.6246412,-0.10667,-1,-1,-1,0,0,0,136,1,1,0,0.0000000,0.0000000,0.0000000,0,0,0,0,755729645374208
1380,1141473339,1000,1711,1711,2.6246412,-0.10249,-1,-1,-1,0,0,0,136,1,1,0,0.0000000,0.0000000,0.0000000,0,0,0,0,755729646358958
1381,1141474339,1000,1711,1711,2.6246412,-0.09847,-1,-1,-1,0,0,0,136,1,1,0,0.0000000,0.0000000,0.0000000,0,0,0,0,755729647368750
1382,1141475339,1000,1711,1711,2.6246412,-0.09461,-1,-1,-1,0,0,0,136,1,1,0,0.0000000,0.0000000,0.0000000,0,0,0,0,755729648379625
1383,1141476339,1000,1711,1711,2.6246412,-0.09090,-1,-1,-1,0,0,0,136,1,1,0,0.0000000,0.0000000,0.0000000,0,0,0,0,755729649365416
1384,1141477339,1000,1711,1711,2.6246412,-0.08733,-1,-1,-1,0,0,0,136,1,1,0,0.0000000,0.0000000,0.0000000,0,0,0,0,755729650377291
1385,1141478339,1000,1712,1712,2.6261752,-0.02376,-1,-1,-1,0,0,0,136,1,1,0,0.0000000,0.0000000,0.0000000,0,0,0,0,755729651397375
1386,1141479339,1000,1712,1712,2.6261752,-0.02283,-1,-1,-1,0,0,0,136,1,1,0,0.0000000,0.0000000,0.0000000,0,0,0,0,755729652372333
1387,1141480339,1000,1711,1711,2.6246412,-0.08208,-1,-1,-1,0,0,0,136,1,1,0,0.0000000,0.0000000,0.0000000,0,0,0,0,755729653384625
1388,1141481339,1000,1711,1711,2.6246412,-0.07886,-1,-1,-1,0,0,0,136,1,1,0,0.0000000,0.0000000,0.0000000,0,0,0,0,755729654387708
1389,1141482339,1000,1712,1712,2.6261752,-0.01562,-1,-1,-1,0,0,0,136,1,1,0,0.0000000,0.0000000,0.0000000,0,0,0,0,755729655381875
1390,1141483339,1000,1712,1712,2.6261752,-0.01501,-1,-1,-1,0,0,0,136,1,1,0,0.0000000,0.0000000,0.0000000,0,0,0,0,755729656377083
1391,1141484339,1000,1712,1712,2.6261752,-0.01442,-1,-1,-1,0,0,0,136,1,1,0,0.0000000,0.0000000,0.0000000,0,0,0,0,755729657370541
1392,1141485339,1000,1712,1712,2.6261752,-0.01386,-1,-1,-1,0,0,0,136,1,1,0,0.0000000,0.0000000,0.0000000,0,0,0,0,755729658365333
1393,1141486339,1000,1712,1712,2.6261752,-0.01331,-1,-1,-1,0,0,0,136,1,1,0,0.0000000,0.0000000,0.0000000,0,0,0,0,755729659360875
1394,1141487339,1000,1712,1712,2.6261752,-0.01279,-1,-1,-1,0,0,0,136,1,1,0,0.0000000,0.0000000,0.0000000,0,0,0,0,755729660362791
1395,1141488339,1000,1712,1712,2.6261752,-0.01229,-1,-1,-1,0,0,0,136,1,1,0,0.0000000,0.0000000,0.0000000,0,0,0,0,755729661356541
1396,1141489339,1000,1712,1712,2.6261752,-0.01181,-1,-1,-1,0,0,0,136,1,1,0,0.0000000,0.0000000,0.0000000,0,0,0,0,755729662364791
1397,1141490339,1000,1712,1712,2.6261752,-0.01134,-1,-1,-1,0,0,0,136,1,1,0,0.0000000,0.0000000,0.0000000,0,0,0,0,755729663356458
1398,1141491339,1000,1712,1712,2.6261752,-0.01090,-1,-1,-1,0,0,0,136,1,1,0,0.0000000,0.0000000,0.0000000,0,0,0,0,755729664353833
1399,1141492339,1000,1712,1712,2.6261752,-0.01047,-1,-1,-1,0,0,0,136,1,1,0,0.0000000,0.0000000,0.0000000,0,0,0,0,755729665367541
1400,1141493339,1000,1712,1712,2.6261752,-0.01006,-1,-1,-1,0,0,0,136,1,1,0,0.0000000,0.0000000,0.0000000,0,0,0,0,755729666378750
1401,1141494339,1000,1712,1712,2.6261752,-0.00967,-1,-1,-1,0,0,0,136,1,1,0,0.0000000,0.0000000,0.0000000,0,0,0,0,755729667364750
1402,1141495339,1000,1712,1712,2.6261752,-0.00929,-1,-1,-1,0,0,0,135,1,1,0,0.0000000,0.0000000,0.0000000,0,0,0,0,755729668358875
1403,1141496339,1000,1712,1712,2.6261752,-0.00892,-1,-1,-1,0,0,0,136,1,1,0,0.0000000,0.0000000,0.0000000,0,0,0,0,755729669363333
1404,1141497339,1000,1712,1712,2.6261752,-0.00857,-1,-1,-1,0,0,0,136,1,1,0,0.0000000,0.0000000,0.0000000,0,0,0,0,755729670377708
1405,1141498339,1000,1712,1712,2.6261752,-0.00824,-1,-1,-1,0,0,0,136,1,1,0,0.0000000,0.0000000,0.0000000,0,0,0,0,755729671364875
1406,1141499339,1000,1712,1712,2.6261752,-0.00792,-1,-1,-1,0,0,0,136,1,1,0,0.0000000,0.0000000,0.0000000,0,0,0,0,755729672378333
1407,1141500339,1000,1712,1712,2.6261752,-0.00760,-1,-1,-1,0,0,0,136,1,1,0,0.0000000,0.0000000,0.0000000,0,0,0,0,755729673595916
1408,1141501339,1000,1712,1712,2.6261752,-0.00731,-1,-1,-1,0,0,0,136,1,1,0,0.0000000,0.0000000,0.0000000,0,0,0,0,755729674582291
1409,1141502339,1000,1712,1712,2.6261752,-0.00702,39,128,1898,0,0,0,136,1,1,0,0.0000000,0.0000000,0.0000000,0,0,0,0,755729675971166
1410,1141503339,1000,1712,1712,2.6261752,-0.00674,-1,-1,-1,0,0,0,136,1,1,0,0.0000000,0.0000000,0.0000000,0,0,0,0,755729676826541
1411,1141504339,1000,1712,1712,2.6261752,-0.00648,-1,-1,-1,0,0,0,136,1,1,0,0.0000000,0.0000000,0.0000000,0,0,0,0,755729677673625
1412,1141505339,1000,1712,1712,2.6261752,-0.00623,-1,-1,-1,0,0,0,136,1,1,0,0.0000000,0.0000000,0.0000000,0,0,0,0,755729678342666
1413,1141506339,1000,1713,1713,2.6277092,0.05417,-1,-1,-1,0,0,0,136,1,1,0,0.0000000,0.0000000,0.0000000,0,0,0,0,755729679351541
1414,1141507339,1000,1713,1713,2.6277092,0.05204,-1,-1,-1,0,0,0,136,1,1,0,0.0000000,0.0000000,0.0000000,0,0,0,0,755729680334541
1415,1141508339,1000,1712,1712,2.6261752,-0.01015,-1,-1,-1,0,0,0,136,1,1,0,0.0000000,0.0000000,0.0000000,0,0,0,0,755729681358583
1416,1141509339,1000,1712,1712,2.6261752,-0.00975,-1,-1,-1,0,0,0,136,1,1,0,0.0000000,0.0000000,0.0000000,0,0,0,0,755729682352291
1417,1141510339,1000,1713,1713,2.6277092,0.05078,-1,-1,-1,0,0,0,136,1,1,0,0.0000000,0.0000000,0.0000000,0,0,0,0,755729683369750
1418,1141511339,1000,1713,1713,2.6277092,0.04879,-1,-1,-1,0,0,0,136,1,1,0,0.0000000,0.0000000,0.0000000,0,0,0,0,755729684386583
1419,1141512339,1000,1713,1713,2.6277092,0.04688,-1,-1,-1,0,0,0,136,1,1,0,0.0000000,0.0000000,0.0000000,0,0,0,0,755729685447750
1420,1141513339,1000,1713,1713,2.6277092,0.04504,-1,-1,-1,0,0,0,136,1,1,0,0.0000000,0.0000000,0.0000000,0,0,0,0,755729686412208
1421,1141514339,1000,1713,1713,2.6277092,0.04327,-1,-1,-1,0,0,0,136,1,1,0,0.0000000,0.0000000,0.0000000,0,0,0,0,755729687394458
1422,1141515339,1000,1712,1712,2.6261752,-0.01857,-1,-1,-1,0,0,0,136,1,1,0,0.0000000,0.0000000,0.0000000,0,0,0,0,755729688444125
1423,1141516339,1000,1713,1713,2.6277092,0.04230,-1,-1,-1,0,0,0,136,1,1,0,0.0000000,0.0000000,0.0000000,0,0,0,0,755729689405041
1424,1141517339,1000,1712,1712,2.6261752,-0.01950,-1,-1,-1,0,0,0,136,1,1,0,0.0000000,0.0000000,0.0000000,0,0,0,0,755729690431166
1425,1141518339,1000,1712,1712,2.6261752,-0.01874,-1,-1,-1,0,0,0,136,1,1,0,0.0000000,0.0000000,0.0000000,0,0,0,0,755729691415250
1426,1141519339,1000,1713,1713,2.6277092,0.04215,-1,-1,-1,0,0,0,136,1,1,0,0.0000000,0.0000000,0.0000000,0,0,0,0,755729692413166
1427,1141520339,1000,1713,1713,2.6277092,0.04049,-1,-1,-1,0,0,0,136,1,1,0,0.0000000,0.0000000,0.0000000,0,0,0,0,755729693363250
1428,1141521339,1000,1713,1713,2.6277092,0.03891,-1,-1,-1,0,0,0,136,1,1,0,0.0000000,0.0000000,0.0000000,0,0,0,0,755729694367291
1429,1141522339,1000,1713,1713,2.6277092,0.03738,-1,-1,-1,0,0,0,136,1,1,0,0.0000000,0.0000000,0.0000000,0,0,0,0,755729695367125
1430,1141523339,1000,1712,1712,2.6261752,-0.02423,-1,-1,-1,0,0,0,136,1,1,0,0.0000000,0.0000000,0.0000000,0,0,0,0,755729696367958
1431,1141524339,1000,1712,1712,2.6261752,-0.02328,-1,-1,-1,0,0,0,136,1,1,0,0.0000000,0.0000000,0.0000000,0,0,0,0,755729697368541
1432,1141525339,1000,1713,1713,2.6277092,0.03778,-1,-1,-1,0,0,0,136,1,1,0,0.0000000,0.0000000,0.0000000,0,0,0,0,755729698362458
1433,1141526339,1000,1713,1713,2.6277092,0.03630,-1,-1,-1,0,0,0,136,1,1,0,0.0000000,0.0000000,0.0000000,0,0,0,0,755729699355375
1434,1141527339,1000,1712,1712,2.6261752,-0.02528,-1,-1,-1,0,0,0,136,1,1,0,0.0000000,0.0000000,0.0000000,0,0,0,0,755729700379458
1435,1141528339,1000,1713,1713,2.6277092,0.03586,-1,-1,-1,0,0,0,136,1,1,0,0.0000000,0.0000000,0.0000000,0,0,0,0,755729701373208
1436,1141529339,1000,1713,1713,2.6277092,0.03446,-1,-1,-1,0,0,0,136,1,1,0,0.0000000,0.0000000,0.0000000,0,0,0,0,755729702381208
1437,1141530339,1000,1713,1713,2.6277092,0.03311,-1,-1,-1,0,0,0,136,1,1,0,0.0000000,0.0000000,0.0000000,0,0,0,0,755729703367833
1438,1141531339,1000,1712,1712,2.6261752,-0.02834,-1,-1,-1,0,0,0,136,1,1,0,0.0000000,0.0000000,0.0000000,0,0,0,0,755729704368125
1439,1141532339,1000,1713,1713,2.6277092,0.03292,-1,-1,-1,0,0,0,136,1,1,0,0.0000000,0.0000000,0.0000000,0,0,0,0,755729705419416
1440,1141533339,1000,1712,1712,2.6261752,-0.02852,-1,-1,-1,0,0,0,136,1,1,0,0.0000000,0.0000000,0.0000000,0,0,0,0,755729706405458
1441,1141534339,1000,1713,1713,2.6277092,0.03275,-1,-1,-1,0,0,0,136,1,1,0,0.0000000,0.0000000,0.0000000,0,0,0,0,755729707400958
1442,1141535339,1000,1713,1713,2.6277092,0.03146,-1,-1,-1,0,0,0,136,1,1,0,0.0000000,0.0000000,0.0000000,0,0,0,0,755729708360125
1443,1141536339,1000,1713,1713,2.6277092,0.03023,-1,-1,-1,0,0,0,136,1,1,0,0.0000000,0.0000000,0.0000000,0,0,0,0,755729709629625
1444,1141537339,1000,1712,1712,2.6261752,-0.03110,-1,-1,-1,0,0,0,136,1,1,0,0.0000000,0.0000000,0.0000000,0,0,0,0,755729710599166
1445,1141538339,1000,1713,1713,2.6277092,0.03026,-1,-1,-1,0,0,0,136,1,1,0,0.0000000,0.0000000,0.0000000,0,0,0,0,755729711518583
1446,1141539339,1000,1713,1713,2.6277092,0.02908,-1,-1,-1,0,0,0,136,1,1,0,0.0000000,0.0000000,0.0000000,0,0,0,0,755729712360375
1447,1141540339,1000,1713,1713,2.6277092,0.02794,-1,-1,-1,0,0,0,136,1,1,0,0.0000000,0.0000000,0.0000000,0,0,0,0,755729713358916
1448,1141541339,1000,1712,1712,2.6261752,-0.03331,-1,-1,-1,0,0,0,136,1,1,0,0.0000000,0.0000000,0.0000000,0,0,0,0,755729714363416
1449,1141542339,1000,1713,1713,2.6277092,0.02815,-1,-1,-1,0,0,0,136,1,1,0,0.0000000,0.0000000,0.0000000,0,0,0,0,755729715354125
1450,1141543339,1000,1713,1713,2.6277092,0.02704,-1,-1,-1,0,0,0,136,1,1,0,0.0000000,0.0000000,0.0000000,0,0,0,0,755729716355791
1451,1141544339,1000,1713,1713,2.6277092,0.02598,-1,-1,-1,0,0,0,136,1,1,0,0.0000000,0.0000000,0.0000000,0,0,0,0,755729717410083
1452,1141545339,1000,1712,1712,2.6261752,-0.03518,-1,-1,-1,0,0,0,136,1,1,0,0.0000000,0.0000000,0.0000000,0,0,0,0,755729718370791
1453,1141546339,1000,1713,1713,2.6277092,0.02634,-1,-1,-1,0,0,0,136,1,1,0,0.0000000,0.0000000,0.0000000,0,0,0,0,755729719360166
1454,1141547339,1000,1713,1713,2.6277092,0.02531,-1,-1,-1,0,0,0,136,1,1,0,0.0000000,0.0000000,0.0000000,0,0,0,0,755729720355416
1455,1141548339,1000,1713,1713,2.6277092,0.02432,-1,-1,-1,0,0,0,136,1,1,0,0.0000000,0.0000000,0.0000000,0,0,0,0,755729721354208
1456,1141549339,1000,1713,1713,2.6277092,0.02337,-1,-1,-1,0,0,0,136,1,1,0,0.0000000,0.0000000,0.0000000,0,0,0,0,755729722352833
1457,1141550339,1000,1712,1712,2.6261752,-0.03770,-1,-1,-1,0,0,0,136,1,1,0,0.0000000,0.0000000,0.0000000,0,0,0,0,755729723354083
1458,1141551339,1000,1713,1713,2.6277092,0.02393,-1,-1,-1,0,0,0,136,1,1,0,0.0000000,0.0000000,0.0000000,0,0,0,0,755729724352375
1459,1141552339,1000,1713,1713,2.6277092,0.02299,39,128,1902,0,0,0,136,1,1,0,0.0000000,0.0000000,0.0000000,0,0,0,0,755729725734916
1460,1141553339,1000,1713,1713,2.6277092,0.02209,-1,-1,-1,0,0,0,136,1,1,0,0.0000000,0.0000000,0.0000000,0,0,0,0,755729726352000
1461,1141554339,1000,1713,1713,2.6277092,0.02122,-1,-1,-1,0,0,0,136,1,1,0,0.0000000,0.0000000,0.0000000,0,0,0,0,755729727345708
1462,1141555339,1000,1713,1713,2.6277092,0.02039,-1,-1,-1,0,0,0,136,1,1,0,0.0000000,0.0000000,0.0000000,0,0,0,0,755729728351708
1463,1141556339,1000,1713,1713,2.6277092,0.01959,-1,-1,-1,0,0,0,136,1,1,0,0.0000000,0.0000000,0.0000000,0,0,0,0,755729729351791
1464,1141557339,1000,1713,1713,2.6277092,0.01882,-1,-1,-1,0,0,0,136,1,1,0,0.0000000,0.0000000,0.0000000,0,0,0,0,755729730351125
1465,1141558339,1000,1713,1713,2.6277092,0.01808,-1,-1,-1,0,0,0,136,1,1,0,0.0000000,0.0000000,0.0000000,0,0,0,0,755729731348208
1466,1141559339,1000,1713,1713,2.6277092,0.01737,-1,-1,-1,0,0,0,136,1,1,0,0.0000000,0.0000000,0.0000000,0,0,0,0,755729732355875
1467,1141560339,1000,1713,1713,2.6277092,0.01669,-1,-1,-1,0,0,0,136,1,1,0,0.0000000,0.0000000,0.0000000,0,0,0,0,755729733373166
1468,1141561339,1000,1713,1713,2.6277092,0.01604,-1,-1,-1,0,0,0,136,1,1,0,0.0000000,0.0000000,0.0000000,0,0,0,0,755729734358500
1469,1141562339,1000,1713,1713,2.6277092,0.01541,-1,-1,-1,0,0,0,136,1,1,0,0.0000000,0.0000000,0.0000000,0,0,0,0,755729735359333
1470,1141563339,1000,1713,1713,2.6277092,0.01481,-1,-1,-1,0,0,0,136,1,1,0,0.0000000,0.0000000,0.0000000,0,0,0,0,755729736362125
1471,1141564339,1000,1713,1713,2.6277092,0.01423,-1,-1,-1,0,0,0,136,1,1,0,0.0000000,0.0000000,0.0000000,0,0,0,0,755729737349750
1472,1141565339,1000,1713,1713,2.6277092,0.01367,-1,-1,-1,0,0,0,136,1,1,0,0.0000000,0.0000000,0.0000000,0,0,0,0,755729738591375
1473,1141566339,1000,1714,1714,2.6292431,0.07328,-1,-1,-1,0,0,0,136,1,1,0,0.0000000,0.0000000,0.0000000,0,0,0,0,755729739568208
1474,1141567339,1000,1714,1714,2.6292431,0.07041,-1,-1,-1,0,0,0,136,1,1,0,0.0000000,0.0000000,0.0000000,0,0,0,0,755729740573583
1475,1141568339,1000,1713,1713,2.6277092,0.00750,-1,-1,-1,0,0,0,136,1,1,0,0.0000000,0.0000000,0.0000000,0,0,0,0,755729741408708
1476,1141569339,1000,1713,1713,2.6277092,0.00720,-1,-1,-1,0,0,0,136,1,1,0,0.0000000,0.0000000,0.0000000,0,0,0,0,755729742351333
1477,1141570339,1000,1714,1714,2.6292431,0.06707,-1,-1,-1,0,0,0,136,1,1,0,0.0000000,0.0000000,0.0000000,0,0,0,0,755729743347500
1478,1141571339,1000,1714,1714,2.6292431,0.06444,-1,-1,-1,0,0,0,136,1,1,0,0.0000000,0.0000000,0.0000000,0,0,0,0,755729744350458
1479,1141572339,1000,1713,1713,2.6277092,0.00176,-1,-1,-1,0,0,0,136,1,1,0,0.0000000,0.0000000,0.0000000,0,0,0,0,755729745349625
1480,1141573339,1000,1714,1714,2.6292431,0.06184,-1,-1,-1,0,0,0,136,1,1,0,0.0000000,0.0000000,0.0000000,0,0,0,0,755729746350583
1481,1141574339,1000,1714,1714,2.6292431,0.05942,-1,-1,-1,0,0,0,136,1,1,0,0.0000000,0.0000000,0.0000000,0,0,0,0,755729747349625
1482,1141575339,1000,1714,1714,2.6292431,0.05709,-1,-1,-1,0,0,0,136,1,1,0,0.0000000,0.0000000,0.0000000,0,0,0,0,755729748357625
1483,1141576339,1000,1714,1714,2.6292431,0.05485,-1,-1,-1,0,0,0,136,1,1,0,0.0000000,0.0000000,0.0000000,0,0,0,0,755729749366125
1484,1141577339,1000,1714,1714,2.6292431,0.05270,-1,-1,-1,0,0,0,136,1,1,0,0.0000000,0.0000000,0.0000000,0,0,0,0,755729750350708
1485,1141578339,1000,1714,1714,2.6292431,0.05063,-1,-1,-1,0,0,0,136,1,1,0,0.0000000,0.0000000,0.0000000,0,0,0,0,755729751342458
1486,1141579339,1000,1714,1714,2.6292431,0.04865,-1,-1,-1,0,0,0,136,1,1,0,0.0000000,0.0000000,0.0000000,0,0,0,0,755729752338000
1487,1141580339,1000,1714,1714,2.6292431,0.04674,-1,-1,-1,0,0,0,136,1,1,0,0.0000000,0.0000000,0.0000000,0,0,0,0,755729753339041
1488,1141581339,1000,1714,1714,2.6292431,0.04491,-1,-1,-1,0,0,0,136,1,1,0,0.0000000,0.0000000,0.0000000,0,0,0,0,755729754342625
1489,1141582339,1000,1714,1714,2.6292431,0.04315,-1,-1,-1,0,0,0,136,1,1,0,0.0000000,0.0000000,0.0000000,0,0,0,0,755729755333083
1490,1141583339,1000,1714,1714,2.6292431,0.04145,-1,-1,-1,0,0,0,136,1,1,0,0.0000000,0.0000000,0.0000000,0,0,0,0,755729756345833
1491,1141584339,1000,1714,1714,2.6292431,0.03983,-1,-1,-1,0,0,0,136,1,1,0,0.0000000,0.0000000,0.0000000,0,0,0,0,755729757351375
1492,1141585339,1000,1714,1714,2.6292431,0.03827,-1,-1,-1,0,0,0,136,1,1,0,0.0000000,0.0000000,0.0000000,0,0,0,0,755729758377625
1493,1141586339,1000,1714,1714,2.6292431,0.03677,-1,-1,-1,0,0,0,136,1,1,0,0.0000000,0.0000000,0.0000000,0,0,0,0,755729759340541
1494,1141587339,1000,1714,1714,2.6292431,0.03533,-1,-1,-1,0,0,0,136,1,1,0,0.0000000,0.0000000,0.0000000,0,0,0,0,755729760350083
1495,1141588339,1000,1714,1714,2.6292431,0.03394,-1,-1,-1,0,0,0,136,1,1,0,0.0000000,0.0000000,0.0000000,0,0,0,0,755729761344458
1496,1141589339,1000,1714,1714,2.6292431,0.03261,-1,-1,-1,0,0,0,136,1,1,0,0.0000000,0.0000000,0.0000000,0,0,0,0,755729762583666
1497,1141590339,1000,1715,1715,2.6307771,0.09148,-1,-1,-1,0,0,0,136,1,1,0,0.0000000,0.0000000,0.0000000,0,0,0,0,755729763585750
1498,1141591339,1000,1714,1714,2.6292431,0.02774,-1,-1,-1,0,0,0,136,1,1,0,0.0000000,0.0000000,0.0000000,0,0,0,0,755729764609458
1499,1141592339,1000,1714,1714,2.6292431,0.02666,-1,-1,-1,0,0,0,136,1,1,0,0.0000000,0.0000000,0.0000000,0,0,0,0,755729765349875
1500,1141593339,1000,1714,1714,2.6292431,0.02561,-1,-1,-1,0,0,0,136,1,1,0,0.0000000,0.0000000,0.0000000,0,0,0,0,755729766391666
1501,1141594339,1000,1715,1715,2.6307771,0.08476,-1,-1,-1,0,0,0,136,1,1,0,0.0000000,0.0000000,0.0000000,0,0,0,0,755729767375708
1502,1141595339,1000,1715,1715,2.6307771,0.08143,-1,-1,-1,0,0,0,136,1,1,0,0.0000000,0.0000000,0.0000000,0,0,0,0,755729768405666
1503,1141596339,1000,1714,1714,2.6292431,0.01809,-1,-1,-1,0,0,0,136,1,1,0,0.0000000,0.0000000,0.0000000,0,0,0,0,755729769477458
1504,1141597339,1000,1714,1714,2.6292431,0.01738,-1,-1,-1,0,0,0,136,1,1,0,0.0000000,0.0000000,0.0000000,0,0,0,0,755729770496208
1505,1141598339,1000,1714,1714,2.6292431,0.01670,-1,-1,-1,0,0,0,136,1,1,0,0.0000000,0.0000000,0.0000000,0,0,0,0,755729771473958
1506,1141599339,1000,1714,1714,2.6292431,0.01604,-1,-1,-1,0,0,0,136,1,1,0,0.0000000,0.0000000,0.0000000,0,0,0,0,755729772468791
1507,1141600339,1000,1714,1714,2.6292431,0.01542,-1,-1,-1,0,0,0,136,1,1,0,0.0000000,0.0000000,0.0000000,0,0,0,0,755729773703500
1508,1141601339,1000,1715,1715,2.6307771,0.07496,-1,-1,-1,0,0,0,136,1,1,0,0.0000000,0.0000000,0.0000000,0,0,0,0,755729774577708
1509,1141602339,1000,1714,1714,2.6292431,0.01187,39,128,1912,0,0,0,136,1,1,0,0.0000000,0.0000000,0.0000000,0,0,0,0,755729776078208
1510,1141603339,1000,1714,1714,2.6292431,0.01141,-1,-1,-1,0,0,0,136,1,1,0,0.0000000,0.0000000,0.0000000,0,0,0,0,755729776782708
1511,1141604339,1000,1714,1714,2.6292431,0.01096,-1,-1,-1,0,0,0,136,1,1,0,0.0000000,0.0000000,0.0000000,0,0,0,0,755729777644666
1512,1141605339,1000,1715,1715,2.6307771,0.07068,-1,-1,-1,0,0,0,136,1,1,0,0.0000000,0.0000000,0.0000000,0,0,0,0,755729778564000
1513,1141606339,1000,1714,1714,2.6292431,0.00776,-1,-1,-1,0,0,0,136,1,1,0,0.0000000,0.0000000,0.0000000,0,0,0,0,755729780314833
1514,1141607339,1000,1714,1714,2.6292431,0.00745,-1,-1,-1,0,0,0,135,1,1,0,0.0000000,0.0000000,0.0000000,0,0,0,0,755729781410541
1515,1141608339,1000,1715,1715,2.6307771,0.06731,-1,-1,-1,0,0,0,136,1,1,0,0.0000000,0.0000000,0.0000000,0,0,0,0,755729782161916
1516,1141609339,1000,1714,1714,2.6292431,0.00452,-1,-1,-1,0,0,0,136,1,1,0,0.0000000,0.0000000,0.0000000,0,0,0,0,755729782850416
1517,1141610339,1000,1714,1714,2.6292431,0.00435,-1,-1,-1,0,0,0,136,1,1,0,0.0000000,0.0000000,0.0000000,0,0,0,0,755729783401750
1518,1141611339,1000,1714,1714,2.6292431,0.00417,-1,-1,-1,0,0,0,136,1,1,0,0.0000000,0.0000000,0.0000000,0,0,0,0,755729784397708
1519,1141612339,1000,1714,1714,2.6292431,0.00401,-1,-1,-1,0,0,0,136,1,1,0,0.0000000,0.0000000,0.0000000,0,0,0,0,755729785495333
1520,1141613339,1000,1714,1714,2.6292431,0.00385,-1,-1,-1,0,0,0,136,1,1,0,0.0000000,0.0000000,0.0000000,0,0,0,0,755729786564083
1521,1141614339,1000,1714,1714,2.6292431,0.00370,-1,-1,-1,0,0,0,136,1,1,0,0.0000000,0.0000000,0.0000000,0,0,0,0,755729787503083
1522,1141615339,1000,1714,1714,2.6292431,0.00356,-1,-1,-1,0,0,0,136,1,1,0,0.0000000,0.0000000,0.0000000,0,0,0,0,755729788406708
1523,1141616339,1000,1713,1713,2.6277092,-0.05673,-1,-1,-1,0,0,0,136,1,1,0,0.0000000,0.0000000,0.0000000,0,0,0,0,755729789346500
1524,1141617339,1000,1714,1714,2.6292431,0.00564,-1,-1,-1,0,0,0,136,1,1,0,0.0000000,0.0000000,0.0000000,0,0,0,0,755729790433416
1525,1141618339,1000,1713,1713,2.6277092,-0.05473,-1,-1,-1,0,0,0,136,1,1,0,0.0000000,0.0000000,0.0000000,0,0,0,0,755729791333458
1526,1141619339,1000,1714,1714,2.6292431,0.00757,-1,-1,-1,0,0,0,136,1,1,0,0.0000000,0.0000000,0.0000000,0,0,0,0,755729792355208
1527,1141620339,1000,1713,1713,2.6277092,-0.05288,-1,-1,-1,0,0,0,136,1,1,0,0.0000000,0.0000000,0.0000000,0,0,0,0,755729793361333
1528,1141621339,1000,1713,1713,2.6277092,-0.05080,-1,-1,-1,0,0,0,136,1,1,0,0.0000000,0.0000000,0.0000000,0,0,0,0,755729794449125
1529,1141622339,1000,1713,1713,2.6277092,-0.04881,-1,-1,-1,0,0,0,136,1,1,0,0.0000000,0.0000000,0.0000000,0,0,0,0,755729795518458
1530,1141623339,1000,1713,1713,2.6277092,-0.04690,-1,-1,-1,0,0,0,136,1,1,0,0.0000000,0.0000000,0.0000000,0,0,0,0,755729796565750
1531,1141624339,1000,1713,1713,2.6277092,-0.04506,-1,-1,-1,0,0,0,136,1,1,0,0.0000000,0.0000000,0.0000000,0,0,0,0,755729797384750
1532,1141625339,1000,1713,1713,2.6277092,-0.04329,-1,-1,-1,0,0,0,136,1,1,0,0.0000000,0.0000000,0.0000000,0,0,0,0,755729798352708
1533,1141626339,1000,1713,1713,2.6277092,-0.04160,-1,-1,-1,0,0,0,136,1,1,0,0.0000000,0.0000000,0.0000000,0,0,0,0,755729799339875
1534,1141627339,1000,1713,1713,2.6277092,-0.03996,-1,-1,-1,0,0,0,136,1,1,0,0.0000000,0.0000000,0.0000000,0,0,0,0,755729800347625
1535,1141628339,1000,1713,1713,2.6277092,-0.03840,-1,-1,-1,0,0,0,136,1,1,0,0.0000000,0.0000000,0.0000000,0,0,0,0,755729801361458
1536,1141629339,1000,1713,1713,2.6277092,-0.03689,-1,-1,-1,0,0,0,136,1,1,0,0.0000000,0.0000000,0.0000000,0,0,0,0,755729802353416
1537,1141630339,1000,1713,1713,2.6277092,-0.03545,-1,-1,-1,0,0,0,136,1,1,0,0.0000000,0.0000000,0.0000000,0,0,0,0,755729803339625
1538,1141631339,1000,1713,1713,2.6277092,-0.03406,-1,-1,-1,0,0,0,136,1,1,0,0.0000000,0.0000000,0.0000000,0,0,0,0,755729804326916
1539,1141632339,1000,1713,1713,2.6277092,-0.03272,-1,-1,-1,0,0,0,136,1,1,0,0.0000000,0.0000000,0.0000000,0,0,0,0,755729805327041
1540,1141633339,1000,1713,1713,2.6277092,-0.03144,-1,-1,-1,0,0,0,136,1,1,0,0.0000000,0.0000000,0.0000000,0,0,0,0,755729806338416
1541,1141634339,1000,1712,1712,2.6261752,-0.09035,-1,-1,-1,0,0,0,136,1,1,0,0.0000000,0.0000000,0.0000000,0,0,0,0,755729807327916
1542,1141635339,1000,1712,1712,2.6261752,-0.08681,-1,-1,-1,0,0,0,136,1,1,0,0.0000000,0.0000000,0.0000000,0,0,0,0,755729808482583
1543,1141636339,1000,1712,1712,2.6261752,-0.08341,-1,-1,-1,0,0,0,136,1,1,0,0.0000000,0.0000000,0.0000000,0,0,0,0,755729809579458
1544,1141637339,1000,1712,1712,2.6261752,-0.08014,-1,-1,-1,0,0,0,136,1,1,0,0.0000000,0.0000000,0.0000000,0,0,0,0,755729810602583
1545,1141638339,1000,1712,1712,2.6261752,-0.07699,-1,-1,-1,0,0,0,136,1,1,0,0.0000000,0.0000000,0.0000000,0,0,0,0,755729811626416
1546,1141639339,1000,1712,1712,2.6261752,-0.07397,-1,-1,-1,0,0,0,136,1,1,0,0.0000000,0.0000000,0.0000000,0,0,0,0,755729812566375
1547,1141640339,1000,1712,1712,2.6261752,-0.07107,-1,-1,-1,0,0,0,136,1,1,0,0.0000000,0.0000000,0.0000000,0,0,0,0,755729813487458
1548,1141641339,1000,1712,1712,2.6261752,-0.06829,-1,-1,-1,0,0,0,136,1,1,0,0.0000000,0.0000000,0.0000000,0,0,0,0,755729814618416
1549,1141642339,1000,1712,1712,2.6261752,-0.06561,-1,-1,-1,0,0,0,136,1,1,0,0.0000000,0.0000000,0.0000000,0,0,0,0,755729815681083
1550,1141643339,1000,1712,1712,2.6261752,-0.06304,-1,-1,-1,0,0,0,136,1,1,0,0.0000000,0.0000000,0.0000000,0,0,0,0,755729816557583
1551,1141644339,1000,1712,1712,2.6261752,-0.06057,-1,-1,-1,0,0,0,136,1,1,0,0.0000000,0.0000000,0.0000000,0,0,0,0,755729817376125
1552,1141645339,1000,1712,1712,2.6261752,-0.05819,-1,-1,-1,0,0,0,136,1,1,0,0.0000000,0.0000000,0.0000000,0,0,0,0,755729818397583
1553,1141646338,999,1712,1712,2.6261752,-0.05591,-1,-1,-1,0,0,0,135,1,1,0,0.0000000,0.0000000,0.0000000,0,0,0,0,755729819324791
1554,1141647339,1001,1712,1712,2.6261752,-0.05372,-1,-1,-1,0,0,0,136,1,1,0,0.0000000,0.0000000,0.0000000,0,0,0,0,755729820311333
1555,1141648339,1000,1712,1712,2.6261752,-0.05161,-1,-1,-1,0,0,0,136,1,1,0,0.0000000,0.0000000,0.0000000,0,0,0,0,755729821320458
1556,1141649339,1000,1712,1712,2.6261752,-0.04959,-1,-1,-1,0,0,0,136,1,1,0,0.0000000,0.0000000,0.0000000,0,0,0,0,755729822393416
1557,1141650339,1000,1712,1712,2.6261752,-0.04764,-1,-1,-1,0,0,0,136,1,1,0,0.0000000,0.0000000,0.0000000,0,0,0,0,755729823458375
1558,1141651339,1000,1712,1712,2.6261752,-0.04577,-1,-1,-1,0,0,0,136,1,1,0,0.0000000,0.0000000,0.0000000,0,0,0,0,755729824534375
1559,1141652339,1000,1712,1712,2.6261752,-0.04398,39,128,1913,0,0,0,136,1,1,0,0.0000000,0.0000000,0.0000000,0,0,0,0,755729825877958
1560,1141653339,1000,1712,1712,2.6261752,-0.04225,-1,-1,-1,0,0,0,136,1,1,0,0.0000000,0.0000000,0.0000000,0,0,0,0,755729826611583
1561,1141654339,1000,1712,1712,2.6261752,-0.04060,-1,-1,-1,0,0,0,136,1,1,0,0.0000000,0.0000000,0.0000000,0,0,0,0,755729827557416
1562,1141655339,1000,1712,1712,2.6261752,-0.03901,-1,-1,-1,0,0,0,136,1,1,0,0.0000000,0.0000000,0.0000000,0,0,0,0,755729828493000
1563,1141656339,1000,1712,1712,2.6261752,-0.03748,-1,-1,-1,0,0,0,136,1,1,0,0.0000000,0.0000000,0.0000000,0,0,0,0,755729829541083
1564,1141657339,1000,1712,1712,2.6261752,-0.03601,-1,-1,-1,0,0,0,136,1,1,0,0.0000000,0.0000000,0.0000000,0,0,0,0,755729830591916
1565,1141658339,1000,1711,1711,2.6246412,-0.09474,-1,-1,-1,0,0,0,136,1,1,0,0.0000000,0.0000000,0.0000000,0,0,0,0,755729831565083
1566,1141659339,1000,1711,1711,2.6246412,-0.09103,-1,-1,-1,0,0,0,136,1,1,0,0.0000000,0.0000000,0.0000000,0,0,0,0,755729832629125
1567,1141660339,1000,1712,1712,2.6261752,-0.02731,-1,-1,-1,0,0,0,136,1,1,0,0.0000000,0.0000000,0.0000000,0,0,0,0,755729833552708
1568,1141661339,1000,1712,1712,2.6261752,-0.02624,-1,-1,-1,0,0,0,136,1,1,0,0.0000000,0.0000000,0.0000000,0,0,0,0,755729834494875
1569,1141662339,1000,1712,1712,2.6261752,-0.02521,-1,-1,-1,0,0,0,136,1,1,0,0.0000000,0.0000000,0.0000000,0,0,0,0,755729835396958
1570,1141663339,1000,1712,1712,2.6261752,-0.02422,-1,-1,-1,0,0,0,136,1,1,0,0.0000000,0.0000000,0.0000000,0,0,0,0,755729836429125
1571,1141664339,1000,1711,1711,2.6246412,-0.08342,-1,-1,-1,0,0,0,136,1,1,0,0.0000000,0.0000000,0.0000000,0,0,0,0,755729837434125
1572,1141665339,1000,1712,1712,2.6261752,-0.02000,-1,-1,-1,0,0,0,136,1,1,0,0.0000000,0.0000000,0.0000000,0,0,0,0,755729838421416
1573,1141666339,1000,1712,1712,2.6261752,-0.01922,-1,-1,-1,0,0,0,136,1,1,0,0.0000000,0.0000000,0.0000000,0,0,0,0,755729839406958
1574,1141667339,1000,1712,1712,2.6261752,-0.01846,-1,-1,-1,0,0,0,136,1,1,0,0.0000000,0.0000000,0.0000000,0,0,0,0,755729840379333
1575,1141668339,1000,1712,1712,2.6261752,-0.01774,-1,-1,-1,0,0,0,136,1,1,0,0.0000000,0.0000000,0.0000000,0,0,0,0,755729841367666
1576,1141669339,1000,1712,1712,2.6261752,-0.01704,-1,-1,-1,0,0,0,136,1,1,0,0.0000000,0.0000000,0.0000000,0,0,0,0,755729842441125
1577,1141670339,1000,1712,1712,2.6261752,-0.01638,-1,-1,-1,0,0,0,136,1,1,0,0.0000000,0.0000000,0.0000000,0,0,0,0,755729843369500
1578,1141671339,1000,1712,1712,2.6261752,-0.01573,-1,-1,-1,0,0,0,136,1,1,0,0.0000000,0.0000000,0.0000000,0,0,0,0,755729844384916
1579,1141672339,1000,1712,1712,2.6261752,-0.01512,-1,-1,-1,0,0,0,136,1,1,0,0.0000000,0.0000000,0.0000000,0,0,0,0,755729845390208
1580,1141673339,1000,1711,1711,2.6246412,-0.07467,-1,-1,-1,0,0,0,136,1,1,0,0.0000000,0.0000000,0.0000000,0,0,0,0,755729846482541
1581,1141674339,1000,1712,1712,2.6261752,-0.01160,-1,-1,-1,0,0,0,136,1,1,0,0.0000000,0.0000000,0.0000000,0,0,0,0,755729847362416
1582,1141675339,1000,1712,1712,2.6261752,-0.01114,-1,-1,-1,0,0,0,136,1,1,0,0.0000000,0.0000000,0.0000000,0,0,0,0,755729848364916
1583,1141676339,1000,1712,1712,2.6261752,-0.01070,-1,-1,-1,0,0,0,136,1,1,0,0.0000000,0.0000000,0.0000000,0,0,0,0,755729849370708
1584,1141677339,1000,1712,1712,2.6261752,-0.01029,-1,-1,-1,0,0,0,136,1,1,0,0.0000000,0.0000000,0.0000000,0,0,0,0,755729850356333
1585,1141678339,1000,1712,1712,2.6261752,-0.00988,-1,-1,-1,0,0,0,136,1,1,0,0.0000000,0.0000000,0.0000000,0,0,0,0,755729851348416
1586,1141679339,1000,1712,1712,2.6261752,-0.00949,-1,-1,-1,0,0,0,136,1,1,0,0.0000000,0.0000000,0.0000000,0,0,0,0,755729852349375
1587,1141680339,1000,1712,1712,2.6261752,-0.00912,-1,-1,-1,0,0,0,136,1,1,0,0.0000000,0.0000000,0.0000000,0,0,0,0,755729853434291
1588,1141681339,1000,1712,1712,2.6261752,-0.00876,-1,-1,-1,0,0,0,136,1,1,0,0.0000000,0.0000000,0.0000000,0,0,0,0,755729854380708
1589,1141682339,1000,1712,1712,2.6261752,-0.00842,-1,-1,-1,0,0,0,136,1,1,0,0.0000000,0.0000000,0.0000000,0,0,0,0,755729855352708
1590,1141683339,1000,1712,1712,2.6261752,-0.00809,-1,-1,-1,0,0,0,136,1,1,0,0.0000000,0.0000000,0.0000000,0,0,0,0,755729856349083
1591,1141684339,1000,1712,1712,2.6261752,-0.00777,-1,-1,-1,0,0,0,135,1,1,0,0.0000000,0.0000000,0.0000000,0,0,0,0,755729857342916
1592,1141685339,1000,1712,1712,2.6261752,-0.00747,-1,-1,-1,0,0,0,136,1,1,0,0.0000000,0.0000000,0.0000000,0,0,0,0,755729858375875
1593,1141686339,1000,1712,1712,2.6261752,-0.00718,-1,-1,-1,0,0,0,136,1,1,0,0.0000000,0.0000000,0.0000000,0,0,0,0,755729859370541
1594,1141687339,1000,1712,1712,2.6261752,-0.00689,-1,-1,-1,0,0,0,136,1,1,0,0.0000000,0.0000000,0.0000000,0,0,0,0,755729860357250
1595,1141688339,1000,1712,1712,2.6261752,-0.00662,-1,-1,-1,0,0,0,136,1,1,0,0.0000000,0.0000000,0.0000000,0,0,0,0,755729861342541
1596,1141689339,1000,1712,1712,2.6261752,-0.00636,-1,-1,-1,0,0,0,136,1,1,0,0.0000000,0.0000000,0.0000000,0,0,0,0,755729862348708
1597,1141690339,1000,1712,1712,2.6261752,-0.00611,-1,-1,-1,0,0,0,136,1,1,0,0.0000000,0.0000000,0.0000000,0,0,0,0,755729863344833
1598,1141691339,1000,1712,1712,2.6261752,-0.00587,-1,-1,-1,0,0,0,136,1,1,0,0.0000000,0.0000000,0.0000000,0,0,0,0,755729864379166
1599,1141692339,1000,1712,1712,2.6261752,-0.00564,-1,-1,-1,0,0,0,136,1,1,0,0.0000000,0.0000000,0.0000000,0,0,0,0,755729865347250
1600,1141693339,1000,1712,1712,2.6261752,-0.00542,-1,-1,-1,0,0,0,136,1,1,0,0.0000000,0.0000000,0.0000000,0,0,0,0,755729866371416
1601,1141694339,1000,1712,1712,2.6261752,-0.00521,-1,-1,-1,0,0,0,136,1,1,0,0.0000000,0.0000000,0.0000000,0,0,0,0,755729867349875
1602,1141695339,1000,1712,1712,2.6261752,-0.00501,-1,-1,-1,0,0,0,136,1,1,0,0.0000000,0.0000000,0.0000000,0,0,0,0,755729868333916
1603,1141696339,1000,1712,1712,2.6261752,-0.00481,-1,-1,-1,0,0,0,136,1,1,0,0.0000000,0.0000000,0.0000000,0,0,0,0,755729869384583
1604,1141697339,1000,1712,1712,2.6261752,-0.00462,-1,-1,-1,0,0,0,136,1,1,0,0.0000000,0.0000000,0.0000000,0,0,0,0,755729870403125
1605,1141698339,1000,1712,1712,2.6261752,-0.00444,-1,-1,-1,0,0,0,136,1,1,0,0.0000000,0.0000000,0.0000000,0,0,0,0,755729871388666
1606,1141699339,1000,1712,1712,2.6261752,-0.00427,-1,-1,-1,0,0,0,136,1,1,0,0.0000000,0.0000000,0.0000000,0,0,0,0,755729872353083
1607,1141700339,1000,1712,1712,2.6261752,-0.00410,-1,-1,-1,0,0,0,136,1,1,0,0.0000000,0.0000000,0.0000000,0,0,0,0,755729873364916
1608,1141701339,1000,1712,1712,2.6261752,-0.00394,-1,-1,-1,0,0,0,136,1,1,0,0.0000000,0.0000000,0.0000000,0,0,0,0,755729874382666
1609,1141702339,1000,1712,1712,2.6261752,-0.00378,39,128,1920,0,0,0,136,1,1,0,0.0000000,0.0000000,0.0000000,0,0,0,0,755729875797125
1610,1141703339,1000,1712,1712,2.6261752,-0.00364,-1,-1,-1,0,0,0,136,1,1,0,0.0000000,0.0000000,0.0000000,0,0,0,0,755729876460000
1611,1141704339,1000,1712,1712,2.6261752,-0.00349,-1,-1,-1,0,0,0,136,1,1,0,0.0000000,0.0000000,0.0000000,0,0,0,0,755729877389750
1612,1141705339,1000,1712,1712,2.6261752,-0.00336,-1,-1,-1,0,0,0,136,1,1,0,0.0000000,0.0000000,0.0000000,0,0,0,0,755729878381125
1613,1141706339,1000,1712,1712,2.6261752,-0.00322,-1,-1,-1,0,0,0,136,1,1,0,0.0000000,0.0000000,0.0000000,0,0,0,0,755729879361000
1614,1141707339,1000,1712,1712,2.6261752,-0.00310,-1,-1,-1,0,0,0,136,1,1,0,0.0000000,0.0000000,0.0000000,0,0,0,0,755729880360375
1615,1141708339,1000,1712,1712,2.6261752,-0.00298,-1,-1,-1,0,0,0,136,1,1,0,0.0000000,0.0000000,0.0000000,0,0,0,0,755729881379125
1616,1141709339,1000,1712,1712,2.6261752,-0.00286,-1,-1,-1,0,0,0,136,1,1,0,0.0000000,0.0000000,0.0000000,0,0,0,0,755729882373875
1617,1141710339,1000,1712,1712,2.6261752,-0.00275,-1,-1,-1,0,0,0,136,1,1,0,0.0000000,0.0000000,0.0000000,0,0,0,0,755729883383750
1618,1141711339,1000,1712,1712,2.6261752,-0.00264,-1,-1,-1,0,0,0,136,1,1,0,0.0000000,0.0000000,0.0000000,0,0,0,0,755729884359791
1619,1141712339,1000,1712,1712,2.6261752,-0.00254,-1,-1,-1,0,0,0,135,1,1,0,0.0000000,0.0000000,0.0000000,0,0,0,0,755729885367708
1620,1141713339,1000,1712,1712,2.6261752,-0.00244,-1,-1,-1,0,0,0,136,1,1,0,0.0000000,0.0000000,0.0000000,0,0,0,0,755729886365375
1621,1141714339,1000,1712,1712,2.6261752,-0.00234,-1,-1,-1,0,0,0,136,1,1,0,0.0000000,0.0000000,0.0000000,0,0,0,0,755729887517333
1622,1141715339,1000,1712,1712,2.6261752,-0.00225,-1,-1,-1,0,0,0,136,1,1,0,0.0000000,0.0000000,0.0000000,0,0,0,0,755729888464458
1623,1141716339,1000,1712,1712,2.6261752,-0.00216,-1,-1,-1,0,0,0,136,1,1,0,0.0000000,0.0000000,0.0000000,0,0,0,0,755729889528541
1624,1141717339,1000,1712,1712,2.6261752,-0.00208,-1,-1,-1,0,0,0,136,1,1,0,0.0000000,0.0000000,0.0000000,0,0,0,0,755729890463875
1625,1141718339,1000,1712,1712,2.6261752,-0.00200,-1,-1,-1,0,0,0,136,1,1,0,0.0000000,0.0000000,0.0000000,0,0,0,0,755729891478833
1626,1141719339,1000,1712,1712,2.6261752,-0.00192,-1,-1,-1,0,0,0,136,1,1,0,0.0000000,0.0000000,0.0000000,0,0,0,0,755729892426791
1627,1141720339,1000,1712,1712,2.6261752,-0.00184,-1,-1,-1,0,0,0,136,1,1,0,0.0000000,0.0000000,0.0000000,0,0,0,0,755729893402708
1628,1141721339,1000,1712,1712,2.6261752,-0.00177,-1,-1,-1,0,0,0,136,1,1,0,0.0000000,0.0000000,0.0000000,0,0,0,0,755729894391375
1629,1141722339,1000,1712,1712,2.6261752,-0.00170,-1,-1,-1,0,0,0,136,1,1,0,0.0000000,0.0000000,0.0000000,0,0,0,0,755729895395625
1630,1141723339,1000,1712,1712,2.6261752,-0.00163,-1,-1,-1,0,0,0,136,1,1,0,0.0000000,0.0000000,0.0000000,0,0,0,0,755729896389375
1631,1141724339,1000,1712,1712,2.6261752,-0.00157,-1,-1,-1,0,0,0,136,1,1,0,0.0000000,0.0000000,0.0000000,0,0,0,0,755729897377291
1632,1141725339,1000,1713,1713,2.6277092,0.05864,-1,-1,-1,0,0,0,136,1,1,0,0.0000000,0.0000000,0.0000000,0,0,0,0,755729898426750
1633,1141726339,1000,1712,1712,2.6261752,-0.00381,-1,-1,-1,0,0,0,136,1,1,0,0.0000000,0.0000000,0.0000000,0,0,0,0,755729899621000
1634,1141727339,1000,1712,1712,2.6261752,-0.00366,-1,-1,-1,0,0,0,136,1,1,0,0.0000000,0.0000000,0.0000000,0,0,0,0,755729900606000
1635,1141728339,1000,1712,1712,2.6261752,-0.00351,-1,-1,-1,0,0,0,136,1,1,0,0.0000000,0.0000000,0.0000000,0,0,0,0,755729901558708
1636,1141729339,1000,1712,1712,2.6261752,-0.00338,-1,-1,-1,0,0,0,136,1,1,0,0.0000000,0.0000000,0.0000000,0,0,0,0,755729902398541
1637,1141730339,1000,1712,1712,2.6261752,-0.00324,-1,-1,-1,0,0,0,136,1,1,0,0.0000000,0.0000000,0.0000000,0,0,0,0,755729903481500
1638,1141731339,1000,1713,1713,2.6277092,0.05703,-1,-1,-1,0,0,0,136,1,1,0,0.0000000,0.0000000,0.0000000,0,0,0,0,755729904397000
1639,1141732339,1000,1712,1712,2.6261752,-0.00535,-1,-1,-1,0,0,0,136,1,1,0,0.0000000,0.0000000,0.0000000,0,0,0,0,755729905506500
1640,1141733339,1000,1713,1713,2.6277092,0.05500,-1,-1,-1,0,0,0,136,1,1,0,0.0000000,0.0000000,0.0000000,0,0,0,0,755729906398333
1641,1141734339,1000,1713,1713,2.6277092,0.05285,-1,-1,-1,0,0,0,136,1,1,0,0.0000000,0.0000000,0.0000000,0,0,0,0,755729907403541
1642,1141735339,1000,1713,1713,2.6277092,0.05078,-1,-1,-1,0,0,0,136,1,1,0,0.0000000,0.0000000,0.0000000,0,0,0,0,755729908451125
1643,1141736339,1000,1713,1713,2.6277092,0.04878,-1,-1,-1,0,0,0,136,1,1,0,0.0000000,0.0000000,0.0000000,0,0,0,0,755729909401500
1644,1141737339,1000,1712,1712,2.6261752,-0.01328,-1,-1,-1,0,0,0,136,1,1,0,0.0000000,0.0000000,0.0000000,0,0,0,0,755729910388791
1645,1141738339,1000,1713,1713,2.6277092,0.04739,-1,-1,-1,0,0,0,136,1,1,0,0.0000000,0.0000000,0.0000000,0,0,0,0,755729911405916
1646,1141739339,1000,1713,1713,2.6277092,0.04553,-1,-1,-1,0,0,0,136,1,1,0,0.0000000,0.0000000,0.0000000,0,0,0,0,755729912382708
1647,1141740339,1000,1713,1713,2.6277092,0.04375,-1,-1,-1,0,0,0,136,1,1,0,0.0000000,0.0000000,0.0000000,0,0,0,0,755729913376375
1648,1141741339,1000,1712,1712,2.6261752,-0.01811,-1,-1,-1,0,0,0,136,1,1,0,0.0000000,0.0000000,0.0000000,0,0,0,0,755729914384125
1649,1141742339,1000,1713,1713,2.6277092,0.04274,-1,-1,-1,0,0,0,136,1,1,0,0.0000000,0.0000000,0.0000000,0,0,0,0,755729915374416
1650,1141743339,1000,1713,1713,2.6277092,0.04107,-1,-1,-1,0,0,0,136,1,1,0,0.0000000,0.0000000,0.0000000,0,0,0,0,755729916367791
1651,1141744339,1000,1713,1713,2.6277092,0.03946,-1,-1,-1,0,0,0,136,1,1,0,0.0000000,0.0000000,0.0000000,0,0,0,0,755729917393583
1652,1141745339,1000,1713,1713,2.6277092,0.03791,-1,-1,-1,0,0,0,136,1,1,0,0.0000000,0.0000000,0.0000000,0,0,0,0,755729918398416
1653,1141746339,1000,1713,1713,2.6277092,0.03642,-1,-1,-1,0,0,0,136,1,1,0,0.0000000,0.0000000,0.0000000,0,0,0,0,755729919377833
1654,1141747339,1000,1713,1713,2.6277092,0.03500,-1,-1,-1,0,0,0,135,1,1,0,0.0000000,0.0000000,0.0000000,0,0,0,0,755729920392875
1655,1141748339,1000,1713,1713,2.6277092,0.03362,-1,-1,-1,0,0,0,136,1,1,0,0.0000000,0.0000000,0.0000000,0,0,0,0,755729921430291
1656,1141749339,1000,1714,1714,2.6292431,0.09245,-1,-1,-1,0,0,0,136,1,1,0,0.0000000,0.0000000,0.0000000,0,0,0,0,755729922400083
1657,1141750339,1000,1713,1713,2.6277092,0.02868,-1,-1,-1,0,0,0,136,1,1,0,0.0000000,0.0000000,0.0000000,0,0,0,0,755729923382000
1658,1141751339,1000,1713,1713,2.6277092,0.02756,-1,-1,-1,0,0,0,136,1,1,0,0.0000000,0.0000000,0.0000000,0,0,0,0,755729924387500
1659,1141752339,1000,1714,1714,2.6292431,0.08662,39,128,1922,0,0,0,136,1,1,0,0.0000000,0.0000000,0.0000000,0,0,0,0,755729925833666
1660,1141753339,1000,1713,1713,2.6277092,0.02308,-1,-1,-1,0,0,0,136,1,1,0,0.0000000,0.0000000,0.0000000,0,0,0,0,755729926456166
1661,1141754339,1000,1713,1713,2.6277092,0.02217,-1,-1,-1,0,0,0,136,1,1,0,0.0000000,0.0000000,0.0000000,0,0,0,0,755729927380541
1662,1141755339,1000,1713,1713,2.6277092,0.02130,-1,-1,-1,0,0,0,136,1,1,0,0.0000000,0.0000000,0.0000000,0,0,0,0,755729928412208
1663,1141756339,1000,1713,1713,2.6277092,0.02047,-1,-1,-1,0,0,0,136,1,1,0,0.0000000,0.0000000,0.0000000,0,0,0,0,755729929382625
1664,1141757339,1000,1714,1714,2.6292431,0.07981,-1,-1,-1,0,0,0,136,1,1,0,0.0000000,0.0000000,0.0000000,0,0,0,0,755729930593250
1665,1141758339,1000,1713,1713,2.6277092,0.01654,-1,-1,-1,0,0,0,136,1,1,0,0.0000000,0.0000000,0.0000000,0,0,0,0,755729931585750
1666,1141759339,1000,1713,1713,2.6277092,0.01589,-1,-1,-1,0,0,0,136,1,1,0,0.0000000,0.0000000,0.0000000,0,0,0,0,755729932582125
1667,1141760339,1000,1713,1713,2.6277092,0.01527,-1,-1,-1,0,0,0,136,1,1,0,0.0000000,0.0000000,0.0000000,0,0,0,0,755729933405583
1668,1141761339,1000,1714,1714,2.6292431,0.07481,-1,-1,-1,0,0,0,136,1,1,0,0.0000000,0.0000000,0.0000000,0,0,0,0,755729934393500
1669,1141762339,1000,1714,1714,2.6292431,0.07188,-1,-1,-1,0,0,0,136,1,1,0,0.0000000,0.0000000,0.0000000,0,0,0,0,755729935408166
1670,1141763339,1000,1713,1713,2.6277092,0.00891,-1,-1,-1,0,0,0,136,1,1,0,0.0000000,0.0000000,0.0000000,0,0,0,0,755729936436708
1671,1141764339,1000,1713,1713,2.6277092,0.00856,-1,-1,-1,0,0,0,136,1,1,0,0.0000000,0.0000000,0.0000000,0,0,0,0,755729937417500
1672,1141765339,1000,1714,1714,2.6292431,0.06838,-1,-1,-1,0,0,0,136,1,1,0,0.0000000,0.0000000,0.0000000,0,0,0,0,755729938370541
1673,1141766339,1000,1714,1714,2.6292431,0.06570,-1,-1,-1,0,0,0,136,1,1,0,0.0000000,0.0000000,0.0000000,0,0,0,0,755729939393125
1674,1141767339,1000,1713,1713,2.6277092,0.00297,-1,-1,-1,0,0,0,136,1,1,0,0.0000000,0.0000000,0.0000000,0,0,0,0,755729940363875
1675,1141768339,1000,1714,1714,2.6292431,0.06300,-1,-1,-1,0,0,0,136,1,1,0,0.0000000,0.0000000,0.0000000,0,0,0,0,755729941399250
1676,1141769339,1000,1714,1714,2.6292431,0.06053,-1,-1,-1,0,0,0,136,1,1,0,0.0000000,0.0000000,0.0000000,0,0,0,0,755729942395666
1677,1141770339,1000,1714,1714,2.6292431,0.05816,-1,-1,-1,0,0,0,136,1,1,0,0.0000000,0.0000000,0.0000000,0,0,0,0,755729943370750
1678,1141771339,1000,1714,1714,2.6292431,0.05588,-1,-1,-1,0,0,0,136,1,1,0,0.0000000,0.0000000,0.0000000,0,0,0,0,755729944379625
1679,1141772339,1000,1714,1714,2.6292431,0.05369,-1,-1,-1,0,0,0,136,1,1,0,0.0000000,0.0000000,0.0000000,0,0,0,0,755729945367375
1680,1141773339,1000,1714,1714,2.6292431,0.05158,-1,-1,-1,0,0,0,136,1,1,0,0.0000000,0.0000000,0.0000000,0,0,0,0,755729946357500
1681,1141774339,1000,1714,1714,2.6292431,0.04956,-1,-1,-1,0,0,0,136,1,1,0,0.0000000,0.0000000,0.0000000,0,0,0,0,755729947365250
1682,1141775339,1000,1714,1714,2.6292431,0.04762,-1,-1,-1,0,0,0,136,1,1,0,0.0000000,0.0000000,0.0000000,0,0,0,0,755729948389750
1683,1141776339,1000,1714,1714,2.6292431,0.04575,-1,-1,-1,0,0,0,136,1,1,0,0.0000000,0.0000000,0.0000000,0,0,0,0,755729949373458
1684,1141777339,1000,1714,1714,2.6292431,0.04396,-1,-1,-1,0,0,0,136,1,1,0,0.0000000,0.0000000,0.0000000,0,0,0,0,755729950393666
1685,1141778339,1000,1714,1714,2.6292431,0.04223,-1,-1,-1,0,0,0,136,1,1,0,0.0000000,0.0000000,0.0000000,0,0,0,0,755729951379875
1686,1141779339,1000,1714,1714,2.6292431,0.04058,-1,-1,-1,0,0,0,136,1,1,0,0.0000000,0.0000000,0.0000000,0,0,0,0,755729952428250
1687,1141780339,1000,1714,1714,2.6292431,0.03899,-1,-1,-1,0,0,0,136,1,1,0,0.0000000,0.0000000,0.0000000,0,0,0,0,755729953393416
1688,1141781339,1000,1714,1714,2.6292431,0.03746,-1,-1,-1,0,0,0,136,1,1,0,0.0000000,0.0000000,0.0000000,0,0,0,0,755729954386375
1689,1141782339,1000,1713,1713,2.6277092,-0.02416,-1,-1,-1,0,0,0,136,1,1,0,0.0000000,0.0000000,0.0000000,0,0,0,0,755729955390666
1690,1141783339,1000,1714,1714,2.6292431,0.03694,-1,-1,-1,0,0,0,136,1,1,0,0.0000000,0.0000000,0.0000000,0,0,0,0,755729956386166
1691,1141784339,1000,1714,1714,2.6292431,0.03549,-1,-1,-1,0,0,0,136,1,1,0,0.0000000,0.0000000,0.0000000,0,0,0,0,755729957387125
1692,1141785339,1000,1714,1714,2.6292431,0.03410,-1,-1,-1,0,0,0,136,1,1,0,0.0000000,0.0000000,0.0000000,0,0,0,0,755729958467500
1693,1141786339,1000,1714,1714,2.6292431,0.03276,-1,-1,-1,0,0,0,136,1,1,0,0.0000000,0.0000000,0.0000000,0,0,0,0,755729959417041
1694,1141787339,1000,1714,1714,2.6292431,0.03147,-1,-1,-1,0,0,0,136,1,1,0,0.0000000,0.0000000,0.0000000,0,0,0,0,755729960390083
1695,1141788339,1000,1713,1713,2.6277092,-0.02991,-1,-1,-1,0,0,0,136,1,1,0,0.0000000,0.0000000,0.0000000,0,0,0,0,755729961382083
1696,1141789339,1000,1714,1714,2.6292431,0.03141,-1,-1,-1,0,0,0,136,1,1,0,0.0000000,0.0000000,0.0000000,0,0,0,0,755729962371166
1697,1141790339,1000,1714,1714,2.6292431,0.03018,-1,-1,-1,0,0,0,136,1,1,0,0.0000000,0.0000000,0.0000000,0,0,0,0,755729963369958
1698,1141791339,1000,1713,1713,2.6277092,-0.03115,-1,-1,-1,0,0,0,136,1,1,0,0.0000000,0.0000000,0.0000000,0,0,0,0,755729964385958
1699,1141792339,1000,1714,1714,2.6292431,0.03022,-1,-1,-1,0,0,0,136,1,1,0,0.0000000,0.0000000,0.0000000,0,0,0,0,755729965370000
1700,1141793339,1000,1713,1713,2.6277092,-0.03111,-1,-1,-1,0,0,0,136,1,1,0,0.0000000,0.0000000,0.0000000,0,0,0,0,755729966373916
1701,1141794339,1000,1713,1713,2.6277092,-0.02989,-1,-1,-1,0,0,0,136,1,1,0,0.0000000,0.0000000,0.0000000,0,0,0,0,755729967421958
1702,1141795339,1000,1714,1714,2.6292431,0.03143,-1,-1,-1,0,0,0,136,1,1,0,0.0000000,0.0000000,0.0000000,0,0,0,0,755729968481000
1703,1141796339,1000,1713,1713,2.6277092,-0.02995,-1,-1,-1,0,0,0,136,1,1,0,0.0000000,0.0000000,0.0000000,0,0,0,0,755729969440125
1704,1141797339,1000,1713,1713,2.6277092,-0.02878,-1,-1,-1,0,0,0,136,1,1,0,0.0000000,0.0000000,0.0000000,0,0,0,0,755729970450500
1705,1141798339,1000,1713,1713,2.6277092,-0.02765,-1,-1,-1,0,0,0,136,1,1,0,0.0000000,0.0000000,0.0000000,0,0,0,0,755729971403208
1706,1141799339,1000,1713,1713,2.6277092,-0.02657,-1,-1,-1,0,0,0,136,1,1,0,0.0000000,0.0000000,0.0000000,0,0,0,0,755729972404583
1707,1141800339,1000,1713,1713,2.6277092,-0.02553,-1,-1,-1,0,0,0,136,1,1,0,0.0000000,0.0000000,0.0000000,0,0,0,0,755729973497458
1708,1141801339,1000,1713,1713,2.6277092,-0.02452,-1,-1,-1,0,0,0,136,1,1,0,0.0000000,0.0000000,0.0000000,0,0,0,0,755729974432125
1709,1141802339,1000,1713,1713,2.6277092,-0.02356,39,128,1925,0,0,0,136,1,1,0,0.0000000,0.0000000,0.0000000,0,0,0,0,755729975796333
1710,1141803339,1000,1712,1712,2.6261752,-0.08279,-1,-1,-1,0,0,0,136,1,1,0,0.0000000,0.0000000,0.0000000,0,0,0,0,755729976442166
1711,1141804339,1000,1713,1713,2.6277092,-0.01939,-1,-1,-1,0,0,0,136,1,1,0,0.0000000,0.0000000,0.0000000,0,0,0,0,755729977483208
1712,1141805339,1000,1713,1713,2.6277092,-0.01863,-1,-1,-1,0,0,0,136,1,1,0,0.0000000,0.0000000,0.0000000,0,0,0,0,755729980627541
1713,1141806339,1000,1713,1713,2.6277092,-0.01790,-1,-1,-1,0,0,0,136,1,1,0,0.0000000,0.0000000,0.0000000,0,0,0,0,755729981315833
1714,1141807339,1000,1713,1713,2.6277092,-0.01720,-1,-1,-1,0,0,0,136,1,1,0,0.0000000,0.0000000,0.0000000,0,0,0,0,755729981999416
1715,1141808339,1000,1713,1713,2.6277092,-0.01653,-1,-1,-1,0,0,0,136,1,1,0,0.0000000,0.0000000,0.0000000,0,0,0,0,755729982636458
1716,1141809339,1000,1713,1713,2.6277092,-0.01588,-1,-1,-1,0,0,0,136,1,1,0,0.0000000,0.0000000,0.0000000,0,0,0,0,755729983433916
1717,1141810339,1000,1713,1713,2.6277092,-0.01525,-1,-1,-1,0,0,0,136,1,1,0,0.0000000,0.0000000,0.0000000,0,0,0,0,755729984038916
1718,1141811339,1000,1713,1713,2.6277092,-0.01466,-1,-1,-1,0,0,0,136,1,1,0,0.0000000,0.0000000,0.0000000,0,0,0,0,755729984574708
1719,1141812339,1000,1712,1712,2.6261752,-0.07423,-1,-1,-1,0,0,0,136,1,1,0,0.0000000,0.0000000,0.0000000,0,0,0,0,755729985284375
1720,1141813339,1000,1712,1712,2.6261752,-0.07132,-1,-1,-1,0,0,0,136,1,1,0,0.0000000,0.0000000,0.0000000,0,0,0,0,755729986312083
1721,1141814339,1000,1712,1712,2.6261752,-0.06852,-1,-1,-1,0,0,0,136,1,1,0,0.0000000,0.0000000,0.0000000,0,0,0,0,755729987364875
1722,1141815339,1000,1712,1712,2.6261752,-0.06584,-1,-1,-1,0,0,0,136,1,1,0,0.0000000,0.0000000,0.0000000,0,0,0,0,755729988453375
1723,1141816339,1000,1713,1713,2.6277092,-0.00311,-1,-1,-1,0,0,0,136,1,1,0,0.0000000,0.0000000,0.0000000,0,0,0,0,755729989422833
1724,1141817339,1000,1713,1713,2.6277092,-0.00298,-1,-1,-1,0,0,0,136,1,1,0,0.0000000,0.0000000,0.0000000,0,0,0,0,755729990342875
1725,1141818339,1000,1712,1712,2.6261752,-0.06302,-1,-1,-1,0,0,0,136,1,1,0,0.0000000,0.0000000,0.0000000,0,0,0,0,755729991338791
1726,1141819339,1000,1712,1712,2.6261752,-0.06055,-1,-1,-1,0,0,0,136,1,1,0,0.0000000,0.0000000,0.0000000,0,0,0,0,755729992332791
1727,1141820339,1000,1712,1712,2.6261752,-0.05817,-1,-1,-1,0,0,0,136,1,1,0,0.0000000,0.0000000,0.0000000,0,0,0,0,755729993386083
1728,1141821339,1000,1712,1712,2.6261752,-0.05589,-1,-1,-1,0,0,0,136,1,1,0,0.0000000,0.0000000,0.0000000,0,0,0,0,755729994362708
1729,1141822339,1000,1712,1712,2.6261752,-0.05370,-1,-1,-1,0,0,0,136,1,1,0,0.0000000,0.0000000,0.0000000,0,0,0,0,755729995285750
1730,1141823339,1000,1712,1712,2.6261752,-0.05159,-1,-1,-1,0,0,0,136,1,1,0,0.0000000,0.0000000,0.0000000,0,0,0,0,755729996300291
1731,1141824339,1000,1712,1712,2.6261752,-0.04957,-1,-1,-1,0,0,0,136,1,1,0,0.0000000,0.0000000,0.0000000,0,0,0,0,755729997385458
1732,1141825339,1000,1712,1712,2.6261752,-0.04763,-1,-1,-1,0,0,0,136,1,1,0,0.0000000,0.0000000,0.0000000,0,0,0,0,755729998392750
1733,1141826339,1000,1712,1712,2.6261752,-0.04576,-1,-1,-1,0,0,0,136,1,1,0,0.0000000,0.0000000,0.0000000,0,0,0,0,755729999329416
1734,1141827339,1000,1712,1712,2.6261752,-0.04396,-1,-1,-1,0,0,0,136,1,1,0,0.0000000,0.0000000,0.0000000,0,0,0,0,755730000319083
1735,1141828339,1000,1712,1712,2.6261752,-0.04224,-1,-1,-1,0,0,0,136,1,1,0,0.0000000,0.0000000,0.0000000,0,0,0,0,755730001313416
1736,1141829339,1000,1712,1712,2.6261752,-0.04058,-1,-1,-1,0,0,0,136,1,1,0,0.0000000,0.0000000,0.0000000,0,0,0,0,755730002358625
1737,1141830339,1000,1712,1712,2.6261752,-0.03899,-1,-1,-1,0,0,0,136,1,1,0,0.0000000,0.0000000,0.0000000,0,0,0,0,755730003347916
1738,1141831339,1000,1712,1712,2.6261752,-0.03746,-1,-1,-1,0,0,0,136,1,1,0,0.0000000,0.0000000,0.0000000,0,0,0,0,755730004329833
1739,1141832339,1000,1712,1712,2.6261752,-0.03600,-1,-1,-1,0,0,0,136,1,1,0,0.0000000,0.0000000,0.0000000,0,0,0,0,755730005321958
1740,1141833339,1000,1712,1712,2.6261752,-0.03458,-1,-1,-1,0,0,0,136,1,1,0,0.0000000,0.0000000,0.0000000,0,0,0,0,755730006358500
1741,1141834339,1000,1711,1711,2.6246412,-0.09338,-1,-1,-1,0,0,0,136,1,1,0,0.0000000,0.0000000,0.0000000,0,0,0,0,755730007332000
1742,1141835339,1000,1711,1711,2.6246412,-0.08971,-1,-1,-1,0,0,0,136,1,1,0,0.0000000,0.0000000,0.0000000,0,0,0,0,755730008342416
1743,1141836339,1000,1711,1711,2.6246412,-0.08620,-1,-1,-1,0,0,0,136,1,1,0,0.0000000,0.0000000,0.0000000,0,0,0,0,755730009329333
1744,1141837339,1000,1712,1712,2.6261752,-0.02267,-1,-1,-1,0,0,0,136,1,1,0,0.0000000,0.0000000,0.0000000,0,0,0,0,755730010346416
1745,1141838339,1000,1712,1712,2.6261752,-0.02178,-1,-1,-1,0,0,0,136,1,1,0,0.0000000,0.0000000,0.0000000,0,0,0,0,755730011336416
1746,1141839339,1000,1711,1711,2.6246412,-0.08107,-1,-1,-1,0,0,0,136,1,1,0,0.0000000,0.0000000,0.0000000,0,0,0,0,755730012321833
1747,1141840339,1000,1711,1711,2.6246412,-0.07790,-1,-1,-1,0,0,0,136,1,1,0,0.0000000,0.0000000,0.0000000,0,0,0,0,755730013346500
1748,1141841339,1000,1711,1711,2.6246412,-0.07484,-1,-1,-1,0,0,0,136,1,1,0,0.0000000,0.0000000,0.0000000,0,0,0,0,755730014412625
1749,1141842339,1000,1711,1711,2.6246412,-0.07191,-1,-1,-1,0,0,0,136,1,1,0,0.0000000,0.0000000,0.0000000,0,0,0,0,755730015370083
1750,1141843339,1000,1711,1711,2.6246412,-0.06909,-1,-1,-1,0,0,0,136,1,1,0,0.0000000,0.0000000,0.0000000,0,0,0,0,755730016369500
1751,1141844339,1000,1712,1712,2.6261752,-0.00623,-1,-1,-1,0,0,0,136,1,1,0,0.0000000,0.0000000,0.0000000,0,0,0,0,755730017339375
1752,1141845339,1000,1711,1711,2.6246412,-0.06613,-1,-1,-1,0,0,0,135,1,1,0,0.0000000,0.0000000,0.0000000,0,0,0,0,755730018338041
1753,1141846339,1000,1710,1710,2.6231072,-0.12369,-1,-1,-1,0,0,0,136,1,1,0,0.0000000,0.0000000,0.0000000,0,0,0,0,755730019327000
1754,1141847339,1000,1711,1711,2.6246412,-0.05869,-1,-1,-1,0,0,0,136,1,1,0,0.0000000,0.0000000,0.0000000,0,0,0,0,755730020331958
1755,1141848339,1000,1710,1710,2.6231072,-0.11654,-1,-1,-1,0,0,0,136,1,1,0,0.0000000,0.0000000,0.0000000,0,0,0,0,755730021319083
1756,1141849339,1000,1710,1710,2.6231072,-0.11197,-1,-1,-1,0,0,0,136,1,1,0,0.0000000,0.0000000,0.0000000,0,0,0,0,755730022319125
1757,1141850339,1000,1710,1710,2.6231072,-0.10758,-1,-1,-1,0,0,0,136,1,1,0,0.0000000,0.0000000,0.0000000,0,0,0,0,755730023328208
1758,1141851339,1000,1711,1711,2.6246412,-0.04321,-1,-1,-1,0,0,0,136,1,1,0,0.0000000,0.0000000,0.0000000,0,0,0,0,755730024316708
1759,1141852339,1000,1710,1710,2.6231072,-0.10167,39,128,1910,0,0,0,136,1,1,0,0.0000000,0.0000000,0.0000000,0,0,0,0,755730025862750
1760,1141853339,1000,1710,1710,2.6231072,-0.09768,-1,-1,-1,0,0,0,136,1,1,0,0.0000000,0.0000000,0.0000000,0,0,0,0,755730026504208
1761,1141854339,1000,1710,1710,2.6231072,-0.09385,-1,-1,-1,0,0,0,136,1,1,0,0.0000000,0.0000000,0.0000000,0,0,0,0,755730027433875
1762,1141855339,1000,1710,1710,2.6231072,-0.09017,-1,-1,-1,0,0,0,136,1,1,0,0.0000000,0.0000000,0.0000000,0,0,0,0,755730028408291
1763,1141856339,1000,1710,1710,2.6231072,-0.08663,-1,-1,-1,0,0,0,136,1,1,0,0.0000000,0.0000000,0.0000000,0,0,0,0,755730029395083
1764,1141857339,1000,1710,1710,2.6231072,-0.08324,-1,-1,-1,0,0,0,136,1,1,0,0.0000000,0.0000000,0.0000000,0,0,0,0,755730030444458
1765,1141858339,1000,1710,1710,2.6231072,-0.07997,-1,-1,-1,0,0,0,136,1,1,0,0.0000000,0.0000000,0.0000000,0,0,0,0,755730031425041
1766,1141859339,1000,1710,1710,2.6231072,-0.07684,-1,-1,-1,0,0,0,136,1,1,0,0.0000000,0.0000000,0.0000000,0,0,0,0,755730032395625
1767,1141860339,1000,1709,1709,2.6215732,-0.13397,-1,-1,-1,0,0,0,136,1,1,0,0.0000000,0.0000000,0.0000000,0,0,0,0,755730033426625
1768,1141861339,1000,1710,1710,2.6231072,-0.06857,-1,-1,-1,0,0,0,136,1,1,0,0.0000000,0.0000000,0.0000000,0,0,0,0,755730034377125
1769,1141862339,1000,1710,1710,2.6231072,-0.06588,-1,-1,-1,0,0,0,136,1,1,0,0.0000000,0.0000000,0.0000000,0,0,0,0,755730035380833
1770,1141863339,1000,1710,1710,2.6231072,-0.06330,-1,-1,-1,0,0,0,136,1,1,0,0.0000000,0.0000000,0.0000000,0,0,0,0,755730036376291
1771,1141864339,1000,1709,1709,2.6215732,-0.12097,-1,-1,-1,0,0,0,136,1,1,0,0.0000000,0.0000000,0.0000000,0,0,0,0,755730037410500
1772,1141865339,1000,1710,1710,2.6231072,-0.05607,-1,-1,-1,0,0,0,136,1,1,0,0.0000000,0.0000000,0.0000000,0,0,0,0,755730038379916
1773,1141866339,1000,1710,1710,2.6231072,-0.05388,-1,-1,-1,0,0,0,136,1,1,0,0.0000000,0.0000000,0.0000000,0,0,0,0,755730039378041
1774,1141867339,1000,1709,1709,2.6215732,-0.11191,-1,-1,-1,0,0,0,136,1,1,0,0.0000000,0.0000000,0.0000000,0,0,0,0,755730040375500
1775,1141868339,1000,1709,1709,2.6215732,-0.10752,-1,-1,-1,0,0,0,136,1,1,0,0.0000000,0.0000000,0.0000000,0,0,0,0,755730041421083
1776,1141869339,1000,1710,1710,2.6231072,-0.04316,-1,-1,-1,0,0,0,136,1,1,0,0.0000000,0.0000000,0.0000000,0,0,0,0,755730042388916
1777,1141870339,1000,1709,1709,2.6215732,-0.10161,-1,-1,-1,0,0,0,136,1,1,0,0.0000000,0.0000000,0.0000000,0,0,0,0,755730043380458
1778,1141871339,1000,1709,1709,2.6215732,-0.09763,-1,-1,-1,0,0,0,136,1,1,0,0.0000000,0.0000000,0.0000000,0,0,0,0,755730044419291
1779,1141872339,1000,1709,1709,2.6215732,-0.09380,-1,-1,-1,0,0,0,136,1,1,0,0.0000000,0.0000000,0.0000000,0,0,0,0,755730045602875
1780,1141873339,1000,1709,1709,2.6215732,-0.09012,-1,-1,-1,0,0,0,136,1,1,0,0.0000000,0.0000000,0.0000000,0,0,0,0,755730046539250
1781,1141874339,1000,1709,1709,2.6215732,-0.08659,-1,-1,-1,0,0,0,136,1,1,0,0.0000000,0.0000000,0.0000000,0,0,0,0,755730047382458
1782,1141875339,1000,1709,1709,2.6215732,-0.08319,-1,-1,-1,0,0,0,136,1,1,0,0.0000000,0.0000000,0.0000000,0,0,0,0,755730048373416
1783,1141876339,1000,1709,1709,2.6215732,-0.07993,-1,-1,-1,0,0,0,136,1,1,0,0.0000000,0.0000000,0.0000000,0,0,0,0,755730049388875
1784,1141877339,1000,1709,1709,2.6215732,-0.07680,-1,-1,-1,0,0,0,136,1,1,0,0.0000000,0.0000000,0.0000000,0,0,0,0,755730050507875
1785,1141878339,1000,1709,1709,2.6215732,-0.07379,-1,-1,-1,0,0,0,136,1,1,0,0.0000000,0.0000000,0.0000000,0,0,0,0,755730051429541
1786,1141879339,1000,1709,1709,2.6215732,-0.07089,-1,-1,-1,0,0,0,136,1,1,0,0.0000000,0.0000000,0.0000000,0,0,0,0,755730052403666
1787,1141880339,1000,1709,1709,2.6215732,-0.06811,-1,-1,-1,0,0,0,136,1,1,0,0.0000000,0.0000000,0.0000000,0,0,0,0,755730053385541
1788,1141881339,1000,1709,1709,2.6215732,-0.06544,-1,-1,-1,0,0,0,136,1,1,0,0.0000000,0.0000000,0.0000000,0,0,0,0,755730054462833
1789,1141882339,1000,1709,1709,2.6215732,-0.06288,-1,-1,-1,0,0,0,136,1,1,0,0.0000000,0.0000000,0.0000000,0,0,0,0,755730055380791
1790,1141883339,1000,1709,1709,2.6215732,-0.06041,-1,-1,-1,0,0,0,136,1,1,0,0.0000000,0.0000000,0.0000000,0,0,0,0,755730056383708
1791,1141884339,1000,1709,1709,2.6215732,-0.05804,-1,-1,-1,0,0,0,136,1,1,0,0.0000000,0.0000000,0.0000000,0,0,0,0,755730057383458
1792,1141885339,1000,1709,1709,2.6215732,-0.05577,-1,-1,-1,0,0,0,136,1,1,0,0.0000000,0.0000000,0.0000000,0,0,0,0,755730058391875
1793,1141886339,1000,1709,1709,2.6215732,-0.05358,-1,-1,-1,0,0,0,136,1,1,0,0.0000000,0.0000000,0.0000000,0,0,0,0,755730059379208
1794,1141887339,1000,1709,1709,2.6215732,-0.05148,-1,-1,-1,0,0,0,136,1,1,0,0.0000000,0.0000000,0.0000000,0,0,0,0,755730060378625
1795,1141888339,1000,1709,1709,2.6215732,-0.04946,-1,-1,-1,0,0,0,136,1,1,0,0.0000000,0.0000000,0.0000000,0,0,0,0,755730061403458
1796,1141889339,1000,1709,1709,2.6215732,-0.04752,-1,-1,-1,0,0,0,136,1,1,0,0.0000000,0.0000000,0.0000000,0,0,0,0,755730062404541
1797,1141890339,1000,1709,1709,2.6215732,-0.04566,-1,-1,-1,0,0,0,136,1,1,0,0.0000000,0.0000000,0.0000000,0,0,0,0,755730063388833
1798,1141891339,1000,1709,1709,2.6215732,-0.04387,-1,-1,-1,0,0,0,136,1,1,0,0.0000000,0.0000000,0.0000000,0,0,0,0,755730064404208
1799,1141892339,1000,1709,1709,2.6215732,-0.04215,-1,-1,-1,0,0,0,136,1,1,0,0.0000000,0.0000000,0.0000000,0,0,0,0,755730065783916
1800,1141893339,1000,1709,1709,2.6215732,-0.04050,-1,-1,-1,0,0,0,136,1,1,0,0.0000000,0.0000000,0.0000000,0,0,0,0,755730066546541
1801,1141894339,1000,1709,1709,2.6215732,-0.03891,-1,-1,-1,0,0,0,136,1,1,0,0.0000000,0.0000000,0.0000000,0,0,0,0,755730067538750
1802,1141895339,1000,1709,1709,2.6215732,-0.03738,-1,-1,-1,0,0,0,136,1,1,0,0.0000000,0.0000000,0.0000000,0,0,0,0,755730068421416
1803,1141896339,1000,1709,1709,2.6215732,-0.03592,-1,-1,-1,0,0,0,136,1,1,0,0.0000000,0.0000000,0.0000000,0,0,0,0,755730069396708
1804,1141897339,1000,1709,1709,2.6215732,-0.03451,-1,-1,-1,0,0,0,136,1,1,0,0.0000000,0.0000000,0.0000000,0,0,0,0,755730070387375
1805,1141898339,1000,1709,1709,2.6215732,-0.03315,-1,-1,-1,0,0,0,136,1,1,0,0.0000000,0.0000000,0.0000000,0,0,0,0,755730071387958
1806,1141899339,1000,1709,1709,2.6215732,-0.03185,-1,-1,-1,0,0,0,136,1,1,0,0.0000000,0.0000000,0.0000000,0,0,0,0,755730072360000
1807,1141900339,1000,1709,1709,2.6215732,-0.03061,-1,-1,-1,0,0,0,136,1,1,0,0.0000000,0.0000000,0.0000000,0,0,0,0,755730073374833
1808,1141901339,1000,1708,1708,2.6200392,-0.08955,-1,-1,-1,0,0,0,136,1,1,0,0.0000000,0.0000000,0.0000000,0,0,0,0,755730074377958
1809,1141902339,1000,1709,1709,2.6215732,-0.02589,39,128,1901,0,0,0,136,1,1,0,0.0000000,0.0000000,0.0000000,0,0,0,0,755730075757916
1810,1141903339,1000,1709,1709,2.6215732,-0.02488,-1,-1,-1,0,0,0,136,1,1,0,0.0000000,0.0000000,0.0000000,0,0,0,0,755730076398791
1811,1141904339,1000,1709,1709,2.6215732,-0.02390,-1,-1,-1,0,0,0,136,1,1,0,0.0000000,0.0000000,0.0000000,0,0,0,0,755730077466750
1812,1141905339,1000,1708,1708,2.6200392,-0.08311,-1,-1,-1,0,0,0,136,1,1,0,0.0000000,0.0000000,0.0000000,0,0,0,0,755730078404958
1813,1141906339,1000,1709,1709,2.6215732,-0.01971,-1,-1,-1,0,0,0,136,1,1,0,0.0000000,0.0000000,0.0000000,0,0,0,0,755730079410416
1814,1141907339,1000,1708,1708,2.6200392,-0.07908,-1,-1,-1,0,0,0,136,1,1,0,0.0000000,0.0000000,0.0000000,0,0,0,0,755730080386083
1815,1141908339,1000,1708,1708,2.6200392,-0.07598,-1,-1,-1,0,0,0,136,1,1,0,0.0000000,0.0000000,0.0000000,0,0,0,0,755730081383208
1816,1141909339,1000,1709,1709,2.6215732,-0.01285,-1,-1,-1,0,0,0,136,1,1,0,0.0000000,0.0000000,0.0000000,0,0,0,0,755730082386958
1817,1141910339,1000,1708,1708,2.6200392,-0.07250,-1,-1,-1,0,0,0,136,1,1,0,0.0000000,0.0000000,0.0000000,0,0,0,0,755730083379250
1818,1141911339,1000,1709,1709,2.6215732,-0.00951,-1,-1,-1,0,0,0,136,1,1,0,0.0000000,0.0000000,0.0000000,0,0,0,0,755730084384791
1819,1141912339,1000,1708,1708,2.6200392,-0.06928,-1,-1,-1,0,0,0,136,1,1,0,0.0000000,0.0000000,0.0000000,0,0,0,0,755730085386083
1820,1141913339,1000,1709,1709,2.6215732,-0.00642,-1,-1,-1,0,0,0,136,1,1,0,0.0000000,0.0000000,0.0000000,0,0,0,0,755730086383916
1821,1141914339,1000,1708,1708,2.6200392,-0.06631,-1,-1,-1,0,0,0,136,1,1,0,0.0000000,0.0000000,0.0000000,0,0,0,0,755730087402958
1822,1141915339,1000,1708,1708,2.6200392,-0.06371,-1,-1,-1,0,0,0,136,1,1,0,0.0000000,0.0000000,0.0000000,0,0,0,0,755730088436500
1823,1141916339,1000,1708,1708,2.6200392,-0.06122,-1,-1,-1,0,0,0,136,1,1,0,0.0000000,0.0000000,0.0000000,0,0,0,0,755730089505750
1824,1141917339,1000,1708,1708,2.6200392,-0.05882,-1,-1,-1,0,0,0,136,1,1,0,0.0000000,0.0000000,0.0000000,0,0,0,0,755730090498458
1825,1141918339,1000,1708,1708,2.6200392,-0.05651,-1,-1,-1,0,0,0,136,1,1,0,0.0000000,0.0000000,0.0000000,0,0,0,0,755730091491875
1826,1141919339,1000,1708,1708,2.6200392,-0.05429,-1,-1,-1,0,0,0,136,1,1,0,0.0000000,0.0000000,0.0000000,0,0,0,0,755730092575708
1827,1141920339,1000,1708,1708,2.6200392,-0.05216,-1,-1,-1,0,0,0,136,1,1,0,0.0000000,0.0000000,0.0000000,0,0,0,0,755730093639458
1828,1141921339,1000,1708,1708,2.6200392,-0.05012,-1,-1,-1,0,0,0,136,1,1,0,0.0000000,0.0000000,0.0000000,0,0,0,0,755730094775083
1829,1141922339,1000,1708,1708,2.6200392,-0.04815,-1,-1,-1,0,0,0,136,1,1,0,0.0000000,0.0000000,0.0000000,0,0,0,0,755730095611333
1830,1141923339,1000,1708,1708,2.6200392,-0.04627,-1,-1,-1,0,0,0,136,1,1,0,0.0000000,0.0000000,0.0000000,0,0,0,0,755730096453791
1831,1141924339,1000,1708,1708,2.6200392,-0.04445,-1,-1,-1,0,0,0,136,1,1,0,0.0000000,0.0000000,0.0000000,0,0,0,0,755730097468125
1832,1141925339,1000,1708,1708,2.6200392,-0.04271,-1,-1,-1,0,0,0,136,1,1,0,0.0000000,0.0000000,0.0000000,0,0,0,0,755730098390791
1833,1141926339,1000,1708,1708,2.6200392,-0.04103,-1,-1,-1,0,0,0,136,1,1,0,0.0000000,0.0000000,0.0000000,0,0,0,0,755730099465500
1834,1141927339,1000,1708,1708,2.6200392,-0.03943,-1,-1,-1,0,0,0,136,1,1,0,0.0000000,0.0000000,0.0000000,0,0,0,0,755730100413875
1835,1141928339,1000,1708,1708,2.6200392,-0.03788,-1,-1,-1,0,0,0,136,1,1,0,0.0000000,0.0000000,0.0000000,0,0,0,0,755730101397250
1836,1141929339,1000,1708,1708,2.6200392,-0.03639,-1,-1,-1,0,0,0,136,1,1,0,0.0000000,0.0000000,0.0000000,0,0,0,0,755730102378916
1837,1141930339,1000,1708,1708,2.6200392,-0.03497,-1,-1,-1,0,0,0,136,1,1,0,0.0000000,0.0000000,0.0000000,0,0,0,0,755730103375166
1838,1141931339,1000,1708,1708,2.6200392,-0.03360,-1,-1,-1,0,0,0,136,1,1,0,0.0000000,0.0000000,0.0000000,0,0,0,0,755730104410583
1839,1141932339,1000,1708,1708,2.6200392,-0.03228,-1,-1,-1,0,0,0,136,1,1,0,0.0000000,0.0000000,0.0000000,0,0,0,0,755730105638750
1840,1141933339,1000,1708,1708,2.6200392,-0.03101,-1,-1,-1,0,0,0,136,1,1,0,0.0000000,0.0000000,0.0000000,0,0,0,0,755730106507291
1841,1141934339,1000,1708,1708,2.6200392,-0.02980,-1,-1,-1,0,0,0,136,1,1,0,0.0000000,0.0000000,0.0000000,0,0,0,0,755730107455166
1842,1141935339,1000,1708,1708,2.6200392,-0.02863,-1,-1,-1,0,0,0,136,1,1,0,0.0000000,0.0000000,0.0000000,0,0,0,0,755730108402041
1843,1141936339,1000,1708,1708,2.6200392,-0.02751,-1,-1,-1,0,0,0,135,1,1,0,0.0000000,0.0000000,0.0000000,0,0,0,0,755730109423250
1844,1141937339,1000,1708,1708,2.6200392,-0.02643,-1,-1,-1,0,0,0,136,1,1,0,0.0000000,0.0000000,0.0000000,0,0,0,0,755730110376958
1845,1141938339,1000,1708,1708,2.6200392,-0.02539,-1,-1,-1,0,0,0,136,1,1,0,0.0000000,0.0000000,0.0000000,0,0,0,0,755730111368625
1846,1141939339,1000,1708,1708,2.6200392,-0.02440,-1,-1,-1,0,0,0,136,1,1,0,0.0000000,0.0000000,0.0000000,0,0,0,0,755730112370458
1847,1141940339,1000,1708,1708,2.6200392,-0.02344,-1,-1,-1,0,0,0,136,1,1,0,0.0000000,0.0000000,0.0000000,0,0,0,0,755730113391791
1848,1141941339,1000,1708,1708,2.6200392,-0.02252,-1,-1,-1,0,0,0,136,1,1,0,0.0000000,0.0000000,0.0000000,0,0,0,0,755730114390041
1849,1141942339,1000,1708,1708,2.6200392,-0.02164,-1,-1,-1,0,0,0,136,1,1,0,0.0000000,0.0000000,0.0000000,0,0,0,0,755730115371708
1850,1141943339,1000,1708,1708,2.6200392,-0.02079,-1,-1,-1,0,0,0,136,1,1,0,0.0000000,0.0000000,0.0000000,0,0,0,0,755730116372416
1851,1141944339,1000,1708,1708,2.6200392,-0.01997,-1,-1,-1,0,0,0,136,1,1,0,0.0000000,0.0000000,0.0000000,0,0,0,0,755730117370416
1852,1141945339,1000,1708,1708,2.6200392,-0.01919,-1,-1,-1,0,0,0,136,1,1,0,0.0000000,0.0000000,0.0000000,0,0,0,0,755730118374041
1853,1141946339,1000,1707,1707,2.6185052,-0.07859,-1,-1,-1,0,0,0,136,1,1,0,0.0000000,0.0000000,0.0000000,0,0,0,0,755730119359666
1854,1141947339,1000,1708,1708,2.6200392,-0.01536,-1,-1,-1,0,0,0,136,1,1,0,0.0000000,0.0000000,0.0000000,0,0,0,0,755730120366333
1855,1141948339,1000,1708,1708,2.6200392,-0.01475,-1,-1,-1,0,0,0,136,1,1,0,0.0000000,0.0000000,0.0000000,0,0,0,0,755730121356083
1856,1141949339,1000,1708,1708,2.6200392,-0.01418,-1,-1,-1,0,0,0,136,1,1,0,0.0000000,0.0000000,0.0000000,0,0,0,0,755730122365250
1857,1141950339,1000,1708,1708,2.6200392,-0.01362,-1,-1,-1,0,0,0,136,1,1,0,0.0000000,0.0000000,0.0000000,0,0,0,0,755730123419583
1858,1141951339,1000,1708,1708,2.6200392,-0.01309,-1,-1,-1,0,0,0,136,1,1,0,0.0000000,0.0000000,0.0000000,0,0,0,0,755730124399083
1859,1141952339,1000,1708,1708,2.6200392,-0.01257,39,128,1899,0,0,0,136,1,1,0,0.0000000,0.0000000,0.0000000,0,0,0,0,755730125758166
1860,1141953339,1000,1708,1708,2.6200392,-0.01208,-1,-1,-1,0,0,0,136,1,1,0,0.0000000,0.0000000,0.0000000,0,0,0,0,755730126385833
1861,1141954339,1000,1708,1708,2.6200392,-0.01161,-1,-1,-1,0,0,0,136,1,1,0,0.0000000,0.0000000,0.0000000,0,0,0,0,755730127361500
1862,1141955339,1000,1708,1708,2.6200392,-0.01115,-1,-1,-1,0,0,0,136,1,1,0,0.0000000,0.0000000,0.0000000,0,0,0,0,755730128635666
1863,1141956339,1000,1708,1708,2.6200392,-0.01071,-1,-1,-1,0,0,0,136,1,1,0,0.0000000,0.0000000,0.0000000,0,0,0,0,755730129648458
1864,1141957339,1000,1708,1708,2.6200392,-0.01029,-1,-1,-1,0,0,0,136,1,1,0,0.0000000,0.0000000,0.0000000,0,0,0,0,755730130611333
1865,1141958339,1000,1708,1708,2.6200392,-0.00989,-1,-1,-1,0,0,0,136,1,1,0,0.0000000,0.0000000,0.0000000,0,0,0,0,755730131367583
1866,1141959339,1000,1708,1708,2.6200392,-0.00950,-1,-1,-1,0,0,0,136,1,1,0,0.0000000,0.0000000,0.0000000,0,0,0,0,755730132366708
1867,1141960339,1000,1708,1708,2.6200392,-0.00913,-1,-1,-1,0,0,0,136,1,1,0,0.0000000,0.0000000,0.0000000,0,0,0,0,755730133381625
1868,1141961339,1000,1708,1708,2.6200392,-0.00877,-1,-1,-1,0,0,0,136,1,1,0,0.0000000,0.0000000,0.0000000,0,0,0,0,755730134368083
1869,1141962339,1000,1708,1708,2.6200392,-0.00843,-1,-1,-1,0,0,0,136,1,1,0,0.0000000,0.0000000,0.0000000,0,0,0,0,755730135377000
1870,1141963339,1000,1708,1708,2.6200392,-0.00810,-1,-1,-1,0,0,0,136,1,1,0,0.0000000,0.0000000,0.0000000,0,0,0,0,755730136378791
1871,1141964339,1000,1708,1708,2.6200392,-0.00778,-1,-1,-1,0,0,0,136,1,1,0,0.0000000,0.0000000,0.0000000,0,0,0,0,755730137376833
1872,1141965339,1000,1708,1708,2.6200392,-0.00747,-1,-1,-1,0,0,0,136,1,1,0,0.0000000,0.0000000,0.0000000,0,0,0,0,755730138358458
1873,1141966339,1000,1708,1708,2.6200392,-0.00718,-1,-1,-1,0,0,0,136,1,1,0,0.0000000,0.0000000,0.0000000,0,0,0,0,755730139371791
1874,1141967339,1000,1708,1708,2.6200392,-0.00690,-1,-1,-1,0,0,0,136,1,1,0,0.0000000,0.0000000,0.0000000,0,0,0,0,755730140395208
1875,1141968339,1000,1708,1708,2.6200392,-0.00663,-1,-1,-1,0,0,0,136,1,1,0,0.0000000,0.0000000,0.0000000,0,0,0,0,755730141393416
1876,1141969339,1000,1708,1708,2.6200392,-0.00637,-1,-1,-1,0,0,0,136,1,1,0,0.0000000,0.0000000,0.0000000,0,0,0,0,755730142379333
1877,1141970339,1000,1708,1708,2.6200392,-0.00612,-1,-1,-1,0,0,0,136,1,1,0,0.0000000,0.0000000,0.0000000,0,0,0,0,755730143373833
1878,1141971339,1000,1709,1709,2.6215732,0.05427,-1,-1,-1,0,0,0,136,1,1,0,0.0000000,0.0000000,0.0000000,0,0,0,0,755730144364625
1879,1141972339,1000,1709,1709,2.6215732,0.05214,-1,-1,-1,0,0,0,136,1,1,0,0.0000000,0.0000000,0.0000000,0,0,0,0,755730145364666
1880,1141973339,1000,1708,1708,2.6200392,-0.01005,-1,-1,-1,0,0,0,136,1,1,0,0.0000000,0.0000000,0.0000000,0,0,0,0,755730146365333
1881,1141974339,1000,1709,1709,2.6215732,0.05049,-1,-1,-1,0,0,0,136,1,1,0,0.0000000,0.0000000,0.0000000,0,0,0,0,755730147384083
1882,1141975339,1000,1709,1709,2.6215732,0.04851,-1,-1,-1,0,0,0,136,1,1,0,0.0000000,0.0000000,0.0000000,0,0,0,0,755730148366500
1883,1141976339,1000,1709,1709,2.6215732,0.04661,-1,-1,-1,0,0,0,136,1,1,0,0.0000000,0.0000000,0.0000000,0,0,0,0,755730149362375
1884,1141977339,1000,1709,1709,2.6215732,0.04478,-1,-1,-1,0,0,0,136,1,1,0,0.0000000,0.0000000,0.0000000,0,0,0,0,755730150374500
1885,1141978339,1000,1709,1709,2.6215732,0.04302,-1,-1,-1,0,0,0,136,1,1,0,0.0000000,0.0000000,0.0000000,0,0,0,0,755730151383958
1886,1141979339,1000,1709,1709,2.6215732,0.04134,-1,-1,-1,0,0,0,136,1,1,0,0.0000000,0.0000000,0.0000000,0,0,0,0,755730152363208
1887,1141980339,1000,1709,1709,2.6215732,0.03972,-1,-1,-1,0,0,0,136,1,1,0,0.0000000,0.0000000,0.0000000,0,0,0,0,755730153362291
1888,1141981339,1000,1709,1709,2.6215732,0.03816,-1,-1,-1,0,0,0,136,1,1,0,0.0000000,0.0000000,0.0000000,0,0,0,0,755730154366708
1889,1141982339,1000,1709,1709,2.6215732,0.03666,-1,-1,-1,0,0,0,136,1,1,0,0.0000000,0.0000000,0.0000000,0,0,0,0,755730155373416
1890,1141983339,1000,1709,1709,2.6215732,0.03523,-1,-1,-1,0,0,0,136,1,1,0,0.0000000,0.0000000,0.0000000,0,0,0,0,755730156400291
1891,1141984339,1000,1709,1709,2.6215732,0.03384,-1,-1,-1,0,0,0,136,1,1,0,0.0000000,0.0000000,0.0000000,0,0,0,0,755730157368583
1892,1141985339,1000,1709,1709,2.6215732,0.03252,-1,-1,-1,0,0,0,136,1,1,0,0.0000000,0.0000000,0.0000000,0,0,0,0,755730158364000
1893,1141986339,1000,1709,1709,2.6215732,0.03124,-1,-1,-1,0,0,0,136,1,1,0,0.0000000,0.0000000,0.0000000,0,0,0,0,755730159414541
1894,1141987339,1000,1709,1709,2.6215732,0.03002,-1,-1,-1,0,0,0,136,1,1,0,0.0000000,0.0000000,0.0000000,0,0,0,0,755730160414875
1895,1141988339,1000,1709,1709,2.6215732,0.02884,-1,-1,-1,0,0,0,136,1,1,0,0.0000000,0.0000000,0.0000000,0,0,0,0,755730161381625
1896,1141989339,1000,1710,1710,2.6231072,0.08786,-1,-1,-1,0,0,0,136,1,1,0,0.0000000,0.0000000,0.0000000,0,0,0,0,755730162389875
1897,1141990339,1000,1709,1709,2.6215732,0.02426,-1,-1,-1,0,0,0,136,1,1,0,0.0000000,0.0000000,0.0000000,0,0,0,0,755730163376083
1898,1141991339,1000,1709,1709,2.6215732,0.02331,-1,-1,-1,0,0,0,136,1,1,0,0.0000000,0.0000000,0.0000000,0,0,0,0,755730164671666
1899,1141992339,1000,1710,1710,2.6231072,0.08255,-1,-1,-1,0,0,0,136,1,1,0,0.0000000,0.0000000,0.0000000,0,0,0,0,755730165638500
1900,1141993339,1000,1710,1710,2.6231072,0.07931,-1,-1,-1,0,0,0,136,1,1,0,0.0000000,0.0000000,0.0000000,0,0,0,0,755730166502916
1901,1141994339,1000,1709,1709,2.6215732,0.01605,-1,-1,-1,0,0,0,136,1,1,0,0.0000000,0.0000000,0.0000000,0,0,0,0,755730167392041
1902,1141995339,1000,1710,1710,2.6231072,0.07557,-1,-1,-1,0,0,0,136,1,1,0,0.0000000,0.0000000,0.0000000,0,0,0,0,755730168361750
1903,1141996339,1000,1710,1710,2.6231072,0.07261,-1,-1,-1,0,0,0,136,1,1,0,0.0000000,0.0000000,0.0000000,0,0,0,0,755730169372583
1904,1141997339,1000,1710,1710,2.6231072,0.06976,-1,-1,-1,0,0,0,136,1,1,0,0.0000000,0.0000000,0.0000000,0,0,0,0,755730170429833
1905,1141998339,1000,1710,1710,2.6231072,0.06703,-1,-1,-1,0,0,0,136,1,1,0,0.0000000,0.0000000,0.0000000,0,0,0,0,755730171413791
1906,1141999339,1000,1710,1710,2.6231072,0.06440,-1,-1,-1,0,0,0,136,1,1,0,0.0000000,0.0000000,0.0000000,0,0,0,0,755730172378708
1907,1142000339,1000,1710,1710,2.6231072,0.06187,-1,-1,-1,0,0,0,136,1,1,0,0.0000000,0.0000000,0.0000000,0,0,0,0,755730173408291
1908,1142001339,1000,1710,1710,2.6231072,0.05945,-1,-1,-1,0,0,0,136,1,1,0,0.0000000,0.0000000,0.0000000,0,0,0,0,755730174400125
1909,1142002339,1000,1711,1711,2.6246412,0.11726,39,128,1899,0,0,0,136,1,1,0,0.0000000,0.0000000,0.0000000,0,0,0,0,755730175832666
1910,1142003339,1000,1711,1711,2.6246412,0.11267,-1,-1,-1,0,0,0,136,1,1,0,0.0000000,0.0000000,0.0000000,0,0,0,0,755730176475333
1911,1142004339,1000,1710,1710,2.6231072,0.04810,-1,-1,-1,0,0,0,136,1,1,0,0.0000000,0.0000000,0.0000000,0,0,0,0,755730177388750
1912,1142005339,1000,1710,1710,2.6231072,0.04621,-1,-1,-1,0,0,0,136,1,1,0,0.0000000,0.0000000,0.0000000,0,0,0,0,755730178379333
1913,1142006339,1000,1710,1710,2.6231072,0.04440,-1,-1,-1,0,0,0,136,1,1,0,0.0000000,0.0000000,0.0000000,0,0,0,0,755730179408375
1914,1142007339,1000,1711,1711,2.6246412,0.10281,-1,-1,-1,0,0,0,136,1,1,0,0.0000000,0.0000000,0.0000000,0,0,0,0,755730180370458
1915,1142008339,1000,1711,1711,2.6246412,0.09878,-1,-1,-1,0,0,0,136,1,1,0,0.0000000,0.0000000,0.0000000,0,0,0,0,755730181367833
1916,1142009339,1000,1711,1711,2.6246412,0.09490,-1,-1,-1,0,0,0,136,1,1,0,0.0000000,0.0000000,0.0000000,0,0,0,0,755730182384166
1917,1142010339,1000,1711,1711,2.6246412,0.09118,-1,-1,-1,0,0,0,136,1,1,0,0.0000000,0.0000000,0.0000000,0,0,0,0,755730183372916
1918,1142011339,1000,1711,1711,2.6246412,0.08761,-1,-1,-1,0,0,0,136,1,1,0,0.0000000,0.0000000,0.0000000,0,0,0,0,755730184401291
1919,1142012339,1000,1711,1711,2.6246412,0.08417,-1,-1,-1,0,0,0,136,1,1,0,0.0000000,0.0000000,0.0000000,0,0,0,0,755730185439583
1920,1142013339,1000,1711,1711,2.6246412,0.08087,-1,-1,-1,0,0,0,136,1,1,0,0.0000000,0.0000000,0.0000000,0,0,0,0,755730186437958
1921,1142014339,1000,1711,1711,2.6246412,0.07770,-1,-1,-1,0,0,0,136,1,1,0,0.0000000,0.0000000,0.0000000,0,0,0,0,755730187407791
1922,1142015339,1000,1712,1712,2.6261752,0.13480,-1,-1,-1,0,0,0,136,1,1,0,0.0000000,0.0000000,0.0000000,0,0,0,0,755730188375166
1923,1142016339,1000,1711,1711,2.6246412,0.06937,-1,-1,-1,0,0,0,136,1,1,0,0.0000000,0.0000000,0.0000000,0,0,0,0,755730189429500
1924,1142017339,1000,1712,1712,2.6261752,0.12680,-1,-1,-1,0,0,0,136,1,1,0,0.0000000,0.0000000,0.0000000,0,0,0,0,755730190454833
1925,1142018339,1000,1711,1711,2.6246412,0.06168,-1,-1,-1,0,0,0,136,1,1,0,0.0000000,0.0000000,0.0000000,0,0,0,0,755730191440333
1926,1142019339,1000,1712,1712,2.6261752,0.11941,-1,-1,-1,0,0,0,136,1,1,0,0.0000000,0.0000000,0.0000000,0,0,0,0,755730192400250
1927,1142020339,1000,1711,1711,2.6246412,0.05458,-1,-1,-1,0,0,0,136,1,1,0,0.0000000,0.0000000,0.0000000,0,0,0,0,755730193394291
1928,1142021339,1000,1712,1712,2.6261752,0.11259,-1,-1,-1,0,0,0,136,1,1,0,0.0000000,0.0000000,0.0000000,0,0,0,0,755730194389041
1929,1142022339,1000,1712,1712,2.6261752,0.10817,-1,-1,-1,0,0,0,136,1,1,0,0.0000000,0.0000000,0.0000000,0,0,0,0,755730195621416
1930,1142023339,1000,1712,1712,2.6261752,0.10393,-1,-1,-1,0,0,0,136,1,1,0,0.0000000,0.0000000,0.0000000,0,0,0,0,755730196622375
1931,1142024339,1000,1711,1711,2.6246412,0.03971,-1,-1,-1,0,0,0,136,1,1,0,0.0000000,0.0000000,0.0000000,0,0,0,0,755730197617375
1932,1142025339,1000,1712,1712,2.6261752,0.09830,-1,-1,-1,0,0,0,136,1,1,0,0.0000000,0.0000000,0.0000000,0,0,0,0,755730198474791
1933,1142026339,1000,1712,1712,2.6261752,0.09444,-1,-1,-1,0,0,0,136,1,1,0,0.0000000,0.0000000,0.0000000,0,0,0,0,755730199399208
1934,1142027339,1000,1712,1712,2.6261752,0.09074,-1,-1,-1,0,0,0,135,1,1,0,0.0000000,0.0000000,0.0000000,0,0,0,0,755730200390125
1935,1142028339,1000,1711,1711,2.6246412,0.02703,-1,-1,-1,0,0,0,136,1,1,0,0.0000000,0.0000000,0.0000000,0,0,0,0,755730201447458
1936,1142029339,1000,1712,1712,2.6261752,0.08612,-1,-1,-1,0,0,0,136,1,1,0,0.0000000,0.0000000,0.0000000,0,0,0,0,755730202430666
1937,1142030339,1000,1712,1712,2.6261752,0.08274,-1,-1,-1,0,0,0,136,1,1,0,0.0000000,0.0000000,0.0000000,0,0,0,0,755730203417000
1938,1142031339,1000,1712,1712,2.6261752,0.07950,-1,-1,-1,0,0,0,136,1,1,0,0.0000000,0.0000000,0.0000000,0,0,0,0,755730204432375
1939,1142032339,1000,1712,1712,2.6261752,0.07638,-1,-1,-1,0,0,0,136,1,1,0,0.0000000,0.0000000,0.0000000,0,0,0,0,755730205412375
1940,1142033339,1000,1712,1712,2.6261752,0.07339,-1,-1,-1,0,0,0,136,1,1,0,0.0000000,0.0000000,0.0000000,0,0,0,0,755730206388458
1941,1142034339,1000,1712,1712,2.6261752,0.07051,-1,-1,-1,0,0,0,136,1,1,0,0.0000000,0.0000000,0.0000000,0,0,0,0,755730207378875
1942,1142035339,1000,1711,1711,2.6246412,0.00760,-1,-1,-1,0,0,0,136,1,1,0,0.0000000,0.0000000,0.0000000,0,0,0,0,755730208379208
1943,1142036339,1000,1712,1712,2.6261752,0.06745,-1,-1,-1,0,0,0,136,1,1,0,0.0000000,0.0000000,0.0000000,0,0,0,0,755730209374041
1944,1142037339,1000,1711,1711,2.6246412,0.00465,-1,-1,-1,0,0,0,136,1,1,0,0.0000000,0.0000000,0.0000000,0,0,0,0,755730210370833
1945,1142038339,1000,1711,1711,2.6246412,0.00447,-1,-1,-1,0,0,0,136,1,1,0,0.0000000,0.0000000,0.0000000,0,0,0,0,755730211371166
1946,1142039339,1000,1711,1711,2.6246412,0.00430,-1,-1,-1,0,0,0,136,1,1,0,0.0000000,0.0000000,0.0000000,0,0,0,0,755730212375041
1947,1142040339,1000,1712,1712,2.6261752,0.06428,-1,-1,-1,0,0,0,136,1,1,0,0.0000000,0.0000000,0.0000000,0,0,0,0,755730213374958
1948,1142041339,1000,1712,1712,2.6261752,0.06176,-1,-1,-1,0,0,0,135,1,1,0,0.0000000,0.0000000,0.0000000,0,0,0,0,755730214350083
1949,1142042339,1000,1712,1712,2.6261752,0.05933,-1,-1,-1,0,0,0,136,1,1,0,0.0000000,0.0000000,0.0000000,0,0,0,0,755730215379583
1950,1142043339,1000,1712,1712,2.6261752,0.05701,-1,-1,-1,0,0,0,136,1,1,0,0.0000000,0.0000000,0.0000000,0,0,0,0,755730216432625
1951,1142044339,1000,1712,1712,2.6261752,0.05477,-1,-1,-1,0,0,0,136,1,1,0,0.0000000,0.0000000,0.0000000,0,0,0,0,755730217400458
1952,1142045339,1000,1712,1712,2.6261752,0.05263,-1,-1,-1,0,0,0,136,1,1,0,0.0000000,0.0000000,0.0000000,0,0,0,0,755730218448250
1953,1142046339,1000,1712,1712,2.6261752,0.05056,-1,-1,-1,0,0,0,136,1,1,0,0.0000000,0.0000000,0.0000000,0,0,0,0,755730219431916
1954,1142047339,1000,1712,1712,2.6261752,0.04858,-1,-1,-1,0,0,0,136,1,1,0,0.0000000,0.0000000,0.0000000,0,0,0,0,755730220396416
1955,1142048339,1000,1712,1712,2.6261752,0.04667,-1,-1,-1,0,0,0,135,1,1,0,0.0000000,0.0000000,0.0000000,0,0,0,0,755730221375250
1956,1142049339,1000,1712,1712,2.6261752,0.04484,-1,-1,-1,0,0,0,136,1,1,0,0.0000000,0.0000000,0.0000000,0,0,0,0,755730222359083
1957,1142050339,1000,1711,1711,2.6246412,-0.01706,-1,-1,-1,0,0,0,136,1,1,0,0.0000000,0.0000000,0.0000000,0,0,0,0,755730223381666
1958,1142051339,1000,1712,1712,2.6261752,0.04376,-1,-1,-1,0,0,0,136,1,1,0,0.0000000,0.0000000,0.0000000,0,0,0,0,755730224369791
1959,1142052339,1000,1711,1711,2.6246412,-0.01811,39,128,1910,0,0,0,136,1,1,0,0.0000000,0.0000000,0.0000000,0,0,0,0,755730225750750
1960,1142053339,1000,1712,1712,2.6261752,0.04275,-1,-1,-1,0,0,0,136,1,1,0,0.0000000,0.0000000,0.0000000,0,0,0,0,755730226379958
1961,1142054339,1000,1711,1711,2.6246412,-0.01908,-1,-1,-1,0,0,0,136,1,1,0,0.0000000,0.0000000,0.0000000,0,0,0,0,755730227599500
1962,1142055339,1000,1711,1711,2.6246412,-0.01833,-1,-1,-1,0,0,0,136,1,1,0,0.0000000,0.0000000,0.0000000,0,0,0,0,755730228661083
1963,1142056339,1000,1711,1711,2.6246412,-0.01761,-1,-1,-1,0,0,0,136,1,1,0,0.0000000,0.0000000,0.0000000,0,0,0,0,755730229585666
1964,1142057339,1000,1712,1712,2.6261752,0.04323,-1,-1,-1,0,0,0,136,1,1,0,0.0000000,0.0000000,0.0000000,0,0,0,0,755730230373125
1965,1142058339,1000,1711,1711,2.6246412,-0.01861,-1,-1,-1,0,0,0,136,1,1,0,0.0000000,0.0000000,0.0000000,0,0,0,0,755730231368125
1966,1142059339,1000,1711,1711,2.6246412,-0.01788,-1,-1,-1,0,0,0,136,1,1,0,0.0000000,0.0000000,0.0000000,0,0,0,0,755730232353125
1967,1142060339,1000,1712,1712,2.6261752,0.04297,-1,-1,-1,0,0,0,136,1,1,0,0.0000000,0.0000000,0.0000000,0,0,0,0,755730233367208
1968,1142061339,1000,1711,1711,2.6246412,-0.01887,-1,-1,-1,0,0,0,136,1,1,0,0.0000000,0.0000000,0.0000000,0,0,0,0,755730234397958
1969,1142062339,1000,1711,1711,2.6246412,-0.01813,-1,-1,-1,0,0,0,136,1,1,0,0.0000000,0.0000000,0.0000000,0,0,0,0,755730235366416
1970,1142063339,1000,1711,1711,2.6246412,-0.01742,-1,-1,-1,0,0,0,136,1,1,0,0.0000000,0.0000000,0.0000000,0,0,0,0,755730236364458
1971,1142064339,1000,1711,1711,2.6246412,-0.01673,-1,-1,-1,0,0,0,136,1,1,0,0.0000000,0.0000000,0.0000000,0,0,0,0,755730237371083
1972,1142065339,1000,1711,1711,2.6246412,-0.01608,-1,-1,-1,0,0,0,136,1,1,0,0.0000000,0.0000000,0.0000000,0,0,0,0,755730238360708
1973,1142066339,1000,1710,1710,2.6231072,-0.07560,-1,-1,-1,0,0,0,136,1,1,0,0.0000000,0.0000000,0.0000000,0,0,0,0,755730239372166
1974,1142067339,1000,1711,1711,2.6246412,-0.01248,-1,-1,-1,0,0,0,136,1,1,0,0.0000000,0.0000000,0.0000000,0,0,0,0,755730240372500
1975,1142068339,1000,1710,1710,2.6231072,-0.07214,-1,-1,-1,0,0,0,136,1,1,0,0.0000000,0.0000000,0.0000000,0,0,0,0,755730241365541
1976,1142069339,1000,1710,1710,2.6231072,-0.06931,-1,-1,-1,0,0,0,136,1,1,0,0.0000000,0.0000000,0.0000000,0,0,0,0,755730242389041
1977,1142070339,1000,1711,1711,2.6246412,-0.00645,-1,-1,-1,0,0,0,136,1,1,0,0.0000000,0.0000000,0.0000000,0,0,0,0,755730243377625
1978,1142071339,1000,1711,1711,2.6246412,-0.00619,-1,-1,-1,0,0,0,136,1,1,0,0.0000000,0.0000000,0.0000000,0,0,0,0,755730244362625
1979,1142072339,1000,1710,1710,2.6231072,-0.06610,-1,-1,-1,0,0,0,136,1,1,0,0.0000000,0.0000000,0.0000000,0,0,0,0,755730245382083
1980,1142073339,1000,1710,1710,2.6231072,-0.06351,-1,-1,-1,0,0,0,136,1,1,0,0.0000000,0.0000000,0.0000000,0,0,0,0,755730246377125
1981,1142074339,1000,1710,1710,2.6231072,-0.06102,-1,-1,-1,0,0,0,136,1,1,0,0.0000000,0.0000000,0.0000000,0,0,0,0,755730247377166
1982,1142075339,1000,1710,1710,2.6231072,-0.05862,-1,-1,-1,0,0,0,136,1,1,0,0.0000000,0.0000000,0.0000000,0,0,0,0,755730248375375
1983,1142076339,1000,1710,1710,2.6231072,-0.05633,-1,-1,-1,0,0,0,136,1,1,0,0.0000000,0.0000000,0.0000000,0,0,0,0,755730249386416
1984,1142077339,1000,1710,1710,2.6231072,-0.05412,-1,-1,-1,0,0,0,136,1,1,0,0.0000000,0.0000000,0.0000000,0,0,0,0,755730250397250
1985,1142078339,1000,1710,1710,2.6231072,-0.05200,-1,-1,-1,0,0,0,136,1,1,0,0.0000000,0.0000000,0.0000000,0,0,0,0,755730251378625
1986,1142079339,1000,1710,1710,2.6231072,-0.04996,-1,-1,-1,0,0,0,136,1,1,0,0.0000000,0.0000000,0.0000000,0,0,0,0,755730252379500
1987,1142080339,1000,1710,1710,2.6231072,-0.04800,-1,-1,-1,0,0,0,136,1,1,0,0.0000000,0.0000000,0.0000000,0,0,0,0,755730253376333
1988,1142081339,1000,1710,1710,2.6231072,-0.04612,-1,-1,-1,0,0,0,136,1,1,0,0.0000000,0.0000000,0.0000000,0,0,0,0,755730254371750
1989,1142082339,1000,1710,1710,2.6231072,-0.04431,-1,-1,-1,0,0,0,136,1,1,0,0.0000000,0.0000000,0.0000000,0,0,0,0,755730255366833
1990,1142083339,1000,1710,1710,2.6231072,-0.04257,-1,-1,-1,0,0,0,136,1,1,0,0.0000000,0.0000000,0.0000000,0,0,0,0,755730256369125
1991,1142084339,1000,1710,1710,2.6231072,-0.04090,-1,-1,-1,0,0,0,136,1,1,0,0.0000000,0.0000000,0.0000000,0,0,0,0,755730257393666
1992,1142085339,1000,1710,1710,2.6231072,-0.03930,-1,-1,-1,0,0,0,136,1,1,0,0.0000000,0.0000000,0.0000000,0,0,0,0,755730258458625
1993,1142086339,1000,1710,1710,2.6231072,-0.03776,-1,-1,-1,0,0,0,136,1,1,0,0.0000000,0.0000000,0.0000000,0,0,0,0,755730259436833
1994,1142087339,1000,1710,1710,2.6231072,-0.03628,-1,-1,-1,0,0,0,136,1,1,0,0.0000000,0.0000000,0.0000000,0,0,0,0,755730260588416
1995,1142088339,1000,1710,1710,2.6231072,-0.03485,-1,-1,-1,0,0,0,136,1,1,0,0.0000000,0.0000000,0.0000000,0,0,0,0,755730261695541
1996,1142089339,1000,1710,1710,2.6231072,-0.03349,-1,-1,-1,0,0,0,136,1,1,0,0.0000000,0.0000000,0.0000000,0,0,0,0,755730262629583
1997,1142090339,1000,1710,1710,2.6231072,-0.03217,-1,-1,-1,0,0,0,136,1,1,0,0.0000000,0.0000000,0.0000000,0,0,0,0,755730263492958
1998,1142091339,1000,1710,1710,2.6231072,-0.03091,-1,-1,-1,0,0,0,136,1,1,0,0.0000000,0.0000000,0.0000000,0,0,0,0,755730264375291
1999,1142092339,1000,1709,1709,2.6215732,-0.08985,-1,-1,-1,0,0,0,136,1,1,0,0.0000000,0.0000000,0.0000000,0,0,0,0,755730265427500
2000,1142093339,1000,1710,1710,2.6231072,-0.02618,-1,-1,-1,0,0,0,136,1,1,0,0.0000000,0.0000000,0.0000000,0,0,0,0,755730266405833
