755573047724333 I steps_per_m=26666.66601562 cart_step=2 cart_dir=3 enable=8 limits_connected=0 filter_write_ok=1
755573048446250 I home=0 enabled=0 travel_mm=300.000 vmax_mm_s=30.000 amax_mm_s2=300.000 jerk_mm_s3=3000.000
755573048580375 E 983827042 INFO
755573048754125 E 984875233 STREAM
755573049574208 D 0,984875339,0,1553,1553,2.3822722,0.00000,-1,-1,-1,0,0,0,136,1,1,0,0.0000000,0.0000000,0.0000000,0,0,0,0
755573050456833 D 1,984876339,1000,1553,1553,2.3822722,0.00000,-1,-1,-1,0,0,0,136,1,1,0,0.0000000,0.0000000,0.0000000,0,0,0,0
755573051284958 D 2,984877339,1000,1554,1554,2.3838062,0.06015,-1,-1,-1,0,0,0,136,1,1,0,0.0000000,0.0000000,0.0000000,0,0,0,0
755573051941208 D 3,984878339,1000,1553,1553,2.3822722,-0.00236,-1,-1,-1,0,0,0,136,1,1,0,0.0000000,0.0000000,0.0000000,0,0,0,0
755573052560791 D 4,984879339,1000,1553,1553,2.3822722,-0.00227,-1,-1,-1,0,0,0,136,1,1,0,0.0000000,0.0000000,0.0000000,0,0,0,0
755573053159750 D 5,984880339,1000,1553,1553,2.3822722,-0.00218,-1,-1,-1,0,0,0,136,1,1,0,0.0000000,0.0000000,0.0000000,0,0,0,0
755573053897708 D 6,984881339,1000,1553,1553,2.3822722,-0.00209,-1,-1,-1,0,0,0,136,1,1,0,0.0000000,0.0000000,0.0000000,0,0,0,0
755573054884791 D 7,984882339,1000,1553,1553,2.3822722,-0.00201,-1,-1,-1,0,0,0,136,1,1,0,0.0000000,0.0000000,0.0000000,0,0,0,0
755573055844333 D 8,984883339,1000,1553,1553,2.3822722,-0.00193,-1,-1,-1,0,0,0,136,1,1,0,0.0000000,0.0000000,0.0000000,0,0,0,0
755573057026583 D 9,984884339,1000,1553,1553,2.3822722,-0.00186,-1,-1,-1,0,0,0,135,1,1,0,0.0000000,0.0000000,0.0000000,0,0,0,0
755573058043875 D 10,984885339,1000,1553,1553,2.3822722,-0.00178,-1,-1,-1,0,0,0,136,1,1,0,0.0000000,0.0000000,0.0000000,0,0,0,0
755573058979833 D 11,984886339,1000,1553,1553,2.3822722,-0.00171,-1,-1,-1,0,0,0,136,1,1,0,0.0000000,0.0000000,0.0000000,0,0,0,0
755573059920583 D 12,984887339,1000,1553,1553,2.3822722,-0.00165,-1,-1,-1,0,0,0,136,1,1,0,0.0000000,0.0000000,0.0000000,0,0,0,0
755573060893750 D 13,984888339,1000,1553,1553,2.3822722,-0.00158,-1,-1,-1,0,0,0,136,1,1,0,0.0000000,0.0000000,0.0000000,0,0,0,0
755573061898875 D 14,984889339,1000,1553,1553,2.3822722,-0.00152,-1,-1,-1,0,0,0,136,1,1,0,0.0000000,0.0000000,0.0000000,0,0,0,0
755573062864041 D 15,984890339,1000,1553,1553,2.3822722,-0.00146,-1,-1,-1,0,0,0,136,1,1,0,0.0000000,0.0000000,0.0000000,0,0,0,0
755573063850208 D 16,984891339,1000,1553,1553,2.3822722,-0.00140,-1,-1,-1,0,0,0,136,1,1,0,0.0000000,0.0000000,0.0000000,0,0,0,0
755573064853208 D 17,984892339,1000,1553,1553,2.3822722,-0.00135,-1,-1,-1,0,0,0,136,1,1,0,0.0000000,0.0000000,0.0000000,0,0,0,0
755573065846666 D 18,984893339,1000,1553,1553,2.3822722,-0.00129,-1,-1,-1,0,0,0,136,1,1,0,0.0000000,0.0000000,0.0000000,0,0,0,0
755573066845625 D 19,984894339,1000,1553,1553,2.3822722,-0.00124,-1,-1,-1,0,0,0,136,1,1,0,0.0000000,0.0000000,0.0000000,0,0,0,0
755573067851125 D 20,984895339,1000,1553,1553,2.3822722,-0.00119,-1,-1,-1,0,0,0,136,1,1,0,0.0000000,0.0000000,0.0000000,0,0,0,0
755573068878958 D 21,984896339,1000,1553,1553,2.3822722,-0.00115,-1,-1,-1,0,0,0,136,1,1,0,0.0000000,0.0000000,0.0000000,0,0,0,0
755573069871333 D 22,984897339,1000,1553,1553,2.3822722,-0.00110,-1,-1,-1,0,0,0,136,1,1,0,0.0000000,0.0000000,0.0000000,0,0,0,0
755573070888041 D 23,984898339,1000,1553,1553,2.3822722,-0.00106,-1,-1,-1,0,0,0,136,1,1,0,0.0000000,0.0000000,0.0000000,0,0,0,0
755573071883250 D 24,984899339,1000,1553,1553,2.3822722,-0.00102,-1,-1,-1,0,0,0,136,1,1,0,0.0000000,0.0000000,0.0000000,0,0,0,0
755573072894875 D 25,984900339,1000,1553,1553,2.3822722,-0.00098,-1,-1,-1,0,0,0,136,1,1,0,0.0000000,0.0000000,0.0000000,0,0,0,0
755573073888750 D 26,984901339,1000,1553,1553,2.3822722,-0.00094,-1,-1,-1,0,0,0,136,1,1,0,0.0000000,0.0000000,0.0000000,0,0,0,0
755573075299291 D 27,984902339,1000,1553,1553,2.3822722,-0.00090,39,128,2088,0,0,0,136,1,1,0,0.0000000,0.0000000,0.0000000,0,0,0,0
755573075863708 D 28,984903339,1000,1553,1553,2.3822722,-0.00087,-1,-1,-1,0,0,0,136,1,1,0,0.0000000,0.0000000,0.0000000,0,0,0,0
755573076915666 D 29,984904339,1000,1553,1553,2.3822722,-0.00083,-1,-1,-1,0,0,0,136,1,1,0,0.0000000,0.0000000,0.0000000,0,0,0,0
755573077586291 D 30,984905339,1000,1553,1553,2.3822722,-0.00080,-1,-1,-1,0,0,0,136,1,1,0,0.0000000,0.0000000,0.0000000,0,0,0,0
755573078596166 D 31,984906339,1000,1553,1553,2.3822722,-0.00077,-1,-1,-1,0,0,0,136,1,1,0,0.0000000,0.0000000,0.0000000,0,0,0,0
755573079610958 D 32,984907339,1000,1553,1553,2.3822722,-0.00074,-1,-1,-1,0,0,0,136,1,1,0,0.0000000,0.0000000,0.0000000,0,0,0,0
755573080608500 D 33,984908339,1000,1553,1553,2.3822722,-0.00071,-1,-1,-1,0,0,0,136,1,1,0,0.0000000,0.0000000,0.0000000,0,0,0,0
755573081881958 D 34,984909339,1000,1553,1553,2.3822722,-0.00068,-1,-1,-1,0,0,0,136,1,1,0,0.0000000,0.0000000,0.0000000,0,0,0,0
755573082865000 D 35,984910339,1000,1553,1553,2.3822722,-0.00066,-1,-1,-1,0,0,0,136,1,1,0,0.0000000,0.0000000,0.0000000,0,0,0,0
755573083861125 D 36,984911339,1000,1553,1553,2.3822722,-0.00063,-1,-1,-1,0,0,0,136,1,1,0,0.0000000,0.0000000,0.0000000,0,0,0,0
755573084864291 D 37,984912339,1000,1553,1553,2.3822722,-0.00061,-1,-1,-1,0,0,0,136,1,1,0,0.0000000,0.0000000,0.0000000,0,0,0,0
755573085857625 D 38,984913339,1000,1553,1553,2.3822722,-0.00058,-1,-1,-1,0,0,0,136,1,1,0,0.0000000,0.0000000,0.0000000,0,0,0,0
755573086868541 D 39,984914339,1000,1553,1553,2.3822722,-0.00056,-1,-1,-1,0,0,0,136,1,1,0,0.0000000,0.0000000,0.0000000,0,0,0,0
755573087846833 D 40,984915339,1000,1553,1553,2.3822722,-0.00054,-1,-1,-1,0,0,0,136,1,1,0,0.0000000,0.0000000,0.0000000,0,0,0,0
755573088863125 D 41,984916339,1000,1553,1553,2.3822722,-0.00052,-1,-1,-1,0,0,0,136,1,1,0,0.0000000,0.0000000,0.0000000,0,0,0,0
755573089854916 D 42,984917339,1000,1554,1554,2.3838062,0.05965,-1,-1,-1,0,0,0,136,1,1,0,0.0000000,0.0000000,0.0000000,0,0,0,0
755573090859625 D 43,984918339,1000,1553,1553,2.3822722,-0.00283,-1,-1,-1,0,0,0,136,1,1,0,0.0000000,0.0000000,0.0000000,0,0,0,0
755573091865750 D 44,984919339,1000,1553,1553,2.3822722,-0.00272,-1,-1,-1,0,0,0,135,1,1,0,0.0000000,0.0000000,0.0000000,0,0,0,0
755573092857041 D 45,984920339,1000,1553,1553,2.3822722,-0.00262,-1,-1,-1,0,0,0,136,1,1,0,0.0000000,0.0000000,0.0000000,0,0,0,0
755573093860333 D 46,984921339,1000,1553,1553,2.3822722,-0.00251,-1,-1,-1,0,0,0,136,1,1,0,0.0000000,0.0000000,0.0000000,0,0,0,0
755573094870250 D 47,984922339,1000,1553,1553,2.3822722,-0.00242,-1,-1,-1,0,0,0,136,1,1,0,0.0000000,0.0000000,0.0000000,0,0,0,0
755573095854333 D 48,984923339,1000,1553,1553,2.3822722,-0.00232,-1,-1,-1,0,0,0,136,1,1,0,0.0000000,0.0000000,0.0000000,0,0,0,0
755573096863750 D 49,984924339,1000,1553,1553,2.3822722,-0.00223,-1,-1,-1,0,0,0,136,1,1,0,0.0000000,0.0000000,0.0000000,0,0,0,0
755573097852208 D 50,984925339,1000,1553,1553,2.3822722,-0.00214,-1,-1,-1,0,0,0,136,1,1,0,0.0000000,0.0000000,0.0000000,0,0,0,0
755573098866541 D 51,984926339,1000,1553,1553,2.3822722,-0.00206,-1,-1,-1,0,0,0,136,1,1,0,0.0000000,0.0000000,0.0000000,0,0,0,0
755573099853208 D 52,984927339,1000,1553,1553,2.3822722,-0.00198,-1,-1,-1,0,0,0,136,1,1,0,0.0000000,0.0000000,0.0000000,0,0,0,0
755573100872125 D 53,984928339,1000,1553,1553,2.3822722,-0.00190,-1,-1,-1,0,0,0,136,1,1,0,0.0000000,0.0000000,0.0000000,0,0,0,0
755573101870875 D 54,984929339,1000,1553,1553,2.3822722,-0.00183,-1,-1,-1,0,0,0,136,1,1,0,0.0000000,0.0000000,0.0000000,0,0,0,0
755573102858041 D 55,984930339,1000,1553,1553,2.3822722,-0.00175,-1,-1,-1,0,0,0,136,1,1,0,0.0000000,0.0000000,0.0000000,0,0,0,0
755573103860166 D 56,984931339,1000,1553,1553,2.3822722,-0.00169,-1,-1,-1,0,0,0,136,1,1,0,0.0000000,0.0000000,0.0000000,0,0,0,0
755573104863750 D 57,984932339,1000,1553,1553,2.3822722,-0.00162,-1,-1,-1,0,0,0,136,1,1,0,0.0000000,0.0000000,0.0000000,0,0,0,0
755573105861000 D 58,984933339,1000,1553,1553,2.3822722,-0.00156,-1,-1,-1,0,0,0,136,1,1,0,0.0000000,0.0000000,0.0000000,0,0,0,0
755573106850833 D 59,984934339,1000,1553,1553,2.3822722,-0.00149,-1,-1,-1,0,0,0,136,1,1,0,0.0000000,0.0000000,0.0000000,0,0,0,0
755573107869416 D 60,984935339,1000,1553,1553,2.3822722,-0.00144,-1,-1,-1,0,0,0,136,1,1,0,0.0000000,0.0000000,0.0000000,0,0,0,0
755573108861000 D 61,984936339,1000,1553,1553,2.3822722,-0.00138,-1,-1,-1,0,0,0,136,1,1,0,0.0000000,0.0000000,0.0000000,0,0,0,0
755573109861708 D 62,984937339,1000,1553,1553,2.3822722,-0.00133,-1,-1,-1,0,0,0,136,1,1,0,0.0000000,0.0000000,0.0000000,0,0,0,0
755573110860708 D 63,984938339,1000,1553,1553,2.3822722,-0.00127,-1,-1,-1,0,0,0,136,1,1,0,0.0000000,0.0000000,0.0000000,0,0,0,0
755573111857833 D 64,984939339,1000,1553,1553,2.3822722,-0.00122,-1,-1,-1,0,0,0,136,1,1,0,0.0000000,0.0000000,0.0000000,0,0,0,0
755573112858666 D 65,984940339,1000,1553,1553,2.3822722,-0.00118,-1,-1,-1,0,0,0,135,1,1,0,0.0000000,0.0000000,0.0000000,0,0,0,0
755573113861625 D 66,984941339,1000,1553,1553,2.3822722,-0.00113,-1,-1,-1,0,0,0,136,1,1,0,0.0000000,0.0000000,0.0000000,0,0,0,0
755573114727333 D 67,984942339,1000,1553,1553,2.3822722,-0.00109,-1,-1,-1,0,0,0,136,1,1,0,0.0000000,0.0000000,0.0000000,0,0,0,0
755573115688416 D 68,984943339,1000,1553,1553,2.3822722,-0.00104,-1,-1,-1,0,0,0,136,1,1,0,0.0000000,0.0000000,0.0000000,0,0,0,0
755573116704083 D 69,984944339,1000,1553,1553,2.3822722,-0.00100,-1,-1,-1,0,0,0,136,1,1,0,0.0000000,0.0000000,0.0000000,0,0,0,0
755573117714625 D 70,984945339,1000,1553,1553,2.3822722,-0.00096,-1,-1,-1,0,0,0,136,1,1,0,0.0000000,0.0000000,0.0000000,0,0,0,0
755573118715958 D 71,984946339,1000,1553,1553,2.3822722,-0.00092,-1,-1,-1,0,0,0,136,1,1,0,0.0000000,0.0000000,0.0000000,0,0,0,0
755573119706458 D 72,984947339,1000,1553,1553,2.3822722,-0.00089,-1,-1,-1,0,0,0,136,1,1,0,0.0000000,0.0000000,0.0000000,0,0,0,0
755573120700875 D 73,984948339,1000,1553,1553,2.3822722,-0.00085,-1,-1,-1,0,0,0,136,1,1,0,0.0000000,0.0000000,0.0000000,0,0,0,0
755573121700125 D 74,984949339,1000,1553,1553,2.3822722,-0.00082,-1,-1,-1,0,0,0,136,1,1,0,0.0000000,0.0000000,0.0000000,0,0,0,0
755573122699208 D 75,984950339,1000,1553,1553,2.3822722,-0.00079,-1,-1,-1,0,0,0,136,1,1,0,0.0000000,0.0000000,0.0000000,0,0,0,0
755573123701833 D 76,984951339,1000,1553,1553,2.3822722,-0.00076,-1,-1,-1,0,0,0,136,1,1,0,0.0000000,0.0000000,0.0000000,0,0,0,0
755573125056458 D 77,984952339,1000,1553,1553,2.3822722,-0.00073,39,128,2088,0,0,0,136,1,1,0,0.0000000,0.0000000,0.0000000,0,0,0,0
755573125697875 D 78,984953339,1000,1554,1554,2.3838062,0.05945,-1,-1,-1,0,0,0,136,1,1,0,0.0000000,0.0000000,0.0000000,0,0,0,0
755573126819375 D 79,984954339,1000,1553,1553,2.3822722,-0.00303,-1,-1,-1,0,0,0,136,1,1,0,0.0000000,0.0000000,0.0000000,0,0,0,0
755573127733500 D 80,984955339,1000,1553,1553,2.3822722,-0.00291,-1,-1,-1,0,0,0,136,1,1,0,0.0000000,0.0000000,0.0000000,0,0,0,0
755573128735166 D 81,984956339,1000,1553,1553,2.3822722,-0.00280,-1,-1,-1,0,0,0,136,1,1,0,0.0000000,0.0000000,0.0000000,0,0,0,0
755573129740041 D 82,984957339,1000,1553,1553,2.3822722,-0.00269,-1,-1,-1,0,0,0,136,1,1,0,0.0000000,0.0000000,0.0000000,0,0,0,0
755573130730041 D 83,984958339,1000,1553,1553,2.3822722,-0.00258,-1,-1,-1,0,0,0,136,1,1,0,0.0000000,0.0000000,0.0000000,0,0,0,0
755573131737666 D 84,984959339,1000,1553,1553,2.3822722,-0.00248,-1,-1,-1,0,0,0,136,1,1,0,0.0000000,0.0000000,0.0000000,0,0,0,0
755573132731416 D 85,984960339,1000,1553,1553,2.3822722,-0.00238,-1,-1,-1,0,0,0,136,1,1,0,0.0000000,0.0000000,0.0000000,0,0,0,0
755573133732500 D 86,984961339,1000,1553,1553,2.3822722,-0.00229,-1,-1,-1,0,0,0,136,1,1,0,0.0000000,0.0000000,0.0000000,0,0,0,0
755573134734458 D 87,984962339,1000,1553,1553,2.3822722,-0.00220,-1,-1,-1,0,0,0,136,1,1,0,0.0000000,0.0000000,0.0000000,0,0,0,0
755573135738208 D 88,984963339,1000,1553,1553,2.3822722,-0.00211,-1,-1,-1,0,0,0,136,1,1,0,0.0000000,0.0000000,0.0000000,0,0,0,0
755573136762916 D 89,984964339,1000,1553,1553,2.3822722,-0.00203,-1,-1,-1,0,0,0,136,1,1,0,0.0000000,0.0000000,0.0000000,0,0,0,0
755573137749875 D 90,984965339,1000,1553,1553,2.3822722,-0.00195,-1,-1,-1,0,0,0,136,1,1,0,0.0000000,0.0000000,0.0000000,0,0,0,0
755573138739458 D 91,984966339,1000,1553,1553,2.3822722,-0.00187,-1,-1,-1,0,0,0,136,1,1,0,0.0000000,0.0000000,0.0000000,0,0,0,0
755573139783250 D 92,984967339,1000,1553,1553,2.3822722,-0.00180,-1,-1,-1,0,0,0,136,1,1,0,0.0000000,0.0000000,0.0000000,0,0,0,0
755573140778875 D 93,984968339,1000,1553,1553,2.3822722,-0.00173,-1,-1,-1,0,0,0,136,1,1,0,0.0000000,0.0000000,0.0000000,0,0,0,0
755573141803458 D 94,984969339,1000,1553,1553,2.3822722,-0.00166,-1,-1,-1,0,0,0,136,1,1,0,0.0000000,0.0000000,0.0000000,0,0,0,0
755573142780916 D 95,984970339,1000,1553,1553,2.3822722,-0.00160,-1,-1,-1,0,0,0,136,1,1,0,0.0000000,0.0000000,0.0000000,0,0,0,0
755573143813208 D 96,984971339,1000,1553,1553,2.3822722,-0.00154,-1,-1,-1,0,0,0,136,1,1,0,0.0000000,0.0000000,0.0000000,0,0,0,0
755573144779458 D 97,984972339,1000,1553,1553,2.3822722,-0.00147,-1,-1,-1,0,0,0,136,1,1,0,0.0000000,0.0000000,0.0000000,0,0,0,0
755573145787791 D 98,984973339,1000,1553,1553,2.3822722,-0.00142,-1,-1,-1,0,0,0,136,1,1,0,0.0000000,0.0000000,0.0000000,0,0,0,0
755573146793708 D 99,984974339,1000,1553,1553,2.3822722,-0.00136,-1,-1,-1,0,0,0,136,1,1,0,0.0000000,0.0000000,0.0000000,0,0,0,0
755573147791166 D 100,984975339,1000,1553,1553,2.3822722,-0.00131,-1,-1,-1,0,0,0,136,1,1,0,0.0000000,0.0000000,0.0000000,0,0,0,0
755573148782000 D 101,984976339,1000,1553,1553,2.3822722,-0.00126,-1,-1,-1,0,0,0,136,1,1,0,0.0000000,0.0000000,0.0000000,0,0,0,0
755573149784458 D 102,984977339,1000,1553,1553,2.3822722,-0.00121,-1,-1,-1,0,0,0,136,1,1,0,0.0000000,0.0000000,0.0000000,0,0,0,0
755573150785125 D 103,984978339,1000,1553,1553,2.3822722,-0.00116,-1,-1,-1,0,0,0,136,1,1,0,0.0000000,0.0000000,0.0000000,0,0,0,0
755573151790791 D 104,984979339,1000,1553,1553,2.3822722,-0.00111,-1,-1,-1,0,0,0,136,1,1,0,0.0000000,0.0000000,0.0000000,0,0,0,0
755573152783041 D 105,984980339,1000,1553,1553,2.3822722,-0.00107,-1,-1,-1,0,0,0,136,1,1,0,0.0000000,0.0000000,0.0000000,0,0,0,0
755573153778041 D 106,984981339,1000,1553,1553,2.3822722,-0.00103,-1,-1,-1,0,0,0,136,1,1,0,0.0000000,0.0000000,0.0000000,0,0,0,0
755573154776041 D 107,984982339,1000,1553,1553,2.3822722,-0.00099,-1,-1,-1,0,0,0,136,1,1,0,0.0000000,0.0000000,0.0000000,0,0,0,0
755573155776875 D 108,984983339,1000,1553,1553,2.3822722,-0.00095,-1,-1,-1,0,0,0,136,1,1,0,0.0000000,0.0000000,0.0000000,0,0,0,0
755573156774000 D 109,984984339,1000,1553,1553,2.3822722,-0.00091,-1,-1,-1,0,0,0,136,1,1,0,0.0000000,0.0000000,0.0000000,0,0,0,0
755573157775791 D 110,984985339,1000,1553,1553,2.3822722,-0.00088,-1,-1,-1,0,0,0,136,1,1,0,0.0000000,0.0000000,0.0000000,0,0,0,0
755573158777500 D 111,984986339,1000,1553,1553,2.3822722,-0.00084,-1,-1,-1,0,0,0,136,1,1,0,0.0000000,0.0000000,0.0000000,0,0,0,0
755573159859041 D 112,984987339,1000,1553,1553,2.3822722,-0.00081,-1,-1,-1,0,0,0,136,1,1,0,0.0000000,0.0000000,0.0000000,0,0,0,0
755573160853708 D 113,984988339,1000,1553,1553,2.3822722,-0.00078,-1,-1,-1,0,0,0,136,1,1,0,0.0000000,0.0000000,0.0000000,0,0,0,0
755573161853208 D 114,984989339,1000,1553,1553,2.3822722,-0.00075,-1,-1,-1,0,0,0,136,1,1,0,0.0000000,0.0000000,0.0000000,0,0,0,0
755573162847083 D 115,984990339,1000,1553,1553,2.3822722,-0.00072,-1,-1,-1,0,0,0,136,1,1,0,0.0000000,0.0000000,0.0000000,0,0,0,0
755573163851666 D 116,984991339,1000,1553,1553,2.3822722,-0.00069,-1,-1,-1,0,0,0,136,1,1,0,0.0000000,0.0000000,0.0000000,0,0,0,0
755573164844500 D 117,984992339,1000,1553,1553,2.3822722,-0.00066,-1,-1,-1,0,0,0,136,1,1,0,0.0000000,0.0000000,0.0000000,0,0,0,0
755573165845666 D 118,984993339,1000,1553,1553,2.3822722,-0.00064,-1,-1,-1,0,0,0,136,1,1,0,0.0000000,0.0000000,0.0000000,0,0,0,0
755573166846083 D 119,984994339,1000,1553,1553,2.3822722,-0.00061,-1,-1,-1,0,0,0,136,1,1,0,0.0000000,0.0000000,0.0000000,0,0,0,0
755573167855791 D 120,984995339,1000,1553,1553,2.3822722,-0.00059,-1,-1,-1,0,0,0,136,1,1,0,0.0000000,0.0000000,0.0000000,0,0,0,0
755573168849458 D 121,984996339,1000,1553,1553,2.3822722,-0.00056,-1,-1,-1,0,0,0,136,1,1,0,0.0000000,0.0000000,0.0000000,0,0,0,0
755573169884833 D 122,984997339,1000,1553,1553,2.3822722,-0.00054,-1,-1,-1,0,0,0,136,1,1,0,0.0000000,0.0000000,0.0000000,0,0,0,0
755573170856875 D 123,984998339,1000,1553,1553,2.3822722,-0.00052,-1,-1,-1,0,0,0,136,1,1,0,0.0000000,0.0000000,0.0000000,0,0,0,0
755573171851958 D 124,984999339,1000,1553,1553,2.3822722,-0.00050,-1,-1,-1,0,0,0,136,1,1,0,0.0000000,0.0000000,0.0000000,0,0,0,0
755573172867208 D 125,985000339,1000,1553,1553,2.3822722,-0.00048,-1,-1,-1,0,0,0,136,1,1,0,0.0000000,0.0000000,0.0000000,0,0,0,0
755573173877500 D 126,985001339,1000,1553,1553,2.3822722,-0.00046,-1,-1,-1,0,0,0,136,1,1,0,0.0000000,0.0000000,0.0000000,0,0,0,0
755573175276750 D 127,985002339,1000,1553,1553,2.3822722,-0.00044,39,128,2087,0,0,0,136,1,1,0,0.0000000,0.0000000,0.0000000,0,0,0,0
755573175893833 D 128,985003339,1000,1553,1553,2.3822722,-0.00043,-1,-1,-1,0,0,0,136,1,1,0,0.0000000,0.0000000,0.0000000,0,0,0,0
755573176875166 D 129,985004339,1000,1554,1554,2.3838062,0.05974,-1,-1,-1,0,0,0,136,1,1,0,0.0000000,0.0000000,0.0000000,0,0,0,0
755573177870708 D 130,985005339,1000,1553,1553,2.3822722,-0.00275,-1,-1,-1,0,0,0,136,1,1,0,0.0000000,0.0000000,0.0000000,0,0,0,0
755573178864666 D 131,985006339,1000,1553,1553,2.3822722,-0.00264,-1,-1,-1,0,0,0,136,1,1,0,0.0000000,0.0000000,0.0000000,0,0,0,0
755573179863916 D 132,985007339,1000,1553,1553,2.3822722,-0.00254,-1,-1,-1,0,0,0,136,1,1,0,0.0000000,0.0000000,0.0000000,0,0,0,0
755573180863375 D 133,985008339,1000,1553,1553,2.3822722,-0.00244,-1,-1,-1,0,0,0,136,1,1,0,0.0000000,0.0000000,0.0000000,0,0,0,0
755573181873583 D 134,985009339,1000,1553,1553,2.3822722,-0.00235,-1,-1,-1,0,0,0,136,1,1,0,0.0000000,0.0000000,0.0000000,0,0,0,0
755573182856958 D 135,985010339,1000,1553,1553,2.3822722,-0.00225,-1,-1,-1,0,0,0,135,1,1,0,0.0000000,0.0000000,0.0000000,0,0,0,0
755573183851750 D 136,985011339,1000,1554,1554,2.3838062,0.05798,-1,-1,-1,0,0,0,136,1,1,0,0.0000000,0.0000000,0.0000000,0,0,0,0
755573184856083 D 137,985012339,1000,1553,1553,2.3822722,-0.00444,-1,-1,-1,0,0,0,136,1,1,0,0.0000000,0.0000000,0.0000000,0,0,0,0
755573185849625 D 138,985013339,1000,1553,1553,2.3822722,-0.00426,-1,-1,-1,0,0,0,136,1,1,0,0.0000000,0.0000000,0.0000000,0,0,0,0
755573186857500 D 139,985014339,1000,1553,1553,2.3822722,-0.00410,-1,-1,-1,0,0,0,136,1,1,0,0.0000000,0.0000000,0.0000000,0,0,0,0
755573187849791 D 140,985015339,1000,1554,1554,2.3838062,0.05621,-1,-1,-1,0,0,0,136,1,1,0,0.0000000,0.0000000,0.0000000,0,0,0,0
755573188857125 D 141,985016339,1000,1553,1553,2.3822722,-0.00614,-1,-1,-1,0,0,0,136,1,1,0,0.0000000,0.0000000,0.0000000,0,0,0,0
755573189857875 D 142,985017339,1000,1553,1553,2.3822722,-0.00590,-1,-1,-1,0,0,0,136,1,1,0,0.0000000,0.0000000,0.0000000,0,0,0,0
755573190862041 D 143,985018339,1000,1553,1553,2.3822722,-0.00567,-1,-1,-1,0,0,0,136,1,1,0,0.0000000,0.0000000,0.0000000,0,0,0,0
755573191863875 D 144,985019339,1000,1553,1553,2.3822722,-0.00545,-1,-1,-1,0,0,0,136,1,1,0,0.0000000,0.0000000,0.0000000,0,0,0,0
755573192866291 D 145,985020339,1000,1553,1553,2.3822722,-0.00523,-1,-1,-1,0,0,0,136,1,1,0,0.0000000,0.0000000,0.0000000,0,0,0,0
755573193881625 D 146,985021339,1000,1553,1553,2.3822722,-0.00503,-1,-1,-1,0,0,0,136,1,1,0,0.0000000,0.0000000,0.0000000,0,0,0,0
755573194859666 D 147,985022339,1000,1553,1553,2.3822722,-0.00483,-1,-1,-1,0,0,0,136,1,1,0,0.0000000,0.0000000,0.0000000,0,0,0,0
755573195862041 D 148,985023339,1000,1553,1553,2.3822722,-0.00464,-1,-1,-1,0,0,0,136,1,1,0,0.0000000,0.0000000,0.0000000,0,0,0,0
755573196858750 D 149,985024339,1000,1553,1553,2.3822722,-0.00446,-1,-1,-1,0,0,0,135,1,1,0,0.0000000,0.0000000,0.0000000,0,0,0,0
755573197854125 D 150,985025339,1000,1553,1553,2.3822722,-0.00428,-1,-1,-1,0,0,0,136,1,1,0,0.0000000,0.0000000,0.0000000,0,0,0,0
755573198860375 D 151,985026339,1000,1553,1553,2.3822722,-0.00412,-1,-1,-1,0,0,0,136,1,1,0,0.0000000,0.0000000,0.0000000,0,0,0,0
755573199865916 D 152,985027339,1000,1553,1553,2.3822722,-0.00395,-1,-1,-1,0,0,0,136,1,1,0,0.0000000,0.0000000,0.0000000,0,0,0,0
755573200880208 D 153,985028339,1000,1553,1553,2.3822722,-0.00380,-1,-1,-1,0,0,0,136,1,1,0,0.0000000,0.0000000,0.0000000,0,0,0,0
755573201864250 D 154,985029339,1000,1553,1553,2.3822722,-0.00365,-1,-1,-1,0,0,0,136,1,1,0,0.0000000,0.0000000,0.0000000,0,0,0,0
755573202888208 D 155,985030339,1000,1553,1553,2.3822722,-0.00351,-1,-1,-1,0,0,0,136,1,1,0,0.0000000,0.0000000,0.0000000,0,0,0,0
755573203862333 D 156,985031339,1000,1553,1553,2.3822722,-0.00337,-1,-1,-1,0,0,0,136,1,1,0,0.0000000,0.0000000,0.0000000,0,0,0,0
755573204878375 D 157,985032339,1000,1553,1553,2.3822722,-0.00324,-1,-1,-1,0,0,0,136,1,1,0,0.0000000,0.0000000,0.0000000,0,0,0,0
755573205866375 D 158,985033339,1000,1553,1553,2.3822722,-0.00311,-1,-1,-1,0,0,0,136,1,1,0,0.0000000,0.0000000,0.0000000,0,0,0,0
755573206855625 D 159,985034339,1000,1553,1553,2.3822722,-0.00299,-1,-1,-1,0,0,0,136,1,1,0,0.0000000,0.0000000,0.0000000,0,0,0,0
755573207889583 D 160,985035339,1000,1553,1553,2.3822722,-0.00287,-1,-1,-1,0,0,0,136,1,1,0,0.0000000,0.0000000,0.0000000,0,0,0,0
755573208898791 D 161,985036339,1000,1553,1553,2.3822722,-0.00276,-1,-1,-1,0,0,0,136,1,1,0,0.0000000,0.0000000,0.0000000,0,0,0,0
755573209872291 D 162,985037339,1000,1553,1553,2.3822722,-0.00265,-1,-1,-1,0,0,0,136,1,1,0,0.0000000,0.0000000,0.0000000,0,0,0,0
755573211104708 D 163,985038339,1000,1553,1553,2.3822722,-0.00255,-1,-1,-1,0,0,0,135,1,1,0,0.0000000,0.0000000,0.0000000,0,0,0,0
755573212095041 D 164,985039339,1000,1553,1553,2.3822722,-0.00245,-1,-1,-1,0,0,0,136,1,1,0,0.0000000,0.0000000,0.0000000,0,0,0,0
755573213106375 D 165,985040339,1000,1553,1553,2.3822722,-0.00235,-1,-1,-1,0,0,0,136,1,1,0,0.0000000,0.0000000,0.0000000,0,0,0,0
755573213877583 D 166,985041339,1000,1553,1553,2.3822722,-0.00226,-1,-1,-1,0,0,0,136,1,1,0,0.0000000,0.0000000,0.0000000,0,0,0,0
755573214865583 D 167,985042339,1000,1553,1553,2.3822722,-0.00217,-1,-1,-1,0,0,0,136,1,1,0,0.0000000,0.0000000,0.0000000,0,0,0,0
755573215849541 D 168,985043339,1000,1553,1553,2.3822722,-0.00209,-1,-1,-1,0,0,0,136,1,1,0,0.0000000,0.0000000,0.0000000,0,0,0,0
755573216861666 D 169,985044339,1000,1553,1553,2.3822722,-0.00200,-1,-1,-1,0,0,0,136,1,1,0,0.0000000,0.0000000,0.0000000,0,0,0,0
755573217851750 D 170,985045339,1000,1553,1553,2.3822722,-0.00193,-1,-1,-1,0,0,0,136,1,1,0,0.0000000,0.0000000,0.0000000,0,0,0,0
755573218857625 D 171,985046339,1000,1553,1553,2.3822722,-0.00185,-1,-1,-1,0,0,0,136,1,1,0,0.0000000,0.0000000,0.0000000,0,0,0,0
755573219855958 D 172,985047339,1000,1553,1553,2.3822722,-0.00178,-1,-1,-1,0,0,0,136,1,1,0,0.0000000,0.0000000,0.0000000,0,0,0,0
755573220863458 D 173,985048339,1000,1553,1553,2.3822722,-0.00171,-1,-1,-1,0,0,0,136,1,1,0,0.0000000,0.0000000,0.0000000,0,0,0,0
755573221858750 D 174,985049339,1000,1553,1553,2.3822722,-0.00164,-1,-1,-1,0,0,0,136,1,1,0,0.0000000,0.0000000,0.0000000,0,0,0,0
755573222862916 D 175,985050339,1000,1553,1553,2.3822722,-0.00158,-1,-1,-1,0,0,0,136,1,1,0,0.0000000,0.0000000,0.0000000,0,0,0,0
755573223877958 D 176,985051339,1000,1553,1553,2.3822722,-0.00151,-1,-1,-1,0,0,0,136,1,1,0,0.0000000,0.0000000,0.0000000,0,0,0,0
755573225311125 D 177,985052339,1000,1553,1553,2.3822722,-0.00145,39,128,2088,0,0,0,136,1,1,0,0.0000000,0.0000000,0.0000000,0,0,0,0
755573225921625 D 178,985053339,1000,1553,1553,2.3822722,-0.00140,-1,-1,-1,0,0,0,136,1,1,0,0.0000000,0.0000000,0.0000000,0,0,0,0
755573226859250 D 179,985054339,1000,1553,1553,2.3822722,-0.00134,-1,-1,-1,0,0,0,136,1,1,0,0.0000000,0.0000000,0.0000000,0,0,0,0
755573227859625 D 180,985055339,1000,1553,1553,2.3822722,-0.00129,-1,-1,-1,0,0,0,136,1,1,0,0.0000000,0.0000000,0.0000000,0,0,0,0
755573228874291 D 181,985056339,1000,1553,1553,2.3822722,-0.00124,-1,-1,-1,0,0,0,136,1,1,0,0.0000000,0.0000000,0.0000000,0,0,0,0
755573229861750 D 182,985057339,1000,1553,1553,2.3822722,-0.00119,-1,-1,-1,0,0,0,136,1,1,0,0.0000000,0.0000000,0.0000000,0,0,0,0
755573230866333 D 183,985058339,1000,1553,1553,2.3822722,-0.00114,-1,-1,-1,0,0,0,136,1,1,0,0.0000000,0.0000000,0.0000000,0,0,0,0
755573231861208 D 184,985059339,1000,1553,1553,2.3822722,-0.00110,-1,-1,-1,0,0,0,136,1,1,0,0.0000000,0.0000000,0.0000000,0,0,0,0
755573232851625 D 185,985060339,1000,1553,1553,2.3822722,-0.00106,-1,-1,-1,0,0,0,136,1,1,0,0.0000000,0.0000000,0.0000000,0,0,0,0
755573233859125 D 186,985061339,1000,1553,1553,2.3822722,-0.00102,-1,-1,-1,0,0,0,136,1,1,0,0.0000000,0.0000000,0.0000000,0,0,0,0
755573234854000 D 187,985062339,1000,1553,1553,2.3822722,-0.00098,-1,-1,-1,0,0,0,136,1,1,0,0.0000000,0.0000000,0.0000000,0,0,0,0
755573235861750 D 188,985063339,1000,1553,1553,2.3822722,-0.00094,-1,-1,-1,0,0,0,136,1,1,0,0.0000000,0.0000000,0.0000000,0,0,0,0
755573236854208 D 189,985064339,1000,1553,1553,2.3822722,-0.00090,-1,-1,-1,0,0,0,136,1,1,0,0.0000000,0.0000000,0.0000000,0,0,0,0
755573237857250 D 190,985065339,1000,1553,1553,2.3822722,-0.00086,-1,-1,-1,0,0,0,136,1,1,0,0.0000000,0.0000000,0.0000000,0,0,0,0
755573238860125 D 191,985066339,1000,1553,1553,2.3822722,-0.00083,-1,-1,-1,0,0,0,136,1,1,0,0.0000000,0.0000000,0.0000000,0,0,0,0
755573239876291 D 192,985067339,1000,1553,1553,2.3822722,-0.00080,-1,-1,-1,0,0,0,136,1,1,0,0.0000000,0.0000000,0.0000000,0,0,0,0
755573240857666 D 193,985068339,1000,1553,1553,2.3822722,-0.00077,-1,-1,-1,0,0,0,136,1,1,0,0.0000000,0.0000000,0.0000000,0,0,0,0
755573241855416 D 194,985069339,1000,1553,1553,2.3822722,-0.00074,-1,-1,-1,0,0,0,136,1,1,0,0.0000000,0.0000000,0.0000000,0,0,0,0
755573243085208 D 195,985070339,1000,1553,1553,2.3822722,-0.00071,-1,-1,-1,0,0,0,136,1,1,0,0.0000000,0.0000000,0.0000000,0,0,0,0
755573244076791 D 196,985071339,1000,1553,1553,2.3822722,-0.00068,-1,-1,-1,0,0,0,136,1,1,0,0.0000000,0.0000000,0.0000000,0,0,0,0
755573244956500 D 197,985072339,1000,1553,1553,2.3822722,-0.00065,-1,-1,-1,0,0,0,136,1,1,0,0.0000000,0.0000000,0.0000000,0,0,0,0
755573245851416 D 198,985073339,1000,1553,1553,2.3822722,-0.00063,-1,-1,-1,0,0,0,136,1,1,0,0.0000000,0.0000000,0.0000000,0,0,0,0
755573246898041 D 199,985074339,1000,1553,1553,2.3822722,-0.00060,-1,-1,-1,0,0,0,136,1,1,0,0.0000000,0.0000000,0.0000000,0,0,0,0
755573247858333 D 200,985075339,1000,1553,1553,2.3822722,-0.00058,-1,-1,-1,0,0,0,136,1,1,0,0.0000000,0.0000000,0.0000000,0,0,0,0
755573248868625 D 201,985076339,1000,1553,1553,2.3822722,-0.00056,-1,-1,-1,0,0,0,136,1,1,0,0.0000000,0.0000000,0.0000000,0,0,0,0
755573249862291 D 202,985077339,1000,1553,1553,2.3822722,-0.00054,-1,-1,-1,0,0,0,136,1,1,0,0.0000000,0.0000000,0.0000000,0,0,0,0
755573250857458 D 203,985078339,1000,1553,1553,2.3822722,-0.00051,-1,-1,-1,0,0,0,136,1,1,0,0.0000000,0.0000000,0.0000000,0,0,0,0
755573251850541 D 204,985079339,1000,1553,1553,2.3822722,-0.00049,-1,-1,-1,0,0,0,136,1,1,0,0.0000000,0.0000000,0.0000000,0,0,0,0
755573252865833 D 205,985080339,1000,1553,1553,2.3822722,-0.00047,-1,-1,-1,0,0,0,136,1,1,0,0.0000000,0.0000000,0.0000000,0,0,0,0
755573253855291 D 206,985081339,1000,1553,1553,2.3822722,-0.00046,-1,-1,-1,0,0,0,136,1,1,0,0.0000000,0.0000000,0.0000000,0,0,0,0
755573254898958 D 207,985082339,1000,1553,1553,2.3822722,-0.00044,-1,-1,-1,0,0,0,136,1,1,0,0.0000000,0.0000000,0.0000000,0,0,0,0
755573255866833 D 208,985083339,1000,1553,1553,2.3822722,-0.00042,-1,-1,-1,0,0,0,136,1,1,0,0.0000000,0.0000000,0.0000000,0,0,0,0
755573256861458 D 209,985084339,1000,1553,1553,2.3822722,-0.00040,-1,-1,-1,0,0,0,136,1,1,0,0.0000000,0.0000000,0.0000000,0,0,0,0
755573257855625 D 210,985085339,1000,1553,1553,2.3822722,-0.00039,-1,-1,-1,0,0,0,136,1,1,0,0.0000000,0.0000000,0.0000000,0,0,0,0
755573258881500 D 211,985086339,1000,1553,1553,2.3822722,-0.00037,-1,-1,-1,0,0,0,136,1,1,0,0.0000000,0.0000000,0.0000000,0,0,0,0
755573260100250 D 212,985087339,1000,1553,1553,2.3822722,-0.00036,-1,-1,-1,0,0,0,136,1,1,0,0.0000000,0.0000000,0.0000000,0,0,0,0
755573261083708 D 213,985088339,1000,1553,1553,2.3822722,-0.00034,-1,-1,-1,0,0,0,136,1,1,0,0.0000000,0.0000000,0.0000000,0,0,0,0
755573262105416 D 214,985089339,1000,1553,1553,2.3822722,-0.00033,-1,-1,-1,0,0,0,136,1,1,0,0.0000000,0.0000000,0.0000000,0,0,0,0
755573262931333 D 215,985090339,1000,1553,1553,2.3822722,-0.00032,-1,-1,-1,0,0,0,136,1,1,0,0.0000000,0.0000000,0.0000000,0,0,0,0
755573263848958 D 216,985091339,1000,1553,1553,2.3822722,-0.00031,-1,-1,-1,0,0,0,136,1,1,0,0.0000000,0.0000000,0.0000000,0,0,0,0
755573264845625 D 217,985092339,1000,1553,1553,2.3822722,-0.00029,-1,-1,-1,0,0,0,136,1,1,0,0.0000000,0.0000000,0.0000000,0,0,0,0
755573265862541 D 218,985093339,1000,1553,1553,2.3822722,-0.00028,-1,-1,-1,0,0,0,136,1,1,0,0.0000000,0.0000000,0.0000000,0,0,0,0
755573266878375 D 219,985094339,1000,1553,1553,2.3822722,-0.00027,-1,-1,-1,0,0,0,136,1,1,0,0.0000000,0.0000000,0.0000000,0,0,0,0
755573267861625 D 220,985095339,1000,1553,1553,2.3822722,-0.00026,-1,-1,-1,0,0,0,136,1,1,0,0.0000000,0.0000000,0.0000000,0,0,0,0
755573268862333 D 221,985096339,1000,1553,1553,2.3822722,-0.00025,-1,-1,-1,0,0,0,136,1,1,0,0.0000000,0.0000000,0.0000000,0,0,0,0
755573269859083 D 222,985097339,1000,1553,1553,2.3822722,-0.00024,-1,-1,-1,0,0,0,136,1,1,0,0.0000000,0.0000000,0.0000000,0,0,0,0
755573270871583 D 223,985098339,1000,1553,1553,2.3822722,-0.00023,-1,-1,-1,0,0,0,136,1,1,0,0.0000000,0.0000000,0.0000000,0,0,0,0
755573271863416 D 224,985099339,1000,1553,1553,2.3822722,-0.00022,-1,-1,-1,0,0,0,136,1,1,0,0.0000000,0.0000000,0.0000000,0,0,0,0
755573272861916 D 225,985100339,1000,1553,1553,2.3822722,-0.00021,-1,-1,-1,0,0,0,136,1,1,0,0.0000000,0.0000000,0.0000000,0,0,0,0
755573274086166 D 226,985101339,1000,1553,1553,2.3822722,-0.00020,-1,-1,-1,0,0,0,136,1,1,0,0.0000000,0.0000000,0.0000000,0,0,0,0
755573275498916 D 227,985102339,1000,1553,1553,2.3822722,-0.00020,39,128,2086,0,0,0,136,1,1,0,0.0000000,0.0000000,0.0000000,0,0,0,0
755573276356375 D 228,985103339,1000,1553,1553,2.3822722,-0.00019,-1,-1,-1,0,0,0,136,1,1,0,0.0000000,0.0000000,0.0000000,0,0,0,0
755573277171625 D 229,985104339,1000,1553,1553,2.3822722,-0.00018,-1,-1,-1,0,0,0,136,1,1,0,0.0000000,0.0000000,0.0000000,0,0,0,0
755573278111291 D 230,985105339,1000,1553,1553,2.3822722,-0.00017,-1,-1,-1,0,0,0,136,1,1,0,0.0000000,0.0000000,0.0000000,0,0,0,0
755573278903791 D 231,985106339,1000,1553,1553,2.3822722,-0.00017,-1,-1,-1,0,0,0,136,1,1,0,0.0000000,0.0000000,0.0000000,0,0,0,0
755573279871708 D 232,985107339,1000,1554,1554,2.3838062,0.05999,-1,-1,-1,0,0,0,136,1,1,0,0.0000000,0.0000000,0.0000000,0,0,0,0
755573280863000 D 233,985108339,1000,1553,1553,2.3822722,-0.00251,-1,-1,-1,0,0,0,136,1,1,0,0.0000000,0.0000000,0.0000000,0,0,0,0
755573281862500 D 234,985109339,1000,1553,1553,2.3822722,-0.00241,-1,-1,-1,0,0,0,136,1,1,0,0.0000000,0.0000000,0.0000000,0,0,0,0
755573282860833 D 235,985110339,1000,1553,1553,2.3822722,-0.00232,-1,-1,-1,0,0,0,136,1,1,0,0.0000000,0.0000000,0.0000000,0,0,0,0
755573283862541 D 236,985111339,1000,1553,1553,2.3822722,-0.00223,-1,-1,-1,0,0,0,136,1,1,0,0.0000000,0.0000000,0.0000000,0,0,0,0
755573284859625 D 237,985112339,1000,1553,1553,2.3822722,-0.00214,-1,-1,-1,0,0,0,136,1,1,0,0.0000000,0.0000000,0.0000000,0,0,0,0
755573285877583 D 238,985113339,1000,1553,1553,2.3822722,-0.00206,-1,-1,-1,0,0,0,136,1,1,0,0.0000000,0.0000000,0.0000000,0,0,0,0
755573286883583 D 239,985114339,1000,1553,1553,2.3822722,-0.00198,-1,-1,-1,0,0,0,136,1,1,0,0.0000000,0.0000000,0.0000000,0,0,0,0
755573287864541 D 240,985115339,1000,1553,1553,2.3822722,-0.00190,-1,-1,-1,0,0,0,136,1,1,0,0.0000000,0.0000000,0.0000000,0,0,0,0
755573288864916 D 241,985116339,1000,1553,1553,2.3822722,-0.00183,-1,-1,-1,0,0,0,136,1,1,0,0.0000000,0.0000000,0.0000000,0,0,0,0
755573289860958 D 242,985117339,1000,1553,1553,2.3822722,-0.00175,-1,-1,-1,0,0,0,136,1,1,0,0.0000000,0.0000000,0.0000000,0,0,0,0
755573290858000 D 243,985118339,1000,1553,1553,2.3822722,-0.00168,-1,-1,-1,0,0,0,136,1,1,0,0.0000000,0.0000000,0.0000000,0,0,0,0
755573291860083 D 244,985119339,1000,1553,1553,2.3822722,-0.00162,-1,-1,-1,0,0,0,136,1,1,0,0.0000000,0.0000000,0.0000000,0,0,0,0
755573292853916 D 245,985120339,1000,1553,1553,2.3822722,-0.00156,-1,-1,-1,0,0,0,136,1,1,0,0.0000000,0.0000000,0.0000000,0,0,0,0
755573293854000 D 246,985121339,1000,1553,1553,2.3822722,-0.00149,-1,-1,-1,0,0,0,136,1,1,0,0.0000000,0.0000000,0.0000000,0,0,0,0
755573294857208 D 247,985122339,1000,1553,1553,2.3822722,-0.00144,-1,-1,-1,0,0,0,136,1,1,0,0.0000000,0.0000000,0.0000000,0,0,0,0
755573295861666 D 248,985123339,1000,1553,1553,2.3822722,-0.00138,-1,-1,-1,0,0,0,136,1,1,0,0.0000000,0.0000000,0.0000000,0,0,0,0
755573296886250 D 249,985124339,1000,1554,1554,2.3838062,0.05882,-1,-1,-1,0,0,0,136,1,1,0,0.0000000,0.0000000,0.0000000,0,0,0,0
755573297890208 D 250,985125339,1000,1553,1553,2.3822722,-0.00363,-1,-1,-1,0,0,0,136,1,1,0,0.0000000,0.0000000,0.0000000,0,0,0,0
755573298866125 D 251,985126339,1000,1553,1553,2.3822722,-0.00349,-1,-1,-1,0,0,0,136,1,1,0,0.0000000,0.0000000,0.0000000,0,0,0,0
755573299876708 D 252,985127339,1000,1553,1553,2.3822722,-0.00335,-1,-1,-1,0,0,0,136,1,1,0,0.0000000,0.0000000,0.0000000,0,0,0,0
755573300878916 D 253,985128339,1000,1553,1553,2.3822722,-0.00322,-1,-1,-1,0,0,0,136,1,1,0,0.0000000,0.0000000,0.0000000,0,0,0,0
755573301880791 D 254,985129339,1000,1553,1553,2.3822722,-0.00309,-1,-1,-1,0,0,0,136,1,1,0,0.0000000,0.0000000,0.0000000,0,0,0,0
755573302856291 D 255,985130339,1000,1553,1553,2.3822722,-0.00297,-1,-1,-1,0,0,0,136,1,1,0,0.0000000,0.0000000,0.0000000,0,0,0,0
755573303861208 D 256,985131339,1000,1554,1554,2.3838062,0.05729,-1,-1,-1,0,0,0,136,1,1,0,0.0000000,0.0000000,0.0000000,0,0,0,0
755573304888750 D 257,985132339,1000,1553,1553,2.3822722,-0.00510,-1,-1,-1,0,0,0,136,1,1,0,0.0000000,0.0000000,0.0000000,0,0,0,0
755573305861958 D 258,985133339,1000,1553,1553,2.3822722,-0.00490,-1,-1,-1,0,0,0,136,1,1,0,0.0000000,0.0000000,0.0000000,0,0,0,0
755573306865000 D 259,985134339,1000,1553,1553,2.3822722,-0.00471,-1,-1,-1,0,0,0,136,1,1,0,0.0000000,0.0000000,0.0000000,0,0,0,0
755573308082208 D 260,985135339,1000,1553,1553,2.3822722,-0.00453,-1,-1,-1,0,0,0,136,1,1,0,0.0000000,0.0000000,0.0000000,0,0,0,0
755573309082625 D 261,985136339,1000,1553,1553,2.3822722,-0.00435,-1,-1,-1,0,0,0,136,1,1,0,0.0000000,0.0000000,0.0000000,0,0,0,0
755573310008625 D 262,985137339,1000,1553,1553,2.3822722,-0.00418,-1,-1,-1,0,0,0,136,1,1,0,0.0000000,0.0000000,0.0000000,0,0,0,0
755573310856708 D 263,985138339,1000,1553,1553,2.3822722,-0.00401,-1,-1,-1,0,0,0,136,1,1,0,0.0000000,0.0000000,0.0000000,0,0,0,0
755573311858041 D 264,985139339,1000,1553,1553,2.3822722,-0.00386,-1,-1,-1,0,0,0,136,1,1,0,0.0000000,0.0000000,0.0000000,0,0,0,0
755573312891958 D 265,985140339,1000,1553,1553,2.3822722,-0.00371,-1,-1,-1,0,0,0,136,1,1,0,0.0000000,0.0000000,0.0000000,0,0,0,0
755573313905500 D 266,985141339,1000,1553,1553,2.3822722,-0.00356,-1,-1,-1,0,0,0,136,1,1,0,0.0000000,0.0000000,0.0000000,0,0,0,0
755573314894291 D 267,985142339,1000,1553,1553,2.3822722,-0.00342,-1,-1,-1,0,0,0,136,1,1,0,0.0000000,0.0000000,0.0000000,0,0,0,0
755573315925041 D 268,985143339,1000,1553,1553,2.3822722,-0.00329,-1,-1,-1,0,0,0,136,1,1,0,0.0000000,0.0000000,0.0000000,0,0,0,0
755573316880541 D 269,985144339,1000,1553,1553,2.3822722,-0.00316,-1,-1,-1,0,0,0,136,1,1,0,0.0000000,0.0000000,0.0000000,0,0,0,0
755573317916958 D 270,985145339,1000,1553,1553,2.3822722,-0.00303,-1,-1,-1,0,0,0,136,1,1,0,0.0000000,0.0000000,0.0000000,0,0,0,0
755573318887708 D 271,985146339,1000,1553,1553,2.3822722,-0.00292,-1,-1,-1,0,0,0,136,1,1,0,0.0000000,0.0000000,0.0000000,0,0,0,0
755573319884791 D 272,985147339,1000,1553,1553,2.3822722,-0.00280,-1,-1,-1,0,0,0,136,1,1,0,0.0000000,0.0000000,0.0000000,0,0,0,0
755573320873416 D 273,985148339,1000,1553,1553,2.3822722,-0.00269,-1,-1,-1,0,0,0,136,1,1,0,0.0000000,0.0000000,0.0000000,0,0,0,0
755573321871833 D 274,985149339,1000,1553,1553,2.3822722,-0.00259,-1,-1,-1,0,0,0,136,1,1,0,0.0000000,0.0000000,0.0000000,0,0,0,0
755573322868166 D 275,985150339,1000,1553,1553,2.3822722,-0.00248,-1,-1,-1,0,0,0,136,1,1,0,0.0000000,0.0000000,0.0000000,0,0,0,0
755573324084000 D 276,985151339,1000,1553,1553,2.3822722,-0.00239,-1,-1,-1,0,0,0,136,1,1,0,0.0000000,0.0000000,0.0000000,0,0,0,0
755573325471375 D 277,985152339,1000,1554,1554,2.3838062,0.05786,39,128,2088,0,0,0,136,1,1,0,0.0000000,0.0000000,0.0000000,0,0,0,0
755573326302291 D 278,985153339,1000,1553,1553,2.3822722,-0.00456,-1,-1,-1,0,0,0,136,1,1,0,0.0000000,0.0000000,0.0000000,0,0,0,0
755573327121083 D 279,985154339,1000,1553,1553,2.3822722,-0.00438,-1,-1,-1,0,0,0,136,1,1,0,0.0000000,0.0000000,0.0000000,0,0,0,0
755573327951625 D 280,985155339,1000,1553,1553,2.3822722,-0.00421,-1,-1,-1,0,0,0,136,1,1,0,0.0000000,0.0000000,0.0000000,0,0,0,0
755573328856500 D 281,985156339,1000,1553,1553,2.3822722,-0.00405,-1,-1,-1,0,0,0,136,1,1,0,0.0000000,0.0000000,0.0000000,0,0,0,0
755573329863250 D 282,985157339,1000,1553,1553,2.3822722,-0.00389,-1,-1,-1,0,0,0,136,1,1,0,0.0000000,0.0000000,0.0000000,0,0,0,0
755573330861166 D 283,985158339,1000,1553,1553,2.3822722,-0.00373,-1,-1,-1,0,0,0,136,1,1,0,0.0000000,0.0000000,0.0000000,0,0,0,0
755573331859000 D 284,985159339,1000,1553,1553,2.3822722,-0.00359,-1,-1,-1,0,0,0,136,1,1,0,0.0000000,0.0000000,0.0000000,0,0,0,0
755573332890166 D 285,985160339,1000,1553,1553,2.3822722,-0.00345,-1,-1,-1,0,0,0,136,1,1,0,0.0000000,0.0000000,0.0000000,0,0,0,0
755573333870208 D 286,985161339,1000,1553,1553,2.3822722,-0.00331,-1,-1,-1,0,0,0,136,1,1,0,0.0000000,0.0000000,0.0000000,0,0,0,0
755573334864000 D 287,985162339,1000,1553,1553,2.3822722,-0.00318,-1,-1,-1,0,0,0,136,1,1,0,0.0000000,0.0000000,0.0000000,0,0,0,0
755573335857541 D 288,985163339,1000,1553,1553,2.3822722,-0.00306,-1,-1,-1,0,0,0,136,1,1,0,0.0000000,0.0000000,0.0000000,0,0,0,0
755573336854625 D 289,985164339,1000,1553,1553,2.3822722,-0.00294,-1,-1,-1,0,0,0,135,1,1,0,0.0000000,0.0000000,0.0000000,0,0,0,0
755573337861458 D 290,985165339,1000,1553,1553,2.3822722,-0.00282,-1,-1,-1,0,0,0,136,1,1,0,0.0000000,0.0000000,0.0000000,0,0,0,0
755573338856666 D 291,985166339,1000,1553,1553,2.3822722,-0.00271,-1,-1,-1,0,0,0,136,1,1,0,0.0000000,0.0000000,0.0000000,0,0,0,0
755573339864625 D 292,985167339,1000,1553,1553,2.3822722,-0.00261,-1,-1,-1,0,0,0,136,1,1,0,0.0000000,0.0000000,0.0000000,0,0,0,0
755573340873750 D 293,985168339,1000,1553,1553,2.3822722,-0.00250,-1,-1,-1,0,0,0,136,1,1,0,0.0000000,0.0000000,0.0000000,0,0,0,0
755573341856708 D 294,985169339,1000,1553,1553,2.3822722,-0.00241,-1,-1,-1,0,0,0,136,1,1,0,0.0000000,0.0000000,0.0000000,0,0,0,0
755573342882500 D 295,985170339,1000,1553,1553,2.3822722,-0.00231,-1,-1,-1,0,0,0,136,1,1,0,0.0000000,0.0000000,0.0000000,0,0,0,0
755573343862208 D 296,985171339,1000,1553,1553,2.3822722,-0.00222,-1,-1,-1,0,0,0,136,1,1,0,0.0000000,0.0000000,0.0000000,0,0,0,0
755573344855333 D 297,985172339,1000,1553,1553,2.3822722,-0.00213,-1,-1,-1,0,0,0,136,1,1,0,0.0000000,0.0000000,0.0000000,0,0,0,0
755573345861958 D 298,985173339,1000,1553,1553,2.3822722,-0.00205,-1,-1,-1,0,0,0,136,1,1,0,0.0000000,0.0000000,0.0000000,0,0,0,0
755573346861000 D 299,985174339,1000,1553,1553,2.3822722,-0.00197,-1,-1,-1,0,0,0,136,1,1,0,0.0000000,0.0000000,0.0000000,0,0,0,0
755573347867500 D 300,985175339,1000,1553,1553,2.3822722,-0.00189,-1,-1,-1,0,0,0,136,1,1,0,0.0000000,0.0000000,0.0000000,0,0,0,0
755573348862125 D 301,985176339,1000,1553,1553,2.3822722,-0.00182,-1,-1,-1,0,0,0,136,1,1,0,0.0000000,0.0000000,0.0000000,0,0,0,0
755573349875208 D 302,985177339,1000,1553,1553,2.3822722,-0.00175,-1,-1,-1,0,0,0,136,1,1,0,0.0000000,0.0000000,0.0000000,0,0,0,0
755573350855750 D 303,985178339,1000,1553,1553,2.3822722,-0.00168,-1,-1,-1,0,0,0,136,1,1,0,0.0000000,0.0000000,0.0000000,0,0,0,0
755573351846041 D 304,985179339,1000,1553,1553,2.3822722,-0.00161,-1,-1,-1,0,0,0,136,1,1,0,0.0000000,0.0000000,0.0000000,0,0,0,0
755573353108708 D 305,985180339,1000,1553,1553,2.3822722,-0.00155,-1,-1,-1,0,0,0,136,1,1,0,0.0000000,0.0000000,0.0000000,0,0,0,0
755573354117166 D 306,985181339,1000,1553,1553,2.3822722,-0.00149,-1,-1,-1,0,0,0,136,1,1,0,0.0000000,0.0000000,0.0000000,0,0,0,0
755573355092666 D 307,985182339,1000,1553,1553,2.3822722,-0.00143,-1,-1,-1,0,0,0,136,1,1,0,0.0000000,0.0000000,0.0000000,0,0,0,0
755573355871166 D 308,985183339,1000,1553,1553,2.3822722,-0.00137,-1,-1,-1,0,0,0,136,1,1,0,0.0000000,0.0000000,0.0000000,0,0,0,0
755573356854583 D 309,985184339,1000,1553,1553,2.3822722,-0.00132,-1,-1,-1,0,0,0,136,1,1,0,0.0000000,0.0000000,0.0000000,0,0,0,0
755573357852125 D 310,985185339,1000,1553,1553,2.3822722,-0.00127,-1,-1,-1,0,0,0,135,1,1,0,0.0000000,0.0000000,0.0000000,0,0,0,0
755573358853791 D 311,985186339,1000,1553,1553,2.3822722,-0.00122,-1,-1,-1,0,0,0,136,1,1,0,0.0000000,0.0000000,0.0000000,0,0,0,0
755573359855666 D 312,985187339,1000,1553,1553,2.3822722,-0.00117,-1,-1,-1,0,0,0,136,1,1,0,0.0000000,0.0000000,0.0000000,0,0,0,0
755573360854416 D 313,985188339,1000,1553,1553,2.3822722,-0.00112,-1,-1,-1,0,0,0,136,1,1,0,0.0000000,0.0000000,0.0000000,0,0,0,0
755573361856916 D 314,985189339,1000,1553,1553,2.3822722,-0.00108,-1,-1,-1,0,0,0,136,1,1,0,0.0000000,0.0000000,0.0000000,0,0,0,0
755573362854125 D 315,985190339,1000,1553,1553,2.3822722,-0.00104,-1,-1,-1,0,0,0,136,1,1,0,0.0000000,0.0000000,0.0000000,0,0,0,0
755573363873583 D 316,985191339,1000,1553,1553,2.3822722,-0.00100,-1,-1,-1,0,0,0,136,1,1,0,0.0000000,0.0000000,0.0000000,0,0,0,0
755573364860666 D 317,985192339,1000,1553,1553,2.3822722,-0.00096,-1,-1,-1,0,0,0,136,1,1,0,0.0000000,0.0000000,0.0000000,0,0,0,0
755573365859916 D 318,985193339,1000,1553,1553,2.3822722,-0.00092,-1,-1,-1,0,0,0,136,1,1,0,0.0000000,0.0000000,0.0000000,0,0,0,0
755573366851500 D 319,985194339,1000,1553,1553,2.3822722,-0.00088,-1,-1,-1,0,0,0,136,1,1,0,0.0000000,0.0000000,0.0000000,0,0,0,0
755573367854375 D 320,985195339,1000,1553,1553,2.3822722,-0.00085,-1,-1,-1,0,0,0,136,1,1,0,0.0000000,0.0000000,0.0000000,0,0,0,0
755573368855041 D 321,985196339,1000,1553,1553,2.3822722,-0.00082,-1,-1,-1,0,0,0,136,1,1,0,0.0000000,0.0000000,0.0000000,0,0,0,0
755573369858750 D 322,985197339,1000,1553,1553,2.3822722,-0.00078,-1,-1,-1,0,0,0,136,1,1,0,0.0000000,0.0000000,0.0000000,0,0,0,0
755573370871041 D 323,985198339,1000,1553,1553,2.3822722,-0.00075,-1,-1,-1,0,0,0,136,1,1,0,0.0000000,0.0000000,0.0000000,0,0,0,0
755573371866000 D 324,985199339,1000,1553,1553,2.3822722,-0.00072,-1,-1,-1,0,0,0,136,1,1,0,0.0000000,0.0000000,0.0000000,0,0,0,0
755573372857208 D 325,985200339,1000,1553,1553,2.3822722,-0.00070,-1,-1,-1,0,0,0,136,1,1,0,0.0000000,0.0000000,0.0000000,0,0,0,0
755573373874916 D 326,985201339,1000,1553,1553,2.3822722,-0.00067,-1,-1,-1,0,0,0,136,1,1,0,0.0000000,0.0000000,0.0000000,0,0,0,0
755573375314833 D 327,985202339,1000,1553,1553,2.3822722,-0.00064,39,128,2087,0,0,0,136,1,1,0,0.0000000,0.0000000,0.0000000,0,0,0,0
755573375930750 D 328,985203339,1000,1553,1553,2.3822722,-0.00062,-1,-1,-1,0,0,0,136,1,1,0,0.0000000,0.0000000,0.0000000,0,0,0,0
755573376925000 D 329,985204339,1000,1553,1553,2.3822722,-0.00059,-1,-1,-1,0,0,0,136,1,1,0,0.0000000,0.0000000,0.0000000,0,0,0,0
755573377886833 D 330,985205339,1000,1553,1553,2.3822722,-0.00057,-1,-1,-1,0,0,0,136,1,1,0,0.0000000,0.0000000,0.0000000,0,0,0,0
755573378874583 D 331,985206339,1000,1553,1553,2.3822722,-0.00055,-1,-1,-1,0,0,0,136,1,1,0,0.0000000,0.0000000,0.0000000,0,0,0,0
755573379885583 D 332,985207339,1000,1553,1553,2.3822722,-0.00053,-1,-1,-1,0,0,0,136,1,1,0,0.0000000,0.0000000,0.0000000,0,0,0,0
755573380898291 D 333,985208339,1000,1553,1553,2.3822722,-0.00051,-1,-1,-1,0,0,0,136,1,1,0,0.0000000,0.0000000,0.0000000,0,0,0,0
755573381882208 D 334,985209339,1000,1553,1553,2.3822722,-0.00049,-1,-1,-1,0,0,0,136,1,1,0,0.0000000,0.0000000,0.0000000,0,0,0,0
755573383086208 D 335,985210339,1000,1553,1553,2.3822722,-0.00047,-1,-1,-1,0,0,0,136,1,1,0,0.0000000,0.0000000,0.0000000,0,0,0,0
755573384086416 D 336,985211339,1000,1553,1553,2.3822722,-0.00045,-1,-1,-1,0,0,0,136,1,1,0,0.0000000,0.0000000,0.0000000,0,0,0,0
755573385091333 D 337,985212339,1000,1553,1553,2.3822722,-0.00043,-1,-1,-1,0,0,0,136,1,1,0,0.0000000,0.0000000,0.0000000,0,0,0,0
755573386084500 D 338,985213339,1000,1553,1553,2.3822722,-0.00041,-1,-1,-1,0,0,0,136,1,1,0,0.0000000,0.0000000,0.0000000,0,0,0,0
755573387012666 D 339,985214339,1000,1553,1553,2.3822722,-0.00040,-1,-1,-1,0,0,0,136,1,1,0,0.0000000,0.0000000,0.0000000,0,0,0,0
755573387859625 D 340,985215339,1000,1553,1553,2.3822722,-0.00038,-1,-1,-1,0,0,0,136,1,1,0,0.0000000,0.0000000,0.0000000,0,0,0,0
755573388861708 D 341,985216339,1000,1553,1553,2.3822722,-0.00037,-1,-1,-1,0,0,0,136,1,1,0,0.0000000,0.0000000,0.0000000,0,0,0,0
755573389859375 D 342,985217339,1000,1553,1553,2.3822722,-0.00035,-1,-1,-1,0,0,0,136,1,1,0,0.0000000,0.0000000,0.0000000,0,0,0,0
755573390860500 D 343,985218339,1000,1553,1553,2.3822722,-0.00034,-1,-1,-1,0,0,0,136,1,1,0,0.0000000,0.0000000,0.0000000,0,0,0,0
755573391871250 D 344,985219339,1000,1553,1553,2.3822722,-0.00033,-1,-1,-1,0,0,0,136,1,1,0,0.0000000,0.0000000,0.0000000,0,0,0,0
755573392878583 D 345,985220339,1000,1553,1553,2.3822722,-0.00031,-1,-1,-1,0,0,0,136,1,1,0,0.0000000,0.0000000,0.0000000,0,0,0,0
755573393868375 D 346,985221339,1000,1553,1553,2.3822722,-0.00030,-1,-1,-1,0,0,0,136,1,1,0,0.0000000,0.0000000,0.0000000,0,0,0,0
755573394853458 D 347,985222339,1000,1553,1553,2.3822722,-0.00029,-1,-1,-1,0,0,0,136,1,1,0,0.0000000,0.0000000,0.0000000,0,0,0,0
755573395864208 D 348,985223339,1000,1553,1553,2.3822722,-0.00028,-1,-1,-1,0,0,0,136,1,1,0,0.0000000,0.0000000,0.0000000,0,0,0,0
755573396874125 D 349,985224339,1000,1553,1553,2.3822722,-0.00027,-1,-1,-1,0,0,0,136,1,1,0,0.0000000,0.0000000,0.0000000,0,0,0,0
755573397859416 D 350,985225339,1000,1553,1553,2.3822722,-0.00026,-1,-1,-1,0,0,0,136,1,1,0,0.0000000,0.0000000,0.0000000,0,0,0,0
755573399075875 D 351,985226339,1000,1553,1553,2.3822722,-0.00025,-1,-1,-1,0,0,0,136,1,1,0,0.0000000,0.0000000,0.0000000,0,0,0,0
755573400072958 D 352,985227339,1000,1553,1553,2.3822722,-0.00024,-1,-1,-1,0,0,0,136,1,1,0,0.0000000,0.0000000,0.0000000,0,0,0,0
755573401102000 D 353,985228339,1000,1553,1553,2.3822722,-0.00023,-1,-1,-1,0,0,0,136,1,1,0,0.0000000,0.0000000,0.0000000,0,0,0,0
755573402092958 D 354,985229339,1000,1553,1553,2.3822722,-0.00022,-1,-1,-1,0,0,0,136,1,1,0,0.0000000,0.0000000,0.0000000,0,0,0,0
755573402967125 D 355,985230339,1000,1553,1553,2.3822722,-0.00021,-1,-1,-1,0,0,0,136,1,1,0,0.0000000,0.0000000,0.0000000,0,0,0,0
755573403860166 D 356,985231339,1000,1553,1553,2.3822722,-0.00020,-1,-1,-1,0,0,0,136,1,1,0,0.0000000,0.0000000,0.0000000,0,0,0,0
755573404859333 D 357,985232339,1000,1553,1553,2.3822722,-0.00019,-1,-1,-1,0,0,0,136,1,1,0,0.0000000,0.0000000,0.0000000,0,0,0,0
755573405858166 D 358,985233339,1000,1553,1553,2.3822722,-0.00019,-1,-1,-1,0,0,0,136,1,1,0,0.0000000,0.0000000,0.0000000,0,0,0,0
755573406852750 D 359,985234339,1000,1553,1553,2.3822722,-0.00018,-1,-1,-1,0,0,0,136,1,1,0,0.0000000,0.0000000,0.0000000,0,0,0,0
755573407851916 D 360,985235339,1000,1553,1553,2.3822722,-0.00017,-1,-1,-1,0,0,0,136,1,1,0,0.0000000,0.0000000,0.0000000,0,0,0,0
755573408852041 D 361,985236339,1000,1553,1553,2.3822722,-0.00016,-1,-1,-1,0,0,0,136,1,1,0,0.0000000,0.0000000,0.0000000,0,0,0,0
755573409859083 D 362,985237339,1000,1553,1553,2.3822722,-0.00016,-1,-1,-1,0,0,0,136,1,1,0,0.0000000,0.0000000,0.0000000,0,0,0,0
755573410867666 D 363,985238339,1000,1553,1553,2.3822722,-0.00015,-1,-1,-1,0,0,0,136,1,1,0,0.0000000,0.0000000,0.0000000,0,0,0,0
755573411863125 D 364,985239339,1000,1553,1553,2.3822722,-0.00015,-1,-1,-1,0,0,0,136,1,1,0,0.0000000,0.0000000,0.0000000,0,0,0,0
755573412857416 D 365,985240339,1000,1553,1553,2.3822722,-0.00014,-1,-1,-1,0,0,0,136,1,1,0,0.0000000,0.0000000,0.0000000,0,0,0,0
755573413854208 D 366,985241339,1000,1553,1553,2.3822722,-0.00014,-1,-1,-1,0,0,0,136,1,1,0,0.0000000,0.0000000,0.0000000,0,0,0,0
755573414853041 D 367,985242339,1000,1553,1553,2.3822722,-0.00013,-1,-1,-1,0,0,0,136,1,1,0,0.0000000,0.0000000,0.0000000,0,0,0,0
755573415854375 D 368,985243339,1000,1553,1553,2.3822722,-0.00012,-1,-1,-1,0,0,0,136,1,1,0,0.0000000,0.0000000,0.0000000,0,0,0,0
755573416851083 D 369,985244339,1000,1553,1553,2.3822722,-0.00012,-1,-1,-1,0,0,0,136,1,1,0,0.0000000,0.0000000,0.0000000,0,0,0,0
755573417857000 D 370,985245339,1000,1553,1553,2.3822722,-0.00012,-1,-1,-1,0,0,0,136,1,1,0,0.0000000,0.0000000,0.0000000,0,0,0,0
755573418858500 D 371,985246339,1000,1553,1553,2.3822722,-0.00011,-1,-1,-1,0,0,0,136,1,1,0,0.0000000,0.0000000,0.0000000,0,0,0,0
755573419850166 D 372,985247339,1000,1553,1553,2.3822722,-0.00011,-1,-1,-1,0,0,0,136,1,1,0,0.0000000,0.0000000,0.0000000,0,0,0,0
755573420860333 D 373,985248339,1000,1553,1553,2.3822722,-0.00010,-1,-1,-1,0,0,0,136,1,1,0,0.0000000,0.0000000,0.0000000,0,0,0,0
755573421870916 D 374,985249339,1000,1553,1553,2.3822722,-0.00010,-1,-1,-1,0,0,0,136,1,1,0,0.0000000,0.0000000,0.0000000,0,0,0,0
755573422864458 D 375,985250339,1000,1553,1553,2.3822722,-0.00009,-1,-1,-1,0,0,0,136,1,1,0,0.0000000,0.0000000,0.0000000,0,0,0,0
755573423856791 D 376,985251339,1000,1553,1553,2.3822722,-0.00009,-1,-1,-1,0,0,0,136,1,1,0,0.0000000,0.0000000,0.0000000,0,0,0,0
755573425236708 D 377,985252339,1000,1553,1553,2.3822722,-0.00009,39,128,2086,0,0,0,136,1,1,0,0.0000000,0.0000000,0.0000000,0,0,0,0
755573425845166 D 378,985253339,1000,1553,1553,2.3822722,-0.00008,-1,-1,-1,0,0,0,136,1,1,0,0.0000000,0.0000000,0.0000000,0,0,0,0
755573426863416 D 379,985254339,1000,1553,1553,2.3822722,-0.00008,-1,-1,-1,0,0,0,136,1,1,0,0.0000000,0.0000000,0.0000000,0,0,0,0
755573428095458 D 380,985255339,1000,1553,1553,2.3822722,-0.00008,-1,-1,-1,0,0,0,136,1,1,0,0.0000000,0.0000000,0.0000000,0,0,0,0
755573429065791 D 381,985256339,1000,1553,1553,2.3822722,-0.00007,-1,-1,-1,0,0,0,136,1,1,0,0.0000000,0.0000000,0.0000000,0,0,0,0
755573430070000 D 382,985257339,1000,1553,1553,2.3822722,-0.00007,-1,-1,-1,0,0,0,136,1,1,0,0.0000000,0.0000000,0.0000000,0,0,0,0
755573430859291 D 383,985258339,1000,1553,1553,2.3822722,-0.00007,-1,-1,-1,0,0,0,136,1,1,0,0.0000000,0.0000000,0.0000000,0,0,0,0
755573431850916 D 384,985259339,1000,1553,1553,2.3822722,-0.00007,-1,-1,-1,0,0,0,136,1,1,0,0.0000000,0.0000000,0.0000000,0,0,0,0
755573432849708 D 385,985260339,1000,1553,1553,2.3822722,-0.00006,-1,-1,-1,0,0,0,136,1,1,0,0.0000000,0.0000000,0.0000000,0,0,0,0
755573433853541 D 386,985261339,1000,1553,1553,2.3822722,-0.00006,-1,-1,-1,0,0,0,136,1,1,0,0.0000000,0.0000000,0.0000000,0,0,0,0
755573434859166 D 387,985262339,1000,1553,1553,2.3822722,-0.00006,-1,-1,-1,0,0,0,136,1,1,0,0.0000000,0.0000000,0.0000000,0,0,0,0
755573435852666 D 388,985263339,1000,1553,1553,2.3822722,-0.00006,-1,-1,-1,0,0,0,136,1,1,0,0.0000000,0.0000000,0.0000000,0,0,0,0
755573436849958 D 389,985264339,1000,1553,1553,2.3822722,-0.00005,-1,-1,-1,0,0,0,136,1,1,0,0.0000000,0.0000000,0.0000000,0,0,0,0
755573437844416 D 390,985265339,1000,1554,1554,2.3838062,0.06010,-1,-1,-1,0,0,0,136,1,1,0,0.0000000,0.0000000,0.0000000,0,0,0,0
755573438851041 D 391,985266339,1000,1553,1553,2.3822722,-0.00241,-1,-1,-1,0,0,0,136,1,1,0,0.0000000,0.0000000,0.0000000,0,0,0,0
755573439850416 D 392,985267339,1000,1553,1553,2.3822722,-0.00231,-1,-1,-1,0,0,0,136,1,1,0,0.0000000,0.0000000,0.0000000,0,0,0,0
755573440849500 D 393,985268339,1000,1553,1553,2.3822722,-0.00222,-1,-1,-1,0,0,0,136,1,1,0,0.0000000,0.0000000,0.0000000,0,0,0,0
755573441866708 D 394,985269339,1000,1553,1553,2.3822722,-0.00214,-1,-1,-1,0,0,0,136,1,1,0,0.0000000,0.0000000,0.0000000,0,0,0,0
755573442869208 D 395,985270339,1000,1553,1553,2.3822722,-0.00205,-1,-1,-1,0,0,0,136,1,1,0,0.0000000,0.0000000,0.0000000,0,0,0,0
755573443857416 D 396,985271339,1000,1553,1553,2.3822722,-0.00197,-1,-1,-1,0,0,0,136,1,1,0,0.0000000,0.0000000,0.0000000,0,0,0,0
755573444850583 D 397,985272339,1000,1553,1553,2.3822722,-0.00189,-1,-1,-1,0,0,0,136,1,1,0,0.0000000,0.0000000,0.0000000,0,0,0,0
755573445853708 D 398,985273339,1000,1553,1553,2.3822722,-0.00182,-1,-1,-1,0,0,0,136,1,1,0,0.0000000,0.0000000,0.0000000,0,0,0,0
755573446852166 D 399,985274339,1000,1553,1553,2.3822722,-0.00175,-1,-1,-1,0,0,0,136,1,1,0,0.0000000,0.0000000,0.0000000,0,0,0,0
755573447861166 D 400,985275339,1000,1553,1553,2.3822722,-0.00168,-1,-1,-1,0,0,0,136,1,1,0,0.0000000,0.0000000,0.0000000,0,0,0,0
755573448859375 D 401,985276339,1000,1553,1553,2.3822722,-0.00161,-1,-1,-1,0,0,0,136,1,1,0,0.0000000,0.0000000,0.0000000,0,0,0,0
755573449850500 D 402,985277339,1000,1553,1553,2.3822722,-0.00155,-1,-1,-1,0,0,0,136,1,1,0,0.0000000,0.0000000,0.0000000,0,0,0,0
755573450852291 D 403,985278339,1000,1553,1553,2.3822722,-0.00149,-1,-1,-1,0,0,0,136,1,1,0,0.0000000,0.0000000,0.0000000,0,0,0,0
755573451848875 D 404,985279339,1000,1553,1553,2.3822722,-0.00143,-1,-1,-1,0,0,0,136,1,1,0,0.0000000,0.0000000,0.0000000,0,0,0,0
755573452849583 D 405,985280339,1000,1553,1553,2.3822722,-0.00138,-1,-1,-1,0,0,0,136,1,1,0,0.0000000,0.0000000,0.0000000,0,0,0,0
755573453850375 D 406,985281339,1000,1553,1553,2.3822722,-0.00132,-1,-1,-1,0,0,0,136,1,1,0,0.0000000,0.0000000,0.0000000,0,0,0,0
755573454855083 D 407,985282339,1000,1553,1553,2.3822722,-0.00127,-1,-1,-1,0,0,0,136,1,1,0,0.0000000,0.0000000,0.0000000,0,0,0,0
755573455863541 D 408,985283339,1000,1553,1553,2.3822722,-0.00122,-1,-1,-1,0,0,0,136,1,1,0,0.0000000,0.0000000,0.0000000,0,0,0,0
755573456862208 D 409,985284339,1000,1553,1553,2.3822722,-0.00117,-1,-1,-1,0,0,0,136,1,1,0,0.0000000,0.0000000,0.0000000,0,0,0,0
755573458088333 D 410,985285339,1000,1553,1553,2.3822722,-0.00113,-1,-1,-1,0,0,0,136,1,1,0,0.0000000,0.0000000,0.0000000,0,0,0,0
755573459093041 D 411,985286339,1000,1553,1553,2.3822722,-0.00108,-1,-1,-1,0,0,0,136,1,1,0,0.0000000,0.0000000,0.0000000,0,0,0,0
755573460024125 D 412,985287339,1000,1553,1553,2.3822722,-0.00104,-1,-1,-1,0,0,0,136,1,1,0,0.0000000,0.0000000,0.0000000,0,0,0,0
755573460857958 D 413,985288339,1000,1553,1553,2.3822722,-0.00100,-1,-1,-1,0,0,0,136,1,1,0,0.0000000,0.0000000,0.0000000,0,0,0,0
755573461848875 D 414,985289339,1000,1554,1554,2.3838062,0.05919,-1,-1,-1,0,0,0,136,1,1,0,0.0000000,0.0000000,0.0000000,0,0,0,0
755573462844916 D 415,985290339,1000,1553,1553,2.3822722,-0.00328,-1,-1,-1,0,0,0,136,1,1,0,0.0000000,0.0000000,0.0000000,0,0,0,0
755573463850916 D 416,985291339,1000,1553,1553,2.3822722,-0.00315,-1,-1,-1,0,0,0,136,1,1,0,0.0000000,0.0000000,0.0000000,0,0,0,0
755573464847125 D 417,985292339,1000,1553,1553,2.3822722,-0.00303,-1,-1,-1,0,0,0,136,1,1,0,0.0000000,0.0000000,0.0000000,0,0,0,0
755573465858125 D 418,985293339,1000,1553,1553,2.3822722,-0.00291,-1,-1,-1,0,0,0,136,1,1,0,0.0000000,0.0000000,0.0000000,0,0,0,0
755573466880375 D 419,985294339,1000,1554,1554,2.3838062,0.05735,-1,-1,-1,0,0,0,136,1,1,0,0.0000000,0.0000000,0.0000000,0,0,0,0
755573467861583 D 420,985295339,1000,1553,1553,2.3822722,-0.00504,-1,-1,-1,0,0,0,136,1,1,0,0.0000000,0.0000000,0.0000000,0,0,0,0
755573468868708 D 421,985296339,1000,1553,1553,2.3822722,-0.00485,-1,-1,-1,0,0,0,136,1,1,0,0.0000000,0.0000000,0.0000000,0,0,0,0
755573469881000 D 422,985297339,1000,1553,1553,2.3822722,-0.00466,-1,-1,-1,0,0,0,136,1,1,0,0.0000000,0.0000000,0.0000000,0,0,0,0
755573470863166 D 423,985298339,1000,1553,1553,2.3822722,-0.00447,-1,-1,-1,0,0,0,136,1,1,0,0.0000000,0.0000000,0.0000000,0,0,0,0
755573471858125 D 424,985299339,1000,1553,1553,2.3822722,-0.00430,-1,-1,-1,0,0,0,136,1,1,0,0.0000000,0.0000000,0.0000000,0,0,0,0
755573472853916 D 425,985300339,1000,1553,1553,2.3822722,-0.00413,-1,-1,-1,0,0,0,136,1,1,0,0.0000000,0.0000000,0.0000000,0,0,0,0
755573473871083 D 426,985301339,1000,1553,1553,2.3822722,-0.00397,-1,-1,-1,0,0,0,136,1,1,0,0.0000000,0.0000000,0.0000000,0,0,0,0
755573475291875 D 427,985302339,1000,1553,1553,2.3822722,-0.00381,39,128,2088,0,0,0,136,1,1,0,0.0000000,0.0000000,0.0000000,0,0,0,0
755573475894083 D 428,985303339,1000,1553,1553,2.3822722,-0.00366,-1,-1,-1,0,0,0,136,1,1,0,0.0000000,0.0000000,0.0000000,0,0,0,0
755573476879625 D 429,985304339,1000,1553,1553,2.3822722,-0.00352,-1,-1,-1,0,0,0,136,1,1,0,0.0000000,0.0000000,0.0000000,0,0,0,0
755573477934666 D 430,985305339,1000,1553,1553,2.3822722,-0.00338,-1,-1,-1,0,0,0,136,1,1,0,0.0000000,0.0000000,0.0000000,0,0,0,0
755573478875875 D 431,985306339,1000,1553,1553,2.3822722,-0.00325,-1,-1,-1,0,0,0,136,1,1,0,0.0000000,0.0000000,0.0000000,0,0,0,0
755573479882250 D 432,985307339,1000,1553,1553,2.3822722,-0.00312,-1,-1,-1,0,0,0,136,1,1,0,0.0000000,0.0000000,0.0000000,0,0,0,0
755573480887291 D 433,985308339,1000,1553,1553,2.3822722,-0.00300,-1,-1,-1,0,0,0,136,1,1,0,0.0000000,0.0000000,0.0000000,0,0,0,0
755573481864833 D 434,985309339,1000,1553,1553,2.3822722,-0.00288,-1,-1,-1,0,0,0,136,1,1,0,0.0000000,0.0000000,0.0000000,0,0,0,0
755573483073833 D 435,985310339,1000,1553,1553,2.3822722,-0.00277,-1,-1,-1,0,0,0,136,1,1,0,0.0000000,0.0000000,0.0000000,0,0,0,0
755573484119833 D 436,985311339,1000,1553,1553,2.3822722,-0.00266,-1,-1,-1,0,0,0,136,1,1,0,0.0000000,0.0000000,0.0000000,0,0,0,0
755573485080625 D 437,985312339,1000,1553,1553,2.3822722,-0.00256,-1,-1,-1,0,0,0,136,1,1,0,0.0000000,0.0000000,0.0000000,0,0,0,0
755573485945791 D 438,985313339,1000,1553,1553,2.3822722,-0.00246,-1,-1,-1,0,0,0,136,1,1,0,0.0000000,0.0000000,0.0000000,0,0,0,0
755573486863833 D 439,985314339,1000,1553,1553,2.3822722,-0.00236,-1,-1,-1,0,0,0,136,1,1,0,0.0000000,0.0000000,0.0000000,0,0,0,0
755573487874333 D 440,985315339,1000,1553,1553,2.3822722,-0.00227,-1,-1,-1,0,0,0,136,1,1,0,0.0000000,0.0000000,0.0000000,0,0,0,0
755573488862583 D 441,985316339,1000,1553,1553,2.3822722,-0.00218,-1,-1,-1,0,0,0,136,1,1,0,0.0000000,0.0000000,0.0000000,0,0,0,0
755573489927500 D 442,985317339,1000,1553,1553,2.3822722,-0.00209,-1,-1,-1,0,0,0,136,1,1,0,0.0000000,0.0000000,0.0000000,0,0,0,0
755573490885625 D 443,985318339,1000,1553,1553,2.3822722,-0.00201,-1,-1,-1,0,0,0,136,1,1,0,0.0000000,0.0000000,0.0000000,0,0,0,0
755573491886791 D 444,985319339,1000,1553,1553,2.3822722,-0.00193,-1,-1,-1,0,0,0,136,1,1,0,0.0000000,0.0000000,0.0000000,0,0,0,0
755573492863250 D 445,985320339,1000,1553,1553,2.3822722,-0.00186,-1,-1,-1,0,0,0,136,1,1,0,0.0000000,0.0000000,0.0000000,0,0,0,0
755573493859083 D 446,985321339,1000,1553,1553,2.3822722,-0.00178,-1,-1,-1,0,0,0,136,1,1,0,0.0000000,0.0000000,0.0000000,0,0,0,0
755573495103958 D 447,985322339,1000,1553,1553,2.3822722,-0.00171,-1,-1,-1,0,0,0,136,1,1,0,0.0000000,0.0000000,0.0000000,0,0,0,0
755573496070208 D 448,985323339,1000,1553,1553,2.3822722,-0.00165,-1,-1,-1,0,0,0,136,1,1,0,0.0000000,0.0000000,0.0000000,0,0,0,0
755573497071291 D 449,985324339,1000,1553,1553,2.3822722,-0.00158,-1,-1,-1,0,0,0,136,1,1,0,0.0000000,0.0000000,0.0000000,0,0,0,0
755573498100166 D 450,985325339,1000,1553,1553,2.3822722,-0.00152,-1,-1,-1,0,0,0,136,1,1,0,0.0000000,0.0000000,0.0000000,0,0,0,0
755573499095291 D 451,985326339,1000,1553,1553,2.3822722,-0.00146,-1,-1,-1,0,0,0,136,1,1,0,0.0000000,0.0000000,0.0000000,0,0,0,0
755573499904750 D 452,985327339,1000,1553,1553,2.3822722,-0.00140,-1,-1,-1,0,0,0,136,1,1,0,0.0000000,0.0000000,0.0000000,0,0,0,0
755573500879166 D 453,985328339,1000,1553,1553,2.3822722,-0.00135,-1,-1,-1,0,0,0,136,1,1,0,0.0000000,0.0000000,0.0000000,0,0,0,0
755573501874250 D 454,985329339,1000,1553,1553,2.3822722,-0.00129,-1,-1,-1,0,0,0,136,1,1,0,0.0000000,0.0000000,0.0000000,0,0,0,0
755573502864083 D 455,985330339,1000,1553,1553,2.3822722,-0.00124,-1,-1,-1,0,0,0,136,1,1,0,0.0000000,0.0000000,0.0000000,0,0,0,0
755573503864041 D 456,985331339,1000,1553,1553,2.3822722,-0.00120,-1,-1,-1,0,0,0,136,1,1,0,0.0000000,0.0000000,0.0000000,0,0,0,0
755573504853125 D 457,985332339,1000,1553,1553,2.3822722,-0.00115,-1,-1,-1,0,0,0,136,1,1,0,0.0000000,0.0000000,0.0000000,0,0,0,0
755573505904875 D 458,985333339,1000,1553,1553,2.3822722,-0.00110,-1,-1,-1,0,0,0,136,1,1,0,0.0000000,0.0000000,0.0000000,0,0,0,0
755573506905541 D 459,985334339,1000,1553,1553,2.3822722,-0.00106,-1,-1,-1,0,0,0,136,1,1,0,0.0000000,0.0000000,0.0000000,0,0,0,0
755573507907083 D 460,985335339,1000,1553,1553,2.3822722,-0.00102,-1,-1,-1,0,0,0,136,1,1,0,0.0000000,0.0000000,0.0000000,0,0,0,0
755573508929916 D 461,985336339,1000,1553,1553,2.3822722,-0.00098,-1,-1,-1,0,0,0,136,1,1,0,0.0000000,0.0000000,0.0000000,0,0,0,0
755573509955416 D 462,985337339,1000,1553,1553,2.3822722,-0.00094,-1,-1,-1,0,0,0,136,1,1,0,0.0000000,0.0000000,0.0000000,0,0,0,0
755573510977291 D 463,985338339,1000,1553,1553,2.3822722,-0.00090,-1,-1,-1,0,0,0,136,1,1,0,0.0000000,0.0000000,0.0000000,0,0,0,0
755573511946125 D 464,985339339,1000,1553,1553,2.3822722,-0.00087,-1,-1,-1,0,0,0,135,1,1,0,0.0000000,0.0000000,0.0000000,0,0,0,0
755573513068250 D 465,985340339,1000,1553,1553,2.3822722,-0.00083,-1,-1,-1,0,0,0,136,1,1,0,0.0000000,0.0000000,0.0000000,0,0,0,0
755573513944583 D 466,985341339,1000,1553,1553,2.3822722,-0.00080,-1,-1,-1,0,0,0,136,1,1,0,0.0000000,0.0000000,0.0000000,0,0,0,0
755573514925625 D 467,985342339,1000,1553,1553,2.3822722,-0.00077,-1,-1,-1,0,0,0,136,1,1,0,0.0000000,0.0000000,0.0000000,0,0,0,0
755573515894791 D 468,985343339,1000,1553,1553,2.3822722,-0.00074,-1,-1,-1,0,0,0,136,1,1,0,0.0000000,0.0000000,0.0000000,0,0,0,0
755573516916333 D 469,985344339,1000,1553,1553,2.3822722,-0.00071,-1,-1,-1,0,0,0,136,1,1,0,0.0000000,0.0000000,0.0000000,0,0,0,0
755573517908125 D 470,985345339,1000,1553,1553,2.3822722,-0.00068,-1,-1,-1,0,0,0,136,1,1,0,0.0000000,0.0000000,0.0000000,0,0,0,0
755573518890041 D 471,985346339,1000,1553,1553,2.3822722,-0.00066,-1,-1,-1,0,0,0,136,1,1,0,0.0000000,0.0000000,0.0000000,0,0,0,0
755573519885000 D 472,985347339,1000,1553,1553,2.3822722,-0.00063,-1,-1,-1,0,0,0,136,1,1,0,0.0000000,0.0000000,0.0000000,0,0,0,0
755573520878791 D 473,985348339,1000,1553,1553,2.3822722,-0.00061,-1,-1,-1,0,0,0,136,1,1,0,0.0000000,0.0000000,0.0000000,0,0,0,0
755573521936583 D 474,985349339,1000,1553,1553,2.3822722,-0.00058,-1,-1,-1,0,0,0,136,1,1,0,0.0000000,0.0000000,0.0000000,0,0,0,0
755573522889875 D 475,985350339,1000,1553,1553,2.3822722,-0.00056,-1,-1,-1,0,0,0,136,1,1,0,0.0000000,0.0000000,0.0000000,0,0,0,0
755573523894166 D 476,985351339,1000,1553,1553,2.3822722,-0.00054,-1,-1,-1,0,0,0,136,1,1,0,0.0000000,0.0000000,0.0000000,0,0,0,0
755573525340500 D 477,985352339,1000,1553,1553,2.3822722,-0.00052,39,128,2087,0,0,0,136,1,1,0,0.0000000,0.0000000,0.0000000,0,0,0,0
755573525945000 D 478,985353339,1000,1553,1553,2.3822722,-0.00050,-1,-1,-1,0,0,0,136,1,1,0,0.0000000,0.0000000,0.0000000,0,0,0,0
755573526897041 D 479,985354339,1000,1553,1553,2.3822722,-0.00048,-1,-1,-1,0,0,0,136,1,1,0,0.0000000,0.0000000,0.0000000,0,0,0,0
755573527882208 D 480,985355339,1000,1553,1553,2.3822722,-0.00046,-1,-1,-1,0,0,0,136,1,1,0,0.0000000,0.0000000,0.0000000,0,0,0,0
755573529126041 D 481,985356339,1000,1553,1553,2.3822722,-0.00044,-1,-1,-1,0,0,0,136,1,1,0,0.0000000,0.0000000,0.0000000,0,0,0,0
755573530148500 D 482,985357339,1000,1553,1553,2.3822722,-0.00042,-1,-1,-1,0,0,0,136,1,1,0,0.0000000,0.0000000,0.0000000,0,0,0,0
755573531111916 D 483,985358339,1000,1553,1553,2.3822722,-0.00041,-1,-1,-1,0,0,0,136,1,1,0,0.0000000,0.0000000,0.0000000,0,0,0,0
755573531924875 D 484,985359339,1000,1553,1553,2.3822722,-0.00039,-1,-1,-1,0,0,0,136,1,1,0,0.0000000,0.0000000,0.0000000,0,0,0,0
755573532936875 D 485,985360339,1000,1553,1553,2.3822722,-0.00037,-1,-1,-1,0,0,0,136,1,1,0,0.0000000,0.0000000,0.0000000,0,0,0,0
755573533904083 D 486,985361339,1000,1553,1553,2.3822722,-0.00036,-1,-1,-1,0,0,0,136,1,1,0,0.0000000,0.0000000,0.0000000,0,0,0,0
755573534891541 D 487,985362339,1000,1553,1553,2.3822722,-0.00035,-1,-1,-1,0,0,0,136,1,1,0,0.0000000,0.0000000,0.0000000,0,0,0,0
755573535882708 D 488,985363339,1000,1553,1553,2.3822722,-0.00033,-1,-1,-1,0,0,0,136,1,1,0,0.0000000,0.0000000,0.0000000,0,0,0,0
755573536936750 D 489,985364339,1000,1553,1553,2.3822722,-0.00032,-1,-1,-1,0,0,0,136,1,1,0,0.0000000,0.0000000,0.0000000,0,0,0,0
755573537917083 D 490,985365339,1000,1553,1553,2.3822722,-0.00031,-1,-1,-1,0,0,0,136,1,1,0,0.0000000,0.0000000,0.0000000,0,0,0,0
755573538905625 D 491,985366339,1000,1553,1553,2.3822722,-0.00029,-1,-1,-1,0,0,0,136,1,1,0,0.0000000,0.0000000,0.0000000,0,0,0,0
755573539879125 D 492,985367339,1000,1553,1553,2.3822722,-0.00028,-1,-1,-1,0,0,0,136,1,1,0,0.0000000,0.0000000,0.0000000,0,0,0,0
755573540874250 D 493,985368339,1000,1554,1554,2.3838062,0.05988,-1,-1,-1,0,0,0,136,1,1,0,0.0000000,0.0000000,0.0000000,0,0,0,0
755573541890708 D 494,985369339,1000,1553,1553,2.3822722,-0.00262,-1,-1,-1,0,0,0,136,1,1,0,0.0000000,0.0000000,0.0000000,0,0,0,0
755573542888583 D 495,985370339,1000,1553,1553,2.3822722,-0.00252,-1,-1,-1,0,0,0,136,1,1,0,0.0000000,0.0000000,0.0000000,0,0,0,0
755573543880166 D 496,985371339,1000,1553,1553,2.3822722,-0.00242,-1,-1,-1,0,0,0,136,1,1,0,0.0000000,0.0000000,0.0000000,0,0,0,0
755573544875000 D 497,985372339,1000,1553,1553,2.3822722,-0.00232,-1,-1,-1,0,0,0,136,1,1,0,0.0000000,0.0000000,0.0000000,0,0,0,0
755573545925208 D 498,985373339,1000,1553,1553,2.3822722,-0.00223,-1,-1,-1,0,0,0,136,1,1,0,0.0000000,0.0000000,0.0000000,0,0,0,0
755573546900541 D 499,985374339,1000,1553,1553,2.3822722,-0.00214,-1,-1,-1,0,0,0,136,1,1,0,0.0000000,0.0000000,0.0000000,0,0,0,0
755573547887166 D 500,985375339,1000,1553,1553,2.3822722,-0.00206,-1,-1,-1,0,0,0,136,1,1,0,0.0000000,0.0000000,0.0000000,0,0,0,0
755573548875916 D 501,985376339,1000,1553,1553,2.3822722,-0.00198,-1,-1,-1,0,0,0,136,1,1,0,0.0000000,0.0000000,0.0000000,0,0,0,0
755573549866125 D 502,985377341,1002,1554,1554,2.3838062,0.05824,-1,-1,-1,0,0,0,136,1,1,0,0.0000000,0.0000000,0.0000000,0,0,0,0
755573550883583 D 503,985378339,998,1553,1553,2.3822722,-0.00419,-1,-1,-1,0,0,0,136,1,1,0,0.0000000,0.0000000,0.0000000,0,0,0,0
755573552013875 D 504,985379339,1000,1553,1553,2.3822722,-0.00402,-1,-1,-1,0,0,0,136,1,1,0,0.0000000,0.0000000,0.0000000,0,0,0,0
755573553119541 D 505,985380339,1000,1553,1553,2.3822722,-0.00386,-1,-1,-1,0,0,0,136,1,1,0,0.0000000,0.0000000,0.0000000,0,0,0,0
755573554107166 D 506,985381339,1000,1553,1553,2.3822722,-0.00371,-1,-1,-1,0,0,0,136,1,1,0,0.0000000,0.0000000,0.0000000,0,0,0,0
755573554999791 D 507,985382339,1000,1553,1553,2.3822722,-0.00357,-1,-1,-1,0,0,0,136,1,1,0,0.0000000,0.0000000,0.0000000,0,0,0,0
755573555877666 D 508,985383339,1000,1553,1553,2.3822722,-0.00343,-1,-1,-1,0,0,0,136,1,1,0,0.0000000,0.0000000,0.0000000,0,0,0,0
755573556887083 D 509,985384339,1000,1553,1553,2.3822722,-0.00329,-1,-1,-1,0,0,0,136,1,1,0,0.0000000,0.0000000,0.0000000,0,0,0,0
755573557871625 D 510,985385339,1000,1553,1553,2.3822722,-0.00316,-1,-1,-1,0,0,0,136,1,1,0,0.0000000,0.0000000,0.0000000,0,0,0,0
755573558882125 D 511,985386339,1000,1553,1553,2.3822722,-0.00304,-1,-1,-1,0,0,0,136,1,1,0,0.0000000,0.0000000,0.0000000,0,0,0,0
755573559876583 D 512,985387339,1000,1553,1553,2.3822722,-0.00292,-1,-1,-1,0,0,0,136,1,1,0,0.0000000,0.0000000,0.0000000,0,0,0,0
755573560865208 D 513,985388339,1000,1553,1553,2.3822722,-0.00281,-1,-1,-1,0,0,0,136,1,1,0,0.0000000,0.0000000,0.0000000,0,0,0,0
755573561891083 D 514,985389339,1000,1553,1553,2.3822722,-0.00270,-1,-1,-1,0,0,0,136,1,1,0,0.0000000,0.0000000,0.0000000,0,0,0,0
755573562935833 D 515,985390339,1000,1553,1553,2.3822722,-0.00259,-1,-1,-1,0,0,0,136,1,1,0,0.0000000,0.0000000,0.0000000,0,0,0,0
755573563918750 D 516,985391339,1000,1553,1553,2.3822722,-0.00249,-1,-1,-1,0,0,0,136,1,1,0,0.0000000,0.0000000,0.0000000,0,0,0,0
755573564936750 D 517,985392339,1000,1553,1553,2.3822722,-0.00239,-1,-1,-1,0,0,0,136,1,1,0,0.0000000,0.0000000,0.0000000,0,0,0,0
755573565882333 D 518,985393339,1000,1553,1553,2.3822722,-0.00230,-1,-1,-1,0,0,0,136,1,1,0,0.0000000,0.0000000,0.0000000,0,0,0,0
755573566890750 D 519,985394339,1000,1553,1553,2.3822722,-0.00221,-1,-1,-1,0,0,0,136,1,1,0,0.0000000,0.0000000,0.0000000,0,0,0,0
755573567892041 D 520,985395339,1000,1553,1553,2.3822722,-0.00212,-1,-1,-1,0,0,0,136,1,1,0,0.0000000,0.0000000,0.0000000,0,0,0,0
755573568904916 D 521,985396339,1000,1553,1553,2.3822722,-0.00204,-1,-1,-1,0,0,0,136,1,1,0,0.0000000,0.0000000,0.0000000,0,0,0,0
755573569874708 D 522,985397339,1000,1553,1553,2.3822722,-0.00196,-1,-1,-1,0,0,0,136,1,1,0,0.0000000,0.0000000,0.0000000,0,0,0,0
755573570901916 D 523,985398339,1000,1553,1553,2.3822722,-0.00188,-1,-1,-1,0,0,0,136,1,1,0,0.0000000,0.0000000,0.0000000,0,0,0,0
755573571893666 D 524,985399339,1000,1553,1553,2.3822722,-0.00181,-1,-1,-1,0,0,0,136,1,1,0,0.0000000,0.0000000,0.0000000,0,0,0,0
755573572903875 D 525,985400339,1000,1553,1553,2.3822722,-0.00174,-1,-1,-1,0,0,0,136,1,1,0,0.0000000,0.0000000,0.0000000,0,0,0,0
755573573902166 D 526,985401339,1000,1553,1553,2.3822722,-0.00167,-1,-1,-1,0,0,0,136,1,1,0,0.0000000,0.0000000,0.0000000,0,0,0,0
755573575344333 D 527,985402339,1000,1553,1553,2.3822722,-0.00160,39,128,2087,0,0,0,136,1,1,0,0.0000000,0.0000000,0.0000000,0,0,0,0
755573575951125 D 528,985403339,1000,1553,1553,2.3822722,-0.00154,-1,-1,-1,0,0,0,136,1,1,0,0.0000000,0.0000000,0.0000000,0,0,0,0
755573576879833 D 529,985404339,1000,1553,1553,2.3822722,-0.00148,-1,-1,-1,0,0,0,136,1,1,0,0.0000000,0.0000000,0.0000000,0,0,0,0
755573577898166 D 530,985405339,1000,1553,1553,2.3822722,-0.00142,-1,-1,-1,0,0,0,136,1,1,0,0.0000000,0.0000000,0.0000000,0,0,0,0
755573578930833 D 531,985406339,1000,1553,1553,2.3822722,-0.00137,-1,-1,-1,0,0,0,136,1,1,0,0.0000000,0.0000000,0.0000000,0,0,0,0
755573580149208 D 532,985407339,1000,1553,1553,2.3822722,-0.00131,-1,-1,-1,0,0,0,136,1,1,0,0.0000000,0.0000000,0.0000000,0,0,0,0
755573581107958 D 533,985408339,1000,1553,1553,2.3822722,-0.00126,-1,-1,-1,0,0,0,136,1,1,0,0.0000000,0.0000000,0.0000000,0,0,0,0
755573582117541 D 534,985409339,1000,1553,1553,2.3822722,-0.00121,-1,-1,-1,0,0,0,136,1,1,0,0.0000000,0.0000000,0.0000000,0,0,0,0
755573582895958 D 535,985410339,1000,1553,1553,2.3822722,-0.00116,-1,-1,-1,0,0,0,136,1,1,0,0.0000000,0.0000000,0.0000000,0,0,0,0
755573583924458 D 536,985411339,1000,1553,1553,2.3822722,-0.00112,-1,-1,-1,0,0,0,136,1,1,0,0.0000000,0.0000000,0.0000000,0,0,0,0
755573584896000 D 537,985412339,1000,1554,1554,2.3838062,0.05907,-1,-1,-1,0,0,0,136,1,1,0,0.0000000,0.0000000,0.0000000,0,0,0,0
755573585906666 D 538,985413339,1000,1553,1553,2.3822722,-0.00339,-1,-1,-1,0,0,0,136,1,1,0,0.0000000,0.0000000,0.0000000,0,0,0,0
755573586903458 D 539,985414339,1000,1553,1553,2.3822722,-0.00326,-1,-1,-1,0,0,0,136,1,1,0,0.0000000,0.0000000,0.0000000,0,0,0,0
755573587899583 D 540,985415339,1000,1553,1553,2.3822722,-0.00313,-1,-1,-1,0,0,0,136,1,1,0,0.0000000,0.0000000,0.0000000,0,0,0,0
755573588878875 D 541,985416339,1000,1553,1553,2.3822722,-0.00301,-1,-1,-1,0,0,0,135,1,1,0,0.0000000,0.0000000,0.0000000,0,0,0,0
755573589878291 D 542,985417339,1000,1553,1553,2.3822722,-0.00289,-1,-1,-1,0,0,0,136,1,1,0,0.0000000,0.0000000,0.0000000,0,0,0,0
755573590868125 D 543,985418339,1000,1553,1553,2.3822722,-0.00278,-1,-1,-1,0,0,0,136,1,1,0,0.0000000,0.0000000,0.0000000,0,0,0,0
755573591863000 D 544,985419339,1000,1554,1554,2.3838062,0.05748,-1,-1,-1,0,0,0,136,1,1,0,0.0000000,0.0000000,0.0000000,0,0,0,0
755573592880708 D 545,985420339,1000,1553,1553,2.3822722,-0.00492,-1,-1,-1,0,0,0,136,1,1,0,0.0000000,0.0000000,0.0000000,0,0,0,0
755573593863541 D 546,985421339,1000,1553,1553,2.3822722,-0.00473,-1,-1,-1,0,0,0,136,1,1,0,0.0000000,0.0000000,0.0000000,0,0,0,0
755573594915583 D 547,985422339,1000,1553,1553,2.3822722,-0.00454,-1,-1,-1,0,0,0,136,1,1,0,0.0000000,0.0000000,0.0000000,0,0,0,0
755573595904458 D 548,985423339,1000,1553,1553,2.3822722,-0.00436,-1,-1,-1,0,0,0,136,1,1,0,0.0000000,0.0000000,0.0000000,0,0,0,0
755573596859708 D 549,985424339,1000,1553,1553,2.3822722,-0.00419,-1,-1,-1,0,0,0,136,1,1,0,0.0000000,0.0000000,0.0000000,0,0,0,0
755573597872458 D 550,985425339,1000,1553,1553,2.3822722,-0.00403,-1,-1,-1,0,0,0,136,1,1,0,0.0000000,0.0000000,0.0000000,0,0,0,0
755573598878666 D 551,985426339,1000,1553,1553,2.3822722,-0.00387,-1,-1,-1,0,0,0,136,1,1,0,0.0000000,0.0000000,0.0000000,0,0,0,0
755573599910708 D 552,985427339,1000,1553,1553,2.3822722,-0.00372,-1,-1,-1,0,0,0,136,1,1,0,0.0000000,0.0000000,0.0000000,0,0,0,0
755573600884625 D 553,985428339,1000,1553,1553,2.3822722,-0.00357,-1,-1,-1,0,0,0,136,1,1,0,0.0000000,0.0000000,0.0000000,0,0,0,0
755573601866541 D 554,985429339,1000,1553,1553,2.3822722,-0.00343,-1,-1,-1,0,0,0,136,1,1,0,0.0000000,0.0000000,0.0000000,0,0,0,0
755573602868166 D 555,985430339,1000,1553,1553,2.3822722,-0.00330,-1,-1,-1,0,0,0,135,1,1,0,0.0000000,0.0000000,0.0000000,0,0,0,0
755573603859541 D 556,985431339,1000,1553,1553,2.3822722,-0.00317,-1,-1,-1,0,0,0,136,1,1,0,0.0000000,0.0000000,0.0000000,0,0,0,0
755573604865791 D 557,985432339,1000,1553,1553,2.3822722,-0.00305,-1,-1,-1,0,0,0,136,1,1,0,0.0000000,0.0000000,0.0000000,0,0,0,0
755573605860833 D 558,985433339,1000,1554,1554,2.3838062,0.05722,-1,-1,-1,0,0,0,136,1,1,0,0.0000000,0.0000000,0.0000000,0,0,0,0
755573606864208 D 559,985434339,1000,1553,1553,2.3822722,-0.00517,-1,-1,-1,0,0,0,136,1,1,0,0.0000000,0.0000000,0.0000000,0,0,0,0
755573607867791 D 560,985435339,1000,1553,1553,2.3822722,-0.00497,-1,-1,-1,0,0,0,136,1,1,0,0.0000000,0.0000000,0.0000000,0,0,0,0
755573608864250 D 561,985436339,1000,1553,1553,2.3822722,-0.00477,-1,-1,-1,0,0,0,136,1,1,0,0.0000000,0.0000000,0.0000000,0,0,0,0
755573609866250 D 562,985437339,1000,1553,1553,2.3822722,-0.00458,-1,-1,-1,0,0,0,136,1,1,0,0.0000000,0.0000000,0.0000000,0,0,0,0
755573610866958 D 563,985438339,1000,1553,1553,2.3822722,-0.00441,-1,-1,-1,0,0,0,136,1,1,0,0.0000000,0.0000000,0.0000000,0,0,0,0
755573611909125 D 564,985439339,1000,1553,1553,2.3822722,-0.00423,-1,-1,-1,0,0,0,136,1,1,0,0.0000000,0.0000000,0.0000000,0,0,0,0
755573612884750 D 565,985440339,1000,1553,1553,2.3822722,-0.00407,-1,-1,-1,0,0,0,136,1,1,0,0.0000000,0.0000000,0.0000000,0,0,0,0
755573613869458 D 566,985441339,1000,1553,1553,2.3822722,-0.00391,-1,-1,-1,0,0,0,136,1,1,0,0.0000000,0.0000000,0.0000000,0,0,0,0
755573614985041 D 567,985442339,1000,1553,1553,2.3822722,-0.00375,-1,-1,-1,0,0,0,136,1,1,0,0.0000000,0.0000000,0.0000000,0,0,0,0
755573616123541 D 568,985443339,1000,1553,1553,2.3822722,-0.00361,-1,-1,-1,0,0,0,136,1,1,0,0.0000000,0.0000000,0.0000000,0,0,0,0
755573617088500 D 569,985444339,1000,1553,1553,2.3822722,-0.00347,-1,-1,-1,0,0,0,136,1,1,0,0.0000000,0.0000000,0.0000000,0,0,0,0
755573618026125 D 570,985445339,1000,1553,1553,2.3822722,-0.00333,-1,-1,-1,0,0,0,136,1,1,0,0.0000000,0.0000000,0.0000000,0,0,0,0
755573618878333 D 571,985446339,1000,1553,1553,2.3822722,-0.00320,-1,-1,-1,0,0,0,136,1,1,0,0.0000000,0.0000000,0.0000000,0,0,0,0
755573619868458 D 572,985447339,1000,1553,1553,2.3822722,-0.00307,-1,-1,-1,0,0,0,136,1,1,0,0.0000000,0.0000000,0.0000000,0,0,0,0
755573620858416 D 573,985448339,1000,1553,1553,2.3822722,-0.00295,-1,-1,-1,0,0,0,136,1,1,0,0.0000000,0.0000000,0.0000000,0,0,0,0
755573621869541 D 574,985449339,1000,1553,1553,2.3822722,-0.00284,-1,-1,-1,0,0,0,136,1,1,0,0.0000000,0.0000000,0.0000000,0,0,0,0
755573622857458 D 575,985450339,1000,1553,1553,2.3822722,-0.00273,-1,-1,-1,0,0,0,136,1,1,0,0.0000000,0.0000000,0.0000000,0,0,0,0
755573623865250 D 576,985451339,1000,1553,1553,2.3822722,-0.00262,-1,-1,-1,0,0,0,136,1,1,0,0.0000000,0.0000000,0.0000000,0,0,0,0
755573625303083 D 577,985452339,1000,1553,1553,2.3822722,-0.00252,39,128,2087,0,0,0,136,1,1,0,0.0000000,0.0000000,0.0000000,0,0,0,0
755573625907875 D 578,985453339,1000,1553,1553,2.3822722,-0.00242,-1,-1,-1,0,0,0,136,1,1,0,0.0000000,0.0000000,0.0000000,0,0,0,0
755573626859916 D 579,985454339,1000,1553,1553,2.3822722,-0.00232,-1,-1,-1,0,0,0,136,1,1,0,0.0000000,0.0000000,0.0000000,0,0,0,0
755573627861041 D 580,985455339,1000,1553,1553,2.3822722,-0.00223,-1,-1,-1,0,0,0,136,1,1,0,0.0000000,0.0000000,0.0000000,0,0,0,0
755573628858333 D 581,985456339,1000,1553,1553,2.3822722,-0.00214,-1,-1,-1,0,0,0,136,1,1,0,0.0000000,0.0000000,0.0000000,0,0,0,0
755573629891791 D 582,985457339,1000,1553,1553,2.3822722,-0.00206,-1,-1,-1,0,0,0,136,1,1,0,0.0000000,0.0000000,0.0000000,0,0,0,0
755573630902333 D 583,985458339,1000,1553,1553,2.3822722,-0.00198,-1,-1,-1,0,0,0,136,1,1,0,0.0000000,0.0000000,0.0000000,0,0,0,0
755573632107208 D 584,985459339,1000,1553,1553,2.3822722,-0.00190,-1,-1,-1,0,0,0,136,1,1,0,0.0000000,0.0000000,0.0000000,0,0,0,0
755573633101041 D 585,985460339,1000,1553,1553,2.3822722,-0.00183,-1,-1,-1,0,0,0,136,1,1,0,0.0000000,0.0000000,0.0000000,0,0,0,0
755573633981541 D 586,985461339,1000,1553,1553,2.3822722,-0.00176,-1,-1,-1,0,0,0,136,1,1,0,0.0000000,0.0000000,0.0000000,0,0,0,0
755573634877583 D 587,985462339,1000,1553,1553,2.3822722,-0.00169,-1,-1,-1,0,0,0,136,1,1,0,0.0000000,0.0000000,0.0000000,0,0,0,0
755573635864125 D 588,985463339,1000,1553,1553,2.3822722,-0.00162,-1,-1,-1,0,0,0,136,1,1,0,0.0000000,0.0000000,0.0000000,0,0,0,0
755573636864375 D 589,985464339,1000,1553,1553,2.3822722,-0.00156,-1,-1,-1,0,0,0,136,1,1,0,0.0000000,0.0000000,0.0000000,0,0,0,0
755573637869958 D 590,985465339,1000,1553,1553,2.3822722,-0.00150,-1,-1,-1,0,0,0,136,1,1,0,0.0000000,0.0000000,0.0000000,0,0,0,0
755573638877125 D 591,985466339,1000,1553,1553,2.3822722,-0.00144,-1,-1,-1,0,0,0,136,1,1,0,0.0000000,0.0000000,0.0000000,0,0,0,0
755573639862083 D 592,985467339,1000,1553,1553,2.3822722,-0.00138,-1,-1,-1,0,0,0,136,1,1,0,0.0000000,0.0000000,0.0000000,0,0,0,0
755573640859875 D 593,985468339,1000,1553,1553,2.3822722,-0.00133,-1,-1,-1,0,0,0,136,1,1,0,0.0000000,0.0000000,0.0000000,0,0,0,0
755573641862041 D 594,985469339,1000,1553,1553,2.3822722,-0.00127,-1,-1,-1,0,0,0,136,1,1,0,0.0000000,0.0000000,0.0000000,0,0,0,0
755573642878708 D 595,985470339,1000,1553,1553,2.3822722,-0.00122,-1,-1,-1,0,0,0,136,1,1,0,0.0000000,0.0000000,0.0000000,0,0,0,0
755573643857291 D 596,985471339,1000,1553,1553,2.3822722,-0.00118,-1,-1,-1,0,0,0,136,1,1,0,0.0000000,0.0000000,0.0000000,0,0,0,0
755573644864541 D 597,985472339,1000,1553,1553,2.3822722,-0.00113,-1,-1,-1,0,0,0,136,1,1,0,0.0000000,0.0000000,0.0000000,0,0,0,0
755573645855250 D 598,985473339,1000,1553,1553,2.3822722,-0.00109,-1,-1,-1,0,0,0,136,1,1,0,0.0000000,0.0000000,0.0000000,0,0,0,0
755573646876750 D 599,985474339,1000,1553,1553,2.3822722,-0.00104,-1,-1,-1,0,0,0,136,1,1,0,0.0000000,0.0000000,0.0000000,0,0,0,0
755573647868208 D 600,985475339,1000,1553,1553,2.3822722,-0.00100,-1,-1,-1,0,0,0,136,1,1,0,0.0000000,0.0000000,0.0000000,0,0,0,0
755573648860666 D 601,985476339,1000,1553,1553,2.3822722,-0.00096,-1,-1,-1,0,0,0,136,1,1,0,0.0000000,0.0000000,0.0000000,0,0,0,0
755573649869166 D 602,985477339,1000,1553,1553,2.3822722,-0.00093,-1,-1,-1,0,0,0,136,1,1,0,0.0000000,0.0000000,0.0000000,0,0,0,0
755573650890833 D 603,985478339,1000,1553,1553,2.3822722,-0.00089,-1,-1,-1,0,0,0,136,1,1,0,0.0000000,0.0000000,0.0000000,0,0,0,0
755573651922583 D 604,985479339,1000,1553,1553,2.3822722,-0.00085,-1,-1,-1,0,0,0,136,1,1,0,0.0000000,0.0000000,0.0000000,0,0,0,0
755573652905041 D 605,985480339,1000,1553,1553,2.3822722,-0.00082,-1,-1,-1,0,0,0,136,1,1,0,0.0000000,0.0000000,0.0000000,0,0,0,0
755573653898083 D 606,985481339,1000,1553,1553,2.3822722,-0.00079,-1,-1,-1,0,0,0,136,1,1,0,0.0000000,0.0000000,0.0000000,0,0,0,0
755573654908083 D 607,985482339,1000,1553,1553,2.3822722,-0.00076,-1,-1,-1,0,0,0,136,1,1,0,0.0000000,0.0000000,0.0000000,0,0,0,0
755573655919583 D 608,985483339,1000,1553,1553,2.3822722,-0.00073,-1,-1,-1,0,0,0,136,1,1,0,0.0000000,0.0000000,0.0000000,0,0,0,0
755573656991166 D 609,985484339,1000,1553,1553,2.3822722,-0.00070,-1,-1,-1,0,0,0,136,1,1,0,0.0000000,0.0000000,0.0000000,0,0,0,0
755573657928375 D 610,985485339,1000,1553,1553,2.3822722,-0.00067,-1,-1,-1,0,0,0,136,1,1,0,0.0000000,0.0000000,0.0000000,0,0,0,0
755573659166708 D 611,985486339,1000,1553,1553,2.3822722,-0.00065,-1,-1,-1,0,0,0,136,1,1,0,0.0000000,0.0000000,0.0000000,0,0,0,0
755573660114833 D 612,985487339,1000,1553,1553,2.3822722,-0.00062,-1,-1,-1,0,0,0,136,1,1,0,0.0000000,0.0000000,0.0000000,0,0,0,0
755573661092375 D 613,985488339,1000,1553,1553,2.3822722,-0.00060,-1,-1,-1,0,0,0,136,1,1,0,0.0000000,0.0000000,0.0000000,0,0,0,0
755573661888333 D 614,985489339,1000,1553,1553,2.3822722,-0.00057,-1,-1,-1,0,0,0,136,1,1,0,0.0000000,0.0000000,0.0000000,0,0,0,0
755573662900041 D 615,985490339,1000,1553,1553,2.3822722,-0.00055,-1,-1,-1,0,0,0,136,1,1,0,0.0000000,0.0000000,0.0000000,0,0,0,0
755573663853333 D 616,985491339,1000,1553,1553,2.3822722,-0.00053,-1,-1,-1,0,0,0,136,1,1,0,0.0000000,0.0000000,0.0000000,0,0,0,0
755573664874458 D 617,985492339,1000,1553,1553,2.3822722,-0.00051,-1,-1,-1,0,0,0,136,1,1,0,0.0000000,0.0000000,0.0000000,0,0,0,0
755573665872500 D 618,985493339,1000,1553,1553,2.3822722,-0.00049,-1,-1,-1,0,0,0,136,1,1,0,0.0000000,0.0000000,0.0000000,0,0,0,0
755573666965291 D 619,985494339,1000,1553,1553,2.3822722,-0.00047,-1,-1,-1,0,0,0,136,1,1,0,0.0000000,0.0000000,0.0000000,0,0,0,0
755573667915333 D 620,985495339,1000,1553,1553,2.3822722,-0.00045,-1,-1,-1,0,0,0,136,1,1,0,0.0000000,0.0000000,0.0000000,0,0,0,0
755573668898291 D 621,985496339,1000,1553,1553,2.3822722,-0.00043,-1,-1,-1,0,0,0,136,1,1,0,0.0000000,0.0000000,0.0000000,0,0,0,0
755573669885416 D 622,985497339,1000,1553,1553,2.3822722,-0.00042,-1,-1,-1,0,0,0,136,1,1,0,0.0000000,0.0000000,0.0000000,0,0,0,0
755573670869208 D 623,985498339,1000,1553,1553,2.3822722,-0.00040,-1,-1,-1,0,0,0,136,1,1,0,0.0000000,0.0000000,0.0000000,0,0,0,0
755573671893250 D 624,985499339,1000,1553,1553,2.3822722,-0.00038,-1,-1,-1,0,0,0,136,1,1,0,0.0000000,0.0000000,0.0000000,0,0,0,0
755573672868541 D 625,985500339,1000,1553,1553,2.3822722,-0.00037,-1,-1,-1,0,0,0,136,1,1,0,0.0000000,0.0000000,0.0000000,0,0,0,0
755573673861833 D 626,985501339,1000,1554,1554,2.3838062,0.05979,-1,-1,-1,0,0,0,136,1,1,0,0.0000000,0.0000000,0.0000000,0,0,0,0
755573675264625 D 627,985502339,1000,1553,1553,2.3822722,-0.00270,39,128,2086,0,0,0,136,1,1,0,0.0000000,0.0000000,0.0000000,0,0,0,0
755573675939125 D 628,985503339,1000,1553,1553,2.3822722,-0.00259,-1,-1,-1,0,0,0,136,1,1,0,0.0000000,0.0000000,0.0000000,0,0,0,0
755573676871041 D 629,985504339,1000,1553,1553,2.3822722,-0.00249,-1,-1,-1,0,0,0,136,1,1,0,0.0000000,0.0000000,0.0000000,0,0,0,0
755573677900416 D 630,985505339,1000,1553,1553,2.3822722,-0.00239,-1,-1,-1,0,0,0,136,1,1,0,0.0000000,0.0000000,0.0000000,0,0,0,0
755573678886791 D 631,985506339,1000,1553,1553,2.3822722,-0.00230,-1,-1,-1,0,0,0,136,1,1,0,0.0000000,0.0000000,0.0000000,0,0,0,0
755573679916833 D 632,985507339,1000,1553,1553,2.3822722,-0.00221,-1,-1,-1,0,0,0,136,1,1,0,0.0000000,0.0000000,0.0000000,0,0,0,0
755573680913041 D 633,985508339,1000,1553,1553,2.3822722,-0.00212,-1,-1,-1,0,0,0,136,1,1,0,0.0000000,0.0000000,0.0000000,0,0,0,0
755573681884916 D 634,985509339,1000,1553,1553,2.3822722,-0.00204,-1,-1,-1,0,0,0,136,1,1,0,0.0000000,0.0000000,0.0000000,0,0,0,0
755573682877708 D 635,985510339,1000,1553,1553,2.3822722,-0.00196,-1,-1,-1,0,0,0,136,1,1,0,0.0000000,0.0000000,0.0000000,0,0,0,0
755573683946875 D 636,985511339,1000,1553,1553,2.3822722,-0.00188,-1,-1,-1,0,0,0,136,1,1,0,0.0000000,0.0000000,0.0000000,0,0,0,0
755573684876166 D 637,985512339,1000,1553,1553,2.3822722,-0.00181,-1,-1,-1,0,0,0,136,1,1,0,0.0000000,0.0000000,0.0000000,0,0,0,0
755573685873750 D 638,985513339,1000,1553,1553,2.3822722,-0.00174,-1,-1,-1,0,0,0,136,1,1,0,0.0000000,0.0000000,0.0000000,0,0,0,0
755573686871083 D 639,985514339,1000,1553,1553,2.3822722,-0.00167,-1,-1,-1,0,0,0,136,1,1,0,0.0000000,0.0000000,0.0000000,0,0,0,0
755573687874083 D 640,985515339,1000,1553,1553,2.3822722,-0.00160,-1,-1,-1,0,0,0,136,1,1,0,0.0000000,0.0000000,0.0000000,0,0,0,0
755573688875250 D 641,985516339,1000,1553,1553,2.3822722,-0.00154,-1,-1,-1,0,0,0,136,1,1,0,0.0000000,0.0000000,0.0000000,0,0,0,0
755573689880500 D 642,985517339,1000,1553,1553,2.3822722,-0.00148,-1,-1,-1,0,0,0,136,1,1,0,0.0000000,0.0000000,0.0000000,0,0,0,0
755573690868041 D 643,985518339,1000,1553,1553,2.3822722,-0.00142,-1,-1,-1,0,0,0,136,1,1,0,0.0000000,0.0000000,0.0000000,0,0,0,0
755573692012541 D 644,985519339,1000,1553,1553,2.3822722,-0.00137,-1,-1,-1,0,0,0,136,1,1,0,0.0000000,0.0000000,0.0000000,0,0,0,0
755573693122250 D 645,985520339,1000,1553,1553,2.3822722,-0.00131,-1,-1,-1,0,0,0,136,1,1,0,0.0000000,0.0000000,0.0000000,0,0,0,0
755573694128916 D 646,985521339,1000,1553,1553,2.3822722,-0.00126,-1,-1,-1,0,0,0,136,1,1,0,0.0000000,0.0000000,0.0000000,0,0,0,0
755573694995916 D 647,985522339,1000,1553,1553,2.3822722,-0.00121,-1,-1,-1,0,0,0,136,1,1,0,0.0000000,0.0000000,0.0000000,0,0,0,0
755573695872000 D 648,985523339,1000,1553,1553,2.3822722,-0.00117,-1,-1,-1,0,0,0,136,1,1,0,0.0000000,0.0000000,0.0000000,0,0,0,0
755573696876333 D 649,985524339,1000,1553,1553,2.3822722,-0.00112,-1,-1,-1,0,0,0,136,1,1,0,0.0000000,0.0000000,0.0000000,0,0,0,0
755573697869125 D 650,985525339,1000,1553,1553,2.3822722,-0.00108,-1,-1,-1,0,0,0,136,1,1,0,0.0000000,0.0000000,0.0000000,0,0,0,0
755573698861291 D 651,985526339,1000,1553,1553,2.3822722,-0.00103,-1,-1,-1,0,0,0,136,1,1,0,0.0000000,0.0000000,0.0000000,0,0,0,0
755573699879125 D 652,985527339,1000,1553,1553,2.3822722,-0.00099,-1,-1,-1,0,0,0,136,1,1,0,0.0000000,0.0000000,0.0000000,0,0,0,0
755573700865375 D 653,985528339,1000,1553,1553,2.3822722,-0.00095,-1,-1,-1,0,0,0,136,1,1,0,0.0000000,0.0000000,0.0000000,0,0,0,0
755573701870500 D 654,985529339,1000,1553,1553,2.3822722,-0.00092,-1,-1,-1,0,0,0,136,1,1,0,0.0000000,0.0000000,0.0000000,0,0,0,0
755573702857083 D 655,985530339,1000,1553,1553,2.3822722,-0.00088,-1,-1,-1,0,0,0,136,1,1,0,0.0000000,0.0000000,0.0000000,0,0,0,0
755573703857125 D 656,985531339,1000,1553,1553,2.3822722,-0.00085,-1,-1,-1,0,0,0,136,1,1,0,0.0000000,0.0000000,0.0000000,0,0,0,0
755573704853291 D 657,985532339,1000,1553,1553,2.3822722,-0.00081,-1,-1,-1,0,0,0,136,1,1,0,0.0000000,0.0000000,0.0000000,0,0,0,0
755573705853208 D 658,985533339,1000,1553,1553,2.3822722,-0.00078,-1,-1,-1,0,0,0,136,1,1,0,0.0000000,0.0000000,0.0000000,0,0,0,0
755573706854208 D 659,985534339,1000,1553,1553,2.3822722,-0.00075,-1,-1,-1,0,0,0,136,1,1,0,0.0000000,0.0000000,0.0000000,0,0,0,0
755573707855833 D 660,985535339,1000,1553,1553,2.3822722,-0.00072,-1,-1,-1,0,0,0,136,1,1,0,0.0000000,0.0000000,0.0000000,0,0,0,0
755573708897416 D 661,985536339,1000,1553,1553,2.3822722,-0.00069,-1,-1,-1,0,0,0,136,1,1,0,0.0000000,0.0000000,0.0000000,0,0,0,0
755573709930458 D 662,985537339,1000,1553,1553,2.3822722,-0.00067,-1,-1,-1,0,0,0,136,1,1,0,0.0000000,0.0000000,0.0000000,0,0,0,0
755573710886625 D 663,985538339,1000,1553,1553,2.3822722,-0.00064,-1,-1,-1,0,0,0,136,1,1,0,0.0000000,0.0000000,0.0000000,0,0,0,0
755573711864791 D 664,985539339,1000,1553,1553,2.3822722,-0.00061,-1,-1,-1,0,0,0,136,1,1,0,0.0000000,0.0000000,0.0000000,0,0,0,0
755573712878750 D 665,985540339,1000,1553,1553,2.3822722,-0.00059,-1,-1,-1,0,0,0,136,1,1,0,0.0000000,0.0000000,0.0000000,0,0,0,0
755573713871958 D 666,985541339,1000,1553,1553,2.3822722,-0.00057,-1,-1,-1,0,0,0,136,1,1,0,0.0000000,0.0000000,0.0000000,0,0,0,0
755573714858458 D 667,985542339,1000,1553,1553,2.3822722,-0.00054,-1,-1,-1,0,0,0,136,1,1,0,0.0000000,0.0000000,0.0000000,0,0,0,0
755573715862791 D 668,985543339,1000,1553,1553,2.3822722,-0.00052,-1,-1,-1,0,0,0,136,1,1,0,0.0000000,0.0000000,0.0000000,0,0,0,0
755573716867583 D 669,985544339,1000,1553,1553,2.3822722,-0.00050,-1,-1,-1,0,0,0,136,1,1,0,0.0000000,0.0000000,0.0000000,0,0,0,0
755573717859333 D 670,985545339,1000,1553,1553,2.3822722,-0.00048,-1,-1,-1,0,0,0,136,1,1,0,0.0000000,0.0000000,0.0000000,0,0,0,0
755573718866458 D 671,985546339,1000,1553,1553,2.3822722,-0.00046,-1,-1,-1,0,0,0,136,1,1,0,0.0000000,0.0000000,0.0000000,0,0,0,0
755573720147958 D 672,985547339,1000,1553,1553,2.3822722,-0.00045,-1,-1,-1,0,0,0,136,1,1,0,0.0000000,0.0000000,0.0000000,0,0,0,0
755573721088750 D 673,985548339,1000,1553,1553,2.3822722,-0.00043,-1,-1,-1,0,0,0,136,1,1,0,0.0000000,0.0000000,0.0000000,0,0,0,0
755573722107375 D 674,985549339,1000,1553,1553,2.3822722,-0.00041,-1,-1,-1,0,0,0,136,1,1,0,0.0000000,0.0000000,0.0000000,0,0,0,0
755573722908500 D 675,985550339,1000,1553,1553,2.3822722,-0.00040,-1,-1,-1,0,0,0,136,1,1,0,0.0000000,0.0000000,0.0000000,0,0,0,0
755573723862541 D 676,985551339,1000,1553,1553,2.3822722,-0.00038,-1,-1,-1,0,0,0,136,1,1,0,0.0000000,0.0000000,0.0000000,0,0,0,0
755573725268375 D 677,985552339,1000,1553,1553,2.3822722,-0.00037,39,128,2087,0,0,0,136,1,1,0,0.0000000,0.0000000,0.0000000,0,0,0,0
755573725881000 D 678,985553339,1000,1553,1553,2.3822722,-0.00035,-1,-1,-1,0,0,0,136,1,1,0,0.0000000,0.0000000,0.0000000,0,0,0,0
755573726869166 D 679,985554339,1000,1553,1553,2.3822722,-0.00034,-1,-1,-1,0,0,0,136,1,1,0,0.0000000,0.0000000,0.0000000,0,0,0,0
755573727862708 D 680,985555339,1000,1553,1553,2.3822722,-0.00032,-1,-1,-1,0,0,0,136,1,1,0,0.0000000,0.0000000,0.0000000,0,0,0,0
755573728867333 D 681,985556339,1000,1553,1553,2.3822722,-0.00031,-1,-1,-1,0,0,0,135,1,1,0,0.0000000,0.0000000,0.0000000,0,0,0,0
755573729870458 D 682,985557339,1000,1553,1553,2.3822722,-0.00030,-1,-1,-1,0,0,0,136,1,1,0,0.0000000,0.0000000,0.0000000,0,0,0,0
755573730854541 D 683,985558339,1000,1553,1553,2.3822722,-0.00029,-1,-1,-1,0,0,0,136,1,1,0,0.0000000,0.0000000,0.0000000,0,0,0,0
755573731861166 D 684,985559339,1000,1553,1553,2.3822722,-0.00028,-1,-1,-1,0,0,0,136,1,1,0,0.0000000,0.0000000,0.0000000,0,0,0,0
755573732854000 D 685,985560339,1000,1553,1553,2.3822722,-0.00027,-1,-1,-1,0,0,0,136,1,1,0,0.0000000,0.0000000,0.0000000,0,0,0,0
755573733859583 D 686,985561339,1000,1554,1554,2.3838062,0.05989,-1,-1,-1,0,0,0,136,1,1,0,0.0000000,0.0000000,0.0000000,0,0,0,0
755573734880416 D 687,985562339,1000,1553,1553,2.3822722,-0.00260,-1,-1,-1,0,0,0,136,1,1,0,0.0000000,0.0000000,0.0000000,0,0,0,0
755573735866083 D 688,985563339,1000,1553,1553,2.3822722,-0.00250,-1,-1,-1,0,0,0,135,1,1,0,0.0000000,0.0000000,0.0000000,0,0,0,0
755573736847416 D 689,985564339,1000,1553,1553,2.3822722,-0.00240,-1,-1,-1,0,0,0,136,1,1,0,0.0000000,0.0000000,0.0000000,0,0,0,0
755573737869041 D 690,985565339,1000,1553,1553,2.3822722,-0.00231,-1,-1,-1,0,0,0,136,1,1,0,0.0000000,0.0000000,0.0000000,0,0,0,0
755573738865250 D 691,985566339,1000,1553,1553,2.3822722,-0.00222,-1,-1,-1,0,0,0,136,1,1,0,0.0000000,0.0000000,0.0000000,0,0,0,0
755573739866791 D 692,985567339,1000,1553,1553,2.3822722,-0.00213,-1,-1,-1,0,0,0,136,1,1,0,0.0000000,0.0000000,0.0000000,0,0,0,0
755573740888916 D 693,985568339,1000,1553,1553,2.3822722,-0.00205,-1,-1,-1,0,0,0,136,1,1,0,0.0000000,0.0000000,0.0000000,0,0,0,0
755573741861708 D 694,985569339,1000,1553,1553,2.3822722,-0.00197,-1,-1,-1,0,0,0,136,1,1,0,0.0000000,0.0000000,0.0000000,0,0,0,0
755573742859583 D 695,985570339,1000,1553,1553,2.3822722,-0.00189,-1,-1,-1,0,0,0,135,1,1,0,0.0000000,0.0000000,0.0000000,0,0,0,0
755573743855916 D 696,985571339,1000,1553,1553,2.3822722,-0.00182,-1,-1,-1,0,0,0,136,1,1,0,0.0000000,0.0000000,0.0000000,0,0,0,0
755573744850875 D 697,985572339,1000,1553,1553,2.3822722,-0.00175,-1,-1,-1,0,0,0,136,1,1,0,0.0000000,0.0000000,0.0000000,0,0,0,0
755573746074750 D 698,985573339,1000,1553,1553,2.3822722,-0.00168,-1,-1,-1,0,0,0,136,1,1,0,0.0000000,0.0000000,0.0000000,0,0,0,0
755573747074458 D 699,985574339,1000,1553,1553,2.3822722,-0.00161,-1,-1,-1,0,0,0,136,1,1,0,0.0000000,0.0000000,0.0000000,0,0,0,0
755573748088333 D 700,985575339,1000,1553,1553,2.3822722,-0.00155,-1,-1,-1,0,0,0,136,1,1,0,0.0000000,0.0000000,0.0000000,0,0,0,0
755573749085083 D 701,985576339,1000,1553,1553,2.3822722,-0.00149,-1,-1,-1,0,0,0,136,1,1,0,0.0000000,0.0000000,0.0000000,0,0,0,0
755573750074208 D 702,985577339,1000,1553,1553,2.3822722,-0.00143,-1,-1,-1,0,0,0,136,1,1,0,0.0000000,0.0000000,0.0000000,0,0,0,0
755573750847458 D 703,985578339,1000,1553,1553,2.3822722,-0.00137,-1,-1,-1,0,0,0,136,1,1,0,0.0000000,0.0000000,0.0000000,0,0,0,0
755573751859583 D 704,985579339,1000,1553,1553,2.3822722,-0.00132,-1,-1,-1,0,0,0,136,1,1,0,0.0000000,0.0000000,0.0000000,0,0,0,0
755573752865166 D 705,985580339,1000,1553,1553,2.3822722,-0.00127,-1,-1,-1,0,0,0,136,1,1,0,0.0000000,0.0000000,0.0000000,0,0,0,0
755573753857083 D 706,985581339,1000,1553,1553,2.3822722,-0.00122,-1,-1,-1,0,0,0,136,1,1,0,0.0000000,0.0000000,0.0000000,0,0,0,0
755573754853041 D 707,985582339,1000,1553,1553,2.3822722,-0.00117,-1,-1,-1,0,0,0,136,1,1,0,0.0000000,0.0000000,0.0000000,0,0,0,0
755573755862666 D 708,985583339,1000,1553,1553,2.3822722,-0.00112,-1,-1,-1,0,0,0,136,1,1,0,0.0000000,0.0000000,0.0000000,0,0,0,0
755573756883041 D 709,985584339,1000,1553,1553,2.3822722,-0.00108,-1,-1,-1,0,0,0,136,1,1,0,0.0000000,0.0000000,0.0000000,0,0,0,0
755573757853875 D 710,985585339,1000,1553,1553,2.3822722,-0.00104,-1,-1,-1,0,0,0,136,1,1,0,0.0000000,0.0000000,0.0000000,0,0,0,0
755573758886666 D 711,985586339,1000,1553,1553,2.3822722,-0.00100,-1,-1,-1,0,0,0,136,1,1,0,0.0000000,0.0000000,0.0000000,0,0,0,0
755573759868875 D 712,985587339,1000,1553,1553,2.3822722,-0.00096,-1,-1,-1,0,0,0,136,1,1,0,0.0000000,0.0000000,0.0000000,0,0,0,0
755573760871291 D 713,985588339,1000,1553,1553,2.3822722,-0.00092,-1,-1,-1,0,0,0,136,1,1,0,0.0000000,0.0000000,0.0000000,0,0,0,0
755573761864166 D 714,985589339,1000,1553,1553,2.3822722,-0.00088,-1,-1,-1,0,0,0,136,1,1,0,0.0000000,0.0000000,0.0000000,0,0,0,0
755573762862000 D 715,985590339,1000,1553,1553,2.3822722,-0.00085,-1,-1,-1,0,0,0,136,1,1,0,0.0000000,0.0000000,0.0000000,0,0,0,0
755573763857041 D 716,985591339,1000,1553,1553,2.3822722,-0.00082,-1,-1,-1,0,0,0,136,1,1,0,0.0000000,0.0000000,0.0000000,0,0,0,0
755573764851916 D 717,985592339,1000,1553,1553,2.3822722,-0.00078,-1,-1,-1,0,0,0,136,1,1,0,0.0000000,0.0000000,0.0000000,0,0,0,0
755573765854541 D 718,985593339,1000,1553,1553,2.3822722,-0.00075,-1,-1,-1,0,0,0,136,1,1,0,0.0000000,0.0000000,0.0000000,0,0,0,0
755573766847333 D 719,985594339,1000,1553,1553,2.3822722,-0.00072,-1,-1,-1,0,0,0,136,1,1,0,0.0000000,0.0000000,0.0000000,0,0,0,0
755573767852375 D 720,985595339,1000,1553,1553,2.3822722,-0.00070,-1,-1,-1,0,0,0,136,1,1,0,0.0000000,0.0000000,0.0000000,0,0,0,0
755573768865458 D 721,985596339,1000,1553,1553,2.3822722,-0.00067,-1,-1,-1,0,0,0,136,1,1,0,0.0000000,0.0000000,0.0000000,0,0,0,0
755573769877291 D 722,985597339,1000,1554,1554,2.3838062,0.05951,-1,-1,-1,0,0,0,136,1,1,0,0.0000000,0.0000000,0.0000000,0,0,0,0
755573770863041 D 723,985598339,1000,1553,1553,2.3822722,-0.00298,-1,-1,-1,0,0,0,136,1,1,0,0.0000000,0.0000000,0.0000000,0,0,0,0
755573771900166 D 724,985599339,1000,1553,1553,2.3822722,-0.00286,-1,-1,-1,0,0,0,136,1,1,0,0.0000000,0.0000000,0.0000000,0,0,0,0
755573772920000 D 725,985600339,1000,1553,1553,2.3822722,-0.00275,-1,-1,-1,0,0,0,136,1,1,0,0.0000000,0.0000000,0.0000000,0,0,0,0
755573773920583 D 726,985601339,1000,1553,1553,2.3822722,-0.00264,-1,-1,-1,0,0,0,136,1,1,0,0.0000000,0.0000000,0.0000000,0,0,0,0
755573775563583 D 727,985602339,1000,1553,1553,2.3822722,-0.00254,39,128,2087,0,0,0,136,1,1,0,0.0000000,0.0000000,0.0000000,0,0,0,0
755573776407958 D 728,985603339,1000,1553,1553,2.3822722,-0.00244,-1,-1,-1,0,0,0,136,1,1,0,0.0000000,0.0000000,0.0000000,0,0,0,0
755573777242083 D 729,985604339,1000,1553,1553,2.3822722,-0.00234,-1,-1,-1,0,0,0,136,1,1,0,0.0000000,0.0000000,0.0000000,0,0,0,0
755573777963750 D 730,985605339,1000,1553,1553,2.3822722,-0.00225,-1,-1,-1,0,0,0,136,1,1,0,0.0000000,0.0000000,0.0000000,0,0,0,0
755573778871625 D 731,985606339,1000,1553,1553,2.3822722,-0.00216,-1,-1,-1,0,0,0,136,1,1,0,0.0000000,0.0000000,0.0000000,0,0,0,0
755573779874708 D 732,985607339,1000,1553,1553,2.3822722,-0.00208,-1,-1,-1,0,0,0,136,1,1,0,0.0000000,0.0000000,0.0000000,0,0,0,0
755573780907875 D 733,985608339,1000,1553,1553,2.3822722,-0.00199,-1,-1,-1,0,0,0,136,1,1,0,0.0000000,0.0000000,0.0000000,0,0,0,0
755573781945708 D 734,985609339,1000,1553,1553,2.3822722,-0.00192,-1,-1,-1,0,0,0,136,1,1,0,0.0000000,0.0000000,0.0000000,0,0,0,0
755573782897125 D 735,985610339,1000,1553,1553,2.3822722,-0.00184,-1,-1,-1,0,0,0,136,1,1,0,0.0000000,0.0000000,0.0000000,0,0,0,0
755573783899708 D 736,985611339,1000,1553,1553,2.3822722,-0.00177,-1,-1,-1,0,0,0,136,1,1,0,0.0000000,0.0000000,0.0000000,0,0,0,0
755573784885041 D 737,985612339,1000,1553,1553,2.3822722,-0.00170,-1,-1,-1,0,0,0,136,1,1,0,0.0000000,0.0000000,0.0000000,0,0,0,0
755573785876041 D 738,985613339,1000,1553,1553,2.3822722,-0.00163,-1,-1,-1,0,0,0,136,1,1,0,0.0000000,0.0000000,0.0000000,0,0,0,0
755573786895291 D 739,985614339,1000,1553,1553,2.3822722,-0.00157,-1,-1,-1,0,0,0,136,1,1,0,0.0000000,0.0000000,0.0000000,0,0,0,0
755573787919833 D 740,985615339,1000,1553,1553,2.3822722,-0.00151,-1,-1,-1,0,0,0,136,1,1,0,0.0000000,0.0000000,0.0000000,0,0,0,0
755573788886416 D 741,985616339,1000,1553,1553,2.3822722,-0.00145,-1,-1,-1,0,0,0,136,1,1,0,0.0000000,0.0000000,0.0000000,0,0,0,0
755573789892250 D 742,985617339,1000,1553,1553,2.3822722,-0.00139,-1,-1,-1,0,0,0,136,1,1,0,0.0000000,0.0000000,0.0000000,0,0,0,0
755573790900250 D 743,985618339,1000,1553,1553,2.3822722,-0.00134,-1,-1,-1,0,0,0,136,1,1,0,0.0000000,0.0000000,0.0000000,0,0,0,0
755573791881291 D 744,985619339,1000,1553,1553,2.3822722,-0.00128,-1,-1,-1,0,0,0,136,1,1,0,0.0000000,0.0000000,0.0000000,0,0,0,0
755573792903208 D 745,985620339,1000,1553,1553,2.3822722,-0.00123,-1,-1,-1,0,0,0,136,1,1,0,0.0000000,0.0000000,0.0000000,0,0,0,0
755573793910958 D 746,985621339,1000,1553,1553,2.3822722,-0.00119,-1,-1,-1,0,0,0,136,1,1,0,0.0000000,0.0000000,0.0000000,0,0,0,0
755573794879250 D 747,985622339,1000,1553,1553,2.3822722,-0.00114,-1,-1,-1,0,0,0,136,1,1,0,0.0000000,0.0000000,0.0000000,0,0,0,0
755573795884583 D 748,985623339,1000,1553,1553,2.3822722,-0.00109,-1,-1,-1,0,0,0,136,1,1,0,0.0000000,0.0000000,0.0000000,0,0,0,0
755573796889666 D 749,985624339,1000,1553,1553,2.3822722,-0.00105,-1,-1,-1,0,0,0,136,1,1,0,0.0000000,0.0000000,0.0000000,0,0,0,0
755573797895375 D 750,985625339,1000,1553,1553,2.3822722,-0.00101,-1,-1,-1,0,0,0,136,1,1,0,0.0000000,0.0000000,0.0000000,0,0,0,0
755573798880666 D 751,985626339,1000,1553,1553,2.3822722,-0.00097,-1,-1,-1,0,0,0,136,1,1,0,0.0000000,0.0000000,0.0000000,0,0,0,0
755573799929250 D 752,985627339,1000,1553,1553,2.3822722,-0.00093,-1,-1,-1,0,0,0,136,1,1,0,0.0000000,0.0000000,0.0000000,0,0,0,0
755573800897583 D 753,985628339,1000,1553,1553,2.3822722,-0.00090,-1,-1,-1,0,0,0,136,1,1,0,0.0000000,0.0000000,0.0000000,0,0,0,0
755573801876750 D 754,985629339,1000,1553,1553,2.3822722,-0.00086,-1,-1,-1,0,0,0,136,1,1,0,0.0000000,0.0000000,0.0000000,0,0,0,0
755573802915583 D 755,985630339,1000,1553,1553,2.3822722,-0.00083,-1,-1,-1,0,0,0,136,1,1,0,0.0000000,0.0000000,0.0000000,0,0,0,0
755573803899583 D 756,985631339,1000,1553,1553,2.3822722,-0.00079,-1,-1,-1,0,0,0,136,1,1,0,0.0000000,0.0000000,0.0000000,0,0,0,0
755573805099000 D 757,985632339,1000,1553,1553,2.3822722,-0.00076,-1,-1,-1,0,0,0,136,1,1,0,0.0000000,0.0000000,0.0000000,0,0,0,0
755573806175500 D 758,985633339,1000,1553,1553,2.3822722,-0.00073,-1,-1,-1,0,0,0,136,1,1,0,0.0000000,0.0000000,0.0000000,0,0,0,0
755573807118916 D 759,985634339,1000,1553,1553,2.3822722,-0.00070,-1,-1,-1,0,0,0,136,1,1,0,0.0000000,0.0000000,0.0000000,0,0,0,0
755573807900833 D 760,985635339,1000,1554,1554,2.3838062,0.05947,-1,-1,-1,0,0,0,136,1,1,0,0.0000000,0.0000000,0.0000000,0,0,0,0
755573808927583 D 761,985636339,1000,1553,1553,2.3822722,-0.00301,-1,-1,-1,0,0,0,136,1,1,0,0.0000000,0.0000000,0.0000000,0,0,0,0
755573809860500 D 762,985637339,1000,1553,1553,2.3822722,-0.00289,-1,-1,-1,0,0,0,136,1,1,0,0.0000000,0.0000000,0.0000000,0,0,0,0
755573810891500 D 763,985638339,1000,1553,1553,2.3822722,-0.00278,-1,-1,-1,0,0,0,136,1,1,0,0.0000000,0.0000000,0.0000000,0,0,0,0
755573811899625 D 764,985639339,1000,1553,1553,2.3822722,-0.00267,-1,-1,-1,0,0,0,136,1,1,0,0.0000000,0.0000000,0.0000000,0,0,0,0
755573812897125 D 765,985640339,1000,1553,1553,2.3822722,-0.00256,-1,-1,-1,0,0,0,135,1,1,0,0.0000000,0.0000000,0.0000000,0,0,0,0
755573813872708 D 766,985641339,1000,1553,1553,2.3822722,-0.00246,-1,-1,-1,0,0,0,136,1,1,0,0.0000000,0.0000000,0.0000000,0,0,0,0
755573814874208 D 767,985642339,1000,1553,1553,2.3822722,-0.00237,-1,-1,-1,0,0,0,136,1,1,0,0.0000000,0.0000000,0.0000000,0,0,0,0
755573815878208 D 768,985643339,1000,1553,1553,2.3822722,-0.00227,-1,-1,-1,0,0,0,136,1,1,0,0.0000000,0.0000000,0.0000000,0,0,0,0
755573816873791 D 769,985644339,1000,1553,1553,2.3822722,-0.00219,-1,-1,-1,0,0,0,136,1,1,0,0.0000000,0.0000000,0.0000000,0,0,0,0
755573817903291 D 770,985645339,1000,1553,1553,2.3822722,-0.00210,-1,-1,-1,0,0,0,136,1,1,0,0.0000000,0.0000000,0.0000000,0,0,0,0
755573818920458 D 771,985646339,1000,1553,1553,2.3822722,-0.00202,-1,-1,-1,0,0,0,136,1,1,0,0.0000000,0.0000000,0.0000000,0,0,0,0
755573819907416 D 772,985647339,1000,1553,1553,2.3822722,-0.00194,-1,-1,-1,0,0,0,136,1,1,0,0.0000000,0.0000000,0.0000000,0,0,0,0
755573820877458 D 773,985648339,1000,1553,1553,2.3822722,-0.00186,-1,-1,-1,0,0,0,136,1,1,0,0.0000000,0.0000000,0.0000000,0,0,0,0
755573821879500 D 774,985649339,1000,1553,1553,2.3822722,-0.00179,-1,-1,-1,0,0,0,136,1,1,0,0.0000000,0.0000000,0.0000000,0,0,0,0
755573822864500 D 775,985650339,1000,1553,1553,2.3822722,-0.00172,-1,-1,-1,0,0,0,136,1,1,0,0.0000000,0.0000000,0.0000000,0,0,0,0
755573823871916 D 776,985651339,1000,1553,1553,2.3822722,-0.00165,-1,-1,-1,0,0,0,136,1,1,0,0.0000000,0.0000000,0.0000000,0,0,0,0
755573825322958 D 777,985652339,1000,1553,1553,2.3822722,-0.00159,39,128,2087,0,0,0,136,1,1,0,0.0000000,0.0000000,0.0000000,0,0,0,0
755573825930791 D 778,985653339,1000,1553,1553,2.3822722,-0.00152,-1,-1,-1,0,0,0,136,1,1,0,0.0000000,0.0000000,0.0000000,0,0,0,0
755573826875208 D 779,985654339,1000,1553,1553,2.3822722,-0.00146,-1,-1,-1,0,0,0,136,1,1,0,0.0000000,0.0000000,0.0000000,0,0,0,0
755573827881416 D 780,985655339,1000,1553,1553,2.3822722,-0.00141,-1,-1,-1,0,0,0,136,1,1,0,0.0000000,0.0000000,0.0000000,0,0,0,0
755573828880458 D 781,985656339,1000,1553,1553,2.3822722,-0.00135,-1,-1,-1,0,0,0,136,1,1,0,0.0000000,0.0000000,0.0000000,0,0,0,0
755573829896000 D 782,985657339,1000,1553,1553,2.3822722,-0.00130,-1,-1,-1,0,0,0,136,1,1,0,0.0000000,0.0000000,0.0000000,0,0,0,0
755573830867958 D 783,985658339,1000,1553,1553,2.3822722,-0.00125,-1,-1,-1,0,0,0,136,1,1,0,0.0000000,0.0000000,0.0000000,0,0,0,0
755573831868125 D 784,985659339,1000,1553,1553,2.3822722,-0.00120,-1,-1,-1,0,0,0,136,1,1,0,0.0000000,0.0000000,0.0000000,0,0,0,0
755573832862291 D 785,985660339,1000,1553,1553,2.3822722,-0.00115,-1,-1,-1,0,0,0,136,1,1,0,0.0000000,0.0000000,0.0000000,0,0,0,0
755573833865791 D 786,985661339,1000,1553,1553,2.3822722,-0.00111,-1,-1,-1,0,0,0,135,1,1,0,0.0000000,0.0000000,0.0000000,0,0,0,0
755573834891625 D 787,985662339,1000,1553,1553,2.3822722,-0.00106,-1,-1,-1,0,0,0,136,1,1,0,0.0000000,0.0000000,0.0000000,0,0,0,0
755573835870000 D 788,985663339,1000,1553,1553,2.3822722,-0.00102,-1,-1,-1,0,0,0,136,1,1,0,0.0000000,0.0000000,0.0000000,0,0,0,0
755573837083416 D 789,985664339,1000,1553,1553,2.3822722,-0.00098,-1,-1,-1,0,0,0,136,1,1,0,0.0000000,0.0000000,0.0000000,0,0,0,0
755573838093375 D 790,985665339,1000,1553,1553,2.3822722,-0.00094,-1,-1,-1,0,0,0,136,1,1,0,0.0000000,0.0000000,0.0000000,0,0,0,0
755573839031875 D 791,985666339,1000,1553,1553,2.3822722,-0.00091,-1,-1,-1,0,0,0,136,1,1,0,0.0000000,0.0000000,0.0000000,0,0,0,0
755573839869333 D 792,985667339,1000,1553,1553,2.3822722,-0.00087,-1,-1,-1,0,0,0,136,1,1,0,0.0000000,0.0000000,0.0000000,0,0,0,0
755573840860125 D 793,985668339,1000,1553,1553,2.3822722,-0.00084,-1,-1,-1,0,0,0,136,1,1,0,0.0000000,0.0000000,0.0000000,0,0,0,0
755573841874291 D 794,985669339,1000,1553,1553,2.3822722,-0.00080,-1,-1,-1,0,0,0,136,1,1,0,0.0000000,0.0000000,0.0000000,0,0,0,0
755573842903250 D 795,985670339,1000,1553,1553,2.3822722,-0.00077,-1,-1,-1,0,0,0,136,1,1,0,0.0000000,0.0000000,0.0000000,0,0,0,0
755573843869625 D 796,985671339,1000,1553,1553,2.3822722,-0.00074,-1,-1,-1,0,0,0,136,1,1,0,0.0000000,0.0000000,0.0000000,0,0,0,0
755573844881083 D 797,985672339,1000,1553,1553,2.3822722,-0.00071,-1,-1,-1,0,0,0,136,1,1,0,0.0000000,0.0000000,0.0000000,0,0,0,0
755573845863541 D 798,985673339,1000,1553,1553,2.3822722,-0.00069,-1,-1,-1,0,0,0,136,1,1,0,0.0000000,0.0000000,0.0000000,0,0,0,0
755573846865791 D 799,985674339,1000,1553,1553,2.3822722,-0.00066,-1,-1,-1,0,0,0,136,1,1,0,0.0000000,0.0000000,0.0000000,0,0,0,0
755573847860958 D 800,985675339,1000,1553,1553,2.3822722,-0.00063,-1,-1,-1,0,0,0,136,1,1,0,0.0000000,0.0000000,0.0000000,0,0,0,0
755573849090583 D 801,985676339,1000,1553,1553,2.3822722,-0.00061,-1,-1,-1,0,0,0,136,1,1,0,0.0000000,0.0000000,0.0000000,0,0,0,0
755573850089875 D 802,985677339,1000,1553,1553,2.3822722,-0.00058,-1,-1,-1,0,0,0,136,1,1,0,0.0000000,0.0000000,0.0000000,0,0,0,0
755573851028583 D 803,985678339,1000,1553,1553,2.3822722,-0.00056,-1,-1,-1,0,0,0,136,1,1,0,0.0000000,0.0000000,0.0000000,0,0,0,0
755573851890500 D 804,985679339,1000,1553,1553,2.3822722,-0.00054,-1,-1,-1,0,0,0,136,1,1,0,0.0000000,0.0000000,0.0000000,0,0,0,0
755573852870541 D 805,985680339,1000,1553,1553,2.3822722,-0.00052,-1,-1,-1,0,0,0,136,1,1,0,0.0000000,0.0000000,0.0000000,0,0,0,0
755573853868500 D 806,985681339,1000,1553,1553,2.3822722,-0.00050,-1,-1,-1,0,0,0,136,1,1,0,0.0000000,0.0000000,0.0000000,0,0,0,0
755573854868250 D 807,985682339,1000,1553,1553,2.3822722,-0.00048,-1,-1,-1,0,0,0,136,1,1,0,0.0000000,0.0000000,0.0000000,0,0,0,0
755573855865458 D 808,985683339,1000,1553,1553,2.3822722,-0.00046,-1,-1,-1,0,0,0,136,1,1,0,0.0000000,0.0000000,0.0000000,0,0,0,0
755573856878750 D 809,985684339,1000,1553,1553,2.3822722,-0.00044,-1,-1,-1,0,0,0,136,1,1,0,0.0000000,0.0000000,0.0000000,0,0,0,0
755573857864333 D 810,985685339,1000,1553,1553,2.3822722,-0.00042,-1,-1,-1,0,0,0,136,1,1,0,0.0000000,0.0000000,0.0000000,0,0,0,0
755573858878500 D 811,985686339,1000,1553,1553,2.3822722,-0.00041,-1,-1,-1,0,0,0,136,1,1,0,0.0000000,0.0000000,0.0000000,0,0,0,0
755573859895333 D 812,985687339,1000,1553,1553,2.3822722,-0.00039,-1,-1,-1,0,0,0,136,1,1,0,0.0000000,0.0000000,0.0000000,0,0,0,0
755573860894625 D 813,985688339,1000,1553,1553,2.3822722,-0.00038,-1,-1,-1,0,0,0,136,1,1,0,0.0000000,0.0000000,0.0000000,0,0,0,0
755573861880791 D 814,985689339,1000,1553,1553,2.3822722,-0.00036,-1,-1,-1,0,0,0,136,1,1,0,0.0000000,0.0000000,0.0000000,0,0,0,0
755573862871000 D 815,985690339,1000,1553,1553,2.3822722,-0.00035,-1,-1,-1,0,0,0,136,1,1,0,0.0000000,0.0000000,0.0000000,0,0,0,0
755573863867750 D 816,985691339,1000,1553,1553,2.3822722,-0.00033,-1,-1,-1,0,0,0,136,1,1,0,0.0000000,0.0000000,0.0000000,0,0,0,0
755573864871083 D 817,985692339,1000,1553,1553,2.3822722,-0.00032,-1,-1,-1,0,0,0,136,1,1,0,0.0000000,0.0000000,0.0000000,0,0,0,0
755573865881875 D 818,985693339,1000,1553,1553,2.3822722,-0.00031,-1,-1,-1,0,0,0,136,1,1,0,0.0000000,0.0000000,0.0000000,0,0,0,0
755573866869583 D 819,985694339,1000,1553,1553,2.3822722,-0.00030,-1,-1,-1,0,0,0,136,1,1,0,0.0000000,0.0000000,0.0000000,0,0,0,0
755573867874708 D 820,985695339,1000,1553,1553,2.3822722,-0.00028,-1,-1,-1,0,0,0,136,1,1,0,0.0000000,0.0000000,0.0000000,0,0,0,0
755573868910000 D 821,985696339,1000,1553,1553,2.3822722,-0.00027,-1,-1,-1,0,0,0,136,1,1,0,0.0000000,0.0000000,0.0000000,0,0,0,0
755573869902541 D 822,985697339,1000,1553,1553,2.3822722,-0.00026,-1,-1,-1,0,0,0,136,1,1,0,0.0000000,0.0000000,0.0000000,0,0,0,0
755573870880416 D 823,985698339,1000,1553,1553,2.3822722,-0.00025,-1,-1,-1,0,0,0,136,1,1,0,0.0000000,0.0000000,0.0000000,0,0,0,0
755573871890125 D 824,985699339,1000,1553,1553,2.3822722,-0.00024,-1,-1,-1,0,0,0,136,1,1,0,0.0000000,0.0000000,0.0000000,0,0,0,0
755573872891291 D 825,985700339,1000,1553,1553,2.3822722,-0.00023,-1,-1,-1,0,0,0,136,1,1,0,0.0000000,0.0000000,0.0000000,0,0,0,0
755573873865625 D 826,985701339,1000,1553,1553,2.3822722,-0.00022,-1,-1,-1,0,0,0,136,1,1,0,0.0000000,0.0000000,0.0000000,0,0,0,0
755573875515333 D 827,985702339,1000,1553,1553,2.3822722,-0.00021,39,128,2088,0,0,0,136,1,1,0,0.0000000,0.0000000,0.0000000,0,0,0,0
755573876341458 D 828,985703339,1000,1554,1554,2.3838062,0.05994,-1,-1,-1,0,0,0,136,1,1,0,0.0000000,0.0000000,0.0000000,0,0,0,0
755573877160208 D 829,985704339,1000,1553,1553,2.3822722,-0.00256,-1,-1,-1,0,0,0,136,1,1,0,0.0000000,0.0000000,0.0000000,0,0,0,0
755573878090541 D 830,985705339,1000,1553,1553,2.3822722,-0.00246,-1,-1,-1,0,0,0,136,1,1,0,0.0000000,0.0000000,0.0000000,0,0,0,0
755573878910166 D 831,985706339,1000,1553,1553,2.3822722,-0.00236,-1,-1,-1,0,0,0,136,1,1,0,0.0000000,0.0000000,0.0000000,0,0,0,0
755573879862625 D 832,985707339,1000,1553,1553,2.3822722,-0.00227,-1,-1,-1,0,0,0,136,1,1,0,0.0000000,0.0000000,0.0000000,0,0,0,0
755573880886875 D 833,985708339,1000,1553,1553,2.3822722,-0.00218,-1,-1,-1,0,0,0,136,1,1,0,0.0000000,0.0000000,0.0000000,0,0,0,0
755573881964416 D 834,985709339,1000,1553,1553,2.3822722,-0.00209,-1,-1,-1,0,0,0,136,1,1,0,0.0000000,0.0000000,0.0000000,0,0,0,0
755573882910250 D 835,985710339,1000,1554,1554,2.3838062,0.05814,-1,-1,-1,0,0,0,136,1,1,0,0.0000000,0.0000000,0.0000000,0,0,0,0
755573883892583 D 836,985711339,1000,1553,1553,2.3822722,-0.00429,-1,-1,-1,0,0,0,136,1,1,0,0.0000000,0.0000000,0.0000000,0,0,0,0
755573884879291 D 837,985712339,1000,1553,1553,2.3822722,-0.00412,-1,-1,-1,0,0,0,136,1,1,0,0.0000000,0.0000000,0.0000000,0,0,0,0
755573885878125 D 838,985713339,1000,1553,1553,2.3822722,-0.00396,-1,-1,-1,0,0,0,136,1,1,0,0.0000000,0.0000000,0.0000000,0,0,0,0
755573886875000 D 839,985714339,1000,1553,1553,2.3822722,-0.00381,-1,-1,-1,0,0,0,136,1,1,0,0.0000000,0.0000000,0.0000000,0,0,0,0
755573887875166 D 840,985715339,1000,1553,1553,2.3822722,-0.00366,-1,-1,-1,0,0,0,136,1,1,0,0.0000000,0.0000000,0.0000000,0,0,0,0
755573888892708 D 841,985716339,1000,1553,1553,2.3822722,-0.00351,-1,-1,-1,0,0,0,136,1,1,0,0.0000000,0.0000000,0.0000000,0,0,0,0
755573889875333 D 842,985717339,1000,1553,1553,2.3822722,-0.00338,-1,-1,-1,0,0,0,135,1,1,0,0.0000000,0.0000000,0.0000000,0,0,0,0
755573890862416 D 843,985718339,1000,1553,1553,2.3822722,-0.00324,-1,-1,-1,0,0,0,136,1,1,0,0.0000000,0.0000000,0.0000000,0,0,0,0
755573891868541 D 844,985719339,1000,1553,1553,2.3822722,-0.00312,-1,-1,-1,0,0,0,136,1,1,0,0.0000000,0.0000000,0.0000000,0,0,0,0
755573892868708 D 845,985720339,1000,1553,1553,2.3822722,-0.00299,-1,-1,-1,0,0,0,136,1,1,0,0.0000000,0.0000000,0.0000000,0,0,0,0
755573893863916 D 846,985721339,1000,1553,1553,2.3822722,-0.00288,-1,-1,-1,0,0,0,136,1,1,0,0.0000000,0.0000000,0.0000000,0,0,0,0
755573894860500 D 847,985722339,1000,1553,1553,2.3822722,-0.00276,-1,-1,-1,0,0,0,136,1,1,0,0.0000000,0.0000000,0.0000000,0,0,0,0
755573895882125 D 848,985723339,1000,1553,1553,2.3822722,-0.00266,-1,-1,-1,0,0,0,136,1,1,0,0.0000000,0.0000000,0.0000000,0,0,0,0
755573896887875 D 849,985724339,1000,1553,1553,2.3822722,-0.00255,-1,-1,-1,0,0,0,136,1,1,0,0.0000000,0.0000000,0.0000000,0,0,0,0
755573897896000 D 850,985725339,1000,1553,1553,2.3822722,-0.00245,-1,-1,-1,0,0,0,136,1,1,0,0.0000000,0.0000000,0.0000000,0,0,0,0
755573898877333 D 851,985726339,1000,1553,1553,2.3822722,-0.00235,-1,-1,-1,0,0,0,136,1,1,0,0.0000000,0.0000000,0.0000000,0,0,0,0
755573899877250 D 852,985727339,1000,1553,1553,2.3822722,-0.00226,-1,-1,-1,0,0,0,136,1,1,0,0.0000000,0.0000000,0.0000000,0,0,0,0
755573900877791 D 853,985728339,1000,1553,1553,2.3822722,-0.00217,-1,-1,-1,0,0,0,136,1,1,0,0.0000000,0.0000000,0.0000000,0,0,0,0
755573902139458 D 854,985729339,1000,1553,1553,2.3822722,-0.00209,-1,-1,-1,0,0,0,136,1,1,0,0.0000000,0.0000000,0.0000000,0,0,0,0
755573903092000 D 855,985730339,1000,1553,1553,2.3822722,-0.00201,-1,-1,-1,0,0,0,136,1,1,0,0.0000000,0.0000000,0.0000000,0,0,0,0
755573904091666 D 856,985731339,1000,1553,1553,2.3822722,-0.00193,-1,-1,-1,0,0,0,136,1,1,0,0.0000000,0.0000000,0.0000000,0,0,0,0
755573904879458 D 857,985732339,1000,1553,1553,2.3822722,-0.00185,-1,-1,-1,0,0,0,136,1,1,0,0.0000000,0.0000000,0.0000000,0,0,0,0
755573905868625 D 858,985733339,1000,1553,1553,2.3822722,-0.00178,-1,-1,-1,0,0,0,136,1,1,0,0.0000000,0.0000000,0.0000000,0,0,0,0
755573906864333 D 859,985734339,1000,1553,1553,2.3822722,-0.00171,-1,-1,-1,0,0,0,136,1,1,0,0.0000000,0.0000000,0.0000000,0,0,0,0
755573907863541 D 860,985735339,1000,1553,1553,2.3822722,-0.00164,-1,-1,-1,0,0,0,136,1,1,0,0.0000000,0.0000000,0.0000000,0,0,0,0
755573908868916 D 861,985736339,1000,1553,1553,2.3822722,-0.00158,-1,-1,-1,0,0,0,136,1,1,0,0.0000000,0.0000000,0.0000000,0,0,0,0
755573909867583 D 862,985737339,1000,1553,1553,2.3822722,-0.00152,-1,-1,-1,0,0,0,136,1,1,0,0.0000000,0.0000000,0.0000000,0,0,0,0
755573910915791 D 863,985738339,1000,1553,1553,2.3822722,-0.00146,-1,-1,-1,0,0,0,136,1,1,0,0.0000000,0.0000000,0.0000000,0,0,0,0
755573911908666 D 864,985739339,1000,1553,1553,2.3822722,-0.00140,-1,-1,-1,0,0,0,136,1,1,0,0.0000000,0.0000000,0.0000000,0,0,0,0
755573912892333 D 865,985740339,1000,1553,1553,2.3822722,-0.00135,-1,-1,-1,0,0,0,136,1,1,0,0.0000000,0.0000000,0.0000000,0,0,0,0
755573913897916 D 866,985741339,1000,1553,1553,2.3822722,-0.00129,-1,-1,-1,0,0,0,136,1,1,0,0.0000000,0.0000000,0.0000000,0,0,0,0
755573914877916 D 867,985742339,1000,1553,1553,2.3822722,-0.00124,-1,-1,-1,0,0,0,136,1,1,0,0.0000000,0.0000000,0.0000000,0,0,0,0
755573915873875 D 868,985743339,1000,1553,1553,2.3822722,-0.00119,-1,-1,-1,0,0,0,136,1,1,0,0.0000000,0.0000000,0.0000000,0,0,0,0
755573916891166 D 869,985744339,1000,1553,1553,2.3822722,-0.00115,-1,-1,-1,0,0,0,136,1,1,0,0.0000000,0.0000000,0.0000000,0,0,0,0
755573917869750 D 870,985745339,1000,1553,1553,2.3822722,-0.00110,-1,-1,-1,0,0,0,135,1,1,0,0.0000000,0.0000000,0.0000000,0,0,0,0
755573918875208 D 871,985746339,1000,1553,1553,2.3822722,-0.00106,-1,-1,-1,0,0,0,136,1,1,0,0.0000000,0.0000000,0.0000000,0,0,0,0
755573919862250 D 872,985747339,1000,1553,1553,2.3822722,-0.00102,-1,-1,-1,0,0,0,136,1,1,0,0.0000000,0.0000000,0.0000000,0,0,0,0
755573920856166 D 873,985748339,1000,1553,1553,2.3822722,-0.00098,-1,-1,-1,0,0,0,136,1,1,0,0.0000000,0.0000000,0.0000000,0,0,0,0
755573921900916 D 874,985749339,1000,1553,1553,2.3822722,-0.00094,-1,-1,-1,0,0,0,136,1,1,0,0.0000000,0.0000000,0.0000000,0,0,0,0
755573922873291 D 875,985750339,1000,1553,1553,2.3822722,-0.00090,-1,-1,-1,0,0,0,136,1,1,0,0.0000000,0.0000000,0.0000000,0,0,0,0
755573924087333 D 876,985751339,1000,1553,1553,2.3822722,-0.00087,-1,-1,-1,0,0,0,136,1,1,0,0.0000000,0.0000000,0.0000000,0,0,0,0
755573925479208 D 877,985752339,1000,1553,1553,2.3822722,-0.00083,39,128,2086,0,0,0,136,1,1,0,0.0000000,0.0000000,0.0000000,0,0,0,0
755573926313666 D 878,985753339,1000,1553,1553,2.3822722,-0.00080,-1,-1,-1,0,0,0,136,1,1,0,0.0000000,0.0000000,0.0000000,0,0,0,0
755573927132416 D 879,985754339,1000,1553,1553,2.3822722,-0.00077,-1,-1,-1,0,0,0,136,1,1,0,0.0000000,0.0000000,0.0000000,0,0,0,0
755573928008541 D 880,985755339,1000,1553,1553,2.3822722,-0.00074,-1,-1,-1,0,0,0,136,1,1,0,0.0000000,0.0000000,0.0000000,0,0,0,0
755573928882416 D 881,985756339,1000,1553,1553,2.3822722,-0.00071,-1,-1,-1,0,0,0,136,1,1,0,0.0000000,0.0000000,0.0000000,0,0,0,0
755573929883875 D 882,985757339,1000,1553,1553,2.3822722,-0.00068,-1,-1,-1,0,0,0,136,1,1,0,0.0000000,0.0000000,0.0000000,0,0,0,0
755573930866000 D 883,985758339,1000,1553,1553,2.3822722,-0.00065,-1,-1,-1,0,0,0,136,1,1,0,0.0000000,0.0000000,0.0000000,0,0,0,0
755573931868125 D 884,985759339,1000,1553,1553,2.3822722,-0.00063,-1,-1,-1,0,0,0,136,1,1,0,0.0000000,0.0000000,0.0000000,0,0,0,0
755573932864916 D 885,985760339,1000,1553,1553,2.3822722,-0.00060,-1,-1,-1,0,0,0,136,1,1,0,0.0000000,0.0000000,0.0000000,0,0,0,0
755573933862208 D 886,985761339,1000,1553,1553,2.3822722,-0.00058,-1,-1,-1,0,0,0,136,1,1,0,0.0000000,0.0000000,0.0000000,0,0,0,0
755573934876666 D 887,985762339,1000,1553,1553,2.3822722,-0.00056,-1,-1,-1,0,0,0,136,1,1,0,0.0000000,0.0000000,0.0000000,0,0,0,0
755573935877541 D 888,985763339,1000,1553,1553,2.3822722,-0.00054,-1,-1,-1,0,0,0,136,1,1,0,0.0000000,0.0000000,0.0000000,0,0,0,0
755573936864375 D 889,985764339,1000,1553,1553,2.3822722,-0.00052,-1,-1,-1,0,0,0,136,1,1,0,0.0000000,0.0000000,0.0000000,0,0,0,0
755573937872625 D 890,985765339,1000,1553,1553,2.3822722,-0.00049,-1,-1,-1,0,0,0,136,1,1,0,0.0000000,0.0000000,0.0000000,0,0,0,0
755573938870541 D 891,985766339,1000,1553,1553,2.3822722,-0.00048,-1,-1,-1,0,0,0,136,1,1,0,0.0000000,0.0000000,0.0000000,0,0,0,0
755573939873125 D 892,985767339,1000,1553,1553,2.3822722,-0.00046,-1,-1,-1,0,0,0,136,1,1,0,0.0000000,0.0000000,0.0000000,0,0,0,0
755573940866166 D 893,985768339,1000,1553,1553,2.3822722,-0.00044,-1,-1,-1,0,0,0,136,1,1,0,0.0000000,0.0000000,0.0000000,0,0,0,0
755573941869333 D 894,985769339,1000,1553,1553,2.3822722,-0.00042,-1,-1,-1,0,0,0,136,1,1,0,0.0000000,0.0000000,0.0000000,0,0,0,0
755573942874583 D 895,985770339,1000,1553,1553,2.3822722,-0.00041,-1,-1,-1,0,0,0,136,1,1,0,0.0000000,0.0000000,0.0000000,0,0,0,0
755573943880208 D 896,985771339,1000,1553,1553,2.3822722,-0.00039,-1,-1,-1,0,0,0,136,1,1,0,0.0000000,0.0000000,0.0000000,0,0,0,0
755573944868375 D 897,985772339,1000,1554,1554,2.3838062,0.05977,-1,-1,-1,0,0,0,136,1,1,0,0.0000000,0.0000000,0.0000000,0,0,0,0
755573945860500 D 898,985773339,1000,1553,1553,2.3822722,-0.00272,-1,-1,-1,0,0,0,136,1,1,0,0.0000000,0.0000000,0.0000000,0,0,0,0
755573946867208 D 899,985774339,1000,1553,1553,2.3822722,-0.00261,-1,-1,-1,0,0,0,136,1,1,0,0.0000000,0.0000000,0.0000000,0,0,0,0
755573947873916 D 900,985775339,1000,1553,1553,2.3822722,-0.00251,-1,-1,-1,0,0,0,136,1,1,0,0.0000000,0.0000000,0.0000000,0,0,0,0
755573948862583 D 901,985776339,1000,1553,1553,2.3822722,-0.00241,-1,-1,-1,0,0,0,136,1,1,0,0.0000000,0.0000000,0.0000000,0,0,0,0
755573949862833 D 902,985777339,1000,1553,1553,2.3822722,-0.00232,-1,-1,-1,0,0,0,136,1,1,0,0.0000000,0.0000000,0.0000000,0,0,0,0
755573951086500 D 903,985778339,1000,1553,1553,2.3822722,-0.00223,-1,-1,-1,0,0,0,136,1,1,0,0.0000000,0.0000000,0.0000000,0,0,0,0
755573952063000 D 904,985779339,1000,1553,1553,2.3822722,-0.00214,-1,-1,-1,0,0,0,136,1,1,0,0.0000000,0.0000000,0.0000000,0,0,0,0
755573953083291 D 905,985780339,1000,1553,1553,2.3822722,-0.00205,-1,-1,-1,0,0,0,136,1,1,0,0.0000000,0.0000000,0.0000000,0,0,0,0
755573954073708 D 906,985781339,1000,1553,1553,2.3822722,-0.00197,-1,-1,-1,0,0,0,136,1,1,0,0.0000000,0.0000000,0.0000000,0,0,0,0
755573955077750 D 907,985782339,1000,1553,1553,2.3822722,-0.00190,-1,-1,-1,0,0,0,136,1,1,0,0.0000000,0.0000000,0.0000000,0,0,0,0
755573955886708 D 908,985783339,1000,1553,1553,2.3822722,-0.00182,-1,-1,-1,0,0,0,136,1,1,0,0.0000000,0.0000000,0.0000000,0,0,0,0
755573956862333 D 909,985784339,1000,1553,1553,2.3822722,-0.00175,-1,-1,-1,0,0,0,136,1,1,0,0.0000000,0.0000000,0.0000000,0,0,0,0
755573957848916 D 910,985785339,1000,1553,1553,2.3822722,-0.00168,-1,-1,-1,0,0,0,136,1,1,0,0.0000000,0.0000000,0.0000000,0,0,0,0
755573958863666 D 911,985786339,1000,1553,1553,2.3822722,-0.00162,-1,-1,-1,0,0,0,136,1,1,0,0.0000000,0.0000000,0.0000000,0,0,0,0
755573959953000 D 912,985787339,1000,1553,1553,2.3822722,-0.00155,-1,-1,-1,0,0,0,136,1,1,0,0.0000000,0.0000000,0.0000000,0,0,0,0
755573960919791 D 913,985788339,1000,1553,1553,2.3822722,-0.00149,-1,-1,-1,0,0,0,136,1,1,0,0.0000000,0.0000000,0.0000000,0,0,0,0
755573961881333 D 914,985789339,1000,1553,1553,2.3822722,-0.00143,-1,-1,-1,0,0,0,136,1,1,0,0.0000000,0.0000000,0.0000000,0,0,0,0
755573962863833 D 915,985790339,1000,1553,1553,2.3822722,-0.00138,-1,-1,-1,0,0,0,136,1,1,0,0.0000000,0.0000000,0.0000000,0,0,0,0
755573963862250 D 916,985791339,1000,1553,1553,2.3822722,-0.00132,-1,-1,-1,0,0,0,136,1,1,0,0.0000000,0.0000000,0.0000000,0,0,0,0
755573964875208 D 917,985792339,1000,1553,1553,2.3822722,-0.00127,-1,-1,-1,0,0,0,136,1,1,0,0.0000000,0.0000000,0.0000000,0,0,0,0
755573965865375 D 918,985793339,1000,1553,1553,2.3822722,-0.00122,-1,-1,-1,0,0,0,136,1,1,0,0.0000000,0.0000000,0.0000000,0,0,0,0
755573966864583 D 919,985794339,1000,1553,1553,2.3822722,-0.00117,-1,-1,-1,0,0,0,136,1,1,0,0.0000000,0.0000000,0.0000000,0,0,0,0
755573967857958 D 920,985795339,1000,1553,1553,2.3822722,-0.00113,-1,-1,-1,0,0,0,136,1,1,0,0.0000000,0.0000000,0.0000000,0,0,0,0
755573968869041 D 921,985796339,1000,1553,1553,2.3822722,-0.00108,-1,-1,-1,0,0,0,136,1,1,0,0.0000000,0.0000000,0.0000000,0,0,0,0
755573969854541 D 922,985797339,1000,1553,1553,2.3822722,-0.00104,-1,-1,-1,0,0,0,136,1,1,0,0.0000000,0.0000000,0.0000000,0,0,0,0
755573970892333 D 923,985798339,1000,1553,1553,2.3822722,-0.00100,-1,-1,-1,0,0,0,136,1,1,0,0.0000000,0.0000000,0.0000000,0,0,0,0
755573971869041 D 924,985799339,1000,1553,1553,2.3822722,-0.00096,-1,-1,-1,0,0,0,136,1,1,0,0.0000000,0.0000000,0.0000000,0,0,0,0
755573972863833 D 925,985800339,1000,1553,1553,2.3822722,-0.00092,-1,-1,-1,0,0,0,136,1,1,0,0.0000000,0.0000000,0.0000000,0,0,0,0
755573973896708 D 926,985801339,1000,1553,1553,2.3822722,-0.00089,-1,-1,-1,0,0,0,136,1,1,0,0.0000000,0.0000000,0.0000000,0,0,0,0
755573975347041 D 927,985802339,1000,1553,1553,2.3822722,-0.00085,39,128,2088,0,0,0,136,1,1,0,0.0000000,0.0000000,0.0000000,0,0,0,0
755573975956875 D 928,985803339,1000,1553,1553,2.3822722,-0.00082,-1,-1,-1,0,0,0,136,1,1,0,0.0000000,0.0000000,0.0000000,0,0,0,0
755573976863541 D 929,985804339,1000,1553,1553,2.3822722,-0.00079,-1,-1,-1,0,0,0,136,1,1,0,0.0000000,0.0000000,0.0000000,0,0,0,0
755573977859416 D 930,985805339,1000,1553,1553,2.3822722,-0.00076,-1,-1,-1,0,0,0,136,1,1,0,0.0000000,0.0000000,0.0000000,0,0,0,0
755573978870125 D 931,985806339,1000,1553,1553,2.3822722,-0.00073,-1,-1,-1,0,0,0,136,1,1,0,0.0000000,0.0000000,0.0000000,0,0,0,0
755573979861875 D 932,985807339,1000,1553,1553,2.3822722,-0.00070,-1,-1,-1,0,0,0,136,1,1,0,0.0000000,0.0000000,0.0000000,0,0,0,0
755573980868625 D 933,985808339,1000,1553,1553,2.3822722,-0.00067,-1,-1,-1,0,0,0,136,1,1,0,0.0000000,0.0000000,0.0000000,0,0,0,0
755573981915333 D 934,985809339,1000,1553,1553,2.3822722,-0.00064,-1,-1,-1,0,0,0,136,1,1,0,0.0000000,0.0000000,0.0000000,0,0,0,0
755573982933916 D 935,985810339,1000,1553,1553,2.3822722,-0.00062,-1,-1,-1,0,0,0,136,1,1,0,0.0000000,0.0000000,0.0000000,0,0,0,0
755573983887291 D 936,985811339,1000,1553,1553,2.3822722,-0.00059,-1,-1,-1,0,0,0,136,1,1,0,0.0000000,0.0000000,0.0000000,0,0,0,0
755573985121791 D 937,985812339,1000,1553,1553,2.3822722,-0.00057,-1,-1,-1,0,0,0,136,1,1,0,0.0000000,0.0000000,0.0000000,0,0,0,0
755573986101416 D 938,985813339,1000,1553,1553,2.3822722,-0.00055,-1,-1,-1,0,0,0,136,1,1,0,0.0000000,0.0000000,0.0000000,0,0,0,0
755573987032541 D 939,985814339,1000,1553,1553,2.3822722,-0.00053,-1,-1,-1,0,0,0,136,1,1,0,0.0000000,0.0000000,0.0000000,0,0,0,0
755573987937333 D 940,985815339,1000,1553,1553,2.3822722,-0.00051,-1,-1,-1,0,0,0,136,1,1,0,0.0000000,0.0000000,0.0000000,0,0,0,0
755573988957583 D 941,985816339,1000,1553,1553,2.3822722,-0.00049,-1,-1,-1,0,0,0,136,1,1,0,0.0000000,0.0000000,0.0000000,0,0,0,0
755573989886208 D 942,985817339,1000,1553,1553,2.3822722,-0.00047,-1,-1,-1,0,0,0,136,1,1,0,0.0000000,0.0000000,0.0000000,0,0,0,0
755573990913750 D 943,985818339,1000,1553,1553,2.3822722,-0.00045,-1,-1,-1,0,0,0,136,1,1,0,0.0000000,0.0000000,0.0000000,0,0,0,0
755573991902833 D 944,985819339,1000,1553,1553,2.3822722,-0.00043,-1,-1,-1,0,0,0,136,1,1,0,0.0000000,0.0000000,0.0000000,0,0,0,0
755573992875958 D 945,985820339,1000,1553,1553,2.3822722,-0.00041,-1,-1,-1,0,0,0,136,1,1,0,0.0000000,0.0000000,0.0000000,0,0,0,0
755573993885708 D 946,985821339,1000,1553,1553,2.3822722,-0.00040,-1,-1,-1,0,0,0,136,1,1,0,0.0000000,0.0000000,0.0000000,0,0,0,0
755573994872166 D 947,985822339,1000,1553,1553,2.3822722,-0.00038,-1,-1,-1,0,0,0,136,1,1,0,0.0000000,0.0000000,0.0000000,0,0,0,0
755573995888833 D 948,985823339,1000,1553,1553,2.3822722,-0.00037,-1,-1,-1,0,0,0,136,1,1,0,0.0000000,0.0000000,0.0000000,0,0,0,0
755573996909541 D 949,985824339,1000,1553,1553,2.3822722,-0.00035,-1,-1,-1,0,0,0,136,1,1,0,0.0000000,0.0000000,0.0000000,0,0,0,0
755573997879083 D 950,985825339,1000,1553,1553,2.3822722,-0.00034,-1,-1,-1,0,0,0,136,1,1,0,0.0000000,0.0000000,0.0000000,0,0,0,0
755573998881500 D 951,985826339,1000,1553,1553,2.3822722,-0.00033,-1,-1,-1,0,0,0,136,1,1,0,0.0000000,0.0000000,0.0000000,0,0,0,0
755573999871083 D 952,985827339,1000,1553,1553,2.3822722,-0.00031,-1,-1,-1,0,0,0,136,1,1,0,0.0000000,0.0000000,0.0000000,0,0,0,0
755574000867333 D 953,985828339,1000,1553,1553,2.3822722,-0.00030,-1,-1,-1,0,0,0,136,1,1,0,0.0000000,0.0000000,0.0000000,0,0,0,0
755574001872791 D 954,985829339,1000,1553,1553,2.3822722,-0.00029,-1,-1,-1,0,0,0,135,1,1,0,0.0000000,0.0000000,0.0000000,0,0,0,0
755574002882500 D 955,985830339,1000,1553,1553,2.3822722,-0.00028,-1,-1,-1,0,0,0,136,1,1,0,0.0000000,0.0000000,0.0000000,0,0,0,0
755574003870083 D 956,985831339,1000,1553,1553,2.3822722,-0.00027,-1,-1,-1,0,0,0,136,1,1,0,0.0000000,0.0000000,0.0000000,0,0,0,0
755574004866208 D 957,985832339,1000,1553,1553,2.3822722,-0.00026,-1,-1,-1,0,0,0,136,1,1,0,0.0000000,0.0000000,0.0000000,0,0,0,0
755574005875166 D 958,985833339,1000,1553,1553,2.3822722,-0.00025,-1,-1,-1,0,0,0,136,1,1,0,0.0000000,0.0000000,0.0000000,0,0,0,0
755574006920875 D 959,985834339,1000,1553,1553,2.3822722,-0.00024,-1,-1,-1,0,0,0,136,1,1,0,0.0000000,0.0000000,0.0000000,0,0,0,0
755574007948125 D 960,985835339,1000,1553,1553,2.3822722,-0.00023,-1,-1,-1,0,0,0,136,1,1,0,0.0000000,0.0000000,0.0000000,0,0,0,0
755574008896083 D 961,985836339,1000,1553,1553,2.3822722,-0.00022,-1,-1,-1,0,0,0,136,1,1,0,0.0000000,0.0000000,0.0000000,0,0,0,0
755574009988625 D 962,985837339,1000,1553,1553,2.3822722,-0.00021,-1,-1,-1,0,0,0,136,1,1,0,0.0000000,0.0000000,0.0000000,0,0,0,0
755574010918625 D 963,985838339,1000,1553,1553,2.3822722,-0.00020,-1,-1,-1,0,0,0,136,1,1,0,0.0000000,0.0000000,0.0000000,0,0,0,0
755574012150291 D 964,985839339,1000,1553,1553,2.3822722,-0.00019,-1,-1,-1,0,0,0,136,1,1,0,0.0000000,0.0000000,0.0000000,0,0,0,0
755574013179166 D 965,985840339,1000,1553,1553,2.3822722,-0.00019,-1,-1,-1,0,0,0,136,1,1,0,0.0000000,0.0000000,0.0000000,0,0,0,0
755574014157125 D 966,985841339,1000,1553,1553,2.3822722,-0.00018,-1,-1,-1,0,0,0,136,1,1,0,0.0000000,0.0000000,0.0000000,0,0,0,0
755574014943708 D 967,985842339,1000,1553,1553,2.3822722,-0.00017,-1,-1,-1,0,0,0,136,1,1,0,0.0000000,0.0000000,0.0000000,0,0,0,0
755574015892583 D 968,985843339,1000,1553,1553,2.3822722,-0.00017,-1,-1,-1,0,0,0,136,1,1,0,0.0000000,0.0000000,0.0000000,0,0,0,0
755574016890708 D 969,985844339,1000,1553,1553,2.3822722,-0.00016,-1,-1,-1,0,0,0,136,1,1,0,0.0000000,0.0000000,0.0000000,0,0,0,0
755574017935916 D 970,985845339,1000,1553,1553,2.3822722,-0.00015,-1,-1,-1,0,0,0,136,1,1,0,0.0000000,0.0000000,0.0000000,0,0,0,0
755574018878291 D 971,985846339,1000,1553,1553,2.3822722,-0.00015,-1,-1,-1,0,0,0,136,1,1,0,0.0000000,0.0000000,0.0000000,0,0,0,0
755574019867708 D 972,985847339,1000,1554,1554,2.3838062,0.06001,-1,-1,-1,0,0,0,136,1,1,0,0.0000000,0.0000000,0.0000000,0,0,0,0
755574020871750 D 973,985848339,1000,1553,1553,2.3822722,-0.00249,-1,-1,-1,0,0,0,136,1,1,0,0.0000000,0.0000000,0.0000000,0,0,0,0
755574021923166 D 974,985849339,1000,1553,1553,2.3822722,-0.00240,-1,-1,-1,0,0,0,136,1,1,0,0.0000000,0.0000000,0.0000000,0,0,0,0
755574022905083 D 975,985850339,1000,1553,1553,2.3822722,-0.00230,-1,-1,-1,0,0,0,136,1,1,0,0.0000000,0.0000000,0.0000000,0,0,0,0
755574023885833 D 976,985851339,1000,1553,1553,2.3822722,-0.00221,-1,-1,-1,0,0,0,136,1,1,0,0.0000000,0.0000000,0.0000000,0,0,0,0
755574025319583 D 977,985852339,1000,1553,1553,2.3822722,-0.00213,39,128,2087,0,0,0,136,1,1,0,0.0000000,0.0000000,0.0000000,0,0,0,0
755574025934541 D 978,985853339,1000,1553,1553,2.3822722,-0.00204,-1,-1,-1,0,0,0,136,1,1,0,0.0000000,0.0000000,0.0000000,0,0,0,0
755574026875833 D 979,985854339,1000,1553,1553,2.3822722,-0.00196,-1,-1,-1,0,0,0,136,1,1,0,0.0000000,0.0000000,0.0000000,0,0,0,0
755574027873291 D 980,985855339,1000,1553,1553,2.3822722,-0.00188,-1,-1,-1,0,0,0,136,1,1,0,0.0000000,0.0000000,0.0000000,0,0,0,0
755574028861083 D 981,985856339,1000,1553,1553,2.3822722,-0.00181,-1,-1,-1,0,0,0,136,1,1,0,0.0000000,0.0000000,0.0000000,0,0,0,0
755574029876708 D 982,985857339,1000,1553,1553,2.3822722,-0.00174,-1,-1,-1,0,0,0,136,1,1,0,0.0000000,0.0000000,0.0000000,0,0,0,0
755574030858708 D 983,985858339,1000,1553,1553,2.3822722,-0.00167,-1,-1,-1,0,0,0,136,1,1,0,0.0000000,0.0000000,0.0000000,0,0,0,0
755574031874416 D 984,985859339,1000,1553,1553,2.3822722,-0.00161,-1,-1,-1,0,0,0,136,1,1,0,0.0000000,0.0000000,0.0000000,0,0,0,0
755574032858708 D 985,985860339,1000,1553,1553,2.3822722,-0.00154,-1,-1,-1,0,0,0,136,1,1,0,0.0000000,0.0000000,0.0000000,0,0,0,0
755574033870083 D 986,985861339,1000,1553,1553,2.3822722,-0.00148,-1,-1,-1,0,0,0,136,1,1,0,0.0000000,0.0000000,0.0000000,0,0,0,0
755574034865500 D 987,985862339,1000,1553,1553,2.3822722,-0.00142,-1,-1,-1,0,0,0,136,1,1,0,0.0000000,0.0000000,0.0000000,0,0,0,0
755574035870500 D 988,985863339,1000,1553,1553,2.3822722,-0.00137,-1,-1,-1,0,0,0,136,1,1,0,0.0000000,0.0000000,0.0000000,0,0,0,0
755574036873625 D 989,985864339,1000,1553,1553,2.3822722,-0.00131,-1,-1,-1,0,0,0,136,1,1,0,0.0000000,0.0000000,0.0000000,0,0,0,0
755574037875416 D 990,985865339,1000,1553,1553,2.3822722,-0.00126,-1,-1,-1,0,0,0,136,1,1,0,0.0000000,0.0000000,0.0000000,0,0,0,0
755574038889583 D 991,985866339,1000,1553,1553,2.3822722,-0.00121,-1,-1,-1,0,0,0,136,1,1,0,0.0000000,0.0000000,0.0000000,0,0,0,0
755574039879708 D 992,985867339,1000,1553,1553,2.3822722,-0.00117,-1,-1,-1,0,0,0,136,1,1,0,0.0000000,0.0000000,0.0000000,0,0,0,0
755574040871083 D 993,985868339,1000,1553,1553,2.3822722,-0.00112,-1,-1,-1,0,0,0,136,1,1,0,0.0000000,0.0000000,0.0000000,0,0,0,0
755574042091625 D 994,985869339,1000,1553,1553,2.3822722,-0.00108,-1,-1,-1,0,0,0,136,1,1,0,0.0000000,0.0000000,0.0000000,0,0,0,0
755574043089708 D 995,985870339,1000,1553,1553,2.3822722,-0.00103,-1,-1,-1,0,0,0,136,1,1,0,0.0000000,0.0000000,0.0000000,0,0,0,0
755574044097666 D 996,985871339,1000,1553,1553,2.3822722,-0.00099,-1,-1,-1,0,0,0,136,1,1,0,0.0000000,0.0000000,0.0000000,0,0,0,0
755574045087125 D 997,985872339,1000,1553,1553,2.3822722,-0.00095,-1,-1,-1,0,0,0,136,1,1,0,0.0000000,0.0000000,0.0000000,0,0,0,0
755574046082416 D 998,985873339,1000,1553,1553,2.3822722,-0.00092,-1,-1,-1,0,0,0,136,1,1,0,0.0000000,0.0000000,0.0000000,0,0,0,0
755574046881333 D 999,985874339,1000,1553,1553,2.3822722,-0.00088,-1,-1,-1,0,0,0,136,1,1,0,0.0000000,0.0000000,0.0000000,0,0,0,0
755574047888750 D 1000,985875339,1000,1553,1553,2.3822722,-0.00085,-1,-1,-1,0,0,0,136,1,1,0,0.0000000,0.0000000,0.0000000,0,0,0,0
755574048875458 D 1001,985876339,1000,1553,1553,2.3822722,-0.00081,-1,-1,-1,0,0,0,136,1,1,0,0.0000000,0.0000000,0.0000000,0,0,0,0
755574049877125 D 1002,985877339,1000,1553,1553,2.3822722,-0.00078,-1,-1,-1,0,0,0,136,1,1,0,0.0000000,0.0000000,0.0000000,0,0,0,0
755574050874916 D 1003,985878339,1000,1553,1553,2.3822722,-0.00075,-1,-1,-1,0,0,0,135,1,1,0,0.0000000,0.0000000,0.0000000,0,0,0,0
755574051871833 D 1004,985879339,1000,1553,1553,2.3822722,-0.00072,-1,-1,-1,0,0,0,136,1,1,0,0.0000000,0.0000000,0.0000000,0,0,0,0
755574052873791 D 1005,985880339,1000,1553,1553,2.3822722,-0.00069,-1,-1,-1,0,0,0,136,1,1,0,0.0000000,0.0000000,0.0000000,0,0,0,0
755574053923958 D 1006,985881339,1000,1553,1553,2.3822722,-0.00067,-1,-1,-1,0,0,0,136,1,1,0,0.0000000,0.0000000,0.0000000,0,0,0,0
755574054907916 D 1007,985882339,1000,1553,1553,2.3822722,-0.00064,-1,-1,-1,0,0,0,136,1,1,0,0.0000000,0.0000000,0.0000000,0,0,0,0
755574055889916 D 1008,985883339,1000,1553,1553,2.3822722,-0.00061,-1,-1,-1,0,0,0,136,1,1,0,0.0000000,0.0000000,0.0000000,0,0,0,0
755574056876250 D 1009,985884339,1000,1553,1553,2.3822722,-0.00059,-1,-1,-1,0,0,0,136,1,1,0,0.0000000,0.0000000,0.0000000,0,0,0,0
755574057895291 D 1010,985885339,1000,1553,1553,2.3822722,-0.00057,-1,-1,-1,0,0,0,136,1,1,0,0.0000000,0.0000000,0.0000000,0,0,0,0
755574058867750 D 1011,985886339,1000,1553,1553,2.3822722,-0.00055,-1,-1,-1,0,0,0,136,1,1,0,0.0000000,0.0000000,0.0000000,0,0,0,0
755574060101583 D 1012,985887339,1000,1553,1553,2.3822722,-0.00052,-1,-1,-1,0,0,0,136,1,1,0,0.0000000,0.0000000,0.0000000,0,0,0,0
755574061111791 D 1013,985888339,1000,1553,1553,2.3822722,-0.00050,-1,-1,-1,0,0,0,136,1,1,0,0.0000000,0.0000000,0.0000000,0,0,0,0
755574062064750 D 1014,985889339,1000,1553,1553,2.3822722,-0.00048,-1,-1,-1,0,0,0,136,1,1,0,0.0000000,0.0000000,0.0000000,0,0,0,0
755574062903250 D 1015,985890339,1000,1553,1553,2.3822722,-0.00046,-1,-1,-1,0,0,0,136,1,1,0,0.0000000,0.0000000,0.0000000,0,0,0,0
755574063881958 D 1016,985891339,1000,1553,1553,2.3822722,-0.00045,-1,-1,-1,0,0,0,136,1,1,0,0.0000000,0.0000000,0.0000000,0,0,0,0
755574064890583 D 1017,985892339,1000,1553,1553,2.3822722,-0.00043,-1,-1,-1,0,0,0,135,1,1,0,0.0000000,0.0000000,0.0000000,0,0,0,0
755574065881250 D 1018,985893339,1000,1553,1553,2.3822722,-0.00041,-1,-1,-1,0,0,0,136,1,1,0,0.0000000,0.0000000,0.0000000,0,0,0,0
755574066884750 D 1019,985894339,1000,1553,1553,2.3822722,-0.00040,-1,-1,-1,0,0,0,136,1,1,0,0.0000000,0.0000000,0.0000000,0,0,0,0
755574067870875 D 1020,985895339,1000,1553,1553,2.3822722,-0.00038,-1,-1,-1,0,0,0,136,1,1,0,0.0000000,0.0000000,0.0000000,0,0,0,0
755574068901041 D 1021,985896339,1000,1553,1553,2.3822722,-0.00037,-1,-1,-1,0,0,0,136,1,1,0,0.0000000,0.0000000,0.0000000,0,0,0,0
755574070150166 D 1022,985897339,1000,1553,1553,2.3822722,-0.00035,-1,-1,-1,0,0,0,136,1,1,0,0.0000000,0.0000000,0.0000000,0,0,0,0
755574071125375 D 1023,985898339,1000,1554,1554,2.3838062,0.05981,-1,-1,-1,0,0,0,136,1,1,0,0.0000000,0.0000000,0.0000000,0,0,0,0
755574072004541 D 1024,985899339,1000,1553,1553,2.3822722,-0.00268,-1,-1,-1,0,0,0,136,1,1,0,0.0000000,0.0000000,0.0000000,0,0,0,0
755574072888375 D 1025,985900339,1000,1553,1553,2.3822722,-0.00258,-1,-1,-1,0,0,0,136,1,1,0,0.0000000,0.0000000,0.0000000,0,0,0,0
755574073889958 D 1026,985901339,1000,1553,1553,2.3822722,-0.00248,-1,-1,-1,0,0,0,136,1,1,0,0.0000000,0.0000000,0.0000000,0,0,0,0
755574075329750 D 1027,985902339,1000,1553,1553,2.3822722,-0.00238,39,128,2087,0,0,0,136,1,1,0,0.0000000,0.0000000,0.0000000,0,0,0,0
755574075948583 D 1028,985903339,1000,1553,1553,2.3822722,-0.00229,-1,-1,-1,0,0,0,136,1,1,0,0.0000000,0.0000000,0.0000000,0,0,0,0
755574076883458 D 1029,985904339,1000,1553,1553,2.3822722,-0.00220,-1,-1,-1,0,0,0,136,1,1,0,0.0000000,0.0000000,0.0000000,0,0,0,0
755574077877125 D 1030,985905339,1000,1553,1553,2.3822722,-0.00211,-1,-1,-1,0,0,0,136,1,1,0,0.0000000,0.0000000,0.0000000,0,0,0,0
755574078868750 D 1031,985906339,1000,1553,1553,2.3822722,-0.00203,-1,-1,-1,0,0,0,136,1,1,0,0.0000000,0.0000000,0.0000000,0,0,0,0
755574079873083 D 1032,985907339,1000,1553,1553,2.3822722,-0.00195,-1,-1,-1,0,0,0,136,1,1,0,0.0000000,0.0000000,0.0000000,0,0,0,0
755574080866000 D 1033,985908339,1000,1554,1554,2.3838062,0.05828,-1,-1,-1,0,0,0,136,1,1,0,0.0000000,0.0000000,0.0000000,0,0,0,0
755574081866375 D 1034,985909339,1000,1553,1553,2.3822722,-0.00416,-1,-1,-1,0,0,0,136,1,1,0,0.0000000,0.0000000,0.0000000,0,0,0,0
755574082899250 D 1035,985910339,1000,1553,1553,2.3822722,-0.00399,-1,-1,-1,0,0,0,136,1,1,0,0.0000000,0.0000000,0.0000000,0,0,0,0
755574083925458 D 1036,985911339,1000,1553,1553,2.3822722,-0.00384,-1,-1,-1,0,0,0,136,1,1,0,0.0000000,0.0000000,0.0000000,0,0,0,0
755574084922166 D 1037,985912339,1000,1553,1553,2.3822722,-0.00369,-1,-1,-1,0,0,0,136,1,1,0,0.0000000,0.0000000,0.0000000,0,0,0,0
755574085931875 D 1038,985913339,1000,1553,1553,2.3822722,-0.00354,-1,-1,-1,0,0,0,136,1,1,0,0.0000000,0.0000000,0.0000000,0,0,0,0
755574086892500 D 1039,985914339,1000,1553,1553,2.3822722,-0.00340,-1,-1,-1,0,0,0,136,1,1,0,0.0000000,0.0000000,0.0000000,0,0,0,0
755574087899458 D 1040,985915339,1000,1553,1553,2.3822722,-0.00327,-1,-1,-1,0,0,0,136,1,1,0,0.0000000,0.0000000,0.0000000,0,0,0,0
755574088882791 D 1041,985916339,1000,1553,1553,2.3822722,-0.00314,-1,-1,-1,0,0,0,136,1,1,0,0.0000000,0.0000000,0.0000000,0,0,0,0
755574089873958 D 1042,985917339,1000,1553,1553,2.3822722,-0.00302,-1,-1,-1,0,0,0,136,1,1,0,0.0000000,0.0000000,0.0000000,0,0,0,0
755574090870333 D 1043,985918339,1000,1553,1553,2.3822722,-0.00290,-1,-1,-1,0,0,0,136,1,1,0,0.0000000,0.0000000,0.0000000,0,0,0,0
755574091872625 D 1044,985919339,1000,1553,1553,2.3822722,-0.00279,-1,-1,-1,0,0,0,136,1,1,0,0.0000000,0.0000000,0.0000000,0,0,0,0
755574092876666 D 1045,985920339,1000,1553,1553,2.3822722,-0.00268,-1,-1,-1,0,0,0,136,1,1,0,0.0000000,0.0000000,0.0000000,0,0,0,0
755574093876375 D 1046,985921339,1000,1553,1553,2.3822722,-0.00257,-1,-1,-1,0,0,0,136,1,1,0,0.0000000,0.0000000,0.0000000,0,0,0,0
755574094874083 D 1047,985922339,1000,1553,1553,2.3822722,-0.00247,-1,-1,-1,0,0,0,136,1,1,0,0.0000000,0.0000000,0.0000000,0,0,0,0
755574095882833 D 1048,985923339,1000,1553,1553,2.3822722,-0.00237,-1,-1,-1,0,0,0,136,1,1,0,0.0000000,0.0000000,0.0000000,0,0,0,0
755574097090166 D 1049,985924339,1000,1553,1553,2.3822722,-0.00228,-1,-1,-1,0,0,0,136,1,1,0,0.0000000,0.0000000,0.0000000,0,0,0,0
755574098120208 D 1050,985925339,1000,1554,1554,2.3838062,0.05796,-1,-1,-1,0,0,0,136,1,1,0,0.0000000,0.0000000,0.0000000,0,0,0,0
755574099100791 D 1051,985926339,1000,1553,1553,2.3822722,-0.00446,-1,-1,-1,0,0,0,136,1,1,0,0.0000000,0.0000000,0.0000000,0,0,0,0
755574099909166 D 1052,985927339,1000,1553,1553,2.3822722,-0.00429,-1,-1,-1,0,0,0,136,1,1,0,0.0000000,0.0000000,0.0000000,0,0,0,0
755574100902000 D 1053,985928339,1000,1553,1553,2.3822722,-0.00412,-1,-1,-1,0,0,0,136,1,1,0,0.0000000,0.0000000,0.0000000,0,0,0,0
755574101921083 D 1054,985929339,1000,1553,1553,2.3822722,-0.00396,-1,-1,-1,0,0,0,136,1,1,0,0.0000000,0.0000000,0.0000000,0,0,0,0
755574102885250 D 1055,985930339,1000,1553,1553,2.3822722,-0.00380,-1,-1,-1,0,0,0,136,1,1,0,0.0000000,0.0000000,0.0000000,0,0,0,0
755574103867250 D 1056,985931339,1000,1553,1553,2.3822722,-0.00366,-1,-1,-1,0,0,0,136,1,1,0,0.0000000,0.0000000,0.0000000,0,0,0,0
755574104869125 D 1057,985932339,1000,1553,1553,2.3822722,-0.00351,-1,-1,-1,0,0,0,136,1,1,0,0.0000000,0.0000000,0.0000000,0,0,0,0
755574105859291 D 1058,985933339,1000,1554,1554,2.3838062,0.05677,-1,-1,-1,0,0,0,136,1,1,0,0.0000000,0.0000000,0.0000000,0,0,0,0
755574106871083 D 1059,985934339,1000,1553,1553,2.3822722,-0.00560,-1,-1,-1,0,0,0,136,1,1,0,0.0000000,0.0000000,0.0000000,0,0,0,0
755574107857291 D 1060,985935339,1000,1553,1553,2.3822722,-0.00538,-1,-1,-1,0,0,0,136,1,1,0,0.0000000,0.0000000,0.0000000,0,0,0,0
755574108871000 D 1061,985936339,1000,1553,1553,2.3822722,-0.00517,-1,-1,-1,0,0,0,136,1,1,0,0.0000000,0.0000000,0.0000000,0,0,0,0
755574109863875 D 1062,985937339,1000,1553,1553,2.3822722,-0.00497,-1,-1,-1,0,0,0,136,1,1,0,0.0000000,0.0000000,0.0000000,0,0,0,0
755574110880166 D 1063,985938339,1000,1553,1553,2.3822722,-0.00477,-1,-1,-1,0,0,0,136,1,1,0,0.0000000,0.0000000,0.0000000,0,0,0,0
755574111875458 D 1064,985939339,1000,1553,1553,2.3822722,-0.00459,-1,-1,-1,0,0,0,136,1,1,0,0.0000000,0.0000000,0.0000000,0,0,0,0
755574112865375 D 1065,985940339,1000,1553,1553,2.3822722,-0.00441,-1,-1,-1,0,0,0,136,1,1,0,0.0000000,0.0000000,0.0000000,0,0,0,0
755574113905750 D 1066,985941339,1000,1553,1553,2.3822722,-0.00423,-1,-1,-1,0,0,0,136,1,1,0,0.0000000,0.0000000,0.0000000,0,0,0,0
755574114930666 D 1067,985942339,1000,1553,1553,2.3822722,-0.00407,-1,-1,-1,0,0,0,136,1,1,0,0.0000000,0.0000000,0.0000000,0,0,0,0
755574115893708 D 1068,985943339,1000,1553,1553,2.3822722,-0.00391,-1,-1,-1,0,0,0,136,1,1,0,0.0000000,0.0000000,0.0000000,0,0,0,0
755574116910458 D 1069,985944339,1000,1553,1553,2.3822722,-0.00375,-1,-1,-1,0,0,0,136,1,1,0,0.0000000,0.0000000,0.0000000,0,0,0,0
755574117877625 D 1070,985945339,1000,1553,1553,2.3822722,-0.00361,-1,-1,-1,0,0,0,136,1,1,0,0.0000000,0.0000000,0.0000000,0,0,0,0
755574118874041 D 1071,985946339,1000,1553,1553,2.3822722,-0.00347,-1,-1,-1,0,0,0,136,1,1,0,0.0000000,0.0000000,0.0000000,0,0,0,0
755574119974750 D 1072,985947339,1000,1553,1553,2.3822722,-0.00333,-1,-1,-1,0,0,0,136,1,1,0,0.0000000,0.0000000,0.0000000,0,0,0,0
755574121109166 D 1073,985948339,1000,1553,1553,2.3822722,-0.00320,-1,-1,-1,0,0,0,136,1,1,0,0.0000000,0.0000000,0.0000000,0,0,0,0
755574122124416 D 1074,985949339,1000,1553,1553,2.3822722,-0.00307,-1,-1,-1,0,0,0,136,1,1,0,0.0000000,0.0000000,0.0000000,0,0,0,0
755574123146333 D 1075,985950339,1000,1553,1553,2.3822722,-0.00295,-1,-1,-1,0,0,0,136,1,1,0,0.0000000,0.0000000,0.0000000,0,0,0,0
755574123943750 D 1076,985951339,1000,1553,1553,2.3822722,-0.00284,-1,-1,-1,0,0,0,136,1,1,0,0.0000000,0.0000000,0.0000000,0,0,0,0
755574125396958 D 1077,985952339,1000,1553,1553,2.3822722,-0.00273,39,128,2086,0,0,0,136,1,1,0,0.0000000,0.0000000,0.0000000,0,0,0,0
755574126106875 D 1078,985953339,1000,1553,1553,2.3822722,-0.00262,-1,-1,-1,0,0,0,136,1,1,0,0.0000000,0.0000000,0.0000000,0,0,0,0
755574126952958 D 1079,985954339,1000,1553,1553,2.3822722,-0.00252,-1,-1,-1,0,0,0,136,1,1,0,0.0000000,0.0000000,0.0000000,0,0,0,0
755574127967166 D 1080,985955339,1000,1553,1553,2.3822722,-0.00242,-1,-1,-1,0,0,0,136,1,1,0,0.0000000,0.0000000,0.0000000,0,0,0,0
755574128946375 D 1081,985956339,1000,1553,1553,2.3822722,-0.00232,-1,-1,-1,0,0,0,136,1,1,0,0.0000000,0.0000000,0.0000000,0,0,0,0
755574130026875 D 1082,985957339,1000,1553,1553,2.3822722,-0.00223,-1,-1,-1,0,0,0,136,1,1,0,0.0000000,0.0000000,0.0000000,0,0,0,0
755574130999833 D 1083,985958339,1000,1553,1553,2.3822722,-0.00214,-1,-1,-1,0,0,0,136,1,1,0,0.0000000,0.0000000,0.0000000,0,0,0,0
755574132020041 D 1084,985959339,1000,1553,1553,2.3822722,-0.00206,-1,-1,-1,0,0,0,136,1,1,0,0.0000000,0.0000000,0.0000000,0,0,0,0
755574133097250 D 1085,985960339,1000,1553,1553,2.3822722,-0.00198,-1,-1,-1,0,0,0,136,1,1,0,0.0000000,0.0000000,0.0000000,0,0,0,0
755574133985541 D 1086,985961339,1000,1553,1553,2.3822722,-0.00190,-1,-1,-1,0,0,0,136,1,1,0,0.0000000,0.0000000,0.0000000,0,0,0,0
755574134958958 D 1087,985962339,1000,1553,1553,2.3822722,-0.00183,-1,-1,-1,0,0,0,136,1,1,0,0.0000000,0.0000000,0.0000000,0,0,0,0
755574135947958 D 1088,985963339,1000,1554,1554,2.3838062,0.05839,-1,-1,-1,0,0,0,136,1,1,0,0.0000000,0.0000000,0.0000000,0,0,0,0
755574136968166 D 1089,985964339,1000,1553,1553,2.3822722,-0.00405,-1,-1,-1,0,0,0,136,1,1,0,0.0000000,0.0000000,0.0000000,0,0,0,0
755574137965291 D 1090,985965339,1000,1553,1553,2.3822722,-0.00389,-1,-1,-1,0,0,0,136,1,1,0,0.0000000,0.0000000,0.0000000,0,0,0,0
755574138932041 D 1091,985966339,1000,1553,1553,2.3822722,-0.00373,-1,-1,-1,0,0,0,136,1,1,0,0.0000000,0.0000000,0.0000000,0,0,0,0
755574139915125 D 1092,985967339,1000,1553,1553,2.3822722,-0.00359,-1,-1,-1,0,0,0,136,1,1,0,0.0000000,0.0000000,0.0000000,0,0,0,0
755574140962041 D 1093,985968339,1000,1553,1553,2.3822722,-0.00345,-1,-1,-1,0,0,0,136,1,1,0,0.0000000,0.0000000,0.0000000,0,0,0,0
755574141940416 D 1094,985969339,1000,1553,1553,2.3822722,-0.00331,-1,-1,-1,0,0,0,136,1,1,0,0.0000000,0.0000000,0.0000000,0,0,0,0
755574142928458 D 1095,985970339,1000,1553,1553,2.3822722,-0.00318,-1,-1,-1,0,0,0,136,1,1,0,0.0000000,0.0000000,0.0000000,0,0,0,0
755574143818208 D 1096,985971339,1000,1553,1553,2.3822722,-0.00306,-1,-1,-1,0,0,0,136,1,1,0,0.0000000,0.0000000,0.0000000,0,0,0,0
755574144813833 D 1097,985972339,1000,1553,1553,2.3822722,-0.00294,-1,-1,-1,0,0,0,136,1,1,0,0.0000000,0.0000000,0.0000000,0,0,0,0
755574145786750 D 1098,985973339,1000,1553,1553,2.3822722,-0.00282,-1,-1,-1,0,0,0,136,1,1,0,0.0000000,0.0000000,0.0000000,0,0,0,0
755574146774125 D 1099,985974339,1000,1553,1553,2.3822722,-0.00271,-1,-1,-1,0,0,0,136,1,1,0,0.0000000,0.0000000,0.0000000,0,0,0,0
755574147821250 D 1100,985975339,1000,1553,1553,2.3822722,-0.00261,-1,-1,-1,0,0,0,136,1,1,0,0.0000000,0.0000000,0.0000000,0,0,0,0
755574148788000 D 1101,985976339,1000,1553,1553,2.3822722,-0.00250,-1,-1,-1,0,0,0,136,1,1,0,0.0000000,0.0000000,0.0000000,0,0,0,0
755574149784375 D 1102,985977339,1000,1553,1553,2.3822722,-0.00240,-1,-1,-1,0,0,0,136,1,1,0,0.0000000,0.0000000,0.0000000,0,0,0,0
755574150771166 D 1103,985978339,1000,1553,1553,2.3822722,-0.00231,-1,-1,-1,0,0,0,136,1,1,0,0.0000000,0.0000000,0.0000000,0,0,0,0
755574151815416 D 1104,985979339,1000,1553,1553,2.3822722,-0.00222,-1,-1,-1,0,0,0,136,1,1,0,0.0000000,0.0000000,0.0000000,0,0,0,0
755574152807750 D 1105,985980339,1000,1553,1553,2.3822722,-0.00213,-1,-1,-1,0,0,0,136,1,1,0,0.0000000,0.0000000,0.0000000,0,0,0,0
755574153799333 D 1106,985981339,1000,1553,1553,2.3822722,-0.00205,-1,-1,-1,0,0,0,136,1,1,0,0.0000000,0.0000000,0.0000000,0,0,0,0
755574154804708 D 1107,985982339,1000,1553,1553,2.3822722,-0.00197,-1,-1,-1,0,0,0,136,1,1,0,0.0000000,0.0000000,0.0000000,0,0,0,0
755574155890916 D 1108,985983339,1000,1553,1553,2.3822722,-0.00189,-1,-1,-1,0,0,0,136,1,1,0,0.0000000,0.0000000,0.0000000,0,0,0,0
755574156898958 D 1109,985984339,1000,1553,1553,2.3822722,-0.00182,-1,-1,-1,0,0,0,136,1,1,0,0.0000000,0.0000000,0.0000000,0,0,0,0
755574157889541 D 1110,985985339,1000,1553,1553,2.3822722,-0.00175,-1,-1,-1,0,0,0,136,1,1,0,0.0000000,0.0000000,0.0000000,0,0,0,0
755574158904458 D 1111,985986339,1000,1553,1553,2.3822722,-0.00168,-1,-1,-1,0,0,0,136,1,1,0,0.0000000,0.0000000,0.0000000,0,0,0,0
755574159888833 D 1112,985987339,1000,1553,1553,2.3822722,-0.00161,-1,-1,-1,0,0,0,136,1,1,0,0.0000000,0.0000000,0.0000000,0,0,0,0
755574160878083 D 1113,985988339,1000,1553,1553,2.3822722,-0.00155,-1,-1,-1,0,0,0,136,1,1,0,0.0000000,0.0000000,0.0000000,0,0,0,0
755574161876708 D 1114,985989339,1000,1553,1553,2.3822722,-0.00149,-1,-1,-1,0,0,0,136,1,1,0,0.0000000,0.0000000,0.0000000,0,0,0,0
755574162897875 D 1115,985990339,1000,1553,1553,2.3822722,-0.00143,-1,-1,-1,0,0,0,136,1,1,0,0.0000000,0.0000000,0.0000000,0,0,0,0
755574163903500 D 1116,985991339,1000,1553,1553,2.3822722,-0.00137,-1,-1,-1,0,0,0,136,1,1,0,0.0000000,0.0000000,0.0000000,0,0,0,0
755574164876208 D 1117,985992339,1000,1553,1553,2.3822722,-0.00132,-1,-1,-1,0,0,0,136,1,1,0,0.0000000,0.0000000,0.0000000,0,0,0,0
755574165875708 D 1118,985993339,1000,1553,1553,2.3822722,-0.00127,-1,-1,-1,0,0,0,136,1,1,0,0.0000000,0.0000000,0.0000000,0,0,0,0
755574166873875 D 1119,985994339,1000,1553,1553,2.3822722,-0.00122,-1,-1,-1,0,0,0,136,1,1,0,0.0000000,0.0000000,0.0000000,0,0,0,0
755574168098250 D 1120,985995339,1000,1553,1553,2.3822722,-0.00117,-1,-1,-1,0,0,0,136,1,1,0,0.0000000,0.0000000,0.0000000,0,0,0,0
755574169090625 D 1121,985996339,1000,1553,1553,2.3822722,-0.00112,-1,-1,-1,0,0,0,136,1,1,0,0.0000000,0.0000000,0.0000000,0,0,0,0
755574170112416 D 1122,985997339,1000,1553,1553,2.3822722,-0.00108,-1,-1,-1,0,0,0,136,1,1,0,0.0000000,0.0000000,0.0000000,0,0,0,0
755574171127833 D 1123,985998339,1000,1553,1553,2.3822722,-0.00104,-1,-1,-1,0,0,0,136,1,1,0,0.0000000,0.0000000,0.0000000,0,0,0,0
755574172174833 D 1124,985999339,1000,1553,1553,2.3822722,-0.00100,-1,-1,-1,0,0,0,136,1,1,0,0.0000000,0.0000000,0.0000000,0,0,0,0
755574173005750 D 1125,986000339,1000,1553,1553,2.3822722,-0.00096,-1,-1,-1,0,0,0,136,1,1,0,0.0000000,0.0000000,0.0000000,0,0,0,0
755574173907083 D 1126,986001339,1000,1553,1553,2.3822722,-0.00092,-1,-1,-1,0,0,0,136,1,1,0,0.0000000,0.0000000,0.0000000,0,0,0,0
755574175290916 D 1127,986002339,1000,1553,1553,2.3822722,-0.00088,39,128,2088,0,0,0,136,1,1,0,0.0000000,0.0000000,0.0000000,0,0,0,0
755574175905791 D 1128,986003339,1000,1553,1553,2.3822722,-0.00085,-1,-1,-1,0,0,0,136,1,1,0,0.0000000,0.0000000,0.0000000,0,0,0,0
755574176897791 D 1129,986004339,1000,1553,1553,2.3822722,-0.00082,-1,-1,-1,0,0,0,136,1,1,0,0.0000000,0.0000000,0.0000000,0,0,0,0
755574177885708 D 1130,986005339,1000,1553,1553,2.3822722,-0.00078,-1,-1,-1,0,0,0,136,1,1,0,0.0000000,0.0000000,0.0000000,0,0,0,0
755574178888250 D 1131,986006339,1000,1553,1553,2.3822722,-0.00075,-1,-1,-1,0,0,0,136,1,1,0,0.0000000,0.0000000,0.0000000,0,0,0,0
755574179907291 D 1132,986007339,1000,1553,1553,2.3822722,-0.00072,-1,-1,-1,0,0,0,136,1,1,0,0.0000000,0.0000000,0.0000000,0,0,0,0
755574180890333 D 1133,986008339,1000,1553,1553,2.3822722,-0.00070,-1,-1,-1,0,0,0,136,1,1,0,0.0000000,0.0000000,0.0000000,0,0,0,0
755574181878541 D 1134,986009339,1000,1553,1553,2.3822722,-0.00067,-1,-1,-1,0,0,0,136,1,1,0,0.0000000,0.0000000,0.0000000,0,0,0,0
755574182879166 D 1135,986010339,1000,1553,1553,2.3822722,-0.00064,-1,-1,-1,0,0,0,136,1,1,0,0.0000000,0.0000000,0.0000000,0,0,0,0
755574183910791 D 1136,986011339,1000,1553,1553,2.3822722,-0.00062,-1,-1,-1,0,0,0,135,1,1,0,0.0000000,0.0000000,0.0000000,0,0,0,0
755574184948625 D 1137,986012339,1000,1553,1553,2.3822722,-0.00059,-1,-1,-1,0,0,0,136,1,1,0,0.0000000,0.0000000,0.0000000,0,0,0,0
755574186000250 D 1138,986013339,1000,1553,1553,2.3822722,-0.00057,-1,-1,-1,0,0,0,136,1,1,0,0.0000000,0.0000000,0.0000000,0,0,0,0
755574186914250 D 1139,986014339,1000,1553,1553,2.3822722,-0.00055,-1,-1,-1,0,0,0,136,1,1,0,0.0000000,0.0000000,0.0000000,0,0,0,0
755574187901416 D 1140,986015339,1000,1553,1553,2.3822722,-0.00053,-1,-1,-1,0,0,0,136,1,1,0,0.0000000,0.0000000,0.0000000,0,0,0,0
755574188894875 D 1141,986016339,1000,1553,1553,2.3822722,-0.00051,-1,-1,-1,0,0,0,136,1,1,0,0.0000000,0.0000000,0.0000000,0,0,0,0
755574189890291 D 1142,986017339,1000,1553,1553,2.3822722,-0.00049,-1,-1,-1,0,0,0,136,1,1,0,0.0000000,0.0000000,0.0000000,0,0,0,0
755574190898916 D 1143,986018339,1000,1553,1553,2.3822722,-0.00047,-1,-1,-1,0,0,0,136,1,1,0,0.0000000,0.0000000,0.0000000,0,0,0,0
755574192134291 D 1144,986019339,1000,1553,1553,2.3822722,-0.00045,-1,-1,-1,0,0,0,136,1,1,0,0.0000000,0.0000000,0.0000000,0,0,0,0
755574193112458 D 1145,986020339,1000,1553,1553,2.3822722,-0.00043,-1,-1,-1,0,0,0,136,1,1,0,0.0000000,0.0000000,0.0000000,0,0,0,0
755574194100833 D 1146,986021339,1000,1553,1553,2.3822722,-0.00041,-1,-1,-1,0,0,0,136,1,1,0,0.0000000,0.0000000,0.0000000,0,0,0,0
755574194952791 D 1147,986022339,1000,1553,1553,2.3822722,-0.00040,-1,-1,-1,0,0,0,136,1,1,0,0.0000000,0.0000000,0.0000000,0,0,0,0
755574195896750 D 1148,986023339,1000,1553,1553,2.3822722,-0.00038,-1,-1,-1,0,0,0,136,1,1,0,0.0000000,0.0000000,0.0000000,0,0,0,0
755574196883333 D 1149,986024339,1000,1553,1553,2.3822722,-0.00037,-1,-1,-1,0,0,0,136,1,1,0,0.0000000,0.0000000,0.0000000,0,0,0,0
755574197888416 D 1150,986025339,1000,1553,1553,2.3822722,-0.00035,-1,-1,-1,0,0,0,135,1,1,0,0.0000000,0.0000000,0.0000000,0,0,0,0
755574198883458 D 1151,986026339,1000,1553,1553,2.3822722,-0.00034,-1,-1,-1,0,0,0,136,1,1,0,0.0000000,0.0000000,0.0000000,0,0,0,0
755574199876666 D 1152,986027339,1000,1553,1553,2.3822722,-0.00033,-1,-1,-1,0,0,0,136,1,1,0,0.0000000,0.0000000,0.0000000,0,0,0,0
755574200879291 D 1153,986028339,1000,1553,1553,2.3822722,-0.00031,-1,-1,-1,0,0,0,136,1,1,0,0.0000000,0.0000000,0.0000000,0,0,0,0
755574201875000 D 1154,986029339,1000,1553,1553,2.3822722,-0.00030,-1,-1,-1,0,0,0,136,1,1,0,0.0000000,0.0000000,0.0000000,0,0,0,0
755574202866750 D 1155,986030339,1000,1553,1553,2.3822722,-0.00029,-1,-1,-1,0,0,0,136,1,1,0,0.0000000,0.0000000,0.0000000,0,0,0,0
755574203882041 D 1156,986031339,1000,1553,1553,2.3822722,-0.00028,-1,-1,-1,0,0,0,136,1,1,0,0.0000000,0.0000000,0.0000000,0,0,0,0
755574204874375 D 1157,986032339,1000,1553,1553,2.3822722,-0.00027,-1,-1,-1,0,0,0,136,1,1,0,0.0000000,0.0000000,0.0000000,0,0,0,0
755574205888500 D 1158,986033339,1000,1553,1553,2.3822722,-0.00026,-1,-1,-1,0,0,0,136,1,1,0,0.0000000,0.0000000,0.0000000,0,0,0,0
755574206865375 D 1159,986034339,1000,1553,1553,2.3822722,-0.00025,-1,-1,-1,0,0,0,136,1,1,0,0.0000000,0.0000000,0.0000000,0,0,0,0
755574207868916 D 1160,986035339,1000,1553,1553,2.3822722,-0.00024,-1,-1,-1,0,0,0,136,1,1,0,0.0000000,0.0000000,0.0000000,0,0,0,0
755574208861291 D 1161,986036339,1000,1553,1553,2.3822722,-0.00023,-1,-1,-1,0,0,0,136,1,1,0,0.0000000,0.0000000,0.0000000,0,0,0,0
755574209865000 D 1162,986037339,1000,1553,1553,2.3822722,-0.00022,-1,-1,-1,0,0,0,136,1,1,0,0.0000000,0.0000000,0.0000000,0,0,0,0
755574210899166 D 1163,986038339,1000,1553,1553,2.3822722,-0.00021,-1,-1,-1,0,0,0,136,1,1,0,0.0000000,0.0000000,0.0000000,0,0,0,0
755574211877083 D 1164,986039339,1000,1553,1553,2.3822722,-0.00020,-1,-1,-1,0,0,0,136,1,1,0,0.0000000,0.0000000,0.0000000,0,0,0,0
755574212866166 D 1165,986040339,1000,1553,1553,2.3822722,-0.00019,-1,-1,-1,0,0,0,136,1,1,0,0.0000000,0.0000000,0.0000000,0,0,0,0
755574213863041 D 1166,986041339,1000,1553,1553,2.3822722,-0.00019,-1,-1,-1,0,0,0,136,1,1,0,0.0000000,0.0000000,0.0000000,0,0,0,0
755574214864375 D 1167,986042339,1000,1553,1553,2.3822722,-0.00018,-1,-1,-1,0,0,0,136,1,1,0,0.0000000,0.0000000,0.0000000,0,0,0,0
755574215861333 D 1168,986043339,1000,1553,1553,2.3822722,-0.00017,-1,-1,-1,0,0,0,136,1,1,0,0.0000000,0.0000000,0.0000000,0,0,0,0
755574216858125 D 1169,986044339,1000,1553,1553,2.3822722,-0.00016,-1,-1,-1,0,0,0,136,1,1,0,0.0000000,0.0000000,0.0000000,0,0,0,0
755574217861250 D 1170,986045339,1000,1553,1553,2.3822722,-0.00016,-1,-1,-1,0,0,0,136,1,1,0,0.0000000,0.0000000,0.0000000,0,0,0,0
755574218864125 D 1171,986046339,1000,1553,1553,2.3822722,-0.00015,-1,-1,-1,0,0,0,136,1,1,0,0.0000000,0.0000000,0.0000000,0,0,0,0
755574219864000 D 1172,986047339,1000,1553,1553,2.3822722,-0.00015,-1,-1,-1,0,0,0,136,1,1,0,0.0000000,0.0000000,0.0000000,0,0,0,0
755574220887125 D 1173,986048339,1000,1553,1553,2.3822722,-0.00014,-1,-1,-1,0,0,0,136,1,1,0,0.0000000,0.0000000,0.0000000,0,0,0,0
755574222092166 D 1174,986049339,1000,1554,1554,2.3838062,0.06001,-1,-1,-1,0,0,0,136,1,1,0,0.0000000,0.0000000,0.0000000,0,0,0,0
755574223079791 D 1175,986050339,1000,1553,1553,2.3822722,-0.00249,-1,-1,-1,0,0,0,136,1,1,0,0.0000000,0.0000000,0.0000000,0,0,0,0
755574224126333 D 1176,986051339,1000,1553,1553,2.3822722,-0.00239,-1,-1,-1,0,0,0,136,1,1,0,0.0000000,0.0000000,0.0000000,0,0,0,0
755574225239666 D 1177,986052339,1000,1553,1553,2.3822722,-0.00230,39,128,2086,0,0,0,136,1,1,0,0.0000000,0.0000000,0.0000000,0,0,0,0
755574225862541 D 1178,986053339,1000,1553,1553,2.3822722,-0.00221,-1,-1,-1,0,0,0,136,1,1,0,0.0000000,0.0000000,0.0000000,0,0,0,0
755574226913875 D 1179,986054339,1000,1553,1553,2.3822722,-0.00212,-1,-1,-1,0,0,0,136,1,1,0,0.0000000,0.0000000,0.0000000,0,0,0,0
755574227877000 D 1180,986055339,1000,1553,1553,2.3822722,-0.00204,-1,-1,-1,0,0,0,136,1,1,0,0.0000000,0.0000000,0.0000000,0,0,0,0
755574228900958 D 1181,986056339,1000,1553,1553,2.3822722,-0.00196,-1,-1,-1,0,0,0,136,1,1,0,0.0000000,0.0000000,0.0000000,0,0,0,0
755574229865750 D 1182,986057339,1000,1553,1553,2.3822722,-0.00188,-1,-1,-1,0,0,0,136,1,1,0,0.0000000,0.0000000,0.0000000,0,0,0,0
755574230879791 D 1183,986058339,1000,1553,1553,2.3822722,-0.00181,-1,-1,-1,0,0,0,136,1,1,0,0.0000000,0.0000000,0.0000000,0,0,0,0
755574231872250 D 1184,986059339,1000,1553,1553,2.3822722,-0.00174,-1,-1,-1,0,0,0,136,1,1,0,0.0000000,0.0000000,0.0000000,0,0,0,0
755574232870125 D 1185,986060339,1000,1553,1553,2.3822722,-0.00167,-1,-1,-1,0,0,0,136,1,1,0,0.0000000,0.0000000,0.0000000,0,0,0,0
755574233865125 D 1186,986061339,1000,1553,1553,2.3822722,-0.00160,-1,-1,-1,0,0,0,136,1,1,0,0.0000000,0.0000000,0.0000000,0,0,0,0
755574234862708 D 1187,986062339,1000,1553,1553,2.3822722,-0.00154,-1,-1,-1,0,0,0,136,1,1,0,0.0000000,0.0000000,0.0000000,0,0,0,0
755574235861666 D 1188,986063339,1000,1553,1553,2.3822722,-0.00148,-1,-1,-1,0,0,0,136,1,1,0,0.0000000,0.0000000,0.0000000,0,0,0,0
755574236882166 D 1189,986064339,1000,1553,1553,2.3822722,-0.00142,-1,-1,-1,0,0,0,136,1,1,0,0.0000000,0.0000000,0.0000000,0,0,0,0
755574237886666 D 1190,986065339,1000,1553,1553,2.3822722,-0.00137,-1,-1,-1,0,0,0,136,1,1,0,0.0000000,0.0000000,0.0000000,0,0,0,0
755574238879916 D 1191,986066339,1000,1553,1553,2.3822722,-0.00131,-1,-1,-1,0,0,0,136,1,1,0,0.0000000,0.0000000,0.0000000,0,0,0,0
755574239861125 D 1192,986067339,1000,1553,1553,2.3822722,-0.00126,-1,-1,-1,0,0,0,135,1,1,0,0.0000000,0.0000000,0.0000000,0,0,0,0
755574241018000 D 1193,986068339,1000,1553,1553,2.3822722,-0.00121,-1,-1,-1,0,0,0,136,1,1,0,0.0000000,0.0000000,0.0000000,0,0,0,0
755574242126500 D 1194,986069339,1000,1553,1553,2.3822722,-0.00116,-1,-1,-1,0,0,0,136,1,1,0,0.0000000,0.0000000,0.0000000,0,0,0,0
755574243102333 D 1195,986070339,1000,1553,1553,2.3822722,-0.00112,-1,-1,-1,0,0,0,136,1,1,0,0.0000000,0.0000000,0.0000000,0,0,0,0
755574244004500 D 1196,986071339,1000,1553,1553,2.3822722,-0.00107,-1,-1,-1,0,0,0,136,1,1,0,0.0000000,0.0000000,0.0000000,0,0,0,0
755574244870083 D 1197,986072339,1000,1553,1553,2.3822722,-0.00103,-1,-1,-1,0,0,0,136,1,1,0,0.0000000,0.0000000,0.0000000,0,0,0,0
755574245877250 D 1198,986073339,1000,1553,1553,2.3822722,-0.00099,-1,-1,-1,0,0,0,136,1,1,0,0.0000000,0.0000000,0.0000000,0,0,0,0
755574246892625 D 1199,986074339,1000,1553,1553,2.3822722,-0.00095,-1,-1,-1,0,0,0,136,1,1,0,0.0000000,0.0000000,0.0000000,0,0,0,0
755574247888125 D 1200,986075339,1000,1553,1553,2.3822722,-0.00092,-1,-1,-1,0,0,0,136,1,1,0,0.0000000,0.0000000,0.0000000,0,0,0,0
755574248871458 D 1201,986076339,1000,1553,1553,2.3822722,-0.00088,-1,-1,-1,0,0,0,136,1,1,0,0.0000000,0.0000000,0.0000000,0,0,0,0
755574249872125 D 1202,986077339,1000,1553,1553,2.3822722,-0.00084,-1,-1,-1,0,0,0,136,1,1,0,0.0000000,0.0000000,0.0000000,0,0,0,0
755574250873083 D 1203,986078339,1000,1553,1553,2.3822722,-0.00081,-1,-1,-1,0,0,0,136,1,1,0,0.0000000,0.0000000,0.0000000,0,0,0,0
755574251867458 D 1204,986079339,1000,1553,1553,2.3822722,-0.00078,-1,-1,-1,0,0,0,136,1,1,0,0.0000000,0.0000000,0.0000000,0,0,0,0
755574252863208 D 1205,986080339,1000,1553,1553,2.3822722,-0.00075,-1,-1,-1,0,0,0,136,1,1,0,0.0000000,0.0000000,0.0000000,0,0,0,0
755574253871583 D 1206,986081339,1000,1553,1553,2.3822722,-0.00072,-1,-1,-1,0,0,0,136,1,1,0,0.0000000,0.0000000,0.0000000,0,0,0,0
755574254861541 D 1207,986082339,1000,1553,1553,2.3822722,-0.00069,-1,-1,-1,0,0,0,136,1,1,0,0.0000000,0.0000000,0.0000000,0,0,0,0
755574255865833 D 1208,986083339,1000,1553,1553,2.3822722,-0.00066,-1,-1,-1,0,0,0,136,1,1,0,0.0000000,0.0000000,0.0000000,0,0,0,0
755574256872375 D 1209,986084339,1000,1553,1553,2.3822722,-0.00064,-1,-1,-1,0,0,0,136,1,1,0,0.0000000,0.0000000,0.0000000,0,0,0,0
755574257939875 D 1210,986085339,1000,1553,1553,2.3822722,-0.00061,-1,-1,-1,0,0,0,136,1,1,0,0.0000000,0.0000000,0.0000000,0,0,0,0
755574258976541 D 1211,986086339,1000,1553,1553,2.3822722,-0.00059,-1,-1,-1,0,0,0,136,1,1,0,0.0000000,0.0000000,0.0000000,0,0,0,0
755574260008875 D 1212,986087339,1000,1553,1553,2.3822722,-0.00057,-1,-1,-1,0,0,0,136,1,1,0,0.0000000,0.0000000,0.0000000,0,0,0,0
755574260961916 D 1213,986088339,1000,1553,1553,2.3822722,-0.00054,-1,-1,-1,0,0,0,136,1,1,0,0.0000000,0.0000000,0.0000000,0,0,0,0
755574262031208 D 1214,986089339,1000,1553,1553,2.3822722,-0.00052,-1,-1,-1,0,0,0,136,1,1,0,0.0000000,0.0000000,0.0000000,0,0,0,0
755574263061041 D 1215,986090339,1000,1553,1553,2.3822722,-0.00050,-1,-1,-1,0,0,0,136,1,1,0,0.0000000,0.0000000,0.0000000,0,0,0,0
755574264025833 D 1216,986091339,1000,1553,1553,2.3822722,-0.00048,-1,-1,-1,0,0,0,136,1,1,0,0.0000000,0.0000000,0.0000000,0,0,0,0
755574264962625 D 1217,986092339,1000,1553,1553,2.3822722,-0.00046,-1,-1,-1,0,0,0,136,1,1,0,0.0000000,0.0000000,0.0000000,0,0,0,0
755574265948541 D 1218,986093339,1000,1553,1553,2.3822722,-0.00045,-1,-1,-1,0,0,0,136,1,1,0,0.0000000,0.0000000,0.0000000,0,0,0,0
755574266935541 D 1219,986094339,1000,1553,1553,2.3822722,-0.00043,-1,-1,-1,0,0,0,136,1,1,0,0.0000000,0.0000000,0.0000000,0,0,0,0
755574267913500 D 1220,986095339,1000,1553,1553,2.3822722,-0.00041,-1,-1,-1,0,0,0,136,1,1,0,0.0000000,0.0000000,0.0000000,0,0,0,0
755574268913916 D 1221,986096339,1000,1553,1553,2.3822722,-0.00040,-1,-1,-1,0,0,0,136,1,1,0,0.0000000,0.0000000,0.0000000,0,0,0,0
755574269918375 D 1222,986097339,1000,1553,1553,2.3822722,-0.00038,-1,-1,-1,0,0,0,136,1,1,0,0.0000000,0.0000000,0.0000000,0,0,0,0
755574270882916 D 1223,986098339,1000,1553,1553,2.3822722,-0.00036,-1,-1,-1,0,0,0,136,1,1,0,0.0000000,0.0000000,0.0000000,0,0,0,0
755574271898458 D 1224,986099339,1000,1553,1553,2.3822722,-0.00035,-1,-1,-1,0,0,0,136,1,1,0,0.0000000,0.0000000,0.0000000,0,0,0,0
755574273148000 D 1225,986100339,1000,1553,1553,2.3822722,-0.00034,-1,-1,-1,0,0,0,136,1,1,0,0.0000000,0.0000000,0.0000000,0,0,0,0
755574274117083 D 1226,986101339,1000,1553,1553,2.3822722,-0.00032,-1,-1,-1,0,0,0,136,1,1,0,0.0000000,0.0000000,0.0000000,0,0,0,0
755574275556166 D 1227,986102339,1000,1553,1553,2.3822722,-0.00031,39,128,2088,0,0,0,136,1,1,0,0.0000000,0.0000000,0.0000000,0,0,0,0
755574276443375 D 1228,986103339,1000,1553,1553,2.3822722,-0.00030,-1,-1,-1,0,0,0,136,1,1,0,0.0000000,0.0000000,0.0000000,0,0,0,0
755574277357833 D 1229,986104339,1000,1553,1553,2.3822722,-0.00029,-1,-1,-1,0,0,0,136,1,1,0,0.0000000,0.0000000,0.0000000,0,0,0,0
755574278030791 D 1230,986105339,1000,1553,1553,2.3822722,-0.00028,-1,-1,-1,0,0,0,136,1,1,0,0.0000000,0.0000000,0.0000000,0,0,0,0
755574278935250 D 1231,986106339,1000,1553,1553,2.3822722,-0.00026,-1,-1,-1,0,0,0,136,1,1,0,0.0000000,0.0000000,0.0000000,0,0,0,0
755574279988291 D 1232,986107339,1000,1553,1553,2.3822722,-0.00025,-1,-1,-1,0,0,0,136,1,1,0,0.0000000,0.0000000,0.0000000,0,0,0,0
755574280965375 D 1233,986108339,1000,1553,1553,2.3822722,-0.00024,-1,-1,-1,0,0,0,136,1,1,0,0.0000000,0.0000000,0.0000000,0,0,0,0
755574282029250 D 1234,986109339,1000,1553,1553,2.3822722,-0.00023,-1,-1,-1,0,0,0,136,1,1,0,0.0000000,0.0000000,0.0000000,0,0,0,0
755574283005083 D 1235,986110339,1000,1553,1553,2.3822722,-0.00023,-1,-1,-1,0,0,0,136,1,1,0,0.0000000,0.0000000,0.0000000,0,0,0,0
755574283972875 D 1236,986111339,1000,1553,1553,2.3822722,-0.00022,-1,-1,-1,0,0,0,136,1,1,0,0.0000000,0.0000000,0.0000000,0,0,0,0
755574285002875 D 1237,986112339,1000,1553,1553,2.3822722,-0.00021,-1,-1,-1,0,0,0,136,1,1,0,0.0000000,0.0000000,0.0000000,0,0,0,0
755574286016000 D 1238,986113339,1000,1553,1553,2.3822722,-0.00020,-1,-1,-1,0,0,0,136,1,1,0,0.0000000,0.0000000,0.0000000,0,0,0,0
755574286954583 D 1239,986114339,1000,1553,1553,2.3822722,-0.00019,-1,-1,-1,0,0,0,136,1,1,0,0.0000000,0.0000000,0.0000000,0,0,0,0
755574287928875 D 1240,986115339,1000,1553,1553,2.3822722,-0.00018,-1,-1,-1,0,0,0,136,1,1,0,0.0000000,0.0000000,0.0000000,0,0,0,0
755574288957125 D 1241,986116339,1000,1553,1553,2.3822722,-0.00018,-1,-1,-1,0,0,0,135,1,1,0,0.0000000,0.0000000,0.0000000,0,0,0,0
755574289964375 D 1242,986117339,1000,1553,1553,2.3822722,-0.00017,-1,-1,-1,0,0,0,136,1,1,0,0.0000000,0.0000000,0.0000000,0,0,0,0
755574290929416 D 1243,986118339,1000,1553,1553,2.3822722,-0.00016,-1,-1,-1,0,0,0,136,1,1,0,0.0000000,0.0000000,0.0000000,0,0,0,0
755574291947708 D 1244,986119339,1000,1553,1553,2.3822722,-0.00016,-1,-1,-1,0,0,0,136,1,1,0,0.0000000,0.0000000,0.0000000,0,0,0,0
755574292921416 D 1245,986120339,1000,1553,1553,2.3822722,-0.00015,-1,-1,-1,0,0,0,136,1,1,0,0.0000000,0.0000000,0.0000000,0,0,0,0
755574293924458 D 1246,986121339,1000,1553,1553,2.3822722,-0.00015,-1,-1,-1,0,0,0,136,1,1,0,0.0000000,0.0000000,0.0000000,0,0,0,0
755574294967458 D 1247,986122339,1000,1553,1553,2.3822722,-0.00014,-1,-1,-1,0,0,0,136,1,1,0,0.0000000,0.0000000,0.0000000,0,0,0,0
755574295983958 D 1248,986123339,1000,1553,1553,2.3822722,-0.00013,-1,-1,-1,0,0,0,136,1,1,0,0.0000000,0.0000000,0.0000000,0,0,0,0
755574296945250 D 1249,986124339,1000,1553,1553,2.3822722,-0.00013,-1,-1,-1,0,0,0,136,1,1,0,0.0000000,0.0000000,0.0000000,0,0,0,0
755574297973666 D 1250,986125339,1000,1553,1553,2.3822722,-0.00012,-1,-1,-1,0,0,0,136,1,1,0,0.0000000,0.0000000,0.0000000,0,0,0,0
755574298956916 D 1251,986126339,1000,1553,1553,2.3822722,-0.00012,-1,-1,-1,0,0,0,136,1,1,0,0.0000000,0.0000000,0.0000000,0,0,0,0
755574300023041 D 1252,986127339,1000,1553,1553,2.3822722,-0.00011,-1,-1,-1,0,0,0,136,1,1,0,0.0000000,0.0000000,0.0000000,0,0,0,0
755574301003958 D 1253,986128339,1000,1553,1553,2.3822722,-0.00011,-1,-1,-1,0,0,0,136,1,1,0,0.0000000,0.0000000,0.0000000,0,0,0,0
755574301986916 D 1254,986129339,1000,1553,1553,2.3822722,-0.00011,-1,-1,-1,0,0,0,136,1,1,0,0.0000000,0.0000000,0.0000000,0,0,0,0
755574302980541 D 1255,986130339,1000,1553,1553,2.3822722,-0.00010,-1,-1,-1,0,0,0,136,1,1,0,0.0000000,0.0000000,0.0000000,0,0,0,0
755574304029583 D 1256,986131339,1000,1553,1553,2.3822722,-0.00010,-1,-1,-1,0,0,0,136,1,1,0,0.0000000,0.0000000,0.0000000,0,0,0,0
755574304986916 D 1257,986132339,1000,1553,1553,2.3822722,-0.00009,-1,-1,-1,0,0,0,136,1,1,0,0.0000000,0.0000000,0.0000000,0,0,0,0
755574305951791 D 1258,986133339,1000,1553,1553,2.3822722,-0.00009,-1,-1,-1,0,0,0,136,1,1,0,0.0000000,0.0000000,0.0000000,0,0,0,0
755574306938875 D 1259,986134339,1000,1553,1553,2.3822722,-0.00009,-1,-1,-1,0,0,0,136,1,1,0,0.0000000,0.0000000,0.0000000,0,0,0,0
755574307896208 D 1260,986135339,1000,1553,1553,2.3822722,-0.00008,-1,-1,-1,0,0,0,136,1,1,0,0.0000000,0.0000000,0.0000000,0,0,0,0
755574308908958 D 1261,986136339,1000,1553,1553,2.3822722,-0.00008,-1,-1,-1,0,0,0,136,1,1,0,0.0000000,0.0000000,0.0000000,0,0,0,0
755574309905916 D 1262,986137339,1000,1553,1553,2.3822722,-0.00008,-1,-1,-1,0,0,0,136,1,1,0,0.0000000,0.0000000,0.0000000,0,0,0,0
755574310885791 D 1263,986138339,1000,1553,1553,2.3822722,-0.00007,-1,-1,-1,0,0,0,136,1,1,0,0.0000000,0.0000000,0.0000000,0,0,0,0
755574311922375 D 1264,986139339,1000,1553,1553,2.3822722,-0.00007,-1,-1,-1,0,0,0,136,1,1,0,0.0000000,0.0000000,0.0000000,0,0,0,0
755574312933541 D 1265,986140339,1000,1553,1553,2.3822722,-0.00007,-1,-1,-1,0,0,0,136,1,1,0,0.0000000,0.0000000,0.0000000,0,0,0,0
755574313926250 D 1266,986141339,1000,1553,1553,2.3822722,-0.00007,-1,-1,-1,0,0,0,136,1,1,0,0.0000000,0.0000000,0.0000000,0,0,0,0
755574314894958 D 1267,986142339,1000,1553,1553,2.3822722,-0.00006,-1,-1,-1,0,0,0,136,1,1,0,0.0000000,0.0000000,0.0000000,0,0,0,0
755574315934166 D 1268,986143339,1000,1553,1553,2.3822722,-0.00006,-1,-1,-1,0,0,0,136,1,1,0,0.0000000,0.0000000,0.0000000,0,0,0,0
755574316946500 D 1269,986144339,1000,1553,1553,2.3822722,-0.00006,-1,-1,-1,0,0,0,136,1,1,0,0.0000000,0.0000000,0.0000000,0,0,0,0
755574317920083 D 1270,986145339,1000,1553,1553,2.3822722,-0.00006,-1,-1,-1,0,0,0,136,1,1,0,0.0000000,0.0000000,0.0000000,0,0,0,0
755574318891458 D 1271,986146339,1000,1553,1553,2.3822722,-0.00005,-1,-1,-1,0,0,0,136,1,1,0,0.0000000,0.0000000,0.0000000,0,0,0,0
755574319912125 D 1272,986147339,1000,1553,1553,2.3822722,-0.00005,-1,-1,-1,0,0,0,136,1,1,0,0.0000000,0.0000000,0.0000000,0,0,0,0
755574320925958 D 1273,986148339,1000,1553,1553,2.3822722,-0.00005,-1,-1,-1,0,0,0,136,1,1,0,0.0000000,0.0000000,0.0000000,0,0,0,0
755574321893041 D 1274,986149339,1000,1553,1553,2.3822722,-0.00005,-1,-1,-1,0,0,0,136,1,1,0,0.0000000,0.0000000,0.0000000,0,0,0,0
755574322891958 D 1275,986150339,1000,1553,1553,2.3822722,-0.00005,-1,-1,-1,0,0,0,136,1,1,0,0.0000000,0.0000000,0.0000000,0,0,0,0
755574323932000 D 1276,986151339,1000,1553,1553,2.3822722,-0.00004,-1,-1,-1,0,0,0,136,1,1,0,0.0000000,0.0000000,0.0000000,0,0,0,0
755574325276208 D 1277,986152339,1000,1553,1553,2.3822722,-0.00004,39,128,2087,0,0,0,136,1,1,0,0.0000000,0.0000000,0.0000000,0,0,0,0
755574325886625 D 1278,986153339,1000,1553,1553,2.3822722,-0.00004,-1,-1,-1,0,0,0,136,1,1,0,0.0000000,0.0000000,0.0000000,0,0,0,0
755574326873666 D 1279,986154339,1000,1553,1553,2.3822722,-0.00004,-1,-1,-1,0,0,0,136,1,1,0,0.0000000,0.0000000,0.0000000,0,0,0,0
755574327880166 D 1280,986155339,1000,1553,1553,2.3822722,-0.00004,-1,-1,-1,0,0,0,136,1,1,0,0.0000000,0.0000000,0.0000000,0,0,0,0
755574328880291 D 1281,986156339,1000,1553,1553,2.3822722,-0.00004,-1,-1,-1,0,0,0,136,1,1,0,0.0000000,0.0000000,0.0000000,0,0,0,0
755574329882916 D 1282,986157339,1000,1553,1553,2.3822722,-0.00003,-1,-1,-1,0,0,0,136,1,1,0,0.0000000,0.0000000,0.0000000,0,0,0,0
755574330891291 D 1283,986158339,1000,1553,1553,2.3822722,-0.00003,-1,-1,-1,0,0,0,136,1,1,0,0.0000000,0.0000000,0.0000000,0,0,0,0
755574331879916 D 1284,986159339,1000,1553,1553,2.3822722,-0.00003,-1,-1,-1,0,0,0,136,1,1,0,0.0000000,0.0000000,0.0000000,0,0,0,0
755574332881291 D 1285,986160339,1000,1553,1553,2.3822722,-0.00003,-1,-1,-1,0,0,0,136,1,1,0,0.0000000,0.0000000,0.0000000,0,0,0,0
755574333895041 D 1286,986161339,1000,1553,1553,2.3822722,-0.00003,-1,-1,-1,0,0,0,136,1,1,0,0.0000000,0.0000000,0.0000000,0,0,0,0
755574334898750 D 1287,986162339,1000,1553,1553,2.3822722,-0.00003,-1,-1,-1,0,0,0,136,1,1,0,0.0000000,0.0000000,0.0000000,0,0,0,0
755574335915375 D 1288,986163339,1000,1553,1553,2.3822722,-0.00003,-1,-1,-1,0,0,0,136,1,1,0,0.0000000,0.0000000,0.0000000,0,0,0,0
755574336947625 D 1289,986164339,1000,1553,1553,2.3822722,-0.00003,-1,-1,-1,0,0,0,136,1,1,0,0.0000000,0.0000000,0.0000000,0,0,0,0
755574337957708 D 1290,986165339,1000,1553,1553,2.3822722,-0.00003,-1,-1,-1,0,0,0,136,1,1,0,0.0000000,0.0000000,0.0000000,0,0,0,0
755574338926916 D 1291,986166339,1000,1553,1553,2.3822722,-0.00002,-1,-1,-1,0,0,0,136,1,1,0,0.0000000,0.0000000,0.0000000,0,0,0,0
755574339885041 D 1292,986167339,1000,1554,1554,2.3838062,0.06013,-1,-1,-1,0,0,0,136,1,1,0,0.0000000,0.0000000,0.0000000,0,0,0,0
755574340895500 D 1293,986168339,1000,1553,1553,2.3822722,-0.00238,-1,-1,-1,0,0,0,136,1,1,0,0.0000000,0.0000000,0.0000000,0,0,0,0
755574341880708 D 1294,986169339,1000,1553,1553,2.3822722,-0.00229,-1,-1,-1,0,0,0,136,1,1,0,0.0000000,0.0000000,0.0000000,0,0,0,0
755574342885708 D 1295,986170339,1000,1553,1553,2.3822722,-0.00220,-1,-1,-1,0,0,0,136,1,1,0,0.0000000,0.0000000,0.0000000,0,0,0,0
755574343882958 D 1296,986171339,1000,1553,1553,2.3822722,-0.00211,-1,-1,-1,0,0,0,136,1,1,0,0.0000000,0.0000000,0.0000000,0,0,0,0
755574345113708 D 1297,986172339,1000,1553,1553,2.3822722,-0.00203,-1,-1,-1,0,0,0,135,1,1,0,0.0000000,0.0000000,0.0000000,0,0,0,0
755574346106125 D 1298,986173339,1000,1553,1553,2.3822722,-0.00195,-1,-1,-1,0,0,0,136,1,1,0,0.0000000,0.0000000,0.0000000,0,0,0,0
755574346989833 D 1299,986174339,1000,1553,1553,2.3822722,-0.00187,-1,-1,-1,0,0,0,136,1,1,0,0.0000000,0.0000000,0.0000000,0,0,0,0
755574347872333 D 1300,986175339,1000,1553,1553,2.3822722,-0.00180,-1,-1,-1,0,0,0,136,1,1,0,0.0000000,0.0000000,0.0000000,0,0,0,0
755574348885041 D 1301,986176339,1000,1553,1553,2.3822722,-0.00173,-1,-1,-1,0,0,0,136,1,1,0,0.0000000,0.0000000,0.0000000,0,0,0,0
755574349885583 D 1302,986177339,1000,1553,1553,2.3822722,-0.00166,-1,-1,-1,0,0,0,136,1,1,0,0.0000000,0.0000000,0.0000000,0,0,0,0
755574350888875 D 1303,986178339,1000,1553,1553,2.3822722,-0.00160,-1,-1,-1,0,0,0,136,1,1,0,0.0000000,0.0000000,0.0000000,0,0,0,0
755574351920208 D 1304,986179339,1000,1553,1553,2.3822722,-0.00153,-1,-1,-1,0,0,0,136,1,1,0,0.0000000,0.0000000,0.0000000,0,0,0,0
755574352881000 D 1305,986180339,1000,1553,1553,2.3822722,-0.00147,-1,-1,-1,0,0,0,136,1,1,0,0.0000000,0.0000000,0.0000000,0,0,0,0
755574353873916 D 1306,986181339,1000,1553,1553,2.3822722,-0.00142,-1,-1,-1,0,0,0,136,1,1,0,0.0000000,0.0000000,0.0000000,0,0,0,0
755574354872583 D 1307,986182339,1000,1553,1553,2.3822722,-0.00136,-1,-1,-1,0,0,0,136,1,1,0,0.0000000,0.0000000,0.0000000,0,0,0,0
755574355874291 D 1308,986183339,1000,1553,1553,2.3822722,-0.00131,-1,-1,-1,0,0,0,136,1,1,0,0.0000000,0.0000000,0.0000000,0,0,0,0
755574356870791 D 1309,986184339,1000,1553,1553,2.3822722,-0.00126,-1,-1,-1,0,0,0,136,1,1,0,0.0000000,0.0000000,0.0000000,0,0,0,0
755574357879041 D 1310,986185339,1000,1553,1553,2.3822722,-0.00121,-1,-1,-1,0,0,0,136,1,1,0,0.0000000,0.0000000,0.0000000,0,0,0,0
755574358882583 D 1311,986186339,1000,1553,1553,2.3822722,-0.00116,-1,-1,-1,0,0,0,136,1,1,0,0.0000000,0.0000000,0.0000000,0,0,0,0
755574359877833 D 1312,986187339,1000,1553,1553,2.3822722,-0.00111,-1,-1,-1,0,0,0,136,1,1,0,0.0000000,0.0000000,0.0000000,0,0,0,0
755574360885833 D 1313,986188339,1000,1553,1553,2.3822722,-0.00107,-1,-1,-1,0,0,0,136,1,1,0,0.0000000,0.0000000,0.0000000,0,0,0,0
755574361888500 D 1314,986189339,1000,1553,1553,2.3822722,-0.00103,-1,-1,-1,0,0,0,136,1,1,0,0.0000000,0.0000000,0.0000000,0,0,0,0
755574362880791 D 1315,986190339,1000,1553,1553,2.3822722,-0.00099,-1,-1,-1,0,0,0,136,1,1,0,0.0000000,0.0000000,0.0000000,0,0,0,0
755574363886250 D 1316,986191339,1000,1553,1553,2.3822722,-0.00095,-1,-1,-1,0,0,0,136,1,1,0,0.0000000,0.0000000,0.0000000,0,0,0,0
755574364931166 D 1317,986192339,1000,1553,1553,2.3822722,-0.00091,-1,-1,-1,0,0,0,136,1,1,0,0.0000000,0.0000000,0.0000000,0,0,0,0
755574365909166 D 1318,986193339,1000,1553,1553,2.3822722,-0.00088,-1,-1,-1,0,0,0,136,1,1,0,0.0000000,0.0000000,0.0000000,0,0,0,0
755574366888166 D 1319,986194339,1000,1553,1553,2.3822722,-0.00084,-1,-1,-1,0,0,0,136,1,1,0,0.0000000,0.0000000,0.0000000,0,0,0,0
755574367899916 D 1320,986195339,1000,1553,1553,2.3822722,-0.00081,-1,-1,-1,0,0,0,136,1,1,0,0.0000000,0.0000000,0.0000000,0,0,0,0
755574368891750 D 1321,986196339,1000,1553,1553,2.3822722,-0.00078,-1,-1,-1,0,0,0,136,1,1,0,0.0000000,0.0000000,0.0000000,0,0,0,0
755574369888041 D 1322,986197339,1000,1553,1553,2.3822722,-0.00075,-1,-1,-1,0,0,0,136,1,1,0,0.0000000,0.0000000,0.0000000,0,0,0,0
755574370908458 D 1323,986198339,1000,1553,1553,2.3822722,-0.00072,-1,-1,-1,0,0,0,136,1,1,0,0.0000000,0.0000000,0.0000000,0,0,0,0
755574371871916 D 1324,986199339,1000,1553,1553,2.3822722,-0.00069,-1,-1,-1,0,0,0,136,1,1,0,0.0000000,0.0000000,0.0000000,0,0,0,0
755574372914500 D 1325,986200339,1000,1553,1553,2.3822722,-0.00066,-1,-1,-1,0,0,0,136,1,1,0,0.0000000,0.0000000,0.0000000,0,0,0,0
755574374192833 D 1326,986201339,1000,1553,1553,2.3822722,-0.00064,-1,-1,-1,0,0,0,136,1,1,0,0.0000000,0.0000000,0.0000000,0,0,0,0
755574375563666 D 1327,986202339,1000,1553,1553,2.3822722,-0.00061,39,128,2088,0,0,0,136,1,1,0,0.0000000,0.0000000,0.0000000,0,0,0,0
755574376412708 D 1328,986203339,1000,1553,1553,2.3822722,-0.00059,-1,-1,-1,0,0,0,136,1,1,0,0.0000000,0.0000000,0.0000000,0,0,0,0
755574377252708 D 1329,986204339,1000,1553,1553,2.3822722,-0.00056,-1,-1,-1,0,0,0,136,1,1,0,0.0000000,0.0000000,0.0000000,0,0,0,0
755574378085083 D 1330,986205339,1000,1553,1553,2.3822722,-0.00054,-1,-1,-1,0,0,0,136,1,1,0,0.0000000,0.0000000,0.0000000,0,0,0,0
755574379107666 D 1331,986206339,1000,1553,1553,2.3822722,-0.00052,-1,-1,-1,0,0,0,136,1,1,0,0.0000000,0.0000000,0.0000000,0,0,0,0
755574380112083 D 1332,986207339,1000,1553,1553,2.3822722,-0.00050,-1,-1,-1,0,0,0,136,1,1,0,0.0000000,0.0000000,0.0000000,0,0,0,0
755574380915958 D 1333,986208339,1000,1553,1553,2.3822722,-0.00048,-1,-1,-1,0,0,0,136,1,1,0,0.0000000,0.0000000,0.0000000,0,0,0,0
755574381896375 D 1334,986209339,1000,1553,1553,2.3822722,-0.00046,-1,-1,-1,0,0,0,136,1,1,0,0.0000000,0.0000000,0.0000000,0,0,0,0
755574382893333 D 1335,986210339,1000,1553,1553,2.3822722,-0.00044,-1,-1,-1,0,0,0,136,1,1,0,0.0000000,0.0000000,0.0000000,0,0,0,0
755574383903500 D 1336,986211339,1000,1553,1553,2.3822722,-0.00043,-1,-1,-1,0,0,0,136,1,1,0,0.0000000,0.0000000,0.0000000,0,0,0,0
755574384875333 D 1337,986212339,1000,1553,1553,2.3822722,-0.00041,-1,-1,-1,0,0,0,136,1,1,0,0.0000000,0.0000000,0.0000000,0,0,0,0
755574385929625 D 1338,986213339,1000,1553,1553,2.3822722,-0.00039,-1,-1,-1,0,0,0,136,1,1,0,0.0000000,0.0000000,0.0000000,0,0,0,0
755574386985833 D 1339,986214339,1000,1553,1553,2.3822722,-0.00038,-1,-1,-1,0,0,0,135,1,1,0,0.0000000,0.0000000,0.0000000,0,0,0,0
755574387898458 D 1340,986215339,1000,1553,1553,2.3822722,-0.00036,-1,-1,-1,0,0,0,136,1,1,0,0.0000000,0.0000000,0.0000000,0,0,0,0
755574388898833 D 1341,986216339,1000,1553,1553,2.3822722,-0.00035,-1,-1,-1,0,0,0,136,1,1,0,0.0000000,0.0000000,0.0000000,0,0,0,0
755574389892291 D 1342,986217339,1000,1553,1553,2.3822722,-0.00034,-1,-1,-1,0,0,0,136,1,1,0,0.0000000,0.0000000,0.0000000,0,0,0,0
755574390880833 D 1343,986218339,1000,1554,1554,2.3838062,0.05983,-1,-1,-1,0,0,0,136,1,1,0,0.0000000,0.0000000,0.0000000,0,0,0,0
755574391892791 D 1344,986219339,1000,1553,1553,2.3822722,-0.00267,-1,-1,-1,0,0,0,136,1,1,0,0.0000000,0.0000000,0.0000000,0,0,0,0
755574392883916 D 1345,986220339,1000,1553,1553,2.3822722,-0.00256,-1,-1,-1,0,0,0,136,1,1,0,0.0000000,0.0000000,0.0000000,0,0,0,0
755574393888083 D 1346,986221339,1000,1553,1553,2.3822722,-0.00246,-1,-1,-1,0,0,0,136,1,1,0,0.0000000,0.0000000,0.0000000,0,0,0,0
755574394886541 D 1347,986222339,1000,1553,1553,2.3822722,-0.00237,-1,-1,-1,0,0,0,136,1,1,0,0.0000000,0.0000000,0.0000000,0,0,0,0
755574395932166 D 1348,986223339,1000,1553,1553,2.3822722,-0.00227,-1,-1,-1,0,0,0,136,1,1,0,0.0000000,0.0000000,0.0000000,0,0,0,0
755574397000916 D 1349,986224339,1000,1553,1553,2.3822722,-0.00218,-1,-1,-1,0,0,0,136,1,1,0,0.0000000,0.0000000,0.0000000,0,0,0,0
755574397972750 D 1350,986225339,1000,1553,1553,2.3822722,-0.00210,-1,-1,-1,0,0,0,136,1,1,0,0.0000000,0.0000000,0.0000000,0,0,0,0
755574398893000 D 1351,986226339,1000,1553,1553,2.3822722,-0.00202,-1,-1,-1,0,0,0,136,1,1,0,0.0000000,0.0000000,0.0000000,0,0,0,0
755574399886041 D 1352,986227339,1000,1553,1553,2.3822722,-0.00194,-1,-1,-1,0,0,0,136,1,1,0,0.0000000,0.0000000,0.0000000,0,0,0,0
755574400878291 D 1353,986228339,1000,1553,1553,2.3822722,-0.00186,-1,-1,-1,0,0,0,136,1,1,0,0.0000000,0.0000000,0.0000000,0,0,0,0
755574401882250 D 1354,986229339,1000,1553,1553,2.3822722,-0.00179,-1,-1,-1,0,0,0,136,1,1,0,0.0000000,0.0000000,0.0000000,0,0,0,0
755574402872416 D 1355,986230339,1000,1553,1553,2.3822722,-0.00172,-1,-1,-1,0,0,0,136,1,1,0,0.0000000,0.0000000,0.0000000,0,0,0,0
755574403877166 D 1356,986231339,1000,1553,1553,2.3822722,-0.00165,-1,-1,-1,0,0,0,136,1,1,0,0.0000000,0.0000000,0.0000000,0,0,0,0
755574404876833 D 1357,986232339,1000,1553,1553,2.3822722,-0.00159,-1,-1,-1,0,0,0,136,1,1,0,0.0000000,0.0000000,0.0000000,0,0,0,0
755574405868750 D 1358,986233339,1000,1553,1553,2.3822722,-0.00152,-1,-1,-1,0,0,0,136,1,1,0,0.0000000,0.0000000,0.0000000,0,0,0,0
755574406869958 D 1359,986234339,1000,1553,1553,2.3822722,-0.00146,-1,-1,-1,0,0,0,136,1,1,0,0.0000000,0.0000000,0.0000000,0,0,0,0
755574407880958 D 1360,986235339,1000,1553,1553,2.3822722,-0.00141,-1,-1,-1,0,0,0,136,1,1,0,0.0000000,0.0000000,0.0000000,0,0,0,0
755574408896125 D 1361,986236339,1000,1553,1553,2.3822722,-0.00135,-1,-1,-1,0,0,0,136,1,1,0,0.0000000,0.0000000,0.0000000,0,0,0,0
755574410113958 D 1362,986237339,1000,1553,1553,2.3822722,-0.00130,-1,-1,-1,0,0,0,136,1,1,0,0.0000000,0.0000000,0.0000000,0,0,0,0
755574411089375 D 1363,986238339,1000,1553,1553,2.3822722,-0.00125,-1,-1,-1,0,0,0,136,1,1,0,0.0000000,0.0000000,0.0000000,0,0,0,0
755574412041166 D 1364,986239339,1000,1553,1553,2.3822722,-0.00120,-1,-1,-1,0,0,0,136,1,1,0,0.0000000,0.0000000,0.0000000,0,0,0,0
755574412870583 D 1365,986240339,1000,1553,1553,2.3822722,-0.00115,-1,-1,-1,0,0,0,136,1,1,0,0.0000000,0.0000000,0.0000000,0,0,0,0
755574413881833 D 1366,986241339,1000,1553,1553,2.3822722,-0.00111,-1,-1,-1,0,0,0,136,1,1,0,0.0000000,0.0000000,0.0000000,0,0,0,0
755574414897958 D 1367,986242339,1000,1553,1553,2.3822722,-0.00106,-1,-1,-1,0,0,0,136,1,1,0,0.0000000,0.0000000,0.0000000,0,0,0,0
755574415872625 D 1368,986243339,1000,1553,1553,2.3822722,-0.00102,-1,-1,-1,0,0,0,136,1,1,0,0.0000000,0.0000000,0.0000000,0,0,0,0
755574416878291 D 1369,986244339,1000,1553,1553,2.3822722,-0.00098,-1,-1,-1,0,0,0,136,1,1,0,0.0000000,0.0000000,0.0000000,0,0,0,0
755574417875875 D 1370,986245339,1000,1553,1553,2.3822722,-0.00094,-1,-1,-1,0,0,0,136,1,1,0,0.0000000,0.0000000,0.0000000,0,0,0,0
755574418874833 D 1371,986246339,1000,1553,1553,2.3822722,-0.00091,-1,-1,-1,0,0,0,136,1,1,0,0.0000000,0.0000000,0.0000000,0,0,0,0
755574419869083 D 1372,986247339,1000,1553,1553,2.3822722,-0.00087,-1,-1,-1,0,0,0,136,1,1,0,0.0000000,0.0000000,0.0000000,0,0,0,0
755574420886333 D 1373,986248339,1000,1553,1553,2.3822722,-0.00084,-1,-1,-1,0,0,0,136,1,1,0,0.0000000,0.0000000,0.0000000,0,0,0,0
755574421892000 D 1374,986249339,1000,1553,1553,2.3822722,-0.00080,-1,-1,-1,0,0,0,136,1,1,0,0.0000000,0.0000000,0.0000000,0,0,0,0
755574422873958 D 1375,986250339,1000,1553,1553,2.3822722,-0.00077,-1,-1,-1,0,0,0,136,1,1,0,0.0000000,0.0000000,0.0000000,0,0,0,0
755574423885250 D 1376,986251339,1000,1553,1553,2.3822722,-0.00074,-1,-1,-1,0,0,0,136,1,1,0,0.0000000,0.0000000,0.0000000,0,0,0,0
755574425257083 D 1377,986252339,1000,1553,1553,2.3822722,-0.00071,39,128,2088,0,0,0,136,1,1,0,0.0000000,0.0000000,0.0000000,0,0,0,0
755574425867083 D 1378,986253339,1000,1553,1553,2.3822722,-0.00068,-1,-1,-1,0,0,0,136,1,1,0,0.0000000,0.0000000,0.0000000,0,0,0,0
755574426866625 D 1379,986254339,1000,1553,1553,2.3822722,-0.00066,-1,-1,-1,0,0,0,136,1,1,0,0.0000000,0.0000000,0.0000000,0,0,0,0
755574428097875 D 1380,986255339,1000,1553,1553,2.3822722,-0.00063,-1,-1,-1,0,0,0,136,1,1,0,0.0000000,0.0000000,0.0000000,0,0,0,0
755574429111791 D 1381,986256339,1000,1553,1553,2.3822722,-0.00061,-1,-1,-1,0,0,0,136,1,1,0,0.0000000,0.0000000,0.0000000,0,0,0,0
755574430000666 D 1382,986257339,1000,1553,1553,2.3822722,-0.00058,-1,-1,-1,0,0,0,136,1,1,0,0.0000000,0.0000000,0.0000000,0,0,0,0
755574430877916 D 1383,986258339,1000,1553,1553,2.3822722,-0.00056,-1,-1,-1,0,0,0,136,1,1,0,0.0000000,0.0000000,0.0000000,0,0,0,0
755574431875250 D 1384,986259339,1000,1553,1553,2.3822722,-0.00054,-1,-1,-1,0,0,0,136,1,1,0,0.0000000,0.0000000,0.0000000,0,0,0,0
755574432869208 D 1385,986260339,1000,1553,1553,2.3822722,-0.00052,-1,-1,-1,0,0,0,136,1,1,0,0.0000000,0.0000000,0.0000000,0,0,0,0
755574433876541 D 1386,986261339,1000,1553,1553,2.3822722,-0.00050,-1,-1,-1,0,0,0,136,1,1,0,0.0000000,0.0000000,0.0000000,0,0,0,0
755574434910833 D 1387,986262339,1000,1553,1553,2.3822722,-0.00048,-1,-1,-1,0,0,0,136,1,1,0,0.0000000,0.0000000,0.0000000,0,0,0,0
755574435876875 D 1388,986263339,1000,1553,1553,2.3822722,-0.00046,-1,-1,-1,0,0,0,136,1,1,0,0.0000000,0.0000000,0.0000000,0,0,0,0
755574436871916 D 1389,986264339,1000,1553,1553,2.3822722,-0.00044,-1,-1,-1,0,0,0,136,1,1,0,0.0000000,0.0000000,0.0000000,0,0,0,0
755574437867916 D 1390,986265339,1000,1553,1553,2.3822722,-0.00042,-1,-1,-1,0,0,0,136,1,1,0,0.0000000,0.0000000,0.0000000,0,0,0,0
755574438872500 D 1391,986266339,1000,1553,1553,2.3822722,-0.00041,-1,-1,-1,0,0,0,136,1,1,0,0.0000000,0.0000000,0.0000000,0,0,0,0
755574439886500 D 1392,986267339,1000,1553,1553,2.3822722,-0.00039,-1,-1,-1,0,0,0,136,1,1,0,0.0000000,0.0000000,0.0000000,0,0,0,0
755574441100291 D 1393,986268339,1000,1553,1553,2.3822722,-0.00038,-1,-1,-1,0,0,0,136,1,1,0,0.0000000,0.0000000,0.0000000,0,0,0,0
755574442096083 D 1394,986269339,1000,1553,1553,2.3822722,-0.00036,-1,-1,-1,0,0,0,136,1,1,0,0.0000000,0.0000000,0.0000000,0,0,0,0
755574443084625 D 1395,986270339,1000,1553,1553,2.3822722,-0.00035,-1,-1,-1,0,0,0,136,1,1,0,0.0000000,0.0000000,0.0000000,0,0,0,0
755574443929791 D 1396,986271339,1000,1553,1553,2.3822722,-0.00033,-1,-1,-1,0,0,0,136,1,1,0,0.0000000,0.0000000,0.0000000,0,0,0,0
755574444878166 D 1397,986272339,1000,1553,1553,2.3822722,-0.00032,-1,-1,-1,0,0,0,136,1,1,0,0.0000000,0.0000000,0.0000000,0,0,0,0
755574445902541 D 1398,986273339,1000,1553,1553,2.3822722,-0.00031,-1,-1,-1,0,0,0,136,1,1,0,0.0000000,0.0000000,0.0000000,0,0,0,0
755574446877041 D 1399,986274339,1000,1553,1553,2.3822722,-0.00030,-1,-1,-1,0,0,0,136,1,1,0,0.0000000,0.0000000,0.0000000,0,0,0,0
755574447873875 D 1400,986275339,1000,1553,1553,2.3822722,-0.00028,-1,-1,-1,0,0,0,136,1,1,0,0.0000000,0.0000000,0.0000000,0,0,0,0
755574448874708 D 1401,986276339,1000,1553,1553,2.3822722,-0.00027,-1,-1,-1,0,0,0,136,1,1,0,0.0000000,0.0000000,0.0000000,0,0,0,0
755574449883750 D 1402,986277339,1000,1553,1553,2.3822722,-0.00026,-1,-1,-1,0,0,0,136,1,1,0,0.0000000,0.0000000,0.0000000,0,0,0,0
755574450879875 D 1403,986278339,1000,1553,1553,2.3822722,-0.00025,-1,-1,-1,0,0,0,136,1,1,0,0.0000000,0.0000000,0.0000000,0,0,0,0
755574451873583 D 1404,986279339,1000,1553,1553,2.3822722,-0.00024,-1,-1,-1,0,0,0,136,1,1,0,0.0000000,0.0000000,0.0000000,0,0,0,0
755574452878541 D 1405,986280339,1000,1553,1553,2.3822722,-0.00023,-1,-1,-1,0,0,0,136,1,1,0,0.0000000,0.0000000,0.0000000,0,0,0,0
755574453869708 D 1406,986281339,1000,1553,1553,2.3822722,-0.00022,-1,-1,-1,0,0,0,136,1,1,0,0.0000000,0.0000000,0.0000000,0,0,0,0
755574454868500 D 1407,986282339,1000,1553,1553,2.3822722,-0.00021,-1,-1,-1,0,0,0,136,1,1,0,0.0000000,0.0000000,0.0000000,0,0,0,0
755574455869875 D 1408,986283339,1000,1553,1553,2.3822722,-0.00021,-1,-1,-1,0,0,0,136,1,1,0,0.0000000,0.0000000,0.0000000,0,0,0,0
755574457102291 D 1409,986284339,1000,1553,1553,2.3822722,-0.00020,-1,-1,-1,0,0,0,135,1,1,0,0.0000000,0.0000000,0.0000000,0,0,0,0
755574458084666 D 1410,986285339,1000,1553,1553,2.3822722,-0.00019,-1,-1,-1,0,0,0,136,1,1,0,0.0000000,0.0000000,0.0000000,0,0,0,0
755574459099041 D 1411,986286339,1000,1553,1553,2.3822722,-0.00018,-1,-1,-1,0,0,0,136,1,1,0,0.0000000,0.0000000,0.0000000,0,0,0,0
755574459889708 D 1412,986287339,1000,1553,1553,2.3822722,-0.00018,-1,-1,-1,0,0,0,136,1,1,0,0.0000000,0.0000000,0.0000000,0,0,0,0
755574460882583 D 1413,986288339,1000,1553,1553,2.3822722,-0.00017,-1,-1,-1,0,0,0,136,1,1,0,0.0000000,0.0000000,0.0000000,0,0,0,0
755574461874750 D 1414,986289339,1000,1553,1553,2.3822722,-0.00016,-1,-1,-1,0,0,0,136,1,1,0,0.0000000,0.0000000,0.0000000,0,0,0,0
755574462868541 D 1415,986290339,1000,1553,1553,2.3822722,-0.00016,-1,-1,-1,0,0,0,136,1,1,0,0.0000000,0.0000000,0.0000000,0,0,0,0
755574463860000 D 1416,986291339,1000,1553,1553,2.3822722,-0.00015,-1,-1,-1,0,0,0,136,1,1,0,0.0000000,0.0000000,0.0000000,0,0,0,0
755574464880625 D 1417,986292339,1000,1553,1553,2.3822722,-0.00014,-1,-1,-1,0,0,0,136,1,1,0,0.0000000,0.0000000,0.0000000,0,0,0,0
755574465878625 D 1418,986293339,1000,1553,1553,2.3822722,-0.00014,-1,-1,-1,0,0,0,136,1,1,0,0.0000000,0.0000000,0.0000000,0,0,0,0
755574466893333 D 1419,986294339,1000,1553,1553,2.3822722,-0.00013,-1,-1,-1,0,0,0,136,1,1,0,0.0000000,0.0000000,0.0000000,0,0,0,0
755574467867333 D 1420,986295339,1000,1553,1553,2.3822722,-0.00013,-1,-1,-1,0,0,0,136,1,1,0,0.0000000,0.0000000,0.0000000,0,0,0,0
755574468874083 D 1421,986296339,1000,1553,1553,2.3822722,-0.00012,-1,-1,-1,0,0,0,136,1,1,0,0.0000000,0.0000000,0.0000000,0,0,0,0
755574469896375 D 1422,986297339,1000,1553,1553,2.3822722,-0.00012,-1,-1,-1,0,0,0,136,1,1,0,0.0000000,0.0000000,0.0000000,0,0,0,0
755574470935583 D 1423,986298339,1000,1553,1553,2.3822722,-0.00011,-1,-1,-1,0,0,0,136,1,1,0,0.0000000,0.0000000,0.0000000,0,0,0,0
755574471898791 D 1424,986299339,1000,1553,1553,2.3822722,-0.00011,-1,-1,-1,0,0,0,136,1,1,0,0.0000000,0.0000000,0.0000000,0,0,0,0
755574472906916 D 1425,986300339,1000,1553,1553,2.3822722,-0.00010,-1,-1,-1,0,0,0,136,1,1,0,0.0000000,0.0000000,0.0000000,0,0,0,0
755574473892208 D 1426,986301339,1000,1553,1553,2.3822722,-0.00010,-1,-1,-1,0,0,0,136,1,1,0,0.0000000,0.0000000,0.0000000,0,0,0,0
755574475328333 D 1427,986302339,1000,1553,1553,2.3822722,-0.00010,39,128,2088,0,0,0,136,1,1,0,0.0000000,0.0000000,0.0000000,0,0,0,0
755574475944166 D 1428,986303339,1000,1553,1553,2.3822722,-0.00009,-1,-1,-1,0,0,0,136,1,1,0,0.0000000,0.0000000,0.0000000,0,0,0,0
755574477136000 D 1429,986304339,1000,1553,1553,2.3822722,-0.00009,-1,-1,-1,0,0,0,136,1,1,0,0.0000000,0.0000000,0.0000000,0,0,0,0
755574478150375 D 1430,986305339,1000,1553,1553,2.3822722,-0.00009,-1,-1,-1,0,0,0,136,1,1,0,0.0000000,0.0000000,0.0000000,0,0,0,0
755574479081416 D 1431,986306339,1000,1554,1554,2.3838062,0.06007,-1,-1,-1,0,0,0,136,1,1,0,0.0000000,0.0000000,0.0000000,0,0,0,0
755574479880416 D 1432,986307339,1000,1553,1553,2.3822722,-0.00244,-1,-1,-1,0,0,0,136,1,1,0,0.0000000,0.0000000,0.0000000,0,0,0,0
755574480870416 D 1433,986308339,1000,1553,1553,2.3822722,-0.00234,-1,-1,-1,0,0,0,136,1,1,0,0.0000000,0.0000000,0.0000000,0,0,0,0
755574481871208 D 1434,986309339,1000,1553,1553,2.3822722,-0.00225,-1,-1,-1,0,0,0,136,1,1,0,0.0000000,0.0000000,0.0000000,0,0,0,0
755574482866875 D 1435,986310339,1000,1553,1553,2.3822722,-0.00216,-1,-1,-1,0,0,0,136,1,1,0,0.0000000,0.0000000,0.0000000,0,0,0,0
755574483877000 D 1436,986311339,1000,1553,1553,2.3822722,-0.00208,-1,-1,-1,0,0,0,136,1,1,0,0.0000000,0.0000000,0.0000000,0,0,0,0
755574484879791 D 1437,986312339,1000,1553,1553,2.3822722,-0.00200,-1,-1,-1,0,0,0,136,1,1,0,0.0000000,0.0000000,0.0000000,0,0,0,0
755574485875375 D 1438,986313339,1000,1553,1553,2.3822722,-0.00192,-1,-1,-1,0,0,0,136,1,1,0,0.0000000,0.0000000,0.0000000,0,0,0,0
755574486917208 D 1439,986314339,1000,1553,1553,2.3822722,-0.00184,-1,-1,-1,0,0,0,136,1,1,0,0.0000000,0.0000000,0.0000000,0,0,0,0
755574487964500 D 1440,986315339,1000,1553,1553,2.3822722,-0.00177,-1,-1,-1,0,0,0,136,1,1,0,0.0000000,0.0000000,0.0000000,0,0,0,0
755574488966333 D 1441,986316339,1000,1553,1553,2.3822722,-0.00170,-1,-1,-1,0,0,0,136,1,1,0,0.0000000,0.0000000,0.0000000,0,0,0,0
755574489941416 D 1442,986317339,1000,1553,1553,2.3822722,-0.00163,-1,-1,-1,0,0,0,136,1,1,0,0.0000000,0.0000000,0.0000000,0,0,0,0
755574490906125 D 1443,986318339,1000,1553,1553,2.3822722,-0.00157,-1,-1,-1,0,0,0,136,1,1,0,0.0000000,0.0000000,0.0000000,0,0,0,0
755574491919000 D 1444,986319339,1000,1553,1553,2.3822722,-0.00151,-1,-1,-1,0,0,0,136,1,1,0,0.0000000,0.0000000,0.0000000,0,0,0,0
755574492928541 D 1445,986320339,1000,1553,1553,2.3822722,-0.00145,-1,-1,-1,0,0,0,136,1,1,0,0.0000000,0.0000000,0.0000000,0,0,0,0
755574493886291 D 1446,986321339,1000,1553,1553,2.3822722,-0.00139,-1,-1,-1,0,0,0,136,1,1,0,0.0000000,0.0000000,0.0000000,0,0,0,0
755574494889791 D 1447,986322339,1000,1553,1553,2.3822722,-0.00134,-1,-1,-1,0,0,0,136,1,1,0,0.0000000,0.0000000,0.0000000,0,0,0,0
755574495943708 D 1448,986323339,1000,1553,1553,2.3822722,-0.00129,-1,-1,-1,0,0,0,136,1,1,0,0.0000000,0.0000000,0.0000000,0,0,0,0
755574496879416 D 1449,986324339,1000,1553,1553,2.3822722,-0.00123,-1,-1,-1,0,0,0,136,1,1,0,0.0000000,0.0000000,0.0000000,0,0,0,0
755574497885916 D 1450,986325339,1000,1553,1553,2.3822722,-0.00119,-1,-1,-1,0,0,0,136,1,1,0,0.0000000,0.0000000,0.0000000,0,0,0,0
755574498887791 D 1451,986326339,1000,1553,1553,2.3822722,-0.00114,-1,-1,-1,0,0,0,136,1,1,0,0.0000000,0.0000000,0.0000000,0,0,0,0
755574499873833 D 1452,986327339,1000,1553,1553,2.3822722,-0.00110,-1,-1,-1,0,0,0,136,1,1,0,0.0000000,0.0000000,0.0000000,0,0,0,0
755574500883000 D 1453,986328339,1000,1553,1553,2.3822722,-0.00105,-1,-1,-1,0,0,0,136,1,1,0,0.0000000,0.0000000,0.0000000,0,0,0,0
755574501881208 D 1454,986329339,1000,1553,1553,2.3822722,-0.00101,-1,-1,-1,0,0,0,136,1,1,0,0.0000000,0.0000000,0.0000000,0,0,0,0
755574502883125 D 1455,986330339,1000,1553,1553,2.3822722,-0.00097,-1,-1,-1,0,0,0,136,1,1,0,0.0000000,0.0000000,0.0000000,0,0,0,0
755574503883166 D 1456,986331339,1000,1553,1553,2.3822722,-0.00093,-1,-1,-1,0,0,0,136,1,1,0,0.0000000,0.0000000,0.0000000,0,0,0,0
755574504886875 D 1457,986332339,1000,1553,1553,2.3822722,-0.00090,-1,-1,-1,0,0,0,136,1,1,0,0.0000000,0.0000000,0.0000000,0,0,0,0
755574505896583 D 1458,986333339,1000,1553,1553,2.3822722,-0.00086,-1,-1,-1,0,0,0,136,1,1,0,0.0000000,0.0000000,0.0000000,0,0,0,0
755574506883916 D 1459,986334339,1000,1553,1553,2.3822722,-0.00083,-1,-1,-1,0,0,0,136,1,1,0,0.0000000,0.0000000,0.0000000,0,0,0,0
755574507882625 D 1460,986335339,1000,1553,1553,2.3822722,-0.00080,-1,-1,-1,0,0,0,136,1,1,0,0.0000000,0.0000000,0.0000000,0,0,0,0
755574508908500 D 1461,986336339,1000,1553,1553,2.3822722,-0.00076,-1,-1,-1,0,0,0,136,1,1,0,0.0000000,0.0000000,0.0000000,0,0,0,0
755574509891166 D 1462,986337339,1000,1553,1553,2.3822722,-0.00073,-1,-1,-1,0,0,0,136,1,1,0,0.0000000,0.0000000,0.0000000,0,0,0,0
755574511121416 D 1463,986338339,1000,1553,1553,2.3822722,-0.00071,-1,-1,-1,0,0,0,136,1,1,0,0.0000000,0.0000000,0.0000000,0,0,0,0
755574512105208 D 1464,986339339,1000,1553,1553,2.3822722,-0.00068,-1,-1,-1,0,0,0,136,1,1,0,0.0000000,0.0000000,0.0000000,0,0,0,0
755574513011541 D 1465,986340339,1000,1553,1553,2.3822722,-0.00065,-1,-1,-1,0,0,0,135,1,1,0,0.0000000,0.0000000,0.0000000,0,0,0,0
755574513879750 D 1466,986341339,1000,1553,1553,2.3822722,-0.00063,-1,-1,-1,0,0,0,136,1,1,0,0.0000000,0.0000000,0.0000000,0,0,0,0
755574514886958 D 1467,986342339,1000,1553,1553,2.3822722,-0.00060,-1,-1,-1,0,0,0,136,1,1,0,0.0000000,0.0000000,0.0000000,0,0,0,0
755574515911833 D 1468,986343339,1000,1553,1553,2.3822722,-0.00058,-1,-1,-1,0,0,0,136,1,1,0,0.0000000,0.0000000,0.0000000,0,0,0,0
755574516917125 D 1469,986344339,1000,1553,1553,2.3822722,-0.00055,-1,-1,-1,0,0,0,136,1,1,0,0.0000000,0.0000000,0.0000000,0,0,0,0
755574517910208 D 1470,986345339,1000,1553,1553,2.3822722,-0.00053,-1,-1,-1,0,0,0,136,1,1,0,0.0000000,0.0000000,0.0000000,0,0,0,0
755574518956458 D 1471,986346339,1000,1553,1553,2.3822722,-0.00051,-1,-1,-1,0,0,0,136,1,1,0,0.0000000,0.0000000,0.0000000,0,0,0,0
755574519927916 D 1472,986347339,1000,1553,1553,2.3822722,-0.00049,-1,-1,-1,0,0,0,136,1,1,0,0.0000000,0.0000000,0.0000000,0,0,0,0
755574520899583 D 1473,986348339,1000,1553,1553,2.3822722,-0.00047,-1,-1,-1,0,0,0,136,1,1,0,0.0000000,0.0000000,0.0000000,0,0,0,0
755574521890458 D 1474,986349339,1000,1553,1553,2.3822722,-0.00045,-1,-1,-1,0,0,0,136,1,1,0,0.0000000,0.0000000,0.0000000,0,0,0,0
755574522884708 D 1475,986350339,1000,1553,1553,2.3822722,-0.00044,-1,-1,-1,0,0,0,136,1,1,0,0.0000000,0.0000000,0.0000000,0,0,0,0
755574523893458 D 1476,986351339,1000,1553,1553,2.3822722,-0.00042,-1,-1,-1,0,0,0,136,1,1,0,0.0000000,0.0000000,0.0000000,0,0,0,0
755574525594958 D 1477,986352339,1000,1553,1553,2.3822722,-0.00040,39,128,2087,0,0,0,136,1,1,0,0.0000000,0.0000000,0.0000000,0,0,0,0
755574526446250 D 1478,986353339,1000,1553,1553,2.3822722,-0.00039,-1,-1,-1,0,0,0,136,1,1,0,0.0000000,0.0000000,0.0000000,0,0,0,0
755574527286833 D 1479,986354339,1000,1553,1553,2.3822722,-0.00037,-1,-1,-1,0,0,0,135,1,1,0,0.0000000,0.0000000,0.0000000,0,0,0,0
755574528117416 D 1480,986355339,1000,1553,1553,2.3822722,-0.00036,-1,-1,-1,0,0,0,136,1,1,0,0.0000000,0.0000000,0.0000000,0,0,0,0
755574528934583 D 1481,986356339,1000,1553,1553,2.3822722,-0.00034,-1,-1,-1,0,0,0,136,1,1,0,0.0000000,0.0000000,0.0000000,0,0,0,0
755574529896666 D 1482,986357339,1000,1553,1553,2.3822722,-0.00033,-1,-1,-1,0,0,0,136,1,1,0,0.0000000,0.0000000,0.0000000,0,0,0,0
755574530899583 D 1483,986358339,1000,1553,1553,2.3822722,-0.00032,-1,-1,-1,0,0,0,136,1,1,0,0.0000000,0.0000000,0.0000000,0,0,0,0
755574531878875 D 1484,986359339,1000,1553,1553,2.3822722,-0.00030,-1,-1,-1,0,0,0,136,1,1,0,0.0000000,0.0000000,0.0000000,0,0,0,0
755574532873958 D 1485,986360339,1000,1553,1553,2.3822722,-0.00029,-1,-1,-1,0,0,0,136,1,1,0,0.0000000,0.0000000,0.0000000,0,0,0,0
755574533880791 D 1486,986361339,1000,1553,1553,2.3822722,-0.00028,-1,-1,-1,0,0,0,136,1,1,0,0.0000000,0.0000000,0.0000000,0,0,0,0
755574534869041 D 1487,986362339,1000,1553,1553,2.3822722,-0.00027,-1,-1,-1,0,0,0,136,1,1,0,0.0000000,0.0000000,0.0000000,0,0,0,0
755574535875333 D 1488,986363339,1000,1553,1553,2.3822722,-0.00026,-1,-1,-1,0,0,0,136,1,1,0,0.0000000,0.0000000,0.0000000,0,0,0,0
755574536865166 D 1489,986364339,1000,1553,1553,2.3822722,-0.00025,-1,-1,-1,0,0,0,136,1,1,0,0.0000000,0.0000000,0.0000000,0,0,0,0
755574537871375 D 1490,986365339,1000,1553,1553,2.3822722,-0.00024,-1,-1,-1,0,0,0,136,1,1,0,0.0000000,0.0000000,0.0000000,0,0,0,0
755574538978000 D 1491,986366339,1000,1553,1553,2.3822722,-0.00023,-1,-1,-1,0,0,0,136,1,1,0,0.0000000,0.0000000,0.0000000,0,0,0,0
755574539926958 D 1492,986367339,1000,1553,1553,2.3822722,-0.00022,-1,-1,-1,0,0,0,136,1,1,0,0.0000000,0.0000000,0.0000000,0,0,0,0
755574540877666 D 1493,986368339,1000,1553,1553,2.3822722,-0.00021,-1,-1,-1,0,0,0,136,1,1,0,0.0000000,0.0000000,0.0000000,0,0,0,0
755574541886791 D 1494,986369339,1000,1553,1553,2.3822722,-0.00020,-1,-1,-1,0,0,0,136,1,1,0,0.0000000,0.0000000,0.0000000,0,0,0,0
755574542883708 D 1495,986370339,1000,1553,1553,2.3822722,-0.00020,-1,-1,-1,0,0,0,136,1,1,0,0.0000000,0.0000000,0.0000000,0,0,0,0
755574543882083 D 1496,986371339,1000,1553,1553,2.3822722,-0.00019,-1,-1,-1,0,0,0,136,1,1,0,0.0000000,0.0000000,0.0000000,0,0,0,0
755574544881708 D 1497,986372339,1000,1553,1553,2.3822722,-0.00018,-1,-1,-1,0,0,0,136,1,1,0,0.0000000,0.0000000,0.0000000,0,0,0,0
755574545870500 D 1498,986373339,1000,1553,1553,2.3822722,-0.00017,-1,-1,-1,0,0,0,136,1,1,0,0.0000000,0.0000000,0.0000000,0,0,0,0
755574546878541 D 1499,986374339,1000,1553,1553,2.3822722,-0.00017,-1,-1,-1,0,0,0,136,1,1,0,0.0000000,0.0000000,0.0000000,0,0,0,0
755574547925916 D 1500,986375339,1000,1553,1553,2.3822722,-0.00016,-1,-1,-1,0,0,0,136,1,1,0,0.0000000,0.0000000,0.0000000,0,0,0,0
755574548896541 D 1501,986376339,1000,1553,1553,2.3822722,-0.00015,-1,-1,-1,0,0,0,136,1,1,0,0.0000000,0.0000000,0.0000000,0,0,0,0
755574549886500 D 1502,986377339,1000,1553,1553,2.3822722,-0.00015,-1,-1,-1,0,0,0,136,1,1,0,0.0000000,0.0000000,0.0000000,0,0,0,0
755574550873000 D 1503,986378339,1000,1553,1553,2.3822722,-0.00014,-1,-1,-1,0,0,0,136,1,1,0,0.0000000,0.0000000,0.0000000,0,0,0,0
755574551874000 D 1504,986379339,1000,1553,1553,2.3822722,-0.00014,-1,-1,-1,0,0,0,136,1,1,0,0.0000000,0.0000000,0.0000000,0,0,0,0
755574552873541 D 1505,986380339,1000,1553,1553,2.3822722,-0.00013,-1,-1,-1,0,0,0,136,1,1,0,0.0000000,0.0000000,0.0000000,0,0,0,0
755574553889291 D 1506,986381339,1000,1553,1553,2.3822722,-0.00013,-1,-1,-1,0,0,0,136,1,1,0,0.0000000,0.0000000,0.0000000,0,0,0,0
755574554879750 D 1507,986382339,1000,1553,1553,2.3822722,-0.00012,-1,-1,-1,0,0,0,136,1,1,0,0.0000000,0.0000000,0.0000000,0,0,0,0
755574556110208 D 1508,986383339,1000,1553,1553,2.3822722,-0.00012,-1,-1,-1,0,0,0,136,1,1,0,0.0000000,0.0000000,0.0000000,0,0,0,0
755574557107500 D 1509,986384339,1000,1553,1553,2.3822722,-0.00011,-1,-1,-1,0,0,0,136,1,1,0,0.0000000,0.0000000,0.0000000,0,0,0,0
755574558097625 D 1510,986385339,1000,1553,1553,2.3822722,-0.00011,-1,-1,-1,0,0,0,136,1,1,0,0.0000000,0.0000000,0.0000000,0,0,0,0
755574558872791 D 1511,986386339,1000,1553,1553,2.3822722,-0.00010,-1,-1,-1,0,0,0,136,1,1,0,0.0000000,0.0000000,0.0000000,0,0,0,0
755574559873166 D 1512,986387339,1000,1553,1553,2.3822722,-0.00010,-1,-1,-1,0,0,0,136,1,1,0,0.0000000,0.0000000,0.0000000,0,0,0,0
755574560895833 D 1513,986388339,1000,1553,1553,2.3822722,-0.00010,-1,-1,-1,0,0,0,136,1,1,0,0.0000000,0.0000000,0.0000000,0,0,0,0
755574561890916 D 1514,986389339,1000,1553,1553,2.3822722,-0.00009,-1,-1,-1,0,0,0,136,1,1,0,0.0000000,0.0000000,0.0000000,0,0,0,0
755574562894375 D 1515,986390339,1000,1553,1553,2.3822722,-0.00009,-1,-1,-1,0,0,0,136,1,1,0,0.0000000,0.0000000,0.0000000,0,0,0,0
755574563884541 D 1516,986391339,1000,1553,1553,2.3822722,-0.00008,-1,-1,-1,0,0,0,136,1,1,0,0.0000000,0.0000000,0.0000000,0,0,0,0
755574564920916 D 1517,986392339,1000,1553,1553,2.3822722,-0.00008,-1,-1,-1,0,0,0,136,1,1,0,0.0000000,0.0000000,0.0000000,0,0,0,0
755574565884041 D 1518,986393339,1000,1553,1553,2.3822722,-0.00008,-1,-1,-1,0,0,0,136,1,1,0,0.0000000,0.0000000,0.0000000,0,0,0,0
755574566904833 D 1519,986394339,1000,1553,1553,2.3822722,-0.00008,-1,-1,-1,0,0,0,136,1,1,0,0.0000000,0.0000000,0.0000000,0,0,0,0
755574567884375 D 1520,986395339,1000,1553,1553,2.3822722,-0.00007,-1,-1,-1,0,0,0,136,1,1,0,0.0000000,0.0000000,0.0000000,0,0,0,0
755574568879166 D 1521,986396339,1000,1553,1553,2.3822722,-0.00007,-1,-1,-1,0,0,0,135,1,1,0,0.0000000,0.0000000,0.0000000,0,0,0,0
755574569876416 D 1522,986397339,1000,1553,1553,2.3822722,-0.00007,-1,-1,-1,0,0,0,136,1,1,0,0.0000000,0.0000000,0.0000000,0,0,0,0
755574570913625 D 1523,986398339,1000,1553,1553,2.3822722,-0.00006,-1,-1,-1,0,0,0,136,1,1,0,0.0000000,0.0000000,0.0000000,0,0,0,0
755574571890916 D 1524,986399339,1000,1554,1554,2.3838062,0.06009,-1,-1,-1,0,0,0,136,1,1,0,0.0000000,0.0000000,0.0000000,0,0,0,0
755574572924250 D 1525,986400339,1000,1553,1553,2.3822722,-0.00242,-1,-1,-1,0,0,0,136,1,1,0,0.0000000,0.0000000,0.0000000,0,0,0,0
755574573932083 D 1526,986401339,1000,1553,1553,2.3822722,-0.00232,-1,-1,-1,0,0,0,136,1,1,0,0.0000000,0.0000000,0.0000000,0,0,0,0
755574575286958 D 1527,986402339,1000,1553,1553,2.3822722,-0.00223,39,128,2086,0,0,0,136,1,1,0,0.0000000,0.0000000,0.0000000,0,0,0,0
755574575906375 D 1528,986403339,1000,1553,1553,2.3822722,-0.00214,-1,-1,-1,0,0,0,136,1,1,0,0.0000000,0.0000000,0.0000000,0,0,0,0
755574576879416 D 1529,986404339,1000,1553,1553,2.3822722,-0.00206,-1,-1,-1,0,0,0,136,1,1,0,0.0000000,0.0000000,0.0000000,0,0,0,0
755574577889708 D 1530,986405339,1000,1553,1553,2.3822722,-0.00198,-1,-1,-1,0,0,0,136,1,1,0,0.0000000,0.0000000,0.0000000,0,0,0,0
755574578891208 D 1531,986406339,1000,1553,1553,2.3822722,-0.00190,-1,-1,-1,0,0,0,136,1,1,0,0.0000000,0.0000000,0.0000000,0,0,0,0
755574579874500 D 1532,986407339,1000,1553,1553,2.3822722,-0.00183,-1,-1,-1,0,0,0,136,1,1,0,0.0000000,0.0000000,0.0000000,0,0,0,0
755574580870291 D 1533,986408339,1000,1553,1553,2.3822722,-0.00176,-1,-1,-1,0,0,0,136,1,1,0,0.0000000,0.0000000,0.0000000,0,0,0,0
755574581873291 D 1534,986409339,1000,1553,1553,2.3822722,-0.00169,-1,-1,-1,0,0,0,136,1,1,0,0.0000000,0.0000000,0.0000000,0,0,0,0
755574582866250 D 1535,986410339,1000,1553,1553,2.3822722,-0.00162,-1,-1,-1,0,0,0,136,1,1,0,0.0000000,0.0000000,0.0000000,0,0,0,0
755574583870541 D 1536,986411339,1000,1553,1553,2.3822722,-0.00156,-1,-1,-1,0,0,0,136,1,1,0,0.0000000,0.0000000,0.0000000,0,0,0,0
755574584869500 D 1537,986412339,1000,1553,1553,2.3822722,-0.00150,-1,-1,-1,0,0,0,136,1,1,0,0.0000000,0.0000000,0.0000000,0,0,0,0
755574585875958 D 1538,986413339,1000,1553,1553,2.3822722,-0.00144,-1,-1,-1,0,0,0,136,1,1,0,0.0000000,0.0000000,0.0000000,0,0,0,0
755574586907041 D 1539,986414339,1000,1553,1553,2.3822722,-0.00138,-1,-1,-1,0,0,0,136,1,1,0,0.0000000,0.0000000,0.0000000,0,0,0,0
755574588132208 D 1540,986415339,1000,1553,1553,2.3822722,-0.00133,-1,-1,-1,0,0,0,136,1,1,0,0.0000000,0.0000000,0.0000000,0,0,0,0
755574589141541 D 1541,986416339,1000,1553,1553,2.3822722,-0.00127,-1,-1,-1,0,0,0,136,1,1,0,0.0000000,0.0000000,0.0000000,0,0,0,0
755574590044791 D 1542,986417339,1000,1553,1553,2.3822722,-0.00122,-1,-1,-1,0,0,0,136,1,1,0,0.0000000,0.0000000,0.0000000,0,0,0,0
755574590900583 D 1543,986418339,1000,1553,1553,2.3822722,-0.00118,-1,-1,-1,0,0,0,136,1,1,0,0.0000000,0.0000000,0.0000000,0,0,0,0
755574591900291 D 1544,986419339,1000,1553,1553,2.3822722,-0.00113,-1,-1,-1,0,0,0,136,1,1,0,0.0000000,0.0000000,0.0000000,0,0,0,0
755574592894625 D 1545,986420339,1000,1553,1553,2.3822722,-0.00109,-1,-1,-1,0,0,0,136,1,1,0,0.0000000,0.0000000,0.0000000,0,0,0,0
755574593890583 D 1546,986421339,1000,1553,1553,2.3822722,-0.00104,-1,-1,-1,0,0,0,136,1,1,0,0.0000000,0.0000000,0.0000000,0,0,0,0
755574594897083 D 1547,986422339,1000,1553,1553,2.3822722,-0.00100,-1,-1,-1,0,0,0,136,1,1,0,0.0000000,0.0000000,0.0000000,0,0,0,0
755574595891250 D 1548,986423339,1000,1553,1553,2.3822722,-0.00096,-1,-1,-1,0,0,0,136,1,1,0,0.0000000,0.0000000,0.0000000,0,0,0,0
755574596889541 D 1549,986424339,1000,1553,1553,2.3822722,-0.00093,-1,-1,-1,0,0,0,136,1,1,0,0.0000000,0.0000000,0.0000000,0,0,0,0
755574597892791 D 1550,986425339,1000,1553,1553,2.3822722,-0.00089,-1,-1,-1,0,0,0,136,1,1,0,0.0000000,0.0000000,0.0000000,0,0,0,0
755574598880625 D 1551,986426339,1000,1553,1553,2.3822722,-0.00085,-1,-1,-1,0,0,0,136,1,1,0,0.0000000,0.0000000,0.0000000,0,0,0,0
755574599885708 D 1552,986427339,1000,1553,1553,2.3822722,-0.00082,-1,-1,-1,0,0,0,136,1,1,0,0.0000000,0.0000000,0.0000000,0,0,0,0
755574600875666 D 1553,986428339,1000,1553,1553,2.3822722,-0.00079,-1,-1,-1,0,0,0,136,1,1,0,0.0000000,0.0000000,0.0000000,0,0,0,0
755574601914208 D 1554,986429339,1000,1553,1553,2.3822722,-0.00076,-1,-1,-1,0,0,0,136,1,1,0,0.0000000,0.0000000,0.0000000,0,0,0,0
755574602896041 D 1555,986430339,1000,1553,1553,2.3822722,-0.00073,-1,-1,-1,0,0,0,136,1,1,0,0.0000000,0.0000000,0.0000000,0,0,0,0
755574603874541 D 1556,986431339,1000,1553,1553,2.3822722,-0.00070,-1,-1,-1,0,0,0,136,1,1,0,0.0000000,0.0000000,0.0000000,0,0,0,0
755574604896708 D 1557,986432339,1000,1553,1553,2.3822722,-0.00067,-1,-1,-1,0,0,0,136,1,1,0,0.0000000,0.0000000,0.0000000,0,0,0,0
755574605885250 D 1558,986433339,1000,1553,1553,2.3822722,-0.00065,-1,-1,-1,0,0,0,136,1,1,0,0.0000000,0.0000000,0.0000000,0,0,0,0
755574606881958 D 1559,986434339,1000,1553,1553,2.3822722,-0.00062,-1,-1,-1,0,0,0,136,1,1,0,0.0000000,0.0000000,0.0000000,0,0,0,0
755574607877250 D 1560,986435339,1000,1553,1553,2.3822722,-0.00060,-1,-1,-1,0,0,0,136,1,1,0,0.0000000,0.0000000,0.0000000,0,0,0,0
755574608884500 D 1561,986436339,1000,1553,1553,2.3822722,-0.00057,-1,-1,-1,0,0,0,136,1,1,0,0.0000000,0.0000000,0.0000000,0,0,0,0
755574609902208 D 1562,986437339,1000,1553,1553,2.3822722,-0.00055,-1,-1,-1,0,0,0,136,1,1,0,0.0000000,0.0000000,0.0000000,0,0,0,0
755574610892125 D 1563,986438339,1000,1553,1553,2.3822722,-0.00053,-1,-1,-1,0,0,0,136,1,1,0,0.0000000,0.0000000,0.0000000,0,0,0,0
755574611890416 D 1564,986439339,1000,1553,1553,2.3822722,-0.00051,-1,-1,-1,0,0,0,136,1,1,0,0.0000000,0.0000000,0.0000000,0,0,0,0
755574612880375 D 1565,986440339,1000,1553,1553,2.3822722,-0.00049,-1,-1,-1,0,0,0,136,1,1,0,0.0000000,0.0000000,0.0000000,0,0,0,0
755574613876708 D 1566,986441339,1000,1553,1553,2.3822722,-0.00047,-1,-1,-1,0,0,0,136,1,1,0,0.0000000,0.0000000,0.0000000,0,0,0,0
755574614881708 D 1567,986442339,1000,1553,1553,2.3822722,-0.00045,-1,-1,-1,0,0,0,136,1,1,0,0.0000000,0.0000000,0.0000000,0,0,0,0
755574615884041 D 1568,986443339,1000,1553,1553,2.3822722,-0.00043,-1,-1,-1,0,0,0,136,1,1,0,0.0000000,0.0000000,0.0000000,0,0,0,0
755574617102375 D 1569,986444339,1000,1553,1553,2.3822722,-0.00042,-1,-1,-1,0,0,0,136,1,1,0,0.0000000,0.0000000,0.0000000,0,0,0,0
755574618129750 D 1570,986445339,1000,1553,1553,2.3822722,-0.00040,-1,-1,-1,0,0,0,136,1,1,0,0.0000000,0.0000000,0.0000000,0,0,0,0
755574619093166 D 1571,986446339,1000,1553,1553,2.3822722,-0.00038,-1,-1,-1,0,0,0,136,1,1,0,0.0000000,0.0000000,0.0000000,0,0,0,0
755574619899375 D 1572,986447339,1000,1553,1553,2.3822722,-0.00037,-1,-1,-1,0,0,0,136,1,1,0,0.0000000,0.0000000,0.0000000,0,0,0,0
755574620879291 D 1573,986448339,1000,1553,1553,2.3822722,-0.00035,-1,-1,-1,0,0,0,136,1,1,0,0.0000000,0.0000000,0.0000000,0,0,0,0
755574621867583 D 1574,986449339,1000,1553,1553,2.3822722,-0.00034,-1,-1,-1,0,0,0,136,1,1,0,0.0000000,0.0000000,0.0000000,0,0,0,0
755574622875000 D 1575,986450339,1000,1553,1553,2.3822722,-0.00033,-1,-1,-1,0,0,0,136,1,1,0,0.0000000,0.0000000,0.0000000,0,0,0,0
755574623857500 D 1576,986451339,1000,1553,1553,2.3822722,-0.00031,-1,-1,-1,0,0,0,136,1,1,0,0.0000000,0.0000000,0.0000000,0,0,0,0
755574625304083 D 1577,986452339,1000,1553,1553,2.3822722,-0.00030,39,128,2087,0,0,0,136,1,1,0,0.0000000,0.0000000,0.0000000,0,0,0,0
755574625911625 D 1578,986453339,1000,1553,1553,2.3822722,-0.00029,-1,-1,-1,0,0,0,136,1,1,0,0.0000000,0.0000000,0.0000000,0,0,0,0
755574626874916 D 1579,986454339,1000,1553,1553,2.3822722,-0.00028,-1,-1,-1,0,0,0,136,1,1,0,0.0000000,0.0000000,0.0000000,0,0,0,0
755574627864333 D 1580,986455339,1000,1553,1553,2.3822722,-0.00027,-1,-1,-1,0,0,0,136,1,1,0,0.0000000,0.0000000,0.0000000,0,0,0,0
755574628866375 D 1581,986456339,1000,1553,1553,2.3822722,-0.00026,-1,-1,-1,0,0,0,136,1,1,0,0.0000000,0.0000000,0.0000000,0,0,0,0
755574629872458 D 1582,986457339,1000,1553,1553,2.3822722,-0.00025,-1,-1,-1,0,0,0,136,1,1,0,0.0000000,0.0000000,0.0000000,0,0,0,0
755574630891958 D 1583,986458339,1000,1553,1553,2.3822722,-0.00024,-1,-1,-1,0,0,0,136,1,1,0,0.0000000,0.0000000,0.0000000,0,0,0,0
755574631870083 D 1584,986459339,1000,1553,1553,2.3822722,-0.00023,-1,-1,-1,0,0,0,136,1,1,0,0.0000000,0.0000000,0.0000000,0,0,0,0
755574632887291 D 1585,986460339,1000,1553,1553,2.3822722,-0.00022,-1,-1,-1,0,0,0,136,1,1,0,0.0000000,0.0000000,0.0000000,0,0,0,0
755574633940333 D 1586,986461339,1000,1553,1553,2.3822722,-0.00021,-1,-1,-1,0,0,0,136,1,1,0,0.0000000,0.0000000,0.0000000,0,0,0,0
755574634925625 D 1587,986462339,1000,1553,1553,2.3822722,-0.00020,-1,-1,-1,0,0,0,136,1,1,0,0.0000000,0.0000000,0.0000000,0,0,0,0
755574635916583 D 1588,986463339,1000,1553,1553,2.3822722,-0.00019,-1,-1,-1,0,0,0,136,1,1,0,0.0000000,0.0000000,0.0000000,0,0,0,0
755574637135375 D 1589,986464339,1000,1553,1553,2.3822722,-0.00019,-1,-1,-1,0,0,0,136,1,1,0,0.0000000,0.0000000,0.0000000,0,0,0,0
755574638120333 D 1590,986465339,1000,1553,1553,2.3822722,-0.00018,-1,-1,-1,0,0,0,136,1,1,0,0.0000000,0.0000000,0.0000000,0,0,0,0
755574639126541 D 1591,986466339,1000,1553,1553,2.3822722,-0.00017,-1,-1,-1,0,0,0,136,1,1,0,0.0000000,0.0000000,0.0000000,0,0,0,0
755574639897041 D 1592,986467339,1000,1553,1553,2.3822722,-0.00017,-1,-1,-1,0,0,0,136,1,1,0,0.0000000,0.0000000,0.0000000,0,0,0,0
755574640908333 D 1593,986468339,1000,1553,1553,2.3822722,-0.00016,-1,-1,-1,0,0,0,136,1,1,0,0.0000000,0.0000000,0.0000000,0,0,0,0
755574641914291 D 1594,986469339,1000,1553,1553,2.3822722,-0.00015,-1,-1,-1,0,0,0,136,1,1,0,0.0000000,0.0000000,0.0000000,0,0,0,0
755574642902583 D 1595,986470339,1000,1553,1553,2.3822722,-0.00015,-1,-1,-1,0,0,0,136,1,1,0,0.0000000,0.0000000,0.0000000,0,0,0,0
755574643931166 D 1596,986471339,1000,1553,1553,2.3822722,-0.00014,-1,-1,-1,0,0,0,136,1,1,0,0.0000000,0.0000000,0.0000000,0,0,0,0
755574644879000 D 1597,986472339,1000,1553,1553,2.3822722,-0.00014,-1,-1,-1,0,0,0,136,1,1,0,0.0000000,0.0000000,0.0000000,0,0,0,0
755574645886416 D 1598,986473339,1000,1553,1553,2.3822722,-0.00013,-1,-1,-1,0,0,0,135,1,1,0,0.0000000,0.0000000,0.0000000,0,0,0,0
755574646875750 D 1599,986474339,1000,1553,1553,2.3822722,-0.00013,-1,-1,-1,0,0,0,136,1,1,0,0.0000000,0.0000000,0.0000000,0,0,0,0
755574647877625 D 1600,986475339,1000,1553,1553,2.3822722,-0.00012,-1,-1,-1,0,0,0,136,1,1,0,0.0000000,0.0000000,0.0000000,0,0,0,0
755574648900166 D 1601,986476339,1000,1553,1553,2.3822722,-0.00012,-1,-1,-1,0,0,0,136,1,1,0,0.0000000,0.0000000,0.0000000,0,0,0,0
755574649937125 D 1602,986477339,1000,1553,1553,2.3822722,-0.00011,-1,-1,-1,0,0,0,136,1,1,0,0.0000000,0.0000000,0.0000000,0,0,0,0
755574650955208 D 1603,986478339,1000,1553,1553,2.3822722,-0.00011,-1,-1,-1,0,0,0,136,1,1,0,0.0000000,0.0000000,0.0000000,0,0,0,0
755574652233000 D 1604,986479339,1000,1553,1553,2.3822722,-0.00010,-1,-1,-1,0,0,0,136,1,1,0,0.0000000,0.0000000,0.0000000,0,0,0,0
755574653056166 D 1605,986480339,1000,1553,1553,2.3822722,-0.00010,-1,-1,-1,0,0,0,136,1,1,0,0.0000000,0.0000000,0.0000000,0,0,0,0
755574654048875 D 1606,986481339,1000,1553,1553,2.3822722,-0.00009,-1,-1,-1,0,0,0,136,1,1,0,0.0000000,0.0000000,0.0000000,0,0,0,0
755574655036041 D 1607,986482339,1000,1553,1553,2.3822722,-0.00009,-1,-1,-1,0,0,0,136,1,1,0,0.0000000,0.0000000,0.0000000,0,0,0,0
755574655960833 D 1608,986483339,1000,1553,1553,2.3822722,-0.00009,-1,-1,-1,0,0,0,136,1,1,0,0.0000000,0.0000000,0.0000000,0,0,0,0
755574656985708 D 1609,986484339,1000,1553,1553,2.3822722,-0.00008,-1,-1,-1,0,0,0,136,1,1,0,0.0000000,0.0000000,0.0000000,0,0,0,0
755574659076375 D 1610,986485339,1000,1553,1553,2.3822722,-0.00008,-1,-1,-1,0,0,0,136,1,1,0,0.0000000,0.0000000,0.0000000,0,0,0,0
755574659795750 D 1611,986486339,1000,1553,1553,2.3822722,-0.00008,-1,-1,-1,0,0,0,136,1,1,0,0.0000000,0.0000000,0.0000000,0,0,0,0
755574660444750 D 1612,986487339,1000,1553,1553,2.3822722,-0.00007,-1,-1,-1,0,0,0,136,1,1,0,0.0000000,0.0000000,0.0000000,0,0,0,0
755574661079916 D 1613,986488339,1000,1553,1553,2.3822722,-0.00007,-1,-1,-1,0,0,0,136,1,1,0,0.0000000,0.0000000,0.0000000,0,0,0,0
755574661986958 D 1614,986489339,1000,1553,1553,2.3822722,-0.00007,-1,-1,-1,0,0,0,136,1,1,0,0.0000000,0.0000000,0.0000000,0,0,0,0
755574662987541 D 1615,986490339,1000,1553,1553,2.3822722,-0.00007,-1,-1,-1,0,0,0,136,1,1,0,0.0000000,0.0000000,0.0000000,0,0,0,0
755574664443916 D 1616,986491339,1000,1553,1553,2.3822722,-0.00006,-1,-1,-1,0,0,0,136,1,1,0,0.0000000,0.0000000,0.0000000,0,0,0,0
755574665151000 D 1617,986492339,1000,1553,1553,2.3822722,-0.00006,-1,-1,-1,0,0,0,136,1,1,0,0.0000000,0.0000000,0.0000000,0,0,0,0
755574666012041 D 1618,986493339,1000,1553,1553,2.3822722,-0.00006,-1,-1,-1,0,0,0,136,1,1,0,0.0000000,0.0000000,0.0000000,0,0,0,0
755574667000791 D 1619,986494339,1000,1553,1553,2.3822722,-0.00006,-1,-1,-1,0,0,0,136,1,1,0,0.0000000,0.0000000,0.0000000,0,0,0,0
755574667980375 D 1620,986495339,1000,1553,1553,2.3822722,-0.00005,-1,-1,-1,0,0,0,136,1,1,0,0.0000000,0.0000000,0.0000000,0,0,0,0
755574668943666 D 1621,986496339,1000,1553,1553,2.3822722,-0.00005,-1,-1,-1,0,0,0,136,1,1,0,0.0000000,0.0000000,0.0000000,0,0,0,0
755574670136625 D 1622,986497339,1000,1553,1553,2.3822722,-0.00005,-1,-1,-1,0,0,0,136,1,1,0,0.0000000,0.0000000,0.0000000,0,0,0,0
755574672813208 D 1623,986498339,1000,1553,1553,2.3822722,-0.00005,-1,-1,-1,0,0,0,136,1,1,0,0.0000000,0.0000000,0.0000000,0,0,0,0
755574673436541 D 1624,986499339,1000,1553,1553,2.3822722,-0.00005,-1,-1,-1,0,0,0,136,1,1,0,0.0000000,0.0000000,0.0000000,0,0,0,0
755574674029583 D 1625,986500339,1000,1553,1553,2.3822722,-0.00004,-1,-1,-1,0,0,0,136,1,1,0,0.0000000,0.0000000,0.0000000,0,0,0,0
755574674699416 D 1626,986501339,1000,1553,1553,2.3822722,-0.00004,-1,-1,-1,0,0,0,135,1,1,0,0.0000000,0.0000000,0.0000000,0,0,0,0
755574675243958 D 1627,986502339,1000,1553,1553,2.3822722,-0.00004,39,128,2086,0,0,0,136,1,1,0,0.0000000,0.0000000,0.0000000,0,0,0,0
755574675736375 D 1628,986503339,1000,1553,1553,2.3822722,-0.00004,-1,-1,-1,0,0,0,136,1,1,0,0.0000000,0.0000000,0.0000000,0,0,0,0
755574676736625 D 1629,986504339,1000,1553,1553,2.3822722,-0.00004,-1,-1,-1,0,0,0,136,1,1,0,0.0000000,0.0000000,0.0000000,0,0,0,0
755574677728458 D 1630,986505339,1000,1553,1553,2.3822722,-0.00004,-1,-1,-1,0,0,0,136,1,1,0,0.0000000,0.0000000,0.0000000,0,0,0,0
755574678725000 D 1631,986506339,1000,1553,1553,2.3822722,-0.00003,-1,-1,-1,0,0,0,136,1,1,0,0.0000000,0.0000000,0.0000000,0,0,0,0
755574679774166 D 1632,986507339,1000,1553,1553,2.3822722,-0.00003,-1,-1,-1,0,0,0,136,1,1,0,0.0000000,0.0000000,0.0000000,0,0,0,0
755574680806625 D 1633,986508339,1000,1553,1553,2.3822722,-0.00003,-1,-1,-1,0,0,0,136,1,1,0,0.0000000,0.0000000,0.0000000,0,0,0,0
755574681782916 D 1634,986509339,1000,1553,1553,2.3822722,-0.00003,-1,-1,-1,0,0,0,136,1,1,0,0.0000000,0.0000000,0.0000000,0,0,0,0
755574682782125 D 1635,986510339,1000,1553,1553,2.3822722,-0.00003,-1,-1,-1,0,0,0,136,1,1,0,0.0000000,0.0000000,0.0000000,0,0,0,0
755574683775958 D 1636,986511339,1000,1553,1553,2.3822722,-0.00003,-1,-1,-1,0,0,0,136,1,1,0,0.0000000,0.0000000,0.0000000,0,0,0,0
755574684774041 D 1637,986512339,1000,1553,1553,2.3822722,-0.00003,-1,-1,-1,0,0,0,136,1,1,0,0.0000000,0.0000000,0.0000000,0,0,0,0
755574685779958 D 1638,986513339,1000,1553,1553,2.3822722,-0.00003,-1,-1,-1,0,0,0,136,1,1,0,0.0000000,0.0000000,0.0000000,0,0,0,0
755574686774041 D 1639,986514339,1000,1553,1553,2.3822722,-0.00003,-1,-1,-1,0,0,0,136,1,1,0,0.0000000,0.0000000,0.0000000,0,0,0,0
755574687777416 D 1640,986515339,1000,1553,1553,2.3822722,-0.00002,-1,-1,-1,0,0,0,136,1,1,0,0.0000000,0.0000000,0.0000000,0,0,0,0
755574688819291 D 1641,986516339,1000,1553,1553,2.3822722,-0.00002,-1,-1,-1,0,0,0,136,1,1,0,0.0000000,0.0000000,0.0000000,0,0,0,0
755574689831875 D 1642,986517339,1000,1553,1553,2.3822722,-0.00002,-1,-1,-1,0,0,0,136,1,1,0,0.0000000,0.0000000,0.0000000,0,0,0,0
755574690837416 D 1643,986518339,1000,1553,1553,2.3822722,-0.00002,-1,-1,-1,0,0,0,136,1,1,0,0.0000000,0.0000000,0.0000000,0,0,0,0
755574691799541 D 1644,986519339,1000,1553,1553,2.3822722,-0.00002,-1,-1,-1,0,0,0,136,1,1,0,0.0000000,0.0000000,0.0000000,0,0,0,0
755574692786666 D 1645,986520339,1000,1553,1553,2.3822722,-0.00002,-1,-1,-1,0,0,0,136,1,1,0,0.0000000,0.0000000,0.0000000,0,0,0,0
755574693790791 D 1646,986521339,1000,1553,1553,2.3822722,-0.00002,-1,-1,-1,0,0,0,136,1,1,0,0.0000000,0.0000000,0.0000000,0,0,0,0
755574694830041 D 1647,986522339,1000,1553,1553,2.3822722,-0.00002,-1,-1,-1,0,0,0,136,1,1,0,0.0000000,0.0000000,0.0000000,0,0,0,0
755574695846291 D 1648,986523339,1000,1553,1553,2.3822722,-0.00002,-1,-1,-1,0,0,0,136,1,1,0,0.0000000,0.0000000,0.0000000,0,0,0,0
755574696852375 D 1649,986524339,1000,1553,1553,2.3822722,-0.00002,-1,-1,-1,0,0,0,136,1,1,0,0.0000000,0.0000000,0.0000000,0,0,0,0
755574697829833 D 1650,986525339,1000,1553,1553,2.3822722,-0.00002,-1,-1,-1,0,0,0,136,1,1,0,0.0000000,0.0000000,0.0000000,0,0,0,0
755574698828458 D 1651,986526339,1000,1553,1553,2.3822722,-0.00002,-1,-1,-1,0,0,0,136,1,1,0,0.0000000,0.0000000,0.0000000,0,0,0,0
755574699825041 D 1652,986527339,1000,1553,1553,2.3822722,-0.00002,-1,-1,-1,0,0,0,136,1,1,0,0.0000000,0.0000000,0.0000000,0,0,0,0
755574700824000 D 1653,986528339,1000,1553,1553,2.3822722,-0.00001,-1,-1,-1,0,0,0,136,1,1,0,0.0000000,0.0000000,0.0000000,0,0,0,0
755574701824833 D 1654,986529339,1000,1553,1553,2.3822722,-0.00001,-1,-1,-1,0,0,0,136,1,1,0,0.0000000,0.0000000,0.0000000,0,0,0,0
755574702820625 D 1655,986530339,1000,1553,1553,2.3822722,-0.00001,-1,-1,-1,0,0,0,136,1,1,0,0.0000000,0.0000000,0.0000000,0,0,0,0
755574703827250 D 1656,986531339,1000,1553,1553,2.3822722,-0.00001,-1,-1,-1,0,0,0,136,1,1,0,0.0000000,0.0000000,0.0000000,0,0,0,0
755574704823166 D 1657,986532339,1000,1553,1553,2.3822722,-0.00001,-1,-1,-1,0,0,0,136,1,1,0,0.0000000,0.0000000,0.0000000,0,0,0,0
755574705832375 D 1658,986533339,1000,1553,1553,2.3822722,-0.00001,-1,-1,-1,0,0,0,136,1,1,0,0.0000000,0.0000000,0.0000000,0,0,0,0
755574706846916 D 1659,986534339,1000,1553,1553,2.3822722,-0.00001,-1,-1,-1,0,0,0,136,1,1,0,0.0000000,0.0000000,0.0000000,0,0,0,0
755574707873750 D 1660,986535339,1000,1553,1553,2.3822722,-0.00001,-1,-1,-1,0,0,0,136,1,1,0,0.0000000,0.0000000,0.0000000,0,0,0,0
755574708898833 D 1661,986536339,1000,1553,1553,2.3822722,-0.00001,-1,-1,-1,0,0,0,136,1,1,0,0.0000000,0.0000000,0.0000000,0,0,0,0
755574709876708 D 1662,986537339,1000,1553,1553,2.3822722,-0.00001,-1,-1,-1,0,0,0,136,1,1,0,0.0000000,0.0000000,0.0000000,0,0,0,0
755574710895583 D 1663,986538339,1000,1553,1553,2.3822722,-0.00001,-1,-1,-1,0,0,0,136,1,1,0,0.0000000,0.0000000,0.0000000,0,0,0,0
755574712041250 D 1664,986539339,1000,1553,1553,2.3822722,-0.00001,-1,-1,-1,0,0,0,136,1,1,0,0.0000000,0.0000000,0.0000000,0,0,0,0
755574712977958 D 1665,986540339,1000,1553,1553,2.3822722,-0.00001,-1,-1,-1,0,0,0,136,1,1,0,0.0000000,0.0000000,0.0000000,0,0,0,0
755574713933916 D 1666,986541339,1000,1553,1553,2.3822722,-0.00001,-1,-1,-1,0,0,0,136,1,1,0,0.0000000,0.0000000,0.0000000,0,0,0,0
755574714959583 D 1667,986542339,1000,1553,1553,2.3822722,-0.00001,-1,-1,-1,0,0,0,136,1,1,0,0.0000000,0.0000000,0.0000000,0,0,0,0
755574715925000 D 1668,986543339,1000,1553,1553,2.3822722,-0.00001,-1,-1,-1,0,0,0,136,1,1,0,0.0000000,0.0000000,0.0000000,0,0,0,0
755574716921166 D 1669,986544339,1000,1553,1553,2.3822722,-0.00001,-1,-1,-1,0,0,0,136,1,1,0,0.0000000,0.0000000,0.0000000,0,0,0,0
755574717904416 D 1670,986545339,1000,1553,1553,2.3822722,-0.00001,-1,-1,-1,0,0,0,136,1,1,0,0.0000000,0.0000000,0.0000000,0,0,0,0
755574718929500 D 1671,986546339,1000,1553,1553,2.3822722,-0.00001,-1,-1,-1,0,0,0,136,1,1,0,0.0000000,0.0000000,0.0000000,0,0,0,0
755574719939166 D 1672,986547339,1000,1553,1553,2.3822722,-0.00001,-1,-1,-1,0,0,0,136,1,1,0,0.0000000,0.0000000,0.0000000,0,0,0,0
755574721018291 D 1673,986548339,1000,1553,1553,2.3822722,-0.00001,-1,-1,-1,0,0,0,136,1,1,0,0.0000000,0.0000000,0.0000000,0,0,0,0
755574722012750 D 1674,986549339,1000,1553,1553,2.3822722,-0.00001,-1,-1,-1,0,0,0,136,1,1,0,0.0000000,0.0000000,0.0000000,0,0,0,0
755574722955541 D 1675,986550339,1000,1553,1553,2.3822722,-0.00001,-1,-1,-1,0,0,0,136,1,1,0,0.0000000,0.0000000,0.0000000,0,0,0,0
755574723945041 D 1676,986551339,1000,1553,1553,2.3822722,-0.00001,-1,-1,-1,0,0,0,136,1,1,0,0.0000000,0.0000000,0.0000000,0,0,0,0
755574725343125 D 1677,986552339,1000,1553,1553,2.3822722,-0.00001,39,128,2089,0,0,0,136,1,1,0,0.0000000,0.0000000,0.0000000,0,0,0,0
755574725990791 D 1678,986553339,1000,1553,1553,2.3822722,-0.00001,-1,-1,-1,0,0,0,136,1,1,0,0.0000000,0.0000000,0.0000000,0,0,0,0
755574727042583 D 1679,986554339,1000,1553,1553,2.3822722,-0.00001,-1,-1,-1,0,0,0,136,1,1,0,0.0000000,0.0000000,0.0000000,0,0,0,0
755574728030708 D 1680,986555339,1000,1553,1553,2.3822722,-0.00000,-1,-1,-1,0,0,0,136,1,1,0,0.0000000,0.0000000,0.0000000,0,0,0,0
755574728993416 D 1681,986556339,1000,1553,1553,2.3822722,-0.00000,-1,-1,-1,0,0,0,136,1,1,0,0.0000000,0.0000000,0.0000000,0,0,0,0
755574729985583 D 1682,986557339,1000,1553,1553,2.3822722,-0.00000,-1,-1,-1,0,0,0,136,1,1,0,0.0000000,0.0000000,0.0000000,0,0,0,0
755574730978958 D 1683,986558339,1000,1553,1553,2.3822722,-0.00000,-1,-1,-1,0,0,0,136,1,1,0,0.0000000,0.0000000,0.0000000,0,0,0,0
755574731956625 D 1684,986559339,1000,1553,1553,2.3822722,-0.00000,-1,-1,-1,0,0,0,136,1,1,0,0.0000000,0.0000000,0.0000000,0,0,0,0
755574732910333 D 1685,986560339,1000,1553,1553,2.3822722,-0.00000,-1,-1,-1,0,0,0,136,1,1,0,0.0000000,0.0000000,0.0000000,0,0,0,0
755574733925750 D 1686,986561339,1000,1553,1553,2.3822722,-0.00000,-1,-1,-1,0,0,0,136,1,1,0,0.0000000,0.0000000,0.0000000,0,0,0,0
755574734962000 D 1687,986562339,1000,1553,1553,2.3822722,-0.00000,-1,-1,-1,0,0,0,136,1,1,0,0.0000000,0.0000000,0.0000000,0,0,0,0
755574735988333 D 1688,986563339,1000,1553,1553,2.3822722,-0.00000,-1,-1,-1,0,0,0,136,1,1,0,0.0000000,0.0000000,0.0000000,0,0,0,0
755574736945916 D 1689,986564339,1000,1553,1553,2.3822722,-0.00000,-1,-1,-1,0,0,0,136,1,1,0,0.0000000,0.0000000,0.0000000,0,0,0,0
755574737937875 D 1690,986565339,1000,1553,1553,2.3822722,-0.00000,-1,-1,-1,0,0,0,136,1,1,0,0.0000000,0.0000000,0.0000000,0,0,0,0
755574738912750 D 1691,986566339,1000,1553,1553,2.3822722,-0.00000,-1,-1,-1,0,0,0,136,1,1,0,0.0000000,0.0000000,0.0000000,0,0,0,0
755574739948750 D 1692,986567339,1000,1553,1553,2.3822722,-0.00000,-1,-1,-1,0,0,0,136,1,1,0,0.0000000,0.0000000,0.0000000,0,0,0,0
755574740933916 D 1693,986568339,1000,1553,1553,2.3822722,-0.00000,-1,-1,-1,0,0,0,136,1,1,0,0.0000000,0.0000000,0.0000000,0,0,0,0
755574741915416 D 1694,986569339,1000,1553,1553,2.3822722,-0.00000,-1,-1,-1,0,0,0,136,1,1,0,0.0000000,0.0000000,0.0000000,0,0,0,0
755574742923750 D 1695,986570339,1000,1553,1553,2.3822722,-0.00000,-1,-1,-1,0,0,0,136,1,1,0,0.0000000,0.0000000,0.0000000,0,0,0,0
755574743936833 D 1696,986571339,1000,1553,1553,2.3822722,-0.00000,-1,-1,-1,0,0,0,136,1,1,0,0.0000000,0.0000000,0.0000000,0,0,0,0
755574744918041 D 1697,986572339,1000,1553,1553,2.3822722,-0.00000,-1,-1,-1,0,0,0,136,1,1,0,0.0000000,0.0000000,0.0000000,0,0,0,0
755574745903458 D 1698,986573339,1000,1553,1553,2.3822722,-0.00000,-1,-1,-1,0,0,0,136,1,1,0,0.0000000,0.0000000,0.0000000,0,0,0,0
755574746908166 D 1699,986574339,1000,1553,1553,2.3822722,-0.00000,-1,-1,-1,0,0,0,136,1,1,0,0.0000000,0.0000000,0.0000000,0,0,0,0
755574747904916 D 1700,986575339,1000,1553,1553,2.3822722,-0.00000,-1,-1,-1,0,0,0,136,1,1,0,0.0000000,0.0000000,0.0000000,0,0,0,0
755574748921625 D 1701,986576339,1000,1553,1553,2.3822722,-0.00000,-1,-1,-1,0,0,0,136,1,1,0,0.0000000,0.0000000,0.0000000,0,0,0,0
755574749904791 D 1702,986577339,1000,1553,1553,2.3822722,-0.00000,-1,-1,-1,0,0,0,136,1,1,0,0.0000000,0.0000000,0.0000000,0,0,0,0
755574750890750 D 1703,986578339,1000,1553,1553,2.3822722,-0.00000,-1,-1,-1,0,0,0,136,1,1,0,0.0000000,0.0000000,0.0000000,0,0,0,0
755574751897666 D 1704,986579339,1000,1554,1554,2.3838062,0.06015,-1,-1,-1,0,0,0,136,1,1,0,0.0000000,0.0000000,0.0000000,0,0,0,0
755574752893416 D 1705,986580339,1000,1553,1553,2.3822722,-0.00236,-1,-1,-1,0,0,0,136,1,1,0,0.0000000,0.0000000,0.0000000,0,0,0,0
755574753900916 D 1706,986581339,1000,1553,1553,2.3822722,-0.00227,-1,-1,-1,0,0,0,136,1,1,0,0.0000000,0.0000000,0.0000000,0,0,0,0
755574754906750 D 1707,986582339,1000,1553,1553,2.3822722,-0.00218,-1,-1,-1,0,0,0,136,1,1,0,0.0000000,0.0000000,0.0000000,0,0,0,0
755574756001958 D 1708,986583339,1000,1554,1554,2.3838062,0.05805,-1,-1,-1,0,0,0,136,1,1,0,0.0000000,0.0000000,0.0000000,0,0,0,0
755574756926791 D 1709,986584339,1000,1553,1553,2.3822722,-0.00437,-1,-1,-1,0,0,0,136,1,1,0,0.0000000,0.0000000,0.0000000,0,0,0,0
755574757903125 D 1710,986585339,1000,1553,1553,2.3822722,-0.00420,-1,-1,-1,0,0,0,136,1,1,0,0.0000000,0.0000000,0.0000000,0,0,0,0
755574758905375 D 1711,986586339,1000,1553,1553,2.3822722,-0.00403,-1,-1,-1,0,0,0,136,1,1,0,0.0000000,0.0000000,0.0000000,0,0,0,0
755574759928833 D 1712,986587339,1000,1553,1553,2.3822722,-0.00388,-1,-1,-1,0,0,0,136,1,1,0,0.0000000,0.0000000,0.0000000,0,0,0,0
755574760907125 D 1713,986588339,1000,1553,1553,2.3822722,-0.00372,-1,-1,-1,0,0,0,136,1,1,0,0.0000000,0.0000000,0.0000000,0,0,0,0
755574761897250 D 1714,986589339,1000,1553,1553,2.3822722,-0.00358,-1,-1,-1,0,0,0,136,1,1,0,0.0000000,0.0000000,0.0000000,0,0,0,0
755574762891125 D 1715,986590339,1000,1553,1553,2.3822722,-0.00344,-1,-1,-1,0,0,0,136,1,1,0,0.0000000,0.0000000,0.0000000,0,0,0,0
755574763893916 D 1716,986591339,1000,1553,1553,2.3822722,-0.00330,-1,-1,-1,0,0,0,136,1,1,0,0.0000000,0.0000000,0.0000000,0,0,0,0
755574764888375 D 1717,986592339,1000,1553,1553,2.3822722,-0.00317,-1,-1,-1,0,0,0,136,1,1,0,0.0000000,0.0000000,0.0000000,0,0,0,0
755574765894125 D 1718,986593339,1000,1553,1553,2.3822722,-0.00305,-1,-1,-1,0,0,0,136,1,1,0,0.0000000,0.0000000,0.0000000,0,0,0,0
755574766901416 D 1719,986594339,1000,1553,1553,2.3822722,-0.00293,-1,-1,-1,0,0,0,136,1,1,0,0.0000000,0.0000000,0.0000000,0,0,0,0
755574767896583 D 1720,986595339,1000,1553,1553,2.3822722,-0.00281,-1,-1,-1,0,0,0,136,1,1,0,0.0000000,0.0000000,0.0000000,0,0,0,0
755574768906041 D 1721,986596339,1000,1553,1553,2.3822722,-0.00270,-1,-1,-1,0,0,0,136,1,1,0,0.0000000,0.0000000,0.0000000,0,0,0,0
755574769950875 D 1722,986597339,1000,1553,1553,2.3822722,-0.00260,-1,-1,-1,0,0,0,136,1,1,0,0.0000000,0.0000000,0.0000000,0,0,0,0
755574770908583 D 1723,986598339,1000,1553,1553,2.3822722,-0.00250,-1,-1,-1,0,0,0,136,1,1,0,0.0000000,0.0000000,0.0000000,0,0,0,0
755574771896875 D 1724,986599339,1000,1553,1553,2.3822722,-0.00240,-1,-1,-1,0,0,0,136,1,1,0,0.0000000,0.0000000,0.0000000,0,0,0,0
755574772909666 D 1725,986600339,1000,1553,1553,2.3822722,-0.00230,-1,-1,-1,0,0,0,136,1,1,0,0.0000000,0.0000000,0.0000000,0,0,0,0
755574773985416 D 1726,986601339,1000,1553,1553,2.3822722,-0.00221,-1,-1,-1,0,0,0,136,1,1,0,0.0000000,0.0000000,0.0000000,0,0,0,0
755574775328916 D 1727,986602339,1000,1553,1553,2.3822722,-0.00213,39,128,2088,0,0,0,136,1,1,0,0.0000000,0.0000000,0.0000000,0,0,0,0
755574775971166 D 1728,986603339,1000,1553,1553,2.3822722,-0.00204,-1,-1,-1,0,0,0,136,1,1,0,0.0000000,0.0000000,0.0000000,0,0,0,0
755574776912625 D 1729,986604339,1000,1553,1553,2.3822722,-0.00196,-1,-1,-1,0,0,0,136,1,1,0,0.0000000,0.0000000,0.0000000,0,0,0,0
755574777908125 D 1730,986605339,1000,1553,1553,2.3822722,-0.00189,-1,-1,-1,0,0,0,136,1,1,0,0.0000000,0.0000000,0.0000000,0,0,0,0
755574778901000 D 1731,986606339,1000,1553,1553,2.3822722,-0.00181,-1,-1,-1,0,0,0,136,1,1,0,0.0000000,0.0000000,0.0000000,0,0,0,0
755574780170208 D 1732,986607339,1000,1553,1553,2.3822722,-0.00174,-1,-1,-1,0,0,0,136,1,1,0,0.0000000,0.0000000,0.0000000,0,0,0,0
755574781130541 D 1733,986608339,1000,1553,1553,2.3822722,-0.00167,-1,-1,-1,0,0,0,136,1,1,0,0.0000000,0.0000000,0.0000000,0,0,0,0
755574782063333 D 1734,986609339,1000,1553,1553,2.3822722,-0.00161,-1,-1,-1,0,0,0,136,1,1,0,0.0000000,0.0000000,0.0000000,0,0,0,0
755574782900458 D 1735,986610339,1000,1553,1553,2.3822722,-0.00154,-1,-1,-1,0,0,0,136,1,1,0,0.0000000,0.0000000,0.0000000,0,0,0,0
755574783905375 D 1736,986611339,1000,1553,1553,2.3822722,-0.00148,-1,-1,-1,0,0,0,136,1,1,0,0.0000000,0.0000000,0.0000000,0,0,0,0
755574784906666 D 1737,986612339,1000,1553,1553,2.3822722,-0.00143,-1,-1,-1,0,0,0,136,1,1,0,0.0000000,0.0000000,0.0000000,0,0,0,0
755574785898375 D 1738,986613339,1000,1553,1553,2.3822722,-0.00137,-1,-1,-1,0,0,0,135,1,1,0,0.0000000,0.0000000,0.0000000,0,0,0,0
755574786887833 D 1739,986614339,1000,1554,1554,2.3838062,0.05883,-1,-1,-1,0,0,0,136,1,1,0,0.0000000,0.0000000,0.0000000,0,0,0,0
755574787897791 D 1740,986615339,1000,1553,1553,2.3822722,-0.00362,-1,-1,-1,0,0,0,136,1,1,0,0.0000000,0.0000000,0.0000000,0,0,0,0
755574788890125 D 1741,986616339,1000,1553,1553,2.3822722,-0.00348,-1,-1,-1,0,0,0,136,1,1,0,0.0000000,0.0000000,0.0000000,0,0,0,0
755574789990625 D 1742,986617339,1000,1553,1553,2.3822722,-0.00334,-1,-1,-1,0,0,0,136,1,1,0,0.0000000,0.0000000,0.0000000,0,0,0,0
755574790971208 D 1743,986618339,1000,1553,1553,2.3822722,-0.00321,-1,-1,-1,0,0,0,136,1,1,0,0.0000000,0.0000000,0.0000000,0,0,0,0
755574792038333 D 1744,986619339,1000,1553,1553,2.3822722,-0.00309,-1,-1,-1,0,0,0,136,1,1,0,0.0000000,0.0000000,0.0000000,0,0,0,0
755574792990833 D 1745,986620339,1000,1553,1553,2.3822722,-0.00297,-1,-1,-1,0,0,0,136,1,1,0,0.0000000,0.0000000,0.0000000,0,0,0,0
755574793942291 D 1746,986621339,1000,1553,1553,2.3822722,-0.00285,-1,-1,-1,0,0,0,136,1,1,0,0.0000000,0.0000000,0.0000000,0,0,0,0
755574794916041 D 1747,986622339,1000,1553,1553,2.3822722,-0.00274,-1,-1,-1,0,0,0,136,1,1,0,0.0000000,0.0000000,0.0000000,0,0,0,0
755574795919000 D 1748,986623339,1000,1553,1553,2.3822722,-0.00263,-1,-1,-1,0,0,0,136,1,1,0,0.0000000,0.0000000,0.0000000,0,0,0,0
755574796929208 D 1749,986624339,1000,1553,1553,2.3822722,-0.00253,-1,-1,-1,0,0,0,136,1,1,0,0.0000000,0.0000000,0.0000000,0,0,0,0
755574797921416 D 1750,986625339,1000,1553,1553,2.3822722,-0.00243,-1,-1,-1,0,0,0,136,1,1,0,0.0000000,0.0000000,0.0000000,0,0,0,0
755574798904583 D 1751,986626339,1000,1553,1553,2.3822722,-0.00233,-1,-1,-1,0,0,0,136,1,1,0,0.0000000,0.0000000,0.0000000,0,0,0,0
755574799910750 D 1752,986627339,1000,1553,1553,2.3822722,-0.00224,-1,-1,-1,0,0,0,136,1,1,0,0.0000000,0.0000000,0.0000000,0,0,0,0
755574800899375 D 1753,986628339,1000,1553,1553,2.3822722,-0.00215,-1,-1,-1,0,0,0,136,1,1,0,0.0000000,0.0000000,0.0000000,0,0,0,0
755574801900291 D 1754,986629339,1000,1553,1553,2.3822722,-0.00207,-1,-1,-1,0,0,0,136,1,1,0,0.0000000,0.0000000,0.0000000,0,0,0,0
755574802897000 D 1755,986630339,1000,1553,1553,2.3822722,-0.00199,-1,-1,-1,0,0,0,136,1,1,0,0.0000000,0.0000000,0.0000000,0,0,0,0
755574803893833 D 1756,986631339,1000,1554,1554,2.3838062,0.05824,-1,-1,-1,0,0,0,136,1,1,0,0.0000000,0.0000000,0.0000000,0,0,0,0
755574804897458 D 1757,986632339,1000,1553,1553,2.3822722,-0.00419,-1,-1,-1,0,0,0,136,1,1,0,0.0000000,0.0000000,0.0000000,0,0,0,0
755574805919500 D 1758,986633339,1000,1553,1553,2.3822722,-0.00403,-1,-1,-1,0,0,0,136,1,1,0,0.0000000,0.0000000,0.0000000,0,0,0,0
755574806933833 D 1759,986634339,1000,1553,1553,2.3822722,-0.00387,-1,-1,-1,0,0,0,136,1,1,0,0.0000000,0.0000000,0.0000000,0,0,0,0
755574807904041 D 1760,986635339,1000,1553,1553,2.3822722,-0.00372,-1,-1,-1,0,0,0,136,1,1,0,0.0000000,0.0000000,0.0000000,0,0,0,0
755574809145166 D 1761,986636339,1000,1553,1553,2.3822722,-0.00357,-1,-1,-1,0,0,0,136,1,1,0,0.0000000,0.0000000,0.0000000,0,0,0,0
755574810114250 D 1762,986637339,1000,1553,1553,2.3822722,-0.00343,-1,-1,-1,0,0,0,136,1,1,0,0.0000000,0.0000000,0.0000000,0,0,0,0
755574811106541 D 1763,986638339,1000,1553,1553,2.3822722,-0.00330,-1,-1,-1,0,0,0,136,1,1,0,0.0000000,0.0000000,0.0000000,0,0,0,0
755574812293083 D 1764,986639339,1000,1553,1553,2.3822722,-0.00317,-1,-1,-1,0,0,0,136,1,1,0,0.0000000,0.0000000,0.0000000,0,0,0,0
755574813182750 D 1765,986640339,1000,1553,1553,2.3822722,-0.00305,-1,-1,-1,0,0,0,136,1,1,0,0.0000000,0.0000000,0.0000000,0,0,0,0
755574813979166 D 1766,986641339,1000,1554,1554,2.3838062,0.05722,-1,-1,-1,0,0,0,136,1,1,0,0.0000000,0.0000000,0.0000000,0,0,0,0
755574814953000 D 1767,986642339,1000,1553,1553,2.3822722,-0.00517,-1,-1,-1,0,0,0,136,1,1,0,0.0000000,0.0000000,0.0000000,0,0,0,0
755574815941791 D 1768,986643339,1000,1553,1553,2.3822722,-0.00497,-1,-1,-1,0,0,0,136,1,1,0,0.0000000,0.0000000,0.0000000,0,0,0,0
755574816928916 D 1769,986644339,1000,1553,1553,2.3822722,-0.00477,-1,-1,-1,0,0,0,136,1,1,0,0.0000000,0.0000000,0.0000000,0,0,0,0
755574817919125 D 1770,986645339,1000,1553,1553,2.3822722,-0.00459,-1,-1,-1,0,0,0,136,1,1,0,0.0000000,0.0000000,0.0000000,0,0,0,0
755574818920500 D 1771,986646339,1000,1553,1553,2.3822722,-0.00441,-1,-1,-1,0,0,0,136,1,1,0,0.0000000,0.0000000,0.0000000,0,0,0,0
755574819912791 D 1772,986647339,1000,1553,1553,2.3822722,-0.00423,-1,-1,-1,0,0,0,136,1,1,0,0.0000000,0.0000000,0.0000000,0,0,0,0
755574820904958 D 1773,986648339,1000,1554,1554,2.3838062,0.05608,-1,-1,-1,0,0,0,136,1,1,0,0.0000000,0.0000000,0.0000000,0,0,0,0
755574821913500 D 1774,986649339,1000,1553,1553,2.3822722,-0.00627,-1,-1,-1,0,0,0,136,1,1,0,0.0000000,0.0000000,0.0000000,0,0,0,0
755574822901375 D 1775,986650339,1000,1553,1553,2.3822722,-0.00602,-1,-1,-1,0,0,0,136,1,1,0,0.0000000,0.0000000,0.0000000,0,0,0,0
755574823883125 D 1776,986651339,1000,1553,1553,2.3822722,-0.00578,-1,-1,-1,0,0,0,136,1,1,0,0.0000000,0.0000000,0.0000000,0,0,0,0
755574825344083 D 1777,986652339,1000,1553,1553,2.3822722,-0.00556,39,128,2086,0,0,0,136,1,1,0,0.0000000,0.0000000,0.0000000,0,0,0,0
755574825959375 D 1778,986653339,1000,1553,1553,2.3822722,-0.00534,-1,-1,-1,0,0,0,136,1,1,0,0.0000000,0.0000000,0.0000000,0,0,0,0
755574826893208 D 1779,986654339,1000,1553,1553,2.3822722,-0.00513,-1,-1,-1,0,0,0,136,1,1,0,0.0000000,0.0000000,0.0000000,0,0,0,0
755574827968583 D 1780,986655339,1000,1553,1553,2.3822722,-0.00493,-1,-1,-1,0,0,0,136,1,1,0,0.0000000,0.0000000,0.0000000,0,0,0,0
755574829000416 D 1781,986656339,1000,1553,1553,2.3822722,-0.00474,-1,-1,-1,0,0,0,136,1,1,0,0.0000000,0.0000000,0.0000000,0,0,0,0
755574829988541 D 1782,986657339,1000,1553,1553,2.3822722,-0.00455,-1,-1,-1,0,0,0,136,1,1,0,0.0000000,0.0000000,0.0000000,0,0,0,0
755574831182916 D 1783,986658339,1000,1553,1553,2.3822722,-0.00437,-1,-1,-1,0,0,0,136,1,1,0,0.0000000,0.0000000,0.0000000,0,0,0,0
755574832056125 D 1784,986659339,1000,1553,1553,2.3822722,-0.00420,-1,-1,-1,0,0,0,136,1,1,0,0.0000000,0.0000000,0.0000000,0,0,0,0
755574832976916 D 1785,986660339,1000,1553,1553,2.3822722,-0.00404,-1,-1,-1,0,0,0,136,1,1,0,0.0000000,0.0000000,0.0000000,0,0,0,0
755574833932791 D 1786,986661339,1000,1553,1553,2.3822722,-0.00388,-1,-1,-1,0,0,0,136,1,1,0,0.0000000,0.0000000,0.0000000,0,0,0,0
755574834912250 D 1787,986662339,1000,1553,1553,2.3822722,-0.00373,-1,-1,-1,0,0,0,136,1,1,0,0.0000000,0.0000000,0.0000000,0,0,0,0
755574835934708 D 1788,986663339,1000,1553,1553,2.3822722,-0.00358,-1,-1,-1,0,0,0,136,1,1,0,0.0000000,0.0000000,0.0000000,0,0,0,0
755574836969083 D 1789,986664339,1000,1553,1553,2.3822722,-0.00344,-1,-1,-1,0,0,0,136,1,1,0,0.0000000,0.0000000,0.0000000,0,0,0,0
755574837955958 D 1790,986665339,1000,1553,1553,2.3822722,-0.00330,-1,-1,-1,0,0,0,136,1,1,0,0.0000000,0.0000000,0.0000000,0,0,0,0
755574838949791 D 1791,986666339,1000,1553,1553,2.3822722,-0.00317,-1,-1,-1,0,0,0,136,1,1,0,0.0000000,0.0000000,0.0000000,0,0,0,0
755574839865500 D 1792,986667339,1000,1553,1553,2.3822722,-0.00305,-1,-1,-1,0,0,0,136,1,1,0,0.0000000,0.0000000,0.0000000,0,0,0,0
755574840907458 D 1793,986668339,1000,1553,1553,2.3822722,-0.00293,-1,-1,-1,0,0,0,136,1,1,0,0.0000000,0.0000000,0.0000000,0,0,0,0
755574841871333 D 1794,986669339,1000,1553,1553,2.3822722,-0.00282,-1,-1,-1,0,0,0,136,1,1,0,0.0000000,0.0000000,0.0000000,0,0,0,0
755574842836833 D 1795,986670339,1000,1553,1553,2.3822722,-0.00270,-1,-1,-1,0,0,0,136,1,1,0,0.0000000,0.0000000,0.0000000,0,0,0,0
755574843764125 D 1796,986671339,1000,1553,1553,2.3822722,-0.00260,-1,-1,-1,0,0,0,136,1,1,0,0.0000000,0.0000000,0.0000000,0,0,0,0
755574844883166 D 1797,986672339,1000,1553,1553,2.3822722,-0.00250,-1,-1,-1,0,0,0,136,1,1,0,0.0000000,0.0000000,0.0000000,0,0,0,0
755574845889833 D 1798,986673339,1000,1553,1553,2.3822722,-0.00240,-1,-1,-1,0,0,0,136,1,1,0,0.0000000,0.0000000,0.0000000,0,0,0,0
755574847110958 D 1799,986674339,1000,1553,1553,2.3822722,-0.00230,-1,-1,-1,0,0,0,136,1,1,0,0.0000000,0.0000000,0.0000000,0,0,0,0
755574848105375 D 1800,986675339,1000,1553,1553,2.3822722,-0.00221,-1,-1,-1,0,0,0,136,1,1,0,0.0000000,0.0000000,0.0000000,0,0,0,0
755574849089666 D 1801,986676339,1000,1553,1553,2.3822722,-0.00213,-1,-1,-1,0,0,0,136,1,1,0,0.0000000,0.0000000,0.0000000,0,0,0,0
755574849877208 D 1802,986677339,1000,1553,1553,2.3822722,-0.00204,-1,-1,-1,0,0,0,136,1,1,0,0.0000000,0.0000000,0.0000000,0,0,0,0
755574850878625 D 1803,986678339,1000,1553,1553,2.3822722,-0.00196,-1,-1,-1,0,0,0,136,1,1,0,0.0000000,0.0000000,0.0000000,0,0,0,0
755574851856666 D 1804,986679339,1000,1553,1553,2.3822722,-0.00189,-1,-1,-1,0,0,0,136,1,1,0,0.0000000,0.0000000,0.0000000,0,0,0,0
755574852800750 D 1805,986680339,1000,1553,1553,2.3822722,-0.00181,-1,-1,-1,0,0,0,136,1,1,0,0.0000000,0.0000000,0.0000000,0,0,0,0
755574853955875 D 1806,986681339,1000,1553,1553,2.3822722,-0.00174,-1,-1,-1,0,0,0,136,1,1,0,0.0000000,0.0000000,0.0000000,0,0,0,0
755574856192041 D 1807,986682339,1000,1553,1553,2.3822722,-0.00167,-1,-1,-1,0,0,0,136,1,1,0,0.0000000,0.0000000,0.0000000,0,0,0,0
755574858067208 D 1808,986683339,1000,1553,1553,2.3822722,-0.00161,-1,-1,-1,0,0,0,136,1,1,0,0.0000000,0.0000000,0.0000000,0,0,0,0
755574858744625 D 1809,986684339,1000,1553,1553,2.3822722,-0.00155,-1,-1,-1,0,0,0,136,1,1,0,0.0000000,0.0000000,0.0000000,0,0,0,0
755574859410416 D 1810,986685339,1000,1553,1553,2.3822722,-0.00148,-1,-1,-1,0,0,0,136,1,1,0,0.0000000,0.0000000,0.0000000,0,0,0,0
755574860035416 D 1811,986686339,1000,1553,1553,2.3822722,-0.00143,-1,-1,-1,0,0,0,136,1,1,0,0.0000000,0.0000000,0.0000000,0,0,0,0
755574860673666 D 1812,986687339,1000,1553,1553,2.3822722,-0.00137,-1,-1,-1,0,0,0,136,1,1,0,0.0000000,0.0000000,0.0000000,0,0,0,0
755574861244583 D 1813,986688339,1000,1553,1553,2.3822722,-0.00132,-1,-1,-1,0,0,0,136,1,1,0,0.0000000,0.0000000,0.0000000,0,0,0,0
755574861941041 D 1814,986689339,1000,1553,1553,2.3822722,-0.00127,-1,-1,-1,0,0,0,136,1,1,0,0.0000000,0.0000000,0.0000000,0,0,0,0
755574862822041 D 1815,986690339,1000,1553,1553,2.3822722,-0.00122,-1,-1,-1,0,0,0,136,1,1,0,0.0000000,0.0000000,0.0000000,0,0,0,0
755574863845625 D 1816,986691339,1000,1553,1553,2.3822722,-0.00117,-1,-1,-1,0,0,0,136,1,1,0,0.0000000,0.0000000,0.0000000,0,0,0,0
755574864837625 D 1817,986692339,1000,1553,1553,2.3822722,-0.00112,-1,-1,-1,0,0,0,136,1,1,0,0.0000000,0.0000000,0.0000000,0,0,0,0
755574865843291 D 1818,986693339,1000,1553,1553,2.3822722,-0.00108,-1,-1,-1,0,0,0,136,1,1,0,0.0000000,0.0000000,0.0000000,0,0,0,0
755574866833458 D 1819,986694339,1000,1553,1553,2.3822722,-0.00104,-1,-1,-1,0,0,0,136,1,1,0,0.0000000,0.0000000,0.0000000,0,0,0,0
755574867901375 D 1820,986695339,1000,1553,1553,2.3822722,-0.00100,-1,-1,-1,0,0,0,136,1,1,0,0.0000000,0.0000000,0.0000000,0,0,0,0
755574868923583 D 1821,986696339,1000,1553,1553,2.3822722,-0.00096,-1,-1,-1,0,0,0,136,1,1,0,0.0000000,0.0000000,0.0000000,0,0,0,0
755574869922625 D 1822,986697339,1000,1553,1553,2.3822722,-0.00092,-1,-1,-1,0,0,0,136,1,1,0,0.0000000,0.0000000,0.0000000,0,0,0,0
755574870882791 D 1823,986698339,1000,1553,1553,2.3822722,-0.00088,-1,-1,-1,0,0,0,136,1,1,0,0.0000000,0.0000000,0.0000000,0,0,0,0
755574871865541 D 1824,986699339,1000,1553,1553,2.3822722,-0.00085,-1,-1,-1,0,0,0,136,1,1,0,0.0000000,0.0000000,0.0000000,0,0,0,0
755574872897833 D 1825,986700339,1000,1553,1553,2.3822722,-0.00081,-1,-1,-1,0,0,0,136,1,1,0,0.0000000,0.0000000,0.0000000,0,0,0,0
755574873852375 D 1826,986701339,1000,1553,1553,2.3822722,-0.00078,-1,-1,-1,0,0,0,136,1,1,0,0.0000000,0.0000000,0.0000000,0,0,0,0
755574875241875 D 1827,986702339,1000,1553,1553,2.3822722,-0.00075,39,128,2088,0,0,0,136,1,1,0,0.0000000,0.0000000,0.0000000,0,0,0,0
755574875852041 D 1828,986703339,1000,1553,1553,2.3822722,-0.00072,-1,-1,-1,0,0,0,136,1,1,0,0.0000000,0.0000000,0.0000000,0,0,0,0
755574876841416 D 1829,986704339,1000,1553,1553,2.3822722,-0.00069,-1,-1,-1,0,0,0,135,1,1,0,0.0000000,0.0000000,0.0000000,0,0,0,0
755574877835666 D 1830,986705339,1000,1553,1553,2.3822722,-0.00067,-1,-1,-1,0,0,0,136,1,1,0,0.0000000,0.0000000,0.0000000,0,0,0,0
755574878836958 D 1831,986706339,1000,1553,1553,2.3822722,-0.00064,-1,-1,-1,0,0,0,136,1,1,0,0.0000000,0.0000000,0.0000000,0,0,0,0
755574879840083 D 1832,986707339,1000,1553,1553,2.3822722,-0.00062,-1,-1,-1,0,0,0,136,1,1,0,0.0000000,0.0000000,0.0000000,0,0,0,0
755574880830875 D 1833,986708339,1000,1553,1553,2.3822722,-0.00059,-1,-1,-1,0,0,0,136,1,1,0,0.0000000,0.0000000,0.0000000,0,0,0,0
755574881836250 D 1834,986709339,1000,1553,1553,2.3822722,-0.00057,-1,-1,-1,0,0,0,136,1,1,0,0.0000000,0.0000000,0.0000000,0,0,0,0
755574882829541 D 1835,986710339,1000,1553,1553,2.3822722,-0.00055,-1,-1,-1,0,0,0,136,1,1,0,0.0000000,0.0000000,0.0000000,0,0,0,0
755574883865083 D 1836,986711339,1000,1553,1553,2.3822722,-0.00052,-1,-1,-1,0,0,0,135,1,1,0,0.0000000,0.0000000,0.0000000,0,0,0,0
755574884896041 D 1837,986712339,1000,1553,1553,2.3822722,-0.00050,-1,-1,-1,0,0,0,136,1,1,0,0.0000000,0.0000000,0.0000000,0,0,0,0
755574885868000 D 1838,986713339,1000,1554,1554,2.3838062,0.05966,-1,-1,-1,0,0,0,136,1,1,0,0.0000000,0.0000000,0.0000000,0,0,0,0
755574886946083 D 1839,986714339,1000,1553,1553,2.3822722,-0.00282,-1,-1,-1,0,0,0,136,1,1,0,0.0000000,0.0000000,0.0000000,0,0,0,0
755574887948416 D 1840,986715339,1000,1553,1553,2.3822722,-0.00271,-1,-1,-1,0,0,0,136,1,1,0,0.0000000,0.0000000,0.0000000,0,0,0,0
755574888947833 D 1841,986716339,1000,1553,1553,2.3822722,-0.00261,-1,-1,-1,0,0,0,136,1,1,0,0.0000000,0.0000000,0.0000000,0,0,0,0
755574889932375 D 1842,986717339,1000,1554,1554,2.3838062,0.05764,-1,-1,-1,0,0,0,136,1,1,0,0.0000000,0.0000000,0.0000000,0,0,0,0
755574891013500 D 1843,986718339,1000,1553,1553,2.3822722,-0.00476,-1,-1,-1,0,0,0,136,1,1,0,0.0000000,0.0000000,0.0000000,0,0,0,0
755574892039083 D 1844,986719339,1000,1553,1553,2.3822722,-0.00458,-1,-1,-1,0,0,0,136,1,1,0,0.0000000,0.0000000,0.0000000,0,0,0,0
755574893061958 D 1845,986720339,1000,1553,1553,2.3822722,-0.00440,-1,-1,-1,0,0,0,136,1,1,0,0.0000000,0.0000000,0.0000000,0,0,0,0
755574893969916 D 1846,986721339,1000,1553,1553,2.3822722,-0.00423,-1,-1,-1,0,0,0,136,1,1,0,0.0000000,0.0000000,0.0000000,0,0,0,0
755574894980541 D 1847,986722339,1000,1553,1553,2.3822722,-0.00406,-1,-1,-1,0,0,0,136,1,1,0,0.0000000,0.0000000,0.0000000,0,0,0,0
755574896287958 D 1848,986723339,1000,1553,1553,2.3822722,-0.00390,-1,-1,-1,0,0,0,136,1,1,0,0.0000000,0.0000000,0.0000000,0,0,0,0
755574897102041 D 1849,986724339,1000,1553,1553,2.3822722,-0.00375,-1,-1,-1,0,0,0,136,1,1,0,0.0000000,0.0000000,0.0000000,0,0,0,0
755574898022000 D 1850,986725339,1000,1553,1553,2.3822722,-0.00360,-1,-1,-1,0,0,0,135,1,1,0,0.0000000,0.0000000,0.0000000,0,0,0,0
755574899071250 D 1851,986726339,1000,1553,1553,2.3822722,-0.00346,-1,-1,-1,0,0,0,136,1,1,0,0.0000000,0.0000000,0.0000000,0,0,0,0
755574900120333 D 1852,986727339,1000,1553,1553,2.3822722,-0.00332,-1,-1,-1,0,0,0,136,1,1,0,0.0000000,0.0000000,0.0000000,0,0,0,0
755574901002583 D 1853,986728339,1000,1553,1553,2.3822722,-0.00319,-1,-1,-1,0,0,0,136,1,1,0,0.0000000,0.0000000,0.0000000,0,0,0,0
755574901974500 D 1854,986729339,1000,1553,1553,2.3822722,-0.00307,-1,-1,-1,0,0,0,136,1,1,0,0.0000000,0.0000000,0.0000000,0,0,0,0
755574902965166 D 1855,986730339,1000,1553,1553,2.3822722,-0.00295,-1,-1,-1,0,0,0,136,1,1,0,0.0000000,0.0000000,0.0000000,0,0,0,0
755574903919083 D 1856,986731339,1000,1553,1553,2.3822722,-0.00283,-1,-1,-1,0,0,0,136,1,1,0,0.0000000,0.0000000,0.0000000,0,0,0,0
755574904933000 D 1857,986732339,1000,1553,1553,2.3822722,-0.00272,-1,-1,-1,0,0,0,136,1,1,0,0.0000000,0.0000000,0.0000000,0,0,0,0
755574905941916 D 1858,986733339,1000,1553,1553,2.3822722,-0.00261,-1,-1,-1,0,0,0,136,1,1,0,0.0000000,0.0000000,0.0000000,0,0,0,0
755574906909208 D 1859,986734339,1000,1553,1553,2.3822722,-0.00251,-1,-1,-1,0,0,0,136,1,1,0,0.0000000,0.0000000,0.0000000,0,0,0,0
755574907912541 D 1860,986735339,1000,1553,1553,2.3822722,-0.00241,-1,-1,-1,0,0,0,136,1,1,0,0.0000000,0.0000000,0.0000000,0,0,0,0
755574908911541 D 1861,986736339,1000,1553,1553,2.3822722,-0.00232,-1,-1,-1,0,0,0,136,1,1,0,0.0000000,0.0000000,0.0000000,0,0,0,0
755574909907916 D 1862,986737339,1000,1554,1554,2.3838062,0.05792,-1,-1,-1,0,0,0,136,1,1,0,0.0000000,0.0000000,0.0000000,0,0,0,0
755574910901625 D 1863,986738339,1000,1553,1553,2.3822722,-0.00450,-1,-1,-1,0,0,0,136,1,1,0,0.0000000,0.0000000,0.0000000,0,0,0,0
755574911906083 D 1864,986739339,1000,1553,1553,2.3822722,-0.00432,-1,-1,-1,0,0,0,136,1,1,0,0.0000000,0.0000000,0.0000000,0,0,0,0
755574912898833 D 1865,986740339,1000,1553,1553,2.3822722,-0.00415,-1,-1,-1,0,0,0,136,1,1,0,0.0000000,0.0000000,0.0000000,0,0,0,0
755574913906750 D 1866,986741339,1000,1553,1553,2.3822722,-0.00399,-1,-1,-1,0,0,0,136,1,1,0,0.0000000,0.0000000,0.0000000,0,0,0,0
755574914909458 D 1867,986742339,1000,1553,1553,2.3822722,-0.00383,-1,-1,-1,0,0,0,136,1,1,0,0.0000000,0.0000000,0.0000000,0,0,0,0
755574915939500 D 1868,986743339,1000,1553,1553,2.3822722,-0.00368,-1,-1,-1,0,0,0,136,1,1,0,0.0000000,0.0000000,0.0000000,0,0,0,0
755574916914833 D 1869,986744339,1000,1553,1553,2.3822722,-0.00354,-1,-1,-1,0,0,0,136,1,1,0,0.0000000,0.0000000,0.0000000,0,0,0,0
755574917950333 D 1870,986745339,1000,1553,1553,2.3822722,-0.00340,-1,-1,-1,0,0,0,136,1,1,0,0.0000000,0.0000000,0.0000000,0,0,0,0
755574918935625 D 1871,986746339,1000,1553,1553,2.3822722,-0.00327,-1,-1,-1,0,0,0,136,1,1,0,0.0000000,0.0000000,0.0000000,0,0,0,0
755574919981041 D 1872,986747339,1000,1553,1553,2.3822722,-0.00314,-1,-1,-1,0,0,0,136,1,1,0,0.0000000,0.0000000,0.0000000,0,0,0,0
755574920967083 D 1873,986748339,1000,1553,1553,2.3822722,-0.00302,-1,-1,-1,0,0,0,136,1,1,0,0.0000000,0.0000000,0.0000000,0,0,0,0
755574921985291 D 1874,986749339,1000,1553,1553,2.3822722,-0.00290,-1,-1,-1,0,0,0,136,1,1,0,0.0000000,0.0000000,0.0000000,0,0,0,0
755574922982791 D 1875,986750339,1000,1553,1553,2.3822722,-0.00278,-1,-1,-1,0,0,0,136,1,1,0,0.0000000,0.0000000,0.0000000,0,0,0,0
755574923980666 D 1876,986751339,1000,1553,1553,2.3822722,-0.00267,-1,-1,-1,0,0,0,136,1,1,0,0.0000000,0.0000000,0.0000000,0,0,0,0
755574925345916 D 1877,986752339,1000,1553,1553,2.3822722,-0.00257,39,128,2087,0,0,0,136,1,1,0,0.0000000,0.0000000,0.0000000,0,0,0,0
755574925963916 D 1878,986753339,1000,1553,1553,2.3822722,-0.00247,-1,-1,-1,0,0,0,136,1,1,0,0.0000000,0.0000000,0.0000000,0,0,0,0
755574926901333 D 1879,986754339,1000,1553,1553,2.3822722,-0.00237,-1,-1,-1,0,0,0,136,1,1,0,0.0000000,0.0000000,0.0000000,0,0,0,0
755574927909250 D 1880,986755339,1000,1553,1553,2.3822722,-0.00228,-1,-1,-1,0,0,0,136,1,1,0,0.0000000,0.0000000,0.0000000,0,0,0,0
755574928891041 D 1881,986756339,1000,1553,1553,2.3822722,-0.00219,-1,-1,-1,0,0,0,136,1,1,0,0.0000000,0.0000000,0.0000000,0,0,0,0
755574929914875 D 1882,986757339,1000,1553,1553,2.3822722,-0.00210,-1,-1,-1,0,0,0,136,1,1,0,0.0000000,0.0000000,0.0000000,0,0,0,0
755574930931166 D 1883,986758339,1000,1553,1553,2.3822722,-0.00202,-1,-1,-1,0,0,0,136,1,1,0,0.0000000,0.0000000,0.0000000,0,0,0,0
755574931906666 D 1884,986759339,1000,1553,1553,2.3822722,-0.00194,-1,-1,-1,0,0,0,136,1,1,0,0.0000000,0.0000000,0.0000000,0,0,0,0
755574932892500 D 1885,986760339,1000,1553,1553,2.3822722,-0.00187,-1,-1,-1,0,0,0,136,1,1,0,0.0000000,0.0000000,0.0000000,0,0,0,0
755574933899333 D 1886,986761339,1000,1553,1553,2.3822722,-0.00179,-1,-1,-1,0,0,0,136,1,1,0,0.0000000,0.0000000,0.0000000,0,0,0,0
755574934915708 D 1887,986762339,1000,1553,1553,2.3822722,-0.00172,-1,-1,-1,0,0,0,136,1,1,0,0.0000000,0.0000000,0.0000000,0,0,0,0
755574935924791 D 1888,986763339,1000,1553,1553,2.3822722,-0.00166,-1,-1,-1,0,0,0,136,1,1,0,0.0000000,0.0000000,0.0000000,0,0,0,0
755574936885250 D 1889,986764339,1000,1553,1553,2.3822722,-0.00159,-1,-1,-1,0,0,0,136,1,1,0,0.0000000,0.0000000,0.0000000,0,0,0,0
755574937894583 D 1890,986765339,1000,1553,1553,2.3822722,-0.00153,-1,-1,-1,0,0,0,136,1,1,0,0.0000000,0.0000000,0.0000000,0,0,0,0
755574938891375 D 1891,986766339,1000,1553,1553,2.3822722,-0.00147,-1,-1,-1,0,0,0,136,1,1,0,0.0000000,0.0000000,0.0000000,0,0,0,0
755574939898125 D 1892,986767339,1000,1553,1553,2.3822722,-0.00141,-1,-1,-1,0,0,0,136,1,1,0,0.0000000,0.0000000,0.0000000,0,0,0,0
755574940936333 D 1893,986768339,1000,1553,1553,2.3822722,-0.00136,-1,-1,-1,0,0,0,136,1,1,0,0.0000000,0.0000000,0.0000000,0,0,0,0
755574941939958 D 1894,986769339,1000,1553,1553,2.3822722,-0.00130,-1,-1,-1,0,0,0,136,1,1,0,0.0000000,0.0000000,0.0000000,0,0,0,0
755574942904458 D 1895,986770339,1000,1553,1553,2.3822722,-0.00125,-1,-1,-1,0,0,0,136,1,1,0,0.0000000,0.0000000,0.0000000,0,0,0,0
755574943899958 D 1896,986771339,1000,1553,1553,2.3822722,-0.00120,-1,-1,-1,0,0,0,136,1,1,0,0.0000000,0.0000000,0.0000000,0,0,0,0
755574944896833 D 1897,986772339,1000,1553,1553,2.3822722,-0.00115,-1,-1,-1,0,0,0,136,1,1,0,0.0000000,0.0000000,0.0000000,0,0,0,0
755574945890000 D 1898,986773339,1000,1553,1553,2.3822722,-0.00111,-1,-1,-1,0,0,0,136,1,1,0,0.0000000,0.0000000,0.0000000,0,0,0,0
755574946980833 D 1899,986774339,1000,1553,1553,2.3822722,-0.00107,-1,-1,-1,0,0,0,136,1,1,0,0.0000000,0.0000000,0.0000000,0,0,0,0
755574947919541 D 1900,986775339,1000,1553,1553,2.3822722,-0.00102,-1,-1,-1,0,0,0,136,1,1,0,0.0000000,0.0000000,0.0000000,0,0,0,0
755574948898125 D 1901,986776339,1000,1553,1553,2.3822722,-0.00098,-1,-1,-1,0,0,0,136,1,1,0,0.0000000,0.0000000,0.0000000,0,0,0,0
755574949892708 D 1902,986777339,1000,1553,1553,2.3822722,-0.00095,-1,-1,-1,0,0,0,136,1,1,0,0.0000000,0.0000000,0.0000000,0,0,0,0
755574950889875 D 1903,986778339,1000,1553,1553,2.3822722,-0.00091,-1,-1,-1,0,0,0,136,1,1,0,0.0000000,0.0000000,0.0000000,0,0,0,0
755574951888291 D 1904,986779339,1000,1553,1553,2.3822722,-0.00087,-1,-1,-1,0,0,0,136,1,1,0,0.0000000,0.0000000,0.0000000,0,0,0,0
755574952887166 D 1905,986780339,1000,1553,1553,2.3822722,-0.00084,-1,-1,-1,0,0,0,136,1,1,0,0.0000000,0.0000000,0.0000000,0,0,0,0
755574954127125 D 1906,986781339,1000,1553,1553,2.3822722,-0.00081,-1,-1,-1,0,0,0,135,1,1,0,0.0000000,0.0000000,0.0000000,0,0,0,0
755574955105708 D 1907,986782339,1000,1553,1553,2.3822722,-0.00077,-1,-1,-1,0,0,0,136,1,1,0,0.0000000,0.0000000,0.0000000,0,0,0,0
755574956164500 D 1908,986783339,1000,1553,1553,2.3822722,-0.00074,-1,-1,-1,0,0,0,136,1,1,0,0.0000000,0.0000000,0.0000000,0,0,0,0
755574956951333 D 1909,986784339,1000,1553,1553,2.3822722,-0.00071,-1,-1,-1,0,0,0,136,1,1,0,0.0000000,0.0000000,0.0000000,0,0,0,0
755574957892833 D 1910,986785339,1000,1553,1553,2.3822722,-0.00069,-1,-1,-1,0,0,0,136,1,1,0,0.0000000,0.0000000,0.0000000,0,0,0,0
755574958926208 D 1911,986786339,1000,1553,1553,2.3822722,-0.00066,-1,-1,-1,0,0,0,136,1,1,0,0.0000000,0.0000000,0.0000000,0,0,0,0
755574960057125 D 1912,986787339,1000,1553,1553,2.3822722,-0.00063,-1,-1,-1,0,0,0,136,1,1,0,0.0000000,0.0000000,0.0000000,0,0,0,0
755574960938291 D 1913,986788339,1000,1553,1553,2.3822722,-0.00061,-1,-1,-1,0,0,0,136,1,1,0,0.0000000,0.0000000,0.0000000,0,0,0,0
755574961895791 D 1914,986789339,1000,1553,1553,2.3822722,-0.00059,-1,-1,-1,0,0,0,136,1,1,0,0.0000000,0.0000000,0.0000000,0,0,0,0
755574962931166 D 1915,986790339,1000,1553,1553,2.3822722,-0.00056,-1,-1,-1,0,0,0,136,1,1,0,0.0000000,0.0000000,0.0000000,0,0,0,0
755574963889541 D 1916,986791339,1000,1554,1554,2.3838062,0.05961,-1,-1,-1,0,0,0,136,1,1,0,0.0000000,0.0000000,0.0000000,0,0,0,0
755574964894166 D 1917,986792339,1000,1553,1553,2.3822722,-0.00288,-1,-1,-1,0,0,0,136,1,1,0,0.0000000,0.0000000,0.0000000,0,0,0,0
755574965897041 D 1918,986793339,1000,1553,1553,2.3822722,-0.00276,-1,-1,-1,0,0,0,136,1,1,0,0.0000000,0.0000000,0.0000000,0,0,0,0
755574966895708 D 1919,986794339,1000,1553,1553,2.3822722,-0.00266,-1,-1,-1,0,0,0,136,1,1,0,0.0000000,0.0000000,0.0000000,0,0,0,0
755574967896041 D 1920,986795339,1000,1553,1553,2.3822722,-0.00255,-1,-1,-1,0,0,0,136,1,1,0,0.0000000,0.0000000,0.0000000,0,0,0,0
755574968882166 D 1921,986796339,1000,1553,1553,2.3822722,-0.00245,-1,-1,-1,0,0,0,136,1,1,0,0.0000000,0.0000000,0.0000000,0,0,0,0
755574969905208 D 1922,986797339,1000,1553,1553,2.3822722,-0.00236,-1,-1,-1,0,0,0,136,1,1,0,0.0000000,0.0000000,0.0000000,0,0,0,0
755574970926416 D 1923,986798339,1000,1553,1553,2.3822722,-0.00226,-1,-1,-1,0,0,0,136,1,1,0,0.0000000,0.0000000,0.0000000,0,0,0,0
755574971921666 D 1924,986799339,1000,1553,1553,2.3822722,-0.00217,-1,-1,-1,0,0,0,136,1,1,0,0.0000000,0.0000000,0.0000000,0,0,0,0
755574972905291 D 1925,986800339,1000,1553,1553,2.3822722,-0.00209,-1,-1,-1,0,0,0,136,1,1,0,0.0000000,0.0000000,0.0000000,0,0,0,0
755574973919000 D 1926,986801339,1000,1553,1553,2.3822722,-0.00201,-1,-1,-1,0,0,0,136,1,1,0,0.0000000,0.0000000,0.0000000,0,0,0,0
755574975344875 D 1927,986802339,1000,1553,1553,2.3822722,-0.00193,39,128,2087,0,0,0,136,1,1,0,0.0000000,0.0000000,0.0000000,0,0,0,0
755574975958791 D 1928,986803339,1000,1553,1553,2.3822722,-0.00185,-1,-1,-1,0,0,0,136,1,1,0,0.0000000,0.0000000,0.0000000,0,0,0,0
755574976896833 D 1929,986804339,1000,1553,1553,2.3822722,-0.00178,-1,-1,-1,0,0,0,136,1,1,0,0.0000000,0.0000000,0.0000000,0,0,0,0
755574977931750 D 1930,986805339,1000,1553,1553,2.3822722,-0.00171,-1,-1,-1,0,0,0,136,1,1,0,0.0000000,0.0000000,0.0000000,0,0,0,0
755574978916791 D 1931,986806339,1000,1553,1553,2.3822722,-0.00164,-1,-1,-1,0,0,0,136,1,1,0,0.0000000,0.0000000,0.0000000,0,0,0,0
755574980120375 D 1932,986807339,1000,1553,1553,2.3822722,-0.00158,-1,-1,-1,0,0,0,136,1,1,0,0.0000000,0.0000000,0.0000000,0,0,0,0
755574981106208 D 1933,986808339,1000,1554,1554,2.3838062,0.05863,-1,-1,-1,0,0,0,136,1,1,0,0.0000000,0.0000000,0.0000000,0,0,0,0
755574982056000 D 1934,986809339,1000,1553,1553,2.3822722,-0.00382,-1,-1,-1,0,0,0,136,1,1,0,0.0000000,0.0000000,0.0000000,0,0,0,0
755574982908625 D 1935,986810339,1000,1553,1553,2.3822722,-0.00367,-1,-1,-1,0,0,0,136,1,1,0,0.0000000,0.0000000,0.0000000,0,0,0,0
755574983901125 D 1936,986811339,1000,1553,1553,2.3822722,-0.00352,-1,-1,-1,0,0,0,136,1,1,0,0.0000000,0.0000000,0.0000000,0,0,0,0
755574984896833 D 1937,986812339,1000,1553,1553,2.3822722,-0.00338,-1,-1,-1,0,0,0,136,1,1,0,0.0000000,0.0000000,0.0000000,0,0,0,0
755574985900333 D 1938,986813339,1000,1553,1553,2.3822722,-0.00325,-1,-1,-1,0,0,0,136,1,1,0,0.0000000,0.0000000,0.0000000,0,0,0,0
755574986897500 D 1939,986814339,1000,1553,1553,2.3822722,-0.00312,-1,-1,-1,0,0,0,136,1,1,0,0.0000000,0.0000000,0.0000000,0,0,0,0
755574987904375 D 1940,986815339,1000,1553,1553,2.3822722,-0.00300,-1,-1,-1,0,0,0,136,1,1,0,0.0000000,0.0000000,0.0000000,0,0,0,0
755574988898583 D 1941,986816339,1000,1553,1553,2.3822722,-0.00288,-1,-1,-1,0,0,0,136,1,1,0,0.0000000,0.0000000,0.0000000,0,0,0,0
755574989888958 D 1942,986817339,1000,1553,1553,2.3822722,-0.00277,-1,-1,-1,0,0,0,136,1,1,0,0.0000000,0.0000000,0.0000000,0,0,0,0
755574990916166 D 1943,986818339,1000,1553,1553,2.3822722,-0.00266,-1,-1,-1,0,0,0,136,1,1,0,0.0000000,0.0000000,0.0000000,0,0,0,0
755574991938416 D 1944,986819339,1000,1553,1553,2.3822722,-0.00256,-1,-1,-1,0,0,0,136,1,1,0,0.0000000,0.0000000,0.0000000,0,0,0,0
755574992947083 D 1945,986820339,1000,1553,1553,2.3822722,-0.00246,-1,-1,-1,0,0,0,136,1,1,0,0.0000000,0.0000000,0.0000000,0,0,0,0
755574994032666 D 1946,986821339,1000,1553,1553,2.3822722,-0.00236,-1,-1,-1,0,0,0,136,1,1,0,0.0000000,0.0000000,0.0000000,0,0,0,0
755574994983333 D 1947,986822339,1000,1553,1553,2.3822722,-0.00227,-1,-1,-1,0,0,0,136,1,1,0,0.0000000,0.0000000,0.0000000,0,0,0,0
755574995972583 D 1948,986823339,1000,1553,1553,2.3822722,-0.00218,-1,-1,-1,0,0,0,136,1,1,0,0.0000000,0.0000000,0.0000000,0,0,0,0
755574996948125 D 1949,986824339,1000,1553,1553,2.3822722,-0.00209,-1,-1,-1,0,0,0,136,1,1,0,0.0000000,0.0000000,0.0000000,0,0,0,0
755574997963708 D 1950,986825339,1000,1553,1553,2.3822722,-0.00201,-1,-1,-1,0,0,0,136,1,1,0,0.0000000,0.0000000,0.0000000,0,0,0,0
755574998950291 D 1951,986826339,1000,1553,1553,2.3822722,-0.00193,-1,-1,-1,0,0,0,136,1,1,0,0.0000000,0.0000000,0.0000000,0,0,0,0
755574999939333 D 1952,986827339,1000,1553,1553,2.3822722,-0.00186,-1,-1,-1,0,0,0,136,1,1,0,0.0000000,0.0000000,0.0000000,0,0,0,0
755575001172625 D 1953,986828339,1000,1553,1553,2.3822722,-0.00178,-1,-1,-1,0,0,0,136,1,1,0,0.0000000,0.0000000,0.0000000,0,0,0,0
755575002149583 D 1954,986829339,1000,1553,1553,2.3822722,-0.00171,-1,-1,-1,0,0,0,136,1,1,0,0.0000000,0.0000000,0.0000000,0,0,0,0
755575003135666 D 1955,986830339,1000,1553,1553,2.3822722,-0.00165,-1,-1,-1,0,0,0,136,1,1,0,0.0000000,0.0000000,0.0000000,0,0,0,0
755575003941125 D 1956,986831339,1000,1553,1553,2.3822722,-0.00158,-1,-1,-1,0,0,0,136,1,1,0,0.0000000,0.0000000,0.0000000,0,0,0,0
755575004894375 D 1957,986832339,1000,1553,1553,2.3822722,-0.00152,-1,-1,-1,0,0,0,136,1,1,0,0.0000000,0.0000000,0.0000000,0,0,0,0
755575005896416 D 1958,986833339,1000,1553,1553,2.3822722,-0.00146,-1,-1,-1,0,0,0,136,1,1,0,0.0000000,0.0000000,0.0000000,0,0,0,0
755575006908375 D 1959,986834339,1000,1553,1553,2.3822722,-0.00140,-1,-1,-1,0,0,0,136,1,1,0,0.0000000,0.0000000,0.0000000,0,0,0,0
755575007886083 D 1960,986835339,1000,1553,1553,2.3822722,-0.00135,-1,-1,-1,0,0,0,136,1,1,0,0.0000000,0.0000000,0.0000000,0,0,0,0
755575009467083 D 1961,986836339,1000,1553,1553,2.3822722,-0.00130,-1,-1,-1,0,0,0,136,1,1,0,0.0000000,0.0000000,0.0000000,0,0,0,0
755575010118500 D 1962,986837339,1000,1553,1553,2.3822722,-0.00125,-1,-1,-1,0,0,0,136,1,1,0,0.0000000,0.0000000,0.0000000,0,0,0,0
755575010951583 D 1963,986838339,1000,1553,1553,2.3822722,-0.00120,-1,-1,-1,0,0,0,136,1,1,0,0.0000000,0.0000000,0.0000000,0,0,0,0
755575011965208 D 1964,986839339,1000,1553,1553,2.3822722,-0.00115,-1,-1,-1,0,0,0,136,1,1,0,0.0000000,0.0000000,0.0000000,0,0,0,0
755575012931708 D 1965,986840339,1000,1553,1553,2.3822722,-0.00110,-1,-1,-1,0,0,0,136,1,1,0,0.0000000,0.0000000,0.0000000,0,0,0,0
755575013978208 D 1966,986841339,1000,1553,1553,2.3822722,-0.00106,-1,-1,-1,0,0,0,136,1,1,0,0.0000000,0.0000000,0.0000000,0,0,0,0
755575014960000 D 1967,986842339,1000,1553,1553,2.3822722,-0.00102,-1,-1,-1,0,0,0,136,1,1,0,0.0000000,0.0000000,0.0000000,0,0,0,0
755575015941166 D 1968,986843339,1000,1554,1554,2.3838062,0.05917,-1,-1,-1,0,0,0,136,1,1,0,0.0000000,0.0000000,0.0000000,0,0,0,0
755575016982000 D 1969,986844339,1000,1553,1553,2.3822722,-0.00330,-1,-1,-1,0,0,0,136,1,1,0,0.0000000,0.0000000,0.0000000,0,0,0,0
755575018035083 D 1970,986845339,1000,1553,1553,2.3822722,-0.00317,-1,-1,-1,0,0,0,136,1,1,0,0.0000000,0.0000000,0.0000000,0,0,0,0
755575019005916 D 1971,986846339,1000,1553,1553,2.3822722,-0.00305,-1,-1,-1,0,0,0,136,1,1,0,0.0000000,0.0000000,0.0000000,0,0,0,0
755575019990833 D 1972,986847339,1000,1553,1553,2.3822722,-0.00293,-1,-1,-1,0,0,0,136,1,1,0,0.0000000,0.0000000,0.0000000,0,0,0,0
755575020933750 D 1973,986848339,1000,1553,1553,2.3822722,-0.00281,-1,-1,-1,0,0,0,136,1,1,0,0.0000000,0.0000000,0.0000000,0,0,0,0
755575021898833 D 1974,986849339,1000,1553,1553,2.3822722,-0.00270,-1,-1,-1,0,0,0,136,1,1,0,0.0000000,0.0000000,0.0000000,0,0,0,0
755575022954708 D 1975,986850339,1000,1553,1553,2.3822722,-0.00260,-1,-1,-1,0,0,0,136,1,1,0,0.0000000,0.0000000,0.0000000,0,0,0,0
755575023897958 D 1976,986851339,1000,1554,1554,2.3838062,0.05765,-1,-1,-1,0,0,0,136,1,1,0,0.0000000,0.0000000,0.0000000,0,0,0,0
755575025359125 D 1977,986852339,1000,1553,1553,2.3822722,-0.00475,39,128,2089,0,0,0,136,1,1,0,0.0000000,0.0000000,0.0000000,0,0,0,0
755575026006458 D 1978,986853339,1000,1553,1553,2.3822722,-0.00457,-1,-1,-1,0,0,0,136,1,1,0,0.0000000,0.0000000,0.0000000,0,0,0,0
755575026908750 D 1979,986854339,1000,1553,1553,2.3822722,-0.00439,-1,-1,-1,0,0,0,136,1,1,0,0.0000000,0.0000000,0.0000000,0,0,0,0
755575027899750 D 1980,986855339,1000,1553,1553,2.3822722,-0.00422,-1,-1,-1,0,0,0,136,1,1,0,0.0000000,0.0000000,0.0000000,0,0,0,0
755575028898250 D 1981,986856339,1000,1553,1553,2.3822722,-0.00405,-1,-1,-1,0,0,0,136,1,1,0,0.0000000,0.0000000,0.0000000,0,0,0,0
755575029897625 D 1982,986857339,1000,1553,1553,2.3822722,-0.00389,-1,-1,-1,0,0,0,136,1,1,0,0.0000000,0.0000000,0.0000000,0,0,0,0
755575030917250 D 1983,986858339,1000,1553,1553,2.3822722,-0.00374,-1,-1,-1,0,0,0,136,1,1,0,0.0000000,0.0000000,0.0000000,0,0,0,0
755575031900916 D 1984,986859339,1000,1553,1553,2.3822722,-0.00359,-1,-1,-1,0,0,0,136,1,1,0,0.0000000,0.0000000,0.0000000,0,0,0,0
755575032894958 D 1985,986860339,1000,1553,1553,2.3822722,-0.00345,-1,-1,-1,0,0,0,136,1,1,0,0.0000000,0.0000000,0.0000000,0,0,0,0
755575033890791 D 1986,986861339,1000,1553,1553,2.3822722,-0.00332,-1,-1,-1,0,0,0,136,1,1,0,0.0000000,0.0000000,0.0000000,0,0,0,0
755575034889583 D 1987,986862339,1000,1553,1553,2.3822722,-0.00319,-1,-1,-1,0,0,0,136,1,1,0,0.0000000,0.0000000,0.0000000,0,0,0,0
755575035890250 D 1988,986863339,1000,1553,1553,2.3822722,-0.00306,-1,-1,-1,0,0,0,136,1,1,0,0.0000000,0.0000000,0.0000000,0,0,0,0
755575037128375 D 1989,986864339,1000,1553,1553,2.3822722,-0.00294,-1,-1,-1,0,0,0,136,1,1,0,0.0000000,0.0000000,0.0000000,0,0,0,0
755575038106583 D 1990,986865339,1000,1553,1553,2.3822722,-0.00283,-1,-1,-1,0,0,0,136,1,1,0,0.0000000,0.0000000,0.0000000,0,0,0,0
755575039106958 D 1991,986866339,1000,1553,1553,2.3822722,-0.00272,-1,-1,-1,0,0,0,136,1,1,0,0.0000000,0.0000000,0.0000000,0,0,0,0
755575039912875 D 1992,986867339,1000,1553,1553,2.3822722,-0.00261,-1,-1,-1,0,0,0,136,1,1,0,0.0000000,0.0000000,0.0000000,0,0,0,0
755575040928875 D 1993,986868339,1000,1553,1553,2.3822722,-0.00251,-1,-1,-1,0,0,0,136,1,1,0,0.0000000,0.0000000,0.0000000,0,0,0,0
755575041894375 D 1994,986869339,1000,1553,1553,2.3822722,-0.00241,-1,-1,-1,0,0,0,136,1,1,0,0.0000000,0.0000000,0.0000000,0,0,0,0
755575042901333 D 1995,986870339,1000,1553,1553,2.3822722,-0.00231,-1,-1,-1,0,0,0,136,1,1,0,0.0000000,0.0000000,0.0000000,0,0,0,0
755575043966958 D 1996,986871339,1000,1553,1553,2.3822722,-0.00222,-1,-1,-1,0,0,0,136,1,1,0,0.0000000,0.0000000,0.0000000,0,0,0,0
755575044916000 D 1997,986872339,1000,1553,1553,2.3822722,-0.00214,-1,-1,-1,0,0,0,136,1,1,0,0.0000000,0.0000000,0.0000000,0,0,0,0
755575045924916 D 1998,986873339,1000,1553,1553,2.3822722,-0.00205,-1,-1,-1,0,0,0,136,1,1,0,0.0000000,0.0000000,0.0000000,0,0,0,0
755575046910041 D 1999,986874339,1000,1553,1553,2.3822722,-0.00197,-1,-1,-1,0,0,0,136,1,1,0,0.0000000,0.0000000,0.0000000,0,0,0,0
755575047916833 D 2000,986875339,1000,1553,1553,2.3822722,-0.00189,-1,-1,-1,0,0,0,136,1,1,0,0.0000000,0.0000000,0.0000000,0,0,0,0
755575048888291 D 2001,986876339,1000,1553,1553,2.3822722,-0.00182,-1,-1,-1,0,0,0,136,1,1,0,0.0000000,0.0000000,0.0000000,0,0,0,0
755575049915458 D 2002,986877339,1000,1554,1554,2.3838062,0.05840,-1,-1,-1,0,0,0,136,1,1,0,0.0000000,0.0000000,0.0000000,0,0,0,0
755575050892958 D 2003,986878339,1000,1553,1553,2.3822722,-0.00404,-1,-1,-1,0,0,0,136,1,1,0,0.0000000,0.0000000,0.0000000,0,0,0,0
755575051901041 D 2004,986879339,1000,1553,1553,2.3822722,-0.00388,-1,-1,-1,0,0,0,136,1,1,0,0.0000000,0.0000000,0.0000000,0,0,0,0
755575052888208 D 2005,986880339,1000,1553,1553,2.3822722,-0.00373,-1,-1,-1,0,0,0,136,1,1,0,0.0000000,0.0000000,0.0000000,0,0,0,0
755575053893208 D 2006,986881339,1000,1553,1553,2.3822722,-0.00358,-1,-1,-1,0,0,0,136,1,1,0,0.0000000,0.0000000,0.0000000,0,0,0,0
755575054880291 D 2007,986882339,1000,1553,1553,2.3822722,-0.00344,-1,-1,-1,0,0,0,136,1,1,0,0.0000000,0.0000000,0.0000000,0,0,0,0
755575055901583 D 2008,986883339,1000,1553,1553,2.3822722,-0.00331,-1,-1,-1,0,0,0,136,1,1,0,0.0000000,0.0000000,0.0000000,0,0,0,0
755575056986958 D 2009,986884339,1000,1553,1553,2.3822722,-0.00318,-1,-1,-1,0,0,0,136,1,1,0,0.0000000,0.0000000,0.0000000,0,0,0,0
755575057884833 D 2010,986885339,1000,1553,1553,2.3822722,-0.00305,-1,-1,-1,0,0,0,136,1,1,0,0.0000000,0.0000000,0.0000000,0,0,0,0
755575058896416 D 2011,986886339,1000,1553,1553,2.3822722,-0.00293,-1,-1,-1,0,0,0,135,1,1,0,0.0000000,0.0000000,0.0000000,0,0,0,0
755575059886541 D 2012,986887339,1000,1553,1553,2.3822722,-0.00282,-1,-1,-1,0,0,0,136,1,1,0,0.0000000,0.0000000,0.0000000,0,0,0,0
755575060892208 D 2013,986888339,1000,1553,1553,2.3822722,-0.00271,-1,-1,-1,0,0,0,136,1,1,0,0.0000000,0.0000000,0.0000000,0,0,0,0
755575061939333 D 2014,986889339,1000,1553,1553,2.3822722,-0.00260,-1,-1,-1,0,0,0,136,1,1,0,0.0000000,0.0000000,0.0000000,0,0,0,0
755575062919416 D 2015,986890339,1000,1553,1553,2.3822722,-0.00250,-1,-1,-1,0,0,0,136,1,1,0,0.0000000,0.0000000,0.0000000,0,0,0,0
755575063886666 D 2016,986891339,1000,1553,1553,2.3822722,-0.00240,-1,-1,-1,0,0,0,136,1,1,0,0.0000000,0.0000000,0.0000000,0,0,0,0
755575065116541 D 2017,986892339,1000,1553,1553,2.3822722,-0.00231,-1,-1,-1,0,0,0,136,1,1,0,0.0000000,0.0000000,0.0000000,0,0,0,0
755575066109875 D 2018,986893339,1000,1553,1553,2.3822722,-0.00222,-1,-1,-1,0,0,0,136,1,1,0,0.0000000,0.0000000,0.0000000,0,0,0,0
755575067030125 D 2019,986894339,1000,1554,1554,2.3838062,0.05802,-1,-1,-1,0,0,0,136,1,1,0,0.0000000,0.0000000,0.0000000,0,0,0,0
755575067919083 D 2020,986895339,1000,1553,1553,2.3822722,-0.00440,-1,-1,-1,0,0,0,136,1,1,0,0.0000000,0.0000000,0.0000000,0,0,0,0
755575068880833 D 2021,986896339,1000,1553,1553,2.3822722,-0.00423,-1,-1,-1,0,0,0,136,1,1,0,0.0000000,0.0000000,0.0000000,0,0,0,0
755575069913208 D 2022,986897339,1000,1553,1553,2.3822722,-0.00407,-1,-1,-1,0,0,0,136,1,1,0,0.0000000,0.0000000,0.0000000,0,0,0,0
755575070887208 D 2023,986898339,1000,1553,1553,2.3822722,-0.00391,-1,-1,-1,0,0,0,136,1,1,0,0.0000000,0.0000000,0.0000000,0,0,0,0
755575071922500 D 2024,986899339,1000,1553,1553,2.3822722,-0.00375,-1,-1,-1,0,0,0,136,1,1,0,0.0000000,0.0000000,0.0000000,0,0,0,0
755575072945416 D 2025,986900339,1000,1553,1553,2.3822722,-0.00361,-1,-1,-1,0,0,0,136,1,1,0,0.0000000,0.0000000,0.0000000,0,0,0,0
755575073899750 D 2026,986901339,1000,1553,1553,2.3822722,-0.00346,-1,-1,-1,0,0,0,136,1,1,0,0.0000000,0.0000000,0.0000000,0,0,0,0
755575075352333 D 2027,986902339,1000,1553,1553,2.3822722,-0.00333,39,128,2086,0,0,0,136,1,1,0,0.0000000,0.0000000,0.0000000,0,0,0,0
755575075968583 D 2028,986903339,1000,1553,1553,2.3822722,-0.00320,-1,-1,-1,0,0,0,136,1,1,0,0.0000000,0.0000000,0.0000000,0,0,0,0
755575076921583 D 2029,986904339,1000,1553,1553,2.3822722,-0.00307,-1,-1,-1,0,0,0,136,1,1,0,0.0000000,0.0000000,0.0000000,0,0,0,0
755575077906291 D 2030,986905339,1000,1553,1553,2.3822722,-0.00295,-1,-1,-1,0,0,0,136,1,1,0,0.0000000,0.0000000,0.0000000,0,0,0,0
755575078899583 D 2031,986906339,1000,1553,1553,2.3822722,-0.00284,-1,-1,-1,0,0,0,136,1,1,0,0.0000000,0.0000000,0.0000000,0,0,0,0
755575079900875 D 2032,986907339,1000,1553,1553,2.3822722,-0.00273,-1,-1,-1,0,0,0,136,1,1,0,0.0000000,0.0000000,0.0000000,0,0,0,0
755575080893208 D 2033,986908339,1000,1553,1553,2.3822722,-0.00262,-1,-1,-1,0,0,0,136,1,1,0,0.0000000,0.0000000,0.0000000,0,0,0,0
755575081901458 D 2034,986909339,1000,1553,1553,2.3822722,-0.00252,-1,-1,-1,0,0,0,136,1,1,0,0.0000000,0.0000000,0.0000000,0,0,0,0
755575082893750 D 2035,986910339,1000,1553,1553,2.3822722,-0.00242,-1,-1,-1,0,0,0,136,1,1,0,0.0000000,0.0000000,0.0000000,0,0,0,0
755575083895416 D 2036,986911339,1000,1553,1553,2.3822722,-0.00232,-1,-1,-1,0,0,0,136,1,1,0,0.0000000,0.0000000,0.0000000,0,0,0,0
755575084885958 D 2037,986912339,1000,1553,1553,2.3822722,-0.00223,-1,-1,-1,0,0,0,136,1,1,0,0.0000000,0.0000000,0.0000000,0,0,0,0
755575085888666 D 2038,986913339,1000,1553,1553,2.3822722,-0.00214,-1,-1,-1,0,0,0,136,1,1,0,0.0000000,0.0000000,0.0000000,0,0,0,0
755575086900083 D 2039,986914339,1000,1553,1553,2.3822722,-0.00206,-1,-1,-1,0,0,0,136,1,1,0,0.0000000,0.0000000,0.0000000,0,0,0,0
755575087917708 D 2040,986915339,1000,1553,1553,2.3822722,-0.00198,-1,-1,-1,0,0,0,136,1,1,0,0.0000000,0.0000000,0.0000000,0,0,0,0
755575088895958 D 2041,986916339,1000,1553,1553,2.3822722,-0.00190,-1,-1,-1,0,0,0,136,1,1,0,0.0000000,0.0000000,0.0000000,0,0,0,0
755575089900041 D 2042,986917339,1000,1553,1553,2.3822722,-0.00183,-1,-1,-1,0,0,0,136,1,1,0,0.0000000,0.0000000,0.0000000,0,0,0,0
755575090883083 D 2043,986918339,1000,1553,1553,2.3822722,-0.00176,-1,-1,-1,0,0,0,136,1,1,0,0.0000000,0.0000000,0.0000000,0,0,0,0
755575092108916 D 2044,986919339,1000,1553,1553,2.3822722,-0.00169,-1,-1,-1,0,0,0,136,1,1,0,0.0000000,0.0000000,0.0000000,0,0,0,0
755575093138750 D 2045,986920339,1000,1553,1553,2.3822722,-0.00162,-1,-1,-1,0,0,0,136,1,1,0,0.0000000,0.0000000,0.0000000,0,0,0,0
755575094169875 D 2046,986921339,1000,1553,1553,2.3822722,-0.00156,-1,-1,-1,0,0,0,136,1,1,0,0.0000000,0.0000000,0.0000000,0,0,0,0
755575095062708 D 2047,986922339,1000,1553,1553,2.3822722,-0.00150,-1,-1,-1,0,0,0,136,1,1,0,0.0000000,0.0000000,0.0000000,0,0,0,0
755575095973291 D 2048,986923339,1000,1553,1553,2.3822722,-0.00144,-1,-1,-1,0,0,0,136,1,1,0,0.0000000,0.0000000,0.0000000,0,0,0,0
755575096942125 D 2049,986924339,1000,1553,1553,2.3822722,-0.00138,-1,-1,-1,0,0,0,136,1,1,0,0.0000000,0.0000000,0.0000000,0,0,0,0
755575097988750 D 2050,986925339,1000,1553,1553,2.3822722,-0.00133,-1,-1,-1,0,0,0,136,1,1,0,0.0000000,0.0000000,0.0000000,0,0,0,0
755575098954083 D 2051,986926339,1000,1553,1553,2.3822722,-0.00127,-1,-1,-1,0,0,0,136,1,1,0,0.0000000,0.0000000,0.0000000,0,0,0,0
755575099945291 D 2052,986927339,1000,1553,1553,2.3822722,-0.00122,-1,-1,-1,0,0,0,136,1,1,0,0.0000000,0.0000000,0.0000000,0,0,0,0
755575100905125 D 2053,986928339,1000,1553,1553,2.3822722,-0.00118,-1,-1,-1,0,0,0,136,1,1,0,0.0000000,0.0000000,0.0000000,0,0,0,0
755575101902833 D 2054,986929339,1000,1553,1553,2.3822722,-0.00113,-1,-1,-1,0,0,0,136,1,1,0,0.0000000,0.0000000,0.0000000,0,0,0,0
755575102896916 D 2055,986930339,1000,1553,1553,2.3822722,-0.00109,-1,-1,-1,0,0,0,136,1,1,0,0.0000000,0.0000000,0.0000000,0,0,0,0
755575103929750 D 2056,986931339,1000,1553,1553,2.3822722,-0.00104,-1,-1,-1,0,0,0,136,1,1,0,0.0000000,0.0000000,0.0000000,0,0,0,0
755575104901625 D 2057,986932339,1000,1553,1553,2.3822722,-0.00100,-1,-1,-1,0,0,0,136,1,1,0,0.0000000,0.0000000,0.0000000,0,0,0,0
755575105887541 D 2058,986933339,1000,1553,1553,2.3822722,-0.00096,-1,-1,-1,0,0,0,136,1,1,0,0.0000000,0.0000000,0.0000000,0,0,0,0
755575106949541 D 2059,986934339,1000,1553,1553,2.3822722,-0.00093,-1,-1,-1,0,0,0,136,1,1,0,0.0000000,0.0000000,0.0000000,0,0,0,0
755575107938291 D 2060,986935339,1000,1554,1554,2.3838062,0.05926,-1,-1,-1,0,0,0,136,1,1,0,0.0000000,0.0000000,0.0000000,0,0,0,0
755575108896166 D 2061,986936339,1000,1553,1553,2.3822722,-0.00321,-1,-1,-1,0,0,0,136,1,1,0,0.0000000,0.0000000,0.0000000,0,0,0,0
755575109913791 D 2062,986937339,1000,1553,1553,2.3822722,-0.00309,-1,-1,-1,0,0,0,136,1,1,0,0.0000000,0.0000000,0.0000000,0,0,0,0
755575110881000 D 2063,986938339,1000,1553,1553,2.3822722,-0.00297,-1,-1,-1,0,0,0,136,1,1,0,0.0000000,0.0000000,0.0000000,0,0,0,0
755575111910750 D 2064,986939339,1000,1553,1553,2.3822722,-0.00285,-1,-1,-1,0,0,0,136,1,1,0,0.0000000,0.0000000,0.0000000,0,0,0,0
755575112889291 D 2065,986940339,1000,1553,1553,2.3822722,-0.00274,-1,-1,-1,0,0,0,136,1,1,0,0.0000000,0.0000000,0.0000000,0,0,0,0
755575113902625 D 2066,986941339,1000,1553,1553,2.3822722,-0.00263,-1,-1,-1,0,0,0,136,1,1,0,0.0000000,0.0000000,0.0000000,0,0,0,0
755575114888458 D 2067,986942339,1000,1553,1553,2.3822722,-0.00253,-1,-1,-1,0,0,0,136,1,1,0,0.0000000,0.0000000,0.0000000,0,0,0,0
755575115887791 D 2068,986943339,1000,1553,1553,2.3822722,-0.00243,-1,-1,-1,0,0,0,136,1,1,0,0.0000000,0.0000000,0.0000000,0,0,0,0
755575116892333 D 2069,986944339,1000,1553,1553,2.3822722,-0.00233,-1,-1,-1,0,0,0,136,1,1,0,0.0000000,0.0000000,0.0000000,0,0,0,0
755575117888833 D 2070,986945339,1000,1553,1553,2.3822722,-0.00224,-1,-1,-1,0,0,0,136,1,1,0,0.0000000,0.0000000,0.0000000,0,0,0,0
755575118938791 D 2071,986946339,1000,1553,1553,2.3822722,-0.00215,-1,-1,-1,0,0,0,136,1,1,0,0.0000000,0.0000000,0.0000000,0,0,0,0
755575120129583 D 2072,986947339,1000,1553,1553,2.3822722,-0.00207,-1,-1,-1,0,0,0,136,1,1,0,0.0000000,0.0000000,0.0000000,0,0,0,0
755575121105500 D 2073,986948339,1000,1553,1553,2.3822722,-0.00199,-1,-1,-1,0,0,0,136,1,1,0,0.0000000,0.0000000,0.0000000,0,0,0,0
755575122123000 D 2074,986949339,1000,1553,1553,2.3822722,-0.00191,-1,-1,-1,0,0,0,136,1,1,0,0.0000000,0.0000000,0.0000000,0,0,0,0
755575122883791 D 2075,986950339,1000,1553,1553,2.3822722,-0.00184,-1,-1,-1,0,0,0,136,1,1,0,0.0000000,0.0000000,0.0000000,0,0,0,0
755575123889541 D 2076,986951339,1000,1553,1553,2.3822722,-0.00176,-1,-1,-1,0,0,0,136,1,1,0,0.0000000,0.0000000,0.0000000,0,0,0,0
755575125351916 D 2077,986952339,1000,1553,1553,2.3822722,-0.00169,39,128,2087,0,0,0,136,1,1,0,0.0000000,0.0000000,0.0000000,0,0,0,0
755575125995333 D 2078,986953339,1000,1553,1553,2.3822722,-0.00163,-1,-1,-1,0,0,0,136,1,1,0,0.0000000,0.0000000,0.0000000,0,0,0,0
755575126982541 D 2079,986954339,1000,1553,1553,2.3822722,-0.00156,-1,-1,-1,0,0,0,136,1,1,0,0.0000000,0.0000000,0.0000000,0,0,0,0
755575127951166 D 2080,986955339,1000,1553,1553,2.3822722,-0.00150,-1,-1,-1,0,0,0,136,1,1,0,0.0000000,0.0000000,0.0000000,0,0,0,0
755575128897750 D 2081,986956339,1000,1553,1553,2.3822722,-0.00144,-1,-1,-1,0,0,0,136,1,1,0,0.0000000,0.0000000,0.0000000,0,0,0,0
755575129887250 D 2082,986957339,1000,1553,1553,2.3822722,-0.00139,-1,-1,-1,0,0,0,136,1,1,0,0.0000000,0.0000000,0.0000000,0,0,0,0
755575130891291 D 2083,986958339,1000,1553,1553,2.3822722,-0.00133,-1,-1,-1,0,0,0,136,1,1,0,0.0000000,0.0000000,0.0000000,0,0,0,0
755575131879208 D 2084,986959339,1000,1553,1553,2.3822722,-0.00128,-1,-1,-1,0,0,0,136,1,1,0,0.0000000,0.0000000,0.0000000,0,0,0,0
755575132908000 D 2085,986960339,1000,1553,1553,2.3822722,-0.00123,-1,-1,-1,0,0,0,136,1,1,0,0.0000000,0.0000000,0.0000000,0,0,0,0
755575133915250 D 2086,986961339,1000,1553,1553,2.3822722,-0.00118,-1,-1,-1,0,0,0,136,1,1,0,0.0000000,0.0000000,0.0000000,0,0,0,0
755575134897875 D 2087,986962339,1000,1554,1554,2.3838062,0.05901,-1,-1,-1,0,0,0,136,1,1,0,0.0000000,0.0000000,0.0000000,0,0,0,0
755575135936666 D 2088,986963339,1000,1553,1553,2.3822722,-0.00345,-1,-1,-1,0,0,0,136,1,1,0,0.0000000,0.0000000,0.0000000,0,0,0,0
755575136904708 D 2089,986964339,1000,1553,1553,2.3822722,-0.00331,-1,-1,-1,0,0,0,136,1,1,0,0.0000000,0.0000000,0.0000000,0,0,0,0
755575138100333 D 2090,986965339,1000,1553,1553,2.3822722,-0.00318,-1,-1,-1,0,0,0,136,1,1,0,0.0000000,0.0000000,0.0000000,0,0,0,0
755575139103500 D 2091,986966339,1000,1553,1553,2.3822722,-0.00306,-1,-1,-1,0,0,0,136,1,1,0,0.0000000,0.0000000,0.0000000,0,0,0,0
755575140060375 D 2092,986967339,1000,1553,1553,2.3822722,-0.00294,-1,-1,-1,0,0,0,136,1,1,0,0.0000000,0.0000000,0.0000000,0,0,0,0
755575140897000 D 2093,986968339,1000,1553,1553,2.3822722,-0.00282,-1,-1,-1,0,0,0,136,1,1,0,0.0000000,0.0000000,0.0000000,0,0,0,0
755575141918750 D 2094,986969339,1000,1553,1553,2.3822722,-0.00271,-1,-1,-1,0,0,0,136,1,1,0,0.0000000,0.0000000,0.0000000,0,0,0,0
755575142924000 D 2095,986970339,1000,1553,1553,2.3822722,-0.00261,-1,-1,-1,0,0,0,136,1,1,0,0.0000000,0.0000000,0.0000000,0,0,0,0
755575143897250 D 2096,986971339,1000,1553,1553,2.3822722,-0.00250,-1,-1,-1,0,0,0,136,1,1,0,0.0000000,0.0000000,0.0000000,0,0,0,0
755575144883500 D 2097,986972339,1000,1553,1553,2.3822722,-0.00241,-1,-1,-1,0,0,0,136,1,1,0,0.0000000,0.0000000,0.0000000,0,0,0,0
755575145879291 D 2098,986973339,1000,1554,1554,2.3838062,0.05784,-1,-1,-1,0,0,0,136,1,1,0,0.0000000,0.0000000,0.0000000,0,0,0,0
755575146901833 D 2099,986974339,1000,1553,1553,2.3822722,-0.00458,-1,-1,-1,0,0,0,136,1,1,0,0.0000000,0.0000000,0.0000000,0,0,0,0
755575147898833 D 2100,986975339,1000,1553,1553,2.3822722,-0.00440,-1,-1,-1,0,0,0,136,1,1,0,0.0000000,0.0000000,0.0000000,0,0,0,0
755575148896875 D 2101,986976339,1000,1553,1553,2.3822722,-0.00423,-1,-1,-1,0,0,0,136,1,1,0,0.0000000,0.0000000,0.0000000,0,0,0,0
755575149894625 D 2102,986977339,1000,1553,1553,2.3822722,-0.00406,-1,-1,-1,0,0,0,136,1,1,0,0.0000000,0.0000000,0.0000000,0,0,0,0
755575150918875 D 2103,986978339,1000,1553,1553,2.3822722,-0.00390,-1,-1,-1,0,0,0,136,1,1,0,0.0000000,0.0000000,0.0000000,0,0,0,0
755575151898458 D 2104,986979339,1000,1553,1553,2.3822722,-0.00375,-1,-1,-1,0,0,0,136,1,1,0,0.0000000,0.0000000,0.0000000,0,0,0,0
755575152894791 D 2105,986980339,1000,1553,1553,2.3822722,-0.00360,-1,-1,-1,0,0,0,136,1,1,0,0.0000000,0.0000000,0.0000000,0,0,0,0
755575153875458 D 2106,986981339,1000,1553,1553,2.3822722,-0.00346,-1,-1,-1,0,0,0,136,1,1,0,0.0000000,0.0000000,0.0000000,0,0,0,0
755575154891125 D 2107,986982339,1000,1553,1553,2.3822722,-0.00333,-1,-1,-1,0,0,0,136,1,1,0,0.0000000,0.0000000,0.0000000,0,0,0,0
755575155892333 D 2108,986983339,1000,1553,1553,2.3822722,-0.00320,-1,-1,-1,0,0,0,136,1,1,0,0.0000000,0.0000000,0.0000000,0,0,0,0
755575156881750 D 2109,986984339,1000,1553,1553,2.3822722,-0.00307,-1,-1,-1,0,0,0,136,1,1,0,0.0000000,0.0000000,0.0000000,0,0,0,0
755575157892583 D 2110,986985339,1000,1553,1553,2.3822722,-0.00295,-1,-1,-1,0,0,0,136,1,1,0,0.0000000,0.0000000,0.0000000,0,0,0,0
755575158882625 D 2111,986986339,1000,1553,1553,2.3822722,-0.00283,-1,-1,-1,0,0,0,136,1,1,0,0.0000000,0.0000000,0.0000000,0,0,0,0
755575159888291 D 2112,986987339,1000,1553,1553,2.3822722,-0.00272,-1,-1,-1,0,0,0,136,1,1,0,0.0000000,0.0000000,0.0000000,0,0,0,0
755575160891916 D 2113,986988339,1000,1553,1553,2.3822722,-0.00262,-1,-1,-1,0,0,0,136,1,1,0,0.0000000,0.0000000,0.0000000,0,0,0,0
755575161886416 D 2114,986989339,1000,1553,1553,2.3822722,-0.00251,-1,-1,-1,0,0,0,136,1,1,0,0.0000000,0.0000000,0.0000000,0,0,0,0
755575162907208 D 2115,986990339,1000,1553,1553,2.3822722,-0.00242,-1,-1,-1,0,0,0,136,1,1,0,0.0000000,0.0000000,0.0000000,0,0,0,0
755575163886625 D 2116,986991339,1000,1553,1553,2.3822722,-0.00232,-1,-1,-1,0,0,0,135,1,1,0,0.0000000,0.0000000,0.0000000,0,0,0,0
755575164874333 D 2117,986992339,1000,1553,1553,2.3822722,-0.00223,-1,-1,-1,0,0,0,136,1,1,0,0.0000000,0.0000000,0.0000000,0,0,0,0
755575165892750 D 2118,986993339,1000,1553,1553,2.3822722,-0.00214,-1,-1,-1,0,0,0,136,1,1,0,0.0000000,0.0000000,0.0000000,0,0,0,0
755575167113958 D 2119,986994339,1000,1553,1553,2.3822722,-0.00206,-1,-1,-1,0,0,0,136,1,1,0,0.0000000,0.0000000,0.0000000,0,0,0,0
755575168114916 D 2120,986995339,1000,1553,1553,2.3822722,-0.00198,-1,-1,-1,0,0,0,136,1,1,0,0.0000000,0.0000000,0.0000000,0,0,0,0
755575169091750 D 2121,986996339,1000,1554,1554,2.3838062,0.05825,-1,-1,-1,0,0,0,136,1,1,0,0.0000000,0.0000000,0.0000000,0,0,0,0
755575169961875 D 2122,986997339,1000,1553,1553,2.3822722,-0.00418,-1,-1,-1,0,0,0,136,1,1,0,0.0000000,0.0000000,0.0000000,0,0,0,0
755575170906000 D 2123,986998339,1000,1553,1553,2.3822722,-0.00402,-1,-1,-1,0,0,0,136,1,1,0,0.0000000,0.0000000,0.0000000,0,0,0,0
755575171899166 D 2124,986999339,1000,1553,1553,2.3822722,-0.00386,-1,-1,-1,0,0,0,136,1,1,0,0.0000000,0.0000000,0.0000000,0,0,0,0
755575172905416 D 2125,987000339,1000,1553,1553,2.3822722,-0.00371,-1,-1,-1,0,0,0,136,1,1,0,0.0000000,0.0000000,0.0000000,0,0,0,0
755575173931333 D 2126,987001339,1000,1553,1553,2.3822722,-0.00357,-1,-1,-1,0,0,0,136,1,1,0,0.0000000,0.0000000,0.0000000,0,0,0,0
755575175308000 D 2127,987002339,1000,1553,1553,2.3822722,-0.00343,39,128,2087,0,0,0,136,1,1,0,0.0000000,0.0000000,0.0000000,0,0,0,0
755575175925000 D 2128,987003339,1000,1553,1553,2.3822722,-0.00329,-1,-1,-1,0,0,0,136,1,1,0,0.0000000,0.0000000,0.0000000,0,0,0,0
755575177117791 D 2129,987004339,1000,1553,1553,2.3822722,-0.00316,-1,-1,-1,0,0,0,136,1,1,0,0.0000000,0.0000000,0.0000000,0,0,0,0
755575178117458 D 2130,987005339,1000,1553,1553,2.3822722,-0.00304,-1,-1,-1,0,0,0,136,1,1,0,0.0000000,0.0000000,0.0000000,0,0,0,0
755575179107500 D 2131,987006339,1000,1553,1553,2.3822722,-0.00292,-1,-1,-1,0,0,0,136,1,1,0,0.0000000,0.0000000,0.0000000,0,0,0,0
755575179949833 D 2132,987007339,1000,1553,1553,2.3822722,-0.00280,-1,-1,-1,0,0,0,136,1,1,0,0.0000000,0.0000000,0.0000000,0,0,0,0
755575180893083 D 2133,987008339,1000,1553,1553,2.3822722,-0.00269,-1,-1,-1,0,0,0,136,1,1,0,0.0000000,0.0000000,0.0000000,0,0,0,0
755575181933916 D 2134,987009339,1000,1553,1553,2.3822722,-0.00259,-1,-1,-1,0,0,0,136,1,1,0,0.0000000,0.0000000,0.0000000,0,0,0,0
755575182925250 D 2135,987010339,1000,1553,1553,2.3822722,-0.00249,-1,-1,-1,0,0,0,136,1,1,0,0.0000000,0.0000000,0.0000000,0,0,0,0
755575183899416 D 2136,987011339,1000,1553,1553,2.3822722,-0.00239,-1,-1,-1,0,0,0,136,1,1,0,0.0000000,0.0000000,0.0000000,0,0,0,0
755575184891916 D 2137,987012339,1000,1553,1553,2.3822722,-0.00230,-1,-1,-1,0,0,0,136,1,1,0,0.0000000,0.0000000,0.0000000,0,0,0,0
755575185891416 D 2138,987013339,1000,1553,1553,2.3822722,-0.00221,-1,-1,-1,0,0,0,136,1,1,0,0.0000000,0.0000000,0.0000000,0,0,0,0
755575186881541 D 2139,987014339,1000,1553,1553,2.3822722,-0.00212,-1,-1,-1,0,0,0,136,1,1,0,0.0000000,0.0000000,0.0000000,0,0,0,0
755575187877291 D 2140,987015339,1000,1553,1553,2.3822722,-0.00204,-1,-1,-1,0,0,0,136,1,1,0,0.0000000,0.0000000,0.0000000,0,0,0,0
755575188888791 D 2141,987016339,1000,1553,1553,2.3822722,-0.00196,-1,-1,-1,0,0,0,136,1,1,0,0.0000000,0.0000000,0.0000000,0,0,0,0
755575189872041 D 2142,987017339,1000,1553,1553,2.3822722,-0.00188,-1,-1,-1,0,0,0,136,1,1,0,0.0000000,0.0000000,0.0000000,0,0,0,0
755575190881250 D 2143,987018339,1000,1553,1553,2.3822722,-0.00181,-1,-1,-1,0,0,0,136,1,1,0,0.0000000,0.0000000,0.0000000,0,0,0,0
755575191872666 D 2144,987019339,1000,1553,1553,2.3822722,-0.00174,-1,-1,-1,0,0,0,136,1,1,0,0.0000000,0.0000000,0.0000000,0,0,0,0
755575192887208 D 2145,987020339,1000,1553,1553,2.3822722,-0.00167,-1,-1,-1,0,0,0,136,1,1,0,0.0000000,0.0000000,0.0000000,0,0,0,0
755575193878625 D 2146,987021339,1000,1553,1553,2.3822722,-0.00160,-1,-1,-1,0,0,0,136,1,1,0,0.0000000,0.0000000,0.0000000,0,0,0,0
755575194927250 D 2147,987022339,1000,1553,1553,2.3822722,-0.00154,-1,-1,-1,0,0,0,136,1,1,0,0.0000000,0.0000000,0.0000000,0,0,0,0
755575196043916 D 2148,987023339,1000,1553,1553,2.3822722,-0.00148,-1,-1,-1,0,0,0,136,1,1,0,0.0000000,0.0000000,0.0000000,0,0,0,0
755575196994291 D 2149,987024339,1000,1554,1554,2.3838062,0.05873,-1,-1,-1,0,0,0,136,1,1,0,0.0000000,0.0000000,0.0000000,0,0,0,0
755575197937583 D 2150,987025339,1000,1553,1553,2.3822722,-0.00372,-1,-1,-1,0,0,0,136,1,1,0,0.0000000,0.0000000,0.0000000,0,0,0,0
755575198918916 D 2151,987026339,1000,1553,1553,2.3822722,-0.00358,-1,-1,-1,0,0,0,136,1,1,0,0.0000000,0.0000000,0.0000000,0,0,0,0
755575199901541 D 2152,987027339,1000,1553,1553,2.3822722,-0.00344,-1,-1,-1,0,0,0,136,1,1,0,0.0000000,0.0000000,0.0000000,0,0,0,0
755575200920875 D 2153,987028339,1000,1553,1553,2.3822722,-0.00330,-1,-1,-1,0,0,0,136,1,1,0,0.0000000,0.0000000,0.0000000,0,0,0,0
755575201932000 D 2154,987029339,1000,1553,1553,2.3822722,-0.00317,-1,-1,-1,0,0,0,136,1,1,0,0.0000000,0.0000000,0.0000000,0,0,0,0
755575202906250 D 2155,987030339,1000,1553,1553,2.3822722,-0.00305,-1,-1,-1,0,0,0,136,1,1,0,0.0000000,0.0000000,0.0000000,0,0,0,0
755575203884041 D 2156,987031339,1000,1553,1553,2.3822722,-0.00293,-1,-1,-1,0,0,0,136,1,1,0,0.0000000,0.0000000,0.0000000,0,0,0,0
755575204896041 D 2157,987032339,1000,1553,1553,2.3822722,-0.00281,-1,-1,-1,0,0,0,136,1,1,0,0.0000000,0.0000000,0.0000000,0,0,0,0
755575205907833 D 2158,987033339,1000,1553,1553,2.3822722,-0.00270,-1,-1,-1,0,0,0,136,1,1,0,0.0000000,0.0000000,0.0000000,0,0,0,0
755575206912541 D 2159,987034339,1000,1553,1553,2.3822722,-0.00260,-1,-1,-1,0,0,0,136,1,1,0,0.0000000,0.0000000,0.0000000,0,0,0,0
755575207894166 D 2160,987035339,1000,1553,1553,2.3822722,-0.00250,-1,-1,-1,0,0,0,136,1,1,0,0.0000000,0.0000000,0.0000000,0,0,0,0
755575209206541 D 2161,987036339,1000,1553,1553,2.3822722,-0.00240,-1,-1,-1,0,0,0,136,1,1,0,0.0000000,0.0000000,0.0000000,0,0,0,0
755575210107958 D 2162,987037339,1000,1553,1553,2.3822722,-0.00230,-1,-1,-1,0,0,0,136,1,1,0,0.0000000,0.0000000,0.0000000,0,0,0,0
755575211123458 D 2163,987038339,1000,1553,1553,2.3822722,-0.00221,-1,-1,-1,0,0,0,136,1,1,0,0.0000000,0.0000000,0.0000000,0,0,0,0
755575211896416 D 2164,987039339,1000,1553,1553,2.3822722,-0.00213,-1,-1,-1,0,0,0,136,1,1,0,0.0000000,0.0000000,0.0000000,0,0,0,0
755575212905500 D 2165,987040339,1000,1553,1553,2.3822722,-0.00204,-1,-1,-1,0,0,0,136,1,1,0,0.0000000,0.0000000,0.0000000,0,0,0,0
755575213943166 D 2166,987041339,1000,1553,1553,2.3822722,-0.00196,-1,-1,-1,0,0,0,136,1,1,0,0.0000000,0.0000000,0.0000000,0,0,0,0
755575214903500 D 2167,987042339,1000,1553,1553,2.3822722,-0.00189,-1,-1,-1,0,0,0,136,1,1,0,0.0000000,0.0000000,0.0000000,0,0,0,0
755575215903166 D 2168,987043339,1000,1553,1553,2.3822722,-0.00181,-1,-1,-1,0,0,0,136,1,1,0,0.0000000,0.0000000,0.0000000,0,0,0,0
755575216902375 D 2169,987044339,1000,1553,1553,2.3822722,-0.00174,-1,-1,-1,0,0,0,136,1,1,0,0.0000000,0.0000000,0.0000000,0,0,0,0
755575217887750 D 2170,987045339,1000,1554,1554,2.3838062,0.05848,-1,-1,-1,0,0,0,136,1,1,0,0.0000000,0.0000000,0.0000000,0,0,0,0
755575218895708 D 2171,987046339,1000,1553,1553,2.3822722,-0.00397,-1,-1,-1,0,0,0,136,1,1,0,0.0000000,0.0000000,0.0000000,0,0,0,0
755575219919333 D 2172,987047339,1000,1553,1553,2.3822722,-0.00381,-1,-1,-1,0,0,0,136,1,1,0,0.0000000,0.0000000,0.0000000,0,0,0,0
755575220890791 D 2173,987048339,1000,1553,1553,2.3822722,-0.00366,-1,-1,-1,0,0,0,136,1,1,0,0.0000000,0.0000000,0.0000000,0,0,0,0
755575221894500 D 2174,987049339,1000,1553,1553,2.3822722,-0.00352,-1,-1,-1,0,0,0,136,1,1,0,0.0000000,0.0000000,0.0000000,0,0,0,0
755575222892083 D 2175,987050339,1000,1553,1553,2.3822722,-0.00338,-1,-1,-1,0,0,0,136,1,1,0,0.0000000,0.0000000,0.0000000,0,0,0,0
755575223896916 D 2176,987051339,1000,1553,1553,2.3822722,-0.00325,-1,-1,-1,0,0,0,136,1,1,0,0.0000000,0.0000000,0.0000000,0,0,0,0
755575225325291 D 2177,987052339,1000,1553,1553,2.3822722,-0.00312,39,128,2087,0,0,0,136,1,1,0,0.0000000,0.0000000,0.0000000,0,0,0,0
755575225934125 D 2178,987053339,1000,1553,1553,2.3822722,-0.00300,-1,-1,-1,0,0,0,136,1,1,0,0.0000000,0.0000000,0.0000000,0,0,0,0
755575226888541 D 2179,987054339,1000,1553,1553,2.3822722,-0.00288,-1,-1,-1,0,0,0,136,1,1,0,0.0000000,0.0000000,0.0000000,0,0,0,0
755575227889000 D 2180,987055339,1000,1553,1553,2.3822722,-0.00277,-1,-1,-1,0,0,0,136,1,1,0,0.0000000,0.0000000,0.0000000,0,0,0,0
755575228969083 D 2181,987056339,1000,1553,1553,2.3822722,-0.00266,-1,-1,-1,0,0,0,136,1,1,0,0.0000000,0.0000000,0.0000000,0,0,0,0
755575229951500 D 2182,987057339,1000,1553,1553,2.3822722,-0.00255,-1,-1,-1,0,0,0,136,1,1,0,0.0000000,0.0000000,0.0000000,0,0,0,0
755575230905375 D 2183,987058339,1000,1553,1553,2.3822722,-0.00245,-1,-1,-1,0,0,0,136,1,1,0,0.0000000,0.0000000,0.0000000,0,0,0,0
755575231888250 D 2184,987059339,1000,1553,1553,2.3822722,-0.00236,-1,-1,-1,0,0,0,136,1,1,0,0.0000000,0.0000000,0.0000000,0,0,0,0
755575232898583 D 2185,987060339,1000,1553,1553,2.3822722,-0.00227,-1,-1,-1,0,0,0,136,1,1,0,0.0000000,0.0000000,0.0000000,0,0,0,0
755575233912291 D 2186,987061339,1000,1553,1553,2.3822722,-0.00218,-1,-1,-1,0,0,0,136,1,1,0,0.0000000,0.0000000,0.0000000,0,0,0,0
755575235125208 D 2187,987062339,1000,1553,1553,2.3822722,-0.00209,-1,-1,-1,0,0,0,136,1,1,0,0.0000000,0.0000000,0.0000000,0,0,0,0
755575236096208 D 2188,987063339,1000,1553,1553,2.3822722,-0.00201,-1,-1,-1,0,0,0,136,1,1,0,0.0000000,0.0000000,0.0000000,0,0,0,0
755575237019250 D 2189,987064339,1000,1553,1553,2.3822722,-0.00193,-1,-1,-1,0,0,0,136,1,1,0,0.0000000,0.0000000,0.0000000,0,0,0,0
755575237903750 D 2190,987065339,1000,1553,1553,2.3822722,-0.00185,-1,-1,-1,0,0,0,136,1,1,0,0.0000000,0.0000000,0.0000000,0,0,0,0
755575238934500 D 2191,987066339,1000,1553,1553,2.3822722,-0.00178,-1,-1,-1,0,0,0,136,1,1,0,0.0000000,0.0000000,0.0000000,0,0,0,0
755575239926583 D 2192,987067339,1000,1553,1553,2.3822722,-0.00171,-1,-1,-1,0,0,0,136,1,1,0,0.0000000,0.0000000,0.0000000,0,0,0,0
755575240902458 D 2193,987068339,1000,1553,1553,2.3822722,-0.00164,-1,-1,-1,0,0,0,136,1,1,0,0.0000000,0.0000000,0.0000000,0,0,0,0
755575241894583 D 2194,987069339,1000,1553,1553,2.3822722,-0.00158,-1,-1,-1,0,0,0,136,1,1,0,0.0000000,0.0000000,0.0000000,0,0,0,0
755575242891750 D 2195,987070339,1000,1553,1553,2.3822722,-0.00152,-1,-1,-1,0,0,0,136,1,1,0,0.0000000,0.0000000,0.0000000,0,0,0,0
755575243905208 D 2196,987071339,1000,1553,1553,2.3822722,-0.00146,-1,-1,-1,0,0,0,136,1,1,0,0.0000000,0.0000000,0.0000000,0,0,0,0
755575244919750 D 2197,987072339,1000,1553,1553,2.3822722,-0.00140,-1,-1,-1,0,0,0,136,1,1,0,0.0000000,0.0000000,0.0000000,0,0,0,0
755575245900583 D 2198,987073339,1000,1553,1553,2.3822722,-0.00135,-1,-1,-1,0,0,0,136,1,1,0,0.0000000,0.0000000,0.0000000,0,0,0,0
755575246891708 D 2199,987074339,1000,1553,1553,2.3822722,-0.00129,-1,-1,-1,0,0,0,136,1,1,0,0.0000000,0.0000000,0.0000000,0,0,0,0
755575247883750 D 2200,987075339,1000,1553,1553,2.3822722,-0.00124,-1,-1,-1,0,0,0,136,1,1,0,0.0000000,0.0000000,0.0000000,0,0,0,0
755575248884541 D 2201,987076339,1000,1553,1553,2.3822722,-0.00119,-1,-1,-1,0,0,0,136,1,1,0,0.0000000,0.0000000,0.0000000,0,0,0,0
755575249889291 D 2202,987077339,1000,1553,1553,2.3822722,-0.00115,-1,-1,-1,0,0,0,136,1,1,0,0.0000000,0.0000000,0.0000000,0,0,0,0
755575250878250 D 2203,987078339,1000,1554,1554,2.3838062,0.05905,-1,-1,-1,0,0,0,136,1,1,0,0.0000000,0.0000000,0.0000000,0,0,0,0
755575251904625 D 2204,987079339,1000,1553,1553,2.3822722,-0.00342,-1,-1,-1,0,0,0,136,1,1,0,0.0000000,0.0000000,0.0000000,0,0,0,0
755575252882000 D 2205,987080339,1000,1553,1553,2.3822722,-0.00328,-1,-1,-1,0,0,0,136,1,1,0,0.0000000,0.0000000,0.0000000,0,0,0,0
755575253896125 D 2206,987081339,1000,1553,1553,2.3822722,-0.00316,-1,-1,-1,0,0,0,136,1,1,0,0.0000000,0.0000000,0.0000000,0,0,0,0
755575254877791 D 2207,987082339,1000,1553,1553,2.3822722,-0.00303,-1,-1,-1,0,0,0,136,1,1,0,0.0000000,0.0000000,0.0000000,0,0,0,0
755575255887458 D 2208,987083339,1000,1553,1553,2.3822722,-0.00291,-1,-1,-1,0,0,0,136,1,1,0,0.0000000,0.0000000,0.0000000,0,0,0,0
755575256889708 D 2209,987084339,1000,1553,1553,2.3822722,-0.00280,-1,-1,-1,0,0,0,136,1,1,0,0.0000000,0.0000000,0.0000000,0,0,0,0
755575257874250 D 2210,987085339,1000,1553,1553,2.3822722,-0.00269,-1,-1,-1,0,0,0,136,1,1,0,0.0000000,0.0000000,0.0000000,0,0,0,0
755575258886958 D 2211,987086339,1000,1553,1553,2.3822722,-0.00258,-1,-1,-1,0,0,0,136,1,1,0,0.0000000,0.0000000,0.0000000,0,0,0,0
755575259883375 D 2212,987087340,1001,1553,1553,2.3822722,-0.00248,-1,-1,-1,0,0,0,136,1,1,0,0.0000000,0.0000000,0.0000000,0,0,0,0
755575260911416 D 2213,987088339,999,1553,1553,2.3822722,-0.00238,-1,-1,-1,0,0,0,136,1,1,0,0.0000000,0.0000000,0.0000000,0,0,0,0
755575261899583 D 2214,987089339,1000,1553,1553,2.3822722,-0.00229,-1,-1,-1,0,0,0,136,1,1,0,0.0000000,0.0000000,0.0000000,0,0,0,0
755575262885875 D 2215,987090339,1000,1553,1553,2.3822722,-0.00220,-1,-1,-1,0,0,0,136,1,1,0,0.0000000,0.0000000,0.0000000,0,0,0,0
755575264107458 D 2216,987091339,1000,1553,1553,2.3822722,-0.00211,-1,-1,-1,0,0,0,136,1,1,0,0.0000000,0.0000000,0.0000000,0,0,0,0
755575265091166 D 2217,987092339,1000,1553,1553,2.3822722,-0.00203,-1,-1,-1,0,0,0,136,1,1,0,0.0000000,0.0000000,0.0000000,0,0,0,0
755575266097250 D 2218,987093339,1000,1553,1553,2.3822722,-0.00195,-1,-1,-1,0,0,0,136,1,1,0,0.0000000,0.0000000,0.0000000,0,0,0,0
755575266917125 D 2219,987094339,1000,1553,1553,2.3822722,-0.00188,-1,-1,-1,0,0,0,136,1,1,0,0.0000000,0.0000000,0.0000000,0,0,0,0
755575267917208 D 2220,987095339,1000,1553,1553,2.3822722,-0.00180,-1,-1,-1,0,0,0,136,1,1,0,0.0000000,0.0000000,0.0000000,0,0,0,0
755575268905000 D 2221,987096339,1000,1553,1553,2.3822722,-0.00173,-1,-1,-1,0,0,0,136,1,1,0,0.0000000,0.0000000,0.0000000,0,0,0,0
755575269884458 D 2222,987097339,1000,1553,1553,2.3822722,-0.00166,-1,-1,-1,0,0,0,136,1,1,0,0.0000000,0.0000000,0.0000000,0,0,0,0
755575270876250 D 2223,987098339,1000,1553,1553,2.3822722,-0.00160,-1,-1,-1,0,0,0,136,1,1,0,0.0000000,0.0000000,0.0000000,0,0,0,0
755575271869375 D 2224,987099339,1000,1553,1553,2.3822722,-0.00154,-1,-1,-1,0,0,0,136,1,1,0,0.0000000,0.0000000,0.0000000,0,0,0,0
755575272870541 D 2225,987100339,1000,1553,1553,2.3822722,-0.00148,-1,-1,-1,0,0,0,136,1,1,0,0.0000000,0.0000000,0.0000000,0,0,0,0
755575274108208 D 2226,987101339,1000,1554,1554,2.3838062,0.05873,-1,-1,-1,0,0,0,136,1,1,0,0.0000000,0.0000000,0.0000000,0,0,0,0
755575275565916 D 2227,987102339,1000,1553,1553,2.3822722,-0.00372,39,128,2088,0,0,0,136,1,1,0,0.0000000,0.0000000,0.0000000,0,0,0,0
755575276436375 D 2228,987103339,1000,1553,1553,2.3822722,-0.00357,-1,-1,-1,0,0,0,136,1,1,0,0.0000000,0.0000000,0.0000000,0,0,0,0
755575277276208 D 2229,987104339,1000,1553,1553,2.3822722,-0.00343,-1,-1,-1,0,0,0,136,1,1,0,0.0000000,0.0000000,0.0000000,0,0,0,0
755575278108041 D 2230,987105339,1000,1553,1553,2.3822722,-0.00330,-1,-1,-1,0,0,0,136,1,1,0,0.0000000,0.0000000,0.0000000,0,0,0,0
755575278905166 D 2231,987106339,1000,1553,1553,2.3822722,-0.00317,-1,-1,-1,0,0,0,136,1,1,0,0.0000000,0.0000000,0.0000000,0,0,0,0
755575279893250 D 2232,987107339,1000,1553,1553,2.3822722,-0.00305,-1,-1,-1,0,0,0,136,1,1,0,0.0000000,0.0000000,0.0000000,0,0,0,0
755575280935416 D 2233,987108339,1000,1553,1553,2.3822722,-0.00293,-1,-1,-1,0,0,0,136,1,1,0,0.0000000,0.0000000,0.0000000,0,0,0,0
755575281899083 D 2234,987109339,1000,1553,1553,2.3822722,-0.00281,-1,-1,-1,0,0,0,136,1,1,0,0.0000000,0.0000000,0.0000000,0,0,0,0
755575282870958 D 2235,987110339,1000,1553,1553,2.3822722,-0.00270,-1,-1,-1,0,0,0,136,1,1,0,0.0000000,0.0000000,0.0000000,0,0,0,0
755575283887666 D 2236,987111339,1000,1553,1553,2.3822722,-0.00260,-1,-1,-1,0,0,0,136,1,1,0,0.0000000,0.0000000,0.0000000,0,0,0,0
755575284877000 D 2237,987112339,1000,1553,1553,2.3822722,-0.00249,-1,-1,-1,0,0,0,136,1,1,0,0.0000000,0.0000000,0.0000000,0,0,0,0
755575285881708 D 2238,987113339,1000,1553,1553,2.3822722,-0.00240,-1,-1,-1,0,0,0,136,1,1,0,0.0000000,0.0000000,0.0000000,0,0,0,0
755575286899041 D 2239,987114339,1000,1553,1553,2.3822722,-0.00230,-1,-1,-1,0,0,0,136,1,1,0,0.0000000,0.0000000,0.0000000,0,0,0,0
755575287899916 D 2240,987115339,1000,1553,1553,2.3822722,-0.00221,-1,-1,-1,0,0,0,136,1,1,0,0.0000000,0.0000000,0.0000000,0,0,0,0
755575288873708 D 2241,987116339,1000,1553,1553,2.3822722,-0.00213,-1,-1,-1,0,0,0,136,1,1,0,0.0000000,0.0000000,0.0000000,0,0,0,0
755575289890708 D 2242,987117339,1000,1553,1553,2.3822722,-0.00204,-1,-1,-1,0,0,0,136,1,1,0,0.0000000,0.0000000,0.0000000,0,0,0,0
755575290901291 D 2243,987118339,1000,1553,1553,2.3822722,-0.00196,-1,-1,-1,0,0,0,136,1,1,0,0.0000000,0.0000000,0.0000000,0,0,0,0
755575291910333 D 2244,987119339,1000,1553,1553,2.3822722,-0.00188,-1,-1,-1,0,0,0,136,1,1,0,0.0000000,0.0000000,0.0000000,0,0,0,0
755575292881625 D 2245,987120339,1000,1553,1553,2.3822722,-0.00181,-1,-1,-1,0,0,0,136,1,1,0,0.0000000,0.0000000,0.0000000,0,0,0,0
755575293877375 D 2246,987121339,1000,1553,1553,2.3822722,-0.00174,-1,-1,-1,0,0,0,136,1,1,0,0.0000000,0.0000000,0.0000000,0,0,0,0
755575295779041 D 2247,987122339,1000,1553,1553,2.3822722,-0.00167,-1,-1,-1,0,0,0,136,1,1,0,0.0000000,0.0000000,0.0000000,0,0,0,0
755575296490708 D 2248,987123339,1000,1553,1553,2.3822722,-0.00161,-1,-1,-1,0,0,0,136,1,1,0,0.0000000,0.0000000,0.0000000,0,0,0,0
755575297123791 D 2249,987124339,1000,1553,1553,2.3822722,-0.00154,-1,-1,-1,0,0,0,135,1,1,0,0.0000000,0.0000000,0.0000000,0,0,0,0
755575297959583 D 2250,987125339,1000,1553,1553,2.3822722,-0.00148,-1,-1,-1,0,0,0,136,1,1,0,0.0000000,0.0000000,0.0000000,0,0,0,0
755575298952791 D 2251,987126339,1000,1553,1553,2.3822722,-0.00142,-1,-1,-1,0,0,0,136,1,1,0,0.0000000,0.0000000,0.0000000,0,0,0,0
755575299938625 D 2252,987127339,1000,1553,1553,2.3822722,-0.00137,-1,-1,-1,0,0,0,136,1,1,0,0.0000000,0.0000000,0.0000000,0,0,0,0
755575300942000 D 2253,987128339,1000,1553,1553,2.3822722,-0.00132,-1,-1,-1,0,0,0,136,1,1,0,0.0000000,0.0000000,0.0000000,0,0,0,0
755575301896875 D 2254,987129339,1000,1553,1553,2.3822722,-0.00126,-1,-1,-1,0,0,0,136,1,1,0,0.0000000,0.0000000,0.0000000,0,0,0,0
755575302901666 D 2255,987130339,1000,1553,1553,2.3822722,-0.00121,-1,-1,-1,0,0,0,136,1,1,0,0.0000000,0.0000000,0.0000000,0,0,0,0
755575303897500 D 2256,987131339,1000,1553,1553,2.3822722,-0.00117,-1,-1,-1,0,0,0,136,1,1,0,0.0000000,0.0000000,0.0000000,0,0,0,0
755575304904791 D 2257,987132339,1000,1553,1553,2.3822722,-0.00112,-1,-1,-1,0,0,0,136,1,1,0,0.0000000,0.0000000,0.0000000,0,0,0,0
755575305893791 D 2258,987133339,1000,1553,1553,2.3822722,-0.00108,-1,-1,-1,0,0,0,136,1,1,0,0.0000000,0.0000000,0.0000000,0,0,0,0
755575306994750 D 2259,987134339,1000,1553,1553,2.3822722,-0.00103,-1,-1,-1,0,0,0,136,1,1,0,0.0000000,0.0000000,0.0000000,0,0,0,0
755575307966125 D 2260,987135339,1000,1553,1553,2.3822722,-0.00099,-1,-1,-1,0,0,0,136,1,1,0,0.0000000,0.0000000,0.0000000,0,0,0,0
755575308921416 D 2261,987136339,1000,1553,1553,2.3822722,-0.00095,-1,-1,-1,0,0,0,136,1,1,0,0.0000000,0.0000000,0.0000000,0,0,0,0
755575309937250 D 2262,987137339,1000,1553,1553,2.3822722,-0.00092,-1,-1,-1,0,0,0,136,1,1,0,0.0000000,0.0000000,0.0000000,0,0,0,0
755575310928333 D 2263,987138339,1000,1553,1553,2.3822722,-0.00088,-1,-1,-1,0,0,0,135,1,1,0,0.0000000,0.0000000,0.0000000,0,0,0,0
755575311942791 D 2264,987139339,1000,1553,1553,2.3822722,-0.00085,-1,-1,-1,0,0,0,136,1,1,0,0.0000000,0.0000000,0.0000000,0,0,0,0
755575312913083 D 2265,987140339,1000,1553,1553,2.3822722,-0.00081,-1,-1,-1,0,0,0,136,1,1,0,0.0000000,0.0000000,0.0000000,0,0,0,0
755575313925583 D 2266,987141339,1000,1553,1553,2.3822722,-0.00078,-1,-1,-1,0,0,0,136,1,1,0,0.0000000,0.0000000,0.0000000,0,0,0,0
755575314912625 D 2267,987142339,1000,1553,1553,2.3822722,-0.00075,-1,-1,-1,0,0,0,136,1,1,0,0.0000000,0.0000000,0.0000000,0,0,0,0
755575315917208 D 2268,987143339,1000,1553,1553,2.3822722,-0.00072,-1,-1,-1,0,0,0,136,1,1,0,0.0000000,0.0000000,0.0000000,0,0,0,0
755575316918041 D 2269,987144339,1000,1553,1553,2.3822722,-0.00069,-1,-1,-1,0,0,0,136,1,1,0,0.0000000,0.0000000,0.0000000,0,0,0,0
755575317961041 D 2270,987145339,1000,1553,1553,2.3822722,-0.00067,-1,-1,-1,0,0,0,136,1,1,0,0.0000000,0.0000000,0.0000000,0,0,0,0
755575318929125 D 2271,987146339,1000,1553,1553,2.3822722,-0.00064,-1,-1,-1,0,0,0,136,1,1,0,0.0000000,0.0000000,0.0000000,0,0,0,0
755575319903333 D 2272,987147339,1000,1553,1553,2.3822722,-0.00062,-1,-1,-1,0,0,0,136,1,1,0,0.0000000,0.0000000,0.0000000,0,0,0,0
755575320910208 D 2273,987148339,1000,1553,1553,2.3822722,-0.00059,-1,-1,-1,0,0,0,136,1,1,0,0.0000000,0.0000000,0.0000000,0,0,0,0
755575321886083 D 2274,987149339,1000,1553,1553,2.3822722,-0.00057,-1,-1,-1,0,0,0,136,1,1,0,0.0000000,0.0000000,0.0000000,0,0,0,0
755575322966416 D 2275,987150339,1000,1553,1553,2.3822722,-0.00055,-1,-1,-1,0,0,0,136,1,1,0,0.0000000,0.0000000,0.0000000,0,0,0,0
755575323963708 D 2276,987151339,1000,1553,1553,2.3822722,-0.00052,-1,-1,-1,0,0,0,136,1,1,0,0.0000000,0.0000000,0.0000000,0,0,0,0
755575325398708 D 2277,987152339,1000,1553,1553,2.3822722,-0.00050,39,128,2088,0,0,0,136,1,1,0,0.0000000,0.0000000,0.0000000,0,0,0,0
755575326032250 D 2278,987153339,1000,1553,1553,2.3822722,-0.00048,-1,-1,-1,0,0,0,136,1,1,0,0.0000000,0.0000000,0.0000000,0,0,0,0
755575326916625 D 2279,987154339,1000,1553,1553,2.3822722,-0.00046,-1,-1,-1,0,0,0,136,1,1,0,0.0000000,0.0000000,0.0000000,0,0,0,0
755575327939166 D 2280,987155339,1000,1554,1554,2.3838062,0.05970,-1,-1,-1,0,0,0,136,1,1,0,0.0000000,0.0000000,0.0000000,0,0,0,0
755575328974875 D 2281,987156339,1000,1553,1553,2.3822722,-0.00279,-1,-1,-1,0,0,0,136,1,1,0,0.0000000,0.0000000,0.0000000,0,0,0,0
755575329959000 D 2282,987157339,1000,1553,1553,2.3822722,-0.00268,-1,-1,-1,0,0,0,136,1,1,0,0.0000000,0.0000000,0.0000000,0,0,0,0
755575331008583 D 2283,987158339,1000,1553,1553,2.3822722,-0.00257,-1,-1,-1,0,0,0,136,1,1,0,0.0000000,0.0000000,0.0000000,0,0,0,0
755575331914916 D 2284,987159339,1000,1553,1553,2.3822722,-0.00247,-1,-1,-1,0,0,0,136,1,1,0,0.0000000,0.0000000,0.0000000,0,0,0,0
755575332979583 D 2285,987160339,1000,1553,1553,2.3822722,-0.00238,-1,-1,-1,0,0,0,136,1,1,0,0.0000000,0.0000000,0.0000000,0,0,0,0
755575333927083 D 2286,987161339,1000,1553,1553,2.3822722,-0.00228,-1,-1,-1,0,0,0,136,1,1,0,0.0000000,0.0000000,0.0000000,0,0,0,0
755575334969875 D 2287,987162339,1000,1553,1553,2.3822722,-0.00219,-1,-1,-1,0,0,0,136,1,1,0,0.0000000,0.0000000,0.0000000,0,0,0,0
755575335898458 D 2288,987163339,1000,1553,1553,2.3822722,-0.00211,-1,-1,-1,0,0,0,136,1,1,0,0.0000000,0.0000000,0.0000000,0,0,0,0
755575336978333 D 2289,987164339,1000,1553,1553,2.3822722,-0.00202,-1,-1,-1,0,0,0,136,1,1,0,0.0000000,0.0000000,0.0000000,0,0,0,0
755575337925416 D 2290,987165339,1000,1553,1553,2.3822722,-0.00194,-1,-1,-1,0,0,0,136,1,1,0,0.0000000,0.0000000,0.0000000,0,0,0,0
755575338964291 D 2291,987166339,1000,1553,1553,2.3822722,-0.00187,-1,-1,-1,0,0,0,136,1,1,0,0.0000000,0.0000000,0.0000000,0,0,0,0
755575339943916 D 2292,987167339,1000,1553,1553,2.3822722,-0.00180,-1,-1,-1,0,0,0,136,1,1,0,0.0000000,0.0000000,0.0000000,0,0,0,0
755575340985583 D 2293,987168339,1000,1553,1553,2.3822722,-0.00172,-1,-1,-1,0,0,0,136,1,1,0,0.0000000,0.0000000,0.0000000,0,0,0,0
755575341943541 D 2294,987169339,1000,1553,1553,2.3822722,-0.00166,-1,-1,-1,0,0,0,136,1,1,0,0.0000000,0.0000000,0.0000000,0,0,0,0
755575342990250 D 2295,987170339,1000,1553,1553,2.3822722,-0.00159,-1,-1,-1,0,0,0,136,1,1,0,0.0000000,0.0000000,0.0000000,0,0,0,0
755575343946291 D 2296,987171339,1000,1553,1553,2.3822722,-0.00153,-1,-1,-1,0,0,0,136,1,1,0,0.0000000,0.0000000,0.0000000,0,0,0,0
755575345132458 D 2297,987172339,1000,1553,1553,2.3822722,-0.00147,-1,-1,-1,0,0,0,136,1,1,0,0.0000000,0.0000000,0.0000000,0,0,0,0
755575346132666 D 2298,987173339,1000,1553,1553,2.3822722,-0.00141,-1,-1,-1,0,0,0,136,1,1,0,0.0000000,0.0000000,0.0000000,0,0,0,0
755575347187875 D 2299,987174339,1000,1553,1553,2.3822722,-0.00136,-1,-1,-1,0,0,0,136,1,1,0,0.0000000,0.0000000,0.0000000,0,0,0,0
755575347909166 D 2300,987175339,1000,1553,1553,2.3822722,-0.00130,-1,-1,-1,0,0,0,136,1,1,0,0.0000000,0.0000000,0.0000000,0,0,0,0
755575348887375 D 2301,987176339,1000,1553,1553,2.3822722,-0.00125,-1,-1,-1,0,0,0,136,1,1,0,0.0000000,0.0000000,0.0000000,0,0,0,0
755575349896625 D 2302,987177339,1000,1553,1553,2.3822722,-0.00120,-1,-1,-1,0,0,0,136,1,1,0,0.0000000,0.0000000,0.0000000,0,0,0,0
755575350904208 D 2303,987178339,1000,1553,1553,2.3822722,-0.00116,-1,-1,-1,0,0,0,136,1,1,0,0.0000000,0.0000000,0.0000000,0,0,0,0
755575351879750 D 2304,987179339,1000,1553,1553,2.3822722,-0.00111,-1,-1,-1,0,0,0,136,1,1,0,0.0000000,0.0000000,0.0000000,0,0,0,0
755575352887458 D 2305,987180339,1000,1553,1553,2.3822722,-0.00107,-1,-1,-1,0,0,0,136,1,1,0,0.0000000,0.0000000,0.0000000,0,0,0,0
755575353909833 D 2306,987181339,1000,1553,1553,2.3822722,-0.00103,-1,-1,-1,0,0,0,136,1,1,0,0.0000000,0.0000000,0.0000000,0,0,0,0
755575354918916 D 2307,987182339,1000,1553,1553,2.3822722,-0.00099,-1,-1,-1,0,0,0,136,1,1,0,0.0000000,0.0000000,0.0000000,0,0,0,0
755575355893833 D 2308,987183339,1000,1553,1553,2.3822722,-0.00095,-1,-1,-1,0,0,0,136,1,1,0,0.0000000,0.0000000,0.0000000,0,0,0,0
755575356876750 D 2309,987184339,1000,1553,1553,2.3822722,-0.00091,-1,-1,-1,0,0,0,136,1,1,0,0.0000000,0.0000000,0.0000000,0,0,0,0
755575357956833 D 2310,987185339,1000,1553,1553,2.3822722,-0.00087,-1,-1,-1,0,0,0,136,1,1,0,0.0000000,0.0000000,0.0000000,0,0,0,0
755575358892000 D 2311,987186339,1000,1553,1553,2.3822722,-0.00084,-1,-1,-1,0,0,0,136,1,1,0,0.0000000,0.0000000,0.0000000,0,0,0,0
755575359885291 D 2312,987187339,1000,1553,1553,2.3822722,-0.00081,-1,-1,-1,0,0,0,135,1,1,0,0.0000000,0.0000000,0.0000000,0,0,0,0
755575360893416 D 2313,987188339,1000,1553,1553,2.3822722,-0.00078,-1,-1,-1,0,0,0,136,1,1,0,0.0000000,0.0000000,0.0000000,0,0,0,0
755575361903250 D 2314,987189339,1000,1553,1553,2.3822722,-0.00074,-1,-1,-1,0,0,0,136,1,1,0,0.0000000,0.0000000,0.0000000,0,0,0,0
755575362891250 D 2315,987190339,1000,1553,1553,2.3822722,-0.00072,-1,-1,-1,0,0,0,136,1,1,0,0.0000000,0.0000000,0.0000000,0,0,0,0
755575363916375 D 2316,987191339,1000,1553,1553,2.3822722,-0.00069,-1,-1,-1,0,0,0,136,1,1,0,0.0000000,0.0000000,0.0000000,0,0,0,0
755575364881708 D 2317,987192339,1000,1553,1553,2.3822722,-0.00066,-1,-1,-1,0,0,0,136,1,1,0,0.0000000,0.0000000,0.0000000,0,0,0,0
755575365892000 D 2318,987193339,1000,1553,1553,2.3822722,-0.00063,-1,-1,-1,0,0,0,136,1,1,0,0.0000000,0.0000000,0.0000000,0,0,0,0
755575366892333 D 2319,987194339,1000,1553,1553,2.3822722,-0.00061,-1,-1,-1,0,0,0,136,1,1,0,0.0000000,0.0000000,0.0000000,0,0,0,0
755575367899083 D 2320,987195339,1000,1553,1553,2.3822722,-0.00059,-1,-1,-1,0,0,0,136,1,1,0,0.0000000,0.0000000,0.0000000,0,0,0,0
755575368911375 D 2321,987196339,1000,1553,1553,2.3822722,-0.00056,-1,-1,-1,0,0,0,136,1,1,0,0.0000000,0.0000000,0.0000000,0,0,0,0
755575369962750 D 2322,987197339,1000,1553,1553,2.3822722,-0.00054,-1,-1,-1,0,0,0,136,1,1,0,0.0000000,0.0000000,0.0000000,0,0,0,0
755575371006625 D 2323,987198339,1000,1553,1553,2.3822722,-0.00052,-1,-1,-1,0,0,0,136,1,1,0,0.0000000,0.0000000,0.0000000,0,0,0,0
755575371953333 D 2324,987199339,1000,1553,1553,2.3822722,-0.00050,-1,-1,-1,0,0,0,136,1,1,0,0.0000000,0.0000000,0.0000000,0,0,0,0
755575372970416 D 2325,987200339,1000,1553,1553,2.3822722,-0.00048,-1,-1,-1,0,0,0,136,1,1,0,0.0000000,0.0000000,0.0000000,0,0,0,0
755575373939416 D 2326,987201339,1000,1553,1553,2.3822722,-0.00046,-1,-1,-1,0,0,0,136,1,1,0,0.0000000,0.0000000,0.0000000,0,0,0,0
755575375341375 D 2327,987202339,1000,1553,1553,2.3822722,-0.00044,39,128,2087,0,0,0,136,1,1,0,0.0000000,0.0000000,0.0000000,0,0,0,0
755575375980166 D 2328,987203339,1000,1553,1553,2.3822722,-0.00043,-1,-1,-1,0,0,0,136,1,1,0,0.0000000,0.0000000,0.0000000,0,0,0,0
755575376930791 D 2329,987204339,1000,1553,1553,2.3822722,-0.00041,-1,-1,-1,0,0,0,136,1,1,0,0.0000000,0.0000000,0.0000000,0,0,0,0
755575377910583 D 2330,987205339,1000,1553,1553,2.3822722,-0.00039,-1,-1,-1,0,0,0,136,1,1,0,0.0000000,0.0000000,0.0000000,0,0,0,0
755575379148083 D 2331,987206339,1000,1553,1553,2.3822722,-0.00038,-1,-1,-1,0,0,0,136,1,1,0,0.0000000,0.0000000,0.0000000,0,0,0,0
755575380128166 D 2332,987207339,1000,1553,1553,2.3822722,-0.00036,-1,-1,-1,0,0,0,136,1,1,0,0.0000000,0.0000000,0.0000000,0,0,0,0
755575381056625 D 2333,987208339,1000,1553,1553,2.3822722,-0.00035,-1,-1,-1,0,0,0,136,1,1,0,0.0000000,0.0000000,0.0000000,0,0,0,0
755575381885833 D 2334,987209339,1000,1553,1553,2.3822722,-0.00033,-1,-1,-1,0,0,0,136,1,1,0,0.0000000,0.0000000,0.0000000,0,0,0,0
755575382891083 D 2335,987210339,1000,1553,1553,2.3822722,-0.00032,-1,-1,-1,0,0,0,136,1,1,0,0.0000000,0.0000000,0.0000000,0,0,0,0
755575383921875 D 2336,987211339,1000,1553,1553,2.3822722,-0.00031,-1,-1,-1,0,0,0,136,1,1,0,0.0000000,0.0000000,0.0000000,0,0,0,0
755575384955875 D 2337,987212339,1000,1553,1553,2.3822722,-0.00030,-1,-1,-1,0,0,0,136,1,1,0,0.0000000,0.0000000,0.0000000,0,0,0,0
755575385932500 D 2338,987213339,1000,1553,1553,2.3822722,-0.00029,-1,-1,-1,0,0,0,136,1,1,0,0.0000000,0.0000000,0.0000000,0,0,0,0
755575386901041 D 2339,987214339,1000,1553,1553,2.3822722,-0.00027,-1,-1,-1,0,0,0,136,1,1,0,0.0000000,0.0000000,0.0000000,0,0,0,0
755575387924041 D 2340,987215339,1000,1553,1553,2.3822722,-0.00026,-1,-1,-1,0,0,0,136,1,1,0,0.0000000,0.0000000,0.0000000,0,0,0,0
755575388889041 D 2341,987216339,1000,1553,1553,2.3822722,-0.00025,-1,-1,-1,0,0,0,136,1,1,0,0.0000000,0.0000000,0.0000000,0,0,0,0
755575389955208 D 2342,987217339,1000,1553,1553,2.3822722,-0.00024,-1,-1,-1,0,0,0,136,1,1,0,0.0000000,0.0000000,0.0000000,0,0,0,0
755575390892166 D 2343,987218339,1000,1553,1553,2.3822722,-0.00023,-1,-1,-1,0,0,0,136,1,1,0,0.0000000,0.0000000,0.0000000,0,0,0,0
755575391885208 D 2344,987219339,1000,1553,1553,2.3822722,-0.00022,-1,-1,-1,0,0,0,136,1,1,0,0.0000000,0.0000000,0.0000000,0,0,0,0
755575392878250 D 2345,987220339,1000,1553,1553,2.3822722,-0.00022,-1,-1,-1,0,0,0,136,1,1,0,0.0000000,0.0000000,0.0000000,0,0,0,0
755575393883708 D 2346,987221339,1000,1553,1553,2.3822722,-0.00021,-1,-1,-1,0,0,0,136,1,1,0,0.0000000,0.0000000,0.0000000,0,0,0,0
755575394919541 D 2347,987222339,1000,1553,1553,2.3822722,-0.00020,-1,-1,-1,0,0,0,136,1,1,0,0.0000000,0.0000000,0.0000000,0,0,0,0
755575395972125 D 2348,987223339,1000,1553,1553,2.3822722,-0.00019,-1,-1,-1,0,0,0,136,1,1,0,0.0000000,0.0000000,0.0000000,0,0,0,0
755575397031416 D 2349,987224339,1000,1553,1553,2.3822722,-0.00018,-1,-1,-1,0,0,0,136,1,1,0,0.0000000,0.0000000,0.0000000,0,0,0,0
755575397961666 D 2350,987225339,1000,1553,1553,2.3822722,-0.00018,-1,-1,-1,0,0,0,136,1,1,0,0.0000000,0.0000000,0.0000000,0,0,0,0
755575398923833 D 2351,987226339,1000,1553,1553,2.3822722,-0.00017,-1,-1,-1,0,0,0,136,1,1,0,0.0000000,0.0000000,0.0000000,0,0,0,0
755575399913083 D 2352,987227339,1000,1553,1553,2.3822722,-0.00016,-1,-1,-1,0,0,0,136,1,1,0,0.0000000,0.0000000,0.0000000,0,0,0,0
755575400929041 D 2353,987228339,1000,1553,1553,2.3822722,-0.00016,-1,-1,-1,0,0,0,136,1,1,0,0.0000000,0.0000000,0.0000000,0,0,0,0
755575401940500 D 2354,987229339,1000,1553,1553,2.3822722,-0.00015,-1,-1,-1,0,0,0,136,1,1,0,0.0000000,0.0000000,0.0000000,0,0,0,0
755575402917208 D 2355,987230339,1000,1553,1553,2.3822722,-0.00014,-1,-1,-1,0,0,0,136,1,1,0,0.0000000,0.0000000,0.0000000,0,0,0,0
755575403894916 D 2356,987231339,1000,1553,1553,2.3822722,-0.00014,-1,-1,-1,0,0,0,136,1,1,0,0.0000000,0.0000000,0.0000000,0,0,0,0
755575404903500 D 2357,987232339,1000,1553,1553,2.3822722,-0.00013,-1,-1,-1,0,0,0,136,1,1,0,0.0000000,0.0000000,0.0000000,0,0,0,0
755575405895333 D 2358,987233339,1000,1553,1553,2.3822722,-0.00013,-1,-1,-1,0,0,0,136,1,1,0,0.0000000,0.0000000,0.0000000,0,0,0,0
755575406899916 D 2359,987234339,1000,1553,1553,2.3822722,-0.00012,-1,-1,-1,0,0,0,136,1,1,0,0.0000000,0.0000000,0.0000000,0,0,0,0
755575407890958 D 2360,987235339,1000,1553,1553,2.3822722,-0.00012,-1,-1,-1,0,0,0,136,1,1,0,0.0000000,0.0000000,0.0000000,0,0,0,0
755575408898958 D 2361,987236339,1000,1553,1553,2.3822722,-0.00011,-1,-1,-1,0,0,0,136,1,1,0,0.0000000,0.0000000,0.0000000,0,0,0,0
755575410114250 D 2362,987237339,1000,1553,1553,2.3822722,-0.00011,-1,-1,-1,0,0,0,136,1,1,0,0.0000000,0.0000000,0.0000000,0,0,0,0
755575411128166 D 2363,987238339,1000,1553,1553,2.3822722,-0.00010,-1,-1,-1,0,0,0,136,1,1,0,0.0000000,0.0000000,0.0000000,0,0,0,0
755575412135500 D 2364,987239339,1000,1553,1553,2.3822722,-0.00010,-1,-1,-1,0,0,0,136,1,1,0,0.0000000,0.0000000,0.0000000,0,0,0,0
755575412945416 D 2365,987240339,1000,1553,1553,2.3822722,-0.00010,-1,-1,-1,0,0,0,136,1,1,0,0.0000000,0.0000000,0.0000000,0,0,0,0
755575413892041 D 2366,987241339,1000,1553,1553,2.3822722,-0.00009,-1,-1,-1,0,0,0,136,1,1,0,0.0000000,0.0000000,0.0000000,0,0,0,0
755575414895958 D 2367,987242339,1000,1553,1553,2.3822722,-0.00009,-1,-1,-1,0,0,0,136,1,1,0,0.0000000,0.0000000,0.0000000,0,0,0,0
755575415891500 D 2368,987243339,1000,1553,1553,2.3822722,-0.00009,-1,-1,-1,0,0,0,136,1,1,0,0.0000000,0.0000000,0.0000000,0,0,0,0
755575416934041 D 2369,987244339,1000,1553,1553,2.3822722,-0.00008,-1,-1,-1,0,0,0,136,1,1,0,0.0000000,0.0000000,0.0000000,0,0,0,0
755575417944250 D 2370,987245339,1000,1553,1553,2.3822722,-0.00008,-1,-1,-1,0,0,0,136,1,1,0,0.0000000,0.0000000,0.0000000,0,0,0,0
755575418906416 D 2371,987246339,1000,1553,1553,2.3822722,-0.00008,-1,-1,-1,0,0,0,136,1,1,0,0.0000000,0.0000000,0.0000000,0,0,0,0
755575419891458 D 2372,987247339,1000,1553,1553,2.3822722,-0.00007,-1,-1,-1,0,0,0,136,1,1,0,0.0000000,0.0000000,0.0000000,0,0,0,0
755575420926458 D 2373,987248339,1000,1553,1553,2.3822722,-0.00007,-1,-1,-1,0,0,0,136,1,1,0,0.0000000,0.0000000,0.0000000,0,0,0,0
755575421911916 D 2374,987249339,1000,1553,1553,2.3822722,-0.00007,-1,-1,-1,0,0,0,136,1,1,0,0.0000000,0.0000000,0.0000000,0,0,0,0
755575422891208 D 2375,987250339,1000,1553,1553,2.3822722,-0.00006,-1,-1,-1,0,0,0,136,1,1,0,0.0000000,0.0000000,0.0000000,0,0,0,0
755575423902833 D 2376,987251339,1000,1553,1553,2.3822722,-0.00006,-1,-1,-1,0,0,0,136,1,1,0,0.0000000,0.0000000,0.0000000,0,0,0,0
755575425346125 D 2377,987252339,1000,1553,1553,2.3822722,-0.00006,39,128,2087,0,0,0,136,1,1,0,0.0000000,0.0000000,0.0000000,0,0,0,0
755575426001583 D 2378,987253339,1000,1553,1553,2.3822722,-0.00006,-1,-1,-1,0,0,0,136,1,1,0,0.0000000,0.0000000,0.0000000,0,0,0,0
755575426947083 D 2379,987254339,1000,1553,1553,2.3822722,-0.00006,-1,-1,-1,0,0,0,136,1,1,0,0.0000000,0.0000000,0.0000000,0,0,0,0
755575427924333 D 2380,987255339,1000,1553,1553,2.3822722,-0.00005,-1,-1,-1,0,0,0,136,1,1,0,0.0000000,0.0000000,0.0000000,0,0,0,0
755575428951625 D 2381,987256339,1000,1553,1553,2.3822722,-0.00005,-1,-1,-1,0,0,0,136,1,1,0,0.0000000,0.0000000,0.0000000,0,0,0,0
755575429974333 D 2382,987257339,1000,1553,1553,2.3822722,-0.00005,-1,-1,-1,0,0,0,136,1,1,0,0.0000000,0.0000000,0.0000000,0,0,0,0
755575431083666 D 2383,987258339,1000,1553,1553,2.3822722,-0.00005,-1,-1,-1,0,0,0,136,1,1,0,0.0000000,0.0000000,0.0000000,0,0,0,0
755575432388458 D 2384,987259339,1000,1553,1553,2.3822722,-0.00005,-1,-1,-1,0,0,0,136,1,1,0,0.0000000,0.0000000,0.0000000,0,0,0,0
755575433153083 D 2385,987260339,1000,1553,1553,2.3822722,-0.00004,-1,-1,-1,0,0,0,136,1,1,0,0.0000000,0.0000000,0.0000000,0,0,0,0
755575434068416 D 2386,987261339,1000,1554,1554,2.3838062,0.06011,-1,-1,-1,0,0,0,136,1,1,0,0.0000000,0.0000000,0.0000000,0,0,0,0
755575435104083 D 2387,987262339,1000,1553,1553,2.3822722,-0.00240,-1,-1,-1,0,0,0,136,1,1,0,0.0000000,0.0000000,0.0000000,0,0,0,0
755575436047000 D 2388,987263339,1000,1553,1553,2.3822722,-0.00230,-1,-1,-1,0,0,0,136,1,1,0,0.0000000,0.0000000,0.0000000,0,0,0,0
755575436978708 D 2389,987264339,1000,1553,1553,2.3822722,-0.00221,-1,-1,-1,0,0,0,136,1,1,0,0.0000000,0.0000000,0.0000000,0,0,0,0
755575438047250 D 2390,987265339,1000,1553,1553,2.3822722,-0.00213,-1,-1,-1,0,0,0,136,1,1,0,0.0000000,0.0000000,0.0000000,0,0,0,0
755575439021791 D 2391,987266339,1000,1553,1553,2.3822722,-0.00204,-1,-1,-1,0,0,0,136,1,1,0,0.0000000,0.0000000,0.0000000,0,0,0,0
755575440040791 D 2392,987267339,1000,1553,1553,2.3822722,-0.00196,-1,-1,-1,0,0,0,136,1,1,0,0.0000000,0.0000000,0.0000000,0,0,0,0
755575440950291 D 2393,987268339,1000,1553,1553,2.3822722,-0.00189,-1,-1,-1,0,0,0,136,1,1,0,0.0000000,0.0000000,0.0000000,0,0,0,0
755575441946125 D 2394,987269339,1000,1553,1553,2.3822722,-0.00181,-1,-1,-1,0,0,0,136,1,1,0,0.0000000,0.0000000,0.0000000,0,0,0,0
755575442954666 D 2395,987270339,1000,1553,1553,2.3822722,-0.00174,-1,-1,-1,0,0,0,136,1,1,0,0.0000000,0.0000000,0.0000000,0,0,0,0
755575443924416 D 2396,987271339,1000,1553,1553,2.3822722,-0.00167,-1,-1,-1,0,0,0,136,1,1,0,0.0000000,0.0000000,0.0000000,0,0,0,0
755575444916875 D 2397,987272339,1000,1553,1553,2.3822722,-0.00161,-1,-1,-1,0,0,0,136,1,1,0,0.0000000,0.0000000,0.0000000,0,0,0,0
755575445987875 D 2398,987273339,1000,1553,1553,2.3822722,-0.00154,-1,-1,-1,0,0,0,136,1,1,0,0.0000000,0.0000000,0.0000000,0,0,0,0
755575447059833 D 2399,987274339,1000,1553,1553,2.3822722,-0.00148,-1,-1,-1,0,0,0,136,1,1,0,0.0000000,0.0000000,0.0000000,0,0,0,0
755575448087875 D 2400,987275339,1000,1553,1553,2.3822722,-0.00143,-1,-1,-1,0,0,0,136,1,1,0,0.0000000,0.0000000,0.0000000,0,0,0,0
755575448941291 D 2401,987276339,1000,1553,1553,2.3822722,-0.00137,-1,-1,-1,0,0,0,136,1,1,0,0.0000000,0.0000000,0.0000000,0,0,0,0
755575450009708 D 2402,987277339,1000,1553,1553,2.3822722,-0.00132,-1,-1,-1,0,0,0,136,1,1,0,0.0000000,0.0000000,0.0000000,0,0,0,0
755575451049083 D 2403,987278339,1000,1553,1553,2.3822722,-0.00126,-1,-1,-1,0,0,0,136,1,1,0,0.0000000,0.0000000,0.0000000,0,0,0,0
755575452008791 D 2404,987279339,1000,1553,1553,2.3822722,-0.00122,-1,-1,-1,0,0,0,136,1,1,0,0.0000000,0.0000000,0.0000000,0,0,0,0
755575452961666 D 2405,987280339,1000,1553,1553,2.3822722,-0.00117,-1,-1,-1,0,0,0,136,1,1,0,0.0000000,0.0000000,0.0000000,0,0,0,0
755575453983166 D 2406,987281339,1000,1553,1553,2.3822722,-0.00112,-1,-1,-1,0,0,0,136,1,1,0,0.0000000,0.0000000,0.0000000,0,0,0,0
755575454890500 D 2407,987282339,1000,1553,1553,2.3822722,-0.00108,-1,-1,-1,0,0,0,136,1,1,0,0.0000000,0.0000000,0.0000000,0,0,0,0
755575455882625 D 2408,987283339,1000,1553,1553,2.3822722,-0.00104,-1,-1,-1,0,0,0,136,1,1,0,0.0000000,0.0000000,0.0000000,0,0,0,0
755575456886208 D 2409,987284339,1000,1553,1553,2.3822722,-0.00099,-1,-1,-1,0,0,0,136,1,1,0,0.0000000,0.0000000,0.0000000,0,0,0,0
755575457894083 D 2410,987285339,1000,1553,1553,2.3822722,-0.00096,-1,-1,-1,0,0,0,136,1,1,0,0.0000000,0.0000000,0.0000000,0,0,0,0
755575458891708 D 2411,987286339,1000,1553,1553,2.3822722,-0.00092,-1,-1,-1,0,0,0,136,1,1,0,0.0000000,0.0000000,0.0000000,0,0,0,0
755575459896125 D 2412,987287341,1002,1553,1553,2.3822722,-0.00088,-1,-1,-1,0,0,0,135,1,1,0,0.0000000,0.0000000,0.0000000,0,0,0,0
755575460858500 D 2413,987288339,998,1553,1553,2.3822722,-0.00085,-1,-1,-1,0,0,0,136,1,1,0,0.0000000,0.0000000,0.0000000,0,0,0,0
755575461920708 D 2414,987289339,1000,1553,1553,2.3822722,-0.00081,-1,-1,-1,0,0,0,136,1,1,0,0.0000000,0.0000000,0.0000000,0,0,0,0
755575462957125 D 2415,987290339,1000,1553,1553,2.3822722,-0.00078,-1,-1,-1,0,0,0,136,1,1,0,0.0000000,0.0000000,0.0000000,0,0,0,0
755575463882000 D 2416,987291339,1000,1553,1553,2.3822722,-0.00075,-1,-1,-1,0,0,0,136,1,1,0,0.0000000,0.0000000,0.0000000,0,0,0,0
755575464814625 D 2417,987292339,1000,1553,1553,2.3822722,-0.00072,-1,-1,-1,0,0,0,136,1,1,0,0.0000000,0.0000000,0.0000000,0,0,0,0
755575465774041 D 2418,987293339,1000,1553,1553,2.3822722,-0.00069,-1,-1,-1,0,0,0,136,1,1,0,0.0000000,0.0000000,0.0000000,0,0,0,0
755575466754083 D 2419,987294339,1000,1553,1553,2.3822722,-0.00067,-1,-1,-1,0,0,0,136,1,1,0,0.0000000,0.0000000,0.0000000,0,0,0,0
755575467735000 D 2420,987295339,1000,1553,1553,2.3822722,-0.00064,-1,-1,-1,0,0,0,136,1,1,0,0.0000000,0.0000000,0.0000000,0,0,0,0
755575468789500 D 2421,987296339,1000,1553,1553,2.3822722,-0.00062,-1,-1,-1,0,0,0,136,1,1,0,0.0000000,0.0000000,0.0000000,0,0,0,0
755575469771166 D 2422,987297339,1000,1553,1553,2.3822722,-0.00059,-1,-1,-1,0,0,0,136,1,1,0,0.0000000,0.0000000,0.0000000,0,0,0,0
755575470793041 D 2423,987298339,1000,1553,1553,2.3822722,-0.00057,-1,-1,-1,0,0,0,136,1,1,0,0.0000000,0.0000000,0.0000000,0,0,0,0
755575471805125 D 2424,987299339,1000,1553,1553,2.3822722,-0.00055,-1,-1,-1,0,0,0,136,1,1,0,0.0000000,0.0000000,0.0000000,0,0,0,0
755575472782583 D 2425,987300339,1000,1553,1553,2.3822722,-0.00052,-1,-1,-1,0,0,0,136,1,1,0,0.0000000,0.0000000,0.0000000,0,0,0,0
755575473777125 D 2426,987301339,1000,1553,1553,2.3822722,-0.00050,-1,-1,-1,0,0,0,136,1,1,0,0.0000000,0.0000000,0.0000000,0,0,0,0
755575475207625 D 2427,987302339,1000,1553,1553,2.3822722,-0.00048,39,128,2088,0,0,0,136,1,1,0,0.0000000,0.0000000,0.0000000,0,0,0,0
755575475801291 D 2428,987303339,1000,1553,1553,2.3822722,-0.00047,-1,-1,-1,0,0,0,136,1,1,0,0.0000000,0.0000000,0.0000000,0,0,0,0
755575476816750 D 2429,987304339,1000,1553,1553,2.3822722,-0.00045,-1,-1,-1,0,0,0,136,1,1,0,0.0000000,0.0000000,0.0000000,0,0,0,0
755575477844791 D 2430,987305339,1000,1553,1553,2.3822722,-0.00043,-1,-1,-1,0,0,0,136,1,1,0,0.0000000,0.0000000,0.0000000,0,0,0,0
755575478850833 D 2431,987306339,1000,1553,1553,2.3822722,-0.00041,-1,-1,-1,0,0,0,136,1,1,0,0.0000000,0.0000000,0.0000000,0,0,0,0
755575479829541 D 2432,987307339,1000,1553,1553,2.3822722,-0.00040,-1,-1,-1,0,0,0,136,1,1,0,0.0000000,0.0000000,0.0000000,0,0,0,0
755575480889000 D 2433,987308339,1000,1553,1553,2.3822722,-0.00038,-1,-1,-1,0,0,0,136,1,1,0,0.0000000,0.0000000,0.0000000,0,0,0,0
755575481894541 D 2434,987309339,1000,1553,1553,2.3822722,-0.00037,-1,-1,-1,0,0,0,136,1,1,0,0.0000000,0.0000000,0.0000000,0,0,0,0
755575482888250 D 2435,987310339,1000,1553,1553,2.3822722,-0.00035,-1,-1,-1,0,0,0,136,1,1,0,0.0000000,0.0000000,0.0000000,0,0,0,0
755575483915291 D 2436,987311339,1000,1553,1553,2.3822722,-0.00034,-1,-1,-1,0,0,0,136,1,1,0,0.0000000,0.0000000,0.0000000,0,0,0,0
755575484938375 D 2437,987312339,1000,1553,1553,2.3822722,-0.00032,-1,-1,-1,0,0,0,136,1,1,0,0.0000000,0.0000000,0.0000000,0,0,0,0
755575485974291 D 2438,987313339,1000,1553,1553,2.3822722,-0.00031,-1,-1,-1,0,0,0,135,1,1,0,0.0000000,0.0000000,0.0000000,0,0,0,0
755575486900333 D 2439,987314339,1000,1553,1553,2.3822722,-0.00030,-1,-1,-1,0,0,0,136,1,1,0,0.0000000,0.0000000,0.0000000,0,0,0,0
755575487883708 D 2440,987315339,1000,1553,1553,2.3822722,-0.00029,-1,-1,-1,0,0,0,136,1,1,0,0.0000000,0.0000000,0.0000000,0,0,0,0
755575488881625 D 2441,987316339,1000,1553,1553,2.3822722,-0.00028,-1,-1,-1,0,0,0,136,1,1,0,0.0000000,0.0000000,0.0000000,0,0,0,0
755575489893958 D 2442,987317339,1000,1553,1553,2.3822722,-0.00027,-1,-1,-1,0,0,0,136,1,1,0,0.0000000,0.0000000,0.0000000,0,0,0,0
755575490919958 D 2443,987318339,1000,1553,1553,2.3822722,-0.00026,-1,-1,-1,0,0,0,136,1,1,0,0.0000000,0.0000000,0.0000000,0,0,0,0
755575491910666 D 2444,987319339,1000,1553,1553,2.3822722,-0.00025,-1,-1,-1,0,0,0,136,1,1,0,0.0000000,0.0000000,0.0000000,0,0,0,0
755575493116000 D 2445,987320339,1000,1553,1553,2.3822722,-0.00024,-1,-1,-1,0,0,0,136,1,1,0,0.0000000,0.0000000,0.0000000,0,0,0,0
755575494115166 D 2446,987321339,1000,1553,1553,2.3822722,-0.00023,-1,-1,-1,0,0,0,136,1,1,0,0.0000000,0.0000000,0.0000000,0,0,0,0
755575495171291 D 2447,987322339,1000,1553,1553,2.3822722,-0.00022,-1,-1,-1,0,0,0,136,1,1,0,0.0000000,0.0000000,0.0000000,0,0,0,0
755575496053166 D 2448,987323339,1000,1553,1553,2.3822722,-0.00021,-1,-1,-1,0,0,0,136,1,1,0,0.0000000,0.0000000,0.0000000,0,0,0,0
755575496942083 D 2449,987324339,1000,1553,1553,2.3822722,-0.00020,-1,-1,-1,0,0,0,136,1,1,0,0.0000000,0.0000000,0.0000000,0,0,0,0
755575497992666 D 2450,987325339,1000,1553,1553,2.3822722,-0.00019,-1,-1,-1,0,0,0,136,1,1,0,0.0000000,0.0000000,0.0000000,0,0,0,0
755575499007458 D 2451,987326339,1000,1553,1553,2.3822722,-0.00019,-1,-1,-1,0,0,0,136,1,1,0,0.0000000,0.0000000,0.0000000,0,0,0,0
755575500006708 D 2452,987327339,1000,1553,1553,2.3822722,-0.00018,-1,-1,-1,0,0,0,136,1,1,0,0.0000000,0.0000000,0.0000000,0,0,0,0
755575500972291 D 2453,987328339,1000,1553,1553,2.3822722,-0.00017,-1,-1,-1,0,0,0,136,1,1,0,0.0000000,0.0000000,0.0000000,0,0,0,0
755575501964750 D 2454,987329339,1000,1553,1553,2.3822722,-0.00016,-1,-1,-1,0,0,0,136,1,1,0,0.0000000,0.0000000,0.0000000,0,0,0,0
755575502967833 D 2455,987330339,1000,1553,1553,2.3822722,-0.00016,-1,-1,-1,0,0,0,136,1,1,0,0.0000000,0.0000000,0.0000000,0,0,0,0
755575503943750 D 2456,987331339,1000,1553,1553,2.3822722,-0.00015,-1,-1,-1,0,0,0,136,1,1,0,0.0000000,0.0000000,0.0000000,0,0,0,0
755575504946666 D 2457,987332339,1000,1553,1553,2.3822722,-0.00015,-1,-1,-1,0,0,0,136,1,1,0,0.0000000,0.0000000,0.0000000,0,0,0,0
755575505904333 D 2458,987333339,1000,1554,1554,2.3838062,0.06001,-1,-1,-1,0,0,0,136,1,1,0,0.0000000,0.0000000,0.0000000,0,0,0,0
755575506909666 D 2459,987334339,1000,1553,1553,2.3822722,-0.00249,-1,-1,-1,0,0,0,136,1,1,0,0.0000000,0.0000000,0.0000000,0,0,0,0
755575507913750 D 2460,987335339,1000,1553,1553,2.3822722,-0.00240,-1,-1,-1,0,0,0,136,1,1,0,0.0000000,0.0000000,0.0000000,0,0,0,0
755575508950875 D 2461,987336339,1000,1553,1553,2.3822722,-0.00230,-1,-1,-1,0,0,0,136,1,1,0,0.0000000,0.0000000,0.0000000,0,0,0,0
755575509933291 D 2462,987337339,1000,1553,1553,2.3822722,-0.00221,-1,-1,-1,0,0,0,136,1,1,0,0.0000000,0.0000000,0.0000000,0,0,0,0
755575510968041 D 2463,987338339,1000,1553,1553,2.3822722,-0.00212,-1,-1,-1,0,0,0,136,1,1,0,0.0000000,0.0000000,0.0000000,0,0,0,0
755575511935125 D 2464,987339339,1000,1553,1553,2.3822722,-0.00204,-1,-1,-1,0,0,0,136,1,1,0,0.0000000,0.0000000,0.0000000,0,0,0,0
755575512936958 D 2465,987340339,1000,1553,1553,2.3822722,-0.00196,-1,-1,-1,0,0,0,136,1,1,0,0.0000000,0.0000000,0.0000000,0,0,0,0
755575513938791 D 2466,987341339,1000,1553,1553,2.3822722,-0.00188,-1,-1,-1,0,0,0,136,1,1,0,0.0000000,0.0000000,0.0000000,0,0,0,0
755575515167708 D 2467,987342339,1000,1553,1553,2.3822722,-0.00181,-1,-1,-1,0,0,0,136,1,1,0,0.0000000,0.0000000,0.0000000,0,0,0,0
755575516160500 D 2468,987343339,1000,1553,1553,2.3822722,-0.00174,-1,-1,-1,0,0,0,136,1,1,0,0.0000000,0.0000000,0.0000000,0,0,0,0
755575517208083 D 2469,987344339,1000,1553,1553,2.3822722,-0.00167,-1,-1,-1,0,0,0,136,1,1,0,0.0000000,0.0000000,0.0000000,0,0,0,0
755575517961791 D 2470,987345339,1000,1553,1553,2.3822722,-0.00161,-1,-1,-1,0,0,0,136,1,1,0,0.0000000,0.0000000,0.0000000,0,0,0,0
755575518940416 D 2471,987346339,1000,1553,1553,2.3822722,-0.00154,-1,-1,-1,0,0,0,136,1,1,0,0.0000000,0.0000000,0.0000000,0,0,0,0
755575519915916 D 2472,987347339,1000,1553,1553,2.3822722,-0.00148,-1,-1,-1,0,0,0,136,1,1,0,0.0000000,0.0000000,0.0000000,0,0,0,0
755575521011083 D 2473,987348339,1000,1553,1553,2.3822722,-0.00142,-1,-1,-1,0,0,0,136,1,1,0,0.0000000,0.0000000,0.0000000,0,0,0,0
755575521916166 D 2474,987349339,1000,1553,1553,2.3822722,-0.00137,-1,-1,-1,0,0,0,136,1,1,0,0.0000000,0.0000000,0.0000000,0,0,0,0
755575522915791 D 2475,987350339,1000,1553,1553,2.3822722,-0.00131,-1,-1,-1,0,0,0,136,1,1,0,0.0000000,0.0000000,0.0000000,0,0,0,0
755575523936500 D 2476,987351339,1000,1553,1553,2.3822722,-0.00126,-1,-1,-1,0,0,0,136,1,1,0,0.0000000,0.0000000,0.0000000,0,0,0,0
755575525335583 D 2477,987352339,1000,1553,1553,2.3822722,-0.00121,39,128,2086,0,0,0,136,1,1,0,0.0000000,0.0000000,0.0000000,0,0,0,0
755575525962416 D 2478,987353339,1000,1553,1553,2.3822722,-0.00117,-1,-1,-1,0,0,0,136,1,1,0,0.0000000,0.0000000,0.0000000,0,0,0,0
755575526997250 D 2479,987354339,1000,1553,1553,2.3822722,-0.00112,-1,-1,-1,0,0,0,136,1,1,0,0.0000000,0.0000000,0.0000000,0,0,0,0
755575527973541 D 2480,987355339,1000,1553,1553,2.3822722,-0.00108,-1,-1,-1,0,0,0,136,1,1,0,0.0000000,0.0000000,0.0000000,0,0,0,0
755575528921375 D 2481,987356339,1000,1553,1553,2.3822722,-0.00103,-1,-1,-1,0,0,0,136,1,1,0,0.0000000,0.0000000,0.0000000,0,0,0,0
755575529911541 D 2482,987357339,1000,1553,1553,2.3822722,-0.00099,-1,-1,-1,0,0,0,136,1,1,0,0.0000000,0.0000000,0.0000000,0,0,0,0
755575530943083 D 2483,987358339,1000,1553,1553,2.3822722,-0.00095,-1,-1,-1,0,0,0,136,1,1,0,0.0000000,0.0000000,0.0000000,0,0,0,0
755575531972500 D 2484,987359339,1000,1553,1553,2.3822722,-0.00092,-1,-1,-1,0,0,0,136,1,1,0,0.0000000,0.0000000,0.0000000,0,0,0,0
755575532952666 D 2485,987360339,1000,1553,1553,2.3822722,-0.00088,-1,-1,-1,0,0,0,136,1,1,0,0.0000000,0.0000000,0.0000000,0,0,0,0
755575533975000 D 2486,987361339,1000,1553,1553,2.3822722,-0.00085,-1,-1,-1,0,0,0,136,1,1,0,0.0000000,0.0000000,0.0000000,0,0,0,0
755575534932541 D 2487,987362339,1000,1553,1553,2.3822722,-0.00081,-1,-1,-1,0,0,0,136,1,1,0,0.0000000,0.0000000,0.0000000,0,0,0,0
755575535905500 D 2488,987363339,1000,1553,1553,2.3822722,-0.00078,-1,-1,-1,0,0,0,136,1,1,0,0.0000000,0.0000000,0.0000000,0,0,0,0
755575536923333 D 2489,987364339,1000,1553,1553,2.3822722,-0.00075,-1,-1,-1,0,0,0,136,1,1,0,0.0000000,0.0000000,0.0000000,0,0,0,0
755575537909708 D 2490,987365339,1000,1553,1553,2.3822722,-0.00072,-1,-1,-1,0,0,0,136,1,1,0,0.0000000,0.0000000,0.0000000,0,0,0,0
755575538922208 D 2491,987366339,1000,1553,1553,2.3822722,-0.00069,-1,-1,-1,0,0,0,136,1,1,0,0.0000000,0.0000000,0.0000000,0,0,0,0
755575539909208 D 2492,987367339,1000,1553,1553,2.3822722,-0.00067,-1,-1,-1,0,0,0,136,1,1,0,0.0000000,0.0000000,0.0000000,0,0,0,0
755575540923791 D 2493,987368339,1000,1553,1553,2.3822722,-0.00064,-1,-1,-1,0,0,0,136,1,1,0,0.0000000,0.0000000,0.0000000,0,0,0,0
755575541942583 D 2494,987369339,1000,1553,1553,2.3822722,-0.00061,-1,-1,-1,0,0,0,136,1,1,0,0.0000000,0.0000000,0.0000000,0,0,0,0
755575542940375 D 2495,987370339,1000,1553,1553,2.3822722,-0.00059,-1,-1,-1,0,0,0,136,1,1,0,0.0000000,0.0000000,0.0000000,0,0,0,0
755575543989291 D 2496,987371339,1000,1553,1553,2.3822722,-0.00057,-1,-1,-1,0,0,0,136,1,1,0,0.0000000,0.0000000,0.0000000,0,0,0,0
755575544927458 D 2497,987372339,1000,1553,1553,2.3822722,-0.00055,-1,-1,-1,0,0,0,136,1,1,0,0.0000000,0.0000000,0.0000000,0,0,0,0
755575545918416 D 2498,987373339,1000,1553,1553,2.3822722,-0.00052,-1,-1,-1,0,0,0,136,1,1,0,0.0000000,0.0000000,0.0000000,0,0,0,0
755575546925083 D 2499,987374339,1000,1553,1553,2.3822722,-0.00050,-1,-1,-1,0,0,0,136,1,1,0,0.0000000,0.0000000,0.0000000,0,0,0,0
755575547963083 D 2500,987375339,1000,1553,1553,2.3822722,-0.00048,-1,-1,-1,0,0,0,136,1,1,0,0.0000000,0.0000000,0.0000000,0,0,0,0
755575548911833 D 2501,987376339,1000,1553,1553,2.3822722,-0.00046,-1,-1,-1,0,0,0,136,1,1,0,0.0000000,0.0000000,0.0000000,0,0,0,0
755575549914333 D 2502,987377339,1000,1553,1553,2.3822722,-0.00045,-1,-1,-1,0,0,0,136,1,1,0,0.0000000,0.0000000,0.0000000,0,0,0,0
755575550903000 D 2503,987378339,1000,1553,1553,2.3822722,-0.00043,-1,-1,-1,0,0,0,136,1,1,0,0.0000000,0.0000000,0.0000000,0,0,0,0
755575551908250 D 2504,987379339,1000,1553,1553,2.3822722,-0.00041,-1,-1,-1,0,0,0,136,1,1,0,0.0000000,0.0000000,0.0000000,0,0,0,0
755575553134500 D 2505,987380339,1000,1553,1553,2.3822722,-0.00040,-1,-1,-1,0,0,0,136,1,1,0,0.0000000,0.0000000,0.0000000,0,0,0,0
755575554130833 D 2506,987381339,1000,1553,1553,2.3822722,-0.00038,-1,-1,-1,0,0,0,136,1,1,0,0.0000000,0.0000000,0.0000000,0,0,0,0
755575555095125 D 2507,987382339,1000,1553,1553,2.3822722,-0.00037,-1,-1,-1,0,0,0,136,1,1,0,0.0000000,0.0000000,0.0000000,0,0,0,0
755575555898583 D 2508,987383339,1000,1553,1553,2.3822722,-0.00035,-1,-1,-1,0,0,0,135,1,1,0,0.0000000,0.0000000,0.0000000,0,0,0,0
755575556906958 D 2509,987384339,1000,1553,1553,2.3822722,-0.00034,-1,-1,-1,0,0,0,136,1,1,0,0.0000000,0.0000000,0.0000000,0,0,0,0
755575557993833 D 2510,987385339,1000,1553,1553,2.3822722,-0.00032,-1,-1,-1,0,0,0,136,1,1,0,0.0000000,0.0000000,0.0000000,0,0,0,0
755575558954958 D 2511,987386339,1000,1553,1553,2.3822722,-0.00031,-1,-1,-1,0,0,0,136,1,1,0,0.0000000,0.0000000,0.0000000,0,0,0,0
755575559895541 D 2512,987387339,1000,1553,1553,2.3822722,-0.00030,-1,-1,-1,0,0,0,136,1,1,0,0.0000000,0.0000000,0.0000000,0,0,0,0
755575560890125 D 2513,987388339,1000,1554,1554,2.3838062,0.05986,-1,-1,-1,0,0,0,136,1,1,0,0.0000000,0.0000000,0.0000000,0,0,0,0
755575561931916 D 2514,987389339,1000,1553,1553,2.3822722,-0.00263,-1,-1,-1,0,0,0,136,1,1,0,0.0000000,0.0000000,0.0000000,0,0,0,0
755575562931500 D 2515,987390339,1000,1553,1553,2.3822722,-0.00253,-1,-1,-1,0,0,0,136,1,1,0,0.0000000,0.0000000,0.0000000,0,0,0,0
755575563895583 D 2516,987391339,1000,1553,1553,2.3822722,-0.00243,-1,-1,-1,0,0,0,136,1,1,0,0.0000000,0.0000000,0.0000000,0,0,0,0
755575564886375 D 2517,987392339,1000,1553,1553,2.3822722,-0.00234,-1,-1,-1,0,0,0,136,1,1,0,0.0000000,0.0000000,0.0000000,0,0,0,0
755575565901458 D 2518,987393339,1000,1553,1553,2.3822722,-0.00225,-1,-1,-1,0,0,0,136,1,1,0,0.0000000,0.0000000,0.0000000,0,0,0,0
755575566917791 D 2519,987394339,1000,1553,1553,2.3822722,-0.00216,-1,-1,-1,0,0,0,136,1,1,0,0.0000000,0.0000000,0.0000000,0,0,0,0
755575567945125 D 2520,987395339,1000,1553,1553,2.3822722,-0.00207,-1,-1,-1,0,0,0,136,1,1,0,0.0000000,0.0000000,0.0000000,0,0,0,0
755575568907291 D 2521,987396339,1000,1553,1553,2.3822722,-0.00199,-1,-1,-1,0,0,0,136,1,1,0,0.0000000,0.0000000,0.0000000,0,0,0,0
755575569889625 D 2522,987397339,1000,1553,1553,2.3822722,-0.00191,-1,-1,-1,0,0,0,136,1,1,0,0.0000000,0.0000000,0.0000000,0,0,0,0
755575570982083 D 2523,987398339,1000,1553,1553,2.3822722,-0.00184,-1,-1,-1,0,0,0,136,1,1,0,0.0000000,0.0000000,0.0000000,0,0,0,0
755575571936791 D 2524,987399339,1000,1553,1553,2.3822722,-0.00177,-1,-1,-1,0,0,0,136,1,1,0,0.0000000,0.0000000,0.0000000,0,0,0,0
755575573009541 D 2525,987400339,1000,1553,1553,2.3822722,-0.00170,-1,-1,-1,0,0,0,136,1,1,0,0.0000000,0.0000000,0.0000000,0,0,0,0
755575574045416 D 2526,987401339,1000,1553,1553,2.3822722,-0.00163,-1,-1,-1,0,0,0,136,1,1,0,0.0000000,0.0000000,0.0000000,0,0,0,0
755575575394833 D 2527,987402339,1000,1553,1553,2.3822722,-0.00157,39,128,2088,0,0,0,136,1,1,0,0.0000000,0.0000000,0.0000000,0,0,0,0
755575576020625 D 2528,987403339,1000,1553,1553,2.3822722,-0.00150,-1,-1,-1,0,0,0,136,1,1,0,0.0000000,0.0000000,0.0000000,0,0,0,0
755575577005416 D 2529,987404339,1000,1553,1553,2.3822722,-0.00145,-1,-1,-1,0,0,0,136,1,1,0,0.0000000,0.0000000,0.0000000,0,0,0,0
755575578015625 D 2530,987405339,1000,1553,1553,2.3822722,-0.00139,-1,-1,-1,0,0,0,136,1,1,0,0.0000000,0.0000000,0.0000000,0,0,0,0
755575578976291 D 2531,987406339,1000,1553,1553,2.3822722,-0.00133,-1,-1,-1,0,0,0,136,1,1,0,0.0000000,0.0000000,0.0000000,0,0,0,0
755575579949583 D 2532,987407339,1000,1553,1553,2.3822722,-0.00128,-1,-1,-1,0,0,0,136,1,1,0,0.0000000,0.0000000,0.0000000,0,0,0,0
755575580972125 D 2533,987408339,1000,1553,1553,2.3822722,-0.00123,-1,-1,-1,0,0,0,136,1,1,0,0.0000000,0.0000000,0.0000000,0,0,0,0
755575581993833 D 2534,987409339,1000,1553,1553,2.3822722,-0.00118,-1,-1,-1,0,0,0,136,1,1,0,0.0000000,0.0000000,0.0000000,0,0,0,0
755575582964291 D 2535,987410339,1000,1553,1553,2.3822722,-0.00114,-1,-1,-1,0,0,0,136,1,1,0,0.0000000,0.0000000,0.0000000,0,0,0,0
755575583922041 D 2536,987411339,1000,1553,1553,2.3822722,-0.00109,-1,-1,-1,0,0,0,136,1,1,0,0.0000000,0.0000000,0.0000000,0,0,0,0
755575584887125 D 2537,987412339,1000,1553,1553,2.3822722,-0.00105,-1,-1,-1,0,0,0,136,1,1,0,0.0000000,0.0000000,0.0000000,0,0,0,0
755575585838500 D 2538,987413339,1000,1553,1553,2.3822722,-0.00101,-1,-1,-1,0,0,0,136,1,1,0,0.0000000,0.0000000,0.0000000,0,0,0,0
755575586822583 D 2539,987414339,1000,1553,1553,2.3822722,-0.00097,-1,-1,-1,0,0,0,136,1,1,0,0.0000000,0.0000000,0.0000000,0,0,0,0
755575587803458 D 2540,987415339,1000,1553,1553,2.3822722,-0.00093,-1,-1,-1,0,0,0,136,1,1,0,0.0000000,0.0000000,0.0000000,0,0,0,0
755575588805083 D 2541,987416339,1000,1553,1553,2.3822722,-0.00089,-1,-1,-1,0,0,0,136,1,1,0,0.0000000,0.0000000,0.0000000,0,0,0,0
755575590137041 D 2542,987417339,1000,1553,1553,2.3822722,-0.00086,-1,-1,-1,0,0,0,136,1,1,0,0.0000000,0.0000000,0.0000000,0,0,0,0
755575591092916 D 2543,987418339,1000,1553,1553,2.3822722,-0.00083,-1,-1,-1,0,0,0,135,1,1,0,0.0000000,0.0000000,0.0000000,0,0,0,0
755575592092000 D 2544,987419339,1000,1553,1553,2.3822722,-0.00079,-1,-1,-1,0,0,0,136,1,1,0,0.0000000,0.0000000,0.0000000,0,0,0,0
755575592966958 D 2545,987420339,1000,1553,1553,2.3822722,-0.00076,-1,-1,-1,0,0,0,136,1,1,0,0.0000000,0.0000000,0.0000000,0,0,0,0
755575593880875 D 2546,987421339,1000,1553,1553,2.3822722,-0.00073,-1,-1,-1,0,0,0,136,1,1,0,0.0000000,0.0000000,0.0000000,0,0,0,0
755575594876416 D 2547,987422339,1000,1553,1553,2.3822722,-0.00070,-1,-1,-1,0,0,0,136,1,1,0,0.0000000,0.0000000,0.0000000,0,0,0,0
755575595869833 D 2548,987423339,1000,1553,1553,2.3822722,-0.00068,-1,-1,-1,0,0,0,136,1,1,0,0.0000000,0.0000000,0.0000000,0,0,0,0
755575596877750 D 2549,987424339,1000,1553,1553,2.3822722,-0.00065,-1,-1,-1,0,0,0,136,1,1,0,0.0000000,0.0000000,0.0000000,0,0,0,0
755575598139333 D 2550,987425339,1000,1553,1553,2.3822722,-0.00062,-1,-1,-1,0,0,0,136,1,1,0,0.0000000,0.0000000,0.0000000,0,0,0,0
755575599196458 D 2551,987426339,1000,1554,1554,2.3838062,0.05955,-1,-1,-1,0,0,0,136,1,1,0,0.0000000,0.0000000,0.0000000,0,0,0,0
755575600160625 D 2552,987427339,1000,1553,1553,2.3822722,-0.00293,-1,-1,-1,0,0,0,136,1,1,0,0.0000000,0.0000000,0.0000000,0,0,0,0
755575600958083 D 2553,987428339,1000,1553,1553,2.3822722,-0.00282,-1,-1,-1,0,0,0,136,1,1,0,0.0000000,0.0000000,0.0000000,0,0,0,0
755575601925041 D 2554,987429339,1000,1553,1553,2.3822722,-0.00271,-1,-1,-1,0,0,0,136,1,1,0,0.0000000,0.0000000,0.0000000,0,0,0,0
755575602906750 D 2555,987430339,1000,1553,1553,2.3822722,-0.00260,-1,-1,-1,0,0,0,136,1,1,0,0.0000000,0.0000000,0.0000000,0,0,0,0
755575604499041 D 2556,987431339,1000,1553,1553,2.3822722,-0.00250,-1,-1,-1,0,0,0,136,1,1,0,0.0000000,0.0000000,0.0000000,0,0,0,0
755575605000458 D 2557,987432339,1000,1553,1553,2.3822722,-0.00240,-1,-1,-1,0,0,0,136,1,1,0,0.0000000,0.0000000,0.0000000,0,0,0,0
755575605879833 D 2558,987433339,1000,1553,1553,2.3822722,-0.00231,-1,-1,-1,0,0,0,136,1,1,0,0.0000000,0.0000000,0.0000000,0,0,0,0
755575606951916 D 2559,987434339,1000,1553,1553,2.3822722,-0.00222,-1,-1,-1,0,0,0,136,1,1,0,0.0000000,0.0000000,0.0000000,0,0,0,0
755575607850583 D 2560,987435339,1000,1553,1553,2.3822722,-0.00213,-1,-1,-1,0,0,0,136,1,1,0,0.0000000,0.0000000,0.0000000,0,0,0,0
755575610395375 D 2561,987436339,1000,1553,1553,2.3822722,-0.00205,-1,-1,-1,0,0,0,136,1,1,0,0.0000000,0.0000000,0.0000000,0,0,0,0
755575610937125 D 2562,987437339,1000,1553,1553,2.3822722,-0.00197,-1,-1,-1,0,0,0,136,1,1,0,0.0000000,0.0000000,0.0000000,0,0,0,0
755575611745666 D 2563,987438339,1000,1553,1553,2.3822722,-0.00189,-1,-1,-1,0,0,0,136,1,1,0,0.0000000,0.0000000,0.0000000,0,0,0,0
755575612477541 D 2564,987439339,1000,1553,1553,2.3822722,-0.00182,-1,-1,-1,0,0,0,136,1,1,0,0.0000000,0.0000000,0.0000000,0,0,0,0
755575612986541 D 2565,987440339,1000,1553,1553,2.3822722,-0.00174,-1,-1,-1,0,0,0,136,1,1,0,0.0000000,0.0000000,0.0000000,0,0,0,0
755575615898125 D 2566,987441339,1000,1553,1553,2.3822722,-0.00168,-1,-1,-1,0,0,0,136,1,1,0,0.0000000,0.0000000,0.0000000,0,0,0,0
755575618524083 D 2567,987442339,1000,1554,1554,2.3838062,0.05854,-1,-1,-1,0,0,0,136,1,1,0,0.0000000,0.0000000,0.0000000,0,0,0,0
755575619047500 D 2568,987443339,1000,1553,1553,2.3822722,-0.00391,-1,-1,-1,0,0,0,136,1,1,0,0.0000000,0.0000000,0.0000000,0,0,0,0
755575620503708 D 2569,987444339,1000,1553,1553,2.3822722,-0.00375,-1,-1,-1,0,0,0,136,1,1,0,0.0000000,0.0000000,0.0000000,0,0,0,0
755575620820208 D 2570,987445339,1000,1553,1553,2.3822722,-0.00361,-1,-1,-1,0,0,0,136,1,1,0,0.0000000,0.0000000,0.0000000,0,0,0,0
755575621115416 D 2571,987446339,1000,1553,1553,2.3822722,-0.00346,-1,-1,-1,0,0,0,136,1,1,0,0.0000000,0.0000000,0.0000000,0,0,0,0
755575621411833 D 2572,987447339,1000,1553,1553,2.3822722,-0.00333,-1,-1,-1,0,0,0,136,1,1,0,0.0000000,0.0000000,0.0000000,0,0,0,0
755575621706333 D 2573,987448339,1000,1553,1553,2.3822722,-0.00320,-1,-1,-1,0,0,0,136,1,1,0,0.0000000,0.0000000,0.0000000,0,0,0,0
755575621999916 D 2574,987449339,1000,1553,1553,2.3822722,-0.00307,-1,-1,-1,0,0,0,136,1,1,0,0.0000000,0.0000000,0.0000000,0,0,0,0
755575623185333 D 2575,987450339,1000,1553,1553,2.3822722,-0.00295,-1,-1,-1,0,0,0,136,1,1,0,0.0000000,0.0000000,0.0000000,0,0,0,0
755575637373000 D 2576,987451339,1000,1553,1553,2.3822722,-0.00284,-1,-1,-1,0,0,0,136,1,1,0,0.0000000,0.0000000,0.0000000,0,0,0,0
755575639368208 D 2577,987452339,1000,1553,1553,2.3822722,-0.00273,39,128,2087,0,0,0,136,1,1,0,0.0000000,0.0000000,0.0000000,0,0,0,0
755575639699166 D 2578,987453339,1000,1553,1553,2.3822722,-0.00262,-1,-1,-1,0,0,0,136,1,1,0,0.0000000,0.0000000,0.0000000,0,0,0,0
755575646853750 D 2579,987454339,1000,1553,1553,2.3822722,-0.00252,-1,-1,-1,0,0,0,136,1,1,0,0.0000000,0.0000000,0.0000000,0,0,0,0
755575649281875 D 2580,987455339,1000,1553,1553,2.3822722,-0.00242,-1,-1,-1,0,0,0,136,1,1,0,0.0000000,0.0000000,0.0000000,0,0,0,0
755575652338708 D 2581,987456339,1000,1553,1553,2.3822722,-0.00232,-1,-1,-1,0,0,0,136,1,1,0,0.0000000,0.0000000,0.0000000,0,0,0,0
755575654517125 D 2582,987457339,1000,1553,1553,2.3822722,-0.00223,-1,-1,-1,0,0,0,136,1,1,0,0.0000000,0.0000000,0.0000000,0,0,0,0
755575671896250 D 2583,987458339,1000,1553,1553,2.3822722,-0.00214,-1,-1,-1,0,0,0,136,1,1,0,0.0000000,0.0000000,0.0000000,0,0,0,0
755575674000583 D 2584,987459339,1000,1553,1553,2.3822722,-0.00206,-1,-1,-1,0,0,0,136,1,1,0,0.0000000,0.0000000,0.0000000,0,0,0,0
755575674833250 D 2585,987460339,1000,1553,1553,2.3822722,-0.00198,-1,-1,-1,0,0,0,136,1,1,0,0.0000000,0.0000000,0.0000000,0,0,0,0
755575675525250 D 2586,987461339,1000,1553,1553,2.3822722,-0.00190,-1,-1,-1,0,0,0,136,1,1,0,0.0000000,0.0000000,0.0000000,0,0,0,0
755575676310875 D 2587,987462339,1000,1553,1553,2.3822722,-0.00183,-1,-1,-1,0,0,0,136,1,1,0,0.0000000,0.0000000,0.0000000,0,0,0,0
755575677174000 D 2588,987463339,1000,1553,1553,2.3822722,-0.00176,-1,-1,-1,0,0,0,136,1,1,0,0.0000000,0.0000000,0.0000000,0,0,0,0
755575678580791 D 2589,987464339,1000,1553,1553,2.3822722,-0.00169,-1,-1,-1,0,0,0,136,1,1,0,0.0000000,0.0000000,0.0000000,0,0,0,0
755575679620833 D 2590,987465339,1000,1553,1553,2.3822722,-0.00162,-1,-1,-1,0,0,0,136,1,1,0,0.0000000,0.0000000,0.0000000,0,0,0,0
755575681014000 D 2591,987466339,1000,1553,1553,2.3822722,-0.00156,-1,-1,-1,0,0,0,136,1,1,0,0.0000000,0.0000000,0.0000000,0,0,0,0
755575682254333 D 2592,987467339,1000,1553,1553,2.3822722,-0.00150,-1,-1,-1,0,0,0,136,1,1,0,0.0000000,0.0000000,0.0000000,0,0,0,0
755575684310375 D 2593,987468339,1000,1553,1553,2.3822722,-0.00144,-1,-1,-1,0,0,0,136,1,1,0,0.0000000,0.0000000,0.0000000,0,0,0,0
755575686943500 D 2594,987469339,1000,1553,1553,2.3822722,-0.00138,-1,-1,-1,0,0,0,136,1,1,0,0.0000000,0.0000000,0.0000000,0,0,0,0
755575688200375 D 2595,987470339,1000,1553,1553,2.3822722,-0.00133,-1,-1,-1,0,0,0,136,1,1,0,0.0000000,0.0000000,0.0000000,0,0,0,0
755575690475375 D 2596,987471339,1000,1553,1553,2.3822722,-0.00127,-1,-1,-1,0,0,0,136,1,1,0,0.0000000,0.0000000,0.0000000,0,0,0,0
755575691825958 D 2597,987472339,1000,1553,1553,2.3822722,-0.00122,-1,-1,-1,0,0,0,136,1,1,0,0.0000000,0.0000000,0.0000000,0,0,0,0
755575692432250 D 2598,987473339,1000,1553,1553,2.3822722,-0.00118,-1,-1,-1,0,0,0,136,1,1,0,0.0000000,0.0000000,0.0000000,0,0,0,0
755575693065125 D 2599,987474339,1000,1553,1553,2.3822722,-0.00113,-1,-1,-1,0,0,0,136,1,1,0,0.0000000,0.0000000,0.0000000,0,0,0,0
755575693517166 D 2600,987475339,1000,1553,1553,2.3822722,-0.00109,-1,-1,-1,0,0,0,136,1,1,0,0.0000000,0.0000000,0.0000000,0,0,0,0
755575693923583 D 2601,987476339,1000,1553,1553,2.3822722,-0.00104,-1,-1,-1,0,0,0,136,1,1,0,0.0000000,0.0000000,0.0000000,0,0,0,0
755575694570333 D 2602,987477339,1000,1553,1553,2.3822722,-0.00100,-1,-1,-1,0,0,0,136,1,1,0,0.0000000,0.0000000,0.0000000,0,0,0,0
755575694961583 D 2603,987478339,1000,1553,1553,2.3822722,-0.00096,-1,-1,-1,0,0,0,136,1,1,0,0.0000000,0.0000000,0.0000000,0,0,0,0
755575695295208 D 2604,987479339,1000,1553,1553,2.3822722,-0.00093,-1,-1,-1,0,0,0,136,1,1,0,0.0000000,0.0000000,0.0000000,0,0,0,0
755575695630000 D 2605,987480339,1000,1553,1553,2.3822722,-0.00089,-1,-1,-1,0,0,0,136,1,1,0,0.0000000,0.0000000,0.0000000,0,0,0,0
755575695960583 D 2606,987481339,1000,1553,1553,2.3822722,-0.00085,-1,-1,-1,0,0,0,136,1,1,0,0.0000000,0.0000000,0.0000000,0,0,0,0
755575696311333 D 2607,987482339,1000,1553,1553,2.3822722,-0.00082,-1,-1,-1,0,0,0,136,1,1,0,0.0000000,0.0000000,0.0000000,0,0,0,0
755575696642958 D 2608,987483339,1000,1553,1553,2.3822722,-0.00079,-1,-1,-1,0,0,0,136,1,1,0,0.0000000,0.0000000,0.0000000,0,0,0,0
755575696945541 D 2609,987484339,1000,1553,1553,2.3822722,-0.00076,-1,-1,-1,0,0,0,136,1,1,0,0.0000000,0.0000000,0.0000000,0,0,0,0
755575697262708 D 2610,987485339,1000,1553,1553,2.3822722,-0.00073,-1,-1,-1,0,0,0,136,1,1,0,0.0000000,0.0000000,0.0000000,0,0,0,0
755575697626375 D 2611,987486339,1000,1553,1553,2.3822722,-0.00070,-1,-1,-1,0,0,0,136,1,1,0,0.0000000,0.0000000,0.0000000,0,0,0,0
755575698010208 D 2612,987487339,1000,1553,1553,2.3822722,-0.00067,-1,-1,-1,0,0,0,136,1,1,0,0.0000000,0.0000000,0.0000000,0,0,0,0
755575698586083 D 2613,987488339,1000,1553,1553,2.3822722,-0.00065,-1,-1,-1,0,0,0,135,1,1,0,0.0000000,0.0000000,0.0000000,0,0,0,0
755575699099791 D 2614,987489339,1000,1553,1553,2.3822722,-0.00062,-1,-1,-1,0,0,0,136,1,1,0,0.0000000,0.0000000,0.0000000,0,0,0,0
755575699484541 D 2615,987490339,1000,1553,1553,2.3822722,-0.00060,-1,-1,-1,0,0,0,136,1,1,0,0.0000000,0.0000000,0.0000000,0,0,0,0
755575699945541 D 2616,987491339,1000,1553,1553,2.3822722,-0.00057,-1,-1,-1,0,0,0,136,1,1,0,0.0000000,0.0000000,0.0000000,0,0,0,0
755575700572166 D 2617,987492339,1000,1553,1553,2.3822722,-0.00055,-1,-1,-1,0,0,0,136,1,1,0,0.0000000,0.0000000,0.0000000,0,0,0,0
755575700901875 D 2618,987493339,1000,1553,1553,2.3822722,-0.00053,-1,-1,-1,0,0,0,136,1,1,0,0.0000000,0.0000000,0.0000000,0,0,0,0
755575701216083 D 2619,987494339,1000,1553,1553,2.3822722,-0.00051,-1,-1,-1,0,0,0,136,1,1,0,0.0000000,0.0000000,0.0000000,0,0,0,0
755575701684000 D 2620,987495339,1000,1553,1553,2.3822722,-0.00049,-1,-1,-1,0,0,0,136,1,1,0,0.0000000,0.0000000,0.0000000,0,0,0,0
755575702081875 D 2621,987496339,1000,1553,1553,2.3822722,-0.00047,-1,-1,-1,0,0,0,136,1,1,0,0.0000000,0.0000000,0.0000000,0,0,0,0
755575702641166 D 2622,987497339,1000,1553,1553,2.3822722,-0.00045,-1,-1,-1,0,0,0,136,1,1,0,0.0000000,0.0000000,0.0000000,0,0,0,0
755575703112958 D 2623,987498339,1000,1553,1553,2.3822722,-0.00043,-1,-1,-1,0,0,0,136,1,1,0,0.0000000,0.0000000,0.0000000,0,0,0,0
755575704254166 D 2624,987499339,1000,1553,1553,2.3822722,-0.00042,-1,-1,-1,0,0,0,136,1,1,0,0.0000000,0.0000000,0.0000000,0,0,0,0
755575704706125 D 2625,987500339,1000,1553,1553,2.3822722,-0.00040,-1,-1,-1,0,0,0,136,1,1,0,0.0000000,0.0000000,0.0000000,0,0,0,0
755575705297000 D 2626,987501339,1000,1553,1553,2.3822722,-0.00038,-1,-1,-1,0,0,0,136,1,1,0,0.0000000,0.0000000,0.0000000,0,0,0,0
755575705716041 D 2627,987502339,1000,1553,1553,2.3822722,-0.00037,39,128,2087,0,0,0,136,1,1,0,0.0000000,0.0000000,0.0000000,0,0,0,0
755575706013708 D 2628,987503339,1000,1553,1553,2.3822722,-0.00035,-1,-1,-1,0,0,0,136,1,1,0,0.0000000,0.0000000,0.0000000,0,0,0,0
755575706338791 D 2629,987504339,1000,1553,1553,2.3822722,-0.00034,-1,-1,-1,0,0,0,136,1,1,0,0.0000000,0.0000000,0.0000000,0,0,0,0
755575706704416 D 2630,987505339,1000,1553,1553,2.3822722,-0.00033,-1,-1,-1,0,0,0,136,1,1,0,0.0000000,0.0000000,0.0000000,0,0,0,0
755575707103458 D 2631,987506339,1000,1553,1553,2.3822722,-0.00031,-1,-1,-1,0,0,0,136,1,1,0,0.0000000,0.0000000,0.0000000,0,0,0,0
755575707419833 D 2632,987507339,1000,1553,1553,2.3822722,-0.00030,-1,-1,-1,0,0,0,136,1,1,0,0.0000000,0.0000000,0.0000000,0,0,0,0
755575707808625 D 2633,987508339,1000,1553,1553,2.3822722,-0.00029,-1,-1,-1,0,0,0,136,1,1,0,0.0000000,0.0000000,0.0000000,0,0,0,0
755575708192666 D 2634,987509339,1000,1553,1553,2.3822722,-0.00028,-1,-1,-1,0,0,0,135,1,1,0,0.0000000,0.0000000,0.0000000,0,0,0,0
755575708608416 D 2635,987510339,1000,1553,1553,2.3822722,-0.00027,-1,-1,-1,0,0,0,136,1,1,0,0.0000000,0.0000000,0.0000000,0,0,0,0
755575709033208 D 2636,987511339,1000,1553,1553,2.3822722,-0.00026,-1,-1,-1,0,0,0,136,1,1,0,0.0000000,0.0000000,0.0000000,0,0,0,0
755575709468208 D 2637,987512339,1000,1553,1553,2.3822722,-0.00025,-1,-1,-1,0,0,0,136,1,1,0,0.0000000,0.0000000,0.0000000,0,0,0,0
755575709834000 D 2638,987513339,1000,1553,1553,2.3822722,-0.00024,-1,-1,-1,0,0,0,136,1,1,0,0.0000000,0.0000000,0.0000000,0,0,0,0
755575710257041 D 2639,987514339,1000,1553,1553,2.3822722,-0.00023,-1,-1,-1,0,0,0,136,1,1,0,0.0000000,0.0000000,0.0000000,0,0,0,0
755575710607791 D 2640,987515339,1000,1553,1553,2.3822722,-0.00022,-1,-1,-1,0,0,0,136,1,1,0,0.0000000,0.0000000,0.0000000,0,0,0,0
755575711027458 D 2641,987516339,1000,1553,1553,2.3822722,-0.00021,-1,-1,-1,0,0,0,136,1,1,0,0.0000000,0.0000000,0.0000000,0,0,0,0
755575711380416 D 2642,987517339,1000,1553,1553,2.3822722,-0.00020,-1,-1,-1,0,0,0,136,1,1,0,0.0000000,0.0000000,0.0000000,0,0,0,0
755575711732583 D 2643,987518339,1000,1553,1553,2.3822722,-0.00019,-1,-1,-1,0,0,0,136,1,1,0,0.0000000,0.0000000,0.0000000,0,0,0,0
755575712083291 D 2644,987519339,1000,1553,1553,2.3822722,-0.00019,-1,-1,-1,0,0,0,136,1,1,0,0.0000000,0.0000000,0.0000000,0,0,0,0
755575712452000 D 2645,987520339,1000,1553,1553,2.3822722,-0.00018,-1,-1,-1,0,0,0,136,1,1,0,0.0000000,0.0000000,0.0000000,0,0,0,0
755575712978625 D 2646,987521339,1000,1553,1553,2.3822722,-0.00017,-1,-1,-1,0,0,0,136,1,1,0,0.0000000,0.0000000,0.0000000,0,0,0,0
755575713778208 D 2647,987522339,1000,1553,1553,2.3822722,-0.00017,-1,-1,-1,0,0,0,136,1,1,0,0.0000000,0.0000000,0.0000000,0,0,0,0
755575714156708 D 2648,987523339,1000,1553,1553,2.3822722,-0.00016,-1,-1,-1,0,0,0,136,1,1,0,0.0000000,0.0000000,0.0000000,0,0,0,0
755575714584916 D 2649,987524339,1000,1553,1553,2.3822722,-0.00015,-1,-1,-1,0,0,0,136,1,1,0,0.0000000,0.0000000,0.0000000,0,0,0,0
755575715314666 D 2650,987525339,1000,1553,1553,2.3822722,-0.00015,-1,-1,-1,0,0,0,136,1,1,0,0.0000000,0.0000000,0.0000000,0,0,0,0
755575716049125 D 2651,987526339,1000,1553,1553,2.3822722,-0.00014,-1,-1,-1,0,0,0,136,1,1,0,0.0000000,0.0000000,0.0000000,0,0,0,0
755575716966500 D 2652,987527339,1000,1553,1553,2.3822722,-0.00014,-1,-1,-1,0,0,0,136,1,1,0,0.0000000,0.0000000,0.0000000,0,0,0,0
755575717613291 D 2653,987528339,1000,1553,1553,2.3822722,-0.00013,-1,-1,-1,0,0,0,136,1,1,0,0.0000000,0.0000000,0.0000000,0,0,0,0
755575718164166 D 2654,987529339,1000,1553,1553,2.3822722,-0.00013,-1,-1,-1,0,0,0,136,1,1,0,0.0000000,0.0000000,0.0000000,0,0,0,0
755575718912500 D 2655,987530339,1000,1553,1553,2.3822722,-0.00012,-1,-1,-1,0,0,0,136,1,1,0,0.0000000,0.0000000,0.0000000,0,0,0,0
755575719995833 D 2656,987531339,1000,1553,1553,2.3822722,-0.00012,-1,-1,-1,0,0,0,136,1,1,0,0.0000000,0.0000000,0.0000000,0,0,0,0
755575721546625 D 2657,987532339,1000,1553,1553,2.3822722,-0.00011,-1,-1,-1,0,0,0,136,1,1,0,0.0000000,0.0000000,0.0000000,0,0,0,0
755575722120041 D 2658,987533339,1000,1553,1553,2.3822722,-0.00011,-1,-1,-1,0,0,0,136,1,1,0,0.0000000,0.0000000,0.0000000,0,0,0,0
755575722770000 D 2659,987534339,1000,1553,1553,2.3822722,-0.00010,-1,-1,-1,0,0,0,136,1,1,0,0.0000000,0.0000000,0.0000000,0,0,0,0
755575723548583 D 2660,987535339,1000,1553,1553,2.3822722,-0.00010,-1,-1,-1,0,0,0,136,1,1,0,0.0000000,0.0000000,0.0000000,0,0,0,0
755575724099333 D 2661,987536339,1000,1553,1553,2.3822722,-0.00009,-1,-1,-1,0,0,0,136,1,1,0,0.0000000,0.0000000,0.0000000,0,0,0,0
755575724925750 D 2662,987537339,1000,1553,1553,2.3822722,-0.00009,-1,-1,-1,0,0,0,135,1,1,0,0.0000000,0.0000000,0.0000000,0,0,0,0
755575725413583 D 2663,987538339,1000,1553,1553,2.3822722,-0.00009,-1,-1,-1,0,0,0,136,1,1,0,0.0000000,0.0000000,0.0000000,0,0,0,0
755575725861333 D 2664,987539339,1000,1553,1553,2.3822722,-0.00008,-1,-1,-1,0,0,0,136,1,1,0,0.0000000,0.0000000,0.0000000,0,0,0,0
755575726262500 D 2665,987540339,1000,1553,1553,2.3822722,-0.00008,-1,-1,-1,0,0,0,136,1,1,0,0.0000000,0.0000000,0.0000000,0,0,0,0
755575726604083 D 2666,987541339,1000,1553,1553,2.3822722,-0.00008,-1,-1,-1,0,0,0,136,1,1,0,0.0000000,0.0000000,0.0000000,0,0,0,0
755575726989500 D 2667,987542339,1000,1553,1553,2.3822722,-0.00007,-1,-1,-1,0,0,0,136,1,1,0,0.0000000,0.0000000,0.0000000,0,0,0,0
755575727333208 D 2668,987543339,1000,1553,1553,2.3822722,-0.00007,-1,-1,-1,0,0,0,136,1,1,0,0.0000000,0.0000000,0.0000000,0,0,0,0
755575727679833 D 2669,987544339,1000,1553,1553,2.3822722,-0.00007,-1,-1,-1,0,0,0,136,1,1,0,0.0000000,0.0000000,0.0000000,0,0,0,0
755575728017166 D 2670,987545339,1000,1553,1553,2.3822722,-0.00007,-1,-1,-1,0,0,0,136,1,1,0,0.0000000,0.0000000,0.0000000,0,0,0,0
755575728356333 D 2671,987546339,1000,1553,1553,2.3822722,-0.00006,-1,-1,-1,0,0,0,136,1,1,0,0.0000000,0.0000000,0.0000000,0,0,0,0
755575728784833 D 2672,987547339,1000,1553,1553,2.3822722,-0.00006,-1,-1,-1,0,0,0,136,1,1,0,0.0000000,0.0000000,0.0000000,0,0,0,0
755575729127291 D 2673,987548339,1000,1553,1553,2.3822722,-0.00006,-1,-1,-1,0,0,0,136,1,1,0,0.0000000,0.0000000,0.0000000,0,0,0,0
755575729666791 D 2674,987549339,1000,1553,1553,2.3822722,-0.00006,-1,-1,-1,0,0,0,136,1,1,0,0.0000000,0.0000000,0.0000000,0,0,0,0
755575730000541 D 2675,987550339,1000,1553,1553,2.3822722,-0.00005,-1,-1,-1,0,0,0,136,1,1,0,0.0000000,0.0000000,0.0000000,0,0,0,0
755575730568916 D 2676,987551339,1000,1553,1553,2.3822722,-0.00005,-1,-1,-1,0,0,0,136,1,1,0,0.0000000,0.0000000,0.0000000,0,0,0,0
755575731450708 D 2677,987552339,1000,1553,1553,2.3822722,-0.00005,39,128,2086,0,0,0,136,1,1,0,0.0000000,0.0000000,0.0000000,0,0,0,0
755575731975958 D 2678,987553339,1000,1553,1553,2.3822722,-0.00005,-1,-1,-1,0,0,0,136,1,1,0,0.0000000,0.0000000,0.0000000,0,0,0,0
755575732797875 D 2679,987554339,1000,1553,1553,2.3822722,-0.00005,-1,-1,-1,0,0,0,136,1,1,0,0.0000000,0.0000000,0.0000000,0,0,0,0
755575733550916 D 2680,987555339,1000,1553,1553,2.3822722,-0.00004,-1,-1,-1,0,0,0,136,1,1,0,0.0000000,0.0000000,0.0000000,0,0,0,0
755575734235583 D 2681,987556339,1000,1553,1553,2.3822722,-0.00004,-1,-1,-1,0,0,0,136,1,1,0,0.0000000,0.0000000,0.0000000,0,0,0,0
755575734693916 D 2682,987557339,1000,1553,1553,2.3822722,-0.00004,-1,-1,-1,0,0,0,136,1,1,0,0.0000000,0.0000000,0.0000000,0,0,0,0
755575735154125 D 2683,987558339,1000,1553,1553,2.3822722,-0.00004,-1,-1,-1,0,0,0,136,1,1,0,0.0000000,0.0000000,0.0000000,0,0,0,0
755575735511166 D 2684,987559339,1000,1553,1553,2.3822722,-0.00004,-1,-1,-1,0,0,0,136,1,1,0,0.0000000,0.0000000,0.0000000,0,0,0,0
755575735907583 D 2685,987560339,1000,1553,1553,2.3822722,-0.00004,-1,-1,-1,0,0,0,136,1,1,0,0.0000000,0.0000000,0.0000000,0,0,0,0
755575736207291 D 2686,987561339,1000,1553,1553,2.3822722,-0.00003,-1,-1,-1,0,0,0,136,1,1,0,0.0000000,0.0000000,0.0000000,0,0,0,0
755575736662791 D 2687,987562339,1000,1554,1554,2.3838062,0.06011,-1,-1,-1,0,0,0,136,1,1,0,0.0000000,0.0000000,0.0000000,0,0,0,0
755575737011541 D 2688,987563339,1000,1553,1553,2.3822722,-0.00239,-1,-1,-1,0,0,0,136,1,1,0,0.0000000,0.0000000,0.0000000,0,0,0,0
755575737790625 D 2689,987564339,1000,1553,1553,2.3822722,-0.00230,-1,-1,-1,0,0,0,136,1,1,0,0.0000000,0.0000000,0.0000000,0,0,0,0
755575738582583 D 2690,987565339,1000,1553,1553,2.3822722,-0.00221,-1,-1,-1,0,0,0,136,1,1,0,0.0000000,0.0000000,0.0000000,0,0,0,0
755575739035541 D 2691,987566339,1000,1553,1553,2.3822722,-0.00212,-1,-1,-1,0,0,0,136,1,1,0,0.0000000,0.0000000,0.0000000,0,0,0,0
755575739608625 D 2692,987567339,1000,1553,1553,2.3822722,-0.00204,-1,-1,-1,0,0,0,136,1,1,0,0.0000000,0.0000000,0.0000000,0,0,0,0
755575741578541 D 2693,987568339,1000,1553,1553,2.3822722,-0.00196,-1,-1,-1,0,0,0,136,1,1,0,0.0000000,0.0000000,0.0000000,0,0,0,0
755575742031000 D 2694,987569339,1000,1553,1553,2.3822722,-0.00188,-1,-1,-1,0,0,0,136,1,1,0,0.0000000,0.0000000,0.0000000,0,0,0,0
755575742606500 D 2695,987570339,1000,1553,1553,2.3822722,-0.00181,-1,-1,-1,0,0,0,136,1,1,0,0.0000000,0.0000000,0.0000000,0,0,0,0
755575744372458 D 2696,987571339,1000,1553,1553,2.3822722,-0.00174,-1,-1,-1,0,0,0,136,1,1,0,0.0000000,0.0000000,0.0000000,0,0,0,0
755575745374791 D 2697,987572339,1000,1553,1553,2.3822722,-0.00167,-1,-1,-1,0,0,0,136,1,1,0,0.0000000,0.0000000,0.0000000,0,0,0,0
755575746274166 D 2698,987573339,1000,1553,1553,2.3822722,-0.00160,-1,-1,-1,0,0,0,136,1,1,0,0.0000000,0.0000000,0.0000000,0,0,0,0
755575746931250 D 2699,987574339,1000,1553,1553,2.3822722,-0.00154,-1,-1,-1,0,0,0,136,1,1,0,0.0000000,0.0000000,0.0000000,0,0,0,0
755575747692333 D 2700,987575339,1000,1553,1553,2.3822722,-0.00148,-1,-1,-1,0,0,0,136,1,1,0,0.0000000,0.0000000,0.0000000,0,0,0,0
755575748750208 D 2701,987576339,1000,1554,1554,2.3838062,0.05873,-1,-1,-1,0,0,0,136,1,1,0,0.0000000,0.0000000,0.0000000,0,0,0,0
755575749698375 D 2702,987577339,1000,1553,1553,2.3822722,-0.00372,-1,-1,-1,0,0,0,136,1,1,0,0.0000000,0.0000000,0.0000000,0,0,0,0
755575750799375 D 2703,987578339,1000,1553,1553,2.3822722,-0.00358,-1,-1,-1,0,0,0,136,1,1,0,0.0000000,0.0000000,0.0000000,0,0,0,0
755575751606416 D 2704,987579339,1000,1553,1553,2.3822722,-0.00344,-1,-1,-1,0,0,0,136,1,1,0,0.0000000,0.0000000,0.0000000,0,0,0,0
755575752627500 D 2705,987580339,1000,1553,1553,2.3822722,-0.00330,-1,-1,-1,0,0,0,136,1,1,0,0.0000000,0.0000000,0.0000000,0,0,0,0
755575753638041 D 2706,987581339,1000,1553,1553,2.3822722,-0.00317,-1,-1,-1,0,0,0,136,1,1,0,0.0000000,0.0000000,0.0000000,0,0,0,0
755575755141708 D 2707,987582339,1000,1553,1553,2.3822722,-0.00305,-1,-1,-1,0,0,0,136,1,1,0,0.0000000,0.0000000,0.0000000,0,0,0,0
755575755745541 D 2708,987583339,1000,1553,1553,2.3822722,-0.00293,-1,-1,-1,0,0,0,136,1,1,0,0.0000000,0.0000000,0.0000000,0,0,0,0
755575756697708 D 2709,987584339,1000,1553,1553,2.3822722,-0.00281,-1,-1,-1,0,0,0,136,1,1,0,0.0000000,0.0000000,0.0000000,0,0,0,0
755575757937916 D 2710,987585339,1000,1553,1553,2.3822722,-0.00270,-1,-1,-1,0,0,0,136,1,1,0,0.0000000,0.0000000,0.0000000,0,0,0,0
755575758558333 D 2711,987586339,1000,1553,1553,2.3822722,-0.00260,-1,-1,-1,0,0,0,136,1,1,0,0.0000000,0.0000000,0.0000000,0,0,0,0
755575759538333 D 2712,987587339,1000,1553,1553,2.3822722,-0.00250,-1,-1,-1,0,0,0,136,1,1,0,0.0000000,0.0000000,0.0000000,0,0,0,0
755575761105375 D 2713,987588339,1000,1553,1553,2.3822722,-0.00240,-1,-1,-1,0,0,0,136,1,1,0,0.0000000,0.0000000,0.0000000,0,0,0,0
755575763392583 D 2714,987589339,1000,1553,1553,2.3822722,-0.00230,-1,-1,-1,0,0,0,136,1,1,0,0.0000000,0.0000000,0.0000000,0,0,0,0
755575764118666 D 2715,987590339,1000,1553,1553,2.3822722,-0.00221,-1,-1,-1,0,0,0,136,1,1,0,0.0000000,0.0000000,0.0000000,0,0,0,0
755575764963583 D 2716,987591339,1000,1553,1553,2.3822722,-0.00213,-1,-1,-1,0,0,0,136,1,1,0,0.0000000,0.0000000,0.0000000,0,0,0,0
755575765845791 D 2717,987592339,1000,1553,1553,2.3822722,-0.00204,-1,-1,-1,0,0,0,136,1,1,0,0.0000000,0.0000000,0.0000000,0,0,0,0
755575766439500 D 2718,987593339,1000,1553,1553,2.3822722,-0.00196,-1,-1,-1,0,0,0,136,1,1,0,0.0000000,0.0000000,0.0000000,0,0,0,0
755575766938500 D 2719,987594339,1000,1553,1553,2.3822722,-0.00189,-1,-1,-1,0,0,0,136,1,1,0,0.0000000,0.0000000,0.0000000,0,0,0,0
755575768271416 D 2720,987595339,1000,1553,1553,2.3822722,-0.00181,-1,-1,-1,0,0,0,136,1,1,0,0.0000000,0.0000000,0.0000000,0,0,0,0
755575768881750 D 2721,987596339,1000,1553,1553,2.3822722,-0.00174,-1,-1,-1,0,0,0,136,1,1,0,0.0000000,0.0000000,0.0000000,0,0,0,0
755575770217833 D 2722,987597339,1000,1553,1553,2.3822722,-0.00167,-1,-1,-1,0,0,0,136,1,1,0,0.0000000,0.0000000,0.0000000,0,0,0,0
755575770863583 D 2723,987598339,1000,1553,1553,2.3822722,-0.00161,-1,-1,-1,0,0,0,136,1,1,0,0.0000000,0.0000000,0.0000000,0,0,0,0
755575772268208 D 2724,987599339,1000,1553,1553,2.3822722,-0.00154,-1,-1,-1,0,0,0,136,1,1,0,0.0000000,0.0000000,0.0000000,0,0,0,0
755575773109416 D 2725,987600339,1000,1553,1553,2.3822722,-0.00148,-1,-1,-1,0,0,0,136,1,1,0,0.0000000,0.0000000,0.0000000,0,0,0,0
755575774007833 D 2726,987601339,1000,1553,1553,2.3822722,-0.00143,-1,-1,-1,0,0,0,136,1,1,0,0.0000000,0.0000000,0.0000000,0,0,0,0
755575776203666 D 2727,987602339,1000,1553,1553,2.3822722,-0.00137,39,128,2088,0,0,0,136,1,1,0,0.0000000,0.0000000,0.0000000,0,0,0,0
755575777362833 D 2728,987603339,1000,1553,1553,2.3822722,-0.00132,-1,-1,-1,0,0,0,136,1,1,0,0.0000000,0.0000000,0.0000000,0,0,0,0
755575778510958 D 2729,987604339,1000,1553,1553,2.3822722,-0.00126,-1,-1,-1,0,0,0,136,1,1,0,0.0000000,0.0000000,0.0000000,0,0,0,0
755575779735875 D 2730,987605339,1000,1553,1553,2.3822722,-0.00122,-1,-1,-1,0,0,0,136,1,1,0,0.0000000,0.0000000,0.0000000,0,0,0,0
755575781325625 D 2731,987606339,1000,1553,1553,2.3822722,-0.00117,-1,-1,-1,0,0,0,136,1,1,0,0.0000000,0.0000000,0.0000000,0,0,0,0
755575782178375 D 2732,987607339,1000,1553,1553,2.3822722,-0.00112,-1,-1,-1,0,0,0,136,1,1,0,0.0000000,0.0000000,0.0000000,0,0,0,0
755575783908625 D 2733,987608339,1000,1553,1553,2.3822722,-0.00108,-1,-1,-1,0,0,0,136,1,1,0,0.0000000,0.0000000,0.0000000,0,0,0,0
755575785903666 D 2734,987609339,1000,1553,1553,2.3822722,-0.00104,-1,-1,-1,0,0,0,136,1,1,0,0.0000000,0.0000000,0.0000000,0,0,0,0
755575787193291 D 2735,987610339,1000,1553,1553,2.3822722,-0.00099,-1,-1,-1,0,0,0,136,1,1,0,0.0000000,0.0000000,0.0000000,0,0,0,0
755575787502416 D 2736,987611339,1000,1553,1553,2.3822722,-0.00096,-1,-1,-1,0,0,0,136,1,1,0,0.0000000,0.0000000,0.0000000,0,0,0,0
755575788037041 D 2737,987612339,1000,1553,1553,2.3822722,-0.00092,-1,-1,-1,0,0,0,136,1,1,0,0.0000000,0.0000000,0.0000000,0,0,0,0
755575788560000 D 2738,987613339,1000,1553,1553,2.3822722,-0.00088,-1,-1,-1,0,0,0,136,1,1,0,0.0000000,0.0000000,0.0000000,0,0,0,0
755575789151083 D 2739,987614339,1000,1553,1553,2.3822722,-0.00085,-1,-1,-1,0,0,0,136,1,1,0,0.0000000,0.0000000,0.0000000,0,0,0,0
755575789443708 D 2740,987615339,1000,1553,1553,2.3822722,-0.00081,-1,-1,-1,0,0,0,136,1,1,0,0.0000000,0.0000000,0.0000000,0,0,0,0
755575789733625 D 2741,987616339,1000,1553,1553,2.3822722,-0.00078,-1,-1,-1,0,0,0,136,1,1,0,0.0000000,0.0000000,0.0000000,0,0,0,0
755575790022708 D 2742,987617339,1000,1553,1553,2.3822722,-0.00075,-1,-1,-1,0,0,0,136,1,1,0,0.0000000,0.0000000,0.0000000,0,0,0,0
755575790583916 D 2743,987618339,1000,1553,1553,2.3822722,-0.00072,-1,-1,-1,0,0,0,136,1,1,0,0.0000000,0.0000000,0.0000000,0,0,0,0
755575791562875 D 2744,987619339,1000,1553,1553,2.3822722,-0.00069,-1,-1,-1,0,0,0,136,1,1,0,0.0000000,0.0000000,0.0000000,0,0,0,0
755575792599791 D 2745,987620339,1000,1553,1553,2.3822722,-0.00067,-1,-1,-1,0,0,0,136,1,1,0,0.0000000,0.0000000,0.0000000,0,0,0,0
755575793606208 D 2746,987621339,1000,1553,1553,2.3822722,-0.00064,-1,-1,-1,0,0,0,136,1,1,0,0.0000000,0.0000000,0.0000000,0,0,0,0
755575794563083 D 2747,987622339,1000,1553,1553,2.3822722,-0.00062,-1,-1,-1,0,0,0,136,1,1,0,0.0000000,0.0000000,0.0000000,0,0,0,0
755575795628458 D 2748,987623339,1000,1553,1553,2.3822722,-0.00059,-1,-1,-1,0,0,0,136,1,1,0,0.0000000,0.0000000,0.0000000,0,0,0,0
755575796594833 D 2749,987624339,1000,1553,1553,2.3822722,-0.00057,-1,-1,-1,0,0,0,136,1,1,0,0.0000000,0.0000000,0.0000000,0,0,0,0
755575797589375 D 2750,987625339,1000,1553,1553,2.3822722,-0.00055,-1,-1,-1,0,0,0,136,1,1,0,0.0000000,0.0000000,0.0000000,0,0,0,0
755575799561000 D 2751,987626339,1000,1553,1553,2.3822722,-0.00052,-1,-1,-1,0,0,0,136,1,1,0,0.0000000,0.0000000,0.0000000,0,0,0,0
755575799854291 D 2752,987627339,1000,1553,1553,2.3822722,-0.00050,-1,-1,-1,0,0,0,136,1,1,0,0.0000000,0.0000000,0.0000000,0,0,0,0
755575800768708 D 2753,987628339,1000,1553,1553,2.3822722,-0.00048,-1,-1,-1,0,0,0,135,1,1,0,0.0000000,0.0000000,0.0000000,0,0,0,0
755575801604541 D 2754,987629339,1000,1553,1553,2.3822722,-0.00047,-1,-1,-1,0,0,0,136,1,1,0,0.0000000,0.0000000,0.0000000,0,0,0,0
755575802883791 D 2755,987630339,1000,1553,1553,2.3822722,-0.00045,-1,-1,-1,0,0,0,136,1,1,0,0.0000000,0.0000000,0.0000000,0,0,0,0
755575803771791 D 2756,987631339,1000,1553,1553,2.3822722,-0.00043,-1,-1,-1,0,0,0,136,1,1,0,0.0000000,0.0000000,0.0000000,0,0,0,0
755575804613250 D 2757,987632339,1000,1553,1553,2.3822722,-0.00041,-1,-1,-1,0,0,0,136,1,1,0,0.0000000,0.0000000,0.0000000,0,0,0,0
755575805631791 D 2758,987633339,1000,1553,1553,2.3822722,-0.00040,-1,-1,-1,0,0,0,136,1,1,0,0.0000000,0.0000000,0.0000000,0,0,0,0
755575806773083 D 2759,987634339,1000,1553,1553,2.3822722,-0.00038,-1,-1,-1,0,0,0,136,1,1,0,0.0000000,0.0000000,0.0000000,0,0,0,0
755575807574750 D 2760,987635339,1000,1553,1553,2.3822722,-0.00037,-1,-1,-1,0,0,0,136,1,1,0,0.0000000,0.0000000,0.0000000,0,0,0,0
755575808570416 D 2761,987636339,1000,1553,1553,2.3822722,-0.00035,-1,-1,-1,0,0,0,136,1,1,0,0.0000000,0.0000000,0.0000000,0,0,0,0
755575809613833 D 2762,987637339,1000,1553,1553,2.3822722,-0.00034,-1,-1,-1,0,0,0,136,1,1,0,0.0000000,0.0000000,0.0000000,0,0,0,0
755575810585916 D 2763,987638339,1000,1553,1553,2.3822722,-0.00032,-1,-1,-1,0,0,0,136,1,1,0,0.0000000,0.0000000,0.0000000,0,0,0,0
755575811604541 D 2764,987639339,1000,1553,1553,2.3822722,-0.00031,-1,-1,-1,0,0,0,136,1,1,0,0.0000000,0.0000000,0.0000000,0,0,0,0
755575812600166 D 2765,987640339,1000,1553,1553,2.3822722,-0.00030,-1,-1,-1,0,0,0,136,1,1,0,0.0000000,0.0000000,0.0000000,0,0,0,0
755575813580875 D 2766,987641339,1000,1553,1553,2.3822722,-0.00029,-1,-1,-1,0,0,0,136,1,1,0,0.0000000,0.0000000,0.0000000,0,0,0,0
755575814583125 D 2767,987642339,1000,1553,1553,2.3822722,-0.00028,-1,-1,-1,0,0,0,135,1,1,0,0.0000000,0.0000000,0.0000000,0,0,0,0
755575815586958 D 2768,987643339,1000,1553,1553,2.3822722,-0.00027,-1,-1,-1,0,0,0,136,1,1,0,0.0000000,0.0000000,0.0000000,0,0,0,0
755575816581333 D 2769,987644339,1000,1553,1553,2.3822722,-0.00026,-1,-1,-1,0,0,0,136,1,1,0,0.0000000,0.0000000,0.0000000,0,0,0,0
755575817542291 D 2770,987645339,1000,1553,1553,2.3822722,-0.00025,-1,-1,-1,0,0,0,136,1,1,0,0.0000000,0.0000000,0.0000000,0,0,0,0
755575818561666 D 2771,987646339,1000,1553,1553,2.3822722,-0.00024,-1,-1,-1,0,0,0,136,1,1,0,0.0000000,0.0000000,0.0000000,0,0,0,0
755575819741791 D 2772,987647339,1000,1553,1553,2.3822722,-0.00023,-1,-1,-1,0,0,0,136,1,1,0,0.0000000,0.0000000,0.0000000,0,0,0,0
755575820728375 D 2773,987648339,1000,1553,1553,2.3822722,-0.00022,-1,-1,-1,0,0,0,136,1,1,0,0.0000000,0.0000000,0.0000000,0,0,0,0
755575821770750 D 2774,987649339,1000,1553,1553,2.3822722,-0.00021,-1,-1,-1,0,0,0,136,1,1,0,0.0000000,0.0000000,0.0000000,0,0,0,0
755575822767625 D 2775,987650339,1000,1553,1553,2.3822722,-0.00020,-1,-1,-1,0,0,0,136,1,1,0,0.0000000,0.0000000,0.0000000,0,0,0,0
755575823785791 D 2776,987651339,1000,1553,1553,2.3822722,-0.00019,-1,-1,-1,0,0,0,136,1,1,0,0.0000000,0.0000000,0.0000000,0,0,0,0
755575825146000 D 2777,987652339,1000,1553,1553,2.3822722,-0.00019,39,128,2087,0,0,0,136,1,1,0,0.0000000,0.0000000,0.0000000,0,0,0,0
755575825719750 D 2778,987653339,1000,1553,1553,2.3822722,-0.00018,-1,-1,-1,0,0,0,136,1,1,0,0.0000000,0.0000000,0.0000000,0,0,0,0
755575826752708 D 2779,987654339,1000,1553,1553,2.3822722,-0.00017,-1,-1,-1,0,0,0,136,1,1,0,0.0000000,0.0000000,0.0000000,0,0,0,0
755575827747208 D 2780,987655339,1000,1553,1553,2.3822722,-0.00016,-1,-1,-1,0,0,0,136,1,1,0,0.0000000,0.0000000,0.0000000,0,0,0,0
755575828777708 D 2781,987656339,1000,1553,1553,2.3822722,-0.00016,-1,-1,-1,0,0,0,136,1,1,0,0.0000000,0.0000000,0.0000000,0,0,0,0
755575829744250 D 2782,987657339,1000,1553,1553,2.3822722,-0.00015,-1,-1,-1,0,0,0,136,1,1,0,0.0000000,0.0000000,0.0000000,0,0,0,0
755575830613166 D 2783,987658339,1000,1553,1553,2.3822722,-0.00015,-1,-1,-1,0,0,0,136,1,1,0,0.0000000,0.0000000,0.0000000,0,0,0,0
755575831601875 D 2784,987659339,1000,1553,1553,2.3822722,-0.00014,-1,-1,-1,0,0,0,136,1,1,0,0.0000000,0.0000000,0.0000000,0,0,0,0
755575832589000 D 2785,987660339,1000,1553,1553,2.3822722,-0.00013,-1,-1,-1,0,0,0,136,1,1,0,0.0000000,0.0000000,0.0000000,0,0,0,0
755575833591166 D 2786,987661339,1000,1553,1553,2.3822722,-0.00013,-1,-1,-1,0,0,0,136,1,1,0,0.0000000,0.0000000,0.0000000,0,0,0,0
755575834583000 D 2787,987662339,1000,1553,1553,2.3822722,-0.00012,-1,-1,-1,0,0,0,136,1,1,0,0.0000000,0.0000000,0.0000000,0,0,0,0
755575835584791 D 2788,987663339,1000,1553,1553,2.3822722,-0.00012,-1,-1,-1,0,0,0,136,1,1,0,0.0000000,0.0000000,0.0000000,0,0,0,0
755575836582333 D 2789,987664339,1000,1553,1553,2.3822722,-0.00011,-1,-1,-1,0,0,0,136,1,1,0,0.0000000,0.0000000,0.0000000,0,0,0,0
755575837591583 D 2790,987665339,1000,1553,1553,2.3822722,-0.00011,-1,-1,-1,0,0,0,136,1,1,0,0.0000000,0.0000000,0.0000000,0,0,0,0
755575838585458 D 2791,987666339,1000,1553,1553,2.3822722,-0.00011,-1,-1,-1,0,0,0,136,1,1,0,0.0000000,0.0000000,0.0000000,0,0,0,0
755575839593125 D 2792,987667339,1000,1553,1553,2.3822722,-0.00010,-1,-1,-1,0,0,0,136,1,1,0,0.0000000,0.0000000,0.0000000,0,0,0,0
755575840581541 D 2793,987668339,1000,1553,1553,2.3822722,-0.00010,-1,-1,-1,0,0,0,136,1,1,0,0.0000000,0.0000000,0.0000000,0,0,0,0
755575841587125 D 2794,987669339,1000,1553,1553,2.3822722,-0.00009,-1,-1,-1,0,0,0,136,1,1,0,0.0000000,0.0000000,0.0000000,0,0,0,0
755575842586416 D 2795,987670339,1000,1553,1553,2.3822722,-0.00009,-1,-1,-1,0,0,0,136,1,1,0,0.0000000,0.0000000,0.0000000,0,0,0,0
755575843583375 D 2796,987671339,1000,1553,1553,2.3822722,-0.00009,-1,-1,-1,0,0,0,136,1,1,0,0.0000000,0.0000000,0.0000000,0,0,0,0
755575844587500 D 2797,987672339,1000,1553,1553,2.3822722,-0.00008,-1,-1,-1,0,0,0,136,1,1,0,0.0000000,0.0000000,0.0000000,0,0,0,0
755575845581083 D 2798,987673339,1000,1553,1553,2.3822722,-0.00008,-1,-1,-1,0,0,0,136,1,1,0,0.0000000,0.0000000,0.0000000,0,0,0,0
755575846600333 D 2799,987674339,1000,1553,1553,2.3822722,-0.00008,-1,-1,-1,0,0,0,136,1,1,0,0.0000000,0.0000000,0.0000000,0,0,0,0
755575847591291 D 2800,987675339,1000,1553,1553,2.3822722,-0.00007,-1,-1,-1,0,0,0,136,1,1,0,0.0000000,0.0000000,0.0000000,0,0,0,0
755575848591625 D 2801,987676339,1000,1553,1553,2.3822722,-0.00007,-1,-1,-1,0,0,0,136,1,1,0,0.0000000,0.0000000,0.0000000,0,0,0,0
755575849586458 D 2802,987677339,1000,1553,1553,2.3822722,-0.00007,-1,-1,-1,0,0,0,136,1,1,0,0.0000000,0.0000000,0.0000000,0,0,0,0
755575850585041 D 2803,987678339,1000,1553,1553,2.3822722,-0.00007,-1,-1,-1,0,0,0,136,1,1,0,0.0000000,0.0000000,0.0000000,0,0,0,0
755575851583000 D 2804,987679339,1000,1553,1553,2.3822722,-0.00006,-1,-1,-1,0,0,0,136,1,1,0,0.0000000,0.0000000,0.0000000,0,0,0,0
755575852586166 D 2805,987680339,1000,1553,1553,2.3822722,-0.00006,-1,-1,-1,0,0,0,136,1,1,0,0.0000000,0.0000000,0.0000000,0,0,0,0
755575853581208 D 2806,987681339,1000,1553,1553,2.3822722,-0.00006,-1,-1,-1,0,0,0,136,1,1,0,0.0000000,0.0000000,0.0000000,0,0,0,0
755575854601458 D 2807,987682339,1000,1553,1553,2.3822722,-0.00006,-1,-1,-1,0,0,0,136,1,1,0,0.0000000,0.0000000,0.0000000,0,0,0,0
755575855587875 D 2808,987683339,1000,1553,1553,2.3822722,-0.00005,-1,-1,-1,0,0,0,136,1,1,0,0.0000000,0.0000000,0.0000000,0,0,0,0
755575856581875 D 2809,987684339,1000,1553,1553,2.3822722,-0.00005,-1,-1,-1,0,0,0,136,1,1,0,0.0000000,0.0000000,0.0000000,0,0,0,0
755575857579416 D 2810,987685339,1000,1553,1553,2.3822722,-0.00005,-1,-1,-1,0,0,0,136,1,1,0,0.0000000,0.0000000,0.0000000,0,0,0,0
755575858599000 D 2811,987686339,1000,1553,1553,2.3822722,-0.00005,-1,-1,-1,0,0,0,136,1,1,0,0.0000000,0.0000000,0.0000000,0,0,0,0
755575859582916 D 2812,987687339,1000,1553,1553,2.3822722,-0.00005,-1,-1,-1,0,0,0,136,1,1,0,0.0000000,0.0000000,0.0000000,0,0,0,0
755575860580916 D 2813,987688339,1000,1553,1553,2.3822722,-0.00004,-1,-1,-1,0,0,0,136,1,1,0,0.0000000,0.0000000,0.0000000,0,0,0,0
755575861585875 D 2814,987689339,1000,1553,1553,2.3822722,-0.00004,-1,-1,-1,0,0,0,136,1,1,0,0.0000000,0.0000000,0.0000000,0,0,0,0
755575862584500 D 2815,987690339,1000,1553,1553,2.3822722,-0.00004,-1,-1,-1,0,0,0,136,1,1,0,0.0000000,0.0000000,0.0000000,0,0,0,0
755575863587666 D 2816,987691339,1000,1553,1553,2.3822722,-0.00004,-1,-1,-1,0,0,0,136,1,1,0,0.0000000,0.0000000,0.0000000,0,0,0,0
755575864583458 D 2817,987692339,1000,1553,1553,2.3822722,-0.00004,-1,-1,-1,0,0,0,136,1,1,0,0.0000000,0.0000000,0.0000000,0,0,0,0
755575865583333 D 2818,987693339,1000,1553,1553,2.3822722,-0.00004,-1,-1,-1,0,0,0,136,1,1,0,0.0000000,0.0000000,0.0000000,0,0,0,0
755575866601208 D 2819,987694339,1000,1553,1553,2.3822722,-0.00003,-1,-1,-1,0,0,0,136,1,1,0,0.0000000,0.0000000,0.0000000,0,0,0,0
755575867586000 D 2820,987695339,1000,1553,1553,2.3822722,-0.00003,-1,-1,-1,0,0,0,136,1,1,0,0.0000000,0.0000000,0.0000000,0,0,0,0
755575868581541 D 2821,987696339,1000,1553,1553,2.3822722,-0.00003,-1,-1,-1,0,0,0,136,1,1,0,0.0000000,0.0000000,0.0000000,0,0,0,0
755575869588583 D 2822,987697339,1000,1553,1553,2.3822722,-0.00003,-1,-1,-1,0,0,0,136,1,1,0,0.0000000,0.0000000,0.0000000,0,0,0,0
755575870582208 D 2823,987698339,1000,1553,1553,2.3822722,-0.00003,-1,-1,-1,0,0,0,136,1,1,0,0.0000000,0.0000000,0.0000000,0,0,0,0
755575871581833 D 2824,987699339,1000,1553,1553,2.3822722,-0.00003,-1,-1,-1,0,0,0,136,1,1,0,0.0000000,0.0000000,0.0000000,0,0,0,0
755575872580583 D 2825,987700339,1000,1553,1553,2.3822722,-0.00003,-1,-1,-1,0,0,0,136,1,1,0,0.0000000,0.0000000,0.0000000,0,0,0,0
755575873586583 D 2826,987701339,1000,1553,1553,2.3822722,-0.00003,-1,-1,-1,0,0,0,136,1,1,0,0.0000000,0.0000000,0.0000000,0,0,0,0
755575874947750 D 2827,987702339,1000,1553,1553,2.3822722,-0.00003,39,128,2086,0,0,0,136,1,1,0,0.0000000,0.0000000,0.0000000,0,0,0,0
755575875584625 D 2828,987703339,1000,1553,1553,2.3822722,-0.00002,-1,-1,-1,0,0,0,136,1,1,0,0.0000000,0.0000000,0.0000000,0,0,0,0
755575876591000 D 2829,987704339,1000,1553,1553,2.3822722,-0.00002,-1,-1,-1,0,0,0,136,1,1,0,0.0000000,0.0000000,0.0000000,0,0,0,0
755575877585125 D 2830,987705339,1000,1553,1553,2.3822722,-0.00002,-1,-1,-1,0,0,0,136,1,1,0,0.0000000,0.0000000,0.0000000,0,0,0,0
755575878585500 D 2831,987706339,1000,1553,1553,2.3822722,-0.00002,-1,-1,-1,0,0,0,136,1,1,0,0.0000000,0.0000000,0.0000000,0,0,0,0
755575879584708 D 2832,987707339,1000,1553,1553,2.3822722,-0.00002,-1,-1,-1,0,0,0,136,1,1,0,0.0000000,0.0000000,0.0000000,0,0,0,0
755575880594166 D 2833,987708339,1000,1553,1553,2.3822722,-0.00002,-1,-1,-1,0,0,0,136,1,1,0,0.0000000,0.0000000,0.0000000,0,0,0,0
755575881592166 D 2834,987709339,1000,1553,1553,2.3822722,-0.00002,-1,-1,-1,0,0,0,136,1,1,0,0.0000000,0.0000000,0.0000000,0,0,0,0
755575882587500 D 2835,987710339,1000,1553,1553,2.3822722,-0.00002,-1,-1,-1,0,0,0,136,1,1,0,0.0000000,0.0000000,0.0000000,0,0,0,0
755575883587041 D 2836,987711339,1000,1553,1553,2.3822722,-0.00002,-1,-1,-1,0,0,0,136,1,1,0,0.0000000,0.0000000,0.0000000,0,0,0,0
755575884592958 D 2837,987712339,1000,1553,1553,2.3822722,-0.00002,-1,-1,-1,0,0,0,136,1,1,0,0.0000000,0.0000000,0.0000000,0,0,0,0
755575885588416 D 2838,987713339,1000,1553,1553,2.3822722,-0.00002,-1,-1,-1,0,0,0,136,1,1,0,0.0000000,0.0000000,0.0000000,0,0,0,0
755575886587083 D 2839,987714339,1000,1553,1553,2.3822722,-0.00002,-1,-1,-1,0,0,0,136,1,1,0,0.0000000,0.0000000,0.0000000,0,0,0,0
755575887587375 D 2840,987715339,1000,1553,1553,2.3822722,-0.00001,-1,-1,-1,0,0,0,136,1,1,0,0.0000000,0.0000000,0.0000000,0,0,0,0
755575888585666 D 2841,987716339,1000,1553,1553,2.3822722,-0.00001,-1,-1,-1,0,0,0,136,1,1,0,0.0000000,0.0000000,0.0000000,0,0,0,0
755575889589333 D 2842,987717339,1000,1553,1553,2.3822722,-0.00001,-1,-1,-1,0,0,0,136,1,1,0,0.0000000,0.0000000,0.0000000,0,0,0,0
755575890587291 D 2843,987718339,1000,1553,1553,2.3822722,-0.00001,-1,-1,-1,0,0,0,136,1,1,0,0.0000000,0.0000000,0.0000000,0,0,0,0
755575891589250 D 2844,987719339,1000,1553,1553,2.3822722,-0.00001,-1,-1,-1,0,0,0,136,1,1,0,0.0000000,0.0000000,0.0000000,0,0,0,0
755575892589291 D 2845,987720339,1000,1553,1553,2.3822722,-0.00001,-1,-1,-1,0,0,0,136,1,1,0,0.0000000,0.0000000,0.0000000,0,0,0,0
755575893589958 D 2846,987721339,1000,1553,1553,2.3822722,-0.00001,-1,-1,-1,0,0,0,136,1,1,0,0.0000000,0.0000000,0.0000000,0,0,0,0
755575894582541 D 2847,987722339,1000,1553,1553,2.3822722,-0.00001,-1,-1,-1,0,0,0,136,1,1,0,0.0000000,0.0000000,0.0000000,0,0,0,0
755575895587791 D 2848,987723339,1000,1553,1553,2.3822722,-0.00001,-1,-1,-1,0,0,0,136,1,1,0,0.0000000,0.0000000,0.0000000,0,0,0,0
755575896592291 D 2849,987724339,1000,1553,1553,2.3822722,-0.00001,-1,-1,-1,0,0,0,136,1,1,0,0.0000000,0.0000000,0.0000000,0,0,0,0
755575897587208 D 2850,987725339,1000,1553,1553,2.3822722,-0.00001,-1,-1,-1,0,0,0,136,1,1,0,0.0000000,0.0000000,0.0000000,0,0,0,0
755575898587833 D 2851,987726339,1000,1553,1553,2.3822722,-0.00001,-1,-1,-1,0,0,0,136,1,1,0,0.0000000,0.0000000,0.0000000,0,0,0,0
755575899583916 D 2852,987727339,1000,1553,1553,2.3822722,-0.00001,-1,-1,-1,0,0,0,136,1,1,0,0.0000000,0.0000000,0.0000000,0,0,0,0
755575900587291 D 2853,987728339,1000,1553,1553,2.3822722,-0.00001,-1,-1,-1,0,0,0,136,1,1,0,0.0000000,0.0000000,0.0000000,0,0,0,0
755575901602291 D 2854,987729339,1000,1553,1553,2.3822722,-0.00001,-1,-1,-1,0,0,0,136,1,1,0,0.0000000,0.0000000,0.0000000,0,0,0,0
755575902633458 D 2855,987730339,1000,1553,1553,2.3822722,-0.00001,-1,-1,-1,0,0,0,136,1,1,0,0.0000000,0.0000000,0.0000000,0,0,0,0
755575903581875 D 2856,987731339,1000,1553,1553,2.3822722,-0.00001,-1,-1,-1,0,0,0,136,1,1,0,0.0000000,0.0000000,0.0000000,0,0,0,0
755575904580000 D 2857,987732339,1000,1553,1553,2.3822722,-0.00001,-1,-1,-1,0,0,0,136,1,1,0,0.0000000,0.0000000,0.0000000,0,0,0,0
755575905594375 D 2858,987733339,1000,1553,1553,2.3822722,-0.00001,-1,-1,-1,0,0,0,136,1,1,0,0.0000000,0.0000000,0.0000000,0,0,0,0
755575906589916 D 2859,987734339,1000,1553,1553,2.3822722,-0.00001,-1,-1,-1,0,0,0,136,1,1,0,0.0000000,0.0000000,0.0000000,0,0,0,0
755575907590416 D 2860,987735339,1000,1553,1553,2.3822722,-0.00001,-1,-1,-1,0,0,0,136,1,1,0,0.0000000,0.0000000,0.0000000,0,0,0,0
755575908592708 D 2861,987736339,1000,1553,1553,2.3822722,-0.00001,-1,-1,-1,0,0,0,136,1,1,0,0.0000000,0.0000000,0.0000000,0,0,0,0
755575909586625 D 2862,987737339,1000,1554,1554,2.3838062,0.06014,-1,-1,-1,0,0,0,136,1,1,0,0.0000000,0.0000000,0.0000000,0,0,0,0
755575910587916 D 2863,987738339,1000,1553,1553,2.3822722,-0.00236,-1,-1,-1,0,0,0,136,1,1,0,0.0000000,0.0000000,0.0000000,0,0,0,0
755575911591625 D 2864,987739339,1000,1553,1553,2.3822722,-0.00227,-1,-1,-1,0,0,0,136,1,1,0,0.0000000,0.0000000,0.0000000,0,0,0,0
755575912592333 D 2865,987740339,1000,1553,1553,2.3822722,-0.00218,-1,-1,-1,0,0,0,136,1,1,0,0.0000000,0.0000000,0.0000000,0,0,0,0
755575913587208 D 2866,987741339,1000,1553,1553,2.3822722,-0.00210,-1,-1,-1,0,0,0,136,1,1,0,0.0000000,0.0000000,0.0000000,0,0,0,0
755575914591833 D 2867,987742339,1000,1553,1553,2.3822722,-0.00201,-1,-1,-1,0,0,0,136,1,1,0,0.0000000,0.0000000,0.0000000,0,0,0,0
755575915585958 D 2868,987743339,1000,1553,1553,2.3822722,-0.00194,-1,-1,-1,0,0,0,136,1,1,0,0.0000000,0.0000000,0.0000000,0,0,0,0
755575916593291 D 2869,987744339,1000,1553,1553,2.3822722,-0.00186,-1,-1,-1,0,0,0,136,1,1,0,0.0000000,0.0000000,0.0000000,0,0,0,0
755575917590791 D 2870,987745339,1000,1553,1553,2.3822722,-0.00179,-1,-1,-1,0,0,0,136,1,1,0,0.0000000,0.0000000,0.0000000,0,0,0,0
755575918597166 D 2871,987746339,1000,1553,1553,2.3822722,-0.00172,-1,-1,-1,0,0,0,136,1,1,0,0.0000000,0.0000000,0.0000000,0,0,0,0
755575919582166 D 2872,987747339,1000,1553,1553,2.3822722,-0.00165,-1,-1,-1,0,0,0,136,1,1,0,0.0000000,0.0000000,0.0000000,0,0,0,0
755575920586291 D 2873,987748339,1000,1553,1553,2.3822722,-0.00158,-1,-1,-1,0,0,0,136,1,1,0,0.0000000,0.0000000,0.0000000,0,0,0,0
755575921590416 D 2874,987749339,1000,1553,1553,2.3822722,-0.00152,-1,-1,-1,0,0,0,136,1,1,0,0.0000000,0.0000000,0.0000000,0,0,0,0
755575922585208 D 2875,987750339,1000,1553,1553,2.3822722,-0.00146,-1,-1,-1,0,0,0,136,1,1,0,0.0000000,0.0000000,0.0000000,0,0,0,0
755575923588750 D 2876,987751339,1000,1553,1553,2.3822722,-0.00141,-1,-1,-1,0,0,0,136,1,1,0,0.0000000,0.0000000,0.0000000,0,0,0,0
755575924960333 D 2877,987752339,1000,1553,1553,2.3822722,-0.00135,39,128,2087,0,0,0,136,1,1,0,0.0000000,0.0000000,0.0000000,0,0,0,0
755575925589416 D 2878,987753339,1000,1553,1553,2.3822722,-0.00130,-1,-1,-1,0,0,0,136,1,1,0,0.0000000,0.0000000,0.0000000,0,0,0,0
755575926585750 D 2879,987754339,1000,1553,1553,2.3822722,-0.00125,-1,-1,-1,0,0,0,136,1,1,0,0.0000000,0.0000000,0.0000000,0,0,0,0
755575927588166 D 2880,987755339,1000,1553,1553,2.3822722,-0.00120,-1,-1,-1,0,0,0,136,1,1,0,0.0000000,0.0000000,0.0000000,0,0,0,0
755575928593458 D 2881,987756339,1000,1554,1554,2.3838062,0.05900,-1,-1,-1,0,0,0,136,1,1,0,0.0000000,0.0000000,0.0000000,0,0,0,0
755575929587750 D 2882,987757339,1000,1553,1553,2.3822722,-0.00346,-1,-1,-1,0,0,0,136,1,1,0,0.0000000,0.0000000,0.0000000,0,0,0,0
755575930603291 D 2883,987758339,1000,1553,1553,2.3822722,-0.00333,-1,-1,-1,0,0,0,136,1,1,0,0.0000000,0.0000000,0.0000000,0,0,0,0
755575931548291 D 2884,987759339,1000,1553,1553,2.3822722,-0.00320,-1,-1,-1,0,0,0,136,1,1,0,0.0000000,0.0000000,0.0000000,0,0,0,0
755575932550375 D 2885,987760339,1000,1553,1553,2.3822722,-0.00307,-1,-1,-1,0,0,0,136,1,1,0,0.0000000,0.0000000,0.0000000,0,0,0,0
755575933552958 D 2886,987761339,1000,1553,1553,2.3822722,-0.00295,-1,-1,-1,0,0,0,136,1,1,0,0.0000000,0.0000000,0.0000000,0,0,0,0
755575934552416 D 2887,987762339,1000,1553,1553,2.3822722,-0.00284,-1,-1,-1,0,0,0,136,1,1,0,0.0000000,0.0000000,0.0000000,0,0,0,0
755575935553375 D 2888,987763339,1000,1553,1553,2.3822722,-0.00273,-1,-1,-1,0,0,0,136,1,1,0,0.0000000,0.0000000,0.0000000,0,0,0,0
755575936566166 D 2889,987764339,1000,1553,1553,2.3822722,-0.00262,-1,-1,-1,0,0,0,136,1,1,0,0.0000000,0.0000000,0.0000000,0,0,0,0
755575937547666 D 2890,987765339,1000,1553,1553,2.3822722,-0.00252,-1,-1,-1,0,0,0,136,1,1,0,0.0000000,0.0000000,0.0000000,0,0,0,0
755575938556041 D 2891,987766339,1000,1553,1553,2.3822722,-0.00242,-1,-1,-1,0,0,0,136,1,1,0,0.0000000,0.0000000,0.0000000,0,0,0,0
755575939561958 D 2892,987767339,1000,1553,1553,2.3822722,-0.00232,-1,-1,-1,0,0,0,136,1,1,0,0.0000000,0.0000000,0.0000000,0,0,0,0
755575940581625 D 2893,987768339,1000,1553,1553,2.3822722,-0.00223,-1,-1,-1,0,0,0,136,1,1,0,0.0000000,0.0000000,0.0000000,0,0,0,0
755575941559166 D 2894,987769339,1000,1553,1553,2.3822722,-0.00214,-1,-1,-1,0,0,0,136,1,1,0,0.0000000,0.0000000,0.0000000,0,0,0,0
755575942595750 D 2895,987770339,1000,1553,1553,2.3822722,-0.00206,-1,-1,-1,0,0,0,136,1,1,0,0.0000000,0.0000000,0.0000000,0,0,0,0
755575943592875 D 2896,987771339,1000,1553,1553,2.3822722,-0.00198,-1,-1,-1,0,0,0,136,1,1,0,0.0000000,0.0000000,0.0000000,0,0,0,0
755575944598625 D 2897,987772339,1000,1553,1553,2.3822722,-0.00190,-1,-1,-1,0,0,0,136,1,1,0,0.0000000,0.0000000,0.0000000,0,0,0,0
755575945599041 D 2898,987773339,1000,1553,1553,2.3822722,-0.00183,-1,-1,-1,0,0,0,136,1,1,0,0.0000000,0.0000000,0.0000000,0,0,0,0
755575946590583 D 2899,987774339,1000,1553,1553,2.3822722,-0.00176,-1,-1,-1,0,0,0,136,1,1,0,0.0000000,0.0000000,0.0000000,0,0,0,0
755575947586583 D 2900,987775339,1000,1553,1553,2.3822722,-0.00169,-1,-1,-1,0,0,0,136,1,1,0,0.0000000,0.0000000,0.0000000,0,0,0,0
755575948592291 D 2901,987776339,1000,1553,1553,2.3822722,-0.00162,-1,-1,-1,0,0,0,136,1,1,0,0.0000000,0.0000000,0.0000000,0,0,0,0
755575949591666 D 2902,987777339,1000,1553,1553,2.3822722,-0.00156,-1,-1,-1,0,0,0,136,1,1,0,0.0000000,0.0000000,0.0000000,0,0,0,0
755575950596958 D 2903,987778339,1000,1553,1553,2.3822722,-0.00150,-1,-1,-1,0,0,0,136,1,1,0,0.0000000,0.0000000,0.0000000,0,0,0,0
755575951591875 D 2904,987779339,1000,1553,1553,2.3822722,-0.00144,-1,-1,-1,0,0,0,136,1,1,0,0.0000000,0.0000000,0.0000000,0,0,0,0
755575952592041 D 2905,987780339,1000,1554,1554,2.3838062,0.05877,-1,-1,-1,0,0,0,136,1,1,0,0.0000000,0.0000000,0.0000000,0,0,0,0
755575953598916 D 2906,987781339,1000,1553,1553,2.3822722,-0.00368,-1,-1,-1,0,0,0,136,1,1,0,0.0000000,0.0000000,0.0000000,0,0,0,0
755575954593375 D 2907,987782339,1000,1553,1553,2.3822722,-0.00354,-1,-1,-1,0,0,0,136,1,1,0,0.0000000,0.0000000,0.0000000,0,0,0,0
755575955590958 D 2908,987783339,1000,1553,1553,2.3822722,-0.00340,-1,-1,-1,0,0,0,136,1,1,0,0.0000000,0.0000000,0.0000000,0,0,0,0
755575956587750 D 2909,987784339,1000,1553,1553,2.3822722,-0.00327,-1,-1,-1,0,0,0,136,1,1,0,0.0000000,0.0000000,0.0000000,0,0,0,0
755575957587541 D 2910,987785339,1000,1553,1553,2.3822722,-0.00314,-1,-1,-1,0,0,0,136,1,1,0,0.0000000,0.0000000,0.0000000,0,0,0,0
755575958586583 D 2911,987786339,1000,1553,1553,2.3822722,-0.00302,-1,-1,-1,0,0,0,136,1,1,0,0.0000000,0.0000000,0.0000000,0,0,0,0
755575959582750 D 2912,987787339,1000,1553,1553,2.3822722,-0.00290,-1,-1,-1,0,0,0,136,1,1,0,0.0000000,0.0000000,0.0000000,0,0,0,0
755575960592125 D 2913,987788339,1000,1553,1553,2.3822722,-0.00278,-1,-1,-1,0,0,0,136,1,1,0,0.0000000,0.0000000,0.0000000,0,0,0,0
755575961585833 D 2914,987789339,1000,1553,1553,2.3822722,-0.00268,-1,-1,-1,0,0,0,136,1,1,0,0.0000000,0.0000000,0.0000000,0,0,0,0
755575962590666 D 2915,987790339,1000,1553,1553,2.3822722,-0.00257,-1,-1,-1,0,0,0,136,1,1,0,0.0000000,0.0000000,0.0000000,0,0,0,0
755575963592666 D 2916,987791339,1000,1553,1553,2.3822722,-0.00247,-1,-1,-1,0,0,0,136,1,1,0,0.0000000,0.0000000,0.0000000,0,0,0,0
755575964583916 D 2917,987792339,1000,1554,1554,2.3838062,0.05778,-1,-1,-1,0,0,0,136,1,1,0,0.0000000,0.0000000,0.0000000,0,0,0,0
755575965590958 D 2918,987793339,1000,1553,1553,2.3822722,-0.00464,-1,-1,-1,0,0,0,136,1,1,0,0.0000000,0.0000000,0.0000000,0,0,0,0
755575966587083 D 2919,987794339,1000,1553,1553,2.3822722,-0.00446,-1,-1,-1,0,0,0,136,1,1,0,0.0000000,0.0000000,0.0000000,0,0,0,0
755575967587166 D 2920,987795339,1000,1554,1554,2.3838062,0.05587,-1,-1,-1,0,0,0,136,1,1,0,0.0000000,0.0000000,0.0000000,0,0,0,0
755575968589333 D 2921,987796339,1000,1553,1553,2.3822722,-0.00647,-1,-1,-1,0,0,0,136,1,1,0,0.0000000,0.0000000,0.0000000,0,0,0,0
755575969590375 D 2922,987797339,1000,1553,1553,2.3822722,-0.00622,-1,-1,-1,0,0,0,136,1,1,0,0.0000000,0.0000000,0.0000000,0,0,0,0
755575970592083 D 2923,987798339,1000,1553,1553,2.3822722,-0.00597,-1,-1,-1,0,0,0,136,1,1,0,0.0000000,0.0000000,0.0000000,0,0,0,0
755575971591000 D 2924,987799339,1000,1553,1553,2.3822722,-0.00574,-1,-1,-1,0,0,0,136,1,1,0,0.0000000,0.0000000,0.0000000,0,0,0,0
755575972587291 D 2925,987800339,1000,1553,1553,2.3822722,-0.00552,-1,-1,-1,0,0,0,136,1,1,0,0.0000000,0.0000000,0.0000000,0,0,0,0
755575973590500 D 2926,987801339,1000,1553,1553,2.3822722,-0.00530,-1,-1,-1,0,0,0,136,1,1,0,0.0000000,0.0000000,0.0000000,0,0,0,0
755575974952208 D 2927,987802339,1000,1553,1553,2.3822722,-0.00509,39,128,2088,0,0,0,136,1,1,0,0.0000000,0.0000000,0.0000000,0,0,0,0
755575975586958 D 2928,987803339,1000,1553,1553,2.3822722,-0.00489,-1,-1,-1,0,0,0,136,1,1,0,0.0000000,0.0000000,0.0000000,0,0,0,0
755575976588250 D 2929,987804339,1000,1553,1553,2.3822722,-0.00470,-1,-1,-1,0,0,0,136,1,1,0,0.0000000,0.0000000,0.0000000,0,0,0,0
755575977593708 D 2930,987805339,1000,1553,1553,2.3822722,-0.00452,-1,-1,-1,0,0,0,136,1,1,0,0.0000000,0.0000000,0.0000000,0,0,0,0
755575978586291 D 2931,987806339,1000,1554,1554,2.3838062,0.05581,-1,-1,-1,0,0,0,136,1,1,0,0.0000000,0.0000000,0.0000000,0,0,0,0
755575979582166 D 2932,987807339,1000,1553,1553,2.3822722,-0.00653,-1,-1,-1,0,0,0,136,1,1,0,0.0000000,0.0000000,0.0000000,0,0,0,0
755575980592750 D 2933,987808339,1000,1553,1553,2.3822722,-0.00627,-1,-1,-1,0,0,0,136,1,1,0,0.0000000,0.0000000,0.0000000,0,0,0,0
755575981585416 D 2934,987809339,1000,1553,1553,2.3822722,-0.00603,-1,-1,-1,0,0,0,136,1,1,0,0.0000000,0.0000000,0.0000000,0,0,0,0
755575982589000 D 2935,987810339,1000,1553,1553,2.3822722,-0.00579,-1,-1,-1,0,0,0,136,1,1,0,0.0000000,0.0000000,0.0000000,0,0,0,0
755575983588166 D 2936,987811339,1000,1553,1553,2.3822722,-0.00556,-1,-1,-1,0,0,0,136,1,1,0,0.0000000,0.0000000,0.0000000,0,0,0,0
755575984588458 D 2937,987812339,1000,1553,1553,2.3822722,-0.00534,-1,-1,-1,0,0,0,136,1,1,0,0.0000000,0.0000000,0.0000000,0,0,0,0
755575985585250 D 2938,987813339,1000,1553,1553,2.3822722,-0.00513,-1,-1,-1,0,0,0,136,1,1,0,0.0000000,0.0000000,0.0000000,0,0,0,0
755575986588666 D 2939,987814339,1000,1553,1553,2.3822722,-0.00493,-1,-1,-1,0,0,0,136,1,1,0,0.0000000,0.0000000,0.0000000,0,0,0,0
755575987588083 D 2940,987815339,1000,1553,1553,2.3822722,-0.00474,-1,-1,-1,0,0,0,136,1,1,0,0.0000000,0.0000000,0.0000000,0,0,0,0
755575988587291 D 2941,987816339,1000,1553,1553,2.3822722,-0.00455,-1,-1,-1,0,0,0,136,1,1,0,0.0000000,0.0000000,0.0000000,0,0,0,0
755575989584958 D 2942,987817339,1000,1553,1553,2.3822722,-0.00438,-1,-1,-1,0,0,0,136,1,1,0,0.0000000,0.0000000,0.0000000,0,0,0,0
755575990587291 D 2943,987818339,1000,1553,1553,2.3822722,-0.00420,-1,-1,-1,0,0,0,136,1,1,0,0.0000000,0.0000000,0.0000000,0,0,0,0
755575991586166 D 2944,987819339,1000,1553,1553,2.3822722,-0.00404,-1,-1,-1,0,0,0,136,1,1,0,0.0000000,0.0000000,0.0000000,0,0,0,0
755575992589708 D 2945,987820339,1000,1553,1553,2.3822722,-0.00388,-1,-1,-1,0,0,0,136,1,1,0,0.0000000,0.0000000,0.0000000,0,0,0,0
755575993589375 D 2946,987821339,1000,1553,1553,2.3822722,-0.00373,-1,-1,-1,0,0,0,136,1,1,0,0.0000000,0.0000000,0.0000000,0,0,0,0
755575994589625 D 2947,987822339,1000,1553,1553,2.3822722,-0.00358,-1,-1,-1,0,0,0,136,1,1,0,0.0000000,0.0000000,0.0000000,0,0,0,0
755575995581625 D 2948,987823339,1000,1553,1553,2.3822722,-0.00344,-1,-1,-1,0,0,0,136,1,1,0,0.0000000,0.0000000,0.0000000,0,0,0,0
755575996587541 D 2949,987824339,1000,1553,1553,2.3822722,-0.00331,-1,-1,-1,0,0,0,136,1,1,0,0.0000000,0.0000000,0.0000000,0,0,0,0
755575997586666 D 2950,987825339,1000,1553,1553,2.3822722,-0.00318,-1,-1,-1,0,0,0,136,1,1,0,0.0000000,0.0000000,0.0000000,0,0,0,0
755575998591708 D 2951,987826339,1000,1553,1553,2.3822722,-0.00305,-1,-1,-1,0,0,0,136,1,1,0,0.0000000,0.0000000,0.0000000,0,0,0,0
755575999588250 D 2952,987827339,1000,1553,1553,2.3822722,-0.00293,-1,-1,-1,0,0,0,136,1,1,0,0.0000000,0.0000000,0.0000000,0,0,0,0
755576000587750 D 2953,987828339,1000,1553,1553,2.3822722,-0.00282,-1,-1,-1,0,0,0,136,1,1,0,0.0000000,0.0000000,0.0000000,0,0,0,0
755576001583458 D 2954,987829339,1000,1554,1554,2.3838062,0.05744,-1,-1,-1,0,0,0,136,1,1,0,0.0000000,0.0000000,0.0000000,0,0,0,0
755576002594666 D 2955,987830339,1000,1553,1553,2.3822722,-0.00496,-1,-1,-1,0,0,0,136,1,1,0,0.0000000,0.0000000,0.0000000,0,0,0,0
755576003587791 D 2956,987831339,1000,1553,1553,2.3822722,-0.00477,-1,-1,-1,0,0,0,136,1,1,0,0.0000000,0.0000000,0.0000000,0,0,0,0
755576004587583 D 2957,987832339,1000,1553,1553,2.3822722,-0.00458,-1,-1,-1,0,0,0,136,1,1,0,0.0000000,0.0000000,0.0000000,0,0,0,0
755576005592375 D 2958,987833339,1000,1553,1553,2.3822722,-0.00440,-1,-1,-1,0,0,0,136,1,1,0,0.0000000,0.0000000,0.0000000,0,0,0,0
755576006584250 D 2959,987834339,1000,1553,1553,2.3822722,-0.00423,-1,-1,-1,0,0,0,136,1,1,0,0.0000000,0.0000000,0.0000000,0,0,0,0
755576007590500 D 2960,987835339,1000,1553,1553,2.3822722,-0.00406,-1,-1,-1,0,0,0,136,1,1,0,0.0000000,0.0000000,0.0000000,0,0,0,0
755576008589458 D 2961,987836339,1000,1553,1553,2.3822722,-0.00390,-1,-1,-1,0,0,0,136,1,1,0,0.0000000,0.0000000,0.0000000,0,0,0,0
755576009589750 D 2962,987837339,1000,1553,1553,2.3822722,-0.00375,-1,-1,-1,0,0,0,136,1,1,0,0.0000000,0.0000000,0.0000000,0,0,0,0
755576010587541 D 2963,987838339,1000,1553,1553,2.3822722,-0.00360,-1,-1,-1,0,0,0,136,1,1,0,0.0000000,0.0000000,0.0000000,0,0,0,0
755576011596416 D 2964,987839339,1000,1553,1553,2.3822722,-0.00346,-1,-1,-1,0,0,0,136,1,1,0,0.0000000,0.0000000,0.0000000,0,0,0,0
755576012589791 D 2965,987840339,1000,1553,1553,2.3822722,-0.00332,-1,-1,-1,0,0,0,136,1,1,0,0.0000000,0.0000000,0.0000000,0,0,0,0
755576013584958 D 2966,987841339,1000,1553,1553,2.3822722,-0.00319,-1,-1,-1,0,0,0,136,1,1,0,0.0000000,0.0000000,0.0000000,0,0,0,0
755576014591500 D 2967,987842339,1000,1553,1553,2.3822722,-0.00307,-1,-1,-1,0,0,0,136,1,1,0,0.0000000,0.0000000,0.0000000,0,0,0,0
755576015582625 D 2968,987843339,1000,1553,1553,2.3822722,-0.00295,-1,-1,-1,0,0,0,136,1,1,0,0.0000000,0.0000000,0.0000000,0,0,0,0
755576016594625 D 2969,987844339,1000,1553,1553,2.3822722,-0.00283,-1,-1,-1,0,0,0,136,1,1,0,0.0000000,0.0000000,0.0000000,0,0,0,0
755576017587041 D 2970,987845339,1000,1553,1553,2.3822722,-0.00272,-1,-1,-1,0,0,0,136,1,1,0,0.0000000,0.0000000,0.0000000,0,0,0,0
755576018585833 D 2971,987846339,1000,1553,1553,2.3822722,-0.00262,-1,-1,-1,0,0,0,136,1,1,0,0.0000000,0.0000000,0.0000000,0,0,0,0
755576019586833 D 2972,987847339,1000,1553,1553,2.3822722,-0.00251,-1,-1,-1,0,0,0,136,1,1,0,0.0000000,0.0000000,0.0000000,0,0,0,0
755576020586750 D 2973,987848339,1000,1553,1553,2.3822722,-0.00241,-1,-1,-1,0,0,0,136,1,1,0,0.0000000,0.0000000,0.0000000,0,0,0,0
755576021590625 D 2974,987849339,1000,1553,1553,2.3822722,-0.00232,-1,-1,-1,0,0,0,136,1,1,0,0.0000000,0.0000000,0.0000000,0,0,0,0
755576022589375 D 2975,987850339,1000,1553,1553,2.3822722,-0.00223,-1,-1,-1,0,0,0,136,1,1,0,0.0000000,0.0000000,0.0000000,0,0,0,0
755576023591291 D 2976,987851339,1000,1553,1553,2.3822722,-0.00214,-1,-1,-1,0,0,0,136,1,1,0,0.0000000,0.0000000,0.0000000,0,0,0,0
755576024952125 D 2977,987852339,1000,1553,1553,2.3822722,-0.00206,39,128,2086,0,0,0,136,1,1,0,0.0000000,0.0000000,0.0000000,0,0,0,0
755576025585916 D 2978,987853339,1000,1553,1553,2.3822722,-0.00198,-1,-1,-1,0,0,0,136,1,1,0,0.0000000,0.0000000,0.0000000,0,0,0,0
755576026588375 D 2979,987854339,1000,1553,1553,2.3822722,-0.00190,-1,-1,-1,0,0,0,136,1,1,0,0.0000000,0.0000000,0.0000000,0,0,0,0
755576027588333 D 2980,987855339,1000,1553,1553,2.3822722,-0.00182,-1,-1,-1,0,0,0,136,1,1,0,0.0000000,0.0000000,0.0000000,0,0,0,0
755576028588458 D 2981,987856339,1000,1553,1553,2.3822722,-0.00175,-1,-1,-1,0,0,0,136,1,1,0,0.0000000,0.0000000,0.0000000,0,0,0,0
755576029589916 D 2982,987857339,1000,1553,1553,2.3822722,-0.00168,-1,-1,-1,0,0,0,136,1,1,0,0.0000000,0.0000000,0.0000000,0,0,0,0
755576030593083 D 2983,987858339,1000,1553,1553,2.3822722,-0.00162,-1,-1,-1,0,0,0,136,1,1,0,0.0000000,0.0000000,0.0000000,0,0,0,0
755576031586208 D 2984,987859339,1000,1553,1553,2.3822722,-0.00155,-1,-1,-1,0,0,0,136,1,1,0,0.0000000,0.0000000,0.0000000,0,0,0,0
755576032588708 D 2985,987860339,1000,1553,1553,2.3822722,-0.00149,-1,-1,-1,0,0,0,136,1,1,0,0.0000000,0.0000000,0.0000000,0,0,0,0
755576033588833 D 2986,987861339,1000,1553,1553,2.3822722,-0.00144,-1,-1,-1,0,0,0,136,1,1,0,0.0000000,0.0000000,0.0000000,0,0,0,0
755576034590041 D 2987,987862339,1000,1553,1553,2.3822722,-0.00138,-1,-1,-1,0,0,0,136,1,1,0,0.0000000,0.0000000,0.0000000,0,0,0,0
755576035585458 D 2988,987863339,1000,1553,1553,2.3822722,-0.00132,-1,-1,-1,0,0,0,136,1,1,0,0.0000000,0.0000000,0.0000000,0,0,0,0
755576036588541 D 2989,987864339,1000,1553,1553,2.3822722,-0.00127,-1,-1,-1,0,0,0,136,1,1,0,0.0000000,0.0000000,0.0000000,0,0,0,0
755576037587583 D 2990,987865339,1000,1553,1553,2.3822722,-0.00122,-1,-1,-1,0,0,0,136,1,1,0,0.0000000,0.0000000,0.0000000,0,0,0,0
755576038589291 D 2991,987866339,1000,1553,1553,2.3822722,-0.00118,-1,-1,-1,0,0,0,136,1,1,0,0.0000000,0.0000000,0.0000000,0,0,0,0
755576039586916 D 2992,987867339,1000,1553,1553,2.3822722,-0.00113,-1,-1,-1,0,0,0,136,1,1,0,0.0000000,0.0000000,0.0000000,0,0,0,0
755576040589541 D 2993,987868339,1000,1553,1553,2.3822722,-0.00108,-1,-1,-1,0,0,0,136,1,1,0,0.0000000,0.0000000,0.0000000,0,0,0,0
755576041592625 D 2994,987869339,1000,1553,1553,2.3822722,-0.00104,-1,-1,-1,0,0,0,136,1,1,0,0.0000000,0.0000000,0.0000000,0,0,0,0
755576042591250 D 2995,987870339,1000,1553,1553,2.3822722,-0.00100,-1,-1,-1,0,0,0,136,1,1,0,0.0000000,0.0000000,0.0000000,0,0,0,0
755576043589125 D 2996,987871339,1000,1553,1553,2.3822722,-0.00096,-1,-1,-1,0,0,0,136,1,1,0,0.0000000,0.0000000,0.0000000,0,0,0,0
755576044595625 D 2997,987872339,1000,1553,1553,2.3822722,-0.00092,-1,-1,-1,0,0,0,136,1,1,0,0.0000000,0.0000000,0.0000000,0,0,0,0
755576045603666 D 2998,987873339,1000,1553,1553,2.3822722,-0.00089,-1,-1,-1,0,0,0,135,1,1,0,0.0000000,0.0000000,0.0000000,0,0,0,0
755576046574958 D 2999,987874339,1000,1553,1553,2.3822722,-0.00085,-1,-1,-1,0,0,0,136,1,1,0,0.0000000,0.0000000,0.0000000,0,0,0,0
755576047025500 E 987875067 END host_stop 0 0 0
