755484689652666 E 890570787 END host_stop 0 0 0
755484689830916 E 896517980 STREAM
755484690996333 D 0,896518339,0,1549,1549,2.3761363,0.00000,-1,-1,-1,0,0,0,136,1,1,0,0.0000000,0.0000000,0.0000000,0,0,0,0
755484692003375 D 1,896519339,1000,1549,1549,2.3761363,0.00000,-1,-1,-1,0,0,0,136,1,1,0,0.0000000,0.0000000,0.0000000,0,0,0,0
755484692967750 D 2,896520339,1000,1549,1549,2.3761363,0.00000,-1,-1,-1,0,0,0,136,1,1,0,0.0000000,0.0000000,0.0000000,0,0,0,0
755484693916416 D 3,896521339,1000,1549,1549,2.3761363,0.00000,-1,-1,-1,0,0,0,136,1,1,0,0.0000000,0.0000000,0.0000000,0,0,0,0
755484694834791 D 4,896522339,1000,1549,1549,2.3761363,0.00000,-1,-1,-1,0,0,0,136,1,1,0,0.0000000,0.0000000,0.0000000,0,0,0,0
755484695722041 D 5,896523339,1000,1549,1549,2.3761363,0.00000,-1,-1,-1,0,0,0,136,1,1,0,0.0000000,0.0000000,0.0000000,0,0,0,0
755484696664708 D 6,896524339,1000,1549,1549,2.3761363,0.00000,-1,-1,-1,0,0,0,136,1,1,0,0.0000000,0.0000000,0.0000000,0,0,0,0
755484697610708 D 7,896525339,1000,1549,1549,2.3761363,0.00000,-1,-1,-1,0,0,0,136,1,1,0,0.0000000,0.0000000,0.0000000,0,0,0,0
755484698630125 D 8,896526339,1000,1549,1549,2.3761363,0.00000,-1,-1,-1,0,0,0,136,1,1,0,0.0000000,0.0000000,0.0000000,0,0,0,0
755484699675083 D 9,896527339,1000,1549,1549,2.3761363,0.00000,-1,-1,-1,0,0,0,136,1,1,0,0.0000000,0.0000000,0.0000000,0,0,0,0
755484700817791 D 10,896528339,1000,1549,1549,2.3761363,0.00000,-1,-1,-1,0,0,0,136,1,1,0,0.0000000,0.0000000,0.0000000,0,0,0,0
755484701623250 D 11,896529339,1000,1550,1550,2.3776703,0.06015,-1,-1,-1,0,0,0,136,1,1,0,0.0000000,0.0000000,0.0000000,0,0,0,0
755484702651708 D 12,896530339,1000,1549,1549,2.3761363,-0.00236,-1,-1,-1,0,0,0,136,1,1,0,0.0000000,0.0000000,0.0000000,0,0,0,0
755484703609000 D 13,896531339,1000,1549,1549,2.3761363,-0.00227,-1,-1,-1,0,0,0,136,1,1,0,0.0000000,0.0000000,0.0000000,0,0,0,0
755484704612916 D 14,896532339,1000,1549,1549,2.3761363,-0.00218,-1,-1,-1,0,0,0,136,1,1,0,0.0000000,0.0000000,0.0000000,0,0,0,0
755484705600833 D 15,896533339,1000,1549,1549,2.3761363,-0.00209,-1,-1,-1,0,0,0,136,1,1,0,0.0000000,0.0000000,0.0000000,0,0,0,0
755484706564250 D 16,896534339,1000,1549,1549,2.3761363,-0.00201,-1,-1,-1,0,0,0,136,1,1,0,0.0000000,0.0000000,0.0000000,0,0,0,0
755484707538875 D 17,896535339,1000,1549,1549,2.3761363,-0.00193,-1,-1,-1,0,0,0,136,1,1,0,0.0000000,0.0000000,0.0000000,0,0,0,0
755484708537791 D 18,896536339,1000,1549,1549,2.3761363,-0.00186,-1,-1,-1,0,0,0,136,1,1,0,0.0000000,0.0000000,0.0000000,0,0,0,0
755484709577750 D 19,896537339,1000,1549,1549,2.3761363,-0.00178,-1,-1,-1,0,0,0,136,1,1,0,0.0000000,0.0000000,0.0000000,0,0,0,0
755484710529291 D 20,896538339,1000,1549,1549,2.3761363,-0.00171,-1,-1,-1,0,0,0,136,1,1,0,0.0000000,0.0000000,0.0000000,0,0,0,0
755484711524375 D 21,896539339,1000,1549,1549,2.3761363,-0.00165,-1,-1,-1,0,0,0,136,1,1,0,0.0000000,0.0000000,0.0000000,0,0,0,0
755484712518833 D 22,896540339,1000,1549,1549,2.3761363,-0.00158,-1,-1,-1,0,0,0,136,1,1,0,0.0000000,0.0000000,0.0000000,0,0,0,0
755484713521666 D 23,896541339,1000,1549,1549,2.3761363,-0.00152,-1,-1,-1,0,0,0,136,1,1,0,0.0000000,0.0000000,0.0000000,0,0,0,0
755484714517541 D 24,896542339,1000,1549,1549,2.3761363,-0.00146,-1,-1,-1,0,0,0,136,1,1,0,0.0000000,0.0000000,0.0000000,0,0,0,0
755484715513791 D 25,896543339,1000,1549,1549,2.3761363,-0.00140,-1,-1,-1,0,0,0,136,1,1,0,0.0000000,0.0000000,0.0000000,0,0,0,0
755484716506166 D 26,896544339,1000,1549,1549,2.3761363,-0.00135,-1,-1,-1,0,0,0,136,1,1,0,0.0000000,0.0000000,0.0000000,0,0,0,0
755484717502208 D 27,896545339,1000,1549,1549,2.3761363,-0.00129,-1,-1,-1,0,0,0,136,1,1,0,0.0000000,0.0000000,0.0000000,0,0,0,0
755484718503333 D 28,896546339,1000,1549,1549,2.3761363,-0.00124,-1,-1,-1,0,0,0,136,1,1,0,0.0000000,0.0000000,0.0000000,0,0,0,0
755484719507708 D 29,896547339,1000,1549,1549,2.3761363,-0.00119,-1,-1,-1,0,0,0,136,1,1,0,0.0000000,0.0000000,0.0000000,0,0,0,0
755484720499166 D 30,896548339,1000,1549,1549,2.3761363,-0.00115,-1,-1,-1,0,0,0,136,1,1,0,0.0000000,0.0000000,0.0000000,0,0,0,0
755484721555375 D 31,896549339,1000,1549,1549,2.3761363,-0.00110,-1,-1,-1,0,0,0,136,1,1,0,0.0000000,0.0000000,0.0000000,0,0,0,0
755484722495750 D 32,896550339,1000,1549,1549,2.3761363,-0.00106,-1,-1,-1,0,0,0,136,1,1,0,0.0000000,0.0000000,0.0000000,0,0,0,0
755484723489958 D 33,896551339,1000,1549,1549,2.3761363,-0.00102,-1,-1,-1,0,0,0,136,1,1,0,0.0000000,0.0000000,0.0000000,0,0,0,0
755484724937750 D 34,896552339,1000,1549,1549,2.3761363,-0.00098,39,124,2086,0,0,0,136,1,1,0,0.0000000,0.0000000,0.0000000,0,0,0,0
755484725478750 D 35,896553339,1000,1549,1549,2.3761363,-0.00094,-1,-1,-1,0,0,0,136,1,1,0,0.0000000,0.0000000,0.0000000,0,0,0,0
755484726505375 D 36,896554339,1000,1549,1549,2.3761363,-0.00090,-1,-1,-1,0,0,0,136,1,1,0,0.0000000,0.0000000,0.0000000,0,0,0,0
755484727565916 D 37,896555339,1000,1549,1549,2.3761363,-0.00087,-1,-1,-1,0,0,0,136,1,1,0,0.0000000,0.0000000,0.0000000,0,0,0,0
755484728432041 D 38,896556339,1000,1549,1549,2.3761363,-0.00083,-1,-1,-1,0,0,0,136,1,1,0,0.0000000,0.0000000,0.0000000,0,0,0,0
755484729320458 D 39,896557339,1000,1549,1549,2.3761363,-0.00080,-1,-1,-1,0,0,0,136,1,1,0,0.0000000,0.0000000,0.0000000,0,0,0,0
755484730345916 D 40,896558339,1000,1549,1549,2.3761363,-0.00077,-1,-1,-1,0,0,0,136,1,1,0,0.0000000,0.0000000,0.0000000,0,0,0,0
755484731549250 D 41,896559339,1000,1549,1549,2.3761363,-0.00074,-1,-1,-1,0,0,0,136,1,1,0,0.0000000,0.0000000,0.0000000,0,0,0,0
755484732500458 D 42,896560339,1000,1549,1549,2.3761363,-0.00071,-1,-1,-1,0,0,0,136,1,1,0,0.0000000,0.0000000,0.0000000,0,0,0,0
755484733487708 D 43,896561339,1000,1549,1549,2.3761363,-0.00068,-1,-1,-1,0,0,0,136,1,1,0,0.0000000,0.0000000,0.0000000,0,0,0,0
755484734487166 D 44,896562339,1000,1549,1549,2.3761363,-0.00066,-1,-1,-1,0,0,0,136,1,1,0,0.0000000,0.0000000,0.0000000,0,0,0,0
755484735474291 D 45,896563339,1000,1549,1549,2.3761363,-0.00063,-1,-1,-1,0,0,0,136,1,1,0,0.0000000,0.0000000,0.0000000,0,0,0,0
755484736480875 D 46,896564339,1000,1549,1549,2.3761363,-0.00061,-1,-1,-1,0,0,0,136,1,1,0,0.0000000,0.0000000,0.0000000,0,0,0,0
755484737510625 D 47,896565339,1000,1549,1549,2.3761363,-0.00058,-1,-1,-1,0,0,0,136,1,1,0,0.0000000,0.0000000,0.0000000,0,0,0,0
755484738598333 D 48,896566339,1000,1549,1549,2.3761363,-0.00056,-1,-1,-1,0,0,0,136,1,1,0,0.0000000,0.0000000,0.0000000,0,0,0,0
755484739592750 D 49,896567339,1000,1549,1549,2.3761363,-0.00054,-1,-1,-1,0,0,0,136,1,1,0,0.0000000,0.0000000,0.0000000,0,0,0,0
755484740599625 D 50,896568339,1000,1549,1549,2.3761363,-0.00052,-1,-1,-1,0,0,0,136,1,1,0,0.0000000,0.0000000,0.0000000,0,0,0,0
755484741596125 D 51,896569339,1000,1549,1549,2.3761363,-0.00050,-1,-1,-1,0,0,0,136,1,1,0,0.0000000,0.0000000,0.0000000,0,0,0,0
755484742603333 D 52,896570339,1000,1549,1549,2.3761363,-0.00048,-1,-1,-1,0,0,0,136,1,1,0,0.0000000,0.0000000,0.0000000,0,0,0,0
755484743587875 D 53,896571339,1000,1549,1549,2.3761363,-0.00046,-1,-1,-1,0,0,0,136,1,1,0,0.0000000,0.0000000,0.0000000,0,0,0,0
755484744510041 D 54,896572339,1000,1549,1549,2.3761363,-0.00044,-1,-1,-1,0,0,0,136,1,1,0,0.0000000,0.0000000,0.0000000,0,0,0,0
755484745551208 D 55,896573339,1000,1549,1549,2.3761363,-0.00042,-1,-1,-1,0,0,0,136,1,1,0,0.0000000,0.0000000,0.0000000,0,0,0,0
755484746510250 D 56,896574339,1000,1549,1549,2.3761363,-0.00041,-1,-1,-1,0,0,0,136,1,1,0,0.0000000,0.0000000,0.0000000,0,0,0,0
755484747509541 D 57,896575339,1000,1549,1549,2.3761363,-0.00039,-1,-1,-1,0,0,0,136,1,1,0,0.0000000,0.0000000,0.0000000,0,0,0,0
755484748506958 D 58,896576339,1000,1549,1549,2.3761363,-0.00037,-1,-1,-1,0,0,0,136,1,1,0,0.0000000,0.0000000,0.0000000,0,0,0,0
755484749512875 D 59,896577339,1000,1549,1549,2.3761363,-0.00036,-1,-1,-1,0,0,0,136,1,1,0,0.0000000,0.0000000,0.0000000,0,0,0,0
755484750502375 D 60,896578339,1000,1549,1549,2.3761363,-0.00035,-1,-1,-1,0,0,0,136,1,1,0,0.0000000,0.0000000,0.0000000,0,0,0,0
755484751540708 D 61,896579339,1000,1549,1549,2.3761363,-0.00033,-1,-1,-1,0,0,0,135,1,1,0,0.0000000,0.0000000,0.0000000,0,0,0,0
755484752438000 D 62,896580339,1000,1549,1549,2.3761363,-0.00032,-1,-1,-1,0,0,0,136,1,1,0,0.0000000,0.0000000,0.0000000,0,0,0,0
755484753444125 D 63,896581339,1000,1549,1549,2.3761363,-0.00031,-1,-1,-1,0,0,0,136,1,1,0,0.0000000,0.0000000,0.0000000,0,0,0,0
755484754438583 D 64,896582339,1000,1549,1549,2.3761363,-0.00029,-1,-1,-1,0,0,0,136,1,1,0,0.0000000,0.0000000,0.0000000,0,0,0,0
755484755438125 D 65,896583339,1000,1549,1549,2.3761363,-0.00028,-1,-1,-1,0,0,0,136,1,1,0,0.0000000,0.0000000,0.0000000,0,0,0,0
755484756435666 D 66,896584339,1000,1549,1549,2.3761363,-0.00027,-1,-1,-1,0,0,0,136,1,1,0,0.0000000,0.0000000,0.0000000,0,0,0,0
755484757437291 D 67,896585339,1000,1549,1549,2.3761363,-0.00026,-1,-1,-1,0,0,0,136,1,1,0,0.0000000,0.0000000,0.0000000,0,0,0,0
755484758443500 D 68,896586339,1000,1549,1549,2.3761363,-0.00025,-1,-1,-1,0,0,0,135,1,1,0,0.0000000,0.0000000,0.0000000,0,0,0,0
755484759439666 D 69,896587339,1000,1549,1549,2.3761363,-0.00024,-1,-1,-1,0,0,0,136,1,1,0,0.0000000,0.0000000,0.0000000,0,0,0,0
755484760385041 D 70,896588339,1000,1549,1549,2.3761363,-0.00023,-1,-1,-1,0,0,0,136,1,1,0,0.0000000,0.0000000,0.0000000,0,0,0,0
755484761386041 D 71,896589339,1000,1549,1549,2.3761363,-0.00022,-1,-1,-1,0,0,0,136,1,1,0,0.0000000,0.0000000,0.0000000,0,0,0,0
755484762623791 D 72,896590339,1000,1549,1549,2.3761363,-0.00021,-1,-1,-1,0,0,0,136,1,1,0,0.0000000,0.0000000,0.0000000,0,0,0,0
755484763610166 D 73,896591339,1000,1549,1549,2.3761363,-0.00021,-1,-1,-1,0,0,0,136,1,1,0,0.0000000,0.0000000,0.0000000,0,0,0,0
755484764600583 D 74,896592339,1000,1549,1549,2.3761363,-0.00020,-1,-1,-1,0,0,0,136,1,1,0,0.0000000,0.0000000,0.0000000,0,0,0,0
755484765609291 D 75,896593339,1000,1549,1549,2.3761363,-0.00019,-1,-1,-1,0,0,0,136,1,1,0,0.0000000,0.0000000,0.0000000,0,0,0,0
755484766608666 D 76,896594339,1000,1549,1549,2.3761363,-0.00018,-1,-1,-1,0,0,0,136,1,1,0,0.0000000,0.0000000,0.0000000,0,0,0,0
755484767608458 D 77,896595339,1000,1549,1549,2.3761363,-0.00018,-1,-1,-1,0,0,0,136,1,1,0,0.0000000,0.0000000,0.0000000,0,0,0,0
755484768592166 D 78,896596339,1000,1549,1549,2.3761363,-0.00017,-1,-1,-1,0,0,0,136,1,1,0,0.0000000,0.0000000,0.0000000,0,0,0,0
755484769600916 D 79,896597339,1000,1549,1549,2.3761363,-0.00016,-1,-1,-1,0,0,0,136,1,1,0,0.0000000,0.0000000,0.0000000,0,0,0,0
755484770590125 D 80,896598339,1000,1549,1549,2.3761363,-0.00016,-1,-1,-1,0,0,0,136,1,1,0,0.0000000,0.0000000,0.0000000,0,0,0,0
755484771609166 D 81,896599339,1000,1549,1549,2.3761363,-0.00015,-1,-1,-1,0,0,0,136,1,1,0,0.0000000,0.0000000,0.0000000,0,0,0,0
755484772602041 D 82,896600339,1000,1549,1549,2.3761363,-0.00014,-1,-1,-1,0,0,0,136,1,1,0,0.0000000,0.0000000,0.0000000,0,0,0,0
755484773598750 D 83,896601339,1000,1549,1549,2.3761363,-0.00014,-1,-1,-1,0,0,0,136,1,1,0,0.0000000,0.0000000,0.0000000,0,0,0,0
755484774993541 D 84,896602339,1000,1549,1549,2.3761363,-0.00013,39,124,2085,0,0,0,136,1,1,0,0.0000000,0.0000000,0.0000000,0,0,0,0
755484775600250 D 85,896603339,1000,1549,1549,2.3761363,-0.00013,-1,-1,-1,0,0,0,136,1,1,0,0.0000000,0.0000000,0.0000000,0,0,0,0
755484776594958 D 86,896604339,1000,1549,1549,2.3761363,-0.00012,-1,-1,-1,0,0,0,136,1,1,0,0.0000000,0.0000000,0.0000000,0,0,0,0
755484777611333 D 87,896605339,1000,1549,1549,2.3761363,-0.00012,-1,-1,-1,0,0,0,136,1,1,0,0.0000000,0.0000000,0.0000000,0,0,0,0
755484778600750 D 88,896606339,1000,1549,1549,2.3761363,-0.00011,-1,-1,-1,0,0,0,136,1,1,0,0.0000000,0.0000000,0.0000000,0,0,0,0
755484779611791 D 89,896607339,1000,1549,1549,2.3761363,-0.00011,-1,-1,-1,0,0,0,135,1,1,0,0.0000000,0.0000000,0.0000000,0,0,0,0
755484780579291 D 90,896608339,1000,1549,1549,2.3761363,-0.00010,-1,-1,-1,0,0,0,136,1,1,0,0.0000000,0.0000000,0.0000000,0,0,0,0
755484781580208 D 91,896609339,1000,1549,1549,2.3761363,-0.00010,-1,-1,-1,0,0,0,136,1,1,0,0.0000000,0.0000000,0.0000000,0,0,0,0
755484782608916 D 92,896610339,1000,1549,1549,2.3761363,-0.00010,-1,-1,-1,0,0,0,136,1,1,0,0.0000000,0.0000000,0.0000000,0,0,0,0
755484783600500 D 93,896611339,1000,1549,1549,2.3761363,-0.00009,-1,-1,-1,0,0,0,136,1,1,0,0.0000000,0.0000000,0.0000000,0,0,0,0
755484784608416 D 94,896612339,1000,1549,1549,2.3761363,-0.00009,-1,-1,-1,0,0,0,136,1,1,0,0.0000000,0.0000000,0.0000000,0,0,0,0
755484785613583 D 95,896613339,1000,1549,1549,2.3761363,-0.00009,-1,-1,-1,0,0,0,136,1,1,0,0.0000000,0.0000000,0.0000000,0,0,0,0
755484786599916 D 96,896614339,1000,1549,1549,2.3761363,-0.00008,-1,-1,-1,0,0,0,136,1,1,0,0.0000000,0.0000000,0.0000000,0,0,0,0
755484787626458 D 97,896615339,1000,1549,1549,2.3761363,-0.00008,-1,-1,-1,0,0,0,136,1,1,0,0.0000000,0.0000000,0.0000000,0,0,0,0
755484788598000 D 98,896616339,1000,1549,1549,2.3761363,-0.00008,-1,-1,-1,0,0,0,136,1,1,0,0.0000000,0.0000000,0.0000000,0,0,0,0
755484789607166 D 99,896617339,1000,1549,1549,2.3761363,-0.00007,-1,-1,-1,0,0,0,136,1,1,0,0.0000000,0.0000000,0.0000000,0,0,0,0
755484790621708 D 100,896618339,1000,1549,1549,2.3761363,-0.00007,-1,-1,-1,0,0,0,136,1,1,0,0.0000000,0.0000000,0.0000000,0,0,0,0
755484791614291 D 101,896619339,1000,1549,1549,2.3761363,-0.00007,-1,-1,-1,0,0,0,136,1,1,0,0.0000000,0.0000000,0.0000000,0,0,0,0
755484792629166 D 102,896620339,1000,1549,1549,2.3761363,-0.00006,-1,-1,-1,0,0,0,136,1,1,0,0.0000000,0.0000000,0.0000000,0,0,0,0
755484793460500 D 103,896621339,1000,1549,1549,2.3761363,-0.00006,-1,-1,-1,0,0,0,136,1,1,0,0.0000000,0.0000000,0.0000000,0,0,0,0
755484794439333 D 104,896622339,1000,1549,1549,2.3761363,-0.00006,-1,-1,-1,0,0,0,136,1,1,0,0.0000000,0.0000000,0.0000000,0,0,0,0
755484795550458 D 105,896623339,1000,1549,1549,2.3761363,-0.00006,-1,-1,-1,0,0,0,136,1,1,0,0.0000000,0.0000000,0.0000000,0,0,0,0
755484796448125 D 106,896624339,1000,1549,1549,2.3761363,-0.00005,-1,-1,-1,0,0,0,136,1,1,0,0.0000000,0.0000000,0.0000000,0,0,0,0
755484797450500 D 107,896625339,1000,1549,1549,2.3761363,-0.00005,-1,-1,-1,0,0,0,136,1,1,0,0.0000000,0.0000000,0.0000000,0,0,0,0
755484798450500 D 108,896626339,1000,1549,1549,2.3761363,-0.00005,-1,-1,-1,0,0,0,136,1,1,0,0.0000000,0.0000000,0.0000000,0,0,0,0
755484799453625 D 109,896627339,1000,1549,1549,2.3761363,-0.00005,-1,-1,-1,0,0,0,136,1,1,0,0.0000000,0.0000000,0.0000000,0,0,0,0
755484800446583 D 110,896628339,1000,1549,1549,2.3761363,-0.00005,-1,-1,-1,0,0,0,135,1,1,0,0.0000000,0.0000000,0.0000000,0,0,0,0
755484801450833 D 111,896629339,1000,1549,1549,2.3761363,-0.00004,-1,-1,-1,0,0,0,136,1,1,0,0.0000000,0.0000000,0.0000000,0,0,0,0
755484802446625 D 112,896630339,1000,1549,1549,2.3761363,-0.00004,-1,-1,-1,0,0,0,136,1,1,0,0.0000000,0.0000000,0.0000000,0,0,0,0
755484803444375 D 113,896631339,1000,1549,1549,2.3761363,-0.00004,-1,-1,-1,0,0,0,136,1,1,0,0.0000000,0.0000000,0.0000000,0,0,0,0
755484804446791 D 114,896632339,1000,1549,1549,2.3761363,-0.00004,-1,-1,-1,0,0,0,136,1,1,0,0.0000000,0.0000000,0.0000000,0,0,0,0
755484805444375 D 115,896633339,1000,1549,1549,2.3761363,-0.00004,-1,-1,-1,0,0,0,136,1,1,0,0.0000000,0.0000000,0.0000000,0,0,0,0
755484806440666 D 116,896634339,1000,1549,1549,2.3761363,-0.00004,-1,-1,-1,0,0,0,136,1,1,0,0.0000000,0.0000000,0.0000000,0,0,0,0
755484807574458 D 117,896635339,1000,1549,1549,2.3761363,-0.00004,-1,-1,-1,0,0,0,136,1,1,0,0.0000000,0.0000000,0.0000000,0,0,0,0
755484808482625 D 118,896636339,1000,1549,1549,2.3761363,-0.00003,-1,-1,-1,0,0,0,136,1,1,0,0.0000000,0.0000000,0.0000000,0,0,0,0
755484809478875 D 119,896637339,1000,1549,1549,2.3761363,-0.00003,-1,-1,-1,0,0,0,136,1,1,0,0.0000000,0.0000000,0.0000000,0,0,0,0
755484810479625 D 120,896638339,1000,1549,1549,2.3761363,-0.00003,-1,-1,-1,0,0,0,136,1,1,0,0.0000000,0.0000000,0.0000000,0,0,0,0
755484811486291 D 121,896639339,1000,1549,1549,2.3761363,-0.00003,-1,-1,-1,0,0,0,136,1,1,0,0.0000000,0.0000000,0.0000000,0,0,0,0
755484812484750 D 122,896640339,1000,1549,1549,2.3761363,-0.00003,-1,-1,-1,0,0,0,136,1,1,0,0.0000000,0.0000000,0.0000000,0,0,0,0
755484813485166 D 123,896641339,1000,1549,1549,2.3761363,-0.00003,-1,-1,-1,0,0,0,136,1,1,0,0.0000000,0.0000000,0.0000000,0,0,0,0
755484814497458 D 124,896642339,1000,1549,1549,2.3761363,-0.00003,-1,-1,-1,0,0,0,136,1,1,0,0.0000000,0.0000000,0.0000000,0,0,0,0
755484815484000 D 125,896643339,1000,1549,1549,2.3761363,-0.00003,-1,-1,-1,0,0,0,136,1,1,0,0.0000000,0.0000000,0.0000000,0,0,0,0
755484816481041 D 126,896644339,1000,1549,1549,2.3761363,-0.00002,-1,-1,-1,0,0,0,136,1,1,0,0.0000000,0.0000000,0.0000000,0,0,0,0
755484817491375 D 127,896645339,1000,1549,1549,2.3761363,-0.00002,-1,-1,-1,0,0,0,136,1,1,0,0.0000000,0.0000000,0.0000000,0,0,0,0
755484818540833 D 128,896646339,1000,1549,1549,2.3761363,-0.00002,-1,-1,-1,0,0,0,136,1,1,0,0.0000000,0.0000000,0.0000000,0,0,0,0
755484819520125 D 129,896647339,1000,1549,1549,2.3761363,-0.00002,-1,-1,-1,0,0,0,136,1,1,0,0.0000000,0.0000000,0.0000000,0,0,0,0
755484820520875 D 130,896648339,1000,1549,1549,2.3761363,-0.00002,-1,-1,-1,0,0,0,136,1,1,0,0.0000000,0.0000000,0.0000000,0,0,0,0
755484821521250 D 131,896649339,1000,1549,1549,2.3761363,-0.00002,-1,-1,-1,0,0,0,136,1,1,0,0.0000000,0.0000000,0.0000000,0,0,0,0
755484822525666 D 132,896650339,1000,1549,1549,2.3761363,-0.00002,-1,-1,-1,0,0,0,136,1,1,0,0.0000000,0.0000000,0.0000000,0,0,0,0
755484823515208 D 133,896651339,1000,1549,1549,2.3761363,-0.00002,-1,-1,-1,0,0,0,136,1,1,0,0.0000000,0.0000000,0.0000000,0,0,0,0
755484824968791 D 134,896652339,1000,1549,1549,2.3761363,-0.00002,39,124,2085,0,0,0,136,1,1,0,0.0000000,0.0000000,0.0000000,0,0,0,0
755484825525375 D 135,896653339,1000,1549,1549,2.3761363,-0.00002,-1,-1,-1,0,0,0,136,1,1,0,0.0000000,0.0000000,0.0000000,0,0,0,0
755484826523541 D 136,896654339,1000,1549,1549,2.3761363,-0.00002,-1,-1,-1,0,0,0,136,1,1,0,0.0000000,0.0000000,0.0000000,0,0,0,0
755484827511166 D 137,896655339,1000,1549,1549,2.3761363,-0.00002,-1,-1,-1,0,0,0,136,1,1,0,0.0000000,0.0000000,0.0000000,0,0,0,0
755484828519625 D 138,896656339,1000,1549,1549,2.3761363,-0.00002,-1,-1,-1,0,0,0,136,1,1,0,0.0000000,0.0000000,0.0000000,0,0,0,0
755484829513083 D 139,896657339,1000,1549,1549,2.3761363,-0.00001,-1,-1,-1,0,0,0,136,1,1,0,0.0000000,0.0000000,0.0000000,0,0,0,0
755484830544750 D 140,896658339,1000,1549,1549,2.3761363,-0.00001,-1,-1,-1,0,0,0,136,1,1,0,0.0000000,0.0000000,0.0000000,0,0,0,0
755484831543916 D 141,896659339,1000,1549,1549,2.3761363,-0.00001,-1,-1,-1,0,0,0,136,1,1,0,0.0000000,0.0000000,0.0000000,0,0,0,0
755484832537458 D 142,896660339,1000,1549,1549,2.3761363,-0.00001,-1,-1,-1,0,0,0,136,1,1,0,0.0000000,0.0000000,0.0000000,0,0,0,0
755484833523000 D 143,896661339,1000,1549,1549,2.3761363,-0.00001,-1,-1,-1,0,0,0,136,1,1,0,0.0000000,0.0000000,0.0000000,0,0,0,0
755484834520916 D 144,896662339,1000,1549,1549,2.3761363,-0.00001,-1,-1,-1,0,0,0,136,1,1,0,0.0000000,0.0000000,0.0000000,0,0,0,0
755484835519625 D 145,896663339,1000,1549,1549,2.3761363,-0.00001,-1,-1,-1,0,0,0,136,1,1,0,0.0000000,0.0000000,0.0000000,0,0,0,0
755484836595916 D 146,896664339,1000,1549,1549,2.3761363,-0.00001,-1,-1,-1,0,0,0,136,1,1,0,0.0000000,0.0000000,0.0000000,0,0,0,0
755484837590916 D 147,896665339,1000,1549,1549,2.3761363,-0.00001,-1,-1,-1,0,0,0,136,1,1,0,0.0000000,0.0000000,0.0000000,0,0,0,0
755484838599958 D 148,896666339,1000,1549,1549,2.3761363,-0.00001,-1,-1,-1,0,0,0,136,1,1,0,0.0000000,0.0000000,0.0000000,0,0,0,0
755484839593833 D 149,896667339,1000,1549,1549,2.3761363,-0.00001,-1,-1,-1,0,0,0,136,1,1,0,0.0000000,0.0000000,0.0000000,0,0,0,0
755484840594083 D 150,896668339,1000,1549,1549,2.3761363,-0.00001,-1,-1,-1,0,0,0,136,1,1,0,0.0000000,0.0000000,0.0000000,0,0,0,0
755484841594083 D 151,896669339,1000,1549,1549,2.3761363,-0.00001,-1,-1,-1,0,0,0,136,1,1,0,0.0000000,0.0000000,0.0000000,0,0,0,0
755484842597833 D 152,896670339,1000,1549,1549,2.3761363,-0.00001,-1,-1,-1,0,0,0,135,1,1,0,0.0000000,0.0000000,0.0000000,0,0,0,0
755484843591625 D 153,896671339,1000,1549,1549,2.3761363,-0.00001,-1,-1,-1,0,0,0,136,1,1,0,0.0000000,0.0000000,0.0000000,0,0,0,0
755484844591208 D 154,896672339,1000,1549,1549,2.3761363,-0.00001,-1,-1,-1,0,0,0,136,1,1,0,0.0000000,0.0000000,0.0000000,0,0,0,0
755484845592708 D 155,896673339,1000,1549,1549,2.3761363,-0.00001,-1,-1,-1,0,0,0,136,1,1,0,0.0000000,0.0000000,0.0000000,0,0,0,0
755484846612625 D 156,896674339,1000,1549,1549,2.3761363,-0.00001,-1,-1,-1,0,0,0,136,1,1,0,0.0000000,0.0000000,0.0000000,0,0,0,0
755484847594375 D 157,896675339,1000,1549,1549,2.3761363,-0.00001,-1,-1,-1,0,0,0,136,1,1,0,0.0000000,0.0000000,0.0000000,0,0,0,0
755484848596541 D 158,896676339,1000,1549,1549,2.3761363,-0.00001,-1,-1,-1,0,0,0,136,1,1,0,0.0000000,0.0000000,0.0000000,0,0,0,0
755484849599541 D 159,896677339,1000,1549,1549,2.3761363,-0.00001,-1,-1,-1,0,0,0,136,1,1,0,0.0000000,0.0000000,0.0000000,0,0,0,0
755484850601875 D 160,896678339,1000,1549,1549,2.3761363,-0.00001,-1,-1,-1,0,0,0,136,1,1,0,0.0000000,0.0000000,0.0000000,0,0,0,0
755484851594000 D 161,896679339,1000,1549,1549,2.3761363,-0.00001,-1,-1,-1,0,0,0,136,1,1,0,0.0000000,0.0000000,0.0000000,0,0,0,0
755484852598750 D 162,896680339,1000,1549,1549,2.3761363,-0.00001,-1,-1,-1,0,0,0,136,1,1,0,0.0000000,0.0000000,0.0000000,0,0,0,0
755484853599125 D 163,896681339,1000,1549,1549,2.3761363,-0.00001,-1,-1,-1,0,0,0,136,1,1,0,0.0000000,0.0000000,0.0000000,0,0,0,0
755484854596833 D 164,896682339,1000,1549,1549,2.3761363,-0.00001,-1,-1,-1,0,0,0,136,1,1,0,0.0000000,0.0000000,0.0000000,0,0,0,0
755484855598458 D 165,896683339,1000,1549,1549,2.3761363,-0.00001,-1,-1,-1,0,0,0,136,1,1,0,0.0000000,0.0000000,0.0000000,0,0,0,0
755484856599583 D 166,896684339,1000,1549,1549,2.3761363,-0.00000,-1,-1,-1,0,0,0,136,1,1,0,0.0000000,0.0000000,0.0000000,0,0,0,0
755484857597083 D 167,896685339,1000,1549,1549,2.3761363,-0.00000,-1,-1,-1,0,0,0,136,1,1,0,0.0000000,0.0000000,0.0000000,0,0,0,0
755484858597791 D 168,896686339,1000,1549,1549,2.3761363,-0.00000,-1,-1,-1,0,0,0,136,1,1,0,0.0000000,0.0000000,0.0000000,0,0,0,0
755484859600458 D 169,896687339,1000,1549,1549,2.3761363,-0.00000,-1,-1,-1,0,0,0,136,1,1,0,0.0000000,0.0000000,0.0000000,0,0,0,0
755484862488750 D 170,896688339,1000,1549,1549,2.3761363,-0.00000,-1,-1,-1,0,0,0,136,1,1,0,0.0000000,0.0000000,0.0000000,0,0,0,0
755484863102125 D 171,896689339,1000,1549,1549,2.3761363,-0.00000,-1,-1,-1,0,0,0,136,1,1,0,0.0000000,0.0000000,0.0000000,0,0,0,0
755484863648583 D 172,896690339,1000,1549,1549,2.3761363,-0.00000,-1,-1,-1,0,0,0,136,1,1,0,0.0000000,0.0000000,0.0000000,0,0,0,0
755484864206666 D 173,896691339,1000,1549,1549,2.3761363,-0.00000,-1,-1,-1,0,0,0,136,1,1,0,0.0000000,0.0000000,0.0000000,0,0,0,0
755484864733875 D 174,896692339,1000,1549,1549,2.3761363,-0.00000,-1,-1,-1,0,0,0,136,1,1,0,0.0000000,0.0000000,0.0000000,0,0,0,0
755484865555333 D 175,896693339,1000,1549,1549,2.3761363,-0.00000,-1,-1,-1,0,0,0,136,1,1,0,0.0000000,0.0000000,0.0000000,0,0,0,0
755484866548708 D 176,896694339,1000,1549,1549,2.3761363,-0.00000,-1,-1,-1,0,0,0,136,1,1,0,0.0000000,0.0000000,0.0000000,0,0,0,0
755484867537291 D 177,896695339,1000,1549,1549,2.3761363,-0.00000,-1,-1,-1,0,0,0,136,1,1,0,0.0000000,0.0000000,0.0000000,0,0,0,0
755484868533083 D 178,896696339,1000,1549,1549,2.3761363,-0.00000,-1,-1,-1,0,0,0,136,1,1,0,0.0000000,0.0000000,0.0000000,0,0,0,0
755484869520583 D 179,896697339,1000,1549,1549,2.3761363,-0.00000,-1,-1,-1,0,0,0,136,1,1,0,0.0000000,0.0000000,0.0000000,0,0,0,0
755484870517625 D 180,896698339,1000,1549,1549,2.3761363,-0.00000,-1,-1,-1,0,0,0,136,1,1,0,0.0000000,0.0000000,0.0000000,0,0,0,0
755484871513708 D 181,896699339,1000,1549,1549,2.3761363,-0.00000,-1,-1,-1,0,0,0,136,1,1,0,0.0000000,0.0000000,0.0000000,0,0,0,0
755484872527125 D 182,896700339,1000,1549,1549,2.3761363,-0.00000,-1,-1,-1,0,0,0,136,1,1,0,0.0000000,0.0000000,0.0000000,0,0,0,0
755484873504916 D 183,896701339,1000,1549,1549,2.3761363,-0.00000,-1,-1,-1,0,0,0,136,1,1,0,0.0000000,0.0000000,0.0000000,0,0,0,0
755484874940041 D 184,896702339,1000,1549,1549,2.3761363,-0.00000,39,124,2085,0,0,0,136,1,1,0,0.0000000,0.0000000,0.0000000,0,0,0,0
755484875593250 D 185,896703339,1000,1549,1549,2.3761363,-0.00000,-1,-1,-1,0,0,0,136,1,1,0,0.0000000,0.0000000,0.0000000,0,0,0,0
755484876692458 D 186,896704339,1000,1549,1549,2.3761363,-0.00000,-1,-1,-1,0,0,0,136,1,1,0,0.0000000,0.0000000,0.0000000,0,0,0,0
755484877618541 D 187,896705339,1000,1549,1549,2.3761363,-0.00000,-1,-1,-1,0,0,0,136,1,1,0,0.0000000,0.0000000,0.0000000,0,0,0,0
755484878584541 D 188,896706339,1000,1549,1549,2.3761363,-0.00000,-1,-1,-1,0,0,0,136,1,1,0,0.0000000,0.0000000,0.0000000,0,0,0,0
755484879579750 D 189,896707339,1000,1549,1549,2.3761363,-0.00000,-1,-1,-1,0,0,0,136,1,1,0,0.0000000,0.0000000,0.0000000,0,0,0,0
755484880584875 D 190,896708339,1000,1549,1549,2.3761363,-0.00000,-1,-1,-1,0,0,0,136,1,1,0,0.0000000,0.0000000,0.0000000,0,0,0,0
755484881568958 D 191,896709339,1000,1549,1549,2.3761363,-0.00000,-1,-1,-1,0,0,0,136,1,1,0,0.0000000,0.0000000,0.0000000,0,0,0,0
755484882563916 D 192,896710339,1000,1549,1549,2.3761363,-0.00000,-1,-1,-1,0,0,0,136,1,1,0,0.0000000,0.0000000,0.0000000,0,0,0,0
755484883558791 D 193,896711339,1000,1549,1549,2.3761363,-0.00000,-1,-1,-1,0,0,0,136,1,1,0,0.0000000,0.0000000,0.0000000,0,0,0,0
755484884551166 D 194,896712339,1000,1549,1549,2.3761363,-0.00000,-1,-1,-1,0,0,0,136,1,1,0,0.0000000,0.0000000,0.0000000,0,0,0,0
755484885555125 D 195,896713339,1000,1549,1549,2.3761363,-0.00000,-1,-1,-1,0,0,0,136,1,1,0,0.0000000,0.0000000,0.0000000,0,0,0,0
755484886555291 D 196,896714339,1000,1549,1549,2.3761363,-0.00000,-1,-1,-1,0,0,0,136,1,1,0,0.0000000,0.0000000,0.0000000,0,0,0,0
755484887552791 D 197,896715339,1000,1549,1549,2.3761363,-0.00000,-1,-1,-1,0,0,0,136,1,1,0,0.0000000,0.0000000,0.0000000,0,0,0,0
755484888592708 D 198,896716339,1000,1549,1549,2.3761363,-0.00000,-1,-1,-1,0,0,0,136,1,1,0,0.0000000,0.0000000,0.0000000,0,0,0,0
755484889580708 D 199,896717339,1000,1549,1549,2.3761363,-0.00000,-1,-1,-1,0,0,0,136,1,1,0,0.0000000,0.0000000,0.0000000,0,0,0,0
755484890549208 D 200,896718339,1000,1549,1549,2.3761363,-0.00000,-1,-1,-1,0,0,0,136,1,1,0,0.0000000,0.0000000,0.0000000,0,0,0,0
755484891553291 D 201,896719339,1000,1549,1549,2.3761363,-0.00000,-1,-1,-1,0,0,0,136,1,1,0,0.0000000,0.0000000,0.0000000,0,0,0,0
755484892602291 D 202,896720339,1000,1549,1549,2.3761363,-0.00000,-1,-1,-1,0,0,0,136,1,1,0,0.0000000,0.0000000,0.0000000,0,0,0,0
755484893604375 D 203,896721339,1000,1549,1549,2.3761363,-0.00000,-1,-1,-1,0,0,0,136,1,1,0,0.0000000,0.0000000,0.0000000,0,0,0,0
755484894603000 D 204,896722339,1000,1549,1549,2.3761363,-0.00000,-1,-1,-1,0,0,0,136,1,1,0,0.0000000,0.0000000,0.0000000,0,0,0,0
755484895592791 D 205,896723339,1000,1549,1549,2.3761363,-0.00000,-1,-1,-1,0,0,0,136,1,1,0,0.0000000,0.0000000,0.0000000,0,0,0,0
755484896563583 D 206,896724339,1000,1549,1549,2.3761363,-0.00000,-1,-1,-1,0,0,0,136,1,1,0,0.0000000,0.0000000,0.0000000,0,0,0,0
755484897651750 D 207,896725339,1000,1549,1549,2.3761363,-0.00000,-1,-1,-1,0,0,0,136,1,1,0,0.0000000,0.0000000,0.0000000,0,0,0,0
755484898623750 D 208,896726339,1000,1549,1549,2.3761363,-0.00000,-1,-1,-1,0,0,0,136,1,1,0,0.0000000,0.0000000,0.0000000,0,0,0,0
755484899620833 D 209,896727339,1000,1549,1549,2.3761363,-0.00000,-1,-1,-1,0,0,0,136,1,1,0,0.0000000,0.0000000,0.0000000,0,0,0,0
755484900620416 D 210,896728339,1000,1549,1549,2.3761363,-0.00000,-1,-1,-1,0,0,0,136,1,1,0,0.0000000,0.0000000,0.0000000,0,0,0,0
755484901621125 D 211,896729339,1000,1549,1549,2.3761363,-0.00000,-1,-1,-1,0,0,0,136,1,1,0,0.0000000,0.0000000,0.0000000,0,0,0,0
755484902620333 D 212,896730339,1000,1549,1549,2.3761363,-0.00000,-1,-1,-1,0,0,0,136,1,1,0,0.0000000,0.0000000,0.0000000,0,0,0,0
755484903615666 D 213,896731339,1000,1549,1549,2.3761363,-0.00000,-1,-1,-1,0,0,0,136,1,1,0,0.0000000,0.0000000,0.0000000,0,0,0,0
755484904609541 D 214,896732339,1000,1549,1549,2.3761363,-0.00000,-1,-1,-1,0,0,0,136,1,1,0,0.0000000,0.0000000,0.0000000,0,0,0,0
755484905611416 D 215,896733339,1000,1549,1549,2.3761363,-0.00000,-1,-1,-1,0,0,0,136,1,1,0,0.0000000,0.0000000,0.0000000,0,0,0,0
755484906645666 D 216,896734339,1000,1549,1549,2.3761363,-0.00000,-1,-1,-1,0,0,0,136,1,1,0,0.0000000,0.0000000,0.0000000,0,0,0,0
755484907615875 D 217,896735339,1000,1549,1549,2.3761363,-0.00000,-1,-1,-1,0,0,0,136,1,1,0,0.0000000,0.0000000,0.0000000,0,0,0,0
755484908628666 D 218,896736339,1000,1549,1549,2.3761363,-0.00000,-1,-1,-1,0,0,0,136,1,1,0,0.0000000,0.0000000,0.0000000,0,0,0,0
755484909622708 D 219,896737339,1000,1549,1549,2.3761363,-0.00000,-1,-1,-1,0,0,0,136,1,1,0,0.0000000,0.0000000,0.0000000,0,0,0,0
755484910614041 D 220,896738339,1000,1549,1549,2.3761363,-0.00000,-1,-1,-1,0,0,0,136,1,1,0,0.0000000,0.0000000,0.0000000,0,0,0,0
755484911620333 D 221,896739339,1000,1549,1549,2.3761363,-0.00000,-1,-1,-1,0,0,0,136,1,1,0,0.0000000,0.0000000,0.0000000,0,0,0,0
755484912614458 D 222,896740339,1000,1549,1549,2.3761363,-0.00000,-1,-1,-1,0,0,0,136,1,1,0,0.0000000,0.0000000,0.0000000,0,0,0,0
755484913611791 D 223,896741339,1000,1549,1549,2.3761363,-0.00000,-1,-1,-1,0,0,0,136,1,1,0,0.0000000,0.0000000,0.0000000,0,0,0,0
755484914606958 D 224,896742339,1000,1549,1549,2.3761363,-0.00000,-1,-1,-1,0,0,0,136,1,1,0,0.0000000,0.0000000,0.0000000,0,0,0,0
755484915602875 D 225,896743339,1000,1549,1549,2.3761363,-0.00000,-1,-1,-1,0,0,0,136,1,1,0,0.0000000,0.0000000,0.0000000,0,0,0,0
755484916606250 D 226,896744339,1000,1549,1549,2.3761363,-0.00000,-1,-1,-1,0,0,0,136,1,1,0,0.0000000,0.0000000,0.0000000,0,0,0,0
755484917610625 D 227,896745339,1000,1549,1549,2.3761363,-0.00000,-1,-1,-1,0,0,0,136,1,1,0,0.0000000,0.0000000,0.0000000,0,0,0,0
755484918600500 D 228,896746339,1000,1549,1549,2.3761363,-0.00000,-1,-1,-1,0,0,0,136,1,1,0,0.0000000,0.0000000,0.0000000,0,0,0,0
755484919603583 D 229,896747339,1000,1549,1549,2.3761363,-0.00000,-1,-1,-1,0,0,0,136,1,1,0,0.0000000,0.0000000,0.0000000,0,0,0,0
755484920603625 D 230,896748339,1000,1549,1549,2.3761363,-0.00000,-1,-1,-1,0,0,0,136,1,1,0,0.0000000,0.0000000,0.0000000,0,0,0,0
755484921666458 D 231,896749339,1000,1549,1549,2.3761363,-0.00000,-1,-1,-1,0,0,0,136,1,1,0,0.0000000,0.0000000,0.0000000,0,0,0,0
755484922629291 D 232,896750339,1000,1549,1549,2.3761363,-0.00000,-1,-1,-1,0,0,0,136,1,1,0,0.0000000,0.0000000,0.0000000,0,0,0,0
755484923626916 D 233,896751339,1000,1549,1549,2.3761363,-0.00000,-1,-1,-1,0,0,0,136,1,1,0,0.0000000,0.0000000,0.0000000,0,0,0,0
755484925088666 D 234,896752339,1000,1549,1549,2.3761363,-0.00000,39,124,2084,0,0,0,136,1,1,0,0.0000000,0.0000000,0.0000000,0,0,0,0
755484925699791 D 235,896753339,1000,1549,1549,2.3761363,-0.00000,-1,-1,-1,0,0,0,136,1,1,0,0.0000000,0.0000000,0.0000000,0,0,0,0
755484926616000 D 236,896754339,1000,1549,1549,2.3761363,-0.00000,-1,-1,-1,0,0,0,136,1,1,0,0.0000000,0.0000000,0.0000000,0,0,0,0
755484927609958 D 237,896755339,1000,1549,1549,2.3761363,-0.00000,-1,-1,-1,0,0,0,136,1,1,0,0.0000000,0.0000000,0.0000000,0,0,0,0
755484928601750 D 238,896756339,1000,1549,1549,2.3761363,-0.00000,-1,-1,-1,0,0,0,136,1,1,0,0.0000000,0.0000000,0.0000000,0,0,0,0
755484929610250 D 239,896757339,1000,1549,1549,2.3761363,-0.00000,-1,-1,-1,0,0,0,136,1,1,0,0.0000000,0.0000000,0.0000000,0,0,0,0
755484930604041 D 240,896758339,1000,1549,1549,2.3761363,-0.00000,-1,-1,-1,0,0,0,136,1,1,0,0.0000000,0.0000000,0.0000000,0,0,0,0
755484931610166 D 241,896759339,1000,1549,1549,2.3761363,-0.00000,-1,-1,-1,0,0,0,136,1,1,0,0.0000000,0.0000000,0.0000000,0,0,0,0
755484932603875 D 242,896760339,1000,1549,1549,2.3761363,-0.00000,-1,-1,-1,0,0,0,136,1,1,0,0.0000000,0.0000000,0.0000000,0,0,0,0
755484933623875 D 243,896761339,1000,1549,1549,2.3761363,-0.00000,-1,-1,-1,0,0,0,136,1,1,0,0.0000000,0.0000000,0.0000000,0,0,0,0
755484934638416 D 244,896762339,1000,1549,1549,2.3761363,-0.00000,-1,-1,-1,0,0,0,136,1,1,0,0.0000000,0.0000000,0.0000000,0,0,0,0
755484935618166 D 245,896763339,1000,1549,1549,2.3761363,-0.00000,-1,-1,-1,0,0,0,136,1,1,0,0.0000000,0.0000000,0.0000000,0,0,0,0
755484936606125 D 246,896764339,1000,1549,1549,2.3761363,-0.00000,-1,-1,-1,0,0,0,136,1,1,0,0.0000000,0.0000000,0.0000000,0,0,0,0
755484937602250 D 247,896765339,1000,1549,1549,2.3761363,-0.00000,-1,-1,-1,0,0,0,136,1,1,0,0.0000000,0.0000000,0.0000000,0,0,0,0
755484938603833 D 248,896766339,1000,1549,1549,2.3761363,-0.00000,-1,-1,-1,0,0,0,136,1,1,0,0.0000000,0.0000000,0.0000000,0,0,0,0
755484939659041 D 249,896767339,1000,1549,1549,2.3761363,-0.00000,-1,-1,-1,0,0,0,136,1,1,0,0.0000000,0.0000000,0.0000000,0,0,0,0
755484940682083 D 250,896768339,1000,1549,1549,2.3761363,-0.00000,-1,-1,-1,0,0,0,136,1,1,0,0.0000000,0.0000000,0.0000000,0,0,0,0
755484941654750 D 251,896769339,1000,1549,1549,2.3761363,-0.00000,-1,-1,-1,0,0,0,136,1,1,0,0.0000000,0.0000000,0.0000000,0,0,0,0
755484942619458 D 252,896770339,1000,1549,1549,2.3761363,-0.00000,-1,-1,-1,0,0,0,136,1,1,0,0.0000000,0.0000000,0.0000000,0,0,0,0
755484943613208 D 253,896771339,1000,1549,1549,2.3761363,-0.00000,-1,-1,-1,0,0,0,136,1,1,0,0.0000000,0.0000000,0.0000000,0,0,0,0
755484944611208 D 254,896772339,1000,1549,1549,2.3761363,-0.00000,-1,-1,-1,0,0,0,136,1,1,0,0.0000000,0.0000000,0.0000000,0,0,0,0
755484945619416 D 255,896773339,1000,1549,1549,2.3761363,-0.00000,-1,-1,-1,0,0,0,136,1,1,0,0.0000000,0.0000000,0.0000000,0,0,0,0
755484946668041 D 256,896774339,1000,1549,1549,2.3761363,-0.00000,-1,-1,-1,0,0,0,136,1,1,0,0.0000000,0.0000000,0.0000000,0,0,0,0
755484947680208 D 257,896775339,1000,1549,1549,2.3761363,-0.00000,-1,-1,-1,0,0,0,136,1,1,0,0.0000000,0.0000000,0.0000000,0,0,0,0
755484948717208 D 258,896776339,1000,1549,1549,2.3761363,-0.00000,-1,-1,-1,0,0,0,136,1,1,0,0.0000000,0.0000000,0.0000000,0,0,0,0
755484949674833 D 259,896777339,1000,1549,1549,2.3761363,-0.00000,-1,-1,-1,0,0,0,136,1,1,0,0.0000000,0.0000000,0.0000000,0,0,0,0
755484950638125 D 260,896778339,1000,1549,1549,2.3761363,-0.00000,-1,-1,-1,0,0,0,136,1,1,0,0.0000000,0.0000000,0.0000000,0,0,0,0
755484951639250 D 261,896779339,1000,1549,1549,2.3761363,-0.00000,-1,-1,-1,0,0,0,136,1,1,0,0.0000000,0.0000000,0.0000000,0,0,0,0
755484952623666 D 262,896780339,1000,1549,1549,2.3761363,-0.00000,-1,-1,-1,0,0,0,136,1,1,0,0.0000000,0.0000000,0.0000000,0,0,0,0
755484953845166 D 263,896781339,1000,1549,1549,2.3761363,-0.00000,-1,-1,-1,0,0,0,136,1,1,0,0.0000000,0.0000000,0.0000000,0,0,0,0
755484954850833 D 264,896782339,1000,1549,1549,2.3761363,-0.00000,-1,-1,-1,0,0,0,135,1,1,0,0.0000000,0.0000000,0.0000000,0,0,0,0
755484955865750 D 265,896783339,1000,1549,1549,2.3761363,-0.00000,-1,-1,-1,0,0,0,136,1,1,0,0.0000000,0.0000000,0.0000000,0,0,0,0
755484956864708 D 266,896784339,1000,1549,1549,2.3761363,-0.00000,-1,-1,-1,0,0,0,136,1,1,0,0.0000000,0.0000000,0.0000000,0,0,0,0
755484957771750 D 267,896785339,1000,1549,1549,2.3761363,-0.00000,-1,-1,-1,0,0,0,136,1,1,0,0.0000000,0.0000000,0.0000000,0,0,0,0
755484958618000 D 268,896786339,1000,1549,1549,2.3761363,-0.00000,-1,-1,-1,0,0,0,136,1,1,0,0.0000000,0.0000000,0.0000000,0,0,0,0
755484959612125 D 269,896787339,1000,1549,1549,2.3761363,-0.00000,-1,-1,-1,0,0,0,136,1,1,0,0.0000000,0.0000000,0.0000000,0,0,0,0
755484960607375 D 270,896788339,1000,1549,1549,2.3761363,-0.00000,-1,-1,-1,0,0,0,136,1,1,0,0.0000000,0.0000000,0.0000000,0,0,0,0
755484961614458 D 271,896789339,1000,1549,1549,2.3761363,-0.00000,-1,-1,-1,0,0,0,136,1,1,0,0.0000000,0.0000000,0.0000000,0,0,0,0
755484962603833 D 272,896790339,1000,1549,1549,2.3761363,-0.00000,-1,-1,-1,0,0,0,136,1,1,0,0.0000000,0.0000000,0.0000000,0,0,0,0
755484963604708 D 273,896791339,1000,1549,1549,2.3761363,-0.00000,-1,-1,-1,0,0,0,136,1,1,0,0.0000000,0.0000000,0.0000000,0,0,0,0
755484964615500 D 274,896792339,1000,1549,1549,2.3761363,-0.00000,-1,-1,-1,0,0,0,136,1,1,0,0.0000000,0.0000000,0.0000000,0,0,0,0
755484965607208 D 275,896793339,1000,1549,1549,2.3761363,-0.00000,-1,-1,-1,0,0,0,136,1,1,0,0.0000000,0.0000000,0.0000000,0,0,0,0
755484966603291 D 276,896794339,1000,1549,1549,2.3761363,-0.00000,-1,-1,-1,0,0,0,136,1,1,0,0.0000000,0.0000000,0.0000000,0,0,0,0
755484967614791 D 277,896795339,1000,1549,1549,2.3761363,-0.00000,-1,-1,-1,0,0,0,136,1,1,0,0.0000000,0.0000000,0.0000000,0,0,0,0
755484968608875 D 278,896796339,1000,1549,1549,2.3761363,-0.00000,-1,-1,-1,0,0,0,136,1,1,0,0.0000000,0.0000000,0.0000000,0,0,0,0
755484969604708 D 279,896797339,1000,1549,1549,2.3761363,-0.00000,-1,-1,-1,0,0,0,136,1,1,0,0.0000000,0.0000000,0.0000000,0,0,0,0
755484970657416 D 280,896798339,1000,1549,1549,2.3761363,-0.00000,-1,-1,-1,0,0,0,136,1,1,0,0.0000000,0.0000000,0.0000000,0,0,0,0
755484971668708 D 281,896799339,1000,1549,1549,2.3761363,-0.00000,-1,-1,-1,0,0,0,136,1,1,0,0.0000000,0.0000000,0.0000000,0,0,0,0
755484972632958 D 282,896800339,1000,1549,1549,2.3761363,-0.00000,-1,-1,-1,0,0,0,136,1,1,0,0.0000000,0.0000000,0.0000000,0,0,0,0
755484973654666 D 283,896801339,1000,1549,1549,2.3761363,-0.00000,-1,-1,-1,0,0,0,136,1,1,0,0.0000000,0.0000000,0.0000000,0,0,0,0
755484975067625 D 284,896802339,1000,1549,1549,2.3761363,-0.00000,39,124,2085,0,0,0,136,1,1,0,0.0000000,0.0000000,0.0000000,0,0,0,0
755484975680541 D 285,896803339,1000,1549,1549,2.3761363,-0.00000,-1,-1,-1,0,0,0,136,1,1,0,0.0000000,0.0000000,0.0000000,0,0,0,0
755484976658625 D 286,896804339,1000,1549,1549,2.3761363,-0.00000,-1,-1,-1,0,0,0,136,1,1,0,0.0000000,0.0000000,0.0000000,0,0,0,0
755484977688916 D 287,896805339,1000,1549,1549,2.3761363,-0.00000,-1,-1,-1,0,0,0,136,1,1,0,0.0000000,0.0000000,0.0000000,0,0,0,0
755484978636708 D 288,896806339,1000,1549,1549,2.3761363,-0.00000,-1,-1,-1,0,0,0,136,1,1,0,0.0000000,0.0000000,0.0000000,0,0,0,0
755484979629375 D 289,896807339,1000,1549,1549,2.3761363,-0.00000,-1,-1,-1,0,0,0,136,1,1,0,0.0000000,0.0000000,0.0000000,0,0,0,0
755484980858666 D 290,896808339,1000,1549,1549,2.3761363,-0.00000,-1,-1,-1,0,0,0,136,1,1,0,0.0000000,0.0000000,0.0000000,0,0,0,0
755484981887750 D 291,896809339,1000,1549,1549,2.3761363,-0.00000,-1,-1,-1,0,0,0,136,1,1,0,0.0000000,0.0000000,0.0000000,0,0,0,0
755484982839916 D 292,896810339,1000,1549,1549,2.3761363,-0.00000,-1,-1,-1,0,0,0,136,1,1,0,0.0000000,0.0000000,0.0000000,0,0,0,0
755484983658750 D 293,896811339,1000,1549,1549,2.3761363,-0.00000,-1,-1,-1,0,0,0,136,1,1,0,0.0000000,0.0000000,0.0000000,0,0,0,0
755484984619958 D 294,896812339,1000,1549,1549,2.3761363,-0.00000,-1,-1,-1,0,0,0,136,1,1,0,0.0000000,0.0000000,0.0000000,0,0,0,0
755484985622500 D 295,896813339,1000,1549,1549,2.3761363,-0.00000,-1,-1,-1,0,0,0,136,1,1,0,0.0000000,0.0000000,0.0000000,0,0,0,0
755484986649166 D 296,896814339,1000,1549,1549,2.3761363,-0.00000,-1,-1,-1,0,0,0,136,1,1,0,0.0000000,0.0000000,0.0000000,0,0,0,0
755484987629041 D 297,896815339,1000,1549,1549,2.3761363,-0.00000,-1,-1,-1,0,0,0,136,1,1,0,0.0000000,0.0000000,0.0000000,0,0,0,0
755484988617541 D 298,896816339,1000,1549,1549,2.3761363,-0.00000,-1,-1,-1,0,0,0,136,1,1,0,0.0000000,0.0000000,0.0000000,0,0,0,0
755484989625791 D 299,896817339,1000,1549,1549,2.3761363,-0.00000,-1,-1,-1,0,0,0,136,1,1,0,0.0000000,0.0000000,0.0000000,0,0,0,0
755484990879833 D 300,896818339,1000,1549,1549,2.3761363,-0.00000,-1,-1,-1,0,0,0,136,1,1,0,0.0000000,0.0000000,0.0000000,0,0,0,0
755484991759166 D 301,896819339,1000,1549,1549,2.3761363,-0.00000,-1,-1,-1,0,0,0,136,1,1,0,0.0000000,0.0000000,0.0000000,0,0,0,0
755484992699541 D 302,896820339,1000,1549,1549,2.3761363,-0.00000,-1,-1,-1,0,0,0,136,1,1,0,0.0000000,0.0000000,0.0000000,0,0,0,0
755484993659875 D 303,896821339,1000,1549,1549,2.3761363,-0.00000,-1,-1,-1,0,0,0,136,1,1,0,0.0000000,0.0000000,0.0000000,0,0,0,0
755484994651458 D 304,896822339,1000,1549,1549,2.3761363,-0.00000,-1,-1,-1,0,0,0,136,1,1,0,0.0000000,0.0000000,0.0000000,0,0,0,0
755484995622708 D 305,896823339,1000,1549,1549,2.3761363,-0.00000,-1,-1,-1,0,0,0,136,1,1,0,0.0000000,0.0000000,0.0000000,0,0,0,0
755484996611583 D 306,896824339,1000,1549,1549,2.3761363,-0.00000,-1,-1,-1,0,0,0,136,1,1,0,0.0000000,0.0000000,0.0000000,0,0,0,0
755484997625208 D 307,896825339,1000,1549,1549,2.3761363,-0.00000,-1,-1,-1,0,0,0,136,1,1,0,0.0000000,0.0000000,0.0000000,0,0,0,0
755484998632958 D 308,896826339,1000,1549,1549,2.3761363,-0.00000,-1,-1,-1,0,0,0,136,1,1,0,0.0000000,0.0000000,0.0000000,0,0,0,0
755484999611041 D 309,896827339,1000,1549,1549,2.3761363,-0.00000,-1,-1,-1,0,0,0,136,1,1,0,0.0000000,0.0000000,0.0000000,0,0,0,0
755485000605000 D 310,896828339,1000,1549,1549,2.3761363,-0.00000,-1,-1,-1,0,0,0,136,1,1,0,0.0000000,0.0000000,0.0000000,0,0,0,0
755485001636541 D 311,896829339,1000,1549,1549,2.3761363,-0.00000,-1,-1,-1,0,0,0,136,1,1,0,0.0000000,0.0000000,0.0000000,0,0,0,0
755485002673916 D 312,896830339,1000,1549,1549,2.3761363,-0.00000,-1,-1,-1,0,0,0,136,1,1,0,0.0000000,0.0000000,0.0000000,0,0,0,0
755485003647750 D 313,896831339,1000,1549,1549,2.3761363,-0.00000,-1,-1,-1,0,0,0,136,1,1,0,0.0000000,0.0000000,0.0000000,0,0,0,0
755485004638583 D 314,896832339,1000,1549,1549,2.3761363,-0.00000,-1,-1,-1,0,0,0,136,1,1,0,0.0000000,0.0000000,0.0000000,0,0,0,0
755485005620333 D 315,896833339,1000,1549,1549,2.3761363,-0.00000,-1,-1,-1,0,0,0,136,1,1,0,0.0000000,0.0000000,0.0000000,0,0,0,0
755485006621166 D 316,896834339,1000,1549,1549,2.3761363,-0.00000,-1,-1,-1,0,0,0,136,1,1,0,0.0000000,0.0000000,0.0000000,0,0,0,0
755485007612333 D 317,896835339,1000,1549,1549,2.3761363,-0.00000,-1,-1,-1,0,0,0,136,1,1,0,0.0000000,0.0000000,0.0000000,0,0,0,0
755485008827791 D 318,896836339,1000,1549,1549,2.3761363,-0.00000,-1,-1,-1,0,0,0,136,1,1,0,0.0000000,0.0000000,0.0000000,0,0,0,0
755485009829625 D 319,896837339,1000,1549,1549,2.3761363,-0.00000,-1,-1,-1,0,0,0,136,1,1,0,0.0000000,0.0000000,0.0000000,0,0,0,0
755485010832625 D 320,896838339,1000,1549,1549,2.3761363,-0.00000,-1,-1,-1,0,0,0,136,1,1,0,0.0000000,0.0000000,0.0000000,0,0,0,0
755485011823750 D 321,896839339,1000,1549,1549,2.3761363,-0.00000,-1,-1,-1,0,0,0,136,1,1,0,0.0000000,0.0000000,0.0000000,0,0,0,0
755485012819791 D 322,896840339,1000,1549,1549,2.3761363,-0.00000,-1,-1,-1,0,0,0,136,1,1,0,0.0000000,0.0000000,0.0000000,0,0,0,0
755485013909041 D 323,896841339,1000,1549,1549,2.3761363,-0.00000,-1,-1,-1,0,0,0,136,1,1,0,0.0000000,0.0000000,0.0000000,0,0,0,0
755485014859375 D 324,896842339,1000,1549,1549,2.3761363,-0.00000,-1,-1,-1,0,0,0,136,1,1,0,0.0000000,0.0000000,0.0000000,0,0,0,0
755485015824583 D 325,896843339,1000,1549,1549,2.3761363,-0.00000,-1,-1,-1,0,0,0,136,1,1,0,0.0000000,0.0000000,0.0000000,0,0,0,0
755485016792500 D 326,896844339,1000,1549,1549,2.3761363,-0.00000,-1,-1,-1,0,0,0,136,1,1,0,0.0000000,0.0000000,0.0000000,0,0,0,0
755485017646041 D 327,896845339,1000,1549,1549,2.3761363,-0.00000,-1,-1,-1,0,0,0,136,1,1,0,0.0000000,0.0000000,0.0000000,0,0,0,0
755485018637208 D 328,896846339,1000,1549,1549,2.3761363,-0.00000,-1,-1,-1,0,0,0,136,1,1,0,0.0000000,0.0000000,0.0000000,0,0,0,0
755485019614583 D 329,896847339,1000,1549,1549,2.3761363,-0.00000,-1,-1,-1,0,0,0,136,1,1,0,0.0000000,0.0000000,0.0000000,0,0,0,0
755485020612000 D 330,896848339,1000,1549,1549,2.3761363,-0.00000,-1,-1,-1,0,0,0,136,1,1,0,0.0000000,0.0000000,0.0000000,0,0,0,0
755485021607541 D 331,896849339,1000,1549,1549,2.3761363,-0.00000,-1,-1,-1,0,0,0,136,1,1,0,0.0000000,0.0000000,0.0000000,0,0,0,0
755485022610916 D 332,896850339,1000,1549,1549,2.3761363,-0.00000,-1,-1,-1,0,0,0,136,1,1,0,0.0000000,0.0000000,0.0000000,0,0,0,0
755485023616333 D 333,896851339,1000,1549,1549,2.3761363,-0.00000,-1,-1,-1,0,0,0,136,1,1,0,0.0000000,0.0000000,0.0000000,0,0,0,0
755485025056291 D 334,896852339,1000,1549,1549,2.3761363,-0.00000,39,124,2085,0,0,0,136,1,1,0,0.0000000,0.0000000,0.0000000,0,0,0,0
755485025662875 D 335,896853339,1000,1549,1549,2.3761363,-0.00000,-1,-1,-1,0,0,0,136,1,1,0,0.0000000,0.0000000,0.0000000,0,0,0,0
755485026847125 D 336,896854339,1000,1549,1549,2.3761363,-0.00000,-1,-1,-1,0,0,0,136,1,1,0,0.0000000,0.0000000,0.0000000,0,0,0,0
755485027855875 D 337,896855339,1000,1549,1549,2.3761363,-0.00000,-1,-1,-1,0,0,0,136,1,1,0,0.0000000,0.0000000,0.0000000,0,0,0,0
755485028785541 D 338,896856339,1000,1549,1549,2.3761363,-0.00000,-1,-1,-1,0,0,0,136,1,1,0,0.0000000,0.0000000,0.0000000,0,0,0,0
755485029631791 D 339,896857339,1000,1549,1549,2.3761363,-0.00000,-1,-1,-1,0,0,0,136,1,1,0,0.0000000,0.0000000,0.0000000,0,0,0,0
755485030694041 D 340,896858339,1000,1549,1549,2.3761363,-0.00000,-1,-1,-1,0,0,0,136,1,1,0,0.0000000,0.0000000,0.0000000,0,0,0,0
755485031742875 D 341,896859339,1000,1549,1549,2.3761363,-0.00000,-1,-1,-1,0,0,0,136,1,1,0,0.0000000,0.0000000,0.0000000,0,0,0,0
755485032712583 D 342,896860339,1000,1549,1549,2.3761363,-0.00000,-1,-1,-1,0,0,0,136,1,1,0,0.0000000,0.0000000,0.0000000,0,0,0,0
755485033739708 D 343,896861339,1000,1549,1549,2.3761363,-0.00000,-1,-1,-1,0,0,0,136,1,1,0,0.0000000,0.0000000,0.0000000,0,0,0,0
755485034705291 D 344,896862339,1000,1549,1549,2.3761363,-0.00000,-1,-1,-1,0,0,0,136,1,1,0,0.0000000,0.0000000,0.0000000,0,0,0,0
755485035662041 D 345,896863339,1000,1549,1549,2.3761363,-0.00000,-1,-1,-1,0,0,0,136,1,1,0,0.0000000,0.0000000,0.0000000,0,0,0,0
755485036634166 D 346,896864339,1000,1549,1549,2.3761363,-0.00000,-1,-1,-1,0,0,0,136,1,1,0,0.0000000,0.0000000,0.0000000,0,0,0,0
755485037631708 D 347,896865339,1000,1549,1549,2.3761363,-0.00000,-1,-1,-1,0,0,0,136,1,1,0,0.0000000,0.0000000,0.0000000,0,0,0,0
755485038621416 D 348,896866339,1000,1549,1549,2.3761363,-0.00000,-1,-1,-1,0,0,0,136,1,1,0,0.0000000,0.0000000,0.0000000,0,0,0,0
755485039627833 D 349,896867339,1000,1549,1549,2.3761363,-0.00000,-1,-1,-1,0,0,0,136,1,1,0,0.0000000,0.0000000,0.0000000,0,0,0,0
755485040630541 D 350,896868339,1000,1549,1549,2.3761363,-0.00000,-1,-1,-1,0,0,0,136,1,1,0,0.0000000,0.0000000,0.0000000,0,0,0,0
755485041640416 D 351,896869339,1000,1549,1549,2.3761363,-0.00000,-1,-1,-1,0,0,0,136,1,1,0,0.0000000,0.0000000,0.0000000,0,0,0,0
755485042642125 D 352,896870339,1000,1549,1549,2.3761363,-0.00000,-1,-1,-1,0,0,0,136,1,1,0,0.0000000,0.0000000,0.0000000,0,0,0,0
755485043631375 D 353,896871339,1000,1549,1549,2.3761363,-0.00000,-1,-1,-1,0,0,0,136,1,1,0,0.0000000,0.0000000,0.0000000,0,0,0,0
755485044617666 D 354,896872339,1000,1549,1549,2.3761363,-0.00000,-1,-1,-1,0,0,0,136,1,1,0,0.0000000,0.0000000,0.0000000,0,0,0,0
755485045616875 D 355,896873339,1000,1549,1549,2.3761363,-0.00000,-1,-1,-1,0,0,0,136,1,1,0,0.0000000,0.0000000,0.0000000,0,0,0,0
755485046877541 D 356,896874339,1000,1549,1549,2.3761363,-0.00000,-1,-1,-1,0,0,0,136,1,1,0,0.0000000,0.0000000,0.0000000,0,0,0,0
755485047840333 D 357,896875339,1000,1550,1550,2.3776703,0.06015,-1,-1,-1,0,0,0,136,1,1,0,0.0000000,0.0000000,0.0000000,0,0,0,0
755485048713625 D 358,896876339,1000,1549,1549,2.3761363,-0.00236,-1,-1,-1,0,0,0,136,1,1,0,0.0000000,0.0000000,0.0000000,0,0,0,0
755485049648291 D 359,896877339,1000,1549,1549,2.3761363,-0.00227,-1,-1,-1,0,0,0,136,1,1,0,0.0000000,0.0000000,0.0000000,0,0,0,0
755485050617000 D 360,896878339,1000,1549,1549,2.3761363,-0.00218,-1,-1,-1,0,0,0,136,1,1,0,0.0000000,0.0000000,0.0000000,0,0,0,0
755485051620791 D 361,896879339,1000,1549,1549,2.3761363,-0.00209,-1,-1,-1,0,0,0,136,1,1,0,0.0000000,0.0000000,0.0000000,0,0,0,0
755485052621083 D 362,896880339,1000,1549,1549,2.3761363,-0.00201,-1,-1,-1,0,0,0,136,1,1,0,0.0000000,0.0000000,0.0000000,0,0,0,0
755485053616541 D 363,896881339,1000,1549,1549,2.3761363,-0.00193,-1,-1,-1,0,0,0,136,1,1,0,0.0000000,0.0000000,0.0000000,0,0,0,0
755485054611708 D 364,896882339,1000,1549,1549,2.3761363,-0.00186,-1,-1,-1,0,0,0,136,1,1,0,0.0000000,0.0000000,0.0000000,0,0,0,0
755485055610958 D 365,896883339,1000,1549,1549,2.3761363,-0.00178,-1,-1,-1,0,0,0,136,1,1,0,0.0000000,0.0000000,0.0000000,0,0,0,0
755485056607958 D 366,896884339,1000,1549,1549,2.3761363,-0.00171,-1,-1,-1,0,0,0,136,1,1,0,0.0000000,0.0000000,0.0000000,0,0,0,0
755485057628708 D 367,896885339,1000,1549,1549,2.3761363,-0.00165,-1,-1,-1,0,0,0,136,1,1,0,0.0000000,0.0000000,0.0000000,0,0,0,0
755485058613958 D 368,896886339,1000,1549,1549,2.3761363,-0.00158,-1,-1,-1,0,0,0,136,1,1,0,0.0000000,0.0000000,0.0000000,0,0,0,0
755485059608833 D 369,896887339,1000,1549,1549,2.3761363,-0.00152,-1,-1,-1,0,0,0,136,1,1,0,0.0000000,0.0000000,0.0000000,0,0,0,0
755485060613916 D 370,896888339,1000,1549,1549,2.3761363,-0.00146,-1,-1,-1,0,0,0,136,1,1,0,0.0000000,0.0000000,0.0000000,0,0,0,0
755485061622000 D 371,896889339,1000,1549,1549,2.3761363,-0.00140,-1,-1,-1,0,0,0,136,1,1,0,0.0000000,0.0000000,0.0000000,0,0,0,0
755485062627750 D 372,896890339,1000,1549,1549,2.3761363,-0.00135,-1,-1,-1,0,0,0,136,1,1,0,0.0000000,0.0000000,0.0000000,0,0,0,0
755485063607833 D 373,896891339,1000,1549,1549,2.3761363,-0.00129,-1,-1,-1,0,0,0,136,1,1,0,0.0000000,0.0000000,0.0000000,0,0,0,0
755485064613666 D 374,896892339,1000,1549,1549,2.3761363,-0.00124,-1,-1,-1,0,0,0,136,1,1,0,0.0000000,0.0000000,0.0000000,0,0,0,0
755485065631291 D 375,896893339,1000,1549,1549,2.3761363,-0.00119,-1,-1,-1,0,0,0,136,1,1,0,0.0000000,0.0000000,0.0000000,0,0,0,0
755485066625750 D 376,896894339,1000,1549,1549,2.3761363,-0.00115,-1,-1,-1,0,0,0,136,1,1,0,0.0000000,0.0000000,0.0000000,0,0,0,0
755485067627291 D 377,896895339,1000,1549,1549,2.3761363,-0.00110,-1,-1,-1,0,0,0,136,1,1,0,0.0000000,0.0000000,0.0000000,0,0,0,0
755485068609500 D 378,896896339,1000,1549,1549,2.3761363,-0.00106,-1,-1,-1,0,0,0,136,1,1,0,0.0000000,0.0000000,0.0000000,0,0,0,0
755485069613166 D 379,896897339,1000,1549,1549,2.3761363,-0.00102,-1,-1,-1,0,0,0,136,1,1,0,0.0000000,0.0000000,0.0000000,0,0,0,0
755485070666458 D 380,896898339,1000,1549,1549,2.3761363,-0.00098,-1,-1,-1,0,0,0,136,1,1,0,0.0000000,0.0000000,0.0000000,0,0,0,0
755485071629500 D 381,896899339,1000,1549,1549,2.3761363,-0.00094,-1,-1,-1,0,0,0,136,1,1,0,0.0000000,0.0000000,0.0000000,0,0,0,0
755485072591500 D 382,896900339,1000,1549,1549,2.3761363,-0.00090,-1,-1,-1,0,0,0,136,1,1,0,0.0000000,0.0000000,0.0000000,0,0,0,0
755485073840125 D 383,896901339,1000,1549,1549,2.3761363,-0.00087,-1,-1,-1,0,0,0,136,1,1,0,0.0000000,0.0000000,0.0000000,0,0,0,0
755485075221458 D 384,896902339,1000,1549,1549,2.3761363,-0.00083,39,124,2085,0,0,0,136,1,1,0,0.0000000,0.0000000,0.0000000,0,0,0,0
755485076050166 D 385,896903339,1000,1549,1549,2.3761363,-0.00080,-1,-1,-1,0,0,0,136,1,1,0,0.0000000,0.0000000,0.0000000,0,0,0,0
755485076870916 D 386,896904339,1000,1549,1549,2.3761363,-0.00077,-1,-1,-1,0,0,0,136,1,1,0,0.0000000,0.0000000,0.0000000,0,0,0,0
755485077931625 D 387,896905339,1000,1549,1549,2.3761363,-0.00074,-1,-1,-1,0,0,0,136,1,1,0,0.0000000,0.0000000,0.0000000,0,0,0,0
755485078680333 D 388,896906339,1000,1549,1549,2.3761363,-0.00071,-1,-1,-1,0,0,0,136,1,1,0,0.0000000,0.0000000,0.0000000,0,0,0,0
755485079648333 D 389,896907339,1000,1549,1549,2.3761363,-0.00068,-1,-1,-1,0,0,0,136,1,1,0,0.0000000,0.0000000,0.0000000,0,0,0,0
755485080668750 D 390,896908339,1000,1549,1549,2.3761363,-0.00066,-1,-1,-1,0,0,0,136,1,1,0,0.0000000,0.0000000,0.0000000,0,0,0,0
755485081638666 D 391,896909339,1000,1549,1549,2.3761363,-0.00063,-1,-1,-1,0,0,0,136,1,1,0,0.0000000,0.0000000,0.0000000,0,0,0,0
755485082623291 D 392,896910339,1000,1549,1549,2.3761363,-0.00061,-1,-1,-1,0,0,0,136,1,1,0,0.0000000,0.0000000,0.0000000,0,0,0,0
755485083620041 D 393,896911339,1000,1549,1549,2.3761363,-0.00058,-1,-1,-1,0,0,0,136,1,1,0,0.0000000,0.0000000,0.0000000,0,0,0,0
755485084618083 D 394,896912339,1000,1549,1549,2.3761363,-0.00056,-1,-1,-1,0,0,0,136,1,1,0,0.0000000,0.0000000,0.0000000,0,0,0,0
755485085615166 D 395,896913339,1000,1549,1549,2.3761363,-0.00054,-1,-1,-1,0,0,0,136,1,1,0,0.0000000,0.0000000,0.0000000,0,0,0,0
755485086609000 D 396,896914339,1000,1549,1549,2.3761363,-0.00052,-1,-1,-1,0,0,0,136,1,1,0,0.0000000,0.0000000,0.0000000,0,0,0,0
755485087612416 D 397,896915339,1000,1549,1549,2.3761363,-0.00050,-1,-1,-1,0,0,0,136,1,1,0,0.0000000,0.0000000,0.0000000,0,0,0,0
755485088618250 D 398,896916339,1000,1549,1549,2.3761363,-0.00048,-1,-1,-1,0,0,0,136,1,1,0,0.0000000,0.0000000,0.0000000,0,0,0,0
755485089613833 D 399,896917339,1000,1549,1549,2.3761363,-0.00046,-1,-1,-1,0,0,0,136,1,1,0,0.0000000,0.0000000,0.0000000,0,0,0,0
755485090612333 D 400,896918339,1000,1549,1549,2.3761363,-0.00044,-1,-1,-1,0,0,0,136,1,1,0,0.0000000,0.0000000,0.0000000,0,0,0,0
755485091605208 D 401,896919339,1000,1549,1549,2.3761363,-0.00042,-1,-1,-1,0,0,0,136,1,1,0,0.0000000,0.0000000,0.0000000,0,0,0,0
755485092618958 D 402,896920339,1000,1549,1549,2.3761363,-0.00041,-1,-1,-1,0,0,0,136,1,1,0,0.0000000,0.0000000,0.0000000,0,0,0,0
755485093606000 D 403,896921339,1000,1549,1549,2.3761363,-0.00039,-1,-1,-1,0,0,0,136,1,1,0,0.0000000,0.0000000,0.0000000,0,0,0,0
755485094616750 D 404,896922339,1000,1549,1549,2.3761363,-0.00037,-1,-1,-1,0,0,0,136,1,1,0,0.0000000,0.0000000,0.0000000,0,0,0,0
755485095643166 D 405,896923339,1000,1549,1549,2.3761363,-0.00036,-1,-1,-1,0,0,0,136,1,1,0,0.0000000,0.0000000,0.0000000,0,0,0,0
755485096647333 D 406,896924339,1000,1549,1549,2.3761363,-0.00035,-1,-1,-1,0,0,0,136,1,1,0,0.0000000,0.0000000,0.0000000,0,0,0,0
755485097611125 D 407,896925339,1000,1549,1549,2.3761363,-0.00033,-1,-1,-1,0,0,0,136,1,1,0,0.0000000,0.0000000,0.0000000,0,0,0,0
755485098608541 D 408,896926339,1000,1549,1549,2.3761363,-0.00032,-1,-1,-1,0,0,0,136,1,1,0,0.0000000,0.0000000,0.0000000,0,0,0,0
755485099637541 D 409,896927339,1000,1549,1549,2.3761363,-0.00031,-1,-1,-1,0,0,0,136,1,1,0,0.0000000,0.0000000,0.0000000,0,0,0,0
755485100624708 D 410,896928339,1000,1549,1549,2.3761363,-0.00029,-1,-1,-1,0,0,0,136,1,1,0,0.0000000,0.0000000,0.0000000,0,0,0,0
755485101625958 D 411,896929339,1000,1549,1549,2.3761363,-0.00028,-1,-1,-1,0,0,0,136,1,1,0,0.0000000,0.0000000,0.0000000,0,0,0,0
755485102613666 D 412,896930339,1000,1549,1549,2.3761363,-0.00027,-1,-1,-1,0,0,0,136,1,1,0,0.0000000,0.0000000,0.0000000,0,0,0,0
755485103616708 D 413,896931339,1000,1549,1549,2.3761363,-0.00026,-1,-1,-1,0,0,0,136,1,1,0,0.0000000,0.0000000,0.0000000,0,0,0,0
755485104612041 D 414,896932339,1000,1549,1549,2.3761363,-0.00025,-1,-1,-1,0,0,0,136,1,1,0,0.0000000,0.0000000,0.0000000,0,0,0,0
755485105829541 D 415,896933339,1000,1549,1549,2.3761363,-0.00024,-1,-1,-1,0,0,0,136,1,1,0,0.0000000,0.0000000,0.0000000,0,0,0,0
755485106873500 D 416,896934339,1000,1549,1549,2.3761363,-0.00023,-1,-1,-1,0,0,0,136,1,1,0,0.0000000,0.0000000,0.0000000,0,0,0,0
755485107880958 D 417,896935339,1000,1549,1549,2.3761363,-0.00022,-1,-1,-1,0,0,0,136,1,1,0,0.0000000,0.0000000,0.0000000,0,0,0,0
755485108881250 D 418,896936339,1000,1549,1549,2.3761363,-0.00021,-1,-1,-1,0,0,0,136,1,1,0,0.0000000,0.0000000,0.0000000,0,0,0,0
755485109785708 D 419,896937339,1000,1549,1549,2.3761363,-0.00021,-1,-1,-1,0,0,0,136,1,1,0,0.0000000,0.0000000,0.0000000,0,0,0,0
755485110624666 D 420,896938339,1000,1549,1549,2.3761363,-0.00020,-1,-1,-1,0,0,0,136,1,1,0,0.0000000,0.0000000,0.0000000,0,0,0,0
755485111649666 D 421,896939339,1000,1549,1549,2.3761363,-0.00019,-1,-1,-1,0,0,0,136,1,1,0,0.0000000,0.0000000,0.0000000,0,0,0,0
755485112655166 D 422,896940339,1000,1549,1549,2.3761363,-0.00018,-1,-1,-1,0,0,0,136,1,1,0,0.0000000,0.0000000,0.0000000,0,0,0,0
755485113629583 D 423,896941339,1000,1549,1549,2.3761363,-0.00018,-1,-1,-1,0,0,0,136,1,1,0,0.0000000,0.0000000,0.0000000,0,0,0,0
755485114620291 D 424,896942339,1000,1549,1549,2.3761363,-0.00017,-1,-1,-1,0,0,0,136,1,1,0,0.0000000,0.0000000,0.0000000,0,0,0,0
755485115622666 D 425,896943339,1000,1549,1549,2.3761363,-0.00016,-1,-1,-1,0,0,0,136,1,1,0,0.0000000,0.0000000,0.0000000,0,0,0,0
755485116642958 D 426,896944339,1000,1549,1549,2.3761363,-0.00016,-1,-1,-1,0,0,0,136,1,1,0,0.0000000,0.0000000,0.0000000,0,0,0,0
755485117642125 D 427,896945339,1000,1549,1549,2.3761363,-0.00015,-1,-1,-1,0,0,0,136,1,1,0,0.0000000,0.0000000,0.0000000,0,0,0,0
755485118620875 D 428,896946339,1000,1549,1549,2.3761363,-0.00014,-1,-1,-1,0,0,0,136,1,1,0,0.0000000,0.0000000,0.0000000,0,0,0,0
755485119619833 D 429,896947339,1000,1549,1549,2.3761363,-0.00014,-1,-1,-1,0,0,0,136,1,1,0,0.0000000,0.0000000,0.0000000,0,0,0,0
755485120604625 D 430,896948339,1000,1549,1549,2.3761363,-0.00013,-1,-1,-1,0,0,0,136,1,1,0,0.0000000,0.0000000,0.0000000,0,0,0,0
755485121615083 D 431,896949339,1000,1549,1549,2.3761363,-0.00013,-1,-1,-1,0,0,0,136,1,1,0,0.0000000,0.0000000,0.0000000,0,0,0,0
755485122614375 D 432,896950339,1000,1549,1549,2.3761363,-0.00012,-1,-1,-1,0,0,0,136,1,1,0,0.0000000,0.0000000,0.0000000,0,0,0,0
755485123630541 D 433,896951339,1000,1549,1549,2.3761363,-0.00012,-1,-1,-1,0,0,0,136,1,1,0,0.0000000,0.0000000,0.0000000,0,0,0,0
755485125113666 D 434,896952339,1000,1549,1549,2.3761363,-0.00011,39,124,2085,0,0,0,136,1,1,0,0.0000000,0.0000000,0.0000000,0,0,0,0
755485125750708 D 435,896953339,1000,1549,1549,2.3761363,-0.00011,-1,-1,-1,0,0,0,136,1,1,0,0.0000000,0.0000000,0.0000000,0,0,0,0
755485126635791 D 436,896954339,1000,1549,1549,2.3761363,-0.00010,-1,-1,-1,0,0,0,136,1,1,0,0.0000000,0.0000000,0.0000000,0,0,0,0
755485127653875 D 437,896955339,1000,1549,1549,2.3761363,-0.00010,-1,-1,-1,0,0,0,136,1,1,0,0.0000000,0.0000000,0.0000000,0,0,0,0
755485128646833 D 438,896956339,1000,1549,1549,2.3761363,-0.00010,-1,-1,-1,0,0,0,136,1,1,0,0.0000000,0.0000000,0.0000000,0,0,0,0
755485129617375 D 439,896957339,1000,1549,1549,2.3761363,-0.00009,-1,-1,-1,0,0,0,136,1,1,0,0.0000000,0.0000000,0.0000000,0,0,0,0
755485130621083 D 440,896958339,1000,1549,1549,2.3761363,-0.00009,-1,-1,-1,0,0,0,136,1,1,0,0.0000000,0.0000000,0.0000000,0,0,0,0
755485131613875 D 441,896959339,1000,1549,1549,2.3761363,-0.00009,-1,-1,-1,0,0,0,136,1,1,0,0.0000000,0.0000000,0.0000000,0,0,0,0
755485132611458 D 442,896960339,1000,1549,1549,2.3761363,-0.00008,-1,-1,-1,0,0,0,136,1,1,0,0.0000000,0.0000000,0.0000000,0,0,0,0
755485133613916 D 443,896961339,1000,1549,1549,2.3761363,-0.00008,-1,-1,-1,0,0,0,136,1,1,0,0.0000000,0.0000000,0.0000000,0,0,0,0
755485134632833 D 444,896962339,1000,1549,1549,2.3761363,-0.00008,-1,-1,-1,0,0,0,136,1,1,0,0.0000000,0.0000000,0.0000000,0,0,0,0
755485135611458 D 445,896963339,1000,1549,1549,2.3761363,-0.00007,-1,-1,-1,0,0,0,136,1,1,0,0.0000000,0.0000000,0.0000000,0,0,0,0
755485136837000 D 446,896964339,1000,1549,1549,2.3761363,-0.00007,-1,-1,-1,0,0,0,136,1,1,0,0.0000000,0.0000000,0.0000000,0,0,0,0
755485137826583 D 447,896965339,1000,1549,1549,2.3761363,-0.00007,-1,-1,-1,0,0,0,136,1,1,0,0.0000000,0.0000000,0.0000000,0,0,0,0
755485138826083 D 448,896966339,1000,1549,1549,2.3761363,-0.00006,-1,-1,-1,0,0,0,136,1,1,0,0.0000000,0.0000000,0.0000000,0,0,0,0
755485139823750 D 449,896967339,1000,1550,1550,2.3776703,0.06009,-1,-1,-1,0,0,0,136,1,1,0,0.0000000,0.0000000,0.0000000,0,0,0,0
755485140827083 D 450,896968339,1000,1549,1549,2.3761363,-0.00242,-1,-1,-1,0,0,0,136,1,1,0,0.0000000,0.0000000,0.0000000,0,0,0,0
755485141828125 D 451,896969339,1000,1549,1549,2.3761363,-0.00232,-1,-1,-1,0,0,0,136,1,1,0,0.0000000,0.0000000,0.0000000,0,0,0,0
755485142882583 D 452,896970339,1000,1549,1549,2.3761363,-0.00223,-1,-1,-1,0,0,0,136,1,1,0,0.0000000,0.0000000,0.0000000,0,0,0,0
755485143652208 D 453,896971339,1000,1549,1549,2.3761363,-0.00214,-1,-1,-1,0,0,0,135,1,1,0,0.0000000,0.0000000,0.0000000,0,0,0,0
755485144620625 D 454,896972339,1000,1549,1549,2.3761363,-0.00206,-1,-1,-1,0,0,0,136,1,1,0,0.0000000,0.0000000,0.0000000,0,0,0,0
755485145600375 D 455,896973339,1000,1549,1549,2.3761363,-0.00198,-1,-1,-1,0,0,0,136,1,1,0,0.0000000,0.0000000,0.0000000,0,0,0,0
755485146617625 D 456,896974339,1000,1549,1549,2.3761363,-0.00190,-1,-1,-1,0,0,0,136,1,1,0,0.0000000,0.0000000,0.0000000,0,0,0,0
755485147605958 D 457,896975339,1000,1549,1549,2.3761363,-0.00183,-1,-1,-1,0,0,0,136,1,1,0,0.0000000,0.0000000,0.0000000,0,0,0,0
755485148604625 D 458,896976339,1000,1549,1549,2.3761363,-0.00176,-1,-1,-1,0,0,0,136,1,1,0,0.0000000,0.0000000,0.0000000,0,0,0,0
755485149592041 D 459,896977339,1000,1549,1549,2.3761363,-0.00169,-1,-1,-1,0,0,0,136,1,1,0,0.0000000,0.0000000,0.0000000,0,0,0,0
755485150610541 D 460,896978339,1000,1549,1549,2.3761363,-0.00162,-1,-1,-1,0,0,0,136,1,1,0,0.0000000,0.0000000,0.0000000,0,0,0,0
755485151598583 D 461,896979339,1000,1549,1549,2.3761363,-0.00156,-1,-1,-1,0,0,0,136,1,1,0,0.0000000,0.0000000,0.0000000,0,0,0,0
755485152605375 D 462,896980339,1000,1549,1549,2.3761363,-0.00150,-1,-1,-1,0,0,0,136,1,1,0,0.0000000,0.0000000,0.0000000,0,0,0,0
755485153594250 D 463,896981339,1000,1549,1549,2.3761363,-0.00144,-1,-1,-1,0,0,0,136,1,1,0,0.0000000,0.0000000,0.0000000,0,0,0,0
755485154600125 D 464,896982339,1000,1549,1549,2.3761363,-0.00138,-1,-1,-1,0,0,0,136,1,1,0,0.0000000,0.0000000,0.0000000,0,0,0,0
755485155599875 D 465,896983339,1000,1549,1549,2.3761363,-0.00133,-1,-1,-1,0,0,0,136,1,1,0,0.0000000,0.0000000,0.0000000,0,0,0,0
755485156613708 D 466,896984339,1000,1549,1549,2.3761363,-0.00127,-1,-1,-1,0,0,0,136,1,1,0,0.0000000,0.0000000,0.0000000,0,0,0,0
755485157623208 D 467,896985339,1000,1549,1549,2.3761363,-0.00122,-1,-1,-1,0,0,0,136,1,1,0,0.0000000,0.0000000,0.0000000,0,0,0,0
755485158604208 D 468,896986339,1000,1549,1549,2.3761363,-0.00118,-1,-1,-1,0,0,0,136,1,1,0,0.0000000,0.0000000,0.0000000,0,0,0,0
755485159626416 D 469,896987339,1000,1549,1549,2.3761363,-0.00113,-1,-1,-1,0,0,0,136,1,1,0,0.0000000,0.0000000,0.0000000,0,0,0,0
755485160605583 D 470,896988339,1000,1549,1549,2.3761363,-0.00109,-1,-1,-1,0,0,0,136,1,1,0,0.0000000,0.0000000,0.0000000,0,0,0,0
755485161600083 D 471,896989339,1000,1549,1549,2.3761363,-0.00104,-1,-1,-1,0,0,0,136,1,1,0,0.0000000,0.0000000,0.0000000,0,0,0,0
755485162601125 D 472,896990339,1000,1549,1549,2.3761363,-0.00100,-1,-1,-1,0,0,0,136,1,1,0,0.0000000,0.0000000,0.0000000,0,0,0,0
755485163598208 D 473,896991339,1000,1549,1549,2.3761363,-0.00096,-1,-1,-1,0,0,0,136,1,1,0,0.0000000,0.0000000,0.0000000,0,0,0,0
755485164602500 D 474,896992339,1000,1549,1549,2.3761363,-0.00093,-1,-1,-1,0,0,0,136,1,1,0,0.0000000,0.0000000,0.0000000,0,0,0,0
755485165598625 D 475,896993339,1000,1549,1549,2.3761363,-0.00089,-1,-1,-1,0,0,0,136,1,1,0,0.0000000,0.0000000,0.0000000,0,0,0,0
755485166602583 D 476,896994339,1000,1549,1549,2.3761363,-0.00085,-1,-1,-1,0,0,0,136,1,1,0,0.0000000,0.0000000,0.0000000,0,0,0,0
755485167598541 D 477,896995339,1000,1549,1549,2.3761363,-0.00082,-1,-1,-1,0,0,0,136,1,1,0,0.0000000,0.0000000,0.0000000,0,0,0,0
755485168822000 D 478,896996339,1000,1549,1549,2.3761363,-0.00079,-1,-1,-1,0,0,0,136,1,1,0,0.0000000,0.0000000,0.0000000,0,0,0,0
755485169818458 D 479,896997339,1000,1549,1549,2.3761363,-0.00076,-1,-1,-1,0,0,0,136,1,1,0,0.0000000,0.0000000,0.0000000,0,0,0,0
755485170841875 D 480,896998339,1000,1549,1549,2.3761363,-0.00073,-1,-1,-1,0,0,0,136,1,1,0,0.0000000,0.0000000,0.0000000,0,0,0,0
755485171872000 D 481,896999339,1000,1549,1549,2.3761363,-0.00070,-1,-1,-1,0,0,0,136,1,1,0,0.0000000,0.0000000,0.0000000,0,0,0,0
755485172866250 D 482,897000339,1000,1549,1549,2.3761363,-0.00067,-1,-1,-1,0,0,0,136,1,1,0,0.0000000,0.0000000,0.0000000,0,0,0,0
755485173939500 D 483,897001339,1000,1549,1549,2.3761363,-0.00065,-1,-1,-1,0,0,0,136,1,1,0,0.0000000,0.0000000,0.0000000,0,0,0,0
755485175261583 D 484,897002339,1000,1549,1549,2.3761363,-0.00062,39,124,2085,0,0,0,136,1,1,0,0.0000000,0.0000000,0.0000000,0,0,0,0
755485176087416 D 485,897003339,1000,1549,1549,2.3761363,-0.00060,-1,-1,-1,0,0,0,136,1,1,0,0.0000000,0.0000000,0.0000000,0,0,0,0
755485176849875 D 486,897004339,1000,1549,1549,2.3761363,-0.00057,-1,-1,-1,0,0,0,136,1,1,0,0.0000000,0.0000000,0.0000000,0,0,0,0
755485177619875 D 487,897005339,1000,1549,1549,2.3761363,-0.00055,-1,-1,-1,0,0,0,136,1,1,0,0.0000000,0.0000000,0.0000000,0,0,0,0
755485178670083 D 488,897006339,1000,1549,1549,2.3761363,-0.00053,-1,-1,-1,0,0,0,136,1,1,0,0.0000000,0.0000000,0.0000000,0,0,0,0
755485179662708 D 489,897007339,1000,1549,1549,2.3761363,-0.00051,-1,-1,-1,0,0,0,136,1,1,0,0.0000000,0.0000000,0.0000000,0,0,0,0
755485180633708 D 490,897008339,1000,1549,1549,2.3761363,-0.00049,-1,-1,-1,0,0,0,136,1,1,0,0.0000000,0.0000000,0.0000000,0,0,0,0
755485181627875 D 491,897009339,1000,1549,1549,2.3761363,-0.00047,-1,-1,-1,0,0,0,136,1,1,0,0.0000000,0.0000000,0.0000000,0,0,0,0
755485182624875 D 492,897010339,1000,1549,1549,2.3761363,-0.00045,-1,-1,-1,0,0,0,136,1,1,0,0.0000000,0.0000000,0.0000000,0,0,0,0
755485183630625 D 493,897011339,1000,1549,1549,2.3761363,-0.00043,-1,-1,-1,0,0,0,136,1,1,0,0.0000000,0.0000000,0.0000000,0,0,0,0
755485184619833 D 494,897012339,1000,1549,1549,2.3761363,-0.00042,-1,-1,-1,0,0,0,136,1,1,0,0.0000000,0.0000000,0.0000000,0,0,0,0
755485185624833 D 495,897013339,1000,1549,1549,2.3761363,-0.00040,-1,-1,-1,0,0,0,136,1,1,0,0.0000000,0.0000000,0.0000000,0,0,0,0
755485186614750 D 496,897014339,1000,1549,1549,2.3761363,-0.00038,-1,-1,-1,0,0,0,136,1,1,0,0.0000000,0.0000000,0.0000000,0,0,0,0
755485187619875 D 497,897015339,1000,1549,1549,2.3761363,-0.00037,-1,-1,-1,0,0,0,136,1,1,0,0.0000000,0.0000000,0.0000000,0,0,0,0
755485188622416 D 498,897016339,1000,1549,1549,2.3761363,-0.00035,-1,-1,-1,0,0,0,136,1,1,0,0.0000000,0.0000000,0.0000000,0,0,0,0
755485189655500 D 499,897017339,1000,1549,1549,2.3761363,-0.00034,-1,-1,-1,0,0,0,136,1,1,0,0.0000000,0.0000000,0.0000000,0,0,0,0
755485190650208 D 500,897018339,1000,1549,1549,2.3761363,-0.00033,-1,-1,-1,0,0,0,136,1,1,0,0.0000000,0.0000000,0.0000000,0,0,0,0
755485191609750 D 501,897019339,1000,1549,1549,2.3761363,-0.00031,-1,-1,-1,0,0,0,136,1,1,0,0.0000000,0.0000000,0.0000000,0,0,0,0
755485192638500 D 502,897020339,1000,1549,1549,2.3761363,-0.00030,-1,-1,-1,0,0,0,136,1,1,0,0.0000000,0.0000000,0.0000000,0,0,0,0
755485193671291 D 503,897021339,1000,1549,1549,2.3761363,-0.00029,-1,-1,-1,0,0,0,136,1,1,0,0.0000000,0.0000000,0.0000000,0,0,0,0
755485194690666 D 504,897022339,1000,1550,1550,2.3776703,0.05987,-1,-1,-1,0,0,0,136,1,1,0,0.0000000,0.0000000,0.0000000,0,0,0,0
755485195661041 D 505,897023339,1000,1549,1549,2.3761363,-0.00263,-1,-1,-1,0,0,0,136,1,1,0,0.0000000,0.0000000,0.0000000,0,0,0,0
755485196650500 D 506,897024339,1000,1549,1549,2.3761363,-0.00252,-1,-1,-1,0,0,0,136,1,1,0,0.0000000,0.0000000,0.0000000,0,0,0,0
755485197747625 D 507,897025339,1000,1549,1549,2.3761363,-0.00242,-1,-1,-1,0,0,0,136,1,1,0,0.0000000,0.0000000,0.0000000,0,0,0,0
755485198688291 D 508,897026339,1000,1549,1549,2.3761363,-0.00233,-1,-1,-1,0,0,0,136,1,1,0,0.0000000,0.0000000,0.0000000,0,0,0,0
755485199667375 D 509,897027339,1000,1549,1549,2.3761363,-0.00224,-1,-1,-1,0,0,0,136,1,1,0,0.0000000,0.0000000,0.0000000,0,0,0,0
755485200741083 D 510,897028339,1000,1549,1549,2.3761363,-0.00215,-1,-1,-1,0,0,0,136,1,1,0,0.0000000,0.0000000,0.0000000,0,0,0,0
755485201658833 D 511,897029339,1000,1549,1549,2.3761363,-0.00207,-1,-1,-1,0,0,0,136,1,1,0,0.0000000,0.0000000,0.0000000,0,0,0,0
755485202656375 D 512,897030339,1000,1549,1549,2.3761363,-0.00198,-1,-1,-1,0,0,0,136,1,1,0,0.0000000,0.0000000,0.0000000,0,0,0,0
755485203654833 D 513,897031339,1000,1549,1549,2.3761363,-0.00191,-1,-1,-1,0,0,0,136,1,1,0,0.0000000,0.0000000,0.0000000,0,0,0,0
755485204676250 D 514,897032339,1000,1549,1549,2.3761363,-0.00183,-1,-1,-1,0,0,0,136,1,1,0,0.0000000,0.0000000,0.0000000,0,0,0,0
755485205684875 D 515,897033339,1000,1549,1549,2.3761363,-0.00176,-1,-1,-1,0,0,0,136,1,1,0,0.0000000,0.0000000,0.0000000,0,0,0,0
755485206594833 D 516,897034339,1000,1549,1549,2.3761363,-0.00169,-1,-1,-1,0,0,0,136,1,1,0,0.0000000,0.0000000,0.0000000,0,0,0,0
755485207589333 D 517,897035339,1000,1549,1549,2.3761363,-0.00163,-1,-1,-1,0,0,0,136,1,1,0,0.0000000,0.0000000,0.0000000,0,0,0,0
755485208544041 D 518,897036339,1000,1549,1549,2.3761363,-0.00156,-1,-1,-1,0,0,0,136,1,1,0,0.0000000,0.0000000,0.0000000,0,0,0,0
755485209580666 D 519,897037339,1000,1549,1549,2.3761363,-0.00150,-1,-1,-1,0,0,0,136,1,1,0,0.0000000,0.0000000,0.0000000,0,0,0,0
755485210517125 D 520,897038339,1000,1549,1549,2.3761363,-0.00144,-1,-1,-1,0,0,0,136,1,1,0,0.0000000,0.0000000,0.0000000,0,0,0,0
755485211894041 D 521,897039339,1000,1549,1549,2.3761363,-0.00138,-1,-1,-1,0,0,0,136,1,1,0,0.0000000,0.0000000,0.0000000,0,0,0,0
755485212870791 D 522,897040339,1000,1549,1549,2.3761363,-0.00133,-1,-1,-1,0,0,0,136,1,1,0,0.0000000,0.0000000,0.0000000,0,0,0,0
755485213857458 D 523,897041339,1000,1549,1549,2.3761363,-0.00128,-1,-1,-1,0,0,0,136,1,1,0,0.0000000,0.0000000,0.0000000,0,0,0,0
755485214671458 D 524,897042339,1000,1549,1549,2.3761363,-0.00123,-1,-1,-1,0,0,0,136,1,1,0,0.0000000,0.0000000,0.0000000,0,0,0,0
755485215626083 D 525,897043339,1000,1549,1549,2.3761363,-0.00118,-1,-1,-1,0,0,0,136,1,1,0,0.0000000,0.0000000,0.0000000,0,0,0,0
755485216612708 D 526,897044339,1000,1549,1549,2.3761363,-0.00113,-1,-1,-1,0,0,0,136,1,1,0,0.0000000,0.0000000,0.0000000,0,0,0,0
755485217594291 D 527,897045339,1000,1549,1549,2.3761363,-0.00109,-1,-1,-1,0,0,0,136,1,1,0,0.0000000,0.0000000,0.0000000,0,0,0,0
755485218598166 D 528,897046339,1000,1549,1549,2.3761363,-0.00105,-1,-1,-1,0,0,0,136,1,1,0,0.0000000,0.0000000,0.0000000,0,0,0,0
755485219621833 D 529,897047339,1000,1549,1549,2.3761363,-0.00101,-1,-1,-1,0,0,0,136,1,1,0,0.0000000,0.0000000,0.0000000,0,0,0,0
755485220494541 D 530,897048339,1000,1549,1549,2.3761363,-0.00097,-1,-1,-1,0,0,0,136,1,1,0,0.0000000,0.0000000,0.0000000,0,0,0,0
755485221686500 D 531,897049339,1000,1549,1549,2.3761363,-0.00093,-1,-1,-1,0,0,0,136,1,1,0,0.0000000,0.0000000,0.0000000,0,0,0,0
755485222638666 D 532,897050339,1000,1549,1549,2.3761363,-0.00089,-1,-1,-1,0,0,0,136,1,1,0,0.0000000,0.0000000,0.0000000,0,0,0,0
755485223646625 D 533,897051339,1000,1549,1549,2.3761363,-0.00086,-1,-1,-1,0,0,0,136,1,1,0,0.0000000,0.0000000,0.0000000,0,0,0,0
755485225062750 D 534,897052339,1000,1549,1549,2.3761363,-0.00082,39,124,2085,0,0,0,136,1,1,0,0.0000000,0.0000000,0.0000000,0,0,0,0
755485225676916 D 535,897053339,1000,1549,1549,2.3761363,-0.00079,-1,-1,-1,0,0,0,136,1,1,0,0.0000000,0.0000000,0.0000000,0,0,0,0
755485226694666 D 536,897054339,1000,1549,1549,2.3761363,-0.00076,-1,-1,-1,0,0,0,136,1,1,0,0.0000000,0.0000000,0.0000000,0,0,0,0
755485227763166 D 537,897055339,1000,1549,1549,2.3761363,-0.00073,-1,-1,-1,0,0,0,136,1,1,0,0.0000000,0.0000000,0.0000000,0,0,0,0
755485228810041 D 538,897056339,1000,1549,1549,2.3761363,-0.00070,-1,-1,-1,0,0,0,136,1,1,0,0.0000000,0.0000000,0.0000000,0,0,0,0
755485229942708 D 539,897057339,1000,1549,1549,2.3761363,-0.00067,-1,-1,-1,0,0,0,136,1,1,0,0.0000000,0.0000000,0.0000000,0,0,0,0
755485230987791 D 540,897058339,1000,1549,1549,2.3761363,-0.00065,-1,-1,-1,0,0,0,136,1,1,0,0.0000000,0.0000000,0.0000000,0,0,0,0
755485232032541 D 541,897059339,1000,1549,1549,2.3761363,-0.00062,-1,-1,-1,0,0,0,136,1,1,0,0.0000000,0.0000000,0.0000000,0,0,0,0
755485232894125 D 542,897060339,1000,1549,1549,2.3761363,-0.00060,-1,-1,-1,0,0,0,136,1,1,0,0.0000000,0.0000000,0.0000000,0,0,0,0
755485233724458 D 543,897061339,1000,1549,1549,2.3761363,-0.00057,-1,-1,-1,0,0,0,136,1,1,0,0.0000000,0.0000000,0.0000000,0,0,0,0
755485234617875 D 544,897062339,1000,1549,1549,2.3761363,-0.00055,-1,-1,-1,0,0,0,136,1,1,0,0.0000000,0.0000000,0.0000000,0,0,0,0
755485235606875 D 545,897063339,1000,1549,1549,2.3761363,-0.00053,-1,-1,-1,0,0,0,136,1,1,0,0.0000000,0.0000000,0.0000000,0,0,0,0
755485236627583 D 546,897064339,1000,1549,1549,2.3761363,-0.00051,-1,-1,-1,0,0,0,136,1,1,0,0.0000000,0.0000000,0.0000000,0,0,0,0
755485237628208 D 547,897065339,1000,1549,1549,2.3761363,-0.00049,-1,-1,-1,0,0,0,136,1,1,0,0.0000000,0.0000000,0.0000000,0,0,0,0
755485238582791 D 548,897066339,1000,1549,1549,2.3761363,-0.00047,-1,-1,-1,0,0,0,136,1,1,0,0.0000000,0.0000000,0.0000000,0,0,0,0
755485239577750 D 549,897067339,1000,1549,1549,2.3761363,-0.00045,-1,-1,-1,0,0,0,136,1,1,0,0.0000000,0.0000000,0.0000000,0,0,0,0
755485240599750 D 550,897068339,1000,1549,1549,2.3761363,-0.00043,-1,-1,-1,0,0,0,136,1,1,0,0.0000000,0.0000000,0.0000000,0,0,0,0
755485241844666 D 551,897069339,1000,1549,1549,2.3761363,-0.00042,-1,-1,-1,0,0,0,136,1,1,0,0.0000000,0.0000000,0.0000000,0,0,0,0
755485242873083 D 552,897070339,1000,1549,1549,2.3761363,-0.00040,-1,-1,-1,0,0,0,136,1,1,0,0.0000000,0.0000000,0.0000000,0,0,0,0
755485243867666 D 553,897071339,1000,1549,1549,2.3761363,-0.00039,-1,-1,-1,0,0,0,136,1,1,0,0.0000000,0.0000000,0.0000000,0,0,0,0
755485244765750 D 554,897072339,1000,1549,1549,2.3761363,-0.00037,-1,-1,-1,0,0,0,136,1,1,0,0.0000000,0.0000000,0.0000000,0,0,0,0
755485245745083 D 555,897073339,1000,1549,1549,2.3761363,-0.00036,-1,-1,-1,0,0,0,136,1,1,0,0.0000000,0.0000000,0.0000000,0,0,0,0
755485246730041 D 556,897074339,1000,1549,1549,2.3761363,-0.00034,-1,-1,-1,0,0,0,136,1,1,0,0.0000000,0.0000000,0.0000000,0,0,0,0
755485247785291 D 557,897075339,1000,1549,1549,2.3761363,-0.00033,-1,-1,-1,0,0,0,136,1,1,0,0.0000000,0.0000000,0.0000000,0,0,0,0
755485248722958 D 558,897076339,1000,1549,1549,2.3761363,-0.00032,-1,-1,-1,0,0,0,136,1,1,0,0.0000000,0.0000000,0.0000000,0,0,0,0
755485249683583 D 559,897077339,1000,1549,1549,2.3761363,-0.00030,-1,-1,-1,0,0,0,136,1,1,0,0.0000000,0.0000000,0.0000000,0,0,0,0
755485250713083 D 560,897078339,1000,1549,1549,2.3761363,-0.00029,-1,-1,-1,0,0,0,136,1,1,0,0.0000000,0.0000000,0.0000000,0,0,0,0
755485251658083 D 561,897079339,1000,1549,1549,2.3761363,-0.00028,-1,-1,-1,0,0,0,136,1,1,0,0.0000000,0.0000000,0.0000000,0,0,0,0
755485252669875 D 562,897080339,1000,1549,1549,2.3761363,-0.00027,-1,-1,-1,0,0,0,136,1,1,0,0.0000000,0.0000000,0.0000000,0,0,0,0
755485253675083 D 563,897081339,1000,1549,1549,2.3761363,-0.00026,-1,-1,-1,0,0,0,136,1,1,0,0.0000000,0.0000000,0.0000000,0,0,0,0
755485254677666 D 564,897082339,1000,1549,1549,2.3761363,-0.00025,-1,-1,-1,0,0,0,136,1,1,0,0.0000000,0.0000000,0.0000000,0,0,0,0
755485255642375 D 565,897083339,1000,1549,1549,2.3761363,-0.00024,-1,-1,-1,0,0,0,136,1,1,0,0.0000000,0.0000000,0.0000000,0,0,0,0
755485256670125 D 566,897084339,1000,1549,1549,2.3761363,-0.00023,-1,-1,-1,0,0,0,136,1,1,0,0.0000000,0.0000000,0.0000000,0,0,0,0
755485257655166 D 567,897085339,1000,1549,1549,2.3761363,-0.00022,-1,-1,-1,0,0,0,136,1,1,0,0.0000000,0.0000000,0.0000000,0,0,0,0
755485258661166 D 568,897086339,1000,1549,1549,2.3761363,-0.00021,-1,-1,-1,0,0,0,136,1,1,0,0.0000000,0.0000000,0.0000000,0,0,0,0
755485259648625 D 569,897087339,1000,1549,1549,2.3761363,-0.00020,-1,-1,-1,0,0,0,136,1,1,0,0.0000000,0.0000000,0.0000000,0,0,0,0
755485260641375 D 570,897088339,1000,1549,1549,2.3761363,-0.00020,-1,-1,-1,0,0,0,136,1,1,0,0.0000000,0.0000000,0.0000000,0,0,0,0
755485261654208 D 571,897089339,1000,1549,1549,2.3761363,-0.00019,-1,-1,-1,0,0,0,136,1,1,0,0.0000000,0.0000000,0.0000000,0,0,0,0
755485262661333 D 572,897090339,1000,1549,1549,2.3761363,-0.00018,-1,-1,-1,0,0,0,135,1,1,0,0.0000000,0.0000000,0.0000000,0,0,0,0
755485263644250 D 573,897091339,1000,1549,1549,2.3761363,-0.00017,-1,-1,-1,0,0,0,136,1,1,0,0.0000000,0.0000000,0.0000000,0,0,0,0
755485264753083 D 574,897092339,1000,1549,1549,2.3761363,-0.00017,-1,-1,-1,0,0,0,136,1,1,0,0.0000000,0.0000000,0.0000000,0,0,0,0
755485265670125 D 575,897093339,1000,1549,1549,2.3761363,-0.00016,-1,-1,-1,0,0,0,136,1,1,0,0.0000000,0.0000000,0.0000000,0,0,0,0
755485266700666 D 576,897094339,1000,1549,1549,2.3761363,-0.00015,-1,-1,-1,0,0,0,136,1,1,0,0.0000000,0.0000000,0.0000000,0,0,0,0
755485267659416 D 577,897095339,1000,1549,1549,2.3761363,-0.00015,-1,-1,-1,0,0,0,136,1,1,0,0.0000000,0.0000000,0.0000000,0,0,0,0
755485268651750 D 578,897096339,1000,1549,1549,2.3761363,-0.00014,-1,-1,-1,0,0,0,136,1,1,0,0.0000000,0.0000000,0.0000000,0,0,0,0
755485269646041 D 579,897097339,1000,1549,1549,2.3761363,-0.00014,-1,-1,-1,0,0,0,136,1,1,0,0.0000000,0.0000000,0.0000000,0,0,0,0
755485270636541 D 580,897098339,1000,1549,1549,2.3761363,-0.00013,-1,-1,-1,0,0,0,136,1,1,0,0.0000000,0.0000000,0.0000000,0,0,0,0
755485271636750 D 581,897099339,1000,1549,1549,2.3761363,-0.00013,-1,-1,-1,0,0,0,136,1,1,0,0.0000000,0.0000000,0.0000000,0,0,0,0
755485272638916 D 582,897100339,1000,1549,1549,2.3761363,-0.00012,-1,-1,-1,0,0,0,136,1,1,0,0.0000000,0.0000000,0.0000000,0,0,0,0
755485273577583 D 583,897101339,1000,1549,1549,2.3761363,-0.00012,-1,-1,-1,0,0,0,136,1,1,0,0.0000000,0.0000000,0.0000000,0,0,0,0
755485275047416 D 584,897102339,1000,1549,1549,2.3761363,-0.00011,39,124,2085,0,0,0,136,1,1,0,0.0000000,0.0000000,0.0000000,0,0,0,0
755485275666083 D 585,897103339,1000,1549,1549,2.3761363,-0.00011,-1,-1,-1,0,0,0,136,1,1,0,0.0000000,0.0000000,0.0000000,0,0,0,0
755485276635958 D 586,897104339,1000,1549,1549,2.3761363,-0.00010,-1,-1,-1,0,0,0,136,1,1,0,0.0000000,0.0000000,0.0000000,0,0,0,0
755485277543541 D 587,897105339,1000,1549,1549,2.3761363,-0.00010,-1,-1,-1,0,0,0,136,1,1,0,0.0000000,0.0000000,0.0000000,0,0,0,0
755485278630750 D 588,897106339,1000,1549,1549,2.3761363,-0.00009,-1,-1,-1,0,0,0,136,1,1,0,0.0000000,0.0000000,0.0000000,0,0,0,0
755485279661083 D 589,897107339,1000,1549,1549,2.3761363,-0.00009,-1,-1,-1,0,0,0,136,1,1,0,0.0000000,0.0000000,0.0000000,0,0,0,0
755485280696166 D 590,897108339,1000,1549,1549,2.3761363,-0.00009,-1,-1,-1,0,0,0,136,1,1,0,0.0000000,0.0000000,0.0000000,0,0,0,0
755485281669875 D 591,897109339,1000,1549,1549,2.3761363,-0.00008,-1,-1,-1,0,0,0,136,1,1,0,0.0000000,0.0000000,0.0000000,0,0,0,0
755485282669250 D 592,897110339,1000,1549,1549,2.3761363,-0.00008,-1,-1,-1,0,0,0,136,1,1,0,0.0000000,0.0000000,0.0000000,0,0,0,0
755485283676166 D 593,897111339,1000,1549,1549,2.3761363,-0.00008,-1,-1,-1,0,0,0,136,1,1,0,0.0000000,0.0000000,0.0000000,0,0,0,0
755485284677541 D 594,897112339,1000,1549,1549,2.3761363,-0.00007,-1,-1,-1,0,0,0,136,1,1,0,0.0000000,0.0000000,0.0000000,0,0,0,0
755485285653041 D 595,897113339,1000,1549,1549,2.3761363,-0.00007,-1,-1,-1,0,0,0,136,1,1,0,0.0000000,0.0000000,0.0000000,0,0,0,0
755485286638416 D 596,897114339,1000,1549,1549,2.3761363,-0.00007,-1,-1,-1,0,0,0,136,1,1,0,0.0000000,0.0000000,0.0000000,0,0,0,0
755485287640125 D 597,897115339,1000,1549,1549,2.3761363,-0.00007,-1,-1,-1,0,0,0,136,1,1,0,0.0000000,0.0000000,0.0000000,0,0,0,0
755485288624041 D 598,897116339,1000,1549,1549,2.3761363,-0.00006,-1,-1,-1,0,0,0,136,1,1,0,0.0000000,0.0000000,0.0000000,0,0,0,0
755485289621166 D 599,897117339,1000,1549,1549,2.3761363,-0.00006,-1,-1,-1,0,0,0,136,1,1,0,0.0000000,0.0000000,0.0000000,0,0,0,0
755485290632791 D 600,897118339,1000,1549,1549,2.3761363,-0.00006,-1,-1,-1,0,0,0,136,1,1,0,0.0000000,0.0000000,0.0000000,0,0,0,0
755485291615833 D 601,897119339,1000,1549,1549,2.3761363,-0.00006,-1,-1,-1,0,0,0,136,1,1,0,0.0000000,0.0000000,0.0000000,0,0,0,0
755485292634500 D 602,897120339,1000,1549,1549,2.3761363,-0.00005,-1,-1,-1,0,0,0,136,1,1,0,0.0000000,0.0000000,0.0000000,0,0,0,0
755485293611500 D 603,897121339,1000,1549,1549,2.3761363,-0.00005,-1,-1,-1,0,0,0,136,1,1,0,0.0000000,0.0000000,0.0000000,0,0,0,0
755485294617458 D 604,897122339,1000,1549,1549,2.3761363,-0.00005,-1,-1,-1,0,0,0,136,1,1,0,0.0000000,0.0000000,0.0000000,0,0,0,0
755485295617875 D 605,897123339,1000,1549,1549,2.3761363,-0.00005,-1,-1,-1,0,0,0,136,1,1,0,0.0000000,0.0000000,0.0000000,0,0,0,0
755485296704333 D 606,897124339,1000,1549,1549,2.3761363,-0.00005,-1,-1,-1,0,0,0,136,1,1,0,0.0000000,0.0000000,0.0000000,0,0,0,0
755485298443708 D 607,897125339,1000,1549,1549,2.3761363,-0.00004,-1,-1,-1,0,0,0,136,1,1,0,0.0000000,0.0000000,0.0000000,0,0,0,0
755485299092708 D 608,897126339,1000,1549,1549,2.3761363,-0.00004,-1,-1,-1,0,0,0,136,1,1,0,0.0000000,0.0000000,0.0000000,0,0,0,0
755485299732166 D 609,897127339,1000,1549,1549,2.3761363,-0.00004,-1,-1,-1,0,0,0,136,1,1,0,0.0000000,0.0000000,0.0000000,0,0,0,0
755485300732458 D 610,897128339,1000,1549,1549,2.3761363,-0.00004,-1,-1,-1,0,0,0,136,1,1,0,0.0000000,0.0000000,0.0000000,0,0,0,0
755485301706041 D 611,897129339,1000,1549,1549,2.3761363,-0.00004,-1,-1,-1,0,0,0,136,1,1,0,0.0000000,0.0000000,0.0000000,0,0,0,0
755485302861750 D 612,897130339,1000,1549,1549,2.3761363,-0.00004,-1,-1,-1,0,0,0,136,1,1,0,0.0000000,0.0000000,0.0000000,0,0,0,0
755485303853916 D 613,897131339,1000,1549,1549,2.3761363,-0.00003,-1,-1,-1,0,0,0,136,1,1,0,0.0000000,0.0000000,0.0000000,0,0,0,0
755485304868541 D 614,897132339,1000,1549,1549,2.3761363,-0.00003,-1,-1,-1,0,0,0,136,1,1,0,0.0000000,0.0000000,0.0000000,0,0,0,0
755485305617083 D 615,897133339,1000,1549,1549,2.3761363,-0.00003,-1,-1,-1,0,0,0,136,1,1,0,0.0000000,0.0000000,0.0000000,0,0,0,0
755485306614750 D 616,897134339,1000,1549,1549,2.3761363,-0.00003,-1,-1,-1,0,0,0,136,1,1,0,0.0000000,0.0000000,0.0000000,0,0,0,0
755485307620416 D 617,897135339,1000,1549,1549,2.3761363,-0.00003,-1,-1,-1,0,0,0,136,1,1,0,0.0000000,0.0000000,0.0000000,0,0,0,0
755485308615958 D 618,897136339,1000,1549,1549,2.3761363,-0.00003,-1,-1,-1,0,0,0,136,1,1,0,0.0000000,0.0000000,0.0000000,0,0,0,0
755485309619416 D 619,897137339,1000,1549,1549,2.3761363,-0.00003,-1,-1,-1,0,0,0,136,1,1,0,0.0000000,0.0000000,0.0000000,0,0,0,0
755485310613416 D 620,897138339,1000,1549,1549,2.3761363,-0.00003,-1,-1,-1,0,0,0,136,1,1,0,0.0000000,0.0000000,0.0000000,0,0,0,0
755485311628583 D 621,897139339,1000,1549,1549,2.3761363,-0.00003,-1,-1,-1,0,0,0,136,1,1,0,0.0000000,0.0000000,0.0000000,0,0,0,0
755485312631500 D 622,897140339,1000,1549,1549,2.3761363,-0.00002,-1,-1,-1,0,0,0,136,1,1,0,0.0000000,0.0000000,0.0000000,0,0,0,0
755485313643458 D 623,897141339,1000,1549,1549,2.3761363,-0.00002,-1,-1,-1,0,0,0,136,1,1,0,0.0000000,0.0000000,0.0000000,0,0,0,0
755485314683208 D 624,897142339,1000,1549,1549,2.3761363,-0.00002,-1,-1,-1,0,0,0,136,1,1,0,0.0000000,0.0000000,0.0000000,0,0,0,0
755485315675416 D 625,897143339,1000,1549,1549,2.3761363,-0.00002,-1,-1,-1,0,0,0,136,1,1,0,0.0000000,0.0000000,0.0000000,0,0,0,0
755485316871041 D 626,897144339,1000,1549,1549,2.3761363,-0.00002,-1,-1,-1,0,0,0,136,1,1,0,0.0000000,0.0000000,0.0000000,0,0,0,0
755485317895666 D 627,897145339,1000,1549,1549,2.3761363,-0.00002,-1,-1,-1,0,0,0,136,1,1,0,0.0000000,0.0000000,0.0000000,0,0,0,0
755485318816666 D 628,897146339,1000,1549,1549,2.3761363,-0.00002,-1,-1,-1,0,0,0,135,1,1,0,0.0000000,0.0000000,0.0000000,0,0,0,0
755485319623583 D 629,897147339,1000,1549,1549,2.3761363,-0.00002,-1,-1,-1,0,0,0,136,1,1,0,0.0000000,0.0000000,0.0000000,0,0,0,0
755485320625916 D 630,897148339,1000,1549,1549,2.3761363,-0.00002,-1,-1,-1,0,0,0,136,1,1,0,0.0000000,0.0000000,0.0000000,0,0,0,0
755485321637666 D 631,897149339,1000,1549,1549,2.3761363,-0.00002,-1,-1,-1,0,0,0,136,1,1,0,0.0000000,0.0000000,0.0000000,0,0,0,0
755485322618958 D 632,897150339,1000,1549,1549,2.3761363,-0.00002,-1,-1,-1,0,0,0,136,1,1,0,0.0000000,0.0000000,0.0000000,0,0,0,0
755485323614000 D 633,897151339,1000,1549,1549,2.3761363,-0.00002,-1,-1,-1,0,0,0,136,1,1,0,0.0000000,0.0000000,0.0000000,0,0,0,0
755485325130041 D 634,897152339,1000,1549,1549,2.3761363,-0.00002,39,124,2085,0,0,0,136,1,1,0,0.0000000,0.0000000,0.0000000,0,0,0,0
755485325743416 D 635,897153339,1000,1549,1549,2.3761363,-0.00001,-1,-1,-1,0,0,0,136,1,1,0,0.0000000,0.0000000,0.0000000,0,0,0,0
755485326638416 D 636,897154339,1000,1549,1549,2.3761363,-0.00001,-1,-1,-1,0,0,0,136,1,1,0,0.0000000,0.0000000,0.0000000,0,0,0,0
755485327642791 D 637,897155339,1000,1549,1549,2.3761363,-0.00001,-1,-1,-1,0,0,0,136,1,1,0,0.0000000,0.0000000,0.0000000,0,0,0,0
755485328672666 D 638,897156339,1000,1549,1549,2.3761363,-0.00001,-1,-1,-1,0,0,0,136,1,1,0,0.0000000,0.0000000,0.0000000,0,0,0,0
755485329640541 D 639,897157339,1000,1549,1549,2.3761363,-0.00001,-1,-1,-1,0,0,0,136,1,1,0,0.0000000,0.0000000,0.0000000,0,0,0,0
755485330632625 D 640,897158339,1000,1549,1549,2.3761363,-0.00001,-1,-1,-1,0,0,0,136,1,1,0,0.0000000,0.0000000,0.0000000,0,0,0,0
755485331645875 D 641,897159339,1000,1549,1549,2.3761363,-0.00001,-1,-1,-1,0,0,0,136,1,1,0,0.0000000,0.0000000,0.0000000,0,0,0,0
755485332632125 D 642,897160339,1000,1549,1549,2.3761363,-0.00001,-1,-1,-1,0,0,0,136,1,1,0,0.0000000,0.0000000,0.0000000,0,0,0,0
755485333619041 D 643,897161339,1000,1549,1549,2.3761363,-0.00001,-1,-1,-1,0,0,0,136,1,1,0,0.0000000,0.0000000,0.0000000,0,0,0,0
755485334627000 D 644,897162339,1000,1549,1549,2.3761363,-0.00001,-1,-1,-1,0,0,0,136,1,1,0,0.0000000,0.0000000,0.0000000,0,0,0,0
755485335624375 D 645,897163339,1000,1549,1549,2.3761363,-0.00001,-1,-1,-1,0,0,0,136,1,1,0,0.0000000,0.0000000,0.0000000,0,0,0,0
755485336623541 D 646,897164339,1000,1549,1549,2.3761363,-0.00001,-1,-1,-1,0,0,0,136,1,1,0,0.0000000,0.0000000,0.0000000,0,0,0,0
755485337626375 D 647,897165339,1000,1549,1549,2.3761363,-0.00001,-1,-1,-1,0,0,0,136,1,1,0,0.0000000,0.0000000,0.0000000,0,0,0,0
755485338641833 D 648,897166339,1000,1549,1549,2.3761363,-0.00001,-1,-1,-1,0,0,0,136,1,1,0,0.0000000,0.0000000,0.0000000,0,0,0,0
755485339627666 D 649,897167339,1000,1549,1549,2.3761363,-0.00001,-1,-1,-1,0,0,0,136,1,1,0,0.0000000,0.0000000,0.0000000,0,0,0,0
755485340622333 D 650,897168339,1000,1549,1549,2.3761363,-0.00001,-1,-1,-1,0,0,0,136,1,1,0,0.0000000,0.0000000,0.0000000,0,0,0,0
755485341614208 D 651,897169339,1000,1549,1549,2.3761363,-0.00001,-1,-1,-1,0,0,0,136,1,1,0,0.0000000,0.0000000,0.0000000,0,0,0,0
755485342628708 D 652,897170339,1000,1549,1549,2.3761363,-0.00001,-1,-1,-1,0,0,0,136,1,1,0,0.0000000,0.0000000,0.0000000,0,0,0,0
755485343613166 D 653,897171339,1000,1549,1549,2.3761363,-0.00001,-1,-1,-1,0,0,0,136,1,1,0,0.0000000,0.0000000,0.0000000,0,0,0,0
755485344613833 D 654,897172339,1000,1549,1549,2.3761363,-0.00001,-1,-1,-1,0,0,0,136,1,1,0,0.0000000,0.0000000,0.0000000,0,0,0,0
755485345818458 D 655,897173339,1000,1549,1549,2.3761363,-0.00001,-1,-1,-1,0,0,0,136,1,1,0,0.0000000,0.0000000,0.0000000,0,0,0,0
755485346875666 D 656,897174339,1000,1549,1549,2.3761363,-0.00001,-1,-1,-1,0,0,0,136,1,1,0,0.0000000,0.0000000,0.0000000,0,0,0,0
755485347884958 D 657,897175339,1000,1549,1549,2.3761363,-0.00001,-1,-1,-1,0,0,0,136,1,1,0,0.0000000,0.0000000,0.0000000,0,0,0,0
755485348717500 D 658,897176339,1000,1549,1549,2.3761363,-0.00001,-1,-1,-1,0,0,0,136,1,1,0,0.0000000,0.0000000,0.0000000,0,0,0,0
755485349640375 D 659,897177339,1000,1549,1549,2.3761363,-0.00001,-1,-1,-1,0,0,0,136,1,1,0,0.0000000,0.0000000,0.0000000,0,0,0,0
755485350680333 D 660,897178339,1000,1549,1549,2.3761363,-0.00001,-1,-1,-1,0,0,0,136,1,1,0,0.0000000,0.0000000,0.0000000,0,0,0,0
755485351647250 D 661,897179339,1000,1549,1549,2.3761363,-0.00001,-1,-1,-1,0,0,0,136,1,1,0,0.0000000,0.0000000,0.0000000,0,0,0,0
755485352682583 D 662,897180339,1000,1549,1549,2.3761363,-0.00000,-1,-1,-1,0,0,0,136,1,1,0,0.0000000,0.0000000,0.0000000,0,0,0,0
755485353657958 D 663,897181339,1000,1549,1549,2.3761363,-0.00000,-1,-1,-1,0,0,0,136,1,1,0,0.0000000,0.0000000,0.0000000,0,0,0,0
755485354645000 D 664,897182339,1000,1549,1549,2.3761363,-0.00000,-1,-1,-1,0,0,0,136,1,1,0,0.0000000,0.0000000,0.0000000,0,0,0,0
755485355625125 D 665,897183339,1000,1549,1549,2.3761363,-0.00000,-1,-1,-1,0,0,0,136,1,1,0,0.0000000,0.0000000,0.0000000,0,0,0,0
755485356629083 D 666,897184339,1000,1549,1549,2.3761363,-0.00000,-1,-1,-1,0,0,0,136,1,1,0,0.0000000,0.0000000,0.0000000,0,0,0,0
755485357637375 D 667,897185339,1000,1549,1549,2.3761363,-0.00000,-1,-1,-1,0,0,0,136,1,1,0,0.0000000,0.0000000,0.0000000,0,0,0,0
755485358621541 D 668,897186339,1000,1549,1549,2.3761363,-0.00000,-1,-1,-1,0,0,0,136,1,1,0,0.0000000,0.0000000,0.0000000,0,0,0,0
755485359623708 D 669,897187339,1000,1549,1549,2.3761363,-0.00000,-1,-1,-1,0,0,0,136,1,1,0,0.0000000,0.0000000,0.0000000,0,0,0,0
755485360628375 D 670,897188339,1000,1549,1549,2.3761363,-0.00000,-1,-1,-1,0,0,0,136,1,1,0,0.0000000,0.0000000,0.0000000,0,0,0,0
755485361854125 D 671,897189339,1000,1549,1549,2.3761363,-0.00000,-1,-1,-1,0,0,0,136,1,1,0,0.0000000,0.0000000,0.0000000,0,0,0,0
755485362932125 D 672,897190339,1000,1549,1549,2.3761363,-0.00000,-1,-1,-1,0,0,0,136,1,1,0,0.0000000,0.0000000,0.0000000,0,0,0,0
755485363855541 D 673,897191339,1000,1549,1549,2.3761363,-0.00000,-1,-1,-1,0,0,0,136,1,1,0,0.0000000,0.0000000,0.0000000,0,0,0,0
755485364723666 D 674,897192339,1000,1549,1549,2.3761363,-0.00000,-1,-1,-1,0,0,0,136,1,1,0,0.0000000,0.0000000,0.0000000,0,0,0,0
755485365664291 D 675,897193339,1000,1549,1549,2.3761363,-0.00000,-1,-1,-1,0,0,0,136,1,1,0,0.0000000,0.0000000,0.0000000,0,0,0,0
755485366631916 D 676,897194339,1000,1549,1549,2.3761363,-0.00000,-1,-1,-1,0,0,0,136,1,1,0,0.0000000,0.0000000,0.0000000,0,0,0,0
755485367631916 D 677,897195339,1000,1549,1549,2.3761363,-0.00000,-1,-1,-1,0,0,0,136,1,1,0,0.0000000,0.0000000,0.0000000,0,0,0,0
755485368629458 D 678,897196339,1000,1549,1549,2.3761363,-0.00000,-1,-1,-1,0,0,0,136,1,1,0,0.0000000,0.0000000,0.0000000,0,0,0,0
755485369615291 D 679,897197339,1000,1549,1549,2.3761363,-0.00000,-1,-1,-1,0,0,0,136,1,1,0,0.0000000,0.0000000,0.0000000,0,0,0,0
755485370626833 D 680,897198339,1000,1549,1549,2.3761363,-0.00000,-1,-1,-1,0,0,0,136,1,1,0,0.0000000,0.0000000,0.0000000,0,0,0,0
755485371638333 D 681,897199339,1000,1549,1549,2.3761363,-0.00000,-1,-1,-1,0,0,0,136,1,1,0,0.0000000,0.0000000,0.0000000,0,0,0,0
755485372650458 D 682,897200339,1000,1550,1550,2.3776703,0.06015,-1,-1,-1,0,0,0,136,1,1,0,0.0000000,0.0000000,0.0000000,0,0,0,0
755485373677875 D 683,897201339,1000,1549,1549,2.3761363,-0.00236,-1,-1,-1,0,0,0,136,1,1,0,0.0000000,0.0000000,0.0000000,0,0,0,0
755485375027666 D 684,897202339,1000,1549,1549,2.3761363,-0.00227,39,124,2085,0,0,0,136,1,1,0,0.0000000,0.0000000,0.0000000,0,0,0,0
755485375637583 D 685,897203339,1000,1549,1549,2.3761363,-0.00218,-1,-1,-1,0,0,0,136,1,1,0,0.0000000,0.0000000,0.0000000,0,0,0,0
755485376617708 D 686,897204339,1000,1549,1549,2.3761363,-0.00209,-1,-1,-1,0,0,0,136,1,1,0,0.0000000,0.0000000,0.0000000,0,0,0,0
755485377854291 D 687,897205339,1000,1549,1549,2.3761363,-0.00201,-1,-1,-1,0,0,0,136,1,1,0,0.0000000,0.0000000,0.0000000,0,0,0,0
755485378855125 D 688,897206339,1000,1550,1550,2.3776703,0.05822,-1,-1,-1,0,0,0,136,1,1,0,0.0000000,0.0000000,0.0000000,0,0,0,0
755485379852041 D 689,897207339,1000,1549,1549,2.3761363,-0.00422,-1,-1,-1,0,0,0,136,1,1,0,0.0000000,0.0000000,0.0000000,0,0,0,0
755485380690000 D 690,897208339,1000,1549,1549,2.3761363,-0.00405,-1,-1,-1,0,0,0,136,1,1,0,0.0000000,0.0000000,0.0000000,0,0,0,0
755485381696416 D 691,897209339,1000,1549,1549,2.3761363,-0.00389,-1,-1,-1,0,0,0,136,1,1,0,0.0000000,0.0000000,0.0000000,0,0,0,0
755485382653541 D 692,897210339,1000,1549,1549,2.3761363,-0.00374,-1,-1,-1,0,0,0,136,1,1,0,0.0000000,0.0000000,0.0000000,0,0,0,0
755485383658916 D 693,897211339,1000,1549,1549,2.3761363,-0.00359,-1,-1,-1,0,0,0,136,1,1,0,0.0000000,0.0000000,0.0000000,0,0,0,0
755485384636708 D 694,897212339,1000,1549,1549,2.3761363,-0.00345,-1,-1,-1,0,0,0,136,1,1,0,0.0000000,0.0000000,0.0000000,0,0,0,0
755485385641083 D 695,897213339,1000,1549,1549,2.3761363,-0.00332,-1,-1,-1,0,0,0,136,1,1,0,0.0000000,0.0000000,0.0000000,0,0,0,0
755485386629708 D 696,897214339,1000,1549,1549,2.3761363,-0.00319,-1,-1,-1,0,0,0,136,1,1,0,0.0000000,0.0000000,0.0000000,0,0,0,0
755485387635125 D 697,897215339,1000,1549,1549,2.3761363,-0.00306,-1,-1,-1,0,0,0,136,1,1,0,0.0000000,0.0000000,0.0000000,0,0,0,0
755485388629333 D 698,897216339,1000,1549,1549,2.3761363,-0.00294,-1,-1,-1,0,0,0,136,1,1,0,0.0000000,0.0000000,0.0000000,0,0,0,0
755485389628583 D 699,897217339,1000,1549,1549,2.3761363,-0.00283,-1,-1,-1,0,0,0,136,1,1,0,0.0000000,0.0000000,0.0000000,0,0,0,0
755485390621541 D 700,897218339,1000,1549,1549,2.3761363,-0.00271,-1,-1,-1,0,0,0,136,1,1,0,0.0000000,0.0000000,0.0000000,0,0,0,0
755485391623416 D 701,897219339,1000,1549,1549,2.3761363,-0.00261,-1,-1,-1,0,0,0,136,1,1,0,0.0000000,0.0000000,0.0000000,0,0,0,0
755485392672458 D 702,897220339,1000,1549,1549,2.3761363,-0.00251,-1,-1,-1,0,0,0,136,1,1,0,0.0000000,0.0000000,0.0000000,0,0,0,0
755485393643041 D 703,897221339,1000,1549,1549,2.3761363,-0.00241,-1,-1,-1,0,0,0,136,1,1,0,0.0000000,0.0000000,0.0000000,0,0,0,0
755485394687125 D 704,897222339,1000,1549,1549,2.3761363,-0.00231,-1,-1,-1,0,0,0,136,1,1,0,0.0000000,0.0000000,0.0000000,0,0,0,0
755485395651708 D 705,897223339,1000,1549,1549,2.3761363,-0.00222,-1,-1,-1,0,0,0,136,1,1,0,0.0000000,0.0000000,0.0000000,0,0,0,0
755485396656458 D 706,897224339,1000,1549,1549,2.3761363,-0.00214,-1,-1,-1,0,0,0,136,1,1,0,0.0000000,0.0000000,0.0000000,0,0,0,0
755485397637875 D 707,897225339,1000,1549,1549,2.3761363,-0.00205,-1,-1,-1,0,0,0,136,1,1,0,0.0000000,0.0000000,0.0000000,0,0,0,0
755485398639916 D 708,897226339,1000,1549,1549,2.3761363,-0.00197,-1,-1,-1,0,0,0,136,1,1,0,0.0000000,0.0000000,0.0000000,0,0,0,0
755485399636625 D 709,897227339,1000,1549,1549,2.3761363,-0.00189,-1,-1,-1,0,0,0,136,1,1,0,0.0000000,0.0000000,0.0000000,0,0,0,0
755485400638291 D 710,897228339,1000,1549,1549,2.3761363,-0.00182,-1,-1,-1,0,0,0,136,1,1,0,0.0000000,0.0000000,0.0000000,0,0,0,0
755485401629125 D 711,897229339,1000,1549,1549,2.3761363,-0.00175,-1,-1,-1,0,0,0,136,1,1,0,0.0000000,0.0000000,0.0000000,0,0,0,0
755485402629958 D 712,897230339,1000,1549,1549,2.3761363,-0.00168,-1,-1,-1,0,0,0,136,1,1,0,0.0000000,0.0000000,0.0000000,0,0,0,0
755485403645458 D 713,897231339,1000,1549,1549,2.3761363,-0.00161,-1,-1,-1,0,0,0,136,1,1,0,0.0000000,0.0000000,0.0000000,0,0,0,0
755485404627625 D 714,897232339,1000,1549,1549,2.3761363,-0.00155,-1,-1,-1,0,0,0,136,1,1,0,0.0000000,0.0000000,0.0000000,0,0,0,0
755485405629833 D 715,897233339,1000,1549,1549,2.3761363,-0.00149,-1,-1,-1,0,0,0,136,1,1,0,0.0000000,0.0000000,0.0000000,0,0,0,0
755485406623583 D 716,897234339,1000,1549,1549,2.3761363,-0.00143,-1,-1,-1,0,0,0,136,1,1,0,0.0000000,0.0000000,0.0000000,0,0,0,0
755485407629291 D 717,897235339,1000,1549,1549,2.3761363,-0.00138,-1,-1,-1,0,0,0,136,1,1,0,0.0000000,0.0000000,0.0000000,0,0,0,0
755485408718375 D 718,897236339,1000,1549,1549,2.3761363,-0.00132,-1,-1,-1,0,0,0,136,1,1,0,0.0000000,0.0000000,0.0000000,0,0,0,0
755485409866666 D 719,897237339,1000,1549,1549,2.3761363,-0.00127,-1,-1,-1,0,0,0,135,1,1,0,0.0000000,0.0000000,0.0000000,0,0,0,0
755485410846208 D 720,897238339,1000,1549,1549,2.3761363,-0.00122,-1,-1,-1,0,0,0,136,1,1,0,0.0000000,0.0000000,0.0000000,0,0,0,0
755485411775250 D 721,897239339,1000,1549,1549,2.3761363,-0.00117,-1,-1,-1,0,0,0,136,1,1,0,0.0000000,0.0000000,0.0000000,0,0,0,0
755485412622416 D 722,897240339,1000,1549,1549,2.3761363,-0.00113,-1,-1,-1,0,0,0,136,1,1,0,0.0000000,0.0000000,0.0000000,0,0,0,0
755485413623166 D 723,897241339,1000,1549,1549,2.3761363,-0.00108,-1,-1,-1,0,0,0,136,1,1,0,0.0000000,0.0000000,0.0000000,0,0,0,0
755485414608250 D 724,897242339,1000,1549,1549,2.3761363,-0.00104,-1,-1,-1,0,0,0,136,1,1,0,0.0000000,0.0000000,0.0000000,0,0,0,0
755485415615750 D 725,897243339,1000,1549,1549,2.3761363,-0.00100,-1,-1,-1,0,0,0,136,1,1,0,0.0000000,0.0000000,0.0000000,0,0,0,0
755485416615875 D 726,897244339,1000,1549,1549,2.3761363,-0.00096,-1,-1,-1,0,0,0,136,1,1,0,0.0000000,0.0000000,0.0000000,0,0,0,0
755485417612541 D 727,897245339,1000,1549,1549,2.3761363,-0.00092,-1,-1,-1,0,0,0,136,1,1,0,0.0000000,0.0000000,0.0000000,0,0,0,0
755485418608958 D 728,897246339,1000,1549,1549,2.3761363,-0.00089,-1,-1,-1,0,0,0,136,1,1,0,0.0000000,0.0000000,0.0000000,0,0,0,0
755485419611583 D 729,897247339,1000,1549,1549,2.3761363,-0.00085,-1,-1,-1,0,0,0,136,1,1,0,0.0000000,0.0000000,0.0000000,0,0,0,0
755485420611166 D 730,897248339,1000,1549,1549,2.3761363,-0.00082,-1,-1,-1,0,0,0,136,1,1,0,0.0000000,0.0000000,0.0000000,0,0,0,0
755485421642208 D 731,897249339,1000,1549,1549,2.3761363,-0.00079,-1,-1,-1,0,0,0,136,1,1,0,0.0000000,0.0000000,0.0000000,0,0,0,0
755485422661333 D 732,897250339,1000,1549,1549,2.3761363,-0.00075,-1,-1,-1,0,0,0,136,1,1,0,0.0000000,0.0000000,0.0000000,0,0,0,0
755485423658041 D 733,897251339,1000,1549,1549,2.3761363,-0.00073,-1,-1,-1,0,0,0,136,1,1,0,0.0000000,0.0000000,0.0000000,0,0,0,0
755485425054833 D 734,897252339,1000,1549,1549,2.3761363,-0.00070,39,124,2085,0,0,0,136,1,1,0,0.0000000,0.0000000,0.0000000,0,0,0,0
755485425668250 D 735,897253339,1000,1549,1549,2.3761363,-0.00067,-1,-1,-1,0,0,0,136,1,1,0,0.0000000,0.0000000,0.0000000,0,0,0,0
755485426644750 D 736,897254339,1000,1549,1549,2.3761363,-0.00064,-1,-1,-1,0,0,0,136,1,1,0,0.0000000,0.0000000,0.0000000,0,0,0,0
755485427633875 D 737,897255339,1000,1549,1549,2.3761363,-0.00062,-1,-1,-1,0,0,0,136,1,1,0,0.0000000,0.0000000,0.0000000,0,0,0,0
755485428635541 D 738,897256339,1000,1549,1549,2.3761363,-0.00059,-1,-1,-1,0,0,0,136,1,1,0,0.0000000,0.0000000,0.0000000,0,0,0,0
755485429636083 D 739,897257339,1000,1549,1549,2.3761363,-0.00057,-1,-1,-1,0,0,0,136,1,1,0,0.0000000,0.0000000,0.0000000,0,0,0,0
755485430631166 D 740,897258339,1000,1549,1549,2.3761363,-0.00055,-1,-1,-1,0,0,0,136,1,1,0,0.0000000,0.0000000,0.0000000,0,0,0,0
755485431649500 D 741,897259339,1000,1549,1549,2.3761363,-0.00053,-1,-1,-1,0,0,0,136,1,1,0,0.0000000,0.0000000,0.0000000,0,0,0,0
755485432690166 D 742,897260339,1000,1549,1549,2.3761363,-0.00051,-1,-1,-1,0,0,0,136,1,1,0,0.0000000,0.0000000,0.0000000,0,0,0,0
755485433661333 D 743,897261339,1000,1549,1549,2.3761363,-0.00049,-1,-1,-1,0,0,0,136,1,1,0,0.0000000,0.0000000,0.0000000,0,0,0,0
755485434920000 D 744,897262339,1000,1549,1549,2.3761363,-0.00047,-1,-1,-1,0,0,0,136,1,1,0,0.0000000,0.0000000,0.0000000,0,0,0,0
755485435860208 D 745,897263339,1000,1549,1549,2.3761363,-0.00045,-1,-1,-1,0,0,0,136,1,1,0,0.0000000,0.0000000,0.0000000,0,0,0,0
755485436923458 D 746,897264339,1000,1549,1549,2.3761363,-0.00043,-1,-1,-1,0,0,0,136,1,1,0,0.0000000,0.0000000,0.0000000,0,0,0,0
755485437726625 D 747,897265339,1000,1549,1549,2.3761363,-0.00041,-1,-1,-1,0,0,0,136,1,1,0,0.0000000,0.0000000,0.0000000,0,0,0,0
755485438679375 D 748,897266339,1000,1549,1549,2.3761363,-0.00040,-1,-1,-1,0,0,0,136,1,1,0,0.0000000,0.0000000,0.0000000,0,0,0,0
755485439701000 D 749,897267339,1000,1549,1549,2.3761363,-0.00038,-1,-1,-1,0,0,0,136,1,1,0,0.0000000,0.0000000,0.0000000,0,0,0,0
755485440669000 D 750,897268339,1000,1549,1549,2.3761363,-0.00037,-1,-1,-1,0,0,0,136,1,1,0,0.0000000,0.0000000,0.0000000,0,0,0,0
755485441656333 D 751,897269339,1000,1549,1549,2.3761363,-0.00035,-1,-1,-1,0,0,0,136,1,1,0,0.0000000,0.0000000,0.0000000,0,0,0,0
755485442691291 D 752,897270339,1000,1549,1549,2.3761363,-0.00034,-1,-1,-1,0,0,0,136,1,1,0,0.0000000,0.0000000,0.0000000,0,0,0,0
755485443661708 D 753,897271339,1000,1549,1549,2.3761363,-0.00033,-1,-1,-1,0,0,0,136,1,1,0,0.0000000,0.0000000,0.0000000,0,0,0,0
755485444830791 D 754,897272339,1000,1549,1549,2.3761363,-0.00031,-1,-1,-1,0,0,0,136,1,1,0,0.0000000,0.0000000,0.0000000,0,0,0,0
755485445677333 D 755,897273339,1000,1549,1549,2.3761363,-0.00030,-1,-1,-1,0,0,0,136,1,1,0,0.0000000,0.0000000,0.0000000,0,0,0,0
755485446637791 D 756,897274339,1000,1549,1549,2.3761363,-0.00029,-1,-1,-1,0,0,0,136,1,1,0,0.0000000,0.0000000,0.0000000,0,0,0,0
755485447578458 D 757,897275339,1000,1549,1549,2.3761363,-0.00028,-1,-1,-1,0,0,0,136,1,1,0,0.0000000,0.0000000,0.0000000,0,0,0,0
755485448526458 D 758,897276339,1000,1549,1549,2.3761363,-0.00027,-1,-1,-1,0,0,0,136,1,1,0,0.0000000,0.0000000,0.0000000,0,0,0,0
755485449523791 D 759,897277339,1000,1549,1549,2.3761363,-0.00026,-1,-1,-1,0,0,0,136,1,1,0,0.0000000,0.0000000,0.0000000,0,0,0,0
755485450507666 D 760,897278339,1000,1549,1549,2.3761363,-0.00025,-1,-1,-1,0,0,0,136,1,1,0,0.0000000,0.0000000,0.0000000,0,0,0,0
755485451472333 D 761,897279339,1000,1549,1549,2.3761363,-0.00024,-1,-1,-1,0,0,0,136,1,1,0,0.0000000,0.0000000,0.0000000,0,0,0,0
755485452727541 D 762,897280339,1000,1549,1549,2.3761363,-0.00023,-1,-1,-1,0,0,0,136,1,1,0,0.0000000,0.0000000,0.0000000,0,0,0,0
755485453633291 D 763,897281339,1000,1549,1549,2.3761363,-0.00022,-1,-1,-1,0,0,0,136,1,1,0,0.0000000,0.0000000,0.0000000,0,0,0,0
755485454623375 D 764,897282339,1000,1549,1549,2.3761363,-0.00021,-1,-1,-1,0,0,0,136,1,1,0,0.0000000,0.0000000,0.0000000,0,0,0,0
755485455631875 D 765,897283339,1000,1549,1549,2.3761363,-0.00020,-1,-1,-1,0,0,0,136,1,1,0,0.0000000,0.0000000,0.0000000,0,0,0,0
755485456625666 D 766,897284339,1000,1549,1549,2.3761363,-0.00019,-1,-1,-1,0,0,0,136,1,1,0,0.0000000,0.0000000,0.0000000,0,0,0,0
755485457643875 D 767,897285339,1000,1549,1549,2.3761363,-0.00019,-1,-1,-1,0,0,0,136,1,1,0,0.0000000,0.0000000,0.0000000,0,0,0,0
755485458668875 D 768,897286339,1000,1549,1549,2.3761363,-0.00018,-1,-1,-1,0,0,0,136,1,1,0,0.0000000,0.0000000,0.0000000,0,0,0,0
755485459613708 D 769,897287339,1000,1549,1549,2.3761363,-0.00017,-1,-1,-1,0,0,0,136,1,1,0,0.0000000,0.0000000,0.0000000,0,0,0,0
755485460643166 D 770,897288339,1000,1549,1549,2.3761363,-0.00017,-1,-1,-1,0,0,0,136,1,1,0,0.0000000,0.0000000,0.0000000,0,0,0,0
755485461632250 D 771,897289339,1000,1549,1549,2.3761363,-0.00016,-1,-1,-1,0,0,0,136,1,1,0,0.0000000,0.0000000,0.0000000,0,0,0,0
755485462645500 D 772,897290339,1000,1549,1549,2.3761363,-0.00015,-1,-1,-1,0,0,0,136,1,1,0,0.0000000,0.0000000,0.0000000,0,0,0,0
755485463625000 D 773,897291339,1000,1549,1549,2.3761363,-0.00015,-1,-1,-1,0,0,0,136,1,1,0,0.0000000,0.0000000,0.0000000,0,0,0,0
755485464850500 D 774,897292339,1000,1549,1549,2.3761363,-0.00014,-1,-1,-1,0,0,0,136,1,1,0,0.0000000,0.0000000,0.0000000,0,0,0,0
755485465858708 D 775,897293339,1000,1549,1549,2.3761363,-0.00014,-1,-1,-1,0,0,0,135,1,1,0,0.0000000,0.0000000,0.0000000,0,0,0,0
755485466856916 D 776,897294339,1000,1549,1549,2.3761363,-0.00013,-1,-1,-1,0,0,0,136,1,1,0,0.0000000,0.0000000,0.0000000,0,0,0,0
755485467657458 D 777,897295339,1000,1549,1549,2.3761363,-0.00012,-1,-1,-1,0,0,0,136,1,1,0,0.0000000,0.0000000,0.0000000,0,0,0,0
755485468638166 D 778,897296339,1000,1549,1549,2.3761363,-0.00012,-1,-1,-1,0,0,0,136,1,1,0,0.0000000,0.0000000,0.0000000,0,0,0,0
755485469656916 D 779,897297339,1000,1549,1549,2.3761363,-0.00012,-1,-1,-1,0,0,0,136,1,1,0,0.0000000,0.0000000,0.0000000,0,0,0,0
755485470645708 D 780,897298339,1000,1549,1549,2.3761363,-0.00011,-1,-1,-1,0,0,0,136,1,1,0,0.0000000,0.0000000,0.0000000,0,0,0,0
755485471518250 D 781,897299339,1000,1549,1549,2.3761363,-0.00011,-1,-1,-1,0,0,0,136,1,1,0,0.0000000,0.0000000,0.0000000,0,0,0,0
755485472511083 D 782,897300339,1000,1549,1549,2.3761363,-0.00010,-1,-1,-1,0,0,0,136,1,1,0,0.0000000,0.0000000,0.0000000,0,0,0,0
755485473486958 D 783,897301339,1000,1549,1549,2.3761363,-0.00010,-1,-1,-1,0,0,0,136,1,1,0,0.0000000,0.0000000,0.0000000,0,0,0,0
755485474848166 D 784,897302339,1000,1549,1549,2.3761363,-0.00009,39,124,2085,0,0,0,136,1,1,0,0.0000000,0.0000000,0.0000000,0,0,0,0
755485475475458 D 785,897303339,1000,1549,1549,2.3761363,-0.00009,-1,-1,-1,0,0,0,136,1,1,0,0.0000000,0.0000000,0.0000000,0,0,0,0
755485476508375 D 786,897304339,1000,1549,1549,2.3761363,-0.00009,-1,-1,-1,0,0,0,136,1,1,0,0.0000000,0.0000000,0.0000000,0,0,0,0
755485477509375 D 787,897305339,1000,1549,1549,2.3761363,-0.00008,-1,-1,-1,0,0,0,136,1,1,0,0.0000000,0.0000000,0.0000000,0,0,0,0
755485478510916 D 788,897306339,1000,1549,1549,2.3761363,-0.00008,-1,-1,-1,0,0,0,136,1,1,0,0.0000000,0.0000000,0.0000000,0,0,0,0
755485479556000 D 789,897307339,1000,1549,1549,2.3761363,-0.00008,-1,-1,-1,0,0,0,135,1,1,0,0.0000000,0.0000000,0.0000000,0,0,0,0
755485480561208 D 790,897308339,1000,1549,1549,2.3761363,-0.00007,-1,-1,-1,0,0,0,136,1,1,0,0.0000000,0.0000000,0.0000000,0,0,0,0
755485481608500 D 791,897309339,1000,1549,1549,2.3761363,-0.00007,-1,-1,-1,0,0,0,136,1,1,0,0.0000000,0.0000000,0.0000000,0,0,0,0
755485482610041 D 792,897310339,1000,1549,1549,2.3761363,-0.00007,-1,-1,-1,0,0,0,136,1,1,0,0.0000000,0.0000000,0.0000000,0,0,0,0
755485483586333 D 793,897311339,1000,1549,1549,2.3761363,-0.00007,-1,-1,-1,0,0,0,136,1,1,0,0.0000000,0.0000000,0.0000000,0,0,0,0
755485484568166 D 794,897312339,1000,1549,1549,2.3761363,-0.00006,-1,-1,-1,0,0,0,136,1,1,0,0.0000000,0.0000000,0.0000000,0,0,0,0
755485485569750 D 795,897313339,1000,1549,1549,2.3761363,-0.00006,-1,-1,-1,0,0,0,136,1,1,0,0.0000000,0.0000000,0.0000000,0,0,0,0
755485486571791 D 796,897314339,1000,1549,1549,2.3761363,-0.00006,-1,-1,-1,0,0,0,136,1,1,0,0.0000000,0.0000000,0.0000000,0,0,0,0
755485487599666 D 797,897315339,1000,1549,1549,2.3761363,-0.00006,-1,-1,-1,0,0,0,136,1,1,0,0.0000000,0.0000000,0.0000000,0,0,0,0
755485488646208 D 798,897316339,1000,1549,1549,2.3761363,-0.00005,-1,-1,-1,0,0,0,136,1,1,0,0.0000000,0.0000000,0.0000000,0,0,0,0
755485489659416 D 799,897317339,1000,1549,1549,2.3761363,-0.00005,-1,-1,-1,0,0,0,136,1,1,0,0.0000000,0.0000000,0.0000000,0,0,0,0
755485490655541 D 800,897318339,1000,1549,1549,2.3761363,-0.00005,-1,-1,-1,0,0,0,136,1,1,0,0.0000000,0.0000000,0.0000000,0,0,0,0
755485491675916 D 801,897319339,1000,1549,1549,2.3761363,-0.00005,-1,-1,-1,0,0,0,136,1,1,0,0.0000000,0.0000000,0.0000000,0,0,0,0
755485492630500 D 802,897320339,1000,1549,1549,2.3761363,-0.00005,-1,-1,-1,0,0,0,136,1,1,0,0.0000000,0.0000000,0.0000000,0,0,0,0
755485493636375 D 803,897321339,1000,1549,1549,2.3761363,-0.00004,-1,-1,-1,0,0,0,136,1,1,0,0.0000000,0.0000000,0.0000000,0,0,0,0
755485494630875 D 804,897322339,1000,1549,1549,2.3761363,-0.00004,-1,-1,-1,0,0,0,136,1,1,0,0.0000000,0.0000000,0.0000000,0,0,0,0
755485495628291 D 805,897323339,1000,1549,1549,2.3761363,-0.00004,-1,-1,-1,0,0,0,136,1,1,0,0.0000000,0.0000000,0.0000000,0,0,0,0
755485496635083 D 806,897324339,1000,1549,1549,2.3761363,-0.00004,-1,-1,-1,0,0,0,136,1,1,0,0.0000000,0.0000000,0.0000000,0,0,0,0
755485497662666 D 807,897325339,1000,1549,1549,2.3761363,-0.00004,-1,-1,-1,0,0,0,136,1,1,0,0.0000000,0.0000000,0.0000000,0,0,0,0
755485498624250 D 808,897326339,1000,1550,1550,2.3776703,0.06011,-1,-1,-1,0,0,0,136,1,1,0,0.0000000,0.0000000,0.0000000,0,0,0,0
755485499842208 D 809,897327339,1000,1549,1549,2.3761363,-0.00239,-1,-1,-1,0,0,0,136,1,1,0,0.0000000,0.0000000,0.0000000,0,0,0,0
755485500839750 D 810,897328339,1000,1549,1549,2.3761363,-0.00230,-1,-1,-1,0,0,0,136,1,1,0,0.0000000,0.0000000,0.0000000,0,0,0,0
755485501831916 D 811,897329339,1000,1549,1549,2.3761363,-0.00221,-1,-1,-1,0,0,0,136,1,1,0,0.0000000,0.0000000,0.0000000,0,0,0,0
755485502840500 D 812,897330339,1000,1549,1549,2.3761363,-0.00212,-1,-1,-1,0,0,0,136,1,1,0,0.0000000,0.0000000,0.0000000,0,0,0,0
755485503867666 D 813,897331339,1000,1549,1549,2.3761363,-0.00204,-1,-1,-1,0,0,0,136,1,1,0,0.0000000,0.0000000,0.0000000,0,0,0,0
755485504918375 D 814,897332339,1000,1549,1549,2.3761363,-0.00196,-1,-1,-1,0,0,0,136,1,1,0,0.0000000,0.0000000,0.0000000,0,0,0,0
755485505845125 D 815,897333339,1000,1549,1549,2.3761363,-0.00188,-1,-1,-1,0,0,0,136,1,1,0,0.0000000,0.0000000,0.0000000,0,0,0,0
755485506751666 D 816,897334339,1000,1549,1549,2.3761363,-0.00181,-1,-1,-1,0,0,0,136,1,1,0,0.0000000,0.0000000,0.0000000,0,0,0,0
755485507621458 D 817,897335339,1000,1549,1549,2.3761363,-0.00174,-1,-1,-1,0,0,0,136,1,1,0,0.0000000,0.0000000,0.0000000,0,0,0,0
755485508631125 D 818,897336339,1000,1549,1549,2.3761363,-0.00167,-1,-1,-1,0,0,0,136,1,1,0,0.0000000,0.0000000,0.0000000,0,0,0,0
755485509629750 D 819,897337339,1000,1549,1549,2.3761363,-0.00160,-1,-1,-1,0,0,0,136,1,1,0,0.0000000,0.0000000,0.0000000,0,0,0,0
755485510614625 D 820,897338339,1000,1549,1549,2.3761363,-0.00154,-1,-1,-1,0,0,0,136,1,1,0,0.0000000,0.0000000,0.0000000,0,0,0,0
755485511609458 D 821,897339339,1000,1549,1549,2.3761363,-0.00148,-1,-1,-1,0,0,0,136,1,1,0,0.0000000,0.0000000,0.0000000,0,0,0,0
755485512613500 D 822,897340339,1000,1549,1549,2.3761363,-0.00142,-1,-1,-1,0,0,0,136,1,1,0,0.0000000,0.0000000,0.0000000,0,0,0,0
755485513635583 D 823,897341339,1000,1549,1549,2.3761363,-0.00137,-1,-1,-1,0,0,0,136,1,1,0,0.0000000,0.0000000,0.0000000,0,0,0,0
755485514622666 D 824,897342339,1000,1549,1549,2.3761363,-0.00131,-1,-1,-1,0,0,0,136,1,1,0,0.0000000,0.0000000,0.0000000,0,0,0,0
755485515615208 D 825,897343339,1000,1549,1549,2.3761363,-0.00126,-1,-1,-1,0,0,0,136,1,1,0,0.0000000,0.0000000,0.0000000,0,0,0,0
755485516614375 D 826,897344339,1000,1549,1549,2.3761363,-0.00121,-1,-1,-1,0,0,0,136,1,1,0,0.0000000,0.0000000,0.0000000,0,0,0,0
755485517646916 D 827,897345339,1000,1549,1549,2.3761363,-0.00116,-1,-1,-1,0,0,0,136,1,1,0,0.0000000,0.0000000,0.0000000,0,0,0,0
755485518671166 D 828,897346339,1000,1549,1549,2.3761363,-0.00112,-1,-1,-1,0,0,0,136,1,1,0,0.0000000,0.0000000,0.0000000,0,0,0,0
755485519645541 D 829,897347339,1000,1549,1549,2.3761363,-0.00108,-1,-1,-1,0,0,0,136,1,1,0,0.0000000,0.0000000,0.0000000,0,0,0,0
755485520780291 D 830,897348339,1000,1549,1549,2.3761363,-0.00103,-1,-1,-1,0,0,0,136,1,1,0,0.0000000,0.0000000,0.0000000,0,0,0,0
755485521911500 D 831,897349339,1000,1549,1549,2.3761363,-0.00099,-1,-1,-1,0,0,0,136,1,1,0,0.0000000,0.0000000,0.0000000,0,0,0,0
755485522871625 D 832,897350339,1000,1549,1549,2.3761363,-0.00095,-1,-1,-1,0,0,0,136,1,1,0,0.0000000,0.0000000,0.0000000,0,0,0,0
755485523850083 D 833,897351339,1000,1549,1549,2.3761363,-0.00092,-1,-1,-1,0,0,0,136,1,1,0,0.0000000,0.0000000,0.0000000,0,0,0,0
755485525237416 D 834,897352339,1000,1549,1549,2.3761363,-0.00088,39,124,2086,0,0,0,136,1,1,0,0.0000000,0.0000000,0.0000000,0,0,0,0
755485526069208 D 835,897353339,1000,1549,1549,2.3761363,-0.00085,-1,-1,-1,0,0,0,136,1,1,0,0.0000000,0.0000000,0.0000000,0,0,0,0
755485526887083 D 836,897354339,1000,1549,1549,2.3761363,-0.00081,-1,-1,-1,0,0,0,136,1,1,0,0.0000000,0.0000000,0.0000000,0,0,0,0
755485527845875 D 837,897355339,1000,1549,1549,2.3761363,-0.00078,-1,-1,-1,0,0,0,136,1,1,0,0.0000000,0.0000000,0.0000000,0,0,0,0
755485528706416 D 838,897356339,1000,1549,1549,2.3761363,-0.00075,-1,-1,-1,0,0,0,136,1,1,0,0.0000000,0.0000000,0.0000000,0,0,0,0
755485529633083 D 839,897357339,1000,1549,1549,2.3761363,-0.00072,-1,-1,-1,0,0,0,136,1,1,0,0.0000000,0.0000000,0.0000000,0,0,0,0
755485530623916 D 840,897358339,1000,1549,1549,2.3761363,-0.00069,-1,-1,-1,0,0,0,136,1,1,0,0.0000000,0.0000000,0.0000000,0,0,0,0
755485531626041 D 841,897359339,1000,1549,1549,2.3761363,-0.00067,-1,-1,-1,0,0,0,136,1,1,0,0.0000000,0.0000000,0.0000000,0,0,0,0
755485532620083 D 842,897360339,1000,1549,1549,2.3761363,-0.00064,-1,-1,-1,0,0,0,136,1,1,0,0.0000000,0.0000000,0.0000000,0,0,0,0
755485533617791 D 843,897361339,1000,1549,1549,2.3761363,-0.00061,-1,-1,-1,0,0,0,136,1,1,0,0.0000000,0.0000000,0.0000000,0,0,0,0
755485534640875 D 844,897362339,1000,1549,1549,2.3761363,-0.00059,-1,-1,-1,0,0,0,136,1,1,0,0.0000000,0.0000000,0.0000000,0,0,0,0
755485535637250 D 845,897363339,1000,1549,1549,2.3761363,-0.00057,-1,-1,-1,0,0,0,136,1,1,0,0.0000000,0.0000000,0.0000000,0,0,0,0
755485536622791 D 846,897364339,1000,1549,1549,2.3761363,-0.00054,-1,-1,-1,0,0,0,136,1,1,0,0.0000000,0.0000000,0.0000000,0,0,0,0
755485537624041 D 847,897365339,1000,1549,1549,2.3761363,-0.00052,-1,-1,-1,0,0,0,136,1,1,0,0.0000000,0.0000000,0.0000000,0,0,0,0
755485538632750 D 848,897366339,1000,1549,1549,2.3761363,-0.00050,-1,-1,-1,0,0,0,136,1,1,0,0.0000000,0.0000000,0.0000000,0,0,0,0
755485539615833 D 849,897367339,1000,1549,1549,2.3761363,-0.00048,-1,-1,-1,0,0,0,136,1,1,0,0.0000000,0.0000000,0.0000000,0,0,0,0
755485540601708 D 850,897368339,1000,1549,1549,2.3761363,-0.00046,-1,-1,-1,0,0,0,136,1,1,0,0.0000000,0.0000000,0.0000000,0,0,0,0
755485541616583 D 851,897369339,1000,1549,1549,2.3761363,-0.00045,-1,-1,-1,0,0,0,136,1,1,0,0.0000000,0.0000000,0.0000000,0,0,0,0
755485542623791 D 852,897370339,1000,1549,1549,2.3761363,-0.00043,-1,-1,-1,0,0,0,136,1,1,0,0.0000000,0.0000000,0.0000000,0,0,0,0
755485543833083 D 853,897371339,1000,1549,1549,2.3761363,-0.00041,-1,-1,-1,0,0,0,136,1,1,0,0.0000000,0.0000000,0.0000000,0,0,0,0
755485544835083 D 854,897372339,1000,1549,1549,2.3761363,-0.00040,-1,-1,-1,0,0,0,136,1,1,0,0.0000000,0.0000000,0.0000000,0,0,0,0
755485545886333 D 855,897373339,1000,1549,1549,2.3761363,-0.00038,-1,-1,-1,0,0,0,136,1,1,0,0.0000000,0.0000000,0.0000000,0,0,0,0
755485546738291 D 856,897374339,1000,1549,1549,2.3761363,-0.00037,-1,-1,-1,0,0,0,136,1,1,0,0.0000000,0.0000000,0.0000000,0,0,0,0
755485547741333 D 857,897375339,1000,1549,1549,2.3761363,-0.00035,-1,-1,-1,0,0,0,136,1,1,0,0.0000000,0.0000000,0.0000000,0,0,0,0
755485548672666 D 858,897376339,1000,1549,1549,2.3761363,-0.00034,-1,-1,-1,0,0,0,136,1,1,0,0.0000000,0.0000000,0.0000000,0,0,0,0
755485549633666 D 859,897377339,1000,1549,1549,2.3761363,-0.00032,-1,-1,-1,0,0,0,136,1,1,0,0.0000000,0.0000000,0.0000000,0,0,0,0
755485550688333 D 860,897378339,1000,1549,1549,2.3761363,-0.00031,-1,-1,-1,0,0,0,136,1,1,0,0.0000000,0.0000000,0.0000000,0,0,0,0
755485551630166 D 861,897379339,1000,1549,1549,2.3761363,-0.00030,-1,-1,-1,0,0,0,136,1,1,0,0.0000000,0.0000000,0.0000000,0,0,0,0
755485552621125 D 862,897380339,1000,1549,1549,2.3761363,-0.00029,-1,-1,-1,0,0,0,136,1,1,0,0.0000000,0.0000000,0.0000000,0,0,0,0
755485553633125 D 863,897381339,1000,1549,1549,2.3761363,-0.00028,-1,-1,-1,0,0,0,136,1,1,0,0.0000000,0.0000000,0.0000000,0,0,0,0
755485554620125 D 864,897382339,1000,1549,1549,2.3761363,-0.00027,-1,-1,-1,0,0,0,136,1,1,0,0.0000000,0.0000000,0.0000000,0,0,0,0
755485555615166 D 865,897383339,1000,1549,1549,2.3761363,-0.00025,-1,-1,-1,0,0,0,136,1,1,0,0.0000000,0.0000000,0.0000000,0,0,0,0
755485556631041 D 866,897384339,1000,1549,1549,2.3761363,-0.00024,-1,-1,-1,0,0,0,136,1,1,0,0.0000000,0.0000000,0.0000000,0,0,0,0
755485557628375 D 867,897385339,1000,1549,1549,2.3761363,-0.00024,-1,-1,-1,0,0,0,136,1,1,0,0.0000000,0.0000000,0.0000000,0,0,0,0
755485558618958 D 868,897386339,1000,1549,1549,2.3761363,-0.00023,-1,-1,-1,0,0,0,136,1,1,0,0.0000000,0.0000000,0.0000000,0,0,0,0
755485559611250 D 869,897387339,1000,1549,1549,2.3761363,-0.00022,-1,-1,-1,0,0,0,136,1,1,0,0.0000000,0.0000000,0.0000000,0,0,0,0
755485560613458 D 870,897388339,1000,1549,1549,2.3761363,-0.00021,-1,-1,-1,0,0,0,136,1,1,0,0.0000000,0.0000000,0.0000000,0,0,0,0
755485561631166 D 871,897389339,1000,1549,1549,2.3761363,-0.00020,-1,-1,-1,0,0,0,136,1,1,0,0.0000000,0.0000000,0.0000000,0,0,0,0
755485562638375 D 872,897390339,1000,1549,1549,2.3761363,-0.00019,-1,-1,-1,0,0,0,136,1,1,0,0.0000000,0.0000000,0.0000000,0,0,0,0
755485563618666 D 873,897391339,1000,1549,1549,2.3761363,-0.00019,-1,-1,-1,0,0,0,136,1,1,0,0.0000000,0.0000000,0.0000000,0,0,0,0
755485564609916 D 874,897392339,1000,1549,1549,2.3761363,-0.00018,-1,-1,-1,0,0,0,136,1,1,0,0.0000000,0.0000000,0.0000000,0,0,0,0
755485565608916 D 875,897393339,1000,1549,1549,2.3761363,-0.00017,-1,-1,-1,0,0,0,136,1,1,0,0.0000000,0.0000000,0.0000000,0,0,0,0
755485566629041 D 876,897394339,1000,1549,1549,2.3761363,-0.00016,-1,-1,-1,0,0,0,136,1,1,0,0.0000000,0.0000000,0.0000000,0,0,0,0
755485567619541 D 877,897395339,1000,1549,1549,2.3761363,-0.00016,-1,-1,-1,0,0,0,136,1,1,0,0.0000000,0.0000000,0.0000000,0,0,0,0
755485568611333 D 878,897396339,1000,1549,1549,2.3761363,-0.00015,-1,-1,-1,0,0,0,136,1,1,0,0.0000000,0.0000000,0.0000000,0,0,0,0
755485569612541 D 879,897397339,1000,1549,1549,2.3761363,-0.00015,-1,-1,-1,0,0,0,136,1,1,0,0.0000000,0.0000000,0.0000000,0,0,0,0
755485570643833 D 880,897398339,1000,1549,1549,2.3761363,-0.00014,-1,-1,-1,0,0,0,136,1,1,0,0.0000000,0.0000000,0.0000000,0,0,0,0
755485571610083 D 881,897399339,1000,1549,1549,2.3761363,-0.00013,-1,-1,-1,0,0,0,136,1,1,0,0.0000000,0.0000000,0.0000000,0,0,0,0
755485572671625 D 882,897400339,1000,1549,1549,2.3761363,-0.00013,-1,-1,-1,0,0,0,136,1,1,0,0.0000000,0.0000000,0.0000000,0,0,0,0
755485573698791 D 883,897401339,1000,1549,1549,2.3761363,-0.00012,-1,-1,-1,0,0,0,136,1,1,0,0.0000000,0.0000000,0.0000000,0,0,0,0
755485575342875 D 884,897402339,1000,1549,1549,2.3761363,-0.00012,39,124,2086,0,0,0,136,1,1,0,0.0000000,0.0000000,0.0000000,0,0,0,0
755485576174625 D 885,897403339,1000,1549,1549,2.3761363,-0.00011,-1,-1,-1,0,0,0,136,1,1,0,0.0000000,0.0000000,0.0000000,0,0,0,0
755485577006333 D 886,897404339,1000,1549,1549,2.3761363,-0.00011,-1,-1,-1,0,0,0,136,1,1,0,0.0000000,0.0000000,0.0000000,0,0,0,0
755485577803500 D 887,897405339,1000,1549,1549,2.3761363,-0.00011,-1,-1,-1,0,0,0,136,1,1,0,0.0000000,0.0000000,0.0000000,0,0,0,0
755485578653750 D 888,897406339,1000,1549,1549,2.3761363,-0.00010,-1,-1,-1,0,0,0,136,1,1,0,0.0000000,0.0000000,0.0000000,0,0,0,0
755485579626958 D 889,897407339,1000,1549,1549,2.3761363,-0.00010,-1,-1,-1,0,0,0,136,1,1,0,0.0000000,0.0000000,0.0000000,0,0,0,0
755485580622333 D 890,897408339,1000,1549,1549,2.3761363,-0.00009,-1,-1,-1,0,0,0,136,1,1,0,0.0000000,0.0000000,0.0000000,0,0,0,0
755485581637541 D 891,897409339,1000,1549,1549,2.3761363,-0.00009,-1,-1,-1,0,0,0,136,1,1,0,0.0000000,0.0000000,0.0000000,0,0,0,0
755485582707375 D 892,897410339,1000,1549,1549,2.3761363,-0.00009,-1,-1,-1,0,0,0,136,1,1,0,0.0000000,0.0000000,0.0000000,0,0,0,0
755485583677750 D 893,897411339,1000,1549,1549,2.3761363,-0.00008,-1,-1,-1,0,0,0,136,1,1,0,0.0000000,0.0000000,0.0000000,0,0,0,0
755485584647291 D 894,897412339,1000,1549,1549,2.3761363,-0.00008,-1,-1,-1,0,0,0,136,1,1,0,0.0000000,0.0000000,0.0000000,0,0,0,0
755485585640541 D 895,897413339,1000,1549,1549,2.3761363,-0.00008,-1,-1,-1,0,0,0,136,1,1,0,0.0000000,0.0000000,0.0000000,0,0,0,0
755485586634958 D 896,897414339,1000,1549,1549,2.3761363,-0.00007,-1,-1,-1,0,0,0,136,1,1,0,0.0000000,0.0000000,0.0000000,0,0,0,0
755485587630750 D 897,897415339,1000,1549,1549,2.3761363,-0.00007,-1,-1,-1,0,0,0,136,1,1,0,0.0000000,0.0000000,0.0000000,0,0,0,0
755485588631166 D 898,897416339,1000,1549,1549,2.3761363,-0.00007,-1,-1,-1,0,0,0,136,1,1,0,0.0000000,0.0000000,0.0000000,0,0,0,0
755485589648916 D 899,897417339,1000,1549,1549,2.3761363,-0.00007,-1,-1,-1,0,0,0,136,1,1,0,0.0000000,0.0000000,0.0000000,0,0,0,0
755485590652500 D 900,897418339,1000,1549,1549,2.3761363,-0.00006,-1,-1,-1,0,0,0,136,1,1,0,0.0000000,0.0000000,0.0000000,0,0,0,0
755485591624416 D 901,897419339,1000,1549,1549,2.3761363,-0.00006,-1,-1,-1,0,0,0,136,1,1,0,0.0000000,0.0000000,0.0000000,0,0,0,0
755485592629500 D 902,897420339,1000,1549,1549,2.3761363,-0.00006,-1,-1,-1,0,0,0,136,1,1,0,0.0000000,0.0000000,0.0000000,0,0,0,0
755485593622166 D 903,897421341,1002,1549,1549,2.3761363,-0.00006,-1,-1,-1,0,0,0,135,1,1,0,0.0000000,0.0000000,0.0000000,0,0,0,0
755485594622833 D 904,897422339,998,1549,1549,2.3761363,-0.00005,-1,-1,-1,0,0,0,136,1,1,0,0.0000000,0.0000000,0.0000000,0,0,0,0
755485595631666 D 905,897423339,1000,1549,1549,2.3761363,-0.00005,-1,-1,-1,0,0,0,136,1,1,0,0.0000000,0.0000000,0.0000000,0,0,0,0
755485596626791 D 906,897424339,1000,1549,1549,2.3761363,-0.00005,-1,-1,-1,0,0,0,136,1,1,0,0.0000000,0.0000000,0.0000000,0,0,0,0
755485597651583 D 907,897425339,1000,1549,1549,2.3761363,-0.00005,-1,-1,-1,0,0,0,136,1,1,0,0.0000000,0.0000000,0.0000000,0,0,0,0
755485598635750 D 908,897426339,1000,1549,1549,2.3761363,-0.00005,-1,-1,-1,0,0,0,136,1,1,0,0.0000000,0.0000000,0.0000000,0,0,0,0
755485599634041 D 909,897427339,1000,1549,1549,2.3761363,-0.00004,-1,-1,-1,0,0,0,136,1,1,0,0.0000000,0.0000000,0.0000000,0,0,0,0
755485600619083 D 910,897428339,1000,1549,1549,2.3761363,-0.00004,-1,-1,-1,0,0,0,136,1,1,0,0.0000000,0.0000000,0.0000000,0,0,0,0
755485601621833 D 911,897429339,1000,1549,1549,2.3761363,-0.00004,-1,-1,-1,0,0,0,136,1,1,0,0.0000000,0.0000000,0.0000000,0,0,0,0
755485602854500 D 912,897430339,1000,1549,1549,2.3761363,-0.00004,-1,-1,-1,0,0,0,136,1,1,0,0.0000000,0.0000000,0.0000000,0,0,0,0
755485603830708 D 913,897431339,1000,1549,1549,2.3761363,-0.00004,-1,-1,-1,0,0,0,136,1,1,0,0.0000000,0.0000000,0.0000000,0,0,0,0
755485604843583 D 914,897432339,1000,1549,1549,2.3761363,-0.00004,-1,-1,-1,0,0,0,136,1,1,0,0.0000000,0.0000000,0.0000000,0,0,0,0
755485605838083 D 915,897433339,1000,1549,1549,2.3761363,-0.00003,-1,-1,-1,0,0,0,136,1,1,0,0.0000000,0.0000000,0.0000000,0,0,0,0
755485606853500 D 916,897434339,1000,1549,1549,2.3761363,-0.00003,-1,-1,-1,0,0,0,136,1,1,0,0.0000000,0.0000000,0.0000000,0,0,0,0
755485607835541 D 917,897435339,1000,1549,1549,2.3761363,-0.00003,-1,-1,-1,0,0,0,136,1,1,0,0.0000000,0.0000000,0.0000000,0,0,0,0
755485608841250 D 918,897436339,1000,1549,1549,2.3761363,-0.00003,-1,-1,-1,0,0,0,136,1,1,0,0.0000000,0.0000000,0.0000000,0,0,0,0
755485609839666 D 919,897437339,1000,1549,1549,2.3761363,-0.00003,-1,-1,-1,0,0,0,136,1,1,0,0.0000000,0.0000000,0.0000000,0,0,0,0
755485610834458 D 920,897438339,1000,1549,1549,2.3761363,-0.00003,-1,-1,-1,0,0,0,136,1,1,0,0.0000000,0.0000000,0.0000000,0,0,0,0
755485611835208 D 921,897439339,1000,1549,1549,2.3761363,-0.00003,-1,-1,-1,0,0,0,136,1,1,0,0.0000000,0.0000000,0.0000000,0,0,0,0
755485612852416 D 922,897440339,1000,1549,1549,2.3761363,-0.00003,-1,-1,-1,0,0,0,136,1,1,0,0.0000000,0.0000000,0.0000000,0,0,0,0
755485613862583 D 923,897441339,1000,1549,1549,2.3761363,-0.00003,-1,-1,-1,0,0,0,136,1,1,0,0.0000000,0.0000000,0.0000000,0,0,0,0
755485614835333 D 924,897442339,1000,1549,1549,2.3761363,-0.00002,-1,-1,-1,0,0,0,136,1,1,0,0.0000000,0.0000000,0.0000000,0,0,0,0
755485615933000 D 925,897443339,1000,1549,1549,2.3761363,-0.00002,-1,-1,-1,0,0,0,136,1,1,0,0.0000000,0.0000000,0.0000000,0,0,0,0
755485616837375 D 926,897444339,1000,1549,1549,2.3761363,-0.00002,-1,-1,-1,0,0,0,136,1,1,0,0.0000000,0.0000000,0.0000000,0,0,0,0
755485617667083 D 927,897445339,1000,1549,1549,2.3761363,-0.00002,-1,-1,-1,0,0,0,136,1,1,0,0.0000000,0.0000000,0.0000000,0,0,0,0
755485618621416 D 928,897446339,1000,1549,1549,2.3761363,-0.00002,-1,-1,-1,0,0,0,136,1,1,0,0.0000000,0.0000000,0.0000000,0,0,0,0
755485619642500 D 929,897447339,1000,1549,1549,2.3761363,-0.00002,-1,-1,-1,0,0,0,136,1,1,0,0.0000000,0.0000000,0.0000000,0,0,0,0
755485620622750 D 930,897448339,1000,1549,1549,2.3761363,-0.00002,-1,-1,-1,0,0,0,136,1,1,0,0.0000000,0.0000000,0.0000000,0,0,0,0
755485621617500 D 931,897449339,1000,1549,1549,2.3761363,-0.00002,-1,-1,-1,0,0,0,136,1,1,0,0.0000000,0.0000000,0.0000000,0,0,0,0
755485622618208 D 932,897450339,1000,1549,1549,2.3761363,-0.00002,-1,-1,-1,0,0,0,136,1,1,0,0.0000000,0.0000000,0.0000000,0,0,0,0
755485623616458 D 933,897451339,1000,1549,1549,2.3761363,-0.00002,-1,-1,-1,0,0,0,136,1,1,0,0.0000000,0.0000000,0.0000000,0,0,0,0
755485625257666 D 934,897452339,1000,1549,1549,2.3761363,-0.00002,39,124,2085,0,0,0,136,1,1,0,0.0000000,0.0000000,0.0000000,0,0,0,0
755485626086625 D 935,897453339,1000,1549,1549,2.3761363,-0.00002,-1,-1,-1,0,0,0,136,1,1,0,0.0000000,0.0000000,0.0000000,0,0,0,0
755485626911791 D 936,897454339,1000,1549,1549,2.3761363,-0.00001,-1,-1,-1,0,0,0,136,1,1,0,0.0000000,0.0000000,0.0000000,0,0,0,0
755485627631916 D 937,897455339,1000,1549,1549,2.3761363,-0.00001,-1,-1,-1,0,0,0,136,1,1,0,0.0000000,0.0000000,0.0000000,0,0,0,0
755485628621333 D 938,897456339,1000,1549,1549,2.3761363,-0.00001,-1,-1,-1,0,0,0,136,1,1,0,0.0000000,0.0000000,0.0000000,0,0,0,0
755485629624250 D 939,897457339,1000,1549,1549,2.3761363,-0.00001,-1,-1,-1,0,0,0,136,1,1,0,0.0000000,0.0000000,0.0000000,0,0,0,0
755485630627791 D 940,897458339,1000,1549,1549,2.3761363,-0.00001,-1,-1,-1,0,0,0,136,1,1,0,0.0000000,0.0000000,0.0000000,0,0,0,0
755485631613791 D 941,897459339,1000,1549,1549,2.3761363,-0.00001,-1,-1,-1,0,0,0,136,1,1,0,0.0000000,0.0000000,0.0000000,0,0,0,0
755485632614041 D 942,897460339,1000,1549,1549,2.3761363,-0.00001,-1,-1,-1,0,0,0,136,1,1,0,0.0000000,0.0000000,0.0000000,0,0,0,0
755485633608208 D 943,897461339,1000,1549,1549,2.3761363,-0.00001,-1,-1,-1,0,0,0,136,1,1,0,0.0000000,0.0000000,0.0000000,0,0,0,0
755485634609250 D 944,897462339,1000,1549,1549,2.3761363,-0.00001,-1,-1,-1,0,0,0,136,1,1,0,0.0000000,0.0000000,0.0000000,0,0,0,0
755485635611541 D 945,897463339,1000,1549,1549,2.3761363,-0.00001,-1,-1,-1,0,0,0,136,1,1,0,0.0000000,0.0000000,0.0000000,0,0,0,0
755485636615000 D 946,897464339,1000,1549,1549,2.3761363,-0.00001,-1,-1,-1,0,0,0,136,1,1,0,0.0000000,0.0000000,0.0000000,0,0,0,0
755485637619000 D 947,897465339,1000,1549,1549,2.3761363,-0.00001,-1,-1,-1,0,0,0,136,1,1,0,0.0000000,0.0000000,0.0000000,0,0,0,0
755485638620583 D 948,897466339,1000,1549,1549,2.3761363,-0.00001,-1,-1,-1,0,0,0,136,1,1,0,0.0000000,0.0000000,0.0000000,0,0,0,0
755485639612541 D 949,897467339,1000,1549,1549,2.3761363,-0.00001,-1,-1,-1,0,0,0,136,1,1,0,0.0000000,0.0000000,0.0000000,0,0,0,0
755485640644041 D 950,897468339,1000,1549,1549,2.3761363,-0.00001,-1,-1,-1,0,0,0,136,1,1,0,0.0000000,0.0000000,0.0000000,0,0,0,0
755485641665500 D 951,897469339,1000,1549,1549,2.3761363,-0.00001,-1,-1,-1,0,0,0,136,1,1,0,0.0000000,0.0000000,0.0000000,0,0,0,0
755485642659875 D 952,897470339,1000,1549,1549,2.3761363,-0.00001,-1,-1,-1,0,0,0,136,1,1,0,0.0000000,0.0000000,0.0000000,0,0,0,0
755485643631333 D 953,897471339,1000,1549,1549,2.3761363,-0.00001,-1,-1,-1,0,0,0,136,1,1,0,0.0000000,0.0000000,0.0000000,0,0,0,0
755485644675375 D 954,897472339,1000,1549,1549,2.3761363,-0.00001,-1,-1,-1,0,0,0,136,1,1,0,0.0000000,0.0000000,0.0000000,0,0,0,0
755485645679416 D 955,897473339,1000,1549,1549,2.3761363,-0.00001,-1,-1,-1,0,0,0,136,1,1,0,0.0000000,0.0000000,0.0000000,0,0,0,0
755485646625333 D 956,897474339,1000,1549,1549,2.3761363,-0.00001,-1,-1,-1,0,0,0,136,1,1,0,0.0000000,0.0000000,0.0000000,0,0,0,0
755485647620000 D 957,897475339,1000,1549,1549,2.3761363,-0.00001,-1,-1,-1,0,0,0,136,1,1,0,0.0000000,0.0000000,0.0000000,0,0,0,0
755485648626875 D 958,897476339,1000,1549,1549,2.3761363,-0.00001,-1,-1,-1,0,0,0,136,1,1,0,0.0000000,0.0000000,0.0000000,0,0,0,0
755485649626708 D 959,897477339,1000,1549,1549,2.3761363,-0.00001,-1,-1,-1,0,0,0,136,1,1,0,0.0000000,0.0000000,0.0000000,0,0,0,0
755485650621291 D 960,897478339,1000,1549,1549,2.3761363,-0.00001,-1,-1,-1,0,0,0,136,1,1,0,0.0000000,0.0000000,0.0000000,0,0,0,0
755485651613625 D 961,897479339,1000,1549,1549,2.3761363,-0.00001,-1,-1,-1,0,0,0,136,1,1,0,0.0000000,0.0000000,0.0000000,0,0,0,0
755485652615875 D 962,897480339,1000,1549,1549,2.3761363,-0.00001,-1,-1,-1,0,0,0,136,1,1,0,0.0000000,0.0000000,0.0000000,0,0,0,0
755485653633708 D 963,897481339,1000,1549,1549,2.3761363,-0.00001,-1,-1,-1,0,0,0,136,1,1,0,0.0000000,0.0000000,0.0000000,0,0,0,0
755485654624041 D 964,897482339,1000,1549,1549,2.3761363,-0.00000,-1,-1,-1,0,0,0,136,1,1,0,0.0000000,0.0000000,0.0000000,0,0,0,0
755485655615208 D 965,897483339,1000,1549,1549,2.3761363,-0.00000,-1,-1,-1,0,0,0,136,1,1,0,0.0000000,0.0000000,0.0000000,0,0,0,0
755485656841500 D 966,897484339,1000,1549,1549,2.3761363,-0.00000,-1,-1,-1,0,0,0,136,1,1,0,0.0000000,0.0000000,0.0000000,0,0,0,0
755485657851875 D 967,897485339,1000,1549,1549,2.3761363,-0.00000,-1,-1,-1,0,0,0,136,1,1,0,0.0000000,0.0000000,0.0000000,0,0,0,0
755485658780750 D 968,897486339,1000,1549,1549,2.3761363,-0.00000,-1,-1,-1,0,0,0,136,1,1,0,0.0000000,0.0000000,0.0000000,0,0,0,0
755485659619750 D 969,897487339,1000,1549,1549,2.3761363,-0.00000,-1,-1,-1,0,0,0,136,1,1,0,0.0000000,0.0000000,0.0000000,0,0,0,0
755485660636208 D 970,897488339,1000,1549,1549,2.3761363,-0.00000,-1,-1,-1,0,0,0,136,1,1,0,0.0000000,0.0000000,0.0000000,0,0,0,0
755485661617375 D 971,897489339,1000,1549,1549,2.3761363,-0.00000,-1,-1,-1,0,0,0,136,1,1,0,0.0000000,0.0000000,0.0000000,0,0,0,0
755485662633375 D 972,897490339,1000,1549,1549,2.3761363,-0.00000,-1,-1,-1,0,0,0,136,1,1,0,0.0000000,0.0000000,0.0000000,0,0,0,0
755485663629416 D 973,897491339,1000,1549,1549,2.3761363,-0.00000,-1,-1,-1,0,0,0,136,1,1,0,0.0000000,0.0000000,0.0000000,0,0,0,0
755485664627916 D 974,897492339,1000,1549,1549,2.3761363,-0.00000,-1,-1,-1,0,0,0,136,1,1,0,0.0000000,0.0000000,0.0000000,0,0,0,0
755485665613333 D 975,897493339,1000,1549,1549,2.3761363,-0.00000,-1,-1,-1,0,0,0,136,1,1,0,0.0000000,0.0000000,0.0000000,0,0,0,0
755485666613958 D 976,897494339,1000,1549,1549,2.3761363,-0.00000,-1,-1,-1,0,0,0,136,1,1,0,0.0000000,0.0000000,0.0000000,0,0,0,0
755485667615875 D 977,897495339,1000,1549,1549,2.3761363,-0.00000,-1,-1,-1,0,0,0,136,1,1,0,0.0000000,0.0000000,0.0000000,0,0,0,0
755485668612166 D 978,897496339,1000,1549,1549,2.3761363,-0.00000,-1,-1,-1,0,0,0,136,1,1,0,0.0000000,0.0000000,0.0000000,0,0,0,0
755485669608375 D 979,897497339,1000,1549,1549,2.3761363,-0.00000,-1,-1,-1,0,0,0,136,1,1,0,0.0000000,0.0000000,0.0000000,0,0,0,0
755485670618000 D 980,897498339,1000,1549,1549,2.3761363,-0.00000,-1,-1,-1,0,0,0,136,1,1,0,0.0000000,0.0000000,0.0000000,0,0,0,0
755485671648875 D 981,897499339,1000,1549,1549,2.3761363,-0.00000,-1,-1,-1,0,0,0,136,1,1,0,0.0000000,0.0000000,0.0000000,0,0,0,0
755485672648958 D 982,897500339,1000,1549,1549,2.3761363,-0.00000,-1,-1,-1,0,0,0,136,1,1,0,0.0000000,0.0000000,0.0000000,0,0,0,0
755485673645125 D 983,897501339,1000,1549,1549,2.3761363,-0.00000,-1,-1,-1,0,0,0,136,1,1,0,0.0000000,0.0000000,0.0000000,0,0,0,0
755485675255083 D 984,897502339,1000,1549,1549,2.3761363,-0.00000,39,124,2084,0,0,0,136,1,1,0,0.0000000,0.0000000,0.0000000,0,0,0,0
755485676086500 D 985,897503339,1000,1549,1549,2.3761363,-0.00000,-1,-1,-1,0,0,0,136,1,1,0,0.0000000,0.0000000,0.0000000,0,0,0,0
755485676787250 D 986,897504339,1000,1549,1549,2.3761363,-0.00000,-1,-1,-1,0,0,0,136,1,1,0,0.0000000,0.0000000,0.0000000,0,0,0,0
755485677623750 D 987,897505339,1000,1549,1549,2.3761363,-0.00000,-1,-1,-1,0,0,0,136,1,1,0,0.0000000,0.0000000,0.0000000,0,0,0,0
755485678617875 D 988,897506339,1000,1549,1549,2.3761363,-0.00000,-1,-1,-1,0,0,0,136,1,1,0,0.0000000,0.0000000,0.0000000,0,0,0,0
755485679616000 D 989,897507339,1000,1549,1549,2.3761363,-0.00000,-1,-1,-1,0,0,0,136,1,1,0,0.0000000,0.0000000,0.0000000,0,0,0,0
755485680606458 D 990,897508339,1000,1549,1549,2.3761363,-0.00000,-1,-1,-1,0,0,0,136,1,1,0,0.0000000,0.0000000,0.0000000,0,0,0,0
755485681617041 D 991,897509339,1000,1549,1549,2.3761363,-0.00000,-1,-1,-1,0,0,0,136,1,1,0,0.0000000,0.0000000,0.0000000,0,0,0,0
755485682631750 D 992,897510339,1000,1549,1549,2.3761363,-0.00000,-1,-1,-1,0,0,0,136,1,1,0,0.0000000,0.0000000,0.0000000,0,0,0,0
755485683657875 D 993,897511339,1000,1549,1549,2.3761363,-0.00000,-1,-1,-1,0,0,0,136,1,1,0,0.0000000,0.0000000,0.0000000,0,0,0,0
755485684667041 D 994,897512339,1000,1549,1549,2.3761363,-0.00000,-1,-1,-1,0,0,0,136,1,1,0,0.0000000,0.0000000,0.0000000,0,0,0,0
755485685640041 D 995,897513339,1000,1549,1549,2.3761363,-0.00000,-1,-1,-1,0,0,0,136,1,1,0,0.0000000,0.0000000,0.0000000,0,0,0,0
755485686628208 D 996,897514339,1000,1549,1549,2.3761363,-0.00000,-1,-1,-1,0,0,0,136,1,1,0,0.0000000,0.0000000,0.0000000,0,0,0,0
755485687631125 D 997,897515339,1000,1549,1549,2.3761363,-0.00000,-1,-1,-1,0,0,0,136,1,1,0,0.0000000,0.0000000,0.0000000,0,0,0,0
755485688622125 D 998,897516339,1000,1549,1549,2.3761363,-0.00000,-1,-1,-1,0,0,0,136,1,1,0,0.0000000,0.0000000,0.0000000,0,0,0,0
755485689630375 D 999,897517339,1000,1549,1549,2.3761363,-0.00000,-1,-1,-1,0,0,0,136,1,1,0,0.0000000,0.0000000,0.0000000,0,0,0,0
755485690662791 D 1000,897518339,1000,1549,1549,2.3761363,-0.00000,-1,-1,-1,0,0,0,136,1,1,0,0.0000000,0.0000000,0.0000000,0,0,0,0
755485691647083 D 1001,897519339,1000,1549,1549,2.3761363,-0.00000,-1,-1,-1,0,0,0,136,1,1,0,0.0000000,0.0000000,0.0000000,0,0,0,0
755485692628916 D 1002,897520339,1000,1549,1549,2.3761363,-0.00000,-1,-1,-1,0,0,0,136,1,1,0,0.0000000,0.0000000,0.0000000,0,0,0,0
755485693635625 D 1003,897521339,1000,1549,1549,2.3761363,-0.00000,-1,-1,-1,0,0,0,136,1,1,0,0.0000000,0.0000000,0.0000000,0,0,0,0
755485694621291 D 1004,897522339,1000,1549,1549,2.3761363,-0.00000,-1,-1,-1,0,0,0,136,1,1,0,0.0000000,0.0000000,0.0000000,0,0,0,0
755485695627958 D 1005,897523339,1000,1549,1549,2.3761363,-0.00000,-1,-1,-1,0,0,0,136,1,1,0,0.0000000,0.0000000,0.0000000,0,0,0,0
755485696627458 D 1006,897524339,1000,1549,1549,2.3761363,-0.00000,-1,-1,-1,0,0,0,136,1,1,0,0.0000000,0.0000000,0.0000000,0,0,0,0
755485697631458 D 1007,897525339,1000,1549,1549,2.3761363,-0.00000,-1,-1,-1,0,0,0,136,1,1,0,0.0000000,0.0000000,0.0000000,0,0,0,0
755485698651958 D 1008,897526339,1000,1549,1549,2.3761363,-0.00000,-1,-1,-1,0,0,0,136,1,1,0,0.0000000,0.0000000,0.0000000,0,0,0,0
755485699858708 D 1009,897527339,1000,1549,1549,2.3761363,-0.00000,-1,-1,-1,0,0,0,136,1,1,0,0.0000000,0.0000000,0.0000000,0,0,0,0
755485700848916 D 1010,897528339,1000,1549,1549,2.3761363,-0.00000,-1,-1,-1,0,0,0,136,1,1,0,0.0000000,0.0000000,0.0000000,0,0,0,0
755485701848000 D 1011,897529339,1000,1549,1549,2.3761363,-0.00000,-1,-1,-1,0,0,0,136,1,1,0,0.0000000,0.0000000,0.0000000,0,0,0,0
755485702654541 D 1012,897530339,1000,1549,1549,2.3761363,-0.00000,-1,-1,-1,0,0,0,136,1,1,0,0.0000000,0.0000000,0.0000000,0,0,0,0
755485703624833 D 1013,897531339,1000,1549,1549,2.3761363,-0.00000,-1,-1,-1,0,0,0,136,1,1,0,0.0000000,0.0000000,0.0000000,0,0,0,0
755485704628250 D 1014,897532339,1000,1549,1549,2.3761363,-0.00000,-1,-1,-1,0,0,0,136,1,1,0,0.0000000,0.0000000,0.0000000,0,0,0,0
755485705620708 D 1015,897533339,1000,1549,1549,2.3761363,-0.00000,-1,-1,-1,0,0,0,136,1,1,0,0.0000000,0.0000000,0.0000000,0,0,0,0
755485706638041 D 1016,897534339,1000,1549,1549,2.3761363,-0.00000,-1,-1,-1,0,0,0,136,1,1,0,0.0000000,0.0000000,0.0000000,0,0,0,0
755485707648458 D 1017,897535339,1000,1549,1549,2.3761363,-0.00000,-1,-1,-1,0,0,0,136,1,1,0,0.0000000,0.0000000,0.0000000,0,0,0,0
755485708614500 D 1018,897536339,1000,1549,1549,2.3761363,-0.00000,-1,-1,-1,0,0,0,136,1,1,0,0.0000000,0.0000000,0.0000000,0,0,0,0
755485709624583 D 1019,897537339,1000,1549,1549,2.3761363,-0.00000,-1,-1,-1,0,0,0,136,1,1,0,0.0000000,0.0000000,0.0000000,0,0,0,0
755485710609625 D 1020,897538339,1000,1549,1549,2.3761363,-0.00000,-1,-1,-1,0,0,0,136,1,1,0,0.0000000,0.0000000,0.0000000,0,0,0,0
755485711624375 D 1021,897539339,1000,1549,1549,2.3761363,-0.00000,-1,-1,-1,0,0,0,136,1,1,0,0.0000000,0.0000000,0.0000000,0,0,0,0
755485712607041 D 1022,897540339,1000,1549,1549,2.3761363,-0.00000,-1,-1,-1,0,0,0,136,1,1,0,0.0000000,0.0000000,0.0000000,0,0,0,0
755485713625875 D 1023,897541339,1000,1549,1549,2.3761363,-0.00000,-1,-1,-1,0,0,0,136,1,1,0,0.0000000,0.0000000,0.0000000,0,0,0,0
755485714608583 D 1024,897542339,1000,1550,1550,2.3776703,0.06015,-1,-1,-1,0,0,0,136,1,1,0,0.0000000,0.0000000,0.0000000,0,0,0,0
755485715615625 D 1025,897543339,1000,1549,1549,2.3761363,-0.00236,-1,-1,-1,0,0,0,136,1,1,0,0.0000000,0.0000000,0.0000000,0,0,0,0
755485716615541 D 1026,897544339,1000,1549,1549,2.3761363,-0.00227,-1,-1,-1,0,0,0,136,1,1,0,0.0000000,0.0000000,0.0000000,0,0,0,0
755485717626916 D 1027,897545339,1000,1549,1549,2.3761363,-0.00218,-1,-1,-1,0,0,0,136,1,1,0,0.0000000,0.0000000,0.0000000,0,0,0,0
755485718631791 D 1028,897546339,1000,1549,1549,2.3761363,-0.00209,-1,-1,-1,0,0,0,136,1,1,0,0.0000000,0.0000000,0.0000000,0,0,0,0
755485719616583 D 1029,897547339,1000,1549,1549,2.3761363,-0.00201,-1,-1,-1,0,0,0,136,1,1,0,0.0000000,0.0000000,0.0000000,0,0,0,0
755485720618958 D 1030,897548339,1000,1549,1549,2.3761363,-0.00193,-1,-1,-1,0,0,0,136,1,1,0,0.0000000,0.0000000,0.0000000,0,0,0,0
755485721614208 D 1031,897549339,1000,1549,1549,2.3761363,-0.00186,-1,-1,-1,0,0,0,136,1,1,0,0.0000000,0.0000000,0.0000000,0,0,0,0
755485722622416 D 1032,897550339,1000,1549,1549,2.3761363,-0.00178,-1,-1,-1,0,0,0,136,1,1,0,0.0000000,0.0000000,0.0000000,0,0,0,0
755485723636250 D 1033,897551339,1000,1549,1549,2.3761363,-0.00171,-1,-1,-1,0,0,0,136,1,1,0,0.0000000,0.0000000,0.0000000,0,0,0,0
755485725044500 D 1034,897552339,1000,1549,1549,2.3761363,-0.00165,39,124,2085,0,0,0,136,1,1,0,0.0000000,0.0000000,0.0000000,0,0,0,0
755485725659333 D 1035,897553339,1000,1549,1549,2.3761363,-0.00158,-1,-1,-1,0,0,0,136,1,1,0,0.0000000,0.0000000,0.0000000,0,0,0,0
755485726618916 D 1036,897554339,1000,1549,1549,2.3761363,-0.00152,-1,-1,-1,0,0,0,136,1,1,0,0.0000000,0.0000000,0.0000000,0,0,0,0
755485727847541 D 1037,897555339,1000,1549,1549,2.3761363,-0.00146,-1,-1,-1,0,0,0,136,1,1,0,0.0000000,0.0000000,0.0000000,0,0,0,0
755485728841625 D 1038,897556339,1000,1549,1549,2.3761363,-0.00140,-1,-1,-1,0,0,0,136,1,1,0,0.0000000,0.0000000,0.0000000,0,0,0,0
755485729816208 D 1039,897557339,1000,1549,1549,2.3761363,-0.00135,-1,-1,-1,0,0,0,136,1,1,0,0.0000000,0.0000000,0.0000000,0,0,0,0
755485730616166 D 1040,897558339,1000,1549,1549,2.3761363,-0.00129,-1,-1,-1,0,0,0,136,1,1,0,0.0000000,0.0000000,0.0000000,0,0,0,0
755485731618416 D 1041,897559339,1000,1549,1549,2.3761363,-0.00124,-1,-1,-1,0,0,0,136,1,1,0,0.0000000,0.0000000,0.0000000,0,0,0,0
755485732617291 D 1042,897560339,1000,1549,1549,2.3761363,-0.00120,-1,-1,-1,0,0,0,136,1,1,0,0.0000000,0.0000000,0.0000000,0,0,0,0
755485733612916 D 1043,897561339,1000,1549,1549,2.3761363,-0.00115,-1,-1,-1,0,0,0,136,1,1,0,0.0000000,0.0000000,0.0000000,0,0,0,0
755485734616666 D 1044,897562339,1000,1549,1549,2.3761363,-0.00110,-1,-1,-1,0,0,0,136,1,1,0,0.0000000,0.0000000,0.0000000,0,0,0,0
755485735623833 D 1045,897563339,1000,1549,1549,2.3761363,-0.00106,-1,-1,-1,0,0,0,136,1,1,0,0.0000000,0.0000000,0.0000000,0,0,0,0
755485736616291 D 1046,897564339,1000,1549,1549,2.3761363,-0.00102,-1,-1,-1,0,0,0,136,1,1,0,0.0000000,0.0000000,0.0000000,0,0,0,0
755485737620625 D 1047,897565339,1000,1549,1549,2.3761363,-0.00098,-1,-1,-1,0,0,0,136,1,1,0,0.0000000,0.0000000,0.0000000,0,0,0,0
755485738630000 D 1048,897566339,1000,1549,1549,2.3761363,-0.00094,-1,-1,-1,0,0,0,136,1,1,0,0.0000000,0.0000000,0.0000000,0,0,0,0
755485739622500 D 1049,897567339,1000,1549,1549,2.3761363,-0.00090,-1,-1,-1,0,0,0,136,1,1,0,0.0000000,0.0000000,0.0000000,0,0,0,0
755485740616500 D 1050,897568339,1000,1549,1549,2.3761363,-0.00087,-1,-1,-1,0,0,0,136,1,1,0,0.0000000,0.0000000,0.0000000,0,0,0,0
755485741611833 D 1051,897569339,1000,1549,1549,2.3761363,-0.00083,-1,-1,-1,0,0,0,136,1,1,0,0.0000000,0.0000000,0.0000000,0,0,0,0
755485742611833 D 1052,897570339,1000,1549,1549,2.3761363,-0.00080,-1,-1,-1,0,0,0,136,1,1,0,0.0000000,0.0000000,0.0000000,0,0,0,0
755485743622000 D 1053,897571339,1000,1549,1549,2.3761363,-0.00077,-1,-1,-1,0,0,0,136,1,1,0,0.0000000,0.0000000,0.0000000,0,0,0,0
755485744612208 D 1054,897572339,1000,1549,1549,2.3761363,-0.00074,-1,-1,-1,0,0,0,136,1,1,0,0.0000000,0.0000000,0.0000000,0,0,0,0
755485745615125 D 1055,897573339,1000,1549,1549,2.3761363,-0.00071,-1,-1,-1,0,0,0,136,1,1,0,0.0000000,0.0000000,0.0000000,0,0,0,0
755485746635708 D 1056,897574339,1000,1549,1549,2.3761363,-0.00068,-1,-1,-1,0,0,0,136,1,1,0,0.0000000,0.0000000,0.0000000,0,0,0,0
755485747619333 D 1057,897575339,1000,1549,1549,2.3761363,-0.00066,-1,-1,-1,0,0,0,136,1,1,0,0.0000000,0.0000000,0.0000000,0,0,0,0
755485748612208 D 1058,897576339,1000,1549,1549,2.3761363,-0.00063,-1,-1,-1,0,0,0,136,1,1,0,0.0000000,0.0000000,0.0000000,0,0,0,0
755485749614875 D 1059,897577339,1000,1549,1549,2.3761363,-0.00061,-1,-1,-1,0,0,0,136,1,1,0,0.0000000,0.0000000,0.0000000,0,0,0,0
755485750614791 D 1060,897578339,1000,1549,1549,2.3761363,-0.00058,-1,-1,-1,0,0,0,136,1,1,0,0.0000000,0.0000000,0.0000000,0,0,0,0
755485751616083 D 1061,897579339,1000,1549,1549,2.3761363,-0.00056,-1,-1,-1,0,0,0,136,1,1,0,0.0000000,0.0000000,0.0000000,0,0,0,0
755485752613958 D 1062,897580339,1000,1549,1549,2.3761363,-0.00054,-1,-1,-1,0,0,0,136,1,1,0,0.0000000,0.0000000,0.0000000,0,0,0,0
755485753861541 D 1063,897581339,1000,1549,1549,2.3761363,-0.00052,-1,-1,-1,0,0,0,136,1,1,0,0.0000000,0.0000000,0.0000000,0,0,0,0
755485754853833 D 1064,897582339,1000,1549,1549,2.3761363,-0.00050,-1,-1,-1,0,0,0,136,1,1,0,0.0000000,0.0000000,0.0000000,0,0,0,0
755485755733208 D 1065,897583339,1000,1549,1549,2.3761363,-0.00048,-1,-1,-1,0,0,0,136,1,1,0,0.0000000,0.0000000,0.0000000,0,0,0,0
755485756618500 D 1066,897584339,1000,1549,1549,2.3761363,-0.00046,-1,-1,-1,0,0,0,136,1,1,0,0.0000000,0.0000000,0.0000000,0,0,0,0
755485757628625 D 1067,897585339,1000,1549,1549,2.3761363,-0.00044,-1,-1,-1,0,0,0,136,1,1,0,0.0000000,0.0000000,0.0000000,0,0,0,0
755485758638041 D 1068,897586339,1000,1549,1549,2.3761363,-0.00042,-1,-1,-1,0,0,0,136,1,1,0,0.0000000,0.0000000,0.0000000,0,0,0,0
755485759623916 D 1069,897587339,1000,1549,1549,2.3761363,-0.00041,-1,-1,-1,0,0,0,136,1,1,0,0.0000000,0.0000000,0.0000000,0,0,0,0
755485760626208 D 1070,897588339,1000,1549,1549,2.3761363,-0.00039,-1,-1,-1,0,0,0,136,1,1,0,0.0000000,0.0000000,0.0000000,0,0,0,0
755485761619291 D 1071,897589339,1000,1549,1549,2.3761363,-0.00037,-1,-1,-1,0,0,0,136,1,1,0,0.0000000,0.0000000,0.0000000,0,0,0,0
755485762617208 D 1072,897590339,1000,1549,1549,2.3761363,-0.00036,-1,-1,-1,0,0,0,136,1,1,0,0.0000000,0.0000000,0.0000000,0,0,0,0
755485763613166 D 1073,897591339,1000,1549,1549,2.3761363,-0.00035,-1,-1,-1,0,0,0,136,1,1,0,0.0000000,0.0000000,0.0000000,0,0,0,0
755485764616458 D 1074,897592339,1000,1549,1549,2.3761363,-0.00033,-1,-1,-1,0,0,0,136,1,1,0,0.0000000,0.0000000,0.0000000,0,0,0,0
755485765619958 D 1075,897593339,1000,1549,1549,2.3761363,-0.00032,-1,-1,-1,0,0,0,136,1,1,0,0.0000000,0.0000000,0.0000000,0,0,0,0
755485766617291 D 1076,897594339,1000,1549,1549,2.3761363,-0.00031,-1,-1,-1,0,0,0,136,1,1,0,0.0000000,0.0000000,0.0000000,0,0,0,0
755485767612750 D 1077,897595339,1000,1549,1549,2.3761363,-0.00029,-1,-1,-1,0,0,0,136,1,1,0,0.0000000,0.0000000,0.0000000,0,0,0,0
755485768625875 D 1078,897596339,1000,1549,1549,2.3761363,-0.00028,-1,-1,-1,0,0,0,136,1,1,0,0.0000000,0.0000000,0.0000000,0,0,0,0
755485769652875 D 1079,897597339,1000,1549,1549,2.3761363,-0.00027,-1,-1,-1,0,0,0,136,1,1,0,0.0000000,0.0000000,0.0000000,0,0,0,0
755485770680791 D 1080,897598339,1000,1549,1549,2.3761363,-0.00026,-1,-1,-1,0,0,0,136,1,1,0,0.0000000,0.0000000,0.0000000,0,0,0,0
755485771634458 D 1081,897599339,1000,1549,1549,2.3761363,-0.00025,-1,-1,-1,0,0,0,136,1,1,0,0.0000000,0.0000000,0.0000000,0,0,0,0
755485772645333 D 1082,897600339,1000,1549,1549,2.3761363,-0.00024,-1,-1,-1,0,0,0,136,1,1,0,0.0000000,0.0000000,0.0000000,0,0,0,0
755485773706666 D 1083,897601339,1000,1549,1549,2.3761363,-0.00023,-1,-1,-1,0,0,0,136,1,1,0,0.0000000,0.0000000,0.0000000,0,0,0,0
755485775077333 D 1084,897602339,1000,1549,1549,2.3761363,-0.00022,39,124,2085,0,0,0,136,1,1,0,0.0000000,0.0000000,0.0000000,0,0,0,0
755485775702625 D 1085,897603339,1000,1549,1549,2.3761363,-0.00021,-1,-1,-1,0,0,0,136,1,1,0,0.0000000,0.0000000,0.0000000,0,0,0,0
755485776645333 D 1086,897604339,1000,1549,1549,2.3761363,-0.00021,-1,-1,-1,0,0,0,136,1,1,0,0.0000000,0.0000000,0.0000000,0,0,0,0
755485777633333 D 1087,897605339,1000,1549,1549,2.3761363,-0.00020,-1,-1,-1,0,0,0,136,1,1,0,0.0000000,0.0000000,0.0000000,0,0,0,0
755485778639583 D 1088,897606339,1000,1549,1549,2.3761363,-0.00019,-1,-1,-1,0,0,0,136,1,1,0,0.0000000,0.0000000,0.0000000,0,0,0,0
755485779658625 D 1089,897607339,1000,1549,1549,2.3761363,-0.00018,-1,-1,-1,0,0,0,136,1,1,0,0.0000000,0.0000000,0.0000000,0,0,0,0
755485780869125 D 1090,897608339,1000,1549,1549,2.3761363,-0.00018,-1,-1,-1,0,0,0,135,1,1,0,0.0000000,0.0000000,0.0000000,0,0,0,0
755485781869708 D 1091,897609339,1000,1549,1549,2.3761363,-0.00017,-1,-1,-1,0,0,0,136,1,1,0,0.0000000,0.0000000,0.0000000,0,0,0,0
755485782870083 D 1092,897610339,1000,1549,1549,2.3761363,-0.00016,-1,-1,-1,0,0,0,136,1,1,0,0.0000000,0.0000000,0.0000000,0,0,0,0
755485783694958 D 1093,897611339,1000,1549,1549,2.3761363,-0.00016,-1,-1,-1,0,0,0,136,1,1,0,0.0000000,0.0000000,0.0000000,0,0,0,0
755485784712541 D 1094,897612339,1000,1549,1549,2.3761363,-0.00015,-1,-1,-1,0,0,0,136,1,1,0,0.0000000,0.0000000,0.0000000,0,0,0,0
755485785773875 D 1095,897613339,1000,1549,1549,2.3761363,-0.00014,-1,-1,-1,0,0,0,136,1,1,0,0.0000000,0.0000000,0.0000000,0,0,0,0
755485786668166 D 1096,897614339,1000,1549,1549,2.3761363,-0.00014,-1,-1,-1,0,0,0,136,1,1,0,0.0000000,0.0000000,0.0000000,0,0,0,0
755485787634375 D 1097,897615339,1000,1549,1549,2.3761363,-0.00013,-1,-1,-1,0,0,0,136,1,1,0,0.0000000,0.0000000,0.0000000,0,0,0,0
755485788655458 D 1098,897616339,1000,1549,1549,2.3761363,-0.00013,-1,-1,-1,0,0,0,136,1,1,0,0.0000000,0.0000000,0.0000000,0,0,0,0
755485789621583 D 1099,897617339,1000,1549,1549,2.3761363,-0.00012,-1,-1,-1,0,0,0,136,1,1,0,0.0000000,0.0000000,0.0000000,0,0,0,0
755485790640125 D 1100,897618339,1000,1549,1549,2.3761363,-0.00012,-1,-1,-1,0,0,0,136,1,1,0,0.0000000,0.0000000,0.0000000,0,0,0,0
755485791644125 D 1101,897619339,1000,1549,1549,2.3761363,-0.00011,-1,-1,-1,0,0,0,136,1,1,0,0.0000000,0.0000000,0.0000000,0,0,0,0
755485792626541 D 1102,897620339,1000,1549,1549,2.3761363,-0.00011,-1,-1,-1,0,0,0,136,1,1,0,0.0000000,0.0000000,0.0000000,0,0,0,0
755485793628833 D 1103,897621339,1000,1549,1549,2.3761363,-0.00010,-1,-1,-1,0,0,0,136,1,1,0,0.0000000,0.0000000,0.0000000,0,0,0,0
755485794630750 D 1104,897622339,1000,1549,1549,2.3761363,-0.00010,-1,-1,-1,0,0,0,136,1,1,0,0.0000000,0.0000000,0.0000000,0,0,0,0
755485795621666 D 1105,897623339,1000,1549,1549,2.3761363,-0.00010,-1,-1,-1,0,0,0,136,1,1,0,0.0000000,0.0000000,0.0000000,0,0,0,0
755485796678375 D 1106,897624339,1000,1549,1549,2.3761363,-0.00009,-1,-1,-1,0,0,0,136,1,1,0,0.0000000,0.0000000,0.0000000,0,0,0,0
755485797635458 D 1107,897625339,1000,1549,1549,2.3761363,-0.00009,-1,-1,-1,0,0,0,136,1,1,0,0.0000000,0.0000000,0.0000000,0,0,0,0
755485798629416 D 1108,897626339,1000,1549,1549,2.3761363,-0.00009,-1,-1,-1,0,0,0,136,1,1,0,0.0000000,0.0000000,0.0000000,0,0,0,0
755485799632500 D 1109,897627339,1000,1549,1549,2.3761363,-0.00008,-1,-1,-1,0,0,0,136,1,1,0,0.0000000,0.0000000,0.0000000,0,0,0,0
755485800639833 D 1110,897628339,1000,1549,1549,2.3761363,-0.00008,-1,-1,-1,0,0,0,136,1,1,0,0.0000000,0.0000000,0.0000000,0,0,0,0
755485801685750 D 1111,897629339,1000,1549,1549,2.3761363,-0.00008,-1,-1,-1,0,0,0,136,1,1,0,0.0000000,0.0000000,0.0000000,0,0,0,0
755485802636583 D 1112,897630339,1000,1549,1549,2.3761363,-0.00007,-1,-1,-1,0,0,0,136,1,1,0,0.0000000,0.0000000,0.0000000,0,0,0,0
755485803637208 D 1113,897631339,1000,1549,1549,2.3761363,-0.00007,-1,-1,-1,0,0,0,136,1,1,0,0.0000000,0.0000000,0.0000000,0,0,0,0
755485804621791 D 1114,897632339,1000,1549,1549,2.3761363,-0.00007,-1,-1,-1,0,0,0,136,1,1,0,0.0000000,0.0000000,0.0000000,0,0,0,0
755485805614166 D 1115,897633339,1000,1549,1549,2.3761363,-0.00006,-1,-1,-1,0,0,0,136,1,1,0,0.0000000,0.0000000,0.0000000,0,0,0,0
755485806617291 D 1116,897634339,1000,1549,1549,2.3761363,-0.00006,-1,-1,-1,0,0,0,136,1,1,0,0.0000000,0.0000000,0.0000000,0,0,0,0
755485807636375 D 1117,897635339,1000,1549,1549,2.3761363,-0.00006,-1,-1,-1,0,0,0,136,1,1,0,0.0000000,0.0000000,0.0000000,0,0,0,0
755485808653958 D 1118,897636339,1000,1549,1549,2.3761363,-0.00006,-1,-1,-1,0,0,0,136,1,1,0,0.0000000,0.0000000,0.0000000,0,0,0,0
755485809632916 D 1119,897637339,1000,1549,1549,2.3761363,-0.00005,-1,-1,-1,0,0,0,136,1,1,0,0.0000000,0.0000000,0.0000000,0,0,0,0
755485810620458 D 1120,897638339,1000,1549,1549,2.3761363,-0.00005,-1,-1,-1,0,0,0,136,1,1,0,0.0000000,0.0000000,0.0000000,0,0,0,0
755485811630000 D 1121,897639339,1000,1549,1549,2.3761363,-0.00005,-1,-1,-1,0,0,0,136,1,1,0,0.0000000,0.0000000,0.0000000,0,0,0,0
755485812654208 D 1122,897640339,1000,1549,1549,2.3761363,-0.00005,-1,-1,-1,0,0,0,136,1,1,0,0.0000000,0.0000000,0.0000000,0,0,0,0
755485813616958 D 1123,897641339,1000,1549,1549,2.3761363,-0.00005,-1,-1,-1,0,0,0,136,1,1,0,0.0000000,0.0000000,0.0000000,0,0,0,0
755485814625875 D 1124,897642339,1000,1549,1549,2.3761363,-0.00004,-1,-1,-1,0,0,0,136,1,1,0,0.0000000,0.0000000,0.0000000,0,0,0,0
755485815624333 D 1125,897643339,1000,1549,1549,2.3761363,-0.00004,-1,-1,-1,0,0,0,136,1,1,0,0.0000000,0.0000000,0.0000000,0,0,0,0
755485816857833 D 1126,897644339,1000,1549,1549,2.3761363,-0.00004,-1,-1,-1,0,0,0,136,1,1,0,0.0000000,0.0000000,0.0000000,0,0,0,0
755485817884958 D 1127,897645339,1000,1549,1549,2.3761363,-0.00004,-1,-1,-1,0,0,0,136,1,1,0,0.0000000,0.0000000,0.0000000,0,0,0,0
755485818760291 D 1128,897646339,1000,1549,1549,2.3761363,-0.00004,-1,-1,-1,0,0,0,136,1,1,0,0.0000000,0.0000000,0.0000000,0,0,0,0
755485819651583 D 1129,897647339,1000,1549,1549,2.3761363,-0.00004,-1,-1,-1,0,0,0,136,1,1,0,0.0000000,0.0000000,0.0000000,0,0,0,0
755485820631166 D 1130,897648339,1000,1549,1549,2.3761363,-0.00004,-1,-1,-1,0,0,0,136,1,1,0,0.0000000,0.0000000,0.0000000,0,0,0,0
755485821631458 D 1131,897649339,1000,1549,1549,2.3761363,-0.00003,-1,-1,-1,0,0,0,136,1,1,0,0.0000000,0.0000000,0.0000000,0,0,0,0
755485822626375 D 1132,897650339,1000,1549,1549,2.3761363,-0.00003,-1,-1,-1,0,0,0,136,1,1,0,0.0000000,0.0000000,0.0000000,0,0,0,0
755485823641458 D 1133,897651339,1000,1549,1549,2.3761363,-0.00003,-1,-1,-1,0,0,0,136,1,1,0,0.0000000,0.0000000,0.0000000,0,0,0,0
755485825049041 D 1134,897652339,1000,1549,1549,2.3761363,-0.00003,39,124,2084,0,0,0,136,1,1,0,0.0000000,0.0000000,0.0000000,0,0,0,0
755485825663375 D 1135,897653339,1000,1549,1549,2.3761363,-0.00003,-1,-1,-1,0,0,0,136,1,1,0,0.0000000,0.0000000,0.0000000,0,0,0,0
755485826628791 D 1136,897654339,1000,1549,1549,2.3761363,-0.00003,-1,-1,-1,0,0,0,136,1,1,0,0.0000000,0.0000000,0.0000000,0,0,0,0
755485827618500 D 1137,897655339,1000,1549,1549,2.3761363,-0.00003,-1,-1,-1,0,0,0,136,1,1,0,0.0000000,0.0000000,0.0000000,0,0,0,0
755485828629250 D 1138,897656339,1000,1549,1549,2.3761363,-0.00003,-1,-1,-1,0,0,0,136,1,1,0,0.0000000,0.0000000,0.0000000,0,0,0,0
755485829638541 D 1139,897657339,1000,1549,1549,2.3761363,-0.00002,-1,-1,-1,0,0,0,136,1,1,0,0.0000000,0.0000000,0.0000000,0,0,0,0
755485830617708 D 1140,897658339,1000,1549,1549,2.3761363,-0.00002,-1,-1,-1,0,0,0,136,1,1,0,0.0000000,0.0000000,0.0000000,0,0,0,0
755485831619291 D 1141,897659339,1000,1549,1549,2.3761363,-0.00002,-1,-1,-1,0,0,0,136,1,1,0,0.0000000,0.0000000,0.0000000,0,0,0,0
755485832640416 D 1142,897660339,1000,1549,1549,2.3761363,-0.00002,-1,-1,-1,0,0,0,136,1,1,0,0.0000000,0.0000000,0.0000000,0,0,0,0
755485833624416 D 1143,897661339,1000,1549,1549,2.3761363,-0.00002,-1,-1,-1,0,0,0,136,1,1,0,0.0000000,0.0000000,0.0000000,0,0,0,0
755485834616875 D 1144,897662339,1000,1549,1549,2.3761363,-0.00002,-1,-1,-1,0,0,0,136,1,1,0,0.0000000,0.0000000,0.0000000,0,0,0,0
755485835620458 D 1145,897663339,1000,1549,1549,2.3761363,-0.00002,-1,-1,-1,0,0,0,136,1,1,0,0.0000000,0.0000000,0.0000000,0,0,0,0
755485836620583 D 1146,897664339,1000,1549,1549,2.3761363,-0.00002,-1,-1,-1,0,0,0,136,1,1,0,0.0000000,0.0000000,0.0000000,0,0,0,0
755485837619458 D 1147,897665339,1000,1549,1549,2.3761363,-0.00002,-1,-1,-1,0,0,0,136,1,1,0,0.0000000,0.0000000,0.0000000,0,0,0,0
755485838624958 D 1148,897666339,1000,1549,1549,2.3761363,-0.00002,-1,-1,-1,0,0,0,136,1,1,0,0.0000000,0.0000000,0.0000000,0,0,0,0
755485839619625 D 1149,897667339,1000,1549,1549,2.3761363,-0.00002,-1,-1,-1,0,0,0,136,1,1,0,0.0000000,0.0000000,0.0000000,0,0,0,0
755485840630125 D 1150,897668339,1000,1549,1549,2.3761363,-0.00002,-1,-1,-1,0,0,0,136,1,1,0,0.0000000,0.0000000,0.0000000,0,0,0,0
755485841667166 D 1151,897669339,1000,1549,1549,2.3761363,-0.00002,-1,-1,-1,0,0,0,136,1,1,0,0.0000000,0.0000000,0.0000000,0,0,0,0
755485842674791 D 1152,897670339,1000,1549,1549,2.3761363,-0.00001,-1,-1,-1,0,0,0,136,1,1,0,0.0000000,0.0000000,0.0000000,0,0,0,0
755485843979125 D 1153,897671339,1000,1549,1549,2.3761363,-0.00001,-1,-1,-1,0,0,0,136,1,1,0,0.0000000,0.0000000,0.0000000,0,0,0,0
755485845126833 D 1154,897672339,1000,1549,1549,2.3761363,-0.00001,-1,-1,-1,0,0,0,136,1,1,0,0.0000000,0.0000000,0.0000000,0,0,0,0
755485846061166 D 1155,897673339,1000,1549,1549,2.3761363,-0.00001,-1,-1,-1,0,0,0,136,1,1,0,0.0000000,0.0000000,0.0000000,0,0,0,0
755485846816500 D 1156,897674339,1000,1549,1549,2.3761363,-0.00001,-1,-1,-1,0,0,0,136,1,1,0,0.0000000,0.0000000,0.0000000,0,0,0,0
755485847892625 D 1157,897675339,1000,1549,1549,2.3761363,-0.00001,-1,-1,-1,0,0,0,136,1,1,0,0.0000000,0.0000000,0.0000000,0,0,0,0
755485848845541 D 1158,897676339,1000,1549,1549,2.3761363,-0.00001,-1,-1,-1,0,0,0,136,1,1,0,0.0000000,0.0000000,0.0000000,0,0,0,0
755485849801166 D 1159,897677339,1000,1549,1549,2.3761363,-0.00001,-1,-1,-1,0,0,0,136,1,1,0,0.0000000,0.0000000,0.0000000,0,0,0,0
755485850758291 D 1160,897678339,1000,1549,1549,2.3761363,-0.00001,-1,-1,-1,0,0,0,136,1,1,0,0.0000000,0.0000000,0.0000000,0,0,0,0
755485851756083 D 1161,897679339,1000,1549,1549,2.3761363,-0.00001,-1,-1,-1,0,0,0,136,1,1,0,0.0000000,0.0000000,0.0000000,0,0,0,0
755485852889541 D 1162,897680339,1000,1549,1549,2.3761363,-0.00001,-1,-1,-1,0,0,0,136,1,1,0,0.0000000,0.0000000,0.0000000,0,0,0,0
755485853747791 D 1163,897681339,1000,1549,1549,2.3761363,-0.00001,-1,-1,-1,0,0,0,136,1,1,0,0.0000000,0.0000000,0.0000000,0,0,0,0
755485854859375 D 1164,897682339,1000,1549,1549,2.3761363,-0.00001,-1,-1,-1,0,0,0,136,1,1,0,0.0000000,0.0000000,0.0000000,0,0,0,0
755485855807916 D 1165,897683339,1000,1549,1549,2.3761363,-0.00001,-1,-1,-1,0,0,0,136,1,1,0,0.0000000,0.0000000,0.0000000,0,0,0,0
755485856812333 D 1166,897684339,1000,1549,1549,2.3761363,-0.00001,-1,-1,-1,0,0,0,136,1,1,0,0.0000000,0.0000000,0.0000000,0,0,0,0
755485857744208 D 1167,897685339,1000,1549,1549,2.3761363,-0.00001,-1,-1,-1,0,0,0,136,1,1,0,0.0000000,0.0000000,0.0000000,0,0,0,0
755485858697500 D 1168,897686339,1000,1549,1549,2.3761363,-0.00001,-1,-1,-1,0,0,0,136,1,1,0,0.0000000,0.0000000,0.0000000,0,0,0,0
755485859718541 D 1169,897687339,1000,1549,1549,2.3761363,-0.00001,-1,-1,-1,0,0,0,136,1,1,0,0.0000000,0.0000000,0.0000000,0,0,0,0
755485860701125 D 1170,897688339,1000,1549,1549,2.3761363,-0.00001,-1,-1,-1,0,0,0,136,1,1,0,0.0000000,0.0000000,0.0000000,0,0,0,0
755485861711208 D 1171,897689339,1000,1549,1549,2.3761363,-0.00001,-1,-1,-1,0,0,0,136,1,1,0,0.0000000,0.0000000,0.0000000,0,0,0,0
755485862748333 D 1172,897690339,1000,1549,1549,2.3761363,-0.00001,-1,-1,-1,0,0,0,136,1,1,0,0.0000000,0.0000000,0.0000000,0,0,0,0
755485863767750 D 1173,897691339,1000,1549,1549,2.3761363,-0.00001,-1,-1,-1,0,0,0,136,1,1,0,0.0000000,0.0000000,0.0000000,0,0,0,0
755485864717041 D 1174,897692339,1000,1549,1549,2.3761363,-0.00001,-1,-1,-1,0,0,0,136,1,1,0,0.0000000,0.0000000,0.0000000,0,0,0,0
755485865718333 D 1175,897693339,1000,1549,1549,2.3761363,-0.00001,-1,-1,-1,0,0,0,136,1,1,0,0.0000000,0.0000000,0.0000000,0,0,0,0
755485866570250 D 1176,897694339,1000,1549,1549,2.3761363,-0.00001,-1,-1,-1,0,0,0,136,1,1,0,0.0000000,0.0000000,0.0000000,0,0,0,0
755485867591750 D 1177,897695339,1000,1549,1549,2.3761363,-0.00001,-1,-1,-1,0,0,0,136,1,1,0,0.0000000,0.0000000,0.0000000,0,0,0,0
755485868591083 D 1178,897696339,1000,1549,1549,2.3761363,-0.00001,-1,-1,-1,0,0,0,136,1,1,0,0.0000000,0.0000000,0.0000000,0,0,0,0
755485869560833 D 1179,897697339,1000,1549,1549,2.3761363,-0.00000,-1,-1,-1,0,0,0,136,1,1,0,0.0000000,0.0000000,0.0000000,0,0,0,0
755485870540208 D 1180,897698339,1000,1549,1549,2.3761363,-0.00000,-1,-1,-1,0,0,0,136,1,1,0,0.0000000,0.0000000,0.0000000,0,0,0,0
755485871547791 D 1181,897699339,1000,1549,1549,2.3761363,-0.00000,-1,-1,-1,0,0,0,135,1,1,0,0.0000000,0.0000000,0.0000000,0,0,0,0
755485872540708 D 1182,897700339,1000,1549,1549,2.3761363,-0.00000,-1,-1,-1,0,0,0,136,1,1,0,0.0000000,0.0000000,0.0000000,0,0,0,0
755485873526208 D 1183,897701339,1000,1549,1549,2.3761363,-0.00000,-1,-1,-1,0,0,0,136,1,1,0,0.0000000,0.0000000,0.0000000,0,0,0,0
755485874944750 D 1184,897702339,1000,1549,1549,2.3761363,-0.00000,39,124,2086,0,0,0,136,1,1,0,0.0000000,0.0000000,0.0000000,0,0,0,0
755485875558500 D 1185,897703339,1000,1549,1549,2.3761363,-0.00000,-1,-1,-1,0,0,0,136,1,1,0,0.0000000,0.0000000,0.0000000,0,0,0,0
755485876561833 D 1186,897704339,1000,1549,1549,2.3761363,-0.00000,-1,-1,-1,0,0,0,136,1,1,0,0.0000000,0.0000000,0.0000000,0,0,0,0
755485877557875 D 1187,897705339,1000,1549,1549,2.3761363,-0.00000,-1,-1,-1,0,0,0,136,1,1,0,0.0000000,0.0000000,0.0000000,0,0,0,0
755485878655416 D 1188,897706339,1000,1549,1549,2.3761363,-0.00000,-1,-1,-1,0,0,0,136,1,1,0,0.0000000,0.0000000,0.0000000,0,0,0,0
755485879660875 D 1189,897707339,1000,1549,1549,2.3761363,-0.00000,-1,-1,-1,0,0,0,136,1,1,0,0.0000000,0.0000000,0.0000000,0,0,0,0
755485880672083 D 1190,897708339,1000,1549,1549,2.3761363,-0.00000,-1,-1,-1,0,0,0,136,1,1,0,0.0000000,0.0000000,0.0000000,0,0,0,0
755485881635041 D 1191,897709339,1000,1549,1549,2.3761363,-0.00000,-1,-1,-1,0,0,0,136,1,1,0,0.0000000,0.0000000,0.0000000,0,0,0,0
755485882749625 D 1192,897710339,1000,1549,1549,2.3761363,-0.00000,-1,-1,-1,0,0,0,136,1,1,0,0.0000000,0.0000000,0.0000000,0,0,0,0
755485883773916 D 1193,897711339,1000,1549,1549,2.3761363,-0.00000,-1,-1,-1,0,0,0,136,1,1,0,0.0000000,0.0000000,0.0000000,0,0,0,0
755485884689333 D 1194,897712339,1000,1549,1549,2.3761363,-0.00000,-1,-1,-1,0,0,0,136,1,1,0,0.0000000,0.0000000,0.0000000,0,0,0,0
755485885727500 D 1195,897713339,1000,1549,1549,2.3761363,-0.00000,-1,-1,-1,0,0,0,136,1,1,0,0.0000000,0.0000000,0.0000000,0,0,0,0
755485886743375 D 1196,897714339,1000,1549,1549,2.3761363,-0.00000,-1,-1,-1,0,0,0,136,1,1,0,0.0000000,0.0000000,0.0000000,0,0,0,0
755485887726666 D 1197,897715339,1000,1549,1549,2.3761363,-0.00000,-1,-1,-1,0,0,0,136,1,1,0,0.0000000,0.0000000,0.0000000,0,0,0,0
755485888782291 D 1198,897716339,1000,1549,1549,2.3761363,-0.00000,-1,-1,-1,0,0,0,136,1,1,0,0.0000000,0.0000000,0.0000000,0,0,0,0
755485889809875 D 1199,897717339,1000,1549,1549,2.3761363,-0.00000,-1,-1,-1,0,0,0,136,1,1,0,0.0000000,0.0000000,0.0000000,0,0,0,0
755485890831458 D 1200,897718339,1000,1549,1549,2.3761363,-0.00000,-1,-1,-1,0,0,0,136,1,1,0,0.0000000,0.0000000,0.0000000,0,0,0,0
755485891716416 D 1201,897719339,1000,1549,1549,2.3761363,-0.00000,-1,-1,-1,0,0,0,136,1,1,0,0.0000000,0.0000000,0.0000000,0,0,0,0
755485892751833 D 1202,897720339,1000,1549,1549,2.3761363,-0.00000,-1,-1,-1,0,0,0,136,1,1,0,0.0000000,0.0000000,0.0000000,0,0,0,0
755485893717291 D 1203,897721339,1000,1549,1549,2.3761363,-0.00000,-1,-1,-1,0,0,0,136,1,1,0,0.0000000,0.0000000,0.0000000,0,0,0,0
755485894917041 D 1204,897722339,1000,1549,1549,2.3761363,-0.00000,-1,-1,-1,0,0,0,136,1,1,0,0.0000000,0.0000000,0.0000000,0,0,0,0
755485895995708 D 1205,897723339,1000,1549,1549,2.3761363,-0.00000,-1,-1,-1,0,0,0,136,1,1,0,0.0000000,0.0000000,0.0000000,0,0,0,0
755485896971166 D 1206,897724339,1000,1549,1549,2.3761363,-0.00000,-1,-1,-1,0,0,0,136,1,1,0,0.0000000,0.0000000,0.0000000,0,0,0,0
755485897859333 D 1207,897725339,1000,1549,1549,2.3761363,-0.00000,-1,-1,-1,0,0,0,136,1,1,0,0.0000000,0.0000000,0.0000000,0,0,0,0
755485898661166 D 1208,897726339,1000,1549,1549,2.3761363,-0.00000,-1,-1,-1,0,0,0,136,1,1,0,0.0000000,0.0000000,0.0000000,0,0,0,0
755485899685458 D 1209,897727339,1000,1549,1549,2.3761363,-0.00000,-1,-1,-1,0,0,0,135,1,1,0,0.0000000,0.0000000,0.0000000,0,0,0,0
755485900769541 D 1210,897728339,1000,1549,1549,2.3761363,-0.00000,-1,-1,-1,0,0,0,136,1,1,0,0.0000000,0.0000000,0.0000000,0,0,0,0
755485901824000 D 1211,897729339,1000,1549,1549,2.3761363,-0.00000,-1,-1,-1,0,0,0,136,1,1,0,0.0000000,0.0000000,0.0000000,0,0,0,0
755485902828375 D 1212,897730339,1000,1549,1549,2.3761363,-0.00000,-1,-1,-1,0,0,0,136,1,1,0,0.0000000,0.0000000,0.0000000,0,0,0,0
755485903819000 D 1213,897731339,1000,1549,1549,2.3761363,-0.00000,-1,-1,-1,0,0,0,136,1,1,0,0.0000000,0.0000000,0.0000000,0,0,0,0
755485904742000 D 1214,897732339,1000,1549,1549,2.3761363,-0.00000,-1,-1,-1,0,0,0,136,1,1,0,0.0000000,0.0000000,0.0000000,0,0,0,0
755485905734125 D 1215,897733339,1000,1549,1549,2.3761363,-0.00000,-1,-1,-1,0,0,0,136,1,1,0,0.0000000,0.0000000,0.0000000,0,0,0,0
755485906662833 D 1216,897734339,1000,1549,1549,2.3761363,-0.00000,-1,-1,-1,0,0,0,136,1,1,0,0.0000000,0.0000000,0.0000000,0,0,0,0
755485907639083 D 1217,897735339,1000,1549,1549,2.3761363,-0.00000,-1,-1,-1,0,0,0,136,1,1,0,0.0000000,0.0000000,0.0000000,0,0,0,0
755485908672250 D 1218,897736339,1000,1549,1549,2.3761363,-0.00000,-1,-1,-1,0,0,0,136,1,1,0,0.0000000,0.0000000,0.0000000,0,0,0,0
755485909696583 D 1219,897737339,1000,1549,1549,2.3761363,-0.00000,-1,-1,-1,0,0,0,136,1,1,0,0.0000000,0.0000000,0.0000000,0,0,0,0
755485910678625 D 1220,897738339,1000,1549,1549,2.3761363,-0.00000,-1,-1,-1,0,0,0,136,1,1,0,0.0000000,0.0000000,0.0000000,0,0,0,0
755485911713875 D 1221,897739339,1000,1549,1549,2.3761363,-0.00000,-1,-1,-1,0,0,0,136,1,1,0,0.0000000,0.0000000,0.0000000,0,0,0,0
755485912673333 D 1222,897740339,1000,1549,1549,2.3761363,-0.00000,-1,-1,-1,0,0,0,136,1,1,0,0.0000000,0.0000000,0.0000000,0,0,0,0
755485913665958 D 1223,897741339,1000,1549,1549,2.3761363,-0.00000,-1,-1,-1,0,0,0,136,1,1,0,0.0000000,0.0000000,0.0000000,0,0,0,0
755485914810041 D 1224,897742339,1000,1549,1549,2.3761363,-0.00000,-1,-1,-1,0,0,0,136,1,1,0,0.0000000,0.0000000,0.0000000,0,0,0,0
755485915973458 D 1225,897743339,1000,1549,1549,2.3761363,-0.00000,-1,-1,-1,0,0,0,136,1,1,0,0.0000000,0.0000000,0.0000000,0,0,0,0
755485916942708 D 1226,897744339,1000,1549,1549,2.3761363,-0.00000,-1,-1,-1,0,0,0,136,1,1,0,0.0000000,0.0000000,0.0000000,0,0,0,0
755485917908583 D 1227,897745339,1000,1549,1549,2.3761363,-0.00000,-1,-1,-1,0,0,0,136,1,1,0,0.0000000,0.0000000,0.0000000,0,0,0,0
755485918760291 D 1228,897746339,1000,1549,1549,2.3761363,-0.00000,-1,-1,-1,0,0,0,136,1,1,0,0.0000000,0.0000000,0.0000000,0,0,0,0
755485919744458 D 1229,897747339,1000,1549,1549,2.3761363,-0.00000,-1,-1,-1,0,0,0,136,1,1,0,0.0000000,0.0000000,0.0000000,0,0,0,0
755485920722916 D 1230,897748339,1000,1549,1549,2.3761363,-0.00000,-1,-1,-1,0,0,0,136,1,1,0,0.0000000,0.0000000,0.0000000,0,0,0,0
755485921701041 D 1231,897749339,1000,1549,1549,2.3761363,-0.00000,-1,-1,-1,0,0,0,136,1,1,0,0.0000000,0.0000000,0.0000000,0,0,0,0
755485922711416 D 1232,897750339,1000,1549,1549,2.3761363,-0.00000,-1,-1,-1,0,0,0,136,1,1,0,0.0000000,0.0000000,0.0000000,0,0,0,0
755485923678041 D 1233,897751339,1000,1549,1549,2.3761363,-0.00000,-1,-1,-1,0,0,0,136,1,1,0,0.0000000,0.0000000,0.0000000,0,0,0,0
755485925039333 D 1234,897752339,1000,1549,1549,2.3761363,-0.00000,39,124,2087,0,0,0,136,1,1,0,0.0000000,0.0000000,0.0000000,0,0,0,0
755485925669166 D 1235,897753339,1000,1549,1549,2.3761363,-0.00000,-1,-1,-1,0,0,0,136,1,1,0,0.0000000,0.0000000,0.0000000,0,0,0,0
755485926740000 D 1236,897754339,1000,1549,1549,2.3761363,-0.00000,-1,-1,-1,0,0,0,136,1,1,0,0.0000000,0.0000000,0.0000000,0,0,0,0
755485927736791 D 1237,897755339,1000,1549,1549,2.3761363,-0.00000,-1,-1,-1,0,0,0,136,1,1,0,0.0000000,0.0000000,0.0000000,0,0,0,0
755485928680791 D 1238,897756339,1000,1549,1549,2.3761363,-0.00000,-1,-1,-1,0,0,0,136,1,1,0,0.0000000,0.0000000,0.0000000,0,0,0,0
755485929675166 D 1239,897757339,1000,1549,1549,2.3761363,-0.00000,-1,-1,-1,0,0,0,136,1,1,0,0.0000000,0.0000000,0.0000000,0,0,0,0
755485930678583 D 1240,897758339,1000,1549,1549,2.3761363,-0.00000,-1,-1,-1,0,0,0,136,1,1,0,0.0000000,0.0000000,0.0000000,0,0,0,0
755485931731375 D 1241,897759339,1000,1549,1549,2.3761363,-0.00000,-1,-1,-1,0,0,0,136,1,1,0,0.0000000,0.0000000,0.0000000,0,0,0,0
755485932761708 D 1242,897760339,1000,1549,1549,2.3761363,-0.00000,-1,-1,-1,0,0,0,136,1,1,0,0.0000000,0.0000000,0.0000000,0,0,0,0
755485933841250 D 1243,897761339,1000,1549,1549,2.3761363,-0.00000,-1,-1,-1,0,0,0,136,1,1,0,0.0000000,0.0000000,0.0000000,0,0,0,0
755485934750333 D 1244,897762339,1000,1549,1549,2.3761363,-0.00000,-1,-1,-1,0,0,0,136,1,1,0,0.0000000,0.0000000,0.0000000,0,0,0,0
755485935707041 D 1245,897763339,1000,1549,1549,2.3761363,-0.00000,-1,-1,-1,0,0,0,136,1,1,0,0.0000000,0.0000000,0.0000000,0,0,0,0
755485936703625 D 1246,897764339,1000,1549,1549,2.3761363,-0.00000,-1,-1,-1,0,0,0,136,1,1,0,0.0000000,0.0000000,0.0000000,0,0,0,0
755485937662916 D 1247,897765339,1000,1549,1549,2.3761363,-0.00000,-1,-1,-1,0,0,0,136,1,1,0,0.0000000,0.0000000,0.0000000,0,0,0,0
755485938646041 D 1248,897766339,1000,1549,1549,2.3761363,-0.00000,-1,-1,-1,0,0,0,136,1,1,0,0.0000000,0.0000000,0.0000000,0,0,0,0
755485939660083 D 1249,897767339,1000,1549,1549,2.3761363,-0.00000,-1,-1,-1,0,0,0,136,1,1,0,0.0000000,0.0000000,0.0000000,0,0,0,0
755485940680541 D 1250,897768339,1000,1549,1549,2.3761363,-0.00000,-1,-1,-1,0,0,0,136,1,1,0,0.0000000,0.0000000,0.0000000,0,0,0,0
755485941694750 D 1251,897769339,1000,1549,1549,2.3761363,-0.00000,-1,-1,-1,0,0,0,136,1,1,0,0.0000000,0.0000000,0.0000000,0,0,0,0
755485942696625 D 1252,897770339,1000,1549,1549,2.3761363,-0.00000,-1,-1,-1,0,0,0,136,1,1,0,0.0000000,0.0000000,0.0000000,0,0,0,0
755485943660625 D 1253,897771339,1000,1549,1549,2.3761363,-0.00000,-1,-1,-1,0,0,0,136,1,1,0,0.0000000,0.0000000,0.0000000,0,0,0,0
755485944658375 D 1254,897772339,1000,1549,1549,2.3761363,-0.00000,-1,-1,-1,0,0,0,136,1,1,0,0.0000000,0.0000000,0.0000000,0,0,0,0
755485945658875 D 1255,897773339,1000,1549,1549,2.3761363,-0.00000,-1,-1,-1,0,0,0,136,1,1,0,0.0000000,0.0000000,0.0000000,0,0,0,0
755485946647083 D 1256,897774339,1000,1549,1549,2.3761363,-0.00000,-1,-1,-1,0,0,0,136,1,1,0,0.0000000,0.0000000,0.0000000,0,0,0,0
755485947642791 D 1257,897775339,1000,1549,1549,2.3761363,-0.00000,-1,-1,-1,0,0,0,136,1,1,0,0.0000000,0.0000000,0.0000000,0,0,0,0
755485948646125 D 1258,897776339,1000,1549,1549,2.3761363,-0.00000,-1,-1,-1,0,0,0,136,1,1,0,0.0000000,0.0000000,0.0000000,0,0,0,0
755485949639291 D 1259,897777339,1000,1549,1549,2.3761363,-0.00000,-1,-1,-1,0,0,0,136,1,1,0,0.0000000,0.0000000,0.0000000,0,0,0,0
755485950873791 D 1260,897778339,1000,1549,1549,2.3761363,-0.00000,-1,-1,-1,0,0,0,136,1,1,0,0.0000000,0.0000000,0.0000000,0,0,0,0
755485951870166 D 1261,897779339,1000,1549,1549,2.3761363,-0.00000,-1,-1,-1,0,0,0,136,1,1,0,0.0000000,0.0000000,0.0000000,0,0,0,0
755485952858000 D 1262,897780339,1000,1549,1549,2.3761363,-0.00000,-1,-1,-1,0,0,0,136,1,1,0,0.0000000,0.0000000,0.0000000,0,0,0,0
755485953716208 D 1263,897781339,1000,1549,1549,2.3761363,-0.00000,-1,-1,-1,0,0,0,136,1,1,0,0.0000000,0.0000000,0.0000000,0,0,0,0
755485954666500 D 1264,897782339,1000,1549,1549,2.3761363,-0.00000,-1,-1,-1,0,0,0,136,1,1,0,0.0000000,0.0000000,0.0000000,0,0,0,0
755485955651333 D 1265,897783339,1000,1549,1549,2.3761363,-0.00000,-1,-1,-1,0,0,0,136,1,1,0,0.0000000,0.0000000,0.0000000,0,0,0,0
755485956638916 D 1266,897784339,1000,1549,1549,2.3761363,-0.00000,-1,-1,-1,0,0,0,136,1,1,0,0.0000000,0.0000000,0.0000000,0,0,0,0
755485957704125 D 1267,897785339,1000,1549,1549,2.3761363,-0.00000,-1,-1,-1,0,0,0,136,1,1,0,0.0000000,0.0000000,0.0000000,0,0,0,0
755485958701916 D 1268,897786339,1000,1549,1549,2.3761363,-0.00000,-1,-1,-1,0,0,0,136,1,1,0,0.0000000,0.0000000,0.0000000,0,0,0,0
755485959664083 D 1269,897787339,1000,1549,1549,2.3761363,-0.00000,-1,-1,-1,0,0,0,136,1,1,0,0.0000000,0.0000000,0.0000000,0,0,0,0
755485960647583 D 1270,897788339,1000,1549,1549,2.3761363,-0.00000,-1,-1,-1,0,0,0,136,1,1,0,0.0000000,0.0000000,0.0000000,0,0,0,0
755485961652291 D 1271,897789339,1000,1549,1549,2.3761363,-0.00000,-1,-1,-1,0,0,0,136,1,1,0,0.0000000,0.0000000,0.0000000,0,0,0,0
755485962654375 D 1272,897790339,1000,1549,1549,2.3761363,-0.00000,-1,-1,-1,0,0,0,136,1,1,0,0.0000000,0.0000000,0.0000000,0,0,0,0
755485963642458 D 1273,897791339,1000,1549,1549,2.3761363,-0.00000,-1,-1,-1,0,0,0,136,1,1,0,0.0000000,0.0000000,0.0000000,0,0,0,0
755485964642166 D 1274,897792339,1000,1549,1549,2.3761363,-0.00000,-1,-1,-1,0,0,0,136,1,1,0,0.0000000,0.0000000,0.0000000,0,0,0,0
755485965638583 D 1275,897793339,1000,1549,1549,2.3761363,-0.00000,-1,-1,-1,0,0,0,136,1,1,0,0.0000000,0.0000000,0.0000000,0,0,0,0
755485966637791 D 1276,897794339,1000,1549,1549,2.3761363,-0.00000,-1,-1,-1,0,0,0,136,1,1,0,0.0000000,0.0000000,0.0000000,0,0,0,0
755485967623583 D 1277,897795339,1000,1549,1549,2.3761363,-0.00000,-1,-1,-1,0,0,0,136,1,1,0,0.0000000,0.0000000,0.0000000,0,0,0,0
755485968631666 D 1278,897796339,1000,1549,1549,2.3761363,-0.00000,-1,-1,-1,0,0,0,136,1,1,0,0.0000000,0.0000000,0.0000000,0,0,0,0
755485969641083 D 1279,897797339,1000,1549,1549,2.3761363,-0.00000,-1,-1,-1,0,0,0,136,1,1,0,0.0000000,0.0000000,0.0000000,0,0,0,0
755485970641916 D 1280,897798339,1000,1549,1549,2.3761363,-0.00000,-1,-1,-1,0,0,0,136,1,1,0,0.0000000,0.0000000,0.0000000,0,0,0,0
755485971649833 D 1281,897799339,1000,1549,1549,2.3761363,-0.00000,-1,-1,-1,0,0,0,136,1,1,0,0.0000000,0.0000000,0.0000000,0,0,0,0
755485972683333 D 1282,897800339,1000,1549,1549,2.3761363,-0.00000,-1,-1,-1,0,0,0,136,1,1,0,0.0000000,0.0000000,0.0000000,0,0,0,0
755485973719166 D 1283,897801339,1000,1549,1549,2.3761363,-0.00000,-1,-1,-1,0,0,0,136,1,1,0,0.0000000,0.0000000,0.0000000,0,0,0,0
755485975111791 D 1284,897802339,1000,1549,1549,2.3761363,-0.00000,39,124,2085,0,0,0,136,1,1,0,0.0000000,0.0000000,0.0000000,0,0,0,0
755485975765375 D 1285,897803339,1000,1549,1549,2.3761363,-0.00000,-1,-1,-1,0,0,0,136,1,1,0,0.0000000,0.0000000,0.0000000,0,0,0,0
755485976907916 D 1286,897804339,1000,1549,1549,2.3761363,-0.00000,-1,-1,-1,0,0,0,136,1,1,0,0.0000000,0.0000000,0.0000000,0,0,0,0
755485977861333 D 1287,897805339,1000,1549,1549,2.3761363,-0.00000,-1,-1,-1,0,0,0,136,1,1,0,0.0000000,0.0000000,0.0000000,0,0,0,0
755485978890208 D 1288,897806339,1000,1549,1549,2.3761363,-0.00000,-1,-1,-1,0,0,0,136,1,1,0,0.0000000,0.0000000,0.0000000,0,0,0,0
755485979641416 D 1289,897807339,1000,1549,1549,2.3761363,-0.00000,-1,-1,-1,0,0,0,136,1,1,0,0.0000000,0.0000000,0.0000000,0,0,0,0
755485980638708 D 1290,897808339,1000,1549,1549,2.3761363,-0.00000,-1,-1,-1,0,0,0,136,1,1,0,0.0000000,0.0000000,0.0000000,0,0,0,0
755485981647416 D 1291,897809339,1000,1549,1549,2.3761363,-0.00000,-1,-1,-1,0,0,0,136,1,1,0,0.0000000,0.0000000,0.0000000,0,0,0,0
755485982645750 D 1292,897810339,1000,1549,1549,2.3761363,-0.00000,-1,-1,-1,0,0,0,136,1,1,0,0.0000000,0.0000000,0.0000000,0,0,0,0
755485983648958 D 1293,897811339,1000,1549,1549,2.3761363,-0.00000,-1,-1,-1,0,0,0,136,1,1,0,0.0000000,0.0000000,0.0000000,0,0,0,0
755485984650125 D 1294,897812339,1000,1549,1549,2.3761363,-0.00000,-1,-1,-1,0,0,0,136,1,1,0,0.0000000,0.0000000,0.0000000,0,0,0,0
755485985668291 D 1295,897813339,1000,1549,1549,2.3761363,-0.00000,-1,-1,-1,0,0,0,136,1,1,0,0.0000000,0.0000000,0.0000000,0,0,0,0
755485986702625 D 1296,897814339,1000,1549,1549,2.3761363,-0.00000,-1,-1,-1,0,0,0,136,1,1,0,0.0000000,0.0000000,0.0000000,0,0,0,0
755485987760083 D 1297,897815339,1000,1549,1549,2.3761363,-0.00000,-1,-1,-1,0,0,0,136,1,1,0,0.0000000,0.0000000,0.0000000,0,0,0,0
755485988731125 D 1298,897816339,1000,1549,1549,2.3761363,-0.00000,-1,-1,-1,0,0,0,136,1,1,0,0.0000000,0.0000000,0.0000000,0,0,0,0
755485989715041 D 1299,897817339,1000,1549,1549,2.3761363,-0.00000,-1,-1,-1,0,0,0,136,1,1,0,0.0000000,0.0000000,0.0000000,0,0,0,0
755485990666791 D 1300,897818339,1000,1549,1549,2.3761363,-0.00000,-1,-1,-1,0,0,0,136,1,1,0,0.0000000,0.0000000,0.0000000,0,0,0,0
755485991652791 D 1301,897819339,1000,1549,1549,2.3761363,-0.00000,-1,-1,-1,0,0,0,136,1,1,0,0.0000000,0.0000000,0.0000000,0,0,0,0
755485992662458 D 1302,897820339,1000,1549,1549,2.3761363,-0.00000,-1,-1,-1,0,0,0,136,1,1,0,0.0000000,0.0000000,0.0000000,0,0,0,0
755485993647166 D 1303,897821339,1000,1549,1549,2.3761363,-0.00000,-1,-1,-1,0,0,0,136,1,1,0,0.0000000,0.0000000,0.0000000,0,0,0,0
755485994639041 D 1304,897822339,1000,1549,1549,2.3761363,-0.00000,-1,-1,-1,0,0,0,136,1,1,0,0.0000000,0.0000000,0.0000000,0,0,0,0
755485995634166 D 1305,897823339,1000,1549,1549,2.3761363,-0.00000,-1,-1,-1,0,0,0,136,1,1,0,0.0000000,0.0000000,0.0000000,0,0,0,0
755485996638000 D 1306,897824339,1000,1549,1549,2.3761363,-0.00000,-1,-1,-1,0,0,0,136,1,1,0,0.0000000,0.0000000,0.0000000,0,0,0,0
755485997633625 D 1307,897825339,1000,1549,1549,2.3761363,-0.00000,-1,-1,-1,0,0,0,136,1,1,0,0.0000000,0.0000000,0.0000000,0,0,0,0
755485998640125 D 1308,897826339,1000,1549,1549,2.3761363,-0.00000,-1,-1,-1,0,0,0,136,1,1,0,0.0000000,0.0000000,0.0000000,0,0,0,0
755485999637416 D 1309,897827339,1000,1549,1549,2.3761363,-0.00000,-1,-1,-1,0,0,0,136,1,1,0,0.0000000,0.0000000,0.0000000,0,0,0,0
755486000642375 D 1310,897828339,1000,1549,1549,2.3761363,-0.00000,-1,-1,-1,0,0,0,136,1,1,0,0.0000000,0.0000000,0.0000000,0,0,0,0
755486001662291 D 1311,897829339,1000,1549,1549,2.3761363,-0.00000,-1,-1,-1,0,0,0,136,1,1,0,0.0000000,0.0000000,0.0000000,0,0,0,0
755486002656125 D 1312,897830339,1000,1549,1549,2.3761363,-0.00000,-1,-1,-1,0,0,0,136,1,1,0,0.0000000,0.0000000,0.0000000,0,0,0,0
755486003649625 D 1313,897831339,1000,1549,1549,2.3761363,-0.00000,-1,-1,-1,0,0,0,136,1,1,0,0.0000000,0.0000000,0.0000000,0,0,0,0
755486004895041 D 1314,897832339,1000,1549,1549,2.3761363,-0.00000,-1,-1,-1,0,0,0,136,1,1,0,0.0000000,0.0000000,0.0000000,0,0,0,0
755486005891750 D 1315,897833339,1000,1549,1549,2.3761363,-0.00000,-1,-1,-1,0,0,0,136,1,1,0,0.0000000,0.0000000,0.0000000,0,0,0,0
755486006805291 D 1316,897834339,1000,1549,1549,2.3761363,-0.00000,-1,-1,-1,0,0,0,136,1,1,0,0.0000000,0.0000000,0.0000000,0,0,0,0
755486007684541 D 1317,897835339,1000,1549,1549,2.3761363,-0.00000,-1,-1,-1,0,0,0,136,1,1,0,0.0000000,0.0000000,0.0000000,0,0,0,0
755486008647500 D 1318,897836339,1000,1549,1549,2.3761363,-0.00000,-1,-1,-1,0,0,0,136,1,1,0,0.0000000,0.0000000,0.0000000,0,0,0,0
755486009646375 D 1319,897837339,1000,1549,1549,2.3761363,-0.00000,-1,-1,-1,0,0,0,136,1,1,0,0.0000000,0.0000000,0.0000000,0,0,0,0
755486010661375 D 1320,897838339,1000,1549,1549,2.3761363,-0.00000,-1,-1,-1,0,0,0,136,1,1,0,0.0000000,0.0000000,0.0000000,0,0,0,0
755486011659875 D 1321,897839339,1000,1549,1549,2.3761363,-0.00000,-1,-1,-1,0,0,0,136,1,1,0,0.0000000,0.0000000,0.0000000,0,0,0,0
755486012649500 D 1322,897840339,1000,1549,1549,2.3761363,-0.00000,-1,-1,-1,0,0,0,136,1,1,0,0.0000000,0.0000000,0.0000000,0,0,0,0
755486013667708 D 1323,897841339,1000,1549,1549,2.3761363,-0.00000,-1,-1,-1,0,0,0,136,1,1,0,0.0000000,0.0000000,0.0000000,0,0,0,0
755486014640333 D 1324,897842339,1000,1549,1549,2.3761363,-0.00000,-1,-1,-1,0,0,0,136,1,1,0,0.0000000,0.0000000,0.0000000,0,0,0,0
755486015636875 D 1325,897843339,1000,1549,1549,2.3761363,-0.00000,-1,-1,-1,0,0,0,136,1,1,0,0.0000000,0.0000000,0.0000000,0,0,0,0
755486016635041 D 1326,897844339,1000,1549,1549,2.3761363,-0.00000,-1,-1,-1,0,0,0,136,1,1,0,0.0000000,0.0000000,0.0000000,0,0,0,0
755486017640833 D 1327,897845339,1000,1549,1549,2.3761363,-0.00000,-1,-1,-1,0,0,0,136,1,1,0,0.0000000,0.0000000,0.0000000,0,0,0,0
755486018641125 D 1328,897846339,1000,1549,1549,2.3761363,-0.00000,-1,-1,-1,0,0,0,136,1,1,0,0.0000000,0.0000000,0.0000000,0,0,0,0
755486019632416 D 1329,897847339,1000,1549,1549,2.3761363,-0.00000,-1,-1,-1,0,0,0,136,1,1,0,0.0000000,0.0000000,0.0000000,0,0,0,0
755486020715666 D 1330,897848339,1000,1549,1549,2.3761363,-0.00000,-1,-1,-1,0,0,0,136,1,1,0,0.0000000,0.0000000,0.0000000,0,0,0,0
755486021657250 D 1331,897849339,1000,1549,1549,2.3761363,-0.00000,-1,-1,-1,0,0,0,136,1,1,0,0.0000000,0.0000000,0.0000000,0,0,0,0
755486022640583 D 1332,897850339,1000,1549,1549,2.3761363,-0.00000,-1,-1,-1,0,0,0,136,1,1,0,0.0000000,0.0000000,0.0000000,0,0,0,0
755486023639083 D 1333,897851339,1000,1549,1549,2.3761363,-0.00000,-1,-1,-1,0,0,0,136,1,1,0,0.0000000,0.0000000,0.0000000,0,0,0,0
755486025019000 D 1334,897852339,1000,1549,1549,2.3761363,-0.00000,39,124,2086,0,0,0,136,1,1,0,0.0000000,0.0000000,0.0000000,0,0,0,0
755486025627833 D 1335,897853339,1000,1549,1549,2.3761363,-0.00000,-1,-1,-1,0,0,0,136,1,1,0,0.0000000,0.0000000,0.0000000,0,0,0,0
755486026675666 D 1336,897854339,1000,1549,1549,2.3761363,-0.00000,-1,-1,-1,0,0,0,136,1,1,0,0.0000000,0.0000000,0.0000000,0,0,0,0
755486027654416 D 1337,897855339,1000,1549,1549,2.3761363,-0.00000,-1,-1,-1,0,0,0,136,1,1,0,0.0000000,0.0000000,0.0000000,0,0,0,0
755486028650541 D 1338,897856339,1000,1549,1549,2.3761363,-0.00000,-1,-1,-1,0,0,0,136,1,1,0,0.0000000,0.0000000,0.0000000,0,0,0,0
755486029634875 D 1339,897857339,1000,1549,1549,2.3761363,-0.00000,-1,-1,-1,0,0,0,136,1,1,0,0.0000000,0.0000000,0.0000000,0,0,0,0
755486030633250 D 1340,897858339,1000,1549,1549,2.3761363,-0.00000,-1,-1,-1,0,0,0,136,1,1,0,0.0000000,0.0000000,0.0000000,0,0,0,0
755486031633791 D 1341,897859339,1000,1549,1549,2.3761363,-0.00000,-1,-1,-1,0,0,0,136,1,1,0,0.0000000,0.0000000,0.0000000,0,0,0,0
755486032634958 D 1342,897860339,1000,1549,1549,2.3761363,-0.00000,-1,-1,-1,0,0,0,136,1,1,0,0.0000000,0.0000000,0.0000000,0,0,0,0
755486033854375 D 1343,897861339,1000,1549,1549,2.3761363,-0.00000,-1,-1,-1,0,0,0,136,1,1,0,0.0000000,0.0000000,0.0000000,0,0,0,0
755486034860916 D 1344,897862339,1000,1549,1549,2.3761363,-0.00000,-1,-1,-1,0,0,0,136,1,1,0,0.0000000,0.0000000,0.0000000,0,0,0,0
755486035854708 D 1345,897863339,1000,1549,1549,2.3761363,-0.00000,-1,-1,-1,0,0,0,136,1,1,0,0.0000000,0.0000000,0.0000000,0,0,0,0
755486036907750 D 1346,897864339,1000,1549,1549,2.3761363,-0.00000,-1,-1,-1,0,0,0,136,1,1,0,0.0000000,0.0000000,0.0000000,0,0,0,0
755486037853375 D 1347,897865339,1000,1549,1549,2.3761363,-0.00000,-1,-1,-1,0,0,0,136,1,1,0,0.0000000,0.0000000,0.0000000,0,0,0,0
755486038722916 D 1348,897866339,1000,1549,1549,2.3761363,-0.00000,-1,-1,-1,0,0,0,136,1,1,0,0.0000000,0.0000000,0.0000000,0,0,0,0
755486039638083 D 1349,897867339,1000,1549,1549,2.3761363,-0.00000,-1,-1,-1,0,0,0,136,1,1,0,0.0000000,0.0000000,0.0000000,0,0,0,0
755486040635083 D 1350,897868339,1000,1549,1549,2.3761363,-0.00000,-1,-1,-1,0,0,0,136,1,1,0,0.0000000,0.0000000,0.0000000,0,0,0,0
755486041630833 D 1351,897869339,1000,1549,1549,2.3761363,-0.00000,-1,-1,-1,0,0,0,136,1,1,0,0.0000000,0.0000000,0.0000000,0,0,0,0
755486042631125 D 1352,897870339,1000,1549,1549,2.3761363,-0.00000,-1,-1,-1,0,0,0,136,1,1,0,0.0000000,0.0000000,0.0000000,0,0,0,0
755486043649458 D 1353,897871339,1000,1549,1549,2.3761363,-0.00000,-1,-1,-1,0,0,0,136,1,1,0,0.0000000,0.0000000,0.0000000,0,0,0,0
755486044654708 D 1354,897872339,1000,1549,1549,2.3761363,-0.00000,-1,-1,-1,0,0,0,136,1,1,0,0.0000000,0.0000000,0.0000000,0,0,0,0
755486045663333 D 1355,897873339,1000,1549,1549,2.3761363,-0.00000,-1,-1,-1,0,0,0,136,1,1,0,0.0000000,0.0000000,0.0000000,0,0,0,0
755486046700416 D 1356,897874339,1000,1549,1549,2.3761363,-0.00000,-1,-1,-1,0,0,0,136,1,1,0,0.0000000,0.0000000,0.0000000,0,0,0,0
755486047684708 D 1357,897875339,1000,1549,1549,2.3761363,-0.00000,-1,-1,-1,0,0,0,136,1,1,0,0.0000000,0.0000000,0.0000000,0,0,0,0
755486048644166 D 1358,897876339,1000,1549,1549,2.3761363,-0.00000,-1,-1,-1,0,0,0,136,1,1,0,0.0000000,0.0000000,0.0000000,0,0,0,0
755486049644583 D 1359,897877339,1000,1549,1549,2.3761363,-0.00000,-1,-1,-1,0,0,0,136,1,1,0,0.0000000,0.0000000,0.0000000,0,0,0,0
755486050679291 D 1360,897878339,1000,1549,1549,2.3761363,-0.00000,-1,-1,-1,0,0,0,136,1,1,0,0.0000000,0.0000000,0.0000000,0,0,0,0
755486051670916 D 1361,897879339,1000,1549,1549,2.3761363,-0.00000,-1,-1,-1,0,0,0,136,1,1,0,0.0000000,0.0000000,0.0000000,0,0,0,0
755486052669000 D 1362,897880339,1000,1549,1549,2.3761363,-0.00000,-1,-1,-1,0,0,0,136,1,1,0,0.0000000,0.0000000,0.0000000,0,0,0,0
755486053643791 D 1363,897881339,1000,1549,1549,2.3761363,-0.00000,-1,-1,-1,0,0,0,136,1,1,0,0.0000000,0.0000000,0.0000000,0,0,0,0
755486054649458 D 1364,897882339,1000,1549,1549,2.3761363,-0.00000,-1,-1,-1,0,0,0,136,1,1,0,0.0000000,0.0000000,0.0000000,0,0,0,0
755486055651875 D 1365,897883339,1000,1549,1549,2.3761363,-0.00000,-1,-1,-1,0,0,0,136,1,1,0,0.0000000,0.0000000,0.0000000,0,0,0,0
755486056704000 D 1366,897884339,1000,1549,1549,2.3761363,-0.00000,-1,-1,-1,0,0,0,136,1,1,0,0.0000000,0.0000000,0.0000000,0,0,0,0
755486057667166 D 1367,897885339,1000,1549,1549,2.3761363,-0.00000,-1,-1,-1,0,0,0,136,1,1,0,0.0000000,0.0000000,0.0000000,0,0,0,0
755486058649916 D 1368,897886339,1000,1549,1549,2.3761363,-0.00000,-1,-1,-1,0,0,0,136,1,1,0,0.0000000,0.0000000,0.0000000,0,0,0,0
755486059934208 D 1369,897887339,1000,1549,1549,2.3761363,-0.00000,-1,-1,-1,0,0,0,136,1,1,0,0.0000000,0.0000000,0.0000000,0,0,0,0
755486060884416 D 1370,897888339,1000,1549,1549,2.3761363,-0.00000,-1,-1,-1,0,0,0,136,1,1,0,0.0000000,0.0000000,0.0000000,0,0,0,0
755486061894166 D 1371,897889339,1000,1549,1549,2.3761363,-0.00000,-1,-1,-1,0,0,0,136,1,1,0,0.0000000,0.0000000,0.0000000,0,0,0,0
755486062662333 D 1372,897890339,1000,1549,1549,2.3761363,-0.00000,-1,-1,-1,0,0,0,136,1,1,0,0.0000000,0.0000000,0.0000000,0,0,0,0
755486063648125 D 1373,897891339,1000,1549,1549,2.3761363,-0.00000,-1,-1,-1,0,0,0,136,1,1,0,0.0000000,0.0000000,0.0000000,0,0,0,0
755486064643000 D 1374,897892339,1000,1549,1549,2.3761363,-0.00000,-1,-1,-1,0,0,0,136,1,1,0,0.0000000,0.0000000,0.0000000,0,0,0,0
755486065645833 D 1375,897893339,1000,1549,1549,2.3761363,-0.00000,-1,-1,-1,0,0,0,136,1,1,0,0.0000000,0.0000000,0.0000000,0,0,0,0
755486066644916 D 1376,897894339,1000,1549,1549,2.3761363,-0.00000,-1,-1,-1,0,0,0,136,1,1,0,0.0000000,0.0000000,0.0000000,0,0,0,0
755486067673291 D 1377,897895339,1000,1549,1549,2.3761363,-0.00000,-1,-1,-1,0,0,0,136,1,1,0,0.0000000,0.0000000,0.0000000,0,0,0,0
755486068647458 D 1378,897896339,1000,1549,1549,2.3761363,-0.00000,-1,-1,-1,0,0,0,136,1,1,0,0.0000000,0.0000000,0.0000000,0,0,0,0
755486069636291 D 1379,897897339,1000,1549,1549,2.3761363,-0.00000,-1,-1,-1,0,0,0,136,1,1,0,0.0000000,0.0000000,0.0000000,0,0,0,0
755486070638375 D 1380,897898339,1000,1549,1549,2.3761363,-0.00000,-1,-1,-1,0,0,0,136,1,1,0,0.0000000,0.0000000,0.0000000,0,0,0,0
755486071642166 D 1381,897899339,1000,1549,1549,2.3761363,-0.00000,-1,-1,-1,0,0,0,136,1,1,0,0.0000000,0.0000000,0.0000000,0,0,0,0
755486072637125 D 1382,897900339,1000,1549,1549,2.3761363,-0.00000,-1,-1,-1,0,0,0,136,1,1,0,0.0000000,0.0000000,0.0000000,0,0,0,0
755486073636875 D 1383,897901339,1000,1549,1549,2.3761363,-0.00000,-1,-1,-1,0,0,0,136,1,1,0,0.0000000,0.0000000,0.0000000,0,0,0,0
755486075086958 D 1384,897902339,1000,1549,1549,2.3761363,-0.00000,39,124,2086,0,0,0,136,1,1,0,0.0000000,0.0000000,0.0000000,0,0,0,0
755486075708208 D 1385,897903339,1000,1549,1549,2.3761363,-0.00000,-1,-1,-1,0,0,0,136,1,1,0,0.0000000,0.0000000,0.0000000,0,0,0,0
755486076649708 D 1386,897904339,1000,1549,1549,2.3761363,-0.00000,-1,-1,-1,0,0,0,136,1,1,0,0.0000000,0.0000000,0.0000000,0,0,0,0
755486077643916 D 1387,897905339,1000,1549,1549,2.3761363,-0.00000,-1,-1,-1,0,0,0,136,1,1,0,0.0000000,0.0000000,0.0000000,0,0,0,0
755486078634625 D 1388,897906339,1000,1549,1549,2.3761363,-0.00000,-1,-1,-1,0,0,0,136,1,1,0,0.0000000,0.0000000,0.0000000,0,0,0,0
755486079634125 D 1389,897907339,1000,1549,1549,2.3761363,-0.00000,-1,-1,-1,0,0,0,136,1,1,0,0.0000000,0.0000000,0.0000000,0,0,0,0
755486080622791 D 1390,897908339,1000,1549,1549,2.3761363,-0.00000,-1,-1,-1,0,0,0,136,1,1,0,0.0000000,0.0000000,0.0000000,0,0,0,0
755486081620916 D 1391,897909339,1000,1549,1549,2.3761363,-0.00000,-1,-1,-1,0,0,0,136,1,1,0,0.0000000,0.0000000,0.0000000,0,0,0,0
755486082628875 D 1392,897910339,1000,1549,1549,2.3761363,-0.00000,-1,-1,-1,0,0,0,136,1,1,0,0.0000000,0.0000000,0.0000000,0,0,0,0
755486083651750 D 1393,897911339,1000,1549,1549,2.3761363,-0.00000,-1,-1,-1,0,0,0,136,1,1,0,0.0000000,0.0000000,0.0000000,0,0,0,0
755486084623083 D 1394,897912339,1000,1549,1549,2.3761363,-0.00000,-1,-1,-1,0,0,0,136,1,1,0,0.0000000,0.0000000,0.0000000,0,0,0,0
755486085625833 D 1395,897913339,1000,1549,1549,2.3761363,-0.00000,-1,-1,-1,0,0,0,136,1,1,0,0.0000000,0.0000000,0.0000000,0,0,0,0
755486086631333 D 1396,897914339,1000,1549,1549,2.3761363,-0.00000,-1,-1,-1,0,0,0,136,1,1,0,0.0000000,0.0000000,0.0000000,0,0,0,0
755486087708166 D 1397,897915339,1000,1549,1549,2.3761363,-0.00000,-1,-1,-1,0,0,0,136,1,1,0,0.0000000,0.0000000,0.0000000,0,0,0,0
755486088829958 D 1398,897916339,1000,1549,1549,2.3761363,-0.00000,-1,-1,-1,0,0,0,136,1,1,0,0.0000000,0.0000000,0.0000000,0,0,0,0
755486089725583 D 1399,897917339,1000,1549,1549,2.3761363,-0.00000,-1,-1,-1,0,0,0,136,1,1,0,0.0000000,0.0000000,0.0000000,0,0,0,0
755486090689458 D 1400,897918339,1000,1549,1549,2.3761363,-0.00000,-1,-1,-1,0,0,0,136,1,1,0,0.0000000,0.0000000,0.0000000,0,0,0,0
755486091983541 D 1401,897919339,1000,1549,1549,2.3761363,-0.00000,-1,-1,-1,0,0,0,136,1,1,0,0.0000000,0.0000000,0.0000000,0,0,0,0
755486092932750 D 1402,897920339,1000,1549,1549,2.3761363,-0.00000,-1,-1,-1,0,0,0,136,1,1,0,0.0000000,0.0000000,0.0000000,0,0,0,0
755486093814833 D 1403,897921339,1000,1549,1549,2.3761363,-0.00000,-1,-1,-1,0,0,0,136,1,1,0,0.0000000,0.0000000,0.0000000,0,0,0,0
755486094723750 D 1404,897922339,1000,1549,1549,2.3761363,-0.00000,-1,-1,-1,0,0,0,136,1,1,0,0.0000000,0.0000000,0.0000000,0,0,0,0
755486095677083 D 1405,897923339,1000,1549,1549,2.3761363,-0.00000,-1,-1,-1,0,0,0,136,1,1,0,0.0000000,0.0000000,0.0000000,0,0,0,0
755486096673458 D 1406,897924339,1000,1549,1549,2.3761363,-0.00000,-1,-1,-1,0,0,0,136,1,1,0,0.0000000,0.0000000,0.0000000,0,0,0,0
755486097679791 D 1407,897925339,1000,1549,1549,2.3761363,-0.00000,-1,-1,-1,0,0,0,136,1,1,0,0.0000000,0.0000000,0.0000000,0,0,0,0
755486098685833 D 1408,897926339,1000,1549,1549,2.3761363,-0.00000,-1,-1,-1,0,0,0,136,1,1,0,0.0000000,0.0000000,0.0000000,0,0,0,0
755486099761666 D 1409,897927339,1000,1549,1549,2.3761363,-0.00000,-1,-1,-1,0,0,0,136,1,1,0,0.0000000,0.0000000,0.0000000,0,0,0,0
755486100705875 D 1410,897928339,1000,1549,1549,2.3761363,-0.00000,-1,-1,-1,0,0,0,136,1,1,0,0.0000000,0.0000000,0.0000000,0,0,0,0
755486101668416 D 1411,897929339,1000,1549,1549,2.3761363,-0.00000,-1,-1,-1,0,0,0,136,1,1,0,0.0000000,0.0000000,0.0000000,0,0,0,0
755486102653750 D 1412,897930339,1000,1549,1549,2.3761363,-0.00000,-1,-1,-1,0,0,0,136,1,1,0,0.0000000,0.0000000,0.0000000,0,0,0,0
755486103658375 D 1413,897931339,1000,1549,1549,2.3761363,-0.00000,-1,-1,-1,0,0,0,136,1,1,0,0.0000000,0.0000000,0.0000000,0,0,0,0
755486104690208 D 1414,897932339,1000,1549,1549,2.3761363,-0.00000,-1,-1,-1,0,0,0,136,1,1,0,0.0000000,0.0000000,0.0000000,0,0,0,0
755486105666458 D 1415,897933339,1000,1549,1549,2.3761363,-0.00000,-1,-1,-1,0,0,0,136,1,1,0,0.0000000,0.0000000,0.0000000,0,0,0,0
755486106644250 D 1416,897934339,1000,1549,1549,2.3761363,-0.00000,-1,-1,-1,0,0,0,136,1,1,0,0.0000000,0.0000000,0.0000000,0,0,0,0
755486107643125 D 1417,897935339,1000,1549,1549,2.3761363,-0.00000,-1,-1,-1,0,0,0,136,1,1,0,0.0000000,0.0000000,0.0000000,0,0,0,0
755486108647875 D 1418,897936339,1000,1549,1549,2.3761363,-0.00000,-1,-1,-1,0,0,0,136,1,1,0,0.0000000,0.0000000,0.0000000,0,0,0,0
755486109641166 D 1419,897937339,1000,1549,1549,2.3761363,-0.00000,-1,-1,-1,0,0,0,136,1,1,0,0.0000000,0.0000000,0.0000000,0,0,0,0
755486110638791 D 1420,897938339,1000,1549,1549,2.3761363,-0.00000,-1,-1,-1,0,0,0,136,1,1,0,0.0000000,0.0000000,0.0000000,0,0,0,0
755486111657750 D 1421,897939339,1000,1549,1549,2.3761363,-0.00000,-1,-1,-1,0,0,0,136,1,1,0,0.0000000,0.0000000,0.0000000,0,0,0,0
755486112658375 D 1422,897940339,1000,1549,1549,2.3761363,-0.00000,-1,-1,-1,0,0,0,136,1,1,0,0.0000000,0.0000000,0.0000000,0,0,0,0
755486113665166 D 1423,897941339,1000,1549,1549,2.3761363,-0.00000,-1,-1,-1,0,0,0,136,1,1,0,0.0000000,0.0000000,0.0000000,0,0,0,0
755486114678375 D 1424,897942339,1000,1549,1549,2.3761363,-0.00000,-1,-1,-1,0,0,0,136,1,1,0,0.0000000,0.0000000,0.0000000,0,0,0,0
755486115708625 D 1425,897943339,1000,1549,1549,2.3761363,-0.00000,-1,-1,-1,0,0,0,136,1,1,0,0.0000000,0.0000000,0.0000000,0,0,0,0
755486116683458 D 1426,897944339,1000,1549,1549,2.3761363,-0.00000,-1,-1,-1,0,0,0,136,1,1,0,0.0000000,0.0000000,0.0000000,0,0,0,0
755486117636416 D 1427,897945339,1000,1549,1549,2.3761363,-0.00000,-1,-1,-1,0,0,0,136,1,1,0,0.0000000,0.0000000,0.0000000,0,0,0,0
755486118661750 D 1428,897946339,1000,1549,1549,2.3761363,-0.00000,-1,-1,-1,0,0,0,136,1,1,0,0.0000000,0.0000000,0.0000000,0,0,0,0
755486119638083 D 1429,897947339,1000,1549,1549,2.3761363,-0.00000,-1,-1,-1,0,0,0,136,1,1,0,0.0000000,0.0000000,0.0000000,0,0,0,0
755486120644541 D 1430,897948339,1000,1549,1549,2.3761363,-0.00000,-1,-1,-1,0,0,0,136,1,1,0,0.0000000,0.0000000,0.0000000,0,0,0,0
755486121646750 D 1431,897949339,1000,1549,1549,2.3761363,-0.00000,-1,-1,-1,0,0,0,136,1,1,0,0.0000000,0.0000000,0.0000000,0,0,0,0
755486122864041 D 1432,897950339,1000,1549,1549,2.3761363,-0.00000,-1,-1,-1,0,0,0,136,1,1,0,0.0000000,0.0000000,0.0000000,0,0,0,0
755486123931958 D 1433,897951339,1000,1549,1549,2.3761363,-0.00000,-1,-1,-1,0,0,0,136,1,1,0,0.0000000,0.0000000,0.0000000,0,0,0,0
755486125244291 D 1434,897952339,1000,1549,1549,2.3761363,-0.00000,39,124,2086,0,0,0,136,1,1,0,0.0000000,0.0000000,0.0000000,0,0,0,0
755486126092958 D 1435,897953339,1000,1549,1549,2.3761363,-0.00000,-1,-1,-1,0,0,0,136,1,1,0,0.0000000,0.0000000,0.0000000,0,0,0,0
755486126908458 D 1436,897954339,1000,1549,1549,2.3761363,-0.00000,-1,-1,-1,0,0,0,136,1,1,0,0.0000000,0.0000000,0.0000000,0,0,0,0
755486127685083 D 1437,897955339,1000,1549,1549,2.3761363,-0.00000,-1,-1,-1,0,0,0,136,1,1,0,0.0000000,0.0000000,0.0000000,0,0,0,0
755486128659666 D 1438,897956339,1000,1549,1549,2.3761363,-0.00000,-1,-1,-1,0,0,0,136,1,1,0,0.0000000,0.0000000,0.0000000,0,0,0,0
755486129679833 D 1439,897957339,1000,1549,1549,2.3761363,-0.00000,-1,-1,-1,0,0,0,136,1,1,0,0.0000000,0.0000000,0.0000000,0,0,0,0
755486130680791 D 1440,897958339,1000,1549,1549,2.3761363,-0.00000,-1,-1,-1,0,0,0,136,1,1,0,0.0000000,0.0000000,0.0000000,0,0,0,0
755486131644875 D 1441,897959339,1000,1549,1549,2.3761363,-0.00000,-1,-1,-1,0,0,0,136,1,1,0,0.0000000,0.0000000,0.0000000,0,0,0,0
755486132688375 D 1442,897960339,1000,1549,1549,2.3761363,-0.00000,-1,-1,-1,0,0,0,136,1,1,0,0.0000000,0.0000000,0.0000000,0,0,0,0
755486133723833 D 1443,897961339,1000,1549,1549,2.3761363,-0.00000,-1,-1,-1,0,0,0,136,1,1,0,0.0000000,0.0000000,0.0000000,0,0,0,0
755486134687416 D 1444,897962339,1000,1549,1549,2.3761363,-0.00000,-1,-1,-1,0,0,0,136,1,1,0,0.0000000,0.0000000,0.0000000,0,0,0,0
755486135710666 D 1445,897963339,1000,1549,1549,2.3761363,-0.00000,-1,-1,-1,0,0,0,136,1,1,0,0.0000000,0.0000000,0.0000000,0,0,0,0
755486136713083 D 1446,897964339,1000,1549,1549,2.3761363,-0.00000,-1,-1,-1,0,0,0,136,1,1,0,0.0000000,0.0000000,0.0000000,0,0,0,0
755486137681916 D 1447,897965339,1000,1549,1549,2.3761363,-0.00000,-1,-1,-1,0,0,0,136,1,1,0,0.0000000,0.0000000,0.0000000,0,0,0,0
755486138664291 D 1448,897966339,1000,1549,1549,2.3761363,-0.00000,-1,-1,-1,0,0,0,136,1,1,0,0.0000000,0.0000000,0.0000000,0,0,0,0
755486139656791 D 1449,897967339,1000,1549,1549,2.3761363,-0.00000,-1,-1,-1,0,0,0,136,1,1,0,0.0000000,0.0000000,0.0000000,0,0,0,0
755486140651208 D 1450,897968339,1000,1549,1549,2.3761363,-0.00000,-1,-1,-1,0,0,0,136,1,1,0,0.0000000,0.0000000,0.0000000,0,0,0,0
755486141651708 D 1451,897969339,1000,1549,1549,2.3761363,-0.00000,-1,-1,-1,0,0,0,136,1,1,0,0.0000000,0.0000000,0.0000000,0,0,0,0
755486142652666 D 1452,897970339,1000,1549,1549,2.3761363,-0.00000,-1,-1,-1,0,0,0,136,1,1,0,0.0000000,0.0000000,0.0000000,0,0,0,0
755486143648958 D 1453,897971339,1000,1549,1549,2.3761363,-0.00000,-1,-1,-1,0,0,0,136,1,1,0,0.0000000,0.0000000,0.0000000,0,0,0,0
755486144664041 D 1454,897972339,1000,1549,1549,2.3761363,-0.00000,-1,-1,-1,0,0,0,136,1,1,0,0.0000000,0.0000000,0.0000000,0,0,0,0
755486145657708 D 1455,897973339,1000,1549,1549,2.3761363,-0.00000,-1,-1,-1,0,0,0,136,1,1,0,0.0000000,0.0000000,0.0000000,0,0,0,0
755486146693416 D 1456,897974339,1000,1549,1549,2.3761363,-0.00000,-1,-1,-1,0,0,0,136,1,1,0,0.0000000,0.0000000,0.0000000,0,0,0,0
755486147656791 D 1457,897975339,1000,1549,1549,2.3761363,-0.00000,-1,-1,-1,0,0,0,136,1,1,0,0.0000000,0.0000000,0.0000000,0,0,0,0
755486148663333 D 1458,897976339,1000,1549,1549,2.3761363,-0.00000,-1,-1,-1,0,0,0,136,1,1,0,0.0000000,0.0000000,0.0000000,0,0,0,0
755486149640125 D 1459,897977339,1000,1549,1549,2.3761363,-0.00000,-1,-1,-1,0,0,0,136,1,1,0,0.0000000,0.0000000,0.0000000,0,0,0,0
755486150649875 D 1460,897978339,1000,1549,1549,2.3761363,-0.00000,-1,-1,-1,0,0,0,136,1,1,0,0.0000000,0.0000000,0.0000000,0,0,0,0
755486151645208 D 1461,897979339,1000,1549,1549,2.3761363,-0.00000,-1,-1,-1,0,0,0,136,1,1,0,0.0000000,0.0000000,0.0000000,0,0,0,0
755486152648375 D 1462,897980339,1000,1549,1549,2.3761363,-0.00000,-1,-1,-1,0,0,0,136,1,1,0,0.0000000,0.0000000,0.0000000,0,0,0,0
755486153656875 D 1463,897981339,1000,1549,1549,2.3761363,-0.00000,-1,-1,-1,0,0,0,136,1,1,0,0.0000000,0.0000000,0.0000000,0,0,0,0
755486154868125 D 1464,897982339,1000,1549,1549,2.3761363,-0.00000,-1,-1,-1,0,0,0,136,1,1,0,0.0000000,0.0000000,0.0000000,0,0,0,0
755486155867500 D 1465,897983339,1000,1549,1549,2.3761363,-0.00000,-1,-1,-1,0,0,0,136,1,1,0,0.0000000,0.0000000,0.0000000,0,0,0,0
755486156758500 D 1466,897984339,1000,1549,1549,2.3761363,-0.00000,-1,-1,-1,0,0,0,136,1,1,0,0.0000000,0.0000000,0.0000000,0,0,0,0
755486157669541 D 1467,897985339,1000,1549,1549,2.3761363,-0.00000,-1,-1,-1,0,0,0,136,1,1,0,0.0000000,0.0000000,0.0000000,0,0,0,0
755486158655375 D 1468,897986339,1000,1549,1549,2.3761363,-0.00000,-1,-1,-1,0,0,0,136,1,1,0,0.0000000,0.0000000,0.0000000,0,0,0,0
755486159647458 D 1469,897987339,1000,1549,1549,2.3761363,-0.00000,-1,-1,-1,0,0,0,136,1,1,0,0.0000000,0.0000000,0.0000000,0,0,0,0
755486160647208 D 1470,897988339,1000,1549,1549,2.3761363,-0.00000,-1,-1,-1,0,0,0,136,1,1,0,0.0000000,0.0000000,0.0000000,0,0,0,0
755486161695875 D 1471,897989339,1000,1549,1549,2.3761363,-0.00000,-1,-1,-1,0,0,0,136,1,1,0,0.0000000,0.0000000,0.0000000,0,0,0,0
755486162671041 D 1472,897990339,1000,1549,1549,2.3761363,-0.00000,-1,-1,-1,0,0,0,136,1,1,0,0.0000000,0.0000000,0.0000000,0,0,0,0
755486163644208 D 1473,897991339,1000,1549,1549,2.3761363,-0.00000,-1,-1,-1,0,0,0,136,1,1,0,0.0000000,0.0000000,0.0000000,0,0,0,0
755486164637916 D 1474,897992339,1000,1549,1549,2.3761363,-0.00000,-1,-1,-1,0,0,0,136,1,1,0,0.0000000,0.0000000,0.0000000,0,0,0,0
755486165636375 D 1475,897993339,1000,1549,1549,2.3761363,-0.00000,-1,-1,-1,0,0,0,136,1,1,0,0.0000000,0.0000000,0.0000000,0,0,0,0
755486166634625 D 1476,897994339,1000,1549,1549,2.3761363,-0.00000,-1,-1,-1,0,0,0,136,1,1,0,0.0000000,0.0000000,0.0000000,0,0,0,0
755486167635250 D 1477,897995339,1000,1549,1549,2.3761363,-0.00000,-1,-1,-1,0,0,0,136,1,1,0,0.0000000,0.0000000,0.0000000,0,0,0,0
755486168641958 D 1478,897996339,1000,1549,1549,2.3761363,-0.00000,-1,-1,-1,0,0,0,136,1,1,0,0.0000000,0.0000000,0.0000000,0,0,0,0
755486169640291 D 1479,897997339,1000,1549,1549,2.3761363,-0.00000,-1,-1,-1,0,0,0,136,1,1,0,0.0000000,0.0000000,0.0000000,0,0,0,0
755486170744583 D 1480,897998339,1000,1549,1549,2.3761363,-0.00000,-1,-1,-1,0,0,0,136,1,1,0,0.0000000,0.0000000,0.0000000,0,0,0,0
755486171677916 D 1481,897999339,1000,1549,1549,2.3761363,-0.00000,-1,-1,-1,0,0,0,136,1,1,0,0.0000000,0.0000000,0.0000000,0,0,0,0
755486172649166 D 1482,898000339,1000,1549,1549,2.3761363,-0.00000,-1,-1,-1,0,0,0,136,1,1,0,0.0000000,0.0000000,0.0000000,0,0,0,0
755486173691333 D 1483,898001339,1000,1549,1549,2.3761363,-0.00000,-1,-1,-1,0,0,0,136,1,1,0,0.0000000,0.0000000,0.0000000,0,0,0,0
755486175117750 D 1484,898002339,1000,1549,1549,2.3761363,-0.00000,39,124,2085,0,0,0,136,1,1,0,0.0000000,0.0000000,0.0000000,0,0,0,0
755486175732666 D 1485,898003339,1000,1549,1549,2.3761363,-0.00000,-1,-1,-1,0,0,0,136,1,1,0,0.0000000,0.0000000,0.0000000,0,0,0,0
755486176659625 D 1486,898004339,1000,1549,1549,2.3761363,-0.00000,-1,-1,-1,0,0,0,136,1,1,0,0.0000000,0.0000000,0.0000000,0,0,0,0
755486177699583 D 1487,898005339,1000,1549,1549,2.3761363,-0.00000,-1,-1,-1,0,0,0,136,1,1,0,0.0000000,0.0000000,0.0000000,0,0,0,0
755486178657375 D 1488,898006339,1000,1549,1549,2.3761363,-0.00000,-1,-1,-1,0,0,0,136,1,1,0,0.0000000,0.0000000,0.0000000,0,0,0,0
755486179677166 D 1489,898007339,1000,1549,1549,2.3761363,-0.00000,-1,-1,-1,0,0,0,136,1,1,0,0.0000000,0.0000000,0.0000000,0,0,0,0
755486180663291 D 1490,898008339,1000,1549,1549,2.3761363,-0.00000,-1,-1,-1,0,0,0,136,1,1,0,0.0000000,0.0000000,0.0000000,0,0,0,0
755486181691875 D 1491,898009339,1000,1549,1549,2.3761363,-0.00000,-1,-1,-1,0,0,0,136,1,1,0,0.0000000,0.0000000,0.0000000,0,0,0,0
755486182655583 D 1492,898010339,1000,1549,1549,2.3761363,-0.00000,-1,-1,-1,0,0,0,136,1,1,0,0.0000000,0.0000000,0.0000000,0,0,0,0
755486183936208 D 1493,898011339,1000,1549,1549,2.3761363,-0.00000,-1,-1,-1,0,0,0,136,1,1,0,0.0000000,0.0000000,0.0000000,0,0,0,0
755486184889875 D 1494,898012339,1000,1549,1549,2.3761363,-0.00000,-1,-1,-1,0,0,0,136,1,1,0,0.0000000,0.0000000,0.0000000,0,0,0,0
755486185923625 D 1495,898013339,1000,1549,1549,2.3761363,-0.00000,-1,-1,-1,0,0,0,136,1,1,0,0.0000000,0.0000000,0.0000000,0,0,0,0
755486186650291 D 1496,898014339,1000,1549,1549,2.3761363,-0.00000,-1,-1,-1,0,0,0,136,1,1,0,0.0000000,0.0000000,0.0000000,0,0,0,0
755486187645666 D 1497,898015339,1000,1549,1549,2.3761363,-0.00000,-1,-1,-1,0,0,0,136,1,1,0,0.0000000,0.0000000,0.0000000,0,0,0,0
755486188687416 D 1498,898016339,1000,1549,1549,2.3761363,-0.00000,-1,-1,-1,0,0,0,136,1,1,0,0.0000000,0.0000000,0.0000000,0,0,0,0
755486189762083 D 1499,898017339,1000,1549,1549,2.3761363,-0.00000,-1,-1,-1,0,0,0,136,1,1,0,0.0000000,0.0000000,0.0000000,0,0,0,0
755486190735125 D 1500,898018339,1000,1549,1549,2.3761363,-0.00000,-1,-1,-1,0,0,0,136,1,1,0,0.0000000,0.0000000,0.0000000,0,0,0,0
755486191733958 D 1501,898019339,1000,1549,1549,2.3761363,-0.00000,-1,-1,-1,0,0,0,136,1,1,0,0.0000000,0.0000000,0.0000000,0,0,0,0
755486192692416 D 1502,898020339,1000,1549,1549,2.3761363,-0.00000,-1,-1,-1,0,0,0,136,1,1,0,0.0000000,0.0000000,0.0000000,0,0,0,0
755486193699291 D 1503,898021339,1000,1549,1549,2.3761363,-0.00000,-1,-1,-1,0,0,0,136,1,1,0,0.0000000,0.0000000,0.0000000,0,0,0,0
755486194663541 D 1504,898022339,1000,1549,1549,2.3761363,-0.00000,-1,-1,-1,0,0,0,136,1,1,0,0.0000000,0.0000000,0.0000000,0,0,0,0
755486195668083 D 1505,898023339,1000,1549,1549,2.3761363,-0.00000,-1,-1,-1,0,0,0,136,1,1,0,0.0000000,0.0000000,0.0000000,0,0,0,0
755486196665541 D 1506,898024339,1000,1549,1549,2.3761363,-0.00000,-1,-1,-1,0,0,0,136,1,1,0,0.0000000,0.0000000,0.0000000,0,0,0,0
755486197639291 D 1507,898025339,1000,1549,1549,2.3761363,-0.00000,-1,-1,-1,0,0,0,136,1,1,0,0.0000000,0.0000000,0.0000000,0,0,0,0
755486198657166 D 1508,898026339,1000,1549,1549,2.3761363,-0.00000,-1,-1,-1,0,0,0,136,1,1,0,0.0000000,0.0000000,0.0000000,0,0,0,0
755486199643125 D 1509,898027339,1000,1549,1549,2.3761363,-0.00000,-1,-1,-1,0,0,0,136,1,1,0,0.0000000,0.0000000,0.0000000,0,0,0,0
755486200648166 D 1510,898028339,1000,1549,1549,2.3761363,-0.00000,-1,-1,-1,0,0,0,136,1,1,0,0.0000000,0.0000000,0.0000000,0,0,0,0
755486201642833 D 1511,898029339,1000,1549,1549,2.3761363,-0.00000,-1,-1,-1,0,0,0,136,1,1,0,0.0000000,0.0000000,0.0000000,0,0,0,0
755486202640500 D 1512,898030339,1000,1549,1549,2.3761363,-0.00000,-1,-1,-1,0,0,0,136,1,1,0,0.0000000,0.0000000,0.0000000,0,0,0,0
755486203636291 D 1513,898031339,1000,1549,1549,2.3761363,-0.00000,-1,-1,-1,0,0,0,136,1,1,0,0.0000000,0.0000000,0.0000000,0,0,0,0
755486204637791 D 1514,898032339,1000,1549,1549,2.3761363,-0.00000,-1,-1,-1,0,0,0,136,1,1,0,0.0000000,0.0000000,0.0000000,0,0,0,0
755486205635333 D 1515,898033339,1000,1549,1549,2.3761363,-0.00000,-1,-1,-1,0,0,0,136,1,1,0,0.0000000,0.0000000,0.0000000,0,0,0,0
755486206638625 D 1516,898034339,1000,1549,1549,2.3761363,-0.00000,-1,-1,-1,0,0,0,136,1,1,0,0.0000000,0.0000000,0.0000000,0,0,0,0
755486207641125 D 1517,898035339,1000,1549,1549,2.3761363,-0.00000,-1,-1,-1,0,0,0,136,1,1,0,0.0000000,0.0000000,0.0000000,0,0,0,0
755486208668833 D 1518,898036339,1000,1549,1549,2.3761363,-0.00000,-1,-1,-1,0,0,0,136,1,1,0,0.0000000,0.0000000,0.0000000,0,0,0,0
755486209658291 D 1519,898037339,1000,1549,1549,2.3761363,-0.00000,-1,-1,-1,0,0,0,136,1,1,0,0.0000000,0.0000000,0.0000000,0,0,0,0
755486210643541 D 1520,898038339,1000,1549,1549,2.3761363,-0.00000,-1,-1,-1,0,0,0,136,1,1,0,0.0000000,0.0000000,0.0000000,0,0,0,0
755486211707916 D 1521,898039339,1000,1549,1549,2.3761363,-0.00000,-1,-1,-1,0,0,0,136,1,1,0,0.0000000,0.0000000,0.0000000,0,0,0,0
755486212696791 D 1522,898040339,1000,1549,1549,2.3761363,-0.00000,-1,-1,-1,0,0,0,136,1,1,0,0.0000000,0.0000000,0.0000000,0,0,0,0
755486213675750 D 1523,898041339,1000,1549,1549,2.3761363,-0.00000,-1,-1,-1,0,0,0,136,1,1,0,0.0000000,0.0000000,0.0000000,0,0,0,0
755486214648875 D 1524,898042339,1000,1549,1549,2.3761363,-0.00000,-1,-1,-1,0,0,0,136,1,1,0,0.0000000,0.0000000,0.0000000,0,0,0,0
755486215647250 D 1525,898043339,1000,1549,1549,2.3761363,-0.00000,-1,-1,-1,0,0,0,136,1,1,0,0.0000000,0.0000000,0.0000000,0,0,0,0
755486216645125 D 1526,898044339,1000,1549,1549,2.3761363,-0.00000,-1,-1,-1,0,0,0,136,1,1,0,0.0000000,0.0000000,0.0000000,0,0,0,0
755486217641875 D 1527,898045339,1000,1549,1549,2.3761363,-0.00000,-1,-1,-1,0,0,0,136,1,1,0,0.0000000,0.0000000,0.0000000,0,0,0,0
755486218640083 D 1528,898046339,1000,1549,1549,2.3761363,-0.00000,-1,-1,-1,0,0,0,136,1,1,0,0.0000000,0.0000000,0.0000000,0,0,0,0
755486219863416 D 1529,898047339,1000,1549,1549,2.3761363,-0.00000,-1,-1,-1,0,0,0,136,1,1,0,0.0000000,0.0000000,0.0000000,0,0,0,0
755486220876458 D 1530,898048339,1000,1549,1549,2.3761363,-0.00000,-1,-1,-1,0,0,0,136,1,1,0,0.0000000,0.0000000,0.0000000,0,0,0,0
755486221782958 D 1531,898049339,1000,1549,1549,2.3761363,-0.00000,-1,-1,-1,0,0,0,136,1,1,0,0.0000000,0.0000000,0.0000000,0,0,0,0
755486222650541 D 1532,898050339,1000,1549,1549,2.3761363,-0.00000,-1,-1,-1,0,0,0,136,1,1,0,0.0000000,0.0000000,0.0000000,0,0,0,0
755486223655958 D 1533,898051339,1000,1549,1549,2.3761363,-0.00000,-1,-1,-1,0,0,0,136,1,1,0,0.0000000,0.0000000,0.0000000,0,0,0,0
755486225056625 D 1534,898052339,1000,1549,1549,2.3761363,-0.00000,39,124,2087,0,0,0,136,1,1,0,0.0000000,0.0000000,0.0000000,0,0,0,0
755486225679125 D 1535,898053339,1000,1549,1549,2.3761363,-0.00000,-1,-1,-1,0,0,0,136,1,1,0,0.0000000,0.0000000,0.0000000,0,0,0,0
755486226649041 D 1536,898054339,1000,1549,1549,2.3761363,-0.00000,-1,-1,-1,0,0,0,136,1,1,0,0.0000000,0.0000000,0.0000000,0,0,0,0
755486227641791 D 1537,898055339,1000,1549,1549,2.3761363,-0.00000,-1,-1,-1,0,0,0,136,1,1,0,0.0000000,0.0000000,0.0000000,0,0,0,0
755486228653291 D 1538,898056339,1000,1549,1549,2.3761363,-0.00000,-1,-1,-1,0,0,0,136,1,1,0,0.0000000,0.0000000,0.0000000,0,0,0,0
755486229675958 D 1539,898057339,1000,1549,1549,2.3761363,-0.00000,-1,-1,-1,0,0,0,136,1,1,0,0.0000000,0.0000000,0.0000000,0,0,0,0
755486230650375 D 1540,898058339,1000,1549,1549,2.3761363,-0.00000,-1,-1,-1,0,0,0,136,1,1,0,0.0000000,0.0000000,0.0000000,0,0,0,0
755486231645666 D 1541,898059339,1000,1549,1549,2.3761363,-0.00000,-1,-1,-1,0,0,0,136,1,1,0,0.0000000,0.0000000,0.0000000,0,0,0,0
755486232639875 D 1542,898060339,1000,1549,1549,2.3761363,-0.00000,-1,-1,-1,0,0,0,136,1,1,0,0.0000000,0.0000000,0.0000000,0,0,0,0
755486233643875 D 1543,898061339,1000,1549,1549,2.3761363,-0.00000,-1,-1,-1,0,0,0,136,1,1,0,0.0000000,0.0000000,0.0000000,0,0,0,0
755486234645208 D 1544,898062339,1000,1549,1549,2.3761363,-0.00000,-1,-1,-1,0,0,0,136,1,1,0,0.0000000,0.0000000,0.0000000,0,0,0,0
755486235642333 D 1545,898063339,1000,1549,1549,2.3761363,-0.00000,-1,-1,-1,0,0,0,136,1,1,0,0.0000000,0.0000000,0.0000000,0,0,0,0
755486236645708 D 1546,898064339,1000,1549,1549,2.3761363,-0.00000,-1,-1,-1,0,0,0,136,1,1,0,0.0000000,0.0000000,0.0000000,0,0,0,0
755486237645625 D 1547,898065339,1000,1549,1549,2.3761363,-0.00000,-1,-1,-1,0,0,0,136,1,1,0,0.0000000,0.0000000,0.0000000,0,0,0,0
755486238643750 D 1548,898066339,1000,1549,1549,2.3761363,-0.00000,-1,-1,-1,0,0,0,136,1,1,0,0.0000000,0.0000000,0.0000000,0,0,0,0
755486239663208 D 1549,898067339,1000,1549,1549,2.3761363,-0.00000,-1,-1,-1,0,0,0,136,1,1,0,0.0000000,0.0000000,0.0000000,0,0,0,0
755486240684708 D 1550,898068339,1000,1549,1549,2.3761363,-0.00000,-1,-1,-1,0,0,0,136,1,1,0,0.0000000,0.0000000,0.0000000,0,0,0,0
755486241648000 D 1551,898069339,1000,1549,1549,2.3761363,-0.00000,-1,-1,-1,0,0,0,136,1,1,0,0.0000000,0.0000000,0.0000000,0,0,0,0
755486242643166 D 1552,898070339,1000,1549,1549,2.3761363,-0.00000,-1,-1,-1,0,0,0,136,1,1,0,0.0000000,0.0000000,0.0000000,0,0,0,0
755486243637250 D 1553,898071339,1000,1549,1549,2.3761363,-0.00000,-1,-1,-1,0,0,0,136,1,1,0,0.0000000,0.0000000,0.0000000,0,0,0,0
755486244639083 D 1554,898072339,1000,1549,1549,2.3761363,-0.00000,-1,-1,-1,0,0,0,136,1,1,0,0.0000000,0.0000000,0.0000000,0,0,0,0
755486245634250 D 1555,898073339,1000,1549,1549,2.3761363,-0.00000,-1,-1,-1,0,0,0,136,1,1,0,0.0000000,0.0000000,0.0000000,0,0,0,0
755486246864416 D 1556,898074339,1000,1549,1549,2.3761363,-0.00000,-1,-1,-1,0,0,0,136,1,1,0,0.0000000,0.0000000,0.0000000,0,0,0,0
755486247851916 D 1557,898075339,1000,1549,1549,2.3761363,-0.00000,-1,-1,-1,0,0,0,136,1,1,0,0.0000000,0.0000000,0.0000000,0,0,0,0
755486248899083 D 1558,898076339,1000,1549,1549,2.3761363,-0.00000,-1,-1,-1,0,0,0,136,1,1,0,0.0000000,0.0000000,0.0000000,0,0,0,0
755486249783833 D 1559,898077339,1000,1549,1549,2.3761363,-0.00000,-1,-1,-1,0,0,0,136,1,1,0,0.0000000,0.0000000,0.0000000,0,0,0,0
755486250691458 D 1560,898078339,1000,1549,1549,2.3761363,-0.00000,-1,-1,-1,0,0,0,136,1,1,0,0.0000000,0.0000000,0.0000000,0,0,0,0
755486251670791 D 1561,898079339,1000,1549,1549,2.3761363,-0.00000,-1,-1,-1,0,0,0,136,1,1,0,0.0000000,0.0000000,0.0000000,0,0,0,0
755486252673166 D 1562,898080339,1000,1549,1549,2.3761363,-0.00000,-1,-1,-1,0,0,0,136,1,1,0,0.0000000,0.0000000,0.0000000,0,0,0,0
755486253656625 D 1563,898081339,1000,1549,1549,2.3761363,-0.00000,-1,-1,-1,0,0,0,136,1,1,0,0.0000000,0.0000000,0.0000000,0,0,0,0
755486254698708 D 1564,898082339,1000,1549,1549,2.3761363,-0.00000,-1,-1,-1,0,0,0,136,1,1,0,0.0000000,0.0000000,0.0000000,0,0,0,0
755486255671208 D 1565,898083339,1000,1549,1549,2.3761363,-0.00000,-1,-1,-1,0,0,0,136,1,1,0,0.0000000,0.0000000,0.0000000,0,0,0,0
755486256667833 D 1566,898084339,1000,1549,1549,2.3761363,-0.00000,-1,-1,-1,0,0,0,136,1,1,0,0.0000000,0.0000000,0.0000000,0,0,0,0
755486257666625 D 1567,898085339,1000,1549,1549,2.3761363,-0.00000,-1,-1,-1,0,0,0,136,1,1,0,0.0000000,0.0000000,0.0000000,0,0,0,0
755486258648625 D 1568,898086339,1000,1549,1549,2.3761363,-0.00000,-1,-1,-1,0,0,0,136,1,1,0,0.0000000,0.0000000,0.0000000,0,0,0,0
755486259638625 D 1569,898087339,1000,1549,1549,2.3761363,-0.00000,-1,-1,-1,0,0,0,136,1,1,0,0.0000000,0.0000000,0.0000000,0,0,0,0
755486260640833 D 1570,898088339,1000,1549,1549,2.3761363,-0.00000,-1,-1,-1,0,0,0,136,1,1,0,0.0000000,0.0000000,0.0000000,0,0,0,0
755486261625916 D 1571,898089339,1000,1549,1549,2.3761363,-0.00000,-1,-1,-1,0,0,0,136,1,1,0,0.0000000,0.0000000,0.0000000,0,0,0,0
755486262636958 D 1572,898090339,1000,1549,1549,2.3761363,-0.00000,-1,-1,-1,0,0,0,136,1,1,0,0.0000000,0.0000000,0.0000000,0,0,0,0
755486263618625 D 1573,898091339,1000,1549,1549,2.3761363,-0.00000,-1,-1,-1,0,0,0,136,1,1,0,0.0000000,0.0000000,0.0000000,0,0,0,0
755486264629208 D 1574,898092339,1000,1549,1549,2.3761363,-0.00000,-1,-1,-1,0,0,0,136,1,1,0,0.0000000,0.0000000,0.0000000,0,0,0,0
755486265617583 D 1575,898093339,1000,1549,1549,2.3761363,-0.00000,-1,-1,-1,0,0,0,136,1,1,0,0.0000000,0.0000000,0.0000000,0,0,0,0
755486266631583 D 1576,898094339,1000,1549,1549,2.3761363,-0.00000,-1,-1,-1,0,0,0,136,1,1,0,0.0000000,0.0000000,0.0000000,0,0,0,0
755486267650416 D 1577,898095339,1000,1549,1549,2.3761363,-0.00000,-1,-1,-1,0,0,0,136,1,1,0,0.0000000,0.0000000,0.0000000,0,0,0,0
755486268681541 D 1578,898096339,1000,1549,1549,2.3761363,-0.00000,-1,-1,-1,0,0,0,136,1,1,0,0.0000000,0.0000000,0.0000000,0,0,0,0
755486269691708 D 1579,898097339,1000,1549,1549,2.3761363,-0.00000,-1,-1,-1,0,0,0,136,1,1,0,0.0000000,0.0000000,0.0000000,0,0,0,0
755486270688500 D 1580,898098339,1000,1549,1549,2.3761363,-0.00000,-1,-1,-1,0,0,0,136,1,1,0,0.0000000,0.0000000,0.0000000,0,0,0,0
755486271689333 D 1581,898099339,1000,1549,1549,2.3761363,-0.00000,-1,-1,-1,0,0,0,136,1,1,0,0.0000000,0.0000000,0.0000000,0,0,0,0
755486272661166 D 1582,898100339,1000,1549,1549,2.3761363,-0.00000,-1,-1,-1,0,0,0,136,1,1,0,0.0000000,0.0000000,0.0000000,0,0,0,0
755486273674166 D 1583,898101339,1000,1549,1549,2.3761363,-0.00000,-1,-1,-1,0,0,0,136,1,1,0,0.0000000,0.0000000,0.0000000,0,0,0,0
755486275094833 D 1584,898102339,1000,1549,1549,2.3761363,-0.00000,39,124,2086,0,0,0,136,1,1,0,0.0000000,0.0000000,0.0000000,0,0,0,0
755486275709875 D 1585,898103339,1000,1549,1549,2.3761363,-0.00000,-1,-1,-1,0,0,0,136,1,1,0,0.0000000,0.0000000,0.0000000,0,0,0,0
755486276648833 D 1586,898104339,1000,1549,1549,2.3761363,-0.00000,-1,-1,-1,0,0,0,136,1,1,0,0.0000000,0.0000000,0.0000000,0,0,0,0
755486277651625 D 1587,898105339,1000,1549,1549,2.3761363,-0.00000,-1,-1,-1,0,0,0,136,1,1,0,0.0000000,0.0000000,0.0000000,0,0,0,0
755486278653000 D 1588,898106339,1000,1549,1549,2.3761363,-0.00000,-1,-1,-1,0,0,0,136,1,1,0,0.0000000,0.0000000,0.0000000,0,0,0,0
755486279648416 D 1589,898107339,1000,1549,1549,2.3761363,-0.00000,-1,-1,-1,0,0,0,136,1,1,0,0.0000000,0.0000000,0.0000000,0,0,0,0
755486280946083 D 1590,898108339,1000,1549,1549,2.3761363,-0.00000,-1,-1,-1,0,0,0,136,1,1,0,0.0000000,0.0000000,0.0000000,0,0,0,0
755486281897416 D 1591,898109339,1000,1549,1549,2.3761363,-0.00000,-1,-1,-1,0,0,0,136,1,1,0,0.0000000,0.0000000,0.0000000,0,0,0,0
755486282887541 D 1592,898110339,1000,1549,1549,2.3761363,-0.00000,-1,-1,-1,0,0,0,136,1,1,0,0.0000000,0.0000000,0.0000000,0,0,0,0
755486283664625 D 1593,898111339,1000,1549,1549,2.3761363,-0.00000,-1,-1,-1,0,0,0,136,1,1,0,0.0000000,0.0000000,0.0000000,0,0,0,0
755486284672083 D 1594,898112339,1000,1549,1549,2.3761363,-0.00000,-1,-1,-1,0,0,0,136,1,1,0,0.0000000,0.0000000,0.0000000,0,0,0,0
755486285651541 D 1595,898113339,1000,1549,1549,2.3761363,-0.00000,-1,-1,-1,0,0,0,136,1,1,0,0.0000000,0.0000000,0.0000000,0,0,0,0
755486286632083 D 1596,898114339,1000,1549,1549,2.3761363,-0.00000,-1,-1,-1,0,0,0,136,1,1,0,0.0000000,0.0000000,0.0000000,0,0,0,0
755486287663291 D 1597,898115339,1000,1549,1549,2.3761363,-0.00000,-1,-1,-1,0,0,0,136,1,1,0,0.0000000,0.0000000,0.0000000,0,0,0,0
755486288630291 D 1598,898116339,1000,1549,1549,2.3761363,-0.00000,-1,-1,-1,0,0,0,136,1,1,0,0.0000000,0.0000000,0.0000000,0,0,0,0
755486289668458 D 1599,898117339,1000,1549,1549,2.3761363,-0.00000,-1,-1,-1,0,0,0,136,1,1,0,0.0000000,0.0000000,0.0000000,0,0,0,0
755486290720708 D 1600,898118339,1000,1549,1549,2.3761363,-0.00000,-1,-1,-1,0,0,0,136,1,1,0,0.0000000,0.0000000,0.0000000,0,0,0,0
755486291683875 D 1601,898119339,1000,1549,1549,2.3761363,-0.00000,-1,-1,-1,0,0,0,136,1,1,0,0.0000000,0.0000000,0.0000000,0,0,0,0
755486292653750 D 1602,898120339,1000,1549,1549,2.3761363,-0.00000,-1,-1,-1,0,0,0,136,1,1,0,0.0000000,0.0000000,0.0000000,0,0,0,0
755486293652458 D 1603,898121339,1000,1549,1549,2.3761363,-0.00000,-1,-1,-1,0,0,0,136,1,1,0,0.0000000,0.0000000,0.0000000,0,0,0,0
755486294656958 D 1604,898122339,1000,1549,1549,2.3761363,-0.00000,-1,-1,-1,0,0,0,136,1,1,0,0.0000000,0.0000000,0.0000000,0,0,0,0
755486295650333 D 1605,898123339,1000,1549,1549,2.3761363,-0.00000,-1,-1,-1,0,0,0,136,1,1,0,0.0000000,0.0000000,0.0000000,0,0,0,0
755486296683833 D 1606,898124339,1000,1549,1549,2.3761363,-0.00000,-1,-1,-1,0,0,0,136,1,1,0,0.0000000,0.0000000,0.0000000,0,0,0,0
755486297639250 D 1607,898125339,1000,1549,1549,2.3761363,-0.00000,-1,-1,-1,0,0,0,136,1,1,0,0.0000000,0.0000000,0.0000000,0,0,0,0
755486298651958 D 1608,898126339,1000,1549,1549,2.3761363,-0.00000,-1,-1,-1,0,0,0,136,1,1,0,0.0000000,0.0000000,0.0000000,0,0,0,0
755486299644416 D 1609,898127339,1000,1549,1549,2.3761363,-0.00000,-1,-1,-1,0,0,0,136,1,1,0,0.0000000,0.0000000,0.0000000,0,0,0,0
755486300642291 D 1610,898128339,1000,1549,1549,2.3761363,-0.00000,-1,-1,-1,0,0,0,136,1,1,0,0.0000000,0.0000000,0.0000000,0,0,0,0
755486301722291 D 1611,898129339,1000,1549,1549,2.3761363,-0.00000,-1,-1,-1,0,0,0,136,1,1,0,0.0000000,0.0000000,0.0000000,0,0,0,0
755486302695500 D 1612,898130339,1000,1549,1549,2.3761363,-0.00000,-1,-1,-1,0,0,0,136,1,1,0,0.0000000,0.0000000,0.0000000,0,0,0,0
755486303659250 D 1613,898131339,1000,1549,1549,2.3761363,-0.00000,-1,-1,-1,0,0,0,136,1,1,0,0.0000000,0.0000000,0.0000000,0,0,0,0
755486304647750 D 1614,898132339,1000,1549,1549,2.3761363,-0.00000,-1,-1,-1,0,0,0,136,1,1,0,0.0000000,0.0000000,0.0000000,0,0,0,0
755486305650083 D 1615,898133339,1000,1549,1549,2.3761363,-0.00000,-1,-1,-1,0,0,0,136,1,1,0,0.0000000,0.0000000,0.0000000,0,0,0,0
755486306638250 D 1616,898134339,1000,1549,1549,2.3761363,-0.00000,-1,-1,-1,0,0,0,136,1,1,0,0.0000000,0.0000000,0.0000000,0,0,0,0
755486307640791 D 1617,898135339,1000,1549,1549,2.3761363,-0.00000,-1,-1,-1,0,0,0,136,1,1,0,0.0000000,0.0000000,0.0000000,0,0,0,0
755486308692041 D 1618,898136339,1000,1549,1549,2.3761363,-0.00000,-1,-1,-1,0,0,0,136,1,1,0,0.0000000,0.0000000,0.0000000,0,0,0,0
755486309666000 D 1619,898137339,1000,1549,1549,2.3761363,-0.00000,-1,-1,-1,0,0,0,136,1,1,0,0.0000000,0.0000000,0.0000000,0,0,0,0
755486310657500 D 1620,898138339,1000,1549,1549,2.3761363,-0.00000,-1,-1,-1,0,0,0,136,1,1,0,0.0000000,0.0000000,0.0000000,0,0,0,0
755486311715125 D 1621,898139339,1000,1549,1549,2.3761363,-0.00000,-1,-1,-1,0,0,0,136,1,1,0,0.0000000,0.0000000,0.0000000,0,0,0,0
755486312693125 D 1622,898140339,1000,1549,1549,2.3761363,-0.00000,-1,-1,-1,0,0,0,136,1,1,0,0.0000000,0.0000000,0.0000000,0,0,0,0
755486313666041 D 1623,898141339,1000,1549,1549,2.3761363,-0.00000,-1,-1,-1,0,0,0,136,1,1,0,0.0000000,0.0000000,0.0000000,0,0,0,0
755486314877458 D 1624,898142339,1000,1549,1549,2.3761363,-0.00000,-1,-1,-1,0,0,0,136,1,1,0,0.0000000,0.0000000,0.0000000,0,0,0,0
755486315884375 D 1625,898143339,1000,1549,1549,2.3761363,-0.00000,-1,-1,-1,0,0,0,136,1,1,0,0.0000000,0.0000000,0.0000000,0,0,0,0
755486316771333 D 1626,898144339,1000,1549,1549,2.3761363,-0.00000,-1,-1,-1,0,0,0,136,1,1,0,0.0000000,0.0000000,0.0000000,0,0,0,0
755486317662083 D 1627,898145339,1000,1549,1549,2.3761363,-0.00000,-1,-1,-1,0,0,0,136,1,1,0,0.0000000,0.0000000,0.0000000,0,0,0,0
755486318665791 D 1628,898146339,1000,1549,1549,2.3761363,-0.00000,-1,-1,-1,0,0,0,136,1,1,0,0.0000000,0.0000000,0.0000000,0,0,0,0
755486319636083 D 1629,898147339,1000,1549,1549,2.3761363,-0.00000,-1,-1,-1,0,0,0,136,1,1,0,0.0000000,0.0000000,0.0000000,0,0,0,0
755486320635166 D 1630,898148339,1000,1549,1549,2.3761363,-0.00000,-1,-1,-1,0,0,0,136,1,1,0,0.0000000,0.0000000,0.0000000,0,0,0,0
755486321629250 D 1631,898149339,1000,1549,1549,2.3761363,-0.00000,-1,-1,-1,0,0,0,136,1,1,0,0.0000000,0.0000000,0.0000000,0,0,0,0
755486322640625 D 1632,898150339,1000,1549,1549,2.3761363,-0.00000,-1,-1,-1,0,0,0,136,1,1,0,0.0000000,0.0000000,0.0000000,0,0,0,0
755486323636833 D 1633,898151339,1000,1549,1549,2.3761363,-0.00000,-1,-1,-1,0,0,0,136,1,1,0,0.0000000,0.0000000,0.0000000,0,0,0,0
755486325091166 D 1634,898152339,1000,1549,1549,2.3761363,-0.00000,39,124,2086,0,0,0,136,1,1,0,0.0000000,0.0000000,0.0000000,0,0,0,0
755486325697083 D 1635,898153339,1000,1549,1549,2.3761363,-0.00000,-1,-1,-1,0,0,0,136,1,1,0,0.0000000,0.0000000,0.0000000,0,0,0,0
755486326634708 D 1636,898154339,1000,1549,1549,2.3761363,-0.00000,-1,-1,-1,0,0,0,136,1,1,0,0.0000000,0.0000000,0.0000000,0,0,0,0
755486327634416 D 1637,898155339,1000,1549,1549,2.3761363,-0.00000,-1,-1,-1,0,0,0,136,1,1,0,0.0000000,0.0000000,0.0000000,0,0,0,0
755486328645250 D 1638,898156339,1000,1549,1549,2.3761363,-0.00000,-1,-1,-1,0,0,0,136,1,1,0,0.0000000,0.0000000,0.0000000,0,0,0,0
755486329632916 D 1639,898157339,1000,1549,1549,2.3761363,-0.00000,-1,-1,-1,0,0,0,136,1,1,0,0.0000000,0.0000000,0.0000000,0,0,0,0
755486330625250 D 1640,898158339,1000,1549,1549,2.3761363,-0.00000,-1,-1,-1,0,0,0,136,1,1,0,0.0000000,0.0000000,0.0000000,0,0,0,0
755486331612333 D 1641,898159339,1000,1549,1549,2.3761363,-0.00000,-1,-1,-1,0,0,0,136,1,1,0,0.0000000,0.0000000,0.0000000,0,0,0,0
755486332616583 D 1642,898160339,1000,1549,1549,2.3761363,-0.00000,-1,-1,-1,0,0,0,136,1,1,0,0.0000000,0.0000000,0.0000000,0,0,0,0
755486333641666 D 1643,898161339,1000,1549,1549,2.3761363,-0.00000,-1,-1,-1,0,0,0,136,1,1,0,0.0000000,0.0000000,0.0000000,0,0,0,0
755486334657000 D 1644,898162339,1000,1549,1549,2.3761363,-0.00000,-1,-1,-1,0,0,0,136,1,1,0,0.0000000,0.0000000,0.0000000,0,0,0,0
755486335619458 D 1645,898163339,1000,1549,1549,2.3761363,-0.00000,-1,-1,-1,0,0,0,136,1,1,0,0.0000000,0.0000000,0.0000000,0,0,0,0
755486336635791 D 1646,898164339,1000,1549,1549,2.3761363,-0.00000,-1,-1,-1,0,0,0,136,1,1,0,0.0000000,0.0000000,0.0000000,0,0,0,0
755486337746250 D 1647,898165339,1000,1549,1549,2.3761363,-0.00000,-1,-1,-1,0,0,0,136,1,1,0,0.0000000,0.0000000,0.0000000,0,0,0,0
755486338694000 D 1648,898166339,1000,1549,1549,2.3761363,-0.00000,-1,-1,-1,0,0,0,136,1,1,0,0.0000000,0.0000000,0.0000000,0,0,0,0
755486339646666 D 1649,898167339,1000,1549,1549,2.3761363,-0.00000,-1,-1,-1,0,0,0,136,1,1,0,0.0000000,0.0000000,0.0000000,0,0,0,0
755486340642958 D 1650,898168339,1000,1549,1549,2.3761363,-0.00000,-1,-1,-1,0,0,0,136,1,1,0,0.0000000,0.0000000,0.0000000,0,0,0,0
755486341904208 D 1651,898169339,1000,1549,1549,2.3761363,-0.00000,-1,-1,-1,0,0,0,136,1,1,0,0.0000000,0.0000000,0.0000000,0,0,0,0
755486342899125 D 1652,898170339,1000,1549,1549,2.3761363,-0.00000,-1,-1,-1,0,0,0,136,1,1,0,0.0000000,0.0000000,0.0000000,0,0,0,0
755486343862458 D 1653,898171339,1000,1549,1549,2.3761363,-0.00000,-1,-1,-1,0,0,0,136,1,1,0,0.0000000,0.0000000,0.0000000,0,0,0,0
755486344660000 D 1654,898172339,1000,1549,1549,2.3761363,-0.00000,-1,-1,-1,0,0,0,136,1,1,0,0.0000000,0.0000000,0.0000000,0,0,0,0
755486345637125 D 1655,898173339,1000,1549,1549,2.3761363,-0.00000,-1,-1,-1,0,0,0,136,1,1,0,0.0000000,0.0000000,0.0000000,0,0,0,0
755486346640458 D 1656,898174339,1000,1549,1549,2.3761363,-0.00000,-1,-1,-1,0,0,0,136,1,1,0,0.0000000,0.0000000,0.0000000,0,0,0,0
755486347632375 D 1657,898175339,1000,1549,1549,2.3761363,-0.00000,-1,-1,-1,0,0,0,136,1,1,0,0.0000000,0.0000000,0.0000000,0,0,0,0
755486348648166 D 1658,898176339,1000,1549,1549,2.3761363,-0.00000,-1,-1,-1,0,0,0,136,1,1,0,0.0000000,0.0000000,0.0000000,0,0,0,0
755486349662958 D 1659,898177339,1000,1549,1549,2.3761363,-0.00000,-1,-1,-1,0,0,0,136,1,1,0,0.0000000,0.0000000,0.0000000,0,0,0,0
755486350634875 D 1660,898178339,1000,1549,1549,2.3761363,-0.00000,-1,-1,-1,0,0,0,136,1,1,0,0.0000000,0.0000000,0.0000000,0,0,0,0
755486351631500 D 1661,898179339,1000,1549,1549,2.3761363,-0.00000,-1,-1,-1,0,0,0,136,1,1,0,0.0000000,0.0000000,0.0000000,0,0,0,0
755486352613625 D 1662,898180339,1000,1549,1549,2.3761363,-0.00000,-1,-1,-1,0,0,0,136,1,1,0,0.0000000,0.0000000,0.0000000,0,0,0,0
755486353632875 D 1663,898181339,1000,1549,1549,2.3761363,-0.00000,-1,-1,-1,0,0,0,136,1,1,0,0.0000000,0.0000000,0.0000000,0,0,0,0
755486354629083 D 1664,898182339,1000,1549,1549,2.3761363,-0.00000,-1,-1,-1,0,0,0,136,1,1,0,0.0000000,0.0000000,0.0000000,0,0,0,0
755486355629291 D 1665,898183339,1000,1549,1549,2.3761363,-0.00000,-1,-1,-1,0,0,0,136,1,1,0,0.0000000,0.0000000,0.0000000,0,0,0,0
755486356631375 D 1666,898184339,1000,1549,1549,2.3761363,-0.00000,-1,-1,-1,0,0,0,136,1,1,0,0.0000000,0.0000000,0.0000000,0,0,0,0
755486357642666 D 1667,898185339,1000,1549,1549,2.3761363,-0.00000,-1,-1,-1,0,0,0,136,1,1,0,0.0000000,0.0000000,0.0000000,0,0,0,0
755486358639958 D 1668,898186339,1000,1549,1549,2.3761363,-0.00000,-1,-1,-1,0,0,0,136,1,1,0,0.0000000,0.0000000,0.0000000,0,0,0,0
755486359630291 D 1669,898187339,1000,1549,1549,2.3761363,-0.00000,-1,-1,-1,0,0,0,136,1,1,0,0.0000000,0.0000000,0.0000000,0,0,0,0
755486360629833 D 1670,898188339,1000,1549,1549,2.3761363,-0.00000,-1,-1,-1,0,0,0,136,1,1,0,0.0000000,0.0000000,0.0000000,0,0,0,0
755486361630416 D 1671,898189339,1000,1550,1550,2.3776703,0.06015,-1,-1,-1,0,0,0,136,1,1,0,0.0000000,0.0000000,0.0000000,0,0,0,0
755486362647333 D 1672,898190339,1000,1549,1549,2.3761363,-0.00236,-1,-1,-1,0,0,0,136,1,1,0,0.0000000,0.0000000,0.0000000,0,0,0,0
755486363630583 D 1673,898191339,1000,1549,1549,2.3761363,-0.00227,-1,-1,-1,0,0,0,136,1,1,0,0.0000000,0.0000000,0.0000000,0,0,0,0
755486364649458 D 1674,898192339,1000,1549,1549,2.3761363,-0.00218,-1,-1,-1,0,0,0,136,1,1,0,0.0000000,0.0000000,0.0000000,0,0,0,0
755486365646583 D 1675,898193339,1000,1549,1549,2.3761363,-0.00209,-1,-1,-1,0,0,0,136,1,1,0,0.0000000,0.0000000,0.0000000,0,0,0,0
755486366643333 D 1676,898194339,1000,1549,1549,2.3761363,-0.00201,-1,-1,-1,0,0,0,136,1,1,0,0.0000000,0.0000000,0.0000000,0,0,0,0
755486367670291 D 1677,898195339,1000,1549,1549,2.3761363,-0.00193,-1,-1,-1,0,0,0,136,1,1,0,0.0000000,0.0000000,0.0000000,0,0,0,0
755486368676750 D 1678,898196339,1000,1549,1549,2.3761363,-0.00186,-1,-1,-1,0,0,0,136,1,1,0,0.0000000,0.0000000,0.0000000,0,0,0,0
755486369635916 D 1679,898197339,1000,1549,1549,2.3761363,-0.00178,-1,-1,-1,0,0,0,136,1,1,0,0.0000000,0.0000000,0.0000000,0,0,0,0
755486370674708 D 1680,898198339,1000,1549,1549,2.3761363,-0.00171,-1,-1,-1,0,0,0,136,1,1,0,0.0000000,0.0000000,0.0000000,0,0,0,0
755486371657000 D 1681,898199339,1000,1549,1549,2.3761363,-0.00165,-1,-1,-1,0,0,0,136,1,1,0,0.0000000,0.0000000,0.0000000,0,0,0,0
755486372754708 D 1682,898200339,1000,1549,1549,2.3761363,-0.00158,-1,-1,-1,0,0,0,136,1,1,0,0.0000000,0.0000000,0.0000000,0,0,0,0
755486373895333 D 1683,898201339,1000,1549,1549,2.3761363,-0.00152,-1,-1,-1,0,0,0,136,1,1,0,0.0000000,0.0000000,0.0000000,0,0,0,0
755486375288250 D 1684,898202339,1000,1549,1549,2.3761363,-0.00146,39,124,2085,0,0,0,136,1,1,0,0.0000000,0.0000000,0.0000000,0,0,0,0
755486376147208 D 1685,898203339,1000,1549,1549,2.3761363,-0.00140,-1,-1,-1,0,0,0,136,1,1,0,0.0000000,0.0000000,0.0000000,0,0,0,0
755486376986375 D 1686,898204339,1000,1549,1549,2.3761363,-0.00135,-1,-1,-1,0,0,0,136,1,1,0,0.0000000,0.0000000,0.0000000,0,0,0,0
755486377871833 D 1687,898205339,1000,1549,1549,2.3761363,-0.00129,-1,-1,-1,0,0,0,136,1,1,0,0.0000000,0.0000000,0.0000000,0,0,0,0
755486378676041 D 1688,898206339,1000,1549,1549,2.3761363,-0.00124,-1,-1,-1,0,0,0,136,1,1,0,0.0000000,0.0000000,0.0000000,0,0,0,0
755486379651333 D 1689,898207339,1000,1549,1549,2.3761363,-0.00119,-1,-1,-1,0,0,0,136,1,1,0,0.0000000,0.0000000,0.0000000,0,0,0,0
755486380683125 D 1690,898208339,1000,1549,1549,2.3761363,-0.00115,-1,-1,-1,0,0,0,136,1,1,0,0.0000000,0.0000000,0.0000000,0,0,0,0
755486381634958 D 1691,898209339,1000,1549,1549,2.3761363,-0.00110,-1,-1,-1,0,0,0,136,1,1,0,0.0000000,0.0000000,0.0000000,0,0,0,0
755486382636000 D 1692,898210339,1000,1549,1549,2.3761363,-0.00106,-1,-1,-1,0,0,0,136,1,1,0,0.0000000,0.0000000,0.0000000,0,0,0,0
755486383643083 D 1693,898211339,1000,1549,1549,2.3761363,-0.00102,-1,-1,-1,0,0,0,136,1,1,0,0.0000000,0.0000000,0.0000000,0,0,0,0
755486384633625 D 1694,898212339,1000,1549,1549,2.3761363,-0.00098,-1,-1,-1,0,0,0,136,1,1,0,0.0000000,0.0000000,0.0000000,0,0,0,0
755486385639041 D 1695,898213339,1000,1549,1549,2.3761363,-0.00094,-1,-1,-1,0,0,0,136,1,1,0,0.0000000,0.0000000,0.0000000,0,0,0,0
755486386660250 D 1696,898214339,1000,1549,1549,2.3761363,-0.00090,-1,-1,-1,0,0,0,136,1,1,0,0.0000000,0.0000000,0.0000000,0,0,0,0
755486387631875 D 1697,898215339,1000,1549,1549,2.3761363,-0.00087,-1,-1,-1,0,0,0,136,1,1,0,0.0000000,0.0000000,0.0000000,0,0,0,0
755486388635500 D 1698,898216339,1000,1549,1549,2.3761363,-0.00083,-1,-1,-1,0,0,0,136,1,1,0,0.0000000,0.0000000,0.0000000,0,0,0,0
755486389659250 D 1699,898217339,1000,1549,1549,2.3761363,-0.00080,-1,-1,-1,0,0,0,136,1,1,0,0.0000000,0.0000000,0.0000000,0,0,0,0
755486390659500 D 1700,898218339,1000,1549,1549,2.3761363,-0.00077,-1,-1,-1,0,0,0,136,1,1,0,0.0000000,0.0000000,0.0000000,0,0,0,0
755486391759000 D 1701,898219339,1000,1549,1549,2.3761363,-0.00074,-1,-1,-1,0,0,0,136,1,1,0,0.0000000,0.0000000,0.0000000,0,0,0,0
755486392663333 D 1702,898220339,1000,1549,1549,2.3761363,-0.00071,-1,-1,-1,0,0,0,136,1,1,0,0.0000000,0.0000000,0.0000000,0,0,0,0
755486393654458 D 1703,898221339,1000,1549,1549,2.3761363,-0.00068,-1,-1,-1,0,0,0,136,1,1,0,0.0000000,0.0000000,0.0000000,0,0,0,0
755486394649791 D 1704,898222339,1000,1549,1549,2.3761363,-0.00066,-1,-1,-1,0,0,0,136,1,1,0,0.0000000,0.0000000,0.0000000,0,0,0,0
755486395646500 D 1705,898223339,1000,1549,1549,2.3761363,-0.00063,-1,-1,-1,0,0,0,136,1,1,0,0.0000000,0.0000000,0.0000000,0,0,0,0
755486396668625 D 1706,898224339,1000,1549,1549,2.3761363,-0.00061,-1,-1,-1,0,0,0,136,1,1,0,0.0000000,0.0000000,0.0000000,0,0,0,0
755486397659541 D 1707,898225339,1000,1549,1549,2.3761363,-0.00058,-1,-1,-1,0,0,0,136,1,1,0,0.0000000,0.0000000,0.0000000,0,0,0,0
755486398636000 D 1708,898226339,1000,1549,1549,2.3761363,-0.00056,-1,-1,-1,0,0,0,136,1,1,0,0.0000000,0.0000000,0.0000000,0,0,0,0
755486399655583 D 1709,898227339,1000,1549,1549,2.3761363,-0.00054,-1,-1,-1,0,0,0,136,1,1,0,0.0000000,0.0000000,0.0000000,0,0,0,0
755486400648041 D 1710,898228339,1000,1549,1549,2.3761363,-0.00052,-1,-1,-1,0,0,0,136,1,1,0,0.0000000,0.0000000,0.0000000,0,0,0,0
755486401707166 D 1711,898229339,1000,1549,1549,2.3761363,-0.00050,-1,-1,-1,0,0,0,136,1,1,0,0.0000000,0.0000000,0.0000000,0,0,0,0
755486402695833 D 1712,898230339,1000,1549,1549,2.3761363,-0.00048,-1,-1,-1,0,0,0,136,1,1,0,0.0000000,0.0000000,0.0000000,0,0,0,0
755486403656375 D 1713,898231339,1000,1549,1549,2.3761363,-0.00046,-1,-1,-1,0,0,0,136,1,1,0,0.0000000,0.0000000,0.0000000,0,0,0,0
755486404867625 D 1714,898232339,1000,1549,1549,2.3761363,-0.00044,-1,-1,-1,0,0,0,136,1,1,0,0.0000000,0.0000000,0.0000000,0,0,0,0
755486405868625 D 1715,898233339,1000,1549,1549,2.3761363,-0.00042,-1,-1,-1,0,0,0,136,1,1,0,0.0000000,0.0000000,0.0000000,0,0,0,0
755486406851333 D 1716,898234339,1000,1549,1549,2.3761363,-0.00041,-1,-1,-1,0,0,0,136,1,1,0,0.0000000,0.0000000,0.0000000,0,0,0,0
755486407721583 D 1717,898235339,1000,1549,1549,2.3761363,-0.00039,-1,-1,-1,0,0,0,136,1,1,0,0.0000000,0.0000000,0.0000000,0,0,0,0
755486408637916 D 1718,898236339,1000,1549,1549,2.3761363,-0.00037,-1,-1,-1,0,0,0,136,1,1,0,0.0000000,0.0000000,0.0000000,0,0,0,0
755486409636541 D 1719,898237339,1000,1549,1549,2.3761363,-0.00036,-1,-1,-1,0,0,0,136,1,1,0,0.0000000,0.0000000,0.0000000,0,0,0,0
755486410634791 D 1720,898238339,1000,1549,1549,2.3761363,-0.00035,-1,-1,-1,0,0,0,136,1,1,0,0.0000000,0.0000000,0.0000000,0,0,0,0
755486411649916 D 1721,898239339,1000,1549,1549,2.3761363,-0.00033,-1,-1,-1,0,0,0,136,1,1,0,0.0000000,0.0000000,0.0000000,0,0,0,0
755486412677708 D 1722,898240339,1000,1549,1549,2.3761363,-0.00032,-1,-1,-1,0,0,0,136,1,1,0,0.0000000,0.0000000,0.0000000,0,0,0,0
755486413647166 D 1723,898241339,1000,1549,1549,2.3761363,-0.00031,-1,-1,-1,0,0,0,136,1,1,0,0.0000000,0.0000000,0.0000000,0,0,0,0
755486414634291 D 1724,898242339,1000,1549,1549,2.3761363,-0.00029,-1,-1,-1,0,0,0,136,1,1,0,0.0000000,0.0000000,0.0000000,0,0,0,0
755486415654958 D 1725,898243339,1000,1549,1549,2.3761363,-0.00028,-1,-1,-1,0,0,0,136,1,1,0,0.0000000,0.0000000,0.0000000,0,0,0,0
755486416634500 D 1726,898244339,1000,1549,1549,2.3761363,-0.00027,-1,-1,-1,0,0,0,136,1,1,0,0.0000000,0.0000000,0.0000000,0,0,0,0
755486417631666 D 1727,898245339,1000,1549,1549,2.3761363,-0.00026,-1,-1,-1,0,0,0,136,1,1,0,0.0000000,0.0000000,0.0000000,0,0,0,0
755486418633333 D 1728,898246339,1000,1549,1549,2.3761363,-0.00025,-1,-1,-1,0,0,0,136,1,1,0,0.0000000,0.0000000,0.0000000,0,0,0,0
755486419624208 D 1729,898247339,1000,1549,1549,2.3761363,-0.00024,-1,-1,-1,0,0,0,136,1,1,0,0.0000000,0.0000000,0.0000000,0,0,0,0
755486420627416 D 1730,898248339,1000,1549,1549,2.3761363,-0.00023,-1,-1,-1,0,0,0,136,1,1,0,0.0000000,0.0000000,0.0000000,0,0,0,0
755486421642375 D 1731,898249339,1000,1549,1549,2.3761363,-0.00022,-1,-1,-1,0,0,0,136,1,1,0,0.0000000,0.0000000,0.0000000,0,0,0,0
755486422879625 D 1732,898250339,1000,1549,1549,2.3761363,-0.00021,-1,-1,-1,0,0,0,136,1,1,0,0.0000000,0.0000000,0.0000000,0,0,0,0
755486423842916 D 1733,898251339,1000,1549,1549,2.3761363,-0.00021,-1,-1,-1,0,0,0,136,1,1,0,0.0000000,0.0000000,0.0000000,0,0,0,0
755486425246041 D 1734,898252339,1000,1549,1549,2.3761363,-0.00020,39,124,2085,0,0,0,136,1,1,0,0.0000000,0.0000000,0.0000000,0,0,0,0
755486426076416 D 1735,898253339,1000,1549,1549,2.3761363,-0.00019,-1,-1,-1,0,0,0,136,1,1,0,0.0000000,0.0000000,0.0000000,0,0,0,0
755486426906083 D 1736,898254339,1000,1549,1549,2.3761363,-0.00018,-1,-1,-1,0,0,0,136,1,1,0,0.0000000,0.0000000,0.0000000,0,0,0,0
755486427625125 D 1737,898255339,1000,1549,1549,2.3761363,-0.00018,-1,-1,-1,0,0,0,136,1,1,0,0.0000000,0.0000000,0.0000000,0,0,0,0
755486428649833 D 1738,898256339,1000,1549,1549,2.3761363,-0.00017,-1,-1,-1,0,0,0,136,1,1,0,0.0000000,0.0000000,0.0000000,0,0,0,0
755486429628208 D 1739,898257339,1000,1549,1549,2.3761363,-0.00016,-1,-1,-1,0,0,0,136,1,1,0,0.0000000,0.0000000,0.0000000,0,0,0,0
755486430626875 D 1740,898258339,1000,1549,1549,2.3761363,-0.00016,-1,-1,-1,0,0,0,136,1,1,0,0.0000000,0.0000000,0.0000000,0,0,0,0
755486431623000 D 1741,898259339,1000,1549,1549,2.3761363,-0.00015,-1,-1,-1,0,0,0,135,1,1,0,0.0000000,0.0000000,0.0000000,0,0,0,0
755486432621916 D 1742,898260339,1000,1549,1549,2.3761363,-0.00014,-1,-1,-1,0,0,0,136,1,1,0,0.0000000,0.0000000,0.0000000,0,0,0,0
755486433612958 D 1743,898261339,1000,1549,1549,2.3761363,-0.00014,-1,-1,-1,0,0,0,136,1,1,0,0.0000000,0.0000000,0.0000000,0,0,0,0
755486434623958 D 1744,898262339,1000,1549,1549,2.3761363,-0.00013,-1,-1,-1,0,0,0,136,1,1,0,0.0000000,0.0000000,0.0000000,0,0,0,0
755486435643625 D 1745,898263339,1000,1549,1549,2.3761363,-0.00013,-1,-1,-1,0,0,0,136,1,1,0,0.0000000,0.0000000,0.0000000,0,0,0,0
755486436626625 D 1746,898264339,1000,1549,1549,2.3761363,-0.00012,-1,-1,-1,0,0,0,136,1,1,0,0.0000000,0.0000000,0.0000000,0,0,0,0
755486437712541 D 1747,898265339,1000,1549,1549,2.3761363,-0.00012,-1,-1,-1,0,0,0,136,1,1,0,0.0000000,0.0000000,0.0000000,0,0,0,0
755486438673666 D 1748,898266339,1000,1549,1549,2.3761363,-0.00011,-1,-1,-1,0,0,0,136,1,1,0,0.0000000,0.0000000,0.0000000,0,0,0,0
755486439669458 D 1749,898267339,1000,1549,1549,2.3761363,-0.00011,-1,-1,-1,0,0,0,136,1,1,0,0.0000000,0.0000000,0.0000000,0,0,0,0
755486440655791 D 1750,898268339,1000,1549,1549,2.3761363,-0.00010,-1,-1,-1,0,0,0,136,1,1,0,0.0000000,0.0000000,0.0000000,0,0,0,0
755486441643458 D 1751,898269339,1000,1549,1549,2.3761363,-0.00010,-1,-1,-1,0,0,0,136,1,1,0,0.0000000,0.0000000,0.0000000,0,0,0,0
755486442629416 D 1752,898270339,1000,1549,1549,2.3761363,-0.00010,-1,-1,-1,0,0,0,136,1,1,0,0.0000000,0.0000000,0.0000000,0,0,0,0
755486443656500 D 1753,898271339,1000,1549,1549,2.3761363,-0.00009,-1,-1,-1,0,0,0,136,1,1,0,0.0000000,0.0000000,0.0000000,0,0,0,0
755486444629000 D 1754,898272339,1000,1549,1549,2.3761363,-0.00009,-1,-1,-1,0,0,0,136,1,1,0,0.0000000,0.0000000,0.0000000,0,0,0,0
755486445628666 D 1755,898273339,1000,1549,1549,2.3761363,-0.00009,-1,-1,-1,0,0,0,136,1,1,0,0.0000000,0.0000000,0.0000000,0,0,0,0
755486446623458 D 1756,898274339,1000,1549,1549,2.3761363,-0.00008,-1,-1,-1,0,0,0,136,1,1,0,0.0000000,0.0000000,0.0000000,0,0,0,0
755486447622083 D 1757,898275339,1000,1549,1549,2.3761363,-0.00008,-1,-1,-1,0,0,0,136,1,1,0,0.0000000,0.0000000,0.0000000,0,0,0,0
755486448633958 D 1758,898276339,1000,1549,1549,2.3761363,-0.00008,-1,-1,-1,0,0,0,136,1,1,0,0.0000000,0.0000000,0.0000000,0,0,0,0
755486449625291 D 1759,898277339,1000,1549,1549,2.3761363,-0.00007,-1,-1,-1,0,0,0,136,1,1,0,0.0000000,0.0000000,0.0000000,0,0,0,0
755486450658041 D 1760,898278339,1000,1549,1549,2.3761363,-0.00007,-1,-1,-1,0,0,0,136,1,1,0,0.0000000,0.0000000,0.0000000,0,0,0,0
755486451680833 D 1761,898279339,1000,1549,1549,2.3761363,-0.00007,-1,-1,-1,0,0,0,136,1,1,0,0.0000000,0.0000000,0.0000000,0,0,0,0
755486452681625 D 1762,898280339,1000,1549,1549,2.3761363,-0.00006,-1,-1,-1,0,0,0,136,1,1,0,0.0000000,0.0000000,0.0000000,0,0,0,0
755486453647041 D 1763,898281339,1000,1549,1549,2.3761363,-0.00006,-1,-1,-1,0,0,0,136,1,1,0,0.0000000,0.0000000,0.0000000,0,0,0,0
755486454645708 D 1764,898282339,1000,1549,1549,2.3761363,-0.00006,-1,-1,-1,0,0,0,136,1,1,0,0.0000000,0.0000000,0.0000000,0,0,0,0
755486455631041 D 1765,898283339,1000,1549,1549,2.3761363,-0.00006,-1,-1,-1,0,0,0,136,1,1,0,0.0000000,0.0000000,0.0000000,0,0,0,0
755486456853708 D 1766,898284339,1000,1549,1549,2.3761363,-0.00005,-1,-1,-1,0,0,0,136,1,1,0,0.0000000,0.0000000,0.0000000,0,0,0,0
755486457868125 D 1767,898285339,1000,1549,1549,2.3761363,-0.00005,-1,-1,-1,0,0,0,136,1,1,0,0.0000000,0.0000000,0.0000000,0,0,0,0
755486458796125 D 1768,898286339,1000,1549,1549,2.3761363,-0.00005,-1,-1,-1,0,0,0,136,1,1,0,0.0000000,0.0000000,0.0000000,0,0,0,0
755486459638583 D 1769,898287339,1000,1549,1549,2.3761363,-0.00005,-1,-1,-1,0,0,0,136,1,1,0,0.0000000,0.0000000,0.0000000,0,0,0,0
755486460629708 D 1770,898288339,1000,1549,1549,2.3761363,-0.00005,-1,-1,-1,0,0,0,136,1,1,0,0.0000000,0.0000000,0.0000000,0,0,0,0
755486461628125 D 1771,898289339,1000,1549,1549,2.3761363,-0.00004,-1,-1,-1,0,0,0,136,1,1,0,0.0000000,0.0000000,0.0000000,0,0,0,0
755486462630916 D 1772,898290339,1000,1549,1549,2.3761363,-0.00004,-1,-1,-1,0,0,0,136,1,1,0,0.0000000,0.0000000,0.0000000,0,0,0,0
755486463630541 D 1773,898291339,1000,1549,1549,2.3761363,-0.00004,-1,-1,-1,0,0,0,136,1,1,0,0.0000000,0.0000000,0.0000000,0,0,0,0
755486464624291 D 1774,898292339,1000,1549,1549,2.3761363,-0.00004,-1,-1,-1,0,0,0,136,1,1,0,0.0000000,0.0000000,0.0000000,0,0,0,0
755486465623541 D 1775,898293339,1000,1549,1549,2.3761363,-0.00004,-1,-1,-1,0,0,0,136,1,1,0,0.0000000,0.0000000,0.0000000,0,0,0,0
755486466625458 D 1776,898294339,1000,1549,1549,2.3761363,-0.00004,-1,-1,-1,0,0,0,136,1,1,0,0.0000000,0.0000000,0.0000000,0,0,0,0
755486467626416 D 1777,898295339,1000,1549,1549,2.3761363,-0.00004,-1,-1,-1,0,0,0,136,1,1,0,0.0000000,0.0000000,0.0000000,0,0,0,0
755486468628666 D 1778,898296339,1000,1549,1549,2.3761363,-0.00003,-1,-1,-1,0,0,0,136,1,1,0,0.0000000,0.0000000,0.0000000,0,0,0,0
755486469623125 D 1779,898297339,1000,1549,1549,2.3761363,-0.00003,-1,-1,-1,0,0,0,136,1,1,0,0.0000000,0.0000000,0.0000000,0,0,0,0
755486470623500 D 1780,898298339,1000,1550,1550,2.3776703,0.06012,-1,-1,-1,0,0,0,136,1,1,0,0.0000000,0.0000000,0.0000000,0,0,0,0
755486471644708 D 1781,898299339,1000,1549,1549,2.3761363,-0.00239,-1,-1,-1,0,0,0,136,1,1,0,0.0000000,0.0000000,0.0000000,0,0,0,0
755486472666500 D 1782,898300339,1000,1549,1549,2.3761363,-0.00229,-1,-1,-1,0,0,0,136,1,1,0,0.0000000,0.0000000,0.0000000,0,0,0,0
755486473721500 D 1783,898301339,1000,1549,1549,2.3761363,-0.00220,-1,-1,-1,0,0,0,136,1,1,0,0.0000000,0.0000000,0.0000000,0,0,0,0
755486475098083 D 1784,898302339,1000,1549,1549,2.3761363,-0.00212,39,124,2086,0,0,0,136,1,1,0,0.0000000,0.0000000,0.0000000,0,0,0,0
755486475743000 D 1785,898303339,1000,1549,1549,2.3761363,-0.00204,-1,-1,-1,0,0,0,136,1,1,0,0.0000000,0.0000000,0.0000000,0,0,0,0
755486476880208 D 1786,898304339,1000,1549,1549,2.3761363,-0.00196,-1,-1,-1,0,0,0,136,1,1,0,0.0000000,0.0000000,0.0000000,0,0,0,0
755486477888208 D 1787,898305339,1000,1549,1549,2.3761363,-0.00188,-1,-1,-1,0,0,0,136,1,1,0,0.0000000,0.0000000,0.0000000,0,0,0,0
755486478676541 D 1788,898306339,1000,1549,1549,2.3761363,-0.00181,-1,-1,-1,0,0,0,136,1,1,0,0.0000000,0.0000000,0.0000000,0,0,0,0
755486479619666 D 1789,898307339,1000,1549,1549,2.3761363,-0.00173,-1,-1,-1,0,0,0,136,1,1,0,0.0000000,0.0000000,0.0000000,0,0,0,0
755486480627708 D 1790,898308339,1000,1549,1549,2.3761363,-0.00167,-1,-1,-1,0,0,0,135,1,1,0,0.0000000,0.0000000,0.0000000,0,0,0,0
755486481623916 D 1791,898309339,1000,1549,1549,2.3761363,-0.00160,-1,-1,-1,0,0,0,136,1,1,0,0.0000000,0.0000000,0.0000000,0,0,0,0
755486482621958 D 1792,898310339,1000,1549,1549,2.3761363,-0.00154,-1,-1,-1,0,0,0,136,1,1,0,0.0000000,0.0000000,0.0000000,0,0,0,0
755486483630416 D 1793,898311339,1000,1549,1549,2.3761363,-0.00148,-1,-1,-1,0,0,0,136,1,1,0,0.0000000,0.0000000,0.0000000,0,0,0,0
755486484622208 D 1794,898312339,1000,1549,1549,2.3761363,-0.00142,-1,-1,-1,0,0,0,136,1,1,0,0.0000000,0.0000000,0.0000000,0,0,0,0
755486485627250 D 1795,898313339,1000,1549,1549,2.3761363,-0.00136,-1,-1,-1,0,0,0,136,1,1,0,0.0000000,0.0000000,0.0000000,0,0,0,0
755486486862791 D 1796,898314339,1000,1549,1549,2.3761363,-0.00131,-1,-1,-1,0,0,0,136,1,1,0,0.0000000,0.0000000,0.0000000,0,0,0,0
755486487785916 D 1797,898315339,1000,1549,1549,2.3761363,-0.00126,-1,-1,-1,0,0,0,136,1,1,0,0.0000000,0.0000000,0.0000000,0,0,0,0
755486488690250 D 1798,898316339,1000,1549,1549,2.3761363,-0.00121,-1,-1,-1,0,0,0,136,1,1,0,0.0000000,0.0000000,0.0000000,0,0,0,0
755486489667250 D 1799,898317339,1000,1549,1549,2.3761363,-0.00116,-1,-1,-1,0,0,0,136,1,1,0,0.0000000,0.0000000,0.0000000,0,0,0,0
755486490718416 D 1800,898318339,1000,1549,1549,2.3761363,-0.00112,-1,-1,-1,0,0,0,136,1,1,0,0.0000000,0.0000000,0.0000000,0,0,0,0
755486491717916 D 1801,898319339,1000,1549,1549,2.3761363,-0.00107,-1,-1,-1,0,0,0,136,1,1,0,0.0000000,0.0000000,0.0000000,0,0,0,0
755486492691333 D 1802,898320339,1000,1549,1549,2.3761363,-0.00103,-1,-1,-1,0,0,0,136,1,1,0,0.0000000,0.0000000,0.0000000,0,0,0,0
755486493682750 D 1803,898321339,1000,1549,1549,2.3761363,-0.00099,-1,-1,-1,0,0,0,136,1,1,0,0.0000000,0.0000000,0.0000000,0,0,0,0
755486494653666 D 1804,898322339,1000,1549,1549,2.3761363,-0.00095,-1,-1,-1,0,0,0,136,1,1,0,0.0000000,0.0000000,0.0000000,0,0,0,0
755486495639500 D 1805,898323339,1000,1549,1549,2.3761363,-0.00091,-1,-1,-1,0,0,0,136,1,1,0,0.0000000,0.0000000,0.0000000,0,0,0,0
755486496633208 D 1806,898324339,1000,1549,1549,2.3761363,-0.00088,-1,-1,-1,0,0,0,136,1,1,0,0.0000000,0.0000000,0.0000000,0,0,0,0
755486497635208 D 1807,898325339,1000,1549,1549,2.3761363,-0.00084,-1,-1,-1,0,0,0,136,1,1,0,0.0000000,0.0000000,0.0000000,0,0,0,0
755486498634500 D 1808,898326339,1000,1549,1549,2.3761363,-0.00081,-1,-1,-1,0,0,0,136,1,1,0,0.0000000,0.0000000,0.0000000,0,0,0,0
755486499621083 D 1809,898327339,1000,1549,1549,2.3761363,-0.00078,-1,-1,-1,0,0,0,136,1,1,0,0.0000000,0.0000000,0.0000000,0,0,0,0
755486500637208 D 1810,898328339,1000,1549,1549,2.3761363,-0.00075,-1,-1,-1,0,0,0,136,1,1,0,0.0000000,0.0000000,0.0000000,0,0,0,0
755486501630583 D 1811,898329339,1000,1549,1549,2.3761363,-0.00072,-1,-1,-1,0,0,0,136,1,1,0,0.0000000,0.0000000,0.0000000,0,0,0,0
755486502714000 D 1812,898330339,1000,1549,1549,2.3761363,-0.00069,-1,-1,-1,0,0,0,136,1,1,0,0.0000000,0.0000000,0.0000000,0,0,0,0
755486503658750 D 1813,898331339,1000,1549,1549,2.3761363,-0.00066,-1,-1,-1,0,0,0,136,1,1,0,0.0000000,0.0000000,0.0000000,0,0,0,0
755486504651916 D 1814,898332339,1000,1549,1549,2.3761363,-0.00064,-1,-1,-1,0,0,0,136,1,1,0,0.0000000,0.0000000,0.0000000,0,0,0,0
755486505657541 D 1815,898333339,1000,1549,1549,2.3761363,-0.00061,-1,-1,-1,0,0,0,136,1,1,0,0.0000000,0.0000000,0.0000000,0,0,0,0
755486506668041 D 1816,898334339,1000,1549,1549,2.3761363,-0.00059,-1,-1,-1,0,0,0,136,1,1,0,0.0000000,0.0000000,0.0000000,0,0,0,0
755486507643250 D 1817,898335339,1000,1549,1549,2.3761363,-0.00057,-1,-1,-1,0,0,0,136,1,1,0,0.0000000,0.0000000,0.0000000,0,0,0,0
755486508640583 D 1818,898336339,1000,1549,1549,2.3761363,-0.00054,-1,-1,-1,0,0,0,136,1,1,0,0.0000000,0.0000000,0.0000000,0,0,0,0
755486509635791 D 1819,898337339,1000,1549,1549,2.3761363,-0.00052,-1,-1,-1,0,0,0,136,1,1,0,0.0000000,0.0000000,0.0000000,0,0,0,0
755486510641166 D 1820,898338339,1000,1549,1549,2.3761363,-0.00050,-1,-1,-1,0,0,0,136,1,1,0,0.0000000,0.0000000,0.0000000,0,0,0,0
755486511864833 D 1821,898339339,1000,1549,1549,2.3761363,-0.00048,-1,-1,-1,0,0,0,136,1,1,0,0.0000000,0.0000000,0.0000000,0,0,0,0
755486512866541 D 1822,898340339,1000,1549,1549,2.3761363,-0.00046,-1,-1,-1,0,0,0,136,1,1,0,0.0000000,0.0000000,0.0000000,0,0,0,0
755486513839916 D 1823,898341339,1000,1549,1549,2.3761363,-0.00045,-1,-1,-1,0,0,0,136,1,1,0,0.0000000,0.0000000,0.0000000,0,0,0,0
755486514647458 D 1824,898342339,1000,1549,1549,2.3761363,-0.00043,-1,-1,-1,0,0,0,136,1,1,0,0.0000000,0.0000000,0.0000000,0,0,0,0
755486515640500 D 1825,898343339,1000,1549,1549,2.3761363,-0.00041,-1,-1,-1,0,0,0,136,1,1,0,0.0000000,0.0000000,0.0000000,0,0,0,0
755486516650125 D 1826,898344339,1000,1549,1549,2.3761363,-0.00039,-1,-1,-1,0,0,0,136,1,1,0,0.0000000,0.0000000,0.0000000,0,0,0,0
755486517654083 D 1827,898345339,1000,1549,1549,2.3761363,-0.00038,-1,-1,-1,0,0,0,136,1,1,0,0.0000000,0.0000000,0.0000000,0,0,0,0
755486518646416 D 1828,898346339,1000,1549,1549,2.3761363,-0.00036,-1,-1,-1,0,0,0,136,1,1,0,0.0000000,0.0000000,0.0000000,0,0,0,0
755486519660458 D 1829,898347339,1000,1549,1549,2.3761363,-0.00035,-1,-1,-1,0,0,0,136,1,1,0,0.0000000,0.0000000,0.0000000,0,0,0,0
755486520638208 D 1830,898348339,1000,1549,1549,2.3761363,-0.00034,-1,-1,-1,0,0,0,136,1,1,0,0.0000000,0.0000000,0.0000000,0,0,0,0
755486521647625 D 1831,898349339,1000,1549,1549,2.3761363,-0.00032,-1,-1,-1,0,0,0,136,1,1,0,0.0000000,0.0000000,0.0000000,0,0,0,0
755486522651250 D 1832,898350339,1000,1549,1549,2.3761363,-0.00031,-1,-1,-1,0,0,0,136,1,1,0,0.0000000,0.0000000,0.0000000,0,0,0,0
755486523635041 D 1833,898351339,1000,1549,1549,2.3761363,-0.00030,-1,-1,-1,0,0,0,136,1,1,0,0.0000000,0.0000000,0.0000000,0,0,0,0
755486525071791 D 1834,898352339,1000,1549,1549,2.3761363,-0.00029,39,124,2085,0,0,0,136,1,1,0,0.0000000,0.0000000,0.0000000,0,0,0,0
755486525680250 D 1835,898353339,1000,1549,1549,2.3761363,-0.00028,-1,-1,-1,0,0,0,136,1,1,0,0.0000000,0.0000000,0.0000000,0,0,0,0
755486526635041 D 1836,898354339,1000,1549,1549,2.3761363,-0.00026,-1,-1,-1,0,0,0,136,1,1,0,0.0000000,0.0000000,0.0000000,0,0,0,0
755486527626291 D 1837,898355339,1000,1549,1549,2.3761363,-0.00025,-1,-1,-1,0,0,0,136,1,1,0,0.0000000,0.0000000,0.0000000,0,0,0,0
755486528628500 D 1838,898356339,1000,1549,1549,2.3761363,-0.00024,-1,-1,-1,0,0,0,136,1,1,0,0.0000000,0.0000000,0.0000000,0,0,0,0
755486529628583 D 1839,898357339,1000,1549,1549,2.3761363,-0.00023,-1,-1,-1,0,0,0,136,1,1,0,0.0000000,0.0000000,0.0000000,0,0,0,0
755486530632791 D 1840,898358339,1000,1549,1549,2.3761363,-0.00023,-1,-1,-1,0,0,0,136,1,1,0,0.0000000,0.0000000,0.0000000,0,0,0,0
755486531629333 D 1841,898359339,1000,1549,1549,2.3761363,-0.00022,-1,-1,-1,0,0,0,136,1,1,0,0.0000000,0.0000000,0.0000000,0,0,0,0
755486532850416 D 1842,898360339,1000,1549,1549,2.3761363,-0.00021,-1,-1,-1,0,0,0,136,1,1,0,0.0000000,0.0000000,0.0000000,0,0,0,0
755486533854208 D 1843,898361339,1000,1549,1549,2.3761363,-0.00020,-1,-1,-1,0,0,0,136,1,1,0,0.0000000,0.0000000,0.0000000,0,0,0,0
755486534843916 D 1844,898362339,1000,1549,1549,2.3761363,-0.00019,-1,-1,-1,0,0,0,136,1,1,0,0.0000000,0.0000000,0.0000000,0,0,0,0
755486535708000 D 1845,898363339,1000,1549,1549,2.3761363,-0.00018,-1,-1,-1,0,0,0,136,1,1,0,0.0000000,0.0000000,0.0000000,0,0,0,0
755486536632375 D 1846,898364339,1000,1549,1549,2.3761363,-0.00018,-1,-1,-1,0,0,0,136,1,1,0,0.0000000,0.0000000,0.0000000,0,0,0,0
755486537663750 D 1847,898365339,1000,1549,1549,2.3761363,-0.00017,-1,-1,-1,0,0,0,136,1,1,0,0.0000000,0.0000000,0.0000000,0,0,0,0
755486538655875 D 1848,898366339,1000,1549,1549,2.3761363,-0.00016,-1,-1,-1,0,0,0,136,1,1,0,0.0000000,0.0000000,0.0000000,0,0,0,0
755486539645208 D 1849,898367339,1000,1549,1549,2.3761363,-0.00016,-1,-1,-1,0,0,0,136,1,1,0,0.0000000,0.0000000,0.0000000,0,0,0,0
755486540627291 D 1850,898368339,1000,1549,1549,2.3761363,-0.00015,-1,-1,-1,0,0,0,136,1,1,0,0.0000000,0.0000000,0.0000000,0,0,0,0
755486541640291 D 1851,898369339,1000,1549,1549,2.3761363,-0.00015,-1,-1,-1,0,0,0,136,1,1,0,0.0000000,0.0000000,0.0000000,0,0,0,0
755486542640916 D 1852,898370339,1000,1549,1549,2.3761363,-0.00014,-1,-1,-1,0,0,0,136,1,1,0,0.0000000,0.0000000,0.0000000,0,0,0,0
755486543655458 D 1853,898371339,1000,1549,1549,2.3761363,-0.00013,-1,-1,-1,0,0,0,136,1,1,0,0.0000000,0.0000000,0.0000000,0,0,0,0
755486544644666 D 1854,898372339,1000,1549,1549,2.3761363,-0.00013,-1,-1,-1,0,0,0,136,1,1,0,0.0000000,0.0000000,0.0000000,0,0,0,0
755486545702875 D 1855,898373339,1000,1549,1549,2.3761363,-0.00012,-1,-1,-1,0,0,0,136,1,1,0,0.0000000,0.0000000,0.0000000,0,0,0,0
755486546663500 D 1856,898374339,1000,1549,1549,2.3761363,-0.00012,-1,-1,-1,0,0,0,136,1,1,0,0.0000000,0.0000000,0.0000000,0,0,0,0
755486547652708 D 1857,898375339,1000,1549,1549,2.3761363,-0.00011,-1,-1,-1,0,0,0,136,1,1,0,0.0000000,0.0000000,0.0000000,0,0,0,0
755486548645708 D 1858,898376339,1000,1549,1549,2.3761363,-0.00011,-1,-1,-1,0,0,0,136,1,1,0,0.0000000,0.0000000,0.0000000,0,0,0,0
755486549643333 D 1859,898377339,1000,1549,1549,2.3761363,-0.00011,-1,-1,-1,0,0,0,136,1,1,0,0.0000000,0.0000000,0.0000000,0,0,0,0
755486550644625 D 1860,898378339,1000,1549,1549,2.3761363,-0.00010,-1,-1,-1,0,0,0,136,1,1,0,0.0000000,0.0000000,0.0000000,0,0,0,0
755486551631125 D 1861,898379339,1000,1549,1549,2.3761363,-0.00010,-1,-1,-1,0,0,0,136,1,1,0,0.0000000,0.0000000,0.0000000,0,0,0,0
755486552634000 D 1862,898380339,1000,1549,1549,2.3761363,-0.00009,-1,-1,-1,0,0,0,136,1,1,0,0.0000000,0.0000000,0.0000000,0,0,0,0
755486553651541 D 1863,898381339,1000,1549,1549,2.3761363,-0.00009,-1,-1,-1,0,0,0,136,1,1,0,0.0000000,0.0000000,0.0000000,0,0,0,0
755486554872958 D 1864,898382339,1000,1549,1549,2.3761363,-0.00009,-1,-1,-1,0,0,0,136,1,1,0,0.0000000,0.0000000,0.0000000,0,0,0,0
755486555850166 D 1865,898383339,1000,1549,1549,2.3761363,-0.00008,-1,-1,-1,0,0,0,136,1,1,0,0.0000000,0.0000000,0.0000000,0,0,0,0
755486556919708 D 1866,898384339,1000,1549,1549,2.3761363,-0.00008,-1,-1,-1,0,0,0,136,1,1,0,0.0000000,0.0000000,0.0000000,0,0,0,0
755486557696083 D 1867,898385339,1000,1549,1549,2.3761363,-0.00008,-1,-1,-1,0,0,0,136,1,1,0,0.0000000,0.0000000,0.0000000,0,0,0,0
755486558679666 D 1868,898386339,1000,1549,1549,2.3761363,-0.00007,-1,-1,-1,0,0,0,136,1,1,0,0.0000000,0.0000000,0.0000000,0,0,0,0
755486559649291 D 1869,898387339,1000,1549,1549,2.3761363,-0.00007,-1,-1,-1,0,0,0,136,1,1,0,0.0000000,0.0000000,0.0000000,0,0,0,0
755486560634250 D 1870,898388339,1000,1549,1549,2.3761363,-0.00007,-1,-1,-1,0,0,0,136,1,1,0,0.0000000,0.0000000,0.0000000,0,0,0,0
755486561643166 D 1871,898389339,1000,1549,1549,2.3761363,-0.00007,-1,-1,-1,0,0,0,136,1,1,0,0.0000000,0.0000000,0.0000000,0,0,0,0
755486562655083 D 1872,898390339,1000,1549,1549,2.3761363,-0.00006,-1,-1,-1,0,0,0,136,1,1,0,0.0000000,0.0000000,0.0000000,0,0,0,0
755486563635375 D 1873,898391339,1000,1549,1549,2.3761363,-0.00006,-1,-1,-1,0,0,0,136,1,1,0,0.0000000,0.0000000,0.0000000,0,0,0,0
755486564640291 D 1874,898392339,1000,1549,1549,2.3761363,-0.00006,-1,-1,-1,0,0,0,136,1,1,0,0.0000000,0.0000000,0.0000000,0,0,0,0
755486565631958 D 1875,898393339,1000,1549,1549,2.3761363,-0.00006,-1,-1,-1,0,0,0,136,1,1,0,0.0000000,0.0000000,0.0000000,0,0,0,0
755486566637708 D 1876,898394339,1000,1549,1549,2.3761363,-0.00005,-1,-1,-1,0,0,0,136,1,1,0,0.0000000,0.0000000,0.0000000,0,0,0,0
755486567634708 D 1877,898395339,1000,1549,1549,2.3761363,-0.00005,-1,-1,-1,0,0,0,136,1,1,0,0.0000000,0.0000000,0.0000000,0,0,0,0
755486568634125 D 1878,898396339,1000,1549,1549,2.3761363,-0.00005,-1,-1,-1,0,0,0,136,1,1,0,0.0000000,0.0000000,0.0000000,0,0,0,0
755486569654958 D 1879,898397339,1000,1549,1549,2.3761363,-0.00005,-1,-1,-1,0,0,0,136,1,1,0,0.0000000,0.0000000,0.0000000,0,0,0,0
755486570651625 D 1880,898398339,1000,1549,1549,2.3761363,-0.00005,-1,-1,-1,0,0,0,136,1,1,0,0.0000000,0.0000000,0.0000000,0,0,0,0
755486571648708 D 1881,898399339,1000,1549,1549,2.3761363,-0.00004,-1,-1,-1,0,0,0,136,1,1,0,0.0000000,0.0000000,0.0000000,0,0,0,0
755486572642250 D 1882,898400339,1000,1549,1549,2.3761363,-0.00004,-1,-1,-1,0,0,0,136,1,1,0,0.0000000,0.0000000,0.0000000,0,0,0,0
755486573663666 D 1883,898401339,1000,1549,1549,2.3761363,-0.00004,-1,-1,-1,0,0,0,136,1,1,0,0.0000000,0.0000000,0.0000000,0,0,0,0
755486575032791 D 1884,898402339,1000,1549,1549,2.3761363,-0.00004,39,124,2086,0,0,0,136,1,1,0,0.0000000,0.0000000,0.0000000,0,0,0,0
755486575652666 D 1885,898403339,1000,1549,1549,2.3761363,-0.00004,-1,-1,-1,0,0,0,136,1,1,0,0.0000000,0.0000000,0.0000000,0,0,0,0
755486576681125 D 1886,898404339,1000,1549,1549,2.3761363,-0.00004,-1,-1,-1,0,0,0,136,1,1,0,0.0000000,0.0000000,0.0000000,0,0,0,0
755486577659083 D 1887,898405339,1000,1549,1549,2.3761363,-0.00003,-1,-1,-1,0,0,0,136,1,1,0,0.0000000,0.0000000,0.0000000,0,0,0,0
755486578649166 D 1888,898406339,1000,1549,1549,2.3761363,-0.00003,-1,-1,-1,0,0,0,136,1,1,0,0.0000000,0.0000000,0.0000000,0,0,0,0
755486579687125 D 1889,898407339,1000,1549,1549,2.3761363,-0.00003,-1,-1,-1,0,0,0,136,1,1,0,0.0000000,0.0000000,0.0000000,0,0,0,0
755486580641125 D 1890,898408339,1000,1549,1549,2.3761363,-0.00003,-1,-1,-1,0,0,0,136,1,1,0,0.0000000,0.0000000,0.0000000,0,0,0,0
755486581638666 D 1891,898409339,1000,1549,1549,2.3761363,-0.00003,-1,-1,-1,0,0,0,136,1,1,0,0.0000000,0.0000000,0.0000000,0,0,0,0
755486582630875 D 1892,898410339,1000,1549,1549,2.3761363,-0.00003,-1,-1,-1,0,0,0,136,1,1,0,0.0000000,0.0000000,0.0000000,0,0,0,0
755486583639333 D 1893,898411339,1000,1549,1549,2.3761363,-0.00003,-1,-1,-1,0,0,0,136,1,1,0,0.0000000,0.0000000,0.0000000,0,0,0,0
755486584693000 D 1894,898412339,1000,1549,1549,2.3761363,-0.00003,-1,-1,-1,0,0,0,136,1,1,0,0.0000000,0.0000000,0.0000000,0,0,0,0
755486585645125 D 1895,898413339,1000,1549,1549,2.3761363,-0.00002,-1,-1,-1,0,0,0,136,1,1,0,0.0000000,0.0000000,0.0000000,0,0,0,0
755486586637375 D 1896,898414339,1000,1549,1549,2.3761363,-0.00002,-1,-1,-1,0,0,0,136,1,1,0,0.0000000,0.0000000,0.0000000,0,0,0,0
755486587644958 D 1897,898415339,1000,1549,1549,2.3761363,-0.00002,-1,-1,-1,0,0,0,136,1,1,0,0.0000000,0.0000000,0.0000000,0,0,0,0
755486588870125 D 1898,898416339,1000,1549,1549,2.3761363,-0.00002,-1,-1,-1,0,0,0,136,1,1,0,0.0000000,0.0000000,0.0000000,0,0,0,0
755486589855083 D 1899,898417339,1000,1549,1549,2.3761363,-0.00002,-1,-1,-1,0,0,0,136,1,1,0,0.0000000,0.0000000,0.0000000,0,0,0,0
755486590771666 D 1900,898418339,1000,1549,1549,2.3761363,-0.00002,-1,-1,-1,0,0,0,136,1,1,0,0.0000000,0.0000000,0.0000000,0,0,0,0
755486591679708 D 1901,898419339,1000,1549,1549,2.3761363,-0.00002,-1,-1,-1,0,0,0,136,1,1,0,0.0000000,0.0000000,0.0000000,0,0,0,0
755486592731500 D 1902,898420339,1000,1549,1549,2.3761363,-0.00002,-1,-1,-1,0,0,0,136,1,1,0,0.0000000,0.0000000,0.0000000,0,0,0,0
755486593661500 D 1903,898421339,1000,1549,1549,2.3761363,-0.00002,-1,-1,-1,0,0,0,136,1,1,0,0.0000000,0.0000000,0.0000000,0,0,0,0
755486594651000 D 1904,898422339,1000,1549,1549,2.3761363,-0.00002,-1,-1,-1,0,0,0,136,1,1,0,0.0000000,0.0000000,0.0000000,0,0,0,0
755486595652541 D 1905,898423339,1000,1549,1549,2.3761363,-0.00002,-1,-1,-1,0,0,0,136,1,1,0,0.0000000,0.0000000,0.0000000,0,0,0,0
755486596646416 D 1906,898424339,1000,1549,1549,2.3761363,-0.00002,-1,-1,-1,0,0,0,136,1,1,0,0.0000000,0.0000000,0.0000000,0,0,0,0
755486597666166 D 1907,898425339,1000,1549,1549,2.3761363,-0.00002,-1,-1,-1,0,0,0,136,1,1,0,0.0000000,0.0000000,0.0000000,0,0,0,0
755486598656208 D 1908,898426339,1000,1549,1549,2.3761363,-0.00001,-1,-1,-1,0,0,0,136,1,1,0,0.0000000,0.0000000,0.0000000,0,0,0,0
755486599665875 D 1909,898427339,1000,1549,1549,2.3761363,-0.00001,-1,-1,-1,0,0,0,136,1,1,0,0.0000000,0.0000000,0.0000000,0,0,0,0
755486600662916 D 1910,898428339,1000,1549,1549,2.3761363,-0.00001,-1,-1,-1,0,0,0,136,1,1,0,0.0000000,0.0000000,0.0000000,0,0,0,0
755486601645375 D 1911,898429339,1000,1549,1549,2.3761363,-0.00001,-1,-1,-1,0,0,0,136,1,1,0,0.0000000,0.0000000,0.0000000,0,0,0,0
755486602640833 D 1912,898430339,1000,1549,1549,2.3761363,-0.00001,-1,-1,-1,0,0,0,136,1,1,0,0.0000000,0.0000000,0.0000000,0,0,0,0
755486603643916 D 1913,898431339,1000,1549,1549,2.3761363,-0.00001,-1,-1,-1,0,0,0,136,1,1,0,0.0000000,0.0000000,0.0000000,0,0,0,0
755486604642500 D 1914,898432339,1000,1549,1549,2.3761363,-0.00001,-1,-1,-1,0,0,0,136,1,1,0,0.0000000,0.0000000,0.0000000,0,0,0,0
755486605633666 D 1915,898433339,1000,1549,1549,2.3761363,-0.00001,-1,-1,-1,0,0,0,136,1,1,0,0.0000000,0.0000000,0.0000000,0,0,0,0
755486606639708 D 1916,898434339,1000,1549,1549,2.3761363,-0.00001,-1,-1,-1,0,0,0,135,1,1,0,0.0000000,0.0000000,0.0000000,0,0,0,0
755486607631333 D 1917,898435339,1000,1549,1549,2.3761363,-0.00001,-1,-1,-1,0,0,0,136,1,1,0,0.0000000,0.0000000,0.0000000,0,0,0,0
755486608639666 D 1918,898436339,1000,1549,1549,2.3761363,-0.00001,-1,-1,-1,0,0,0,136,1,1,0,0.0000000,0.0000000,0.0000000,0,0,0,0
755486609637583 D 1919,898437339,1000,1549,1549,2.3761363,-0.00001,-1,-1,-1,0,0,0,136,1,1,0,0.0000000,0.0000000,0.0000000,0,0,0,0
755486610636458 D 1920,898438339,1000,1549,1549,2.3761363,-0.00001,-1,-1,-1,0,0,0,136,1,1,0,0.0000000,0.0000000,0.0000000,0,0,0,0
755486611640625 D 1921,898439339,1000,1549,1549,2.3761363,-0.00001,-1,-1,-1,0,0,0,136,1,1,0,0.0000000,0.0000000,0.0000000,0,0,0,0
755486612645125 D 1922,898440339,1000,1549,1549,2.3761363,-0.00001,-1,-1,-1,0,0,0,136,1,1,0,0.0000000,0.0000000,0.0000000,0,0,0,0
755486613643166 D 1923,898441339,1000,1549,1549,2.3761363,-0.00001,-1,-1,-1,0,0,0,136,1,1,0,0.0000000,0.0000000,0.0000000,0,0,0,0
755486614620416 D 1924,898442339,1000,1549,1549,2.3761363,-0.00001,-1,-1,-1,0,0,0,136,1,1,0,0.0000000,0.0000000,0.0000000,0,0,0,0
755486615639958 D 1925,898443339,1000,1549,1549,2.3761363,-0.00001,-1,-1,-1,0,0,0,136,1,1,0,0.0000000,0.0000000,0.0000000,0,0,0,0
755486616663833 D 1926,898444339,1000,1549,1549,2.3761363,-0.00001,-1,-1,-1,0,0,0,136,1,1,0,0.0000000,0.0000000,0.0000000,0,0,0,0
755486617878916 D 1927,898445339,1000,1549,1549,2.3761363,-0.00001,-1,-1,-1,0,0,0,136,1,1,0,0.0000000,0.0000000,0.0000000,0,0,0,0
755486618887875 D 1928,898446339,1000,1549,1549,2.3761363,-0.00001,-1,-1,-1,0,0,0,136,1,1,0,0.0000000,0.0000000,0.0000000,0,0,0,0
755486619853250 D 1929,898447339,1000,1549,1549,2.3761363,-0.00001,-1,-1,-1,0,0,0,136,1,1,0,0.0000000,0.0000000,0.0000000,0,0,0,0
755486620668208 D 1930,898448339,1000,1549,1549,2.3761363,-0.00001,-1,-1,-1,0,0,0,136,1,1,0,0.0000000,0.0000000,0.0000000,0,0,0,0
755486621633500 D 1931,898449339,1000,1549,1549,2.3761363,-0.00001,-1,-1,-1,0,0,0,136,1,1,0,0.0000000,0.0000000,0.0000000,0,0,0,0
755486622629583 D 1932,898450339,1000,1549,1549,2.3761363,-0.00001,-1,-1,-1,0,0,0,136,1,1,0,0.0000000,0.0000000,0.0000000,0,0,0,0
755486623633458 D 1933,898451339,1000,1549,1549,2.3761363,-0.00001,-1,-1,-1,0,0,0,136,1,1,0,0.0000000,0.0000000,0.0000000,0,0,0,0
755486625073125 D 1934,898452339,1000,1549,1549,2.3761363,-0.00001,39,124,2085,0,0,0,136,1,1,0,0.0000000,0.0000000,0.0000000,0,0,0,0
755486625685291 D 1935,898453339,1000,1549,1549,2.3761363,-0.00001,-1,-1,-1,0,0,0,136,1,1,0,0.0000000,0.0000000,0.0000000,0,0,0,0
755486626623708 D 1936,898454339,1000,1549,1549,2.3761363,-0.00000,-1,-1,-1,0,0,0,136,1,1,0,0.0000000,0.0000000,0.0000000,0,0,0,0
755486627633333 D 1937,898455339,1000,1549,1549,2.3761363,-0.00000,-1,-1,-1,0,0,0,136,1,1,0,0.0000000,0.0000000,0.0000000,0,0,0,0
755486628619500 D 1938,898456339,1000,1549,1549,2.3761363,-0.00000,-1,-1,-1,0,0,0,136,1,1,0,0.0000000,0.0000000,0.0000000,0,0,0,0
755486629628250 D 1939,898457339,1000,1549,1549,2.3761363,-0.00000,-1,-1,-1,0,0,0,136,1,1,0,0.0000000,0.0000000,0.0000000,0,0,0,0
755486630618500 D 1940,898458339,1000,1549,1549,2.3761363,-0.00000,-1,-1,-1,0,0,0,136,1,1,0,0.0000000,0.0000000,0.0000000,0,0,0,0
755486631649333 D 1941,898459339,1000,1549,1549,2.3761363,-0.00000,-1,-1,-1,0,0,0,136,1,1,0,0.0000000,0.0000000,0.0000000,0,0,0,0
755486632621500 D 1942,898460339,1000,1549,1549,2.3761363,-0.00000,-1,-1,-1,0,0,0,136,1,1,0,0.0000000,0.0000000,0.0000000,0,0,0,0
755486633631208 D 1943,898461339,1000,1549,1549,2.3761363,-0.00000,-1,-1,-1,0,0,0,136,1,1,0,0.0000000,0.0000000,0.0000000,0,0,0,0
755486634617625 D 1944,898462339,1000,1549,1549,2.3761363,-0.00000,-1,-1,-1,0,0,0,136,1,1,0,0.0000000,0.0000000,0.0000000,0,0,0,0
755486635633208 D 1945,898463339,1000,1549,1549,2.3761363,-0.00000,-1,-1,-1,0,0,0,136,1,1,0,0.0000000,0.0000000,0.0000000,0,0,0,0
755486636623875 D 1946,898464339,1000,1549,1549,2.3761363,-0.00000,-1,-1,-1,0,0,0,136,1,1,0,0.0000000,0.0000000,0.0000000,0,0,0,0
755486637627333 D 1947,898465339,1000,1549,1549,2.3761363,-0.00000,-1,-1,-1,0,0,0,136,1,1,0,0.0000000,0.0000000,0.0000000,0,0,0,0
755486638628916 D 1948,898466339,1000,1549,1549,2.3761363,-0.00000,-1,-1,-1,0,0,0,136,1,1,0,0.0000000,0.0000000,0.0000000,0,0,0,0
755486639625208 D 1949,898467339,1000,1549,1549,2.3761363,-0.00000,-1,-1,-1,0,0,0,136,1,1,0,0.0000000,0.0000000,0.0000000,0,0,0,0
755486640625875 D 1950,898468339,1000,1549,1549,2.3761363,-0.00000,-1,-1,-1,0,0,0,136,1,1,0,0.0000000,0.0000000,0.0000000,0,0,0,0
755486641629875 D 1951,898469339,1000,1549,1549,2.3761363,-0.00000,-1,-1,-1,0,0,0,136,1,1,0,0.0000000,0.0000000,0.0000000,0,0,0,0
755486642668291 D 1952,898470339,1000,1549,1549,2.3761363,-0.00000,-1,-1,-1,0,0,0,136,1,1,0,0.0000000,0.0000000,0.0000000,0,0,0,0
755486643648166 D 1953,898471339,1000,1549,1549,2.3761363,-0.00000,-1,-1,-1,0,0,0,136,1,1,0,0.0000000,0.0000000,0.0000000,0,0,0,0
755486644632333 D 1954,898472339,1000,1549,1549,2.3761363,-0.00000,-1,-1,-1,0,0,0,136,1,1,0,0.0000000,0.0000000,0.0000000,0,0,0,0
755486645629875 D 1955,898473339,1000,1549,1549,2.3761363,-0.00000,-1,-1,-1,0,0,0,136,1,1,0,0.0000000,0.0000000,0.0000000,0,0,0,0
755486646732166 D 1956,898474339,1000,1549,1549,2.3761363,-0.00000,-1,-1,-1,0,0,0,136,1,1,0,0.0000000,0.0000000,0.0000000,0,0,0,0
755486647889333 D 1957,898475339,1000,1549,1549,2.3761363,-0.00000,-1,-1,-1,0,0,0,136,1,1,0,0.0000000,0.0000000,0.0000000,0,0,0,0
755486648861625 D 1958,898476339,1000,1549,1549,2.3761363,-0.00000,-1,-1,-1,0,0,0,136,1,1,0,0.0000000,0.0000000,0.0000000,0,0,0,0
755486649828500 D 1959,898477339,1000,1549,1549,2.3761363,-0.00000,-1,-1,-1,0,0,0,136,1,1,0,0.0000000,0.0000000,0.0000000,0,0,0,0
755486650638000 D 1960,898478339,1000,1549,1549,2.3761363,-0.00000,-1,-1,-1,0,0,0,136,1,1,0,0.0000000,0.0000000,0.0000000,0,0,0,0
755486651632541 D 1961,898479339,1000,1549,1549,2.3761363,-0.00000,-1,-1,-1,0,0,0,136,1,1,0,0.0000000,0.0000000,0.0000000,0,0,0,0
755486652634041 D 1962,898480339,1000,1549,1549,2.3761363,-0.00000,-1,-1,-1,0,0,0,136,1,1,0,0.0000000,0.0000000,0.0000000,0,0,0,0
755486653713833 D 1963,898481339,1000,1549,1549,2.3761363,-0.00000,-1,-1,-1,0,0,0,136,1,1,0,0.0000000,0.0000000,0.0000000,0,0,0,0
755486654750625 D 1964,898482339,1000,1549,1549,2.3761363,-0.00000,-1,-1,-1,0,0,0,136,1,1,0,0.0000000,0.0000000,0.0000000,0,0,0,0
755486655782458 D 1965,898483339,1000,1549,1549,2.3761363,-0.00000,-1,-1,-1,0,0,0,136,1,1,0,0.0000000,0.0000000,0.0000000,0,0,0,0
755486656672375 D 1966,898484339,1000,1549,1549,2.3761363,-0.00000,-1,-1,-1,0,0,0,136,1,1,0,0.0000000,0.0000000,0.0000000,0,0,0,0
755486657663875 D 1967,898485339,1000,1549,1549,2.3761363,-0.00000,-1,-1,-1,0,0,0,136,1,1,0,0.0000000,0.0000000,0.0000000,0,0,0,0
755486658648125 D 1968,898486339,1000,1549,1549,2.3761363,-0.00000,-1,-1,-1,0,0,0,136,1,1,0,0.0000000,0.0000000,0.0000000,0,0,0,0
755486659638166 D 1969,898487339,1000,1549,1549,2.3761363,-0.00000,-1,-1,-1,0,0,0,136,1,1,0,0.0000000,0.0000000,0.0000000,0,0,0,0
755486660640708 D 1970,898488339,1000,1549,1549,2.3761363,-0.00000,-1,-1,-1,0,0,0,136,1,1,0,0.0000000,0.0000000,0.0000000,0,0,0,0
755486661657375 D 1971,898489339,1000,1549,1549,2.3761363,-0.00000,-1,-1,-1,0,0,0,136,1,1,0,0.0000000,0.0000000,0.0000000,0,0,0,0
755486662758875 D 1972,898490339,1000,1549,1549,2.3761363,-0.00000,-1,-1,-1,0,0,0,136,1,1,0,0.0000000,0.0000000,0.0000000,0,0,0,0
755486663655416 D 1973,898491339,1000,1549,1549,2.3761363,-0.00000,-1,-1,-1,0,0,0,136,1,1,0,0.0000000,0.0000000,0.0000000,0,0,0,0
755486664633333 D 1974,898492339,1000,1549,1549,2.3761363,-0.00000,-1,-1,-1,0,0,0,136,1,1,0,0.0000000,0.0000000,0.0000000,0,0,0,0
755486665644791 D 1975,898493339,1000,1549,1549,2.3761363,-0.00000,-1,-1,-1,0,0,0,136,1,1,0,0.0000000,0.0000000,0.0000000,0,0,0,0
755486666635041 D 1976,898494339,1000,1549,1549,2.3761363,-0.00000,-1,-1,-1,0,0,0,136,1,1,0,0.0000000,0.0000000,0.0000000,0,0,0,0
755486667639375 D 1977,898495339,1000,1549,1549,2.3761363,-0.00000,-1,-1,-1,0,0,0,136,1,1,0,0.0000000,0.0000000,0.0000000,0,0,0,0
755486668632541 D 1978,898496339,1000,1549,1549,2.3761363,-0.00000,-1,-1,-1,0,0,0,136,1,1,0,0.0000000,0.0000000,0.0000000,0,0,0,0
755486669633333 D 1979,898497339,1000,1549,1549,2.3761363,-0.00000,-1,-1,-1,0,0,0,136,1,1,0,0.0000000,0.0000000,0.0000000,0,0,0,0
755486670633500 D 1980,898498339,1000,1549,1549,2.3761363,-0.00000,-1,-1,-1,0,0,0,136,1,1,0,0.0000000,0.0000000,0.0000000,0,0,0,0
755486671638875 D 1981,898499339,1000,1549,1549,2.3761363,-0.00000,-1,-1,-1,0,0,0,136,1,1,0,0.0000000,0.0000000,0.0000000,0,0,0,0
755486672648958 D 1982,898500339,1000,1549,1549,2.3761363,-0.00000,-1,-1,-1,0,0,0,136,1,1,0,0.0000000,0.0000000,0.0000000,0,0,0,0
755486673636333 D 1983,898501339,1000,1549,1549,2.3761363,-0.00000,-1,-1,-1,0,0,0,136,1,1,0,0.0000000,0.0000000,0.0000000,0,0,0,0
755486675106083 D 1984,898502339,1000,1549,1549,2.3761363,-0.00000,39,124,2085,0,0,0,136,1,1,0,0.0000000,0.0000000,0.0000000,0,0,0,0
755486675718000 D 1985,898503339,1000,1549,1549,2.3761363,-0.00000,-1,-1,-1,0,0,0,136,1,1,0,0.0000000,0.0000000,0.0000000,0,0,0,0
755486676641916 D 1986,898504339,1000,1549,1549,2.3761363,-0.00000,-1,-1,-1,0,0,0,137,1,1,0,0.0000000,0.0000000,0.0000000,0,0,0,0
755486677639666 D 1987,898505339,1000,1549,1549,2.3761363,-0.00000,-1,-1,-1,0,0,0,136,1,1,0,0.0000000,0.0000000,0.0000000,0,0,0,0
755486678662500 D 1988,898506339,1000,1549,1549,2.3761363,-0.00000,-1,-1,-1,0,0,0,136,1,1,0,0.0000000,0.0000000,0.0000000,0,0,0,0
755486679865125 D 1989,898507339,1000,1549,1549,2.3761363,-0.00000,-1,-1,-1,0,0,0,136,1,1,0,0.0000000,0.0000000,0.0000000,0,0,0,0
755486680855375 D 1990,898508339,1000,1549,1549,2.3761363,-0.00000,-1,-1,-1,0,0,0,136,1,1,0,0.0000000,0.0000000,0.0000000,0,0,0,0
755486681750541 D 1991,898509339,1000,1549,1549,2.3761363,-0.00000,-1,-1,-1,0,0,0,136,1,1,0,0.0000000,0.0000000,0.0000000,0,0,0,0
755486682717750 D 1992,898510339,1000,1549,1549,2.3761363,-0.00000,-1,-1,-1,0,0,0,136,1,1,0,0.0000000,0.0000000,0.0000000,0,0,0,0
755486683819375 D 1993,898511339,1000,1549,1549,2.3761363,-0.00000,-1,-1,-1,0,0,0,136,1,1,0,0.0000000,0.0000000,0.0000000,0,0,0,0
755486684756541 D 1994,898512339,1000,1549,1549,2.3761363,-0.00000,-1,-1,-1,0,0,0,136,1,1,0,0.0000000,0.0000000,0.0000000,0,0,0,0
755486685744875 D 1995,898513339,1000,1549,1549,2.3761363,-0.00000,-1,-1,-1,0,0,0,136,1,1,0,0.0000000,0.0000000,0.0000000,0,0,0,0
755486686734250 D 1996,898514339,1000,1549,1549,2.3761363,-0.00000,-1,-1,-1,0,0,0,136,1,1,0,0.0000000,0.0000000,0.0000000,0,0,0,0
755486687661125 D 1997,898515339,1000,1549,1549,2.3761363,-0.00000,-1,-1,-1,0,0,0,136,1,1,0,0.0000000,0.0000000,0.0000000,0,0,0,0
755486688646000 D 1998,898516339,1000,1549,1549,2.3761363,-0.00000,-1,-1,-1,0,0,0,136,1,1,0,0.0000000,0.0000000,0.0000000,0,0,0,0
755486689645875 D 1999,898517339,1000,1549,1549,2.3761363,-0.00000,-1,-1,-1,0,0,0,136,1,1,0,0.0000000,0.0000000,0.0000000,0,0,0,0
755486689999500 E 898517436 END host_stop 0 0 0
