seq,t_us,dt_us,raw,ticks,theta,omega,status,agc,magnitude,i2c_errors,missed_slots,tx_drops,read_us,valid,continuous,cart_steps,x_command_m,v_command_m_s,a_command_m_s2,motion_id,moving,enabled,homed,host_monotonic_ns
0,830295339,0,1889,1889,2.8976898,0.00000,-1,-1,-1,0,0,0,136,1,1,0,0.0000000,0.0000000,0.0000000,0,0,0,0,755418467709291
1,830296339,1000,1888,1888,2.8961558,-0.06015,-1,-1,-1,0,0,0,136,1,1,0,0.0000000,0.0000000,0.0000000,0,0,0,0,755418468575916
2,830297339,1000,1888,1888,2.8961558,-0.05779,-1,-1,-1,0,0,0,136,1,1,0,0.0000000,0.0000000,0.0000000,0,0,0,0,755418469523041
3,830298339,1000,1888,1888,2.8961558,-0.05552,-1,-1,-1,0,0,0,136,1,1,0,0.0000000,0.0000000,0.0000000,0,0,0,0,755418470483833
4,830299339,1000,1888,1888,2.8961558,-0.05335,-1,-1,-1,0,0,0,136,1,1,0,0.0000000,0.0000000,0.0000000,0,0,0,0,755418471493875
5,830300339,1000,1888,1888,2.8961558,-0.05125,-1,-1,-1,0,0,0,136,1,1,0,0.0000000,0.0000000,0.0000000,0,0,0,0,755418472424208
6,830301339,1000,1889,1889,2.8976898,0.01090,-1,-1,-1,0,0,0,136,1,1,0,0.0000000,0.0000000,0.0000000,0,0,0,0,755418473630166
7,830302339,1000,1889,1889,2.8976898,0.01048,39,100,2100,0,0,0,136,1,1,0,0.0000000,0.0000000,0.0000000,0,0,0,0,755418474798625
8,830303339,1000,1889,1889,2.8976898,0.01006,-1,-1,-1,0,0,0,136,1,1,0,0.0000000,0.0000000,0.0000000,0,0,0,0,755418475479750
9,830304339,1000,1888,1888,2.8961558,-0.05048,-1,-1,-1,0,0,0,136,1,1,0,0.0000000,0.0000000,0.0000000,0,0,0,0,755418476457958
10,830305339,1000,1888,1888,2.8961558,-0.04850,-1,-1,-1,0,0,0,136,1,1,0,0.0000000,0.0000000,0.0000000,0,0,0,0,755418477464708
11,830306339,1000,1889,1889,2.8976898,0.01355,-1,-1,-1,0,0,0,136,1,1,0,0.0000000,0.0000000,0.0000000,0,0,0,0,755418478495666
12,830307339,1000,1888,1888,2.8961558,-0.04713,-1,-1,-1,0,0,0,136,1,1,0,0.0000000,0.0000000,0.0000000,0,0,0,0,755418479455666
13,830308339,1000,1889,1889,2.8976898,0.01487,-1,-1,-1,0,0,0,136,1,1,0,0.0000000,0.0000000,0.0000000,0,0,0,0,755418480366458
14,830309339,1000,1889,1889,2.8976898,0.01428,-1,-1,-1,0,0,0,136,1,1,0,0.0000000,0.0000000,0.0000000,0,0,0,0,755418481347166
15,830310339,1000,1889,1889,2.8976898,0.01372,-1,-1,-1,0,0,0,136,1,1,0,0.0000000,0.0000000,0.0000000,0,0,0,0,755418482341416
16,830311339,1000,1888,1888,2.8961558,-0.04696,-1,-1,-1,0,0,0,136,1,1,0,0.0000000,0.0000000,0.0000000,0,0,0,0,755418483324458
17,830312339,1000,1889,1889,2.8976898,0.01503,-1,-1,-1,0,0,0,136,1,1,0,0.0000000,0.0000000,0.0000000,0,0,0,0,755418484384500
18,830313339,1000,1888,1888,2.8961558,-0.04571,-1,-1,-1,0,0,0,136,1,1,0,0.0000000,0.0000000,0.0000000,0,0,0,0,755418485409250
19,830314339,1000,1888,1888,2.8961558,-0.04392,-1,-1,-1,0,0,0,136,1,1,0,0.0000000,0.0000000,0.0000000,0,0,0,0,755418486398250
20,830315339,1000,1888,1888,2.8961558,-0.04220,-1,-1,-1,0,0,0,136,1,1,0,0.0000000,0.0000000,0.0000000,0,0,0,0,755418487329583
21,830316339,1000,1888,1888,2.8961558,-0.04054,-1,-1,-1,0,0,0,136,1,1,0,0.0000000,0.0000000,0.0000000,0,0,0,0,755418488434666
22,830317339,1000,1888,1888,2.8961558,-0.03895,-1,-1,-1,0,0,0,136,1,1,0,0.0000000,0.0000000,0.0000000,0,0,0,0,755418489388250
23,830318339,1000,1889,1889,2.8976898,0.02272,-1,-1,-1,0,0,0,136,1,1,0,0.0000000,0.0000000,0.0000000,0,0,0,0,755418490360833
24,830319339,1000,1889,1889,2.8976898,0.02183,-1,-1,-1,0,0,0,136,1,1,0,0.0000000,0.0000000,0.0000000,0,0,0,0,755418491350208
25,830320339,1000,1889,1889,2.8976898,0.02098,-1,-1,-1,0,0,0,136,1,1,0,0.0000000,0.0000000,0.0000000,0,0,0,0,755418492438291
26,830321339,1000,1889,1889,2.8976898,0.02015,-1,-1,-1,0,0,0,136,1,1,0,0.0000000,0.0000000,0.0000000,0,0,0,0,755418493402833
27,830322339,1000,1889,1889,2.8976898,0.01936,-1,-1,-1,0,0,0,136,1,1,0,0.0000000,0.0000000,0.0000000,0,0,0,0,755418494385708
28,830323339,1000,1888,1888,2.8961558,-0.04154,-1,-1,-1,0,0,0,136,1,1,0,0.0000000,0.0000000,0.0000000,0,0,0,0,755418495294958
29,830324339,1000,1888,1888,2.8961558,-0.03991,-1,-1,-1,0,0,0,136,1,1,0,0.0000000,0.0000000,0.0000000,0,0,0,0,755418496156916
30,830325339,1000,1888,1888,2.8961558,-0.03835,-1,-1,-1,0,0,0,136,1,1,0,0.0000000,0.0000000,0.0000000,0,0,0,0,755418497245833
31,830326339,1000,1889,1889,2.8976898,0.02330,-1,-1,-1,0,0,0,136,1,1,0,0.0000000,0.0000000,0.0000000,0,0,0,0,755418498377916
32,830327339,1000,1889,1889,2.8976898,0.02239,-1,-1,-1,0,0,0,136,1,1,0,0.0000000,0.0000000,0.0000000,0,0,0,0,755418499354875
33,830328339,1000,1889,1889,2.8976898,0.02151,-1,-1,-1,0,0,0,136,1,1,0,0.0000000,0.0000000,0.0000000,0,0,0,0,755418500352375
34,830329339,1000,1889,1889,2.8976898,0.02067,-1,-1,-1,0,0,0,136,1,1,0,0.0000000,0.0000000,0.0000000,0,0,0,0,755418501301291
35,830330339,1000,1889,1889,2.8976898,0.01986,-1,-1,-1,0,0,0,136,1,1,0,0.0000000,0.0000000,0.0000000,0,0,0,0,755418502393416
36,830331339,1000,1889,1889,2.8976898,0.01908,-1,-1,-1,0,0,0,136,1,1,0,0.0000000,0.0000000,0.0000000,0,0,0,0,755418503342458
37,830332339,1000,1888,1888,2.8961558,-0.04182,-1,-1,-1,0,0,0,136,1,1,0,0.0000000,0.0000000,0.0000000,0,0,0,0,755418504347833
38,830333339,1000,1889,1889,2.8976898,0.01997,-1,-1,-1,0,0,0,136,1,1,0,0.0000000,0.0000000,0.0000000,0,0,0,0,755418505336875
39,830334339,1000,1889,1889,2.8976898,0.01919,-1,-1,-1,0,0,0,136,1,1,0,0.0000000,0.0000000,0.0000000,0,0,0,0,755418506334166
40,830335339,1000,1888,1888,2.8961558,-0.04171,-1,-1,-1,0,0,0,136,1,1,0,0.0000000,0.0000000,0.0000000,0,0,0,0,755418507348166
41,830336339,1000,1888,1888,2.8961558,-0.04008,-1,-1,-1,0,0,0,136,1,1,0,0.0000000,0.0000000,0.0000000,0,0,0,0,755418508305875
42,830337339,1000,1889,1889,2.8976898,0.02164,-1,-1,-1,0,0,0,136,1,1,0,0.0000000,0.0000000,0.0000000,0,0,0,0,755418509330916
43,830338339,1000,1889,1889,2.8976898,0.02079,-1,-1,-1,0,0,0,136,1,1,0,0.0000000,0.0000000,0.0000000,0,0,0,0,755418510366875
44,830339339,1000,1888,1888,2.8961558,-0.04017,-1,-1,-1,0,0,0,136,1,1,0,0.0000000,0.0000000,0.0000000,0,0,0,0,755418511325458
45,830340339,1000,1889,1889,2.8976898,0.02155,-1,-1,-1,0,0,0,136,1,1,0,0.0000000,0.0000000,0.0000000,0,0,0,0,755418512325416
46,830341339,1000,1888,1888,2.8961558,-0.03944,-1,-1,-1,0,0,0,136,1,1,0,0.0000000,0.0000000,0.0000000,0,0,0,0,755418513366625
47,830342339,1000,1888,1888,2.8961558,-0.03789,-1,-1,-1,0,0,0,136,1,1,0,0.0000000,0.0000000,0.0000000,0,0,0,0,755418514337375
48,830343339,1000,1889,1889,2.8976898,0.02374,-1,-1,-1,0,0,0,136,1,1,0,0.0000000,0.0000000,0.0000000,0,0,0,0,755418515361666
49,830344339,1000,1889,1889,2.8976898,0.02281,-1,-1,-1,0,0,0,136,1,1,0,0.0000000,0.0000000,0.0000000,0,0,0,0,755418516338666
50,830345339,1000,1888,1888,2.8961558,-0.03823,-1,-1,-1,0,0,0,136,1,1,0,0.0000000,0.0000000,0.0000000,0,0,0,0,755418517426083
51,830346339,1000,1889,1889,2.8976898,0.02341,-1,-1,-1,0,0,0,136,1,1,0,0.0000000,0.0000000,0.0000000,0,0,0,0,755418518436208
52,830347339,1000,1889,1889,2.8976898,0.02250,-1,-1,-1,0,0,0,136,1,1,0,0.0000000,0.0000000,0.0000000,0,0,0,0,755418519453208
53,830348339,1000,1889,1889,2.8976898,0.02161,-1,-1,-1,0,0,0,136,1,1,0,0.0000000,0.0000000,0.0000000,0,0,0,0,755418520410208
54,830349339,1000,1889,1889,2.8976898,0.02077,-1,-1,-1,0,0,0,136,1,1,0,0.0000000,0.0000000,0.0000000,0,0,0,0,755418521425916
55,830350339,1000,1889,1889,2.8976898,0.01995,-1,-1,-1,0,0,0,136,1,1,0,0.0000000,0.0000000,0.0000000,0,0,0,0,755418522408833
56,830351339,1000,1889,1889,2.8976898,0.01917,-1,-1,-1,0,0,0,136,1,1,0,0.0000000,0.0000000,0.0000000,0,0,0,0,755418523426416
57,830352339,1000,1888,1888,2.8961558,-0.04173,39,100,2101,0,0,0,136,1,1,0,0.0000000,0.0000000,0.0000000,0,0,0,0,755418524813500
58,830353339,1000,1888,1888,2.8961558,-0.04009,-1,-1,-1,0,0,0,136,1,1,0,0.0000000,0.0000000,0.0000000,0,0,0,0,755418525413791
59,830354339,1000,1889,1889,2.8976898,0.02163,-1,-1,-1,0,0,0,136,1,1,0,0.0000000,0.0000000,0.0000000,0,0,0,0,755418526407291
60,830355339,1000,1888,1888,2.8961558,-0.03937,-1,-1,-1,0,0,0,136,1,1,0,0.0000000,0.0000000,0.0000000,0,0,0,0,755418527418125
61,830356339,1000,1889,1889,2.8976898,0.02232,-1,-1,-1,0,0,0,136,1,1,0,0.0000000,0.0000000,0.0000000,0,0,0,0,755418528416833
62,830357339,1000,1889,1889,2.8976898,0.02145,-1,-1,-1,0,0,0,136,1,1,0,0.0000000,0.0000000,0.0000000,0,0,0,0,755418529409875
63,830358339,1000,1889,1889,2.8976898,0.02061,-1,-1,-1,0,0,0,136,1,1,0,0.0000000,0.0000000,0.0000000,0,0,0,0,755418530419541
64,830359339,1000,1889,1889,2.8976898,0.01980,-1,-1,-1,0,0,0,136,1,1,0,0.0000000,0.0000000,0.0000000,0,0,0,0,755418531458916
65,830360339,1000,1888,1888,2.8961558,-0.04113,-1,-1,-1,0,0,0,136,1,1,0,0.0000000,0.0000000,0.0000000,0,0,0,0,755418532416458
66,830361339,1000,1888,1888,2.8961558,-0.03951,-1,-1,-1,0,0,0,136,1,1,0,0.0000000,0.0000000,0.0000000,0,0,0,0,755418533418416
67,830362339,1000,1888,1888,2.8961558,-0.03796,-1,-1,-1,0,0,0,136,1,1,0,0.0000000,0.0000000,0.0000000,0,0,0,0,755418534418625
68,830363339,1000,1889,1889,2.8976898,0.02367,-1,-1,-1,0,0,0,136,1,1,0,0.0000000,0.0000000,0.0000000,0,0,0,0,755418535414291
69,830364339,1000,1889,1889,2.8976898,0.02274,-1,-1,-1,0,0,0,136,1,1,0,0.0000000,0.0000000,0.0000000,0,0,0,0,755418536416708
70,830365339,1000,1889,1889,2.8976898,0.02185,-1,-1,-1,0,0,0,136,1,1,0,0.0000000,0.0000000,0.0000000,0,0,0,0,755418537415583
71,830366339,1000,1888,1888,2.8961558,-0.03915,-1,-1,-1,0,0,0,135,1,1,0,0.0000000,0.0000000,0.0000000,0,0,0,0,755418538423791
72,830367339,1000,1889,1889,2.8976898,0.02253,-1,-1,-1,0,0,0,136,1,1,0,0.0000000,0.0000000,0.0000000,0,0,0,0,755418539413791
73,830368339,1000,1889,1889,2.8976898,0.02165,-1,-1,-1,0,0,0,136,1,1,0,0.0000000,0.0000000,0.0000000,0,0,0,0,755418540415250
74,830369339,1000,1889,1889,2.8976898,0.02080,-1,-1,-1,0,0,0,136,1,1,0,0.0000000,0.0000000,0.0000000,0,0,0,0,755418541417791
75,830370339,1000,1889,1889,2.8976898,0.01998,-1,-1,-1,0,0,0,136,1,1,0,0.0000000,0.0000000,0.0000000,0,0,0,0,755418542428958
76,830371339,1000,1889,1889,2.8976898,0.01920,-1,-1,-1,0,0,0,136,1,1,0,0.0000000,0.0000000,0.0000000,0,0,0,0,755418543412041
77,830372339,1000,1888,1888,2.8961558,-0.04170,-1,-1,-1,0,0,0,136,1,1,0,0.0000000,0.0000000,0.0000000,0,0,0,0,755418544444250
78,830373339,1000,1889,1889,2.8976898,0.02008,-1,-1,-1,0,0,0,136,1,1,0,0.0000000,0.0000000,0.0000000,0,0,0,0,755418545428833
79,830374339,1000,1889,1889,2.8976898,0.01929,-1,-1,-1,0,0,0,136,1,1,0,0.0000000,0.0000000,0.0000000,0,0,0,0,755418546417625
80,830375339,1000,1888,1888,2.8961558,-0.04161,-1,-1,-1,0,0,0,136,1,1,0,0.0000000,0.0000000,0.0000000,0,0,0,0,755418547415541
81,830376339,1000,1889,1889,2.8976898,0.02017,-1,-1,-1,0,0,0,136,1,1,0,0.0000000,0.0000000,0.0000000,0,0,0,0,755418548407208
82,830377339,1000,1889,1889,2.8976898,0.01938,-1,-1,-1,0,0,0,136,1,1,0,0.0000000,0.0000000,0.0000000,0,0,0,0,755418549398333
83,830378339,1000,1888,1888,2.8961558,-0.04153,-1,-1,-1,0,0,0,136,1,1,0,0.0000000,0.0000000,0.0000000,0,0,0,0,755418550418166
84,830379339,1000,1889,1889,2.8976898,0.02025,-1,-1,-1,0,0,0,136,1,1,0,0.0000000,0.0000000,0.0000000,0,0,0,0,755418551402333
85,830380339,1000,1889,1889,2.8976898,0.01945,-1,-1,-1,0,0,0,136,1,1,0,0.0000000,0.0000000,0.0000000,0,0,0,0,755418552420625
86,830381339,1000,1889,1889,2.8976898,0.01869,-1,-1,-1,0,0,0,136,1,1,0,0.0000000,0.0000000,0.0000000,0,0,0,0,755418553413083
87,830382339,1000,1889,1889,2.8976898,0.01796,-1,-1,-1,0,0,0,136,1,1,0,0.0000000,0.0000000,0.0000000,0,0,0,0,755418554456083
88,830383339,1000,1888,1888,2.8961558,-0.04289,-1,-1,-1,0,0,0,136,1,1,0,0.0000000,0.0000000,0.0000000,0,0,0,0,755418555422916
89,830384339,1000,1889,1889,2.8976898,0.01894,-1,-1,-1,0,0,0,136,1,1,0,0.0000000,0.0000000,0.0000000,0,0,0,0,755418556432291
90,830385339,1000,1889,1889,2.8976898,0.01819,-1,-1,-1,0,0,0,136,1,1,0,0.0000000,0.0000000,0.0000000,0,0,0,0,755418557383250
91,830386339,1000,1888,1888,2.8961558,-0.04267,-1,-1,-1,0,0,0,136,1,1,0,0.0000000,0.0000000,0.0000000,0,0,0,0,755418558396666
92,830387339,1000,1889,1889,2.8976898,0.01915,-1,-1,-1,0,0,0,136,1,1,0,0.0000000,0.0000000,0.0000000,0,0,0,0,755418559391458
93,830388339,1000,1889,1889,2.8976898,0.01840,-1,-1,-1,0,0,0,136,1,1,0,0.0000000,0.0000000,0.0000000,0,0,0,0,755418560419750
94,830389339,1000,1889,1889,2.8976898,0.01768,-1,-1,-1,0,0,0,136,1,1,0,0.0000000,0.0000000,0.0000000,0,0,0,0,755418561423791
95,830390339,1000,1889,1889,2.8976898,0.01699,-1,-1,-1,0,0,0,136,1,1,0,0.0000000,0.0000000,0.0000000,0,0,0,0,755418562412541
96,830391339,1000,1888,1888,2.8961558,-0.04383,-1,-1,-1,0,0,0,136,1,1,0,0.0000000,0.0000000,0.0000000,0,0,0,0,755418563425916
97,830392339,1000,1889,1889,2.8976898,0.01804,-1,-1,-1,0,0,0,136,1,1,0,0.0000000,0.0000000,0.0000000,0,0,0,0,755418564410791
98,830393339,1000,1889,1889,2.8976898,0.01733,-1,-1,-1,0,0,0,136,1,1,0,0.0000000,0.0000000,0.0000000,0,0,0,0,755418565418958
99,830394339,1000,1888,1888,2.8961558,-0.04350,-1,-1,-1,0,0,0,136,1,1,0,0.0000000,0.0000000,0.0000000,0,0,0,0,755418566420166
100,830395339,1000,1889,1889,2.8976898,0.01836,-1,-1,-1,0,0,0,136,1,1,0,0.0000000,0.0000000,0.0000000,0,0,0,0,755418567429583
101,830396339,1000,1888,1888,2.8961558,-0.04251,-1,-1,-1,0,0,0,136,1,1,0,0.0000000,0.0000000,0.0000000,0,0,0,0,755418568421708
102,830397339,1000,1888,1888,2.8961558,-0.04084,-1,-1,-1,0,0,0,136,1,1,0,0.0000000,0.0000000,0.0000000,0,0,0,0,755418569425416
103,830398339,1000,1889,1889,2.8976898,0.02091,-1,-1,-1,0,0,0,136,1,1,0,0.0000000,0.0000000,0.0000000,0,0,0,0,755418570437583
104,830399339,1000,1889,1889,2.8976898,0.02009,-1,-1,-1,0,0,0,136,1,1,0,0.0000000,0.0000000,0.0000000,0,0,0,0,755418571463875
105,830400339,1000,1888,1888,2.8961558,-0.04085,-1,-1,-1,0,0,0,136,1,1,0,0.0000000,0.0000000,0.0000000,0,0,0,0,755418572460250
106,830401339,1000,1889,1889,2.8976898,0.02090,-1,-1,-1,0,0,0,135,1,1,0,0.0000000,0.0000000,0.0000000,0,0,0,0,755418573443500
107,830402339,1000,1889,1889,2.8976898,0.02008,39,100,2102,0,0,0,136,1,1,0,0.0000000,0.0000000,0.0000000,0,0,0,0,755418574825333
108,830403339,1000,1888,1888,2.8961558,-0.04085,-1,-1,-1,0,0,0,136,1,1,0,0.0000000,0.0000000,0.0000000,0,0,0,0,755418575419208
109,830404339,1000,1889,1889,2.8976898,0.02090,-1,-1,-1,0,0,0,136,1,1,0,0.0000000,0.0000000,0.0000000,0,0,0,0,755418576436000
110,830405339,1000,1889,1889,2.8976898,0.02008,-1,-1,-1,0,0,0,136,1,1,0,0.0000000,0.0000000,0.0000000,0,0,0,0,755418577425541
111,830406339,1000,1888,1888,2.8961558,-0.04086,-1,-1,-1,0,0,0,136,1,1,0,0.0000000,0.0000000,0.0000000,0,0,0,0,755418578427291
112,830407339,1000,1888,1888,2.8961558,-0.03926,-1,-1,-1,0,0,0,136,1,1,0,0.0000000,0.0000000,0.0000000,0,0,0,0,755418579431791
113,830408339,1000,1888,1888,2.8961558,-0.03772,-1,-1,-1,0,0,0,136,1,1,0,0.0000000,0.0000000,0.0000000,0,0,0,0,755418580440541
114,830409339,1000,1888,1888,2.8961558,-0.03624,-1,-1,-1,0,0,0,136,1,1,0,0.0000000,0.0000000,0.0000000,0,0,0,0,755418581437833
115,830410339,1000,1888,1888,2.8961558,-0.03482,-1,-1,-1,0,0,0,136,1,1,0,0.0000000,0.0000000,0.0000000,0,0,0,0,755418582426791
116,830411339,1000,1888,1888,2.8961558,-0.03345,-1,-1,-1,0,0,0,136,1,1,0,0.0000000,0.0000000,0.0000000,0,0,0,0,755418583434916
117,830412339,1000,1888,1888,2.8961558,-0.03214,-1,-1,-1,0,0,0,136,1,1,0,0.0000000,0.0000000,0.0000000,0,0,0,0,755418584430250
118,830413339,1000,1888,1888,2.8961558,-0.03088,-1,-1,-1,0,0,0,136,1,1,0,0.0000000,0.0000000,0.0000000,0,0,0,0,755418585471000
119,830414339,1000,1888,1888,2.8961558,-0.02967,-1,-1,-1,0,0,0,136,1,1,0,0.0000000,0.0000000,0.0000000,0,0,0,0,755418586301875
120,830415339,1000,1889,1889,2.8976898,0.03164,-1,-1,-1,0,0,0,135,1,1,0,0.0000000,0.0000000,0.0000000,0,0,0,0,755418587283208
121,830416339,1000,1889,1889,2.8976898,0.03040,-1,-1,-1,0,0,0,136,1,1,0,0.0000000,0.0000000,0.0000000,0,0,0,0,755418588283791
122,830417339,1000,1889,1889,2.8976898,0.02921,-1,-1,-1,0,0,0,136,1,1,0,0.0000000,0.0000000,0.0000000,0,0,0,0,755418589283958
123,830418339,1000,1888,1888,2.8961558,-0.03208,-1,-1,-1,0,0,0,136,1,1,0,0.0000000,0.0000000,0.0000000,0,0,0,0,755418590288458
124,830419339,1000,1889,1889,2.8976898,0.02932,-1,-1,-1,0,0,0,136,1,1,0,0.0000000,0.0000000,0.0000000,0,0,0,0,755418591275958
125,830420339,1000,1889,1889,2.8976898,0.02817,-1,-1,-1,0,0,0,136,1,1,0,0.0000000,0.0000000,0.0000000,0,0,0,0,755418592276958
126,830421339,1000,1888,1888,2.8961558,-0.03308,-1,-1,-1,0,0,0,136,1,1,0,0.0000000,0.0000000,0.0000000,0,0,0,0,755418593279166
127,830422339,1000,1889,1889,2.8976898,0.02836,-1,-1,-1,0,0,0,135,1,1,0,0.0000000,0.0000000,0.0000000,0,0,0,0,755418594278000
128,830423339,1000,1889,1889,2.8976898,0.02725,-1,-1,-1,0,0,0,136,1,1,0,0.0000000,0.0000000,0.0000000,0,0,0,0,755418595274458
129,830424339,1000,1889,1889,2.8976898,0.02618,-1,-1,-1,0,0,0,136,1,1,0,0.0000000,0.0000000,0.0000000,0,0,0,0,755418596271791
130,830425339,1000,1888,1888,2.8961558,-0.03499,-1,-1,-1,0,0,0,136,1,1,0,0.0000000,0.0000000,0.0000000,0,0,0,0,755418597420291
131,830426339,1000,1888,1888,2.8961558,-0.03362,-1,-1,-1,0,0,0,136,1,1,0,0.0000000,0.0000000,0.0000000,0,0,0,0,755418598334041
132,830427339,1000,1888,1888,2.8961558,-0.03230,-1,-1,-1,0,0,0,136,1,1,0,0.0000000,0.0000000,0.0000000,0,0,0,0,755418599314500
133,830428339,1000,1889,1889,2.8976898,0.02911,-1,-1,-1,0,0,0,136,1,1,0,0.0000000,0.0000000,0.0000000,0,0,0,0,755418600306208
134,830429339,1000,1889,1889,2.8976898,0.02797,-1,-1,-1,0,0,0,136,1,1,0,0.0000000,0.0000000,0.0000000,0,0,0,0,755418601309500
135,830430339,1000,1889,1889,2.8976898,0.02688,-1,-1,-1,0,0,0,136,1,1,0,0.0000000,0.0000000,0.0000000,0,0,0,0,755418602314500
136,830431339,1000,1888,1888,2.8961558,-0.03433,-1,-1,-1,0,0,0,136,1,1,0,0.0000000,0.0000000,0.0000000,0,0,0,0,755418603330416
137,830432339,1000,1888,1888,2.8961558,-0.03298,-1,-1,-1,0,0,0,136,1,1,0,0.0000000,0.0000000,0.0000000,0,0,0,0,755418604341625
138,830433339,1000,1889,1889,2.8976898,0.02846,-1,-1,-1,0,0,0,136,1,1,0,0.0000000,0.0000000,0.0000000,0,0,0,0,755418605357541
139,830434339,1000,1888,1888,2.8961558,-0.03280,-1,-1,-1,0,0,0,136,1,1,0,0.0000000,0.0000000,0.0000000,0,0,0,0,755418606309958
140,830435339,1000,1889,1889,2.8976898,0.02863,-1,-1,-1,0,0,0,136,1,1,0,0.0000000,0.0000000,0.0000000,0,0,0,0,755418607315416
141,830436339,1000,1889,1889,2.8976898,0.02751,-1,-1,-1,0,0,0,136,1,1,0,0.0000000,0.0000000,0.0000000,0,0,0,0,755418608313125
142,830437339,1000,1889,1889,2.8976898,0.02643,-1,-1,-1,0,0,0,136,1,1,0,0.0000000,0.0000000,0.0000000,0,0,0,0,755418609322875
143,830438339,1000,1889,1889,2.8976898,0.02539,-1,-1,-1,0,0,0,136,1,1,0,0.0000000,0.0000000,0.0000000,0,0,0,0,755418610310166
144,830439339,1000,1889,1889,2.8976898,0.02440,-1,-1,-1,0,0,0,136,1,1,0,0.0000000,0.0000000,0.0000000,0,0,0,0,755418611350041
145,830440339,1000,1889,1889,2.8976898,0.02344,-1,-1,-1,0,0,0,136,1,1,0,0.0000000,0.0000000,0.0000000,0,0,0,0,755418612365625
146,830441339,1000,1888,1888,2.8961558,-0.03763,-1,-1,-1,0,0,0,136,1,1,0,0.0000000,0.0000000,0.0000000,0,0,0,0,755418613355458
147,830442339,1000,1889,1889,2.8976898,0.02400,-1,-1,-1,0,0,0,136,1,1,0,0.0000000,0.0000000,0.0000000,0,0,0,0,755418614360375
148,830443339,1000,1888,1888,2.8961558,-0.03709,-1,-1,-1,0,0,0,135,1,1,0,0.0000000,0.0000000,0.0000000,0,0,0,0,755418615358166
149,830444339,1000,1889,1889,2.8976898,0.02451,-1,-1,-1,0,0,0,136,1,1,0,0.0000000,0.0000000,0.0000000,0,0,0,0,755418616352250
150,830445339,1000,1889,1889,2.8976898,0.02355,-1,-1,-1,0,0,0,136,1,1,0,0.0000000,0.0000000,0.0000000,0,0,0,0,755418617345458
151,830446339,1000,1888,1888,2.8961558,-0.03752,-1,-1,-1,0,0,0,136,1,1,0,0.0000000,0.0000000,0.0000000,0,0,0,0,755418618352541
152,830447339,1000,1889,1889,2.8976898,0.02410,-1,-1,-1,0,0,0,136,1,1,0,0.0000000,0.0000000,0.0000000,0,0,0,0,755418619346333
153,830448339,1000,1888,1888,2.8961558,-0.03700,-1,-1,-1,0,0,0,136,1,1,0,0.0000000,0.0000000,0.0000000,0,0,0,0,755418620382541
154,830449339,1000,1888,1888,2.8961558,-0.03554,-1,-1,-1,0,0,0,136,1,1,0,0.0000000,0.0000000,0.0000000,0,0,0,0,755418621403333
155,830450339,1000,1889,1889,2.8976898,0.02600,-1,-1,-1,0,0,0,136,1,1,0,0.0000000,0.0000000,0.0000000,0,0,0,0,755418622399875
156,830451339,1000,1888,1888,2.8961558,-0.03517,-1,-1,-1,0,0,0,136,1,1,0,0.0000000,0.0000000,0.0000000,0,0,0,0,755418623376958
157,830452339,1000,1889,1889,2.8976898,0.02636,39,100,2100,0,0,0,136,1,1,0,0.0000000,0.0000000,0.0000000,0,0,0,0,755418624823416
158,830453339,1000,1889,1889,2.8976898,0.02532,-1,-1,-1,0,0,0,136,1,1,0,0.0000000,0.0000000,0.0000000,0,0,0,0,755418625364250
159,830454339,1000,1889,1889,2.8976898,0.02433,-1,-1,-1,0,0,0,136,1,1,0,0.0000000,0.0000000,0.0000000,0,0,0,0,755418626355458
160,830455339,1000,1889,1889,2.8976898,0.02338,-1,-1,-1,0,0,0,136,1,1,0,0.0000000,0.0000000,0.0000000,0,0,0,0,755418627378833
161,830456339,1000,1889,1889,2.8976898,0.02246,-1,-1,-1,0,0,0,136,1,1,0,0.0000000,0.0000000,0.0000000,0,0,0,0,755418628546375
162,830457339,1000,1888,1888,2.8961558,-0.03857,-1,-1,-1,0,0,0,136,1,1,0,0.0000000,0.0000000,0.0000000,0,0,0,0,755418629448750
163,830458339,1000,1888,1888,2.8961558,-0.03706,-1,-1,-1,0,0,0,136,1,1,0,0.0000000,0.0000000,0.0000000,0,0,0,0,755418630400708
164,830459339,1000,1889,1889,2.8976898,0.02454,-1,-1,-1,0,0,0,136,1,1,0,0.0000000,0.0000000,0.0000000,0,0,0,0,755418631387958
165,830460339,1000,1888,1888,2.8961558,-0.03657,-1,-1,-1,0,0,0,136,1,1,0,0.0000000,0.0000000,0.0000000,0,0,0,0,755418632380916
166,830461339,1000,1889,1889,2.8976898,0.02502,-1,-1,-1,0,0,0,136,1,1,0,0.0000000,0.0000000,0.0000000,0,0,0,0,755418633449291
167,830462339,1000,1888,1888,2.8961558,-0.03611,-1,-1,-1,0,0,0,136,1,1,0,0.0000000,0.0000000,0.0000000,0,0,0,0,755418634463333
168,830463339,1000,1888,1888,2.8961558,-0.03470,-1,-1,-1,0,0,0,136,1,1,0,0.0000000,0.0000000,0.0000000,0,0,0,0,755418635455166
169,830464339,1000,1888,1888,2.8961558,-0.03334,-1,-1,-1,0,0,0,136,1,1,0,0.0000000,0.0000000,0.0000000,0,0,0,0,755418636486708
170,830465339,1000,1889,1889,2.8976898,0.02812,-1,-1,-1,0,0,0,136,1,1,0,0.0000000,0.0000000,0.0000000,0,0,0,0,755418637495500
171,830466339,1000,1888,1888,2.8961558,-0.03313,-1,-1,-1,0,0,0,136,1,1,0,0.0000000,0.0000000,0.0000000,0,0,0,0,755418638458250
172,830467339,1000,1889,1889,2.8976898,0.02832,-1,-1,-1,0,0,0,136,1,1,0,0.0000000,0.0000000,0.0000000,0,0,0,0,755418639447625
173,830468339,1000,1888,1888,2.8961558,-0.03294,-1,-1,-1,0,0,0,136,1,1,0,0.0000000,0.0000000,0.0000000,0,0,0,0,755418640443416
174,830469339,1000,1888,1888,2.8961558,-0.03165,-1,-1,-1,0,0,0,136,1,1,0,0.0000000,0.0000000,0.0000000,0,0,0,0,755418641449750
175,830470339,1000,1889,1889,2.8976898,0.02974,-1,-1,-1,0,0,0,136,1,1,0,0.0000000,0.0000000,0.0000000,0,0,0,0,755418642445000
176,830471339,1000,1888,1888,2.8961558,-0.03158,-1,-1,-1,0,0,0,136,1,1,0,0.0000000,0.0000000,0.0000000,0,0,0,0,755418643497541
177,830472339,1000,1889,1889,2.8976898,0.02981,-1,-1,-1,0,0,0,136,1,1,0,0.0000000,0.0000000,0.0000000,0,0,0,0,755418644436458
178,830473339,1000,1889,1889,2.8976898,0.02864,-1,-1,-1,0,0,0,136,1,1,0,0.0000000,0.0000000,0.0000000,0,0,0,0,755418645432083
179,830474339,1000,1888,1888,2.8961558,-0.03263,-1,-1,-1,0,0,0,136,1,1,0,0.0000000,0.0000000,0.0000000,0,0,0,0,755418646441375
180,830475339,1000,1888,1888,2.8961558,-0.03135,-1,-1,-1,0,0,0,136,1,1,0,0.0000000,0.0000000,0.0000000,0,0,0,0,755418647445000
181,830476339,1000,1888,1888,2.8961558,-0.03012,-1,-1,-1,0,0,0,136,1,1,0,0.0000000,0.0000000,0.0000000,0,0,0,0,755418648438500
182,830477339,1000,1889,1889,2.8976898,0.03121,-1,-1,-1,0,0,0,136,1,1,0,0.0000000,0.0000000,0.0000000,0,0,0,0,755418649431875
183,830478339,1000,1889,1889,2.8976898,0.02998,-1,-1,-1,0,0,0,136,1,1,0,0.0000000,0.0000000,0.0000000,0,0,0,0,755418650441833
184,830479339,1000,1888,1888,2.8961558,-0.03134,-1,-1,-1,0,0,0,136,1,1,0,0.0000000,0.0000000,0.0000000,0,0,0,0,755418651454416
185,830480339,1000,1888,1888,2.8961558,-0.03011,-1,-1,-1,0,0,0,136,1,1,0,0.0000000,0.0000000,0.0000000,0,0,0,0,755418652471333
186,830481339,1000,1888,1888,2.8961558,-0.02893,-1,-1,-1,0,0,0,136,1,1,0,0.0000000,0.0000000,0.0000000,0,0,0,0,755418653470166
187,830482339,1000,1888,1888,2.8961558,-0.02780,-1,-1,-1,0,0,0,136,1,1,0,0.0000000,0.0000000,0.0000000,0,0,0,0,755418654453000
188,830483339,1000,1888,1888,2.8961558,-0.02671,-1,-1,-1,0,0,0,136,1,1,0,0.0000000,0.0000000,0.0000000,0,0,0,0,755418655426750
189,830484339,1000,1888,1888,2.8961558,-0.02566,-1,-1,-1,0,0,0,136,1,1,0,0.0000000,0.0000000,0.0000000,0,0,0,0,755418656445250
190,830485339,1000,1889,1889,2.8976898,0.03550,-1,-1,-1,0,0,0,135,1,1,0,0.0000000,0.0000000,0.0000000,0,0,0,0,755418657431500
191,830486339,1000,1889,1889,2.8976898,0.03410,-1,-1,-1,0,0,0,136,1,1,0,0.0000000,0.0000000,0.0000000,0,0,0,0,755418658444958
192,830487339,1000,1889,1889,2.8976898,0.03277,-1,-1,-1,0,0,0,136,1,1,0,0.0000000,0.0000000,0.0000000,0,0,0,0,755418659468791
193,830488339,1000,1888,1888,2.8961558,-0.02867,-1,-1,-1,0,0,0,136,1,1,0,0.0000000,0.0000000,0.0000000,0,0,0,0,755418660444541
194,830489339,1000,1889,1889,2.8976898,0.03261,-1,-1,-1,0,0,0,136,1,1,0,0.0000000,0.0000000,0.0000000,0,0,0,0,755418661439000
195,830490339,1000,1888,1888,2.8961558,-0.02882,-1,-1,-1,0,0,0,136,1,1,0,0.0000000,0.0000000,0.0000000,0,0,0,0,755418662435041
196,830491339,1000,1888,1888,2.8961558,-0.02769,-1,-1,-1,0,0,0,136,1,1,0,0.0000000,0.0000000,0.0000000,0,0,0,0,755418663436083
197,830492339,1000,1888,1888,2.8961558,-0.02661,-1,-1,-1,0,0,0,136,1,1,0,0.0000000,0.0000000,0.0000000,0,0,0,0,755418664439083
198,830493339,1000,1889,1889,2.8976898,0.03459,-1,-1,-1,0,0,0,136,1,1,0,0.0000000,0.0000000,0.0000000,0,0,0,0,755418665439750
199,830494339,1000,1889,1889,2.8976898,0.03323,-1,-1,-1,0,0,0,136,1,1,0,0.0000000,0.0000000,0.0000000,0,0,0,0,755418666418750
200,830495339,1000,1889,1889,2.8976898,0.03193,-1,-1,-1,0,0,0,136,1,1,0,0.0000000,0.0000000,0.0000000,0,0,0,0,755418667429916
201,830496339,1000,1888,1888,2.8961558,-0.02947,-1,-1,-1,0,0,0,136,1,1,0,0.0000000,0.0000000,0.0000000,0,0,0,0,755418668482208
202,830497339,1000,1888,1888,2.8961558,-0.02832,-1,-1,-1,0,0,0,136,1,1,0,0.0000000,0.0000000,0.0000000,0,0,0,0,755418669451125
203,830498339,1000,1888,1888,2.8961558,-0.02721,-1,-1,-1,0,0,0,136,1,1,0,0.0000000,0.0000000,0.0000000,0,0,0,0,755418670439958
204,830499339,1000,1889,1889,2.8976898,0.03401,-1,-1,-1,0,0,0,136,1,1,0,0.0000000,0.0000000,0.0000000,0,0,0,0,755418671442250
205,830500339,1000,1888,1888,2.8961558,-0.02747,-1,-1,-1,0,0,0,136,1,1,0,0.0000000,0.0000000,0.0000000,0,0,0,0,755418672451500
206,830501339,1000,1888,1888,2.8961558,-0.02640,-1,-1,-1,0,0,0,136,1,1,0,0.0000000,0.0000000,0.0000000,0,0,0,0,755418673434208
207,830502339,1000,1888,1888,2.8961558,-0.02536,39,100,2102,0,0,0,136,1,1,0,0.0000000,0.0000000,0.0000000,0,0,0,0,755418674896833
208,830503339,1000,1889,1889,2.8976898,0.03578,-1,-1,-1,0,0,0,136,1,1,0,0.0000000,0.0000000,0.0000000,0,0,0,0,755418675495625
209,830504339,1000,1889,1889,2.8976898,0.03438,-1,-1,-1,0,0,0,136,1,1,0,0.0000000,0.0000000,0.0000000,0,0,0,0,755418676432208
210,830505339,1000,1888,1888,2.8961558,-0.02712,-1,-1,-1,0,0,0,136,1,1,0,0.0000000,0.0000000,0.0000000,0,0,0,0,755418677427708
211,830506339,1000,1888,1888,2.8961558,-0.02605,-1,-1,-1,0,0,0,135,1,1,0,0.0000000,0.0000000,0.0000000,0,0,0,0,755418678437916
212,830507339,1000,1888,1888,2.8961558,-0.02503,-1,-1,-1,0,0,0,136,1,1,0,0.0000000,0.0000000,0.0000000,0,0,0,0,755418679428375
213,830508339,1000,1889,1889,2.8976898,0.03610,-1,-1,-1,0,0,0,136,1,1,0,0.0000000,0.0000000,0.0000000,0,0,0,0,755418680505833
214,830509339,1000,1888,1888,2.8961558,-0.02547,-1,-1,-1,0,0,0,136,1,1,0,0.0000000,0.0000000,0.0000000,0,0,0,0,755418681432500
215,830510339,1000,1889,1889,2.8976898,0.03568,-1,-1,-1,0,0,0,136,1,1,0,0.0000000,0.0000000,0.0000000,0,0,0,0,755418682421250
216,830511339,1000,1889,1889,2.8976898,0.03428,-1,-1,-1,0,0,0,136,1,1,0,0.0000000,0.0000000,0.0000000,0,0,0,0,755418683435708
217,830512339,1000,1889,1889,2.8976898,0.03294,-1,-1,-1,0,0,0,136,1,1,0,0.0000000,0.0000000,0.0000000,0,0,0,0,755418684421791
218,830513339,1000,1889,1889,2.8976898,0.03165,-1,-1,-1,0,0,0,136,1,1,0,0.0000000,0.0000000,0.0000000,0,0,0,0,755418685410833
219,830514339,1000,1889,1889,2.8976898,0.03040,-1,-1,-1,0,0,0,136,1,1,0,0.0000000,0.0000000,0.0000000,0,0,0,0,755418686655958
220,830515339,1000,1889,1889,2.8976898,0.02921,-1,-1,-1,0,0,0,136,1,1,0,0.0000000,0.0000000,0.0000000,0,0,0,0,755418687696375
221,830516339,1000,1888,1888,2.8961558,-0.03208,-1,-1,-1,0,0,0,136,1,1,0,0.0000000,0.0000000,0.0000000,0,0,0,0,755418688643666
222,830517339,1000,1889,1889,2.8976898,0.02932,-1,-1,-1,0,0,0,136,1,1,0,0.0000000,0.0000000,0.0000000,0,0,0,0,755418689426625
223,830518339,1000,1889,1889,2.8976898,0.02817,-1,-1,-1,0,0,0,136,1,1,0,0.0000000,0.0000000,0.0000000,0,0,0,0,755418690430375
224,830519339,1000,1889,1889,2.8976898,0.02707,-1,-1,-1,0,0,0,136,1,1,0,0.0000000,0.0000000,0.0000000,0,0,0,0,755418691414291
225,830520339,1000,1889,1889,2.8976898,0.02601,-1,-1,-1,0,0,0,136,1,1,0,0.0000000,0.0000000,0.0000000,0,0,0,0,755418692416500
226,830521339,1000,1888,1888,2.8961558,-0.03516,-1,-1,-1,0,0,0,136,1,1,0,0.0000000,0.0000000,0.0000000,0,0,0,0,755418693422208
227,830522339,1000,1889,1889,2.8976898,0.02637,-1,-1,-1,0,0,0,136,1,1,0,0.0000000,0.0000000,0.0000000,0,0,0,0,755418694444333
228,830523339,1000,1888,1888,2.8961558,-0.03481,-1,-1,-1,0,0,0,136,1,1,0,0.0000000,0.0000000,0.0000000,0,0,0,0,755418695445166
229,830524339,1000,1888,1888,2.8961558,-0.03345,-1,-1,-1,0,0,0,136,1,1,0,0.0000000,0.0000000,0.0000000,0,0,0,0,755418696427583
230,830525339,1000,1889,1889,2.8976898,0.02801,-1,-1,-1,0,0,0,136,1,1,0,0.0000000,0.0000000,0.0000000,0,0,0,0,755418697423625
231,830526339,1000,1888,1888,2.8961558,-0.03324,-1,-1,-1,0,0,0,136,1,1,0,0.0000000,0.0000000,0.0000000,0,0,0,0,755418698498166
232,830527339,1000,1889,1889,2.8976898,0.02822,-1,-1,-1,0,0,0,136,1,1,0,0.0000000,0.0000000,0.0000000,0,0,0,0,755418699531958
233,830528339,1000,1889,1889,2.8976898,0.02711,-1,-1,-1,0,0,0,136,1,1,0,0.0000000,0.0000000,0.0000000,0,0,0,0,755418700476166
234,830529339,1000,1889,1889,2.8976898,0.02605,-1,-1,-1,0,0,0,136,1,1,0,0.0000000,0.0000000,0.0000000,0,0,0,0,755418701452708
235,830530339,1000,1889,1889,2.8976898,0.02502,-1,-1,-1,0,0,0,136,1,1,0,0.0000000,0.0000000,0.0000000,0,0,0,0,755418702436750
236,830531339,1000,1889,1889,2.8976898,0.02404,-1,-1,-1,0,0,0,136,1,1,0,0.0000000,0.0000000,0.0000000,0,0,0,0,755418703436708
237,830532339,1000,1889,1889,2.8976898,0.02310,-1,-1,-1,0,0,0,136,1,1,0,0.0000000,0.0000000,0.0000000,0,0,0,0,755418704431416
238,830533339,1000,1889,1889,2.8976898,0.02219,-1,-1,-1,0,0,0,136,1,1,0,0.0000000,0.0000000,0.0000000,0,0,0,0,755418705436833
239,830534339,1000,1889,1889,2.8976898,0.02132,-1,-1,-1,0,0,0,136,1,1,0,0.0000000,0.0000000,0.0000000,0,0,0,0,755418706428958
240,830535339,1000,1888,1888,2.8961558,-0.03966,-1,-1,-1,0,0,0,136,1,1,0,0.0000000,0.0000000,0.0000000,0,0,0,0,755418707440916
241,830536339,1000,1888,1888,2.8961558,-0.03810,-1,-1,-1,0,0,0,136,1,1,0,0.0000000,0.0000000,0.0000000,0,0,0,0,755418708438166
242,830537339,1000,1889,1889,2.8976898,0.02354,-1,-1,-1,0,0,0,136,1,1,0,0.0000000,0.0000000,0.0000000,0,0,0,0,755418709426083
243,830538339,1000,1888,1888,2.8961558,-0.03753,-1,-1,-1,0,0,0,136,1,1,0,0.0000000,0.0000000,0.0000000,0,0,0,0,755418710431583
244,830539339,1000,1889,1889,2.8976898,0.02409,-1,-1,-1,0,0,0,136,1,1,0,0.0000000,0.0000000,0.0000000,0,0,0,0,755418711431875
245,830540339,1000,1888,1888,2.8961558,-0.03701,-1,-1,-1,0,0,0,136,1,1,0,0.0000000,0.0000000,0.0000000,0,0,0,0,755418712434000
246,830541339,1000,1889,1889,2.8976898,0.02459,-1,-1,-1,0,0,0,136,1,1,0,0.0000000,0.0000000,0.0000000,0,0,0,0,755418713455000
247,830542339,1000,1889,1889,2.8976898,0.02363,-1,-1,-1,0,0,0,136,1,1,0,0.0000000,0.0000000,0.0000000,0,0,0,0,755418714472916
248,830543339,1000,1888,1888,2.8961558,-0.03745,-1,-1,-1,0,0,0,136,1,1,0,0.0000000,0.0000000,0.0000000,0,0,0,0,755418715500291
249,830544339,1000,1889,1889,2.8976898,0.02417,-1,-1,-1,0,0,0,136,1,1,0,0.0000000,0.0000000,0.0000000,0,0,0,0,755418716507875
250,830545339,1000,1889,1889,2.8976898,0.02322,-1,-1,-1,0,0,0,136,1,1,0,0.0000000,0.0000000,0.0000000,0,0,0,0,755418717664208
251,830546339,1000,1889,1889,2.8976898,0.02231,-1,-1,-1,0,0,0,136,1,1,0,0.0000000,0.0000000,0.0000000,0,0,0,0,755418718607250
252,830547339,1000,1888,1888,2.8961558,-0.03871,-1,-1,-1,0,0,0,136,1,1,0,0.0000000,0.0000000,0.0000000,0,0,0,0,755418719444291
253,830548339,1000,1889,1889,2.8976898,0.02296,-1,-1,-1,0,0,0,136,1,1,0,0.0000000,0.0000000,0.0000000,0,0,0,0,755418720453583
254,830549339,1000,1889,1889,2.8976898,0.02206,-1,-1,-1,0,0,0,136,1,1,0,0.0000000,0.0000000,0.0000000,0,0,0,0,755418721442583
255,830550339,1000,1889,1889,2.8976898,0.02119,-1,-1,-1,0,0,0,136,1,1,0,0.0000000,0.0000000,0.0000000,0,0,0,0,755418722423625
256,830551339,1000,1888,1888,2.8961558,-0.03979,-1,-1,-1,0,0,0,136,1,1,0,0.0000000,0.0000000,0.0000000,0,0,0,0,755418723434791
257,830552339,1000,1888,1888,2.8961558,-0.03823,39,100,2101,0,0,0,136,1,1,0,0.0000000,0.0000000,0.0000000,0,0,0,0,755418724861875
258,830553339,1000,1889,1889,2.8976898,0.02342,-1,-1,-1,0,0,0,136,1,1,0,0.0000000,0.0000000,0.0000000,0,0,0,0,755418725488250
259,830554339,1000,1888,1888,2.8961558,-0.03765,-1,-1,-1,0,0,0,136,1,1,0,0.0000000,0.0000000,0.0000000,0,0,0,0,755418726474500
260,830555339,1000,1889,1889,2.8976898,0.02398,-1,-1,-1,0,0,0,136,1,1,0,0.0000000,0.0000000,0.0000000,0,0,0,0,755418727443791
261,830556339,1000,1888,1888,2.8961558,-0.03711,-1,-1,-1,0,0,0,136,1,1,0,0.0000000,0.0000000,0.0000000,0,0,0,0,755418728451416
262,830557339,1000,1889,1889,2.8976898,0.02449,-1,-1,-1,0,0,0,136,1,1,0,0.0000000,0.0000000,0.0000000,0,0,0,0,755418729490458
263,830558339,1000,1888,1888,2.8961558,-0.03662,-1,-1,-1,0,0,0,136,1,1,0,0.0000000,0.0000000,0.0000000,0,0,0,0,755418730537583
264,830559339,1000,1889,1889,2.8976898,0.02497,-1,-1,-1,0,0,0,136,1,1,0,0.0000000,0.0000000,0.0000000,0,0,0,0,755418731504625
265,830560339,1000,1889,1889,2.8976898,0.02399,-1,-1,-1,0,0,0,136,1,1,0,0.0000000,0.0000000,0.0000000,0,0,0,0,755418732519625
266,830561339,1000,1889,1889,2.8976898,0.02305,-1,-1,-1,0,0,0,136,1,1,0,0.0000000,0.0000000,0.0000000,0,0,0,0,755418733493583
267,830562339,1000,1889,1889,2.8976898,0.02214,-1,-1,-1,0,0,0,136,1,1,0,0.0000000,0.0000000,0.0000000,0,0,0,0,755418734458333
268,830563339,1000,1889,1889,2.8976898,0.02128,-1,-1,-1,0,0,0,136,1,1,0,0.0000000,0.0000000,0.0000000,0,0,0,0,755418735441791
269,830564339,1000,1888,1888,2.8961558,-0.03971,-1,-1,-1,0,0,0,136,1,1,0,0.0000000,0.0000000,0.0000000,0,0,0,0,755418736435958
270,830565339,1000,1889,1889,2.8976898,0.02200,-1,-1,-1,0,0,0,136,1,1,0,0.0000000,0.0000000,0.0000000,0,0,0,0,755418737447666
271,830566339,1000,1889,1889,2.8976898,0.02114,-1,-1,-1,0,0,0,136,1,1,0,0.0000000,0.0000000,0.0000000,0,0,0,0,755418738438375
272,830567339,1000,1889,1889,2.8976898,0.02031,-1,-1,-1,0,0,0,136,1,1,0,0.0000000,0.0000000,0.0000000,0,0,0,0,755418739440125
273,830568339,1000,1889,1889,2.8976898,0.01951,-1,-1,-1,0,0,0,136,1,1,0,0.0000000,0.0000000,0.0000000,0,0,0,0,755418740432458
274,830569339,1000,1889,1889,2.8976898,0.01875,-1,-1,-1,0,0,0,136,1,1,0,0.0000000,0.0000000,0.0000000,0,0,0,0,755418741654791
275,830570339,1000,1888,1888,2.8961558,-0.04214,-1,-1,-1,0,0,0,136,1,1,0,0.0000000,0.0000000,0.0000000,0,0,0,0,755418742684500
276,830571339,1000,1888,1888,2.8961558,-0.04049,-1,-1,-1,0,0,0,136,1,1,0,0.0000000,0.0000000,0.0000000,0,0,0,0,755418743702083
277,830572339,1000,1889,1889,2.8976898,0.02125,-1,-1,-1,0,0,0,136,1,1,0,0.0000000,0.0000000,0.0000000,0,0,0,0,755418744510208
278,830573339,1000,1889,1889,2.8976898,0.02042,-1,-1,-1,0,0,0,136,1,1,0,0.0000000,0.0000000,0.0000000,0,0,0,0,755418745432500
279,830574339,1000,1889,1889,2.8976898,0.01962,-1,-1,-1,0,0,0,136,1,1,0,0.0000000,0.0000000,0.0000000,0,0,0,0,755418746448583
280,830575339,1000,1889,1889,2.8976898,0.01885,-1,-1,-1,0,0,0,136,1,1,0,0.0000000,0.0000000,0.0000000,0,0,0,0,755418747447708
281,830576339,1000,1889,1889,2.8976898,0.01811,-1,-1,-1,0,0,0,136,1,1,0,0.0000000,0.0000000,0.0000000,0,0,0,0,755418748434708
282,830577339,1000,1889,1889,2.8976898,0.01740,-1,-1,-1,0,0,0,136,1,1,0,0.0000000,0.0000000,0.0000000,0,0,0,0,755418749550500
283,830578339,1000,1889,1889,2.8976898,0.01672,-1,-1,-1,0,0,0,136,1,1,0,0.0000000,0.0000000,0.0000000,0,0,0,0,755418750486958
284,830579339,1000,1888,1888,2.8961558,-0.04409,-1,-1,-1,0,0,0,136,1,1,0,0.0000000,0.0000000,0.0000000,0,0,0,0,755418751442375
285,830580339,1000,1888,1888,2.8961558,-0.04236,-1,-1,-1,0,0,0,136,1,1,0,0.0000000,0.0000000,0.0000000,0,0,0,0,755418752442541
286,830581339,1000,1888,1888,2.8961558,-0.04070,-1,-1,-1,0,0,0,136,1,1,0,0.0000000,0.0000000,0.0000000,0,0,0,0,755418753433125
287,830582339,1000,1889,1889,2.8976898,0.02105,-1,-1,-1,0,0,0,136,1,1,0,0.0000000,0.0000000,0.0000000,0,0,0,0,755418754421375
288,830583339,1000,1889,1889,2.8976898,0.02022,-1,-1,-1,0,0,0,136,1,1,0,0.0000000,0.0000000,0.0000000,0,0,0,0,755418755419291
289,830584339,1000,1889,1889,2.8976898,0.01943,-1,-1,-1,0,0,0,136,1,1,0,0.0000000,0.0000000,0.0000000,0,0,0,0,755418756420916
290,830585339,1000,1889,1889,2.8976898,0.01867,-1,-1,-1,0,0,0,136,1,1,0,0.0000000,0.0000000,0.0000000,0,0,0,0,755418757419375
291,830586339,1000,1888,1888,2.8961558,-0.04221,-1,-1,-1,0,0,0,136,1,1,0,0.0000000,0.0000000,0.0000000,0,0,0,0,755418758435083
292,830587339,1000,1889,1889,2.8976898,0.01959,-1,-1,-1,0,0,0,136,1,1,0,0.0000000,0.0000000,0.0000000,0,0,0,0,755418759424666
293,830588339,1000,1889,1889,2.8976898,0.01882,-1,-1,-1,0,0,0,136,1,1,0,0.0000000,0.0000000,0.0000000,0,0,0,0,755418760412916
294,830589339,1000,1889,1889,2.8976898,0.01808,-1,-1,-1,0,0,0,136,1,1,0,0.0000000,0.0000000,0.0000000,0,0,0,0,755418761421208
295,830590339,1000,1888,1888,2.8961558,-0.04277,-1,-1,-1,0,0,0,136,1,1,0,0.0000000,0.0000000,0.0000000,0,0,0,0,755418762441083
296,830591339,1000,1889,1889,2.8976898,0.01905,-1,-1,-1,0,0,0,136,1,1,0,0.0000000,0.0000000,0.0000000,0,0,0,0,755418763420416
297,830592339,1000,1888,1888,2.8961558,-0.04184,-1,-1,-1,0,0,0,136,1,1,0,0.0000000,0.0000000,0.0000000,0,0,0,0,755418764410833
298,830593339,1000,1888,1888,2.8961558,-0.04020,-1,-1,-1,0,0,0,136,1,1,0,0.0000000,0.0000000,0.0000000,0,0,0,0,755418765426916
299,830594339,1000,1889,1889,2.8976898,0.02152,-1,-1,-1,0,0,0,136,1,1,0,0.0000000,0.0000000,0.0000000,0,0,0,0,755418766411958
300,830595339,1000,1888,1888,2.8961558,-0.03947,-1,-1,-1,0,0,0,136,1,1,0,0.0000000,0.0000000,0.0000000,0,0,0,0,755418767419666
301,830596339,1000,1888,1888,2.8961558,-0.03792,-1,-1,-1,0,0,0,136,1,1,0,0.0000000,0.0000000,0.0000000,0,0,0,0,755418768420125
302,830597339,1000,1888,1888,2.8961558,-0.03644,-1,-1,-1,0,0,0,136,1,1,0,0.0000000,0.0000000,0.0000000,0,0,0,0,755418769652625
303,830598339,1000,1888,1888,2.8961558,-0.03501,-1,-1,-1,0,0,0,136,1,1,0,0.0000000,0.0000000,0.0000000,0,0,0,0,755418770663750
304,830599339,1000,1888,1888,2.8961558,-0.03363,-1,-1,-1,0,0,0,136,1,1,0,0.0000000,0.0000000,0.0000000,0,0,0,0,755418771650125
305,830600339,1000,1889,1889,2.8976898,0.02783,-1,-1,-1,0,0,0,136,1,1,0,0.0000000,0.0000000,0.0000000,0,0,0,0,755418772675333
306,830601339,1000,1889,1889,2.8976898,0.02674,-1,-1,-1,0,0,0,136,1,1,0,0.0000000,0.0000000,0.0000000,0,0,0,0,755418773702166
307,830602339,1000,1889,1889,2.8976898,0.02569,39,100,2101,0,0,0,136,1,1,0,0.0000000,0.0000000,0.0000000,0,0,0,0,755418774855916
308,830603339,1000,1889,1889,2.8976898,0.02469,-1,-1,-1,0,0,0,136,1,1,0,0.0000000,0.0000000,0.0000000,0,0,0,0,755418775459208
309,830604339,1000,1889,1889,2.8976898,0.02372,-1,-1,-1,0,0,0,136,1,1,0,0.0000000,0.0000000,0.0000000,0,0,0,0,755418776437875
310,830605339,1000,1889,1889,2.8976898,0.02279,-1,-1,-1,0,0,0,136,1,1,0,0.0000000,0.0000000,0.0000000,0,0,0,0,755418777439625
311,830606339,1000,1888,1888,2.8961558,-0.03825,-1,-1,-1,0,0,0,136,1,1,0,0.0000000,0.0000000,0.0000000,0,0,0,0,755418778447708
312,830607339,1000,1888,1888,2.8961558,-0.03675,-1,-1,-1,0,0,0,136,1,1,0,0.0000000,0.0000000,0.0000000,0,0,0,0,755418779435541
313,830608339,1000,1889,1889,2.8976898,0.02483,-1,-1,-1,0,0,0,136,1,1,0,0.0000000,0.0000000,0.0000000,0,0,0,0,755418780434541
314,830609339,1000,1889,1889,2.8976898,0.02386,-1,-1,-1,0,0,0,136,1,1,0,0.0000000,0.0000000,0.0000000,0,0,0,0,755418781439291
315,830610339,1000,1888,1888,2.8961558,-0.03722,-1,-1,-1,0,0,0,136,1,1,0,0.0000000,0.0000000,0.0000000,0,0,0,0,755418782445833
316,830611339,1000,1888,1888,2.8961558,-0.03576,-1,-1,-1,0,0,0,136,1,1,0,0.0000000,0.0000000,0.0000000,0,0,0,0,755418783433375
317,830612339,1000,1888,1888,2.8961558,-0.03436,-1,-1,-1,0,0,0,136,1,1,0,0.0000000,0.0000000,0.0000000,0,0,0,0,755418784449375
318,830613339,1000,1888,1888,2.8961558,-0.03301,-1,-1,-1,0,0,0,136,1,1,0,0.0000000,0.0000000,0.0000000,0,0,0,0,755418785648500
319,830614339,1000,1889,1889,2.8976898,0.02843,-1,-1,-1,0,0,0,136,1,1,0,0.0000000,0.0000000,0.0000000,0,0,0,0,755418786652083
320,830615339,1000,1889,1889,2.8976898,0.02731,-1,-1,-1,0,0,0,136,1,1,0,0.0000000,0.0000000,0.0000000,0,0,0,0,755418787645750
321,830616339,1000,1888,1888,2.8961558,-0.03390,-1,-1,-1,0,0,0,136,1,1,0,0.0000000,0.0000000,0.0000000,0,0,0,0,755418788668666
322,830617339,1000,1888,1888,2.8961558,-0.03258,-1,-1,-1,0,0,0,136,1,1,0,0.0000000,0.0000000,0.0000000,0,0,0,0,755418789657083
323,830618339,1000,1889,1889,2.8976898,0.02885,-1,-1,-1,0,0,0,136,1,1,0,0.0000000,0.0000000,0.0000000,0,0,0,0,755418790650416
324,830619339,1000,1888,1888,2.8961558,-0.03243,-1,-1,-1,0,0,0,136,1,1,0,0.0000000,0.0000000,0.0000000,0,0,0,0,755418791593291
325,830620339,1000,1888,1888,2.8961558,-0.03116,-1,-1,-1,0,0,0,136,1,1,0,0.0000000,0.0000000,0.0000000,0,0,0,0,755418792433375
326,830621339,1000,1889,1889,2.8976898,0.03021,-1,-1,-1,0,0,0,136,1,1,0,0.0000000,0.0000000,0.0000000,0,0,0,0,755418793438291
327,830622339,1000,1888,1888,2.8961558,-0.03112,-1,-1,-1,0,0,0,136,1,1,0,0.0000000,0.0000000,0.0000000,0,0,0,0,755418794447916
328,830623339,1000,1889,1889,2.8976898,0.03025,-1,-1,-1,0,0,0,136,1,1,0,0.0000000,0.0000000,0.0000000,0,0,0,0,755418795437041
329,830624339,1000,1889,1889,2.8976898,0.02906,-1,-1,-1,0,0,0,136,1,1,0,0.0000000,0.0000000,0.0000000,0,0,0,0,755418796433208
330,830625339,1000,1889,1889,2.8976898,0.02792,-1,-1,-1,0,0,0,136,1,1,0,0.0000000,0.0000000,0.0000000,0,0,0,0,755418797640458
331,830626339,1000,1889,1889,2.8976898,0.02683,-1,-1,-1,0,0,0,136,1,1,0,0.0000000,0.0000000,0.0000000,0,0,0,0,755418798643625
332,830627339,1000,1889,1889,2.8976898,0.02578,-1,-1,-1,0,0,0,136,1,1,0,0.0000000,0.0000000,0.0000000,0,0,0,0,755418799675833
333,830628339,1000,1888,1888,2.8961558,-0.03538,-1,-1,-1,0,0,0,136,1,1,0,0.0000000,0.0000000,0.0000000,0,0,0,0,755418800816083
334,830629339,1000,1889,1889,2.8976898,0.02615,-1,-1,-1,0,0,0,136,1,1,0,0.0000000,0.0000000,0.0000000,0,0,0,0,755418801767250
335,830630339,1000,1888,1888,2.8961558,-0.03502,-1,-1,-1,0,0,0,136,1,1,0,0.0000000,0.0000000,0.0000000,0,0,0,0,755418802697041
336,830631339,1000,1889,1889,2.8976898,0.02650,-1,-1,-1,0,0,0,136,1,1,0,0.0000000,0.0000000,0.0000000,0,0,0,0,755418803597791
337,830632339,1000,1889,1889,2.8976898,0.02546,-1,-1,-1,0,0,0,136,1,1,0,0.0000000,0.0000000,0.0000000,0,0,0,0,755418804484083
338,830633339,1000,1888,1888,2.8961558,-0.03569,-1,-1,-1,0,0,0,136,1,1,0,0.0000000,0.0000000,0.0000000,0,0,0,0,755418805454791
339,830634339,1000,1888,1888,2.8961558,-0.03429,-1,-1,-1,0,0,0,136,1,1,0,0.0000000,0.0000000,0.0000000,0,0,0,0,755418806445750
340,830635339,1000,1888,1888,2.8961558,-0.03294,-1,-1,-1,0,0,0,136,1,1,0,0.0000000,0.0000000,0.0000000,0,0,0,0,755418807478291
341,830636339,1000,1889,1889,2.8976898,0.02850,-1,-1,-1,0,0,0,136,1,1,0,0.0000000,0.0000000,0.0000000,0,0,0,0,755418808451291
342,830637339,1000,1889,1889,2.8976898,0.02738,-1,-1,-1,0,0,0,136,1,1,0,0.0000000,0.0000000,0.0000000,0,0,0,0,755418809523583
343,830638339,1000,1888,1888,2.8961558,-0.03384,-1,-1,-1,0,0,0,136,1,1,0,0.0000000,0.0000000,0.0000000,0,0,0,0,755418810443750
344,830639339,1000,1889,1889,2.8976898,0.02763,-1,-1,-1,0,0,0,136,1,1,0,0.0000000,0.0000000,0.0000000,0,0,0,0,755418811449958
345,830640339,1000,1889,1889,2.8976898,0.02655,-1,-1,-1,0,0,0,136,1,1,0,0.0000000,0.0000000,0.0000000,0,0,0,0,755418812449291
346,830641339,1000,1889,1889,2.8976898,0.02551,-1,-1,-1,0,0,0,136,1,1,0,0.0000000,0.0000000,0.0000000,0,0,0,0,755418813484666
347,830642339,1000,1889,1889,2.8976898,0.02451,-1,-1,-1,0,0,0,136,1,1,0,0.0000000,0.0000000,0.0000000,0,0,0,0,755418814457291
348,830643339,1000,1889,1889,2.8976898,0.02355,-1,-1,-1,0,0,0,136,1,1,0,0.0000000,0.0000000,0.0000000,0,0,0,0,755418815469750
349,830644339,1000,1889,1889,2.8976898,0.02262,-1,-1,-1,0,0,0,136,1,1,0,0.0000000,0.0000000,0.0000000,0,0,0,0,755418816478125
350,830645339,1000,1889,1889,2.8976898,0.02174,-1,-1,-1,0,0,0,136,1,1,0,0.0000000,0.0000000,0.0000000,0,0,0,0,755418817462750
351,830646339,1000,1889,1889,2.8976898,0.02089,-1,-1,-1,0,0,0,136,1,1,0,0.0000000,0.0000000,0.0000000,0,0,0,0,755418818471250
352,830647339,1000,1889,1889,2.8976898,0.02007,-1,-1,-1,0,0,0,136,1,1,0,0.0000000,0.0000000,0.0000000,0,0,0,0,755418819441916
353,830648339,1000,1888,1888,2.8961558,-0.04087,-1,-1,-1,0,0,0,136,1,1,0,0.0000000,0.0000000,0.0000000,0,0,0,0,755418820441416
354,830649339,1000,1889,1889,2.8976898,0.02088,-1,-1,-1,0,0,0,136,1,1,0,0.0000000,0.0000000,0.0000000,0,0,0,0,755418821470000
355,830650339,1000,1888,1888,2.8961558,-0.04009,-1,-1,-1,0,0,0,136,1,1,0,0.0000000,0.0000000,0.0000000,0,0,0,0,755418822460791
356,830651339,1000,1889,1889,2.8976898,0.02163,-1,-1,-1,0,0,0,136,1,1,0,0.0000000,0.0000000,0.0000000,0,0,0,0,755418823469791
357,830652339,1000,1888,1888,2.8961558,-0.03936,39,100,2101,0,0,0,136,1,1,0,0.0000000,0.0000000,0.0000000,0,0,0,0,755418824887083
358,830653339,1000,1889,1889,2.8976898,0.02233,-1,-1,-1,0,0,0,136,1,1,0,0.0000000,0.0000000,0.0000000,0,0,0,0,755418825503416
359,830654339,1000,1889,1889,2.8976898,0.02145,-1,-1,-1,0,0,0,136,1,1,0,0.0000000,0.0000000,0.0000000,0,0,0,0,755418826450583
360,830655339,1000,1889,1889,2.8976898,0.02061,-1,-1,-1,0,0,0,136,1,1,0,0.0000000,0.0000000,0.0000000,0,0,0,0,755418827471208
361,830656339,1000,1888,1888,2.8961558,-0.04034,-1,-1,-1,0,0,0,136,1,1,0,0.0000000,0.0000000,0.0000000,0,0,0,0,755418828483041
362,830657339,1000,1889,1889,2.8976898,0.02139,-1,-1,-1,0,0,0,136,1,1,0,0.0000000,0.0000000,0.0000000,0,0,0,0,755418829447666
363,830658339,1000,1889,1889,2.8976898,0.02055,-1,-1,-1,0,0,0,136,1,1,0,0.0000000,0.0000000,0.0000000,0,0,0,0,755418830658000
364,830659339,1000,1889,1889,2.8976898,0.01974,-1,-1,-1,0,0,0,136,1,1,0,0.0000000,0.0000000,0.0000000,0,0,0,0,755418831655458
365,830660339,1000,1889,1889,2.8976898,0.01897,-1,-1,-1,0,0,0,136,1,1,0,0.0000000,0.0000000,0.0000000,0,0,0,0,755418832653208
366,830661339,1000,1888,1888,2.8961558,-0.04192,-1,-1,-1,0,0,0,136,1,1,0,0.0000000,0.0000000,0.0000000,0,0,0,0,755418833506208
367,830662339,1000,1889,1889,2.8976898,0.01987,-1,-1,-1,0,0,0,136,1,1,0,0.0000000,0.0000000,0.0000000,0,0,0,0,755418834480208
368,830663339,1000,1889,1889,2.8976898,0.01909,-1,-1,-1,0,0,0,136,1,1,0,0.0000000,0.0000000,0.0000000,0,0,0,0,755418835496500
369,830664339,1000,1888,1888,2.8961558,-0.04181,-1,-1,-1,0,0,0,136,1,1,0,0.0000000,0.0000000,0.0000000,0,0,0,0,755418836689625
370,830665339,1000,1889,1889,2.8976898,0.01998,-1,-1,-1,0,0,0,136,1,1,0,0.0000000,0.0000000,0.0000000,0,0,0,0,755418837699291
371,830666339,1000,1889,1889,2.8976898,0.01920,-1,-1,-1,0,0,0,136,1,1,0,0.0000000,0.0000000,0.0000000,0,0,0,0,755418838649750
372,830667339,1000,1889,1889,2.8976898,0.01844,-1,-1,-1,0,0,0,136,1,1,0,0.0000000,0.0000000,0.0000000,0,0,0,0,755418839679416
373,830668339,1000,1888,1888,2.8961558,-0.04243,-1,-1,-1,0,0,0,136,1,1,0,0.0000000,0.0000000,0.0000000,0,0,0,0,755418840752208
374,830669339,1000,1888,1888,2.8961558,-0.04076,-1,-1,-1,0,0,0,136,1,1,0,0.0000000,0.0000000,0.0000000,0,0,0,0,755418841484083
375,830670339,1000,1888,1888,2.8961558,-0.03917,-1,-1,-1,0,0,0,136,1,1,0,0.0000000,0.0000000,0.0000000,0,0,0,0,755418842467416
376,830671339,1000,1889,1889,2.8976898,0.02252,-1,-1,-1,0,0,0,136,1,1,0,0.0000000,0.0000000,0.0000000,0,0,0,0,755418843466916
377,830672339,1000,1889,1889,2.8976898,0.02164,-1,-1,-1,0,0,0,136,1,1,0,0.0000000,0.0000000,0.0000000,0,0,0,0,755418844502958
378,830673339,1000,1888,1888,2.8961558,-0.03936,-1,-1,-1,0,0,0,136,1,1,0,0.0000000,0.0000000,0.0000000,0,0,0,0,755418845441458
379,830674339,1000,1889,1889,2.8976898,0.02233,-1,-1,-1,0,0,0,136,1,1,0,0.0000000,0.0000000,0.0000000,0,0,0,0,755418846460625
380,830675339,1000,1888,1888,2.8961558,-0.03869,-1,-1,-1,0,0,0,136,1,1,0,0.0000000,0.0000000,0.0000000,0,0,0,0,755418847448708
381,830676339,1000,1889,1889,2.8976898,0.02297,-1,-1,-1,0,0,0,136,1,1,0,0.0000000,0.0000000,0.0000000,0,0,0,0,755418848435625
382,830677339,1000,1889,1889,2.8976898,0.02207,-1,-1,-1,0,0,0,136,1,1,0,0.0000000,0.0000000,0.0000000,0,0,0,0,755418849424791
383,830678339,1000,1888,1888,2.8961558,-0.03894,-1,-1,-1,0,0,0,136,1,1,0,0.0000000,0.0000000,0.0000000,0,0,0,0,755418850429458
384,830679339,1000,1889,1889,2.8976898,0.02273,-1,-1,-1,0,0,0,136,1,1,0,0.0000000,0.0000000,0.0000000,0,0,0,0,755418851474291
385,830680339,1000,1888,1888,2.8961558,-0.03831,-1,-1,-1,0,0,0,136,1,1,0,0.0000000,0.0000000,0.0000000,0,0,0,0,755418852476458
386,830681339,1000,1889,1889,2.8976898,0.02334,-1,-1,-1,0,0,0,136,1,1,0,0.0000000,0.0000000,0.0000000,0,0,0,0,755418853440708
387,830682339,1000,1888,1888,2.8961558,-0.03772,-1,-1,-1,0,0,0,136,1,1,0,0.0000000,0.0000000,0.0000000,0,0,0,0,755418854441708
388,830683339,1000,1889,1889,2.8976898,0.02391,-1,-1,-1,0,0,0,136,1,1,0,0.0000000,0.0000000,0.0000000,0,0,0,0,755418855435625
389,830684339,1000,1888,1888,2.8961558,-0.03718,-1,-1,-1,0,0,0,136,1,1,0,0.0000000,0.0000000,0.0000000,0,0,0,0,755418856471208
390,830685339,1000,1888,1888,2.8961558,-0.03572,-1,-1,-1,0,0,0,136,1,1,0,0.0000000,0.0000000,0.0000000,0,0,0,0,755418857450458
391,830686339,1000,1889,1889,2.8976898,0.02583,-1,-1,-1,0,0,0,136,1,1,0,0.0000000,0.0000000,0.0000000,0,0,0,0,755418858445500
392,830687339,1000,1889,1889,2.8976898,0.02482,-1,-1,-1,0,0,0,136,1,1,0,0.0000000,0.0000000,0.0000000,0,0,0,0,755418859435291
393,830688339,1000,1888,1888,2.8961558,-0.03631,-1,-1,-1,0,0,0,136,1,1,0,0.0000000,0.0000000,0.0000000,0,0,0,0,755418860443833
394,830689339,1000,1889,1889,2.8976898,0.02527,-1,-1,-1,0,0,0,136,1,1,0,0.0000000,0.0000000,0.0000000,0,0,0,0,755418861438291
395,830690339,1000,1888,1888,2.8961558,-0.03587,-1,-1,-1,0,0,0,136,1,1,0,0.0000000,0.0000000,0.0000000,0,0,0,0,755418862441375
396,830691339,1000,1889,1889,2.8976898,0.02568,-1,-1,-1,0,0,0,136,1,1,0,0.0000000,0.0000000,0.0000000,0,0,0,0,755418863426375
397,830692339,1000,1888,1888,2.8961558,-0.03547,-1,-1,-1,0,0,0,136,1,1,0,0.0000000,0.0000000,0.0000000,0,0,0,0,755418864428208
398,830693339,1000,1888,1888,2.8961558,-0.03408,-1,-1,-1,0,0,0,136,1,1,0,0.0000000,0.0000000,0.0000000,0,0,0,0,755418865440000
399,830694339,1000,1888,1888,2.8961558,-0.03275,-1,-1,-1,0,0,0,136,1,1,0,0.0000000,0.0000000,0.0000000,0,0,0,0,755418866427125
400,830695339,1000,1889,1889,2.8976898,0.02869,-1,-1,-1,0,0,0,136,1,1,0,0.0000000,0.0000000,0.0000000,0,0,0,0,755418867445541
401,830696339,1000,1889,1889,2.8976898,0.02756,-1,-1,-1,0,0,0,136,1,1,0,0.0000000,0.0000000,0.0000000,0,0,0,0,755418868432541
402,830697339,1000,1889,1889,2.8976898,0.02648,-1,-1,-1,0,0,0,136,1,1,0,0.0000000,0.0000000,0.0000000,0,0,0,0,755418869424708
403,830698339,1000,1889,1889,2.8976898,0.02544,-1,-1,-1,0,0,0,136,1,1,0,0.0000000,0.0000000,0.0000000,0,0,0,0,755418870420958
404,830699339,1000,1889,1889,2.8976898,0.02444,-1,-1,-1,0,0,0,136,1,1,0,0.0000000,0.0000000,0.0000000,0,0,0,0,755418871532333
405,830700339,1000,1888,1888,2.8961558,-0.03666,-1,-1,-1,0,0,0,136,1,1,0,0.0000000,0.0000000,0.0000000,0,0,0,0,755418872691166
406,830701339,1000,1888,1888,2.8961558,-0.03522,-1,-1,-1,0,0,0,136,1,1,0,0.0000000,0.0000000,0.0000000,0,0,0,0,755418873652291
407,830702339,1000,1888,1888,2.8961558,-0.03384,39,100,2101,0,0,0,136,1,1,0,0.0000000,0.0000000,0.0000000,0,0,0,0,755418875049000
408,830703339,1000,1888,1888,2.8961558,-0.03252,-1,-1,-1,0,0,0,136,1,1,0,0.0000000,0.0000000,0.0000000,0,0,0,0,755418875879083
409,830704339,1000,1889,1889,2.8976898,0.02891,-1,-1,-1,0,0,0,136,1,1,0,0.0000000,0.0000000,0.0000000,0,0,0,0,755418876620500
410,830705339,1000,1888,1888,2.8961558,-0.03237,-1,-1,-1,0,0,0,136,1,1,0,0.0000000,0.0000000,0.0000000,0,0,0,0,755418877427958
411,830706339,1000,1889,1889,2.8976898,0.02904,-1,-1,-1,0,0,0,136,1,1,0,0.0000000,0.0000000,0.0000000,0,0,0,0,755418878421583
412,830707339,1000,1888,1888,2.8961558,-0.03224,-1,-1,-1,0,0,0,136,1,1,0,0.0000000,0.0000000,0.0000000,0,0,0,0,755418879427083
413,830708339,1000,1888,1888,2.8961558,-0.03098,-1,-1,-1,0,0,0,136,1,1,0,0.0000000,0.0000000,0.0000000,0,0,0,0,755418880445791
414,830709339,1000,1889,1889,2.8976898,0.03038,-1,-1,-1,0,0,0,135,1,1,0,0.0000000,0.0000000,0.0000000,0,0,0,0,755418881462250
415,830710339,1000,1889,1889,2.8976898,0.02919,-1,-1,-1,0,0,0,136,1,1,0,0.0000000,0.0000000,0.0000000,0,0,0,0,755418882441333
416,830711339,1000,1888,1888,2.8961558,-0.03210,-1,-1,-1,0,0,0,136,1,1,0,0.0000000,0.0000000,0.0000000,0,0,0,0,755418883429125
417,830712339,1000,1888,1888,2.8961558,-0.03084,-1,-1,-1,0,0,0,136,1,1,0,0.0000000,0.0000000,0.0000000,0,0,0,0,755418884427875
418,830713339,1000,1889,1889,2.8976898,0.03052,-1,-1,-1,0,0,0,136,1,1,0,0.0000000,0.0000000,0.0000000,0,0,0,0,755418885420208
419,830714339,1000,1889,1889,2.8976898,0.02932,-1,-1,-1,0,0,0,136,1,1,0,0.0000000,0.0000000,0.0000000,0,0,0,0,755418886412750
420,830715339,1000,1889,1889,2.8976898,0.02817,-1,-1,-1,0,0,0,136,1,1,0,0.0000000,0.0000000,0.0000000,0,0,0,0,755418887458000
421,830716339,1000,1889,1889,2.8976898,0.02706,-1,-1,-1,0,0,0,136,1,1,0,0.0000000,0.0000000,0.0000000,0,0,0,0,755418888427708
422,830717339,1000,1889,1889,2.8976898,0.02600,-1,-1,-1,0,0,0,136,1,1,0,0.0000000,0.0000000,0.0000000,0,0,0,0,755418889417958
423,830718339,1000,1889,1889,2.8976898,0.02498,-1,-1,-1,0,0,0,136,1,1,0,0.0000000,0.0000000,0.0000000,0,0,0,0,755418890416250
424,830719339,1000,1888,1888,2.8961558,-0.03614,-1,-1,-1,0,0,0,136,1,1,0,0.0000000,0.0000000,0.0000000,0,0,0,0,755418891425041
425,830720339,1000,1889,1889,2.8976898,0.02542,-1,-1,-1,0,0,0,136,1,1,0,0.0000000,0.0000000,0.0000000,0,0,0,0,755418892411875
426,830721339,1000,1889,1889,2.8976898,0.02442,-1,-1,-1,0,0,0,136,1,1,0,0.0000000,0.0000000,0.0000000,0,0,0,0,755418893411625
427,830722339,1000,1889,1889,2.8976898,0.02347,-1,-1,-1,0,0,0,136,1,1,0,0.0000000,0.0000000,0.0000000,0,0,0,0,755418894410291
428,830723339,1000,1888,1888,2.8961558,-0.03760,-1,-1,-1,0,0,0,136,1,1,0,0.0000000,0.0000000,0.0000000,0,0,0,0,755418895417666
429,830724339,1000,1889,1889,2.8976898,0.02402,-1,-1,-1,0,0,0,136,1,1,0,0.0000000,0.0000000,0.0000000,0,0,0,0,755418896412375
430,830725339,1000,1888,1888,2.8961558,-0.03707,-1,-1,-1,0,0,0,136,1,1,0,0.0000000,0.0000000,0.0000000,0,0,0,0,755418897425958
431,830726339,1000,1888,1888,2.8961558,-0.03562,-1,-1,-1,0,0,0,136,1,1,0,0.0000000,0.0000000,0.0000000,0,0,0,0,755418898420291
432,830727339,1000,1889,1889,2.8976898,0.02593,-1,-1,-1,0,0,0,136,1,1,0,0.0000000,0.0000000,0.0000000,0,0,0,0,755418899658750
433,830728339,1000,1889,1889,2.8976898,0.02491,-1,-1,-1,0,0,0,136,1,1,0,0.0000000,0.0000000,0.0000000,0,0,0,0,755418900678750
434,830729339,1000,1889,1889,2.8976898,0.02394,-1,-1,-1,0,0,0,136,1,1,0,0.0000000,0.0000000,0.0000000,0,0,0,0,755418901808375
435,830730339,1000,1889,1889,2.8976898,0.02300,-1,-1,-1,0,0,0,136,1,1,0,0.0000000,0.0000000,0.0000000,0,0,0,0,755418902570916
436,830731339,1000,1889,1889,2.8976898,0.02210,-1,-1,-1,0,0,0,136,1,1,0,0.0000000,0.0000000,0.0000000,0,0,0,0,755418903470000
437,830732339,1000,1889,1889,2.8976898,0.02123,-1,-1,-1,0,0,0,136,1,1,0,0.0000000,0.0000000,0.0000000,0,0,0,0,755418904441375
438,830733339,1000,1889,1889,2.8976898,0.02040,-1,-1,-1,0,0,0,136,1,1,0,0.0000000,0.0000000,0.0000000,0,0,0,0,755418905434958
439,830734339,1000,1889,1889,2.8976898,0.01960,-1,-1,-1,0,0,0,136,1,1,0,0.0000000,0.0000000,0.0000000,0,0,0,0,755418906434750
440,830735339,1000,1889,1889,2.8976898,0.01883,-1,-1,-1,0,0,0,136,1,1,0,0.0000000,0.0000000,0.0000000,0,0,0,0,755418907451958
441,830736339,1000,1888,1888,2.8961558,-0.04206,-1,-1,-1,0,0,0,136,1,1,0,0.0000000,0.0000000,0.0000000,0,0,0,0,755418908445958
442,830737339,1000,1888,1888,2.8961558,-0.04041,-1,-1,-1,0,0,0,136,1,1,0,0.0000000,0.0000000,0.0000000,0,0,0,0,755418909434541
443,830738339,1000,1889,1889,2.8976898,0.02132,-1,-1,-1,0,0,0,136,1,1,0,0.0000000,0.0000000,0.0000000,0,0,0,0,755418910456166
444,830739339,1000,1888,1888,2.8961558,-0.03966,-1,-1,-1,0,0,0,136,1,1,0,0.0000000,0.0000000,0.0000000,0,0,0,0,755418911474083
445,830740339,1000,1889,1889,2.8976898,0.02204,-1,-1,-1,0,0,0,136,1,1,0,0.0000000,0.0000000,0.0000000,0,0,0,0,755418912558833
446,830741339,1000,1888,1888,2.8961558,-0.03897,-1,-1,-1,0,0,0,136,1,1,0,0.0000000,0.0000000,0.0000000,0,0,0,0,755418913530833
447,830742339,1000,1888,1888,2.8961558,-0.03744,-1,-1,-1,0,0,0,136,1,1,0,0.0000000,0.0000000,0.0000000,0,0,0,0,755418914537416
448,830743339,1000,1888,1888,2.8961558,-0.03597,-1,-1,-1,0,0,0,136,1,1,0,0.0000000,0.0000000,0.0000000,0,0,0,0,755418915576833
449,830744339,1000,1889,1889,2.8976898,0.02559,-1,-1,-1,0,0,0,136,1,1,0,0.0000000,0.0000000,0.0000000,0,0,0,0,755418916501875
450,830745339,1000,1889,1889,2.8976898,0.02458,-1,-1,-1,0,0,0,136,1,1,0,0.0000000,0.0000000,0.0000000,0,0,0,0,755418917489708
451,830746339,1000,1889,1889,2.8976898,0.02362,-1,-1,-1,0,0,0,136,1,1,0,0.0000000,0.0000000,0.0000000,0,0,0,0,755418918549458
452,830747339,1000,1888,1888,2.8961558,-0.03746,-1,-1,-1,0,0,0,136,1,1,0,0.0000000,0.0000000,0.0000000,0,0,0,0,755418919537500
453,830748339,1000,1888,1888,2.8961558,-0.03599,-1,-1,-1,0,0,0,136,1,1,0,0.0000000,0.0000000,0.0000000,0,0,0,0,755418920648500
454,830749339,1000,1889,1889,2.8976898,0.02557,-1,-1,-1,0,0,0,136,1,1,0,0.0000000,0.0000000,0.0000000,0,0,0,0,755418921721166
455,830750339,1000,1889,1889,2.8976898,0.02457,-1,-1,-1,0,0,0,136,1,1,0,0.0000000,0.0000000,0.0000000,0,0,0,0,755418922695208
456,830751339,1000,1888,1888,2.8961558,-0.03654,-1,-1,-1,0,0,0,136,1,1,0,0.0000000,0.0000000,0.0000000,0,0,0,0,755418923696166
457,830752339,1000,1889,1889,2.8976898,0.02504,39,100,2101,0,0,0,136,1,1,0,0.0000000,0.0000000,0.0000000,0,0,0,0,755418924836541
458,830753339,1000,1889,1889,2.8976898,0.02406,-1,-1,-1,0,0,0,136,1,1,0,0.0000000,0.0000000,0.0000000,0,0,0,0,755418925438708
459,830754339,1000,1889,1889,2.8976898,0.02311,-1,-1,-1,0,0,0,136,1,1,0,0.0000000,0.0000000,0.0000000,0,0,0,0,755418926439166
460,830755339,1000,1888,1888,2.8961558,-0.03794,-1,-1,-1,0,0,0,136,1,1,0,0.0000000,0.0000000,0.0000000,0,0,0,0,755418927443208
461,830756339,1000,1888,1888,2.8961558,-0.03645,-1,-1,-1,0,0,0,136,1,1,0,0.0000000,0.0000000,0.0000000,0,0,0,0,755418928443166
462,830757339,1000,1888,1888,2.8961558,-0.03502,-1,-1,-1,0,0,0,136,1,1,0,0.0000000,0.0000000,0.0000000,0,0,0,0,755418929439791
463,830758339,1000,1889,1889,2.8976898,0.02650,-1,-1,-1,0,0,0,136,1,1,0,0.0000000,0.0000000,0.0000000,0,0,0,0,755418930428166
464,830759339,1000,1889,1889,2.8976898,0.02546,-1,-1,-1,0,0,0,136,1,1,0,0.0000000,0.0000000,0.0000000,0,0,0,0,755418931429625
465,830760339,1000,1889,1889,2.8976898,0.02446,-1,-1,-1,0,0,0,136,1,1,0,0.0000000,0.0000000,0.0000000,0,0,0,0,755418932433541
466,830761339,1000,1889,1889,2.8976898,0.02350,-1,-1,-1,0,0,0,136,1,1,0,0.0000000,0.0000000,0.0000000,0,0,0,0,755418933427833
467,830762339,1000,1889,1889,2.8976898,0.02258,-1,-1,-1,0,0,0,136,1,1,0,0.0000000,0.0000000,0.0000000,0,0,0,0,755418934492125
468,830763339,1000,1888,1888,2.8961558,-0.03845,-1,-1,-1,0,0,0,136,1,1,0,0.0000000,0.0000000,0.0000000,0,0,0,0,755418935486541
469,830764339,1000,1888,1888,2.8961558,-0.03695,-1,-1,-1,0,0,0,136,1,1,0,0.0000000,0.0000000,0.0000000,0,0,0,0,755418936455666
470,830765339,1000,1889,1889,2.8976898,0.02465,-1,-1,-1,0,0,0,136,1,1,0,0.0000000,0.0000000,0.0000000,0,0,0,0,755418937468250
471,830766339,1000,1889,1889,2.8976898,0.02368,-1,-1,-1,0,0,0,136,1,1,0,0.0000000,0.0000000,0.0000000,0,0,0,0,755418938452333
472,830767339,1000,1888,1888,2.8961558,-0.03739,-1,-1,-1,0,0,0,136,1,1,0,0.0000000,0.0000000,0.0000000,0,0,0,0,755418939453291
473,830768339,1000,1889,1889,2.8976898,0.02422,-1,-1,-1,0,0,0,136,1,1,0,0.0000000,0.0000000,0.0000000,0,0,0,0,755418940435541
474,830769339,1000,1889,1889,2.8976898,0.02327,-1,-1,-1,0,0,0,136,1,1,0,0.0000000,0.0000000,0.0000000,0,0,0,0,755418941435166
475,830770339,1000,1888,1888,2.8961558,-0.03779,-1,-1,-1,0,0,0,136,1,1,0,0.0000000,0.0000000,0.0000000,0,0,0,0,755418942437208
476,830771339,1000,1889,1889,2.8976898,0.02384,-1,-1,-1,0,0,0,136,1,1,0,0.0000000,0.0000000,0.0000000,0,0,0,0,755418943427000
477,830772339,1000,1889,1889,2.8976898,0.02291,-1,-1,-1,0,0,0,135,1,1,0,0.0000000,0.0000000,0.0000000,0,0,0,0,755418944444708
478,830773339,1000,1889,1889,2.8976898,0.02201,-1,-1,-1,0,0,0,136,1,1,0,0.0000000,0.0000000,0.0000000,0,0,0,0,755418945426916
479,830774339,1000,1889,1889,2.8976898,0.02115,-1,-1,-1,0,0,0,136,1,1,0,0.0000000,0.0000000,0.0000000,0,0,0,0,755418946435250
480,830775339,1000,1889,1889,2.8976898,0.02032,-1,-1,-1,0,0,0,136,1,1,0,0.0000000,0.0000000,0.0000000,0,0,0,0,755418947430208
481,830776339,1000,1888,1888,2.8961558,-0.04063,-1,-1,-1,0,0,0,136,1,1,0,0.0000000,0.0000000,0.0000000,0,0,0,0,755418948426833
482,830777339,1000,1889,1889,2.8976898,0.02111,-1,-1,-1,0,0,0,136,1,1,0,0.0000000,0.0000000,0.0000000,0,0,0,0,755418949445541
483,830778339,1000,1888,1888,2.8961558,-0.03986,-1,-1,-1,0,0,0,136,1,1,0,0.0000000,0.0000000,0.0000000,0,0,0,0,755418950468916
484,830779339,1000,1889,1889,2.8976898,0.02185,-1,-1,-1,0,0,0,136,1,1,0,0.0000000,0.0000000,0.0000000,0,0,0,0,755418951438958
485,830780339,1000,1889,1889,2.8976898,0.02099,-1,-1,-1,0,0,0,136,1,1,0,0.0000000,0.0000000,0.0000000,0,0,0,0,755418952446000
486,830781339,1000,1888,1888,2.8961558,-0.03998,-1,-1,-1,0,0,0,136,1,1,0,0.0000000,0.0000000,0.0000000,0,0,0,0,755418953657375
487,830782339,1000,1888,1888,2.8961558,-0.03841,-1,-1,-1,0,0,0,136,1,1,0,0.0000000,0.0000000,0.0000000,0,0,0,0,755418954648583
488,830783339,1000,1889,1889,2.8976898,0.02324,-1,-1,-1,0,0,0,136,1,1,0,0.0000000,0.0000000,0.0000000,0,0,0,0,755418955643708
489,830784339,1000,1889,1889,2.8976898,0.02233,-1,-1,-1,0,0,0,136,1,1,0,0.0000000,0.0000000,0.0000000,0,0,0,0,755418956642333
490,830785339,1000,1888,1888,2.8961558,-0.03869,-1,-1,-1,0,0,0,136,1,1,0,0.0000000,0.0000000,0.0000000,0,0,0,0,755418957722791
491,830786339,1000,1889,1889,2.8976898,0.02297,-1,-1,-1,0,0,0,136,1,1,0,0.0000000,0.0000000,0.0000000,0,0,0,0,755418958683166
492,830787339,1000,1889,1889,2.8976898,0.02207,-1,-1,-1,0,0,0,136,1,1,0,0.0000000,0.0000000,0.0000000,0,0,0,0,755418959571125
493,830788339,1000,1888,1888,2.8961558,-0.03894,-1,-1,-1,0,0,0,136,1,1,0,0.0000000,0.0000000,0.0000000,0,0,0,0,755418960466291
494,830789339,1000,1888,1888,2.8961558,-0.03742,-1,-1,-1,0,0,0,136,1,1,0,0.0000000,0.0000000,0.0000000,0,0,0,0,755418961476750
495,830790339,1000,1888,1888,2.8961558,-0.03595,-1,-1,-1,0,0,0,136,1,1,0,0.0000000,0.0000000,0.0000000,0,0,0,0,755418962453375
496,830791339,1000,1889,1889,2.8976898,0.02561,-1,-1,-1,0,0,0,136,1,1,0,0.0000000,0.0000000,0.0000000,0,0,0,0,755418963460166
497,830792339,1000,1889,1889,2.8976898,0.02461,-1,-1,-1,0,0,0,136,1,1,0,0.0000000,0.0000000,0.0000000,0,0,0,0,755418964450125
498,830793339,1000,1889,1889,2.8976898,0.02364,-1,-1,-1,0,0,0,136,1,1,0,0.0000000,0.0000000,0.0000000,0,0,0,0,755418965472250
499,830794339,1000,1888,1888,2.8961558,-0.03743,-1,-1,-1,0,0,0,136,1,1,0,0.0000000,0.0000000,0.0000000,0,0,0,0,755418966448291
500,830795339,1000,1889,1889,2.8976898,0.02418,-1,-1,-1,0,0,0,136,1,1,0,0.0000000,0.0000000,0.0000000,0,0,0,0,755418967444500
501,830796339,1000,1889,1889,2.8976898,0.02323,-1,-1,-1,0,0,0,136,1,1,0,0.0000000,0.0000000,0.0000000,0,0,0,0,755418968455541
502,830797339,1000,1889,1889,2.8976898,0.02232,-1,-1,-1,0,0,0,136,1,1,0,0.0000000,0.0000000,0.0000000,0,0,0,0,755418969431000
503,830798339,1000,1889,1889,2.8976898,0.02145,-1,-1,-1,0,0,0,136,1,1,0,0.0000000,0.0000000,0.0000000,0,0,0,0,755418970447541
504,830799339,1000,1889,1889,2.8976898,0.02061,-1,-1,-1,0,0,0,136,1,1,0,0.0000000,0.0000000,0.0000000,0,0,0,0,755418971478291
505,830800339,1000,1889,1889,2.8976898,0.01980,-1,-1,-1,0,0,0,135,1,1,0,0.0000000,0.0000000,0.0000000,0,0,0,0,755418972437833
506,830801339,1000,1889,1889,2.8976898,0.01902,-1,-1,-1,0,0,0,136,1,1,0,0.0000000,0.0000000,0.0000000,0,0,0,0,755418973596791
507,830802339,1000,1889,1889,2.8976898,0.01828,39,100,2102,0,0,0,136,1,1,0,0.0000000,0.0000000,0.0000000,0,0,0,0,755418974929500
508,830803339,1000,1888,1888,2.8961558,-0.04259,-1,-1,-1,0,0,0,136,1,1,0,0.0000000,0.0000000,0.0000000,0,0,0,0,755418975566416
509,830804339,1000,1889,1889,2.8976898,0.01923,-1,-1,-1,0,0,0,136,1,1,0,0.0000000,0.0000000,0.0000000,0,0,0,0,755418976522500
510,830805339,1000,1889,1889,2.8976898,0.01848,-1,-1,-1,0,0,0,136,1,1,0,0.0000000,0.0000000,0.0000000,0,0,0,0,755418977588041
511,830806339,1000,1888,1888,2.8961558,-0.04240,-1,-1,-1,0,0,0,136,1,1,0,0.0000000,0.0000000,0.0000000,0,0,0,0,755418978526583
512,830807339,1000,1889,1889,2.8976898,0.01941,-1,-1,-1,0,0,0,136,1,1,0,0.0000000,0.0000000,0.0000000,0,0,0,0,755418979536125
513,830808339,1000,1888,1888,2.8961558,-0.04150,-1,-1,-1,0,0,0,136,1,1,0,0.0000000,0.0000000,0.0000000,0,0,0,0,755418980495291
514,830809339,1000,1889,1889,2.8976898,0.02028,-1,-1,-1,0,0,0,136,1,1,0,0.0000000,0.0000000,0.0000000,0,0,0,0,755418981518541
515,830810339,1000,1889,1889,2.8976898,0.01948,-1,-1,-1,0,0,0,136,1,1,0,0.0000000,0.0000000,0.0000000,0,0,0,0,755418982488375
516,830811339,1000,1889,1889,2.8976898,0.01872,-1,-1,-1,0,0,0,136,1,1,0,0.0000000,0.0000000,0.0000000,0,0,0,0,755418983460083
517,830812339,1000,1888,1888,2.8961558,-0.04216,-1,-1,-1,0,0,0,136,1,1,0,0.0000000,0.0000000,0.0000000,0,0,0,0,755418984482375
518,830813339,1000,1888,1888,2.8961558,-0.04051,-1,-1,-1,0,0,0,136,1,1,0,0.0000000,0.0000000,0.0000000,0,0,0,0,755418985455750
519,830814339,1000,1889,1889,2.8976898,0.02123,-1,-1,-1,0,0,0,136,1,1,0,0.0000000,0.0000000,0.0000000,0,0,0,0,755418986446375
520,830815339,1000,1889,1889,2.8976898,0.02040,-1,-1,-1,0,0,0,136,1,1,0,0.0000000,0.0000000,0.0000000,0,0,0,0,755418987446541
521,830816339,1000,1889,1889,2.8976898,0.01960,-1,-1,-1,0,0,0,136,1,1,0,0.0000000,0.0000000,0.0000000,0,0,0,0,755418988693041
522,830817339,1000,1889,1889,2.8976898,0.01883,-1,-1,-1,0,0,0,136,1,1,0,0.0000000,0.0000000,0.0000000,0,0,0,0,755418989652500
523,830818339,1000,1888,1888,2.8961558,-0.04206,-1,-1,-1,0,0,0,136,1,1,0,0.0000000,0.0000000,0.0000000,0,0,0,0,755418990666041
524,830819339,1000,1888,1888,2.8961558,-0.04041,-1,-1,-1,0,0,0,136,1,1,0,0.0000000,0.0000000,0.0000000,0,0,0,0,755418991495166
525,830820339,1000,1889,1889,2.8976898,0.02132,-1,-1,-1,0,0,0,136,1,1,0,0.0000000,0.0000000,0.0000000,0,0,0,0,755418992475875
526,830821339,1000,1889,1889,2.8976898,0.02049,-1,-1,-1,0,0,0,136,1,1,0,0.0000000,0.0000000,0.0000000,0,0,0,0,755418993474166
527,830822339,1000,1889,1889,2.8976898,0.01968,-1,-1,-1,0,0,0,136,1,1,0,0.0000000,0.0000000,0.0000000,0,0,0,0,755418994723583
528,830823339,1000,1888,1888,2.8961558,-0.04124,-1,-1,-1,0,0,0,136,1,1,0,0.0000000,0.0000000,0.0000000,0,0,0,0,755418995660875
529,830824339,1000,1889,1889,2.8976898,0.02053,-1,-1,-1,0,0,0,136,1,1,0,0.0000000,0.0000000,0.0000000,0,0,0,0,755418996685166
530,830825339,1000,1888,1888,2.8961558,-0.04042,-1,-1,-1,0,0,0,136,1,1,0,0.0000000,0.0000000,0.0000000,0,0,0,0,755418997495375
531,830826339,1000,1888,1888,2.8961558,-0.03884,-1,-1,-1,0,0,0,136,1,1,0,0.0000000,0.0000000,0.0000000,0,0,0,0,755418998446958
532,830827339,1000,1889,1889,2.8976898,0.02283,-1,-1,-1,0,0,0,136,1,1,0,0.0000000,0.0000000,0.0000000,0,0,0,0,755418999433708
533,830828339,1000,1889,1889,2.8976898,0.02194,-1,-1,-1,0,0,0,136,1,1,0,0.0000000,0.0000000,0.0000000,0,0,0,0,755419000437166
534,830829339,1000,1889,1889,2.8976898,0.02108,-1,-1,-1,0,0,0,136,1,1,0,0.0000000,0.0000000,0.0000000,0,0,0,0,755419001512583
535,830830339,1000,1888,1888,2.8961558,-0.03990,-1,-1,-1,0,0,0,136,1,1,0,0.0000000,0.0000000,0.0000000,0,0,0,0,755419002566875
536,830831339,1000,1889,1889,2.8976898,0.02181,-1,-1,-1,0,0,0,136,1,1,0,0.0000000,0.0000000,0.0000000,0,0,0,0,755419003512166
537,830832339,1000,1889,1889,2.8976898,0.02096,-1,-1,-1,0,0,0,136,1,1,0,0.0000000,0.0000000,0.0000000,0,0,0,0,755419004492625
538,830833339,1000,1889,1889,2.8976898,0.02014,-1,-1,-1,0,0,0,136,1,1,0,0.0000000,0.0000000,0.0000000,0,0,0,0,755419005509708
539,830834339,1000,1889,1889,2.8976898,0.01935,-1,-1,-1,0,0,0,136,1,1,0,0.0000000,0.0000000,0.0000000,0,0,0,0,755419006481125
540,830835339,1000,1889,1889,2.8976898,0.01859,-1,-1,-1,0,0,0,136,1,1,0,0.0000000,0.0000000,0.0000000,0,0,0,0,755419007458041
541,830836339,1000,1888,1888,2.8961558,-0.04229,-1,-1,-1,0,0,0,136,1,1,0,0.0000000,0.0000000,0.0000000,0,0,0,0,755419008459041
542,830837339,1000,1888,1888,2.8961558,-0.04063,-1,-1,-1,0,0,0,136,1,1,0,0.0000000,0.0000000,0.0000000,0,0,0,0,755419009452541
543,830838339,1000,1888,1888,2.8961558,-0.03904,-1,-1,-1,0,0,0,136,1,1,0,0.0000000,0.0000000,0.0000000,0,0,0,0,755419010449333
544,830839339,1000,1888,1888,2.8961558,-0.03751,-1,-1,-1,0,0,0,136,1,1,0,0.0000000,0.0000000,0.0000000,0,0,0,0,755419011439666
545,830840339,1000,1888,1888,2.8961558,-0.03604,-1,-1,-1,0,0,0,136,1,1,0,0.0000000,0.0000000,0.0000000,0,0,0,0,755419012536875
546,830841339,1000,1889,1889,2.8976898,0.02553,-1,-1,-1,0,0,0,136,1,1,0,0.0000000,0.0000000,0.0000000,0,0,0,0,755419013477916
547,830842339,1000,1889,1889,2.8976898,0.02452,-1,-1,-1,0,0,0,136,1,1,0,0.0000000,0.0000000,0.0000000,0,0,0,0,755419014447041
548,830843339,1000,1889,1889,2.8976898,0.02356,-1,-1,-1,0,0,0,136,1,1,0,0.0000000,0.0000000,0.0000000,0,0,0,0,755419015443958
549,830844339,1000,1889,1889,2.8976898,0.02264,-1,-1,-1,0,0,0,136,1,1,0,0.0000000,0.0000000,0.0000000,0,0,0,0,755419016454125
550,830845339,1000,1888,1888,2.8961558,-0.03840,-1,-1,-1,0,0,0,136,1,1,0,0.0000000,0.0000000,0.0000000,0,0,0,0,755419017453833
551,830846339,1000,1889,1889,2.8976898,0.02326,-1,-1,-1,0,0,0,136,1,1,0,0.0000000,0.0000000,0.0000000,0,0,0,0,755419018471625
552,830847339,1000,1888,1888,2.8961558,-0.03780,-1,-1,-1,0,0,0,136,1,1,0,0.0000000,0.0000000,0.0000000,0,0,0,0,755419019494833
553,830848339,1000,1889,1889,2.8976898,0.02383,-1,-1,-1,0,0,0,136,1,1,0,0.0000000,0.0000000,0.0000000,0,0,0,0,755419020482041
554,830849339,1000,1888,1888,2.8961558,-0.03726,-1,-1,-1,0,0,0,136,1,1,0,0.0000000,0.0000000,0.0000000,0,0,0,0,755419021454708
555,830850339,1000,1889,1889,2.8976898,0.02435,-1,-1,-1,0,0,0,136,1,1,0,0.0000000,0.0000000,0.0000000,0,0,0,0,755419022442708
556,830851339,1000,1888,1888,2.8961558,-0.03675,-1,-1,-1,0,0,0,136,1,1,0,0.0000000,0.0000000,0.0000000,0,0,0,0,755419023456666
557,830852339,1000,1889,1889,2.8976898,0.02484,39,100,2101,0,0,0,136,1,1,0,0.0000000,0.0000000,0.0000000,0,0,0,0,755419024818916
558,830853339,1000,1889,1889,2.8976898,0.02387,-1,-1,-1,0,0,0,136,1,1,0,0.0000000,0.0000000,0.0000000,0,0,0,0,755419025417375
559,830854339,1000,1889,1889,2.8976898,0.02293,-1,-1,-1,0,0,0,136,1,1,0,0.0000000,0.0000000,0.0000000,0,0,0,0,755419026666291
560,830855339,1000,1889,1889,2.8976898,0.02203,-1,-1,-1,0,0,0,136,1,1,0,0.0000000,0.0000000,0.0000000,0,0,0,0,755419027699041
561,830856339,1000,1888,1888,2.8961558,-0.03898,-1,-1,-1,0,0,0,136,1,1,0,0.0000000,0.0000000,0.0000000,0,0,0,0,755419028693708
562,830857339,1000,1889,1889,2.8976898,0.02270,-1,-1,-1,0,0,0,136,1,1,0,0.0000000,0.0000000,0.0000000,0,0,0,0,755419029671833
563,830858339,1000,1888,1888,2.8961558,-0.03834,-1,-1,-1,0,0,0,136,1,1,0,0.0000000,0.0000000,0.0000000,0,0,0,0,755419030622291
564,830859339,1000,1888,1888,2.8961558,-0.03684,-1,-1,-1,0,0,0,136,1,1,0,0.0000000,0.0000000,0.0000000,0,0,0,0,755419031521166
565,830860339,1000,1888,1888,2.8961558,-0.03539,-1,-1,-1,0,0,0,136,1,1,0,0.0000000,0.0000000,0.0000000,0,0,0,0,755419032514916
566,830861339,1000,1888,1888,2.8961558,-0.03401,-1,-1,-1,0,0,0,136,1,1,0,0.0000000,0.0000000,0.0000000,0,0,0,0,755419033512833
567,830862339,1000,1889,1889,2.8976898,0.02747,-1,-1,-1,0,0,0,136,1,1,0,0.0000000,0.0000000,0.0000000,0,0,0,0,755419034502375
568,830863339,1000,1889,1889,2.8976898,0.02640,-1,-1,-1,0,0,0,136,1,1,0,0.0000000,0.0000000,0.0000000,0,0,0,0,755419035508250
569,830864339,1000,1889,1889,2.8976898,0.02536,-1,-1,-1,0,0,0,136,1,1,0,0.0000000,0.0000000,0.0000000,0,0,0,0,755419036534625
570,830865339,1000,1888,1888,2.8961558,-0.03578,-1,-1,-1,0,0,0,136,1,1,0,0.0000000,0.0000000,0.0000000,0,0,0,0,755419037505958
571,830866339,1000,1888,1888,2.8961558,-0.03438,-1,-1,-1,0,0,0,136,1,1,0,0.0000000,0.0000000,0.0000000,0,0,0,0,755419038527666
572,830867339,1000,1888,1888,2.8961558,-0.03303,-1,-1,-1,0,0,0,136,1,1,0,0.0000000,0.0000000,0.0000000,0,0,0,0,755419039486000
573,830868339,1000,1889,1889,2.8976898,0.02841,-1,-1,-1,0,0,0,136,1,1,0,0.0000000,0.0000000,0.0000000,0,0,0,0,755419040472250
574,830869339,1000,1889,1889,2.8976898,0.02730,-1,-1,-1,0,0,0,136,1,1,0,0.0000000,0.0000000,0.0000000,0,0,0,0,755419041507000
575,830870339,1000,1889,1889,2.8976898,0.02623,-1,-1,-1,0,0,0,135,1,1,0,0.0000000,0.0000000,0.0000000,0,0,0,0,755419042482291
576,830871339,1000,1888,1888,2.8961558,-0.03495,-1,-1,-1,0,0,0,136,1,1,0,0.0000000,0.0000000,0.0000000,0,0,0,0,755419043495166
577,830872339,1000,1889,1889,2.8976898,0.02657,-1,-1,-1,0,0,0,136,1,1,0,0.0000000,0.0000000,0.0000000,0,0,0,0,755419044459000
578,830873339,1000,1888,1888,2.8961558,-0.03462,-1,-1,-1,0,0,0,136,1,1,0,0.0000000,0.0000000,0.0000000,0,0,0,0,755419045393125
579,830874339,1000,1889,1889,2.8976898,0.02689,-1,-1,-1,0,0,0,136,1,1,0,0.0000000,0.0000000,0.0000000,0,0,0,0,755419046401000
580,830875339,1000,1888,1888,2.8961558,-0.03432,-1,-1,-1,0,0,0,136,1,1,0,0.0000000,0.0000000,0.0000000,0,0,0,0,755419047376375
581,830876339,1000,1888,1888,2.8961558,-0.03297,-1,-1,-1,0,0,0,136,1,1,0,0.0000000,0.0000000,0.0000000,0,0,0,0,755419048358750
582,830877339,1000,1888,1888,2.8961558,-0.03168,-1,-1,-1,0,0,0,135,1,1,0,0.0000000,0.0000000,0.0000000,0,0,0,0,755419049469333
583,830878339,1000,1888,1888,2.8961558,-0.03044,-1,-1,-1,0,0,0,136,1,1,0,0.0000000,0.0000000,0.0000000,0,0,0,0,755419050462500
584,830879339,1000,1889,1889,2.8976898,0.03091,-1,-1,-1,0,0,0,136,1,1,0,0.0000000,0.0000000,0.0000000,0,0,0,0,755419051506166
585,830880339,1000,1888,1888,2.8961558,-0.03045,-1,-1,-1,0,0,0,136,1,1,0,0.0000000,0.0000000,0.0000000,0,0,0,0,755419052541791
586,830881339,1000,1889,1889,2.8976898,0.03089,-1,-1,-1,0,0,0,136,1,1,0,0.0000000,0.0000000,0.0000000,0,0,0,0,755419053533875
587,830882339,1000,1889,1889,2.8976898,0.02968,-1,-1,-1,0,0,0,136,1,1,0,0.0000000,0.0000000,0.0000000,0,0,0,0,755419054475916
588,830883339,1000,1888,1888,2.8961558,-0.03163,-1,-1,-1,0,0,0,136,1,1,0,0.0000000,0.0000000,0.0000000,0,0,0,0,755419055443708
589,830884339,1000,1888,1888,2.8961558,-0.03039,-1,-1,-1,0,0,0,136,1,1,0,0.0000000,0.0000000,0.0000000,0,0,0,0,755419056440250
590,830885339,1000,1889,1889,2.8976898,0.03095,-1,-1,-1,0,0,0,136,1,1,0,0.0000000,0.0000000,0.0000000,0,0,0,0,755419057652541
591,830886339,1000,1888,1888,2.8961558,-0.03042,-1,-1,-1,0,0,0,136,1,1,0,0.0000000,0.0000000,0.0000000,0,0,0,0,755419058672291
592,830887339,1000,1888,1888,2.8961558,-0.02922,-1,-1,-1,0,0,0,136,1,1,0,0.0000000,0.0000000,0.0000000,0,0,0,0,755419059375416
593,830888339,1000,1887,1887,2.8946218,-0.08823,-1,-1,-1,0,0,0,136,1,1,0,0.0000000,0.0000000,0.0000000,0,0,0,0,755419060699416
594,830889339,1000,1888,1888,2.8961558,-0.02462,-1,-1,-1,0,0,0,136,1,1,0,0.0000000,0.0000000,0.0000000,0,0,0,0,755419061693291
595,830890339,1000,1887,1887,2.8946218,-0.08380,-1,-1,-1,0,0,0,136,1,1,0,0.0000000,0.0000000,0.0000000,0,0,0,0,755419062480375
596,830891339,1000,1887,1887,2.8946218,-0.08051,-1,-1,-1,0,0,0,136,1,1,0,0.0000000,0.0000000,0.0000000,0,0,0,0,755419063442750
597,830892339,1000,1887,1887,2.8946218,-0.07736,-1,-1,-1,0,0,0,136,1,1,0,0.0000000,0.0000000,0.0000000,0,0,0,0,755419064426541
598,830893339,1000,1887,1887,2.8946218,-0.07432,-1,-1,-1,0,0,0,136,1,1,0,0.0000000,0.0000000,0.0000000,0,0,0,0,755419065434833
599,830894339,1000,1887,1887,2.8946218,-0.07141,-1,-1,-1,0,0,0,136,1,1,0,0.0000000,0.0000000,0.0000000,0,0,0,0,755419066421916
600,830895339,1000,1887,1887,2.8946218,-0.06861,-1,-1,-1,0,0,0,136,1,1,0,0.0000000,0.0000000,0.0000000,0,0,0,0,755419067444458
601,830896339,1000,1887,1887,2.8946218,-0.06592,-1,-1,-1,0,0,0,136,1,1,0,0.0000000,0.0000000,0.0000000,0,0,0,0,755419068445041
602,830897339,1000,1887,1887,2.8946218,-0.06334,-1,-1,-1,0,0,0,136,1,1,0,0.0000000,0.0000000,0.0000000,0,0,0,0,755419069430166
603,830898339,1000,1887,1887,2.8946218,-0.06085,-1,-1,-1,0,0,0,136,1,1,0,0.0000000,0.0000000,0.0000000,0,0,0,0,755419070430250
604,830899339,1000,1887,1887,2.8946218,-0.05847,-1,-1,-1,0,0,0,136,1,1,0,0.0000000,0.0000000,0.0000000,0,0,0,0,755419071423041
605,830900339,1000,1887,1887,2.8946218,-0.05617,-1,-1,-1,0,0,0,136,1,1,0,0.0000000,0.0000000,0.0000000,0,0,0,0,755419072427291
606,830901339,1000,1887,1887,2.8946218,-0.05397,-1,-1,-1,0,0,0,136,1,1,0,0.0000000,0.0000000,0.0000000,0,0,0,0,755419073428833
607,830902339,1000,1887,1887,2.8946218,-0.05185,39,100,2093,0,0,0,136,1,1,0,0.0000000,0.0000000,0.0000000,0,0,0,0,755419074880375
608,830903339,1000,1887,1887,2.8946218,-0.04982,-1,-1,-1,0,0,0,136,1,1,0,0.0000000,0.0000000,0.0000000,0,0,0,0,755419075490375
609,830904339,1000,1887,1887,2.8946218,-0.04787,-1,-1,-1,0,0,0,136,1,1,0,0.0000000,0.0000000,0.0000000,0,0,0,0,755419076449416
610,830905339,1000,1887,1887,2.8946218,-0.04599,-1,-1,-1,0,0,0,136,1,1,0,0.0000000,0.0000000,0.0000000,0,0,0,0,755419077431666
611,830906339,1000,1887,1887,2.8946218,-0.04419,-1,-1,-1,0,0,0,136,1,1,0,0.0000000,0.0000000,0.0000000,0,0,0,0,755419078427208
612,830907339,1000,1887,1887,2.8946218,-0.04245,-1,-1,-1,0,0,0,136,1,1,0,0.0000000,0.0000000,0.0000000,0,0,0,0,755419079422708
613,830908339,1000,1887,1887,2.8946218,-0.04079,-1,-1,-1,0,0,0,136,1,1,0,0.0000000,0.0000000,0.0000000,0,0,0,0,755419080447791
614,830909339,1000,1887,1887,2.8946218,-0.03919,-1,-1,-1,0,0,0,136,1,1,0,0.0000000,0.0000000,0.0000000,0,0,0,0,755419081425958
615,830910339,1000,1886,1886,2.8930879,-0.09780,-1,-1,-1,0,0,0,136,1,1,0,0.0000000,0.0000000,0.0000000,0,0,0,0,755419082429125
616,830911339,1000,1887,1887,2.8946218,-0.03382,-1,-1,-1,0,0,0,136,1,1,0,0.0000000,0.0000000,0.0000000,0,0,0,0,755419083423333
617,830912339,1000,1887,1887,2.8946218,-0.03249,-1,-1,-1,0,0,0,136,1,1,0,0.0000000,0.0000000,0.0000000,0,0,0,0,755419084364625
618,830913339,1000,1887,1887,2.8946218,-0.03122,-1,-1,-1,0,0,0,136,1,1,0,0.0000000,0.0000000,0.0000000,0,0,0,0,755419085433000
619,830914339,1000,1887,1887,2.8946218,-0.02999,-1,-1,-1,0,0,0,136,1,1,0,0.0000000,0.0000000,0.0000000,0,0,0,0,755419086431750
620,830915339,1000,1886,1886,2.8930879,-0.08897,-1,-1,-1,0,0,0,136,1,1,0,0.0000000,0.0000000,0.0000000,0,0,0,0,755419087421250
621,830916339,1000,1887,1887,2.8946218,-0.02533,-1,-1,-1,0,0,0,136,1,1,0,0.0000000,0.0000000,0.0000000,0,0,0,0,755419088431458
622,830917339,1000,1887,1887,2.8946218,-0.02434,-1,-1,-1,0,0,0,136,1,1,0,0.0000000,0.0000000,0.0000000,0,0,0,0,755419089654583
623,830918339,1000,1887,1887,2.8946218,-0.02338,-1,-1,-1,0,0,0,136,1,1,0,0.0000000,0.0000000,0.0000000,0,0,0,0,755419090657916
624,830919339,1000,1886,1886,2.8930879,-0.08261,-1,-1,-1,0,0,0,136,1,1,0,0.0000000,0.0000000,0.0000000,0,0,0,0,755419091608125
625,830920339,1000,1887,1887,2.8946218,-0.01923,-1,-1,-1,0,0,0,136,1,1,0,0.0000000,0.0000000,0.0000000,0,0,0,0,755419092429833
626,830921339,1000,1887,1887,2.8946218,-0.01847,-1,-1,-1,0,0,0,136,1,1,0,0.0000000,0.0000000,0.0000000,0,0,0,0,755419093433208
627,830922339,1000,1886,1886,2.8930879,-0.07790,-1,-1,-1,0,0,0,136,1,1,0,0.0000000,0.0000000,0.0000000,0,0,0,0,755419094443791
628,830923339,1000,1887,1887,2.8946218,-0.01469,-1,-1,-1,0,0,0,136,1,1,0,0.0000000,0.0000000,0.0000000,0,0,0,0,755419095429583
629,830924339,1000,1886,1886,2.8930879,-0.07427,-1,-1,-1,0,0,0,136,1,1,0,0.0000000,0.0000000,0.0000000,0,0,0,0,755419096434791
630,830925339,1000,1886,1886,2.8930879,-0.07135,-1,-1,-1,0,0,0,136,1,1,0,0.0000000,0.0000000,0.0000000,0,0,0,0,755419097419041
631,830926339,1000,1886,1886,2.8930879,-0.06856,-1,-1,-1,0,0,0,136,1,1,0,0.0000000,0.0000000,0.0000000,0,0,0,0,755419098421250
632,830927339,1000,1886,1886,2.8930879,-0.06587,-1,-1,-1,0,0,0,136,1,1,0,0.0000000,0.0000000,0.0000000,0,0,0,0,755419099422083
633,830928339,1000,1886,1886,2.8930879,-0.06329,-1,-1,-1,0,0,0,136,1,1,0,0.0000000,0.0000000,0.0000000,0,0,0,0,755419100425833
634,830929339,1000,1886,1886,2.8930879,-0.06080,-1,-1,-1,0,0,0,136,1,1,0,0.0000000,0.0000000,0.0000000,0,0,0,0,755419101431916
635,830930339,1000,1886,1886,2.8930879,-0.05842,-1,-1,-1,0,0,0,136,1,1,0,0.0000000,0.0000000,0.0000000,0,0,0,0,755419102454750
636,830931339,1000,1886,1886,2.8930879,-0.05613,-1,-1,-1,0,0,0,136,1,1,0,0.0000000,0.0000000,0.0000000,0,0,0,0,755419103499708
637,830932339,1000,1886,1886,2.8930879,-0.05393,-1,-1,-1,0,0,0,136,1,1,0,0.0000000,0.0000000,0.0000000,0,0,0,0,755419104455791
638,830933339,1000,1886,1886,2.8930879,-0.05181,-1,-1,-1,0,0,0,136,1,1,0,0.0000000,0.0000000,0.0000000,0,0,0,0,755419105469333
639,830934339,1000,1886,1886,2.8930879,-0.04978,-1,-1,-1,0,0,0,136,1,1,0,0.0000000,0.0000000,0.0000000,0,0,0,0,755419106478791
640,830935339,1000,1886,1886,2.8930879,-0.04783,-1,-1,-1,0,0,0,136,1,1,0,0.0000000,0.0000000,0.0000000,0,0,0,0,755419107522083
641,830936339,1000,1886,1886,2.8930879,-0.04595,-1,-1,-1,0,0,0,136,1,1,0,0.0000000,0.0000000,0.0000000,0,0,0,0,755419108497750
642,830937339,1000,1887,1887,2.8946218,0.01600,-1,-1,-1,0,0,0,136,1,1,0,0.0000000,0.0000000,0.0000000,0,0,0,0,755419109425708
643,830938339,1000,1886,1886,2.8930879,-0.04478,-1,-1,-1,0,0,0,136,1,1,0,0.0000000,0.0000000,0.0000000,0,0,0,0,755419110388208
644,830939339,1000,1886,1886,2.8930879,-0.04302,-1,-1,-1,0,0,0,136,1,1,0,0.0000000,0.0000000,0.0000000,0,0,0,0,755419111437250
645,830940339,1000,1886,1886,2.8930879,-0.04134,-1,-1,-1,0,0,0,135,1,1,0,0.0000000,0.0000000,0.0000000,0,0,0,0,755419112395083
646,830941339,1000,1886,1886,2.8930879,-0.03972,-1,-1,-1,0,0,0,136,1,1,0,0.0000000,0.0000000,0.0000000,0,0,0,0,755419113451750
647,830942339,1000,1886,1886,2.8930879,-0.03816,-1,-1,-1,0,0,0,136,1,1,0,0.0000000,0.0000000,0.0000000,0,0,0,0,755419114444500
648,830943339,1000,1886,1886,2.8930879,-0.03666,-1,-1,-1,0,0,0,136,1,1,0,0.0000000,0.0000000,0.0000000,0,0,0,0,755419115489000
649,830944339,1000,1886,1886,2.8930879,-0.03523,-1,-1,-1,0,0,0,136,1,1,0,0.0000000,0.0000000,0.0000000,0,0,0,0,755419116374583
650,830945339,1000,1886,1886,2.8930879,-0.03384,-1,-1,-1,0,0,0,136,1,1,0,0.0000000,0.0000000,0.0000000,0,0,0,0,755419117513500
651,830946339,1000,1886,1886,2.8930879,-0.03252,-1,-1,-1,0,0,0,136,1,1,0,0.0000000,0.0000000,0.0000000,0,0,0,0,755419118666375
652,830947339,1000,1886,1886,2.8930879,-0.03124,-1,-1,-1,0,0,0,136,1,1,0,0.0000000,0.0000000,0.0000000,0,0,0,0,755419119670250
653,830948339,1000,1886,1886,2.8930879,-0.03002,-1,-1,-1,0,0,0,136,1,1,0,0.0000000,0.0000000,0.0000000,0,0,0,0,755419120678583
654,830949339,1000,1886,1886,2.8930879,-0.02884,-1,-1,-1,0,0,0,136,1,1,0,0.0000000,0.0000000,0.0000000,0,0,0,0,755419121730541
655,830950339,1000,1886,1886,2.8930879,-0.02771,-1,-1,-1,0,0,0,136,1,1,0,0.0000000,0.0000000,0.0000000,0,0,0,0,755419122612166
656,830951339,1000,1886,1886,2.8930879,-0.02662,-1,-1,-1,0,0,0,136,1,1,0,0.0000000,0.0000000,0.0000000,0,0,0,0,755419123795416
657,830952339,1000,1886,1886,2.8930879,-0.02558,39,100,2091,0,0,0,136,1,1,0,0.0000000,0.0000000,0.0000000,0,0,0,0,755419125228583
658,830953339,1000,1886,1886,2.8930879,-0.02458,-1,-1,-1,0,0,0,136,1,1,0,0.0000000,0.0000000,0.0000000,0,0,0,0,755419126237208
659,830954339,1000,1886,1886,2.8930879,-0.02361,-1,-1,-1,0,0,0,136,1,1,0,0.0000000,0.0000000,0.0000000,0,0,0,0,755419127168375
660,830955339,1000,1886,1886,2.8930879,-0.02269,-1,-1,-1,0,0,0,136,1,1,0,0.0000000,0.0000000,0.0000000,0,0,0,0,755419127878916
661,830956339,1000,1886,1886,2.8930879,-0.02180,-1,-1,-1,0,0,0,136,1,1,0,0.0000000,0.0000000,0.0000000,0,0,0,0,755419128541333
662,830957339,1000,1886,1886,2.8930879,-0.02094,-1,-1,-1,0,0,0,136,1,1,0,0.0000000,0.0000000,0.0000000,0,0,0,0,755419129535541
663,830958339,1000,1887,1887,2.8946218,0.04003,-1,-1,-1,0,0,0,136,1,1,0,0.0000000,0.0000000,0.0000000,0,0,0,0,755419130565291
664,830959339,1000,1886,1886,2.8930879,-0.02169,-1,-1,-1,0,0,0,136,1,1,0,0.0000000,0.0000000,0.0000000,0,0,0,0,755419131576708
665,830960339,1000,1886,1886,2.8930879,-0.02084,-1,-1,-1,0,0,0,136,1,1,0,0.0000000,0.0000000,0.0000000,0,0,0,0,755419132577625
666,830961339,1000,1886,1886,2.8930879,-0.02002,-1,-1,-1,0,0,0,136,1,1,0,0.0000000,0.0000000,0.0000000,0,0,0,0,755419133433416
667,830962339,1000,1886,1886,2.8930879,-0.01924,-1,-1,-1,0,0,0,136,1,1,0,0.0000000,0.0000000,0.0000000,0,0,0,0,755419134601041
668,830963339,1000,1886,1886,2.8930879,-0.01848,-1,-1,-1,0,0,0,136,1,1,0,0.0000000,0.0000000,0.0000000,0,0,0,0,755419135491291
669,830964339,1000,1886,1886,2.8930879,-0.01776,-1,-1,-1,0,0,0,136,1,1,0,0.0000000,0.0000000,0.0000000,0,0,0,0,755419136452125
670,830965339,1000,1886,1886,2.8930879,-0.01706,-1,-1,-1,0,0,0,136,1,1,0,0.0000000,0.0000000,0.0000000,0,0,0,0,755419137460833
671,830966339,1000,1886,1886,2.8930879,-0.01639,-1,-1,-1,0,0,0,136,1,1,0,0.0000000,0.0000000,0.0000000,0,0,0,0,755419138482333
672,830967339,1000,1886,1886,2.8930879,-0.01575,-1,-1,-1,0,0,0,136,1,1,0,0.0000000,0.0000000,0.0000000,0,0,0,0,755419139455583
673,830968339,1000,1886,1886,2.8930879,-0.01513,-1,-1,-1,0,0,0,135,1,1,0,0.0000000,0.0000000,0.0000000,0,0,0,0,755419140466958
674,830969339,1000,1886,1886,2.8930879,-0.01454,-1,-1,-1,0,0,0,136,1,1,0,0.0000000,0.0000000,0.0000000,0,0,0,0,755419141463791
675,830970339,1000,1886,1886,2.8930879,-0.01397,-1,-1,-1,0,0,0,136,1,1,0,0.0000000,0.0000000,0.0000000,0,0,0,0,755419142488375
676,830971339,1000,1886,1886,2.8930879,-0.01342,-1,-1,-1,0,0,0,136,1,1,0,0.0000000,0.0000000,0.0000000,0,0,0,0,755419143479291
677,830972339,1000,1886,1886,2.8930879,-0.01290,-1,-1,-1,0,0,0,136,1,1,0,0.0000000,0.0000000,0.0000000,0,0,0,0,755419144439958
678,830973339,1000,1886,1886,2.8930879,-0.01239,-1,-1,-1,0,0,0,136,1,1,0,0.0000000,0.0000000,0.0000000,0,0,0,0,755419145441708
679,830974339,1000,1886,1886,2.8930879,-0.01190,-1,-1,-1,0,0,0,136,1,1,0,0.0000000,0.0000000,0.0000000,0,0,0,0,755419146440041
680,830975339,1000,1886,1886,2.8930879,-0.01144,-1,-1,-1,0,0,0,135,1,1,0,0.0000000,0.0000000,0.0000000,0,0,0,0,755419147448250
681,830976339,1000,1886,1886,2.8930879,-0.01099,-1,-1,-1,0,0,0,136,1,1,0,0.0000000,0.0000000,0.0000000,0,0,0,0,755419148450208
682,830977339,1000,1886,1886,2.8930879,-0.01056,-1,-1,-1,0,0,0,136,1,1,0,0.0000000,0.0000000,0.0000000,0,0,0,0,755419149435208
683,830978339,1000,1886,1886,2.8930879,-0.01014,-1,-1,-1,0,0,0,136,1,1,0,0.0000000,0.0000000,0.0000000,0,0,0,0,755419150670958
684,830979339,1000,1886,1886,2.8930879,-0.00975,-1,-1,-1,0,0,0,136,1,1,0,0.0000000,0.0000000,0.0000000,0,0,0,0,755419151654125
685,830980339,1000,1887,1887,2.8946218,0.05078,-1,-1,-1,0,0,0,136,1,1,0,0.0000000,0.0000000,0.0000000,0,0,0,0,755419152657000
686,830981339,1000,1886,1886,2.8930879,-0.01136,-1,-1,-1,0,0,0,136,1,1,0,0.0000000,0.0000000,0.0000000,0,0,0,0,755419153456083
687,830982339,1000,1886,1886,2.8930879,-0.01091,-1,-1,-1,0,0,0,136,1,1,0,0.0000000,0.0000000,0.0000000,0,0,0,0,755419154486333
688,830983339,1000,1886,1886,2.8930879,-0.01048,-1,-1,-1,0,0,0,136,1,1,0,0.0000000,0.0000000,0.0000000,0,0,0,0,755419155440541
689,830984339,1000,1886,1886,2.8930879,-0.01007,-1,-1,-1,0,0,0,136,1,1,0,0.0000000,0.0000000,0.0000000,0,0,0,0,755419156432791
690,830985339,1000,1886,1886,2.8930879,-0.00968,-1,-1,-1,0,0,0,136,1,1,0,0.0000000,0.0000000,0.0000000,0,0,0,0,755419157436583
691,830986339,1000,1886,1886,2.8930879,-0.00930,-1,-1,-1,0,0,0,136,1,1,0,0.0000000,0.0000000,0.0000000,0,0,0,0,755419158456291
692,830987339,1000,1886,1886,2.8930879,-0.00893,-1,-1,-1,0,0,0,136,1,1,0,0.0000000,0.0000000,0.0000000,0,0,0,0,755419159449250
693,830988339,1000,1886,1886,2.8930879,-0.00858,-1,-1,-1,0,0,0,136,1,1,0,0.0000000,0.0000000,0.0000000,0,0,0,0,755419160438291
694,830989339,1000,1886,1886,2.8930879,-0.00825,-1,-1,-1,0,0,0,135,1,1,0,0.0000000,0.0000000,0.0000000,0,0,0,0,755419161431125
695,830990339,1000,1886,1886,2.8930879,-0.00792,-1,-1,-1,0,0,0,136,1,1,0,0.0000000,0.0000000,0.0000000,0,0,0,0,755419162465666
696,830991339,1000,1886,1886,2.8930879,-0.00761,-1,-1,-1,0,0,0,136,1,1,0,0.0000000,0.0000000,0.0000000,0,0,0,0,755419163473666
697,830992339,1000,1886,1886,2.8930879,-0.00731,-1,-1,-1,0,0,0,136,1,1,0,0.0000000,0.0000000,0.0000000,0,0,0,0,755419164465208
698,830993339,1000,1886,1886,2.8930879,-0.00703,-1,-1,-1,0,0,0,136,1,1,0,0.0000000,0.0000000,0.0000000,0,0,0,0,755419165453916
699,830994339,1000,1886,1886,2.8930879,-0.00675,-1,-1,-1,0,0,0,136,1,1,0,0.0000000,0.0000000,0.0000000,0,0,0,0,755419166527416
700,830995339,1000,1886,1886,2.8930879,-0.00649,-1,-1,-1,0,0,0,136,1,1,0,0.0000000,0.0000000,0.0000000,0,0,0,0,755419167470041
701,830996339,1000,1886,1886,2.8930879,-0.00623,-1,-1,-1,0,0,0,136,1,1,0,0.0000000,0.0000000,0.0000000,0,0,0,0,755419168439583
702,830997339,1000,1886,1886,2.8930879,-0.00599,-1,-1,-1,0,0,0,136,1,1,0,0.0000000,0.0000000,0.0000000,0,0,0,0,755419169445166
703,830998339,1000,1886,1886,2.8930879,-0.00575,-1,-1,-1,0,0,0,136,1,1,0,0.0000000,0.0000000,0.0000000,0,0,0,0,755419170496041
704,830999339,1000,1886,1886,2.8930879,-0.00553,-1,-1,-1,0,0,0,136,1,1,0,0.0000000,0.0000000,0.0000000,0,0,0,0,755419171459541
705,831000339,1000,1886,1886,2.8930879,-0.00531,-1,-1,-1,0,0,0,136,1,1,0,0.0000000,0.0000000,0.0000000,0,0,0,0,755419172440416
706,831001339,1000,1886,1886,2.8930879,-0.00510,-1,-1,-1,0,0,0,136,1,1,0,0.0000000,0.0000000,0.0000000,0,0,0,0,755419173495416
707,831002339,1000,1886,1886,2.8930879,-0.00490,39,100,2090,0,0,0,136,1,1,0,0.0000000,0.0000000,0.0000000,0,0,0,0,755419174960166
708,831003339,1000,1886,1886,2.8930879,-0.00471,-1,-1,-1,0,0,0,136,1,1,0,0.0000000,0.0000000,0.0000000,0,0,0,0,755419175579333
709,831004339,1000,1886,1886,2.8930879,-0.00453,-1,-1,-1,0,0,0,136,1,1,0,0.0000000,0.0000000,0.0000000,0,0,0,0,755419176451291
710,831005339,1000,1886,1886,2.8930879,-0.00435,-1,-1,-1,0,0,0,136,1,1,0,0.0000000,0.0000000,0.0000000,0,0,0,0,755419177443916
711,831006339,1000,1886,1886,2.8930879,-0.00418,-1,-1,-1,0,0,0,136,1,1,0,0.0000000,0.0000000,0.0000000,0,0,0,0,755419178434500
712,831007339,1000,1886,1886,2.8930879,-0.00401,-1,-1,-1,0,0,0,136,1,1,0,0.0000000,0.0000000,0.0000000,0,0,0,0,755419179451458
713,831008339,1000,1886,1886,2.8930879,-0.00386,-1,-1,-1,0,0,0,136,1,1,0,0.0000000,0.0000000,0.0000000,0,0,0,0,755419180438666
714,831009339,1000,1886,1886,2.8930879,-0.00370,-1,-1,-1,0,0,0,136,1,1,0,0.0000000,0.0000000,0.0000000,0,0,0,0,755419181432875
715,831010339,1000,1886,1886,2.8930879,-0.00356,-1,-1,-1,0,0,0,135,1,1,0,0.0000000,0.0000000,0.0000000,0,0,0,0,755419182432791
716,831011339,1000,1886,1886,2.8930879,-0.00342,-1,-1,-1,0,0,0,136,1,1,0,0.0000000,0.0000000,0.0000000,0,0,0,0,755419183441041
717,831012339,1000,1886,1886,2.8930879,-0.00329,-1,-1,-1,0,0,0,136,1,1,0,0.0000000,0.0000000,0.0000000,0,0,0,0,755419184694083
718,831013339,1000,1886,1886,2.8930879,-0.00316,-1,-1,-1,0,0,0,136,1,1,0,0.0000000,0.0000000,0.0000000,0,0,0,0,755419185668250
719,831014339,1000,1886,1886,2.8930879,-0.00303,-1,-1,-1,0,0,0,136,1,1,0,0.0000000,0.0000000,0.0000000,0,0,0,0,755419186618416
720,831015339,1000,1886,1886,2.8930879,-0.00291,-1,-1,-1,0,0,0,136,1,1,0,0.0000000,0.0000000,0.0000000,0,0,0,0,755419187486625
721,831016339,1000,1886,1886,2.8930879,-0.00280,-1,-1,-1,0,0,0,136,1,1,0,0.0000000,0.0000000,0.0000000,0,0,0,0,755419188449750
722,831017339,1000,1886,1886,2.8930879,-0.00269,-1,-1,-1,0,0,0,136,1,1,0,0.0000000,0.0000000,0.0000000,0,0,0,0,755419189442208
723,831018339,1000,1886,1886,2.8930879,-0.00258,-1,-1,-1,0,0,0,136,1,1,0,0.0000000,0.0000000,0.0000000,0,0,0,0,755419190431041
724,831019339,1000,1886,1886,2.8930879,-0.00248,-1,-1,-1,0,0,0,136,1,1,0,0.0000000,0.0000000,0.0000000,0,0,0,0,755419191422000
725,831020339,1000,1886,1886,2.8930879,-0.00239,-1,-1,-1,0,0,0,136,1,1,0,0.0000000,0.0000000,0.0000000,0,0,0,0,755419192482375
726,831021339,1000,1886,1886,2.8930879,-0.00229,-1,-1,-1,0,0,0,136,1,1,0,0.0000000,0.0000000,0.0000000,0,0,0,0,755419193457791
727,831022339,1000,1886,1886,2.8930879,-0.00220,-1,-1,-1,0,0,0,136,1,1,0,0.0000000,0.0000000,0.0000000,0,0,0,0,755419194434250
728,831023339,1000,1886,1886,2.8930879,-0.00212,-1,-1,-1,0,0,0,136,1,1,0,0.0000000,0.0000000,0.0000000,0,0,0,0,755419195432083
729,831024339,1000,1886,1886,2.8930879,-0.00203,-1,-1,-1,0,0,0,135,1,1,0,0.0000000,0.0000000,0.0000000,0,0,0,0,755419196423125
730,831025339,1000,1886,1886,2.8930879,-0.00195,-1,-1,-1,0,0,0,136,1,1,0,0.0000000,0.0000000,0.0000000,0,0,0,0,755419197439125
731,831026339,1000,1886,1886,2.8930879,-0.00188,-1,-1,-1,0,0,0,136,1,1,0,0.0000000,0.0000000,0.0000000,0,0,0,0,755419198442750
732,831027339,1000,1886,1886,2.8930879,-0.00180,-1,-1,-1,0,0,0,136,1,1,0,0.0000000,0.0000000,0.0000000,0,0,0,0,755419199435458
733,831028339,1000,1886,1886,2.8930879,-0.00173,-1,-1,-1,0,0,0,136,1,1,0,0.0000000,0.0000000,0.0000000,0,0,0,0,755419200438541
734,831029339,1000,1886,1886,2.8930879,-0.00166,-1,-1,-1,0,0,0,136,1,1,0,0.0000000,0.0000000,0.0000000,0,0,0,0,755419201463750
735,831030339,1000,1886,1886,2.8930879,-0.00160,-1,-1,-1,0,0,0,136,1,1,0,0.0000000,0.0000000,0.0000000,0,0,0,0,755419202430333
736,831031339,1000,1886,1886,2.8930879,-0.00154,-1,-1,-1,0,0,0,135,1,1,0,0.0000000,0.0000000,0.0000000,0,0,0,0,755419203690791
737,831032339,1000,1886,1886,2.8930879,-0.00148,-1,-1,-1,0,0,0,136,1,1,0,0.0000000,0.0000000,0.0000000,0,0,0,0,755419204704333
738,831033339,1000,1886,1886,2.8930879,-0.00142,-1,-1,-1,0,0,0,136,1,1,0,0.0000000,0.0000000,0.0000000,0,0,0,0,755419205721375
739,831034339,1000,1886,1886,2.8930879,-0.00136,-1,-1,-1,0,0,0,136,1,1,0,0.0000000,0.0000000,0.0000000,0,0,0,0,755419206561833
740,831035339,1000,1886,1886,2.8930879,-0.00131,-1,-1,-1,0,0,0,136,1,1,0,0.0000000,0.0000000,0.0000000,0,0,0,0,755419207470458
741,831036339,1000,1886,1886,2.8930879,-0.00126,-1,-1,-1,0,0,0,136,1,1,0,0.0000000,0.0000000,0.0000000,0,0,0,0,755419208489458
742,831037339,1000,1886,1886,2.8930879,-0.00121,-1,-1,-1,0,0,0,136,1,1,0,0.0000000,0.0000000,0.0000000,0,0,0,0,755419209479916
743,831038339,1000,1886,1886,2.8930879,-0.00116,-1,-1,-1,0,0,0,136,1,1,0,0.0000000,0.0000000,0.0000000,0,0,0,0,755419210439958
744,831039339,1000,1886,1886,2.8930879,-0.00112,-1,-1,-1,0,0,0,136,1,1,0,0.0000000,0.0000000,0.0000000,0,0,0,0,755419211446416
745,831040339,1000,1886,1886,2.8930879,-0.00107,-1,-1,-1,0,0,0,136,1,1,0,0.0000000,0.0000000,0.0000000,0,0,0,0,755419212444500
746,831041339,1000,1886,1886,2.8930879,-0.00103,-1,-1,-1,0,0,0,136,1,1,0,0.0000000,0.0000000,0.0000000,0,0,0,0,755419213444708
747,831042339,1000,1886,1886,2.8930879,-0.00099,-1,-1,-1,0,0,0,136,1,1,0,0.0000000,0.0000000,0.0000000,0,0,0,0,755419214440166
748,831043339,1000,1886,1886,2.8930879,-0.00095,-1,-1,-1,0,0,0,136,1,1,0,0.0000000,0.0000000,0.0000000,0,0,0,0,755419215447875
749,831044339,1000,1886,1886,2.8930879,-0.00091,-1,-1,-1,0,0,0,136,1,1,0,0.0000000,0.0000000,0.0000000,0,0,0,0,755419216471791
750,831045339,1000,1886,1886,2.8930879,-0.00088,-1,-1,-1,0,0,0,136,1,1,0,0.0000000,0.0000000,0.0000000,0,0,0,0,755419217473500
751,831046339,1000,1886,1886,2.8930879,-0.00084,-1,-1,-1,0,0,0,136,1,1,0,0.0000000,0.0000000,0.0000000,0,0,0,0,755419218450750
752,831047339,1000,1886,1886,2.8930879,-0.00081,-1,-1,-1,0,0,0,136,1,1,0,0.0000000,0.0000000,0.0000000,0,0,0,0,755419219464208
753,831048339,1000,1886,1886,2.8930879,-0.00078,-1,-1,-1,0,0,0,136,1,1,0,0.0000000,0.0000000,0.0000000,0,0,0,0,755419220459291
754,831049339,1000,1886,1886,2.8930879,-0.00075,-1,-1,-1,0,0,0,136,1,1,0,0.0000000,0.0000000,0.0000000,0,0,0,0,755419221438416
755,831050339,1000,1886,1886,2.8930879,-0.00072,-1,-1,-1,0,0,0,136,1,1,0,0.0000000,0.0000000,0.0000000,0,0,0,0,755419222436625
756,831051339,1000,1886,1886,2.8930879,-0.00069,-1,-1,-1,0,0,0,136,1,1,0,0.0000000,0.0000000,0.0000000,0,0,0,0,755419223436541
757,831052339,1000,1886,1886,2.8930879,-0.00066,39,100,2090,0,0,0,136,1,1,0,0.0000000,0.0000000,0.0000000,0,0,0,0,755419224862250
758,831053339,1000,1886,1886,2.8930879,-0.00064,-1,-1,-1,0,0,0,136,1,1,0,0.0000000,0.0000000,0.0000000,0,0,0,0,755419225470041
759,831054339,1000,1886,1886,2.8930879,-0.00061,-1,-1,-1,0,0,0,136,1,1,0,0.0000000,0.0000000,0.0000000,0,0,0,0,755419226436583
760,831055339,1000,1886,1886,2.8930879,-0.00059,-1,-1,-1,0,0,0,136,1,1,0,0.0000000,0.0000000,0.0000000,0,0,0,0,755419227438958
761,831056339,1000,1886,1886,2.8930879,-0.00057,-1,-1,-1,0,0,0,136,1,1,0,0.0000000,0.0000000,0.0000000,0,0,0,0,755419228452458
762,831057339,1000,1886,1886,2.8930879,-0.00054,-1,-1,-1,0,0,0,136,1,1,0,0.0000000,0.0000000,0.0000000,0,0,0,0,755419229489833
763,831058339,1000,1886,1886,2.8930879,-0.00052,-1,-1,-1,0,0,0,136,1,1,0,0.0000000,0.0000000,0.0000000,0,0,0,0,755419230466375
764,831059339,1000,1886,1886,2.8930879,-0.00050,-1,-1,-1,0,0,0,135,1,1,0,0.0000000,0.0000000,0.0000000,0,0,0,0,755419231462208
765,831060339,1000,1886,1886,2.8930879,-0.00048,-1,-1,-1,0,0,0,136,1,1,0,0.0000000,0.0000000,0.0000000,0,0,0,0,755419232446208
766,831061339,1000,1886,1886,2.8930879,-0.00046,-1,-1,-1,0,0,0,136,1,1,0,0.0000000,0.0000000,0.0000000,0,0,0,0,755419233668250
767,831062339,1000,1886,1886,2.8930879,-0.00044,-1,-1,-1,0,0,0,136,1,1,0,0.0000000,0.0000000,0.0000000,0,0,0,0,755419234653791
768,831063339,1000,1886,1886,2.8930879,-0.00043,-1,-1,-1,0,0,0,136,1,1,0,0.0000000,0.0000000,0.0000000,0,0,0,0,755419235658166
769,831064339,1000,1886,1886,2.8930879,-0.00041,-1,-1,-1,0,0,0,136,1,1,0,0.0000000,0.0000000,0.0000000,0,0,0,0,755419236454041
770,831065339,1000,1886,1886,2.8930879,-0.00039,-1,-1,-1,0,0,0,136,1,1,0,0.0000000,0.0000000,0.0000000,0,0,0,0,755419237437916
771,831066339,1000,1886,1886,2.8930879,-0.00038,-1,-1,-1,0,0,0,136,1,1,0,0.0000000,0.0000000,0.0000000,0,0,0,0,755419238430333
772,831067339,1000,1886,1886,2.8930879,-0.00036,-1,-1,-1,0,0,0,136,1,1,0,0.0000000,0.0000000,0.0000000,0,0,0,0,755419239425500
773,831068339,1000,1886,1886,2.8930879,-0.00035,-1,-1,-1,0,0,0,136,1,1,0,0.0000000,0.0000000,0.0000000,0,0,0,0,755419240424416
774,831069339,1000,1886,1886,2.8930879,-0.00034,-1,-1,-1,0,0,0,136,1,1,0,0.0000000,0.0000000,0.0000000,0,0,0,0,755419241423583
775,831070339,1000,1886,1886,2.8930879,-0.00032,-1,-1,-1,0,0,0,136,1,1,0,0.0000000,0.0000000,0.0000000,0,0,0,0,755419242424291
776,831071339,1000,1886,1886,2.8930879,-0.00031,-1,-1,-1,0,0,0,136,1,1,0,0.0000000,0.0000000,0.0000000,0,0,0,0,755419243429958
777,831072339,1000,1886,1886,2.8930879,-0.00030,-1,-1,-1,0,0,0,136,1,1,0,0.0000000,0.0000000,0.0000000,0,0,0,0,755419244421000
778,831073339,1000,1886,1886,2.8930879,-0.00029,-1,-1,-1,0,0,0,136,1,1,0,0.0000000,0.0000000,0.0000000,0,0,0,0,755419245427375
779,831074339,1000,1886,1886,2.8930879,-0.00028,-1,-1,-1,0,0,0,136,1,1,0,0.0000000,0.0000000,0.0000000,0,0,0,0,755419246425541
780,831075339,1000,1886,1886,2.8930879,-0.00026,-1,-1,-1,0,0,0,136,1,1,0,0.0000000,0.0000000,0.0000000,0,0,0,0,755419247439541
781,831076339,1000,1886,1886,2.8930879,-0.00025,-1,-1,-1,0,0,0,136,1,1,0,0.0000000,0.0000000,0.0000000,0,0,0,0,755419248449708
782,831077339,1000,1886,1886,2.8930879,-0.00024,-1,-1,-1,0,0,0,136,1,1,0,0.0000000,0.0000000,0.0000000,0,0,0,0,755419249424750
783,831078339,1000,1887,1887,2.8946218,0.05991,-1,-1,-1,0,0,0,136,1,1,0,0.0000000,0.0000000,0.0000000,0,0,0,0,755419250419375
784,831079339,1000,1886,1886,2.8930879,-0.00258,-1,-1,-1,0,0,0,136,1,1,0,0.0000000,0.0000000,0.0000000,0,0,0,0,755419251434500
785,831080339,1000,1886,1886,2.8930879,-0.00248,-1,-1,-1,0,0,0,136,1,1,0,0.0000000,0.0000000,0.0000000,0,0,0,0,755419252428250
786,831081339,1000,1886,1886,2.8930879,-0.00239,-1,-1,-1,0,0,0,136,1,1,0,0.0000000,0.0000000,0.0000000,0,0,0,0,755419253425625
787,831082339,1000,1886,1886,2.8930879,-0.00229,-1,-1,-1,0,0,0,136,1,1,0,0.0000000,0.0000000,0.0000000,0,0,0,0,755419254422583
788,831083339,1000,1886,1886,2.8930879,-0.00220,-1,-1,-1,0,0,0,136,1,1,0,0.0000000,0.0000000,0.0000000,0,0,0,0,755419255424791
789,831084339,1000,1886,1886,2.8930879,-0.00212,-1,-1,-1,0,0,0,136,1,1,0,0.0000000,0.0000000,0.0000000,0,0,0,0,755419256422708
790,831085339,1000,1886,1886,2.8930879,-0.00203,-1,-1,-1,0,0,0,136,1,1,0,0.0000000,0.0000000,0.0000000,0,0,0,0,755419257418625
791,831086339,1000,1886,1886,2.8930879,-0.00195,-1,-1,-1,0,0,0,136,1,1,0,0.0000000,0.0000000,0.0000000,0,0,0,0,755419258422541
792,831087339,1000,1886,1886,2.8930879,-0.00188,-1,-1,-1,0,0,0,136,1,1,0,0.0000000,0.0000000,0.0000000,0,0,0,0,755419259428625
793,831088339,1000,1886,1886,2.8930879,-0.00180,-1,-1,-1,0,0,0,136,1,1,0,0.0000000,0.0000000,0.0000000,0,0,0,0,755419260423916
794,831089339,1000,1886,1886,2.8930879,-0.00173,-1,-1,-1,0,0,0,136,1,1,0,0.0000000,0.0000000,0.0000000,0,0,0,0,755419261421916
795,831090339,1000,1886,1886,2.8930879,-0.00166,-1,-1,-1,0,0,0,136,1,1,0,0.0000000,0.0000000,0.0000000,0,0,0,0,755419262452666
796,831091339,1000,1886,1886,2.8930879,-0.00160,-1,-1,-1,0,0,0,136,1,1,0,0.0000000,0.0000000,0.0000000,0,0,0,0,755419263681083
797,831092339,1000,1886,1886,2.8930879,-0.00154,-1,-1,-1,0,0,0,136,1,1,0,0.0000000,0.0000000,0.0000000,0,0,0,0,755419264680750
798,831093339,1000,1886,1886,2.8930879,-0.00148,-1,-1,-1,0,0,0,136,1,1,0,0.0000000,0.0000000,0.0000000,0,0,0,0,755419265636833
799,831094339,1000,1886,1886,2.8930879,-0.00142,-1,-1,-1,0,0,0,136,1,1,0,0.0000000,0.0000000,0.0000000,0,0,0,0,755419266542416
800,831095339,1000,1886,1886,2.8930879,-0.00136,-1,-1,-1,0,0,0,136,1,1,0,0.0000000,0.0000000,0.0000000,0,0,0,0,755419267493875
801,831096339,1000,1886,1886,2.8930879,-0.00131,-1,-1,-1,0,0,0,136,1,1,0,0.0000000,0.0000000,0.0000000,0,0,0,0,755419268452583
802,831097339,1000,1886,1886,2.8930879,-0.00126,-1,-1,-1,0,0,0,136,1,1,0,0.0000000,0.0000000,0.0000000,0,0,0,0,755419269448958
803,831098339,1000,1886,1886,2.8930879,-0.00121,-1,-1,-1,0,0,0,136,1,1,0,0.0000000,0.0000000,0.0000000,0,0,0,0,755419270440833
804,831099339,1000,1886,1886,2.8930879,-0.00116,-1,-1,-1,0,0,0,136,1,1,0,0.0000000,0.0000000,0.0000000,0,0,0,0,755419271443083
805,831100339,1000,1886,1886,2.8930879,-0.00112,-1,-1,-1,0,0,0,136,1,1,0,0.0000000,0.0000000,0.0000000,0,0,0,0,755419272472166
806,831101339,1000,1886,1886,2.8930879,-0.00107,-1,-1,-1,0,0,0,136,1,1,0,0.0000000,0.0000000,0.0000000,0,0,0,0,755419273465750
807,831102339,1000,1886,1886,2.8930879,-0.00103,39,100,2090,0,0,0,136,1,1,0,0.0000000,0.0000000,0.0000000,0,0,0,0,755419274908666
808,831103339,1000,1886,1886,2.8930879,-0.00099,-1,-1,-1,0,0,0,136,1,1,0,0.0000000,0.0000000,0.0000000,0,0,0,0,755419275521166
809,831104339,1000,1886,1886,2.8930879,-0.00095,-1,-1,-1,0,0,0,136,1,1,0,0.0000000,0.0000000,0.0000000,0,0,0,0,755419276453458
810,831105339,1000,1886,1886,2.8930879,-0.00091,-1,-1,-1,0,0,0,136,1,1,0,0.0000000,0.0000000,0.0000000,0,0,0,0,755419277448375
811,831106339,1000,1886,1886,2.8930879,-0.00088,-1,-1,-1,0,0,0,136,1,1,0,0.0000000,0.0000000,0.0000000,0,0,0,0,755419278456708
812,831107339,1000,1886,1886,2.8930879,-0.00084,-1,-1,-1,0,0,0,136,1,1,0,0.0000000,0.0000000,0.0000000,0,0,0,0,755419279486875
813,831108339,1000,1886,1886,2.8930879,-0.00081,-1,-1,-1,0,0,0,136,1,1,0,0.0000000,0.0000000,0.0000000,0,0,0,0,755419280474250
814,831109339,1000,1886,1886,2.8930879,-0.00078,-1,-1,-1,0,0,0,136,1,1,0,0.0000000,0.0000000,0.0000000,0,0,0,0,755419281460250
815,831110339,1000,1886,1886,2.8930879,-0.00075,-1,-1,-1,0,0,0,136,1,1,0,0.0000000,0.0000000,0.0000000,0,0,0,0,755419282447541
816,831111339,1000,1886,1886,2.8930879,-0.00072,-1,-1,-1,0,0,0,136,1,1,0,0.0000000,0.0000000,0.0000000,0,0,0,0,755419283445333
817,831112339,1000,1886,1886,2.8930879,-0.00069,-1,-1,-1,0,0,0,136,1,1,0,0.0000000,0.0000000,0.0000000,0,0,0,0,755419284445458
818,831113339,1000,1886,1886,2.8930879,-0.00066,-1,-1,-1,0,0,0,136,1,1,0,0.0000000,0.0000000,0.0000000,0,0,0,0,755419285444291
819,831114339,1000,1886,1886,2.8930879,-0.00064,-1,-1,-1,0,0,0,136,1,1,0,0.0000000,0.0000000,0.0000000,0,0,0,0,755419286435916
820,831115339,1000,1886,1886,2.8930879,-0.00061,-1,-1,-1,0,0,0,136,1,1,0,0.0000000,0.0000000,0.0000000,0,0,0,0,755419287447000
821,831116339,1000,1886,1886,2.8930879,-0.00059,-1,-1,-1,0,0,0,136,1,1,0,0.0000000,0.0000000,0.0000000,0,0,0,0,755419288649250
822,831117339,1000,1886,1886,2.8930879,-0.00057,-1,-1,-1,0,0,0,136,1,1,0,0.0000000,0.0000000,0.0000000,0,0,0,0,755419289659333
823,831118339,1000,1886,1886,2.8930879,-0.00054,-1,-1,-1,0,0,0,136,1,1,0,0.0000000,0.0000000,0.0000000,0,0,0,0,755419290664916
824,831119339,1000,1886,1886,2.8930879,-0.00052,-1,-1,-1,0,0,0,136,1,1,0,0.0000000,0.0000000,0.0000000,0,0,0,0,755419291656625
825,831120339,1000,1886,1886,2.8930879,-0.00050,-1,-1,-1,0,0,0,136,1,1,0,0.0000000,0.0000000,0.0000000,0,0,0,0,755419292658583
826,831121339,1000,1886,1886,2.8930879,-0.00048,-1,-1,-1,0,0,0,136,1,1,0,0.0000000,0.0000000,0.0000000,0,0,0,0,755419293671458
827,831122339,1000,1886,1886,2.8930879,-0.00046,-1,-1,-1,0,0,0,136,1,1,0,0.0000000,0.0000000,0.0000000,0,0,0,0,755419294687708
828,831123339,1000,1886,1886,2.8930879,-0.00044,-1,-1,-1,0,0,0,136,1,1,0,0.0000000,0.0000000,0.0000000,0,0,0,0,755419295653291
829,831124339,1000,1886,1886,2.8930879,-0.00043,-1,-1,-1,0,0,0,136,1,1,0,0.0000000,0.0000000,0.0000000,0,0,0,0,755419296687375
830,831125339,1000,1886,1886,2.8930879,-0.00041,-1,-1,-1,0,0,0,136,1,1,0,0.0000000,0.0000000,0.0000000,0,0,0,0,755419297663791
831,831126339,1000,1886,1886,2.8930879,-0.00039,-1,-1,-1,0,0,0,136,1,1,0,0.0000000,0.0000000,0.0000000,0,0,0,0,755419298658041
832,831127339,1000,1886,1886,2.8930879,-0.00038,-1,-1,-1,0,0,0,136,1,1,0,0.0000000,0.0000000,0.0000000,0,0,0,0,755419299496500
833,831128339,1000,1886,1886,2.8930879,-0.00036,-1,-1,-1,0,0,0,136,1,1,0,0.0000000,0.0000000,0.0000000,0,0,0,0,755419300436166
834,831129339,1000,1886,1886,2.8930879,-0.00035,-1,-1,-1,0,0,0,136,1,1,0,0.0000000,0.0000000,0.0000000,0,0,0,0,755419301462250
835,831130339,1000,1886,1886,2.8930879,-0.00034,-1,-1,-1,0,0,0,136,1,1,0,0.0000000,0.0000000,0.0000000,0,0,0,0,755419302685875
836,831131339,1000,1886,1886,2.8930879,-0.00032,-1,-1,-1,0,0,0,136,1,1,0,0.0000000,0.0000000,0.0000000,0,0,0,0,755419303765291
837,831132339,1000,1886,1886,2.8930879,-0.00031,-1,-1,-1,0,0,0,136,1,1,0,0.0000000,0.0000000,0.0000000,0,0,0,0,755419304912083
838,831133339,1000,1886,1886,2.8930879,-0.00030,-1,-1,-1,0,0,0,136,1,1,0,0.0000000,0.0000000,0.0000000,0,0,0,0,755419305645166
839,831134339,1000,1886,1886,2.8930879,-0.00029,-1,-1,-1,0,0,0,136,1,1,0,0.0000000,0.0000000,0.0000000,0,0,0,0,755419306555041
840,831135339,1000,1887,1887,2.8946218,0.05987,-1,-1,-1,0,0,0,136,1,1,0,0.0000000,0.0000000,0.0000000,0,0,0,0,755419307527000
841,831136339,1000,1886,1886,2.8930879,-0.00262,-1,-1,-1,0,0,0,136,1,1,0,0.0000000,0.0000000,0.0000000,0,0,0,0,755419308528250
842,831137339,1000,1886,1886,2.8930879,-0.00252,-1,-1,-1,0,0,0,136,1,1,0,0.0000000,0.0000000,0.0000000,0,0,0,0,755419309542250
843,831138339,1000,1886,1886,2.8930879,-0.00242,-1,-1,-1,0,0,0,136,1,1,0,0.0000000,0.0000000,0.0000000,0,0,0,0,755419310499250
844,831139339,1000,1886,1886,2.8930879,-0.00233,-1,-1,-1,0,0,0,136,1,1,0,0.0000000,0.0000000,0.0000000,0,0,0,0,755419311505875
845,831140339,1000,1886,1886,2.8930879,-0.00223,-1,-1,-1,0,0,0,136,1,1,0,0.0000000,0.0000000,0.0000000,0,0,0,0,755419312526083
846,831141339,1000,1886,1886,2.8930879,-0.00215,-1,-1,-1,0,0,0,136,1,1,0,0.0000000,0.0000000,0.0000000,0,0,0,0,755419313490500
847,831142339,1000,1886,1886,2.8930879,-0.00206,-1,-1,-1,0,0,0,136,1,1,0,0.0000000,0.0000000,0.0000000,0,0,0,0,755419314462166
848,831143339,1000,1886,1886,2.8930879,-0.00198,-1,-1,-1,0,0,0,135,1,1,0,0.0000000,0.0000000,0.0000000,0,0,0,0,755419315481083
849,831144339,1000,1886,1886,2.8930879,-0.00190,-1,-1,-1,0,0,0,136,1,1,0,0.0000000,0.0000000,0.0000000,0,0,0,0,755419316461500
850,831145339,1000,1886,1886,2.8930879,-0.00183,-1,-1,-1,0,0,0,136,1,1,0,0.0000000,0.0000000,0.0000000,0,0,0,0,755419317449750
851,831146339,1000,1886,1886,2.8930879,-0.00176,-1,-1,-1,0,0,0,136,1,1,0,0.0000000,0.0000000,0.0000000,0,0,0,0,755419318451208
852,831147339,1000,1886,1886,2.8930879,-0.00169,-1,-1,-1,0,0,0,136,1,1,0,0.0000000,0.0000000,0.0000000,0,0,0,0,755419319458958
853,831148339,1000,1886,1886,2.8930879,-0.00162,-1,-1,-1,0,0,0,136,1,1,0,0.0000000,0.0000000,0.0000000,0,0,0,0,755419320464500
854,831149339,1000,1886,1886,2.8930879,-0.00156,-1,-1,-1,0,0,0,136,1,1,0,0.0000000,0.0000000,0.0000000,0,0,0,0,755419321495125
855,831150339,1000,1887,1887,2.8946218,0.05865,-1,-1,-1,0,0,0,136,1,1,0,0.0000000,0.0000000,0.0000000,0,0,0,0,755419322469958
856,831151339,1000,1886,1886,2.8930879,-0.00380,-1,-1,-1,0,0,0,136,1,1,0,0.0000000,0.0000000,0.0000000,0,0,0,0,755419323448916
857,831152339,1000,1886,1886,2.8930879,-0.00365,39,100,2090,0,0,0,136,1,1,0,0.0000000,0.0000000,0.0000000,0,0,0,0,755419324901166
858,831153339,1000,1886,1886,2.8930879,-0.00351,-1,-1,-1,0,0,0,136,1,1,0,0.0000000,0.0000000,0.0000000,0,0,0,0,755419325510750
859,831154339,1000,1886,1886,2.8930879,-0.00337,-1,-1,-1,0,0,0,136,1,1,0,0.0000000,0.0000000,0.0000000,0,0,0,0,755419326471666
860,831155339,1000,1886,1886,2.8930879,-0.00324,-1,-1,-1,0,0,0,136,1,1,0,0.0000000,0.0000000,0.0000000,0,0,0,0,755419327447833
861,831156339,1000,1886,1886,2.8930879,-0.00311,-1,-1,-1,0,0,0,136,1,1,0,0.0000000,0.0000000,0.0000000,0,0,0,0,755419328441000
862,831157339,1000,1886,1886,2.8930879,-0.00299,-1,-1,-1,0,0,0,136,1,1,0,0.0000000,0.0000000,0.0000000,0,0,0,0,755419329444000
863,831158339,1000,1886,1886,2.8930879,-0.00287,-1,-1,-1,0,0,0,136,1,1,0,0.0000000,0.0000000,0.0000000,0,0,0,0,755419330451750
864,831159339,1000,1886,1886,2.8930879,-0.00276,-1,-1,-1,0,0,0,136,1,1,0,0.0000000,0.0000000,0.0000000,0,0,0,0,755419331456041
865,831160339,1000,1887,1887,2.8946218,0.05750,-1,-1,-1,0,0,0,136,1,1,0,0.0000000,0.0000000,0.0000000,0,0,0,0,755419332682125
866,831161339,1000,1886,1886,2.8930879,-0.00490,-1,-1,-1,0,0,0,136,1,1,0,0.0000000,0.0000000,0.0000000,0,0,0,0,755419333662791
867,831162339,1000,1886,1886,2.8930879,-0.00471,-1,-1,-1,0,0,0,136,1,1,0,0.0000000,0.0000000,0.0000000,0,0,0,0,755419334670041
868,831163339,1000,1886,1886,2.8930879,-0.00453,-1,-1,-1,0,0,0,136,1,1,0,0.0000000,0.0000000,0.0000000,0,0,0,0,755419335660750
869,831164339,1000,1886,1886,2.8930879,-0.00435,-1,-1,-1,0,0,0,136,1,1,0,0.0000000,0.0000000,0.0000000,0,0,0,0,755419336665166
870,831165339,1000,1886,1886,2.8930879,-0.00418,-1,-1,-1,0,0,0,136,1,1,0,0.0000000,0.0000000,0.0000000,0,0,0,0,755419337677916
871,831166339,1000,1886,1886,2.8930879,-0.00402,-1,-1,-1,0,0,0,136,1,1,0,0.0000000,0.0000000,0.0000000,0,0,0,0,755419338750333
872,831167339,1000,1886,1886,2.8930879,-0.00386,-1,-1,-1,0,0,0,136,1,1,0,0.0000000,0.0000000,0.0000000,0,0,0,0,755419339696125
873,831168339,1000,1886,1886,2.8930879,-0.00371,-1,-1,-1,0,0,0,136,1,1,0,0.0000000,0.0000000,0.0000000,0,0,0,0,755419340692916
874,831169339,1000,1886,1886,2.8930879,-0.00356,-1,-1,-1,0,0,0,136,1,1,0,0.0000000,0.0000000,0.0000000,0,0,0,0,755419341511541
875,831170339,1000,1886,1886,2.8930879,-0.00342,-1,-1,-1,0,0,0,136,1,1,0,0.0000000,0.0000000,0.0000000,0,0,0,0,755419342485708
876,831171339,1000,1886,1886,2.8930879,-0.00329,-1,-1,-1,0,0,0,136,1,1,0,0.0000000,0.0000000,0.0000000,0,0,0,0,755419343481333
877,831172339,1000,1886,1886,2.8930879,-0.00316,-1,-1,-1,0,0,0,136,1,1,0,0.0000000,0.0000000,0.0000000,0,0,0,0,755419344523666
878,831173339,1000,1886,1886,2.8930879,-0.00303,-1,-1,-1,0,0,0,136,1,1,0,0.0000000,0.0000000,0.0000000,0,0,0,0,755419345533083
879,831174339,1000,1886,1886,2.8930879,-0.00292,-1,-1,-1,0,0,0,136,1,1,0,0.0000000,0.0000000,0.0000000,0,0,0,0,755419346465791
880,831175339,1000,1886,1886,2.8930879,-0.00280,-1,-1,-1,0,0,0,136,1,1,0,0.0000000,0.0000000,0.0000000,0,0,0,0,755419347454625
881,831176339,1000,1886,1886,2.8930879,-0.00269,-1,-1,-1,0,0,0,136,1,1,0,0.0000000,0.0000000,0.0000000,0,0,0,0,755419348464791
882,831177339,1000,1886,1886,2.8930879,-0.00259,-1,-1,-1,0,0,0,136,1,1,0,0.0000000,0.0000000,0.0000000,0,0,0,0,755419349460250
883,831178339,1000,1886,1886,2.8930879,-0.00248,-1,-1,-1,0,0,0,136,1,1,0,0.0000000,0.0000000,0.0000000,0,0,0,0,755419350479083
884,831179339,1000,1886,1886,2.8930879,-0.00239,-1,-1,-1,0,0,0,136,1,1,0,0.0000000,0.0000000,0.0000000,0,0,0,0,755419351460541
885,831180339,1000,1886,1886,2.8930879,-0.00229,-1,-1,-1,0,0,0,136,1,1,0,0.0000000,0.0000000,0.0000000,0,0,0,0,755419352453166
886,831181339,1000,1886,1886,2.8930879,-0.00220,-1,-1,-1,0,0,0,136,1,1,0,0.0000000,0.0000000,0.0000000,0,0,0,0,755419353845541
887,831182339,1000,1886,1886,2.8930879,-0.00212,-1,-1,-1,0,0,0,136,1,1,0,0.0000000,0.0000000,0.0000000,0,0,0,0,755419354714416
888,831183339,1000,1886,1886,2.8930879,-0.00203,-1,-1,-1,0,0,0,136,1,1,0,0.0000000,0.0000000,0.0000000,0,0,0,0,755419355600541
889,831184339,1000,1886,1886,2.8930879,-0.00195,-1,-1,-1,0,0,0,136,1,1,0,0.0000000,0.0000000,0.0000000,0,0,0,0,755419356553708
890,831185339,1000,1886,1886,2.8930879,-0.00188,-1,-1,-1,0,0,0,136,1,1,0,0.0000000,0.0000000,0.0000000,0,0,0,0,755419357546166
891,831186339,1000,1886,1886,2.8930879,-0.00180,-1,-1,-1,0,0,0,136,1,1,0,0.0000000,0.0000000,0.0000000,0,0,0,0,755419358523500
892,831187339,1000,1886,1886,2.8930879,-0.00173,-1,-1,-1,0,0,0,136,1,1,0,0.0000000,0.0000000,0.0000000,0,0,0,0,755419359503750
893,831188339,1000,1886,1886,2.8930879,-0.00167,-1,-1,-1,0,0,0,136,1,1,0,0.0000000,0.0000000,0.0000000,0,0,0,0,755419360485875
894,831189339,1000,1886,1886,2.8930879,-0.00160,-1,-1,-1,0,0,0,136,1,1,0,0.0000000,0.0000000,0.0000000,0,0,0,0,755419361466041
895,831190339,1000,1886,1886,2.8930879,-0.00154,-1,-1,-1,0,0,0,136,1,1,0,0.0000000,0.0000000,0.0000000,0,0,0,0,755419362461666
896,831191339,1000,1887,1887,2.8946218,0.05867,-1,-1,-1,0,0,0,136,1,1,0,0.0000000,0.0000000,0.0000000,0,0,0,0,755419363473833
897,831192339,1000,1886,1886,2.8930879,-0.00378,-1,-1,-1,0,0,0,136,1,1,0,0.0000000,0.0000000,0.0000000,0,0,0,0,755419364483333
898,831193339,1000,1886,1886,2.8930879,-0.00363,-1,-1,-1,0,0,0,136,1,1,0,0.0000000,0.0000000,0.0000000,0,0,0,0,755419365483291
899,831194339,1000,1886,1886,2.8930879,-0.00349,-1,-1,-1,0,0,0,136,1,1,0,0.0000000,0.0000000,0.0000000,0,0,0,0,755419366481916
900,831195339,1000,1886,1886,2.8930879,-0.00335,-1,-1,-1,0,0,0,136,1,1,0,0.0000000,0.0000000,0.0000000,0,0,0,0,755419367676416
901,831196339,1000,1886,1886,2.8930879,-0.00322,-1,-1,-1,0,0,0,136,1,1,0,0.0000000,0.0000000,0.0000000,0,0,0,0,755419368505458
902,831197339,1000,1886,1886,2.8930879,-0.00309,-1,-1,-1,0,0,0,136,1,1,0,0.0000000,0.0000000,0.0000000,0,0,0,0,755419369498416
903,831198339,1000,1886,1886,2.8930879,-0.00297,-1,-1,-1,0,0,0,136,1,1,0,0.0000000,0.0000000,0.0000000,0,0,0,0,755419370520500
904,831199339,1000,1886,1886,2.8930879,-0.00286,-1,-1,-1,0,0,0,135,1,1,0,0.0000000,0.0000000,0.0000000,0,0,0,0,755419371499750
905,831200339,1000,1886,1886,2.8930879,-0.00274,-1,-1,-1,0,0,0,136,1,1,0,0.0000000,0.0000000,0.0000000,0,0,0,0,755419372564791
906,831201339,1000,1887,1887,2.8946218,0.05751,-1,-1,-1,0,0,0,136,1,1,0,0.0000000,0.0000000,0.0000000,0,0,0,0,755419373593916
907,831202339,1000,1886,1886,2.8930879,-0.00489,39,100,2090,0,0,0,136,1,1,0,0.0000000,0.0000000,0.0000000,0,0,0,0,755419374911208
908,831203339,1000,1886,1886,2.8930879,-0.00470,-1,-1,-1,0,0,0,136,1,1,0,0.0000000,0.0000000,0.0000000,0,0,0,0,755419375530416
909,831204339,1000,1886,1886,2.8930879,-0.00451,-1,-1,-1,0,0,0,136,1,1,0,0.0000000,0.0000000,0.0000000,0,0,0,0,755419376690416
910,831205339,1000,1886,1886,2.8930879,-0.00434,-1,-1,-1,0,0,0,136,1,1,0,0.0000000,0.0000000,0.0000000,0,0,0,0,755419377693333
911,831206339,1000,1886,1886,2.8930879,-0.00417,-1,-1,-1,0,0,0,136,1,1,0,0.0000000,0.0000000,0.0000000,0,0,0,0,755419378566791
912,831207339,1000,1886,1886,2.8930879,-0.00400,-1,-1,-1,0,0,0,136,1,1,0,0.0000000,0.0000000,0.0000000,0,0,0,0,755419379480750
913,831208339,1000,1886,1886,2.8930879,-0.00385,-1,-1,-1,0,0,0,136,1,1,0,0.0000000,0.0000000,0.0000000,0,0,0,0,755419380508375
914,831209339,1000,1886,1886,2.8930879,-0.00370,-1,-1,-1,0,0,0,136,1,1,0,0.0000000,0.0000000,0.0000000,0,0,0,0,755419381465833
915,831210339,1000,1886,1886,2.8930879,-0.00355,-1,-1,-1,0,0,0,136,1,1,0,0.0000000,0.0000000,0.0000000,0,0,0,0,755419382461083
916,831211339,1000,1886,1886,2.8930879,-0.00341,-1,-1,-1,0,0,0,136,1,1,0,0.0000000,0.0000000,0.0000000,0,0,0,0,755419383448416
917,831212339,1000,1886,1886,2.8930879,-0.00328,-1,-1,-1,0,0,0,136,1,1,0,0.0000000,0.0000000,0.0000000,0,0,0,0,755419384497500
918,831213339,1000,1886,1886,2.8930879,-0.00315,-1,-1,-1,0,0,0,136,1,1,0,0.0000000,0.0000000,0.0000000,0,0,0,0,755419385465583
919,831214339,1000,1886,1886,2.8930879,-0.00303,-1,-1,-1,0,0,0,136,1,1,0,0.0000000,0.0000000,0.0000000,0,0,0,0,755419386476083
920,831215339,1000,1886,1886,2.8930879,-0.00291,-1,-1,-1,0,0,0,136,1,1,0,0.0000000,0.0000000,0.0000000,0,0,0,0,755419387470083
921,831216339,1000,1886,1886,2.8930879,-0.00279,-1,-1,-1,0,0,0,136,1,1,0,0.0000000,0.0000000,0.0000000,0,0,0,0,755419388483500
922,831217339,1000,1886,1886,2.8930879,-0.00268,-1,-1,-1,0,0,0,136,1,1,0,0.0000000,0.0000000,0.0000000,0,0,0,0,755419389477208
923,831218339,1000,1887,1887,2.8946218,0.05757,-1,-1,-1,0,0,0,136,1,1,0,0.0000000,0.0000000,0.0000000,0,0,0,0,755419390445083
924,831219339,1000,1886,1886,2.8930879,-0.00484,-1,-1,-1,0,0,0,136,1,1,0,0.0000000,0.0000000,0.0000000,0,0,0,0,755419391463333
925,831220339,1000,1886,1886,2.8930879,-0.00465,-1,-1,-1,0,0,0,136,1,1,0,0.0000000,0.0000000,0.0000000,0,0,0,0,755419392391875
926,831221339,1000,1886,1886,2.8930879,-0.00446,-1,-1,-1,0,0,0,136,1,1,0,0.0000000,0.0000000,0.0000000,0,0,0,0,755419393343708
927,831222339,1000,1886,1886,2.8930879,-0.00429,-1,-1,-1,0,0,0,136,1,1,0,0.0000000,0.0000000,0.0000000,0,0,0,0,755419394340125
928,831223339,1000,1886,1886,2.8930879,-0.00412,-1,-1,-1,0,0,0,136,1,1,0,0.0000000,0.0000000,0.0000000,0,0,0,0,755419395328750
929,831224339,1000,1886,1886,2.8930879,-0.00396,-1,-1,-1,0,0,0,136,1,1,0,0.0000000,0.0000000,0.0000000,0,0,0,0,755419396295750
930,831225339,1000,1886,1886,2.8930879,-0.00380,-1,-1,-1,0,0,0,136,1,1,0,0.0000000,0.0000000,0.0000000,0,0,0,0,755419397744375
931,831226339,1000,1886,1886,2.8930879,-0.00366,-1,-1,-1,0,0,0,136,1,1,0,0.0000000,0.0000000,0.0000000,0,0,0,0,755419398662166
932,831227339,1000,1886,1886,2.8930879,-0.00351,-1,-1,-1,0,0,0,136,1,1,0,0.0000000,0.0000000,0.0000000,0,0,0,0,755419399662125
933,831228339,1000,1886,1886,2.8930879,-0.00337,-1,-1,-1,0,0,0,136,1,1,0,0.0000000,0.0000000,0.0000000,0,0,0,0,755419400716958
934,831229339,1000,1886,1886,2.8930879,-0.00324,-1,-1,-1,0,0,0,136,1,1,0,0.0000000,0.0000000,0.0000000,0,0,0,0,755419401670541
935,831230339,1000,1886,1886,2.8930879,-0.00311,-1,-1,-1,0,0,0,136,1,1,0,0.0000000,0.0000000,0.0000000,0,0,0,0,755419402496541
936,831231339,1000,1886,1886,2.8930879,-0.00299,-1,-1,-1,0,0,0,136,1,1,0,0.0000000,0.0000000,0.0000000,0,0,0,0,755419403463500
937,831232339,1000,1886,1886,2.8930879,-0.00288,-1,-1,-1,0,0,0,136,1,1,0,0.0000000,0.0000000,0.0000000,0,0,0,0,755419404540291
938,831233339,1000,1886,1886,2.8930879,-0.00276,-1,-1,-1,0,0,0,136,1,1,0,0.0000000,0.0000000,0.0000000,0,0,0,0,755419405521875
939,831234339,1000,1886,1886,2.8930879,-0.00265,-1,-1,-1,0,0,0,136,1,1,0,0.0000000,0.0000000,0.0000000,0,0,0,0,755419406510625
940,831235339,1000,1886,1886,2.8930879,-0.00255,-1,-1,-1,0,0,0,136,1,1,0,0.0000000,0.0000000,0.0000000,0,0,0,0,755419407443041
941,831236339,1000,1886,1886,2.8930879,-0.00245,-1,-1,-1,0,0,0,136,1,1,0,0.0000000,0.0000000,0.0000000,0,0,0,0,755419408478083
942,831237339,1000,1886,1886,2.8930879,-0.00235,-1,-1,-1,0,0,0,136,1,1,0,0.0000000,0.0000000,0.0000000,0,0,0,0,755419409472583
943,831238339,1000,1886,1886,2.8930879,-0.00226,-1,-1,-1,0,0,0,136,1,1,0,0.0000000,0.0000000,0.0000000,0,0,0,0,755419410439958
944,831239339,1000,1886,1886,2.8930879,-0.00217,-1,-1,-1,0,0,0,136,1,1,0,0.0000000,0.0000000,0.0000000,0,0,0,0,755419411458541
945,831240339,1000,1886,1886,2.8930879,-0.00209,-1,-1,-1,0,0,0,136,1,1,0,0.0000000,0.0000000,0.0000000,0,0,0,0,755419412433750
946,831241339,1000,1886,1886,2.8930879,-0.00201,-1,-1,-1,0,0,0,136,1,1,0,0.0000000,0.0000000,0.0000000,0,0,0,0,755419413463208
947,831242339,1000,1886,1886,2.8930879,-0.00193,-1,-1,-1,0,0,0,136,1,1,0,0.0000000,0.0000000,0.0000000,0,0,0,0,755419414481125
948,831243339,1000,1886,1886,2.8930879,-0.00185,-1,-1,-1,0,0,0,136,1,1,0,0.0000000,0.0000000,0.0000000,0,0,0,0,755419415471416
949,831244339,1000,1886,1886,2.8930879,-0.00178,-1,-1,-1,0,0,0,136,1,1,0,0.0000000,0.0000000,0.0000000,0,0,0,0,755419416338833
950,831245339,1000,1886,1886,2.8930879,-0.00171,-1,-1,-1,0,0,0,136,1,1,0,0.0000000,0.0000000,0.0000000,0,0,0,0,755419417290958
951,831246339,1000,1886,1886,2.8930879,-0.00164,-1,-1,-1,0,0,0,136,1,1,0,0.0000000,0.0000000,0.0000000,0,0,0,0,755419418287416
952,831247339,1000,1886,1886,2.8930879,-0.00158,-1,-1,-1,0,0,0,136,1,1,0,0.0000000,0.0000000,0.0000000,0,0,0,0,755419419286708
953,831248339,1000,1886,1886,2.8930879,-0.00152,-1,-1,-1,0,0,0,136,1,1,0,0.0000000,0.0000000,0.0000000,0,0,0,0,755419420285583
954,831249339,1000,1887,1887,2.8946218,0.05869,-1,-1,-1,0,0,0,136,1,1,0,0.0000000,0.0000000,0.0000000,0,0,0,0,755419421325625
955,831250339,1000,1886,1886,2.8930879,-0.00376,-1,-1,-1,0,0,0,136,1,1,0,0.0000000,0.0000000,0.0000000,0,0,0,0,755419422329875
956,831251339,1000,1886,1886,2.8930879,-0.00361,-1,-1,-1,0,0,0,136,1,1,0,0.0000000,0.0000000,0.0000000,0,0,0,0,755419423320291
957,831252339,1000,1886,1886,2.8930879,-0.00347,39,100,2090,0,0,0,136,1,1,0,0.0000000,0.0000000,0.0000000,0,0,0,0,755419424696833
958,831253339,1000,1886,1886,2.8930879,-0.00333,-1,-1,-1,0,0,0,136,1,1,0,0.0000000,0.0000000,0.0000000,0,0,0,0,755419425320625
959,831254339,1000,1886,1886,2.8930879,-0.00320,-1,-1,-1,0,0,0,136,1,1,0,0.0000000,0.0000000,0.0000000,0,0,0,0,755419426329833
960,831255339,1000,1886,1886,2.8930879,-0.00308,-1,-1,-1,0,0,0,136,1,1,0,0.0000000,0.0000000,0.0000000,0,0,0,0,755419427322625
961,831256339,1000,1887,1887,2.8946218,0.05719,-1,-1,-1,0,0,0,136,1,1,0,0.0000000,0.0000000,0.0000000,0,0,0,0,755419428341458
962,831257339,1000,1886,1886,2.8930879,-0.00520,-1,-1,-1,0,0,0,136,1,1,0,0.0000000,0.0000000,0.0000000,0,0,0,0,755419429362250
963,831258339,1000,1886,1886,2.8930879,-0.00499,-1,-1,-1,0,0,0,136,1,1,0,0.0000000,0.0000000,0.0000000,0,0,0,0,755419430375291
964,831259339,1000,1886,1886,2.8930879,-0.00480,-1,-1,-1,0,0,0,136,1,1,0,0.0000000,0.0000000,0.0000000,0,0,0,0,755419431354375
965,831260339,1000,1886,1886,2.8930879,-0.00461,-1,-1,-1,0,0,0,136,1,1,0,0.0000000,0.0000000,0.0000000,0,0,0,0,755419432434541
966,831261339,1000,1886,1886,2.8930879,-0.00443,-1,-1,-1,0,0,0,136,1,1,0,0.0000000,0.0000000,0.0000000,0,0,0,0,755419433433791
967,831262339,1000,1886,1886,2.8930879,-0.00426,-1,-1,-1,0,0,0,136,1,1,0,0.0000000,0.0000000,0.0000000,0,0,0,0,755419434415333
968,831263339,1000,1886,1886,2.8930879,-0.00409,-1,-1,-1,0,0,0,136,1,1,0,0.0000000,0.0000000,0.0000000,0,0,0,0,755419435421958
969,831264339,1000,1886,1886,2.8930879,-0.00393,-1,-1,-1,0,0,0,136,1,1,0,0.0000000,0.0000000,0.0000000,0,0,0,0,755419436426875
970,831265339,1000,1886,1886,2.8930879,-0.00377,-1,-1,-1,0,0,0,136,1,1,0,0.0000000,0.0000000,0.0000000,0,0,0,0,755419437427375
971,831266339,1000,1887,1887,2.8946218,0.05652,-1,-1,-1,0,0,0,136,1,1,0,0.0000000,0.0000000,0.0000000,0,0,0,0,755419438412416
972,831267339,1000,1886,1886,2.8930879,-0.00584,-1,-1,-1,0,0,0,136,1,1,0,0.0000000,0.0000000,0.0000000,0,0,0,0,755419439415458
973,831268339,1000,1886,1886,2.8930879,-0.00561,-1,-1,-1,0,0,0,136,1,1,0,0.0000000,0.0000000,0.0000000,0,0,0,0,755419440415291
974,831269339,1000,1886,1886,2.8930879,-0.00539,-1,-1,-1,0,0,0,136,1,1,0,0.0000000,0.0000000,0.0000000,0,0,0,0,755419441423291
975,831270339,1000,1887,1887,2.8946218,0.05497,-1,-1,-1,0,0,0,136,1,1,0,0.0000000,0.0000000,0.0000000,0,0,0,0,755419442432416
976,831271339,1000,1886,1886,2.8930879,-0.00734,-1,-1,-1,0,0,0,136,1,1,0,0.0000000,0.0000000,0.0000000,0,0,0,0,755419443418500
977,831272339,1000,1886,1886,2.8930879,-0.00705,-1,-1,-1,0,0,0,136,1,1,0,0.0000000,0.0000000,0.0000000,0,0,0,0,755419444408041
978,831273339,1000,1886,1886,2.8930879,-0.00677,-1,-1,-1,0,0,0,136,1,1,0,0.0000000,0.0000000,0.0000000,0,0,0,0,755419445418916
979,831274339,1000,1886,1886,2.8930879,-0.00651,-1,-1,-1,0,0,0,136,1,1,0,0.0000000,0.0000000,0.0000000,0,0,0,0,755419446411750
980,831275339,1000,1886,1886,2.8930879,-0.00625,-1,-1,-1,0,0,0,136,1,1,0,0.0000000,0.0000000,0.0000000,0,0,0,0,755419447466708
981,831276339,1000,1887,1887,2.8946218,0.05414,-1,-1,-1,0,0,0,136,1,1,0,0.0000000,0.0000000,0.0000000,0,0,0,0,755419448655916
982,831277339,1000,1886,1886,2.8930879,-0.00813,-1,-1,-1,0,0,0,136,1,1,0,0.0000000,0.0000000,0.0000000,0,0,0,0,755419449651083
983,831278339,1000,1886,1886,2.8930879,-0.00781,-1,-1,-1,0,0,0,136,1,1,0,0.0000000,0.0000000,0.0000000,0,0,0,0,755419450637125
984,831279339,1000,1886,1886,2.8930879,-0.00751,-1,-1,-1,0,0,0,136,1,1,0,0.0000000,0.0000000,0.0000000,0,0,0,0,755419451642541
985,831280339,1000,1886,1886,2.8930879,-0.00721,-1,-1,-1,0,0,0,136,1,1,0,0.0000000,0.0000000,0.0000000,0,0,0,0,755419452656000
986,831281339,1000,1886,1886,2.8930879,-0.00693,-1,-1,-1,0,0,0,136,1,1,0,0.0000000,0.0000000,0.0000000,0,0,0,0,755419453640958
987,831282339,1000,1886,1886,2.8930879,-0.00666,-1,-1,-1,0,0,0,136,1,1,0,0.0000000,0.0000000,0.0000000,0,0,0,0,755419454655041
988,831283339,1000,1886,1886,2.8930879,-0.00640,-1,-1,-1,0,0,0,136,1,1,0,0.0000000,0.0000000,0.0000000,0,0,0,0,755419455646708
989,831284339,1000,1886,1886,2.8930879,-0.00614,-1,-1,-1,0,0,0,136,1,1,0,0.0000000,0.0000000,0.0000000,0,0,0,0,755419456645625
990,831285339,1000,1886,1886,2.8930879,-0.00590,-1,-1,-1,0,0,0,136,1,1,0,0.0000000,0.0000000,0.0000000,0,0,0,0,755419457635458
991,831286339,1000,1886,1886,2.8930879,-0.00567,-1,-1,-1,0,0,0,136,1,1,0,0.0000000,0.0000000,0.0000000,0,0,0,0,755419458646625
992,831287339,1000,1886,1886,2.8930879,-0.00545,-1,-1,-1,0,0,0,136,1,1,0,0.0000000,0.0000000,0.0000000,0,0,0,0,755419459644583
993,831288339,1000,1886,1886,2.8930879,-0.00524,-1,-1,-1,0,0,0,136,1,1,0,0.0000000,0.0000000,0.0000000,0,0,0,0,755419460636250
994,831289339,1000,1886,1886,2.8930879,-0.00503,-1,-1,-1,0,0,0,136,1,1,0,0.0000000,0.0000000,0.0000000,0,0,0,0,755419461426583
995,831290339,1000,1886,1886,2.8930879,-0.00483,-1,-1,-1,0,0,0,136,1,1,0,0.0000000,0.0000000,0.0000000,0,0,0,0,755419462423500
996,831291339,1000,1886,1886,2.8930879,-0.00464,-1,-1,-1,0,0,0,136,1,1,0,0.0000000,0.0000000,0.0000000,0,0,0,0,755419463414083
997,831292339,1000,1886,1886,2.8930879,-0.00446,-1,-1,-1,0,0,0,136,1,1,0,0.0000000,0.0000000,0.0000000,0,0,0,0,755419464420458
998,831293339,1000,1886,1886,2.8930879,-0.00429,-1,-1,-1,0,0,0,136,1,1,0,0.0000000,0.0000000,0.0000000,0,0,0,0,755419465420166
999,831294339,1000,1886,1886,2.8930879,-0.00412,-1,-1,-1,0,0,0,136,1,1,0,0.0000000,0.0000000,0.0000000,0,0,0,0,755419466439875
1000,831295339,1000,1886,1886,2.8930879,-0.00396,-1,-1,-1,0,0,0,136,1,1,0,0.0000000,0.0000000,0.0000000,0,0,0,0,755419467363333
1001,831296339,1000,1887,1887,2.8946218,0.05635,-1,-1,-1,0,0,0,136,1,1,0,0.0000000,0.0000000,0.0000000,0,0,0,0,755419468344333
1002,831297339,1000,1886,1886,2.8930879,-0.00601,-1,-1,-1,0,0,0,135,1,1,0,0.0000000,0.0000000,0.0000000,0,0,0,0,755419469350166
1003,831298339,1000,1886,1886,2.8930879,-0.00578,-1,-1,-1,0,0,0,136,1,1,0,0.0000000,0.0000000,0.0000000,0,0,0,0,755419470423666
1004,831299339,1000,1886,1886,2.8930879,-0.00555,-1,-1,-1,0,0,0,136,1,1,0,0.0000000,0.0000000,0.0000000,0,0,0,0,755419471422666
1005,831300339,1000,1886,1886,2.8930879,-0.00533,-1,-1,-1,0,0,0,136,1,1,0,0.0000000,0.0000000,0.0000000,0,0,0,0,755419472421375
1006,831301339,1000,1886,1886,2.8930879,-0.00512,-1,-1,-1,0,0,0,136,1,1,0,0.0000000,0.0000000,0.0000000,0,0,0,0,755419473422958
1007,831302339,1000,1886,1886,2.8930879,-0.00492,39,100,2091,0,0,0,136,1,1,0,0.0000000,0.0000000,0.0000000,0,0,0,0,755419474851166
1008,831303339,1000,1886,1886,2.8930879,-0.00473,-1,-1,-1,0,0,0,136,1,1,0,0.0000000,0.0000000,0.0000000,0,0,0,0,755419475460625
1009,831304339,1000,1886,1886,2.8930879,-0.00454,-1,-1,-1,0,0,0,136,1,1,0,0.0000000,0.0000000,0.0000000,0,0,0,0,755419476434041
1010,831305339,1000,1886,1886,2.8930879,-0.00437,-1,-1,-1,0,0,0,136,1,1,0,0.0000000,0.0000000,0.0000000,0,0,0,0,755419477426166
1011,831306339,1000,1886,1886,2.8930879,-0.00419,-1,-1,-1,0,0,0,136,1,1,0,0.0000000,0.0000000,0.0000000,0,0,0,0,755419478446583
1012,831307339,1000,1887,1887,2.8946218,0.05612,-1,-1,-1,0,0,0,136,1,1,0,0.0000000,0.0000000,0.0000000,0,0,0,0,755419479438291
1013,831308339,1000,1886,1886,2.8930879,-0.00623,-1,-1,-1,0,0,0,136,1,1,0,0.0000000,0.0000000,0.0000000,0,0,0,0,755419480433833
1014,831309339,1000,1886,1886,2.8930879,-0.00599,-1,-1,-1,0,0,0,136,1,1,0,0.0000000,0.0000000,0.0000000,0,0,0,0,755419481427000
1015,831310339,1000,1886,1886,2.8930879,-0.00575,-1,-1,-1,0,0,0,136,1,1,0,0.0000000,0.0000000,0.0000000,0,0,0,0,755419482425666
1016,831311339,1000,1886,1886,2.8930879,-0.00553,-1,-1,-1,0,0,0,136,1,1,0,0.0000000,0.0000000,0.0000000,0,0,0,0,755419483437375
1017,831312339,1000,1886,1886,2.8930879,-0.00531,-1,-1,-1,0,0,0,136,1,1,0,0.0000000,0.0000000,0.0000000,0,0,0,0,755419484450958
1018,831313339,1000,1886,1886,2.8930879,-0.00510,-1,-1,-1,0,0,0,136,1,1,0,0.0000000,0.0000000,0.0000000,0,0,0,0,755419485421458
1019,831314339,1000,1886,1886,2.8930879,-0.00490,-1,-1,-1,0,0,0,136,1,1,0,0.0000000,0.0000000,0.0000000,0,0,0,0,755419486425458
1020,831315339,1000,1886,1886,2.8930879,-0.00471,-1,-1,-1,0,0,0,136,1,1,0,0.0000000,0.0000000,0.0000000,0,0,0,0,755419487418916
1021,831316339,1000,1886,1886,2.8930879,-0.00452,-1,-1,-1,0,0,0,136,1,1,0,0.0000000,0.0000000,0.0000000,0,0,0,0,755419488415416
1022,831317339,1000,1886,1886,2.8930879,-0.00435,-1,-1,-1,0,0,0,136,1,1,0,0.0000000,0.0000000,0.0000000,0,0,0,0,755419489512541
1023,831318339,1000,1886,1886,2.8930879,-0.00418,-1,-1,-1,0,0,0,136,1,1,0,0.0000000,0.0000000,0.0000000,0,0,0,0,755419490466375
1024,831319339,1000,1886,1886,2.8930879,-0.00401,-1,-1,-1,0,0,0,136,1,1,0,0.0000000,0.0000000,0.0000000,0,0,0,0,755419491433541
1025,831320339,1000,1886,1886,2.8930879,-0.00386,-1,-1,-1,0,0,0,136,1,1,0,0.0000000,0.0000000,0.0000000,0,0,0,0,755419492423458
1026,831321339,1000,1886,1886,2.8930879,-0.00370,-1,-1,-1,0,0,0,136,1,1,0,0.0000000,0.0000000,0.0000000,0,0,0,0,755419493421208
1027,831322339,1000,1886,1886,2.8930879,-0.00356,-1,-1,-1,0,0,0,136,1,1,0,0.0000000,0.0000000,0.0000000,0,0,0,0,755419494422416
1028,831323339,1000,1886,1886,2.8930879,-0.00342,-1,-1,-1,0,0,0,136,1,1,0,0.0000000,0.0000000,0.0000000,0,0,0,0,755419495420583
1029,831324339,1000,1886,1886,2.8930879,-0.00329,-1,-1,-1,0,0,0,136,1,1,0,0.0000000,0.0000000,0.0000000,0,0,0,0,755419496422333
1030,831325339,1000,1886,1886,2.8930879,-0.00316,-1,-1,-1,0,0,0,136,1,1,0,0.0000000,0.0000000,0.0000000,0,0,0,0,755419497424958
1031,831326339,1000,1886,1886,2.8930879,-0.00303,-1,-1,-1,0,0,0,136,1,1,0,0.0000000,0.0000000,0.0000000,0,0,0,0,755419498428166
1032,831327339,1000,1886,1886,2.8930879,-0.00291,-1,-1,-1,0,0,0,136,1,1,0,0.0000000,0.0000000,0.0000000,0,0,0,0,755419499437750
1033,831328339,1000,1886,1886,2.8930879,-0.00280,-1,-1,-1,0,0,0,136,1,1,0,0.0000000,0.0000000,0.0000000,0,0,0,0,755419500428208
1034,831329339,1000,1886,1886,2.8930879,-0.00269,-1,-1,-1,0,0,0,136,1,1,0,0.0000000,0.0000000,0.0000000,0,0,0,0,755419501422333
1035,831330339,1000,1886,1886,2.8930879,-0.00258,-1,-1,-1,0,0,0,136,1,1,0,0.0000000,0.0000000,0.0000000,0,0,0,0,755419502418875
1036,831331339,1000,1886,1886,2.8930879,-0.00248,-1,-1,-1,0,0,0,136,1,1,0,0.0000000,0.0000000,0.0000000,0,0,0,0,755419503426541
1037,831332339,1000,1886,1886,2.8930879,-0.00239,-1,-1,-1,0,0,0,136,1,1,0,0.0000000,0.0000000,0.0000000,0,0,0,0,755419504427083
1038,831333339,1000,1886,1886,2.8930879,-0.00229,-1,-1,-1,0,0,0,136,1,1,0,0.0000000,0.0000000,0.0000000,0,0,0,0,755419505418166
1039,831334339,1000,1886,1886,2.8930879,-0.00220,-1,-1,-1,0,0,0,136,1,1,0,0.0000000,0.0000000,0.0000000,0,0,0,0,755419506434125
1040,831335339,1000,1886,1886,2.8930879,-0.00212,-1,-1,-1,0,0,0,136,1,1,0,0.0000000,0.0000000,0.0000000,0,0,0,0,755419507448750
1041,831336339,1000,1886,1886,2.8930879,-0.00203,-1,-1,-1,0,0,0,136,1,1,0,0.0000000,0.0000000,0.0000000,0,0,0,0,755419508431666
1042,831337339,1000,1886,1886,2.8930879,-0.00195,-1,-1,-1,0,0,0,136,1,1,0,0.0000000,0.0000000,0.0000000,0,0,0,0,755419509429875
1043,831338339,1000,1886,1886,2.8930879,-0.00188,-1,-1,-1,0,0,0,136,1,1,0,0.0000000,0.0000000,0.0000000,0,0,0,0,755419510432875
1044,831339339,1000,1886,1886,2.8930879,-0.00180,-1,-1,-1,0,0,0,136,1,1,0,0.0000000,0.0000000,0.0000000,0,0,0,0,755419511427958
1045,831340339,1000,1886,1886,2.8930879,-0.00173,-1,-1,-1,0,0,0,136,1,1,0,0.0000000,0.0000000,0.0000000,0,0,0,0,755419512435791
1046,831341339,1000,1886,1886,2.8930879,-0.00166,-1,-1,-1,0,0,0,136,1,1,0,0.0000000,0.0000000,0.0000000,0,0,0,0,755419513433041
1047,831342339,1000,1886,1886,2.8930879,-0.00160,-1,-1,-1,0,0,0,136,1,1,0,0.0000000,0.0000000,0.0000000,0,0,0,0,755419514436916
1048,831343339,1000,1887,1887,2.8946218,0.05861,-1,-1,-1,0,0,0,136,1,1,0,0.0000000,0.0000000,0.0000000,0,0,0,0,755419515435458
1049,831344339,1000,1886,1886,2.8930879,-0.00383,-1,-1,-1,0,0,0,136,1,1,0,0.0000000,0.0000000,0.0000000,0,0,0,0,755419516426500
1050,831345339,1000,1886,1886,2.8930879,-0.00368,-1,-1,-1,0,0,0,136,1,1,0,0.0000000,0.0000000,0.0000000,0,0,0,0,755419517422875
1051,831346339,1000,1886,1886,2.8930879,-0.00354,-1,-1,-1,0,0,0,136,1,1,0,0.0000000,0.0000000,0.0000000,0,0,0,0,755419518428416
1052,831347339,1000,1886,1886,2.8930879,-0.00340,-1,-1,-1,0,0,0,136,1,1,0,0.0000000,0.0000000,0.0000000,0,0,0,0,755419519427666
1053,831348339,1000,1886,1886,2.8930879,-0.00327,-1,-1,-1,0,0,0,136,1,1,0,0.0000000,0.0000000,0.0000000,0,0,0,0,755419520422041
1054,831349339,1000,1886,1886,2.8930879,-0.00314,-1,-1,-1,0,0,0,136,1,1,0,0.0000000,0.0000000,0.0000000,0,0,0,0,755419521422583
1055,831350339,1000,1886,1886,2.8930879,-0.00302,-1,-1,-1,0,0,0,136,1,1,0,0.0000000,0.0000000,0.0000000,0,0,0,0,755419522423083
1056,831351339,1000,1886,1886,2.8930879,-0.00290,-1,-1,-1,0,0,0,136,1,1,0,0.0000000,0.0000000,0.0000000,0,0,0,0,755419523655583
1057,831352339,1000,1886,1886,2.8930879,-0.00278,39,100,2091,0,0,0,136,1,1,0,0.0000000,0.0000000,0.0000000,0,0,0,0,755419525041041
1058,831353339,1000,1886,1886,2.8930879,-0.00268,-1,-1,-1,0,0,0,136,1,1,0,0.0000000,0.0000000,0.0000000,0,0,0,0,755419525868833
1059,831354339,1000,1886,1886,2.8930879,-0.00257,-1,-1,-1,0,0,0,136,1,1,0,0.0000000,0.0000000,0.0000000,0,0,0,0,755419526685666
1060,831355339,1000,1886,1886,2.8930879,-0.00247,-1,-1,-1,0,0,0,136,1,1,0,0.0000000,0.0000000,0.0000000,0,0,0,0,755419527645125
1061,831356339,1000,1886,1886,2.8930879,-0.00237,-1,-1,-1,0,0,0,136,1,1,0,0.0000000,0.0000000,0.0000000,0,0,0,0,755419528469833
1062,831357339,1000,1886,1886,2.8930879,-0.00228,-1,-1,-1,0,0,0,136,1,1,0,0.0000000,0.0000000,0.0000000,0,0,0,0,755419529431958
1063,831358339,1000,1886,1886,2.8930879,-0.00219,-1,-1,-1,0,0,0,136,1,1,0,0.0000000,0.0000000,0.0000000,0,0,0,0,755419530445125
1064,831359339,1000,1886,1886,2.8930879,-0.00210,-1,-1,-1,0,0,0,136,1,1,0,0.0000000,0.0000000,0.0000000,0,0,0,0,755419531430500
1065,831360339,1000,1886,1886,2.8930879,-0.00202,-1,-1,-1,0,0,0,136,1,1,0,0.0000000,0.0000000,0.0000000,0,0,0,0,755419532428125
1066,831361339,1000,1886,1886,2.8930879,-0.00194,-1,-1,-1,0,0,0,136,1,1,0,0.0000000,0.0000000,0.0000000,0,0,0,0,755419533421166
1067,831362339,1000,1886,1886,2.8930879,-0.00187,-1,-1,-1,0,0,0,136,1,1,0,0.0000000,0.0000000,0.0000000,0,0,0,0,755419534429041
1068,831363339,1000,1886,1886,2.8930879,-0.00179,-1,-1,-1,0,0,0,136,1,1,0,0.0000000,0.0000000,0.0000000,0,0,0,0,755419535426500
1069,831364339,1000,1886,1886,2.8930879,-0.00172,-1,-1,-1,0,0,0,136,1,1,0,0.0000000,0.0000000,0.0000000,0,0,0,0,755419536442208
1070,831365339,1000,1886,1886,2.8930879,-0.00166,-1,-1,-1,0,0,0,136,1,1,0,0.0000000,0.0000000,0.0000000,0,0,0,0,755419537428833
1071,831366339,1000,1886,1886,2.8930879,-0.00159,-1,-1,-1,0,0,0,136,1,1,0,0.0000000,0.0000000,0.0000000,0,0,0,0,755419538434666
1072,831367339,1000,1886,1886,2.8930879,-0.00153,-1,-1,-1,0,0,0,136,1,1,0,0.0000000,0.0000000,0.0000000,0,0,0,0,755419539649958
1073,831368339,1000,1886,1886,2.8930879,-0.00147,-1,-1,-1,0,0,0,136,1,1,0,0.0000000,0.0000000,0.0000000,0,0,0,0,755419540638875
1074,831369339,1000,1887,1887,2.8946218,0.05874,-1,-1,-1,0,0,0,136,1,1,0,0.0000000,0.0000000,0.0000000,0,0,0,0,755419541633291
1075,831370339,1000,1886,1886,2.8930879,-0.00371,-1,-1,-1,0,0,0,136,1,1,0,0.0000000,0.0000000,0.0000000,0,0,0,0,755419542444333
1076,831371339,1000,1886,1886,2.8930879,-0.00357,-1,-1,-1,0,0,0,136,1,1,0,0.0000000,0.0000000,0.0000000,0,0,0,0,755419543418041
1077,831372339,1000,1886,1886,2.8930879,-0.00343,-1,-1,-1,0,0,0,136,1,1,0,0.0000000,0.0000000,0.0000000,0,0,0,0,755419544413625
1078,831373339,1000,1886,1886,2.8930879,-0.00329,-1,-1,-1,0,0,0,136,1,1,0,0.0000000,0.0000000,0.0000000,0,0,0,0,755419545446333
1079,831374339,1000,1886,1886,2.8930879,-0.00316,-1,-1,-1,0,0,0,136,1,1,0,0.0000000,0.0000000,0.0000000,0,0,0,0,755419546472958
1080,831375339,1000,1886,1886,2.8930879,-0.00304,-1,-1,-1,0,0,0,136,1,1,0,0.0000000,0.0000000,0.0000000,0,0,0,0,755419547457625
1081,831376339,1000,1886,1886,2.8930879,-0.00292,-1,-1,-1,0,0,0,136,1,1,0,0.0000000,0.0000000,0.0000000,0,0,0,0,755419548438666
1082,831377339,1000,1886,1886,2.8930879,-0.00281,-1,-1,-1,0,0,0,136,1,1,0,0.0000000,0.0000000,0.0000000,0,0,0,0,755419549434250
1083,831378339,1000,1886,1886,2.8930879,-0.00270,-1,-1,-1,0,0,0,136,1,1,0,0.0000000,0.0000000,0.0000000,0,0,0,0,755419550430166
1084,831379339,1000,1886,1886,2.8930879,-0.00259,-1,-1,-1,0,0,0,136,1,1,0,0.0000000,0.0000000,0.0000000,0,0,0,0,755419551433000
1085,831380339,1000,1886,1886,2.8930879,-0.00249,-1,-1,-1,0,0,0,136,1,1,0,0.0000000,0.0000000,0.0000000,0,0,0,0,755419552430625
1086,831381339,1000,1886,1886,2.8930879,-0.00239,-1,-1,-1,0,0,0,136,1,1,0,0.0000000,0.0000000,0.0000000,0,0,0,0,755419553440041
1087,831382339,1000,1886,1886,2.8930879,-0.00230,-1,-1,-1,0,0,0,136,1,1,0,0.0000000,0.0000000,0.0000000,0,0,0,0,755419554440333
1088,831383339,1000,1886,1886,2.8930879,-0.00221,-1,-1,-1,0,0,0,136,1,1,0,0.0000000,0.0000000,0.0000000,0,0,0,0,755419555442458
1089,831384339,1000,1886,1886,2.8930879,-0.00212,-1,-1,-1,0,0,0,136,1,1,0,0.0000000,0.0000000,0.0000000,0,0,0,0,755419556478333
1090,831385339,1000,1886,1886,2.8930879,-0.00204,-1,-1,-1,0,0,0,136,1,1,0,0.0000000,0.0000000,0.0000000,0,0,0,0,755419557477416
1091,831386339,1000,1886,1886,2.8930879,-0.00196,-1,-1,-1,0,0,0,136,1,1,0,0.0000000,0.0000000,0.0000000,0,0,0,0,755419558516875
1092,831387339,1000,1886,1886,2.8930879,-0.00188,-1,-1,-1,0,0,0,136,1,1,0,0.0000000,0.0000000,0.0000000,0,0,0,0,755419559509208
1093,831388339,1000,1886,1886,2.8930879,-0.00181,-1,-1,-1,0,0,0,136,1,1,0,0.0000000,0.0000000,0.0000000,0,0,0,0,755419560518375
1094,831389339,1000,1886,1886,2.8930879,-0.00174,-1,-1,-1,0,0,0,136,1,1,0,0.0000000,0.0000000,0.0000000,0,0,0,0,755419561491583
1095,831390339,1000,1886,1886,2.8930879,-0.00167,-1,-1,-1,0,0,0,136,1,1,0,0.0000000,0.0000000,0.0000000,0,0,0,0,755419562457083
1096,831391339,1000,1886,1886,2.8930879,-0.00160,-1,-1,-1,0,0,0,136,1,1,0,0.0000000,0.0000000,0.0000000,0,0,0,0,755419563446541
1097,831392339,1000,1886,1886,2.8930879,-0.00154,-1,-1,-1,0,0,0,136,1,1,0,0.0000000,0.0000000,0.0000000,0,0,0,0,755419564457583
1098,831393339,1000,1886,1886,2.8930879,-0.00148,-1,-1,-1,0,0,0,136,1,1,0,0.0000000,0.0000000,0.0000000,0,0,0,0,755419565444083
1099,831394339,1000,1886,1886,2.8930879,-0.00142,-1,-1,-1,0,0,0,136,1,1,0,0.0000000,0.0000000,0.0000000,0,0,0,0,755419566462416
1100,831395339,1000,1886,1886,2.8930879,-0.00137,-1,-1,-1,0,0,0,136,1,1,0,0.0000000,0.0000000,0.0000000,0,0,0,0,755419567463750
1101,831396339,1000,1886,1886,2.8930879,-0.00131,-1,-1,-1,0,0,0,136,1,1,0,0.0000000,0.0000000,0.0000000,0,0,0,0,755419568440083
1102,831397339,1000,1886,1886,2.8930879,-0.00126,-1,-1,-1,0,0,0,136,1,1,0,0.0000000,0.0000000,0.0000000,0,0,0,0,755419569424750
1103,831398339,1000,1886,1886,2.8930879,-0.00121,-1,-1,-1,0,0,0,136,1,1,0,0.0000000,0.0000000,0.0000000,0,0,0,0,755419570458166
1104,831399339,1000,1886,1886,2.8930879,-0.00116,-1,-1,-1,0,0,0,136,1,1,0,0.0000000,0.0000000,0.0000000,0,0,0,0,755419571428416
1105,831400339,1000,1886,1886,2.8930879,-0.00112,-1,-1,-1,0,0,0,136,1,1,0,0.0000000,0.0000000,0.0000000,0,0,0,0,755419572433916
1106,831401339,1000,1886,1886,2.8930879,-0.00107,-1,-1,-1,0,0,0,136,1,1,0,0.0000000,0.0000000,0.0000000,0,0,0,0,755419573462500
1107,831402339,1000,1886,1886,2.8930879,-0.00103,39,100,2090,0,0,0,136,1,1,0,0.0000000,0.0000000,0.0000000,0,0,0,0,755419575147125
1108,831403339,1000,1886,1886,2.8930879,-0.00099,-1,-1,-1,0,0,0,136,1,1,0,0.0000000,0.0000000,0.0000000,0,0,0,0,755419576047083
1109,831404339,1000,1886,1886,2.8930879,-0.00095,-1,-1,-1,0,0,0,136,1,1,0,0.0000000,0.0000000,0.0000000,0,0,0,0,755419576919666
1110,831405339,1000,1886,1886,2.8930879,-0.00092,-1,-1,-1,0,0,0,136,1,1,0,0.0000000,0.0000000,0.0000000,0,0,0,0,755419577685833
1111,831406339,1000,1886,1886,2.8930879,-0.00088,-1,-1,-1,0,0,0,136,1,1,0,0.0000000,0.0000000,0.0000000,0,0,0,0,755419578471708
1112,831407339,1000,1887,1887,2.8946218,0.05930,-1,-1,-1,0,0,0,136,1,1,0,0.0000000,0.0000000,0.0000000,0,0,0,0,755419579451833
1113,831408339,1000,1886,1886,2.8930879,-0.00317,-1,-1,-1,0,0,0,136,1,1,0,0.0000000,0.0000000,0.0000000,0,0,0,0,755419580433541
1114,831409339,1000,1886,1886,2.8930879,-0.00305,-1,-1,-1,0,0,0,136,1,1,0,0.0000000,0.0000000,0.0000000,0,0,0,0,755419581461416
1115,831410339,1000,1886,1886,2.8930879,-0.00293,-1,-1,-1,0,0,0,136,1,1,0,0.0000000,0.0000000,0.0000000,0,0,0,0,755419582458458
1116,831411339,1000,1886,1886,2.8930879,-0.00281,-1,-1,-1,0,0,0,136,1,1,0,0.0000000,0.0000000,0.0000000,0,0,0,0,755419583448041
1117,831412339,1000,1886,1886,2.8930879,-0.00270,-1,-1,-1,0,0,0,136,1,1,0,0.0000000,0.0000000,0.0000000,0,0,0,0,755419584430708
1118,831413339,1000,1886,1886,2.8930879,-0.00260,-1,-1,-1,0,0,0,136,1,1,0,0.0000000,0.0000000,0.0000000,0,0,0,0,755419585438958
1119,831414339,1000,1886,1886,2.8930879,-0.00249,-1,-1,-1,0,0,0,136,1,1,0,0.0000000,0.0000000,0.0000000,0,0,0,0,755419586442500
1120,831415339,1000,1886,1886,2.8930879,-0.00240,-1,-1,-1,0,0,0,136,1,1,0,0.0000000,0.0000000,0.0000000,0,0,0,0,755419587436666
1121,831416339,1000,1886,1886,2.8930879,-0.00230,-1,-1,-1,0,0,0,136,1,1,0,0.0000000,0.0000000,0.0000000,0,0,0,0,755419588439291
1122,831417339,1000,1886,1886,2.8930879,-0.00221,-1,-1,-1,0,0,0,136,1,1,0,0.0000000,0.0000000,0.0000000,0,0,0,0,755419589437375
1123,831418339,1000,1886,1886,2.8930879,-0.00213,-1,-1,-1,0,0,0,136,1,1,0,0.0000000,0.0000000,0.0000000,0,0,0,0,755419590436791
1124,831419339,1000,1886,1886,2.8930879,-0.00204,-1,-1,-1,0,0,0,136,1,1,0,0.0000000,0.0000000,0.0000000,0,0,0,0,755419591432291
1125,831420339,1000,1886,1886,2.8930879,-0.00196,-1,-1,-1,0,0,0,136,1,1,0,0.0000000,0.0000000,0.0000000,0,0,0,0,755419592436583
1126,831421339,1000,1886,1886,2.8930879,-0.00189,-1,-1,-1,0,0,0,136,1,1,0,0.0000000,0.0000000,0.0000000,0,0,0,0,755419593460666
1127,831422339,1000,1886,1886,2.8930879,-0.00181,-1,-1,-1,0,0,0,136,1,1,0,0.0000000,0.0000000,0.0000000,0,0,0,0,755419594438458
1128,831423339,1000,1886,1886,2.8930879,-0.00174,-1,-1,-1,0,0,0,136,1,1,0,0.0000000,0.0000000,0.0000000,0,0,0,0,755419595442500
1129,831424339,1000,1886,1886,2.8930879,-0.00167,-1,-1,-1,0,0,0,136,1,1,0,0.0000000,0.0000000,0.0000000,0,0,0,0,755419596436083
1130,831425339,1000,1886,1886,2.8930879,-0.00161,-1,-1,-1,0,0,0,136,1,1,0,0.0000000,0.0000000,0.0000000,0,0,0,0,755419597433416
1131,831426339,1000,1886,1886,2.8930879,-0.00154,-1,-1,-1,0,0,0,136,1,1,0,0.0000000,0.0000000,0.0000000,0,0,0,0,755419598442541
1132,831427339,1000,1886,1886,2.8930879,-0.00148,-1,-1,-1,0,0,0,136,1,1,0,0.0000000,0.0000000,0.0000000,0,0,0,0,755419599432333
1133,831428339,1000,1886,1886,2.8930879,-0.00142,-1,-1,-1,0,0,0,136,1,1,0,0.0000000,0.0000000,0.0000000,0,0,0,0,755419600425375
1134,831429339,1000,1886,1886,2.8930879,-0.00137,-1,-1,-1,0,0,0,136,1,1,0,0.0000000,0.0000000,0.0000000,0,0,0,0,755419601430291
1135,831430339,1000,1886,1886,2.8930879,-0.00132,-1,-1,-1,0,0,0,136,1,1,0,0.0000000,0.0000000,0.0000000,0,0,0,0,755419602649333
1136,831431339,1000,1886,1886,2.8930879,-0.00126,-1,-1,-1,0,0,0,136,1,1,0,0.0000000,0.0000000,0.0000000,0,0,0,0,755419603653250
1137,831432339,1000,1886,1886,2.8930879,-0.00121,-1,-1,-1,0,0,0,136,1,1,0,0.0000000,0.0000000,0.0000000,0,0,0,0,755419604641750
1138,831433339,1000,1886,1886,2.8930879,-0.00117,-1,-1,-1,0,0,0,136,1,1,0,0.0000000,0.0000000,0.0000000,0,0,0,0,755419605479958
1139,831434339,1000,1886,1886,2.8930879,-0.00112,-1,-1,-1,0,0,0,136,1,1,0,0.0000000,0.0000000,0.0000000,0,0,0,0,755419606426250
1140,831435339,1000,1886,1886,2.8930879,-0.00108,-1,-1,-1,0,0,0,136,1,1,0,0.0000000,0.0000000,0.0000000,0,0,0,0,755419607465083
1141,831436339,1000,1886,1886,2.8930879,-0.00103,-1,-1,-1,0,0,0,136,1,1,0,0.0000000,0.0000000,0.0000000,0,0,0,0,755419608489625
1142,831437339,1000,1886,1886,2.8930879,-0.00099,-1,-1,-1,0,0,0,136,1,1,0,0.0000000,0.0000000,0.0000000,0,0,0,0,755419609475583
1143,831438339,1000,1886,1886,2.8930879,-0.00095,-1,-1,-1,0,0,0,136,1,1,0,0.0000000,0.0000000,0.0000000,0,0,0,0,755419610460500
1144,831439339,1000,1886,1886,2.8930879,-0.00092,-1,-1,-1,0,0,0,136,1,1,0,0.0000000,0.0000000,0.0000000,0,0,0,0,755419611441250
1145,831440339,1000,1886,1886,2.8930879,-0.00088,-1,-1,-1,0,0,0,136,1,1,0,0.0000000,0.0000000,0.0000000,0,0,0,0,755419612432916
1146,831441339,1000,1886,1886,2.8930879,-0.00085,-1,-1,-1,0,0,0,136,1,1,0,0.0000000,0.0000000,0.0000000,0,0,0,0,755419613424250
1147,831442339,1000,1886,1886,2.8930879,-0.00081,-1,-1,-1,0,0,0,136,1,1,0,0.0000000,0.0000000,0.0000000,0,0,0,0,755419614658000
1148,831443339,1000,1886,1886,2.8930879,-0.00078,-1,-1,-1,0,0,0,136,1,1,0,0.0000000,0.0000000,0.0000000,0,0,0,0,755419615651458
1149,831444339,1000,1886,1886,2.8930879,-0.00075,-1,-1,-1,0,0,0,136,1,1,0,0.0000000,0.0000000,0.0000000,0,0,0,0,755419616659916
1150,831445339,1000,1886,1886,2.8930879,-0.00072,-1,-1,-1,0,0,0,136,1,1,0,0.0000000,0.0000000,0.0000000,0,0,0,0,755419617444958
1151,831446339,1000,1886,1886,2.8930879,-0.00069,-1,-1,-1,0,0,0,136,1,1,0,0.0000000,0.0000000,0.0000000,0,0,0,0,755419618443958
1152,831447339,1000,1886,1886,2.8930879,-0.00067,-1,-1,-1,0,0,0,136,1,1,0,0.0000000,0.0000000,0.0000000,0,0,0,0,755419619431708
1153,831448339,1000,1886,1886,2.8930879,-0.00064,-1,-1,-1,0,0,0,136,1,1,0,0.0000000,0.0000000,0.0000000,0,0,0,0,755419620430083
1154,831449339,1000,1886,1886,2.8930879,-0.00062,-1,-1,-1,0,0,0,136,1,1,0,0.0000000,0.0000000,0.0000000,0,0,0,0,755419621423125
1155,831450339,1000,1886,1886,2.8930879,-0.00059,-1,-1,-1,0,0,0,136,1,1,0,0.0000000,0.0000000,0.0000000,0,0,0,0,755419622433666
1156,831451339,1000,1886,1886,2.8930879,-0.00057,-1,-1,-1,0,0,0,136,1,1,0,0.0000000,0.0000000,0.0000000,0,0,0,0,755419623441833
1157,831452339,1000,1886,1886,2.8930879,-0.00055,39,100,2091,0,0,0,136,1,1,0,0.0000000,0.0000000,0.0000000,0,0,0,0,755419624904916
1158,831453339,1000,1886,1886,2.8930879,-0.00052,-1,-1,-1,0,0,0,136,1,1,0,0.0000000,0.0000000,0.0000000,0,0,0,0,755419625516458
1159,831454339,1000,1886,1886,2.8930879,-0.00050,-1,-1,-1,0,0,0,136,1,1,0,0.0000000,0.0000000,0.0000000,0,0,0,0,755419626463250
1160,831455339,1000,1886,1886,2.8930879,-0.00048,-1,-1,-1,0,0,0,136,1,1,0,0.0000000,0.0000000,0.0000000,0,0,0,0,755419627427666
1161,831456339,1000,1886,1886,2.8930879,-0.00046,-1,-1,-1,0,0,0,136,1,1,0,0.0000000,0.0000000,0.0000000,0,0,0,0,755419628646625
1162,831457339,1000,1886,1886,2.8930879,-0.00045,-1,-1,-1,0,0,0,136,1,1,0,0.0000000,0.0000000,0.0000000,0,0,0,0,755419629646583
1163,831458339,1000,1886,1886,2.8930879,-0.00043,-1,-1,-1,0,0,0,136,1,1,0,0.0000000,0.0000000,0.0000000,0,0,0,0,755419630653416
1164,831459339,1000,1886,1886,2.8930879,-0.00041,-1,-1,-1,0,0,0,136,1,1,0,0.0000000,0.0000000,0.0000000,0,0,0,0,755419631644541
1165,831460339,1000,1886,1886,2.8930879,-0.00040,-1,-1,-1,0,0,0,136,1,1,0,0.0000000,0.0000000,0.0000000,0,0,0,0,755419632646916
1166,831461339,1000,1886,1886,2.8930879,-0.00038,-1,-1,-1,0,0,0,136,1,1,0,0.0000000,0.0000000,0.0000000,0,0,0,0,755419633447000
1167,831462339,1000,1886,1886,2.8930879,-0.00037,-1,-1,-1,0,0,0,136,1,1,0,0.0000000,0.0000000,0.0000000,0,0,0,0,755419634450708
1168,831463339,1000,1886,1886,2.8930879,-0.00035,-1,-1,-1,0,0,0,136,1,1,0,0.0000000,0.0000000,0.0000000,0,0,0,0,755419635454875
1169,831464339,1000,1886,1886,2.8930879,-0.00034,-1,-1,-1,0,0,0,136,1,1,0,0.0000000,0.0000000,0.0000000,0,0,0,0,755419636435458
1170,831465339,1000,1886,1886,2.8930879,-0.00032,-1,-1,-1,0,0,0,135,1,1,0,0.0000000,0.0000000,0.0000000,0,0,0,0,755419637429833
1171,831466339,1000,1886,1886,2.8930879,-0.00031,-1,-1,-1,0,0,0,136,1,1,0,0.0000000,0.0000000,0.0000000,0,0,0,0,755419638431916
1172,831467339,1000,1886,1886,2.8930879,-0.00030,-1,-1,-1,0,0,0,136,1,1,0,0.0000000,0.0000000,0.0000000,0,0,0,0,755419639433333
1173,831468339,1000,1886,1886,2.8930879,-0.00029,-1,-1,-1,0,0,0,136,1,1,0,0.0000000,0.0000000,0.0000000,0,0,0,0,755419640430875
1174,831469339,1000,1886,1886,2.8930879,-0.00028,-1,-1,-1,0,0,0,136,1,1,0,0.0000000,0.0000000,0.0000000,0,0,0,0,755419641426791
1175,831470339,1000,1886,1886,2.8930879,-0.00027,-1,-1,-1,0,0,0,136,1,1,0,0.0000000,0.0000000,0.0000000,0,0,0,0,755419642436125
1176,831471339,1000,1886,1886,2.8930879,-0.00026,-1,-1,-1,0,0,0,136,1,1,0,0.0000000,0.0000000,0.0000000,0,0,0,0,755419643493875
1177,831472339,1000,1886,1886,2.8930879,-0.00025,-1,-1,-1,0,0,0,136,1,1,0,0.0000000,0.0000000,0.0000000,0,0,0,0,755419644673750
1178,831473339,1000,1886,1886,2.8930879,-0.00024,-1,-1,-1,0,0,0,136,1,1,0,0.0000000,0.0000000,0.0000000,0,0,0,0,755419645646541
1179,831474339,1000,1886,1886,2.8930879,-0.00023,-1,-1,-1,0,0,0,136,1,1,0,0.0000000,0.0000000,0.0000000,0,0,0,0,755419646623416
1180,831475339,1000,1886,1886,2.8930879,-0.00022,-1,-1,-1,0,0,0,136,1,1,0,0.0000000,0.0000000,0.0000000,0,0,0,0,755419647433166
1181,831476339,1000,1886,1886,2.8930879,-0.00021,-1,-1,-1,0,0,0,136,1,1,0,0.0000000,0.0000000,0.0000000,0,0,0,0,755419648424750
1182,831477339,1000,1886,1886,2.8930879,-0.00020,-1,-1,-1,0,0,0,136,1,1,0,0.0000000,0.0000000,0.0000000,0,0,0,0,755419649423125
1183,831478339,1000,1886,1886,2.8930879,-0.00019,-1,-1,-1,0,0,0,136,1,1,0,0.0000000,0.0000000,0.0000000,0,0,0,0,755419650422166
1184,831479339,1000,1886,1886,2.8930879,-0.00019,-1,-1,-1,0,0,0,135,1,1,0,0.0000000,0.0000000,0.0000000,0,0,0,0,755419651424291
1185,831480339,1000,1886,1886,2.8930879,-0.00018,-1,-1,-1,0,0,0,136,1,1,0,0.0000000,0.0000000,0.0000000,0,0,0,0,755419652419250
1186,831481339,1000,1886,1886,2.8930879,-0.00017,-1,-1,-1,0,0,0,136,1,1,0,0.0000000,0.0000000,0.0000000,0,0,0,0,755419653426083
1187,831482339,1000,1886,1886,2.8930879,-0.00016,-1,-1,-1,0,0,0,136,1,1,0,0.0000000,0.0000000,0.0000000,0,0,0,0,755419654428500
1188,831483339,1000,1886,1886,2.8930879,-0.00016,-1,-1,-1,0,0,0,136,1,1,0,0.0000000,0.0000000,0.0000000,0,0,0,0,755419655438291
1189,831484339,1000,1886,1886,2.8930879,-0.00015,-1,-1,-1,0,0,0,136,1,1,0,0.0000000,0.0000000,0.0000000,0,0,0,0,755419656435625
1190,831485339,1000,1886,1886,2.8930879,-0.00015,-1,-1,-1,0,0,0,136,1,1,0,0.0000000,0.0000000,0.0000000,0,0,0,0,755419657431750
1191,831486339,1000,1886,1886,2.8930879,-0.00014,-1,-1,-1,0,0,0,136,1,1,0,0.0000000,0.0000000,0.0000000,0,0,0,0,755419658649416
1192,831487339,1000,1886,1886,2.8930879,-0.00013,-1,-1,-1,0,0,0,136,1,1,0,0.0000000,0.0000000,0.0000000,0,0,0,0,755419659651083
1193,831488339,1000,1886,1886,2.8930879,-0.00013,-1,-1,-1,0,0,0,136,1,1,0,0.0000000,0.0000000,0.0000000,0,0,0,0,755419660562166
1194,831489339,1000,1886,1886,2.8930879,-0.00012,-1,-1,-1,0,0,0,136,1,1,0,0.0000000,0.0000000,0.0000000,0,0,0,0,755419661433458
1195,831490339,1000,1886,1886,2.8930879,-0.00012,-1,-1,-1,0,0,0,136,1,1,0,0.0000000,0.0000000,0.0000000,0,0,0,0,755419662423833
1196,831491339,1000,1886,1886,2.8930879,-0.00011,-1,-1,-1,0,0,0,136,1,1,0,0.0000000,0.0000000,0.0000000,0,0,0,0,755419663427458
1197,831492339,1000,1886,1886,2.8930879,-0.00011,-1,-1,-1,0,0,0,136,1,1,0,0.0000000,0.0000000,0.0000000,0,0,0,0,755419664428583
1198,831493339,1000,1886,1886,2.8930879,-0.00011,-1,-1,-1,0,0,0,135,1,1,0,0.0000000,0.0000000,0.0000000,0,0,0,0,755419665447500
1199,831494339,1000,1886,1886,2.8930879,-0.00010,-1,-1,-1,0,0,0,136,1,1,0,0.0000000,0.0000000,0.0000000,0,0,0,0,755419666438041
1200,831495339,1000,1886,1886,2.8930879,-0.00010,-1,-1,-1,0,0,0,136,1,1,0,0.0000000,0.0000000,0.0000000,0,0,0,0,755419667442208
1201,831496339,1000,1886,1886,2.8930879,-0.00009,-1,-1,-1,0,0,0,136,1,1,0,0.0000000,0.0000000,0.0000000,0,0,0,0,755419668425375
1202,831497339,1000,1886,1886,2.8930879,-0.00009,-1,-1,-1,0,0,0,136,1,1,0,0.0000000,0.0000000,0.0000000,0,0,0,0,755419669432833
1203,831498339,1000,1886,1886,2.8930879,-0.00009,-1,-1,-1,0,0,0,136,1,1,0,0.0000000,0.0000000,0.0000000,0,0,0,0,755419670438000
1204,831499339,1000,1886,1886,2.8930879,-0.00008,-1,-1,-1,0,0,0,136,1,1,0,0.0000000,0.0000000,0.0000000,0,0,0,0,755419671454041
1205,831500339,1000,1886,1886,2.8930879,-0.00008,-1,-1,-1,0,0,0,136,1,1,0,0.0000000,0.0000000,0.0000000,0,0,0,0,755419672430625
1206,831501339,1000,1886,1886,2.8930879,-0.00008,-1,-1,-1,0,0,0,136,1,1,0,0.0000000,0.0000000,0.0000000,0,0,0,0,755419673645875
1207,831502339,1000,1886,1886,2.8930879,-0.00007,39,100,2091,0,0,0,136,1,1,0,0.0000000,0.0000000,0.0000000,0,0,0,0,755419675036708
1208,831503339,1000,1886,1886,2.8930879,-0.00007,-1,-1,-1,0,0,0,136,1,1,0,0.0000000,0.0000000,0.0000000,0,0,0,0,755419675871541
1209,831504339,1000,1886,1886,2.8930879,-0.00007,-1,-1,-1,0,0,0,136,1,1,0,0.0000000,0.0000000,0.0000000,0,0,0,0,755419676702333
1210,831505339,1000,1886,1886,2.8930879,-0.00007,-1,-1,-1,0,0,0,136,1,1,0,0.0000000,0.0000000,0.0000000,0,0,0,0,755419677645791
1211,831506339,1000,1886,1886,2.8930879,-0.00006,-1,-1,-1,0,0,0,136,1,1,0,0.0000000,0.0000000,0.0000000,0,0,0,0,755419678469750
1212,831507339,1000,1886,1886,2.8930879,-0.00006,-1,-1,-1,0,0,0,136,1,1,0,0.0000000,0.0000000,0.0000000,0,0,0,0,755419679424041
1213,831508339,1000,1886,1886,2.8930879,-0.00006,-1,-1,-1,0,0,0,136,1,1,0,0.0000000,0.0000000,0.0000000,0,0,0,0,755419680426458
1214,831509339,1000,1886,1886,2.8930879,-0.00006,-1,-1,-1,0,0,0,136,1,1,0,0.0000000,0.0000000,0.0000000,0,0,0,0,755419681423958
1215,831510339,1000,1886,1886,2.8930879,-0.00005,-1,-1,-1,0,0,0,136,1,1,0,0.0000000,0.0000000,0.0000000,0,0,0,0,755419682430333
1216,831511339,1000,1886,1886,2.8930879,-0.00005,-1,-1,-1,0,0,0,136,1,1,0,0.0000000,0.0000000,0.0000000,0,0,0,0,755419683421458
1217,831512339,1000,1886,1886,2.8930879,-0.00005,-1,-1,-1,0,0,0,136,1,1,0,0.0000000,0.0000000,0.0000000,0,0,0,0,755419684419625
1218,831513339,1000,1886,1886,2.8930879,-0.00005,-1,-1,-1,0,0,0,136,1,1,0,0.0000000,0.0000000,0.0000000,0,0,0,0,755419685410291
1219,831514339,1000,1886,1886,2.8930879,-0.00005,-1,-1,-1,0,0,0,136,1,1,0,0.0000000,0.0000000,0.0000000,0,0,0,0,755419686435791
1220,831515339,1000,1886,1886,2.8930879,-0.00004,-1,-1,-1,0,0,0,136,1,1,0,0.0000000,0.0000000,0.0000000,0,0,0,0,755419687431083
1221,831516339,1000,1886,1886,2.8930879,-0.00004,-1,-1,-1,0,0,0,136,1,1,0,0.0000000,0.0000000,0.0000000,0,0,0,0,755419688429500
1222,831517339,1000,1886,1886,2.8930879,-0.00004,-1,-1,-1,0,0,0,136,1,1,0,0.0000000,0.0000000,0.0000000,0,0,0,0,755419689428041
1223,831518339,1000,1886,1886,2.8930879,-0.00004,-1,-1,-1,0,0,0,136,1,1,0,0.0000000,0.0000000,0.0000000,0,0,0,0,755419690419875
1224,831519339,1000,1886,1886,2.8930879,-0.00004,-1,-1,-1,0,0,0,136,1,1,0,0.0000000,0.0000000,0.0000000,0,0,0,0,755419691650958
1225,831520339,1000,1886,1886,2.8930879,-0.00004,-1,-1,-1,0,0,0,136,1,1,0,0.0000000,0.0000000,0.0000000,0,0,0,0,755419692633041
1226,831521339,1000,1886,1886,2.8930879,-0.00003,-1,-1,-1,0,0,0,136,1,1,0,0.0000000,0.0000000,0.0000000,0,0,0,0,755419693667666
1227,831522339,1000,1886,1886,2.8930879,-0.00003,-1,-1,-1,0,0,0,136,1,1,0,0.0000000,0.0000000,0.0000000,0,0,0,0,755419694658583
1228,831523339,1000,1886,1886,2.8930879,-0.00003,-1,-1,-1,0,0,0,136,1,1,0,0.0000000,0.0000000,0.0000000,0,0,0,0,755419695642333
1229,831524339,1000,1886,1886,2.8930879,-0.00003,-1,-1,-1,0,0,0,136,1,1,0,0.0000000,0.0000000,0.0000000,0,0,0,0,755419696421333
1230,831525339,1000,1886,1886,2.8930879,-0.00003,-1,-1,-1,0,0,0,136,1,1,0,0.0000000,0.0000000,0.0000000,0,0,0,0,755419697429166
1231,831526339,1000,1886,1886,2.8930879,-0.00003,-1,-1,-1,0,0,0,136,1,1,0,0.0000000,0.0000000,0.0000000,0,0,0,0,755419698416958
1232,831527339,1000,1886,1886,2.8930879,-0.00003,-1,-1,-1,0,0,0,136,1,1,0,0.0000000,0.0000000,0.0000000,0,0,0,0,755419699422583
1233,831528339,1000,1886,1886,2.8930879,-0.00003,-1,-1,-1,0,0,0,136,1,1,0,0.0000000,0.0000000,0.0000000,0,0,0,0,755419700426791
1234,831529339,1000,1886,1886,2.8930879,-0.00003,-1,-1,-1,0,0,0,136,1,1,0,0.0000000,0.0000000,0.0000000,0,0,0,0,755419701431375
1235,831530339,1000,1886,1886,2.8930879,-0.00002,-1,-1,-1,0,0,0,136,1,1,0,0.0000000,0.0000000,0.0000000,0,0,0,0,755419702434458
1236,831531339,1000,1886,1886,2.8930879,-0.00002,-1,-1,-1,0,0,0,136,1,1,0,0.0000000,0.0000000,0.0000000,0,0,0,0,755419703420500
1237,831532339,1000,1886,1886,2.8930879,-0.00002,-1,-1,-1,0,0,0,136,1,1,0,0.0000000,0.0000000,0.0000000,0,0,0,0,755419704422958
1238,831533339,1000,1886,1886,2.8930879,-0.00002,-1,-1,-1,0,0,0,136,1,1,0,0.0000000,0.0000000,0.0000000,0,0,0,0,755419705424041
1239,831534339,1000,1886,1886,2.8930879,-0.00002,-1,-1,-1,0,0,0,136,1,1,0,0.0000000,0.0000000,0.0000000,0,0,0,0,755419706420875
1240,831535339,1000,1886,1886,2.8930879,-0.00002,-1,-1,-1,0,0,0,136,1,1,0,0.0000000,0.0000000,0.0000000,0,0,0,0,755419707423666
1241,831536339,1000,1886,1886,2.8930879,-0.00002,-1,-1,-1,0,0,0,136,1,1,0,0.0000000,0.0000000,0.0000000,0,0,0,0,755419708484541
1242,831537339,1000,1886,1886,2.8930879,-0.00002,-1,-1,-1,0,0,0,136,1,1,0,0.0000000,0.0000000,0.0000000,0,0,0,0,755419709516666
1243,831538339,1000,1886,1886,2.8930879,-0.00002,-1,-1,-1,0,0,0,136,1,1,0,0.0000000,0.0000000,0.0000000,0,0,0,0,755419710446583
1244,831539339,1000,1887,1887,2.8946218,0.06013,-1,-1,-1,0,0,0,136,1,1,0,0.0000000,0.0000000,0.0000000,0,0,0,0,755419711434583
1245,831540339,1000,1886,1886,2.8930879,-0.00237,-1,-1,-1,0,0,0,136,1,1,0,0.0000000,0.0000000,0.0000000,0,0,0,0,755419712436541
1246,831541339,1000,1886,1886,2.8930879,-0.00228,-1,-1,-1,0,0,0,136,1,1,0,0.0000000,0.0000000,0.0000000,0,0,0,0,755419713436833
1247,831542339,1000,1886,1886,2.8930879,-0.00219,-1,-1,-1,0,0,0,136,1,1,0,0.0000000,0.0000000,0.0000000,0,0,0,0,755419714435666
1248,831543339,1000,1886,1886,2.8930879,-0.00211,-1,-1,-1,0,0,0,136,1,1,0,0.0000000,0.0000000,0.0000000,0,0,0,0,755419715431416
1249,831544339,1000,1886,1886,2.8930879,-0.00202,-1,-1,-1,0,0,0,136,1,1,0,0.0000000,0.0000000,0.0000000,0,0,0,0,755419716436916
1250,831545339,1000,1886,1886,2.8930879,-0.00194,-1,-1,-1,0,0,0,136,1,1,0,0.0000000,0.0000000,0.0000000,0,0,0,0,755419717447500
1251,831546339,1000,1886,1886,2.8930879,-0.00187,-1,-1,-1,0,0,0,136,1,1,0,0.0000000,0.0000000,0.0000000,0,0,0,0,755419718450958
1252,831547339,1000,1886,1886,2.8930879,-0.00179,-1,-1,-1,0,0,0,136,1,1,0,0.0000000,0.0000000,0.0000000,0,0,0,0,755419719440833
1253,831548339,1000,1886,1886,2.8930879,-0.00172,-1,-1,-1,0,0,0,136,1,1,0,0.0000000,0.0000000,0.0000000,0,0,0,0,755419720640291
1254,831549339,1000,1886,1886,2.8930879,-0.00166,-1,-1,-1,0,0,0,136,1,1,0,0.0000000,0.0000000,0.0000000,0,0,0,0,755419721664750
1255,831550339,1000,1886,1886,2.8930879,-0.00159,-1,-1,-1,0,0,0,136,1,1,0,0.0000000,0.0000000,0.0000000,0,0,0,0,755419722660958
1256,831551339,1000,1886,1886,2.8930879,-0.00153,-1,-1,-1,0,0,0,136,1,1,0,0.0000000,0.0000000,0.0000000,0,0,0,0,755419723514416
1257,831552339,1000,1886,1886,2.8930879,-0.00147,39,100,2091,0,0,0,136,1,1,0,0.0000000,0.0000000,0.0000000,0,0,0,0,755419724806333
1258,831553339,1000,1886,1886,2.8930879,-0.00141,-1,-1,-1,0,0,0,136,1,1,0,0.0000000,0.0000000,0.0000000,0,0,0,0,755419725432291
1259,831554339,1000,1886,1886,2.8930879,-0.00136,-1,-1,-1,0,0,0,136,1,1,0,0.0000000,0.0000000,0.0000000,0,0,0,0,755419726445000
1260,831555339,1000,1886,1886,2.8930879,-0.00130,-1,-1,-1,0,0,0,136,1,1,0,0.0000000,0.0000000,0.0000000,0,0,0,0,755419727442208
1261,831556339,1000,1886,1886,2.8930879,-0.00125,-1,-1,-1,0,0,0,135,1,1,0,0.0000000,0.0000000,0.0000000,0,0,0,0,755419728431708
1262,831557339,1000,1887,1887,2.8946218,0.05895,-1,-1,-1,0,0,0,136,1,1,0,0.0000000,0.0000000,0.0000000,0,0,0,0,755419729430750
1263,831558339,1000,1887,1887,2.8946218,0.05663,-1,-1,-1,0,0,0,136,1,1,0,0.0000000,0.0000000,0.0000000,0,0,0,0,755419730427916
1264,831559339,1000,1886,1886,2.8930879,-0.00573,-1,-1,-1,0,0,0,136,1,1,0,0.0000000,0.0000000,0.0000000,0,0,0,0,755419731433625
1265,831560339,1000,1886,1886,2.8930879,-0.00551,-1,-1,-1,0,0,0,136,1,1,0,0.0000000,0.0000000,0.0000000,0,0,0,0,755419732434958
1266,831561339,1000,1886,1886,2.8930879,-0.00529,-1,-1,-1,0,0,0,136,1,1,0,0.0000000,0.0000000,0.0000000,0,0,0,0,755419733469958
1267,831562339,1000,1886,1886,2.8930879,-0.00509,-1,-1,-1,0,0,0,136,1,1,0,0.0000000,0.0000000,0.0000000,0,0,0,0,755419734451333
1268,831563339,1000,1886,1886,2.8930879,-0.00489,-1,-1,-1,0,0,0,135,1,1,0,0.0000000,0.0000000,0.0000000,0,0,0,0,755419735454916
1269,831564339,1000,1886,1886,2.8930879,-0.00470,-1,-1,-1,0,0,0,136,1,1,0,0.0000000,0.0000000,0.0000000,0,0,0,0,755419736437875
1270,831565339,1000,1886,1886,2.8930879,-0.00451,-1,-1,-1,0,0,0,136,1,1,0,0.0000000,0.0000000,0.0000000,0,0,0,0,755419737423791
1271,831566339,1000,1887,1887,2.8946218,0.05581,-1,-1,-1,0,0,0,136,1,1,0,0.0000000,0.0000000,0.0000000,0,0,0,0,755419738418500
1272,831567339,1000,1886,1886,2.8930879,-0.00652,-1,-1,-1,0,0,0,136,1,1,0,0.0000000,0.0000000,0.0000000,0,0,0,0,755419739417958
1273,831568339,1000,1886,1886,2.8930879,-0.00627,-1,-1,-1,0,0,0,136,1,1,0,0.0000000,0.0000000,0.0000000,0,0,0,0,755419740427375
1274,831569339,1000,1886,1886,2.8930879,-0.00602,-1,-1,-1,0,0,0,136,1,1,0,0.0000000,0.0000000,0.0000000,0,0,0,0,755419741424333
1275,831570339,1000,1886,1886,2.8930879,-0.00579,-1,-1,-1,0,0,0,135,1,1,0,0.0000000,0.0000000,0.0000000,0,0,0,0,755419742655041
1276,831571339,1000,1886,1886,2.8930879,-0.00556,-1,-1,-1,0,0,0,136,1,1,0,0.0000000,0.0000000,0.0000000,0,0,0,0,755419743651625
1277,831572339,1000,1886,1886,2.8930879,-0.00534,-1,-1,-1,0,0,0,136,1,1,0,0.0000000,0.0000000,0.0000000,0,0,0,0,755419744657583
1278,831573339,1000,1886,1886,2.8930879,-0.00513,-1,-1,-1,0,0,0,136,1,1,0,0.0000000,0.0000000,0.0000000,0,0,0,0,755419745444666
1279,831574339,1000,1887,1887,2.8946218,0.05522,-1,-1,-1,0,0,0,136,1,1,0,0.0000000,0.0000000,0.0000000,0,0,0,0,755419746420083
1280,831575339,1000,1886,1886,2.8930879,-0.00710,-1,-1,-1,0,0,0,136,1,1,0,0.0000000,0.0000000,0.0000000,0,0,0,0,755419747430625
1281,831576339,1000,1886,1886,2.8930879,-0.00682,-1,-1,-1,0,0,0,136,1,1,0,0.0000000,0.0000000,0.0000000,0,0,0,0,755419748434333
1282,831577339,1000,1886,1886,2.8930879,-0.00655,-1,-1,-1,0,0,0,136,1,1,0,0.0000000,0.0000000,0.0000000,0,0,0,0,755419749439708
1283,831578339,1000,1886,1886,2.8930879,-0.00629,-1,-1,-1,0,0,0,136,1,1,0,0.0000000,0.0000000,0.0000000,0,0,0,0,755419750435583
1284,831579339,1000,1886,1886,2.8930879,-0.00605,-1,-1,-1,0,0,0,136,1,1,0,0.0000000,0.0000000,0.0000000,0,0,0,0,755419751424375
1285,831580339,1000,1886,1886,2.8930879,-0.00581,-1,-1,-1,0,0,0,136,1,1,0,0.0000000,0.0000000,0.0000000,0,0,0,0,755419752434041
1286,831581339,1000,1886,1886,2.8930879,-0.00558,-1,-1,-1,0,0,0,136,1,1,0,0.0000000,0.0000000,0.0000000,0,0,0,0,755419753428875
1287,831582339,1000,1886,1886,2.8930879,-0.00536,-1,-1,-1,0,0,0,136,1,1,0,0.0000000,0.0000000,0.0000000,0,0,0,0,755419754429583
1288,831583339,1000,1886,1886,2.8930879,-0.00515,-1,-1,-1,0,0,0,136,1,1,0,0.0000000,0.0000000,0.0000000,0,0,0,0,755419755427833
1289,831584339,1000,1886,1886,2.8930879,-0.00495,-1,-1,-1,0,0,0,136,1,1,0,0.0000000,0.0000000,0.0000000,0,0,0,0,755419756430583
1290,831585339,1000,1886,1886,2.8930879,-0.00476,-1,-1,-1,0,0,0,136,1,1,0,0.0000000,0.0000000,0.0000000,0,0,0,0,755419757426916
1291,831586339,1000,1886,1886,2.8930879,-0.00457,-1,-1,-1,0,0,0,136,1,1,0,0.0000000,0.0000000,0.0000000,0,0,0,0,755419758426708
1292,831587339,1000,1886,1886,2.8930879,-0.00439,-1,-1,-1,0,0,0,136,1,1,0,0.0000000,0.0000000,0.0000000,0,0,0,0,755419759425291
1293,831588339,1000,1886,1886,2.8930879,-0.00422,-1,-1,-1,0,0,0,136,1,1,0,0.0000000,0.0000000,0.0000000,0,0,0,0,755419760428708
1294,831589339,1000,1886,1886,2.8930879,-0.00405,-1,-1,-1,0,0,0,136,1,1,0,0.0000000,0.0000000,0.0000000,0,0,0,0,755419761425250
1295,831590339,1000,1886,1886,2.8930879,-0.00389,-1,-1,-1,0,0,0,136,1,1,0,0.0000000,0.0000000,0.0000000,0,0,0,0,755419762429625
1296,831591339,1000,1886,1886,2.8930879,-0.00374,-1,-1,-1,0,0,0,136,1,1,0,0.0000000,0.0000000,0.0000000,0,0,0,0,755419763425708
1297,831592339,1000,1886,1886,2.8930879,-0.00359,-1,-1,-1,0,0,0,136,1,1,0,0.0000000,0.0000000,0.0000000,0,0,0,0,755419764456541
1298,831593339,1000,1886,1886,2.8930879,-0.00345,-1,-1,-1,0,0,0,136,1,1,0,0.0000000,0.0000000,0.0000000,0,0,0,0,755419765463166
1299,831594339,1000,1886,1886,2.8930879,-0.00332,-1,-1,-1,0,0,0,136,1,1,0,0.0000000,0.0000000,0.0000000,0,0,0,0,755419766455375
1300,831595339,1000,1886,1886,2.8930879,-0.00319,-1,-1,-1,0,0,0,136,1,1,0,0.0000000,0.0000000,0.0000000,0,0,0,0,755419767433458
1301,831596339,1000,1886,1886,2.8930879,-0.00306,-1,-1,-1,0,0,0,136,1,1,0,0.0000000,0.0000000,0.0000000,0,0,0,0,755419768430666
1302,831597339,1000,1886,1886,2.8930879,-0.00294,-1,-1,-1,0,0,0,136,1,1,0,0.0000000,0.0000000,0.0000000,0,0,0,0,755419769434625
1303,831598339,1000,1886,1886,2.8930879,-0.00283,-1,-1,-1,0,0,0,136,1,1,0,0.0000000,0.0000000,0.0000000,0,0,0,0,755419770434250
1304,831599339,1000,1886,1886,2.8930879,-0.00272,-1,-1,-1,0,0,0,136,1,1,0,0.0000000,0.0000000,0.0000000,0,0,0,0,755419771446375
1305,831600339,1000,1886,1886,2.8930879,-0.00261,-1,-1,-1,0,0,0,136,1,1,0,0.0000000,0.0000000,0.0000000,0,0,0,0,755419772447583
1306,831601339,1000,1886,1886,2.8930879,-0.00251,-1,-1,-1,0,0,0,136,1,1,0,0.0000000,0.0000000,0.0000000,0,0,0,0,755419773617416
1307,831602339,1000,1886,1886,2.8930879,-0.00241,39,100,2089,0,0,0,136,1,1,0,0.0000000,0.0000000,0.0000000,0,0,0,0,755419775193791
1308,831603339,1000,1886,1886,2.8930879,-0.00231,-1,-1,-1,0,0,0,136,1,1,0,0.0000000,0.0000000,0.0000000,0,0,0,0,755419776081750
1309,831604339,1000,1886,1886,2.8930879,-0.00222,-1,-1,-1,0,0,0,136,1,1,0,0.0000000,0.0000000,0.0000000,0,0,0,0,755419776804708
1310,831605339,1000,1886,1886,2.8930879,-0.00214,-1,-1,-1,0,0,0,136,1,1,0,0.0000000,0.0000000,0.0000000,0,0,0,0,755419777456666
1311,831606339,1000,1886,1886,2.8930879,-0.00205,-1,-1,-1,0,0,0,136,1,1,0,0.0000000,0.0000000,0.0000000,0,0,0,0,755419778536041
1312,831607339,1000,1886,1886,2.8930879,-0.00197,-1,-1,-1,0,0,0,136,1,1,0,0.0000000,0.0000000,0.0000000,0,0,0,0,755419779564291
1313,831608339,1000,1886,1886,2.8930879,-0.00190,-1,-1,-1,0,0,0,136,1,1,0,0.0000000,0.0000000,0.0000000,0,0,0,0,755419780532708
1314,831609339,1000,1887,1887,2.8946218,0.05833,-1,-1,-1,0,0,0,136,1,1,0,0.0000000,0.0000000,0.0000000,0,0,0,0,755419781538333
1315,831610339,1000,1886,1886,2.8930879,-0.00411,-1,-1,-1,0,0,0,136,1,1,0,0.0000000,0.0000000,0.0000000,0,0,0,0,755419782552208
1316,831611339,1000,1886,1886,2.8930879,-0.00395,-1,-1,-1,0,0,0,136,1,1,0,0.0000000,0.0000000,0.0000000,0,0,0,0,755419783562833
1317,831612339,1000,1886,1886,2.8930879,-0.00379,-1,-1,-1,0,0,0,136,1,1,0,0.0000000,0.0000000,0.0000000,0,0,0,0,755419784581416
1318,831613339,1000,1886,1886,2.8930879,-0.00364,-1,-1,-1,0,0,0,136,1,1,0,0.0000000,0.0000000,0.0000000,0,0,0,0,755419785553166
1319,831614339,1000,1886,1886,2.8930879,-0.00350,-1,-1,-1,0,0,0,136,1,1,0,0.0000000,0.0000000,0.0000000,0,0,0,0,755419786585500
1320,831615339,1000,1887,1887,2.8946218,0.05678,-1,-1,-1,0,0,0,136,1,1,0,0.0000000,0.0000000,0.0000000,0,0,0,0,755419787541750
1321,831616339,1000,1887,1887,2.8946218,0.05456,-1,-1,-1,0,0,0,136,1,1,0,0.0000000,0.0000000,0.0000000,0,0,0,0,755419788510916
1322,831617339,1000,1886,1886,2.8930879,-0.00773,-1,-1,-1,0,0,0,136,1,1,0,0.0000000,0.0000000,0.0000000,0,0,0,0,755419789518833
1323,831618339,1000,1886,1886,2.8930879,-0.00743,-1,-1,-1,0,0,0,136,1,1,0,0.0000000,0.0000000,0.0000000,0,0,0,0,755419790503041
1324,831619339,1000,1886,1886,2.8930879,-0.00713,-1,-1,-1,0,0,0,135,1,1,0,0.0000000,0.0000000,0.0000000,0,0,0,0,755419791463875
1325,831620339,1000,1886,1886,2.8930879,-0.00686,-1,-1,-1,0,0,0,136,1,1,0,0.0000000,0.0000000,0.0000000,0,0,0,0,755419792501375
1326,831621339,1000,1886,1886,2.8930879,-0.00659,-1,-1,-1,0,0,0,136,1,1,0,0.0000000,0.0000000,0.0000000,0,0,0,0,755419793475416
1327,831622339,1000,1886,1886,2.8930879,-0.00633,-1,-1,-1,0,0,0,136,1,1,0,0.0000000,0.0000000,0.0000000,0,0,0,0,755419794477291
1328,831623339,1000,1886,1886,2.8930879,-0.00608,-1,-1,-1,0,0,0,136,1,1,0,0.0000000,0.0000000,0.0000000,0,0,0,0,755419795469750
1329,831624339,1000,1886,1886,2.8930879,-0.00584,-1,-1,-1,0,0,0,136,1,1,0,0.0000000,0.0000000,0.0000000,0,0,0,0,755419796510750
1330,831625339,1000,1886,1886,2.8930879,-0.00561,-1,-1,-1,0,0,0,136,1,1,0,0.0000000,0.0000000,0.0000000,0,0,0,0,755419797481000
1331,831626339,1000,1887,1887,2.8946218,0.05476,-1,-1,-1,0,0,0,136,1,1,0,0.0000000,0.0000000,0.0000000,0,0,0,0,755419798455125
1332,831627339,1000,1886,1886,2.8930879,-0.00754,-1,-1,-1,0,0,0,136,1,1,0,0.0000000,0.0000000,0.0000000,0,0,0,0,755419799463750
1333,831628339,1000,1886,1886,2.8930879,-0.00724,-1,-1,-1,0,0,0,136,1,1,0,0.0000000,0.0000000,0.0000000,0,0,0,0,755419800472416
1334,831629339,1000,1886,1886,2.8930879,-0.00696,-1,-1,-1,0,0,0,136,1,1,0,0.0000000,0.0000000,0.0000000,0,0,0,0,755419801486416
1335,831630339,1000,1886,1886,2.8930879,-0.00669,-1,-1,-1,0,0,0,136,1,1,0,0.0000000,0.0000000,0.0000000,0,0,0,0,755419802496250
1336,831631339,1000,1886,1886,2.8930879,-0.00642,-1,-1,-1,0,0,0,136,1,1,0,0.0000000,0.0000000,0.0000000,0,0,0,0,755419803510458
1337,831632339,1000,1886,1886,2.8930879,-0.00617,-1,-1,-1,0,0,0,136,1,1,0,0.0000000,0.0000000,0.0000000,0,0,0,0,755419804498000
1338,831633339,1000,1886,1886,2.8930879,-0.00593,-1,-1,-1,0,0,0,135,1,1,0,0.0000000,0.0000000,0.0000000,0,0,0,0,755419805547958
1339,831634339,1000,1886,1886,2.8930879,-0.00570,-1,-1,-1,0,0,0,136,1,1,0,0.0000000,0.0000000,0.0000000,0,0,0,0,755419806517416
1340,831635339,1000,1886,1886,2.8930879,-0.00547,-1,-1,-1,0,0,0,136,1,1,0,0.0000000,0.0000000,0.0000000,0,0,0,0,755419807738500
1341,831636339,1000,1886,1886,2.8930879,-0.00526,-1,-1,-1,0,0,0,136,1,1,0,0.0000000,0.0000000,0.0000000,0,0,0,0,755419808844291
1342,831637339,1000,1886,1886,2.8930879,-0.00505,-1,-1,-1,0,0,0,136,1,1,0,0.0000000,0.0000000,0.0000000,0,0,0,0,755419809893166
1343,831638339,1000,1886,1886,2.8930879,-0.00486,-1,-1,-1,0,0,0,136,1,1,0,0.0000000,0.0000000,0.0000000,0,0,0,0,755419810417500
1344,831639339,1000,1886,1886,2.8930879,-0.00467,-1,-1,-1,0,0,0,136,1,1,0,0.0000000,0.0000000,0.0000000,0,0,0,0,755419811624750
1345,831640339,1000,1886,1886,2.8930879,-0.00448,-1,-1,-1,0,0,0,135,1,1,0,0.0000000,0.0000000,0.0000000,0,0,0,0,755419812576708
1346,831641339,1000,1886,1886,2.8930879,-0.00431,-1,-1,-1,0,0,0,136,1,1,0,0.0000000,0.0000000,0.0000000,0,0,0,0,755419813529208
1347,831642339,1000,1886,1886,2.8930879,-0.00414,-1,-1,-1,0,0,0,136,1,1,0,0.0000000,0.0000000,0.0000000,0,0,0,0,755419814480041
1348,831643339,1000,1886,1886,2.8930879,-0.00398,-1,-1,-1,0,0,0,136,1,1,0,0.0000000,0.0000000,0.0000000,0,0,0,0,755419815485833
1349,831644339,1000,1886,1886,2.8930879,-0.00382,-1,-1,-1,0,0,0,136,1,1,0,0.0000000,0.0000000,0.0000000,0,0,0,0,755419816484333
1350,831645339,1000,1886,1886,2.8930879,-0.00367,-1,-1,-1,0,0,0,136,1,1,0,0.0000000,0.0000000,0.0000000,0,0,0,0,755419817483166
1351,831646339,1000,1887,1887,2.8946218,0.05662,-1,-1,-1,0,0,0,136,1,1,0,0.0000000,0.0000000,0.0000000,0,0,0,0,755419818419250
1352,831647339,1000,1886,1886,2.8930879,-0.00575,-1,-1,-1,0,0,0,136,1,1,0,0.0000000,0.0000000,0.0000000,0,0,0,0,755419819421750
1353,831648339,1000,1886,1886,2.8930879,-0.00552,-1,-1,-1,0,0,0,136,1,1,0,0.0000000,0.0000000,0.0000000,0,0,0,0,755419820414083
1354,831649339,1000,1886,1886,2.8930879,-0.00530,-1,-1,-1,0,0,0,136,1,1,0,0.0000000,0.0000000,0.0000000,0,0,0,0,755419821416125
1355,831650339,1000,1886,1886,2.8930879,-0.00510,-1,-1,-1,0,0,0,136,1,1,0,0.0000000,0.0000000,0.0000000,0,0,0,0,755419822418833
1356,831651339,1000,1886,1886,2.8930879,-0.00490,-1,-1,-1,0,0,0,136,1,1,0,0.0000000,0.0000000,0.0000000,0,0,0,0,755419823415708
1357,831652339,1000,1886,1886,2.8930879,-0.00470,39,100,2091,0,0,0,136,1,1,0,0.0000000,0.0000000,0.0000000,0,0,0,0,755419824858291
1358,831653339,1000,1886,1886,2.8930879,-0.00452,-1,-1,-1,0,0,0,136,1,1,0,0.0000000,0.0000000,0.0000000,0,0,0,0,755419825472541
1359,831654339,1000,1886,1886,2.8930879,-0.00434,-1,-1,-1,0,0,0,136,1,1,0,0.0000000,0.0000000,0.0000000,0,0,0,0,755419826412166
1360,831655339,1000,1886,1886,2.8930879,-0.00417,-1,-1,-1,0,0,0,136,1,1,0,0.0000000,0.0000000,0.0000000,0,0,0,0,755419827407583
1361,831656339,1000,1886,1886,2.8930879,-0.00401,-1,-1,-1,0,0,0,136,1,1,0,0.0000000,0.0000000,0.0000000,0,0,0,0,755419828419291
1362,831657339,1000,1887,1887,2.8946218,0.05630,-1,-1,-1,0,0,0,136,1,1,0,0.0000000,0.0000000,0.0000000,0,0,0,0,755419829424250
1363,831658339,1000,1886,1886,2.8930879,-0.00606,-1,-1,-1,0,0,0,136,1,1,0,0.0000000,0.0000000,0.0000000,0,0,0,0,755419830430666
1364,831659339,1000,1886,1886,2.8930879,-0.00582,-1,-1,-1,0,0,0,136,1,1,0,0.0000000,0.0000000,0.0000000,0,0,0,0,755419831413833
1365,831660339,1000,1886,1886,2.8930879,-0.00559,-1,-1,-1,0,0,0,136,1,1,0,0.0000000,0.0000000,0.0000000,0,0,0,0,755419832413833
1366,831661339,1000,1886,1886,2.8930879,-0.00537,-1,-1,-1,0,0,0,135,1,1,0,0.0000000,0.0000000,0.0000000,0,0,0,0,755419833420125
1367,831662339,1000,1886,1886,2.8930879,-0.00516,-1,-1,-1,0,0,0,136,1,1,0,0.0000000,0.0000000,0.0000000,0,0,0,0,755419834412583
1368,831663339,1000,1886,1886,2.8930879,-0.00496,-1,-1,-1,0,0,0,136,1,1,0,0.0000000,0.0000000,0.0000000,0,0,0,0,755419835413958
1369,831664339,1000,1886,1886,2.8930879,-0.00477,-1,-1,-1,0,0,0,136,1,1,0,0.0000000,0.0000000,0.0000000,0,0,0,0,755419836422916
1370,831665339,1000,1886,1886,2.8930879,-0.00458,-1,-1,-1,0,0,0,136,1,1,0,0.0000000,0.0000000,0.0000000,0,0,0,0,755419837424833
1371,831666339,1000,1886,1886,2.8930879,-0.00440,-1,-1,-1,0,0,0,136,1,1,0,0.0000000,0.0000000,0.0000000,0,0,0,0,755419838415333
1372,831667339,1000,1886,1886,2.8930879,-0.00423,-1,-1,-1,0,0,0,136,1,1,0,0.0000000,0.0000000,0.0000000,0,0,0,0,755419839645166
1373,831668339,1000,1886,1886,2.8930879,-0.00406,-1,-1,-1,0,0,0,136,1,1,0,0.0000000,0.0000000,0.0000000,0,0,0,0,755419840640250
1374,831669339,1000,1886,1886,2.8930879,-0.00390,-1,-1,-1,0,0,0,136,1,1,0,0.0000000,0.0000000,0.0000000,0,0,0,0,755419841648875
1375,831670339,1000,1886,1886,2.8930879,-0.00375,-1,-1,-1,0,0,0,136,1,1,0,0.0000000,0.0000000,0.0000000,0,0,0,0,755419842633375
1376,831671339,1000,1886,1886,2.8930879,-0.00360,-1,-1,-1,0,0,0,136,1,1,0,0.0000000,0.0000000,0.0000000,0,0,0,0,755419843579458
1377,831672339,1000,1886,1886,2.8930879,-0.00346,-1,-1,-1,0,0,0,136,1,1,0,0.0000000,0.0000000,0.0000000,0,0,0,0,755419844416166
1378,831673339,1000,1886,1886,2.8930879,-0.00333,-1,-1,-1,0,0,0,136,1,1,0,0.0000000,0.0000000,0.0000000,0,0,0,0,755419845422375
1379,831674339,1000,1886,1886,2.8930879,-0.00319,-1,-1,-1,0,0,0,136,1,1,0,0.0000000,0.0000000,0.0000000,0,0,0,0,755419846413708
1380,831675339,1000,1886,1886,2.8930879,-0.00307,-1,-1,-1,0,0,0,136,1,1,0,0.0000000,0.0000000,0.0000000,0,0,0,0,755419847419750
1381,831676339,1000,1886,1886,2.8930879,-0.00295,-1,-1,-1,0,0,0,136,1,1,0,0.0000000,0.0000000,0.0000000,0,0,0,0,755419848416125
1382,831677339,1000,1886,1886,2.8930879,-0.00283,-1,-1,-1,0,0,0,136,1,1,0,0.0000000,0.0000000,0.0000000,0,0,0,0,755419849414750
1383,831678339,1000,1886,1886,2.8930879,-0.00272,-1,-1,-1,0,0,0,136,1,1,0,0.0000000,0.0000000,0.0000000,0,0,0,0,755419850513125
1384,831679339,1000,1886,1886,2.8930879,-0.00262,-1,-1,-1,0,0,0,136,1,1,0,0.0000000,0.0000000,0.0000000,0,0,0,0,755419851640083
1385,831680339,1000,1886,1886,2.8930879,-0.00251,-1,-1,-1,0,0,0,136,1,1,0,0.0000000,0.0000000,0.0000000,0,0,0,0,755419852637291
1386,831681339,1000,1886,1886,2.8930879,-0.00241,-1,-1,-1,0,0,0,136,1,1,0,0.0000000,0.0000000,0.0000000,0,0,0,0,755419853648583
1387,831682339,1000,1886,1886,2.8930879,-0.00232,-1,-1,-1,0,0,0,135,1,1,0,0.0000000,0.0000000,0.0000000,0,0,0,0,755419854652875
1388,831683339,1000,1886,1886,2.8930879,-0.00223,-1,-1,-1,0,0,0,136,1,1,0,0.0000000,0.0000000,0.0000000,0,0,0,0,755419855639208
1389,831684339,1000,1886,1886,2.8930879,-0.00214,-1,-1,-1,0,0,0,136,1,1,0,0.0000000,0.0000000,0.0000000,0,0,0,0,755419856635833
1390,831685339,1000,1886,1886,2.8930879,-0.00206,-1,-1,-1,0,0,0,136,1,1,0,0.0000000,0.0000000,0.0000000,0,0,0,0,755419857649125
1391,831686339,1000,1886,1886,2.8930879,-0.00198,-1,-1,-1,0,0,0,136,1,1,0,0.0000000,0.0000000,0.0000000,0,0,0,0,755419858650875
1392,831687339,1000,1886,1886,2.8930879,-0.00190,-1,-1,-1,0,0,0,136,1,1,0,0.0000000,0.0000000,0.0000000,0,0,0,0,755419859535458
1393,831688339,1000,1886,1886,2.8930879,-0.00182,-1,-1,-1,0,0,0,136,1,1,0,0.0000000,0.0000000,0.0000000,0,0,0,0,755419860418625
1394,831689339,1000,1886,1886,2.8930879,-0.00175,-1,-1,-1,0,0,0,136,1,1,0,0.0000000,0.0000000,0.0000000,0,0,0,0,755419861423541
1395,831690339,1000,1886,1886,2.8930879,-0.00168,-1,-1,-1,0,0,0,136,1,1,0,0.0000000,0.0000000,0.0000000,0,0,0,0,755419862408375
1396,831691339,1000,1886,1886,2.8930879,-0.00162,-1,-1,-1,0,0,0,136,1,1,0,0.0000000,0.0000000,0.0000000,0,0,0,0,755419863415041
1397,831692339,1000,1886,1886,2.8930879,-0.00156,-1,-1,-1,0,0,0,136,1,1,0,0.0000000,0.0000000,0.0000000,0,0,0,0,755419864414208
1398,831693339,1000,1886,1886,2.8930879,-0.00149,-1,-1,-1,0,0,0,136,1,1,0,0.0000000,0.0000000,0.0000000,0,0,0,0,755419865419916
1399,831694339,1000,1886,1886,2.8930879,-0.00144,-1,-1,-1,0,0,0,136,1,1,0,0.0000000,0.0000000,0.0000000,0,0,0,0,755419866416541
1400,831695339,1000,1886,1886,2.8930879,-0.00138,-1,-1,-1,0,0,0,136,1,1,0,0.0000000,0.0000000,0.0000000,0,0,0,0,755419867423875
1401,831696339,1000,1886,1886,2.8930879,-0.00133,-1,-1,-1,0,0,0,136,1,1,0,0.0000000,0.0000000,0.0000000,0,0,0,0,755419868424375
1402,831697339,1000,1886,1886,2.8930879,-0.00127,-1,-1,-1,0,0,0,136,1,1,0,0.0000000,0.0000000,0.0000000,0,0,0,0,755419869423750
1403,831698339,1000,1886,1886,2.8930879,-0.00122,-1,-1,-1,0,0,0,136,1,1,0,0.0000000,0.0000000,0.0000000,0,0,0,0,755419870438583
1404,831699339,1000,1886,1886,2.8930879,-0.00118,-1,-1,-1,0,0,0,136,1,1,0,0.0000000,0.0000000,0.0000000,0,0,0,0,755419871433000
1405,831700339,1000,1886,1886,2.8930879,-0.00113,-1,-1,-1,0,0,0,136,1,1,0,0.0000000,0.0000000,0.0000000,0,0,0,0,755419872422708
1406,831701339,1000,1886,1886,2.8930879,-0.00108,-1,-1,-1,0,0,0,136,1,1,0,0.0000000,0.0000000,0.0000000,0,0,0,0,755419873429041
1407,831702339,1000,1886,1886,2.8930879,-0.00104,39,100,2090,0,0,0,136,1,1,0,0.0000000,0.0000000,0.0000000,0,0,0,0,755419874868750
1408,831703339,1000,1886,1886,2.8930879,-0.00100,-1,-1,-1,0,0,0,136,1,1,0,0.0000000,0.0000000,0.0000000,0,0,0,0,755419875477416
1409,831704339,1000,1886,1886,2.8930879,-0.00096,-1,-1,-1,0,0,0,136,1,1,0,0.0000000,0.0000000,0.0000000,0,0,0,0,755419876423333
1410,831705339,1000,1886,1886,2.8930879,-0.00092,-1,-1,-1,0,0,0,136,1,1,0,0.0000000,0.0000000,0.0000000,0,0,0,0,755419877424291
1411,831706339,1000,1886,1886,2.8930879,-0.00089,-1,-1,-1,0,0,0,136,1,1,0,0.0000000,0.0000000,0.0000000,0,0,0,0,755419878643125
1412,831707339,1000,1886,1886,2.8930879,-0.00085,-1,-1,-1,0,0,0,136,1,1,0,0.0000000,0.0000000,0.0000000,0,0,0,0,755419879648208
1413,831708339,1000,1887,1887,2.8946218,0.05933,-1,-1,-1,0,0,0,136,1,1,0,0.0000000,0.0000000,0.0000000,0,0,0,0,755419880633041
1414,831709339,1000,1886,1886,2.8930879,-0.00315,-1,-1,-1,0,0,0,136,1,1,0,0.0000000,0.0000000,0.0000000,0,0,0,0,755419881640875
1415,831710339,1000,1886,1886,2.8930879,-0.00302,-1,-1,-1,0,0,0,135,1,1,0,0.0000000,0.0000000,0.0000000,0,0,0,0,755419882654541
1416,831711339,1000,1886,1886,2.8930879,-0.00290,-1,-1,-1,0,0,0,136,1,1,0,0.0000000,0.0000000,0.0000000,0,0,0,0,755419883650083
1417,831712339,1000,1886,1886,2.8930879,-0.00279,-1,-1,-1,0,0,0,136,1,1,0,0.0000000,0.0000000,0.0000000,0,0,0,0,755419884650083
1418,831713339,1000,1886,1886,2.8930879,-0.00268,-1,-1,-1,0,0,0,136,1,1,0,0.0000000,0.0000000,0.0000000,0,0,0,0,755419885448083
1419,831714339,1000,1886,1886,2.8930879,-0.00258,-1,-1,-1,0,0,0,136,1,1,0,0.0000000,0.0000000,0.0000000,0,0,0,0,755419886426125
1420,831715339,1000,1886,1886,2.8930879,-0.00247,-1,-1,-1,0,0,0,136,1,1,0,0.0000000,0.0000000,0.0000000,0,0,0,0,755419887419958
1421,831716339,1000,1886,1886,2.8930879,-0.00238,-1,-1,-1,0,0,0,136,1,1,0,0.0000000,0.0000000,0.0000000,0,0,0,0,755419888414791
1422,831717339,1000,1886,1886,2.8930879,-0.00228,-1,-1,-1,0,0,0,135,1,1,0,0.0000000,0.0000000,0.0000000,0,0,0,0,755419889456291
1423,831718339,1000,1886,1886,2.8930879,-0.00220,-1,-1,-1,0,0,0,136,1,1,0,0.0000000,0.0000000,0.0000000,0,0,0,0,755419890644708
1424,831719339,1000,1886,1886,2.8930879,-0.00211,-1,-1,-1,0,0,0,136,1,1,0,0.0000000,0.0000000,0.0000000,0,0,0,0,755419891426416
1425,831720339,1000,1886,1886,2.8930879,-0.00203,-1,-1,-1,0,0,0,136,1,1,0,0.0000000,0.0000000,0.0000000,0,0,0,0,755419892409750
1426,831721339,1000,1886,1886,2.8930879,-0.00195,-1,-1,-1,0,0,0,136,1,1,0,0.0000000,0.0000000,0.0000000,0,0,0,0,755419893423500
1427,831722339,1000,1886,1886,2.8930879,-0.00187,-1,-1,-1,0,0,0,136,1,1,0,0.0000000,0.0000000,0.0000000,0,0,0,0,755419894420250
1428,831723339,1000,1886,1886,2.8930879,-0.00180,-1,-1,-1,0,0,0,136,1,1,0,0.0000000,0.0000000,0.0000000,0,0,0,0,755419895417291
1429,831724339,1000,1886,1886,2.8930879,-0.00173,-1,-1,-1,0,0,0,136,1,1,0,0.0000000,0.0000000,0.0000000,0,0,0,0,755419896416583
1430,831725339,1000,1886,1886,2.8930879,-0.00166,-1,-1,-1,0,0,0,136,1,1,0,0.0000000,0.0000000,0.0000000,0,0,0,0,755419897410541
1431,831726339,1000,1886,1886,2.8930879,-0.00159,-1,-1,-1,0,0,0,136,1,1,0,0.0000000,0.0000000,0.0000000,0,0,0,0,755419898421500
1432,831727339,1000,1886,1886,2.8930879,-0.00153,-1,-1,-1,0,0,0,136,1,1,0,0.0000000,0.0000000,0.0000000,0,0,0,0,755419899414375
1433,831728339,1000,1886,1886,2.8930879,-0.00147,-1,-1,-1,0,0,0,136,1,1,0,0.0000000,0.0000000,0.0000000,0,0,0,0,755419900419208
1434,831729339,1000,1886,1886,2.8930879,-0.00141,-1,-1,-1,0,0,0,136,1,1,0,0.0000000,0.0000000,0.0000000,0,0,0,0,755419901418333
1435,831730339,1000,1886,1886,2.8930879,-0.00136,-1,-1,-1,0,0,0,136,1,1,0,0.0000000,0.0000000,0.0000000,0,0,0,0,755419902424333
1436,831731339,1000,1886,1886,2.8930879,-0.00131,-1,-1,-1,0,0,0,136,1,1,0,0.0000000,0.0000000,0.0000000,0,0,0,0,755419903426750
1437,831732339,1000,1886,1886,2.8930879,-0.00125,-1,-1,-1,0,0,0,136,1,1,0,0.0000000,0.0000000,0.0000000,0,0,0,0,755419904421041
1438,831733339,1000,1886,1886,2.8930879,-0.00120,-1,-1,-1,0,0,0,136,1,1,0,0.0000000,0.0000000,0.0000000,0,0,0,0,755419905416791
1439,831734339,1000,1886,1886,2.8930879,-0.00116,-1,-1,-1,0,0,0,136,1,1,0,0.0000000,0.0000000,0.0000000,0,0,0,0,755419906431583
1440,831735339,1000,1887,1887,2.8946218,0.05904,-1,-1,-1,0,0,0,136,1,1,0,0.0000000,0.0000000,0.0000000,0,0,0,0,755419907414375
1441,831736339,1000,1886,1886,2.8930879,-0.00343,-1,-1,-1,0,0,0,136,1,1,0,0.0000000,0.0000000,0.0000000,0,0,0,0,755419908416750
1442,831737339,1000,1886,1886,2.8930879,-0.00329,-1,-1,-1,0,0,0,136,1,1,0,0.0000000,0.0000000,0.0000000,0,0,0,0,755419909429583
1443,831738339,1000,1886,1886,2.8930879,-0.00316,-1,-1,-1,0,0,0,136,1,1,0,0.0000000,0.0000000,0.0000000,0,0,0,0,755419910440208
1444,831739339,1000,1886,1886,2.8930879,-0.00304,-1,-1,-1,0,0,0,136,1,1,0,0.0000000,0.0000000,0.0000000,0,0,0,0,755419911437750
1445,831740339,1000,1886,1886,2.8930879,-0.00292,-1,-1,-1,0,0,0,136,1,1,0,0.0000000,0.0000000,0.0000000,0,0,0,0,755419912427375
1446,831741339,1000,1886,1886,2.8930879,-0.00281,-1,-1,-1,0,0,0,136,1,1,0,0.0000000,0.0000000,0.0000000,0,0,0,0,755419913407958
1447,831742339,1000,1886,1886,2.8930879,-0.00270,-1,-1,-1,0,0,0,136,1,1,0,0.0000000,0.0000000,0.0000000,0,0,0,0,755419914428458
1448,831743339,1000,1886,1886,2.8930879,-0.00259,-1,-1,-1,0,0,0,136,1,1,0,0.0000000,0.0000000,0.0000000,0,0,0,0,755419915417125
1449,831744339,1000,1886,1886,2.8930879,-0.00249,-1,-1,-1,0,0,0,136,1,1,0,0.0000000,0.0000000,0.0000000,0,0,0,0,755419916423541
1450,831745339,1000,1886,1886,2.8930879,-0.00239,-1,-1,-1,0,0,0,136,1,1,0,0.0000000,0.0000000,0.0000000,0,0,0,0,755419917426916
1451,831746339,1000,1886,1886,2.8930879,-0.00230,-1,-1,-1,0,0,0,136,1,1,0,0.0000000,0.0000000,0.0000000,0,0,0,0,755419918428750
1452,831747339,1000,1886,1886,2.8930879,-0.00221,-1,-1,-1,0,0,0,136,1,1,0,0.0000000,0.0000000,0.0000000,0,0,0,0,755419919417833
1453,831748339,1000,1886,1886,2.8930879,-0.00212,-1,-1,-1,0,0,0,136,1,1,0,0.0000000,0.0000000,0.0000000,0,0,0,0,755419920643500
1454,831749339,1000,1887,1887,2.8946218,0.05811,-1,-1,-1,0,0,0,136,1,1,0,0.0000000,0.0000000,0.0000000,0,0,0,0,755419921717750
1455,831750339,1000,1886,1886,2.8930879,-0.00432,-1,-1,-1,0,0,0,136,1,1,0,0.0000000,0.0000000,0.0000000,0,0,0,0,755419922623500
1456,831751339,1000,1886,1886,2.8930879,-0.00415,-1,-1,-1,0,0,0,136,1,1,0,0.0000000,0.0000000,0.0000000,0,0,0,0,755419923428833
1457,831752339,1000,1886,1886,2.8930879,-0.00398,39,100,2091,0,0,0,136,1,1,0,0.0000000,0.0000000,0.0000000,0,0,0,0,755419924807208
1458,831753339,1000,1886,1886,2.8930879,-0.00383,-1,-1,-1,0,0,0,136,1,1,0,0.0000000,0.0000000,0.0000000,0,0,0,0,755419925412708
1459,831754339,1000,1886,1886,2.8930879,-0.00368,-1,-1,-1,0,0,0,136,1,1,0,0.0000000,0.0000000,0.0000000,0,0,0,0,755419926420791
1460,831755339,1000,1886,1886,2.8930879,-0.00353,-1,-1,-1,0,0,0,136,1,1,0,0.0000000,0.0000000,0.0000000,0,0,0,0,755419927430583
1461,831756339,1000,1886,1886,2.8930879,-0.00340,-1,-1,-1,0,0,0,136,1,1,0,0.0000000,0.0000000,0.0000000,0,0,0,0,755419928434000
1462,831757339,1000,1886,1886,2.8930879,-0.00326,-1,-1,-1,0,0,0,136,1,1,0,0.0000000,0.0000000,0.0000000,0,0,0,0,755419929429375
1463,831758339,1000,1886,1886,2.8930879,-0.00313,-1,-1,-1,0,0,0,136,1,1,0,0.0000000,0.0000000,0.0000000,0,0,0,0,755419930436041
1464,831759339,1000,1886,1886,2.8930879,-0.00301,-1,-1,-1,0,0,0,136,1,1,0,0.0000000,0.0000000,0.0000000,0,0,0,0,755419931436958
1465,831760339,1000,1886,1886,2.8930879,-0.00289,-1,-1,-1,0,0,0,136,1,1,0,0.0000000,0.0000000,0.0000000,0,0,0,0,755419932430041
1466,831761339,1000,1887,1887,2.8946218,0.05737,-1,-1,-1,0,0,0,136,1,1,0,0.0000000,0.0000000,0.0000000,0,0,0,0,755419933418875
1467,831762339,1000,1886,1886,2.8930879,-0.00503,-1,-1,-1,0,0,0,136,1,1,0,0.0000000,0.0000000,0.0000000,0,0,0,0,755419934442083
1468,831763339,1000,1886,1886,2.8930879,-0.00483,-1,-1,-1,0,0,0,136,1,1,0,0.0000000,0.0000000,0.0000000,0,0,0,0,755419935420458
1469,831764339,1000,1886,1886,2.8930879,-0.00464,-1,-1,-1,0,0,0,136,1,1,0,0.0000000,0.0000000,0.0000000,0,0,0,0,755419936425416
1470,831765339,1000,1886,1886,2.8930879,-0.00446,-1,-1,-1,0,0,0,136,1,1,0,0.0000000,0.0000000,0.0000000,0,0,0,0,755419937444583
1471,831766339,1000,1886,1886,2.8930879,-0.00429,-1,-1,-1,0,0,0,136,1,1,0,0.0000000,0.0000000,0.0000000,0,0,0,0,755419938430375
1472,831767339,1000,1886,1886,2.8930879,-0.00412,-1,-1,-1,0,0,0,136,1,1,0,0.0000000,0.0000000,0.0000000,0,0,0,0,755419939417208
1473,831768339,1000,1886,1886,2.8930879,-0.00396,-1,-1,-1,0,0,0,136,1,1,0,0.0000000,0.0000000,0.0000000,0,0,0,0,755419940426125
1474,831769339,1000,1886,1886,2.8930879,-0.00380,-1,-1,-1,0,0,0,136,1,1,0,0.0000000,0.0000000,0.0000000,0,0,0,0,755419941422541
1475,831770339,1000,1886,1886,2.8930879,-0.00365,-1,-1,-1,0,0,0,136,1,1,0,0.0000000,0.0000000,0.0000000,0,0,0,0,755419942427750
1476,831771339,1000,1886,1886,2.8930879,-0.00351,-1,-1,-1,0,0,0,136,1,1,0,0.0000000,0.0000000,0.0000000,0,0,0,0,755419943425750
1477,831772339,1000,1886,1886,2.8930879,-0.00337,-1,-1,-1,0,0,0,136,1,1,0,0.0000000,0.0000000,0.0000000,0,0,0,0,755419944429958
1478,831773339,1000,1886,1886,2.8930879,-0.00324,-1,-1,-1,0,0,0,135,1,1,0,0.0000000,0.0000000,0.0000000,0,0,0,0,755419945413958
1479,831774339,1000,1886,1886,2.8930879,-0.00311,-1,-1,-1,0,0,0,136,1,1,0,0.0000000,0.0000000,0.0000000,0,0,0,0,755419946432625
1480,831775339,1000,1886,1886,2.8930879,-0.00299,-1,-1,-1,0,0,0,136,1,1,0,0.0000000,0.0000000,0.0000000,0,0,0,0,755419947643125
1481,831776339,1000,1887,1887,2.8946218,0.05728,-1,-1,-1,0,0,0,136,1,1,0,0.0000000,0.0000000,0.0000000,0,0,0,0,755419948640583
1482,831777339,1000,1886,1886,2.8930879,-0.00512,-1,-1,-1,0,0,0,136,1,1,0,0.0000000,0.0000000,0.0000000,0,0,0,0,755419949634333
1483,831778339,1000,1886,1886,2.8930879,-0.00492,-1,-1,-1,0,0,0,136,1,1,0,0.0000000,0.0000000,0.0000000,0,0,0,0,755419950657875
1484,831779339,1000,1886,1886,2.8930879,-0.00472,-1,-1,-1,0,0,0,136,1,1,0,0.0000000,0.0000000,0.0000000,0,0,0,0,755419951646666
1485,831780339,1000,1886,1886,2.8930879,-0.00454,-1,-1,-1,0,0,0,136,1,1,0,0.0000000,0.0000000,0.0000000,0,0,0,0,755419952500791
1486,831781339,1000,1886,1886,2.8930879,-0.00436,-1,-1,-1,0,0,0,136,1,1,0,0.0000000,0.0000000,0.0000000,0,0,0,0,755419953435708
1487,831782339,1000,1886,1886,2.8930879,-0.00419,-1,-1,-1,0,0,0,136,1,1,0,0.0000000,0.0000000,0.0000000,0,0,0,0,755419954431750
1488,831783339,1000,1886,1886,2.8930879,-0.00403,-1,-1,-1,0,0,0,136,1,1,0,0.0000000,0.0000000,0.0000000,0,0,0,0,755419955416416
1489,831784339,1000,1886,1886,2.8930879,-0.00387,-1,-1,-1,0,0,0,136,1,1,0,0.0000000,0.0000000,0.0000000,0,0,0,0,755419956420791
1490,831785339,1000,1886,1886,2.8930879,-0.00372,-1,-1,-1,0,0,0,136,1,1,0,0.0000000,0.0000000,0.0000000,0,0,0,0,755419957417750
1491,831786339,1000,1886,1886,2.8930879,-0.00357,-1,-1,-1,0,0,0,136,1,1,0,0.0000000,0.0000000,0.0000000,0,0,0,0,755419958422416
1492,831787339,1000,1886,1886,2.8930879,-0.00343,-1,-1,-1,0,0,0,136,1,1,0,0.0000000,0.0000000,0.0000000,0,0,0,0,755419959422375
1493,831788339,1000,1886,1886,2.8930879,-0.00330,-1,-1,-1,0,0,0,136,1,1,0,0.0000000,0.0000000,0.0000000,0,0,0,0,755419960413875
1494,831789339,1000,1886,1886,2.8930879,-0.00317,-1,-1,-1,0,0,0,136,1,1,0,0.0000000,0.0000000,0.0000000,0,0,0,0,755419961633166
1495,831790339,1000,1886,1886,2.8930879,-0.00304,-1,-1,-1,0,0,0,136,1,1,0,0.0000000,0.0000000,0.0000000,0,0,0,0,755419962646625
1496,831791339,1000,1886,1886,2.8930879,-0.00292,-1,-1,-1,0,0,0,136,1,1,0,0.0000000,0.0000000,0.0000000,0,0,0,0,755419963644625
1497,831792339,1000,1886,1886,2.8930879,-0.00281,-1,-1,-1,0,0,0,136,1,1,0,0.0000000,0.0000000,0.0000000,0,0,0,0,755419964438666
1498,831793339,1000,1886,1886,2.8930879,-0.00270,-1,-1,-1,0,0,0,136,1,1,0,0.0000000,0.0000000,0.0000000,0,0,0,0,755419965425791
1499,831794339,1000,1886,1886,2.8930879,-0.00259,-1,-1,-1,0,0,0,136,1,1,0,0.0000000,0.0000000,0.0000000,0,0,0,0,755419966420875
1500,831795339,1000,1886,1886,2.8930879,-0.00249,-1,-1,-1,0,0,0,136,1,1,0,0.0000000,0.0000000,0.0000000,0,0,0,0,755419967433333
1501,831796339,1000,1886,1886,2.8930879,-0.00239,-1,-1,-1,0,0,0,136,1,1,0,0.0000000,0.0000000,0.0000000,0,0,0,0,755419968431375
1502,831797339,1000,1886,1886,2.8930879,-0.00230,-1,-1,-1,0,0,0,136,1,1,0,0.0000000,0.0000000,0.0000000,0,0,0,0,755419969432208
1503,831798339,1000,1886,1886,2.8930879,-0.00221,-1,-1,-1,0,0,0,136,1,1,0,0.0000000,0.0000000,0.0000000,0,0,0,0,755419970428833
1504,831799339,1000,1886,1886,2.8930879,-0.00212,-1,-1,-1,0,0,0,136,1,1,0,0.0000000,0.0000000,0.0000000,0,0,0,0,755419971433500
1505,831800339,1000,1886,1886,2.8930879,-0.00204,-1,-1,-1,0,0,0,136,1,1,0,0.0000000,0.0000000,0.0000000,0,0,0,0,755419972428000
1506,831801339,1000,1887,1887,2.8946218,0.05819,-1,-1,-1,0,0,0,135,1,1,0,0.0000000,0.0000000,0.0000000,0,0,0,0,755419973430791
1507,831802339,1000,1886,1886,2.8930879,-0.00424,39,100,2092,0,0,0,136,1,1,0,0.0000000,0.0000000,0.0000000,0,0,0,0,755419974870041
1508,831803339,1000,1886,1886,2.8930879,-0.00408,-1,-1,-1,0,0,0,136,1,1,0,0.0000000,0.0000000,0.0000000,0,0,0,0,755419975478416
1509,831804339,1000,1886,1886,2.8930879,-0.00392,-1,-1,-1,0,0,0,136,1,1,0,0.0000000,0.0000000,0.0000000,0,0,0,0,755419976431208
1510,831805339,1000,1886,1886,2.8930879,-0.00376,-1,-1,-1,0,0,0,136,1,1,0,0.0000000,0.0000000,0.0000000,0,0,0,0,755419977433958
1511,831806339,1000,1886,1886,2.8930879,-0.00361,-1,-1,-1,0,0,0,136,1,1,0,0.0000000,0.0000000,0.0000000,0,0,0,0,755419978444541
1512,831807339,1000,1887,1887,2.8946218,0.05668,-1,-1,-1,0,0,0,136,1,1,0,0.0000000,0.0000000,0.0000000,0,0,0,0,755419979423916
1513,831808339,1000,1886,1886,2.8930879,-0.00569,-1,-1,-1,0,0,0,136,1,1,0,0.0000000,0.0000000,0.0000000,0,0,0,0,755419980427916
1514,831809339,1000,1886,1886,2.8930879,-0.00547,-1,-1,-1,0,0,0,136,1,1,0,0.0000000,0.0000000,0.0000000,0,0,0,0,755419981431958
1515,831810339,1000,1887,1887,2.8946218,0.05489,-1,-1,-1,0,0,0,136,1,1,0,0.0000000,0.0000000,0.0000000,0,0,0,0,755419982419333
1516,831811339,1000,1886,1886,2.8930879,-0.00741,-1,-1,-1,0,0,0,136,1,1,0,0.0000000,0.0000000,0.0000000,0,0,0,0,755419983418750
1517,831812339,1000,1886,1886,2.8930879,-0.00712,-1,-1,-1,0,0,0,136,1,1,0,0.0000000,0.0000000,0.0000000,0,0,0,0,755419984440333
1518,831813339,1000,1886,1886,2.8930879,-0.00684,-1,-1,-1,0,0,0,136,1,1,0,0.0000000,0.0000000,0.0000000,0,0,0,0,755419985446875
1519,831814339,1000,1886,1886,2.8930879,-0.00657,-1,-1,-1,0,0,0,136,1,1,0,0.0000000,0.0000000,0.0000000,0,0,0,0,755419986428416
1520,831815339,1000,1886,1886,2.8930879,-0.00631,-1,-1,-1,0,0,0,136,1,1,0,0.0000000,0.0000000,0.0000000,0,0,0,0,755419987434458
1521,831816339,1000,1886,1886,2.8930879,-0.00607,-1,-1,-1,0,0,0,136,1,1,0,0.0000000,0.0000000,0.0000000,0,0,0,0,755419988424125
1522,831817339,1000,1886,1886,2.8930879,-0.00583,-1,-1,-1,0,0,0,136,1,1,0,0.0000000,0.0000000,0.0000000,0,0,0,0,755419989425250
1523,831818339,1000,1886,1886,2.8930879,-0.00560,-1,-1,-1,0,0,0,136,1,1,0,0.0000000,0.0000000,0.0000000,0,0,0,0,755419990425708
1524,831819339,1000,1886,1886,2.8930879,-0.00538,-1,-1,-1,0,0,0,136,1,1,0,0.0000000,0.0000000,0.0000000,0,0,0,0,755419991420166
1525,831820339,1000,1886,1886,2.8930879,-0.00517,-1,-1,-1,0,0,0,136,1,1,0,0.0000000,0.0000000,0.0000000,0,0,0,0,755419992427958
1526,831821339,1000,1886,1886,2.8930879,-0.00497,-1,-1,-1,0,0,0,136,1,1,0,0.0000000,0.0000000,0.0000000,0,0,0,0,755419993645125
1527,831822339,1000,1886,1886,2.8930879,-0.00477,-1,-1,-1,0,0,0,136,1,1,0,0.0000000,0.0000000,0.0000000,0,0,0,0,755419994650125
1528,831823339,1000,1886,1886,2.8930879,-0.00458,-1,-1,-1,0,0,0,136,1,1,0,0.0000000,0.0000000,0.0000000,0,0,0,0,755419995660666
1529,831824339,1000,1886,1886,2.8930879,-0.00441,-1,-1,-1,0,0,0,136,1,1,0,0.0000000,0.0000000,0.0000000,0,0,0,0,755419996654333
1530,831825339,1000,1886,1886,2.8930879,-0.00423,-1,-1,-1,0,0,0,136,1,1,0,0.0000000,0.0000000,0.0000000,0,0,0,0,755419997552875
1531,831826339,1000,1886,1886,2.8930879,-0.00407,-1,-1,-1,0,0,0,136,1,1,0,0.0000000,0.0000000,0.0000000,0,0,0,0,755419998428125
1532,831827339,1000,1886,1886,2.8930879,-0.00391,-1,-1,-1,0,0,0,136,1,1,0,0.0000000,0.0000000,0.0000000,0,0,0,0,755419999444625
1533,831828339,1000,1886,1886,2.8930879,-0.00375,-1,-1,-1,0,0,0,136,1,1,0,0.0000000,0.0000000,0.0000000,0,0,0,0,755420000441083
1534,831829339,1000,1886,1886,2.8930879,-0.00361,-1,-1,-1,0,0,0,136,1,1,0,0.0000000,0.0000000,0.0000000,0,0,0,0,755420001425750
1535,831830339,1000,1886,1886,2.8930879,-0.00347,-1,-1,-1,0,0,0,136,1,1,0,0.0000000,0.0000000,0.0000000,0,0,0,0,755420002484375
1536,831831339,1000,1886,1886,2.8930879,-0.00333,-1,-1,-1,0,0,0,136,1,1,0,0.0000000,0.0000000,0.0000000,0,0,0,0,755420003469875
1537,831832339,1000,1886,1886,2.8930879,-0.00320,-1,-1,-1,0,0,0,136,1,1,0,0.0000000,0.0000000,0.0000000,0,0,0,0,755420004474375
1538,831833339,1000,1886,1886,2.8930879,-0.00307,-1,-1,-1,0,0,0,136,1,1,0,0.0000000,0.0000000,0.0000000,0,0,0,0,755420005493875
1539,831834339,1000,1886,1886,2.8930879,-0.00295,-1,-1,-1,0,0,0,136,1,1,0,0.0000000,0.0000000,0.0000000,0,0,0,0,755420006446875
1540,831835339,1000,1886,1886,2.8930879,-0.00284,-1,-1,-1,0,0,0,136,1,1,0,0.0000000,0.0000000,0.0000000,0,0,0,0,755420007443416
1541,831836339,1000,1886,1886,2.8930879,-0.00273,-1,-1,-1,0,0,0,136,1,1,0,0.0000000,0.0000000,0.0000000,0,0,0,0,755420008439333
1542,831837339,1000,1886,1886,2.8930879,-0.00262,-1,-1,-1,0,0,0,136,1,1,0,0.0000000,0.0000000,0.0000000,0,0,0,0,755420009435000
1543,831838339,1000,1886,1886,2.8930879,-0.00252,-1,-1,-1,0,0,0,136,1,1,0,0.0000000,0.0000000,0.0000000,0,0,0,0,755420010442916
1544,831839339,1000,1886,1886,2.8930879,-0.00242,-1,-1,-1,0,0,0,136,1,1,0,0.0000000,0.0000000,0.0000000,0,0,0,0,755420011549000
1545,831840339,1000,1886,1886,2.8930879,-0.00232,-1,-1,-1,0,0,0,136,1,1,0,0.0000000,0.0000000,0.0000000,0,0,0,0,755420012481000
1546,831841339,1000,1886,1886,2.8930879,-0.00223,-1,-1,-1,0,0,0,136,1,1,0,0.0000000,0.0000000,0.0000000,0,0,0,0,755420013504208
1547,831842339,1000,1886,1886,2.8930879,-0.00214,-1,-1,-1,0,0,0,136,1,1,0,0.0000000,0.0000000,0.0000000,0,0,0,0,755420014464916
1548,831843339,1000,1886,1886,2.8930879,-0.00206,-1,-1,-1,0,0,0,136,1,1,0,0.0000000,0.0000000,0.0000000,0,0,0,0,755420015487250
1549,831844339,1000,1886,1886,2.8930879,-0.00198,-1,-1,-1,0,0,0,136,1,1,0,0.0000000,0.0000000,0.0000000,0,0,0,0,755420016490041
1550,831845339,1000,1886,1886,2.8930879,-0.00190,-1,-1,-1,0,0,0,136,1,1,0,0.0000000,0.0000000,0.0000000,0,0,0,0,755420017474416
1551,831846339,1000,1886,1886,2.8930879,-0.00183,-1,-1,-1,0,0,0,136,1,1,0,0.0000000,0.0000000,0.0000000,0,0,0,0,755420018457083
1552,831847339,1000,1886,1886,2.8930879,-0.00176,-1,-1,-1,0,0,0,136,1,1,0,0.0000000,0.0000000,0.0000000,0,0,0,0,755420019456125
1553,831848339,1000,1886,1886,2.8930879,-0.00169,-1,-1,-1,0,0,0,136,1,1,0,0.0000000,0.0000000,0.0000000,0,0,0,0,755420020686333
1554,831849339,1000,1886,1886,2.8930879,-0.00162,-1,-1,-1,0,0,0,136,1,1,0,0.0000000,0.0000000,0.0000000,0,0,0,0,755420021683708
1555,831850339,1000,1886,1886,2.8930879,-0.00156,-1,-1,-1,0,0,0,136,1,1,0,0.0000000,0.0000000,0.0000000,0,0,0,0,755420022665291
1556,831851339,1000,1886,1886,2.8930879,-0.00150,-1,-1,-1,0,0,0,136,1,1,0,0.0000000,0.0000000,0.0000000,0,0,0,0,755420023561458
1557,831852339,1000,1887,1887,2.8946218,0.05871,39,100,2090,0,0,0,136,1,1,0,0.0000000,0.0000000,0.0000000,0,0,0,0,755420024854250
1558,831853339,1000,1886,1886,2.8930879,-0.00374,-1,-1,-1,0,0,0,136,1,1,0,0.0000000,0.0000000,0.0000000,0,0,0,0,755420025476041
1559,831854339,1000,1886,1886,2.8930879,-0.00359,-1,-1,-1,0,0,0,136,1,1,0,0.0000000,0.0000000,0.0000000,0,0,0,0,755420026453333
1560,831855339,1000,1886,1886,2.8930879,-0.00345,-1,-1,-1,0,0,0,136,1,1,0,0.0000000,0.0000000,0.0000000,0,0,0,0,755420027456208
1561,831856339,1000,1886,1886,2.8930879,-0.00332,-1,-1,-1,0,0,0,136,1,1,0,0.0000000,0.0000000,0.0000000,0,0,0,0,755420028455791
1562,831857339,1000,1886,1886,2.8930879,-0.00319,-1,-1,-1,0,0,0,136,1,1,0,0.0000000,0.0000000,0.0000000,0,0,0,0,755420029476375
1563,831858339,1000,1886,1886,2.8930879,-0.00306,-1,-1,-1,0,0,0,136,1,1,0,0.0000000,0.0000000,0.0000000,0,0,0,0,755420030480458
1564,831859339,1000,1887,1887,2.8946218,0.05721,-1,-1,-1,0,0,0,136,1,1,0,0.0000000,0.0000000,0.0000000,0,0,0,0,755420031489625
1565,831860339,1000,1886,1886,2.8930879,-0.00518,-1,-1,-1,0,0,0,136,1,1,0,0.0000000,0.0000000,0.0000000,0,0,0,0,755420032460333
1566,831861339,1000,1886,1886,2.8930879,-0.00498,-1,-1,-1,0,0,0,136,1,1,0,0.0000000,0.0000000,0.0000000,0,0,0,0,755420033455041
1567,831862339,1000,1886,1886,2.8930879,-0.00479,-1,-1,-1,0,0,0,136,1,1,0,0.0000000,0.0000000,0.0000000,0,0,0,0,755420034678666
1568,831863339,1000,1886,1886,2.8930879,-0.00460,-1,-1,-1,0,0,0,136,1,1,0,0.0000000,0.0000000,0.0000000,0,0,0,0,755420035664458
1569,831864339,1000,1886,1886,2.8930879,-0.00442,-1,-1,-1,0,0,0,136,1,1,0,0.0000000,0.0000000,0.0000000,0,0,0,0,755420036669458
1570,831865339,1000,1887,1887,2.8946218,0.05590,-1,-1,-1,0,0,0,136,1,1,0,0.0000000,0.0000000,0.0000000,0,0,0,0,755420037456333
1571,831866339,1000,1886,1886,2.8930879,-0.00644,-1,-1,-1,0,0,0,136,1,1,0,0.0000000,0.0000000,0.0000000,0,0,0,0,755420038495875
1572,831867339,1000,1886,1886,2.8930879,-0.00618,-1,-1,-1,0,0,0,136,1,1,0,0.0000000,0.0000000,0.0000000,0,0,0,0,755420039487041
1573,831868339,1000,1886,1886,2.8930879,-0.00594,-1,-1,-1,0,0,0,136,1,1,0,0.0000000,0.0000000,0.0000000,0,0,0,0,755420040474541
1574,831869339,1000,1886,1886,2.8930879,-0.00571,-1,-1,-1,0,0,0,136,1,1,0,0.0000000,0.0000000,0.0000000,0,0,0,0,755420041458666
1575,831870339,1000,1886,1886,2.8930879,-0.00549,-1,-1,-1,0,0,0,136,1,1,0,0.0000000,0.0000000,0.0000000,0,0,0,0,755420042466375
1576,831871339,1000,1886,1886,2.8930879,-0.00527,-1,-1,-1,0,0,0,136,1,1,0,0.0000000,0.0000000,0.0000000,0,0,0,0,755420043459500
1577,831872339,1000,1886,1886,2.8930879,-0.00506,-1,-1,-1,0,0,0,136,1,1,0,0.0000000,0.0000000,0.0000000,0,0,0,0,755420044445666
1578,831873339,1000,1886,1886,2.8930879,-0.00486,-1,-1,-1,0,0,0,136,1,1,0,0.0000000,0.0000000,0.0000000,0,0,0,0,755420045449333
1579,831874339,1000,1886,1886,2.8930879,-0.00467,-1,-1,-1,0,0,0,136,1,1,0,0.0000000,0.0000000,0.0000000,0,0,0,0,755420046476125
1580,831875339,1000,1886,1886,2.8930879,-0.00449,-1,-1,-1,0,0,0,136,1,1,0,0.0000000,0.0000000,0.0000000,0,0,0,0,755420047501125
1581,831876339,1000,1886,1886,2.8930879,-0.00431,-1,-1,-1,0,0,0,136,1,1,0,0.0000000,0.0000000,0.0000000,0,0,0,0,755420048482500
1582,831877339,1000,1886,1886,2.8930879,-0.00415,-1,-1,-1,0,0,0,136,1,1,0,0.0000000,0.0000000,0.0000000,0,0,0,0,755420049452625
1583,831878339,1000,1886,1886,2.8930879,-0.00398,-1,-1,-1,0,0,0,136,1,1,0,0.0000000,0.0000000,0.0000000,0,0,0,0,755420050457166
1584,831879339,1000,1886,1886,2.8930879,-0.00383,-1,-1,-1,0,0,0,136,1,1,0,0.0000000,0.0000000,0.0000000,0,0,0,0,755420051454791
1585,831880339,1000,1886,1886,2.8930879,-0.00368,-1,-1,-1,0,0,0,136,1,1,0,0.0000000,0.0000000,0.0000000,0,0,0,0,755420052448291
1586,831881339,1000,1886,1886,2.8930879,-0.00353,-1,-1,-1,0,0,0,136,1,1,0,0.0000000,0.0000000,0.0000000,0,0,0,0,755420053437958
1587,831882339,1000,1886,1886,2.8930879,-0.00339,-1,-1,-1,0,0,0,136,1,1,0,0.0000000,0.0000000,0.0000000,0,0,0,0,755420054441083
1588,831883339,1000,1886,1886,2.8930879,-0.00326,-1,-1,-1,0,0,0,136,1,1,0,0.0000000,0.0000000,0.0000000,0,0,0,0,755420055449083
1589,831884339,1000,1886,1886,2.8930879,-0.00313,-1,-1,-1,0,0,0,136,1,1,0,0.0000000,0.0000000,0.0000000,0,0,0,0,755420056447250
1590,831885339,1000,1886,1886,2.8930879,-0.00301,-1,-1,-1,0,0,0,136,1,1,0,0.0000000,0.0000000,0.0000000,0,0,0,0,755420057442083
1591,831886339,1000,1886,1886,2.8930879,-0.00289,-1,-1,-1,0,0,0,136,1,1,0,0.0000000,0.0000000,0.0000000,0,0,0,0,755420058461250
1592,831887339,1000,1886,1886,2.8930879,-0.00278,-1,-1,-1,0,0,0,136,1,1,0,0.0000000,0.0000000,0.0000000,0,0,0,0,755420059461833
1593,831888339,1000,1887,1887,2.8946218,0.05748,-1,-1,-1,0,0,0,136,1,1,0,0.0000000,0.0000000,0.0000000,0,0,0,0,755420060433208
1594,831889339,1000,1886,1886,2.8930879,-0.00492,-1,-1,-1,0,0,0,136,1,1,0,0.0000000,0.0000000,0.0000000,0,0,0,0,755420061463125
1595,831890339,1000,1886,1886,2.8930879,-0.00473,-1,-1,-1,0,0,0,136,1,1,0,0.0000000,0.0000000,0.0000000,0,0,0,0,755420062488416
1596,831891339,1000,1886,1886,2.8930879,-0.00455,-1,-1,-1,0,0,0,136,1,1,0,0.0000000,0.0000000,0.0000000,0,0,0,0,755420063448291
1597,831892339,1000,1886,1886,2.8930879,-0.00437,-1,-1,-1,0,0,0,136,1,1,0,0.0000000,0.0000000,0.0000000,0,0,0,0,755420064446166
1598,831893339,1000,1886,1886,2.8930879,-0.00420,-1,-1,-1,0,0,0,136,1,1,0,0.0000000,0.0000000,0.0000000,0,0,0,0,755420065434833
1599,831894339,1000,1886,1886,2.8930879,-0.00403,-1,-1,-1,0,0,0,136,1,1,0,0.0000000,0.0000000,0.0000000,0,0,0,0,755420066441041
1600,831895339,1000,1886,1886,2.8930879,-0.00387,-1,-1,-1,0,0,0,136,1,1,0,0.0000000,0.0000000,0.0000000,0,0,0,0,755420067441083
1601,831896339,1000,1887,1887,2.8946218,0.05643,-1,-1,-1,0,0,0,136,1,1,0,0.0000000,0.0000000,0.0000000,0,0,0,0,755420068745208
1602,831897339,1000,1886,1886,2.8930879,-0.00593,-1,-1,-1,0,0,0,136,1,1,0,0.0000000,0.0000000,0.0000000,0,0,0,0,755420069673500
1603,831898339,1000,1886,1886,2.8930879,-0.00570,-1,-1,-1,0,0,0,136,1,1,0,0.0000000,0.0000000,0.0000000,0,0,0,0,755420070566000
1604,831899339,1000,1886,1886,2.8930879,-0.00548,-1,-1,-1,0,0,0,136,1,1,0,0.0000000,0.0000000,0.0000000,0,0,0,0,755420071451833
1605,831900339,1000,1886,1886,2.8930879,-0.00526,-1,-1,-1,0,0,0,136,1,1,0,0.0000000,0.0000000,0.0000000,0,0,0,0,755420072444375
1606,831901339,1000,1886,1886,2.8930879,-0.00506,-1,-1,-1,0,0,0,136,1,1,0,0.0000000,0.0000000,0.0000000,0,0,0,0,755420073439333
1607,831902339,1000,1886,1886,2.8930879,-0.00486,39,100,2091,0,0,0,136,1,1,0,0.0000000,0.0000000,0.0000000,0,0,0,0,755420074830791
1608,831903339,1000,1886,1886,2.8930879,-0.00467,-1,-1,-1,0,0,0,136,1,1,0,0.0000000,0.0000000,0.0000000,0,0,0,0,755420075439833
1609,831904339,1000,1886,1886,2.8930879,-0.00448,-1,-1,-1,0,0,0,136,1,1,0,0.0000000,0.0000000,0.0000000,0,0,0,0,755420076457791
1610,831905339,1000,1886,1886,2.8930879,-0.00431,-1,-1,-1,0,0,0,136,1,1,0,0.0000000,0.0000000,0.0000000,0,0,0,0,755420077452500
1611,831906339,1000,1886,1886,2.8930879,-0.00414,-1,-1,-1,0,0,0,136,1,1,0,0.0000000,0.0000000,0.0000000,0,0,0,0,755420078490500
1612,831907339,1000,1886,1886,2.8930879,-0.00398,-1,-1,-1,0,0,0,136,1,1,0,0.0000000,0.0000000,0.0000000,0,0,0,0,755420079449083
1613,831908339,1000,1886,1886,2.8930879,-0.00382,-1,-1,-1,0,0,0,136,1,1,0,0.0000000,0.0000000,0.0000000,0,0,0,0,755420080447958
1614,831909339,1000,1886,1886,2.8930879,-0.00367,-1,-1,-1,0,0,0,136,1,1,0,0.0000000,0.0000000,0.0000000,0,0,0,0,755420081434333
1615,831910339,1000,1887,1887,2.8946218,0.05662,-1,-1,-1,0,0,0,136,1,1,0,0.0000000,0.0000000,0.0000000,0,0,0,0,755420082429791
1616,831911339,1000,1886,1886,2.8930879,-0.00575,-1,-1,-1,0,0,0,136,1,1,0,0.0000000,0.0000000,0.0000000,0,0,0,0,755420083443541
1617,831912339,1000,1886,1886,2.8930879,-0.00552,-1,-1,-1,0,0,0,136,1,1,0,0.0000000,0.0000000,0.0000000,0,0,0,0,755420084441750
1618,831913339,1000,1886,1886,2.8930879,-0.00531,-1,-1,-1,0,0,0,135,1,1,0,0.0000000,0.0000000,0.0000000,0,0,0,0,755420085431708
1619,831914339,1000,1886,1886,2.8930879,-0.00510,-1,-1,-1,0,0,0,136,1,1,0,0.0000000,0.0000000,0.0000000,0,0,0,0,755420086435958
1620,831915339,1000,1886,1886,2.8930879,-0.00490,-1,-1,-1,0,0,0,136,1,1,0,0.0000000,0.0000000,0.0000000,0,0,0,0,755420087429750
1621,831916339,1000,1886,1886,2.8930879,-0.00471,-1,-1,-1,0,0,0,136,1,1,0,0.0000000,0.0000000,0.0000000,0,0,0,0,755420088443166
1622,831917339,1000,1886,1886,2.8930879,-0.00452,-1,-1,-1,0,0,0,136,1,1,0,0.0000000,0.0000000,0.0000000,0,0,0,0,755420089440166
1623,831918339,1000,1886,1886,2.8930879,-0.00434,-1,-1,-1,0,0,0,136,1,1,0,0.0000000,0.0000000,0.0000000,0,0,0,0,755420090443708
1624,831919339,1000,1886,1886,2.8930879,-0.00417,-1,-1,-1,0,0,0,136,1,1,0,0.0000000,0.0000000,0.0000000,0,0,0,0,755420091470333
1625,831920339,1000,1886,1886,2.8930879,-0.00401,-1,-1,-1,0,0,0,136,1,1,0,0.0000000,0.0000000,0.0000000,0,0,0,0,755420092434500
1626,831921339,1000,1886,1886,2.8930879,-0.00385,-1,-1,-1,0,0,0,136,1,1,0,0.0000000,0.0000000,0.0000000,0,0,0,0,755420093654458
1627,831922339,1000,1886,1886,2.8930879,-0.00370,-1,-1,-1,0,0,0,136,1,1,0,0.0000000,0.0000000,0.0000000,0,0,0,0,755420094696083
1628,831923339,1000,1886,1886,2.8930879,-0.00356,-1,-1,-1,0,0,0,136,1,1,0,0.0000000,0.0000000,0.0000000,0,0,0,0,755420095664041
1629,831924339,1000,1886,1886,2.8930879,-0.00342,-1,-1,-1,0,0,0,136,1,1,0,0.0000000,0.0000000,0.0000000,0,0,0,0,755420096489666
1630,831925339,1000,1886,1886,2.8930879,-0.00328,-1,-1,-1,0,0,0,136,1,1,0,0.0000000,0.0000000,0.0000000,0,0,0,0,755420097436333
1631,831926339,1000,1886,1886,2.8930879,-0.00315,-1,-1,-1,0,0,0,136,1,1,0,0.0000000,0.0000000,0.0000000,0,0,0,0,755420098439458
1632,831927339,1000,1886,1886,2.8930879,-0.00303,-1,-1,-1,0,0,0,136,1,1,0,0.0000000,0.0000000,0.0000000,0,0,0,0,755420099441583
1633,831928339,1000,1886,1886,2.8930879,-0.00291,-1,-1,-1,0,0,0,136,1,1,0,0.0000000,0.0000000,0.0000000,0,0,0,0,755420100439625
1634,831929339,1000,1886,1886,2.8930879,-0.00280,-1,-1,-1,0,0,0,136,1,1,0,0.0000000,0.0000000,0.0000000,0,0,0,0,755420101435250
1635,831930339,1000,1886,1886,2.8930879,-0.00269,-1,-1,-1,0,0,0,136,1,1,0,0.0000000,0.0000000,0.0000000,0,0,0,0,755420102440666
1636,831931339,1000,1886,1886,2.8930879,-0.00258,-1,-1,-1,0,0,0,136,1,1,0,0.0000000,0.0000000,0.0000000,0,0,0,0,755420103440458
1637,831932339,1000,1886,1886,2.8930879,-0.00248,-1,-1,-1,0,0,0,136,1,1,0,0.0000000,0.0000000,0.0000000,0,0,0,0,755420104428666
1638,831933339,1000,1886,1886,2.8930879,-0.00238,-1,-1,-1,0,0,0,136,1,1,0,0.0000000,0.0000000,0.0000000,0,0,0,0,755420105653416
1639,831934339,1000,1886,1886,2.8930879,-0.00229,-1,-1,-1,0,0,0,136,1,1,0,0.0000000,0.0000000,0.0000000,0,0,0,0,755420106647458
1640,831935339,1000,1886,1886,2.8930879,-0.00220,-1,-1,-1,0,0,0,136,1,1,0,0.0000000,0.0000000,0.0000000,0,0,0,0,755420107664875
1641,831936339,1000,1886,1886,2.8930879,-0.00211,-1,-1,-1,0,0,0,136,1,1,0,0.0000000,0.0000000,0.0000000,0,0,0,0,755420108440000
1642,831937339,1000,1886,1886,2.8930879,-0.00203,-1,-1,-1,0,0,0,136,1,1,0,0.0000000,0.0000000,0.0000000,0,0,0,0,755420109454458
1643,831938339,1000,1886,1886,2.8930879,-0.00195,-1,-1,-1,0,0,0,136,1,1,0,0.0000000,0.0000000,0.0000000,0,0,0,0,755420110441416
1644,831939339,1000,1887,1887,2.8946218,0.05827,-1,-1,-1,0,0,0,136,1,1,0,0.0000000,0.0000000,0.0000000,0,0,0,0,755420111452208
1645,831940339,1000,1886,1886,2.8930879,-0.00416,-1,-1,-1,0,0,0,136,1,1,0,0.0000000,0.0000000,0.0000000,0,0,0,0,755420112506958
1646,831941339,1000,1886,1886,2.8930879,-0.00400,-1,-1,-1,0,0,0,136,1,1,0,0.0000000,0.0000000,0.0000000,0,0,0,0,755420113502750
1647,831942339,1000,1886,1886,2.8930879,-0.00384,-1,-1,-1,0,0,0,136,1,1,0,0.0000000,0.0000000,0.0000000,0,0,0,0,755420114463208
1648,831943339,1000,1886,1886,2.8930879,-0.00369,-1,-1,-1,0,0,0,136,1,1,0,0.0000000,0.0000000,0.0000000,0,0,0,0,755420115455791
1649,831944339,1000,1886,1886,2.8930879,-0.00355,-1,-1,-1,0,0,0,136,1,1,0,0.0000000,0.0000000,0.0000000,0,0,0,0,755420116458833
1650,831945339,1000,1886,1886,2.8930879,-0.00341,-1,-1,-1,0,0,0,136,1,1,0,0.0000000,0.0000000,0.0000000,0,0,0,0,755420117448125
1651,831946339,1000,1886,1886,2.8930879,-0.00327,-1,-1,-1,0,0,0,136,1,1,0,0.0000000,0.0000000,0.0000000,0,0,0,0,755420118449791
1652,831947339,1000,1886,1886,2.8930879,-0.00314,-1,-1,-1,0,0,0,136,1,1,0,0.0000000,0.0000000,0.0000000,0,0,0,0,755420119451125
1653,831948339,1000,1887,1887,2.8946218,0.05713,-1,-1,-1,0,0,0,136,1,1,0,0.0000000,0.0000000,0.0000000,0,0,0,0,755420120469916
1654,831949339,1000,1886,1886,2.8930879,-0.00526,-1,-1,-1,0,0,0,136,1,1,0,0.0000000,0.0000000,0.0000000,0,0,0,0,755420121460708
1655,831950339,1000,1886,1886,2.8930879,-0.00505,-1,-1,-1,0,0,0,136,1,1,0,0.0000000,0.0000000,0.0000000,0,0,0,0,755420122447875
1656,831951339,1000,1887,1887,2.8946218,0.05529,-1,-1,-1,0,0,0,136,1,1,0,0.0000000,0.0000000,0.0000000,0,0,0,0,755420123435166
1657,831952339,1000,1886,1886,2.8930879,-0.00702,39,100,2090,0,0,0,136,1,1,0,0.0000000,0.0000000,0.0000000,0,0,0,0,755420124892041
1658,831953339,1000,1886,1886,2.8930879,-0.00675,-1,-1,-1,0,0,0,136,1,1,0,0.0000000,0.0000000,0.0000000,0,0,0,0,755420125538000
1659,831954339,1000,1886,1886,2.8930879,-0.00648,-1,-1,-1,0,0,0,136,1,1,0,0.0000000,0.0000000,0.0000000,0,0,0,0,755420126453541
1660,831955339,1000,1886,1886,2.8930879,-0.00623,-1,-1,-1,0,0,0,136,1,1,0,0.0000000,0.0000000,0.0000000,0,0,0,0,755420127444541
1661,831956339,1000,1886,1886,2.8930879,-0.00599,-1,-1,-1,0,0,0,136,1,1,0,0.0000000,0.0000000,0.0000000,0,0,0,0,755420128476833
1662,831957339,1000,1886,1886,2.8930879,-0.00575,-1,-1,-1,0,0,0,136,1,1,0,0.0000000,0.0000000,0.0000000,0,0,0,0,755420129458166
1663,831958339,1000,1886,1886,2.8930879,-0.00553,-1,-1,-1,0,0,0,136,1,1,0,0.0000000,0.0000000,0.0000000,0,0,0,0,755420130458791
1664,831959339,1000,1886,1886,2.8930879,-0.00531,-1,-1,-1,0,0,0,136,1,1,0,0.0000000,0.0000000,0.0000000,0,0,0,0,755420131447875
1665,831960339,1000,1886,1886,2.8930879,-0.00510,-1,-1,-1,0,0,0,136,1,1,0,0.0000000,0.0000000,0.0000000,0,0,0,0,755420132450083
1666,831961339,1000,1886,1886,2.8930879,-0.00490,-1,-1,-1,0,0,0,136,1,1,0,0.0000000,0.0000000,0.0000000,0,0,0,0,755420133459541
1667,831962339,1000,1886,1886,2.8930879,-0.00471,-1,-1,-1,0,0,0,136,1,1,0,0.0000000,0.0000000,0.0000000,0,0,0,0,755420134449666
1668,831963339,1000,1886,1886,2.8930879,-0.00452,-1,-1,-1,0,0,0,136,1,1,0,0.0000000,0.0000000,0.0000000,0,0,0,0,755420135450666
1669,831964339,1000,1886,1886,2.8930879,-0.00435,-1,-1,-1,0,0,0,136,1,1,0,0.0000000,0.0000000,0.0000000,0,0,0,0,755420136455416
1670,831965339,1000,1886,1886,2.8930879,-0.00418,-1,-1,-1,0,0,0,136,1,1,0,0.0000000,0.0000000,0.0000000,0,0,0,0,755420137442958
1671,831966339,1000,1886,1886,2.8930879,-0.00401,-1,-1,-1,0,0,0,136,1,1,0,0.0000000,0.0000000,0.0000000,0,0,0,0,755420138442541
1672,831967339,1000,1886,1886,2.8930879,-0.00386,-1,-1,-1,0,0,0,136,1,1,0,0.0000000,0.0000000,0.0000000,0,0,0,0,755420139657333
1673,831968339,1000,1886,1886,2.8930879,-0.00370,-1,-1,-1,0,0,0,136,1,1,0,0.0000000,0.0000000,0.0000000,0,0,0,0,755420140672833
1674,831969339,1000,1886,1886,2.8930879,-0.00356,-1,-1,-1,0,0,0,136,1,1,0,0.0000000,0.0000000,0.0000000,0,0,0,0,755420141678583
1675,831970339,1000,1886,1886,2.8930879,-0.00342,-1,-1,-1,0,0,0,136,1,1,0,0.0000000,0.0000000,0.0000000,0,0,0,0,755420142661958
1676,831971339,1000,1886,1886,2.8930879,-0.00329,-1,-1,-1,0,0,0,136,1,1,0,0.0000000,0.0000000,0.0000000,0,0,0,0,755420143596000
1677,831972339,1000,1886,1886,2.8930879,-0.00316,-1,-1,-1,0,0,0,136,1,1,0,0.0000000,0.0000000,0.0000000,0,0,0,0,755420144438875
1678,831973339,1000,1886,1886,2.8930879,-0.00303,-1,-1,-1,0,0,0,136,1,1,0,0.0000000,0.0000000,0.0000000,0,0,0,0,755420145439458
1679,831974339,1000,1886,1886,2.8930879,-0.00291,-1,-1,-1,0,0,0,136,1,1,0,0.0000000,0.0000000,0.0000000,0,0,0,0,755420146438250
1680,831975339,1000,1886,1886,2.8930879,-0.00280,-1,-1,-1,0,0,0,136,1,1,0,0.0000000,0.0000000,0.0000000,0,0,0,0,755420147444333
1681,831976339,1000,1886,1886,2.8930879,-0.00269,-1,-1,-1,0,0,0,136,1,1,0,0.0000000,0.0000000,0.0000000,0,0,0,0,755420148436750
1682,831977339,1000,1886,1886,2.8930879,-0.00258,-1,-1,-1,0,0,0,136,1,1,0,0.0000000,0.0000000,0.0000000,0,0,0,0,755420149433833
1683,831978339,1000,1886,1886,2.8930879,-0.00248,-1,-1,-1,0,0,0,136,1,1,0,0.0000000,0.0000000,0.0000000,0,0,0,0,755420150434708
1684,831979339,1000,1886,1886,2.8930879,-0.00239,-1,-1,-1,0,0,0,136,1,1,0,0.0000000,0.0000000,0.0000000,0,0,0,0,755420151435000
1685,831980339,1000,1886,1886,2.8930879,-0.00229,-1,-1,-1,0,0,0,136,1,1,0,0.0000000,0.0000000,0.0000000,0,0,0,0,755420152435125
1686,831981339,1000,1886,1886,2.8930879,-0.00220,-1,-1,-1,0,0,0,136,1,1,0,0.0000000,0.0000000,0.0000000,0,0,0,0,755420153437083
1687,831982339,1000,1886,1886,2.8930879,-0.00212,-1,-1,-1,0,0,0,136,1,1,0,0.0000000,0.0000000,0.0000000,0,0,0,0,755420154430541
1688,831983339,1000,1886,1886,2.8930879,-0.00203,-1,-1,-1,0,0,0,136,1,1,0,0.0000000,0.0000000,0.0000000,0,0,0,0,755420155434125
1689,831984339,1000,1886,1886,2.8930879,-0.00195,-1,-1,-1,0,0,0,136,1,1,0,0.0000000,0.0000000,0.0000000,0,0,0,0,755420156461958
1690,831985339,1000,1886,1886,2.8930879,-0.00188,-1,-1,-1,0,0,0,136,1,1,0,0.0000000,0.0000000,0.0000000,0,0,0,0,755420157452333
1691,831986339,1000,1886,1886,2.8930879,-0.00180,-1,-1,-1,0,0,0,136,1,1,0,0.0000000,0.0000000,0.0000000,0,0,0,0,755420158446208
1692,831987339,1000,1886,1886,2.8930879,-0.00173,-1,-1,-1,0,0,0,136,1,1,0,0.0000000,0.0000000,0.0000000,0,0,0,0,755420159437916
1693,831988339,1000,1886,1886,2.8930879,-0.00166,-1,-1,-1,0,0,0,136,1,1,0,0.0000000,0.0000000,0.0000000,0,0,0,0,755420160436541
1694,831989339,1000,1886,1886,2.8930879,-0.00160,-1,-1,-1,0,0,0,136,1,1,0,0.0000000,0.0000000,0.0000000,0,0,0,0,755420161667208
1695,831990339,1000,1886,1886,2.8930879,-0.00154,-1,-1,-1,0,0,0,136,1,1,0,0.0000000,0.0000000,0.0000000,0,0,0,0,755420162679666
1696,831991339,1000,1886,1886,2.8930879,-0.00148,-1,-1,-1,0,0,0,136,1,1,0,0.0000000,0.0000000,0.0000000,0,0,0,0,755420163541458
1697,831992339,1000,1886,1886,2.8930879,-0.00142,-1,-1,-1,0,0,0,136,1,1,0,0.0000000,0.0000000,0.0000000,0,0,0,0,755420164434666
1698,831993339,1000,1886,1886,2.8930879,-0.00136,-1,-1,-1,0,0,0,136,1,1,0,0.0000000,0.0000000,0.0000000,0,0,0,0,755420165432333
1699,831994339,1000,1886,1886,2.8930879,-0.00131,-1,-1,-1,0,0,0,136,1,1,0,0.0000000,0.0000000,0.0000000,0,0,0,0,755420166434791
1700,831995339,1000,1886,1886,2.8930879,-0.00126,-1,-1,-1,0,0,0,136,1,1,0,0.0000000,0.0000000,0.0000000,0,0,0,0,755420167435291
1701,831996339,1000,1886,1886,2.8930879,-0.00121,-1,-1,-1,0,0,0,136,1,1,0,0.0000000,0.0000000,0.0000000,0,0,0,0,755420168431625
1702,831997339,1000,1886,1886,2.8930879,-0.00116,-1,-1,-1,0,0,0,136,1,1,0,0.0000000,0.0000000,0.0000000,0,0,0,0,755420169441208
1703,831998339,1000,1886,1886,2.8930879,-0.00112,-1,-1,-1,0,0,0,136,1,1,0,0.0000000,0.0000000,0.0000000,0,0,0,0,755420170469666
1704,831999339,1000,1886,1886,2.8930879,-0.00107,-1,-1,-1,0,0,0,136,1,1,0,0.0000000,0.0000000,0.0000000,0,0,0,0,755420171476000
1705,832000339,1000,1887,1887,2.8946218,0.05912,-1,-1,-1,0,0,0,136,1,1,0,0.0000000,0.0000000,0.0000000,0,0,0,0,755420172448208
1706,832001339,1000,1886,1886,2.8930879,-0.00335,-1,-1,-1,0,0,0,136,1,1,0,0.0000000,0.0000000,0.0000000,0,0,0,0,755420173514833
1707,832002339,1000,1887,1887,2.8946218,0.05693,39,100,2090,0,0,0,136,1,1,0,0.0000000,0.0000000,0.0000000,0,0,0,0,755420174884375
1708,832003339,1000,1886,1886,2.8930879,-0.00545,-1,-1,-1,0,0,0,136,1,1,0,0.0000000,0.0000000,0.0000000,0,0,0,0,755420175498875
1709,832004339,1000,1886,1886,2.8930879,-0.00524,-1,-1,-1,0,0,0,136,1,1,0,0.0000000,0.0000000,0.0000000,0,0,0,0,755420176484791
1710,832005339,1000,1886,1886,2.8930879,-0.00503,-1,-1,-1,0,0,0,136,1,1,0,0.0000000,0.0000000,0.0000000,0,0,0,0,755420177454541
1711,832006339,1000,1886,1886,2.8930879,-0.00483,-1,-1,-1,0,0,0,136,1,1,0,0.0000000,0.0000000,0.0000000,0,0,0,0,755420178481458
1712,832007339,1000,1886,1886,2.8930879,-0.00464,-1,-1,-1,0,0,0,136,1,1,0,0.0000000,0.0000000,0.0000000,0,0,0,0,755420179481458
1713,832008339,1000,1886,1886,2.8930879,-0.00446,-1,-1,-1,0,0,0,136,1,1,0,0.0000000,0.0000000,0.0000000,0,0,0,0,755420180447791
1714,832009339,1000,1886,1886,2.8930879,-0.00429,-1,-1,-1,0,0,0,136,1,1,0,0.0000000,0.0000000,0.0000000,0,0,0,0,755420181448833
1715,832010339,1000,1886,1886,2.8930879,-0.00412,-1,-1,-1,0,0,0,136,1,1,0,0.0000000,0.0000000,0.0000000,0,0,0,0,755420182459958
1716,832011339,1000,1886,1886,2.8930879,-0.00396,-1,-1,-1,0,0,0,136,1,1,0,0.0000000,0.0000000,0.0000000,0,0,0,0,755420183428708
1717,832012339,1000,1886,1886,2.8930879,-0.00380,-1,-1,-1,0,0,0,136,1,1,0,0.0000000,0.0000000,0.0000000,0,0,0,0,755420184676750
1718,832013339,1000,1886,1886,2.8930879,-0.00365,-1,-1,-1,0,0,0,136,1,1,0,0.0000000,0.0000000,0.0000000,0,0,0,0,755420185650250
1719,832014339,1000,1886,1886,2.8930879,-0.00351,-1,-1,-1,0,0,0,136,1,1,0,0.0000000,0.0000000,0.0000000,0,0,0,0,755420186654750
1720,832015339,1000,1886,1886,2.8930879,-0.00337,-1,-1,-1,0,0,0,136,1,1,0,0.0000000,0.0000000,0.0000000,0,0,0,0,755420187465583
1721,832016339,1000,1886,1886,2.8930879,-0.00324,-1,-1,-1,0,0,0,136,1,1,0,0.0000000,0.0000000,0.0000000,0,0,0,0,755420188481250
1722,832017339,1000,1886,1886,2.8930879,-0.00311,-1,-1,-1,0,0,0,136,1,1,0,0.0000000,0.0000000,0.0000000,0,0,0,0,755420189432708
1723,832018339,1000,1886,1886,2.8930879,-0.00299,-1,-1,-1,0,0,0,136,1,1,0,0.0000000,0.0000000,0.0000000,0,0,0,0,755420190440000
1724,832019339,1000,1886,1886,2.8930879,-0.00287,-1,-1,-1,0,0,0,136,1,1,0,0.0000000,0.0000000,0.0000000,0,0,0,0,755420191435333
1725,832020339,1000,1886,1886,2.8930879,-0.00276,-1,-1,-1,0,0,0,136,1,1,0,0.0000000,0.0000000,0.0000000,0,0,0,0,755420192434375
1726,832021339,1000,1886,1886,2.8930879,-0.00265,-1,-1,-1,0,0,0,136,1,1,0,0.0000000,0.0000000,0.0000000,0,0,0,0,755420193436833
1727,832022339,1000,1886,1886,2.8930879,-0.00255,-1,-1,-1,0,0,0,136,1,1,0,0.0000000,0.0000000,0.0000000,0,0,0,0,755420194435875
1728,832023339,1000,1887,1887,2.8946218,0.05770,-1,-1,-1,0,0,0,136,1,1,0,0.0000000,0.0000000,0.0000000,0,0,0,0,755420195425375
1729,832024339,1000,1886,1886,2.8930879,-0.00471,-1,-1,-1,0,0,0,136,1,1,0,0.0000000,0.0000000,0.0000000,0,0,0,0,755420196459125
1730,832025339,1000,1886,1886,2.8930879,-0.00453,-1,-1,-1,0,0,0,136,1,1,0,0.0000000,0.0000000,0.0000000,0,0,0,0,755420197439541
1731,832026339,1000,1886,1886,2.8930879,-0.00435,-1,-1,-1,0,0,0,136,1,1,0,0.0000000,0.0000000,0.0000000,0,0,0,0,755420198437791
1732,832027339,1000,1886,1886,2.8930879,-0.00418,-1,-1,-1,0,0,0,136,1,1,0,0.0000000,0.0000000,0.0000000,0,0,0,0,755420199439708
1733,832028339,1000,1886,1886,2.8930879,-0.00401,-1,-1,-1,0,0,0,136,1,1,0,0.0000000,0.0000000,0.0000000,0,0,0,0,755420200458958
1734,832029339,1000,1886,1886,2.8930879,-0.00386,-1,-1,-1,0,0,0,136,1,1,0,0.0000000,0.0000000,0.0000000,0,0,0,0,755420201506250
1735,832030339,1000,1886,1886,2.8930879,-0.00371,-1,-1,-1,0,0,0,136,1,1,0,0.0000000,0.0000000,0.0000000,0,0,0,0,755420202460708
1736,832031339,1000,1886,1886,2.8930879,-0.00356,-1,-1,-1,0,0,0,136,1,1,0,0.0000000,0.0000000,0.0000000,0,0,0,0,755420203480458
1737,832032339,1000,1886,1886,2.8930879,-0.00342,-1,-1,-1,0,0,0,136,1,1,0,0.0000000,0.0000000,0.0000000,0,0,0,0,755420204468833
1738,832033339,1000,1886,1886,2.8930879,-0.00329,-1,-1,-1,0,0,0,136,1,1,0,0.0000000,0.0000000,0.0000000,0,0,0,0,755420205449083
1739,832034339,1000,1886,1886,2.8930879,-0.00316,-1,-1,-1,0,0,0,136,1,1,0,0.0000000,0.0000000,0.0000000,0,0,0,0,755420206435416
1740,832035339,1000,1886,1886,2.8930879,-0.00303,-1,-1,-1,0,0,0,136,1,1,0,0.0000000,0.0000000,0.0000000,0,0,0,0,755420207441166
1741,832036339,1000,1886,1886,2.8930879,-0.00291,-1,-1,-1,0,0,0,136,1,1,0,0.0000000,0.0000000,0.0000000,0,0,0,0,755420208439666
1742,832037339,1000,1886,1886,2.8930879,-0.00280,-1,-1,-1,0,0,0,136,1,1,0,0.0000000,0.0000000,0.0000000,0,0,0,0,755420209440500
1743,832038339,1000,1886,1886,2.8930879,-0.00269,-1,-1,-1,0,0,0,136,1,1,0,0.0000000,0.0000000,0.0000000,0,0,0,0,755420210449250
1744,832039339,1000,1886,1886,2.8930879,-0.00259,-1,-1,-1,0,0,0,136,1,1,0,0.0000000,0.0000000,0.0000000,0,0,0,0,755420211487791
1745,832040339,1000,1886,1886,2.8930879,-0.00248,-1,-1,-1,0,0,0,136,1,1,0,0.0000000,0.0000000,0.0000000,0,0,0,0,755420212534833
1746,832041339,1000,1886,1886,2.8930879,-0.00239,-1,-1,-1,0,0,0,136,1,1,0,0.0000000,0.0000000,0.0000000,0,0,0,0,755420213510666
1747,832042339,1000,1886,1886,2.8930879,-0.00229,-1,-1,-1,0,0,0,136,1,1,0,0.0000000,0.0000000,0.0000000,0,0,0,0,755420214476208
1748,832043339,1000,1886,1886,2.8930879,-0.00220,-1,-1,-1,0,0,0,136,1,1,0,0.0000000,0.0000000,0.0000000,0,0,0,0,755420215469916
1749,832044339,1000,1886,1886,2.8930879,-0.00212,-1,-1,-1,0,0,0,136,1,1,0,0.0000000,0.0000000,0.0000000,0,0,0,0,755420216466708
1750,832045339,1000,1886,1886,2.8930879,-0.00203,-1,-1,-1,0,0,0,136,1,1,0,0.0000000,0.0000000,0.0000000,0,0,0,0,755420217471000
1751,832046339,1000,1886,1886,2.8930879,-0.00195,-1,-1,-1,0,0,0,136,1,1,0,0.0000000,0.0000000,0.0000000,0,0,0,0,755420218700666
1752,832047339,1000,1886,1886,2.8930879,-0.00188,-1,-1,-1,0,0,0,136,1,1,0,0.0000000,0.0000000,0.0000000,0,0,0,0,755420219699541
1753,832048339,1000,1886,1886,2.8930879,-0.00180,-1,-1,-1,0,0,0,136,1,1,0,0.0000000,0.0000000,0.0000000,0,0,0,0,755420220636291
1754,832049339,1000,1886,1886,2.8930879,-0.00173,-1,-1,-1,0,0,0,136,1,1,0,0.0000000,0.0000000,0.0000000,0,0,0,0,755420221455250
1755,832050339,1000,1887,1887,2.8946218,0.05848,-1,-1,-1,0,0,0,136,1,1,0,0.0000000,0.0000000,0.0000000,0,0,0,0,755420222449291
1756,832051339,1000,1886,1886,2.8930879,-0.00396,-1,-1,-1,0,0,0,136,1,1,0,0.0000000,0.0000000,0.0000000,0,0,0,0,755420223454458
1757,832052339,1000,1886,1886,2.8930879,-0.00380,39,100,2091,0,0,0,136,1,1,0,0.0000000,0.0000000,0.0000000,0,0,0,0,755420224828250
1758,832053339,1000,1886,1886,2.8930879,-0.00365,-1,-1,-1,0,0,0,136,1,1,0,0.0000000,0.0000000,0.0000000,0,0,0,0,755420225437250
1759,832054339,1000,1887,1887,2.8946218,0.05664,-1,-1,-1,0,0,0,136,1,1,0,0.0000000,0.0000000,0.0000000,0,0,0,0,755420226443375
1760,832055339,1000,1886,1886,2.8930879,-0.00573,-1,-1,-1,0,0,0,136,1,1,0,0.0000000,0.0000000,0.0000000,0,0,0,0,755420227448291
1761,832056339,1000,1886,1886,2.8930879,-0.00551,-1,-1,-1,0,0,0,136,1,1,0,0.0000000,0.0000000,0.0000000,0,0,0,0,755420228444916
1762,832057339,1000,1887,1887,2.8946218,0.05486,-1,-1,-1,0,0,0,136,1,1,0,0.0000000,0.0000000,0.0000000,0,0,0,0,755420229443750
1763,832058339,1000,1887,1887,2.8946218,0.05271,-1,-1,-1,0,0,0,136,1,1,0,0.0000000,0.0000000,0.0000000,0,0,0,0,755420230445875
1764,832059339,1000,1886,1886,2.8930879,-0.00951,-1,-1,-1,0,0,0,136,1,1,0,0.0000000,0.0000000,0.0000000,0,0,0,0,755420231471083
1765,832060339,1000,1886,1886,2.8930879,-0.00914,-1,-1,-1,0,0,0,136,1,1,0,0.0000000,0.0000000,0.0000000,0,0,0,0,755420232455166
1766,832061339,1000,1886,1886,2.8930879,-0.00878,-1,-1,-1,0,0,0,136,1,1,0,0.0000000,0.0000000,0.0000000,0,0,0,0,755420233452083
1767,832062339,1000,1886,1886,2.8930879,-0.00843,-1,-1,-1,0,0,0,136,1,1,0,0.0000000,0.0000000,0.0000000,0,0,0,0,755420234453500
1768,832063339,1000,1886,1886,2.8930879,-0.00810,-1,-1,-1,0,0,0,136,1,1,0,0.0000000,0.0000000,0.0000000,0,0,0,0,755420235474000
1769,832064339,1000,1887,1887,2.8946218,0.05236,-1,-1,-1,0,0,0,136,1,1,0,0.0000000,0.0000000,0.0000000,0,0,0,0,755420236444875
1770,832065339,1000,1886,1886,2.8930879,-0.00984,-1,-1,-1,0,0,0,136,1,1,0,0.0000000,0.0000000,0.0000000,0,0,0,0,755420237455083
1771,832066339,1000,1886,1886,2.8930879,-0.00945,-1,-1,-1,0,0,0,136,1,1,0,0.0000000,0.0000000,0.0000000,0,0,0,0,755420238455375
1772,832067339,1000,1886,1886,2.8930879,-0.00908,-1,-1,-1,0,0,0,136,1,1,0,0.0000000,0.0000000,0.0000000,0,0,0,0,755420239443916
1773,832068339,1000,1886,1886,2.8930879,-0.00873,-1,-1,-1,0,0,0,136,1,1,0,0.0000000,0.0000000,0.0000000,0,0,0,0,755420240444000
1774,832069339,1000,1886,1886,2.8930879,-0.00838,-1,-1,-1,0,0,0,136,1,1,0,0.0000000,0.0000000,0.0000000,0,0,0,0,755420241467875
1775,832070339,1000,1886,1886,2.8930879,-0.00805,-1,-1,-1,0,0,0,136,1,1,0,0.0000000,0.0000000,0.0000000,0,0,0,0,755420242502708
1776,832071339,1000,1886,1886,2.8930879,-0.00774,-1,-1,-1,0,0,0,136,1,1,0,0.0000000,0.0000000,0.0000000,0,0,0,0,755420243470208
1777,832072339,1000,1886,1886,2.8930879,-0.00744,-1,-1,-1,0,0,0,136,1,1,0,0.0000000,0.0000000,0.0000000,0,0,0,0,755420244467083
1778,832073339,1000,1886,1886,2.8930879,-0.00714,-1,-1,-1,0,0,0,136,1,1,0,0.0000000,0.0000000,0.0000000,0,0,0,0,755420245676166
1779,832074339,1000,1886,1886,2.8930879,-0.00686,-1,-1,-1,0,0,0,135,1,1,0,0.0000000,0.0000000,0.0000000,0,0,0,0,755420246672500
1780,832075339,1000,1886,1886,2.8930879,-0.00659,-1,-1,-1,0,0,0,136,1,1,0,0.0000000,0.0000000,0.0000000,0,0,0,0,755420247655625
1781,832076339,1000,1886,1886,2.8930879,-0.00634,-1,-1,-1,0,0,0,136,1,1,0,0.0000000,0.0000000,0.0000000,0,0,0,0,755420248525083
1782,832077339,1000,1886,1886,2.8930879,-0.00609,-1,-1,-1,0,0,0,136,1,1,0,0.0000000,0.0000000,0.0000000,0,0,0,0,755420249439500
1783,832078339,1000,1886,1886,2.8930879,-0.00585,-1,-1,-1,0,0,0,136,1,1,0,0.0000000,0.0000000,0.0000000,0,0,0,0,755420250503666
1784,832079339,1000,1886,1886,2.8930879,-0.00562,-1,-1,-1,0,0,0,136,1,1,0,0.0000000,0.0000000,0.0000000,0,0,0,0,755420251460416
1785,832080339,1000,1886,1886,2.8930879,-0.00540,-1,-1,-1,0,0,0,136,1,1,0,0.0000000,0.0000000,0.0000000,0,0,0,0,755420252440583
1786,832081339,1000,1886,1886,2.8930879,-0.00519,-1,-1,-1,0,0,0,136,1,1,0,0.0000000,0.0000000,0.0000000,0,0,0,0,755420253436458
1787,832082339,1000,1887,1887,2.8946218,0.05516,-1,-1,-1,0,0,0,136,1,1,0,0.0000000,0.0000000,0.0000000,0,0,0,0,755420254432291
1788,832083339,1000,1886,1886,2.8930879,-0.00715,-1,-1,-1,0,0,0,136,1,1,0,0.0000000,0.0000000,0.0000000,0,0,0,0,755420255440791
1789,832084339,1000,1886,1886,2.8930879,-0.00687,-1,-1,-1,0,0,0,136,1,1,0,0.0000000,0.0000000,0.0000000,0,0,0,0,755420256446458
1790,832085339,1000,1886,1886,2.8930879,-0.00660,-1,-1,-1,0,0,0,136,1,1,0,0.0000000,0.0000000,0.0000000,0,0,0,0,755420257437291
1791,832086339,1000,1886,1886,2.8930879,-0.00634,-1,-1,-1,0,0,0,136,1,1,0,0.0000000,0.0000000,0.0000000,0,0,0,0,755420258438583
1792,832087339,1000,1886,1886,2.8930879,-0.00609,-1,-1,-1,0,0,0,136,1,1,0,0.0000000,0.0000000,0.0000000,0,0,0,0,755420259432166
1793,832088339,1000,1886,1886,2.8930879,-0.00585,-1,-1,-1,0,0,0,135,1,1,0,0.0000000,0.0000000,0.0000000,0,0,0,0,755420260429916
1794,832089339,1000,1886,1886,2.8930879,-0.00562,-1,-1,-1,0,0,0,136,1,1,0,0.0000000,0.0000000,0.0000000,0,0,0,0,755420261651875
1795,832090339,1000,1886,1886,2.8930879,-0.00540,-1,-1,-1,0,0,0,136,1,1,0,0.0000000,0.0000000,0.0000000,0,0,0,0,755420262672041
1796,832091339,1000,1886,1886,2.8930879,-0.00519,-1,-1,-1,0,0,0,136,1,1,0,0.0000000,0.0000000,0.0000000,0,0,0,0,755420263660041
1797,832092339,1000,1887,1887,2.8946218,0.05516,-1,-1,-1,0,0,0,136,1,1,0,0.0000000,0.0000000,0.0000000,0,0,0,0,755420264475958
1798,832093339,1000,1886,1886,2.8930879,-0.00715,-1,-1,-1,0,0,0,136,1,1,0,0.0000000,0.0000000,0.0000000,0,0,0,0,755420265448875
1799,832094339,1000,1886,1886,2.8930879,-0.00687,-1,-1,-1,0,0,0,136,1,1,0,0.0000000,0.0000000,0.0000000,0,0,0,0,755420266470958
1800,832095339,1000,1886,1886,2.8930879,-0.00660,-1,-1,-1,0,0,0,136,1,1,0,0.0000000,0.0000000,0.0000000,0,0,0,0,755420267441666
1801,832096339,1000,1886,1886,2.8930879,-0.00634,-1,-1,-1,0,0,0,136,1,1,0,0.0000000,0.0000000,0.0000000,0,0,0,0,755420268441333
1802,832097339,1000,1887,1887,2.8946218,0.05406,-1,-1,-1,0,0,0,136,1,1,0,0.0000000,0.0000000,0.0000000,0,0,0,0,755420269446500
1803,832098339,1000,1886,1886,2.8930879,-0.00821,-1,-1,-1,0,0,0,136,1,1,0,0.0000000,0.0000000,0.0000000,0,0,0,0,755420270418000
1804,832099339,1000,1886,1886,2.8930879,-0.00789,-1,-1,-1,0,0,0,136,1,1,0,0.0000000,0.0000000,0.0000000,0,0,0,0,755420271435500
1805,832100339,1000,1886,1886,2.8930879,-0.00758,-1,-1,-1,0,0,0,136,1,1,0,0.0000000,0.0000000,0.0000000,0,0,0,0,755420272420166
1806,832101339,1000,1886,1886,2.8930879,-0.00728,-1,-1,-1,0,0,0,136,1,1,0,0.0000000,0.0000000,0.0000000,0,0,0,0,755420273423125
1807,832102339,1000,1886,1886,2.8930879,-0.00700,39,100,2091,0,0,0,136,1,1,0,0.0000000,0.0000000,0.0000000,0,0,0,0,755420275151166
1808,832103339,1000,1886,1886,2.8930879,-0.00672,-1,-1,-1,0,0,0,136,1,1,0,0.0000000,0.0000000,0.0000000,0,0,0,0,755420275989041
1809,832104339,1000,1886,1886,2.8930879,-0.00646,-1,-1,-1,0,0,0,136,1,1,0,0.0000000,0.0000000,0.0000000,0,0,0,0,755420276818541
1810,832105339,1000,1886,1886,2.8930879,-0.00621,-1,-1,-1,0,0,0,136,1,1,0,0.0000000,0.0000000,0.0000000,0,0,0,0,755420277631500
1811,832106339,1000,1886,1886,2.8930879,-0.00596,-1,-1,-1,0,0,0,136,1,1,0,0.0000000,0.0000000,0.0000000,0,0,0,0,755420278484916
1812,832107339,1000,1886,1886,2.8930879,-0.00573,-1,-1,-1,0,0,0,136,1,1,0,0.0000000,0.0000000,0.0000000,0,0,0,0,755420279462250
1813,832108339,1000,1886,1886,2.8930879,-0.00550,-1,-1,-1,0,0,0,136,1,1,0,0.0000000,0.0000000,0.0000000,0,0,0,0,755420280468250
1814,832109339,1000,1886,1886,2.8930879,-0.00529,-1,-1,-1,0,0,0,136,1,1,0,0.0000000,0.0000000,0.0000000,0,0,0,0,755420281507833
1815,832110339,1000,1886,1886,2.8930879,-0.00508,-1,-1,-1,0,0,0,136,1,1,0,0.0000000,0.0000000,0.0000000,0,0,0,0,755420282469250
1816,832111339,1000,1886,1886,2.8930879,-0.00488,-1,-1,-1,0,0,0,136,1,1,0,0.0000000,0.0000000,0.0000000,0,0,0,0,755420283445916
1817,832112339,1000,1886,1886,2.8930879,-0.00469,-1,-1,-1,0,0,0,136,1,1,0,0.0000000,0.0000000,0.0000000,0,0,0,0,755420284450250
1818,832113339,1000,1887,1887,2.8946218,0.05564,-1,-1,-1,0,0,0,136,1,1,0,0.0000000,0.0000000,0.0000000,0,0,0,0,755420285427458
1819,832114339,1000,1886,1886,2.8930879,-0.00669,-1,-1,-1,0,0,0,136,1,1,0,0.0000000,0.0000000,0.0000000,0,0,0,0,755420286438875
1820,832115339,1000,1886,1886,2.8930879,-0.00643,-1,-1,-1,0,0,0,136,1,1,0,0.0000000,0.0000000,0.0000000,0,0,0,0,755420287434291
1821,832116339,1000,1886,1886,2.8930879,-0.00617,-1,-1,-1,0,0,0,136,1,1,0,0.0000000,0.0000000,0.0000000,0,0,0,0,755420288439416
1822,832117339,1000,1886,1886,2.8930879,-0.00593,-1,-1,-1,0,0,0,136,1,1,0,0.0000000,0.0000000,0.0000000,0,0,0,0,755420289453500
1823,832118339,1000,1886,1886,2.8930879,-0.00570,-1,-1,-1,0,0,0,136,1,1,0,0.0000000,0.0000000,0.0000000,0,0,0,0,755420290453916
1824,832119339,1000,1886,1886,2.8930879,-0.00548,-1,-1,-1,0,0,0,136,1,1,0,0.0000000,0.0000000,0.0000000,0,0,0,0,755420291437250
1825,832120339,1000,1886,1886,2.8930879,-0.00526,-1,-1,-1,0,0,0,136,1,1,0,0.0000000,0.0000000,0.0000000,0,0,0,0,755420292451833
1826,832121339,1000,1886,1886,2.8930879,-0.00506,-1,-1,-1,0,0,0,136,1,1,0,0.0000000,0.0000000,0.0000000,0,0,0,0,755420293434041
1827,832122339,1000,1886,1886,2.8930879,-0.00486,-1,-1,-1,0,0,0,136,1,1,0,0.0000000,0.0000000,0.0000000,0,0,0,0,755420294436583
1828,832123339,1000,1886,1886,2.8930879,-0.00467,-1,-1,-1,0,0,0,135,1,1,0,0.0000000,0.0000000,0.0000000,0,0,0,0,755420295439500
1829,832124339,1000,1886,1886,2.8930879,-0.00448,-1,-1,-1,0,0,0,136,1,1,0,0.0000000,0.0000000,0.0000000,0,0,0,0,755420296500166
1830,832125339,1000,1886,1886,2.8930879,-0.00431,-1,-1,-1,0,0,0,136,1,1,0,0.0000000,0.0000000,0.0000000,0,0,0,0,755420297574416
1831,832126339,1000,1886,1886,2.8930879,-0.00414,-1,-1,-1,0,0,0,136,1,1,0,0.0000000,0.0000000,0.0000000,0,0,0,0,755420298524000
1832,832127339,1000,1886,1886,2.8930879,-0.00398,-1,-1,-1,0,0,0,136,1,1,0,0.0000000,0.0000000,0.0000000,0,0,0,0,755420299528458
1833,832128339,1000,1886,1886,2.8930879,-0.00382,-1,-1,-1,0,0,0,136,1,1,0,0.0000000,0.0000000,0.0000000,0,0,0,0,755420300526458
1834,832129339,1000,1887,1887,2.8946218,0.05648,-1,-1,-1,0,0,0,136,1,1,0,0.0000000,0.0000000,0.0000000,0,0,0,0,755420301547666
1835,832130339,1000,1886,1886,2.8930879,-0.00589,-1,-1,-1,0,0,0,135,1,1,0,0.0000000,0.0000000,0.0000000,0,0,0,0,755420302581416
1836,832131339,1000,1886,1886,2.8930879,-0.00565,-1,-1,-1,0,0,0,136,1,1,0,0.0000000,0.0000000,0.0000000,0,0,0,0,755420303617958
1837,832132339,1000,1886,1886,2.8930879,-0.00543,-1,-1,-1,0,0,0,136,1,1,0,0.0000000,0.0000000,0.0000000,0,0,0,0,755420304427666
1838,832133339,1000,1886,1886,2.8930879,-0.00522,-1,-1,-1,0,0,0,136,1,1,0,0.0000000,0.0000000,0.0000000,0,0,0,0,755420305606625
1839,832134339,1000,1886,1886,2.8930879,-0.00502,-1,-1,-1,0,0,0,136,1,1,0,0.0000000,0.0000000,0.0000000,0,0,0,0,755420306506541
1840,832135339,1000,1886,1886,2.8930879,-0.00482,-1,-1,-1,0,0,0,136,1,1,0,0.0000000,0.0000000,0.0000000,0,0,0,0,755420307476250
1841,832136339,1000,1886,1886,2.8930879,-0.00463,-1,-1,-1,0,0,0,136,1,1,0,0.0000000,0.0000000,0.0000000,0,0,0,0,755420308476833
1842,832137339,1000,1886,1886,2.8930879,-0.00445,-1,-1,-1,0,0,0,136,1,1,0,0.0000000,0.0000000,0.0000000,0,0,0,0,755420309496416
1843,832138339,1000,1886,1886,2.8930879,-0.00427,-1,-1,-1,0,0,0,136,1,1,0,0.0000000,0.0000000,0.0000000,0,0,0,0,755420310478625
1844,832139339,1000,1886,1886,2.8930879,-0.00411,-1,-1,-1,0,0,0,136,1,1,0,0.0000000,0.0000000,0.0000000,0,0,0,0,755420311760541
1845,832140339,1000,1886,1886,2.8930879,-0.00394,-1,-1,-1,0,0,0,136,1,1,0,0.0000000,0.0000000,0.0000000,0,0,0,0,755420312851333
1846,832141339,1000,1886,1886,2.8930879,-0.00379,-1,-1,-1,0,0,0,136,1,1,0,0.0000000,0.0000000,0.0000000,0,0,0,0,755420313690250
1847,832142339,1000,1886,1886,2.8930879,-0.00364,-1,-1,-1,0,0,0,136,1,1,0,0.0000000,0.0000000,0.0000000,0,0,0,0,755420314605916
1848,832143339,1000,1886,1886,2.8930879,-0.00350,-1,-1,-1,0,0,0,136,1,1,0,0.0000000,0.0000000,0.0000000,0,0,0,0,755420315567541
1849,832144339,1000,1886,1886,2.8930879,-0.00336,-1,-1,-1,0,0,0,136,1,1,0,0.0000000,0.0000000,0.0000000,0,0,0,0,755420316506083
1850,832145339,1000,1886,1886,2.8930879,-0.00323,-1,-1,-1,0,0,0,136,1,1,0,0.0000000,0.0000000,0.0000000,0,0,0,0,755420317504583
1851,832146339,1000,1886,1886,2.8930879,-0.00310,-1,-1,-1,0,0,0,136,1,1,0,0.0000000,0.0000000,0.0000000,0,0,0,0,755420318474625
1852,832147339,1000,1887,1887,2.8946218,0.05717,-1,-1,-1,0,0,0,136,1,1,0,0.0000000,0.0000000,0.0000000,0,0,0,0,755420319460500
1853,832148339,1000,1886,1886,2.8930879,-0.00522,-1,-1,-1,0,0,0,136,1,1,0,0.0000000,0.0000000,0.0000000,0,0,0,0,755420320511208
1854,832149339,1000,1886,1886,2.8930879,-0.00502,-1,-1,-1,0,0,0,136,1,1,0,0.0000000,0.0000000,0.0000000,0,0,0,0,755420321480416
1855,832150339,1000,1886,1886,2.8930879,-0.00482,-1,-1,-1,0,0,0,136,1,1,0,0.0000000,0.0000000,0.0000000,0,0,0,0,755420322321666
1856,832151339,1000,1886,1886,2.8930879,-0.00463,-1,-1,-1,0,0,0,136,1,1,0,0.0000000,0.0000000,0.0000000,0,0,0,0,755420323453666
1857,832152339,1000,1886,1886,2.8930879,-0.00445,39,100,2091,0,0,0,136,1,1,0,0.0000000,0.0000000,0.0000000,0,0,0,0,755420324891291
1858,832153339,1000,1886,1886,2.8930879,-0.00428,-1,-1,-1,0,0,0,136,1,1,0,0.0000000,0.0000000,0.0000000,0,0,0,0,755420325507083
1859,832154339,1000,1886,1886,2.8930879,-0.00411,-1,-1,-1,0,0,0,136,1,1,0,0.0000000,0.0000000,0.0000000,0,0,0,0,755420326530875
1860,832155339,1000,1886,1886,2.8930879,-0.00395,-1,-1,-1,0,0,0,136,1,1,0,0.0000000,0.0000000,0.0000000,0,0,0,0,755420327621875
1861,832156339,1000,1886,1886,2.8930879,-0.00379,-1,-1,-1,0,0,0,136,1,1,0,0.0000000,0.0000000,0.0000000,0,0,0,0,755420328479791
1862,832157339,1000,1886,1886,2.8930879,-0.00364,-1,-1,-1,0,0,0,136,1,1,0,0.0000000,0.0000000,0.0000000,0,0,0,0,755420329480208
1863,832158339,1000,1886,1886,2.8930879,-0.00350,-1,-1,-1,0,0,0,135,1,1,0,0.0000000,0.0000000,0.0000000,0,0,0,0,755420330468250
1864,832159339,1000,1887,1887,2.8946218,0.05678,-1,-1,-1,0,0,0,136,1,1,0,0.0000000,0.0000000,0.0000000,0,0,0,0,755420331528708
1865,832160339,1000,1887,1887,2.8946218,0.05456,-1,-1,-1,0,0,0,136,1,1,0,0.0000000,0.0000000,0.0000000,0,0,0,0,755420332501583
1866,832161339,1000,1886,1886,2.8930879,-0.00773,-1,-1,-1,0,0,0,136,1,1,0,0.0000000,0.0000000,0.0000000,0,0,0,0,755420333497416
1867,832162339,1000,1886,1886,2.8930879,-0.00743,-1,-1,-1,0,0,0,136,1,1,0,0.0000000,0.0000000,0.0000000,0,0,0,0,755420334539666
1868,832163339,1000,1886,1886,2.8930879,-0.00714,-1,-1,-1,0,0,0,136,1,1,0,0.0000000,0.0000000,0.0000000,0,0,0,0,755420335504416
1869,832164339,1000,1887,1887,2.8946218,0.05329,-1,-1,-1,0,0,0,136,1,1,0,0.0000000,0.0000000,0.0000000,0,0,0,0,755420336498000
1870,832165339,1000,1886,1886,2.8930879,-0.00895,-1,-1,-1,0,0,0,136,1,1,0,0.0000000,0.0000000,0.0000000,0,0,0,0,755420337614541
1871,832166339,1000,1886,1886,2.8930879,-0.00859,-1,-1,-1,0,0,0,136,1,1,0,0.0000000,0.0000000,0.0000000,0,0,0,0,755420338534000
1872,832167339,1000,1886,1886,2.8930879,-0.00826,-1,-1,-1,0,0,0,136,1,1,0,0.0000000,0.0000000,0.0000000,0,0,0,0,755420339526875
1873,832168339,1000,1886,1886,2.8930879,-0.00793,-1,-1,-1,0,0,0,136,1,1,0,0.0000000,0.0000000,0.0000000,0,0,0,0,755420340507541
1874,832169339,1000,1886,1886,2.8930879,-0.00762,-1,-1,-1,0,0,0,136,1,1,0,0.0000000,0.0000000,0.0000000,0,0,0,0,755420341537500
1875,832170339,1000,1886,1886,2.8930879,-0.00732,-1,-1,-1,0,0,0,136,1,1,0,0.0000000,0.0000000,0.0000000,0,0,0,0,755420342504333
1876,832171339,1000,1886,1886,2.8930879,-0.00704,-1,-1,-1,0,0,0,136,1,1,0,0.0000000,0.0000000,0.0000000,0,0,0,0,755420343512875
1877,832172339,1000,1886,1886,2.8930879,-0.00676,-1,-1,-1,0,0,0,136,1,1,0,0.0000000,0.0000000,0.0000000,0,0,0,0,755420344807166
1878,832173339,1000,1886,1886,2.8930879,-0.00650,-1,-1,-1,0,0,0,136,1,1,0,0.0000000,0.0000000,0.0000000,0,0,0,0,755420345605208
1879,832174339,1000,1886,1886,2.8930879,-0.00624,-1,-1,-1,0,0,0,136,1,1,0,0.0000000,0.0000000,0.0000000,0,0,0,0,755420346519333
1880,832175339,1000,1886,1886,2.8930879,-0.00600,-1,-1,-1,0,0,0,136,1,1,0,0.0000000,0.0000000,0.0000000,0,0,0,0,755420347538500
1881,832176339,1000,1886,1886,2.8930879,-0.00576,-1,-1,-1,0,0,0,136,1,1,0,0.0000000,0.0000000,0.0000000,0,0,0,0,755420348508541
1882,832177339,1000,1886,1886,2.8930879,-0.00554,-1,-1,-1,0,0,0,136,1,1,0,0.0000000,0.0000000,0.0000000,0,0,0,0,755420349520916
1883,832178339,1000,1886,1886,2.8930879,-0.00532,-1,-1,-1,0,0,0,136,1,1,0,0.0000000,0.0000000,0.0000000,0,0,0,0,755420350536958
1884,832179339,1000,1886,1886,2.8930879,-0.00511,-1,-1,-1,0,0,0,136,1,1,0,0.0000000,0.0000000,0.0000000,0,0,0,0,755420351458708
1885,832180339,1000,1887,1887,2.8946218,0.05524,-1,-1,-1,0,0,0,136,1,1,0,0.0000000,0.0000000,0.0000000,0,0,0,0,755420352443000
1886,832181339,1000,1886,1886,2.8930879,-0.00708,-1,-1,-1,0,0,0,136,1,1,0,0.0000000,0.0000000,0.0000000,0,0,0,0,755420353421916
1887,832182339,1000,1886,1886,2.8930879,-0.00680,-1,-1,-1,0,0,0,136,1,1,0,0.0000000,0.0000000,0.0000000,0,0,0,0,755420354432166
1888,832183339,1000,1886,1886,2.8930879,-0.00653,-1,-1,-1,0,0,0,136,1,1,0,0.0000000,0.0000000,0.0000000,0,0,0,0,755420355430541
1889,832184339,1000,1886,1886,2.8930879,-0.00628,-1,-1,-1,0,0,0,136,1,1,0,0.0000000,0.0000000,0.0000000,0,0,0,0,755420356434000
1890,832185339,1000,1886,1886,2.8930879,-0.00603,-1,-1,-1,0,0,0,136,1,1,0,0.0000000,0.0000000,0.0000000,0,0,0,0,755420357439958
1891,832186339,1000,1886,1886,2.8930879,-0.00579,-1,-1,-1,0,0,0,136,1,1,0,0.0000000,0.0000000,0.0000000,0,0,0,0,755420358441791
1892,832187339,1000,1886,1886,2.8930879,-0.00557,-1,-1,-1,0,0,0,136,1,1,0,0.0000000,0.0000000,0.0000000,0,0,0,0,755420359467458
1893,832188339,1000,1886,1886,2.8930879,-0.00535,-1,-1,-1,0,0,0,136,1,1,0,0.0000000,0.0000000,0.0000000,0,0,0,0,755420360493666
1894,832189339,1000,1886,1886,2.8930879,-0.00514,-1,-1,-1,0,0,0,136,1,1,0,0.0000000,0.0000000,0.0000000,0,0,0,0,755420361487375
1895,832190339,1000,1886,1886,2.8930879,-0.00494,-1,-1,-1,0,0,0,136,1,1,0,0.0000000,0.0000000,0.0000000,0,0,0,0,755420362493833
1896,832191339,1000,1886,1886,2.8930879,-0.00474,-1,-1,-1,0,0,0,136,1,1,0,0.0000000,0.0000000,0.0000000,0,0,0,0,755420363457916
1897,832192339,1000,1886,1886,2.8930879,-0.00456,-1,-1,-1,0,0,0,136,1,1,0,0.0000000,0.0000000,0.0000000,0,0,0,0,755420364449125
1898,832193339,1000,1886,1886,2.8930879,-0.00438,-1,-1,-1,0,0,0,136,1,1,0,0.0000000,0.0000000,0.0000000,0,0,0,0,755420365439208
1899,832194339,1000,1887,1887,2.8946218,0.05594,-1,-1,-1,0,0,0,136,1,1,0,0.0000000,0.0000000,0.0000000,0,0,0,0,755420366418250
1900,832195339,1000,1886,1886,2.8930879,-0.00640,-1,-1,-1,0,0,0,136,1,1,0,0.0000000,0.0000000,0.0000000,0,0,0,0,755420367426041
1901,832196339,1000,1886,1886,2.8930879,-0.00615,-1,-1,-1,0,0,0,136,1,1,0,0.0000000,0.0000000,0.0000000,0,0,0,0,755420368432250
1902,832197339,1000,1887,1887,2.8946218,0.05424,-1,-1,-1,0,0,0,136,1,1,0,0.0000000,0.0000000,0.0000000,0,0,0,0,755420369416833
1903,832198339,1000,1887,1887,2.8946218,0.05211,-1,-1,-1,0,0,0,136,1,1,0,0.0000000,0.0000000,0.0000000,0,0,0,0,755420370440291
1904,832199339,1000,1886,1886,2.8930879,-0.01008,-1,-1,-1,0,0,0,136,1,1,0,0.0000000,0.0000000,0.0000000,0,0,0,0,755420371427541
1905,832200339,1000,1886,1886,2.8930879,-0.00968,-1,-1,-1,0,0,0,136,1,1,0,0.0000000,0.0000000,0.0000000,0,0,0,0,755420372430583
1906,832201339,1000,1887,1887,2.8946218,0.05085,-1,-1,-1,0,0,0,136,1,1,0,0.0000000,0.0000000,0.0000000,0,0,0,0,755420373494750
1907,832202339,1000,1886,1886,2.8930879,-0.01130,39,100,2090,0,0,0,136,1,1,0,0.0000000,0.0000000,0.0000000,0,0,0,0,755420375093041
1908,832203339,1000,1886,1886,2.8930879,-0.01085,-1,-1,-1,0,0,0,136,1,1,0,0.0000000,0.0000000,0.0000000,0,0,0,0,755420375923666
1909,832204339,1000,1886,1886,2.8930879,-0.01043,-1,-1,-1,0,0,0,136,1,1,0,0.0000000,0.0000000,0.0000000,0,0,0,0,755420376766083
1910,832205339,1000,1886,1886,2.8930879,-0.01002,-1,-1,-1,0,0,0,136,1,1,0,0.0000000,0.0000000,0.0000000,0,0,0,0,755420377477166
1911,832206339,1000,1887,1887,2.8946218,0.05052,-1,-1,-1,0,0,0,136,1,1,0,0.0000000,0.0000000,0.0000000,0,0,0,0,755420378444166
1912,832207339,1000,1886,1886,2.8930879,-0.01161,-1,-1,-1,0,0,0,136,1,1,0,0.0000000,0.0000000,0.0000000,0,0,0,0,755420379463875
1913,832208339,1000,1887,1887,2.8946218,0.04900,-1,-1,-1,0,0,0,136,1,1,0,0.0000000,0.0000000,0.0000000,0,0,0,0,755420380427500
1914,832209339,1000,1887,1887,2.8946218,0.04707,-1,-1,-1,0,0,0,136,1,1,0,0.0000000,0.0000000,0.0000000,0,0,0,0,755420381432541
1915,832210339,1000,1886,1886,2.8930879,-0.01492,-1,-1,-1,0,0,0,136,1,1,0,0.0000000,0.0000000,0.0000000,0,0,0,0,755420382492875
1916,832211339,1000,1886,1886,2.8930879,-0.01433,-1,-1,-1,0,0,0,136,1,1,0,0.0000000,0.0000000,0.0000000,0,0,0,0,755420383440666
1917,832212339,1000,1886,1886,2.8930879,-0.01377,-1,-1,-1,0,0,0,136,1,1,0,0.0000000,0.0000000,0.0000000,0,0,0,0,755420384451250
1918,832213339,1000,1886,1886,2.8930879,-0.01323,-1,-1,-1,0,0,0,136,1,1,0,0.0000000,0.0000000,0.0000000,0,0,0,0,755420385414791
1919,832214339,1000,1886,1886,2.8930879,-0.01271,-1,-1,-1,0,0,0,136,1,1,0,0.0000000,0.0000000,0.0000000,0,0,0,0,755420386410000
1920,832215339,1000,1886,1886,2.8930879,-0.01221,-1,-1,-1,0,0,0,136,1,1,0,0.0000000,0.0000000,0.0000000,0,0,0,0,755420387415333
1921,832216339,1000,1886,1886,2.8930879,-0.01174,-1,-1,-1,0,0,0,136,1,1,0,0.0000000,0.0000000,0.0000000,0,0,0,0,755420388415666
1922,832217339,1000,1886,1886,2.8930879,-0.01128,-1,-1,-1,0,0,0,136,1,1,0,0.0000000,0.0000000,0.0000000,0,0,0,0,755420389413375
1923,832218339,1000,1886,1886,2.8930879,-0.01083,-1,-1,-1,0,0,0,136,1,1,0,0.0000000,0.0000000,0.0000000,0,0,0,0,755420390418458
1924,832219339,1000,1886,1886,2.8930879,-0.01041,-1,-1,-1,0,0,0,136,1,1,0,0.0000000,0.0000000,0.0000000,0,0,0,0,755420391433000
1925,832220339,1000,1886,1886,2.8930879,-0.01000,-1,-1,-1,0,0,0,136,1,1,0,0.0000000,0.0000000,0.0000000,0,0,0,0,755420392453000
1926,832221339,1000,1886,1886,2.8930879,-0.00961,-1,-1,-1,0,0,0,136,1,1,0,0.0000000,0.0000000,0.0000000,0,0,0,0,755420393420125
1927,832222339,1000,1886,1886,2.8930879,-0.00923,-1,-1,-1,0,0,0,136,1,1,0,0.0000000,0.0000000,0.0000000,0,0,0,0,755420394419125
1928,832223339,1000,1886,1886,2.8930879,-0.00887,-1,-1,-1,0,0,0,136,1,1,0,0.0000000,0.0000000,0.0000000,0,0,0,0,755420395424875
1929,832224339,1000,1886,1886,2.8930879,-0.00852,-1,-1,-1,0,0,0,136,1,1,0,0.0000000,0.0000000,0.0000000,0,0,0,0,755420396427916
1930,832225339,1000,1886,1886,2.8930879,-0.00819,-1,-1,-1,0,0,0,136,1,1,0,0.0000000,0.0000000,0.0000000,0,0,0,0,755420397448625
1931,832226339,1000,1886,1886,2.8930879,-0.00787,-1,-1,-1,0,0,0,136,1,1,0,0.0000000,0.0000000,0.0000000,0,0,0,0,755420398466583
1932,832227339,1000,1886,1886,2.8930879,-0.00756,-1,-1,-1,0,0,0,136,1,1,0,0.0000000,0.0000000,0.0000000,0,0,0,0,755420399455041
1933,832228339,1000,1887,1887,2.8946218,0.05289,-1,-1,-1,0,0,0,136,1,1,0,0.0000000,0.0000000,0.0000000,0,0,0,0,755420400448250
1934,832229339,1000,1886,1886,2.8930879,-0.00934,-1,-1,-1,0,0,0,136,1,1,0,0.0000000,0.0000000,0.0000000,0,0,0,0,755420401438791
1935,832230339,1000,1886,1886,2.8930879,-0.00897,-1,-1,-1,0,0,0,136,1,1,0,0.0000000,0.0000000,0.0000000,0,0,0,0,755420402425750
1936,832231339,1000,1886,1886,2.8930879,-0.00862,-1,-1,-1,0,0,0,136,1,1,0,0.0000000,0.0000000,0.0000000,0,0,0,0,755420403442958
1937,832232339,1000,1886,1886,2.8930879,-0.00828,-1,-1,-1,0,0,0,136,1,1,0,0.0000000,0.0000000,0.0000000,0,0,0,0,755420404464958
1938,832233339,1000,1886,1886,2.8930879,-0.00796,-1,-1,-1,0,0,0,136,1,1,0,0.0000000,0.0000000,0.0000000,0,0,0,0,755420405426000
1939,832234339,1000,1886,1886,2.8930879,-0.00764,-1,-1,-1,0,0,0,136,1,1,0,0.0000000,0.0000000,0.0000000,0,0,0,0,755420406653541
1940,832235339,1000,1886,1886,2.8930879,-0.00734,-1,-1,-1,0,0,0,136,1,1,0,0.0000000,0.0000000,0.0000000,0,0,0,0,755420407682625
1941,832236339,1000,1886,1886,2.8930879,-0.00706,-1,-1,-1,0,0,0,136,1,1,0,0.0000000,0.0000000,0.0000000,0,0,0,0,755420408598458
1942,832237339,1000,1886,1886,2.8930879,-0.00678,-1,-1,-1,0,0,0,136,1,1,0,0.0000000,0.0000000,0.0000000,0,0,0,0,755420409437458
1943,832238339,1000,1886,1886,2.8930879,-0.00651,-1,-1,-1,0,0,0,136,1,1,0,0.0000000,0.0000000,0.0000000,0,0,0,0,755420410453541
1944,832239339,1000,1886,1886,2.8930879,-0.00626,-1,-1,-1,0,0,0,136,1,1,0,0.0000000,0.0000000,0.0000000,0,0,0,0,755420411434208
1945,832240339,1000,1886,1886,2.8930879,-0.00601,-1,-1,-1,0,0,0,136,1,1,0,0.0000000,0.0000000,0.0000000,0,0,0,0,755420412439625
1946,832241339,1000,1886,1886,2.8930879,-0.00578,-1,-1,-1,0,0,0,136,1,1,0,0.0000000,0.0000000,0.0000000,0,0,0,0,755420413423500
1947,832242339,1000,1887,1887,2.8946218,0.05460,-1,-1,-1,0,0,0,136,1,1,0,0.0000000,0.0000000,0.0000000,0,0,0,0,755420414423708
1948,832243339,1000,1887,1887,2.8946218,0.05246,-1,-1,-1,0,0,0,136,1,1,0,0.0000000,0.0000000,0.0000000,0,0,0,0,755420415431375
1949,832244339,1000,1886,1886,2.8930879,-0.00975,-1,-1,-1,0,0,0,136,1,1,0,0.0000000,0.0000000,0.0000000,0,0,0,0,755420416472291
1950,832245339,1000,1886,1886,2.8930879,-0.00937,-1,-1,-1,0,0,0,136,1,1,0,0.0000000,0.0000000,0.0000000,0,0,0,0,755420417432791
1951,832246339,1000,1886,1886,2.8930879,-0.00900,-1,-1,-1,0,0,0,136,1,1,0,0.0000000,0.0000000,0.0000000,0,0,0,0,755420418433958
1952,832247339,1000,1886,1886,2.8930879,-0.00865,-1,-1,-1,0,0,0,136,1,1,0,0.0000000,0.0000000,0.0000000,0,0,0,0,755420419423708
1953,832248339,1000,1886,1886,2.8930879,-0.00831,-1,-1,-1,0,0,0,136,1,1,0,0.0000000,0.0000000,0.0000000,0,0,0,0,755420420444916
1954,832249339,1000,1886,1886,2.8930879,-0.00798,-1,-1,-1,0,0,0,136,1,1,0,0.0000000,0.0000000,0.0000000,0,0,0,0,755420421440291
1955,832250339,1000,1886,1886,2.8930879,-0.00767,-1,-1,-1,0,0,0,136,1,1,0,0.0000000,0.0000000,0.0000000,0,0,0,0,755420422424125
1956,832251339,1000,1886,1886,2.8930879,-0.00737,-1,-1,-1,0,0,0,136,1,1,0,0.0000000,0.0000000,0.0000000,0,0,0,0,755420423415125
1957,832252339,1000,1886,1886,2.8930879,-0.00708,39,100,2091,0,0,0,136,1,1,0,0.0000000,0.0000000,0.0000000,0,0,0,0,755420424793541
1958,832253339,1000,1886,1886,2.8930879,-0.00680,-1,-1,-1,0,0,0,136,1,1,0,0.0000000,0.0000000,0.0000000,0,0,0,0,755420425435166
1959,832254339,1000,1886,1886,2.8930879,-0.00653,-1,-1,-1,0,0,0,136,1,1,0,0.0000000,0.0000000,0.0000000,0,0,0,0,755420426421875
1960,832255339,1000,1886,1886,2.8930879,-0.00628,-1,-1,-1,0,0,0,136,1,1,0,0.0000000,0.0000000,0.0000000,0,0,0,0,755420427400041
1961,832256339,1000,1886,1886,2.8930879,-0.00603,-1,-1,-1,0,0,0,135,1,1,0,0.0000000,0.0000000,0.0000000,0,0,0,0,755420428403791
1962,832257339,1000,1886,1886,2.8930879,-0.00580,-1,-1,-1,0,0,0,136,1,1,0,0.0000000,0.0000000,0.0000000,0,0,0,0,755420429413833
1963,832258339,1000,1886,1886,2.8930879,-0.00557,-1,-1,-1,0,0,0,136,1,1,0,0.0000000,0.0000000,0.0000000,0,0,0,0,755420430415833
1964,832259339,1000,1886,1886,2.8930879,-0.00535,-1,-1,-1,0,0,0,136,1,1,0,0.0000000,0.0000000,0.0000000,0,0,0,0,755420431424125
1965,832260339,1000,1886,1886,2.8930879,-0.00514,-1,-1,-1,0,0,0,136,1,1,0,0.0000000,0.0000000,0.0000000,0,0,0,0,755420432451875
1966,832261339,1000,1886,1886,2.8930879,-0.00494,-1,-1,-1,0,0,0,136,1,1,0,0.0000000,0.0000000,0.0000000,0,0,0,0,755420433709500
1967,832262339,1000,1886,1886,2.8930879,-0.00474,-1,-1,-1,0,0,0,136,1,1,0,0.0000000,0.0000000,0.0000000,0,0,0,0,755420434649375
1968,832263339,1000,1886,1886,2.8930879,-0.00456,-1,-1,-1,0,0,0,136,1,1,0,0.0000000,0.0000000,0.0000000,0,0,0,0,755420435647583
1969,832264339,1000,1886,1886,2.8930879,-0.00438,-1,-1,-1,0,0,0,136,1,1,0,0.0000000,0.0000000,0.0000000,0,0,0,0,755420436518041
1970,832265339,1000,1886,1886,2.8930879,-0.00421,-1,-1,-1,0,0,0,136,1,1,0,0.0000000,0.0000000,0.0000000,0,0,0,0,755420437483333
1971,832266339,1000,1886,1886,2.8930879,-0.00404,-1,-1,-1,0,0,0,136,1,1,0,0.0000000,0.0000000,0.0000000,0,0,0,0,755420438434791
1972,832267339,1000,1886,1886,2.8930879,-0.00388,-1,-1,-1,0,0,0,136,1,1,0,0.0000000,0.0000000,0.0000000,0,0,0,0,755420439421416
1973,832268339,1000,1886,1886,2.8930879,-0.00373,-1,-1,-1,0,0,0,136,1,1,0,0.0000000,0.0000000,0.0000000,0,0,0,0,755420440422125
1974,832269339,1000,1886,1886,2.8930879,-0.00359,-1,-1,-1,0,0,0,136,1,1,0,0.0000000,0.0000000,0.0000000,0,0,0,0,755420441422500
1975,832270339,1000,1887,1887,2.8946218,0.05670,-1,-1,-1,0,0,0,136,1,1,0,0.0000000,0.0000000,0.0000000,0,0,0,0,755420442420250
1976,832271339,1000,1887,1887,2.8946218,0.05448,-1,-1,-1,0,0,0,136,1,1,0,0.0000000,0.0000000,0.0000000,0,0,0,0,755420443429666
1977,832272339,1000,1886,1886,2.8930879,-0.00780,-1,-1,-1,0,0,0,136,1,1,0,0.0000000,0.0000000,0.0000000,0,0,0,0,755420444401666
1978,832273339,1000,1886,1886,2.8930879,-0.00750,-1,-1,-1,0,0,0,136,1,1,0,0.0000000,0.0000000,0.0000000,0,0,0,0,755420445467250
1979,832274339,1000,1886,1886,2.8930879,-0.00720,-1,-1,-1,0,0,0,136,1,1,0,0.0000000,0.0000000,0.0000000,0,0,0,0,755420446660750
1980,832275339,1000,1886,1886,2.8930879,-0.00692,-1,-1,-1,0,0,0,136,1,1,0,0.0000000,0.0000000,0.0000000,0,0,0,0,755420447661083
1981,832276339,1000,1886,1886,2.8930879,-0.00665,-1,-1,-1,0,0,0,136,1,1,0,0.0000000,0.0000000,0.0000000,0,0,0,0,755420448458166
1982,832277339,1000,1886,1886,2.8930879,-0.00639,-1,-1,-1,0,0,0,136,1,1,0,0.0000000,0.0000000,0.0000000,0,0,0,0,755420449474708
1983,832278339,1000,1886,1886,2.8930879,-0.00614,-1,-1,-1,0,0,0,136,1,1,0,0.0000000,0.0000000,0.0000000,0,0,0,0,755420450444166
1984,832279339,1000,1886,1886,2.8930879,-0.00590,-1,-1,-1,0,0,0,136,1,1,0,0.0000000,0.0000000,0.0000000,0,0,0,0,755420451445625
1985,832280339,1000,1887,1887,2.8946218,0.05448,-1,-1,-1,0,0,0,136,1,1,0,0.0000000,0.0000000,0.0000000,0,0,0,0,755420452408500
1986,832281339,1000,1886,1886,2.8930879,-0.00780,-1,-1,-1,0,0,0,136,1,1,0,0.0000000,0.0000000,0.0000000,0,0,0,0,755420453417375
1987,832282339,1000,1886,1886,2.8930879,-0.00750,-1,-1,-1,0,0,0,136,1,1,0,0.0000000,0.0000000,0.0000000,0,0,0,0,755420454424375
1988,832283339,1000,1886,1886,2.8930879,-0.00720,-1,-1,-1,0,0,0,136,1,1,0,0.0000000,0.0000000,0.0000000,0,0,0,0,755420455409375
1989,832284339,1000,1886,1886,2.8930879,-0.00692,-1,-1,-1,0,0,0,136,1,1,0,0.0000000,0.0000000,0.0000000,0,0,0,0,755420456416750
1990,832285339,1000,1886,1886,2.8930879,-0.00665,-1,-1,-1,0,0,0,136,1,1,0,0.0000000,0.0000000,0.0000000,0,0,0,0,755420457417000
1991,832286339,1000,1886,1886,2.8930879,-0.00639,-1,-1,-1,0,0,0,136,1,1,0,0.0000000,0.0000000,0.0000000,0,0,0,0,755420458433583
1992,832287339,1000,1887,1887,2.8946218,0.05401,-1,-1,-1,0,0,0,136,1,1,0,0.0000000,0.0000000,0.0000000,0,0,0,0,755420459416791
1993,832288339,1000,1886,1886,2.8930879,-0.00826,-1,-1,-1,0,0,0,136,1,1,0,0.0000000,0.0000000,0.0000000,0,0,0,0,755420460428041
1994,832289339,1000,1886,1886,2.8930879,-0.00793,-1,-1,-1,0,0,0,136,1,1,0,0.0000000,0.0000000,0.0000000,0,0,0,0,755420461419333
1995,832290339,1000,1886,1886,2.8930879,-0.00762,-1,-1,-1,0,0,0,136,1,1,0,0.0000000,0.0000000,0.0000000,0,0,0,0,755420462434125
1996,832291339,1000,1886,1886,2.8930879,-0.00732,-1,-1,-1,0,0,0,136,1,1,0,0.0000000,0.0000000,0.0000000,0,0,0,0,755420463416833
1997,832292339,1000,1886,1886,2.8930879,-0.00704,-1,-1,-1,0,0,0,136,1,1,0,0.0000000,0.0000000,0.0000000,0,0,0,0,755420464421125
1998,832293339,1000,1887,1887,2.8946218,0.05339,-1,-1,-1,0,0,0,136,1,1,0,0.0000000,0.0000000,0.0000000,0,0,0,0,755420465421416
