755443745298333 E 847185646 END host_stop 0 0 0
755443745500041 E 855573486 STREAM
755443747268708 D 0,855574339,0,2822,2822,4.3288941,0.00000,-1,-1,-1,0,0,0,136,1,1,0,0.0000000,0.0000000,0.0000000,0,0,0,0
755443748445166 D 1,855575339,1000,2822,2822,4.3288941,0.00000,-1,-1,-1,0,0,0,136,1,1,0,0.0000000,0.0000000,0.0000000,0,0,0,0
755443749370958 D 2,855576339,1000,2822,2822,4.3288941,0.00000,-1,-1,-1,0,0,0,136,1,1,0,0.0000000,0.0000000,0.0000000,0,0,0,0
755443750110083 D 3,855577339,1000,2822,2822,4.3288941,0.00000,-1,-1,-1,0,0,0,136,1,1,0,0.0000000,0.0000000,0.0000000,0,0,0,0
755443750822166 D 4,855578339,1000,2822,2822,4.3288941,0.00000,-1,-1,-1,0,0,0,136,1,1,0,0.0000000,0.0000000,0.0000000,0,0,0,0
755443751689875 D 5,855579339,1000,2822,2822,4.3288941,0.00000,-1,-1,-1,0,0,0,136,1,1,0,0.0000000,0.0000000,0.0000000,0,0,0,0
755443752719291 D 6,855580339,1000,2822,2822,4.3288941,0.00000,-1,-1,-1,0,0,0,136,1,1,0,0.0000000,0.0000000,0.0000000,0,0,0,0
755443753725750 D 7,855581339,1000,2822,2822,4.3288941,0.00000,-1,-1,-1,0,0,0,136,1,1,0,0.0000000,0.0000000,0.0000000,0,0,0,0
755443754758416 D 8,855582339,1000,2822,2822,4.3288941,0.00000,-1,-1,-1,0,0,0,136,1,1,0,0.0000000,0.0000000,0.0000000,0,0,0,0
755443755625583 D 9,855583339,1000,2822,2822,4.3288941,0.00000,-1,-1,-1,0,0,0,136,1,1,0,0.0000000,0.0000000,0.0000000,0,0,0,0
755443756588291 D 10,855584339,1000,2822,2822,4.3288941,0.00000,-1,-1,-1,0,0,0,136,1,1,0,0.0000000,0.0000000,0.0000000,0,0,0,0
755443757595666 D 11,855585339,1000,2822,2822,4.3288941,0.00000,-1,-1,-1,0,0,0,136,1,1,0,0.0000000,0.0000000,0.0000000,0,0,0,0
755443758568208 D 12,855586339,1000,2822,2822,4.3288941,0.00000,-1,-1,-1,0,0,0,136,1,1,0,0.0000000,0.0000000,0.0000000,0,0,0,0
755443759593000 D 13,855587339,1000,2822,2822,4.3288941,0.00000,-1,-1,-1,0,0,0,136,1,1,0,0.0000000,0.0000000,0.0000000,0,0,0,0
755443760587291 D 14,855588339,1000,2822,2822,4.3288941,0.00000,-1,-1,-1,0,0,0,136,1,1,0,0.0000000,0.0000000,0.0000000,0,0,0,0
755443761515583 D 15,855589339,1000,2822,2822,4.3288941,0.00000,-1,-1,-1,0,0,0,136,1,1,0,0.0000000,0.0000000,0.0000000,0,0,0,0
755443762473000 D 16,855590339,1000,2822,2822,4.3288941,0.00000,-1,-1,-1,0,0,0,136,1,1,0,0.0000000,0.0000000,0.0000000,0,0,0,0
755443763416166 D 17,855591339,1000,2822,2822,4.3288941,0.00000,-1,-1,-1,0,0,0,136,1,1,0,0.0000000,0.0000000,0.0000000,0,0,0,0
755443764506500 D 18,855592339,1000,2822,2822,4.3288941,0.00000,-1,-1,-1,0,0,0,136,1,1,0,0.0000000,0.0000000,0.0000000,0,0,0,0
755443765455875 D 19,855593339,1000,2822,2822,4.3288941,0.00000,-1,-1,-1,0,0,0,136,1,1,0,0.0000000,0.0000000,0.0000000,0,0,0,0
755443766507333 D 20,855594339,1000,2822,2822,4.3288941,0.00000,-1,-1,-1,0,0,0,136,1,1,0,0.0000000,0.0000000,0.0000000,0,0,0,0
755443767458708 D 21,855595339,1000,2822,2822,4.3288941,0.00000,-1,-1,-1,0,0,0,136,1,1,0,0.0000000,0.0000000,0.0000000,0,0,0,0
755443768419541 D 22,855596339,1000,2822,2822,4.3288941,0.00000,-1,-1,-1,0,0,0,136,1,1,0,0.0000000,0.0000000,0.0000000,0,0,0,0
755443769474833 D 23,855597339,1000,2822,2822,4.3288941,0.00000,-1,-1,-1,0,0,0,136,1,1,0,0.0000000,0.0000000,0.0000000,0,0,0,0
755443770480375 D 24,855598339,1000,2822,2822,4.3288941,0.00000,-1,-1,-1,0,0,0,136,1,1,0,0.0000000,0.0000000,0.0000000,0,0,0,0
755443771472500 D 25,855599339,1000,2822,2822,4.3288941,0.00000,-1,-1,-1,0,0,0,136,1,1,0,0.0000000,0.0000000,0.0000000,0,0,0,0
755443772555166 D 26,855600339,1000,2822,2822,4.3288941,0.00000,-1,-1,-1,0,0,0,136,1,1,0,0.0000000,0.0000000,0.0000000,0,0,0,0
755443773478250 D 27,855601339,1000,2822,2822,4.3288941,0.00000,-1,-1,-1,0,0,0,136,1,1,0,0.0000000,0.0000000,0.0000000,0,0,0,0
755443774880916 D 28,855602339,1000,2822,2822,4.3288941,0.00000,39,106,2076,0,0,0,136,1,1,0,0.0000000,0.0000000,0.0000000,0,0,0,0
755443775456666 D 29,855603339,1000,2822,2822,4.3288941,0.00000,-1,-1,-1,0,0,0,136,1,1,0,0.0000000,0.0000000,0.0000000,0,0,0,0
755443776525083 D 30,855604339,1000,2822,2822,4.3288941,0.00000,-1,-1,-1,0,0,0,136,1,1,0,0.0000000,0.0000000,0.0000000,0,0,0,0
755443777460208 D 31,855605339,1000,2822,2822,4.3288941,0.00000,-1,-1,-1,0,0,0,136,1,1,0,0.0000000,0.0000000,0.0000000,0,0,0,0
755443778532458 D 32,855606339,1000,2822,2822,4.3288941,0.00000,-1,-1,-1,0,0,0,136,1,1,0,0.0000000,0.0000000,0.0000000,0,0,0,0
755443779484541 D 33,855607339,1000,2822,2822,4.3288941,0.00000,-1,-1,-1,0,0,0,136,1,1,0,0.0000000,0.0000000,0.0000000,0,0,0,0
755443780464250 D 34,855608339,1000,2822,2822,4.3288941,0.00000,-1,-1,-1,0,0,0,136,1,1,0,0.0000000,0.0000000,0.0000000,0,0,0,0
755443781546833 D 35,855609339,1000,2822,2822,4.3288941,0.00000,-1,-1,-1,0,0,0,136,1,1,0,0.0000000,0.0000000,0.0000000,0,0,0,0
755443782474250 D 36,855610339,1000,2822,2822,4.3288941,0.00000,-1,-1,-1,0,0,0,136,1,1,0,0.0000000,0.0000000,0.0000000,0,0,0,0
755443783462791 D 37,855611339,1000,2822,2822,4.3288941,0.00000,-1,-1,-1,0,0,0,136,1,1,0,0.0000000,0.0000000,0.0000000,0,0,0,0
755443784476083 D 38,855612339,1000,2822,2822,4.3288941,0.00000,-1,-1,-1,0,0,0,136,1,1,0,0.0000000,0.0000000,0.0000000,0,0,0,0
755443785464541 D 39,855613339,1000,2822,2822,4.3288941,0.00000,-1,-1,-1,0,0,0,136,1,1,0,0.0000000,0.0000000,0.0000000,0,0,0,0
755443786553875 D 40,855614339,1000,2822,2822,4.3288941,0.00000,-1,-1,-1,0,0,0,136,1,1,0,0.0000000,0.0000000,0.0000000,0,0,0,0
755443787486583 D 41,855615339,1000,2822,2822,4.3288941,0.00000,-1,-1,-1,0,0,0,136,1,1,0,0.0000000,0.0000000,0.0000000,0,0,0,0
755443788480083 D 42,855616339,1000,2822,2822,4.3288941,0.00000,-1,-1,-1,0,0,0,136,1,1,0,0.0000000,0.0000000,0.0000000,0,0,0,0
755443789272708 D 43,855617339,1000,2822,2822,4.3288941,0.00000,-1,-1,-1,0,0,0,136,1,1,0,0.0000000,0.0000000,0.0000000,0,0,0,0
755443790279875 D 44,855618339,1000,2822,2822,4.3288941,0.00000,-1,-1,-1,0,0,0,136,1,1,0,0.0000000,0.0000000,0.0000000,0,0,0,0
755443791349958 D 45,855619339,1000,2822,2822,4.3288941,0.00000,-1,-1,-1,0,0,0,136,1,1,0,0.0000000,0.0000000,0.0000000,0,0,0,0
755443792496166 D 46,855620339,1000,2822,2822,4.3288941,0.00000,-1,-1,-1,0,0,0,136,1,1,0,0.0000000,0.0000000,0.0000000,0,0,0,0
755443793463416 D 47,855621339,1000,2822,2822,4.3288941,0.00000,-1,-1,-1,0,0,0,136,1,1,0,0.0000000,0.0000000,0.0000000,0,0,0,0
755443794459291 D 48,855622339,1000,2822,2822,4.3288941,0.00000,-1,-1,-1,0,0,0,136,1,1,0,0.0000000,0.0000000,0.0000000,0,0,0,0
755443795571791 D 49,855623339,1000,2822,2822,4.3288941,0.00000,-1,-1,-1,0,0,0,136,1,1,0,0.0000000,0.0000000,0.0000000,0,0,0,0
755443796557333 D 50,855624339,1000,2821,2821,4.3273602,-0.06015,-1,-1,-1,0,0,0,136,1,1,0,0.0000000,0.0000000,0.0000000,0,0,0,0
755443797555250 D 51,855625339,1000,2822,2822,4.3288941,0.00236,-1,-1,-1,0,0,0,136,1,1,0,0.0000000,0.0000000,0.0000000,0,0,0,0
755443798554916 D 52,855626339,1000,2822,2822,4.3288941,0.00227,-1,-1,-1,0,0,0,136,1,1,0,0.0000000,0.0000000,0.0000000,0,0,0,0
755443799547000 D 53,855627339,1000,2822,2822,4.3288941,0.00218,-1,-1,-1,0,0,0,136,1,1,0,0.0000000,0.0000000,0.0000000,0,0,0,0
755443800537958 D 54,855628339,1000,2822,2822,4.3288941,0.00209,-1,-1,-1,0,0,0,136,1,1,0,0.0000000,0.0000000,0.0000000,0,0,0,0
755443801525875 D 55,855629339,1000,2822,2822,4.3288941,0.00201,-1,-1,-1,0,0,0,136,1,1,0,0.0000000,0.0000000,0.0000000,0,0,0,0
755443802540125 D 56,855630339,1000,2822,2822,4.3288941,0.00193,-1,-1,-1,0,0,0,136,1,1,0,0.0000000,0.0000000,0.0000000,0,0,0,0
755443803511083 D 57,855631339,1000,2822,2822,4.3288941,0.00186,-1,-1,-1,0,0,0,136,1,1,0,0.0000000,0.0000000,0.0000000,0,0,0,0
755443804499000 D 58,855632339,1000,2822,2822,4.3288941,0.00178,-1,-1,-1,0,0,0,136,1,1,0,0.0000000,0.0000000,0.0000000,0,0,0,0
755443805523750 D 59,855633339,1000,2822,2822,4.3288941,0.00171,-1,-1,-1,0,0,0,136,1,1,0,0.0000000,0.0000000,0.0000000,0,0,0,0
755443806508875 D 60,855634339,1000,2822,2822,4.3288941,0.00165,-1,-1,-1,0,0,0,136,1,1,0,0.0000000,0.0000000,0.0000000,0,0,0,0
755443807543208 D 61,855635339,1000,2822,2822,4.3288941,0.00158,-1,-1,-1,0,0,0,136,1,1,0,0.0000000,0.0000000,0.0000000,0,0,0,0
755443808524125 D 62,855636339,1000,2822,2822,4.3288941,0.00152,-1,-1,-1,0,0,0,136,1,1,0,0.0000000,0.0000000,0.0000000,0,0,0,0
755443809526583 D 63,855637339,1000,2822,2822,4.3288941,0.00146,-1,-1,-1,0,0,0,136,1,1,0,0.0000000,0.0000000,0.0000000,0,0,0,0
755443810598416 D 64,855638339,1000,2822,2822,4.3288941,0.00140,-1,-1,-1,0,0,0,136,1,1,0,0.0000000,0.0000000,0.0000000,0,0,0,0
755443811539458 D 65,855639339,1000,2822,2822,4.3288941,0.00135,-1,-1,-1,0,0,0,136,1,1,0,0.0000000,0.0000000,0.0000000,0,0,0,0
755443812541916 D 66,855640339,1000,2822,2822,4.3288941,0.00129,-1,-1,-1,0,0,0,136,1,1,0,0.0000000,0.0000000,0.0000000,0,0,0,0
755443813528291 D 67,855641339,1000,2822,2822,4.3288941,0.00124,-1,-1,-1,0,0,0,136,1,1,0,0.0000000,0.0000000,0.0000000,0,0,0,0
755443814568291 D 68,855642339,1000,2822,2822,4.3288941,0.00119,-1,-1,-1,0,0,0,136,1,1,0,0.0000000,0.0000000,0.0000000,0,0,0,0
755443815535833 D 69,855643339,1000,2822,2822,4.3288941,0.00115,-1,-1,-1,0,0,0,136,1,1,0,0.0000000,0.0000000,0.0000000,0,0,0,0
755443816536541 D 70,855644339,1000,2822,2822,4.3288941,0.00110,-1,-1,-1,0,0,0,136,1,1,0,0.0000000,0.0000000,0.0000000,0,0,0,0
755443817524375 D 71,855645339,1000,2822,2822,4.3288941,0.00106,-1,-1,-1,0,0,0,136,1,1,0,0.0000000,0.0000000,0.0000000,0,0,0,0
755443818543333 D 72,855646339,1000,2822,2822,4.3288941,0.00102,-1,-1,-1,0,0,0,136,1,1,0,0.0000000,0.0000000,0.0000000,0,0,0,0
755443819540083 D 73,855647339,1000,2822,2822,4.3288941,0.00098,-1,-1,-1,0,0,0,136,1,1,0,0.0000000,0.0000000,0.0000000,0,0,0,0
755443820528041 D 74,855648339,1000,2822,2822,4.3288941,0.00094,-1,-1,-1,0,0,0,136,1,1,0,0.0000000,0.0000000,0.0000000,0,0,0,0
755443821537333 D 75,855649339,1000,2822,2822,4.3288941,0.00090,-1,-1,-1,0,0,0,136,1,1,0,0.0000000,0.0000000,0.0000000,0,0,0,0
755443822527250 D 76,855650339,1000,2822,2822,4.3288941,0.00087,-1,-1,-1,0,0,0,136,1,1,0,0.0000000,0.0000000,0.0000000,0,0,0,0
755443823542166 D 77,855651339,1000,2822,2822,4.3288941,0.00083,-1,-1,-1,0,0,0,136,1,1,0,0.0000000,0.0000000,0.0000000,0,0,0,0
755443824926125 D 78,855652339,1000,2821,2821,4.3273602,-0.05935,39,106,2077,0,0,0,136,1,1,0,0.0000000,0.0000000,0.0000000,0,0,0,0
755443825489166 D 79,855653339,1000,2822,2822,4.3288941,0.00313,-1,-1,-1,0,0,0,136,1,1,0,0.0000000,0.0000000,0.0000000,0,0,0,0
755443826540041 D 80,855654339,1000,2822,2822,4.3288941,0.00301,-1,-1,-1,0,0,0,136,1,1,0,0.0000000,0.0000000,0.0000000,0,0,0,0
755443827530000 D 81,855655339,1000,2822,2822,4.3288941,0.00289,-1,-1,-1,0,0,0,136,1,1,0,0.0000000,0.0000000,0.0000000,0,0,0,0
755443828526916 D 82,855656339,1000,2822,2822,4.3288941,0.00277,-1,-1,-1,0,0,0,136,1,1,0,0.0000000,0.0000000,0.0000000,0,0,0,0
755443829513875 D 83,855657339,1000,2822,2822,4.3288941,0.00267,-1,-1,-1,0,0,0,135,1,1,0,0.0000000,0.0000000,0.0000000,0,0,0,0
755443830520208 D 84,855658339,1000,2822,2822,4.3288941,0.00256,-1,-1,-1,0,0,0,136,1,1,0,0.0000000,0.0000000,0.0000000,0,0,0,0
755443831528791 D 85,855659339,1000,2822,2822,4.3288941,0.00246,-1,-1,-1,0,0,0,136,1,1,0,0.0000000,0.0000000,0.0000000,0,0,0,0
755443832493166 D 86,855660339,1000,2822,2822,4.3288941,0.00236,-1,-1,-1,0,0,0,136,1,1,0,0.0000000,0.0000000,0.0000000,0,0,0,0
755443833530541 D 87,855661339,1000,2822,2822,4.3288941,0.00227,-1,-1,-1,0,0,0,136,1,1,0,0.0000000,0.0000000,0.0000000,0,0,0,0
755443834569208 D 88,855662339,1000,2822,2822,4.3288941,0.00218,-1,-1,-1,0,0,0,136,1,1,0,0.0000000,0.0000000,0.0000000,0,0,0,0
755443835539375 D 89,855663339,1000,2822,2822,4.3288941,0.00210,-1,-1,-1,0,0,0,136,1,1,0,0.0000000,0.0000000,0.0000000,0,0,0,0
755443836522083 D 90,855664339,1000,2822,2822,4.3288941,0.00201,-1,-1,-1,0,0,0,135,1,1,0,0.0000000,0.0000000,0.0000000,0,0,0,0
755443837492500 D 91,855665339,1000,2822,2822,4.3288941,0.00194,-1,-1,-1,0,0,0,136,1,1,0,0.0000000,0.0000000,0.0000000,0,0,0,0
755443838496916 D 92,855666339,1000,2822,2822,4.3288941,0.00186,-1,-1,-1,0,0,0,136,1,1,0,0.0000000,0.0000000,0.0000000,0,0,0,0
755443839465125 D 93,855667339,1000,2822,2822,4.3288941,0.00179,-1,-1,-1,0,0,0,136,1,1,0,0.0000000,0.0000000,0.0000000,0,0,0,0
755443840485333 D 94,855668339,1000,2822,2822,4.3288941,0.00172,-1,-1,-1,0,0,0,136,1,1,0,0.0000000,0.0000000,0.0000000,0,0,0,0
755443841490958 D 95,855669339,1000,2822,2822,4.3288941,0.00165,-1,-1,-1,0,0,0,136,1,1,0,0.0000000,0.0000000,0.0000000,0,0,0,0
755443842509416 D 96,855670339,1000,2822,2822,4.3288941,0.00158,-1,-1,-1,0,0,0,136,1,1,0,0.0000000,0.0000000,0.0000000,0,0,0,0
755443843500875 D 97,855671339,1000,2822,2822,4.3288941,0.00152,-1,-1,-1,0,0,0,135,1,1,0,0.0000000,0.0000000,0.0000000,0,0,0,0
755443844478083 D 98,855672339,1000,2822,2822,4.3288941,0.00146,-1,-1,-1,0,0,0,136,1,1,0,0.0000000,0.0000000,0.0000000,0,0,0,0
755443845461125 D 99,855673339,1000,2822,2822,4.3288941,0.00141,-1,-1,-1,0,0,0,136,1,1,0,0.0000000,0.0000000,0.0000000,0,0,0,0
755443846527208 D 100,855674339,1000,2822,2822,4.3288941,0.00135,-1,-1,-1,0,0,0,136,1,1,0,0.0000000,0.0000000,0.0000000,0,0,0,0
755443847518708 D 101,855675339,1000,2822,2822,4.3288941,0.00130,-1,-1,-1,0,0,0,136,1,1,0,0.0000000,0.0000000,0.0000000,0,0,0,0
755443848506833 D 102,855676339,1000,2822,2822,4.3288941,0.00125,-1,-1,-1,0,0,0,136,1,1,0,0.0000000,0.0000000,0.0000000,0,0,0,0
755443849518583 D 103,855677339,1000,2822,2822,4.3288941,0.00120,-1,-1,-1,0,0,0,136,1,1,0,0.0000000,0.0000000,0.0000000,0,0,0,0
755443850487791 D 104,855678339,1000,2822,2822,4.3288941,0.00115,-1,-1,-1,0,0,0,136,1,1,0,0.0000000,0.0000000,0.0000000,0,0,0,0
755443851494333 D 105,855679339,1000,2822,2822,4.3288941,0.00111,-1,-1,-1,0,0,0,136,1,1,0,0.0000000,0.0000000,0.0000000,0,0,0,0
755443852456208 D 106,855680339,1000,2822,2822,4.3288941,0.00106,-1,-1,-1,0,0,0,136,1,1,0,0.0000000,0.0000000,0.0000000,0,0,0,0
755443853491500 D 107,855681339,1000,2822,2822,4.3288941,0.00102,-1,-1,-1,0,0,0,136,1,1,0,0.0000000,0.0000000,0.0000000,0,0,0,0
755443854459041 D 108,855682339,1000,2822,2822,4.3288941,0.00098,-1,-1,-1,0,0,0,136,1,1,0,0.0000000,0.0000000,0.0000000,0,0,0,0
755443855491708 D 109,855683339,1000,2822,2822,4.3288941,0.00094,-1,-1,-1,0,0,0,136,1,1,0,0.0000000,0.0000000,0.0000000,0,0,0,0
755443856462375 D 110,855684339,1000,2821,2821,4.3273602,-0.05924,-1,-1,-1,0,0,0,136,1,1,0,0.0000000,0.0000000,0.0000000,0,0,0,0
755443857502250 D 111,855685339,1000,2822,2822,4.3288941,0.00323,-1,-1,-1,0,0,0,136,1,1,0,0.0000000,0.0000000,0.0000000,0,0,0,0
755443858431958 D 112,855686339,1000,2822,2822,4.3288941,0.00310,-1,-1,-1,0,0,0,136,1,1,0,0.0000000,0.0000000,0.0000000,0,0,0,0
755443859422750 D 113,855687339,1000,2822,2822,4.3288941,0.00298,-1,-1,-1,0,0,0,136,1,1,0,0.0000000,0.0000000,0.0000000,0,0,0,0
755443860374583 D 114,855688339,1000,2822,2822,4.3288941,0.00286,-1,-1,-1,0,0,0,136,1,1,0,0.0000000,0.0000000,0.0000000,0,0,0,0
755443861390166 D 115,855689339,1000,2822,2822,4.3288941,0.00275,-1,-1,-1,0,0,0,136,1,1,0,0.0000000,0.0000000,0.0000000,0,0,0,0
755443862364458 D 116,855690339,1000,2822,2822,4.3288941,0.00264,-1,-1,-1,0,0,0,136,1,1,0,0.0000000,0.0000000,0.0000000,0,0,0,0
755443863433916 D 117,855691339,1000,2822,2822,4.3288941,0.00254,-1,-1,-1,0,0,0,136,1,1,0,0.0000000,0.0000000,0.0000000,0,0,0,0
755443864409000 D 118,855692339,1000,2822,2822,4.3288941,0.00244,-1,-1,-1,0,0,0,136,1,1,0,0.0000000,0.0000000,0.0000000,0,0,0,0
755443865434833 D 119,855693339,1000,2822,2822,4.3288941,0.00234,-1,-1,-1,0,0,0,136,1,1,0,0.0000000,0.0000000,0.0000000,0,0,0,0
755443866365125 D 120,855694339,1000,2822,2822,4.3288941,0.00225,-1,-1,-1,0,0,0,136,1,1,0,0.0000000,0.0000000,0.0000000,0,0,0,0
755443867441958 D 121,855695339,1000,2822,2822,4.3288941,0.00216,-1,-1,-1,0,0,0,136,1,1,0,0.0000000,0.0000000,0.0000000,0,0,0,0
755443868460291 D 122,855696339,1000,2821,2821,4.3273602,-0.05807,-1,-1,-1,0,0,0,136,1,1,0,0.0000000,0.0000000,0.0000000,0,0,0,0
755443869514000 D 123,855697339,1000,2822,2822,4.3288941,0.00436,-1,-1,-1,0,0,0,136,1,1,0,0.0000000,0.0000000,0.0000000,0,0,0,0
755443870484750 D 124,855698339,1000,2821,2821,4.3273602,-0.05596,-1,-1,-1,0,0,0,136,1,1,0,0.0000000,0.0000000,0.0000000,0,0,0,0
755443871485916 D 125,855699339,1000,2822,2822,4.3288941,0.00638,-1,-1,-1,0,0,0,136,1,1,0,0.0000000,0.0000000,0.0000000,0,0,0,0
755443872469375 D 126,855700339,1000,2822,2822,4.3288941,0.00613,-1,-1,-1,0,0,0,136,1,1,0,0.0000000,0.0000000,0.0000000,0,0,0,0
755443873501666 D 127,855701339,1000,2822,2822,4.3288941,0.00589,-1,-1,-1,0,0,0,136,1,1,0,0.0000000,0.0000000,0.0000000,0,0,0,0
755443874880708 D 128,855702339,1000,2822,2822,4.3288941,0.00566,39,106,2077,0,0,0,136,1,1,0,0.0000000,0.0000000,0.0000000,0,0,0,0
755443875458083 D 129,855703339,1000,2822,2822,4.3288941,0.00544,-1,-1,-1,0,0,0,136,1,1,0,0.0000000,0.0000000,0.0000000,0,0,0,0
755443876475875 D 130,855704339,1000,2822,2822,4.3288941,0.00522,-1,-1,-1,0,0,0,136,1,1,0,0.0000000,0.0000000,0.0000000,0,0,0,0
755443877479791 D 131,855705339,1000,2822,2822,4.3288941,0.00502,-1,-1,-1,0,0,0,136,1,1,0,0.0000000,0.0000000,0.0000000,0,0,0,0
755443878509625 D 132,855706339,1000,2822,2822,4.3288941,0.00482,-1,-1,-1,0,0,0,136,1,1,0,0.0000000,0.0000000,0.0000000,0,0,0,0
755443879511583 D 133,855707339,1000,2822,2822,4.3288941,0.00463,-1,-1,-1,0,0,0,136,1,1,0,0.0000000,0.0000000,0.0000000,0,0,0,0
755443880535083 D 134,855708339,1000,2822,2822,4.3288941,0.00445,-1,-1,-1,0,0,0,136,1,1,0,0.0000000,0.0000000,0.0000000,0,0,0,0
755443881569625 D 135,855709339,1000,2822,2822,4.3288941,0.00428,-1,-1,-1,0,0,0,136,1,1,0,0.0000000,0.0000000,0.0000000,0,0,0,0
755443882525708 D 136,855710339,1000,2822,2822,4.3288941,0.00411,-1,-1,-1,0,0,0,136,1,1,0,0.0000000,0.0000000,0.0000000,0,0,0,0
755443883547125 D 137,855711339,1000,2822,2822,4.3288941,0.00395,-1,-1,-1,0,0,0,136,1,1,0,0.0000000,0.0000000,0.0000000,0,0,0,0
755443884655833 D 138,855712339,1000,2822,2822,4.3288941,0.00379,-1,-1,-1,0,0,0,136,1,1,0,0.0000000,0.0000000,0.0000000,0,0,0,0
755443885594916 D 139,855713339,1000,2822,2822,4.3288941,0.00364,-1,-1,-1,0,0,0,136,1,1,0,0.0000000,0.0000000,0.0000000,0,0,0,0
755443886596375 D 140,855714339,1000,2822,2822,4.3288941,0.00350,-1,-1,-1,0,0,0,136,1,1,0,0.0000000,0.0000000,0.0000000,0,0,0,0
755443887582416 D 141,855715339,1000,2822,2822,4.3288941,0.00336,-1,-1,-1,0,0,0,136,1,1,0,0.0000000,0.0000000,0.0000000,0,0,0,0
755443888562875 D 142,855716339,1000,2822,2822,4.3288941,0.00323,-1,-1,-1,0,0,0,136,1,1,0,0.0000000,0.0000000,0.0000000,0,0,0,0
755443889626708 D 143,855717339,1000,2822,2822,4.3288941,0.00311,-1,-1,-1,0,0,0,136,1,1,0,0.0000000,0.0000000,0.0000000,0,0,0,0
755443890629000 D 144,855718339,1000,2822,2822,4.3288941,0.00298,-1,-1,-1,0,0,0,136,1,1,0,0.0000000,0.0000000,0.0000000,0,0,0,0
755443891576708 D 145,855719339,1000,2822,2822,4.3288941,0.00287,-1,-1,-1,0,0,0,136,1,1,0,0.0000000,0.0000000,0.0000000,0,0,0,0
755443892627833 D 146,855720339,1000,2822,2822,4.3288941,0.00275,-1,-1,-1,0,0,0,136,1,1,0,0.0000000,0.0000000,0.0000000,0,0,0,0
755443893557166 D 147,855721339,1000,2822,2822,4.3288941,0.00265,-1,-1,-1,0,0,0,136,1,1,0,0.0000000,0.0000000,0.0000000,0,0,0,0
755443894562958 D 148,855722339,1000,2822,2822,4.3288941,0.00254,-1,-1,-1,0,0,0,136,1,1,0,0.0000000,0.0000000,0.0000000,0,0,0,0
755443895640291 D 149,855723339,1000,2822,2822,4.3288941,0.00244,-1,-1,-1,0,0,0,136,1,1,0,0.0000000,0.0000000,0.0000000,0,0,0,0
755443896590416 D 150,855724339,1000,2822,2822,4.3288941,0.00235,-1,-1,-1,0,0,0,136,1,1,0,0.0000000,0.0000000,0.0000000,0,0,0,0
755443897657166 D 151,855725339,1000,2822,2822,4.3288941,0.00225,-1,-1,-1,0,0,0,136,1,1,0,0.0000000,0.0000000,0.0000000,0,0,0,0
755443898663083 D 152,855726339,1000,2822,2822,4.3288941,0.00217,-1,-1,-1,0,0,0,136,1,1,0,0.0000000,0.0000000,0.0000000,0,0,0,0
755443899718458 D 153,855727339,1000,2822,2822,4.3288941,0.00208,-1,-1,-1,0,0,0,136,1,1,0,0.0000000,0.0000000,0.0000000,0,0,0,0
755443900656250 D 154,855728339,1000,2822,2822,4.3288941,0.00200,-1,-1,-1,0,0,0,136,1,1,0,0.0000000,0.0000000,0.0000000,0,0,0,0
755443901677250 D 155,855729339,1000,2821,2821,4.3273602,-0.05823,-1,-1,-1,0,0,0,136,1,1,0,0.0000000,0.0000000,0.0000000,0,0,0,0
755443902609708 D 156,855730339,1000,2822,2822,4.3288941,0.00420,-1,-1,-1,0,0,0,136,1,1,0,0.0000000,0.0000000,0.0000000,0,0,0,0
755443903650375 D 157,855731339,1000,2822,2822,4.3288941,0.00404,-1,-1,-1,0,0,0,136,1,1,0,0.0000000,0.0000000,0.0000000,0,0,0,0
755443904624708 D 158,855732339,1000,2822,2822,4.3288941,0.00388,-1,-1,-1,0,0,0,136,1,1,0,0.0000000,0.0000000,0.0000000,0,0,0,0
755443905615291 D 159,855733339,1000,2822,2822,4.3288941,0.00373,-1,-1,-1,0,0,0,136,1,1,0,0.0000000,0.0000000,0.0000000,0,0,0,0
755443906638708 D 160,855734339,1000,2822,2822,4.3288941,0.00358,-1,-1,-1,0,0,0,136,1,1,0,0.0000000,0.0000000,0.0000000,0,0,0,0
755443907641250 D 161,855735339,1000,2822,2822,4.3288941,0.00344,-1,-1,-1,0,0,0,136,1,1,0,0.0000000,0.0000000,0.0000000,0,0,0,0
755443908638625 D 162,855736339,1000,2822,2822,4.3288941,0.00331,-1,-1,-1,0,0,0,136,1,1,0,0.0000000,0.0000000,0.0000000,0,0,0,0
755443909603458 D 163,855737339,1000,2822,2822,4.3288941,0.00318,-1,-1,-1,0,0,0,136,1,1,0,0.0000000,0.0000000,0.0000000,0,0,0,0
755443910615208 D 164,855738339,1000,2822,2822,4.3288941,0.00305,-1,-1,-1,0,0,0,136,1,1,0,0.0000000,0.0000000,0.0000000,0,0,0,0
755443911651458 D 165,855739339,1000,2822,2822,4.3288941,0.00293,-1,-1,-1,0,0,0,136,1,1,0,0.0000000,0.0000000,0.0000000,0,0,0,0
755443912633250 D 166,855740339,1000,2822,2822,4.3288941,0.00282,-1,-1,-1,0,0,0,136,1,1,0,0.0000000,0.0000000,0.0000000,0,0,0,0
755443913604166 D 167,855741339,1000,2822,2822,4.3288941,0.00271,-1,-1,-1,0,0,0,136,1,1,0,0.0000000,0.0000000,0.0000000,0,0,0,0
755443914611500 D 168,855742339,1000,2822,2822,4.3288941,0.00260,-1,-1,-1,0,0,0,136,1,1,0,0.0000000,0.0000000,0.0000000,0,0,0,0
755443915694333 D 169,855743339,1000,2822,2822,4.3288941,0.00250,-1,-1,-1,0,0,0,136,1,1,0,0.0000000,0.0000000,0.0000000,0,0,0,0
755443916685666 D 170,855744339,1000,2822,2822,4.3288941,0.00240,-1,-1,-1,0,0,0,136,1,1,0,0.0000000,0.0000000,0.0000000,0,0,0,0
755443917624458 D 171,855745339,1000,2822,2822,4.3288941,0.00231,-1,-1,-1,0,0,0,136,1,1,0,0.0000000,0.0000000,0.0000000,0,0,0,0
755443918606958 D 172,855746339,1000,2822,2822,4.3288941,0.00222,-1,-1,-1,0,0,0,136,1,1,0,0.0000000,0.0000000,0.0000000,0,0,0,0
755443919659166 D 173,855747339,1000,2822,2822,4.3288941,0.00213,-1,-1,-1,0,0,0,136,1,1,0,0.0000000,0.0000000,0.0000000,0,0,0,0
755443920645791 D 174,855748339,1000,2822,2822,4.3288941,0.00205,-1,-1,-1,0,0,0,135,1,1,0,0.0000000,0.0000000,0.0000000,0,0,0,0
755443921737166 D 175,855749339,1000,2822,2822,4.3288941,0.00197,-1,-1,-1,0,0,0,136,1,1,0,0.0000000,0.0000000,0.0000000,0,0,0,0
755443922680583 D 176,855750339,1000,2821,2821,4.3273602,-0.05826,-1,-1,-1,0,0,0,136,1,1,0,0.0000000,0.0000000,0.0000000,0,0,0,0
755443923650000 D 177,855751339,1000,2822,2822,4.3288941,0.00417,-1,-1,-1,0,0,0,136,1,1,0,0.0000000,0.0000000,0.0000000,0,0,0,0
755443925069625 D 178,855752339,1000,2822,2822,4.3288941,0.00401,39,106,2075,0,0,0,136,1,1,0,0.0000000,0.0000000,0.0000000,0,0,0,0
755443925768291 D 179,855753339,1000,2822,2822,4.3288941,0.00385,-1,-1,-1,0,0,0,136,1,1,0,0.0000000,0.0000000,0.0000000,0,0,0,0
755443926641375 D 180,855754339,1000,2822,2822,4.3288941,0.00370,-1,-1,-1,0,0,0,136,1,1,0,0.0000000,0.0000000,0.0000000,0,0,0,0
755443927664166 D 181,855755339,1000,2822,2822,4.3288941,0.00356,-1,-1,-1,0,0,0,136,1,1,0,0.0000000,0.0000000,0.0000000,0,0,0,0
755443928700916 D 182,855756339,1000,2822,2822,4.3288941,0.00342,-1,-1,-1,0,0,0,136,1,1,0,0.0000000,0.0000000,0.0000000,0,0,0,0
755443929646166 D 183,855757339,1000,2822,2822,4.3288941,0.00328,-1,-1,-1,0,0,0,136,1,1,0,0.0000000,0.0000000,0.0000000,0,0,0,0
755443930899500 D 184,855758339,1000,2822,2822,4.3288941,0.00315,-1,-1,-1,0,0,0,136,1,1,0,0.0000000,0.0000000,0.0000000,0,0,0,0
755443931757166 D 185,855759339,1000,2822,2822,4.3288941,0.00303,-1,-1,-1,0,0,0,136,1,1,0,0.0000000,0.0000000,0.0000000,0,0,0,0
755443932691166 D 186,855760339,1000,2822,2822,4.3288941,0.00291,-1,-1,-1,0,0,0,136,1,1,0,0.0000000,0.0000000,0.0000000,0,0,0,0
755443933780041 D 187,855761339,1000,2822,2822,4.3288941,0.00280,-1,-1,-1,0,0,0,136,1,1,0,0.0000000,0.0000000,0.0000000,0,0,0,0
755443934746375 D 188,855762339,1000,2822,2822,4.3288941,0.00269,-1,-1,-1,0,0,0,135,1,1,0,0.0000000,0.0000000,0.0000000,0,0,0,0
755443935725791 D 189,855763339,1000,2822,2822,4.3288941,0.00258,-1,-1,-1,0,0,0,136,1,1,0,0.0000000,0.0000000,0.0000000,0,0,0,0
755443936727583 D 190,855764339,1000,2822,2822,4.3288941,0.00248,-1,-1,-1,0,0,0,136,1,1,0,0.0000000,0.0000000,0.0000000,0,0,0,0
755443937723000 D 191,855765339,1000,2822,2822,4.3288941,0.00238,-1,-1,-1,0,0,0,136,1,1,0,0.0000000,0.0000000,0.0000000,0,0,0,0
755443938654375 D 192,855766339,1000,2822,2822,4.3288941,0.00229,-1,-1,-1,0,0,0,136,1,1,0,0.0000000,0.0000000,0.0000000,0,0,0,0
755443939658375 D 193,855767339,1000,2822,2822,4.3288941,0.00220,-1,-1,-1,0,0,0,136,1,1,0,0.0000000,0.0000000,0.0000000,0,0,0,0
755443940615625 D 194,855768339,1000,2822,2822,4.3288941,0.00211,-1,-1,-1,0,0,0,136,1,1,0,0.0000000,0.0000000,0.0000000,0,0,0,0
755443941688791 D 195,855769339,1000,2822,2822,4.3288941,0.00203,-1,-1,-1,0,0,0,136,1,1,0,0.0000000,0.0000000,0.0000000,0,0,0,0
755443942654583 D 196,855770339,1000,2822,2822,4.3288941,0.00195,-1,-1,-1,0,0,0,136,1,1,0,0.0000000,0.0000000,0.0000000,0,0,0,0
755443943630750 D 197,855771339,1000,2822,2822,4.3288941,0.00188,-1,-1,-1,0,0,0,136,1,1,0,0.0000000,0.0000000,0.0000000,0,0,0,0
755443944652000 D 198,855772339,1000,2822,2822,4.3288941,0.00180,-1,-1,-1,0,0,0,136,1,1,0,0.0000000,0.0000000,0.0000000,0,0,0,0
755443945575583 D 199,855773339,1000,2822,2822,4.3288941,0.00173,-1,-1,-1,0,0,0,136,1,1,0,0.0000000,0.0000000,0.0000000,0,0,0,0
755443946750708 D 200,855774339,1000,2821,2821,4.3273602,-0.05848,-1,-1,-1,0,0,0,136,1,1,0,0.0000000,0.0000000,0.0000000,0,0,0,0
755443947724500 D 201,855775339,1000,2822,2822,4.3288941,0.00396,-1,-1,-1,0,0,0,136,1,1,0,0.0000000,0.0000000,0.0000000,0,0,0,0
755443948694625 D 202,855776339,1000,2822,2822,4.3288941,0.00380,-1,-1,-1,0,0,0,136,1,1,0,0.0000000,0.0000000,0.0000000,0,0,0,0
755443949667208 D 203,855777339,1000,2822,2822,4.3288941,0.00365,-1,-1,-1,0,0,0,136,1,1,0,0.0000000,0.0000000,0.0000000,0,0,0,0
755443950670791 D 204,855778339,1000,2822,2822,4.3288941,0.00351,-1,-1,-1,0,0,0,136,1,1,0,0.0000000,0.0000000,0.0000000,0,0,0,0
755443951710333 D 205,855779339,1000,2822,2822,4.3288941,0.00337,-1,-1,-1,0,0,0,136,1,1,0,0.0000000,0.0000000,0.0000000,0,0,0,0
755443952628500 D 206,855780339,1000,2822,2822,4.3288941,0.00324,-1,-1,-1,0,0,0,136,1,1,0,0.0000000,0.0000000,0.0000000,0,0,0,0
755443953673625 D 207,855781339,1000,2822,2822,4.3288941,0.00311,-1,-1,-1,0,0,0,136,1,1,0,0.0000000,0.0000000,0.0000000,0,0,0,0
755443954658416 D 208,855782339,1000,2822,2822,4.3288941,0.00299,-1,-1,-1,0,0,0,136,1,1,0,0.0000000,0.0000000,0.0000000,0,0,0,0
755443955643458 D 209,855783339,1000,2822,2822,4.3288941,0.00287,-1,-1,-1,0,0,0,136,1,1,0,0.0000000,0.0000000,0.0000000,0,0,0,0
755443956667583 D 210,855784339,1000,2822,2822,4.3288941,0.00276,-1,-1,-1,0,0,0,136,1,1,0,0.0000000,0.0000000,0.0000000,0,0,0,0
755443957651500 D 211,855785339,1000,2822,2822,4.3288941,0.00265,-1,-1,-1,0,0,0,136,1,1,0,0.0000000,0.0000000,0.0000000,0,0,0,0
755443958711041 D 212,855786339,1000,2822,2822,4.3288941,0.00255,-1,-1,-1,0,0,0,136,1,1,0,0.0000000,0.0000000,0.0000000,0,0,0,0
755443959773875 D 213,855787339,1000,2822,2822,4.3288941,0.00245,-1,-1,-1,0,0,0,136,1,1,0,0.0000000,0.0000000,0.0000000,0,0,0,0
755443960636083 D 214,855788339,1000,2822,2822,4.3288941,0.00235,-1,-1,-1,0,0,0,136,1,1,0,0.0000000,0.0000000,0.0000000,0,0,0,0
755443961695750 D 215,855789339,1000,2822,2822,4.3288941,0.00226,-1,-1,-1,0,0,0,136,1,1,0,0.0000000,0.0000000,0.0000000,0,0,0,0
755443962703833 D 216,855790339,1000,2822,2822,4.3288941,0.00217,-1,-1,-1,0,0,0,136,1,1,0,0.0000000,0.0000000,0.0000000,0,0,0,0
755443963729000 D 217,855791339,1000,2822,2822,4.3288941,0.00209,-1,-1,-1,0,0,0,136,1,1,0,0.0000000,0.0000000,0.0000000,0,0,0,0
755443964715125 D 218,855792339,1000,2822,2822,4.3288941,0.00200,-1,-1,-1,0,0,0,136,1,1,0,0.0000000,0.0000000,0.0000000,0,0,0,0
755443965694208 D 219,855793339,1000,2822,2822,4.3288941,0.00193,-1,-1,-1,0,0,0,136,1,1,0,0.0000000,0.0000000,0.0000000,0,0,0,0
755443966658291 D 220,855794339,1000,2822,2822,4.3288941,0.00185,-1,-1,-1,0,0,0,136,1,1,0,0.0000000,0.0000000,0.0000000,0,0,0,0
755443967711666 D 221,855795339,1000,2822,2822,4.3288941,0.00178,-1,-1,-1,0,0,0,136,1,1,0,0.0000000,0.0000000,0.0000000,0,0,0,0
755443968678333 D 222,855796339,1000,2822,2822,4.3288941,0.00171,-1,-1,-1,0,0,0,136,1,1,0,0.0000000,0.0000000,0.0000000,0,0,0,0
755443969680500 D 223,855797339,1000,2822,2822,4.3288941,0.00164,-1,-1,-1,0,0,0,136,1,1,0,0.0000000,0.0000000,0.0000000,0,0,0,0
755443970702416 D 224,855798339,1000,2822,2822,4.3288941,0.00158,-1,-1,-1,0,0,0,136,1,1,0,0.0000000,0.0000000,0.0000000,0,0,0,0
755443971734333 D 225,855799339,1000,2822,2822,4.3288941,0.00151,-1,-1,-1,0,0,0,136,1,1,0,0.0000000,0.0000000,0.0000000,0,0,0,0
755443972742250 D 226,855800339,1000,2822,2822,4.3288941,0.00146,-1,-1,-1,0,0,0,136,1,1,0,0.0000000,0.0000000,0.0000000,0,0,0,0
755443973701125 D 227,855801339,1000,2822,2822,4.3288941,0.00140,-1,-1,-1,0,0,0,136,1,1,0,0.0000000,0.0000000,0.0000000,0,0,0,0
755443975162666 D 228,855802339,1000,2822,2822,4.3288941,0.00134,39,106,2075,0,0,0,136,1,1,0,0.0000000,0.0000000,0.0000000,0,0,0,0
755443975810375 D 229,855803339,1000,2822,2822,4.3288941,0.00129,-1,-1,-1,0,0,0,136,1,1,0,0.0000000,0.0000000,0.0000000,0,0,0,0
755443976659416 D 230,855804339,1000,2822,2822,4.3288941,0.00124,-1,-1,-1,0,0,0,136,1,1,0,0.0000000,0.0000000,0.0000000,0,0,0,0
755443977789541 D 231,855805339,1000,2822,2822,4.3288941,0.00119,-1,-1,-1,0,0,0,136,1,1,0,0.0000000,0.0000000,0.0000000,0,0,0,0
755443978695666 D 232,855806339,1000,2822,2822,4.3288941,0.00114,-1,-1,-1,0,0,0,136,1,1,0,0.0000000,0.0000000,0.0000000,0,0,0,0
755443979695541 D 233,855807339,1000,2822,2822,4.3288941,0.00110,-1,-1,-1,0,0,0,136,1,1,0,0.0000000,0.0000000,0.0000000,0,0,0,0
755443980785791 D 234,855808339,1000,2822,2822,4.3288941,0.00106,-1,-1,-1,0,0,0,136,1,1,0,0.0000000,0.0000000,0.0000000,0,0,0,0
755443981719458 D 235,855809339,1000,2822,2822,4.3288941,0.00102,-1,-1,-1,0,0,0,136,1,1,0,0.0000000,0.0000000,0.0000000,0,0,0,0
755443982696583 D 236,855810339,1000,2822,2822,4.3288941,0.00098,-1,-1,-1,0,0,0,136,1,1,0,0.0000000,0.0000000,0.0000000,0,0,0,0
755443983642166 D 237,855811339,1000,2822,2822,4.3288941,0.00094,-1,-1,-1,0,0,0,136,1,1,0,0.0000000,0.0000000,0.0000000,0,0,0,0
755443984706583 D 238,855812339,1000,2822,2822,4.3288941,0.00090,-1,-1,-1,0,0,0,136,1,1,0,0.0000000,0.0000000,0.0000000,0,0,0,0
755443985694375 D 239,855813339,1000,2822,2822,4.3288941,0.00087,-1,-1,-1,0,0,0,136,1,1,0,0.0000000,0.0000000,0.0000000,0,0,0,0
755443986653416 D 240,855814339,1000,2822,2822,4.3288941,0.00083,-1,-1,-1,0,0,0,136,1,1,0,0.0000000,0.0000000,0.0000000,0,0,0,0
755443987635208 D 241,855815339,1000,2822,2822,4.3288941,0.00080,-1,-1,-1,0,0,0,136,1,1,0,0.0000000,0.0000000,0.0000000,0,0,0,0
755443988600666 D 242,855816339,1000,2822,2822,4.3288941,0.00077,-1,-1,-1,0,0,0,136,1,1,0,0.0000000,0.0000000,0.0000000,0,0,0,0
755443989576208 D 243,855817339,1000,2822,2822,4.3288941,0.00074,-1,-1,-1,0,0,0,136,1,1,0,0.0000000,0.0000000,0.0000000,0,0,0,0
755443990599125 D 244,855818339,1000,2822,2822,4.3288941,0.00071,-1,-1,-1,0,0,0,136,1,1,0,0.0000000,0.0000000,0.0000000,0,0,0,0
755443991615416 D 245,855819339,1000,2822,2822,4.3288941,0.00068,-1,-1,-1,0,0,0,136,1,1,0,0.0000000,0.0000000,0.0000000,0,0,0,0
755443992608416 D 246,855820339,1000,2822,2822,4.3288941,0.00065,-1,-1,-1,0,0,0,136,1,1,0,0.0000000,0.0000000,0.0000000,0,0,0,0
755443993651833 D 247,855821339,1000,2822,2822,4.3288941,0.00063,-1,-1,-1,0,0,0,136,1,1,0,0.0000000,0.0000000,0.0000000,0,0,0,0
755443994605458 D 248,855822339,1000,2822,2822,4.3288941,0.00060,-1,-1,-1,0,0,0,136,1,1,0,0.0000000,0.0000000,0.0000000,0,0,0,0
755443995603291 D 249,855823339,1000,2822,2822,4.3288941,0.00058,-1,-1,-1,0,0,0,136,1,1,0,0.0000000,0.0000000,0.0000000,0,0,0,0
755443996647166 D 250,855824339,1000,2822,2822,4.3288941,0.00056,-1,-1,-1,0,0,0,136,1,1,0,0.0000000,0.0000000,0.0000000,0,0,0,0
755443997615666 D 251,855825339,1000,2822,2822,4.3288941,0.00054,-1,-1,-1,0,0,0,136,1,1,0,0.0000000,0.0000000,0.0000000,0,0,0,0
755443998638750 D 252,855826339,1000,2822,2822,4.3288941,0.00051,-1,-1,-1,0,0,0,136,1,1,0,0.0000000,0.0000000,0.0000000,0,0,0,0
755443999618041 D 253,855827339,1000,2822,2822,4.3288941,0.00049,-1,-1,-1,0,0,0,136,1,1,0,0.0000000,0.0000000,0.0000000,0,0,0,0
755444000612625 D 254,855828339,1000,2822,2822,4.3288941,0.00047,-1,-1,-1,0,0,0,136,1,1,0,0.0000000,0.0000000,0.0000000,0,0,0,0
755444001651291 D 255,855829339,1000,2821,2821,4.3273602,-0.05969,-1,-1,-1,0,0,0,136,1,1,0,0.0000000,0.0000000,0.0000000,0,0,0,0
755444002657000 D 256,855830339,1000,2822,2822,4.3288941,0.00280,-1,-1,-1,0,0,0,136,1,1,0,0.0000000,0.0000000,0.0000000,0,0,0,0
755444003623875 D 257,855831339,1000,2822,2822,4.3288941,0.00269,-1,-1,-1,0,0,0,136,1,1,0,0.0000000,0.0000000,0.0000000,0,0,0,0
755444004670291 D 258,855832339,1000,2822,2822,4.3288941,0.00258,-1,-1,-1,0,0,0,136,1,1,0,0.0000000,0.0000000,0.0000000,0,0,0,0
755444005523916 D 259,855833339,1000,2821,2821,4.3273602,-0.05767,-1,-1,-1,0,0,0,136,1,1,0,0.0000000,0.0000000,0.0000000,0,0,0,0
755444006630958 D 260,855834339,1000,2822,2822,4.3288941,0.00474,-1,-1,-1,0,0,0,136,1,1,0,0.0000000,0.0000000,0.0000000,0,0,0,0
755444007572666 D 261,855835339,1000,2822,2822,4.3288941,0.00456,-1,-1,-1,0,0,0,136,1,1,0,0.0000000,0.0000000,0.0000000,0,0,0,0
755444008515875 D 262,855836339,1000,2822,2822,4.3288941,0.00438,-1,-1,-1,0,0,0,136,1,1,0,0.0000000,0.0000000,0.0000000,0,0,0,0
755444009563750 D 263,855837339,1000,2822,2822,4.3288941,0.00421,-1,-1,-1,0,0,0,136,1,1,0,0.0000000,0.0000000,0.0000000,0,0,0,0
755444010573541 D 264,855838339,1000,2822,2822,4.3288941,0.00404,-1,-1,-1,0,0,0,136,1,1,0,0.0000000,0.0000000,0.0000000,0,0,0,0
755444011596000 D 265,855839339,1000,2822,2822,4.3288941,0.00388,-1,-1,-1,0,0,0,136,1,1,0,0.0000000,0.0000000,0.0000000,0,0,0,0
755444012772125 D 266,855840339,1000,2822,2822,4.3288941,0.00373,-1,-1,-1,0,0,0,136,1,1,0,0.0000000,0.0000000,0.0000000,0,0,0,0
755444013769000 D 267,855841339,1000,2822,2822,4.3288941,0.00358,-1,-1,-1,0,0,0,136,1,1,0,0.0000000,0.0000000,0.0000000,0,0,0,0
755444014786833 D 268,855842339,1000,2822,2822,4.3288941,0.00344,-1,-1,-1,0,0,0,136,1,1,0,0.0000000,0.0000000,0.0000000,0,0,0,0
755444015555750 D 269,855843339,1000,2822,2822,4.3288941,0.00331,-1,-1,-1,0,0,0,136,1,1,0,0.0000000,0.0000000,0.0000000,0,0,0,0
755444016545458 D 270,855844339,1000,2822,2822,4.3288941,0.00318,-1,-1,-1,0,0,0,136,1,1,0,0.0000000,0.0000000,0.0000000,0,0,0,0
755444017565208 D 271,855845339,1000,2822,2822,4.3288941,0.00305,-1,-1,-1,0,0,0,136,1,1,0,0.0000000,0.0000000,0.0000000,0,0,0,0
755444018597041 D 272,855846339,1000,2822,2822,4.3288941,0.00293,-1,-1,-1,0,0,0,136,1,1,0,0.0000000,0.0000000,0.0000000,0,0,0,0
755444019554708 D 273,855847339,1000,2822,2822,4.3288941,0.00282,-1,-1,-1,0,0,0,136,1,1,0,0.0000000,0.0000000,0.0000000,0,0,0,0
755444020491375 D 274,855848339,1000,2822,2822,4.3288941,0.00271,-1,-1,-1,0,0,0,136,1,1,0,0.0000000,0.0000000,0.0000000,0,0,0,0
755444021498000 D 275,855849339,1000,2822,2822,4.3288941,0.00260,-1,-1,-1,0,0,0,136,1,1,0,0.0000000,0.0000000,0.0000000,0,0,0,0
755444022499875 D 276,855850339,1000,2822,2822,4.3288941,0.00250,-1,-1,-1,0,0,0,136,1,1,0,0.0000000,0.0000000,0.0000000,0,0,0,0
755444023529833 D 277,855851339,1000,2822,2822,4.3288941,0.00240,-1,-1,-1,0,0,0,136,1,1,0,0.0000000,0.0000000,0.0000000,0,0,0,0
755444024983500 D 278,855852339,1000,2822,2822,4.3288941,0.00231,39,106,2075,0,0,0,136,1,1,0,0.0000000,0.0000000,0.0000000,0,0,0,0
755444025606958 D 279,855853339,1000,2822,2822,4.3288941,0.00222,-1,-1,-1,0,0,0,136,1,1,0,0.0000000,0.0000000,0.0000000,0,0,0,0
755444026560083 D 280,855854339,1000,2822,2822,4.3288941,0.00213,-1,-1,-1,0,0,0,136,1,1,0,0.0000000,0.0000000,0.0000000,0,0,0,0
755444027539458 D 281,855855339,1000,2822,2822,4.3288941,0.00205,-1,-1,-1,0,0,0,136,1,1,0,0.0000000,0.0000000,0.0000000,0,0,0,0
755444028555083 D 282,855856339,1000,2822,2822,4.3288941,0.00197,-1,-1,-1,0,0,0,136,1,1,0,0.0000000,0.0000000,0.0000000,0,0,0,0
755444029510791 D 283,855857339,1000,2822,2822,4.3288941,0.00189,-1,-1,-1,0,0,0,136,1,1,0,0.0000000,0.0000000,0.0000000,0,0,0,0
755444030564041 D 284,855858339,1000,2822,2822,4.3288941,0.00182,-1,-1,-1,0,0,0,136,1,1,0,0.0000000,0.0000000,0.0000000,0,0,0,0
755444031491416 D 285,855859339,1000,2822,2822,4.3288941,0.00174,-1,-1,-1,0,0,0,136,1,1,0,0.0000000,0.0000000,0.0000000,0,0,0,0
755444032514625 D 286,855860339,1000,2822,2822,4.3288941,0.00168,-1,-1,-1,0,0,0,136,1,1,0,0.0000000,0.0000000,0.0000000,0,0,0,0
755444033533500 D 287,855861339,1000,2822,2822,4.3288941,0.00161,-1,-1,-1,0,0,0,136,1,1,0,0.0000000,0.0000000,0.0000000,0,0,0,0
755444034491375 D 288,855862339,1000,2822,2822,4.3288941,0.00155,-1,-1,-1,0,0,0,136,1,1,0,0.0000000,0.0000000,0.0000000,0,0,0,0
755444035523541 D 289,855863339,1000,2822,2822,4.3288941,0.00149,-1,-1,-1,0,0,0,136,1,1,0,0.0000000,0.0000000,0.0000000,0,0,0,0
755444036543916 D 290,855864339,1000,2822,2822,4.3288941,0.00143,-1,-1,-1,0,0,0,136,1,1,0,0.0000000,0.0000000,0.0000000,0,0,0,0
755444037567041 D 291,855865339,1000,2822,2822,4.3288941,0.00137,-1,-1,-1,0,0,0,136,1,1,0,0.0000000,0.0000000,0.0000000,0,0,0,0
755444038531708 D 292,855866339,1000,2822,2822,4.3288941,0.00132,-1,-1,-1,0,0,0,136,1,1,0,0.0000000,0.0000000,0.0000000,0,0,0,0
755444039523833 D 293,855867339,1000,2822,2822,4.3288941,0.00127,-1,-1,-1,0,0,0,136,1,1,0,0.0000000,0.0000000,0.0000000,0,0,0,0
755444040587708 D 294,855868339,1000,2822,2822,4.3288941,0.00122,-1,-1,-1,0,0,0,136,1,1,0,0.0000000,0.0000000,0.0000000,0,0,0,0
755444041571666 D 295,855869339,1000,2822,2822,4.3288941,0.00117,-1,-1,-1,0,0,0,136,1,1,0,0.0000000,0.0000000,0.0000000,0,0,0,0
755444042584333 D 296,855870339,1000,2822,2822,4.3288941,0.00112,-1,-1,-1,0,0,0,136,1,1,0,0.0000000,0.0000000,0.0000000,0,0,0,0
755444043584666 D 297,855871339,1000,2822,2822,4.3288941,0.00108,-1,-1,-1,0,0,0,136,1,1,0,0.0000000,0.0000000,0.0000000,0,0,0,0
755444044777708 D 298,855872339,1000,2822,2822,4.3288941,0.00104,-1,-1,-1,0,0,0,136,1,1,0,0.0000000,0.0000000,0.0000000,0,0,0,0
755444045825416 D 299,855873339,1000,2822,2822,4.3288941,0.00100,-1,-1,-1,0,0,0,136,1,1,0,0.0000000,0.0000000,0.0000000,0,0,0,0
755444046724875 D 300,855874339,1000,2822,2822,4.3288941,0.00096,-1,-1,-1,0,0,0,135,1,1,0,0.0000000,0.0000000,0.0000000,0,0,0,0
755444047583333 D 301,855875339,1000,2822,2822,4.3288941,0.00092,-1,-1,-1,0,0,0,136,1,1,0,0.0000000,0.0000000,0.0000000,0,0,0,0
755444048580125 D 302,855876339,1000,2822,2822,4.3288941,0.00088,-1,-1,-1,0,0,0,136,1,1,0,0.0000000,0.0000000,0.0000000,0,0,0,0
755444049583458 D 303,855877339,1000,2822,2822,4.3288941,0.00085,-1,-1,-1,0,0,0,136,1,1,0,0.0000000,0.0000000,0.0000000,0,0,0,0
755444050613333 D 304,855878339,1000,2822,2822,4.3288941,0.00082,-1,-1,-1,0,0,0,136,1,1,0,0.0000000,0.0000000,0.0000000,0,0,0,0
755444051537500 D 305,855879339,1000,2822,2822,4.3288941,0.00078,-1,-1,-1,0,0,0,136,1,1,0,0.0000000,0.0000000,0.0000000,0,0,0,0
755444052534166 D 306,855880339,1000,2822,2822,4.3288941,0.00075,-1,-1,-1,0,0,0,136,1,1,0,0.0000000,0.0000000,0.0000000,0,0,0,0
755444053519500 D 307,855881339,1000,2822,2822,4.3288941,0.00072,-1,-1,-1,0,0,0,136,1,1,0,0.0000000,0.0000000,0.0000000,0,0,0,0
755444054571416 D 308,855882339,1000,2822,2822,4.3288941,0.00070,-1,-1,-1,0,0,0,136,1,1,0,0.0000000,0.0000000,0.0000000,0,0,0,0
755444055549750 D 309,855883339,1000,2822,2822,4.3288941,0.00067,-1,-1,-1,0,0,0,136,1,1,0,0.0000000,0.0000000,0.0000000,0,0,0,0
755444056651333 D 310,855884339,1000,2822,2822,4.3288941,0.00064,-1,-1,-1,0,0,0,136,1,1,0,0.0000000,0.0000000,0.0000000,0,0,0,0
755444057658833 D 311,855885339,1000,2822,2822,4.3288941,0.00062,-1,-1,-1,0,0,0,136,1,1,0,0.0000000,0.0000000,0.0000000,0,0,0,0
755444058623291 D 312,855886339,1000,2822,2822,4.3288941,0.00059,-1,-1,-1,0,0,0,136,1,1,0,0.0000000,0.0000000,0.0000000,0,0,0,0
755444059655708 D 313,855887339,1000,2822,2822,4.3288941,0.00057,-1,-1,-1,0,0,0,136,1,1,0,0.0000000,0.0000000,0.0000000,0,0,0,0
755444060679833 D 314,855888339,1000,2822,2822,4.3288941,0.00055,-1,-1,-1,0,0,0,136,1,1,0,0.0000000,0.0000000,0.0000000,0,0,0,0
755444061706583 D 315,855889339,1000,2822,2822,4.3288941,0.00053,-1,-1,-1,0,0,0,136,1,1,0,0.0000000,0.0000000,0.0000000,0,0,0,0
755444062636250 D 316,855890339,1000,2821,2821,4.3273602,-0.05964,-1,-1,-1,0,0,0,136,1,1,0,0.0000000,0.0000000,0.0000000,0,0,0,0
755444063604208 D 317,855891339,1000,2822,2822,4.3288941,0.00284,-1,-1,-1,0,0,0,136,1,1,0,0.0000000,0.0000000,0.0000000,0,0,0,0
755444064577958 D 318,855892339,1000,2822,2822,4.3288941,0.00273,-1,-1,-1,0,0,0,136,1,1,0,0.0000000,0.0000000,0.0000000,0,0,0,0
755444065649208 D 319,855893339,1000,2822,2822,4.3288941,0.00262,-1,-1,-1,0,0,0,136,1,1,0,0.0000000,0.0000000,0.0000000,0,0,0,0
755444066635500 D 320,855894339,1000,2822,2822,4.3288941,0.00252,-1,-1,-1,0,0,0,136,1,1,0,0.0000000,0.0000000,0.0000000,0,0,0,0
755444067587916 D 321,855895339,1000,2822,2822,4.3288941,0.00242,-1,-1,-1,0,0,0,136,1,1,0,0.0000000,0.0000000,0.0000000,0,0,0,0
755444068612250 D 322,855896339,1000,2821,2821,4.3273602,-0.05782,-1,-1,-1,0,0,0,136,1,1,0,0.0000000,0.0000000,0.0000000,0,0,0,0
755444069653833 D 323,855897339,1000,2822,2822,4.3288941,0.00460,-1,-1,-1,0,0,0,136,1,1,0,0.0000000,0.0000000,0.0000000,0,0,0,0
755444070641541 D 324,855898339,1000,2822,2822,4.3288941,0.00442,-1,-1,-1,0,0,0,136,1,1,0,0.0000000,0.0000000,0.0000000,0,0,0,0
755444071575500 D 325,855899339,1000,2822,2822,4.3288941,0.00424,-1,-1,-1,0,0,0,136,1,1,0,0.0000000,0.0000000,0.0000000,0,0,0,0
755444072674500 D 326,855900339,1000,2822,2822,4.3288941,0.00408,-1,-1,-1,0,0,0,136,1,1,0,0.0000000,0.0000000,0.0000000,0,0,0,0
755444073642541 D 327,855901339,1000,2822,2822,4.3288941,0.00392,-1,-1,-1,0,0,0,136,1,1,0,0.0000000,0.0000000,0.0000000,0,0,0,0
755444074992333 D 328,855902339,1000,2822,2822,4.3288941,0.00376,39,106,2076,0,0,0,136,1,1,0,0.0000000,0.0000000,0.0000000,0,0,0,0
755444075634083 D 329,855903339,1000,2822,2822,4.3288941,0.00361,-1,-1,-1,0,0,0,136,1,1,0,0.0000000,0.0000000,0.0000000,0,0,0,0
755444076617750 D 330,855904339,1000,2822,2822,4.3288941,0.00347,-1,-1,-1,0,0,0,136,1,1,0,0.0000000,0.0000000,0.0000000,0,0,0,0
755444077599333 D 331,855905339,1000,2822,2822,4.3288941,0.00334,-1,-1,-1,0,0,0,136,1,1,0,0.0000000,0.0000000,0.0000000,0,0,0,0
755444078634125 D 332,855906339,1000,2822,2822,4.3288941,0.00321,-1,-1,-1,0,0,0,136,1,1,0,0.0000000,0.0000000,0.0000000,0,0,0,0
755444079708208 D 333,855907339,1000,2821,2821,4.3273602,-0.05707,-1,-1,-1,0,0,0,136,1,1,0,0.0000000,0.0000000,0.0000000,0,0,0,0
755444080722541 D 334,855908339,1000,2821,2821,4.3273602,-0.05483,-1,-1,-1,0,0,0,136,1,1,0,0.0000000,0.0000000,0.0000000,0,0,0,0
755444081948375 D 335,855909339,1000,2822,2822,4.3288941,0.00747,-1,-1,-1,0,0,0,136,1,1,0,0.0000000,0.0000000,0.0000000,0,0,0,0
755444082615000 D 336,855910339,1000,2822,2822,4.3288941,0.00718,-1,-1,-1,0,0,0,136,1,1,0,0.0000000,0.0000000,0.0000000,0,0,0,0
755444083622500 D 337,855911339,1000,2822,2822,4.3288941,0.00689,-1,-1,-1,0,0,0,136,1,1,0,0.0000000,0.0000000,0.0000000,0,0,0,0
755444084621166 D 338,855912339,1000,2822,2822,4.3288941,0.00662,-1,-1,-1,0,0,0,136,1,1,0,0.0000000,0.0000000,0.0000000,0,0,0,0
755444085601000 D 339,855913339,1000,2822,2822,4.3288941,0.00636,-1,-1,-1,0,0,0,136,1,1,0,0.0000000,0.0000000,0.0000000,0,0,0,0
755444086614416 D 340,855914339,1000,2822,2822,4.3288941,0.00611,-1,-1,-1,0,0,0,136,1,1,0,0.0000000,0.0000000,0.0000000,0,0,0,0
755444087670666 D 341,855915339,1000,2822,2822,4.3288941,0.00587,-1,-1,-1,0,0,0,136,1,1,0,0.0000000,0.0000000,0.0000000,0,0,0,0
755444088650875 D 342,855916339,1000,2822,2822,4.3288941,0.00564,-1,-1,-1,0,0,0,136,1,1,0,0.0000000,0.0000000,0.0000000,0,0,0,0
755444089668875 D 343,855917339,1000,2822,2822,4.3288941,0.00542,-1,-1,-1,0,0,0,136,1,1,0,0.0000000,0.0000000,0.0000000,0,0,0,0
755444090722875 D 344,855918339,1000,2821,2821,4.3273602,-0.05494,-1,-1,-1,0,0,0,136,1,1,0,0.0000000,0.0000000,0.0000000,0,0,0,0
755444091657791 D 345,855919339,1000,2822,2822,4.3288941,0.00736,-1,-1,-1,0,0,0,136,1,1,0,0.0000000,0.0000000,0.0000000,0,0,0,0
755444092597416 D 346,855920339,1000,2822,2822,4.3288941,0.00708,-1,-1,-1,0,0,0,136,1,1,0,0.0000000,0.0000000,0.0000000,0,0,0,0
755444093617000 D 347,855921339,1000,2822,2822,4.3288941,0.00680,-1,-1,-1,0,0,0,136,1,1,0,0.0000000,0.0000000,0.0000000,0,0,0,0
755444094618166 D 348,855922339,1000,2822,2822,4.3288941,0.00653,-1,-1,-1,0,0,0,136,1,1,0,0.0000000,0.0000000,0.0000000,0,0,0,0
755444095623000 D 349,855923339,1000,2822,2822,4.3288941,0.00628,-1,-1,-1,0,0,0,135,1,1,0,0.0000000,0.0000000,0.0000000,0,0,0,0
755444096626583 D 350,855924339,1000,2822,2822,4.3288941,0.00603,-1,-1,-1,0,0,0,136,1,1,0,0.0000000,0.0000000,0.0000000,0,0,0,0
755444097626625 D 351,855925339,1000,2822,2822,4.3288941,0.00579,-1,-1,-1,0,0,0,136,1,1,0,0.0000000,0.0000000,0.0000000,0,0,0,0
755444098693916 D 352,855926339,1000,2822,2822,4.3288941,0.00557,-1,-1,-1,0,0,0,136,1,1,0,0.0000000,0.0000000,0.0000000,0,0,0,0
755444099651458 D 353,855927339,1000,2822,2822,4.3288941,0.00535,-1,-1,-1,0,0,0,136,1,1,0,0.0000000,0.0000000,0.0000000,0,0,0,0
755444100641708 D 354,855928339,1000,2822,2822,4.3288941,0.00514,-1,-1,-1,0,0,0,136,1,1,0,0.0000000,0.0000000,0.0000000,0,0,0,0
755444101626041 D 355,855929339,1000,2822,2822,4.3288941,0.00494,-1,-1,-1,0,0,0,136,1,1,0,0.0000000,0.0000000,0.0000000,0,0,0,0
755444102588041 D 356,855930339,1000,2822,2822,4.3288941,0.00474,-1,-1,-1,0,0,0,136,1,1,0,0.0000000,0.0000000,0.0000000,0,0,0,0
755444103705916 D 357,855931339,1000,2822,2822,4.3288941,0.00456,-1,-1,-1,0,0,0,136,1,1,0,0.0000000,0.0000000,0.0000000,0,0,0,0
755444104634583 D 358,855932339,1000,2822,2822,4.3288941,0.00438,-1,-1,-1,0,0,0,136,1,1,0,0.0000000,0.0000000,0.0000000,0,0,0,0
755444105624750 D 359,855933339,1000,2822,2822,4.3288941,0.00421,-1,-1,-1,0,0,0,136,1,1,0,0.0000000,0.0000000,0.0000000,0,0,0,0
755444106703041 D 360,855934339,1000,2822,2822,4.3288941,0.00404,-1,-1,-1,0,0,0,136,1,1,0,0.0000000,0.0000000,0.0000000,0,0,0,0
755444107608416 D 361,855935339,1000,2822,2822,4.3288941,0.00388,-1,-1,-1,0,0,0,136,1,1,0,0.0000000,0.0000000,0.0000000,0,0,0,0
755444108580458 D 362,855936339,1000,2822,2822,4.3288941,0.00373,-1,-1,-1,0,0,0,136,1,1,0,0.0000000,0.0000000,0.0000000,0,0,0,0
755444109631666 D 363,855937339,1000,2822,2822,4.3288941,0.00358,-1,-1,-1,0,0,0,136,1,1,0,0.0000000,0.0000000,0.0000000,0,0,0,0
755444110627875 D 364,855938339,1000,2822,2822,4.3288941,0.00344,-1,-1,-1,0,0,0,136,1,1,0,0.0000000,0.0000000,0.0000000,0,0,0,0
755444111593333 D 365,855939339,1000,2822,2822,4.3288941,0.00331,-1,-1,-1,0,0,0,136,1,1,0,0.0000000,0.0000000,0.0000000,0,0,0,0
755444112560916 D 366,855940339,1000,2822,2822,4.3288941,0.00318,-1,-1,-1,0,0,0,136,1,1,0,0.0000000,0.0000000,0.0000000,0,0,0,0
755444113563125 D 367,855941339,1000,2822,2822,4.3288941,0.00305,-1,-1,-1,0,0,0,136,1,1,0,0.0000000,0.0000000,0.0000000,0,0,0,0
755444114579791 D 368,855942339,1000,2822,2822,4.3288941,0.00293,-1,-1,-1,0,0,0,136,1,1,0,0.0000000,0.0000000,0.0000000,0,0,0,0
755444115546666 D 369,855943339,1000,2821,2821,4.3273602,-0.05733,-1,-1,-1,0,0,0,136,1,1,0,0.0000000,0.0000000,0.0000000,0,0,0,0
755444116533625 D 370,855944339,1000,2822,2822,4.3288941,0.00507,-1,-1,-1,0,0,0,136,1,1,0,0.0000000,0.0000000,0.0000000,0,0,0,0
755444117549583 D 371,855945339,1000,2822,2822,4.3288941,0.00487,-1,-1,-1,0,0,0,136,1,1,0,0.0000000,0.0000000,0.0000000,0,0,0,0
755444118548416 D 372,855946339,1000,2822,2822,4.3288941,0.00468,-1,-1,-1,0,0,0,136,1,1,0,0.0000000,0.0000000,0.0000000,0,0,0,0
755444119658250 D 373,855947339,1000,2822,2822,4.3288941,0.00449,-1,-1,-1,0,0,0,136,1,1,0,0.0000000,0.0000000,0.0000000,0,0,0,0
755444120590750 D 374,855948339,1000,2822,2822,4.3288941,0.00432,-1,-1,-1,0,0,0,136,1,1,0,0.0000000,0.0000000,0.0000000,0,0,0,0
755444121812458 D 375,855949339,1000,2822,2822,4.3288941,0.00415,-1,-1,-1,0,0,0,136,1,1,0,0.0000000,0.0000000,0.0000000,0,0,0,0
755444122759458 D 376,855950339,1000,2822,2822,4.3288941,0.00399,-1,-1,-1,0,0,0,136,1,1,0,0.0000000,0.0000000,0.0000000,0,0,0,0
755444123808708 D 377,855951339,1000,2822,2822,4.3288941,0.00383,-1,-1,-1,0,0,0,136,1,1,0,0.0000000,0.0000000,0.0000000,0,0,0,0
755444124985875 D 378,855952339,1000,2822,2822,4.3288941,0.00368,39,106,2075,0,0,0,136,1,1,0,0.0000000,0.0000000,0.0000000,0,0,0,0
755444125769083 D 379,855953339,1000,2822,2822,4.3288941,0.00354,-1,-1,-1,0,0,0,136,1,1,0,0.0000000,0.0000000,0.0000000,0,0,0,0
755444126583291 D 380,855954339,1000,2822,2822,4.3288941,0.00340,-1,-1,-1,0,0,0,136,1,1,0,0.0000000,0.0000000,0.0000000,0,0,0,0
755444127632291 D 381,855955339,1000,2822,2822,4.3288941,0.00326,-1,-1,-1,0,0,0,136,1,1,0,0.0000000,0.0000000,0.0000000,0,0,0,0
755444128604750 D 382,855956339,1000,2822,2822,4.3288941,0.00314,-1,-1,-1,0,0,0,136,1,1,0,0.0000000,0.0000000,0.0000000,0,0,0,0
755444129633416 D 383,855957339,1000,2821,2821,4.3273602,-0.05714,-1,-1,-1,0,0,0,136,1,1,0,0.0000000,0.0000000,0.0000000,0,0,0,0
755444130605583 D 384,855958339,1000,2822,2822,4.3288941,0.00525,-1,-1,-1,0,0,0,136,1,1,0,0.0000000,0.0000000,0.0000000,0,0,0,0
755444131634041 D 385,855959339,1000,2822,2822,4.3288941,0.00505,-1,-1,-1,0,0,0,136,1,1,0,0.0000000,0.0000000,0.0000000,0,0,0,0
755444132595375 D 386,855960339,1000,2822,2822,4.3288941,0.00485,-1,-1,-1,0,0,0,136,1,1,0,0.0000000,0.0000000,0.0000000,0,0,0,0
755444133713708 D 387,855961339,1000,2822,2822,4.3288941,0.00466,-1,-1,-1,0,0,0,136,1,1,0,0.0000000,0.0000000,0.0000000,0,0,0,0
755444134705833 D 388,855962339,1000,2822,2822,4.3288941,0.00448,-1,-1,-1,0,0,0,136,1,1,0,0.0000000,0.0000000,0.0000000,0,0,0,0
755444135630375 D 389,855963339,1000,2822,2822,4.3288941,0.00430,-1,-1,-1,0,0,0,136,1,1,0,0.0000000,0.0000000,0.0000000,0,0,0,0
755444136617333 D 390,855964339,1000,2822,2822,4.3288941,0.00413,-1,-1,-1,0,0,0,136,1,1,0,0.0000000,0.0000000,0.0000000,0,0,0,0
755444137616041 D 391,855965339,1000,2822,2822,4.3288941,0.00397,-1,-1,-1,0,0,0,136,1,1,0,0.0000000,0.0000000,0.0000000,0,0,0,0
755444138619583 D 392,855966339,1000,2821,2821,4.3273602,-0.05633,-1,-1,-1,0,0,0,136,1,1,0,0.0000000,0.0000000,0.0000000,0,0,0,0
755444139624416 D 393,855967339,1000,2822,2822,4.3288941,0.00602,-1,-1,-1,0,0,0,136,1,1,0,0.0000000,0.0000000,0.0000000,0,0,0,0
755444140608833 D 394,855968339,1000,2821,2821,4.3273602,-0.05436,-1,-1,-1,0,0,0,136,1,1,0,0.0000000,0.0000000,0.0000000,0,0,0,0
755444141601250 D 395,855969339,1000,2822,2822,4.3288941,0.00792,-1,-1,-1,0,0,0,136,1,1,0,0.0000000,0.0000000,0.0000000,0,0,0,0
755444142592791 D 396,855970339,1000,2822,2822,4.3288941,0.00761,-1,-1,-1,0,0,0,136,1,1,0,0.0000000,0.0000000,0.0000000,0,0,0,0
755444143649416 D 397,855971339,1000,2821,2821,4.3273602,-0.05284,-1,-1,-1,0,0,0,136,1,1,0,0.0000000,0.0000000,0.0000000,0,0,0,0
755444144614708 D 398,855972339,1000,2822,2822,4.3288941,0.00938,-1,-1,-1,0,0,0,136,1,1,0,0.0000000,0.0000000,0.0000000,0,0,0,0
755444145673041 D 399,855973339,1000,2822,2822,4.3288941,0.00901,-1,-1,-1,0,0,0,136,1,1,0,0.0000000,0.0000000,0.0000000,0,0,0,0
755444146558291 D 400,855974339,1000,2822,2822,4.3288941,0.00866,-1,-1,-1,0,0,0,136,1,1,0,0.0000000,0.0000000,0.0000000,0,0,0,0
755444147639291 D 401,855975339,1000,2822,2822,4.3288941,0.00832,-1,-1,-1,0,0,0,136,1,1,0,0.0000000,0.0000000,0.0000000,0,0,0,0
755444148624500 D 402,855976339,1000,2821,2821,4.3273602,-0.05215,-1,-1,-1,0,0,0,136,1,1,0,0.0000000,0.0000000,0.0000000,0,0,0,0
755444149626208 D 403,855977339,1000,2822,2822,4.3288941,0.01004,-1,-1,-1,0,0,0,136,1,1,0,0.0000000,0.0000000,0.0000000,0,0,0,0
755444150669500 D 404,855978339,1000,2822,2822,4.3288941,0.00965,-1,-1,-1,0,0,0,136,1,1,0,0.0000000,0.0000000,0.0000000,0,0,0,0
755444151687625 D 405,855979339,1000,2822,2822,4.3288941,0.00927,-1,-1,-1,0,0,0,136,1,1,0,0.0000000,0.0000000,0.0000000,0,0,0,0
755444152622375 D 406,855980339,1000,2822,2822,4.3288941,0.00890,-1,-1,-1,0,0,0,136,1,1,0,0.0000000,0.0000000,0.0000000,0,0,0,0
755444153636000 D 407,855981339,1000,2822,2822,4.3288941,0.00856,-1,-1,-1,0,0,0,136,1,1,0,0.0000000,0.0000000,0.0000000,0,0,0,0
755444154603583 D 408,855982339,1000,2822,2822,4.3288941,0.00822,-1,-1,-1,0,0,0,136,1,1,0,0.0000000,0.0000000,0.0000000,0,0,0,0
755444155649875 D 409,855983339,1000,2821,2821,4.3273602,-0.05225,-1,-1,-1,0,0,0,136,1,1,0,0.0000000,0.0000000,0.0000000,0,0,0,0
755444156575958 D 410,855984339,1000,2822,2822,4.3288941,0.00995,-1,-1,-1,0,0,0,136,1,1,0,0.0000000,0.0000000,0.0000000,0,0,0,0
755444157609208 D 411,855985339,1000,2822,2822,4.3288941,0.00956,-1,-1,-1,0,0,0,136,1,1,0,0.0000000,0.0000000,0.0000000,0,0,0,0
755444158590333 D 412,855986339,1000,2822,2822,4.3288941,0.00918,-1,-1,-1,0,0,0,136,1,1,0,0.0000000,0.0000000,0.0000000,0,0,0,0
755444159579875 D 413,855987339,1000,2822,2822,4.3288941,0.00882,-1,-1,-1,0,0,0,136,1,1,0,0.0000000,0.0000000,0.0000000,0,0,0,0
755444160848833 D 414,855988339,1000,2821,2821,4.3273602,-0.05167,-1,-1,-1,0,0,0,136,1,1,0,0.0000000,0.0000000,0.0000000,0,0,0,0
755444161888500 D 415,855989339,1000,2822,2822,4.3288941,0.01050,-1,-1,-1,0,0,0,136,1,1,0,0.0000000,0.0000000,0.0000000,0,0,0,0
755444162891833 D 416,855990339,1000,2822,2822,4.3288941,0.01009,-1,-1,-1,0,0,0,136,1,1,0,0.0000000,0.0000000,0.0000000,0,0,0,0
755444163691541 D 417,855991339,1000,2822,2822,4.3288941,0.00969,-1,-1,-1,0,0,0,136,1,1,0,0.0000000,0.0000000,0.0000000,0,0,0,0
755444164551833 D 418,855992339,1000,2822,2822,4.3288941,0.00931,-1,-1,-1,0,0,0,136,1,1,0,0.0000000,0.0000000,0.0000000,0,0,0,0
755444165530791 D 419,855993339,1000,2822,2822,4.3288941,0.00895,-1,-1,-1,0,0,0,136,1,1,0,0.0000000,0.0000000,0.0000000,0,0,0,0
755444166595250 D 420,855994339,1000,2822,2822,4.3288941,0.00860,-1,-1,-1,0,0,0,136,1,1,0,0.0000000,0.0000000,0.0000000,0,0,0,0
755444167549375 D 421,855995339,1000,2822,2822,4.3288941,0.00826,-1,-1,-1,0,0,0,136,1,1,0,0.0000000,0.0000000,0.0000000,0,0,0,0
755444168541666 D 422,855996339,1000,2822,2822,4.3288941,0.00794,-1,-1,-1,0,0,0,136,1,1,0,0.0000000,0.0000000,0.0000000,0,0,0,0
755444169526416 D 423,855997339,1000,2822,2822,4.3288941,0.00763,-1,-1,-1,0,0,0,136,1,1,0,0.0000000,0.0000000,0.0000000,0,0,0,0
755444170527291 D 424,855998339,1000,2822,2822,4.3288941,0.00733,-1,-1,-1,0,0,0,136,1,1,0,0.0000000,0.0000000,0.0000000,0,0,0,0
755444171542708 D 425,855999339,1000,2822,2822,4.3288941,0.00704,-1,-1,-1,0,0,0,136,1,1,0,0.0000000,0.0000000,0.0000000,0,0,0,0
755444172534750 D 426,856000339,1000,2822,2822,4.3288941,0.00676,-1,-1,-1,0,0,0,136,1,1,0,0.0000000,0.0000000,0.0000000,0,0,0,0
755444173558458 D 427,856001339,1000,2822,2822,4.3288941,0.00650,-1,-1,-1,0,0,0,136,1,1,0,0.0000000,0.0000000,0.0000000,0,0,0,0
755444174930125 D 428,856002339,1000,2822,2822,4.3288941,0.00624,39,106,2076,0,0,0,136,1,1,0,0.0000000,0.0000000,0.0000000,0,0,0,0
755444175540916 D 429,856003339,1000,2822,2822,4.3288941,0.00600,-1,-1,-1,0,0,0,136,1,1,0,0.0000000,0.0000000,0.0000000,0,0,0,0
755444176520500 D 430,856004339,1000,2822,2822,4.3288941,0.00576,-1,-1,-1,0,0,0,136,1,1,0,0.0000000,0.0000000,0.0000000,0,0,0,0
755444177517666 D 431,856005339,1000,2822,2822,4.3288941,0.00554,-1,-1,-1,0,0,0,136,1,1,0,0.0000000,0.0000000,0.0000000,0,0,0,0
755444178519625 D 432,856006339,1000,2821,2821,4.3273602,-0.05483,-1,-1,-1,0,0,0,136,1,1,0,0.0000000,0.0000000,0.0000000,0,0,0,0
755444179512625 D 433,856007339,1000,2821,2821,4.3273602,-0.05268,-1,-1,-1,0,0,0,136,1,1,0,0.0000000,0.0000000,0.0000000,0,0,0,0
755444180509375 D 434,856008339,1000,2822,2822,4.3288941,0.00954,-1,-1,-1,0,0,0,136,1,1,0,0.0000000,0.0000000,0.0000000,0,0,0,0
755444181584500 D 435,856009339,1000,2822,2822,4.3288941,0.00916,-1,-1,-1,0,0,0,136,1,1,0,0.0000000,0.0000000,0.0000000,0,0,0,0
755444182531875 D 436,856010339,1000,2822,2822,4.3288941,0.00880,-1,-1,-1,0,0,0,136,1,1,0,0.0000000,0.0000000,0.0000000,0,0,0,0
755444183514541 D 437,856011339,1000,2822,2822,4.3288941,0.00846,-1,-1,-1,0,0,0,136,1,1,0,0.0000000,0.0000000,0.0000000,0,0,0,0
755444184517208 D 438,856012339,1000,2822,2822,4.3288941,0.00813,-1,-1,-1,0,0,0,136,1,1,0,0.0000000,0.0000000,0.0000000,0,0,0,0
755444185506958 D 439,856013339,1000,2822,2822,4.3288941,0.00781,-1,-1,-1,0,0,0,136,1,1,0,0.0000000,0.0000000,0.0000000,0,0,0,0
755444186521416 D 440,856014339,1000,2821,2821,4.3273602,-0.05265,-1,-1,-1,0,0,0,136,1,1,0,0.0000000,0.0000000,0.0000000,0,0,0,0
755444187552125 D 441,856015339,1000,2822,2822,4.3288941,0.00957,-1,-1,-1,0,0,0,136,1,1,0,0.0000000,0.0000000,0.0000000,0,0,0,0
755444188519125 D 442,856016339,1000,2821,2821,4.3273602,-0.05096,-1,-1,-1,0,0,0,136,1,1,0,0.0000000,0.0000000,0.0000000,0,0,0,0
755444189500541 D 443,856017339,1000,2822,2822,4.3288941,0.01119,-1,-1,-1,0,0,0,136,1,1,0,0.0000000,0.0000000,0.0000000,0,0,0,0
755444190505208 D 444,856018339,1000,2822,2822,4.3288941,0.01075,-1,-1,-1,0,0,0,136,1,1,0,0.0000000,0.0000000,0.0000000,0,0,0,0
755444191505041 D 445,856019339,1000,2822,2822,4.3288941,0.01033,-1,-1,-1,0,0,0,136,1,1,0,0.0000000,0.0000000,0.0000000,0,0,0,0
755444192787750 D 446,856020339,1000,2822,2822,4.3288941,0.00992,-1,-1,-1,0,0,0,136,1,1,0,0.0000000,0.0000000,0.0000000,0,0,0,0
755444193783166 D 447,856021339,1000,2821,2821,4.3273602,-0.05061,-1,-1,-1,0,0,0,136,1,1,0,0.0000000,0.0000000,0.0000000,0,0,0,0
755444194756375 D 448,856022339,1000,2822,2822,4.3288941,0.01152,-1,-1,-1,0,0,0,136,1,1,0,0.0000000,0.0000000,0.0000000,0,0,0,0
755444195512458 D 449,856023339,1000,2822,2822,4.3288941,0.01107,-1,-1,-1,0,0,0,136,1,1,0,0.0000000,0.0000000,0.0000000,0,0,0,0
755444196522458 D 450,856024339,1000,2821,2821,4.3273602,-0.04952,-1,-1,-1,0,0,0,136,1,1,0,0.0000000,0.0000000,0.0000000,0,0,0,0
755444197529083 D 451,856025339,1000,2822,2822,4.3288941,0.01257,-1,-1,-1,0,0,0,136,1,1,0,0.0000000,0.0000000,0.0000000,0,0,0,0
755444198524916 D 452,856026339,1000,2822,2822,4.3288941,0.01208,-1,-1,-1,0,0,0,136,1,1,0,0.0000000,0.0000000,0.0000000,0,0,0,0
755444199506041 D 453,856027339,1000,2822,2822,4.3288941,0.01161,-1,-1,-1,0,0,0,136,1,1,0,0.0000000,0.0000000,0.0000000,0,0,0,0
755444200502291 D 454,856028339,1000,2822,2822,4.3288941,0.01115,-1,-1,-1,0,0,0,136,1,1,0,0.0000000,0.0000000,0.0000000,0,0,0,0
755444201512041 D 455,856029339,1000,2822,2822,4.3288941,0.01072,-1,-1,-1,0,0,0,136,1,1,0,0.0000000,0.0000000,0.0000000,0,0,0,0
755444202518875 D 456,856030339,1000,2822,2822,4.3288941,0.01030,-1,-1,-1,0,0,0,136,1,1,0,0.0000000,0.0000000,0.0000000,0,0,0,0
755444203545000 D 457,856031339,1000,2821,2821,4.3273602,-0.05026,-1,-1,-1,0,0,0,136,1,1,0,0.0000000,0.0000000,0.0000000,0,0,0,0
755444204536500 D 458,856032339,1000,2821,2821,4.3273602,-0.04829,-1,-1,-1,0,0,0,136,1,1,0,0.0000000,0.0000000,0.0000000,0,0,0,0
755444205534791 D 459,856033339,1000,2822,2822,4.3288941,0.01376,-1,-1,-1,0,0,0,136,1,1,0,0.0000000,0.0000000,0.0000000,0,0,0,0
755444206563333 D 460,856034339,1000,2821,2821,4.3273602,-0.04693,-1,-1,-1,0,0,0,136,1,1,0,0.0000000,0.0000000,0.0000000,0,0,0,0
755444207545375 D 461,856035339,1000,2821,2821,4.3273602,-0.04509,-1,-1,-1,0,0,0,136,1,1,0,0.0000000,0.0000000,0.0000000,0,0,0,0
755444208553833 D 462,856036339,1000,2822,2822,4.3288941,0.01682,-1,-1,-1,0,0,0,136,1,1,0,0.0000000,0.0000000,0.0000000,0,0,0,0
755444209565416 D 463,856037339,1000,2821,2821,4.3273602,-0.04398,-1,-1,-1,0,0,0,136,1,1,0,0.0000000,0.0000000,0.0000000,0,0,0,0
755444210553041 D 464,856038339,1000,2822,2822,4.3288941,0.01789,-1,-1,-1,0,0,0,136,1,1,0,0.0000000,0.0000000,0.0000000,0,0,0,0
755444211549000 D 465,856039339,1000,2822,2822,4.3288941,0.01719,-1,-1,-1,0,0,0,136,1,1,0,0.0000000,0.0000000,0.0000000,0,0,0,0
755444212573916 D 466,856040339,1000,2822,2822,4.3288941,0.01651,-1,-1,-1,0,0,0,136,1,1,0,0.0000000,0.0000000,0.0000000,0,0,0,0
755444213601083 D 467,856041339,1000,2822,2822,4.3288941,0.01587,-1,-1,-1,0,0,0,136,1,1,0,0.0000000,0.0000000,0.0000000,0,0,0,0
755444214572208 D 468,856042339,1000,2822,2822,4.3288941,0.01524,-1,-1,-1,0,0,0,136,1,1,0,0.0000000,0.0000000,0.0000000,0,0,0,0
755444215533083 D 469,856043339,1000,2822,2822,4.3288941,0.01465,-1,-1,-1,0,0,0,136,1,1,0,0.0000000,0.0000000,0.0000000,0,0,0,0
755444216535625 D 470,856044339,1000,2821,2821,4.3273602,-0.04608,-1,-1,-1,0,0,0,136,1,1,0,0.0000000,0.0000000,0.0000000,0,0,0,0
755444217535583 D 471,856045339,1000,2822,2822,4.3288941,0.01588,-1,-1,-1,0,0,0,136,1,1,0,0.0000000,0.0000000,0.0000000,0,0,0,0
755444218524458 D 472,856046339,1000,2822,2822,4.3288941,0.01526,-1,-1,-1,0,0,0,136,1,1,0,0.0000000,0.0000000,0.0000000,0,0,0,0
755444219536041 D 473,856047339,1000,2822,2822,4.3288941,0.01466,-1,-1,-1,0,0,0,136,1,1,0,0.0000000,0.0000000,0.0000000,0,0,0,0
755444220521166 D 474,856048339,1000,2821,2821,4.3273602,-0.04606,-1,-1,-1,0,0,0,136,1,1,0,0.0000000,0.0000000,0.0000000,0,0,0,0
755444221525541 D 475,856049339,1000,2822,2822,4.3288941,0.01589,-1,-1,-1,0,0,0,136,1,1,0,0.0000000,0.0000000,0.0000000,0,0,0,0
755444222532208 D 476,856050339,1000,2822,2822,4.3288941,0.01527,-1,-1,-1,0,0,0,136,1,1,0,0.0000000,0.0000000,0.0000000,0,0,0,0
755444223523416 D 477,856051339,1000,2821,2821,4.3273602,-0.04548,-1,-1,-1,0,0,0,136,1,1,0,0.0000000,0.0000000,0.0000000,0,0,0,0
755444225082041 D 478,856052339,1000,2822,2822,4.3288941,0.01645,39,106,2076,0,0,0,136,1,1,0,0.0000000,0.0000000,0.0000000,0,0,0,0
755444225917666 D 479,856053339,1000,2822,2822,4.3288941,0.01581,-1,-1,-1,0,0,0,136,1,1,0,0.0000000,0.0000000,0.0000000,0,0,0,0
755444226656083 D 480,856054339,1000,2822,2822,4.3288941,0.01519,-1,-1,-1,0,0,0,136,1,1,0,0.0000000,0.0000000,0.0000000,0,0,0,0
755444227518875 D 481,856055339,1000,2822,2822,4.3288941,0.01459,-1,-1,-1,0,0,0,136,1,1,0,0.0000000,0.0000000,0.0000000,0,0,0,0
755444228523291 D 482,856056339,1000,2821,2821,4.3273602,-0.04613,-1,-1,-1,0,0,0,136,1,1,0,0.0000000,0.0000000,0.0000000,0,0,0,0
755444229530000 D 483,856057339,1000,2822,2822,4.3288941,0.01583,-1,-1,-1,0,0,0,136,1,1,0,0.0000000,0.0000000,0.0000000,0,0,0,0
755444230520166 D 484,856058339,1000,2822,2822,4.3288941,0.01521,-1,-1,-1,0,0,0,136,1,1,0,0.0000000,0.0000000,0.0000000,0,0,0,0
755444231508458 D 485,856059339,1000,2822,2822,4.3288941,0.01461,-1,-1,-1,0,0,0,136,1,1,0,0.0000000,0.0000000,0.0000000,0,0,0,0
755444232510125 D 486,856060339,1000,2821,2821,4.3273602,-0.04611,-1,-1,-1,0,0,0,136,1,1,0,0.0000000,0.0000000,0.0000000,0,0,0,0
755444233517916 D 487,856061339,1000,2822,2822,4.3288941,0.01585,-1,-1,-1,0,0,0,136,1,1,0,0.0000000,0.0000000,0.0000000,0,0,0,0
755444234531666 D 488,856062339,1000,2822,2822,4.3288941,0.01522,-1,-1,-1,0,0,0,136,1,1,0,0.0000000,0.0000000,0.0000000,0,0,0,0
755444235508125 D 489,856063339,1000,2822,2822,4.3288941,0.01463,-1,-1,-1,0,0,0,136,1,1,0,0.0000000,0.0000000,0.0000000,0,0,0,0
755444236547583 D 490,856064339,1000,2821,2821,4.3273602,-0.04609,-1,-1,-1,0,0,0,136,1,1,0,0.0000000,0.0000000,0.0000000,0,0,0,0
755444237526958 D 491,856065339,1000,2822,2822,4.3288941,0.01586,-1,-1,-1,0,0,0,136,1,1,0,0.0000000,0.0000000,0.0000000,0,0,0,0
755444238533166 D 492,856066339,1000,2822,2822,4.3288941,0.01524,-1,-1,-1,0,0,0,136,1,1,0,0.0000000,0.0000000,0.0000000,0,0,0,0
755444239520666 D 493,856067339,1000,2821,2821,4.3273602,-0.04551,-1,-1,-1,0,0,0,136,1,1,0,0.0000000,0.0000000,0.0000000,0,0,0,0
755444240551041 D 494,856068339,1000,2822,2822,4.3288941,0.01643,-1,-1,-1,0,0,0,136,1,1,0,0.0000000,0.0000000,0.0000000,0,0,0,0
755444241538250 D 495,856069339,1000,2822,2822,4.3288941,0.01578,-1,-1,-1,0,0,0,136,1,1,0,0.0000000,0.0000000,0.0000000,0,0,0,0
755444242523041 D 496,856070339,1000,2821,2821,4.3273602,-0.04498,-1,-1,-1,0,0,0,136,1,1,0,0.0000000,0.0000000,0.0000000,0,0,0,0
755444243559041 D 497,856071339,1000,2822,2822,4.3288941,0.01693,-1,-1,-1,0,0,0,136,1,1,0,0.0000000,0.0000000,0.0000000,0,0,0,0
755444244554333 D 498,856072339,1000,2822,2822,4.3288941,0.01626,-1,-1,-1,0,0,0,136,1,1,0,0.0000000,0.0000000,0.0000000,0,0,0,0
755444245518666 D 499,856073339,1000,2821,2821,4.3273602,-0.04452,-1,-1,-1,0,0,0,136,1,1,0,0.0000000,0.0000000,0.0000000,0,0,0,0
755444246501333 D 500,856074339,1000,2822,2822,4.3288941,0.01737,-1,-1,-1,0,0,0,136,1,1,0,0.0000000,0.0000000,0.0000000,0,0,0,0
755444247514500 D 501,856075339,1000,2822,2822,4.3288941,0.01669,-1,-1,-1,0,0,0,136,1,1,0,0.0000000,0.0000000,0.0000000,0,0,0,0
755444248526500 D 502,856076339,1000,2822,2822,4.3288941,0.01604,-1,-1,-1,0,0,0,136,1,1,0,0.0000000,0.0000000,0.0000000,0,0,0,0
755444249510291 D 503,856077339,1000,2822,2822,4.3288941,0.01541,-1,-1,-1,0,0,0,135,1,1,0,0.0000000,0.0000000,0.0000000,0,0,0,0
755444250530875 D 504,856078339,1000,2822,2822,4.3288941,0.01480,-1,-1,-1,0,0,0,136,1,1,0,0.0000000,0.0000000,0.0000000,0,0,0,0
755444251754541 D 505,856079339,1000,2822,2822,4.3288941,0.01422,-1,-1,-1,0,0,0,136,1,1,0,0.0000000,0.0000000,0.0000000,0,0,0,0
755444252731250 D 506,856080339,1000,2822,2822,4.3288941,0.01366,-1,-1,-1,0,0,0,136,1,1,0,0.0000000,0.0000000,0.0000000,0,0,0,0
755444253738041 D 507,856081339,1000,2822,2822,4.3288941,0.01313,-1,-1,-1,0,0,0,136,1,1,0,0.0000000,0.0000000,0.0000000,0,0,0,0
755444254776166 D 508,856082339,1000,2822,2822,4.3288941,0.01261,-1,-1,-1,0,0,0,136,1,1,0,0.0000000,0.0000000,0.0000000,0,0,0,0
755444255763750 D 509,856083339,1000,2822,2822,4.3288941,0.01212,-1,-1,-1,0,0,0,136,1,1,0,0.0000000,0.0000000,0.0000000,0,0,0,0
755444256583583 D 510,856084339,1000,2822,2822,4.3288941,0.01164,-1,-1,-1,0,0,0,135,1,1,0,0.0000000,0.0000000,0.0000000,0,0,0,0
755444257523500 D 511,856085339,1000,2822,2822,4.3288941,0.01119,-1,-1,-1,0,0,0,136,1,1,0,0.0000000,0.0000000,0.0000000,0,0,0,0
755444258523916 D 512,856086339,1000,2821,2821,4.3273602,-0.04940,-1,-1,-1,0,0,0,136,1,1,0,0.0000000,0.0000000,0.0000000,0,0,0,0
755444259511333 D 513,856087339,1000,2822,2822,4.3288941,0.01269,-1,-1,-1,0,0,0,136,1,1,0,0.0000000,0.0000000,0.0000000,0,0,0,0
755444260553500 D 514,856088339,1000,2822,2822,4.3288941,0.01219,-1,-1,-1,0,0,0,136,1,1,0,0.0000000,0.0000000,0.0000000,0,0,0,0
755444261565708 D 515,856089339,1000,2822,2822,4.3288941,0.01171,-1,-1,-1,0,0,0,136,1,1,0,0.0000000,0.0000000,0.0000000,0,0,0,0
755444262570125 D 516,856090339,1000,2822,2822,4.3288941,0.01125,-1,-1,-1,0,0,0,136,1,1,0,0.0000000,0.0000000,0.0000000,0,0,0,0
755444263578791 D 517,856091339,1000,2822,2822,4.3288941,0.01081,-1,-1,-1,0,0,0,136,1,1,0,0.0000000,0.0000000,0.0000000,0,0,0,0
755444264542666 D 518,856092339,1000,2822,2822,4.3288941,0.01039,-1,-1,-1,0,0,0,136,1,1,0,0.0000000,0.0000000,0.0000000,0,0,0,0
755444265555666 D 519,856093339,1000,2822,2822,4.3288941,0.00998,-1,-1,-1,0,0,0,136,1,1,0,0.0000000,0.0000000,0.0000000,0,0,0,0
755444266524041 D 520,856094339,1000,2821,2821,4.3273602,-0.05056,-1,-1,-1,0,0,0,136,1,1,0,0.0000000,0.0000000,0.0000000,0,0,0,0
755444267519458 D 521,856095339,1000,2821,2821,4.3273602,-0.04858,-1,-1,-1,0,0,0,136,1,1,0,0.0000000,0.0000000,0.0000000,0,0,0,0
755444268503833 D 522,856096339,1000,2822,2822,4.3288941,0.01348,-1,-1,-1,0,0,0,136,1,1,0,0.0000000,0.0000000,0.0000000,0,0,0,0
755444269571541 D 523,856097339,1000,2822,2822,4.3288941,0.01295,-1,-1,-1,0,0,0,136,1,1,0,0.0000000,0.0000000,0.0000000,0,0,0,0
755444270502208 D 524,856098339,1000,2822,2822,4.3288941,0.01244,-1,-1,-1,0,0,0,136,1,1,0,0.0000000,0.0000000,0.0000000,0,0,0,0
755444271511583 D 525,856099339,1000,2822,2822,4.3288941,0.01195,-1,-1,-1,0,0,0,136,1,1,0,0.0000000,0.0000000,0.0000000,0,0,0,0
755444272560416 D 526,856100339,1000,2822,2822,4.3288941,0.01148,-1,-1,-1,0,0,0,136,1,1,0,0.0000000,0.0000000,0.0000000,0,0,0,0
755444273567083 D 527,856101339,1000,2822,2822,4.3288941,0.01103,-1,-1,-1,0,0,0,136,1,1,0,0.0000000,0.0000000,0.0000000,0,0,0,0
755444275001750 D 528,856102339,1000,2822,2822,4.3288941,0.01060,39,106,2076,0,0,0,136,1,1,0,0.0000000,0.0000000,0.0000000,0,0,0,0
755444275630083 D 529,856103339,1000,2822,2822,4.3288941,0.01018,-1,-1,-1,0,0,0,136,1,1,0,0.0000000,0.0000000,0.0000000,0,0,0,0
755444276531166 D 530,856104339,1000,2822,2822,4.3288941,0.00979,-1,-1,-1,0,0,0,136,1,1,0,0.0000000,0.0000000,0.0000000,0,0,0,0
755444277531333 D 531,856105339,1000,2822,2822,4.3288941,0.00940,-1,-1,-1,0,0,0,136,1,1,0,0.0000000,0.0000000,0.0000000,0,0,0,0
755444278507541 D 532,856106339,1000,2822,2822,4.3288941,0.00903,-1,-1,-1,0,0,0,136,1,1,0,0.0000000,0.0000000,0.0000000,0,0,0,0
755444279502333 D 533,856107339,1000,2822,2822,4.3288941,0.00868,-1,-1,-1,0,0,0,136,1,1,0,0.0000000,0.0000000,0.0000000,0,0,0,0
755444280515458 D 534,856108339,1000,2822,2822,4.3288941,0.00834,-1,-1,-1,0,0,0,136,1,1,0,0.0000000,0.0000000,0.0000000,0,0,0,0
755444281514625 D 535,856109339,1000,2821,2821,4.3273602,-0.05214,-1,-1,-1,0,0,0,136,1,1,0,0.0000000,0.0000000,0.0000000,0,0,0,0
755444282517916 D 536,856110339,1000,2822,2822,4.3288941,0.01006,-1,-1,-1,0,0,0,136,1,1,0,0.0000000,0.0000000,0.0000000,0,0,0,0
755444283890333 D 537,856111339,1000,2821,2821,4.3273602,-0.05049,-1,-1,-1,0,0,0,136,1,1,0,0.0000000,0.0000000,0.0000000,0,0,0,0
755444284575833 D 538,856112339,1000,2822,2822,4.3288941,0.01164,-1,-1,-1,0,0,0,136,1,1,0,0.0000000,0.0000000,0.0000000,0,0,0,0
755444285606416 D 539,856113339,1000,2822,2822,4.3288941,0.01118,-1,-1,-1,0,0,0,136,1,1,0,0.0000000,0.0000000,0.0000000,0,0,0,0
755444286514583 D 540,856114339,1000,2822,2822,4.3288941,0.01075,-1,-1,-1,0,0,0,136,1,1,0,0.0000000,0.0000000,0.0000000,0,0,0,0
755444287748375 D 541,856115339,1000,2822,2822,4.3288941,0.01032,-1,-1,-1,0,0,0,136,1,1,0,0.0000000,0.0000000,0.0000000,0,0,0,0
755444288723541 D 542,856116339,1000,2821,2821,4.3273602,-0.05023,-1,-1,-1,0,0,0,136,1,1,0,0.0000000,0.0000000,0.0000000,0,0,0,0
755444289723666 D 543,856117339,1000,2822,2822,4.3288941,0.01189,-1,-1,-1,0,0,0,136,1,1,0,0.0000000,0.0000000,0.0000000,0,0,0,0
755444290509375 D 544,856118339,1000,2822,2822,4.3288941,0.01142,-1,-1,-1,0,0,0,136,1,1,0,0.0000000,0.0000000,0.0000000,0,0,0,0
755444291504833 D 545,856119339,1000,2822,2822,4.3288941,0.01098,-1,-1,-1,0,0,0,136,1,1,0,0.0000000,0.0000000,0.0000000,0,0,0,0
755444292530875 D 546,856120339,1000,2822,2822,4.3288941,0.01054,-1,-1,-1,0,0,0,136,1,1,0,0.0000000,0.0000000,0.0000000,0,0,0,0
755444293500166 D 547,856121339,1000,2822,2822,4.3288941,0.01013,-1,-1,-1,0,0,0,136,1,1,0,0.0000000,0.0000000,0.0000000,0,0,0,0
755444294507125 D 548,856122339,1000,2822,2822,4.3288941,0.00973,-1,-1,-1,0,0,0,136,1,1,0,0.0000000,0.0000000,0.0000000,0,0,0,0
755444295501416 D 549,856123339,1000,2822,2822,4.3288941,0.00935,-1,-1,-1,0,0,0,136,1,1,0,0.0000000,0.0000000,0.0000000,0,0,0,0
755444296514333 D 550,856124339,1000,2822,2822,4.3288941,0.00899,-1,-1,-1,0,0,0,136,1,1,0,0.0000000,0.0000000,0.0000000,0,0,0,0
755444297496541 D 551,856125339,1000,2822,2822,4.3288941,0.00863,-1,-1,-1,0,0,0,136,1,1,0,0.0000000,0.0000000,0.0000000,0,0,0,0
755444298502666 D 552,856126339,1000,2822,2822,4.3288941,0.00829,-1,-1,-1,0,0,0,136,1,1,0,0.0000000,0.0000000,0.0000000,0,0,0,0
755444299510208 D 553,856127339,1000,2822,2822,4.3288941,0.00797,-1,-1,-1,0,0,0,136,1,1,0,0.0000000,0.0000000,0.0000000,0,0,0,0
755444300525208 D 554,856128339,1000,2822,2822,4.3288941,0.00766,-1,-1,-1,0,0,0,136,1,1,0,0.0000000,0.0000000,0.0000000,0,0,0,0
755444301789416 D 555,856129339,1000,2822,2822,4.3288941,0.00736,-1,-1,-1,0,0,0,136,1,1,0,0.0000000,0.0000000,0.0000000,0,0,0,0
755444302735416 D 556,856130339,1000,2821,2821,4.3273602,-0.05308,-1,-1,-1,0,0,0,136,1,1,0,0.0000000,0.0000000,0.0000000,0,0,0,0
755444303750250 D 557,856131339,1000,2822,2822,4.3288941,0.00915,-1,-1,-1,0,0,0,136,1,1,0,0.0000000,0.0000000,0.0000000,0,0,0,0
755444304711000 D 558,856132339,1000,2822,2822,4.3288941,0.00879,-1,-1,-1,0,0,0,136,1,1,0,0.0000000,0.0000000,0.0000000,0,0,0,0
755444305721541 D 559,856133339,1000,2822,2822,4.3288941,0.00845,-1,-1,-1,0,0,0,135,1,1,0,0.0000000,0.0000000,0.0000000,0,0,0,0
755444306754000 D 560,856134339,1000,2822,2822,4.3288941,0.00812,-1,-1,-1,0,0,0,136,1,1,0,0.0000000,0.0000000,0.0000000,0,0,0,0
755444307774416 D 561,856135339,1000,2822,2822,4.3288941,0.00780,-1,-1,-1,0,0,0,136,1,1,0,0.0000000,0.0000000,0.0000000,0,0,0,0
755444308778000 D 562,856136339,1000,2821,2821,4.3273602,-0.05266,-1,-1,-1,0,0,0,136,1,1,0,0.0000000,0.0000000,0.0000000,0,0,0,0
755444309696291 D 563,856137339,1000,2821,2821,4.3273602,-0.05059,-1,-1,-1,0,0,0,136,1,1,0,0.0000000,0.0000000,0.0000000,0,0,0,0
755444310542541 D 564,856138339,1000,2822,2822,4.3288941,0.01154,-1,-1,-1,0,0,0,136,1,1,0,0.0000000,0.0000000,0.0000000,0,0,0,0
755444311557250 D 565,856139339,1000,2822,2822,4.3288941,0.01109,-1,-1,-1,0,0,0,136,1,1,0,0.0000000,0.0000000,0.0000000,0,0,0,0
755444312529666 D 566,856140339,1000,2822,2822,4.3288941,0.01065,-1,-1,-1,0,0,0,136,1,1,0,0.0000000,0.0000000,0.0000000,0,0,0,0
755444313537458 D 567,856141339,1000,2822,2822,4.3288941,0.01023,-1,-1,-1,0,0,0,136,1,1,0,0.0000000,0.0000000,0.0000000,0,0,0,0
755444314534833 D 568,856142339,1000,2822,2822,4.3288941,0.00983,-1,-1,-1,0,0,0,136,1,1,0,0.0000000,0.0000000,0.0000000,0,0,0,0
755444315533416 D 569,856143339,1000,2822,2822,4.3288941,0.00945,-1,-1,-1,0,0,0,136,1,1,0,0.0000000,0.0000000,0.0000000,0,0,0,0
755444316512958 D 570,856144339,1000,2822,2822,4.3288941,0.00908,-1,-1,-1,0,0,0,136,1,1,0,0.0000000,0.0000000,0.0000000,0,0,0,0
755444317519833 D 571,856145339,1000,2822,2822,4.3288941,0.00872,-1,-1,-1,0,0,0,136,1,1,0,0.0000000,0.0000000,0.0000000,0,0,0,0
755444318505541 D 572,856146339,1000,2822,2822,4.3288941,0.00838,-1,-1,-1,0,0,0,136,1,1,0,0.0000000,0.0000000,0.0000000,0,0,0,0
755444319515166 D 573,856147339,1000,2822,2822,4.3288941,0.00805,-1,-1,-1,0,0,0,136,1,1,0,0.0000000,0.0000000,0.0000000,0,0,0,0
755444320513166 D 574,856148339,1000,2822,2822,4.3288941,0.00774,-1,-1,-1,0,0,0,136,1,1,0,0.0000000,0.0000000,0.0000000,0,0,0,0
755444321513666 D 575,856149339,1000,2821,2821,4.3273602,-0.05272,-1,-1,-1,0,0,0,136,1,1,0,0.0000000,0.0000000,0.0000000,0,0,0,0
755444322509500 D 576,856150339,1000,2822,2822,4.3288941,0.00950,-1,-1,-1,0,0,0,136,1,1,0,0.0000000,0.0000000,0.0000000,0,0,0,0
755444323530375 D 577,856151339,1000,2822,2822,4.3288941,0.00913,-1,-1,-1,0,0,0,136,1,1,0,0.0000000,0.0000000,0.0000000,0,0,0,0
755444324941708 D 578,856152339,1000,2822,2822,4.3288941,0.00877,39,106,2075,0,0,0,136,1,1,0,0.0000000,0.0000000,0.0000000,0,0,0,0
755444325547833 D 579,856153339,1000,2821,2821,4.3273602,-0.05172,-1,-1,-1,0,0,0,136,1,1,0,0.0000000,0.0000000,0.0000000,0,0,0,0
755444326515416 D 580,856154339,1000,2821,2821,4.3273602,-0.04970,-1,-1,-1,0,0,0,136,1,1,0,0.0000000,0.0000000,0.0000000,0,0,0,0
755444327500458 D 581,856155339,1000,2822,2822,4.3288941,0.01240,-1,-1,-1,0,0,0,136,1,1,0,0.0000000,0.0000000,0.0000000,0,0,0,0
755444328504125 D 582,856156339,1000,2822,2822,4.3288941,0.01192,-1,-1,-1,0,0,0,136,1,1,0,0.0000000,0.0000000,0.0000000,0,0,0,0
755444329513083 D 583,856157339,1000,2822,2822,4.3288941,0.01145,-1,-1,-1,0,0,0,136,1,1,0,0.0000000,0.0000000,0.0000000,0,0,0,0
755444330504458 D 584,856158339,1000,2822,2822,4.3288941,0.01100,-1,-1,-1,0,0,0,136,1,1,0,0.0000000,0.0000000,0.0000000,0,0,0,0
755444331504833 D 585,856159339,1000,2822,2822,4.3288941,0.01057,-1,-1,-1,0,0,0,136,1,1,0,0.0000000,0.0000000,0.0000000,0,0,0,0
755444332496666 D 586,856160339,1000,2822,2822,4.3288941,0.01015,-1,-1,-1,0,0,0,136,1,1,0,0.0000000,0.0000000,0.0000000,0,0,0,0
755444333507875 D 587,856161339,1000,2822,2822,4.3288941,0.00976,-1,-1,-1,0,0,0,136,1,1,0,0.0000000,0.0000000,0.0000000,0,0,0,0
755444334510583 D 588,856162339,1000,2821,2821,4.3273602,-0.05078,-1,-1,-1,0,0,0,136,1,1,0,0.0000000,0.0000000,0.0000000,0,0,0,0
755444335568625 D 589,856163339,1000,2822,2822,4.3288941,0.01136,-1,-1,-1,0,0,0,136,1,1,0,0.0000000,0.0000000,0.0000000,0,0,0,0
755444336828625 D 590,856164339,1000,2822,2822,4.3288941,0.01092,-1,-1,-1,0,0,0,136,1,1,0,0.0000000,0.0000000,0.0000000,0,0,0,0
755444337781750 D 591,856165339,1000,2822,2822,4.3288941,0.01049,-1,-1,-1,0,0,0,136,1,1,0,0.0000000,0.0000000,0.0000000,0,0,0,0
755444338742666 D 592,856166339,1000,2822,2822,4.3288941,0.01008,-1,-1,-1,0,0,0,136,1,1,0,0.0000000,0.0000000,0.0000000,0,0,0,0
755444339571708 D 593,856167339,1000,2822,2822,4.3288941,0.00968,-1,-1,-1,0,0,0,136,1,1,0,0.0000000,0.0000000,0.0000000,0,0,0,0
755444340508041 D 594,856168339,1000,2822,2822,4.3288941,0.00930,-1,-1,-1,0,0,0,136,1,1,0,0.0000000,0.0000000,0.0000000,0,0,0,0
755444341525291 D 595,856169339,1000,2822,2822,4.3288941,0.00894,-1,-1,-1,0,0,0,136,1,1,0,0.0000000,0.0000000,0.0000000,0,0,0,0
755444342522125 D 596,856170339,1000,2822,2822,4.3288941,0.00859,-1,-1,-1,0,0,0,136,1,1,0,0.0000000,0.0000000,0.0000000,0,0,0,0
755444343529208 D 597,856171339,1000,2821,2821,4.3273602,-0.05190,-1,-1,-1,0,0,0,136,1,1,0,0.0000000,0.0000000,0.0000000,0,0,0,0
755444344528000 D 598,856172339,1000,2822,2822,4.3288941,0.01029,-1,-1,-1,0,0,0,136,1,1,0,0.0000000,0.0000000,0.0000000,0,0,0,0
755444345542166 D 599,856173339,1000,2822,2822,4.3288941,0.00988,-1,-1,-1,0,0,0,136,1,1,0,0.0000000,0.0000000,0.0000000,0,0,0,0
755444346516875 D 600,856174339,1000,2822,2822,4.3288941,0.00950,-1,-1,-1,0,0,0,136,1,1,0,0.0000000,0.0000000,0.0000000,0,0,0,0
755444347520166 D 601,856175339,1000,2822,2822,4.3288941,0.00912,-1,-1,-1,0,0,0,136,1,1,0,0.0000000,0.0000000,0.0000000,0,0,0,0
755444348543375 D 602,856176339,1000,2822,2822,4.3288941,0.00877,-1,-1,-1,0,0,0,136,1,1,0,0.0000000,0.0000000,0.0000000,0,0,0,0
755444349528750 D 603,856177339,1000,2822,2822,4.3288941,0.00842,-1,-1,-1,0,0,0,136,1,1,0,0.0000000,0.0000000,0.0000000,0,0,0,0
755444350518583 D 604,856178339,1000,2822,2822,4.3288941,0.00809,-1,-1,-1,0,0,0,136,1,1,0,0.0000000,0.0000000,0.0000000,0,0,0,0
755444351508083 D 605,856179339,1000,2822,2822,4.3288941,0.00777,-1,-1,-1,0,0,0,136,1,1,0,0.0000000,0.0000000,0.0000000,0,0,0,0
755444352514708 D 606,856180339,1000,2822,2822,4.3288941,0.00747,-1,-1,-1,0,0,0,136,1,1,0,0.0000000,0.0000000,0.0000000,0,0,0,0
755444353528958 D 607,856181339,1000,2822,2822,4.3288941,0.00718,-1,-1,-1,0,0,0,136,1,1,0,0.0000000,0.0000000,0.0000000,0,0,0,0
755444354542791 D 608,856182339,1000,2822,2822,4.3288941,0.00690,-1,-1,-1,0,0,0,136,1,1,0,0.0000000,0.0000000,0.0000000,0,0,0,0
755444355509541 D 609,856183339,1000,2822,2822,4.3288941,0.00663,-1,-1,-1,0,0,0,136,1,1,0,0.0000000,0.0000000,0.0000000,0,0,0,0
755444356509500 D 610,856184339,1000,2822,2822,4.3288941,0.00637,-1,-1,-1,0,0,0,136,1,1,0,0.0000000,0.0000000,0.0000000,0,0,0,0
755444357514708 D 611,856185339,1000,2822,2822,4.3288941,0.00612,-1,-1,-1,0,0,0,136,1,1,0,0.0000000,0.0000000,0.0000000,0,0,0,0
755444358510875 D 612,856186339,1000,2822,2822,4.3288941,0.00588,-1,-1,-1,0,0,0,136,1,1,0,0.0000000,0.0000000,0.0000000,0,0,0,0
755444359513791 D 613,856187339,1000,2822,2822,4.3288941,0.00565,-1,-1,-1,0,0,0,136,1,1,0,0.0000000,0.0000000,0.0000000,0,0,0,0
755444360506166 D 614,856188339,1000,2822,2822,4.3288941,0.00542,-1,-1,-1,0,0,0,136,1,1,0,0.0000000,0.0000000,0.0000000,0,0,0,0
755444361509416 D 615,856189339,1000,2822,2822,4.3288941,0.00521,-1,-1,-1,0,0,0,135,1,1,0,0.0000000,0.0000000,0.0000000,0,0,0,0
755444362534375 D 616,856190339,1000,2822,2822,4.3288941,0.00501,-1,-1,-1,0,0,0,136,1,1,0,0.0000000,0.0000000,0.0000000,0,0,0,0
755444363559833 D 617,856191339,1000,2822,2822,4.3288941,0.00481,-1,-1,-1,0,0,0,136,1,1,0,0.0000000,0.0000000,0.0000000,0,0,0,0
755444364928125 D 618,856192339,1000,2822,2822,4.3288941,0.00462,-1,-1,-1,0,0,0,136,1,1,0,0.0000000,0.0000000,0.0000000,0,0,0,0
755444365837083 D 619,856193339,1000,2822,2822,4.3288941,0.00444,-1,-1,-1,0,0,0,136,1,1,0,0.0000000,0.0000000,0.0000000,0,0,0,0
755444366780916 D 620,856194339,1000,2822,2822,4.3288941,0.00427,-1,-1,-1,0,0,0,136,1,1,0,0.0000000,0.0000000,0.0000000,0,0,0,0
755444367525500 D 621,856195339,1000,2822,2822,4.3288941,0.00410,-1,-1,-1,0,0,0,136,1,1,0,0.0000000,0.0000000,0.0000000,0,0,0,0
755444368539583 D 622,856196339,1000,2822,2822,4.3288941,0.00394,-1,-1,-1,0,0,0,136,1,1,0,0.0000000,0.0000000,0.0000000,0,0,0,0
755444369560708 D 623,856197339,1000,2822,2822,4.3288941,0.00378,-1,-1,-1,0,0,0,136,1,1,0,0.0000000,0.0000000,0.0000000,0,0,0,0
755444370574750 D 624,856198339,1000,2822,2822,4.3288941,0.00364,-1,-1,-1,0,0,0,136,1,1,0,0.0000000,0.0000000,0.0000000,0,0,0,0
755444371556083 D 625,856199339,1000,2822,2822,4.3288941,0.00349,-1,-1,-1,0,0,0,136,1,1,0,0.0000000,0.0000000,0.0000000,0,0,0,0
755444372563458 D 626,856200339,1000,2822,2822,4.3288941,0.00336,-1,-1,-1,0,0,0,136,1,1,0,0.0000000,0.0000000,0.0000000,0,0,0,0
755444373584250 D 627,856201339,1000,2822,2822,4.3288941,0.00322,-1,-1,-1,0,0,0,136,1,1,0,0.0000000,0.0000000,0.0000000,0,0,0,0
755444374958208 D 628,856202339,1000,2822,2822,4.3288941,0.00310,39,106,2074,0,0,0,136,1,1,0,0.0000000,0.0000000,0.0000000,0,0,0,0
755444375654250 D 629,856203339,1000,2822,2822,4.3288941,0.00298,-1,-1,-1,0,0,0,136,1,1,0,0.0000000,0.0000000,0.0000000,0,0,0,0
755444376577125 D 630,856204339,1000,2822,2822,4.3288941,0.00286,-1,-1,-1,0,0,0,136,1,1,0,0.0000000,0.0000000,0.0000000,0,0,0,0
755444377530916 D 631,856205339,1000,2821,2821,4.3273602,-0.05740,-1,-1,-1,0,0,0,136,1,1,0,0.0000000,0.0000000,0.0000000,0,0,0,0
755444378565958 D 632,856206339,1000,2822,2822,4.3288941,0.00500,-1,-1,-1,0,0,0,136,1,1,0,0.0000000,0.0000000,0.0000000,0,0,0,0
755444379514375 D 633,856207339,1000,2822,2822,4.3288941,0.00480,-1,-1,-1,0,0,0,136,1,1,0,0.0000000,0.0000000,0.0000000,0,0,0,0
755444380562541 D 634,856208339,1000,2821,2821,4.3273602,-0.05553,-1,-1,-1,0,0,0,136,1,1,0,0.0000000,0.0000000,0.0000000,0,0,0,0
755444381515458 D 635,856209339,1000,2821,2821,4.3273602,-0.05336,-1,-1,-1,0,0,0,136,1,1,0,0.0000000,0.0000000,0.0000000,0,0,0,0
755444382515291 D 636,856210339,1000,2822,2822,4.3288941,0.00888,-1,-1,-1,0,0,0,136,1,1,0,0.0000000,0.0000000,0.0000000,0,0,0,0
755444383513750 D 637,856211339,1000,2822,2822,4.3288941,0.00854,-1,-1,-1,0,0,0,136,1,1,0,0.0000000,0.0000000,0.0000000,0,0,0,0
755444384507041 D 638,856212339,1000,2822,2822,4.3288941,0.00820,-1,-1,-1,0,0,0,136,1,1,0,0.0000000,0.0000000,0.0000000,0,0,0,0
755444385542041 D 639,856213339,1000,2822,2822,4.3288941,0.00788,-1,-1,-1,0,0,0,136,1,1,0,0.0000000,0.0000000,0.0000000,0,0,0,0
755444386535416 D 640,856214339,1000,2822,2822,4.3288941,0.00757,-1,-1,-1,0,0,0,136,1,1,0,0.0000000,0.0000000,0.0000000,0,0,0,0
755444387514041 D 641,856215339,1000,2822,2822,4.3288941,0.00727,-1,-1,-1,0,0,0,136,1,1,0,0.0000000,0.0000000,0.0000000,0,0,0,0
755444388507458 D 642,856216339,1000,2822,2822,4.3288941,0.00699,-1,-1,-1,0,0,0,136,1,1,0,0.0000000,0.0000000,0.0000000,0,0,0,0
755444389508541 D 643,856217339,1000,2822,2822,4.3288941,0.00671,-1,-1,-1,0,0,0,136,1,1,0,0.0000000,0.0000000,0.0000000,0,0,0,0
755444390518333 D 644,856218339,1000,2822,2822,4.3288941,0.00645,-1,-1,-1,0,0,0,136,1,1,0,0.0000000,0.0000000,0.0000000,0,0,0,0
755444391506416 D 645,856219339,1000,2822,2822,4.3288941,0.00620,-1,-1,-1,0,0,0,136,1,1,0,0.0000000,0.0000000,0.0000000,0,0,0,0
755444392504916 D 646,856220339,1000,2822,2822,4.3288941,0.00596,-1,-1,-1,0,0,0,136,1,1,0,0.0000000,0.0000000,0.0000000,0,0,0,0
755444393508500 D 647,856221339,1000,2822,2822,4.3288941,0.00572,-1,-1,-1,0,0,0,136,1,1,0,0.0000000,0.0000000,0.0000000,0,0,0,0
755444394515208 D 648,856222339,1000,2822,2822,4.3288941,0.00550,-1,-1,-1,0,0,0,136,1,1,0,0.0000000,0.0000000,0.0000000,0,0,0,0
755444395505166 D 649,856223339,1000,2822,2822,4.3288941,0.00528,-1,-1,-1,0,0,0,136,1,1,0,0.0000000,0.0000000,0.0000000,0,0,0,0
755444396714791 D 650,856224339,1000,2822,2822,4.3288941,0.00507,-1,-1,-1,0,0,0,136,1,1,0,0.0000000,0.0000000,0.0000000,0,0,0,0
755444397774291 D 651,856225339,1000,2822,2822,4.3288941,0.00488,-1,-1,-1,0,0,0,136,1,1,0,0.0000000,0.0000000,0.0000000,0,0,0,0
755444398716500 D 652,856226339,1000,2822,2822,4.3288941,0.00468,-1,-1,-1,0,0,0,136,1,1,0,0.0000000,0.0000000,0.0000000,0,0,0,0
755444399728916 D 653,856227339,1000,2822,2822,4.3288941,0.00450,-1,-1,-1,0,0,0,136,1,1,0,0.0000000,0.0000000,0.0000000,0,0,0,0
755444400732541 D 654,856228339,1000,2822,2822,4.3288941,0.00432,-1,-1,-1,0,0,0,136,1,1,0,0.0000000,0.0000000,0.0000000,0,0,0,0
755444401758500 D 655,856229339,1000,2822,2822,4.3288941,0.00415,-1,-1,-1,0,0,0,136,1,1,0,0.0000000,0.0000000,0.0000000,0,0,0,0
755444402645666 D 656,856230339,1000,2822,2822,4.3288941,0.00399,-1,-1,-1,0,0,0,136,1,1,0,0.0000000,0.0000000,0.0000000,0,0,0,0
755444403555625 D 657,856231339,1000,2822,2822,4.3288941,0.00384,-1,-1,-1,0,0,0,136,1,1,0,0.0000000,0.0000000,0.0000000,0,0,0,0
755444404544250 D 658,856232339,1000,2822,2822,4.3288941,0.00368,-1,-1,-1,0,0,0,136,1,1,0,0.0000000,0.0000000,0.0000000,0,0,0,0
755444405538500 D 659,856233339,1000,2822,2822,4.3288941,0.00354,-1,-1,-1,0,0,0,136,1,1,0,0.0000000,0.0000000,0.0000000,0,0,0,0
755444406521125 D 660,856234339,1000,2822,2822,4.3288941,0.00340,-1,-1,-1,0,0,0,136,1,1,0,0.0000000,0.0000000,0.0000000,0,0,0,0
755444407514083 D 661,856235339,1000,2822,2822,4.3288941,0.00327,-1,-1,-1,0,0,0,136,1,1,0,0.0000000,0.0000000,0.0000000,0,0,0,0
755444408511416 D 662,856236339,1000,2822,2822,4.3288941,0.00314,-1,-1,-1,0,0,0,136,1,1,0,0.0000000,0.0000000,0.0000000,0,0,0,0
755444409511375 D 663,856237339,1000,2822,2822,4.3288941,0.00302,-1,-1,-1,0,0,0,136,1,1,0,0.0000000,0.0000000,0.0000000,0,0,0,0
755444410507041 D 664,856238339,1000,2822,2822,4.3288941,0.00290,-1,-1,-1,0,0,0,136,1,1,0,0.0000000,0.0000000,0.0000000,0,0,0,0
755444411505041 D 665,856239339,1000,2822,2822,4.3288941,0.00279,-1,-1,-1,0,0,0,136,1,1,0,0.0000000,0.0000000,0.0000000,0,0,0,0
755444412526500 D 666,856240339,1000,2822,2822,4.3288941,0.00268,-1,-1,-1,0,0,0,136,1,1,0,0.0000000,0.0000000,0.0000000,0,0,0,0
755444413515166 D 667,856241339,1000,2822,2822,4.3288941,0.00257,-1,-1,-1,0,0,0,136,1,1,0,0.0000000,0.0000000,0.0000000,0,0,0,0
755444414526041 D 668,856242339,1000,2822,2822,4.3288941,0.00247,-1,-1,-1,0,0,0,136,1,1,0,0.0000000,0.0000000,0.0000000,0,0,0,0
755444415530625 D 669,856243339,1000,2822,2822,4.3288941,0.00237,-1,-1,-1,0,0,0,136,1,1,0,0.0000000,0.0000000,0.0000000,0,0,0,0
755444416524833 D 670,856244339,1000,2822,2822,4.3288941,0.00228,-1,-1,-1,0,0,0,136,1,1,0,0.0000000,0.0000000,0.0000000,0,0,0,0
755444417535583 D 671,856245339,1000,2822,2822,4.3288941,0.00219,-1,-1,-1,0,0,0,136,1,1,0,0.0000000,0.0000000,0.0000000,0,0,0,0
755444418509875 D 672,856246339,1000,2822,2822,4.3288941,0.00210,-1,-1,-1,0,0,0,136,1,1,0,0.0000000,0.0000000,0.0000000,0,0,0,0
755444419545333 D 673,856247339,1000,2822,2822,4.3288941,0.00202,-1,-1,-1,0,0,0,136,1,1,0,0.0000000,0.0000000,0.0000000,0,0,0,0
755444420561083 D 674,856248339,1000,2822,2822,4.3288941,0.00194,-1,-1,-1,0,0,0,136,1,1,0,0.0000000,0.0000000,0.0000000,0,0,0,0
755444421550291 D 675,856249339,1000,2822,2822,4.3288941,0.00187,-1,-1,-1,0,0,0,136,1,1,0,0.0000000,0.0000000,0.0000000,0,0,0,0
755444422586708 D 676,856250339,1000,2822,2822,4.3288941,0.00179,-1,-1,-1,0,0,0,136,1,1,0,0.0000000,0.0000000,0.0000000,0,0,0,0
755444423525333 D 677,856251339,1000,2822,2822,4.3288941,0.00172,-1,-1,-1,0,0,0,136,1,1,0,0.0000000,0.0000000,0.0000000,0,0,0,0
755444425219375 D 678,856252339,1000,2822,2822,4.3288941,0.00166,39,106,2075,0,0,0,136,1,1,0,0.0000000,0.0000000,0.0000000,0,0,0,0
755444426045916 D 679,856253339,1000,2822,2822,4.3288941,0.00159,-1,-1,-1,0,0,0,136,1,1,0,0.0000000,0.0000000,0.0000000,0,0,0,0
755444426884208 D 680,856254339,1000,2822,2822,4.3288941,0.00153,-1,-1,-1,0,0,0,136,1,1,0,0.0000000,0.0000000,0.0000000,0,0,0,0
755444427731583 D 681,856255339,1000,2822,2822,4.3288941,0.00147,-1,-1,-1,0,0,0,136,1,1,0,0.0000000,0.0000000,0.0000000,0,0,0,0
755444428594833 D 682,856256339,1000,2822,2822,4.3288941,0.00141,-1,-1,-1,0,0,0,136,1,1,0,0.0000000,0.0000000,0.0000000,0,0,0,0
755444429537625 D 683,856257339,1000,2822,2822,4.3288941,0.00136,-1,-1,-1,0,0,0,136,1,1,0,0.0000000,0.0000000,0.0000000,0,0,0,0
755444430525833 D 684,856258339,1000,2822,2822,4.3288941,0.00130,-1,-1,-1,0,0,0,136,1,1,0,0.0000000,0.0000000,0.0000000,0,0,0,0
755444431530541 D 685,856259339,1000,2822,2822,4.3288941,0.00125,-1,-1,-1,0,0,0,136,1,1,0,0.0000000,0.0000000,0.0000000,0,0,0,0
755444432904083 D 686,856260339,1000,2822,2822,4.3288941,0.00120,-1,-1,-1,0,0,0,136,1,1,0,0.0000000,0.0000000,0.0000000,0,0,0,0
755444433674208 D 687,856261339,1000,2821,2821,4.3273602,-0.05899,-1,-1,-1,0,0,0,136,1,1,0,0.0000000,0.0000000,0.0000000,0,0,0,0
755444434604875 D 688,856262339,1000,2822,2822,4.3288941,0.00347,-1,-1,-1,0,0,0,136,1,1,0,0.0000000,0.0000000,0.0000000,0,0,0,0
755444435558875 D 689,856263339,1000,2822,2822,4.3288941,0.00333,-1,-1,-1,0,0,0,136,1,1,0,0.0000000,0.0000000,0.0000000,0,0,0,0
755444436556708 D 690,856264339,1000,2822,2822,4.3288941,0.00320,-1,-1,-1,0,0,0,136,1,1,0,0.0000000,0.0000000,0.0000000,0,0,0,0
755444437768750 D 691,856265339,1000,2822,2822,4.3288941,0.00308,-1,-1,-1,0,0,0,136,1,1,0,0.0000000,0.0000000,0.0000000,0,0,0,0
755444438767708 D 692,856266339,1000,2822,2822,4.3288941,0.00296,-1,-1,-1,0,0,0,136,1,1,0,0.0000000,0.0000000,0.0000000,0,0,0,0
755444439746041 D 693,856267339,1000,2822,2822,4.3288941,0.00284,-1,-1,-1,0,0,0,136,1,1,0,0.0000000,0.0000000,0.0000000,0,0,0,0
755444440542250 D 694,856268339,1000,2822,2822,4.3288941,0.00273,-1,-1,-1,0,0,0,136,1,1,0,0.0000000,0.0000000,0.0000000,0,0,0,0
755444441528666 D 695,856269339,1000,2822,2822,4.3288941,0.00262,-1,-1,-1,0,0,0,136,1,1,0,0.0000000,0.0000000,0.0000000,0,0,0,0
755444442509875 D 696,856270339,1000,2822,2822,4.3288941,0.00252,-1,-1,-1,0,0,0,136,1,1,0,0.0000000,0.0000000,0.0000000,0,0,0,0
755444443518750 D 697,856271339,1000,2822,2822,4.3288941,0.00242,-1,-1,-1,0,0,0,136,1,1,0,0.0000000,0.0000000,0.0000000,0,0,0,0
755444444496291 D 698,856272339,1000,2822,2822,4.3288941,0.00232,-1,-1,-1,0,0,0,136,1,1,0,0.0000000,0.0000000,0.0000000,0,0,0,0
755444445504750 D 699,856273339,1000,2822,2822,4.3288941,0.00223,-1,-1,-1,0,0,0,136,1,1,0,0.0000000,0.0000000,0.0000000,0,0,0,0
755444446500583 D 700,856274339,1000,2822,2822,4.3288941,0.00215,-1,-1,-1,0,0,0,136,1,1,0,0.0000000,0.0000000,0.0000000,0,0,0,0
755444447506958 D 701,856275339,1000,2822,2822,4.3288941,0.00206,-1,-1,-1,0,0,0,136,1,1,0,0.0000000,0.0000000,0.0000000,0,0,0,0
755444448527333 D 702,856276339,1000,2822,2822,4.3288941,0.00198,-1,-1,-1,0,0,0,136,1,1,0,0.0000000,0.0000000,0.0000000,0,0,0,0
755444449521791 D 703,856277339,1000,2822,2822,4.3288941,0.00190,-1,-1,-1,0,0,0,136,1,1,0,0.0000000,0.0000000,0.0000000,0,0,0,0
755444450515041 D 704,856278339,1000,2822,2822,4.3288941,0.00183,-1,-1,-1,0,0,0,136,1,1,0,0.0000000,0.0000000,0.0000000,0,0,0,0
755444451518333 D 705,856279339,1000,2822,2822,4.3288941,0.00176,-1,-1,-1,0,0,0,136,1,1,0,0.0000000,0.0000000,0.0000000,0,0,0,0
755444452502083 D 706,856280339,1000,2822,2822,4.3288941,0.00169,-1,-1,-1,0,0,0,136,1,1,0,0.0000000,0.0000000,0.0000000,0,0,0,0
755444453512041 D 707,856281339,1000,2822,2822,4.3288941,0.00162,-1,-1,-1,0,0,0,136,1,1,0,0.0000000,0.0000000,0.0000000,0,0,0,0
755444454521416 D 708,856282339,1000,2821,2821,4.3273602,-0.05859,-1,-1,-1,0,0,0,136,1,1,0,0.0000000,0.0000000,0.0000000,0,0,0,0
755444455500958 D 709,856283339,1000,2822,2822,4.3288941,0.00386,-1,-1,-1,0,0,0,136,1,1,0,0.0000000,0.0000000,0.0000000,0,0,0,0
755444456515375 D 710,856284339,1000,2822,2822,4.3288941,0.00370,-1,-1,-1,0,0,0,136,1,1,0,0.0000000,0.0000000,0.0000000,0,0,0,0
755444457519416 D 711,856285339,1000,2822,2822,4.3288941,0.00356,-1,-1,-1,0,0,0,136,1,1,0,0.0000000,0.0000000,0.0000000,0,0,0,0
755444458517875 D 712,856286339,1000,2822,2822,4.3288941,0.00342,-1,-1,-1,0,0,0,136,1,1,0,0.0000000,0.0000000,0.0000000,0,0,0,0
755444459528291 D 713,856287339,1000,2822,2822,4.3288941,0.00329,-1,-1,-1,0,0,0,136,1,1,0,0.0000000,0.0000000,0.0000000,0,0,0,0
755444460518791 D 714,856288339,1000,2822,2822,4.3288941,0.00316,-1,-1,-1,0,0,0,136,1,1,0,0.0000000,0.0000000,0.0000000,0,0,0,0
755444461523208 D 715,856289339,1000,2822,2822,4.3288941,0.00303,-1,-1,-1,0,0,0,136,1,1,0,0.0000000,0.0000000,0.0000000,0,0,0,0
755444462515458 D 716,856290339,1000,2822,2822,4.3288941,0.00291,-1,-1,-1,0,0,0,136,1,1,0,0.0000000,0.0000000,0.0000000,0,0,0,0
755444463561958 D 717,856291339,1000,2821,2821,4.3273602,-0.05735,-1,-1,-1,0,0,0,136,1,1,0,0.0000000,0.0000000,0.0000000,0,0,0,0
755444464584166 D 718,856292339,1000,2822,2822,4.3288941,0.00505,-1,-1,-1,0,0,0,136,1,1,0,0.0000000,0.0000000,0.0000000,0,0,0,0
755444465598541 D 719,856293339,1000,2822,2822,4.3288941,0.00485,-1,-1,-1,0,0,0,136,1,1,0,0.0000000,0.0000000,0.0000000,0,0,0,0
755444466549875 D 720,856294339,1000,2822,2822,4.3288941,0.00466,-1,-1,-1,0,0,0,136,1,1,0,0.0000000,0.0000000,0.0000000,0,0,0,0
755444467557375 D 721,856295339,1000,2822,2822,4.3288941,0.00448,-1,-1,-1,0,0,0,136,1,1,0,0.0000000,0.0000000,0.0000000,0,0,0,0
755444468551791 D 722,856296339,1000,2822,2822,4.3288941,0.00430,-1,-1,-1,0,0,0,136,1,1,0,0.0000000,0.0000000,0.0000000,0,0,0,0
755444469538708 D 723,856297339,1000,2822,2822,4.3288941,0.00413,-1,-1,-1,0,0,0,136,1,1,0,0.0000000,0.0000000,0.0000000,0,0,0,0
755444470567041 D 724,856298339,1000,2822,2822,4.3288941,0.00397,-1,-1,-1,0,0,0,136,1,1,0,0.0000000,0.0000000,0.0000000,0,0,0,0
755444471800291 D 725,856299339,1000,2822,2822,4.3288941,0.00382,-1,-1,-1,0,0,0,136,1,1,0,0.0000000,0.0000000,0.0000000,0,0,0,0
755444472738791 D 726,856300339,1000,2822,2822,4.3288941,0.00367,-1,-1,-1,0,0,0,136,1,1,0,0.0000000,0.0000000,0.0000000,0,0,0,0
755444473704375 D 727,856301339,1000,2821,2821,4.3273602,-0.05663,-1,-1,-1,0,0,0,136,1,1,0,0.0000000,0.0000000,0.0000000,0,0,0,0
755444474974750 D 728,856302339,1000,2822,2822,4.3288941,0.00574,39,106,2074,0,0,0,136,1,1,0,0.0000000,0.0000000,0.0000000,0,0,0,0
755444475576583 D 729,856303339,1000,2822,2822,4.3288941,0.00552,-1,-1,-1,0,0,0,136,1,1,0,0.0000000,0.0000000,0.0000000,0,0,0,0
755444476523000 D 730,856304339,1000,2822,2822,4.3288941,0.00530,-1,-1,-1,0,0,0,136,1,1,0,0.0000000,0.0000000,0.0000000,0,0,0,0
755444477526791 D 731,856305339,1000,2822,2822,4.3288941,0.00509,-1,-1,-1,0,0,0,136,1,1,0,0.0000000,0.0000000,0.0000000,0,0,0,0
755444478517416 D 732,856306339,1000,2822,2822,4.3288941,0.00489,-1,-1,-1,0,0,0,136,1,1,0,0.0000000,0.0000000,0.0000000,0,0,0,0
755444479549541 D 733,856307339,1000,2822,2822,4.3288941,0.00470,-1,-1,-1,0,0,0,136,1,1,0,0.0000000,0.0000000,0.0000000,0,0,0,0
755444480543000 D 734,856308339,1000,2822,2822,4.3288941,0.00452,-1,-1,-1,0,0,0,136,1,1,0,0.0000000,0.0000000,0.0000000,0,0,0,0
755444481521625 D 735,856309339,1000,2822,2822,4.3288941,0.00434,-1,-1,-1,0,0,0,136,1,1,0,0.0000000,0.0000000,0.0000000,0,0,0,0
755444482529250 D 736,856310339,1000,2822,2822,4.3288941,0.00417,-1,-1,-1,0,0,0,136,1,1,0,0.0000000,0.0000000,0.0000000,0,0,0,0
755444483536500 D 737,856311339,1000,2822,2822,4.3288941,0.00401,-1,-1,-1,0,0,0,136,1,1,0,0.0000000,0.0000000,0.0000000,0,0,0,0
755444484522208 D 738,856312339,1000,2822,2822,4.3288941,0.00385,-1,-1,-1,0,0,0,136,1,1,0,0.0000000,0.0000000,0.0000000,0,0,0,0
755444485522500 D 739,856313339,1000,2822,2822,4.3288941,0.00370,-1,-1,-1,0,0,0,136,1,1,0,0.0000000,0.0000000,0.0000000,0,0,0,0
755444486524208 D 740,856314339,1000,2822,2822,4.3288941,0.00355,-1,-1,-1,0,0,0,136,1,1,0,0.0000000,0.0000000,0.0000000,0,0,0,0
755444487522500 D 741,856315339,1000,2822,2822,4.3288941,0.00341,-1,-1,-1,0,0,0,136,1,1,0,0.0000000,0.0000000,0.0000000,0,0,0,0
755444488511625 D 742,856316339,1000,2822,2822,4.3288941,0.00328,-1,-1,-1,0,0,0,136,1,1,0,0.0000000,0.0000000,0.0000000,0,0,0,0
755444489517583 D 743,856317339,1000,2822,2822,4.3288941,0.00315,-1,-1,-1,0,0,0,136,1,1,0,0.0000000,0.0000000,0.0000000,0,0,0,0
755444490511625 D 744,856318339,1000,2822,2822,4.3288941,0.00303,-1,-1,-1,0,0,0,136,1,1,0,0.0000000,0.0000000,0.0000000,0,0,0,0
755444491512916 D 745,856319339,1000,2822,2822,4.3288941,0.00291,-1,-1,-1,0,0,0,136,1,1,0,0.0000000,0.0000000,0.0000000,0,0,0,0
755444492526875 D 746,856320339,1000,2822,2822,4.3288941,0.00280,-1,-1,-1,0,0,0,136,1,1,0,0.0000000,0.0000000,0.0000000,0,0,0,0
755444493735666 D 747,856321339,1000,2822,2822,4.3288941,0.00269,-1,-1,-1,0,0,0,136,1,1,0,0.0000000,0.0000000,0.0000000,0,0,0,0
755444494732958 D 748,856322339,1000,2822,2822,4.3288941,0.00258,-1,-1,-1,0,0,0,136,1,1,0,0.0000000,0.0000000,0.0000000,0,0,0,0
755444495666958 D 749,856323339,1000,2822,2822,4.3288941,0.00248,-1,-1,-1,0,0,0,136,1,1,0,0.0000000,0.0000000,0.0000000,0,0,0,0
755444496517250 D 750,856324339,1000,2822,2822,4.3288941,0.00238,-1,-1,-1,0,0,0,136,1,1,0,0.0000000,0.0000000,0.0000000,0,0,0,0
755444497525666 D 751,856325339,1000,2822,2822,4.3288941,0.00229,-1,-1,-1,0,0,0,136,1,1,0,0.0000000,0.0000000,0.0000000,0,0,0,0
755444498513375 D 752,856326339,1000,2822,2822,4.3288941,0.00220,-1,-1,-1,0,0,0,136,1,1,0,0.0000000,0.0000000,0.0000000,0,0,0,0
755444499512041 D 753,856327339,1000,2822,2822,4.3288941,0.00211,-1,-1,-1,0,0,0,136,1,1,0,0.0000000,0.0000000,0.0000000,0,0,0,0
755444500560166 D 754,856328339,1000,2822,2822,4.3288941,0.00203,-1,-1,-1,0,0,0,136,1,1,0,0.0000000,0.0000000,0.0000000,0,0,0,0
755444501549125 D 755,856329339,1000,2822,2822,4.3288941,0.00195,-1,-1,-1,0,0,0,136,1,1,0,0.0000000,0.0000000,0.0000000,0,0,0,0
755444502521541 D 756,856330339,1000,2822,2822,4.3288941,0.00187,-1,-1,-1,0,0,0,136,1,1,0,0.0000000,0.0000000,0.0000000,0,0,0,0
755444503541833 D 757,856331339,1000,2822,2822,4.3288941,0.00180,-1,-1,-1,0,0,0,136,1,1,0,0.0000000,0.0000000,0.0000000,0,0,0,0
755444504515208 D 758,856332339,1000,2822,2822,4.3288941,0.00173,-1,-1,-1,0,0,0,136,1,1,0,0.0000000,0.0000000,0.0000000,0,0,0,0
755444505521291 D 759,856333339,1000,2821,2821,4.3273602,-0.05849,-1,-1,-1,0,0,0,136,1,1,0,0.0000000,0.0000000,0.0000000,0,0,0,0
755444506514916 D 760,856334339,1000,2822,2822,4.3288941,0.00396,-1,-1,-1,0,0,0,136,1,1,0,0.0000000,0.0000000,0.0000000,0,0,0,0
755444507514625 D 761,856335339,1000,2821,2821,4.3273602,-0.05635,-1,-1,-1,0,0,0,136,1,1,0,0.0000000,0.0000000,0.0000000,0,0,0,0
755444508732291 D 762,856336339,1000,2822,2822,4.3288941,0.00601,-1,-1,-1,0,0,0,136,1,1,0,0.0000000,0.0000000,0.0000000,0,0,0,0
755444509740083 D 763,856337339,1000,2822,2822,4.3288941,0.00577,-1,-1,-1,0,0,0,136,1,1,0,0.0000000,0.0000000,0.0000000,0,0,0,0
755444510838291 D 764,856338339,1000,2822,2822,4.3288941,0.00555,-1,-1,-1,0,0,0,136,1,1,0,0.0000000,0.0000000,0.0000000,0,0,0,0
755444511912875 D 765,856339339,1000,2822,2822,4.3288941,0.00533,-1,-1,-1,0,0,0,136,1,1,0,0.0000000,0.0000000,0.0000000,0,0,0,0
755444512916083 D 766,856340339,1000,2822,2822,4.3288941,0.00512,-1,-1,-1,0,0,0,136,1,1,0,0.0000000,0.0000000,0.0000000,0,0,0,0
755444513633958 D 767,856341339,1000,2822,2822,4.3288941,0.00492,-1,-1,-1,0,0,0,136,1,1,0,0.0000000,0.0000000,0.0000000,0,0,0,0
755444514626625 D 768,856342339,1000,2821,2821,4.3273602,-0.05542,-1,-1,-1,0,0,0,136,1,1,0,0.0000000,0.0000000,0.0000000,0,0,0,0
755444515645000 D 769,856343339,1000,2822,2822,4.3288941,0.00690,-1,-1,-1,0,0,0,136,1,1,0,0.0000000,0.0000000,0.0000000,0,0,0,0
755444516658708 D 770,856344339,1000,2822,2822,4.3288941,0.00663,-1,-1,-1,0,0,0,136,1,1,0,0.0000000,0.0000000,0.0000000,0,0,0,0
755444517635333 D 771,856345339,1000,2822,2822,4.3288941,0.00637,-1,-1,-1,0,0,0,136,1,1,0,0.0000000,0.0000000,0.0000000,0,0,0,0
755444518614125 D 772,856346339,1000,2822,2822,4.3288941,0.00612,-1,-1,-1,0,0,0,136,1,1,0,0.0000000,0.0000000,0.0000000,0,0,0,0
755444519596500 D 773,856347339,1000,2822,2822,4.3288941,0.00588,-1,-1,-1,0,0,0,136,1,1,0,0.0000000,0.0000000,0.0000000,0,0,0,0
755444520568500 D 774,856348339,1000,2822,2822,4.3288941,0.00565,-1,-1,-1,0,0,0,136,1,1,0,0.0000000,0.0000000,0.0000000,0,0,0,0
755444521605416 D 775,856349339,1000,2822,2822,4.3288941,0.00543,-1,-1,-1,0,0,0,136,1,1,0,0.0000000,0.0000000,0.0000000,0,0,0,0
755444522660833 D 776,856350339,1000,2822,2822,4.3288941,0.00522,-1,-1,-1,0,0,0,136,1,1,0,0.0000000,0.0000000,0.0000000,0,0,0,0
755444523868041 D 777,856351339,1000,2822,2822,4.3288941,0.00501,-1,-1,-1,0,0,0,136,1,1,0,0.0000000,0.0000000,0.0000000,0,0,0,0
755444525058083 D 778,856352339,1000,2822,2822,4.3288941,0.00481,39,106,2075,0,0,0,136,1,1,0,0.0000000,0.0000000,0.0000000,0,0,0,0
755444525605125 D 779,856353339,1000,2822,2822,4.3288941,0.00463,-1,-1,-1,0,0,0,136,1,1,0,0.0000000,0.0000000,0.0000000,0,0,0,0
755444527042208 D 780,856354339,1000,2822,2822,4.3288941,0.00444,-1,-1,-1,0,0,0,136,1,1,0,0.0000000,0.0000000,0.0000000,0,0,0,0
755444527515708 D 781,856355339,1000,2822,2822,4.3288941,0.00427,-1,-1,-1,0,0,0,136,1,1,0,0.0000000,0.0000000,0.0000000,0,0,0,0
755444528452875 D 782,856356339,1000,2822,2822,4.3288941,0.00410,-1,-1,-1,0,0,0,136,1,1,0,0.0000000,0.0000000,0.0000000,0,0,0,0
755444529507666 D 783,856357339,1000,2821,2821,4.3273602,-0.05621,-1,-1,-1,0,0,0,136,1,1,0,0.0000000,0.0000000,0.0000000,0,0,0,0
755444530529041 D 784,856358339,1000,2821,2821,4.3273602,-0.05400,-1,-1,-1,0,0,0,136,1,1,0,0.0000000,0.0000000,0.0000000,0,0,0,0
755444531510291 D 785,856359339,1000,2822,2822,4.3288941,0.00826,-1,-1,-1,0,0,0,136,1,1,0,0.0000000,0.0000000,0.0000000,0,0,0,0
755444532501208 D 786,856360339,1000,2822,2822,4.3288941,0.00794,-1,-1,-1,0,0,0,136,1,1,0,0.0000000,0.0000000,0.0000000,0,0,0,0
755444533521208 D 787,856361339,1000,2821,2821,4.3273602,-0.05252,-1,-1,-1,0,0,0,136,1,1,0,0.0000000,0.0000000,0.0000000,0,0,0,0
755444534350500 D 788,856362339,1000,2822,2822,4.3288941,0.00969,-1,-1,-1,0,0,0,136,1,1,0,0.0000000,0.0000000,0.0000000,0,0,0,0
755444535332500 D 789,856363339,1000,2822,2822,4.3288941,0.00931,-1,-1,-1,0,0,0,136,1,1,0,0.0000000,0.0000000,0.0000000,0,0,0,0
755444536340625 D 790,856364339,1000,2822,2822,4.3288941,0.00894,-1,-1,-1,0,0,0,136,1,1,0,0.0000000,0.0000000,0.0000000,0,0,0,0
755444537493541 D 791,856365339,1000,2822,2822,4.3288941,0.00859,-1,-1,-1,0,0,0,136,1,1,0,0.0000000,0.0000000,0.0000000,0,0,0,0
755444538519250 D 792,856366339,1000,2822,2822,4.3288941,0.00825,-1,-1,-1,0,0,0,136,1,1,0,0.0000000,0.0000000,0.0000000,0,0,0,0
755444539604333 D 793,856367339,1000,2822,2822,4.3288941,0.00793,-1,-1,-1,0,0,0,136,1,1,0,0.0000000,0.0000000,0.0000000,0,0,0,0
755444540710916 D 794,856368339,1000,2822,2822,4.3288941,0.00762,-1,-1,-1,0,0,0,136,1,1,0,0.0000000,0.0000000,0.0000000,0,0,0,0
755444541718541 D 795,856369339,1000,2822,2822,4.3288941,0.00732,-1,-1,-1,0,0,0,136,1,1,0,0.0000000,0.0000000,0.0000000,0,0,0,0
755444542728166 D 796,856370339,1000,2822,2822,4.3288941,0.00703,-1,-1,-1,0,0,0,136,1,1,0,0.0000000,0.0000000,0.0000000,0,0,0,0
755444543516833 D 797,856371339,1000,2821,2821,4.3273602,-0.05339,-1,-1,-1,0,0,0,136,1,1,0,0.0000000,0.0000000,0.0000000,0,0,0,0
755444544488208 D 798,856372339,1000,2822,2822,4.3288941,0.00885,-1,-1,-1,0,0,0,136,1,1,0,0.0000000,0.0000000,0.0000000,0,0,0,0
755444545496500 D 799,856373339,1000,2821,2821,4.3273602,-0.05164,-1,-1,-1,0,0,0,136,1,1,0,0.0000000,0.0000000,0.0000000,0,0,0,0
755444546514666 D 800,856374339,1000,2822,2822,4.3288941,0.01053,-1,-1,-1,0,0,0,136,1,1,0,0.0000000,0.0000000,0.0000000,0,0,0,0
755444547545875 D 801,856375339,1000,2822,2822,4.3288941,0.01012,-1,-1,-1,0,0,0,136,1,1,0,0.0000000,0.0000000,0.0000000,0,0,0,0
755444548494875 D 802,856376339,1000,2821,2821,4.3273602,-0.05043,-1,-1,-1,0,0,0,136,1,1,0,0.0000000,0.0000000,0.0000000,0,0,0,0
755444549489000 D 803,856377339,1000,2822,2822,4.3288941,0.01170,-1,-1,-1,0,0,0,136,1,1,0,0.0000000,0.0000000,0.0000000,0,0,0,0
755444550488875 D 804,856378339,1000,2822,2822,4.3288941,0.01124,-1,-1,-1,0,0,0,136,1,1,0,0.0000000,0.0000000,0.0000000,0,0,0,0
755444551484625 D 805,856379339,1000,2822,2822,4.3288941,0.01080,-1,-1,-1,0,0,0,136,1,1,0,0.0000000,0.0000000,0.0000000,0,0,0,0
755444552479416 D 806,856380339,1000,2822,2822,4.3288941,0.01037,-1,-1,-1,0,0,0,136,1,1,0,0.0000000,0.0000000,0.0000000,0,0,0,0
755444553477416 D 807,856381339,1000,2822,2822,4.3288941,0.00997,-1,-1,-1,0,0,0,136,1,1,0,0.0000000,0.0000000,0.0000000,0,0,0,0
755444554489291 D 808,856382339,1000,2822,2822,4.3288941,0.00958,-1,-1,-1,0,0,0,136,1,1,0,0.0000000,0.0000000,0.0000000,0,0,0,0
755444555480750 D 809,856383339,1000,2821,2821,4.3273602,-0.05095,-1,-1,-1,0,0,0,136,1,1,0,0.0000000,0.0000000,0.0000000,0,0,0,0
755444556480958 D 810,856384339,1000,2822,2822,4.3288941,0.01120,-1,-1,-1,0,0,0,136,1,1,0,0.0000000,0.0000000,0.0000000,0,0,0,0
755444557486625 D 811,856385339,1000,2822,2822,4.3288941,0.01076,-1,-1,-1,0,0,0,135,1,1,0,0.0000000,0.0000000,0.0000000,0,0,0,0
755444558487333 D 812,856386339,1000,2822,2822,4.3288941,0.01034,-1,-1,-1,0,0,0,136,1,1,0,0.0000000,0.0000000,0.0000000,0,0,0,0
755444559476875 D 813,856387339,1000,2822,2822,4.3288941,0.00993,-1,-1,-1,0,0,0,136,1,1,0,0.0000000,0.0000000,0.0000000,0,0,0,0
755444560493625 D 814,856388339,1000,2822,2822,4.3288941,0.00954,-1,-1,-1,0,0,0,136,1,1,0,0.0000000,0.0000000,0.0000000,0,0,0,0
755444561497916 D 815,856389339,1000,2822,2822,4.3288941,0.00917,-1,-1,-1,0,0,0,136,1,1,0,0.0000000,0.0000000,0.0000000,0,0,0,0
755444562472875 D 816,856390339,1000,2822,2822,4.3288941,0.00881,-1,-1,-1,0,0,0,136,1,1,0,0.0000000,0.0000000,0.0000000,0,0,0,0
755444563481250 D 817,856391339,1000,2822,2822,4.3288941,0.00846,-1,-1,-1,0,0,0,136,1,1,0,0.0000000,0.0000000,0.0000000,0,0,0,0
755444564492333 D 818,856392339,1000,2822,2822,4.3288941,0.00813,-1,-1,-1,0,0,0,136,1,1,0,0.0000000,0.0000000,0.0000000,0,0,0,0
755444565498750 D 819,856393339,1000,2822,2822,4.3288941,0.00781,-1,-1,-1,0,0,0,136,1,1,0,0.0000000,0.0000000,0.0000000,0,0,0,0
755444566525625 D 820,856394339,1000,2822,2822,4.3288941,0.00751,-1,-1,-1,0,0,0,136,1,1,0,0.0000000,0.0000000,0.0000000,0,0,0,0
755444567517875 D 821,856395339,1000,2822,2822,4.3288941,0.00721,-1,-1,-1,0,0,0,136,1,1,0,0.0000000,0.0000000,0.0000000,0,0,0,0
755444568489625 D 822,856396339,1000,2822,2822,4.3288941,0.00693,-1,-1,-1,0,0,0,136,1,1,0,0.0000000,0.0000000,0.0000000,0,0,0,0
755444569515875 D 823,856397339,1000,2821,2821,4.3273602,-0.05349,-1,-1,-1,0,0,0,136,1,1,0,0.0000000,0.0000000,0.0000000,0,0,0,0
755444570576208 D 824,856398339,1000,2822,2822,4.3288941,0.00876,-1,-1,-1,0,0,0,136,1,1,0,0.0000000,0.0000000,0.0000000,0,0,0,0
755444571508875 D 825,856399339,1000,2822,2822,4.3288941,0.00841,-1,-1,-1,0,0,0,136,1,1,0,0.0000000,0.0000000,0.0000000,0,0,0,0
755444572746583 D 826,856400339,1000,2822,2822,4.3288941,0.00808,-1,-1,-1,0,0,0,136,1,1,0,0.0000000,0.0000000,0.0000000,0,0,0,0
755444573725500 D 827,856401339,1000,2822,2822,4.3288941,0.00777,-1,-1,-1,0,0,0,136,1,1,0,0.0000000,0.0000000,0.0000000,0,0,0,0
755444575102958 D 828,856402339,1000,2822,2822,4.3288941,0.00746,39,106,2075,0,0,0,136,1,1,0,0.0000000,0.0000000,0.0000000,0,0,0,0
755444575930958 D 829,856403339,1000,2822,2822,4.3288941,0.00717,-1,-1,-1,0,0,0,136,1,1,0,0.0000000,0.0000000,0.0000000,0,0,0,0
755444576663250 D 830,856404339,1000,2822,2822,4.3288941,0.00689,-1,-1,-1,0,0,0,136,1,1,0,0.0000000,0.0000000,0.0000000,0,0,0,0
755444577504625 D 831,856405339,1000,2822,2822,4.3288941,0.00662,-1,-1,-1,0,0,0,136,1,1,0,0.0000000,0.0000000,0.0000000,0,0,0,0
755444578501000 D 832,856406339,1000,2822,2822,4.3288941,0.00636,-1,-1,-1,0,0,0,136,1,1,0,0.0000000,0.0000000,0.0000000,0,0,0,0
755444579495083 D 833,856407339,1000,2822,2822,4.3288941,0.00611,-1,-1,-1,0,0,0,136,1,1,0,0.0000000,0.0000000,0.0000000,0,0,0,0
755444580488875 D 834,856408339,1000,2822,2822,4.3288941,0.00587,-1,-1,-1,0,0,0,136,1,1,0,0.0000000,0.0000000,0.0000000,0,0,0,0
755444581490000 D 835,856409339,1000,2822,2822,4.3288941,0.00564,-1,-1,-1,0,0,0,136,1,1,0,0.0000000,0.0000000,0.0000000,0,0,0,0
755444582495666 D 836,856410339,1000,2822,2822,4.3288941,0.00542,-1,-1,-1,0,0,0,136,1,1,0,0.0000000,0.0000000,0.0000000,0,0,0,0
755444583491750 D 837,856411339,1000,2822,2822,4.3288941,0.00521,-1,-1,-1,0,0,0,136,1,1,0,0.0000000,0.0000000,0.0000000,0,0,0,0
755444584508250 D 838,856412339,1000,2822,2822,4.3288941,0.00500,-1,-1,-1,0,0,0,136,1,1,0,0.0000000,0.0000000,0.0000000,0,0,0,0
755444585604875 D 839,856413339,1000,2822,2822,4.3288941,0.00481,-1,-1,-1,0,0,0,136,1,1,0,0.0000000,0.0000000,0.0000000,0,0,0,0
755444586554916 D 840,856414339,1000,2822,2822,4.3288941,0.00462,-1,-1,-1,0,0,0,136,1,1,0,0.0000000,0.0000000,0.0000000,0,0,0,0
755444587499708 D 841,856415339,1000,2822,2822,4.3288941,0.00444,-1,-1,-1,0,0,0,136,1,1,0,0.0000000,0.0000000,0.0000000,0,0,0,0
755444588506291 D 842,856416339,1000,2822,2822,4.3288941,0.00426,-1,-1,-1,0,0,0,136,1,1,0,0.0000000,0.0000000,0.0000000,0,0,0,0
755444589497208 D 843,856417339,1000,2822,2822,4.3288941,0.00409,-1,-1,-1,0,0,0,136,1,1,0,0.0000000,0.0000000,0.0000000,0,0,0,0
755444590492583 D 844,856418339,1000,2822,2822,4.3288941,0.00393,-1,-1,-1,0,0,0,136,1,1,0,0.0000000,0.0000000,0.0000000,0,0,0,0
755444591485958 D 845,856419339,1000,2822,2822,4.3288941,0.00378,-1,-1,-1,0,0,0,136,1,1,0,0.0000000,0.0000000,0.0000000,0,0,0,0
755444592493291 D 846,856420339,1000,2822,2822,4.3288941,0.00363,-1,-1,-1,0,0,0,136,1,1,0,0.0000000,0.0000000,0.0000000,0,0,0,0
755444593492000 D 847,856421339,1000,2822,2822,4.3288941,0.00349,-1,-1,-1,0,0,0,136,1,1,0,0.0000000,0.0000000,0.0000000,0,0,0,0
755444594484375 D 848,856422339,1000,2822,2822,4.3288941,0.00335,-1,-1,-1,0,0,0,136,1,1,0,0.0000000,0.0000000,0.0000000,0,0,0,0
755444595475375 D 849,856423339,1000,2822,2822,4.3288941,0.00322,-1,-1,-1,0,0,0,136,1,1,0,0.0000000,0.0000000,0.0000000,0,0,0,0
755444596485625 D 850,856424339,1000,2822,2822,4.3288941,0.00309,-1,-1,-1,0,0,0,136,1,1,0,0.0000000,0.0000000,0.0000000,0,0,0,0
755444597478375 D 851,856425339,1000,2822,2822,4.3288941,0.00297,-1,-1,-1,0,0,0,136,1,1,0,0.0000000,0.0000000,0.0000000,0,0,0,0
755444598478000 D 852,856426339,1000,2822,2822,4.3288941,0.00286,-1,-1,-1,0,0,0,136,1,1,0,0.0000000,0.0000000,0.0000000,0,0,0,0
755444599712708 D 853,856427339,1000,2822,2822,4.3288941,0.00274,-1,-1,-1,0,0,0,136,1,1,0,0.0000000,0.0000000,0.0000000,0,0,0,0
755444600705958 D 854,856428339,1000,2822,2822,4.3288941,0.00264,-1,-1,-1,0,0,0,136,1,1,0,0.0000000,0.0000000,0.0000000,0,0,0,0
755444601709250 D 855,856429339,1000,2822,2822,4.3288941,0.00253,-1,-1,-1,0,0,0,136,1,1,0,0.0000000,0.0000000,0.0000000,0,0,0,0
755444602706375 D 856,856430339,1000,2822,2822,4.3288941,0.00243,-1,-1,-1,0,0,0,136,1,1,0,0.0000000,0.0000000,0.0000000,0,0,0,0
755444603707583 D 857,856431339,1000,2822,2822,4.3288941,0.00234,-1,-1,-1,0,0,0,136,1,1,0,0.0000000,0.0000000,0.0000000,0,0,0,0
755444604557208 D 858,856432339,1000,2822,2822,4.3288941,0.00225,-1,-1,-1,0,0,0,136,1,1,0,0.0000000,0.0000000,0.0000000,0,0,0,0
755444606075791 D 859,856433339,1000,2822,2822,4.3288941,0.00216,-1,-1,-1,0,0,0,136,1,1,0,0.0000000,0.0000000,0.0000000,0,0,0,0
755444606686583 D 860,856434339,1000,2822,2822,4.3288941,0.00207,-1,-1,-1,0,0,0,136,1,1,0,0.0000000,0.0000000,0.0000000,0,0,0,0
755444607406625 D 861,856435339,1000,2822,2822,4.3288941,0.00199,-1,-1,-1,0,0,0,136,1,1,0,0.0000000,0.0000000,0.0000000,0,0,0,0
755444608615041 D 862,856436339,1000,2822,2822,4.3288941,0.00191,-1,-1,-1,0,0,0,136,1,1,0,0.0000000,0.0000000,0.0000000,0,0,0,0
755444609413083 D 863,856437339,1000,2822,2822,4.3288941,0.00184,-1,-1,-1,0,0,0,136,1,1,0,0.0000000,0.0000000,0.0000000,0,0,0,0
755444610385791 D 864,856438339,1000,2822,2822,4.3288941,0.00177,-1,-1,-1,0,0,0,136,1,1,0,0.0000000,0.0000000,0.0000000,0,0,0,0
755444611576416 D 865,856439339,1000,2822,2822,4.3288941,0.00170,-1,-1,-1,0,0,0,136,1,1,0,0.0000000,0.0000000,0.0000000,0,0,0,0
755444612394208 D 866,856440339,1000,2822,2822,4.3288941,0.00163,-1,-1,-1,0,0,0,136,1,1,0,0.0000000,0.0000000,0.0000000,0,0,0,0
755444613377625 D 867,856441339,1000,2822,2822,4.3288941,0.00157,-1,-1,-1,0,0,0,136,1,1,0,0.0000000,0.0000000,0.0000000,0,0,0,0
755444614333500 D 868,856442339,1000,2822,2822,4.3288941,0.00151,-1,-1,-1,0,0,0,136,1,1,0,0.0000000,0.0000000,0.0000000,0,0,0,0
755444615741208 D 869,856443339,1000,2822,2822,4.3288941,0.00145,-1,-1,-1,0,0,0,136,1,1,0,0.0000000,0.0000000,0.0000000,0,0,0,0
755444616741666 D 870,856444339,1000,2822,2822,4.3288941,0.00139,-1,-1,-1,0,0,0,136,1,1,0,0.0000000,0.0000000,0.0000000,0,0,0,0
755444617723916 D 871,856445339,1000,2822,2822,4.3288941,0.00134,-1,-1,-1,0,0,0,136,1,1,0,0.0000000,0.0000000,0.0000000,0,0,0,0
755444618504333 D 872,856446339,1000,2822,2822,4.3288941,0.00128,-1,-1,-1,0,0,0,136,1,1,0,0.0000000,0.0000000,0.0000000,0,0,0,0
755444619489916 D 873,856447339,1000,2822,2822,4.3288941,0.00123,-1,-1,-1,0,0,0,136,1,1,0,0.0000000,0.0000000,0.0000000,0,0,0,0
755444620479916 D 874,856448339,1000,2822,2822,4.3288941,0.00118,-1,-1,-1,0,0,0,136,1,1,0,0.0000000,0.0000000,0.0000000,0,0,0,0
755444621485333 D 875,856449339,1000,2822,2822,4.3288941,0.00114,-1,-1,-1,0,0,0,136,1,1,0,0.0000000,0.0000000,0.0000000,0,0,0,0
755444622478750 D 876,856450339,1000,2822,2822,4.3288941,0.00109,-1,-1,-1,0,0,0,136,1,1,0,0.0000000,0.0000000,0.0000000,0,0,0,0
755444623481041 D 877,856451339,1000,2821,2821,4.3273602,-0.05910,-1,-1,-1,0,0,0,136,1,1,0,0.0000000,0.0000000,0.0000000,0,0,0,0
755444624914916 D 878,856452339,1000,2822,2822,4.3288941,0.00337,39,106,2075,0,0,0,136,1,1,0,0.0000000,0.0000000,0.0000000,0,0,0,0
755444625545958 D 879,856453339,1000,2822,2822,4.3288941,0.00324,-1,-1,-1,0,0,0,136,1,1,0,0.0000000,0.0000000,0.0000000,0,0,0,0
755444626497750 D 880,856454339,1000,2822,2822,4.3288941,0.00311,-1,-1,-1,0,0,0,136,1,1,0,0.0000000,0.0000000,0.0000000,0,0,0,0
755444627481833 D 881,856455339,1000,2822,2822,4.3288941,0.00299,-1,-1,-1,0,0,0,136,1,1,0,0.0000000,0.0000000,0.0000000,0,0,0,0
755444628476000 D 882,856456339,1000,2822,2822,4.3288941,0.00287,-1,-1,-1,0,0,0,136,1,1,0,0.0000000,0.0000000,0.0000000,0,0,0,0
755444629478041 D 883,856457339,1000,2822,2822,4.3288941,0.00276,-1,-1,-1,0,0,0,136,1,1,0,0.0000000,0.0000000,0.0000000,0,0,0,0
755444630482333 D 884,856458339,1000,2822,2822,4.3288941,0.00265,-1,-1,-1,0,0,0,136,1,1,0,0.0000000,0.0000000,0.0000000,0,0,0,0
755444631489083 D 885,856459339,1000,2822,2822,4.3288941,0.00255,-1,-1,-1,0,0,0,136,1,1,0,0.0000000,0.0000000,0.0000000,0,0,0,0
755444632488125 D 886,856460339,1000,2822,2822,4.3288941,0.00245,-1,-1,-1,0,0,0,136,1,1,0,0.0000000,0.0000000,0.0000000,0,0,0,0
755444633512875 D 887,856461339,1000,2822,2822,4.3288941,0.00235,-1,-1,-1,0,0,0,136,1,1,0,0.0000000,0.0000000,0.0000000,0,0,0,0
755444634521791 D 888,856462339,1000,2822,2822,4.3288941,0.00226,-1,-1,-1,0,0,0,136,1,1,0,0.0000000,0.0000000,0.0000000,0,0,0,0
755444635497166 D 889,856463339,1000,2822,2822,4.3288941,0.00217,-1,-1,-1,0,0,0,136,1,1,0,0.0000000,0.0000000,0.0000000,0,0,0,0
755444636511250 D 890,856464339,1000,2822,2822,4.3288941,0.00208,-1,-1,-1,0,0,0,136,1,1,0,0.0000000,0.0000000,0.0000000,0,0,0,0
755444637489875 D 891,856465339,1000,2822,2822,4.3288941,0.00200,-1,-1,-1,0,0,0,136,1,1,0,0.0000000,0.0000000,0.0000000,0,0,0,0
755444638410916 D 892,856466339,1000,2822,2822,4.3288941,0.00192,-1,-1,-1,0,0,0,136,1,1,0,0.0000000,0.0000000,0.0000000,0,0,0,0
755444639349041 D 893,856467339,1000,2822,2822,4.3288941,0.00185,-1,-1,-1,0,0,0,136,1,1,0,0.0000000,0.0000000,0.0000000,0,0,0,0
755444640482583 D 894,856468339,1000,2822,2822,4.3288941,0.00178,-1,-1,-1,0,0,0,136,1,1,0,0.0000000,0.0000000,0.0000000,0,0,0,0
755444641412500 D 895,856469339,1000,2822,2822,4.3288941,0.00171,-1,-1,-1,0,0,0,136,1,1,0,0.0000000,0.0000000,0.0000000,0,0,0,0
755444642336041 D 896,856470339,1000,2821,2821,4.3273602,-0.05851,-1,-1,-1,0,0,0,136,1,1,0,0.0000000,0.0000000,0.0000000,0,0,0,0
755444643332791 D 897,856471339,1000,2822,2822,4.3288941,0.00393,-1,-1,-1,0,0,0,136,1,1,0,0.0000000,0.0000000,0.0000000,0,0,0,0
755444644327833 D 898,856472339,1000,2822,2822,4.3288941,0.00378,-1,-1,-1,0,0,0,136,1,1,0,0.0000000,0.0000000,0.0000000,0,0,0,0
755444645748375 D 899,856473339,1000,2822,2822,4.3288941,0.00363,-1,-1,-1,0,0,0,136,1,1,0,0.0000000,0.0000000,0.0000000,0,0,0,0
755444646717875 D 900,856474339,1000,2822,2822,4.3288941,0.00349,-1,-1,-1,0,0,0,136,1,1,0,0.0000000,0.0000000,0.0000000,0,0,0,0
755444647728291 D 901,856475339,1000,2822,2822,4.3288941,0.00335,-1,-1,-1,0,0,0,136,1,1,0,0.0000000,0.0000000,0.0000000,0,0,0,0
755444648497000 D 902,856476339,1000,2822,2822,4.3288941,0.00322,-1,-1,-1,0,0,0,135,1,1,0,0.0000000,0.0000000,0.0000000,0,0,0,0
755444649520791 D 903,856477339,1000,2822,2822,4.3288941,0.00309,-1,-1,-1,0,0,0,136,1,1,0,0.0000000,0.0000000,0.0000000,0,0,0,0
755444650490875 D 904,856478339,1000,2822,2822,4.3288941,0.00297,-1,-1,-1,0,0,0,136,1,1,0,0.0000000,0.0000000,0.0000000,0,0,0,0
755444651489291 D 905,856479339,1000,2822,2822,4.3288941,0.00286,-1,-1,-1,0,0,0,136,1,1,0,0.0000000,0.0000000,0.0000000,0,0,0,0
755444652512708 D 906,856480339,1000,2822,2822,4.3288941,0.00274,-1,-1,-1,0,0,0,136,1,1,0,0.0000000,0.0000000,0.0000000,0,0,0,0
755444653492333 D 907,856481339,1000,2822,2822,4.3288941,0.00264,-1,-1,-1,0,0,0,136,1,1,0,0.0000000,0.0000000,0.0000000,0,0,0,0
755444654486083 D 908,856482339,1000,2822,2822,4.3288941,0.00253,-1,-1,-1,0,0,0,136,1,1,0,0.0000000,0.0000000,0.0000000,0,0,0,0
755444655514666 D 909,856483339,1000,2822,2822,4.3288941,0.00243,-1,-1,-1,0,0,0,136,1,1,0,0.0000000,0.0000000,0.0000000,0,0,0,0
755444656491833 D 910,856484339,1000,2822,2822,4.3288941,0.00234,-1,-1,-1,0,0,0,136,1,1,0,0.0000000,0.0000000,0.0000000,0,0,0,0
755444657540833 D 911,856485339,1000,2822,2822,4.3288941,0.00225,-1,-1,-1,0,0,0,136,1,1,0,0.0000000,0.0000000,0.0000000,0,0,0,0
755444658504125 D 912,856486339,1000,2822,2822,4.3288941,0.00216,-1,-1,-1,0,0,0,136,1,1,0,0.0000000,0.0000000,0.0000000,0,0,0,0
755444659478958 D 913,856487339,1000,2822,2822,4.3288941,0.00207,-1,-1,-1,0,0,0,136,1,1,0,0.0000000,0.0000000,0.0000000,0,0,0,0
755444660373750 D 914,856488339,1000,2822,2822,4.3288941,0.00199,-1,-1,-1,0,0,0,136,1,1,0,0.0000000,0.0000000,0.0000000,0,0,0,0
755444661394708 D 915,856489339,1000,2822,2822,4.3288941,0.00191,-1,-1,-1,0,0,0,136,1,1,0,0.0000000,0.0000000,0.0000000,0,0,0,0
755444662327708 D 916,856490339,1000,2822,2822,4.3288941,0.00184,-1,-1,-1,0,0,0,136,1,1,0,0.0000000,0.0000000,0.0000000,0,0,0,0
755444663322166 D 917,856491339,1000,2822,2822,4.3288941,0.00177,-1,-1,-1,0,0,0,136,1,1,0,0.0000000,0.0000000,0.0000000,0,0,0,0
755444664376416 D 918,856492339,1000,2822,2822,4.3288941,0.00170,-1,-1,-1,0,0,0,136,1,1,0,0.0000000,0.0000000,0.0000000,0,0,0,0
755444665718083 D 919,856493339,1000,2822,2822,4.3288941,0.00163,-1,-1,-1,0,0,0,136,1,1,0,0.0000000,0.0000000,0.0000000,0,0,0,0
755444666708833 D 920,856494339,1000,2822,2822,4.3288941,0.00157,-1,-1,-1,0,0,0,136,1,1,0,0.0000000,0.0000000,0.0000000,0,0,0,0
755444667560666 D 921,856495339,1000,2822,2822,4.3288941,0.00151,-1,-1,-1,0,0,0,136,1,1,0,0.0000000,0.0000000,0.0000000,0,0,0,0
755444668387458 D 922,856496339,1000,2821,2821,4.3273602,-0.05870,-1,-1,-1,0,0,0,136,1,1,0,0.0000000,0.0000000,0.0000000,0,0,0,0
755444669711291 D 923,856497339,1000,2822,2822,4.3288941,0.00375,-1,-1,-1,0,0,0,136,1,1,0,0.0000000,0.0000000,0.0000000,0,0,0,0
755444670704083 D 924,856498339,1000,2822,2822,4.3288941,0.00360,-1,-1,-1,0,0,0,136,1,1,0,0.0000000,0.0000000,0.0000000,0,0,0,0
755444671715000 D 925,856499339,1000,2822,2822,4.3288941,0.00346,-1,-1,-1,0,0,0,136,1,1,0,0.0000000,0.0000000,0.0000000,0,0,0,0
755444672701250 D 926,856500339,1000,2822,2822,4.3288941,0.00332,-1,-1,-1,0,0,0,136,1,1,0,0.0000000,0.0000000,0.0000000,0,0,0,0
755444673700458 D 927,856501339,1000,2822,2822,4.3288941,0.00319,-1,-1,-1,0,0,0,136,1,1,0,0.0000000,0.0000000,0.0000000,0,0,0,0
755444675088875 D 928,856502339,1000,2822,2822,4.3288941,0.00307,39,106,2075,0,0,0,136,1,1,0,0.0000000,0.0000000,0.0000000,0,0,0,0
755444675929708 D 929,856503339,1000,2821,2821,4.3273602,-0.05720,-1,-1,-1,0,0,0,136,1,1,0,0.0000000,0.0000000,0.0000000,0,0,0,0
755444676741208 D 930,856504339,1000,2822,2822,4.3288941,0.00519,-1,-1,-1,0,0,0,135,1,1,0,0.0000000,0.0000000,0.0000000,0,0,0,0
755444677583500 D 931,856505339,1000,2822,2822,4.3288941,0.00499,-1,-1,-1,0,0,0,136,1,1,0,0.0000000,0.0000000,0.0000000,0,0,0,0
755444678484625 D 932,856506339,1000,2822,2822,4.3288941,0.00479,-1,-1,-1,0,0,0,136,1,1,0,0.0000000,0.0000000,0.0000000,0,0,0,0
755444679480125 D 933,856507339,1000,2822,2822,4.3288941,0.00460,-1,-1,-1,0,0,0,136,1,1,0,0.0000000,0.0000000,0.0000000,0,0,0,0
755444680476708 D 934,856508339,1000,2822,2822,4.3288941,0.00442,-1,-1,-1,0,0,0,136,1,1,0,0.0000000,0.0000000,0.0000000,0,0,0,0
755444681486958 D 935,856509339,1000,2821,2821,4.3273602,-0.05590,-1,-1,-1,0,0,0,136,1,1,0,0.0000000,0.0000000,0.0000000,0,0,0,0
755444682706500 D 936,856510339,1000,2822,2822,4.3288941,0.00644,-1,-1,-1,0,0,0,136,1,1,0,0.0000000,0.0000000,0.0000000,0,0,0,0
755444683701375 D 937,856511339,1000,2822,2822,4.3288941,0.00619,-1,-1,-1,0,0,0,136,1,1,0,0.0000000,0.0000000,0.0000000,0,0,0,0
755444684697708 D 938,856512339,1000,2822,2822,4.3288941,0.00595,-1,-1,-1,0,0,0,136,1,1,0,0.0000000,0.0000000,0.0000000,0,0,0,0
755444685697291 D 939,856513339,1000,2822,2822,4.3288941,0.00571,-1,-1,-1,0,0,0,136,1,1,0,0.0000000,0.0000000,0.0000000,0,0,0,0
755444686687875 D 940,856514339,1000,2822,2822,4.3288941,0.00549,-1,-1,-1,0,0,0,136,1,1,0,0.0000000,0.0000000,0.0000000,0,0,0,0
755444687699291 D 941,856515339,1000,2822,2822,4.3288941,0.00527,-1,-1,-1,0,0,0,136,1,1,0,0.0000000,0.0000000,0.0000000,0,0,0,0
755444688694541 D 942,856516339,1000,2822,2822,4.3288941,0.00507,-1,-1,-1,0,0,0,136,1,1,0,0.0000000,0.0000000,0.0000000,0,0,0,0
755444689526916 D 943,856517339,1000,2822,2822,4.3288941,0.00487,-1,-1,-1,0,0,0,136,1,1,0,0.0000000,0.0000000,0.0000000,0,0,0,0
755444690477791 D 944,856518339,1000,2822,2822,4.3288941,0.00468,-1,-1,-1,0,0,0,136,1,1,0,0.0000000,0.0000000,0.0000000,0,0,0,0
755444691488375 D 945,856519339,1000,2821,2821,4.3273602,-0.05565,-1,-1,-1,0,0,0,136,1,1,0,0.0000000,0.0000000,0.0000000,0,0,0,0
755444692703791 D 946,856520339,1000,2822,2822,4.3288941,0.00668,-1,-1,-1,0,0,0,136,1,1,0,0.0000000,0.0000000,0.0000000,0,0,0,0
755444693697875 D 947,856521339,1000,2822,2822,4.3288941,0.00642,-1,-1,-1,0,0,0,136,1,1,0,0.0000000,0.0000000,0.0000000,0,0,0,0
755444694703833 D 948,856522339,1000,2822,2822,4.3288941,0.00616,-1,-1,-1,0,0,0,136,1,1,0,0.0000000,0.0000000,0.0000000,0,0,0,0
755444695694916 D 949,856523339,1000,2822,2822,4.3288941,0.00592,-1,-1,-1,0,0,0,136,1,1,0,0.0000000,0.0000000,0.0000000,0,0,0,0
755444696715125 D 950,856524339,1000,2822,2822,4.3288941,0.00569,-1,-1,-1,0,0,0,136,1,1,0,0.0000000,0.0000000,0.0000000,0,0,0,0
755444697504500 D 951,856525339,1000,2821,2821,4.3273602,-0.05468,-1,-1,-1,0,0,0,136,1,1,0,0.0000000,0.0000000,0.0000000,0,0,0,0
755444698484416 D 952,856526339,1000,2822,2822,4.3288941,0.00761,-1,-1,-1,0,0,0,136,1,1,0,0.0000000,0.0000000,0.0000000,0,0,0,0
755444699477333 D 953,856527339,1000,2822,2822,4.3288941,0.00731,-1,-1,-1,0,0,0,136,1,1,0,0.0000000,0.0000000,0.0000000,0,0,0,0
755444700697541 D 954,856528339,1000,2822,2822,4.3288941,0.00703,-1,-1,-1,0,0,0,136,1,1,0,0.0000000,0.0000000,0.0000000,0,0,0,0
755444701719958 D 955,856529339,1000,2821,2821,4.3273602,-0.05340,-1,-1,-1,0,0,0,136,1,1,0,0.0000000,0.0000000,0.0000000,0,0,0,0
755444702716166 D 956,856530339,1000,2822,2822,4.3288941,0.00884,-1,-1,-1,0,0,0,136,1,1,0,0.0000000,0.0000000,0.0000000,0,0,0,0
755444703502416 D 957,856531339,1000,2822,2822,4.3288941,0.00850,-1,-1,-1,0,0,0,136,1,1,0,0.0000000,0.0000000,0.0000000,0,0,0,0
755444704472791 D 958,856532339,1000,2822,2822,4.3288941,0.00816,-1,-1,-1,0,0,0,135,1,1,0,0.0000000,0.0000000,0.0000000,0,0,0,0
755444705476541 D 959,856533339,1000,2822,2822,4.3288941,0.00784,-1,-1,-1,0,0,0,136,1,1,0,0.0000000,0.0000000,0.0000000,0,0,0,0
755444706479375 D 960,856534339,1000,2822,2822,4.3288941,0.00754,-1,-1,-1,0,0,0,136,1,1,0,0.0000000,0.0000000,0.0000000,0,0,0,0
755444707475416 D 961,856535339,1000,2822,2822,4.3288941,0.00724,-1,-1,-1,0,0,0,136,1,1,0,0.0000000,0.0000000,0.0000000,0,0,0,0
755444708475916 D 962,856536339,1000,2822,2822,4.3288941,0.00696,-1,-1,-1,0,0,0,136,1,1,0,0.0000000,0.0000000,0.0000000,0,0,0,0
755444709488083 D 963,856537339,1000,2821,2821,4.3273602,-0.05346,-1,-1,-1,0,0,0,136,1,1,0,0.0000000,0.0000000,0.0000000,0,0,0,0
755444710479041 D 964,856538339,1000,2822,2822,4.3288941,0.00878,-1,-1,-1,0,0,0,136,1,1,0,0.0000000,0.0000000,0.0000000,0,0,0,0
755444711475500 D 965,856539339,1000,2822,2822,4.3288941,0.00844,-1,-1,-1,0,0,0,136,1,1,0,0.0000000,0.0000000,0.0000000,0,0,0,0
755444712479875 D 966,856540339,1000,2822,2822,4.3288941,0.00811,-1,-1,-1,0,0,0,136,1,1,0,0.0000000,0.0000000,0.0000000,0,0,0,0
755444713477250 D 967,856541339,1000,2822,2822,4.3288941,0.00779,-1,-1,-1,0,0,0,136,1,1,0,0.0000000,0.0000000,0.0000000,0,0,0,0
755444714490833 D 968,856542339,1000,2821,2821,4.3273602,-0.05267,-1,-1,-1,0,0,0,136,1,1,0,0.0000000,0.0000000,0.0000000,0,0,0,0
755444715489958 D 969,856543339,1000,2822,2822,4.3288941,0.00955,-1,-1,-1,0,0,0,136,1,1,0,0.0000000,0.0000000,0.0000000,0,0,0,0
755444716476416 D 970,856544339,1000,2822,2822,4.3288941,0.00917,-1,-1,-1,0,0,0,136,1,1,0,0.0000000,0.0000000,0.0000000,0,0,0,0
755444717486250 D 971,856545339,1000,2822,2822,4.3288941,0.00881,-1,-1,-1,0,0,0,136,1,1,0,0.0000000,0.0000000,0.0000000,0,0,0,0
755444718474416 D 972,856546339,1000,2822,2822,4.3288941,0.00847,-1,-1,-1,0,0,0,136,1,1,0,0.0000000,0.0000000,0.0000000,0,0,0,0
755444719479041 D 973,856547339,1000,2822,2822,4.3288941,0.00814,-1,-1,-1,0,0,0,136,1,1,0,0.0000000,0.0000000,0.0000000,0,0,0,0
755444720484833 D 974,856548339,1000,2821,2821,4.3273602,-0.05233,-1,-1,-1,0,0,0,136,1,1,0,0.0000000,0.0000000,0.0000000,0,0,0,0
755444721480291 D 975,856549339,1000,2822,2822,4.3288941,0.00987,-1,-1,-1,0,0,0,136,1,1,0,0.0000000,0.0000000,0.0000000,0,0,0,0
755444722476916 D 976,856550339,1000,2822,2822,4.3288941,0.00948,-1,-1,-1,0,0,0,136,1,1,0,0.0000000,0.0000000,0.0000000,0,0,0,0
755444723475291 D 977,856551339,1000,2822,2822,4.3288941,0.00911,-1,-1,-1,0,0,0,136,1,1,0,0.0000000,0.0000000,0.0000000,0,0,0,0
755444724888208 D 978,856552339,1000,2821,2821,4.3273602,-0.05140,39,106,2076,0,0,0,136,1,1,0,0.0000000,0.0000000,0.0000000,0,0,0,0
755444725487000 D 979,856553339,1000,2822,2822,4.3288941,0.01077,-1,-1,-1,0,0,0,136,1,1,0,0.0000000,0.0000000,0.0000000,0,0,0,0
755444726487000 D 980,856554339,1000,2821,2821,4.3273602,-0.04980,-1,-1,-1,0,0,0,136,1,1,0,0.0000000,0.0000000,0.0000000,0,0,0,0
755444727475958 D 981,856555339,1000,2822,2822,4.3288941,0.01230,-1,-1,-1,0,0,0,136,1,1,0,0.0000000,0.0000000,0.0000000,0,0,0,0
755444728476333 D 982,856556339,1000,2822,2822,4.3288941,0.01182,-1,-1,-1,0,0,0,136,1,1,0,0.0000000,0.0000000,0.0000000,0,0,0,0
755444729477875 D 983,856557339,1000,2822,2822,4.3288941,0.01135,-1,-1,-1,0,0,0,136,1,1,0,0.0000000,0.0000000,0.0000000,0,0,0,0
755444730721958 D 984,856558339,1000,2822,2822,4.3288941,0.01091,-1,-1,-1,0,0,0,136,1,1,0,0.0000000,0.0000000,0.0000000,0,0,0,0
755444731695583 D 985,856559339,1000,2822,2822,4.3288941,0.01048,-1,-1,-1,0,0,0,136,1,1,0,0.0000000,0.0000000,0.0000000,0,0,0,0
755444732635833 D 986,856560339,1000,2822,2822,4.3288941,0.01007,-1,-1,-1,0,0,0,136,1,1,0,0.0000000,0.0000000,0.0000000,0,0,0,0
755444733476333 D 987,856561339,1000,2822,2822,4.3288941,0.00967,-1,-1,-1,0,0,0,136,1,1,0,0.0000000,0.0000000,0.0000000,0,0,0,0
755444734480416 D 988,856562339,1000,2822,2822,4.3288941,0.00929,-1,-1,-1,0,0,0,136,1,1,0,0.0000000,0.0000000,0.0000000,0,0,0,0
755444735475500 D 989,856563339,1000,2822,2822,4.3288941,0.00893,-1,-1,-1,0,0,0,136,1,1,0,0.0000000,0.0000000,0.0000000,0,0,0,0
755444736705625 D 990,856564339,1000,2821,2821,4.3273602,-0.05157,-1,-1,-1,0,0,0,136,1,1,0,0.0000000,0.0000000,0.0000000,0,0,0,0
755444737690708 D 991,856565339,1000,2822,2822,4.3288941,0.01060,-1,-1,-1,0,0,0,136,1,1,0,0.0000000,0.0000000,0.0000000,0,0,0,0
755444738701833 D 992,856566339,1000,2822,2822,4.3288941,0.01019,-1,-1,-1,0,0,0,136,1,1,0,0.0000000,0.0000000,0.0000000,0,0,0,0
755444739698500 D 993,856567339,1000,2822,2822,4.3288941,0.00979,-1,-1,-1,0,0,0,136,1,1,0,0.0000000,0.0000000,0.0000000,0,0,0,0
755444740724625 D 994,856568339,1000,2822,2822,4.3288941,0.00940,-1,-1,-1,0,0,0,136,1,1,0,0.0000000,0.0000000,0.0000000,0,0,0,0
755444741714166 D 995,856569339,1000,2821,2821,4.3273602,-0.05111,-1,-1,-1,0,0,0,136,1,1,0,0.0000000,0.0000000,0.0000000,0,0,0,0
755444742606750 D 996,856570339,1000,2822,2822,4.3288941,0.01104,-1,-1,-1,0,0,0,136,1,1,0,0.0000000,0.0000000,0.0000000,0,0,0,0
755444743481208 D 997,856571339,1000,2821,2821,4.3273602,-0.04954,-1,-1,-1,0,0,0,136,1,1,0,0.0000000,0.0000000,0.0000000,0,0,0,0
755444744477250 D 998,856572339,1000,2822,2822,4.3288941,0.01255,-1,-1,-1,0,0,0,136,1,1,0,0.0000000,0.0000000,0.0000000,0,0,0,0
755444745480916 D 999,856573339,1000,2822,2822,4.3288941,0.01206,-1,-1,-1,0,0,0,136,1,1,0,0.0000000,0.0000000,0.0000000,0,0,0,0
755444746490666 D 1000,856574339,1000,2822,2822,4.3288941,0.01158,-1,-1,-1,0,0,0,136,1,1,0,0.0000000,0.0000000,0.0000000,0,0,0,0
755444747542125 D 1001,856575339,1000,2822,2822,4.3288941,0.01113,-1,-1,-1,0,0,0,136,1,1,0,0.0000000,0.0000000,0.0000000,0,0,0,0
755444748507041 D 1002,856576339,1000,2822,2822,4.3288941,0.01069,-1,-1,-1,0,0,0,136,1,1,0,0.0000000,0.0000000,0.0000000,0,0,0,0
755444749496500 D 1003,856577339,1000,2822,2822,4.3288941,0.01027,-1,-1,-1,0,0,0,136,1,1,0,0.0000000,0.0000000,0.0000000,0,0,0,0
755444750491458 D 1004,856578339,1000,2822,2822,4.3288941,0.00987,-1,-1,-1,0,0,0,136,1,1,0,0.0000000,0.0000000,0.0000000,0,0,0,0
755444751489333 D 1005,856579339,1000,2822,2822,4.3288941,0.00948,-1,-1,-1,0,0,0,136,1,1,0,0.0000000,0.0000000,0.0000000,0,0,0,0
755444752492083 D 1006,856580339,1000,2822,2822,4.3288941,0.00911,-1,-1,-1,0,0,0,136,1,1,0,0.0000000,0.0000000,0.0000000,0,0,0,0
755444753485333 D 1007,856581339,1000,2822,2822,4.3288941,0.00875,-1,-1,-1,0,0,0,136,1,1,0,0.0000000,0.0000000,0.0000000,0,0,0,0
755444754496208 D 1008,856582339,1000,2821,2821,4.3273602,-0.05174,-1,-1,-1,0,0,0,136,1,1,0,0.0000000,0.0000000,0.0000000,0,0,0,0
755444755490000 D 1009,856583339,1000,2822,2822,4.3288941,0.01044,-1,-1,-1,0,0,0,136,1,1,0,0.0000000,0.0000000,0.0000000,0,0,0,0
755444756485875 D 1010,856584339,1000,2822,2822,4.3288941,0.01003,-1,-1,-1,0,0,0,136,1,1,0,0.0000000,0.0000000,0.0000000,0,0,0,0
755444757488250 D 1011,856585339,1000,2822,2822,4.3288941,0.00964,-1,-1,-1,0,0,0,136,1,1,0,0.0000000,0.0000000,0.0000000,0,0,0,0
755444758489375 D 1012,856586339,1000,2822,2822,4.3288941,0.00926,-1,-1,-1,0,0,0,136,1,1,0,0.0000000,0.0000000,0.0000000,0,0,0,0
755444759723458 D 1013,856587339,1000,2822,2822,4.3288941,0.00890,-1,-1,-1,0,0,0,136,1,1,0,0.0000000,0.0000000,0.0000000,0,0,0,0
755444760711541 D 1014,856588339,1000,2822,2822,4.3288941,0.00855,-1,-1,-1,0,0,0,136,1,1,0,0.0000000,0.0000000,0.0000000,0,0,0,0
755444761709416 D 1015,856589339,1000,2822,2822,4.3288941,0.00821,-1,-1,-1,0,0,0,136,1,1,0,0.0000000,0.0000000,0.0000000,0,0,0,0
755444762555416 D 1016,856590339,1000,2822,2822,4.3288941,0.00789,-1,-1,-1,0,0,0,136,1,1,0,0.0000000,0.0000000,0.0000000,0,0,0,0
755444763489333 D 1017,856591339,1000,2822,2822,4.3288941,0.00758,-1,-1,-1,0,0,0,136,1,1,0,0.0000000,0.0000000,0.0000000,0,0,0,0
755444764496958 D 1018,856592339,1000,2821,2821,4.3273602,-0.05286,-1,-1,-1,0,0,0,136,1,1,0,0.0000000,0.0000000,0.0000000,0,0,0,0
755444765711291 D 1019,856593339,1000,2822,2822,4.3288941,0.00936,-1,-1,-1,0,0,0,136,1,1,0,0.0000000,0.0000000,0.0000000,0,0,0,0
755444766713666 D 1020,856594339,1000,2822,2822,4.3288941,0.00899,-1,-1,-1,0,0,0,136,1,1,0,0.0000000,0.0000000,0.0000000,0,0,0,0
755444767725291 D 1021,856595339,1000,2822,2822,4.3288941,0.00864,-1,-1,-1,0,0,0,136,1,1,0,0.0000000,0.0000000,0.0000000,0,0,0,0
755444768531041 D 1022,856596339,1000,2822,2822,4.3288941,0.00830,-1,-1,-1,0,0,0,136,1,1,0,0.0000000,0.0000000,0.0000000,0,0,0,0
755444769483291 D 1023,856597339,1000,2822,2822,4.3288941,0.00797,-1,-1,-1,0,0,0,136,1,1,0,0.0000000,0.0000000,0.0000000,0,0,0,0
755444770489291 D 1024,856598339,1000,2822,2822,4.3288941,0.00766,-1,-1,-1,0,0,0,136,1,1,0,0.0000000,0.0000000,0.0000000,0,0,0,0
755444771504541 D 1025,856599339,1000,2822,2822,4.3288941,0.00736,-1,-1,-1,0,0,0,136,1,1,0,0.0000000,0.0000000,0.0000000,0,0,0,0
755444772522958 D 1026,856600339,1000,2822,2822,4.3288941,0.00707,-1,-1,-1,0,0,0,136,1,1,0,0.0000000,0.0000000,0.0000000,0,0,0,0
755444773541166 D 1027,856601339,1000,2822,2822,4.3288941,0.00679,-1,-1,-1,0,0,0,136,1,1,0,0.0000000,0.0000000,0.0000000,0,0,0,0
755444774929000 D 1028,856602339,1000,2822,2822,4.3288941,0.00653,39,106,2075,0,0,0,136,1,1,0,0.0000000,0.0000000,0.0000000,0,0,0,0
755444775567625 D 1029,856603339,1000,2822,2822,4.3288941,0.00627,-1,-1,-1,0,0,0,136,1,1,0,0.0000000,0.0000000,0.0000000,0,0,0,0
755444776483541 D 1030,856604339,1000,2822,2822,4.3288941,0.00603,-1,-1,-1,0,0,0,136,1,1,0,0.0000000,0.0000000,0.0000000,0,0,0,0
755444777516208 D 1031,856605339,1000,2821,2821,4.3273602,-0.05436,-1,-1,-1,0,0,0,136,1,1,0,0.0000000,0.0000000,0.0000000,0,0,0,0
755444778507750 D 1032,856606339,1000,2821,2821,4.3273602,-0.05223,-1,-1,-1,0,0,0,136,1,1,0,0.0000000,0.0000000,0.0000000,0,0,0,0
755444779714333 D 1033,856607339,1000,2822,2822,4.3288941,0.00997,-1,-1,-1,0,0,0,136,1,1,0,0.0000000,0.0000000,0.0000000,0,0,0,0
755444780709208 D 1034,856608339,1000,2821,2821,4.3273602,-0.05057,-1,-1,-1,0,0,0,136,1,1,0,0.0000000,0.0000000,0.0000000,0,0,0,0
755444781711875 D 1035,856609339,1000,2822,2822,4.3288941,0.01156,-1,-1,-1,0,0,0,136,1,1,0,0.0000000,0.0000000,0.0000000,0,0,0,0
755444782527166 D 1036,856610339,1000,2822,2822,4.3288941,0.01111,-1,-1,-1,0,0,0,136,1,1,0,0.0000000,0.0000000,0.0000000,0,0,0,0
755444783496625 D 1037,856611339,1000,2822,2822,4.3288941,0.01067,-1,-1,-1,0,0,0,136,1,1,0,0.0000000,0.0000000,0.0000000,0,0,0,0
755444784493625 D 1038,856612339,1000,2821,2821,4.3273602,-0.04989,-1,-1,-1,0,0,0,136,1,1,0,0.0000000,0.0000000,0.0000000,0,0,0,0
755444785498291 D 1039,856613339,1000,2822,2822,4.3288941,0.01221,-1,-1,-1,0,0,0,136,1,1,0,0.0000000,0.0000000,0.0000000,0,0,0,0
755444786504375 D 1040,856614339,1000,2822,2822,4.3288941,0.01173,-1,-1,-1,0,0,0,136,1,1,0,0.0000000,0.0000000,0.0000000,0,0,0,0
755444787492333 D 1041,856615339,1000,2822,2822,4.3288941,0.01127,-1,-1,-1,0,0,0,136,1,1,0,0.0000000,0.0000000,0.0000000,0,0,0,0
755444788499708 D 1042,856616339,1000,2821,2821,4.3273602,-0.04932,-1,-1,-1,0,0,0,136,1,1,0,0.0000000,0.0000000,0.0000000,0,0,0,0
755444789490750 D 1043,856617339,1000,2822,2822,4.3288941,0.01276,-1,-1,-1,0,0,0,136,1,1,0,0.0000000,0.0000000,0.0000000,0,0,0,0
755444790486208 D 1044,856618339,1000,2822,2822,4.3288941,0.01226,-1,-1,-1,0,0,0,136,1,1,0,0.0000000,0.0000000,0.0000000,0,0,0,0
755444791488541 D 1045,856619339,1000,2822,2822,4.3288941,0.01178,-1,-1,-1,0,0,0,136,1,1,0,0.0000000,0.0000000,0.0000000,0,0,0,0
755444792485583 D 1046,856620339,1000,2822,2822,4.3288941,0.01132,-1,-1,-1,0,0,0,136,1,1,0,0.0000000,0.0000000,0.0000000,0,0,0,0
755444793494875 D 1047,856621339,1000,2822,2822,4.3288941,0.01088,-1,-1,-1,0,0,0,136,1,1,0,0.0000000,0.0000000,0.0000000,0,0,0,0
755444794492958 D 1048,856622339,1000,2822,2822,4.3288941,0.01045,-1,-1,-1,0,0,0,136,1,1,0,0.0000000,0.0000000,0.0000000,0,0,0,0
755444795492250 D 1049,856623339,1000,2822,2822,4.3288941,0.01004,-1,-1,-1,0,0,0,136,1,1,0,0.0000000,0.0000000,0.0000000,0,0,0,0
755444796489333 D 1050,856624339,1000,2822,2822,4.3288941,0.00965,-1,-1,-1,0,0,0,136,1,1,0,0.0000000,0.0000000,0.0000000,0,0,0,0
755444797489416 D 1051,856625339,1000,2822,2822,4.3288941,0.00927,-1,-1,-1,0,0,0,136,1,1,0,0.0000000,0.0000000,0.0000000,0,0,0,0
755444798487375 D 1052,856626339,1000,2822,2822,4.3288941,0.00890,-1,-1,-1,0,0,0,136,1,1,0,0.0000000,0.0000000,0.0000000,0,0,0,0
755444799478250 D 1053,856627339,1000,2822,2822,4.3288941,0.00856,-1,-1,-1,0,0,0,136,1,1,0,0.0000000,0.0000000,0.0000000,0,0,0,0
755444800493500 D 1054,856628339,1000,2822,2822,4.3288941,0.00822,-1,-1,-1,0,0,0,136,1,1,0,0.0000000,0.0000000,0.0000000,0,0,0,0
755444801498666 D 1055,856629339,1000,2821,2821,4.3273602,-0.05225,-1,-1,-1,0,0,0,136,1,1,0,0.0000000,0.0000000,0.0000000,0,0,0,0
755444802497833 D 1056,856630339,1000,2822,2822,4.3288941,0.00995,-1,-1,-1,0,0,0,136,1,1,0,0.0000000,0.0000000,0.0000000,0,0,0,0
755444803495750 D 1057,856631339,1000,2822,2822,4.3288941,0.00956,-1,-1,-1,0,0,0,136,1,1,0,0.0000000,0.0000000,0.0000000,0,0,0,0
755444804475041 D 1058,856632339,1000,2822,2822,4.3288941,0.00918,-1,-1,-1,0,0,0,136,1,1,0,0.0000000,0.0000000,0.0000000,0,0,0,0
755444805489041 D 1059,856633339,1000,2822,2822,4.3288941,0.00882,-1,-1,-1,0,0,0,136,1,1,0,0.0000000,0.0000000,0.0000000,0,0,0,0
755444806498083 D 1060,856634339,1000,2822,2822,4.3288941,0.00848,-1,-1,-1,0,0,0,136,1,1,0,0.0000000,0.0000000,0.0000000,0,0,0,0
755444807494541 D 1061,856635339,1000,2822,2822,4.3288941,0.00814,-1,-1,-1,0,0,0,136,1,1,0,0.0000000,0.0000000,0.0000000,0,0,0,0
755444808485500 D 1062,856636339,1000,2822,2822,4.3288941,0.00782,-1,-1,-1,0,0,0,136,1,1,0,0.0000000,0.0000000,0.0000000,0,0,0,0
755444809487875 D 1063,856637339,1000,2822,2822,4.3288941,0.00752,-1,-1,-1,0,0,0,136,1,1,0,0.0000000,0.0000000,0.0000000,0,0,0,0
755444810491666 D 1064,856638339,1000,2822,2822,4.3288941,0.00722,-1,-1,-1,0,0,0,136,1,1,0,0.0000000,0.0000000,0.0000000,0,0,0,0
755444811610708 D 1065,856639339,1000,2822,2822,4.3288941,0.00694,-1,-1,-1,0,0,0,136,1,1,0,0.0000000,0.0000000,0.0000000,0,0,0,0
755444812502250 D 1066,856640339,1000,2822,2822,4.3288941,0.00667,-1,-1,-1,0,0,0,136,1,1,0,0.0000000,0.0000000,0.0000000,0,0,0,0
755444813717208 D 1067,856641339,1000,2822,2822,4.3288941,0.00641,-1,-1,-1,0,0,0,136,1,1,0,0.0000000,0.0000000,0.0000000,0,0,0,0
755444814709916 D 1068,856642339,1000,2822,2822,4.3288941,0.00615,-1,-1,-1,0,0,0,136,1,1,0,0.0000000,0.0000000,0.0000000,0,0,0,0
755444815707791 D 1069,856643339,1000,2822,2822,4.3288941,0.00591,-1,-1,-1,0,0,0,136,1,1,0,0.0000000,0.0000000,0.0000000,0,0,0,0
755444816720541 D 1070,856644339,1000,2821,2821,4.3273602,-0.05447,-1,-1,-1,0,0,0,136,1,1,0,0.0000000,0.0000000,0.0000000,0,0,0,0
755444817710666 D 1071,856645339,1000,2822,2822,4.3288941,0.00782,-1,-1,-1,0,0,0,136,1,1,0,0.0000000,0.0000000,0.0000000,0,0,0,0
755444818715000 D 1072,856646339,1000,2822,2822,4.3288941,0.00751,-1,-1,-1,0,0,0,136,1,1,0,0.0000000,0.0000000,0.0000000,0,0,0,0
755444819722416 D 1073,856647339,1000,2822,2822,4.3288941,0.00722,-1,-1,-1,0,0,0,136,1,1,0,0.0000000,0.0000000,0.0000000,0,0,0,0
755444820708083 D 1074,856648339,1000,2822,2822,4.3288941,0.00693,-1,-1,-1,0,0,0,136,1,1,0,0.0000000,0.0000000,0.0000000,0,0,0,0
755444821542083 D 1075,856649339,1000,2822,2822,4.3288941,0.00666,-1,-1,-1,0,0,0,136,1,1,0,0.0000000,0.0000000,0.0000000,0,0,0,0
755444822492625 D 1076,856650339,1000,2822,2822,4.3288941,0.00640,-1,-1,-1,0,0,0,136,1,1,0,0.0000000,0.0000000,0.0000000,0,0,0,0
755444823489916 D 1077,856651339,1000,2822,2822,4.3288941,0.00615,-1,-1,-1,0,0,0,136,1,1,0,0.0000000,0.0000000,0.0000000,0,0,0,0
755444825179916 D 1078,856652339,1000,2822,2822,4.3288941,0.00591,39,106,2075,0,0,0,136,1,1,0,0.0000000,0.0000000,0.0000000,0,0,0,0
755444826069083 D 1079,856653339,1000,2822,2822,4.3288941,0.00568,-1,-1,-1,0,0,0,136,1,1,0,0.0000000,0.0000000,0.0000000,0,0,0,0
755444826953125 D 1080,856654339,1000,2822,2822,4.3288941,0.00545,-1,-1,-1,0,0,0,136,1,1,0,0.0000000,0.0000000,0.0000000,0,0,0,0
755444827603166 D 1081,856655339,1000,2822,2822,4.3288941,0.00524,-1,-1,-1,0,0,0,136,1,1,0,0.0000000,0.0000000,0.0000000,0,0,0,0
755444828521083 D 1082,856656339,1000,2822,2822,4.3288941,0.00503,-1,-1,-1,0,0,0,136,1,1,0,0.0000000,0.0000000,0.0000000,0,0,0,0
755444829510166 D 1083,856657339,1000,2822,2822,4.3288941,0.00484,-1,-1,-1,0,0,0,136,1,1,0,0.0000000,0.0000000,0.0000000,0,0,0,0
755444830510875 D 1084,856658339,1000,2822,2822,4.3288941,0.00465,-1,-1,-1,0,0,0,136,1,1,0,0.0000000,0.0000000,0.0000000,0,0,0,0
755444831497416 D 1085,856659339,1000,2822,2822,4.3288941,0.00447,-1,-1,-1,0,0,0,136,1,1,0,0.0000000,0.0000000,0.0000000,0,0,0,0
755444832510541 D 1086,856660339,1000,2822,2822,4.3288941,0.00429,-1,-1,-1,0,0,0,136,1,1,0,0.0000000,0.0000000,0.0000000,0,0,0,0
755444833496083 D 1087,856661339,1000,2822,2822,4.3288941,0.00412,-1,-1,-1,0,0,0,136,1,1,0,0.0000000,0.0000000,0.0000000,0,0,0,0
755444834506166 D 1088,856662339,1000,2822,2822,4.3288941,0.00396,-1,-1,-1,0,0,0,136,1,1,0,0.0000000,0.0000000,0.0000000,0,0,0,0
755444835502750 D 1089,856663339,1000,2821,2821,4.3273602,-0.05634,-1,-1,-1,0,0,0,136,1,1,0,0.0000000,0.0000000,0.0000000,0,0,0,0
755444836513541 D 1090,856664339,1000,2822,2822,4.3288941,0.00601,-1,-1,-1,0,0,0,136,1,1,0,0.0000000,0.0000000,0.0000000,0,0,0,0
755444837497375 D 1091,856665339,1000,2822,2822,4.3288941,0.00578,-1,-1,-1,0,0,0,136,1,1,0,0.0000000,0.0000000,0.0000000,0,0,0,0
755444838502291 D 1092,856666339,1000,2822,2822,4.3288941,0.00555,-1,-1,-1,0,0,0,136,1,1,0,0.0000000,0.0000000,0.0000000,0,0,0,0
755444839510875 D 1093,856667339,1000,2821,2821,4.3273602,-0.05481,-1,-1,-1,0,0,0,136,1,1,0,0.0000000,0.0000000,0.0000000,0,0,0,0
755444840510625 D 1094,856668339,1000,2822,2822,4.3288941,0.00748,-1,-1,-1,0,0,0,136,1,1,0,0.0000000,0.0000000,0.0000000,0,0,0,0
755444841524708 D 1095,856669339,1000,2821,2821,4.3273602,-0.05296,-1,-1,-1,0,0,0,136,1,1,0,0.0000000,0.0000000,0.0000000,0,0,0,0
755444842553458 D 1096,856670339,1000,2822,2822,4.3288941,0.00927,-1,-1,-1,0,0,0,136,1,1,0,0.0000000,0.0000000,0.0000000,0,0,0,0
755444845286666 D 1097,856671339,1000,2822,2822,4.3288941,0.00890,-1,-1,-1,0,0,0,136,1,1,0,0.0000000,0.0000000,0.0000000,0,0,0,0
755444845979916 D 1098,856672339,1000,2822,2822,4.3288941,0.00855,-1,-1,-1,0,0,0,136,1,1,0,0.0000000,0.0000000,0.0000000,0,0,0,0
755444846650125 D 1099,856673339,1000,2822,2822,4.3288941,0.00822,-1,-1,-1,0,0,0,136,1,1,0,0.0000000,0.0000000,0.0000000,0,0,0,0
755444847300333 D 1100,856674339,1000,2822,2822,4.3288941,0.00790,-1,-1,-1,0,0,0,136,1,1,0,0.0000000,0.0000000,0.0000000,0,0,0,0
755444847944041 D 1101,856675339,1000,2822,2822,4.3288941,0.00759,-1,-1,-1,0,0,0,136,1,1,0,0.0000000,0.0000000,0.0000000,0,0,0,0
755444848567125 D 1102,856676339,1000,2822,2822,4.3288941,0.00729,-1,-1,-1,0,0,0,136,1,1,0,0.0000000,0.0000000,0.0000000,0,0,0,0
755444849489250 D 1103,856677339,1000,2822,2822,4.3288941,0.00700,-1,-1,-1,0,0,0,136,1,1,0,0.0000000,0.0000000,0.0000000,0,0,0,0
755444850465875 D 1104,856678339,1000,2822,2822,4.3288941,0.00673,-1,-1,-1,0,0,0,136,1,1,0,0.0000000,0.0000000,0.0000000,0,0,0,0
755444851453541 D 1105,856679339,1000,2821,2821,4.3273602,-0.05368,-1,-1,-1,0,0,0,136,1,1,0,0.0000000,0.0000000,0.0000000,0,0,0,0
755444852468375 D 1106,856680339,1000,2822,2822,4.3288941,0.00857,-1,-1,-1,0,0,0,136,1,1,0,0.0000000,0.0000000,0.0000000,0,0,0,0
755444853452416 D 1107,856681339,1000,2822,2822,4.3288941,0.00823,-1,-1,-1,0,0,0,136,1,1,0,0.0000000,0.0000000,0.0000000,0,0,0,0
755444854455833 D 1108,856682339,1000,2822,2822,4.3288941,0.00791,-1,-1,-1,0,0,0,136,1,1,0,0.0000000,0.0000000,0.0000000,0,0,0,0
755444855465500 D 1109,856683339,1000,2822,2822,4.3288941,0.00760,-1,-1,-1,0,0,0,136,1,1,0,0.0000000,0.0000000,0.0000000,0,0,0,0
755444856502500 D 1110,856684339,1000,2822,2822,4.3288941,0.00730,-1,-1,-1,0,0,0,136,1,1,0,0.0000000,0.0000000,0.0000000,0,0,0,0
755444857473875 D 1111,856685339,1000,2822,2822,4.3288941,0.00702,-1,-1,-1,0,0,0,136,1,1,0,0.0000000,0.0000000,0.0000000,0,0,0,0
755444858471291 D 1112,856686339,1000,2822,2822,4.3288941,0.00674,-1,-1,-1,0,0,0,136,1,1,0,0.0000000,0.0000000,0.0000000,0,0,0,0
755444859461708 D 1113,856687339,1000,2822,2822,4.3288941,0.00648,-1,-1,-1,0,0,0,136,1,1,0,0.0000000,0.0000000,0.0000000,0,0,0,0
755444860465208 D 1114,856688339,1000,2822,2822,4.3288941,0.00622,-1,-1,-1,0,0,0,136,1,1,0,0.0000000,0.0000000,0.0000000,0,0,0,0
755444861456708 D 1115,856689339,1000,2822,2822,4.3288941,0.00598,-1,-1,-1,0,0,0,136,1,1,0,0.0000000,0.0000000,0.0000000,0,0,0,0
755444862460375 D 1116,856690339,1000,2821,2821,4.3273602,-0.05440,-1,-1,-1,0,0,0,136,1,1,0,0.0000000,0.0000000,0.0000000,0,0,0,0
755444863454583 D 1117,856691339,1000,2822,2822,4.3288941,0.00788,-1,-1,-1,0,0,0,136,1,1,0,0.0000000,0.0000000,0.0000000,0,0,0,0
755444864470875 D 1118,856692339,1000,2822,2822,4.3288941,0.00757,-1,-1,-1,0,0,0,136,1,1,0,0.0000000,0.0000000,0.0000000,0,0,0,0
755444865452916 D 1119,856693339,1000,2822,2822,4.3288941,0.00727,-1,-1,-1,0,0,0,136,1,1,0,0.0000000,0.0000000,0.0000000,0,0,0,0
755444866541083 D 1120,856694339,1000,2822,2822,4.3288941,0.00699,-1,-1,-1,0,0,0,136,1,1,0,0.0000000,0.0000000,0.0000000,0,0,0,0
755444867530750 D 1121,856695339,1000,2822,2822,4.3288941,0.00671,-1,-1,-1,0,0,0,136,1,1,0,0.0000000,0.0000000,0.0000000,0,0,0,0
755444868645625 D 1122,856696339,1000,2821,2821,4.3273602,-0.05370,-1,-1,-1,0,0,0,136,1,1,0,0.0000000,0.0000000,0.0000000,0,0,0,0
755444869572000 D 1123,856697339,1000,2822,2822,4.3288941,0.00856,-1,-1,-1,0,0,0,136,1,1,0,0.0000000,0.0000000,0.0000000,0,0,0,0
755444870589208 D 1124,856698339,1000,2822,2822,4.3288941,0.00822,-1,-1,-1,0,0,0,136,1,1,0,0.0000000,0.0000000,0.0000000,0,0,0,0
755444871596375 D 1125,856699339,1000,2822,2822,4.3288941,0.00790,-1,-1,-1,0,0,0,136,1,1,0,0.0000000,0.0000000,0.0000000,0,0,0,0
755444872600916 D 1126,856700339,1000,2822,2822,4.3288941,0.00759,-1,-1,-1,0,0,0,136,1,1,0,0.0000000,0.0000000,0.0000000,0,0,0,0
755444873554875 D 1127,856701339,1000,2822,2822,4.3288941,0.00729,-1,-1,-1,0,0,0,136,1,1,0,0.0000000,0.0000000,0.0000000,0,0,0,0
755444874931583 D 1128,856702339,1000,2822,2822,4.3288941,0.00700,39,106,2075,0,0,0,136,1,1,0,0.0000000,0.0000000,0.0000000,0,0,0,0
755444875542125 D 1129,856703339,1000,2822,2822,4.3288941,0.00673,-1,-1,-1,0,0,0,136,1,1,0,0.0000000,0.0000000,0.0000000,0,0,0,0
755444876531041 D 1130,856704339,1000,2822,2822,4.3288941,0.00647,-1,-1,-1,0,0,0,136,1,1,0,0.0000000,0.0000000,0.0000000,0,0,0,0
755444877522416 D 1131,856705339,1000,2822,2822,4.3288941,0.00621,-1,-1,-1,0,0,0,136,1,1,0,0.0000000,0.0000000,0.0000000,0,0,0,0
755444878526041 D 1132,856706339,1000,2822,2822,4.3288941,0.00597,-1,-1,-1,0,0,0,136,1,1,0,0.0000000,0.0000000,0.0000000,0,0,0,0
755444879519250 D 1133,856707339,1000,2822,2822,4.3288941,0.00573,-1,-1,-1,0,0,0,136,1,1,0,0.0000000,0.0000000,0.0000000,0,0,0,0
755444880526250 D 1134,856708339,1000,2821,2821,4.3273602,-0.05464,-1,-1,-1,0,0,0,136,1,1,0,0.0000000,0.0000000,0.0000000,0,0,0,0
755444881521000 D 1135,856709339,1000,2822,2822,4.3288941,0.00765,-1,-1,-1,0,0,0,136,1,1,0,0.0000000,0.0000000,0.0000000,0,0,0,0
755444882519500 D 1136,856710339,1000,2822,2822,4.3288941,0.00735,-1,-1,-1,0,0,0,136,1,1,0,0.0000000,0.0000000,0.0000000,0,0,0,0
755444883521375 D 1137,856711339,1000,2822,2822,4.3288941,0.00706,-1,-1,-1,0,0,0,136,1,1,0,0.0000000,0.0000000,0.0000000,0,0,0,0
755444884517916 D 1138,856712339,1000,2822,2822,4.3288941,0.00679,-1,-1,-1,0,0,0,136,1,1,0,0.0000000,0.0000000,0.0000000,0,0,0,0
755444885519291 D 1139,856713339,1000,2822,2822,4.3288941,0.00652,-1,-1,-1,0,0,0,136,1,1,0,0.0000000,0.0000000,0.0000000,0,0,0,0
755444886584791 D 1140,856714339,1000,2822,2822,4.3288941,0.00627,-1,-1,-1,0,0,0,136,1,1,0,0.0000000,0.0000000,0.0000000,0,0,0,0
755444887564250 D 1141,856715339,1000,2822,2822,4.3288941,0.00602,-1,-1,-1,0,0,0,136,1,1,0,0.0000000,0.0000000,0.0000000,0,0,0,0
755444888549500 D 1142,856716339,1000,2822,2822,4.3288941,0.00578,-1,-1,-1,0,0,0,136,1,1,0,0.0000000,0.0000000,0.0000000,0,0,0,0
755444889533000 D 1143,856717339,1000,2822,2822,4.3288941,0.00556,-1,-1,-1,0,0,0,136,1,1,0,0.0000000,0.0000000,0.0000000,0,0,0,0
755444890543458 D 1144,856718339,1000,2821,2821,4.3273602,-0.05481,-1,-1,-1,0,0,0,136,1,1,0,0.0000000,0.0000000,0.0000000,0,0,0,0
755444891534916 D 1145,856719339,1000,2821,2821,4.3273602,-0.05266,-1,-1,-1,0,0,0,136,1,1,0,0.0000000,0.0000000,0.0000000,0,0,0,0
755444892531125 D 1146,856720339,1000,2822,2822,4.3288941,0.00955,-1,-1,-1,0,0,0,136,1,1,0,0.0000000,0.0000000,0.0000000,0,0,0,0
755444893521250 D 1147,856721339,1000,2822,2822,4.3288941,0.00918,-1,-1,-1,0,0,0,136,1,1,0,0.0000000,0.0000000,0.0000000,0,0,0,0
755444894523125 D 1148,856722339,1000,2822,2822,4.3288941,0.00882,-1,-1,-1,0,0,0,136,1,1,0,0.0000000,0.0000000,0.0000000,0,0,0,0
755444895522125 D 1149,856723339,1000,2822,2822,4.3288941,0.00847,-1,-1,-1,0,0,0,136,1,1,0,0.0000000,0.0000000,0.0000000,0,0,0,0
755444896524500 D 1150,856724339,1000,2822,2822,4.3288941,0.00814,-1,-1,-1,0,0,0,136,1,1,0,0.0000000,0.0000000,0.0000000,0,0,0,0
755444897522958 D 1151,856725339,1000,2822,2822,4.3288941,0.00782,-1,-1,-1,0,0,0,136,1,1,0,0.0000000,0.0000000,0.0000000,0,0,0,0
755444898521916 D 1152,856726339,1000,2822,2822,4.3288941,0.00751,-1,-1,-1,0,0,0,136,1,1,0,0.0000000,0.0000000,0.0000000,0,0,0,0
755444899509458 D 1153,856727339,1000,2822,2822,4.3288941,0.00722,-1,-1,-1,0,0,0,136,1,1,0,0.0000000,0.0000000,0.0000000,0,0,0,0
755444900521541 D 1154,856728339,1000,2822,2822,4.3288941,0.00694,-1,-1,-1,0,0,0,136,1,1,0,0.0000000,0.0000000,0.0000000,0,0,0,0
755444901508208 D 1155,856729339,1000,2822,2822,4.3288941,0.00666,-1,-1,-1,0,0,0,136,1,1,0,0.0000000,0.0000000,0.0000000,0,0,0,0
755444902548958 D 1156,856730339,1000,2822,2822,4.3288941,0.00640,-1,-1,-1,0,0,0,136,1,1,0,0.0000000,0.0000000,0.0000000,0,0,0,0
755444903603833 D 1157,856731339,1000,2821,2821,4.3273602,-0.05400,-1,-1,-1,0,0,0,136,1,1,0,0.0000000,0.0000000,0.0000000,0,0,0,0
755444904635541 D 1158,856732339,1000,2821,2821,4.3273602,-0.05188,-1,-1,-1,0,0,0,136,1,1,0,0.0000000,0.0000000,0.0000000,0,0,0,0
755444905637791 D 1159,856733339,1000,2822,2822,4.3288941,0.01030,-1,-1,-1,0,0,0,136,1,1,0,0.0000000,0.0000000,0.0000000,0,0,0,0
755444906557916 D 1160,856734339,1000,2821,2821,4.3273602,-0.05025,-1,-1,-1,0,0,0,136,1,1,0,0.0000000,0.0000000,0.0000000,0,0,0,0
755444907508333 D 1161,856735339,1000,2822,2822,4.3288941,0.01187,-1,-1,-1,0,0,0,136,1,1,0,0.0000000,0.0000000,0.0000000,0,0,0,0
755444908510666 D 1162,856736339,1000,2822,2822,4.3288941,0.01140,-1,-1,-1,0,0,0,136,1,1,0,0.0000000,0.0000000,0.0000000,0,0,0,0
755444909502166 D 1163,856737339,1000,2822,2822,4.3288941,0.01096,-1,-1,-1,0,0,0,136,1,1,0,0.0000000,0.0000000,0.0000000,0,0,0,0
755444910507833 D 1164,856738339,1000,2822,2822,4.3288941,0.01053,-1,-1,-1,0,0,0,136,1,1,0,0.0000000,0.0000000,0.0000000,0,0,0,0
755444911537083 D 1165,856739339,1000,2822,2822,4.3288941,0.01011,-1,-1,-1,0,0,0,136,1,1,0,0.0000000,0.0000000,0.0000000,0,0,0,0
755444912499416 D 1166,856740339,1000,2822,2822,4.3288941,0.00972,-1,-1,-1,0,0,0,136,1,1,0,0.0000000,0.0000000,0.0000000,0,0,0,0
755444913521750 D 1167,856741339,1000,2822,2822,4.3288941,0.00934,-1,-1,-1,0,0,0,136,1,1,0,0.0000000,0.0000000,0.0000000,0,0,0,0
755444914566416 D 1168,856742339,1000,2822,2822,4.3288941,0.00897,-1,-1,-1,0,0,0,136,1,1,0,0.0000000,0.0000000,0.0000000,0,0,0,0
755444915542000 D 1169,856743339,1000,2822,2822,4.3288941,0.00862,-1,-1,-1,0,0,0,136,1,1,0,0.0000000,0.0000000,0.0000000,0,0,0,0
755444916520041 D 1170,856744339,1000,2822,2822,4.3288941,0.00828,-1,-1,-1,0,0,0,136,1,1,0,0.0000000,0.0000000,0.0000000,0,0,0,0
755444917503500 D 1171,856745339,1000,2822,2822,4.3288941,0.00796,-1,-1,-1,0,0,0,136,1,1,0,0.0000000,0.0000000,0.0000000,0,0,0,0
755444918539625 D 1172,856746339,1000,2822,2822,4.3288941,0.00764,-1,-1,-1,0,0,0,136,1,1,0,0.0000000,0.0000000,0.0000000,0,0,0,0
755444919527083 D 1173,856747339,1000,2822,2822,4.3288941,0.00734,-1,-1,-1,0,0,0,136,1,1,0,0.0000000,0.0000000,0.0000000,0,0,0,0
755444920556041 D 1174,856748339,1000,2821,2821,4.3273602,-0.05309,-1,-1,-1,0,0,0,136,1,1,0,0.0000000,0.0000000,0.0000000,0,0,0,0
755444921601875 D 1175,856749339,1000,2821,2821,4.3273602,-0.05101,-1,-1,-1,0,0,0,136,1,1,0,0.0000000,0.0000000,0.0000000,0,0,0,0
755444922782083 D 1176,856750339,1000,2822,2822,4.3288941,0.01114,-1,-1,-1,0,0,0,136,1,1,0,0.0000000,0.0000000,0.0000000,0,0,0,0
755444923779666 D 1177,856751339,1000,2822,2822,4.3288941,0.01070,-1,-1,-1,0,0,0,136,1,1,0,0.0000000,0.0000000,0.0000000,0,0,0,0
755444924978708 D 1178,856752339,1000,2822,2822,4.3288941,0.01028,39,106,2076,0,0,0,136,1,1,0,0.0000000,0.0000000,0.0000000,0,0,0,0
755444925624375 D 1179,856753339,1000,2822,2822,4.3288941,0.00988,-1,-1,-1,0,0,0,136,1,1,0,0.0000000,0.0000000,0.0000000,0,0,0,0
755444926512416 D 1180,856754339,1000,2822,2822,4.3288941,0.00949,-1,-1,-1,0,0,0,136,1,1,0,0.0000000,0.0000000,0.0000000,0,0,0,0
755444927513250 D 1181,856755339,1000,2822,2822,4.3288941,0.00912,-1,-1,-1,0,0,0,136,1,1,0,0.0000000,0.0000000,0.0000000,0,0,0,0
755444928512041 D 1182,856756339,1000,2822,2822,4.3288941,0.00876,-1,-1,-1,0,0,0,136,1,1,0,0.0000000,0.0000000,0.0000000,0,0,0,0
755444929516000 D 1183,856757339,1000,2822,2822,4.3288941,0.00842,-1,-1,-1,0,0,0,136,1,1,0,0.0000000,0.0000000,0.0000000,0,0,0,0
755444930508958 D 1184,856758339,1000,2822,2822,4.3288941,0.00809,-1,-1,-1,0,0,0,136,1,1,0,0.0000000,0.0000000,0.0000000,0,0,0,0
755444931512541 D 1185,856759339,1000,2822,2822,4.3288941,0.00777,-1,-1,-1,0,0,0,136,1,1,0,0.0000000,0.0000000,0.0000000,0,0,0,0
755444932501541 D 1186,856760339,1000,2822,2822,4.3288941,0.00747,-1,-1,-1,0,0,0,136,1,1,0,0.0000000,0.0000000,0.0000000,0,0,0,0
755444933556458 D 1187,856761339,1000,2821,2821,4.3273602,-0.05297,-1,-1,-1,0,0,0,136,1,1,0,0.0000000,0.0000000,0.0000000,0,0,0,0
755444934538833 D 1188,856762339,1000,2822,2822,4.3288941,0.00925,-1,-1,-1,0,0,0,136,1,1,0,0.0000000,0.0000000,0.0000000,0,0,0,0
755444935575833 D 1189,856763339,1000,2822,2822,4.3288941,0.00889,-1,-1,-1,0,0,0,136,1,1,0,0.0000000,0.0000000,0.0000000,0,0,0,0
755444936584541 D 1190,856764339,1000,2822,2822,4.3288941,0.00854,-1,-1,-1,0,0,0,136,1,1,0,0.0000000,0.0000000,0.0000000,0,0,0,0
755444937515041 D 1191,856765339,1000,2821,2821,4.3273602,-0.05194,-1,-1,-1,0,0,0,136,1,1,0,0.0000000,0.0000000,0.0000000,0,0,0,0
755444938581333 D 1192,856766339,1000,2821,2821,4.3273602,-0.04991,-1,-1,-1,0,0,0,136,1,1,0,0.0000000,0.0000000,0.0000000,0,0,0,0
755444939523000 D 1193,856767339,1000,2822,2822,4.3288941,0.01220,-1,-1,-1,0,0,0,136,1,1,0,0.0000000,0.0000000,0.0000000,0,0,0,0
755444940528416 D 1194,856768339,1000,2821,2821,4.3273602,-0.04843,-1,-1,-1,0,0,0,136,1,1,0,0.0000000,0.0000000,0.0000000,0,0,0,0
755444941510500 D 1195,856769339,1000,2822,2822,4.3288941,0.01362,-1,-1,-1,0,0,0,136,1,1,0,0.0000000,0.0000000,0.0000000,0,0,0,0
755444942506791 D 1196,856770339,1000,2822,2822,4.3288941,0.01309,-1,-1,-1,0,0,0,136,1,1,0,0.0000000,0.0000000,0.0000000,0,0,0,0
755444943544208 D 1197,856771339,1000,2822,2822,4.3288941,0.01257,-1,-1,-1,0,0,0,136,1,1,0,0.0000000,0.0000000,0.0000000,0,0,0,0
755444944626166 D 1198,856772339,1000,2822,2822,4.3288941,0.01208,-1,-1,-1,0,0,0,136,1,1,0,0.0000000,0.0000000,0.0000000,0,0,0,0
755444945549333 D 1199,856773339,1000,2822,2822,4.3288941,0.01161,-1,-1,-1,0,0,0,136,1,1,0,0.0000000,0.0000000,0.0000000,0,0,0,0
755444946537458 D 1200,856774339,1000,2822,2822,4.3288941,0.01115,-1,-1,-1,0,0,0,136,1,1,0,0.0000000,0.0000000,0.0000000,0,0,0,0
755444947561625 D 1201,856775339,1000,2822,2822,4.3288941,0.01071,-1,-1,-1,0,0,0,136,1,1,0,0.0000000,0.0000000,0.0000000,0,0,0,0
755444948568083 D 1202,856776339,1000,2821,2821,4.3273602,-0.04986,-1,-1,-1,0,0,0,136,1,1,0,0.0000000,0.0000000,0.0000000,0,0,0,0
755444949547291 D 1203,856777339,1000,2822,2822,4.3288941,0.01225,-1,-1,-1,0,0,0,136,1,1,0,0.0000000,0.0000000,0.0000000,0,0,0,0
755444950603250 D 1204,856778339,1000,2822,2822,4.3288941,0.01177,-1,-1,-1,0,0,0,136,1,1,0,0.0000000,0.0000000,0.0000000,0,0,0,0
755444951661958 D 1205,856779339,1000,2822,2822,4.3288941,0.01131,-1,-1,-1,0,0,0,136,1,1,0,0.0000000,0.0000000,0.0000000,0,0,0,0
755444952678625 D 1206,856780339,1000,2822,2822,4.3288941,0.01086,-1,-1,-1,0,0,0,136,1,1,0,0.0000000,0.0000000,0.0000000,0,0,0,0
755444953705333 D 1207,856781339,1000,2822,2822,4.3288941,0.01044,-1,-1,-1,0,0,0,136,1,1,0,0.0000000,0.0000000,0.0000000,0,0,0,0
755444954677708 D 1208,856782339,1000,2822,2822,4.3288941,0.01003,-1,-1,-1,0,0,0,136,1,1,0,0.0000000,0.0000000,0.0000000,0,0,0,0
755444955660583 D 1209,856783339,1000,2822,2822,4.3288941,0.00963,-1,-1,-1,0,0,0,136,1,1,0,0.0000000,0.0000000,0.0000000,0,0,0,0
755444956748000 D 1210,856784339,1000,2821,2821,4.3273602,-0.05089,-1,-1,-1,0,0,0,136,1,1,0,0.0000000,0.0000000,0.0000000,0,0,0,0
755444957800416 D 1211,856785339,1000,2822,2822,4.3288941,0.01125,-1,-1,-1,0,0,0,136,1,1,0,0.0000000,0.0000000,0.0000000,0,0,0,0
755444958803666 D 1212,856786339,1000,2822,2822,4.3288941,0.01081,-1,-1,-1,0,0,0,136,1,1,0,0.0000000,0.0000000,0.0000000,0,0,0,0
755444959676083 D 1213,856787339,1000,2821,2821,4.3273602,-0.04976,-1,-1,-1,0,0,0,136,1,1,0,0.0000000,0.0000000,0.0000000,0,0,0,0
755444960580583 D 1214,856788339,1000,2822,2822,4.3288941,0.01234,-1,-1,-1,0,0,0,136,1,1,0,0.0000000,0.0000000,0.0000000,0,0,0,0
755444961548000 D 1215,856789339,1000,2822,2822,4.3288941,0.01185,-1,-1,-1,0,0,0,136,1,1,0,0.0000000,0.0000000,0.0000000,0,0,0,0
755444962550500 D 1216,856790339,1000,2821,2821,4.3273602,-0.04876,-1,-1,-1,0,0,0,136,1,1,0,0.0000000,0.0000000,0.0000000,0,0,0,0
755444963528833 D 1217,856791339,1000,2822,2822,4.3288941,0.01330,-1,-1,-1,0,0,0,136,1,1,0,0.0000000,0.0000000,0.0000000,0,0,0,0
755444964537541 D 1218,856792339,1000,2821,2821,4.3273602,-0.04737,-1,-1,-1,0,0,0,136,1,1,0,0.0000000,0.0000000,0.0000000,0,0,0,0
755444965609791 D 1219,856793339,1000,2822,2822,4.3288941,0.01464,-1,-1,-1,0,0,0,136,1,1,0,0.0000000,0.0000000,0.0000000,0,0,0,0
755444966606291 D 1220,856794339,1000,2821,2821,4.3273602,-0.04608,-1,-1,-1,0,0,0,136,1,1,0,0.0000000,0.0000000,0.0000000,0,0,0,0
755444967656416 D 1221,856795339,1000,2821,2821,4.3273602,-0.04428,-1,-1,-1,0,0,0,136,1,1,0,0.0000000,0.0000000,0.0000000,0,0,0,0
755444968688416 D 1222,856796339,1000,2821,2821,4.3273602,-0.04254,-1,-1,-1,0,0,0,136,1,1,0,0.0000000,0.0000000,0.0000000,0,0,0,0
755444969661250 D 1223,856797339,1000,2821,2821,4.3273602,-0.04087,-1,-1,-1,0,0,0,136,1,1,0,0.0000000,0.0000000,0.0000000,0,0,0,0
755444970620208 D 1224,856798339,1000,2822,2822,4.3288941,0.02088,-1,-1,-1,0,0,0,136,1,1,0,0.0000000,0.0000000,0.0000000,0,0,0,0
755444971635291 D 1225,856799339,1000,2822,2822,4.3288941,0.02006,-1,-1,-1,0,0,0,136,1,1,0,0.0000000,0.0000000,0.0000000,0,0,0,0
755444972631000 D 1226,856800339,1000,2821,2821,4.3273602,-0.04088,-1,-1,-1,0,0,0,136,1,1,0,0.0000000,0.0000000,0.0000000,0,0,0,0
755444973651666 D 1227,856801339,1000,2822,2822,4.3288941,0.02087,-1,-1,-1,0,0,0,136,1,1,0,0.0000000,0.0000000,0.0000000,0,0,0,0
755444974965458 D 1228,856802339,1000,2822,2822,4.3288941,0.02006,39,106,2076,0,0,0,136,1,1,0,0.0000000,0.0000000,0.0000000,0,0,0,0
755444975594916 D 1229,856803339,1000,2822,2822,4.3288941,0.01927,-1,-1,-1,0,0,0,136,1,1,0,0.0000000,0.0000000,0.0000000,0,0,0,0
755444976586083 D 1230,856804339,1000,2822,2822,4.3288941,0.01851,-1,-1,-1,0,0,0,136,1,1,0,0.0000000,0.0000000,0.0000000,0,0,0,0
755444977544708 D 1231,856805339,1000,2822,2822,4.3288941,0.01779,-1,-1,-1,0,0,0,136,1,1,0,0.0000000,0.0000000,0.0000000,0,0,0,0
755444978566416 D 1232,856806339,1000,2821,2821,4.3273602,-0.04306,-1,-1,-1,0,0,0,136,1,1,0,0.0000000,0.0000000,0.0000000,0,0,0,0
755444979565666 D 1233,856807339,1000,2822,2822,4.3288941,0.01878,-1,-1,-1,0,0,0,136,1,1,0,0.0000000,0.0000000,0.0000000,0,0,0,0
755444980573083 D 1234,856808339,1000,2822,2822,4.3288941,0.01804,-1,-1,-1,0,0,0,136,1,1,0,0.0000000,0.0000000,0.0000000,0,0,0,0
755444981672625 D 1235,856809339,1000,2822,2822,4.3288941,0.01734,-1,-1,-1,0,0,0,136,1,1,0,0.0000000,0.0000000,0.0000000,0,0,0,0
755444982635000 D 1236,856810339,1000,2822,2822,4.3288941,0.01666,-1,-1,-1,0,0,0,136,1,1,0,0.0000000,0.0000000,0.0000000,0,0,0,0
755444983662791 D 1237,856811339,1000,2822,2822,4.3288941,0.01600,-1,-1,-1,0,0,0,136,1,1,0,0.0000000,0.0000000,0.0000000,0,0,0,0
755444984647000 D 1238,856812339,1000,2822,2822,4.3288941,0.01538,-1,-1,-1,0,0,0,136,1,1,0,0.0000000,0.0000000,0.0000000,0,0,0,0
755444985626708 D 1239,856813339,1000,2822,2822,4.3288941,0.01477,-1,-1,-1,0,0,0,136,1,1,0,0.0000000,0.0000000,0.0000000,0,0,0,0
755444986643375 D 1240,856814339,1000,2821,2821,4.3273602,-0.04596,-1,-1,-1,0,0,0,136,1,1,0,0.0000000,0.0000000,0.0000000,0,0,0,0
755444987638041 D 1241,856815339,1000,2822,2822,4.3288941,0.01599,-1,-1,-1,0,0,0,136,1,1,0,0.0000000,0.0000000,0.0000000,0,0,0,0
755444988577458 D 1242,856816339,1000,2822,2822,4.3288941,0.01537,-1,-1,-1,0,0,0,136,1,1,0,0.0000000,0.0000000,0.0000000,0,0,0,0
755444989572208 D 1243,856817339,1000,2822,2822,4.3288941,0.01477,-1,-1,-1,0,0,0,136,1,1,0,0.0000000,0.0000000,0.0000000,0,0,0,0
755444990549375 D 1244,856818339,1000,2822,2822,4.3288941,0.01419,-1,-1,-1,0,0,0,136,1,1,0,0.0000000,0.0000000,0.0000000,0,0,0,0
755444991683583 D 1245,856819339,1000,2821,2821,4.3273602,-0.04652,-1,-1,-1,0,0,0,136,1,1,0,0.0000000,0.0000000,0.0000000,0,0,0,0
755444992593666 D 1246,856820339,1000,2822,2822,4.3288941,0.01545,-1,-1,-1,0,0,0,136,1,1,0,0.0000000,0.0000000,0.0000000,0,0,0,0
755444993602375 D 1247,856821339,1000,2822,2822,4.3288941,0.01485,-1,-1,-1,0,0,0,136,1,1,0,0.0000000,0.0000000,0.0000000,0,0,0,0
755444994576250 D 1248,856822339,1000,2821,2821,4.3273602,-0.04588,-1,-1,-1,0,0,0,136,1,1,0,0.0000000,0.0000000,0.0000000,0,0,0,0
755444995735583 D 1249,856823339,1000,2822,2822,4.3288941,0.01606,-1,-1,-1,0,0,0,136,1,1,0,0.0000000,0.0000000,0.0000000,0,0,0,0
755444996761666 D 1250,856824339,1000,2821,2821,4.3273602,-0.04471,-1,-1,-1,0,0,0,136,1,1,0,0.0000000,0.0000000,0.0000000,0,0,0,0
755444997612083 D 1251,856825339,1000,2822,2822,4.3288941,0.01719,-1,-1,-1,0,0,0,136,1,1,0,0.0000000,0.0000000,0.0000000,0,0,0,0
755444998537750 D 1252,856826339,1000,2822,2822,4.3288941,0.01651,-1,-1,-1,0,0,0,136,1,1,0,0.0000000,0.0000000,0.0000000,0,0,0,0
755444999528833 D 1253,856827339,1000,2822,2822,4.3288941,0.01587,-1,-1,-1,0,0,0,136,1,1,0,0.0000000,0.0000000,0.0000000,0,0,0,0
755445000584500 D 1254,856828339,1000,2822,2822,4.3288941,0.01524,-1,-1,-1,0,0,0,136,1,1,0,0.0000000,0.0000000,0.0000000,0,0,0,0
755445001560625 D 1255,856829339,1000,2822,2822,4.3288941,0.01465,-1,-1,-1,0,0,0,136,1,1,0,0.0000000,0.0000000,0.0000000,0,0,0,0
755445002568666 D 1256,856830339,1000,2821,2821,4.3273602,-0.04608,-1,-1,-1,0,0,0,136,1,1,0,0.0000000,0.0000000,0.0000000,0,0,0,0
755445003511750 D 1257,856831339,1000,2822,2822,4.3288941,0.01588,-1,-1,-1,0,0,0,136,1,1,0,0.0000000,0.0000000,0.0000000,0,0,0,0
755445004526791 D 1258,856832339,1000,2822,2822,4.3288941,0.01526,-1,-1,-1,0,0,0,136,1,1,0,0.0000000,0.0000000,0.0000000,0,0,0,0
755445005555166 D 1259,856833339,1000,2821,2821,4.3273602,-0.04549,-1,-1,-1,0,0,0,136,1,1,0,0.0000000,0.0000000,0.0000000,0,0,0,0
755445006541208 D 1260,856834339,1000,2822,2822,4.3288941,0.01644,-1,-1,-1,0,0,0,136,1,1,0,0.0000000,0.0000000,0.0000000,0,0,0,0
755445007516583 D 1261,856835339,1000,2822,2822,4.3288941,0.01580,-1,-1,-1,0,0,0,136,1,1,0,0.0000000,0.0000000,0.0000000,0,0,0,0
755445008518083 D 1262,856836339,1000,2822,2822,4.3288941,0.01518,-1,-1,-1,0,0,0,136,1,1,0,0.0000000,0.0000000,0.0000000,0,0,0,0
755445009517000 D 1263,856837339,1000,2822,2822,4.3288941,0.01458,-1,-1,-1,0,0,0,136,1,1,0,0.0000000,0.0000000,0.0000000,0,0,0,0
755445010509500 D 1264,856838339,1000,2822,2822,4.3288941,0.01401,-1,-1,-1,0,0,0,136,1,1,0,0.0000000,0.0000000,0.0000000,0,0,0,0
755445011581125 D 1265,856839339,1000,2822,2822,4.3288941,0.01346,-1,-1,-1,0,0,0,136,1,1,0,0.0000000,0.0000000,0.0000000,0,0,0,0
755445012530000 D 1266,856840339,1000,2822,2822,4.3288941,0.01293,-1,-1,-1,0,0,0,136,1,1,0,0.0000000,0.0000000,0.0000000,0,0,0,0
755445013536916 D 1267,856841339,1000,2822,2822,4.3288941,0.01243,-1,-1,-1,0,0,0,136,1,1,0,0.0000000,0.0000000,0.0000000,0,0,0,0
755445014511708 D 1268,856842339,1000,2822,2822,4.3288941,0.01194,-1,-1,-1,0,0,0,136,1,1,0,0.0000000,0.0000000,0.0000000,0,0,0,0
755445015514791 D 1269,856843339,1000,2822,2822,4.3288941,0.01147,-1,-1,-1,0,0,0,136,1,1,0,0.0000000,0.0000000,0.0000000,0,0,0,0
755445016518875 D 1270,856844339,1000,2822,2822,4.3288941,0.01102,-1,-1,-1,0,0,0,136,1,1,0,0.0000000,0.0000000,0.0000000,0,0,0,0
755445017518958 D 1271,856845339,1000,2822,2822,4.3288941,0.01059,-1,-1,-1,0,0,0,136,1,1,0,0.0000000,0.0000000,0.0000000,0,0,0,0
755445018510500 D 1272,856846339,1000,2822,2822,4.3288941,0.01017,-1,-1,-1,0,0,0,136,1,1,0,0.0000000,0.0000000,0.0000000,0,0,0,0
755445019571583 D 1273,856847339,1000,2822,2822,4.3288941,0.00978,-1,-1,-1,0,0,0,136,1,1,0,0.0000000,0.0000000,0.0000000,0,0,0,0
755445020586958 D 1274,856848339,1000,2822,2822,4.3288941,0.00939,-1,-1,-1,0,0,0,136,1,1,0,0.0000000,0.0000000,0.0000000,0,0,0,0
755445021593333 D 1275,856849339,1000,2822,2822,4.3288941,0.00902,-1,-1,-1,0,0,0,136,1,1,0,0.0000000,0.0000000,0.0000000,0,0,0,0
755445022587166 D 1276,856850339,1000,2822,2822,4.3288941,0.00867,-1,-1,-1,0,0,0,136,1,1,0,0.0000000,0.0000000,0.0000000,0,0,0,0
755445023580625 D 1277,856851339,1000,2822,2822,4.3288941,0.00833,-1,-1,-1,0,0,0,136,1,1,0,0.0000000,0.0000000,0.0000000,0,0,0,0
755445025073333 D 1278,856852339,1000,2822,2822,4.3288941,0.00800,39,106,2076,0,0,0,136,1,1,0,0.0000000,0.0000000,0.0000000,0,0,0,0
755445025769791 D 1279,856853339,1000,2821,2821,4.3273602,-0.05246,-1,-1,-1,0,0,0,136,1,1,0,0.0000000,0.0000000,0.0000000,0,0,0,0
755445026882333 D 1280,856854339,1000,2822,2822,4.3288941,0.00975,-1,-1,-1,0,0,0,136,1,1,0,0.0000000,0.0000000,0.0000000,0,0,0,0
755445027628708 D 1281,856855339,1000,2821,2821,4.3273602,-0.05078,-1,-1,-1,0,0,0,136,1,1,0,0.0000000,0.0000000,0.0000000,0,0,0,0
755445028636833 D 1282,856856339,1000,2821,2821,4.3273602,-0.04879,-1,-1,-1,0,0,0,136,1,1,0,0.0000000,0.0000000,0.0000000,0,0,0,0
755445029624708 D 1283,856857339,1000,2822,2822,4.3288941,0.01327,-1,-1,-1,0,0,0,136,1,1,0,0.0000000,0.0000000,0.0000000,0,0,0,0
755445030652333 D 1284,856858339,1000,2822,2822,4.3288941,0.01275,-1,-1,-1,0,0,0,136,1,1,0,0.0000000,0.0000000,0.0000000,0,0,0,0
755445031629458 D 1285,856859339,1000,2822,2822,4.3288941,0.01225,-1,-1,-1,0,0,0,136,1,1,0,0.0000000,0.0000000,0.0000000,0,0,0,0
755445032593291 D 1286,856860339,1000,2821,2821,4.3273602,-0.04838,-1,-1,-1,0,0,0,136,1,1,0,0.0000000,0.0000000,0.0000000,0,0,0,0
755445033583208 D 1287,856861339,1000,2822,2822,4.3288941,0.01367,-1,-1,-1,0,0,0,136,1,1,0,0.0000000,0.0000000,0.0000000,0,0,0,0
755445034569166 D 1288,856862339,1000,2822,2822,4.3288941,0.01313,-1,-1,-1,0,0,0,136,1,1,0,0.0000000,0.0000000,0.0000000,0,0,0,0
755445035542416 D 1289,856863339,1000,2822,2822,4.3288941,0.01261,-1,-1,-1,0,0,0,136,1,1,0,0.0000000,0.0000000,0.0000000,0,0,0,0
755445036607500 D 1290,856864339,1000,2822,2822,4.3288941,0.01212,-1,-1,-1,0,0,0,136,1,1,0,0.0000000,0.0000000,0.0000000,0,0,0,0
755445037542291 D 1291,856865339,1000,2822,2822,4.3288941,0.01164,-1,-1,-1,0,0,0,136,1,1,0,0.0000000,0.0000000,0.0000000,0,0,0,0
755445038543958 D 1292,856866339,1000,2822,2822,4.3288941,0.01119,-1,-1,-1,0,0,0,136,1,1,0,0.0000000,0.0000000,0.0000000,0,0,0,0
755445039568791 D 1293,856867339,1000,2822,2822,4.3288941,0.01075,-1,-1,-1,0,0,0,136,1,1,0,0.0000000,0.0000000,0.0000000,0,0,0,0
755445040557125 D 1294,856868339,1000,2822,2822,4.3288941,0.01033,-1,-1,-1,0,0,0,136,1,1,0,0.0000000,0.0000000,0.0000000,0,0,0,0
755445041546458 D 1295,856869339,1000,2822,2822,4.3288941,0.00992,-1,-1,-1,0,0,0,136,1,1,0,0.0000000,0.0000000,0.0000000,0,0,0,0
755445042574708 D 1296,856870339,1000,2822,2822,4.3288941,0.00953,-1,-1,-1,0,0,0,136,1,1,0,0.0000000,0.0000000,0.0000000,0,0,0,0
755445043466291 D 1297,856871339,1000,2822,2822,4.3288941,0.00916,-1,-1,-1,0,0,0,136,1,1,0,0.0000000,0.0000000,0.0000000,0,0,0,0
755445044457291 D 1298,856872339,1000,2822,2822,4.3288941,0.00880,-1,-1,-1,0,0,0,136,1,1,0,0.0000000,0.0000000,0.0000000,0,0,0,0
755445045421333 D 1299,856873339,1000,2822,2822,4.3288941,0.00846,-1,-1,-1,0,0,0,136,1,1,0,0.0000000,0.0000000,0.0000000,0,0,0,0
755445046418416 D 1300,856874339,1000,2822,2822,4.3288941,0.00812,-1,-1,-1,0,0,0,136,1,1,0,0.0000000,0.0000000,0.0000000,0,0,0,0
755445047466833 D 1301,856875339,1000,2821,2821,4.3273602,-0.05234,-1,-1,-1,0,0,0,136,1,1,0,0.0000000,0.0000000,0.0000000,0,0,0,0
755445048449541 D 1302,856876339,1000,2822,2822,4.3288941,0.00986,-1,-1,-1,0,0,0,136,1,1,0,0.0000000,0.0000000,0.0000000,0,0,0,0
755445049458583 D 1303,856877339,1000,2822,2822,4.3288941,0.00947,-1,-1,-1,0,0,0,136,1,1,0,0.0000000,0.0000000,0.0000000,0,0,0,0
755445050451958 D 1304,856878339,1000,2821,2821,4.3273602,-0.05105,-1,-1,-1,0,0,0,136,1,1,0,0.0000000,0.0000000,0.0000000,0,0,0,0
755445051467708 D 1305,856879339,1000,2821,2821,4.3273602,-0.04905,-1,-1,-1,0,0,0,136,1,1,0,0.0000000,0.0000000,0.0000000,0,0,0,0
755445052459125 D 1306,856880339,1000,2822,2822,4.3288941,0.01302,-1,-1,-1,0,0,0,136,1,1,0,0.0000000,0.0000000,0.0000000,0,0,0,0
755445053448208 D 1307,856881339,1000,2822,2822,4.3288941,0.01251,-1,-1,-1,0,0,0,136,1,1,0,0.0000000,0.0000000,0.0000000,0,0,0,0
755445054449083 D 1308,856882339,1000,2822,2822,4.3288941,0.01202,-1,-1,-1,0,0,0,136,1,1,0,0.0000000,0.0000000,0.0000000,0,0,0,0
755445055509958 D 1309,856883339,1000,2822,2822,4.3288941,0.01155,-1,-1,-1,0,0,0,136,1,1,0,0.0000000,0.0000000,0.0000000,0,0,0,0
755445056510791 D 1310,856884339,1000,2822,2822,4.3288941,0.01110,-1,-1,-1,0,0,0,136,1,1,0,0.0000000,0.0000000,0.0000000,0,0,0,0
755445057511500 D 1311,856885339,1000,2822,2822,4.3288941,0.01066,-1,-1,-1,0,0,0,136,1,1,0,0.0000000,0.0000000,0.0000000,0,0,0,0
755445058528416 D 1312,856886339,1000,2821,2821,4.3273602,-0.04990,-1,-1,-1,0,0,0,136,1,1,0,0.0000000,0.0000000,0.0000000,0,0,0,0
755445059547208 D 1313,856887339,1000,2822,2822,4.3288941,0.01220,-1,-1,-1,0,0,0,136,1,1,0,0.0000000,0.0000000,0.0000000,0,0,0,0
755445060533708 D 1314,856888339,1000,2822,2822,4.3288941,0.01172,-1,-1,-1,0,0,0,136,1,1,0,0.0000000,0.0000000,0.0000000,0,0,0,0
755445061541791 D 1315,856889339,1000,2821,2821,4.3273602,-0.04888,-1,-1,-1,0,0,0,136,1,1,0,0.0000000,0.0000000,0.0000000,0,0,0,0
755445062531291 D 1316,856890339,1000,2822,2822,4.3288941,0.01318,-1,-1,-1,0,0,0,136,1,1,0,0.0000000,0.0000000,0.0000000,0,0,0,0
755445063507916 D 1317,856891339,1000,2822,2822,4.3288941,0.01266,-1,-1,-1,0,0,0,136,1,1,0,0.0000000,0.0000000,0.0000000,0,0,0,0
755445064511041 D 1318,856892339,1000,2822,2822,4.3288941,0.01217,-1,-1,-1,0,0,0,136,1,1,0,0.0000000,0.0000000,0.0000000,0,0,0,0
755445065512916 D 1319,856893339,1000,2822,2822,4.3288941,0.01169,-1,-1,-1,0,0,0,136,1,1,0,0.0000000,0.0000000,0.0000000,0,0,0,0
755445066513166 D 1320,856894339,1000,2822,2822,4.3288941,0.01123,-1,-1,-1,0,0,0,136,1,1,0,0.0000000,0.0000000,0.0000000,0,0,0,0
755445067730416 D 1321,856895339,1000,2822,2822,4.3288941,0.01079,-1,-1,-1,0,0,0,136,1,1,0,0.0000000,0.0000000,0.0000000,0,0,0,0
755445068732416 D 1322,856896339,1000,2821,2821,4.3273602,-0.04978,-1,-1,-1,0,0,0,136,1,1,0,0.0000000,0.0000000,0.0000000,0,0,0,0
755445069731541 D 1323,856897339,1000,2821,2821,4.3273602,-0.04783,-1,-1,-1,0,0,0,136,1,1,0,0.0000000,0.0000000,0.0000000,0,0,0,0
755445070755041 D 1324,856898339,1000,2822,2822,4.3288941,0.01420,-1,-1,-1,0,0,0,136,1,1,0,0.0000000,0.0000000,0.0000000,0,0,0,0
755445071892583 D 1325,856899339,1000,2821,2821,4.3273602,-0.04651,-1,-1,-1,0,0,0,136,1,1,0,0.0000000,0.0000000,0.0000000,0,0,0,0
755445072839541 D 1326,856900339,1000,2821,2821,4.3273602,-0.04469,-1,-1,-1,0,0,0,136,1,1,0,0.0000000,0.0000000,0.0000000,0,0,0,0
755445073786458 D 1327,856901339,1000,2822,2822,4.3288941,0.01721,-1,-1,-1,0,0,0,136,1,1,0,0.0000000,0.0000000,0.0000000,0,0,0,0
755445075186791 D 1328,856902339,1000,2822,2822,4.3288941,0.01654,39,106,2077,0,0,0,136,1,1,0,0.0000000,0.0000000,0.0000000,0,0,0,0
755445076060416 D 1329,856903339,1000,2821,2821,4.3273602,-0.04426,-1,-1,-1,0,0,0,136,1,1,0,0.0000000,0.0000000,0.0000000,0,0,0,0
755445076758125 D 1330,856904339,1000,2822,2822,4.3288941,0.01763,-1,-1,-1,0,0,0,136,1,1,0,0.0000000,0.0000000,0.0000000,0,0,0,0
755445077523000 D 1331,856905339,1000,2822,2822,4.3288941,0.01694,-1,-1,-1,0,0,0,136,1,1,0,0.0000000,0.0000000,0.0000000,0,0,0,0
755445078513375 D 1332,856906339,1000,2822,2822,4.3288941,0.01627,-1,-1,-1,0,0,0,136,1,1,0,0.0000000,0.0000000,0.0000000,0,0,0,0
755445079507666 D 1333,856907339,1000,2822,2822,4.3288941,0.01563,-1,-1,-1,0,0,0,136,1,1,0,0.0000000,0.0000000,0.0000000,0,0,0,0
755445080512500 D 1334,856908339,1000,2822,2822,4.3288941,0.01502,-1,-1,-1,0,0,0,136,1,1,0,0.0000000,0.0000000,0.0000000,0,0,0,0
755445081514208 D 1335,856909339,1000,2821,2821,4.3273602,-0.04572,-1,-1,-1,0,0,0,136,1,1,0,0.0000000,0.0000000,0.0000000,0,0,0,0
755445082509125 D 1336,856910339,1000,2822,2822,4.3288941,0.01622,-1,-1,-1,0,0,0,136,1,1,0,0.0000000,0.0000000,0.0000000,0,0,0,0
755445083504291 D 1337,856911339,1000,2822,2822,4.3288941,0.01559,-1,-1,-1,0,0,0,136,1,1,0,0.0000000,0.0000000,0.0000000,0,0,0,0
755445084523458 D 1338,856912339,1000,2822,2822,4.3288941,0.01498,-1,-1,-1,0,0,0,136,1,1,0,0.0000000,0.0000000,0.0000000,0,0,0,0
755445085507500 D 1339,856913339,1000,2822,2822,4.3288941,0.01439,-1,-1,-1,0,0,0,136,1,1,0,0.0000000,0.0000000,0.0000000,0,0,0,0
755445086503291 D 1340,856914339,1000,2822,2822,4.3288941,0.01383,-1,-1,-1,0,0,0,136,1,1,0,0.0000000,0.0000000,0.0000000,0,0,0,0
755445087503916 D 1341,856915339,1000,2822,2822,4.3288941,0.01328,-1,-1,-1,0,0,0,136,1,1,0,0.0000000,0.0000000,0.0000000,0,0,0,0
755445088505083 D 1342,856916339,1000,2822,2822,4.3288941,0.01276,-1,-1,-1,0,0,0,136,1,1,0,0.0000000,0.0000000,0.0000000,0,0,0,0
755445089503916 D 1343,856917339,1000,2822,2822,4.3288941,0.01226,-1,-1,-1,0,0,0,136,1,1,0,0.0000000,0.0000000,0.0000000,0,0,0,0
755445090527500 D 1344,856918339,1000,2822,2822,4.3288941,0.01178,-1,-1,-1,0,0,0,136,1,1,0,0.0000000,0.0000000,0.0000000,0,0,0,0
755445091536791 D 1345,856919339,1000,2822,2822,4.3288941,0.01132,-1,-1,-1,0,0,0,136,1,1,0,0.0000000,0.0000000,0.0000000,0,0,0,0
755445092525208 D 1346,856920339,1000,2821,2821,4.3273602,-0.04927,-1,-1,-1,0,0,0,136,1,1,0,0.0000000,0.0000000,0.0000000,0,0,0,0
755445093541708 D 1347,856921339,1000,2822,2822,4.3288941,0.01281,-1,-1,-1,0,0,0,136,1,1,0,0.0000000,0.0000000,0.0000000,0,0,0,0
755445094532250 D 1348,856922339,1000,2822,2822,4.3288941,0.01231,-1,-1,-1,0,0,0,136,1,1,0,0.0000000,0.0000000,0.0000000,0,0,0,0
755445095550083 D 1349,856923339,1000,2821,2821,4.3273602,-0.04833,-1,-1,-1,0,0,0,136,1,1,0,0.0000000,0.0000000,0.0000000,0,0,0,0
755445096505541 D 1350,856924339,1000,2822,2822,4.3288941,0.01372,-1,-1,-1,0,0,0,136,1,1,0,0.0000000,0.0000000,0.0000000,0,0,0,0
755445097722166 D 1351,856925339,1000,2822,2822,4.3288941,0.01318,-1,-1,-1,0,0,0,136,1,1,0,0.0000000,0.0000000,0.0000000,0,0,0,0
755445098732416 D 1352,856926339,1000,2822,2822,4.3288941,0.01266,-1,-1,-1,0,0,0,136,1,1,0,0.0000000,0.0000000,0.0000000,0,0,0,0
755445099738541 D 1353,856927339,1000,2822,2822,4.3288941,0.01217,-1,-1,-1,0,0,0,136,1,1,0,0.0000000,0.0000000,0.0000000,0,0,0,0
755445100516375 D 1354,856928339,1000,2822,2822,4.3288941,0.01169,-1,-1,-1,0,0,0,136,1,1,0,0.0000000,0.0000000,0.0000000,0,0,0,0
755445101496125 D 1355,856929339,1000,2822,2822,4.3288941,0.01123,-1,-1,-1,0,0,0,136,1,1,0,0.0000000,0.0000000,0.0000000,0,0,0,0
755445102581041 D 1356,856930339,1000,2822,2822,4.3288941,0.01079,-1,-1,-1,0,0,0,136,1,1,0,0.0000000,0.0000000,0.0000000,0,0,0,0
755445103595208 D 1357,856931339,1000,2822,2822,4.3288941,0.01037,-1,-1,-1,0,0,0,136,1,1,0,0.0000000,0.0000000,0.0000000,0,0,0,0
755445104549666 D 1358,856932339,1000,2822,2822,4.3288941,0.00996,-1,-1,-1,0,0,0,136,1,1,0,0.0000000,0.0000000,0.0000000,0,0,0,0
755445105604833 D 1359,856933339,1000,2822,2822,4.3288941,0.00957,-1,-1,-1,0,0,0,136,1,1,0,0.0000000,0.0000000,0.0000000,0,0,0,0
755445106581708 D 1360,856934339,1000,2822,2822,4.3288941,0.00920,-1,-1,-1,0,0,0,136,1,1,0,0.0000000,0.0000000,0.0000000,0,0,0,0
755445107533416 D 1361,856935339,1000,2822,2822,4.3288941,0.00883,-1,-1,-1,0,0,0,136,1,1,0,0.0000000,0.0000000,0.0000000,0,0,0,0
755445108505958 D 1362,856936339,1000,2822,2822,4.3288941,0.00849,-1,-1,-1,0,0,0,136,1,1,0,0.0000000,0.0000000,0.0000000,0,0,0,0
755445109503083 D 1363,856937339,1000,2822,2822,4.3288941,0.00816,-1,-1,-1,0,0,0,136,1,1,0,0.0000000,0.0000000,0.0000000,0,0,0,0
755445110507750 D 1364,856938339,1000,2822,2822,4.3288941,0.00784,-1,-1,-1,0,0,0,136,1,1,0,0.0000000,0.0000000,0.0000000,0,0,0,0
755445111502708 D 1365,856939339,1000,2822,2822,4.3288941,0.00753,-1,-1,-1,0,0,0,136,1,1,0,0.0000000,0.0000000,0.0000000,0,0,0,0
755445112505708 D 1366,856940339,1000,2822,2822,4.3288941,0.00723,-1,-1,-1,0,0,0,136,1,1,0,0.0000000,0.0000000,0.0000000,0,0,0,0
755445113503583 D 1367,856941339,1000,2822,2822,4.3288941,0.00695,-1,-1,-1,0,0,0,136,1,1,0,0.0000000,0.0000000,0.0000000,0,0,0,0
755445114508791 D 1368,856942339,1000,2821,2821,4.3273602,-0.05347,-1,-1,-1,0,0,0,136,1,1,0,0.0000000,0.0000000,0.0000000,0,0,0,0
755445115500541 D 1369,856943339,1000,2822,2822,4.3288941,0.00877,-1,-1,-1,0,0,0,136,1,1,0,0.0000000,0.0000000,0.0000000,0,0,0,0
755445116504166 D 1370,856944339,1000,2822,2822,4.3288941,0.00843,-1,-1,-1,0,0,0,136,1,1,0,0.0000000,0.0000000,0.0000000,0,0,0,0
755445117499583 D 1371,856945339,1000,2822,2822,4.3288941,0.00810,-1,-1,-1,0,0,0,136,1,1,0,0.0000000,0.0000000,0.0000000,0,0,0,0
755445118502625 D 1372,856946339,1000,2822,2822,4.3288941,0.00778,-1,-1,-1,0,0,0,136,1,1,0,0.0000000,0.0000000,0.0000000,0,0,0,0
755445119496250 D 1373,856947339,1000,2822,2822,4.3288941,0.00748,-1,-1,-1,0,0,0,136,1,1,0,0.0000000,0.0000000,0.0000000,0,0,0,0
755445120498875 D 1374,856948339,1000,2822,2822,4.3288941,0.00718,-1,-1,-1,0,0,0,136,1,1,0,0.0000000,0.0000000,0.0000000,0,0,0,0
755445121516250 D 1375,856949339,1000,2822,2822,4.3288941,0.00690,-1,-1,-1,0,0,0,136,1,1,0,0.0000000,0.0000000,0.0000000,0,0,0,0
755445122537666 D 1376,856950339,1000,2822,2822,4.3288941,0.00663,-1,-1,-1,0,0,0,136,1,1,0,0.0000000,0.0000000,0.0000000,0,0,0,0
755445123523041 D 1377,856951339,1000,2822,2822,4.3288941,0.00637,-1,-1,-1,0,0,0,136,1,1,0,0.0000000,0.0000000,0.0000000,0,0,0,0
755445124953708 D 1378,856952339,1000,2822,2822,4.3288941,0.00612,39,106,2077,0,0,0,136,1,1,0,0.0000000,0.0000000,0.0000000,0,0,0,0
755445125557458 D 1379,856953339,1000,2822,2822,4.3288941,0.00588,-1,-1,-1,0,0,0,136,1,1,0,0.0000000,0.0000000,0.0000000,0,0,0,0
755445126507166 D 1380,856954339,1000,2821,2821,4.3273602,-0.05450,-1,-1,-1,0,0,0,136,1,1,0,0.0000000,0.0000000,0.0000000,0,0,0,0
755445127502666 D 1381,856955339,1000,2822,2822,4.3288941,0.00779,-1,-1,-1,0,0,0,136,1,1,0,0.0000000,0.0000000,0.0000000,0,0,0,0
755445128500125 D 1382,856956339,1000,2822,2822,4.3288941,0.00748,-1,-1,-1,0,0,0,136,1,1,0,0.0000000,0.0000000,0.0000000,0,0,0,0
755445129737041 D 1383,856957339,1000,2821,2821,4.3273602,-0.05296,-1,-1,-1,0,0,0,136,1,1,0,0.0000000,0.0000000,0.0000000,0,0,0,0
755445130717625 D 1384,856958339,1000,2822,2822,4.3288941,0.00927,-1,-1,-1,0,0,0,136,1,1,0,0.0000000,0.0000000,0.0000000,0,0,0,0
755445131729833 D 1385,856959339,1000,2822,2822,4.3288941,0.00890,-1,-1,-1,0,0,0,136,1,1,0,0.0000000,0.0000000,0.0000000,0,0,0,0
755445132744083 D 1386,856960339,1000,2822,2822,4.3288941,0.00855,-1,-1,-1,0,0,0,136,1,1,0,0.0000000,0.0000000,0.0000000,0,0,0,0
755445133735541 D 1387,856961339,1000,2821,2821,4.3273602,-0.05193,-1,-1,-1,0,0,0,136,1,1,0,0.0000000,0.0000000,0.0000000,0,0,0,0
755445134717125 D 1388,856962339,1000,2822,2822,4.3288941,0.01025,-1,-1,-1,0,0,0,136,1,1,0,0.0000000,0.0000000,0.0000000,0,0,0,0
755445135680333 D 1389,856963339,1000,2821,2821,4.3273602,-0.05030,-1,-1,-1,0,0,0,136,1,1,0,0.0000000,0.0000000,0.0000000,0,0,0,0
755445136509250 D 1390,856964339,1000,2822,2822,4.3288941,0.01182,-1,-1,-1,0,0,0,136,1,1,0,0.0000000,0.0000000,0.0000000,0,0,0,0
755445137504583 D 1391,856965339,1000,2822,2822,4.3288941,0.01136,-1,-1,-1,0,0,0,136,1,1,0,0.0000000,0.0000000,0.0000000,0,0,0,0
755445138525791 D 1392,856966339,1000,2822,2822,4.3288941,0.01091,-1,-1,-1,0,0,0,135,1,1,0,0.0000000,0.0000000,0.0000000,0,0,0,0
755445139502791 D 1393,856967339,1000,2822,2822,4.3288941,0.01049,-1,-1,-1,0,0,0,136,1,1,0,0.0000000,0.0000000,0.0000000,0,0,0,0
755445140504000 D 1394,856968339,1000,2821,2821,4.3273602,-0.05007,-1,-1,-1,0,0,0,136,1,1,0,0.0000000,0.0000000,0.0000000,0,0,0,0
755445141725541 D 1395,856969339,1000,2822,2822,4.3288941,0.01204,-1,-1,-1,0,0,0,136,1,1,0,0.0000000,0.0000000,0.0000000,0,0,0,0
755445142730208 D 1396,856970339,1000,2821,2821,4.3273602,-0.04858,-1,-1,-1,0,0,0,136,1,1,0,0.0000000,0.0000000,0.0000000,0,0,0,0
755445143643416 D 1397,856971339,1000,2822,2822,4.3288941,0.01347,-1,-1,-1,0,0,0,136,1,1,0,0.0000000,0.0000000,0.0000000,0,0,0,0
755445144504791 D 1398,856972339,1000,2821,2821,4.3273602,-0.04720,-1,-1,-1,0,0,0,136,1,1,0,0.0000000,0.0000000,0.0000000,0,0,0,0
755445145526541 D 1399,856973339,1000,2822,2822,4.3288941,0.01479,-1,-1,-1,0,0,0,136,1,1,0,0.0000000,0.0000000,0.0000000,0,0,0,0
755445146527625 D 1400,856974339,1000,2822,2822,4.3288941,0.01421,-1,-1,-1,0,0,0,136,1,1,0,0.0000000,0.0000000,0.0000000,0,0,0,0
755445147550541 D 1401,856975339,1000,2822,2822,4.3288941,0.01366,-1,-1,-1,0,0,0,136,1,1,0,0.0000000,0.0000000,0.0000000,0,0,0,0
755445148519666 D 1402,856976339,1000,2822,2822,4.3288941,0.01312,-1,-1,-1,0,0,0,136,1,1,0,0.0000000,0.0000000,0.0000000,0,0,0,0
755445149558208 D 1403,856977339,1000,2822,2822,4.3288941,0.01261,-1,-1,-1,0,0,0,136,1,1,0,0.0000000,0.0000000,0.0000000,0,0,0,0
755445150511416 D 1404,856978339,1000,2821,2821,4.3273602,-0.04804,-1,-1,-1,0,0,0,136,1,1,0,0.0000000,0.0000000,0.0000000,0,0,0,0
755445151737791 D 1405,856979339,1000,2821,2821,4.3273602,-0.04615,-1,-1,-1,0,0,0,136,1,1,0,0.0000000,0.0000000,0.0000000,0,0,0,0
755445152736125 D 1406,856980339,1000,2822,2822,4.3288941,0.01581,-1,-1,-1,0,0,0,136,1,1,0,0.0000000,0.0000000,0.0000000,0,0,0,0
755445153645291 D 1407,856981339,1000,2821,2821,4.3273602,-0.04496,-1,-1,-1,0,0,0,136,1,1,0,0.0000000,0.0000000,0.0000000,0,0,0,0
755445154516916 D 1408,856982339,1000,2822,2822,4.3288941,0.01695,-1,-1,-1,0,0,0,136,1,1,0,0.0000000,0.0000000,0.0000000,0,0,0,0
755445155552125 D 1409,856983339,1000,2821,2821,4.3273602,-0.04386,-1,-1,-1,0,0,0,136,1,1,0,0.0000000,0.0000000,0.0000000,0,0,0,0
755445156579875 D 1410,856984339,1000,2822,2822,4.3288941,0.01800,-1,-1,-1,0,0,0,136,1,1,0,0.0000000,0.0000000,0.0000000,0,0,0,0
755445157550208 D 1411,856985339,1000,2821,2821,4.3273602,-0.04285,-1,-1,-1,0,0,0,136,1,1,0,0.0000000,0.0000000,0.0000000,0,0,0,0
755445158530583 D 1412,856986339,1000,2821,2821,4.3273602,-0.04117,-1,-1,-1,0,0,0,136,1,1,0,0.0000000,0.0000000,0.0000000,0,0,0,0
755445159511958 D 1413,856987339,1000,2822,2822,4.3288941,0.02059,-1,-1,-1,0,0,0,136,1,1,0,0.0000000,0.0000000,0.0000000,0,0,0,0
755445160504416 D 1414,856988339,1000,2822,2822,4.3288941,0.01979,-1,-1,-1,0,0,0,136,1,1,0,0.0000000,0.0000000,0.0000000,0,0,0,0
755445161529416 D 1415,856989339,1000,2822,2822,4.3288941,0.01901,-1,-1,-1,0,0,0,136,1,1,0,0.0000000,0.0000000,0.0000000,0,0,0,0
755445162516583 D 1416,856990339,1000,2822,2822,4.3288941,0.01826,-1,-1,-1,0,0,0,136,1,1,0,0.0000000,0.0000000,0.0000000,0,0,0,0
755445163508166 D 1417,856991339,1000,2822,2822,4.3288941,0.01755,-1,-1,-1,0,0,0,136,1,1,0,0.0000000,0.0000000,0.0000000,0,0,0,0
755445164510375 D 1418,856992339,1000,2822,2822,4.3288941,0.01686,-1,-1,-1,0,0,0,136,1,1,0,0.0000000,0.0000000,0.0000000,0,0,0,0
755445165502083 D 1419,856993339,1000,2822,2822,4.3288941,0.01620,-1,-1,-1,0,0,0,136,1,1,0,0.0000000,0.0000000,0.0000000,0,0,0,0
755445166506750 D 1420,856994339,1000,2822,2822,4.3288941,0.01556,-1,-1,-1,0,0,0,136,1,1,0,0.0000000,0.0000000,0.0000000,0,0,0,0
755445167501791 D 1421,856995339,1000,2822,2822,4.3288941,0.01495,-1,-1,-1,0,0,0,136,1,1,0,0.0000000,0.0000000,0.0000000,0,0,0,0
755445168510916 D 1422,856996339,1000,2822,2822,4.3288941,0.01437,-1,-1,-1,0,0,0,136,1,1,0,0.0000000,0.0000000,0.0000000,0,0,0,0
755445169556416 D 1423,856997339,1000,2822,2822,4.3288941,0.01380,-1,-1,-1,0,0,0,136,1,1,0,0.0000000,0.0000000,0.0000000,0,0,0,0
755445170548375 D 1424,856998339,1000,2821,2821,4.3273602,-0.04689,-1,-1,-1,0,0,0,136,1,1,0,0.0000000,0.0000000,0.0000000,0,0,0,0
755445171545750 D 1425,856999339,1000,2822,2822,4.3288941,0.01510,-1,-1,-1,0,0,0,136,1,1,0,0.0000000,0.0000000,0.0000000,0,0,0,0
755445172596208 D 1426,857000339,1000,2822,2822,4.3288941,0.01451,-1,-1,-1,0,0,0,136,1,1,0,0.0000000,0.0000000,0.0000000,0,0,0,0
755445173615000 D 1427,857001339,1000,2822,2822,4.3288941,0.01394,-1,-1,-1,0,0,0,136,1,1,0,0.0000000,0.0000000,0.0000000,0,0,0,0
755445175024125 D 1428,857002339,1000,2821,2821,4.3273602,-0.04675,39,106,2076,0,0,0,136,1,1,0,0.0000000,0.0000000,0.0000000,0,0,0,0
755445175646708 D 1429,857003339,1000,2822,2822,4.3288941,0.01523,-1,-1,-1,0,0,0,136,1,1,0,0.0000000,0.0000000,0.0000000,0,0,0,0
755445176813208 D 1430,857004339,1000,2822,2822,4.3288941,0.01463,-1,-1,-1,0,0,0,136,1,1,0,0.0000000,0.0000000,0.0000000,0,0,0,0
755445177765875 D 1431,857005339,1000,2822,2822,4.3288941,0.01406,-1,-1,-1,0,0,0,136,1,1,0,0.0000000,0.0000000,0.0000000,0,0,0,0
755445178771791 D 1432,857006339,1000,2822,2822,4.3288941,0.01350,-1,-1,-1,0,0,0,136,1,1,0,0.0000000,0.0000000,0.0000000,0,0,0,0
755445179574416 D 1433,857007339,1000,2822,2822,4.3288941,0.01298,-1,-1,-1,0,0,0,136,1,1,0,0.0000000,0.0000000,0.0000000,0,0,0,0
755445180522000 D 1434,857008339,1000,2822,2822,4.3288941,0.01247,-1,-1,-1,0,0,0,136,1,1,0,0.0000000,0.0000000,0.0000000,0,0,0,0
755445181523458 D 1435,857009339,1000,2822,2822,4.3288941,0.01198,-1,-1,-1,0,0,0,136,1,1,0,0.0000000,0.0000000,0.0000000,0,0,0,0
755445182525041 D 1436,857010339,1000,2821,2821,4.3273602,-0.04864,-1,-1,-1,0,0,0,136,1,1,0,0.0000000,0.0000000,0.0000000,0,0,0,0
755445183504916 D 1437,857011339,1000,2821,2821,4.3273602,-0.04673,-1,-1,-1,0,0,0,136,1,1,0,0.0000000,0.0000000,0.0000000,0,0,0,0
755445184533625 D 1438,857012339,1000,2821,2821,4.3273602,-0.04490,-1,-1,-1,0,0,0,136,1,1,0,0.0000000,0.0000000,0.0000000,0,0,0,0
755445185541250 D 1439,857013339,1000,2822,2822,4.3288941,0.01701,-1,-1,-1,0,0,0,136,1,1,0,0.0000000,0.0000000,0.0000000,0,0,0,0
755445186526000 D 1440,857014339,1000,2822,2822,4.3288941,0.01634,-1,-1,-1,0,0,0,136,1,1,0,0.0000000,0.0000000,0.0000000,0,0,0,0
755445187503958 D 1441,857015339,1000,2822,2822,4.3288941,0.01570,-1,-1,-1,0,0,0,136,1,1,0,0.0000000,0.0000000,0.0000000,0,0,0,0
755445188515166 D 1442,857016339,1000,2822,2822,4.3288941,0.01509,-1,-1,-1,0,0,0,136,1,1,0,0.0000000,0.0000000,0.0000000,0,0,0,0
755445189513958 D 1443,857017339,1000,2821,2821,4.3273602,-0.04565,-1,-1,-1,0,0,0,136,1,1,0,0.0000000,0.0000000,0.0000000,0,0,0,0
755445190517958 D 1444,857018339,1000,2821,2821,4.3273602,-0.04386,-1,-1,-1,0,0,0,136,1,1,0,0.0000000,0.0000000,0.0000000,0,0,0,0
755445191505916 D 1445,857019339,1000,2822,2822,4.3288941,0.01800,-1,-1,-1,0,0,0,136,1,1,0,0.0000000,0.0000000,0.0000000,0,0,0,0
755445192513000 D 1446,857020339,1000,2822,2822,4.3288941,0.01730,-1,-1,-1,0,0,0,136,1,1,0,0.0000000,0.0000000,0.0000000,0,0,0,0
755445193502333 D 1447,857021339,1000,2822,2822,4.3288941,0.01662,-1,-1,-1,0,0,0,136,1,1,0,0.0000000,0.0000000,0.0000000,0,0,0,0
755445194512166 D 1448,857022339,1000,2821,2821,4.3273602,-0.04418,-1,-1,-1,0,0,0,136,1,1,0,0.0000000,0.0000000,0.0000000,0,0,0,0
755445195502416 D 1449,857023339,1000,2822,2822,4.3288941,0.01770,-1,-1,-1,0,0,0,136,1,1,0,0.0000000,0.0000000,0.0000000,0,0,0,0
755445196505208 D 1450,857024339,1000,2822,2822,4.3288941,0.01701,-1,-1,-1,0,0,0,136,1,1,0,0.0000000,0.0000000,0.0000000,0,0,0,0
755445197502791 D 1451,857025339,1000,2822,2822,4.3288941,0.01634,-1,-1,-1,0,0,0,136,1,1,0,0.0000000,0.0000000,0.0000000,0,0,0,0
755445198505541 D 1452,857026339,1000,2822,2822,4.3288941,0.01570,-1,-1,-1,0,0,0,136,1,1,0,0.0000000,0.0000000,0.0000000,0,0,0,0
755445199517333 D 1453,857027339,1000,2822,2822,4.3288941,0.01508,-1,-1,-1,0,0,0,136,1,1,0,0.0000000,0.0000000,0.0000000,0,0,0,0
755445200601458 D 1454,857028339,1000,2822,2822,4.3288941,0.01449,-1,-1,-1,0,0,0,136,1,1,0,0.0000000,0.0000000,0.0000000,0,0,0,0
755445201548625 D 1455,857029339,1000,2822,2822,4.3288941,0.01392,-1,-1,-1,0,0,0,136,1,1,0,0.0000000,0.0000000,0.0000000,0,0,0,0
755445202518083 D 1456,857030339,1000,2821,2821,4.3273602,-0.04677,-1,-1,-1,0,0,0,136,1,1,0,0.0000000,0.0000000,0.0000000,0,0,0,0
755445203510291 D 1457,857031339,1000,2822,2822,4.3288941,0.01521,-1,-1,-1,0,0,0,136,1,1,0,0.0000000,0.0000000,0.0000000,0,0,0,0
755445204506291 D 1458,857032339,1000,2821,2821,4.3273602,-0.04553,-1,-1,-1,0,0,0,136,1,1,0,0.0000000,0.0000000,0.0000000,0,0,0,0
755445205504166 D 1459,857033339,1000,2822,2822,4.3288941,0.01640,-1,-1,-1,0,0,0,136,1,1,0,0.0000000,0.0000000,0.0000000,0,0,0,0
755445206729625 D 1460,857034339,1000,2822,2822,4.3288941,0.01576,-1,-1,-1,0,0,0,136,1,1,0,0.0000000,0.0000000,0.0000000,0,0,0,0
755445207727458 D 1461,857035339,1000,2822,2822,4.3288941,0.01514,-1,-1,-1,0,0,0,136,1,1,0,0.0000000,0.0000000,0.0000000,0,0,0,0
755445208710291 D 1462,857036339,1000,2821,2821,4.3273602,-0.04560,-1,-1,-1,0,0,0,136,1,1,0,0.0000000,0.0000000,0.0000000,0,0,0,0
755445209505166 D 1463,857037339,1000,2821,2821,4.3273602,-0.04381,-1,-1,-1,0,0,0,136,1,1,0,0.0000000,0.0000000,0.0000000,0,0,0,0
755445210498875 D 1464,857038339,1000,2822,2822,4.3288941,0.01805,-1,-1,-1,0,0,0,136,1,1,0,0.0000000,0.0000000,0.0000000,0,0,0,0
755445211509041 D 1465,857039339,1000,2822,2822,4.3288941,0.01734,-1,-1,-1,0,0,0,136,1,1,0,0.0000000,0.0000000,0.0000000,0,0,0,0
755445212497458 D 1466,857040339,1000,2822,2822,4.3288941,0.01666,-1,-1,-1,0,0,0,136,1,1,0,0.0000000,0.0000000,0.0000000,0,0,0,0
755445213502583 D 1467,857041339,1000,2821,2821,4.3273602,-0.04414,-1,-1,-1,0,0,0,136,1,1,0,0.0000000,0.0000000,0.0000000,0,0,0,0
755445214726208 D 1468,857042339,1000,2821,2821,4.3273602,-0.04241,-1,-1,-1,0,0,0,136,1,1,0,0.0000000,0.0000000,0.0000000,0,0,0,0
755445215735083 D 1469,857043339,1000,2822,2822,4.3288941,0.01940,-1,-1,-1,0,0,0,136,1,1,0,0.0000000,0.0000000,0.0000000,0,0,0,0
755445216738958 D 1470,857044339,1000,2822,2822,4.3288941,0.01864,-1,-1,-1,0,0,0,136,1,1,0,0.0000000,0.0000000,0.0000000,0,0,0,0
755445217715416 D 1471,857045339,1000,2822,2822,4.3288941,0.01791,-1,-1,-1,0,0,0,136,1,1,0,0.0000000,0.0000000,0.0000000,0,0,0,0
755445218722416 D 1472,857046339,1000,2822,2822,4.3288941,0.01721,-1,-1,-1,0,0,0,136,1,1,0,0.0000000,0.0000000,0.0000000,0,0,0,0
755445219717041 D 1473,857047339,1000,2822,2822,4.3288941,0.01654,-1,-1,-1,0,0,0,136,1,1,0,0.0000000,0.0000000,0.0000000,0,0,0,0
755445220726208 D 1474,857048339,1000,2821,2821,4.3273602,-0.04426,-1,-1,-1,0,0,0,136,1,1,0,0.0000000,0.0000000,0.0000000,0,0,0,0
755445221720666 D 1475,857049339,1000,2821,2821,4.3273602,-0.04253,-1,-1,-1,0,0,0,136,1,1,0,0.0000000,0.0000000,0.0000000,0,0,0,0
755445222663166 D 1476,857050339,1000,2822,2822,4.3288941,0.01929,-1,-1,-1,0,0,0,136,1,1,0,0.0000000,0.0000000,0.0000000,0,0,0,0
755445223516208 D 1477,857051339,1000,2822,2822,4.3288941,0.01853,-1,-1,-1,0,0,0,136,1,1,0,0.0000000,0.0000000,0.0000000,0,0,0,0
755445224883916 D 1478,857052339,1000,2822,2822,4.3288941,0.01781,39,106,2076,0,0,0,136,1,1,0,0.0000000,0.0000000,0.0000000,0,0,0,0
755445225484333 D 1479,857053339,1000,2822,2822,4.3288941,0.01711,-1,-1,-1,0,0,0,136,1,1,0,0.0000000,0.0000000,0.0000000,0,0,0,0
755445226511333 D 1480,857054339,1000,2822,2822,4.3288941,0.01644,-1,-1,-1,0,0,0,136,1,1,0,0.0000000,0.0000000,0.0000000,0,0,0,0
755445227507500 D 1481,857055339,1000,2822,2822,4.3288941,0.01579,-1,-1,-1,0,0,0,136,1,1,0,0.0000000,0.0000000,0.0000000,0,0,0,0
755445228509291 D 1482,857056339,1000,2822,2822,4.3288941,0.01517,-1,-1,-1,0,0,0,136,1,1,0,0.0000000,0.0000000,0.0000000,0,0,0,0
755445229501166 D 1483,857057339,1000,2821,2821,4.3273602,-0.04557,-1,-1,-1,0,0,0,135,1,1,0,0.0000000,0.0000000,0.0000000,0,0,0,0
755445230500791 D 1484,857058339,1000,2821,2821,4.3273602,-0.04378,-1,-1,-1,0,0,0,136,1,1,0,0.0000000,0.0000000,0.0000000,0,0,0,0
755445231523416 D 1485,857059339,1000,2821,2821,4.3273602,-0.04207,-1,-1,-1,0,0,0,136,1,1,0,0.0000000,0.0000000,0.0000000,0,0,0,0
755445232537000 D 1486,857060339,1000,2822,2822,4.3288941,0.01973,-1,-1,-1,0,0,0,136,1,1,0,0.0000000,0.0000000,0.0000000,0,0,0,0
755445233539666 D 1487,857061339,1000,2821,2821,4.3273602,-0.04119,-1,-1,-1,0,0,0,136,1,1,0,0.0000000,0.0000000,0.0000000,0,0,0,0
755445234729500 D 1488,857062339,1000,2822,2822,4.3288941,0.02057,-1,-1,-1,0,0,0,136,1,1,0,0.0000000,0.0000000,0.0000000,0,0,0,0
755445235723291 D 1489,857063339,1000,2822,2822,4.3288941,0.01977,-1,-1,-1,0,0,0,136,1,1,0,0.0000000,0.0000000,0.0000000,0,0,0,0
755445236722250 D 1490,857064339,1000,2822,2822,4.3288941,0.01899,-1,-1,-1,0,0,0,136,1,1,0,0.0000000,0.0000000,0.0000000,0,0,0,0
755445237714458 D 1491,857065339,1000,2822,2822,4.3288941,0.01825,-1,-1,-1,0,0,0,136,1,1,0,0.0000000,0.0000000,0.0000000,0,0,0,0
755445238724500 D 1492,857066339,1000,2821,2821,4.3273602,-0.04262,-1,-1,-1,0,0,0,136,1,1,0,0.0000000,0.0000000,0.0000000,0,0,0,0
755445239796958 D 1493,857067339,1000,2822,2822,4.3288941,0.01920,-1,-1,-1,0,0,0,136,1,1,0,0.0000000,0.0000000,0.0000000,0,0,0,0
755445240617500 D 1494,857068339,1000,2821,2821,4.3273602,-0.04170,-1,-1,-1,0,0,0,136,1,1,0,0.0000000,0.0000000,0.0000000,0,0,0,0
755445241510291 D 1495,857069339,1000,2822,2822,4.3288941,0.02008,-1,-1,-1,0,0,0,136,1,1,0,0.0000000,0.0000000,0.0000000,0,0,0,0
755445242512250 D 1496,857070339,1000,2821,2821,4.3273602,-0.04085,-1,-1,-1,0,0,0,136,1,1,0,0.0000000,0.0000000,0.0000000,0,0,0,0
755445243506291 D 1497,857071339,1000,2822,2822,4.3288941,0.02090,-1,-1,-1,0,0,0,136,1,1,0,0.0000000,0.0000000,0.0000000,0,0,0,0
755445244500666 D 1498,857072339,1000,2822,2822,4.3288941,0.02008,-1,-1,-1,0,0,0,136,1,1,0,0.0000000,0.0000000,0.0000000,0,0,0,0
755445245501083 D 1499,857073339,1000,2821,2821,4.3273602,-0.04086,-1,-1,-1,0,0,0,136,1,1,0,0.0000000,0.0000000,0.0000000,0,0,0,0
755445246545916 D 1500,857074339,1000,2821,2821,4.3273602,-0.03925,-1,-1,-1,0,0,0,136,1,1,0,0.0000000,0.0000000,0.0000000,0,0,0,0
755445247516625 D 1501,857075339,1000,2822,2822,4.3288941,0.02243,-1,-1,-1,0,0,0,136,1,1,0,0.0000000,0.0000000,0.0000000,0,0,0,0
755445248506875 D 1502,857076339,1000,2822,2822,4.3288941,0.02155,-1,-1,-1,0,0,0,136,1,1,0,0.0000000,0.0000000,0.0000000,0,0,0,0
755445249500625 D 1503,857077339,1000,2822,2822,4.3288941,0.02071,-1,-1,-1,0,0,0,136,1,1,0,0.0000000,0.0000000,0.0000000,0,0,0,0
755445250515250 D 1504,857078339,1000,2821,2821,4.3273602,-0.04025,-1,-1,-1,0,0,0,136,1,1,0,0.0000000,0.0000000,0.0000000,0,0,0,0
755445251510958 D 1505,857079339,1000,2821,2821,4.3273602,-0.03867,-1,-1,-1,0,0,0,136,1,1,0,0.0000000,0.0000000,0.0000000,0,0,0,0
755445252517791 D 1506,857080339,1000,2822,2822,4.3288941,0.02299,-1,-1,-1,0,0,0,136,1,1,0,0.0000000,0.0000000,0.0000000,0,0,0,0
755445253735625 D 1507,857081339,1000,2822,2822,4.3288941,0.02209,-1,-1,-1,0,0,0,136,1,1,0,0.0000000,0.0000000,0.0000000,0,0,0,0
755445254737708 D 1508,857082339,1000,2821,2821,4.3273602,-0.03892,-1,-1,-1,0,0,0,136,1,1,0,0.0000000,0.0000000,0.0000000,0,0,0,0
755445255738250 D 1509,857083339,1000,2821,2821,4.3273602,-0.03740,-1,-1,-1,0,0,0,136,1,1,0,0.0000000,0.0000000,0.0000000,0,0,0,0
755445256511000 D 1510,857084339,1000,2821,2821,4.3273602,-0.03593,-1,-1,-1,0,0,0,136,1,1,0,0.0000000,0.0000000,0.0000000,0,0,0,0
755445257499583 D 1511,857085339,1000,2822,2822,4.3288941,0.02563,-1,-1,-1,0,0,0,136,1,1,0,0.0000000,0.0000000,0.0000000,0,0,0,0
755445258492833 D 1512,857086339,1000,2822,2822,4.3288941,0.02462,-1,-1,-1,0,0,0,136,1,1,0,0.0000000,0.0000000,0.0000000,0,0,0,0
755445259501666 D 1513,857087339,1000,2821,2821,4.3273602,-0.03649,-1,-1,-1,0,0,0,136,1,1,0,0.0000000,0.0000000,0.0000000,0,0,0,0
755445260512208 D 1514,857088339,1000,2822,2822,4.3288941,0.02509,-1,-1,-1,0,0,0,136,1,1,0,0.0000000,0.0000000,0.0000000,0,0,0,0
755445261492541 D 1515,857089339,1000,2822,2822,4.3288941,0.02410,-1,-1,-1,0,0,0,136,1,1,0,0.0000000,0.0000000,0.0000000,0,0,0,0
755445262521958 D 1516,857090339,1000,2822,2822,4.3288941,0.02316,-1,-1,-1,0,0,0,136,1,1,0,0.0000000,0.0000000,0.0000000,0,0,0,0
755445263525958 D 1517,857091339,1000,2821,2821,4.3273602,-0.03790,-1,-1,-1,0,0,0,136,1,1,0,0.0000000,0.0000000,0.0000000,0,0,0,0
755445264496750 D 1518,857092339,1000,2822,2822,4.3288941,0.02374,-1,-1,-1,0,0,0,135,1,1,0,0.0000000,0.0000000,0.0000000,0,0,0,0
755445265502583 D 1519,857093339,1000,2822,2822,4.3288941,0.02280,-1,-1,-1,0,0,0,136,1,1,0,0.0000000,0.0000000,0.0000000,0,0,0,0
755445266501583 D 1520,857094339,1000,2822,2822,4.3288941,0.02191,-1,-1,-1,0,0,0,136,1,1,0,0.0000000,0.0000000,0.0000000,0,0,0,0
755445267503791 D 1521,857095339,1000,2821,2821,4.3273602,-0.03910,-1,-1,-1,0,0,0,136,1,1,0,0.0000000,0.0000000,0.0000000,0,0,0,0
755445268494416 D 1522,857096339,1000,2822,2822,4.3288941,0.02258,-1,-1,-1,0,0,0,136,1,1,0,0.0000000,0.0000000,0.0000000,0,0,0,0
755445269498416 D 1523,857097339,1000,2822,2822,4.3288941,0.02170,-1,-1,-1,0,0,0,136,1,1,0,0.0000000,0.0000000,0.0000000,0,0,0,0
755445270515583 D 1524,857098339,1000,2821,2821,4.3273602,-0.03930,-1,-1,-1,0,0,0,136,1,1,0,0.0000000,0.0000000,0.0000000,0,0,0,0
755445271529208 D 1525,857099339,1000,2822,2822,4.3288941,0.02239,-1,-1,-1,0,0,0,136,1,1,0,0.0000000,0.0000000,0.0000000,0,0,0,0
755445272547833 D 1526,857100339,1000,2822,2822,4.3288941,0.02151,-1,-1,-1,0,0,0,136,1,1,0,0.0000000,0.0000000,0.0000000,0,0,0,0
755445273568041 D 1527,857101339,1000,2822,2822,4.3288941,0.02067,-1,-1,-1,0,0,0,136,1,1,0,0.0000000,0.0000000,0.0000000,0,0,0,0
755445275004333 D 1528,857102339,1000,2822,2822,4.3288941,0.01986,39,106,2077,0,0,0,136,1,1,0,0.0000000,0.0000000,0.0000000,0,0,0,0
755445275613541 D 1529,857103339,1000,2822,2822,4.3288941,0.01908,-1,-1,-1,0,0,0,136,1,1,0,0.0000000,0.0000000,0.0000000,0,0,0,0
755445276527333 D 1530,857104339,1000,2822,2822,4.3288941,0.01833,-1,-1,-1,0,0,0,136,1,1,0,0.0000000,0.0000000,0.0000000,0,0,0,0
755445277513625 D 1531,857105339,1000,2822,2822,4.3288941,0.01761,-1,-1,-1,0,0,0,136,1,1,0,0.0000000,0.0000000,0.0000000,0,0,0,0
755445278610250 D 1532,857106339,1000,2821,2821,4.3273602,-0.04323,-1,-1,-1,0,0,0,136,1,1,0,0.0000000,0.0000000,0.0000000,0,0,0,0
755445279561041 D 1533,857107339,1000,2822,2822,4.3288941,0.01862,-1,-1,-1,0,0,0,136,1,1,0,0.0000000,0.0000000,0.0000000,0,0,0,0
755445280519041 D 1534,857108339,1000,2822,2822,4.3288941,0.01789,-1,-1,-1,0,0,0,136,1,1,0,0.0000000,0.0000000,0.0000000,0,0,0,0
755445281525166 D 1535,857109339,1000,2822,2822,4.3288941,0.01718,-1,-1,-1,0,0,0,136,1,1,0,0.0000000,0.0000000,0.0000000,0,0,0,0
755445282506916 D 1536,857110339,1000,2822,2822,4.3288941,0.01651,-1,-1,-1,0,0,0,136,1,1,0,0.0000000,0.0000000,0.0000000,0,0,0,0
755445283534500 D 1537,857111339,1000,2822,2822,4.3288941,0.01586,-1,-1,-1,0,0,0,136,1,1,0,0.0000000,0.0000000,0.0000000,0,0,0,0
755445284513625 D 1538,857112339,1000,2821,2821,4.3273602,-0.04491,-1,-1,-1,0,0,0,136,1,1,0,0.0000000,0.0000000,0.0000000,0,0,0,0
755445285766625 D 1539,857113339,1000,2821,2821,4.3273602,-0.04315,-1,-1,-1,0,0,0,136,1,1,0,0.0000000,0.0000000,0.0000000,0,0,0,0
755445286777750 D 1540,857114339,1000,2822,2822,4.3288941,0.01869,-1,-1,-1,0,0,0,136,1,1,0,0.0000000,0.0000000,0.0000000,0,0,0,0
755445287685916 D 1541,857115339,1000,2821,2821,4.3273602,-0.04219,-1,-1,-1,0,0,0,136,1,1,0,0.0000000,0.0000000,0.0000000,0,0,0,0
755445288508666 D 1542,857116339,1000,2821,2821,4.3273602,-0.04053,-1,-1,-1,0,0,0,136,1,1,0,0.0000000,0.0000000,0.0000000,0,0,0,0
755445289500208 D 1543,857117339,1000,2822,2822,4.3288941,0.02120,-1,-1,-1,0,0,0,136,1,1,0,0.0000000,0.0000000,0.0000000,0,0,0,0
755445290507541 D 1544,857118339,1000,2822,2822,4.3288941,0.02037,-1,-1,-1,0,0,0,136,1,1,0,0.0000000,0.0000000,0.0000000,0,0,0,0
755445291502750 D 1545,857119339,1000,2822,2822,4.3288941,0.01957,-1,-1,-1,0,0,0,136,1,1,0,0.0000000,0.0000000,0.0000000,0,0,0,0
755445292497916 D 1546,857120339,1000,2822,2822,4.3288941,0.01881,-1,-1,-1,0,0,0,135,1,1,0,0.0000000,0.0000000,0.0000000,0,0,0,0
755445293505750 D 1547,857121339,1000,2821,2821,4.3273602,-0.04208,-1,-1,-1,0,0,0,136,1,1,0,0.0000000,0.0000000,0.0000000,0,0,0,0
755445294569125 D 1548,857122339,1000,2821,2821,4.3273602,-0.04043,-1,-1,-1,0,0,0,136,1,1,0,0.0000000,0.0000000,0.0000000,0,0,0,0
755445295550875 D 1549,857123339,1000,2821,2821,4.3273602,-0.03884,-1,-1,-1,0,0,0,136,1,1,0,0.0000000,0.0000000,0.0000000,0,0,0,0
755445296530916 D 1550,857124339,1000,2822,2822,4.3288941,0.02283,-1,-1,-1,0,0,0,136,1,1,0,0.0000000,0.0000000,0.0000000,0,0,0,0
755445297510666 D 1551,857125339,1000,2821,2821,4.3273602,-0.03822,-1,-1,-1,0,0,0,136,1,1,0,0.0000000,0.0000000,0.0000000,0,0,0,0
755445298510041 D 1552,857126339,1000,2822,2822,4.3288941,0.02343,-1,-1,-1,0,0,0,136,1,1,0,0.0000000,0.0000000,0.0000000,0,0,0,0
755445299505583 D 1553,857127339,1000,2822,2822,4.3288941,0.02251,-1,-1,-1,0,0,0,136,1,1,0,0.0000000,0.0000000,0.0000000,0,0,0,0
755445300503541 D 1554,857128339,1000,2821,2821,4.3273602,-0.03852,-1,-1,-1,0,0,0,136,1,1,0,0.0000000,0.0000000,0.0000000,0,0,0,0
755445301503416 D 1555,857129339,1000,2822,2822,4.3288941,0.02314,-1,-1,-1,0,0,0,136,1,1,0,0.0000000,0.0000000,0.0000000,0,0,0,0
755445302500666 D 1556,857130339,1000,2822,2822,4.3288941,0.02223,-1,-1,-1,0,0,0,136,1,1,0,0.0000000,0.0000000,0.0000000,0,0,0,0
755445303520666 D 1557,857131339,1000,2822,2822,4.3288941,0.02136,-1,-1,-1,0,0,0,136,1,1,0,0.0000000,0.0000000,0.0000000,0,0,0,0
755445304543208 D 1558,857132339,1000,2821,2821,4.3273602,-0.03962,-1,-1,-1,0,0,0,136,1,1,0,0.0000000,0.0000000,0.0000000,0,0,0,0
755445305504416 D 1559,857133339,1000,2822,2822,4.3288941,0.02208,-1,-1,-1,0,0,0,136,1,1,0,0.0000000,0.0000000,0.0000000,0,0,0,0
755445306505833 D 1560,857134339,1000,2822,2822,4.3288941,0.02121,-1,-1,-1,0,0,0,136,1,1,0,0.0000000,0.0000000,0.0000000,0,0,0,0
755445307532750 D 1561,857135339,1000,2822,2822,4.3288941,0.02038,-1,-1,-1,0,0,0,136,1,1,0,0.0000000,0.0000000,0.0000000,0,0,0,0
755445308531625 D 1562,857136339,1000,2822,2822,4.3288941,0.01958,-1,-1,-1,0,0,0,136,1,1,0,0.0000000,0.0000000,0.0000000,0,0,0,0
755445309523458 D 1563,857137339,1000,2822,2822,4.3288941,0.01881,-1,-1,-1,0,0,0,136,1,1,0,0.0000000,0.0000000,0.0000000,0,0,0,0
755445310532791 D 1564,857138339,1000,2822,2822,4.3288941,0.01808,-1,-1,-1,0,0,0,136,1,1,0,0.0000000,0.0000000,0.0000000,0,0,0,0
755445311511416 D 1565,857139339,1000,2822,2822,4.3288941,0.01737,-1,-1,-1,0,0,0,136,1,1,0,0.0000000,0.0000000,0.0000000,0,0,0,0
755445312521916 D 1566,857140339,1000,2822,2822,4.3288941,0.01669,-1,-1,-1,0,0,0,136,1,1,0,0.0000000,0.0000000,0.0000000,0,0,0,0
755445313511333 D 1567,857141339,1000,2822,2822,4.3288941,0.01603,-1,-1,-1,0,0,0,136,1,1,0,0.0000000,0.0000000,0.0000000,0,0,0,0
755445314721208 D 1568,857142339,1000,2822,2822,4.3288941,0.01540,-1,-1,-1,0,0,0,136,1,1,0,0.0000000,0.0000000,0.0000000,0,0,0,0
755445315739083 D 1569,857143339,1000,2822,2822,4.3288941,0.01480,-1,-1,-1,0,0,0,136,1,1,0,0.0000000,0.0000000,0.0000000,0,0,0,0
755445316721000 D 1570,857144339,1000,2822,2822,4.3288941,0.01422,-1,-1,-1,0,0,0,136,1,1,0,0.0000000,0.0000000,0.0000000,0,0,0,0
755445317567583 D 1571,857145339,1000,2822,2822,4.3288941,0.01366,-1,-1,-1,0,0,0,136,1,1,0,0.0000000,0.0000000,0.0000000,0,0,0,0
755445318498375 D 1572,857146339,1000,2822,2822,4.3288941,0.01313,-1,-1,-1,0,0,0,136,1,1,0,0.0000000,0.0000000,0.0000000,0,0,0,0
755445319499166 D 1573,857147339,1000,2822,2822,4.3288941,0.01261,-1,-1,-1,0,0,0,136,1,1,0,0.0000000,0.0000000,0.0000000,0,0,0,0
755445320503083 D 1574,857148339,1000,2822,2822,4.3288941,0.01212,-1,-1,-1,0,0,0,136,1,1,0,0.0000000,0.0000000,0.0000000,0,0,0,0
755445321506958 D 1575,857149339,1000,2821,2821,4.3273602,-0.04851,-1,-1,-1,0,0,0,136,1,1,0,0.0000000,0.0000000,0.0000000,0,0,0,0
755445322503875 D 1576,857150339,1000,2822,2822,4.3288941,0.01354,-1,-1,-1,0,0,0,136,1,1,0,0.0000000,0.0000000,0.0000000,0,0,0,0
755445323501125 D 1577,857151339,1000,2822,2822,4.3288941,0.01301,-1,-1,-1,0,0,0,136,1,1,0,0.0000000,0.0000000,0.0000000,0,0,0,0
755445324970500 D 1578,857152339,1000,2821,2821,4.3273602,-0.04765,39,106,2076,0,0,0,136,1,1,0,0.0000000,0.0000000,0.0000000,0,0,0,0
755445325576541 D 1579,857153339,1000,2822,2822,4.3288941,0.01437,-1,-1,-1,0,0,0,136,1,1,0,0.0000000,0.0000000,0.0000000,0,0,0,0
755445326753000 D 1580,857154339,1000,2822,2822,4.3288941,0.01381,-1,-1,-1,0,0,0,136,1,1,0,0.0000000,0.0000000,0.0000000,0,0,0,0
755445327729166 D 1581,857155339,1000,2821,2821,4.3273602,-0.04688,-1,-1,-1,0,0,0,136,1,1,0,0.0000000,0.0000000,0.0000000,0,0,0,0
755445328739875 D 1582,857156339,1000,2821,2821,4.3273602,-0.04504,-1,-1,-1,0,0,0,136,1,1,0,0.0000000,0.0000000,0.0000000,0,0,0,0
755445329532458 D 1583,857157339,1000,2821,2821,4.3273602,-0.04328,-1,-1,-1,0,0,0,136,1,1,0,0.0000000,0.0000000,0.0000000,0,0,0,0
755445330504750 D 1584,857158339,1000,2822,2822,4.3288941,0.01857,-1,-1,-1,0,0,0,136,1,1,0,0.0000000,0.0000000,0.0000000,0,0,0,0
755445331506000 D 1585,857159339,1000,2821,2821,4.3273602,-0.04231,-1,-1,-1,0,0,0,136,1,1,0,0.0000000,0.0000000,0.0000000,0,0,0,0
755445332503958 D 1586,857160339,1000,2822,2822,4.3288941,0.01950,-1,-1,-1,0,0,0,136,1,1,0,0.0000000,0.0000000,0.0000000,0,0,0,0
755445333489791 D 1587,857161339,1000,2822,2822,4.3288941,0.01873,-1,-1,-1,0,0,0,136,1,1,0,0.0000000,0.0000000,0.0000000,0,0,0,0
755445334530333 D 1588,857162339,1000,2822,2822,4.3288941,0.01800,-1,-1,-1,0,0,0,136,1,1,0,0.0000000,0.0000000,0.0000000,0,0,0,0
755445335536833 D 1589,857163339,1000,2822,2822,4.3288941,0.01729,-1,-1,-1,0,0,0,136,1,1,0,0.0000000,0.0000000,0.0000000,0,0,0,0
755445336526958 D 1590,857164339,1000,2821,2821,4.3273602,-0.04353,-1,-1,-1,0,0,0,136,1,1,0,0.0000000,0.0000000,0.0000000,0,0,0,0
755445337488416 D 1591,857165339,1000,2822,2822,4.3288941,0.01832,-1,-1,-1,0,0,0,136,1,1,0,0.0000000,0.0000000,0.0000000,0,0,0,0
755445338501000 D 1592,857166339,1000,2822,2822,4.3288941,0.01760,-1,-1,-1,0,0,0,136,1,1,0,0.0000000,0.0000000,0.0000000,0,0,0,0
755445339494333 D 1593,857167339,1000,2822,2822,4.3288941,0.01691,-1,-1,-1,0,0,0,136,1,1,0,0.0000000,0.0000000,0.0000000,0,0,0,0
755445340492666 D 1594,857168339,1000,2822,2822,4.3288941,0.01625,-1,-1,-1,0,0,0,136,1,1,0,0.0000000,0.0000000,0.0000000,0,0,0,0
755445341525708 D 1595,857169339,1000,2821,2821,4.3273602,-0.04454,-1,-1,-1,0,0,0,136,1,1,0,0.0000000,0.0000000,0.0000000,0,0,0,0
755445342510625 D 1596,857170339,1000,2821,2821,4.3273602,-0.04279,-1,-1,-1,0,0,0,136,1,1,0,0.0000000,0.0000000,0.0000000,0,0,0,0
755445343492583 D 1597,857171339,1000,2822,2822,4.3288941,0.01904,-1,-1,-1,0,0,0,136,1,1,0,0.0000000,0.0000000,0.0000000,0,0,0,0
755445344503333 D 1598,857172339,1000,2821,2821,4.3273602,-0.04186,-1,-1,-1,0,0,0,136,1,1,0,0.0000000,0.0000000,0.0000000,0,0,0,0
755445345499458 D 1599,857173339,1000,2822,2822,4.3288941,0.01993,-1,-1,-1,0,0,0,136,1,1,0,0.0000000,0.0000000,0.0000000,0,0,0,0
755445346711958 D 1600,857174339,1000,2822,2822,4.3288941,0.01915,-1,-1,-1,0,0,0,136,1,1,0,0.0000000,0.0000000,0.0000000,0,0,0,0
755445347711541 D 1601,857175339,1000,2822,2822,4.3288941,0.01840,-1,-1,-1,0,0,0,136,1,1,0,0.0000000,0.0000000,0.0000000,0,0,0,0
755445348763125 D 1602,857176339,1000,2821,2821,4.3273602,-0.04247,-1,-1,-1,0,0,0,136,1,1,0,0.0000000,0.0000000,0.0000000,0,0,0,0
755445349756041 D 1603,857177339,1000,2822,2822,4.3288941,0.01934,-1,-1,-1,0,0,0,136,1,1,0,0.0000000,0.0000000,0.0000000,0,0,0,0
755445350730375 D 1604,857178339,1000,2822,2822,4.3288941,0.01858,-1,-1,-1,0,0,0,136,1,1,0,0.0000000,0.0000000,0.0000000,0,0,0,0
755445351498500 D 1605,857179339,1000,2822,2822,4.3288941,0.01786,-1,-1,-1,0,0,0,136,1,1,0,0.0000000,0.0000000,0.0000000,0,0,0,0
755445352511708 D 1606,857180339,1000,2822,2822,4.3288941,0.01716,-1,-1,-1,0,0,0,136,1,1,0,0.0000000,0.0000000,0.0000000,0,0,0,0
755445353513125 D 1607,857181339,1000,2821,2821,4.3273602,-0.04367,-1,-1,-1,0,0,0,136,1,1,0,0.0000000,0.0000000,0.0000000,0,0,0,0
755445354523458 D 1608,857182339,1000,2822,2822,4.3288941,0.01820,-1,-1,-1,0,0,0,136,1,1,0,0.0000000,0.0000000,0.0000000,0,0,0,0
755445355518000 D 1609,857183339,1000,2821,2821,4.3273602,-0.04267,-1,-1,-1,0,0,0,136,1,1,0,0.0000000,0.0000000,0.0000000,0,0,0,0
755445356530583 D 1610,857184339,1000,2822,2822,4.3288941,0.01915,-1,-1,-1,0,0,0,136,1,1,0,0.0000000,0.0000000,0.0000000,0,0,0,0
755445357545833 D 1611,857185339,1000,2821,2821,4.3273602,-0.04174,-1,-1,-1,0,0,0,136,1,1,0,0.0000000,0.0000000,0.0000000,0,0,0,0
755445358514416 D 1612,857186339,1000,2821,2821,4.3273602,-0.04011,-1,-1,-1,0,0,0,136,1,1,0,0.0000000,0.0000000,0.0000000,0,0,0,0
755445359520250 D 1613,857187339,1000,2821,2821,4.3273602,-0.03854,-1,-1,-1,0,0,0,136,1,1,0,0.0000000,0.0000000,0.0000000,0,0,0,0
755445360510416 D 1614,857188339,1000,2821,2821,4.3273602,-0.03702,-1,-1,-1,0,0,0,136,1,1,0,0.0000000,0.0000000,0.0000000,0,0,0,0
755445361500875 D 1615,857189339,1000,2822,2822,4.3288941,0.02458,-1,-1,-1,0,0,0,136,1,1,0,0.0000000,0.0000000,0.0000000,0,0,0,0
755445362503208 D 1616,857190339,1000,2822,2822,4.3288941,0.02361,-1,-1,-1,0,0,0,136,1,1,0,0.0000000,0.0000000,0.0000000,0,0,0,0
755445363509375 D 1617,857191339,1000,2821,2821,4.3273602,-0.03746,-1,-1,-1,0,0,0,136,1,1,0,0.0000000,0.0000000,0.0000000,0,0,0,0
755445364507666 D 1618,857192339,1000,2821,2821,4.3273602,-0.03599,-1,-1,-1,0,0,0,136,1,1,0,0.0000000,0.0000000,0.0000000,0,0,0,0
755445365503125 D 1619,857193339,1000,2821,2821,4.3273602,-0.03458,-1,-1,-1,0,0,0,136,1,1,0,0.0000000,0.0000000,0.0000000,0,0,0,0
755445366515458 D 1620,857194339,1000,2821,2821,4.3273602,-0.03323,-1,-1,-1,0,0,0,136,1,1,0,0.0000000,0.0000000,0.0000000,0,0,0,0
755445367508375 D 1621,857195339,1000,2821,2821,4.3273602,-0.03192,-1,-1,-1,0,0,0,136,1,1,0,0.0000000,0.0000000,0.0000000,0,0,0,0
755445368517375 D 1622,857196339,1000,2822,2822,4.3288941,0.02948,-1,-1,-1,0,0,0,136,1,1,0,0.0000000,0.0000000,0.0000000,0,0,0,0
755445369507500 D 1623,857197339,1000,2821,2821,4.3273602,-0.03183,-1,-1,-1,0,0,0,136,1,1,0,0.0000000,0.0000000,0.0000000,0,0,0,0
755445370501416 D 1624,857198339,1000,2822,2822,4.3288941,0.02957,-1,-1,-1,0,0,0,136,1,1,0,0.0000000,0.0000000,0.0000000,0,0,0,0
755445371535666 D 1625,857199339,1000,2822,2822,4.3288941,0.02841,-1,-1,-1,0,0,0,136,1,1,0,0.0000000,0.0000000,0.0000000,0,0,0,0
755445372551500 D 1626,857200339,1000,2821,2821,4.3273602,-0.03285,-1,-1,-1,0,0,0,136,1,1,0,0.0000000,0.0000000,0.0000000,0,0,0,0
755445373602250 D 1627,857201339,1000,2822,2822,4.3288941,0.02858,-1,-1,-1,0,0,0,136,1,1,0,0.0000000,0.0000000,0.0000000,0,0,0,0
755445375272708 D 1628,857202339,1000,2821,2821,4.3273602,-0.03269,39,106,2077,0,0,0,136,1,1,0,0.0000000,0.0000000,0.0000000,0,0,0,0
755445376137166 D 1629,857203339,1000,2821,2821,4.3273602,-0.03140,-1,-1,-1,0,0,0,136,1,1,0,0.0000000,0.0000000,0.0000000,0,0,0,0
755445376789791 D 1630,857204339,1000,2821,2821,4.3273602,-0.03017,-1,-1,-1,0,0,0,136,1,1,0,0.0000000,0.0000000,0.0000000,0,0,0,0
755445377520625 D 1631,857205339,1000,2822,2822,4.3288941,0.03116,-1,-1,-1,0,0,0,136,1,1,0,0.0000000,0.0000000,0.0000000,0,0,0,0
755445378546916 D 1632,857206339,1000,2822,2822,4.3288941,0.02994,-1,-1,-1,0,0,0,136,1,1,0,0.0000000,0.0000000,0.0000000,0,0,0,0
755445379528666 D 1633,857207339,1000,2821,2821,4.3273602,-0.03138,-1,-1,-1,0,0,0,136,1,1,0,0.0000000,0.0000000,0.0000000,0,0,0,0
755445380522000 D 1634,857208339,1000,2822,2822,4.3288941,0.02999,-1,-1,-1,0,0,0,136,1,1,0,0.0000000,0.0000000,0.0000000,0,0,0,0
755445381519333 D 1635,857209339,1000,2822,2822,4.3288941,0.02882,-1,-1,-1,0,0,0,136,1,1,0,0.0000000,0.0000000,0.0000000,0,0,0,0
755445382519000 D 1636,857210339,1000,2822,2822,4.3288941,0.02769,-1,-1,-1,0,0,0,136,1,1,0,0.0000000,0.0000000,0.0000000,0,0,0,0
755445383519541 D 1637,857211339,1000,2821,2821,4.3273602,-0.03355,-1,-1,-1,0,0,0,136,1,1,0,0.0000000,0.0000000,0.0000000,0,0,0,0
755445384552041 D 1638,857212339,1000,2822,2822,4.3288941,0.02792,-1,-1,-1,0,0,0,136,1,1,0,0.0000000,0.0000000,0.0000000,0,0,0,0
755445385545333 D 1639,857213339,1000,2822,2822,4.3288941,0.02682,-1,-1,-1,0,0,0,136,1,1,0,0.0000000,0.0000000,0.0000000,0,0,0,0
755445386524625 D 1640,857214339,1000,2822,2822,4.3288941,0.02577,-1,-1,-1,0,0,0,136,1,1,0,0.0000000,0.0000000,0.0000000,0,0,0,0
755445387512333 D 1641,857215339,1000,2822,2822,4.3288941,0.02476,-1,-1,-1,0,0,0,136,1,1,0,0.0000000,0.0000000,0.0000000,0,0,0,0
755445388535625 D 1642,857216339,1000,2822,2822,4.3288941,0.02379,-1,-1,-1,0,0,0,136,1,1,0,0.0000000,0.0000000,0.0000000,0,0,0,0
755445389526250 D 1643,857217339,1000,2821,2821,4.3273602,-0.03729,-1,-1,-1,0,0,0,136,1,1,0,0.0000000,0.0000000,0.0000000,0,0,0,0
755445390523041 D 1644,857218339,1000,2821,2821,4.3273602,-0.03583,-1,-1,-1,0,0,0,136,1,1,0,0.0000000,0.0000000,0.0000000,0,0,0,0
755445391518958 D 1645,857219339,1000,2821,2821,4.3273602,-0.03442,-1,-1,-1,0,0,0,136,1,1,0,0.0000000,0.0000000,0.0000000,0,0,0,0
755445392530916 D 1646,857220339,1000,2821,2821,4.3273602,-0.03307,-1,-1,-1,0,0,0,136,1,1,0,0.0000000,0.0000000,0.0000000,0,0,0,0
755445393513583 D 1647,857221339,1000,2822,2822,4.3288941,0.02837,-1,-1,-1,0,0,0,136,1,1,0,0.0000000,0.0000000,0.0000000,0,0,0,0
755445394517416 D 1648,857222339,1000,2821,2821,4.3273602,-0.03289,-1,-1,-1,0,0,0,136,1,1,0,0.0000000,0.0000000,0.0000000,0,0,0,0
755445395523875 D 1649,857223339,1000,2821,2821,4.3273602,-0.03160,-1,-1,-1,0,0,0,136,1,1,0,0.0000000,0.0000000,0.0000000,0,0,0,0
755445396506416 D 1650,857224339,1000,2821,2821,4.3273602,-0.03036,-1,-1,-1,0,0,0,136,1,1,0,0.0000000,0.0000000,0.0000000,0,0,0,0
755445397504125 D 1651,857225339,1000,2822,2822,4.3288941,0.03098,-1,-1,-1,0,0,0,136,1,1,0,0.0000000,0.0000000,0.0000000,0,0,0,0
755445398523333 D 1652,857226339,1000,2821,2821,4.3273602,-0.03039,-1,-1,-1,0,0,0,136,1,1,0,0.0000000,0.0000000,0.0000000,0,0,0,0
755445399512666 D 1653,857227339,1000,2822,2822,4.3288941,0.03095,-1,-1,-1,0,0,0,136,1,1,0,0.0000000,0.0000000,0.0000000,0,0,0,0
755445400517000 D 1654,857228339,1000,2821,2821,4.3273602,-0.03041,-1,-1,-1,0,0,0,136,1,1,0,0.0000000,0.0000000,0.0000000,0,0,0,0
755445401728708 D 1655,857229339,1000,2821,2821,4.3273602,-0.02922,-1,-1,-1,0,0,0,136,1,1,0,0.0000000,0.0000000,0.0000000,0,0,0,0
755445402743791 D 1656,857230339,1000,2822,2822,4.3288941,0.03208,-1,-1,-1,0,0,0,136,1,1,0,0.0000000,0.0000000,0.0000000,0,0,0,0
755445403740750 D 1657,857231339,1000,2821,2821,4.3273602,-0.02933,-1,-1,-1,0,0,0,136,1,1,0,0.0000000,0.0000000,0.0000000,0,0,0,0
755445404556791 D 1658,857232339,1000,2822,2822,4.3288941,0.03197,-1,-1,-1,0,0,0,136,1,1,0,0.0000000,0.0000000,0.0000000,0,0,0,0
755445405526625 D 1659,857233339,1000,2821,2821,4.3273602,-0.02943,-1,-1,-1,0,0,0,136,1,1,0,0.0000000,0.0000000,0.0000000,0,0,0,0
755445406499875 D 1660,857234339,1000,2821,2821,4.3273602,-0.02828,-1,-1,-1,0,0,0,136,1,1,0,0.0000000,0.0000000,0.0000000,0,0,0,0
755445407505250 D 1661,857235339,1000,2822,2822,4.3288941,0.03298,-1,-1,-1,0,0,0,136,1,1,0,0.0000000,0.0000000,0.0000000,0,0,0,0
755445408499041 D 1662,857236339,1000,2822,2822,4.3288941,0.03169,-1,-1,-1,0,0,0,136,1,1,0,0.0000000,0.0000000,0.0000000,0,0,0,0
755445409499500 D 1663,857237339,1000,2822,2822,4.3288941,0.03044,-1,-1,-1,0,0,0,136,1,1,0,0.0000000,0.0000000,0.0000000,0,0,0,0
755445410496500 D 1664,857238339,1000,2822,2822,4.3288941,0.02925,-1,-1,-1,0,0,0,136,1,1,0,0.0000000,0.0000000,0.0000000,0,0,0,0
755445411503875 D 1665,857239339,1000,2821,2821,4.3273602,-0.03204,-1,-1,-1,0,0,0,135,1,1,0,0.0000000,0.0000000,0.0000000,0,0,0,0
755445412500625 D 1666,857240339,1000,2822,2822,4.3288941,0.02936,-1,-1,-1,0,0,0,136,1,1,0,0.0000000,0.0000000,0.0000000,0,0,0,0
755445413501791 D 1667,857241339,1000,2821,2821,4.3273602,-0.03194,-1,-1,-1,0,0,0,136,1,1,0,0.0000000,0.0000000,0.0000000,0,0,0,0
755445414502083 D 1668,857242339,1000,2822,2822,4.3288941,0.02946,-1,-1,-1,0,0,0,136,1,1,0,0.0000000,0.0000000,0.0000000,0,0,0,0
755445415497625 D 1669,857243339,1000,2822,2822,4.3288941,0.02831,-1,-1,-1,0,0,0,136,1,1,0,0.0000000,0.0000000,0.0000000,0,0,0,0
755445416508000 D 1670,857244339,1000,2821,2821,4.3273602,-0.03295,-1,-1,-1,0,0,0,136,1,1,0,0.0000000,0.0000000,0.0000000,0,0,0,0
755445417530500 D 1671,857245339,1000,2821,2821,4.3273602,-0.03166,-1,-1,-1,0,0,0,136,1,1,0,0.0000000,0.0000000,0.0000000,0,0,0,0
755445418547166 D 1672,857246339,1000,2822,2822,4.3288941,0.02973,-1,-1,-1,0,0,0,136,1,1,0,0.0000000,0.0000000,0.0000000,0,0,0,0
755445419538125 D 1673,857247339,1000,2822,2822,4.3288941,0.02856,-1,-1,-1,0,0,0,136,1,1,0,0.0000000,0.0000000,0.0000000,0,0,0,0
755445420519458 D 1674,857248339,1000,2821,2821,4.3273602,-0.03270,-1,-1,-1,0,0,0,136,1,1,0,0.0000000,0.0000000,0.0000000,0,0,0,0
755445421518708 D 1675,857249339,1000,2821,2821,4.3273602,-0.03142,-1,-1,-1,0,0,0,136,1,1,0,0.0000000,0.0000000,0.0000000,0,0,0,0
755445422528041 D 1676,857250339,1000,2821,2821,4.3273602,-0.03019,-1,-1,-1,0,0,0,136,1,1,0,0.0000000,0.0000000,0.0000000,0,0,0,0
755445423505375 D 1677,857251339,1000,2821,2821,4.3273602,-0.02901,-1,-1,-1,0,0,0,136,1,1,0,0.0000000,0.0000000,0.0000000,0,0,0,0
755445424936708 D 1678,857252339,1000,2821,2821,4.3273602,-0.02787,39,106,2077,0,0,0,136,1,1,0,0.0000000,0.0000000,0.0000000,0,0,0,0
755445425554958 D 1679,857253339,1000,2821,2821,4.3273602,-0.02678,-1,-1,-1,0,0,0,136,1,1,0,0.0000000,0.0000000,0.0000000,0,0,0,0
755445426525416 D 1680,857254339,1000,2821,2821,4.3273602,-0.02573,-1,-1,-1,0,0,0,136,1,1,0,0.0000000,0.0000000,0.0000000,0,0,0,0
755445427504833 D 1681,857255339,1000,2822,2822,4.3288941,0.03543,-1,-1,-1,0,0,0,136,1,1,0,0.0000000,0.0000000,0.0000000,0,0,0,0
755445428506458 D 1682,857256339,1000,2821,2821,4.3273602,-0.02611,-1,-1,-1,0,0,0,136,1,1,0,0.0000000,0.0000000,0.0000000,0,0,0,0
755445429504166 D 1683,857257339,1000,2821,2821,4.3273602,-0.02508,-1,-1,-1,0,0,0,136,1,1,0,0.0000000,0.0000000,0.0000000,0,0,0,0
755445430496625 D 1684,857258339,1000,2822,2822,4.3288941,0.03605,-1,-1,-1,0,0,0,136,1,1,0,0.0000000,0.0000000,0.0000000,0,0,0,0
755445431491416 D 1685,857259339,1000,2822,2822,4.3288941,0.03464,-1,-1,-1,0,0,0,136,1,1,0,0.0000000,0.0000000,0.0000000,0,0,0,0
755445432508208 D 1686,857260339,1000,2821,2821,4.3273602,-0.02687,-1,-1,-1,0,0,0,136,1,1,0,0.0000000,0.0000000,0.0000000,0,0,0,0
755445433722750 D 1687,857261339,1000,2821,2821,4.3273602,-0.02582,-1,-1,-1,0,0,0,136,1,1,0,0.0000000,0.0000000,0.0000000,0,0,0,0
755445434740916 D 1688,857262339,1000,2821,2821,4.3273602,-0.02481,-1,-1,-1,0,0,0,136,1,1,0,0.0000000,0.0000000,0.0000000,0,0,0,0
755445435794458 D 1689,857263339,1000,2822,2822,4.3288941,0.03632,-1,-1,-1,0,0,0,136,1,1,0,0.0000000,0.0000000,0.0000000,0,0,0,0
755445436604875 D 1690,857264339,1000,2822,2822,4.3288941,0.03489,-1,-1,-1,0,0,0,136,1,1,0,0.0000000,0.0000000,0.0000000,0,0,0,0
755445437532666 D 1691,857265339,1000,2821,2821,4.3273602,-0.02662,-1,-1,-1,0,0,0,136,1,1,0,0.0000000,0.0000000,0.0000000,0,0,0,0
755445438506750 D 1692,857266339,1000,2822,2822,4.3288941,0.03457,-1,-1,-1,0,0,0,136,1,1,0,0.0000000,0.0000000,0.0000000,0,0,0,0
755445439530208 D 1693,857267339,1000,2821,2821,4.3273602,-0.02694,-1,-1,-1,0,0,0,135,1,1,0,0.0000000,0.0000000,0.0000000,0,0,0,0
755445440509041 D 1694,857268339,1000,2822,2822,4.3288941,0.03427,-1,-1,-1,0,0,0,136,1,1,0,0.0000000,0.0000000,0.0000000,0,0,0,0
755445441733750 D 1695,857269339,1000,2821,2821,4.3273602,-0.02722,-1,-1,-1,0,0,0,136,1,1,0,0.0000000,0.0000000,0.0000000,0,0,0,0
755445442728416 D 1696,857270339,1000,2822,2822,4.3288941,0.03399,-1,-1,-1,0,0,0,136,1,1,0,0.0000000,0.0000000,0.0000000,0,0,0,0
755445443643041 D 1697,857271339,1000,2821,2821,4.3273602,-0.02749,-1,-1,-1,0,0,0,136,1,1,0,0.0000000,0.0000000,0.0000000,0,0,0,0
755445444504125 D 1698,857272339,1000,2821,2821,4.3273602,-0.02641,-1,-1,-1,0,0,0,136,1,1,0,0.0000000,0.0000000,0.0000000,0,0,0,0
755445445515166 D 1699,857273339,1000,2821,2821,4.3273602,-0.02538,-1,-1,-1,0,0,0,136,1,1,0,0.0000000,0.0000000,0.0000000,0,0,0,0
755445446511291 D 1700,857274339,1000,2822,2822,4.3288941,0.03577,-1,-1,-1,0,0,0,136,1,1,0,0.0000000,0.0000000,0.0000000,0,0,0,0
755445447498666 D 1701,857275339,1000,2822,2822,4.3288941,0.03437,-1,-1,-1,0,0,0,136,1,1,0,0.0000000,0.0000000,0.0000000,0,0,0,0
755445448506750 D 1702,857276339,1000,2821,2821,4.3273602,-0.02713,-1,-1,-1,0,0,0,136,1,1,0,0.0000000,0.0000000,0.0000000,0,0,0,0
755445449503875 D 1703,857277339,1000,2821,2821,4.3273602,-0.02607,-1,-1,-1,0,0,0,136,1,1,0,0.0000000,0.0000000,0.0000000,0,0,0,0
755445450514208 D 1704,857278339,1000,2821,2821,4.3273602,-0.02504,-1,-1,-1,0,0,0,136,1,1,0,0.0000000,0.0000000,0.0000000,0,0,0,0
755445451528083 D 1705,857279339,1000,2822,2822,4.3288941,0.03609,-1,-1,-1,0,0,0,136,1,1,0,0.0000000,0.0000000,0.0000000,0,0,0,0
755445452511083 D 1706,857280339,1000,2821,2821,4.3273602,-0.02548,-1,-1,-1,0,0,0,136,1,1,0,0.0000000,0.0000000,0.0000000,0,0,0,0
755445453513208 D 1707,857281339,1000,2821,2821,4.3273602,-0.02448,-1,-1,-1,0,0,0,136,1,1,0,0.0000000,0.0000000,0.0000000,0,0,0,0
755445454502458 D 1708,857282339,1000,2821,2821,4.3273602,-0.02352,-1,-1,-1,0,0,0,136,1,1,0,0.0000000,0.0000000,0.0000000,0,0,0,0
755445455501291 D 1709,857283339,1000,2822,2822,4.3288941,0.03755,-1,-1,-1,0,0,0,136,1,1,0,0.0000000,0.0000000,0.0000000,0,0,0,0
755445456509625 D 1710,857284339,1000,2821,2821,4.3273602,-0.02407,-1,-1,-1,0,0,0,136,1,1,0,0.0000000,0.0000000,0.0000000,0,0,0,0
755445457714500 D 1711,857285339,1000,2822,2822,4.3288941,0.03702,-1,-1,-1,0,0,0,136,1,1,0,0.0000000,0.0000000,0.0000000,0,0,0,0
755445458735791 D 1712,857286339,1000,2821,2821,4.3273602,-0.02458,-1,-1,-1,0,0,0,136,1,1,0,0.0000000,0.0000000,0.0000000,0,0,0,0
755445459726750 D 1713,857287339,1000,2822,2822,4.3288941,0.03654,-1,-1,-1,0,0,0,136,1,1,0,0.0000000,0.0000000,0.0000000,0,0,0,0
755445460825875 D 1714,857288339,1000,2822,2822,4.3288941,0.03510,-1,-1,-1,0,0,0,136,1,1,0,0.0000000,0.0000000,0.0000000,0,0,0,0
755445461781208 D 1715,857289339,1000,2821,2821,4.3273602,-0.02642,-1,-1,-1,0,0,0,136,1,1,0,0.0000000,0.0000000,0.0000000,0,0,0,0
755445462748625 D 1716,857290339,1000,2821,2821,4.3273602,-0.02539,-1,-1,-1,0,0,0,136,1,1,0,0.0000000,0.0000000,0.0000000,0,0,0,0
755445463583000 D 1717,857291339,1000,2821,2821,4.3273602,-0.02439,-1,-1,-1,0,0,0,136,1,1,0,0.0000000,0.0000000,0.0000000,0,0,0,0
755445464506625 D 1718,857292339,1000,2821,2821,4.3273602,-0.02343,-1,-1,-1,0,0,0,136,1,1,0,0.0000000,0.0000000,0.0000000,0,0,0,0
755445465530583 D 1719,857293339,1000,2822,2822,4.3288941,0.03763,-1,-1,-1,0,0,0,136,1,1,0,0.0000000,0.0000000,0.0000000,0,0,0,0
755445466529625 D 1720,857294339,1000,2821,2821,4.3273602,-0.02399,-1,-1,-1,0,0,0,136,1,1,0,0.0000000,0.0000000,0.0000000,0,0,0,0
755445467504083 D 1721,857295339,1000,2822,2822,4.3288941,0.03710,-1,-1,-1,0,0,0,136,1,1,0,0.0000000,0.0000000,0.0000000,0,0,0,0
755445468509625 D 1722,857296339,1000,2821,2821,4.3273602,-0.02451,-1,-1,-1,0,0,0,136,1,1,0,0.0000000,0.0000000,0.0000000,0,0,0,0
755445469512833 D 1723,857297339,1000,2821,2821,4.3273602,-0.02354,-1,-1,-1,0,0,0,136,1,1,0,0.0000000,0.0000000,0.0000000,0,0,0,0
755445470511375 D 1724,857298339,1000,2821,2821,4.3273602,-0.02262,-1,-1,-1,0,0,0,136,1,1,0,0.0000000,0.0000000,0.0000000,0,0,0,0
755445471503250 D 1725,857299339,1000,2822,2822,4.3288941,0.03841,-1,-1,-1,0,0,0,136,1,1,0,0.0000000,0.0000000,0.0000000,0,0,0,0
755445472500833 D 1726,857300339,1000,2822,2822,4.3288941,0.03691,-1,-1,-1,0,0,0,136,1,1,0,0.0000000,0.0000000,0.0000000,0,0,0,0
755445473528708 D 1727,857301339,1000,2822,2822,4.3288941,0.03546,-1,-1,-1,0,0,0,136,1,1,0,0.0000000,0.0000000,0.0000000,0,0,0,0
755445475029333 D 1728,857302339,1000,2821,2821,4.3273602,-0.02608,39,106,2076,0,0,0,136,1,1,0,0.0000000,0.0000000,0.0000000,0,0,0,0
755445475642125 D 1729,857303339,1000,2821,2821,4.3273602,-0.02506,-1,-1,-1,0,0,0,136,1,1,0,0.0000000,0.0000000,0.0000000,0,0,0,0
755445476524250 D 1730,857304339,1000,2822,2822,4.3288941,0.03608,-1,-1,-1,0,0,0,136,1,1,0,0.0000000,0.0000000,0.0000000,0,0,0,0
755445477521250 D 1731,857305339,1000,2821,2821,4.3273602,-0.02549,-1,-1,-1,0,0,0,136,1,1,0,0.0000000,0.0000000,0.0000000,0,0,0,0
755445478537125 D 1732,857306339,1000,2821,2821,4.3273602,-0.02449,-1,-1,-1,0,0,0,136,1,1,0,0.0000000,0.0000000,0.0000000,0,0,0,0
755445479508208 D 1733,857307339,1000,2821,2821,4.3273602,-0.02353,-1,-1,-1,0,0,0,136,1,1,0,0.0000000,0.0000000,0.0000000,0,0,0,0
755445480517833 D 1734,857308339,1000,2821,2821,4.3273602,-0.02261,-1,-1,-1,0,0,0,136,1,1,0,0.0000000,0.0000000,0.0000000,0,0,0,0
755445481515750 D 1735,857309339,1000,2821,2821,4.3273602,-0.02172,-1,-1,-1,0,0,0,136,1,1,0,0.0000000,0.0000000,0.0000000,0,0,0,0
755445482540833 D 1736,857310339,1000,2822,2822,4.3288941,0.03928,-1,-1,-1,0,0,0,136,1,1,0,0.0000000,0.0000000,0.0000000,0,0,0,0
755445483518541 D 1737,857311339,1000,2822,2822,4.3288941,0.03774,-1,-1,-1,0,0,0,136,1,1,0,0.0000000,0.0000000,0.0000000,0,0,0,0
755445484513375 D 1738,857312339,1000,2822,2822,4.3288941,0.03626,-1,-1,-1,0,0,0,136,1,1,0,0.0000000,0.0000000,0.0000000,0,0,0,0
755445485517958 D 1739,857313339,1000,2822,2822,4.3288941,0.03484,-1,-1,-1,0,0,0,136,1,1,0,0.0000000,0.0000000,0.0000000,0,0,0,0
755445486513125 D 1740,857314339,1000,2822,2822,4.3288941,0.03347,-1,-1,-1,0,0,0,136,1,1,0,0.0000000,0.0000000,0.0000000,0,0,0,0
755445487516166 D 1741,857315339,1000,2822,2822,4.3288941,0.03216,-1,-1,-1,0,0,0,136,1,1,0,0.0000000,0.0000000,0.0000000,0,0,0,0
755445488517833 D 1742,857316339,1000,2821,2821,4.3273602,-0.02925,-1,-1,-1,0,0,0,136,1,1,0,0.0000000,0.0000000,0.0000000,0,0,0,0
755445489552208 D 1743,857317339,1000,2822,2822,4.3288941,0.03205,-1,-1,-1,0,0,0,136,1,1,0,0.0000000,0.0000000,0.0000000,0,0,0,0
755445490675208 D 1744,857318339,1000,2822,2822,4.3288941,0.03079,-1,-1,-1,0,0,0,136,1,1,0,0.0000000,0.0000000,0.0000000,0,0,0,0
755445491663708 D 1745,857319339,1000,2821,2821,4.3273602,-0.03057,-1,-1,-1,0,0,0,136,1,1,0,0.0000000,0.0000000,0.0000000,0,0,0,0
755445492819916 D 1746,857320339,1000,2821,2821,4.3273602,-0.02937,-1,-1,-1,0,0,0,136,1,1,0,0.0000000,0.0000000,0.0000000,0,0,0,0
755445493814791 D 1747,857321339,1000,2821,2821,4.3273602,-0.02822,-1,-1,-1,0,0,0,136,1,1,0,0.0000000,0.0000000,0.0000000,0,0,0,0
755445494773291 D 1748,857322339,1000,2822,2822,4.3288941,0.03304,-1,-1,-1,0,0,0,136,1,1,0,0.0000000,0.0000000,0.0000000,0,0,0,0
755445495554833 D 1749,857323339,1000,2821,2821,4.3273602,-0.02840,-1,-1,-1,0,0,0,136,1,1,0,0.0000000,0.0000000,0.0000000,0,0,0,0
755445496765708 D 1750,857324339,1000,2821,2821,4.3273602,-0.02729,-1,-1,-1,0,0,0,136,1,1,0,0.0000000,0.0000000,0.0000000,0,0,0,0
755445497656625 D 1751,857325339,1000,2822,2822,4.3288941,0.03393,-1,-1,-1,0,0,0,136,1,1,0,0.0000000,0.0000000,0.0000000,0,0,0,0
755445498608375 D 1752,857326339,1000,2821,2821,4.3273602,-0.02755,-1,-1,-1,0,0,0,136,1,1,0,0.0000000,0.0000000,0.0000000,0,0,0,0
755445499569375 D 1753,857327339,1000,2821,2821,4.3273602,-0.02647,-1,-1,-1,0,0,0,136,1,1,0,0.0000000,0.0000000,0.0000000,0,0,0,0
755445500550250 D 1754,857328339,1000,2822,2822,4.3288941,0.03472,-1,-1,-1,0,0,0,136,1,1,0,0.0000000,0.0000000,0.0000000,0,0,0,0
755445501566333 D 1755,857329339,1000,2821,2821,4.3273602,-0.02679,-1,-1,-1,0,0,0,136,1,1,0,0.0000000,0.0000000,0.0000000,0,0,0,0
755445502555000 D 1756,857330339,1000,2821,2821,4.3273602,-0.02574,-1,-1,-1,0,0,0,136,1,1,0,0.0000000,0.0000000,0.0000000,0,0,0,0
755445503529916 D 1757,857331339,1000,2822,2822,4.3288941,0.03541,-1,-1,-1,0,0,0,136,1,1,0,0.0000000,0.0000000,0.0000000,0,0,0,0
755445504563041 D 1758,857332339,1000,2821,2821,4.3273602,-0.02612,-1,-1,-1,0,0,0,136,1,1,0,0.0000000,0.0000000,0.0000000,0,0,0,0
755445505578416 D 1759,857333339,1000,2821,2821,4.3273602,-0.02510,-1,-1,-1,0,0,0,136,1,1,0,0.0000000,0.0000000,0.0000000,0,0,0,0
755445506537416 D 1760,857334339,1000,2821,2821,4.3273602,-0.02411,-1,-1,-1,0,0,0,136,1,1,0,0.0000000,0.0000000,0.0000000,0,0,0,0
755445507524166 D 1761,857335339,1000,2822,2822,4.3288941,0.03698,-1,-1,-1,0,0,0,136,1,1,0,0.0000000,0.0000000,0.0000000,0,0,0,0
755445508517416 D 1762,857336339,1000,2822,2822,4.3288941,0.03553,-1,-1,-1,0,0,0,136,1,1,0,0.0000000,0.0000000,0.0000000,0,0,0,0
755445509522916 D 1763,857337339,1000,2822,2822,4.3288941,0.03414,-1,-1,-1,0,0,0,136,1,1,0,0.0000000,0.0000000,0.0000000,0,0,0,0
755445510514625 D 1764,857338339,1000,2822,2822,4.3288941,0.03280,-1,-1,-1,0,0,0,136,1,1,0,0.0000000,0.0000000,0.0000000,0,0,0,0
755445511516625 D 1765,857339339,1000,2822,2822,4.3288941,0.03151,-1,-1,-1,0,0,0,136,1,1,0,0.0000000,0.0000000,0.0000000,0,0,0,0
755445512516083 D 1766,857340339,1000,2822,2822,4.3288941,0.03028,-1,-1,-1,0,0,0,136,1,1,0,0.0000000,0.0000000,0.0000000,0,0,0,0
755445513578333 D 1767,857341339,1000,2822,2822,4.3288941,0.02909,-1,-1,-1,0,0,0,136,1,1,0,0.0000000,0.0000000,0.0000000,0,0,0,0
755445514546208 D 1768,857342339,1000,2822,2822,4.3288941,0.02795,-1,-1,-1,0,0,0,136,1,1,0,0.0000000,0.0000000,0.0000000,0,0,0,0
755445515529875 D 1769,857343339,1000,2822,2822,4.3288941,0.02685,-1,-1,-1,0,0,0,136,1,1,0,0.0000000,0.0000000,0.0000000,0,0,0,0
755445516538875 D 1770,857344339,1000,2822,2822,4.3288941,0.02580,-1,-1,-1,0,0,0,136,1,1,0,0.0000000,0.0000000,0.0000000,0,0,0,0
755445517529458 D 1771,857345339,1000,2822,2822,4.3288941,0.02479,-1,-1,-1,0,0,0,136,1,1,0,0.0000000,0.0000000,0.0000000,0,0,0,0
755445518514375 D 1772,857346339,1000,2822,2822,4.3288941,0.02382,-1,-1,-1,0,0,0,136,1,1,0,0.0000000,0.0000000,0.0000000,0,0,0,0
755445519513500 D 1773,857347339,1000,2822,2822,4.3288941,0.02288,-1,-1,-1,0,0,0,136,1,1,0,0.0000000,0.0000000,0.0000000,0,0,0,0
755445520537708 D 1774,857348339,1000,2821,2821,4.3273602,-0.03816,-1,-1,-1,0,0,0,136,1,1,0,0.0000000,0.0000000,0.0000000,0,0,0,0
755445521618333 D 1775,857349339,1000,2821,2821,4.3273602,-0.03667,-1,-1,-1,0,0,0,136,1,1,0,0.0000000,0.0000000,0.0000000,0,0,0,0
755445522643458 D 1776,857350339,1000,2822,2822,4.3288941,0.02492,-1,-1,-1,0,0,0,136,1,1,0,0.0000000,0.0000000,0.0000000,0,0,0,0
755445523626125 D 1777,857351339,1000,2822,2822,4.3288941,0.02394,-1,-1,-1,0,0,0,136,1,1,0,0.0000000,0.0000000,0.0000000,0,0,0,0
755445525300666 D 1778,857352339,1000,2822,2822,4.3288941,0.02300,39,106,2076,0,0,0,136,1,1,0,0.0000000,0.0000000,0.0000000,0,0,0,0
755445526204583 D 1779,857353339,1000,2822,2822,4.3288941,0.02210,-1,-1,-1,0,0,0,136,1,1,0,0.0000000,0.0000000,0.0000000,0,0,0,0
755445526934541 D 1780,857354339,1000,2821,2821,4.3273602,-0.03891,-1,-1,-1,0,0,0,136,1,1,0,0.0000000,0.0000000,0.0000000,0,0,0,0
755445527618000 D 1781,857355339,1000,2822,2822,4.3288941,0.02276,-1,-1,-1,0,0,0,136,1,1,0,0.0000000,0.0000000,0.0000000,0,0,0,0
755445528615208 D 1782,857356339,1000,2822,2822,4.3288941,0.02187,-1,-1,-1,0,0,0,136,1,1,0,0.0000000,0.0000000,0.0000000,0,0,0,0
755445529621375 D 1783,857357339,1000,2822,2822,4.3288941,0.02101,-1,-1,-1,0,0,0,136,1,1,0,0.0000000,0.0000000,0.0000000,0,0,0,0
755445530655875 D 1784,857358339,1000,2822,2822,4.3288941,0.02019,-1,-1,-1,0,0,0,136,1,1,0,0.0000000,0.0000000,0.0000000,0,0,0,0
755445531661291 D 1785,857359339,1000,2822,2822,4.3288941,0.01940,-1,-1,-1,0,0,0,136,1,1,0,0.0000000,0.0000000,0.0000000,0,0,0,0
755445532681958 D 1786,857360339,1000,2821,2821,4.3273602,-0.04151,-1,-1,-1,0,0,0,136,1,1,0,0.0000000,0.0000000,0.0000000,0,0,0,0
755445533651416 D 1787,857361339,1000,2821,2821,4.3273602,-0.03989,-1,-1,-1,0,0,0,136,1,1,0,0.0000000,0.0000000,0.0000000,0,0,0,0
755445534579041 D 1788,857362339,1000,2822,2822,4.3288941,0.02183,-1,-1,-1,0,0,0,136,1,1,0,0.0000000,0.0000000,0.0000000,0,0,0,0
755445535584416 D 1789,857363339,1000,2822,2822,4.3288941,0.02097,-1,-1,-1,0,0,0,136,1,1,0,0.0000000,0.0000000,0.0000000,0,0,0,0
755445536596500 D 1790,857364339,1000,2822,2822,4.3288941,0.02015,-1,-1,-1,0,0,0,136,1,1,0,0.0000000,0.0000000,0.0000000,0,0,0,0
755445537649958 D 1791,857365339,1000,2822,2822,4.3288941,0.01936,-1,-1,-1,0,0,0,136,1,1,0,0.0000000,0.0000000,0.0000000,0,0,0,0
755445538711833 D 1792,857366339,1000,2822,2822,4.3288941,0.01860,-1,-1,-1,0,0,0,136,1,1,0,0.0000000,0.0000000,0.0000000,0,0,0,0
755445539721750 D 1793,857367339,1000,2822,2822,4.3288941,0.01787,-1,-1,-1,0,0,0,136,1,1,0,0.0000000,0.0000000,0.0000000,0,0,0,0
755445540680541 D 1794,857368339,1000,2822,2822,4.3288941,0.01717,-1,-1,-1,0,0,0,136,1,1,0,0.0000000,0.0000000,0.0000000,0,0,0,0
755445541722166 D 1795,857369339,1000,2821,2821,4.3273602,-0.04365,-1,-1,-1,0,0,0,136,1,1,0,0.0000000,0.0000000,0.0000000,0,0,0,0
755445542760750 D 1796,857370339,1000,2822,2822,4.3288941,0.01821,-1,-1,-1,0,0,0,136,1,1,0,0.0000000,0.0000000,0.0000000,0,0,0,0
755445543736583 D 1797,857371339,1000,2821,2821,4.3273602,-0.04265,-1,-1,-1,0,0,0,136,1,1,0,0.0000000,0.0000000,0.0000000,0,0,0,0
755445544882125 D 1798,857372339,1000,2822,2822,4.3288941,0.01917,-1,-1,-1,0,0,0,136,1,1,0,0.0000000,0.0000000,0.0000000,0,0,0,0
755445545760375 D 1799,857373339,1000,2821,2821,4.3273602,-0.04173,-1,-1,-1,0,0,0,136,1,1,0,0.0000000,0.0000000,0.0000000,0,0,0,0
755445546699208 D 1800,857374339,1000,2821,2821,4.3273602,-0.04010,-1,-1,-1,0,0,0,136,1,1,0,0.0000000,0.0000000,0.0000000,0,0,0,0
755445547686250 D 1801,857375339,1000,2821,2821,4.3273602,-0.03852,-1,-1,-1,0,0,0,136,1,1,0,0.0000000,0.0000000,0.0000000,0,0,0,0
755445548696458 D 1802,857376339,1000,2821,2821,4.3273602,-0.03701,-1,-1,-1,0,0,0,136,1,1,0,0.0000000,0.0000000,0.0000000,0,0,0,0
755445549645375 D 1803,857377339,1000,2822,2822,4.3288941,0.02459,-1,-1,-1,0,0,0,136,1,1,0,0.0000000,0.0000000,0.0000000,0,0,0,0
755445550747000 D 1804,857378339,1000,2822,2822,4.3288941,0.02362,-1,-1,-1,0,0,0,136,1,1,0,0.0000000,0.0000000,0.0000000,0,0,0,0
755445551811750 D 1805,857379339,1000,2822,2822,4.3288941,0.02270,-1,-1,-1,0,0,0,136,1,1,0,0.0000000,0.0000000,0.0000000,0,0,0,0
755445552661708 D 1806,857380339,1000,2822,2822,4.3288941,0.02181,-1,-1,-1,0,0,0,136,1,1,0,0.0000000,0.0000000,0.0000000,0,0,0,0
755445553549333 D 1807,857381339,1000,2821,2821,4.3273602,-0.03920,-1,-1,-1,0,0,0,136,1,1,0,0.0000000,0.0000000,0.0000000,0,0,0,0
755445554589625 D 1808,857382339,1000,2821,2821,4.3273602,-0.03766,-1,-1,-1,0,0,0,136,1,1,0,0.0000000,0.0000000,0.0000000,0,0,0,0
755445555610625 D 1809,857383339,1000,2822,2822,4.3288941,0.02396,-1,-1,-1,0,0,0,136,1,1,0,0.0000000,0.0000000,0.0000000,0,0,0,0
755445556476000 D 1810,857384339,1000,2822,2822,4.3288941,0.02302,-1,-1,-1,0,0,0,136,1,1,0,0.0000000,0.0000000,0.0000000,0,0,0,0
755445557595250 D 1811,857385339,1000,2822,2822,4.3288941,0.02212,-1,-1,-1,0,0,0,136,1,1,0,0.0000000,0.0000000,0.0000000,0,0,0,0
755445558462333 D 1812,857386339,1000,2822,2822,4.3288941,0.02125,-1,-1,-1,0,0,0,136,1,1,0,0.0000000,0.0000000,0.0000000,0,0,0,0
755445559548458 D 1813,857387339,1000,2822,2822,4.3288941,0.02042,-1,-1,-1,0,0,0,136,1,1,0,0.0000000,0.0000000,0.0000000,0,0,0,0
755445560573791 D 1814,857388339,1000,2822,2822,4.3288941,0.01962,-1,-1,-1,0,0,0,136,1,1,0,0.0000000,0.0000000,0.0000000,0,0,0,0
755445561572041 D 1815,857389339,1000,2821,2821,4.3273602,-0.04130,-1,-1,-1,0,0,0,136,1,1,0,0.0000000,0.0000000,0.0000000,0,0,0,0
755445562497416 D 1816,857390339,1000,2822,2822,4.3288941,0.02047,-1,-1,-1,0,0,0,136,1,1,0,0.0000000,0.0000000,0.0000000,0,0,0,0
755445563549458 D 1817,857391339,1000,2822,2822,4.3288941,0.01967,-1,-1,-1,0,0,0,136,1,1,0,0.0000000,0.0000000,0.0000000,0,0,0,0
755445564482458 D 1818,857392339,1000,2821,2821,4.3273602,-0.04125,-1,-1,-1,0,0,0,136,1,1,0,0.0000000,0.0000000,0.0000000,0,0,0,0
755445565625000 D 1819,857393339,1000,2822,2822,4.3288941,0.02051,-1,-1,-1,0,0,0,136,1,1,0,0.0000000,0.0000000,0.0000000,0,0,0,0
755445566606500 D 1820,857394339,1000,2822,2822,4.3288941,0.01971,-1,-1,-1,0,0,0,136,1,1,0,0.0000000,0.0000000,0.0000000,0,0,0,0
755445567626041 D 1821,857395339,1000,2822,2822,4.3288941,0.01894,-1,-1,-1,0,0,0,136,1,1,0,0.0000000,0.0000000,0.0000000,0,0,0,0
755445568584541 D 1822,857396339,1000,2822,2822,4.3288941,0.01819,-1,-1,-1,0,0,0,136,1,1,0,0.0000000,0.0000000,0.0000000,0,0,0,0
755445569626791 D 1823,857397339,1000,2822,2822,4.3288941,0.01748,-1,-1,-1,0,0,0,136,1,1,0,0.0000000,0.0000000,0.0000000,0,0,0,0
755445570663083 D 1824,857398339,1000,2821,2821,4.3273602,-0.04335,-1,-1,-1,0,0,0,136,1,1,0,0.0000000,0.0000000,0.0000000,0,0,0,0
755445571653666 D 1825,857399339,1000,2821,2821,4.3273602,-0.04165,-1,-1,-1,0,0,0,136,1,1,0,0.0000000,0.0000000,0.0000000,0,0,0,0
755445572556000 D 1826,857400339,1000,2821,2821,4.3273602,-0.04002,-1,-1,-1,0,0,0,136,1,1,0,0.0000000,0.0000000,0.0000000,0,0,0,0
755445573570791 D 1827,857401339,1000,2822,2822,4.3288941,0.02170,-1,-1,-1,0,0,0,136,1,1,0,0.0000000,0.0000000,0.0000000,0,0,0,0
755445575152333 D 1828,857402339,1000,2822,2822,4.3288941,0.02085,39,106,2076,0,0,0,136,1,1,0,0.0000000,0.0000000,0.0000000,0,0,0,0
755445575910208 D 1829,857403339,1000,2822,2822,4.3288941,0.02003,-1,-1,-1,0,0,0,136,1,1,0,0.0000000,0.0000000,0.0000000,0,0,0,0
755445576684791 D 1830,857404339,1000,2822,2822,4.3288941,0.01924,-1,-1,-1,0,0,0,136,1,1,0,0.0000000,0.0000000,0.0000000,0,0,0,0
755445577616500 D 1831,857405339,1000,2822,2822,4.3288941,0.01849,-1,-1,-1,0,0,0,136,1,1,0,0.0000000,0.0000000,0.0000000,0,0,0,0
755445578540333 D 1832,857406339,1000,2821,2821,4.3273602,-0.04238,-1,-1,-1,0,0,0,136,1,1,0,0.0000000,0.0000000,0.0000000,0,0,0,0
755445579528625 D 1833,857407339,1000,2822,2822,4.3288941,0.01943,-1,-1,-1,0,0,0,136,1,1,0,0.0000000,0.0000000,0.0000000,0,0,0,0
755445580591666 D 1834,857408339,1000,2822,2822,4.3288941,0.01866,-1,-1,-1,0,0,0,136,1,1,0,0.0000000,0.0000000,0.0000000,0,0,0,0
755445581522041 D 1835,857409339,1000,2821,2821,4.3273602,-0.04222,-1,-1,-1,0,0,0,136,1,1,0,0.0000000,0.0000000,0.0000000,0,0,0,0
755445582558583 D 1836,857410339,1000,2821,2821,4.3273602,-0.04056,-1,-1,-1,0,0,0,136,1,1,0,0.0000000,0.0000000,0.0000000,0,0,0,0
755445583551041 D 1837,857411339,1000,2822,2822,4.3288941,0.02118,-1,-1,-1,0,0,0,136,1,1,0,0.0000000,0.0000000,0.0000000,0,0,0,0
755445584545875 D 1838,857412339,1000,2822,2822,4.3288941,0.02035,-1,-1,-1,0,0,0,136,1,1,0,0.0000000,0.0000000,0.0000000,0,0,0,0
755445585554958 D 1839,857413339,1000,2822,2822,4.3288941,0.01955,-1,-1,-1,0,0,0,136,1,1,0,0.0000000,0.0000000,0.0000000,0,0,0,0
755445586541333 D 1840,857414339,1000,2822,2822,4.3288941,0.01878,-1,-1,-1,0,0,0,136,1,1,0,0.0000000,0.0000000,0.0000000,0,0,0,0
755445587566958 D 1841,857415339,1000,2822,2822,4.3288941,0.01805,-1,-1,-1,0,0,0,136,1,1,0,0.0000000,0.0000000,0.0000000,0,0,0,0
755445588613166 D 1842,857416339,1000,2822,2822,4.3288941,0.01734,-1,-1,-1,0,0,0,136,1,1,0,0.0000000,0.0000000,0.0000000,0,0,0,0
755445589517166 D 1843,857417339,1000,2822,2822,4.3288941,0.01666,-1,-1,-1,0,0,0,136,1,1,0,0.0000000,0.0000000,0.0000000,0,0,0,0
755445590493166 D 1844,857418339,1000,2822,2822,4.3288941,0.01601,-1,-1,-1,0,0,0,136,1,1,0,0.0000000,0.0000000,0.0000000,0,0,0,0
755445591505000 D 1845,857419339,1000,2822,2822,4.3288941,0.01538,-1,-1,-1,0,0,0,136,1,1,0,0.0000000,0.0000000,0.0000000,0,0,0,0
755445592531833 D 1846,857420339,1000,2822,2822,4.3288941,0.01478,-1,-1,-1,0,0,0,136,1,1,0,0.0000000,0.0000000,0.0000000,0,0,0,0
755445593511083 D 1847,857421339,1000,2822,2822,4.3288941,0.01420,-1,-1,-1,0,0,0,136,1,1,0,0.0000000,0.0000000,0.0000000,0,0,0,0
755445594493583 D 1848,857422339,1000,2822,2822,4.3288941,0.01364,-1,-1,-1,0,0,0,136,1,1,0,0.0000000,0.0000000,0.0000000,0,0,0,0
755445595531000 D 1849,857423339,1000,2822,2822,4.3288941,0.01310,-1,-1,-1,0,0,0,136,1,1,0,0.0000000,0.0000000,0.0000000,0,0,0,0
755445596565541 D 1850,857424339,1000,2821,2821,4.3273602,-0.04756,-1,-1,-1,0,0,0,136,1,1,0,0.0000000,0.0000000,0.0000000,0,0,0,0
755445597581416 D 1851,857425339,1000,2822,2822,4.3288941,0.01446,-1,-1,-1,0,0,0,136,1,1,0,0.0000000,0.0000000,0.0000000,0,0,0,0
755445598567500 D 1852,857426339,1000,2821,2821,4.3273602,-0.04626,-1,-1,-1,0,0,0,136,1,1,0,0.0000000,0.0000000,0.0000000,0,0,0,0
755445599577500 D 1853,857427339,1000,2822,2822,4.3288941,0.01570,-1,-1,-1,0,0,0,136,1,1,0,0.0000000,0.0000000,0.0000000,0,0,0,0
755445600410083 D 1854,857428339,1000,2821,2821,4.3273602,-0.04506,-1,-1,-1,0,0,0,136,1,1,0,0.0000000,0.0000000,0.0000000,0,0,0,0
755445601586208 D 1855,857429339,1000,2821,2821,4.3273602,-0.04329,-1,-1,-1,0,0,0,136,1,1,0,0.0000000,0.0000000,0.0000000,0,0,0,0
755445602600083 D 1856,857430339,1000,2822,2822,4.3288941,0.01855,-1,-1,-1,0,0,0,136,1,1,0,0.0000000,0.0000000,0.0000000,0,0,0,0
755445603536666 D 1857,857431339,1000,2821,2821,4.3273602,-0.04232,-1,-1,-1,0,0,0,136,1,1,0,0.0000000,0.0000000,0.0000000,0,0,0,0
755445604527458 D 1858,857432339,1000,2821,2821,4.3273602,-0.04066,-1,-1,-1,0,0,0,136,1,1,0,0.0000000,0.0000000,0.0000000,0,0,0,0
755445605511291 D 1859,857433339,1000,2822,2822,4.3288941,0.02108,-1,-1,-1,0,0,0,136,1,1,0,0.0000000,0.0000000,0.0000000,0,0,0,0
755445606509041 D 1860,857434339,1000,2822,2822,4.3288941,0.02025,-1,-1,-1,0,0,0,136,1,1,0,0.0000000,0.0000000,0.0000000,0,0,0,0
755445607506333 D 1861,857435339,1000,2822,2822,4.3288941,0.01946,-1,-1,-1,0,0,0,135,1,1,0,0.0000000,0.0000000,0.0000000,0,0,0,0
755445608554458 D 1862,857436339,1000,2821,2821,4.3273602,-0.04145,-1,-1,-1,0,0,0,136,1,1,0,0.0000000,0.0000000,0.0000000,0,0,0,0
755445609518458 D 1863,857437339,1000,2821,2821,4.3273602,-0.03983,-1,-1,-1,0,0,0,136,1,1,0,0.0000000,0.0000000,0.0000000,0,0,0,0
755445610499583 D 1864,857438339,1000,2822,2822,4.3288941,0.02188,-1,-1,-1,0,0,0,136,1,1,0,0.0000000,0.0000000,0.0000000,0,0,0,0
755445611508375 D 1865,857439339,1000,2822,2822,4.3288941,0.02102,-1,-1,-1,0,0,0,136,1,1,0,0.0000000,0.0000000,0.0000000,0,0,0,0
755445612521875 D 1866,857440339,1000,2822,2822,4.3288941,0.02020,-1,-1,-1,0,0,0,136,1,1,0,0.0000000,0.0000000,0.0000000,0,0,0,0
755445613510208 D 1867,857441339,1000,2822,2822,4.3288941,0.01941,-1,-1,-1,0,0,0,136,1,1,0,0.0000000,0.0000000,0.0000000,0,0,0,0
755445614513500 D 1868,857442339,1000,2821,2821,4.3273602,-0.04150,-1,-1,-1,0,0,0,136,1,1,0,0.0000000,0.0000000,0.0000000,0,0,0,0
755445615510125 D 1869,857443339,1000,2821,2821,4.3273602,-0.03987,-1,-1,-1,0,0,0,136,1,1,0,0.0000000,0.0000000,0.0000000,0,0,0,0
755445616508458 D 1870,857444339,1000,2822,2822,4.3288941,0.02184,-1,-1,-1,0,0,0,136,1,1,0,0.0000000,0.0000000,0.0000000,0,0,0,0
755445617499916 D 1871,857445339,1000,2822,2822,4.3288941,0.02098,-1,-1,-1,0,0,0,136,1,1,0,0.0000000,0.0000000,0.0000000,0,0,0,0
755445618504666 D 1872,857446339,1000,2822,2822,4.3288941,0.02016,-1,-1,-1,0,0,0,136,1,1,0,0.0000000,0.0000000,0.0000000,0,0,0,0
755445619499125 D 1873,857447339,1000,2822,2822,4.3288941,0.01937,-1,-1,-1,0,0,0,136,1,1,0,0.0000000,0.0000000,0.0000000,0,0,0,0
755445620527541 D 1874,857448339,1000,2822,2822,4.3288941,0.01861,-1,-1,-1,0,0,0,136,1,1,0,0.0000000,0.0000000,0.0000000,0,0,0,0
755445621524375 D 1875,857449339,1000,2822,2822,4.3288941,0.01788,-1,-1,-1,0,0,0,135,1,1,0,0.0000000,0.0000000,0.0000000,0,0,0,0
755445622536916 D 1876,857450339,1000,2821,2821,4.3273602,-0.04297,-1,-1,-1,0,0,0,136,1,1,0,0.0000000,0.0000000,0.0000000,0,0,0,0
755445623544625 D 1877,857451339,1000,2822,2822,4.3288941,0.01886,-1,-1,-1,0,0,0,136,1,1,0,0.0000000,0.0000000,0.0000000,0,0,0,0
755445624928291 D 1878,857452339,1000,2822,2822,4.3288941,0.01812,39,106,2076,0,0,0,136,1,1,0,0.0000000,0.0000000,0.0000000,0,0,0,0
755445625552500 D 1879,857453339,1000,2821,2821,4.3273602,-0.04274,-1,-1,-1,0,0,0,136,1,1,0,0.0000000,0.0000000,0.0000000,0,0,0,0
755445626533791 D 1880,857454339,1000,2821,2821,4.3273602,-0.04106,-1,-1,-1,0,0,0,136,1,1,0,0.0000000,0.0000000,0.0000000,0,0,0,0
755445627548000 D 1881,857455339,1000,2822,2822,4.3288941,0.02070,-1,-1,-1,0,0,0,136,1,1,0,0.0000000,0.0000000,0.0000000,0,0,0,0
755445628642708 D 1882,857456339,1000,2822,2822,4.3288941,0.01989,-1,-1,-1,0,0,0,136,1,1,0,0.0000000,0.0000000,0.0000000,0,0,0,0
755445629621375 D 1883,857457339,1000,2822,2822,4.3288941,0.01911,-1,-1,-1,0,0,0,136,1,1,0,0.0000000,0.0000000,0.0000000,0,0,0,0
755445630612041 D 1884,857458339,1000,2821,2821,4.3273602,-0.04179,-1,-1,-1,0,0,0,136,1,1,0,0.0000000,0.0000000,0.0000000,0,0,0,0
755445631597875 D 1885,857459339,1000,2822,2822,4.3288941,0.02000,-1,-1,-1,0,0,0,136,1,1,0,0.0000000,0.0000000,0.0000000,0,0,0,0
755445632515958 D 1886,857460339,1000,2822,2822,4.3288941,0.01921,-1,-1,-1,0,0,0,136,1,1,0,0.0000000,0.0000000,0.0000000,0,0,0,0
755445633529750 D 1887,857461339,1000,2821,2821,4.3273602,-0.04169,-1,-1,-1,0,0,0,136,1,1,0,0.0000000,0.0000000,0.0000000,0,0,0,0
755445634522375 D 1888,857462339,1000,2821,2821,4.3273602,-0.04005,-1,-1,-1,0,0,0,136,1,1,0,0.0000000,0.0000000,0.0000000,0,0,0,0
755445635516208 D 1889,857463339,1000,2821,2821,4.3273602,-0.03848,-1,-1,-1,0,0,0,136,1,1,0,0.0000000,0.0000000,0.0000000,0,0,0,0
755445636516333 D 1890,857464339,1000,2822,2822,4.3288941,0.02317,-1,-1,-1,0,0,0,136,1,1,0,0.0000000,0.0000000,0.0000000,0,0,0,0
755445637514458 D 1891,857465339,1000,2822,2822,4.3288941,0.02226,-1,-1,-1,0,0,0,136,1,1,0,0.0000000,0.0000000,0.0000000,0,0,0,0
755445638744458 D 1892,857466339,1000,2822,2822,4.3288941,0.02139,-1,-1,-1,0,0,0,136,1,1,0,0.0000000,0.0000000,0.0000000,0,0,0,0
755445639774541 D 1893,857467339,1000,2822,2822,4.3288941,0.02055,-1,-1,-1,0,0,0,136,1,1,0,0.0000000,0.0000000,0.0000000,0,0,0,0
755445640794083 D 1894,857468339,1000,2822,2822,4.3288941,0.01975,-1,-1,-1,0,0,0,136,1,1,0,0.0000000,0.0000000,0.0000000,0,0,0,0
755445641607000 D 1895,857469339,1000,2822,2822,4.3288941,0.01897,-1,-1,-1,0,0,0,136,1,1,0,0.0000000,0.0000000,0.0000000,0,0,0,0
755445642644666 D 1896,857470339,1000,2821,2821,4.3273602,-0.04192,-1,-1,-1,0,0,0,136,1,1,0,0.0000000,0.0000000,0.0000000,0,0,0,0
755445643578875 D 1897,857471339,1000,2822,2822,4.3288941,0.01987,-1,-1,-1,0,0,0,136,1,1,0,0.0000000,0.0000000,0.0000000,0,0,0,0
755445644602208 D 1898,857472339,1000,2822,2822,4.3288941,0.01909,-1,-1,-1,0,0,0,136,1,1,0,0.0000000,0.0000000,0.0000000,0,0,0,0
755445645566791 D 1899,857473339,1000,2822,2822,4.3288941,0.01834,-1,-1,-1,0,0,0,136,1,1,0,0.0000000,0.0000000,0.0000000,0,0,0,0
755445646565041 D 1900,857474339,1000,2822,2822,4.3288941,0.01763,-1,-1,-1,0,0,0,136,1,1,0,0.0000000,0.0000000,0.0000000,0,0,0,0
755445647626833 D 1901,857475339,1000,2822,2822,4.3288941,0.01693,-1,-1,-1,0,0,0,136,1,1,0,0.0000000,0.0000000,0.0000000,0,0,0,0
755445648566083 D 1902,857476339,1000,2822,2822,4.3288941,0.01627,-1,-1,-1,0,0,0,136,1,1,0,0.0000000,0.0000000,0.0000000,0,0,0,0
755445649564750 D 1903,857477339,1000,2821,2821,4.3273602,-0.04452,-1,-1,-1,0,0,0,136,1,1,0,0.0000000,0.0000000,0.0000000,0,0,0,0
755445650556583 D 1904,857478339,1000,2822,2822,4.3288941,0.01738,-1,-1,-1,0,0,0,136,1,1,0,0.0000000,0.0000000,0.0000000,0,0,0,0
755445651523000 D 1905,857479339,1000,2822,2822,4.3288941,0.01670,-1,-1,-1,0,0,0,136,1,1,0,0.0000000,0.0000000,0.0000000,0,0,0,0
755445652544250 D 1906,857480339,1000,2822,2822,4.3288941,0.01604,-1,-1,-1,0,0,0,136,1,1,0,0.0000000,0.0000000,0.0000000,0,0,0,0
755445653525916 D 1907,857481339,1000,2821,2821,4.3273602,-0.04474,-1,-1,-1,0,0,0,136,1,1,0,0.0000000,0.0000000,0.0000000,0,0,0,0
755445654604500 D 1908,857482339,1000,2822,2822,4.3288941,0.01717,-1,-1,-1,0,0,0,136,1,1,0,0.0000000,0.0000000,0.0000000,0,0,0,0
755445655527708 D 1909,857483339,1000,2822,2822,4.3288941,0.01649,-1,-1,-1,0,0,0,136,1,1,0,0.0000000,0.0000000,0.0000000,0,0,0,0
755445656506791 D 1910,857484339,1000,2822,2822,4.3288941,0.01585,-1,-1,-1,0,0,0,136,1,1,0,0.0000000,0.0000000,0.0000000,0,0,0,0
755445657377958 D 1911,857485339,1000,2821,2821,4.3273602,-0.04492,-1,-1,-1,0,0,0,136,1,1,0,0.0000000,0.0000000,0.0000000,0,0,0,0
755445658375583 D 1912,857486339,1000,2821,2821,4.3273602,-0.04316,-1,-1,-1,0,0,0,136,1,1,0,0.0000000,0.0000000,0.0000000,0,0,0,0
755445659395375 D 1913,857487339,1000,2821,2821,4.3273602,-0.04147,-1,-1,-1,0,0,0,136,1,1,0,0.0000000,0.0000000,0.0000000,0,0,0,0
755445660354541 D 1914,857488339,1000,2821,2821,4.3273602,-0.03984,-1,-1,-1,0,0,0,136,1,1,0,0.0000000,0.0000000,0.0000000,0,0,0,0
755445661501916 D 1915,857489339,1000,2821,2821,4.3273602,-0.03828,-1,-1,-1,0,0,0,136,1,1,0,0.0000000,0.0000000,0.0000000,0,0,0,0
755445662504458 D 1916,857490339,1000,2821,2821,4.3273602,-0.03678,-1,-1,-1,0,0,0,136,1,1,0,0.0000000,0.0000000,0.0000000,0,0,0,0
755445663503541 D 1917,857491339,1000,2822,2822,4.3288941,0.02481,-1,-1,-1,0,0,0,136,1,1,0,0.0000000,0.0000000,0.0000000,0,0,0,0
755445664517291 D 1918,857492339,1000,2822,2822,4.3288941,0.02384,-1,-1,-1,0,0,0,136,1,1,0,0.0000000,0.0000000,0.0000000,0,0,0,0
755445665495416 D 1919,857493339,1000,2821,2821,4.3273602,-0.03725,-1,-1,-1,0,0,0,136,1,1,0,0.0000000,0.0000000,0.0000000,0,0,0,0
755445666518791 D 1920,857494339,1000,2821,2821,4.3273602,-0.03578,-1,-1,-1,0,0,0,136,1,1,0,0.0000000,0.0000000,0.0000000,0,0,0,0
755445667507916 D 1921,857495339,1000,2821,2821,4.3273602,-0.03438,-1,-1,-1,0,0,0,136,1,1,0,0.0000000,0.0000000,0.0000000,0,0,0,0
755445668742958 D 1922,857496339,1000,2822,2822,4.3288941,0.02711,-1,-1,-1,0,0,0,136,1,1,0,0.0000000,0.0000000,0.0000000,0,0,0,0
755445669715625 D 1923,857497339,1000,2822,2822,4.3288941,0.02605,-1,-1,-1,0,0,0,136,1,1,0,0.0000000,0.0000000,0.0000000,0,0,0,0
755445670752416 D 1924,857498339,1000,2822,2822,4.3288941,0.02503,-1,-1,-1,0,0,0,136,1,1,0,0.0000000,0.0000000,0.0000000,0,0,0,0
755445671527791 D 1925,857499339,1000,2822,2822,4.3288941,0.02405,-1,-1,-1,0,0,0,136,1,1,0,0.0000000,0.0000000,0.0000000,0,0,0,0
755445672501916 D 1926,857500339,1000,2822,2822,4.3288941,0.02311,-1,-1,-1,0,0,0,136,1,1,0,0.0000000,0.0000000,0.0000000,0,0,0,0
755445673494291 D 1927,857501339,1000,2822,2822,4.3288941,0.02220,-1,-1,-1,0,0,0,136,1,1,0,0.0000000,0.0000000,0.0000000,0,0,0,0
755445674947166 D 1928,857502339,1000,2822,2822,4.3288941,0.02133,39,106,2076,0,0,0,136,1,1,0,0.0000000,0.0000000,0.0000000,0,0,0,0
755445675567458 D 1929,857503339,1000,2821,2821,4.3273602,-0.03966,-1,-1,-1,0,0,0,136,1,1,0,0.0000000,0.0000000,0.0000000,0,0,0,0
755445676546250 D 1930,857504339,1000,2821,2821,4.3273602,-0.03810,-1,-1,-1,0,0,0,136,1,1,0,0.0000000,0.0000000,0.0000000,0,0,0,0
755445677548291 D 1931,857505339,1000,2821,2821,4.3273602,-0.03661,-1,-1,-1,0,0,0,136,1,1,0,0.0000000,0.0000000,0.0000000,0,0,0,0
755445678500708 D 1932,857506339,1000,2822,2822,4.3288941,0.02498,-1,-1,-1,0,0,0,136,1,1,0,0.0000000,0.0000000,0.0000000,0,0,0,0
755445679500125 D 1933,857507339,1000,2822,2822,4.3288941,0.02400,-1,-1,-1,0,0,0,136,1,1,0,0.0000000,0.0000000,0.0000000,0,0,0,0
755445680500208 D 1934,857508339,1000,2821,2821,4.3273602,-0.03709,-1,-1,-1,0,0,0,136,1,1,0,0.0000000,0.0000000,0.0000000,0,0,0,0
755445681496625 D 1935,857509339,1000,2821,2821,4.3273602,-0.03564,-1,-1,-1,0,0,0,136,1,1,0,0.0000000,0.0000000,0.0000000,0,0,0,0
755445682500166 D 1936,857510339,1000,2821,2821,4.3273602,-0.03424,-1,-1,-1,0,0,0,136,1,1,0,0.0000000,0.0000000,0.0000000,0,0,0,0
755445683501458 D 1937,857511339,1000,2822,2822,4.3288941,0.02725,-1,-1,-1,0,0,0,136,1,1,0,0.0000000,0.0000000,0.0000000,0,0,0,0
755445684506750 D 1938,857512339,1000,2822,2822,4.3288941,0.02618,-1,-1,-1,0,0,0,136,1,1,0,0.0000000,0.0000000,0.0000000,0,0,0,0
755445685508708 D 1939,857513339,1000,2821,2821,4.3273602,-0.03499,-1,-1,-1,0,0,0,136,1,1,0,0.0000000,0.0000000,0.0000000,0,0,0,0
755445686530500 D 1940,857514339,1000,2822,2822,4.3288941,0.02653,-1,-1,-1,0,0,0,136,1,1,0,0.0000000,0.0000000,0.0000000,0,0,0,0
755445687510583 D 1941,857515339,1000,2821,2821,4.3273602,-0.03466,-1,-1,-1,0,0,0,136,1,1,0,0.0000000,0.0000000,0.0000000,0,0,0,0
755445688510125 D 1942,857516339,1000,2821,2821,4.3273602,-0.03330,-1,-1,-1,0,0,0,136,1,1,0,0.0000000,0.0000000,0.0000000,0,0,0,0
755445689497666 D 1943,857517339,1000,2821,2821,4.3273602,-0.03200,-1,-1,-1,0,0,0,136,1,1,0,0.0000000,0.0000000,0.0000000,0,0,0,0
755445690498750 D 1944,857518339,1000,2822,2822,4.3288941,0.02941,-1,-1,-1,0,0,0,136,1,1,0,0.0000000,0.0000000,0.0000000,0,0,0,0
755445691500125 D 1945,857519339,1000,2822,2822,4.3288941,0.02825,-1,-1,-1,0,0,0,136,1,1,0,0.0000000,0.0000000,0.0000000,0,0,0,0
755445692502208 D 1946,857520339,1000,2821,2821,4.3273602,-0.03300,-1,-1,-1,0,0,0,136,1,1,0,0.0000000,0.0000000,0.0000000,0,0,0,0
755445693492000 D 1947,857521339,1000,2822,2822,4.3288941,0.02844,-1,-1,-1,0,0,0,136,1,1,0,0.0000000,0.0000000,0.0000000,0,0,0,0
755445694492250 D 1948,857522339,1000,2822,2822,4.3288941,0.02733,-1,-1,-1,0,0,0,136,1,1,0,0.0000000,0.0000000,0.0000000,0,0,0,0
755445695503000 D 1949,857523339,1000,2821,2821,4.3273602,-0.03389,-1,-1,-1,0,0,0,136,1,1,0,0.0000000,0.0000000,0.0000000,0,0,0,0
755445696718625 D 1950,857524339,1000,2822,2822,4.3288941,0.02758,-1,-1,-1,0,0,0,136,1,1,0,0.0000000,0.0000000,0.0000000,0,0,0,0
755445697726250 D 1951,857525339,1000,2821,2821,4.3273602,-0.03365,-1,-1,-1,0,0,0,136,1,1,0,0.0000000,0.0000000,0.0000000,0,0,0,0
755445698634958 D 1952,857526339,1000,2822,2822,4.3288941,0.02782,-1,-1,-1,0,0,0,136,1,1,0,0.0000000,0.0000000,0.0000000,0,0,0,0
755445699494666 D 1953,857527339,1000,2821,2821,4.3273602,-0.03342,-1,-1,-1,0,0,0,136,1,1,0,0.0000000,0.0000000,0.0000000,0,0,0,0
755445700496416 D 1954,857528339,1000,2822,2822,4.3288941,0.02804,-1,-1,-1,0,0,0,136,1,1,0,0.0000000,0.0000000,0.0000000,0,0,0,0
755445701516458 D 1955,857529339,1000,2821,2821,4.3273602,-0.03321,-1,-1,-1,0,0,0,136,1,1,0,0.0000000,0.0000000,0.0000000,0,0,0,0
755445702503250 D 1956,857530339,1000,2821,2821,4.3273602,-0.03191,-1,-1,-1,0,0,0,136,1,1,0,0.0000000,0.0000000,0.0000000,0,0,0,0
755445703495416 D 1957,857531339,1000,2821,2821,4.3273602,-0.03065,-1,-1,-1,0,0,0,136,1,1,0,0.0000000,0.0000000,0.0000000,0,0,0,0
755445704494500 D 1958,857532339,1000,2822,2822,4.3288941,0.03070,-1,-1,-1,0,0,0,136,1,1,0,0.0000000,0.0000000,0.0000000,0,0,0,0
755445705497791 D 1959,857533339,1000,2822,2822,4.3288941,0.02949,-1,-1,-1,0,0,0,136,1,1,0,0.0000000,0.0000000,0.0000000,0,0,0,0
755445706522875 D 1960,857534339,1000,2821,2821,4.3273602,-0.03181,-1,-1,-1,0,0,0,136,1,1,0,0.0000000,0.0000000,0.0000000,0,0,0,0
755445707497125 D 1961,857535339,1000,2822,2822,4.3288941,0.02958,-1,-1,-1,0,0,0,136,1,1,0,0.0000000,0.0000000,0.0000000,0,0,0,0
755445708725416 D 1962,857536339,1000,2821,2821,4.3273602,-0.03173,-1,-1,-1,0,0,0,136,1,1,0,0.0000000,0.0000000,0.0000000,0,0,0,0
755445709723541 D 1963,857537339,1000,2822,2822,4.3288941,0.02967,-1,-1,-1,0,0,0,136,1,1,0,0.0000000,0.0000000,0.0000000,0,0,0,0
755445710595750 D 1964,857538339,1000,2822,2822,4.3288941,0.02850,-1,-1,-1,0,0,0,136,1,1,0,0.0000000,0.0000000,0.0000000,0,0,0,0
755445711500416 D 1965,857539339,1000,2821,2821,4.3273602,-0.03276,-1,-1,-1,0,0,0,136,1,1,0,0.0000000,0.0000000,0.0000000,0,0,0,0
755445712505833 D 1966,857540339,1000,2822,2822,4.3288941,0.02867,-1,-1,-1,0,0,0,136,1,1,0,0.0000000,0.0000000,0.0000000,0,0,0,0
755445713727291 D 1967,857541339,1000,2821,2821,4.3273602,-0.03260,-1,-1,-1,0,0,0,136,1,1,0,0.0000000,0.0000000,0.0000000,0,0,0,0
755445714726416 D 1968,857542339,1000,2821,2821,4.3273602,-0.03132,-1,-1,-1,0,0,0,136,1,1,0,0.0000000,0.0000000,0.0000000,0,0,0,0
755445715733875 D 1969,857543339,1000,2821,2821,4.3273602,-0.03010,-1,-1,-1,0,0,0,136,1,1,0,0.0000000,0.0000000,0.0000000,0,0,0,0
755445716587875 D 1970,857544339,1000,2821,2821,4.3273602,-0.02892,-1,-1,-1,0,0,0,136,1,1,0,0.0000000,0.0000000,0.0000000,0,0,0,0
755445717514458 D 1971,857545339,1000,2821,2821,4.3273602,-0.02778,-1,-1,-1,0,0,0,136,1,1,0,0.0000000,0.0000000,0.0000000,0,0,0,0
755445718496458 D 1972,857546339,1000,2822,2822,4.3288941,0.03346,-1,-1,-1,0,0,0,136,1,1,0,0.0000000,0.0000000,0.0000000,0,0,0,0
755445719506208 D 1973,857547339,1000,2821,2821,4.3273602,-0.02800,-1,-1,-1,0,0,0,135,1,1,0,0.0000000,0.0000000,0.0000000,0,0,0,0
755445720506625 D 1974,857548339,1000,2821,2821,4.3273602,-0.02691,-1,-1,-1,0,0,0,136,1,1,0,0.0000000,0.0000000,0.0000000,0,0,0,0
755445721499083 D 1975,857549339,1000,2821,2821,4.3273602,-0.02585,-1,-1,-1,0,0,0,136,1,1,0,0.0000000,0.0000000,0.0000000,0,0,0,0
755445722497875 D 1976,857550339,1000,2821,2821,4.3273602,-0.02484,-1,-1,-1,0,0,0,136,1,1,0,0.0000000,0.0000000,0.0000000,0,0,0,0
755445723548333 D 1977,857551339,1000,2821,2821,4.3273602,-0.02386,-1,-1,-1,0,0,0,136,1,1,0,0.0000000,0.0000000,0.0000000,0,0,0,0
755445724870291 D 1978,857552339,1000,2822,2822,4.3288941,0.03722,39,106,2076,0,0,0,136,1,1,0,0.0000000,0.0000000,0.0000000,0,0,0,0
755445725691041 D 1979,857553339,1000,2822,2822,4.3288941,0.03576,-1,-1,-1,0,0,0,136,1,1,0,0.0000000,0.0000000,0.0000000,0,0,0,0
755445726733416 D 1980,857554339,1000,2822,2822,4.3288941,0.03436,-1,-1,-1,0,0,0,136,1,1,0,0.0000000,0.0000000,0.0000000,0,0,0,0
755445727731458 D 1981,857555339,1000,2822,2822,4.3288941,0.03301,-1,-1,-1,0,0,0,136,1,1,0,0.0000000,0.0000000,0.0000000,0,0,0,0
755445728765000 D 1982,857556339,1000,2821,2821,4.3273602,-0.02843,-1,-1,-1,0,0,0,136,1,1,0,0.0000000,0.0000000,0.0000000,0,0,0,0
755445729750625 D 1983,857557339,1000,2822,2822,4.3288941,0.03283,-1,-1,-1,0,0,0,136,1,1,0,0.0000000,0.0000000,0.0000000,0,0,0,0
755445730541750 D 1984,857558339,1000,2822,2822,4.3288941,0.03154,-1,-1,-1,0,0,0,136,1,1,0,0.0000000,0.0000000,0.0000000,0,0,0,0
755445731516000 D 1985,857559339,1000,2821,2821,4.3273602,-0.02984,-1,-1,-1,0,0,0,136,1,1,0,0.0000000,0.0000000,0.0000000,0,0,0,0
755445732535625 D 1986,857560339,1000,2821,2821,4.3273602,-0.02867,-1,-1,-1,0,0,0,136,1,1,0,0.0000000,0.0000000,0.0000000,0,0,0,0
755445733537625 D 1987,857561339,1000,2821,2821,4.3273602,-0.02755,-1,-1,-1,0,0,0,136,1,1,0,0.0000000,0.0000000,0.0000000,0,0,0,0
755445734524916 D 1988,857562339,1000,2822,2822,4.3288941,0.03368,-1,-1,-1,0,0,0,136,1,1,0,0.0000000,0.0000000,0.0000000,0,0,0,0
755445735513791 D 1989,857563339,1000,2821,2821,4.3273602,-0.02779,-1,-1,-1,0,0,0,136,1,1,0,0.0000000,0.0000000,0.0000000,0,0,0,0
755445736490208 D 1990,857564339,1000,2821,2821,4.3273602,-0.02670,-1,-1,-1,0,0,0,136,1,1,0,0.0000000,0.0000000,0.0000000,0,0,0,0
755445737509000 D 1991,857565339,1000,2821,2821,4.3273602,-0.02565,-1,-1,-1,0,0,0,136,1,1,0,0.0000000,0.0000000,0.0000000,0,0,0,0
755445738576791 D 1992,857566339,1000,2821,2821,4.3273602,-0.02464,-1,-1,-1,0,0,0,136,1,1,0,0.0000000,0.0000000,0.0000000,0,0,0,0
755445739605750 D 1993,857567339,1000,2821,2821,4.3273602,-0.02368,-1,-1,-1,0,0,0,136,1,1,0,0.0000000,0.0000000,0.0000000,0,0,0,0
755445740662666 D 1994,857568339,1000,2822,2822,4.3288941,0.03740,-1,-1,-1,0,0,0,136,1,1,0,0.0000000,0.0000000,0.0000000,0,0,0,0
755445741629625 D 1995,857569339,1000,2821,2821,4.3273602,-0.02422,-1,-1,-1,0,0,0,136,1,1,0,0.0000000,0.0000000,0.0000000,0,0,0,0
755445742568666 D 1996,857570339,1000,2821,2821,4.3273602,-0.02327,-1,-1,-1,0,0,0,136,1,1,0,0.0000000,0.0000000,0.0000000,0,0,0,0
755445743585291 D 1997,857571339,1000,2821,2821,4.3273602,-0.02235,-1,-1,-1,0,0,0,136,1,1,0,0.0000000,0.0000000,0.0000000,0,0,0,0
755445744558375 D 1998,857572339,1000,2821,2821,4.3273602,-0.02148,-1,-1,-1,0,0,0,136,1,1,0,0.0000000,0.0000000,0.0000000,0,0,0,0
755445745521375 D 1999,857573339,1000,2821,2821,4.3273602,-0.02064,-1,-1,-1,0,0,0,136,1,1,0,0.0000000,0.0000000,0.0000000,0,0,0,0
755445745868208 E 857573435 END host_stop 0 0 0
